Date,Open,High,Low,Close,Volume,Dividends,Stock Splits
2021-10-14 00:00:00-04:00,17.649999618530273,18.479999542236328,16.829999923706055,17.0,10702000,0.0,0.0
2021-10-15 00:00:00-04:00,17.110000610351562,17.790000915527344,16.5,16.690000534057617,3219500,0.0,0.0
2021-10-18 00:00:00-04:00,16.6299991607666,17.68000030517578,16.5,17.43000030517578,1582700,0.0,0.0
2021-10-19 00:00:00-04:00,17.5,17.6299991607666,16.84000015258789,17.0,779600,0.0,0.0
2021-10-20 00:00:00-04:00,17.0,17.479999542236328,16.81999969482422,17.190000534057617,412700,0.0,0.0
2021-10-21 00:00:00-04:00,17.139999389648438,17.299999237060547,17.010000228881836,17.079999923706055,267300,0.0,0.0
2021-10-22 00:00:00-04:00,17.219999313354492,17.360000610351562,17.020000457763672,17.170000076293945,291500,0.0,0.0
2021-10-25 00:00:00-04:00,17.200000762939453,17.270000457763672,17.0,17.030000686645508,405000,0.0,0.0
2021-10-26 00:00:00-04:00,17.010000228881836,17.149999618530273,16.5,16.75,552700,0.0,0.0
2021-10-27 00:00:00-04:00,16.65999984741211,16.84000015258789,16.399999618530273,16.549999237060547,451200,0.0,0.0
2021-10-28 00:00:00-04:00,16.559999465942383,16.670000076293945,16.40999984741211,16.520000457763672,225000,0.0,0.0
2021-10-29 00:00:00-04:00,16.420000076293945,16.920000076293945,16.420000076293945,16.81999969482422,95500,0.0,0.0
2021-11-01 00:00:00-04:00,16.8799991607666,17.19499969482422,16.520000457763672,16.65999984741211,195500,0.0,0.0
2021-11-02 00:00:00-04:00,16.530000686645508,16.799999237060547,16.25,16.399999618530273,180400,0.0,0.0
2021-11-03 00:00:00-04:00,16.559999465942383,16.559999465942383,16.040000915527344,16.43000030517578,310900,0.0,0.0
2021-11-04 00:00:00-04:00,16.43000030517578,16.530000686645508,16.030000686645508,16.360000610351562,98400,0.0,0.0
2021-11-05 00:00:00-04:00,16.350000381469727,16.479999542236328,16.229999542236328,16.31999969482422,217800,0.0,0.0
2021-11-08 00:00:00-05:00,17.0,17.089000701904297,16.1299991607666,16.299999237060547,539900,0.0,0.0
2021-11-09 00:00:00-05:00,16.350000381469727,16.5,16.25,16.450000762939453,298200,0.0,0.0
2021-11-10 00:00:00-05:00,16.450000762939453,16.59000015258789,15.5,15.5,550000,0.0,0.0
2021-11-11 00:00:00-05:00,15.539999961853027,15.949999809265137,15.109999656677246,15.90999984741211,551900,0.0,0.0
2021-11-12 00:00:00-05:00,15.90999984741211,16.229999542236328,15.79699993133545,16.15999984741211,184300,0.0,0.0
2021-11-15 00:00:00-05:00,16.15999984741211,16.290000915527344,15.5,15.680000305175781,363100,0.0,0.0
2021-11-16 00:00:00-05:00,15.5,16.1299991607666,15.470000267028809,15.75,498700,0.0,0.0
2021-11-17 00:00:00-05:00,15.770000457763672,16.170000076293945,15.414999961853027,15.680000305175781,231500,0.0,0.0
2021-11-18 00:00:00-05:00,16.290000915527344,16.350000381469727,15.600000381469727,15.609999656677246,209100,0.0,0.0
2021-11-19 00:00:00-05:00,15.600000381469727,15.630000114440918,15.0,15.010000228881836,333100,0.0,0.0
2021-11-22 00:00:00-05:00,15.010000228881836,15.239999771118164,14.5,14.90999984741211,184800,0.0,0.0
2021-11-23 00:00:00-05:00,14.819999694824219,15.680000305175781,14.5,15.539999961853027,388600,0.0,0.0
2021-11-24 00:00:00-05:00,15.539999961853027,15.779999732971191,14.699999809265137,14.930000305175781,318800,0.0,0.0
2021-11-26 00:00:00-05:00,14.569999694824219,14.819999694824219,14.039999961853027,14.420000076293945,232200,0.0,0.0
2021-11-29 00:00:00-05:00,14.5,14.550000190734863,13.760000228881836,14.039999961853027,433300,0.0,0.0
2021-11-30 00:00:00-05:00,14.0600004196167,14.0600004196167,13.180000305175781,13.489999771118164,506900,0.0,0.0
2021-12-01 00:00:00-05:00,13.569999694824219,13.949999809265137,13.220000267028809,13.3100004196167,471100,0.0,0.0
2021-12-02 00:00:00-05:00,13.319999694824219,13.548999786376953,13.100000381469727,13.430000305175781,309900,0.0,0.0
2021-12-03 00:00:00-05:00,13.40999984741211,13.479999542236328,12.819999694824219,13.140000343322754,434700,0.0,0.0
2021-12-06 00:00:00-05:00,13.329999923706055,13.989999771118164,13.0,13.420000076293945,213200,0.0,0.0
2021-12-07 00:00:00-05:00,13.75,13.979999542236328,13.300000190734863,13.460000038146973,433000,0.0,0.0
2021-12-08 00:00:00-05:00,13.869999885559082,13.869999885559082,13.270000457763672,13.399999618530273,287200,0.0,0.0
2021-12-09 00:00:00-05:00,13.4399995803833,13.550000190734863,13.029999732971191,13.130000114440918,161600,0.0,0.0
2021-12-10 00:00:00-05:00,13.170000076293945,13.270000457763672,12.720000267028809,12.979999542236328,173800,0.0,0.0
2021-12-13 00:00:00-05:00,12.979999542236328,13.279999732971191,12.899999618530273,12.979999542236328,267200,0.0,0.0
2021-12-14 00:00:00-05:00,12.930000305175781,13.036999702453613,12.34000015258789,12.800000190734863,247400,0.0,0.0
2021-12-15 00:00:00-05:00,12.630000114440918,13.010000228881836,12.609999656677246,12.899999618530273,315000,0.0,0.0
2021-12-16 00:00:00-05:00,12.869999885559082,13.100000381469727,12.8100004196167,13.020000457763672,220600,0.0,0.0
2021-12-17 00:00:00-05:00,13.039999961853027,13.085000038146973,12.5600004196167,12.930000305175781,1428400,0.0,0.0
2021-12-20 00:00:00-05:00,12.710000038146973,12.859999656677246,12.34000015258789,12.859999656677246,249200,0.0,0.0
2021-12-21 00:00:00-05:00,12.850000381469727,13.15999984741211,12.850000381469727,13.140000343322754,131900,0.0,0.0
2021-12-22 00:00:00-05:00,13.5,14.069999694824219,13.100000381469727,14.050000190734863,268000,0.0,0.0
2021-12-23 00:00:00-05:00,13.979999542236328,14.430000305175781,13.920000076293945,14.319999694824219,222100,0.0,0.0
2021-12-27 00:00:00-05:00,14.289999961853027,14.539999961853027,14.1899995803833,14.329999923706055,112800,0.0,0.0
2021-12-28 00:00:00-05:00,14.25,14.350000381469727,14.060999870300293,14.1899995803833,103200,0.0,0.0
2021-12-29 00:00:00-05:00,14.180000305175781,14.319999694824219,13.960000038146973,14.010000228881836,118200,0.0,0.0
2021-12-30 00:00:00-05:00,13.970000267028809,14.25,13.859999656677246,14.0600004196167,158500,0.0,0.0
2021-12-31 00:00:00-05:00,14.020000457763672,14.359999656677246,13.9399995803833,14.100000381469727,80900,0.0,0.0
2022-01-03 00:00:00-05:00,14.15999984741211,14.229999542236328,13.65999984741211,13.760000228881836,74100,0.0,0.0
2022-01-04 00:00:00-05:00,13.739999771118164,13.869999885559082,13.359999656677246,13.510000228881836,168700,0.0,0.0
2022-01-05 00:00:00-05:00,13.510000228881836,13.829999923706055,13.399999618530273,13.4399995803833,205800,0.0,0.0
2022-01-06 00:00:00-05:00,13.430000305175781,13.734999656677246,13.100000381469727,13.170000076293945,107300,0.0,0.0
2022-01-07 00:00:00-05:00,13.069999694824219,13.229999542236328,12.680000305175781,12.880000114440918,110500,0.0,0.0
2022-01-10 00:00:00-05:00,12.869999885559082,12.869999885559082,12.25,12.489999771118164,219800,0.0,0.0
2022-01-11 00:00:00-05:00,12.5,12.789999961853027,12.329999923706055,12.479999542236328,186900,0.0,0.0
2022-01-12 00:00:00-05:00,12.539999961853027,12.789999961853027,12.329999923706055,12.510000228881836,202000,0.0,0.0
2022-01-13 00:00:00-05:00,12.420000076293945,12.600000381469727,12.300000190734863,12.380000114440918,245000,0.0,0.0
2022-01-14 00:00:00-05:00,12.260000228881836,12.449999809265137,11.8100004196167,11.949999809265137,170100,0.0,0.0
2022-01-18 00:00:00-05:00,11.920000076293945,11.989999771118164,11.569999694824219,11.720000267028809,162100,0.0,0.0
2022-01-19 00:00:00-05:00,11.649999618530273,11.850000381469727,11.59000015258789,11.75,138900,0.0,0.0
2022-01-20 00:00:00-05:00,11.670000076293945,12.15999984741211,11.569999694824219,11.819999694824219,184800,0.0,0.0
2022-01-21 00:00:00-05:00,11.8100004196167,11.880000114440918,11.5,11.619999885559082,92500,0.0,0.0
2022-01-24 00:00:00-05:00,11.430000305175781,11.630000114440918,11.029999732971191,11.630000114440918,213500,0.0,0.0
2022-01-25 00:00:00-05:00,11.4399995803833,11.75,11.239999771118164,11.34000015258789,141700,0.0,0.0
2022-01-26 00:00:00-05:00,11.5,11.880000114440918,11.319999694824219,11.350000381469727,142800,0.0,0.0
2022-01-27 00:00:00-05:00,11.479999542236328,11.6899995803833,10.994999885559082,11.0,102500,0.0,0.0
2022-01-28 00:00:00-05:00,11.0,11.329999923706055,10.895000457763672,11.3100004196167,117400,0.0,0.0
2022-01-31 00:00:00-05:00,11.319999694824219,12.029999732971191,11.25,11.960000038146973,158300,0.0,0.0
2022-02-01 00:00:00-05:00,12.0,12.1899995803833,11.8100004196167,12.039999961853027,167800,0.0,0.0
2022-02-02 00:00:00-05:00,12.130000114440918,12.34000015258789,11.888999938964844,12.0,277600,0.0,0.0
2022-02-03 00:00:00-05:00,11.774999618530273,12.069999694824219,11.600000381469727,11.65999984741211,202200,0.0,0.0
2022-02-04 00:00:00-05:00,11.649999618530273,11.8100004196167,11.239999771118164,11.470000267028809,238600,0.0,0.0
2022-02-07 00:00:00-05:00,11.520000457763672,11.850000381469727,11.40999984741211,11.550000190734863,100400,0.0,0.0
2022-02-08 00:00:00-05:00,11.539999961853027,12.170000076293945,11.510000228881836,12.050000190734863,109600,0.0,0.0
2022-02-09 00:00:00-05:00,12.199999809265137,13.039999961853027,12.180000305175781,12.899999618530273,241700,0.0,0.0
2022-02-10 00:00:00-05:00,12.630000114440918,13.029999732971191,12.390000343322754,12.529999732971191,108700,0.0,0.0
2022-02-11 00:00:00-05:00,12.569999694824219,12.734999656677246,12.0,12.220000267028809,56600,0.0,0.0
2022-02-14 00:00:00-05:00,12.104000091552734,12.579999923706055,11.760000228881836,12.199999809265137,96800,0.0,0.0
2022-02-15 00:00:00-05:00,12.380000114440918,12.579999923706055,12.170000076293945,12.25,69500,0.0,0.0
2022-02-16 00:00:00-05:00,12.210000038146973,12.210000038146973,11.630000114440918,11.680000305175781,87400,0.0,0.0
2022-02-17 00:00:00-05:00,11.609999656677246,11.680000305175781,11.399999618530273,11.449999809265137,86100,0.0,0.0
2022-02-18 00:00:00-05:00,11.470000267028809,11.550000190734863,11.25,11.4399995803833,44300,0.0,0.0
2022-02-22 00:00:00-05:00,11.460000038146973,11.524999618530273,11.029999732971191,11.25,95200,0.0,0.0
2022-02-23 00:00:00-05:00,11.300000190734863,11.399999618530273,11.010000228881836,11.109999656677246,148000,0.0,0.0
2022-02-24 00:00:00-05:00,10.890000343322754,11.369999885559082,10.760000228881836,11.25,53800,0.0,0.0
2022-02-25 00:00:00-05:00,11.430000305175781,11.699999809265137,11.119999885559082,11.470000267028809,92400,0.0,0.0
2022-02-28 00:00:00-05:00,11.399999618530273,11.486000061035156,11.100000381469727,11.199999809265137,92200,0.0,0.0
2022-03-01 00:00:00-05:00,11.300000190734863,11.369999885559082,11.149999618530273,11.15999984741211,131900,0.0,0.0
2022-03-02 00:00:00-05:00,11.199999809265137,11.319999694824219,10.800000190734863,10.920000076293945,339500,0.0,0.0
2022-03-03 00:00:00-05:00,11.0,11.010000228881836,10.579999923706055,10.680000305175781,120200,0.0,0.0
2022-03-04 00:00:00-05:00,10.510000228881836,10.6899995803833,10.399999618530273,10.630000114440918,271000,0.0,0.0
2022-03-07 00:00:00-05:00,10.5600004196167,10.604999542236328,10.0600004196167,10.109999656677246,133900,0.0,0.0
2022-03-08 00:00:00-05:00,10.149999618530273,10.470000267028809,10.039999961853027,10.1899995803833,208700,0.0,0.0
2022-03-09 00:00:00-05:00,10.369999885559082,10.890000343322754,10.369999885559082,10.699999809265137,157300,0.0,0.0
2022-03-10 00:00:00-05:00,10.600000381469727,10.619999885559082,10.241000175476074,10.270000457763672,84200,0.0,0.0
2022-03-11 00:00:00-05:00,10.4399995803833,10.770000457763672,10.0600004196167,10.109999656677246,143900,0.0,0.0
2022-03-14 00:00:00-04:00,10.109999656677246,10.5,9.675000190734863,9.770000457763672,215900,0.0,0.0
2022-03-15 00:00:00-04:00,10.5,10.5,9.210000038146973,9.789999961853027,367500,0.0,0.0
2022-03-16 00:00:00-04:00,9.949999809265137,10.3100004196167,9.949999809265137,10.270000457763672,431800,0.0,0.0
2022-03-17 00:00:00-04:00,10.199999809265137,10.75,9.994999885559082,10.5,356200,0.0,0.0
2022-03-18 00:00:00-04:00,10.4399995803833,11.199999809265137,10.345000267028809,10.880000114440918,211600,0.0,0.0
2022-03-21 00:00:00-04:00,10.770000457763672,10.930000305175781,10.289999961853027,10.40999984741211,120700,0.0,0.0
2022-03-22 00:00:00-04:00,10.380000114440918,10.579999923706055,10.229999542236328,10.329999923706055,40200,0.0,0.0
2022-03-23 00:00:00-04:00,10.210000038146973,10.475000381469727,10.0600004196167,10.25,95100,0.0,0.0
2022-03-24 00:00:00-04:00,10.289999961853027,10.520000457763672,10.25,10.479999542236328,78100,0.0,0.0
2022-03-25 00:00:00-04:00,10.449999809265137,10.520000457763672,10.199999809265137,10.5,82300,0.0,0.0
2022-03-28 00:00:00-04:00,10.40999984741211,10.630000114440918,10.25,10.369999885559082,94800,0.0,0.0
2022-03-29 00:00:00-04:00,10.529999732971191,11.140000343322754,10.5,11.020000457763672,257900,0.0,0.0
2022-03-30 00:00:00-04:00,10.989999771118164,11.25,10.979999542236328,11.050000190734863,110400,0.0,0.0
2022-03-31 00:00:00-04:00,11.119999885559082,11.239999771118164,11.039999961853027,11.079999923706055,83500,0.0,0.0
2022-04-01 00:00:00-04:00,11.210000038146973,11.380000114440918,11.100000381469727,11.289999961853027,121300,0.0,0.0
2022-04-04 00:00:00-04:00,11.399999618530273,11.510000228881836,11.25,11.380000114440918,139000,0.0,0.0
2022-04-05 00:00:00-04:00,11.420000076293945,11.829999923706055,11.295000076293945,11.609999656677246,82200,0.0,0.0
2022-04-06 00:00:00-04:00,11.460000038146973,11.630000114440918,11.399999618530273,11.420000076293945,109000,0.0,0.0
2022-04-07 00:00:00-04:00,11.399999618530273,11.520000457763672,11.385000228881836,11.460000038146973,35900,0.0,0.0
2022-04-08 00:00:00-04:00,11.399999618530273,11.579999923706055,11.399999618530273,11.399999618530273,33400,0.0,0.0
2022-04-11 00:00:00-04:00,11.399999618530273,11.550000190734863,11.194000244140625,11.220000267028809,53800,0.0,0.0
2022-04-12 00:00:00-04:00,11.399999618530273,11.729999542236328,11.25,11.619999885559082,125900,0.0,0.0
2022-04-13 00:00:00-04:00,11.699999809265137,12.119999885559082,11.529999732971191,11.8100004196167,171300,0.0,0.0
2022-04-14 00:00:00-04:00,11.789999961853027,11.845000267028809,11.5600004196167,11.600000381469727,57600,0.0,0.0
2022-04-18 00:00:00-04:00,11.630000114440918,11.630000114440918,11.039999961853027,11.079999923706055,93400,0.0,0.0
2022-04-19 00:00:00-04:00,11.170000076293945,11.600000381469727,10.930000305175781,11.59000015258789,115400,0.0,0.0
2022-04-20 00:00:00-04:00,11.699999809265137,11.699999809265137,11.34000015258789,11.399999618530273,40200,0.0,0.0
2022-04-21 00:00:00-04:00,11.428000450134277,11.630000114440918,11.359999656677246,11.40999984741211,75100,0.0,0.0
2022-04-22 00:00:00-04:00,11.420000076293945,11.420000076293945,11.119999885559082,11.229999542236328,50200,0.0,0.0
2022-04-25 00:00:00-04:00,11.210000038146973,11.4399995803833,11.114999771118164,11.369999885559082,130300,0.0,0.0
2022-04-26 00:00:00-04:00,11.3100004196167,11.390000343322754,11.15999984741211,11.15999984741211,64800,0.0,0.0
2022-04-27 00:00:00-04:00,11.239999771118164,11.350000381469727,11.100000381469727,11.289999961853027,74300,0.0,0.0
2022-04-28 00:00:00-04:00,11.3100004196167,11.390000343322754,11.1899995803833,11.300000190734863,75400,0.0,0.0
2022-04-29 00:00:00-04:00,11.220000267028809,11.255000114440918,10.5,10.5,85600,0.0,0.0
2022-05-02 00:00:00-04:00,10.59000015258789,11.010000228881836,10.5,10.859999656677246,117500,0.0,0.0
2022-05-03 00:00:00-04:00,10.930000305175781,11.255000114440918,10.885000228881836,10.970000267028809,93100,0.0,0.0
2022-05-04 00:00:00-04:00,11.100000381469727,11.25,10.864999771118164,11.170000076293945,52600,0.0,0.0
2022-05-05 00:00:00-04:00,11.050000190734863,11.130000114440918,10.831000328063965,10.970000267028809,50400,0.0,0.0
2022-05-06 00:00:00-04:00,11.0600004196167,11.0600004196167,10.739999771118164,10.930000305175781,81900,0.0,0.0
2022-05-09 00:00:00-04:00,10.845000267028809,10.845000267028809,10.369999885559082,10.399999618530273,121600,0.0,0.0
2022-05-10 00:00:00-04:00,10.579999923706055,10.579999923706055,10.0600004196167,10.34000015258789,99800,0.0,0.0
2022-05-11 00:00:00-04:00,10.229999542236328,10.430000305175781,10.050000190734863,10.0600004196167,46400,0.0,0.0
2022-05-12 00:00:00-04:00,10.010000228881836,10.380000114440918,9.989999771118164,10.359999656677246,57000,0.0,0.0
2022-05-13 00:00:00-04:00,10.539999961853027,10.800000190734863,10.40999984741211,10.579999923706055,120500,0.0,0.0
2022-05-16 00:00:00-04:00,10.529999732971191,10.649999618530273,10.380000114440918,10.510000228881836,102900,0.0,0.0
2022-05-17 00:00:00-04:00,10.8100004196167,11.09000015258789,10.755000114440918,11.010000228881836,112600,0.0,0.0
2022-05-18 00:00:00-04:00,10.949999809265137,11.430000305175781,10.949999809265137,11.210000038146973,74500,0.0,0.0
2022-05-19 00:00:00-04:00,11.100000381469727,11.345000267028809,10.819999694824219,10.979999542236328,124400,0.0,0.0
2022-05-20 00:00:00-04:00,11.010000228881836,11.138999938964844,10.904999732971191,11.0,23800,0.0,0.0
2022-05-23 00:00:00-04:00,11.140000343322754,11.140000343322754,10.850000381469727,11.0,36200,0.0,0.0
2022-05-24 00:00:00-04:00,10.850000381469727,11.0,10.800000190734863,10.979999542236328,35800,0.0,0.0
2022-05-25 00:00:00-04:00,11.010000228881836,11.449999809265137,11.010000228881836,11.420000076293945,137500,0.0,0.0
2022-05-26 00:00:00-04:00,11.170000076293945,11.699999809265137,11.170000076293945,11.5,92000,0.0,0.0
2022-05-27 00:00:00-04:00,11.649999618530273,11.84000015258789,11.649999618530273,11.800000190734863,58800,0.0,0.0
2022-05-31 00:00:00-04:00,11.770000457763672,11.859999656677246,11.505000114440918,11.710000038146973,128100,0.0,0.0
2022-06-01 00:00:00-04:00,11.930000305175781,12.029999732971191,11.75,11.949999809265137,128100,0.0,0.0
2022-06-02 00:00:00-04:00,11.949999809265137,12.449999809265137,11.949999809265137,12.350000381469727,53900,0.0,0.0
2022-06-03 00:00:00-04:00,12.300000190734863,12.765000343322754,11.979999542236328,12.079999923706055,105800,0.0,0.0
2022-06-06 00:00:00-04:00,12.229999542236328,12.489999771118164,12.079999923706055,12.4399995803833,98500,0.0,0.0
2022-06-07 00:00:00-04:00,12.449999809265137,12.65999984741211,11.920000076293945,12.119999885559082,77600,0.0,0.0
2022-06-08 00:00:00-04:00,12.15999984741211,12.210000038146973,11.800000190734863,11.989999771118164,104900,0.0,0.0
2022-06-09 00:00:00-04:00,11.90999984741211,11.9399995803833,11.369999885559082,11.390000343322754,42200,0.0,0.0
2022-06-10 00:00:00-04:00,11.260000228881836,11.289999961853027,10.329999923706055,10.649999618530273,298300,0.0,0.0
2022-06-13 00:00:00-04:00,10.4399995803833,10.899999618530273,10.039999961853027,10.789999961853027,170700,0.0,0.0
2022-06-14 00:00:00-04:00,10.640000343322754,10.670000076293945,10.0600004196167,10.109999656677246,77300,0.0,0.0
2022-06-15 00:00:00-04:00,10.039999961853027,10.630000114440918,9.850000381469727,10.460000038146973,316800,0.0,0.0
2022-06-16 00:00:00-04:00,10.25,10.470000267028809,10.0,10.0,113100,0.0,0.0
2022-06-17 00:00:00-04:00,10.039999961853027,10.475000381469727,10.03499984741211,10.15999984741211,168400,0.0,0.0
2022-06-21 00:00:00-04:00,10.40999984741211,10.9399995803833,10.220000267028809,10.720000267028809,144400,0.0,0.0
2022-06-22 00:00:00-04:00,10.699999809265137,11.289999961853027,10.539999961853027,10.960000038146973,89600,0.0,0.0
2022-06-23 00:00:00-04:00,10.960000038146973,11.529999732971191,10.880000114440918,11.109999656677246,76700,0.0,0.0
2022-06-24 00:00:00-04:00,11.229999542236328,11.239999771118164,10.829999923706055,11.0,143200,0.0,0.0
2022-06-27 00:00:00-04:00,11.0,11.0,10.5,10.529999732971191,66000,0.0,0.0
2022-06-28 00:00:00-04:00,10.699999809265137,10.699999809265137,10.0600004196167,10.229999542236328,79700,0.0,0.0
2022-06-29 00:00:00-04:00,10.289999961853027,10.461999893188477,10.039999961853027,10.300000190734863,32400,0.0,0.0
2022-06-30 00:00:00-04:00,10.220000267028809,10.520000457763672,10.081999778747559,10.4399995803833,93500,0.0,0.0
2022-07-01 00:00:00-04:00,10.460000038146973,10.8100004196167,10.140000343322754,10.649999618530273,69700,0.0,0.0
2022-07-05 00:00:00-04:00,10.65999984741211,10.65999984741211,10.3100004196167,10.5600004196167,41700,0.0,0.0
2022-07-06 00:00:00-04:00,10.479999542236328,10.61400032043457,10.300000190734863,10.350000381469727,44400,0.0,0.0
2022-07-07 00:00:00-04:00,10.350000381469727,10.449999809265137,9.260000228881836,9.5600004196167,415700,0.0,0.0
2022-07-08 00:00:00-04:00,9.65999984741211,9.829999923706055,9.329999923706055,9.369999885559082,140600,0.0,0.0
2022-07-11 00:00:00-04:00,9.5,9.5,8.84000015258789,9.0,161200,0.0,0.0
2022-07-12 00:00:00-04:00,9.0,9.307999610900879,8.59000015258789,8.699999809265137,257500,0.0,0.0
2022-07-13 00:00:00-04:00,8.550000190734863,9.295000076293945,8.4399995803833,8.970000267028809,272200,0.0,0.0
2022-07-14 00:00:00-04:00,8.9399995803833,9.09000015258789,8.569999694824219,8.600000381469727,129700,0.0,0.0
2022-07-15 00:00:00-04:00,8.760000228881836,8.899999618530273,8.369999885559082,8.470000267028809,79400,0.0,0.0
2022-07-18 00:00:00-04:00,8.630000114440918,8.869999885559082,8.470000267028809,8.600000381469727,104800,0.0,0.0
2022-07-19 00:00:00-04:00,8.770000457763672,9.010000228881836,8.585000038146973,8.670000076293945,131600,0.0,0.0
2022-07-20 00:00:00-04:00,8.8100004196167,9.130000114440918,8.609999656677246,8.800000190734863,93900,0.0,0.0
2022-07-21 00:00:00-04:00,8.8100004196167,8.840999603271484,8.630000114440918,8.760000228881836,99700,0.0,0.0
2022-07-22 00:00:00-04:00,8.710000038146973,8.819999694824219,8.130000114440918,8.170000076293945,131800,0.0,0.0
2022-07-25 00:00:00-04:00,8.449999809265137,8.470000267028809,8.130000114440918,8.210000038146973,87600,0.0,0.0
2022-07-26 00:00:00-04:00,8.119999885559082,8.619999885559082,8.010000228881836,8.600000381469727,96100,0.0,0.0
2022-07-27 00:00:00-04:00,8.619999885559082,8.824999809265137,8.3100004196167,8.40999984741211,86600,0.0,0.0
2022-07-28 00:00:00-04:00,8.40999984741211,8.670000076293945,8.1850004196167,8.3100004196167,91100,0.0,0.0
2022-07-29 00:00:00-04:00,8.329999923706055,8.65999984741211,8.201000213623047,8.609999656677246,153900,0.0,0.0
2022-08-01 00:00:00-04:00,8.579999923706055,8.65999984741211,8.210000038146973,8.239999771118164,149300,0.0,0.0
2022-08-02 00:00:00-04:00,8.289999961853027,8.3100004196167,8.119999885559082,8.199999809265137,83200,0.0,0.0
2022-08-03 00:00:00-04:00,8.329999923706055,8.329999923706055,7.980000019073486,8.029999732971191,241800,0.0,0.0
2022-08-04 00:00:00-04:00,8.0,8.244999885559082,7.994999885559082,8.069999694824219,214000,0.0,0.0
2022-08-05 00:00:00-04:00,7.96999979019165,8.239999771118164,7.940000057220459,8.010000228881836,51500,0.0,0.0
2022-08-08 00:00:00-04:00,8.149999618530273,8.399999618530273,7.889999866485596,7.980000019073486,156900,0.0,0.0
2022-08-09 00:00:00-04:00,7.960000038146973,8.100000381469727,7.849999904632568,8.0,71900,0.0,0.0
2022-08-10 00:00:00-04:00,8.020000457763672,8.210000038146973,8.020000457763672,8.050000190734863,61900,0.0,0.0
2022-08-11 00:00:00-04:00,8.09000015258789,8.253000259399414,8.0600004196167,8.180000305175781,73900,0.0,0.0
2022-08-12 00:00:00-04:00,8.25,8.5,8.180000305175781,8.5,76400,0.0,0.0
2022-08-15 00:00:00-04:00,8.420000076293945,8.649999618530273,8.1899995803833,8.489999771118164,132900,0.0,0.0
2022-08-16 00:00:00-04:00,8.180000305175781,8.545000076293945,7.730000019073486,7.800000190734863,288100,0.0,0.0
2022-08-17 00:00:00-04:00,7.800000190734863,7.909999847412109,7.230000019073486,7.289999961853027,370100,0.0,0.0
2022-08-18 00:00:00-04:00,7.320000171661377,7.510000228881836,7.25,7.510000228881836,286900,0.0,0.0
2022-08-19 00:00:00-04:00,7.46999979019165,7.5320000648498535,7.21999979019165,7.320000171661377,178700,0.0,0.0
2022-08-22 00:00:00-04:00,7.599999904632568,7.909999847412109,7.5,7.789999961853027,418200,0.0,0.0
2022-08-23 00:00:00-04:00,8.119999885559082,8.180000305175781,7.090000152587891,7.119999885559082,730400,0.0,0.0
2022-08-24 00:00:00-04:00,7.25,7.389999866485596,6.949999809265137,6.960000038146973,373500,0.0,0.0
2022-08-25 00:00:00-04:00,7.0,7.230000019073486,6.809999942779541,7.210000038146973,464200,0.0,0.0
2022-08-26 00:00:00-04:00,7.260000228881836,7.519999980926514,7.150000095367432,7.440000057220459,511400,0.0,0.0
2022-08-29 00:00:00-04:00,7.400000095367432,7.409999847412109,6.989999771118164,7.050000190734863,285000,0.0,0.0
2022-08-30 00:00:00-04:00,7.059999942779541,7.090000152587891,6.869999885559082,6.929999828338623,265200,0.0,0.0
2022-08-31 00:00:00-04:00,6.889999866485596,6.960999965667725,6.349999904632568,6.480000019073486,515300,0.0,0.0
2022-09-01 00:00:00-04:00,6.409999847412109,6.449999809265137,6.28000020980835,6.380000114440918,295200,0.0,0.0
2022-09-02 00:00:00-04:00,6.449999809265137,6.550000190734863,6.28000020980835,6.380000114440918,184100,0.0,0.0
2022-09-06 00:00:00-04:00,6.400000095367432,6.460000038146973,6.269999980926514,6.28000020980835,162200,0.0,0.0
2022-09-07 00:00:00-04:00,6.260000228881836,6.329999923706055,6.090000152587891,6.289999961853027,197900,0.0,0.0
2022-09-08 00:00:00-04:00,6.260000228881836,6.289999961853027,6.099999904632568,6.170000076293945,197000,0.0,0.0
2022-09-09 00:00:00-04:00,6.230000019073486,6.349999904632568,6.170000076293945,6.269999980926514,235600,0.0,0.0
2022-09-12 00:00:00-04:00,6.800000190734863,7.960000038146973,6.800000190734863,7.829999923706055,1756800,0.0,0.0
2022-09-13 00:00:00-04:00,7.679999828338623,7.769999980926514,7.039999961853027,7.070000171661377,879800,0.0,0.0
2022-09-14 00:00:00-04:00,7.309999942779541,7.389999866485596,7.0,7.059999942779541,438000,0.0,0.0
2022-09-15 00:00:00-04:00,7.139999866485596,7.315000057220459,6.690000057220459,6.699999809265137,362000,0.0,0.0
2022-09-16 00:00:00-04:00,6.610000133514404,6.739999771118164,6.460000038146973,6.519999980926514,301100,0.0,0.0
2022-09-19 00:00:00-04:00,6.550000190734863,6.581999778747559,6.349999904632568,6.53000020980835,327800,0.0,0.0
2022-09-20 00:00:00-04:00,6.5,6.650000095367432,6.269999980926514,6.510000228881836,295500,0.0,0.0
2022-09-21 00:00:00-04:00,6.460000038146973,6.480000019073486,6.260000228881836,6.269999980926514,284300,0.0,0.0
2022-09-22 00:00:00-04:00,6.309999942779541,6.309999942779541,6.0,6.139999866485596,306600,0.0,0.0
2022-09-23 00:00:00-04:00,6.039999961853027,6.099999904632568,5.869999885559082,5.960000038146973,267400,0.0,0.0
2022-09-26 00:00:00-04:00,5.980000019073486,6.090000152587891,5.920000076293945,6.010000228881836,234300,0.0,0.0
2022-09-27 00:00:00-04:00,6.230000019073486,6.28000020980835,6.050000190734863,6.070000171661377,163400,0.0,0.0
2022-09-28 00:00:00-04:00,6.059999942779541,6.168000221252441,6.0,6.090000152587891,214100,0.0,0.0
2022-09-29 00:00:00-04:00,6.070000171661377,6.070000171661377,5.630000114440918,5.760000228881836,360900,0.0,0.0
2022-09-30 00:00:00-04:00,5.699999809265137,5.809999942779541,5.46999979019165,5.579999923706055,491600,0.0,0.0
2022-10-03 00:00:00-04:00,5.639999866485596,5.78000020980835,5.489999771118164,5.710000038146973,254800,0.0,0.0
2022-10-04 00:00:00-04:00,5.78000020980835,6.110000133514404,5.684999942779541,6.090000152587891,667400,0.0,0.0
2022-10-05 00:00:00-04:00,5.949999809265137,6.03000020980835,5.599999904632568,5.78000020980835,245300,0.0,0.0
2022-10-06 00:00:00-04:00,5.75,5.960000038146973,5.699999809265137,5.789999961853027,267500,0.0,0.0
2022-10-07 00:00:00-04:00,5.699999809265137,5.75,5.599999904632568,5.710000038146973,190600,0.0,0.0
2022-10-10 00:00:00-04:00,5.650000095367432,5.656000137329102,5.429999828338623,5.46999979019165,184500,0.0,0.0
2022-10-11 00:00:00-04:00,5.409999847412109,5.704999923706055,5.25,5.559999942779541,250000,0.0,0.0
2022-10-12 00:00:00-04:00,5.46999979019165,5.480000019073486,5.239999771118164,5.269999980926514,242700,0.0,0.0
2022-10-13 00:00:00-04:00,5.199999809265137,5.449999809265137,5.03000020980835,5.380000114440918,384900,0.0,0.0
2022-10-14 00:00:00-04:00,5.369999885559082,5.389999866485596,5.25,5.269999980926514,146600,0.0,0.0
2022-10-17 00:00:00-04:00,5.369999885559082,5.539999961853027,5.349999904632568,5.460000038146973,142300,0.0,0.0
2022-10-18 00:00:00-04:00,5.53000020980835,5.630000114440918,5.360000133514404,5.420000076293945,259400,0.0,0.0
2022-10-19 00:00:00-04:00,5.300000190734863,5.340000152587891,5.119999885559082,5.179999828338623,217200,0.0,0.0
2022-10-20 00:00:00-04:00,5.139999866485596,5.224999904632568,5.059999942779541,5.139999866485596,2228900,0.0,0.0
2022-10-21 00:00:00-04:00,5.090000152587891,5.210000038146973,5.019999980926514,5.190000057220459,268700,0.0,0.0
2022-10-24 00:00:00-04:00,5.130000114440918,5.179999828338623,4.909999847412109,5.090000152587891,185900,0.0,0.0
2022-10-25 00:00:00-04:00,5.079999923706055,5.900000095367432,5.079999923706055,5.829999923706055,268100,0.0,0.0
2022-10-26 00:00:00-04:00,5.789999961853027,5.929999828338623,5.610000133514404,5.75,257300,0.0,0.0
2022-10-27 00:00:00-04:00,5.75,5.820000171661377,5.599999904632568,5.650000095367432,136800,0.0,0.0
2022-10-28 00:00:00-04:00,5.619999885559082,5.940000057220459,5.610000133514404,5.940000057220459,165200,0.0,0.0
2022-10-31 00:00:00-04:00,5.949999809265137,6.119999885559082,5.730000019073486,5.96999979019165,205000,0.0,0.0
2022-11-01 00:00:00-04:00,6.070000171661377,6.199999809265137,6.010000228881836,6.110000133514404,153900,0.0,0.0
2022-11-02 00:00:00-04:00,6.019999980926514,6.199999809265137,6.010000228881836,6.039999961853027,207500,0.0,0.0
2022-11-03 00:00:00-04:00,5.989999771118164,6.103000164031982,5.989999771118164,6.059999942779541,134100,0.0,0.0
2022-11-04 00:00:00-04:00,6.179999828338623,6.179999828338623,5.730000019073486,5.849999904632568,267300,0.0,0.0
2022-11-07 00:00:00-05:00,5.949999809265137,5.960000038146973,5.800000190734863,5.909999847412109,121500,0.0,0.0
2022-11-08 00:00:00-05:00,5.920000076293945,5.929999828338623,5.760000228881836,5.809999942779541,159800,0.0,0.0
2022-11-09 00:00:00-05:00,5.949999809265137,6.0,5.829999923706055,5.949999809265137,152900,0.0,0.0
2022-11-10 00:00:00-05:00,6.179999828338623,6.48799991607666,6.110000133514404,6.340000152587891,170800,0.0,0.0
2022-11-11 00:00:00-05:00,6.260000228881836,6.739999771118164,6.260000228881836,6.659999847412109,251200,0.0,0.0
2022-11-14 00:00:00-05:00,6.610000133514404,6.71999979019165,6.5,6.5,137600,0.0,0.0
2022-11-15 00:00:00-05:00,6.53000020980835,7.300000190734863,6.53000020980835,6.989999771118164,580100,0.0,0.0
2022-11-16 00:00:00-05:00,7.230000019073486,7.260000228881836,6.910999774932861,7.099999904632568,365600,0.0,0.0
2022-11-17 00:00:00-05:00,7.150000095367432,7.150000095367432,6.639999866485596,6.869999885559082,405400,0.0,0.0
2022-11-18 00:00:00-05:00,6.929999828338623,7.204999923706055,6.703999996185303,6.949999809265137,180300,0.0,0.0
2022-11-21 00:00:00-05:00,6.849999904632568,7.289999961853027,6.829999923706055,7.230000019073486,270300,0.0,0.0
2022-11-22 00:00:00-05:00,7.199999809265137,7.360000133514404,7.0,7.289999961853027,127800,0.0,0.0
2022-11-23 00:00:00-05:00,7.25,7.349999904632568,6.980000019073486,7.139999866485596,144100,0.0,0.0
2022-11-25 00:00:00-05:00,7.139999866485596,7.239999771118164,6.946000099182129,7.199999809265137,35100,0.0,0.0
2022-11-28 00:00:00-05:00,7.099999904632568,7.210000038146973,6.949999809265137,7.0,128800,0.0,0.0
2022-11-29 00:00:00-05:00,7.0,7.150000095367432,6.389999866485596,7.070000171661377,719900,0.0,0.0
2022-11-30 00:00:00-05:00,7.039999961853027,7.269999980926514,6.949999809265137,7.21999979019165,202200,0.0,0.0
2022-12-01 00:00:00-05:00,7.170000076293945,7.375999927520752,6.949999809265137,7.0,166300,0.0,0.0
2022-12-02 00:00:00-05:00,6.909999847412109,7.309999942779541,6.829999923706055,7.159999847412109,105200,0.0,0.0
2022-12-05 00:00:00-05:00,7.110000133514404,7.309999942779541,7.0,7.199999809265137,92600,0.0,0.0
2022-12-06 00:00:00-05:00,7.179999828338623,7.199999809265137,6.980000019073486,7.119999885559082,129300,0.0,0.0
2022-12-07 00:00:00-05:00,7.039999961853027,7.235000133514404,7.0,7.110000133514404,178400,0.0,0.0
2022-12-08 00:00:00-05:00,7.139999866485596,7.199999809265137,7.03000020980835,7.059999942779541,105400,0.0,0.0
2022-12-09 00:00:00-05:00,7.010000228881836,7.210000038146973,6.96999979019165,7.050000190734863,80900,0.0,0.0
2022-12-12 00:00:00-05:00,6.989999771118164,7.010000228881836,6.519999980926514,6.75,437400,0.0,0.0
2022-12-13 00:00:00-05:00,7.03000020980835,7.239999771118164,6.769999980926514,6.800000190734863,236200,0.0,0.0
2022-12-14 00:00:00-05:00,6.730000019073486,6.800000190734863,6.369999885559082,6.420000076293945,292600,0.0,0.0
2022-12-15 00:00:00-05:00,6.289999961853027,6.349999904632568,6.019999980926514,6.099999904632568,271900,0.0,0.0
2022-12-16 00:00:00-05:00,6.019999980926514,6.139999866485596,5.849999904632568,6.070000171661377,888900,0.0,0.0
2022-12-19 00:00:00-05:00,6.050000190734863,6.159999847412109,5.940000057220459,6.110000133514404,79600,0.0,0.0
2022-12-20 00:00:00-05:00,6.03000020980835,6.130000114440918,5.940000057220459,6.050000190734863,94400,0.0,0.0
2022-12-21 00:00:00-05:00,6.079999923706055,6.235000133514404,6.079999923706055,6.110000133514404,60000,0.0,0.0
2022-12-22 00:00:00-05:00,6.079999923706055,6.159999847412109,5.920000076293945,6.039999961853027,151600,0.0,0.0
2022-12-23 00:00:00-05:00,6.019999980926514,6.059999942779541,5.920000076293945,5.96999979019165,134600,0.0,0.0
2022-12-27 00:00:00-05:00,5.960000038146973,6.190000057220459,5.860000133514404,6.050000190734863,243200,0.0,0.0
2022-12-28 00:00:00-05:00,6.059999942779541,6.210000038146973,5.940000057220459,6.010000228881836,144500,0.0,0.0
2022-12-29 00:00:00-05:00,6.0,6.1579999923706055,5.940000057220459,6.079999923706055,79800,0.0,0.0
2022-12-30 00:00:00-05:00,6.070000171661377,6.179999828338623,5.940000057220459,6.150000095367432,90300,0.0,0.0
2023-01-03 00:00:00-05:00,6.199999809265137,6.369999885559082,6.199999809265137,6.260000228881836,184100,0.0,0.0
2023-01-04 00:00:00-05:00,6.289999961853027,6.710000038146973,6.260000228881836,6.5,301700,0.0,0.0
2023-01-05 00:00:00-05:00,6.46999979019165,6.690000057220459,6.389999866485596,6.480000019073486,150900,0.0,0.0
2023-01-06 00:00:00-05:00,6.510000228881836,6.650000095367432,6.449999809265137,6.480000019073486,156000,0.0,0.0
2023-01-09 00:00:00-05:00,6.46999979019165,6.639999866485596,6.46999979019165,6.539999961853027,196500,0.0,0.0
2023-01-10 00:00:00-05:00,6.559999942779541,6.849999904632568,6.539999961853027,6.849999904632568,223700,0.0,0.0
2023-01-11 00:00:00-05:00,6.889999866485596,6.889999866485596,6.760000228881836,6.809999942779541,117200,0.0,0.0
2023-01-12 00:00:00-05:00,6.920000076293945,7.099999904632568,6.760000228881836,7.070000171661377,268600,0.0,0.0
2023-01-13 00:00:00-05:00,7.170000076293945,7.630000114440918,7.170000076293945,7.619999885559082,392400,0.0,0.0
2023-01-17 00:00:00-05:00,7.599999904632568,7.75,7.460000038146973,7.46999979019165,167700,0.0,0.0
2023-01-18 00:00:00-05:00,7.489999771118164,7.570000171661377,7.420000076293945,7.420000076293945,99200,0.0,0.0
2023-01-19 00:00:00-05:00,7.380000114440918,7.460000038146973,7.269999980926514,7.449999809265137,88700,0.0,0.0
2023-01-20 00:00:00-05:00,7.46999979019165,7.78000020980835,7.449999809265137,7.71999979019165,155100,0.0,0.0
2023-01-23 00:00:00-05:00,7.889999866485596,8.0,7.800000190734863,7.800000190734863,183000,0.0,0.0
2023-01-24 00:00:00-05:00,7.840000152587891,8.0,7.730000019073486,7.760000228881836,100100,0.0,0.0
2023-01-25 00:00:00-05:00,7.71999979019165,7.809999942779541,7.684999942779541,7.75,56600,0.0,0.0
2023-01-26 00:00:00-05:00,7.820000171661377,7.889999866485596,7.699999809265137,7.849999904632568,117200,0.0,0.0
2023-01-27 00:00:00-05:00,7.840000152587891,8.0,7.820000171661377,7.989999771118164,185800,0.0,0.0
2023-01-30 00:00:00-05:00,7.909999847412109,7.925000190734863,7.53000020980835,7.550000190734863,222000,0.0,0.0
2023-01-31 00:00:00-05:00,7.590000152587891,7.690000057220459,7.570000171661377,7.679999828338623,126200,0.0,0.0
2023-02-01 00:00:00-05:00,7.5,7.940000057220459,7.449999809265137,7.880000114440918,186200,0.0,0.0
2023-02-02 00:00:00-05:00,8.0,8.5,7.889999866485596,8.359999656677246,689500,0.0,0.0
2023-02-03 00:00:00-05:00,8.289999961853027,8.4399995803833,7.929999828338623,8.020000457763672,167800,0.0,0.0
2023-02-06 00:00:00-05:00,8.0,8.0,7.429999828338623,7.559999942779541,263200,0.0,0.0
2023-02-07 00:00:00-05:00,7.599999904632568,7.739999771118164,7.465000152587891,7.659999847412109,194100,0.0,0.0
2023-02-08 00:00:00-05:00,7.619999885559082,7.829999923706055,7.550000190734863,7.679999828338623,104900,0.0,0.0
2023-02-09 00:00:00-05:00,7.670000076293945,7.760000228881836,7.510000228881836,7.53000020980835,104400,0.0,0.0
2023-02-10 00:00:00-05:00,7.5,7.510000228881836,7.289999961853027,7.440000057220459,185900,0.0,0.0
2023-02-13 00:00:00-05:00,7.460000038146973,7.474999904632568,7.25,7.340000152587891,95900,0.0,0.0
2023-02-14 00:00:00-05:00,7.289999961853027,7.548999786376953,7.25,7.460000038146973,73700,0.0,0.0
2023-02-15 00:00:00-05:00,7.429999828338623,7.559999942779541,7.300000190734863,7.550000190734863,131300,0.0,0.0
2023-02-16 00:00:00-05:00,7.409999847412109,7.614999771118164,7.400000095367432,7.550000190734863,116000,0.0,0.0
2023-02-17 00:00:00-05:00,7.539999961853027,7.670000076293945,7.489999771118164,7.510000228881836,167300,0.0,0.0
2023-02-21 00:00:00-05:00,7.429999828338623,7.449999809265137,7.239999771118164,7.260000228881836,199200,0.0,0.0
2023-02-22 00:00:00-05:00,7.289999961853027,7.440000057220459,7.230000019073486,7.369999885559082,173600,0.0,0.0
2023-02-23 00:00:00-05:00,7.429999828338623,7.460000038146973,7.329999923706055,7.409999847412109,194300,0.0,0.0
2023-02-24 00:00:00-05:00,7.360000133514404,7.480000019073486,7.360000133514404,7.409999847412109,84400,0.0,0.0
2023-02-27 00:00:00-05:00,7.480000019073486,7.480000019073486,7.385000228881836,7.460000038146973,65400,0.0,0.0
2023-02-28 00:00:00-05:00,7.46999979019165,7.789999961853027,7.46999979019165,7.699999809265137,137400,0.0,0.0
2023-03-01 00:00:00-05:00,7.730000019073486,7.855000019073486,7.639999866485596,7.699999809265137,102100,0.0,0.0
2023-03-02 00:00:00-05:00,7.639999866485596,7.650000095367432,7.5,7.610000133514404,62900,0.0,0.0
2023-03-03 00:00:00-05:00,7.639999866485596,7.989999771118164,7.639999866485596,7.920000076293945,93800,0.0,0.0
2023-03-06 00:00:00-05:00,7.929999828338623,8.15999984741211,7.900000095367432,7.940000057220459,84800,0.0,0.0
2023-03-07 00:00:00-05:00,7.949999809265137,7.959000110626221,7.5,7.550000190734863,115300,0.0,0.0
2023-03-08 00:00:00-05:00,7.559999942779541,7.650000095367432,7.513000011444092,7.630000114440918,43700,0.0,0.0
2023-03-09 00:00:00-05:00,7.619999885559082,7.730000019073486,7.429999828338623,7.440000057220459,73200,0.0,0.0
2023-03-10 00:00:00-05:00,7.46999979019165,7.46999979019165,7.130000114440918,7.210000038146973,305400,0.0,0.0
2023-03-13 00:00:00-04:00,7.130000114440918,7.360000133514404,7.130000114440918,7.25,119000,0.0,0.0
2023-03-14 00:00:00-04:00,7.380000114440918,7.400000095367432,7.119999885559082,7.230000019073486,108500,0.0,0.0
2023-03-15 00:00:00-04:00,7.099999904632568,7.190000057220459,6.96999979019165,7.179999828338623,98600,0.0,0.0
2023-03-16 00:00:00-04:00,7.139999866485596,7.179999828338623,6.929999828338623,7.139999866485596,94100,0.0,0.0
2023-03-17 00:00:00-04:00,7.079999923706055,7.119999885559082,6.949999809265137,7.050000190734863,124100,0.0,0.0
2023-03-20 00:00:00-04:00,7.039999961853027,7.119999885559082,6.989999771118164,7.059999942779541,92800,0.0,0.0
2023-03-21 00:00:00-04:00,7.099999904632568,7.269999980926514,7.099999904632568,7.25,99500,0.0,0.0
2023-03-22 00:00:00-04:00,7.269999980926514,7.269999980926514,6.900000095367432,6.940000057220459,132800,0.0,0.0
2023-03-23 00:00:00-04:00,6.96999979019165,7.199999809265137,6.96999979019165,7.119999885559082,134200,0.0,0.0
2023-03-24 00:00:00-04:00,7.070000171661377,7.139999866485596,6.900000095367432,7.119999885559082,82400,0.0,0.0
2023-03-27 00:00:00-04:00,7.110000133514404,7.159999847412109,6.980000019073486,7.099999904632568,78800,0.0,0.0
2023-03-28 00:00:00-04:00,7.340000152587891,8.699999809265137,7.230000019073486,8.539999961853027,873200,0.0,0.0
2023-03-29 00:00:00-04:00,8.6899995803833,9.220000267028809,8.6899995803833,8.850000381469727,407800,0.0,0.0
2023-03-30 00:00:00-04:00,8.850000381469727,8.920000076293945,8.140000343322754,8.600000381469727,888000,0.0,0.0
2023-03-31 00:00:00-04:00,8.630000114440918,8.90999984741211,8.479999542236328,8.760000228881836,396700,0.0,0.0
2023-04-03 00:00:00-04:00,8.800000190734863,8.850000381469727,8.449999809265137,8.670000076293945,149400,0.0,0.0
2023-04-04 00:00:00-04:00,8.680000305175781,8.699999809265137,8.300000190734863,8.399999618530273,143700,0.0,0.0
2023-04-05 00:00:00-04:00,8.5600004196167,8.800000190734863,8.430000305175781,8.609999656677246,201700,0.0,0.0
2023-04-06 00:00:00-04:00,8.630000114440918,8.850000381469727,8.449999809265137,8.819999694824219,173800,0.0,0.0
2023-04-10 00:00:00-04:00,8.920000076293945,9.24899959564209,8.899999618530273,9.020000457763672,215100,0.0,0.0
2023-04-11 00:00:00-04:00,9.09000015258789,9.107999801635742,8.699999809265137,8.779999732971191,148900,0.0,0.0
2023-04-12 00:00:00-04:00,8.890000343322754,9.010000228881836,8.75,8.859999656677246,244000,0.0,0.0
2023-04-13 00:00:00-04:00,8.930000305175781,9.100000381469727,8.899999618530273,8.920000076293945,117800,0.0,0.0
2023-04-14 00:00:00-04:00,8.930000305175781,9.079999923706055,8.779999732971191,9.039999961853027,266800,0.0,0.0
2023-04-17 00:00:00-04:00,9.0600004196167,9.25,8.946000099182129,9.199999809265137,136100,0.0,0.0
2023-04-18 00:00:00-04:00,9.239999771118164,9.260000228881836,9.0,9.029999732971191,193200,0.0,0.0
2023-04-19 00:00:00-04:00,8.9399995803833,9.319999694824219,8.880000114440918,9.109999656677246,183300,0.0,0.0
2023-04-20 00:00:00-04:00,9.010000228881836,9.149999618530273,8.920000076293945,9.140000343322754,81900,0.0,0.0
2023-04-21 00:00:00-04:00,9.020000457763672,9.25,8.829999923706055,9.229999542236328,150200,0.0,0.0
2023-04-24 00:00:00-04:00,9.229999542236328,9.449999809265137,9.170000076293945,9.3100004196167,176000,0.0,0.0
2023-04-25 00:00:00-04:00,9.220000267028809,9.460000038146973,9.130000114440918,9.34000015258789,168700,0.0,0.0
2023-04-26 00:00:00-04:00,9.350000381469727,9.40999984741211,9.210000038146973,9.390000343322754,131700,0.0,0.0
2023-04-27 00:00:00-04:00,9.4399995803833,9.510000228881836,9.270000457763672,9.380000114440918,96900,0.0,0.0
2023-04-28 00:00:00-04:00,9.34000015258789,9.670000076293945,9.319999694824219,9.649999618530273,98600,0.0,0.0
2023-05-01 00:00:00-04:00,9.640000343322754,9.729999542236328,9.460000038146973,9.59000015258789,102100,0.0,0.0
2023-05-02 00:00:00-04:00,9.489999771118164,9.600000381469727,9.085000038146973,9.329999923706055,111500,0.0,0.0
2023-05-03 00:00:00-04:00,9.25,9.529999732971191,9.140000343322754,9.369999885559082,186200,0.0,0.0
2023-05-04 00:00:00-04:00,9.399999618530273,9.579999923706055,9.350000381469727,9.5,107300,0.0,0.0
2023-05-05 00:00:00-04:00,9.5,9.5,9.329999923706055,9.350000381469727,83300,0.0,0.0
2023-05-08 00:00:00-04:00,9.359999656677246,9.390000343322754,9.140000343322754,9.239999771118164,83700,0.0,0.0
2023-05-09 00:00:00-04:00,9.149999618530273,9.149999618530273,8.550000190734863,9.0600004196167,2952600,0.0,0.0
2023-05-10 00:00:00-04:00,9.119999885559082,9.3100004196167,9.109999656677246,9.210000038146973,88300,0.0,0.0
2023-05-11 00:00:00-04:00,9.130000114440918,9.220000267028809,8.880000114440918,9.0600004196167,2460800,0.0,0.0
2023-05-12 00:00:00-04:00,8.850000381469727,8.920000076293945,8.270000457763672,8.479999542236328,392300,0.0,0.0
2023-05-15 00:00:00-04:00,8.489999771118164,8.550000190734863,8.399999618530273,8.529999732971191,105700,0.0,0.0
2023-05-16 00:00:00-04:00,8.479999542236328,8.609999656677246,8.399999618530273,8.4399995803833,86900,0.0,0.0
2023-05-17 00:00:00-04:00,8.520000457763672,8.520000457763672,7.949999809265137,8.270000457763672,153000,0.0,0.0
2023-05-18 00:00:00-04:00,8.239999771118164,8.279999732971191,8.0600004196167,8.199999809265137,97900,0.0,0.0
2023-05-19 00:00:00-04:00,8.119999885559082,8.225000381469727,8.0600004196167,8.210000038146973,131100,0.0,0.0
2023-05-22 00:00:00-04:00,8.229999542236328,8.600000381469727,8.180000305175781,8.510000228881836,168500,0.0,0.0
2023-05-23 00:00:00-04:00,8.59000015258789,8.59000015258789,7.820000171661377,8.079999923706055,495000,0.0,0.0
2023-05-24 00:00:00-04:00,8.050000190734863,8.430000305175781,8.0,8.010000228881836,245300,0.0,0.0
2023-05-25 00:00:00-04:00,7.989999771118164,8.020000457763672,7.71999979019165,7.940000057220459,199700,0.0,0.0
2023-05-26 00:00:00-04:00,7.940000057220459,8.0600004196167,7.800000190734863,7.909999847412109,95300,0.0,0.0
2023-05-30 00:00:00-04:00,7.940000057220459,8.149999618530273,7.820000171661377,8.069999694824219,146900,0.0,0.0
2023-05-31 00:00:00-04:00,8.079999923706055,8.279999732971191,8.050000190734863,8.25,113900,0.0,0.0
2023-06-01 00:00:00-04:00,8.3100004196167,8.359999656677246,8.079999923706055,8.279999732971191,196300,0.0,0.0
2023-06-02 00:00:00-04:00,8.34000015258789,8.460000038146973,8.25,8.319999694824219,144600,0.0,0.0
2023-06-05 00:00:00-04:00,8.34000015258789,8.390000343322754,8.130000114440918,8.15999984741211,128400,0.0,0.0
2023-06-06 00:00:00-04:00,8.130000114440918,8.378999710083008,8.130000114440918,8.279999732971191,144800,0.0,0.0
2023-06-07 00:00:00-04:00,8.319999694824219,8.470000267028809,8.25,8.350000381469727,546100,0.0,0.0
2023-06-08 00:00:00-04:00,8.319999694824219,8.4399995803833,8.199999809265137,8.399999618530273,388100,0.0,0.0
2023-06-09 00:00:00-04:00,8.380000114440918,8.399999618530273,8.260000228881836,8.270000457763672,131400,0.0,0.0
2023-06-12 00:00:00-04:00,8.300000190734863,8.600000381469727,8.220000267028809,8.59000015258789,443200,0.0,0.0
2023-06-13 00:00:00-04:00,8.609999656677246,8.899999618530273,8.5600004196167,8.59000015258789,250700,0.0,0.0
2023-06-14 00:00:00-04:00,8.59000015258789,8.78499984741211,8.300000190734863,8.75,387800,0.0,0.0
2023-06-15 00:00:00-04:00,8.75,8.920000076293945,8.579999923706055,8.680000305175781,195600,0.0,0.0
2023-06-16 00:00:00-04:00,8.670000076293945,8.800000190734863,8.272000312805176,8.369999885559082,697400,0.0,0.0
2023-06-20 00:00:00-04:00,8.300000190734863,8.635000228881836,8.300000190734863,8.449999809265137,264500,0.0,0.0
2023-06-21 00:00:00-04:00,8.4399995803833,8.579999923706055,8.270000457763672,8.489999771118164,183700,0.0,0.0
2023-06-22 00:00:00-04:00,8.539999961853027,9.1899995803833,8.310999870300293,8.720000267028809,513000,0.0,0.0
2023-06-23 00:00:00-04:00,8.65999984741211,8.65999984741211,8.329999923706055,8.539999961853027,313100,0.0,0.0
2023-06-26 00:00:00-04:00,8.569999694824219,8.800000190734863,8.420000076293945,8.720000267028809,200300,0.0,0.0
2023-06-27 00:00:00-04:00,9.050000190734863,9.65999984741211,8.899999618530273,9.579999923706055,684700,0.0,0.0
2023-06-28 00:00:00-04:00,9.630000114440918,9.958999633789062,9.449999809265137,9.770000457763672,326200,0.0,0.0
2023-06-29 00:00:00-04:00,9.8100004196167,9.850000381469727,9.510000228881836,9.579999923706055,207200,0.0,0.0
2023-06-30 00:00:00-04:00,9.930000305175781,10.130000114440918,9.729999542236328,9.779999732971191,256900,0.0,0.0
2023-07-03 00:00:00-04:00,9.789999961853027,9.90999984741211,9.569999694824219,9.600000381469727,98800,0.0,0.0
2023-07-05 00:00:00-04:00,9.579999923706055,9.9399995803833,9.430000305175781,9.760000228881836,178200,0.0,0.0
2023-07-06 00:00:00-04:00,9.760000228881836,9.765000343322754,9.5,9.75,114700,0.0,0.0
2023-07-07 00:00:00-04:00,9.739999771118164,9.899999618530273,9.6899995803833,9.75,120300,0.0,0.0
2023-07-10 00:00:00-04:00,9.729999542236328,9.829999923706055,9.600000381469727,9.720000267028809,187000,0.0,0.0
2023-07-11 00:00:00-04:00,9.720000267028809,9.913000106811523,9.510000228881836,9.600000381469727,358100,0.0,0.0
2023-07-12 00:00:00-04:00,9.729999542236328,10.0,9.720000267028809,9.9399995803833,120100,0.0,0.0
2023-07-13 00:00:00-04:00,9.9399995803833,9.9399995803833,9.4399995803833,9.460000038146973,154100,0.0,0.0
2023-07-14 00:00:00-04:00,9.4399995803833,9.4399995803833,9.149999618530273,9.279999732971191,282800,0.0,0.0
2023-07-17 00:00:00-04:00,9.279999732971191,9.3149995803833,8.899999618530273,8.90999984741211,293800,0.0,0.0
2023-07-18 00:00:00-04:00,9.0,9.140000343322754,8.9399995803833,8.960000038146973,194400,0.0,0.0
2023-07-19 00:00:00-04:00,9.010000228881836,9.178999900817871,8.970000267028809,9.109999656677246,255100,0.0,0.0
2023-07-20 00:00:00-04:00,9.09000015258789,9.130000114440918,8.949999809265137,9.039999961853027,205200,0.0,0.0
2023-07-21 00:00:00-04:00,9.079999923706055,9.079999923706055,8.890000343322754,8.930000305175781,176900,0.0,0.0
2023-07-24 00:00:00-04:00,8.899999618530273,8.989999771118164,8.84000015258789,8.880000114440918,97600,0.0,0.0
2023-07-25 00:00:00-04:00,8.850000381469727,8.850000381469727,8.40999984741211,8.460000038146973,150700,0.0,0.0
2023-07-26 00:00:00-04:00,8.4399995803833,8.600000381469727,8.241000175476074,8.479999542236328,213900,0.0,0.0
2023-07-27 00:00:00-04:00,8.5,8.5,8.289999961853027,8.34000015258789,123600,0.0,0.0
2023-07-28 00:00:00-04:00,8.34000015258789,8.414999961853027,8.114999771118164,8.199999809265137,183000,0.0,0.0
2023-07-31 00:00:00-04:00,8.199999809265137,8.208999633789062,8.0,8.100000381469727,202500,0.0,0.0
2023-08-01 00:00:00-04:00,8.0600004196167,8.430000305175781,8.0600004196167,8.399999618530273,198800,0.0,0.0
2023-08-02 00:00:00-04:00,8.319999694824219,8.539999961853027,8.279999732971191,8.479999542236328,244400,0.0,0.0
2023-08-03 00:00:00-04:00,8.420000076293945,8.519000053405762,8.319999694824219,8.34000015258789,256100,0.0,0.0
2023-08-04 00:00:00-04:00,8.0,8.09000015258789,7.635000228881836,7.849999904632568,875500,0.0,0.0
2023-08-07 00:00:00-04:00,7.809999942779541,7.840000152587891,7.519999980926514,7.630000114440918,174000,0.0,0.0
2023-08-08 00:00:00-04:00,7.559999942779541,7.71999979019165,7.480000019073486,7.710000038146973,140300,0.0,0.0
2023-08-09 00:00:00-04:00,7.650000095367432,7.78000020980835,7.599999904632568,7.659999847412109,259400,0.0,0.0
2023-08-10 00:00:00-04:00,7.570000171661377,7.840000152587891,7.570000171661377,7.78000020980835,161900,0.0,0.0
2023-08-11 00:00:00-04:00,7.75,7.900000095367432,7.699999809265137,7.849999904632568,121500,0.0,0.0
2023-08-14 00:00:00-04:00,7.849999904632568,7.949999809265137,7.710000038146973,7.929999828338623,182300,0.0,0.0
2023-08-15 00:00:00-04:00,7.610000133514404,8.029999732971191,7.010000228881836,7.320000171661377,646200,0.0,0.0
2023-08-16 00:00:00-04:00,7.329999923706055,7.409999847412109,6.96999979019165,6.980000019073486,516800,0.0,0.0
2023-08-17 00:00:00-04:00,7.0,7.0,6.590000152587891,6.699999809265137,367900,0.0,0.0
2023-08-18 00:00:00-04:00,6.659999847412109,6.829999923706055,6.619999885559082,6.730000019073486,207600,0.0,0.0
2023-08-21 00:00:00-04:00,6.699999809265137,6.96999979019165,6.630000114440918,6.949999809265137,148700,0.0,0.0
2023-08-22 00:00:00-04:00,6.960000038146973,7.0,6.789999961853027,6.860000133514404,220200,0.0,0.0
2023-08-23 00:00:00-04:00,6.860000133514404,7.110000133514404,6.849999904632568,7.019999980926514,113800,0.0,0.0
2023-08-24 00:00:00-04:00,7.0,7.349999904632568,7.0,7.269999980926514,440300,0.0,0.0
2023-08-25 00:00:00-04:00,7.300000190734863,7.300000190734863,7.019999980926514,7.170000076293945,164400,0.0,0.0
2023-08-28 00:00:00-04:00,7.179999828338623,7.380000114440918,7.179999828338623,7.340000152587891,126400,0.0,0.0
2023-08-29 00:00:00-04:00,7.380000114440918,7.545000076293945,7.300000190734863,7.46999979019165,180300,0.0,0.0
2023-08-30 00:00:00-04:00,7.46999979019165,7.53000020980835,7.329999923706055,7.349999904632568,287900,0.0,0.0
2023-08-31 00:00:00-04:00,7.349999904632568,7.650000095367432,7.230000019073486,7.409999847412109,211900,0.0,0.0
2023-09-01 00:00:00-04:00,7.429999828338623,7.659999847412109,7.420000076293945,7.599999904632568,339500,0.0,0.0
2023-09-05 00:00:00-04:00,7.559999942779541,7.559999942779541,7.400000095367432,7.5,171200,0.0,0.0
2023-09-06 00:00:00-04:00,7.5,7.539999961853027,7.400000095367432,7.489999771118164,182300,0.0,0.0
2023-09-07 00:00:00-04:00,7.460000038146973,7.550000190734863,7.300000190734863,7.309999942779541,185700,0.0,0.0
2023-09-08 00:00:00-04:00,7.300000190734863,7.309999942779541,5.829999923706055,5.949999809265137,1159200,0.0,0.0
2023-09-11 00:00:00-04:00,5.889999866485596,5.90500020980835,4.565000057220459,5.309999942779541,2082200,0.0,0.0
2023-09-12 00:00:00-04:00,5.289999961853027,5.320000171661377,4.994999885559082,5.059999942779541,882600,0.0,0.0
2023-09-13 00:00:00-04:00,5.070000171661377,5.070000171661377,4.739999771118164,4.820000171661377,716200,0.0,0.0
2023-09-14 00:00:00-04:00,4.809999942779541,5.025000095367432,4.75,4.849999904632568,399800,0.0,0.0
2023-09-15 00:00:00-04:00,4.800000190734863,5.039999961853027,4.769999980926514,4.900000095367432,433800,0.0,0.0
2023-09-18 00:00:00-04:00,4.809999942779541,4.84499979019165,4.539999961853027,4.559999942779541,699900,0.0,0.0
2023-09-19 00:00:00-04:00,4.630000114440918,4.650000095367432,4.510000228881836,4.619999885559082,473900,0.0,0.0
2023-09-20 00:00:00-04:00,4.599999904632568,5.010000228881836,4.599999904632568,4.78000020980835,366800,0.0,0.0
2023-09-21 00:00:00-04:00,4.760000228881836,5.019999980926514,4.71999979019165,4.820000171661377,529100,0.0,0.0
2023-09-22 00:00:00-04:00,4.869999885559082,5.25,4.599999904632568,5.139999866485596,943200,0.0,0.0
2023-09-25 00:00:00-04:00,5.090000152587891,5.25,4.849999904632568,5.170000076293945,392700,0.0,0.0
2023-09-26 00:00:00-04:00,5.079999923706055,5.409999847412109,5.039999961853027,5.199999809265137,412500,0.0,0.0
2023-09-27 00:00:00-04:00,5.25,5.840000152587891,5.25,5.739999771118164,588700,0.0,0.0
2023-09-28 00:00:00-04:00,5.730000019073486,6.059999942779541,5.679999828338623,6.03000020980835,657200,0.0,0.0
2023-09-29 00:00:00-04:00,6.03000020980835,6.158999919891357,5.5,5.550000190734863,594100,0.0,0.0
2023-10-02 00:00:00-04:00,5.519999980926514,5.739999771118164,5.400000095367432,5.420000076293945,573400,0.0,0.0
2023-10-03 00:00:00-04:00,5.369999885559082,5.5,5.239999771118164,5.25,294800,0.0,0.0
2023-10-04 00:00:00-04:00,5.25,5.315000057220459,5.099999904632568,5.190000057220459,334600,0.0,0.0
2023-10-05 00:00:00-04:00,5.179999828338623,5.675000190734863,5.179999828338623,5.599999904632568,1270100,0.0,0.0
2023-10-06 00:00:00-04:00,5.53000020980835,5.679999828338623,5.460000038146973,5.510000228881836,445500,0.0,0.0
2023-10-09 00:00:00-04:00,5.480000019073486,5.800000190734863,5.449999809265137,5.710000038146973,617800,0.0,0.0
2023-10-10 00:00:00-04:00,5.690000057220459,6.0,5.690000057220459,5.909999847412109,443500,0.0,0.0
2023-10-11 00:00:00-04:00,5.900000095367432,5.929999828338623,5.75,5.860000133514404,353300,0.0,0.0
2023-10-12 00:00:00-04:00,5.889999866485596,5.949999809265137,5.224999904632568,5.309999942779541,239200,0.0,0.0
2023-10-13 00:00:00-04:00,5.309999942779541,5.340000152587891,5.010000228881836,5.019999980926514,417800,0.0,0.0
2023-10-16 00:00:00-04:00,5.03000020980835,5.090000152587891,4.760000228881836,4.889999866485596,698700,0.0,0.0
2023-10-17 00:00:00-04:00,4.869999885559082,4.985000133514404,4.809999942779541,4.949999809265137,438700,0.0,0.0
2023-10-18 00:00:00-04:00,4.989999771118164,5.369999885559082,4.869999885559082,5.300000190734863,412000,0.0,0.0
2023-10-19 00:00:00-04:00,5.260000228881836,5.289999961853027,5.025000095367432,5.050000190734863,309200,0.0,0.0
2023-10-20 00:00:00-04:00,5.039999961853027,5.09499979019165,4.90500020980835,4.949999809265137,228000,0.0,0.0
2023-10-23 00:00:00-04:00,4.960000038146973,5.039999961853027,4.864999771118164,4.949999809265137,363200,0.0,0.0
2023-10-24 00:00:00-04:00,4.980000019073486,4.980000019073486,4.675000190734863,4.820000171661377,516300,0.0,0.0
2023-10-25 00:00:00-04:00,4.75,4.980000019073486,4.75,4.800000190734863,198400,0.0,0.0
2023-10-26 00:00:00-04:00,4.840000152587891,5.099999904632568,4.789999961853027,5.03000020980835,99600,0.0,0.0
2023-10-27 00:00:00-04:00,5.0,5.0,4.735000133514404,4.75,113100,0.0,0.0
2023-10-30 00:00:00-04:00,4.800000190734863,4.974999904632568,4.789999961853027,4.929999828338623,322600,0.0,0.0
2023-10-31 00:00:00-04:00,4.940000057220459,5.0,4.75,4.920000076293945,348600,0.0,0.0
2023-11-01 00:00:00-04:00,4.909999847412109,5.074999809265137,4.909999847412109,5.050000190734863,107800,0.0,0.0
2023-11-02 00:00:00-04:00,5.110000133514404,5.559999942779541,5.110000133514404,5.489999771118164,265000,0.0,0.0
2023-11-03 00:00:00-04:00,5.550000190734863,5.800000190734863,5.550000190734863,5.619999885559082,230200,0.0,0.0
2023-11-06 00:00:00-05:00,5.630000114440918,5.635000228881836,5.420000076293945,5.5,134000,0.0,0.0
2023-11-07 00:00:00-05:00,5.409999847412109,5.610000133514404,5.409999847412109,5.579999923706055,118200,0.0,0.0
2023-11-08 00:00:00-05:00,5.659999847412109,5.659999847412109,5.425000190734863,5.46999979019165,63800,0.0,0.0
2023-11-09 00:00:00-05:00,5.46999979019165,5.519999980926514,5.335000038146973,5.380000114440918,86600,0.0,0.0
2023-11-10 00:00:00-05:00,5.360000133514404,5.510000228881836,5.150000095367432,5.510000228881836,121100,0.0,0.0
2023-11-13 00:00:00-05:00,5.599999904632568,5.775000095367432,5.539999961853027,5.570000171661377,352200,0.0,0.0
2023-11-14 00:00:00-05:00,5.369999885559082,5.570000171661377,4.89900016784668,5.300000190734863,509200,0.0,0.0
2023-11-15 00:00:00-05:00,5.329999923706055,5.329999923706055,5.065000057220459,5.25,326500,0.0,0.0
2023-11-16 00:00:00-05:00,5.199999809265137,5.25,5.119999885559082,5.199999809265137,154300,0.0,0.0
2023-11-17 00:00:00-05:00,5.239999771118164,5.239999771118164,4.980000019073486,5.170000076293945,252900,0.0,0.0
2023-11-20 00:00:00-05:00,5.199999809265137,5.224999904632568,5.099999904632568,5.170000076293945,149800,0.0,0.0
2023-11-21 00:00:00-05:00,5.190000057220459,5.190000057220459,4.849999904632568,4.900000095367432,380100,0.0,0.0
2023-11-22 00:00:00-05:00,4.989999771118164,5.0,4.699999809265137,4.730000019073486,539200,0.0,0.0
2023-11-24 00:00:00-05:00,4.809999942779541,5.159999847412109,4.809999942779541,5.059999942779541,174800,0.0,0.0
2023-11-27 00:00:00-05:00,5.039999961853027,5.28000020980835,4.96999979019165,5.059999942779541,266100,0.0,0.0
2023-11-28 00:00:00-05:00,5.019999980926514,5.045000076293945,4.934999942779541,4.960000038146973,233200,0.0,0.0
2023-11-29 00:00:00-05:00,4.960000038146973,5.090000152587891,4.889999866485596,4.949999809265137,473000,0.0,0.0
2023-11-30 00:00:00-05:00,4.840000152587891,4.849999904632568,4.539999961853027,4.650000095367432,616900,0.0,0.0
2023-12-01 00:00:00-05:00,4.619999885559082,4.849999904632568,4.53000020980835,4.769999980926514,451800,0.0,0.0
2023-12-04 00:00:00-05:00,4.769999980926514,4.864999771118164,4.690000057220459,4.699999809265137,277600,0.0,0.0
2023-12-05 00:00:00-05:00,4.710000038146973,4.789999961853027,4.559999942779541,4.579999923706055,259200,0.0,0.0
2023-12-06 00:00:00-05:00,4.570000171661377,4.619999885559082,4.460000038146973,4.46999979019165,223700,0.0,0.0
2023-12-07 00:00:00-05:00,4.449999809265137,4.460000038146973,4.269999980926514,4.300000190734863,465500,0.0,0.0
2023-12-08 00:00:00-05:00,4.329999923706055,4.329999923706055,4.210000038146973,4.289999961853027,345600,0.0,0.0
2023-12-11 00:00:00-05:00,4.25,4.320000171661377,4.184999942779541,4.230000019073486,276500,0.0,0.0
2023-12-12 00:00:00-05:00,4.230000019073486,4.269999980926514,4.139999866485596,4.210000038146973,372100,0.0,0.0
2023-12-13 00:00:00-05:00,4.199999809265137,4.440000057220459,4.144999980926514,4.429999828338623,739700,0.0,0.0
2023-12-14 00:00:00-05:00,4.429999828338623,4.639999866485596,4.335000038146973,4.380000114440918,1186700,0.0,0.0
2023-12-15 00:00:00-05:00,4.400000095367432,4.46999979019165,4.179999828338623,4.179999828338623,1163900,0.0,0.0
2023-12-18 00:00:00-05:00,4.199999809265137,4.369999885559082,4.145999908447266,4.239999771118164,905900,0.0,0.0
2023-12-19 00:00:00-05:00,4.260000228881836,4.320000171661377,4.179999828338623,4.28000020980835,462700,0.0,0.0
2023-12-20 00:00:00-05:00,4.230000019073486,4.349999904632568,4.199999809265137,4.210000038146973,468100,0.0,0.0
2023-12-21 00:00:00-05:00,4.210000038146973,4.289999961853027,4.119999885559082,4.260000228881836,438400,0.0,0.0
2023-12-22 00:00:00-05:00,4.300000190734863,4.440000057220459,4.260000228881836,4.300000190734863,675300,0.0,0.0
2023-12-26 00:00:00-05:00,4.260000228881836,4.510000228881836,4.224999904632568,4.5,458200,0.0,0.0
2023-12-27 00:00:00-05:00,4.550000190734863,4.760000228881836,4.429999828338623,4.699999809265137,531000,0.0,0.0
2023-12-28 00:00:00-05:00,4.690000057220459,4.784999847412109,4.494999885559082,4.590000152587891,416800,0.0,0.0
2023-12-29 00:00:00-05:00,4.539999961853027,4.639999866485596,4.480000019073486,4.599999904632568,251000,0.0,0.0
2024-01-02 00:00:00-05:00,4.53000020980835,4.559999942779541,4.400000095367432,4.420000076293945,263500,0.0,0.0
2024-01-03 00:00:00-05:00,4.360000133514404,4.485000133514404,4.28000020980835,4.460000038146973,284400,0.0,0.0
2024-01-04 00:00:00-05:00,4.449999809265137,4.519999980926514,4.349999904632568,4.5,331500,0.0,0.0
2024-01-05 00:00:00-05:00,4.380000114440918,4.46999979019165,4.309999942779541,4.389999866485596,369500,0.0,0.0
2024-01-08 00:00:00-05:00,4.46999979019165,4.489999771118164,4.199999809265137,4.309999942779541,365100,0.0,0.0
2024-01-09 00:00:00-05:00,4.21999979019165,4.369999885559082,4.199999809265137,4.210000038146973,268100,0.0,0.0
2024-01-10 00:00:00-05:00,4.25,4.25,4.099999904632568,4.210000038146973,257300,0.0,0.0
2024-01-11 00:00:00-05:00,4.21999979019165,4.21999979019165,4.105000019073486,4.170000076293945,177100,0.0,0.0
2024-01-12 00:00:00-05:00,4.150000095367432,4.175000190734863,4.065000057220459,4.119999885559082,234100,0.0,0.0
2024-01-16 00:00:00-05:00,4.150000095367432,4.380000114440918,4.130000114440918,4.380000114440918,578400,0.0,0.0
2024-01-17 00:00:00-05:00,4.340000152587891,4.415999889373779,4.179999828338623,4.179999828338623,466900,0.0,0.0
2024-01-18 00:00:00-05:00,4.199999809265137,4.230000019073486,4.090000152587891,4.190000057220459,373900,0.0,0.0
2024-01-19 00:00:00-05:00,4.190000057220459,4.195000171661377,4.014999866485596,4.179999828338623,167300,0.0,0.0
2024-01-22 00:00:00-05:00,4.190000057220459,4.269999980926514,4.135000228881836,4.159999847412109,286600,0.0,0.0
2024-01-23 00:00:00-05:00,4.199999809265137,4.239999771118164,4.110000133514404,4.150000095367432,290700,0.0,0.0
2024-01-24 00:00:00-05:00,4.150000095367432,4.170000076293945,3.9149999618530273,4.070000171661377,734700,0.0,0.0
2024-01-25 00:00:00-05:00,4.070000171661377,4.130000114440918,3.9700000286102295,4.050000190734863,187300,0.0,0.0
2024-01-26 00:00:00-05:00,4.099999904632568,4.159999847412109,4.045000076293945,4.059999942779541,309700,0.0,0.0
2024-01-29 00:00:00-05:00,4.090000152587891,4.190000057220459,3.9700000286102295,4.190000057220459,788600,0.0,0.0
2024-01-30 00:00:00-05:00,4.099999904632568,4.099999904632568,3.9749999046325684,4.019999980926514,637300,0.0,0.0
2024-01-31 00:00:00-05:00,4.0,4.070000171661377,3.9100000858306885,3.9800000190734863,815000,0.0,0.0
2024-02-01 00:00:00-05:00,3.990000009536743,4.0,3.1600000858306885,3.190000057220459,2142800,0.0,0.0
2024-02-02 00:00:00-05:00,3.25,3.2799999713897705,3.01200008392334,3.0799999237060547,1011000,0.0,0.0
2024-02-05 00:00:00-05:00,3.009999990463257,3.0999999046325684,2.490000009536743,2.609999895095825,1745900,0.0,0.0
2024-02-06 00:00:00-05:00,2.5999999046325684,2.934999942779541,2.4600000381469727,2.890000104904175,1865700,0.0,0.0
2024-02-07 00:00:00-05:00,3.0,3.619999885559082,2.9800000190734863,3.0899999141693115,1670400,0.0,0.0
2024-02-08 00:00:00-05:00,3.0399999618530273,3.1500000953674316,2.8949999809265137,3.130000114440918,780000,0.0,0.0
2024-02-09 00:00:00-05:00,3.180000066757202,3.450000047683716,3.13700008392334,3.3499999046325684,917600,0.0,0.0
2024-02-12 00:00:00-05:00,3.3499999046325684,3.569999933242798,3.3299999237060547,3.390000104904175,541600,0.0,0.0
2024-02-13 00:00:00-05:00,3.3499999046325684,3.4489998817443848,3.115000009536743,3.1500000953674316,421300,0.0,0.0
2024-02-14 00:00:00-05:00,3.180000066757202,3.240000009536743,3.125,3.200000047683716,253900,0.0,0.0
2024-02-15 00:00:00-05:00,3.2200000286102295,3.240000009536743,3.049999952316284,3.069999933242798,345900,0.0,0.0
2024-02-16 00:00:00-05:00,3.069999933242798,3.2100000381469727,2.9200000762939453,3.1500000953674316,412900,0.0,0.0
2024-02-20 00:00:00-05:00,3.0899999141693115,3.0899999141693115,2.9100000858306885,2.9200000762939453,555400,0.0,0.0
2024-02-21 00:00:00-05:00,2.890000104904175,2.930000066757202,2.7100000381469727,2.7799999713897705,804200,0.0,0.0
2024-02-22 00:00:00-05:00,2.799999952316284,2.809999942779541,2.630000114440918,2.6500000953674316,577400,0.0,0.0
2024-02-23 00:00:00-05:00,2.619999885559082,2.6700000762939453,2.5350000858306885,2.630000114440918,339700,0.0,0.0
2024-02-26 00:00:00-05:00,2.5999999046325684,2.680000066757202,2.5299999713897705,2.6600000858306885,326200,0.0,0.0
2024-02-27 00:00:00-05:00,2.7100000381469727,2.819999933242798,2.640000104904175,2.799999952316284,331500,0.0,0.0
2024-02-28 00:00:00-05:00,2.759999990463257,2.8499999046325684,2.734999895095825,2.819999933242798,290900,0.0,0.0
2024-02-29 00:00:00-05:00,2.8499999046325684,2.944999933242798,2.809999942779541,2.809999942779541,511600,0.0,0.0
2024-03-01 00:00:00-05:00,2.809999942779541,2.8499999046325684,2.740000009536743,2.7899999618530273,523800,0.0,0.0
2024-03-04 00:00:00-05:00,2.7899999618530273,2.7899999618530273,2.450000047683716,2.5,880700,0.0,0.0
2024-03-05 00:00:00-05:00,2.509999990463257,2.549999952316284,2.4000000953674316,2.450000047683716,413200,0.0,0.0
2024-03-06 00:00:00-05:00,2.4800000190734863,2.4800000190734863,2.380000114440918,2.440000057220459,377700,0.0,0.0
2024-03-07 00:00:00-05:00,2.440000057220459,2.5,2.3499999046325684,2.380000114440918,430500,0.0,0.0
2024-03-08 00:00:00-05:00,2.380000114440918,2.430000066757202,2.380000114440918,2.4000000953674316,214000,0.0,0.0
2024-03-11 00:00:00-04:00,2.4100000858306885,2.5199999809265137,2.319999933242798,2.509999990463257,1063900,0.0,0.0
2024-03-12 00:00:00-04:00,2.490000009536743,2.630000114440918,2.180000066757202,2.5199999809265137,1134500,0.0,0.0
2024-03-13 00:00:00-04:00,2.509999990463257,2.890000104904175,2.4600000381469727,2.8399999141693115,1153300,0.0,0.0
2024-03-14 00:00:00-04:00,2.8399999141693115,3.1500000953674316,2.7699999809265137,3.009999990463257,1021900,0.0,0.0
2024-03-15 00:00:00-04:00,3.0,3.0899999141693115,2.9649999141693115,3.0399999618530273,755300,0.0,0.0
2024-03-18 00:00:00-04:00,3.0399999618530273,3.2899999618530273,2.990000009536743,3.2200000286102295,827800,0.0,0.0
2024-03-19 00:00:00-04:00,3.200000047683716,3.509999990463257,3.174999952316284,3.490000009536743,674100,0.0,0.0
2024-03-20 00:00:00-04:00,3.549999952316284,3.549999952316284,3.190000057220459,3.5,1260500,0.0,0.0
2024-03-21 00:00:00-04:00,3.5199999809265137,3.5199999809265137,3.2200000286102295,3.390000104904175,686900,0.0,0.0
2024-03-22 00:00:00-04:00,3.4100000858306885,3.430000066757202,3.309999942779541,3.309999942779541,343400,0.0,0.0
2024-03-25 00:00:00-04:00,3.3299999237060547,3.4800000190734863,3.2950000762939453,3.4800000190734863,426300,0.0,0.0
2024-03-26 00:00:00-04:00,3.490000009536743,3.880000114440918,3.4800000190734863,3.8399999141693115,1111500,0.0,0.0
2024-03-27 00:00:00-04:00,3.8299999237060547,3.930000066757202,3.674999952316284,3.8499999046325684,869100,0.0,0.0
2024-03-28 00:00:00-04:00,3.869999885559082,3.890000104904175,3.5299999713897705,3.5299999713897705,652900,0.0,0.0
2024-04-01 00:00:00-04:00,3.559999942779541,3.630000114440918,3.390000104904175,3.450000047683716,348600,0.0,0.0
2024-04-02 00:00:00-04:00,3.430000066757202,3.6500000953674316,3.380000114440918,3.619999885559082,311900,0.0,0.0
2024-04-03 00:00:00-04:00,3.5999999046325684,3.690000057220459,3.555000066757202,3.6700000762939453,218700,0.0,0.0
2024-04-04 00:00:00-04:00,3.680000066757202,3.759999990463257,3.569999933242798,3.6600000858306885,580400,0.0,0.0
2024-04-05 00:00:00-04:00,3.640000104904175,3.8299999237060547,3.5399999618530273,3.5399999618530273,432100,0.0,0.0
2024-04-08 00:00:00-04:00,3.569999933242798,3.6700000762939453,3.430000066757202,3.430000066757202,421900,0.0,0.0
2024-04-09 00:00:00-04:00,3.430000066757202,3.6449999809265137,3.390000104904175,3.559999942779541,428700,0.0,0.0
2024-04-10 00:00:00-04:00,3.4800000190734863,3.5199999809265137,3.390000104904175,3.4700000286102295,290800,0.0,0.0
2024-04-11 00:00:00-04:00,3.4800000190734863,3.5299999713897705,3.430000066757202,3.5299999713897705,211500,0.0,0.0
2024-04-12 00:00:00-04:00,3.5299999713897705,3.559999942779541,3.3499999046325684,3.3499999046325684,359900,0.0,0.0
2024-04-15 00:00:00-04:00,3.380000114440918,3.4200000762939453,3.1700000762939453,3.240000009536743,317500,0.0,0.0
2024-04-16 00:00:00-04:00,3.200000047683716,3.2249999046325684,3.0999999046325684,3.1600000858306885,301500,0.0,0.0
2024-04-17 00:00:00-04:00,3.1600000858306885,3.2149999141693115,3.055000066757202,3.109999895095825,236500,0.0,0.0
2024-04-18 00:00:00-04:00,3.119999885559082,3.2799999713897705,3.059999942779541,3.259999990463257,170800,0.0,0.0
2024-04-19 00:00:00-04:00,3.200000047683716,3.3399999141693115,3.200000047683716,3.319999933242798,196800,0.0,0.0
2024-04-22 00:00:00-04:00,3.3499999046325684,3.444999933242798,3.309999942779541,3.3499999046325684,219400,0.0,0.0
2024-04-23 00:00:00-04:00,3.3299999237060547,3.430000066757202,3.315000057220459,3.4100000858306885,138700,0.0,0.0
2024-04-24 00:00:00-04:00,3.4000000953674316,3.4600000381469727,3.3450000286102295,3.450000047683716,218300,0.0,0.0
2024-04-25 00:00:00-04:00,3.4100000858306885,3.444999933242798,3.369999885559082,3.440000057220459,177400,0.0,0.0
2024-04-26 00:00:00-04:00,3.440000057220459,3.5399999618530273,3.440000057220459,3.5299999713897705,156900,0.0,0.0
2024-04-29 00:00:00-04:00,3.5799999237060547,3.6600000858306885,3.5299999713897705,3.609999895095825,203500,0.0,0.0
2024-04-30 00:00:00-04:00,3.5799999237060547,3.6449999809265137,3.569999933242798,3.5899999141693115,363600,0.0,0.0
2024-05-01 00:00:00-04:00,3.5999999046325684,3.640000104904175,3.494999885559082,3.619999885559082,268300,0.0,0.0
2024-05-02 00:00:00-04:00,3.640000104904175,3.8399999141693115,3.5850000381469727,3.809999942779541,351100,0.0,0.0
2024-05-03 00:00:00-04:00,3.8499999046325684,3.884999990463257,3.7699999809265137,3.799999952316284,142200,0.0,0.0
2024-05-06 00:00:00-04:00,3.809999942779541,3.8299999237060547,3.619999885559082,3.7699999809265137,344400,0.0,0.0
2024-05-07 00:00:00-04:00,3.7799999713897705,4.070000171661377,3.740000009536743,3.950000047683716,606100,0.0,0.0
2024-05-08 00:00:00-04:00,3.930000066757202,3.934999942779541,3.8299999237060547,3.890000104904175,316300,0.0,0.0
2024-05-09 00:00:00-04:00,3.859999895095825,3.984999895095825,3.859999895095825,3.950000047683716,216100,0.0,0.0
2024-05-10 00:00:00-04:00,3.940000057220459,4.045000076293945,3.6549999713897705,3.75,442500,0.0,0.0
2024-05-13 00:00:00-04:00,3.7200000286102295,3.890000104904175,3.680000066757202,3.8499999046325684,411700,0.0,0.0
2024-05-14 00:00:00-04:00,3.4700000286102295,3.640000104904175,3.109999895095825,3.309999942779541,815200,0.0,0.0
2024-05-15 00:00:00-04:00,3.390000104904175,3.4200000762939453,3.1700000762939453,3.369999885559082,698800,0.0,0.0
2024-05-16 00:00:00-04:00,3.369999885559082,3.4700000286102295,3.244999885559082,3.390000104904175,396500,0.0,0.0
2024-05-17 00:00:00-04:00,3.390000104904175,3.450000047683716,3.2899999618530273,3.359999895095825,337800,0.0,0.0
2024-05-20 00:00:00-04:00,3.369999885559082,3.4600000381469727,3.3399999141693115,3.3499999046325684,278600,0.0,0.0
2024-05-21 00:00:00-04:00,3.3399999141693115,3.365000009536743,3.25,3.25,252500,0.0,0.0
2024-05-22 00:00:00-04:00,3.25,3.25,3.069999933242798,3.140000104904175,601100,0.0,0.0
2024-05-23 00:00:00-04:00,3.140000104904175,3.200000047683716,3.0899999141693115,3.180000066757202,237300,0.0,0.0
2024-05-24 00:00:00-04:00,3.200000047683716,3.3399999141693115,3.174999952316284,3.3399999141693115,222500,0.0,0.0
2024-05-28 00:00:00-04:00,3.3499999046325684,3.4200000762939453,3.259999990463257,3.4100000858306885,204300,0.0,0.0
2024-05-29 00:00:00-04:00,3.380000114440918,3.384999990463257,3.299999952316284,3.3399999141693115,245200,0.0,0.0
2024-05-30 00:00:00-04:00,3.369999885559082,3.450000047683716,3.2899999618530273,3.3499999046325684,417100,0.0,0.0
2024-05-31 00:00:00-04:00,3.3399999141693115,3.6500000953674316,3.3399999141693115,3.6500000953674316,289500,0.0,0.0
2024-06-03 00:00:00-04:00,3.640000104904175,3.8320000171661377,3.559999942779541,3.630000114440918,331700,0.0,0.0
2024-06-04 00:00:00-04:00,3.5799999237060547,3.615000009536743,3.4600000381469727,3.559999942779541,174300,0.0,0.0
2024-06-05 00:00:00-04:00,3.5899999141693115,3.5899999141693115,3.3949999809265137,3.5,178500,0.0,0.0
2024-06-06 00:00:00-04:00,3.4700000286102295,3.5399999618530273,3.4000000953674316,3.430000066757202,180300,0.0,0.0
2024-06-07 00:00:00-04:00,3.440000057220459,3.4760000705718994,3.3399999141693115,3.390000104904175,155700,0.0,0.0
2024-06-10 00:00:00-04:00,3.4100000858306885,3.630000114440918,3.4100000858306885,3.619999885559082,279400,0.0,0.0
2024-06-11 00:00:00-04:00,3.609999895095825,3.6500000953674316,3.430999994277954,3.4800000190734863,287900,0.0,0.0
2024-06-12 00:00:00-04:00,3.5399999618530273,3.569999933242798,3.440000057220459,3.440000057220459,257300,0.0,0.0
2024-06-13 00:00:00-04:00,3.450000047683716,3.4600000381469727,3.299999952316284,3.390000104904175,257500,0.0,0.0
2024-06-14 00:00:00-04:00,3.390000104904175,3.4709999561309814,3.359999895095825,3.440000057220459,111200,0.0,0.0
2024-06-17 00:00:00-04:00,3.4000000953674316,3.440000057220459,3.2200000286102295,3.299999952316284,307400,0.0,0.0
2024-06-18 00:00:00-04:00,3.25,3.4600000381469727,3.1700000762939453,3.450000047683716,661000,0.0,0.0
2024-06-20 00:00:00-04:00,3.450000047683716,3.5799999237060547,3.319999933242798,3.5,1401900,0.0,0.0
2024-06-21 00:00:00-04:00,3.4800000190734863,3.619999885559082,3.4200000762939453,3.5899999141693115,407500,0.0,0.0
2024-06-24 00:00:00-04:00,3.5799999237060547,3.6050000190734863,3.490000009536743,3.490000009536743,128900,0.0,0.0
2024-06-25 00:00:00-04:00,3.4700000286102295,3.5399999618530273,3.440000057220459,3.450000047683716,247700,0.0,0.0
2024-06-26 00:00:00-04:00,3.440000057220459,3.440000057220459,3.309999942779541,3.3499999046325684,208100,0.0,0.0
2024-06-27 00:00:00-04:00,3.3499999046325684,3.3499999046325684,3.259999990463257,3.309999942779541,305900,0.0,0.0
2024-06-28 00:00:00-04:00,3.369999885559082,3.440000057220459,3.190000057220459,3.200000047683716,349500,0.0,0.0
2024-07-01 00:00:00-04:00,3.190000057220459,3.2100000381469727,2.9800000190734863,3.059999942779541,669200,0.0,0.0
2024-07-02 00:00:00-04:00,3.059999942779541,3.059999942779541,2.8949999809265137,2.9600000381469727,469900,0.0,0.0
2024-07-03 00:00:00-04:00,2.9700000286102295,3.069999933242798,2.950000047683716,2.950000047683716,105300,0.0,0.0
2024-07-05 00:00:00-04:00,2.950000047683716,3.069999933242798,2.930000066757202,3.0,273900,0.0,0.0
2024-07-08 00:00:00-04:00,3.0199999809265137,3.069999933242798,2.930000066757202,2.940000057220459,134700,0.0,0.0
2024-07-09 00:00:00-04:00,2.940000057220459,2.940000057220459,2.8299999237060547,2.9000000953674316,698700,0.0,0.0
2024-07-10 00:00:00-04:00,2.890000104904175,2.950000047683716,2.809999942779541,2.9200000762939453,263200,0.0,0.0
2024-07-11 00:00:00-04:00,2.940000057220459,3.0,2.9100000858306885,2.9700000286102295,239400,0.0,0.0
2024-07-12 00:00:00-04:00,2.9700000286102295,3.0399999618530273,2.950000047683716,2.9800000190734863,311500,0.0,0.0
2024-07-15 00:00:00-04:00,2.9700000286102295,3.005000114440918,2.9100000858306885,2.940000057220459,2013600,0.0,0.0
2024-07-16 00:00:00-04:00,2.930000066757202,3.009999990463257,2.930000066757202,3.009999990463257,1197700,0.0,0.0
2024-07-17 00:00:00-04:00,3.0199999809265137,3.059999942779541,2.8399999141693115,2.8499999046325684,2337800,0.0,0.0
2024-07-18 00:00:00-04:00,2.869999885559082,2.9000000953674316,2.7750000953674316,2.799999952316284,352900,0.0,0.0
2024-07-19 00:00:00-04:00,2.799999952316284,2.924999952316284,2.7799999713897705,2.869999885559082,172300,0.0,0.0
2024-07-22 00:00:00-04:00,2.809999942779541,2.9100000858306885,2.809999942779541,2.890000104904175,162800,0.0,0.0
2024-07-23 00:00:00-04:00,2.890000104904175,2.9600000381469727,2.859999895095825,2.890000104904175,392100,0.0,0.0
2024-07-24 00:00:00-04:00,2.9000000953674316,2.9200000762939453,2.8299999237060547,2.9000000953674316,402700,0.0,0.0
2024-07-25 00:00:00-04:00,2.9200000762939453,3.0,2.740000009536743,2.759999990463257,1387400,0.0,0.0
2024-07-26 00:00:00-04:00,2.8299999237060547,3.009999990463257,2.8299999237060547,3.0,337300,0.0,0.0
2024-07-29 00:00:00-04:00,3.0299999713897705,3.0299999713897705,2.9100000858306885,2.930000066757202,159000,0.0,0.0
2024-07-30 00:00:00-04:00,2.9100000858306885,2.950000047683716,2.819999933242798,2.8399999141693115,204400,0.0,0.0
2024-07-31 00:00:00-04:00,2.859999895095825,2.890000104904175,2.7899999618530273,2.8299999237060547,806400,0.0,0.0
2024-08-01 00:00:00-04:00,2.799999952316284,2.809999942779541,2.690000057220459,2.799999952316284,463000,0.0,0.0
2024-08-02 00:00:00-04:00,2.75,2.809999942779541,2.6500000953674316,2.809999942779541,572600,0.0,0.0
2024-08-05 00:00:00-04:00,2.690000057220459,2.7200000286102295,2.559999942779541,2.6500000953674316,250200,0.0,0.0
2024-08-06 00:00:00-04:00,2.6500000953674316,2.674999952316284,2.569999933242798,2.569999933242798,203700,0.0,0.0
2024-08-07 00:00:00-04:00,2.5799999237060547,3.299999952316284,2.565000057220459,3.0,3995700,0.0,0.0
2024-08-08 00:00:00-04:00,3.0,3.140000104904175,2.8499999046325684,2.990000009536743,4259100,0.0,0.0
2024-08-09 00:00:00-04:00,2.9800000190734863,3.009999990463257,2.869999885559082,2.9000000953674316,441100,0.0,0.0
2024-08-12 00:00:00-04:00,2.9000000953674316,2.9000000953674316,2.7699999809265137,2.799999952316284,973700,0.0,0.0
2024-08-13 00:00:00-04:00,2.799999952316284,3.2799999713897705,2.700000047683716,3.2799999713897705,1989300,0.0,0.0
2024-08-14 00:00:00-04:00,3.2300000190734863,3.299999952316284,3.122999906539917,3.259999990463257,468400,0.0,0.0
2024-08-15 00:00:00-04:00,3.25,3.4600000381469727,3.190000057220459,3.430000066757202,355500,0.0,0.0
2024-08-16 00:00:00-04:00,3.4000000953674316,3.609999895095825,3.380000114440918,3.4800000190734863,388800,0.0,0.0
2024-08-19 00:00:00-04:00,3.559999942779541,3.5850000381469727,3.369999885559082,3.559999942779541,298400,0.0,0.0
2024-08-20 00:00:00-04:00,3.5399999618530273,3.5799999237060547,3.490000009536743,3.5,246600,0.0,0.0
2024-08-21 00:00:00-04:00,3.5,3.630000114440918,3.5,3.609999895095825,371900,0.0,0.0
2024-08-22 00:00:00-04:00,3.5299999713897705,3.640000104904175,3.490000009536743,3.5799999237060547,338200,0.0,0.0
2024-08-23 00:00:00-04:00,3.609999895095825,3.7200000286102295,3.5810000896453857,3.5999999046325684,240000,0.0,0.0
