Date,Open,High,Low,Close,Volume,Dividends,Stock Splits
2017-02-10 00:00:00-05:00,3.008276173000058,3.1310628360831223,2.9161860293145105,3.094226837158203,430700,0.0,0.0
2017-02-13 00:00:00-05:00,3.0942266869870227,3.1267651657621793,2.9530218849213004,3.0573906898498535,43300,0.0,0.0
2017-02-14 00:00:00-05:00,3.0942269470789725,3.096068908101226,3.0389728003554706,3.0819482803344727,35500,0.0,0.0
2017-02-15 00:00:00-05:00,3.0082762292551015,3.0758090415869055,3.0082762292551015,3.070897340774536,21900,0.0,0.0
2017-02-16 00:00:00-05:00,2.983718589735736,3.075808725685238,2.983718589735736,3.069669246673584,20300,0.0,0.0
2017-02-17 00:00:00-05:00,3.0205545855662423,3.07212509682754,3.0205545855662423,3.069669246673584,1800,0.0,0.0
2017-02-21 00:00:00-05:00,3.0696690464742034,3.075808525085449,3.0573903819981645,3.075808525085449,14700,0.0,0.0
2017-02-22 00:00:00-05:00,3.063529992765537,3.198595613481619,3.063529992765537,3.161759614944458,54900,0.0,0.0
2017-02-23 00:00:00-05:00,3.1801777818835926,3.1801777818835926,3.088701812277629,3.1433417797088623,19300,0.0,0.0
2017-02-24 00:00:00-05:00,3.2231530577530654,3.2231530577530654,3.0359033188342477,3.1494810581207275,37800,0.0,0.0
2017-02-27 00:00:00-05:00,3.149481093802474,3.1556202808014704,3.0573909468454734,3.0819482803344727,12400,0.0,0.0
2017-02-28 00:00:00-05:00,3.0844035839389914,3.1003658771514893,3.069669069359314,3.1003658771514893,24100,0.0,0.0
2017-03-01 00:00:00-05:00,3.149481483090145,3.149481483090145,3.0696699930126456,3.1187846660614014,8000,0.0,0.0
2017-03-02 00:00:00-05:00,3.0696696135899733,3.106505613823472,3.0696696135899733,3.0819482803344727,5900,0.0,0.0
2017-03-03 00:00:00-05:00,3.06966990361024,3.112645387649536,3.06966990361024,3.112645387649536,6000,0.0,0.0
2017-03-06 00:00:00-05:00,3.075808725685238,3.0819479119504196,3.069669246673584,3.069669246673584,7800,0.0,0.0
2017-03-07 00:00:00-05:00,3.0819479119504196,3.0819479119504196,3.069669246673584,3.069669246673584,10200,0.0,0.0
2017-03-08 00:00:00-05:00,3.0819476881649437,3.0819476881649437,3.0573903593944225,3.074580430984497,9600,0.0,0.0
2017-03-09 00:00:00-05:00,3.075808725685238,3.075808725685238,3.057390581396749,3.069669246673584,4500,0.0,0.0
2017-03-10 00:00:00-05:00,3.057390581396749,3.075808725685238,3.057390581396749,3.069669246673584,2600,0.0,0.0
2017-03-13 00:00:00-04:00,3.0573912357056607,3.112645387649536,2.9407437442388877,3.112645387649536,39300,0.0,0.0
2017-03-14 00:00:00-04:00,3.1126451121827308,3.1126451121827308,3.0573909651288065,3.1065056324005127,10600,0.0,0.0
2017-03-15 00:00:00-04:00,3.112645387649536,3.112645387649536,3.06966990361024,3.112645387649536,5300,0.0,0.0
2017-03-16 00:00:00-04:00,3.0696690318340707,3.192455676008853,3.0696690318340707,3.18631649017334,19200,0.0,0.0
2017-03-17 00:00:00-04:00,3.1556199940720324,3.247710132661437,3.0328333377838135,3.0328333377838135,53000,0.0,0.0
2017-03-20 00:00:00-04:00,3.069669528322996,3.2477103375460104,3.0573908619195644,3.235431671142578,59900,0.0,0.0
2017-03-21 00:00:00-04:00,3.2354317056691175,3.24771037220358,3.1617597064623433,3.1678988933563232,24400,0.0,0.0
2017-03-22 00:00:00-04:00,3.1310621286119424,3.2477095785573247,3.123080982677578,3.2059621810913086,15200,0.0,0.0
2017-03-23 00:00:00-04:00,3.2477102802734943,3.2477102802734943,3.1924561360591928,3.2047348022460938,6000,0.0,0.0
2017-03-24 00:00:00-04:00,3.217013918465195,3.2477107345999117,3.106505907323979,3.112645387649536,86300,0.0,0.0
2017-03-27 00:00:00-04:00,3.2231530772013954,3.2231530772013954,3.1924562641294463,3.2170135974884033,5400,0.0,0.0
2017-03-28 00:00:00-04:00,3.2010508527863104,3.253849136552537,3.16175901141493,3.241570472717285,12500,0.0,0.0
2017-03-29 00:00:00-04:00,3.2415709797995174,3.2477101663042838,3.1494808402561563,3.1740381717681885,21700,0.0,0.0
2017-03-30 00:00:00-04:00,3.149481006318554,3.235431671142578,3.149481006318554,3.235431671142578,800,0.0,0.0
2017-03-31 00:00:00-04:00,3.266128385163391,3.266128385163391,3.1556200981140137,3.1556200981140137,8800,0.0,0.0
2017-04-03 00:00:00-04:00,3.149480496920905,3.210873819008296,3.1003658392509923,3.18631649017334,7500,0.0,0.0
2017-04-04 00:00:00-04:00,3.2231524834257743,3.2231524834257743,3.1065050250865056,3.18631649017334,4700,0.0,0.0
2017-04-05 00:00:00-04:00,3.199208892200482,3.2845456497674475,3.1310622054535813,3.241570472717285,36700,0.0,0.0
2017-04-06 00:00:00-04:00,3.253849446365815,3.2599886324947613,3.2231526374816895,3.2231526374816895,6400,0.0,0.0
2017-04-07 00:00:00-04:00,3.2526216305684517,3.2526216305684517,3.2280642986297607,3.2280642986297607,400,0.0,0.0
2017-04-10 00:00:00-04:00,3.094226025946935,3.253848938853179,3.094226025946935,3.198594808578491,22200,0.0,0.0
2017-04-11 00:00:00-04:00,3.201051463816027,3.2538497576606065,3.1617596149444585,3.161759614944458,5200,0.0,0.0
2017-04-12 00:00:00-04:00,3.2237544811320706,3.2838899791444676,3.2237544811320706,3.273350954055786,5300,0.05,0.0
2017-04-13 00:00:00-04:00,3.143160883243502,3.2857500427346245,3.143160883243502,3.2776906490325928,2100,0.0,0.0
2017-04-17 00:00:00-04:00,3.273351536132188,3.3167480511845913,3.272731332531507,3.3024892807006836,20200,0.0,0.0
2017-04-18 00:00:00-04:00,3.3105485488330046,3.3117883647536686,3.2442133715956802,3.2950496673583984,8900,0.0,0.0
2017-04-19 00:00:00-04:00,3.3018687855690683,3.3167474613913015,3.254752239757326,3.273350954055786,16100,0.0,0.0
2017-04-20 00:00:00-04:00,3.3043490497607357,3.316748096461623,3.143161442649198,3.2857506275177,6300,0.0,0.0
2017-04-21 00:00:00-04:00,3.2206554412841797,3.2206554412841797,3.2206554412841797,3.2206554412841797,300,0.0,0.0
2017-04-24 00:00:00-04:00,3.1890376877170716,3.285130219773704,3.1890376877170716,3.217555522918701,11900,0.0,0.0
2017-04-25 00:00:00-04:00,3.179117973501627,3.2671513982290836,3.179117973501627,3.1927571296691895,5900,0.0,0.0
2017-04-26 00:00:00-04:00,3.1679589407843745,3.2671512957530084,3.1679589407843745,3.1747782230377197,6200,0.0,0.0
2017-04-27 00:00:00-04:00,3.2237545937608725,3.3043485325090307,3.180358084909207,3.1927571296691895,6700,0.0,0.0
2017-04-28 00:00:00-04:00,3.1623796477335655,3.2355341090586904,3.161759739765543,3.2113559246063232,7900,0.0,0.0
2017-05-01 00:00:00-04:00,3.1121637697891917,3.1741590051203312,3.1121637697891917,3.1431615352630615,1400,0.0,0.0
2017-05-02 00:00:00-04:00,3.1183630632301624,3.149360529330988,3.0749662559491298,3.099764347076416,13600,0.0,0.0
2017-05-03 00:00:00-04:00,3.068766370159531,3.1307618892468296,3.0377689062324253,3.0625669956207275,6000,0.0,0.0
2017-05-04 00:00:00-04:00,3.0625669956207275,3.0625669956207275,3.0625669956207275,3.0625669956207275,0,0.0,0.0
2017-05-05 00:00:00-04:00,3.0786860711099813,3.093564748764038,3.0786860711099813,3.093564748764038,400,0.0,0.0
2017-05-08 00:00:00-04:00,3.0997645604195463,3.0997645604195463,2.975774096249398,3.0067715644836426,9400,0.0,0.0
2017-05-09 00:00:00-04:00,2.981972745281142,3.0625666751684326,2.9106783196538166,3.0439679622650146,18400,0.0,0.0
2017-05-10 00:00:00-04:00,3.0917048539973817,3.092944669829204,2.981973171234131,2.981973171234131,3200,0.0,0.0
2017-05-11 00:00:00-04:00,2.963375075991593,2.986313149476435,2.9509760294651257,2.969574451446533,7900,0.0,0.0
2017-05-12 00:00:00-04:00,2.950975869258993,3.093564748764038,2.932377152670708,3.093564748764038,11500,0.0,0.0
2017-05-15 00:00:00-04:00,2.914398830198158,3.087365575503538,2.914398830198158,3.0526480674743652,2600,0.0,0.0
2017-05-16 00:00:00-04:00,3.0377690146507907,3.0377690146507907,2.9881728341040925,3.0129709243774414,600,0.0,0.0
2017-05-17 00:00:00-04:00,2.8827806997472663,3.093564459547833,2.8827806997472663,3.0625669956207275,12000,0.0,0.0
2017-05-18 00:00:00-04:00,3.0997643557371024,3.0997643557371024,3.0687665939331055,3.0687665939331055,600,0.0,0.0
2017-05-19 00:00:00-04:00,3.042108297348023,3.042108297348023,3.042108297348023,3.0421082973480225,500,0.0,0.0
2017-05-22 00:00:00-04:00,3.0377695560455322,3.0377695560455322,3.0377695560455322,3.0377695560455322,100,0.0,0.0
2017-05-23 00:00:00-04:00,2.9447761379502473,3.105964026344528,2.9447761379502473,3.0687665939331055,13000,0.0,0.0
2017-05-24 00:00:00-04:00,3.0067719993130657,3.0997650086973105,2.969574854682693,2.9757745265960693,3200,0.0,0.0
2017-05-25 00:00:00-04:00,2.944775923218021,3.09976412970318,2.944775923218021,3.0625669956207275,27500,0.0,0.0
2017-05-26 00:00:00-04:00,3.099764347076416,3.099764347076416,3.099764347076416,3.099764347076416,300,0.0,0.0
2017-05-30 00:00:00-04:00,3.0687670266033455,3.0687670266033455,3.0377695560455322,3.0377695560455322,1800,0.0,0.0
2017-05-31 00:00:00-04:00,3.0067713575408104,3.130762108793806,3.0067713575408104,3.099764347076416,1500,0.0,0.0
2017-06-01 00:00:00-04:00,3.1276623067481935,3.1307621420761986,3.031569480895996,3.031569480895996,700,0.0,0.0
2017-06-02 00:00:00-04:00,2.975773891439985,3.130762108793806,2.975773891439985,3.099764347076416,5800,0.0,0.0
2017-06-05 00:00:00-04:00,3.099764347076416,3.124562438203702,3.0377691192582006,3.099764347076416,16500,0.0,0.0
2017-06-06 00:00:00-04:00,3.0861255485613714,3.1307621726238515,3.065046904618518,3.1245625019073486,2900,0.0,0.0
2017-06-07 00:00:00-04:00,3.037769151552007,3.161759608506551,3.031569480895996,3.031569480895996,11500,0.0,0.0
2017-06-08 00:00:00-04:00,3.0749662948995504,3.161759614944458,3.0749662948995504,3.161759614944458,1300,0.0,0.0
2017-06-09 00:00:00-04:00,3.1103037415017805,3.1183631360872757,3.0067714277907065,3.093564748764038,3600,0.0,0.0
2017-06-12 00:00:00-04:00,3.0278496011715186,3.1307620009841264,3.0129709243774414,3.0129709243774414,8900,0.0,0.0
2017-06-13 00:00:00-04:00,3.0377691192582006,3.130762108793806,3.037149211322503,3.099764347076416,21900,0.0,0.0
2017-06-14 00:00:00-04:00,3.068766510821852,3.0873652265238554,2.9447760581970215,2.9447760581970215,15100,0.0,0.0
2017-06-15 00:00:00-04:00,2.9199775282972693,3.099763805358756,2.9199775282972693,3.0439679622650146,10100,0.0,0.0
2017-06-16 00:00:00-04:00,3.0377688050638496,3.0997640264699418,2.9137780666351314,2.913778066635132,19100,0.0,0.0
2017-06-19 00:00:00-04:00,2.944776296151588,2.9943724812091723,2.7401918849807623,2.8145861625671387,51500,0.0,0.0
2017-06-20 00:00:00-04:00,2.764989836169658,2.9323770999908447,2.764989836169658,2.9323770999908447,1400,0.0,0.0
2017-06-21 00:00:00-04:00,2.8269847707049305,3.006771061483653,2.8269847707049305,2.907578706741333,8800,0.0,0.0
2017-06-22 00:00:00-04:00,2.8579830516509803,2.9689545631408687,2.8579830516509803,2.968954563140869,1900,0.0,0.0
2017-06-23 00:00:00-04:00,2.888980322052835,3.037769166759724,2.8827809469823564,3.0253701210021973,2700,0.0,0.0
2017-06-26 00:00:00-04:00,3.0129709243774414,3.019170299137502,3.0129709243774414,3.0129709243774414,500,0.0,0.0
2017-06-27 00:00:00-04:00,2.9757745265960693,3.0458291637641017,2.9757745265960693,2.9757745265960693,1700,0.0,0.0
2017-06-28 00:00:00-04:00,2.913778989928821,2.9757745265960693,2.913778989928821,2.9757745265960693,1700,0.0,0.0
2017-06-29 00:00:00-04:00,2.9447761304763342,2.994372312743601,2.9385764598846436,2.9385764598846436,300,0.0,0.0
2017-06-30 00:00:00-04:00,2.8951802705372547,3.0334298065880634,2.8889805992553383,2.926177740097046,6000,0.0,0.0
2017-07-03 00:00:00-04:00,2.9447763323985687,3.0253702819174575,2.9447763323985687,3.0067715644836426,500,0.0,0.0
2017-07-05 00:00:00-04:00,2.9447761456214305,3.0005719987673483,2.9323770999908447,2.9323770999908447,1000,0.0,0.0
2017-07-06 00:00:00-04:00,2.919978352550008,3.000572305187394,2.888980587499753,2.9571754932403564,47800,0.0,0.0
2017-07-07 00:00:00-04:00,3.0253707194365655,3.031570095733314,2.926178038138945,2.9757745265960693,43100,0.0,0.0
2017-07-10 00:00:00-04:00,3.0749660403148784,3.09976412970318,3.019790099275153,3.0625669956207275,2000,0.0,0.0
2017-07-11 00:00:00-04:00,3.006771693062378,3.006771693062378,2.926177740097046,2.926177740097046,1300,0.0,0.0
2017-07-12 00:00:00-04:00,2.926177300313826,2.932376970663977,2.8827807903289795,2.8827807903289795,13100,0.0,0.0
2017-07-13 00:00:00-04:00,2.88595199584961,2.932888281005754,2.822524240159413,2.8859519958496094,8500,0.105,0.0
2017-07-14 00:00:00-04:00,2.9493796825408936,2.9493796825408936,2.9493796825408936,2.9493796825408936,200,0.0,0.0
2017-07-17 00:00:00-04:00,2.9747506088862044,2.9747506088862044,2.695669495419813,2.7273833751678467,8100,0.0,0.0
2017-07-18 00:00:00-04:00,2.828867335124889,2.8542383182021185,2.6512701511383057,2.6512701511383057,17100,0.0,0.0
2017-07-19 00:00:00-04:00,2.6576128559702688,2.72357752817984,2.6576128559702688,2.6639554500579834,2200,0.0,0.0
2017-07-20 00:00:00-04:00,2.6702981969322233,2.721040156573872,2.3595033916811885,2.568814277648926,15400,0.0,0.0
2017-07-21 00:00:00-04:00,2.5117296374745886,2.698840856552124,2.5117296374745886,2.698840856552124,9300,0.0,0.0
2017-07-24 00:00:00-04:00,2.7781259817677095,2.7781259817677095,2.5402727361186805,2.7020130157470703,6000,0.0,0.0
2017-07-25 00:00:00-04:00,2.663955782041431,2.6766412742436856,2.5688147417475156,2.632242202758789,30300,0.0,0.0
2017-07-26 00:00:00-04:00,2.663955710549317,3.184061481775757,2.6417561754026337,3.1713759899139404,104500,0.0,0.0
2017-07-27 00:00:00-04:00,3.1840610114030685,3.1840610114030685,2.89102598097219,3.1650326251983643,23100,0.0,0.0
2017-07-28 00:00:00-04:00,3.1713759899139404,3.1713759899139404,3.0762346497273256,3.1713759899139404,9300,0.0,0.0
2017-07-31 00:00:00-04:00,3.1713762444598093,3.1713762444598093,2.7590972721908327,3.1079487800598145,33800,0.0,0.0
2017-08-01 00:00:00-04:00,3.1396623610368084,3.1396623610368084,2.8593127566766263,3.1079487800598145,7900,0.0,0.0
2017-08-02 00:00:00-04:00,3.1206338865896988,3.1713758518275847,2.9493796026888477,3.13331937789917,6900,0.0,0.0
2017-08-03 00:00:00-04:00,3.146005153656006,3.146005153656006,3.0521322675215847,3.146005153656006,2500,0.0,0.0
2017-08-04 00:00:00-04:00,3.13331937789917,3.13331937789917,3.13331937789917,3.13331937789917,800,0.0,0.0
2017-08-07 00:00:00-04:00,2.885952205528601,3.0762345790863037,2.695669529524922,3.0762345790863037,13800,0.0,0.0
2017-08-08 00:00:00-04:00,3.0128071308135986,3.0128071308135986,3.0128071308135986,3.0128071308135986,400,0.0,0.0
2017-08-09 00:00:00-04:00,3.0128071308135986,3.0128071308135986,3.0128071308135986,3.0128071308135986,0,0.0,0.0
2017-08-10 00:00:00-04:00,2.8846837424366245,3.1079487800598145,2.7908111556138335,3.1079487800598145,9700,0.0,0.0
2017-08-11 00:00:00-04:00,3.031201124191284,3.0756004980501306,3.031201124191284,3.031201124191284,3400,0.0,0.0
2017-08-14 00:00:00-04:00,2.9430367663729236,3.0762345790863037,2.936694171810655,3.0762345790863037,3600,0.0,0.0
2017-08-15 00:00:00-04:00,2.917665958404541,3.0698921688361316,2.854238496743876,2.917665958404541,28900,0.0,0.0
2017-08-16 00:00:00-04:00,2.9950474935242126,3.0762345790863037,2.8796093085203562,3.0762345790863037,13200,0.0,0.0
2017-08-17 00:00:00-04:00,2.9975844103707296,3.0762345790863037,2.9975844103707296,3.0762345790863037,4300,0.0,0.0
2017-08-18 00:00:00-04:00,3.0762343360979267,3.165032770077431,2.917665552768694,3.1396617889404297,16000,0.0,0.0
2017-08-21 00:00:00-04:00,3.0318355794339595,3.1713759899139404,3.0318355794339595,3.1713759899139404,1700,0.0,0.0
2017-08-22 00:00:00-04:00,3.1269766171745914,3.1713759899139404,3.1206340224666747,3.1713759899139404,800,0.0,0.0
2017-08-23 00:00:00-04:00,2.8732667799382625,3.1713759899139404,2.8732667799382625,3.1713759899139404,4100,0.0,0.0
2017-08-24 00:00:00-04:00,2.9874362066946105,3.1713759899139404,2.9874362066946105,3.1713759899139404,36600,0.0,0.0
2017-08-25 00:00:00-04:00,3.044521021160789,3.158690446037077,2.9493796825408936,2.9493796825408936,1300,0.0,0.0
2017-08-28 00:00:00-04:00,2.917666109297878,3.133319792543124,2.917666109297878,3.0381784439086914,2200,0.0,0.0
2017-08-29 00:00:00-04:00,3.023589862949943,3.13331937789917,3.023589862949943,3.13331937789917,500,0.0,0.0
2017-08-30 00:00:00-04:00,3.0318355794339595,3.1713759899139404,3.0318355794339595,3.1713759899139404,3500,0.0,0.0
2017-08-31 00:00:00-04:00,3.044521021160789,3.1206339710783144,2.9493796825408936,2.9493796825408936,6800,0.0,0.0
2017-09-01 00:00:00-04:00,2.962064920981422,3.1396617889404297,2.9493794304129217,3.1396617889404297,2300,0.0,0.0
2017-09-05 00:00:00-04:00,3.1269764810214493,3.13331937789917,3.044520938732869,3.13331937789917,2300,0.0,0.0
2017-09-06 00:00:00-04:00,3.0825775468812253,3.1713759899139404,3.0508636660036927,3.1713759899139404,4300,0.0,0.0
2017-09-07 00:00:00-04:00,3.0762346497273256,3.1713759899139404,3.0572065631575924,3.1713759899139404,10600,0.0,0.0
2017-09-08 00:00:00-04:00,3.0825775468812253,3.1713759899139404,3.02549268228006,3.1713759899139404,9300,0.0,0.0
2017-09-11 00:00:00-04:00,3.133319765819812,3.1396623610368084,2.987436446476821,3.1079487800598145,3700,0.0,0.0
2017-09-12 00:00:00-04:00,3.1079485509582554,3.1079485509582554,3.0254927020934685,3.1016056537628174,8600,0.0,0.0
2017-09-13 00:00:00-04:00,3.1079483823068923,3.1079483823068923,2.9240086078643794,2.92400860786438,11100,0.0,0.0
2017-09-14 00:00:00-04:00,2.9804592147799864,3.0762347885137755,2.847895622253418,2.847895622253418,24500,0.0,0.0
2017-09-15 00:00:00-04:00,2.8859524064859414,3.0064644335744384,2.790811061859131,2.790811061859131,15800,0.0,0.0
2017-09-18 00:00:00-04:00,2.9684077512943983,2.9684077512943983,2.8034963607788086,2.8034963607788086,10900,0.0,0.0
2017-09-19 00:00:00-04:00,2.8859524626706214,2.9366944334738494,2.7971537113189697,2.7971537113189697,11800,0.0,0.0
2017-09-20 00:00:00-04:00,2.8859523827089086,2.9506483029566795,2.860581398010254,2.860581398010254,3200,0.0,0.0
2017-09-21 00:00:00-04:00,2.879609300587079,2.9176657751937745,2.8669238090515137,2.8669238090515137,4000,0.0,0.0
2017-09-22 00:00:00-04:00,2.91132354002397,2.9684081077575684,2.822524785867683,2.9684081077575684,8600,0.0,0.0
2017-09-25 00:00:00-04:00,2.967773744064243,2.967773744064243,2.8542385405810107,2.930351495742798,6300,0.0,0.0
2017-09-26 00:00:00-04:00,2.7965190296961664,2.88595199584961,2.7965190296961664,2.8859519958496094,3500,0.0,0.0
2017-09-27 00:00:00-04:00,2.8098389459184827,2.873266706042284,2.7908108598381225,2.8669238090515137,12900,0.0,0.0
2017-09-28 00:00:00-04:00,2.8669243622620932,2.8986382484436035,2.8339420174160534,2.8986382484436035,5300,0.0,0.0
2017-09-29 00:00:00-04:00,2.917665958404541,3.0381782867828018,2.82886751207961,2.917665958404541,12000,0.0,0.0
2017-10-02 00:00:00-04:00,2.8859526391080714,2.9937791824340825,2.841553260717817,2.993779182434082,31000,0.0,0.0
2017-10-03 00:00:00-04:00,2.943036552546451,2.962064939742701,2.8605810145519124,2.8859519958496094,32800,0.0,0.0
2017-10-04 00:00:00-04:00,2.904980310532682,2.9493796825408936,2.904980310532682,2.9493796825408936,2100,0.0,0.0
2017-10-05 00:00:00-04:00,2.899906418321859,2.9430370330810547,2.899906418321859,2.9430370330810547,1800,0.0,0.0
2017-10-06 00:00:00-04:00,2.885952271800079,3.1713759899139404,2.8542383909225464,3.1713759899139404,7900,0.0,0.0
2017-10-09 00:00:00-04:00,3.0286634103561068,3.0286634103561068,2.835209327427496,2.865020513534546,10600,0.0,0.0
2017-10-10 00:00:00-04:00,2.8859528110570993,2.8859528110570993,2.8669244184858176,2.8853182792663574,9400,0.0,0.0
2017-10-11 00:00:00-04:00,2.9379627611080417,2.9379627611080417,2.8669239446594843,2.904980421066284,2600,0.0,0.0
2017-10-12 00:00:00-04:00,2.898637541978252,3.0762344144613283,2.8922946453094482,2.8922946453094482,14500,0.0,0.0
2017-10-13 00:00:00-04:00,2.930351841903255,2.930351841903255,2.9284491539001465,2.9284491539001465,2400,0.0,0.0
2017-10-16 00:00:00-04:00,2.8859527360689574,2.942403078079224,2.8859527360689574,2.9424030780792236,2700,0.0,0.0
2017-10-17 00:00:00-04:00,2.885952402001808,2.8865866312566153,2.822524637385156,2.847895622253418,18600,0.0,0.0
2017-10-18 00:00:00-04:00,2.854238225501613,2.872632081779114,2.841552734375,2.841552734375,3000,0.0,0.0
2017-10-19 00:00:00-04:00,2.8352098542292126,2.8796092246559306,2.7590969070228097,2.771782398223877,25300,0.0,0.0
2017-10-20 00:00:00-04:00,2.75909698043952,2.75909698043952,2.613213676522461,2.6512701511383057,55000,0.0,0.0
2017-10-23 00:00:00-04:00,2.638584726825684,2.638584726825684,2.5180725541384277,2.5371007919311523,53100,0.0,0.0
2017-10-24 00:00:00-04:00,2.5307583277766463,2.7667087143895013,2.5066557998218078,2.5497865676879883,85300,0.0,0.0
2017-10-25 00:00:00-04:00,2.5244153896714328,2.5688147639867016,2.429274046107852,2.562471866607666,1537700,0.0,0.0
2017-10-26 00:00:00-04:00,2.568814672808685,2.568814672808685,2.536466562704959,2.5371007919311523,231500,0.0,0.0
2017-10-27 00:00:00-04:00,2.568814706663604,2.6512702536291175,2.5371008253681078,2.6132137775421143,156800,0.0,0.0
2017-10-30 00:00:00-04:00,2.5688147855846406,2.644927740097046,2.5688147855846406,2.644927740097046,94300,0.0,0.0
2017-10-31 00:00:00-04:00,2.6449273068266455,2.7273831452641737,2.6322418164859447,2.7210402488708496,116800,0.0,0.0
2017-11-01 00:00:00-04:00,2.7273833751678467,2.771782443879927,2.663955615671779,2.7273833751678467,104900,0.0,0.0
2017-11-02 00:00:00-04:00,2.7464116870476865,2.790811061859131,2.6829842247784783,2.790811061859131,78100,0.0,0.0
2017-11-03 00:00:00-04:00,2.771782542597748,2.8478954937686467,2.5371007919311523,2.5371007919311523,81700,0.0,0.0
2017-11-06 00:00:00-05:00,2.6445775866197345,2.7227423679544898,2.6445775866197345,2.690173864364624,26500,0.105,0.0
2017-11-07 00:00:00-05:00,2.6966869015388046,2.6966869015388046,2.631549596786499,2.631549596786499,31500,0.0,0.0
2017-11-08 00:00:00-05:00,2.6185226781106223,2.7240453510816565,2.592467750813938,2.6054952144622803,56900,0.0,0.0
2017-11-09 00:00:00-05:00,2.5989812406074733,2.6054949718250517,2.5533851220844235,2.559898853302002,14800,0.0,0.0
2017-11-10 00:00:00-05:00,2.605494761529291,2.605494761529291,2.5468711853027344,2.5468711853027344,24900,0.0,0.0
2017-11-13 00:00:00-05:00,2.579439943123887,2.579439943123887,2.5403575573916086,2.553385019302368,23100,0.0,0.0
2017-11-14 00:00:00-05:00,2.5403574546108945,2.563806916161435,2.514302376543946,2.5468711853027344,21900,0.0,0.0
2017-11-15 00:00:00-05:00,2.5598988899093778,2.644577396948829,2.546871427287924,2.5924675464630127,17200,0.0,0.0
2017-11-16 00:00:00-05:00,2.612008560660392,2.6797511712432884,2.546871100608502,2.631549596786499,10000,0.0,0.0
2017-11-17 00:00:00-05:00,2.729256206067705,2.729256206067705,2.605495149208399,2.7227423191070557,29900,0.0,0.0
2017-11-20 00:00:00-05:00,2.6067978676473444,2.6908252100686525,2.592467750813938,2.6054952144622803,5600,0.0,0.0
2017-11-21 00:00:00-05:00,2.683659960847159,2.683659960847159,2.5598990578252825,2.5729265213012695,25000,0.0,0.0
2017-11-22 00:00:00-05:00,2.572926287599973,2.6445773302097706,2.5598988253072825,2.6185224056243896,14700,0.0,0.0
2017-11-24 00:00:00-05:00,2.618522308931559,2.657604694366455,2.5924673853082947,2.657604694366455,6000,0.0,0.0
2017-11-27 00:00:00-05:00,2.605494674885577,2.6510909435117753,2.605494674885577,2.631549596786499,5800,0.0,0.0
2017-11-28 00:00:00-05:00,2.651091444113648,2.651091444113648,2.5533853132358937,2.565109968185425,28800,0.0,0.0
2017-11-29 00:00:00-05:00,2.5924674435154436,2.612008791971237,2.579439981411314,2.585953712463379,25900,0.0,0.0
2017-11-30 00:00:00-05:00,2.599632462495685,2.6250362151111406,2.553385019302368,2.553385019302368,31000,0.0,0.0
2017-12-01 00:00:00-05:00,2.5598990578252825,2.5729265213012695,2.5403578626113017,2.5729265213012695,28700,0.0,0.0
2017-12-04 00:00:00-05:00,2.5403578626113017,2.5729265213012695,2.5403578626113017,2.5729265213012695,11400,0.0,0.0
2017-12-05 00:00:00-05:00,2.5533851913056718,2.579440116882324,2.5403577285173453,2.579440116882324,15300,0.0,0.0
2017-12-06 00:00:00-05:00,2.546871390866845,2.572926315737159,2.546871390866845,2.559898853302002,8300,0.0,0.0
2017-12-07 00:00:00-05:00,2.5664125845195804,2.5664125845195804,2.5533851220844235,2.559898853302002,5100,0.0,0.0
2017-12-08 00:00:00-05:00,2.540357695977197,2.5924675464630127,2.540357695977197,2.5924675464630127,13000,0.0,0.0
2017-12-11 00:00:00-05:00,2.579439943123887,2.5989811359900257,2.5468712883469884,2.553385019302368,10900,0.0,0.0
2017-12-12 00:00:00-05:00,2.5468711853027344,2.5631554343825385,2.5468711853027344,2.5468711853027344,15500,0.0,0.0
2017-12-13 00:00:00-05:00,2.566412513874788,2.566412513874788,2.5403575897216797,2.5403575897216797,9600,0.0,0.0
2017-12-14 00:00:00-05:00,2.5468713207599567,2.5533850517982337,2.5403575897216797,2.5403575897216797,14100,0.0,0.0
2017-12-15 00:00:00-05:00,2.5533851220844235,2.559898853302002,2.546871390866845,2.559898853302002,14200,0.0,0.0
2017-12-18 00:00:00-05:00,2.5403575950989237,2.585953712463379,2.5403575950989237,2.585953712463379,63700,0.0,0.0
2017-12-19 00:00:00-05:00,2.58595370698962,2.58595370698962,2.5403575897216797,2.5403575897216797,25800,0.0,0.0
2017-12-20 00:00:00-05:00,2.5468711853027344,2.5605499731657204,2.5468711853027344,2.5468711853027344,15600,0.0,0.0
2017-12-21 00:00:00-05:00,2.5664123773782532,2.5664123773782532,2.5468711853027344,2.5468711853027344,19000,0.0,0.0
2017-12-22 00:00:00-05:00,2.547522717398722,2.5664125845195804,2.5436144476082543,2.559898853302002,29400,0.0,0.0
2017-12-26 00:00:00-05:00,2.5664124812131273,2.5664124812131273,2.5468712883469884,2.553385019302368,21500,0.0,0.0
2017-12-27 00:00:00-05:00,2.5664123773782532,2.5664123773782532,2.5468711853027344,2.5468711853027344,28600,0.0,0.0
2017-12-28 00:00:00-05:00,2.5468711853027344,2.553384915994574,2.5468711853027344,2.5468711853027344,48200,0.0,0.0
2017-12-29 00:00:00-05:00,2.5664124488830566,2.5664124488830566,2.5468712562630853,2.5664124488830566,4400,0.0,0.0
2018-01-02 00:00:00-05:00,2.5468713207599567,2.559898782836511,2.5403575897216797,2.5403575897216797,23200,0.0,0.0
2018-01-03 00:00:00-05:00,2.5468711853027344,2.5598986466864133,2.5468711853027344,2.5468711853027344,11500,0.0,0.0
2018-01-04 00:00:00-05:00,2.59246771651525,2.696687424323146,2.5468715943492954,2.5729265213012695,51300,0.0,0.0
2018-01-05 00:00:00-05:00,2.5598987180097326,2.6250361820425643,2.5598987180097326,2.5664124488830566,21900,0.0,0.0
2018-01-08 00:00:00-05:00,2.5598989226998348,2.5924675796706507,2.5533851913056718,2.579440116882324,12000,0.0,0.0
2018-01-09 00:00:00-05:00,2.5989812777737398,2.612008895694798,2.572926352530832,2.5924675464630127,21600,0.0,0.0
2018-01-10 00:00:00-05:00,2.584651039877812,2.590513444722441,2.572926385488161,2.579440116882324,8200,0.0,0.0
2018-01-11 00:00:00-05:00,2.587907865214305,2.612008810043335,2.579439999258073,2.612008810043335,7500,0.0,0.0
2018-01-12 00:00:00-05:00,2.6250363583162524,2.6250363583162524,2.5924675464630127,2.5924675464630127,18100,0.0,0.0
2018-01-16 00:00:00-05:00,2.5598988899093778,2.612008895694798,2.5598988899093778,2.5924675464630127,30900,0.0,0.0
2018-01-17 00:00:00-05:00,2.585953569453772,2.589210357149897,2.5468711853027344,2.5468711853027344,18100,0.0,0.0
2018-01-18 00:00:00-05:00,2.5403576596492665,2.5794400469547374,2.5403576596492665,2.559898853302002,8800,0.0,0.0
2018-01-19 00:00:00-05:00,2.5729262503592487,2.585953712463379,2.559898788255119,2.585953712463379,13100,0.0,0.0
2018-01-22 00:00:00-05:00,2.5729265213012695,2.579440253039263,2.5729265213012695,2.5729265213012695,5000,0.0,0.0
2018-01-23 00:00:00-05:00,2.5761830382354822,2.585953712463379,2.5729262503592487,2.585953712463379,32300,0.0,0.0
2018-01-24 00:00:00-05:00,2.579440185758369,2.621128192033849,2.5729264541902768,2.5989813804626465,20900,0.0,0.0
2018-01-25 00:00:00-05:00,2.572926352530832,2.611357258554398,2.572926352530832,2.5924675464630127,19500,0.0,0.0
2018-01-26 00:00:00-05:00,2.585953569453772,2.585953569453772,2.5403574546108945,2.5468711853027344,38300,0.0,0.0
2018-01-29 00:00:00-05:00,2.5403575897216797,2.5468713207599567,2.5403575897216797,2.5403575897216797,20600,0.0,0.0
2018-01-30 00:00:00-05:00,2.5403574670604887,2.5403574670604887,2.483036543511632,2.50778865814209,54000,0.0,0.0
2018-01-31 00:00:00-05:00,2.4947613261905617,2.4947613261905617,2.41659655344811,2.455678939819336,46100,0.0,0.0
2018-02-01 00:00:00-05:00,2.461541043329666,2.4947610210926765,2.4426511789705048,2.481733560562134,8700,0.0,0.0
2018-02-02 00:00:00-05:00,2.4426513353882315,2.462192527435387,2.4165964126586914,2.4165964126586914,36400,0.0,0.0
2018-02-05 00:00:00-05:00,2.4165964126586914,2.431578008758136,2.4165964126586914,2.4165964126586914,29500,0.0,0.0
2018-02-06 00:00:00-05:00,2.4439544883200415,2.488247801087193,2.4231104850769043,2.4231104850769043,3700,0.0,0.0
2018-02-07 00:00:00-05:00,2.4393947027633542,2.560550295229945,2.4361379146575928,2.4361379146575928,13700,0.0,0.0
2018-02-08 00:00:00-05:00,2.4165964126586914,2.4888989319428783,2.377514028564381,2.4165964126586914,12200,0.0,0.0
2018-02-09 00:00:00-05:00,2.325404388201937,2.4706607757608223,2.3123769248181425,2.410083055496216,9700,0.0,0.0
2018-02-12 00:00:00-05:00,2.4100830203193286,2.4387434082854353,2.377514362335205,2.377514362335205,7200,0.0,0.0
2018-02-13 00:00:00-05:00,2.4100826504478605,2.4687062258224186,2.371000266864822,2.42962384223938,16500,0.0,0.0
2018-02-14 00:00:00-05:00,2.423110111642207,2.462192495225245,2.279807883204811,2.42962384223938,69100,0.0,0.0
2018-02-15 00:00:00-05:00,2.4798920154571533,2.4906158944156065,2.412867811916302,2.4798920154571533,11000,0.105,0.0
2018-02-16 00:00:00-05:00,2.49999923891135,2.49999923891135,2.419570226289538,2.4262726306915283,16200,0.0,0.0
2018-02-20 00:00:00-05:00,2.397452219905118,2.4604549476537483,2.3867285009502144,2.406165361404419,9000,0.0,0.0
2018-02-21 00:00:00-05:00,2.3927609743808254,2.4061657852335396,2.3793561635281106,2.3860585689544678,17900,0.0,0.0
2018-02-22 00:00:00-05:00,2.352546400684156,2.412868045902438,2.3123319705386347,2.362600088119507,91700,0.0,0.0
2018-02-23 00:00:00-05:00,2.3793558517978095,2.4497311794533414,2.3525462336048317,2.359248638153076,29300,0.0,0.0
2018-02-26 00:00:00-05:00,2.372653371780597,2.386058180450708,2.3324389457702637,2.3324389457702637,22000,0.0,0.0
2018-02-27 00:00:00-05:00,2.3458441463418986,2.38672893147458,2.2184982829032585,2.238605499267578,54900,0.0,0.0
2018-02-28 00:00:00-05:00,2.2788198362085215,2.3927607161603945,2.252010057598383,2.292224645614624,21700,0.0,0.0
2018-03-01 00:00:00-05:00,2.278820019989677,2.3659512881562645,2.2386054287302297,2.2721176147460938,21400,0.0,0.0
2018-03-02 00:00:00-05:00,2.2520100756156736,2.3069698585395755,2.2520100756156736,2.298927068710327,21600,0.0,0.0
2018-03-05 00:00:00-05:00,2.2788200190921497,2.332439261019701,2.2117958068847656,2.2117958068847656,50800,0.0,0.0
2018-03-06 00:00:00-05:00,2.2386055168558485,2.315683260090299,2.2386055168558485,2.2453079223632812,25600,0.0,0.0
2018-03-07 00:00:00-05:00,2.2741282820250364,2.325736948250424,2.2453079223632812,2.2453079223632812,23400,0.0,0.0
2018-03-08 00:00:00-05:00,2.320374719175221,2.320374719175221,2.2406160528741816,2.2587125301361084,34400,0.0,0.0
2018-03-09 00:00:00-05:00,2.3391414785359834,2.3391414785359834,2.2714470791766117,2.292224645614624,27700,0.0,0.0
2018-03-12 00:00:00-04:00,2.3257366154118535,2.3793558517978095,2.3116614540019893,2.359248638153076,65600,0.0,0.0
2018-03-13 00:00:00-04:00,2.3927610199689724,2.422921924861196,2.3056297477662575,2.3123321533203125,27500,0.0,0.0
2018-03-14 00:00:00-04:00,2.3458441830938375,2.3465143757104294,2.245307939899206,2.2520103454589844,89000,0.0,0.0
2018-03-15 00:00:00-04:00,2.278820002031924,2.278820002031924,2.258712626661679,2.2654151916503906,35200,0.0,0.0
2018-03-16 00:00:00-04:00,2.252009785632209,2.3190339843664125,2.252009785632209,2.2788195610046387,51200,0.0,0.0
2018-03-19 00:00:00-04:00,2.365951091267755,2.406835871709849,2.231902837753296,2.231902837753296,55600,0.0,0.0
2018-03-20 00:00:00-04:00,2.292224858844696,2.379356128089592,2.2788200481916348,2.3726537227630615,39300,0.0,0.0
2018-03-21 00:00:00-04:00,2.3458437355175317,2.352546139798522,2.306969694809034,2.3257365226745605,58100,0.0,0.0
2018-03-22 00:00:00-04:00,2.345844523779944,2.3659517433794433,2.345844523779944,2.3525469303131104,10600,0.0,0.0
2018-03-23 00:00:00-04:00,2.3391417037238043,2.3525465144203803,2.258712679746399,2.2855224609375,96300,0.0,0.0
2018-03-26 00:00:00-04:00,2.4256026447817645,2.4731898319474945,2.2788199279371604,2.3558976650238037,36300,0.0,0.0
2018-03-27 00:00:00-04:00,2.4028145538285828,2.4028145538285828,2.285522384269159,2.345844030380249,15300,0.0,0.0
2018-03-28 00:00:00-04:00,2.3793557761156525,2.386058180450708,2.2788197110898194,2.3324389457702637,20800,0.0,0.0
2018-03-29 00:00:00-04:00,2.3190341183935703,2.329087644916094,2.2855220969886187,2.3257365226745605,17600,0.0,0.0
2018-04-02 00:00:00-04:00,2.3056295242644333,2.3056295242644333,2.2520101252317675,2.2587125301361084,36200,0.0,0.0
2018-04-03 00:00:00-04:00,2.4128682198470472,2.4530828126895945,2.2453079223632812,2.2453079223632812,123300,0.0,0.0
2018-04-04 00:00:00-04:00,2.2453075476246886,2.339141368865967,2.2453075476246886,2.339141368865967,12700,0.0,0.0
2018-04-05 00:00:00-04:00,2.332439019960098,2.418900086571831,2.3257366154118535,2.359248638153076,47200,0.0,0.0
2018-04-06 00:00:00-04:00,2.3726537581017535,2.3994633798071825,2.3659513526753964,2.3860585689544678,16500,0.0,0.0
2018-04-09 00:00:00-04:00,2.399463653564453,2.4664878752728376,2.332439591654037,2.399463653564453,77400,0.0,0.0
2018-04-10 00:00:00-04:00,2.459785223007202,2.499999656130438,2.4329756009250447,2.459785223007202,43100,0.0,0.0
2018-04-11 00:00:00-04:00,2.5253330745739477,2.532232884975606,2.3459378396263637,2.449434995651245,37100,0.105,0.0
2018-04-12 00:00:00-04:00,2.40113652322541,2.442535389090286,2.3666374683380127,2.3666374683380127,8800,0.0,0.0
2018-04-13 00:00:00-04:00,2.442535504555928,2.442535504555928,2.387337014126702,2.401136636734009,5400,0.0,0.0
2018-04-16 00:00:00-04:00,2.421836093148741,2.421836093148741,2.406656442337863,2.408036470413208,2800,0.0,0.0
2018-04-17 00:00:00-04:00,2.40113652322541,2.4252859438988223,2.359737657360533,2.3666374683380127,22900,0.0,0.0
2018-04-18 00:00:00-04:00,2.3735371637919496,2.3942365957169156,2.318338514154244,2.3321382999420166,44500,0.0,0.0
2018-04-19 00:00:00-04:00,2.3804376125335693,2.421836487480882,2.332138925095038,2.3804376125335693,45400,0.0,0.0
2018-04-20 00:00:00-04:00,2.3942365957169156,2.4239057979264804,2.3321382999420166,2.3321382999420166,12900,0.0,0.0
2018-04-23 00:00:00-04:00,2.3321386589140882,2.361117769366944,2.290739624187389,2.3183388710021973,20400,0.0,0.0
2018-04-24 00:00:00-04:00,2.3114384906729346,2.3873365652468332,2.3114384906729346,2.3390378952026367,44900,0.0,0.0
2018-04-25 00:00:00-04:00,2.3390381565232445,2.4494351289579694,2.3390381565232445,2.345937967300415,32300,0.0,0.0
2018-04-26 00:00:00-04:00,2.3321383457460745,2.3804370211862667,2.325238370464439,2.345937967300415,21800,0.0,0.0
2018-04-27 00:00:00-04:00,2.37353722364353,2.4494351426155974,2.36042753374247,2.4218358993530273,24900,0.0,0.0
2018-04-30 00:00:00-04:00,2.442535534142435,2.5453427731635188,2.4149362885935117,2.4839344024658203,25600,0.0,0.0
2018-05-01 00:00:00-04:00,2.5115339536970787,2.532233389022324,2.436325791492852,2.504634141921997,30900,0.0,0.0
2018-05-02 00:00:00-04:00,2.531543280493894,2.5363732967672186,2.4839345301238773,2.495664358139038,15700,0.0,0.0
2018-05-03 00:00:00-04:00,2.517053595827216,2.5177435276145954,2.4839344024658203,2.4839344024658203,5400,0.0,0.0
2018-05-04 00:00:00-04:00,2.4839339495252952,2.54603240519132,2.4839339495252952,2.539132595062256,27700,0.0,0.0
2018-05-07 00:00:00-04:00,2.555692606125963,2.555692606125963,2.5184336570455366,2.5349931716918945,7000,0.0,0.0
2018-05-08 00:00:00-04:00,2.5253335052253294,2.5619025230407715,2.5253335052253294,2.5619025230407715,1000,0.0,0.0
2018-05-09 00:00:00-04:00,2.552932783287991,2.5736322182803213,2.5391331599597713,2.566732406616211,28800,0.0,0.0
2018-05-10 00:00:00-04:00,2.5874318193560923,2.5874318193560923,2.5598325729370117,2.5598325729370117,12700,0.0,0.0
2018-05-11 00:00:00-04:00,2.5874316692352295,2.5874316692352295,2.573632046826333,2.5874316692352295,31500,0.0,0.0
2018-05-14 00:00:00-04:00,2.5874316692352295,2.5874316692352295,2.5846717776543455,2.5874316692352295,5200,0.0,0.0
2018-05-15 00:00:00-04:00,2.5874317291336326,2.5874317291336326,2.532233238220215,2.532233238220215,54200,0.0,0.0
2018-05-16 00:00:00-04:00,2.5598321959754506,2.5736318171528554,2.5046337112658326,2.5184333324432373,6100,0.0,0.0
2018-05-17 00:00:00-04:00,2.5046338245340833,2.559832311739969,2.463234794625201,2.5529325008392334,17500,0.0,0.0
2018-05-18 00:00:00-04:00,2.5522424723634853,2.573632001876831,2.5253333242892486,2.573632001876831,29300,0.0,0.0
2018-05-21 00:00:00-04:00,2.5736319231033846,2.628830410085398,2.566042180494698,2.6219305992126465,80100,0.0,0.0
2018-05-22 00:00:00-04:00,2.6357301979711765,2.6357301979711765,2.5874315222831417,2.6150307655334473,44300,0.0,0.0
2018-05-23 00:00:00-04:00,2.6219305763460237,2.689548821011952,2.5874315222831417,2.6150307655334473,78200,0.0,0.0
2018-05-24 00:00:00-04:00,2.608130954720871,2.6557396986789876,2.608130954720871,2.6150307655334473,30100,0.0,0.0
2018-05-25 00:00:00-04:00,2.66332950488842,2.704728535257989,2.6564296939109036,2.6840291023254395,2400,0.0,0.0
2018-05-29 00:00:00-04:00,2.6909288957898143,2.6909288957898143,2.6081310000940126,2.6288304328918457,14400,0.0,0.0
2018-05-30 00:00:00-04:00,2.638490089395314,2.6564296304089057,2.608130954720871,2.6150307655334473,35700,0.0,0.0
2018-05-31 00:00:00-04:00,2.6357300745319896,2.6495296955108643,2.6129606834664,2.6495296955108643,10800,0.0,0.0
2018-06-01 00:00:00-04:00,2.6426301452707643,2.6633295787775815,2.6288305229328865,2.6564297676086426,2800,0.0,0.0
2018-06-04 00:00:00-04:00,2.6564302016801955,2.715078688451817,2.6350408329127166,2.6426305770874023,39100,0.0,0.0
2018-06-05 00:00:00-04:00,2.6219305218640416,2.6909287930605332,2.6219305218640416,2.670229196548462,12800,0.0,0.0
2018-06-06 00:00:00-04:00,2.6978287014032616,2.7254279450792898,2.6771292686462402,2.6771292686462402,11400,0.0,0.0
2018-06-07 00:00:00-04:00,2.7323280443055475,2.7392278559526027,2.6847192945895224,2.6909291744232178,9000,0.0,0.0
2018-06-08 00:00:00-04:00,2.7116283462355053,2.7254279681905382,2.677129291347923,2.6840291023254395,44600,0.0,0.0
2018-06-11 00:00:00-04:00,2.697828502271989,2.7599267959594727,2.697828502271989,2.7599267959594727,25300,0.0,0.0
2018-06-12 00:00:00-04:00,2.759927313433045,2.759927313433045,2.697829008102417,2.697829008102417,14200,0.0,0.0
2018-06-13 00:00:00-04:00,2.7254276510680007,2.753026891766702,2.7047282205439744,2.732327461242676,23800,0.0,0.0
2018-06-14 00:00:00-04:00,2.7392274925080895,2.897923139334395,2.732327681776511,2.870323896408081,66300,0.0,0.0
2018-06-15 00:00:00-04:00,2.8496249012421364,2.932422637939453,2.753027377257454,2.932422637939453,117500,0.0,0.0
2018-06-18 00:00:00-04:00,2.932422409691353,2.932422409691353,2.8358250577299042,2.863424301147461,17200,0.0,0.0
2018-06-19 00:00:00-04:00,2.9048234628210676,2.9048234628210676,2.828925371170044,2.828925371170044,58900,0.0,0.0
2018-06-20 00:00:00-04:00,2.8289252226818205,2.89033375618747,2.8289252226818205,2.8565244674682617,25300,0.0,0.0
2018-06-21 00:00:00-04:00,2.8792936668095797,2.9048231145704375,2.8496246287178097,2.870323896408081,124700,0.0,0.0
2018-06-22 00:00:00-04:00,2.9324225584665937,3.1049180030822754,2.870324093122084,3.1049180030822754,76300,0.0,0.0
2018-06-25 00:00:00-04:00,3.139417114141502,3.139417114141502,2.808225858867253,2.8772239685058594,102200,0.0,0.0
2018-06-26 00:00:00-04:00,2.835825021546463,2.8772238861445736,2.7599269386121295,2.7806265354156494,107200,0.0,0.0
2018-06-27 00:00:00-04:00,2.759927130724721,2.822025596448892,2.759927130724721,2.76682710647583,120400,0.0,0.0
2018-06-28 00:00:00-04:00,2.822025390813632,2.8620440628217563,2.794426147838202,2.8496246337890625,42000,0.0,0.0
2018-06-29 00:00:00-04:00,2.835825347233304,2.8565246174051495,2.8006361931304062,2.828925371170044,17200,0.0,0.0
2018-07-02 00:00:00-04:00,2.8040856186628607,2.8351348467011257,2.732327461242676,2.732327461242676,27800,0.0,0.0
2018-07-03 00:00:00-04:00,2.7185278642202326,2.871013621037661,2.6978284335185907,2.739227294921875,12800,0.0,0.0
2018-07-05 00:00:00-04:00,2.7461272212159153,2.814435394769593,2.7461272212159153,2.773726463317871,9600,0.0,0.0
2018-07-06 00:00:00-04:00,2.778556930925446,2.8013263271635864,2.778556930925446,2.794426679611206,17000,0.0,0.0
2018-07-09 00:00:00-04:00,2.8151256002886003,2.8979233346479236,2.8082259535964647,2.8565244674682617,15100,0.0,0.0
2018-07-10 00:00:00-04:00,2.84962482727393,2.84962482727393,2.7944263375751826,2.835825204849243,12500,0.0,0.0
2018-07-11 00:00:00-04:00,2.822025436021126,2.863424301147461,2.822025436021126,2.863424301147461,9500,0.0,0.0
2018-07-12 00:00:00-04:00,2.925522565841675,2.925522565841675,2.86342442986518,2.925522565841675,26500,0.0,0.0
2018-07-13 00:00:00-04:00,2.9324228326990345,2.9593321482642136,2.910343368978197,2.918623208999634,31900,0.0,0.0
2018-07-16 00:00:00-04:00,2.966921859401148,2.9876211290709977,2.932422637939453,2.932422637939453,168200,0.0,0.0
2018-07-17 00:00:00-04:00,2.9738215958547585,3.001420842251775,2.911723126956987,2.96002197265625,111600,0.0,0.0
2018-07-18 00:00:00-04:00,3.001420824793185,3.0290200710296626,2.9324227092019903,3.029020071029663,117000,0.0,0.0
2018-07-19 00:00:00-04:00,2.9724027742368517,3.0375125576478346,2.951171513865548,3.00778865814209,56300,0.11,0.0
2018-07-20 00:00:00-04:00,2.9724026623828115,2.9915112684486305,2.9582483768463135,2.9582483768463135,21800,0.0,0.0
2018-07-23 00:00:00-04:00,2.958248430728608,3.000711288111531,2.958248430728608,2.979480028152466,36100,0.0,0.0
2018-07-24 00:00:00-04:00,3.000711288111531,3.000711288111531,2.979480028152466,2.979480028152466,16600,0.0,0.0
2018-07-25 00:00:00-04:00,3.000711383539291,3.000711383539291,2.9724028110504146,2.972402811050415,16800,0.0,0.0
2018-07-26 00:00:00-04:00,2.98655703445814,2.98655703445814,2.9370172023773193,2.9370172023773193,40800,0.0,0.0
2018-07-27 00:00:00-04:00,2.9016307908625714,2.979479518137845,2.866245251166345,2.915785074234009,54900,0.0,0.0
2018-07-30 00:00:00-04:00,2.929940164461562,2.9653260513671995,2.894554615020752,2.894554615020752,35900,0.0,0.0
2018-07-31 00:00:00-04:00,2.8945537884168018,2.9511709213256836,2.8945537884168018,2.9511709213256836,13900,0.0,0.0
2018-08-01 00:00:00-04:00,2.922155178497024,2.9653256989175145,2.901631245043829,2.938432455062866,13600,0.0,0.0
2018-08-02 00:00:00-04:00,2.951171402810458,2.9794799738834534,2.9186165123300345,2.9582483768463135,26000,0.0,0.0
2018-08-03 00:00:00-04:00,2.946217360501976,2.979479913970647,2.9299397468566895,2.9299397468566895,25500,0.0,0.0
2018-08-06 00:00:00-04:00,2.94763262735879,2.94763262735879,2.894554143118601,2.9016311168670654,45200,0.0,0.0
2018-08-07 00:00:00-04:00,2.901631589922983,2.922863189559331,2.8874773026536933,2.894554615020752,11300,0.0,0.0
2018-08-08 00:00:00-04:00,3.0785601266161016,3.0785601266161016,2.9370172641717214,2.972402811050415,47300,0.0,0.0
2018-08-09 00:00:00-04:00,2.973110722651753,2.973110722651753,2.8591684349711106,2.866245746612549,49400,0.0,0.0
2018-08-10 00:00:00-04:00,2.8662455731951972,2.9080007644519337,2.8662455731951972,2.9016311168670654,22500,0.0,0.0
2018-08-13 00:00:00-04:00,2.9299393576054467,2.9299393576054467,2.887476507491134,2.915785074234009,17900,0.0,0.0
2018-08-14 00:00:00-04:00,2.937017175213303,3.007788604291919,2.9348938467353083,2.9865570068359375,63500,0.0,0.0
2018-08-15 00:00:00-04:00,2.965325628718771,2.965325628718771,2.8874768911010595,2.9299397468566895,39200,0.0,0.0
2018-08-16 00:00:00-04:00,2.935601304256208,2.9511712537854717,2.935601304256208,2.944093942642212,20300,0.0,0.0
2018-08-17 00:00:00-04:00,2.936309004474671,3.0077880848807204,2.915785074234009,2.915785074234009,45100,0.0,0.0
2018-08-20 00:00:00-04:00,3.000711383539291,3.0070810317014103,2.9653258366605972,2.972402811050415,58900,0.0,0.0
2018-08-21 00:00:00-04:00,2.993634313946773,3.043174482959246,2.979480028152466,2.979480028152466,64100,0.0,0.0
2018-08-22 00:00:00-04:00,2.9653258366605972,3.0219429816383494,2.9653258366605972,2.972402811050415,29900,0.0,0.0
2018-08-23 00:00:00-04:00,2.9936343184761958,3.0219428901076424,2.9794800326604727,2.9865570068359375,33200,0.0,0.0
2018-08-24 00:00:00-04:00,3.0070810317014103,3.0070810317014103,2.9653258366605972,2.972402811050415,45700,0.0,0.0
2018-08-27 00:00:00-04:00,3.0084964693016425,3.0431746912230624,2.9865572067063453,3.0219430923461914,33500,0.0,0.0
2018-08-28 00:00:00-04:00,3.000711288111531,3.0219428855353883,2.979480028152466,2.979480028152466,24900,0.0,0.0
2018-08-29 00:00:00-04:00,3.007788604291919,3.007788604291919,2.986557006835938,2.9865570068359375,3400,0.0,0.0
2018-08-30 00:00:00-04:00,2.9922189013586546,3.00071120262146,2.9922189013586546,3.00071120262146,3900,0.0,0.0
2018-08-31 00:00:00-04:00,3.0290201108683483,3.0290201108683483,2.979479943267272,3.00071120262146,11500,0.0,0.0
2018-09-04 00:00:00-04:00,2.979480028152466,3.014865911370631,2.979480028152466,2.979480028152466,19400,0.0,0.0
2018-09-05 00:00:00-04:00,3.000711383539291,3.000711383539291,2.9724028110504146,2.972402811050415,28200,0.0,0.0
2018-09-06 00:00:00-04:00,3.0077886953939115,3.0077886953939115,2.9582485248059767,2.972402811050415,15100,0.0,0.0
2018-09-07 00:00:00-04:00,2.9724028110504146,2.986557097294853,2.9653258366605972,2.972402811050415,26800,0.0,0.0
2018-09-10 00:00:00-04:00,2.986556917230407,3.00071120262146,2.9724026318393544,3.00071120262146,45600,0.0,0.0
2018-09-11 00:00:00-04:00,2.9794799738834534,3.0007112334558066,2.9582483768463135,2.9582483768463135,66100,0.0,0.0
2018-09-12 00:00:00-04:00,2.9794799738834534,2.987264949041202,2.9554177222178857,2.9582483768463135,37000,0.0,0.0
2018-09-13 00:00:00-04:00,2.9724028110504146,2.9724028110504146,2.9511715504161593,2.972402811050415,20900,0.0,0.0
2018-09-14 00:00:00-04:00,2.9724026623828115,2.9724026623828115,2.9525867301246715,2.9582483768463135,37200,0.0,0.0
2018-09-17 00:00:00-04:00,2.9724028638801507,3.000711436872167,2.958248577384143,2.9936344623565674,127600,0.0,0.0
2018-09-18 00:00:00-04:00,3.000711292651661,3.000711292651661,2.9653257468447496,2.9865570068359375,74800,0.0,0.0
2018-09-19 00:00:00-04:00,2.9865568878641957,2.9865568878641957,2.9299397468566895,2.9299397468566895,104100,0.0,0.0
2018-09-20 00:00:00-04:00,2.9370172641717214,3.000711383539291,2.9370172641717214,2.972402811050415,29000,0.0,0.0
2018-09-21 00:00:00-04:00,2.9653256578762193,3.00071120262146,2.954002027084507,3.00071120262146,25700,0.0,0.0
2018-09-24 00:00:00-04:00,3.0502516083405995,3.0502516083405995,2.9511716028685435,2.9936344623565674,57600,0.0,0.0
2018-09-25 00:00:00-04:00,2.951171402810458,2.9794799738834534,2.951171402810458,2.9582483768463135,55100,0.0,0.0
2018-09-26 00:00:00-04:00,2.9596635587549622,2.972402177434149,2.9511709213256836,2.9511709213256836,28900,0.0,0.0
2018-09-27 00:00:00-04:00,2.9370170237765474,2.9724025677589303,2.9370170237765474,2.9653255939483643,12100,0.0,0.0
2018-09-28 00:00:00-04:00,2.9511709213256836,2.9511709213256836,2.9299393277524874,2.9511709213256836,39500,0.0,0.0
2018-10-01 00:00:00-04:00,2.929939863573045,3.000711292651661,2.929939863573045,2.9865570068359375,57900,0.0,0.0
2018-10-02 00:00:00-04:00,3.0007113463751227,3.0785600884877673,3.0007113463751227,3.00778865814209,99700,0.0,0.0
2018-10-03 00:00:00-04:00,3.043174090448871,3.08563694235491,3.043174090448871,3.0714826583862305,102200,0.0,0.0
2018-10-04 00:00:00-04:00,3.071482913748393,3.071482913748393,2.9724025802653773,3.014157772064209,112800,0.0,0.0
2018-10-05 00:00:00-04:00,3.0113269591463214,3.0714827522170993,3.0113269591463214,3.0644054412841797,113100,0.0,0.0
2018-10-08 00:00:00-04:00,3.0573287911316744,3.085637362927494,3.0431745052337646,3.0431745052337646,122100,0.0,0.0
2018-10-09 00:00:00-04:00,3.0714825706075826,3.1493309614781486,3.0644052600931277,3.085636854171753,101500,0.0,0.0
2018-10-10 00:00:00-04:00,3.078559311937851,3.134468778427796,3.078559311937851,3.0927135944366455,56600,0.0,0.0
2018-10-11 00:00:00-04:00,3.106868812924044,3.1422546985638906,2.958248633180394,3.0219430923461914,96000,0.0,0.0
2018-10-12 00:00:00-04:00,3.0219428493240965,3.0644057061981957,2.9794799924499973,3.0148658752441406,48200,0.0,0.0
2018-10-15 00:00:00-04:00,3.0283122548296566,3.0431745420473284,3.00778865814209,3.00778865814209,15300,0.0,0.0
2018-10-16 00:00:00-04:00,3.0353890294062897,3.092713827221468,3.0353890294062897,3.085636854171753,53100,0.0,0.0
2018-10-17 00:00:00-04:00,3.113946055853138,3.113946055853138,3.058744237464548,3.1068687438964844,65600,0.0,0.0
2018-10-18 00:00:00-04:00,3.0920065823343843,3.0920065823343843,3.007788533104363,3.057328701019287,44400,0.0,0.0
2018-10-19 00:00:00-04:00,3.113945605420338,3.1776397164928163,3.04317418341494,3.0644054412841797,116000,0.0,0.0
2018-10-22 00:00:00-04:00,3.050251598102487,3.1153613832585454,3.043174623610641,3.1068687438964844,66700,0.0,0.0
2018-10-23 00:00:00-04:00,3.1068678769354396,3.113945186917194,3.0573280569220165,3.0927135944366455,57900,0.0,0.0
2018-10-24 00:00:00-04:00,3.092714010086339,3.0997913210192585,3.0573284678160197,3.0644054412841797,61300,0.0,0.0
2018-10-25 00:00:00-04:00,3.05732873211824,3.078559991822895,3.0148658752441406,3.0148658752441406,31600,0.0,0.0
2018-10-26 00:00:00-04:00,3.014865763366692,3.0431743335656,3.014865763366692,3.016988754272461,28900,0.0,0.0
2018-10-29 00:00:00-04:00,3.0439325848548022,3.0883538652290987,2.971111297607422,2.971111297607422,32800,0.12,0.0
2018-10-30 00:00:00-04:00,2.9783933995870817,3.0512146819355737,2.9711110977326003,3.000239610671997,35500,0.0,0.0
2018-10-31 00:00:00-04:00,3.0148040884264105,3.0148040884264105,2.9732961454227085,2.985675573348999,24700,0.0,0.0
2018-11-01 00:00:00-04:00,2.985675573348999,3.0148040884264105,2.985675573348999,2.985675573348999,38400,0.0,0.0
2018-11-02 00:00:00-04:00,2.9783935172949185,2.9783935172949185,2.9361570676918047,2.9492650032043457,57500,0.0,0.0
2018-11-05 00:00:00-05:00,2.9791216780612912,3.0075220313854913,2.949265003204346,2.9492650032043457,24800,0.0,0.0
2018-11-06 00:00:00-05:00,3.0148039055001465,3.0293681621551514,2.9594598691068357,3.0293681621551514,29400,0.0,0.0
2018-11-07 00:00:00-05:00,3.0220869365192407,3.051215456856443,3.0002403726466627,3.043933153152466,30600,0.0,0.0
2018-11-08 00:00:00-05:00,3.0089789677200613,3.065779685974121,3.0089789677200613,3.065779685974121,38300,0.0,0.0
2018-11-09 00:00:00-05:00,3.029368098047419,3.052670977650143,3.0220861434936523,3.0220861434936523,26300,0.0,0.0
2018-11-12 00:00:00-05:00,3.027183845045584,3.051214887199184,2.971111297607422,2.971111297607422,18200,0.0,0.0
2018-11-13 00:00:00-05:00,3.0220865505994974,3.0220865505994974,2.963829517364502,2.963829517364502,67600,0.0,0.0
2018-11-14 00:00:00-05:00,2.949265056101154,2.963829313407659,2.8109042644500732,2.8109042644500732,83400,0.0,0.0
2018-11-15 00:00:00-05:00,2.8618796813461995,2.912854588023098,2.810904601049638,2.8400332927703857,45700,0.0,0.0
2018-11-16 00:00:00-05:00,2.8400332927703857,2.8910081994472843,2.8400332927703857,2.8400332927703857,18200,0.0,0.0
2018-11-19 00:00:00-05:00,2.8181862253054053,2.9638291369379988,2.8181862253054053,2.905571937561035,105100,0.0,0.0
2018-11-20 00:00:00-05:00,2.9201369251431855,2.93470118436318,2.8451307991785826,2.86916184425354,39100,0.0,0.0
2018-11-21 00:00:00-05:00,2.854597440673617,2.908485162338506,2.8473153114318848,2.8473153114318848,9800,0.0,0.0
2018-11-23 00:00:00-05:00,3.029368862895896,3.1167547702789307,2.861879872620498,3.1167547702789307,12700,0.0,0.0
2018-11-26 00:00:00-05:00,3.043932709927344,3.043932709927344,2.869161613352439,2.9201366901397705,54900,0.0,0.0
2018-11-27 00:00:00-05:00,2.8036222183872637,2.978393658453107,2.8036222183872637,2.8254687786102295,79400,0.0,0.0
2018-11-28 00:00:00-05:00,2.8618796813461995,2.8837260699220133,2.8363921411979187,2.8400332927703857,15500,0.0,0.0
2018-11-29 00:00:00-05:00,2.8545977115355003,2.9063007819718107,2.8545977115355003,2.876444101333618,24800,0.0,0.0
2018-11-30 00:00:00-05:00,2.9419832707279716,2.9565475305933835,2.8618798414682063,2.876444101333618,78200,0.0,0.0
2018-12-03 00:00:00-05:00,2.941982903591983,2.941982903591983,2.904844097655711,2.9201366901397705,42100,0.0,0.0
2018-12-04 00:00:00-05:00,2.9419825786593674,2.9711110915380337,2.905571937561035,2.905571937561035,41200,0.0,0.0
2018-12-06 00:00:00-05:00,2.905572621064442,2.9711117904587954,2.8691619714009122,2.876444101333618,91800,0.0,0.0
2018-12-07 00:00:00-05:00,2.8764435959489876,2.905572110561997,2.8109042644500732,2.8109042644500732,31200,0.0,0.0
2018-12-10 00:00:00-05:00,2.854597440673617,2.9565472500578713,2.810904491603566,2.8473153114318848,42400,0.0,0.0
2018-12-11 00:00:00-05:00,2.898290216124012,2.9128544746074767,2.8473153114318848,2.8473153114318848,7000,0.0,0.0
2018-12-12 00:00:00-05:00,2.8473150813359775,2.8982899819087447,2.8109042644500732,2.8109042644500732,59200,0.0,0.0
2018-12-13 00:00:00-05:00,2.810904135689672,2.8560534007195204,2.767211365771612,2.803622007369995,80900,0.0,0.0
2018-12-14 00:00:00-05:00,2.80362200406407,2.869161332483512,2.7890577474418903,2.8218274116516113,31700,0.0,0.0
2018-12-17 00:00:00-05:00,2.825469066593557,2.86916184425354,2.825469066593557,2.86916184425354,80000,0.0,0.0
2018-12-18 00:00:00-05:00,2.9347009222690765,2.9783936960269184,2.8109043827158926,2.854597330093384,88700,0.0,0.0
2018-12-19 00:00:00-05:00,2.861879422949094,2.861879422949094,2.8036222183872637,2.8254687786102295,24600,0.0,0.0
2018-12-20 00:00:00-05:00,2.8400325024948643,3.00023930747123,2.8334785356599466,2.992957353591919,184900,0.0,0.0
2018-12-21 00:00:00-05:00,3.007522077451558,3.007522077451558,2.8261968487548628,2.9419827461242676,75800,0.0,0.0
2018-12-24 00:00:00-05:00,3.0220865682880635,3.0220865682880635,2.8982901983194527,2.978393793106079,57300,0.0,0.0
2018-12-26 00:00:00-05:00,2.9783934374822687,3.058496675465161,2.9783934374822687,3.0293681621551514,120100,0.0,0.0
2018-12-27 00:00:00-05:00,3.0220864000705,3.051214915237117,2.993686045697155,3.0366506576538086,109000,0.0,0.0
2018-12-28 00:00:00-05:00,3.089792069002618,3.089792069002618,2.9986924582637426,3.0594255924224854,73100,0.17,0.0
2018-12-31 00:00:00-05:00,3.0822003831649742,3.0822003831649742,2.9683260917663574,2.9683260917663574,48100,0.0,0.0
2019-01-02 00:00:00-05:00,2.968326055358671,3.0586661987279102,2.968326055358671,3.0518338680267334,56000,0.0,0.0
2019-01-03 00:00:00-05:00,3.013875722885132,3.051833818941926,3.013875722885132,3.013875722885132,45700,0.0,0.0
2019-01-04 00:00:00-05:00,3.036650629359813,3.075368014659398,3.0199489944268074,3.0518338680267334,60700,0.0,0.0
2019-01-07 00:00:00-05:00,3.044242090427172,3.1125664758154428,3.044242090427172,3.074608564376831,47400,0.0,0.0
2019-01-08 00:00:00-05:00,3.1125668226944154,3.1163627228603867,3.036650629359813,3.0518338680267334,42000,0.0,0.0
2019-01-09 00:00:00-05:00,3.051833839872807,3.1110485787266153,3.0366506013459555,3.067017078399658,43300,0.0,0.0
2019-01-10 00:00:00-05:00,3.1049755675336104,3.1649494181055737,3.0518340480658885,3.082200527191162,68600,0.0,0.0
2019-01-11 00:00:00-05:00,3.089792097337472,3.1353418126253834,3.0442423820495605,3.0442423820495605,71800,0.0,0.0
2019-01-14 00:00:00-05:00,3.0670169751463154,3.1049752511840314,3.051833737130619,3.089792013168335,42100,0.0,0.0
2019-01-15 00:00:00-05:00,3.074608858908168,3.1049753357667758,3.0366505818364296,3.0442423820495605,25800,0.0,0.0
2019-01-16 00:00:00-05:00,3.0670169751463154,3.089792013168335,3.036650499114922,3.089792013168335,53100,0.0,0.0
2019-01-17 00:00:00-05:00,3.089792097337472,3.089792097337472,3.0442423820495605,3.0442423820495605,56100,0.0,0.0
2019-01-18 00:00:00-05:00,3.060184448932464,3.085995915707908,3.051833541859231,3.080681800842285,25100,0.0,0.0
2019-01-22 00:00:00-05:00,3.089792145692517,3.089792145692517,3.0518338680267334,3.0518338680267334,25300,0.0,0.0
2019-01-23 00:00:00-05:00,3.0822002131620123,3.089792013168335,3.051833737130619,3.089792013168335,18400,0.0,0.0
2019-01-24 00:00:00-05:00,3.0897921171884155,3.0897921171884155,3.063221178268705,3.067017078399658,26300,0.0,0.0
2019-01-25 00:00:00-05:00,3.067017030569041,3.089792069002618,3.0518337922789747,3.0594255924224854,30800,0.0,0.0
2019-01-28 00:00:00-05:00,3.0897923279709736,3.097383766753799,3.0518340480658885,3.082200527191162,31000,0.0,0.0
2019-01-29 00:00:00-05:00,3.059425668358676,3.0746089070255964,3.0518338680267334,3.0518338680267334,35800,0.0,0.0
2019-01-30 00:00:00-05:00,3.0442424016078617,3.0768862015419596,3.0442424016078617,3.067017078399658,52500,0.0,0.0
2019-01-31 00:00:00-05:00,3.0822006590615514,3.104975700378418,3.0571482946114985,3.104975700378418,74900,0.0,0.0
2019-02-01 00:00:00-05:00,3.082200001865784,3.0829591094149866,3.0594253274020016,3.074608564376831,33200,0.0,0.0
2019-02-04 00:00:00-05:00,3.10497543342591,3.127750110787706,3.0928286251022445,3.1201586723327637,30600,0.0,0.0
2019-02-05 00:00:00-05:00,3.1277504834326755,3.226441729083938,3.120159044073278,3.2036666870117188,53200,0.0,0.0
2019-02-06 00:00:00-05:00,3.1733000247762777,3.2340333461761475,3.1733000247762777,3.2340333461761475,33700,0.0,0.0
2019-02-07 00:00:00-05:00,3.2264415159811186,3.264399796262045,3.1846876972696907,3.2492165565490723,22700,0.0,0.0
2019-02-08 00:00:00-05:00,3.2264417988565244,3.2644000824654094,3.194557101262916,3.256808280944824,42200,0.0,0.0
2019-02-11 00:00:00-05:00,3.241624092957194,3.39345645904541,3.2340326556512404,3.39345645904541,62500,0.0,0.0
2019-02-12 00:00:00-05:00,3.385865021739457,3.4086396956542315,3.317540276001302,3.39345645904541,38200,0.0,0.0
2019-02-13 00:00:00-05:00,3.3630902013245634,3.3706820011138916,3.324373180789192,3.3706820011138916,35400,0.0,0.0
2019-02-14 00:00:00-05:00,3.3934564853992213,3.4162315214877834,3.33803765324679,3.3782732486724854,114200,0.0,0.0
2019-02-15 00:00:00-05:00,3.370682464165464,3.4845569426704635,3.370682464165464,3.4693737030029297,67500,0.0,0.0
2019-02-19 00:00:00-05:00,3.484556120977365,3.610577016700612,3.4784825369449726,3.5301058292388916,164400,0.0,0.0
2019-02-20 00:00:00-05:00,3.530106920724445,3.5445310537666432,3.4921486377716064,3.4921486377716064,57100,0.0,0.0
2019-02-21 00:00:00-05:00,3.4921478183273393,3.514922855154206,3.416231632232666,3.416231632232666,80900,0.0,0.0
2019-02-22 00:00:00-05:00,3.4162322121407556,3.499740212018909,3.4162322121407556,3.454190492630005,64400,0.0,0.0
2019-02-25 00:00:00-05:00,3.4997406318306217,3.522515313258517,3.469374148595404,3.4845573902130127,59200,0.0,0.0
2019-02-26 00:00:00-05:00,3.492147845892438,3.492147845892438,3.401048421859741,3.401048421859741,48100,0.0,0.0
2019-02-27 00:00:00-05:00,3.401048284761048,3.446597994941255,3.3782732486724854,3.3782732486724854,46300,0.0,0.0
2019-02-28 00:00:00-05:00,3.4238233208496105,3.4238233208496105,3.36309001194575,3.3782732486724854,17800,0.0,0.0
2019-03-01 00:00:00-05:00,3.39345680866474,3.39345680866474,3.33272385597229,3.33272385597229,36700,0.0,0.0
2019-03-04 00:00:00-05:00,3.3934569451201897,3.3934569451201897,3.332723989985586,3.355499029159546,59400,0.0,0.0
2019-03-05 00:00:00-05:00,3.372959024988357,3.3782731395712493,3.271990485916495,3.3023569583892822,71400,0.0,0.0
2019-03-06 00:00:00-05:00,3.3023568838397663,3.3706816263595836,3.3023568838397663,3.309948682785034,56800,0.0,0.0
2019-03-07 00:00:00-05:00,3.32513241788421,3.3403156560573226,3.288692356671178,3.33272385597229,11400,0.0,0.0
2019-03-08 00:00:00-05:00,3.340315154572309,3.340315154572309,3.2947654468913967,3.309948682785034,47500,0.0,0.0
2019-03-11 00:00:00-04:00,3.3403156283201723,3.385865342461276,3.309949152226103,3.347907066345215,82400,0.0,0.0
2019-03-12 00:00:00-04:00,3.4086401839038403,3.4086401839038403,3.325132551592244,3.355499029159546,43700,0.0,0.0
2019-03-13 00:00:00-04:00,3.3706821324035476,3.3706821324035476,3.3137447177566615,3.33272385597229,42400,0.0,0.0
2019-03-14 00:00:00-04:00,3.3251325798738307,3.3699231889661077,3.3099493409610403,3.340315818786621,69500,0.0,0.0
2019-03-15 00:00:00-04:00,3.3403156283201723,3.3554988663672067,3.325132390273138,3.347907066345215,131800,0.0,0.0
2019-03-18 00:00:00-04:00,3.355499029159546,3.3782737063365387,3.340315790375895,3.355499029159546,50400,0.0,0.0
2019-03-19 00:00:00-04:00,3.3630904961573216,3.378273735070112,3.340315818786621,3.340315818786621,9800,0.0,0.0
2019-03-20 00:00:00-04:00,3.340315790375895,3.3706822679431965,3.340315790375895,3.355499029159546,22200,0.0,0.0
2019-03-21 00:00:00-04:00,3.3706822679431965,3.3782737063365387,3.347907228769237,3.355499029159546,31800,0.0,0.0
2019-03-22 00:00:00-04:00,3.378273035650315,3.378273035650315,3.317540092572981,3.3630897998809814,48200,0.0,0.0
2019-03-25 00:00:00-04:00,3.3630903043922498,3.3843471272556576,3.3175405902511454,3.347907066345215,28000,0.0,0.0
2019-03-26 00:00:00-04:00,3.340315127225429,3.4162313060720964,3.340315127225429,3.3630897998809814,38400,0.0,0.0
2019-03-27 00:00:00-04:00,3.4314146822399327,3.4390064814336703,3.385864973068237,3.3858649730682373,25100,0.0,0.0
2019-03-28 00:00:00-04:00,3.4465981066705353,3.4465981066705353,3.3919383802829843,3.416231632232666,21200,0.0,0.0
2019-03-29 00:00:00-04:00,3.4541900709323716,3.4541900709323716,3.401048557134492,3.423823595046997,40000,0.0,0.0
2019-04-01 00:00:00-04:00,3.4845560480325446,3.4845560480325446,3.317540092572981,3.3630897998809814,218000,0.0,0.0
2019-04-02 00:00:00-04:00,3.3630897998809814,3.3630897998809814,3.196074206418313,3.3630897998809814,212200,0.0,0.0
2019-04-03 00:00:00-04:00,3.3630904961573216,3.3858655355249923,3.3175407794189504,3.340315818786621,118200,0.0,0.0
2019-04-04 00:00:00-04:00,3.332723726161127,3.3782734389062816,3.332723726161127,3.3706820011138916,144000,0.0,0.0
2019-04-05 00:00:00-04:00,3.378273589383974,3.621205763509278,3.378273589383974,3.514923095703125,1665600,0.0,0.0
2019-04-08 00:00:00-04:00,3.5908387735875937,3.5908387735875937,3.4693728848901895,3.5301058292388916,349500,0.0,0.0
2019-04-09 00:00:00-04:00,3.5680639525291045,3.5680639525291045,3.47696453054042,3.5452892780303955,213900,0.0,0.0
2019-04-10 00:00:00-04:00,3.5452897548675537,3.5842487583833784,3.5219140555227497,3.5452897548675537,187400,0.12,0.0
2019-04-11 00:00:00-04:00,3.623207569122314,3.6387912424102864,3.560872875970425,3.6232075691223145,649400,0.0,0.0
2019-04-12 00:00:00-04:00,3.6933340227954266,3.716709719193412,3.6232076766896495,3.6777503490448,855800,0.0,0.0
2019-04-15 00:00:00-04:00,3.740086240664993,3.7790452478639827,3.6777511603671,3.7245025634765625,395800,0.0,0.0
2019-04-16 00:00:00-04:00,3.7245021140632915,3.7400857893713337,3.677750716595039,3.716710090637207,253400,0.0,0.0
2019-04-17 00:00:00-04:00,3.716709692322923,3.716709692322923,3.6543749977710718,3.685542345046997,135700,0.0,0.0
2019-04-18 00:00:00-04:00,3.701125938058145,3.724501633777907,3.623207571565737,3.6699585914611816,298700,0.0,0.0
2019-04-22 00:00:00-04:00,3.646583080291748,3.6933341025532207,3.646583080291748,3.646583080291748,153000,0.0,0.0
2019-04-23 00:00:00-04:00,3.6699586979415306,3.7245017418407707,3.6465830015435454,3.6777503490448,288300,0.0,0.0
2019-04-24 00:00:00-04:00,3.6699586979415306,3.708138568590136,3.6676209425296875,3.6777503490448,232500,0.0,0.0
2019-04-25 00:00:00-04:00,3.66216664881801,3.716709692322923,3.6543749977710718,3.685542345046997,145300,0.0,0.0
2019-04-26 00:00:00-04:00,3.6699589601217366,3.7167099847134897,3.6699589601217366,3.708918333053589,92700,0.0,0.0
2019-04-29 00:00:00-04:00,3.7167100120298433,3.7245020352911284,3.670738115111793,3.7011263370513916,97700,0.0,0.0
2019-04-30 00:00:00-04:00,3.6699591787963386,3.68554285458881,3.5842487761656767,3.630999803543091,206100,0.0,0.0
2019-05-01 00:00:00-04:00,3.6387918091584965,3.64268782097332,3.5063303798075927,3.5452897548675537,160100,0.0,0.0
2019-05-02 00:00:00-04:00,3.5297057908420757,3.5530811167334204,3.428411721195299,3.4751627445220947,233100,0.0,0.0
2019-05-03 00:00:00-04:00,3.4595791779310257,3.4673708296230075,3.428411828074864,3.4362034797668457,192000,0.0,0.0
2019-05-06 00:00:00-04:00,3.4284115636244294,3.4595789110764987,3.39724421617236,3.443995237350464,122700,0.0,0.0
2019-05-07 00:00:00-04:00,3.436203320727268,3.4751626920163528,3.436203320727268,3.451786994934082,113600,0.0,0.0
2019-05-08 00:00:00-04:00,3.4595789110764987,3.506329932254603,3.4362032147154022,3.443995237350464,42700,0.0,0.0
2019-05-09 00:00:00-04:00,3.443996010304815,3.6154164597640004,3.436203985920948,3.553081750869751,122800,0.0,0.0
2019-05-10 00:00:00-04:00,3.52191424369812,3.5764572973874658,3.4517875134609834,3.52191424369812,150700,0.0,0.0
2019-05-13 00:00:00-04:00,3.506330840574931,3.6232086095695992,3.506330840574931,3.592041254043579,90400,0.0,0.0
2019-05-14 00:00:00-04:00,3.623208151418924,3.6933345067129766,3.553081424580734,3.630999803543091,104700,0.0,0.0
2019-05-15 00:00:00-04:00,3.630999725414431,3.6465834008715863,3.5530813481286527,3.6154160499572754,91700,0.0,0.0
2019-05-16 00:00:00-04:00,3.60762397544441,3.6465829737520163,3.57645662818069,3.63879132270813,57000,0.0,0.0
2019-05-17 00:00:00-04:00,3.6387916639941142,3.724502062780253,3.584248615394913,3.6933343410491943,101500,0.0,0.0
2019-05-20 00:00:00-04:00,3.701126861921831,3.8569636338061346,3.6232084759796797,3.7245025634765625,125600,0.0,0.0
2019-05-21 00:00:00-04:00,3.713593206957948,3.849171516527627,3.6465833659789553,3.716710090637207,116700,0.0,0.0
2019-05-22 00:00:00-04:00,3.6855425803460093,3.7790446281433105,3.654375231080242,3.7790446281433105,91600,0.0,0.0
2019-05-23 00:00:00-04:00,3.7946285145433025,3.810212190045865,3.6543754350202367,3.786836862564087,92100,0.0,0.0
2019-05-24 00:00:00-04:00,3.7946281960797004,3.7946281960797004,3.728397487866178,3.7712528705596924,75900,0.0,0.0
2019-05-28 00:00:00-04:00,3.755669196364987,3.8180038931438087,3.732293499300879,3.7712528705596924,133900,0.0,0.0
2019-05-29 00:00:00-04:00,3.786836862564087,3.810212190045865,3.7245021605538353,3.786836862564087,145900,0.0,0.0
2019-05-30 00:00:00-04:00,3.8180039719679386,3.8959223445501197,3.763460925388358,3.833587646484375,99100,0.0,0.0
2019-05-31 00:00:00-04:00,3.872547243143219,3.895922944288382,3.7556698520498997,3.794628858566284,144400,0.0,0.0
2019-06-03 00:00:00-04:00,3.8024209593097025,3.856963643839001,3.771253604851768,3.8102126121520996,65800,0.0,0.0
2019-06-04 00:00:00-04:00,3.810211791201319,3.981632575329693,3.810211791201319,3.8491711616516113,152000,0.0,0.0
2019-06-05 00:00:00-04:00,3.84917144589818,3.966049194335938,3.84917144589818,3.9660491943359375,135500,0.0,0.0
2019-06-06 00:00:00-04:00,3.9660502810601272,4.110199407398339,3.8889110128324758,4.043968677520752,115800,0.0,0.0
2019-06-07 00:00:00-04:00,4.090718135126486,4.160844850622759,3.9972160954941733,4.051758766174316,131200,0.0,0.0
2019-06-10 00:00:00-04:00,4.059551386329714,4.394600596785086,4.051759362774315,4.184220790863037,266300,0.0,0.0
2019-06-11 00:00:00-04:00,4.184221000080754,4.184221000080754,3.9972168839302666,4.020592212677002,153800,0.0,0.0
2019-06-12 00:00:00-04:00,3.9816325282051555,4.192012308749783,3.9115058108422502,4.145261287689209,161100,0.0,0.0
2019-06-13 00:00:00-04:00,4.184219505970348,4.19980317675157,4.090717481283015,4.121884822845459,51000,0.0,0.0
2019-06-14 00:00:00-04:00,4.121885904472414,4.207596302032471,4.061888589025963,4.207596302032471,60100,0.0,0.0
2019-06-17 00:00:00-04:00,4.207595982436641,4.238763329810357,4.098510266628635,4.145261287689209,144100,0.0,0.0
2019-06-18 00:00:00-04:00,4.153053444107261,4.195908830618863,4.098510765338508,4.13746976852417,67600,0.0,0.0
2019-06-19 00:00:00-04:00,4.137469745153096,4.230971798123486,4.059551367677772,4.0985107421875,64800,0.0,0.0
2019-06-20 00:00:00-04:00,4.051758766174316,4.192012197166863,4.020591419630212,4.051758766174316,99800,0.0,0.0
2019-06-21 00:00:00-04:00,4.0361755026468,4.308890369909301,4.012800176137744,4.301098346710205,221800,0.0,0.0
2019-06-24 00:00:00-04:00,4.301098390159636,4.3400577634604485,4.012800216674805,4.012800216674805,209400,0.0,0.0
2019-06-25 00:00:00-04:00,4.028384070987249,4.1920128516630895,4.028384070987249,4.0829267501831055,75000,0.0,0.0
2019-06-26 00:00:00-04:00,4.098510451537862,4.15305312613058,4.03617538243402,4.075134754180908,49400,0.0,0.0
2019-06-27 00:00:00-04:00,4.121885460470447,4.168636480046149,4.043967094510945,4.153052806854248,137700,0.0,0.0
2019-06-28 00:00:00-04:00,4.160845467670874,4.2699311967525135,4.090718741774896,4.13746976852417,105400,0.0,0.0
2019-07-01 00:00:00-04:00,4.114094649231579,4.129678325603723,3.91150648484956,3.9738411903381348,247600,0.0,0.0
2019-07-02 00:00:00-04:00,3.989424845238331,4.0050085215266,3.9115064637969867,3.934882164001465,70400,0.0,0.0
2019-07-03 00:00:00-04:00,3.942673337740025,4.005008035325779,3.934881686313858,3.981632709503174,45800,0.0,0.0
2019-07-05 00:00:00-04:00,4.00500859243616,4.090718999311235,3.942673886179435,3.9972169399261475,105200,0.0,0.0
2019-07-08 00:00:00-04:00,4.012800219402217,4.020591871141203,3.9348818442917515,3.9660491943359375,123700,0.0,0.0
2019-07-09 00:00:00-04:00,4.0128000296120865,4.145261446807018,4.006566634206889,4.129677772521973,306300,0.0,0.0
2019-07-10 00:00:00-04:00,4.137468493626681,4.168635835189126,4.075133810501793,4.121884822845459,184700,0.0,0.0
2019-07-11 00:00:00-04:00,4.129677962290922,4.145261637292075,4.020591865738729,4.059551239013672,113200,0.0,0.0
2019-07-12 00:00:00-04:00,4.059551422397492,4.1140944731374836,4.037734350719149,4.0829267501831055,111200,0.0,0.0
2019-07-15 00:00:00-04:00,4.1140942528092,4.207596302032471,4.098510577938654,4.207596302032471,348800,0.0,0.0
2019-07-16 00:00:00-04:00,4.215388354576109,4.316682436639706,4.1686373255184845,4.281619071960449,279200,0.0,0.0
2019-07-17 00:00:00-04:00,4.269931283298394,4.433560066009461,4.267593899108415,4.324474334716797,191700,0.0,0.0
2019-07-18 00:00:00-04:00,4.441352226299635,4.441352226299635,4.246556069505017,4.363433837890625,156500,0.0,0.0
2019-07-19 00:00:00-04:00,4.315657498407981,4.4908316184862205,4.2121453285217285,4.2121453285217285,180700,0.12,0.0
2019-07-22 00:00:00-04:00,4.196221744154558,4.212146669230508,4.0608596911689006,4.092709541320801,245800,0.0,0.0
2019-07-23 00:00:00-04:00,4.092709597814406,4.212146727372761,4.092709597814406,4.1165971755981445,151300,0.0,0.0
2019-07-24 00:00:00-04:00,3.941422462463379,3.981234963975192,3.9175352653004136,3.941422462463379,1372800,0.0,0.0
2019-07-25 00:00:00-04:00,3.941422230884287,4.036972152962552,3.933459958857841,3.9573471546173096,223800,0.0,0.0
2019-07-26 00:00:00-04:00,3.9573466601213334,3.9653093108329256,3.9175345456036235,3.925496816635132,233900,0.0,0.0
2019-07-29 00:00:00-04:00,3.9812349519511288,3.9812349519511288,3.9016103288481365,3.9095726013183594,301400,0.0,0.0
2019-07-30 00:00:00-04:00,3.941421324200467,3.997158734284288,3.901609213866347,3.9493839740753174,257500,0.0,0.0
2019-07-31 00:00:00-04:00,3.9254968695210977,3.973271635394042,3.9016096764246697,3.933459520339966,219600,0.0,0.0
2019-08-01 00:00:00-04:00,3.9493849075328895,3.9772534293216473,3.9016101360321045,3.9016101360321045,215500,0.0,0.0
2019-08-02 00:00:00-04:00,3.9016101113917965,3.9732720783503317,3.8936474596852197,3.9573471546173096,268500,0.0,0.0
2019-08-05 00:00:00-04:00,3.973272311800768,3.973272311800768,3.901610340631719,3.941422462463379,306000,0.0,0.0
2019-08-06 00:00:00-04:00,3.965308894144974,3.9732711643397804,3.917534133936004,3.9493839740753174,200500,0.0,0.0
2019-08-07 00:00:00-04:00,3.965309679505282,4.013084449176415,3.901609986610437,3.989197254180908,220000,0.0,0.0
2019-08-08 00:00:00-04:00,3.997159242630005,4.100671426087138,3.9573467475526174,3.997159242630005,172300,0.0,0.0
2019-08-09 00:00:00-04:00,3.9016100218444025,4.0767841788871575,3.9016100218444025,4.068821907043457,257500,0.0,0.0
2019-08-12 00:00:00-04:00,4.0449347900785755,4.100672218014994,3.965310164226668,4.021047592163086,166300,0.0,0.0
2019-08-13 00:00:00-04:00,3.973271669647554,4.076783853104688,3.9653093984401315,3.997159242630005,106000,0.0,0.0
2019-08-14 00:00:00-04:00,3.9891969370317786,4.052896624862371,3.9016096764246697,3.933459520339966,207800,0.0,0.0
2019-08-15 00:00:00-04:00,3.9016103288481365,3.9653100273305304,3.885685404227538,3.9095726013183594,83900,0.0,0.0
2019-08-16 00:00:00-04:00,3.9095723944923457,3.9613284916913036,3.8219855035526926,3.869760274887085,266000,0.0,0.0
2019-08-19 00:00:00-04:00,3.885685443878174,3.9334602182274767,3.845872942080344,3.885685443878174,112900,0.0,0.0
2019-08-20 00:00:00-04:00,3.885684951425706,3.909572145732935,3.8299475319086596,3.853835105895996,139300,0.0,0.0
2019-08-21 00:00:00-04:00,3.8379108545548988,3.9334604078599567,3.8379108545548988,3.877722978591919,146400,0.0,0.0
2019-08-22 00:00:00-04:00,3.8856851176866587,3.8856851176866587,3.758285350436521,3.798097848892212,308600,0.0,0.0
2019-08-23 00:00:00-04:00,3.782172918319702,3.8219854167003797,3.7582853433552708,3.782172918319702,133500,0.0,0.0
2019-08-26 00:00:00-04:00,3.7821729533632604,3.8936474183098473,3.774210301741298,3.861797571182251,76100,0.0,0.0
2019-08-27 00:00:00-04:00,3.8458726335427453,3.9095723275648,3.7582853644223575,3.8299477100372314,134100,0.0,0.0
2019-08-28 00:00:00-04:00,3.806060579774562,3.941422242048607,3.7980979280454306,3.869760274887085,58000,0.0,0.0
2019-08-29 00:00:00-04:00,3.8856851463680115,3.95734711256504,3.845872647618453,3.861797571182251,46800,0.0,0.0
2019-08-30 00:00:00-04:00,3.893647470714215,3.933459969999608,3.829947775601692,3.869760274887085,63100,0.0,0.0
2019-09-03 00:00:00-04:00,3.8697602611855575,3.901610108629049,3.8219854900203196,3.8379104137420654,41700,0.0,0.0
2019-09-04 00:00:00-04:00,3.8299477620411273,3.8856851849073033,3.8140228383193815,3.8379104137420654,55500,0.0,0.0
2019-09-05 00:00:00-04:00,3.8379100558922143,3.8538349781291075,3.599035842658721,3.702548027038574,374200,0.0,0.0
2019-09-06 00:00:00-04:00,3.6866235476118976,3.75828551644538,3.614961199098274,3.6229238510131836,200800,0.0,0.0
2019-09-09 00:00:00-04:00,3.6468106093694006,3.7264352205538667,3.591073571380322,3.702548027038574,212500,0.0,0.0
2019-09-10 00:00:00-04:00,3.7343981480709627,3.8219854167003797,3.7343981480709627,3.782172918319702,235400,0.0,0.0
2019-09-11 00:00:00-04:00,3.798097774276804,3.798097774276804,3.670698389209611,3.7423603534698486,176100,0.0,0.0
2019-09-12 00:00:00-04:00,3.710510298316973,3.766247715986147,3.702548027038574,3.702548027038574,51100,0.0,0.0
2019-09-13 00:00:00-04:00,3.7264356548362074,3.742360578929006,3.6468110343722127,3.710510730743408,79200,0.0,0.0
2019-09-16 00:00:00-04:00,3.726435245401436,3.7901353144538508,3.6468106336860395,3.7503228187561035,104100,0.0,0.0
2019-09-17 00:00:00-04:00,3.774210020677502,3.8458723612179933,3.718472982194985,3.7662477493286133,154300,0.0,0.0
2019-09-18 00:00:00-04:00,3.766247741099183,3.782172663442262,3.7105103230583567,3.7503228187561035,124100,0.0,0.0
2019-09-19 00:00:00-04:00,3.7423601511799234,3.8180038167348065,3.718472957611084,3.718472957611084,53700,0.0,0.0
2019-09-20 00:00:00-04:00,3.7407677451576666,3.766247696541163,3.710510279159759,3.7582850456237793,27000,0.0,0.0
2019-09-23 00:00:00-04:00,3.782172918319702,3.794116515961856,3.726435496522778,3.782172918319702,52000,0.0,0.0
2019-09-24 00:00:00-04:00,3.8219851674912286,3.8219851674912286,3.7296203898914886,3.7662477493286133,49800,0.0,0.0
2019-09-25 00:00:00-04:00,3.742360345998947,3.774210192202163,3.718473151186593,3.726435422897339,26100,0.0,0.0
2019-09-26 00:00:00-04:00,3.718472974069945,3.782172663442262,3.670698207040707,3.7503228187561035,83900,0.0,0.0
2019-09-27 00:00:00-04:00,3.726435253543874,3.8060602451133527,3.726435253543874,3.7662477493286133,34000,0.0,0.0
2019-09-30 00:00:00-04:00,3.7821726186958364,3.79809754085051,3.710510279159759,3.7582850456237793,50200,0.0,0.0
2019-10-01 00:00:00-04:00,3.7503230196606627,3.7980977892491916,3.7423603682225153,3.774210214614868,48300,0.0,0.0
2019-10-02 00:00:00-04:00,3.774210192202163,3.790135494983887,3.726435422897339,3.726435422897339,67800,0.0,0.0
2019-10-03 00:00:00-04:00,3.7813767291009084,3.782172918319702,3.6866233778222233,3.782172918319702,57500,0.0,0.0
2019-10-04 00:00:00-04:00,3.814022712445368,3.814022712445368,3.726435445026339,3.774210214614868,20400,0.0,0.0
2019-10-07 00:00:00-04:00,3.7901355911135104,3.861797557048259,3.756692985975844,3.8299477100372314,93400,0.0,0.0
2019-10-08 00:00:00-04:00,3.845872647618453,3.8936474183098473,3.8140228004908567,3.861797571182251,367000,0.0,0.0
2019-10-09 00:00:00-04:00,3.877722247286236,3.9016098209475927,3.782172712001014,3.845872402191162,136100,0.0,0.0
2019-10-10 00:00:00-04:00,3.8785340785980225,3.911195387058988,3.805045939884095,3.8785340785980225,76300,0.12,0.0
2019-10-11 00:00:00-04:00,3.911195610437635,3.911195610437635,3.776467608003104,3.813211679458618,73000,0.0,0.0
2019-10-14 00:00:00-04:00,3.805045854300735,3.8328079269327784,3.6744006233953534,3.7968807220458984,149100,0.0,0.0
2019-10-15 00:00:00-04:00,3.788715166719921,3.862203303126941,3.7397232055664062,3.7397232055664062,84000,0.0,0.0
2019-10-16 00:00:00-04:00,3.762586108290505,3.7642194462381227,3.707061962555603,3.756053924560547,41700,0.0,0.0
2019-10-17 00:00:00-04:00,3.764219338505602,3.854037738267298,3.756053817061725,3.788715124130249,64100,0.0,0.0
2019-10-18 00:00:00-04:00,3.8132113759090713,3.829542029772244,3.7723845465743895,3.7968807220458984,142900,0.0,0.0
2019-10-21 00:00:00-04:00,3.8295414807807795,3.8377066118650873,3.7397227027327276,3.7805495262145996,67700,0.0,0.0
2019-10-22 00:00:00-04:00,3.8458719934158374,3.8711846386346136,3.7674846353287066,3.8622026443481445,153000,0.0,0.0
2019-10-23 00:00:00-04:00,3.8377074675266067,3.9030304775328157,3.756054191710759,3.813211679458618,89000,0.0,0.0
2019-10-24 00:00:00-04:00,3.796880579689181,3.8377070181396538,3.756053751885222,3.7723844051361084,60700,0.0,0.0
2019-10-25 00:00:00-04:00,3.8050458865654906,3.8132114082430664,3.756053924560547,3.756053924560547,43800,0.0,0.0
2019-10-28 00:00:00-04:00,3.756053524830461,3.829541654693809,3.731557741111653,3.764219045639038,56300,0.0,0.0
2019-10-29 00:00:00-04:00,3.74788822317048,3.8132108292587197,3.7438054629516038,3.7805495262145996,53800,0.0,0.0
2019-10-30 00:00:00-04:00,3.7854492695884514,3.805045820437759,3.7397232055664062,3.7397232055664062,46600,0.0,0.0
2019-10-31 00:00:00-04:00,3.7315582584400633,3.75605404555487,3.6907314274440313,3.7152276039123535,49200,0.0,0.0
2019-11-01 00:00:00-04:00,3.690731264674546,3.7152274400625322,3.609077995637089,3.62540864944458,107500,0.0,0.0
2019-11-04 00:00:00-05:00,3.6009126969739484,3.6009126969739484,3.3477873526111575,3.462101936340332,334500,0.0,0.0
2019-11-05 00:00:00-05:00,3.462101773565455,3.7642194575327035,3.4539366412168833,3.7478888034820557,152100,0.0,0.0
2019-11-06 00:00:00-05:00,3.7152275277699673,3.7152275277699673,3.4457711495549046,3.707062005996704,176000,0.0,0.0
2019-11-07 00:00:00-05:00,3.7152276724398186,3.7152276724398186,3.5274249472303736,3.6335740089416504,79300,0.0,0.0
2019-11-08 00:00:00-05:00,3.6335737816715765,3.6417393032520717,3.527424726599632,3.62540864944458,86700,0.0,0.0
2019-11-11 00:00:00-05:00,3.600912385130406,3.6017288593975922,3.511093986084059,3.543755292892456,52500,0.0,0.0
2019-11-12 00:00:00-05:00,3.5519202249298,3.583765055678013,3.4865976149909437,3.494763135910034,84800,0.0,0.0
2019-11-13 00:00:00-05:00,3.462102011991566,3.558452994331888,3.445771356816268,3.4702675342559814,61800,0.0,0.0
2019-11-14 00:00:00-05:00,3.4621016018750383,3.551920389376118,3.44577094863425,3.486597776412964,89400,0.0,0.0
2019-11-15 00:00:00-05:00,3.462101741049727,3.4947634381977726,3.355952685394208,3.41310977935791,130400,0.0,0.0
2019-11-18 00:00:00-05:00,3.3804486622480643,3.486598113244774,3.3722835295155993,3.462101936340332,107600,0.0,0.0
2019-11-19 00:00:00-05:00,3.429440498352051,3.4865979827542044,3.429440498352051,3.429440498352051,31300,0.0,0.0
2019-11-20 00:00:00-05:00,3.4702669894285423,3.617242862931208,3.4531198625895856,3.5600857734680176,123900,0.0,0.0
2019-11-21 00:00:00-05:00,3.5274248129491013,3.56825125379049,3.429440498352051,3.429440498352051,88700,0.0,0.0
2019-11-22 00:00:00-05:00,3.5110942901492157,3.5110942901492157,3.4294406267034248,3.462101936340332,57200,0.0,0.0
2019-11-25 00:00:00-05:00,3.437606020132433,3.4865979827542044,3.3641178815230224,3.429440498352051,133100,0.0,0.0
2019-11-26 00:00:00-05:00,3.4294405097275176,3.478432861865305,3.396779201204666,3.4212753772735596,65600,0.0,0.0
2019-11-27 00:00:00-05:00,3.4294404332551824,3.4457710871524547,3.3886139931887524,3.41310977935791,62400,0.0,0.0
2019-11-29 00:00:00-05:00,3.4131096763053796,3.5543702370728596,3.4131096763053796,3.543755292892456,68200,0.0,0.0
2019-12-02 00:00:00-05:00,3.5110937883947484,3.592747050818319,3.4702669625062295,3.494763135910034,115400,0.0,0.0
2019-12-03 00:00:00-05:00,3.4865977067555347,3.592747145376683,3.4416885085789617,3.576416492462158,248300,0.0,0.0
2019-12-04 00:00:00-05:00,3.5355901195824266,3.6009127396300467,3.511094331741333,3.511094331741333,60200,0.0,0.0
2019-12-05 00:00:00-05:00,3.511094395427355,3.5804997778252434,3.511094395427355,3.5274250507354736,47700,0.0,0.0
2019-12-06 00:00:00-05:00,3.5355897606170794,3.578049537207834,3.5298740514109,3.5519204139709473,39300,0.0,0.0
2019-12-09 00:00:00-05:00,3.511093986084059,3.5927472531050513,3.511093986084059,3.543755292892456,104200,0.0,0.0
2019-12-10 00:00:00-05:00,3.551920905903588,3.617243528366089,3.551920905903588,3.617243528366089,118900,0.0,0.0
2019-12-11 00:00:00-05:00,3.6254089516883514,3.6417396068573,3.592747641350454,3.6417396068573,71900,0.0,0.0
2019-12-12 00:00:00-05:00,3.6580703742980822,3.6744010299682435,3.592747751617436,3.6090784072875977,45200,0.0,0.0
2019-12-13 00:00:00-05:00,3.6335736743498184,3.7152273303290397,3.592747235713695,3.6580698490142822,92000,0.0,0.0
2019-12-16 00:00:00-05:00,3.6744006108670546,3.7119611535596344,3.617243127864085,3.62540864944458,43900,0.0,0.0
2019-12-17 00:00:00-05:00,3.6539874890531787,3.6662353830518124,3.568251452355684,3.649904727935791,66400,0.0,0.0
2019-12-18 00:00:00-05:00,3.641739401247454,3.6825662315415397,3.5600861300127935,3.600912570953369,83600,0.0,0.0
2019-12-19 00:00:00-05:00,3.576416697556592,3.609078005258648,3.519259214401245,3.519259214401245,116500,0.0,0.0
2019-12-20 00:00:00-05:00,3.519259279243466,3.5519205875473054,3.486597970939627,3.5355899333953857,91000,0.0,0.0
2019-12-23 00:00:00-05:00,3.5519205440553154,3.6090780275639145,3.5519205440553154,3.5845818519592285,51600,0.0,0.0
2019-12-24 00:00:00-05:00,3.5845815577083933,3.6090777313022393,3.527424468245203,3.5600857734680176,55200,0.0,0.0
2019-12-26 00:00:00-05:00,3.5845817206786834,3.5845817206786834,3.5355897606170794,3.5519204139709473,27900,0.0,0.0
2019-12-27 00:00:00-05:00,3.568251352461036,3.568251352461036,3.4865980791668454,3.5029287338256836,53700,0.0,0.0
2019-12-30 00:00:00-05:00,3.527424468245203,3.5845815577083933,3.511093815633796,3.5600857734680176,83700,0.0,0.0
2019-12-31 00:00:00-05:00,3.5600859462966543,3.568251078322009,3.494763332679861,3.543755292892456,99500,0.0,0.0
2020-01-02 00:00:00-05:00,3.5274249104907005,3.5437555651495387,3.4702674245080076,3.5029287338256836,91300,0.0,0.0
2020-01-03 00:00:00-05:00,3.494763676729428,3.543755641765143,3.4865981545467113,3.511094331741333,36700,0.0,0.0
2020-01-06 00:00:00-05:00,3.5355901195824266,3.5355901195824266,3.494763676729428,3.511094331741333,46100,0.0,0.0
2020-01-07 00:00:00-05:00,3.5176261343765076,3.519259082894541,3.4621016018750383,3.486597776412964,99400,0.0,0.0
2020-01-08 00:00:00-05:00,3.502928424097683,3.626224992143792,3.486597770882797,3.592747211456299,189100,0.0,0.0
2020-01-09 00:00:00-05:00,3.617243528366089,3.6417397064662977,3.5845822171348387,3.617243528366089,98600,0.0,0.0
2020-01-10 00:00:00-05:00,3.6172430210246715,3.7274752229845283,3.6172430210246715,3.6580698490142822,79900,0.0,0.0
2020-01-13 00:00:00-05:00,3.649904468658678,3.7233926061371854,3.62540868240151,3.6825661659240723,183800,0.0,0.0
2020-01-14 00:00:00-05:00,3.7070619521812396,3.7397232600931316,3.674400644269348,3.6825661659240723,102700,0.0,0.0
2020-01-15 00:00:00-05:00,3.6907314955196635,3.7070621503485923,3.6335740089416504,3.6335740089416504,80800,0.0,0.0
2020-01-16 00:00:00-05:00,3.6923153400421143,3.6923153400421143,3.6251823993376218,3.6923153400421143,100200,0.12,0.0
2020-01-17 00:00:00-05:00,3.6839235154598096,3.7007067506043962,3.6251823925257014,3.641965627670288,76400,0.0,0.0
2020-01-21 00:00:00-05:00,3.616790772878286,3.650357245005015,3.5916161188551947,3.6335740089416504,90700,0.0,0.0
2020-01-22 00:00:00-05:00,3.641965583027613,3.641965583027613,3.591615878211033,3.6000072956085205,46100,0.0,0.0
2020-01-23 00:00:00-05:00,3.591615693781066,3.717489749286925,3.591615693781066,3.6755318641662598,139600,0.0,0.0
2020-01-24 00:00:00-05:00,3.6587488628148743,3.676371199695107,3.6167905748814637,3.641965627670288,44200,0.0,0.0
2020-01-27 00:00:00-05:00,3.6755325790745417,3.6755325790745417,3.600007810966015,3.625182867050171,106500,0.0,0.0
2020-01-28 00:00:00-05:00,3.608398910877944,3.6923150808682506,3.591615676879883,3.591615676879883,80300,0.0,0.0
2020-01-29 00:00:00-05:00,3.5916158705664807,3.6083991054696187,3.5328743483335563,3.5496575832366943,73600,0.0,0.0
2020-01-30 00:00:00-05:00,3.5580490006163217,3.58322405304297,3.5412657657131836,3.5496575832366943,71500,0.0,0.0
2020-01-31 00:00:00-05:00,3.5496575832366943,3.58322405304297,3.5244825308100456,3.5496575832366943,84400,0.0,0.0
2020-02-03 00:00:00-05:00,3.574832635663343,3.600007287946108,3.5496575832366943,3.5496575832366943,58700,0.0,0.0
2020-02-04 00:00:00-05:00,3.608399309667928,3.608399309667928,3.536231355486082,3.558049201965332,54600,0.0,0.0
2020-02-05 00:00:00-05:00,3.5748324394226074,3.591615673404428,3.5328741543961244,3.5748324394226074,53900,0.0,0.0
2020-02-06 00:00:00-05:00,3.5580490081894283,3.608399113149893,3.54965759079194,3.6000072956085205,57800,0.0,0.0
2020-02-07 00:00:00-05:00,3.608398907386249,3.608398907386249,3.5664406223597664,3.5748324394226074,56000,0.0,0.0
2020-02-10 00:00:00-05:00,3.60839934927732,3.60839934927732,3.566441059112549,3.566441059112549,50300,0.0,0.0
2020-02-11 00:00:00-05:00,3.566441059112549,3.6000075311868014,3.558049241022031,3.566441059112549,89900,0.0,0.0
2020-02-12 00:00:00-05:00,3.558049241022031,3.6000075311868014,3.558049241022031,3.566441059112549,44300,0.0,0.0
2020-02-13 00:00:00-05:00,3.58322425581663,3.5916160738150316,3.524482730259539,3.558049201965332,94500,0.0,0.0
2020-02-14 00:00:00-05:00,3.5664410199637335,3.5664410199637335,3.549657784110837,3.558049201965332,38300,0.0,0.0
2020-02-18 00:00:00-05:00,3.4909162553755473,3.5504968826494543,3.4909162553755473,3.5244827270507812,121600,0.0,0.0
2020-02-19 00:00:00-05:00,3.524482728662764,3.55804920035335,3.524482728662764,3.5412659645080566,26300,0.0,0.0
2020-02-20 00:00:00-05:00,3.5160911134304182,3.5664408181398324,3.5160911134304182,3.5496575832366943,30800,0.0,0.0
2020-02-21 00:00:00-05:00,3.5244823373332834,3.5832238563415872,3.5244823373332834,3.5748324394226074,31400,0.0,0.0
2020-02-24 00:00:00-05:00,3.5748328347075375,3.578189241788717,3.5244827270507812,3.5244827270507812,52400,0.0,0.0
2020-02-25 00:00:00-05:00,3.5412659562525155,3.5412659562525155,3.4405665414155124,3.4573497772216797,182800,0.0,0.0
2020-02-26 00:00:00-05:00,3.448958158493042,3.5076992803210776,3.440566341006819,3.448958158493042,62400,0.0,0.0
2020-02-27 00:00:00-05:00,3.398608394625787,3.4321748636964324,3.289517170074252,3.3230836391448975,268700,0.0,0.0
2020-02-28 00:00:00-05:00,3.1636431235525606,3.2979092174164863,3.1468598868285653,3.205601215362549,165600,0.0,0.0
2020-03-02 00:00:00-05:00,3.1804261217540435,3.2475590636152534,3.163642886288741,3.1888177394866943,128600,0.0,0.0
2020-03-03 00:00:00-05:00,3.2895174094514914,3.4111959687230637,3.2651816575827866,3.3566503524780273,109900,0.0,0.0
2020-03-04 00:00:00-05:00,3.4153919320325667,3.5412660021378595,3.4028042049069094,3.532874584197998,98500,0.0,0.0
2020-03-05 00:00:00-05:00,3.516091036373046,3.516091036373046,3.0965097728461033,3.3230836391448975,199400,0.0,0.0
2020-03-06 00:00:00-05:00,3.314692255355266,3.3960909285778915,3.2727341660615434,3.281125783920288,37200,0.0,0.0
2020-03-09 00:00:00-04:00,2.8615443227651567,3.1049014264470145,2.6937117753760322,2.802802801132202,225300,0.0,0.0
2020-03-10 00:00:00-04:00,2.8783278460054533,3.019307151926083,2.8195863184845544,2.869936227798462,116200,0.0,0.0
2020-03-11 00:00:00-04:00,2.819585785413742,2.869935685208499,2.7272780025885446,2.7608444690704346,101200,0.0,0.0
2020-03-12 00:00:00-04:00,2.3328716792903412,2.5510539169197424,2.1566475258066085,2.3496549129486084,275800,0.0,0.0
2020-03-13 00:00:00-04:00,2.274130823186192,2.475529868045869,2.1902144377860124,2.3580470085144043,94000,0.0,0.0
2020-03-16 00:00:00-04:00,2.1398641878458213,2.265738634219306,1.8965071115908734,2.0727312564849854,145800,0.0,0.0
2020-03-17 00:00:00-04:00,1.9720319466055707,2.1054589272128585,1.8881157701818236,1.9384654760360718,152500,0.0,0.0
2020-03-18 00:00:00-04:00,1.9132905632647774,1.9132905632647774,1.0069950859477619,1.0321699380874634,706500,0.0,0.0
2020-03-19 00:00:00-04:00,1.0321699591543734,1.7958079565991694,1.0321699591543734,1.4853177070617676,223300,0.0,0.0
2020-03-20 00:00:00-04:00,1.569234155006661,1.921682430984185,1.5524509180604908,1.6699336767196655,208700,0.0,0.0
2020-03-23 00:00:00-04:00,1.6699334462749382,1.6699334462749382,1.2167857111171454,1.351051688194275,216700,0.0,0.0
2020-03-24 00:00:00-04:00,1.409793181654247,1.5944089852149166,1.3678350899522682,1.3946882486343384,137500,0.0,0.0
2020-03-25 00:00:00-04:00,1.4433596193058875,1.7865770372425147,1.4265763842035353,1.4853177070617676,160100,0.0,0.0
2020-03-26 00:00:00-04:00,1.6447587119026157,2.0811232436230704,1.640562902945149,1.753849744796753,176200,0.0,0.0
2020-03-27 00:00:00-04:00,1.7538497447967532,1.779024598541554,1.5944089043770375,1.753849744796753,117900,0.0,0.0
2020-03-30 00:00:00-04:00,1.5188841772664718,1.6447586406060564,1.367834961309331,1.4853177070617676,210800,0.0,0.0
2020-03-31 00:00:00-04:00,1.5104924327411537,1.569233850697471,1.3426599957898941,1.460142731666565,117100,0.0,0.0
2020-04-01 00:00:00-04:00,1.401401399195113,1.4685344380922807,1.3510516950492146,1.3930097818374634,60300,0.0,0.0
2020-04-02 00:00:00-04:00,1.393010020127062,1.4517514517149444,1.3795834900796495,1.4097932577133179,36200,0.0,0.0
2020-04-03 00:00:00-04:00,1.40140163892019,1.4593038686143647,1.3007021133666683,1.4097932577133179,107900,0.0,0.0
2020-04-06 00:00:00-04:00,1.393009783200242,1.4601428221630857,1.3426600790050864,1.401401400566101,52900,0.0,0.0
2020-04-07 00:00:00-04:00,1.5104927046102037,1.6028006065638023,1.4181849026925866,1.5776257514953613,125300,0.0,0.0
2020-04-08 00:00:00-04:00,1.6363669138029848,1.8041994536931245,1.6363669138029848,1.7874162197113037,137200,0.0,0.0
2020-04-09 00:00:00-04:00,1.8209827258609548,2.084479664958619,1.7454579712870757,1.9888150691986084,164900,0.0,0.0
2020-04-13 00:00:00-04:00,1.9888150691986082,2.0895146752731355,1.8797240460291336,1.9888150691986084,93400,0.0,0.0
2020-04-14 00:00:00-04:00,1.9888150562680957,2.0559481932386183,1.896507268032536,1.9216821193695068,164800,0.0,0.0
2020-04-15 00:00:00-04:00,1.9300739201825432,1.9963677617011997,1.7370665081570935,1.7454581260681152,92800,0.0,0.0
2020-04-16 00:00:00-04:00,1.7622412993911845,1.9300738517312843,1.7622412993911845,1.8881157636642456,182400,0.0,0.0
2020-04-17 00:00:00-04:00,2.0055986115032796,2.0979064053050456,1.76224130042746,1.8965073823928833,95800,0.0,0.0
2020-04-20 00:00:00-04:00,1.8209826876749455,1.921682091565871,1.770632785657552,1.7874162197113037,71200,0.0,0.0
2020-04-21 00:00:00-04:00,1.7790245977122017,1.8209828873392624,1.6783251827799424,1.7454581260681152,100800,0.0,0.0
2020-04-22 00:00:00-04:00,1.7874162878118942,1.8369266898942616,1.67832506270175,1.711891531944275,105000,0.0,0.0
2020-04-23 00:00:00-04:00,1.6951084119956477,1.7874164087290865,1.6783251762390137,1.6783251762390137,38700,0.0,0.0
2020-04-24 00:00:00-04:00,1.6951082959119914,1.7202831478229292,1.6363669747864695,1.7034999132156372,110700,0.0,0.0
2020-04-27 00:00:00-04:00,1.686716732606507,1.8461576665520238,1.686716732606507,1.820982813835144,95300,0.0,0.0
2020-04-28 00:00:00-04:00,1.879724258631139,1.8881158767471367,1.7622414049352113,1.8041996955871582,49100,0.0,0.0
2020-04-29 00:00:00-04:00,1.8377660068456727,2.071892391838419,1.7882554042826777,2.0643398761749268,149100,0.0,0.0
2020-04-30 00:00:00-04:00,2.0475566983909377,2.051752407161669,1.8125912051435762,1.8881157636642456,70700,0.0,0.0
2020-05-01 00:00:00-04:00,1.795807836702214,1.829374304665856,1.7832203111798832,1.7874162197113037,43100,0.0,0.0
2020-05-04 00:00:00-04:00,1.8041994797969765,1.9468569707064778,1.8041994797969765,1.9216821193695068,79800,0.0,0.0
2020-05-05 00:00:00-04:00,1.9132904906371957,1.9401437452623167,1.8461575541463253,1.862940788269043,96400,0.0,0.0
2020-05-06 00:00:00-04:00,1.8965073790171874,1.8965073790171874,1.8125912029831306,1.8713325262069702,47500,0.0,0.0
2020-05-07 00:00:00-04:00,1.8713324166955654,1.9720318220434485,1.8545491824709182,1.9216821193695068,90200,0.0,0.0
2020-05-08 00:00:00-04:00,1.9888151392045361,2.307697002914531,1.98042352174227,2.19860577583313,131300,0.0,0.0
2020-05-11 00:00:00-04:00,2.2237808910300987,2.416788298179365,2.1986058378611095,2.391613245010376,115900,0.0,0.0
2020-05-12 00:00:00-04:00,2.41678848404929,2.41678848404929,2.0139904033744083,2.0391652584075928,132100,0.0,0.0
2020-05-13 00:00:00-04:00,2.0559484950963824,2.1398646785403317,2.0139904033744083,2.0391652584075928,79000,0.0,0.0
2020-05-14 00:00:00-04:00,2.022382022474742,2.1390255775270197,1.9384656389274628,2.055948495864868,77200,0.0,0.0
2020-05-15 00:00:00-04:00,2.064339810350942,2.0727314274632653,1.896507268032536,1.9216821193695068,145200,0.0,0.0
2020-05-18 00:00:00-04:00,1.997207167432147,2.181822771077842,1.9669973013666406,2.055948495864868,69100,0.0,0.0
2020-05-19 00:00:00-04:00,2.1230812046316507,2.181822526479025,2.0559482653775087,2.1062979698181152,64500,0.0,0.0
2020-05-20 00:00:00-04:00,2.1314728220384187,2.1650392916654897,2.0895147350045797,2.1062979698181152,47300,0.0,0.0
2020-05-21 00:00:00-04:00,2.1902141397123085,2.1902141397123085,2.05594826145987,2.081123113632202,56400,0.0,0.0
2020-05-22 00:00:00-04:00,2.081123117597812,2.1188854959642374,1.9468570390175872,2.1062979698181152,60300,0.0,0.0
2020-05-26 00:00:00-04:00,2.2069976437291663,2.307697055574235,2.1398645024271743,2.2909138202667236,122700,0.0,0.0
2020-05-27 00:00:00-04:00,2.3832218647003174,2.3916134832352074,2.2405643496071925,2.3832218647003174,54400,0.0,0.0
2020-05-28 00:00:00-04:00,2.3664386662157813,2.5930125704241025,2.3328721915289146,2.4587466716766357,171900,0.0,0.0
2020-05-29 00:00:00-04:00,2.4587461880088264,2.467137805029801,2.383221434748121,2.4251797199249268,47000,0.0,0.0
2020-06-01 00:00:00-04:00,2.4000046687900705,2.5258791241766256,2.3916130517690957,2.4251797199249268,51800,0.0,0.0
2020-06-02 00:00:00-04:00,2.408396759574365,2.5090963837069356,2.408396759574365,2.4587466716766357,59800,0.0,0.0
2020-06-03 00:00:00-04:00,2.483921296971399,2.5930123295707355,2.483921296971399,2.559445858001709,44600,0.0,0.0
2020-06-04 00:00:00-04:00,2.6014039474629924,2.6014039474629924,2.5174877685404256,2.559445858001709,38700,0.0,0.0
2020-06-05 00:00:00-04:00,2.6601455225228725,2.702103612768731,2.5678375239100273,2.676928758621216,93900,0.0,0.0
2020-06-08 00:00:00-04:00,2.7440615312674113,2.9706354044860457,2.707977555907225,2.9035024642944336,154200,0.0,0.0
2020-06-09 00:00:00-04:00,2.8699361862359694,2.8707752880229287,2.8195862776512306,2.8279778957366943,30600,0.0,0.0
2020-06-10 00:00:00-04:00,2.8615443142644104,2.8615443142644104,2.752453088760376,2.752453088760376,66500,0.0,0.0
2020-06-11 00:00:00-04:00,2.6853203192483006,2.6853203192483006,2.44196320095424,2.4923129081726074,79100,0.0,0.0
2020-06-12 00:00:00-04:00,2.509096149825544,2.651753854019088,2.509096149825544,2.5510542392730713,42700,0.0,0.0
2020-06-15 00:00:00-04:00,2.483921126124726,2.727278228333767,2.483921126124726,2.70210337638855,35600,0.0,0.0
2020-06-16 00:00:00-04:00,3.0545517131777484,3.0545517131777484,2.735669854078515,2.752453088760376,51300,0.0,0.0
2020-06-17 00:00:00-04:00,2.7692367840554177,2.7826634140485744,2.5762293530387335,2.5888168811798096,53500,0.0,0.0
2020-06-18 00:00:00-04:00,2.551054477581201,2.6601457204075407,2.517488002887549,2.534271240234375,43400,0.0,0.0
2020-06-19 00:00:00-04:00,2.559445858835357,2.5846207125203264,2.517487769360407,2.5678374767303467,58000,0.0,0.0
2020-06-22 00:00:00-04:00,2.601404169383821,2.601404169383821,2.450355034437487,2.496508836746216,52900,0.0,0.0
2020-06-23 00:00:00-04:00,2.517487524289391,2.5258791413674784,2.492312673055129,2.5090959072113037,30900,0.0,0.0
2020-06-24 00:00:00-04:00,2.517487517575288,2.517487517575288,2.441962964073925,2.475529432296753,111200,0.0,0.0
2020-06-25 00:00:00-04:00,2.4839212903028796,2.5510542332607025,2.4755296724331517,2.4923129081726074,35600,0.0,0.0
2020-06-26 00:00:00-04:00,2.4923129107235695,2.5426626179934715,2.4419632034536676,2.5174877643585205,51900,0.0,0.0
2020-06-29 00:00:00-04:00,2.584620951692346,2.5921734685183067,2.450355052947998,2.450355052947998,57900,0.0,0.0
2020-06-30 00:00:00-04:00,2.5174875192708255,2.5594456045776197,2.4503545827799553,2.4839210510253906,21500,0.0,0.0
2020-07-01 00:00:00-04:00,2.483921527399275,2.5753902309318066,2.40000514062002,2.4167885780334473,34900,0.0,0.0
2020-07-02 00:00:00-04:00,2.391613060046032,2.530914143162629,2.391613060046032,2.4671378135681152,58200,0.0,0.0
2020-07-06 00:00:00-04:00,2.5342707499682495,2.5384666585292237,2.425179728318031,2.4671378135681152,64000,0.0,0.0
2020-07-07 00:00:00-04:00,2.4587464078622228,2.4797253522545657,2.400004883390984,2.404200792312622,29200,0.0,0.0
2020-07-08 00:00:00-04:00,2.4000046803398702,2.4965083765814624,2.4000046803398702,2.4839210510253906,54300,0.0,0.0
2020-07-09 00:00:00-04:00,2.4587464366936955,2.5007045260423353,2.433571583084512,2.4923129081726074,36900,0.0,0.0
2020-07-10 00:00:00-04:00,2.5090963837069356,2.5090963837069356,2.4335718156614856,2.4587466716766357,80100,0.0,0.0
2020-07-13 00:00:00-04:00,2.408396759574365,2.483921527691786,2.307697335513765,2.4587466716766357,140200,0.0,0.0
2020-07-14 00:00:00-04:00,2.433571775981623,2.466298948217316,2.3832218647003174,2.3832218647003174,34800,0.0,0.0
2020-07-15 00:00:00-04:00,2.3580465950330765,2.5174875192708255,2.3580465950330765,2.4839210510253906,46400,0.0,0.0
2020-07-16 00:00:00-04:00,2.4587466713870896,2.471333999357197,2.4042010499913693,2.4167885780334473,18100,0.0,0.0
2020-07-17 00:00:00-04:00,2.433571347018218,2.475529432296753,2.383221444612044,2.475529432296753,79300,0.0,0.0
2020-07-20 00:00:00-04:00,2.4587461897341547,2.4822426373805997,2.4335713386535645,2.4335713386535645,43600,0.0,0.0
2020-07-21 00:00:00-04:00,2.433571340349491,2.4671378084803366,2.433571340349491,2.441962957382202,97400,0.0,0.0
2020-07-22 00:00:00-04:00,2.6097954497262803,2.9370689331680944,2.5426625095626028,2.895110845565796,428000,0.0,0.0
2020-07-23 00:00:00-04:00,2.8531529959321658,2.9958105056784023,2.8111947047583716,2.945460796356201,78700,0.0,0.0
2020-07-24 00:00:00-04:00,2.9706351644077187,2.9706351644077187,2.8951106127958357,2.92028546333313,55200,0.0,0.0
2020-07-27 00:00:00-04:00,2.9622435643179403,3.0293764994637975,2.92028547985178,2.995810031890869,90300,0.0,0.0
2020-07-28 00:00:00-04:00,3.020985362401221,3.020985362401221,2.937069180140283,2.979027271270752,29600,0.0,0.0
2020-07-29 00:00:00-04:00,2.9790270340230194,3.0042018866963924,2.9538521813496468,2.9874186515808105,88800,0.0,0.0
2020-07-30 00:00:00-04:00,2.9874186515808105,3.1089995252438856,2.9700499553432285,2.9874186515808105,81500,0.12,0.0
2020-07-31 00:00:00-04:00,2.9353124223435083,3.022155899373892,2.874521781371058,2.8832061290740967,76300,0.0,0.0
2020-08-03 00:00:00-04:00,2.8571533150760864,2.8832063602743583,2.7355724374841497,2.849337339401245,74600,0.0,0.0
2020-08-04 00:00:00-04:00,2.813731718275851,2.8571534625136614,2.761625625190478,2.822416067123413,79300,0.0,0.0
2020-08-05 00:00:00-04:00,2.865837578594376,2.9787343114942817,2.7876784453144974,2.90925931930542,55800,0.0,0.0
2020-08-06 00:00:00-04:00,2.9353124223435083,2.9353124223435083,2.874521781371058,2.8832061290740967,17800,0.0,0.0
2020-08-07 00:00:00-04:00,2.96136579965883,3.065577983856201,2.917943849192054,3.065577983856201,74300,0.0,0.0
2020-08-10 00:00:00-04:00,3.0829469487490453,3.1697906501673647,3.0768679248484707,3.1524219512939453,110700,0.0,0.0
2020-08-11 00:00:00-04:00,3.169790175349559,3.20452756789292,3.1263682276191664,3.19584321975708,54000,0.0,0.0
2020-08-12 00:00:00-04:00,3.1958432776212975,3.247949367379776,3.126368284225464,3.126368284225464,36900,0.0,0.0
2020-08-13 00:00:00-04:00,3.1437371239100096,3.1932380977798536,3.108999729156494,3.108999729156494,38000,0.0,0.0
2020-08-14 00:00:00-04:00,3.074262475773702,3.1524218246144935,3.05689377759824,3.1350529193878174,15800,0.0,0.0
2020-08-17 00:00:00-04:00,3.135053045369303,3.2236334924442307,3.135053045369303,3.1524219512939453,70200,0.0,0.0
2020-08-18 00:00:00-04:00,3.1263683260520336,3.1524215783310257,3.0395248419593877,3.0482091903686523,55300,0.0,0.0
2020-08-19 00:00:00-04:00,3.082946538925171,3.139394906285571,3.0742621906428935,3.082946538925171,31300,0.0,0.0
2020-08-20 00:00:00-04:00,3.0482091418960438,3.1046575091842215,3.039524793624878,3.039524793624878,29400,0.0,0.0
2020-08-21 00:00:00-04:00,3.013471695937184,3.06557778464993,2.9648393050617154,2.9874186515808105,53400,0.0,0.0
2020-08-24 00:00:00-04:00,3.0742623344029787,3.1437371239100096,2.952681452765675,3.108999729156494,58700,0.0,0.0
2020-08-25 00:00:00-04:00,3.1524215322345843,3.1524215322345843,3.063841096934878,3.082946538925171,14600,0.0,0.0
2020-08-26 00:00:00-04:00,3.0916307840780344,3.1003151320706226,3.0047873041521527,3.022156000137329,28900,0.0,0.0
2020-08-27 00:00:00-04:00,3.0195509113094805,3.0482092826326124,2.9309704720333274,2.9787344932556152,97700,0.0,0.0
2020-08-28 00:00:00-04:00,2.9961030598292666,3.126368284225464,2.9787343632431074,3.126368284225464,35600,0.0,0.0
2020-08-31 00:00:00-04:00,3.082946538925171,3.1524215322345843,3.056893494078339,3.082946538925171,36100,0.0,0.0
2020-09-01 00:00:00-04:00,3.1003153785886584,3.1003153785886584,2.9961031943912872,3.065577983856201,48500,0.0,0.0
2020-09-02 00:00:00-04:00,2.9961031447337745,3.0655779330472113,2.9735237971216675,3.013471841812134,67600,0.0,0.0
2020-09-03 00:00:00-04:00,2.9961033345440606,3.0612360562398213,2.9526815890972915,2.9613659381866455,63700,0.0,0.0
2020-09-04 00:00:00-04:00,2.978734525754993,3.0568936646568674,2.926628226102537,3.0456039905548096,32500,0.0,0.0
2020-09-08 00:00:00-04:00,3.0308407309014758,3.0308407309014758,2.935312890918584,2.9613659381866455,36800,0.0,0.0
2020-09-09 00:00:00-04:00,2.973523985501498,2.9961033345440606,2.9526815890972915,2.9613659381866455,26300,0.0,0.0
2020-09-10 00:00:00-04:00,2.970050096511841,2.9874187935749696,2.952681399448712,2.970050096511841,17900,0.0,0.0
2020-09-11 00:00:00-04:00,3.1263683284741615,3.430320937136304,3.082946586394198,3.300055503845215,338600,0.0,0.0
2020-09-14 00:00:00-04:00,3.447689435578636,3.4737424793274494,3.334792705615924,3.4303207397460938,130200,0.0,0.0
2020-09-15 00:00:00-04:00,3.4650584691778286,3.4737428179406318,3.360846076972982,3.4476897716522217,79100,0.0,0.0
2020-09-16 00:00:00-04:00,3.4476895777749155,3.534533267570589,3.404267836402676,3.412952184677124,91300,0.0,0.0
2020-09-17 00:00:00-04:00,3.439005470629279,3.534533515397431,3.3955837262124873,3.456374168395996,48200,0.0,0.0
2020-09-18 00:00:00-04:00,3.473742724377586,3.473742724377586,3.2218964099884033,3.2218964099884033,133500,0.0,0.0
2020-09-21 00:00:00-04:00,3.386899518780679,3.465058661995168,3.3174245177610264,3.3955838680267334,136800,0.0,0.0
2020-09-22 00:00:00-04:00,3.4303209754290616,3.4303209754290616,3.300055540683816,3.38689923286438,65300,0.0,0.0
2020-09-23 00:00:00-04:00,3.4042682369458803,3.412952586242121,3.265318441154809,3.27400279045105,56100,0.0,0.0
2020-09-24 00:00:00-04:00,3.256633761765251,3.352161594341171,3.22189636810128,3.300055503845215,73400,0.0,0.0
2020-09-25 00:00:00-04:00,3.300055540683816,3.412952278403189,3.300055540683816,3.38689923286438,38600,0.0,0.0
2020-09-28 00:00:00-04:00,3.4216365846923438,3.4737426751269607,3.3955835394750356,3.4650583267211914,84900,0.0,0.0
2020-09-29 00:00:00-04:00,3.4737428661627128,3.4737428661627128,3.386899377329129,3.456374168395996,24500,0.0,0.0
2020-09-30 00:00:00-04:00,3.421636725363812,3.491111515466238,3.3782149815497955,3.4476897716522217,48600,0.0,0.0
2020-10-01 00:00:00-04:00,3.456373783494907,3.4737424793274494,3.395583348081009,3.4303207397460938,18200,0.0,0.0
2020-10-02 00:00:00-04:00,3.221896409141948,3.473742723464966,3.221896409141948,3.473742723464966,65700,0.0,0.0
2020-10-05 00:00:00-04:00,3.4824270342949073,3.508479870992534,3.4303207397460938,3.4303207397460938,49800,0.0,0.0
2020-10-06 00:00:00-04:00,3.37821473559131,3.543217350071188,3.36953038746079,3.4824271202087402,27800,0.0,0.0
2020-10-07 00:00:00-04:00,3.5084801175714233,3.5336645833627642,3.4390053293585083,3.473742723464966,33100,0.0,0.0
2020-10-08 00:00:00-04:00,3.5258486712276156,3.5258486712276156,3.4650582340136755,3.4911112785339355,19400,0.0,0.0
2020-10-09 00:00:00-04:00,3.4911112612880686,3.5084799575491084,3.4390051725049493,3.4824271202087402,45700,0.0,0.0
2020-10-12 00:00:00-04:00,3.5171643708380453,3.52584851156703,3.4824269797173746,3.49979567527771,54500,0.0,0.0
2020-10-13 00:00:00-04:00,3.5258488985105507,3.577954990909929,3.430321062445024,3.5692708492279053,46700,0.0,0.0
2020-10-14 00:00:00-04:00,3.5692706191459087,3.577954760268136,3.4737425821870955,3.4911112785339355,21400,0.0,0.0
2020-10-15 00:00:00-04:00,3.5779552459716797,3.5779552459716797,3.4641903315717713,3.5779552459716797,21600,0.0,0.0
2020-10-16 00:00:00-04:00,3.595323355100358,3.7342733360541858,3.577954659243926,3.716904640197754,134300,0.0,0.0
2020-10-19 00:00:00-04:00,3.7950635890327593,3.8211168400370084,3.604007933376978,3.6474294662475586,153300,0.0,0.0
2020-10-20 00:00:00-04:00,3.73427400504201,3.8211174998820097,3.6734833516027865,3.7516427040100098,93400,0.0,0.0
2020-10-21 00:00:00-04:00,3.7863803155257023,3.8124331583960505,3.7082209587097164,3.708220958709717,49900,0.0,0.0
2020-10-22 00:00:00-04:00,3.7429574769312146,3.786379423623481,3.716904640197754,3.716904640197754,73200,0.0,0.0
2020-10-23 00:00:00-04:00,3.8241233760065936,3.886667174176783,3.806253658522586,3.8419930934906006,52000,0.12,0.0
2020-10-26 00:00:00-04:00,3.7973186422027534,3.8419931495889155,3.5382075218774385,3.6418521404266357,86900,0.0,0.0
2020-10-27 00:00:00-04:00,3.6186214447109886,3.7258397505867142,3.5471423611033335,3.6954612731933594,41200,0.0,0.0
2020-10-28 00:00:00-04:00,3.6543608029048045,3.707969954711645,3.493533134460449,3.493533134460449,63500,0.0,0.0
2020-10-29 00:00:00-04:00,3.520337813184464,3.5739469665570986,3.5024680953935854,3.538207530975342,49200,0.0,0.0
2020-10-30 00:00:00-04:00,3.50246774389011,3.605218504363797,3.465834676978573,3.5292723178863525,91900,0.0,0.0
2020-11-02 00:00:00-05:00,3.5739465930798286,3.7454959511548958,3.5650117351180817,3.6722302436828613,99100,0.0,0.0
2020-11-03 00:00:00-05:00,3.73477429794813,3.73477429794813,3.5918165605484433,3.618621349334717,46100,0.0,0.0
2020-11-04 00:00:00-05:00,3.6811652052764425,3.7526440751190653,3.6355972766350857,3.716904640197754,61500,0.0,0.0
2020-11-05 00:00:00-05:00,3.67223024870857,3.7347740415025767,3.6364908168126706,3.65436053276062,66700,0.0,0.0
2020-11-06 00:00:00-05:00,3.6543606518105207,3.707076379481464,3.573946714401245,3.573946714401245,74000,0.0,0.0
2020-11-09 00:00:00-05:00,3.600751480063677,3.7160110018569195,3.591816408829783,3.64542555809021,72100,0.0,0.0
2020-11-10 00:00:00-05:00,3.652573327340995,3.7883832561497766,3.652573327340995,3.7526438236236572,49500,0.0,0.0
2020-11-11 00:00:00-05:00,3.761579160235717,3.761579160235717,3.582881984994363,3.6811652183532715,54500,0.0,0.0
2020-11-12 00:00:00-05:00,3.645425711678821,3.699034863197902,3.520337691467632,3.547142267227173,118400,0.0,0.0
2020-11-13 00:00:00-05:00,3.5739465977041425,3.632023281042551,3.529272307837604,3.565011739730835,54000,0.0,0.0
2020-11-16 00:00:00-05:00,3.573946837228304,3.654360777401193,3.573946837228304,3.636491060256958,45500,0.0,0.0
2020-11-17 00:00:00-05:00,3.645425712073326,3.663295429248287,3.5918165605484433,3.618621349334717,28300,0.0,0.0
2020-11-18 00:00:00-05:00,3.6275558254950826,3.7169044071973962,3.60968610915462,3.6990346908569336,52100,0.0,0.0
2020-11-19 00:00:00-05:00,3.681164974516471,3.707969762050987,3.6186211803486734,3.6990346908569336,37300,0.0,0.0
2020-11-20 00:00:00-05:00,3.6990347186186123,3.7079697898797246,3.6096861362457275,3.6096861362457275,31200,0.0,0.0
2020-11-23 00:00:00-05:00,3.6811652183532715,3.6811652183532715,3.636491137566769,3.6811652183532715,56200,0.0,0.0
2020-11-24 00:00:00-05:00,3.707969988253406,3.707969988253406,3.663295481653087,3.7061827182769775,89800,0.0,0.0
2020-11-25 00:00:00-05:00,3.707969891858326,3.752643971249596,3.6632953864193976,3.7437093257904053,30800,0.0,0.0
2020-11-27 00:00:00-05:00,3.8062534854020296,3.824123202073265,3.7258395473576438,3.7267329692840576,32700,0.0,0.0
2020-11-30 00:00:00-05:00,3.7794489932011825,3.841993219469874,3.734774485002448,3.7615792751312256,96200,0.0,0.0
2020-12-01 00:00:00-05:00,3.8062532616856273,3.841992692927477,3.7079696127467274,3.73030686378479,48600,0.0,0.0
2020-12-02 00:00:00-05:00,3.725839725187446,3.7365616409114617,3.6454257833050003,3.6811652183532715,63800,0.0,0.0
2020-12-03 00:00:00-05:00,3.7169044071973962,3.7169044071973962,3.654360613029599,3.6990346908569336,20700,0.0,0.0
2020-12-04 00:00:00-05:00,3.734773861785382,3.7973180776173976,3.6820581383684634,3.7883830070495605,79000,0.0,0.0
2020-12-07 00:00:00-05:00,3.7705136882156354,3.788383405181675,3.7169045373175162,3.7437093257904053,39200,0.0,0.0
2020-12-08 00:00:00-05:00,3.797318711271139,3.8509278654810095,3.716904766932491,3.7615792751312256,62600,0.0,0.0
2020-12-09 00:00:00-05:00,3.7615787643703817,3.797318195657465,3.6892064799211814,3.712437152862549,70000,0.0,0.0
2020-12-10 00:00:00-05:00,3.7079696755298492,3.7526437523147664,3.6632951726972975,3.6722302436828613,68100,0.0,0.0
2020-12-11 00:00:00-05:00,3.6811651093567677,3.725839614868164,3.663295392361741,3.725839614868164,39300,0.0,0.0
2020-12-14 00:00:00-05:00,3.7883835100403767,3.790170780019812,3.6811652052764425,3.716904640197754,53900,0.0,0.0
2020-12-15 00:00:00-05:00,3.743709211424816,3.7606855059310984,3.64542555809021,3.64542555809021,51700,0.0,0.0
2020-12-16 00:00:00-05:00,3.6632955074310303,3.7169046601000493,3.654360861676697,3.6632955074310303,107200,0.0,0.0
2020-12-17 00:00:00-05:00,3.64542555809021,3.743709211424816,3.6186211964838195,3.64542555809021,52800,0.0,0.0
2020-12-18 00:00:00-05:00,3.690099980107767,3.7526437731636584,3.6007513999938965,3.6007513999938965,102700,0.0,0.0
2020-12-21 00:00:00-05:00,3.5739465882360006,3.725839386403652,3.547142014387089,3.6900999546051025,100400,0.0,0.0
2020-12-22 00:00:00-05:00,3.663295243761084,3.7008219461617404,3.61862116610954,3.624875545501709,40800,0.0,0.0
2020-12-23 00:00:00-05:00,3.6454255312583475,3.7705135452786434,3.636490886137862,3.734774112701416,84500,0.0,0.0
2020-12-24 00:00:00-05:00,3.7526442030724048,3.8062537833299603,3.743709557061269,3.7615792751312256,52200,0.0,0.0
2020-12-28 00:00:00-05:00,3.824122905731201,3.976015272642309,3.7973181197777004,3.824122905731201,295400,0.0,0.0
2020-12-29 00:00:00-05:00,3.8419925783613538,3.9134714387135925,3.716904146697322,3.7883830070495605,111400,0.0,0.0
2020-12-30 00:00:00-05:00,3.917115544461042,3.9290687548703627,3.7424084699071756,3.769993543624878,69200,0.12,0.0
2020-12-31 00:00:00-05:00,3.815969201365682,3.8288422940604216,3.7699934944928954,3.8251640796661377,29000,0.0,0.0
2021-01-04 00:00:00-05:00,3.8251642700029795,3.935505884296802,3.7607988033265123,3.9171156883239746,165700,0.0,0.0
2021-01-05 00:00:00-05:00,3.8895299927564637,3.907920187866976,3.80677389553074,3.8343594074249268,50600,0.0,0.0
2021-01-06 00:00:00-05:00,3.880334388944111,3.93550540865148,3.8628640775697165,3.8895297050476074,105300,0.0,0.0
2021-01-07 00:00:00-05:00,3.935505856395256,3.935505856395256,3.871139951718266,3.9263105392456055,82000,0.0,0.0
2021-01-08 00:00:00-05:00,3.9447000287951237,3.9538953442983664,3.8895294511459975,3.9355051517486572,88600,0.0,0.0
2021-01-11 00:00:00-05:00,3.880334388944111,3.93550540865148,3.880334388944111,3.8895297050476074,105500,0.0,0.0
2021-01-12 00:00:00-05:00,3.926310316947847,3.9355056335768817,3.852749537742886,3.9079201221466064,71800,0.0,0.0
2021-01-13 00:00:00-05:00,3.9079198987977954,3.93550540865148,3.868380741083649,3.8895297050476074,47000,0.0,0.0
2021-01-14 00:00:00-05:00,3.9171151880501665,3.935505381674293,3.8711394847614495,3.8987245559692383,60300,0.0,0.0
2021-01-15 00:00:00-05:00,3.8619442102278954,3.889529720188966,3.843554016406117,3.8711395263671875,56500,0.0,0.0
2021-01-19 00:00:00-05:00,3.8711395415808196,3.9447003171570274,3.8527493476867676,3.8527493476867676,110700,0.0,0.0
2021-01-20 00:00:00-05:00,3.852749602535439,3.8757374560377884,3.8251640906412523,3.8343594074249268,56300,0.0,0.0
2021-01-21 00:00:00-05:00,3.8251641127387987,3.8619445031722996,3.788383722305298,3.788383722305298,55900,0.0,0.0
2021-01-22 00:00:00-05:00,3.7699929970342096,3.8619439601898193,3.751602804403088,3.8619439601898193,115300,0.0,0.0
2021-01-25 00:00:00-05:00,3.907919643695706,3.9447000287951237,3.8619439430930464,3.9355051517486572,219900,0.0,0.0
2021-01-26 00:00:00-05:00,3.93550540865148,3.938263740408446,3.88769081720963,3.8895297050476074,101700,0.0,0.0
2021-01-27 00:00:00-05:00,3.8895297354748717,3.8895297354748717,3.817807847751026,3.8527493476867676,89400,0.0,0.0
2021-01-28 00:00:00-05:00,3.880334135642755,3.9538953442983664,3.834358873496871,3.9355051517486572,55700,0.0,0.0
2021-01-29 00:00:00-05:00,3.9538954400172246,4.137797369966348,3.9171150540274002,4.1194071769714355,603900,0.0,0.0
2021-02-01 00:00:00-05:00,4.137797372273536,4.183773074014846,4.045846407247704,4.091821670532227,382100,0.0,0.0
2021-02-02 00:00:00-05:00,4.1194076264578685,4.183773528191698,4.091822114727132,4.128602504730225,174600,0.0,0.0
2021-02-03 00:00:00-05:00,4.137797369966348,4.1745777559561725,4.1102118612455865,4.1194071769714355,179000,0.0,0.0
2021-02-04 00:00:00-05:00,4.1194071769714355,4.16538287868711,4.091821668250674,4.1194071769714355,141500,0.0,0.0
2021-02-05 00:00:00-05:00,4.1286025211243755,4.1286025211243755,3.9998711556023765,4.110212326049805,159400,0.0,0.0
2021-02-08 00:00:00-05:00,4.128602526691596,4.165383355347172,4.10101745327096,4.146993160247803,232300,0.0,0.0
2021-02-09 00:00:00-05:00,4.174577643908247,4.275723921893837,4.156187451406938,4.266528606414795,490700,0.0,0.0
2021-02-10 00:00:00-05:00,4.321699156158817,4.321699156158817,4.229748194242905,4.303308963775635,272000,0.0,0.0
2021-02-11 00:00:00-05:00,4.3216996622680055,4.340089856804842,4.294114589691162,4.294114589691162,197600,0.0,0.0
2021-02-12 00:00:00-05:00,4.294114578405035,4.321699650909377,4.2757243839165335,4.284919261932373,108500,0.0,0.0
2021-02-16 00:00:00-05:00,4.165383355347172,4.248139014065917,4.128602526691596,4.146993160247803,335200,0.0,0.0
2021-02-17 00:00:00-05:00,4.137797843469699,4.183773550446542,4.055041746294117,4.146993160247803,213300,0.0,0.0
2021-02-18 00:00:00-05:00,4.146993132908785,4.1929684011256985,4.137797816191301,4.156188011169434,63900,0.0,0.0
2021-02-19 00:00:00-05:00,4.165383327886917,4.1929684011256985,4.146993132908785,4.156188011169434,93400,0.0,0.0
2021-02-22 00:00:00-05:00,4.211358510664703,4.284919289084848,4.14699304877549,4.275724411010742,160600,0.0,0.0
2021-02-23 00:00:00-05:00,4.294114675969456,4.294114675969456,4.1469931167187655,4.1745781898498535,86300,0.0,0.0
2021-02-24 00:00:00-05:00,4.220553847772179,4.257334237161568,4.211358531196419,4.229748725891113,89600,0.0,0.0
2021-02-25 00:00:00-05:00,4.257333755493164,4.27572394810722,4.229748247343693,4.257333755493164,65800,0.0,0.0
2021-02-26 00:00:00-05:00,4.294114659352124,4.294114659352124,4.165383295505934,4.192968368530273,117600,0.0,0.0
2021-03-01 00:00:00-05:00,4.257334221112631,4.28491929382227,4.229748709946165,4.248138904571533,88700,0.0,0.0
2021-03-02 00:00:00-05:00,4.275723894429247,4.307906621485623,4.248138386626088,4.303308963775635,142900,0.0,0.0
2021-03-03 00:00:00-05:00,4.303309424939248,4.321699619293213,4.2757243526367095,4.321699619293213,46300,0.0,0.0
2021-03-04 00:00:00-05:00,4.330895027365955,4.330895027365955,4.202163664163481,4.238944053649902,91000,0.0,0.0
2021-03-05 00:00:00-05:00,4.248138398780738,4.312504291534424,4.192967821473338,4.312504291534424,95500,0.0,0.0
2021-03-08 00:00:00-05:00,4.303309424939248,4.349285130052571,4.2941145469906745,4.321699619293213,124600,0.0,0.0
2021-03-09 00:00:00-05:00,4.321699619293213,4.358480008001143,4.284919230585282,4.321699619293213,92800,0.0,0.0
2021-03-10 00:00:00-05:00,4.349285114345817,4.404455697208474,4.312504725770713,4.340089797973633,154300,0.0,0.0
2021-03-11 00:00:00-05:00,4.330894920058266,4.413651013580658,4.330894920058266,4.340089797973633,129400,0.0,0.0
2021-03-12 00:00:00-05:00,4.3676757291172335,4.459626709407277,4.357560967825428,4.42284631729126,155700,0.0,0.0
2021-03-15 00:00:00-04:00,4.4136509171239915,4.50560188655224,4.386065407067113,4.478016376495361,264100,0.0,0.0
2021-03-16 00:00:00-04:00,4.496406507106977,4.615942984909971,4.459626119853257,4.57916259765625,155800,0.0,0.0
2021-03-17 00:00:00-04:00,4.606748536751385,4.643528927433657,4.57916302451126,4.634333610534668,272400,0.0,0.0
2021-03-18 00:00:00-04:00,4.625138693582655,4.864211231026855,4.615943376760228,4.698699474334717,274300,0.0,0.0
2021-03-19 00:00:00-04:00,4.726284520337161,4.735479837105984,4.551577447841024,4.707894325256348,274600,0.0,0.0
2021-03-22 00:00:00-04:00,4.8274305852846995,5.222819980139755,4.790650196854314,4.9929423332214355,914900,0.0,0.0
2021-03-23 00:00:00-04:00,5.084893786269511,5.103283980642082,4.827430626596687,4.965357303619385,697500,0.0,0.0
2021-03-24 00:00:00-04:00,4.956162224447469,4.974552419700347,4.680309295654297,4.680309295654297,286300,0.0,0.0
2021-03-25 00:00:00-04:00,4.689503624058654,4.799844782634907,4.643528360546942,4.772259712219238,199200,0.0,0.0
2021-03-26 00:00:00-04:00,4.809040057519516,4.8458204433988525,4.744674163002284,4.799844741821289,219400,0.0,0.0
2021-03-29 00:00:00-04:00,4.818235557950603,4.836626191725697,4.637092375217078,4.661919116973877,264300,0.0,0.0
2021-03-30 00:00:00-04:00,4.689504097756155,4.7446746826171875,4.661919024554055,4.7446746826171875,74500,0.0,0.0
2021-03-31 00:00:00-04:00,4.781454548881621,4.818234934760958,4.753869478700511,4.799844741821289,220400,0.0,0.0
2021-04-01 00:00:00-04:00,4.882601245312684,4.9377718288326395,4.827430661792729,4.900991439819336,340900,0.0,0.0
2021-04-05 00:00:00-04:00,4.9653577525888934,4.992942827413594,4.8917969684472125,4.974552631378174,489100,0.0,0.0
2021-04-06 00:00:00-04:00,4.983747409332151,5.057308185513808,4.965357215286738,5.048112869262695,494400,0.0,0.0
2021-04-07 00:00:00-04:00,5.066503497914591,5.075698375701904,4.9929422833320265,5.075698375701904,446900,0.0,0.0
2021-04-08 00:00:00-04:00,5.08489366140965,5.1308689269837435,5.029722641189842,5.112478733062744,554100,0.0,0.0
2021-04-09 00:00:00-04:00,5.027897674545581,5.1124792756617925,4.9433165215580575,5.084285259246826,527500,0.12,0.0
2021-04-12 00:00:00-04:00,5.084284705144119,5.084284705144119,4.933917828994962,4.9433159828186035,272300,0.0,0.0
2021-04-13 00:00:00-04:00,4.962112115444665,4.962112115444665,4.745959495019205,4.783551216125488,457900,0.0,0.0
2021-04-14 00:00:00-04:00,4.802346920709095,4.905723926329586,4.802346920709095,4.839938640594482,124900,0.0,0.0
2021-04-15 00:00:00-04:00,4.839938377850043,4.849336083246894,4.651979340498137,4.755356788635254,403000,0.0,0.0
2021-04-16 00:00:00-04:00,4.764755050127507,4.802346768823971,4.750657819519856,4.774152755737305,253800,0.0,0.0
2021-04-19 00:00:00-04:00,4.79294887952612,4.803286759583041,4.670775562957646,4.736561298370361,248200,0.0,0.0
2021-04-20 00:00:00-04:00,4.745959345272766,4.755357051188485,4.666076828410234,4.7177653312683105,129100,0.0,0.0
2021-04-21 00:00:00-04:00,4.698969301831747,4.76945366210777,4.680173442549565,4.727163314819336,189200,0.0,0.0
2021-04-22 00:00:00-04:00,4.7271636429172545,4.736561349146295,4.651979752441611,4.661377906799316,221600,0.0,0.0
2021-04-23 00:00:00-04:00,4.651979340498137,4.764754942160731,4.651979340498137,4.755356788635254,205600,0.0,0.0
2021-04-26 00:00:00-04:00,4.755357003297764,4.811744582610151,4.745959297476689,4.7929487228393555,313000,0.0,0.0
2021-04-27 00:00:00-04:00,4.811744746558412,4.910423125749471,4.811744746558412,4.905724048614502,300700,0.0,0.0
2021-04-28 00:00:00-04:00,4.91512203541385,4.952713754955441,4.7929487228393555,4.7929487228393555,253900,0.0,0.0
2021-04-29 00:00:00-04:00,4.821142565494255,4.9010250787178755,4.774152693670255,4.802346706390381,188600,0.0,0.0
2021-04-30 00:00:00-04:00,4.802346813967513,4.886927957765328,4.802346813967513,4.821142673492432,236500,0.0,0.0
2021-05-03 00:00:00-04:00,4.858734239030363,4.917940993005329,4.8399383800993,4.877530097961426,219700,0.0,0.0
2021-05-04 00:00:00-04:00,4.868132161922538,4.868132161922538,4.745959297476689,4.7929487228393555,179900,0.0,0.0
2021-05-05 00:00:00-04:00,4.8211430566815965,4.849336624145508,4.802347195662764,4.849336624145508,83600,0.0,0.0
2021-05-06 00:00:00-04:00,4.86813227051158,4.880349602041551,4.77415296956129,4.811744689941406,145000,0.0,0.0
2021-05-07 00:00:00-04:00,4.79294850870733,4.896325956892489,4.79294850870733,4.877530097961426,106500,0.0,0.0
2021-05-10 00:00:00-04:00,4.886928018463644,4.9715096114406485,4.886928018463644,4.915122032165527,140100,0.0,0.0
2021-05-11 00:00:00-04:00,4.92451952122477,4.971509392616741,4.811744367638393,4.877530097961426,168900,0.0,0.0
2021-05-12 00:00:00-04:00,4.8869280216933335,4.905723881464129,4.78355101701828,4.7929487228393555,162200,0.0,0.0
2021-05-13 00:00:00-04:00,4.830539922080677,4.886927495319525,4.783550501779268,4.868131637573242,128800,0.0,0.0
2021-05-14 00:00:00-04:00,4.886927803362644,4.886927803362644,4.849336085500518,4.877530097961426,164500,0.0,0.0
2021-05-17 00:00:00-04:00,4.877529790510683,4.915121506003248,4.839938075018116,4.868131637573242,204700,0.0,0.0
2021-05-18 00:00:00-04:00,4.8869277564582845,4.8869277564582845,4.764754898643293,4.830540180206299,240800,0.0,0.0
2021-05-19 00:00:00-04:00,4.79294850647991,4.830540224324566,4.727163224316074,4.755356788635254,150100,0.0,0.0
2021-05-20 00:00:00-04:00,4.755356745203652,4.83993833364594,4.755356745203652,4.830540180206299,108200,0.0,0.0
2021-05-21 00:00:00-04:00,4.8211422172718335,4.877529790510683,4.8211422172718335,4.868131637573242,109600,0.0,0.0
2021-05-24 00:00:00-04:00,4.877530097961426,4.901025033657411,4.830540226569456,4.877530097961426,273200,0.0,0.0
2021-05-25 00:00:00-04:00,4.87753036047987,4.905723926329586,4.811744626616117,4.839938640594482,112500,0.0,0.0
2021-05-26 00:00:00-04:00,4.830540593096349,4.886928174168058,4.764755305910351,4.858734607696533,163000,0.0,0.0
2021-05-27 00:00:00-04:00,4.868131897707623,4.868131897707623,4.802346616144616,4.830540180206299,157800,0.0,0.0
2021-05-28 00:00:00-04:00,4.839938917700429,4.858734778719262,4.802347195662764,4.849336624145508,115500,0.0,0.0
2021-06-01 00:00:00-04:00,4.858734658338054,4.863433735508505,4.7741530617845855,4.783551216125488,271300,0.0,0.0
2021-06-02 00:00:00-04:00,4.755356834566381,4.839938424598128,4.755356834566381,4.802346706390381,216800,0.0,0.0
2021-06-03 00:00:00-04:00,4.783550909475738,4.792948615085537,4.755356896389073,4.774152755737305,169600,0.0,0.0
2021-06-04 00:00:00-04:00,4.783550847286507,4.84933613008575,4.764754988182633,4.802346706390381,533200,0.0,0.0
2021-06-07 00:00:00-04:00,4.811744582610151,4.839938596330668,4.772273411530073,4.7929487228393555,296900,0.0,0.0
2021-06-08 00:00:00-04:00,4.783550847286507,4.839938424598128,4.783550847286507,4.802346706390381,219600,0.0,0.0
2021-06-09 00:00:00-04:00,4.85873439254227,4.877530252067189,4.792948660140734,4.821142673492432,322400,0.0,0.0
2021-06-10 00:00:00-04:00,4.821142937231771,4.839938797784913,4.745959495019205,4.783551216125488,338900,0.0,0.0
2021-06-11 00:00:00-04:00,4.802346359525551,4.933917363749531,4.755356491095545,4.868131637573242,925900,0.0,0.0
2021-06-14 00:00:00-04:00,5.07488669012961,5.084284395251813,4.933917528267668,5.056090831756592,961100,0.0,0.0
2021-06-15 00:00:00-04:00,5.15007034348703,5.15007034348703,5.036355462694879,5.093682765960693,377200,0.0,0.0
2021-06-16 00:00:00-04:00,5.103080842444138,5.103080842444138,5.02789740027702,5.074887275695801,279200,0.0,0.0
2021-06-17 00:00:00-04:00,5.056090999997151,5.071127507944458,4.858734256449144,4.9245195388793945,467400,0.0,0.0
2021-06-18 00:00:00-04:00,4.980908141260455,4.980908141260455,4.8775306807238605,4.896326541900635,281600,0.0,0.0
2021-06-21 00:00:00-04:00,4.971509562206668,5.112478733062744,4.943315996912637,5.112478733062744,296400,0.0,0.0
2021-06-22 00:00:00-04:00,5.131275137228874,5.131275137228874,4.980908244692221,5.084285259246826,259300,0.0,0.0
2021-06-23 00:00:00-04:00,5.037295400334216,5.131274700164795,5.037295400334216,5.131274700164795,204700,0.0,0.0
2021-06-24 00:00:00-04:00,5.140672298356775,5.215856184774353,5.09368287349051,5.112478733062744,408000,0.0,0.0
2021-06-25 00:00:00-04:00,5.150070717862919,5.21585645382348,5.074887275695801,5.074887275695801,279100,0.0,0.0
2021-06-28 00:00:00-04:00,5.074886732841599,5.074886732841599,4.933917569793213,4.980907440185547,246600,0.0,0.0
2021-06-29 00:00:00-04:00,4.990305145386844,5.018499157247968,4.952713428324423,4.980907440185547,99900,0.0,0.0
2021-06-30 00:00:00-04:00,4.980907931046222,5.027897357940674,4.952713916406622,5.027897357940674,172300,0.0,0.0
2021-07-01 00:00:00-04:00,5.0278971265881856,5.0278971265881856,4.92451967517132,4.9433159828186035,243600,0.0,0.0
2021-07-02 00:00:00-04:00,4.915121506003248,4.933917363749531,4.792948206588111,4.868131637573242,399300,0.0,0.0
2021-07-06 00:00:00-04:00,4.886927820882501,4.9339176924429315,4.863433333230912,4.9245195388793945,168900,0.0,0.0
2021-07-07 00:00:00-04:00,4.9339179555789485,4.943316109643709,4.858734515575473,4.886928081512451,130700,0.0,0.0
2021-07-08 00:00:00-04:00,4.821142780651789,4.87753036047987,4.764755200823707,4.839938640594482,224100,0.0,0.0
2021-07-09 00:00:00-04:00,4.886927820882501,4.9245195388793945,4.830540243887159,4.9245195388793945,209800,0.0,0.0
2021-07-12 00:00:00-04:00,4.915122403077408,4.9339182642541815,4.886928387247909,4.896326541900635,189200,0.0,0.0
2021-07-13 00:00:00-04:00,4.896325909897926,4.896325909897926,4.792948462704975,4.830540180206299,152500,0.0,0.0
2021-07-14 00:00:00-04:00,4.839938596330668,4.91512203541385,4.745959297476689,4.7929487228393555,307900,0.0,0.0
2021-07-15 00:00:00-04:00,4.792948886147194,4.905724048614502,4.7647553195946974,4.905724048614502,283500,0.0,0.0
2021-07-16 00:00:00-04:00,4.905723878222018,4.980907765384158,4.886928018463644,4.915122032165527,322900,0.0,0.0
2021-07-19 00:00:00-04:00,4.952713909482715,4.952713909482715,4.830540593096349,4.858734607696533,328100,0.0,0.0
2021-07-20 00:00:00-04:00,4.886928188203284,4.948014846571907,4.858734621650787,4.905724048614502,239100,0.0,0.0
2021-07-21 00:00:00-04:00,4.943316104962208,5.027897250821692,4.933917950906348,5.009101390838623,306700,0.0,0.0
2021-07-22 00:00:00-04:00,5.027897034782319,5.103080471484101,4.98090761090802,5.093682765960693,339500,0.0,0.0
2021-07-23 00:00:00-04:00,5.036018206496913,5.1129043689512095,4.93030059238778,4.949522018432617,408000,0.12,0.0
2021-07-26 00:00:00-04:00,4.959132502317563,4.9783539283624005,4.920689650227888,4.949522018432617,202900,0.0,0.0
2021-07-27 00:00:00-04:00,4.949522071744701,4.949522071744701,4.872636366737202,4.901468276977539,174600,0.0,0.0
2021-07-28 00:00:00-04:00,4.901467919141812,4.939910768839009,4.863025069444614,4.882246494293213,150100,0.0,0.0
2021-07-29 00:00:00-04:00,4.882246563338911,4.911078930157021,4.8245822879776155,4.834193229675293,240900,0.0,0.0
2021-07-30 00:00:00-04:00,4.853415012359619,4.920689776099978,4.834193585823094,4.853415012359619,250100,0.0,0.0
2021-08-02 00:00:00-04:00,4.882247092486892,4.939911374097962,4.843804238079514,4.863025665283203,188900,0.0,0.0
2021-08-03 00:00:00-04:00,4.8822468555644845,4.8822468555644845,4.776528781936921,4.824582576751709,248800,0.0,0.0
2021-08-04 00:00:00-04:00,4.795750261782283,4.818816156875048,4.757307408810979,4.776528835296631,156900,0.0,0.0
2021-08-05 00:00:00-04:00,4.77652890163813,4.824582697657161,4.75730747488551,4.805361270904541,102500,0.0,0.0
2021-08-06 00:00:00-04:00,4.805361033982915,4.824582459787849,4.766918182373047,4.766918182373047,101800,0.0,0.0
2021-08-09 00:00:00-04:00,4.766918417399302,4.814972213418332,4.75730747488551,4.805361270904541,132800,0.0,0.0
2021-08-10 00:00:00-04:00,4.805361155397657,4.834193523971021,4.7236699790939,4.747696876525879,517800,0.0,0.0
2021-08-11 00:00:00-04:00,4.747696809081751,4.747696809081751,4.64197873684781,4.718864440917969,276500,0.0,0.0
2021-08-12 00:00:00-04:00,4.718864271520686,4.728475213321915,4.670810937339323,4.709253787994385,128200,0.0,0.0
2021-08-13 00:00:00-04:00,4.709253957046672,4.738085866935508,4.68042158888289,4.718864440917969,180500,0.0,0.0
2021-08-16 00:00:00-04:00,4.728475333781625,4.728475333781625,4.626601731122949,4.690032482147217,288900,0.0,0.0
2021-08-17 00:00:00-04:00,4.680421540101145,4.728475333781625,4.6612001142839405,4.690032482147217,84200,0.0,0.0
2021-08-18 00:00:00-04:00,4.690032656848624,4.690032656848624,4.5939255241826595,4.622757434844971,156100,0.0,0.0
2021-08-19 00:00:00-04:00,4.584314600274936,4.5939255427177885,4.228717978838663,4.3921003341674805,688700,0.0,0.0
2021-08-20 00:00:00-04:00,4.334435866222504,4.565092975541028,4.334435866222504,4.459374904632568,190100,0.0,0.0
2021-08-23 00:00:00-04:00,4.478596278618778,4.5449104946597085,4.478596278618778,4.5074286460876465,101400,0.0,0.0
2021-08-24 00:00:00-04:00,4.488207220533378,4.555481980835848,4.468985794979111,4.5074286460876465,78400,0.0,0.0
2021-08-25 00:00:00-04:00,4.526650302179006,4.670811230315431,4.517039359774931,4.622757434844971,138500,0.0,0.0
2021-08-26 00:00:00-04:00,4.641979105786337,4.661200533331571,4.565093395605401,4.584314823150635,115000,0.0,0.0
2021-08-27 00:00:00-04:00,4.555482165135461,4.6419788127664985,4.555482165135461,4.593925476074219,71500,0.0,0.0
2021-08-30 00:00:00-04:00,4.641978691528741,4.641978691528741,4.584314414039091,4.613146781921387,84800,0.0,0.0
2021-08-31 00:00:00-04:00,4.603536074293672,4.68714925799773,4.603536074293672,4.651589870452881,82200,0.0,0.0
2021-09-01 00:00:00-04:00,4.68042158888289,4.728475383064211,4.6515896789940525,4.718864440917969,81900,0.0,0.0
2021-09-02 00:00:00-04:00,4.728475498219979,4.786139777676935,4.718864555839675,4.776528835296631,150100,0.0,0.0
2021-09-03 00:00:00-04:00,4.795750141143799,4.805361083282337,4.738085863137404,4.795750141143799,126200,0.0,0.0
2021-09-07 00:00:00-04:00,4.7957499696728565,4.959132313986749,4.789022493726397,4.939910888671875,356900,0.0,0.0
2021-09-08 00:00:00-04:00,4.930300889633603,4.959132801301651,4.834193753615155,4.863025665283203,158600,0.0,0.0
2021-09-09 00:00:00-04:00,4.843803882598877,4.872636250425927,4.824582456805823,4.843803882598877,110500,0.0,0.0
2021-09-10 00:00:00-04:00,4.853414654795725,4.863025138218479,4.814971804554862,4.834193229675293,98000,0.0,0.0
2021-09-13 00:00:00-04:00,4.891857435854971,4.901467919141812,4.834193161309175,4.882246494293213,105900,0.0,0.0
2021-09-14 00:00:00-04:00,4.891857435854971,4.901467919141812,4.853414586157774,4.882246494293213,83000,0.0,0.0
2021-09-15 00:00:00-04:00,4.8918575050365884,4.949521780397884,4.834193229675293,4.834193229675293,194400,0.0,0.0
2021-09-16 00:00:00-04:00,4.853415047307649,5.189790243256455,4.843804104832702,5.036018371582031,1926500,0.0,0.0
2021-09-17 00:00:00-04:00,5.093682935014222,5.180179122944502,5.016796772679053,5.103293418884277,559800,0.0,0.0
2021-09-20 00:00:00-04:00,5.103293476858026,5.141736329324851,4.968743493224138,4.978353977203369,368700,0.0,0.0
2021-09-21 00:00:00-04:00,5.036018323410409,5.045629265793424,4.9975754704282656,5.007186412811279,179100,0.0,0.0
2021-09-22 00:00:00-04:00,5.045629144688166,5.050434615764332,4.997575350476396,5.026407718658447,126300,0.0,0.0
2021-09-23 00:00:00-04:00,5.0264075989337345,5.064850450077496,5.0264075989337345,5.045629024505615,137500,0.0,0.0
2021-09-24 00:00:00-04:00,5.016796606177289,5.103293249511788,5.016796606177289,5.093682765960693,164600,0.0,0.0
2021-09-27 00:00:00-04:00,5.064850807189941,5.170568884426724,5.0552403228638525,5.064850807189941,201600,0.0,0.0
2021-09-28 00:00:00-04:00,5.0744615666453825,5.084072050624614,4.968743493224138,4.978353977203369,128600,0.0,0.0
2021-09-29 00:00:00-04:00,4.978353916963939,5.22727191069085,4.9543274781691125,5.180179119110107,1027400,0.0,0.0
2021-09-30 00:00:00-04:00,5.3243403517070185,5.410837002859199,5.151347507677628,5.247454643249512,1348400,0.0,0.0
2021-10-01 00:00:00-04:00,5.391614963451835,5.391614963451835,5.218621680793271,5.2666754722595215,404500,0.0,0.0
2021-10-04 00:00:00-04:00,5.285897202160219,5.372393848479914,5.266675776119724,5.333950996398926,479700,0.0,0.0
2021-10-05 00:00:00-04:00,5.34356164932251,5.3627830759710635,5.266675942728295,5.34356164932251,245900,0.0,0.0
2021-10-06 00:00:00-04:00,5.305118492644596,5.324339918193945,5.257064699633756,5.2762861251831055,192400,0.0,0.0
2021-10-07 00:00:00-04:00,5.314729677475309,5.314729677475309,5.1994006606329775,5.2378435134887695,171700,0.0,0.0
2021-10-08 00:00:00-04:00,5.237843868442618,5.2647542338852755,5.2186224407121395,5.257065296173096,128300,0.0,0.0
2021-10-11 00:00:00-04:00,5.237843274084407,5.305118492644596,5.218621848535058,5.2762861251831055,174700,0.0,0.0
2021-10-12 00:00:00-04:00,5.285897081326222,5.439668486135005,5.237843288186009,5.430058002471924,309500,0.0,0.0
2021-10-13 00:00:00-04:00,5.43966860652705,5.449279548677778,5.333950992518711,5.410836696624756,146200,0.0,0.0
2021-10-14 00:00:00-04:00,5.439668550881307,5.5838294737429015,5.410836641273952,5.535776138305664,365800,0.0,0.0
2021-10-15 00:00:00-04:00,5.554997968056928,5.6030513069882755,5.47811180087182,5.583829879760742,224300,0.0,0.0
2021-10-18 00:00:00-04:00,5.612662331552364,6.102808962136571,5.612662331552364,6.025923252105713,1051300,0.0,0.0
2021-10-19 00:00:00-04:00,6.054754955906094,6.102808290247454,5.71837932414192,5.939425945281982,656000,0.0,0.0
2021-10-20 00:00:00-04:00,5.949037316908788,6.0067015972493865,5.82409781370001,5.910594463348389,307600,0.0,0.0
2021-10-21 00:00:00-04:00,5.939426190471964,5.939426190471964,5.77604429703673,5.824097633361816,300400,0.0,0.0
2021-10-22 00:00:00-04:00,5.951561060868514,5.951561060868514,5.637804799374073,5.667219638824463,389300,0.12,0.0
2021-10-25 00:00:00-04:00,5.794682693763864,5.824097533201102,5.667219636290531,5.8142924308776855,452600,0.0,0.0
2021-10-26 00:00:00-04:00,5.882927141004922,5.882927141004922,5.667220018215947,5.70643949508667,393100,0.0,0.0
2021-10-27 00:00:00-04:00,5.716244126350309,5.735853864771306,5.588780592847314,5.6083903312683105,231300,0.0,0.0
2021-10-28 00:00:00-04:00,5.598585509509576,5.637804985046387,5.549560931322048,5.637804985046387,153100,0.0,0.0
2021-10-29 00:00:00-04:00,5.677024273619251,5.765268324437409,5.608389959923683,5.667219638824463,200100,0.0,0.0
2021-11-01 00:00:00-04:00,5.716244126350309,5.716244126350309,5.539756480561346,5.6083903312683105,284800,0.0,0.0
2021-11-02 00:00:00-04:00,5.5789756776982875,5.59368286389342,5.441707515633332,5.480926990509033,181900,0.0,0.0
2021-11-03 00:00:00-04:00,5.412292582124327,5.58878021601328,5.412292582124327,5.520146369934082,163700,0.0,0.0
2021-11-04 00:00:00-04:00,5.637804885039042,5.637804885039042,5.559365935356825,5.627999782562256,164300,0.0,0.0
2021-11-05 00:00:00-04:00,5.608390144627265,5.696634198351603,5.569170669090454,5.637804985046387,208000,0.0,0.0
2021-11-08 00:00:00-05:00,5.637804799374073,5.677024273619251,5.588780222801093,5.667219638824463,182000,0.0,0.0
2021-11-09 00:00:00-05:00,5.628000069689306,5.677024649508318,5.6083903312683105,5.6083903312683105,139200,0.0,0.0
2021-11-10 00:00:00-05:00,5.578975582707355,5.637804794019247,5.559365845603391,5.618195056915283,221100,0.0,0.0
2021-11-11 00:00:00-05:00,5.637804794019247,5.6574145311232105,5.607409537871549,5.618195056915283,177500,0.0,0.0
2021-11-12 00:00:00-05:00,5.637804885039042,5.677024359880151,5.598585410197934,5.627999782562256,150800,0.0,0.0
2021-11-15 00:00:00-05:00,5.7358534824223995,5.882926744542566,5.686829373404352,5.8142924308776855,448200,0.0,0.0
2021-11-16 00:00:00-05:00,5.902536775215829,6.030000306561503,5.843707560948526,5.990780830383301,645800,0.0,0.0
2021-11-17 00:00:00-05:00,6.00058555116879,6.13785418728159,5.94175633606318,6.098634243011475,818900,0.0,0.0
2021-11-18 00:00:00-05:00,6.0986340582524345,6.137854001334376,5.9907807342594355,6.03000020980835,225500,0.0,0.0
2021-11-19 00:00:00-05:00,5.951561451798334,5.985878377133728,5.721146674823298,5.755463600158691,376200,0.0,0.0
2021-11-22 00:00:00-05:00,5.735853673888414,5.784878252075941,5.62113649755338,5.637804985046387,287100,0.0,0.0
2021-11-23 00:00:00-05:00,5.667219634890547,5.735853481005461,5.64760989778157,5.716243743896484,159500,0.0,0.0
2021-11-24 00:00:00-05:00,5.706439489978829,5.843707658903488,5.706439489978829,5.804488182067871,200200,0.0,0.0
2021-11-26 00:00:00-05:00,5.765268512437166,5.784878250199211,5.6181952454553254,5.735853672027588,258600,0.0,0.0
2021-11-29 00:00:00-05:00,5.7848781587366185,5.8731217435041145,5.696634106436103,5.726048946380615,277500,0.0,0.0
2021-11-30 00:00:00-05:00,5.706439401875665,5.726049139990714,5.5946634738401535,5.647610187530518,259000,0.0,0.0
2021-12-01 00:00:00-05:00,5.716244133767824,5.794683087553592,5.559366226196289,5.559366226196289,191000,0.0,0.0
2021-12-02 00:00:00-05:00,5.5593661322462795,5.726049139990714,5.481907596561881,5.647610187530518,250700,0.0,0.0
2021-12-03 00:00:00-05:00,5.696634194558129,5.716243932313477,5.510341452115819,5.588780403137207,137300,0.0,0.0
2021-12-06 00:00:00-05:00,5.598585414927354,5.657414627238713,5.522107298662682,5.578975677490234,165300,0.0,0.0
2021-12-07 00:00:00-05:00,5.559365842606634,5.588780214480218,5.422097682952881,5.422097682952881,305800,0.0,0.0
2021-12-08 00:00:00-05:00,5.412292580639678,5.5495607402934315,5.392682843546285,5.422097682952881,213800,0.0,0.0
2021-12-09 00:00:00-05:00,5.42209768063503,5.618195051485135,5.42209768063503,5.5691704750061035,181200,0.0,0.0
2021-12-10 00:00:00-05:00,5.510341547522414,5.600546436265432,5.510341547522414,5.549561023712158,130300,0.0,0.0
2021-12-13 00:00:00-05:00,5.588780307971309,5.588780307971309,5.4319024085998535,5.4319024085998535,122200,0.0,0.0
2021-12-14 00:00:00-05:00,5.431902605088583,5.539756398574374,5.392683128827029,5.4024882316589355,177100,0.0,0.0
2021-12-15 00:00:00-05:00,5.471121984166694,5.471121984166694,5.196585655212402,5.196585655212402,290400,0.0,0.0
2021-12-16 00:00:00-05:00,5.216195197396267,5.47112177900879,5.216195197396267,5.22599983215332,314500,0.0,0.0
2021-12-17 00:00:00-05:00,5.29463453184699,5.392683224235574,5.245609951886176,5.314244270324707,245700,0.0,0.0
2021-12-20 00:00:00-05:00,5.451512336730957,5.520146653873505,5.3730733843012075,5.451512336730957,630000,0.0,0.0
2021-12-21 00:00:00-05:00,5.500536727741756,5.6005462484111606,5.490731625256687,5.578975677490234,296500,0.0,0.0
2021-12-22 00:00:00-05:00,5.686829563233914,5.931951519105496,5.618195247277981,5.882926940917969,702000,0.0,0.0
2021-12-23 00:00:00-05:00,5.951561351280371,6.010390565518764,5.873121931429479,5.941756248474121,371600,0.0,0.0
2021-12-27 00:00:00-05:00,6.0300002042558845,6.128048893037885,5.98097562609837,6.079024314880371,609600,0.0,0.0
2021-12-28 00:00:00-05:00,6.128049091505436,6.128049091505436,5.980975819802697,6.049610137939453,337100,0.0,0.0
2021-12-29 00:00:00-05:00,6.049609947582806,6.049609947582806,5.902536680507866,6.03000020980835,362600,0.0,0.0
2021-12-30 00:00:00-05:00,6.079999923706055,6.079999923706055,5.820000171661377,5.860000133514404,391700,0.12,0.0
2021-12-31 00:00:00-05:00,5.889999866485596,5.889999866485596,5.78000020980835,5.840000152587891,348100,0.0,0.0
2022-01-03 00:00:00-05:00,6.059999942779541,6.190000057220459,5.9079999923706055,6.059999942779541,861800,0.0,0.0
2022-01-04 00:00:00-05:00,6.150000095367432,6.260000228881836,6.070000171661377,6.21999979019165,517600,0.0,0.0
2022-01-05 00:00:00-05:00,6.239999771118164,6.25,6.0,6.03000020980835,404100,0.0,0.0
2022-01-06 00:00:00-05:00,6.130000114440918,6.179999828338623,6.019999980926514,6.130000114440918,229500,0.0,0.0
2022-01-07 00:00:00-05:00,6.210000038146973,6.300000190734863,6.070000171661377,6.199999809265137,357900,0.0,0.0
2022-01-10 00:00:00-05:00,6.199999809265137,6.260000228881836,6.079999923706055,6.170000076293945,342800,0.0,0.0
2022-01-11 00:00:00-05:00,6.199999809265137,6.289999961853027,6.110000133514404,6.269999980926514,367800,0.0,0.0
2022-01-12 00:00:00-05:00,6.28000020980835,6.550000190734863,6.190000057220459,6.360000133514404,974300,0.0,0.0
2022-01-13 00:00:00-05:00,6.360000133514404,6.409999847412109,6.25,6.309999942779541,584500,0.0,0.0
2022-01-14 00:00:00-05:00,6.300000190734863,6.329999923706055,6.010000228881836,6.050000190734863,430700,0.0,0.0
2022-01-18 00:00:00-05:00,6.050000190734863,6.050000190734863,5.860000133514404,5.940000057220459,430700,0.0,0.0
2022-01-19 00:00:00-05:00,5.989999771118164,6.0,5.809999942779541,5.849999904632568,246400,0.0,0.0
2022-01-20 00:00:00-05:00,5.869999885559082,5.940000057220459,5.699999809265137,5.710000038146973,341800,0.0,0.0
2022-01-21 00:00:00-05:00,5.670000076293945,5.710000038146973,5.519999980926514,5.579999923706055,507000,0.0,0.0
2022-01-24 00:00:00-05:00,5.53000020980835,5.53000020980835,5.260000228881836,5.5,594300,0.0,0.0
2022-01-25 00:00:00-05:00,5.46999979019165,5.639999866485596,5.440000057220459,5.590000152587891,1368800,0.0,0.0
2022-01-26 00:00:00-05:00,5.650000095367432,5.78000020980835,5.550000190734863,5.570000171661377,252000,0.0,0.0
2022-01-27 00:00:00-05:00,5.559999942779541,5.559999942779541,5.329999923706055,5.360000133514404,384100,0.0,0.0
2022-01-28 00:00:00-05:00,5.369999885559082,5.409999847412109,5.28000020980835,5.380000114440918,344000,0.0,0.0
2022-01-31 00:00:00-05:00,5.340000152587891,5.559999942779541,5.340000152587891,5.559999942779541,199400,0.0,0.0
2022-02-01 00:00:00-05:00,5.579999923706055,5.610000133514404,5.422999858856201,5.489999771118164,214800,0.0,0.0
2022-02-02 00:00:00-05:00,5.449999809265137,5.495999813079834,5.369999885559082,5.460000038146973,258500,0.0,0.0
2022-02-03 00:00:00-05:00,5.400000095367432,5.449999809265137,5.369999885559082,5.400000095367432,126100,0.0,0.0
2022-02-04 00:00:00-05:00,5.389999866485596,5.420000076293945,5.309999942779541,5.400000095367432,169400,0.0,0.0
2022-02-07 00:00:00-05:00,5.400000095367432,5.400000095367432,5.28000020980835,5.329999923706055,252200,0.0,0.0
2022-02-08 00:00:00-05:00,5.309999942779541,5.3979997634887695,5.297999858856201,5.380000114440918,157600,0.0,0.0
2022-02-09 00:00:00-05:00,5.360000133514404,5.389999866485596,5.230000019073486,5.269999980926514,405700,0.0,0.0
2022-02-10 00:00:00-05:00,5.230000019073486,5.309999942779541,5.179999828338623,5.199999809265137,305000,0.0,0.0
2022-02-11 00:00:00-05:00,5.199999809265137,5.269999980926514,5.010000228881836,5.070000171661377,440400,0.0,0.0
2022-02-14 00:00:00-05:00,5.03000020980835,5.059999942779541,4.940000057220459,4.949999809265137,533700,0.0,0.0
2022-02-15 00:00:00-05:00,5.0,5.070000171661377,4.96999979019165,5.010000228881836,357800,0.0,0.0
2022-02-16 00:00:00-05:00,5.010000228881836,5.050000190734863,4.980000019073486,5.019999980926514,303000,0.0,0.0
2022-02-17 00:00:00-05:00,5.019999980926514,5.03000020980835,4.949999809265137,4.960000038146973,213100,0.0,0.0
2022-02-18 00:00:00-05:00,4.980000019073486,5.03000020980835,4.949999809265137,4.949999809265137,193200,0.0,0.0
2022-02-22 00:00:00-05:00,4.929999828338623,4.960000038146973,4.699999809265137,4.78000020980835,472800,0.0,0.0
2022-02-23 00:00:00-05:00,4.820000171661377,4.880000114440918,4.650000095367432,4.679999828338623,302200,0.0,0.0
2022-02-24 00:00:00-05:00,4.519999980926514,4.703999996185303,4.5,4.670000076293945,373900,0.0,0.0
2022-02-25 00:00:00-05:00,4.679999828338623,4.9029998779296875,4.679999828338623,4.849999904632568,287700,0.0,0.0
2022-02-28 00:00:00-05:00,4.860000133514404,4.96999979019165,4.829999923706055,4.900000095367432,227800,0.0,0.0
2022-03-01 00:00:00-05:00,4.900000095367432,4.929999828338623,4.78000020980835,4.849999904632568,176900,0.0,0.0
2022-03-02 00:00:00-05:00,4.900000095367432,5.010000228881836,4.900000095367432,5.010000228881836,160800,0.0,0.0
2022-03-03 00:00:00-05:00,5.039999961853027,5.041999816894531,4.920000076293945,4.989999771118164,185500,0.0,0.0
2022-03-04 00:00:00-05:00,4.96999979019165,5.0,4.909999847412109,5.0,141200,0.0,0.0
2022-03-07 00:00:00-05:00,4.900000095367432,4.980000019073486,4.800000190734863,4.800000190734863,406500,0.0,0.0
2022-03-08 00:00:00-05:00,4.809999942779541,4.889999866485596,4.78000020980835,4.800000190734863,271900,0.0,0.0
2022-03-09 00:00:00-05:00,4.889999866485596,4.949999809265137,4.840000152587891,4.900000095367432,223700,0.0,0.0
2022-03-10 00:00:00-05:00,4.909999847412109,5.03000020980835,4.849999904632568,5.019999980926514,223000,0.0,0.0
2022-03-11 00:00:00-05:00,5.010000228881836,5.050000190734863,4.909999847412109,4.920000076293945,209100,0.0,0.0
2022-03-14 00:00:00-04:00,4.920000076293945,4.960000038146973,4.710000038146973,4.71999979019165,254100,0.0,0.0
2022-03-15 00:00:00-04:00,4.730000019073486,4.860000133514404,4.730000019073486,4.800000190734863,218800,0.0,0.0
2022-03-16 00:00:00-04:00,4.849999904632568,4.96999979019165,4.815000057220459,4.849999904632568,183400,0.0,0.0
2022-03-17 00:00:00-04:00,4.849999904632568,4.980000019073486,4.820000171661377,4.920000076293945,158100,0.0,0.0
2022-03-18 00:00:00-04:00,4.940000057220459,4.940000057220459,4.809999942779541,4.809999942779541,256000,0.0,0.0
2022-03-21 00:00:00-04:00,4.849999904632568,4.940000057220459,4.809999942779541,4.880000114440918,206000,0.0,0.0
2022-03-22 00:00:00-04:00,4.909999847412109,5.059999942779541,4.909999847412109,4.989999771118164,149100,0.0,0.0
2022-03-23 00:00:00-04:00,5.019999980926514,5.050000190734863,4.980000019073486,5.0,91200,0.0,0.0
2022-03-24 00:00:00-04:00,5.019999980926514,5.059999942779541,4.989999771118164,5.03000020980835,147700,0.0,0.0
2022-03-25 00:00:00-04:00,5.050000190734863,5.090000152587891,5.019999980926514,5.079999923706055,131100,0.0,0.0
2022-03-28 00:00:00-04:00,5.110000133514404,5.21999979019165,5.09499979019165,5.179999828338623,231600,0.0,0.0
2022-03-29 00:00:00-04:00,5.21999979019165,5.289999961853027,5.199999809265137,5.28000020980835,190100,0.0,0.0
2022-03-30 00:00:00-04:00,5.28000020980835,5.289999961853027,5.130000114440918,5.170000076293945,183900,0.0,0.0
2022-03-31 00:00:00-04:00,5.139999866485596,5.25,5.110000133514404,5.119999885559082,143900,0.0,0.0
2022-04-01 00:00:00-04:00,5.25,5.269999980926514,5.170000076293945,5.230000019073486,237800,0.0,0.0
2022-04-04 00:00:00-04:00,5.25,5.284999847412109,5.159999847412109,5.170000076293945,336200,0.0,0.0
2022-04-05 00:00:00-04:00,5.159999847412109,5.190000057220459,5.070000171661377,5.079999923706055,306700,0.0,0.0
2022-04-06 00:00:00-04:00,5.21999979019165,5.224999904632568,5.050000190734863,5.059999942779541,530300,0.0,0.0
2022-04-07 00:00:00-04:00,5.079999923706055,5.0879998207092285,4.860000133514404,4.96999979019165,567200,0.0,0.0
2022-04-08 00:00:00-04:00,4.869999885559082,4.960000038146973,4.829999923706055,4.940000057220459,297500,0.0,0.0
2022-04-11 00:00:00-04:00,4.929999828338623,4.949999809265137,4.795000076293945,4.829999923706055,240700,0.0,0.0
2022-04-12 00:00:00-04:00,4.829999923706055,4.869999885559082,4.760000228881836,4.800000190734863,184600,0.0,0.0
2022-04-13 00:00:00-04:00,4.849999904632568,5.010000228881836,4.840000152587891,4.989999771118164,277900,0.0,0.0
2022-04-14 00:00:00-04:00,4.940000057220459,4.989999771118164,4.860000133514404,4.880000114440918,233400,0.0,0.0
2022-04-18 00:00:00-04:00,4.929999828338623,5.079999923706055,4.929999828338623,5.039999961853027,524300,0.0,0.0
2022-04-19 00:00:00-04:00,5.070000171661377,5.079999923706055,4.940000057220459,4.980000019073486,344800,0.0,0.0
2022-04-20 00:00:00-04:00,4.989999771118164,5.039999961853027,4.949999809265137,5.0,225100,0.0,0.0
2022-04-21 00:00:00-04:00,5.039999961853027,5.039999961853027,4.900000095367432,4.920000076293945,215100,0.0,0.0
2022-04-22 00:00:00-04:00,4.909999847412109,4.940000057220459,4.869999885559082,4.880000114440918,167400,0.0,0.0
2022-04-25 00:00:00-04:00,4.869999885559082,4.909999847412109,4.800000190734863,4.909999847412109,210600,0.0,0.0
2022-04-26 00:00:00-04:00,4.900000095367432,4.900000095367432,4.800000190734863,4.809999942779541,162800,0.0,0.0
2022-04-27 00:00:00-04:00,4.840000152587891,4.849999904632568,4.800000190734863,4.820000171661377,117400,0.0,0.0
2022-04-28 00:00:00-04:00,4.940000057220459,4.940000057220459,4.800000190734863,4.849999904632568,174700,0.0,0.0
2022-04-29 00:00:00-04:00,4.840000152587891,4.909999847412109,4.789999961853027,4.820000171661377,156100,0.0,0.0
2022-05-02 00:00:00-04:00,4.820000171661377,4.829999923706055,4.599999904632568,4.659999847412109,390900,0.0,0.0
2022-05-03 00:00:00-04:00,4.730000019073486,4.78000020980835,4.659999847412109,4.769999980926514,186900,0.0,0.0
2022-05-04 00:00:00-04:00,4.789999961853027,4.789999961853027,4.61299991607666,4.75,252400,0.0,0.0
2022-05-05 00:00:00-04:00,4.710000038146973,4.789999961853027,4.583000183105469,4.78000020980835,361200,0.0,0.0
2022-05-06 00:00:00-04:00,4.710000038146973,4.829999923706055,4.710000038146973,4.75,167500,0.0,0.0
2022-05-09 00:00:00-04:00,4.699999809265137,4.789999961853027,4.380000114440918,4.400000095367432,514400,0.0,0.0
2022-05-10 00:00:00-04:00,4.440000057220459,4.484000205993652,4.260000228881836,4.320000171661377,297600,0.0,0.0
2022-05-11 00:00:00-04:00,4.400000095367432,4.480000019073486,4.320000171661377,4.409999847412109,207000,0.0,0.0
2022-05-12 00:00:00-04:00,4.429999828338623,4.429999828338623,4.239999771118164,4.300000190734863,197800,0.0,0.0
2022-05-13 00:00:00-04:00,4.329999923706055,4.53000020980835,4.329999923706055,4.489999771118164,121500,0.0,0.0
2022-05-16 00:00:00-04:00,4.5,4.610000133514404,4.46999979019165,4.570000171661377,104900,0.0,0.0
2022-05-17 00:00:00-04:00,4.639999866485596,4.730000019073486,4.577000141143799,4.730000019073486,127800,0.0,0.0
2022-05-18 00:00:00-04:00,4.730000019073486,4.730000019073486,4.599999904632568,4.630000114440918,112600,0.0,0.0
2022-05-19 00:00:00-04:00,4.630000114440918,6.019999980926514,4.630000114440918,5.090000152587891,4262400,0.0,0.0
2022-05-20 00:00:00-04:00,5.150000095367432,5.159999847412109,4.869999885559082,5.0,347700,0.0,0.0
2022-05-23 00:00:00-04:00,5.010000228881836,5.079999923706055,4.880000114440918,4.920000076293945,550900,0.0,0.0
2022-05-24 00:00:00-04:00,4.900000095367432,4.989999771118164,4.820000171661377,4.960000038146973,186800,0.0,0.0
2022-05-25 00:00:00-04:00,4.909999847412109,5.079999923706055,4.900000095367432,5.019999980926514,132300,0.0,0.0
2022-05-26 00:00:00-04:00,5.019999980926514,5.079999923706055,4.989999771118164,5.010000228881836,174900,0.0,0.0
2022-05-27 00:00:00-04:00,5.090000152587891,5.090000152587891,4.96999979019165,5.03000020980835,235200,0.0,0.0
2022-05-31 00:00:00-04:00,4.960000038146973,5.039999961853027,4.960000038146973,4.980000019073486,149000,0.0,0.0
2022-06-01 00:00:00-04:00,5.0,5.070000171661377,4.980000019073486,5.039999961853027,133200,0.0,0.0
2022-06-02 00:00:00-04:00,5.079999923706055,5.119999885559082,4.960000038146973,5.0,205400,0.0,0.0
2022-06-03 00:00:00-04:00,5.010000228881836,5.090000152587891,4.949999809265137,5.079999923706055,179500,0.0,0.0
2022-06-06 00:00:00-04:00,5.079999923706055,5.119999885559082,4.96999979019165,4.989999771118164,189300,0.0,0.0
2022-06-07 00:00:00-04:00,5.010000228881836,5.039999961853027,4.96999979019165,5.019999980926514,151300,0.0,0.0
2022-06-08 00:00:00-04:00,5.010000228881836,5.0289998054504395,4.925000190734863,5.0,119100,0.0,0.0
2022-06-09 00:00:00-04:00,4.960000038146973,5.0,4.909999847412109,4.929999828338623,79600,0.0,0.0
2022-06-10 00:00:00-04:00,4.909999847412109,4.920000076293945,4.75,4.800000190734863,243000,0.0,0.0
2022-06-13 00:00:00-04:00,4.639999866485596,4.699999809265137,4.320000171661377,4.320000171661377,477900,0.0,0.0
2022-06-14 00:00:00-04:00,4.349999904632568,4.360000133514404,4.28000020980835,4.289999961853027,217100,0.0,0.0
2022-06-15 00:00:00-04:00,4.340000152587891,4.380000114440918,4.170000076293945,4.190000057220459,405600,0.0,0.0
2022-06-16 00:00:00-04:00,4.150000095367432,4.179999828338623,3.9000000953674316,3.940000057220459,583500,0.0,0.0
2022-06-17 00:00:00-04:00,4.0,4.170000076293945,3.8299999237060547,3.8299999237060547,621300,0.0,0.0
2022-06-21 00:00:00-04:00,3.950000047683716,4.260000228881836,3.950000047683716,3.990000009536743,473400,0.0,0.0
2022-06-22 00:00:00-04:00,4.0,4.159999847412109,3.9100000858306885,3.9100000858306885,311200,0.0,0.0
2022-06-23 00:00:00-04:00,3.9100000858306885,4.079999923706055,3.9000000953674316,4.039999961853027,231600,0.0,0.0
2022-06-24 00:00:00-04:00,4.050000190734863,4.230000019073486,4.050000190734863,4.170000076293945,200900,0.0,0.0
2022-06-27 00:00:00-04:00,4.25,4.328999996185303,4.079999923706055,4.119999885559082,206600,0.0,0.0
2022-06-28 00:00:00-04:00,4.179999828338623,4.230000019073486,4.079999923706055,4.130000114440918,131200,0.0,0.0
2022-06-29 00:00:00-04:00,4.130000114440918,4.139999866485596,4.0,4.019999980926514,128600,0.0,0.0
2022-06-30 00:00:00-04:00,4.039999961853027,4.119999885559082,3.940000057220459,4.079999923706055,127000,0.0,0.0
2022-07-01 00:00:00-04:00,4.079999923706055,4.170000076293945,4.019999980926514,4.150000095367432,82400,0.0,0.0
2022-07-05 00:00:00-04:00,4.159999847412109,4.199999809265137,4.010000228881836,4.170000076293945,179100,0.0,0.0
2022-07-06 00:00:00-04:00,4.199999809265137,4.25,4.110000133514404,4.170000076293945,163900,0.0,0.0
2022-07-07 00:00:00-04:00,4.150000095367432,4.300000190734863,4.150000095367432,4.28000020980835,128500,0.0,0.0
2022-07-08 00:00:00-04:00,4.289999961853027,4.298999786376953,4.159999847412109,4.28000020980835,113800,0.0,0.0
2022-07-11 00:00:00-04:00,4.46999979019165,4.650000095367432,4.447000026702881,4.570000171661377,488600,0.0,0.0
2022-07-12 00:00:00-04:00,4.550000190734863,4.644000053405762,4.489999771118164,4.53000020980835,284500,0.0,0.0
2022-07-13 00:00:00-04:00,4.5,4.619999885559082,4.46999979019165,4.599999904632568,253200,0.0,0.0
2022-07-14 00:00:00-04:00,4.570000171661377,4.585000038146973,4.5,4.570000171661377,259600,0.0,0.0
2022-07-15 00:00:00-04:00,4.619999885559082,4.730000019073486,4.559999942779541,4.610000133514404,260200,0.0,0.0
2022-07-18 00:00:00-04:00,4.679999828338623,4.760000228881836,4.630000114440918,4.71999979019165,377200,0.0,0.0
2022-07-19 00:00:00-04:00,4.800000190734863,4.840000152587891,4.730000019073486,4.760000228881836,579300,0.0,0.0
2022-07-20 00:00:00-04:00,4.630000114440918,4.630000114440918,4.519999980926514,4.550000190734863,391000,0.0,0.0
2022-07-21 00:00:00-04:00,4.550000190734863,4.599999904632568,4.510000228881836,4.590000152587891,199200,0.0,0.0
2022-07-22 00:00:00-04:00,4.559999942779541,4.570000171661377,4.390999794006348,4.449999809265137,141700,0.0,0.0
2022-07-25 00:00:00-04:00,4.440000057220459,4.519999980926514,4.420000076293945,4.440000057220459,187000,0.0,0.0
2022-07-26 00:00:00-04:00,4.440000057220459,4.559999942779541,4.440000057220459,4.53000020980835,484200,0.0,0.0
2022-07-27 00:00:00-04:00,4.630000114440918,4.800000190734863,4.599999904632568,4.789999961853027,631800,0.0,0.0
2022-07-28 00:00:00-04:00,4.800000190734863,4.869999885559082,4.71999979019165,4.769999980926514,521800,0.0,0.0
2022-07-29 00:00:00-04:00,4.820000171661377,4.949999809265137,4.789999961853027,4.789999961853027,455200,0.0,0.0
2022-08-01 00:00:00-04:00,4.809999942779541,4.889999866485596,4.75,4.829999923706055,381400,0.0,0.0
2022-08-02 00:00:00-04:00,4.840000152587891,5.050000190734863,4.809999942779541,4.989999771118164,303300,0.0,0.0
2022-08-03 00:00:00-04:00,5.039999961853027,5.110000133514404,5.0,5.059999942779541,218600,0.0,0.0
2022-08-04 00:00:00-04:00,5.110000133514404,5.130000114440918,5.03000020980835,5.079999923706055,309100,0.0,0.0
2022-08-05 00:00:00-04:00,5.079999923706055,5.079999923706055,4.989999771118164,5.010000228881836,350500,0.0,0.0
2022-08-08 00:00:00-04:00,5.070000171661377,5.119999885559082,5.039999961853027,5.090000152587891,599400,0.0,0.0
2022-08-09 00:00:00-04:00,5.099999904632568,5.099999904632568,5.010000228881836,5.090000152587891,255300,0.0,0.0
2022-08-10 00:00:00-04:00,5.090000152587891,5.090000152587891,4.909999847412109,4.920000076293945,486700,0.0,0.0
2022-08-11 00:00:00-04:00,4.940000057220459,5.025000095367432,4.909999847412109,4.949999809265137,494400,0.0,0.0
2022-08-12 00:00:00-04:00,4.949999809265137,4.96999979019165,4.869999885559082,4.909999847412109,302900,0.0,0.0
2022-08-15 00:00:00-04:00,4.929999828338623,5.105000019073486,4.929999828338623,5.050000190734863,379500,0.0,0.0
2022-08-16 00:00:00-04:00,5.079999923706055,5.099999904632568,5.048999786376953,5.099999904632568,340400,0.0,0.0
2022-08-17 00:00:00-04:00,5.099999904632568,5.099999904632568,5.0,5.03000020980835,161900,0.0,0.0
2022-08-18 00:00:00-04:00,5.070000171661377,5.070000171661377,4.889999866485596,4.909999847412109,364300,0.0,0.0
2022-08-19 00:00:00-04:00,4.889999866485596,4.889999866485596,4.820000171661377,4.849999904632568,263500,0.0,0.0
2022-08-22 00:00:00-04:00,4.800000190734863,4.800000190734863,4.579999923706055,4.630000114440918,363500,0.0,0.0
2022-08-23 00:00:00-04:00,4.630000114440918,4.659999847412109,4.585000038146973,4.619999885559082,225800,0.0,0.0
2022-08-24 00:00:00-04:00,4.619999885559082,4.693999767303467,4.559999942779541,4.579999923706055,152000,0.0,0.0
2022-08-25 00:00:00-04:00,4.579999923706055,4.619999885559082,4.550000190734863,4.610000133514404,285200,0.0,0.0
2022-08-26 00:00:00-04:00,4.590000152587891,4.610000133514404,4.489999771118164,4.510000228881836,284300,0.0,0.0
2022-08-29 00:00:00-04:00,4.460000038146973,4.559999942779541,4.456999778747559,4.5,286900,0.0,0.0
2022-08-30 00:00:00-04:00,4.5,4.53000020980835,4.420000076293945,4.480000019073486,221900,0.0,0.0
2022-08-31 00:00:00-04:00,4.480000019073486,4.49399995803833,4.420000076293945,4.420000076293945,204700,0.0,0.0
2022-09-01 00:00:00-04:00,4.400000095367432,4.449999809265137,4.260000228881836,4.300000190734863,236000,0.0,0.0
2022-09-02 00:00:00-04:00,4.340000152587891,4.39300012588501,4.2789998054504395,4.340000152587891,193100,0.0,0.0
2022-09-06 00:00:00-04:00,4.389999866485596,4.480000019073486,4.300000190734863,4.320000171661377,169300,0.0,0.0
2022-09-07 00:00:00-04:00,4.340000152587891,4.369999885559082,4.275000095367432,4.340000152587891,175700,0.0,0.0
2022-09-08 00:00:00-04:00,4.329999923706055,4.375,4.289999961853027,4.329999923706055,169600,0.0,0.0
2022-09-09 00:00:00-04:00,4.400000095367432,4.510000228881836,4.349999904632568,4.429999828338623,162100,0.0,0.0
2022-09-12 00:00:00-04:00,4.420000076293945,4.47599983215332,4.360000133514404,4.360000133514404,244800,0.0,0.0
2022-09-13 00:00:00-04:00,4.369999885559082,4.389999866485596,4.309999942779541,4.349999904632568,287600,0.0,0.0
2022-09-14 00:00:00-04:00,4.309999942779541,4.400000095367432,4.300000190734863,4.329999923706055,238000,0.0,0.0
2022-09-15 00:00:00-04:00,4.400000095367432,4.400000095367432,4.28000020980835,4.28000020980835,184300,0.0,0.0
2022-09-16 00:00:00-04:00,4.269999980926514,4.309999942779541,4.139999866485596,4.199999809265137,324100,0.0,0.0
2022-09-19 00:00:00-04:00,4.170000076293945,4.260000228881836,4.150000095367432,4.150000095367432,154100,0.0,0.0
2022-09-20 00:00:00-04:00,4.110000133514404,4.159999847412109,4.072999954223633,4.090000152587891,176300,0.0,0.0
2022-09-21 00:00:00-04:00,4.110000133514404,4.139999866485596,4.019999980926514,4.039999961853027,152600,0.0,0.0
2022-09-22 00:00:00-04:00,4.010000228881836,4.039000034332275,3.9200000762939453,3.9800000190734863,371400,0.0,0.0
2022-09-23 00:00:00-04:00,3.9700000286102295,3.9800000190734863,3.819999933242798,3.9100000858306885,378000,0.0,0.0
2022-09-26 00:00:00-04:00,3.869999885559082,3.880000114440918,3.5,3.5,422000,0.0,0.0
2022-09-27 00:00:00-04:00,3.569999933242798,3.6700000762939453,3.2699999809265137,3.2899999618530273,872600,0.0,0.0
2022-09-28 00:00:00-04:00,3.309999942779541,3.549999952316284,3.2899999618530273,3.4700000286102295,335200,0.0,0.0
2022-09-29 00:00:00-04:00,3.490000009536743,3.5399999618530273,3.2300000190734863,3.259999990463257,329400,0.0,0.0
2022-09-30 00:00:00-04:00,3.359999895095825,3.450000047683716,3.25,3.3299999237060547,352200,0.0,0.0
2022-10-03 00:00:00-04:00,3.4000000953674316,3.4600000381469727,3.259000062942505,3.450000047683716,356800,0.0,0.0
2022-10-04 00:00:00-04:00,3.5299999713897705,3.7300000190734863,3.509999990463257,3.7100000381469727,313700,0.0,0.0
2022-10-05 00:00:00-04:00,3.690000057220459,3.740000009536743,3.559999942779541,3.680000066757202,161600,0.0,0.0
2022-10-06 00:00:00-04:00,3.6500000953674316,3.759999990463257,3.569999933242798,3.5799999237060547,143100,0.0,0.0
2022-10-07 00:00:00-04:00,3.619999885559082,3.809999942779541,3.5899999141693115,3.7100000381469727,232200,0.0,0.0
2022-10-10 00:00:00-04:00,3.75,3.9189999103546143,3.744999885559082,3.7699999809265137,271000,0.0,0.0
2022-10-11 00:00:00-04:00,3.7799999713897705,3.8399999141693115,3.6600000858306885,3.7100000381469727,214900,0.0,0.0
2022-10-12 00:00:00-04:00,3.7300000190734863,3.740000009536743,3.630000114440918,3.690000057220459,145200,0.0,0.0
2022-10-13 00:00:00-04:00,3.640000104904175,3.759999990463257,3.5999999046325684,3.7300000190734863,130400,0.0,0.0
2022-10-14 00:00:00-04:00,3.7300000190734863,3.809999942779541,3.6600000858306885,3.680000066757202,112600,0.0,0.0
2022-10-17 00:00:00-04:00,3.7300000190734863,3.809999942779541,3.700000047683716,3.75,175800,0.0,0.0
2022-10-18 00:00:00-04:00,3.809999942779541,3.890000104904175,3.7799999713897705,3.8299999237060547,198900,0.0,0.0
2022-10-19 00:00:00-04:00,3.819999933242798,3.9200000762939453,3.799999952316284,3.8399999141693115,195400,0.0,0.0
2022-10-20 00:00:00-04:00,3.890000104904175,3.950000047683716,3.809999942779541,3.859999895095825,175400,0.0,0.0
2022-10-21 00:00:00-04:00,3.8299999237060547,3.878999948501587,3.75,3.7899999618530273,252800,0.0,0.0
2022-10-24 00:00:00-04:00,3.799999952316284,3.8499999046325684,3.7799999713897705,3.809999942779541,163600,0.0,0.0
2022-10-25 00:00:00-04:00,3.799999952316284,3.859999895095825,3.7899999618530273,3.8399999141693115,193900,0.0,0.0
2022-10-26 00:00:00-04:00,3.880000114440918,3.890000104904175,3.8299999237060547,3.8299999237060547,159300,0.0,0.0
2022-10-27 00:00:00-04:00,3.809999942779541,3.8299999237060547,3.680000066757202,3.700000047683716,434400,0.0,0.0
2022-10-28 00:00:00-04:00,3.7300000190734863,3.8399999141693115,3.7300000190734863,3.819999933242798,257500,0.0,0.0
2022-10-31 00:00:00-04:00,3.8299999237060547,4.010000228881836,3.819999933242798,3.940000057220459,430400,0.0,0.0
2022-11-01 00:00:00-04:00,4.0,4.0,3.859999895095825,3.9200000762939453,250200,0.0,0.0
2022-11-02 00:00:00-04:00,4.0,4.0,3.8299999237060547,3.8499999046325684,297800,0.0,0.0
2022-11-03 00:00:00-04:00,3.8499999046325684,3.9100000858306885,3.7699999809265137,3.880000114440918,334200,0.0,0.0
2022-11-04 00:00:00-04:00,3.7699999809265137,3.7850000858306885,3.609999895095825,3.630000114440918,354500,0.0,0.0
2022-11-07 00:00:00-05:00,3.5799999237060547,3.5999999046325684,3.380000114440918,3.440000057220459,806600,0.0,0.0
2022-11-08 00:00:00-05:00,3.450000047683716,3.450000047683716,3.2699999809265137,3.3299999237060547,602900,0.0,0.0
2022-11-09 00:00:00-05:00,3.3299999237060547,3.4600000381469727,3.309999942779541,3.3499999046325684,237000,0.0,0.0
2022-11-10 00:00:00-05:00,3.5,3.7799999713897705,3.5,3.7200000286102295,534100,0.0,0.0
2022-11-11 00:00:00-05:00,3.740000009536743,3.7699999809265137,3.700000047683716,3.7300000190734863,328300,0.0,0.0
2022-11-14 00:00:00-05:00,3.740000009536743,3.740000009536743,3.559999942779541,3.5799999237060547,443000,0.0,0.0
2022-11-15 00:00:00-05:00,3.640000104904175,3.700000047683716,3.5899999141693115,3.630000114440918,336600,0.0,0.0
2022-11-16 00:00:00-05:00,3.630000114440918,3.7200000286102295,3.5799999237060547,3.7100000381469727,309500,0.0,0.0
2022-11-17 00:00:00-05:00,3.6700000762939453,3.759999990463257,3.6500000953674316,3.75,221100,0.0,0.0
2022-11-18 00:00:00-05:00,3.759999990463257,3.805000066757202,3.7100000381469727,3.799999952316284,480800,0.0,0.0
2022-11-21 00:00:00-05:00,3.7699999809265137,3.7799999713897705,3.5999999046325684,3.5999999046325684,248300,0.0,0.0
2022-11-22 00:00:00-05:00,3.619999885559082,3.690000057220459,3.5199999809265137,3.5399999618530273,443700,0.0,0.0
2022-11-23 00:00:00-05:00,3.5199999809265137,3.630000114440918,3.5,3.609999895095825,311800,0.0,0.0
2022-11-25 00:00:00-05:00,3.609999895095825,3.6600000858306885,3.549999952316284,3.6500000953674316,180300,0.0,0.0
2022-11-28 00:00:00-05:00,3.619999885559082,3.6500000953674316,3.5199999809265137,3.5199999809265137,346800,0.0,0.0
2022-11-29 00:00:00-05:00,3.5199999809265137,3.5399999618530273,3.450000047683716,3.509999990463257,316800,0.0,0.0
2022-11-30 00:00:00-05:00,3.4700000286102295,3.5999999046325684,3.4600000381469727,3.5999999046325684,284000,0.0,0.0
2022-12-01 00:00:00-05:00,3.609999895095825,3.690000057220459,3.5399999618530273,3.559999942779541,306100,0.0,0.0
2022-12-02 00:00:00-05:00,3.509999990463257,3.558000087738037,3.4700000286102295,3.5199999809265137,256400,0.0,0.0
2022-12-05 00:00:00-05:00,3.549999952316284,3.565000057220459,3.450000047683716,3.450000047683716,213900,0.0,0.0
2022-12-06 00:00:00-05:00,3.4700000286102295,3.4800000190734863,3.359999895095825,3.4100000858306885,407300,0.0,0.0
2022-12-07 00:00:00-05:00,3.390000104904175,3.4149999618530273,3.299999952316284,3.3499999046325684,347300,0.0,0.0
2022-12-08 00:00:00-05:00,3.3499999046325684,3.438999891281128,3.3299999237060547,3.380000114440918,239400,0.0,0.0
2022-12-09 00:00:00-05:00,3.4000000953674316,3.5199999809265137,3.390000104904175,3.4800000190734863,269800,0.0,0.0
2022-12-12 00:00:00-05:00,3.490000009536743,3.5,3.3949999809265137,3.490000009536743,262500,0.0,0.0
2022-12-13 00:00:00-05:00,3.509999990463257,3.565000057220459,3.4000000953674316,3.450000047683716,508600,0.0,0.0
2022-12-14 00:00:00-05:00,3.4800000190734863,3.5199999809265137,3.4200000762939453,3.450000047683716,396700,0.0,0.0
2022-12-15 00:00:00-05:00,3.440000057220459,3.5369999408721924,3.4200000762939453,3.5,483500,0.0,0.0
2022-12-16 00:00:00-05:00,3.5,3.549999952316284,3.450000047683716,3.450000047683716,396700,0.0,0.0
2022-12-19 00:00:00-05:00,3.4800000190734863,3.630000114440918,3.450000047683716,3.4700000286102295,508200,0.0,0.0
2022-12-20 00:00:00-05:00,3.4800000190734863,3.4800000190734863,3.380000114440918,3.380000114440918,1035900,0.0,0.0
2022-12-21 00:00:00-05:00,3.4200000762939453,3.5299999713897705,3.3399999141693115,3.430000066757202,1341300,0.0,0.0
2022-12-22 00:00:00-05:00,3.430000066757202,3.450000047683716,3.3499999046325684,3.440000057220459,417400,0.0,0.0
2022-12-23 00:00:00-05:00,3.430000066757202,3.5,3.4149999618530273,3.430000066757202,146200,0.0,0.0
2022-12-27 00:00:00-05:00,3.440000057220459,3.559999942779541,3.4200000762939453,3.549999952316284,367100,0.0,0.0
2022-12-28 00:00:00-05:00,3.569999933242798,3.569999933242798,3.390000104904175,3.4100000858306885,539000,0.0,0.0
2022-12-29 00:00:00-05:00,3.3299999237060547,3.380000114440918,3.309999942779541,3.359999895095825,357900,0.0,0.0
2022-12-30 00:00:00-05:00,3.319999933242798,3.3499999046325684,3.2699999809265137,3.299999952316284,641600,0.0,0.0
2023-01-03 00:00:00-05:00,3.319999933242798,3.325000047683716,3.1600000858306885,3.1600000858306885,739800,0.0,0.0
2023-01-04 00:00:00-05:00,3.200000047683716,3.380000114440918,3.180000066757202,3.369999885559082,491600,0.0,0.0
2023-01-05 00:00:00-05:00,3.369999885559082,3.4000000953674316,3.299999952316284,3.4000000953674316,266900,0.0,0.0
2023-01-06 00:00:00-05:00,3.4200000762939453,3.490000009536743,3.380000114440918,3.4700000286102295,366600,0.0,0.0
2023-01-09 00:00:00-05:00,3.490000009536743,3.5299999713897705,3.430000066757202,3.4800000190734863,296900,0.0,0.0
2023-01-10 00:00:00-05:00,3.5,3.5899999141693115,3.450000047683716,3.559999942779541,429600,0.0,0.0
2023-01-11 00:00:00-05:00,3.5399999618530273,3.75,3.5299999713897705,3.700000047683716,432400,0.0,0.0
2023-01-12 00:00:00-05:00,3.7100000381469727,3.740000009536743,3.509999990463257,3.5899999141693115,574700,0.0,0.0
2023-01-13 00:00:00-05:00,3.5899999141693115,3.75,3.5799999237060547,3.75,349500,0.0,0.0
2023-01-17 00:00:00-05:00,3.75,3.805000066757202,3.7200000286102295,3.759999990463257,438300,0.0,0.0
2023-01-18 00:00:00-05:00,3.7799999713897705,3.799999952316284,3.7100000381469727,3.740000009536743,326400,0.0,0.0
2023-01-19 00:00:00-05:00,3.700000047683716,3.7200000286102295,3.619999885559082,3.690000057220459,340400,0.0,0.0
2023-01-20 00:00:00-05:00,3.7200000286102295,3.759999990463257,3.6500000953674316,3.759999990463257,329400,0.0,0.0
2023-01-23 00:00:00-05:00,3.75,3.7909998893737793,3.690000057220459,3.7699999809265137,421300,0.0,0.0
2023-01-24 00:00:00-05:00,3.75,3.7709999084472656,3.7100000381469727,3.740000009536743,360100,0.0,0.0
2023-01-25 00:00:00-05:00,3.7300000190734863,3.759999990463257,3.6679999828338623,3.7300000190734863,1061400,0.0,0.0
2023-01-26 00:00:00-05:00,3.7699999809265137,3.809999942779541,3.7100000381469727,3.7899999618530273,314100,0.0,0.0
2023-01-27 00:00:00-05:00,3.799999952316284,3.8389999866485596,3.759999990463257,3.8299999237060547,325800,0.0,0.0
2023-01-30 00:00:00-05:00,3.8299999237060547,3.8299999237060547,3.7200000286102295,3.740000009536743,426400,0.0,0.0
2023-01-31 00:00:00-05:00,3.7300000190734863,3.8299999237060547,3.7300000190734863,3.799999952316284,205800,0.0,0.0
2023-02-01 00:00:00-05:00,3.8299999237060547,3.8399999141693115,3.755000114440918,3.809999942779541,369000,0.0,0.0
2023-02-02 00:00:00-05:00,3.819999933242798,3.880000114440918,3.7699999809265137,3.7699999809265137,566800,0.0,0.0
2023-02-03 00:00:00-05:00,3.7899999618530273,3.8499999046325684,3.755000114440918,3.759999990463257,208100,0.0,0.0
2023-02-06 00:00:00-05:00,3.7899999618530273,3.8299999237060547,3.7799999713897705,3.819999933242798,339300,0.0,0.0
2023-02-07 00:00:00-05:00,3.799999952316284,3.890000104904175,3.799999952316284,3.890000104904175,344400,0.0,0.0
2023-02-08 00:00:00-05:00,3.8499999046325684,3.8949999809265137,3.8299999237060547,3.8399999141693115,252900,0.0,0.0
2023-02-09 00:00:00-05:00,3.869999885559082,3.890000104904175,3.7799999713897705,3.7799999713897705,194900,0.0,0.0
2023-02-10 00:00:00-05:00,3.75,3.7799999713897705,3.680000066757202,3.7200000286102295,355400,0.0,0.0
2023-02-13 00:00:00-05:00,3.75,3.819999933242798,3.7100000381469727,3.819999933242798,244800,0.0,0.0
2023-02-14 00:00:00-05:00,3.8299999237060547,3.8610000610351562,3.7799999713897705,3.8299999237060547,290300,0.0,0.0
2023-02-15 00:00:00-05:00,3.8299999237060547,3.8610000610351562,3.7799999713897705,3.859999895095825,240600,0.0,0.0
2023-02-16 00:00:00-05:00,3.8399999141693115,3.869999885559082,3.7699999809265137,3.819999933242798,350600,0.0,0.0
2023-02-17 00:00:00-05:00,3.8499999046325684,3.9000000953674316,3.7699999809265137,3.869999885559082,383700,0.0,0.0
2023-02-21 00:00:00-05:00,3.890000104904175,3.9100000858306885,3.809999942779541,3.8299999237060547,466000,0.0,0.0
2023-02-22 00:00:00-05:00,3.8499999046325684,3.869999885559082,3.7799999713897705,3.809999942779541,226700,0.0,0.0
2023-02-23 00:00:00-05:00,3.809999942779541,3.8299999237060547,3.75,3.7899999618530273,142300,0.0,0.0
2023-02-24 00:00:00-05:00,3.809999942779541,3.809999942779541,3.763000011444092,3.7799999713897705,104300,0.0,0.0
2023-02-27 00:00:00-05:00,3.7899999618530273,3.819999933242798,3.759999990463257,3.819999933242798,248700,0.0,0.0
2023-02-28 00:00:00-05:00,3.809999942779541,3.8399999141693115,3.799999952316284,3.799999952316284,109900,0.0,0.0
2023-03-01 00:00:00-05:00,3.809999942779541,3.8399999141693115,3.7699999809265137,3.7899999618530273,191400,0.0,0.0
2023-03-02 00:00:00-05:00,3.7799999713897705,3.7799999713897705,3.740000009536743,3.7699999809265137,159900,0.0,0.0
2023-03-03 00:00:00-05:00,3.7699999809265137,3.8299999237060547,3.7699999809265137,3.819999933242798,180100,0.0,0.0
2023-03-06 00:00:00-05:00,3.799999952316284,3.8299999237060547,3.7899999618530273,3.809999942779541,193200,0.0,0.0
2023-03-07 00:00:00-05:00,3.8399999141693115,3.8399999141693115,3.7799999713897705,3.809999942779541,181800,0.0,0.0
2023-03-08 00:00:00-05:00,3.7799999713897705,3.819999933242798,3.7799999713897705,3.799999952316284,209100,0.0,0.0
2023-03-09 00:00:00-05:00,3.799999952316284,3.825000047683716,3.7100000381469727,3.7100000381469727,181200,0.0,0.0
2023-03-10 00:00:00-05:00,3.75,3.75,3.4100000858306885,3.450000047683716,632600,0.0,0.0
2023-03-13 00:00:00-04:00,3.4100000858306885,3.4600000381469727,3.2799999713897705,3.380000114440918,404500,0.0,0.0
2023-03-14 00:00:00-04:00,3.4200000762939453,3.5999999046325684,3.4200000762939453,3.490000009536743,388500,0.0,0.0
2023-03-15 00:00:00-04:00,3.4600000381469727,3.4619998931884766,3.299999952316284,3.4000000953674316,345200,0.0,0.0
2023-03-16 00:00:00-04:00,3.4100000858306885,3.4700000286102295,3.299999952316284,3.440000057220459,216100,0.0,0.0
2023-03-17 00:00:00-04:00,3.4200000762939453,3.440000057220459,3.309999942779541,3.390000104904175,439400,0.0,0.0
2023-03-20 00:00:00-04:00,3.450000047683716,3.4700000286102295,3.359999895095825,3.390000104904175,279700,0.0,0.0
2023-03-21 00:00:00-04:00,3.4800000190734863,3.5880000591278076,3.4509999752044678,3.559999942779541,238900,0.0,0.0
2023-03-22 00:00:00-04:00,3.5899999141693115,3.619999885559082,3.505000114440918,3.5199999809265137,215500,0.0,0.0
2023-03-23 00:00:00-04:00,3.509999990463257,3.5999999046325684,3.4800000190734863,3.490000009536743,198500,0.0,0.0
2023-03-24 00:00:00-04:00,3.4600000381469727,3.5999999046325684,3.430000066757202,3.569999933242798,137900,0.0,0.0
2023-03-27 00:00:00-04:00,3.5899999141693115,3.6389999389648438,3.552999973297119,3.609999895095825,157400,0.0,0.0
2023-03-28 00:00:00-04:00,3.5899999141693115,3.6600000858306885,3.569999933242798,3.6500000953674316,184200,0.0,0.0
2023-03-29 00:00:00-04:00,3.6600000858306885,3.7130000591278076,3.6500000953674316,3.6700000762939453,201200,0.0,0.0
2023-03-30 00:00:00-04:00,3.7200000286102295,3.7200000286102295,3.5399999618530273,3.609999895095825,338900,0.0,0.0
2023-03-31 00:00:00-04:00,3.6700000762939453,3.890000104904175,3.6500000953674316,3.7200000286102295,756400,0.0,0.0
2023-04-03 00:00:00-04:00,3.8299999237060547,3.8299999237060547,3.6700000762939453,3.700000047683716,339300,0.0,0.0
2023-04-04 00:00:00-04:00,3.740000009536743,3.740000009536743,3.609999895095825,3.630000114440918,204200,0.0,0.0
2023-04-05 00:00:00-04:00,3.6500000953674316,3.759999990463257,3.5850000381469727,3.759999990463257,393300,0.0,0.0
2023-04-06 00:00:00-04:00,3.7799999713897705,3.7799999713897705,3.690000057220459,3.700000047683716,293300,0.0,0.0
2023-04-10 00:00:00-04:00,3.7300000190734863,3.799999952316284,3.7209999561309814,3.75,583500,0.0,0.0
2023-04-11 00:00:00-04:00,3.7799999713897705,3.7990000247955322,3.7200000286102295,3.7200000286102295,531300,0.0,0.0
2023-04-12 00:00:00-04:00,3.75,3.8499999046325684,3.75,3.799999952316284,382100,0.0,0.0
2023-04-13 00:00:00-04:00,3.799999952316284,3.8299999237060547,3.7699999809265137,3.8299999237060547,514500,0.0,0.0
2023-04-14 00:00:00-04:00,3.700000047683716,3.7249999046325684,3.549999952316284,3.609999895095825,445700,0.0,0.0
2023-04-17 00:00:00-04:00,3.5799999237060547,3.6700000762939453,3.559999942779541,3.6600000858306885,354100,0.0,0.0
2023-04-18 00:00:00-04:00,3.6600000858306885,3.6600000858306885,3.509999990463257,3.509999990463257,365800,0.0,0.0
2023-04-19 00:00:00-04:00,3.5399999618530273,3.5799999237060547,3.450000047683716,3.5299999713897705,394900,0.0,0.0
2023-04-20 00:00:00-04:00,3.509999990463257,3.5899999141693115,3.4600000381469727,3.559999942779541,314400,0.0,0.0
2023-04-21 00:00:00-04:00,3.549999952316284,3.569999933242798,3.4700000286102295,3.5,198500,0.0,0.0
2023-04-24 00:00:00-04:00,3.5299999713897705,3.5999999046325684,3.490000009536743,3.5799999237060547,410200,0.0,0.0
2023-04-25 00:00:00-04:00,3.559999942779541,3.569999933242798,3.4200000762939453,3.430000066757202,412600,0.0,0.0
2023-04-26 00:00:00-04:00,3.4600000381469727,3.4800000190734863,3.4100000858306885,3.430000066757202,194100,0.0,0.0
2023-04-27 00:00:00-04:00,3.4700000286102295,3.4700000286102295,3.4100000858306885,3.4700000286102295,230300,0.0,0.0
2023-04-28 00:00:00-04:00,3.4800000190734863,3.515000104904175,3.4600000381469727,3.4800000190734863,173400,0.0,0.0
2023-05-01 00:00:00-04:00,3.4800000190734863,3.509999990463257,3.3499999046325684,3.4100000858306885,425800,0.0,0.0
2023-05-02 00:00:00-04:00,3.4100000858306885,3.4200000762939453,3.2300000190734863,3.2699999809265137,411600,0.0,0.0
2023-05-03 00:00:00-04:00,3.25,3.2980000972747803,3.240000009536743,3.2799999713897705,285000,0.0,0.0
2023-05-04 00:00:00-04:00,3.2799999713897705,3.299999952316284,3.2300000190734863,3.299999952316284,247900,0.0,0.0
2023-05-05 00:00:00-04:00,3.3299999237060547,3.4100000858306885,3.309999942779541,3.3499999046325684,349700,0.0,0.0
2023-05-08 00:00:00-04:00,3.390000104904175,3.4000000953674316,3.3350000381469727,3.369999885559082,179100,0.0,0.0
2023-05-09 00:00:00-04:00,3.369999885559082,3.369999885559082,3.2899999618530273,3.309999942779541,197500,0.0,0.0
2023-05-10 00:00:00-04:00,3.319999933242798,3.4000000953674316,3.319000005722046,3.3499999046325684,190000,0.0,0.0
2023-05-11 00:00:00-04:00,3.359999895095825,3.369999885559082,3.2699999809265137,3.3299999237060547,209100,0.0,0.0
2023-05-12 00:00:00-04:00,3.309999942779541,3.3399999141693115,3.2699999809265137,3.319999933242798,158800,0.0,0.0
2023-05-15 00:00:00-04:00,3.319999933242798,3.319999933242798,3.134999990463257,3.190000057220459,771600,0.0,0.0
2023-05-16 00:00:00-04:00,3.1600000858306885,3.190000057220459,3.069999933242798,3.069999933242798,447800,0.0,0.0
2023-05-17 00:00:00-04:00,3.1500000953674316,3.190000057220459,3.0899999141693115,3.130000114440918,349900,0.0,0.0
2023-05-18 00:00:00-04:00,3.130000114440918,3.190000057220459,3.119999885559082,3.1700000762939453,281400,0.0,0.0
2023-05-19 00:00:00-04:00,3.1700000762939453,3.1710000038146973,3.0799999237060547,3.109999895095825,184600,0.0,0.0
2023-05-22 00:00:00-04:00,3.140000104904175,3.140000104904175,3.0399999618530273,3.049999952316284,547800,0.0,0.0
2023-05-23 00:00:00-04:00,3.059999942779541,3.130000114440918,3.049999952316284,3.049999952316284,394700,0.0,0.0
2023-05-24 00:00:00-04:00,3.049999952316284,3.059999942779541,3.0,3.0399999618530273,254100,0.0,0.0
2023-05-25 00:00:00-04:00,3.0199999809265137,3.0299999713897705,2.990000009536743,3.0,339400,0.0,0.0
2023-05-26 00:00:00-04:00,3.0,3.059999942779541,2.984999895095825,3.049999952316284,285200,0.0,0.0
2023-05-30 00:00:00-04:00,3.059999942779541,3.119999885559082,3.049999952316284,3.109999895095825,248400,0.0,0.0
2023-05-31 00:00:00-04:00,3.0999999046325684,3.109999895095825,3.049999952316284,3.0999999046325684,172800,0.0,0.0
2023-06-01 00:00:00-04:00,3.0999999046325684,3.109999895095825,3.049999952316284,3.069999933242798,456200,0.0,0.0
2023-06-02 00:00:00-04:00,3.069999933242798,3.190000057220459,3.069999933242798,3.190000057220459,329400,0.0,0.0
2023-06-05 00:00:00-04:00,3.2100000381469727,3.2249999046325684,3.1700000762939453,3.180000066757202,167900,0.0,0.0
2023-06-06 00:00:00-04:00,3.1700000762939453,3.319999933242798,3.1700000762939453,3.299999952316284,166000,0.0,0.0
2023-06-07 00:00:00-04:00,3.299999952316284,3.430000066757202,3.299999952316284,3.4000000953674316,251500,0.0,0.0
2023-06-08 00:00:00-04:00,3.4000000953674316,3.440000057220459,3.3410000801086426,3.430000066757202,176900,0.0,0.0
2023-06-09 00:00:00-04:00,3.450000047683716,3.450000047683716,3.369999885559082,3.4100000858306885,152000,0.0,0.0
2023-06-12 00:00:00-04:00,3.4100000858306885,3.4100000858306885,3.305000066757202,3.319999933242798,248400,0.0,0.0
2023-06-13 00:00:00-04:00,3.3299999237060547,3.380000114440918,3.319999933242798,3.369999885559082,157700,0.0,0.0
2023-06-14 00:00:00-04:00,3.380000114440918,3.4000000953674316,3.299999952316284,3.299999952316284,205900,0.0,0.0
2023-06-15 00:00:00-04:00,3.299999952316284,3.3399999141693115,3.2899999618530273,3.319999933242798,149000,0.0,0.0
2023-06-16 00:00:00-04:00,3.3399999141693115,3.359999895095825,3.2950000762939453,3.359999895095825,236600,0.0,0.0
2023-06-20 00:00:00-04:00,3.359999895095825,3.430000066757202,3.3320000171661377,3.4100000858306885,173900,0.0,0.0
2023-06-21 00:00:00-04:00,3.4000000953674316,3.4100000858306885,3.3350000381469727,3.3399999141693115,154200,0.0,0.0
2023-06-22 00:00:00-04:00,3.319999933242798,3.4000000953674316,3.309999942779541,3.319999933242798,147600,0.0,0.0
2023-06-23 00:00:00-04:00,3.299999952316284,3.3450000286102295,3.2899999618530273,3.319999933242798,114300,0.0,0.0
2023-06-26 00:00:00-04:00,3.3499999046325684,3.4200000762939453,3.3299999237060547,3.4100000858306885,229000,0.0,0.0
2023-06-27 00:00:00-04:00,3.390000104904175,3.4700000286102295,3.390000104904175,3.4700000286102295,167300,0.0,0.0
2023-06-28 00:00:00-04:00,3.4700000286102295,3.490000009536743,3.4200000762939453,3.4800000190734863,126800,0.0,0.0
2023-06-29 00:00:00-04:00,3.4200000762939453,3.5250000953674316,3.4200000762939453,3.4800000190734863,256000,0.0,0.0
2023-06-30 00:00:00-04:00,3.5299999713897705,3.5299999713897705,3.444999933242798,3.490000009536743,210600,0.0,0.0
2023-07-03 00:00:00-04:00,3.5,3.5199999809265137,3.4809999465942383,3.509999990463257,113000,0.0,0.0
2023-07-05 00:00:00-04:00,3.5,3.5390000343322754,3.4800000190734863,3.490000009536743,285900,0.0,0.0
2023-07-06 00:00:00-04:00,3.509999990463257,3.509999990463257,3.440000057220459,3.4700000286102295,165700,0.0,0.0
2023-07-07 00:00:00-04:00,3.4600000381469727,3.5199999809265137,3.4600000381469727,3.5199999809265137,122100,0.0,0.0
2023-07-10 00:00:00-04:00,3.5199999809265137,3.559999942779541,3.509999990463257,3.559999942779541,126900,0.0,0.0
2023-07-11 00:00:00-04:00,3.549999952316284,3.5999999046325684,3.549999952316284,3.5999999046325684,121800,0.0,0.0
2023-07-12 00:00:00-04:00,3.5999999046325684,3.6500000953674316,3.5899999141693115,3.640000104904175,199300,0.0,0.0
2023-07-13 00:00:00-04:00,3.630000114440918,3.680000066757202,3.630000114440918,3.680000066757202,140300,0.0,0.0
2023-07-14 00:00:00-04:00,3.680000066757202,3.680000066757202,3.6510000228881836,3.6700000762939453,147400,0.0,0.0
2023-07-17 00:00:00-04:00,3.6700000762939453,3.75,3.6600000858306885,3.75,206600,0.0,0.0
2023-07-18 00:00:00-04:00,3.75,3.7799999713897705,3.700000047683716,3.7200000286102295,214500,0.0,0.0
2023-07-19 00:00:00-04:00,3.75,3.7690000534057617,3.7300000190734863,3.75,200400,0.0,0.0
2023-07-20 00:00:00-04:00,3.7300000190734863,3.740000009536743,3.5799999237060547,3.5799999237060547,325300,0.0,0.0
2023-07-21 00:00:00-04:00,3.5899999141693115,3.619999885559082,3.559999942779541,3.5999999046325684,146600,0.0,0.0
2023-07-24 00:00:00-04:00,3.5999999046325684,3.6489999294281006,3.5999999046325684,3.630000114440918,163200,0.0,0.0
2023-07-25 00:00:00-04:00,3.630000114440918,3.6500000953674316,3.569999933242798,3.5899999141693115,214400,0.0,0.0
2023-07-26 00:00:00-04:00,3.640000104904175,3.740000009536743,3.630000114440918,3.740000009536743,392500,0.0,0.0
2023-07-27 00:00:00-04:00,3.7200000286102295,3.7699999809265137,3.680000066757202,3.700000047683716,311300,0.0,0.0
2023-07-28 00:00:00-04:00,3.75,3.819999933242798,3.7200000286102295,3.809999942779541,310300,0.0,0.0
2023-07-31 00:00:00-04:00,3.8499999046325684,3.9749999046325684,3.8499999046325684,3.9200000762939453,672300,0.0,0.0
2023-08-01 00:00:00-04:00,3.950000047683716,3.950000047683716,3.859999895095825,3.9200000762939453,325600,0.0,0.0
2023-08-02 00:00:00-04:00,3.9000000953674316,3.944999933242798,3.8499999046325684,3.880000114440918,830600,0.0,0.0
2023-08-03 00:00:00-04:00,3.8499999046325684,3.8499999046325684,3.7300000190734863,3.7300000190734863,2100700,0.0,0.0
2023-08-04 00:00:00-04:00,3.640000104904175,3.6600000858306885,3.4700000286102295,3.4800000190734863,750000,0.0,0.0
2023-08-07 00:00:00-04:00,3.509999990463257,3.509999990463257,3.359999895095825,3.4000000953674316,915300,0.0,0.0
2023-08-08 00:00:00-04:00,3.4000000953674316,3.4000000953674316,3.3399999141693115,3.369999885559082,236700,0.0,0.0
2023-08-09 00:00:00-04:00,3.4100000858306885,3.5,3.4000000953674316,3.4100000858306885,420700,0.0,0.0
2023-08-10 00:00:00-04:00,3.450000047683716,3.4549999237060547,3.359999895095825,3.4100000858306885,227600,0.0,0.0
2023-08-11 00:00:00-04:00,3.4600000381469727,3.4800000190734863,3.430000066757202,3.4700000286102295,230600,0.0,0.0
2023-08-14 00:00:00-04:00,3.4000000953674316,3.5,3.380000114440918,3.440000057220459,296100,0.0,0.0
2023-08-15 00:00:00-04:00,3.440000057220459,3.440000057220459,3.240000009536743,3.3499999046325684,385800,0.0,0.0
2023-08-16 00:00:00-04:00,3.3499999046325684,3.4800000190734863,3.3499999046325684,3.450000047683716,230100,0.0,0.0
2023-08-17 00:00:00-04:00,3.369999885559082,3.450000047683716,3.3299999237060547,3.3299999237060547,266600,0.0,0.0
2023-08-18 00:00:00-04:00,3.3499999046325684,3.4100000858306885,3.3299999237060547,3.3399999141693115,308100,0.0,0.0
2023-08-21 00:00:00-04:00,3.3499999046325684,3.380000114440918,3.299999952316284,3.319999933242798,184100,0.0,0.0
2023-08-22 00:00:00-04:00,3.3299999237060547,3.380000114440918,3.3299999237060547,3.3499999046325684,123700,0.0,0.0
2023-08-23 00:00:00-04:00,3.369999885559082,3.4100000858306885,3.3499999046325684,3.380000114440918,141900,0.0,0.0
2023-08-24 00:00:00-04:00,3.380000114440918,3.450000047683716,3.380000114440918,3.440000057220459,128300,0.0,0.0
2023-08-25 00:00:00-04:00,3.450000047683716,3.4800000190734863,3.434999942779541,3.4600000381469727,146300,0.0,0.0
2023-08-28 00:00:00-04:00,3.450000047683716,3.5199999809265137,3.450000047683716,3.4800000190734863,104800,0.0,0.0
2023-08-29 00:00:00-04:00,3.4800000190734863,3.5450000762939453,3.4800000190734863,3.5,150800,0.0,0.0
2023-08-30 00:00:00-04:00,3.5,3.5299999713897705,3.4800000190734863,3.5,116600,0.0,0.0
2023-08-31 00:00:00-04:00,3.5,3.5399999618530273,3.450000047683716,3.4700000286102295,167900,0.0,0.0
2023-09-01 00:00:00-04:00,3.4800000190734863,3.549999952316284,3.450000047683716,3.4800000190734863,372200,0.0,0.0
2023-09-05 00:00:00-04:00,3.5,3.549999952316284,3.4600000381469727,3.5199999809265137,197400,0.0,0.0
2023-09-06 00:00:00-04:00,3.5299999713897705,3.5299999713897705,3.4600000381469727,3.4600000381469727,124900,0.0,0.0
2023-09-07 00:00:00-04:00,3.450000047683716,3.549999952316284,3.450000047683716,3.5399999618530273,137800,0.0,0.0
2023-09-08 00:00:00-04:00,3.5199999809265137,3.549999952316284,3.5,3.5399999618530273,120000,0.0,0.0
2023-09-11 00:00:00-04:00,3.549999952316284,3.630000114440918,3.5450000762939453,3.609999895095825,136500,0.0,0.0
2023-09-12 00:00:00-04:00,3.630000114440918,3.690000057220459,3.609999895095825,3.609999895095825,185700,0.0,0.0
2023-09-13 00:00:00-04:00,3.609999895095825,3.6689999103546143,3.565000057220459,3.609999895095825,179100,0.0,0.0
2023-09-14 00:00:00-04:00,3.619999885559082,3.740000009536743,3.619999885559082,3.700000047683716,186700,0.0,0.0
2023-09-15 00:00:00-04:00,3.680000066757202,3.75,3.678999900817871,3.75,212000,0.0,0.0
2023-09-18 00:00:00-04:00,3.7100000381469727,3.75,3.687999963760376,3.690000057220459,351000,0.0,0.0
2023-09-19 00:00:00-04:00,3.680000066757202,3.7190001010894775,3.6500000953674316,3.690000057220459,238500,0.0,0.0
2023-09-20 00:00:00-04:00,3.700000047683716,3.7190001010894775,3.6700000762939453,3.6700000762939453,110900,0.0,0.0
2023-09-21 00:00:00-04:00,3.6500000953674316,3.6600000858306885,3.5799999237060547,3.5899999141693115,155800,0.0,0.0
2023-09-22 00:00:00-04:00,3.5899999141693115,3.674999952316284,3.569999933242798,3.640000104904175,196400,0.0,0.0
2023-09-25 00:00:00-04:00,3.640000104904175,3.640000104904175,3.5799999237060547,3.5799999237060547,172900,0.0,0.0
2023-09-26 00:00:00-04:00,3.5799999237060547,3.5999999046325684,3.4600000381469727,3.4600000381469727,171000,0.0,0.0
2023-09-27 00:00:00-04:00,3.5,3.559999942779541,3.4700000286102295,3.4700000286102295,112300,0.0,0.0
2023-09-28 00:00:00-04:00,3.4700000286102295,3.5299999713897705,3.4649999141693115,3.509999990463257,208900,0.0,0.0
2023-09-29 00:00:00-04:00,3.509999990463257,3.549999952316284,3.4749999046325684,3.5299999713897705,169900,0.0,0.0
2023-10-02 00:00:00-04:00,3.5199999809265137,3.5250000953674316,3.430000066757202,3.450000047683716,124100,0.0,0.0
2023-10-03 00:00:00-04:00,3.430000066757202,3.444999933242798,3.299999952316284,3.3499999046325684,422700,0.0,0.0
2023-10-04 00:00:00-04:00,3.309999942779541,3.3399999141693115,3.2799999713897705,3.309999942779541,193900,0.0,0.0
2023-10-05 00:00:00-04:00,3.299999952316284,3.4200000762939453,3.299999952316284,3.390000104904175,119500,0.0,0.0
2023-10-06 00:00:00-04:00,3.369999885559082,3.440000057220459,3.365000009536743,3.440000057220459,104800,0.0,0.0
2023-10-09 00:00:00-04:00,3.4000000953674316,3.5,3.4000000953674316,3.4600000381469727,115900,0.0,0.0
2023-10-10 00:00:00-04:00,3.509999990463257,3.5399999618530273,3.490000009536743,3.5399999618530273,145600,0.0,0.0
2023-10-11 00:00:00-04:00,3.549999952316284,3.5799999237060547,3.5399999618530273,3.559999942779541,80100,0.0,0.0
2023-10-12 00:00:00-04:00,3.569999933242798,3.569999933242798,3.4600000381469727,3.5,132100,0.0,0.0
2023-10-13 00:00:00-04:00,3.5,3.5299999713897705,3.494999885559082,3.5,56100,0.0,0.0
2023-10-16 00:00:00-04:00,3.5,3.6500000953674316,3.494999885559082,3.609999895095825,197800,0.0,0.0
2023-10-17 00:00:00-04:00,3.609999895095825,3.7100000381469727,3.5980000495910645,3.690000057220459,196100,0.0,0.0
2023-10-18 00:00:00-04:00,3.6500000953674316,3.6500000953674316,3.569000005722046,3.5999999046325684,147700,0.0,0.0
2023-10-19 00:00:00-04:00,3.549999952316284,3.569999933242798,3.4700000286102295,3.4800000190734863,149500,0.0,0.0
2023-10-20 00:00:00-04:00,3.440000057220459,3.515000104904175,3.440000057220459,3.4700000286102295,211100,0.0,0.0
2023-10-23 00:00:00-04:00,3.450000047683716,3.505000114440918,3.4200000762939453,3.430000066757202,235400,0.0,0.0
2023-10-24 00:00:00-04:00,3.4100000858306885,3.444999933242798,3.240000009536743,3.240000009536743,640000,0.0,0.0
2023-10-25 00:00:00-04:00,3.2699999809265137,3.2799999713897705,3.200000047683716,3.2100000381469727,259900,0.0,0.0
2023-10-26 00:00:00-04:00,3.2200000286102295,3.390000104904175,3.2200000286102295,3.359999895095825,223700,0.0,0.0
2023-10-27 00:00:00-04:00,3.359999895095825,3.380000114440918,3.259999990463257,3.309999942779541,271200,0.0,0.0
2023-10-30 00:00:00-04:00,3.240000009536743,3.25,3.180000066757202,3.2100000381469727,226100,0.0,0.0
2023-10-31 00:00:00-04:00,3.240000009536743,3.2899999618530273,3.2300000190734863,3.25,116700,0.0,0.0
2023-11-01 00:00:00-04:00,3.240000009536743,3.259999990463257,3.180000066757202,3.190000057220459,138800,0.0,0.0
2023-11-02 00:00:00-04:00,3.2200000286102295,3.319999933242798,3.2200000286102295,3.319999933242798,194700,0.0,0.0
2023-11-03 00:00:00-04:00,3.369999885559082,3.490000009536743,3.369999885559082,3.450000047683716,301500,0.0,0.0
2023-11-06 00:00:00-05:00,3.450000047683716,3.4600000381469727,3.390000104904175,3.4100000858306885,162300,0.0,0.0
2023-11-07 00:00:00-05:00,3.440000057220459,3.5,3.430000066757202,3.5,200900,0.0,0.0
2023-11-08 00:00:00-05:00,3.4800000190734863,3.630000114440918,3.4700000286102295,3.4700000286102295,236100,0.0,0.0
2023-11-09 00:00:00-05:00,3.4800000190734863,3.5,3.430000066757202,3.430000066757202,149000,0.0,0.0
2023-11-10 00:00:00-05:00,3.4100000858306885,3.450000047683716,3.4100000858306885,3.430000066757202,136400,0.0,0.0
2023-11-13 00:00:00-05:00,3.430000066757202,3.450000047683716,3.390000104904175,3.4000000953674316,122700,0.0,0.0
2023-11-14 00:00:00-05:00,3.5,3.609999895095825,3.4200000762939453,3.5199999809265137,284400,0.0,0.0
2023-11-15 00:00:00-05:00,3.509999990463257,3.5999999046325684,3.509999990463257,3.5999999046325684,214600,0.0,0.0
2023-11-16 00:00:00-05:00,3.5899999141693115,3.5899999141693115,3.5299999713897705,3.5299999713897705,167800,0.0,0.0
2023-11-17 00:00:00-05:00,3.5199999809265137,3.5799999237060547,3.5199999809265137,3.549999952316284,135100,0.0,0.0
2023-11-20 00:00:00-05:00,3.5199999809265137,3.630000114440918,3.51200008392334,3.549999952316284,284000,0.0,0.0
2023-11-21 00:00:00-05:00,3.5299999713897705,3.5899999141693115,3.5299999713897705,3.549999952316284,187900,0.0,0.0
2023-11-22 00:00:00-05:00,3.559999942779541,3.640000104904175,3.559999942779541,3.5999999046325684,232000,0.0,0.0
2023-11-24 00:00:00-05:00,3.5899999141693115,3.700000047683716,3.569999933242798,3.700000047683716,122700,0.0,0.0
2023-11-27 00:00:00-05:00,3.6500000953674316,3.690000057220459,3.630000114440918,3.630000114440918,179600,0.0,0.0
2023-11-28 00:00:00-05:00,3.640000104904175,3.6500000953674316,3.609999895095825,3.630000114440918,103300,0.0,0.0
2023-11-29 00:00:00-05:00,3.619999885559082,3.6600000858306885,3.609999895095825,3.619999885559082,212900,0.0,0.0
2023-11-30 00:00:00-05:00,3.609999895095825,3.75,3.609999895095825,3.75,269000,0.0,0.0
2023-12-01 00:00:00-05:00,3.740000009536743,3.890000104904175,3.73799991607666,3.890000104904175,668100,0.0,0.0
2023-12-04 00:00:00-05:00,3.8499999046325684,3.9100000858306885,3.8299999237060547,3.869999885559082,237400,0.0,0.0
2023-12-05 00:00:00-05:00,3.819999933242798,3.9100000858306885,3.819999933242798,3.869999885559082,227700,0.0,0.0
2023-12-06 00:00:00-05:00,3.869999885559082,3.9100000858306885,3.7750000953674316,3.7799999713897705,207100,0.0,0.0
2023-12-07 00:00:00-05:00,3.7899999618530273,3.859999895095825,3.7899999618530273,3.8499999046325684,197500,0.0,0.0
2023-12-08 00:00:00-05:00,3.8299999237060547,3.8299999237060547,3.759999990463257,3.7699999809265137,166600,0.0,0.0
2023-12-11 00:00:00-05:00,3.7799999713897705,3.818000078201294,3.759999990463257,3.7799999713897705,219400,0.0,0.0
2023-12-12 00:00:00-05:00,3.7799999713897705,3.8399999141693115,3.7709999084472656,3.7799999713897705,177000,0.0,0.0
2023-12-13 00:00:00-05:00,3.799999952316284,3.880000114440918,3.75,3.859999895095825,202600,0.0,0.0
2023-12-14 00:00:00-05:00,3.930000066757202,3.9800000190734863,3.809999942779541,3.8299999237060547,412400,0.0,0.0
2023-12-15 00:00:00-05:00,3.8299999237060547,3.8299999237060547,3.759999990463257,3.799999952316284,560000,0.0,0.0
2023-12-18 00:00:00-05:00,3.8299999237060547,3.8299999237060547,3.640000104904175,3.690000057220459,1407000,0.0,0.0
2023-12-19 00:00:00-05:00,3.740000009536743,3.740000009536743,3.640000104904175,3.690000057220459,920100,0.0,0.0
2023-12-20 00:00:00-05:00,3.7200000286102295,3.765000104904175,3.6500000953674316,3.680000066757202,787000,0.0,0.0
2023-12-21 00:00:00-05:00,3.7100000381469727,3.7200000286102295,3.609999895095825,3.7200000286102295,1023200,0.0,0.0
2023-12-22 00:00:00-05:00,3.690000057220459,3.7699999809265137,3.690000057220459,3.740000009536743,461700,0.0,0.0
2023-12-26 00:00:00-05:00,3.7699999809265137,3.8350000381469727,3.7699999809265137,3.8299999237060547,493300,0.0,0.0
2023-12-27 00:00:00-05:00,3.819999933242798,3.8499999046325684,3.7899999618530273,3.799999952316284,441500,0.0,0.0
2023-12-28 00:00:00-05:00,3.7200000286102295,3.819999933242798,3.690000057220459,3.799999952316284,375400,0.0,0.0
2023-12-29 00:00:00-05:00,3.7699999809265137,3.7899999618530273,3.7149999141693115,3.740000009536743,379600,0.0,0.0
2024-01-02 00:00:00-05:00,3.7300000190734863,3.740000009536743,3.640000104904175,3.7100000381469727,999100,0.0,0.0
2024-01-03 00:00:00-05:00,3.700000047683716,3.75,3.640000104904175,3.75,239800,0.0,0.0
2024-01-04 00:00:00-05:00,3.7200000286102295,3.799999952316284,3.7200000286102295,3.759999990463257,361300,0.0,0.0
2024-01-05 00:00:00-05:00,3.759999990463257,3.805000066757202,3.740000009536743,3.7799999713897705,260900,0.0,0.0
2024-01-08 00:00:00-05:00,3.799999952316284,3.8389999866485596,3.7899999618530273,3.819999933242798,305100,0.0,0.0
2024-01-09 00:00:00-05:00,3.809999942779541,3.8399999141693115,3.7699999809265137,3.8399999141693115,212500,0.0,0.0
2024-01-10 00:00:00-05:00,3.8399999141693115,3.8489999771118164,3.7799999713897705,3.799999952316284,250600,0.0,0.0
2024-01-11 00:00:00-05:00,3.799999952316284,3.8399999141693115,3.740000009536743,3.7699999809265137,282500,0.0,0.0
2024-01-12 00:00:00-05:00,3.7899999618530273,3.815000057220459,3.740000009536743,3.7799999713897705,252900,0.0,0.0
2024-01-16 00:00:00-05:00,3.740000009536743,3.75,3.680000066757202,3.7100000381469727,204000,0.0,0.0
2024-01-17 00:00:00-05:00,3.680000066757202,3.7049999237060547,3.6549999713897705,3.680000066757202,203200,0.0,0.0
2024-01-18 00:00:00-05:00,3.7200000286102295,3.7249999046325684,3.630000114440918,3.680000066757202,214600,0.0,0.0
2024-01-19 00:00:00-05:00,3.700000047683716,3.7899999618530273,3.634999990463257,3.7899999618530273,332200,0.0,0.0
2024-01-22 00:00:00-05:00,3.75,3.7899999618530273,3.7300000190734863,3.75,214100,0.0,0.0
2024-01-23 00:00:00-05:00,3.7699999809265137,3.7799999713897705,3.7100000381469727,3.75,130600,0.0,0.0
2024-01-24 00:00:00-05:00,3.7699999809265137,3.7699999809265137,3.7100000381469727,3.7300000190734863,97400,0.0,0.0
2024-01-25 00:00:00-05:00,3.740000009536743,3.7699999809265137,3.7330000400543213,3.759999990463257,110500,0.0,0.0
2024-01-26 00:00:00-05:00,3.75,3.799999952316284,3.75,3.75,141300,0.0,0.0
2024-01-29 00:00:00-05:00,3.75,3.7699999809265137,3.7300000190734863,3.75,104600,0.0,0.0
2024-01-30 00:00:00-05:00,3.7200000286102295,3.7690000534057617,3.6600000858306885,3.6700000762939453,148800,0.0,0.0
2024-01-31 00:00:00-05:00,3.6500000953674316,3.680000066757202,3.5899999141693115,3.5899999141693115,239100,0.0,0.0
2024-02-01 00:00:00-05:00,3.5999999046325684,3.6500000953674316,3.4800000190734863,3.5799999237060547,329400,0.0,0.0
2024-02-02 00:00:00-05:00,3.5299999713897705,3.559999942779541,3.5199999809265137,3.5399999618530273,138000,0.0,0.0
2024-02-05 00:00:00-05:00,3.509999990463257,3.559999942779541,3.4600000381469727,3.5199999809265137,186000,0.0,0.0
2024-02-06 00:00:00-05:00,3.5199999809265137,3.5299999713897705,3.4649999141693115,3.490000009536743,191800,0.0,0.0
2024-02-07 00:00:00-05:00,3.509999990463257,3.5199999809265137,3.440000057220459,3.440000057220459,217800,0.0,0.0
2024-02-08 00:00:00-05:00,3.4600000381469727,3.5450000762939453,3.450000047683716,3.5299999713897705,206600,0.0,0.0
2024-02-09 00:00:00-05:00,3.5199999809265137,3.5299999713897705,3.440000057220459,3.490000009536743,242200,0.0,0.0
2024-02-12 00:00:00-05:00,3.4800000190734863,3.559999942779541,3.4800000190734863,3.5199999809265137,170600,0.0,0.0
2024-02-13 00:00:00-05:00,3.450000047683716,3.509999990463257,3.384999990463257,3.4100000858306885,359600,0.0,0.0
2024-02-14 00:00:00-05:00,3.450000047683716,3.5399999618530273,3.440000057220459,3.490000009536743,191200,0.0,0.0
2024-02-15 00:00:00-05:00,3.490000009536743,3.559999942779541,3.490000009536743,3.559999942779541,150900,0.0,0.0
2024-02-16 00:00:00-05:00,3.5399999618530273,3.5799999237060547,3.509999990463257,3.5299999713897705,175300,0.0,0.0
2024-02-20 00:00:00-05:00,3.5299999713897705,3.5899999141693115,3.5,3.5799999237060547,215400,0.0,0.0
2024-02-21 00:00:00-05:00,3.569999933242798,3.740000009536743,3.549999952316284,3.7200000286102295,655000,0.0,0.0
2024-02-22 00:00:00-05:00,3.7200000286102295,3.819999933242798,3.680000066757202,3.809999942779541,783700,0.0,0.0
2024-02-23 00:00:00-05:00,3.799999952316284,3.930000066757202,3.759999990463257,3.930000066757202,779800,0.0,0.0
2024-02-26 00:00:00-05:00,3.890000104904175,3.9000000953674316,3.759999990463257,3.759999990463257,300300,0.0,0.0
2024-02-27 00:00:00-05:00,3.7799999713897705,3.9100000858306885,3.7100000381469727,3.9000000953674316,613700,0.0,0.0
2024-02-28 00:00:00-05:00,3.890000104904175,3.890000104904175,3.809999942779541,3.809999942779541,161700,0.0,0.0
2024-02-29 00:00:00-05:00,3.869999885559082,3.869999885559082,3.809999942779541,3.8399999141693115,132200,0.0,0.0
2024-03-01 00:00:00-05:00,3.8299999237060547,3.8299999237060547,3.7149999141693115,3.7699999809265137,450600,0.0,0.0
2024-03-04 00:00:00-05:00,3.7699999809265137,3.7699999809265137,3.7149999141693115,3.7699999809265137,257700,0.0,0.0
2024-03-05 00:00:00-05:00,3.740000009536743,3.799999952316284,3.7300000190734863,3.7899999618530273,203800,0.0,0.0
2024-03-06 00:00:00-05:00,3.799999952316284,3.8399999141693115,3.799999952316284,3.8399999141693115,169900,0.0,0.0
2024-03-07 00:00:00-05:00,3.8399999141693115,3.8399999141693115,3.809999942779541,3.819999933242798,144600,0.0,0.0
2024-03-08 00:00:00-05:00,3.809999942779541,3.869999885559082,3.809999942779541,3.819999933242798,247600,0.0,0.0
2024-03-11 00:00:00-04:00,3.7799999713897705,3.940000057220459,3.7799999713897705,3.930000066757202,366100,0.0,0.0
2024-03-12 00:00:00-04:00,3.9000000953674316,4.050000190734863,3.9000000953674316,4.0,401000,0.0,0.0
2024-03-13 00:00:00-04:00,4.0,4.230000019073486,4.0,4.159999847412109,853200,0.0,0.0
2024-03-14 00:00:00-04:00,4.159999847412109,4.224999904632568,4.0879998207092285,4.210000038146973,477400,0.0,0.0
2024-03-15 00:00:00-04:00,4.150000095367432,4.269999980926514,4.150000095367432,4.239999771118164,338600,0.0,0.0
2024-03-18 00:00:00-04:00,4.25,4.5,4.21999979019165,4.46999979019165,670600,0.0,0.0
2024-03-19 00:00:00-04:00,4.480000019073486,4.579999923706055,4.410999774932861,4.53000020980835,549400,0.0,0.0
2024-03-20 00:00:00-04:00,4.53000020980835,4.570000171661377,4.409999847412109,4.539999961853027,431300,0.0,0.0
2024-03-21 00:00:00-04:00,4.5,4.639999866485596,4.449999809265137,4.539999961853027,477100,0.0,0.0
2024-03-22 00:00:00-04:00,4.570000171661377,4.586999893188477,4.46999979019165,4.5,185100,0.0,0.0
2024-03-25 00:00:00-04:00,4.489999771118164,4.510000228881836,4.449999809265137,4.460000038146973,238700,0.0,0.0
2024-03-26 00:00:00-04:00,4.489999771118164,4.491000175476074,4.364999771118164,4.380000114440918,322000,0.0,0.0
2024-03-27 00:00:00-04:00,4.389999866485596,4.5,4.389999866485596,4.460000038146973,206600,0.0,0.0
2024-03-28 00:00:00-04:00,4.46999979019165,4.539999961853027,4.420000076293945,4.460000038146973,284800,0.0,0.0
2024-04-01 00:00:00-04:00,3.940000057220459,4.119999885559082,3.6500000953674316,3.6700000762939453,1243400,0.0,0.0
2024-04-02 00:00:00-04:00,3.5799999237060547,3.809999942779541,3.569999933242798,3.619999885559082,804300,0.0,0.0
2024-04-03 00:00:00-04:00,3.6500000953674316,3.690000057220459,3.549999952316284,3.6500000953674316,591900,0.0,0.0
2024-04-04 00:00:00-04:00,3.690000057220459,3.75,3.619999885559082,3.630000114440918,473900,0.0,0.0
2024-04-05 00:00:00-04:00,3.680000066757202,3.680000066757202,3.5250000953674316,3.609999895095825,634800,0.0,0.0
2024-04-08 00:00:00-04:00,3.509999990463257,3.549999952316284,3.305000066757202,3.309999942779541,822700,0.0,0.0
2024-04-09 00:00:00-04:00,3.3399999141693115,3.3399999141693115,3.244999885559082,3.299999952316284,620100,0.0,0.0
2024-04-10 00:00:00-04:00,3.25,3.2790000438690186,3.140000104904175,3.1500000953674316,532400,0.0,0.0
2024-04-11 00:00:00-04:00,3.140000104904175,3.2699999809265137,3.140000104904175,3.25,504700,0.0,0.0
2024-04-12 00:00:00-04:00,3.2699999809265137,3.2899999618530273,3.174999952316284,3.2100000381469727,372400,0.0,0.0
2024-04-15 00:00:00-04:00,3.2300000190734863,3.259999990463257,3.1600000858306885,3.200000047683716,396300,0.0,0.0
2024-04-16 00:00:00-04:00,3.2300000190734863,3.309999942779541,3.1500000953674316,3.240000009536743,485900,0.0,0.0
2024-04-17 00:00:00-04:00,3.2699999809265137,3.2699999809265137,3.1700000762939453,3.180000066757202,336200,0.0,0.0
2024-04-18 00:00:00-04:00,3.2100000381469727,3.2300000190734863,3.1700000762939453,3.180000066757202,238300,0.0,0.0
2024-04-19 00:00:00-04:00,3.180000066757202,3.2149999141693115,3.140000104904175,3.190000057220459,217400,0.0,0.0
2024-04-22 00:00:00-04:00,3.200000047683716,3.2200000286102295,3.140000104904175,3.140000104904175,390500,0.0,0.0
2024-04-23 00:00:00-04:00,3.1600000858306885,3.2330000400543213,3.1600000858306885,3.190000057220459,219500,0.0,0.0
2024-04-24 00:00:00-04:00,3.190000057220459,3.2320001125335693,3.180000066757202,3.200000047683716,205200,0.0,0.0
2024-04-25 00:00:00-04:00,3.1600000858306885,3.194999933242798,3.1500000953674316,3.180000066757202,225400,0.0,0.0
2024-04-26 00:00:00-04:00,3.200000047683716,3.259999990463257,3.200000047683716,3.25,155800,0.0,0.0
2024-04-29 00:00:00-04:00,3.2300000190734863,3.240000009536743,3.1500000953674316,3.180000066757202,470000,0.0,0.0
2024-04-30 00:00:00-04:00,3.1500000953674316,3.180000066757202,3.0999999046325684,3.0999999046325684,451800,0.0,0.0
2024-05-01 00:00:00-04:00,3.1500000953674316,3.1700000762939453,3.0850000381469727,3.1500000953674316,385300,0.0,0.0
2024-05-02 00:00:00-04:00,3.190000057220459,3.190000057220459,3.130000114440918,3.140000104904175,177800,0.0,0.0
2024-05-03 00:00:00-04:00,3.1600000858306885,3.25,3.1600000858306885,3.200000047683716,277000,0.0,0.0
2024-05-06 00:00:00-04:00,3.2100000381469727,3.25,3.1600000858306885,3.1700000762939453,252000,0.0,0.0
2024-05-07 00:00:00-04:00,3.200000047683716,3.2200000286102295,3.1600000858306885,3.1600000858306885,347500,0.0,0.0
2024-05-08 00:00:00-04:00,3.180000066757202,3.200000047683716,3.130000114440918,3.200000047683716,294800,0.0,0.0
2024-05-09 00:00:00-04:00,3.190000057220459,3.200000047683716,3.180000066757202,3.180000066757202,162700,0.0,0.0
2024-05-10 00:00:00-04:00,3.1700000762939453,3.2200000286102295,3.140000104904175,3.180000066757202,319100,0.0,0.0
2024-05-13 00:00:00-04:00,3.200000047683716,3.200000047683716,3.1700000762939453,3.190000057220459,138300,0.0,0.0
2024-05-14 00:00:00-04:00,3.1700000762939453,3.2100000381469727,3.1700000762939453,3.190000057220459,228100,0.0,0.0
2024-05-15 00:00:00-04:00,3.200000047683716,3.240000009536743,3.190000057220459,3.2300000190734863,317400,0.0,0.0
2024-05-16 00:00:00-04:00,3.240000009536743,3.240000009536743,3.2200000286102295,3.2200000286102295,151400,0.0,0.0
2024-05-17 00:00:00-04:00,3.2300000190734863,3.240000009536743,3.200000047683716,3.200000047683716,255100,0.0,0.0
2024-05-20 00:00:00-04:00,3.200000047683716,3.2200000286102295,3.200000047683716,3.200000047683716,189200,0.0,0.0
2024-05-21 00:00:00-04:00,3.2100000381469727,3.2100000381469727,3.1700000762939453,3.1700000762939453,167800,0.0,0.0
2024-05-22 00:00:00-04:00,3.1700000762939453,3.184999942779541,3.109999895095825,3.119999885559082,372400,0.0,0.0
2024-05-23 00:00:00-04:00,3.119999885559082,3.140000104904175,3.069999933242798,3.0899999141693115,334400,0.0,0.0
2024-05-24 00:00:00-04:00,3.0899999141693115,3.0999999046325684,3.049999952316284,3.059999942779541,309200,0.0,0.0
2024-05-28 00:00:00-04:00,3.049999952316284,3.049999952316284,2.869999885559082,2.890000104904175,1280400,0.0,0.0
2024-05-29 00:00:00-04:00,2.890000104904175,2.9240000247955322,2.8499999046325684,2.869999885559082,357200,0.0,0.0
2024-05-30 00:00:00-04:00,2.880000114440918,2.9800000190734863,2.880000114440918,2.9600000381469727,240600,0.0,0.0
2024-05-31 00:00:00-04:00,2.9600000381469727,3.0299999713897705,2.9600000381469727,3.0199999809265137,275300,0.0,0.0
2024-06-03 00:00:00-04:00,3.069999933242798,3.1600000858306885,3.059999942779541,3.1600000858306885,457600,0.0,0.0
2024-06-04 00:00:00-04:00,3.140000104904175,3.1600000858306885,3.109999895095825,3.140000104904175,216400,0.0,0.0
2024-06-05 00:00:00-04:00,3.1500000953674316,3.1600000858306885,3.049999952316284,3.049999952316284,261200,0.0,0.0
2024-06-06 00:00:00-04:00,3.0299999713897705,3.049999952316284,3.005000114440918,3.0399999618530273,166700,0.0,0.0
2024-06-07 00:00:00-04:00,3.0,3.0199999809265137,2.950000047683716,2.9700000286102295,258600,0.0,0.0
2024-06-10 00:00:00-04:00,2.950000047683716,2.9649999141693115,2.9200000762939453,2.930000066757202,196300,0.0,0.0
2024-06-11 00:00:00-04:00,2.9200000762939453,2.930000066757202,2.890000104904175,2.9100000858306885,196600,0.0,0.0
2024-06-12 00:00:00-04:00,2.9800000190734863,2.990000009536743,2.890000104904175,2.890000104904175,277300,0.0,0.0
2024-06-13 00:00:00-04:00,2.880000114440918,2.9200000762939453,2.880000114440918,2.890000104904175,229500,0.0,0.0
2024-06-14 00:00:00-04:00,2.880000114440918,2.9000000953674316,2.7899999618530273,2.7899999618530273,405700,0.0,0.0
2024-06-17 00:00:00-04:00,2.7699999809265137,2.805000066757202,2.75,2.7799999713897705,326200,0.0,0.0
2024-06-18 00:00:00-04:00,2.799999952316284,2.809999942779541,2.75,2.75,261100,0.0,0.0
2024-06-20 00:00:00-04:00,2.740000009536743,2.759999990463257,2.5799999237060547,2.6500000953674316,757700,0.0,0.0
2024-06-21 00:00:00-04:00,2.6700000762939453,2.700000047683716,2.625,2.6600000858306885,352700,0.0,0.0
2024-06-24 00:00:00-04:00,2.6500000953674316,2.700000047683716,2.640000104904175,2.680000066757202,290600,0.0,0.0
2024-06-25 00:00:00-04:00,2.6500000953674316,2.690000057220459,2.565000057220459,2.5799999237060547,449500,0.0,0.0
2024-06-26 00:00:00-04:00,2.609999895095825,2.640000104904175,2.559999942779541,2.5799999237060547,340900,0.0,0.0
2024-06-27 00:00:00-04:00,2.5899999141693115,2.6059999465942383,2.5299999713897705,2.569999933242798,351500,0.0,0.0
2024-06-28 00:00:00-04:00,2.5799999237060547,2.5899999141693115,2.5350000858306885,2.5899999141693115,326400,0.0,0.0
2024-07-01 00:00:00-04:00,2.5799999237060547,2.5850000381469727,2.5299999713897705,2.559999942779541,227600,0.0,0.0
2024-07-02 00:00:00-04:00,2.5399999618530273,2.559999942779541,2.5,2.5,338700,0.0,0.0
2024-07-03 00:00:00-04:00,2.5,2.5199999809265137,2.430000066757202,2.4600000381469727,304200,0.0,0.0
2024-07-05 00:00:00-04:00,2.4800000190734863,2.549999952316284,2.4600000381469727,2.549999952316284,434800,0.0,0.0
2024-07-08 00:00:00-04:00,2.5199999809265137,2.5450000762939453,2.5,2.5299999713897705,228200,0.0,0.0
2024-07-09 00:00:00-04:00,2.5399999618530273,2.5899999141693115,2.509999990463257,2.569999933242798,254400,0.0,0.0
2024-07-10 00:00:00-04:00,2.5999999046325684,2.6500000953674316,2.5799999237060547,2.6500000953674316,311900,0.0,0.0
2024-07-11 00:00:00-04:00,2.6700000762939453,2.765000104904175,2.6610000133514404,2.740000009536743,437400,0.0,0.0
2024-07-12 00:00:00-04:00,2.7799999713897705,2.8459999561309814,2.7699999809265137,2.809999942779541,351800,0.0,0.0
2024-07-15 00:00:00-04:00,2.819999933242798,2.865000009536743,2.819999933242798,2.8499999046325684,454800,0.0,0.0
2024-07-16 00:00:00-04:00,2.8499999046325684,3.0350000858306885,2.8499999046325684,2.9600000381469727,661800,0.0,0.0
2024-07-17 00:00:00-04:00,2.990000009536743,3.069999933242798,2.9700000286102295,3.0,296300,0.0,0.0
2024-07-18 00:00:00-04:00,3.009999990463257,3.0299999713897705,2.859999895095825,2.869999885559082,357900,0.0,0.0
2024-07-19 00:00:00-04:00,2.819999933242798,2.819999933242798,2.549999952316284,2.609999895095825,1202900,0.0,0.0
2024-07-22 00:00:00-04:00,2.609999895095825,2.7300000190734863,2.609999895095825,2.7300000190734863,372600,0.0,0.0
2024-07-23 00:00:00-04:00,2.7300000190734863,2.740000009536743,2.6600000858306885,2.690000057220459,272800,0.0,0.0
2024-07-24 00:00:00-04:00,2.7100000381469727,2.7300000190734863,2.609999895095825,2.6500000953674316,388400,0.0,0.0
2024-07-25 00:00:00-04:00,2.6600000858306885,2.680000066757202,2.609999895095825,2.640000104904175,257000,0.0,0.0
2024-07-26 00:00:00-04:00,2.6500000953674316,2.75,2.619999885559082,2.7300000190734863,528900,0.0,0.0
2024-07-29 00:00:00-04:00,2.6500000953674316,2.680000066757202,2.559999942779541,2.5799999237060547,490900,0.0,0.0
2024-07-30 00:00:00-04:00,2.5799999237060547,2.5889999866485596,2.5399999618530273,2.559999942779541,227400,0.0,0.0
2024-07-31 00:00:00-04:00,2.559999942779541,2.565000057220459,2.509999990463257,2.5199999809265137,254800,0.0,0.0
2024-08-01 00:00:00-04:00,2.5399999618530273,2.555000066757202,2.4000000953674316,2.430000066757202,470400,0.0,0.0
2024-08-02 00:00:00-04:00,2.380000114440918,2.450000047683716,2.3399999141693115,2.430000066757202,484000,0.0,0.0
2024-08-05 00:00:00-04:00,2.319999933242798,2.390000104904175,2.240000009536743,2.359999895095825,450600,0.0,0.0
2024-08-06 00:00:00-04:00,2.4100000858306885,2.5,2.3550000190734863,2.430000066757202,449800,0.0,0.0
2024-08-07 00:00:00-04:00,2.450000047683716,2.490000009536743,2.4000000953674316,2.4000000953674316,247400,0.0,0.0
2024-08-08 00:00:00-04:00,2.450000047683716,2.450000047683716,2.3499999046325684,2.3499999046325684,336600,0.0,0.0
2024-08-09 00:00:00-04:00,2.3399999141693115,2.380000114440918,2.309999942779541,2.319999933242798,283700,0.0,0.0
2024-08-12 00:00:00-04:00,2.309999942779541,2.3610000610351562,2.259999990463257,2.2899999618530273,298400,0.0,0.0
2024-08-13 00:00:00-04:00,2.3299999237060547,2.3399999141693115,2.299999952316284,2.3399999141693115,310800,0.0,0.0
2024-08-14 00:00:00-04:00,2.25,2.312000036239624,2.2200000286102295,2.25,482100,0.0,0.0
2024-08-15 00:00:00-04:00,2.259999990463257,2.3499999046325684,2.259999990463257,2.299999952316284,370100,0.0,0.0
2024-08-16 00:00:00-04:00,2.2699999809265137,2.3399999141693115,2.2699999809265137,2.309999942779541,284900,0.0,0.0
2024-08-19 00:00:00-04:00,2.3299999237060547,2.3499999046325684,2.2750000953674316,2.309999942779541,286800,0.0,0.0
2024-08-20 00:00:00-04:00,2.2899999618530273,2.299999952316284,2.25,2.25,299600,0.0,0.0
2024-08-21 00:00:00-04:00,2.25,2.319999933242798,2.244999885559082,2.299999952316284,219900,0.0,0.0
2024-08-22 00:00:00-04:00,2.319999933242798,2.359999895095825,2.299999952316284,2.309999942779541,224200,0.0,0.0
2024-08-23 00:00:00-04:00,2.319999933242798,2.4200000762939453,2.319999933242798,2.4100000858306885,237900,0.0,0.0
