Date,Open,High,Low,Close,Volume,Dividends,Stock Splits
2005-11-29 00:00:00+09:00,9215.7119140625,9215.7119140625,9215.7119140625,9215.7119140625,0,0.0,0.0
2005-11-30 00:00:00+09:00,9707.458984375,10581.6767578125,9525.3310546875,10581.6767578125,2070147,0.0,0.0
2005-12-01 00:00:00+09:00,11528.74609375,12166.1962890625,10272.05859375,10581.6767578125,4351186,0.0,0.0
2005-12-02 00:00:00+09:00,10909.5087890625,11747.30078125,10490.6123046875,10964.1474609375,1937392,0.0,0.0
2005-12-05 00:00:00+09:00,10709.1669921875,10964.1474609375,9561.7568359375,9652.8203125,1304709,0.0,0.0
2005-12-06 00:00:00+09:00,9507.1181640625,10272.05859375,9361.4150390625,9907.80078125,1186415,0.0,0.0
2005-12-07 00:00:00+09:00,9889.587890625,11255.552734375,9306.7763671875,9798.5234375,2074030,0.0,0.0
2005-12-08 00:00:00+09:00,9798.5234375,10399.548828125,9598.181640625,9816.736328125,1011760,0.0,0.0
2005-12-09 00:00:00+09:00,10199.20703125,10818.4443359375,9853.162109375,10199.20703125,1736344,0.0,0.0
2005-12-12 00:00:00+09:00,9926.013671875,10417.7607421875,9816.736328125,9871.375,564917,0.0,0.0
2005-12-13 00:00:00+09:00,9743.884765625,10108.142578125,9470.6923828125,9488.9052734375,485052,0.0,0.0
2005-12-14 00:00:00+09:00,9543.5439453125,10017.078125,9470.6923828125,9507.1181640625,684472,0.0,0.0
2005-12-15 00:00:00+09:00,9525.3310546875,9944.2265625,9397.8408203125,9707.458984375,737221,0.0,0.0
2005-12-16 00:00:00+09:00,9397.8408203125,9561.7568359375,8286.85546875,9452.4794921875,473823,0.0,0.0
2005-12-19 00:00:00+09:00,9361.4150390625,9598.181640625,8997.1572265625,9015.3701171875,364997,0.0,0.0
2005-12-20 00:00:00+09:00,8760.3896484375,9179.2861328125,8468.984375,8560.048828125,592767,0.0,0.0
2005-12-21 00:00:00+09:00,8560.048828125,8960.7314453125,8560.048828125,8815.0283203125,480313,0.0,0.0
2005-12-22 00:00:00+09:00,8815.0283203125,8924.3056640625,7867.95947265625,8323.28125,595265,0.0,0.0
2005-12-23 00:00:00+09:00,8013.66259765625,8377.919921875,7867.95947265625,8232.216796875,193195,0.0,0.0
2005-12-26 00:00:00+09:00,8341.494140625,9233.9248046875,8232.216796875,8887.8798828125,880823,0.0,0.0
2005-12-27 00:00:00+09:00,8815.0283203125,8815.0283203125,8377.919921875,8377.919921875,306497,0.0,0.0
2005-12-28 00:00:00+09:00,8195.791015625,8687.5390625,8159.365234375,8578.26171875,208010,0.0,0.0
2005-12-29 00:00:00+09:00,8195.791015625,9070.0087890625,8177.578125,8723.96484375,1231324,0.0,0.0
2006-01-02 00:00:00+09:00,8960.7314453125,9762.09765625,8924.3056640625,9762.09765625,1426507,0.0,0.0
2006-01-03 00:00:00+09:00,10272.05859375,11200.9150390625,9889.587890625,9980.65234375,2583054,0.0,0.0
2006-01-04 00:00:00+09:00,10454.1865234375,10818.4443359375,9889.587890625,9962.439453125,2503654,0.0,0.0
2006-01-05 00:00:00+09:00,10199.20703125,10927.7216796875,9652.8203125,10927.7216796875,3355241,0.0,0.0
2006-01-06 00:00:00+09:00,11401.255859375,12566.8798828125,11219.1279296875,11474.107421875,4338537,0.0,0.0
2006-01-09 00:00:00+09:00,11801.939453125,11929.4296875,11018.7861328125,11109.8505859375,1501564,0.0,0.0
2006-01-10 00:00:00+09:00,11291.978515625,11510.533203125,10272.05859375,10709.1669921875,1841530,0.0,0.0
2006-01-11 00:00:00+09:00,10563.4638671875,10709.1669921875,10108.142578125,10381.3359375,1010347,0.0,0.0
2006-01-12 00:00:00+09:00,10308.484375,10763.8056640625,10126.35546875,10527.0380859375,1318372,0.0,0.0
2006-01-13 00:00:00+09:00,10253.845703125,10709.1669921875,10253.845703125,10381.3359375,512356,0.0,0.0
2006-01-16 00:00:00+09:00,10381.3359375,10964.1474609375,10381.3359375,10818.4443359375,1268692,0.0,0.0
2006-01-17 00:00:00+09:00,10745.5927734375,11401.255859375,9944.2265625,10235.6328125,2052190,0.0,0.0
2006-01-18 00:00:00+09:00,10308.484375,10363.123046875,8833.2412109375,9652.8203125,864089,0.0,0.0
2006-01-19 00:00:00+09:00,9488.9052734375,9907.80078125,9124.6474609375,9397.8408203125,573302,0.0,0.0
2006-01-20 00:00:00+09:00,9306.7763671875,9652.8203125,8960.7314453125,8960.7314453125,810021,0.0,0.0
2006-01-23 00:00:00+09:00,8669.326171875,8887.8798828125,7631.1923828125,7631.1923828125,1127961,0.0,0.0
2006-01-24 00:00:00+09:00,7521.9150390625,8013.66259765625,6811.61328125,7831.53369140625,2170358,0.0,0.0
2006-01-25 00:00:00+09:00,7867.95947265625,8742.177734375,7758.68212890625,7959.02392578125,1658964,0.0,0.0
2006-01-26 00:00:00+09:00,8013.66259765625,8141.15234375,7430.8505859375,7813.32080078125,1179616,0.0,0.0
2006-01-27 00:00:00+09:00,8250.4296875,8669.326171875,8050.08837890625,8396.1328125,1700983,0.0,0.0
2006-01-31 00:00:00+09:00,8651.11328125,8651.11328125,8323.28125,8323.28125,999628,0.0,0.0
2006-02-01 00:00:00+09:00,8232.216796875,8232.216796875,7321.5732421875,7831.53369140625,1337887,0.0,0.0
2006-02-02 00:00:00+09:00,7995.44970703125,8068.30126953125,7430.8505859375,7649.4052734375,903272,0.0,0.0
2006-02-03 00:00:00+09:00,7285.14794921875,7485.4892578125,7175.87060546875,7285.14794921875,810498,0.0,0.0
2006-02-06 00:00:00+09:00,7048.38037109375,7376.2119140625,7048.38037109375,7321.5732421875,498160,0.0,0.0
2006-02-07 00:00:00+09:00,7503.7021484375,7540.1279296875,7357.9990234375,7357.9990234375,637545,0.0,0.0
2006-02-08 00:00:00+09:00,7285.14794921875,8450.771484375,7285.14794921875,8450.771484375,877473,0.0,0.0
2006-02-09 00:00:00+09:00,8869.6669921875,9033.5830078125,7995.44970703125,8286.85546875,1820860,0.0,0.0
2006-02-10 00:00:00+09:00,8286.85546875,8377.919921875,7959.02392578125,8359.70703125,665209,0.0,0.0
2006-02-13 00:00:00+09:00,8614.6875,8851.4541015625,8396.1328125,8687.5390625,1525619,0.0,0.0
2006-02-14 00:00:00+09:00,8596.474609375,8669.326171875,8159.365234375,8268.642578125,693702,0.0,0.0
2006-02-15 00:00:00+09:00,8414.345703125,8414.345703125,7521.9150390625,7612.9794921875,839808,0.0,0.0
2006-02-16 00:00:00+09:00,7649.4052734375,7795.10791015625,7449.0634765625,7758.68212890625,528326,0.0,0.0
2006-02-17 00:00:00+09:00,7685.8310546875,7795.10791015625,7576.5537109375,7576.5537109375,374054,0.0,0.0
2006-02-20 00:00:00+09:00,7594.7666015625,7904.38525390625,7594.7666015625,7886.17236328125,594876,0.0,0.0
2006-02-21 00:00:00+09:00,7867.95947265625,8232.216796875,7758.68212890625,7940.81103515625,441044,0.0,0.0
2006-02-22 00:00:00+09:00,7867.95947265625,8159.365234375,7813.32080078125,7959.02392578125,349812,0.0,0.0
2006-02-23 00:00:00+09:00,8086.51416015625,8177.578125,7904.38525390625,7904.38525390625,313003,0.0,0.0
2006-02-24 00:00:00+09:00,7831.53369140625,7922.59814453125,7722.25634765625,7831.53369140625,283656,0.0,0.0
2006-02-27 00:00:00+09:00,8013.66259765625,8159.365234375,7940.81103515625,8013.66259765625,555850,0.0,0.0
2006-02-28 00:00:00+09:00,8195.791015625,8232.216796875,8013.66259765625,8013.66259765625,379813,0.0,0.0
2006-03-02 00:00:00+09:00,8086.51416015625,8086.51416015625,7849.74658203125,7849.74658203125,295954,0.0,0.0
2006-03-03 00:00:00+09:00,7740.46923828125,7886.17236328125,7576.5537109375,7576.5537109375,345409,0.0,0.0
2006-03-06 00:00:00+09:00,7467.2763671875,7576.5537109375,7394.4248046875,7576.5537109375,241060,0.0,0.0
2006-03-07 00:00:00+09:00,7467.2763671875,7485.4892578125,7266.93505859375,7339.7861328125,245996,0.0,0.0
2006-03-08 00:00:00+09:00,7157.65771484375,7394.4248046875,7048.38037109375,7212.29638671875,297949,0.0,0.0
2006-03-09 00:00:00+09:00,7157.65771484375,7376.2119140625,7157.65771484375,7376.2119140625,219124,0.0,0.0
2006-03-10 00:00:00+09:00,7321.5732421875,7430.8505859375,7248.72216796875,7303.3603515625,200006,0.0,0.0
2006-03-13 00:00:00+09:00,7339.7861328125,7485.4892578125,7321.5732421875,7339.7861328125,236284,0.0,0.0
2006-03-14 00:00:00+09:00,7321.5732421875,7339.7861328125,7194.08349609375,7230.50927734375,210505,0.0,0.0
2006-03-15 00:00:00+09:00,7303.3603515625,7357.9990234375,7103.01904296875,7103.01904296875,276200,0.0,0.0
2006-03-16 00:00:00+09:00,7139.44482421875,7194.08349609375,6884.46435546875,6920.89013671875,415748,0.0,0.0
2006-03-17 00:00:00+09:00,6793.400390625,6902.67724609375,6538.419921875,6574.845703125,648002,0.0,0.0
2006-03-20 00:00:00+09:00,6629.484375,6702.3359375,6574.845703125,6684.123046875,290186,0.0,0.0
2006-03-21 00:00:00+09:00,6775.1875,7157.65771484375,6775.1875,6920.89013671875,641812,0.0,0.0
2006-03-22 00:00:00+09:00,6920.89013671875,7030.16748046875,6884.46435546875,6939.10302734375,366045,0.0,0.0
2006-03-23 00:00:00+09:00,7084.80615234375,7103.01904296875,6775.1875,6884.46435546875,286998,0.0,0.0
2006-03-24 00:00:00+09:00,6975.52880859375,7157.65771484375,6902.67724609375,7139.44482421875,441524,0.0,0.0
2006-03-27 00:00:00+09:00,7230.50927734375,7230.50927734375,7030.16748046875,7103.01904296875,269249,0.0,0.0
2006-03-28 00:00:00+09:00,7157.65771484375,7157.65771484375,6920.89013671875,6920.89013671875,229501,0.0,0.0
2006-03-29 00:00:00+09:00,6775.1875,7175.87060546875,6702.3359375,7175.87060546875,313356,0.0,0.0
2006-03-30 00:00:00+09:00,7285.14794921875,7303.3603515625,7030.16748046875,7048.38037109375,350441,0.0,0.0
2006-03-31 00:00:00+09:00,6993.74169921875,7103.01904296875,6957.31591796875,7011.95458984375,239859,0.0,0.0
2006-04-03 00:00:00+09:00,7066.59326171875,7467.2763671875,7066.59326171875,7303.3603515625,573185,0.0,0.0
2006-04-04 00:00:00+09:00,7248.72216796875,7449.0634765625,7212.29638671875,7248.72216796875,361254,0.0,0.0
2006-04-05 00:00:00+09:00,7339.7861328125,7412.6376953125,7212.29638671875,7412.6376953125,309253,0.0,0.0
2006-04-06 00:00:00+09:00,7449.0634765625,7449.0634765625,7266.93505859375,7266.93505859375,237271,0.0,0.0
2006-04-07 00:00:00+09:00,7194.08349609375,7212.29638671875,7084.80615234375,7157.65771484375,253449,0.0,0.0
2006-04-10 00:00:00+09:00,7048.38037109375,7103.01904296875,6902.67724609375,6957.31591796875,276379,0.0,0.0
2006-04-11 00:00:00+09:00,6957.31591796875,7011.95458984375,6866.251953125,6866.251953125,259096,0.0,0.0
2006-04-12 00:00:00+09:00,6738.76171875,7011.95458984375,6738.76171875,6902.67724609375,168281,0.0,0.0
2006-04-13 00:00:00+09:00,6884.46435546875,6993.74169921875,6884.46435546875,6902.67724609375,127895,0.0,0.0
2006-04-14 00:00:00+09:00,6993.74169921875,7048.38037109375,6939.10302734375,6975.52880859375,212701,0.0,0.0
2006-04-17 00:00:00+09:00,6939.10302734375,7030.16748046875,6920.89013671875,6939.10302734375,168078,0.0,0.0
2006-04-18 00:00:00+09:00,6939.10302734375,7011.95458984375,6902.67724609375,6920.89013671875,170301,0.0,0.0
2006-04-19 00:00:00+09:00,7103.01904296875,7339.7861328125,7011.95458984375,7194.08349609375,443267,0.0,0.0
2006-04-20 00:00:00+09:00,7175.87060546875,7175.87060546875,6920.89013671875,6920.89013671875,236246,0.0,0.0
2006-04-21 00:00:00+09:00,6920.89013671875,7030.16748046875,6848.0390625,6884.46435546875,251549,0.0,0.0
2006-04-24 00:00:00+09:00,6848.0390625,6957.31591796875,6811.61328125,6829.826171875,157579,0.0,0.0
2006-04-25 00:00:00+09:00,6793.400390625,6884.46435546875,6374.50439453125,6429.14306640625,428226,0.0,0.0
2006-04-26 00:00:00+09:00,6338.07861328125,6483.78125,6137.73681640625,6228.80126953125,477502,0.0,0.0
2006-04-27 00:00:00+09:00,6265.22705078125,6301.65283203125,6046.67236328125,6064.88525390625,300505,0.0,0.0
2006-04-28 00:00:00+09:00,6028.4599609375,6083.09814453125,5828.1181640625,5882.7568359375,303974,0.0,0.0
2006-05-02 00:00:00+09:00,5773.4794921875,5955.6083984375,5773.4794921875,5937.3955078125,267019,0.0,0.0
2006-05-03 00:00:00+09:00,6046.67236328125,6101.31103515625,5846.3310546875,5846.3310546875,301124,0.0,0.0
2006-05-04 00:00:00+09:00,5791.6923828125,5846.3310546875,5609.56396484375,5773.4794921875,257847,0.0,0.0
2006-05-08 00:00:00+09:00,5791.6923828125,5864.5439453125,5645.9892578125,5664.2021484375,313904,0.0,0.0
2006-05-09 00:00:00+09:00,5737.0537109375,6338.07861328125,5737.0537109375,6010.2470703125,712812,0.0,0.0
2006-05-10 00:00:00+09:00,6046.67236328125,6538.419921875,6028.4599609375,6192.37548828125,434555,0.0,0.0
2006-05-11 00:00:00+09:00,6192.37548828125,6265.22705078125,5992.0341796875,6101.31103515625,193801,0.0,0.0
2006-05-12 00:00:00+09:00,6046.67236328125,6046.67236328125,5828.1181640625,5828.1181640625,167033,0.0,0.0
2006-05-15 00:00:00+09:00,5645.9892578125,5773.4794921875,5518.49951171875,5700.6279296875,174834,0.0,0.0
2006-05-16 00:00:00+09:00,5809.9052734375,5809.9052734375,5500.28662109375,5536.71240234375,125901,0.0,0.0
2006-05-17 00:00:00+09:00,5536.71240234375,5718.8408203125,5536.71240234375,5718.8408203125,121317,0.0,0.0
2006-05-18 00:00:00+09:00,5536.71240234375,5682.4150390625,5536.71240234375,5609.56396484375,149040,0.0,0.0
2006-05-19 00:00:00+09:00,5573.13818359375,5737.0537109375,5518.49951171875,5737.0537109375,98968,0.0,0.0
2006-05-22 00:00:00+09:00,5846.3310546875,5919.1826171875,5573.13818359375,5573.13818359375,229538,0.0,0.0
2006-05-23 00:00:00+09:00,5554.92529296875,5573.13818359375,5354.58349609375,5463.86083984375,166046,0.0,0.0
2006-05-24 00:00:00+09:00,5372.79638671875,5500.28662109375,5336.37060546875,5336.37060546875,118536,0.0,0.0
2006-05-25 00:00:00+09:00,5336.37060546875,5427.43505859375,4953.900390625,4953.900390625,192705,0.0,0.0
2006-05-26 00:00:00+09:00,4972.11328125,5026.751953125,4735.34619140625,4935.6875,241306,0.0,0.0
2006-05-29 00:00:00+09:00,4953.900390625,5008.5390625,4917.474609375,4917.474609375,101209,0.0,0.0
2006-05-30 00:00:00+09:00,4899.26171875,5318.15771484375,4881.048828125,4990.326171875,165929,0.0,0.0
2006-06-01 00:00:00+09:00,4917.474609375,5044.96484375,4735.34619140625,4735.34619140625,141086,0.0,0.0
2006-06-02 00:00:00+09:00,4881.048828125,4881.048828125,4462.15283203125,4680.70751953125,144356,0.0,0.0
2006-06-05 00:00:00+09:00,4425.72705078125,4789.984375,4407.51416015625,4553.21728515625,199958,0.0,0.0
2006-06-07 00:00:00+09:00,4389.30126953125,4389.30126953125,4061.4697265625,4061.4697265625,172329,0.0,0.0
2006-06-08 00:00:00+09:00,3988.618408203125,4025.044189453125,3788.27685546875,3806.48974609375,137975,0.0,0.0
2006-06-09 00:00:00+09:00,3879.341064453125,3970.405517578125,3806.48974609375,3879.341064453125,142541,0.0,0.0
2006-06-12 00:00:00+09:00,3861.128173828125,3897.553955078125,3770.06396484375,3806.48974609375,129633,0.0,0.0
2006-06-13 00:00:00+09:00,3678.99951171875,3697.21240234375,3551.509521484375,3551.509521484375,209516,0.0,0.0
2006-06-14 00:00:00+09:00,3478.657958984375,3638.931396484375,3460.445068359375,3631.646240234375,140808,0.0,0.0
2006-06-15 00:00:00+09:00,3697.21240234375,3897.553955078125,3660.78662109375,3751.85107421875,159024,0.0,0.0
2006-06-16 00:00:00+09:00,3842.91552734375,3915.766845703125,3660.78662109375,3678.99951171875,272922,0.0,0.0
2006-06-19 00:00:00+09:00,3715.42529296875,3715.42529296875,3533.296630859375,3547.866943359375,102020,0.0,0.0
2006-06-20 00:00:00+09:00,3500.513427734375,3504.156005859375,3318.384765625,3351.16796875,148202,0.0,0.0
2006-06-21 00:00:00+09:00,3325.669921875,3402.1640625,3241.890625,3303.814453125,81576,0.0,0.0
2006-06-22 00:00:00+09:00,3354.810546875,3424.01953125,3332.955078125,3340.240234375,93549,0.0,0.0
2006-06-23 00:00:00+09:00,3300.171875,3300.171875,3194.537353515625,3216.392822265625,68862,0.0,0.0
2006-06-26 00:00:00+09:00,3241.890625,3515.083740234375,3241.890625,3281.958984375,302641,0.0,0.0
2006-06-27 00:00:00+09:00,3405.806640625,3405.806640625,3314.7421875,3358.453125,73919,0.0,0.0
2006-06-28 00:00:00+09:00,3314.7421875,3314.7421875,3223.677978515625,3278.31640625,50405,0.0,0.0
2006-06-29 00:00:00+09:00,3387.59375,3606.148193359375,3387.59375,3456.802490234375,247983,0.0,0.0
2006-06-30 00:00:00+09:00,3526.011474609375,3602.505615234375,3489.585693359375,3580.650146484375,126706,0.0,0.0
2006-07-03 00:00:00+09:00,3580.650146484375,3591.577880859375,3496.870849609375,3522.368896484375,75135,0.0,0.0
2006-07-04 00:00:00+09:00,3533.296630859375,3566.079833984375,3493.228271484375,3500.513427734375,69265,0.0,0.0
2006-07-05 00:00:00+09:00,3362.095703125,3424.01953125,3351.16796875,3383.951171875,86598,0.0,0.0
2006-07-06 00:00:00+09:00,3383.951171875,3496.870849609375,3325.669921875,3391.236328125,139201,0.0,0.0
2006-07-07 00:00:00+09:00,3424.01953125,3478.657958984375,3409.44921875,3424.01953125,117686,0.0,0.0
2006-07-10 00:00:00+09:00,3424.01953125,3424.01953125,3347.525390625,3376.666015625,156012,0.0,0.0
2006-07-11 00:00:00+09:00,3369.380859375,3380.30859375,3332.955078125,3347.525390625,109784,0.0,0.0
2006-07-12 00:00:00+09:00,3380.30859375,3427.662109375,3329.3125,3380.30859375,156356,0.0,0.0
2006-07-13 00:00:00+09:00,3329.3125,3387.59375,3325.669921875,3343.8828125,119952,0.0,0.0
2006-07-14 00:00:00+09:00,3329.3125,3329.3125,3169.039306640625,3234.60546875,136509,0.0,0.0
2006-07-18 00:00:00+09:00,3143.541259765625,3165.396728515625,3081.617431640625,3081.617431640625,90446,0.0,0.0
2006-07-19 00:00:00+09:00,3081.617431640625,3132.613525390625,2968.69775390625,2968.69775390625,154922,0.0,0.0
2006-07-20 00:00:00+09:00,3037.906494140625,3037.906494140625,2975.98291015625,2986.91064453125,178255,0.0,0.0
2006-07-21 00:00:00+09:00,2921.34423828125,2928.62939453125,2822.99462890625,2833.92236328125,292558,0.0,0.0
2006-07-24 00:00:00+09:00,2870.34814453125,2873.99072265625,2822.99462890625,2826.63720703125,112220,0.0,0.0
2006-07-25 00:00:00+09:00,2833.92236328125,2877.63330078125,2812.06689453125,2812.06689453125,151580,0.0,0.0
2006-07-26 00:00:00+09:00,2844.85009765625,2844.85009765625,2695.504638671875,2713.717529296875,239576,0.0,0.0
2006-07-27 00:00:00+09:00,2713.717529296875,2775.641357421875,2688.219482421875,2731.930419921875,129835,0.0,0.0
2006-07-28 00:00:00+09:00,2710.074951171875,2731.930419921875,2604.440185546875,2648.151123046875,273652,0.0,0.0
2006-07-31 00:00:00+09:00,2659.078857421875,2662.721435546875,2546.1591796875,2619.010498046875,531853,0.0,0.0
2006-08-01 00:00:00+09:00,2619.010498046875,2619.010498046875,2487.8779296875,2491.5205078125,318449,0.0,0.0
2006-08-02 00:00:00+09:00,2476.9501953125,2542.5166015625,2451.4521484375,2491.5205078125,128532,0.0,0.0
2006-08-03 00:00:00+09:00,2506.0908203125,2568.0146484375,2258.395751953125,2294.821533203125,568517,0.0,0.0
2006-08-04 00:00:00+09:00,2294.821533203125,2323.962158203125,2123.62060546875,2141.83349609375,700988,0.0,0.0
2006-08-07 00:00:00+09:00,2138.19091796875,2218.327392578125,2101.76513671875,2141.83349609375,553858,0.0,0.0
2006-08-08 00:00:00+09:00,2247.468017578125,2462.3798828125,2236.540283203125,2462.3798828125,2975833,0.0,0.0
2006-08-09 00:00:00+09:00,2535.2314453125,2830.27978515625,2509.7333984375,2677.291748046875,2898032,0.0,0.0
2006-08-10 00:00:00+09:00,2731.930419921875,3077.974853515625,2731.930419921875,3077.974853515625,2756734,0.0,0.0
2006-08-11 00:00:00+09:00,3238.248046875,3252.818359375,2721.002685546875,2731.930419921875,1644245,0.0,0.0
2006-08-14 00:00:00+09:00,2750.143310546875,2859.42041015625,2542.5166015625,2571.6572265625,740971,0.0,0.0
2006-08-16 00:00:00+09:00,2633.580810546875,2655.436279296875,2466.0224609375,2495.1630859375,619850,0.0,0.0
2006-08-17 00:00:00+09:00,2506.0908203125,2804.781982421875,2502.4482421875,2706.432373046875,1162114,0.0,0.0
2006-08-18 00:00:00+09:00,2684.576904296875,2757.428466796875,2578.9423828125,2615.367919921875,395605,0.0,0.0
2006-08-21 00:00:00+09:00,2622.653076171875,2666.364013671875,2440.5244140625,2517.0185546875,647447,0.0,0.0
2006-08-22 00:00:00+09:00,2549.8017578125,2892.20361328125,2480.5927734375,2892.20361328125,2192114,0.0,0.0
2006-08-23 00:00:00+09:00,2950.48486328125,3056.119384765625,2932.27197265625,2986.91064453125,1704162,0.0,0.0
2006-08-24 00:00:00+09:00,2968.69775390625,3427.662109375,2841.20751953125,3205.465087890625,2190128,0.0,0.0
2006-08-25 00:00:00+09:00,3238.248046875,3591.577880859375,3092.545166015625,3424.01953125,2078801,0.0,0.0
2006-08-28 00:00:00+09:00,3464.087646484375,3933.979736328125,3464.087646484375,3933.979736328125,3313832,0.0,0.0
2006-08-29 00:00:00+09:00,4061.4697265625,4462.15283203125,3424.01953125,3478.657958984375,6896120,0.0,0.0
2006-08-30 00:00:00+09:00,3522.368896484375,3806.48974609375,3427.662109375,3460.445068359375,2426224,0.0,0.0
2006-08-31 00:00:00+09:00,3515.083740234375,3569.722412109375,3336.59765625,3369.380859375,1277908,0.0,0.0
2006-09-01 00:00:00+09:00,3398.521484375,3733.63818359375,3398.521484375,3496.870849609375,1833325,0.0,0.0
2006-09-04 00:00:00+09:00,3540.581787109375,3642.57373046875,3478.657958984375,3642.57373046875,811100,0.0,0.0
2006-09-05 00:00:00+09:00,3751.85107421875,3842.91552734375,3628.003662109375,3733.63818359375,1604044,0.0,0.0
2006-09-06 00:00:00+09:00,3788.27685546875,3933.979736328125,3569.722412109375,3606.148193359375,1278991,0.0,0.0
2006-09-07 00:00:00+09:00,3500.513427734375,3555.152099609375,3464.087646484375,3478.657958984375,517066,0.0,0.0
2006-09-08 00:00:00+09:00,3424.01953125,3555.152099609375,3424.01953125,3434.947021484375,487480,0.0,0.0
2006-09-11 00:00:00+09:00,3438.589599609375,3533.296630859375,3394.87890625,3394.87890625,397575,0.0,0.0
2006-09-12 00:00:00+09:00,3398.521484375,3442.232177734375,3281.958984375,3303.814453125,421945,0.0,0.0
2006-09-13 00:00:00+09:00,3358.453125,3420.376953125,3296.529296875,3311.099609375,341102,0.0,0.0
2006-09-14 00:00:00+09:00,3347.525390625,3351.16796875,3241.890625,3278.31640625,368857,0.0,0.0
2006-09-15 00:00:00+09:00,3278.31640625,3770.06396484375,3278.31640625,3770.06396484375,1880835,0.0,0.0
2006-09-18 00:00:00+09:00,3824.70263671875,4316.4501953125,3751.85107421875,4097.8955078125,3027509,0.0,0.0
2006-09-19 00:00:00+09:00,4043.257080078125,4116.1083984375,3897.553955078125,3970.405517578125,1182961,0.0,0.0
2006-09-20 00:00:00+09:00,3933.979736328125,3952.192626953125,3660.78662109375,3824.70263671875,1004320,0.0,0.0
2006-09-21 00:00:00+09:00,3915.766845703125,4298.2373046875,3879.341064453125,4097.8955078125,2963232,0.0,0.0
2006-09-22 00:00:00+09:00,4006.831298828125,4006.831298828125,3715.42529296875,3806.48974609375,1095236,0.0,0.0
2006-09-25 00:00:00+09:00,3770.06396484375,4006.831298828125,3642.57373046875,3770.06396484375,1174253,0.0,0.0
2006-09-26 00:00:00+09:00,3806.48974609375,3861.128173828125,3504.156005859375,3533.296630859375,798036,0.0,0.0
2006-09-27 00:00:00+09:00,3536.939208984375,3751.85107421875,3427.662109375,3442.232177734375,853953,0.0,0.0
2006-09-28 00:00:00+09:00,3533.296630859375,3533.296630859375,3398.521484375,3449.517333984375,441965,0.0,0.0
2006-09-29 00:00:00+09:00,3500.513427734375,3562.437255859375,3424.01953125,3562.437255859375,402818,0.0,0.0
2006-10-02 00:00:00+09:00,3569.722412109375,3573.364990234375,3427.662109375,3442.232177734375,276121,0.0,0.0
2006-10-04 00:00:00+09:00,3413.091796875,3434.947021484375,3281.958984375,3314.7421875,280571,0.0,0.0
2006-10-09 00:00:00+09:00,3314.7421875,3332.955078125,2819.35205078125,2910.41650390625,604794,0.0,0.0
2006-10-10 00:00:00+09:00,2914.05908203125,3260.103515625,2910.41650390625,3063.404541015625,590316,0.0,0.0
2006-10-11 00:00:00+09:00,2975.98291015625,3205.465087890625,2972.34033203125,3063.404541015625,291158,0.0,0.0
2006-10-12 00:00:00+09:00,3063.404541015625,3278.31640625,3063.404541015625,3205.465087890625,366502,0.0,0.0
2006-10-13 00:00:00+09:00,3227.3203125,3314.7421875,3176.324462890625,3230.962890625,187881,0.0,0.0
2006-10-16 00:00:00+09:00,3314.7421875,3402.1640625,3230.962890625,3241.890625,305740,0.0,0.0
2006-10-17 00:00:00+09:00,3278.31640625,3336.59765625,3081.617431640625,3205.465087890625,172499,0.0,0.0
2006-10-18 00:00:00+09:00,3169.039306640625,3201.822509765625,3096.187744140625,3118.043212890625,241002,0.0,0.0
2006-10-19 00:00:00+09:00,3136.256103515625,3340.240234375,3114.400634765625,3227.3203125,563502,0.0,0.0
2006-10-20 00:00:00+09:00,3241.890625,3314.7421875,3216.392822265625,3260.103515625,247697,0.0,0.0
2006-10-23 00:00:00+09:00,3322.02734375,3322.02734375,3216.392822265625,3230.962890625,191183,0.0,0.0
2006-10-24 00:00:00+09:00,3241.890625,3314.7421875,3212.750244140625,3314.7421875,413557,0.0,0.0
2006-10-25 00:00:00+09:00,3496.870849609375,3806.48974609375,3493.228271484375,3806.48974609375,3658630,0.0,0.0
2006-10-26 00:00:00+09:00,3824.70263671875,3915.766845703125,3471.372802734375,3555.152099609375,1457655,0.0,0.0
2006-10-27 00:00:00+09:00,3642.57373046875,3824.70263671875,3507.798583984375,3533.296630859375,2010326,0.0,0.0
2006-10-30 00:00:00+09:00,3453.159912109375,3529.654052734375,3329.3125,3387.59375,580406,0.0,0.0
2006-10-31 00:00:00+09:00,3449.517333984375,3562.437255859375,3405.806640625,3427.662109375,632098,0.0,0.0
2006-11-01 00:00:00+09:00,3464.087646484375,3587.935302734375,3376.666015625,3533.296630859375,709665,0.0,0.0
2006-11-02 00:00:00+09:00,3536.939208984375,3642.57373046875,3460.445068359375,3551.509521484375,577748,0.0,0.0
2006-11-03 00:00:00+09:00,3624.361083984375,4025.044189453125,3591.577880859375,3842.91552734375,3002481,0.0,0.0
2006-11-06 00:00:00+09:00,3842.91552734375,3988.618408203125,3715.42529296875,3952.192626953125,954756,0.0,0.0
2006-11-07 00:00:00+09:00,4061.4697265625,4170.7470703125,3751.85107421875,3770.06396484375,1321428,0.0,0.0
2006-11-08 00:00:00+09:00,3788.27685546875,3879.341064453125,3638.931396484375,3678.99951171875,661099,0.0,0.0
2006-11-09 00:00:00+09:00,3751.85107421875,3933.979736328125,3660.78662109375,3897.553955078125,917549,0.0,0.0
2006-11-10 00:00:00+09:00,3824.70263671875,4061.4697265625,3770.06396484375,3842.91552734375,1290718,0.0,0.0
2006-11-13 00:00:00+09:00,3842.91552734375,3970.405517578125,3733.63818359375,3970.405517578125,767676,0.0,0.0
2006-11-14 00:00:00+09:00,4043.257080078125,4116.1083984375,3861.128173828125,3879.341064453125,939247,0.0,0.0
2006-11-15 00:00:00+09:00,3915.766845703125,4079.6826171875,3879.341064453125,4079.6826171875,1015628,0.0,0.0
2006-11-16 00:00:00+09:00,4079.6826171875,4188.9599609375,3915.766845703125,3915.766845703125,1196754,0.0,0.0
2006-11-17 00:00:00+09:00,3915.766845703125,3933.979736328125,3770.06396484375,3788.27685546875,736027,0.0,0.0
2006-11-20 00:00:00+09:00,3788.27685546875,3879.341064453125,3751.85107421875,3788.27685546875,495812,0.0,0.0
2006-11-21 00:00:00+09:00,3824.70263671875,3842.91552734375,3638.931396484375,3770.06396484375,481227,0.0,0.0
2006-11-22 00:00:00+09:00,3770.06396484375,3788.27685546875,3642.57373046875,3751.85107421875,448105,0.0,0.0
2006-11-23 00:00:00+09:00,3715.42529296875,3715.42529296875,3602.505615234375,3642.57373046875,703795,0.0,0.0
2006-11-24 00:00:00+09:00,3620.718505859375,3678.99951171875,3595.220458984375,3638.931396484375,293632,0.0,0.0
2006-11-27 00:00:00+09:00,3613.433349609375,3642.57373046875,3515.083740234375,3518.726318359375,520238,0.0,0.0
2006-11-28 00:00:00+09:00,3424.01953125,3569.722412109375,3351.16796875,3478.657958984375,307055,0.0,0.0
2006-11-29 00:00:00+09:00,3500.513427734375,3558.794677734375,3424.01953125,3424.01953125,314504,0.0,0.0
2006-11-30 00:00:00+09:00,3442.232177734375,3733.63818359375,3442.232177734375,3678.99951171875,1256732,0.0,0.0
2006-12-04 00:00:00+09:00,3489.585693359375,3533.296630859375,3387.59375,3424.01953125,317015,0.0,0.0
2006-12-05 00:00:00+09:00,3431.3046875,3806.48974609375,3431.3046875,3584.292724609375,1895229,0.0,0.0
2006-12-06 00:00:00+09:00,3606.148193359375,3620.718505859375,3387.59375,3434.947021484375,632633,0.0,0.0
2006-12-07 00:00:00+09:00,3449.517333984375,3453.159912109375,3387.59375,3387.59375,355389,0.0,0.0
2006-12-08 00:00:00+09:00,3369.380859375,3387.59375,3230.962890625,3267.388671875,405433,0.0,0.0
2006-12-11 00:00:00+09:00,3230.962890625,3307.45703125,3230.962890625,3241.890625,213842,0.0,0.0
2006-12-12 00:00:00+09:00,3190.894775390625,3387.59375,3190.894775390625,3227.3203125,458681,0.0,0.0
2006-12-13 00:00:00+09:00,3223.677978515625,3278.31640625,3121.685791015625,3136.256103515625,304352,0.0,0.0
2006-12-14 00:00:00+09:00,3234.60546875,3238.248046875,3059.761962890625,3136.256103515625,323634,0.0,0.0
2006-12-15 00:00:00+09:00,3154.468994140625,3220.035400390625,3132.613525390625,3150.826416015625,281748,0.0,0.0
2006-12-18 00:00:00+09:00,3205.465087890625,3205.465087890625,3150.826416015625,3179.967041015625,169398,0.0,0.0
2006-12-19 00:00:00+09:00,3190.894775390625,3445.874755859375,3190.894775390625,3271.03125,616169,0.0,0.0
2006-12-20 00:00:00+09:00,3343.8828125,3362.095703125,3241.890625,3278.31640625,267227,0.0,0.0
2006-12-21 00:00:00+09:00,3332.955078125,3332.955078125,3179.967041015625,3205.465087890625,221156,0.0,0.0
2006-12-22 00:00:00+09:00,3220.035400390625,3220.035400390625,3096.187744140625,3096.187744140625,197007,0.0,0.0
2006-12-26 00:00:00+09:00,3067.047119140625,3096.187744140625,2935.91455078125,2935.91455078125,252639,0.0,0.0
2006-12-27 00:00:00+09:00,2945.203125,3035.24755859375,2937.699462890625,2937.699462890625,134996,0.0,0.0
2006-12-28 00:00:00+09:00,2963.96240234375,3196.5771484375,2963.96240234375,3038.999267578125,472074,0.0,0.0
2007-01-02 00:00:00+09:00,3076.517822265625,3091.525390625,2948.954833984375,2967.714111328125,210315,0.0,0.0
2007-01-03 00:00:00+09:00,2948.954833984375,2993.97705078125,2911.4365234375,2930.19580078125,208186,0.0,0.0
2007-01-04 00:00:00+09:00,2926.44384765625,2960.21044921875,2862.662353515625,2877.669677734375,223581,0.0,0.0
2007-01-05 00:00:00+09:00,2873.91796875,2918.940185546875,2783.87353515625,2813.88818359375,172119,0.0,0.0
2007-01-08 00:00:00+09:00,2813.88818359375,2813.88818359375,2682.573486328125,2690.0771484375,311125,0.0,0.0
2007-01-09 00:00:00+09:00,2690.0771484375,2757.610595703125,2686.325439453125,2697.580810546875,169589,0.0,0.0
2007-01-10 00:00:00+09:00,2686.325439453125,2690.0771484375,2581.2734375,2626.295654296875,220639,0.0,0.0
2007-01-11 00:00:00+09:00,2596.281005859375,2671.31787109375,2596.281005859375,2645.054931640625,227296,0.0,0.0
2007-01-12 00:00:00+09:00,2682.573486328125,2708.83642578125,2648.806884765625,2708.83642578125,182590,0.0,0.0
2007-01-15 00:00:00+09:00,2735.099365234375,2828.895751953125,2701.332763671875,2708.83642578125,164472,0.0,0.0
2007-01-16 00:00:00+09:00,2716.340087890625,2813.88818359375,2701.332763671875,2727.595703125,422699,0.0,0.0
2007-01-17 00:00:00+09:00,2731.34765625,2772.617919921875,2667.566162109375,2667.566162109375,130152,0.0,0.0
2007-01-18 00:00:00+09:00,2708.83642578125,2708.83642578125,2551.2587890625,2551.2587890625,164181,0.0,0.0
2007-01-19 00:00:00+09:00,2487.477294921875,2543.755126953125,2348.65869140625,2352.41064453125,241149,0.0,0.0
2007-01-22 00:00:00+09:00,2401.1845703125,2401.1845703125,2299.884765625,2363.666259765625,122932,0.0,0.0
2007-01-23 00:00:00+09:00,2363.666259765625,2419.94384765625,2326.147705078125,2401.1845703125,166809,0.0,0.0
2007-01-24 00:00:00+09:00,2393.680908203125,2446.206787109375,2374.921630859375,2397.432861328125,116722,0.0,0.0
2007-01-25 00:00:00+09:00,2412.440185546875,2506.236572265625,2404.9365234375,2449.958740234375,154900,0.0,0.0
2007-01-26 00:00:00+09:00,2446.206787109375,2446.206787109375,2371.169921875,2378.673583984375,78231,0.0,0.0
2007-01-29 00:00:00+09:00,2356.162353515625,2464.966064453125,2356.162353515625,2386.17724609375,75985,0.0,0.0
2007-01-30 00:00:00+09:00,2393.680908203125,2416.192138671875,2367.41796875,2382.425537109375,53334,0.0,0.0
2007-01-31 00:00:00+09:00,2382.425537109375,2401.1845703125,2341.155029296875,2341.155029296875,63380,0.0,0.0
2007-02-01 00:00:00+09:00,2341.155029296875,2404.9365234375,2341.155029296875,2348.65869140625,53353,0.0,0.0
2007-02-02 00:00:00+09:00,2326.147705078125,2427.44775390625,2326.147705078125,2404.9365234375,128495,0.0,0.0
2007-02-05 00:00:00+09:00,2416.192138671875,2607.536376953125,2416.192138671875,2570.01806640625,357501,0.0,0.0
2007-02-06 00:00:00+09:00,2622.5439453125,2626.295654296875,2513.740234375,2551.2587890625,125414,0.0,0.0
2007-02-07 00:00:00+09:00,2555.010498046875,2588.77734375,2494.98095703125,2506.236572265625,117484,0.0,0.0
2007-02-08 00:00:00+09:00,2547.5068359375,2577.521728515625,2517.4921875,2573.769775390625,117135,0.0,0.0
2007-02-09 00:00:00+09:00,2566.26611328125,2607.536376953125,2558.762451171875,2596.281005859375,132453,0.0,0.0
2007-02-12 00:00:00+09:00,2585.025390625,2585.025390625,2491.22900390625,2509.98828125,115797,0.0,0.0
2007-02-13 00:00:00+09:00,2509.98828125,2581.2734375,2296.1328125,2341.155029296875,230279,0.0,0.0
2007-02-14 00:00:00+09:00,2344.906982421875,2449.958740234375,2344.906982421875,2382.425537109375,157156,0.0,0.0
2007-02-15 00:00:00+09:00,2401.1845703125,2408.6884765625,2326.147705078125,2348.65869140625,147759,0.0,0.0
2007-02-16 00:00:00+09:00,2588.77734375,2431.199462890625,2329.8994140625,2408.6884765625,764741,0.0,0.0
2007-02-20 00:00:00+09:00,2588.77734375,2768.865966796875,2547.5068359375,2768.865966796875,764741,0.0,0.0
2007-02-21 00:00:00+09:00,3038.999267578125,3038.999267578125,2682.573486328125,2686.325439453125,1373485,0.0,0.0
2007-02-22 00:00:00+09:00,2682.573486328125,2712.58837890625,2611.288330078125,2712.58837890625,377486,0.0,0.0
2007-02-23 00:00:00+09:00,2723.843994140625,2746.35498046875,2573.769775390625,2603.78466796875,349025,0.0,0.0
2007-02-26 00:00:00+09:00,2581.2734375,2645.054931640625,2521.243896484375,2540.003173828125,190398,0.0,0.0
2007-02-27 00:00:00+09:00,2566.26611328125,2776.369873046875,2562.51416015625,2592.529052734375,666702,0.0,0.0
2007-02-28 00:00:00+09:00,2438.703125,2498.73291015625,2363.666259765625,2498.73291015625,249181,0.0,0.0
2007-03-05 00:00:00+09:00,2479.9736328125,2506.236572265625,2393.680908203125,2401.1845703125,204763,0.0,0.0
2007-03-06 00:00:00+09:00,2389.92919921875,2494.98095703125,2389.92919921875,2476.2216796875,142988,0.0,0.0
2007-03-07 00:00:00+09:00,2491.22900390625,2528.74755859375,2457.46240234375,2476.2216796875,193510,0.0,0.0
2007-03-08 00:00:00+09:00,2483.725341796875,2585.025390625,2457.46240234375,2577.521728515625,170132,0.0,0.0
2007-03-09 00:00:00+09:00,2588.77734375,2615.040283203125,2498.73291015625,2536.251220703125,199164,0.0,0.0
2007-03-12 00:00:00+09:00,2577.521728515625,2603.78466796875,2536.251220703125,2577.521728515625,202517,0.0,0.0
2007-03-13 00:00:00+09:00,2618.7919921875,2761.3623046875,2577.521728515625,2577.521728515625,480497,0.0,0.0
2007-03-14 00:00:00+09:00,2498.73291015625,2558.762451171875,2476.2216796875,2558.762451171875,246316,0.0,0.0
2007-03-15 00:00:00+09:00,2607.536376953125,2630.047607421875,2562.51416015625,2588.77734375,189515,0.0,0.0
2007-03-16 00:00:00+09:00,2701.332763671875,2975.218017578125,2645.054931640625,2645.054931640625,3413434,0.0,0.0
2007-03-19 00:00:00+09:00,2720.092041015625,2750.10693359375,2671.31787109375,2705.084716796875,305293,0.0,0.0
2007-03-20 00:00:00+09:00,2982.7216796875,2982.7216796875,2746.35498046875,2776.369873046875,498688,0.0,0.0
2007-03-21 00:00:00+09:00,2746.35498046875,2787.625244140625,2678.82177734375,2708.83642578125,226041,0.0,0.0
2007-03-22 00:00:00+09:00,2708.83642578125,2761.3623046875,2701.332763671875,2705.084716796875,235221,0.0,0.0
2007-03-23 00:00:00+09:00,2693.8291015625,2727.595703125,2570.01806640625,2607.536376953125,324429,0.0,0.0
2007-03-26 00:00:00+09:00,2596.281005859375,2641.30322265625,2596.281005859375,2641.30322265625,127657,0.0,0.0
2007-03-27 00:00:00+09:00,2626.295654296875,2663.814208984375,2618.7919921875,2645.054931640625,134400,0.0,0.0
2007-03-28 00:00:00+09:00,2720.092041015625,2720.092041015625,2630.047607421875,2633.799560546875,144452,0.0,0.0
2007-03-29 00:00:00+09:00,2641.30322265625,2663.814208984375,2626.295654296875,2660.0625,168759,0.0,0.0
2007-03-30 00:00:00+09:00,2671.31787109375,2682.573486328125,2630.047607421875,2660.0625,151324,0.0,0.0
2007-04-02 00:00:00+09:00,2648.806884765625,2738.851318359375,2648.806884765625,2723.843994140625,195771,0.0,0.0
2007-04-03 00:00:00+09:00,2735.099365234375,2738.851318359375,2645.054931640625,2675.06982421875,235210,0.0,0.0
2007-04-04 00:00:00+09:00,2716.340087890625,2735.099365234375,2667.566162109375,2682.573486328125,134268,0.0,0.0
2007-04-05 00:00:00+09:00,2705.084716796875,2791.377197265625,2682.573486328125,2708.83642578125,430079,0.0,0.0
2007-04-06 00:00:00+09:00,2731.34765625,2731.34765625,2667.566162109375,2697.580810546875,182854,0.0,0.0
2007-04-09 00:00:00+09:00,2705.084716796875,2712.58837890625,2652.55859375,2652.55859375,191637,0.0,0.0
2007-04-10 00:00:00+09:00,2671.31787109375,2675.06982421875,2607.536376953125,2667.566162109375,261606,0.0,0.0
2007-04-11 00:00:00+09:00,2667.566162109375,2667.566162109375,2618.7919921875,2626.295654296875,213264,0.0,0.0
2007-04-12 00:00:00+09:00,2581.2734375,2641.30322265625,2581.2734375,2607.536376953125,162904,0.0,0.0
2007-04-13 00:00:00+09:00,2611.288330078125,2671.31787109375,2611.288330078125,2622.5439453125,172302,0.0,0.0
2007-04-16 00:00:00+09:00,2652.55859375,2701.332763671875,2626.295654296875,2678.82177734375,226529,0.0,0.0
2007-04-17 00:00:00+09:00,2686.325439453125,2690.0771484375,2641.30322265625,2675.06982421875,180349,0.0,0.0
2007-04-18 00:00:00+09:00,2675.06982421875,2783.87353515625,2675.06982421875,2705.084716796875,320584,0.0,0.0
2007-04-19 00:00:00+09:00,2738.851318359375,2813.88818359375,2716.340087890625,2772.617919921875,373131,0.0,0.0
2007-04-20 00:00:00+09:00,2776.369873046875,2795.129150390625,2693.8291015625,2742.60302734375,280956,0.0,0.0
2007-04-23 00:00:00+09:00,2776.369873046875,2776.369873046875,2727.595703125,2742.60302734375,211112,0.0,0.0
2007-04-24 00:00:00+09:00,2738.851318359375,2783.87353515625,2686.325439453125,2776.369873046875,239591,0.0,0.0
2007-04-25 00:00:00+09:00,2813.88818359375,2907.6845703125,2761.3623046875,2885.173583984375,671353,0.0,0.0
2007-04-26 00:00:00+09:00,2907.6845703125,3226.591796875,2813.88818359375,2813.88818359375,1787402,0.0,0.0
2007-04-27 00:00:00+09:00,2843.903076171875,3038.999267578125,2832.6474609375,2888.92529296875,548885,0.0,0.0
2007-04-30 00:00:00+09:00,2922.69189453125,2945.203125,2791.377197265625,2795.129150390625,293734,0.0,0.0
2007-05-02 00:00:00+09:00,2798.880859375,2828.895751953125,2720.092041015625,2731.34765625,313446,0.0,0.0
2007-05-03 00:00:00+09:00,2735.099365234375,2810.136474609375,2731.34765625,2761.3623046875,204233,0.0,0.0
2007-05-04 00:00:00+09:00,2783.87353515625,2851.40673828125,2765.1142578125,2810.136474609375,164472,0.0,0.0
2007-05-07 00:00:00+09:00,2836.3994140625,2888.92529296875,2806.384521484375,2832.6474609375,178311,0.0,0.0
2007-05-08 00:00:00+09:00,2836.3994140625,2843.903076171875,2720.092041015625,2738.851318359375,293394,0.0,0.0
2007-05-09 00:00:00+09:00,2738.851318359375,2780.12158203125,2731.34765625,2746.35498046875,159397,0.0,0.0
2007-05-10 00:00:00+09:00,2776.369873046875,2783.87353515625,2690.0771484375,2701.332763671875,240986,0.0,0.0
2007-05-11 00:00:00+09:00,2678.82177734375,2720.092041015625,2645.054931640625,2652.55859375,182417,0.0,0.0
2007-05-14 00:00:00+09:00,2671.31787109375,2720.092041015625,2663.814208984375,2686.325439453125,128353,0.0,0.0
2007-05-15 00:00:00+09:00,2705.084716796875,2705.084716796875,2615.040283203125,2626.295654296875,174256,0.0,0.0
2007-05-16 00:00:00+09:00,2603.78466796875,2678.82177734375,2603.78466796875,2663.814208984375,116453,0.0,0.0
2007-05-17 00:00:00+09:00,2671.31787109375,2697.580810546875,2618.7919921875,2656.310546875,130563,0.0,0.0
2007-05-18 00:00:00+09:00,2656.310546875,2690.0771484375,2611.288330078125,2645.054931640625,185384,0.0,0.0
2007-05-21 00:00:00+09:00,2645.054931640625,2690.0771484375,2645.054931640625,2690.0771484375,124761,0.0,0.0
2007-05-22 00:00:00+09:00,2701.332763671875,2712.58837890625,2663.814208984375,2675.06982421875,99647,0.0,0.0
2007-05-23 00:00:00+09:00,2675.06982421875,2686.325439453125,2648.806884765625,2678.82177734375,150966,0.0,0.0
2007-05-25 00:00:00+09:00,2678.82177734375,2678.82177734375,2615.040283203125,2641.30322265625,107900,0.0,0.0
2007-05-28 00:00:00+09:00,2641.30322265625,2686.325439453125,2641.30322265625,2656.310546875,156723,0.0,0.0
2007-05-29 00:00:00+09:00,2663.814208984375,2701.332763671875,2648.806884765625,2701.332763671875,175181,0.0,0.0
2007-05-30 00:00:00+09:00,2720.092041015625,2937.699462890625,2716.340087890625,2870.166015625,922959,0.0,0.0
2007-05-31 00:00:00+09:00,2877.669677734375,2922.69189453125,2817.64013671875,2851.40673828125,304370,0.0,0.0
2007-06-01 00:00:00+09:00,2885.173583984375,2885.173583984375,2761.3623046875,2761.3623046875,305096,0.0,0.0
2007-06-04 00:00:00+09:00,2772.617919921875,2888.92529296875,2768.865966796875,2787.625244140625,225596,0.0,0.0
2007-06-05 00:00:00+09:00,2836.3994140625,2836.3994140625,2723.843994140625,2731.34765625,172665,0.0,0.0
2007-06-07 00:00:00+09:00,2720.092041015625,3020.239990234375,2690.0771484375,3020.239990234375,458348,0.0,0.0
2007-06-08 00:00:00+09:00,3038.999267578125,3038.999267578125,2896.428955078125,2990.225341796875,311154,0.0,0.0
2007-06-11 00:00:00+09:00,3035.24755859375,3207.832763671875,3001.48095703125,3057.758544921875,440967,0.0,0.0
2007-06-12 00:00:00+09:00,3095.277099609375,3132.795654296875,3012.736328125,3042.751220703125,151739,0.0,0.0
2007-06-13 00:00:00+09:00,3035.24755859375,3207.832763671875,3035.24755859375,3144.05126953125,392834,0.0,0.0
2007-06-14 00:00:00+09:00,3207.832763671875,3207.832763671875,3099.029052734375,3155.306640625,228097,0.0,0.0
2007-06-15 00:00:00+09:00,3159.05859375,3279.117919921875,3102.78076171875,3151.554931640625,564416,0.0,0.0
2007-06-18 00:00:00+09:00,3174.06591796875,3376.666015625,3174.06591796875,3312.884521484375,441367,0.0,0.0
2007-06-19 00:00:00+09:00,3372.9140625,3372.9140625,3222.840087890625,3256.606689453125,238781,0.0,0.0
2007-06-20 00:00:00+09:00,3241.599365234375,3297.877197265625,3076.517822265625,3076.517822265625,368771,0.0,0.0
2007-06-21 00:00:00+09:00,3020.239990234375,3132.795654296875,3020.239990234375,3117.788330078125,140757,0.0,0.0
2007-06-22 00:00:00+09:00,3132.795654296875,3226.591796875,3114.036376953125,3207.832763671875,256133,0.0,0.0
2007-06-25 00:00:00+09:00,3207.832763671875,3245.35107421875,3076.517822265625,3080.269775390625,141651,0.0,0.0
2007-06-26 00:00:00+09:00,3076.517822265625,3114.036376953125,2888.92529296875,2971.466064453125,206358,0.0,0.0
2007-06-27 00:00:00+09:00,2971.466064453125,2971.466064453125,2866.414306640625,2888.92529296875,101650,0.0,0.0
2007-06-28 00:00:00+09:00,2900.180908203125,2952.706787109375,2862.662353515625,2907.6845703125,86523,0.0,0.0
2007-06-29 00:00:00+09:00,2911.4365234375,3054.0068359375,2911.4365234375,2960.21044921875,139130,0.0,0.0
2007-07-02 00:00:00+09:00,2945.203125,3027.743896484375,2941.451171875,2960.21044921875,120087,0.0,0.0
2007-07-03 00:00:00+09:00,3005.232666015625,3027.743896484375,2926.44384765625,2945.203125,127682,0.0,0.0
2007-07-04 00:00:00+09:00,3023.991943359375,3023.991943359375,2911.4365234375,2937.699462890625,120432,0.0,0.0
2007-07-05 00:00:00+09:00,2911.4365234375,2986.473388671875,2911.4365234375,2960.21044921875,122049,0.0,0.0
2007-07-06 00:00:00+09:00,2960.21044921875,2986.473388671875,2888.92529296875,2963.96240234375,139580,0.0,0.0
2007-07-09 00:00:00+09:00,2993.97705078125,3166.562255859375,2975.218017578125,3102.78076171875,191802,0.0,0.0
2007-07-10 00:00:00+09:00,3151.554931640625,3162.810546875,3076.517822265625,3091.525390625,126639,0.0,0.0
2007-07-11 00:00:00+09:00,3087.7734375,3181.56982421875,3069.01416015625,3099.029052734375,227998,0.0,0.0
2007-07-12 00:00:00+09:00,3099.029052734375,3151.554931640625,3069.01416015625,3110.284423828125,220301,0.0,0.0
2007-07-13 00:00:00+09:00,3170.314208984375,3185.321533203125,3027.743896484375,3035.24755859375,221049,0.0,0.0
2007-07-16 00:00:00+09:00,3035.24755859375,3069.01416015625,2933.947509765625,2937.699462890625,352259,0.0,0.0
2007-07-18 00:00:00+09:00,2937.699462890625,3057.758544921875,2937.699462890625,3001.48095703125,234866,0.0,0.0
2007-07-19 00:00:00+09:00,2986.473388671875,3027.743896484375,2960.21044921875,2997.72900390625,114443,0.0,0.0
2007-07-20 00:00:00+09:00,2963.96240234375,3057.758544921875,2963.96240234375,3020.239990234375,112194,0.0,0.0
2007-07-23 00:00:00+09:00,3001.48095703125,3099.029052734375,2997.72900390625,3046.503173828125,190856,0.0,0.0
2007-07-24 00:00:00+09:00,3050.2548828125,3076.517822265625,2963.96240234375,2997.72900390625,120011,0.0,0.0
2007-07-25 00:00:00+09:00,2990.225341796875,2990.225341796875,2918.940185546875,2945.203125,182396,0.0,0.0
2007-07-26 00:00:00+09:00,2948.954833984375,3023.991943359375,2948.954833984375,3001.48095703125,146345,0.0,0.0
2007-07-27 00:00:00+09:00,2967.714111328125,2967.714111328125,2836.3994140625,2855.15869140625,178251,0.0,0.0
2007-07-30 00:00:00+09:00,2825.143798828125,2892.67724609375,2776.369873046875,2828.895751953125,121229,0.0,0.0
2007-07-31 00:00:00+09:00,2862.662353515625,2941.451171875,2862.662353515625,2926.44384765625,73671,0.0,0.0
2007-08-01 00:00:00+09:00,2892.67724609375,2948.954833984375,2851.40673828125,2870.166015625,78386,0.0,0.0
2007-08-02 00:00:00+09:00,2900.180908203125,2922.69189453125,2810.136474609375,2832.6474609375,93085,0.0,0.0
2007-08-03 00:00:00+09:00,2847.655029296875,2885.173583984375,2832.6474609375,2877.669677734375,84532,0.0,0.0
2007-08-06 00:00:00+09:00,2821.39208984375,2866.414306640625,2806.384521484375,2836.3994140625,44184,0.0,0.0
2007-08-07 00:00:00+09:00,2851.40673828125,2915.188232421875,2840.1513671875,2888.92529296875,95922,0.0,0.0
2007-08-08 00:00:00+09:00,2896.428955078125,3020.239990234375,2896.428955078125,3012.736328125,147386,0.0,0.0
2007-08-09 00:00:00+09:00,3050.2548828125,3057.758544921875,2971.466064453125,2997.72900390625,83461,0.0,0.0
2007-08-10 00:00:00+09:00,2960.21044921875,2963.96240234375,2851.40673828125,2873.91796875,86187,0.0,0.0
2007-08-13 00:00:00+09:00,2873.91796875,2918.940185546875,2851.40673828125,2855.15869140625,66471,0.0,0.0
2007-08-14 00:00:00+09:00,2873.91796875,2911.4365234375,2795.129150390625,2851.40673828125,74892,0.0,0.0
2007-08-16 00:00:00+09:00,2768.865966796875,2768.865966796875,2438.703125,2449.958740234375,187531,0.0,0.0
2007-08-17 00:00:00+09:00,2416.192138671875,2506.236572265625,2179.825439453125,2179.825439453125,92613,0.0,0.0
2007-08-20 00:00:00+09:00,2194.832763671875,2412.440185546875,2194.832763671875,2397.432861328125,178580,0.0,0.0
2007-08-21 00:00:00+09:00,2401.1845703125,2464.966064453125,2337.4033203125,2363.666259765625,118617,0.0,0.0
2007-08-22 00:00:00+09:00,2367.41796875,2588.77734375,2367.41796875,2570.01806640625,146358,0.0,0.0
2007-08-23 00:00:00+09:00,2588.77734375,2697.580810546875,2558.762451171875,2588.77734375,104939,0.0,0.0
2007-08-24 00:00:00+09:00,2607.536376953125,2660.0625,2555.010498046875,2626.295654296875,42707,0.0,0.0
2007-08-27 00:00:00+09:00,2648.806884765625,2727.595703125,2618.7919921875,2626.295654296875,90958,0.0,0.0
2007-08-28 00:00:00+09:00,2622.5439453125,2660.0625,2573.769775390625,2581.2734375,52069,0.0,0.0
2007-08-29 00:00:00+09:00,2540.003173828125,2630.047607421875,2494.98095703125,2562.51416015625,113793,0.0,0.0
2007-08-30 00:00:00+09:00,2626.295654296875,2633.799560546875,2540.003173828125,2551.2587890625,60898,0.0,0.0
2007-08-31 00:00:00+09:00,2532.49951171875,2588.77734375,2506.236572265625,2566.26611328125,71608,0.0,0.0
2007-09-03 00:00:00+09:00,2588.77734375,2588.77734375,2517.4921875,2517.4921875,70080,0.0,0.0
2007-09-04 00:00:00+09:00,2521.243896484375,2547.5068359375,2498.73291015625,2513.740234375,64880,0.0,0.0
2007-09-05 00:00:00+09:00,2513.740234375,2547.5068359375,2468.718017578125,2476.2216796875,95463,0.0,0.0
2007-09-06 00:00:00+09:00,2453.710693359375,2476.2216796875,2382.425537109375,2427.44775390625,83807,0.0,0.0
2007-09-07 00:00:00+09:00,2427.44775390625,2434.951416015625,2389.92919921875,2397.432861328125,69996,0.0,0.0
2007-09-10 00:00:00+09:00,2359.914306640625,2371.169921875,2311.14013671875,2329.8994140625,50615,0.0,0.0
2007-09-11 00:00:00+09:00,2356.162353515625,2367.41796875,2299.884765625,2363.666259765625,459804,0.0,0.0
2007-09-12 00:00:00+09:00,2356.162353515625,2716.340087890625,2348.65869140625,2716.340087890625,459804,0.0,0.0
2007-09-13 00:00:00+09:00,2776.369873046875,2776.369873046875,2588.77734375,2626.295654296875,304107,0.0,0.0
2007-09-14 00:00:00+09:00,2663.814208984375,2682.573486328125,2600.03271484375,2600.03271484375,118449,0.0,0.0
2007-09-17 00:00:00+09:00,2626.295654296875,2701.332763671875,2577.521728515625,2607.536376953125,97648,0.0,0.0
2007-09-18 00:00:00+09:00,2566.26611328125,2656.310546875,2517.4921875,2588.77734375,63111,0.0,0.0
2007-09-19 00:00:00+09:00,2596.281005859375,2633.799560546875,2558.762451171875,2558.762451171875,48678,0.0,0.0
2007-09-20 00:00:00+09:00,2558.762451171875,2585.025390625,2532.49951171875,2536.251220703125,60685,0.0,0.0
2007-09-21 00:00:00+09:00,2618.7919921875,2618.7919921875,2513.740234375,2566.26611328125,68230,0.0,0.0
2007-09-27 00:00:00+09:00,2607.536376953125,2607.536376953125,2524.995849609375,2547.5068359375,41593,0.0,0.0
2007-09-28 00:00:00+09:00,2517.4921875,2547.5068359375,2487.477294921875,2521.243896484375,98091,0.0,0.0
2007-10-01 00:00:00+09:00,2521.243896484375,2566.26611328125,2513.740234375,2513.740234375,64934,0.0,0.0
2007-10-02 00:00:00+09:00,2521.243896484375,2731.34765625,2457.46240234375,2626.295654296875,188393,0.0,0.0
2007-10-04 00:00:00+09:00,2663.814208984375,2663.814208984375,2551.2587890625,2551.2587890625,50176,0.0,0.0
2007-10-05 00:00:00+09:00,2551.2587890625,2626.295654296875,2521.243896484375,2528.74755859375,69836,0.0,0.0
2007-10-08 00:00:00+09:00,2555.010498046875,2566.26611328125,2442.455078125,2442.455078125,81451,0.0,0.0
2007-10-09 00:00:00+09:00,2419.94384765625,2476.2216796875,2386.17724609375,2431.199462890625,51295,0.0,0.0
2007-10-10 00:00:00+09:00,2416.192138671875,2487.477294921875,2382.425537109375,2397.432861328125,59705,0.0,0.0
2007-10-11 00:00:00+09:00,2404.9365234375,2626.295654296875,2367.41796875,2442.455078125,172089,0.0,0.0
2007-10-12 00:00:00+09:00,2494.98095703125,2746.35498046875,2412.440185546875,2476.2216796875,449571,0.0,0.0
2007-10-15 00:00:00+09:00,2588.77734375,2588.77734375,2438.703125,2453.710693359375,48643,0.0,0.0
2007-10-16 00:00:00+09:00,2506.236572265625,2506.236572265625,2288.629150390625,2288.629150390625,81406,0.0,0.0
2007-10-17 00:00:00+09:00,2296.1328125,2363.666259765625,2247.35888671875,2266.1181640625,83871,0.0,0.0
2007-10-18 00:00:00+09:00,2585.025390625,2348.65869140625,2273.621826171875,2288.629150390625,727149,0.0,0.0
2007-10-19 00:00:00+09:00,2585.025390625,2630.047607421875,2528.74755859375,2630.047607421875,727149,0.0,0.0
2007-10-22 00:00:00+09:00,2502.484619140625,2738.851318359375,2438.703125,2438.703125,871904,0.0,0.0
2007-10-23 00:00:00+09:00,2513.740234375,2517.4921875,2288.629150390625,2299.884765625,440925,0.0,0.0
2007-10-24 00:00:00+09:00,2356.162353515625,2356.162353515625,2221.095947265625,2221.095947265625,180397,0.0,0.0
2007-10-25 00:00:00+09:00,2213.592041015625,2288.629150390625,2191.0810546875,2217.343994140625,144589,0.0,0.0
2007-10-26 00:00:00+09:00,2183.577392578125,2251.110595703125,2183.577392578125,2209.84033203125,67653,0.0,0.0
2007-10-29 00:00:00+09:00,2213.592041015625,2277.37353515625,2209.84033203125,2251.110595703125,97001,0.0,0.0
2007-10-30 00:00:00+09:00,2254.862548828125,2296.1328125,2236.103271484375,2254.862548828125,79764,0.0,0.0
2007-10-31 00:00:00+09:00,2251.110595703125,2281.12548828125,2247.35888671875,2251.110595703125,70128,0.0,0.0
2007-11-01 00:00:00+09:00,2251.110595703125,2288.629150390625,2236.103271484375,2243.60693359375,92686,0.0,0.0
2007-11-02 00:00:00+09:00,2179.825439453125,2243.60693359375,2179.825439453125,2232.351318359375,80223,0.0,0.0
2007-11-05 00:00:00+09:00,2213.592041015625,2247.35888671875,2191.0810546875,2232.351318359375,42025,0.0,0.0
2007-11-06 00:00:00+09:00,2213.592041015625,2251.110595703125,2213.592041015625,2247.35888671875,33453,0.0,0.0
2007-11-07 00:00:00+09:00,2236.103271484375,2273.621826171875,2206.08837890625,2213.592041015625,73170,0.0,0.0
2007-11-08 00:00:00+09:00,2206.08837890625,2247.35888671875,2149.810546875,2172.32177734375,87573,0.0,0.0
2007-11-09 00:00:00+09:00,2149.810546875,2202.336669921875,2082.27734375,2112.292236328125,107030,0.0,0.0
2007-11-12 00:00:00+09:00,2116.0439453125,2116.0439453125,1950.9625244140625,1980.9774169921875,67248,0.0,0.0
2007-11-13 00:00:00+09:00,1988.4810791015625,2022.2476806640625,1943.4588623046875,1962.2181396484375,54718,0.0,0.0
2007-11-14 00:00:00+09:00,2037.255126953125,2037.255126953125,1962.2181396484375,1965.969970703125,53044,0.0,0.0
2007-11-15 00:00:00+09:00,1980.9774169921875,2007.2403564453125,1962.2181396484375,1995.9847412109375,51316,0.0,0.0
2007-11-16 00:00:00+09:00,2022.2476806640625,2029.75146484375,1954.71435546875,1988.4810791015625,42025,0.0,0.0
2007-11-19 00:00:00+09:00,2198.584716796875,2224.84765625,2082.27734375,2082.27734375,88811,0.0,0.0
2007-11-20 00:00:00+09:00,1995.9847412109375,2067.27001953125,1954.71435546875,1999.736572265625,95588,0.0,0.0
2007-11-21 00:00:00+09:00,1999.736572265625,2018.495849609375,1887.1810302734375,1887.1810302734375,77924,0.0,0.0
2007-11-22 00:00:00+09:00,1879.6773681640625,1939.70703125,1875.925537109375,1875.925537109375,36137,0.0,0.0
2007-11-23 00:00:00+09:00,1875.925537109375,1909.692138671875,1774.6256103515625,1800.8885498046875,49501,0.0,0.0
2007-11-26 00:00:00+09:00,1776.50146484375,1866.5458984375,1776.50146484375,1804.640380859375,58950,0.0,0.0
2007-11-27 00:00:00+09:00,1763.3699951171875,1804.640380859375,1695.836669921875,1710.8441162109375,118033,0.0,0.0
2007-11-28 00:00:00+09:00,1753.9903564453125,1753.9903564453125,1710.8441162109375,1722.099609375,37259,0.0,0.0
2007-11-29 00:00:00+09:00,1733.355224609375,1757.7421875,1733.355224609375,1748.362548828125,23471,0.0,0.0
2007-11-30 00:00:00+09:00,1737.1070556640625,1814.02001953125,1737.1070556640625,1763.3699951171875,38693,0.0,0.0
2007-12-03 00:00:00+09:00,1763.3699951171875,1784.005126953125,1750.238525390625,1752.114501953125,31049,0.0,0.0
2007-12-04 00:00:00+09:00,1752.114501953125,1812.14404296875,1752.114501953125,1765.2459716796875,52151,0.0,0.0
2007-12-05 00:00:00+09:00,1763.3699951171875,1838.406982421875,1763.3699951171875,1815.8958740234375,57513,0.0,0.0
2007-12-06 00:00:00+09:00,1862.7940673828125,1864.669921875,1825.2755126953125,1834.6551513671875,36244,0.0,0.0
2007-12-07 00:00:00+09:00,1838.406982421875,1838.406982421875,1797.13671875,1808.3922119140625,20487,0.0,0.0
2007-12-10 00:00:00+09:00,1808.3922119140625,1834.6551513671875,1793.384765625,1815.8958740234375,30183,0.0,0.0
2007-12-11 00:00:00+09:00,1834.6551513671875,1834.6551513671875,1789.6329345703125,1793.384765625,17944,0.0,0.0
2007-12-12 00:00:00+09:00,1718.3477783203125,1785.881103515625,1718.3477783203125,1744.6107177734375,29684,0.0,0.0
2007-12-13 00:00:00+09:00,1782.1292724609375,1872.1737060546875,1767.121826171875,1825.2755126953125,10635,0.0,0.0
2007-12-14 00:00:00+09:00,1838.406982421875,1838.406982421875,1767.121826171875,1785.881103515625,12566,0.0,0.0
2007-12-17 00:00:00+09:00,1804.640380859375,1875.925537109375,1744.6107177734375,1744.6107177734375,73945,0.0,0.0
2007-12-18 00:00:00+09:00,1744.6107177734375,1791.5089111328125,1737.1070556640625,1782.1292724609375,31433,0.0,0.0
2007-12-20 00:00:00+09:00,1782.1292724609375,1817.7718505859375,1742.73486328125,1780.2532958984375,33619,0.0,0.0
2007-12-21 00:00:00+09:00,1797.13671875,1797.13671875,1710.8441162109375,1774.6256103515625,60573,0.0,0.0
2007-12-24 00:00:00+09:00,1774.6256103515625,1782.1292724609375,1735.2310791015625,1761.4940185546875,40413,0.0,0.0
2007-12-26 00:00:00+09:00,1752.114501953125,1784.005126953125,1729.6033935546875,1761.4940185546875,47910,0.0,0.0
2007-12-27 00:00:00+09:00,1729.6033935546875,1763.3699951171875,1729.6033935546875,1759.6181640625,20020,0.0,0.0
2007-12-28 00:00:00+09:00,1776.50146484375,1776.50146484375,1733.355224609375,1733.355224609375,38443,0.0,0.0
2008-01-02 00:00:00+09:00,1722.099609375,1785.881103515625,1722.099609375,1744.6107177734375,51468,0.0,0.0
2008-01-03 00:00:00+09:00,1722.099609375,1765.2459716796875,1720.2237548828125,1729.6033935546875,54752,0.0,0.0
2008-01-04 00:00:00+09:00,1770.8736572265625,1770.8736572265625,1714.595947265625,1723.9755859375,28413,0.0,0.0
2008-01-07 00:00:00+09:00,1720.2237548828125,1720.2237548828125,1690.2088623046875,1690.2088623046875,35247,0.0,0.0
2008-01-08 00:00:00+09:00,1692.0848388671875,1705.21630859375,1680.8292236328125,1693.9608154296875,76561,0.0,0.0
2008-01-09 00:00:00+09:00,1669.57373046875,1703.34033203125,1652.6904296875,1703.34033203125,70976,0.0,0.0
2008-01-10 00:00:00+09:00,1718.3477783203125,1718.3477783203125,1692.0848388671875,1705.21630859375,28986,0.0,0.0
2008-01-11 00:00:00+09:00,1705.21630859375,1723.9755859375,1654.5662841796875,1654.5662841796875,50996,0.0,0.0
2008-01-14 00:00:00+09:00,1658.318115234375,1678.953369140625,1628.3033447265625,1652.6904296875,29343,0.0,0.0
2008-01-15 00:00:00+09:00,1652.6904296875,1707.09228515625,1643.310791015625,1699.5885009765625,104736,0.0,0.0
2008-01-16 00:00:00+09:00,1624.551513671875,1720.2237548828125,1624.551513671875,1669.57373046875,5321,0.0,0.0
2008-01-17 00:00:00+09:00,1628.3033447265625,1680.8292236328125,1594.5367431640625,1628.3033447265625,28107,0.0,0.0
2008-01-18 00:00:00+09:00,1607.668212890625,1647.0626220703125,1583.2811279296875,1602.0404052734375,24439,0.0,0.0
2008-01-21 00:00:00+09:00,1575.7774658203125,1613.2958984375,1545.7626953125,1588.908935546875,39129,0.0,0.0
2008-01-22 00:00:00+09:00,1495.1126708984375,1549.5145263671875,1393.8126220703125,1498.864501953125,53427,0.0,0.0
2008-01-23 00:00:00+09:00,1476.3533935546875,1500.740478515625,1463.221923828125,1500.740478515625,49219,0.0,0.0
2008-01-24 00:00:00+09:00,1489.48486328125,1532.631103515625,1489.48486328125,1519.4996337890625,69103,0.0,0.0
2008-01-25 00:00:00+09:00,1504.4923095703125,1538.2589111328125,1481.981201171875,1500.740478515625,30770,0.0,0.0
2008-01-28 00:00:00+09:00,1481.981201171875,1515.747802734375,1470.7255859375,1481.981201171875,50735,0.0,0.0
2008-01-29 00:00:00+09:00,1483.8570556640625,1504.4923095703125,1444.462646484375,1483.8570556640625,57079,0.0,0.0
2008-01-30 00:00:00+09:00,1480.105224609375,1495.1126708984375,1416.32373046875,1466.9737548828125,41545,0.0,0.0
2008-01-31 00:00:00+09:00,1433.2071533203125,1483.8570556640625,1373.177490234375,1483.8570556640625,23461,0.0,0.0
2008-02-01 00:00:00+09:00,1463.221923828125,1530.7552490234375,1463.221923828125,1511.9959716796875,48110,0.0,0.0
2008-02-04 00:00:00+09:00,1513.8719482421875,1645.1866455078125,1513.8719482421875,1620.7996826171875,118115,0.0,0.0
2008-02-05 00:00:00+09:00,1632.05517578125,1725.8514404296875,1583.2811279296875,1650.814453125,85892,0.0,0.0
2008-02-11 00:00:00+09:00,1639.5589599609375,1688.3330078125,1628.3033447265625,1650.814453125,49686,0.0,0.0
2008-02-12 00:00:00+09:00,1688.3330078125,1688.3330078125,1613.2958984375,1662.070068359375,57871,0.0,0.0
2008-02-13 00:00:00+09:00,1633.93115234375,1707.09228515625,1632.05517578125,1675.2015380859375,271826,0.0,0.0
2008-02-14 00:00:00+09:00,1688.3330078125,1699.5885009765625,1658.318115234375,1688.3330078125,292067,0.0,0.0
2008-02-15 00:00:00+09:00,1688.3330078125,1703.34033203125,1671.44970703125,1703.34033203125,207581,0.0,0.0
2008-02-18 00:00:00+09:00,1703.34033203125,1703.34033203125,1632.05517578125,1632.05517578125,62751,0.0,0.0
2008-02-19 00:00:00+09:00,1650.814453125,1723.9755859375,1650.814453125,1684.5811767578125,99911,0.0,0.0
2008-02-20 00:00:00+09:00,1669.57373046875,1761.4940185546875,1650.814453125,1701.4644775390625,69044,0.0,0.0
2008-02-21 00:00:00+09:00,1677.077392578125,1723.9755859375,1677.077392578125,1707.09228515625,42494,0.0,0.0
2008-02-22 00:00:00+09:00,1677.077392578125,1707.09228515625,1677.077392578125,1703.34033203125,8585,0.0,0.0
2008-02-25 00:00:00+09:00,1680.8292236328125,1703.34033203125,1654.5662841796875,1671.44970703125,37127,0.0,0.0
2008-02-26 00:00:00+09:00,1658.318115234375,1712.719970703125,1654.5662841796875,1656.4422607421875,21286,0.0,0.0
2008-02-27 00:00:00+09:00,1654.5662841796875,1699.5885009765625,1650.814453125,1684.5811767578125,25159,0.0,0.0
2008-02-28 00:00:00+09:00,1690.2088623046875,1690.2088623046875,1652.6904296875,1688.3330078125,33104,0.0,0.0
2008-02-29 00:00:00+09:00,1658.318115234375,1692.0848388671875,1658.318115234375,1688.3330078125,14330,0.0,0.0
2008-03-03 00:00:00+09:00,1650.814453125,1692.0848388671875,1650.814453125,1684.5811767578125,22971,0.0,0.0
2008-03-04 00:00:00+09:00,1707.09228515625,1883.42919921875,1707.09228515625,1819.6478271484375,162867,0.0,0.0
2008-03-05 00:00:00+09:00,1808.3922119140625,1836.5311279296875,1763.3699951171875,1819.6478271484375,31158,0.0,0.0
2008-03-06 00:00:00+09:00,1819.6478271484375,1849.66259765625,1772.7496337890625,1782.1292724609375,40183,0.0,0.0
2008-03-07 00:00:00+09:00,1784.005126953125,1793.384765625,1707.09228515625,1759.6181640625,33341,0.0,0.0
2008-03-10 00:00:00+09:00,1759.6181640625,1759.6181640625,1620.7996826171875,1643.310791015625,40514,0.0,0.0
2008-03-11 00:00:00+09:00,1590.784912109375,1740.85888671875,1590.784912109375,1669.57373046875,16436,0.0,0.0
2008-03-12 00:00:00+09:00,1725.8514404296875,1755.8663330078125,1613.2958984375,1686.45703125,26318,0.0,0.0
2008-03-13 00:00:00+09:00,1723.9755859375,1723.9755859375,1562.64599609375,1692.0848388671875,43212,0.0,0.0
2008-03-14 00:00:00+09:00,1746.4866943359375,1746.4866943359375,1654.5662841796875,1701.4644775390625,23306,0.0,0.0
2008-03-17 00:00:00+09:00,1708.9681396484375,1746.4866943359375,1618.9237060546875,1703.34033203125,46207,0.0,0.0
2008-03-18 00:00:00+09:00,1688.3330078125,1699.5885009765625,1624.551513671875,1641.434814453125,14802,0.0,0.0
2008-03-19 00:00:00+09:00,1678.953369140625,1678.953369140625,1643.310791015625,1662.070068359375,43248,0.0,0.0
2008-03-20 00:00:00+09:00,1650.814453125,1667.69775390625,1617.0478515625,1652.6904296875,74394,0.0,0.0
2008-03-21 00:00:00+09:00,1656.4422607421875,1658.318115234375,1632.05517578125,1632.05517578125,14681,0.0,0.0
2008-03-24 00:00:00+09:00,1611.4200439453125,1692.0848388671875,1611.4200439453125,1647.0626220703125,32619,0.0,0.0
2008-03-25 00:00:00+09:00,1688.3330078125,1699.5885009765625,1652.6904296875,1688.3330078125,25732,0.0,0.0
2008-03-26 00:00:00+09:00,1650.814453125,1722.099609375,1650.814453125,1688.3330078125,9308,0.0,0.0
2008-03-27 00:00:00+09:00,1652.6904296875,1693.9608154296875,1650.814453125,1677.077392578125,32339,0.0,0.0
2008-03-28 00:00:00+09:00,1652.6904296875,1725.8514404296875,1652.6904296875,1699.5885009765625,52940,0.0,0.0
2008-03-31 00:00:00+09:00,1692.0848388671875,1725.8514404296875,1669.57373046875,1718.3477783203125,30942,0.0,0.0
2008-04-01 00:00:00+09:00,1686.45703125,1763.3699951171875,1686.45703125,1725.8514404296875,68748,0.0,0.0
2008-04-02 00:00:00+09:00,1778.37744140625,1778.37744140625,1733.355224609375,1733.355224609375,37987,0.0,0.0
2008-04-03 00:00:00+09:00,1733.355224609375,1763.3699951171875,1714.595947265625,1725.8514404296875,10188,0.0,0.0
2008-04-04 00:00:00+09:00,1707.09228515625,1763.3699951171875,1707.09228515625,1759.6181640625,51263,0.0,0.0
2008-04-07 00:00:00+09:00,1763.3699951171875,1815.8958740234375,1748.362548828125,1800.8885498046875,42563,0.0,0.0
2008-04-08 00:00:00+09:00,1785.881103515625,1872.1737060546875,1785.881103515625,1860.9180908203125,114643,0.0,0.0
2008-04-10 00:00:00+09:00,1838.406982421875,2014.7440185546875,1838.406982421875,1950.9625244140625,252303,0.0,0.0
2008-04-11 00:00:00+09:00,2014.7440185546875,2014.7440185546875,1924.6995849609375,1969.7218017578125,58180,0.0,0.0
2008-04-14 00:00:00+09:00,1969.7218017578125,1969.7218017578125,1890.9329833984375,1905.9403076171875,38555,0.0,0.0
2008-04-15 00:00:00+09:00,1875.925537109375,1943.4588623046875,1875.925537109375,1913.444091796875,33234,0.0,0.0
2008-04-16 00:00:00+09:00,1920.94775390625,1977.2254638671875,1814.02001953125,1838.406982421875,26121,0.0,0.0
2008-04-17 00:00:00+09:00,1838.406982421875,1928.451416015625,1838.406982421875,1838.406982421875,21771,0.0,0.0
2008-04-18 00:00:00+09:00,1840.282958984375,1872.1737060546875,1840.282958984375,1864.669921875,9817,0.0,0.0
2008-04-21 00:00:00+09:00,1954.71435546875,1954.71435546875,1864.669921875,1890.9329833984375,23334,0.0,0.0
2008-04-22 00:00:00+09:00,1868.421875,1928.451416015625,1868.421875,1905.9403076171875,7384,0.0,0.0
2008-04-23 00:00:00+09:00,1905.9403076171875,1920.94775390625,1845.9107666015625,1872.1737060546875,17776,0.0,0.0
2008-04-24 00:00:00+09:00,1842.1588134765625,1883.42919921875,1815.8958740234375,1815.8958740234375,25337,0.0,0.0
2008-04-25 00:00:00+09:00,1872.1737060546875,1872.1737060546875,1782.1292724609375,1785.881103515625,22632,0.0,0.0
2008-04-28 00:00:00+09:00,1825.2755126953125,1825.2755126953125,1767.121826171875,1767.121826171875,10902,0.0,0.0
2008-04-29 00:00:00+09:00,1763.3699951171875,1800.8885498046875,1763.3699951171875,1789.6329345703125,11442,0.0,0.0
2008-04-30 00:00:00+09:00,1815.8958740234375,1887.1810302734375,1800.8885498046875,1804.640380859375,15211,0.0,0.0
2008-05-02 00:00:00+09:00,1870.2977294921875,1870.2977294921875,1800.8885498046875,1815.8958740234375,18581,0.0,0.0
2008-05-06 00:00:00+09:00,1815.8958740234375,1864.669921875,1815.8958740234375,1834.6551513671875,25659,0.0,0.0
2008-05-07 00:00:00+09:00,1800.8885498046875,1849.66259765625,1772.7496337890625,1774.6256103515625,46700,0.0,0.0
2008-05-08 00:00:00+09:00,1774.6256103515625,1776.50146484375,1714.595947265625,1720.2237548828125,56226,0.0,0.0
2008-05-09 00:00:00+09:00,1740.85888671875,1797.13671875,1708.9681396484375,1735.2310791015625,19114,0.0,0.0
2008-05-13 00:00:00+09:00,1738.98291015625,1742.73486328125,1650.814453125,1699.5885009765625,30871,0.0,0.0
2008-05-14 00:00:00+09:00,1731.479248046875,1731.479248046875,1643.310791015625,1643.310791015625,39482,0.0,0.0
2008-05-15 00:00:00+09:00,1632.05517578125,1654.5662841796875,1596.41259765625,1641.434814453125,55282,0.0,0.0
2008-05-16 00:00:00+09:00,1650.814453125,1650.814453125,1583.2811279296875,1596.41259765625,28821,0.0,0.0
2008-05-19 00:00:00+09:00,1602.0404052734375,1602.0404052734375,1506.3681640625,1536.383056640625,133428,0.0,0.0
2008-05-20 00:00:00+09:00,1523.2515869140625,1557.0181884765625,1523.2515869140625,1534.507080078125,18245,0.0,0.0
2008-05-21 00:00:00+09:00,1594.5367431640625,1594.5367431640625,1527.00341796875,1558.8941650390625,36183,0.0,0.0
2008-05-22 00:00:00+09:00,1511.9959716796875,1572.025634765625,1511.9959716796875,1542.0107421875,25390,0.0,0.0
2008-05-23 00:00:00+09:00,1517.623779296875,1575.7774658203125,1517.623779296875,1564.5218505859375,33853,0.0,0.0
2008-05-26 00:00:00+09:00,1564.5218505859375,1566.3978271484375,1538.2589111328125,1553.266357421875,17656,0.0,0.0
2008-05-27 00:00:00+09:00,1545.7626953125,1553.266357421875,1527.00341796875,1540.1348876953125,25116,0.0,0.0
2008-05-28 00:00:00+09:00,1560.77001953125,1575.7774658203125,1545.7626953125,1545.7626953125,18802,0.0,0.0
2008-05-29 00:00:00+09:00,1540.1348876953125,1635.8070068359375,1538.2589111328125,1575.7774658203125,43073,0.0,0.0
2008-05-30 00:00:00+09:00,1553.266357421875,1592.6607666015625,1538.2589111328125,1549.5145263671875,29727,0.0,0.0
2008-06-02 00:00:00+09:00,1579.529296875,1618.9237060546875,1549.5145263671875,1592.6607666015625,40820,0.0,0.0
2008-06-03 00:00:00+09:00,1587.032958984375,1618.9237060546875,1587.032958984375,1598.28857421875,56884,0.0,0.0
2008-06-04 00:00:00+09:00,1611.4200439453125,1611.4200439453125,1549.5145263671875,1557.0181884765625,29752,0.0,0.0
2008-06-05 00:00:00+09:00,1551.390380859375,1592.6607666015625,1551.390380859375,1557.0181884765625,14479,0.0,0.0
2008-06-09 00:00:00+09:00,1515.747802734375,1553.266357421875,1489.48486328125,1511.9959716796875,35378,0.0,0.0
2008-06-10 00:00:00+09:00,1511.9959716796875,1532.631103515625,1502.6163330078125,1502.6163330078125,20844,0.0,0.0
2008-06-11 00:00:00+09:00,1495.1126708984375,1538.2589111328125,1481.981201171875,1525.12744140625,15150,0.0,0.0
2008-06-12 00:00:00+09:00,1536.383056640625,1536.383056640625,1476.3533935546875,1500.740478515625,30572,0.0,0.0
2008-06-13 00:00:00+09:00,1483.8570556640625,1519.4996337890625,1483.8570556640625,1519.4996337890625,13767,0.0,0.0
2008-06-16 00:00:00+09:00,1496.988525390625,1562.64599609375,1495.1126708984375,1538.2589111328125,6450,0.0,0.0
2008-06-17 00:00:00+09:00,1538.2589111328125,1557.0181884765625,1525.12744140625,1555.1422119140625,13064,0.0,0.0
2008-06-18 00:00:00+09:00,1572.025634765625,1579.529296875,1538.2589111328125,1570.149658203125,15582,0.0,0.0
2008-06-19 00:00:00+09:00,1538.2589111328125,1572.025634765625,1534.507080078125,1564.5218505859375,27148,0.0,0.0
2008-06-20 00:00:00+09:00,1575.7774658203125,1575.7774658203125,1534.507080078125,1557.0181884765625,8911,0.0,0.0
2008-06-23 00:00:00+09:00,1564.5218505859375,1564.5218505859375,1527.00341796875,1530.7552490234375,16497,0.0,0.0
2008-06-24 00:00:00+09:00,1543.88671875,1543.88671875,1500.740478515625,1519.4996337890625,16216,0.0,0.0
2008-06-25 00:00:00+09:00,1536.383056640625,1536.383056640625,1496.988525390625,1515.747802734375,19466,0.0,0.0
2008-06-26 00:00:00+09:00,1504.4923095703125,1519.4996337890625,1481.981201171875,1495.1126708984375,4508,0.0,0.0
2008-06-27 00:00:00+09:00,1489.48486328125,1519.4996337890625,1474.4774169921875,1480.105224609375,18490,0.0,0.0
2008-06-30 00:00:00+09:00,1446.338623046875,1557.0181884765625,1446.338623046875,1474.4774169921875,8826,0.0,0.0
2008-07-01 00:00:00+09:00,1466.9737548828125,1500.740478515625,1450.0904541015625,1476.3533935546875,30133,0.0,0.0
2008-07-02 00:00:00+09:00,1444.462646484375,1480.105224609375,1376.9293212890625,1420.07568359375,18759,0.0,0.0
2008-07-03 00:00:00+09:00,1358.1700439453125,1418.19970703125,1290.63671875,1376.9293212890625,14367,0.0,0.0
2008-07-04 00:00:00+09:00,1337.534912109375,1376.9293212890625,1337.534912109375,1360.0460205078125,31932,0.0,0.0
2008-07-07 00:00:00+09:00,1371.301513671875,1373.177490234375,1283.133056640625,1283.133056640625,15030,0.0,0.0
2008-07-08 00:00:00+09:00,1249.366455078125,1358.1700439453125,1241.8626708984375,1283.133056640625,71824,0.0,0.0
2008-07-09 00:00:00+09:00,1262.4979248046875,1311.27197265625,1260.6219482421875,1270.0015869140625,23101,0.0,0.0
2008-07-10 00:00:00+09:00,1206.2200927734375,1270.0015869140625,1191.2127685546875,1194.964599609375,52305,0.0,0.0
2008-07-11 00:00:00+09:00,1234.3590087890625,1238.11083984375,1185.5849609375,1238.11083984375,29412,0.0,0.0
2008-07-14 00:00:00+09:00,1230.607177734375,1275.62939453125,1224.9793701171875,1268.1256103515625,27352,0.0,0.0
2008-07-15 00:00:00+09:00,1266.249755859375,1301.892333984375,1223.1033935546875,1245.614501953125,33176,0.0,0.0
2008-07-16 00:00:00+09:00,1254.994140625,1254.994140625,1219.3515625,1247.490478515625,11968,0.0,0.0
2008-07-17 00:00:00+09:00,1223.1033935546875,1270.0015869140625,1223.1033935546875,1230.607177734375,18228,0.0,0.0
2008-07-18 00:00:00+09:00,1232.4830322265625,1335.658935546875,1232.4830322265625,1271.8775634765625,7610,0.0,0.0
2008-07-21 00:00:00+09:00,1271.8775634765625,1313.1478271484375,1264.373779296875,1290.63671875,25463,0.0,0.0
2008-07-22 00:00:00+09:00,1328.1552734375,1328.1552734375,1266.249755859375,1301.892333984375,21121,0.0,0.0
2008-07-23 00:00:00+09:00,1279.3812255859375,1301.892333984375,1279.3812255859375,1298.1405029296875,8333,0.0,0.0
2008-07-24 00:00:00+09:00,1301.892333984375,1305.6441650390625,1260.6219482421875,1300.016357421875,28506,0.0,0.0
2008-07-25 00:00:00+09:00,1279.3812255859375,1343.1627197265625,1241.8626708984375,1275.62939453125,19263,0.0,0.0
2008-07-28 00:00:00+09:00,1313.1478271484375,1313.1478271484375,1228.731201171875,1288.7608642578125,2575,0.0,0.0
2008-07-29 00:00:00+09:00,1275.62939453125,1275.62939453125,1204.34423828125,1247.490478515625,9711,0.0,0.0
2008-07-30 00:00:00+09:00,1324.4034423828125,1324.4034423828125,1238.11083984375,1275.62939453125,12455,0.0,0.0
2008-07-31 00:00:00+09:00,1243.7386474609375,1307.5201416015625,1241.8626708984375,1273.75341796875,15742,0.0,0.0
2008-08-01 00:00:00+09:00,1273.75341796875,1273.75341796875,1221.2275390625,1238.11083984375,7983,0.0,0.0
2008-08-04 00:00:00+09:00,1256.8701171875,1320.651611328125,1206.2200927734375,1215.5997314453125,582,0.0,0.0
2008-08-05 00:00:00+09:00,1193.088623046875,1275.62939453125,1193.088623046875,1194.964599609375,9726,0.0,0.0
2008-08-06 00:00:00+09:00,1200.59228515625,1262.4979248046875,1200.59228515625,1236.2349853515625,16746,0.0,0.0
2008-08-07 00:00:00+09:00,1236.2349853515625,1268.1256103515625,1209.971923828125,1243.7386474609375,16147,0.0,0.0
2008-08-08 00:00:00+09:00,1268.1256103515625,1268.1256103515625,1200.59228515625,1253.1182861328125,8922,0.0,0.0
2008-08-11 00:00:00+09:00,1273.75341796875,1275.62939453125,1185.5849609375,1234.3590087890625,23748,0.0,0.0
2008-08-12 00:00:00+09:00,1238.11083984375,1238.11083984375,1193.088623046875,1221.2275390625,20886,0.0,0.0
2008-08-13 00:00:00+09:00,1226.8553466796875,1226.8553466796875,1215.5997314453125,1226.8553466796875,6014,0.0,0.0
2008-08-14 00:00:00+09:00,1185.5849609375,1273.75341796875,1185.5849609375,1234.3590087890625,26502,0.0,0.0
2008-08-18 00:00:00+09:00,1206.2200927734375,1211.847900390625,1194.964599609375,1194.964599609375,9455,0.0,0.0
2008-08-19 00:00:00+09:00,1174.329345703125,1187.4608154296875,1144.3145751953125,1151.8182373046875,10777,0.0,0.0
2008-08-20 00:00:00+09:00,1151.8182373046875,1178.0811767578125,1095.54052734375,1149.9423828125,21840,0.0,0.0
2008-08-21 00:00:00+09:00,1149.9423828125,1149.9423828125,1106.7960205078125,1125.5552978515625,21355,0.0,0.0
2008-08-22 00:00:00+09:00,1099.2923583984375,1127.4312744140625,1063.6497802734375,1082.4090576171875,23336,0.0,0.0
2008-08-25 00:00:00+09:00,1065.5257568359375,1121.803466796875,1065.5257568359375,1097.4163818359375,5798,0.0,0.0
2008-08-26 00:00:00+09:00,1088.036865234375,1114.2998046875,1065.5257568359375,1095.54052734375,10876,0.0,0.0
2008-08-27 00:00:00+09:00,1088.036865234375,1125.5552978515625,1020.5034790039062,1106.7960205078125,21803,0.0,0.0
2008-08-28 00:00:00+09:00,1140.562744140625,1140.562744140625,1069.277587890625,1104.920166015625,4121,0.0,0.0
2008-08-29 00:00:00+09:00,1104.920166015625,1172.4534912109375,1076.78125,1108.6719970703125,11483,0.0,0.0
2008-09-01 00:00:00+09:00,1108.6719970703125,1118.0516357421875,943.5905151367188,1026.1312255859375,42260,0.0,0.0
2008-09-02 00:00:00+09:00,1073.0294189453125,1073.0294189453125,911.6998291015625,943.5905151367188,9062,0.0,0.0
2008-09-03 00:00:00+09:00,881.6849975585938,1024.25537109375,881.6849975585938,936.0868530273438,23248,0.0,0.0
2008-09-04 00:00:00+09:00,936.0868530273438,981.1090698242188,922.9553833007812,960.473876953125,42401,0.0,0.0
2008-09-05 00:00:00+09:00,956.7220458984375,992.3646240234375,900.4442749023438,992.3646240234375,14794,0.0,0.0
2008-09-08 00:00:00+09:00,1091.7886962890625,1091.7886962890625,956.7220458984375,1028.0072021484375,38576,0.0,0.0
2008-09-09 00:00:00+09:00,1028.0072021484375,1028.0072021484375,956.7220458984375,1012.9998168945312,21030,0.0,0.0
2008-09-10 00:00:00+09:00,994.2405395507812,1037.3868408203125,994.2405395507812,1037.3868408203125,18722,0.0,0.0
2008-09-11 00:00:00+09:00,1071.1534423828125,1071.1534423828125,996.116455078125,1039.2626953125,9775,0.0,0.0
2008-09-12 00:00:00+09:00,1050.518310546875,1069.277587890625,1026.1312255859375,1046.7664794921875,1760,0.0,0.0
2008-09-16 00:00:00+09:00,1043.0146484375,1044.8905029296875,937.9627685546875,939.8386840820312,12813,0.0,0.0
2008-09-17 00:00:00+09:00,958.5979614257812,973.6053466796875,939.8386840820312,939.8386840820312,15406,0.0,0.0
2008-09-18 00:00:00+09:00,906.072021484375,967.9776000976562,821.6553955078125,889.188720703125,69225,0.0,0.0
2008-09-19 00:00:00+09:00,911.6998291015625,932.3349609375,892.9405517578125,907.9479370117188,34777,0.0,0.0
2008-09-22 00:00:00+09:00,883.5609130859375,907.9479370117188,870.429443359375,870.429443359375,25271,0.0,0.0
2008-09-23 00:00:00+09:00,870.429443359375,898.568359375,851.670166015625,896.6923828125,9703,0.0,0.0
2008-09-24 00:00:00+09:00,926.7072143554688,926.7072143554688,877.9331665039062,894.8164672851562,13160,0.0,0.0
2008-09-25 00:00:00+09:00,945.4664916992188,934.2109375,872.3053588867188,917.3275756835938,4331,0.0,0.0
2008-09-26 00:00:00+09:00,945.4664916992188,945.4664916992188,896.6923828125,917.3275756835938,4331,0.0,0.0
2008-09-29 00:00:00+09:00,900.4442749023438,949.2183227539062,862.9257202148438,904.1961059570312,36577,0.0,0.0
2008-09-30 00:00:00+09:00,868.5535278320312,868.5535278320312,787.8887329101562,861.0498046875,18226,0.0,0.0
2008-10-01 00:00:00+09:00,864.8016967773438,919.2034912109375,859.1738891601562,885.4368286132812,13962,0.0,0.0
2008-10-02 00:00:00+09:00,881.6849975585938,919.2034912109375,862.9257202148438,891.0646362304688,17928,0.0,0.0
2008-10-06 00:00:00+09:00,913.5757446289062,913.5757446289062,862.9257202148438,862.9257202148438,30577,0.0,0.0
2008-10-07 00:00:00+09:00,836.6627807617188,885.4368286132812,834.786865234375,876.0572509765625,10211,0.0,0.0
2008-10-08 00:00:00+09:00,823.5313110351562,896.6923828125,812.2757568359375,812.2757568359375,17211,0.0,0.0
2008-10-09 00:00:00+09:00,823.5313110351562,862.9257202148438,772.88134765625,847.9183349609375,17211,0.0,0.0
2008-10-10 00:00:00+09:00,755.9979858398438,787.8887329101562,739.1146850585938,774.7572631835938,19327,0.0,0.0
2008-10-13 00:00:00+09:00,787.8887329101562,825.4072265625,759.7498168945312,812.2757568359375,11272,0.0,0.0
2008-10-14 00:00:00+09:00,817.9035034179688,861.0498046875,812.2757568359375,855.4220581054688,16094,0.0,0.0
2008-10-15 00:00:00+09:00,853.546142578125,853.546142578125,797.2683715820312,851.670166015625,7158,0.0,0.0
2008-10-16 00:00:00+09:00,851.670166015625,851.670166015625,754.1220703125,806.64794921875,19413,0.0,0.0
2008-10-17 00:00:00+09:00,851.670166015625,851.670166015625,780.385009765625,814.1516723632812,30224,0.0,0.0
2008-10-20 00:00:00+09:00,763.501708984375,821.6553955078125,763.501708984375,814.1516723632812,7635,0.0,0.0
2008-10-21 00:00:00+09:00,795.3923950195312,814.1516723632812,787.8887329101562,810.3998413085938,14993,0.0,0.0
2008-10-22 00:00:00+09:00,787.8887329101562,825.4072265625,780.385009765625,801.0202026367188,24961,0.0,0.0
2008-10-23 00:00:00+09:00,707.2239379882812,787.8887329101562,684.7128295898438,750.3702392578125,39335,0.0,0.0
2008-10-24 00:00:00+09:00,754.1220703125,754.1220703125,675.3331909179688,675.3331909179688,69481,0.0,0.0
2008-10-27 00:00:00+09:00,613.4276733398438,761.6257934570312,579.6610107421875,635.9387817382812,44309,0.0,0.0
2008-10-28 00:00:00+09:00,542.1424560546875,654.697998046875,542.1424560546875,634.0628051757812,33003,0.0,0.0
2008-10-29 00:00:00+09:00,637.814697265625,709.099853515625,544.0184326171875,544.0184326171875,104211,0.0,0.0
2008-10-30 00:00:00+09:00,564.653564453125,624.6832275390625,545.8943481445312,611.5516967773438,91334,0.0,0.0
2008-10-31 00:00:00+09:00,611.5516967773438,669.7054443359375,611.5516967773438,643.4424438476562,24644,0.0,0.0
2008-11-03 00:00:00+09:00,626.5591430664062,677.2091064453125,622.8072509765625,669.7054443359375,32046,0.0,0.0
2008-11-04 00:00:00+09:00,754.1220703125,754.1220703125,692.2164916992188,720.3554077148438,66235,0.0,0.0
2008-11-05 00:00:00+09:00,739.1146850585938,784.1369018554688,720.3554077148438,735.36279296875,87101,0.0,0.0
2008-11-06 00:00:00+09:00,667.8294677734375,727.859130859375,660.3258056640625,684.7128295898438,57698,0.0,0.0
2008-11-07 00:00:00+09:00,682.8369140625,705.3480224609375,643.4424438476562,703.4720458984375,5446,0.0,0.0
2008-11-10 00:00:00+09:00,746.6183471679688,746.6183471679688,682.8369140625,720.3554077148438,19180,0.0,0.0
2008-11-11 00:00:00+09:00,746.6183471679688,746.6183471679688,680.9609375,705.3480224609375,3836,0.0,0.0
2008-11-12 00:00:00+09:00,705.3480224609375,712.8516845703125,675.3331909179688,705.3480224609375,8625,0.0,0.0
2008-11-13 00:00:00+09:00,701.5961303710938,701.5961303710938,637.814697265625,671.5813598632812,34874,0.0,0.0
2008-11-14 00:00:00+09:00,720.3554077148438,720.3554077148438,647.1943359375,692.2164916992188,11505,0.0,0.0
2008-11-17 00:00:00+09:00,701.5961303710938,701.5961303710938,641.5665283203125,690.340576171875,17454,0.0,0.0
2008-11-18 00:00:00+09:00,686.5887451171875,686.5887451171875,645.318359375,679.0850219726562,13048,0.0,0.0
2008-11-19 00:00:00+09:00,647.1943359375,731.6109619140625,647.1943359375,652.8220825195312,46575,0.0,0.0
2008-11-20 00:00:00+09:00,609.67578125,641.5665283203125,604.0480346679688,611.5516967773438,30229,0.0,0.0
2008-11-21 00:00:00+09:00,615.3035888671875,673.457275390625,521.50732421875,649.0702514648438,33328,0.0,0.0
2008-11-24 00:00:00+09:00,694.0924682617188,694.0924682617188,602.172119140625,602.172119140625,30447,0.0,0.0
2008-11-25 00:00:00+09:00,607.7998657226562,671.5813598632812,579.6610107421875,619.055419921875,4617,0.0,0.0
2008-11-26 00:00:00+09:00,602.172119140625,664.07763671875,602.172119140625,626.5591430664062,28582,0.0,0.0
2008-11-27 00:00:00+09:00,626.5591430664062,652.8220825195312,626.5591430664062,645.318359375,21720,0.0,0.0
2008-11-28 00:00:00+09:00,645.318359375,690.340576171875,637.814697265625,665.9535522460938,19647,0.0,0.0
2008-12-01 00:00:00+09:00,694.0924682617188,694.0924682617188,619.055419921875,669.7054443359375,79921,0.0,0.0
2008-12-02 00:00:00+09:00,634.0628051757812,664.07763671875,634.0628051757812,662.2017211914062,19023,0.0,0.0
2008-12-03 00:00:00+09:00,662.2017211914062,667.8294677734375,632.1868896484375,632.1868896484375,24143,0.0,0.0
2008-12-04 00:00:00+09:00,645.318359375,660.3258056640625,619.055419921875,660.3258056640625,27150,0.0,0.0
2008-12-05 00:00:00+09:00,664.07763671875,667.8294677734375,626.5591430664062,667.8294677734375,54907,0.0,0.0
2008-12-08 00:00:00+09:00,750.3702392578125,748.4942626953125,667.8294677734375,720.3554077148438,597562,0.0,0.0
2008-12-09 00:00:00+09:00,750.3702392578125,827.2831420898438,742.8665161132812,827.2831420898438,597562,0.0,0.0
2008-12-10 00:00:00+09:00,951.09423828125,951.09423828125,838.5386962890625,921.0794067382812,998016,0.0,0.0
2008-12-11 00:00:00+09:00,909.8238525390625,919.2034912109375,810.3998413085938,810.3998413085938,311085,0.0,0.0
2008-12-12 00:00:00+09:00,817.9035034179688,900.4442749023438,787.8887329101562,851.670166015625,164155,0.0,0.0
2008-12-15 00:00:00+09:00,879.80908203125,954.8460693359375,799.144287109375,844.16650390625,229509,0.0,0.0
2008-12-16 00:00:00+09:00,859.1738891601562,919.2034912109375,823.5313110351562,840.4146118164062,128406,0.0,0.0
2008-12-17 00:00:00+09:00,889.188720703125,896.6923828125,836.6627807617188,842.2905883789062,112334,0.0,0.0
2008-12-18 00:00:00+09:00,885.4368286132812,885.4368286132812,838.5386962890625,877.9331665039062,569720,0.0,0.0
2008-12-19 00:00:00+09:00,885.4368286132812,1009.2479248046875,851.670166015625,1009.2479248046875,569720,0.0,0.0
2008-12-22 00:00:00+09:00,1009.2479248046875,1056.1461181640625,960.473876953125,960.473876953125,262263,0.0,0.0
2008-12-23 00:00:00+09:00,951.09423828125,1001.7442626953125,943.5905151367188,975.4812622070312,80526,0.0,0.0
2008-12-24 00:00:00+09:00,975.4812622070312,1088.036865234375,956.7220458984375,977.357177734375,179936,0.0,0.0
2008-12-26 00:00:00+09:00,981.1090698242188,1035.5108642578125,979.233154296875,994.2405395507812,109418,0.0,0.0
2008-12-29 00:00:00+09:00,994.2405395507812,994.2405395507812,889.188720703125,889.188720703125,71016,0.0,0.0
2008-12-30 00:00:00+09:00,876.0572509765625,906.072021484375,825.4072265625,840.4146118164062,100135,0.0,0.0
2009-01-02 00:00:00+09:00,844.16650390625,889.188720703125,810.3998413085938,831.0350341796875,41090,0.0,0.0
2009-01-05 00:00:00+09:00,832.9109497070312,911.6998291015625,825.4072265625,868.5535278320312,108755,0.0,0.0
2009-01-06 00:00:00+09:00,868.5535278320312,900.4442749023438,853.546142578125,887.3128051757812,64891,0.0,0.0
2009-01-07 00:00:00+09:00,866.6776123046875,892.9405517578125,855.4220581054688,877.9331665039062,63426,0.0,0.0
2009-01-08 00:00:00+09:00,861.0498046875,876.0572509765625,838.5386962890625,855.4220581054688,76462,0.0,0.0
2009-01-09 00:00:00+09:00,861.0498046875,861.0498046875,816.027587890625,846.0424194335938,76462,0.0,0.0
2009-01-12 00:00:00+09:00,855.4220581054688,855.4220581054688,834.786865234375,847.9183349609375,21649,0.0,0.0
2009-01-13 00:00:00+09:00,847.9183349609375,879.80908203125,832.9109497070312,866.6776123046875,36361,0.0,0.0
2009-01-14 00:00:00+09:00,892.9405517578125,892.9405517578125,864.8016967773438,874.1812744140625,11721,0.0,0.0
2009-01-15 00:00:00+09:00,874.1812744140625,874.1812744140625,825.4072265625,849.7942504882812,47207,0.0,0.0
2009-01-16 00:00:00+09:00,849.7942504882812,872.3053588867188,836.6627807617188,861.0498046875,35741,0.0,0.0
2009-01-19 00:00:00+09:00,866.6776123046875,937.9627685546875,866.6776123046875,937.9627685546875,71955,0.0,0.0
2009-01-20 00:00:00+09:00,975.4812622070312,1022.37939453125,900.4442749023438,1018.6275634765625,92544,0.0,0.0
2009-01-21 00:00:00+09:00,1043.0146484375,1043.0146484375,937.9627685546875,969.853515625,33576,0.0,0.0
2009-01-22 00:00:00+09:00,986.73681640625,1050.518310546875,958.5979614257812,1050.518310546875,61821,0.0,0.0
2009-01-23 00:00:00+09:00,1050.518310546875,1074.9052734375,982.9849853515625,1059.89794921875,63023,0.0,0.0
2009-01-28 00:00:00+09:00,1059.89794921875,1080.5330810546875,1024.25537109375,1024.25537109375,20223,0.0,0.0
2009-01-29 00:00:00+09:00,1050.518310546875,1076.78125,1026.1312255859375,1044.8905029296875,26131,0.0,0.0
2009-01-30 00:00:00+09:00,1050.518310546875,1050.518310546875,990.4887084960938,1046.7664794921875,27091,0.0,0.0
2009-02-02 00:00:00+09:00,1050.518310546875,1157.446044921875,1050.518310546875,1121.803466796875,39243,0.0,0.0
2009-02-03 00:00:00+09:00,1149.9423828125,1149.9423828125,1061.7738037109375,1110.5479736328125,24010,0.0,0.0
2009-02-04 00:00:00+09:00,1121.803466796875,1142.4385986328125,1056.1461181640625,1080.5330810546875,41362,0.0,0.0
2009-02-05 00:00:00+09:00,1080.5330810546875,1106.7960205078125,1080.5330810546875,1086.160888671875,41735,0.0,0.0
2009-02-06 00:00:00+09:00,1086.160888671875,1125.5552978515625,1056.1461181640625,1121.803466796875,53859,0.0,0.0
2009-02-09 00:00:00+09:00,1125.5552978515625,1142.4385986328125,1084.284912109375,1125.5552978515625,73039,0.0,0.0
2009-02-10 00:00:00+09:00,1125.5552978515625,1140.562744140625,1088.036865234375,1114.2998046875,23552,0.0,0.0
2009-02-11 00:00:00+09:00,1114.2998046875,1140.562744140625,1088.036865234375,1140.562744140625,15992,0.0,0.0
2009-02-12 00:00:00+09:00,1148.06640625,1215.5997314453125,1144.3145751953125,1213.723876953125,57998,0.0,0.0
2009-02-13 00:00:00+09:00,1181.8331298828125,1271.8775634765625,1181.8331298828125,1238.11083984375,65104,0.0,0.0
2009-02-16 00:00:00+09:00,1298.1405029296875,1298.1405029296875,1054.2701416015625,1200.59228515625,36553,0.0,0.0
2009-02-17 00:00:00+09:00,1163.0738525390625,1238.11083984375,1136.8109130859375,1238.11083984375,108528,0.0,0.0
2009-02-18 00:00:00+09:00,1176.205322265625,1313.1478271484375,1176.205322265625,1283.133056640625,108651,0.0,0.0
2009-02-19 00:00:00+09:00,1245.614501953125,1341.2867431640625,1245.614501953125,1313.1478271484375,110090,0.0,0.0
2009-02-20 00:00:00+09:00,1294.388671875,1384.4329833984375,1226.8553466796875,1373.177490234375,135526,0.0,0.0
2009-02-23 00:00:00+09:00,1373.177490234375,1373.177490234375,1305.6441650390625,1305.6441650390625,157219,0.0,0.0
2009-02-24 00:00:00+09:00,1373.177490234375,1373.177490234375,1264.373779296875,1361.9219970703125,38592,0.0,0.0
2009-02-25 00:00:00+09:00,1388.1849365234375,1405.0682373046875,1316.8997802734375,1316.8997802734375,26606,0.0,0.0
2009-02-26 00:00:00+09:00,1367.5496826171875,1367.5496826171875,1243.7386474609375,1243.7386474609375,27707,0.0,0.0
2009-02-27 00:00:00+09:00,1260.6219482421875,1313.1478271484375,1226.8553466796875,1290.63671875,16596,0.0,0.0
2009-03-02 00:00:00+09:00,1328.1552734375,1328.1552734375,1256.8701171875,1301.892333984375,11201,0.0,0.0
2009-03-03 00:00:00+09:00,1313.1478271484375,1313.1478271484375,1256.8701171875,1309.39599609375,21212,0.0,0.0
2009-03-04 00:00:00+09:00,1339.410888671875,1339.410888671875,1275.62939453125,1313.1478271484375,42454,0.0,0.0
2009-03-05 00:00:00+09:00,1313.1478271484375,1350.6663818359375,1288.7608642578125,1318.775634765625,57919,0.0,0.0
2009-03-06 00:00:00+09:00,1313.1478271484375,1328.1552734375,1275.62939453125,1324.4034423828125,49544,0.0,0.0
2009-03-09 00:00:00+09:00,1382.55712890625,1388.1849365234375,1315.0238037109375,1346.91455078125,34399,0.0,0.0
2009-03-10 00:00:00+09:00,1315.0238037109375,1369.4256591796875,1315.0238037109375,1339.410888671875,24884,0.0,0.0
2009-03-11 00:00:00+09:00,1378.8052978515625,1380.68115234375,1316.8997802734375,1331.9071044921875,78287,0.0,0.0
2009-03-12 00:00:00+09:00,1356.294189453125,1358.1700439453125,1320.651611328125,1358.1700439453125,22312,0.0,0.0
2009-03-13 00:00:00+09:00,1358.1700439453125,1388.1849365234375,1352.5423583984375,1365.673828125,9673,0.0,0.0
2009-03-16 00:00:00+09:00,1365.673828125,1386.3089599609375,1341.2867431640625,1386.3089599609375,35716,0.0,0.0
2009-03-17 00:00:00+09:00,1386.3089599609375,1406.944091796875,1386.3089599609375,1403.1922607421875,11929,0.0,0.0
2009-03-18 00:00:00+09:00,1406.944091796875,1423.8275146484375,1388.1849365234375,1412.5718994140625,14583,0.0,0.0
2009-03-19 00:00:00+09:00,1442.5867919921875,1442.5867919921875,1403.1922607421875,1425.703369140625,13645,0.0,0.0
2009-03-20 00:00:00+09:00,1395.6885986328125,1491.36083984375,1380.68115234375,1480.105224609375,48478,0.0,0.0
2009-03-23 00:00:00+09:00,1480.105224609375,1519.4996337890625,1480.105224609375,1511.9959716796875,39708,0.0,0.0
2009-03-24 00:00:00+09:00,1538.2589111328125,1557.0181884765625,1519.4996337890625,1538.2589111328125,68740,0.0,0.0
2009-03-25 00:00:00+09:00,1536.383056640625,1575.7774658203125,1519.4996337890625,1575.7774658203125,28394,0.0,0.0
2009-03-26 00:00:00+09:00,1594.5367431640625,1647.0626220703125,1543.88671875,1632.05517578125,51572,0.0,0.0
2009-03-27 00:00:00+09:00,1673.3255615234375,1673.3255615234375,1579.529296875,1650.814453125,23682,0.0,0.0
2009-03-30 00:00:00+09:00,1587.032958984375,1677.077392578125,1587.032958984375,1643.310791015625,51770,0.0,0.0
2009-03-31 00:00:00+09:00,1678.953369140625,1678.953369140625,1564.5218505859375,1587.032958984375,58508,0.0,0.0
2009-04-01 00:00:00+09:00,1632.05517578125,1632.05517578125,1575.7774658203125,1620.7996826171875,64038,0.0,0.0
2009-04-02 00:00:00+09:00,1620.7996826171875,1647.0626220703125,1594.5367431640625,1628.3033447265625,57007,0.0,0.0
2009-04-03 00:00:00+09:00,1624.551513671875,1624.551513671875,1444.462646484375,1444.462646484375,130296,0.0,0.0
2009-04-06 00:00:00+09:00,1448.2144775390625,1632.05517578125,1448.2144775390625,1588.908935546875,95125,0.0,0.0
2009-04-07 00:00:00+09:00,1575.7774658203125,1669.57373046875,1543.88671875,1635.8070068359375,67068,0.0,0.0
2009-04-08 00:00:00+09:00,1594.5367431640625,1630.1793212890625,1560.77001953125,1613.2958984375,22334,0.0,0.0
2009-04-09 00:00:00+09:00,1650.814453125,1650.814453125,1575.7774658203125,1620.7996826171875,27760,0.0,0.0
2009-04-10 00:00:00+09:00,1624.551513671875,1667.69775390625,1594.5367431640625,1648.9385986328125,24745,0.0,0.0
2009-04-13 00:00:00+09:00,1673.3255615234375,1673.3255615234375,1613.2958984375,1635.8070068359375,31742,0.0,0.0
2009-04-14 00:00:00+09:00,1647.0626220703125,1647.0626220703125,1613.2958984375,1639.5589599609375,8341,0.0,0.0
2009-04-15 00:00:00+09:00,1639.5589599609375,1639.5589599609375,1594.5367431640625,1624.551513671875,13157,0.0,0.0
2009-04-16 00:00:00+09:00,1632.05517578125,1654.5662841796875,1605.792236328125,1650.814453125,48531,0.0,0.0
2009-04-17 00:00:00+09:00,1654.5662841796875,1697.712646484375,1650.814453125,1682.7052001953125,316074,0.0,0.0
2009-04-20 00:00:00+09:00,1695.836669921875,1932.2032470703125,1684.5811767578125,1932.2032470703125,316074,0.0,0.0
2009-04-21 00:00:00+09:00,1924.6995849609375,2221.095947265625,1890.9329833984375,2194.832763671875,358014,0.0,0.0
2009-04-22 00:00:00+09:00,2509.98828125,2509.98828125,2194.832763671875,2269.869873046875,168957,0.0,0.0
2009-04-23 00:00:00+09:00,2314.89208984375,2314.89208984375,2157.314453125,2221.095947265625,87331,0.0,0.0
2009-04-24 00:00:00+09:00,2251.110595703125,2251.110595703125,2172.32177734375,2198.584716796875,63550,0.0,0.0
2009-04-27 00:00:00+09:00,2269.869873046875,2273.621826171875,2082.27734375,2168.56982421875,164978,0.0,0.0
2009-04-28 00:00:00+09:00,2194.832763671875,2194.832763671875,2025.9996337890625,2044.7587890625,58005,0.0,0.0
2009-04-29 00:00:00+09:00,1980.9774169921875,2101.03662109375,1954.71435546875,2089.781005859375,39363,0.0,0.0
2009-04-30 00:00:00+09:00,2067.27001953125,2168.56982421875,2067.27001953125,2138.55517578125,32670,0.0,0.0
2009-05-04 00:00:00+09:00,2138.55517578125,2251.110595703125,2138.55517578125,2209.84033203125,151657,0.0,0.0
2009-05-06 00:00:00+09:00,2213.592041015625,2502.484619140625,2209.84033203125,2412.440185546875,158816,0.0,0.0
2009-05-07 00:00:00+09:00,2476.2216796875,2487.477294921875,2314.89208984375,2423.69580078125,70286,0.0,0.0
2009-05-08 00:00:00+09:00,2371.169921875,2446.206787109375,2371.169921875,2442.455078125,60779,0.0,0.0
2009-05-11 00:00:00+09:00,2438.703125,2566.26611328125,2438.703125,2566.26611328125,83391,0.0,0.0
2009-05-12 00:00:00+09:00,2618.7919921875,2618.7919921875,2513.740234375,2547.5068359375,66365,0.0,0.0
2009-05-13 00:00:00+09:00,2618.7919921875,2663.814208984375,2532.49951171875,2660.0625,189868,0.0,0.0
2009-05-14 00:00:00+09:00,2577.521728515625,2888.92529296875,2566.26611328125,2682.573486328125,345038,0.0,0.0
2009-05-15 00:00:00+09:00,2738.851318359375,2866.414306640625,2738.851318359375,2780.12158203125,258089,0.0,0.0
2009-05-18 00:00:00+09:00,2813.88818359375,2862.662353515625,2746.35498046875,2776.369873046875,157790,0.0,0.0
2009-05-19 00:00:00+09:00,2866.414306640625,2873.91796875,2667.566162109375,2667.566162109375,174882,0.0,0.0
2009-05-20 00:00:00+09:00,2761.3623046875,2870.166015625,2712.58837890625,2870.166015625,480417,0.0,0.0
2009-05-21 00:00:00+09:00,2918.940185546875,3297.877197265625,2896.428955078125,3297.877197265625,480417,0.0,0.0
2009-05-22 00:00:00+09:00,3376.666015625,3676.81396484375,3365.410400390625,3387.921630859375,1040005,0.0,0.0
2009-05-25 00:00:00+09:00,3391.67333984375,3410.4326171875,2888.92529296875,3226.591796875,580211,0.0,0.0
2009-05-26 00:00:00+09:00,3241.599365234375,3241.599365234375,2926.44384765625,2982.7216796875,394750,0.0,0.0
2009-05-27 00:00:00+09:00,3038.999267578125,3129.043701171875,2963.96240234375,3038.999267578125,392159,0.0,0.0
2009-05-28 00:00:00+09:00,3001.48095703125,3076.517822265625,2915.188232421875,3076.517822265625,176778,0.0,0.0
2009-05-29 00:00:00+09:00,3102.78076171875,3196.5771484375,3042.751220703125,3140.29931640625,179230,0.0,0.0
2009-06-01 00:00:00+09:00,3204.080810546875,3264.1103515625,3114.036376953125,3226.591796875,526261,0.0,0.0
2009-06-02 00:00:00+09:00,3376.666015625,3489.221435546875,3207.832763671875,3301.62890625,492145,0.0,0.0
2009-06-03 00:00:00+09:00,3320.38818359375,3327.891845703125,3189.073486328125,3264.1103515625,204971,0.0,0.0
2009-06-04 00:00:00+09:00,3264.1103515625,3301.62890625,3080.269775390625,3121.5400390625,175116,0.0,0.0
2009-06-05 00:00:00+09:00,3091.525390625,3174.06591796875,3020.239990234375,3151.554931640625,108446,0.0,0.0
2009-06-08 00:00:00+09:00,3215.33642578125,3331.643798828125,3170.314208984375,3245.35107421875,216774,0.0,0.0
2009-06-09 00:00:00+09:00,3264.1103515625,3264.1103515625,3121.5400390625,3136.547607421875,104117,0.0,0.0
2009-06-10 00:00:00+09:00,3200.328857421875,3200.328857421875,3005.232666015625,3095.277099609375,75856,0.0,0.0
2009-06-11 00:00:00+09:00,3144.05126953125,3200.328857421875,3038.999267578125,3196.5771484375,454231,0.0,0.0
2009-06-12 00:00:00+09:00,3264.1103515625,3264.1103515625,3151.554931640625,3196.5771484375,116793,0.0,0.0
2009-06-15 00:00:00+09:00,3226.591796875,3226.591796875,3050.2548828125,3065.26220703125,98947,0.0,0.0
2009-06-16 00:00:00+09:00,3038.999267578125,3057.758544921875,2900.180908203125,2918.940185546875,201778,0.0,0.0
2009-06-17 00:00:00+09:00,2911.4365234375,2922.69189453125,2735.099365234375,2783.87353515625,405609,0.0,0.0
2009-06-18 00:00:00+09:00,3005.232666015625,3084.021484375,2907.6845703125,2963.96240234375,481457,0.0,0.0
2009-06-19 00:00:00+09:00,2941.451171875,3057.758544921875,2941.451171875,2997.72900390625,193220,0.0,0.0
2009-06-22 00:00:00+09:00,3001.48095703125,3151.554931640625,2997.72900390625,3095.277099609375,511468,0.0,0.0
2009-06-23 00:00:00+09:00,3057.758544921875,3076.517822265625,2978.9697265625,3038.999267578125,261141,0.0,0.0
2009-06-24 00:00:00+09:00,3084.021484375,3084.021484375,2978.9697265625,2993.97705078125,140798,0.0,0.0
2009-06-25 00:00:00+09:00,3035.24755859375,3099.029052734375,3001.48095703125,3076.517822265625,221875,0.0,0.0
2009-06-26 00:00:00+09:00,3140.29931640625,3147.802978515625,3050.2548828125,3080.269775390625,168208,0.0,0.0
2009-06-29 00:00:00+09:00,3129.043701171875,3211.58447265625,3076.517822265625,3140.29931640625,238672,0.0,0.0
2009-06-30 00:00:00+09:00,3170.314208984375,3421.688232421875,3144.05126953125,3144.05126953125,872208,0.0,0.0
2009-07-01 00:00:00+09:00,3114.036376953125,3219.088134765625,3005.232666015625,3196.5771484375,183750,0.0,0.0
2009-07-02 00:00:00+09:00,3234.095703125,3327.891845703125,3192.8251953125,3264.1103515625,303797,0.0,0.0
2009-07-03 00:00:00+09:00,3226.591796875,3425.43994140625,3207.832763671875,3316.63623046875,208282,0.0,0.0
2009-07-06 00:00:00+09:00,3339.1474609375,3365.410400390625,3204.080810546875,3226.591796875,250719,0.0,0.0
2009-07-07 00:00:00+09:00,3301.62890625,3301.62890625,3204.080810546875,3264.1103515625,123713,0.0,0.0
2009-07-08 00:00:00+09:00,3252.85498046875,3312.884521484375,3162.810546875,3196.5771484375,253529,0.0,0.0
2009-07-09 00:00:00+09:00,3196.5771484375,3207.832763671875,3132.795654296875,3200.328857421875,102924,0.0,0.0
2009-07-10 00:00:00+09:00,3200.328857421875,3219.088134765625,3061.510498046875,3076.517822265625,182820,0.0,0.0
2009-07-13 00:00:00+09:00,2971.466064453125,3106.53271484375,2971.466064453125,3080.269775390625,187599,0.0,0.0
2009-07-14 00:00:00+09:00,3147.802978515625,3207.832763671875,3091.525390625,3114.036376953125,222875,0.0,0.0
2009-07-15 00:00:00+09:00,3125.2919921875,3132.795654296875,3031.49560546875,3106.53271484375,205222,0.0,0.0
2009-07-16 00:00:00+09:00,3099.029052734375,3132.795654296875,3023.991943359375,3038.999267578125,116892,0.0,0.0
2009-07-17 00:00:00+09:00,3023.991943359375,3084.021484375,3023.991943359375,3027.743896484375,55672,0.0,0.0
2009-07-20 00:00:00+09:00,3072.76611328125,3110.284423828125,3046.503173828125,3065.26220703125,93115,0.0,0.0
2009-07-21 00:00:00+09:00,3069.01416015625,3125.2919921875,3065.26220703125,3125.2919921875,126114,0.0,0.0
2009-07-22 00:00:00+09:00,3121.5400390625,3365.410400390625,3121.5400390625,3264.1103515625,505091,0.0,0.0
2009-07-23 00:00:00+09:00,3301.62890625,3350.403076171875,3219.088134765625,3275.365966796875,195797,0.0,0.0
2009-07-24 00:00:00+09:00,3301.62890625,3301.62890625,3219.088134765625,3230.34375,119371,0.0,0.0
2009-07-27 00:00:00+09:00,3339.1474609375,3462.95849609375,3226.591796875,3234.095703125,734125,0.0,0.0
2009-07-28 00:00:00+09:00,3260.358642578125,3286.62158203125,3196.5771484375,3204.080810546875,212624,0.0,0.0
2009-07-29 00:00:00+09:00,3204.080810546875,3256.606689453125,3196.5771484375,3200.328857421875,87717,0.0,0.0
2009-07-30 00:00:00+09:00,3192.8251953125,3346.651123046875,3166.562255859375,3346.651123046875,396816,0.0,0.0
2009-07-31 00:00:00+09:00,3451.702880859375,3489.221435546875,3376.666015625,3417.936279296875,497363,0.0,0.0
2009-08-03 00:00:00+09:00,3459.206787109375,3920.684326171875,3414.1845703125,3920.684326171875,1336469,0.0,0.0
2009-08-04 00:00:00+09:00,4145.79541015625,4483.4619140625,4051.999267578125,4145.79541015625,2662437,0.0,0.0
2009-08-05 00:00:00+09:00,4258.35107421875,4502.22119140625,4051.999267578125,4502.22119140625,1913430,0.0,0.0
2009-08-06 00:00:00+09:00,4502.22119140625,4689.81396484375,4314.62890625,4389.66552734375,1533735,0.0,0.0
2009-08-07 00:00:00+09:00,4314.62890625,4558.4990234375,4277.1103515625,4502.22119140625,705520,0.0,0.0
2009-08-10 00:00:00+09:00,4671.0546875,5177.5546875,4633.5361328125,4633.5361328125,4071868,0.0,0.0
2009-08-11 00:00:00+09:00,4614.77685546875,4989.9619140625,4295.86962890625,4333.38818359375,3705194,0.0,0.0
2009-08-12 00:00:00+09:00,4314.62890625,4389.66552734375,4070.75830078125,4202.0732421875,1362489,0.0,0.0
2009-08-13 00:00:00+09:00,4202.0732421875,4427.18408203125,4145.79541015625,4408.4248046875,1846040,0.0,0.0
2009-08-14 00:00:00+09:00,4445.943359375,4539.73974609375,4314.62890625,4520.98046875,965272,0.0,0.0
2009-08-17 00:00:00+09:00,4483.4619140625,4483.4619140625,4202.0732421875,4202.0732421875,672128,0.0,0.0
2009-08-18 00:00:00+09:00,4070.75830078125,4164.5546875,3751.85107421875,4108.27685546875,894678,0.0,0.0
2009-08-19 00:00:00+09:00,4164.5546875,4464.70263671875,4108.27685546875,4277.1103515625,862014,0.0,0.0
2009-08-20 00:00:00+09:00,4295.86962890625,4408.4248046875,4127.0361328125,4389.66552734375,512692,0.0,0.0
2009-08-21 00:00:00+09:00,4445.943359375,4445.943359375,4164.5546875,4183.31396484375,409039,0.0,0.0
2009-08-24 00:00:00+09:00,4202.0732421875,4220.83251953125,3901.925048828125,3995.721435546875,596416,0.0,0.0
2009-08-25 00:00:00+09:00,3958.202880859375,3995.721435546875,3826.88818359375,3883.165771484375,364397,0.0,0.0
2009-08-26 00:00:00+09:00,3976.962158203125,4127.0361328125,3864.406494140625,4089.517578125,311842,0.0,0.0
2009-08-27 00:00:00+09:00,4033.239990234375,4164.5546875,3883.165771484375,3901.925048828125,228541,0.0,0.0
2009-08-28 00:00:00+09:00,3901.925048828125,3939.443603515625,3808.12890625,3883.165771484375,309030,0.0,0.0
2009-08-31 00:00:00+09:00,3883.165771484375,3995.721435546875,3789.36962890625,3901.925048828125,205158,0.0,0.0
2009-09-01 00:00:00+09:00,3864.406494140625,3958.202880859375,3864.406494140625,3958.202880859375,170820,0.0,0.0
2009-09-02 00:00:00+09:00,3939.443603515625,3976.962158203125,3826.88818359375,3883.165771484375,190213,0.0,0.0
2009-09-03 00:00:00+09:00,3939.443603515625,3939.443603515625,3751.85107421875,3770.6103515625,244771,0.0,0.0
2009-09-04 00:00:00+09:00,3826.88818359375,3901.925048828125,3665.55859375,3808.12890625,348122,0.0,0.0
2009-09-07 00:00:00+09:00,3826.88818359375,3845.6474609375,3714.33251953125,3751.85107421875,138066,0.0,0.0
2009-09-08 00:00:00+09:00,3714.33251953125,3864.406494140625,3714.33251953125,3751.85107421875,185714,0.0,0.0
2009-09-09 00:00:00+09:00,3751.85107421875,3789.36962890625,3714.33251953125,3714.33251953125,119080,0.0,0.0
2009-09-10 00:00:00+09:00,3714.33251953125,3808.12890625,3639.295654296875,3751.85107421875,200768,0.0,0.0
2009-09-11 00:00:00+09:00,3826.88818359375,4239.591796875,3695.5732421875,4108.27685546875,639685,0.0,0.0
2009-09-14 00:00:00+09:00,4089.517578125,4220.83251953125,3995.721435546875,4033.239990234375,253158,0.0,0.0
2009-09-15 00:00:00+09:00,4051.999267578125,4164.5546875,3995.721435546875,4089.517578125,266816,0.0,0.0
2009-09-16 00:00:00+09:00,4089.517578125,4164.5546875,3995.721435546875,3995.721435546875,284301,0.0,0.0
2009-09-17 00:00:00+09:00,4014.480712890625,4070.75830078125,3714.33251953125,3826.88818359375,263398,0.0,0.0
2009-09-18 00:00:00+09:00,3864.406494140625,3920.684326171875,3748.09912109375,3751.85107421875,147048,0.0,0.0
2009-09-21 00:00:00+09:00,3770.6103515625,3864.406494140625,3751.85107421875,3789.36962890625,125544,0.0,0.0
2009-09-22 00:00:00+09:00,3789.36962890625,3976.962158203125,3751.85107421875,3864.406494140625,145489,0.0,0.0
2009-09-23 00:00:00+09:00,3845.6474609375,3976.962158203125,3770.6103515625,3808.12890625,134230,0.0,0.0
2009-09-24 00:00:00+09:00,3808.12890625,3826.88818359375,3733.091796875,3751.85107421875,186719,0.0,0.0
2009-09-25 00:00:00+09:00,3751.85107421875,3789.36962890625,3605.52880859375,3680.56591796875,126802,0.0,0.0
2009-09-28 00:00:00+09:00,3658.0546875,3658.0546875,3530.491943359375,3530.491943359375,194979,0.0,0.0
2009-09-29 00:00:00+09:00,3534.24365234375,3583.017822265625,3492.973388671875,3492.973388671875,80693,0.0,0.0
2009-09-30 00:00:00+09:00,3474.214111328125,3744.347412109375,3470.462158203125,3583.017822265625,142574,0.0,0.0
2009-10-01 00:00:00+09:00,3526.739990234375,3673.062255859375,3511.732666015625,3553.0029296875,49930,0.0,0.0
2009-10-05 00:00:00+09:00,3530.491943359375,3710.580810546875,3489.221435546875,3710.580810546875,90412,0.0,0.0
2009-10-06 00:00:00+09:00,3740.595458984375,3789.36962890625,3583.017822265625,3609.28076171875,62192,0.0,0.0
2009-10-07 00:00:00+09:00,3616.784423828125,3691.821533203125,3545.499267578125,3545.499267578125,50311,0.0,0.0
2009-10-08 00:00:00+09:00,3530.491943359375,3586.76953125,3507.980712890625,3526.739990234375,55069,0.0,0.0
2009-10-09 00:00:00+09:00,3526.739990234375,3744.347412109375,3481.7177734375,3714.33251953125,240312,0.0,0.0
2009-10-12 00:00:00+09:00,3826.88818359375,3826.88818359375,3605.52880859375,3639.295654296875,164087,0.0,0.0
2009-10-13 00:00:00+09:00,3669.310302734375,3669.310302734375,3492.973388671875,3496.72509765625,111455,0.0,0.0
2009-10-14 00:00:00+09:00,3560.506591796875,3564.258544921875,3500.47705078125,3549.251220703125,42619,0.0,0.0
2009-10-15 00:00:00+09:00,3564.258544921875,3624.2880859375,3511.732666015625,3556.7548828125,112154,0.0,0.0
2009-10-16 00:00:00+09:00,3526.739990234375,3564.258544921875,3492.973388671875,3496.72509765625,90291,0.0,0.0
2009-10-19 00:00:00+09:00,3481.7177734375,3526.739990234375,3459.206787109375,3500.47705078125,32051,0.0,0.0
2009-10-20 00:00:00+09:00,3500.47705078125,3545.499267578125,3432.94384765625,3489.221435546875,84042,0.0,0.0
2009-10-21 00:00:00+09:00,3489.221435546875,3489.221435546875,3335.3955078125,3335.3955078125,139532,0.0,0.0
2009-10-22 00:00:00+09:00,3301.62890625,3339.1474609375,3189.073486328125,3189.073486328125,108872,0.0,0.0
2009-10-23 00:00:00+09:00,3155.306640625,3282.86962890625,3038.999267578125,3136.547607421875,201466,0.0,0.0
2009-10-26 00:00:00+09:00,3136.547607421875,3136.547607421875,3038.999267578125,3076.517822265625,125586,0.0,0.0
2009-10-27 00:00:00+09:00,3076.517822265625,3095.277099609375,3005.232666015625,3065.26220703125,108753,0.0,0.0
2009-10-28 00:00:00+09:00,3065.26220703125,3256.606689453125,3065.26220703125,3245.35107421875,180859,0.0,0.0
2009-10-29 00:00:00+09:00,3215.33642578125,3590.521484375,3155.306640625,3541.747314453125,269564,0.0,0.0
2009-10-30 00:00:00+09:00,3590.521484375,3590.521484375,3387.921630859375,3432.94384765625,141262,0.0,0.0
2009-11-02 00:00:00+09:00,3357.90673828125,3489.221435546875,3331.643798828125,3414.1845703125,70785,0.0,0.0
2009-11-03 00:00:00+09:00,3414.1845703125,3492.973388671875,3376.666015625,3376.666015625,28632,0.0,0.0
2009-11-04 00:00:00+09:00,3376.666015625,3440.447509765625,3260.358642578125,3316.63623046875,83938,0.0,0.0
2009-11-05 00:00:00+09:00,3264.1103515625,3324.14013671875,3219.088134765625,3264.1103515625,83959,0.0,0.0
2009-11-06 00:00:00+09:00,3751.85107421875,3751.85107421875,3751.85107421875,3751.85107421875,157616,0.0,0.0
2009-11-09 00:00:00+09:00,4033.239990234375,4202.0732421875,3808.12890625,3845.6474609375,792984,0.0,0.0
2009-11-10 00:00:00+09:00,3939.443603515625,4051.999267578125,3808.12890625,3901.925048828125,252645,0.0,0.0
2009-11-11 00:00:00+09:00,3864.406494140625,3958.202880859375,3789.36962890625,3789.36962890625,132922,0.0,0.0
2009-11-12 00:00:00+09:00,3826.88818359375,3901.925048828125,3826.88818359375,3845.6474609375,97302,0.0,0.0
2009-11-13 00:00:00+09:00,3883.165771484375,3939.443603515625,3733.091796875,3770.6103515625,141176,0.0,0.0
2009-11-16 00:00:00+09:00,3808.12890625,3808.12890625,3639.295654296875,3703.076904296875,125917,0.0,0.0
2009-11-17 00:00:00+09:00,3639.295654296875,3714.33251953125,3568.01025390625,3579.265869140625,75947,0.0,0.0
2009-11-18 00:00:00+09:00,3545.499267578125,3564.258544921875,3470.462158203125,3504.22900390625,92640,0.0,0.0
2009-11-19 00:00:00+09:00,3504.22900390625,3658.0546875,3504.22900390625,3658.0546875,66885,0.0,0.0
2009-11-20 00:00:00+09:00,3658.0546875,3808.12890625,3650.551025390625,3721.836181640625,82533,0.0,0.0
2009-11-23 00:00:00+09:00,3740.595458984375,3789.36962890625,3718.08447265625,3748.09912109375,111532,0.0,0.0
2009-11-24 00:00:00+09:00,3770.6103515625,3789.36962890625,3718.08447265625,3718.08447265625,60016,0.0,0.0
2009-11-25 00:00:00+09:00,3714.33251953125,3864.406494140625,3710.580810546875,3845.6474609375,71437,0.0,0.0
2009-11-26 00:00:00+09:00,3845.6474609375,3864.406494140625,3751.85107421875,3789.36962890625,58982,0.0,0.0
2009-11-27 00:00:00+09:00,3789.36962890625,3939.443603515625,3740.595458984375,3808.12890625,186226,0.0,0.0
2009-11-30 00:00:00+09:00,3864.406494140625,3883.165771484375,3770.6103515625,3826.88818359375,157966,0.0,0.0
2009-12-01 00:00:00+09:00,3733.091796875,3864.406494140625,3733.091796875,3864.406494140625,169495,0.0,0.0
2009-12-02 00:00:00+09:00,4353.84619140625,4515.384765625,4092.3076171875,4153.84619140625,162061,0.0,0.0
2009-12-03 00:00:00+09:00,4215.384765625,4215.384765625,4000.0,4007.6923828125,58795,0.0,0.0
2009-12-04 00:00:00+09:00,4007.6923828125,4076.923095703125,3823.076904296875,3923.076904296875,79950,0.0,0.0
2009-12-07 00:00:00+09:00,3961.53857421875,3984.615478515625,3900.0,3930.769287109375,28137,0.0,0.0
2009-12-08 00:00:00+09:00,3984.615478515625,4092.3076171875,3923.076904296875,4084.615478515625,43408,0.0,0.0
2009-12-09 00:00:00+09:00,4069.230712890625,4069.230712890625,3961.53857421875,3992.3076171875,22299,0.0,0.0
2009-12-10 00:00:00+09:00,3992.3076171875,4023.076904296875,3946.15380859375,3969.230712890625,33424,0.0,0.0
2009-12-11 00:00:00+09:00,4046.15380859375,4046.15380859375,3953.84619140625,3984.615478515625,30996,0.0,0.0
2009-12-14 00:00:00+09:00,4030.769287109375,4515.384765625,3969.230712890625,4338.46142578125,192171,0.0,0.0
2009-12-15 00:00:00+09:00,4446.15380859375,4461.53857421875,4292.3076171875,4323.0771484375,73764,0.0,0.0
2009-12-16 00:00:00+09:00,4407.6923828125,4700.0,4323.0771484375,4538.46142578125,101154,0.0,0.0
2009-12-17 00:00:00+09:00,4476.9228515625,4584.615234375,4446.15380859375,4446.15380859375,50613,0.0,0.0
2009-12-18 00:00:00+09:00,4415.384765625,4561.53857421875,4392.3076171875,4469.23095703125,33847,0.0,0.0
2009-12-21 00:00:00+09:00,4692.3076171875,4692.3076171875,4461.53857421875,4507.6923828125,60309,0.0,0.0
2009-12-22 00:00:00+09:00,4307.6923828125,4438.46142578125,4192.3076171875,4307.6923828125,203507,0.0,0.0
2009-12-23 00:00:00+09:00,4315.384765625,4453.84619140625,4253.84619140625,4307.6923828125,90940,0.0,0.0
2009-12-24 00:00:00+09:00,4315.384765625,4376.9228515625,4284.615234375,4307.6923828125,97915,0.0,0.0
2009-12-28 00:00:00+09:00,4300.0,4315.384765625,4146.15380859375,4223.0771484375,124627,0.0,0.0
2009-12-29 00:00:00+09:00,4069.230712890625,4184.615234375,3961.53857421875,3984.615478515625,92020,0.0,0.0
2009-12-30 00:00:00+09:00,3992.3076171875,4069.230712890625,3938.46142578125,4007.6923828125,54484,0.0,0.0
2010-01-04 00:00:00+09:00,3976.923095703125,4107.6923828125,3961.53857421875,4076.923095703125,85735,0.0,0.0
2010-01-05 00:00:00+09:00,4146.15380859375,4146.15380859375,4023.076904296875,4069.230712890625,78443,0.0,0.0
2010-01-06 00:00:00+09:00,4076.923095703125,4084.615478515625,3938.46142578125,3984.615478515625,114913,0.0,0.0
2010-01-07 00:00:00+09:00,3961.53857421875,4015.384521484375,3946.15380859375,3946.15380859375,116017,0.0,0.0
2010-01-08 00:00:00+09:00,3992.3076171875,3992.3076171875,3830.769287109375,3930.769287109375,102067,0.0,0.0
2010-01-11 00:00:00+09:00,3923.076904296875,3930.769287109375,3846.15380859375,3869.230712890625,105449,0.0,0.0
2010-01-12 00:00:00+09:00,3923.076904296875,3923.076904296875,3761.53857421875,3800.0,177096,0.0,0.0
2010-01-13 00:00:00+09:00,3769.230712890625,3846.15380859375,3703.84619140625,3730.769287109375,198987,0.0,0.0
2010-01-14 00:00:00+09:00,3788.46142578125,4076.923095703125,3630.769287109375,4038.46142578125,432184,0.0,0.0
2010-01-15 00:00:00+09:00,4107.6923828125,4530.76904296875,4107.6923828125,4453.84619140625,1088655,0.0,0.0
2010-01-18 00:00:00+09:00,4615.384765625,4646.15380859375,4476.9228515625,4546.15380859375,649028,0.0,0.0
2010-01-19 00:00:00+09:00,4576.9228515625,4615.384765625,4400.0,4492.3076171875,323952,0.0,0.0
2010-01-20 00:00:00+09:00,4507.6923828125,4661.53857421875,4469.23095703125,4538.46142578125,363119,0.0,0.0
2010-01-21 00:00:00+09:00,4538.46142578125,4538.46142578125,4353.84619140625,4438.46142578125,144568,0.0,0.0
2010-01-22 00:00:00+09:00,4384.615234375,4438.46142578125,4207.6923828125,4338.46142578125,406151,0.0,0.0
2010-01-25 00:00:00+09:00,4238.46142578125,4253.84619140625,3961.53857421875,4023.076904296875,447321,0.0,0.0
2010-01-26 00:00:00+09:00,4023.076904296875,4084.615478515625,3815.384521484375,3869.230712890625,347972,0.0,0.0
2010-01-27 00:00:00+09:00,3869.230712890625,3915.384521484375,3669.230712890625,3676.923095703125,278916,0.0,0.0
2010-01-28 00:00:00+09:00,3676.923095703125,3884.615478515625,3642.3076171875,3846.15380859375,185864,0.0,0.0
2010-01-29 00:00:00+09:00,3830.769287109375,3830.769287109375,3684.615478515625,3715.384521484375,105542,0.0,0.0
2010-02-01 00:00:00+09:00,3730.769287109375,3938.46142578125,3692.3076171875,3734.615478515625,89145,0.0,0.0
2010-02-02 00:00:00+09:00,3796.15380859375,3800.0,3615.384521484375,3730.769287109375,115714,0.0,0.0
2010-02-03 00:00:00+09:00,3807.6923828125,3907.6923828125,3730.769287109375,3853.84619140625,131951,0.0,0.0
2010-02-04 00:00:00+09:00,3884.615478515625,3907.6923828125,3723.076904296875,3742.3076171875,102301,0.0,0.0
2010-02-05 00:00:00+09:00,3611.53857421875,3669.230712890625,3188.46142578125,3530.769287109375,169519,0.0,0.0
2010-02-08 00:00:00+09:00,3530.769287109375,3557.6923828125,3426.923095703125,3426.923095703125,139294,0.0,0.0
2010-02-09 00:00:00+09:00,3373.076904296875,3461.53857421875,3373.076904296875,3461.53857421875,57492,0.0,0.0
2010-02-10 00:00:00+09:00,3569.230712890625,3569.230712890625,3476.923095703125,3515.384521484375,40535,0.0,0.0
2010-02-11 00:00:00+09:00,3515.384521484375,3650.0,3515.384521484375,3638.46142578125,52772,0.0,0.0
2010-02-12 00:00:00+09:00,3653.84619140625,3653.84619140625,3615.384521484375,3634.615478515625,36102,0.0,0.0
2010-02-16 00:00:00+09:00,3634.615478515625,3653.84619140625,3588.46142578125,3596.15380859375,39576,0.0,0.0
2010-02-17 00:00:00+09:00,3600.0,3784.615478515625,3600.0,3730.769287109375,87108,0.0,0.0
2010-02-18 00:00:00+09:00,3830.769287109375,3830.769287109375,3730.769287109375,3776.923095703125,100491,0.0,0.0
2010-02-19 00:00:00+09:00,3803.84619140625,3803.84619140625,3615.384521484375,3661.53857421875,100495,0.0,0.0
2010-02-22 00:00:00+09:00,3673.076904296875,3792.3076171875,3673.076904296875,3715.384521484375,39400,0.0,0.0
2010-02-23 00:00:00+09:00,3661.53857421875,3746.15380859375,3657.6923828125,3719.230712890625,30920,0.0,0.0
2010-02-24 00:00:00+09:00,3676.923095703125,3765.384521484375,3665.384521484375,3723.076904296875,28461,0.0,0.0
2010-02-25 00:00:00+09:00,3715.384521484375,3761.53857421875,3646.15380859375,3646.15380859375,52896,0.0,0.0
2010-02-26 00:00:00+09:00,3676.923095703125,3676.923095703125,3500.0,3592.3076171875,48138,0.0,0.0
2010-03-02 00:00:00+09:00,3584.615478515625,3665.384521484375,3584.615478515625,3615.384521484375,43675,0.0,0.0
2010-03-03 00:00:00+09:00,3623.076904296875,3638.46142578125,3546.15380859375,3580.769287109375,47776,0.0,0.0
2010-03-04 00:00:00+09:00,3657.6923828125,3800.0,3580.769287109375,3753.84619140625,145813,0.0,0.0
2010-03-05 00:00:00+09:00,3757.6923828125,3761.53857421875,3692.3076171875,3723.076904296875,55952,0.0,0.0
2010-03-08 00:00:00+09:00,3746.15380859375,3830.769287109375,3746.15380859375,3784.615478515625,151462,0.0,0.0
2010-03-09 00:00:00+09:00,3811.53857421875,3815.384521484375,3719.230712890625,3738.46142578125,53565,0.0,0.0
2010-03-10 00:00:00+09:00,3738.46142578125,3761.53857421875,3669.230712890625,3673.076904296875,64754,0.0,0.0
2010-03-11 00:00:00+09:00,3734.615478515625,3734.615478515625,3615.384521484375,3646.15380859375,63333,0.0,0.0
2010-03-12 00:00:00+09:00,3692.3076171875,3692.3076171875,3630.769287109375,3669.230712890625,41391,0.0,0.0
2010-03-15 00:00:00+09:00,3692.3076171875,3692.3076171875,3607.6923828125,3615.384521484375,94722,0.0,0.0
2010-03-16 00:00:00+09:00,3676.923095703125,3788.46142578125,3569.230712890625,3734.615478515625,211749,0.0,0.0
2010-03-17 00:00:00+09:00,3742.3076171875,3823.076904296875,3734.615478515625,3780.769287109375,78793,0.0,0.0
2010-03-18 00:00:00+09:00,3803.84619140625,3803.84619140625,3723.076904296875,3734.615478515625,107706,0.0,0.0
2010-03-19 00:00:00+09:00,3723.076904296875,3776.923095703125,3723.076904296875,3742.3076171875,60419,0.0,0.0
2010-03-22 00:00:00+09:00,3742.3076171875,3742.3076171875,3684.615478515625,3688.46142578125,64724,0.0,0.0
2010-03-23 00:00:00+09:00,3692.3076171875,3715.384521484375,3650.0,3650.0,55566,0.0,0.0
2010-03-24 00:00:00+09:00,3653.84619140625,3734.615478515625,3576.923095703125,3576.923095703125,112745,0.0,0.0
2010-03-25 00:00:00+09:00,3542.3076171875,3592.3076171875,3484.615478515625,3496.15380859375,104091,0.0,0.0
2010-03-26 00:00:00+09:00,3561.53857421875,3730.769287109375,3496.15380859375,3684.615478515625,138033,0.0,0.0
2010-03-29 00:00:00+09:00,3592.3076171875,3684.615478515625,3584.615478515625,3615.384521484375,96076,0.0,0.0
2010-03-30 00:00:00+09:00,3634.615478515625,3738.46142578125,3634.615478515625,3730.769287109375,156354,0.0,0.0
2010-03-31 00:00:00+09:00,3730.769287109375,3761.53857421875,3669.230712890625,3707.6923828125,85791,0.0,0.0
2010-04-01 00:00:00+09:00,3711.53857421875,3726.923095703125,3153.84619140625,3588.46142578125,105265,0.0,0.0
2010-04-02 00:00:00+09:00,3588.46142578125,3623.076904296875,3546.15380859375,3553.84619140625,64092,0.0,0.0
2010-04-05 00:00:00+09:00,3607.6923828125,3630.769287109375,3446.15380859375,3519.230712890625,138594,0.0,0.0
2010-04-06 00:00:00+09:00,3623.076904296875,3761.53857421875,3515.384521484375,3542.3076171875,189231,0.0,0.0
2010-04-07 00:00:00+09:00,3546.15380859375,3600.0,3500.0,3542.3076171875,118880,0.0,0.0
2010-04-08 00:00:00+09:00,3542.3076171875,3542.3076171875,3500.0,3511.53857421875,66419,0.0,0.0
2010-04-09 00:00:00+09:00,3596.15380859375,3596.15380859375,3469.230712890625,3519.230712890625,50254,0.0,0.0
2010-04-12 00:00:00+09:00,3523.076904296875,3523.076904296875,3423.076904296875,3438.46142578125,75682,0.0,0.0
2010-04-13 00:00:00+09:00,3442.3076171875,3461.53857421875,3407.6923828125,3434.615478515625,28943,0.0,0.0
2010-04-14 00:00:00+09:00,3369.230712890625,3446.15380859375,3369.230712890625,3438.46142578125,48102,0.0,0.0
2010-04-15 00:00:00+09:00,3438.46142578125,3503.84619140625,3426.923095703125,3453.84619140625,75458,0.0,0.0
2010-04-16 00:00:00+09:00,3453.84619140625,3507.6923828125,3392.3076171875,3423.076904296875,46476,0.0,0.0
2010-04-19 00:00:00+09:00,3346.15380859375,3384.615478515625,2926.923095703125,3265.384521484375,143077,0.0,0.0
2010-04-20 00:00:00+09:00,3273.076904296875,3357.6923828125,3257.6923828125,3288.46142578125,49330,0.0,0.0
2010-04-21 00:00:00+09:00,3288.46142578125,3330.769287109375,3280.769287109375,3300.0,31338,0.0,0.0
2010-04-22 00:00:00+09:00,3307.6923828125,3434.615478515625,3307.6923828125,3380.769287109375,56532,0.0,0.0
2010-04-23 00:00:00+09:00,3384.615478515625,3450.0,3353.84619140625,3353.84619140625,63926,0.0,0.0
2010-04-26 00:00:00+09:00,3407.6923828125,3407.6923828125,3307.6923828125,3315.384521484375,45205,0.0,0.0
2010-04-27 00:00:00+09:00,3307.6923828125,3384.615478515625,3307.6923828125,3353.84619140625,37242,0.0,0.0
2010-04-28 00:00:00+09:00,3292.3076171875,3350.0,3280.769287109375,3292.3076171875,49985,0.0,0.0
2010-04-29 00:00:00+09:00,3300.0,3361.53857421875,3238.46142578125,3288.46142578125,37736,0.0,0.0
2010-04-30 00:00:00+09:00,3346.15380859375,3346.15380859375,3238.46142578125,3269.230712890625,56463,0.0,0.0
2010-05-03 00:00:00+09:00,3269.230712890625,3307.6923828125,3184.615478515625,3307.6923828125,56840,0.0,0.0
2010-05-04 00:00:00+09:00,3292.3076171875,3346.15380859375,3265.384521484375,3265.384521484375,27590,0.0,0.0
2010-05-06 00:00:00+09:00,3230.769287109375,3253.84619140625,3096.15380859375,3215.384521484375,51160,0.0,0.0
2010-05-07 00:00:00+09:00,3146.15380859375,3157.6923828125,3061.53857421875,3123.076904296875,63350,0.0,0.0
2010-05-10 00:00:00+09:00,3123.076904296875,3153.84619140625,3076.923095703125,3100.0,68190,0.0,0.0
2010-05-11 00:00:00+09:00,3176.923095703125,3176.923095703125,3084.615478515625,3096.15380859375,45369,0.0,0.0
2010-05-12 00:00:00+09:00,3076.923095703125,3303.84619140625,3061.53857421875,3173.076904296875,89921,0.0,0.0
2010-05-13 00:00:00+09:00,3223.076904296875,3223.076904296875,3138.46142578125,3192.3076171875,65759,0.0,0.0
2010-05-14 00:00:00+09:00,3192.3076171875,3346.15380859375,3115.384521484375,3346.15380859375,137623,0.0,0.0
2010-05-17 00:00:00+09:00,3353.84619140625,3353.84619140625,3215.384521484375,3257.6923828125,105947,0.0,0.0
2010-05-18 00:00:00+09:00,3230.769287109375,3303.84619140625,3100.0,3138.46142578125,90749,0.0,0.0
2010-05-19 00:00:00+09:00,3146.15380859375,3146.15380859375,2953.84619140625,2973.076904296875,103434,0.0,0.0
2010-05-20 00:00:00+09:00,2923.076904296875,2969.230712890625,2773.076904296875,2776.923095703125,243333,0.0,0.0
2010-05-24 00:00:00+09:00,2688.46142578125,2765.384521484375,2573.076904296875,2669.230712890625,61190,0.0,0.0
2010-05-25 00:00:00+09:00,2592.3076171875,2669.230712890625,2423.076904296875,2450.0,100862,0.0,0.0
2010-05-26 00:00:00+09:00,2365.384521484375,2480.769287109375,2361.53857421875,2476.923095703125,86189,0.0,0.0
2010-05-27 00:00:00+09:00,2500.0,2723.076904296875,2446.15380859375,2607.6923828125,27776,0.0,0.0
2010-05-28 00:00:00+09:00,2661.53857421875,2719.230712890625,2638.46142578125,2669.230712890625,44889,0.0,0.0
2010-05-31 00:00:00+09:00,2684.615478515625,2823.076904296875,2680.769287109375,2707.6923828125,37790,0.0,0.0
2010-06-01 00:00:00+09:00,2769.230712890625,2784.615478515625,2692.3076171875,2707.6923828125,12198,0.0,0.0
2010-06-03 00:00:00+09:00,2707.6923828125,2769.230712890625,2696.15380859375,2711.53857421875,21842,0.0,0.0
2010-06-04 00:00:00+09:00,2669.230712890625,2730.769287109375,2669.230712890625,2715.384521484375,19476,0.0,0.0
2010-06-07 00:00:00+09:00,2561.53857421875,2665.384521484375,2561.53857421875,2615.384521484375,32254,0.0,0.0
2010-06-08 00:00:00+09:00,2784.615478515625,2784.615478515625,2619.230712890625,2630.769287109375,30325,0.0,0.0
2010-06-09 00:00:00+09:00,2723.076904296875,2723.076904296875,2623.076904296875,2650.0,16683,0.0,0.0
2010-06-10 00:00:00+09:00,2653.84619140625,2726.923095703125,2615.384521484375,2653.84619140625,21104,0.0,0.0
2010-06-11 00:00:00+09:00,2661.53857421875,2692.3076171875,2626.923095703125,2669.230712890625,18275,0.0,0.0
2010-06-14 00:00:00+09:00,2615.384521484375,2688.46142578125,2615.384521484375,2619.230712890625,27509,0.0,0.0
2010-06-15 00:00:00+09:00,2619.230712890625,2684.615478515625,2607.6923828125,2646.15380859375,26079,0.0,0.0
2010-06-16 00:00:00+09:00,2646.15380859375,2680.769287109375,2603.84619140625,2615.384521484375,36443,0.0,0.0
2010-06-17 00:00:00+09:00,2615.384521484375,2615.384521484375,2580.769287109375,2611.53857421875,25787,0.0,0.0
2010-06-18 00:00:00+09:00,2584.615478515625,2676.923095703125,2576.923095703125,2611.53857421875,29255,0.0,0.0
2010-06-21 00:00:00+09:00,2653.84619140625,2653.84619140625,2592.3076171875,2607.6923828125,19708,0.0,0.0
2010-06-22 00:00:00+09:00,2615.384521484375,2626.923095703125,2580.769287109375,2580.769287109375,15120,0.0,0.0
2010-06-23 00:00:00+09:00,2580.769287109375,2638.46142578125,2580.769287109375,2619.230712890625,24246,0.0,0.0
2010-06-24 00:00:00+09:00,2646.15380859375,2711.53857421875,2615.384521484375,2711.53857421875,59047,0.0,0.0
2010-06-25 00:00:00+09:00,2692.3076171875,2734.615478515625,2615.384521484375,2711.53857421875,39872,0.0,0.0
2010-06-28 00:00:00+09:00,2738.46142578125,2976.923095703125,2738.46142578125,2884.615478515625,193327,0.0,0.0
2010-06-29 00:00:00+09:00,2915.384521484375,2923.076904296875,2800.0,2842.3076171875,85903,0.0,0.0
2010-06-30 00:00:00+09:00,2769.230712890625,2880.769287109375,2742.3076171875,2842.3076171875,27067,0.0,0.0
2010-07-01 00:00:00+09:00,2842.3076171875,3007.6923828125,2769.230712890625,2923.076904296875,84140,0.0,0.0
2010-07-02 00:00:00+09:00,2857.6923828125,3000.0,2857.6923828125,2907.6923828125,88737,0.0,0.0
2010-07-05 00:00:00+09:00,2915.384521484375,2988.46142578125,2861.53857421875,2907.6923828125,31234,0.0,0.0
2010-07-06 00:00:00+09:00,2888.46142578125,2950.0,2792.3076171875,2807.6923828125,63832,0.0,0.0
2010-07-07 00:00:00+09:00,2884.615478515625,2884.615478515625,2773.076904296875,2838.46142578125,25653,0.0,0.0
2010-07-08 00:00:00+09:00,2838.46142578125,2884.615478515625,2773.076904296875,2776.923095703125,24143,0.0,0.0
2010-07-09 00:00:00+09:00,2826.923095703125,2826.923095703125,2730.769287109375,2746.15380859375,48746,0.0,0.0
2010-07-12 00:00:00+09:00,2769.230712890625,2769.230712890625,2676.923095703125,2707.6923828125,46935,0.0,0.0
2010-07-13 00:00:00+09:00,2769.230712890625,2769.230712890625,2650.0,2719.230712890625,35273,0.0,0.0
2010-07-14 00:00:00+09:00,2723.076904296875,2738.46142578125,2692.3076171875,2703.84619140625,30235,0.0,0.0
2010-07-15 00:00:00+09:00,2707.6923828125,2707.6923828125,2634.615478515625,2692.3076171875,37368,0.0,0.0
2010-07-16 00:00:00+09:00,2638.46142578125,2676.923095703125,2619.230712890625,2638.46142578125,21508,0.0,0.0
2010-07-19 00:00:00+09:00,2561.53857421875,2669.230712890625,2561.53857421875,2669.230712890625,10392,0.0,0.0
2010-07-20 00:00:00+09:00,2630.769287109375,2923.076904296875,2630.769287109375,2838.46142578125,104556,0.0,0.0
2010-07-21 00:00:00+09:00,2780.769287109375,2915.384521484375,2753.84619140625,2769.230712890625,56591,0.0,0.0
2010-07-22 00:00:00+09:00,2807.6923828125,2884.615478515625,2653.84619140625,2657.6923828125,52251,0.0,0.0
2010-07-23 00:00:00+09:00,2665.384521484375,2746.15380859375,2665.384521484375,2669.230712890625,31195,0.0,0.0
2010-07-26 00:00:00+09:00,2669.230712890625,2688.46142578125,2638.46142578125,2657.6923828125,24913,0.0,0.0
2010-07-27 00:00:00+09:00,2626.923095703125,2703.84619140625,2626.923095703125,2642.3076171875,23145,0.0,0.0
2010-07-28 00:00:00+09:00,2642.3076171875,2661.53857421875,2596.15380859375,2626.923095703125,45482,0.0,0.0
2010-07-29 00:00:00+09:00,2603.84619140625,2661.53857421875,2584.615478515625,2638.46142578125,27977,0.0,0.0
2010-07-30 00:00:00+09:00,2619.230712890625,2684.615478515625,2561.53857421875,2561.53857421875,16189,0.0,0.0
2010-08-02 00:00:00+09:00,2561.53857421875,2611.53857421875,2469.230712890625,2488.46142578125,56442,0.0,0.0
2010-08-03 00:00:00+09:00,2769.230712890625,2861.53857421875,2719.230712890625,2861.53857421875,313936,0.0,0.0
2010-08-04 00:00:00+09:00,3288.46142578125,3288.46142578125,3288.46142578125,3288.46142578125,16993,0.0,0.0
2010-08-05 00:00:00+09:00,3780.769287109375,3780.769287109375,3780.769287109375,3780.769287109375,792854,0.0,0.0
2010-08-06 00:00:00+09:00,4176.9228515625,4346.15380859375,4007.6923828125,4346.15380859375,3143484,0.0,0.0
2010-08-09 00:00:00+09:00,4753.84619140625,4807.6923828125,4369.23095703125,4538.46142578125,5108142,0.0,0.0
2010-08-10 00:00:00+09:00,4384.615234375,4461.53857421875,3861.53857421875,4153.84619140625,4388824,0.0,0.0
2010-08-11 00:00:00+09:00,4046.15380859375,4384.615234375,3561.53857421875,3730.769287109375,4539420,0.0,0.0
2010-08-12 00:00:00+09:00,3769.230712890625,4000.0,3373.076904296875,3569.230712890625,4471050,0.0,0.0
2010-08-13 00:00:00+09:00,3538.46142578125,3811.53857421875,3430.769287109375,3546.15380859375,2778624,0.0,0.0
2010-08-16 00:00:00+09:00,3707.6923828125,4076.923095703125,3703.84619140625,4076.923095703125,2763794,0.0,0.0
2010-08-17 00:00:00+09:00,4269.23095703125,4346.15380859375,3469.230712890625,3469.230712890625,3823281,0.0,0.0
2010-08-18 00:00:00+09:00,3530.769287109375,3596.15380859375,3307.6923828125,3419.230712890625,906713,0.0,0.0
2010-08-19 00:00:00+09:00,3419.230712890625,3473.076904296875,3323.076904296875,3430.769287109375,628323,0.0,0.0
2010-08-20 00:00:00+09:00,3361.53857421875,3519.230712890625,3211.53857421875,3215.384521484375,659966,0.0,0.0
2010-08-23 00:00:00+09:00,3188.46142578125,3261.53857421875,3123.076904296875,3157.6923828125,502519,0.0,0.0
2010-08-24 00:00:00+09:00,3215.384521484375,3469.230712890625,3173.076904296875,3276.923095703125,1412015,0.0,0.0
2010-08-25 00:00:00+09:00,3242.3076171875,3407.6923828125,3173.076904296875,3276.923095703125,485724,0.0,0.0
2010-08-26 00:00:00+09:00,3338.46142578125,3365.384521484375,3184.615478515625,3215.384521484375,286771,0.0,0.0
2010-08-27 00:00:00+09:00,3153.84619140625,3234.615478515625,3076.923095703125,3076.923095703125,377406,0.0,0.0
2010-08-30 00:00:00+09:00,3115.384521484375,3423.076904296875,3096.15380859375,3192.3076171875,605345,0.0,0.0
2010-08-31 00:00:00+09:00,3153.84619140625,3242.3076171875,3100.0,3176.923095703125,307490,0.0,0.0
2010-09-01 00:00:00+09:00,3192.3076171875,3369.230712890625,3180.769287109375,3326.923095703125,536887,0.0,0.0
2010-09-02 00:00:00+09:00,3334.615478515625,3484.615478515625,3307.6923828125,3315.384521484375,669992,0.0,0.0
2010-09-03 00:00:00+09:00,3361.53857421875,3446.15380859375,3307.6923828125,3334.615478515625,455142,0.0,0.0
2010-09-06 00:00:00+09:00,3323.076904296875,3380.769287109375,3203.84619140625,3230.769287109375,370906,0.0,0.0
2010-09-07 00:00:00+09:00,3253.84619140625,3715.384521484375,3253.84619140625,3461.53857421875,1931231,0.0,0.0
2010-09-08 00:00:00+09:00,3484.615478515625,3907.6923828125,3396.15380859375,3684.615478515625,1886568,0.0,0.0
2010-09-09 00:00:00+09:00,3669.230712890625,3838.46142578125,3592.3076171875,3700.0,772761,0.0,0.0
2010-09-10 00:00:00+09:00,3803.84619140625,4253.84619140625,3623.076904296875,4253.84619140625,2394869,0.0,0.0
2010-09-13 00:00:00+09:00,4076.923095703125,4400.0,3976.923095703125,4115.384765625,2755001,0.0,0.0
2010-09-14 00:00:00+09:00,4176.9228515625,4523.0771484375,3992.3076171875,4423.0771484375,3658529,0.0,0.0
2010-09-15 00:00:00+09:00,4384.615234375,4400.0,3900.0,3915.384521484375,1791038,0.0,0.0
2010-09-16 00:00:00+09:00,3930.769287109375,4069.230712890625,3900.0,3946.15380859375,726311,0.0,0.0
2010-09-17 00:00:00+09:00,3946.15380859375,4015.384521484375,3715.384521484375,3734.615478515625,810609,0.0,0.0
2010-09-20 00:00:00+09:00,3769.230712890625,4030.769287109375,3623.076904296875,3626.923095703125,1634290,0.0,0.0
2010-09-24 00:00:00+09:00,3692.3076171875,3753.84619140625,3653.84619140625,3730.769287109375,345666,0.0,0.0
2010-09-27 00:00:00+09:00,3734.615478515625,3907.6923828125,3653.84619140625,3734.615478515625,691344,0.0,0.0
2010-09-28 00:00:00+09:00,3734.615478515625,3776.923095703125,3661.53857421875,3665.384521484375,259942,0.0,0.0
2010-09-29 00:00:00+09:00,3684.615478515625,3769.230712890625,3469.230712890625,3523.076904296875,510267,0.0,0.0
2010-09-30 00:00:00+09:00,3469.230712890625,3565.384521484375,3407.6923828125,3469.230712890625,326197,0.0,0.0
2010-10-01 00:00:00+09:00,3438.46142578125,3703.84619140625,3438.46142578125,3569.230712890625,403206,0.0,0.0
2010-10-04 00:00:00+09:00,3542.3076171875,3638.46142578125,3542.3076171875,3603.84619140625,162850,0.0,0.0
2010-10-05 00:00:00+09:00,3576.923095703125,3626.923095703125,3476.923095703125,3515.384521484375,196461,0.0,0.0
2010-10-06 00:00:00+09:00,3561.53857421875,3615.384521484375,3488.46142578125,3488.46142578125,147633,0.0,0.0
2010-10-07 00:00:00+09:00,3538.46142578125,3638.46142578125,3507.6923828125,3507.6923828125,206747,0.0,0.0
2010-10-08 00:00:00+09:00,3600.0,3838.46142578125,3596.15380859375,3661.53857421875,512694,0.0,0.0
2010-10-11 00:00:00+09:00,3769.230712890625,3776.923095703125,3615.384521484375,3638.46142578125,209161,0.0,0.0
2010-10-12 00:00:00+09:00,3746.15380859375,3746.15380859375,3542.3076171875,3553.84619140625,266074,0.0,0.0
2010-10-13 00:00:00+09:00,3592.3076171875,3657.6923828125,3542.3076171875,3576.923095703125,153977,0.0,0.0
2010-10-14 00:00:00+09:00,3615.384521484375,3646.15380859375,3511.53857421875,3546.15380859375,220103,0.0,0.0
2010-10-15 00:00:00+09:00,3546.15380859375,3611.53857421875,3546.15380859375,3550.0,166367,0.0,0.0
2010-10-18 00:00:00+09:00,3569.230712890625,3676.923095703125,3553.84619140625,3669.230712890625,242203,0.0,0.0
2010-10-19 00:00:00+09:00,3669.230712890625,3769.230712890625,3538.46142578125,3638.46142578125,450832,0.0,0.0
2010-10-20 00:00:00+09:00,3638.46142578125,3784.615478515625,3630.769287109375,3746.15380859375,356230,0.0,0.0
2010-10-21 00:00:00+09:00,3823.076904296875,4253.84619140625,3815.384521484375,4015.384521484375,1553745,0.0,0.0
2010-10-22 00:00:00+09:00,4069.230712890625,4153.84619140625,3961.53857421875,4053.84619140625,502628,0.0,0.0
2010-10-25 00:00:00+09:00,4138.46142578125,4184.615234375,3930.769287109375,4000.0,389036,0.0,0.0
2010-10-26 00:00:00+09:00,4007.6923828125,4007.6923828125,3780.769287109375,3800.0,476050,0.0,0.0
2010-10-27 00:00:00+09:00,3834.615478515625,3992.3076171875,3796.15380859375,3961.53857421875,389647,0.0,0.0
2010-10-28 00:00:00+09:00,4000.0,4023.076904296875,3830.769287109375,3861.53857421875,312300,0.0,0.0
2010-10-29 00:00:00+09:00,3892.3076171875,3907.6923828125,3746.15380859375,3776.923095703125,161726,0.0,0.0
2010-11-01 00:00:00+09:00,3776.923095703125,3834.615478515625,3680.769287109375,3753.84619140625,284541,0.0,0.0
2010-11-02 00:00:00+09:00,3757.6923828125,3976.923095703125,3711.53857421875,3773.076904296875,460727,0.0,0.0
2010-11-03 00:00:00+09:00,3784.615478515625,3969.230712890625,3784.615478515625,3861.53857421875,368132,0.0,0.0
2010-11-04 00:00:00+09:00,3923.076904296875,4030.769287109375,3826.923095703125,3830.769287109375,324537,0.0,0.0
2010-11-05 00:00:00+09:00,3907.6923828125,4307.6923828125,3842.3076171875,4146.15380859375,1218321,0.0,0.0
2010-11-08 00:00:00+09:00,4146.15380859375,4361.53857421875,3930.769287109375,4053.84619140625,774487,0.0,0.0
2010-11-09 00:00:00+09:00,4053.84619140625,4138.46142578125,3969.230712890625,4030.769287109375,270464,0.0,0.0
2010-11-10 00:00:00+09:00,4000.0,4130.76904296875,3846.15380859375,3876.923095703125,410188,0.0,0.0
2010-11-11 00:00:00+09:00,3915.384521484375,3923.076904296875,3746.15380859375,3757.6923828125,406228,0.0,0.0
2010-11-12 00:00:00+09:00,3788.46142578125,3842.3076171875,3553.84619140625,3626.923095703125,326191,0.0,0.0
2010-11-15 00:00:00+09:00,3546.15380859375,3715.384521484375,3476.923095703125,3692.3076171875,235249,0.0,0.0
2010-11-16 00:00:00+09:00,3638.46142578125,3715.384521484375,3619.230712890625,3653.84619140625,108541,0.0,0.0
2010-11-17 00:00:00+09:00,3576.923095703125,3769.230712890625,3546.15380859375,3661.53857421875,101348,0.0,0.0
2010-11-18 00:00:00+09:00,3665.384521484375,3807.6923828125,3665.384521484375,3784.615478515625,100577,0.0,0.0
2010-11-19 00:00:00+09:00,3776.923095703125,3823.076904296875,3688.46142578125,3688.46142578125,133295,0.0,0.0
2010-11-22 00:00:00+09:00,3723.076904296875,3753.84619140625,3615.384521484375,3738.46142578125,96555,0.0,0.0
2010-11-23 00:00:00+09:00,3700.0,3788.46142578125,3665.384521484375,3676.923095703125,82278,0.0,0.0
2010-11-24 00:00:00+09:00,3269.230712890625,3584.615478515625,3269.230712890625,3542.3076171875,264040,0.0,0.0
2010-11-25 00:00:00+09:00,3553.84619140625,3638.46142578125,3550.0,3576.923095703125,68278,0.0,0.0
2010-11-26 00:00:00+09:00,3557.6923828125,3623.076904296875,3326.923095703125,3407.6923828125,199603,0.0,0.0
2010-11-29 00:00:00+09:00,3430.769287109375,3546.15380859375,3423.076904296875,3484.615478515625,88179,0.0,0.0
2010-11-30 00:00:00+09:00,3600.0,3653.84619140625,3476.923095703125,3576.923095703125,82516,0.0,0.0
2010-12-01 00:00:00+09:00,3607.6923828125,3653.84619140625,3523.076904296875,3653.84619140625,65275,0.0,0.0
2010-12-02 00:00:00+09:00,3615.384521484375,3700.0,3615.384521484375,3626.923095703125,54868,0.0,0.0
2010-12-03 00:00:00+09:00,3634.615478515625,3700.0,3615.384521484375,3626.923095703125,42297,0.0,0.0
2010-12-06 00:00:00+09:00,3653.84619140625,3661.53857421875,3584.615478515625,3615.384521484375,44791,0.0,0.0
2010-12-07 00:00:00+09:00,3584.615478515625,3657.6923828125,3584.615478515625,3603.84619140625,37121,0.0,0.0
2010-12-08 00:00:00+09:00,3630.769287109375,3630.769287109375,3538.46142578125,3569.230712890625,23848,0.0,0.0
2010-12-09 00:00:00+09:00,3600.0,3661.53857421875,3569.230712890625,3576.923095703125,67597,0.0,0.0
2010-12-10 00:00:00+09:00,3584.615478515625,3626.923095703125,3515.384521484375,3600.0,106445,0.0,0.0
2010-12-13 00:00:00+09:00,3600.0,3630.769287109375,3534.615478515625,3576.923095703125,35503,0.0,0.0
2010-12-14 00:00:00+09:00,3538.46142578125,3630.769287109375,3538.46142578125,3569.230712890625,69914,0.0,0.0
2010-12-15 00:00:00+09:00,3573.076904296875,3630.769287109375,3519.230712890625,3538.46142578125,56922,0.0,0.0
2010-12-16 00:00:00+09:00,3488.46142578125,3592.3076171875,3488.46142578125,3500.0,57795,0.0,0.0
2010-12-17 00:00:00+09:00,3488.46142578125,3530.769287109375,3480.769287109375,3507.6923828125,47996,0.0,0.0
2010-12-20 00:00:00+09:00,3469.230712890625,3469.230712890625,3230.769287109375,3346.15380859375,156216,0.0,0.0
2010-12-21 00:00:00+09:00,3350.0,3530.769287109375,3350.0,3461.53857421875,62046,0.0,0.0
2010-12-22 00:00:00+09:00,3492.3076171875,3584.615478515625,3430.769287109375,3557.6923828125,43217,0.0,0.0
2010-12-23 00:00:00+09:00,3557.6923828125,3592.3076171875,3407.6923828125,3442.3076171875,41439,0.0,0.0
2010-12-24 00:00:00+09:00,3450.0,3503.84619140625,3419.230712890625,3473.076904296875,37436,0.0,0.0
2010-12-27 00:00:00+09:00,3534.615478515625,3534.615478515625,3346.15380859375,3392.3076171875,69521,0.0,0.0
2010-12-28 00:00:00+09:00,3353.84619140625,3457.6923828125,3334.615478515625,3376.923095703125,51303,0.0,0.0
2010-12-29 00:00:00+09:00,3446.15380859375,3446.15380859375,3361.53857421875,3376.923095703125,21611,0.0,0.0
2010-12-30 00:00:00+09:00,3430.769287109375,3553.84619140625,3319.230712890625,3453.84619140625,64815,0.0,0.0
2011-01-03 00:00:00+09:00,3450.0,3465.384521484375,3380.769287109375,3400.0,46389,0.0,0.0
2011-01-04 00:00:00+09:00,3346.15380859375,3461.53857421875,3346.15380859375,3388.46142578125,58782,0.0,0.0
2011-01-05 00:00:00+09:00,3373.076904296875,3450.0,3361.53857421875,3403.84619140625,64416,0.0,0.0
2011-01-06 00:00:00+09:00,3407.6923828125,3438.46142578125,3365.384521484375,3403.84619140625,46607,0.0,0.0
2011-01-07 00:00:00+09:00,3461.53857421875,3461.53857421875,3357.6923828125,3403.84619140625,30047,0.0,0.0
2011-01-10 00:00:00+09:00,3353.84619140625,3453.84619140625,3353.84619140625,3353.84619140625,48204,0.0,0.0
2011-01-11 00:00:00+09:00,3376.923095703125,3376.923095703125,3269.230712890625,3284.615478515625,68761,0.0,0.0
2011-01-12 00:00:00+09:00,3246.15380859375,3365.384521484375,3238.46142578125,3246.15380859375,53217,0.0,0.0
2011-01-13 00:00:00+09:00,3242.3076171875,3303.84619140625,3215.384521484375,3269.230712890625,68106,0.0,0.0
2011-01-14 00:00:00+09:00,3323.076904296875,3326.923095703125,3253.84619140625,3269.230712890625,47641,0.0,0.0
2011-01-17 00:00:00+09:00,3269.230712890625,3342.3076171875,3250.0,3284.615478515625,54970,0.0,0.0
2011-01-18 00:00:00+09:00,3261.53857421875,3338.46142578125,3253.84619140625,3253.84619140625,28700,0.0,0.0
2011-01-19 00:00:00+09:00,3319.230712890625,3319.230712890625,3253.84619140625,3257.6923828125,24827,0.0,0.0
2011-01-20 00:00:00+09:00,3300.0,3300.0,3215.384521484375,3215.384521484375,26119,0.0,0.0
2011-01-21 00:00:00+09:00,3215.384521484375,3215.384521484375,3153.84619140625,3153.84619140625,43818,0.0,0.0
2011-01-24 00:00:00+09:00,3096.15380859375,3142.3076171875,3000.0,3003.84619140625,88841,0.0,0.0
2011-01-25 00:00:00+09:00,2965.384521484375,3100.0,2965.384521484375,3100.0,54575,0.0,0.0
2011-01-26 00:00:00+09:00,3115.384521484375,3115.384521484375,3019.230712890625,3019.230712890625,37012,0.0,0.0
2011-01-27 00:00:00+09:00,3050.0,3142.3076171875,3030.769287109375,3092.3076171875,38753,0.0,0.0
2011-01-28 00:00:00+09:00,3100.0,3165.384521484375,3092.3076171875,3115.384521484375,34892,0.0,0.0
2011-01-31 00:00:00+09:00,3123.076904296875,3230.769287109375,3065.384521484375,3107.6923828125,38070,0.0,0.0
2011-02-01 00:00:00+09:00,3053.84619140625,3115.384521484375,3053.84619140625,3088.46142578125,27343,0.0,0.0
2011-02-07 00:00:00+09:00,3219.230712890625,3219.230712890625,3023.076904296875,3084.615478515625,55996,0.0,0.0
2011-02-08 00:00:00+09:00,3076.923095703125,3115.384521484375,3034.615478515625,3065.384521484375,48079,0.0,0.0
2011-02-09 00:00:00+09:00,3103.84619140625,3103.84619140625,3003.84619140625,3030.769287109375,29675,0.0,0.0
2011-02-10 00:00:00+09:00,2984.615478515625,3065.384521484375,2984.615478515625,3030.769287109375,25707,0.0,0.0
2011-02-11 00:00:00+09:00,3046.15380859375,3084.615478515625,2961.53857421875,3000.0,20451,0.0,0.0
2011-02-14 00:00:00+09:00,3015.384521484375,3061.53857421875,2900.0,2900.0,26073,0.0,0.0
2011-02-15 00:00:00+09:00,2861.53857421875,2946.15380859375,2807.6923828125,2853.84619140625,34329,0.0,0.0
2011-02-16 00:00:00+09:00,2846.15380859375,2846.15380859375,2723.076904296875,2800.0,80534,0.0,0.0
2011-02-17 00:00:00+09:00,2776.923095703125,2815.384521484375,2715.384521484375,2715.384521484375,42181,0.0,0.0
2011-02-18 00:00:00+09:00,2653.84619140625,2746.15380859375,2623.076904296875,2723.076904296875,22989,0.0,0.0
2011-02-21 00:00:00+09:00,2723.076904296875,3130.769287109375,2723.076904296875,2930.769287109375,78361,0.0,0.0
2011-02-22 00:00:00+09:00,2892.3076171875,3107.6923828125,2884.615478515625,3030.769287109375,60584,0.0,0.0
2011-02-23 00:00:00+09:00,3107.6923828125,3107.6923828125,2923.076904296875,2992.3076171875,18303,0.0,0.0
2011-02-24 00:00:00+09:00,2988.46142578125,3100.0,2876.923095703125,2950.0,65240,0.0,0.0
2011-02-25 00:00:00+09:00,2907.6923828125,3023.076904296875,2876.923095703125,2984.615478515625,25772,0.0,0.0
2011-02-28 00:00:00+09:00,2984.615478515625,3080.769287109375,2838.46142578125,2869.230712890625,87105,0.0,0.0
2011-03-02 00:00:00+09:00,2746.15380859375,2834.615478515625,2742.3076171875,2815.384521484375,63244,0.0,0.0
2011-03-03 00:00:00+09:00,2815.384521484375,2884.615478515625,2765.384521484375,2803.84619140625,22499,0.0,0.0
2011-03-04 00:00:00+09:00,2803.84619140625,2907.6923828125,2803.84619140625,2884.615478515625,27577,0.0,0.0
2011-03-07 00:00:00+09:00,2926.923095703125,3103.84619140625,2926.923095703125,3073.076904296875,57426,0.0,0.0
2011-03-08 00:00:00+09:00,3073.076904296875,3103.84619140625,3023.076904296875,3076.923095703125,44665,0.0,0.0
2011-03-09 00:00:00+09:00,3130.769287109375,3226.923095703125,3080.769287109375,3153.84619140625,50530,0.0,0.0
2011-03-10 00:00:00+09:00,3153.84619140625,3230.769287109375,3100.0,3161.53857421875,30355,0.0,0.0
2011-03-11 00:00:00+09:00,3126.923095703125,3230.769287109375,2961.53857421875,3065.384521484375,73983,0.0,0.0
2011-03-14 00:00:00+09:00,3065.384521484375,3119.230712890625,2938.46142578125,2996.15380859375,45419,0.0,0.0
2011-03-15 00:00:00+09:00,2888.46142578125,2992.3076171875,2700.0,2807.6923828125,108857,0.0,0.0
2011-03-16 00:00:00+09:00,2738.46142578125,2869.230712890625,2738.46142578125,2846.15380859375,34585,0.0,0.0
2011-03-17 00:00:00+09:00,2846.15380859375,3273.076904296875,2773.076904296875,3273.076904296875,243250,0.0,0.0
2011-03-18 00:00:00+09:00,3607.6923828125,3761.53857421875,3115.384521484375,3192.3076171875,1207560,0.0,0.0
2011-03-21 00:00:00+09:00,3211.53857421875,3284.615478515625,3061.53857421875,3146.15380859375,260369,0.0,0.0
2011-03-22 00:00:00+09:00,3146.15380859375,3200.0,3092.3076171875,3126.923095703125,129402,0.0,0.0
2011-03-23 00:00:00+09:00,3153.84619140625,3492.3076171875,3107.6923828125,3303.84619140625,394587,0.0,0.0
2011-03-24 00:00:00+09:00,3303.84619140625,3384.615478515625,3203.84619140625,3342.3076171875,89006,0.0,0.0
2011-03-25 00:00:00+09:00,3361.53857421875,3426.923095703125,3253.84619140625,3269.230712890625,91125,0.0,0.0
2011-03-28 00:00:00+09:00,3307.6923828125,3376.923095703125,3161.53857421875,3276.923095703125,54909,0.0,0.0
2011-03-29 00:00:00+09:00,3334.615478515625,3334.615478515625,3173.076904296875,3261.53857421875,44251,0.0,0.0
2011-03-30 00:00:00+09:00,3261.53857421875,3346.15380859375,3203.84619140625,3246.15380859375,49185,0.0,0.0
2011-03-31 00:00:00+09:00,3253.84619140625,3330.769287109375,3188.46142578125,3253.84619140625,63160,0.0,0.0
2011-04-01 00:00:00+09:00,3307.6923828125,3307.6923828125,3211.53857421875,3215.384521484375,39849,0.0,0.0
2011-04-04 00:00:00+09:00,3215.384521484375,3288.46142578125,3180.769287109375,3230.769287109375,48516,0.0,0.0
2011-04-05 00:00:00+09:00,3230.769287109375,3300.0,3215.384521484375,3223.076904296875,25178,0.0,0.0
2011-04-06 00:00:00+09:00,3215.384521484375,3303.84619140625,3200.0,3253.84619140625,52175,0.0,0.0
2011-04-07 00:00:00+09:00,3250.0,3250.0,3200.0,3200.0,49400,0.0,0.0
2011-04-08 00:00:00+09:00,3203.84619140625,3292.3076171875,3153.84619140625,3276.923095703125,39103,0.0,0.0
2011-04-11 00:00:00+09:00,3250.0,3288.46142578125,3223.076904296875,3230.769287109375,38325,0.0,0.0
2011-04-12 00:00:00+09:00,3203.84619140625,3261.53857421875,3134.615478515625,3134.615478515625,69701,0.0,0.0
2011-04-13 00:00:00+09:00,3107.6923828125,3230.769287109375,3084.615478515625,3165.384521484375,45701,0.0,0.0
2011-04-14 00:00:00+09:00,3165.384521484375,3176.923095703125,3103.84619140625,3115.384521484375,28411,0.0,0.0
2011-04-15 00:00:00+09:00,3115.384521484375,3203.84619140625,3115.384521484375,3176.923095703125,24949,0.0,0.0
2011-04-18 00:00:00+09:00,3230.769287109375,3230.769287109375,3096.15380859375,3130.769287109375,64869,0.0,0.0
2011-04-19 00:00:00+09:00,3092.3076171875,3146.15380859375,3003.84619140625,3069.230712890625,50166,0.0,0.0
2011-04-20 00:00:00+09:00,3038.46142578125,3134.615478515625,3026.923095703125,3053.84619140625,39742,0.0,0.0
2011-04-21 00:00:00+09:00,3057.6923828125,3103.84619140625,2992.3076171875,2992.3076171875,58924,0.0,0.0
2011-04-22 00:00:00+09:00,3038.46142578125,3038.46142578125,2961.53857421875,3015.384521484375,43957,0.0,0.0
2011-04-25 00:00:00+09:00,3015.384521484375,3050.0,2884.615478515625,2965.384521484375,35674,0.0,0.0
2011-04-26 00:00:00+09:00,2934.615478515625,3011.53857421875,2884.615478515625,2984.615478515625,30984,0.0,0.0
2011-04-27 00:00:00+09:00,3050.0,3050.0,2888.46142578125,2953.84619140625,32488,0.0,0.0
2011-04-28 00:00:00+09:00,2900.0,3000.0,2880.769287109375,2880.769287109375,35307,0.0,0.0
2011-04-29 00:00:00+09:00,2892.3076171875,2946.15380859375,2842.3076171875,2896.15380859375,19973,0.0,0.0
2011-05-02 00:00:00+09:00,2861.53857421875,2946.15380859375,2823.076904296875,2834.615478515625,26002,0.0,0.0
2011-05-03 00:00:00+09:00,2884.615478515625,2884.615478515625,2730.769287109375,2846.15380859375,33000,0.0,0.0
2011-05-04 00:00:00+09:00,2823.076904296875,2873.076904296875,2776.923095703125,2869.230712890625,20860,0.0,0.0
2011-05-06 00:00:00+09:00,2946.15380859375,3296.15380859375,2946.15380859375,3296.15380859375,91630,0.0,0.0
2011-05-09 00:00:00+09:00,3569.230712890625,3661.53857421875,2965.384521484375,3034.615478515625,494930,0.0,0.0
2011-05-11 00:00:00+09:00,3019.230712890625,3088.46142578125,2938.46142578125,3030.769287109375,128764,0.0,0.0
2011-05-12 00:00:00+09:00,3000.0,3057.6923828125,2934.615478515625,2965.384521484375,38997,0.0,0.0
2011-05-13 00:00:00+09:00,2930.769287109375,2973.076904296875,2884.615478515625,2957.6923828125,54462,0.0,0.0
2011-05-16 00:00:00+09:00,2915.384521484375,2969.230712890625,2896.15380859375,2915.384521484375,30170,0.0,0.0
2011-05-17 00:00:00+09:00,2857.6923828125,2911.53857421875,2807.6923828125,2884.615478515625,30801,0.0,0.0
2011-05-18 00:00:00+09:00,2834.615478515625,2900.0,2830.769287109375,2900.0,25170,0.0,0.0
2011-05-19 00:00:00+09:00,2869.230712890625,2923.076904296875,2850.0,2876.923095703125,39286,0.0,0.0
2011-05-20 00:00:00+09:00,2900.0,2907.6923828125,2857.6923828125,2869.230712890625,13106,0.0,0.0
2011-05-23 00:00:00+09:00,2811.53857421875,2876.923095703125,2776.923095703125,2776.923095703125,42343,0.0,0.0
2011-05-24 00:00:00+09:00,2734.615478515625,2853.84619140625,2734.615478515625,2815.384521484375,18487,0.0,0.0
2011-05-25 00:00:00+09:00,3046.15380859375,3046.15380859375,2834.615478515625,2923.076904296875,16516,0.0,0.0
2011-05-26 00:00:00+09:00,2923.076904296875,3038.46142578125,2846.15380859375,2911.53857421875,28773,0.0,0.0
2011-05-27 00:00:00+09:00,2853.84619140625,2969.230712890625,2842.3076171875,2873.076904296875,24119,0.0,0.0
2011-05-30 00:00:00+09:00,2846.15380859375,2919.230712890625,2807.6923828125,2865.384521484375,17402,0.0,0.0
2011-05-31 00:00:00+09:00,2834.615478515625,2900.0,2834.615478515625,2838.46142578125,14663,0.0,0.0
2011-06-01 00:00:00+09:00,2823.076904296875,2846.15380859375,2784.615478515625,2815.384521484375,20241,0.0,0.0
2011-06-02 00:00:00+09:00,2773.076904296875,2826.923095703125,2769.230712890625,2803.84619140625,25255,0.0,0.0
2011-06-03 00:00:00+09:00,2800.0,2830.769287109375,2769.230712890625,2769.230712890625,38875,0.0,0.0
2011-06-07 00:00:00+09:00,2769.230712890625,2800.0,2700.0,2750.0,11757,0.0,0.0
2011-06-08 00:00:00+09:00,2807.6923828125,2807.6923828125,2700.0,2753.84619140625,14275,0.0,0.0
2011-06-09 00:00:00+09:00,2792.3076171875,2792.3076171875,2746.15380859375,2761.53857421875,7897,0.0,0.0
2011-06-10 00:00:00+09:00,2784.615478515625,2784.615478515625,2746.15380859375,2780.769287109375,21699,0.0,0.0
2011-06-13 00:00:00+09:00,2780.769287109375,2780.769287109375,2619.230712890625,2692.3076171875,39374,0.0,0.0
2011-06-14 00:00:00+09:00,2657.6923828125,2769.230712890625,2580.769287109375,2600.0,48053,0.0,0.0
2011-06-15 00:00:00+09:00,2600.0,2653.84619140625,2596.15380859375,2638.46142578125,22161,0.0,0.0
2011-06-16 00:00:00+09:00,2607.6923828125,2673.076904296875,2580.769287109375,2634.615478515625,15877,0.0,0.0
2011-06-17 00:00:00+09:00,2619.230712890625,2692.3076171875,2584.615478515625,2596.15380859375,26134,0.0,0.0
2011-06-20 00:00:00+09:00,2653.84619140625,2653.84619140625,2523.076904296875,2550.0,15537,0.0,0.0
2011-06-21 00:00:00+09:00,2503.84619140625,2538.46142578125,2461.53857421875,2507.6923828125,47208,0.0,0.0
2011-06-22 00:00:00+09:00,2538.46142578125,2573.076904296875,2492.3076171875,2561.53857421875,14513,0.0,0.0
2011-06-23 00:00:00+09:00,2638.46142578125,2638.46142578125,2538.46142578125,2538.46142578125,9518,0.0,0.0
2011-06-24 00:00:00+09:00,2607.6923828125,2607.6923828125,2384.615478515625,2530.769287109375,14456,0.0,0.0
2011-06-27 00:00:00+09:00,2473.076904296875,2507.6923828125,2392.3076171875,2403.84619140625,112085,0.0,0.0
2011-06-28 00:00:00+09:00,2661.53857421875,2665.384521484375,2426.923095703125,2550.0,29501,0.0,0.0
2011-06-29 00:00:00+09:00,2550.0,2569.230712890625,2469.230712890625,2515.384521484375,15332,0.0,0.0
2011-06-30 00:00:00+09:00,2546.15380859375,2607.6923828125,2476.923095703125,2550.0,31520,0.0,0.0
2011-07-01 00:00:00+09:00,2515.384521484375,2623.076904296875,2511.53857421875,2519.230712890625,29822,0.0,0.0
2011-07-04 00:00:00+09:00,2615.384521484375,2615.384521484375,2523.076904296875,2573.076904296875,11433,0.0,0.0
2011-07-05 00:00:00+09:00,2569.230712890625,2607.6923828125,2534.615478515625,2607.6923828125,29408,0.0,0.0
2011-07-06 00:00:00+09:00,2669.230712890625,2692.3076171875,2569.230712890625,2676.923095703125,20589,0.0,0.0
2011-07-07 00:00:00+09:00,2623.076904296875,2765.384521484375,2600.0,2676.923095703125,37652,0.0,0.0
2011-07-08 00:00:00+09:00,2692.3076171875,2769.230712890625,2630.769287109375,2711.53857421875,17224,0.0,0.0
2011-07-11 00:00:00+09:00,2653.84619140625,2765.384521484375,2638.46142578125,2696.15380859375,18488,0.0,0.0
2011-07-12 00:00:00+09:00,2657.6923828125,2700.0,2592.3076171875,2642.3076171875,15335,0.0,0.0
2011-07-13 00:00:00+09:00,2588.46142578125,2688.46142578125,2546.15380859375,2600.0,36517,0.0,0.0
2011-07-14 00:00:00+09:00,2653.84619140625,2653.84619140625,2565.384521484375,2600.0,12719,0.0,0.0
2011-07-15 00:00:00+09:00,2638.46142578125,2638.46142578125,2550.0,2550.0,13226,0.0,0.0
2011-07-18 00:00:00+09:00,2526.923095703125,2592.3076171875,2523.076904296875,2553.84619140625,38957,0.0,0.0
2011-07-19 00:00:00+09:00,2576.923095703125,2769.230712890625,2546.15380859375,2638.46142578125,63362,0.0,0.0
2011-07-20 00:00:00+09:00,2726.923095703125,2730.769287109375,2615.384521484375,2623.076904296875,41045,0.0,0.0
2011-07-21 00:00:00+09:00,2992.3076171875,2992.3076171875,2703.84619140625,2757.6923828125,114325,0.0,0.0
2011-07-22 00:00:00+09:00,2757.6923828125,3169.230712890625,2757.6923828125,3169.230712890625,405630,0.0,0.0
2011-07-25 00:00:00+09:00,3292.3076171875,3538.46142578125,3153.84619140625,3350.0,693640,0.0,0.0
2011-07-26 00:00:00+09:00,3365.384521484375,3407.6923828125,3238.46142578125,3373.076904296875,282606,0.0,0.0
2011-07-27 00:00:00+09:00,3392.3076171875,3769.230712890625,3169.230712890625,3192.3076171875,1237527,0.0,0.0
2011-07-28 00:00:00+09:00,3207.6923828125,3273.076904296875,3000.0,3038.46142578125,428233,0.0,0.0
2011-07-29 00:00:00+09:00,3046.15380859375,3146.15380859375,2926.923095703125,2926.923095703125,195662,0.0,0.0
2011-08-01 00:00:00+09:00,2926.923095703125,3007.6923828125,2880.769287109375,3000.0,245821,0.0,0.0
2011-08-02 00:00:00+09:00,2950.0,3053.84619140625,2915.384521484375,2926.923095703125,105555,0.0,0.0
2011-08-03 00:00:00+09:00,2888.46142578125,2946.15380859375,2803.84619140625,2826.923095703125,136843,0.0,0.0
2011-08-04 00:00:00+09:00,2884.615478515625,2884.615478515625,2738.46142578125,2803.84619140625,122398,0.0,0.0
2011-08-05 00:00:00+09:00,2653.84619140625,2688.46142578125,2461.53857421875,2588.46142578125,144196,0.0,0.0
2011-08-08 00:00:00+09:00,2423.076904296875,2588.46142578125,2280.769287109375,2453.84619140625,196153,0.0,0.0
2011-08-09 00:00:00+09:00,2307.6923828125,2365.384521484375,2092.3076171875,2253.84619140625,156309,0.0,0.0
2011-08-10 00:00:00+09:00,2423.076904296875,2423.076904296875,2330.769287109375,2403.84619140625,69590,0.0,0.0
2011-08-11 00:00:00+09:00,2230.769287109375,2419.230712890625,2157.6923828125,2400.0,39253,0.0,0.0
2011-08-12 00:00:00+09:00,2584.615478515625,2584.615478515625,2426.923095703125,2438.46142578125,50064,0.0,0.0
2011-08-16 00:00:00+09:00,2550.0,2596.15380859375,2469.230712890625,2576.923095703125,62809,0.0,0.0
2011-08-17 00:00:00+09:00,2600.0,2892.3076171875,2507.6923828125,2696.15380859375,132210,0.0,0.0
2011-08-18 00:00:00+09:00,2711.53857421875,2792.3076171875,2526.923095703125,2584.615478515625,51701,0.0,0.0
2011-08-19 00:00:00+09:00,2461.53857421875,2553.84619140625,2384.615478515625,2384.615478515625,74876,0.0,0.0
2011-08-22 00:00:00+09:00,2519.230712890625,2519.230712890625,2350.0,2376.923095703125,24025,0.0,0.0
2011-08-23 00:00:00+09:00,2326.923095703125,2446.15380859375,2326.923095703125,2365.384521484375,50019,0.0,0.0
2011-08-24 00:00:00+09:00,2361.53857421875,2430.769287109375,2342.3076171875,2346.15380859375,48625,0.0,0.0
2011-08-25 00:00:00+09:00,2423.076904296875,2676.923095703125,2365.384521484375,2457.6923828125,110301,0.0,0.0
2011-08-26 00:00:00+09:00,2376.923095703125,2461.53857421875,2376.923095703125,2450.0,45621,0.0,0.0
2011-08-29 00:00:00+09:00,2446.15380859375,2503.84619140625,2446.15380859375,2461.53857421875,28346,0.0,0.0
2011-08-30 00:00:00+09:00,2500.0,2646.15380859375,2476.923095703125,2530.769287109375,69248,0.0,0.0
2011-08-31 00:00:00+09:00,2538.46142578125,2576.923095703125,2507.6923828125,2507.6923828125,23543,0.0,0.0
2011-09-01 00:00:00+09:00,2484.615478515625,2650.0,2423.076904296875,2423.076904296875,55475,0.0,0.0
2011-09-02 00:00:00+09:00,2453.84619140625,2492.3076171875,2392.3076171875,2430.769287109375,27601,0.0,0.0
2011-09-05 00:00:00+09:00,2361.53857421875,2519.230712890625,2361.53857421875,2407.6923828125,15077,0.0,0.0
2011-09-06 00:00:00+09:00,2330.769287109375,2384.615478515625,2326.923095703125,2334.615478515625,29650,0.0,0.0
2011-09-07 00:00:00+09:00,2346.15380859375,2411.53857421875,2346.15380859375,2407.6923828125,25909,0.0,0.0
2011-09-08 00:00:00+09:00,2407.6923828125,2461.53857421875,2350.0,2388.46142578125,31785,0.0,0.0
2011-09-09 00:00:00+09:00,2350.0,2611.53857421875,2350.0,2400.0,101169,0.0,0.0
2011-09-14 00:00:00+09:00,2338.46142578125,2450.0,2323.076904296875,2346.15380859375,57802,0.0,0.0
2011-09-15 00:00:00+09:00,2311.53857421875,2388.46142578125,2300.0,2323.076904296875,32779,0.0,0.0
2011-09-16 00:00:00+09:00,2292.3076171875,2384.615478515625,2292.3076171875,2361.53857421875,36521,0.0,0.0
2011-09-19 00:00:00+09:00,2361.53857421875,2400.0,2346.15380859375,2346.15380859375,22933,0.0,0.0
2011-09-20 00:00:00+09:00,2346.15380859375,2407.6923828125,2342.3076171875,2384.615478515625,37977,0.0,0.0
2011-09-21 00:00:00+09:00,2361.53857421875,2423.076904296875,2361.53857421875,2415.384521484375,36257,0.0,0.0
2011-09-22 00:00:00+09:00,2461.53857421875,2461.53857421875,2350.0,2419.230712890625,35791,0.0,0.0
2011-09-23 00:00:00+09:00,2242.3076171875,2369.230712890625,2230.769287109375,2230.769287109375,40289,0.0,0.0
2011-09-26 00:00:00+09:00,2157.6923828125,2330.769287109375,2030.769287109375,2103.84619140625,45851,0.0,0.0
2011-09-27 00:00:00+09:00,2103.84619140625,2230.769287109375,2038.4615478515625,2138.46142578125,56237,0.0,0.0
2011-09-28 00:00:00+09:00,2138.46142578125,2200.0,2076.923095703125,2076.923095703125,19385,0.0,0.0
2011-09-29 00:00:00+09:00,2007.6922607421875,2103.84619140625,2007.6922607421875,2084.615478515625,31501,0.0,0.0
2011-09-30 00:00:00+09:00,2092.3076171875,2269.230712890625,2088.46142578125,2176.923095703125,28995,0.0,0.0
2011-10-04 00:00:00+09:00,2153.84619140625,2153.84619140625,2050.0,2073.076904296875,11264,0.0,0.0
2011-10-05 00:00:00+09:00,2103.84619140625,2219.230712890625,2030.769287109375,2111.53857421875,21295,0.0,0.0
2011-10-06 00:00:00+09:00,2111.53857421875,2242.3076171875,2111.53857421875,2215.384521484375,22719,0.0,0.0
2011-10-07 00:00:00+09:00,2269.230712890625,2269.230712890625,2180.769287109375,2238.46142578125,20817,0.0,0.0
2011-10-10 00:00:00+09:00,2261.53857421875,2303.84619140625,2196.15380859375,2207.6923828125,44431,0.0,0.0
2011-10-11 00:00:00+09:00,2238.46142578125,2288.46142578125,2184.615478515625,2253.84619140625,17792,0.0,0.0
2011-10-12 00:00:00+09:00,2253.84619140625,2253.84619140625,2207.6923828125,2223.076904296875,30367,0.0,0.0
2011-10-13 00:00:00+09:00,2334.615478515625,2334.615478515625,2226.923095703125,2296.15380859375,25174,0.0,0.0
2011-10-14 00:00:00+09:00,2296.15380859375,2307.6923828125,2223.076904296875,2265.384521484375,25241,0.0,0.0
2011-10-17 00:00:00+09:00,2296.15380859375,2296.15380859375,2215.384521484375,2230.769287109375,38573,0.0,0.0
2011-10-18 00:00:00+09:00,2192.3076171875,2253.84619140625,2192.3076171875,2246.15380859375,21376,0.0,0.0
2011-10-19 00:00:00+09:00,2253.84619140625,2338.46142578125,2234.615478515625,2269.230712890625,18886,0.0,0.0
2011-10-20 00:00:00+09:00,2269.230712890625,2315.384521484375,2230.769287109375,2292.3076171875,23804,0.0,0.0
2011-10-21 00:00:00+09:00,2276.923095703125,2307.6923828125,2203.84619140625,2307.6923828125,48827,0.0,0.0
2011-10-24 00:00:00+09:00,2307.6923828125,2334.615478515625,2265.384521484375,2300.0,10941,0.0,0.0
2011-10-25 00:00:00+09:00,2292.3076171875,2346.15380859375,2250.0,2269.230712890625,8889,0.0,0.0
2011-10-26 00:00:00+09:00,2307.6923828125,2307.6923828125,2230.769287109375,2303.84619140625,30178,0.0,0.0
2011-10-27 00:00:00+09:00,2257.6923828125,2319.230712890625,2234.615478515625,2303.84619140625,50372,0.0,0.0
2011-10-28 00:00:00+09:00,2326.923095703125,2353.84619140625,2273.076904296875,2307.6923828125,38324,0.0,0.0
2011-10-31 00:00:00+09:00,2338.46142578125,2338.46142578125,2276.923095703125,2276.923095703125,19964,0.0,0.0
2011-11-01 00:00:00+09:00,2269.230712890625,2323.076904296875,2246.15380859375,2303.84619140625,13749,0.0,0.0
2011-11-02 00:00:00+09:00,2292.3076171875,2303.84619140625,2200.0,2303.84619140625,23802,0.0,0.0
2011-11-03 00:00:00+09:00,2446.15380859375,2446.15380859375,2284.615478515625,2415.384521484375,43298,0.0,0.0
2011-11-04 00:00:00+09:00,2384.615478515625,2461.53857421875,2326.923095703125,2369.230712890625,32170,0.0,0.0
2011-11-07 00:00:00+09:00,2442.3076171875,2442.3076171875,2307.6923828125,2411.53857421875,58717,0.0,0.0
2011-11-08 00:00:00+09:00,2376.923095703125,2384.615478515625,2311.53857421875,2311.53857421875,58115,0.0,0.0
2011-11-09 00:00:00+09:00,2326.923095703125,2380.769287109375,2234.615478515625,2307.6923828125,74674,0.0,0.0
2011-11-10 00:00:00+09:00,2153.84619140625,2230.769287109375,2153.84619140625,2184.615478515625,49759,0.0,0.0
2011-11-11 00:00:00+09:00,2184.615478515625,2242.3076171875,2184.615478515625,2192.3076171875,23055,0.0,0.0
2011-11-14 00:00:00+09:00,2230.769287109375,2257.6923828125,2211.53857421875,2230.769287109375,23635,0.0,0.0
2011-11-15 00:00:00+09:00,2230.769287109375,2265.384521484375,2157.6923828125,2226.923095703125,40198,0.0,0.0
2011-11-16 00:00:00+09:00,2192.3076171875,2242.3076171875,2184.615478515625,2188.46142578125,26424,0.0,0.0
2011-11-17 00:00:00+09:00,2157.6923828125,2230.769287109375,2153.84619140625,2180.769287109375,36607,0.0,0.0
2011-11-18 00:00:00+09:00,2192.3076171875,2192.3076171875,2150.0,2184.615478515625,20279,0.0,0.0
2011-11-21 00:00:00+09:00,2226.923095703125,2226.923095703125,2073.076904296875,2080.769287109375,111336,0.0,0.0
2011-11-22 00:00:00+09:00,1996.15380859375,2180.769287109375,1996.15380859375,2150.0,23285,0.0,0.0
2011-11-23 00:00:00+09:00,2119.230712890625,2142.3076171875,2084.615478515625,2126.923095703125,25562,0.0,0.0
2011-11-24 00:00:00+09:00,2138.46142578125,2138.46142578125,2007.6922607421875,2115.384521484375,19600,0.0,0.0
2011-11-25 00:00:00+09:00,2038.4615478515625,2092.3076171875,2023.076904296875,2069.230712890625,19804,0.0,0.0
2011-11-28 00:00:00+09:00,2100.0,2130.769287109375,2038.4615478515625,2061.53857421875,17097,0.0,0.0
2011-11-29 00:00:00+09:00,2146.15380859375,2146.15380859375,2007.6922607421875,2034.6153564453125,48113,0.0,0.0
2011-11-30 00:00:00+09:00,2053.84619140625,2053.84619140625,2000.0,2030.769287109375,19553,0.0,0.0
2011-12-01 00:00:00+09:00,2030.769287109375,2073.076904296875,2030.769287109375,2053.84619140625,19982,0.0,0.0
2011-12-02 00:00:00+09:00,2038.4615478515625,2069.230712890625,2038.4615478515625,2053.84619140625,4416,0.0,0.0
2011-12-05 00:00:00+09:00,2076.923095703125,2076.923095703125,2038.4615478515625,2061.53857421875,25207,0.0,0.0
2011-12-06 00:00:00+09:00,2111.53857421875,2111.53857421875,2042.3077392578125,2076.923095703125,9206,0.0,0.0
2011-12-07 00:00:00+09:00,2065.384521484375,2084.615478515625,2038.4615478515625,2042.3077392578125,37406,0.0,0.0
2011-12-08 00:00:00+09:00,2042.3077392578125,2084.615478515625,1973.076904296875,2026.923095703125,86043,0.0,0.0
2011-12-09 00:00:00+09:00,2019.230712890625,2019.230712890625,1973.076904296875,1992.3077392578125,29324,0.0,0.0
2011-12-12 00:00:00+09:00,2000.0,2030.769287109375,1907.6922607421875,1930.769287109375,128660,0.0,0.0
2011-12-13 00:00:00+09:00,1907.6922607421875,1938.4615478515625,1842.3077392578125,1884.6153564453125,122684,0.0,0.0
2011-12-14 00:00:00+09:00,1880.769287109375,1884.6153564453125,1815.3846435546875,1850.0,61990,0.0,0.0
2011-12-15 00:00:00+09:00,1823.076904296875,1846.15380859375,1761.5384521484375,1765.3846435546875,86134,0.0,0.0
2011-12-16 00:00:00+09:00,1803.84619140625,1830.769287109375,1757.6922607421875,1811.5384521484375,32289,0.0,0.0
2011-12-19 00:00:00+09:00,1807.6922607421875,1815.3846435546875,1580.769287109375,1630.769287109375,46344,0.0,0.0
2011-12-20 00:00:00+09:00,1684.6153564453125,1719.230712890625,1623.076904296875,1688.4615478515625,35776,0.0,0.0
2011-12-21 00:00:00+09:00,1715.3846435546875,1730.769287109375,1684.6153564453125,1715.3846435546875,31894,0.0,0.0
2011-12-22 00:00:00+09:00,1684.6153564453125,1711.5384521484375,1630.769287109375,1646.15380859375,56381,0.0,0.0
2011-12-23 00:00:00+09:00,1669.230712890625,1715.3846435546875,1646.15380859375,1700.0,47494,0.0,0.0
2011-12-26 00:00:00+09:00,1738.4615478515625,1738.4615478515625,1684.6153564453125,1726.923095703125,33269,0.0,0.0
2011-12-27 00:00:00+09:00,1746.15380859375,1746.15380859375,1665.3846435546875,1711.5384521484375,27273,0.0,0.0
2011-12-28 00:00:00+09:00,1692.3077392578125,1738.4615478515625,1669.230712890625,1738.4615478515625,33212,0.0,0.0
2011-12-29 00:00:00+09:00,1730.769287109375,1807.6922607421875,1707.6922607421875,1792.3077392578125,36919,0.0,0.0
2012-01-02 00:00:00+09:00,1792.3077392578125,2057.6923828125,1792.3077392578125,2057.6923828125,366239,0.0,0.0
2012-01-03 00:00:00+09:00,2173.076904296875,2365.384521484375,2080.769287109375,2207.6923828125,765409,0.0,0.0
2012-01-04 00:00:00+09:00,2238.46142578125,2250.0,2053.84619140625,2115.384521484375,402407,0.0,0.0
2012-01-05 00:00:00+09:00,2080.769287109375,2423.076904296875,2050.0,2376.923095703125,1004964,0.0,0.0
2012-01-06 00:00:00+09:00,2400.0,2457.6923828125,2265.384521484375,2315.384521484375,258344,0.0,0.0
2012-01-09 00:00:00+09:00,2292.3076171875,2411.53857421875,2269.230712890625,2307.6923828125,180480,0.0,0.0
2012-01-10 00:00:00+09:00,2369.230712890625,2369.230712890625,2253.84619140625,2253.84619140625,160036,0.0,0.0
2012-01-11 00:00:00+09:00,2276.923095703125,2288.46142578125,2161.53857421875,2169.230712890625,202160,0.0,0.0
2012-01-12 00:00:00+09:00,2169.230712890625,2269.230712890625,2157.6923828125,2203.84619140625,99651,0.0,0.0
2012-01-13 00:00:00+09:00,2230.769287109375,2300.0,2126.923095703125,2180.769287109375,110282,0.0,0.0
2012-01-16 00:00:00+09:00,2169.230712890625,2192.3076171875,2069.230712890625,2096.15380859375,97567,0.0,0.0
2012-01-17 00:00:00+09:00,2065.384521484375,2153.84619140625,2065.384521484375,2080.769287109375,56448,0.0,0.0
2012-01-18 00:00:00+09:00,2084.615478515625,2253.84619140625,2084.615478515625,2126.923095703125,80723,0.0,0.0
2012-01-19 00:00:00+09:00,2184.615478515625,2300.0,2134.615478515625,2234.615478515625,205694,0.0,0.0
2012-01-20 00:00:00+09:00,2234.615478515625,2288.46142578125,2153.84619140625,2196.15380859375,60034,0.0,0.0
2012-01-25 00:00:00+09:00,2196.15380859375,2253.84619140625,2134.615478515625,2157.6923828125,69576,0.0,0.0
2012-01-26 00:00:00+09:00,2180.769287109375,2180.769287109375,2119.230712890625,2153.84619140625,41329,0.0,0.0
2012-01-27 00:00:00+09:00,2119.230712890625,2215.384521484375,2084.615478515625,2100.0,66841,0.0,0.0
2012-01-30 00:00:00+09:00,2084.615478515625,2115.384521484375,2065.384521484375,2088.46142578125,39509,0.0,0.0
2012-01-31 00:00:00+09:00,2053.84619140625,2115.384521484375,2053.84619140625,2092.3076171875,66989,0.0,0.0
2012-02-01 00:00:00+09:00,2092.3076171875,2223.076904296875,2092.3076171875,2184.615478515625,137411,0.0,0.0
2012-02-02 00:00:00+09:00,2146.15380859375,2196.15380859375,2115.384521484375,2180.769287109375,62064,0.0,0.0
2012-02-03 00:00:00+09:00,2200.0,2200.0,2092.3076171875,2138.46142578125,55806,0.0,0.0
2012-02-06 00:00:00+09:00,2284.615478515625,2376.923095703125,2211.53857421875,2238.46142578125,285363,0.0,0.0
2012-02-07 00:00:00+09:00,2257.6923828125,2257.6923828125,2146.15380859375,2184.615478515625,80058,0.0,0.0
2012-02-08 00:00:00+09:00,2157.6923828125,2196.15380859375,2100.0,2188.46142578125,64065,0.0,0.0
2012-02-09 00:00:00+09:00,2134.615478515625,2226.923095703125,2115.384521484375,2196.15380859375,88118,0.0,0.0
2012-02-10 00:00:00+09:00,2192.3076171875,2203.84619140625,2165.384521484375,2192.3076171875,52632,0.0,0.0
2012-02-13 00:00:00+09:00,2180.769287109375,2211.53857421875,2123.076904296875,2188.46142578125,77603,0.0,0.0
2012-02-14 00:00:00+09:00,2211.53857421875,2215.384521484375,2150.0,2150.0,77432,0.0,0.0
2012-02-15 00:00:00+09:00,2180.769287109375,2180.769287109375,2119.230712890625,2138.46142578125,57785,0.0,0.0
2012-02-16 00:00:00+09:00,2115.384521484375,2176.923095703125,2115.384521484375,2130.769287109375,40133,0.0,0.0
2012-02-17 00:00:00+09:00,2115.384521484375,2142.3076171875,2088.46142578125,2107.6923828125,74325,0.0,0.0
2012-02-20 00:00:00+09:00,2138.46142578125,2138.46142578125,2084.615478515625,2100.0,35205,0.0,0.0
2012-02-21 00:00:00+09:00,2111.53857421875,2111.53857421875,2061.53857421875,2076.923095703125,57158,0.0,0.0
2012-02-22 00:00:00+09:00,2076.923095703125,2138.46142578125,2030.769287109375,2030.769287109375,67223,0.0,0.0
2012-02-23 00:00:00+09:00,2023.076904296875,2065.384521484375,1934.6153564453125,1973.076904296875,83680,0.0,0.0
2012-02-24 00:00:00+09:00,1992.3077392578125,1992.3077392578125,1900.0,1969.230712890625,91545,0.0,0.0
2012-02-27 00:00:00+09:00,2003.84619140625,2003.84619140625,1888.4615478515625,1903.84619140625,29481,0.0,0.0
2012-02-28 00:00:00+09:00,1911.5384521484375,1950.0,1884.6153564453125,1884.6153564453125,59792,0.0,0.0
2012-02-29 00:00:00+09:00,1830.769287109375,1903.84619140625,1819.230712890625,1873.076904296875,129441,0.0,0.0
2012-03-02 00:00:00+09:00,1888.4615478515625,1957.6922607421875,1876.923095703125,1938.4615478515625,64360,0.0,0.0
2012-03-05 00:00:00+09:00,1992.3077392578125,1992.3077392578125,1896.15380859375,1896.15380859375,22502,0.0,0.0
2012-03-06 00:00:00+09:00,1896.15380859375,1900.0,1807.6922607421875,1834.6153564453125,79170,0.0,0.0
2012-03-07 00:00:00+09:00,1784.6153564453125,1861.5384521484375,1776.923095703125,1853.84619140625,24112,0.0,0.0
2012-03-08 00:00:00+09:00,1873.076904296875,1888.4615478515625,1830.769287109375,1853.84619140625,14759,0.0,0.0
2012-03-09 00:00:00+09:00,1853.84619140625,1884.6153564453125,1800.0,1838.4615478515625,82712,0.0,0.0
2012-03-12 00:00:00+09:00,1853.84619140625,1853.84619140625,1807.6922607421875,1838.4615478515625,35355,0.0,0.0
2012-03-13 00:00:00+09:00,1861.5384521484375,1865.3846435546875,1815.3846435546875,1861.5384521484375,23375,0.0,0.0
2012-03-14 00:00:00+09:00,1876.923095703125,2030.769287109375,1865.3846435546875,1919.230712890625,109039,0.0,0.0
2012-03-15 00:00:00+09:00,1923.076904296875,1957.6922607421875,1869.230712890625,1869.230712890625,36135,0.0,0.0
2012-03-16 00:00:00+09:00,1869.230712890625,1915.3846435546875,1834.6153564453125,1873.076904296875,35989,0.0,0.0
2012-03-19 00:00:00+09:00,1861.5384521484375,1900.0,1861.5384521484375,1900.0,34364,0.0,0.0
2012-03-20 00:00:00+09:00,1892.3077392578125,1934.6153564453125,1892.3077392578125,1923.076904296875,27821,0.0,0.0
2012-03-21 00:00:00+09:00,1923.076904296875,1961.5384521484375,1873.076904296875,1923.076904296875,37223,0.0,0.0
2012-03-22 00:00:00+09:00,1926.923095703125,1946.15380859375,1826.923095703125,1826.923095703125,69278,0.0,0.0
2012-03-23 00:00:00+09:00,1750.0,1807.6922607421875,1730.769287109375,1738.4615478515625,113014,0.0,0.0
2012-03-26 00:00:00+09:00,1769.230712890625,1807.6922607421875,1711.5384521484375,1711.5384521484375,25398,0.0,0.0
2012-03-27 00:00:00+09:00,1673.076904296875,1742.3077392578125,1673.076904296875,1726.923095703125,24333,0.0,0.0
2012-03-28 00:00:00+09:00,1761.5384521484375,1761.5384521484375,1638.4615478515625,1661.5384521484375,62438,0.0,0.0
2012-03-29 00:00:00+09:00,1646.15380859375,1684.6153564453125,1569.230712890625,1592.3077392578125,82361,0.0,0.0
2012-03-30 00:00:00+09:00,1592.3077392578125,1669.230712890625,1534.6153564453125,1623.076904296875,114607,0.0,0.0
2012-04-02 00:00:00+09:00,1607.6922607421875,1653.84619140625,1592.3077392578125,1646.15380859375,28658,0.0,0.0
2012-04-03 00:00:00+09:00,1642.3077392578125,1669.230712890625,1580.769287109375,1603.84619140625,34676,0.0,0.0
2012-04-04 00:00:00+09:00,1584.6153564453125,1615.3846435546875,1546.15380859375,1546.15380859375,33407,0.0,0.0
2012-04-05 00:00:00+09:00,1538.4615478515625,1592.3077392578125,1515.3846435546875,1542.3077392578125,52836,0.0,0.0
2012-04-06 00:00:00+09:00,1553.84619140625,1584.6153564453125,1530.769287109375,1553.84619140625,19076,0.0,0.0
2012-04-09 00:00:00+09:00,1592.3077392578125,1592.3077392578125,1473.076904296875,1553.84619140625,39403,0.0,0.0
2012-04-10 00:00:00+09:00,1496.15380859375,1584.6153564453125,1496.15380859375,1538.4615478515625,19476,0.0,0.0
2012-04-12 00:00:00+09:00,1538.4615478515625,1592.3077392578125,1526.923095703125,1592.3077392578125,17251,0.0,0.0
2012-04-13 00:00:00+09:00,1596.15380859375,1615.3846435546875,1569.230712890625,1600.0,9751,0.0,0.0
2012-04-16 00:00:00+09:00,1600.0,1665.3846435546875,1600.0,1615.3846435546875,45150,0.0,0.0
2012-04-17 00:00:00+09:00,1584.6153564453125,1638.4615478515625,1584.6153564453125,1615.3846435546875,17499,0.0,0.0
2012-04-18 00:00:00+09:00,1653.84619140625,1661.5384521484375,1619.230712890625,1642.3077392578125,9604,0.0,0.0
2012-04-19 00:00:00+09:00,1673.076904296875,1673.076904296875,1573.076904296875,1611.5384521484375,39550,0.0,0.0
2012-04-20 00:00:00+09:00,1584.6153564453125,1615.3846435546875,1569.230712890625,1573.076904296875,22619,0.0,0.0
2012-04-23 00:00:00+09:00,1573.076904296875,1600.0,1507.6922607421875,1553.84619140625,54443,0.0,0.0
2012-04-24 00:00:00+09:00,1523.076904296875,1653.84619140625,1500.0,1653.84619140625,49328,0.0,0.0
2012-04-25 00:00:00+09:00,1669.230712890625,1669.230712890625,1584.6153564453125,1584.6153564453125,40197,0.0,0.0
2012-04-26 00:00:00+09:00,1615.3846435546875,1615.3846435546875,1511.5384521484375,1546.15380859375,52833,0.0,0.0
2012-04-27 00:00:00+09:00,1565.3846435546875,1565.3846435546875,1515.3846435546875,1561.5384521484375,25914,0.0,0.0
2012-04-30 00:00:00+09:00,1576.923095703125,1584.6153564453125,1500.0,1538.4615478515625,25250,0.0,0.0
2012-05-02 00:00:00+09:00,1526.923095703125,1553.84619140625,1519.230712890625,1546.15380859375,48590,0.0,0.0
2012-05-03 00:00:00+09:00,1530.769287109375,1642.3077392578125,1519.230712890625,1642.3077392578125,33600,0.0,0.0
2012-05-04 00:00:00+09:00,1669.230712890625,1700.0,1550.0,1600.0,73498,0.0,0.0
2012-05-07 00:00:00+09:00,1596.15380859375,1838.4615478515625,1569.230712890625,1838.4615478515625,254043,0.0,0.0
2012-05-08 00:00:00+09:00,1938.4615478515625,2092.3076171875,1892.3077392578125,1892.3077392578125,965483,0.0,0.0
2012-05-09 00:00:00+09:00,1896.15380859375,1930.769287109375,1746.15380859375,1746.15380859375,308209,0.0,0.0
2012-05-10 00:00:00+09:00,1746.15380859375,1796.15380859375,1673.076904296875,1784.6153564453125,147803,0.0,0.0
2012-05-11 00:00:00+09:00,1880.769287109375,2050.0,1880.769287109375,2050.0,511580,0.0,0.0
2012-05-14 00:00:00+09:00,2123.076904296875,2184.615478515625,1884.6153564453125,1965.3846435546875,887132,0.0,0.0
2012-05-15 00:00:00+09:00,1876.923095703125,2257.6923828125,1776.923095703125,2042.3077392578125,844421,0.0,0.0
2012-05-16 00:00:00+09:00,2115.384521484375,2123.076904296875,1819.230712890625,1819.230712890625,278100,0.0,0.0
2012-05-17 00:00:00+09:00,1807.6922607421875,1938.4615478515625,1769.230712890625,1853.84619140625,175445,0.0,0.0
2012-05-18 00:00:00+09:00,1853.84619140625,2130.769287109375,1846.15380859375,2130.769287109375,2255373,0.0,0.0
2012-05-21 00:00:00+09:00,2450.0,2450.0,2003.84619140625,2073.076904296875,3526960,0.0,0.0
2012-05-22 00:00:00+09:00,2111.53857421875,2296.15380859375,2042.3077392578125,2215.384521484375,2078697,0.0,0.0
2012-05-23 00:00:00+09:00,2215.384521484375,2269.230712890625,2080.769287109375,2080.769287109375,1135040,0.0,0.0
2012-05-24 00:00:00+09:00,2053.84619140625,2142.3076171875,1869.230712890625,1984.6153564453125,989045,0.0,0.0
2012-05-25 00:00:00+09:00,1984.6153564453125,2138.46142578125,1973.076904296875,2050.0,638323,0.0,0.0
2012-05-29 00:00:00+09:00,2084.615478515625,2096.15380859375,2000.0,2023.076904296875,250062,0.0,0.0
2012-05-30 00:00:00+09:00,2038.4615478515625,2050.0,1961.5384521484375,2030.769287109375,248710,0.0,0.0
2012-05-31 00:00:00+09:00,2003.84619140625,2334.615478515625,2000.0,2334.615478515625,1689882,0.0,0.0
2012-06-01 00:00:00+09:00,2334.615478515625,2400.0,2234.615478515625,2361.53857421875,2110861,0.0,0.0
2012-06-04 00:00:00+09:00,2292.3076171875,2565.384521484375,2269.230712890625,2450.0,2479273,0.0,0.0
2012-06-05 00:00:00+09:00,2526.923095703125,2715.384521484375,2084.615478515625,2426.923095703125,1809265,0.0,0.0
2012-06-07 00:00:00+09:00,2446.15380859375,2561.53857421875,2338.46142578125,2338.46142578125,590031,0.0,0.0
2012-06-08 00:00:00+09:00,2407.6923828125,2538.46142578125,2346.15380859375,2346.15380859375,887544,0.0,0.0
2012-06-11 00:00:00+09:00,2353.84619140625,2430.769287109375,2326.923095703125,2361.53857421875,355791,0.0,0.0
2012-06-12 00:00:00+09:00,2357.6923828125,2515.384521484375,2357.6923828125,2442.3076171875,460506,0.0,0.0
2012-06-13 00:00:00+09:00,2469.230712890625,2807.6923828125,2423.076904296875,2807.6923828125,1757855,0.0,0.0
2012-06-14 00:00:00+09:00,2861.53857421875,2953.84619140625,2734.615478515625,2792.3076171875,1500118,0.0,0.0
2012-06-15 00:00:00+09:00,2811.53857421875,2857.6923828125,2615.384521484375,2630.769287109375,771918,0.0,0.0
2012-06-18 00:00:00+09:00,2669.230712890625,2946.15380859375,2669.230712890625,2726.923095703125,1457971,0.0,0.0
2012-06-19 00:00:00+09:00,2726.923095703125,2734.615478515625,2573.076904296875,2584.615478515625,519270,0.0,0.0
2012-06-20 00:00:00+09:00,2600.0,2738.46142578125,2600.0,2692.3076171875,329458,0.0,0.0
2012-06-21 00:00:00+09:00,2657.6923828125,2742.3076171875,2611.53857421875,2688.46142578125,236392,0.0,0.0
2012-06-22 00:00:00+09:00,2700.0,2888.46142578125,2638.46142578125,2638.46142578125,868782,0.0,0.0
2012-06-25 00:00:00+09:00,2653.84619140625,2673.076904296875,2515.384521484375,2550.0,304578,0.0,0.0
2012-06-26 00:00:00+09:00,2592.3076171875,2607.6923828125,2476.923095703125,2515.384521484375,166432,0.0,0.0
2012-06-27 00:00:00+09:00,2526.923095703125,2700.0,2526.923095703125,2576.923095703125,295122,0.0,0.0
2012-06-28 00:00:00+09:00,2634.615478515625,2634.615478515625,2538.46142578125,2546.15380859375,132131,0.0,0.0
2012-06-29 00:00:00+09:00,2584.615478515625,2607.6923828125,2430.769287109375,2584.615478515625,188061,0.0,0.0
2012-07-02 00:00:00+09:00,2653.84619140625,2684.615478515625,2546.15380859375,2611.53857421875,96130,0.0,0.0
2012-07-03 00:00:00+09:00,2650.0,2811.53857421875,2626.923095703125,2642.3076171875,410753,0.0,0.0
2012-07-04 00:00:00+09:00,2615.384521484375,2800.0,2615.384521484375,2680.769287109375,167619,0.0,0.0
2012-07-05 00:00:00+09:00,2619.230712890625,2630.769287109375,2315.384521484375,2584.615478515625,271718,0.0,0.0
2012-07-06 00:00:00+09:00,2530.769287109375,2550.0,2430.769287109375,2442.3076171875,155360,0.0,0.0
2012-07-09 00:00:00+09:00,2438.46142578125,2484.615478515625,2384.615478515625,2423.076904296875,46142,0.0,0.0
2012-07-10 00:00:00+09:00,2392.3076171875,2461.53857421875,2330.769287109375,2330.769287109375,93615,0.0,0.0
2012-07-11 00:00:00+09:00,2342.3076171875,2380.769287109375,2303.84619140625,2346.15380859375,62548,0.0,0.0
2012-07-12 00:00:00+09:00,2357.6923828125,2503.84619140625,2357.6923828125,2457.6923828125,162474,0.0,0.0
2012-07-13 00:00:00+09:00,2496.15380859375,2496.15380859375,2315.384521484375,2384.615478515625,66187,0.0,0.0
2012-07-16 00:00:00+09:00,2450.0,2450.0,2315.384521484375,2353.84619140625,47156,0.0,0.0
2012-07-17 00:00:00+09:00,2246.15380859375,2338.46142578125,2246.15380859375,2261.53857421875,84653,0.0,0.0
2012-07-18 00:00:00+09:00,2273.076904296875,2369.230712890625,2269.230712890625,2307.6923828125,55840,0.0,0.0
2012-07-19 00:00:00+09:00,2315.384521484375,2319.230712890625,2261.53857421875,2261.53857421875,59682,0.0,0.0
2012-07-20 00:00:00+09:00,2265.384521484375,2315.384521484375,2207.6923828125,2215.384521484375,60975,0.0,0.0
2012-07-23 00:00:00+09:00,2161.53857421875,2161.53857421875,2080.769287109375,2153.84619140625,98306,0.0,0.0
2012-07-24 00:00:00+09:00,2161.53857421875,2446.15380859375,2107.6923828125,2200.0,186397,0.0,0.0
2012-07-25 00:00:00+09:00,2215.384521484375,2323.076904296875,2200.0,2273.076904296875,68440,0.0,0.0
2012-07-26 00:00:00+09:00,2180.769287109375,2326.923095703125,2180.769287109375,2230.769287109375,44007,0.0,0.0
2012-07-27 00:00:00+09:00,2238.46142578125,2288.46142578125,2219.230712890625,2250.0,32214,0.0,0.0
2012-07-30 00:00:00+09:00,2365.384521484375,2365.384521484375,2230.769287109375,2230.769287109375,31626,0.0,0.0
2012-07-31 00:00:00+09:00,2234.615478515625,2319.230712890625,2230.769287109375,2250.0,23622,0.0,0.0
2012-08-01 00:00:00+09:00,2238.46142578125,2307.6923828125,2230.769287109375,2292.3076171875,22695,0.0,0.0
2012-08-02 00:00:00+09:00,2292.3076171875,2323.076904296875,2257.6923828125,2276.923095703125,13827,0.0,0.0
2012-08-03 00:00:00+09:00,2273.076904296875,2457.6923828125,2269.230712890625,2323.076904296875,71505,0.0,0.0
2012-08-06 00:00:00+09:00,2392.3076171875,2411.53857421875,2315.384521484375,2361.53857421875,61789,0.0,0.0
2012-08-07 00:00:00+09:00,2376.923095703125,2403.84619140625,2292.3076171875,2334.615478515625,34543,0.0,0.0
2012-08-08 00:00:00+09:00,2296.15380859375,2365.384521484375,2284.615478515625,2365.384521484375,76257,0.0,0.0
2012-08-09 00:00:00+09:00,2338.46142578125,2384.615478515625,2330.769287109375,2353.84619140625,33436,0.0,0.0
2012-08-10 00:00:00+09:00,2338.46142578125,2342.3076171875,2246.15380859375,2246.15380859375,65928,0.0,0.0
2012-08-13 00:00:00+09:00,2242.3076171875,2269.230712890625,2200.0,2226.923095703125,80916,0.0,0.0
2012-08-14 00:00:00+09:00,2219.230712890625,2269.230712890625,2107.6923828125,2188.46142578125,128332,0.0,0.0
2012-08-16 00:00:00+09:00,2161.53857421875,2234.615478515625,2146.15380859375,2230.769287109375,78590,0.0,0.0
2012-08-17 00:00:00+09:00,2230.769287109375,2269.230712890625,2207.6923828125,2230.769287109375,80086,0.0,0.0
2012-08-20 00:00:00+09:00,2261.53857421875,2261.53857421875,2188.46142578125,2226.923095703125,41029,0.0,0.0
2012-08-21 00:00:00+09:00,2307.6923828125,2307.6923828125,2184.615478515625,2207.6923828125,30066,0.0,0.0
2012-08-22 00:00:00+09:00,2207.6923828125,2257.6923828125,2142.3076171875,2188.46142578125,79962,0.0,0.0
2012-08-23 00:00:00+09:00,2261.53857421875,2261.53857421875,2157.6923828125,2157.6923828125,29432,0.0,0.0
2012-08-24 00:00:00+09:00,2153.84619140625,2180.769287109375,2123.076904296875,2153.84619140625,24354,0.0,0.0
2012-08-27 00:00:00+09:00,2150.0,2150.0,1969.230712890625,2019.230712890625,97434,0.0,0.0
2012-08-28 00:00:00+09:00,1980.769287109375,2057.6923828125,1980.769287109375,2053.84619140625,28649,0.0,0.0
2012-08-29 00:00:00+09:00,2061.53857421875,2115.384521484375,2061.53857421875,2061.53857421875,17088,0.0,0.0
2012-08-30 00:00:00+09:00,2061.53857421875,2192.3076171875,2038.4615478515625,2115.384521484375,31210,0.0,0.0
2012-08-31 00:00:00+09:00,2076.923095703125,2146.15380859375,2076.923095703125,2146.15380859375,16498,0.0,0.0
2012-09-03 00:00:00+09:00,2176.923095703125,2176.923095703125,2092.3076171875,2150.0,30711,0.0,0.0
2012-09-04 00:00:00+09:00,2153.84619140625,2157.6923828125,2076.923095703125,2146.15380859375,83511,0.0,0.0
2012-09-05 00:00:00+09:00,2153.84619140625,2184.615478515625,2084.615478515625,2146.15380859375,80582,0.0,0.0
2012-09-06 00:00:00+09:00,2188.46142578125,2188.46142578125,2115.384521484375,2142.3076171875,26776,0.0,0.0
2012-09-07 00:00:00+09:00,2119.230712890625,2223.076904296875,2115.384521484375,2173.076904296875,31971,0.0,0.0
2012-09-10 00:00:00+09:00,2146.15380859375,2207.6923828125,2142.3076171875,2169.230712890625,21971,0.0,0.0
2012-09-11 00:00:00+09:00,2226.923095703125,2226.923095703125,2119.230712890625,2169.230712890625,28509,0.0,0.0
2012-09-12 00:00:00+09:00,2211.53857421875,2238.46142578125,2150.0,2230.769287109375,56259,0.0,0.0
2012-09-13 00:00:00+09:00,2261.53857421875,2284.615478515625,2215.384521484375,2242.3076171875,71177,0.0,0.0
2012-09-14 00:00:00+09:00,2242.3076171875,2392.3076171875,2230.769287109375,2303.84619140625,63929,0.0,0.0
2012-09-17 00:00:00+09:00,2307.6923828125,2361.53857421875,2261.53857421875,2346.15380859375,54144,0.0,0.0
2012-09-18 00:00:00+09:00,2376.923095703125,2384.615478515625,2311.53857421875,2380.769287109375,48413,0.0,0.0
2012-09-19 00:00:00+09:00,2384.615478515625,2392.3076171875,2315.384521484375,2380.769287109375,48248,0.0,0.0
2012-09-20 00:00:00+09:00,2338.46142578125,2380.769287109375,2215.384521484375,2365.384521484375,65699,0.0,0.0
2012-09-21 00:00:00+09:00,2296.15380859375,2346.15380859375,2269.230712890625,2334.615478515625,70787,0.0,0.0
2012-09-24 00:00:00+09:00,2346.15380859375,2346.15380859375,2253.84619140625,2300.0,25772,0.0,0.0
2012-09-25 00:00:00+09:00,2280.769287109375,2369.230712890625,2261.53857421875,2303.84619140625,35851,0.0,0.0
2012-09-26 00:00:00+09:00,2346.15380859375,2376.923095703125,2269.230712890625,2307.6923828125,26795,0.0,0.0
2012-09-27 00:00:00+09:00,2311.53857421875,2353.84619140625,2276.923095703125,2307.6923828125,52451,0.0,0.0
2012-09-28 00:00:00+09:00,2276.923095703125,2338.46142578125,2276.923095703125,2315.384521484375,12215,0.0,0.0
2012-10-02 00:00:00+09:00,2346.15380859375,2346.15380859375,2273.076904296875,2276.923095703125,27295,0.0,0.0
2012-10-04 00:00:00+09:00,2300.0,2323.076904296875,2280.769287109375,2296.15380859375,36107,0.0,0.0
2012-10-05 00:00:00+09:00,2346.15380859375,2346.15380859375,2269.230712890625,2273.076904296875,59700,0.0,0.0
2012-10-08 00:00:00+09:00,2219.230712890625,2284.615478515625,2219.230712890625,2234.615478515625,106964,0.0,0.0
2012-10-09 00:00:00+09:00,2269.230712890625,2307.6923828125,2219.230712890625,2230.769287109375,43720,0.0,0.0
2012-10-10 00:00:00+09:00,2253.84619140625,2253.84619140625,2184.615478515625,2211.53857421875,60465,0.0,0.0
2012-10-11 00:00:00+09:00,2219.230712890625,2219.230712890625,2126.923095703125,2161.53857421875,104941,0.0,0.0
2012-10-12 00:00:00+09:00,2188.46142578125,2188.46142578125,2146.15380859375,2176.923095703125,21725,0.0,0.0
2012-10-15 00:00:00+09:00,2203.84619140625,2203.84619140625,2115.384521484375,2150.0,39376,0.0,0.0
2012-10-16 00:00:00+09:00,2165.384521484375,2165.384521484375,2100.0,2134.615478515625,9763,0.0,0.0
2012-10-17 00:00:00+09:00,2134.615478515625,2134.615478515625,2076.923095703125,2115.384521484375,46696,0.0,0.0
2012-10-18 00:00:00+09:00,2115.384521484375,2115.384521484375,2042.3077392578125,2096.15380859375,42238,0.0,0.0
2012-10-19 00:00:00+09:00,2092.3076171875,2092.3076171875,2053.84619140625,2088.46142578125,17283,0.0,0.0
2012-10-22 00:00:00+09:00,2088.46142578125,2088.46142578125,1992.3077392578125,2038.4615478515625,100520,0.0,0.0
2012-10-23 00:00:00+09:00,2038.4615478515625,2069.230712890625,2038.4615478515625,2069.230712890625,33212,0.0,0.0
2012-10-24 00:00:00+09:00,2053.84619140625,2076.923095703125,2046.15380859375,2069.230712890625,19079,0.0,0.0
2012-10-25 00:00:00+09:00,2107.6923828125,2107.6923828125,2042.3077392578125,2073.076904296875,5992,0.0,0.0
2012-10-26 00:00:00+09:00,2076.923095703125,2246.15380859375,2076.923095703125,2169.230712890625,66780,0.0,0.0
2012-10-29 00:00:00+09:00,2161.53857421875,2292.3076171875,2157.6923828125,2292.3076171875,63892,0.0,0.0
2012-10-30 00:00:00+09:00,2296.15380859375,2338.46142578125,2253.84619140625,2315.384521484375,50532,0.0,0.0
2012-10-31 00:00:00+09:00,2315.384521484375,2330.769287109375,2246.15380859375,2319.230712890625,33468,0.0,0.0
2012-11-01 00:00:00+09:00,2384.615478515625,2384.615478515625,2269.230712890625,2292.3076171875,23596,0.0,0.0
2012-11-02 00:00:00+09:00,2330.769287109375,2330.769287109375,2230.769287109375,2292.3076171875,29401,0.0,0.0
2012-11-05 00:00:00+09:00,2238.46142578125,2303.84619140625,2238.46142578125,2300.0,32627,0.0,0.0
2012-11-06 00:00:00+09:00,2276.923095703125,2361.53857421875,2269.230712890625,2307.6923828125,43200,0.0,0.0
2012-11-07 00:00:00+09:00,2265.384521484375,2300.0,2261.53857421875,2269.230712890625,12542,0.0,0.0
2012-11-08 00:00:00+09:00,2276.923095703125,2288.46142578125,2246.15380859375,2276.923095703125,14986,0.0,0.0
2012-11-09 00:00:00+09:00,2269.230712890625,2384.615478515625,2234.615478515625,2384.615478515625,43135,0.0,0.0
2012-11-12 00:00:00+09:00,2400.0,2400.0,2330.769287109375,2384.615478515625,43130,0.0,0.0
2012-11-13 00:00:00+09:00,2392.3076171875,2742.3076171875,2392.3076171875,2726.923095703125,878470,0.0,0.0
2012-11-14 00:00:00+09:00,2669.230712890625,2684.615478515625,2519.230712890625,2603.84619140625,177014,0.0,0.0
2012-11-15 00:00:00+09:00,2596.15380859375,2692.3076171875,2507.6923828125,2692.3076171875,148919,0.0,0.0
2012-11-16 00:00:00+09:00,2692.3076171875,2711.53857421875,2538.46142578125,2542.3076171875,102131,0.0,0.0
2012-11-19 00:00:00+09:00,2592.3076171875,2688.46142578125,2553.84619140625,2661.53857421875,100402,0.0,0.0
2012-11-20 00:00:00+09:00,2619.230712890625,2692.3076171875,2569.230712890625,2653.84619140625,64464,0.0,0.0
2012-11-21 00:00:00+09:00,2738.46142578125,2738.46142578125,2565.384521484375,2676.923095703125,68251,0.0,0.0
2012-11-22 00:00:00+09:00,2653.84619140625,2715.384521484375,2638.46142578125,2680.769287109375,81249,0.0,0.0
2012-11-23 00:00:00+09:00,2723.076904296875,3076.923095703125,2700.0,2976.923095703125,1175555,0.0,0.0
2012-11-26 00:00:00+09:00,2957.6923828125,3076.923095703125,2823.076904296875,2996.15380859375,395031,0.0,0.0
2012-11-27 00:00:00+09:00,3100.0,3376.923095703125,3100.0,3196.15380859375,657258,0.0,0.0
2012-11-28 00:00:00+09:00,3292.3076171875,3292.3076171875,3188.46142578125,3207.6923828125,185606,0.0,0.0
2012-11-29 00:00:00+09:00,3161.53857421875,3461.53857421875,3153.84619140625,3415.384521484375,217698,0.0,0.0
2012-11-30 00:00:00+09:00,3442.3076171875,3538.46142578125,3353.84619140625,3453.84619140625,204086,0.0,0.0
2012-12-03 00:00:00+09:00,3384.615478515625,3476.923095703125,3353.84619140625,3369.230712890625,121365,0.0,0.0
2012-12-04 00:00:00+09:00,3365.384521484375,3576.923095703125,3200.0,3557.6923828125,341225,0.0,0.0
2012-12-05 00:00:00+09:00,3557.6923828125,3846.15380859375,3557.6923828125,3773.076904296875,365594,0.0,0.0
2012-12-06 00:00:00+09:00,3796.15380859375,3892.3076171875,3692.3076171875,3807.6923828125,193073,0.0,0.0
2012-12-07 00:00:00+09:00,3846.15380859375,3869.230712890625,3653.84619140625,3803.84619140625,110548,0.0,0.0
2012-12-10 00:00:00+09:00,3703.84619140625,3884.615478515625,3703.84619140625,3719.230712890625,46654,0.0,0.0
2012-12-11 00:00:00+09:00,3715.384521484375,3719.230712890625,3461.53857421875,3538.46142578125,152351,0.0,0.0
2012-12-12 00:00:00+09:00,3538.46142578125,3588.46142578125,3376.923095703125,3492.3076171875,204260,0.0,0.0
2012-12-13 00:00:00+09:00,3484.615478515625,3750.0,3384.615478515625,3730.769287109375,257374,0.0,0.0
2012-12-14 00:00:00+09:00,3730.769287109375,3838.46142578125,3661.53857421875,3734.615478515625,97824,0.0,0.0
2012-12-17 00:00:00+09:00,3692.3076171875,3730.769287109375,3557.6923828125,3561.53857421875,113792,0.0,0.0
2012-12-18 00:00:00+09:00,3538.46142578125,3661.53857421875,3426.923095703125,3565.384521484375,119231,0.0,0.0
2012-12-20 00:00:00+09:00,3638.46142578125,3676.923095703125,3523.076904296875,3569.230712890625,65564,0.0,0.0
2012-12-21 00:00:00+09:00,3569.230712890625,3684.615478515625,3465.384521484375,3496.15380859375,71564,0.0,0.0
2012-12-24 00:00:00+09:00,3523.076904296875,3523.076904296875,3326.923095703125,3334.615478515625,110035,0.0,0.0
2012-12-26 00:00:00+09:00,3334.615478515625,3396.15380859375,3192.3076171875,3342.3076171875,209292,0.0,0.0
2012-12-27 00:00:00+09:00,3342.3076171875,3411.53857421875,3253.84619140625,3392.3076171875,63905,0.0,0.0
2012-12-28 00:00:00+09:00,3396.15380859375,3496.15380859375,3369.230712890625,3496.15380859375,52753,0.0,0.0
2013-01-02 00:00:00+09:00,3503.84619140625,3807.6923828125,3500.0,3711.53857421875,110610,0.0,0.0
2013-01-03 00:00:00+09:00,3750.0,3830.769287109375,3646.15380859375,3676.923095703125,48949,0.0,0.0
2013-01-04 00:00:00+09:00,3680.769287109375,3803.84619140625,3665.384521484375,3753.84619140625,102826,0.0,0.0
2013-01-07 00:00:00+09:00,3757.6923828125,3769.230712890625,3642.3076171875,3692.3076171875,73982,0.0,0.0
2013-01-08 00:00:00+09:00,3692.3076171875,3769.230712890625,3653.84619140625,3711.53857421875,79347,0.0,0.0
2013-01-09 00:00:00+09:00,3711.53857421875,3715.384521484375,3596.15380859375,3619.230712890625,83951,0.0,0.0
2013-01-10 00:00:00+09:00,3623.076904296875,3711.53857421875,3538.46142578125,3553.84619140625,52911,0.0,0.0
2013-01-11 00:00:00+09:00,3576.923095703125,3603.84619140625,3426.923095703125,3592.3076171875,152494,0.0,0.0
2013-01-14 00:00:00+09:00,3592.3076171875,3615.384521484375,3434.615478515625,3561.53857421875,99195,0.0,0.0
2013-01-15 00:00:00+09:00,3600.0,3915.384521484375,3534.615478515625,3603.84619140625,108646,0.0,0.0
2013-01-16 00:00:00+09:00,3619.230712890625,3753.84619140625,3503.84619140625,3580.769287109375,48968,0.0,0.0
2013-01-17 00:00:00+09:00,3576.923095703125,3580.769287109375,3476.923095703125,3530.769287109375,42245,0.0,0.0
2013-01-18 00:00:00+09:00,3615.384521484375,3615.384521484375,3507.6923828125,3565.384521484375,38593,0.0,0.0
2013-01-21 00:00:00+09:00,3523.076904296875,3715.384521484375,3523.076904296875,3692.3076171875,106366,0.0,0.0
2013-01-22 00:00:00+09:00,3723.076904296875,3723.076904296875,3580.769287109375,3692.3076171875,72770,0.0,0.0
2013-01-23 00:00:00+09:00,3692.3076171875,3692.3076171875,3615.384521484375,3653.84619140625,31540,0.0,0.0
2013-01-24 00:00:00+09:00,3688.46142578125,3730.769287109375,3592.3076171875,3676.923095703125,82720,0.0,0.0
2013-01-25 00:00:00+09:00,3619.230712890625,3715.384521484375,3573.076904296875,3707.6923828125,57377,0.0,0.0
2013-01-28 00:00:00+09:00,3692.3076171875,3692.3076171875,3600.0,3638.46142578125,47269,0.0,0.0
2013-01-29 00:00:00+09:00,3638.46142578125,3676.923095703125,3596.15380859375,3638.46142578125,27244,0.0,0.0
2013-01-30 00:00:00+09:00,3600.0,3692.3076171875,3576.923095703125,3615.384521484375,37778,0.0,0.0
2013-01-31 00:00:00+09:00,3619.230712890625,3653.84619140625,3546.15380859375,3638.46142578125,30965,0.0,0.0
2013-02-01 00:00:00+09:00,3680.769287109375,3680.769287109375,3557.6923828125,3603.84619140625,48604,0.0,0.0
2013-02-04 00:00:00+09:00,3607.6923828125,3650.0,3480.769287109375,3492.3076171875,68159,0.0,0.0
2013-02-05 00:00:00+09:00,3446.15380859375,3492.3076171875,3380.769287109375,3457.6923828125,37628,0.0,0.0
2013-02-06 00:00:00+09:00,3611.53857421875,3611.53857421875,3484.615478515625,3534.615478515625,19915,0.0,0.0
2013-02-07 00:00:00+09:00,3607.6923828125,3607.6923828125,3457.6923828125,3569.230712890625,28657,0.0,0.0
2013-02-08 00:00:00+09:00,3515.384521484375,3653.84619140625,3515.384521484375,3538.46142578125,27403,0.0,0.0
2013-02-12 00:00:00+09:00,3480.769287109375,3603.84619140625,3461.53857421875,3500.0,53769,0.0,0.0
2013-02-13 00:00:00+09:00,3538.46142578125,3600.0,3476.923095703125,3596.15380859375,59773,0.0,0.0
2013-02-14 00:00:00+09:00,3600.0,3761.53857421875,3596.15380859375,3746.15380859375,142809,0.0,0.0
2013-02-15 00:00:00+09:00,3792.3076171875,4053.84619140625,3703.84619140625,4015.384521484375,334272,0.0,0.0
2013-02-18 00:00:00+09:00,4000.0,4223.0771484375,4000.0,4030.769287109375,225648,0.0,0.0
2013-02-19 00:00:00+09:00,3969.230712890625,4307.6923828125,3969.230712890625,4300.0,231045,0.0,0.0
2013-02-20 00:00:00+09:00,4407.6923828125,4538.46142578125,4207.6923828125,4338.46142578125,195474,0.0,0.0
2013-02-21 00:00:00+09:00,4346.15380859375,4530.76904296875,4323.0771484375,4507.6923828125,172676,0.0,0.0
2013-02-22 00:00:00+09:00,4507.6923828125,4623.0771484375,4484.615234375,4484.615234375,250250,0.0,0.0
2013-02-25 00:00:00+09:00,4453.84619140625,4584.615234375,4392.3076171875,4453.84619140625,184136,0.0,0.0
2013-02-26 00:00:00+09:00,4500.0,4500.0,4423.0771484375,4446.15380859375,61418,0.0,0.0
2013-02-27 00:00:00+09:00,4446.15380859375,4500.0,4376.9228515625,4461.53857421875,53313,0.0,0.0
2013-02-28 00:00:00+09:00,4400.0,4523.0771484375,4400.0,4476.9228515625,103603,0.0,0.0
2013-03-04 00:00:00+09:00,4500.0,4761.53857421875,4453.84619140625,4730.76904296875,210493,0.0,0.0
2013-03-05 00:00:00+09:00,4761.53857421875,4823.0771484375,4684.615234375,4823.0771484375,91230,0.0,0.0
2013-03-06 00:00:00+09:00,4830.76904296875,4923.0771484375,4546.15380859375,4669.23095703125,233450,0.0,0.0
2013-03-07 00:00:00+09:00,4553.84619140625,4607.6923828125,4192.3076171875,4607.6923828125,903380,0.0,0.0
2013-03-08 00:00:00+09:00,4561.53857421875,4615.384765625,4484.615234375,4600.0,156352,0.0,0.0
2013-03-11 00:00:00+09:00,4600.0,4623.0771484375,4346.15380859375,4538.46142578125,161435,0.0,0.0
2013-03-12 00:00:00+09:00,4569.23095703125,4707.6923828125,4400.0,4530.76904296875,197414,0.0,0.0
2013-03-13 00:00:00+09:00,4476.9228515625,4630.76904296875,4469.23095703125,4576.9228515625,132665,0.0,0.0
2013-03-14 00:00:00+09:00,4576.9228515625,4769.23095703125,4507.6923828125,4746.15380859375,131760,0.0,0.0
2013-03-15 00:00:00+09:00,4838.46142578125,4838.46142578125,4553.84619140625,4607.6923828125,166951,0.0,0.0
2013-03-18 00:00:00+09:00,4638.46142578125,4638.46142578125,4423.0771484375,4515.384765625,139013,0.0,0.0
2013-03-19 00:00:00+09:00,4461.53857421875,4569.23095703125,4423.0771484375,4515.384765625,65854,0.0,0.0
2013-03-20 00:00:00+09:00,4592.3076171875,4592.3076171875,4438.46142578125,4461.53857421875,36051,0.0,0.0
2013-03-21 00:00:00+09:00,4453.84619140625,4538.46142578125,4392.3076171875,4392.3076171875,36304,0.0,0.0
2013-03-22 00:00:00+09:00,4346.15380859375,4430.76904296875,4315.384765625,4400.0,77757,0.0,0.0
2013-03-25 00:00:00+09:00,4400.0,4461.53857421875,4376.9228515625,4430.76904296875,21066,0.0,0.0
2013-03-26 00:00:00+09:00,4430.76904296875,4461.53857421875,4369.23095703125,4438.46142578125,46932,0.0,0.0
2013-03-27 00:00:00+09:00,4484.615234375,4623.0771484375,3788.46142578125,4538.46142578125,130699,0.0,0.0
2013-03-28 00:00:00+09:00,4623.0771484375,4738.46142578125,4538.46142578125,4669.23095703125,101133,0.0,0.0
2013-03-29 00:00:00+09:00,4676.9228515625,4823.0771484375,4661.53857421875,4776.9228515625,156277,0.0,0.0
2013-04-01 00:00:00+09:00,4900.0,4907.6923828125,4746.15380859375,4753.84619140625,79000,0.0,0.0
2013-04-02 00:00:00+09:00,4815.384765625,4846.15380859375,4753.84619140625,4800.0,74258,0.0,0.0
2013-04-03 00:00:00+09:00,4769.23095703125,4876.9228515625,4576.9228515625,4700.0,120828,0.0,0.0
2013-04-04 00:00:00+09:00,4738.46142578125,4738.46142578125,4469.23095703125,4646.15380859375,45326,0.0,0.0
2013-04-05 00:00:00+09:00,4676.9228515625,4676.9228515625,4500.0,4576.9228515625,29255,0.0,0.0
2013-04-08 00:00:00+09:00,4592.3076171875,4592.3076171875,4453.84619140625,4476.9228515625,51278,0.0,0.0
2013-04-09 00:00:00+09:00,4438.46142578125,4476.9228515625,4269.23095703125,4384.615234375,72152,0.0,0.0
2013-04-10 00:00:00+09:00,4384.615234375,4584.615234375,4346.15380859375,4584.615234375,40747,0.0,0.0
2013-04-11 00:00:00+09:00,4553.84619140625,4653.84619140625,4500.0,4653.84619140625,75815,0.0,0.0
2013-04-12 00:00:00+09:00,4676.9228515625,4730.76904296875,4546.15380859375,4638.46142578125,60061,0.0,0.0
2013-04-15 00:00:00+09:00,4753.84619140625,4753.84619140625,4592.3076171875,4676.9228515625,54402,0.0,0.0
2013-04-16 00:00:00+09:00,4653.84619140625,4653.84619140625,4315.384765625,4569.23095703125,385164,0.0,0.0
2013-04-17 00:00:00+09:00,4569.23095703125,4723.0771484375,4384.615234375,4538.46142578125,149726,0.0,0.0
2013-04-18 00:00:00+09:00,4538.46142578125,4730.76904296875,4461.53857421875,4615.384765625,146516,0.0,0.0
2013-04-19 00:00:00+09:00,4707.6923828125,4707.6923828125,4553.84619140625,4607.6923828125,71272,0.0,0.0
2013-04-22 00:00:00+09:00,4615.384765625,4676.9228515625,4507.6923828125,4592.3076171875,48296,0.0,0.0
2013-04-23 00:00:00+09:00,4653.84619140625,5038.46142578125,4638.46142578125,4976.9228515625,482030,0.0,0.0
2013-04-24 00:00:00+09:00,5000.0,5084.615234375,4907.6923828125,4992.3076171875,251043,0.0,0.0
2013-04-25 00:00:00+09:00,4992.3076171875,5069.23095703125,4923.0771484375,5061.53857421875,192946,0.0,0.0
2013-04-26 00:00:00+09:00,5123.0771484375,5123.0771484375,4961.53857421875,5053.84619140625,149592,0.0,0.0
2013-04-29 00:00:00+09:00,5053.84619140625,5069.23095703125,4884.615234375,4984.615234375,228848,0.0,0.0
2013-04-30 00:00:00+09:00,4984.615234375,5000.0,4846.15380859375,4953.84619140625,133678,0.0,0.0
2013-05-02 00:00:00+09:00,4953.84619140625,4976.9228515625,4853.84619140625,4923.0771484375,64111,0.0,0.0
2013-05-03 00:00:00+09:00,4923.0771484375,5269.23095703125,4884.615234375,5184.615234375,224940,0.0,0.0
2013-05-06 00:00:00+09:00,5223.0771484375,5269.23095703125,5153.84619140625,5223.0771484375,52898,0.0,0.0
2013-05-07 00:00:00+09:00,5253.84619140625,5461.53857421875,5153.84619140625,5453.84619140625,195845,0.0,0.0
2013-05-08 00:00:00+09:00,5453.84619140625,5615.384765625,5453.84619140625,5584.615234375,196894,0.0,0.0
2013-05-09 00:00:00+09:00,5576.9228515625,5692.3076171875,5530.76904296875,5684.615234375,125794,0.0,0.0
2013-05-10 00:00:00+09:00,5707.6923828125,5707.6923828125,5530.76904296875,5592.3076171875,134940,0.0,0.0
2013-05-13 00:00:00+09:00,5676.9228515625,5676.9228515625,5476.9228515625,5576.9228515625,75989,0.0,0.0
2013-05-14 00:00:00+09:00,5546.15380859375,5576.9228515625,5269.23095703125,5561.53857421875,120845,0.0,0.0
2013-05-15 00:00:00+09:00,5461.53857421875,5584.615234375,5423.0771484375,5507.6923828125,51380,0.0,0.0
2013-05-16 00:00:00+09:00,5476.9228515625,5561.53857421875,5215.384765625,5346.15380859375,226096,0.0,0.0
2013-05-20 00:00:00+09:00,5376.9228515625,5384.615234375,5207.6923828125,5315.384765625,63648,0.0,0.0
2013-05-21 00:00:00+09:00,5315.384765625,5376.9228515625,4938.46142578125,5276.9228515625,95906,0.0,0.0
2013-05-22 00:00:00+09:00,5230.76904296875,5284.615234375,5053.84619140625,5223.0771484375,144065,0.0,0.0
2013-05-23 00:00:00+09:00,5223.0771484375,5484.615234375,5153.84619140625,5269.23095703125,175926,0.0,0.0
2013-05-24 00:00:00+09:00,5269.23095703125,5346.15380859375,5207.6923828125,5284.615234375,146510,0.0,0.0
2013-05-27 00:00:00+09:00,5230.76904296875,5369.23095703125,5169.23095703125,5353.84619140625,73052,0.0,0.0
2013-05-28 00:00:00+09:00,5330.76904296875,5384.615234375,5292.3076171875,5361.53857421875,62885,0.0,0.0
2013-05-29 00:00:00+09:00,5438.46142578125,5461.53857421875,5269.23095703125,5361.53857421875,90791,0.0,0.0
2013-05-30 00:00:00+09:00,5361.53857421875,5369.23095703125,5161.53857421875,5246.15380859375,63736,0.0,0.0
2013-05-31 00:00:00+09:00,5376.9228515625,5376.9228515625,5023.0771484375,5061.53857421875,94112,0.0,0.0
2013-06-03 00:00:00+09:00,5115.384765625,5238.46142578125,5000.0,5153.84619140625,72535,0.0,0.0
2013-06-04 00:00:00+09:00,5153.84619140625,5153.84619140625,4984.615234375,5053.84619140625,57789,0.0,0.0
2013-06-05 00:00:00+09:00,5007.6923828125,5192.3076171875,4846.15380859375,4846.15380859375,51596,0.0,0.0
2013-06-07 00:00:00+09:00,4853.84619140625,4923.0771484375,4384.615234375,4761.53857421875,177246,0.0,0.0
2013-06-10 00:00:00+09:00,4769.23095703125,4846.15380859375,4546.15380859375,4584.615234375,152402,0.0,0.0
2013-06-11 00:00:00+09:00,4584.615234375,4638.46142578125,4238.46142578125,4538.46142578125,76377,0.0,0.0
2013-06-12 00:00:00+09:00,4538.46142578125,4661.53857421875,4376.9228515625,4461.53857421875,78230,0.0,0.0
2013-06-13 00:00:00+09:00,4453.84619140625,4453.84619140625,4223.0771484375,4276.9228515625,130177,0.0,0.0
2013-06-14 00:00:00+09:00,4169.23095703125,4323.0771484375,4153.84619140625,4153.84619140625,73114,0.0,0.0
2013-06-17 00:00:00+09:00,4161.53857421875,4246.15380859375,3788.46142578125,3992.3076171875,166687,0.0,0.0
2013-06-18 00:00:00+09:00,3992.3076171875,4376.9228515625,3969.230712890625,4307.6923828125,102258,0.0,0.0
2013-06-19 00:00:00+09:00,4307.6923828125,4676.9228515625,4307.6923828125,4638.46142578125,140286,0.0,0.0
2013-06-20 00:00:00+09:00,4638.46142578125,4661.53857421875,4392.3076171875,4584.615234375,70274,0.0,0.0
2013-06-21 00:00:00+09:00,4330.76904296875,4607.6923828125,4307.6923828125,4607.6923828125,71764,0.0,0.0
2013-06-24 00:00:00+09:00,4584.615234375,4684.615234375,4461.53857421875,4523.0771484375,31540,0.0,0.0
2013-06-25 00:00:00+09:00,4553.84619140625,4569.23095703125,4069.230712890625,4276.9228515625,68828,0.0,0.0
2013-06-26 00:00:00+09:00,4238.46142578125,4384.615234375,4130.76904296875,4261.53857421875,37955,0.0,0.0
2013-06-27 00:00:00+09:00,4538.46142578125,4538.46142578125,4269.23095703125,4415.384765625,17430,0.0,0.0
2013-06-28 00:00:00+09:00,4415.384765625,4607.6923828125,4292.3076171875,4415.384765625,12436,0.0,0.0
2013-07-01 00:00:00+09:00,4500.0,4500.0,4346.15380859375,4346.15380859375,14668,0.0,0.0
2013-07-02 00:00:00+09:00,4338.46142578125,4392.3076171875,4176.9228515625,4269.23095703125,22504,0.0,0.0
2013-07-03 00:00:00+09:00,4376.9228515625,4376.9228515625,3846.15380859375,3961.53857421875,60662,0.0,0.0
2013-07-04 00:00:00+09:00,3884.615478515625,4169.23095703125,3784.615478515625,3907.6923828125,88534,0.0,0.0
2013-07-05 00:00:00+09:00,3946.15380859375,3946.15380859375,3615.384521484375,3834.615478515625,91398,0.0,0.0
2013-07-08 00:00:00+09:00,3776.923095703125,3819.230712890625,3461.53857421875,3538.46142578125,84002,0.0,0.0
2013-07-09 00:00:00+09:00,3484.615478515625,3665.384521484375,3384.615478515625,3665.384521484375,74338,0.0,0.0
2013-07-10 00:00:00+09:00,3692.3076171875,3776.923095703125,3626.923095703125,3676.923095703125,6301,0.0,0.0
2013-07-11 00:00:00+09:00,3765.384521484375,3876.923095703125,3661.53857421875,3861.53857421875,55901,0.0,0.0
2013-07-12 00:00:00+09:00,4076.923095703125,4076.923095703125,3876.923095703125,3961.53857421875,20201,0.0,0.0
2013-07-15 00:00:00+09:00,4000.0,4053.84619140625,3769.230712890625,4000.0,26333,0.0,0.0
2013-07-16 00:00:00+09:00,3984.615478515625,4053.84619140625,3869.230712890625,3923.076904296875,23540,0.0,0.0
2013-07-17 00:00:00+09:00,3938.46142578125,4007.6923828125,3846.15380859375,3961.53857421875,27521,0.0,0.0
2013-07-18 00:00:00+09:00,4038.46142578125,4038.46142578125,3853.84619140625,3930.769287109375,24970,0.0,0.0
2013-07-19 00:00:00+09:00,3884.615478515625,4007.6923828125,3846.15380859375,3846.15380859375,23952,0.0,0.0
2013-07-22 00:00:00+09:00,3884.615478515625,3884.615478515625,3807.6923828125,3807.6923828125,34715,0.0,0.0
2013-07-23 00:00:00+09:00,3792.3076171875,3876.923095703125,3792.3076171875,3838.46142578125,16003,0.0,0.0
2013-07-24 00:00:00+09:00,3907.6923828125,3907.6923828125,3776.923095703125,3861.53857421875,11366,0.0,0.0
2013-07-25 00:00:00+09:00,3915.384521484375,3915.384521484375,3753.84619140625,3811.53857421875,21410,0.0,0.0
2013-07-26 00:00:00+09:00,3846.15380859375,3846.15380859375,3773.076904296875,3826.923095703125,9538,0.0,0.0
2013-07-29 00:00:00+09:00,3807.6923828125,3861.53857421875,3507.6923828125,3665.384521484375,22816,0.0,0.0
2013-07-30 00:00:00+09:00,3665.384521484375,3807.6923828125,3538.46142578125,3715.384521484375,14777,0.0,0.0
2013-07-31 00:00:00+09:00,3915.384521484375,3915.384521484375,3623.076904296875,3800.0,28216,0.0,0.0
2013-08-01 00:00:00+09:00,3815.384521484375,3815.384521484375,3661.53857421875,3761.53857421875,23571,0.0,0.0
2013-08-02 00:00:00+09:00,3838.46142578125,3838.46142578125,3423.076904296875,3576.923095703125,130185,0.0,0.0
2013-08-05 00:00:00+09:00,3580.769287109375,3669.230712890625,3450.0,3534.615478515625,47670,0.0,0.0
2013-08-06 00:00:00+09:00,3496.15380859375,3607.6923828125,3496.15380859375,3530.769287109375,27949,0.0,0.0
2013-08-07 00:00:00+09:00,3530.769287109375,4053.84619140625,3496.15380859375,4053.84619140625,718241,0.0,0.0
2013-08-08 00:00:00+09:00,4061.53857421875,4230.76904296875,3961.53857421875,4053.84619140625,421540,0.0,0.0
2013-08-09 00:00:00+09:00,4100.0,4200.0,4030.769287109375,4069.230712890625,247910,0.0,0.0
2013-08-12 00:00:00+09:00,4069.230712890625,4115.384765625,3769.230712890625,3842.3076171875,227526,0.0,0.0
2013-08-13 00:00:00+09:00,3853.84619140625,3853.84619140625,3680.769287109375,3800.0,84703,0.0,0.0
2013-08-14 00:00:00+09:00,3792.3076171875,3792.3076171875,3684.615478515625,3746.15380859375,54777,0.0,0.0
2013-08-16 00:00:00+09:00,3684.615478515625,3834.615478515625,3684.615478515625,3807.6923828125,102025,0.0,0.0
2013-08-19 00:00:00+09:00,3807.6923828125,3923.076904296875,3769.230712890625,3923.076904296875,110998,0.0,0.0
2013-08-20 00:00:00+09:00,3876.923095703125,3976.923095703125,3861.53857421875,3938.46142578125,81571,0.0,0.0
2013-08-21 00:00:00+09:00,3915.384521484375,3938.46142578125,3696.15380859375,3784.615478515625,85654,0.0,0.0
2013-08-22 00:00:00+09:00,3692.3076171875,3830.769287109375,3642.3076171875,3646.15380859375,57663,0.0,0.0
2013-08-23 00:00:00+09:00,3730.769287109375,3730.769287109375,3657.6923828125,3700.0,33806,0.0,0.0
2013-08-26 00:00:00+09:00,3769.230712890625,3884.615478515625,3719.230712890625,3884.615478515625,73831,0.0,0.0
2013-08-27 00:00:00+09:00,3923.076904296875,3923.076904296875,3669.230712890625,3846.15380859375,51590,0.0,0.0
2013-08-28 00:00:00+09:00,3823.076904296875,3823.076904296875,3526.923095703125,3669.230712890625,102404,0.0,0.0
2013-08-29 00:00:00+09:00,3669.230712890625,3723.076904296875,3638.46142578125,3661.53857421875,47724,0.0,0.0
2013-08-30 00:00:00+09:00,3642.3076171875,3665.384521484375,3461.53857421875,3538.46142578125,30643,0.0,0.0
2013-09-02 00:00:00+09:00,3519.230712890625,3519.230712890625,3369.230712890625,3376.923095703125,57847,0.0,0.0
2013-09-03 00:00:00+09:00,3376.923095703125,3426.923095703125,3192.3076171875,3203.84619140625,118846,0.0,0.0
2013-09-04 00:00:00+09:00,3230.769287109375,3230.769287109375,3115.384521484375,3203.84619140625,171855,0.0,0.0
2013-09-05 00:00:00+09:00,3230.769287109375,3246.15380859375,3161.53857421875,3246.15380859375,105423,0.0,0.0
2013-09-06 00:00:00+09:00,3392.3076171875,3457.6923828125,3296.15380859375,3300.0,271574,0.0,0.0
2013-09-09 00:00:00+09:00,3376.923095703125,3746.15380859375,3346.15380859375,3453.84619140625,235372,0.0,0.0
2013-09-10 00:00:00+09:00,3519.230712890625,3519.230712890625,3323.076904296875,3373.076904296875,141163,0.0,0.0
2013-09-11 00:00:00+09:00,3384.615478515625,3419.230712890625,3296.15380859375,3411.53857421875,176476,0.0,0.0
2013-09-12 00:00:00+09:00,3411.53857421875,3707.6923828125,3369.230712890625,3707.6923828125,349779,0.0,0.0
2013-09-13 00:00:00+09:00,3561.53857421875,3792.3076171875,3484.615478515625,3669.230712890625,238281,0.0,0.0
2013-09-16 00:00:00+09:00,3669.230712890625,3792.3076171875,3626.923095703125,3626.923095703125,72260,0.0,0.0
2013-09-17 00:00:00+09:00,3642.3076171875,3738.46142578125,3553.84619140625,3684.615478515625,36558,0.0,0.0
2013-09-23 00:00:00+09:00,3803.84619140625,4038.46142578125,3738.46142578125,4038.46142578125,203995,0.0,0.0
2013-09-24 00:00:00+09:00,4030.769287109375,4230.76904296875,3930.769287109375,4076.923095703125,243894,0.0,0.0
2013-09-25 00:00:00+09:00,3992.3076171875,4153.84619140625,3961.53857421875,4030.769287109375,44712,0.0,0.0
2013-09-26 00:00:00+09:00,4115.384765625,4115.384765625,3961.53857421875,4015.384521484375,37008,0.0,0.0
2013-09-27 00:00:00+09:00,4000.0,4007.6923828125,3773.076904296875,3876.923095703125,186036,0.0,0.0
2013-09-30 00:00:00+09:00,3803.84619140625,3861.53857421875,3723.076904296875,3753.84619140625,53579,0.0,0.0
2013-10-01 00:00:00+09:00,3753.84619140625,3846.15380859375,3653.84619140625,3680.769287109375,18015,0.0,0.0
2013-10-02 00:00:00+09:00,3680.769287109375,3815.384521484375,3626.923095703125,3730.769287109375,35638,0.0,0.0
2013-10-04 00:00:00+09:00,3769.230712890625,3807.6923828125,3653.84619140625,3730.769287109375,44746,0.0,0.0
2013-10-07 00:00:00+09:00,3907.6923828125,3907.6923828125,3592.3076171875,3680.769287109375,56653,0.0,0.0
2013-10-08 00:00:00+09:00,3784.615478515625,4107.6923828125,3707.6923828125,4000.0,107956,0.0,0.0
2013-10-10 00:00:00+09:00,4000.0,4138.46142578125,3961.53857421875,4069.230712890625,103112,0.0,0.0
2013-10-11 00:00:00+09:00,4115.384765625,4153.84619140625,3923.076904296875,3984.615478515625,68013,0.0,0.0
2013-10-14 00:00:00+09:00,3969.230712890625,3969.230712890625,3884.615478515625,3938.46142578125,24104,0.0,0.0
2013-10-15 00:00:00+09:00,3961.53857421875,4007.6923828125,3907.6923828125,3938.46142578125,22063,0.0,0.0
2013-10-16 00:00:00+09:00,3892.3076171875,3946.15380859375,3692.3076171875,3838.46142578125,63981,0.0,0.0
2013-10-17 00:00:00+09:00,3842.3076171875,3842.3076171875,3703.84619140625,3707.6923828125,18768,0.0,0.0
2013-10-18 00:00:00+09:00,3730.769287109375,3846.15380859375,3692.3076171875,3846.15380859375,21849,0.0,0.0
2013-10-21 00:00:00+09:00,3892.3076171875,3892.3076171875,3776.923095703125,3776.923095703125,23724,0.0,0.0
2013-10-22 00:00:00+09:00,3780.769287109375,3826.923095703125,3707.6923828125,3800.0,44119,0.0,0.0
2013-10-23 00:00:00+09:00,3761.53857421875,3811.53857421875,3707.6923828125,3730.769287109375,37076,0.0,0.0
2013-10-24 00:00:00+09:00,3746.15380859375,3746.15380859375,3684.615478515625,3692.3076171875,25736,0.0,0.0
2013-10-25 00:00:00+09:00,3723.076904296875,3723.076904296875,3592.3076171875,3592.3076171875,41514,0.0,0.0
2013-10-28 00:00:00+09:00,3580.769287109375,3676.923095703125,3580.769287109375,3592.3076171875,31072,0.0,0.0
2013-10-29 00:00:00+09:00,3576.923095703125,3634.615478515625,3473.076904296875,3600.0,33739,0.0,0.0
2013-10-30 00:00:00+09:00,3580.769287109375,4030.769287109375,3550.0,3869.230712890625,181515,0.0,0.0
2013-10-31 00:00:00+09:00,3869.230712890625,3869.230712890625,3757.6923828125,3807.6923828125,44300,0.0,0.0
2013-11-01 00:00:00+09:00,3807.6923828125,3961.53857421875,3746.15380859375,3961.53857421875,57104,0.0,0.0
2013-11-04 00:00:00+09:00,3953.84619140625,4230.76904296875,3946.15380859375,4161.53857421875,152879,0.0,0.0
2013-11-05 00:00:00+09:00,4184.615234375,4284.615234375,3969.230712890625,4000.0,226842,0.0,0.0
2013-11-06 00:00:00+09:00,4200.0,4270.0,4035.0,4200.0,108742,0.0,0.0
2013-11-07 00:00:00+09:00,4245.0,4245.0,4090.0,4090.0,30300,0.0,0.0
2013-11-08 00:00:00+09:00,4040.0,4145.0,3910.0,3925.0,22083,0.0,0.0
2013-11-11 00:00:00+09:00,3900.0,3900.0,3655.0,3845.0,46798,0.0,0.0
2013-11-12 00:00:00+09:00,3835.0,4000.0,3780.0,3835.0,18518,0.0,0.0
2013-11-13 00:00:00+09:00,3750.0,3995.0,3750.0,3900.0,10877,0.0,0.0
2013-11-14 00:00:00+09:00,3700.0,3820.0,3680.0,3755.0,67149,0.0,0.0
2013-11-15 00:00:00+09:00,3735.0,3815.0,3735.0,3810.0,15350,0.0,0.0
2013-11-18 00:00:00+09:00,3810.0,3810.0,3610.0,3695.0,84541,0.0,0.0
2013-11-19 00:00:00+09:00,3695.0,3695.0,3460.0,3460.0,40195,0.0,0.0
2013-11-20 00:00:00+09:00,3450.0,3525.0,3400.0,3520.0,20042,0.0,0.0
2013-11-21 00:00:00+09:00,3520.0,3520.0,3435.0,3505.0,15931,0.0,0.0
2013-11-22 00:00:00+09:00,3400.0,3530.0,3330.0,3470.0,29948,0.0,0.0
2013-11-25 00:00:00+09:00,3385.0,3635.0,3385.0,3575.0,18763,0.0,0.0
2013-11-26 00:00:00+09:00,3500.0,3630.0,3420.0,3560.0,47940,0.0,0.0
2013-11-27 00:00:00+09:00,3540.0,3630.0,3515.0,3630.0,31775,0.0,0.0
2013-11-28 00:00:00+09:00,3630.0,3680.0,3555.0,3600.0,47953,0.0,0.0
2013-11-29 00:00:00+09:00,3600.0,3600.0,3420.0,3510.0,62351,0.0,0.0
2013-12-02 00:00:00+09:00,3550.0,3550.0,3345.0,3400.0,80883,0.0,0.0
2013-12-03 00:00:00+09:00,3400.0,3460.0,3280.0,3290.0,60412,0.0,0.0
2013-12-04 00:00:00+09:00,3290.0,3290.0,3170.0,3285.0,64656,0.0,0.0
2013-12-05 00:00:00+09:00,3285.0,3320.0,3160.0,3285.0,37639,0.0,0.0
2013-12-06 00:00:00+09:00,3325.0,3440.0,3275.0,3350.0,30133,0.0,0.0
2013-12-09 00:00:00+09:00,3350.0,3580.0,3300.0,3570.0,58285,0.0,0.0
2013-12-10 00:00:00+09:00,3570.0,3690.0,3435.0,3560.0,29690,0.0,0.0
2013-12-11 00:00:00+09:00,3560.0,3750.0,3555.0,3690.0,230620,0.0,0.0
2013-12-12 00:00:00+09:00,3670.0,3670.0,3495.0,3500.0,106057,0.0,0.0
2013-12-13 00:00:00+09:00,3570.0,3570.0,3320.0,3360.0,88824,0.0,0.0
2013-12-16 00:00:00+09:00,3330.0,3385.0,3280.0,3350.0,57644,0.0,0.0
2013-12-17 00:00:00+09:00,3310.0,3390.0,3260.0,3380.0,99810,0.0,0.0
2013-12-18 00:00:00+09:00,3350.0,3375.0,3255.0,3280.0,58386,0.0,0.0
2013-12-19 00:00:00+09:00,3345.0,3360.0,3270.0,3340.0,31107,0.0,0.0
2013-12-20 00:00:00+09:00,3305.0,3410.0,3290.0,3380.0,34808,0.0,0.0
2013-12-23 00:00:00+09:00,3380.0,3435.0,3330.0,3370.0,22303,0.0,0.0
2013-12-24 00:00:00+09:00,3340.0,3380.0,3290.0,3340.0,41339,0.0,0.0
2013-12-26 00:00:00+09:00,3300.0,3490.0,3300.0,3430.0,64521,0.0,0.0
2013-12-27 00:00:00+09:00,3430.0,3560.0,3380.0,3420.0,118521,0.0,0.0
2013-12-30 00:00:00+09:00,3460.0,3460.0,3350.0,3400.0,51685,0.0,0.0
2014-01-02 00:00:00+09:00,3400.0,3425.0,3250.0,3295.0,53750,0.0,0.0
2014-01-03 00:00:00+09:00,3295.0,3330.0,3195.0,3260.0,55677,0.0,0.0
2014-01-06 00:00:00+09:00,3290.0,3290.0,3230.0,3270.0,13152,0.0,0.0
2014-01-07 00:00:00+09:00,3285.0,3350.0,3230.0,3330.0,40902,0.0,0.0
2014-01-08 00:00:00+09:00,3360.0,3380.0,3300.0,3315.0,41658,0.0,0.0
2014-01-09 00:00:00+09:00,3315.0,3340.0,3250.0,3330.0,17551,0.0,0.0
2014-01-10 00:00:00+09:00,3310.0,3390.0,3310.0,3315.0,17451,0.0,0.0
2014-01-13 00:00:00+09:00,3345.0,3380.0,3310.0,3320.0,20944,0.0,0.0
2014-01-14 00:00:00+09:00,3285.0,3330.0,3225.0,3290.0,58194,0.0,0.0
2014-01-15 00:00:00+09:00,3325.0,3325.0,3200.0,3215.0,53749,0.0,0.0
2014-01-16 00:00:00+09:00,3270.0,3270.0,3200.0,3240.0,24368,0.0,0.0
2014-01-17 00:00:00+09:00,3240.0,3255.0,3200.0,3215.0,19663,0.0,0.0
2014-01-20 00:00:00+09:00,3175.0,3460.0,3175.0,3325.0,101383,0.0,0.0
2014-01-21 00:00:00+09:00,3325.0,3355.0,3280.0,3295.0,34709,0.0,0.0
2014-01-22 00:00:00+09:00,3280.0,3390.0,3280.0,3350.0,34255,0.0,0.0
2014-01-23 00:00:00+09:00,3305.0,3475.0,3305.0,3400.0,56904,0.0,0.0
2014-01-24 00:00:00+09:00,3370.0,3450.0,3340.0,3440.0,39743,0.0,0.0
2014-01-27 00:00:00+09:00,3390.0,3390.0,3280.0,3330.0,66638,0.0,0.0
2014-01-28 00:00:00+09:00,3270.0,3350.0,3260.0,3280.0,38581,0.0,0.0
2014-01-29 00:00:00+09:00,3275.0,3315.0,3250.0,3270.0,20331,0.0,0.0
2014-02-03 00:00:00+09:00,3235.0,3330.0,3200.0,3255.0,48669,0.0,0.0
2014-02-04 00:00:00+09:00,3250.0,3255.0,3205.0,3230.0,30934,0.0,0.0
2014-02-05 00:00:00+09:00,3210.0,3260.0,3210.0,3230.0,32768,0.0,0.0
2014-02-06 00:00:00+09:00,3280.0,3390.0,3200.0,3285.0,30149,0.0,0.0
2014-02-07 00:00:00+09:00,3285.0,3390.0,3265.0,3360.0,59259,0.0,0.0
2014-02-10 00:00:00+09:00,3330.0,3380.0,3290.0,3335.0,27187,0.0,0.0
2014-02-11 00:00:00+09:00,3385.0,3435.0,3310.0,3435.0,47197,0.0,0.0
2014-02-12 00:00:00+09:00,3410.0,3655.0,3410.0,3650.0,234262,0.0,0.0
2014-02-13 00:00:00+09:00,3650.0,3775.0,3580.0,3680.0,76038,0.0,0.0
2014-02-14 00:00:00+09:00,3660.0,3795.0,3660.0,3770.0,79568,0.0,0.0
2014-02-17 00:00:00+09:00,3800.0,3800.0,3700.0,3770.0,68375,0.0,0.0
2014-02-18 00:00:00+09:00,3780.0,3790.0,3610.0,3650.0,73148,0.0,0.0
2014-02-19 00:00:00+09:00,3680.0,3680.0,3530.0,3570.0,53953,0.0,0.0
2014-02-20 00:00:00+09:00,3535.0,3715.0,3510.0,3715.0,77026,0.0,0.0
2014-02-21 00:00:00+09:00,3700.0,4000.0,3700.0,3860.0,134947,0.0,0.0
2014-02-24 00:00:00+09:00,3955.0,3955.0,3830.0,3900.0,65810,0.0,0.0
2014-02-25 00:00:00+09:00,3985.0,3985.0,3840.0,3900.0,63097,0.0,0.0
2014-02-26 00:00:00+09:00,3950.0,3950.0,3780.0,3780.0,54119,0.0,0.0
2014-02-27 00:00:00+09:00,3780.0,3810.0,3670.0,3720.0,54611,0.0,0.0
2014-02-28 00:00:00+09:00,3790.0,3830.0,3700.0,3825.0,26939,0.0,0.0
2014-03-03 00:00:00+09:00,3925.0,3930.0,3755.0,3795.0,82449,0.0,0.0
2014-03-04 00:00:00+09:00,3860.0,3860.0,3665.0,3710.0,42802,0.0,0.0
2014-03-05 00:00:00+09:00,3820.0,3820.0,3640.0,3715.0,49105,0.0,0.0
2014-03-06 00:00:00+09:00,3770.0,3770.0,3615.0,3670.0,61418,0.0,0.0
2014-03-07 00:00:00+09:00,3670.0,3715.0,3625.0,3625.0,44118,0.0,0.0
2014-03-10 00:00:00+09:00,3660.0,3660.0,3565.0,3605.0,35964,0.0,0.0
2014-03-11 00:00:00+09:00,3565.0,3890.0,3565.0,3735.0,58669,0.0,0.0
2014-03-12 00:00:00+09:00,3780.0,3780.0,3610.0,3645.0,25678,0.0,0.0
2014-03-13 00:00:00+09:00,3650.0,3720.0,3555.0,3620.0,23669,0.0,0.0
2014-03-14 00:00:00+09:00,3660.0,3660.0,3555.0,3640.0,28211,0.0,0.0
2014-03-17 00:00:00+09:00,3560.0,3720.0,3560.0,3570.0,7886,0.0,0.0
2014-03-18 00:00:00+09:00,3700.0,3700.0,3555.0,3615.0,9112,0.0,0.0
2014-03-19 00:00:00+09:00,3570.0,3690.0,3565.0,3610.0,26762,0.0,0.0
2014-03-20 00:00:00+09:00,3600.0,3660.0,3550.0,3605.0,23993,0.0,0.0
2014-03-21 00:00:00+09:00,3605.0,3650.0,3530.0,3600.0,39027,0.0,0.0
2014-03-24 00:00:00+09:00,3600.0,3600.0,3515.0,3560.0,32206,0.0,0.0
2014-03-25 00:00:00+09:00,3600.0,3860.0,3590.0,3800.0,242612,0.0,0.0
2014-03-26 00:00:00+09:00,3890.0,3890.0,3705.0,3805.0,76865,0.0,0.0
2014-03-27 00:00:00+09:00,3840.0,3840.0,3730.0,3770.0,44950,0.0,0.0
2014-03-28 00:00:00+09:00,3750.0,3900.0,3750.0,3900.0,167688,0.0,0.0
2014-03-31 00:00:00+09:00,4010.0,4010.0,3790.0,3830.0,47980,0.0,0.0
2014-04-01 00:00:00+09:00,3900.0,3910.0,3780.0,3895.0,30639,0.0,0.0
2014-04-02 00:00:00+09:00,3840.0,4475.0,3800.0,4050.0,1393590,0.0,0.0
2014-04-03 00:00:00+09:00,4140.0,4260.0,4115.0,4220.0,669090,0.0,0.0
2014-04-04 00:00:00+09:00,4260.0,4270.0,4150.0,4260.0,190758,0.0,0.0
2014-04-07 00:00:00+09:00,4225.0,4355.0,4150.0,4230.0,185873,0.0,0.0
2014-04-08 00:00:00+09:00,4235.0,4250.0,4055.0,4165.0,182309,0.0,0.0
2014-04-09 00:00:00+09:00,4250.0,4250.0,4080.0,4140.0,85264,0.0,0.0
2014-04-10 00:00:00+09:00,4130.0,4200.0,4105.0,4150.0,72811,0.0,0.0
2014-04-11 00:00:00+09:00,4110.0,4175.0,4090.0,4150.0,36867,0.0,0.0
2014-04-14 00:00:00+09:00,4125.0,4260.0,4125.0,4215.0,70081,0.0,0.0
2014-04-15 00:00:00+09:00,4300.0,4300.0,4160.0,4200.0,108363,0.0,0.0
2014-04-16 00:00:00+09:00,4250.0,4270.0,4150.0,4190.0,88663,0.0,0.0
2014-04-17 00:00:00+09:00,4145.0,4205.0,4110.0,4160.0,32087,0.0,0.0
2014-04-18 00:00:00+09:00,4175.0,4230.0,4110.0,4185.0,22878,0.0,0.0
2014-04-21 00:00:00+09:00,4185.0,4245.0,4100.0,4185.0,43903,0.0,0.0
2014-04-22 00:00:00+09:00,4150.0,4265.0,4150.0,4250.0,79956,0.0,0.0
2014-04-23 00:00:00+09:00,4280.0,4295.0,4020.0,4020.0,130899,0.0,0.0
2014-04-24 00:00:00+09:00,4000.0,4140.0,3980.0,4070.0,59965,0.0,0.0
2014-04-25 00:00:00+09:00,4150.0,4190.0,4005.0,4050.0,68943,0.0,0.0
2014-04-28 00:00:00+09:00,4050.0,4075.0,3950.0,3995.0,62079,0.0,0.0
2014-04-29 00:00:00+09:00,4015.0,4015.0,3930.0,3985.0,81756,0.0,0.0
2014-04-30 00:00:00+09:00,4020.0,4125.0,3985.0,4070.0,54192,0.0,0.0
2014-05-02 00:00:00+09:00,4075.0,4185.0,4035.0,4140.0,30623,0.0,0.0
2014-05-07 00:00:00+09:00,4140.0,4180.0,4030.0,4170.0,96451,0.0,0.0
2014-05-08 00:00:00+09:00,4290.0,4395.0,4175.0,4310.0,304727,0.0,0.0
2014-05-09 00:00:00+09:00,4330.0,4435.0,4185.0,4395.0,298368,0.0,0.0
2014-05-12 00:00:00+09:00,4450.0,4480.0,4290.0,4360.0,202318,0.0,0.0
2014-05-13 00:00:00+09:00,4390.0,4390.0,4295.0,4310.0,57685,0.0,0.0
2014-05-14 00:00:00+09:00,4350.0,4350.0,4185.0,4205.0,129994,0.0,0.0
2014-05-15 00:00:00+09:00,4280.0,4280.0,4160.0,4220.0,61943,0.0,0.0
2014-05-16 00:00:00+09:00,4220.0,4270.0,4160.0,4270.0,34575,0.0,0.0
2014-05-19 00:00:00+09:00,4270.0,4300.0,4075.0,4080.0,75369,0.0,0.0
2014-05-20 00:00:00+09:00,4055.0,4100.0,3935.0,4010.0,83530,0.0,0.0
2014-05-21 00:00:00+09:00,4010.0,4070.0,3995.0,4050.0,35236,0.0,0.0
2014-05-22 00:00:00+09:00,4000.0,4170.0,4000.0,4100.0,48571,0.0,0.0
2014-05-23 00:00:00+09:00,4115.0,4190.0,4095.0,4190.0,51458,0.0,0.0
2014-05-26 00:00:00+09:00,4190.0,4230.0,4100.0,4130.0,40483,0.0,0.0
2014-05-27 00:00:00+09:00,4130.0,4170.0,4080.0,4100.0,29583,0.0,0.0
2014-05-28 00:00:00+09:00,4120.0,4140.0,4030.0,4095.0,33215,0.0,0.0
2014-05-29 00:00:00+09:00,4130.0,4205.0,4055.0,4055.0,39610,0.0,0.0
2014-05-30 00:00:00+09:00,4000.0,4170.0,4000.0,4110.0,46747,0.0,0.0
2014-06-02 00:00:00+09:00,4190.0,4190.0,4050.0,4070.0,63813,0.0,0.0
2014-06-03 00:00:00+09:00,4050.0,4180.0,4050.0,4070.0,43930,0.0,0.0
2014-06-05 00:00:00+09:00,4070.0,4070.0,3950.0,4070.0,49368,0.0,0.0
2014-06-09 00:00:00+09:00,4020.0,4100.0,3900.0,4085.0,29113,0.0,0.0
2014-06-10 00:00:00+09:00,4070.0,4090.0,3985.0,4080.0,36737,0.0,0.0
2014-06-11 00:00:00+09:00,4000.0,4080.0,4000.0,4075.0,17528,0.0,0.0
2014-06-12 00:00:00+09:00,4075.0,4075.0,4030.0,4035.0,12554,0.0,0.0
2014-06-13 00:00:00+09:00,4005.0,4105.0,4005.0,4100.0,42576,0.0,0.0
2014-06-16 00:00:00+09:00,4100.0,4345.0,4075.0,4295.0,92103,0.0,0.0
2014-06-17 00:00:00+09:00,4295.0,4350.0,4210.0,4250.0,37684,0.0,0.0
2014-06-18 00:00:00+09:00,4270.0,4340.0,4230.0,4330.0,38625,0.0,0.0
2014-06-19 00:00:00+09:00,4300.0,4365.0,4250.0,4305.0,42446,0.0,0.0
2014-06-20 00:00:00+09:00,4305.0,4345.0,4285.0,4310.0,19007,0.0,0.0
2014-06-23 00:00:00+09:00,4310.0,4395.0,4265.0,4300.0,44699,0.0,0.0
2014-06-24 00:00:00+09:00,4290.0,4330.0,4250.0,4260.0,28599,0.0,0.0
2014-06-25 00:00:00+09:00,4250.0,4300.0,4150.0,4170.0,23589,0.0,0.0
2014-06-26 00:00:00+09:00,4170.0,4200.0,4145.0,4150.0,11749,0.0,0.0
2014-06-27 00:00:00+09:00,4080.0,4200.0,4080.0,4150.0,21520,0.0,0.0
2014-06-30 00:00:00+09:00,4125.0,4260.0,4060.0,4140.0,24824,0.0,0.0
2014-07-01 00:00:00+09:00,4240.0,4335.0,4090.0,4280.0,49336,0.0,0.0
2014-07-02 00:00:00+09:00,4330.0,4330.0,4150.0,4260.0,33111,0.0,0.0
2014-07-03 00:00:00+09:00,4260.0,4260.0,4160.0,4220.0,18415,0.0,0.0
2014-07-04 00:00:00+09:00,4210.0,4320.0,4145.0,4205.0,14824,0.0,0.0
2014-07-07 00:00:00+09:00,4220.0,4220.0,4090.0,4090.0,50707,0.0,0.0
2014-07-08 00:00:00+09:00,4160.0,4160.0,4020.0,4090.0,24759,0.0,0.0
2014-07-09 00:00:00+09:00,4050.0,4220.0,4050.0,4220.0,39618,0.0,0.0
2014-07-10 00:00:00+09:00,4300.0,4300.0,4135.0,4195.0,35168,0.0,0.0
2014-07-11 00:00:00+09:00,4165.0,4225.0,4090.0,4165.0,24117,0.0,0.0
2014-07-14 00:00:00+09:00,4200.0,4200.0,4100.0,4155.0,28543,0.0,0.0
2014-07-15 00:00:00+09:00,4200.0,4200.0,4080.0,4080.0,11284,0.0,0.0
2014-07-16 00:00:00+09:00,4080.0,4130.0,3920.0,4000.0,41710,0.0,0.0
2014-07-17 00:00:00+09:00,4035.0,4100.0,3965.0,4080.0,32388,0.0,0.0
2014-07-18 00:00:00+09:00,4110.0,4160.0,3990.0,4080.0,15156,0.0,0.0
2014-07-21 00:00:00+09:00,4080.0,4130.0,3960.0,4120.0,23132,0.0,0.0
2014-07-22 00:00:00+09:00,4195.0,4200.0,4025.0,4105.0,14490,0.0,0.0
2014-07-23 00:00:00+09:00,4150.0,4150.0,4005.0,4070.0,32477,0.0,0.0
2014-07-24 00:00:00+09:00,4120.0,4120.0,3980.0,4030.0,55252,0.0,0.0
2014-07-25 00:00:00+09:00,4000.0,4045.0,3940.0,4000.0,29341,0.0,0.0
2014-07-28 00:00:00+09:00,4000.0,4000.0,3400.0,3400.0,244807,0.0,0.0
2014-07-29 00:00:00+09:00,3450.0,3470.0,3155.0,3400.0,305465,0.0,0.0
2014-07-30 00:00:00+09:00,3400.0,3500.0,3365.0,3400.0,32538,0.0,0.0
2014-07-31 00:00:00+09:00,3405.0,3405.0,3290.0,3315.0,28381,0.0,0.0
2014-08-01 00:00:00+09:00,3215.0,3310.0,3095.0,3110.0,71694,0.0,0.0
2014-08-04 00:00:00+09:00,3110.0,3310.0,3110.0,3190.0,36515,0.0,0.0
2014-08-05 00:00:00+09:00,3195.0,3295.0,3130.0,3220.0,26106,0.0,0.0
2014-08-06 00:00:00+09:00,3250.0,3250.0,3100.0,3145.0,42344,0.0,0.0
2014-08-07 00:00:00+09:00,3140.0,3180.0,2950.0,3000.0,94456,0.0,0.0
2014-08-08 00:00:00+09:00,2980.0,3035.0,2950.0,3030.0,21181,0.0,0.0
2014-08-11 00:00:00+09:00,3045.0,3045.0,2950.0,3000.0,22834,0.0,0.0
2014-08-12 00:00:00+09:00,2970.0,3015.0,2920.0,2975.0,24324,0.0,0.0
2014-08-13 00:00:00+09:00,2990.0,3125.0,2980.0,3120.0,26156,0.0,0.0
2014-08-14 00:00:00+09:00,3105.0,3160.0,3070.0,3130.0,21877,0.0,0.0
2014-08-18 00:00:00+09:00,3180.0,3180.0,3065.0,3120.0,14521,0.0,0.0
2014-08-19 00:00:00+09:00,3195.0,3195.0,3075.0,3090.0,8885,0.0,0.0
2014-08-20 00:00:00+09:00,3160.0,3180.0,3075.0,3150.0,23977,0.0,0.0
2014-08-21 00:00:00+09:00,3150.0,3150.0,3070.0,3100.0,8455,0.0,0.0
2014-08-22 00:00:00+09:00,3075.0,3125.0,3060.0,3100.0,10988,0.0,0.0
2014-08-25 00:00:00+09:00,3050.0,3120.0,3050.0,3115.0,11727,0.0,0.0
2014-08-26 00:00:00+09:00,3130.0,3190.0,3100.0,3120.0,13447,0.0,0.0
2014-08-27 00:00:00+09:00,3145.0,3160.0,3000.0,3095.0,35363,0.0,0.0
2014-08-28 00:00:00+09:00,3115.0,3115.0,2960.0,3000.0,31434,0.0,0.0
2014-08-29 00:00:00+09:00,2945.0,3005.0,2875.0,2875.0,53420,0.0,0.0
2014-09-01 00:00:00+09:00,2875.0,2875.0,2445.0,2445.0,213358,0.0,0.0
2014-09-02 00:00:00+09:00,2400.0,2420.0,2285.0,2405.0,144493,0.0,0.0
2014-09-03 00:00:00+09:00,2430.0,2600.0,2350.0,2550.0,65885,0.0,0.0
2014-09-04 00:00:00+09:00,2605.0,2780.0,2515.0,2735.0,46580,0.0,0.0
2014-09-05 00:00:00+09:00,2790.0,2800.0,2610.0,2740.0,60903,0.0,0.0
2014-09-11 00:00:00+09:00,2790.0,2830.0,2755.0,2790.0,27938,0.0,0.0
2014-09-12 00:00:00+09:00,2840.0,2845.0,2700.0,2770.0,24012,0.0,0.0
2014-09-15 00:00:00+09:00,2800.0,2800.0,2675.0,2770.0,6572,0.0,0.0
2014-09-16 00:00:00+09:00,2785.0,2785.0,2695.0,2770.0,12551,0.0,0.0
2014-09-17 00:00:00+09:00,2790.0,2850.0,2720.0,2790.0,48292,0.0,0.0
2014-09-18 00:00:00+09:00,2770.0,2850.0,2720.0,2820.0,13785,0.0,0.0
2014-09-19 00:00:00+09:00,2850.0,3000.0,2795.0,2995.0,26170,0.0,0.0
2014-09-22 00:00:00+09:00,2965.0,3430.0,2965.0,3330.0,135126,0.0,0.0
2014-09-23 00:00:00+09:00,3330.0,3490.0,2840.0,3130.0,112059,0.0,0.0
2014-09-24 00:00:00+09:00,3110.0,3195.0,3000.0,3000.0,43273,0.0,0.0
2014-09-25 00:00:00+09:00,3000.0,3150.0,2990.0,2990.0,22492,0.0,0.0
2014-09-26 00:00:00+09:00,2950.0,3200.0,2945.0,2980.0,9847,0.0,0.0
2014-09-29 00:00:00+09:00,3070.0,3080.0,3045.0,3075.0,123983,0.0,0.0
2014-09-30 00:00:00+09:00,3075.0,3150.0,3055.0,3090.0,8841,0.0,0.0
2014-10-01 00:00:00+09:00,3175.0,3180.0,2990.0,2995.0,14601,0.0,0.0
2014-10-02 00:00:00+09:00,3080.0,3280.0,3000.0,3165.0,53487,0.0,0.0
2014-10-06 00:00:00+09:00,3295.0,3295.0,3025.0,3095.0,56960,0.0,0.0
2014-10-07 00:00:00+09:00,3155.0,3155.0,3000.0,3125.0,14831,0.0,0.0
2014-10-08 00:00:00+09:00,2980.0,3150.0,2980.0,3150.0,11341,0.0,0.0
2014-10-10 00:00:00+09:00,3035.0,3165.0,3035.0,3090.0,40629,0.0,0.0
2014-10-13 00:00:00+09:00,3090.0,3090.0,2895.0,3000.0,78480,0.0,0.0
2014-10-14 00:00:00+09:00,2900.0,3035.0,2785.0,2945.0,17929,0.0,0.0
2014-10-15 00:00:00+09:00,2945.0,3000.0,2810.0,2895.0,22243,0.0,0.0
2014-10-16 00:00:00+09:00,2890.0,2955.0,2700.0,2890.0,62525,0.0,0.0
2014-10-17 00:00:00+09:00,2920.0,2920.0,2815.0,2885.0,606,0.0,0.0
2014-10-20 00:00:00+09:00,2885.0,2890.0,2800.0,2800.0,16134,0.0,0.0
2014-10-21 00:00:00+09:00,2800.0,2900.0,2705.0,2825.0,34535,0.0,0.0
2014-10-22 00:00:00+09:00,2810.0,2930.0,2780.0,2915.0,13428,0.0,0.0
2014-10-23 00:00:00+09:00,2850.0,2970.0,2800.0,2800.0,12858,0.0,0.0
2014-10-24 00:00:00+09:00,2930.0,2930.0,2690.0,2805.0,29434,0.0,0.0
2014-10-27 00:00:00+09:00,2940.0,2940.0,2805.0,2850.0,8091,0.0,0.0
2014-10-28 00:00:00+09:00,2870.0,2940.0,2870.0,2925.0,42274,0.0,0.0
2014-10-29 00:00:00+09:00,2960.0,2960.0,2925.0,2955.0,4721,0.0,0.0
2014-10-30 00:00:00+09:00,2955.0,3000.0,2955.0,3000.0,15023,0.0,0.0
2014-10-31 00:00:00+09:00,3000.0,3045.0,2915.0,3040.0,30576,0.0,0.0
2014-11-03 00:00:00+09:00,3000.0,3055.0,2960.0,3020.0,3681,0.0,0.0
2014-11-04 00:00:00+09:00,3020.0,3020.0,2900.0,2990.0,8793,0.0,0.0
2014-11-05 00:00:00+09:00,3020.0,3020.0,2955.0,3000.0,7272,0.0,0.0
2014-11-06 00:00:00+09:00,3015.0,3015.0,2945.0,2990.0,5630,0.0,0.0
2014-11-07 00:00:00+09:00,2950.0,3000.0,2890.0,2940.0,15517,0.0,0.0
2014-11-10 00:00:00+09:00,2950.0,2950.0,2775.0,2780.0,27172,0.0,0.0
2014-11-11 00:00:00+09:00,2880.0,2880.0,2700.0,2730.0,31854,0.0,0.0
2014-11-12 00:00:00+09:00,2740.0,2740.0,2475.0,2540.0,87349,0.0,0.0
2014-11-13 00:00:00+09:00,2520.0,2540.0,2420.0,2465.0,63468,0.0,0.0
2014-11-14 00:00:00+09:00,2575.0,2575.0,2425.0,2440.0,24308,0.0,0.0
2014-11-17 00:00:00+09:00,2650.0,2650.0,2395.0,2450.0,5826,0.0,0.0
2014-11-18 00:00:00+09:00,2560.0,2560.0,2425.0,2490.0,14050,0.0,0.0
2014-11-19 00:00:00+09:00,2455.0,2560.0,2445.0,2490.0,16961,0.0,0.0
2014-11-20 00:00:00+09:00,2490.0,2545.0,2455.0,2525.0,13278,0.0,0.0
2014-11-21 00:00:00+09:00,2590.0,2590.0,2405.0,2475.0,12463,0.0,0.0
2014-11-24 00:00:00+09:00,2470.0,2540.0,2265.0,2300.0,53875,0.0,0.0
2014-11-25 00:00:00+09:00,2315.0,2420.0,2250.0,2420.0,73602,0.0,0.0
2014-11-26 00:00:00+09:00,2470.0,2510.0,2445.0,2510.0,17877,0.0,0.0
2014-11-27 00:00:00+09:00,2510.0,2600.0,2505.0,2600.0,22078,0.0,0.0
2014-11-28 00:00:00+09:00,2640.0,2640.0,2525.0,2570.0,30350,0.0,0.0
2014-12-01 00:00:00+09:00,2560.0,2560.0,2390.0,2475.0,25852,0.0,0.0
2014-12-02 00:00:00+09:00,2545.0,2550.0,2445.0,2490.0,12618,0.0,0.0
2014-12-03 00:00:00+09:00,2500.0,2550.0,2480.0,2500.0,10170,0.0,0.0
2014-12-04 00:00:00+09:00,2590.0,2590.0,2505.0,2540.0,108,0.0,0.0
2014-12-05 00:00:00+09:00,2595.0,2595.0,2425.0,2485.0,5838,0.0,0.0
2014-12-08 00:00:00+09:00,2495.0,2495.0,2405.0,2450.0,4312,0.0,0.0
2014-12-09 00:00:00+09:00,2470.0,2470.0,2350.0,2430.0,19546,0.0,0.0
2014-12-10 00:00:00+09:00,2330.0,2550.0,2330.0,2465.0,15750,0.0,0.0
2014-12-11 00:00:00+09:00,2415.0,2490.0,2410.0,2480.0,10305,0.0,0.0
2014-12-12 00:00:00+09:00,2445.0,2545.0,2360.0,2435.0,16524,0.0,0.0
2014-12-15 00:00:00+09:00,2335.0,2525.0,2320.0,2390.0,25715,0.0,0.0
2014-12-16 00:00:00+09:00,2305.0,2365.0,2110.0,2340.0,42075,0.0,0.0
2014-12-17 00:00:00+09:00,2415.0,2425.0,2205.0,2265.0,62061,0.0,0.0
2014-12-18 00:00:00+09:00,2180.0,2330.0,2170.0,2230.0,45263,0.0,0.0
2014-12-19 00:00:00+09:00,2350.0,2350.0,2120.0,2250.0,11639,0.0,0.0
2014-12-22 00:00:00+09:00,2355.0,2355.0,2155.0,2275.0,17686,0.0,0.0
2014-12-23 00:00:00+09:00,2250.0,2350.0,2150.0,2325.0,13914,0.0,0.0
2014-12-24 00:00:00+09:00,2215.0,2405.0,2155.0,2295.0,71942,0.0,0.0
2014-12-26 00:00:00+09:00,2295.0,2405.0,2295.0,2355.0,10398,0.0,0.0
2014-12-29 00:00:00+09:00,2420.0,2420.0,2270.0,2355.0,26483,0.0,0.0
2014-12-30 00:00:00+09:00,2355.0,2385.0,2265.0,2360.0,12235,0.0,0.0
2015-01-02 00:00:00+09:00,2315.0,2390.0,2260.0,2325.0,2324,0.0,0.0
2015-01-05 00:00:00+09:00,2375.0,2375.0,2230.0,2330.0,21025,0.0,0.0
2015-01-06 00:00:00+09:00,2275.0,2365.0,2270.0,2330.0,18097,0.0,0.0
2015-01-07 00:00:00+09:00,2300.0,2335.0,2280.0,2335.0,18771,0.0,0.0
2015-01-08 00:00:00+09:00,2315.0,2400.0,2300.0,2395.0,17098,0.0,0.0
2015-01-09 00:00:00+09:00,2325.0,2510.0,2325.0,2500.0,34906,0.0,0.0
2015-01-12 00:00:00+09:00,2500.0,2630.0,2500.0,2580.0,18946,0.0,0.0
2015-01-13 00:00:00+09:00,2550.0,2650.0,2425.0,2580.0,25163,0.0,0.0
2015-01-14 00:00:00+09:00,2535.0,2580.0,2525.0,2575.0,2912,0.0,0.0
2015-01-15 00:00:00+09:00,2550.0,2585.0,2460.0,2510.0,14411,0.0,0.0
2015-01-16 00:00:00+09:00,2495.0,2575.0,2490.0,2560.0,2685,0.0,0.0
2015-01-19 00:00:00+09:00,2535.0,2600.0,2440.0,2590.0,14000,0.0,0.0
2015-01-20 00:00:00+09:00,2590.0,2610.0,2420.0,2590.0,20124,0.0,0.0
2015-01-21 00:00:00+09:00,2580.0,2600.0,2490.0,2575.0,9079,0.0,0.0
2015-01-22 00:00:00+09:00,2565.0,2620.0,2505.0,2595.0,6628,0.0,0.0
2015-01-23 00:00:00+09:00,2540.0,2615.0,2450.0,2560.0,32067,0.0,0.0
2015-01-26 00:00:00+09:00,2570.0,2580.0,2420.0,2550.0,32983,0.0,0.0
2015-01-27 00:00:00+09:00,2495.0,2600.0,2495.0,2560.0,27872,0.0,0.0
2015-01-28 00:00:00+09:00,2570.0,2570.0,2500.0,2535.0,14777,0.0,0.0
2015-01-29 00:00:00+09:00,2595.0,2595.0,2400.0,2400.0,35630,0.0,0.0
2015-01-30 00:00:00+09:00,2375.0,2425.0,2340.0,2345.0,28951,0.0,0.0
2015-02-02 00:00:00+09:00,2350.0,2380.0,2110.0,2195.0,278992,0.0,0.0
2015-02-03 00:00:00+09:00,2195.0,2205.0,2160.0,2200.0,34990,0.0,0.0
2015-02-04 00:00:00+09:00,2200.0,2260.0,2145.0,2180.0,85600,0.0,0.0
2015-02-05 00:00:00+09:00,2180.0,2200.0,2115.0,2150.0,67319,0.0,0.0
2015-02-06 00:00:00+09:00,2195.0,2390.0,2160.0,2340.0,55966,0.0,0.0
2015-02-09 00:00:00+09:00,2315.0,2480.0,2245.0,2480.0,107928,0.0,0.0
2015-02-10 00:00:00+09:00,2500.0,2545.0,2410.0,2480.0,32300,0.0,0.0
2015-02-11 00:00:00+09:00,2435.0,2470.0,2370.0,2405.0,19093,0.0,0.0
2015-02-12 00:00:00+09:00,2405.0,2760.0,2350.0,2635.0,226137,0.0,0.0
2015-02-13 00:00:00+09:00,2635.0,3010.0,2605.0,2790.0,362148,0.0,0.0
2015-02-16 00:00:00+09:00,2785.0,2785.0,2585.0,2750.0,91906,0.0,0.0
2015-02-17 00:00:00+09:00,2750.0,2840.0,2640.0,2695.0,43099,0.0,0.0
2015-02-23 00:00:00+09:00,2745.0,2815.0,2690.0,2805.0,60805,0.0,0.0
2015-02-24 00:00:00+09:00,2840.0,2840.0,2690.0,2745.0,50959,0.0,0.0
2015-02-25 00:00:00+09:00,2745.0,2795.0,2680.0,2720.0,27572,0.0,0.0
2015-02-26 00:00:00+09:00,2715.0,2715.0,2620.0,2685.0,21151,0.0,0.0
2015-02-27 00:00:00+09:00,2675.0,2750.0,2645.0,2665.0,31894,0.0,0.0
2015-03-02 00:00:00+09:00,2675.0,2790.0,2665.0,2700.0,14820,0.0,0.0
2015-03-03 00:00:00+09:00,2750.0,2750.0,2670.0,2730.0,24971,0.0,0.0
2015-03-04 00:00:00+09:00,2775.0,2930.0,2730.0,2865.0,177964,0.0,0.0
2015-03-05 00:00:00+09:00,2950.0,3130.0,2915.0,3030.0,225778,0.0,0.0
2015-03-06 00:00:00+09:00,2995.0,2995.0,2855.0,2935.0,55968,0.0,0.0
2015-03-09 00:00:00+09:00,2725.0,2830.0,2670.0,2765.0,134560,0.0,0.0
2015-03-10 00:00:00+09:00,2720.0,3100.0,2700.0,2945.0,132688,0.0,0.0
2015-03-11 00:00:00+09:00,2845.0,2980.0,2840.0,2970.0,36633,0.0,0.0
2015-03-12 00:00:00+09:00,2970.0,2985.0,2905.0,2945.0,22851,0.0,0.0
2015-03-13 00:00:00+09:00,2945.0,3180.0,2870.0,3090.0,124260,0.0,0.0
2015-03-16 00:00:00+09:00,3090.0,3165.0,3020.0,3080.0,211872,0.0,0.0
2015-03-17 00:00:00+09:00,3080.0,3080.0,2920.0,2995.0,109214,0.0,0.0
2015-03-18 00:00:00+09:00,3005.0,3050.0,2910.0,3030.0,179358,0.0,0.0
2015-03-19 00:00:00+09:00,3020.0,3140.0,2940.0,3085.0,79783,0.0,0.0
2015-03-20 00:00:00+09:00,3045.0,3140.0,3035.0,3120.0,51146,0.0,0.0
2015-03-23 00:00:00+09:00,3145.0,3250.0,3040.0,3245.0,183789,0.0,0.0
2015-03-24 00:00:00+09:00,3310.0,3445.0,3155.0,3270.0,289236,0.0,0.0
2015-03-25 00:00:00+09:00,3270.0,3395.0,3195.0,3240.0,82572,0.0,0.0
2015-03-26 00:00:00+09:00,3235.0,3260.0,3150.0,3250.0,107116,0.0,0.0
2015-03-27 00:00:00+09:00,3205.0,3300.0,3055.0,3200.0,93089,0.0,0.0
2015-03-30 00:00:00+09:00,3250.0,3370.0,3085.0,3140.0,46983,0.0,0.0
2015-03-31 00:00:00+09:00,3180.0,3180.0,3000.0,3005.0,106642,0.0,0.0
2015-04-01 00:00:00+09:00,3090.0,3090.0,2860.0,2925.0,34485,0.0,0.0
2015-04-02 00:00:00+09:00,2930.0,2955.0,2880.0,2950.0,37085,0.0,0.0
2015-04-03 00:00:00+09:00,2970.0,3010.0,2925.0,3000.0,16532,0.0,0.0
2015-04-06 00:00:00+09:00,3000.0,3090.0,2930.0,3025.0,13135,0.0,0.0
2015-04-07 00:00:00+09:00,2960.0,3030.0,2890.0,2975.0,70011,0.0,0.0
2015-04-08 00:00:00+09:00,3010.0,3010.0,2920.0,2945.0,13952,0.0,0.0
2015-04-09 00:00:00+09:00,2945.0,3185.0,2895.0,3165.0,128008,0.0,0.0
2015-04-10 00:00:00+09:00,3100.0,3165.0,2975.0,3015.0,342370,0.0,0.0
2015-04-13 00:00:00+09:00,3025.0,3085.0,2960.0,2995.0,49477,0.0,0.0
2015-04-14 00:00:00+09:00,2980.0,2995.0,2850.0,2890.0,117908,0.0,0.0
2015-04-15 00:00:00+09:00,2930.0,2960.0,2900.0,2960.0,27590,0.0,0.0
2015-04-16 00:00:00+09:00,2960.0,3025.0,2905.0,2975.0,31497,0.0,0.0
2015-04-17 00:00:00+09:00,2990.0,2990.0,2865.0,2895.0,48704,0.0,0.0
2015-04-20 00:00:00+09:00,2860.0,2930.0,2850.0,2895.0,48271,0.0,0.0
2015-04-21 00:00:00+09:00,2925.0,2925.0,2765.0,2835.0,98189,0.0,0.0
2015-04-22 00:00:00+09:00,2835.0,2870.0,2600.0,2700.0,109155,0.0,0.0
2015-04-23 00:00:00+09:00,2700.0,2735.0,2450.0,2535.0,151936,0.0,0.0
2015-04-24 00:00:00+09:00,2535.0,2560.0,2480.0,2550.0,68782,0.0,0.0
2015-04-27 00:00:00+09:00,2550.0,2590.0,2515.0,2570.0,32667,0.0,0.0
2015-04-28 00:00:00+09:00,2550.0,2610.0,2550.0,2560.0,28106,0.0,0.0
2015-04-29 00:00:00+09:00,2560.0,2700.0,2545.0,2675.0,56091,0.0,0.0
2015-04-30 00:00:00+09:00,2695.0,2700.0,2625.0,2660.0,28833,0.0,0.0
2015-05-04 00:00:00+09:00,2645.0,2660.0,2550.0,2590.0,33403,0.0,0.0
2015-05-06 00:00:00+09:00,2585.0,2625.0,2550.0,2565.0,32177,0.0,0.0
2015-05-07 00:00:00+09:00,2565.0,2595.0,2500.0,2590.0,15768,0.0,0.0
2015-05-08 00:00:00+09:00,2590.0,2650.0,2580.0,2645.0,14158,0.0,0.0
2015-05-11 00:00:00+09:00,2645.0,2660.0,2600.0,2655.0,57518,0.0,0.0
2015-05-12 00:00:00+09:00,2655.0,2675.0,2585.0,2660.0,82435,0.0,0.0
2015-05-13 00:00:00+09:00,2660.0,2675.0,2505.0,2660.0,124669,0.0,0.0
2015-05-14 00:00:00+09:00,2665.0,2695.0,2605.0,2685.0,42658,0.0,0.0
2015-05-15 00:00:00+09:00,2700.0,2725.0,2660.0,2700.0,29605,0.0,0.0
2015-05-18 00:00:00+09:00,2675.0,2710.0,2610.0,2695.0,46792,0.0,0.0
2015-05-19 00:00:00+09:00,2715.0,2715.0,2635.0,2695.0,26801,0.0,0.0
2015-05-20 00:00:00+09:00,2950.0,2955.0,2725.0,2740.0,75852,0.0,0.0
2015-05-21 00:00:00+09:00,2740.0,2780.0,2675.0,2675.0,30219,0.0,0.0
2015-05-22 00:00:00+09:00,2690.0,2695.0,2590.0,2595.0,72804,0.0,0.0
2015-05-26 00:00:00+09:00,2210.0,2210.0,2210.0,2210.0,102779,0.0,0.0
2015-05-27 00:00:00+09:00,2105.0,2160.0,2020.0,2150.0,303674,0.0,0.0
2015-05-28 00:00:00+09:00,2170.0,2260.0,2115.0,2150.0,77651,0.0,0.0
2015-05-29 00:00:00+09:00,2200.0,2250.0,2170.0,2200.0,102675,0.0,0.0
2015-06-01 00:00:00+09:00,2245.0,2350.0,2200.0,2250.0,249832,0.0,0.0
2015-06-02 00:00:00+09:00,2295.0,2360.0,2230.0,2290.0,65828,0.0,0.0
2015-06-03 00:00:00+09:00,2350.0,2375.0,2290.0,2360.0,121067,0.0,0.0
2015-06-04 00:00:00+09:00,2390.0,2480.0,2350.0,2425.0,226504,0.0,0.0
2015-06-05 00:00:00+09:00,2460.0,2460.0,2295.0,2400.0,66392,0.0,0.0
2015-06-08 00:00:00+09:00,2400.0,2400.0,2250.0,2260.0,64201,0.0,0.0
2015-06-09 00:00:00+09:00,2335.0,2335.0,2230.0,2305.0,59004,0.0,0.0
2015-06-10 00:00:00+09:00,2340.0,2340.0,2225.0,2225.0,56367,0.0,0.0
2015-06-11 00:00:00+09:00,2315.0,2325.0,2160.0,2160.0,31533,0.0,0.0
2015-06-12 00:00:00+09:00,2285.0,2285.0,2230.0,2260.0,20335,0.0,0.0
2015-06-15 00:00:00+09:00,2315.0,2320.0,2235.0,2300.0,11411,0.0,0.0
2015-06-16 00:00:00+09:00,2325.0,2325.0,2205.0,2300.0,29835,0.0,0.0
2015-06-17 00:00:00+09:00,2290.0,2310.0,2260.0,2300.0,12556,0.0,0.0
2015-06-18 00:00:00+09:00,2250.0,2295.0,2220.0,2285.0,20606,0.0,0.0
2015-06-19 00:00:00+09:00,2300.0,2300.0,2170.0,2265.0,39778,0.0,0.0
2015-06-22 00:00:00+09:00,2280.0,2280.0,2140.0,2190.0,25667,0.0,0.0
2015-06-23 00:00:00+09:00,2260.0,2260.0,1850.0,1900.0,518713,0.0,0.0
2015-06-24 00:00:00+09:00,1915.0,1940.0,1875.0,1880.0,238320,0.0,0.0
2015-06-25 00:00:00+09:00,1910.0,1910.0,1850.0,1880.0,160770,0.0,0.0
2015-06-26 00:00:00+09:00,1895.0,1895.0,1855.0,1880.0,52983,0.0,0.0
2015-06-29 00:00:00+09:00,1875.0,1880.0,1780.0,1800.0,113234,0.0,0.0
2015-06-30 00:00:00+09:00,1840.0,1840.0,1730.0,1820.0,59610,0.0,0.0
2015-07-01 00:00:00+09:00,1830.0,1840.0,1755.0,1800.0,64657,0.0,0.0
2015-07-02 00:00:00+09:00,1800.0,1835.0,1790.0,1810.0,67739,0.0,0.0
2015-07-03 00:00:00+09:00,1815.0,1855.0,1790.0,1830.0,73987,0.0,0.0
2015-07-06 00:00:00+09:00,1850.0,1860.0,1775.0,1790.0,64497,0.0,0.0
2015-07-07 00:00:00+09:00,1775.0,1795.0,1695.0,1740.0,163911,0.0,0.0
2015-07-08 00:00:00+09:00,1740.0,1785.0,1700.0,1735.0,153661,0.0,0.0
2015-07-09 00:00:00+09:00,1700.0,1790.0,1695.0,1720.0,193135,0.0,0.0
2015-07-10 00:00:00+09:00,1760.0,1775.0,1700.0,1740.0,147102,0.0,0.0
2015-07-13 00:00:00+09:00,1740.0,1770.0,1695.0,1695.0,207624,0.0,0.0
2015-07-14 00:00:00+09:00,1705.0,1735.0,1695.0,1730.0,118386,0.0,0.0
2015-07-15 00:00:00+09:00,1740.0,1740.0,1700.0,1710.0,185213,0.0,0.0
2015-07-16 00:00:00+09:00,1720.0,1745.0,1690.0,1730.0,277879,0.0,0.0
2015-07-17 00:00:00+09:00,1735.0,1740.0,1680.0,1685.0,316551,0.0,0.0
2015-07-20 00:00:00+09:00,1685.0,1690.0,1550.0,1560.0,425141,0.0,0.0
2015-07-21 00:00:00+09:00,1610.0,1640.0,1560.0,1615.0,258189,0.0,0.0
2015-07-22 00:00:00+09:00,1630.0,1670.0,1605.0,1665.0,206960,0.0,0.0
2015-07-23 00:00:00+09:00,1670.0,1685.0,1640.0,1680.0,98485,0.0,0.0
2015-07-24 00:00:00+09:00,1685.0,1705.0,1655.0,1690.0,105684,0.0,0.0
2015-07-27 00:00:00+09:00,1695.0,1745.0,1650.0,1680.0,157781,0.0,0.0
2015-07-28 00:00:00+09:00,1685.0,1685.0,1630.0,1675.0,80933,0.0,0.0
2015-07-29 00:00:00+09:00,1650.0,1685.0,1590.0,1625.0,157940,0.0,0.0
2015-07-30 00:00:00+09:00,1650.0,1700.0,1590.0,1650.0,84624,0.0,0.0
2015-07-31 00:00:00+09:00,1645.0,1660.0,1425.0,1565.0,440951,0.0,0.0
2015-08-03 00:00:00+09:00,1560.0,1610.0,1530.0,1610.0,105015,0.0,0.0
2015-08-04 00:00:00+09:00,1600.0,1620.0,1545.0,1590.0,108520,0.0,0.0
2015-08-05 00:00:00+09:00,1585.0,1615.0,1565.0,1575.0,262305,0.0,0.0
2015-08-06 00:00:00+09:00,1500.0,1505.0,1390.0,1430.0,302107,0.0,0.0
2015-08-07 00:00:00+09:00,1420.0,1435.0,1405.0,1420.0,94759,0.0,0.0
2015-08-10 00:00:00+09:00,1415.0,1520.0,1350.0,1385.0,501155,0.0,0.0
2015-08-11 00:00:00+09:00,1440.0,1800.0,1440.0,1800.0,1002602,0.0,0.0
2015-08-12 00:00:00+09:00,2160.0,2340.0,2055.0,2340.0,10783810,0.0,0.0
2015-08-13 00:00:00+09:00,2650.0,2775.0,2305.0,2400.0,9583266,0.0,0.0
2015-08-17 00:00:00+09:00,2325.0,2330.0,2055.0,2170.0,3538371,0.0,0.0
2015-08-18 00:00:00+09:00,2185.0,2185.0,1900.0,2090.0,4111180,0.0,0.0
2015-08-19 00:00:00+09:00,2030.0,2580.0,1960.0,2300.0,14933920,0.0,0.0
2015-08-20 00:00:00+09:00,2340.0,2485.0,2090.0,2180.0,3643172,0.0,0.0
2015-08-21 00:00:00+09:00,2000.0,2095.0,1825.0,2030.0,1543877,0.0,0.0
2015-08-24 00:00:00+09:00,2065.0,2450.0,2045.0,2280.0,3167204,0.0,0.0
2015-08-25 00:00:00+09:00,2360.0,2460.0,2210.0,2315.0,2604699,0.0,0.0
2015-08-26 00:00:00+09:00,2355.0,2360.0,2180.0,2260.0,1224026,0.0,0.0
2015-08-27 00:00:00+09:00,2270.0,2425.0,2180.0,2380.0,2707336,0.0,0.0
2015-08-28 00:00:00+09:00,2380.0,2380.0,2245.0,2290.0,1612201,0.0,0.0
2015-08-31 00:00:00+09:00,2300.0,2350.0,2205.0,2315.0,717320,0.0,0.0
2015-09-01 00:00:00+09:00,2290.0,2365.0,2100.0,2100.0,1048798,0.0,0.0
2015-09-02 00:00:00+09:00,2010.0,2150.0,1900.0,2070.0,777759,0.0,0.0
2015-09-03 00:00:00+09:00,2100.0,2105.0,1940.0,1990.0,699897,0.0,0.0
2015-09-04 00:00:00+09:00,1975.0,2035.0,1800.0,1800.0,621994,0.0,0.0
2015-09-07 00:00:00+09:00,1820.0,1925.0,1710.0,1875.0,482873,0.0,0.0
2015-09-08 00:00:00+09:00,1940.0,2070.0,1895.0,1960.0,1166640,0.0,0.0
2015-09-09 00:00:00+09:00,1995.0,1995.0,1820.0,1940.0,473079,0.0,0.0
2015-09-10 00:00:00+09:00,1940.0,1955.0,1845.0,1875.0,335878,0.0,0.0
2015-09-11 00:00:00+09:00,1870.0,1880.0,1775.0,1835.0,410937,0.0,0.0
2015-09-14 00:00:00+09:00,1845.0,1865.0,1740.0,1790.0,333915,0.0,0.0
2015-09-15 00:00:00+09:00,1825.0,1830.0,1720.0,1800.0,328583,0.0,0.0
2015-09-16 00:00:00+09:00,1800.0,1855.0,1750.0,1800.0,360456,0.0,0.0
2015-09-17 00:00:00+09:00,1810.0,2200.0,1780.0,1900.0,3096685,0.0,0.0
2015-09-18 00:00:00+09:00,1940.0,2025.0,1905.0,1940.0,783638,0.0,0.0
2015-09-21 00:00:00+09:00,1910.0,2150.0,1910.0,2020.0,1013079,0.0,0.0
2015-09-22 00:00:00+09:00,2060.0,2305.0,2000.0,2185.0,2623607,0.0,0.0
2015-09-23 00:00:00+09:00,2400.0,2840.0,2355.0,2840.0,5623568,0.0,0.0
2015-09-24 00:00:00+09:00,3160.0,3175.0,2415.0,2620.0,8128794,0.0,0.0
2015-09-25 00:00:00+09:00,2620.0,2880.0,2605.0,2655.0,4388299,0.0,0.0
2015-09-30 00:00:00+09:00,2740.0,2740.0,2455.0,2545.0,1606812,0.0,0.0
2015-10-01 00:00:00+09:00,2600.0,2600.0,2340.0,2375.0,2137423,0.0,0.0
2015-10-02 00:00:00+09:00,2385.0,2480.0,2175.0,2230.0,2401405,0.0,0.0
2015-10-05 00:00:00+09:00,2330.0,2430.0,2290.0,2330.0,1692040,0.0,0.0
2015-10-06 00:00:00+09:00,2330.0,2340.0,2105.0,2180.0,1343359,0.0,0.0
2015-10-07 00:00:00+09:00,2230.0,2430.0,2180.0,2260.0,2263356,0.0,0.0
2015-10-08 00:00:00+09:00,2265.0,2395.0,2190.0,2285.0,1374982,0.0,0.0
2015-10-12 00:00:00+09:00,2330.0,2385.0,2230.0,2230.0,629412,0.0,0.0
2015-10-13 00:00:00+09:00,2230.0,2245.0,2065.0,2135.0,941912,0.0,0.0
2015-10-14 00:00:00+09:00,2130.0,2500.0,2050.0,2500.0,2447677,0.0,0.0
2015-10-15 00:00:00+09:00,2530.0,2535.0,2315.0,2335.0,2446338,0.0,0.0
2015-10-16 00:00:00+09:00,2370.0,2420.0,2280.0,2290.0,915384,0.0,0.0
2015-10-19 00:00:00+09:00,2280.0,2370.0,2210.0,2350.0,689322,0.0,0.0
2015-10-20 00:00:00+09:00,2390.0,2705.0,2360.0,2470.0,4814470,0.0,0.0
2015-10-21 00:00:00+09:00,2440.0,2545.0,2335.0,2545.0,1366482,0.0,0.0
2015-10-22 00:00:00+09:00,2515.0,3305.0,2435.0,2970.0,5250907,0.0,0.0
2015-10-23 00:00:00+09:00,2790.0,3000.0,2695.0,2815.0,2795142,0.0,0.0
2015-10-26 00:00:00+09:00,2710.0,3090.0,2635.0,2800.0,2293721,0.0,0.0
2015-10-27 00:00:00+09:00,2600.0,2650.0,2365.0,2375.0,3195580,0.0,0.0
2015-10-28 00:00:00+09:00,2400.0,2410.0,2200.0,2200.0,2070876,0.0,0.0
2015-10-29 00:00:00+09:00,2150.0,2300.0,2145.0,2215.0,2483251,0.0,0.0
2015-10-30 00:00:00+09:00,2250.0,2265.0,2165.0,2200.0,939204,0.0,0.0
2015-11-02 00:00:00+09:00,2195.0,2300.0,2155.0,2230.0,977779,0.0,0.0
2015-11-03 00:00:00+09:00,2250.0,2290.0,2210.0,2275.0,796834,0.0,0.0
2015-11-04 00:00:00+09:00,2315.0,2520.0,2245.0,2500.0,3274728,0.0,0.0
2015-11-05 00:00:00+09:00,2500.0,2525.0,2420.0,2460.0,1118411,0.0,0.0
2015-11-06 00:00:00+09:00,2430.0,2430.0,2250.0,2380.0,1310964,0.0,0.0
2015-11-09 00:00:00+09:00,2365.0,2610.0,2255.0,2490.0,2253037,0.0,0.0
2015-11-10 00:00:00+09:00,2505.0,2550.0,2355.0,2500.0,1114232,0.0,0.0
2015-11-11 00:00:00+09:00,2490.0,2600.0,2380.0,2500.0,928473,0.0,0.0
2015-11-12 00:00:00+09:00,2450.0,2495.0,2405.0,2405.0,566533,0.0,0.0
2015-11-13 00:00:00+09:00,2355.0,2375.0,2275.0,2295.0,619887,0.0,0.0
2015-11-16 00:00:00+09:00,2240.0,2395.0,2235.0,2295.0,575095,0.0,0.0
2015-11-17 00:00:00+09:00,2295.0,2445.0,2280.0,2435.0,682100,0.0,0.0
2015-11-18 00:00:00+09:00,2460.0,2500.0,2290.0,2310.0,512854,0.0,0.0
2015-11-19 00:00:00+09:00,2455.0,2550.0,2310.0,2390.0,805174,0.0,0.0
2015-11-20 00:00:00+09:00,2385.0,2480.0,2350.0,2390.0,525572,0.0,0.0
2015-11-23 00:00:00+09:00,2500.0,3105.0,2495.0,3105.0,3468383,0.0,0.0
2015-11-24 00:00:00+09:00,3100.0,3100.0,2805.0,2870.0,8502555,0.0,0.0
2015-11-25 00:00:00+09:00,2925.0,3150.0,2820.0,2880.0,7122896,0.0,0.0
2015-11-26 00:00:00+09:00,2900.0,2910.0,2675.0,2700.0,2433427,0.0,0.0
2015-11-27 00:00:00+09:00,2700.0,2890.0,2620.0,2765.0,2421081,0.0,0.0
2015-11-30 00:00:00+09:00,2695.0,2725.0,2605.0,2690.0,827593,0.0,0.0
2015-12-01 00:00:00+09:00,2820.0,2925.0,2690.0,2765.0,1793474,0.0,0.0
2015-12-02 00:00:00+09:00,2785.0,3050.0,2765.0,2930.0,4657205,0.0,0.0
2015-12-03 00:00:00+09:00,2960.0,3060.0,2815.0,2865.0,2726284,0.0,0.0
2015-12-04 00:00:00+09:00,2860.0,2990.0,2690.0,2755.0,2293040,0.0,0.0
2015-12-07 00:00:00+09:00,2790.0,2930.0,2745.0,2930.0,1592778,0.0,0.0
2015-12-08 00:00:00+09:00,2955.0,3140.0,2880.0,3030.0,3046928,0.0,0.0
2015-12-09 00:00:00+09:00,2895.0,3230.0,2815.0,3200.0,3529618,0.0,0.0
2015-12-10 00:00:00+09:00,3325.0,3650.0,2940.0,2940.0,5238183,0.0,0.0
2015-12-11 00:00:00+09:00,2970.0,3050.0,2900.0,2960.0,1266387,0.0,0.0
2015-12-14 00:00:00+09:00,2850.0,2925.0,2740.0,2740.0,945671,0.0,0.0
2015-12-15 00:00:00+09:00,2710.0,2860.0,2620.0,2860.0,917974,0.0,0.0
2015-12-16 00:00:00+09:00,2865.0,2955.0,2840.0,2860.0,570420,0.0,0.0
2015-12-17 00:00:00+09:00,2860.0,2940.0,2830.0,2890.0,620201,0.0,0.0
2015-12-18 00:00:00+09:00,2880.0,2905.0,2780.0,2830.0,701502,0.0,0.0
2015-12-21 00:00:00+09:00,2800.0,2960.0,2785.0,2915.0,736876,0.0,0.0
2015-12-22 00:00:00+09:00,2975.0,3000.0,2845.0,2860.0,627156,0.0,0.0
2015-12-23 00:00:00+09:00,2870.0,2885.0,2775.0,2800.0,431145,0.0,0.0
2015-12-24 00:00:00+09:00,2820.0,2855.0,2780.0,2800.0,445223,0.0,0.0
2015-12-28 00:00:00+09:00,2805.0,2820.0,2680.0,2680.0,382760,0.0,0.0
2015-12-29 00:00:00+09:00,2730.0,2800.0,2620.0,2790.0,466959,0.0,0.0
2015-12-30 00:00:00+09:00,2770.0,2840.0,2760.0,2805.0,262728,0.0,0.0
2016-01-04 00:00:00+09:00,2805.0,2960.0,2755.0,2755.0,833632,0.0,0.0
2016-01-05 00:00:00+09:00,2680.0,2820.0,2675.0,2810.0,288168,0.0,0.0
2016-01-06 00:00:00+09:00,2835.0,2880.0,2705.0,2780.0,501537,0.0,0.0
2016-01-07 00:00:00+09:00,2755.0,2815.0,2600.0,2640.0,597540,0.0,0.0
2016-01-08 00:00:00+09:00,2555.0,2575.0,2410.0,2550.0,955336,0.0,0.0
2016-01-11 00:00:00+09:00,2520.0,2550.0,2350.0,2385.0,750773,0.0,0.0
2016-01-12 00:00:00+09:00,2395.0,2455.0,2380.0,2400.0,520008,0.0,0.0
2016-01-13 00:00:00+09:00,2410.0,2430.0,2280.0,2330.0,704988,0.0,0.0
2016-01-14 00:00:00+09:00,2300.0,2395.0,2300.0,2385.0,459520,0.0,0.0
2016-01-15 00:00:00+09:00,2400.0,2450.0,2335.0,2385.0,366133,0.0,0.0
2016-01-18 00:00:00+09:00,2340.0,2375.0,2290.0,2350.0,235543,0.0,0.0
2016-01-19 00:00:00+09:00,2350.0,2395.0,2205.0,2245.0,508511,0.0,0.0
2016-01-20 00:00:00+09:00,2245.0,2275.0,2065.0,2150.0,494745,0.0,0.0
2016-01-21 00:00:00+09:00,2130.0,2270.0,2100.0,2235.0,355091,0.0,0.0
2016-01-22 00:00:00+09:00,2235.0,2295.0,2135.0,2190.0,310116,0.0,0.0
2016-01-25 00:00:00+09:00,2175.0,2230.0,2170.0,2210.0,198531,0.0,0.0
2016-01-26 00:00:00+09:00,2180.0,2220.0,2150.0,2190.0,138288,0.0,0.0
2016-01-27 00:00:00+09:00,2205.0,2290.0,2185.0,2250.0,339398,0.0,0.0
2016-01-28 00:00:00+09:00,2250.0,2320.0,2230.0,2310.0,262420,0.0,0.0
2016-01-29 00:00:00+09:00,2310.0,2325.0,2245.0,2250.0,193761,0.0,0.0
2016-02-01 00:00:00+09:00,2255.0,2310.0,2185.0,2220.0,279407,0.0,0.0
2016-02-02 00:00:00+09:00,2215.0,2290.0,2185.0,2250.0,149618,0.0,0.0
2016-02-03 00:00:00+09:00,2245.0,2330.0,2190.0,2325.0,358202,0.0,0.0
2016-02-04 00:00:00+09:00,2380.0,2390.0,2240.0,2295.0,411665,0.0,0.0
2016-02-05 00:00:00+09:00,2295.0,2360.0,2265.0,2300.0,202888,0.0,0.0
2016-02-11 00:00:00+09:00,2220.0,2260.0,2150.0,2195.0,207434,0.0,0.0
2016-02-12 00:00:00+09:00,2170.0,2210.0,2070.0,2120.0,315035,0.0,0.0
2016-02-15 00:00:00+09:00,2185.0,2270.0,2130.0,2205.0,318559,0.0,0.0
2016-02-16 00:00:00+09:00,2305.0,2355.0,2220.0,2260.0,209458,0.0,0.0
2016-02-17 00:00:00+09:00,2260.0,2275.0,2200.0,2200.0,167590,0.0,0.0
2016-02-18 00:00:00+09:00,2270.0,2305.0,2240.0,2260.0,147846,0.0,0.0
2016-02-19 00:00:00+09:00,2285.0,2300.0,2235.0,2260.0,136552,0.0,0.0
2016-02-22 00:00:00+09:00,2270.0,2295.0,2240.0,2265.0,105327,0.0,0.0
2016-02-23 00:00:00+09:00,2255.0,2390.0,2250.0,2340.0,450596,0.0,0.0
2016-02-24 00:00:00+09:00,2325.0,2365.0,2295.0,2355.0,201094,0.0,0.0
2016-02-25 00:00:00+09:00,2380.0,2385.0,2330.0,2370.0,228291,0.0,0.0
2016-02-26 00:00:00+09:00,2380.0,2380.0,2330.0,2355.0,196807,0.0,0.0
2016-02-29 00:00:00+09:00,2385.0,2390.0,2330.0,2375.0,119332,0.0,0.0
2016-03-02 00:00:00+09:00,2390.0,2400.0,2305.0,2360.0,187798,0.0,0.0
2016-03-03 00:00:00+09:00,2370.0,2375.0,2295.0,2350.0,181699,0.0,0.0
2016-03-04 00:00:00+09:00,2350.0,2375.0,2295.0,2315.0,120362,0.0,0.0
2016-03-07 00:00:00+09:00,2345.0,2445.0,2315.0,2405.0,405435,0.0,0.0
2016-03-08 00:00:00+09:00,2500.0,2545.0,2375.0,2405.0,437835,0.0,0.0
2016-03-09 00:00:00+09:00,2415.0,2425.0,2360.0,2405.0,115321,0.0,0.0
2016-03-10 00:00:00+09:00,2435.0,2435.0,2380.0,2410.0,143805,0.0,0.0
2016-03-11 00:00:00+09:00,2420.0,2430.0,2370.0,2410.0,143307,0.0,0.0
2016-03-14 00:00:00+09:00,2405.0,2410.0,2370.0,2400.0,171982,0.0,0.0
2016-03-15 00:00:00+09:00,2360.0,2410.0,2360.0,2405.0,152327,0.0,0.0
2016-03-16 00:00:00+09:00,2405.0,2915.0,2385.0,2570.0,5840294,0.0,0.0
2016-03-17 00:00:00+09:00,2580.0,2700.0,2540.0,2590.0,1481789,0.0,0.0
2016-03-18 00:00:00+09:00,2600.0,2630.0,2540.0,2580.0,517629,0.0,0.0
2016-03-21 00:00:00+09:00,2560.0,2660.0,2540.0,2640.0,771175,0.0,0.0
2016-03-22 00:00:00+09:00,2675.0,2675.0,2540.0,2600.0,559512,0.0,0.0
2016-03-23 00:00:00+09:00,2625.0,2720.0,2610.0,2690.0,974684,0.0,0.0
2016-03-24 00:00:00+09:00,2695.0,2720.0,2645.0,2670.0,484340,0.0,0.0
2016-03-25 00:00:00+09:00,2650.0,2695.0,2555.0,2605.0,441513,0.0,0.0
2016-03-28 00:00:00+09:00,2570.0,2725.0,2560.0,2695.0,791045,0.0,0.0
2016-03-29 00:00:00+09:00,2775.0,2825.0,2690.0,2710.0,1490867,0.0,0.0
2016-03-30 00:00:00+09:00,2730.0,2760.0,2670.0,2690.0,437034,0.0,0.0
2016-03-31 00:00:00+09:00,2690.0,2770.0,2690.0,2750.0,554899,0.0,0.0
2016-04-01 00:00:00+09:00,2760.0,2795.0,2730.0,2730.0,467795,0.0,0.0
2016-04-04 00:00:00+09:00,2735.0,2750.0,2625.0,2640.0,335969,0.0,0.0
2016-04-05 00:00:00+09:00,2640.0,2675.0,2590.0,2620.0,340253,0.0,0.0
2016-04-06 00:00:00+09:00,2600.0,2765.0,2600.0,2765.0,469434,0.0,0.0
2016-04-07 00:00:00+09:00,2800.0,2805.0,2700.0,2760.0,293586,0.0,0.0
2016-04-08 00:00:00+09:00,2725.0,2785.0,2690.0,2770.0,328625,0.0,0.0
2016-04-11 00:00:00+09:00,2760.0,2780.0,2720.0,2745.0,349606,0.0,0.0
2016-04-12 00:00:00+09:00,2745.0,2795.0,2705.0,2705.0,335985,0.0,0.0
2016-04-14 00:00:00+09:00,2710.0,2760.0,2685.0,2705.0,265753,0.0,0.0
2016-04-15 00:00:00+09:00,2705.0,2750.0,2620.0,2620.0,285795,0.0,0.0
2016-04-18 00:00:00+09:00,2660.0,2715.0,2630.0,2660.0,222331,0.0,0.0
2016-04-19 00:00:00+09:00,2645.0,2750.0,2615.0,2725.0,333757,0.0,0.0
2016-04-20 00:00:00+09:00,2740.0,2870.0,2740.0,2820.0,1119369,0.0,0.0
2016-04-21 00:00:00+09:00,2855.0,2905.0,2765.0,2810.0,528432,0.0,0.0
2016-04-22 00:00:00+09:00,2830.0,2880.0,2750.0,2825.0,627309,0.0,0.0
2016-04-25 00:00:00+09:00,2825.0,2980.0,2825.0,2920.0,917851,0.0,0.0
2016-04-26 00:00:00+09:00,2930.0,2960.0,2795.0,2835.0,680070,0.0,0.0
2016-04-27 00:00:00+09:00,2840.0,2875.0,2805.0,2860.0,269135,0.0,0.0
2016-04-28 00:00:00+09:00,2875.0,2880.0,2815.0,2860.0,247002,0.0,0.0
2016-04-29 00:00:00+09:00,2860.0,2865.0,2795.0,2835.0,263714,0.0,0.0
2016-05-02 00:00:00+09:00,2810.0,2840.0,2730.0,2780.0,320227,0.0,0.0
2016-05-03 00:00:00+09:00,2795.0,2815.0,2730.0,2810.0,194698,0.0,0.0
2016-05-04 00:00:00+09:00,2815.0,2855.0,2780.0,2830.0,206835,0.0,0.0
2016-05-09 00:00:00+09:00,2820.0,2865.0,2765.0,2800.0,384993,0.0,0.0
2016-05-10 00:00:00+09:00,2815.0,2925.0,2790.0,2925.0,651544,0.0,0.0
2016-05-11 00:00:00+09:00,3035.0,3035.0,2875.0,2900.0,812426,0.0,0.0
2016-05-12 00:00:00+09:00,2920.0,2970.0,2870.0,2915.0,681537,0.0,0.0
2016-05-13 00:00:00+09:00,2920.0,3785.0,2910.0,3200.0,19582950,0.0,0.0
2016-05-16 00:00:00+09:00,3250.0,3355.0,3170.0,3290.0,2636134,0.0,0.0
2016-05-17 00:00:00+09:00,3290.0,3360.0,3020.0,3090.0,1906587,0.0,0.0
2016-05-18 00:00:00+09:00,3025.0,3075.0,2920.0,3050.0,1097165,0.0,0.0
2016-05-19 00:00:00+09:00,3085.0,3095.0,2940.0,3020.0,679727,0.0,0.0
2016-05-20 00:00:00+09:00,2985.0,3070.0,2980.0,3040.0,400814,0.0,0.0
2016-05-23 00:00:00+09:00,3060.0,3230.0,3035.0,3140.0,950625,0.0,0.0
2016-05-24 00:00:00+09:00,3160.0,3200.0,3090.0,3100.0,516317,0.0,0.0
2016-05-25 00:00:00+09:00,3125.0,3500.0,3125.0,3345.0,2922351,0.0,0.0
2016-05-26 00:00:00+09:00,3350.0,3385.0,3245.0,3295.0,982163,0.0,0.0
2016-05-27 00:00:00+09:00,3295.0,3415.0,3250.0,3400.0,950699,0.0,0.0
2016-05-30 00:00:00+09:00,3430.0,3750.0,3090.0,3090.0,4799325,0.0,0.0
2016-05-31 00:00:00+09:00,3130.0,3260.0,3130.0,3245.0,756037,0.0,0.0
2016-06-01 00:00:00+09:00,3285.0,3615.0,3200.0,3510.0,3057699,0.0,0.0
2016-06-02 00:00:00+09:00,3600.0,3680.0,3410.0,3440.0,1314014,0.0,0.0
2016-06-03 00:00:00+09:00,3445.0,3550.0,3395.0,3510.0,627755,0.0,0.0
2016-06-07 00:00:00+09:00,3515.0,3520.0,3330.0,3395.0,768080,0.0,0.0
2016-06-08 00:00:00+09:00,3420.0,3420.0,3270.0,3365.0,540050,0.0,0.0
2016-06-09 00:00:00+09:00,3300.0,3360.0,3170.0,3210.0,711873,0.0,0.0
2016-06-10 00:00:00+09:00,3180.0,3350.0,3165.0,3210.0,391577,0.0,0.0
2016-06-13 00:00:00+09:00,3150.0,3265.0,3100.0,3235.0,349012,0.0,0.0
2016-06-14 00:00:00+09:00,3235.0,3410.0,3175.0,3360.0,614729,0.0,0.0
2016-06-15 00:00:00+09:00,3350.0,3440.0,3195.0,3215.0,597232,0.0,0.0
2016-06-16 00:00:00+09:00,3210.0,3265.0,3000.0,3005.0,683719,0.0,0.0
2016-06-17 00:00:00+09:00,3040.0,3110.0,2810.0,2910.0,511921,0.0,0.0
2016-06-20 00:00:00+09:00,2915.0,3055.0,2890.0,3005.0,208831,0.0,0.0
2016-06-21 00:00:00+09:00,3005.0,3060.0,2970.0,3005.0,170725,0.0,0.0
2016-06-22 00:00:00+09:00,3010.0,3080.0,2935.0,3005.0,98674,0.0,0.0
2016-06-23 00:00:00+09:00,3010.0,3050.0,2870.0,2915.0,348272,0.0,0.0
2016-06-24 00:00:00+09:00,3005.0,3025.0,2550.0,2720.0,761875,0.0,0.0
2016-06-27 00:00:00+09:00,2600.0,2855.0,2560.0,2850.0,386315,0.0,0.0
2016-06-28 00:00:00+09:00,2800.0,2910.0,2740.0,2880.0,135101,0.0,0.0
2016-06-29 00:00:00+09:00,2980.0,2980.0,2875.0,2900.0,197677,0.0,0.0
2016-06-30 00:00:00+09:00,2900.0,2985.0,2895.0,2925.0,193329,0.0,0.0
2016-07-01 00:00:00+09:00,2950.0,2995.0,2920.0,2945.0,167877,0.0,0.0
2016-07-04 00:00:00+09:00,2950.0,3100.0,2910.0,3045.0,545011,0.0,0.0
2016-07-05 00:00:00+09:00,3010.0,3065.0,2980.0,3040.0,191271,0.0,0.0
2016-07-06 00:00:00+09:00,3055.0,3100.0,2910.0,2950.0,260847,0.0,0.0
2016-07-07 00:00:00+09:00,2975.0,3035.0,2950.0,3010.0,206449,0.0,0.0
2016-07-08 00:00:00+09:00,3025.0,3260.0,2995.0,3070.0,470537,0.0,0.0
2016-07-11 00:00:00+09:00,3135.0,3135.0,3025.0,3065.0,149457,0.0,0.0
2016-07-12 00:00:00+09:00,3075.0,3080.0,3000.0,3050.0,229919,0.0,0.0
2016-07-13 00:00:00+09:00,3055.0,3190.0,3020.0,3165.0,467968,0.0,0.0
2016-07-14 00:00:00+09:00,3250.0,3450.0,3205.0,3295.0,1731242,0.0,0.0
2016-07-15 00:00:00+09:00,3370.0,3385.0,3195.0,3330.0,619622,0.0,0.0
2016-07-18 00:00:00+09:00,3430.0,3480.0,3240.0,3315.0,627288,0.0,0.0
2016-07-19 00:00:00+09:00,3325.0,3375.0,3270.0,3325.0,250369,0.0,0.0
2016-07-20 00:00:00+09:00,3330.0,3350.0,3175.0,3200.0,377148,0.0,0.0
2016-07-21 00:00:00+09:00,3205.0,3335.0,3205.0,3310.0,408750,0.0,0.0
2016-07-22 00:00:00+09:00,3325.0,3490.0,3280.0,3300.0,587563,0.0,0.0
2016-07-25 00:00:00+09:00,3310.0,3340.0,3145.0,3195.0,620664,0.0,0.0
2016-07-26 00:00:00+09:00,3205.0,3240.0,3150.0,3210.0,234456,0.0,0.0
2016-07-27 00:00:00+09:00,3180.0,3240.0,3180.0,3210.0,144680,0.0,0.0
2016-07-28 00:00:00+09:00,3200.0,3335.0,3200.0,3270.0,269394,0.0,0.0
2016-07-29 00:00:00+09:00,3290.0,3395.0,3260.0,3305.0,511131,0.0,0.0
2016-08-01 00:00:00+09:00,3315.0,3370.0,3270.0,3295.0,244515,0.0,0.0
2016-08-02 00:00:00+09:00,3320.0,3325.0,3265.0,3295.0,171274,0.0,0.0
2016-08-03 00:00:00+09:00,3320.0,3440.0,3295.0,3405.0,1014384,0.0,0.0
2016-08-04 00:00:00+09:00,3375.0,3525.0,3345.0,3510.0,1072147,0.0,0.0
2016-08-05 00:00:00+09:00,3510.0,3735.0,3485.0,3730.0,1781062,0.0,0.0
2016-08-08 00:00:00+09:00,3850.0,3895.0,3435.0,3465.0,1502681,0.0,0.0
2016-08-09 00:00:00+09:00,3410.0,3435.0,3205.0,3225.0,927879,0.0,0.0
2016-08-10 00:00:00+09:00,3255.0,3325.0,3230.0,3265.0,373647,0.0,0.0
2016-08-11 00:00:00+09:00,3300.0,3330.0,3215.0,3325.0,265277,0.0,0.0
2016-08-12 00:00:00+09:00,3320.0,3330.0,3225.0,3270.0,263088,0.0,0.0
2016-08-16 00:00:00+09:00,3280.0,3345.0,3220.0,3275.0,254127,0.0,0.0
2016-08-17 00:00:00+09:00,3295.0,3295.0,3110.0,3210.0,251753,0.0,0.0
2016-08-18 00:00:00+09:00,3245.0,3295.0,3160.0,3215.0,164276,0.0,0.0
2016-08-19 00:00:00+09:00,3230.0,3345.0,3170.0,3290.0,150144,0.0,0.0
2016-08-22 00:00:00+09:00,3315.0,3450.0,3285.0,3395.0,529825,0.0,0.0
2016-08-23 00:00:00+09:00,3410.0,3465.0,3350.0,3395.0,272883,0.0,0.0
2016-08-24 00:00:00+09:00,3410.0,3525.0,3330.0,3470.0,733275,0.0,0.0
2016-08-25 00:00:00+09:00,3485.0,3615.0,3260.0,3290.0,1307635,0.0,0.0
2016-08-26 00:00:00+09:00,3250.0,3490.0,3225.0,3370.0,1111656,0.0,0.0
2016-08-29 00:00:00+09:00,3380.0,3400.0,3140.0,3175.0,523183,0.0,0.0
2016-08-30 00:00:00+09:00,3225.0,3255.0,3115.0,3155.0,192447,0.0,0.0
2016-08-31 00:00:00+09:00,3160.0,3180.0,2980.0,3035.0,430796,0.0,0.0
2016-09-01 00:00:00+09:00,3060.0,3130.0,3005.0,3075.0,249621,0.0,0.0
2016-09-02 00:00:00+09:00,3130.0,3150.0,3000.0,3035.0,275000,0.0,0.0
2016-09-05 00:00:00+09:00,3070.0,3750.0,3055.0,3410.0,4125273,0.0,0.0
2016-09-06 00:00:00+09:00,3450.0,3465.0,3320.0,3370.0,1092134,0.0,0.0
2016-09-07 00:00:00+09:00,3390.0,3450.0,3270.0,3300.0,868839,0.0,0.0
2016-09-08 00:00:00+09:00,3330.0,3330.0,3130.0,3205.0,539957,0.0,0.0
2016-09-09 00:00:00+09:00,3210.0,3235.0,3135.0,3185.0,204296,0.0,0.0
2016-09-12 00:00:00+09:00,3090.0,3285.0,3080.0,3180.0,419423,0.0,0.0
2016-09-13 00:00:00+09:00,3205.0,3285.0,3170.0,3260.0,308889,0.0,0.0
2016-09-19 00:00:00+09:00,3385.0,3500.0,3325.0,3405.0,1312697,0.0,0.0
2016-09-20 00:00:00+09:00,3450.0,3500.0,3395.0,3450.0,837199,0.0,0.0
2016-09-21 00:00:00+09:00,3550.0,3645.0,3465.0,3470.0,1724325,0.0,0.0
2016-09-22 00:00:00+09:00,3720.0,3770.0,3460.0,3505.0,1976368,0.0,0.0
2016-09-23 00:00:00+09:00,3510.0,3545.0,3350.0,3400.0,961758,0.0,0.0
2016-09-26 00:00:00+09:00,3450.0,3860.0,3430.0,3780.0,5205819,0.0,0.0
2016-09-27 00:00:00+09:00,3705.0,3815.0,3400.0,3505.0,3333723,0.0,0.0
2016-09-28 00:00:00+09:00,3530.0,3540.0,3410.0,3460.0,962248,0.0,0.0
2016-09-29 00:00:00+09:00,3510.0,3515.0,3405.0,3410.0,598348,0.0,0.0
2016-09-30 00:00:00+09:00,3450.0,3590.0,3380.0,3445.0,973535,0.0,0.0
2016-10-04 00:00:00+09:00,3475.0,3650.0,3450.0,3565.0,1384513,0.0,0.0
2016-10-05 00:00:00+09:00,3645.0,3695.0,3560.0,3570.0,1347045,0.0,0.0
2016-10-06 00:00:00+09:00,3595.0,3660.0,3540.0,3650.0,638767,0.0,0.0
2016-10-07 00:00:00+09:00,3670.0,3695.0,3515.0,3575.0,554857,0.0,0.0
2016-10-10 00:00:00+09:00,3600.0,3605.0,3360.0,3380.0,1036068,0.0,0.0
2016-10-11 00:00:00+09:00,3350.0,3450.0,3250.0,3330.0,1181035,0.0,0.0
2016-10-12 00:00:00+09:00,3320.0,3385.0,3280.0,3365.0,292653,0.0,0.0
2016-10-13 00:00:00+09:00,3370.0,3410.0,3225.0,3225.0,394732,0.0,0.0
2016-10-14 00:00:00+09:00,3235.0,3325.0,3220.0,3255.0,192884,0.0,0.0
2016-10-17 00:00:00+09:00,3280.0,3315.0,3225.0,3260.0,307706,0.0,0.0
2016-10-18 00:00:00+09:00,3310.0,3410.0,3305.0,3380.0,428072,0.0,0.0
2016-10-19 00:00:00+09:00,3400.0,3430.0,3250.0,3320.0,310771,0.0,0.0
2016-10-20 00:00:00+09:00,3300.0,3345.0,3120.0,3210.0,338941,0.0,0.0
2016-10-21 00:00:00+09:00,3200.0,3235.0,3125.0,3215.0,167972,0.0,0.0
2016-10-24 00:00:00+09:00,3200.0,3310.0,3150.0,3310.0,302999,0.0,0.0
2016-10-25 00:00:00+09:00,3305.0,3310.0,3175.0,3230.0,228016,0.0,0.0
2016-10-26 00:00:00+09:00,3230.0,3235.0,3010.0,3095.0,510540,0.0,0.0
2016-10-27 00:00:00+09:00,3090.0,3120.0,3025.0,3095.0,239511,0.0,0.0
2016-10-28 00:00:00+09:00,3120.0,3120.0,3025.0,3035.0,161875,0.0,0.0
2016-10-31 00:00:00+09:00,3040.0,3075.0,2920.0,2940.0,259182,0.0,0.0
2016-11-01 00:00:00+09:00,3040.0,3100.0,2985.0,3030.0,185674,0.0,0.0
2016-11-02 00:00:00+09:00,3015.0,3020.0,2830.0,2860.0,321191,0.0,0.0
2016-11-03 00:00:00+09:00,2775.0,2905.0,2770.0,2900.0,240752,0.0,0.0
2016-11-04 00:00:00+09:00,2880.0,2950.0,2840.0,2890.0,196214,0.0,0.0
2016-11-07 00:00:00+09:00,2900.0,2975.0,2890.0,2970.0,117145,0.0,0.0
2016-11-08 00:00:00+09:00,2965.0,3070.0,2895.0,2990.0,197328,0.0,0.0
2016-11-09 00:00:00+09:00,2980.0,3050.0,2500.0,2800.0,759578,0.0,0.0
2016-11-10 00:00:00+09:00,2845.0,3000.0,2805.0,2955.0,365541,0.0,0.0
2016-11-11 00:00:00+09:00,3000.0,3025.0,2920.0,3010.0,190173,0.0,0.0
2016-11-14 00:00:00+09:00,3070.0,3070.0,2955.0,3015.0,110998,0.0,0.0
2016-11-15 00:00:00+09:00,3005.0,3045.0,2945.0,3000.0,170164,0.0,0.0
2016-11-16 00:00:00+09:00,3020.0,3085.0,2970.0,3075.0,189615,0.0,0.0
2016-11-17 00:00:00+09:00,3100.0,3130.0,3035.0,3075.0,154291,0.0,0.0
2016-11-18 00:00:00+09:00,3055.0,3095.0,3000.0,3010.0,96319,0.0,0.0
2016-11-21 00:00:00+09:00,3000.0,3000.0,2860.0,2890.0,204804,0.0,0.0
2016-11-22 00:00:00+09:00,2900.0,2950.0,2870.0,2910.0,120673,0.0,0.0
2016-11-23 00:00:00+09:00,2910.0,2970.0,2825.0,2855.0,111765,0.0,0.0
2016-11-24 00:00:00+09:00,2880.0,2880.0,2815.0,2855.0,83913,0.0,0.0
2016-11-25 00:00:00+09:00,2840.0,2870.0,2785.0,2820.0,92176,0.0,0.0
2016-11-28 00:00:00+09:00,2820.0,2850.0,2735.0,2745.0,158022,0.0,0.0
2016-11-29 00:00:00+09:00,2745.0,2755.0,2680.0,2745.0,169437,0.0,0.0
2016-11-30 00:00:00+09:00,2760.0,2830.0,2690.0,2745.0,74086,0.0,0.0
2016-12-01 00:00:00+09:00,2760.0,2785.0,2675.0,2710.0,84761,0.0,0.0
2016-12-02 00:00:00+09:00,2715.0,2715.0,2590.0,2625.0,213673,0.0,0.0
2016-12-05 00:00:00+09:00,2605.0,2650.0,2550.0,2565.0,101581,0.0,0.0
2016-12-06 00:00:00+09:00,2565.0,2680.0,2560.0,2645.0,87498,0.0,0.0
2016-12-07 00:00:00+09:00,2670.0,2725.0,2560.0,2620.0,113578,0.0,0.0
2016-12-08 00:00:00+09:00,2620.0,2660.0,2580.0,2590.0,102552,0.0,0.0
2016-12-09 00:00:00+09:00,2630.0,2680.0,2585.0,2670.0,84691,0.0,0.0
2016-12-12 00:00:00+09:00,2680.0,2765.0,2680.0,2765.0,87101,0.0,0.0
2016-12-13 00:00:00+09:00,2765.0,2795.0,2725.0,2765.0,68171,0.0,0.0
2016-12-14 00:00:00+09:00,2800.0,2860.0,2730.0,2780.0,60876,0.0,0.0
2016-12-15 00:00:00+09:00,2775.0,2850.0,2755.0,2850.0,103796,0.0,0.0
2016-12-16 00:00:00+09:00,2830.0,2900.0,2780.0,2830.0,69472,0.0,0.0
2016-12-19 00:00:00+09:00,2845.0,2845.0,2775.0,2830.0,70421,0.0,0.0
2016-12-20 00:00:00+09:00,2845.0,2855.0,2785.0,2830.0,41045,0.0,0.0
2016-12-21 00:00:00+09:00,2860.0,2860.0,2790.0,2800.0,78312,0.0,0.0
2016-12-22 00:00:00+09:00,2805.0,2845.0,2660.0,2800.0,115540,0.0,0.0
2016-12-23 00:00:00+09:00,2755.0,2825.0,2740.0,2790.0,96181,0.0,0.0
2016-12-26 00:00:00+09:00,2800.0,2820.0,2740.0,2795.0,74529,0.0,0.0
2016-12-27 00:00:00+09:00,2800.0,2820.0,2770.0,2800.0,96744,0.0,0.0
2016-12-28 00:00:00+09:00,2800.0,2825.0,2780.0,2800.0,70728,0.0,0.0
2016-12-29 00:00:00+09:00,2860.0,2940.0,2820.0,2890.0,193429,0.0,0.0
2017-01-02 00:00:00+09:00,2905.0,2960.0,2860.0,2900.0,84967,0.0,0.0
2017-01-03 00:00:00+09:00,2905.0,2930.0,2865.0,2900.0,96690,0.0,0.0
2017-01-04 00:00:00+09:00,2890.0,3015.0,2890.0,2970.0,181018,0.0,0.0
2017-01-05 00:00:00+09:00,2990.0,3095.0,2990.0,3080.0,335344,0.0,0.0
2017-01-06 00:00:00+09:00,3100.0,3120.0,3020.0,3055.0,95182,0.0,0.0
2017-01-09 00:00:00+09:00,3070.0,3100.0,2920.0,3040.0,114178,0.0,0.0
2017-01-10 00:00:00+09:00,3005.0,3050.0,2855.0,2985.0,109561,0.0,0.0
2017-01-11 00:00:00+09:00,2940.0,3000.0,2940.0,2985.0,60797,0.0,0.0
2017-01-12 00:00:00+09:00,3000.0,3030.0,2895.0,2940.0,153205,0.0,0.0
2017-01-13 00:00:00+09:00,2925.0,2970.0,2900.0,2960.0,36538,0.0,0.0
2017-01-16 00:00:00+09:00,2930.0,2975.0,2860.0,2925.0,94073,0.0,0.0
2017-01-17 00:00:00+09:00,2900.0,2935.0,2840.0,2840.0,101801,0.0,0.0
2017-01-18 00:00:00+09:00,2805.0,2860.0,2800.0,2840.0,68851,0.0,0.0
2017-01-19 00:00:00+09:00,2850.0,2890.0,2705.0,2850.0,50531,0.0,0.0
2017-01-20 00:00:00+09:00,2850.0,2865.0,2790.0,2800.0,46432,0.0,0.0
2017-01-23 00:00:00+09:00,2820.0,2850.0,2730.0,2765.0,74526,0.0,0.0
2017-01-24 00:00:00+09:00,2745.0,2780.0,2705.0,2750.0,72594,0.0,0.0
2017-01-25 00:00:00+09:00,2750.0,2815.0,2750.0,2780.0,53934,0.0,0.0
2017-01-26 00:00:00+09:00,2770.0,2800.0,2750.0,2795.0,56672,0.0,0.0
2017-01-31 00:00:00+09:00,2795.0,2830.0,2720.0,2785.0,116834,0.0,0.0
2017-02-01 00:00:00+09:00,2765.0,2880.0,2750.0,2860.0,128878,0.0,0.0
2017-02-02 00:00:00+09:00,2855.0,2885.0,2745.0,2775.0,151983,0.0,0.0
2017-02-03 00:00:00+09:00,2815.0,2825.0,2695.0,2710.0,168150,0.0,0.0
2017-02-06 00:00:00+09:00,2710.0,2720.0,2630.0,2690.0,138765,0.0,0.0
2017-02-07 00:00:00+09:00,2680.0,2745.0,2635.0,2705.0,101627,0.0,0.0
2017-02-08 00:00:00+09:00,2700.0,2725.0,2625.0,2650.0,147859,0.0,0.0
2017-02-09 00:00:00+09:00,2660.0,2760.0,2660.0,2760.0,110286,0.0,0.0
2017-02-10 00:00:00+09:00,2760.0,2785.0,2700.0,2785.0,74768,0.0,0.0
2017-02-13 00:00:00+09:00,2760.0,2830.0,2760.0,2810.0,73481,0.0,0.0
2017-02-14 00:00:00+09:00,2800.0,2840.0,2765.0,2810.0,59734,0.0,0.0
2017-02-15 00:00:00+09:00,2800.0,2880.0,2800.0,2835.0,43492,0.0,0.0
2017-02-16 00:00:00+09:00,2820.0,2850.0,2760.0,2795.0,60884,0.0,0.0
2017-02-17 00:00:00+09:00,2780.0,2845.0,2760.0,2820.0,139670,0.0,0.0
2017-02-20 00:00:00+09:00,2830.0,2920.0,2810.0,2850.0,100116,0.0,0.0
2017-02-21 00:00:00+09:00,2850.0,2875.0,2800.0,2840.0,105510,0.0,0.0
2017-02-22 00:00:00+09:00,2840.0,2890.0,2830.0,2835.0,163517,0.0,0.0
2017-02-23 00:00:00+09:00,2830.0,2860.0,2790.0,2830.0,75720,0.0,0.0
2017-02-24 00:00:00+09:00,2830.0,2850.0,2760.0,2790.0,105877,0.0,0.0
2017-02-27 00:00:00+09:00,2810.0,2810.0,2700.0,2740.0,137056,0.0,0.0
2017-02-28 00:00:00+09:00,2740.0,2765.0,2710.0,2740.0,75302,0.0,0.0
2017-03-02 00:00:00+09:00,2750.0,2840.0,2690.0,2760.0,189204,0.0,0.0
2017-03-03 00:00:00+09:00,2730.0,2760.0,2655.0,2685.0,196179,0.0,0.0
2017-03-06 00:00:00+09:00,2670.0,2685.0,2600.0,2685.0,115414,0.0,0.0
2017-03-07 00:00:00+09:00,2665.0,2715.0,2630.0,2640.0,69907,0.0,0.0
2017-03-08 00:00:00+09:00,2670.0,2670.0,2615.0,2630.0,75322,0.0,0.0
2017-03-09 00:00:00+09:00,2615.0,2645.0,2595.0,2625.0,84543,0.0,0.0
2017-03-10 00:00:00+09:00,2630.0,2635.0,2550.0,2620.0,112334,0.0,0.0
2017-03-13 00:00:00+09:00,2640.0,2700.0,2620.0,2680.0,110208,0.0,0.0
2017-03-14 00:00:00+09:00,2700.0,2715.0,2585.0,2630.0,125112,0.0,0.0
2017-03-15 00:00:00+09:00,2625.0,2685.0,2590.0,2625.0,131897,0.0,0.0
2017-03-16 00:00:00+09:00,2625.0,2665.0,2620.0,2665.0,82094,0.0,0.0
2017-03-17 00:00:00+09:00,2670.0,2670.0,2610.0,2665.0,101595,0.0,0.0
2017-03-20 00:00:00+09:00,2670.0,2685.0,2635.0,2665.0,93518,0.0,0.0
2017-03-21 00:00:00+09:00,2685.0,2695.0,2600.0,2640.0,157863,0.0,0.0
2017-03-22 00:00:00+09:00,2640.0,2640.0,2595.0,2620.0,74872,0.0,0.0
2017-03-23 00:00:00+09:00,2620.0,2625.0,2575.0,2590.0,91569,0.0,0.0
2017-03-24 00:00:00+09:00,2590.0,2635.0,2560.0,2605.0,88514,0.0,0.0
2017-03-27 00:00:00+09:00,2615.0,2680.0,2550.0,2600.0,98419,0.0,0.0
2017-03-28 00:00:00+09:00,2590.0,2620.0,2575.0,2620.0,42683,0.0,0.0
2017-03-29 00:00:00+09:00,2610.0,2630.0,2575.0,2600.0,75819,0.0,0.0
2017-03-30 00:00:00+09:00,2615.0,2620.0,2575.0,2605.0,75886,0.0,0.0
2017-03-31 00:00:00+09:00,2615.0,2850.0,2610.0,2780.0,883149,0.0,0.0
2017-04-03 00:00:00+09:00,2780.0,2840.0,2725.0,2790.0,238907,0.0,0.0
2017-04-04 00:00:00+09:00,2815.0,3010.0,2800.0,2850.0,1559610,0.0,0.0
2017-04-05 00:00:00+09:00,2860.0,2860.0,2760.0,2810.0,264754,0.0,0.0
2017-04-06 00:00:00+09:00,2810.0,2815.0,2680.0,2730.0,388062,0.0,0.0
2017-04-07 00:00:00+09:00,2730.0,2825.0,2690.0,2825.0,293470,0.0,0.0
2017-04-10 00:00:00+09:00,2930.0,2930.0,2805.0,2830.0,598942,0.0,0.0
2017-04-11 00:00:00+09:00,2850.0,2940.0,2790.0,2850.0,556918,0.0,0.0
2017-04-12 00:00:00+09:00,2870.0,2965.0,2840.0,2960.0,755382,0.0,0.0
2017-04-13 00:00:00+09:00,2975.0,2980.0,2840.0,2855.0,407816,0.0,0.0
2017-04-14 00:00:00+09:00,2855.0,2885.0,2760.0,2760.0,280132,0.0,0.0
2017-04-17 00:00:00+09:00,2760.0,2885.0,2760.0,2865.0,223334,0.0,0.0
2017-04-18 00:00:00+09:00,2865.0,2880.0,2825.0,2840.0,130127,0.0,0.0
2017-04-19 00:00:00+09:00,2840.0,2945.0,2810.0,2935.0,242101,0.0,0.0
2017-04-20 00:00:00+09:00,2895.0,2925.0,2855.0,2900.0,248476,0.0,0.0
2017-04-21 00:00:00+09:00,2910.0,2920.0,2855.0,2890.0,108414,0.0,0.0
2017-04-24 00:00:00+09:00,2890.0,3150.0,2860.0,2890.0,1787103,0.0,0.0
2017-04-25 00:00:00+09:00,2900.0,2935.0,2870.0,2870.0,196979,0.0,0.0
2017-04-26 00:00:00+09:00,2880.0,2950.0,2880.0,2935.0,199153,0.0,0.0
2017-04-27 00:00:00+09:00,2975.0,3025.0,2935.0,2970.0,384479,0.0,0.0
2017-04-28 00:00:00+09:00,3005.0,3015.0,2950.0,2980.0,146879,0.0,0.0
2017-05-02 00:00:00+09:00,2985.0,3000.0,2910.0,2960.0,173829,0.0,0.0
2017-05-04 00:00:00+09:00,2950.0,2980.0,2935.0,2975.0,93175,0.0,0.0
2017-05-08 00:00:00+09:00,2965.0,3070.0,2965.0,3015.0,385431,0.0,0.0
2017-05-10 00:00:00+09:00,3015.0,3045.0,2970.0,2990.0,116425,0.0,0.0
2017-05-11 00:00:00+09:00,3000.0,3010.0,2860.0,2890.0,202581,0.0,0.0
2017-05-12 00:00:00+09:00,2905.0,2940.0,2820.0,2875.0,163174,0.0,0.0
2017-05-15 00:00:00+09:00,2875.0,2915.0,2835.0,2860.0,71132,0.0,0.0
2017-05-16 00:00:00+09:00,2845.0,2865.0,2750.0,2750.0,215831,0.0,0.0
2017-05-17 00:00:00+09:00,2730.0,2815.0,2720.0,2755.0,178568,0.0,0.0
2017-05-18 00:00:00+09:00,2700.0,2770.0,2680.0,2760.0,206479,0.0,0.0
2017-05-19 00:00:00+09:00,2770.0,2830.0,2750.0,2770.0,103799,0.0,0.0
2017-05-22 00:00:00+09:00,2810.0,2810.0,2705.0,2750.0,106357,0.0,0.0
2017-05-23 00:00:00+09:00,2750.0,2780.0,2740.0,2750.0,74756,0.0,0.0
2017-05-24 00:00:00+09:00,2755.0,2770.0,2695.0,2720.0,119844,0.0,0.0
2017-05-25 00:00:00+09:00,2720.0,2745.0,2660.0,2685.0,140669,0.0,0.0
2017-05-26 00:00:00+09:00,2685.0,2780.0,2630.0,2650.0,165233,0.0,0.0
2017-05-29 00:00:00+09:00,2650.0,2690.0,2585.0,2615.0,141802,0.0,0.0
2017-05-30 00:00:00+09:00,2630.0,2655.0,2585.0,2630.0,60423,0.0,0.0
2017-05-31 00:00:00+09:00,2655.0,2705.0,2630.0,2630.0,124660,0.0,0.0
2017-06-01 00:00:00+09:00,2645.0,2760.0,2630.0,2710.0,154688,0.0,0.0
2017-06-02 00:00:00+09:00,2720.0,2790.0,2695.0,2785.0,196271,0.0,0.0
2017-06-05 00:00:00+09:00,2790.0,2820.0,2745.0,2785.0,240751,0.0,0.0
2017-06-07 00:00:00+09:00,2760.0,2790.0,2650.0,2685.0,196113,0.0,0.0
2017-06-08 00:00:00+09:00,2670.0,2710.0,2655.0,2690.0,76747,0.0,0.0
2017-06-09 00:00:00+09:00,2675.0,2735.0,2670.0,2725.0,82730,0.0,0.0
2017-06-12 00:00:00+09:00,2890.0,2915.0,2800.0,2840.0,751504,0.0,0.0
2017-06-13 00:00:00+09:00,2845.0,2870.0,2790.0,2840.0,178469,0.0,0.0
2017-06-14 00:00:00+09:00,2880.0,2880.0,2820.0,2855.0,169715,0.0,0.0
2017-06-15 00:00:00+09:00,2830.0,2885.0,2800.0,2825.0,175456,0.0,0.0
2017-06-16 00:00:00+09:00,2865.0,2865.0,2810.0,2830.0,165181,0.0,0.0
2017-06-19 00:00:00+09:00,2840.0,2870.0,2810.0,2830.0,111699,0.0,0.0
2017-06-20 00:00:00+09:00,2855.0,2860.0,2740.0,2780.0,171734,0.0,0.0
2017-06-21 00:00:00+09:00,2785.0,2790.0,2700.0,2720.0,146487,0.0,0.0
2017-06-22 00:00:00+09:00,2720.0,2755.0,2695.0,2705.0,85461,0.0,0.0
2017-06-23 00:00:00+09:00,2680.0,2780.0,2680.0,2760.0,79133,0.0,0.0
2017-06-26 00:00:00+09:00,2785.0,2840.0,2705.0,2750.0,84359,0.0,0.0
2017-06-27 00:00:00+09:00,2740.0,2770.0,2700.0,2750.0,125271,0.0,0.0
2017-06-28 00:00:00+09:00,2750.0,2755.0,2685.0,2695.0,115453,0.0,0.0
2017-06-29 00:00:00+09:00,2700.0,2720.0,2665.0,2705.0,126058,0.0,0.0
2017-06-30 00:00:00+09:00,2700.0,2725.0,2650.0,2670.0,105180,0.0,0.0
2017-07-03 00:00:00+09:00,2660.0,2670.0,2635.0,2655.0,87643,0.0,0.0
2017-07-04 00:00:00+09:00,2670.0,2680.0,2615.0,2645.0,61949,0.0,0.0
2017-07-05 00:00:00+09:00,2670.0,2675.0,2640.0,2665.0,45955,0.0,0.0
2017-07-06 00:00:00+09:00,2665.0,2720.0,2635.0,2700.0,113763,0.0,0.0
2017-07-07 00:00:00+09:00,2700.0,2715.0,2640.0,2675.0,55178,0.0,0.0
2017-07-10 00:00:00+09:00,2645.0,2690.0,2600.0,2630.0,92374,0.0,0.0
2017-07-11 00:00:00+09:00,2635.0,2660.0,2625.0,2645.0,80791,0.0,0.0
2017-07-12 00:00:00+09:00,2635.0,2655.0,2625.0,2635.0,69544,0.0,0.0
2017-07-13 00:00:00+09:00,2640.0,2680.0,2620.0,2635.0,60985,0.0,0.0
2017-07-14 00:00:00+09:00,2635.0,2650.0,2550.0,2600.0,105675,0.0,0.0
2017-07-17 00:00:00+09:00,2600.0,2620.0,2550.0,2570.0,70579,0.0,0.0
2017-07-18 00:00:00+09:00,2570.0,2605.0,2485.0,2515.0,226772,0.0,0.0
2017-07-19 00:00:00+09:00,2515.0,2530.0,2460.0,2500.0,99964,0.0,0.0
2017-07-20 00:00:00+09:00,2500.0,2565.0,2480.0,2525.0,113550,0.0,0.0
2017-07-21 00:00:00+09:00,2540.0,2570.0,2525.0,2560.0,71691,0.0,0.0
2017-07-24 00:00:00+09:00,2560.0,2610.0,2555.0,2560.0,83931,0.0,0.0
2017-07-25 00:00:00+09:00,2560.0,2590.0,2545.0,2560.0,58762,0.0,0.0
2017-07-26 00:00:00+09:00,2550.0,2580.0,2520.0,2555.0,47853,0.0,0.0
2017-07-27 00:00:00+09:00,2560.0,2580.0,2480.0,2485.0,127931,0.0,0.0
2017-07-28 00:00:00+09:00,2485.0,2530.0,2450.0,2485.0,65707,0.0,0.0
2017-07-31 00:00:00+09:00,2500.0,2500.0,2450.0,2485.0,44543,0.0,0.0
2017-08-01 00:00:00+09:00,2505.0,2550.0,2475.0,2525.0,31968,0.0,0.0
2017-08-02 00:00:00+09:00,2525.0,2550.0,2490.0,2510.0,35208,0.0,0.0
2017-08-03 00:00:00+09:00,2540.0,2540.0,2390.0,2455.0,88819,0.0,0.0
2017-08-04 00:00:00+09:00,2440.0,2460.0,2315.0,2370.0,87227,0.0,0.0
2017-08-07 00:00:00+09:00,2370.0,2385.0,2335.0,2370.0,59731,0.0,0.0
2017-08-08 00:00:00+09:00,2400.0,2415.0,2335.0,2385.0,54201,0.0,0.0
2017-08-09 00:00:00+09:00,2390.0,2390.0,2300.0,2305.0,100053,0.0,0.0
2017-08-10 00:00:00+09:00,2300.0,2335.0,2245.0,2275.0,128782,0.0,0.0
2017-08-11 00:00:00+09:00,2145.0,2240.0,2145.0,2200.0,131477,0.0,0.0
2017-08-14 00:00:00+09:00,2210.0,2315.0,2210.0,2275.0,48863,0.0,0.0
2017-08-16 00:00:00+09:00,2290.0,2370.0,2175.0,2280.0,162454,0.0,0.0
2017-08-17 00:00:00+09:00,2295.0,2345.0,2250.0,2345.0,39334,0.0,0.0
2017-08-18 00:00:00+09:00,2300.0,2370.0,2290.0,2365.0,35940,0.0,0.0
2017-08-21 00:00:00+09:00,2360.0,2380.0,2295.0,2340.0,53571,0.0,0.0
2017-08-22 00:00:00+09:00,2330.0,2340.0,2240.0,2270.0,110953,0.0,0.0
2017-08-23 00:00:00+09:00,2285.0,2310.0,2255.0,2295.0,61259,0.0,0.0
2017-08-24 00:00:00+09:00,2295.0,2480.0,2295.0,2385.0,194537,0.0,0.0
2017-08-25 00:00:00+09:00,2350.0,2430.0,2350.0,2390.0,83779,0.0,0.0
2017-08-28 00:00:00+09:00,2365.0,2400.0,2330.0,2390.0,43993,0.0,0.0
2017-08-29 00:00:00+09:00,2350.0,2410.0,2350.0,2410.0,55335,0.0,0.0
2017-08-30 00:00:00+09:00,2410.0,2450.0,2380.0,2430.0,49090,0.0,0.0
2017-08-31 00:00:00+09:00,2430.0,2445.0,2395.0,2420.0,42231,0.0,0.0
2017-09-01 00:00:00+09:00,2450.0,2480.0,2415.0,2465.0,94984,0.0,0.0
2017-09-04 00:00:00+09:00,2380.0,2430.0,2380.0,2410.0,50130,0.0,0.0
2017-09-05 00:00:00+09:00,2420.0,2430.0,2355.0,2410.0,53096,0.0,0.0
2017-09-06 00:00:00+09:00,2410.0,2440.0,2375.0,2395.0,27041,0.0,0.0
2017-09-07 00:00:00+09:00,2410.0,2420.0,2375.0,2420.0,77448,0.0,0.0
2017-09-08 00:00:00+09:00,2420.0,2440.0,2365.0,2415.0,68079,0.0,0.0
2017-09-11 00:00:00+09:00,2425.0,2425.0,2370.0,2400.0,73889,0.0,0.0
2017-09-12 00:00:00+09:00,2400.0,2440.0,2360.0,2380.0,81677,0.0,0.0
2017-09-13 00:00:00+09:00,2400.0,2470.0,2320.0,2410.0,254952,0.0,0.0
2017-09-14 00:00:00+09:00,2450.0,2450.0,2350.0,2385.0,180779,0.0,0.0
2017-09-15 00:00:00+09:00,2365.0,2395.0,2300.0,2350.0,157921,0.0,0.0
2017-09-18 00:00:00+09:00,2355.0,2400.0,2280.0,2320.0,132337,0.0,0.0
2017-09-19 00:00:00+09:00,2340.0,2340.0,2155.0,2225.0,301691,0.0,0.0
2017-09-20 00:00:00+09:00,2270.0,2270.0,2050.0,2110.0,571225,0.0,0.0
2017-09-21 00:00:00+09:00,2120.0,2330.0,2120.0,2275.0,757030,0.0,0.0
2017-09-25 00:00:00+09:00,2290.0,2300.0,2195.0,2255.0,159847,0.0,0.0
2017-09-26 00:00:00+09:00,2220.0,2280.0,2140.0,2140.0,151026,0.0,0.0
2017-09-27 00:00:00+09:00,2150.0,2325.0,2150.0,2275.0,496019,0.0,0.0
2017-09-28 00:00:00+09:00,2275.0,2350.0,2250.0,2290.0,190133,0.0,0.0
2017-09-29 00:00:00+09:00,2300.0,2355.0,2300.0,2350.0,167838,0.0,0.0
2017-10-10 00:00:00+09:00,2800.0,3055.0,2610.0,2800.0,9338580,0.0,0.0
2017-10-11 00:00:00+09:00,3125.0,3320.0,2865.0,2890.0,10251480,0.0,0.0
2017-10-12 00:00:00+09:00,2885.0,3130.0,2780.0,3130.0,5457435,0.0,0.0
2017-10-13 00:00:00+09:00,3100.0,3100.0,2920.0,2920.0,3392611,0.0,0.0
2017-10-16 00:00:00+09:00,2855.0,2905.0,2710.0,2785.0,1864096,0.0,0.0
2017-10-17 00:00:00+09:00,2820.0,2860.0,2745.0,2825.0,1965763,0.0,0.0
2017-10-18 00:00:00+09:00,2970.0,3230.0,2695.0,2695.0,11335410,0.0,0.0
2017-10-19 00:00:00+09:00,2640.0,2705.0,2550.0,2680.0,1579226,0.0,0.0
2017-10-20 00:00:00+09:00,2705.0,2925.0,2625.0,2800.0,3188694,0.0,0.0
2017-10-23 00:00:00+09:00,2765.0,2860.0,2670.0,2675.0,1215187,0.0,0.0
2017-10-24 00:00:00+09:00,2675.0,3150.0,2655.0,2890.0,8842874,0.0,0.0
2017-10-25 00:00:00+09:00,2855.0,2970.0,2780.0,2940.0,2296468,0.0,0.0
2017-10-26 00:00:00+09:00,2965.0,2990.0,2790.0,2800.0,1511755,0.0,0.0
2017-10-27 00:00:00+09:00,2790.0,2840.0,2715.0,2795.0,656308,0.0,0.0
2017-10-30 00:00:00+09:00,2810.0,2840.0,2755.0,2805.0,660694,0.0,0.0
2017-10-31 00:00:00+09:00,2815.0,2935.0,2800.0,2910.0,1744841,0.0,0.0
2017-11-01 00:00:00+09:00,2900.0,2930.0,2795.0,2795.0,1075986,0.0,0.0
2017-11-02 00:00:00+09:00,2810.0,2820.0,2675.0,2715.0,823663,0.0,0.0
2017-11-03 00:00:00+09:00,2710.0,2730.0,2650.0,2715.0,711337,0.0,0.0
2017-11-06 00:00:00+09:00,2745.0,2745.0,2655.0,2690.0,469869,0.0,0.0
2017-11-07 00:00:00+09:00,2700.0,2730.0,2585.0,2660.0,584744,0.0,0.0
2017-11-08 00:00:00+09:00,2650.0,2695.0,2630.0,2680.0,321547,0.0,0.0
2017-11-09 00:00:00+09:00,2695.0,2705.0,2595.0,2615.0,402464,0.0,0.0
2017-11-10 00:00:00+09:00,2620.0,2665.0,2615.0,2660.0,251459,0.0,0.0
2017-11-13 00:00:00+09:00,2665.0,2670.0,2630.0,2645.0,246685,0.0,0.0
2017-11-14 00:00:00+09:00,2650.0,2725.0,2615.0,2615.0,731593,0.0,0.0
2017-11-15 00:00:00+09:00,2595.0,2640.0,2465.0,2510.0,622370,0.0,0.0
2017-11-16 00:00:00+09:00,2510.0,2610.0,2460.0,2580.0,481396,0.0,0.0
2017-11-17 00:00:00+09:00,2630.0,2745.0,2585.0,2730.0,939066,0.0,0.0
2017-11-20 00:00:00+09:00,2720.0,2760.0,2675.0,2730.0,458660,0.0,0.0
2017-11-21 00:00:00+09:00,2755.0,2795.0,2695.0,2750.0,562673,0.0,0.0
2017-11-22 00:00:00+09:00,2755.0,2795.0,2625.0,2710.0,471057,0.0,0.0
2017-11-23 00:00:00+09:00,2750.0,3020.0,2720.0,2950.0,3029964,0.0,0.0
2017-11-24 00:00:00+09:00,2965.0,3035.0,2900.0,2960.0,1192000,0.0,0.0
2017-11-27 00:00:00+09:00,3010.0,3085.0,2915.0,3040.0,1386055,0.0,0.0
2017-11-28 00:00:00+09:00,3070.0,3120.0,2845.0,2850.0,1519789,0.0,0.0
2017-11-29 00:00:00+09:00,2850.0,3025.0,2850.0,3015.0,1164876,0.0,0.0
2017-11-30 00:00:00+09:00,3150.0,3240.0,2855.0,2855.0,2523819,0.0,0.0
2017-12-01 00:00:00+09:00,2870.0,2910.0,2780.0,2880.0,625304,0.0,0.0
2017-12-04 00:00:00+09:00,2875.0,2950.0,2800.0,2805.0,481788,0.0,0.0
2017-12-05 00:00:00+09:00,2805.0,2960.0,2785.0,2930.0,643946,0.0,0.0
2017-12-06 00:00:00+09:00,2930.0,2950.0,2855.0,2870.0,433580,0.0,0.0
2017-12-07 00:00:00+09:00,2870.0,2900.0,2700.0,2795.0,678458,0.0,0.0
2017-12-08 00:00:00+09:00,2795.0,2820.0,2660.0,2740.0,414237,0.0,0.0
2017-12-11 00:00:00+09:00,2750.0,2805.0,2680.0,2795.0,282919,0.0,0.0
2017-12-12 00:00:00+09:00,2810.0,3030.0,2750.0,2970.0,1694794,0.0,0.0
2017-12-13 00:00:00+09:00,3110.0,3185.0,2875.0,2900.0,2675058,0.0,0.0
2017-12-14 00:00:00+09:00,2900.0,3000.0,2870.0,3000.0,1032940,0.0,0.0
2017-12-15 00:00:00+09:00,3050.0,3090.0,2965.0,3065.0,1448139,0.0,0.0
2017-12-18 00:00:00+09:00,3085.0,3110.0,2990.0,3070.0,756392,0.0,0.0
2017-12-19 00:00:00+09:00,3070.0,3105.0,2915.0,2940.0,718780,0.0,0.0
2017-12-21 00:00:00+09:00,3170.0,3225.0,2960.0,2975.0,2204800,0.0,0.0
2017-12-22 00:00:00+09:00,3000.0,3105.0,2965.0,3005.0,1184482,0.0,0.0
2017-12-26 00:00:00+09:00,3075.0,3395.0,3050.0,3395.0,5026703,0.0,0.0
2017-12-27 00:00:00+09:00,3590.0,3665.0,3125.0,3145.0,6736495,0.0,0.0
2017-12-28 00:00:00+09:00,3080.0,3165.0,2970.0,3055.0,2595062,0.0,0.0
2018-01-02 00:00:00+09:00,3130.0,3280.0,3090.0,3250.0,1892387,0.0,0.0
2018-01-03 00:00:00+09:00,3225.0,3450.0,3205.0,3450.0,2522925,0.0,0.0
2018-01-04 00:00:00+09:00,3480.0,3645.0,3345.0,3565.0,2541083,0.0,0.0
2018-01-05 00:00:00+09:00,3670.0,4580.0,3590.0,4300.0,12731720,0.0,0.0
2018-01-08 00:00:00+09:00,4330.0,4895.0,4200.0,4595.0,8415523,0.0,0.0
2018-01-09 00:00:00+09:00,4640.0,4820.0,4540.0,4675.0,4229445,0.0,0.0
2018-01-10 00:00:00+09:00,4585.0,4600.0,4305.0,4360.0,3169007,0.0,0.0
2018-01-11 00:00:00+09:00,4210.0,4465.0,4040.0,4070.0,3107206,0.0,0.0
2018-01-12 00:00:00+09:00,4190.0,5290.0,3865.0,5290.0,14328540,0.0,0.0
2018-01-15 00:00:00+09:00,5150.0,6610.0,5150.0,5900.0,20204240,0.0,0.0
2018-01-16 00:00:00+09:00,5720.0,7500.0,5310.0,6300.0,24265970,0.0,0.0
2018-01-17 00:00:00+09:00,6050.0,6950.0,5920.0,6240.0,8492449,0.0,0.0
2018-01-18 00:00:00+09:00,6250.0,6450.0,5960.0,6250.0,4337923,0.0,0.0
2018-01-19 00:00:00+09:00,6240.0,6860.0,6120.0,6260.0,6210134,0.0,0.0
2018-01-22 00:00:00+09:00,6200.0,6470.0,6100.0,6400.0,2657394,0.0,0.0
2018-01-23 00:00:00+09:00,6190.0,6260.0,5780.0,5830.0,2643733,0.0,0.0
2018-01-24 00:00:00+09:00,5720.0,6140.0,5570.0,5860.0,2534089,0.0,0.0
2018-01-25 00:00:00+09:00,5910.0,6060.0,5810.0,5940.0,1082628,0.0,0.0
2018-01-26 00:00:00+09:00,5970.0,6080.0,5870.0,6050.0,970870,0.0,0.0
2018-01-29 00:00:00+09:00,6020.0,6350.0,5950.0,6110.0,1843517,0.0,0.0
2018-01-30 00:00:00+09:00,6200.0,6270.0,6010.0,6270.0,1073305,0.0,0.0
2018-01-31 00:00:00+09:00,6270.0,6820.0,6220.0,6600.0,3230035,0.0,0.0
2018-02-01 00:00:00+09:00,6770.0,6840.0,6430.0,6650.0,1726802,0.0,0.0
2018-02-02 00:00:00+09:00,6650.0,6650.0,6300.0,6430.0,1044624,0.0,0.0
2018-02-05 00:00:00+09:00,6040.0,6210.0,5980.0,5980.0,979313,0.0,0.0
2018-02-07 00:00:00+09:00,5850.0,5940.0,5340.0,5340.0,1234785,0.0,0.0
2018-02-08 00:00:00+09:00,5400.0,5750.0,5310.0,5630.0,1200603,0.0,0.0
2018-02-09 00:00:00+09:00,5290.0,6110.0,5190.0,5630.0,2000186,0.0,0.0
2018-02-12 00:00:00+09:00,5760.0,5940.0,5410.0,5690.0,1270912,0.0,0.0
2018-02-13 00:00:00+09:00,5830.0,6070.0,5700.0,5790.0,1734254,0.0,0.0
2018-02-14 00:00:00+09:00,5790.0,5950.0,5640.0,5670.0,674696,0.0,0.0
2018-02-19 00:00:00+09:00,5680.0,6380.0,5640.0,6150.0,3312957,0.0,0.0
2018-02-20 00:00:00+09:00,6230.0,6260.0,5960.0,5960.0,1078605,0.0,0.0
2018-02-21 00:00:00+09:00,5970.0,6130.0,5930.0,5990.0,702034,0.0,0.0
2018-02-22 00:00:00+09:00,5920.0,6070.0,5680.0,5700.0,998696,0.0,0.0
2018-02-23 00:00:00+09:00,5740.0,5860.0,5590.0,5590.0,697847,0.0,0.0
2018-02-26 00:00:00+09:00,5620.0,5720.0,5350.0,5500.0,927046,0.0,0.0
2018-02-27 00:00:00+09:00,5540.0,5640.0,5390.0,5390.0,688894,0.0,0.0
2018-02-28 00:00:00+09:00,5450.0,5700.0,5160.0,5220.0,1711813,0.0,0.0
2018-03-07 00:00:00+09:00,5130.0,5310.0,5000.0,5030.0,1089914,0.0,0.0
2018-03-08 00:00:00+09:00,5100.0,5120.0,4985.0,5000.0,906492,0.0,0.0
2018-03-09 00:00:00+09:00,5030.0,5160.0,4980.0,5000.0,1170123,0.0,0.0
2018-03-12 00:00:00+09:00,5050.0,5150.0,5020.0,5150.0,836632,0.0,0.0
2018-03-13 00:00:00+09:00,5100.0,5210.0,4710.0,4750.0,1971786,0.0,0.0
2018-03-14 00:00:00+09:00,4580.0,4580.0,4120.0,4215.0,5554379,0.0,0.0
2018-03-15 00:00:00+09:00,4220.0,4340.0,3975.0,4025.0,3317393,0.0,0.0
2018-03-16 00:00:00+09:00,4075.0,4160.0,3980.0,4015.0,1980016,0.0,0.0
2018-03-19 00:00:00+09:00,3950.0,4065.0,3575.0,3580.0,3939001,0.0,0.0
2018-03-20 00:00:00+09:00,3605.0,3735.0,3565.0,3685.0,2013263,0.0,0.0
2018-03-21 00:00:00+09:00,3750.0,3750.0,3625.0,3630.0,883764,0.0,0.0
2018-03-22 00:00:00+09:00,3650.0,3980.0,3650.0,3845.0,3402691,0.0,0.0
2018-03-23 00:00:00+09:00,3700.0,3935.0,3665.0,3665.0,1457670,0.0,0.0
2018-03-26 00:00:00+09:00,3600.0,3870.0,3565.0,3810.0,1071506,0.0,0.0
2018-03-27 00:00:00+09:00,3920.0,3970.0,3820.0,3835.0,977171,0.0,0.0
2018-03-28 00:00:00+09:00,3830.0,4050.0,3735.0,3760.0,2196021,0.0,0.0
2018-03-29 00:00:00+09:00,3780.0,3940.0,3765.0,3835.0,1079892,0.0,0.0
2018-03-30 00:00:00+09:00,3840.0,3920.0,3700.0,3775.0,1195455,0.0,0.0
2018-04-02 00:00:00+09:00,3700.0,3700.0,3295.0,3355.0,3592769,0.0,0.0
2018-04-03 00:00:00+09:00,3315.0,3385.0,3220.0,3295.0,1364912,0.0,0.0
2018-04-04 00:00:00+09:00,3290.0,3345.0,3135.0,3165.0,1473775,0.0,0.0
2018-04-05 00:00:00+09:00,3205.0,3350.0,3180.0,3260.0,1160446,0.0,0.0
2018-04-06 00:00:00+09:00,3265.0,3315.0,3130.0,3185.0,693447,0.0,0.0
2018-04-09 00:00:00+09:00,3220.0,3225.0,3115.0,3215.0,584268,0.0,0.0
2018-04-10 00:00:00+09:00,3235.0,3395.0,3120.0,3345.0,1158442,0.0,0.0
2018-04-11 00:00:00+09:00,3385.0,3405.0,3265.0,3365.0,731794,0.0,0.0
2018-04-12 00:00:00+09:00,3425.0,3465.0,3360.0,3395.0,798324,0.0,0.0
2018-04-13 00:00:00+09:00,3400.0,3515.0,3345.0,3500.0,888748,0.0,0.0
2018-04-16 00:00:00+09:00,3500.0,3645.0,3460.0,3645.0,1143829,0.0,0.0
2018-04-17 00:00:00+09:00,3615.0,3710.0,3545.0,3610.0,1034445,0.0,0.0
2018-04-18 00:00:00+09:00,3650.0,3700.0,3580.0,3700.0,1096498,0.0,0.0
2018-04-19 00:00:00+09:00,3815.0,3825.0,3595.0,3700.0,1638852,0.0,0.0
2018-04-20 00:00:00+09:00,3690.0,3735.0,3615.0,3670.0,724795,0.0,0.0
2018-04-23 00:00:00+09:00,3600.0,3670.0,3440.0,3505.0,888280,0.0,0.0
2018-04-24 00:00:00+09:00,3505.0,3570.0,3430.0,3555.0,488916,0.0,0.0
2018-04-25 00:00:00+09:00,3530.0,3590.0,3360.0,3380.0,558925,0.0,0.0
2018-04-26 00:00:00+09:00,3380.0,3495.0,3380.0,3450.0,286492,0.0,0.0
2018-04-27 00:00:00+09:00,3455.0,3565.0,3450.0,3515.0,327784,0.0,0.0
2018-04-30 00:00:00+09:00,3575.0,3575.0,3400.0,3480.0,454722,0.0,0.0
2018-05-02 00:00:00+09:00,3480.0,3480.0,3200.0,3245.0,832307,0.0,0.0
2018-05-03 00:00:00+09:00,3300.0,3460.0,3230.0,3375.0,626955,0.0,0.0
2018-05-04 00:00:00+09:00,3380.0,3400.0,3260.0,3275.0,303632,0.0,0.0
2018-05-08 00:00:00+09:00,3300.0,3380.0,3160.0,3160.0,436145,0.0,0.0
2018-05-09 00:00:00+09:00,3150.0,3325.0,3040.0,3300.0,550655,0.0,0.0
2018-05-10 00:00:00+09:00,3295.0,3360.0,3245.0,3295.0,183085,0.0,0.0
2018-05-11 00:00:00+09:00,3315.0,3365.0,3280.0,3360.0,269485,0.0,0.0
2018-05-14 00:00:00+09:00,3385.0,3400.0,3250.0,3300.0,363675,0.0,0.0
2018-05-15 00:00:00+09:00,3285.0,3325.0,3155.0,3190.0,387346,0.0,0.0
2018-05-16 00:00:00+09:00,3115.0,3165.0,2940.0,3090.0,771323,0.0,0.0
2018-05-17 00:00:00+09:00,3095.0,3180.0,2990.0,3000.0,306322,0.0,0.0
2018-05-18 00:00:00+09:00,2965.0,3160.0,2960.0,3100.0,290762,0.0,0.0
2018-05-21 00:00:00+09:00,3100.0,3250.0,3060.0,3120.0,371629,0.0,0.0
2018-05-23 00:00:00+09:00,3120.0,3150.0,3000.0,3045.0,215471,0.0,0.0
2018-05-24 00:00:00+09:00,3065.0,3140.0,3025.0,3050.0,199172,0.0,0.0
2018-05-25 00:00:00+09:00,3050.0,3075.0,2905.0,2915.0,499386,0.0,0.0
2018-05-28 00:00:00+09:00,2925.0,3155.0,2890.0,3140.0,504675,0.0,0.0
2018-05-29 00:00:00+09:00,3130.0,3155.0,3030.0,3060.0,238391,0.0,0.0
2018-05-30 00:00:00+09:00,3055.0,3120.0,3010.0,3060.0,193581,0.0,0.0
2018-05-31 00:00:00+09:00,3060.0,3080.0,2925.0,2965.0,303779,0.0,0.0
2018-06-01 00:00:00+09:00,2965.0,3040.0,2955.0,3025.0,157560,0.0,0.0
2018-06-04 00:00:00+09:00,3025.0,3120.0,3020.0,3115.0,222844,0.0,0.0
2018-06-05 00:00:00+09:00,3165.0,3915.0,3160.0,3495.0,20891520,0.0,0.0
2018-06-07 00:00:00+09:00,3465.0,3690.0,3430.0,3615.0,4129949,0.0,0.0
2018-06-08 00:00:00+09:00,3575.0,3700.0,3520.0,3630.0,1632825,0.0,0.0
2018-06-11 00:00:00+09:00,3570.0,4155.0,3570.0,3830.0,15775610,0.0,0.0
2018-06-12 00:00:00+09:00,3875.0,3980.0,3660.0,3775.0,2885156,0.0,0.0
2018-06-14 00:00:00+09:00,3790.0,3830.0,3520.0,3570.0,1441705,0.0,0.0
2018-06-15 00:00:00+09:00,3565.0,3775.0,3535.0,3595.0,1412436,0.0,0.0
2018-06-18 00:00:00+09:00,3595.0,3870.0,3570.0,3650.0,2279706,0.0,0.0
2018-06-19 00:00:00+09:00,3620.0,3970.0,3620.0,3945.0,5191014,0.0,0.0
2018-06-20 00:00:00+09:00,3905.0,4060.0,3805.0,4055.0,3055666,0.0,0.0
2018-06-21 00:00:00+09:00,4025.0,4065.0,3810.0,3815.0,1916041,0.0,0.0
2018-06-22 00:00:00+09:00,3905.0,4145.0,3860.0,4040.0,6257883,0.0,0.0
2018-06-25 00:00:00+09:00,4130.0,4190.0,3980.0,4005.0,2432460,0.0,0.0
2018-06-26 00:00:00+09:00,3970.0,3970.0,3665.0,3680.0,1876323,0.0,0.0
2018-06-27 00:00:00+09:00,3690.0,3840.0,3640.0,3700.0,1288561,0.0,0.0
2018-06-28 00:00:00+09:00,3730.0,3945.0,3700.0,3840.0,2040367,0.0,0.0
2018-06-29 00:00:00+09:00,3800.0,3820.0,3480.0,3610.0,1893259,0.0,0.0
2018-07-02 00:00:00+09:00,3665.0,3680.0,3140.0,3140.0,1621189,0.0,0.0
2018-07-03 00:00:00+09:00,3140.0,3230.0,2930.0,3060.0,1345972,0.0,0.0
2018-07-04 00:00:00+09:00,3030.0,3150.0,3020.0,3090.0,696876,0.0,0.0
2018-07-05 00:00:00+09:00,3070.0,3380.0,2980.0,3250.0,2923650,0.0,0.0
2018-07-06 00:00:00+09:00,3210.0,3250.0,3075.0,3180.0,590242,0.0,0.0
2018-07-09 00:00:00+09:00,3180.0,3290.0,3070.0,3125.0,566334,0.0,0.0
2018-07-10 00:00:00+09:00,3175.0,3285.0,3105.0,3245.0,616885,0.0,0.0
2018-07-11 00:00:00+09:00,3200.0,3240.0,3110.0,3120.0,411282,0.0,0.0
2018-07-12 00:00:00+09:00,3125.0,3200.0,3040.0,3140.0,455470,0.0,0.0
2018-07-13 00:00:00+09:00,3190.0,3210.0,3130.0,3185.0,385580,0.0,0.0
2018-07-16 00:00:00+09:00,3200.0,3245.0,3185.0,3185.0,432238,0.0,0.0
2018-07-17 00:00:00+09:00,3225.0,3430.0,3165.0,3245.0,1326729,0.0,0.0
2018-07-18 00:00:00+09:00,3240.0,3390.0,3240.0,3375.0,860892,0.0,0.0
2018-07-19 00:00:00+09:00,3490.0,3495.0,3205.0,3235.0,859462,0.0,0.0
2018-07-20 00:00:00+09:00,3230.0,3245.0,3055.0,3135.0,555745,0.0,0.0
2018-07-23 00:00:00+09:00,3155.0,3185.0,3045.0,3065.0,399527,0.0,0.0
2018-07-24 00:00:00+09:00,3010.0,3115.0,2995.0,3055.0,285753,0.0,0.0
2018-07-25 00:00:00+09:00,3050.0,3100.0,2920.0,2930.0,524037,0.0,0.0
2018-07-26 00:00:00+09:00,2890.0,3080.0,2890.0,3060.0,396940,0.0,0.0
2018-07-27 00:00:00+09:00,3060.0,3150.0,3030.0,3115.0,283560,0.0,0.0
2018-07-30 00:00:00+09:00,3115.0,3175.0,3050.0,3130.0,195132,0.0,0.0
2018-07-31 00:00:00+09:00,3135.0,3240.0,3110.0,3135.0,358446,0.0,0.0
2018-08-01 00:00:00+09:00,3135.0,3250.0,3135.0,3245.0,365393,0.0,0.0
2018-08-02 00:00:00+09:00,3245.0,3340.0,3150.0,3180.0,546100,0.0,0.0
2018-08-03 00:00:00+09:00,3210.0,3270.0,3180.0,3250.0,301035,0.0,0.0
2018-08-06 00:00:00+09:00,3250.0,3320.0,3225.0,3225.0,402118,0.0,0.0
2018-08-07 00:00:00+09:00,3230.0,3300.0,3190.0,3210.0,328624,0.0,0.0
2018-08-08 00:00:00+09:00,3190.0,3315.0,3180.0,3255.0,444830,0.0,0.0
2018-08-09 00:00:00+09:00,3305.0,3410.0,3230.0,3340.0,936097,0.0,0.0
2018-08-10 00:00:00+09:00,3300.0,3345.0,3190.0,3235.0,425864,0.0,0.0
2018-08-13 00:00:00+09:00,3150.0,3200.0,3010.0,3050.0,466128,0.0,0.0
2018-08-14 00:00:00+09:00,3030.0,3120.0,3000.0,3025.0,222097,0.0,0.0
2018-08-16 00:00:00+09:00,2915.0,2915.0,2680.0,2830.0,1305583,0.0,0.0
2018-08-17 00:00:00+09:00,2830.0,2850.0,2765.0,2845.0,327767,0.0,0.0
2018-08-20 00:00:00+09:00,2855.0,2945.0,2845.0,2900.0,267185,0.0,0.0
2018-08-21 00:00:00+09:00,2900.0,3025.0,2865.0,3025.0,433795,0.0,0.0
2018-08-22 00:00:00+09:00,3035.0,3135.0,2995.0,3030.0,452007,0.0,0.0
2018-08-23 00:00:00+09:00,3030.0,3085.0,2970.0,2980.0,305004,0.0,0.0
2018-08-24 00:00:00+09:00,2950.0,3040.0,2950.0,2990.0,208837,0.0,0.0
2018-08-27 00:00:00+09:00,3030.0,3035.0,2940.0,2985.0,214865,0.0,0.0
2018-08-28 00:00:00+09:00,3010.0,3250.0,2985.0,3095.0,1402562,0.0,0.0
2018-08-29 00:00:00+09:00,3080.0,3150.0,3055.0,3100.0,333343,0.0,0.0
2018-08-30 00:00:00+09:00,3125.0,3135.0,2900.0,3020.0,385651,0.0,0.0
2018-08-31 00:00:00+09:00,3025.0,3070.0,3000.0,3020.0,202267,0.0,0.0
2018-09-03 00:00:00+09:00,3050.0,3070.0,2990.0,3020.0,237270,0.0,0.0
2018-09-04 00:00:00+09:00,3020.0,3050.0,2980.0,2985.0,319526,0.0,0.0
2018-09-05 00:00:00+09:00,3010.0,3055.0,2985.0,3035.0,334404,0.0,0.0
2018-09-06 00:00:00+09:00,3010.0,3030.0,2950.0,2960.0,382239,0.0,0.0
2018-09-07 00:00:00+09:00,2945.0,3010.0,2905.0,2945.0,325473,0.0,0.0
2018-09-10 00:00:00+09:00,2955.0,2990.0,2915.0,2930.0,176565,0.0,0.0
2018-09-11 00:00:00+09:00,2925.0,2995.0,2920.0,2945.0,131223,0.0,0.0
2018-09-12 00:00:00+09:00,2975.0,2980.0,2845.0,2860.0,316252,0.0,0.0
2018-09-13 00:00:00+09:00,2860.0,2900.0,2780.0,2800.0,303177,0.0,0.0
2018-09-14 00:00:00+09:00,2800.0,2920.0,2800.0,2910.0,388972,0.0,0.0
2018-09-17 00:00:00+09:00,2865.0,2900.0,2810.0,2810.0,266376,0.0,0.0
2018-09-18 00:00:00+09:00,2850.0,2850.0,2760.0,2780.0,205850,0.0,0.0
2021-10-06 00:00:00+09:00,3105.0,3300.0,2175.0,2190.0,12240890,0.0,0.0
2021-10-07 00:00:00+09:00,2180.0,2325.0,1835.0,1955.0,3911542,0.0,0.0
2021-10-08 00:00:00+09:00,1985.0,2030.0,1875.0,1940.0,1252821,0.0,0.0
2021-10-12 00:00:00+09:00,1930.0,1930.0,1845.0,1850.0,646096,0.0,0.0
2021-10-13 00:00:00+09:00,1865.0,1930.0,1815.0,1895.0,573483,0.0,0.0
2021-10-14 00:00:00+09:00,1930.0,1970.0,1855.0,1910.0,641700,0.0,0.0
2021-10-15 00:00:00+09:00,1930.0,1930.0,1870.0,1910.0,319111,0.0,0.0
2021-10-18 00:00:00+09:00,1910.0,1915.0,1840.0,1860.0,317152,0.0,0.0
2021-10-19 00:00:00+09:00,1860.0,1865.0,1790.0,1795.0,646726,0.0,0.0
2021-10-20 00:00:00+09:00,1810.0,1825.0,1695.0,1715.0,709475,0.0,0.0
2021-10-21 00:00:00+09:00,1715.0,1745.0,1650.0,1725.0,443437,0.0,0.0
2021-10-22 00:00:00+09:00,1725.0,2055.0,1705.0,1865.0,3828629,0.0,0.0
2021-10-25 00:00:00+09:00,1860.0,1915.0,1785.0,1800.0,408542,0.0,0.0
2021-10-26 00:00:00+09:00,1800.0,1895.0,1795.0,1850.0,354986,0.0,0.0
2021-10-27 00:00:00+09:00,1850.0,1980.0,1840.0,1905.0,876426,0.0,0.0
2021-10-28 00:00:00+09:00,1905.0,1910.0,1855.0,1860.0,202601,0.0,0.0
2021-10-29 00:00:00+09:00,1860.0,1930.0,1800.0,1855.0,333304,0.0,0.0
2021-11-01 00:00:00+09:00,1850.0,1850.0,1810.0,1815.0,172587,0.0,0.0
2021-11-02 00:00:00+09:00,1810.0,1840.0,1795.0,1820.0,265531,0.0,0.0
2021-11-03 00:00:00+09:00,1815.0,1830.0,1790.0,1795.0,196828,0.0,0.0
2021-11-04 00:00:00+09:00,1805.0,1820.0,1740.0,1765.0,164912,0.0,0.0
2021-11-05 00:00:00+09:00,1825.0,1825.0,1735.0,1750.0,168631,0.0,0.0
2021-11-08 00:00:00+09:00,1750.0,1750.0,1685.0,1705.0,193902,0.0,0.0
2021-11-09 00:00:00+09:00,1730.0,1730.0,1680.0,1700.0,117512,0.0,0.0
2021-11-10 00:00:00+09:00,1690.0,1840.0,1665.0,1690.0,255636,0.0,0.0
2021-11-11 00:00:00+09:00,1680.0,1780.0,1670.0,1710.0,248807,0.0,0.0
2021-11-12 00:00:00+09:00,1690.0,1765.0,1690.0,1730.0,87617,0.0,0.0
2021-11-15 00:00:00+09:00,1730.0,1780.0,1715.0,1725.0,117445,0.0,0.0
2021-11-16 00:00:00+09:00,1740.0,1865.0,1735.0,1820.0,483696,0.0,0.0
2021-11-17 00:00:00+09:00,1815.0,1865.0,1765.0,1765.0,202969,0.0,0.0
2021-11-18 00:00:00+09:00,1765.0,1830.0,1740.0,1760.0,136634,0.0,0.0
2021-11-19 00:00:00+09:00,1760.0,1785.0,1705.0,1735.0,172258,0.0,0.0
2021-11-22 00:00:00+09:00,1735.0,1745.0,1695.0,1705.0,181821,0.0,0.0
2021-11-23 00:00:00+09:00,1710.0,1725.0,1665.0,1670.0,193159,0.0,0.0
2021-11-24 00:00:00+09:00,1675.0,1695.0,1650.0,1670.0,208254,0.0,0.0
2021-11-25 00:00:00+09:00,1670.0,1695.0,1655.0,1665.0,143131,0.0,0.0
2021-11-26 00:00:00+09:00,1665.0,1795.0,1660.0,1660.0,285225,0.0,0.0
2021-11-29 00:00:00+09:00,1615.0,1645.0,1585.0,1615.0,285858,0.0,0.0
2021-11-30 00:00:00+09:00,1610.0,1675.0,1505.0,1505.0,280521,0.0,0.0
2021-12-01 00:00:00+09:00,1505.0,1530.0,1440.0,1520.0,166725,0.0,0.0
2021-12-02 00:00:00+09:00,1520.0,1550.0,1500.0,1525.0,89554,0.0,0.0
2021-12-03 00:00:00+09:00,1540.0,1585.0,1525.0,1585.0,106297,0.0,0.0
2021-12-06 00:00:00+09:00,1585.0,1600.0,1530.0,1555.0,162409,0.0,0.0
2021-12-07 00:00:00+09:00,1560.0,1585.0,1535.0,1580.0,327591,0.0,0.0
2021-12-08 00:00:00+09:00,1585.0,1635.0,1580.0,1605.0,153190,0.0,0.0
2021-12-09 00:00:00+09:00,1600.0,1645.0,1590.0,1605.0,79721,0.0,0.0
2021-12-10 00:00:00+09:00,1605.0,1650.0,1580.0,1605.0,181342,0.0,0.0
2021-12-13 00:00:00+09:00,1610.0,1625.0,1580.0,1590.0,143745,0.0,0.0
2021-12-14 00:00:00+09:00,1555.0,1605.0,1550.0,1595.0,125247,0.0,0.0
2021-12-15 00:00:00+09:00,1595.0,1610.0,1580.0,1600.0,57037,0.0,0.0
2021-12-16 00:00:00+09:00,1590.0,1640.0,1570.0,1580.0,158763,0.0,0.0
2021-12-17 00:00:00+09:00,1565.0,1585.0,1540.0,1570.0,150103,0.0,0.0
2021-12-20 00:00:00+09:00,1550.0,1560.0,1500.0,1510.0,192863,0.0,0.0
2021-12-21 00:00:00+09:00,1500.0,1525.0,1440.0,1450.0,212101,0.0,0.0
2021-12-22 00:00:00+09:00,1465.0,1485.0,1440.0,1440.0,200949,0.0,0.0
2021-12-23 00:00:00+09:00,1455.0,1510.0,1440.0,1505.0,189770,0.0,0.0
2021-12-24 00:00:00+09:00,1505.0,1545.0,1480.0,1495.0,103863,0.0,0.0
2021-12-27 00:00:00+09:00,1495.0,1530.0,1480.0,1485.0,142507,0.0,0.0
2021-12-28 00:00:00+09:00,1485.0,1510.0,1465.0,1485.0,90047,0.0,0.0
2021-12-29 00:00:00+09:00,1475.0,1495.0,1460.0,1490.0,90818,0.0,0.0
2021-12-30 00:00:00+09:00,1490.0,1500.0,1470.0,1495.0,141535,0.0,0.0
2022-01-04 00:00:00+09:00,1520.0,1525.0,1495.0,1520.0,149729,0.0,0.0
2022-01-05 00:00:00+09:00,1550.0,1550.0,1515.0,1530.0,172209,0.0,0.0
2022-01-06 00:00:00+09:00,1505.0,1525.0,1475.0,1480.0,148820,0.0,0.0
2022-01-07 00:00:00+09:00,1480.0,1500.0,1465.0,1490.0,96330,0.0,0.0
2022-01-10 00:00:00+09:00,1490.0,1515.0,1470.0,1475.0,160228,0.0,0.0
2022-01-11 00:00:00+09:00,1475.0,1485.0,1390.0,1390.0,278115,0.0,0.0
2022-01-12 00:00:00+09:00,1395.0,1420.0,1375.0,1400.0,286463,0.0,0.0
2022-01-13 00:00:00+09:00,1405.0,1425.0,1340.0,1375.0,426685,0.0,0.0
2022-01-14 00:00:00+09:00,1350.0,1390.0,1325.0,1355.0,118160,0.0,0.0
2022-01-17 00:00:00+09:00,1355.0,1360.0,1320.0,1325.0,184488,0.0,0.0
2022-01-18 00:00:00+09:00,1325.0,1360.0,1260.0,1290.0,171363,0.0,0.0
2022-01-19 00:00:00+09:00,1290.0,1290.0,1245.0,1255.0,105762,0.0,0.0
2022-01-20 00:00:00+09:00,1255.0,1300.0,1250.0,1275.0,110805,0.0,0.0
2022-01-21 00:00:00+09:00,1285.0,1300.0,1260.0,1270.0,103923,0.0,0.0
2022-01-24 00:00:00+09:00,1265.0,1265.0,1215.0,1220.0,167474,0.0,0.0
2022-01-25 00:00:00+09:00,1215.0,1225.0,1150.0,1160.0,147551,0.0,0.0
2022-01-26 00:00:00+09:00,1185.0,1190.0,1150.0,1160.0,187340,0.0,0.0
2022-01-27 00:00:00+09:00,1160.0,1170.0,1095.0,1115.0,173608,0.0,0.0
2022-01-28 00:00:00+09:00,1115.0,1180.0,1075.0,1175.0,138121,0.0,0.0
2022-02-03 00:00:00+09:00,1180.0,1235.0,1180.0,1215.0,97252,0.0,0.0
2022-02-04 00:00:00+09:00,1215.0,1255.0,1195.0,1220.0,132395,0.0,0.0
2022-02-07 00:00:00+09:00,1220.0,1250.0,1205.0,1230.0,116957,0.0,0.0
2022-02-08 00:00:00+09:00,1260.0,1265.0,1210.0,1230.0,155380,0.0,0.0
2022-02-09 00:00:00+09:00,1225.0,1290.0,1220.0,1245.0,158317,0.0,0.0
2022-02-10 00:00:00+09:00,1250.0,1270.0,1200.0,1205.0,198232,0.0,0.0
2022-02-11 00:00:00+09:00,1200.0,1205.0,1175.0,1185.0,127977,0.0,0.0
2022-02-14 00:00:00+09:00,1170.0,1180.0,1115.0,1125.0,201840,0.0,0.0
2022-02-15 00:00:00+09:00,1125.0,1150.0,1120.0,1140.0,219711,0.0,0.0
2022-02-16 00:00:00+09:00,1160.0,1175.0,1140.0,1155.0,141358,0.0,0.0
2022-02-17 00:00:00+09:00,1165.0,1210.0,1150.0,1175.0,221069,0.0,0.0
2022-02-18 00:00:00+09:00,1175.0,1185.0,1155.0,1180.0,84268,0.0,0.0
2022-02-21 00:00:00+09:00,1180.0,1530.0,1160.0,1530.0,5035031,0.0,0.0
2022-02-22 00:00:00+09:00,1270.0,1850.0,1270.0,1580.0,34157520,0.0,0.0
2022-02-23 00:00:00+09:00,1550.0,1615.0,1440.0,1440.0,5211536,0.0,0.0
2022-02-24 00:00:00+09:00,1470.0,1540.0,1305.0,1340.0,3864566,0.0,0.0
2022-02-25 00:00:00+09:00,1355.0,1410.0,1340.0,1350.0,1414399,0.0,0.0
2022-02-28 00:00:00+09:00,1350.0,1420.0,1325.0,1370.0,1614985,0.0,0.0
2022-03-02 00:00:00+09:00,1380.0,1410.0,1360.0,1385.0,753694,0.0,0.0
2022-03-03 00:00:00+09:00,1410.0,1425.0,1370.0,1385.0,950068,0.0,0.0
2022-03-04 00:00:00+09:00,1385.0,1395.0,1345.0,1365.0,598557,0.0,0.0
2022-03-07 00:00:00+09:00,1345.0,1345.0,1300.0,1310.0,418300,0.0,0.0
2022-03-08 00:00:00+09:00,1280.0,1295.0,1250.0,1265.0,384742,0.0,0.0
2022-03-10 00:00:00+09:00,1270.0,1365.0,1265.0,1350.0,501218,0.0,0.0
2022-03-11 00:00:00+09:00,1350.0,1375.0,1320.0,1355.0,334532,0.0,0.0
2022-03-14 00:00:00+09:00,1355.0,1365.0,1315.0,1340.0,269501,0.0,0.0
2022-03-15 00:00:00+09:00,1335.0,1490.0,1320.0,1370.0,2436793,0.0,0.0
2022-03-16 00:00:00+09:00,1385.0,1450.0,1375.0,1445.0,748335,0.0,0.0
2022-03-17 00:00:00+09:00,1480.0,1480.0,1410.0,1425.0,517214,0.0,0.0
2022-03-18 00:00:00+09:00,1425.0,1450.0,1395.0,1405.0,391200,0.0,0.0
2022-03-21 00:00:00+09:00,1400.0,1400.0,1375.0,1375.0,219807,0.0,0.0
2022-03-22 00:00:00+09:00,1375.0,1400.0,1345.0,1370.0,204667,0.0,0.0
2022-03-23 00:00:00+09:00,1390.0,1555.0,1390.0,1435.0,2266852,0.0,0.0
2022-03-24 00:00:00+09:00,1445.0,1445.0,1410.0,1435.0,257425,0.0,0.0
2022-03-25 00:00:00+09:00,1445.0,1485.0,1415.0,1435.0,489591,0.0,0.0
2022-03-28 00:00:00+09:00,1440.0,1455.0,1400.0,1400.0,369432,0.0,0.0
2022-03-29 00:00:00+09:00,1405.0,1460.0,1395.0,1450.0,426395,0.0,0.0
2022-03-30 00:00:00+09:00,1470.0,1510.0,1450.0,1500.0,597814,0.0,0.0
2022-03-31 00:00:00+09:00,1500.0,1535.0,1470.0,1500.0,408044,0.0,0.0
2022-04-01 00:00:00+09:00,1530.0,1560.0,1470.0,1540.0,441810,0.0,0.0
2022-04-04 00:00:00+09:00,1540.0,1665.0,1510.0,1645.0,1242995,0.0,0.0
2022-04-05 00:00:00+09:00,1645.0,1645.0,1585.0,1605.0,398851,0.0,0.0
2022-04-06 00:00:00+09:00,1605.0,1610.0,1510.0,1550.0,479418,0.0,0.0
2022-04-07 00:00:00+09:00,1530.0,1555.0,1490.0,1520.0,347521,0.0,0.0
2022-04-08 00:00:00+09:00,1510.0,1540.0,1500.0,1520.0,203197,0.0,0.0
2022-04-11 00:00:00+09:00,1525.0,1525.0,1465.0,1465.0,226968,0.0,0.0
2022-04-12 00:00:00+09:00,1450.0,1450.0,1375.0,1415.0,272432,0.0,0.0
2022-04-13 00:00:00+09:00,1415.0,1485.0,1400.0,1425.0,276966,0.0,0.0
2022-04-14 00:00:00+09:00,1440.0,1450.0,1395.0,1410.0,194364,0.0,0.0
2022-04-15 00:00:00+09:00,1410.0,1425.0,1390.0,1425.0,138004,0.0,0.0
2022-04-18 00:00:00+09:00,1415.0,1460.0,1400.0,1425.0,94918,0.0,0.0
2022-04-19 00:00:00+09:00,1415.0,1450.0,1400.0,1445.0,190982,0.0,0.0
2022-04-20 00:00:00+09:00,1450.0,1460.0,1435.0,1455.0,70887,0.0,0.0
2022-04-21 00:00:00+09:00,1455.0,1470.0,1440.0,1460.0,84673,0.0,0.0
2022-04-22 00:00:00+09:00,1445.0,1455.0,1420.0,1435.0,80684,0.0,0.0
2022-04-25 00:00:00+09:00,1395.0,1420.0,1390.0,1410.0,122136,0.0,0.0
2022-04-26 00:00:00+09:00,1410.0,1440.0,1400.0,1425.0,55738,0.0,0.0
2022-04-27 00:00:00+09:00,1395.0,1480.0,1375.0,1460.0,368561,0.0,0.0
2022-04-28 00:00:00+09:00,1460.0,1485.0,1420.0,1425.0,131683,0.0,0.0
2022-04-29 00:00:00+09:00,1425.0,1440.0,1400.0,1410.0,71059,0.0,0.0
2022-05-03 00:00:00+09:00,1425.0,1485.0,1425.0,1445.0,160302,0.0,0.0
2022-05-04 00:00:00+09:00,1445.0,1460.0,1425.0,1445.0,131141,0.0,0.0
2022-05-06 00:00:00+09:00,1430.0,1475.0,1420.0,1465.0,171917,0.0,0.0
2022-05-10 00:00:00+09:00,1490.0,1490.0,1420.0,1460.0,156508,0.0,0.0
2022-05-11 00:00:00+09:00,1475.0,1665.0,1445.0,1555.0,2029102,0.0,0.0
2022-05-12 00:00:00+09:00,1545.0,1555.0,1470.0,1485.0,519515,0.0,0.0
2022-05-13 00:00:00+09:00,1485.0,1545.0,1445.0,1450.0,555342,0.0,0.0
2022-05-16 00:00:00+09:00,1455.0,1475.0,1430.0,1460.0,175630,0.0,0.0
2022-05-17 00:00:00+09:00,1460.0,1505.0,1430.0,1490.0,171467,0.0,0.0
2022-05-18 00:00:00+09:00,1510.0,1520.0,1460.0,1475.0,239434,0.0,0.0
2022-05-19 00:00:00+09:00,1455.0,1485.0,1430.0,1450.0,146356,0.0,0.0
2022-05-20 00:00:00+09:00,1450.0,1460.0,1360.0,1375.0,424343,0.0,0.0
2022-05-23 00:00:00+09:00,1380.0,1755.0,1365.0,1535.0,8433107,0.0,0.0
2022-05-24 00:00:00+09:00,1520.0,1525.0,1425.0,1440.0,1059655,0.0,0.0
2022-05-25 00:00:00+09:00,1405.0,1585.0,1385.0,1455.0,2221069,0.0,0.0
2022-05-26 00:00:00+09:00,1490.0,1635.0,1485.0,1530.0,2815423,0.0,0.0
2022-05-27 00:00:00+09:00,1530.0,1530.0,1480.0,1495.0,494855,0.0,0.0
2022-05-30 00:00:00+09:00,1510.0,1515.0,1480.0,1490.0,199216,0.0,0.0
2022-05-31 00:00:00+09:00,1505.0,1535.0,1445.0,1500.0,405930,0.0,0.0
2022-06-02 00:00:00+09:00,1505.0,1630.0,1505.0,1565.0,1336580,0.0,0.0
2022-06-03 00:00:00+09:00,1565.0,1590.0,1540.0,1565.0,427214,0.0,0.0
2022-06-07 00:00:00+09:00,1625.0,1750.0,1515.0,1530.0,6395315,0.0,0.0
2022-06-08 00:00:00+09:00,1540.0,1545.0,1485.0,1525.0,511756,0.0,0.0
2022-06-09 00:00:00+09:00,1525.0,1625.0,1495.0,1510.0,1110073,0.0,0.0
2022-06-10 00:00:00+09:00,1510.0,1530.0,1480.0,1510.0,259443,0.0,0.0
2022-06-13 00:00:00+09:00,1480.0,1480.0,1415.0,1435.0,327505,0.0,0.0
2022-06-14 00:00:00+09:00,1395.0,1470.0,1350.0,1450.0,251472,0.0,0.0
2022-06-15 00:00:00+09:00,1425.0,1570.0,1425.0,1470.0,1104367,0.0,0.0
2022-06-16 00:00:00+09:00,1525.0,1530.0,1435.0,1450.0,299058,0.0,0.0
2022-06-17 00:00:00+09:00,1400.0,1505.0,1385.0,1440.0,436413,0.0,0.0
2022-06-20 00:00:00+09:00,1440.0,1470.0,1350.0,1355.0,384245,0.0,0.0
2022-06-21 00:00:00+09:00,1355.0,1365.0,1285.0,1350.0,241537,0.0,0.0
2022-06-22 00:00:00+09:00,1450.0,1515.0,1385.0,1435.0,1715813,0.0,0.0
2022-06-23 00:00:00+09:00,1415.0,1415.0,1280.0,1280.0,686136,0.0,0.0
2022-06-24 00:00:00+09:00,1275.0,1330.0,1270.0,1305.0,150788,0.0,0.0
2022-06-27 00:00:00+09:00,1300.0,1320.0,1255.0,1315.0,233828,0.0,0.0
2022-06-28 00:00:00+09:00,1315.0,1320.0,1275.0,1285.0,244139,0.0,0.0
2022-06-29 00:00:00+09:00,1285.0,1315.0,1240.0,1300.0,218833,0.0,0.0
2022-06-30 00:00:00+09:00,1310.0,1345.0,1280.0,1310.0,158711,0.0,0.0
2022-07-01 00:00:00+09:00,1300.0,1310.0,1245.0,1265.0,132838,0.0,0.0
2022-07-04 00:00:00+09:00,1265.0,1275.0,1225.0,1235.0,92422,0.0,0.0
2022-07-05 00:00:00+09:00,1215.0,1280.0,1210.0,1240.0,69546,0.0,0.0
2022-07-06 00:00:00+09:00,1255.0,1260.0,1220.0,1240.0,42901,0.0,0.0
2022-07-07 00:00:00+09:00,1245.0,1275.0,1225.0,1270.0,99514,0.0,0.0
2022-07-08 00:00:00+09:00,1290.0,1295.0,1260.0,1275.0,78107,0.0,0.0
2022-07-11 00:00:00+09:00,1275.0,1295.0,1260.0,1280.0,69825,0.0,0.0
2022-07-12 00:00:00+09:00,1265.0,1275.0,1215.0,1235.0,71936,0.0,0.0
2022-07-13 00:00:00+09:00,1240.0,1245.0,1210.0,1220.0,47035,0.0,0.0
2022-07-14 00:00:00+09:00,1220.0,1235.0,1200.0,1220.0,86863,0.0,0.0
2022-07-15 00:00:00+09:00,1220.0,1220.0,1165.0,1205.0,132926,0.0,0.0
2022-07-18 00:00:00+09:00,1210.0,1240.0,1195.0,1240.0,58429,0.0,0.0
2022-07-19 00:00:00+09:00,1240.0,1240.0,1200.0,1230.0,58310,0.0,0.0
2022-07-20 00:00:00+09:00,1250.0,1250.0,1220.0,1225.0,68975,0.0,0.0
2022-07-21 00:00:00+09:00,1215.0,1240.0,1210.0,1225.0,72486,0.0,0.0
2022-07-22 00:00:00+09:00,1225.0,1240.0,1195.0,1210.0,50327,0.0,0.0
2022-07-25 00:00:00+09:00,1220.0,1255.0,1200.0,1200.0,87258,0.0,0.0
2022-07-26 00:00:00+09:00,1200.0,1235.0,1170.0,1170.0,44204,0.0,0.0
2022-07-27 00:00:00+09:00,1175.0,1210.0,1160.0,1185.0,53555,0.0,0.0
2022-07-28 00:00:00+09:00,1190.0,1210.0,1175.0,1180.0,50914,0.0,0.0
2022-07-29 00:00:00+09:00,1180.0,1200.0,1170.0,1175.0,61362,0.0,0.0
2022-08-01 00:00:00+09:00,1185.0,1200.0,1175.0,1175.0,44864,0.0,0.0
2022-08-02 00:00:00+09:00,1175.0,1225.0,1175.0,1185.0,42708,0.0,0.0
2022-08-03 00:00:00+09:00,1175.0,1200.0,1170.0,1200.0,48306,0.0,0.0
2022-08-04 00:00:00+09:00,1200.0,1215.0,1190.0,1205.0,59921,0.0,0.0
2022-08-05 00:00:00+09:00,1205.0,1310.0,1205.0,1290.0,299815,0.0,0.0
2022-08-08 00:00:00+09:00,1295.0,1335.0,1280.0,1320.0,200056,0.0,0.0
2022-08-09 00:00:00+09:00,1330.0,1515.0,1320.0,1385.0,2150599,0.0,0.0
2022-08-10 00:00:00+09:00,1420.0,1420.0,1350.0,1395.0,399545,0.0,0.0
2022-08-11 00:00:00+09:00,1395.0,1395.0,1350.0,1350.0,252217,0.0,0.0
2022-08-12 00:00:00+09:00,1330.0,1340.0,1225.0,1300.0,825658,0.0,0.0
2022-08-16 00:00:00+09:00,1290.0,1295.0,1260.0,1265.0,126176,0.0,0.0
2022-08-17 00:00:00+09:00,1265.0,1290.0,1245.0,1285.0,111752,0.0,0.0
2022-08-18 00:00:00+09:00,1285.0,1295.0,1235.0,1245.0,172989,0.0,0.0
2022-08-19 00:00:00+09:00,1250.0,1270.0,1210.0,1220.0,203259,0.0,0.0
2022-08-22 00:00:00+09:00,1215.0,1245.0,1200.0,1215.0,70359,0.0,0.0
2022-08-23 00:00:00+09:00,1195.0,1225.0,1195.0,1195.0,73811,0.0,0.0
2022-08-24 00:00:00+09:00,1170.0,1210.0,1150.0,1200.0,138819,0.0,0.0
2022-08-25 00:00:00+09:00,1210.0,1270.0,1190.0,1220.0,111059,0.0,0.0
2022-08-26 00:00:00+09:00,1230.0,1230.0,1215.0,1215.0,46724,0.0,0.0
2022-08-29 00:00:00+09:00,1210.0,1210.0,1170.0,1175.0,154771,0.0,0.0
2022-08-30 00:00:00+09:00,1155.0,1200.0,1155.0,1195.0,122287,0.0,0.0
2022-08-31 00:00:00+09:00,1205.0,1240.0,1190.0,1225.0,109385,0.0,0.0
2022-09-01 00:00:00+09:00,1225.0,1235.0,1190.0,1200.0,74320,0.0,0.0
2022-09-02 00:00:00+09:00,1185.0,1225.0,1180.0,1220.0,93665,0.0,0.0
2022-09-05 00:00:00+09:00,1215.0,1235.0,1185.0,1200.0,75523,0.0,0.0
2022-09-06 00:00:00+09:00,1195.0,1220.0,1180.0,1190.0,34955,0.0,0.0
2022-09-07 00:00:00+09:00,1200.0,1200.0,1155.0,1170.0,76489,0.0,0.0
2022-09-08 00:00:00+09:00,1175.0,1195.0,1155.0,1155.0,56859,0.0,0.0
2022-09-13 00:00:00+09:00,1180.0,1200.0,1165.0,1195.0,192342,0.0,0.0
2022-09-14 00:00:00+09:00,1205.0,1285.0,1165.0,1235.0,377497,0.0,0.0
2022-09-15 00:00:00+09:00,1240.0,1285.0,1230.0,1275.0,320405,0.0,0.0
2022-09-16 00:00:00+09:00,1265.0,1265.0,1195.0,1225.0,233204,0.0,0.0
2022-09-19 00:00:00+09:00,1225.0,1320.0,1220.0,1275.0,431327,0.0,0.0
2022-09-20 00:00:00+09:00,1280.0,1310.0,1240.0,1265.0,254640,0.0,0.0
2022-09-21 00:00:00+09:00,1265.0,1315.0,1230.0,1275.0,318311,0.0,0.0
2022-09-22 00:00:00+09:00,1275.0,1350.0,1270.0,1345.0,553356,0.0,0.0
2022-09-23 00:00:00+09:00,1340.0,1360.0,1290.0,1300.0,213750,0.0,0.0
2022-09-26 00:00:00+09:00,1300.0,1320.0,1240.0,1260.0,142466,0.0,0.0
2022-09-27 00:00:00+09:00,1275.0,1350.0,1270.0,1335.0,281327,0.0,0.0
2022-09-28 00:00:00+09:00,1335.0,1355.0,1250.0,1285.0,181330,0.0,0.0
2022-09-29 00:00:00+09:00,1265.0,1300.0,1260.0,1270.0,110649,0.0,0.0
2022-09-30 00:00:00+09:00,1235.0,1330.0,1235.0,1305.0,157237,0.0,0.0
2022-10-04 00:00:00+09:00,1295.0,1350.0,1295.0,1330.0,114809,0.0,0.0
2022-10-05 00:00:00+09:00,1330.0,1400.0,1315.0,1365.0,403799,0.0,0.0
2022-10-06 00:00:00+09:00,1370.0,1425.0,1365.0,1400.0,316257,0.0,0.0
2022-10-07 00:00:00+09:00,1400.0,1430.0,1320.0,1335.0,199717,0.0,0.0
2022-10-11 00:00:00+09:00,1305.0,1360.0,1235.0,1325.0,233790,0.0,0.0
2022-10-12 00:00:00+09:00,1310.0,1310.0,1260.0,1295.0,74397,0.0,0.0
2022-10-13 00:00:00+09:00,1285.0,1295.0,1240.0,1250.0,90986,0.0,0.0
2022-10-14 00:00:00+09:00,1255.0,1340.0,1255.0,1300.0,214406,0.0,0.0
2022-10-17 00:00:00+09:00,1300.0,1340.0,1285.0,1310.0,184267,0.0,0.0
2022-10-18 00:00:00+09:00,1330.0,1335.0,1270.0,1300.0,196074,0.0,0.0
2022-10-19 00:00:00+09:00,1300.0,1330.0,1275.0,1275.0,141066,0.0,0.0
2022-10-20 00:00:00+09:00,1300.0,1300.0,1230.0,1255.0,125813,0.0,0.0
2022-10-21 00:00:00+09:00,1255.0,1260.0,1230.0,1235.0,72162,0.0,0.0
2022-10-24 00:00:00+09:00,1245.0,1300.0,1240.0,1260.0,46637,0.0,0.0
2022-10-25 00:00:00+09:00,1260.0,1290.0,1260.0,1265.0,43461,0.0,0.0
2022-10-26 00:00:00+09:00,1265.0,1295.0,1240.0,1240.0,89797,0.0,0.0
2022-10-27 00:00:00+09:00,1260.0,1280.0,1240.0,1255.0,75397,0.0,0.0
2022-10-28 00:00:00+09:00,1255.0,1265.0,1215.0,1225.0,94786,0.0,0.0
2022-10-31 00:00:00+09:00,1230.0,1255.0,1195.0,1230.0,128905,0.0,0.0
2022-11-01 00:00:00+09:00,1255.0,1255.0,1210.0,1235.0,80086,0.0,0.0
2022-11-02 00:00:00+09:00,1245.0,1275.0,1235.0,1260.0,106945,0.0,0.0
2022-11-03 00:00:00+09:00,1260.0,1260.0,1225.0,1235.0,66452,0.0,0.0
2022-11-04 00:00:00+09:00,1230.0,1255.0,1205.0,1235.0,54895,0.0,0.0
2022-11-07 00:00:00+09:00,1265.0,1320.0,1250.0,1310.0,242691,0.0,0.0
2022-11-08 00:00:00+09:00,1310.0,1335.0,1305.0,1330.0,126172,0.0,0.0
2022-11-09 00:00:00+09:00,1330.0,1375.0,1300.0,1300.0,150160,0.0,0.0
2022-11-10 00:00:00+09:00,1295.0,1310.0,1270.0,1270.0,91777,0.0,0.0
2022-11-11 00:00:00+09:00,1270.0,1310.0,1255.0,1270.0,120902,0.0,0.0
2022-11-14 00:00:00+09:00,1270.0,1300.0,1255.0,1275.0,107252,0.0,0.0
2022-11-15 00:00:00+09:00,1285.0,1285.0,1200.0,1255.0,96977,0.0,0.0
2022-11-16 00:00:00+09:00,1245.0,1265.0,1230.0,1245.0,203529,0.0,0.0
2022-11-17 00:00:00+09:00,1235.0,1265.0,1235.0,1250.0,73211,0.0,0.0
2022-11-18 00:00:00+09:00,1250.0,1275.0,1240.0,1265.0,52580,0.0,0.0
2022-11-21 00:00:00+09:00,1260.0,1290.0,1230.0,1250.0,41453,0.0,0.0
2022-11-22 00:00:00+09:00,1230.0,1240.0,1190.0,1205.0,160976,0.0,0.0
2022-11-23 00:00:00+09:00,1210.0,1290.0,1210.0,1235.0,89080,0.0,0.0
2022-11-24 00:00:00+09:00,1245.0,1265.0,1245.0,1255.0,64649,0.0,0.0
2022-11-25 00:00:00+09:00,1255.0,1270.0,1235.0,1255.0,61580,0.0,0.0
2022-11-28 00:00:00+09:00,1260.0,1265.0,1235.0,1245.0,51218,0.0,0.0
2022-11-29 00:00:00+09:00,1225.0,1290.0,1225.0,1260.0,86581,0.0,0.0
2022-11-30 00:00:00+09:00,1275.0,1285.0,1250.0,1260.0,54394,0.0,0.0
2022-12-01 00:00:00+09:00,1270.0,1270.0,1240.0,1245.0,71417,0.0,0.0
2022-12-02 00:00:00+09:00,1245.0,1315.0,1235.0,1280.0,176376,0.0,0.0
2022-12-05 00:00:00+09:00,1280.0,1310.0,1280.0,1295.0,103546,0.0,0.0
2022-12-06 00:00:00+09:00,1280.0,1315.0,1260.0,1275.0,59222,0.0,0.0
2022-12-07 00:00:00+09:00,1265.0,1270.0,1205.0,1220.0,294432,0.0,0.0
2022-12-08 00:00:00+09:00,1210.0,1235.0,1205.0,1215.0,127530,0.0,0.0
2022-12-09 00:00:00+09:00,1220.0,1240.0,1210.0,1215.0,100863,0.0,0.0
2022-12-12 00:00:00+09:00,1230.0,1310.0,1230.0,1275.0,243226,0.0,0.0
2022-12-13 00:00:00+09:00,1275.0,1295.0,1245.0,1260.0,104628,0.0,0.0
2022-12-14 00:00:00+09:00,1280.0,1345.0,1270.0,1325.0,271165,0.0,0.0
2022-12-15 00:00:00+09:00,1325.0,1325.0,1245.0,1250.0,163015,0.0,0.0
2022-12-16 00:00:00+09:00,1250.0,1250.0,1225.0,1240.0,160790,0.0,0.0
2022-12-19 00:00:00+09:00,1240.0,1255.0,1220.0,1225.0,128494,0.0,0.0
2022-12-20 00:00:00+09:00,1225.0,1250.0,1180.0,1200.0,157123,0.0,0.0
2022-12-21 00:00:00+09:00,1200.0,1220.0,1170.0,1195.0,154257,0.0,0.0
2022-12-22 00:00:00+09:00,1195.0,1230.0,1150.0,1175.0,105159,0.0,0.0
2022-12-23 00:00:00+09:00,1175.0,1210.0,1115.0,1125.0,181887,0.0,0.0
2022-12-26 00:00:00+09:00,1115.0,1145.0,1110.0,1130.0,77214,0.0,0.0
2022-12-27 00:00:00+09:00,1125.0,1150.0,1090.0,1115.0,105743,0.0,0.0
2022-12-28 00:00:00+09:00,1140.0,1255.0,1110.0,1180.0,591268,0.0,0.0
2022-12-29 00:00:00+09:00,1190.0,1190.0,1090.0,1175.0,264675,0.0,0.0
2023-01-02 00:00:00+09:00,1170.0,1170.0,987.0,1035.0,544471,0.0,0.0
2023-01-03 00:00:00+09:00,1025.0,1040.0,983.0,1015.0,276990,0.0,0.0
2023-01-04 00:00:00+09:00,1015.0,1050.0,995.0,1020.0,186731,0.0,0.0
2023-01-05 00:00:00+09:00,1040.0,1050.0,993.0,1020.0,176805,0.0,0.0
2023-01-06 00:00:00+09:00,1020.0,1080.0,997.0,1035.0,263800,0.0,0.0
2023-01-09 00:00:00+09:00,1040.0,1060.0,1025.0,1040.0,87864,0.0,0.0
2023-01-10 00:00:00+09:00,1040.0,1085.0,1035.0,1070.0,127887,0.0,0.0
2023-01-11 00:00:00+09:00,1075.0,1140.0,1075.0,1140.0,178795,0.0,0.0
2023-01-12 00:00:00+09:00,1140.0,1170.0,1095.0,1110.0,175563,0.0,0.0
2023-01-13 00:00:00+09:00,1110.0,1110.0,1035.0,1075.0,232012,0.0,0.0
2023-01-16 00:00:00+09:00,1075.0,1075.0,1040.0,1055.0,292135,0.0,0.0
2023-01-17 00:00:00+09:00,1060.0,1065.0,1015.0,1020.0,92230,0.0,0.0
2023-01-18 00:00:00+09:00,1015.0,1030.0,1000.0,1000.0,127224,0.0,0.0
2023-01-19 00:00:00+09:00,1000.0,1055.0,984.0,1015.0,205160,0.0,0.0
2023-01-20 00:00:00+09:00,1005.0,1030.0,1005.0,1020.0,67016,0.0,0.0
2023-01-25 00:00:00+09:00,1020.0,1031.0,1010.0,1017.0,226911,0.0,0.0
2023-01-26 00:00:00+09:00,1019.0,1020.0,1013.0,1017.0,70621,0.0,0.0
2023-01-27 00:00:00+09:00,1022.0,1025.0,1010.0,1013.0,79236,0.0,0.0
2023-01-30 00:00:00+09:00,1013.0,1019.0,1000.0,1000.0,117471,0.0,0.0
2023-01-31 00:00:00+09:00,1006.0,1006.0,950.0,973.0,309059,0.0,0.0
2023-02-01 00:00:00+09:00,977.0,989.0,972.0,980.0,164109,0.0,0.0
2023-02-02 00:00:00+09:00,984.0,1030.0,983.0,1010.0,174495,0.0,0.0
2023-02-03 00:00:00+09:00,1011.0,1019.0,998.0,999.0,94244,0.0,0.0
2023-02-06 00:00:00+09:00,999.0,1000.0,977.0,985.0,184925,0.0,0.0
2023-02-07 00:00:00+09:00,975.0,992.0,965.0,986.0,149756,0.0,0.0
2023-02-08 00:00:00+09:00,986.0,996.0,955.0,963.0,218943,0.0,0.0
2023-02-09 00:00:00+09:00,963.0,966.0,880.0,914.0,324828,0.0,0.0
2023-02-10 00:00:00+09:00,918.0,957.0,906.0,921.0,367555,0.0,0.0
2023-02-13 00:00:00+09:00,921.0,928.0,901.0,925.0,227618,0.0,0.0
2023-02-14 00:00:00+09:00,922.0,947.0,907.0,930.0,202363,0.0,0.0
2023-02-15 00:00:00+09:00,926.0,948.0,885.0,942.0,520601,0.0,0.0
2023-02-16 00:00:00+09:00,924.0,930.0,900.0,929.0,230838,0.0,0.0
2023-02-17 00:00:00+09:00,928.0,928.0,901.0,917.0,148353,0.0,0.0
2023-02-20 00:00:00+09:00,916.0,916.0,900.0,909.0,60042,0.0,0.0
2023-02-21 00:00:00+09:00,909.0,910.0,886.0,905.0,153511,0.0,0.0
2023-02-22 00:00:00+09:00,905.0,905.0,881.0,892.0,197819,0.0,0.0
2023-02-23 00:00:00+09:00,892.0,900.0,875.0,885.0,151459,0.0,0.0
2023-02-24 00:00:00+09:00,894.0,897.0,856.0,870.0,313799,0.0,0.0
2023-02-27 00:00:00+09:00,866.0,869.0,831.0,846.0,227130,0.0,0.0
2023-02-28 00:00:00+09:00,839.0,852.0,798.0,798.0,416844,0.0,0.0
2023-03-02 00:00:00+09:00,811.0,896.0,808.0,865.0,762669,0.0,0.0
2023-03-03 00:00:00+09:00,868.0,950.0,868.0,886.0,369147,0.0,0.0
2023-03-06 00:00:00+09:00,895.0,901.0,846.0,900.0,193245,0.0,0.0
2023-03-07 00:00:00+09:00,900.0,902.0,859.0,881.0,100944,0.0,0.0
2023-03-08 00:00:00+09:00,881.0,881.0,839.0,845.0,139336,0.0,0.0
2023-03-09 00:00:00+09:00,845.0,845.0,806.0,819.0,97960,0.0,0.0
2023-03-10 00:00:00+09:00,811.0,820.0,791.0,816.0,213868,0.0,0.0
2023-03-13 00:00:00+09:00,816.0,816.0,779.0,793.0,197833,0.0,0.0
2023-03-14 00:00:00+09:00,793.0,793.0,748.0,753.0,127202,0.0,0.0
2023-03-15 00:00:00+09:00,753.0,771.0,753.0,768.0,121954,0.0,0.0
2023-03-16 00:00:00+09:00,772.0,978.0,720.0,788.0,2473838,0.0,0.0
2023-03-17 00:00:00+09:00,828.0,895.0,814.0,845.0,485553,0.0,0.0
2023-03-20 00:00:00+09:00,845.0,876.0,837.0,862.0,210827,0.0,0.0
2023-03-21 00:00:00+09:00,862.0,890.0,850.0,874.0,210412,0.0,0.0
2023-03-22 00:00:00+09:00,878.0,887.0,860.0,872.0,142662,0.0,0.0
2023-03-23 00:00:00+09:00,872.0,959.0,863.0,880.0,536372,0.0,0.0
2023-03-24 00:00:00+09:00,880.0,917.0,849.0,866.0,154614,0.0,0.0
2023-03-27 00:00:00+09:00,865.0,866.0,831.0,856.0,80404,0.0,0.0
2023-03-28 00:00:00+09:00,851.0,869.0,818.0,839.0,175259,0.0,0.0
2023-03-29 00:00:00+09:00,839.0,842.0,820.0,827.0,102603,0.0,0.0
2023-03-30 00:00:00+09:00,827.0,844.0,820.0,836.0,155264,0.0,0.0
2023-03-31 00:00:00+09:00,834.0,834.0,819.0,823.0,61144,0.0,0.0
2023-04-03 00:00:00+09:00,823.0,888.0,818.0,875.0,357131,0.0,0.0
2023-04-04 00:00:00+09:00,875.0,890.0,867.0,880.0,121623,0.0,0.0
2023-04-05 00:00:00+09:00,872.0,890.0,862.0,868.0,154281,0.0,0.0
2023-04-06 00:00:00+09:00,862.0,867.0,838.0,842.0,86077,0.0,0.0
2023-04-07 00:00:00+09:00,842.0,849.0,824.0,826.0,75065,0.0,0.0
2023-04-10 00:00:00+09:00,829.0,829.0,800.0,805.0,165439,0.0,0.0
2023-04-11 00:00:00+09:00,810.0,828.0,794.0,822.0,107539,0.0,0.0
2023-04-12 00:00:00+09:00,828.0,831.0,801.0,822.0,132328,0.0,0.0
2023-04-13 00:00:00+09:00,822.0,862.0,805.0,835.0,197386,0.0,0.0
2023-04-14 00:00:00+09:00,855.0,1085.0,837.0,1085.0,15726860,0.0,0.0
2023-04-17 00:00:00+09:00,1158.0,1225.0,1010.0,1101.0,20567600,0.0,0.0
2023-04-18 00:00:00+09:00,1101.0,1168.0,1039.0,1109.0,7360405,0.0,0.0
2023-04-19 00:00:00+09:00,1105.0,1129.0,1058.0,1072.0,2394007,0.0,0.0
2023-04-20 00:00:00+09:00,1087.0,1087.0,1017.0,1017.0,1119515,0.0,0.0
2023-04-21 00:00:00+09:00,1015.0,1061.0,996.0,1005.0,909061,0.0,0.0
2023-04-24 00:00:00+09:00,1005.0,1061.0,996.0,1033.0,1099682,0.0,0.0
2023-04-25 00:00:00+09:00,1032.0,1120.0,986.0,995.0,1782008,0.0,0.0
2023-04-26 00:00:00+09:00,996.0,1010.0,970.0,998.0,311299,0.0,0.0
2023-04-27 00:00:00+09:00,999.0,1006.0,960.0,962.0,340617,0.0,0.0
2023-04-28 00:00:00+09:00,962.0,973.0,920.0,933.0,428545,0.0,0.0
2023-05-02 00:00:00+09:00,933.0,1122.0,929.0,998.0,5145344,0.0,0.0
2023-05-03 00:00:00+09:00,991.0,1297.0,991.0,1297.0,14120880,0.0,0.0
2023-05-04 00:00:00+09:00,1300.0,1681.0,1195.0,1374.0,52758570,0.0,0.0
2023-05-08 00:00:00+09:00,1320.0,1326.0,1171.0,1188.0,5676565,0.0,0.0
2023-05-09 00:00:00+09:00,1220.0,1300.0,1153.0,1153.0,7678578,0.0,0.0
2023-05-10 00:00:00+09:00,1147.0,1246.0,1116.0,1173.0,5167406,0.0,0.0
2023-05-11 00:00:00+09:00,1173.0,1241.0,1155.0,1172.0,4170628,0.0,0.0
2023-05-12 00:00:00+09:00,1159.0,1170.0,1100.0,1130.0,1439057,0.0,0.0
2023-05-15 00:00:00+09:00,1130.0,1225.0,1106.0,1149.0,2995215,0.0,0.0
2023-05-16 00:00:00+09:00,1155.0,1326.0,1150.0,1214.0,11655330,0.0,0.0
2023-05-17 00:00:00+09:00,1272.0,1302.0,1196.0,1203.0,2727662,0.0,0.0
2023-05-18 00:00:00+09:00,1197.0,1300.0,1164.0,1241.0,4314205,0.0,0.0
2023-05-19 00:00:00+09:00,1298.0,1450.0,1235.0,1258.0,10857940,0.0,0.0
2023-05-22 00:00:00+09:00,1239.0,1253.0,1181.0,1219.0,1311382,0.0,0.0
2023-05-23 00:00:00+09:00,1219.0,1333.0,1190.0,1295.0,2878094,0.0,0.0
2023-05-24 00:00:00+09:00,1311.0,1354.0,1228.0,1228.0,2155179,0.0,0.0
2023-05-25 00:00:00+09:00,1228.0,1269.0,1210.0,1212.0,711775,0.0,0.0
2023-05-26 00:00:00+09:00,1212.0,1375.0,1206.0,1300.0,6094553,0.0,0.0
2023-05-30 00:00:00+09:00,1305.0,1450.0,1266.0,1276.0,6110342,0.0,0.0
2023-05-31 00:00:00+09:00,1276.0,1299.0,1249.0,1270.0,785345,0.0,0.0
2023-06-01 00:00:00+09:00,1270.0,1293.0,1260.0,1262.0,452625,0.0,0.0
2023-06-02 00:00:00+09:00,1258.0,1275.0,1241.0,1263.0,444596,0.0,0.0
2023-06-05 00:00:00+09:00,1275.0,1284.0,1234.0,1243.0,519402,0.0,0.0
2023-06-07 00:00:00+09:00,1243.0,1390.0,1236.0,1345.0,3897544,0.0,0.0
2023-06-08 00:00:00+09:00,1345.0,1345.0,1250.0,1270.0,1227633,0.0,0.0
2023-06-09 00:00:00+09:00,1273.0,1345.0,1273.0,1335.0,1308453,0.0,0.0
2023-06-12 00:00:00+09:00,1320.0,1320.0,1275.0,1307.0,651033,0.0,0.0
2023-06-13 00:00:00+09:00,1308.0,1345.0,1297.0,1307.0,656237,0.0,0.0
2023-06-14 00:00:00+09:00,1288.0,1319.0,1275.0,1303.0,580144,0.0,0.0
2023-06-15 00:00:00+09:00,1299.0,1360.0,1283.0,1329.0,1095371,0.0,0.0
2023-06-16 00:00:00+09:00,1343.0,1343.0,1285.0,1290.0,611890,0.0,0.0
2023-06-19 00:00:00+09:00,1290.0,1295.0,1254.0,1274.0,497538,0.0,0.0
2023-06-20 00:00:00+09:00,1266.0,1267.0,1140.0,1211.0,959942,0.0,0.0
2023-06-21 00:00:00+09:00,1211.0,1240.0,1181.0,1217.0,418548,0.0,0.0
2023-06-22 00:00:00+09:00,1217.0,1243.0,1210.0,1223.0,201627,0.0,0.0
2023-06-23 00:00:00+09:00,1223.0,1247.0,1203.0,1218.0,162396,0.0,0.0
2023-06-26 00:00:00+09:00,1218.0,1235.0,1188.0,1218.0,143238,0.0,0.0
2023-06-27 00:00:00+09:00,1218.0,1229.0,1213.0,1225.0,177880,0.0,0.0
2023-06-28 00:00:00+09:00,1225.0,1252.0,1215.0,1235.0,227631,0.0,0.0
2023-06-29 00:00:00+09:00,1235.0,1235.0,1177.0,1200.0,382101,0.0,0.0
2023-06-30 00:00:00+09:00,1195.0,1226.0,1180.0,1218.0,210993,0.0,0.0
2023-07-03 00:00:00+09:00,1225.0,1262.0,1222.0,1248.0,201639,0.0,0.0
2023-07-04 00:00:00+09:00,1249.0,1289.0,1249.0,1264.0,288576,0.0,0.0
2023-07-05 00:00:00+09:00,1270.0,1270.0,1208.0,1224.0,265063,0.0,0.0
2023-07-06 00:00:00+09:00,1223.0,1225.0,1167.0,1173.0,354332,0.0,0.0
2023-07-07 00:00:00+09:00,1173.0,1173.0,1112.0,1135.0,226942,0.0,0.0
2023-07-10 00:00:00+09:00,1135.0,1147.0,1120.0,1135.0,160048,0.0,0.0
2023-07-12 00:00:00+09:00,1133.0,1189.0,1128.0,1144.0,166598,0.0,0.0
2023-07-13 00:00:00+09:00,1152.0,1164.0,1133.0,1134.0,113420,0.0,0.0
2023-07-14 00:00:00+09:00,1134.0,1139.0,1050.0,1102.0,363388,0.0,0.0
2023-07-17 00:00:00+09:00,1102.0,1112.0,1053.0,1098.0,177129,0.0,0.0
2023-07-18 00:00:00+09:00,1104.0,1108.0,1044.0,1051.0,220747,0.0,0.0
2023-07-19 00:00:00+09:00,1051.0,1093.0,993.0,1051.0,266739,0.0,0.0
2023-07-20 00:00:00+09:00,1051.0,1124.0,1020.0,1115.0,227566,0.0,0.0
2023-07-21 00:00:00+09:00,1115.0,1120.0,1058.0,1068.0,230040,0.0,0.0
2023-07-24 00:00:00+09:00,1055.0,1055.0,992.0,1012.0,415744,0.0,0.0
2023-07-25 00:00:00+09:00,1004.0,1054.0,978.0,1000.0,253631,0.0,0.0
2023-07-26 00:00:00+09:00,980.0,1000.0,922.0,959.0,455407,0.0,0.0
2023-07-27 00:00:00+09:00,945.0,999.0,945.0,992.0,193788,0.0,0.0
2023-07-28 00:00:00+09:00,992.0,1016.0,983.0,1007.0,76445,0.0,0.0
2023-07-31 00:00:00+09:00,1008.0,1049.0,1007.0,1030.0,111249,0.0,0.0
2023-08-01 00:00:00+09:00,1041.0,1065.0,1000.0,1022.0,123840,0.0,0.0
2023-08-02 00:00:00+09:00,1022.0,1048.0,1012.0,1021.0,83950,0.0,0.0
2023-08-03 00:00:00+09:00,1000.0,1018.0,989.0,999.0,158822,0.0,0.0
2023-08-04 00:00:00+09:00,999.0,1032.0,988.0,1019.0,128265,0.0,0.0
2023-08-07 00:00:00+09:00,1019.0,1019.0,955.0,983.0,255871,0.0,0.0
2023-08-08 00:00:00+09:00,983.0,992.0,905.0,953.0,250378,0.0,0.0
2023-08-09 00:00:00+09:00,953.0,1005.0,953.0,1003.0,111706,0.0,0.0
2023-08-10 00:00:00+09:00,1007.0,1008.0,963.0,981.0,74030,0.0,0.0
2023-08-11 00:00:00+09:00,981.0,1000.0,963.0,971.0,106212,0.0,0.0
2023-08-14 00:00:00+09:00,967.0,967.0,925.0,950.0,190866,0.0,0.0
2023-08-16 00:00:00+09:00,947.0,947.0,888.0,928.0,177396,0.0,0.0
2023-08-17 00:00:00+09:00,901.0,915.0,892.0,914.0,100848,0.0,0.0
2023-08-18 00:00:00+09:00,904.0,910.0,889.0,903.0,122847,0.0,0.0
2023-08-21 00:00:00+09:00,903.0,950.0,903.0,929.0,216076,0.0,0.0
2023-08-22 00:00:00+09:00,929.0,945.0,866.0,925.0,127906,0.0,0.0
2023-08-23 00:00:00+09:00,925.0,925.0,873.0,920.0,198965,0.0,0.0
2023-08-24 00:00:00+09:00,911.0,920.0,885.0,915.0,128308,0.0,0.0
2023-08-25 00:00:00+09:00,915.0,920.0,888.0,888.0,63932,0.0,0.0
2023-08-28 00:00:00+09:00,888.0,904.0,878.0,885.0,103386,0.0,0.0
2023-08-29 00:00:00+09:00,885.0,946.0,884.0,901.0,247459,0.0,0.0
2023-08-30 00:00:00+09:00,910.0,920.0,901.0,914.0,67496,0.0,0.0
2023-08-31 00:00:00+09:00,919.0,921.0,894.0,905.0,68546,0.0,0.0
2023-09-01 00:00:00+09:00,947.0,947.0,906.0,912.0,86231,0.0,0.0
2023-09-04 00:00:00+09:00,904.0,920.0,890.0,913.0,124982,0.0,0.0
2023-09-05 00:00:00+09:00,915.0,915.0,893.0,900.0,111436,0.0,0.0
2023-09-06 00:00:00+09:00,897.0,900.0,872.0,888.0,136912,0.0,0.0
2023-09-07 00:00:00+09:00,888.0,895.0,866.0,869.0,102737,0.0,0.0
2023-09-08 00:00:00+09:00,867.0,869.0,851.0,865.0,107202,0.0,0.0
2023-09-11 00:00:00+09:00,865.0,881.0,862.0,869.0,76936,0.0,0.0
2023-09-12 00:00:00+09:00,869.0,1030.0,866.0,958.0,2714226,0.0,0.0
2023-09-13 00:00:00+09:00,956.0,1014.0,920.0,964.0,490224,0.0,0.0
2023-09-14 00:00:00+09:00,964.0,964.0,851.0,907.0,446915,0.0,0.0
2023-09-15 00:00:00+09:00,900.0,904.0,880.0,904.0,169555,0.0,0.0
2023-09-18 00:00:00+09:00,900.0,900.0,868.0,869.0,169511,0.0,0.0
2023-09-19 00:00:00+09:00,869.0,884.0,821.0,833.0,233187,0.0,0.0
2023-09-20 00:00:00+09:00,831.0,860.0,818.0,822.0,118308,0.0,0.0
2023-09-21 00:00:00+09:00,825.0,868.0,821.0,823.0,117692,0.0,0.0
2023-09-22 00:00:00+09:00,810.0,839.0,790.0,790.0,129313,0.0,0.0
2023-09-25 00:00:00+09:00,790.0,834.0,771.0,783.0,90103,0.0,0.0
2023-09-26 00:00:00+09:00,775.0,828.0,775.0,786.0,106611,0.0,0.0
2023-09-27 00:00:00+09:00,786.0,809.0,786.0,808.0,49978,0.0,0.0
2023-10-04 00:00:00+09:00,808.0,850.0,780.0,780.0,125380,0.0,0.0
2023-10-05 00:00:00+09:00,780.0,802.0,766.0,780.0,82936,0.0,0.0
2023-10-06 00:00:00+09:00,781.0,818.0,780.0,804.0,80704,0.0,0.0
2023-10-10 00:00:00+09:00,813.0,840.0,795.0,808.0,114976,0.0,0.0
2023-10-11 00:00:00+09:00,808.0,820.0,806.0,810.0,49267,0.0,0.0
2023-10-12 00:00:00+09:00,844.0,844.0,801.0,814.0,69749,0.0,0.0
2023-10-13 00:00:00+09:00,814.0,824.0,814.0,820.0,108844,0.0,0.0
2023-10-16 00:00:00+09:00,829.0,829.0,756.0,810.0,58287,0.0,0.0
2023-10-17 00:00:00+09:00,800.0,817.0,800.0,805.0,18056,0.0,0.0
2023-10-18 00:00:00+09:00,810.0,817.0,794.0,799.0,21672,0.0,0.0
2023-10-19 00:00:00+09:00,795.0,798.0,774.0,785.0,37421,0.0,0.0
2023-10-20 00:00:00+09:00,766.0,817.0,761.0,795.0,104013,0.0,0.0
2023-10-23 00:00:00+09:00,780.0,826.0,780.0,794.0,76122,0.0,0.0
2023-10-24 00:00:00+09:00,794.0,857.0,794.0,819.0,122689,0.0,0.0
2023-10-25 00:00:00+09:00,824.0,836.0,810.0,825.0,43298,0.0,0.0
2023-10-26 00:00:00+09:00,815.0,829.0,804.0,824.0,82275,0.0,0.0
2023-10-27 00:00:00+09:00,824.0,828.0,804.0,820.0,67831,0.0,0.0
2023-10-30 00:00:00+09:00,820.0,820.0,806.0,818.0,13229,0.0,0.0
2023-10-31 00:00:00+09:00,818.0,827.0,790.0,800.0,30993,0.0,0.0
2023-11-01 00:00:00+09:00,753.0,830.0,753.0,826.0,238830,0.0,0.0
2023-11-02 00:00:00+09:00,831.0,845.0,825.0,834.0,55861,0.0,0.0
2023-11-03 00:00:00+09:00,843.0,849.0,823.0,838.0,59280,0.0,0.0
2023-11-06 00:00:00+09:00,838.0,852.0,815.0,850.0,104594,0.0,0.0
2023-11-07 00:00:00+09:00,850.0,861.0,825.0,825.0,92169,0.0,0.0
2023-11-08 00:00:00+09:00,825.0,849.0,815.0,840.0,65653,0.0,0.0
2023-11-09 00:00:00+09:00,840.0,849.0,825.0,843.0,42760,0.0,0.0
2023-11-10 00:00:00+09:00,829.0,939.0,827.0,899.0,524443,0.0,0.0
2023-11-13 00:00:00+09:00,903.0,919.0,882.0,915.0,164129,0.0,0.0
2023-11-14 00:00:00+09:00,900.0,915.0,867.0,900.0,104886,0.0,0.0
2023-11-15 00:00:00+09:00,905.0,937.0,896.0,927.0,187583,0.0,0.0
2023-11-16 00:00:00+09:00,942.0,964.0,930.0,959.0,225865,0.0,0.0
2023-11-17 00:00:00+09:00,974.0,974.0,929.0,972.0,196675,0.0,0.0
2023-11-20 00:00:00+09:00,963.0,973.0,936.0,962.0,150372,0.0,0.0
2023-11-21 00:00:00+09:00,962.0,990.0,958.0,983.0,94127,0.0,0.0
2023-11-22 00:00:00+09:00,974.0,995.0,970.0,980.0,82549,0.0,0.0
2023-11-23 00:00:00+09:00,965.0,980.0,920.0,936.0,204350,0.0,0.0
2023-11-24 00:00:00+09:00,967.0,967.0,930.0,931.0,91195,0.0,0.0
2023-11-27 00:00:00+09:00,976.0,1000.0,932.0,988.0,122806,0.0,0.0
2023-11-28 00:00:00+09:00,988.0,988.0,925.0,940.0,140294,0.0,0.0
2023-11-29 00:00:00+09:00,932.0,988.0,920.0,947.0,100922,0.0,0.0
2023-11-30 00:00:00+09:00,948.0,965.0,920.0,959.0,72520,0.0,0.0
2023-12-01 00:00:00+09:00,959.0,959.0,930.0,940.0,95598,0.0,0.0
2023-12-04 00:00:00+09:00,940.0,982.0,927.0,963.0,153266,0.0,0.0
2023-12-05 00:00:00+09:00,963.0,969.0,950.0,961.0,34462,0.0,0.0
2023-12-06 00:00:00+09:00,951.0,980.0,950.0,960.0,57724,0.0,0.0
2023-12-07 00:00:00+09:00,960.0,970.0,920.0,931.0,52093,0.0,0.0
2023-12-08 00:00:00+09:00,931.0,960.0,931.0,947.0,37250,0.0,0.0
2023-12-11 00:00:00+09:00,948.0,970.0,947.0,969.0,39825,0.0,0.0
2023-12-12 00:00:00+09:00,976.0,980.0,955.0,969.0,50110,0.0,0.0
2023-12-13 00:00:00+09:00,980.0,986.0,916.0,951.0,81552,0.0,0.0
2023-12-14 00:00:00+09:00,946.0,951.0,900.0,900.0,145897,0.0,0.0
2023-12-15 00:00:00+09:00,900.0,925.0,880.0,900.0,210346,0.0,0.0
2023-12-18 00:00:00+09:00,940.0,947.0,910.0,930.0,77397,0.0,0.0
2023-12-19 00:00:00+09:00,940.0,948.0,910.0,929.0,59271,0.0,0.0
2023-12-20 00:00:00+09:00,929.0,964.0,920.0,930.0,65054,0.0,0.0
2023-12-21 00:00:00+09:00,930.0,940.0,898.0,913.0,114310,0.0,0.0
2023-12-22 00:00:00+09:00,923.0,946.0,908.0,929.0,103930,0.0,0.0
2023-12-26 00:00:00+09:00,929.0,957.0,905.0,923.0,104822,0.0,0.0
2023-12-27 00:00:00+09:00,906.0,958.0,850.0,911.0,101078,0.0,0.0
2023-12-28 00:00:00+09:00,911.0,934.0,911.0,920.0,41839,0.0,0.0
2024-01-02 00:00:00+09:00,920.0,931.0,866.0,920.0,64495,0.0,0.0
2024-01-03 00:00:00+09:00,920.0,934.0,900.0,911.0,90948,0.0,0.0
2024-01-04 00:00:00+09:00,920.0,920.0,899.0,910.0,94873,0.0,0.0
2024-01-05 00:00:00+09:00,919.0,923.0,900.0,914.0,68500,0.0,0.0
2024-01-08 00:00:00+09:00,923.0,932.0,917.0,932.0,41456,0.0,0.0
2024-01-09 00:00:00+09:00,923.0,937.0,923.0,932.0,46519,0.0,0.0
2024-01-10 00:00:00+09:00,932.0,932.0,895.0,917.0,17916,0.0,0.0
2024-01-11 00:00:00+09:00,926.0,929.0,895.0,912.0,41681,0.0,0.0
2024-01-12 00:00:00+09:00,921.0,930.0,860.0,910.0,65967,0.0,0.0
2024-01-15 00:00:00+09:00,910.0,914.0,902.0,910.0,42244,0.0,0.0
2024-01-16 00:00:00+09:00,919.0,919.0,868.0,909.0,36721,0.0,0.0
2024-01-17 00:00:00+09:00,871.0,920.0,871.0,895.0,54950,0.0,0.0
2024-01-19 00:00:00+09:00,925.0,925.0,895.0,902.0,20076,0.0,0.0
2024-01-22 00:00:00+09:00,902.0,911.0,870.0,870.0,136838,0.0,0.0
2024-01-23 00:00:00+09:00,878.0,923.0,874.0,890.0,72215,0.0,0.0
2024-01-24 00:00:00+09:00,899.0,905.0,875.0,880.0,28780,0.0,0.0
2024-01-25 00:00:00+09:00,879.0,880.0,851.0,862.0,34980,0.0,0.0
2024-01-26 00:00:00+09:00,862.0,881.0,854.0,872.0,45745,0.0,0.0
2024-01-29 00:00:00+09:00,869.0,872.0,824.0,847.0,263137,0.0,0.0
2024-01-30 00:00:00+09:00,847.0,847.0,810.0,821.0,186863,0.0,0.0
2024-01-31 00:00:00+09:00,821.0,834.0,810.0,810.0,91324,0.0,0.0
2024-02-01 00:00:00+09:00,810.0,826.0,781.0,781.0,129145,0.0,0.0
2024-02-02 00:00:00+09:00,781.0,800.0,777.0,783.0,132304,0.0,0.0
2024-02-05 00:00:00+09:00,783.0,799.0,776.0,792.0,82558,0.0,0.0
2024-02-06 00:00:00+09:00,792.0,810.0,788.0,807.0,76783,0.0,0.0
2024-02-07 00:00:00+09:00,807.0,807.0,787.0,787.0,76060,0.0,0.0
2024-02-08 00:00:00+09:00,787.0,798.0,783.0,795.0,48128,0.0,0.0
2024-02-13 00:00:00+09:00,795.0,846.0,795.0,819.0,96954,0.0,0.0
2024-02-14 00:00:00+09:00,819.0,850.0,812.0,822.0,44829,0.0,0.0
2024-02-15 00:00:00+09:00,822.0,856.0,821.0,843.0,39168,0.0,0.0
2024-02-16 00:00:00+09:00,843.0,843.0,811.0,814.0,89538,0.0,0.0
2024-02-19 00:00:00+09:00,814.0,822.0,809.0,816.0,52288,0.0,0.0
2024-02-20 00:00:00+09:00,816.0,848.0,808.0,845.0,72009,0.0,0.0
2024-02-21 00:00:00+09:00,845.0,861.0,827.0,834.0,56168,0.0,0.0
2024-02-22 00:00:00+09:00,834.0,834.0,810.0,812.0,46521,0.0,0.0
2024-02-23 00:00:00+09:00,812.0,812.0,792.0,808.0,119015,0.0,0.0
2024-02-26 00:00:00+09:00,808.0,815.0,781.0,809.0,35186,0.0,0.0
2024-02-27 00:00:00+09:00,801.0,805.0,794.0,798.0,20077,0.0,0.0
2024-02-28 00:00:00+09:00,792.0,826.0,788.0,803.0,73128,0.0,0.0
2024-02-29 00:00:00+09:00,805.0,829.0,803.0,811.0,81319,0.0,0.0
2024-03-04 00:00:00+09:00,811.0,850.0,810.0,840.0,132446,0.0,0.0
2024-03-05 00:00:00+09:00,840.0,858.0,833.0,843.0,52595,0.0,0.0
2024-03-06 00:00:00+09:00,843.0,847.0,830.0,845.0,73318,0.0,0.0
2024-03-07 00:00:00+09:00,837.0,849.0,810.0,818.0,82495,0.0,0.0
2024-03-08 00:00:00+09:00,818.0,827.0,804.0,811.0,52881,0.0,0.0
2024-03-11 00:00:00+09:00,811.0,831.0,788.0,812.0,55543,0.0,0.0
2024-03-12 00:00:00+09:00,812.0,826.0,788.0,790.0,41314,0.0,0.0
2024-03-13 00:00:00+09:00,790.0,820.0,789.0,797.0,34149,0.0,0.0
2024-03-14 00:00:00+09:00,797.0,850.0,780.0,793.0,211075,0.0,0.0
2024-03-15 00:00:00+09:00,793.0,799.0,777.0,779.0,83583,0.0,0.0
2024-03-18 00:00:00+09:00,777.0,789.0,776.0,786.0,50146,0.0,0.0
2024-03-19 00:00:00+09:00,786.0,805.0,786.0,793.0,45254,0.0,0.0
2024-03-20 00:00:00+09:00,793.0,793.0,781.0,790.0,54329,0.0,0.0
2024-03-21 00:00:00+09:00,792.0,805.0,774.0,789.0,156950,0.0,0.0
2024-03-22 00:00:00+09:00,796.0,808.0,788.0,795.0,81821,0.0,0.0
2024-03-25 00:00:00+09:00,795.0,818.0,787.0,810.0,92323,0.0,0.0
2024-03-26 00:00:00+09:00,811.0,837.0,797.0,799.0,67974,0.0,0.0
2024-03-27 00:00:00+09:00,799.0,805.0,792.0,804.0,59108,0.0,0.0
2024-03-28 00:00:00+09:00,804.0,818.0,797.0,800.0,63247,0.0,0.0
2024-03-29 00:00:00+09:00,800.0,816.0,795.0,795.0,104323,0.0,0.0
2024-04-01 00:00:00+09:00,795.0,804.0,790.0,801.0,165537,0.0,0.0
2024-04-02 00:00:00+09:00,800.0,800.0,790.0,793.0,94756,0.0,0.0
2024-04-03 00:00:00+09:00,793.0,817.0,787.0,797.0,109279,0.0,0.0
2024-04-04 00:00:00+09:00,797.0,808.0,795.0,803.0,83734,0.0,0.0
2024-04-05 00:00:00+09:00,803.0,807.0,772.0,795.0,99196,0.0,0.0
2024-04-08 00:00:00+09:00,797.0,830.0,785.0,796.0,120604,0.0,0.0
2024-04-09 00:00:00+09:00,795.0,808.0,786.0,788.0,45622,0.0,0.0
2024-04-11 00:00:00+09:00,788.0,788.0,774.0,778.0,61584,0.0,0.0
2024-04-12 00:00:00+09:00,778.0,784.0,775.0,776.0,67076,0.0,0.0
2024-04-15 00:00:00+09:00,757.0,782.0,751.0,775.0,92228,0.0,0.0
2024-04-16 00:00:00+09:00,775.0,777.0,740.0,762.0,115010,0.0,0.0
2024-04-17 00:00:00+09:00,762.0,767.0,740.0,764.0,73994,0.0,0.0
2024-04-18 00:00:00+09:00,764.0,776.0,758.0,769.0,53906,0.0,0.0
2024-04-19 00:00:00+09:00,767.0,768.0,745.0,767.0,81622,0.0,0.0
2024-04-22 00:00:00+09:00,752.0,760.0,747.0,747.0,47735,0.0,0.0
2024-04-23 00:00:00+09:00,747.0,754.0,735.0,735.0,42707,0.0,0.0
2024-04-24 00:00:00+09:00,736.0,743.0,729.0,736.0,96673,0.0,0.0
2024-04-25 00:00:00+09:00,738.0,747.0,732.0,740.0,45472,0.0,0.0
2024-04-26 00:00:00+09:00,740.0,745.0,711.0,720.0,111503,0.0,0.0
2024-04-29 00:00:00+09:00,721.0,756.0,721.0,754.0,40805,0.0,0.0
2024-04-30 00:00:00+09:00,754.0,770.0,732.0,740.0,78807,0.0,0.0
2024-05-02 00:00:00+09:00,740.0,758.0,735.0,735.0,58686,0.0,0.0
2024-05-03 00:00:00+09:00,735.0,754.0,735.0,741.0,46458,0.0,0.0
2024-05-07 00:00:00+09:00,740.0,766.0,739.0,758.0,92961,0.0,0.0
2024-05-08 00:00:00+09:00,758.0,766.0,755.0,765.0,46590,0.0,0.0
2024-05-09 00:00:00+09:00,765.0,787.0,758.0,758.0,49168,0.0,0.0
2024-05-10 00:00:00+09:00,758.0,776.0,748.0,748.0,58263,0.0,0.0
2024-05-13 00:00:00+09:00,788.0,788.0,748.0,760.0,73878,0.0,0.0
2024-05-14 00:00:00+09:00,761.0,786.0,761.0,782.0,151829,0.0,0.0
2024-05-16 00:00:00+09:00,782.0,825.0,755.0,760.0,176263,0.0,0.0
2024-05-17 00:00:00+09:00,761.0,788.0,752.0,754.0,110974,0.0,0.0
2024-05-20 00:00:00+09:00,754.0,758.0,737.0,758.0,208266,0.0,0.0
2024-05-21 00:00:00+09:00,758.0,758.0,724.0,724.0,100760,0.0,0.0
2024-05-22 00:00:00+09:00,720.0,730.0,712.0,720.0,152419,0.0,0.0
2024-05-23 00:00:00+09:00,720.0,725.0,679.0,693.0,176473,0.0,0.0
2024-05-24 00:00:00+09:00,693.0,708.0,690.0,690.0,128890,0.0,0.0
2024-05-27 00:00:00+09:00,690.0,690.0,652.0,670.0,143696,0.0,0.0
2024-05-28 00:00:00+09:00,670.0,683.0,654.0,670.0,90372,0.0,0.0
2024-05-29 00:00:00+09:00,669.0,669.0,619.0,644.0,236911,0.0,0.0
2024-05-30 00:00:00+09:00,644.0,656.0,642.0,646.0,68241,0.0,0.0
2024-05-31 00:00:00+09:00,640.0,646.0,631.0,631.0,62122,0.0,0.0
2024-06-03 00:00:00+09:00,631.0,656.0,623.0,652.0,71616,0.0,0.0
2024-06-04 00:00:00+09:00,652.0,652.0,636.0,641.0,68158,0.0,0.0
2024-06-05 00:00:00+09:00,640.0,833.0,636.0,833.0,3551212,0.0,0.0
2024-06-07 00:00:00+09:00,1002.0,1030.0,784.0,814.0,7055282,0.0,0.0
2024-06-10 00:00:00+09:00,808.0,808.0,761.0,763.0,411682,0.0,0.0
2024-06-11 00:00:00+09:00,763.0,962.0,759.0,894.0,8357649,0.0,0.0
2024-06-12 00:00:00+09:00,893.0,893.0,812.0,830.0,1265608,0.0,0.0
2024-06-13 00:00:00+09:00,830.0,830.0,779.0,802.0,676784,0.0,0.0
2024-06-14 00:00:00+09:00,801.0,801.0,769.0,774.0,422162,0.0,0.0
2024-06-17 00:00:00+09:00,767.0,776.0,730.0,745.0,337033,0.0,0.0
2024-06-18 00:00:00+09:00,745.0,757.0,708.0,733.0,231017,0.0,0.0
2024-06-19 00:00:00+09:00,725.0,730.0,680.0,709.0,264438,0.0,0.0
2024-06-20 00:00:00+09:00,702.0,719.0,685.0,715.0,226282,0.0,0.0
2024-06-21 00:00:00+09:00,715.0,725.0,676.0,700.0,185426,0.0,0.0
2024-06-24 00:00:00+09:00,694.0,728.0,694.0,724.0,164638,0.0,0.0
2024-06-25 00:00:00+09:00,723.0,723.0,705.0,707.0,100577,0.0,0.0
2024-06-26 00:00:00+09:00,701.0,719.0,697.0,697.0,125644,0.0,0.0
2024-06-27 00:00:00+09:00,696.0,730.0,682.0,706.0,134140,0.0,0.0
2024-06-28 00:00:00+09:00,698.0,722.0,686.0,695.0,149495,0.0,0.0
2024-07-01 00:00:00+09:00,690.0,715.0,690.0,700.0,90051,0.0,0.0
2024-07-02 00:00:00+09:00,693.0,715.0,660.0,663.0,117822,0.0,0.0
2024-07-03 00:00:00+09:00,663.0,678.0,655.0,663.0,109013,0.0,0.0
2024-07-04 00:00:00+09:00,657.0,680.0,650.0,656.0,113138,0.0,0.0
2024-07-05 00:00:00+09:00,652.0,698.0,611.0,676.0,135800,0.0,0.0
2024-07-08 00:00:00+09:00,670.0,683.0,629.0,665.0,97470,0.0,0.0
2024-07-09 00:00:00+09:00,661.0,667.0,631.0,662.0,82336,0.0,0.0
2024-07-10 00:00:00+09:00,662.0,662.0,650.0,655.0,42200,0.0,0.0
2024-07-11 00:00:00+09:00,657.0,693.0,646.0,647.0,97402,0.0,0.0
2024-07-12 00:00:00+09:00,647.0,668.0,590.0,604.0,413749,0.0,0.0
2024-07-15 00:00:00+09:00,606.0,618.0,600.0,610.0,170149,0.0,0.0
2024-07-16 00:00:00+09:00,612.0,613.0,598.0,603.0,90813,0.0,0.0
2024-07-17 00:00:00+09:00,610.0,615.0,599.0,600.0,74165,0.0,0.0
2024-07-18 00:00:00+09:00,602.0,607.0,585.0,597.0,109622,0.0,0.0
2024-07-19 00:00:00+09:00,591.0,597.0,582.0,585.0,69387,0.0,0.0
2024-07-22 00:00:00+09:00,585.0,587.0,564.0,566.0,94280,0.0,0.0
2024-07-23 00:00:00+09:00,566.0,639.0,561.0,582.0,473599,0.0,0.0
2024-07-24 00:00:00+09:00,582.0,586.0,570.0,578.0,71713,0.0,0.0
2024-07-25 00:00:00+09:00,587.0,595.0,573.0,573.0,47344,0.0,0.0
2024-07-26 00:00:00+09:00,599.0,739.0,570.0,662.0,7067778,0.0,0.0
2024-07-29 00:00:00+09:00,664.0,673.0,613.0,617.0,645796,0.0,0.0
2024-07-30 00:00:00+09:00,614.0,706.0,601.0,683.0,1446773,0.0,0.0
2024-07-31 00:00:00+09:00,683.0,685.0,640.0,657.0,311557,0.0,0.0
2024-08-01 00:00:00+09:00,685.0,685.0,620.0,647.0,191975,0.0,0.0
2024-08-02 00:00:00+09:00,646.0,646.0,596.0,603.0,212454,0.0,0.0
2024-08-05 00:00:00+09:00,603.0,609.0,530.0,587.0,224798,0.0,0.0
2024-08-06 00:00:00+09:00,584.0,604.0,570.0,585.0,159635,0.0,0.0
2024-08-07 00:00:00+09:00,592.0,617.0,578.0,589.0,87681,0.0,0.0
2024-08-08 00:00:00+09:00,589.0,615.0,561.0,575.0,150662,0.0,0.0
2024-08-09 00:00:00+09:00,575.0,605.0,574.0,580.0,92160,0.0,0.0
2024-08-12 00:00:00+09:00,592.0,624.0,584.0,603.0,102897,0.0,0.0
2024-08-13 00:00:00+09:00,620.0,620.0,591.0,596.0,90686,0.0,0.0
2024-08-14 00:00:00+09:00,596.0,623.0,594.0,596.0,32812,0.0,0.0
2024-08-16 00:00:00+09:00,622.0,774.0,622.0,774.0,2256628,0.0,0.0
2024-08-19 00:00:00+09:00,996.0,1006.0,881.0,1006.0,27481400,0.0,0.0
2024-08-20 00:00:00+09:00,960.0,1091.0,865.0,870.0,20533480,0.0,0.0
2024-08-21 00:00:00+09:00,892.0,946.0,772.0,805.0,6285164,0.0,0.0
2024-08-22 00:00:00+09:00,826.0,831.0,702.0,760.0,4044416,0.0,0.0
2024-08-23 00:00:00+09:00,774.0,775.0,697.0,738.0,1936341,0.0,0.0
