Date,Open,High,Low,Close,Volume,Dividends,Stock Splits
2013-02-19 00:00:00+09:00,12665.147131347658,13587.131022135418,11500.535900878907,11646.1123046875,4905175,0.0,0.0
2013-02-20 00:00:00+09:00,11888.739410525977,12276.943146379886,11646.112075617284,11791.6884765625,1289661,0.0,0.0
2013-02-21 00:00:00+09:00,11840.214528729839,12082.84187563004,11597.587181829636,12034.31640625,641031,0.0,0.0
2013-02-22 00:00:00+09:00,11888.73984375,12325.4690625,11791.68890625,12131.3671875,520713,0.0,0.0
2013-02-25 00:00:00+09:00,12228.41781496063,12616.62155511811,11985.790477362205,12325.46875,435246,0.0,0.0
2013-02-26 00:00:00+09:00,12325.46875,12519.57062007874,12082.841412401574,12325.46875,206727,0.0,0.0
2013-02-27 00:00:00+09:00,12325.4690625,12325.4690625,11888.73984375,12131.3671875,243240,0.0,0.0
2013-02-28 00:00:00+09:00,12131.366285454318,12276.942680879769,11937.26442488705,12082.8408203125,224640,0.0,0.0
2013-03-04 00:00:00+09:00,12082.84131952542,13393.028932486008,12082.84131952542,13004.8251953125,695783,0.0,0.0
2013-03-05 00:00:00+09:00,13198.927141853932,13247.45260928722,12762.197934954354,12956.2998046875,359600,0.0,0.0
2013-03-06 00:00:00+09:00,13101.876717032967,13926.80969551282,13004.825778388278,13247.453125,524511,0.0,0.0
2013-03-07 00:00:00+09:00,13101.875603693183,13684.181186079546,12907.773742897727,13344.5029296875,239642,0.0,0.0
2013-03-08 00:00:00+09:00,13441.553785241169,13684.18110988451,13198.926460597826,13393.0283203125,124693,0.0,0.0
2013-03-11 00:00:00+09:00,13538.604582796392,14363.537478522338,13393.02818943299,14120.91015625,473067,0.0,0.0
2013-03-12 00:00:00+09:00,14363.538149350648,15819.302150974027,14169.436282467532,14945.84375,654294,0.0,0.0
2013-03-13 00:00:00+09:00,15042.895072710397,15042.895072710397,14266.487585086634,14703.216796875,312620,0.0,0.0
2013-03-14 00:00:00+09:00,14606.166172397576,14751.742579431439,14315.01335832985,14509.115234375,130192,0.0,0.0
2013-03-15 00:00:00+09:00,14509.114796259631,14751.742133989726,14072.385588345462,14169.4365234375,191211,0.0,0.0
2013-03-18 00:00:00+09:00,13975.334883217995,14217.962224940527,13635.656604806445,14023.8603515625,122640,0.0,0.0
2013-03-19 00:00:00+09:00,13538.606526107238,13878.284826045414,12713.673511971672,13490.0810546875,833909,0.0,0.0
2013-03-20 00:00:00+09:00,13393.028839760638,14023.85990830009,13393.028839760638,13684.181640625,199765,0.0,0.0
2013-03-21 00:00:00+09:00,13829.759354625674,13829.759354625674,13490.0810546875,13490.0810546875,104952,0.0,0.0
2013-03-22 00:00:00+09:00,13490.08015568592,13684.182028429603,13198.927346570397,13441.5546875,152668,0.0,0.0
2013-03-25 00:00:00+09:00,13538.604582796392,14217.961085158935,13538.604582796392,14120.91015625,238390,0.0,0.0
2013-03-26 00:00:00+09:00,14120.91097949552,14315.01284862948,13829.75817579458,14217.9619140625,158560,0.0,0.0
2013-03-27 00:00:00+09:00,14072.385219520247,14169.436152068662,13684.181489326584,13781.232421875,123276,0.0,0.0
2013-03-28 00:00:00+09:00,13829.75796433304,13975.334363957598,13344.503298917845,13732.70703125,125318,0.0,0.0
2013-03-29 00:00:00+09:00,13684.18156470848,13878.283430874559,13393.028765459365,13732.70703125,127658,0.0,0.0
2013-04-01 00:00:00+09:00,13878.283901173285,13975.334837545126,13393.02921931408,13441.5546875,134033,0.0,0.0
2013-04-02 00:00:00+09:00,13441.55416498501,13587.130563883764,13004.824968288745,13150.4013671875,93263,0.0,0.0
2013-04-03 00:00:00+09:00,13150.401068892046,13441.553860085227,13150.401068892046,13344.5029296875,61894,0.0,0.0
2013-04-04 00:00:00+09:00,13198.9267578125,13344.503155876608,12665.146631577436,13198.9267578125,108641,0.0,0.0
2013-04-05 00:00:00+09:00,13295.978235554247,13295.978235554247,12810.723555424529,12859.2490234375,57260,0.0,0.0
2013-04-08 00:00:00+09:00,12713.672177810076,12956.299509447674,12519.5703125,12519.5703125,85848,0.0,0.0
2013-04-09 00:00:00+09:00,12373.993988630837,13004.8250547179,11937.264789032102,12471.044921875,144936,0.0,0.0
2013-04-10 00:00:00+09:00,12568.096600811297,12859.24941781851,12325.46925330529,12616.6220703125,63082,0.0,0.0
2013-04-11 00:00:00+09:00,12956.29950198916,13247.45229978667,12713.672170491236,13150.4013671875,65779,0.0,0.0
2013-04-12 00:00:00+09:00,13198.927655677655,13344.504063644688,12956.300309065935,13247.453125,92545,0.0,0.0
2013-04-15 00:00:00+09:00,13101.87582236842,14120.910608552631,13101.87582236842,13829.7578125,212914,0.0,0.0
2013-04-16 00:00:00+09:00,13587.13048245614,14120.910608552631,13587.13048245614,13829.7578125,139299,0.0,0.0
2013-04-17 00:00:00+09:00,13975.335039198606,14120.911445856926,13781.23316365418,13926.8095703125,84462,0.0,0.0
2013-04-18 00:00:00+09:00,13926.809369359205,14072.385773916967,13393.02921931408,13441.5546875,86157,0.0,0.0
2013-04-19 00:00:00+09:00,13732.707496615523,13732.707496615523,12907.774537454874,13441.5546875,115760,0.0,0.0
2013-04-22 00:00:00+09:00,13490.080350337543,14023.860508084712,13101.876599248693,13926.8095703125,116635,0.0,0.0
2013-04-23 00:00:00+09:00,14072.386013273412,14654.691641408863,13829.758668216973,14509.115234375,157447,0.0,0.0
2013-04-24 00:00:00+09:00,14606.166172397576,14751.742579431439,14266.487889318561,14509.115234375,114068,0.0,0.0
2013-04-25 00:00:00+09:00,14557.639573816445,14994.368761030939,14363.537712832225,14606.1650390625,282023,0.0,0.0
2013-04-26 00:00:00+09:00,14509.115234375,14751.742579431439,14266.487889318561,14509.115234375,128467,0.0,0.0
2013-04-29 00:00:00+09:00,14363.538827341137,14654.691641408863,14217.962420307274,14509.115234375,78203,0.0,0.0
2013-04-30 00:00:00+09:00,14509.11531302433,14848.79359794463,14315.013435927014,14460.58984375,105122,0.0,0.0
2013-05-02 00:00:00+09:00,14460.589922664141,14557.640861742424,14169.437105429293,14412.064453125,71315,0.0,0.0
2013-05-03 00:00:00+09:00,14606.166251572986,14606.166251572986,14169.437028104026,14460.58984375,44012,0.0,0.0
2013-05-06 00:00:00+09:00,14460.588792067309,15382.572641225963,14412.063326322115,15139.9453125,256150,0.0,0.0
2013-05-07 00:00:00+09:00,15334.048828125,15722.252595925633,15139.946944224685,15334.048828125,171091,0.0,0.0
2013-05-08 00:00:00+09:00,15479.6240234375,15625.200424911834,15091.42028617261,15479.6240234375,103106,0.0,0.0
2013-05-09 00:00:00+09:00,15334.04702428344,15528.14888535032,14945.843302149682,15236.99609375,119203,0.0,0.0
2013-05-10 00:00:00+09:00,15188.471556808774,15334.047961506622,14412.06406508692,14654.69140625,242154,0.0,0.0
2013-05-13 00:00:00+09:00,14654.691720847315,14654.691720847315,13975.335151006711,14460.58984375,95165,0.0,0.0
2013-05-14 00:00:00+09:00,14315.01332140135,14703.2170724902,12956.300192590374,13926.8095703125,421076,0.0,0.0
2013-05-15 00:00:00+09:00,13829.758710527754,14266.487932965472,13538.605895569275,13878.2841796875,112845,0.0,0.0
2013-05-16 00:00:00+09:00,13975.334653253425,14169.4365234375,13732.70731552333,14169.4365234375,58081,0.0,0.0
2013-05-20 00:00:00+09:00,14072.385588345462,14363.538393621575,13926.809185707405,14169.4365234375,69074,0.0,0.0
2013-05-21 00:00:00+09:00,14120.91097949552,14266.487381345989,13878.283643078072,14217.9619140625,58197,0.0,0.0
2013-05-22 00:00:00+09:00,14169.435620704468,14509.113871885738,14023.859227341065,14120.91015625,102904,0.0,0.0
2013-05-23 00:00:00+09:00,13975.334598214286,14169.436467633928,13295.978055245536,13587.130859375,131454,0.0,0.0
2013-05-24 00:00:00+09:00,13781.233883205936,13781.233883205936,13004.826340490108,13490.0810546875,223583,0.0,0.0
2013-05-27 00:00:00+09:00,13490.079848754447,13781.232651245551,13247.452513345195,13635.65625,42511,0.0,0.0
2013-05-28 00:00:00+09:00,13732.706880482456,13829.7578125,13247.452220394736,13829.7578125,79200,0.0,0.0
2013-05-29 00:00:00+09:00,13829.759354625674,13878.284826045414,13295.979169008542,13490.0810546875,93921,0.0,0.0
2013-05-30 00:00:00+09:00,13490.079624229753,13926.808820697623,13295.977759132922,13781.232421875,62831,0.0,0.0
2013-05-31 00:00:00+09:00,13732.70645623458,14994.368533485815,13732.70645623458,14751.7412109375,308981,0.0,0.0
2013-06-03 00:00:00+09:00,14606.16586092203,14994.36960473391,14509.114924969059,14703.216796875,94931,0.0,0.0
2013-06-04 00:00:00+09:00,14751.742264851486,14945.844136757425,14509.114924969059,14703.216796875,88856,0.0,0.0
2013-06-05 00:00:00+09:00,14606.166172397576,14800.268048442726,14266.487889318561,14509.115234375,57872,0.0,0.0
2013-06-07 00:00:00+09:00,14606.165510028814,14751.741910460994,13684.181640625,13684.181640625,76818,0.0,0.0
2013-06-10 00:00:00+09:00,13490.080426409528,13926.809648847247,13247.453080610796,13878.2841796875,120033,0.0,0.0
2013-06-11 00:00:00+09:00,14023.859830499117,14120.910763582157,13684.18156470848,13732.70703125,52875,0.0,0.0
2013-06-12 00:00:00+09:00,13732.706880482456,13878.283278508772,13587.13048245614,13829.7578125,41568,0.0,0.0
2013-06-13 00:00:00+09:00,13635.656030183349,13829.757895381688,12956.29950198916,13150.4013671875,121424,0.0,0.0
2013-06-14 00:00:00+09:00,13295.978235554247,13393.029171580189,12713.672619398585,12859.2490234375,62570,0.0,0.0
2013-06-17 00:00:00+09:00,12859.24949852196,12907.774968327703,12373.994800464527,12568.0966796875,58803,0.0,0.0
2013-06-18 00:00:00+09:00,12471.044261043233,13053.349829652256,12471.044261043233,12907.7734375,23191,0.0,0.0
2013-06-19 00:00:00+09:00,13101.876129605876,13295.977998192631,12616.621458138992,13004.8251953125,32478,0.0,0.0
2013-06-20 00:00:00+09:00,12665.146631577436,13198.9267578125,12519.570233513326,13198.9267578125,31268,0.0,0.0
2013-06-21 00:00:00+09:00,12713.673009314904,12859.24941781851,12519.571131310096,12616.6220703125,27476,0.0,0.0
2013-06-24 00:00:00+09:00,12762.197957677165,12762.197957677165,12276.943282480315,12325.46875,32186,0.0,0.0
2013-06-25 00:00:00+09:00,12034.315665409482,12228.417530980603,10578.551673626078,11257.908203125,120988,0.0,0.0
2013-06-26 00:00:00+09:00,11209.383122246696,11597.586866740088,10578.552037444933,11015.28125,111120,0.0,0.0
2013-06-27 00:00:00+09:00,11112.33143789557,11597.586085838608,11112.33143789557,11500.53515625,61341,0.0,0.0
2013-06-28 00:00:00+09:00,11646.112227697096,12082.841436235736,11646.112227697096,11694.6376953125,50329,0.0,0.0
2013-07-01 00:00:00+09:00,11597.586760081691,11888.739565774118,11500.535824850882,11694.6376953125,14923,0.0,0.0
2013-07-02 00:00:00+09:00,11743.1628670528,11840.213799838362,10918.229938375538,11257.908203125,120847,0.0,0.0
2013-07-03 00:00:00+09:00,11257.908052884615,11597.586313100961,10966.755258413461,11354.958984375,67020,0.0,0.0
2013-07-04 00:00:00+09:00,11549.06176030585,11549.06176030585,11063.80706449468,11403.4853515625,33165,0.0,0.0
2013-07-05 00:00:00+09:00,11549.060621044304,11791.687945015823,11403.484226661392,11500.53515625,38626,0.0,0.0
2013-07-08 00:00:00+09:00,11549.062085700758,11549.062085700758,11112.332847165855,11209.3837890625,13447,0.0,0.0
2013-07-09 00:00:00+09:00,11209.38288892663,11452.010224184782,10966.755553668478,11160.857421875,15722,0.0,0.0
2013-07-10 00:00:00+09:00,11209.38273673222,11403.48460230334,10918.229938375538,11257.908203125,45203,0.0,0.0
2013-07-11 00:00:00+09:00,11257.908561197917,11791.688708496094,11112.332157389323,11646.1123046875,66024,0.0,0.0
2013-07-12 00:00:00+09:00,11743.163397780987,11743.163397780987,11452.010586265757,11549.0615234375,17692,0.0,0.0
2013-07-15 00:00:00+09:00,11597.586085838608,11646.111550632912,11403.484226661392,11500.53515625,32145,0.0,0.0
2013-07-16 00:00:00+09:00,11549.060920033027,12034.315580538618,11549.060920033027,11937.2646484375,56057,0.0,0.0
2013-07-17 00:00:00+09:00,11985.7906281002,12325.46890500992,11791.688755580357,12228.41796875,46311,0.0,0.0
2013-07-18 00:00:00+09:00,12373.993765024039,12373.993765024039,11937.264573317309,11985.7900390625,16105,0.0,0.0
2013-07-19 00:00:00+09:00,12082.840970552885,12228.417367788461,11840.213641826924,11985.7900390625,17567,0.0,0.0
2013-07-22 00:00:00+09:00,12131.366222076997,13538.604703837927,11985.789827412073,12762.197265625,315040,0.0,0.0
2013-07-23 00:00:00+09:00,12616.621476715685,12956.299747242647,12373.994140625,12373.994140625,120172,0.0,0.0
2013-07-24 00:00:00+09:00,12325.469330658783,12810.724028716217,12228.418391047297,12568.0966796875,45496,0.0,0.0
2013-07-25 00:00:00+09:00,12373.994064331055,12519.57046508789,12082.841262817383,12422.51953125,60750,0.0,0.0
2013-07-26 00:00:00+09:00,12276.943282480315,12568.096087598426,12228.41781496063,12325.46875,24551,0.0,0.0
2013-07-29 00:00:00+09:00,12276.943226207386,12422.519628099173,11597.586684045713,11743.1630859375,62893,0.0,0.0
2013-07-30 00:00:00+09:00,11646.112425298805,12325.468983441235,11549.061488421314,12179.892578125,44084,0.0,0.0
2013-07-31 00:00:00+09:00,12276.942680879769,12276.942680879769,11791.688029461597,12082.8408203125,40424,0.0,0.0
2013-08-01 00:00:00+09:00,12082.841278452932,12179.89221241641,11791.6884765625,11791.6884765625,33617,0.0,0.0
2013-08-02 00:00:00+09:00,11888.73964436849,11888.73964436849,11549.061368815104,11646.1123046875,34482,0.0,0.0
2013-08-05 00:00:00+09:00,12179.891750596134,13198.926518574297,12034.315355170684,12082.8408203125,319430,0.0,0.0
2013-08-06 00:00:00+09:00,12276.943055386673,12665.146788363327,12082.841188898346,12471.044921875,112516,0.0,0.0
2013-08-07 00:00:00+09:00,12373.994645743534,12665.1474609375,12179.892768947557,12665.1474609375,79596,0.0,0.0
2013-08-08 00:00:00+09:00,12810.7236328125,13150.401910955256,12616.621759588068,12810.7236328125,147002,0.0,0.0
2013-08-09 00:00:00+09:00,12810.722805343512,13344.502922232825,12616.62094465649,12713.671875,52159,0.0,0.0
2013-08-12 00:00:00+09:00,12616.621458138992,13247.452531045943,12471.045056698928,13004.8251953125,98900,0.0,0.0
2013-08-13 00:00:00+09:00,12956.299728165812,13441.554399632696,12762.197859579059,13004.8251953125,77378,0.0,0.0
2013-08-14 00:00:00+09:00,13053.35035974839,13441.554087919347,12907.773961684283,13198.9267578125,70656,0.0,0.0
2013-08-16 00:00:00+09:00,13004.824893727022,13538.605019962086,13004.824893727022,13198.9267578125,43368,0.0,0.0
2013-08-19 00:00:00+09:00,13490.079631284594,13490.079631284594,12810.723103090406,13150.4013671875,52064,0.0,0.0
2013-08-20 00:00:00+09:00,13150.401061545803,13150.401061545803,12276.942688454199,12713.671875,71332,0.0,0.0
2013-08-21 00:00:00+09:00,12616.6220703125,12810.723948317307,12034.316436298077,12616.6220703125,83124,0.0,0.0
2013-08-22 00:00:00+09:00,12519.570777529763,12519.570777529763,12179.89250062004,12228.41796875,24663,0.0,0.0
2013-08-23 00:00:00+09:00,12179.892196655273,12665.146865844727,12179.892196655273,12422.51953125,37239,0.0,0.0
2013-08-26 00:00:00+09:00,12568.095990992304,13053.350662459188,12422.51958955224,13004.8251953125,55696,0.0,0.0
2013-08-27 00:00:00+09:00,12762.198164506392,13101.876442649147,12276.943481445312,12810.7236328125,55690,0.0,0.0
2013-08-28 00:00:00+09:00,12616.620870960076,12762.197265625,12325.468081630228,12762.197265625,59198,0.0,0.0
2013-08-29 00:00:00+09:00,12665.147539813703,13150.40223482572,12519.571131310096,12616.6220703125,73418,0.0,0.0
2013-08-30 00:00:00+09:00,12616.6206305583,12762.197022449358,12034.315062994072,12276.9423828125,85149,0.0,0.0
2013-09-02 00:00:00+09:00,12082.840526957758,12325.467846776186,12034.315062994072,12276.9423828125,21794,0.0,0.0
2013-09-03 00:00:00+09:00,12276.94359375,12422.52,12131.3671875,12131.3671875,21000,0.0,0.0
2013-09-04 00:00:00+09:00,12228.417444740853,12228.417444740853,11888.73918238694,11937.2646484375,59984,0.0,0.0
2013-09-05 00:00:00+09:00,11937.2646484375,12179.891978690293,11888.73918238694,11937.2646484375,22439,0.0,0.0
2013-09-06 00:00:00+09:00,11888.739107572115,12082.840970552885,11694.637244591346,11985.7900390625,41696,0.0,0.0
2013-09-09 00:00:00+09:00,11937.26442488705,12228.417215737953,11840.213494603413,12082.8408203125,41283,0.0,0.0
2013-09-10 00:00:00+09:00,11985.79070437002,12276.94351500249,11985.79070437002,12179.892578125,21884,0.0,0.0
2013-09-11 00:00:00+09:00,12082.841641247509,12373.99445187998,12034.316172808763,12179.892578125,28854,0.0,0.0
2013-09-12 00:00:00+09:00,12228.417663574219,12422.51953125,12082.841262817383,12422.51953125,43498,0.0,0.0
2013-09-13 00:00:00+09:00,12373.994140625,12422.519607843136,12228.417738970587,12373.994140625,22919,0.0,0.0
2013-09-16 00:00:00+09:00,12373.993988630837,12471.044921875,12228.417588764592,12471.044921875,39238,0.0,0.0
2013-09-17 00:00:00+09:00,12471.044998168945,12519.57046508789,12373.994064331055,12422.51953125,16337,0.0,0.0
2013-09-23 00:00:00+09:00,12519.5703125,12665.146711482557,12325.468447189922,12519.5703125,13732,0.0,0.0
2013-09-24 00:00:00+09:00,12568.096600811297,12665.147539813703,12373.99472280649,12616.6220703125,24281,0.0,0.0
2013-09-25 00:00:00+09:00,12519.57046508789,12665.146865844727,12325.46859741211,12422.51953125,30006,0.0,0.0
2013-09-26 00:00:00+09:00,12325.46859741211,12471.044998168945,12228.417663574219,12422.51953125,19743,0.0,0.0
2013-09-27 00:00:00+09:00,12568.096009497549,12568.096009497549,12373.994140625,12373.994140625,14401,0.0,0.0
2013-09-30 00:00:00+09:00,12325.46859741211,12422.51953125,12228.417663574219,12422.51953125,19370,0.0,0.0
2013-10-01 00:00:00+09:00,12422.518774703558,12616.6206305583,12034.315062994072,12276.9423828125,57788,0.0,0.0
2013-10-02 00:00:00+09:00,12373.99445187998,12373.99445187998,12131.367109686254,12179.892578125,18672,0.0,0.0
2013-10-04 00:00:00+09:00,12179.89190204327,12179.89190204327,11791.68817608173,11985.7900390625,17769,0.0,0.0
2013-10-07 00:00:00+09:00,11937.264724170918,11985.790190529337,11694.637392378827,11888.7392578125,50642,0.0,0.0
2013-10-08 00:00:00+09:00,11840.213494603413,12082.8408203125,11743.162564319779,12082.8408203125,26405,0.0,0.0
2013-10-10 00:00:00+09:00,11985.790267193905,12131.366667200307,11840.2138671875,11840.2138671875,19148,0.0,0.0
2013-10-11 00:00:00+09:00,11888.73984375,12131.3671875,11840.214375,12131.3671875,30587,0.0,0.0
2013-10-14 00:00:00+09:00,12179.89205596301,12228.417522321428,11888.7392578125,11888.7392578125,28615,0.0,0.0
2013-10-15 00:00:00+09:00,12131.366512639735,12131.366512639735,11840.213716336382,11937.2646484375,33042,0.0,0.0
2013-10-16 00:00:00+09:00,11937.2646484375,12082.841046589176,11257.908123729674,11937.2646484375,59094,0.0,0.0
2013-10-17 00:00:00+09:00,12034.315889721074,12034.315889721074,11597.586684045713,11743.1630859375,49831,0.0,0.0
2013-10-18 00:00:00+09:00,11743.163397780987,11791.68886636686,11500.53605485163,11549.0615234375,28366,0.0,0.0
2013-10-21 00:00:00+09:00,11549.061368815104,11694.637772623699,11403.484965006512,11646.1123046875,19406,0.0,0.0
2013-10-22 00:00:00+09:00,11403.48515625,12131.3671875,11403.48515625,12131.3671875,53317,0.0,0.0
2013-10-23 00:00:00+09:00,12034.315355170684,12373.993611163403,12034.315355170684,12082.8408203125,66031,0.0,0.0
2013-10-24 00:00:00+09:00,12228.417151853611,12762.197265625,12034.31529230038,12762.197265625,107035,0.0,0.0
2013-10-25 00:00:00+09:00,12859.248270515267,12859.248270515267,12568.095479484733,12713.671875,39505,0.0,0.0
2013-10-28 00:00:00+09:00,12568.096600811297,12859.24941781851,12276.943783804087,12616.6220703125,34265,0.0,0.0
2013-10-29 00:00:00+09:00,12519.569725093985,13053.349829652256,12325.467868890977,12907.7734375,120299,0.0,0.0
2013-10-30 00:00:00+09:00,13053.350509982638,13101.8759765625,12665.146777343749,13101.8759765625,44395,0.0,0.0
2013-10-31 00:00:00+09:00,13053.3515625,13150.40250348513,12859.24968052974,13053.3515625,31208,0.0,0.0
2013-11-01 00:00:00+09:00,13053.35097434304,13150.401910955256,12762.198164506392,12810.7236328125,32652,0.0,0.0
2013-11-04 00:00:00+09:00,12810.723868534484,12810.723868534484,12373.994645743534,12665.1474609375,31032,0.0,0.0
2013-11-05 00:00:00+09:00,12519.57054227941,12810.723345588234,12179.892271752451,12373.994140625,33913,0.0,0.0
2013-11-06 00:00:00+09:00,12276.943436879961,12373.994373139882,12082.84156436012,12228.41796875,35862,0.0,0.0
2013-11-07 00:00:00+09:00,12179.891750596134,12422.519076305221,12082.8408203125,12082.8408203125,18073,0.0,0.0
2013-11-08 00:00:00+09:00,12131.366285454318,12422.519076305221,11937.26442488705,12082.8408203125,22741,0.0,0.0
2013-11-11 00:00:00+09:00,12131.36698404948,12131.36698404948,11646.1123046875,11646.1123046875,42065,0.0,0.0
2013-11-12 00:00:00+09:00,11937.265033389524,11937.265033389524,11597.586760081691,11694.6376953125,19098,0.0,0.0
2013-11-13 00:00:00+09:00,11743.1630859375,11888.739487829287,11549.06121674845,11743.1630859375,27918,0.0,0.0
2013-11-14 00:00:00+09:00,11646.112000512296,11840.2138671875,11549.061067174693,11840.2138671875,16845,0.0,0.0
2013-11-15 00:00:00+09:00,11888.739803538603,11888.739803538603,11500.53605485163,11549.0615234375,63788,0.0,0.0
2013-11-18 00:00:00+09:00,12519.57032047194,13101.875916772959,11791.688325095663,11888.7392578125,377193,0.0,0.0
2013-11-19 00:00:00+09:00,11840.214176432291,12082.841516113282,11549.061368815104,11646.1123046875,86287,0.0,0.0
2013-11-20 00:00:00+09:00,11597.586836751303,11937.265112304689,11597.586836751303,11646.1123046875,25733,0.0,0.0
2013-11-21 00:00:00+09:00,11646.112460609243,11743.163397780987,11354.959649094013,11549.0615234375,28515,0.0,0.0
2013-11-22 00:00:00+09:00,11500.53605485163,11694.637929195116,11452.010586265757,11549.0615234375,34168,0.0,0.0
2013-11-25 00:00:00+09:00,11549.061368815104,11840.214176432291,11452.010432942709,11646.1123046875,23761,0.0,0.0
2013-11-26 00:00:00+09:00,11646.112075617284,11840.213943544239,11646.112075617284,11791.6884765625,41413,0.0,0.0
2013-11-27 00:00:00+09:00,11791.688708496094,11888.73964436849,11597.586836751303,11646.1123046875,15997,0.0,0.0
2013-11-28 00:00:00+09:00,11646.112075617284,11791.6884765625,11452.01020769033,11791.6884765625,40955,0.0,0.0
2013-11-29 00:00:00+09:00,11597.586836751303,11888.73964436849,11500.535900878907,11646.1123046875,62154,0.0,0.0
2013-12-02 00:00:00+09:00,11840.213716336382,11937.2646484375,11646.111852134145,11937.2646484375,52730,0.0,0.0
2013-12-03 00:00:00+09:00,11840.213943544239,11985.790344489455,11646.112075617284,11791.6884765625,25003,0.0,0.0
2013-12-04 00:00:00+09:00,11743.16248022152,11840.213409810127,11500.53515625,11500.53515625,34814,0.0,0.0
2013-12-05 00:00:00+09:00,11646.111856223177,11646.111856223177,11306.43359375,11306.43359375,35806,0.0,0.0
2013-12-06 00:00:00+09:00,11209.382587139424,11500.535381610578,10966.755258413461,11354.958984375,49421,0.0,0.0
2013-12-09 00:00:00+09:00,11306.433669517779,11403.48460230334,10869.704471982757,11257.908203125,78433,0.0,0.0
2013-12-10 00:00:00+09:00,11257.908669800885,11257.908669800885,10772.653985757743,10966.755859375,35977,0.0,0.0
2013-12-11 00:00:00+09:00,10966.756257070136,11112.332667562217,10627.077965921946,10724.12890625,32544,0.0,0.0
2013-12-12 00:00:00+09:00,10627.077072975853,10966.755335582387,10481.50067471591,10675.6025390625,26010,0.0,0.0
2013-12-13 00:00:00+09:00,11063.805885416667,11063.805885416667,10675.602170138889,10918.2294921875,8443,0.0,0.0
2013-12-16 00:00:00+09:00,10966.756257070136,10966.756257070136,10578.552495757918,10724.12890625,17062,0.0,0.0
2013-12-17 00:00:00+09:00,10724.127389171512,10724.127389171512,10287.398219476743,10432.974609375,45051,0.0,0.0
2013-12-18 00:00:00+09:00,10287.39888341895,10821.179014162386,10190.347950556506,10627.0771484375,28508,0.0,0.0
2013-12-19 00:00:00+09:00,10627.077965921946,10966.756257070136,10578.552495757918,10724.12890625,40255,0.0,0.0
2013-12-20 00:00:00+09:00,10627.076850651625,10966.755106151906,10578.551385580156,10821.1787109375,15680,0.0,0.0
2013-12-23 00:00:00+09:00,10772.654376414028,10918.23078690611,10627.077965921946,10724.12890625,19195,0.0,0.0
2013-12-24 00:00:00+09:00,10772.653834292763,11112.33210834704,10481.501027960527,11063.806640625,36744,0.0,0.0
2013-12-26 00:00:00+09:00,11063.806337553879,11257.908203125,10918.229938375538,11257.908203125,16653,0.0,0.0
2013-12-27 00:00:00+09:00,11160.857270339438,11306.433669517779,11112.33180394666,11257.908203125,21062,0.0,0.0
2013-12-30 00:00:00+09:00,11160.858003656915,11403.4853515625,11160.858003656915,11403.4853515625,4183,0.0,0.0
2014-01-02 00:00:00+09:00,11500.53577033297,11500.53577033297,11112.33203125,11112.33203125,9247,0.0,0.0
2014-01-03 00:00:00+09:00,11063.806487771739,11209.38288892663,11015.28102072011,11160.857421875,8136,0.0,0.0
2014-01-06 00:00:00+09:00,11160.857654185022,11209.383122246696,11015.28125,11015.28125,4090,0.0,0.0
2014-01-07 00:00:00+09:00,11063.806640625,11112.33210834704,10821.179302014802,11063.806640625,10748,0.0,0.0
2014-01-08 00:00:00+09:00,10966.755859375,11063.806796183628,10724.128517353429,10966.755859375,14863,0.0,0.0
2014-01-09 00:00:00+09:00,10821.17863682338,10918.229566301618,10724.127707345144,10869.7041015625,15806,0.0,0.0
2014-01-10 00:00:00+09:00,10821.17863682338,10966.755031040737,10578.55131312779,10869.7041015625,18625,0.0,0.0
2014-01-13 00:00:00+09:00,10869.704845814978,11112.332186123349,10821.179377753304,11015.28125,7537,0.0,0.0
2014-01-14 00:00:00+09:00,11015.281327779314,11112.332264587942,10918.230390970686,10966.755859375,10908,0.0,0.0
2014-01-15 00:00:00+09:00,10966.756176097973,11209.38352512669,10675.603357263513,10772.654296875,27812,0.0,0.0
2014-01-16 00:00:00+09:00,10724.128517353429,10966.755859375,10724.128517353429,10966.755859375,20249,0.0,0.0
2014-01-17 00:00:00+09:00,11160.857732992257,11160.857732992257,10966.755859375,10966.755859375,10187,0.0,0.0
2014-01-20 00:00:00+09:00,10918.2294921875,11112.331349826389,10821.178563368056,10918.2294921875,14735,0.0,0.0
2014-01-21 00:00:00+09:00,10821.1787109375,10966.755106151906,10675.602315723094,10821.1787109375,23322,0.0,0.0
2014-01-22 00:00:00+09:00,10821.1787109375,11015.280571223375,10772.653245866031,10821.1787109375,11100,0.0,0.0
2014-01-23 00:00:00+09:00,10966.755629093886,11160.85749863537,10821.179226937773,11112.33203125,21330,0.0,0.0
2014-01-24 00:00:00+09:00,11112.33210834704,11209.383043791118,10869.704769736842,11063.806640625,11345,0.0,0.0
2014-01-27 00:00:00+09:00,10675.602242606026,11112.331425258091,10578.55131312779,10869.7041015625,41418,0.0,0.0
2014-01-28 00:00:00+09:00,10821.17863682338,11015.280495779854,10772.653172084263,10869.7041015625,6441,0.0,0.0
2014-01-29 00:00:00+09:00,10869.704769736842,11257.908511513158,10772.653834292763,11063.806640625,51498,0.0,0.0
2014-02-03 00:00:00+09:00,10918.229938375538,11306.433669517779,10821.179005589978,11257.908203125,44736,0.0,0.0
2014-02-04 00:00:00+09:00,11112.332186123349,11549.061398678414,10918.230313876653,11015.28125,57010,0.0,0.0
2014-02-05 00:00:00+09:00,11063.806487771739,11354.95929008152,10966.755553668478,11160.857421875,32664,0.0,0.0
2014-02-06 00:00:00+09:00,11306.43382302989,11403.484757133152,10966.755553668478,11160.857421875,22294,0.0,0.0
2014-02-07 00:00:00+09:00,11112.33210834704,11306.433979235197,10918.230237458882,11063.806640625,24342,0.0,0.0
2014-02-10 00:00:00+09:00,11015.280801669034,11112.33173384233,10627.077072975853,10675.6025390625,57895,0.0,0.0
2014-02-11 00:00:00+09:00,10772.654376414028,10772.654376414028,10627.077965921946,10724.12890625,14499,0.0,0.0
2014-02-12 00:00:00+09:00,10821.179846578054,10821.179846578054,10675.603436085974,10724.12890625,6465,0.0,0.0
2014-02-13 00:00:00+09:00,10724.128005149149,10821.178937322444,10675.6025390625,10675.6025390625,5498,0.0,0.0
2014-02-14 00:00:00+09:00,10675.602170138889,10918.2294921875,10675.602170138889,10918.2294921875,16842,0.0,0.0
2014-02-17 00:00:00+09:00,10918.229566301618,10918.229566301618,10675.602242606026,10869.7041015625,10990,0.0,0.0
2014-02-18 00:00:00+09:00,10772.653471235795,10821.178937322444,10627.077072975853,10675.6025390625,10613,0.0,0.0
2014-02-19 00:00:00+09:00,10627.077224591456,10724.12815814937,10432.97535747563,10578.5517578125,28736,0.0,0.0
2014-02-20 00:00:00+09:00,10481.5009765625,10627.077379014758,10287.399106626157,10481.5009765625,30094,0.0,0.0
2014-02-21 00:00:00+09:00,10432.974609375,10530.025535973837,10190.347292877907,10432.974609375,25365,0.0,0.0
2014-02-24 00:00:00+09:00,10481.501210387325,10530.026678953933,10238.873867554285,10335.9248046875,27571,0.0,0.0
2014-02-25 00:00:00+09:00,10481.500749143835,10627.0771484375,10335.924349850171,10627.0771484375,21006,0.0,0.0
2014-02-26 00:00:00+09:00,10627.077379014758,10675.602846498843,10335.924574110244,10481.5009765625,19406,0.0,0.0
2014-02-27 00:00:00+09:00,10627.077616087148,10627.077616087148,10238.873867554285,10335.9248046875,27135,0.0,0.0
2014-02-28 00:00:00+09:00,10384.450351931015,10432.975820865271,10190.348476193985,10287.3994140625,15186,0.0,0.0
2014-03-03 00:00:00+09:00,10287.399336120892,10481.501210387325,10238.873867554285,10335.9248046875,20825,0.0,0.0
2014-03-04 00:00:00+09:00,10335.924727110105,10481.50113171729,10287.39925890771,10384.4501953125,27411,0.0,0.0
2014-03-05 00:00:00+09:00,10481.501555429864,10772.654376414028,10481.501555429864,10724.12890625,59751,0.0,0.0
2014-03-06 00:00:00+09:00,10578.5517578125,10772.653624928325,10530.026291033544,10578.5517578125,31713,0.0,0.0
2014-03-07 00:00:00+09:00,10675.60276857719,10675.60276857719,10335.924498667915,10530.0263671875,38464,0.0,0.0
2014-03-10 00:00:00+09:00,10530.0263671875,10530.0263671875,10287.39903153802,10530.0263671875,25579,0.0,0.0
2014-03-11 00:00:00+09:00,10578.55206812208,10675.603004526869,10335.924727110105,10384.4501953125,22555,0.0,0.0
2014-03-12 00:00:00+09:00,10335.9248046875,10432.975741820715,10190.348398987677,10335.9248046875,47849,0.0,0.0
2014-03-13 00:00:00+09:00,10335.924349850171,10675.602614868722,10335.924349850171,10627.0771484375,45856,0.0,0.0
2014-03-14 00:00:00+09:00,10578.551606889205,10821.178937322444,10432.975208629261,10675.6025390625,38375,0.0,0.0
2014-03-17 00:00:00+09:00,10772.654021786971,10772.654021786971,10093.29746185446,10335.9248046875,45234,0.0,0.0
2014-03-18 00:00:00+09:00,10384.450273254108,10384.450273254108,10141.822930421069,10335.9248046875,27971,0.0,0.0
2014-03-19 00:00:00+09:00,10238.874182304127,10287.399652362441,10141.8232421875,10141.8232421875,27863,0.0,0.0
2014-03-20 00:00:00+09:00,10141.822807085397,10238.873743038366,9705.09359529703,9802.14453125,46150,0.0,0.0
2014-03-21 00:00:00+09:00,9899.195091011597,9899.195091011597,9219.838565157861,9413.9404296875,76719,0.0,0.0
2014-03-24 00:00:00+09:00,9307.18470908717,9520.696767064144,8967.506435032894,9219.8388671875,141323,0.0,0.0
2014-03-25 00:00:00+09:00,9336.300765024664,9433.351708528038,9122.788689317238,9346.005859375,64553,0.0,0.0
2014-03-26 00:00:00+09:00,9346.004747178818,9433.3505859375,9307.184374397184,9433.3505859375,18130,0.0,0.0
2014-03-27 00:00:00+09:00,9452.760520017062,9802.143865726111,9346.004497717075,9598.3369140625,25641,0.0,0.0
2014-03-28 00:00:00+09:00,9598.337718750001,9850.67015625,9462.46640625,9705.09375,19242,0.0,0.0
2014-03-31 00:00:00+09:00,9802.144766802763,9802.144766802763,9559.517421089824,9656.568359375,20955,0.0,0.0
2014-04-01 00:00:00+09:00,9753.6182964279,9753.6182964279,9569.221532614834,9666.2724609375,26305,0.0,0.0
2014-04-02 00:00:00+09:00,9753.619140625,9753.619140625,9549.812173507462,9753.619140625,17350,0.0,0.0
2014-04-03 00:00:00+09:00,9675.977762816638,9753.618507152176,9530.4013671875,9530.4013671875,26793,0.0,0.0
2014-04-04 00:00:00+09:00,9608.0428125,9705.09375,9481.87659375,9705.09375,12376,0.0,0.0
2014-04-07 00:00:00+09:00,9656.56828125,9753.61921875,9608.0428125,9705.09375,15646,0.0,0.0
2014-04-08 00:00:00+09:00,9753.619140625,9753.619140625,9588.632548196518,9753.619140625,7903,0.0,0.0
2014-04-09 00:00:00+09:00,9850.670203971289,9850.670203971289,9608.042859045887,9675.978515625,4063,0.0,0.0
2014-04-10 00:00:00+09:00,9675.978314511138,9850.669999226486,9608.042659344059,9802.14453125,29841,0.0,0.0
2014-04-11 00:00:00+09:00,9753.618986684114,9899.195389470444,9608.042583897783,9850.669921875,14896,0.0,0.0
2014-04-14 00:00:00+09:00,9850.669921875,9899.195389470444,9685.683332050492,9850.669921875,31472,0.0,0.0
2014-04-15 00:00:00+09:00,9753.6178085179,10093.29604065534,9753.6178085179,9996.2451171875,40683,0.0,0.0
2014-04-16 00:00:00+09:00,10093.297772129186,10190.348712245814,9947.721361954247,10141.8232421875,14153,0.0,0.0
2014-04-17 00:00:00+09:00,10141.822117520735,10238.873046875,9996.245723489337,10238.873046875,24577,0.0,0.0
2014-04-18 00:00:00+09:00,10141.822807085397,10238.873743038366,9802.14453125,9802.14453125,63053,0.0,0.0
2014-04-21 00:00:00+09:00,9850.67015625,9850.67015625,9646.8631875,9705.09375,45365,0.0,0.0
2014-04-22 00:00:00+09:00,9656.568375094315,9753.619313537474,9637.158187405685,9646.86328125,23288,0.0,0.0
2014-04-23 00:00:00+09:00,9705.09400406504,9753.619474085366,9549.8125,9549.8125,28705,0.0,0.0
2014-04-24 00:00:00+09:00,9656.567471680675,9656.567471680675,9540.106356444325,9598.3369140625,8945,0.0,0.0
2014-04-25 00:00:00+09:00,9705.093672263682,10044.77195079291,9617.74782921331,9753.619140625,115867,0.0,0.0
2014-04-28 00:00:00+09:00,9899.19546720297,10044.771871132425,9695.388501701733,9802.14453125,68193,0.0,0.0
2014-04-29 00:00:00+09:00,9753.618266807052,9802.143730821017,9627.45206037074,9685.6826171875,13945,0.0,0.0
2014-04-30 00:00:00+09:00,9705.093672263682,9850.670077347637,9569.22236085199,9753.619140625,26451,0.0,0.0
2014-05-02 00:00:00+09:00,9656.568328030968,9753.619266001127,9627.45304663992,9675.978515625,10390,0.0,0.0
2014-05-07 00:00:00+09:00,9802.143835535444,9802.143835535444,9433.350305089556,9617.7470703125,12450,0.0,0.0
2014-05-08 00:00:00+09:00,9695.388750471579,9695.388750471579,9394.530841297787,9646.86328125,17108,0.0,0.0
2014-05-09 00:00:00+09:00,9608.04306402439,9705.09400406504,9510.992123983739,9549.8125,17238,0.0,0.0
2014-05-12 00:00:00+09:00,9646.863033725247,9850.669999226486,9530.401910581682,9802.14453125,36364,0.0,0.0
2014-05-13 00:00:00+09:00,9705.092802793086,9753.618266807052,9608.041874765155,9685.6826171875,17623,0.0,0.0
2014-05-14 00:00:00+09:00,9753.619441715264,9753.619441715264,9559.517562278144,9569.22265625,7699,0.0,0.0
2014-05-15 00:00:00+09:00,9569.222060760276,9569.222060760276,9200.428512779657,9326.5947265625,47555,0.0,0.0
2014-05-16 00:00:00+09:00,9326.595752055062,9413.941601970251,9278.070279879958,9297.48046875,22181,0.0,0.0
2014-05-19 00:00:00+09:00,9297.4794769128,9316.8896637122,9035.441955120894,9307.1845703125,11982,0.0,0.0
2014-05-20 00:00:00+09:00,9443.055924547267,9443.055924547267,9161.6082145659,9278.0693359375,12333,0.0,0.0
2014-05-21 00:00:00+09:00,9278.069569440753,9278.069569440753,9103.377882986848,9132.4931640625,23506,0.0,0.0
2014-05-22 00:00:00+09:00,8986.916637167413,9326.594911790371,8986.916637167413,9210.1337890625,20686,0.0,0.0
2014-05-23 00:00:00+09:00,9210.13282692181,9287.773567296283,9025.736068532437,9200.427734375,16565,0.0,0.0
2014-05-26 00:00:00+09:00,9355.710223897835,9355.710223897835,8967.506480167634,9190.7236328125,25956,0.0,0.0
2014-05-27 00:00:00+09:00,9113.082992229056,9142.198273354388,8880.160743226397,9122.7880859375,38487,0.0,0.0
2014-05-28 00:00:00+09:00,9103.378839901805,9151.904313462048,8928.687135084925,9142.19921875,16879,0.0,0.0
2014-05-29 00:00:00+09:00,9142.198383490755,9142.198383490755,8928.686319332797,9054.8525390625,13363,0.0,0.0
2014-05-30 00:00:00+09:00,8977.210863995295,9025.736328125,8744.288636172714,9025.736328125,26464,0.0,0.0
2014-06-02 00:00:00+09:00,8977.211850990649,9025.737320455464,8928.686381525835,9016.0322265625,14301,0.0,0.0
2014-06-03 00:00:00+09:00,8928.685458288337,9122.787316077214,8928.685458288337,8986.916015625,19775,0.0,0.0
2014-06-05 00:00:00+09:00,8938.390492691531,9074.261792254703,8928.685399865592,9025.736328125,12053,0.0,0.0
2014-06-09 00:00:00+09:00,8938.391154399671,9219.8388671875,8880.160593133223,9219.8388671875,19321,0.0,0.0
2014-06-10 00:00:00+09:00,9239.2491475768,9239.2491475768,9132.493117510261,9161.6083984375,5703,0.0,0.0
2014-06-11 00:00:00+09:00,9151.90338271266,9287.77469486322,9113.0830078125,9113.0830078125,12781,0.0,0.0
2014-06-12 00:00:00+09:00,9200.427998991934,9200.427998991934,8986.915956821236,9025.736328125,7049,0.0,0.0
2014-06-13 00:00:00+09:00,8909.275142045453,9142.197367981284,8909.275142045453,9074.26171875,10269,0.0,0.0
2014-06-16 00:00:00+09:00,8928.685327540106,9171.312646223261,8928.685327540106,9074.26171875,6504,0.0,0.0
2014-06-17 00:00:00+09:00,9074.262648462487,9122.788117170843,8967.506617304105,9103.3779296875,12878,0.0,0.0
2014-06-18 00:00:00+09:00,9122.78814853766,9151.903429862781,8986.9168356871,9083.9677734375,6125,0.0,0.0
2014-06-19 00:00:00+09:00,9025.736372370551,9074.261836738135,8977.210908002966,8996.62109375,18079,0.0,0.0
2014-06-20 00:00:00+09:00,9122.78814853766,9122.78814853766,8977.21174191206,9083.9677734375,8500,0.0,0.0
2014-06-23 00:00:00+09:00,9064.556743864618,9103.377115358684,8967.50581512945,8996.62109375,8690,0.0,0.0
2014-06-24 00:00:00+09:00,9025.73625501337,9083.966811497326,8967.50569852941,9074.26171875,10949,0.0,0.0
2014-06-25 00:00:00+09:00,9151.90258272753,9802.14380546639,9025.736375330438,9637.1572265625,68582,0.0,0.0
2014-06-26 00:00:00+09:00,9705.09351908867,9947.720857065886,9569.222209821428,9850.669921875,60366,0.0,0.0
2014-06-27 00:00:00+09:00,9850.669845281862,9947.720779718136,9656.567976409313,9899.1953125,35696,0.0,0.0
2014-06-30 00:00:00+09:00,9899.195545708955,9899.195545708955,9608.042735541045,9753.619140625,17191,0.0,0.0
2014-07-01 00:00:00+09:00,9666.273375,9899.195625,9510.991875,9705.09375,18691,0.0,0.0
2014-07-02 00:00:00+09:00,9608.04211152304,9996.245833200737,9530.4013671875,9530.4013671875,79728,0.0,0.0
2014-07-03 00:00:00+09:00,9685.683408106435,9899.19546720297,9569.22228496287,9802.14453125,37020,0.0,0.0
2014-07-04 00:00:00+09:00,8346.379835749247,9802.143760589232,8346.379835749247,9666.2724609375,32189,0.0,0.0
2014-07-07 00:00:00+09:00,9666.272505192599,9695.387783822696,9384.824811768316,9637.1572265625,16946,0.0,0.0
2014-07-08 00:00:00+09:00,9598.33764186878,9850.670077347637,9598.33764186878,9753.619140625,19459,0.0,0.0
2014-07-09 00:00:00+09:00,9637.157153173535,9753.618266807052,9481.875668328845,9685.6826171875,7223,0.0,0.0
2014-07-10 00:00:00+09:00,9705.093443627451,10044.77171415441,9578.927228860293,9899.1953125,50031,0.0,0.0
2014-07-11 00:00:00+09:00,9899.195236280488,9996.246169969512,9705.093368902439,9947.720703125,19187,0.0,0.0
2014-07-14 00:00:00+09:00,9996.246733710106,11403.4853515625,9947.72126412899,11403.4853515625,420494,0.0,0.0
2014-07-15 00:00:00+09:00,11597.58646787446,12519.570329337284,11112.33180394666,11257.908203125,1105770,0.0,0.0
2014-07-16 00:00:00+09:00,11306.433979235197,11403.484914679277,10724.128366570723,11063.806640625,238610,0.0,0.0
2014-07-17 00:00:00+09:00,11209.382666015625,11743.162792968751,10578.551606889205,10675.6025390625,654158,0.0,0.0
2014-07-18 00:00:00+09:00,10675.60276857719,10966.755571356567,10384.449965797812,10530.0263671875,125916,0.0,0.0
2014-07-21 00:00:00+09:00,10384.450351931015,10966.755979142099,10287.3994140625,10287.3994140625,966988,0.0,0.0
2014-07-22 00:00:00+09:00,10481.501429521277,11791.689108211436,10481.501429521277,11403.4853515625,1947572,0.0,0.0
2014-07-23 00:00:00+09:00,11112.33203125,11257.908433406114,10675.60282478166,11112.33203125,558954,0.0,0.0
2014-07-24 00:00:00+09:00,11063.80719739819,11452.010958710407,10578.552495757918,10724.12890625,437206,0.0,0.0
2014-07-25 00:00:00+09:00,10675.602614868722,10869.704480593608,10481.500749143835,10627.0771484375,165707,0.0,0.0
2014-07-28 00:00:00+09:00,10724.128553220364,10869.704958920189,10238.873867554285,10335.9248046875,144475,0.0,0.0
2014-07-29 00:00:00+09:00,10335.9248046875,11063.80683318662,10287.399336120892,10335.9248046875,239419,0.0,0.0
2014-07-30 00:00:00+09:00,10384.44990472561,10481.500838414633,9802.144302591463,9947.720703125,175577,0.0,0.0
2014-07-31 00:00:00+09:00,10044.77171415441,10238.87358302696,9695.388350183823,9899.1953125,94304,0.0,0.0
2014-08-01 00:00:00+09:00,9753.619481720993,10190.348712245814,9685.683823639354,10141.8232421875,71175,0.0,0.0
2014-08-04 00:00:00+09:00,10141.822416591183,10384.449747131643,9996.246018266907,10044.771484375,57211,0.0,0.0
2014-08-05 00:00:00+09:00,10190.348195043103,10287.399130233991,9802.144454279556,9850.669921875,90975,0.0,0.0
2014-08-06 00:00:00+09:00,9850.669769435975,10141.822570503049,9705.093368902439,9947.720703125,77572,0.0,0.0
2014-08-07 00:00:00+09:00,10093.297419154229,10093.297419154229,9666.273297574628,9753.619140625,95069,0.0,0.0
2014-08-08 00:00:00+09:00,9753.61921875,9802.1446875,9336.3001875,9705.09375,76698,0.0,0.0
2014-08-11 00:00:00+09:00,9705.093876008064,9802.144814768144,9520.697092363911,9627.453125,54128,0.0,0.0
2014-08-12 00:00:00+09:00,9598.337124399039,9705.093149038461,9452.760727163462,9462.4658203125,65726,0.0,0.0
2014-08-13 00:00:00+09:00,9481.875813472609,9753.618416110514,9481.875813472609,9588.6318359375,32899,0.0,0.0
2014-08-14 00:00:00+09:00,9637.158016557836,9850.670077347637,9588.632548196518,9753.619140625,27659,0.0,0.0
2014-08-18 00:00:00+09:00,9695.388578591417,9802.144608986318,9549.812173507462,9753.619140625,48921,0.0,0.0
2014-08-19 00:00:00+09:00,9705.09319540895,9753.618661385995,9404.235306351273,9433.3505859375,94743,0.0,0.0
2014-08-20 00:00:00+09:00,9433.350846695026,9433.350846695026,9103.377668929974,9268.3642578125,80829,0.0,0.0
2014-08-21 00:00:00+09:00,9346.00462870695,9510.9912109375,9122.787488042091,9510.9912109375,55212,0.0,0.0
2014-08-22 00:00:00+09:00,9375.119952261386,9559.516721508764,9307.184300433406,9481.8759765625,52589,0.0,0.0
2014-08-25 00:00:00+09:00,9491.5817642902,9996.246643373115,9481.876670461683,9656.568359375,177128,0.0,0.0
2014-08-26 00:00:00+09:00,9617.747114791562,9899.19481038082,9423.645255764486,9588.6318359375,78324,0.0,0.0
2014-08-27 00:00:00+09:00,9685.682962740384,9685.682962740384,9413.940354567309,9462.4658203125,36351,0.0,0.0
2014-08-28 00:00:00+09:00,9685.68357810936,10044.772047438064,9608.042827984234,9695.388671875,120542,0.0,0.0
2014-08-29 00:00:00+09:00,9501.286789412687,9608.042820754403,8831.63532008738,9093.6728515625,190654,0.0,0.0
2014-09-01 00:00:00+09:00,9200.429412240932,9365.416015625,9016.032620223446,9365.416015625,47817,0.0,0.0
2014-09-02 00:00:00+09:00,9278.068875854864,9899.194825702889,9278.068875854864,9578.9267578125,180472,0.0,0.0
2014-09-03 00:00:00+09:00,9666.272848731884,10481.500679347826,9598.337196180555,10044.771484375,489259,0.0,0.0
2014-09-04 00:00:00+09:00,10141.822887515547,10772.653976212687,9705.093672263682,9753.619140625,369172,0.0,0.0
2014-09-05 00:00:00+09:00,9802.1446875,9850.67015625,9578.92753125,9705.09375,100497,0.0,0.0
2014-09-11 00:00:00+09:00,9802.144454279556,10093.297259852217,9695.388425569581,9850.669921875,91160,0.0,0.0
2014-09-12 00:00:00+09:00,9850.67017212525,9996.24657860986,9685.68357810936,9695.388671875,61252,0.0,0.0
2014-09-15 00:00:00+09:00,9753.618266807052,9899.194658848948,9617.746967567948,9685.6826171875,43871,0.0,0.0
2014-09-16 00:00:00+09:00,9646.863234233952,9802.144734986208,9540.107202466776,9675.978515625,52002,0.0,0.0
2014-09-17 00:00:00+09:00,9753.619266001127,9899.195672956368,9656.568328030968,9675.978515625,47421,0.0,0.0
2014-09-18 00:00:00+09:00,9705.093786851416,10287.3994140625,9705.093786851416,10287.3994140625,203175,0.0,0.0
2014-09-19 00:00:00+09:00,10287.39873798077,10335.924203725961,9947.720477764424,10093.296875,104549,0.0,0.0
2014-09-22 00:00:00+09:00,10190.348355876866,10190.348355876866,9753.619140625,9753.619140625,86131,0.0,0.0
2014-09-23 00:00:00+09:00,9705.093672263682,9947.721014070274,9685.683484919155,9753.619140625,49944,0.0,0.0
2014-09-24 00:00:00+09:00,9705.09293542654,10287.398511552132,9675.97765662026,10238.873046875,97958,0.0,0.0
2014-09-25 00:00:00+09:00,10238.87358302696,10238.87358302696,9753.618910845587,9899.1953125,79006,0.0,0.0
2014-09-26 00:00:00+09:00,9705.093443627451,9996.246246936274,9705.093443627451,9899.1953125,43888,0.0,0.0
2014-09-29 00:00:00+09:00,9947.721141941449,10044.772079911609,9608.042859045887,9675.978515625,57012,0.0,0.0
2014-09-30 00:00:00+09:00,9675.97846875,9850.67015625,9413.9409375,9705.09375,47236,0.0,0.0
2014-10-01 00:00:00+09:00,9802.144766802763,9802.144766802763,9239.249324748744,9656.568359375,77958,0.0,0.0
2014-10-02 00:00:00+09:00,9637.158475281762,9637.158475281762,9423.646404328894,9472.171875,20438,0.0,0.0
2014-10-06 00:00:00+09:00,9549.811780959151,9705.093273332472,9384.8251953125,9384.8251953125,22852,0.0,0.0
2014-10-07 00:00:00+09:00,9384.825240898923,9481.876174103669,9200.428467809907,9355.7099609375,32868,0.0,0.0
2014-10-08 00:00:00+09:00,9365.416015625,9462.466958792098,9239.249789507772,9365.416015625,9963,0.0,0.0
2014-10-10 00:00:00+09:00,9404.235488891602,9404.235488891602,9142.197967529297,9316.8896484375,7417,0.0,0.0
2014-10-13 00:00:00+09:00,9307.184850516405,9307.184850516405,8453.136605630645,9132.4931640625,77821,0.0,0.0
2014-10-14 00:00:00+09:00,9025.737011410038,9210.1337890625,8734.58420459036,9210.1337890625,49786,0.0,0.0
2014-10-15 00:00:00+09:00,9210.13381999901,9404.235691864109,9006.326854540654,9190.7236328125,13644,0.0,0.0
2014-10-16 00:00:00+09:00,9045.147429570396,9297.479868592745,8889.865928633564,9064.5576171875,22308,0.0,0.0
2014-10-17 00:00:00+09:00,8880.160834825014,9190.723836698675,8880.160834825014,9064.5576171875,24838,0.0,0.0
2014-10-20 00:00:00+09:00,9064.557523686835,9210.133929313497,9035.442242561503,9122.7880859375,11535,0.0,0.0
2014-10-21 00:00:00+09:00,9200.428074324325,9210.13316722973,8860.749822635136,8977.2109375,36786,0.0,0.0
2014-10-22 00:00:00+09:00,9122.787331081081,9122.787331081081,8792.814172297298,8977.2109375,41467,0.0,0.0
2014-10-23 00:00:00+09:00,8909.275214213709,9103.377070732526,8831.634471606183,9025.736328125,24441,0.0,0.0
2014-10-24 00:00:00+09:00,8967.506931678921,9054.852778416054,8744.289767795139,8909.2763671875,33310,0.0,0.0
2014-10-27 00:00:00+09:00,8831.634631732863,8977.211026761426,8812.224445729053,8918.98046875,7939,0.0,0.0
2014-10-28 00:00:00+09:00,8899.570930643285,9510.991834275266,8841.340368392619,9122.7880859375,43589,0.0,0.0
2014-10-29 00:00:00+09:00,9064.556699428764,9248.95346312164,9025.736328125,9025.736328125,9490,0.0,0.0
2014-10-30 00:00:00+09:00,8957.800420704774,9569.221251153745,8802.518939955828,9200.427734375,98100,0.0,0.0
2014-10-31 00:00:00+09:00,9210.133061879695,9355.709453795602,8880.159906870305,9045.146484375,29001,0.0,0.0
2014-11-03 00:00:00+09:00,8996.621123310812,9171.312795608108,8860.749822635136,8977.2109375,12657,0.0,0.0
2014-11-04 00:00:00+09:00,8773.405081536572,8899.571305054244,8627.828669785411,8889.8662109375,58805,0.0,0.0
2014-11-05 00:00:00+09:00,8540.483088848721,9006.327620967742,8540.483088848721,8724.8798828125,49648,0.0,0.0
2014-11-06 00:00:00+09:00,8589.007436899039,8831.634765625,8501.661598557692,8831.634765625,19280,0.0,0.0
2014-11-07 00:00:00+09:00,8831.634780665567,8957.80099181793,8715.173662678768,8821.9296875,4999,0.0,0.0
2014-11-10 00:00:00+09:00,8821.929732771108,9074.262156370722,8715.173707402042,8792.814453125,31052,0.0,0.0
2014-11-11 00:00:00+09:00,8831.635365782253,9850.670215680206,8831.635365782253,9064.5576171875,195247,0.0,0.0
2014-11-12 00:00:00+09:00,9132.492275233957,9297.478851938502,8792.814029077539,9074.26171875,37426,0.0,0.0
2014-11-13 00:00:00+09:00,9122.787840775367,9346.004990070935,9054.852186641932,9278.0693359375,28122,0.0,0.0
2014-11-14 00:00:00+09:00,9316.889112903225,9316.889112903225,9025.736328125,9025.736328125,15973,0.0,0.0
2014-11-17 00:00:00+09:00,9064.557001201923,9064.557001201923,8831.634765625,8831.634765625,18524,0.0,0.0
2014-11-18 00:00:00+09:00,8831.635567233307,9103.378200071254,8773.405003053746,8938.3916015625,19672,0.0,0.0
2014-11-19 00:00:00+09:00,8938.3916015625,9074.262917981474,8841.340661263232,8938.3916015625,6659,0.0,0.0
2014-11-20 00:00:00+09:00,8938.391617484715,9025.737463909647,8763.699924634851,8928.6865234375,32581,0.0,0.0
2014-11-21 00:00:00+09:00,8957.801068601355,9064.557094337666,8773.404296875,8773.404296875,15117,0.0,0.0
2014-11-24 00:00:00+09:00,8851.0449669967,8851.0449669967,8734.583849009901,8821.9296875,16320,0.0,0.0
2014-11-25 00:00:00+09:00,8812.224594334433,8831.634780665567,8773.404221672166,8821.9296875,5491,0.0,0.0
2014-11-26 00:00:00+09:00,8812.224624448732,8821.929717647465,8753.99406525634,8802.51953125,4178,0.0,0.0
2014-11-27 00:00:00+09:00,8880.160201223274,8880.160201223274,8753.99399071409,8851.044921875,11774,0.0,0.0
2014-11-28 00:00:00+09:00,8880.160834825014,9074.262710996052,8773.404802930942,9064.5576171875,17363,0.0,0.0
2014-12-01 00:00:00+09:00,9132.492439038826,9132.492439038826,8880.160023082386,8967.505859375,15297,0.0,0.0
2014-12-02 00:00:00+09:00,8967.506980020491,8967.506980020491,8753.994909067624,8880.1611328125,7479,0.0,0.0
2014-12-03 00:00:00+09:00,8880.161021598766,8957.801773700176,8831.635551535384,8948.0966796875,7844,0.0,0.0
2014-12-04 00:00:00+09:00,9016.032450691599,9016.032450691599,8802.52037973873,8880.1611328125,16879,0.0,0.0
2014-12-05 00:00:00+09:00,8821.929901361731,8938.391022171787,8530.777099336592,8686.05859375,86470,0.0,0.0
2014-12-08 00:00:00+09:00,8647.238389511454,8656.943483102375,8501.661985647625,8579.302734375,33896,0.0,0.0
2014-12-09 00:00:00+09:00,8579.301743467513,8637.53229828743,8443.430448887711,8589.0068359375,24162,0.0,0.0
2014-12-10 00:00:00+09:00,8598.71284448819,8627.828125,8249.329478346457,8627.828125,29159,0.0,0.0
2014-12-11 00:00:00+09:00,8482.252554086539,8860.751237850125,8394.90670398725,8705.4697265625,26330,0.0,0.0
2014-12-12 00:00:00+09:00,8880.161732748507,8880.161732748507,8472.547751573165,8530.7783203125,5278,0.0,0.0
2014-12-15 00:00:00+09:00,8530.777374928735,8637.533405786773,8288.150032069556,8511.3671875,41912,0.0,0.0
2014-12-16 00:00:00+09:00,8530.777517011089,8530.777517011089,8259.034888482862,8424.021484375,49302,0.0,0.0
2014-12-17 00:00:00+09:00,8414.31553302144,8414.31553302144,8161.983117959666,8346.3798828125,51740,0.0,0.0
2014-12-18 00:00:00+09:00,8424.02062590843,8424.02062590843,7812.59977402798,8346.3798828125,111773,0.0,0.0
2014-12-19 00:00:00+09:00,8268.739317696049,8346.380062463148,8094.047641970076,8229.9189453125,28361,0.0,0.0
2014-12-22 00:00:00+09:00,8113.4586805555555,8297.85546875,8035.817927631579,8297.85546875,51140,0.0,0.0
2014-12-23 00:00:00+09:00,8249.330046031397,8297.855516890406,8084.34344511077,8268.740234375,42743,0.0,0.0
2014-12-24 00:00:00+09:00,8210.509621710526,8336.675845211988,8161.9841511330405,8297.85546875,21931,0.0,0.0
2014-12-26 00:00:00+09:00,8317.265737591912,8394.906491268383,8200.804607077205,8249.330078125,21906,0.0,0.0
2014-12-29 00:00:00+09:00,8326.970529487993,8326.970529487993,8084.34318305769,8132.86865234375,12669,0.0,0.0
2014-12-30 00:00:00+09:00,8132.8684111732055,8191.098972589721,7929.061446215404,7977.5869140625,18246,0.0,0.0
2015-01-02 00:00:00+09:00,7938.766233844522,7958.17642023534,7851.420395085841,7861.12548828125,28004,0.0,0.0
2015-01-05 00:00:00+09:00,7861.125687392174,7919.356248039523,7667.023818567675,7734.95947265625,43731,0.0,0.0
2015-01-06 00:00:00+09:00,7667.023664314516,7705.844037298387,7375.870866935484,7521.447265625,52412,0.0,0.0
2015-01-07 00:00:00+09:00,7288.5251611455615,7472.921936194517,7288.5251611455615,7434.1015625,43114,0.0,0.0
2015-01-08 00:00:00+09:00,7443.806534641472,7579.677840358527,7424.396348110465,7511.7421875,21259,0.0,0.0
2015-01-09 00:00:00+09:00,7327.346031837214,7676.729418785743,7327.346031837214,7424.39697265625,41859,0.0,0.0
2015-01-12 00:00:00+09:00,7385.575713186553,7453.511363636363,7142.948390151515,7366.16552734375,57668,0.0,0.0
2015-01-13 00:00:00+09:00,7278.819930023973,7366.165769184261,7201.1791841037175,7210.88427734375,26171,0.0,0.0
2015-01-14 00:00:00+09:00,7210.884636094835,7230.294823540581,6851.796168348525,6987.66748046875,87906,0.0,0.0
2015-01-15 00:00:00+09:00,6987.667174258474,7007.0773608536365,6812.9754949020125,6871.2060546875,46610,0.0,0.0
2015-01-16 00:00:00+09:00,6987.667189710042,6987.667189710042,6803.27041664825,6861.5009765625,18038,0.0,0.0
2015-01-19 00:00:00+09:00,6822.68085061279,6929.436880992222,6706.2197265625,6706.2197265625,37506,0.0,0.0
2015-01-20 00:00:00+09:00,6715.924681919642,6793.5654296875,6686.809401506696,6793.5654296875,31690,0.0,0.0
2015-01-21 00:00:00+09:00,6793.5654296875,6890.616364397321,6783.860336216518,6793.5654296875,43237,0.0,0.0
2015-01-22 00:00:00+09:00,6851.795959646546,7094.423295328081,6793.565399082978,6812.9755859375,52458,0.0,0.0
2015-01-23 00:00:00+09:00,7007.077730828823,7016.782824638835,6900.321698918689,6948.84716796875,45097,0.0,0.0
2015-01-26 00:00:00+09:00,6958.551863721391,7016.78242325044,6890.6162109375,6890.6162109375,24647,0.0,0.0
2015-01-27 00:00:00+09:00,7065.307766800139,7065.307766800139,6803.270253471013,6968.2568359375,19148,0.0,0.0
2015-01-28 00:00:00+09:00,6890.616543240018,6987.66748046875,6812.975793457031,6987.66748046875,31095,0.0,0.0
2015-01-29 00:00:00+09:00,6958.55219930013,6987.66748046875,6880.911449517144,6987.66748046875,16619,0.0,0.0
2015-01-30 00:00:00+09:00,6968.256946342951,7424.3963286244525,6939.141666622854,7210.88427734375,86105,0.0,0.0
2015-02-02 00:00:00+09:00,7239.999634740259,7560.267715097402,7104.128327922078,7472.921875,86706,0.0,0.0
2015-02-03 00:00:00+09:00,7443.80710873944,7832.0108692995145,7327.345980571417,7754.3701171875,105015,0.0,0.0
2015-02-04 00:00:00+09:00,7841.715377523292,7948.471403702446,7725.254258055124,7812.60009765625,45701,0.0,0.0
2015-02-05 00:00:00+09:00,7812.600112839124,7909.651045917872,7599.088060065882,7802.89501953125,33612,0.0,0.0
2015-02-06 00:00:00+09:00,7812.60020354857,8074.637725903614,7754.369643025226,8055.2275390625,35462,0.0,0.0
2015-02-09 00:00:00+09:00,8055.227631504096,8200.804034483086,7725.254451418386,7996.9970703125,72830,0.0,0.0
2015-02-10 00:00:00+09:00,8016.406724654797,8530.776647665334,8016.406724654797,8346.3798828125,116024,0.0,0.0
2015-02-11 00:00:00+09:00,8278.444456129808,8385.20048076923,8113.457872596154,8200.8037109375,56682,0.0,0.0
2015-02-12 00:00:00+09:00,8200.80348950763,8356.08497569949,8084.342374863735,8346.3798828125,36909,0.0,0.0
2015-02-13 00:00:00+09:00,8297.855516890406,8375.496270264819,7987.292503392753,8268.740234375,46269,0.0,0.0
2015-02-16 00:00:00+09:00,8385.200654231627,8773.404388223831,8375.495560881822,8715.173828125,151938,0.0,0.0
2015-02-17 00:00:00+09:00,8734.58401482461,8783.109481573636,8550.187241178313,8715.173828125,37528,0.0,0.0
2015-02-23 00:00:00+09:00,8666.647950273353,9035.441480072219,8637.532671605022,8986.916015625,74070,0.0,0.0
2015-02-24 00:00:00+09:00,8812.224865019634,9481.876314013416,8812.224865019634,9268.3642578125,68076,0.0,0.0
2015-02-25 00:00:00+09:00,9268.365072457902,9491.582241742228,9064.558091806995,9365.416015625,38248,0.0,0.0
2015-02-26 00:00:00+09:00,9365.415100034144,9520.69659392072,9239.248886251302,9326.5947265625,25354,0.0,0.0
2015-02-27 00:00:00+09:00,9336.298957240295,9899.194320566632,9190.722570173139,9248.953125,130929,0.0,0.0
2015-03-02 00:00:00+09:00,9355.710300062188,10190.348355876866,9132.493145600125,9753.619140625,166789,0.0,0.0
2015-03-03 00:00:00+09:00,9753.619234468844,9996.24657860986,9666.273390578079,9695.388671875,57937,0.0,0.0
2015-03-04 00:00:00+09:00,9675.97846875,9850.67015625,9675.97846875,9705.09375,32673,0.0,0.0
2015-03-05 00:00:00+09:00,9656.567456794508,9850.669315222538,9326.594297466856,9608.0419921875,85685,0.0,0.0
2015-03-06 00:00:00+09:00,9530.401161285768,9753.6182964279,9433.350232963103,9666.2724609375,53272,0.0,0.0
2015-03-09 00:00:00+09:00,9695.387828480114,9695.387828480114,9316.889204545454,9608.0419921875,75453,0.0,0.0
2015-03-10 00:00:00+09:00,9501.2864071849,9549.811874024454,9258.659072987124,9326.5947265625,55425,0.0,0.0
2015-03-11 00:00:00+09:00,9151.903212376645,9316.889802631578,9093.672651110197,9219.8388671875,46929,0.0,0.0
2015-03-12 00:00:00+09:00,9132.493783667576,9413.941519827364,9025.737745813864,9346.005859375,47737,0.0,0.0
2015-03-13 00:00:00+09:00,9346.00582699158,9510.992430375647,9151.903940657383,9365.416015625,45393,0.0,0.0
2015-03-16 00:00:00+09:00,9365.415054257974,9608.04238726984,9248.953934412279,9355.7099609375,29808,0.0,0.0
2015-03-17 00:00:00+09:00,9326.59509375,9899.195625,9326.59509375,9705.09375,48519,0.0,0.0
2015-03-18 00:00:00+09:00,10093.29695048309,10093.29695048309,9802.14415383454,10044.771484375,81553,0.0,0.0
2015-03-19 00:00:00+09:00,10238.87358302696,10238.87358302696,9656.567976409313,9899.1953125,40541,0.0,0.0
2015-03-20 00:00:00+09:00,10190.348115808823,10335.924517463234,9685.683256740196,9899.1953125,149011,0.0,0.0
2015-03-23 00:00:00+09:00,9850.669619942633,10190.347882699276,9802.14415383454,10044.771484375,65471,0.0,0.0
2015-03-24 00:00:00+09:00,10044.77162324398,11015.280958823108,9947.720689686066,10578.5517578125,208263,0.0,0.0
2015-03-25 00:00:00+09:00,10530.026542154948,12131.36698404948,10530.026542154948,11646.1123046875,567871,0.0,0.0
2015-03-26 00:00:00+09:00,11646.112172489084,12325.468715884279,10772.653759552402,11112.33203125,431356,0.0,0.0
2015-03-27 00:00:00+09:00,11112.331425258091,11354.958748953683,10384.449454171316,10869.7041015625,197004,0.0,0.0
2015-03-30 00:00:00+09:00,10966.755859375,11112.332264587942,10530.026643736173,10966.755859375,115504,0.0,0.0
2015-03-31 00:00:00+09:00,10966.756257070136,10966.756257070136,10238.874204609729,10724.12890625,116567,0.0,0.0
2015-04-01 00:00:00+09:00,10772.653395432693,11500.535381610578,10481.500600961539,11354.958984375,184493,0.0,0.0
2015-04-02 00:00:00+09:00,11452.010282153926,12471.045095396435,11306.433880262139,11743.1630859375,318256,0.0,0.0
2015-04-03 00:00:00+09:00,11985.789881819384,12034.315346927966,11306.433370299257,11452.009765625,128051,0.0,0.0
2015-04-06 00:00:00+09:00,11354.959446957237,11549.061317845395,11015.28117290296,11063.806640625,119329,0.0,0.0
2015-04-07 00:00:00+09:00,11063.805885416667,11257.907743055555,10724.127634548611,10918.2294921875,91839,0.0,0.0
2015-04-08 00:00:00+09:00,10966.755404768319,11646.111934267241,10821.179005589978,11257.908203125,228413,0.0,0.0
2015-04-09 00:00:00+09:00,11403.484757133152,11403.484757133152,10966.755553668478,11160.857421875,99795,0.0,0.0
2015-04-10 00:00:00+09:00,11063.806796183628,11209.383201396571,10918.230390970686,10966.755859375,82755,0.0,0.0
2015-04-13 00:00:00+09:00,11257.90871192227,11743.163397780987,10966.755900407039,11549.0615234375,153843,0.0,0.0
2015-04-14 00:00:00+09:00,11694.637099177962,13053.350123148846,11452.009773468875,12082.8408203125,606580,0.0,0.0
2015-04-15 00:00:00+09:00,12082.841046589176,12228.417444740853,11694.637318184705,11937.2646484375,124663,0.0,0.0
2015-04-16 00:00:00+09:00,11888.73969184028,12373.994373139882,11597.586883060516,12228.41796875,211270,0.0,0.0
2015-04-17 00:00:00+09:00,12373.994975604088,13393.029855947954,12131.367623141263,13053.3515625,447907,0.0,0.0
2015-04-20 00:00:00+09:00,13587.130612864077,14994.369140625,13587.130612864077,14994.369140625,1120485,0.0,0.0
2015-04-21 00:00:00+09:00,16013.404324383802,17226.541015625,15042.894971390844,17226.541015625,1514314,0.0,0.0
2015-04-22 00:00:00+09:00,17808.845335601476,19361.660187752015,15139.94480846774,18051.47265625,2754526,0.0,0.0
2015-04-23 00:00:00+09:00,18148.525045255334,18488.203321503428,15916.353515625,15916.353515625,1016150,0.0,0.0
2015-04-24 00:00:00+09:00,15431.099099360163,16886.863165337538,14994.369879566952,16353.0830078125,1174410,0.0,0.0
2015-04-27 00:00:00+09:00,16401.608634561566,16741.286919892722,15916.353941231342,16256.0322265625,464925,0.0,0.0
2015-04-28 00:00:00+09:00,16304.55640974441,16304.55640974441,14897.31791009385,15188.470703125,457243,0.0,0.0
2015-04-29 00:00:00+09:00,15188.470943827024,15334.047342649648,13053.350427761883,13781.232421875,1093764,0.0,0.0
2015-04-30 00:00:00+09:00,13732.707202512827,13781.232669659516,12907.774261019124,13004.8251953125,344288,0.0,0.0
2015-05-04 00:00:00+09:00,13247.452587890624,13926.809130859374,12907.774316406249,13587.130859375,369166,0.0,0.0
2015-05-06 00:00:00+09:00,13344.502855383831,13393.0283203125,12568.095416525135,13393.0283203125,206392,0.0,0.0
2015-05-07 00:00:00+09:00,13829.758101482781,14509.114639801233,13441.554365300808,14266.4873046875,628489,0.0,0.0
2015-05-08 00:00:00+09:00,14169.436649133664,14945.844136757425,14169.436649133664,14703.216796875,399267,0.0,0.0
2015-05-11 00:00:00+09:00,15091.420862510451,15236.997269544314,14412.064296352424,14509.115234375,237639,0.0,0.0
2015-05-12 00:00:00+09:00,14703.215729703608,14994.368516430412,14120.91015625,14120.91015625,231706,0.0,0.0
2015-05-13 00:00:00+09:00,14315.012253682326,15625.199815883758,13975.333996815287,15236.99609375,490734,0.0,0.0
2015-05-14 00:00:00+09:00,15236.996612548828,15528.1494140625,14751.741943359375,15528.1494140625,217497,0.0,0.0
2015-05-15 00:00:00+09:00,15916.352607484077,16013.403538017517,14945.843302149682,15236.99609375,211829,0.0,0.0
2015-05-18 00:00:00+09:00,14945.843051975946,15285.521303157217,14072.384691795532,14120.91015625,186036,0.0,0.0
2015-05-19 00:00:00+09:00,14266.487134850544,15916.352993982919,14217.961668405474,15625.2001953125,746005,0.0,0.0
2015-05-20 00:00:00+09:00,15625.200215107685,15625.200215107685,13975.334353885135,14363.5380859375,450535,0.0,0.0
2015-05-21 00:00:00+09:00,14654.691040869473,14751.741974914967,13732.707167437287,14266.4873046875,308448,0.0,0.0
2015-05-22 00:00:00+09:00,14217.961383012089,14266.48684848312,13247.452073591468,13295.9775390625,210408,0.0,0.0
2015-05-26 00:00:00+09:00,13441.553785241169,14023.85936438519,13150.400995669157,13393.0283203125,167835,0.0,0.0
2015-05-27 00:00:00+09:00,13198.92653409091,14072.384907670456,12907.773742897727,13344.5029296875,289185,0.0,0.0
2015-05-28 00:00:00+09:00,13538.60524019282,14897.318310893175,13490.079773382093,13684.181640625,581781,0.0,0.0
2015-05-29 00:00:00+09:00,13732.70731552333,14266.487458529538,13344.50357515518,14169.4365234375,126351,0.0,0.0
2015-06-01 00:00:00+09:00,14169.436152068662,14412.0634834397,13247.452292858714,13781.232421875,111396,0.0,0.0
2015-06-02 00:00:00+09:00,13829.757254464286,13878.282718515038,12519.569725093985,12907.7734375,199217,0.0,0.0
2015-06-03 00:00:00+09:00,12665.147151385614,13247.452767541274,11937.265131191038,12859.2490234375,199674,0.0,0.0
2015-06-04 00:00:00+09:00,13198.927622126437,13198.927622126437,12519.571053340518,12665.1474609375,134298,0.0,0.0
2015-06-05 00:00:00+09:00,13198.926526717558,13587.130248091604,12713.671875,12713.671875,147835,0.0,0.0
2015-06-08 00:00:00+09:00,12907.77402893926,14217.96161834287,12907.77402893926,13781.232421875,303706,0.0,0.0
2015-06-09 00:00:00+09:00,13781.232116477273,14072.384907670456,13247.451999289773,13344.5029296875,169869,0.0,0.0
2015-06-10 00:00:00+09:00,13441.555002289377,13975.335164835165,13053.351247710623,13247.453125,174350,0.0,0.0
2015-06-11 00:00:00+09:00,13295.978560524425,13490.080437320403,12616.621991738506,12665.1474609375,120434,0.0,0.0
2015-06-12 00:00:00+09:00,12907.774968327703,13295.978726773648,12568.0966796875,12568.0966796875,103526,0.0,0.0
2015-06-15 00:00:00+09:00,12325.46890500992,12568.096245659723,11694.637819320436,12228.41796875,92435,0.0,0.0
2015-06-16 00:00:00+09:00,12568.09577882752,12859.248576792636,12034.315649224805,12519.5703125,76733,0.0,0.0
2015-06-17 00:00:00+09:00,12422.519308943089,12519.570241044206,11937.2646484375,11937.2646484375,78131,0.0,0.0
2015-06-18 00:00:00+09:00,12131.367109686254,12810.723667828684,12034.316172808763,12179.892578125,91514,0.0,0.0
2015-06-19 00:00:00+09:00,12276.94359375,12422.52,11694.63796875,12131.3671875,112527,0.0,0.0
2015-06-22 00:00:00+09:00,12131.36703249008,12471.045309399802,12082.84156436012,12228.41796875,147692,0.0,0.0
2015-06-23 00:00:00+09:00,12373.993765024039,12422.51923076923,11937.264573317309,11985.7900390625,90154,0.0,0.0
2015-06-24 00:00:00+09:00,12228.416918848814,12519.56970263093,11985.789599030386,12276.9423828125,120379,0.0,0.0
2015-06-25 00:00:00+09:00,12373.994975604088,13295.978914962825,12131.367623141263,13053.3515625,211668,0.0,0.0
2015-06-26 00:00:00+09:00,13101.875987962063,13150.401454584144,12325.468522008756,12471.044921875,126424,0.0,0.0
2015-06-29 00:00:00+09:00,12034.315268987342,12179.891663370254,11500.53515625,11500.53515625,164496,0.0,0.0
2015-06-30 00:00:00+09:00,11257.90894281915,11840.214577792553,11160.858003656915,11403.4853515625,114346,0.0,0.0
2015-07-01 00:00:00+09:00,11403.484594228317,11937.264724170918,11209.382728794642,11888.7392578125,85091,0.0,0.0
2015-07-02 00:00:00+09:00,11937.2646484375,12131.366512639735,11597.586386083587,11937.2646484375,85107,0.0,0.0
2015-07-03 00:00:00+09:00,11985.79070437002,12276.94351500249,11597.58695686006,12179.892578125,91071,0.0,0.0
2015-07-06 00:00:00+09:00,12034.316361350575,12956.300276131466,11840.214484554597,12665.1474609375,196283,0.0,0.0
2015-07-07 00:00:00+09:00,13150.401061545803,14023.859434637405,12276.942688454199,12713.671875,605563,0.0,0.0
2015-07-08 00:00:00+09:00,13004.825826322116,13150.40223482572,11840.21455829327,12616.6220703125,159619,0.0,0.0
2015-07-09 00:00:00+09:00,12276.9423828125,12471.044238667244,11840.213207139328,12276.9423828125,100595,0.0,0.0
2015-07-10 00:00:00+09:00,12325.46837684197,12471.044774993648,11791.688250285823,11937.2646484375,88141,0.0,0.0
2015-07-13 00:00:00+09:00,12034.315062994072,12325.467846776186,11840.213207139328,12276.9423828125,53686,0.0,0.0
2015-07-14 00:00:00+09:00,12762.19814517798,15867.828112065397,12665.147208712748,14654.69140625,3118807,0.0,0.0
2015-07-15 00:00:00+09:00,14315.012629748233,14897.318228246466,13344.503298917845,13732.70703125,940975,0.0,0.0
2015-07-16 00:00:00+09:00,13732.707339269713,14266.487483198925,13490.080001120072,13538.60546875,266047,0.0,0.0
2015-07-17 00:00:00+09:00,13635.656268219449,13732.707202512827,12907.774261019124,13004.8251953125,218844,0.0,0.0
2015-07-20 00:00:00+09:00,13150.401505707005,13781.232574246455,13150.401505707005,13684.181640625,185822,0.0,0.0
2015-07-21 00:00:00+09:00,14072.385532924107,14120.911000279017,13247.452587890624,13587.130859375,162444,0.0,0.0
2015-07-22 00:00:00+09:00,13587.131997526978,13684.182940366456,13295.979169008542,13490.0810546875,103152,0.0,0.0
2015-07-23 00:00:00+09:00,13635.65609816696,14994.369161329505,13635.65609816696,13732.70703125,646447,0.0,0.0
2015-07-24 00:00:00+09:00,13829.757504670515,14557.639478600544,13393.0283203125,13393.0283203125,351741,0.0,0.0
2015-07-27 00:00:00+09:00,13101.876129605876,13684.181735366139,13004.8251953125,13004.8251953125,149049,0.0,0.0
2015-07-28 00:00:00+09:00,12616.621875,12859.24921875,11937.2653125,12131.3671875,192228,0.0,0.0
2015-07-29 00:00:00+09:00,12276.943387858073,12519.570727539063,11646.1123046875,11646.1123046875,194061,0.0,0.0
2015-07-30 00:00:00+09:00,11694.63785058185,11937.26519188023,11354.95957276412,11597.5869140625,87098,0.0,0.0
2015-07-31 00:00:00+09:00,11452.009765625,11840.213486493643,11160.856974973516,11452.009765625,90886,0.0,0.0
2015-08-03 00:00:00+09:00,11597.587229886967,11743.163638630318,11403.4853515625,11403.4853515625,65619,0.0,0.0
2015-08-04 00:00:00+09:00,11403.485304309475,12034.31640625,11160.857957409273,12034.31640625,48052,0.0,0.0
2015-08-05 00:00:00+09:00,11937.264573317309,12471.044696514424,11840.213641826924,11985.7900390625,85683,0.0,0.0
2015-08-06 00:00:00+09:00,11985.79078125,12179.89265625,11985.79078125,12131.3671875,34469,0.0,0.0
2015-08-07 00:00:00+09:00,12422.51945525292,13247.452387828307,12228.417588764592,12471.044921875,331171,0.0,0.0
2015-08-10 00:00:00+09:00,12568.095707094766,12713.672105246442,11888.73918238694,11937.2646484375,100506,0.0,0.0
2015-08-11 00:00:00+09:00,12131.367146467963,12568.09636374081,11549.0615234375,11549.0615234375,114976,0.0,0.0
2015-08-12 00:00:00+09:00,11354.959649094013,11694.637929195116,10238.87387161896,11549.0615234375,204585,0.0,0.0
2015-08-13 00:00:00+09:00,11452.011143804113,11597.587556649081,10966.756434320889,11209.3837890625,81671,0.0,0.0
2015-08-14 00:00:00+09:00,11209.3837890625,11209.3837890625,11209.3837890625,11209.3837890625,0,0.0,0.0
2015-08-17 00:00:00+09:00,11209.382841082317,11403.484708460366,9947.720703125,9947.720703125,183229,0.0,0.0
2015-08-18 00:00:00+09:00,9850.670077347637,10238.873824238184,9443.056143112562,9753.619140625,174391,0.0,0.0
2015-08-19 00:00:00+09:00,9336.300506791258,9462.466729856005,8812.225426368464,8909.2763671875,225813,0.0,0.0
2015-08-20 00:00:00+09:00,8928.685773480662,9365.414968922652,8783.109375,8783.109375,130598,0.0,0.0
2015-08-21 00:00:00+09:00,8297.85470352445,8589.007500139343,7958.176440807075,8161.9833984375,127018,0.0,0.0
2015-08-24 00:00:00+09:00,8055.22690545945,8540.481538318452,8026.11162748791,8152.27783203125,74068,0.0,0.0
2015-08-25 00:00:00+09:00,8161.983873854524,8686.058938287513,8161.983873854524,8472.546875,87802,0.0,0.0
2015-08-26 00:00:00+09:00,8521.071256098365,9947.7198604793,8501.661071004748,9200.427734375,456667,0.0,0.0
2015-08-27 00:00:00+09:00,9394.529779411765,9578.926541610963,9074.26171875,9074.26171875,108814,0.0,0.0
2015-08-28 00:00:00+09:00,9705.09319540895,9802.144127363039,9413.940399546682,9433.3505859375,147085,0.0,0.0
2015-08-31 00:00:00+09:00,9433.351498463115,9675.978851818647,9384.826027792009,9472.171875,63138,0.0,0.0
2015-09-01 00:00:00+09:00,10384.449816281392,12276.94300709903,10384.449816281392,10627.0771484375,3781660,0.0,0.0
2015-09-02 00:00:00+09:00,10432.974848090278,10966.754956597222,10190.347526041667,10918.2294921875,580037,0.0,0.0
2015-09-03 00:00:00+09:00,11112.33255673363,11306.43443545387,10093.297693452381,10190.3486328125,458470,0.0,0.0
2015-09-04 00:00:00+09:00,10190.347887806058,10578.551616865336,9307.1844041962,9413.9404296875,328049,0.0,0.0
2015-09-07 00:00:00+09:00,9268.365072457902,9637.158656492877,8928.686771373057,9365.416015625,108804,0.0,0.0
2015-09-08 00:00:00+09:00,9365.414785474479,9530.4013671875,8880.160133377354,9530.4013671875,134070,0.0,0.0
2015-09-09 00:00:00+09:00,9899.19546720297,10238.873743038366,9675.978314511138,9802.14453125,164776,0.0,0.0
2015-09-10 00:00:00+09:00,9617.747528582317,10044.771636814025,9598.337341844512,9947.720703125,76610,0.0,0.0
2015-09-11 00:00:00+09:00,9899.1953125,9996.246246936274,9666.273069852941,9899.1953125,102843,0.0,0.0
2015-09-14 00:00:00+09:00,10093.297730730223,10093.297730730223,9540.107374334431,9569.22265625,60574,0.0,0.0
2015-09-15 00:00:00+09:00,9569.221620501894,9753.618386008522,9569.221620501894,9608.0419921875,44307,0.0,0.0
2015-09-16 00:00:00+09:00,9705.09234678398,10384.448811058859,9705.09234678398,9996.2451171875,196074,0.0,0.0
2015-09-17 00:00:00+09:00,9996.2465625,10044.77203125,9685.6835625,9705.09375,73459,0.0,0.0
2015-09-18 00:00:00+09:00,9899.195891895934,10141.8232421875,9705.094011662679,10141.8232421875,99930,0.0,0.0
2015-09-21 00:00:00+09:00,10093.29746185446,10530.026678953933,9996.246524721244,10335.9248046875,150178,0.0,0.0
2015-09-22 00:00:00+09:00,10384.450351931015,10578.552227668042,10190.348476193985,10287.3994140625,100088,0.0,0.0
2015-09-23 00:00:00+09:00,10190.3486328125,10530.026920572916,9899.195814732144,10190.3486328125,118891,0.0,0.0
2015-09-24 00:00:00+09:00,10384.449440906397,10627.076764292062,10190.347582197868,10238.873046875,101294,0.0,0.0
2015-09-25 00:00:00+09:00,10190.347806490385,10287.39873798077,9899.19501201923,10093.296875,39130,0.0,0.0
2015-09-30 00:00:00+09:00,9996.245439680231,10432.974609375,9899.194513081395,10432.974609375,59071,0.0,0.0
2015-10-01 00:00:00+09:00,10724.128472729264,10772.65394093166,10238.873790705316,10384.4501953125,86201,0.0,0.0
2015-10-02 00:00:00+09:00,10627.076998197115,10627.076998197115,9996.245943509615,10093.296875,52348,0.0,0.0
2015-10-05 00:00:00+09:00,10093.297103658537,10238.873504192074,9850.669769435975,9947.720703125,55830,0.0,0.0
2015-10-06 00:00:00+09:00,10044.77203125,10093.2975,9675.97846875,9705.09375,68166,0.0,0.0
2015-10-07 00:00:00+09:00,9617.747752939356,9996.246403155941,9443.05606822401,9802.14453125,93609,0.0,0.0
2015-10-08 00:00:00+09:00,9947.721014070274,10044.77195079291,9685.683484919155,9753.619140625,34404,0.0,0.0
2015-10-12 00:00:00+09:00,9753.619140625,9850.670077347637,9617.74782921331,9753.619140625,35475,0.0,0.0
2015-10-13 00:00:00+09:00,9646.862245976328,9850.669194834982,9617.746967567948,9685.6826171875,38815,0.0,0.0
2015-10-14 00:00:00+09:00,9753.618986684114,10141.82272744766,9695.388425569581,9850.669921875,154817,0.0,0.0
2015-10-15 00:00:00+09:00,9802.144454279556,9947.720857065886,9753.618986684114,9850.669921875,41584,0.0,0.0
2015-10-16 00:00:00+09:00,9899.195086050724,10044.771484375,9753.618687726448,10044.771484375,63669,0.0,0.0
2015-10-19 00:00:00+09:00,10238.873945128244,10335.924882996756,10044.772069391214,10287.3994140625,100073,0.0,0.0
2015-10-20 00:00:00+09:00,10287.399572172619,10384.450511532737,10044.772223772321,10190.3486328125,64640,0.0,0.0
2015-10-21 00:00:00+09:00,10287.39888341895,10627.0771484375,10190.347950556506,10627.0771484375,111101,0.0,0.0
2015-10-22 00:00:00+09:00,11209.383238886443,12276.943547351819,10335.9248046875,10335.9248046875,988924,0.0,0.0
2015-10-23 00:00:00+09:00,10675.602606411638,11306.433669517779,10190.347942483835,11257.908203125,319706,0.0,0.0
2015-10-26 00:00:00+09:00,12325.469740613758,13926.810297465152,12131.367854934802,13490.0810546875,2054818,0.0,0.0
2015-10-27 00:00:00+09:00,14023.860634157509,14120.911572802197,12616.622023809523,13247.453125,1068105,0.0,0.0
2015-10-28 00:00:00+09:00,13150.402186355312,13538.605940934065,12519.571085164835,13247.453125,638581,0.0,0.0
2015-10-29 00:00:00+09:00,13004.825134277344,13150.40153503418,12422.51953125,12422.51953125,310410,0.0,0.0
2015-10-30 00:00:00+09:00,15528.14929328622,16110.454891784453,13101.875966210247,13732.70703125,6089633,0.0,0.0
2015-11-02 00:00:00+09:00,13829.758383696935,13926.809319722877,12616.621683372643,12859.2490234375,929942,0.0,0.0
2015-11-03 00:00:00+09:00,12859.248584980867,13004.824984056122,11888.7392578125,11888.7392578125,688789,0.0,0.0
2015-11-04 00:00:00+09:00,11985.79078125,12228.418125,11791.68890625,12131.3671875,352763,0.0,0.0
2015-11-05 00:00:00+09:00,12179.89205596301,12276.942988679846,11694.637392378827,11888.7392578125,388436,0.0,0.0
2015-11-06 00:00:00+09:00,11694.6376953125,11840.214098158714,11354.95942200467,11694.6376953125,285159,0.0,0.0
2015-11-09 00:00:00+09:00,11597.586072649274,11791.687931605748,10821.17863682338,10869.7041015625,301322,0.0,0.0
2015-11-10 00:00:00+09:00,10578.552495757918,11160.858137726245,10432.976085265838,10724.12890625,258668,0.0,0.0
2015-11-11 00:00:00+09:00,11112.331425258091,11500.535143171037,10821.17863682338,10869.7041015625,598343,0.0,0.0
2015-11-12 00:00:00+09:00,11015.281727234164,11063.80719739819,10627.077965921946,10724.12890625,209196,0.0,0.0
2015-11-13 00:00:00+09:00,10530.025535973837,10724.127389171512,10287.398219476743,10432.974609375,222110,0.0,0.0
2015-11-16 00:00:00+09:00,10044.771871132425,10141.822807085397,9802.14453125,9802.14453125,228435,0.0,0.0
2015-11-17 00:00:00+09:00,10044.772302070873,10287.399652362441,9947.721361954247,10141.8232421875,231547,0.0,0.0
2015-11-18 00:00:00+09:00,10190.3486328125,10432.975981212798,10093.297693452381,10190.3486328125,114797,0.0,0.0
2015-11-19 00:00:00+09:00,10335.924423917719,10578.5517578125,10141.822556801892,10578.5517578125,128918,0.0,0.0
2015-11-20 00:00:00+09:00,10578.55214752054,10578.55214752054,10238.873867554285,10335.9248046875,125534,0.0,0.0
2015-11-23 00:00:00+09:00,10384.449816281392,10627.0771484375,10335.924349850171,10627.0771484375,113255,0.0,0.0
2015-11-24 00:00:00+09:00,10578.552495757918,10724.12890625,10481.501555429864,10724.12890625,99605,0.0,0.0
2015-11-25 00:00:00+09:00,10869.70487733645,10869.70487733645,10384.4501953125,10384.4501953125,154447,0.0,0.0
2015-11-26 00:00:00+09:00,10432.976085265838,10821.179846578054,10335.925144937783,10724.12890625,234522,0.0,0.0
2015-11-27 00:00:00+09:00,10772.653624928325,10918.230025265195,10530.026291033544,10578.5517578125,150659,0.0,0.0
2015-11-30 00:00:00+09:00,10578.552112140487,11015.281327779314,10530.026643736173,10966.755859375,207243,0.0,0.0
2015-12-01 00:00:00+09:00,10966.755335582387,11015.280801669034,10627.077072975853,10675.6025390625,327670,0.0,0.0
2015-12-02 00:00:00+09:00,10772.65285247093,10772.65285247093,10384.449146075582,10432.974609375,141815,0.0,0.0
2015-12-03 00:00:00+09:00,10238.874182304127,10384.450592479066,10044.772302070873,10141.8232421875,118844,0.0,0.0
2015-12-04 00:00:00+09:00,9947.719976380813,10432.974609375,9850.669049781976,10432.974609375,129244,0.0,0.0
2015-12-07 00:00:00+09:00,10384.449440906397,10578.551299614928,10190.347582197868,10238.873046875,111972,0.0,0.0
2015-12-08 00:00:00+09:00,10141.822340745193,10190.347806490385,9947.720477764424,10093.296875,86681,0.0,0.0
2015-12-09 00:00:00+09:00,9996.245943509615,10238.873272235578,9947.720477764424,10093.296875,73701,0.0,0.0
2015-12-10 00:00:00+09:00,10190.346964123179,10481.499734526698,9705.09234678398,9996.2451171875,191330,0.0,0.0
2015-12-11 00:00:00+09:00,9899.194902781313,10093.296763620163,9462.465715893903,9530.4013671875,188515,0.0,0.0
2015-12-14 00:00:00+09:00,9491.581344906805,9491.581344906805,8967.506301322992,9307.1845703125,111265,0.0,0.0
2015-12-15 00:00:00+09:00,9181.018326043835,9472.171127081167,9181.018326043835,9326.5947265625,65937,0.0,0.0
2015-12-16 00:00:00+09:00,9326.594297466856,10141.822102864582,9229.54336825284,9608.0419921875,218503,0.0,0.0
2015-12-17 00:00:00+09:00,9695.388501701733,9899.19546720297,9695.388501701733,9802.14453125,77024,0.0,0.0
2015-12-18 00:00:00+09:00,9705.09351908867,9850.669921875,9627.45277093596,9850.669921875,47742,0.0,0.0
2015-12-21 00:00:00+09:00,9802.143730821017,9850.669194834982,9617.746967567948,9685.6826171875,82518,0.0,0.0
2015-12-22 00:00:00+09:00,9802.144033981978,9802.144033981978,9491.5810546875,9491.5810546875,64851,0.0,0.0
2015-12-23 00:00:00+09:00,9559.517421089824,9850.670235945352,9559.517421089824,9656.568359375,62476,0.0,0.0
2015-12-24 00:00:00+09:00,9666.27346893863,9802.144782759055,9510.991967429578,9646.86328125,33629,0.0,0.0
2015-12-28 00:00:00+09:00,9753.618614783654,10675.602463942309,9753.618614783654,10093.296875,506162,0.0,0.0
2015-12-29 00:00:00+09:00,10093.297693452381,10190.3486328125,9850.670345052084,10190.3486328125,85892,0.0,0.0
2015-12-30 00:00:00+09:00,10238.872756177325,10530.025535973837,9996.245439680231,10432.974609375,153196,0.0,0.0
2016-01-04 00:00:00+09:00,10432.975614944307,10481.501082920791,9802.14453125,9802.14453125,112881,0.0,0.0
2016-01-05 00:00:00+09:00,9578.927378558168,9899.19546720297,9472.171349009901,9802.14453125,77906,0.0,0.0
2016-01-06 00:00:00+09:00,9802.14327025182,10141.821502389259,9705.09234678398,9996.2451171875,131606,0.0,0.0
2016-01-07 00:00:00+09:00,9996.246403155941,10287.399211014852,9705.09359529703,9802.14453125,114349,0.0,0.0
2016-01-08 00:00:00+09:00,9608.042006998863,9705.092936362487,9365.414683589801,9598.3369140625,138369,0.0,0.0
2016-01-11 00:00:00+09:00,9588.632138591167,9588.632138591167,9297.479340860667,9394.5302734375,136267,0.0,0.0
2016-01-12 00:00:00+09:00,9394.530674751244,10190.348355876866,9394.530674751244,9753.619140625,419780,0.0,0.0
2016-01-13 00:00:00+09:00,9899.19546720297,9899.19546720297,9705.09359529703,9802.14453125,82384,0.0,0.0
2016-01-14 00:00:00+09:00,9617.746996776168,9685.682646602034,9510.990975621235,9666.2724609375,100120,0.0,0.0
2016-01-15 00:00:00+09:00,9802.144454279556,9947.720857065886,9705.09351908867,9850.669921875,69319,0.0,0.0
2016-01-18 00:00:00+09:00,9559.51734375,9753.61921875,9559.51734375,9705.09375,42339,0.0,0.0
2016-01-19 00:00:00+09:00,9753.6178085179,10093.29604065534,9705.09234678398,9996.2451171875,155525,0.0,0.0
2016-01-20 00:00:00+09:00,9996.24661092653,9996.24661092653,9608.042859045887,9675.978515625,88139,0.0,0.0
2016-01-21 00:00:00+09:00,9705.093987944163,9753.619457883882,9481.876826221447,9559.517578125,55213,0.0,0.0
2016-01-22 00:00:00+09:00,9705.092936362487,9850.669330407924,9510.991077635237,9598.3369140625,88830,0.0,0.0
2016-01-25 00:00:00+09:00,9685.682646602034,9753.6182964279,9608.0419039439,9666.2724609375,51527,0.0,0.0
2016-01-26 00:00:00+09:00,9705.092832266566,9899.194688911897,9617.746996776168,9666.2724609375,85657,0.0,0.0
2016-01-27 00:00:00+09:00,9802.14494410569,9802.14494410569,9530.40231199187,9549.8125,54238,0.0,0.0
2016-01-28 00:00:00+09:00,9549.811464132086,9685.682765451038,9549.811464132086,9588.6318359375,27927,0.0,0.0
2016-01-29 00:00:00+09:00,9559.51654231705,9666.272564617037,9559.51654231705,9598.3369140625,28296,0.0,0.0
2016-02-01 00:00:00+09:00,9316.8893129771,9316.8893129771,8831.634661259543,8899.5703125,241694,0.0,0.0
2016-02-02 00:00:00+09:00,8899.571321080943,9384.826027792009,8831.635662141394,8880.1611328125,242334,0.0,0.0
2016-02-03 00:00:00+09:00,8831.633887475775,8918.97971713213,8666.647320347107,8763.6982421875,62029,0.0,0.0
2016-02-04 00:00:00+09:00,8744.288057819422,8870.454256211933,8579.301490690754,8763.6982421875,53370,0.0,0.0
2016-02-05 00:00:00+09:00,8783.109375,8812.224654696132,8686.058442679558,8783.109375,33859,0.0,0.0
2016-02-11 00:00:00+09:00,8589.008259189031,8627.82863550175,8249.329966452742,8317.265625,87507,0.0,0.0
2016-02-12 00:00:00+09:00,8103.7536528382125,8297.855536738529,7327.346117236946,7667.0244140625,174081,0.0,0.0
2016-02-15 00:00:00+09:00,7560.267911691025,7812.60034520061,7550.562818094503,7657.31884765625,107217,0.0,0.0
2016-02-16 00:00:00+09:00,7657.31884765625,7773.77997081452,7492.332256515368,7657.31884765625,177100,0.0,0.0
2016-02-17 00:00:00+09:00,7764.074877217998,7958.176749148448,7589.383192480593,7657.31884765625,166594,0.0,0.0
2016-02-18 00:00:00+09:00,7822.305130514137,7909.650969440474,7725.254198373764,7851.42041015625,45528,0.0,0.0
2016-02-19 00:00:00+09:00,7899.945861062885,7909.650954258294,7764.07455632716,7861.12548828125,38598,0.0,0.0
2016-02-22 00:00:00+09:00,7938.766883602211,8297.85536122236,7812.600661735672,8064.93310546875,125571,0.0,0.0
2016-02-23 00:00:00+09:00,8055.227616003787,8229.919299242423,7812.600278172348,8006.7021484375,42663,0.0,0.0
2016-02-24 00:00:00+09:00,7870.830521417191,7996.996731994779,7812.599962689073,7899.94580078125,21126,0.0,0.0
2016-02-25 00:00:00+09:00,7899.946399182931,7977.587150034851,7812.60055447452,7832.0107421875,26433,0.0,0.0
2016-02-26 00:00:00+09:00,7802.89546061803,8132.868651738693,7773.780179048559,7832.0107421875,66061,0.0,0.0
2016-02-29 00:00:00+09:00,7987.291699821566,7987.291699821566,7812.600022304205,7861.12548828125,22727,0.0,0.0
2016-03-02 00:00:00+09:00,7987.291654054236,8026.11202661343,7880.535629516451,7890.24072265625,28012,0.0,0.0
2016-03-03 00:00:00+09:00,7870.830521417191,7958.176359509367,7832.010148931779,7899.94580078125,29040,0.0,0.0
2016-03-04 00:00:00+09:00,7899.945741089166,7958.176299377293,7841.715182801039,7938.76611328125,39933,0.0,0.0
2016-03-07 00:00:00+09:00,8016.407241950757,8016.407241950757,7919.356306818182,8006.7021484375,36581,0.0,0.0
2016-03-08 00:00:00+09:00,8035.817398163543,8074.637772067715,7948.471556879157,8026.1123046875,34643,0.0,0.0
2016-03-09 00:00:00+09:00,8074.637047746145,8404.610196331925,8026.111584718824,8181.39306640625,79931,0.0,0.0
2016-03-10 00:00:00+09:00,8288.150390625,8346.380955430328,8210.50963755123,8288.150390625,30340,0.0,0.0
2016-03-11 00:00:00+09:00,8239.624329717657,8259.034516595671,8016.407180620476,8045.5224609375,48424,0.0,0.0
2016-03-14 00:00:00+09:00,8045.523146952479,8715.174651342975,8016.407864152892,8220.21484375,242038,0.0,0.0
2016-03-15 00:00:00+09:00,8317.265435630781,8317.265435630781,8103.753370772114,8132.86865234375,49020,0.0,0.0
2016-03-16 00:00:00+09:00,8123.163333349194,8142.573520525655,7967.8818359375,7967.8818359375,84972,0.0,0.0
2016-03-17 00:00:00+09:00,7880.536195660582,7880.536195660582,7725.254694268255,7841.7158203125,138357,0.0,0.0
2016-03-18 00:00:00+09:00,7861.126007986541,7899.946383334623,7764.075069616337,7841.7158203125,48554,0.0,0.0
2016-03-21 00:00:00+09:00,7899.945861062885,7909.650954258294,7812.600022304205,7861.12548828125,32399,0.0,0.0
2016-03-22 00:00:00+09:00,7832.010602165671,7938.766632678462,7832.010602165671,7919.3564453125,30101,0.0,0.0
2016-03-23 00:00:00+09:00,7929.061110322699,7929.061110322699,7812.599992423222,7880.53564453125,29193,0.0,0.0
2016-03-24 00:00:00+09:00,7919.356571008663,7919.356571008663,7705.844506594214,7841.7158203125,31033,0.0,0.0
2016-03-25 00:00:00+09:00,7870.83064213225,7870.83064213225,7754.36952288985,7822.30517578125,40381,0.0,0.0
2016-03-28 00:00:00+09:00,7822.305360270388,7822.305360270388,7637.908583787586,7705.84423828125,59087,0.0,0.0
2016-03-29 00:00:00+09:00,7705.84423828125,8249.329474230557,7647.613677286681,7705.84423828125,176650,0.0,0.0
2016-03-30 00:00:00+09:00,7793.189717560934,8055.2272298575035,7715.548973176766,7938.76611328125,76214,0.0,0.0
2016-03-31 00:00:00+09:00,8016.406857665419,8016.406857665419,7832.010089753018,7938.76611328125,22243,0.0,0.0
2016-04-01 00:00:00+09:00,7996.997273813194,7996.997273813194,7783.485210677405,7870.8310546875,24265,0.0,0.0
2016-04-04 00:00:00+09:00,7793.190493243507,7938.766903453536,7647.614083033479,7754.3701171875,55217,0.0,0.0
2016-04-05 00:00:00+09:00,7773.780163453357,7861.126007986541,7754.3699757793165,7841.7158203125,36962,0.0,0.0
2016-04-06 00:00:00+09:00,7715.5496004312345,7841.7158203125,7715.5496004312345,7841.7158203125,17489,0.0,0.0
2016-04-07 00:00:00+09:00,7841.715301890432,7890.240767867476,7754.369463131751,7861.12548828125,23891,0.0,0.0
2016-04-08 00:00:00+09:00,7783.484742717978,7870.830581476659,7764.07455632716,7861.12548828125,49015,0.0,0.0
2016-04-11 00:00:00+09:00,7861.12579122947,8045.522569048434,7812.600323382376,7977.5869140625,55751,0.0,0.0
2016-04-12 00:00:00+09:00,7919.356097288439,8142.5732421875,7919.356097288439,8142.5732421875,91365,0.0,0.0
2016-04-14 00:00:00+09:00,8191.098769648203,8191.098769648203,7938.76634309506,8103.7529296875,80411,0.0,0.0
2016-04-15 00:00:00+09:00,8132.868209674401,8132.868209674401,8016.407089726797,8103.7529296875,43940,0.0,0.0
2016-04-18 00:00:00+09:00,8016.40695580939,8482.251427817684,8006.70186264255,8191.0986328125,386415,0.0,0.0
2016-04-19 00:00:00+09:00,8210.50838797433,8239.62366594587,8094.04727608817,8152.27783203125,58805,0.0,0.0
2016-04-20 00:00:00+09:00,8103.7528993522255,8191.098738985962,8055.227432889038,8123.1630859375,53271,0.0,0.0
2016-04-21 00:00:00+09:00,8123.1631930064,8152.278473268073,7938.7664180158135,8055.2275390625,81350,0.0,0.0
2016-04-22 00:00:00+09:00,8123.163821797976,8268.740234375,8006.702691736356,8268.740234375,70326,0.0,0.0
2016-04-25 00:00:00+09:00,8152.279183884297,8249.330126549587,8084.3435240185945,8220.21484375,52168,0.0,0.0
2016-04-26 00:00:00+09:00,8229.91911215651,8375.495511546073,8123.1630859375,8123.1630859375,72224,0.0,0.0
2016-04-27 00:00:00+09:00,8200.8038322786,8220.214018863873,8103.7528993522255,8123.1630859375,28209,0.0,0.0
2016-04-28 00:00:00+09:00,8123.163558486538,8152.278840058175,8006.7024321999925,8132.86865234375,40468,0.0,0.0
2016-04-29 00:00:00+09:00,8113.458023016467,8132.868209674401,7987.291809739895,8103.7529296875,32297,0.0,0.0
2016-05-02 00:00:00+09:00,8006.702577978149,8074.638236215539,7725.254850994675,7744.6650390625,81778,0.0,0.0
2016-05-03 00:00:00+09:00,7705.844506594214,7841.7158203125,7705.844506594214,7841.7158203125,26861,0.0,0.0
2016-05-04 00:00:00+09:00,7841.715423355673,7841.715423355673,7647.613556440929,7783.48486328125,43428,0.0,0.0
2016-05-09 00:00:00+09:00,7705.844222926494,7773.779877284788,7647.613662047956,7715.54931640625,18558,0.0,0.0
2016-05-10 00:00:00+09:00,7599.088179545187,7754.369674912649,7589.38308608472,7725.25439453125,29114,0.0,0.0
2016-05-11 00:00:00+09:00,7696.139053344727,7783.484893798828,7686.4339599609375,7764.07470703125,17323,0.0,0.0
2016-05-12 00:00:00+09:00,7725.254273068253,7841.715392762749,7725.254273068253,7802.89501953125,18576,0.0,0.0
2016-05-13 00:00:00+09:00,7754.370133096413,7890.241449571194,7725.254850994675,7744.6650390625,17137,0.0,0.0
2016-05-16 00:00:00+09:00,7734.959178691007,7734.959178691007,7569.972596460459,7608.79296875,35787,0.0,0.0
2016-05-17 00:00:00+09:00,7618.4981827883375,7618.4981827883375,7472.921784391108,7531.15234375,37318,0.0,0.0
2016-05-18 00:00:00+09:00,7521.4479134752855,7521.4479134752855,7298.230749591503,7424.39697265625,61998,0.0,0.0
2016-05-19 00:00:00+09:00,7424.396375501477,7424.396375501477,7104.128296558277,7181.76904296875,47214,0.0,0.0
2016-05-20 00:00:00+09:00,7181.76913348564,7628.203430972585,7094.4232926729765,7434.1015625,58138,0.0,0.0
2016-05-23 00:00:00+09:00,7434.101162880345,7511.741906095806,7239.9993048416945,7375.87060546875,25035,0.0,0.0
2016-05-24 00:00:00+09:00,7375.870620265151,7531.152107007575,7239.99931936553,7366.16552734375,21835,0.0,0.0
2016-05-25 00:00:00+09:00,7424.396235996954,7511.742074067506,7259.409652974799,7269.11474609375,29402,0.0,0.0
2016-05-26 00:00:00+09:00,7269.114701291348,7395.280911060089,7181.768863759142,7298.22998046875,20849,0.0,0.0
2016-05-27 00:00:00+09:00,7366.166109001494,7366.166109001494,7201.17951630976,7307.935546875,12746,0.0,0.0
2016-05-30 00:00:00+09:00,7288.524947385737,7385.575878775694,7191.47401599578,7259.40966796875,16330,0.0,0.0
2016-05-31 00:00:00+09:00,7142.948535547396,7278.8198392127,7142.948535547396,7269.11474609375,10020,0.0,0.0
2016-06-01 00:00:00+09:00,7181.768761837121,7395.280806107954,7181.768761837121,7366.16552734375,21704,0.0,0.0
2016-06-02 00:00:00+09:00,7463.216441586143,7463.216441586143,7239.9993048416945,7375.87060546875,18857,0.0,0.0
2016-06-03 00:00:00+09:00,7395.281079991144,7434.101453114457,7181.769027812922,7191.47412109375,38542,0.0,0.0
2016-06-07 00:00:00+09:00,7191.474530831099,7337.050938337801,7191.474530831099,7240.0,21152,0.0,0.0
2016-06-08 00:00:00+09:00,7239.999634740259,7754.36958198052,7201.179261363636,7472.921875,160265,0.0,0.0
2016-06-09 00:00:00+09:00,7463.216812133789,7472.921905517578,7327.345504760742,7453.51171875,52174,0.0,0.0
2016-06-10 00:00:00+09:00,7453.512191157348,7589.383507141986,7424.39690916064,7463.21728515625,39471,0.0,0.0
2016-06-13 00:00:00+09:00,7463.216587344348,7618.49807680795,7278.819818606322,7599.087890625,57611,0.0,0.0
2016-06-14 00:00:00+09:00,7560.268289802901,7560.268289802901,7356.461314082925,7424.39697265625,44743,0.0,0.0
2016-06-15 00:00:00+09:00,7385.575698370682,7424.396069978413,7259.409490645559,7375.87060546875,32142,0.0,0.0
2016-06-16 00:00:00+09:00,7298.22986225329,7599.087742213199,7269.114583547492,7375.87060546875,54338,0.0,0.0
2016-06-17 00:00:00+09:00,7337.050796771523,7667.023980753311,7288.525328538907,7327.345703125,161219,0.0,0.0
2016-06-20 00:00:00+09:00,7327.345396224133,7424.3963286244525,7210.88427734375,7210.88427734375,29914,0.0,0.0
2016-06-21 00:00:00+09:00,7220.589250790613,7346.755460817868,7201.1790646325735,7288.52490234375,18000,0.0,0.0
2016-06-22 00:00:00+09:00,7269.114836783941,7278.819930023973,7210.88427734375,7210.88427734375,18049,0.0,0.0
2016-06-23 00:00:00+09:00,7210.884734165268,7482.62736210151,7123.538889471476,7230.294921875,89277,0.0,0.0
2016-06-24 00:00:00+09:00,7239.9997293526785,7259.409916294642,6628.578840680803,6793.5654296875,94533,0.0,0.0
2016-06-27 00:00:00+09:00,6541.232804756332,6774.1550411274775,6502.412432027808,6609.16845703125,55383,0.0,0.0
2016-06-28 00:00:00+09:00,6531.527608472247,6735.334562079851,6531.527608472247,6677.10400390625,35138,0.0,0.0
2016-06-29 00:00:00+09:00,6822.680558153609,6929.436583956866,6677.104159330986,6890.6162109375,42315,0.0,0.0
2016-06-30 00:00:00+09:00,6958.551802947742,6958.551802947742,6842.090684906775,6929.4365234375,23723,0.0,0.0
2016-07-01 00:00:00+09:00,6929.437027469758,6958.552309097782,6871.206464213709,6919.73193359375,16837,0.0,0.0
2016-07-04 00:00:00+09:00,6929.436583956866,7084.718076034331,6803.270371643926,6890.6162109375,29693,0.0,0.0
2016-07-05 00:00:00+09:00,6929.436583956866,7007.077329995598,6851.795837918134,6890.6162109375,14580,0.0,0.0
2016-07-06 00:00:00+09:00,6890.616348854315,6929.436722650677,6735.334853668866,6803.2705078125,28584,0.0,0.0
2016-07-07 00:00:00+09:00,6900.321636962891,7482.627260335286,6764.4503248426645,6987.66748046875,180653,0.0,0.0
2016-07-08 00:00:00+09:00,7007.077544159942,7181.769228086367,6958.552076402601,7065.30810546875,37957,0.0,0.0
2016-07-11 00:00:00+09:00,7123.5385895399895,7123.5385895399895,6890.616346830235,7113.83349609375,39891,0.0,0.0
2016-07-12 00:00:00+09:00,7317.640732749214,7317.640732749214,6948.84716796875,6948.84716796875,39541,0.0,0.0
2016-07-13 00:00:00+09:00,6919.731370506181,7142.948511490251,6919.731370506181,6968.2568359375,58820,0.0,0.0
2016-07-14 00:00:00+09:00,6977.961944026761,7016.782316455283,6890.616106062587,6958.5517578125,30678,0.0,0.0
2016-07-15 00:00:00+09:00,6958.55213751187,7055.603073878841,6890.616482054989,7026.48779296875,22946,0.0,0.0
2016-07-18 00:00:00+09:00,6968.256776423996,7007.0771484375,6929.436404410491,7007.0771484375,12753,0.0,0.0
2016-07-19 00:00:00+09:00,6910.026262604311,7016.782286324322,6910.026262604311,6977.9619140625,12330,0.0,0.0
2016-07-20 00:00:00+09:00,7094.42344842563,7152.654010245813,6948.847043875173,7026.48779296875,30186,0.0,0.0
2016-07-21 00:00:00+09:00,7084.717817765646,7123.538189369841,6968.25670295306,7055.6025390625,26429,0.0,0.0
2016-07-22 00:00:00+09:00,7016.782691592262,9171.3134765625,7016.782691592262,9171.3134765625,4914523,0.0,0.0
2016-07-25 00:00:00+09:00,9705.093696611617,10093.297444476082,8424.021328658884,8521.072265625,3942830,0.0,0.0
2016-07-26 00:00:00+09:00,8656.943162983425,9899.195096685082,8637.532976519336,8783.109375,5690628,0.0,0.0
2016-07-27 00:00:00+09:00,8821.930226329043,9850.670164712847,8443.43156975387,9093.6728515625,3193853,0.0,0.0
2016-07-28 00:00:00+09:00,9006.327604166667,9278.070247395834,8647.239111328125,8734.5849609375,851377,0.0,0.0
2016-07-29 00:00:00+09:00,8851.04614339465,9346.005960623954,8618.12387646321,8705.4697265625,1156639,0.0,0.0
2016-08-01 00:00:00+09:00,8734.582965635382,8928.684809316168,8618.12185942691,8763.6982421875,352258,0.0,0.0
2016-08-02 00:00:00+09:00,8637.53290264423,8715.173647836538,8161.983338341346,8200.8037109375,502924,0.0,0.0
2016-08-03 00:00:00+09:00,8142.573211996507,8462.84128827289,7987.291720468564,8161.9833984375,552660,0.0,0.0
2016-08-04 00:00:00+09:00,8288.149384400554,8530.776708299869,8181.393361884857,8307.5595703125,246157,0.0,0.0
2016-08-05 00:00:00+09:00,8346.380108173076,9899.19501201923,8259.03426983173,8831.634765625,2924085,0.0,0.0
2016-08-08 00:00:00+09:00,8899.571321080943,9093.67320376537,8666.64906185963,8880.1611328125,390393,0.0,0.0
2016-08-09 00:00:00+09:00,8851.045850409837,9035.442638960041,8666.64906185963,8880.1611328125,287950,0.0,0.0
2016-08-10 00:00:00+09:00,8870.45477105615,9433.35015040107,8734.583472593582,9074.26171875,771390,0.0,0.0
2016-08-11 00:00:00+09:00,9035.441706400932,9297.479220979692,8763.699098689627,8841.33984375,390666,0.0,0.0
2016-08-12 00:00:00+09:00,8986.9162407382,9122.787544593852,8812.22456435236,8841.33984375,293142,0.0,0.0
2016-08-16 00:00:00+09:00,8928.6865234375,9413.941225798233,8831.635582965353,8928.6865234375,647122,0.0,0.0
2016-08-17 00:00:00+09:00,8957.802132161458,9016.032698567707,8579.303450520832,8734.5849609375,188572,0.0,0.0
2016-08-18 00:00:00+09:00,8783.109375,8996.621426104972,8773.404281767955,8783.109375,232745,0.0,0.0
2016-08-19 00:00:00+09:00,8841.339754293893,9142.197638358779,8744.288823950383,8899.5703125,287099,0.0,0.0
2016-08-22 00:00:00+09:00,8986.916632865406,9016.031913533438,8540.48232928894,8598.712890625,222100,0.0,0.0
2016-08-23 00:00:00+09:00,8598.71208836885,8773.403756078374,8482.2509765625,8482.2509765625,96855,0.0,0.0
2016-08-24 00:00:00+09:00,8453.135541357697,8753.993407927259,8453.135541357697,8589.0068359375,194306,0.0,0.0
2016-08-25 00:00:00+09:00,8724.878815607735,9646.862672651934,8686.058442679558,8783.109375,2776812,0.0,0.0
2016-08-26 00:00:00+09:00,8841.340166344804,9025.736942591293,8559.892455231742,8637.533203125,441398,0.0,0.0
2016-08-29 00:00:00+09:00,8530.776878004808,8579.30234375,8200.8037109375,8200.8037109375,225543,0.0,0.0
2016-08-30 00:00:00+09:00,8200.803417404262,8414.315459040823,8200.803417404262,8394.9052734375,128453,0.0,0.0
2016-08-31 00:00:00+09:00,8181.393479833063,8375.49534175081,8035.8170833947515,8229.9189453125,203256,0.0,0.0
2016-09-01 00:00:00+09:00,8249.328939369192,8491.956261115345,8210.508567889809,8356.0849609375,93302,0.0,0.0
2016-09-02 00:00:00+09:00,8356.08461665784,8695.762853107344,8317.264246777895,8589.0068359375,189790,0.0,0.0
2016-09-05 00:00:00+09:00,8598.71298384233,8598.71298384233,8443.431485262785,8540.482421875,99059,0.0,0.0
2016-09-06 00:00:00+09:00,8443.43049133716,8792.81382201318,8404.610121262047,8559.8916015625,201314,0.0,0.0
2016-09-07 00:00:00+09:00,8559.892798639112,8627.828455771169,8424.021484375,8424.021484375,98847,0.0,0.0
2016-09-08 00:00:00+09:00,8530.776862394725,8550.187048657284,8161.9833234061025,8210.5087890625,108480,0.0,0.0
2016-09-09 00:00:00+09:00,8123.162950880984,8336.674999769135,8055.227298962027,8210.5087890625,93633,0.0,0.0
2016-09-12 00:00:00+09:00,8181.392993330144,8647.237434231505,7958.175865398242,8559.8916015625,218777,0.0,0.0
2016-09-13 00:00:00+09:00,8530.777266420391,8705.468951056986,8491.956892056704,8579.302734375,89015,0.0,0.0
2016-09-19 00:00:00+09:00,8676.354078209919,9093.67312224015,8589.008231784986,8928.6865234375,505938,0.0,0.0
2016-09-20 00:00:00+09:00,8967.506725798872,9054.85257053068,8802.520130194347,9035.4423828125,170486,0.0,0.0
2016-09-21 00:00:00+09:00,9113.083934613853,9899.196606289808,9035.443176917463,9142.19921875,1752691,0.0,0.0
2016-09-22 00:00:00+09:00,9258.659149042234,9559.517045918868,9142.198027670633,9278.0693359375,397275,0.0,0.0
2016-09-23 00:00:00+09:00,9481.876585612674,9520.696960579358,9103.3779296875,9103.3779296875,256090,0.0,0.0
2016-09-26 00:00:00+09:00,9365.41546875,9996.2465625,9365.41546875,9705.09375,1201281,0.0,0.0
2016-09-27 00:00:00+09:00,9753.619140625,10238.873824238184,9559.517267179726,9753.619140625,767962,0.0,0.0
2016-09-28 00:00:00+09:00,9705.09359529703,9899.19546720297,9617.747752939356,9802.14453125,330188,0.0,0.0
2016-09-29 00:00:00+09:00,9899.19546720297,10093.29733910891,9695.388501701733,9802.14453125,396172,0.0,0.0
2016-09-30 00:00:00+09:00,9705.094052624872,9753.619522887997,9365.415760783002,9520.697265625,258676,0.0,0.0
2016-10-04 00:00:00+09:00,9656.56688505006,9996.2451171875,9559.51596158222,9996.2451171875,292136,0.0,0.0
2016-10-05 00:00:00+09:00,9996.246403155941,10141.822807085397,9675.978314511138,9802.14453125,355214,0.0,0.0
2016-10-06 00:00:00+09:00,9802.144875372023,10190.3486328125,9608.042996651786,10190.3486328125,452535,0.0,0.0
2016-10-07 00:00:00+09:00,11743.162118459302,12665.145921148256,10190.347292877907,10432.974609375,5007147,0.0,0.0
2016-10-10 00:00:00+09:00,10384.449808054957,11257.908203125,10335.924341662176,11257.908203125,879060,0.0,0.0
2016-10-11 00:00:00+09:00,11063.805885416667,11403.484136284722,10772.653098958333,10918.2294921875,551136,0.0,0.0
2016-10-12 00:00:00+09:00,10724.128472729264,11063.806750146028,10384.4501953125,10384.4501953125,435691,0.0,0.0
2016-10-13 00:00:00+09:00,10335.924517463234,10432.975451899509,9899.1953125,9899.1953125,425239,0.0,0.0
2016-10-14 00:00:00+09:00,10093.297419154229,10093.297419154229,9705.093672263682,9753.619140625,292776,0.0,0.0
2016-10-17 00:00:00+09:00,9802.144814768144,10093.297631048386,9549.812373991936,9627.453125,270009,0.0,0.0
2016-10-18 00:00:00+09:00,9627.452327806122,9899.194933832907,9336.299535634565,9510.9912109375,270657,0.0,0.0
2016-10-19 00:00:00+09:00,9510.9912109375,9608.042141661352,9365.414814851722,9510.9912109375,176953,0.0,0.0
2016-10-20 00:00:00+09:00,9578.92753125,9996.2465625,9530.4020625,9705.09375,328385,0.0,0.0
2016-10-21 00:00:00+09:00,9802.14453125,9996.246403155941,9608.042659344059,9802.14453125,194535,0.0,0.0
2016-10-24 00:00:00+09:00,9899.19546720297,10141.822807085397,9705.09359529703,9802.14453125,280033,0.0,0.0
2016-10-25 00:00:00+09:00,9802.144080528846,9899.19501201923,9413.940354567309,9462.4658203125,219008,0.0,0.0
2016-10-26 00:00:00+09:00,9229.544116730385,9404.235803482381,8744.289431308178,9122.7880859375,310318,0.0,0.0
2016-10-27 00:00:00+09:00,9122.787780761719,9501.286422729492,9122.787780761719,9316.8896484375,147926,0.0,0.0
2016-10-28 00:00:00+09:00,9307.185191278872,9307.185191278872,8918.981429390285,8928.6865234375,143289,0.0,0.0
2016-10-31 00:00:00+09:00,8957.800649225455,9530.40112409469,8569.596937449705,9045.146484375,351814,0.0,0.0
2016-11-01 00:00:00+09:00,8948.095556431063,9161.607597907725,8938.390463636668,9045.146484375,71881,0.0,0.0
2016-11-02 00:00:00+09:00,8948.096503659586,9045.147441877152,8453.13671875,8453.13671875,191839,0.0,0.0
2016-11-03 00:00:00+09:00,8443.431896772541,8918.981509349385,8346.380955430328,8880.1611328125,197422,0.0,0.0
2016-11-04 00:00:00+09:00,9996.246958247952,9996.246958247952,8880.1611328125,8880.1611328125,1160402,0.0,0.0
2016-11-07 00:00:00+09:00,8831.635535871479,9045.147603771667,8831.635535871479,8957.8017578125,128112,0.0,0.0
2016-11-08 00:00:00+09:00,9035.441925525169,9326.5947265625,8957.801178581882,9326.5947265625,163928,0.0,0.0
2016-11-09 00:00:00+09:00,9219.83891137585,9316.889847285069,7996.997118919683,8579.302734375,511105,0.0,0.0
2016-11-10 00:00:00+09:00,8851.045297712933,9229.5439453125,8792.81473654377,9229.5439453125,221962,0.0,0.0
2016-11-11 00:00:00+09:00,9122.78758912513,9540.106595861704,9064.557030045607,9443.0556640625,231202,0.0,0.0
2016-11-14 00:00:00+09:00,9394.530198162898,9588.632061761306,9297.479266363694,9443.0556640625,132392,0.0,0.0
2016-11-15 00:00:00+09:00,9394.530550986841,9472.171299342104,9190.723586554275,9219.8388671875,118413,0.0,0.0
2016-11-16 00:00:00+09:00,9239.248751610825,9452.760802593428,9219.838565157861,9413.9404296875,73099,0.0,0.0
2016-11-17 00:00:00+09:00,9413.941183943089,9588.63287601626,9190.724021849594,9549.8125,162328,0.0,0.0
2016-11-18 00:00:00+09:00,9491.581329345703,9510.991516113281,9278.069274902344,9316.8896484375,99778,0.0,0.0
2016-11-21 00:00:00+09:00,9239.24856870229,9297.479126908398,8734.58373091603,8899.5703125,131921,0.0,0.0
2016-11-22 00:00:00+09:00,8986.91614980916,9074.261987118321,8851.044847328245,8899.5703125,39512,0.0,0.0
2016-11-23 00:00:00+09:00,8899.570727264747,8938.391101211377,8637.533203125,8637.533203125,119381,0.0,0.0
2016-11-24 00:00:00+09:00,8559.89179148087,8724.878367960659,8336.674658596448,8433.7255859375,99876,0.0,0.0
2016-11-25 00:00:00+09:00,8268.739419495032,8792.814453125,8268.739419495032,8792.814453125,71868,0.0,0.0
2016-11-28 00:00:00+09:00,8783.10960542486,8783.10960542486,8608.417922665029,8637.533203125,53404,0.0,0.0
2016-11-29 00:00:00+09:00,8637.533203125,8812.224885884832,8472.546613851826,8637.533203125,59876,0.0,0.0
2016-11-30 00:00:00+09:00,8559.892379539106,8763.699340956704,8482.251632332402,8686.05859375,44097,0.0,0.0
2016-12-01 00:00:00+09:00,8715.173400418016,9016.031279497034,8627.827564556364,8996.62109375,83923,0.0,0.0
2016-12-02 00:00:00+09:00,9035.441955120894,9316.8896637122,8928.685927724193,9307.1845703125,179584,0.0,0.0
2016-12-05 00:00:00+09:00,9287.774615788863,9287.774615788863,9122.78802386785,9161.6083984375,129820,0.0,0.0
2016-12-06 00:00:00+09:00,9171.31366794912,9656.568359375,9171.31366794912,9656.568359375,263605,0.0,0.0
2016-12-07 00:00:00+09:00,9578.9267578125,9685.68278044263,9355.709619585867,9578.9267578125,267761,0.0,0.0
2016-12-08 00:00:00+09:00,9608.04217192293,9802.144033981978,9433.350496069786,9491.5810546875,229984,0.0,0.0
2016-12-09 00:00:00+09:00,9491.581611473881,9996.246482431592,9481.876517801617,9753.619140625,325738,0.0,0.0
2016-12-12 00:00:00+09:00,9802.14327025182,10335.92334932494,9753.6178085179,9996.2451171875,340277,0.0,0.0
2016-12-13 00:00:00+09:00,9996.2451171875,10141.821502389259,9850.66873198574,9996.2451171875,112311,0.0,0.0
2016-12-14 00:00:00+09:00,10044.77203125,10093.2975,9705.09375,9705.09375,127411,0.0,0.0
2016-12-15 00:00:00+09:00,9608.042435213414,10044.771636814025,9608.042435213414,9947.720703125,101044,0.0,0.0
2016-12-16 00:00:00+09:00,9947.720857065886,10093.297259852217,9753.618986684114,9850.669921875,96428,0.0,0.0
2016-12-19 00:00:00+09:00,9850.670077347637,9996.246482431592,9656.568203902363,9753.619140625,119575,0.0,0.0
2016-12-20 00:00:00+09:00,9802.14415383454,10190.347882699276,9705.093221618357,10044.771484375,169357,0.0,0.0
2016-12-21 00:00:00+09:00,10044.772223772321,10287.399572172619,9947.721284412202,10190.3486328125,152491,0.0,0.0
2016-12-22 00:00:00+09:00,10238.872425857098,10238.872425857098,9947.71965545358,9996.2451171875,66676,0.0,0.0
2016-12-23 00:00:00+09:00,9899.195891895934,10141.8232421875,9850.67042183762,10141.8232421875,86448,0.0,0.0
2016-12-26 00:00:00+09:00,10093.29695048309,10238.873348807367,9947.720552158817,10044.771484375,105679,0.0,0.0
2016-12-27 00:00:00+09:00,9947.720703125,10044.771636814025,9850.669769435975,9947.720703125,69081,0.0,0.0
2016-12-28 00:00:00+09:00,9850.669921875,9996.24632466133,9802.144454279556,9850.669921875,59597,0.0,0.0
2016-12-29 00:00:00+09:00,9802.144608986318,9850.670077347637,9608.042735541045,9753.619140625,142951,0.0,0.0
2017-01-02 00:00:00+09:00,9705.09359529703,9947.720935179455,9675.978314511138,9802.14453125,64948,0.0,0.0
2017-01-03 00:00:00+09:00,9899.195891895934,10141.8232421875,9802.144951779306,10141.8232421875,106316,0.0,0.0
2017-01-04 00:00:00+09:00,10238.873867554285,10724.128553220364,10190.348398987677,10335.9248046875,534026,0.0,0.0
2017-01-05 00:00:00+09:00,10287.399572172619,10384.450511532737,10190.3486328125,10190.3486328125,114352,0.0,0.0
2017-01-06 00:00:00+09:00,10287.398511552132,10287.398511552132,10044.771188166469,10238.873046875,93331,0.0,0.0
2017-01-09 00:00:00+09:00,10384.449742542614,11063.806267755683,10238.87334428267,10675.6025390625,723933,0.0,0.0
2017-01-10 00:00:00+09:00,10675.602463942309,12276.942833533654,10530.02606670673,11354.958984375,2198509,0.0,0.0
2017-01-11 00:00:00+09:00,11354.958761867088,11500.53515625,11160.856902689873,11500.53515625,345554,0.0,0.0
2017-01-12 00:00:00+09:00,11500.53523073358,11597.586160950741,11209.382440082098,11452.009765625,278612,0.0,0.0
2017-01-13 00:00:00+09:00,11500.535674672068,11888.739410525977,11354.959273726852,11791.6884765625,344871,0.0,0.0
2017-01-16 00:00:00+09:00,11743.16248022152,11840.213409810127,11257.90783227848,11500.53515625,173532,0.0,0.0
2017-01-17 00:00:00+09:00,11500.536290724734,12082.841925698138,11257.90894281915,11403.4853515625,522386,0.0,0.0
2017-01-18 00:00:00+09:00,11452.00999195279,11694.637322290773,11112.331729479614,11306.43359375,167363,0.0,0.0
2017-01-19 00:00:00+09:00,11306.433669517779,11500.5355350889,11257.908203125,11257.908203125,129171,0.0,0.0
2017-01-20 00:00:00+09:00,11160.857654185022,11354.959526431718,10821.179377753304,11015.28125,191153,0.0,0.0
2017-01-23 00:00:00+09:00,11063.806718061674,11354.959526431718,10821.179377753304,11015.28125,186168,0.0,0.0
2017-01-24 00:00:00+09:00,11063.806044756355,11452.009765625,10869.704184322034,11452.009765625,207215,0.0,0.0
2017-01-25 00:00:00+09:00,11452.010382401315,11452.010382401315,10966.75570518092,11063.806640625,189348,0.0,0.0
2017-01-26 00:00:00+09:00,11063.806487771739,11257.908355978261,10966.755553668478,11160.857421875,104552,0.0,0.0
2017-01-31 00:00:00+09:00,11160.857774750526,11694.637929195116,11015.28136899291,11549.0615234375,334349,0.0,0.0
2017-02-01 00:00:00+09:00,11452.010432942709,11646.1123046875,11354.959497070313,11646.1123046875,150141,0.0,0.0
2017-02-02 00:00:00+09:00,11549.06052951389,11743.162387152779,10869.704027777778,10918.2294921875,434839,0.0,0.0
2017-02-03 00:00:00+09:00,10821.179248951099,11209.382988823785,10384.45004159433,10481.5009765625,269127,0.0,0.0
2017-02-06 00:00:00+09:00,10530.0263671875,10821.17916996688,10335.924498667915,10530.0263671875,181932,0.0,0.0
2017-02-07 00:00:00+09:00,10530.027002654007,10675.603412828947,9899.195891895934,10141.8232421875,225637,0.0,0.0
2017-02-08 00:00:00+09:00,10335.924517463234,10335.924517463234,9705.093443627451,9899.1953125,177747,0.0,0.0
2017-02-09 00:00:00+09:00,9850.669921875,10044.771792256774,9802.144454279556,9850.669921875,63289,0.0,0.0
2017-02-10 00:00:00+09:00,10044.772047438064,10093.297516266266,9695.388671875,9695.388671875,148482,0.0,0.0
2017-02-13 00:00:00+09:00,9675.977687476254,9695.387873409005,9316.889247720364,9578.9267578125,108026,0.0,0.0
2017-02-14 00:00:00+09:00,9588.632625,9850.67015625,9588.632625,9705.09375,74091,0.0,0.0
2017-02-15 00:00:00+09:00,9705.092802793086,9802.143730821017,9646.862245976328,9685.6826171875,61208,0.0,0.0
2017-02-16 00:00:00+09:00,9705.093828517589,9850.670235945352,9510.991951947237,9656.568359375,79188,0.0,0.0
2017-02-17 00:00:00+09:00,9656.56776034955,9656.56776034955,9413.9404296875,9413.9404296875,115329,0.0,0.0
2017-02-20 00:00:00+09:00,9452.760335895722,9452.760335895722,9074.26171875,9074.26171875,172255,0.0,0.0
2017-02-21 00:00:00+09:00,9035.442242561503,9248.954304147273,9035.442242561503,9122.7880859375,89077,0.0,0.0
2017-02-22 00:00:00+09:00,9113.082777491156,9355.710114485062,9113.082777491156,9258.6591796875,113946,0.0,0.0
2017-02-23 00:00:00+09:00,9413.940738075658,9491.581486430921,9161.608305921052,9219.8388671875,99343,0.0,0.0
2017-02-24 00:00:00+09:00,9171.31357016274,9316.88997603834,9113.0830078125,9113.0830078125,46555,0.0,0.0
2017-02-27 00:00:00+09:00,9035.44169108073,9200.428274054277,8851.044921875,8851.044921875,62568,0.0,0.0
2017-02-28 00:00:00+09:00,8957.801193237305,8957.801193237305,8666.648391723633,8695.763671875,79443,0.0,0.0
2017-03-02 00:00:00+09:00,8831.635427167339,8831.635427167339,8336.675639490926,8424.021484375,134931,0.0,0.0
2017-03-03 00:00:00+09:00,8424.021468060113,8589.00806363272,7929.061681342296,8132.86865234375,373723,0.0,0.0
2017-03-06 00:00:00+09:00,7929.0616648456835,7929.0616648456835,7550.563005201888,7841.7158203125,213321,0.0,0.0
2017-03-07 00:00:00+09:00,7793.19036676154,7909.6514930394205,7773.780179048559,7832.0107421875,69688,0.0,0.0
2017-03-08 00:00:00+09:00,7832.010564123055,7832.010564123055,7628.20359777041,7637.90869140625,69623,0.0,0.0
2017-03-09 00:00:00+09:00,7637.908478049898,7861.1256254389045,7637.908478049898,7773.77978515625,82429,0.0,0.0
2017-03-10 00:00:00+09:00,7773.780926701152,8637.53436300128,7472.92298821459,8530.7783203125,423089,0.0,0.0
2017-03-13 00:00:00+09:00,8724.87877073582,8986.916286653359,8589.007466185985,8812.224609375,226378,0.0,0.0
2017-03-14 00:00:00+09:00,8812.225347880552,8967.506851807962,8695.764219934994,8957.8017578125,141812,0.0,0.0
2017-03-15 00:00:00+09:00,9025.736491770947,9025.736491770947,8802.51935272715,8918.98046875,94611,0.0,0.0
2017-03-16 00:00:00+09:00,8938.39122953869,9996.246434771825,8831.635199652777,9171.3134765625,1654434,0.0,0.0
2017-03-17 00:00:00+09:00,9258.659149042234,9569.2221393665,8986.9165325085,9278.0693359375,279817,0.0,0.0
2017-03-20 00:00:00+09:00,9316.89000800427,9443.05622686266,9035.442289012473,9093.6728515625,126451,0.0,0.0
2017-03-21 00:00:00+09:00,9045.147603771667,9161.608731717226,8948.096663817036,8957.8017578125,98836,0.0,0.0
2017-03-22 00:00:00+09:00,8928.686319332797,9151.903477316117,8763.699724301647,9054.8525390625,89490,0.0,0.0
2017-03-23 00:00:00+09:00,8977.211193471228,9142.197777567455,8734.583863917951,8812.224609375,95612,0.0,0.0
2017-03-24 00:00:00+09:00,8705.46919160345,9316.8901047261,8705.46919160345,9035.4423828125,167788,0.0,0.0
2017-03-27 00:00:00+09:00,9054.852141920295,9307.1845703125,8880.16046072569,9307.1845703125,80810,0.0,0.0
2017-03-28 00:00:00+09:00,9326.594486669972,9802.14404946584,9035.441693121482,9481.8759765625,384186,0.0,0.0
2017-03-29 00:00:00+09:00,9608.04218710018,9608.04218710018,9365.414859143104,9481.8759765625,80017,0.0,0.0
2017-03-30 00:00:00+09:00,9462.465790325934,9646.862559573312,9384.82504537967,9481.8759765625,121720,0.0,0.0
2017-03-31 00:00:00+09:00,9481.876857753688,9627.453268056968,9433.351387652594,9540.107421875,83482,0.0,0.0
2017-04-03 00:00:00+09:00,9588.6318359375,9637.157300694269,9472.170720521255,9588.6318359375,100261,0.0,0.0
2017-04-04 00:00:00+09:00,9588.632421875,9598.337515419407,9190.723586554275,9219.8388671875,114265,0.0,0.0
2017-04-05 00:00:00+09:00,9404.235504309503,9559.516998704705,9258.659103314,9307.1845703125,95091,0.0,0.0
2017-04-06 00:00:00+09:00,9588.6320923983,10530.026133858457,9413.940414601571,9423.6455078125,773115,0.0,0.0
2017-04-07 00:00:00+09:00,9540.107485715653,9540.107485715653,9239.249569075588,9501.287109375,94579,0.0,0.0
2017-04-10 00:00:00+09:00,9501.285907613821,9540.106279044316,8783.10903614965,9006.326171875,125657,0.0,0.0
2017-04-11 00:00:00+09:00,8851.045723862404,9142.1985437263,8763.699877903236,8957.8017578125,117149,0.0,0.0
2017-04-12 00:00:00+09:00,8957.801789622354,8996.62216574206,8821.93047320338,8938.3916015625,46146,0.0,0.0
2017-04-13 00:00:00+09:00,8938.390565878379,9074.261866554054,8889.865101351352,8977.2109375,33521,0.0,0.0
2017-04-14 00:00:00+09:00,9540.106598034828,9753.618648041713,8802.51951619287,8812.224609375,689091,0.0,0.0
2017-04-17 00:00:00+09:00,8812.225473872952,8986.917168288934,8812.225473872952,8880.1611328125,66702,0.0,0.0
2017-04-18 00:00:00+09:00,8918.980573687637,8957.800946152001,8802.519456294545,8851.044921875,55688,0.0,0.0
2017-04-19 00:00:00+09:00,8831.635072858146,8909.275820751405,8530.77717477177,8637.533203125,134771,0.0,0.0
2017-04-20 00:00:00+09:00,8637.532578395641,8637.532578395641,8317.264516500072,8404.6103515625,99957,0.0,0.0
2017-04-21 00:00:00+09:00,8404.610659065575,8443.431031624768,7890.24072265625,7890.24072265625,215946,0.0,0.0
2017-04-24 00:00:00+09:00,7880.535590277777,7890.240683369253,7531.152238984674,7599.087890625,187898,0.0,0.0
2017-04-25 00:00:00+09:00,7599.087972005208,7938.766233844522,7579.67778561439,7861.12548828125,81821,0.0,0.0
2017-04-26 00:00:00+09:00,7812.60069729989,7938.766919740759,7628.203910655546,7744.6650390625,99233,0.0,0.0
2017-04-27 00:00:00+09:00,7744.664459684002,7822.305206147,7696.138993144628,7802.89501953125,50116,0.0,0.0
2017-04-28 00:00:00+09:00,7841.7158203125,7948.471852519725,7802.895444964419,7841.7158203125,61865,0.0,0.0
2017-05-02 00:00:00+09:00,7754.369426081731,7822.305078125,7560.2675631009615,7569.97265625,82124,0.0,0.0
2017-05-04 00:00:00+09:00,7472.92192083605,7628.203415294981,7317.640426377119,7443.806640625,101739,0.0,0.0
2017-05-08 00:00:00+09:00,7589.38297969358,7589.38297969358,7375.87092655642,7482.626953125,63924,0.0,0.0
2017-05-10 00:00:00+09:00,7764.0746312111805,8200.80382921681,7667.023698321041,7812.60009765625,453311,0.0,0.0
2017-05-11 00:00:00+09:00,7851.420767359455,7919.356422948474,7608.793425970102,7628.20361328125,90349,0.0,0.0
2017-05-12 00:00:00+09:00,7696.138851932618,7725.254131322023,7560.2675481153965,7579.677734375,47827,0.0,0.0
2017-05-15 00:00:00+09:00,7511.742233098249,7715.549192910992,7453.511673151751,7482.626953125,52254,0.0,0.0
2017-05-16 00:00:00+09:00,7424.396499713678,7482.627060495746,7327.345565076898,7414.69140625,83898,0.0,0.0
2017-05-17 00:00:00+09:00,7346.755897269601,7705.844362525843,7346.755897269601,7628.20361328125,116654,0.0,0.0
2017-05-18 00:00:00+09:00,7502.037049046815,7569.972701496139,7472.921769425676,7540.857421875,33188,0.0,0.0
2017-05-19 00:00:00+09:00,7579.678269727065,7715.549583140866,7540.8578944659785,7550.56298828125,55420,0.0,0.0
2017-05-22 00:00:00+09:00,7550.562622983556,7909.651076775834,7472.921876217659,7783.48486328125,211592,0.0,0.0
2017-05-23 00:00:00+09:00,7851.420501366944,7851.420501366944,7715.549194791992,7793.18994140625,70807,0.0,0.0
2017-05-24 00:00:00+09:00,7773.779846421149,7861.125687392174,7657.318725126451,7734.95947265625,58052,0.0,0.0
2017-05-25 00:00:00+09:00,7841.715065416141,7841.715065416141,7667.023393166772,7696.138671875,71008,0.0,0.0
2017-05-26 00:00:00+09:00,8142.573200711873,8152.278293918919,7540.857421875,7540.857421875,195310,0.0,0.0
2017-05-29 00:00:00+09:00,7540.857528409091,7657.318648538961,7453.511688311688,7472.921875,53295,0.0,0.0
2017-05-30 00:00:00+09:00,7434.102003159542,7569.973319144181,7434.102003159542,7463.21728515625,42103,0.0,0.0
2017-05-31 00:00:00+09:00,7521.447341720779,7540.857528409091,7404.986221590909,7472.921875,32633,0.0,0.0
2017-06-01 00:00:00+09:00,7395.281128246753,7550.562621753246,7395.281128246753,7472.921875,34872,0.0,0.0
2017-06-02 00:00:00+09:00,7472.921905517578,7521.447372436523,7404.986251831055,7453.51171875,36758,0.0,0.0
2017-06-05 00:00:00+09:00,7395.280926212967,7404.986019291986,7181.768878474534,7288.52490234375,112547,0.0,0.0
2017-06-07 00:00:00+09:00,7201.179094261098,7346.755491045352,7201.179094261098,7269.11474609375,39198,0.0,0.0
2017-06-08 00:00:00+09:00,7278.820143109395,7977.586876847897,7278.820143109395,7385.576171875,288972,0.0,0.0
2017-06-09 00:00:00+09:00,7395.28096490877,7676.728665673016,7385.5758717789695,7579.677734375,108443,0.0,0.0
2017-06-12 00:00:00+09:00,7569.97291734928,7579.67801083306,7366.165954189876,7404.986328125,60184,0.0,0.0
2017-06-13 00:00:00+09:00,7346.755782480315,7482.6270915354335,7346.755782480315,7395.28125,39011,0.0,0.0
2017-06-14 00:00:00+09:00,7395.281358650662,7443.806826883278,7327.345703125,7327.345703125,33163,0.0,0.0
2017-06-15 00:00:00+09:00,7337.050367738849,7395.280926212967,7259.4096231066915,7288.52490234375,29979,0.0,0.0
2017-06-16 00:00:00+09:00,7288.524783972538,7424.396084872159,7288.524783972538,7366.16552734375,21811,0.0,0.0
2017-06-19 00:00:00+09:00,7327.345259646152,7414.691097178357,7278.819794350482,7298.22998046875,33865,0.0,0.0
2017-06-20 00:00:00+09:00,7259.409789379222,7375.8709089949325,7123.538483160895,7181.76904296875,56095,0.0,0.0
2017-06-21 00:00:00+09:00,7152.654057813584,7239.99990112474,6939.141996386313,6997.37255859375,53412,0.0,0.0
2017-06-22 00:00:00+09:00,6939.141556678708,7075.012859886403,6910.026277419916,6968.2568359375,30016,0.0,0.0
2017-06-23 00:00:00+09:00,6900.321560479526,7133.243807246768,6900.321560479526,7036.19287109375,24251,0.0,0.0
2017-06-26 00:00:00+09:00,7036.1926252314,7075.012998336125,6793.565293326869,6880.9111328125,30246,0.0,0.0
2017-06-27 00:00:00+09:00,6987.666857489225,6997.371950346848,6745.039536048626,6754.74462890625,51184,0.0,0.0
2017-06-28 00:00:00+09:00,6715.924512725515,6715.924512725515,6550.937927875322,6589.75830078125,55693,0.0,0.0
2017-06-29 00:00:00+09:00,6560.643460181452,6686.809680569556,6502.4128969254025,6618.8740234375,28740,0.0,0.0
2017-06-30 00:00:00+09:00,6521.822708333333,6725.629667968749,6521.822708333333,6550.93798828125,18176,0.0,0.0
2017-07-03 00:00:00+09:00,7055.602808085996,7055.602808085996,6570.34814453125,6570.34814453125,59338,0.0,0.0
2017-07-04 00:00:00+09:00,6599.463673647882,6696.514610025057,6415.06689453125,6415.06689453125,53456,0.0,0.0
2017-07-05 00:00:00+09:00,6434.4770818066845,6512.117830908424,6415.06689453125,6415.06689453125,23688,0.0,0.0
2017-07-06 00:00:00+09:00,6405.362019496682,6599.463898875369,6405.362019496682,6580.0537109375,30757,0.0,0.0
2017-07-07 00:00:00+09:00,6502.412521701389,6638.283828125,6502.412521701389,6550.93798828125,13151,0.0,0.0
2017-07-10 00:00:00+09:00,6463.592193603516,6521.82275390625,6114.208831787109,6211.259765625,78285,0.0,0.0
2017-07-11 00:00:00+09:00,6123.913649148925,6201.554392719751,5716.299745402087,5755.1201171875,164771,0.0,0.0
2017-07-12 00:00:00+09:00,5755.1201171875,5813.35067486562,5628.953908884908,5755.1201171875,32660,0.0,0.0
2017-07-13 00:00:00+09:00,5755.120621139939,5813.3511839170715,5628.954401789485,5745.41552734375,56080,0.0,0.0
2017-07-14 00:00:00+09:00,5745.4153304973825,5774.530610888416,5298.981031168194,5561.0185546875,76395,0.0,0.0
2017-07-17 00:00:00+09:00,5726.005141076963,5881.286636428203,5561.0185522662705,5871.58154296875,63173,0.0,0.0
2017-07-18 00:00:00+09:00,5784.235456016553,5881.28638648663,5716.2998046875,5716.2998046875,36229,0.0,0.0
2017-07-19 00:00:00+09:00,5696.889831040207,5949.222259672312,5687.184737631281,5890.99169921875,43534,0.0,0.0
2017-07-20 00:00:00+09:00,5929.811966389709,6250.080043134161,5823.0559408082245,5958.92724609375,118276,0.0,0.0
2017-07-21 00:00:00+09:00,5890.9912986818845,5949.221855176269,5755.120000194987,5832.7607421875,43885,0.0,0.0
2017-07-24 00:00:00+09:00,5852.1708984375,5890.991269239738,5793.940342234141,5852.1708984375,33415,0.0,0.0
2017-07-25 00:00:00+09:00,5774.530438984911,5842.466091208263,5667.7744140625,5667.7744140625,49438,0.0,0.0
2017-07-26 00:00:00+09:00,5667.774854929728,5832.761451734189,5667.774854929728,5696.89013671875,25284,0.0,0.0
2017-07-27 00:00:00+09:00,5667.7745361328125,5735.710189819336,5483.37776184082,5590.1337890625,17735,0.0,0.0
2017-07-28 00:00:00+09:00,5531.902995373994,5570.7233672713555,5425.14697265625,5425.14697265625,40585,0.0,0.0
2017-07-31 00:00:00+09:00,5269.865737971345,5473.67270021333,5240.750457651061,5260.16064453125,31430,0.0,0.0
2017-08-01 00:00:00+09:00,5240.750457651061,5337.801392052007,4969.007841328414,5260.16064453125,31081,0.0,0.0
2017-08-02 00:00:00+09:00,5221.340225415711,5298.980972262041,5192.224945348337,5289.27587890625,24202,0.0,0.0
2017-08-03 00:00:00+09:00,5289.27609775924,5337.801566546022,5104.879316369468,5153.40478515625,25672,0.0,0.0
2017-08-04 00:00:00+09:00,5153.404880022322,5201.930349702381,5095.17431640625,5095.17431640625,17614,0.0,0.0
2017-08-07 00:00:00+09:00,5095.174115829752,5231.045425585212,5095.174115829752,5221.34033203125,22618,0.0,0.0
2017-08-08 00:00:00+09:00,5231.045244140625,5386.326735617898,5231.045244140625,5337.80126953125,18657,0.0,0.0
2017-08-09 00:00:00+09:00,5337.801438934949,5337.801438934949,5192.225036054905,5231.04541015625,15922,0.0,0.0
2017-08-10 00:00:00+09:00,5153.404646809896,5260.160675274884,5143.6995533130785,5240.75048828125,11428,0.0,0.0
2017-08-11 00:00:00+09:00,5143.699525122549,5192.224992340686,4949.59765625,4949.59765625,24354,0.0,0.0
2017-08-14 00:00:00+09:00,4901.072016990989,4988.417854917561,4706.970154931941,4745.79052734375,41391,0.0,0.0
2017-08-16 00:00:00+09:00,4750.642992349437,5153.404349208481,4673.002248858537,4799.16845703125,87171,0.0,0.0
2017-08-17 00:00:00+09:00,4808.873801317402,4969.007843137255,4799.168707873774,4949.59765625,17815,0.0,0.0
2017-08-18 00:00:00+09:00,4978.713527134487,4978.713527134487,4842.84220280723,4891.36767578125,13713,0.0,0.0
2017-08-21 00:00:00+09:00,4920.482133952318,4920.482133952318,4755.495553523936,4789.46337890625,27804,0.0,0.0
2017-08-22 00:00:00+09:00,4760.3486328125,4828.284291180874,4648.7400512073145,4760.3486328125,21643,0.0,0.0
2017-08-23 00:00:00+09:00,4736.08545673077,4808.873655348558,4702.117630709135,4731.23291015625,9703,0.0,0.0
2017-08-24 00:00:00+09:00,4658.44495526839,4949.597764972664,4658.44495526839,4881.662109375,49089,0.0,0.0
2017-08-25 00:00:00+09:00,4862.251922061381,4910.777390345427,4794.3162664637175,4881.662109375,16892,0.0,0.0
2017-08-28 00:00:00+09:00,4910.777177526596,5221.34016108559,4881.6618978179395,5017.533203125,38929,0.0,0.0
2017-08-29 00:00:00+09:00,4998.123154527559,5066.058809055118,4881.662032480315,4930.1875,10840,0.0,0.0
2017-08-30 00:00:00+09:00,4988.418489456177,4998.12358379364,4828.284432888031,4969.00830078125,7966,0.0,0.0
2017-08-31 00:00:00+09:00,4969.007843137255,5201.930085784314,4901.072189031863,4949.59765625,33842,0.0,0.0
2017-09-01 00:00:00+09:00,5085.468877963362,6172.4393251616375,4881.661919113685,5628.9541015625,2236356,0.0,0.0
2017-09-04 00:00:00+09:00,5298.980896661932,5483.377667791194,5172.814684836648,5337.80126953125,265565,0.0,0.0
2017-09-05 00:00:00+09:00,5328.096298611912,5386.326859252479,5201.930083890683,5260.16064453125,89195,0.0,0.0
2017-09-06 00:00:00+09:00,5260.1603938925855,5308.685858780894,5095.1738132723385,5104.87890625,63309,0.0,0.0
2017-09-07 00:00:00+09:00,5104.879042250966,5153.40450843206,4998.123016652563,5017.533203125,46929,0.0,0.0
2017-09-08 00:00:00+09:00,5007.828109888781,5095.173949014748,4920.482270762814,5017.533203125,28627,0.0,0.0
2017-09-11 00:00:00+09:00,4978.712668678977,4998.12285452178,4629.329323508522,4804.02099609375,47359,0.0,0.0
2017-09-12 00:00:00+09:00,4784.6107517769915,4998.12279343844,4716.67510215744,4842.84130859375,70375,0.0,0.0
2017-09-13 00:00:00+09:00,4799.168390981181,4871.956587002129,4794.315844579784,4842.84130859375,23057,0.0,0.0
2017-09-14 00:00:00+09:00,4842.841375244881,4881.661746990331,4750.642992349437,4799.16845703125,20760,0.0,0.0
2017-09-15 00:00:00+09:00,4711.822784202915,4794.316077026241,4658.444771199586,4692.41259765625,30398,0.0,0.0
2017-09-18 00:00:00+09:00,4692.412635723916,4736.085555808212,4668.14990234375,4668.14990234375,25714,0.0,0.0
2017-09-19 00:00:00+09:00,4629.329566883816,4668.149940610306,4609.919380020572,4643.88720703125,23434,0.0,0.0
2017-09-20 00:00:00+09:00,4624.476907612365,5066.058648003472,4595.361628026138,4716.67529296875,147101,0.0,0.0
2017-09-21 00:00:00+09:00,4765.200978424589,4765.200978424589,4575.9516523975435,4580.80419921875,22064,0.0,0.0
2017-09-25 00:00:00+09:00,4299.356467940168,4367.292123189786,3979.08837890625,3979.08837890625,63195,0.0,0.0
2017-09-26 00:00:00+09:00,3979.08837890625,3979.08837890625,3979.08837890625,3979.08837890625,0,0.0,0.0
2017-09-27 00:00:00+09:00,3882.037308080025,3988.793334052226,3857.774574904525,3911.152587890625,33801,0.0,0.0
2017-09-28 00:00:00+09:00,3852.9219765000385,3974.2356407475204,3852.9219765000385,3945.120361328125,11733,0.0,0.0
2017-09-29 00:00:00+09:00,4202.305120558966,4202.305120558966,4027.613452729725,4076.138916015625,22069,0.0,0.0
2017-10-10 00:00:00+09:00,4076.1391893073696,4076.1391893073696,3843.216949918377,3901.447509765625,21960,0.0,0.0
2017-10-11 00:00:00+09:00,3852.9221695188494,3974.23583984375,3852.9221695188494,3974.23583984375,10112,0.0,0.0
2017-10-12 00:00:00+09:00,3993.6459425593,4037.318862951807,3964.530662297628,4027.61376953125,9800,0.0,0.0
2017-10-13 00:00:00+09:00,4066.43404887635,4066.43404887635,3906.3000111521023,3930.562744140625,7986,0.0,0.0
2017-10-16 00:00:00+09:00,3920.8578582114365,4614.772058365193,3755.8712651678857,4561.39404296875,558603,0.0,0.0
2017-10-17 00:00:00+09:00,4580.804406658497,4580.804406658497,4270.241396037582,4454.63818359375,124014,0.0,0.0
2017-10-18 00:00:00+09:00,4367.292504964465,4512.868921796614,4197.453351993625,4352.73486328125,101359,0.0,0.0
2017-10-19 00:00:00+09:00,4284.798774359199,4338.176788535815,4173.190199262641,4318.7666015625,67903,0.0,0.0
2017-10-20 00:00:00+09:00,4265.388664106889,4318.766679243608,4226.568289462003,4270.2412109375,20692,0.0,0.0
2017-10-23 00:00:00+09:00,4265.388742591595,4304.209117950791,4095.549600395115,4221.7158203125,47841,0.0,0.0
2017-10-24 00:00:00+09:00,4221.7157120510465,4309.061554369344,4119.812229346366,4289.6513671875,56664,0.0,0.0
2017-10-25 00:00:00+09:00,4289.6512826674925,5328.096276435414,4289.6512826674925,4653.59228515625,1027609,0.0,0.0
2017-10-26 00:00:00+09:00,4653.592070174121,4891.366847482288,4634.181884271414,4794.31591796875,339044,0.0,0.0
2017-10-27 00:00:00+09:00,4901.072351648524,5192.225164617743,4808.873960874937,4847.6943359375,313530,0.0,0.0
2017-10-30 00:00:00+09:00,4881.662435847649,5066.059227658991,4871.957341541789,4978.71337890625,130794,0.0,0.0
2017-10-31 00:00:00+09:00,4978.712967519685,5017.5333415354335,4862.251845472441,4930.1875,90424,0.0,0.0
2017-11-01 00:00:00+09:00,5027.238419388507,5240.750475810412,4930.187484651277,4939.892578125,162119,0.0,0.0
2017-11-02 00:00:00+09:00,4978.712503666934,5036.943059265378,4901.071762869009,4910.77685546875,50800,0.0,0.0
2017-11-03 00:00:00+09:00,4920.482452815594,4949.597733601485,4760.348408493193,4901.072265625,48858,0.0,0.0
2017-11-06 00:00:00+09:00,4949.59765625,5007.828216911765,4862.251815257353,4949.59765625,28025,0.0,0.0
2017-11-07 00:00:00+09:00,5007.828470982143,5386.327134486607,4901.072437686012,5095.17431640625,390560,0.0,0.0
2017-11-08 00:00:00+09:00,5143.699998855591,5143.699998855591,4949.598112106323,4969.00830078125,58263,0.0,0.0
2017-11-09 00:00:00+09:00,5046.6490226775295,5133.994871146948,4852.547137189932,4988.41845703125,63381,0.0,0.0
2017-11-10 00:00:00+09:00,4998.12355130563,5036.94392840315,4901.072608561832,4988.41845703125,32801,0.0,0.0
2017-11-13 00:00:00+09:00,5046.648633174861,5415.44218713764,5036.943539649525,5231.04541015625,336922,0.0,0.0
2017-11-14 00:00:00+09:00,5269.865692194668,5337.801345685207,5095.174011790425,5289.27587890625,118676,0.0,0.0
2017-11-15 00:00:00+09:00,5298.981127701519,5376.62187682535,5124.289442172897,5192.22509765625,69479,0.0,0.0
2017-11-16 00:00:00+09:00,5250.455535832471,5318.3911897156995,5114.584228066011,5269.86572265625,68767,0.0,0.0
2017-11-17 00:00:00+09:00,5269.865878393234,5366.9168153802175,5153.404754008853,5172.81494140625,55124,0.0,0.0
2017-11-20 00:00:00+09:00,5143.699644853114,5269.865862557058,5085.469082835908,5182.52001953125,55051,0.0,0.0
2017-11-21 00:00:00+09:00,5192.224881376934,5192.224881376934,4978.712830180126,5017.533203125,57610,0.0,0.0
2017-11-22 00:00:00+09:00,5017.5333415354335,5143.699557086614,4910.777312992126,4930.1875,42721,0.0,0.0
2017-11-23 00:00:00+09:00,4988.418224870453,6065.683639190725,4939.892755756927,5735.71044921875,2842832,0.0,0.0
2017-11-24 00:00:00+09:00,5658.069561360678,5997.747836914063,5483.377876790365,5823.05615234375,530247,0.0,0.0
2017-11-27 00:00:00+09:00,6065.683850318144,6259.785733528325,5813.35140214491,5910.40234375,735829,0.0,0.0
2017-11-28 00:00:00+09:00,5842.466245836598,6250.080169964734,5774.530591815243,6191.849609375,416999,0.0,0.0
2017-11-29 00:00:00+09:00,6153.029100656878,6492.707363311438,5997.747609157651,6279.1953125,378923,0.0,0.0
2017-11-30 00:00:00+09:00,6220.96429872903,6279.194853787336,5920.106430927782,5929.8115234375,112752,0.0,0.0
2017-12-01 00:00:00+09:00,5929.812420733563,5978.337890625,5774.530917080966,5978.337890625,94705,0.0,0.0
2017-12-04 00:00:00+09:00,5978.3375244140625,6308.310699462891,5978.3375244140625,6211.259765625,174923,0.0,0.0
2017-12-05 00:00:00+09:00,6191.849518390916,6347.13101101514,6017.157839188664,6250.080078125,145271,0.0,0.0
2017-12-06 00:00:00+09:00,6347.131026438569,6347.131026438569,6007.452760497667,6240.375,171686,0.0,0.0
2017-12-07 00:00:00+09:00,6250.080108547508,6502.412535290109,6055.9782418224295,6230.669921875,242745,0.0,0.0
2017-12-08 00:00:00+09:00,6347.130864092693,6347.130864092693,6026.86279296875,6026.86279296875,76955,0.0,0.0
2017-12-11 00:00:00+09:00,6036.568407538796,6211.260097789115,5522.198430690635,5706.59521484375,150825,0.0,0.0
2017-12-12 00:00:00+09:00,5774.530335566476,5793.94052156838,5211.634941511256,5415.44189453125,138264,0.0,0.0
2017-12-13 00:00:00+09:00,5415.4417340592045,5551.313032046353,5337.800992352262,5522.19775390625,31831,0.0,0.0
2017-12-14 00:00:00+09:00,5454.262266535058,5512.492824540771,5347.506243524585,5415.44189453125,23940,0.0,0.0
2017-12-15 00:00:00+09:00,5366.916735340672,5366.916735340672,5143.6995835995585,5221.34033203125,62575,0.0,0.0
2017-12-18 00:00:00+09:00,5221.3402555968005,5444.5574040702695,5221.3402555968005,5269.86572265625,36490,0.0,0.0
2017-12-19 00:00:00+09:00,5269.865739889706,5386.326861213235,4939.892562806373,4949.59765625,75689,0.0,0.0
2017-12-21 00:00:00+09:00,4692.412808032746,4862.251947930518,4561.39404296875,4561.39404296875,32563,0.0,0.0
2017-12-22 00:00:00+09:00,4561.394328853627,4692.41310212921,4561.394328853627,4682.7080078125,26489,0.0,0.0
2017-12-26 00:00:00+09:00,4614.77253557922,4862.252450736465,4512.869041102706,4571.099609375,18965,0.0,0.0
2017-12-27 00:00:00+09:00,4575.951135820477,4755.495347936445,4493.457849172601,4600.2138671875,17561,0.0,0.0
2017-12-28 00:00:00+09:00,4600.214116310586,4804.021070830676,4600.214116310586,4755.49560546875,20412,0.0,0.0
2018-01-02 00:00:00+09:00,4852.546797648515,4949.597733601485,4779.7585956837875,4901.072265625,22642,0.0,0.0
2018-01-03 00:00:00+09:00,4959.302422227267,4959.302422227267,4823.431122988164,4842.84130859375,31780,0.0,0.0
2018-01-04 00:00:00+09:00,4784.610788212803,4881.661716979796,4760.348056021054,4818.57861328125,31376,0.0,0.0
2018-01-05 00:00:00+09:00,4823.431632773241,4881.662195744347,4779.758710544912,4828.2841796875,24824,0.0,0.0
2018-01-08 00:00:00+09:00,4828.283895697476,4828.283895697476,4561.393831111183,4697.26513671875,38487,0.0,0.0
2018-01-09 00:00:00+09:00,4697.265197753906,4697.265197753906,4609.919357299805,4658.44482421875,17183,0.0,0.0
2018-01-10 00:00:00+09:00,4658.444767441861,5386.326762354651,4658.444767441861,5007.828125,299938,0.0,0.0
2018-01-11 00:00:00+09:00,5036.9434047965115,5075.763777858527,4920.482285610465,5007.828125,31853,0.0,0.0
2018-01-12 00:00:00+09:00,4998.123716324095,5075.764473082528,4842.84220280723,4891.36767578125,39410,0.0,0.0
2018-01-15 00:00:00+09:00,4891.3671720297025,5124.289418316832,4891.3671720297025,4901.072265625,27802,0.0,0.0
2018-01-16 00:00:00+09:00,4901.072770376054,4969.008432539683,4833.137108212426,4891.36767578125,22810,0.0,0.0
2018-01-17 00:00:00+09:00,4978.713045943092,4978.713045943092,4808.873906948931,4881.662109375,27551,0.0,0.0
2018-01-18 00:00:00+09:00,4949.597733601485,4978.7130143873765,4847.694250850866,4901.072265625,39500,0.0,0.0
2018-01-19 00:00:00+09:00,4891.3673564189185,5580.429027660473,4862.252074535473,5386.3271484375,269901,0.0,0.0
2018-01-22 00:00:00+09:00,5425.147383020279,5638.659444606051,5240.75060255984,5473.6728515625,188797,0.0,0.0
2018-01-23 00:00:00+09:00,5648.364685388514,5648.364685388514,5240.75073902027,5386.3271484375,93424,0.0,0.0
2018-01-24 00:00:00+09:00,5434.852342305915,5434.852342305915,5240.750472937847,5250.45556640625,39414,0.0,0.0
2018-01-25 00:00:00+09:00,5192.224885978769,5405.736937364811,5192.224885978769,5328.09619140625,29041,0.0,0.0
2018-01-26 00:00:00+09:00,5425.147077919781,5425.147077919781,5328.096146293309,5357.21142578125,40873,0.0,0.0
2018-01-29 00:00:00+09:00,5376.62179723669,5396.031984230324,5221.340301287616,5240.75048828125,53185,0.0,0.0
2018-01-30 00:00:00+09:00,5231.045318771502,5347.506439040998,5192.224945348337,5289.27587890625,36241,0.0,0.0
2018-01-31 00:00:00+09:00,5328.096329752604,5328.096329752604,5124.2893663194445,5240.75048828125,38037,0.0,0.0
2018-02-01 00:00:00+09:00,5289.276026165675,5609.5441158234125,5240.750558035715,5502.7880859375,126962,0.0,0.0
2018-02-02 00:00:00+09:00,5551.313181322675,5551.313181322675,5318.390949938506,5425.14697265625,55545,0.0,0.0
2018-02-05 00:00:00+09:00,5260.16064453125,5531.903260853898,5133.994429810021,5260.16064453125,36672,0.0,0.0
2018-02-06 00:00:00+09:00,5027.238419388507,5085.468980230845,4687.560147808203,4939.892578125,124415,0.0,0.0
2018-02-07 00:00:00+09:00,4998.123201577971,5124.289418316832,4837.989157255569,4901.072265625,33611,0.0,0.0
2018-02-08 00:00:00+09:00,4998.123377046131,5192.225255766369,4862.252061941965,5095.17431640625,27217,0.0,0.0
2018-02-09 00:00:00+09:00,4852.5471529300685,5075.764321964852,4852.5471529300685,4978.71337890625,29953,0.0,0.0
2018-02-12 00:00:00+09:00,4978.712684044472,4978.712684044472,4794.31591796875,4794.31591796875,42219,0.0,0.0
2018-02-13 00:00:00+09:00,4794.316038532022,4881.661877290702,4716.67529296875,4716.67529296875,26127,0.0,0.0
2018-02-14 00:00:00+09:00,4687.560028390786,4784.610960655606,4687.560028390786,4706.97021484375,18599,0.0,0.0
2018-02-19 00:00:00+09:00,4706.970045199207,4847.693891911348,4706.970045199207,4818.57861328125,13514,0.0,0.0
2018-02-20 00:00:00+09:00,4901.071880294616,4930.187158791416,4828.283684052617,4833.13623046875,17844,0.0,0.0
2018-02-21 00:00:00+09:00,4930.187040668231,4939.892133267972,4852.546299870306,4910.77685546875,16676,0.0,0.0
2018-02-22 00:00:00+09:00,4910.777162765444,5133.99430652751,4837.988963712597,5027.23828125,32687,0.0,0.0
2018-02-23 00:00:00+09:00,5036.943359375,5133.994291154865,4969.007707129094,5036.943359375,11731,0.0,0.0
2018-02-26 00:00:00+09:00,5036.943481684198,5095.174042166096,4949.59764096135,4959.302734375,13140,0.0,0.0
2018-02-27 00:00:00+09:00,4939.892562806373,5095.174057904412,4939.892562806373,4949.59765625,8827,0.0,0.0
2018-02-28 00:00:00+09:00,4939.892640006188,4978.7130143873765,4852.546797648515,4901.072265625,11145,0.0,0.0
2018-03-02 00:00:00+09:00,4901.071986180945,5124.289126145621,4765.20068359375,4765.20068359375,32721,0.0,0.0
2018-03-05 00:00:00+09:00,5337.800929857337,5337.800929857337,4813.725929471344,4910.77685546875,100900,0.0,0.0
2018-03-06 00:00:00+09:00,4910.777718765229,5046.649039047271,4862.252247235929,4978.71337890625,28259,0.0,0.0
2018-03-07 00:00:00+09:00,4969.0079522862825,5007.828326913519,4862.251922061381,4881.662109375,27785,0.0,0.0
2018-03-08 00:00:00+09:00,4901.072265625,5036.943575959159,4881.662078434406,4901.072265625,30224,0.0,0.0
2018-03-09 00:00:00+09:00,4901.071982347328,5133.994215171756,4901.071982347328,5085.46875,58644,0.0,0.0
2018-03-12 00:00:00+09:00,5240.750644899765,5260.160832473467,5066.058956736439,5143.69970703125,27363,0.0,0.0
2018-03-13 00:00:00+09:00,5182.519881949241,5483.377777717829,5143.699508301681,5269.86572265625,71631,0.0,0.0
2018-03-14 00:00:00+09:00,5376.621356110074,5376.621356110074,5192.22459479944,5201.9296875,16470,0.0,0.0
2018-03-15 00:00:00+09:00,5201.930191296729,5250.455659499124,5124.289442172897,5192.22509765625,13697,0.0,0.0
2018-03-16 00:00:00+09:00,5192.225066740863,5561.018622883205,5143.6995988273975,5211.63525390625,181594,0.0,0.0
2018-03-19 00:00:00+09:00,5231.0454878789205,5240.750581548455,5143.699644853114,5182.52001953125,19193,0.0,0.0
2018-03-20 00:00:00+09:00,5017.533503108754,5405.737255767072,5007.828409292297,5133.99462890625,47748,0.0,0.0
2018-03-21 00:00:00+09:00,5133.994740219408,5192.225304380687,4998.123423843092,5066.05908203125,22875,0.0,0.0
2018-03-22 00:00:00+09:00,5066.058669306092,5124.289228723404,4939.892457235252,5017.533203125,34691,0.0,0.0
2018-03-23 00:00:00+09:00,4847.694611196567,4949.59810152202,4682.7080078125,4682.7080078125,75090,0.0,0.0
2018-03-26 00:00:00+09:00,4512.868222379491,4794.31591796875,4512.868222379491,4794.31591796875,20122,0.0,0.0
2018-03-27 00:00:00+09:00,4794.315881089502,4949.597367116692,4711.822591637557,4818.57861328125,22666,0.0,0.0
2018-03-28 00:00:00+09:00,4789.463334651152,4847.693891911348,4750.642963144354,4818.57861328125,12475,0.0,0.0
2018-03-29 00:00:00+09:00,4818.579085858983,4847.694367344535,4716.675600659548,4828.2841796875,16730,0.0,0.0
2018-03-30 00:00:00+09:00,4862.251378166605,4930.187026164941,4614.771517601239,4920.48193359375,62650,0.0,0.0
2018-04-02 00:00:00+09:00,5104.878574408373,5279.570236650485,4881.661450432342,4998.12255859375,90407,0.0,0.0
2018-04-03 00:00:00+09:00,4881.662435847649,5046.649039047271,4852.5471529300685,4978.71337890625,12539,0.0,0.0
2018-04-04 00:00:00+09:00,5046.648790829146,5046.648790829146,4823.431632773241,4828.2841796875,35517,0.0,0.0
2018-04-05 00:00:00+09:00,4828.284109655129,4949.597780751992,4828.284109655129,4871.95703125,10831,0.0,0.0
2018-04-06 00:00:00+09:00,4939.892311284392,5163.10944912239,4789.4633705674805,5114.583984375,96732,0.0,0.0
2018-04-09 00:00:00+09:00,5075.763732086946,5085.468825264932,4920.482241239161,5036.943359375,45510,0.0,0.0
2018-04-10 00:00:00+09:00,5095.173949014748,5095.173949014748,4901.072084290377,5017.533203125,36883,0.0,0.0
2018-04-11 00:00:00+09:00,5075.763777858527,5075.763777858527,4901.072099079457,5007.828125,27754,0.0,0.0
2018-04-12 00:00:00+09:00,5007.8282480314965,5036.943528543307,4891.367125984252,4930.1875,26268,0.0,0.0
2018-04-13 00:00:00+09:00,4949.598243350075,4959.303337944879,4852.547297402034,4891.36767578125,12253,0.0,0.0
2018-04-16 00:00:00+09:00,4818.578909703463,4959.302765072446,4818.578909703463,4939.892578125,23067,0.0,0.0
2018-04-17 00:00:00+09:00,4891.366947115384,5046.6484375,4891.366947115384,5046.6484375,48635,0.0,0.0
2018-04-18 00:00:00+09:00,5240.750790996882,5240.750790996882,5046.648909848848,5056.35400390625,72780,0.0,0.0
2018-04-19 00:00:00+09:00,5056.353862949587,5143.69970703125,4901.072362359965,5143.69970703125,35621,0.0,0.0
2018-04-20 00:00:00+09:00,5269.866162645948,5396.032387534341,5066.059183980083,5298.9814453125,112153,0.0,0.0
2018-04-23 00:00:00+09:00,5454.262496603261,5590.133804347826,5337.801375679348,5580.4287109375,318396,0.0,0.0
2018-04-24 00:00:00+09:00,5861.8765266927085,6065.68349202474,5638.659374186198,5823.05615234375,606234,0.0,0.0
2018-04-25 00:00:00+09:00,5764.825497026586,6706.219559672341,5764.825497026586,6502.41259765625,815619,0.0,0.0
2018-04-26 00:00:00+09:00,7084.718032648534,8045.5222589940195,6715.924491222993,7861.12548828125,1801623,0.0,0.0
2018-04-27 00:00:00+09:00,7967.8822127632475,9083.968028192934,7851.4210841966715,8928.6865234375,1318968,0.0,0.0
2018-04-30 00:00:00+09:00,8540.481770833332,9064.556788589014,8356.085005326704,8967.505859375,520481,0.0,0.0
2018-05-02 00:00:00+09:00,8909.27545045815,8967.506008957876,8472.546261710202,8870.455078125,204431,0.0,0.0
2018-05-03 00:00:00+09:00,8705.46895608068,8860.75045362504,7550.562818094503,7657.31884765625,247207,0.0,0.0
2018-05-04 00:00:00+09:00,7812.600233289931,8288.149812707577,7812.600233289931,8035.8173828125,215794,0.0,0.0
2018-05-08 00:00:00+09:00,8035.817246303764,8317.264951790248,7686.433887768817,8123.1630859375,138273,0.0,0.0
2018-05-09 00:00:00+09:00,8443.431389068195,8443.431389068195,7958.1767115355415,7987.2919921875,62200,0.0,0.0
2018-05-10 00:00:00+09:00,8006.70197176748,8802.519622294672,7783.484825887902,8744.2890625,154785,0.0,0.0
2018-05-11 00:00:00+09:00,8753.993815104166,9617.747085108902,8637.532700047348,8967.505859375,303198,0.0,0.0
2018-05-14 00:00:00+09:00,8831.635646237035,9054.852810922148,8656.943952135643,8889.8662109375,75229,0.0,0.0
2018-05-15 00:00:00+09:00,8831.635274684175,9316.889960106384,8831.635274684175,9122.7880859375,79733,0.0,0.0
2018-05-16 00:00:00+09:00,8928.686071529346,8928.686071529346,8404.611019504797,8598.712890625,88275,0.0,0.0
2018-05-17 00:00:00+09:00,8802.519140399727,8841.33951147095,8414.3154296875,8414.3154296875,56501,0.0,0.0
2018-05-18 00:00:00+09:00,8385.200862556561,8734.584231829751,8171.688803556279,8579.302734375,103229,0.0,0.0
2018-05-21 00:00:00+09:00,8550.187757626489,10481.501450892858,8511.36738188244,10190.3486328125,855875,0.0,0.0
2018-05-23 00:00:00+09:00,11015.279813599818,11112.330737067658,9996.2451171875,9996.2451171875,786158,0.0,0.0
2018-05-24 00:00:00+09:00,9996.246832012559,10384.450592479066,9549.812507476077,10141.8232421875,157965,0.0,0.0
2018-05-25 00:00:00+09:00,9510.991286057693,10044.771409254809,9151.902839543269,9462.4658203125,238416,0.0,0.0
2018-05-28 00:00:00+09:00,9472.171732233503,9996.246807582487,9462.466638245558,9559.517578125,123267,0.0,0.0
2018-05-29 00:00:00+09:00,9559.516833563535,9559.516833563535,8656.943162983425,8783.109375,250230,0.0,0.0
2018-05-30 00:00:00+09:00,8783.109047210728,8957.800718867958,8055.227081972271,8356.0849609375,267618,0.0,0.0
2018-05-31 00:00:00+09:00,8356.085102576337,9006.326335877862,7958.17628816794,8899.5703125,187579,0.0,0.0
2018-06-01 00:00:00+09:00,8880.160446166992,9452.760955810547,8880.160446166992,9316.8896484375,183696,0.0,0.0
2018-06-04 00:00:00+09:00,9268.364181518555,9307.184555053711,8540.482177734375,8695.763671875,131226,0.0,0.0
2018-06-05 00:00:00+09:00,8705.469421600877,8705.469421600877,8045.523021747076,8297.85546875,145448,0.0,0.0
2018-06-07 00:00:00+09:00,8433.726578251008,8521.07242313508,8171.68904359879,8424.021484375,65710,0.0,0.0
2018-06-08 00:00:00+09:00,8627.828327893123,8627.828327893123,8259.03476607092,8501.662109375,65037,0.0,0.0
2018-06-11 00:00:00+09:00,8472.546613851826,9025.736942591293,8385.20077247191,8637.533203125,95881,0.0,0.0
2018-06-12 00:00:00+09:00,8540.482421875,8851.045419034092,8297.85508034446,8540.482421875,61413,0.0,0.0
2018-06-14 00:00:00+09:00,8482.251049608027,8482.251049608027,7967.881134700447,8433.7255859375,51555,0.0,0.0
2018-06-15 00:00:00+09:00,8346.380987749413,8394.906458608422,8045.523068423563,8268.740234375,25700,0.0,0.0
2018-06-18 00:00:00+09:00,8181.393645693324,8346.38023166816,7802.895007280466,8123.1630859375,82183,0.0,0.0
2018-06-19 00:00:00+09:00,7880.535874274623,8249.329425041169,7589.383071037876,7734.95947265625,56205,0.0,0.0
2018-06-20 00:00:00+09:00,7637.908449897081,8181.393676319237,7637.908449897081,8103.7529296875,53647,0.0,0.0
2018-06-21 00:00:00+09:00,8055.22690545945,8326.969499860492,8016.4065348307295,8152.27783203125,30719,0.0,0.0
2018-06-22 00:00:00+09:00,8152.278156213279,8472.546226635943,8055.227225782168,8259.0341796875,47930,0.0,0.0
2018-06-25 00:00:00+09:00,8249.329612038353,8589.007890181108,8249.329612038353,8540.482421875,45639,0.0,0.0
2018-06-26 00:00:00+09:00,8676.354139254387,8686.059233369882,8074.638304093567,8297.85546875,104123,0.0,0.0
2018-06-27 00:00:00+09:00,8288.149986683238,8734.584295099432,8132.868488103693,8540.482421875,105718,0.0,0.0
2018-06-28 00:00:00+09:00,8414.31628125,8705.46909375,8297.85515625,8491.95703125,60508,0.0,0.0
2018-06-29 00:00:00+09:00,8511.367250143185,8511.367250143185,8152.278780068728,8472.546875,70599,0.0,0.0
2018-07-02 00:00:00+09:00,8472.546381493385,8482.251474713881,7948.471347586578,8161.9833984375,28658,0.0,0.0
2018-07-03 00:00:00+09:00,8317.264633641098,8317.264633641098,7569.972478693181,7686.43359375,38543,0.0,0.0
2018-07-04 00:00:00+09:00,7589.383215525794,7958.176773313492,7569.97302827381,7948.4716796875,75150,0.0,0.0
2018-07-05 00:00:00+09:00,8239.624453743403,8239.624453743403,6803.270603149736,7356.4609375,252407,0.0,0.0
2018-07-06 00:00:00+09:00,7550.562530202964,7696.138928600193,7084.71805533183,7531.15234375,83375,0.0,0.0
2018-07-09 00:00:00+09:00,7531.15294314857,7531.15294314857,7249.705217180389,7463.21728515625,28462,0.0,0.0
2018-07-10 00:00:00+09:00,7463.217045878983,7647.613825946215,7307.935546875,7307.935546875,39130,0.0,0.0
2018-07-11 00:00:00+09:00,7210.88427734375,7375.870862424293,7162.35881114359,7210.88427734375,15473,0.0,0.0
2018-07-12 00:00:00+09:00,7414.691507743188,7754.369783621475,7210.884542216216,7657.31884765625,69441,0.0,0.0
2018-07-13 00:00:00+09:00,7599.088119506836,7764.07470703125,7472.921905517578,7764.07470703125,41692,0.0,0.0
2018-07-16 00:00:00+09:00,7764.074453029376,8142.573082614558,7618.498057035075,7929.06103515625,81255,0.0,0.0
2018-07-17 00:00:00+09:00,7929.061415588972,8006.702163844433,7841.715573801578,7996.9970703125,39688,0.0,0.0
2018-07-18 00:00:00+09:00,7996.996482566551,8433.725659405743,7822.304811830874,8385.2001953125,125125,0.0,0.0
2018-07-19 00:00:00+09:00,8375.495387620193,8686.058368389424,8045.522220552884,8200.8037109375,70866,0.0,0.0
2018-07-20 00:00:00+09:00,8064.932202798691,8482.251197648684,7958.1761808603205,8016.40673828125,59096,0.0,0.0
2018-07-23 00:00:00+09:00,8016.407056725543,8288.149668817934,7734.959351344138,7812.60009765625,48646,0.0,0.0
2018-07-24 00:00:00+09:00,7725.254318332552,8074.637679463171,7424.396424025632,7773.77978515625,98746,0.0,0.0
2018-07-25 00:00:00+09:00,7734.959163515127,7773.779535728503,7472.921651074841,7618.498046875,24233,0.0,0.0
2018-07-26 00:00:00+09:00,7356.460812782379,8239.624314053088,7346.755719361822,8055.2275390625,95308,0.0,0.0
2018-07-27 00:00:00+09:00,8055.227269586527,8385.200434846698,7938.766152435878,8229.9189453125,38372,0.0,0.0
2018-07-30 00:00:00+09:00,8229.91882666472,8307.5595703125,7929.060945029571,8307.5595703125,20958,0.0,0.0
2018-07-31 00:00:00+09:00,8307.560611062207,8424.021741123826,8045.523068423563,8268.740234375,17223,0.0,0.0
2018-08-01 00:00:00+09:00,8064.932318825279,8443.43094750661,7870.8304579630585,8259.0341796875,124942,0.0,0.0
2018-08-02 00:00:00+09:00,8103.753006165286,8210.509033791415,7938.7664180158135,8055.2275390625,17946,0.0,0.0
2018-08-03 00:00:00+09:00,7938.766836921088,8220.214560968412,7919.356649055755,8094.04833984375,18340,0.0,0.0
2018-08-06 00:00:00+09:00,8239.624314053088,8239.624314053088,7977.586791698042,8055.2275390625,7438,0.0,0.0
2018-08-07 00:00:00+09:00,8229.919346867397,8229.919346867397,7696.139200549346,7977.5869140625,30998,0.0,0.0
2018-08-08 00:00:00+09:00,8074.6377412545235,8103.753021571547,7861.12568559635,8045.5224609375,81860,0.0,0.0
2018-08-09 00:00:00+09:00,8113.458177083333,8181.393831676136,7938.766493844697,8006.7021484375,27133,0.0,0.0
2018-08-10 00:00:00+09:00,8094.048068311738,8094.048068311738,7744.664698456554,7958.1767578125,24944,0.0,0.0
2018-08-13 00:00:00+09:00,7948.471448863636,7948.471448863636,7404.986221590909,7472.921875,54062,0.0,0.0
2018-08-14 00:00:00+09:00,7521.44746179845,7861.125734266767,7307.935404818364,7705.84423828125,45026,0.0,0.0
2018-08-16 00:00:00+09:00,7705.844309055268,8113.458239760963,7521.447530878882,7967.8818359375,32101,0.0,0.0
2018-08-17 00:00:00+09:00,7967.882056178361,8045.522807030282,7764.075085192069,7832.0107421875,41262,0.0,0.0
2018-08-20 00:00:00+09:00,7754.369426081731,7909.650916466347,7560.2675631009615,7569.97265625,38755,0.0,0.0
2018-08-21 00:00:00+09:00,7569.972839355469,7802.895080566406,7502.037185668945,7764.07470703125,41774,0.0,0.0
2018-08-22 00:00:00+09:00,7764.074988011509,7977.587050181825,7579.678207046236,7589.38330078125,39176,0.0,0.0
2018-08-23 00:00:00+09:00,7667.023679748062,7667.023679748062,7463.21672117248,7511.7421875,23368,0.0,0.0
2018-08-24 00:00:00+09:00,7599.088045297943,8171.6885493497675,7599.088045297943,7812.60009765625,121090,0.0,0.0
2018-08-27 00:00:00+09:00,7909.651186001376,7909.651186001376,7715.54931640625,7715.54931640625,30335,0.0,0.0
2018-08-28 00:00:00+09:00,7715.549090350116,7909.650954258294,7676.72871756848,7861.12548828125,52646,0.0,0.0
2018-08-29 00:00:00+09:00,8006.701779686544,8045.522151951691,7783.484639161949,7929.06103515625,47800,0.0,0.0
2018-08-30 00:00:00+09:00,8016.40687275283,8249.329106343712,7822.305011427096,7929.06103515625,62052,0.0,0.0
2018-08-31 00:00:00+09:00,7744.664838414861,8229.9195275386,7744.664838414861,8171.68896484375,74484,0.0,0.0
2018-09-03 00:00:00+09:00,8171.689213827305,8317.265625,8055.228084889149,8317.265625,31803,0.0,0.0
2018-09-04 00:00:00+09:00,8433.726786366959,8472.547162828947,8278.445280519007,8297.85546875,90646,0.0,0.0
2018-09-05 00:00:00+09:00,8297.854581907022,8336.674954220038,8181.393464967977,8239.6240234375,18725,0.0,0.0
2018-09-06 00:00:00+09:00,8191.098609990006,8191.098609990006,7764.074511838868,7890.24072265625,37877,0.0,0.0
2018-09-07 00:00:00+09:00,7773.779756502619,8307.559889595808,7773.779756502619,8103.7529296875,89560,0.0,0.0
2018-09-10 00:00:00+09:00,8317.265108968788,8317.265108968788,7880.535902546856,8026.1123046875,29076,0.0,0.0
2018-09-11 00:00:00+09:00,8142.573746200963,8229.919590915872,7967.882056771145,8132.86865234375,119971,0.0,0.0
2018-09-12 00:00:00+09:00,8132.868370812219,8909.27585251267,8132.868370812219,8618.123046875,728650,0.0,0.0
2018-09-13 00:00:00+09:00,8880.161081534423,8889.866175612602,8210.509590140024,8317.265625,371778,0.0,0.0
2018-09-14 00:00:00+09:00,8530.777266420391,8715.174044647907,8385.200862556561,8579.302734375,261578,0.0,0.0
2018-09-17 00:00:00+09:00,8637.533600073066,8695.764163669064,7977.587212651753,8094.04833984375,187564,0.0,0.0
2018-09-18 00:00:00+09:00,7958.1766503552,8084.342865543757,7812.600248214556,8026.1123046875,120585,0.0,0.0
2018-09-19 00:00:00+09:00,8006.70228845933,8016.407382142311,7812.600414799709,7919.3564453125,82096,0.0,0.0
2018-09-20 00:00:00+09:00,7870.8309153487035,8064.932787490472,7870.8309153487035,7958.1767578125,47725,0.0,0.0
2018-09-21 00:00:00+09:00,7958.176680871212,8142.573457623106,7890.241026278409,8006.7021484375,41343,0.0,0.0
2018-09-27 00:00:00+09:00,8006.7021484375,8084.3428965435605,7977.586867897727,8006.7021484375,24367,0.0,0.0
2018-09-28 00:00:00+09:00,8006.702510105605,8094.048355670394,7958.177040347389,8084.34326171875,45326,0.0,0.0
2018-10-01 00:00:00+09:00,8045.522975396999,8346.380891244173,7977.587316979895,8326.970703125,116327,0.0,0.0
2018-10-02 00:00:00+09:00,8394.906345496216,8996.622176040453,8200.804464675495,8336.67578125,830028,0.0,0.0
2018-10-04 00:00:00+09:00,8326.970058156483,8326.970058156483,7628.203339989505,7802.89501953125,247950,0.0,0.0
2018-10-05 00:00:00+09:00,7686.434485394022,7686.434485394022,7055.603372325068,7142.94921875,210446,0.0,0.0
2018-10-08 00:00:00+09:00,7278.819790007962,7880.535559315287,7142.9484872611465,7618.498046875,178574,0.0,0.0
2018-10-10 00:00:00+09:00,7531.152283653846,7793.189798677885,7375.8707932692305,7569.97265625,70927,0.0,0.0
2018-10-11 00:00:00+09:00,6997.372138763142,7521.447167186457,6793.5651832651865,7269.11474609375,138188,0.0,0.0
2018-10-12 00:00:00+09:00,7269.115405178194,7540.858037147473,7181.769559188069,7463.21728515625,82569,0.0,0.0
2018-10-15 00:00:00+09:00,6803.270777479893,7375.871313672922,6803.270777479893,7240.0,30171,0.0,0.0
2018-10-16 00:00:00+09:00,7239.999695323144,7346.755723002171,7016.782546539723,7123.53857421875,42615,0.0,0.0
2018-10-17 00:00:00+09:00,7181.769436997319,7531.1528150134045,7172.064343163539,7240.0,14138,0.0,0.0
2018-10-18 00:00:00+09:00,7220.58960229224,7259.409976498112,7065.30810546875,7065.30810546875,48490,0.0,0.0
2018-10-19 00:00:00+09:00,6987.667016894142,7434.101298529045,6783.860062234729,7288.52490234375,102790,0.0,0.0
2018-10-22 00:00:00+09:00,7346.756064138104,7356.461158014113,7104.1287172379025,7220.58984375,20702,0.0,0.0
2018-10-23 00:00:00+09:00,7220.589691117945,7220.589691117945,6686.809539220785,6706.2197265625,74363,0.0,0.0
2018-10-24 00:00:00+09:00,6745.04015625,6890.6165625,5978.33775,6065.68359375,125743,0.0,0.0
2018-10-25 00:00:00+09:00,5968.632636062238,5968.632636062238,5570.723793658089,5774.53076171875,79351,0.0,0.0
2018-10-26 00:00:00+09:00,6017.1578652141,6017.1578652141,4998.1230654600995,5609.5439453125,83359,0.0,0.0
2018-10-29 00:00:00+09:00,5609.543879616477,5988.042515092329,5298.980896661932,5337.80126953125,67990,0.0,0.0
2018-10-30 00:00:00+09:00,5075.763923725329,5667.774629934211,5075.763923725329,5531.9033203125,62944,0.0,0.0
2018-10-31 00:00:00+09:00,5774.5306589226975,5784.235752467105,5434.852384868421,5531.9033203125,22485,0.0,0.0
2018-11-01 00:00:00+09:00,6017.1578652141,6017.1578652141,5531.903198664576,5609.5439453125,42399,0.0,0.0
2018-11-02 00:00:00+09:00,5793.941213823891,5910.40234375,5541.608765650657,5910.40234375,33376,0.0,0.0
2018-11-05 00:00:00+09:00,5939.517498987035,6502.412948237439,5735.710525982578,5988.04296875,72550,0.0,0.0
2018-11-06 00:00:00+09:00,5900.6968079620465,6085.09358321086,5842.466247357157,5881.28662109375,26009,0.0,0.0
2018-11-07 00:00:00+09:00,5861.876717288478,5968.632750219228,5706.59521484375,5706.59521484375,39085,0.0,0.0
2018-11-08 00:00:00+09:00,5687.185178058292,5929.812532071018,5687.185178058292,5910.40234375,34944,0.0,0.0
2018-11-09 00:00:00+09:00,5803.646011633689,5910.402041948021,5726.005262314175,5793.94091796875,10961,0.0,0.0
2018-11-12 00:00:00+09:00,5793.940549063561,5910.401665627653,5619.248874217424,5716.2998046875,8642,0.0,0.0
2018-11-13 00:00:00+09:00,5580.428680472813,5628.954147259532,5318.391159824524,5599.8388671875,11176,0.0,0.0
2018-11-14 00:00:00+09:00,5619.248801491477,5628.953894412878,5444.55712890625,5444.55712890625,10775,0.0,0.0
2018-11-15 00:00:00+09:00,5444.557271042915,5726.004973111088,5240.75031437286,5667.7744140625,26628,0.0,0.0
2018-11-16 00:00:00+09:00,5832.76124593099,6007.452930501302,5667.774654947917,5823.05615234375,37244,0.0,0.0
2018-11-19 00:00:00+09:00,6395.656385216346,7569.97265625,6318.0156400240385,7569.97265625,1142625,0.0,0.0
2018-11-20 00:00:00+09:00,7705.84464711749,8103.753501691567,7385.576544655429,7754.3701171875,1368351,0.0,0.0
2018-11-21 00:00:00+09:00,7919.355608258929,8191.09820265997,7472.921346028646,8152.27783203125,707947,0.0,0.0
2018-11-22 00:00:00+09:00,8152.2782005454,8569.597203668558,7773.779569805793,8229.9189453125,529252,0.0,0.0
2018-11-23 00:00:00+09:00,8453.135964652089,8540.48180125584,8055.227153457214,8307.5595703125,408825,0.0,0.0
2018-11-26 00:00:00+09:00,8239.62366594587,8443.430611746653,8055.22690545945,8152.27783203125,160589,0.0,0.0
2018-11-27 00:00:00+09:00,8152.278774275586,8297.855180959079,7832.010679571902,7870.8310546875,179148,0.0,0.0
2018-11-28 00:00:00+09:00,8064.932202179224,8734.583612468474,7599.087742847572,7696.138671875,698455,0.0,0.0
2018-11-29 00:00:00+09:00,7764.075265522876,7764.075265522876,7356.461314082925,7424.39697265625,214695,0.0,0.0
2018-11-30 00:00:00+09:00,7463.216442209174,7696.138671875,7288.524769959805,7696.138671875,103919,0.0,0.0
2018-12-03 00:00:00+09:00,7686.43411939314,7783.485055244063,7210.884533723614,7356.4609375,238950,0.0,0.0
2018-12-04 00:00:00+09:00,7356.460784912109,7531.1524658203125,7317.640411376953,7453.51171875,82550,0.0,0.0
2018-12-05 00:00:00+09:00,7337.050248579545,7424.396084872159,7201.178947679924,7366.16552734375,52331,0.0,0.0
2018-12-06 00:00:00+09:00,7502.036980948556,7657.31847085176,7269.11474609375,7269.11474609375,155563,0.0,0.0
2018-12-07 00:00:00+09:00,7298.230267801129,7948.471528363198,7298.230267801129,7734.95947265625,569724,0.0,0.0
2018-12-10 00:00:00+09:00,7667.024128686327,7705.844504021447,7142.949061662198,7240.0,197250,0.0,0.0
2018-12-11 00:00:00+09:00,7210.884086218447,7239.999365166839,6948.846575682918,7016.7822265625,93976,0.0,0.0
2018-12-12 00:00:00+09:00,7084.71856182973,7084.71856182973,6793.565744220288,6900.32177734375,92379,0.0,0.0
2018-12-13 00:00:00+09:00,7016.782561631352,7113.83349609375,6803.270505814077,7113.83349609375,63331,0.0,0.0
2018-12-14 00:00:00+09:00,7162.359429099342,7162.359429099342,6832.38623046875,6832.38623046875,57791,0.0,0.0
2018-12-17 00:00:00+09:00,6793.565278389085,7036.192609760124,6725.629625605194,6890.6162109375,43786,0.0,0.0
2018-12-18 00:00:00+09:00,6842.09107462565,7016.78276163737,6725.6299499511715,6987.66748046875,45276,0.0,0.0
2018-12-19 00:00:00+09:00,7045.8976414784665,7045.8976414784665,6851.795778076856,6929.4365234375,23647,0.0,0.0
2018-12-20 00:00:00+09:00,6910.026693650507,6968.257255675651,6706.2197265625,6706.2197265625,33143,0.0,0.0
2018-12-21 00:00:00+09:00,6793.565140003823,6793.565140003823,6172.439184346331,6347.130859375,152258,0.0,0.0
2018-12-24 00:00:00+09:00,6385.951380910437,6385.951380910437,5929.811996559692,5939.51708984375,84351,0.0,0.0
2018-12-26 00:00:00+09:00,5920.106964111328,6774.155181884766,5726.005096435547,6211.259765625,334639,0.0,0.0
2018-12-27 00:00:00+09:00,6240.375303218386,6764.45036756332,6220.965115650055,6657.6943359375,226886,0.0,0.0
2018-12-28 00:00:00+09:00,6686.809601585243,6939.142039380913,6609.168851494269,6667.3994140625,26371,0.0,0.0
2019-01-02 00:00:00+09:00,6647.989030483954,6890.61636736293,6250.080198002433,6483.00244140625,28484,0.0,0.0
2019-01-03 00:00:00+09:00,6483.002476833596,6618.873786228312,5978.337613367508,6153.029296875,41838,0.0,0.0
2019-01-04 00:00:00+09:00,6143.324280852544,6240.375217358903,5949.222407839825,6104.50390625,21012,0.0,0.0
2019-01-07 00:00:00+09:00,6279.195672450922,6288.900766225962,5890.991921449319,6055.978515625,31705,0.0,0.0
2019-01-08 00:00:00+09:00,6055.978197674419,6453.887021560077,6017.157824612403,6259.78515625,49582,0.0,0.0
2019-01-09 00:00:00+09:00,6453.887331888556,6453.887331888556,6211.259988584475,6376.24658203125,30477,0.0,0.0
2019-01-10 00:00:00+09:00,6415.066648498062,6415.066648498062,6230.6698764534885,6259.78515625,32479,0.0,0.0
2019-01-11 00:00:00+09:00,6259.785201883761,6337.425948573793,6123.913895176207,6230.669921875,17938,0.0,0.0
2019-01-14 00:00:00+09:00,6230.669846406491,6327.720778593509,6065.683261688563,6279.1953125,27346,0.0,0.0
2019-01-15 00:00:00+09:00,6279.1954347613455,6376.2463688380285,6104.503753423318,6201.5546875,42432,0.0,0.0
2019-01-16 00:00:00+09:00,6327.720673260704,6453.886883003632,6240.374835746369,6347.130859375,31786,0.0,0.0
2019-01-17 00:00:00+09:00,6531.527612118321,6531.527612118321,6318.015565362596,6356.8359375,44443,0.0,0.0
2019-01-18 00:00:00+09:00,6405.361588541667,6550.93798828125,6288.90046875,6550.93798828125,44413,0.0,0.0
2019-01-21 00:00:00+09:00,6560.64306640625,6696.514372515255,6405.361573710244,6560.64306640625,55467,0.0,0.0
2019-01-22 00:00:00+09:00,6560.642754612199,6599.463125941265,6385.9510836314,6444.181640625,38424,0.0,0.0
2019-01-23 00:00:00+09:00,6453.887057162748,6910.026443157709,6347.131030653289,6861.5009765625,204962,0.0,0.0
2019-01-24 00:00:00+09:00,7104.128605143229,7230.294823540581,6803.2706997341575,6987.66748046875,292407,0.0,0.0
2019-01-25 00:00:00+09:00,7036.192790354331,7472.9219980314965,6958.5520423228345,7395.28125,250421,0.0,0.0
2019-01-28 00:00:00+09:00,7346.756032171582,7531.1528150134045,7162.359249329758,7240.0,145027,0.0,0.0
2019-01-29 00:00:00+09:00,7172.064341810533,7220.589810970279,6774.155494700612,6939.14208984375,139295,0.0,0.0
2019-01-30 00:00:00+09:00,6900.321560479526,7133.243807246768,6783.860437095906,7036.19287109375,73947,0.0,0.0
2019-01-31 00:00:00+09:00,7036.192609760124,7133.243542308539,6851.795837918134,6890.6162109375,27840,0.0,0.0
2019-02-01 00:00:00+09:00,6890.61666767249,7016.782888348183,6880.91157377436,6910.02685546875,43168,0.0,0.0
2019-02-07 00:00:00+09:00,6910.0265202101145,6997.372361055467,6521.822783119658,6812.9755859375,62786,0.0,0.0
2019-02-08 00:00:00+09:00,6725.629439113451,6812.975275985054,6667.398881199048,6696.51416015625,50066,0.0,0.0
2019-02-11 00:00:00+09:00,6647.989305065524,6735.335149949597,6580.053647933468,6618.8740234375,50990,0.0,0.0
2019-02-12 00:00:00+09:00,6618.873883524783,6861.50122529622,6550.938227828781,6706.2197265625,22538,0.0,0.0
2019-02-13 00:00:00+09:00,6715.924346127717,6861.500740913722,6609.168323284646,6696.51416015625,59771,0.0,0.0
2019-02-14 00:00:00+09:00,6745.039761581084,6745.039761581084,6550.937897938464,6609.16845703125,51232,0.0,0.0
2019-02-15 00:00:00+09:00,6550.9383043116795,6677.104523505831,6550.9383043116795,6657.6943359375,24363,0.0,0.0
2019-02-18 00:00:00+09:00,6735.334822757228,7133.24365234375,6618.873701902636,7133.24365234375,161108,0.0,0.0
2019-02-19 00:00:00+09:00,7172.06394966744,7404.98618889886,6968.256990339949,7181.76904296875,280753,0.0,0.0
2019-02-20 00:00:00+09:00,7181.769027812922,7414.691266552801,7075.013001723811,7191.47412109375,104457,0.0,0.0
2019-02-21 00:00:00+09:00,7191.473971553554,7472.921670845124,7065.307761526298,7288.52490234375,202571,0.0,0.0
2019-02-22 00:00:00+09:00,7356.460737958812,7502.037137786494,7094.423218268987,7172.06396484375,250398,0.0,0.0
2019-02-25 00:00:00+09:00,7172.064343163539,7240.0,6599.463806970509,7240.0,140093,0.0,0.0
2019-02-26 00:00:00+09:00,7337.050233192916,7337.050233192916,6968.25670295306,7055.6025390625,76400,0.0,0.0
2019-02-27 00:00:00+09:00,7055.603081022351,7346.755890418046,6939.1419572640725,7327.345703125,98551,0.0,0.0
2019-02-28 00:00:00+09:00,7278.820375335121,7434.101876675603,7133.243967828418,7240.0,67525,0.0,0.0
2019-03-04 00:00:00+09:00,7249.7047874510445,7434.1015625,7133.2436663674935,7434.1015625,94059,0.0,0.0
2019-03-05 00:00:00+09:00,7434.101608576344,7434.101608576344,7259.409925868284,7404.986328125,72038,0.0,0.0
2019-03-06 00:00:00+09:00,7404.986328125,7472.921982511468,7239.999738900721,7404.986328125,64912,0.0,0.0
2019-03-07 00:00:00+09:00,7346.755582704197,7463.216701584581,7152.653717903558,7210.88427734375,62582,0.0,0.0
2019-03-08 00:00:00+09:00,7210.884734165268,7317.640766568792,6997.372669358221,7230.294921875,22179,0.0,0.0
2019-03-11 00:00:00+09:00,7084.717976833695,7288.52493233165,6977.961952525242,7269.11474609375,35855,0.0,0.0
2019-03-12 00:00:00+09:00,7269.11531313004,7278.820407006048,7084.718529485886,7220.58984375,31245,0.0,0.0
2019-03-13 00:00:00+09:00,7288.5250539020335,7288.5250539020335,6929.436602511387,7191.47412109375,67431,0.0,0.0
2019-03-14 00:00:00+09:00,7259.409429505814,7259.409429505814,6783.859881316262,7094.4228515625,112453,0.0,0.0
2019-03-15 00:00:00+09:00,7065.307905059944,7113.83337144085,6677.104174012694,6880.9111328125,162454,0.0,0.0
2019-03-18 00:00:00+09:00,6910.026983087712,6968.257547551935,6706.2200074629345,6832.38623046875,54968,0.0,0.0
2019-03-19 00:00:00+09:00,6832.385591736695,6987.667082457983,6783.860125886292,6929.4365234375,95216,0.0,0.0
2019-03-20 00:00:00+09:00,6977.961914660152,7929.06103515625,6803.2702394669905,7929.06103515625,624646,0.0,0.0
2019-03-21 00:00:00+09:00,7977.5871506283565,8191.099215487023,7696.139428769206,8132.86865234375,283776,0.0,0.0
2019-03-22 00:00:00+09:00,8094.048570772059,8297.855549172795,7764.075367647059,8249.330078125,149387,0.0,0.0
2019-03-25 00:00:00+09:00,7996.996793016975,8278.444495683834,7773.779649522569,7861.12548828125,191906,0.0,0.0
2019-03-26 00:00:00+09:00,8016.407464324154,8618.12327883759,8016.407464324154,8171.68896484375,484372,0.0,0.0
2019-03-27 00:00:00+09:00,8229.918768168605,8443.430811682412,7764.074309593023,8346.3798828125,183139,0.0,0.0
2019-03-28 00:00:00+09:00,8443.430781884425,8831.634495994054,8249.328924829611,8365.7900390625,266809,0.0,0.0
2019-03-29 00:00:00+09:00,8346.380169626931,8491.956567934378,7870.830601822607,8161.9833984375,151672,0.0,0.0
2019-04-01 00:00:00+09:00,8259.034392034424,8404.610791423984,8113.457992644862,8123.1630859375,159586,0.0,0.0
2019-04-02 00:00:00+09:00,8161.983691881463,8200.804066159139,7909.651259076566,7977.5869140625,102443,0.0,0.0
2019-04-03 00:00:00+09:00,7977.586761474609,7987.291854858398,7686.4339599609375,7764.07470703125,151905,0.0,0.0
2019-04-04 00:00:00+09:00,7764.075133408797,7929.061729993734,7502.03759765625,7502.03759765625,155694,0.0,0.0
2019-04-05 00:00:00+09:00,7540.857322398261,7686.433718583556,7210.884157711594,7288.52490234375,196003,0.0,0.0
2019-04-08 00:00:00+09:00,7375.871330932466,7851.420929900481,7307.935673937035,7832.0107421875,279468,0.0,0.0
2019-04-09 00:00:00+09:00,7783.484923286898,8055.2275390625,7560.267774614082,8055.2275390625,183979,0.0,0.0
2019-04-10 00:00:00+09:00,8055.2275390625,8161.98356668863,7861.125670651356,8055.2275390625,121602,0.0,0.0
2019-04-11 00:00:00+09:00,8055.227887033046,8627.828423581179,8055.227887033046,8443.431640625,247350,0.0,0.0
2019-04-12 00:00:00+09:00,8530.777168705778,9413.940675363601,8394.90585998919,9258.6591796875,587117,0.0,0.0
2019-04-15 00:00:00+09:00,9472.17062904095,9472.17062904095,8928.685429014009,9006.326171875,224289,0.0,0.0
2019-04-16 00:00:00+09:00,8899.570478494066,9190.72327495516,8656.943148109824,8792.814453125,154625,0.0,0.0
2019-04-17 00:00:00+09:00,8734.58360049946,9142.197501856102,8686.058136052241,8986.916015625,141955,0.0,0.0
2019-04-18 00:00:00+09:00,8928.686168323864,8996.621823952415,8501.662047230113,8540.482421875,126209,0.0,0.0
2019-04-19 00:00:00+09:00,8540.482421875,8734.584295099432,8385.200923295455,8540.482421875,91101,0.0,0.0
2019-04-22 00:00:00+09:00,8511.3671875,8579.30284350057,8424.021344070696,8511.3671875,62312,0.0,0.0
2019-04-23 00:00:00+09:00,8443.431624928244,8598.713126076349,8404.611249641217,8453.13671875,62744,0.0,0.0
2019-04-24 00:00:00+09:00,8433.726578251008,8783.109957787297,8297.855263986894,8424.021484375,68945,0.0,0.0
2019-04-25 00:00:00+09:00,8356.085661046645,8511.367159974341,7919.3564453125,7919.3564453125,134997,0.0,0.0
2019-04-26 00:00:00+09:00,7793.189717560934,8181.393439481778,7793.189717560934,7938.76611328125,91922,0.0,0.0
2019-04-29 00:00:00+09:00,8064.933089623084,8152.278935359074,7832.01083432711,8074.63818359375,48479,0.0,0.0
2019-04-30 00:00:00+09:00,8074.637725903614,8191.098846950302,7851.420577230799,8055.2275390625,65090,0.0,0.0
2019-05-02 00:00:00+09:00,8103.753006165286,8103.753006165286,7861.125670651356,8055.2275390625,55911,0.0,0.0
2019-05-03 00:00:00+09:00,8006.701886212384,8084.342631775656,7734.959276740933,7861.12548828125,95305,0.0,0.0
2019-05-07 00:00:00+09:00,7686.434151785715,8026.112428695437,7647.6137772817465,7948.4716796875,53326,0.0,0.0
2019-05-08 00:00:00+09:00,7948.471804918697,8006.702367592094,7725.254648004008,7870.8310546875,52654,0.0,0.0
2019-05-09 00:00:00+09:00,7880.536394505719,7938.76695899714,7307.935843673406,7424.39697265625,159841,0.0,0.0
2019-05-10 00:00:00+09:00,7356.460845467932,7628.203462450916,7133.243695803338,7414.69140625,97141,0.0,0.0
2019-05-13 00:00:00+09:00,7414.6912848121765,7851.420483524936,7414.6912848121765,7492.33203125,72010,0.0,0.0
2019-05-14 00:00:00+09:00,7424.396185808121,7899.945745421975,7113.833208101115,7618.498046875,72224,0.0,0.0
2019-05-15 00:00:00+09:00,7628.204048713235,8404.611585477942,7628.204048713235,8249.330078125,263744,0.0,0.0
2019-05-16 00:00:00+09:00,8491.956261115345,8686.058118512268,8152.278010670731,8356.0849609375,201565,0.0,0.0
2019-05-17 00:00:00+09:00,8443.431927282996,8977.21210659399,8297.855514743635,8860.7509765625,392210,0.0,0.0
2019-05-20 00:00:00+09:00,9074.262419524017,11500.535793728299,9074.262419524017,10481.5009765625,3152330,0.0,0.0
2019-05-21 00:00:00+09:00,10578.552495757918,11063.80719739819,10287.399674773756,10724.12890625,722130,0.0,0.0
2019-05-22 00:00:00+09:00,10578.552112140487,11354.959606609513,10335.924770118916,10966.755859375,393552,0.0,0.0
2019-05-23 00:00:00+09:00,10918.229578718354,11791.687945015823,10287.398536392406,11500.53515625,584936,0.0,0.0
2019-05-24 00:00:00+09:00,11306.433361652185,11403.484291795123,10384.449525294283,10821.1787109375,461601,0.0,0.0
2019-05-27 00:00:00+09:00,10675.6025390625,10869.70440340909,10287.39881036932,10675.6025390625,235292,0.0,0.0
2019-05-28 00:00:00+09:00,10675.603307845744,11452.010821143616,10432.975959940159,11403.4853515625,443698,0.0,0.0
2019-05-29 00:00:00+09:00,11403.484136284722,11403.484136284722,10530.025776909722,10918.2294921875,268581,0.0,0.0
2019-05-30 00:00:00+09:00,10675.602463942309,10918.22979266827,9899.19501201923,10093.296875,444345,0.0,0.0
2019-05-31 00:00:00+09:00,10093.297693452381,10578.552390252977,9802.144875372023,10190.3486328125,256853,0.0,0.0
2019-06-03 00:00:00+09:00,9850.670345052084,10481.501450892858,9850.670345052084,10190.3486328125,122250,0.0,0.0
2019-06-04 00:00:00+09:00,10141.822340745193,10141.822340745193,9802.144080528846,10093.296875,81635,0.0,0.0
2019-06-05 00:00:00+09:00,10190.34808084239,11306.43382302989,9996.24621263587,11160.857421875,396392,0.0,0.0
2019-06-07 00:00:00+09:00,11452.010773689515,12131.36734501008,11354.959834929436,12034.31640625,472534,0.0,0.0
2019-06-10 00:00:00+09:00,12034.316128399581,12228.418001438284,11452.010509283473,11597.5869140625,223652,0.0,0.0
2019-06-11 00:00:00+09:00,11549.061292466287,11937.265033389524,11452.010357235478,11694.6376953125,85403,0.0,0.0
2019-06-12 00:00:00+09:00,11597.586684045713,11840.214020532025,11306.433880262139,11743.1630859375,90645,0.0,0.0
2019-06-13 00:00:00+09:00,11937.2653125,12373.99453125,11500.53609375,12131.3671875,165149,0.0,0.0
2019-06-14 00:00:00+09:00,12325.46877431276,13295.978126620852,11694.6376953125,11694.6376953125,348219,0.0,0.0
2019-06-17 00:00:00+09:00,11791.6884765625,11937.264877507716,11500.535674672068,11791.6884765625,47560,0.0,0.0
2019-06-18 00:00:00+09:00,11646.112382322175,11985.790660139905,11063.806763206067,11597.5869140625,192589,0.0,0.0
2019-06-19 00:00:00+09:00,11646.112227697096,11791.688630543309,11209.383019158455,11694.6376953125,77790,0.0,0.0
2019-06-20 00:00:00+09:00,11937.264339398735,12034.315268987342,11306.433297072785,11500.53515625,102983,0.0,0.0
2019-06-21 00:00:00+09:00,11452.009915865385,11694.637244591346,10918.22979266827,11354.958984375,100474,0.0,0.0
2019-06-24 00:00:00+09:00,11452.010224184782,11937.264894701086,11063.806487771739,11160.857421875,153350,0.0,0.0
2019-06-25 00:00:00+09:00,11160.857529527559,12616.62155511811,10918.230191929133,12325.46875,480361,0.0,0.0
2019-06-26 00:00:00+09:00,12131.367854934802,14120.91218314411,11646.11314073741,13490.0810546875,1078865,0.0,0.0
2019-06-27 00:00:00+09:00,13393.029855947954,13490.080796933085,12907.775151022304,13053.3515625,210445,0.0,0.0
2019-06-28 00:00:00+09:00,12907.774569424717,13101.876442649147,12519.570822975853,12810.7236328125,4416308,0.0,0.0
2019-07-01 00:00:00+09:00,12810.723177083333,13829.757975260416,12519.570377604166,13101.8759765625,277796,0.0,0.0
2019-07-02 00:00:00+09:00,13101.875519843155,13247.45191450808,12422.519011406845,12762.197265625,159380,0.0,0.0
2019-07-03 00:00:00+09:00,12762.198399335488,13101.87668372845,12471.045584141522,12665.1474609375,85134,0.0,0.0
2019-07-04 00:00:00+09:00,12616.621991738506,13053.351214529454,12228.418238146553,12665.1474609375,84399,0.0,0.0
2019-07-05 00:00:00+09:00,12471.044549141221,12810.722805343512,12422.519083969466,12713.671875,58717,0.0,0.0
2019-07-08 00:00:00+09:00,12228.41796875,12616.621713789684,11937.265159970239,12228.41796875,103075,0.0,0.0
2019-07-09 00:00:00+09:00,12228.418125,12519.5709375,11985.79078125,12131.3671875,56668,0.0,0.0
2019-07-10 00:00:00+09:00,12131.36737530048,13101.87676532452,12131.36737530048,12616.6220703125,154224,0.0,0.0
2019-07-11 00:00:00+09:00,12568.095406071769,13101.875519843155,12568.095406071769,12762.197265625,92278,0.0,0.0
2019-07-12 00:00:00+09:00,12762.198478816106,12907.774887319712,12179.892844801683,12616.6220703125,82928,0.0,0.0
2019-07-15 00:00:00+09:00,12616.621497288223,12762.197899180012,11403.484814856663,11743.1630859375,157672,0.0,0.0
2019-07-16 00:00:00+09:00,11791.688325095663,12373.993921396685,11597.58645966199,11888.7392578125,114862,0.0,0.0
2019-07-17 00:00:00+09:00,11646.112699468085,12034.316456117022,11015.281594913564,11403.4853515625,149822,0.0,0.0
2019-07-18 00:00:00+09:00,11500.536011822456,11500.536011822456,10724.128517353429,10966.755859375,173767,0.0,0.0
2019-07-19 00:00:00+09:00,11015.28086336097,12082.841123246173,11015.28086336097,11888.7392578125,174347,0.0,0.0
2019-07-22 00:00:00+09:00,11840.214176432291,12082.841516113282,11306.434029134116,11646.1123046875,76655,0.0,0.0
2019-07-23 00:00:00+09:00,11937.265272124476,11937.265272124476,11354.959649094013,11549.0615234375,37262,0.0,0.0
2019-07-24 00:00:00+09:00,11549.061813766892,11597.587283572635,10675.603357263513,10772.654296875,182674,0.0,0.0
2019-07-25 00:00:00+09:00,11257.9090780543,11257.9090780543,10287.399674773756,10724.12890625,205281,0.0,0.0
2019-07-26 00:00:00+09:00,10724.12890625,10918.23078690611,10481.501555429864,10724.12890625,76233,0.0,0.0
2019-07-29 00:00:00+09:00,10675.603084653756,10869.704958920189,9947.721056154636,10335.9248046875,95949,0.0,0.0
2019-07-30 00:00:00+09:00,10093.29695048309,11015.280806536835,9996.246018266907,10044.771484375,225591,0.0,0.0
2019-07-31 00:00:00+09:00,10093.296875,10287.39873798077,9850.669546274039,10093.296875,129734,0.0,0.0
2019-08-01 00:00:00+09:00,9899.195625,10481.50125,9559.51734375,9705.09375,297944,0.0,0.0
2019-08-02 00:00:00+09:00,9559.516751802885,10141.822340745193,9510.991286057693,10093.296875,108235,0.0,0.0
2019-08-05 00:00:00+09:00,9899.19501201923,9947.720477764424,9181.018118990385,9462.4658203125,99730,0.0,0.0
2019-08-06 00:00:00+09:00,9103.378039826128,9617.748014357881,8656.943722308002,9035.4423828125,264140,0.0,0.0
2019-08-07 00:00:00+09:00,9248.954351695906,9559.517351962713,8928.686257670759,9093.6728515625,194580,0.0,0.0
2019-08-08 00:00:00+09:00,9161.607175364077,10287.397887591018,9122.78680597694,9996.2451171875,279090,0.0,0.0
2019-08-09 00:00:00+09:00,10044.771636814025,10481.500838414633,9753.618835746951,9947.720703125,165128,0.0,0.0
2019-08-12 00:00:00+09:00,9850.67042183762,10141.8232421875,9705.094011662679,10141.8232421875,94501,0.0,0.0
2019-08-13 00:00:00+09:00,10141.822117520735,10627.076764292062,9899.194794135072,10238.873046875,169510,0.0,0.0
2019-08-14 00:00:00+09:00,10384.44942589962,10384.44942589962,9394.529947916666,9608.0419921875,252209,0.0,0.0
2019-08-16 00:00:00+09:00,9413.941225798233,9413.941225798233,8753.994830587637,8928.6865234375,360199,0.0,0.0
2019-08-19 00:00:00+09:00,9045.147382770812,9384.825664312633,8986.916820220786,9093.6728515625,78875,0.0,0.0
2019-08-20 00:00:00+09:00,9122.787618273687,9481.876067078078,9122.787618273687,9423.6455078125,64856,0.0,0.0
2019-08-21 00:00:00+09:00,9423.64547770266,9559.516782221544,9326.594545903456,9443.0556640625,41884,0.0,0.0
2019-08-22 00:00:00+09:00,9413.94013375947,9472.170691287878,8918.980394767992,8967.505859375,100324,0.0,0.0
2019-08-23 00:00:00+09:00,8899.570049298129,9239.248295454545,8705.468194351604,9074.26171875,77421,0.0,0.0
2019-08-26 00:00:00+09:00,8734.584326950455,8977.211669365746,8229.919454726652,8521.072265625,137867,0.0,0.0
2019-08-27 00:00:00+09:00,8589.007480877895,9103.377420410696,8589.007480877895,8802.51953125,79199,0.0,0.0
2019-08-28 00:00:00+09:00,8918.98121005922,9200.428930507227,8734.584427696735,9064.5576171875,100617,0.0,0.0
2019-08-29 00:00:00+09:00,9278.068503897992,9278.068503897992,8889.864800806026,9181.017578125,43175,0.0,0.0
2019-08-30 00:00:00+09:00,9181.01818173979,9181.01818173979,8530.776936310016,8792.814453125,180850,0.0,0.0
2019-09-02 00:00:00+09:00,8783.109344852537,8909.275556436054,8608.417667275358,8802.51953125,39818,0.0,0.0
2019-09-03 00:00:00+09:00,8899.5703125,9481.87589456107,8783.109196087787,8899.5703125,190970,0.0,0.0
2019-09-04 00:00:00+09:00,9074.263048286897,9122.788519133352,8686.059281515267,8860.7509765625,103390,0.0,0.0
2019-09-05 00:00:00+09:00,8967.506725798872,9181.018790698845,8899.571068785244,9035.4423828125,123654,0.0,0.0
2019-09-06 00:00:00+09:00,9181.018943126908,10384.45060163403,9064.557814884283,9540.107421875,804380,0.0,0.0
2019-09-09 00:00:00+09:00,9510.992283752566,9850.670579600872,9229.544552906827,9452.76171875,192362,0.0,0.0
2019-09-10 00:00:00+09:00,9433.351356281726,9850.670397763324,9384.825886342005,9559.517578125,93367,0.0,0.0
2019-09-11 00:00:00+09:00,9947.720718383789,9947.720718383789,9064.557220458984,9316.8896484375,327600,0.0,0.0
2019-09-16 00:00:00+09:00,9307.18470908717,9316.889802631578,8899.570780222039,9219.8388671875,193642,0.0,0.0
2019-09-17 00:00:00+09:00,9103.377146269551,9753.618371003091,9103.377146269551,9617.7470703125,264515,0.0,0.0
2019-09-18 00:00:00+09:00,9598.336330969356,10093.29604065534,9520.695592195085,9996.2451171875,235506,0.0,0.0
2019-09-19 00:00:00+09:00,9996.246832012559,10287.399652362441,9802.144951779306,10141.8232421875,157731,0.0,0.0
2019-09-20 00:00:00+09:00,10287.39873798077,10287.39873798077,9705.093149038461,10093.296875,133679,0.0,0.0
2019-09-23 00:00:00+09:00,10093.296875,10093.296875,9802.144080528846,10093.296875,51404,0.0,0.0
2019-09-24 00:00:00+09:00,10093.297719594595,10821.179766680743,9753.619430954392,10772.654296875,226988,0.0,0.0
2019-09-25 00:00:00+09:00,10772.653471235795,10966.755335582387,10335.924276455966,10675.6025390625,205767,0.0,0.0
2019-09-26 00:00:00+09:00,10821.179014162386,10869.704480593608,10530.026215575057,10627.0771484375,140958,0.0,0.0
2019-09-27 00:00:00+09:00,10627.07813768263,11257.909260010823,10578.552666734307,11209.3837890625,312058,0.0,0.0
2019-09-30 00:00:00+09:00,11015.280797344421,11549.060924087984,10918.229865209229,11306.43359375,167832,0.0,0.0
2019-10-01 00:00:00+09:00,11257.908203125,11452.01006869612,10772.653539197197,11257.908203125,173896,0.0,0.0
2019-10-02 00:00:00+09:00,11015.28125,11257.90859030837,10869.704845814978,11015.28125,64893,0.0,0.0
2019-10-04 00:00:00+09:00,10869.704480593608,10918.229947024829,10432.975282712614,10627.0771484375,109710,0.0,0.0
2019-10-07 00:00:00+09:00,10772.653547731165,10918.229947024829,10384.449816281392,10627.0771484375,91185,0.0,0.0
2019-10-08 00:00:00+09:00,10384.449965797812,10724.128235707085,10238.873564408123,10530.0263671875,45163,0.0,0.0
2019-10-10 00:00:00+09:00,10384.45004159433,11015.281118887442,10190.348171657986,10481.5009765625,93218,0.0,0.0
2019-10-11 00:00:00+09:00,10675.603004526869,10724.128472729264,10384.4501953125,10384.4501953125,54252,0.0,0.0
2019-10-14 00:00:00+09:00,10432.97606253738,10481.501532595694,9996.246832012559,10141.8232421875,79252,0.0,0.0
2019-10-15 00:00:00+09:00,10141.822570503049,10238.873504192074,9753.618835746951,9947.720703125,94954,0.0,0.0
2019-10-16 00:00:00+09:00,10335.924423917719,10772.653624928325,10190.34802358085,10578.5517578125,173780,0.0,0.0
2019-10-17 00:00:00+09:00,10481.500600961539,10530.02606670673,10093.296875,10093.296875,81999,0.0,0.0
2019-10-18 00:00:00+09:00,10093.297538325472,10287.3994140625,9947.721131522701,10287.3994140625,62322,0.0,0.0
2019-10-21 00:00:00+09:00,10335.924437881098,10335.924437881098,9802.144302591463,9947.720703125,74457,0.0,0.0
2019-10-22 00:00:00+09:00,9947.71965545358,10044.77057892142,9705.09234678398,9996.2451171875,80544,0.0,0.0
2019-10-23 00:00:00+09:00,10044.77171415441,10093.297181372549,9802.144378063726,9899.1953125,59193,0.0,0.0
2019-10-24 00:00:00+09:00,9899.195086050724,10044.771484375,9753.618687726448,10044.771484375,40873,0.0,0.0
2019-10-25 00:00:00+09:00,9996.2465625,10141.82296875,9608.0428125,9705.09375,89370,0.0,0.0
2019-10-28 00:00:00+09:00,9802.144608986318,9947.721014070274,9685.683484919155,9753.619140625,52248,0.0,0.0
2019-10-29 00:00:00+09:00,9802.144703297048,9802.144703297048,9656.568296812438,9695.388671875,56962,0.0,0.0
2019-10-30 00:00:00+09:00,9899.195587588029,10432.975741820715,9705.093713321596,10335.9248046875,250863,0.0,0.0
2019-10-31 00:00:00+09:00,10384.449669471154,10578.551532451924,10093.296875,10093.296875,152339,0.0,0.0
2019-11-01 00:00:00+09:00,10141.821502389259,10238.872425857098,9850.66873198574,9996.2451171875,108413,0.0,0.0
2019-11-04 00:00:00+09:00,9996.24644969334,10432.975663514895,9996.24644969334,10384.4501953125,119650,0.0,0.0
2019-11-05 00:00:00+09:00,10335.9248046875,10675.603084653756,10093.29746185446,10335.9248046875,120777,0.0,0.0
2019-11-06 00:00:00+09:00,10384.449738465666,11549.060924087984,10287.398806330473,11306.43359375,648166,0.0,0.0
2019-11-07 00:00:00+09:00,11160.857262436224,12034.315656887755,11063.806329719388,11888.7392578125,511958,0.0,0.0
2019-11-08 00:00:00+09:00,11840.214176432291,12131.36698404948,11500.535900878907,11646.1123046875,242205,0.0,0.0
2019-11-11 00:00:00+09:00,11888.739186561159,11937.264652628755,11257.908127682404,11306.43359375,180069,0.0,0.0
2019-11-12 00:00:00+09:00,11403.485117679886,11985.790740710347,11257.90871192227,11549.0615234375,212087,0.0,0.0
2019-11-13 00:00:00+09:00,11549.06084735577,11549.06084735577,11160.85712139423,11354.958984375,183025,0.0,0.0
2019-11-14 00:00:00+09:00,11549.060265261627,11743.162118459302,9850.669049781976,10432.974609375,231552,0.0,0.0
2019-11-15 00:00:00+09:00,10432.975663514895,10966.755813741238,10093.297386098131,10384.4501953125,213912,0.0,0.0
2019-11-18 00:00:00+09:00,10432.97578125,10432.97578125,9705.09375,9705.09375,285571,0.0,0.0
2019-11-19 00:00:00+09:00,9675.978427318816,9753.619176986369,8870.455649517953,9122.7880859375,474608,0.0,0.0
2019-11-20 00:00:00+09:00,9239.247914138348,10093.29604065534,9181.017360057645,9996.2451171875,544450,0.0,0.0
2019-11-21 00:00:00+09:00,9996.246482431592,10432.975697683458,9675.97839124689,9753.619140625,362081,0.0,0.0
2019-11-22 00:00:00+09:00,9685.684522624733,9850.671132729563,9035.443176917463,9142.19921875,286857,0.0,0.0
2019-11-25 00:00:00+09:00,9142.198027670633,9355.710083518567,9074.2623735372,9278.0693359375,132897,0.0,0.0
2019-11-26 00:00:00+09:00,9316.890259409969,9637.158362077187,9278.069883329095,9540.107421875,257883,0.0,0.0
2019-11-27 00:00:00+09:00,9520.69659392072,9588.632247496098,9258.659072987124,9326.5947265625,156805,0.0,0.0
2019-11-28 00:00:00+09:00,9258.6591796875,9413.940675363601,9142.198057930425,9258.6591796875,131797,0.0,0.0
2019-11-29 00:00:00+09:00,9481.87659375,10335.924843750001,9336.3001875,9705.09375,642826,0.0,0.0
2019-12-02 00:00:00+09:00,9802.144960420907,9899.195900623094,9462.46666971325,9540.107421875,159418,0.0,0.0
2019-12-03 00:00:00+09:00,9491.581536200494,9996.246403155941,9326.594945080446,9802.14453125,121363,0.0,0.0
2019-12-04 00:00:00+09:00,9947.721014070274,9947.721014070274,9540.1070798352,9753.619140625,74694,0.0,0.0
2019-12-05 00:00:00+09:00,9627.45244984568,10093.296923225309,9365.414933569637,9433.3505859375,91133,0.0,0.0
2019-12-06 00:00:00+09:00,9336.29965398341,9510.99133150077,9151.90288327064,9433.3505859375,108509,0.0,0.0
2019-12-09 00:00:00+09:00,9510.99254632046,9559.518018495564,9287.775374314979,9297.48046875,44314,0.0,0.0
2019-12-10 00:00:00+09:00,9307.184647086282,9307.184647086282,9151.90315141018,9258.6591796875,69248,0.0,0.0
2019-12-11 00:00:00+09:00,9258.65925686578,9258.65925686578,9025.737011410038,9210.1337890625,113058,0.0,0.0
2019-12-12 00:00:00+09:00,9210.133712288718,9307.184647086282,9142.198057930425,9258.6591796875,73033,0.0,0.0
2019-12-13 00:00:00+09:00,9355.710745389344,9685.68394595287,9346.005651255124,9472.171875,118357,0.0,0.0
2019-12-16 00:00:00+09:00,9501.286299272017,9501.286299272017,9326.594620633718,9394.5302734375,29871,0.0,0.0
2019-12-17 00:00:00+09:00,9404.235187141263,9510.9912109375,9326.59444256218,9510.9912109375,25383,0.0,0.0
2019-12-18 00:00:00+09:00,9510.991454065093,9588.63220062889,9268.364121053228,9355.7099609375,81012,0.0,0.0
2019-12-19 00:00:00+09:00,9297.479662338304,9394.530598270854,9113.08288406646,9190.7236328125,99415,0.0,0.0
2019-12-20 00:00:00+09:00,9404.235619996922,9899.195389470444,9239.249030172414,9850.669921875,323401,0.0,0.0
2019-12-23 00:00:00+09:00,9802.143865726111,9899.194795089737,9559.51654231705,9598.3369140625,79649,0.0,0.0
2019-12-24 00:00:00+09:00,9608.04217192293,9656.567637437693,9404.235216760928,9491.5810546875,59757,0.0,0.0
2019-12-26 00:00:00+09:00,9501.28687358526,9695.388750471579,9501.28687358526,9646.86328125,56423,0.0,0.0
2019-12-27 00:00:00+09:00,9705.093672263682,9899.195545708955,9637.158016557836,9753.619140625,92796,0.0,0.0
2019-12-30 00:00:00+09:00,9753.619481720993,10238.874182304127,9695.388917651017,10141.8232421875,117893,0.0,0.0
2020-01-02 00:00:00+09:00,10238.874182304127,10238.874182304127,9947.721361954247,10141.8232421875,82441,0.0,0.0
2020-01-03 00:00:00+09:00,10238.87410249256,10627.077859933035,10093.297693452381,10190.3486328125,127828,0.0,0.0
2020-01-06 00:00:00+09:00,9899.195236280488,10287.398971036586,9802.144302591463,9947.720703125,82694,0.0,0.0
2020-01-07 00:00:00+09:00,9996.24622875864,10530.0263671875,9996.24622875864,10530.0263671875,212575,0.0,0.0
2020-01-08 00:00:00+09:00,10384.450592479066,10432.97606253738,9947.721361954247,10141.8232421875,200774,0.0,0.0
2020-01-09 00:00:00+09:00,10384.449890696675,10821.179091707281,10238.873490359805,10578.5517578125,131089,0.0,0.0
2020-01-10 00:00:00+09:00,10627.077072975853,11015.280801669034,10481.50067471591,10675.6025390625,352039,0.0,0.0
2020-01-13 00:00:00+09:00,10869.704326923078,12325.468299278846,10238.873272235578,11985.7900390625,1280338,0.0,0.0
2020-01-14 00:00:00+09:00,11985.790936869958,12373.994691910282,11549.061712449597,12034.31640625,311513,0.0,0.0
2020-01-15 00:00:00+09:00,11985.789599030386,12762.197022449358,11937.2641350667,12276.9423828125,359740,0.0,0.0
2020-01-16 00:00:00+09:00,12422.518774703558,12665.146094521986,11791.687743175642,12276.9423828125,303544,0.0,0.0
2020-01-17 00:00:00+09:00,12228.417919921876,12228.417919921876,11500.535900878907,11646.1123046875,514541,0.0,0.0
2020-01-20 00:00:00+09:00,11646.112000512296,12373.994000544313,11597.586533843494,11840.2138671875,483574,0.0,0.0
2020-01-21 00:00:00+09:00,11646.112151342975,11840.214020532025,11306.433880262139,11743.1630859375,155821,0.0,0.0
2020-01-22 00:00:00+09:00,11791.688021385064,11791.688021385064,11354.958835407839,11452.009765625,201382,0.0,0.0
2020-01-23 00:00:00+09:00,11452.010382401315,12276.943333675987,10966.75570518092,11063.806640625,1137731,0.0,0.0
2020-01-28 00:00:00+09:00,10190.348734445703,11160.858137726245,9705.09403280543,10724.12890625,1291318,0.0,0.0
2020-01-29 00:00:00+09:00,10869.704558486239,10918.230025265195,10335.924423917719,10578.5517578125,417212,0.0,0.0
2020-01-30 00:00:00+09:00,10675.602846498843,10821.179248951099,10335.924574110244,10481.5009765625,231097,0.0,0.0
2020-01-31 00:00:00+09:00,10578.5517578125,10966.75549204415,10384.449890696675,10578.5517578125,240992,0.0,0.0
2020-02-03 00:00:00+09:00,10287.399106626157,10675.602846498843,9850.669899269387,10481.5009765625,214750,0.0,0.0
2020-02-04 00:00:00+09:00,10627.077580544801,10966.755859375,9899.195554480088,10966.755859375,226803,0.0,0.0
2020-02-05 00:00:00+09:00,10821.179091707281,11015.280958823108,10530.026291033544,10578.5517578125,139232,0.0,0.0
2020-02-06 00:00:00+09:00,10530.026140802556,10821.178937322444,10335.924276455966,10675.6025390625,144873,0.0,0.0
2020-02-07 00:00:00+09:00,10675.602614868722,10869.704480593608,10384.449816281392,10627.0771484375,119982,0.0,0.0
2020-02-10 00:00:00+09:00,10627.076850651625,10869.704176008969,10481.500455437219,10821.1787109375,80802,0.0,0.0
2020-02-11 00:00:00+09:00,10821.179846578054,10869.705316742082,10627.077965921946,10724.12890625,74862,0.0,0.0
2020-02-12 00:00:00+09:00,10675.602614868722,10772.653547731165,10335.924349850171,10627.0771484375,195714,0.0,0.0
2020-02-13 00:00:00+09:00,10724.127389171512,10724.127389171512,10238.872756177325,10432.974609375,203411,0.0,0.0
2020-02-14 00:00:00+09:00,10335.924574110244,10578.551911530672,10238.873639142072,10481.5009765625,72571,0.0,0.0
2020-02-17 00:00:00+09:00,10675.603608630952,11306.434730959145,10675.603608630952,11209.3837890625,431931,0.0,0.0
2020-02-18 00:00:00+09:00,11257.908994932432,11257.908994932432,10578.552417652027,10772.654296875,186189,0.0,0.0
2020-02-19 00:00:00+09:00,10772.653172084263,10966.755031040737,10481.500383649553,10869.7041015625,117752,0.0,0.0
2020-02-20 00:00:00+09:00,10869.705316742082,10869.705316742082,10578.552495757918,10724.12890625,86568,0.0,0.0
2020-02-21 00:00:00+09:00,10675.601925872093,10869.703779069767,10384.449146075582,10432.974609375,83070,0.0,0.0
2020-02-24 00:00:00+09:00,10093.296638257576,10287.398496685606,9608.0419921875,9608.0419921875,130415,0.0,0.0
2020-02-25 00:00:00+09:00,9491.580890847157,10287.398511552132,8880.160035915284,10238.873046875,181866,0.0,0.0
2020-02-26 00:00:00+09:00,9899.195086050724,10190.347882699276,9850.669619942633,10044.771484375,44215,0.0,0.0
2020-02-27 00:00:00+09:00,9996.246055413869,10044.771521702287,9307.18443411835,9394.5302734375,237132,0.0,0.0
2020-02-28 00:00:00+09:00,9171.314260425375,9248.955016069189,8453.137270720108,8705.4697265625,151266,0.0,0.0
2020-03-02 00:00:00+09:00,8802.51951619287,8889.865354832049,8462.841254818282,8812.224609375,147117,0.0,0.0
2020-03-03 00:00:00+09:00,8967.506192835366,9035.44184581139,8724.878860778132,8753.994140625,105809,0.0,0.0
2020-03-04 00:00:00+09:00,8783.109911952371,9161.608571141478,8676.353879873392,9054.8525390625,107692,0.0,0.0
2020-03-05 00:00:00+09:00,9316.889633194589,9705.093367911031,9132.49285920428,9326.5947265625,214457,0.0,0.0
2020-03-06 00:00:00+09:00,9181.018118990385,9190.723212139423,8491.956505408654,8831.634765625,162691,0.0,0.0
2020-03-09 00:00:00+09:00,8695.763413915094,8695.763413915094,8035.8170833947515,8229.9189453125,170011,0.0,0.0
2020-03-10 00:00:00+09:00,7987.291256859189,8220.213480631512,7832.009774344308,8152.27783203125,141384,0.0,0.0
2020-03-11 00:00:00+09:00,8161.98343628876,8249.329275678294,7482.6269077034885,7511.7421875,163328,0.0,0.0
2020-03-12 00:00:00+09:00,7356.460622921043,7453.5115546218485,6764.449939546131,6929.4365234375,243634,0.0,0.0
2020-03-13 00:00:00+09:00,6114.208984375,6541.233103918651,5716.300145709326,6114.208984375,178041,0.0,0.0
2020-03-16 00:00:00+09:00,6133.619229254202,6405.361853335085,5774.53076171875,5774.53076171875,130701,0.0,0.0
2020-03-17 00:00:00+09:00,5036.943131567727,5726.004716040383,5036.943131567727,5512.49267578125,150606,0.0,0.0
2020-03-18 00:00:00+09:00,5561.018722965219,5861.876629443268,5153.40478515625,5153.40478515625,252647,0.0,0.0
2020-03-19 00:00:00+09:00,5182.5199460520325,5328.096349031022,3969.3832545604523,3998.49853515625,231530,0.0,0.0
2020-03-20 00:00:00+09:00,4221.7158046337445,4580.804275372707,4037.3190223623856,4231.4208984375,239658,0.0,0.0
2020-03-23 00:00:00+09:00,3828.659316482247,4076.139196254864,3741.3134765625,3741.3134765625,199445,0.0,0.0
2020-03-24 00:00:00+09:00,3794.6917845682615,4158.6328125,3789.8392375291714,4158.6328125,190473,0.0,0.0
2020-03-25 00:00:00+09:00,4396.407608002939,5153.404944480267,4396.407608002939,5056.35400390625,358980,0.0,0.0
2020-03-26 00:00:00+09:00,5473.672536057692,6191.849429086538,5095.173903245192,5677.4794921875,462667,0.0,0.0
2020-03-27 00:00:00+09:00,6211.259533898305,6211.259533898305,5337.801161943856,5726.0048828125,245550,0.0,0.0
2020-03-30 00:00:00+09:00,5473.672594395439,5638.6591796875,5260.160542841008,5638.6591796875,193645,0.0,0.0
2020-03-31 00:00:00+09:00,5920.106873155029,6094.798551379275,5755.120288165462,5958.92724609375,256736,0.0,0.0
2020-04-01 00:00:00+09:00,6298.60536173916,7298.229941491292,6133.618780615022,6686.80908203125,838897,0.0,0.0
2020-04-02 00:00:00+09:00,6871.206753035071,6871.206753035071,6201.55524744267,6745.04052734375,260029,0.0,0.0
2020-04-03 00:00:00+09:00,6890.616619266265,6890.616619266265,6405.36192776864,6638.2841796875,223529,0.0,0.0
2020-04-06 00:00:00+09:00,6677.104079629011,7259.40966796875,6677.104079629011,7259.40966796875,345191,0.0,0.0
2020-04-07 00:00:00+09:00,7463.216812133789,7764.07470703125,7104.128356933594,7764.07470703125,346466,0.0,0.0
2020-04-08 00:00:00+09:00,8055.227306032825,8259.034261968596,7589.3828353224935,7890.24072265625,285459,0.0,0.0
2020-04-09 00:00:00+09:00,7967.881851419588,8113.458255525914,7725.254511242378,7958.1767578125,190043,0.0,0.0
2020-04-10 00:00:00+09:00,7967.881636850257,7967.881636850257,7278.8200093029145,7783.48486328125,163255,0.0,0.0
2020-04-13 00:00:00+09:00,7783.484925750653,7851.420579716058,7375.871001958225,7434.1015625,155656,0.0,0.0
2020-04-14 00:00:00+09:00,7647.613401442308,7686.433774038462,7385.575886418269,7569.97265625,118345,0.0,0.0
2020-04-16 00:00:00+09:00,7375.871133357098,7705.844315638863,7375.871133357098,7657.31884765625,104111,0.0,0.0
2020-04-17 00:00:00+09:00,7667.023644192182,8181.393584878492,7667.023644192182,8161.9833984375,307971,0.0,0.0
2020-04-20 00:00:00+09:00,8307.56037399073,8414.316406834068,8113.45849609375,8113.45849609375,241354,0.0,0.0
2020-04-21 00:00:00+09:00,8055.2278364865915,8142.573680496686,7278.82033417463,7870.8310546875,225676,0.0,0.0
2020-04-22 00:00:00+09:00,7676.728673580681,7899.945815796048,7560.267555903098,7890.24072265625,95555,0.0,0.0
2020-04-23 00:00:00+09:00,8055.227432889038,8540.482097520908,7996.996873133214,8123.1630859375,562173,0.0,0.0
2020-04-24 00:00:00+09:00,8123.163223930027,8191.098878132548,7948.471541694973,8035.8173828125,129570,0.0,0.0
2020-04-27 00:00:00+09:00,8181.394233345554,8181.394233345554,7996.997447540613,8064.93310546875,142439,0.0,0.0
2020-04-28 00:00:00+09:00,8152.278473268073,8152.278473268073,7569.972868034639,8055.2275390625,180024,0.0,0.0
2020-04-29 00:00:00+09:00,7958.176324168139,8317.264768063531,7958.176324168139,8239.6240234375,206519,0.0,0.0
2020-05-04 00:00:00+09:00,8055.22690545945,8385.200055803572,8055.22690545945,8152.27783203125,139070,0.0,0.0
2020-05-06 00:00:00+09:00,8297.855405085857,8394.906345496216,8191.099370634459,8336.67578125,192831,0.0,0.0
2020-05-07 00:00:00+09:00,8336.675561998854,8482.251968785797,8249.32971792669,8472.546875,135286,0.0,0.0
2020-05-08 00:00:00+09:00,8579.303067062572,8598.713254997103,8278.445154077346,8375.49609375,256708,0.0,0.0
2020-05-11 00:00:00+09:00,8385.201207129963,8433.726677078632,8035.8178234995485,8064.93310546875,137492,0.0,0.0
2020-05-12 00:00:00+09:00,8074.637865408039,8336.675392290272,7832.010525702269,7967.8818359375,127994,0.0,0.0
2020-05-13 00:00:00+09:00,7822.3053118403195,8220.21414283964,7812.600218401311,8045.5224609375,121121,0.0,0.0
2020-05-14 00:00:00+09:00,8123.162881193651,8132.8679742416725,7861.125368897082,7938.76611328125,107679,0.0,0.0
2020-05-15 00:00:00+09:00,7958.176496991459,8055.227429881599,7715.54916476611,7812.60009765625,111179,0.0,0.0
2020-05-18 00:00:00+09:00,7764.074885670731,7967.881851419588,7618.498481564405,7958.1767578125,122328,0.0,0.0
2020-05-19 00:00:00+09:00,8094.047232957073,8288.149085066356,7958.175936480576,8181.39306640625,187407,0.0,0.0
2020-05-20 00:00:00+09:00,8181.392979588406,8569.5966796875,8142.572609578497,8569.5966796875,186109,0.0,0.0
2020-05-21 00:00:00+09:00,8540.482421875,8540.482421875,8268.739799360796,8540.482421875,205904,0.0,0.0
2020-05-22 00:00:00+09:00,8462.841925832834,8501.662301639406,8045.522885912178,8084.34326171875,159868,0.0,0.0
2020-05-25 00:00:00+09:00,8113.458239760963,8200.80408205504,7958.176742349269,7967.8818359375,98254,0.0,0.0
2020-05-26 00:00:00+09:00,7967.881623081961,8103.7529296875,7899.945969779192,8103.7529296875,149528,0.0,0.0
2020-05-27 00:00:00+09:00,8094.047617283124,8142.573082614558,7880.535569824817,7929.06103515625,142754,0.0,0.0
2020-05-28 00:00:00+09:00,7938.766341307986,8045.522367902592,7608.793168197385,7793.18994140625,199661,0.0,0.0
2020-05-29 00:00:00+09:00,7618.498306274414,7764.07470703125,7618.498306274414,7764.07470703125,48202,0.0,0.0
2020-06-01 00:00:00+09:00,7744.664759018842,7929.061538995481,7579.678166408165,7919.3564453125,104267,0.0,0.0
2020-06-02 00:00:00+09:00,7958.176324168139,8918.980538915268,7880.535579542108,8239.6240234375,3295972,0.0,0.0
2020-06-03 00:00:00+09:00,8259.03454811253,8268.739641588574,7958.1766503552,8026.1123046875,323886,0.0,0.0
2020-06-04 00:00:00+09:00,8055.227269586527,8288.149503887824,7996.996711011202,8229.9189453125,279207,0.0,0.0
2020-06-05 00:00:00+09:00,8424.021161417322,8773.404527559054,8365.7906003937,8627.828125,803794,0.0,0.0
2020-06-08 00:00:00+09:00,8695.764375684557,8909.276447408954,8346.380985590087,8860.7509765625,429623,0.0,0.0
2020-06-09 00:00:00+09:00,8841.340357613184,8860.750545006407,8443.431516052107,8521.072265625,328608,0.0,0.0
2020-06-10 00:00:00+09:00,8569.597687287174,8598.712968217935,8365.79072077185,8550.1875,151870,0.0,0.0
2020-06-11 00:00:00+09:00,8550.186833439317,8559.891926326309,8171.688210846657,8346.3798828125,152237,0.0,0.0
2020-06-12 00:00:00+09:00,7938.766173266661,8006.701825116132,7676.728658990133,7899.94580078125,256690,0.0,0.0
2020-06-15 00:00:00+09:00,7890.240689453125,7890.240689453125,7278.81982421875,7278.81982421875,152061,0.0,0.0
2020-06-16 00:00:00+09:00,7560.268236907462,7754.3701171875,7492.332578809449,7754.3701171875,64148,0.0,0.0
2020-06-17 00:00:00+09:00,7579.6777493990385,7793.189798677885,7482.626817908654,7569.97265625,82156,0.0,0.0
2020-06-18 00:00:00+09:00,7608.793630740621,7676.729288157948,7375.871376738357,7502.03759765625,63728,0.0,0.0
2020-06-19 00:00:00+09:00,7502.0371245547285,7599.088057602008,7375.870911593264,7492.33203125,90800,0.0,0.0
2020-06-22 00:00:00+09:00,7492.33218503937,7492.33218503937,7356.460875984252,7395.28125,62982,0.0,0.0
2020-06-23 00:00:00+09:00,7395.280806107954,7618.497943300189,7337.050248579545,7366.16552734375,54097,0.0,0.0
2020-06-24 00:00:00+09:00,7385.576470655118,7521.447785489772,7385.576470655118,7502.03759765625,39062,0.0,0.0
2020-06-25 00:00:00+09:00,7356.461141988255,7472.922268246644,7055.603232487416,7230.294921875,113952,0.0,0.0
2020-06-26 00:00:00+09:00,7404.9858218087375,7404.9858218087375,7065.307573101915,7094.4228515625,54697,0.0,0.0
2020-06-29 00:00:00+09:00,6948.846847296099,7094.42324772828,6822.680633588209,6842.0908203125,55479,0.0,0.0
2020-06-30 00:00:00+09:00,7016.7824309593025,8084.342690164728,6812.97547238372,7511.7421875,1017725,0.0,0.0
2020-07-01 00:00:00+09:00,7502.03721780803,7511.742311233396,7084.718200517285,7123.53857421875,155591,0.0,0.0
2020-07-02 00:00:00+09:00,7230.294736108817,7404.986421008091,7094.423425631605,7346.755859375,121553,0.0,0.0
2020-07-03 00:00:00+09:00,7346.7557216873365,7550.562683583551,7220.589507180157,7434.1015625,104074,0.0,0.0
2020-07-06 00:00:00+09:00,7375.871124670184,7443.806779765831,7269.115095234169,7356.4609375,74876,0.0,0.0
2020-07-07 00:00:00+09:00,7337.050489464165,7424.3963286244525,7133.243531423494,7210.88427734375,89967,0.0,0.0
2020-07-08 00:00:00+09:00,7162.35939090061,7240.000143105495,7113.833920772558,7152.654296875,88351,0.0,0.0
2020-07-09 00:00:00+09:00,7259.409758781167,7288.525038562374,7152.653732916738,7201.17919921875,42407,0.0,0.0
2020-07-10 00:00:00+09:00,7152.653408483669,7201.1788725846445,7036.192294641331,7094.4228515625,65585,0.0,0.0
2020-07-13 00:00:00+09:00,7152.653468724301,7647.613206722862,7113.833097116571,7375.87060546875,242637,0.0,0.0
2020-07-14 00:00:00+09:00,7385.576391503514,7385.576391503514,7181.769421435743,7249.705078125,68786,0.0,0.0
2020-07-15 00:00:00+09:00,7278.819930023973,7346.755582704197,7152.653717903558,7210.88427734375,67202,0.0,0.0
2020-07-16 00:00:00+09:00,7239.999602776605,7404.98618889886,7123.538483160895,7181.76904296875,84189,0.0,0.0
2020-07-17 00:00:00+09:00,7269.114852041569,7269.114852041569,7162.35882617714,7201.17919921875,39529,0.0,0.0
2020-07-20 00:00:00+09:00,7172.06394966744,7191.474136270059,7075.0130166543495,7181.76904296875,45160,0.0,0.0
2020-07-21 00:00:00+09:00,7230.294509475295,7230.294509475295,7094.423203256968,7181.76904296875,38100,0.0,0.0
2020-07-22 00:00:00+09:00,7113.833511435921,7424.396502385374,7075.013137567239,7104.12841796875,83294,0.0,0.0
2020-07-23 00:00:00+09:00,7152.653604576514,7152.653604576514,6939.141556678708,6968.2568359375,105489,0.0,0.0
2020-07-24 00:00:00+09:00,6628.578855675519,6968.25712792829,6628.578855675519,6783.8603515625,108676,0.0,0.0
2020-07-27 00:00:00+09:00,6793.565998763489,6977.962790158498,6706.220150207959,6745.04052734375,44439,0.0,0.0
2020-07-28 00:00:00+09:00,6745.039947117956,6861.501068507044,6715.924666770685,6803.2705078125,37969,0.0,0.0
2020-07-29 00:00:00+09:00,6745.039886691046,6842.0908203125,6745.039886691046,6842.0908203125,23404,0.0,0.0
2020-07-30 00:00:00+09:00,6871.205595454143,6890.615780752036,6783.859761613624,6851.79541015625,30037,0.0,0.0
2020-07-31 00:00:00+09:00,6919.731470481636,6919.731470481636,6463.592088836985,6589.75830078125,114351,0.0,0.0
2020-08-03 00:00:00+09:00,6589.7583615451385,6599.463454861111,6463.592148437499,6550.93798828125,48414,0.0,0.0
2020-08-04 00:00:00+09:00,6512.117525209939,6706.219388852561,6512.117525209939,6609.16845703125,59384,0.0,0.0
2020-08-05 00:00:00+09:00,6541.232864717966,6618.873610886725,6502.412491633586,6570.34814453125,80744,0.0,0.0
2020-08-06 00:00:00+09:00,6512.118141141759,7016.783034344995,6512.118141141759,6822.68115234375,178795,0.0,0.0
2020-08-07 00:00:00+09:00,6861.501658751124,6880.91184731902,6706.220150207959,6745.04052734375,58637,0.0,0.0
2020-08-10 00:00:00+09:00,6745.04010124593,6871.206318967077,6647.9891645373555,6706.2197265625,42016,0.0,0.0
2020-08-11 00:00:00+09:00,6715.925244491907,6812.976187331385,6609.16920736848,6745.04052734375,61619,0.0,0.0
2020-08-12 00:00:00+09:00,6803.271093047437,6803.271093047437,6677.104867356115,6745.04052734375,39169,0.0,0.0
2020-08-13 00:00:00+09:00,6910.026548625342,7298.230287312159,6910.026548625342,7104.12841796875,351348,0.0,0.0
2020-08-14 00:00:00+09:00,7094.423203256968,7288.52506928315,7007.077363545185,7181.76904296875,148947,0.0,0.0
2020-08-18 00:00:00+09:00,7065.308324945095,7065.308324945095,6550.9383507389275,6628.5791015625,142637,0.0,0.0
2020-08-19 00:00:00+09:00,6628.578961851969,6929.436864952131,6550.938212664831,6715.9248046875,73827,0.0,0.0
2020-08-20 00:00:00+09:00,6618.873781496341,6910.026587134009,6308.31078881616,6463.59228515625,113671,0.0,0.0
2020-08-21 00:00:00+09:00,6628.57878112793,6686.809341430664,6405.361633300781,6521.82275390625,32293,0.0,0.0
2020-08-24 00:00:00+09:00,6521.8229561836115,6521.8229561836115,6172.439583530919,6395.65673828125,57775,0.0,0.0
2020-08-25 00:00:00+09:00,6395.656176463667,6541.232568947666,6347.130712302334,6444.181640625,75258,0.0,0.0
2020-08-26 00:00:00+09:00,6492.70751953125,6599.463547505605,6376.24639810468,6492.70751953125,50671,0.0,0.0
2020-08-27 00:00:00+09:00,6512.117853145351,7521.447594914526,6512.117853145351,6706.2197265625,2254025,0.0,0.0
2020-08-28 00:00:00+09:00,6599.463439580251,6667.399092634754,6531.5277865257485,6560.64306640625,192522,0.0,0.0
2020-08-31 00:00:00+09:00,6657.693987460331,6987.667158850494,6647.98889418415,6880.9111328125,318238,0.0,0.0
2020-09-01 00:00:00+09:00,6793.565293326869,6958.55187902195,6793.565293326869,6880.9111328125,121588,0.0,0.0
2020-09-02 00:00:00+09:00,6880.911270926339,6968.257112165178,6764.450149274553,6793.5654296875,96509,0.0,0.0
2020-09-03 00:00:00+09:00,6890.6162565196255,6929.436629795792,6783.860230010166,6861.5009765625,88404,0.0,0.0
2020-09-04 00:00:00+09:00,6638.283485740509,6793.56497078707,6618.873300109688,6774.15478515625,79872,0.0,0.0
2020-09-07 00:00:00+09:00,6774.155121711688,6929.4366144729875,6745.039841818944,6871.2060546875,82903,0.0,0.0
2020-09-08 00:00:00+09:00,7084.71849732299,7142.949060314685,6851.796245356207,6939.14208984375,149644,0.0,0.0
2020-09-09 00:00:00+09:00,6851.7958680923375,6929.4366144729875,6822.680588199593,6871.2060546875,67575,0.0,0.0
2020-09-10 00:00:00+09:00,6880.91157377436,6939.142137163141,6851.796292079968,6910.02685546875,38678,0.0,0.0
2020-09-11 00:00:00+09:00,6910.026535752497,6939.141816099768,6803.2705078125,6803.2705078125,52923,0.0,0.0
2020-09-14 00:00:00+09:00,6929.4370591046945,6977.962528706268,6851.796307742176,6900.32177734375,55251,0.0,0.0
2020-09-15 00:00:00+09:00,6919.731058698875,6919.731058698875,6842.090317507304,6851.79541015625,50032,0.0,0.0
2020-09-16 00:00:00+09:00,6861.501007036791,6890.616287123227,6812.975540226064,6842.0908203125,38267,0.0,0.0
2020-09-17 00:00:00+09:00,6812.975186051994,6871.205743197737,6745.039536048626,6754.74462890625,49854,0.0,0.0
2020-09-18 00:00:00+09:00,6822.68026405017,6842.090449723143,6696.514057175843,6764.44970703125,40533,0.0,0.0
2020-09-21 00:00:00+09:00,6764.450164576628,6842.090912520118,6696.514510126073,6783.8603515625,51640,0.0,0.0
2020-09-22 00:00:00+09:00,6715.92493032712,6774.1554933068355,6638.2841796875,6638.2841796875,63330,0.0,0.0
2020-09-23 00:00:00+09:00,6647.989305065524,6842.091182585686,6560.643460181452,6618.8740234375,41328,0.0,0.0
2020-09-24 00:00:00+09:00,6550.938126847551,6609.168687975085,6444.182098113739,6463.59228515625,60616,0.0,0.0
2020-09-25 00:00:00+09:00,6570.348267148963,6570.348267148963,6395.656585009108,6492.70751953125,26798,0.0,0.0
2020-09-28 00:00:00+09:00,6628.579117313508,6677.104586693548,6541.233272429436,6618.8740234375,31477,0.0,0.0
2020-09-29 00:00:00+09:00,6745.039625084918,6754.744718070652,6618.87341627038,6696.51416015625,31497,0.0,0.0
2020-10-05 00:00:00+09:00,6696.514929042941,6842.091340543875,6677.104740842817,6822.68115234375,48030,0.0,0.0
2020-10-06 00:00:00+09:00,6822.680694710682,6851.795975057953,6754.745040567047,6803.2705078125,26851,0.0,0.0
2020-10-07 00:00:00+09:00,6880.911255405224,6880.911255405224,6754.745040567047,6803.2705078125,35225,0.0,0.0
2020-10-08 00:00:00+09:00,6842.091182585686,6987.667590725806,6832.386088709677,6919.73193359375,89614,0.0,0.0
2020-10-12 00:00:00+09:00,6939.14208984375,6968.257371339598,6812.975870028409,6939.14208984375,80084,0.0,0.0
2020-10-13 00:00:00+09:00,6977.962512755662,6977.962512755662,6812.975916487448,6910.02685546875,23851,0.0,0.0
2020-10-14 00:00:00+09:00,6910.02666170635,6910.02666170635,6725.6298828125,6725.6298828125,45262,0.0,0.0
2020-10-15 00:00:00+09:00,6725.629683587954,6793.565336957529,6502.412536802207,6541.23291015625,42552,0.0,0.0
2020-10-16 00:00:00+09:00,6609.16845703125,6725.629575216823,6541.232804756332,6609.16845703125,24922,0.0,0.0
2020-10-19 00:00:00+09:00,6599.463820003661,6686.80966468018,6560.643444591874,6628.5791015625,27103,0.0,0.0
2020-10-20 00:00:00+09:00,6686.8092330460695,6686.8092330460695,6502.4124617429125,6589.75830078125,30385,0.0,0.0
2020-10-21 00:00:00+09:00,6609.168521079426,6919.731505917225,6560.643054698519,6880.9111328125,129590,0.0,0.0
2020-10-22 00:00:00+09:00,6871.206318967077,6871.206318967077,6677.104445549928,6706.2197265625,59057,0.0,0.0
2020-10-23 00:00:00+09:00,6706.2197265625,6783.860475929359,6696.514632891643,6706.2197265625,26118,0.0,0.0
2020-10-26 00:00:00+09:00,6696.514419170227,6715.924605892459,6473.297271864552,6531.52783203125,55392,0.0,0.0
2020-10-27 00:00:00+09:00,6483.001997180451,6570.347832471804,6405.361254699248,6453.88671875,35817,0.0,0.0
2020-10-28 00:00:00+09:00,6502.412959186026,6638.284274751107,6444.182395372419,6580.0537109375,31495,0.0,0.0
2020-10-29 00:00:00+09:00,6599.463516440015,6599.463516440015,6415.066741715956,6512.11767578125,26823,0.0,0.0
2020-10-30 00:00:00+09:00,6512.117290450866,6628.578404438065,6405.361269295934,6444.181640625,23860,0.0,0.0
2020-11-02 00:00:00+09:00,6502.412659241273,6570.348313890062,6434.477004592483,6463.59228515625,39406,0.0,0.0
2020-11-03 00:00:00+09:00,6483.002456779423,6560.643204764805,6453.887176284905,6473.29736328125,24369,0.0,0.0
2020-11-04 00:00:00+09:00,6502.412506645248,6609.168532873752,6483.002320058247,6560.64306640625,21073,0.0,0.0
2020-11-05 00:00:00+09:00,6580.0536629323215,7919.356620874298,6483.002723951018,6910.02685546875,5807126,0.0,0.0
2020-11-06 00:00:00+09:00,6910.026533722715,7172.064056771188,6793.565412367837,7113.83349609375,922293,0.0,0.0
2020-11-09 00:00:00+09:00,7084.71836196192,7667.023980753311,7084.71836196192,7327.345703125,1320137,0.0,0.0
2020-11-10 00:00:00+09:00,7375.871313672922,7385.576407506703,7113.833780160858,7240.0,210177,0.0,0.0
2020-11-11 00:00:00+09:00,7239.99988750383,7987.292101093367,7239.99988750383,7919.3564453125,2279851,0.0,0.0
2020-11-12 00:00:00+09:00,7851.420547485352,8142.573348999023,7744.664520263672,7764.07470703125,1126675,0.0,0.0
2020-11-13 00:00:00+09:00,7909.6511545982985,7919.356248039523,7676.728912008901,7734.95947265625,269367,0.0,0.0
2020-11-16 00:00:00+09:00,7764.07444267516,7783.484628781847,7502.036930234873,7618.498046875,256859,0.0,0.0
2020-11-17 00:00:00+09:00,7569.973035955369,7832.010564123055,7560.267942319529,7637.90869140625,209850,0.0,0.0
2020-11-18 00:00:00+09:00,7725.254100814176,7754.369380088601,7569.972611350575,7599.087890625,110640,0.0,0.0
2020-11-19 00:00:00+09:00,7599.0881507016975,7599.0881507016975,7414.691375652742,7434.1015625,117068,0.0,0.0
2020-11-20 00:00:00+09:00,7482.626925829775,7812.60009765625,7482.626925829775,7812.60009765625,155992,0.0,0.0
2020-11-23 00:00:00+09:00,7783.484878520989,7783.484878520989,7618.498291320419,7773.77978515625,107922,0.0,0.0
2020-11-24 00:00:00+09:00,7812.600158615207,8103.752959557389,7686.4339448735955,7773.77978515625,265931,0.0,0.0
2020-11-25 00:00:00+09:00,7832.010994617675,10093.297936062432,7705.844770416895,8860.7509765625,7881043,0.0,0.0
2020-11-26 00:00:00+09:00,8792.814078305635,9122.78723356214,8375.495087834177,8394.9052734375,1159762,0.0,0.0
2020-11-27 00:00:00+09:00,8346.380655784651,8589.008000429552,8249.32971792669,8472.546875,445902,0.0,0.0
2020-11-30 00:00:00+09:00,8375.494963146391,8394.905148460752,8074.63709077381,8152.27783203125,373068,0.0,0.0
2020-12-01 00:00:00+09:00,8113.457418168001,8288.149085066356,8084.342140351609,8181.39306640625,180049,0.0,0.0
2020-12-02 00:00:00+09:00,8181.393361884857,8404.610499872226,8171.688268928884,8307.5595703125,188196,0.0,0.0
2020-12-03 00:00:00+09:00,8394.905925948788,8715.174013297123,8259.034616164645,8598.712890625,488539,0.0,0.0
2020-12-04 00:00:00+09:00,8491.956201454119,8676.352964685693,8365.789995032515,8394.9052734375,203510,0.0,0.0
2020-12-07 00:00:00+09:00,8317.26578641529,8394.906540547521,8045.523146952479,8220.21484375,155087,0.0,0.0
2020-12-08 00:00:00+09:00,8229.918695809249,8482.251108652457,8123.162674990968,8394.9052734375,189220,0.0,0.0
2020-12-09 00:00:00+09:00,8482.251984482511,8666.648766753871,8365.790858837443,8462.841796875,395072,0.0,0.0
2020-12-10 00:00:00+09:00,8462.841781214203,8491.957062571591,8249.32971792669,8472.546875,129484,0.0,0.0
2020-12-11 00:00:00+09:00,8443.4315625,8491.95703125,8346.380625,8491.95703125,104248,0.0,0.0
2020-12-14 00:00:00+09:00,8482.251752748027,8831.635120138106,8278.444788437148,8608.41796875,340830,0.0,0.0
2020-12-15 00:00:00+09:00,8608.417336609542,9365.41457703293,8326.969644657258,9025.736328125,3007410,0.0,0.0
2020-12-16 00:00:00+09:00,8918.980634378442,8938.390820742703,8249.329204811398,8812.224609375,653030,0.0,0.0
2020-12-17 00:00:00+09:00,8773.40420673077,9404.23526141827,8637.53290264423,8831.634765625,2192539,0.0,0.0
2020-12-18 00:00:00+09:00,8831.635921423109,8986.91743212945,8686.059505135916,8724.8798828125,235069,0.0,0.0
2020-12-21 00:00:00+09:00,8792.814857066762,8792.814857066762,8394.906016956676,8540.482421875,258927,0.0,0.0
2020-12-22 00:00:00+09:00,8540.482097520908,8540.482097520908,8094.047806059588,8123.1630859375,194721,0.0,0.0
2020-12-23 00:00:00+09:00,8152.278396332335,8569.59740947792,8045.522369713698,8103.7529296875,135095,0.0,0.0
2020-12-24 00:00:00+09:00,8181.393317640549,8268.739153771943,7754.369229887068,8016.40673828125,102365,0.0,0.0
2020-12-28 00:00:00+09:00,7948.4716487610385,8035.817491055116,7812.600338525807,7967.8818359375,71122,0.0,0.0
2020-12-29 00:00:00+09:00,7977.587212651753,8210.509467035747,7977.587212651753,8094.04833984375,42233,0.0,0.0
2020-12-30 00:00:00+09:00,8103.752690997723,8365.790203161721,8094.047597954613,8259.0341796875,73486,0.0,0.0
2021-01-04 00:00:00+09:00,8424.02062590843,8472.546090343387,8317.264604151525,8346.3798828125,72847,0.0,0.0
2021-01-05 00:00:00+09:00,8346.379868067654,8394.905332416885,8249.328939369192,8356.0849609375,65169,0.0,0.0
2021-01-06 00:00:00+09:00,8317.265625,8443.431848016337,8249.329966452742,8317.265625,111665,0.0,0.0
2021-01-07 00:00:00+09:00,8317.264663268472,8414.315592828198,8268.739198488609,8307.5595703125,66988,0.0,0.0
2021-01-08 00:00:00+09:00,8385.200419611307,8385.200419611307,8132.867999576708,8239.6240234375,102698,0.0,0.0
2021-01-11 00:00:00+09:00,8268.739625792572,8365.790560367603,7958.176635152476,8035.8173828125,135984,0.0,0.0
2021-01-12 00:00:00+09:00,8035.81672014509,8297.85422188895,7861.125052315849,8152.27783203125,83549,0.0,0.0
2021-01-13 00:00:00+09:00,8152.279057017544,8375.496221673977,8152.279057017544,8297.85546875,92071,0.0,0.0
2021-01-14 00:00:00+09:00,8278.44493835519,8589.007937214938,8278.44493835519,8511.3671875,185826,0.0,0.0
2021-01-15 00:00:00+09:00,8618.12242296007,8666.647887053314,8375.495102493851,8385.2001953125,223452,0.0,0.0
2021-01-18 00:00:00+09:00,8336.675655675277,8365.790937359823,8103.7534021989,8113.45849609375,95432,0.0,0.0
2021-01-19 00:00:00+09:00,8113.4577547992385,8317.264707970033,8064.932289758573,8278.4443359375,51437,0.0,0.0
2021-01-20 00:00:00+09:00,8278.445154077346,8540.48269119351,8210.50949630649,8375.49609375,119053,0.0,0.0
2021-01-21 00:00:00+09:00,8336.675515928226,8637.533421625285,8336.675515928226,8501.662109375,185230,0.0,0.0
2021-01-22 00:00:00+09:00,8491.957246030268,8996.622133794352,8482.252152034805,8957.8017578125,584051,0.0,0.0
2021-01-25 00:00:00+09:00,9083.967375417595,9093.6724687674,8666.648361375976,8715.173828125,288787,0.0,0.0
2021-01-26 00:00:00+09:00,8715.174516836109,9316.890352074235,8695.76432860262,8889.8662109375,774720,0.0,0.0
2021-01-27 00:00:00+09:00,8948.095913924835,9346.004734392209,8724.87877073582,8812.224609375,662753,0.0,0.0
2021-01-28 00:00:00+09:00,8783.109699784362,8783.109699784362,8491.956892056704,8579.302734375,212852,0.0,0.0
2021-01-29 00:00:00+09:00,8686.058368389424,8686.058368389424,8045.522220552884,8200.8037109375,191054,0.0,0.0
2021-02-01 00:00:00+09:00,8191.099433479532,8346.380939327486,8026.112833516082,8297.85546875,100336,0.0,0.0
2021-02-02 00:00:00+09:00,8317.264800489995,8918.980573687637,8307.559707373905,8851.044921875,410563,0.0,0.0
2021-02-03 00:00:00+09:00,8870.455275388456,8918.980741884017,8686.058502705328,8744.2890625,168538,0.0,0.0
2021-02-04 00:00:00+09:00,8734.58420459036,9210.1337890625,8569.597614059208,9210.1337890625,414740,0.0,0.0
2021-02-05 00:00:00+09:00,9190.72298141892,9229.54335304054,8948.095658783785,8977.2109375,312404,0.0,0.0
2021-02-08 00:00:00+09:00,8986.91630202591,9025.736674820839,8637.532946871555,8802.51953125,102809,0.0,0.0
2021-02-09 00:00:00+09:00,8783.10958982183,8870.455431046577,8637.533187780584,8647.23828125,96084,0.0,0.0
2021-02-10 00:00:00+09:00,8637.534033040183,8792.815543746525,8491.95761675299,8724.8798828125,109090,0.0,0.0
2021-02-15 00:00:00+09:00,8724.878740985578,9122.787560096154,8686.058368389424,8831.634765625,145470,0.0,0.0
2021-02-16 00:00:00+09:00,8948.096824086118,8948.096824086118,8783.110223208174,8860.7509765625,61896,0.0,0.0
2021-02-17 00:00:00+09:00,8860.750849323085,9016.032353801913,8744.289720963965,8938.3916015625,132668,0.0,0.0
2021-02-18 00:00:00+09:00,8909.276335343071,9064.557840098505,8860.750865106997,8928.6865234375,127531,0.0,0.0
2021-02-19 00:00:00+09:00,9491.581679354345,9608.042804254397,8967.506617304105,9103.3779296875,1110335,0.0,0.0
2021-02-22 00:00:00+09:00,9190.722452404429,10335.92334932494,9083.966436589806,9996.2451171875,2459130,0.0,0.0
2021-02-23 00:00:00+09:00,9996.246169969512,10772.653639481707,9753.618835746951,9947.720703125,1829984,0.0,0.0
2021-02-24 00:00:00+09:00,9899.195616504532,10044.772022629599,9025.737179754131,9103.3779296875,842671,0.0,0.0
2021-02-25 00:00:00+09:00,9297.480040450508,9588.632860088832,9210.13419455901,9559.517578125,397807,0.0,0.0
2021-02-26 00:00:00+09:00,9268.364576150325,9675.978515625,9190.723825774197,9675.978515625,299434,0.0,0.0
2021-03-02 00:00:00+09:00,9996.245975317961,10141.822373016767,9394.530198162898,9443.0556640625,321451,0.0,0.0
2021-03-03 00:00:00+09:00,9365.414954723012,10675.6025390625,9365.414954723012,10675.6025390625,1052663,0.0,0.0
2021-03-04 00:00:00+09:00,10481.501210387325,11354.959644586268,10044.771993287852,10335.9248046875,1285655,0.0,0.0
2021-03-05 00:00:00+09:00,10044.771484375,10918.229874320652,9802.14415383454,10044.771484375,897026,0.0,0.0
2021-03-08 00:00:00+09:00,10627.076462572673,11257.907485465115,10287.398219476743,10432.974609375,1360307,0.0,0.0
2021-03-09 00:00:00+09:00,10432.976085265838,10966.756257070136,10238.874204609729,10724.12890625,799206,0.0,0.0
2021-03-10 00:00:00+09:00,10578.552390252977,10724.128799293156,10190.3486328125,10190.3486328125,357843,0.0,0.0
2021-03-11 00:00:00+09:00,10335.924727110105,10432.975663514895,10044.771917895736,10384.4501953125,214764,0.0,0.0
2021-03-12 00:00:00+09:00,10432.975663514895,10481.50113171729,10141.822854300526,10384.4501953125,201029,0.0,0.0
2021-03-15 00:00:00+09:00,10287.398971036586,10287.398971036586,9753.618835746951,9947.720703125,291121,0.0,0.0
2021-03-16 00:00:00+09:00,10044.771484375,10141.822416591183,9899.195086050724,10044.771484375,96212,0.0,0.0
2021-03-17 00:00:00+09:00,10141.822930421069,10335.9248046875,9899.195587588029,10335.9248046875,158374,0.0,0.0
2021-03-18 00:00:00+09:00,10287.399652362441,10335.925122420753,10044.772302070873,10141.8232421875,99062,0.0,0.0
2021-03-19 00:00:00+09:00,9899.1953125,10044.77171415441,9802.144378063726,9899.1953125,115585,0.0,0.0
2021-03-22 00:00:00+09:00,10093.297103658537,10093.297103658537,9753.618835746951,9947.720703125,93662,0.0,0.0
2021-03-23 00:00:00+09:00,9850.669330407924,10044.771189135174,9588.631821126137,9598.3369140625,210327,0.0,0.0
2021-03-24 00:00:00+09:00,9608.043112098625,9656.568582361748,9316.890290519877,9520.697265625,199454,0.0,0.0
2021-03-25 00:00:00+09:00,9501.286238305362,9802.144127363039,9413.940399546682,9433.3505859375,170205,0.0,0.0
2021-03-26 00:00:00+09:00,9433.35073820816,9520.696578376755,9248.953964518907,9336.2998046875,144936,0.0,0.0
2021-03-29 00:00:00+09:00,9355.709590653438,9656.567471680675,9248.95356835345,9598.3369140625,131212,0.0,0.0
2021-03-30 00:00:00+09:00,9656.568491342905,10772.654296875,9608.043021537162,10772.654296875,1314043,0.0,0.0
2021-03-31 00:00:00+09:00,11403.485374813989,12131.367420014882,10044.772223772321,10190.3486328125,3443447,0.0,0.0
2021-04-01 00:00:00+09:00,10238.87334428267,10675.6025390625,9996.246013849432,10675.6025390625,651521,0.0,0.0
2021-04-02 00:00:00+09:00,10481.501555429864,10918.23078690611,10384.45061510181,10724.12890625,439723,0.0,0.0
2021-04-05 00:00:00+09:00,10724.129079579276,11306.434730959145,10578.552666734307,11209.3837890625,523754,0.0,0.0
2021-04-06 00:00:00+09:00,11257.90894281915,11452.010821143616,10918.23065575133,11403.4853515625,410041,0.0,0.0
2021-04-07 00:00:00+09:00,11354.958761867088,12034.315268987342,11354.958761867088,11500.53515625,591319,0.0,0.0
2021-04-08 00:00:00+09:00,11500.53605485163,11743.163397780987,11209.383243336397,11549.0615234375,285381,0.0,0.0
2021-04-09 00:00:00+09:00,11500.535381610578,12325.468299278846,11257.908052884615,11985.7900390625,514075,0.0,0.0
2021-04-12 00:00:00+09:00,11888.739487829287,12179.892291612861,11597.586684045713,11743.1630859375,213103,0.0,0.0
2021-04-13 00:00:00+09:00,11791.68817608173,12276.942833533654,11549.06084735577,11985.7900390625,334326,0.0,0.0
2021-04-14 00:00:00+09:00,11985.790104166666,14945.843530701753,11791.688240131578,13829.7578125,3534346,0.0,0.0
2021-04-15 00:00:00+09:00,13829.758218486657,14315.012892819523,12859.248869820927,12956.2998046875,911501,0.0,0.0
2021-04-16 00:00:00+09:00,13150.401848733836,16741.286486395475,13053.35091258082,14072.3857421875,10029184,0.0,0.0
2021-04-19 00:00:00+09:00,13975.334677419354,14120.911080309139,13393.029065860215,13538.60546875,1295224,0.0,0.0
2021-04-20 00:00:00+09:00,13490.079709201389,13878.283441840278,13004.825043402778,13101.8759765625,861798,0.0,0.0
2021-04-21 00:00:00+09:00,13053.351811909846,13781.233883205936,12956.300869070368,13490.0810546875,942684,0.0,0.0
2021-04-22 00:00:00+09:00,13926.809369359205,14994.36966944946,13198.927346570397,13441.5546875,3613140,0.0,0.0
2021-04-23 00:00:00+09:00,13295.978252963363,14363.538550646552,13295.978252963363,14072.3857421875,1560206,0.0,0.0
2021-04-26 00:00:00+09:00,14169.436835394965,14557.640584309895,13926.809492323133,13975.3349609375,1478843,0.0,0.0
2021-04-27 00:00:00+09:00,13878.283841274753,14800.26773282797,13490.080097462871,14703.216796875,1587142,0.0,0.0
2021-04-28 00:00:00+09:00,14509.114639801233,15819.302249415392,13587.130766369048,14266.4873046875,2021052,0.0,0.0
2021-04-29 00:00:00+09:00,14557.63996245583,14800.267295163429,13635.65609816696,13732.70703125,936489,0.0,0.0
2021-04-30 00:00:00+09:00,13732.70665127841,13829.757581676136,13101.875603693183,13344.5029296875,423738,0.0,0.0
2021-05-03 00:00:00+09:00,13198.927611451049,14460.589809604458,13101.876673131555,13878.2841796875,686760,0.0,0.0
2021-05-04 00:00:00+09:00,13878.284023708768,14169.436835394965,13490.080274793836,13975.3349609375,262086,0.0,0.0
2021-05-06 00:00:00+09:00,14120.911525486232,14169.43699464598,13393.029488090035,13878.2841796875,266970,0.0,0.0
2021-05-07 00:00:00+09:00,13781.232487858952,14897.3182175095,13587.13062183277,14363.5380859375,1323826,0.0,0.0
2021-05-10 00:00:00+09:00,14363.538550646552,14654.691359105604,14023.860274110992,14072.3857421875,436243,0.0,0.0
2021-05-11 00:00:00+09:00,13975.334837545126,13975.334837545126,13441.5546875,13441.5546875,401633,0.0,0.0
2021-05-12 00:00:00+09:00,13344.5029296875,13926.808512073863,13198.92653409091,13344.5029296875,341404,0.0,0.0
2021-05-13 00:00:00+09:00,13101.876410198556,14363.53858303249,13004.825473826715,13441.5546875,935427,0.0,0.0
2021-05-14 00:00:00+09:00,13587.130859375,13684.181794084821,13295.978055245536,13587.130859375,203037,0.0,0.0
2021-05-17 00:00:00+09:00,13684.180976159794,14460.58840743127,13441.553653887457,14120.91015625,1108380,0.0,0.0
2021-05-18 00:00:00+09:00,14072.385436596514,14509.114639801233,14072.385436596514,14266.4873046875,600816,0.0,0.0
2021-05-20 00:00:00+09:00,14217.962304009332,14363.53870985243,13926.809492323133,13975.3349609375,211015,0.0,0.0
2021-05-21 00:00:00+09:00,13926.8095703125,14120.911445856926,13829.758632540288,13926.8095703125,198255,0.0,0.0
2021-05-24 00:00:00+09:00,13926.810297465152,13926.810297465152,13441.55558326776,13490.0810546875,167515,0.0,0.0
2021-05-25 00:00:00+09:00,13538.605016447367,13926.808744517544,13441.554084429825,13829.7578125,187920,0.0,0.0
2021-05-26 00:00:00+09:00,13829.758401804957,14169.436678340517,13732.70746565194,14072.3857421875,219170,0.0,0.0
2021-05-27 00:00:00+09:00,14120.91015625,14315.01201406787,13878.282833977662,14120.91015625,264793,0.0,0.0
2021-05-28 00:00:00+09:00,14217.962224940527,14217.962224940527,13975.334883217995,14023.8603515625,166788,0.0,0.0
2021-05-31 00:00:00+09:00,13975.333778782895,14751.7412109375,13878.28284976357,14751.7412109375,1219345,0.0,0.0
2021-06-01 00:00:00+09:00,16450.13314571896,16983.91327729096,14315.012619430954,14363.5380859375,9035535,0.0,0.0
2021-06-02 00:00:00+09:00,14120.911366780598,14509.11511569553,13878.284023708768,13975.3349609375,1078646,0.0,0.0
2021-06-03 00:00:00+09:00,13926.809369359205,14169.436710288808,13441.5546875,13441.5546875,723701,0.0,0.0
2021-06-04 00:00:00+09:00,13295.977980427046,13781.232651245551,13247.452513345195,13635.65625,444232,0.0,0.0
2021-06-07 00:00:00+09:00,13490.079709201389,13490.079709201389,13101.8759765625,13101.8759765625,302025,0.0,0.0
2021-06-08 00:00:00+09:00,13150.4013671875,13441.55416498501,13101.875900887915,13150.4013671875,200203,0.0,0.0
2021-06-09 00:00:00+09:00,13247.453173828126,13247.453173828126,12568.096600811297,12616.6220703125,287737,0.0,0.0
2021-06-10 00:00:00+09:00,12568.09577882752,12859.248576792636,12276.942980862403,12519.5703125,172736,0.0,0.0
2021-06-11 00:00:00+09:00,12519.56970263093,12665.146094521986,12034.315062994072,12276.9423828125,324399,0.0,0.0
2021-06-14 00:00:00+09:00,12276.942680879769,12373.993611163403,11937.26442488705,12082.8408203125,234112,0.0,0.0
2021-06-15 00:00:00+09:00,12131.367109686254,12276.94351500249,12034.316172808763,12179.892578125,127416,0.0,0.0
2021-06-16 00:00:00+09:00,12228.418238146553,12713.672930136494,12179.892768947557,12665.1474609375,214640,0.0,0.0
2021-06-17 00:00:00+09:00,12713.671800736693,12810.722730513307,12422.519011406845,12762.197265625,96576,0.0,0.0
2021-06-18 00:00:00+09:00,12762.198087411558,12907.774491450473,12471.045279333726,12859.2490234375,136380,0.0,0.0
2021-06-21 00:00:00+09:00,12713.672619398585,13150.401831515332,12568.09621535967,12859.2490234375,256759,0.0,0.0
2021-06-22 00:00:00+09:00,12956.299427705653,13344.503155876608,12810.723029641544,13198.9267578125,247016,0.0,0.0
2021-06-23 00:00:00+09:00,13198.9267578125,13635.655952004825,13004.824893727022,13198.9267578125,570342,0.0,0.0
2021-06-24 00:00:00+09:00,13198.926833487085,13295.977766086255,12907.774035689576,13150.4013671875,227985,0.0,0.0
2021-06-25 00:00:00+09:00,13004.824968288745,13344.50323238584,13004.824968288745,13150.4013671875,217394,0.0,0.0
2021-06-28 00:00:00+09:00,13198.927655677655,13393.029532967033,13101.876717032967,13247.453125,243266,0.0,0.0
2021-06-29 00:00:00+09:00,13247.452073591468,14120.910452070028,13198.926608120437,13295.9775390625,1078663,0.0,0.0
2021-06-30 00:00:00+09:00,13393.02941256533,14120.911445856926,13344.503943679225,13926.8095703125,1257799,0.0,0.0
2021-07-01 00:00:00+09:00,13926.808512073863,13975.333977272727,13295.977464488637,13344.5029296875,372600,0.0,0.0
2021-07-02 00:00:00+09:00,13247.453125,13684.182348901099,13198.927655677655,13247.453125,288392,0.0,0.0
2021-07-05 00:00:00+09:00,13198.92653409091,13490.07932528409,13101.875603693183,13344.5029296875,172225,0.0,0.0
2021-07-06 00:00:00+09:00,13247.451925526495,13635.655644955841,13198.926460597826,13393.0283203125,213553,0.0,0.0
2021-07-07 00:00:00+09:00,13295.977766086255,13441.55416498501,13053.35043458833,13150.4013671875,325111,0.0,0.0
2021-07-08 00:00:00+09:00,13393.028932486008,13490.079866779384,12568.095990992304,13004.8251953125,665101,0.0,0.0
2021-07-09 00:00:00+09:00,12907.774887319712,12956.300356820913,12179.892844801683,12616.6220703125,337769,0.0,0.0
2021-07-12 00:00:00+09:00,12616.622149493243,12859.24949852196,12471.045740076013,12568.0966796875,173461,0.0,0.0
2021-07-13 00:00:00+09:00,12713.671875,12956.299200858779,12568.095479484733,12713.671875,245247,0.0,0.0
2021-07-14 00:00:00+09:00,12713.673009314904,12762.198478816106,12373.99472280649,12616.6220703125,129674,0.0,0.0
2021-07-15 00:00:00+09:00,12471.044261043233,13101.875293703008,12471.044261043233,12907.7734375,298281,0.0,0.0
2021-07-16 00:00:00+09:00,12665.147539813703,12907.774887319712,12568.096600811297,12616.6220703125,120979,0.0,0.0
2021-07-19 00:00:00+09:00,12519.56970263093,12665.146094521986,12131.365990921444,12276.9423828125,108874,0.0,0.0
2021-07-20 00:00:00+09:00,11937.264573317309,12179.89190204327,11840.213641826924,11985.7900390625,256842,0.0,0.0
2021-07-21 00:00:00+09:00,12228.41796875,12568.096245659723,11985.7906281002,12228.41796875,274665,0.0,0.0
2021-07-22 00:00:00+09:00,12276.94351500249,12422.519920318724,12082.841641247509,12179.892578125,108205,0.0,0.0
2021-07-23 00:00:00+09:00,12179.89250062004,12422.519841269841,12082.84156436012,12228.41796875,112607,0.0,0.0
2021-07-26 00:00:00+09:00,12179.892578125,12373.99445187998,12034.316172808763,12179.892578125,87307,0.0,0.0
2021-07-27 00:00:00+09:00,12131.366804534313,12616.621476715685,12131.366804534313,12373.994140625,129041,0.0,0.0
2021-07-28 00:00:00+09:00,12276.942680879769,12422.519076305221,11985.789890028866,12082.8408203125,117078,0.0,0.0
2021-07-29 00:00:00+09:00,12082.8408203125,12373.993611163403,11937.26442488705,12082.8408203125,118597,0.0,0.0
2021-07-30 00:00:00+09:00,11985.790267193905,12131.366667200307,11694.637467181097,11840.2138671875,138481,0.0,0.0
2021-08-02 00:00:00+09:00,11840.213791454082,11937.264724170918,11743.162858737245,11888.7392578125,74028,0.0,0.0
2021-08-03 00:00:00+09:00,11791.688630543309,11888.739565774118,11597.586760081691,11694.6376953125,93878,0.0,0.0
2021-08-04 00:00:00+09:00,11791.688400518698,11937.264800525103,11597.586533843494,11840.2138671875,85886,0.0,0.0
2021-08-05 00:00:00+09:00,11791.688250285823,11985.790114488058,11791.688250285823,11937.2646484375,96470,0.0,0.0
2021-08-06 00:00:00+09:00,12034.315733862706,12082.841200531506,11743.162933849899,11840.2138671875,57476,0.0,0.0
2021-08-09 00:00:00+09:00,11840.213409810127,11888.73887460443,11354.958761867088,11500.53515625,134877,0.0,0.0
2021-08-10 00:00:00+09:00,11452.009915865385,11500.535381610578,10966.755258413461,11354.958984375,134126,0.0,0.0
2021-08-11 00:00:00+09:00,11257.908511513158,11403.484914679277,10966.75570518092,11063.806640625,109628,0.0,0.0
2021-08-12 00:00:00+09:00,11015.281327779314,11160.857732992257,10821.179454162058,10966.755859375,79522,0.0,0.0
2021-08-13 00:00:00+09:00,10869.7041015625,11015.280495779854,10432.974918910435,10869.7041015625,145728,0.0,0.0
2021-08-17 00:00:00+09:00,10772.654021786971,10966.755896053404,10238.873867554285,10335.9248046875,158311,0.0,0.0
2021-08-18 00:00:00+09:00,10093.297236689816,10578.551911530672,10093.297236689816,10481.5009765625,101975,0.0,0.0
2021-08-19 00:00:00+09:00,10190.348037347561,10481.500838414633,9850.669769435975,9947.720703125,150630,0.0,0.0
2021-08-20 00:00:00+09:00,9996.246246936274,10141.822648590685,9588.632322303922,9899.1953125,221056,0.0,0.0
2021-08-23 00:00:00+09:00,10190.347882699276,10530.026145455917,9947.720552158817,10044.771484375,265276,0.0,0.0
2021-08-24 00:00:00+09:00,10190.348171657986,10530.026444046585,10141.822704173901,10481.5009765625,144126,0.0,0.0
2021-08-25 00:00:00+09:00,10530.026444046585,10578.551911530672,10190.348171657986,10481.5009765625,103808,0.0,0.0
2021-08-26 00:00:00+09:00,10481.501210387325,10530.026678953933,10287.399336120892,10335.9248046875,55688,0.0,0.0
2021-08-27 00:00:00+09:00,10238.874129011825,10772.654296875,10141.823189400338,10772.654296875,140684,0.0,0.0
2021-08-30 00:00:00+09:00,10918.23065575133,11549.06176030585,10675.603307845744,11403.4853515625,370587,0.0,0.0
2021-08-31 00:00:00+09:00,11549.06084735577,11646.111778846154,11354.958984375,11354.958984375,159799,0.0,0.0
2021-09-01 00:00:00+09:00,11354.959881981382,11452.010821143616,11257.90894281915,11403.4853515625,64622,0.0,0.0
2021-09-02 00:00:00+09:00,11354.959059817596,11500.535458020386,11209.382661614807,11306.43359375,72161,0.0,0.0
2021-09-03 00:00:00+09:00,11306.434412400266,11500.536290724734,11257.90894281915,11403.4853515625,77082,0.0,0.0
2021-09-06 00:00:00+09:00,11403.484450120193,11403.484450120193,11160.85712139423,11354.958984375,76008,0.0,0.0
2021-09-07 00:00:00+09:00,11306.433954389264,11743.163162927905,11257.90848677386,11694.6376953125,167725,0.0,0.0
2021-09-08 00:00:00+09:00,11694.637618640238,11840.214020532025,11549.06121674845,11743.1630859375,165312,0.0,0.0
2021-09-09 00:00:00+09:00,11791.688708496094,11840.214176432291,11549.061368815104,11646.1123046875,154115,0.0,0.0
2021-09-10 00:00:00+09:00,11646.112000512296,11888.739333856302,11452.010133837091,11840.2138671875,151400,0.0,0.0
2021-09-13 00:00:00+09:00,11840.214176432291,12131.36698404948,11500.535900878907,11646.1123046875,297836,0.0,0.0
2021-09-14 00:00:00+09:00,11840.214334952732,11937.265272124476,11549.0615234375,11549.0615234375,125685,0.0,0.0
2021-09-15 00:00:00+09:00,11597.586160950741,11791.688021385064,11354.958835407839,11452.009765625,123763,0.0,0.0
2021-09-16 00:00:00+09:00,11452.01006869612,11549.061001481681,11257.908203125,11257.908203125,76415,0.0,0.0
2021-09-17 00:00:00+09:00,11257.908203125,11403.48460230334,11063.806337553879,11257.908203125,51082,0.0,0.0
2021-09-23 00:00:00+09:00,11112.331349826389,11209.382278645833,10821.178563368056,10918.2294921875,139402,0.0,0.0
2021-09-24 00:00:00+09:00,10918.230161708516,11403.484835562227,10918.230161708516,11112.33203125,117119,0.0,0.0
2021-09-27 00:00:00+09:00,10966.755900407039,11549.0615234375,10966.755900407039,11549.0615234375,117285,0.0,0.0
2021-09-28 00:00:00+09:00,11500.535930616741,11597.586866740088,10918.230313876653,11015.28125,137594,0.0,0.0
2021-09-29 00:00:00+09:00,10772.653471235795,10918.229869495739,10481.50067471591,10675.6025390625,140610,0.0,0.0
2021-09-30 00:00:00+09:00,10627.0771484375,10772.653547731165,10578.551682006278,10627.0771484375,50356,0.0,0.0
2021-10-01 00:00:00+09:00,10432.97606253738,10724.12888288726,10044.772302070873,10141.8232421875,139295,0.0,0.0
2021-10-05 00:00:00+09:00,9996.246482431592,10093.297419154229,9656.568203902363,9753.619140625,159729,0.0,0.0
2021-10-06 00:00:00+09:00,9850.669784545898,10093.297119140625,9316.8896484375,9316.8896484375,165634,0.0,0.0
2021-10-07 00:00:00+09:00,9336.300038675743,9899.19546720297,9336.300038675743,9802.14453125,99225,0.0,0.0
2021-10-08 00:00:00+09:00,9850.669769435975,9947.720703125,9695.388275533536,9947.720703125,60479,0.0,0.0
2021-10-12 00:00:00+09:00,9947.720935179455,9947.720935179455,9685.683408106435,9802.14453125,49889,0.0,0.0
2021-10-13 00:00:00+09:00,9802.144951779306,10141.8232421875,9705.094011662679,10141.8232421875,71517,0.0,0.0
2021-10-14 00:00:00+09:00,10141.821829578488,10627.076462572673,10093.29636627907,10432.974609375,97342,0.0,0.0
2021-10-15 00:00:00+09:00,10627.077301447292,10627.077301447292,10335.924498667915,10530.0263671875,51777,0.0,0.0
2021-10-18 00:00:00+09:00,10530.025535973837,10675.601925872093,10287.398219476743,10432.974609375,71228,0.0,0.0
2021-10-19 00:00:00+09:00,10481.501210387325,10578.55214752054,10287.399336120892,10335.9248046875,33948,0.0,0.0
2021-10-20 00:00:00+09:00,10384.450511532737,10481.501450892858,10190.3486328125,10190.3486328125,63633,0.0,0.0
2021-10-21 00:00:00+09:00,10190.3486328125,10432.975981212798,10044.772223772321,10190.3486328125,62774,0.0,0.0
2021-10-22 00:00:00+09:00,10190.3486328125,10335.925041852679,10141.82316313244,10190.3486328125,39093,0.0,0.0
2021-10-25 00:00:00+09:00,10190.348097278227,10530.0263671875,10190.348097278227,10530.0263671875,62893,0.0,0.0
2021-10-26 00:00:00+09:00,10578.552495757918,10772.654376414028,10481.501555429864,10724.12890625,96738,0.0,0.0
2021-10-27 00:00:00+09:00,10772.653702836982,10772.653702836982,10432.975432927708,10530.0263671875,60177,0.0,0.0
2021-10-28 00:00:00+09:00,10530.025535973837,10530.025535973837,10287.398219476743,10432.974609375,56266,0.0,0.0
2021-10-29 00:00:00+09:00,10432.975981212798,10481.501450892858,10190.3486328125,10190.3486328125,39454,0.0,0.0
2021-11-01 00:00:00+09:00,10190.348659206082,10869.705236486487,10190.348659206082,10772.654296875,122796,0.0,0.0
2021-11-02 00:00:00+09:00,10772.65390969163,11063.806718061674,10675.602973568282,11015.28125,136277,0.0,0.0
2021-11-03 00:00:00+09:00,11209.382966020743,11209.382966020743,10966.755629093886,11112.33203125,184995,0.0,0.0
2021-11-04 00:00:00+09:00,11112.332264587942,11209.383201396571,10869.704922566372,10966.755859375,110943,0.0,0.0
2021-11-05 00:00:00+09:00,10966.755681081431,11840.214098158714,10966.755681081431,11694.6376953125,763854,0.0,0.0
2021-11-08 00:00:00+09:00,11743.163362176294,12325.468983441235,11549.061488421314,12179.892578125,807116,0.0,0.0
2021-11-09 00:00:00+09:00,12228.418283770161,12276.9437531502,11937.265467489919,12034.31640625,216865,0.0,0.0
2021-11-10 00:00:00+09:00,11985.790267193905,12131.366667200307,11646.112000512296,11840.2138671875,267160,0.0,0.0
2021-11-11 00:00:00+09:00,11597.586313100961,11888.739107572115,11354.958984375,11354.958984375,203819,0.0,0.0
2021-11-12 00:00:00+09:00,11403.484450120193,11646.111778846154,11257.908052884615,11354.958984375,144019,0.0,0.0
2021-11-15 00:00:00+09:00,11500.5355350889,11500.5355350889,11112.33180394666,11257.908203125,124338,0.0,0.0
2021-11-16 00:00:00+09:00,11160.85712139423,11354.958984375,10966.755258413461,11354.958984375,131227,0.0,0.0
2021-11-17 00:00:00+09:00,11306.433284214565,11403.4842136928,10821.17863682338,10869.7041015625,170949,0.0,0.0
2021-11-18 00:00:00+09:00,10869.705492424244,11209.3837890625,10675.603608630952,11209.3837890625,201266,0.0,0.0
2021-11-19 00:00:00+09:00,11209.383201396571,11354.959606609513,10966.755859375,10966.755859375,105972,0.0,0.0
2021-11-22 00:00:00+09:00,10821.17916996688,11015.281038486464,10190.348097278227,10530.0263671875,138754,0.0,0.0
2021-11-23 00:00:00+09:00,10530.025535973837,10966.754705668603,10335.923682776163,10432.974609375,118736,0.0,0.0
2021-11-24 00:00:00+09:00,10530.026291033544,10675.602691370414,10432.97535747563,10578.5517578125,63134,0.0,0.0
2021-11-25 00:00:00+09:00,10869.705316742082,10966.756257070136,10578.552495757918,10724.12890625,87409,0.0,0.0
2021-11-26 00:00:00+09:00,10918.229552354858,10918.229552354858,10238.873046875,10238.873046875,120275,0.0,0.0
2021-11-29 00:00:00+09:00,9705.093876008064,10093.297631048386,9559.517467867943,9627.453125,216019,0.0,0.0
2021-11-30 00:00:00+09:00,9637.157496995193,9850.669546274039,8734.583834134615,8831.634765625,304151,0.0,0.0
2021-12-01 00:00:00+09:00,8831.635365782253,9316.89005620985,8540.482551525696,9064.5576171875,143781,0.0,0.0
2021-12-02 00:00:00+09:00,8851.045386904761,9190.723663814484,8831.635199652777,9171.3134765625,70986,0.0,0.0
2021-12-03 00:00:00+09:00,9239.249538098878,9578.927829940749,9210.134255941004,9520.697265625,114859,0.0,0.0
2021-12-06 00:00:00+09:00,9530.401910581682,9899.19546720297,9404.235693842822,9802.14453125,75274,0.0,0.0
2021-12-07 00:00:00+09:00,9850.669329457938,10481.500370260663,9637.157284878554,10238.873046875,267655,0.0,0.0
2021-12-08 00:00:00+09:00,10287.398511552132,10578.551299614928,10093.296652843603,10238.873046875,206304,0.0,0.0
2021-12-09 00:00:00+09:00,10335.924349850171,10675.602614868722,10238.873416987728,10627.0771484375,134416,0.0,0.0
2021-12-10 00:00:00+09:00,10432.97535747563,10869.704558486239,10384.449890696675,10578.5517578125,133097,0.0,0.0
2021-12-13 00:00:00+09:00,10335.924727110105,10578.55206812208,10287.39925890771,10384.4501953125,83192,0.0,0.0
2021-12-14 00:00:00+09:00,10238.874182304127,10384.450592479066,10044.772302070873,10141.8232421875,56137,0.0,0.0
2021-12-15 00:00:00+09:00,10141.821829578488,10432.974609375,10044.770902979652,10432.974609375,65146,0.0,0.0
2021-12-16 00:00:00+09:00,10432.975820865271,10481.50128979953,10238.873945128244,10287.3994140625,57986,0.0,0.0
2021-12-17 00:00:00+09:00,10093.297538325472,10287.3994140625,10044.772069391214,10287.3994140625,59496,0.0,0.0
2021-12-20 00:00:00+09:00,10238.873504192074,10335.924437881098,9850.669769435975,9947.720703125,71244,0.0,0.0
2021-12-21 00:00:00+09:00,9850.66873198574,10772.652504930218,9705.09234678398,9996.2451171875,255362,0.0,0.0
2021-12-22 00:00:00+09:00,9996.246246936274,10093.297181372549,9899.1953125,9899.1953125,49345,0.0,0.0
2021-12-23 00:00:00+09:00,9899.195545708955,10044.77195079291,9705.093672263682,9753.619140625,99858,0.0,0.0
2021-12-24 00:00:00+09:00,9753.619140625,9899.195545708955,9705.093672263682,9753.619140625,62560,0.0,0.0
2021-12-27 00:00:00+09:00,9753.619255785672,10481.50128979953,9705.093786851416,10287.3994140625,307546,0.0,0.0
2021-12-28 00:00:00+09:00,10238.874182304127,10287.399652362441,10044.772302070873,10141.8232421875,69278,0.0,0.0
2021-12-29 00:00:00+09:00,10141.822484125285,10675.602614868722,10044.771551262842,10627.0771484375,200788,0.0,0.0
2021-12-30 00:00:00+09:00,10578.551682006278,10627.0771484375,10384.449816281392,10627.0771484375,52049,0.0,0.0
2022-01-04 00:00:00+09:00,10675.603436085974,10772.654376414028,10530.027025593892,10724.12890625,65684,0.0,0.0
2022-01-05 00:00:00+09:00,10578.552417652027,10966.756176097973,10530.026947846283,10772.654296875,176314,0.0,0.0
2022-01-06 00:00:00+09:00,10627.076705729167,11160.856814236111,10481.5003125,10918.2294921875,193764,0.0,0.0
2022-01-07 00:00:00+09:00,10918.229865209229,11354.959059817596,10918.229865209229,11306.43359375,250022,0.0,0.0
2022-01-10 00:00:00+09:00,11160.857270339438,11452.01006869612,10966.755404768319,11257.908203125,139710,0.0,0.0
2022-01-11 00:00:00+09:00,11257.908132102273,11549.060928622159,10578.551606889205,10675.6025390625,225848,0.0,0.0
2022-01-12 00:00:00+09:00,10772.653471235795,10966.755335582387,10530.026140802556,10675.6025390625,104833,0.0,0.0
2022-01-13 00:00:00+09:00,10675.603004526869,10772.65394093166,10287.39925890771,10384.4501953125,80947,0.0,0.0
2022-01-14 00:00:00+09:00,10238.873945128244,10481.50128979953,10141.823007259729,10287.3994140625,64427,0.0,0.0
2022-01-17 00:00:00+09:00,10190.34827506188,10287.399211014852,9753.619063273514,9802.14453125,103271,0.0,0.0
2022-01-18 00:00:00+09:00,9850.669315222538,10044.771173650568,9569.221620501894,9608.0419921875,90248,0.0,0.0
2022-01-19 00:00:00+09:00,9608.042905872737,9802.144782759055,9510.991967429578,9646.86328125,65017,0.0,0.0
2022-01-20 00:00:00+09:00,9588.632396859606,9947.720857065886,9588.632396859606,9850.669921875,46861,0.0,0.0
2022-01-21 00:00:00+09:00,9666.273390578079,9850.67017212525,9666.273390578079,9695.388671875,50248,0.0,0.0
2022-01-24 00:00:00+09:00,9705.094316709845,9705.094316709845,9326.595638358162,9365.416015625,60110,0.0,0.0
2022-01-25 00:00:00+09:00,9336.300557120901,9462.46678086578,8831.635662141394,8880.1611328125,91389,0.0,0.0
2022-01-26 00:00:00+09:00,8880.1611328125,8880.1611328125,8880.1611328125,8880.1611328125,0,0.0,0.0
2022-01-27 00:00:00+09:00,8831.634147687146,9025.735997086864,8472.545726297669,8589.0068359375,82697,0.0,0.0
2022-01-28 00:00:00+09:00,8637.532800572519,8918.980498568702,8336.674916507634,8899.5703125,62357,0.0,0.0
2022-02-03 00:00:00+09:00,9074.261460519412,9248.953125,9025.735998163695,9248.953125,48789,0.0,0.0
2022-02-04 00:00:00+09:00,9161.60800579897,9443.055709366947,9122.787632893042,9413.9404296875,54366,0.0,0.0
2022-02-07 00:00:00+09:00,9404.235381859165,9404.235381859165,9268.36407603251,9384.8251953125,26202,0.0,0.0
2022-02-08 00:00:00+09:00,9384.8251953125,9384.8251953125,9384.8251953125,9384.8251953125,0,0.0,0.0
2022-02-09 00:00:00+09:00,9384.8251953125,9384.8251953125,9384.8251953125,9384.8251953125,0,0.0,0.0
2022-02-10 00:00:00+09:00,9510.99109232667,9850.669345624052,9510.99109232667,9588.6318359375,91628,0.0,0.0
2022-02-11 00:00:00+09:00,9588.632263183594,9588.632263183594,9287.774368286133,9316.8896484375,31321,0.0,0.0
2022-02-14 00:00:00+09:00,9122.786652996954,9142.196837365032,8559.891306322674,8763.6982421875,178350,0.0,0.0
2022-02-15 00:00:00+09:00,8744.289420647066,8967.506575669135,8404.611141265661,8521.072265625,59227,0.0,0.0
2022-02-16 00:00:00+09:00,8831.634841160221,8841.339934392265,8686.058442679558,8783.109375,65241,0.0,0.0
2022-02-17 00:00:00+09:00,8783.109314837733,9161.60794829483,8695.763476347634,8821.9296875,118727,0.0,0.0
2022-02-18 00:00:00+09:00,8831.635335286459,9093.672867212541,8734.584397536059,9083.9677734375,60153,0.0,0.0
2022-02-21 00:00:00+09:00,9025.736402027027,9025.736402027027,8783.109079391892,8977.2109375,37019,0.0,0.0
2022-02-22 00:00:00+09:00,8977.2109375,8977.2109375,8977.2109375,8977.2109375,0,0.0,0.0
2022-02-23 00:00:00+09:00,8977.2109375,8977.2109375,8977.2109375,8977.2109375,0,0.0,0.0
2022-02-24 00:00:00+09:00,8695.764194669757,8812.225322276941,8375.49609375,8375.49609375,73256,0.0,0.0
2022-02-25 00:00:00+09:00,8666.648623723042,8666.648623723042,8414.316188989784,8550.1875,39023,0.0,0.0
2022-02-28 00:00:00+09:00,8550.1875,8550.1875,8550.1875,8550.1875,0,0.0,0.0
2022-03-02 00:00:00+09:00,8666.647893565188,9025.736328125,8540.481686827956,9025.736328125,65327,0.0,0.0
2022-03-03 00:00:00+09:00,8996.622246221683,9006.327340338428,8802.520363886804,8889.8662109375,103083,0.0,0.0
2022-03-04 00:00:00+09:00,8889.8662109375,8889.8662109375,8889.8662109375,8889.8662109375,0,0.0,0.0
2022-03-07 00:00:00+09:00,8773.40478235968,8773.40478235968,8443.431593642612,8472.546875,44659,0.0,0.0
2022-03-08 00:00:00+09:00,8326.970234375,8404.610982481061,7996.997054924243,8006.7021484375,84914,0.0,0.0
2022-03-10 00:00:00+09:00,8006.7021484375,8006.7021484375,8006.7021484375,8006.7021484375,0,0.0,0.0
2022-03-11 00:00:00+09:00,8307.560083944696,8627.828171293031,8288.149896832674,8598.712890625,54509,0.0,0.0
2022-03-14 00:00:00+09:00,8608.418019028466,10481.501082920791,8559.89255105198,9802.14453125,3440030,0.0,0.0
2022-03-15 00:00:00+09:00,9705.093713321596,10335.9248046875,9588.632588761737,10335.9248046875,938434,0.0,0.0
2022-03-16 00:00:00+09:00,10141.8232421875,10432.97606253738,10044.772302070873,10141.8232421875,329484,0.0,0.0
2022-03-17 00:00:00+09:00,10238.873504192074,10335.924437881098,9753.618835746951,9947.720703125,343691,0.0,0.0
2022-03-18 00:00:00+09:00,9947.720477764424,10190.347806490385,9850.669546274039,10093.296875,159466,0.0,0.0
2022-03-21 00:00:00+09:00,10093.296875,10093.296875,10093.296875,10093.296875,0,0.0,0.0
2022-03-22 00:00:00+09:00,9947.720552158817,10044.771484375,9850.669619942633,10044.771484375,88819,0.0,0.0
2022-03-23 00:00:00+09:00,10190.3486328125,10481.501450892858,10044.772223772321,10190.3486328125,361441,0.0,0.0
2022-03-24 00:00:00+09:00,10238.873490359805,10918.230025265195,10044.77162324398,10578.5517578125,868463,0.0,0.0
2022-03-25 00:00:00+09:00,10432.975663514895,10530.026599919685,10287.39925890771,10384.4501953125,187933,0.0,0.0
2022-03-28 00:00:00+09:00,10481.500900057605,10821.17916996688,10432.975432927708,10530.0263671875,393272,0.0,0.0
2022-03-29 00:00:00+09:00,10384.450782941018,11354.960201907468,10384.450782941018,11209.3837890625,2371850,0.0,0.0
2022-03-30 00:00:00+09:00,10772.654296875,10869.705236486487,10578.552417652027,10772.654296875,446827,0.0,0.0
2022-03-31 00:00:00+09:00,10530.027025593892,11063.80719739819,10481.501555429864,10724.12890625,294269,0.0,0.0
2022-04-01 00:00:00+09:00,10530.026758733786,10675.603165536557,10190.348476193985,10287.3994140625,243226,0.0,0.0
2022-04-04 00:00:00+09:00,10287.399336120892,10530.026678953933,10141.822930421069,10335.9248046875,137316,0.0,0.0
2022-04-05 00:00:00+09:00,10287.39925890771,10481.50113171729,10287.39925890771,10384.4501953125,81880,0.0,0.0
2022-04-06 00:00:00+09:00,10287.39903153802,10724.128235707085,10190.348097278227,10530.0263671875,194680,0.0,0.0
2022-04-07 00:00:00+09:00,10384.450065424877,10432.97553302032,9753.618986684114,9850.669921875,263051,0.0,0.0
2022-04-08 00:00:00+09:00,10044.770902979652,10675.601925872093,9753.61812318314,10432.974609375,423740,0.0,0.0
2022-04-11 00:00:00+09:00,10190.347806490385,10238.873272235578,9996.245943509615,10093.296875,119046,0.0,0.0
2022-04-12 00:00:00+09:00,9947.720857065886,10093.297259852217,9705.09351908867,9850.669921875,128026,0.0,0.0
2022-04-13 00:00:00+09:00,9753.618910845587,9947.720779718136,9753.618910845587,9899.1953125,52972,0.0,0.0
2022-04-14 00:00:00+09:00,9947.720477764424,10093.296875,9802.144080528846,10093.296875,49745,0.0,0.0
2022-04-15 00:00:00+09:00,9947.720552158817,10093.29695048309,9850.669619942633,10044.771484375,45857,0.0,0.0
2022-04-18 00:00:00+09:00,9947.720552158817,10093.29695048309,9899.195086050724,10044.771484375,51606,0.0,0.0
2022-04-19 00:00:00+09:00,9996.245943509615,10141.822340745193,9947.720477764424,10093.296875,54027,0.0,0.0
2022-04-20 00:00:00+09:00,10093.297538325472,10287.3994140625,9996.246600456958,10287.3994140625,75161,0.0,0.0
2022-04-21 00:00:00+09:00,10287.39925890771,10384.4501953125,10093.297386098131,10384.4501953125,76440,0.0,0.0
2022-04-22 00:00:00+09:00,10384.450592479066,10481.501532595694,10044.772302070873,10141.8232421875,124755,0.0,0.0
2022-04-25 00:00:00+09:00,9899.1953125,9996.246246936274,9753.618910845587,9899.1953125,120128,0.0,0.0
2022-04-26 00:00:00+09:00,9802.144302591463,9996.246169969512,9802.144302591463,9947.720703125,47261,0.0,0.0
2022-04-27 00:00:00+09:00,9705.09351908867,9996.24632466133,9695.388425569581,9850.669921875,66515,0.0,0.0
2022-04-28 00:00:00+09:00,9996.246246936274,10044.77171415441,9802.144378063726,9899.1953125,41625,0.0,0.0
2022-04-29 00:00:00+09:00,10093.297090022936,10869.704558486239,10044.77162324398,10578.5517578125,854362,0.0,0.0
2022-05-02 00:00:00+09:00,10335.924060222815,10918.229641080437,10190.347665008409,10821.1787109375,404871,0.0,0.0
2022-05-03 00:00:00+09:00,10627.077616087148,11063.80683318662,10287.399336120892,10335.9248046875,516929,0.0,0.0
2022-05-04 00:00:00+09:00,10335.924597829433,10335.924597829433,9705.09351908867,9850.669921875,418984,0.0,0.0
2022-05-06 00:00:00+09:00,9947.720935179455,10335.924678991336,9753.619063273514,9802.14453125,519486,0.0,0.0
2022-05-10 00:00:00+09:00,8734.584705069596,8986.91715210494,8618.123575668667,8889.8662109375,109453,0.0,0.0
2022-05-11 00:00:00+09:00,8831.635614532272,9122.788436989378,8783.110144122753,8909.2763671875,45571,0.0,0.0
2022-05-12 00:00:00+09:00,8802.519998931015,8831.635280074117,8501.662093785633,8511.3671875,97159,0.0,0.0
2022-05-13 00:00:00+09:00,8656.943177889934,8773.404296875,8579.302431899889,8773.404296875,62730,0.0,0.0
2022-05-16 00:00:00+09:00,8802.520130194347,9433.351231035178,8802.520130194347,9035.4423828125,164559,0.0,0.0
2022-05-17 00:00:00+09:00,9006.32706993569,9122.788195840032,8870.455756380627,9054.8525390625,32249,0.0,0.0
2022-05-18 00:00:00+09:00,8986.917055738206,9122.788371915673,8948.0966796875,8948.0966796875,30789,0.0,0.0
2022-05-19 00:00:00+09:00,8734.583849009901,8880.160246493399,8589.007451526402,8821.9296875,41515,0.0,0.0
2022-05-20 00:00:00+09:00,8763.6982421875,8928.684809316168,8753.99315000346,8763.6982421875,27025,0.0,0.0
2022-05-23 00:00:00+09:00,8773.404465285554,8792.814652155655,8589.007690019596,8666.6484375,35380,0.0,0.0
2022-05-24 00:00:00+09:00,8666.647575697387,8724.878130517302,8443.430448887711,8589.0068359375,77653,0.0,0.0
2022-05-25 00:00:00+09:00,8530.77745350129,8589.008016323825,8414.316327856222,8462.841796875,48136,0.0,0.0
2022-05-26 00:00:00+09:00,8414.315459040823,8589.007129470738,8394.9052734375,8394.9052734375,34810,0.0,0.0
2022-05-27 00:00:00+09:00,8424.02026394774,8686.057760637359,8424.02026394774,8589.0068359375,46158,0.0,0.0
2022-05-30 00:00:00+09:00,8589.007735691714,8802.519792398174,8589.007735691714,8637.533203125,35862,0.0,0.0
2022-05-31 00:00:00+09:00,8589.006582874792,8851.044071843853,8589.006582874792,8763.6982421875,43032,0.0,0.0
2022-06-02 00:00:00+09:00,8686.059537651547,8783.110482206312,8666.649348740593,8705.4697265625,20584,0.0,0.0
2022-06-03 00:00:00+09:00,8715.173966535433,8783.109621062993,8608.417937992126,8627.828125,22954,0.0,0.0
2022-06-07 00:00:00+09:00,8589.00796875,8724.87928125,8491.95703125,8491.95703125,21263,0.0,0.0
2022-06-08 00:00:00+09:00,8491.956201454119,8569.596943867413,8356.084902230852,8394.9052734375,40534,0.0,0.0
2022-06-09 00:00:00+09:00,8356.085080002566,8414.315638051363,8268.739242929367,8278.4443359375,25393,0.0,0.0
2022-06-10 00:00:00+09:00,8229.918990384616,8259.03426983173,8152.278245192308,8200.8037109375,25613,0.0,0.0
2022-06-13 00:00:00+09:00,7938.766740892111,8026.1125852295545,7472.922237759078,7550.56298828125,120598,0.0,0.0
2022-06-14 00:00:00+09:00,7298.230563002681,7540.857908847185,7123.538873994638,7240.0,98596,0.0,0.0
2022-06-15 00:00:00+09:00,7104.127819028859,7239.999116114111,6774.1546689646775,6851.79541015625,107154,0.0,0.0
2022-06-16 00:00:00+09:00,6871.206069881541,7172.063962771835,6861.5009765625,6861.5009765625,49945,0.0,0.0
2022-06-17 00:00:00+09:00,6570.3477233368,6919.731058698875,6570.3477233368,6851.79541015625,47503,0.0,0.0
2022-06-20 00:00:00+09:00,6851.795961112407,6939.141801976446,6453.887130509562,6502.41259765625,70115,0.0,0.0
2022-06-21 00:00:00+09:00,6492.707428385416,6677.104201388889,6424.771775173611,6550.93798828125,51325,0.0,0.0
2022-06-22 00:00:00+09:00,6550.938001971378,6725.629682023949,6191.8495485299845,6230.669921875,60543,0.0,0.0
2022-06-23 00:00:00+09:00,6182.144352325022,6288.900377247432,5570.723482314855,5667.7744140625,95812,0.0,0.0
2022-06-24 00:00:00+09:00,5580.428820820127,6153.029343304279,5580.428820820127,6123.9140625,105485,0.0,0.0
2022-06-27 00:00:00+09:00,6220.964844475529,6541.232925392366,6172.439377669948,6531.52783203125,67692,0.0,0.0
2022-06-28 00:00:00+09:00,6521.823147123894,6861.501436036597,6337.426361714141,6580.0537109375,44076,0.0,0.0
2022-06-29 00:00:00+09:00,6318.0158224988345,6531.527877944263,6318.0158224988345,6502.41259765625,28545,0.0,0.0
2022-06-30 00:00:00+09:00,6444.181881751543,6531.527720510224,6259.785111038773,6288.900390625,36811,0.0,0.0
2022-07-01 00:00:00+09:00,6269.4898919639345,6424.77137535623,6017.157481451454,6172.43896484375,24254,0.0,0.0
2022-07-04 00:00:00+09:00,6123.9143002993105,6162.73467621246,5823.056386972403,5978.337890625,16948,0.0,0.0
2022-07-05 00:00:00+09:00,6055.978286384977,6201.5546875,5968.632445715963,6201.5546875,13118,0.0,0.0
2022-07-06 00:00:00+09:00,6133.619076300524,6512.117721831727,6133.619076300524,6483.00244140625,64123,0.0,0.0
2022-07-07 00:00:00+09:00,6366.5413956447965,6502.4127059177035,6318.015927690187,6434.47705078125,94133,0.0,0.0
2022-07-08 00:00:00+09:00,6880.9109421772955,7822.304963885614,6599.46324496553,6686.80908203125,961641,0.0,0.0
2022-07-11 00:00:00+09:00,6793.565569600217,6939.141974663079,6638.284070866498,6706.2197265625,84001,0.0,0.0
2022-07-12 00:00:00+09:00,6609.168735417845,6812.975700827206,6405.361770008484,6434.47705078125,53650,0.0,0.0
2022-07-13 00:00:00+09:00,6415.066941281582,6541.233159491357,6211.259973404255,6385.95166015625,34428,0.0,0.0
2022-07-14 00:00:00+09:00,6385.951100316541,6754.74462890625,6337.425636028422,6754.74462890625,73643,0.0,0.0
2022-07-15 00:00:00+09:00,6657.693922941905,6725.629575216823,6541.232804756332,6609.16845703125,35219,0.0,0.0
2022-07-18 00:00:00+09:00,6667.39949281754,6745.040243825604,6599.463835685484,6618.8740234375,17703,0.0,0.0
2022-07-19 00:00:00+09:00,6657.693938131893,6686.809217744715,6512.117540067785,6599.46337890625,14237,0.0,0.0
2022-07-20 00:00:00+09:00,6715.924559102255,6725.629652395756,6560.64306640625,6560.64306640625,31075,0.0,0.0
2022-07-21 00:00:00+09:00,6580.05327031029,7230.294522686086,6580.05327031029,6861.5009765625,360820,0.0,0.0
2022-07-22 00:00:00+09:00,6861.500650340114,6861.500650340114,6686.808978902883,6754.74462890625,38492,0.0,0.0
2022-07-25 00:00:00+09:00,6754.745163690476,6842.0910063244055,6638.284040178572,6725.6298828125,29154,0.0,0.0
2022-07-26 00:00:00+09:00,6783.859907479122,6910.026114628233,6745.039536048626,6754.74462890625,39366,0.0,0.0
2022-07-27 00:00:00+09:00,6754.744599525429,6861.50062049494,6706.219135448379,6774.15478515625,26135,0.0,0.0
2022-07-28 00:00:00+09:00,6783.859892704223,6871.205728232604,6764.44970703125,6764.44970703125,26935,0.0,0.0
2022-07-29 00:00:00+09:00,6871.206433020105,6939.14208984375,6793.56568236451,6939.14208984375,1947711,0.0,0.0
2022-08-01 00:00:00+09:00,6929.436602511387,7278.819960621205,6900.321322668902,7191.47412109375,165295,0.0,0.0
2022-08-02 00:00:00+09:00,7210.884540316159,7210.884540316159,7016.782668436855,7045.89794921875,46069,0.0,0.0
2022-08-03 00:00:00+09:00,7026.4874326328545,7259.40966796875,6997.372153215867,7259.40966796875,37662,0.0,0.0
2022-08-04 00:00:00+09:00,7259.40974354391,7259.40974354391,7113.83334494343,7210.88427734375,25237,0.0,0.0
2022-08-05 00:00:00+09:00,7210.884861028663,7220.589955054274,7133.244108823778,7152.654296875,27067,0.0,0.0
2022-08-08 00:00:00+09:00,7220.589492984694,7220.589492984694,7016.782531489158,7133.24365234375,18582,0.0,0.0
2022-08-09 00:00:00+09:00,7026.487655077592,7123.5385895399895,7016.782561631352,7113.83349609375,32588,0.0,0.0
2022-08-10 00:00:00+09:00,7113.833698866102,7123.538792588975,6948.847105577257,6987.66748046875,23611,0.0,0.0
2022-08-11 00:00:00+09:00,7007.0775902478445,7075.013245554957,6997.3724966325435,7036.19287109375,13492,0.0,0.0
2022-08-12 00:00:00+09:00,6977.96260441401,7472.922399720149,6977.96260441401,7152.654296875,111233,0.0,0.0
2022-08-16 00:00:00+09:00,7152.653854494849,7191.474228196314,7084.718200517285,7123.53857421875,23047,0.0,0.0
2022-08-17 00:00:00+09:00,7065.308295682731,7569.973173945784,6987.667545180723,7249.705078125,449355,0.0,0.0
2022-08-18 00:00:00+09:00,7259.409167549435,9132.492014256708,7094.422595559675,8589.0068359375,9522246,0.0,0.0
2022-08-19 00:00:00+09:00,8521.072341012841,8627.828372620064,8132.868589713851,8171.68896484375,850798,0.0,0.0
2022-08-22 00:00:00+09:00,8220.214577041756,8317.265516558185,7938.766852444103,8084.34326171875,363460,0.0,0.0
2022-08-23 00:00:00+09:00,7870.830938666415,8094.04809229074,7637.90869140625,7637.90869140625,416263,0.0,0.0
2022-08-24 00:00:00+09:00,7647.613321840618,7977.5864854733345,7511.742019168322,7938.76611328125,421550,0.0,0.0
2022-08-25 00:00:00+09:00,8035.817569508273,8161.983787387026,7899.946257946538,7919.3564453125,591733,0.0,0.0
2022-08-26 00:00:00+09:00,7929.061617360898,8064.9329302654905,7812.600492014103,7870.8310546875,116474,0.0,0.0
2022-08-29 00:00:00+09:00,7482.62731604521,7715.54956712833,7181.769408396181,7560.26806640625,166543,0.0,0.0
2022-08-30 00:00:00+09:00,7560.26799391296,7948.471741995782,7560.26799391296,7909.6513671875,186071,0.0,0.0
2022-08-31 00:00:00+09:00,7832.010104493383,7987.29159355397,7569.972591703641,7929.06103515625,73579,0.0,0.0
2022-09-01 00:00:00+09:00,7754.36922864412,7938.765993780839,7375.87060546875,7375.87060546875,167147,0.0,0.0
2022-09-02 00:00:00+09:00,7550.562277703536,7550.562277703536,7249.704397743627,7375.87060546875,44284,0.0,0.0
2022-09-05 00:00:00+09:00,7278.81982421875,7579.677710286458,7104.1281484374995,7278.81982421875,112097,0.0,0.0
2022-09-06 00:00:00+09:00,7239.999451822916,7346.755475911458,7220.589265625,7278.81982421875,46399,0.0,0.0
2022-09-07 00:00:00+09:00,7278.820373961976,7307.9356554578235,6890.6166206840035,6939.14208984375,70786,0.0,0.0
2022-09-08 00:00:00+09:00,6948.847015110108,8055.227685113673,6871.206266337928,7657.31884765625,1402595,0.0,0.0
2022-09-13 00:00:00+09:00,7676.729328106895,8540.48269119351,7647.614046205099,8375.49609375,777119,0.0,0.0
2022-09-14 00:00:00+09:00,8200.804034483086,8501.661933972999,7996.9970703125,7996.9970703125,212233,0.0,0.0
2022-09-15 00:00:00+09:00,8103.753449622037,8462.841925832834,8006.702510105605,8084.34326171875,231432,0.0,0.0
2022-09-16 00:00:00+09:00,8084.342974704649,8132.868442740091,7773.77997927782,7958.1767578125,120918,0.0,0.0
2022-09-19 00:00:00+09:00,7764.074675324675,7832.010328733766,7472.921875,7472.921875,58575,0.0,0.0
2022-09-20 00:00:00+09:00,7472.921844640545,7628.203337516192,7346.755631679081,7492.33203125,44564,0.0,0.0
2022-09-21 00:00:00+09:00,7375.87060546875,7569.972463507402,7337.0502338610195,7375.87060546875,31490,0.0,0.0
2022-09-22 00:00:00+09:00,7259.410047599337,7511.74248240894,7084.71836196192,7327.345703125,48674,0.0,0.0
2022-09-23 00:00:00+09:00,7327.345427025346,7395.281079991144,6793.565296579791,7191.47412109375,67865,0.0,0.0
2022-09-26 00:00:00+09:00,7152.654010997778,7162.359104635495,6405.361800893533,6415.06689453125,153480,0.0,0.0
2022-09-27 00:00:00+09:00,6890.615910909262,8191.098350432982,6337.425619470067,6444.181640625,2389855,0.0,0.0
2022-09-28 00:00:00+09:00,6463.591885653409,6628.578465317235,5968.632146661932,6085.09326171875,210748,0.0,0.0
2022-09-29 00:00:00+09:00,6182.144453605277,6211.259733606557,5920.10693359375,5920.10693359375,114205,0.0,0.0
2022-09-30 00:00:00+09:00,5667.774580320248,6007.452851401084,5658.069486860795,5871.58154296875,62764,0.0,0.0
2022-10-04 00:00:00+09:00,5910.402078549321,6123.914140500199,5910.402078549321,6075.388671875,57499,0.0,0.0
2022-10-05 00:00:00+09:00,6220.964795081444,6220.964795081444,5890.991623423458,5939.51708984375,35115,0.0,0.0
2022-10-06 00:00:00+09:00,6114.20862600344,6424.771603832187,5949.222044031919,6347.130859375,114503,0.0,0.0
2022-10-07 00:00:00+09:00,6347.131026438569,6366.541213063763,6211.2597200622085,6240.375,45864,0.0,0.0
2022-10-11 00:00:00+09:00,6133.618955524918,6182.1444219452105,5823.055970435049,5939.51708984375,60487,0.0,0.0
2022-10-12 00:00:00+09:00,5890.99169921875,6055.97828717051,5823.05604535626,5890.99169921875,39973,0.0,0.0
2022-10-13 00:00:00+09:00,5755.120118059431,5929.811791120256,5434.85205078125,5434.85205078125,65448,0.0,0.0
2022-10-14 00:00:00+09:00,5580.428635169719,5735.710127626616,5541.608262055495,5628.9541015625,54508,0.0,0.0
2022-10-17 00:00:00+09:00,5580.428502029393,5832.760921251592,5337.8011758542025,5716.2998046875,44863,0.0,0.0
2022-10-18 00:00:00+09:00,5803.646468071786,5861.877034641068,5726.005712646077,5813.3515625,25856,0.0,0.0
2022-10-19 00:00:00+09:00,5861.876185116525,5900.69655720339,5658.069231660487,5726.0048828125,24785,0.0,0.0
2022-10-20 00:00:00+09:00,5716.3003884474165,5784.236046714194,5658.06982421875,5658.06982421875,20676,0.0,0.0
2022-10-21 00:00:00+09:00,5628.9540864350265,5745.415205464717,5551.313340415232,5638.6591796875,18115,0.0,0.0
2022-10-24 00:00:00+09:00,5745.415314677701,5813.350968736389,5570.7236328125,5570.7236328125,19294,0.0,0.0
2022-10-25 00:00:00+09:00,5570.723351206788,5784.23539602656,5570.723351206788,5755.1201171875,31083,0.0,0.0
2022-10-26 00:00:00+09:00,5735.71044921875,5755.120636864161,5658.069698637109,5735.71044921875,15846,0.0,0.0
2022-10-27 00:00:00+09:00,5735.709990781515,5793.940549063561,5696.889618593485,5716.2998046875,22064,0.0,0.0
2022-10-28 00:00:00+09:00,5687.184661233836,5745.415220905172,5512.492982219827,5628.9541015625,24124,0.0,0.0
2022-10-31 00:00:00+09:00,5745.4151900773195,5745.4151900773195,5590.133698453608,5648.3642578125,17694,0.0,0.0
2022-11-01 00:00:00+09:00,5716.3002459551835,5803.646090120883,5541.6085576237865,5745.41552734375,20101,0.0,0.0
2022-11-02 00:00:00+09:00,5784.236135382402,6599.4640470805925,5716.300476074219,5900.697265625,517722,0.0,0.0
2022-11-03 00:00:00+09:00,5871.580968379194,5968.63189347637,5793.940228301452,5929.8115234375,76420,0.0,0.0
2022-11-04 00:00:00+09:00,5920.106873155029,6026.862898736513,5813.350847573544,5958.92724609375,42570,0.0,0.0
2022-11-07 00:00:00+09:00,5958.927686892221,6026.863344560373,5939.517498987035,5988.04296875,26947,0.0,0.0
2022-11-08 00:00:00+09:00,6017.158078722134,6191.849764878583,5988.042797696059,6094.798828125,65618,0.0,0.0
2022-11-09 00:00:00+09:00,6094.79889072516,6220.965109800682,6026.86323429988,6055.978515625,53889,0.0,0.0
2022-11-10 00:00:00+09:00,5968.63233932843,6036.567991971193,5939.517059624389,5958.92724609375,18567,0.0,0.0
2022-11-11 00:00:00+09:00,6036.568250695548,6191.849749105723,6017.158063394277,6104.50390625,56226,0.0,0.0
2022-11-14 00:00:00+09:00,6133.618988512461,6308.310668565031,6017.157868477414,6230.669921875,73687,0.0,0.0
2022-11-15 00:00:00+09:00,6230.6698764534885,6269.490249515504,6104.503664001938,6259.78515625,32783,0.0,0.0
2022-11-16 00:00:00+09:00,6259.785278895211,6259.785278895211,6123.913970516091,6182.14453125,14926,0.0,0.0
2022-11-17 00:00:00+09:00,6123.9140625,6240.3751857171155,6094.798781695721,6123.9140625,23582,0.0,0.0
2022-11-18 00:00:00+09:00,6201.554730626637,7172.064078142543,6104.503795875046,6483.00244140625,1703365,0.0,0.0
2022-11-21 00:00:00+09:00,6502.412472184597,6628.578684331463,6230.669861406734,6269.490234375,140898,0.0,0.0
2022-11-22 00:00:00+09:00,6172.439609125399,6308.310921275958,6075.388671875,6075.388671875,44750,0.0,0.0
2022-11-23 00:00:00+09:00,6094.798969350962,6463.592537560096,6094.798969350962,6308.31103515625,138761,0.0,0.0
2022-11-24 00:00:00+09:00,6405.3616633628735,6638.283905666977,6356.836196216184,6502.41259765625,139949,0.0,0.0
2022-11-25 00:00:00+09:00,6628.578954561034,6628.578954561034,6366.541426342663,6415.06689453125,55136,0.0,0.0
2022-11-28 00:00:00+09:00,6395.656555653364,6415.066742468701,6143.32412705399,6201.5546875,43312,0.0,0.0
2022-11-29 00:00:00+09:00,6085.093918521848,6686.809744595778,6017.1582607393075,6580.0537109375,316835,0.0,0.0
2022-11-30 00:00:00+09:00,6715.924239928464,6715.924239928464,6424.771454960467,6444.181640625,135409,0.0,0.0
2022-12-01 00:00:00+09:00,6512.117290450866,6580.052940276732,6444.181640625,6444.181640625,32118,0.0,0.0
2022-12-02 00:00:00+09:00,6580.053647933468,6599.463835685484,6318.01611328125,6318.01611328125,50124,0.0,0.0
2022-12-05 00:00:00+09:00,6356.836048799402,6871.205988625919,6356.836048799402,6599.46337890625,361003,0.0,0.0
2022-12-06 00:00:00+09:00,6599.4634448902025,7618.49824152766,6502.412511877111,7181.76904296875,2639330,0.0,0.0
2022-12-07 00:00:00+09:00,6987.667326626713,7230.294664356807,6745.0399888966185,7084.71826171875,350908,0.0,0.0
2022-12-08 00:00:00+09:00,7162.358841251265,7424.396359833629,6890.616229388074,7191.47412109375,376671,0.0,0.0
2022-12-09 00:00:00+09:00,7191.474407327586,7560.2679666777185,7113.833657990715,7317.640625,180077,0.0,0.0
2022-12-12 00:00:00+09:00,7317.640047390818,7317.640047390818,6929.436331348865,7055.6025390625,126509,0.0,0.0
2022-12-13 00:00:00+09:00,7016.782563692493,7142.94877853067,6745.039947117956,6803.2705078125,124584,0.0,0.0
2022-12-14 00:00:00+09:00,6880.911298025471,7210.884477338399,6880.911298025471,7084.71826171875,108212,0.0,0.0
2022-12-15 00:00:00+09:00,7084.7180950046395,7327.345427025346,7075.013001723811,7191.47412109375,113506,0.0,0.0
2022-12-16 00:00:00+09:00,6939.142121345766,7269.11531313004,6861.501370337702,7220.58984375,49917,0.0,0.0
2022-12-19 00:00:00+09:00,7123.538340633717,7220.589271705021,6958.5517578125,6958.5517578125,48860,0.0,0.0
2022-12-20 00:00:00+09:00,6890.615928912985,7075.012693207839,6745.039536048626,6754.74462890625,52413,0.0,0.0
2022-12-21 00:00:00+09:00,6754.745055803571,6919.731644810267,6715.924681919642,6793.5654296875,37357,0.0,0.0
2022-12-22 00:00:00+09:00,6822.680573155412,7055.602811783762,6822.680573155412,6880.9111328125,29720,0.0,0.0
2022-12-23 00:00:00+09:00,6754.745621627698,6919.732224454811,6725.630338775854,6745.04052734375,33114,0.0,0.0
2022-12-26 00:00:00+09:00,6638.283905666977,6745.039933389692,6473.297317368237,6502.41259765625,60409,0.0,0.0
2022-12-27 00:00:00+09:00,6521.82309954354,6919.73194936688,6521.82309954354,6910.02685546875,95046,0.0,0.0
2022-12-28 00:00:00+09:00,6851.795990513392,7084.718233816964,6793.5654296875,6793.5654296875,59215,0.0,0.0
2022-12-29 00:00:00+09:00,6803.2707267217065,6812.975820483079,6492.707726357806,6667.3994140625,58927,0.0,0.0
2023-01-02 00:00:00+09:00,6696.514593856213,6754.745155541918,6347.131223741975,6424.77197265625,89595,0.0,0.0
2023-01-03 00:00:00+09:00,6376.246737589879,6667.39955665791,6133.619388366519,6580.0537109375,127965,0.0,0.0
2023-01-04 00:00:00+09:00,6580.053192497702,6638.283751723346,6385.951328412224,6599.46337890625,18948,0.0,0.0
2023-01-05 00:00:00+09:00,6599.463516440015,6696.5144505053095,6512.11767578125,6512.11767578125,38189,0.0,0.0
2023-01-06 00:00:00+09:00,6764.450496347254,6929.437093819138,6531.5282410928285,6580.0537109375,152954,0.0,0.0
2023-01-09 00:00:00+09:00,6609.168093932587,6977.961614592555,6541.232445389961,6851.79541015625,78100,0.0,0.0
2023-01-10 00:00:00+09:00,6783.860009359851,7123.538264478012,6783.860009359851,7007.0771484375,82213,0.0,0.0
2023-01-11 00:00:00+09:00,7123.538792588975,7123.538792588975,6890.616543240018,6987.66748046875,42181,0.0,0.0
2023-01-12 00:00:00+09:00,6939.142091152815,7599.0884718498655,6793.565683646112,7240.0,473419,0.0,0.0
2023-01-13 00:00:00+09:00,7346.755859375,7569.973012301849,7210.884548897788,7346.755859375,191959,0.0,0.0
2023-01-16 00:00:00+09:00,7375.870740054927,7434.101298529045,7201.1790646325735,7288.52490234375,49807,0.0,0.0
2023-01-17 00:00:00+09:00,7288.52506928315,7366.165815693623,7016.782456846495,7181.76904296875,49622,0.0,0.0
2023-01-18 00:00:00+09:00,7113.833363614341,7569.972747093023,7036.19261749031,7511.7421875,199708,0.0,0.0
2023-01-19 00:00:00+09:00,7472.921814437985,7967.881570978682,7375.870881782946,7511.7421875,492476,0.0,0.0
2023-01-20 00:00:00+09:00,7569.972505658586,8443.430871696115,7511.741947922751,8307.5595703125,1024771,0.0,0.0
2023-01-25 00:00:00+09:00,8307.5595703125,8317.264663268472,8045.522060501241,8307.5595703125,3280,0.0,0.0
2023-01-26 00:00:00+09:00,8084.34294332611,8132.8684111732055,7919.356352645986,7977.5869140625,1067,0.0,0.0
2023-01-27 00:00:00+09:00,8006.701645377761,8094.047481509156,7822.304880211486,8016.40673828125,923,0.0,0.0
2023-01-30 00:00:00+09:00,7977.586500487683,8045.522151951691,7783.484639161949,7929.06103515625,158,0.0,0.0
2023-01-31 00:00:00+09:00,7948.471899881317,8288.150186201032,7948.471899881317,8113.45849609375,356,0.0,0.0
2023-02-01 00:00:00+09:00,8161.983707702117,8356.085579466733,7861.125806466961,7967.8818359375,1991,0.0,0.0
2023-02-02 00:00:00+09:00,7996.99714781746,8181.39392671131,7870.830930679564,7948.4716796875,738,0.0,0.0
2023-02-03 00:00:00+09:00,7919.355987023956,7967.88145263072,7802.894869567721,7899.94580078125,535,0.0,0.0
2023-02-06 00:00:00+09:00,7822.305585793003,8026.112555149893,7802.895398235204,7870.8310546875,982,0.0,0.0
2023-02-07 00:00:00+09:00,7822.30550848269,8055.227756874235,7822.30550848269,7919.3564453125,147,0.0,0.0
2023-02-08 00:00:00+09:00,7987.2918851186,8239.624314053088,7851.420577230799,8055.2275390625,2130,0.0,0.0
2023-02-09 00:00:00+09:00,8026.1116911050785,8443.430678671606,8026.1116911050785,8433.7255859375,8752,0.0,0.0
2023-02-10 00:00:00+09:00,8540.481898332313,8540.481898332313,7890.240662891103,7929.06103515625,1144,0.0,0.0
2023-02-13 00:00:00+09:00,7929.061166035761,7929.061166035761,7346.755572446843,7531.15234375,174,0.0,0.0
2023-02-14 00:00:00+09:00,7783.484846181907,7783.484846181907,7434.101486502918,7482.626953125,2158,0.0,0.0
2023-02-15 00:00:00+09:00,7618.498306274414,7618.498306274414,7133.243637084961,7453.51171875,83539,0.0,0.0
2023-02-16 00:00:00+09:00,7463.216904527559,7550.562746062992,7375.871062992126,7395.28125,192,0.0,0.0
2023-02-17 00:00:00+09:00,7259.409821428571,7540.857528409091,7162.358887987013,7472.921875,65,0.0,0.0
2023-02-20 00:00:00+09:00,7472.921982511468,7472.921982511468,7249.704832384502,7404.986328125,32423,0.0,0.0
2023-02-21 00:00:00+09:00,7424.396333165322,7812.600063004033,7424.396333165322,7521.447265625,1710,0.0,0.0
2023-02-22 00:00:00+09:00,7356.460968501984,7443.806811135913,7327.345687624008,7337.05078125,57112,0.0,0.0
2023-02-23 00:00:00+09:00,7589.3831859964985,7967.8818359375,7395.281314231882,7967.8818359375,121614,0.0,0.0
2023-02-24 00:00:00+09:00,9074.262611435966,9219.839016967024,7676.7291183378065,7909.6513671875,19755,0.0,0.0
2023-02-27 00:00:00+09:00,8055.228193933824,8608.418563878677,7909.651780790441,8249.330078125,1349875,0.0,0.0
2023-02-28 00:00:00+09:00,8171.689531511287,8889.866521216554,8103.753870322951,8705.4697265625,1133904,0.0,0.0
2023-03-02 00:00:00+09:00,8618.122995746073,9268.3642578125,8501.661874181937,9268.3642578125,2793396,0.0,0.0
2023-03-03 00:00:00+09:00,9229.544521644468,9578.927910476434,8967.506980020491,9472.171875,1685487,0.0,0.0
2023-03-06 00:00:00+09:00,9297.479709431276,9346.00517764334,8831.635214595472,9161.6083984375,710071,0.0,0.0
2023-03-07 00:00:00+09:00,9161.60807436182,9161.60807436182,8705.468689303552,8744.2890625,373589,0.0,0.0
2023-03-08 00:00:00+09:00,8608.417407094596,9462.46558277027,8608.417407094596,8977.2109375,1102586,0.0,0.0
2023-03-09 00:00:00+09:00,8841.339284607071,8938.390209794856,8559.8916015625,8559.8916015625,342059,0.0,0.0
2023-03-10 00:00:00+09:00,8356.085080002566,8792.814265368552,8161.9832198399035,8278.4443359375,306651,0.0,0.0
2023-03-13 00:00:00+09:00,8210.509499183068,8317.265532860389,7958.177055945763,8074.63818359375,244044,0.0,0.0
2023-03-14 00:00:00+09:00,7967.881891226344,8035.817546815363,7618.498519625676,7628.20361328125,303482,0.0,0.0
2023-03-15 00:00:00+09:00,7734.9598041980535,8132.86865234375,7734.9598041980535,8132.86865234375,244847,0.0,0.0
2023-03-16 00:00:00+09:00,7996.9970703125,8035.817444440231,7705.84426435452,7996.9970703125,161545,0.0,0.0
2023-03-17 00:00:00+09:00,8181.394091740815,8511.36728168054,8006.702402949197,8453.13671875,215396,0.0,0.0
2023-03-20 00:00:00+09:00,8336.674789925508,8521.071554778342,8249.328953942588,8346.3798828125,170121,0.0,0.0
2023-03-21 00:00:00+09:00,8618.122849611542,8831.634902192009,8472.54645012486,8744.2890625,568501,0.0,0.0
2023-03-22 00:00:00+09:00,8831.635582965353,8986.917087720789,8695.764266304348,8928.6865234375,315847,0.0,0.0
2023-03-23 00:00:00+09:00,8783.109166723341,9016.031398769042,8744.288794715723,8918.98046875,196689,0.0,0.0
2023-03-24 00:00:00+09:00,8899.571850948778,9171.314502886145,8783.110714404193,9142.19921875,503389,0.0,0.0
2023-03-27 00:00:00+09:00,9103.377070732526,9200.427998991934,8783.109007476478,9025.736328125,354340,0.0,0.0
2023-03-28 00:00:00+09:00,8986.916779503992,9025.737154361459,8394.906062927594,8511.3671875,373278,0.0,0.0
2023-03-29 00:00:00+09:00,8453.136010083896,8472.546196100162,8084.342475774839,8278.4443359375,242189,0.0,0.0
2023-03-30 00:00:00+09:00,8259.034224600162,8365.790248654923,8084.342548874189,8229.9189453125,114785,0.0,0.0
2023-03-31 00:00:00+09:00,8191.098382150116,8540.481725464577,8142.572917800886,8356.0849609375,196108,0.0,0.0
2023-04-03 00:00:00+09:00,8365.791208639706,8385.201397058823,8074.638382352941,8249.330078125,205547,0.0,0.0
2023-04-04 00:00:00+09:00,8249.328881412572,8472.546015850796,7909.650633354408,8394.9052734375,171793,0.0,0.0
2023-04-05 00:00:00+09:00,8394.90604756905,8637.533389984339,8297.855110602934,8521.072265625,166043,0.0,0.0
2023-04-06 00:00:00+09:00,8686.058986619972,8686.058986619972,8259.034857668821,8443.431640625,167560,0.0,0.0
2023-04-07 00:00:00+09:00,8462.841103092029,8521.071661140826,8239.623963904967,8278.4443359375,60684,0.0,0.0
2023-04-10 00:00:00+09:00,8249.329549996193,8278.444830760887,7938.766555172808,7967.8818359375,136464,0.0,0.0
2023-04-11 00:00:00+09:00,7890.241041461241,8123.163286227625,7890.241041461241,7996.9970703125,56768,0.0,0.0
2023-04-12 00:00:00+09:00,7996.997369355562,8239.624716726787,7967.882087671015,8113.45849609375,73555,0.0,0.0
2023-04-13 00:00:00+09:00,8026.112491612346,8191.099084547546,7909.6513671875,7909.6513671875,88785,0.0,0.0
2023-04-14 00:00:00+09:00,7958.176820044424,8045.522663191254,7919.3564453125,7919.3564453125,60024,0.0,0.0
2023-04-17 00:00:00+09:00,7929.061680752401,8026.112619317302,7734.959803622599,7832.0107421875,119032,0.0,0.0
2023-04-18 00:00:00+09:00,7822.304992747503,8259.0341796875,7734.959155359504,8259.0341796875,224556,0.0,0.0
2023-04-19 00:00:00+09:00,8326.970703125,8433.72673778045,8210.509574409965,8326.970703125,129802,0.0,0.0
2023-04-20 00:00:00+09:00,8229.919236278649,8414.316011619798,8045.5224609375,8045.5224609375,74611,0.0,0.0
2023-04-21 00:00:00+09:00,8035.817321777344,8035.817321777344,7453.51171875,7453.51171875,233434,0.0,0.0
2023-04-24 00:00:00+09:00,7453.512191157348,7608.793695139792,7424.39690916064,7463.21728515625,54537,0.0,0.0
2023-04-25 00:00:00+09:00,7472.921936194517,7569.97287043081,7152.653853214752,7434.1015625,83607,0.0,0.0
2023-04-26 00:00:00+09:00,7259.410331156716,7346.756177387211,6929.437134285957,7152.654296875,114488,0.0,0.0
2023-04-27 00:00:00+09:00,7152.653854494849,7210.884415047046,6997.37235968899,7123.53857421875,43005,0.0,0.0
2023-04-28 00:00:00+09:00,7133.243531423494,7307.93520974407,7036.192599023174,7210.88427734375,56350,0.0,0.0
2023-05-02 00:00:00+09:00,7240.0001344454,7754.3701171875,7230.295040431399,7754.3701171875,92056,0.0,0.0
2023-05-03 00:00:00+09:00,7764.074337121212,7996.996567234848,7686.43359375,7686.43359375,72261,0.0,0.0
2023-05-04 00:00:00+09:00,7618.498407907196,8181.393831676136,7618.498407907196,8006.7021484375,225635,0.0,0.0
2023-05-08 00:00:00+09:00,8026.112072603202,8094.047724971065,7812.600022304205,7861.12548828125,49765,0.0,0.0
2023-05-09 00:00:00+09:00,8006.701847956731,8006.701847956731,7569.97265625,7569.97265625,47274,0.0,0.0
2023-05-10 00:00:00+09:00,7560.267699720331,7744.664472884242,7375.87092655642,7482.626953125,58581,0.0,0.0
2023-05-11 00:00:00+09:00,7482.627060495746,7667.023836305629,7404.986312786322,7414.69140625,93774,0.0,0.0
2023-05-12 00:00:00+09:00,7414.691441031678,7453.511815068493,7055.6029811911385,7084.71826171875,121930,0.0,0.0
2023-05-15 00:00:00+09:00,7084.717877442082,7084.717877442082,6939.141482700121,7016.7822265625,51670,0.0,0.0
2023-05-16 00:00:00+09:00,7016.782683863146,7142.948900862069,6987.667403017242,7036.19287109375,31791,0.0,0.0
2023-05-17 00:00:00+09:00,6997.372374738872,7181.769150217428,6987.667281292633,7113.83349609375,19523,0.0,0.0
2023-05-18 00:00:00+09:00,7113.833465534652,7327.3455204347365,7084.718185321003,7133.24365234375,81608,0.0,0.0
2023-05-19 00:00:00+09:00,7133.243546395932,7249.704665520763,7123.538453135529,7201.17919921875,38691,0.0,0.0
2023-05-22 00:00:00+09:00,7298.230391347424,7734.959603595607,7113.833612842635,7346.755859375,215709,0.0,0.0
2023-05-23 00:00:00+09:00,7492.332439678284,7492.332439678284,7220.58981233244,7240.0,50979,0.0,0.0
2023-05-24 00:00:00+09:00,7307.935255885768,7307.935255885768,7181.76904296875,7181.76904296875,34954,0.0,0.0
2023-05-25 00:00:00+09:00,7142.948624663526,7249.704650303877,7142.948624663526,7210.88427734375,17278,0.0,0.0
2023-05-26 00:00:00+09:00,7230.294823540581,7269.115198432074,6987.66748046875,6987.66748046875,27437,0.0,0.0
2023-05-30 00:00:00+09:00,7230.294524774823,7230.294524774823,7036.1926583379145,7172.06396484375,21918,0.0,0.0
2023-05-31 00:00:00+09:00,7094.423203256968,7220.589416173986,7084.718109955658,7181.76904296875,21944,0.0,0.0
2023-06-01 00:00:00+09:00,7113.833420006564,7201.179260088499,7113.833420006564,7162.35888671875,14931,0.0,0.0
2023-06-02 00:00:00+09:00,7113.833374847124,7210.884307655407,7084.7180950046395,7191.47412109375,25229,0.0,0.0
2023-06-05 00:00:00+09:00,7220.58981233244,7307.935656836461,7191.474530831099,7240.0,30244,0.0,0.0
2023-06-07 00:00:00+09:00,7298.230116504037,7356.4606759442295,7201.1791841037175,7210.88427734375,40339,0.0,0.0
2023-06-08 00:00:00+09:00,7133.243606691438,7210.884353430937,7094.423233321689,7162.35888671875,9442,0.0,0.0
2023-06-09 00:00:00+09:00,7055.602861201299,7531.152435064935,7055.602861201299,7472.921875,97448,0.0,0.0
2023-06-12 00:00:00+09:00,7472.9217993951615,7579.677825100806,7366.165773689516,7521.447265625,60263,0.0,0.0
2023-06-13 00:00:00+09:00,7453.511952191235,7550.562889068725,7307.935546875,7307.935546875,40426,0.0,0.0
2023-06-14 00:00:00+09:00,7337.050708912037,7375.871083033265,7055.602996533136,7075.01318359375,71897,0.0,0.0
2023-06-15 00:00:00+09:00,7278.819737098029,7278.819737098029,6977.96185463131,7016.7822265625,39407,0.0,0.0
2023-06-16 00:00:00+09:00,7016.782607154324,7162.35900979238,6997.372420135916,7084.71826171875,26238,0.0,0.0
2023-06-19 00:00:00+09:00,7036.192496744791,7307.935103515624,7016.782310546874,7278.81982421875,55165,0.0,0.0
2023-06-20 00:00:00+09:00,7288.52493233165,7375.870770402203,7084.717976833695,7269.11474609375,44034,0.0,0.0
2023-06-21 00:00:00+09:00,7269.115117860992,7288.525305091595,7026.487777478448,7036.19287109375,46070,0.0,0.0
2023-06-22 00:00:00+09:00,7104.128123913421,7104.128123913421,6939.141541800678,6977.9619140625,40272,0.0,0.0
2023-06-23 00:00:00+09:00,7016.782888348183,7016.782888348183,6793.565728691187,6910.02685546875,38192,0.0,0.0
2023-06-26 00:00:00+09:00,6803.269946911517,6948.846336645715,6725.629205719945,6851.79541015625,29010,0.0,0.0
2023-06-27 00:00:00+09:00,6764.450715911646,6871.206753035071,6725.630338775854,6745.04052734375,36849,0.0,0.0
2023-06-28 00:00:00+09:00,6754.745071083691,6987.667314914163,6715.9246971119455,6783.8603515625,123203,0.0,0.0
2023-06-29 00:00:00+09:00,6677.104455140365,6812.9757667275235,6376.246550911656,6395.65673828125,96371,0.0,0.0
2023-06-30 00:00:00+09:00,6395.656753864694,6473.297503532247,6123.914130028258,6385.95166015625,58505,0.0,0.0
2023-07-03 00:00:00+09:00,6395.656722745029,6521.82294034091,6395.656722745029,6405.36181640625,56714,0.0,0.0
2023-07-04 00:00:00+09:00,6424.771695360725,6444.181881751543,6269.490204234182,6288.900390625,31915,0.0,0.0
2023-07-05 00:00:00+09:00,6327.720673260704,6347.130859375,6114.20862600344,6347.130859375,57607,0.0,0.0
2023-07-06 00:00:00+09:00,6298.605925529234,6298.605925529234,6007.4531092489915,6017.158203125,94762,0.0,0.0
2023-07-07 00:00:00+09:00,5910.401454640858,6046.272752448694,5852.1708984375,5852.1708984375,67776,0.0,0.0
2023-07-10 00:00:00+09:00,5803.645988343254,6250.08029513889,5803.645988343254,6114.208984375,50655,0.0,0.0
2023-07-11 00:00:00+09:00,6046.2733048502605,6356.836299641927,5793.940871582032,5823.05615234375,143121,0.0,0.0
2023-07-12 00:00:00+09:00,5842.466262590393,5920.107010266012,5774.530608374225,5871.58154296875,26797,0.0,0.0
2023-07-13 00:00:00+09:00,5871.581217447916,5997.747425426136,5677.479359019886,5764.8251953125,133392,0.0,0.0
2023-07-14 00:00:00+09:00,5793.940474076704,5813.350659919507,5706.594637784091,5764.8251953125,64269,0.0,0.0
2023-07-17 00:00:00+09:00,5726.004693330224,5861.875991138059,5726.004693330224,5852.1708984375,27131,0.0,0.0
2023-07-18 00:00:00+09:00,5832.761277010608,5920.107119761183,5803.64599609375,5803.64599609375,21537,0.0,0.0
2023-07-19 00:00:00+09:00,5803.6457805765085,5852.171246969288,5628.9541015625,5628.9541015625,43201,0.0,0.0
2023-07-20 00:00:00+09:00,5590.133668664384,5706.594786761559,5531.903109615797,5667.7744140625,33420,0.0,0.0
2023-07-21 00:00:00+09:00,5580.428948055467,5784.235918332276,5561.018760410057,5735.71044921875,26938,0.0,0.0
2023-07-24 00:00:00+09:00,5667.77519738295,5735.710858995417,5463.968212545549,5493.08349609375,48336,0.0,0.0
2023-07-25 00:00:00+09:00,5444.557419893047,5493.082887093519,5260.16064453125,5260.16064453125,76366,0.0,0.0
2023-07-26 00:00:00+09:00,5240.750541460396,5289.276009436881,4833.136610457921,4901.072265625,103022,0.0,0.0
2023-07-27 00:00:00+09:00,4901.071953719106,5143.699278160646,4901.071953719106,5104.87890625,38620,0.0,0.0
2023-07-28 00:00:00+09:00,5104.878818139098,5250.455210291354,4988.417704417294,5163.109375,19991,0.0,0.0
2023-07-31 00:00:00+09:00,5143.699644853114,5269.865862557058,5066.05889549684,5182.52001953125,29251,0.0,0.0
2023-08-01 00:00:00+09:00,5240.750708314632,5434.8525864003595,5192.2252387932,5405.7373046875,42445,0.0,0.0
2023-08-02 00:00:00+09:00,5405.737481756525,5434.852764423077,5231.045785757212,5298.9814453125,22717,0.0,0.0
2023-08-03 00:00:00+09:00,5298.9811915165965,5366.916847818091,5095.174222612111,5153.40478515625,19147,0.0,0.0
2023-08-04 00:00:00+09:00,5153.404643452251,5890.991748729786,5114.584269490276,5551.3134765625,246043,0.0,0.0
2023-08-07 00:00:00+09:00,5561.018243963068,5580.428429805871,5396.031664299242,5444.55712890625,30261,0.0,0.0
2023-08-08 00:00:00+09:00,5396.031905819954,5444.557372598911,5289.27587890625,5289.27587890625,42738,0.0,0.0
2023-08-09 00:00:00+09:00,5221.34018055714,5396.031859460539,5182.519807467495,5318.39111328125,13350,0.0,0.0
2023-08-10 00:00:00+09:00,5531.902898474585,6745.039499017256,5473.6723416485365,6133.61865234375,3469502,0.0,0.0
2023-08-11 00:00:00+09:00,6133.619156101427,6337.426121731379,5997.747845681458,6123.9140625,544038,0.0,0.0
2023-08-14 00:00:00+09:00,6288.900723071809,6424.772034990026,6153.02941115359,6385.95166015625,338894,0.0,0.0
2023-08-16 00:00:00+09:00,6240.374840384712,6240.374840384712,5920.1067692607685,6026.86279296875,181634,0.0,0.0
2023-08-17 00:00:00+09:00,6007.45277188311,6007.45277188311,5590.133758650519,5609.5439453125,142901,0.0,0.0
2023-08-18 00:00:00+09:00,6143.3242899065635,7026.487813416038,5755.120543308993,5793.94091796875,3216025,0.0,0.0
2023-08-21 00:00:00+09:00,5920.107363247749,5929.81245728586,5337.801720961085,5658.06982421875,278065,0.0,0.0
2023-08-22 00:00:00+09:00,5890.991277014225,5890.991277014225,5463.967197626043,5522.19775390625,243368,0.0,0.0
2023-08-23 00:00:00+09:00,5444.557634537595,5832.761387445802,5444.557634537595,5735.71044921875,146932,0.0,0.0
2023-08-24 00:00:00+09:00,5561.018760410057,5774.53082450957,5531.903478941942,5735.71044921875,99347,0.0,0.0
2023-08-25 00:00:00+09:00,5648.363840655687,6114.208281122135,5648.363840655687,5929.8115234375,223960,0.0,0.0
2023-08-28 00:00:00+09:00,6114.208615416499,6356.835941425091,5988.042405892032,6036.56787109375,366858,0.0,0.0
2023-08-29 00:00:00+09:00,6123.913719060589,7278.819792861239,5968.632230146216,6347.130859375,4159228,0.0,0.0
2023-08-30 00:00:00+09:00,6347.1309497974535,6550.937906901041,6182.144365475501,6288.900390625,392577,0.0,0.0
2023-08-31 00:00:00+09:00,6337.425979614258,6686.809341430664,6259.785232543945,6521.82275390625,621577,0.0,0.0
2023-09-01 00:00:00+09:00,6405.361402671756,6599.463263358779,6356.8359375,6356.8359375,179701,0.0,0.0
2023-09-04 00:00:00+09:00,6356.836332704946,6686.8095163873395,6182.14464722603,6415.06689453125,412046,0.0,0.0
2023-09-05 00:00:00+09:00,6502.412582374721,6677.10426369225,6395.6565549028965,6512.11767578125,201134,0.0,0.0
2023-09-06 00:00:00+09:00,6483.002131764481,6647.988712962081,6366.541015625,6366.541015625,102777,0.0,0.0
2023-09-07 00:00:00+09:00,6327.720996248026,6405.3617446682465,6143.32421875,6143.32421875,74970,0.0,0.0
2023-09-08 00:00:00+09:00,6065.683020166604,6512.117290450866,6065.683020166604,6444.181640625,109215,0.0,0.0
2023-09-11 00:00:00+09:00,6444.182191051136,6512.117846679687,6240.375224165483,6405.36181640625,101171,0.0,0.0
2023-09-12 00:00:00+09:00,6512.117660522461,6550.938034057617,6211.259765625,6211.259765625,88528,0.0,0.0
2023-09-13 00:00:00+09:00,6153.028779419713,6337.425540948064,6133.618593995676,6172.43896484375,65466,0.0,0.0
2023-09-14 00:00:00+09:00,6123.914016290418,6269.490419213328,6085.093642177642,6153.029296875,47939,0.0,0.0
2023-09-15 00:00:00+09:00,6094.798481495307,6337.425809580312,5609.543825325299,5687.1845703125,455151,0.0,0.0
2023-09-18 00:00:00+09:00,5696.889878919908,5793.940813824847,5502.7880091100305,5551.3134765625,375713,0.0,0.0
2023-09-19 00:00:00+09:00,5590.133417693662,5667.774159606074,5493.082490303147,5512.49267578125,119304,0.0,0.0
2023-09-20 00:00:00+09:00,5463.9677734375,5570.723804534858,5376.621929812389,5463.9677734375,94441,0.0,0.0
2023-09-21 00:00:00+09:00,5347.506532460286,5454.262561238985,5192.225036054905,5231.04541015625,115555,0.0,0.0
2023-09-22 00:00:00+09:00,5163.109665280963,5396.031905819954,5095.174011790425,5289.27587890625,81860,0.0,0.0
2023-09-25 00:00:00+09:00,5376.621734619141,5512.4930419921875,5240.750427246094,5279.57080078125,116813,0.0,0.0
2023-09-26 00:00:00+09:00,5386.326890733507,5386.326890733507,5192.225020797165,5240.75048828125,48326,0.0,0.0
2023-09-27 00:00:00+09:00,5231.045523770537,5463.9677734375,5163.109867617673,5463.9677734375,48900,0.0,0.0
2023-10-04 00:00:00+09:00,5425.147377572408,5425.147377572408,5143.699660310154,5172.81494140625,123899,0.0,0.0
2023-10-05 00:00:00+09:00,5172.814663866811,5250.455409290703,5036.943359375,5036.943359375,74243,0.0,0.0
2023-10-06 00:00:00+09:00,4978.712920299551,5279.57081606814,4978.712920299551,5269.86572265625,48452,0.0,0.0
2023-10-10 00:00:00+09:00,5279.570564516129,5308.685843364563,5017.533054880218,5114.583984375,60395,0.0,0.0
2023-10-11 00:00:00+09:00,5114.584287852215,5318.391251884276,5114.584287852215,5231.04541015625,54748,0.0,0.0
2023-10-12 00:00:00+09:00,5250.455475355633,5396.031874857175,5211.635102155222,5308.68603515625,41692,0.0,0.0
2023-10-13 00:00:00+09:00,5308.686111731723,5328.096298611912,5153.40461669021,5260.16064453125,50332,0.0,0.0
2023-10-16 00:00:00+09:00,5308.686237235194,5308.686237235194,5056.353801827306,5182.52001953125,49369,0.0,0.0
2023-10-17 00:00:00+09:00,5192.22485661723,5444.557279555638,5192.22485661723,5347.50634765625,57128,0.0,0.0
2023-10-18 00:00:00+09:00,5308.685989879262,5473.672574573864,5250.4554305752845,5337.80126953125,26817,0.0,0.0
2023-10-19 00:00:00+09:00,5250.455690995837,5347.506627982821,5153.404754008853,5172.81494140625,31691,0.0,0.0
2023-10-20 00:00:00+09:00,5143.6994151958415,5143.6994151958415,4930.187363999033,5017.533203125,92784,0.0,0.0
2023-10-23 00:00:00+09:00,4969.00826848249,5104.879588323808,4891.367514287452,4988.41845703125,53169,0.0,0.0
2023-10-24 00:00:00+09:00,5133.994415820695,5133.994415820695,4750.643225981532,4959.302734375,225769,0.0,0.0
2023-10-25 00:00:00+09:00,4978.712668678977,5473.672407670454,4891.366832386363,5124.2890625,390679,0.0,0.0
2023-10-26 00:00:00+09:00,5027.238162428707,5522.197904289448,4852.546488830799,5104.87890625,531592,0.0,0.0
2023-10-27 00:00:00+09:00,5114.584198502007,5386.326812464163,5075.763825078841,5289.27587890625,126976,0.0,0.0
2023-10-30 00:00:00+09:00,5376.621672915717,5386.326766188127,5211.635087284729,5318.39111328125,59830,0.0,0.0
2023-10-31 00:00:00+09:00,5405.737014770508,6065.683364868164,5201.9300537109375,5279.57080078125,4718654,0.0,0.0
2023-11-01 00:00:00+09:00,5347.506454467773,5881.286590576172,5250.455520629883,5590.1337890625,2162971,0.0,0.0
2023-11-02 00:00:00+09:00,5570.7236944901315,5609.544068667763,5444.5574784128285,5531.9033203125,335479,0.0,0.0
2023-11-03 00:00:00+09:00,5561.018493758124,5764.825454262349,5483.377746899372,5599.8388671875,332620,0.0,0.0
2023-11-06 00:00:00+09:00,5677.479598629433,5706.594878622404,5192.224932079909,5609.5439453125,229410,0.0,0.0
2023-11-07 00:00:00+09:00,5609.5440065603225,5677.479660619011,5425.147231258166,5570.7236328125,187427,0.0,0.0
2023-11-08 00:00:00+09:00,5570.723617527174,5726.005112092391,5541.608337296196,5580.4287109375,163700,0.0,0.0
2023-11-09 00:00:00+09:00,5580.428665319529,5687.184691960424,5493.082825340614,5609.5439453125,82458,0.0,0.0
2023-11-10 00:00:00+09:00,5541.60807320731,5609.543723842075,5434.85205078125,5434.85205078125,110729,0.0,0.0
2023-11-13 00:00:00+09:00,5493.083329756181,5599.839366200206,5298.9814453125,5298.9814453125,89194,0.0,0.0
2023-11-14 00:00:00+09:00,5298.981302787162,5522.198463893581,5298.981302787162,5386.3271484375,50451,0.0,0.0
2023-11-15 00:00:00+09:00,5493.083023368363,5512.493210730088,5337.8015244745575,5483.3779296875,58331,0.0,0.0
2023-11-16 00:00:00+09:00,5483.378055079454,5745.415590454932,5396.032209954295,5706.59521484375,202670,0.0,0.0
2023-11-17 00:00:00+09:00,5726.005143570026,5735.710237033704,5483.377806978076,5561.0185546875,149320,0.0,0.0
2023-11-20 00:00:00+09:00,5561.018353537712,6007.45263671875,5531.903074199819,6007.45263671875,501300,0.0,0.0
2023-11-21 00:00:00+09:00,5978.337417428862,6085.093442740091,5852.171205697408,5968.63232421875,224079,0.0,0.0
2023-11-22 00:00:00+09:00,6036.568301405537,6861.501268639412,5939.517364083905,6376.24658203125,4229240,0.0,0.0
2023-11-23 00:00:00+09:00,6279.195062476469,6725.629332760731,6191.849226986069,6444.181640625,1303436,0.0,0.0
2023-11-24 00:00:00+09:00,6444.182191051136,6531.528034002131,6337.426160777699,6405.36181640625,259411,0.0,0.0
2023-11-27 00:00:00+09:00,6521.82294034091,6521.82294034091,6153.029381214489,6405.36181640625,227846,0.0,0.0
2023-11-28 00:00:00+09:00,6366.541743857254,6415.067214465923,6220.96533203125,6220.96533203125,132552,0.0,0.0
2023-11-29 00:00:00+09:00,6182.144485473633,6327.720886230469,6114.208831787109,6211.259765625,115873,0.0,0.0
2023-11-30 00:00:00+09:00,6172.439861422582,6308.311179126853,6172.439861422582,6220.96533203125,123177,0.0,0.0
2023-12-01 00:00:00+09:00,6220.965190054087,6405.3619741586535,6162.734626652645,6308.31103515625,143891,0.0,0.0
2023-12-04 00:00:00+09:00,6337.425979614258,6589.758407592773,6308.310699462891,6521.82275390625,434396,0.0,0.0
2023-12-05 00:00:00+09:00,6444.182496831123,6638.284379265796,6220.96533203125,6220.96533203125,374052,0.0,0.0
2023-12-06 00:00:00+09:00,6337.426069379927,6541.233033326295,6279.195508252394,6463.59228515625,319060,0.0,0.0
2023-12-07 00:00:00+09:00,6415.0666330059985,6483.002285700464,6191.849488438467,6269.490234375,143155,0.0,0.0
2023-12-08 00:00:00+09:00,6279.195598810369,6453.887284712358,6279.195598810369,6405.36181640625,94029,0.0,0.0
2023-12-11 00:00:00+09:00,6434.476974030455,6521.822815306886,6356.836226229182,6483.00244140625,119115,0.0,0.0
2023-12-12 00:00:00+09:00,6550.937782845846,6754.744736089939,6366.541015625,6366.541015625,494155,0.0,0.0
2023-12-13 00:00:00+09:00,6366.541145833333,6424.771705094004,5958.927231008638,5968.63232421875,422145,0.0,0.0
2023-12-14 00:00:00+09:00,6017.1580481150795,6182.144639756944,5988.042767237103,6114.208984375,136957,0.0,0.0
2023-12-15 00:00:00+09:00,6094.798429335812,6153.0289875778735,5832.760917246534,6036.56787109375,222765,0.0,0.0
2023-12-18 00:00:00+09:00,6085.0934481259665,6298.605498937403,5997.747609157651,6279.1953125,152964,0.0,0.0
2023-12-19 00:00:00+09:00,6250.0802165354335,6308.310777559055,6153.029281496063,6162.734375,76387,0.0,0.0
2023-12-20 00:00:00+09:00,6162.734626652645,6308.31103515625,6104.504063251202,6308.31103515625,129175,0.0,0.0
2023-12-21 00:00:00+09:00,6182.144639756944,6405.361793154762,6104.503890749008,6114.208984375,203660,0.0,0.0
2023-12-22 00:00:00+09:00,6114.208630548007,6143.323909741092,5988.042420711302,6026.86279296875,72922,0.0,0.0
2023-12-26 00:00:00+09:00,6065.683409782182,6298.605652717818,6065.683409782182,6182.14453125,127871,0.0,0.0
2023-12-27 00:00:00+09:00,6367.999723948081,6456.036586491142,6162.580378014272,6211.48974609375,172696,50.0,0.0
2023-12-28 00:00:00+09:00,6162.580807108275,6299.527047266237,6162.580807108275,6250.61767578125,54506,0.0,0.0
2024-01-02 00:00:00+09:00,6328.872294850593,6700.58349609375,6260.399178832116,6700.58349609375,592732,0.0,0.0
2024-01-03 00:00:00+09:00,6583.201235802096,8255.901698390742,6504.946243400288,7845.06298828125,11689953,0.0,0.0
2024-01-04 00:00:00+09:00,8363.502136230469,8363.502136230469,7336.405382658306,7434.22412109375,3811478,0.0,0.0
2024-01-05 00:00:00+09:00,7336.4054890422085,7532.04296875,7228.804875202923,7532.04296875,1058138,0.0,0.0
2024-01-08 00:00:00+09:00,7620.079454627404,8295.028725961538,7463.569478665866,7629.861328125,4108455,0.0,0.0
2024-01-09 00:00:00+09:00,7571.170357402246,8109.173418974757,7473.351618934516,7786.37158203125,3081415,0.0,0.0
2024-01-10 00:00:00+09:00,7776.58984375,8246.11979658019,7561.388615369497,7776.58984375,4447821,0.0,0.0
2024-01-11 00:00:00+09:00,7532.043134945993,7600.516254354593,7297.278154116507,7414.66064453125,1139180,0.0,0.0
2024-01-12 00:00:00+09:00,7414.660661177201,7414.660661177201,6847.311956232244,6886.439453125,697850,0.0,0.0
2024-01-15 00:00:00+09:00,6974.476127949837,7199.459228851444,6974.476127949837,7111.42236328125,255676,0.0,0.0
2024-01-16 00:00:00+09:00,7072.295063365589,7091.858811811967,6808.184459339488,6886.439453125,288133,0.0,0.0
2024-01-17 00:00:00+09:00,6857.093815744374,6886.439438350983,6465.81884765625,6465.81884765625,528857,0.0,0.0
2024-01-18 00:00:00+09:00,7404.878890240779,8402.630074923156,6866.875800461065,7160.33203125,19035703,0.0,0.0
2024-01-19 00:00:00+09:00,6866.875747017238,7463.570078310759,6808.1845013162365,7199.45947265625,4519172,0.0,0.0
2024-01-22 00:00:00+09:00,6954.9124591984155,7483.133658631207,6945.130585134845,7140.76806640625,2567941,0.0,0.0
2024-01-23 00:00:00+09:00,7062.513256540209,7365.751360352877,6906.003267475606,7267.9326171875,1607634,0.0,0.0
2024-01-24 00:00:00+09:00,7150.549831814236,7316.841688368056,7042.94921875,7042.94921875,744791,0.0,0.0
2024-01-25 00:00:00+09:00,7052.731092664931,7199.459201388889,6857.093614366319,6866.87548828125,557816,0.0,0.0
2024-01-26 00:00:00+09:00,6778.838811844288,6964.694421404232,6700.583818345363,6817.96630859375,345048,0.0,0.0
2024-01-29 00:00:00+09:00,6817.96665249466,6906.003524621564,6563.637910794716,6583.20166015625,338755,0.0,0.0
2024-01-30 00:00:00+09:00,6583.201307750884,6759.275042579287,6563.637559436616,6573.41943359375,257282,0.0,0.0
2024-01-31 00:00:00+09:00,6524.509847248134,6700.583576259328,6504.946099580224,6553.85546875,226691,0.0,0.0
2024-02-01 00:00:00+09:00,6524.510123948317,6583.201369441106,6338.654513221154,6358.21826171875,269046,0.0,0.0
2024-02-02 00:00:00+09:00,6367.999891822364,6553.855495423938,6358.218017948597,6446.2548828125,182842,0.0,0.0
2024-02-05 00:00:00+09:00,6514.728261972403,6778.8388671875,6358.218273696789,6778.8388671875,409785,0.0,0.0
2024-02-06 00:00:00+09:00,6788.620552332261,6915.784914263557,6514.7280804802385,6651.67431640625,486216,0.0,0.0
2024-02-07 00:00:00+09:00,6612.547137486453,6837.530250152411,6465.819020530392,6769.05712890625,245945,0.0,0.0
2024-02-08 00:00:00+09:00,6769.0570243768325,6788.620773002199,6573.419538123167,6671.23828125,160035,0.0,0.0
2024-02-13 00:00:00+09:00,6651.674103133981,6915.784692523123,6602.764734728583,6808.18408203125,304516,0.0,0.0
2024-02-14 00:00:00+09:00,6661.4564465434605,7238.587034423143,6661.4564465434605,6984.25830078125,1596064,0.0,0.0
2024-02-15 00:00:00+09:00,6984.257920392174,7042.94916342068,6866.875434335163,6906.0029296875,310496,0.0,0.0
2024-02-16 00:00:00+09:00,6935.348768676068,7121.2043774276135,6857.093775517523,6925.56689453125,218418,0.0,0.0
2024-02-19 00:00:00+09:00,6925.5666773636685,6964.694172716006,6866.875434335163,6906.0029296875,119598,0.0,0.0
2024-02-20 00:00:00+09:00,6866.87548828125,7091.858588324652,6798.402370876736,7042.94921875,508611,0.0,0.0
2024-02-21 00:00:00+09:00,7023.385749162946,7160.331989397321,6837.530137416295,6847.31201171875,352165,0.0,0.0
2024-02-22 00:00:00+09:00,6954.912825286646,6964.694699865108,6759.275333717402,6798.40283203125,170903,0.0,0.0
2024-02-23 00:00:00+09:00,6798.40283203125,6798.40283203125,6651.674713354317,6798.40283203125,101152,0.0,0.0
2024-02-26 00:00:00+09:00,6759.275333717402,6954.912825286646,6720.147835403553,6798.40283203125,156625,0.0,0.0
2024-02-27 00:00:00+09:00,6700.584120722542,6847.312240154422,6553.856001290662,6690.80224609375,247014,0.0,0.0
2024-02-28 00:00:00+09:00,6681.020023202537,6700.58377144032,6416.909421992481,6504.9462890625,311655,0.0,0.0
2024-02-29 00:00:00+09:00,6602.765130377435,6984.258226799242,6553.855759041306,6778.8388671875,918533,0.0,0.0
2024-03-04 00:00:00+09:00,6798.4024511026155,6925.56681349734,6720.1474588597075,6896.22119140625,200401,0.0,0.0
2024-03-05 00:00:00+09:00,6886.439319505094,6925.566815638646,6690.801838837337,6720.1474609375,194549,0.0,0.0
2024-03-06 00:00:00+09:00,6798.402096050473,6945.1301988429295,6671.237740297011,6710.365234375,201954,0.0,0.0
2024-03-07 00:00:00+09:00,6671.238065875189,6769.056805844033,6465.818711940616,6475.6005859375,189172,0.0,0.0
2024-03-08 00:00:00+09:00,6475.6005859375,6602.764947896998,6387.56371996554,6475.6005859375,129059,0.0,0.0
2024-03-11 00:00:00+09:00,6485.382188911898,6651.674039909639,6456.0365681475905,6495.1640625,105091,0.0,0.0
2024-03-12 00:00:00+09:00,6495.164360285875,6544.07373046875,6416.909367993274,6544.07373046875,79473,0.0,0.0
2024-03-13 00:00:00+09:00,6534.291775173611,6592.983018663194,6485.382405598958,6514.72802734375,92551,0.0,0.0
2024-03-14 00:00:00+09:00,6465.818465555609,6544.073454548718,6348.435982065946,6387.5634765625,133396,0.0,0.0
2024-03-15 00:00:00+09:00,6377.781512682951,6387.563386168661,6143.01654902591,6182.14404296875,156524,0.0,0.0
2024-03-18 00:00:00+09:00,6152.798610851525,6367.999834124552,6045.197999215013,6133.23486328125,211125,0.0,0.0
2024-03-19 00:00:00+09:00,6162.580871087419,6182.144619884522,5986.507131913493,6035.41650390625,82790,0.0,0.0
2024-03-20 00:00:00+09:00,6035.4162325512425,6260.399333602585,6025.634358592488,6054.97998046875,135714,0.0,0.0
2024-03-21 00:00:00+09:00,6054.979791885768,6152.798528426732,6025.6341709234775,6103.88916015625,58677,0.0,0.0
2024-03-22 00:00:00+09:00,6113.671331602743,6221.27194703895,6084.325709211049,6152.798828125,52934,0.0,0.0
2024-03-25 00:00:00+09:00,6152.798747004792,6231.053739017571,6064.761880990415,6123.453125,78701,0.0,0.0
2024-03-26 00:00:00+09:00,6123.45293223644,6211.489795479455,5976.724826831413,5996.28857421875,104556,0.0,0.0
2024-03-27 00:00:00+09:00,5996.288682366994,6045.198051717459,5869.124322055785,5918.03369140625,116186,0.0,0.0
2024-03-28 00:00:00+09:00,5888.6881788499795,5986.506919362438,5829.996934542504,5839.77880859375,107979,0.0,0.0
2024-03-29 00:00:00+09:00,5820.214979383681,5878.906222873264,5761.523735894098,5810.43310546875,88809,0.0,0.0
2024-04-01 00:00:00+09:00,5781.087668605848,5976.725153161038,5781.087668605848,5937.59765625,79607,0.0,0.0
2024-04-02 00:00:00+09:00,5878.90591839983,5957.160905666384,5624.5772097835315,5761.5234375,220027,0.0,0.0
2024-04-03 00:00:00+09:00,5751.741468832526,5751.741468832526,5487.630891182053,5556.10400390625,146653,0.0,0.0
2024-04-04 00:00:00+09:00,5556.104521992818,5614.795766943447,5438.722032091562,5448.50390625,124267,0.0,0.0
2024-04-05 00:00:00+09:00,5448.5040990857115,5448.5040990857115,5331.1216050300045,5399.5947265625,90838,0.0,0.0
2024-04-08 00:00:00+09:00,5419.158039176551,5419.158039176551,5311.557428290374,5360.466796875,66143,0.0,0.0
2024-04-09 00:00:00+09:00,5301.7759586439215,5419.158452193234,5301.7759586439215,5331.12158203125,53348,0.0,0.0
2024-04-11 00:00:00+09:00,5282.211783038909,5673.48672993068,5213.738667332849,5468.0673828125,120965,0.0,0.0
2024-04-12 00:00:00+09:00,5468.067893523631,5663.7053852418285,5428.940395179991,5536.541015625,101679,0.0,0.0
2024-04-15 00:00:00+09:00,5536.540773675943,5595.232018626571,5399.59453545781,5448.50390625,40415,0.0,0.0
2024-04-16 00:00:00+09:00,5370.248696098115,5477.849307495345,5174.611220830424,5252.8662109375,91119,0.0,0.0
2024-04-17 00:00:00+09:00,5223.5205366942,5458.285504635513,5223.5205366942,5291.99365234375,70422,0.0,0.0
2024-04-18 00:00:00+09:00,5262.6481397459165,5419.158121597096,5262.6481397459165,5389.8125,65071,0.0,0.0
2024-04-19 00:00:00+09:00,5331.121394795583,5389.812639508928,5037.665171228853,5203.95703125,101700,0.0,0.0
2024-04-22 00:00:00+09:00,5233.302517259322,5399.594372947936,5164.829400211069,5213.73876953125,110490,0.0,0.0
2024-04-23 00:00:00+09:00,5164.829427083333,5321.339409722223,5106.13818359375,5106.13818359375,101399,0.0,0.0
2024-04-24 00:00:00+09:00,5145.265865946261,5233.302734375,5145.265865946261,5233.302734375,96293,0.0,0.0
2024-04-25 00:00:00+09:00,5350.684834373517,5360.466707928131,5086.574248398956,5155.04736328125,225616,0.0,0.0
2024-04-26 00:00:00+09:00,5115.920330341046,5194.175325833834,5076.792832594651,5086.57470703125,62361,0.0,0.0
2024-04-29 00:00:00+09:00,5164.829453267825,5448.503798238974,5155.047579303302,5350.68505859375,144363,0.0,0.0
2024-04-30 00:00:00+09:00,5272.429886239035,5693.050452302632,5272.429886239035,5575.66796875,216231,0.0,0.0
2024-05-02 00:00:00+09:00,5536.54071300513,6681.01997700089,5477.849468697655,5839.77880859375,6704277,0.0,0.0
2024-05-03 00:00:00+09:00,5790.869597325871,6045.198329640859,5771.3058486862565,5898.47021484375,906721,0.0,0.0
2024-05-07 00:00:00+09:00,5869.124296114042,6045.198024997464,5810.433053152902,6025.63427734375,570910,0.0,0.0
2024-05-08 00:00:00+09:00,5966.942953137745,6045.197942687092,5908.251710975734,5996.28857421875,288082,0.0,0.0
2024-05-09 00:00:00+09:00,6172.36223409262,6231.0534756212355,5653.922933923193,5683.2685546875,1853489,0.0,0.0
2024-05-10 00:00:00+09:00,5683.268881623641,5741.960126528533,5624.57763671875,5624.57763671875,193800,0.0,0.0
2024-05-13 00:00:00+09:00,5624.577952812234,6006.0710661334115,5546.322955207889,5741.96044921875,880351,0.0,0.0
2024-05-14 00:00:00+09:00,5722.396374038259,5918.033856911362,5722.396374038259,5800.6513671875,325618,0.0,0.0
2024-05-16 00:00:00+09:00,5781.08761890019,5898.470108624052,5761.523870612879,5800.6513671875,455244,0.0,0.0
2024-05-17 00:00:00+09:00,6240.835529119318,6250.617402989411,5859.342448185692,5918.03369140625,1085430,0.0,0.0
2024-05-20 00:00:00+09:00,5820.215196033452,5878.906441707739,5761.523950359165,5829.9970703125,163219,0.0,0.0
2024-05-21 00:00:00+09:00,5859.342150065104,5918.033390299479,5771.305289713541,5869.1240234375,115510,0.0,0.0
2024-05-22 00:00:00+09:00,5839.778700445506,5966.943060756715,5820.214952705321,5918.03369140625,95859,0.0,0.0
2024-05-23 00:00:00+09:00,5849.560601128473,5918.033718532986,5771.305609809027,5810.43310546875,96464,0.0,0.0
2024-05-24 00:00:00+09:00,5849.560788200165,6006.070775844316,5839.7789139724055,5937.59765625,224177,0.0,0.0
2024-05-27 00:00:00+09:00,6015.852650072075,6025.634524299835,5869.124536655684,5937.59765625,127011,0.0,0.0
2024-05-28 00:00:00+09:00,5898.4701045609145,6074.543839025419,5888.688230423997,5976.72509765625,244215,0.0,0.0
2024-05-29 00:00:00+09:00,5976.724826831413,6045.197942687092,5869.12421620106,5996.28857421875,246210,0.0,0.0
2024-05-30 00:00:00+09:00,6015.852594203918,6260.399447626841,5957.161349382416,5976.72509765625,775943,0.0,0.0
2024-05-31 00:00:00+09:00,5996.2885499611875,6172.362275734926,5918.033560728415,6103.88916015625,332998,0.0,0.0
2024-06-03 00:00:00+09:00,6094.10763828125,6191.92638046875,6054.9801414062495,6113.67138671875,236073,0.0,0.0
2024-06-04 00:00:00+09:00,6074.54345703125,6250.61718042346,5966.942848291566,6074.54345703125,550041,0.0,0.0
2024-06-05 00:00:00+09:00,6084.325575086806,6152.798692491319,5986.5068359375,5986.5068359375,177803,0.0,0.0
2024-06-07 00:00:00+09:00,5966.943223519333,6182.144454531505,5947.379475245499,5976.72509765625,53763,0.0,0.0
2024-06-10 00:00:00+09:00,5976.725405485734,5976.725405485734,5741.960414108225,5849.56103515625,121933,0.0,0.0
2024-06-11 00:00:00+09:00,5790.869412076271,5927.81564817267,5751.741916048729,5771.3056640625,70534,0.0,0.0
2024-06-12 00:00:00+09:00,5751.741996469224,5849.560737905776,5624.577632601708,5800.6513671875,142459,0.0,0.0
2024-06-13 00:00:00+09:00,5908.252214591734,6123.453454196068,5790.869720262097,6064.76220703125,285357,0.0,0.0
2024-06-14 00:00:00+09:00,6025.634484900612,6475.600696435397,6025.634484900612,6397.345703125,1634314,0.0,0.0
2024-06-17 00:00:00+09:00,6377.782010216346,6563.637620943509,6172.362650991587,6358.21826171875,984833,0.0,0.0
2024-06-18 00:00:00+09:00,6367.999766382678,7130.98591350687,6231.053534847567,6808.18408203125,8982782,0.0,0.0
2024-06-19 00:00:00+09:00,6720.1472053884345,6769.056573695482,6231.053522317951,6279.962890625,2240179,0.0,0.0
2024-06-20 00:00:00+09:00,6857.093898184858,6935.348892743315,5898.47021484375,5898.47021484375,5138529,0.0,0.0
2024-06-21 00:00:00+09:00,5986.507209976169,5986.507209976169,5624.57785251029,5644.1416015625,584368,0.0,0.0
2024-06-24 00:00:00+09:00,5595.232216655345,5712.614710711051,5389.812852057858,5399.5947265625,403539,0.0,0.0
2024-06-25 00:00:00+09:00,5331.121718462776,5448.504215016084,5223.521096622243,5321.33984375,355659,0.0,0.0
2024-06-26 00:00:00+09:00,5282.212075034341,5507.195181933951,5282.212075034341,5340.9033203125,201621,0.0,0.0
2024-06-27 00:00:00+09:00,5311.557508171611,5575.668102500586,5184.393147939141,5213.73876953125,201831,0.0,0.0
2024-06-28 00:00:00+09:00,5184.393418594044,5311.557785465218,5096.356549221692,5194.17529296875,154671,0.0,0.0
2024-07-01 00:00:00+09:00,5223.520829756181,5448.503936655792,5223.520829756181,5340.9033203125,209391,0.0,0.0
2024-07-02 00:00:00+09:00,5321.3395466141,5380.030791613521,5135.483937449269,5272.43017578125,216268,0.0,0.0
2024-07-03 00:00:00+09:00,5233.3026837661955,5252.8664321167225,5096.3564453125,5096.3564453125,123229,0.0,0.0
2024-07-04 00:00:00+09:00,5086.57470703125,5203.957200270433,5067.010958158053,5086.57470703125,116148,0.0,0.0
2024-07-05 00:00:00+09:00,5086.574435763889,5164.829427083333,5086.574435763889,5106.13818359375,71199,0.0,0.0
2024-07-08 00:00:00+09:00,5115.920376324028,5223.52099609375,5115.920376324028,5223.52099609375,64700,0.0,0.0
2024-07-09 00:00:00+09:00,5155.047421044651,5340.903020664857,5155.047421044651,5291.99365234375,74830,0.0,0.0
2024-07-10 00:00:00+09:00,5291.993761343013,5389.8125,5233.30251814882,5389.8125,97053,0.0,0.0
2024-07-11 00:00:00+09:00,5360.467099883177,5419.1583455023365,5164.829614485981,5233.302734375,241585,0.0,0.0
2024-07-12 00:00:00+09:00,5233.302571922259,5252.866319854678,5164.82945415879,5174.611328125,65181,0.0,0.0
2024-07-15 00:00:00+09:00,5174.611192696049,5243.084308667453,5164.829318985849,5184.39306640625,75884,0.0,0.0
2024-07-16 00:00:00+09:00,5164.829534774436,5213.738905368891,5067.010793585527,5203.95703125,109908,0.0,0.0
2024-07-17 00:00:00+09:00,5203.9570867365055,5223.520835182883,5125.7020929509945,5164.82958984375,63700,0.0,0.0
2024-07-18 00:00:00+09:00,5096.356419663485,5155.047664419686,5008.319552529183,5027.88330078125,99668,0.0,0.0
2024-07-19 00:00:00+09:00,4988.755859375,5086.574601715686,4978.973985140931,4988.755859375,54493,0.0,0.0
2024-07-22 00:00:00+09:00,5027.88333087413,5125.702072719931,4890.93709229001,4920.28271484375,80194,0.0,0.0
2024-07-23 00:00:00+09:00,4900.718804035148,4988.755668778295,4861.59130859375,4861.59130859375,79072,0.0,0.0
2024-07-24 00:00:00+09:00,4802.900248927696,4988.755859375,4802.900248927696,4988.755859375,60637,0.0,0.0
2024-07-25 00:00:00+09:00,4861.591817220052,5301.776186988467,4861.591817220052,4930.06494140625,403127,0.0,0.0
2024-07-26 00:00:00+09:00,4910.5006778954985,4949.628173336897,4861.59130859375,4861.59130859375,81989,0.0,0.0
2024-07-29 00:00:00+09:00,4861.59144063868,5037.6651749072835,4851.809566512646,5027.88330078125,83838,0.0,0.0
2024-07-30 00:00:00+09:00,4988.755751953125,5057.228870117187,4886.046074707031,4890.93701171875,63600,0.0,0.0
2024-07-31 00:00:00+09:00,4871.373263671875,4939.846381835938,4812.68201953125,4890.93701171875,79300,0.0,0.0
2024-08-01 00:00:00+09:00,4886.046426190588,5008.319860279442,4886.046426190588,4900.71923828125,57744,0.0,0.0
2024-08-02 00:00:00+09:00,4827.354930571396,4890.937113040928,4685.517754293209,4690.40869140625,132672,0.0,0.0
2024-08-05 00:00:00+09:00,4524.116639015548,4656.171935505731,3736.6757969814903,3946.986083984375,296301,0.0,0.0
2024-08-06 00:00:00+09:00,3834.494837676679,4284.461068628534,3834.494837676679,4152.40576171875,228295,0.0,0.0
2024-08-07 00:00:00+09:00,4113.278175883461,4333.370349384954,4113.278175883461,4299.1337890625,71903,0.0,0.0
2024-08-08 00:00:00+09:00,4299.133571986607,4323.588256696428,4191.5329592633925,4279.56982421875,57783,0.0,0.0
2024-08-09 00:00:00+09:00,4284.46125,4436.0803125,4284.46125,4401.84375,40860,0.0,0.0
2024-08-12 00:00:00+09:00,4431.189005130982,4509.443998599078,4401.843382580446,4445.86181640625,33417,0.0,0.0
2024-08-13 00:00:00+09:00,4401.843179792366,4489.880043388213,4343.151937395134,4372.49755859375,54347,0.0,0.0
2024-08-14 00:00:00+09:00,4372.497706089831,4514.334880001023,4372.497706089831,4484.9892578125,70486,0.0,0.0
2024-08-16 00:00:00+09:00,4484.9889356204585,4607.262352622107,4475.207062260327,4543.68017578125,125610,0.0,0.0
2024-08-19 00:00:00+09:00,4548.571835598563,4592.590272717259,4480.098711191703,4509.4443359375,54857,0.0,0.0
2024-08-20 00:00:00+09:00,4514.334730972782,4646.390026461693,4514.334730972782,4548.5712890625,41242,0.0,0.0
2024-08-21 00:00:00+09:00,4499.662068906761,4573.026124378067,4455.643635623977,4484.9892578125,56579,0.0,0.0
2024-08-22 00:00:00+09:00,4455.643472677832,4548.571272876381,4348.042861921616,4426.2978515625,54957,0.0,0.0
2024-08-23 00:00:00+09:00,4357.824602591821,4440.970526546996,4313.80617226261,4436.07958984375,61424,0.0,0.0
2024-08-26 00:00:00+09:00,4529.00763674072,4592.589817386108,4304.024535995501,4348.04296875,246437,0.0,0.0
2024-08-27 00:00:00+09:00,4304.024562223145,4509.44391632925,4225.769570182724,4416.51611328125,140590,0.0,0.0
2024-08-28 00:00:00+09:00,4538.789523026316,4665.953884662828,4450.752657277961,4646.39013671875,471785,0.0,0.0
2024-08-29 00:00:00+09:00,4587.698821773374,4656.1719385162605,4211.0966796875,4211.0966796875,463759,0.0,0.0
2024-08-30 00:00:00+09:00,4235.551736034698,4274.679234750954,4167.07861328125,4167.07861328125,124602,0.0,0.0
2024-09-02 00:00:00+09:00,4157.296699011705,4211.0970092342095,4118.169200668066,4152.40576171875,93877,0.0,0.0
2024-09-03 00:00:00+09:00,4196.423619606317,4215.987366084668,4118.168633692912,4123.0595703125,45493,0.0,0.0
2024-09-04 00:00:00+09:00,3937.204493393133,4088.82354841821,3937.204493393133,3961.6591796875,61809,0.0,0.0
2024-09-05 00:00:00+09:00,3966.5500650024414,4054.5869345092774,3902.9678814697263,3912.749755859375,66339,0.0,0.0
2024-09-06 00:00:00+09:00,3868.7312566725536,3922.53156491958,3770.9125144052323,3829.603759765625,72225,0.0,0.0
2024-09-09 00:00:00+09:00,3736.6758225988483,3927.42236328125,3722.003011777125,3927.42236328125,76349,0.0,0.0
2024-09-10 00:00:00+09:00,3902.9677604742806,3976.3318161222937,3863.840264128674,3868.731201171875,41167,0.0,0.0
2024-09-11 00:00:00+09:00,3849.1674529990714,3951.8771309062895,3829.603704826268,3868.731201171875,60390,0.0,0.0
2024-09-12 00:00:00+09:00,3868.731289977285,4255.115325259467,3868.731289977285,4020.350341796875,247347,0.0,0.0
2024-09-13 00:00:00+09:00,3991.004409363609,4083.932208111046,3991.004409363609,4025.240966796875,71674,0.0,0.0
2024-09-19 00:00:00+09:00,3986.1136742568597,4049.6958555640244,3937.204304020579,4010.568359375,33737,0.0,0.0
2024-09-20 00:00:00+09:00,4015.45947265625,4294.24289524018,4015.45947265625,4015.45947265625,88674,0.0,0.0
2024-09-23 00:00:00+09:00,4005.6776045129654,4749.100065912197,4000.786667266918,4137.73291015625,3858139,0.0,0.0
2024-09-24 00:00:00+09:00,4108.387097510222,4191.533026864596,4088.8233494268397,4186.64208984375,195753,0.0,0.0
2024-09-25 00:00:00+09:00,4181.750881274979,4646.38986808331,4167.078071165242,4436.07958984375,1426838,0.0,0.0
2024-09-26 00:00:00+09:00,4401.8430329210305,4450.752399953487,4304.024298856119,4436.07958984375,185968,0.0,0.0
2024-09-27 00:00:00+09:00,4436.079548253422,4543.6801547160185,4396.952054994296,4421.40673828125,169856,0.0,0.0
2024-09-30 00:00:00+09:00,4401.843138415404,4421.40688569725,4333.3700229289425,4357.82470703125,58852,0.0,0.0
2024-10-02 00:00:00+09:00,4289.351468940441,4709.9720234773595,4235.55116545316,4313.80615234375,520683,0.0,0.0
2024-10-04 00:00:00+09:00,4269.788261919873,4333.370446805277,4264.897324620995,4274.67919921875,43212,0.0,0.0
2024-10-07 00:00:00+09:00,4318.697280682131,4460.534450715859,4294.242596193557,4440.970703125,88617,0.0,0.0
2024-10-08 00:00:00+09:00,4352.933625077779,4592.589521289927,4323.588005133434,4421.40673828125,281214,0.0,0.0
2024-10-10 00:00:00+09:00,4401.843413102452,4440.970910107807,4323.588419091742,4338.26123046875,76773,0.0,0.0
2024-10-11 00:00:00+09:00,4323.58849141345,4480.098482052852,4245.33349609375,4245.33349609375,120086,0.0,0.0
2024-10-14 00:00:00+09:00,4245.333160160634,4372.497517492635,4206.205665596942,4357.82470703125,66194,0.0,0.0
2024-10-15 00:00:00+09:00,4328.478962385736,4382.279265873016,4137.732431839923,4313.80615234375,88437,0.0,0.0
2024-10-16 00:00:00+09:00,4343.152183219178,4343.152183219178,4250.224377497146,4284.4609375,43717,0.0,0.0
2024-10-17 00:00:00+09:00,4284.460679031215,4318.697236968678,4245.333184245541,4250.22412109375,58045,0.0,0.0
2024-10-18 00:00:00+09:00,4230.6608784282125,4264.897440450175,4142.624004657452,4196.42431640625,61815,0.0,0.0
2024-10-21 00:00:00+09:00,4206.205958724711,4279.570016144328,4176.8603357568645,4230.66064453125,31090,0.0,0.0
2024-10-22 00:00:00+09:00,4191.532682986729,4255.11485904137,4069.2592674970347,4123.0595703125,50716,0.0,0.0
2024-10-23 00:00:00+09:00,4083.9322926274717,4171.969156420639,4064.368545117879,4142.62353515625,31962,0.0,0.0
2024-10-24 00:00:00+09:00,4108.387030691299,4162.18733704559,4079.041409043504,4103.49609375,30627,0.0,0.0
2024-10-25 00:00:00+09:00,4079.0415594733654,4118.169056446731,4035.023125378329,4039.9140625,57186,0.0,0.0
2024-10-28 00:00:00+09:00,4044.805158301014,4245.333588156324,4010.568597106205,4098.60546875,86519,0.0,0.0
2024-10-29 00:00:00+09:00,4196.423896205357,4328.479193638393,4088.823283482143,4279.56982421875,187363,0.0,0.0
2024-10-30 00:00:00+09:00,4279.569783341994,4304.024467818234,4225.769477494266,4264.89697265625,69726,0.0,0.0
2024-10-31 00:00:00+09:00,4260.006116862721,4328.479234699779,4191.532999025661,4294.24267578125,51526,0.0,0.0
2024-11-01 00:00:00+09:00,4289.352011115382,4294.2429484142585,4206.206077034468,4274.67919921875,42801,0.0,0.0
2024-11-04 00:00:00+09:00,4274.678968102653,4411.625205067041,4274.678968102653,4308.91552734375,69132,0.0,0.0
2024-11-05 00:00:00+09:00,4299.133742483039,4499.662165056196,4284.460931075247,4460.53466796875,148452,0.0,0.0
2024-11-06 00:00:00+09:00,4470.316434714826,4475.207371733114,4328.479261184487,4362.7158203125,86484,0.0,0.0
2024-11-07 00:00:00+09:00,4362.715643851711,4421.40688569725,4308.915338826634,4357.82470703125,42530,0.0,0.0
2024-11-08 00:00:00+09:00,4348.042750816561,4445.861485368115,4313.806193723517,4328.47900390625,32464,0.0,0.0
2024-11-11 00:00:00+09:00,4328.479263448269,4416.516129823489,4176.8602158020585,4186.64208984375,83224,0.0,0.0
2024-11-12 00:00:00+09:00,4147.514624502145,4181.7511839025165,3961.6590163286996,3991.004638671875,158146,0.0,0.0
2024-11-13 00:00:00+09:00,3951.8771422143077,4059.477757472618,3922.5315198711323,3991.004638671875,94292,0.0,0.0
2024-11-14 00:00:00+09:00,3956.7679849246965,4157.2963994882475,3922.531426340676,3927.42236328125,51018,0.0,0.0
2024-11-15 00:00:00+09:00,3863.840364426266,4088.8234742536188,3849.167552915787,4054.5869140625,82255,0.0,0.0
2024-11-18 00:00:00+09:00,4015.4593094038128,4113.2780501931875,4010.568372364344,4044.804931640625,67190,0.0,0.0
2024-11-19 00:00:00+09:00,4044.8048904672655,4132.841756281547,3995.8955205704424,4118.1689453125,60823,0.0,0.0
2024-11-20 00:00:00+09:00,4127.950943267932,4132.841880404506,4005.6775148535976,4074.150634765625,54133,0.0,0.0
2024-11-21 00:00:00+09:00,4025.2412633998915,4152.405628950799,4025.2412633998915,4074.150634765625,29615,0.0,0.0
2024-11-22 00:00:00+09:00,4074.150275367914,4225.769313226744,4064.368401957667,4206.20556640625,107049,0.0,0.0
2024-11-25 00:00:00+09:00,4162.1875,4240.442494124559,4103.49625440658,4162.1875,73762,0.0,0.0
2024-11-26 00:00:00+09:00,4162.187337611607,4294.242635044643,4132.841715959821,4279.56982421875,97508,0.0,0.0
2024-11-27 00:00:00+09:00,4240.442473073845,4392.0615234375,4240.442473073845,4392.0615234375,89004,0.0,0.0
2024-11-28 00:00:00+09:00,4440.970814927716,4440.970814927716,4176.8602158020585,4186.64208984375,117541,0.0,0.0
2024-11-29 00:00:00+09:00,4181.750946952103,4514.334647996247,4113.27783203125,4113.27783203125,735042,0.0,0.0
2024-12-02 00:00:00+09:00,4113.278234712577,4157.296670042439,3961.6591796875,3961.6591796875,134719,0.0,0.0
2024-12-03 00:00:00+09:00,3927.422508701574,4074.150622351695,3927.422508701574,4039.9140625,52623,0.0,0.0
2024-12-04 00:00:00+09:00,3946.985811941964,4832.2453311011905,3946.985811941964,4621.93505859375,1923407,0.0,0.0
2024-12-05 00:00:00+09:00,4533.898628126704,4705.081424226418,4401.8433282783535,4484.9892578125,236487,0.0,0.0
2024-12-06 00:00:00+09:00,4480.098696754092,5057.229314894903,4411.625572567895,4930.06494140625,1571848,0.0,0.0
2024-12-09 00:00:00+09:00,4890.936984008073,5213.738824952605,4851.8094881360075,4998.53759765625,854552,0.0,0.0
2024-12-10 00:00:00+09:00,5057.228787706672,5340.903129763719,4949.628175202274,5213.73876953125,548657,0.0,0.0
2024-12-11 00:00:00+09:00,5380.030890786724,6328.872702434564,5291.994021664759,6143.01708984375,2977581,0.0,0.0
2024-12-12 00:00:00+09:00,5966.942974769906,5996.288595957299,5702.832384083369,5712.6142578125,670362,0.0,0.0
2024-12-13 00:00:00+09:00,5771.305926735252,6006.0709135854995,5595.232186597566,5927.81591796875,524043,0.0,0.0
2024-12-16 00:00:00+09:00,6015.852485440932,6094.107477121464,5859.342502079867,5878.90625,339457,0.0,0.0
2024-12-17 00:00:00+09:00,5878.906455775669,5957.161450195313,5321.339620535714,5477.849609375,481008,0.0,0.0
2024-12-18 00:00:00+09:00,5477.849559294872,5565.886427212111,5213.738955543155,5340.9033203125,394175,0.0,0.0
2024-12-19 00:00:00+09:00,5194.175207117101,5370.24894295158,5106.1383391998625,5340.9033203125,193608,0.0,0.0
2024-12-20 00:00:00+09:00,5340.9032421875,5507.195101376488,5067.010768229166,5135.48388671875,201487,0.0,0.0
2024-12-23 00:00:00+09:00,5135.483779491833,5399.594373865699,5135.483779491833,5389.8125,107406,0.0,0.0
2024-12-24 00:00:00+09:00,5389.81266578009,5428.940162446371,5223.5208049484,5272.43017578125,83079,0.0,0.0
2024-12-26 00:00:00+09:00,5262.648249627976,5438.721982886905,5135.48388671875,5135.48388671875,129317,0.0,0.0
2024-12-27 00:00:00+09:00,5214.491140013966,5421.885673991795,5145.359628688024,5303.37451171875,106566,50.0,0.0
2024-12-30 00:00:00+09:00,5283.622925479109,5362.63037109375,5125.608034249827,5362.63037109375,59354,0.0,0.0
2025-01-02 00:00:00+09:00,5500.893403532609,5688.536086956522,5461.389680706522,5678.66015625,132358,0.0,0.0
2025-01-03 00:00:00+09:00,5668.784168198529,5994.689878216912,5570.024862132353,5876.1787109375,194550,0.0,0.0
2025-01-06 00:00:00+09:00,5876.178817749023,5876.178817749023,5619.40461730957,5688.5361328125,94360,0.0,0.0
2025-01-07 00:00:00+09:00,5639.156178441541,5816.922923120959,5402.133852202317,5728.03955078125,82255,0.0,0.0
2025-01-08 00:00:00+09:00,5728.039643068084,5826.798947258913,5678.659990972669,5747.79150390625,38479,0.0,0.0
2025-01-09 00:00:00+09:00,5698.411805985101,5826.7989004007095,5658.908084626452,5737.91552734375,40166,0.0,0.0
2025-01-10 00:00:00+09:00,5737.91586074447,5994.690064495513,5688.536206176961,5915.6826171875,117389,0.0,0.0
2025-01-13 00:00:00+09:00,5856.426986439173,5935.434433136496,5767.5436089046825,5905.806640625,62770,0.0,0.0
2025-01-14 00:00:00+09:00,5905.806655056958,6014.44189453125,5777.419553860068,6014.44189453125,63518,0.0,0.0
2025-01-15 00:00:00+09:00,6103.325308986441,6103.325308986441,5560.14910834849,5599.65283203125,150446,0.0,0.0
2025-01-16 00:00:00+09:00,5639.156132778768,5767.543225118739,5639.156132778768,5718.16357421875,29716,0.0,0.0
2025-01-17 00:00:00+09:00,5718.1640120709535,6281.092075435451,5718.1640120709535,6024.31787109375,482934,0.0,0.0
2025-01-20 00:00:00+09:00,6024.317407226563,6192.208220214844,5895.930314941406,5925.55810546875,174780,0.0,0.0
2025-01-21 00:00:00+09:00,5915.682293866132,5984.813806482263,5797.171129381334,5846.55078125,73566,0.0,0.0
2025-01-22 00:00:00+09:00,5856.427003222487,5895.930726684359,5678.660247644064,5698.412109375,74923,0.0,0.0
2025-01-23 00:00:00+09:00,5728.039529327768,5728.039529327768,5570.024645760105,5619.404296875,36007,0.0,0.0
2025-01-24 00:00:00+09:00,5678.660265147258,5747.791781418615,5481.141647229092,5491.017578125,62318,0.0,0.0
2025-01-31 00:00:00+09:00,5491.017383835078,5668.784133671466,5481.141453288613,5658.908203125,42349,0.0,0.0
2025-02-03 00:00:00+09:00,5649.032160295759,5737.915533447266,5520.645065743583,5530.52099609375,74688,0.0,0.0
2025-02-04 00:00:00+09:00,5520.645015321928,5876.178504680765,5520.645015321928,5728.03955078125,67306,0.0,0.0
2025-02-05 00:00:00+09:00,5728.039780315171,5797.171294905182,5629.280473758013,5777.41943359375,28768,0.0,0.0
2025-02-06 00:00:00+09:00,5777.419202081089,5836.674783640894,5728.03955078125,5728.03955078125,30451,0.0,0.0
2025-02-07 00:00:00+09:00,5678.659924958882,5767.543297697369,5431.761667351973,5629.2802734375,71503,0.0,0.0
2025-02-10 00:00:00+09:00,5579.9009246287,5609.528717148852,5372.506376987632,5589.77685546875,37385,0.0,0.0
2025-02-11 00:00:00+09:00,5589.776624818962,5589.776624818962,5412.0098770332,5540.39697265625,49278,0.0,0.0
2025-02-12 00:00:00+09:00,5540.396880066245,5599.652461671232,5451.513507658766,5520.64501953125,23072,0.0,0.0
2025-02-13 00:00:00+09:00,5540.396875841864,5826.798853380927,5461.389433762123,5728.03955078125,96584,0.0,0.0
2025-02-14 00:00:00+09:00,5728.039809782609,5767.543532608695,5579.900849184783,5678.66015625,29910,0.0,0.0
2025-02-17 00:00:00+09:00,5678.659924958882,5708.28771587171,5589.7765522203945,5629.2802734375,43294,0.0,0.0
2025-02-18 00:00:00+09:00,5708.28771587171,5708.28771587171,5441.63759765625,5629.2802734375,57262,0.0,0.0
2025-02-19 00:00:00+09:00,5629.2804351410305,6083.5732421875,5589.776712789164,6083.5732421875,185580,0.0,0.0
2025-02-20 00:00:00+09:00,6132.952957833649,6251.464126100966,6034.193650944218,6202.08447265625,215758,0.0,0.0
2025-02-21 00:00:00+09:00,6172.4566174792,6231.712201007001,6034.193589247666,6083.5732421875,85136,0.0,0.0
2025-02-24 00:00:00+09:00,6044.0693313092415,6281.091658027251,5984.8137496297395,6251.4638671875,123661,0.0,0.0
2025-02-25 00:00:00+09:00,6251.463959461123,6281.091750738189,6142.828724778544,6271.2158203125,113266,0.0,0.0
2025-02-26 00:00:00+09:00,6271.2159532603655,6340.347467705755,5974.938034208694,5984.81396484375,177124,0.0,0.0
2025-02-27 00:00:00+09:00,6073.6972000349815,6113.200921661225,5955.18603515625,5955.18603515625,60570,0.0,0.0
2025-02-28 00:00:00+09:00,5826.798984957057,6053.945386065552,5826.798984957057,5965.06201171875,79893,0.0,0.0
2025-03-04 00:00:00+09:00,5856.426832225225,5915.682415687875,5658.908220683059,5767.54345703125,169951,0.0,0.0
2025-03-05 00:00:00+09:00,5767.543287888072,6044.0693359375,5678.6599153007555,6044.0693359375,91638,0.0,0.0
2025-03-06 00:00:00+09:00,6113.201203144243,6113.201203144243,5945.310378502155,6014.44189453125,42151,0.0,0.0
2025-03-07 00:00:00+09:00,6014.441897069974,6053.945620531846,5382.3823216800265,5698.412109375,244791,0.0,0.0
2025-03-10 00:00:00+09:00,5639.15652684203,5708.288042932913,5382.38232421875,5382.38232421875,197347,0.0,0.0
2025-03-11 00:00:00+09:00,5323.126418556866,5441.637581864255,5066.352231390857,5313.25048828125,79066,0.0,0.0
2025-03-12 00:00:00+09:00,5333.002302287011,5471.265324938897,5283.622651339909,5303.37451171875,78769,0.0,0.0
2025-03-13 00:00:00+09:00,5352.754229992031,5451.5135331284155,5234.24306622837,5421.8857421875,67350,0.0,0.0
2025-03-14 00:00:00+09:00,5421.88564762599,5658.907971019476,5382.381927060409,5609.5283203125,107892,0.0,0.0
2025-03-17 00:00:00+09:00,5629.280293607465,5767.5433183627365,5579.900641909155,5737.91552734375,82401,0.0,0.0
2025-03-18 00:00:00+09:00,5688.536086956522,5787.295394021739,5560.1489877717395,5678.66015625,73930,0.0,0.0
2025-03-19 00:00:00+09:00,5678.659903811214,5836.674788091178,5471.265368193761,5520.64501953125,152917,0.0,0.0
2025-03-20 00:00:00+09:00,5550.272814896027,5550.272814896027,5263.870836903171,5313.25048828125,96320,0.0,0.0
2025-03-21 00:00:00+09:00,5224.367233564269,5362.630260539505,4977.468971108491,5234.2431640625,149216,0.0,0.0
2025-03-24 00:00:00+09:00,5174.987838541667,5253.995286458334,5066.3525976562505,5184.86376953125,96622,0.0,0.0
2025-03-25 00:00:00+09:00,5155.235976562501,5283.623079427083,5076.228528645834,5184.86376953125,40645,0.0,0.0
2025-03-26 00:00:00+09:00,5135.4840524655965,5500.893494660264,5086.104398114966,5382.38232421875,123496,0.0,0.0
2025-03-27 00:00:00+09:00,5491.017260002368,5570.02470259233,5214.4912109375,5214.4912109375,188937,0.0,0.0
2025-03-28 00:00:00+09:00,5155.235587018281,5253.994889451581,4928.08919142169,4997.220703125,181708,0.0,0.0
2025-03-31 00:00:00+09:00,4923.15156303074,4977.469183084239,4542.92822265625,4542.92822265625,209483,0.0,0.0
2025-04-01 00:00:00+09:00,4523.176244140625,4977.4690546875,4523.176244140625,4937.96533203125,330268,0.0,0.0
2025-04-02 00:00:00+09:00,4957.717010089469,4957.717010089469,4651.563170820996,4794.76416015625,89049,0.0,0.0
2025-04-03 00:00:00+09:00,4641.687455167789,5046.600616150511,4641.687455167789,4947.84130859375,241606,0.0,0.0
2025-04-04 00:00:00+09:00,4937.965338957225,6113.201089629045,4809.5782401443375,5570.02490234375,2300844,0.0,0.0
2025-04-07 00:00:00+09:00,5925.5584716796875,7021.78678894043,5728.039855957031,6320.595703125,7146613,0.0,0.0
2025-04-08 00:00:00+09:00,6429.230628083881,7011.910516036184,6172.4564401726975,6567.49365234375,4011894,0.0,0.0
2025-04-09 00:00:00+09:00,6765.012258429277,6765.012258429277,6132.952718955592,6567.49365234375,881352,0.0,0.0
2025-04-10 00:00:00+09:00,6241.587884829377,7071.166021420623,6192.208233841803,6656.376953125,3059620,0.0,0.0
2025-04-11 00:00:00+09:00,6735.384702950093,6834.144009444963,6458.858644764459,6616.87353515625,646513,0.0,0.0
2025-04-14 00:00:00+09:00,6577.369561711583,6577.369561711583,6281.091653526376,6458.8583984375,386436,0.0,0.0
2025-04-15 00:00:00+09:00,6537.865793692573,6676.128816519908,6211.960097028139,6448.982421875,698206,0.0,0.0
2025-04-16 00:00:00+09:00,6448.98272259927,6458.85865326175,6024.317704112642,6093.44921875,457595,0.0,0.0
2025-04-17 00:00:00+09:00,6093.449060848104,6192.208364913713,5856.426731090641,5955.18603515625,392673,0.0,0.0
2025-04-18 00:00:00+09:00,5876.178860240347,6350.223541402594,5757.667689949785,6330.4716796875,881272,0.0,0.0
2025-04-21 00:00:00+09:00,6636.625422969745,6646.5013536586885,6093.449235077876,6202.08447265625,595187,0.0,0.0
2025-04-22 00:00:00+09:00,6310.719647155849,7801.985166280314,6044.069521219686,6923.02734375,18445728,0.0,0.0
2025-04-23 00:00:00+09:00,6853.896027503655,7100.794299387792,6458.858792489035,6755.13671875,2853037,0.0,0.0
2025-04-24 00:00:00+09:00,6705.75700378418,7051.414581298828,6320.595703125,6320.595703125,1991576,0.0,0.0
2025-04-25 00:00:00+09:00,6290.967727373231,6458.858545843161,6182.332491892689,6281.091796875,662565,0.0,0.0
2025-04-28 00:00:00+09:00,6271.215998641304,6271.215998641304,5619.40457201087,5678.66015625,985851,0.0,0.0
2025-04-29 00:00:00+09:00,5777.419597688268,6251.464282626794,5639.156564581199,6024.31787109375,1811357,0.0,0.0
2025-04-30 00:00:00+09:00,5965.0621035736385,6014.441756748917,5787.295352142636,5984.81396484375,423612,0.0,0.0
2025-05-02 00:00:00+09:00,5787.2952901409935,6083.573206018518,5678.6600543192335,5866.302734375,394983,0.0,0.0
2025-05-07 00:00:00+09:00,6053.945386065552,6527.990049248499,5560.148861916649,5965.06201171875,2450609,0.0,0.0
2025-05-08 00:00:00+09:00,5925.5585339604595,5984.814119300064,5807.04736328125,5807.04736328125,313083,0.0,0.0
2025-05-09 00:00:00+09:00,5797.171037473518,5895.930339645128,5678.659874867585,5826.798828125,294266,0.0,0.0
2025-05-12 00:00:00+09:00,5836.674896909254,6073.697227748208,5797.1711751027615,5856.4267578125,783361,0.0,0.0
2025-05-13 00:00:00+09:00,5856.4265738473805,5856.4265738473805,5599.652390171104,5609.5283203125,381630,0.0,0.0
2025-05-14 00:00:00+09:00,5560.148908089901,5757.667519389719,5431.761810745018,5451.513671875,456699,0.0,0.0
2025-05-15 00:00:00+09:00,5491.01735701651,5491.01735701651,5194.7394420695755,5234.2431640625,380291,0.0,0.0
2025-05-16 00:00:00+09:00,5323.126678295028,5333.0026090525325,5194.7395784474675,5263.87109375,333615,0.0,0.0
2025-05-19 00:00:00+09:00,5155.235813409729,5263.87105085706,4814.516205052189,4834.26806640625,525035,0.0,0.0
2025-05-20 00:00:00+09:00,4819.454341827877,4997.221100337922,4819.454341827877,4977.46923828125,269593,0.0,0.0
2025-05-21 00:00:00+09:00,4937.965377838073,5076.22840841754,4933.027412460236,4947.84130859375,159062,0.0,0.0
2025-05-22 00:00:00+09:00,4987.344910747176,5056.476424361494,4873.771709809369,5026.8486328125,171363,0.0,0.0
2025-05-23 00:00:00+09:00,5026.848708007812,5105.856153320313,4903.399574707031,4937.96533203125,204244,0.0,0.0
2025-05-26 00:00:00+09:00,4799.7021278782895,4809.578058182566,4542.927939967105,4691.06689453125,342549,0.0,0.0
2025-05-27 00:00:00+09:00,4691.066944355867,4789.82624844757,4547.865953422899,4597.24560546875,258907,0.0,0.0
2025-05-28 00:00:00+09:00,4567.617814241239,4646.625257514601,4454.044614535782,4597.24560546875,303614,0.0,0.0
2025-05-29 00:00:00+09:00,4636.749534574468,4696.005119680851,4602.183776595744,4641.6875,149144,0.0,0.0
2025-05-30 00:00:00+09:00,4661.439153128356,4681.191013946697,4597.24560546875,4597.24560546875,124786,0.0,0.0
2025-06-02 00:00:00+09:00,4587.369512648809,4691.06677827381,4542.927827380952,4666.376953125,141985,0.0,0.0
2025-06-04 00:00:00+09:00,4735.508811950684,4755.260673522949,4597.245780944824,4740.44677734375,167622,0.0,0.0
2025-06-05 00:00:00+09:00,4765.136386487611,5234.243077385355,4720.694699981509,5007.0966796875,1538394,0.0,0.0
2025-06-09 00:00:00+09:00,4997.220703125,5155.235587018281,4903.399365813365,4997.220703125,405922,0.0,0.0
2025-06-10 00:00:00+09:00,4957.717077575377,5026.8485906092965,4903.399460191583,4913.275390625,175265,0.0,0.0
2025-06-11 00:00:00+09:00,4913.275459610628,5007.096800045403,4903.3995290385465,4928.08935546875,107079,0.0,0.0
2025-06-12 00:00:00+09:00,5007.09693754389,5421.886032961727,4967.593214170763,5273.7470703125,845300,0.0,0.0
2025-06-13 00:00:00+09:00,5293.498996838522,5293.498996838522,4937.965482125486,5076.228515625,333342,0.0,0.0
2025-06-16 00:00:00+09:00,4967.593004121555,5066.352308378445,4908.337421567421,5016.97265625,178152,0.0,0.0
2025-06-17 00:00:00+09:00,4987.344727549924,5016.972518010617,4834.267810169679,4883.6474609375,204270,0.0,0.0
2025-06-18 00:00:00+09:00,4873.771691747459,4947.841170345445,4819.454074108936,4918.21337890625,87081,0.0,0.0
2025-06-19 00:00:00+09:00,4933.027135120738,4967.592890822285,4863.895623717645,4888.58544921875,60089,0.0,0.0
2025-06-20 00:00:00+09:00,4888.585655968469,5076.228337712713,4883.64769065941,4933.02734375,167705,0.0,0.0
2025-06-23 00:00:00+09:00,4858.957730516975,4883.647556383424,4740.446566358025,4799.7021484375,147964,0.0,0.0
2025-06-24 00:00:00+09:00,4824.391971338431,4923.151274743517,4824.391971338431,4903.3994140625,107546,0.0,0.0
2025-06-25 00:00:00+09:00,4903.3996969083455,4967.593247824568,4829.330215081935,4858.9580078125,173426,0.0,0.0
2025-06-26 00:00:00+09:00,4863.896028983161,4883.647891029793,4740.44689119171,4765.13671875,154397,0.0,0.0
2025-06-27 00:00:00+09:00,5036.724500979573,5174.98752649666,4804.64013671875,4804.64013671875,436407,0.0,0.0
2025-06-30 00:00:00+09:00,4770.074380339479,4893.523510265449,4750.322519551323,4804.64013671875,83913,0.0,0.0
2025-07-01 00:00:00+09:00,4804.640373753411,4839.206131837968,4750.32275390625,4750.32275390625,98253,0.0,0.0
2025-07-02 00:00:00+09:00,4750.322476356908,4775.012302117599,4631.811312705592,4691.06689453125,101496,0.0,0.0
2025-07-03 00:00:00+09:00,4755.260787726684,4784.888580796633,4696.005201586788,4765.13671875,62181,0.0,0.0
2025-07-04 00:00:00+09:00,4765.136551667039,5007.096853254277,4705.880967604858,4834.26806640625,434799,0.0,0.0
2025-07-07 00:00:00+09:00,4834.2678839432565,4834.2678839432565,4636.749277857731,4691.06689453125,185616,0.0,0.0
2025-07-08 00:00:00+09:00,4641.687402037618,4745.384673785266,4636.749436716301,4725.6328125,55403,0.0,0.0
2025-07-09 00:00:00+09:00,4651.563104293163,4755.26037094938,4651.563104293163,4676.2529296875,79651,0.0,0.0
2025-07-10 00:00:00+09:00,4671.315033922698,4957.717012746711,4646.625208162007,4691.06689453125,301312,0.0,0.0
2025-07-11 00:00:00+09:00,4676.253249788631,4784.888488960068,4676.253249788631,4745.384765625,100234,0.0,0.0
2025-07-14 00:00:00+09:00,4760.198569749216,4789.826361677116,4700.942985893417,4725.6328125,79317,0.0,0.0
2025-07-15 00:00:00+09:00,4691.066801623613,4720.694591949657,4656.501046243228,4671.31494140625,89414,0.0,0.0
2025-07-16 00:00:00+09:00,4661.439420707988,5036.7247977988845,4646.625524243873,4760.19873046875,1448921,0.0,0.0
2025-07-17 00:00:00+09:00,4814.516341311072,5244.119337920369,4789.826513919734,4863.89599609375,553417,0.0,0.0
2025-07-18 00:00:00+09:00,4844.14385829506,4933.027231841759,4784.888275930595,4804.64013671875,107066,0.0,0.0
2025-07-21 00:00:00+09:00,4804.640020701511,4868.8335667129395,4765.136300079093,4779.9501953125,82874,0.0,0.0
2025-07-22 00:00:00+09:00,4789.826378359614,4918.213477161006,4789.826378359614,4834.26806640625,163615,0.0,0.0
2025-07-23 00:00:00+09:00,4814.516043957369,4888.585521556713,4710.818775318287,4799.7021484375,151816,0.0,0.0
2025-07-24 00:00:00+09:00,4799.702315615214,4829.330107686913,4725.632835435967,4730.57080078125,107250,0.0,0.0
2025-07-25 00:00:00+09:00,4700.942731732294,4760.198312384382,4656.501046243228,4671.31494140625,55397,0.0,0.0
2025-07-28 00:00:00+09:00,4671.315083537527,4710.818805174208,4592.307640264165,4597.24560546875,70427,0.0,0.0
2025-07-29 00:00:00+09:00,4572.555753401025,4854.019768459188,4547.86592751873,4696.0048828125,144675,0.0,0.0
2025-07-30 00:00:00+09:00,4646.62523104791,4720.694708694795,4641.687265871451,4696.0048828125,61023,0.0,0.0
2025-07-31 00:00:00+09:00,4681.191010290835,4760.198453502495,4671.315079889378,4700.94287109375,67677,0.0,0.0
2025-08-01 00:00:00+09:00,4661.439370239391,4700.943093715996,4508.362441767546,4537.990234375,108029,0.0,0.0
2025-08-04 00:00:00+09:00,4533.052035030241,4646.625234164986,4513.300174311155,4592.3076171875,47196,0.0,0.0
2025-08-05 00:00:00+09:00,4592.307709197672,4686.129049493108,4577.49381336155,4612.0595703125,55049,0.0,0.0
2025-08-06 00:00:00+09:00,4562.68005319149,4641.6875,4542.928191489362,4641.6875,54038,0.0,0.0
2025-08-07 00:00:00+09:00,4631.811637352532,4676.253326836724,4597.245878864826,4656.50146484375,73139,0.0,0.0
2025-08-08 00:00:00+09:00,4636.749396706036,4700.94294532923,4602.183639755086,4612.0595703125,64598,0.0,0.0
2025-08-11 00:00:00+09:00,4607.121673746831,4661.439292622732,4587.369812337413,4626.87353515625,77743,0.0,0.0
2025-08-12 00:00:00+09:00,4582.431937433581,4705.881073679097,4582.431937433581,4646.62548828125,69589,0.0,0.0
2025-08-13 00:00:00+09:00,4651.563196224369,4720.694708694795,4626.873370342074,4696.0048828125,83223,0.0,0.0
2025-08-14 00:00:00+09:00,4686.129234880905,4715.757027725252,4636.7495801403265,4651.5634765625,54891,0.0,0.0
2025-08-18 00:00:00+09:00,4616.99751736825,4616.99751736825,4498.486351147033,4503.42431640625,109260,0.0,0.0
2025-08-19 00:00:00+09:00,4404.665145441857,4533.05224609375,4404.665145441857,4533.05224609375,83976,0.0,0.0
2025-08-20 00:00:00+09:00,4454.044645365168,4498.486332514045,4340.471444873596,4394.7890625,95893,0.0,0.0
2025-08-21 00:00:00+09:00,4399.72705078125,4488.610425544507,4375.037224458123,4399.72705078125,48368,0.0,0.0
2025-08-22 00:00:00+09:00,4399.726818549923,4473.7962936096865,4375.036993530002,4454.04443359375,46498,0.0,0.0
2025-08-25 00:00:00+09:00,4498.486281928974,4537.990003394871,4454.04459527984,4488.6103515625,34700,0.0,0.0
2025-08-26 00:00:00+09:00,4454.044572334457,4537.989980017036,4439.2306768610615,4483.67236328125,43339,0.0,0.0
2025-08-27 00:00:00+09:00,4483.672623190423,4493.5485540785085,4419.479072417873,4434.29296875,50893,0.0,0.0
2025-08-28 00:00:00+09:00,4434.292922973633,4449.106819152832,4409.603096008301,4424.4169921875,19992,0.0,0.0
2025-08-29 00:00:00+09:00,4602.183650679653,4636.749407712654,4399.727073772071,4404.6650390625,131577,0.0,0.0
2025-09-01 00:00:00+09:00,4404.664830608324,4404.664830608324,4246.649948792779,4256.52587890625,78706,0.0,0.0
2025-09-02 00:00:00+09:00,4256.526062993894,4335.533507318606,4256.526062993894,4296.02978515625,47954,0.0,0.0
2025-09-03 00:00:00+09:00,4296.029735174705,4394.789039431595,4296.029735174705,4389.85107421875,62413,0.0,0.0
2025-09-04 00:00:00+09:00,4419.478678565861,4463.920363601718,4399.726818549923,4454.04443359375,35930,0.0,0.0
2025-09-05 00:00:00+09:00,4463.9206225476455,4463.9206225476455,4394.789108481643,4404.6650390625,37635,0.0,0.0
2025-09-08 00:00:00+09:00,4389.851120251999,4434.2928076336275,4379.975189722748,4399.72705078125,34126,0.0,0.0
2025-09-09 00:00:00+09:00,4409.602958216292,4409.602958216292,4379.975166783708,4394.7890625,26005,0.0,0.0
2025-09-10 00:00:00+09:00,4370.0993502313195,4449.1067961112085,4365.161384863827,4419.47900390625,47286,0.0,0.0
2025-09-11 00:00:00+09:00,4439.231002553586,4483.672692234323,4424.417105993341,4449.10693359375,62713,0.0,0.0
2025-09-12 00:00:00+09:00,4444.16861907387,4488.6103052646085,4439.230653941566,4478.734375,31597,0.0,0.0
2025-09-15 00:00:00+09:00,4473.796456012788,4493.548316745737,4424.416804180418,4488.6103515625,68636,0.0,0.0
2025-09-16 00:00:00+09:00,4458.982514470783,4513.30013092613,4458.982514470783,4478.734375,66812,0.0,0.0
2025-09-17 00:00:00+09:00,4478.734328599793,4493.548223843232,4458.982468275207,4468.8583984375,48525,0.0,0.0
2025-09-18 00:00:00+09:00,4493.548431730375,4533.052154207126,4493.548431730375,4513.30029296875,67678,0.0,0.0
2025-09-22 00:00:00+09:00,4513.30013092613,4523.176061190738,4473.796409867696,4478.734375,45844,0.0,0.0
2025-09-23 00:00:00+09:00,4473.796669235995,4483.6726000731605,4419.4790496315845,4429.35498046875,48985,0.0,0.0
2025-09-24 00:00:00+09:00,4394.789131395227,4444.16878455697,4394.789131395227,4409.60302734375,39662,0.0,0.0
2025-09-25 00:00:00+09:00,4444.16854993432,4616.9973268762105,4404.664829490459,4463.92041015625,116255,0.0,0.0
2025-09-26 00:00:00+09:00,4483.672702858665,4483.672702858665,4325.657805841619,4345.40966796875,81782,0.0,0.0
2025-09-29 00:00:00+09:00,4345.40934153044,4379.97509765625,4330.59544604795,4379.97509765625,39623,0.0,0.0
2025-09-30 00:00:00+09:00,4335.5336685789625,4365.161461302737,4330.595703125,4330.595703125,24458,0.0,0.0
2025-10-01 00:00:00+09:00,4340.471565159289,4345.4095305348965,4271.340049900779,4315.78173828125,44752,0.0,0.0
2025-10-02 00:00:00+09:00,4300.96785736084,4488.610542297363,4246.650238037109,4424.4169921875,62887,0.0,0.0
2025-10-10 00:00:00+09:00,4345.40953802755,4365.161399564039,4212.08447265625,4212.08447265625,75554,0.0,0.0
2025-10-13 00:00:00+09:00,4128.138877110999,4286.153762359267,4049.1314344868647,4276.27783203125,72979,0.0,0.0
2025-10-14 00:00:00+09:00,4241.712052926301,4281.215774024567,4217.022227239885,4271.33984375,58123,0.0,0.0
2025-10-15 00:00:00+09:00,4271.33981892214,4370.09912109375,4251.5879584878185,4370.09912109375,54508,0.0,0.0
2025-10-16 00:00:00+09:00,4370.099074643438,4414.540760148287,4330.595354194684,4360.22314453125,63843,0.0,0.0
2025-10-17 00:00:00+09:00,4434.292572447311,4458.982397460938,4241.711937341025,4246.64990234375,80434,0.0,0.0
2025-10-20 00:00:00+09:00,4207.146251267382,4281.215727522089,4192.33235601644,4261.4638671875,43656,0.0,0.0
2025-10-21 00:00:00+09:00,4261.464195750585,4291.091988536799,4177.5187828563085,4226.8984375,102624,0.0,0.0
2025-10-22 00:00:00+09:00,4226.898368808617,4226.898368808617,4147.890922662661,4212.08447265625,63084,0.0,0.0
2025-10-23 00:00:00+09:00,4157.766624731243,4236.774066531361,4157.766624731243,4162.70458984375,41921,0.0,0.0
2025-10-24 00:00:00+09:00,4162.704543396068,4177.518438568297,4108.386927764566,4152.82861328125,68058,0.0,0.0
2025-10-27 00:00:00+09:00,4162.704496726945,4177.5183917330905,4118.262811708507,4142.95263671875,59162,0.0,0.0
2025-10-28 00:00:00+09:00,4138.015045385567,4162.704872625337,4103.449287249888,4118.26318359375,45369,0.0,0.0
2025-10-29 00:00:00+09:00,4157.766673856569,4157.766673856569,4049.131440097846,4068.88330078125,72692,0.0,0.0
2025-10-30 00:00:00+09:00,4063.945372112251,4063.945372112251,3989.8758938842025,4024.441650390625,106782,0.0,0.0
2025-10-31 00:00:00+09:00,4024.441617250739,4063.9453386470655,3965.18603515625,3965.18603515625,54702,0.0,0.0
2025-11-03 00:00:00+09:00,3965.1862028675537,4024.4417874683145,3891.1167221166033,3896.0546875,85586,0.0,0.0
2025-11-04 00:00:00+09:00,3900.992600846999,4034.317664420251,3851.61294767172,3989.8759765625,74154,0.0,0.0
2025-11-05 00:00:00+09:00,3989.875837749377,4014.565663478024,3831.860953086035,3960.248046875,64648,0.0,0.0
2025-11-06 00:00:00+09:00,3970.1241989992977,4004.689956950784,3900.992683096325,3955.310302734375,26880,0.0,0.0
2025-11-07 00:00:00+09:00,3955.310219339805,3989.8759765625,3851.61294767172,3989.8759765625,84518,0.0,0.0
2025-11-10 00:00:00+09:00,4039.255476326778,4039.255476326778,3950.372103987069,4009.627685546875,32020,0.0,0.0
2025-11-11 00:00:00+09:00,3984.9378828773642,4063.945325412727,3970.1239874019834,4014.565673828125,27214,0.0,0.0
2025-11-12 00:00:00+09:00,4014.5657887353873,4059.007476433565,3999.7518928359946,4039.255615234375,56269,0.0,0.0
2025-11-13 00:00:00+09:00,4014.5657293952404,4078.75927734375,3999.7518337148153,4078.75927734375,39066,0.0,0.0
2025-11-14 00:00:00+09:00,4029.3795460668102,4073.821232236665,4009.627685546875,4009.627685546875,29033,0.0,0.0
2025-11-17 00:00:00+09:00,4009.6278525904604,4034.3176792689733,3935.5583725549227,3940.496337890625,31059,0.0,0.0
2025-11-18 00:00:00+09:00,3950.372189891582,3970.1240508410397,3836.7989894321986,3871.36474609375,74941,0.0,0.0
2025-11-19 00:00:00+09:00,3856.55078125,3891.116537291933,3797.2951994638283,3856.55078125,23199,0.0,0.0
2025-11-20 00:00:00+09:00,3767.6674501030006,3999.751814657183,3767.6674501030006,3970.1240234375,54933,0.0,0.0
2025-11-21 00:00:00+09:00,3930.62040721922,4024.441748597568,3905.9305805407075,3940.496337890625,56702,0.0,0.0
2025-11-24 00:00:00+09:00,3915.806396484375,3984.9379091587525,3891.11657052924,3915.806396484375,24142,0.0,0.0
2025-11-25 00:00:00+09:00,3920.7445220947266,3994.8140029907227,3910.8685913085938,3950.372314453125,35501,0.0,0.0
2025-11-26 00:00:00+09:00,3920.744507137346,4004.6899184992285,3920.744507137346,3999.751953125,13138,0.0,0.0
2025-11-27 00:00:00+09:00,3999.751953125,4024.441779996142,3980.0000916280865,3999.751953125,9500,0.0,0.0
2025-11-28 00:00:00+09:00,3979.9999862371706,4034.3176039153454,3960.2481252632892,4029.379638671875,13406,0.0,0.0
2025-12-01 00:00:00+09:00,3999.7518013619087,4039.2555228568413,3970.1240102407096,4019.503662109375,21911,0.0,0.0
2025-12-02 00:00:00+09:00,4019.5038146219135,4019.5038146219135,3950.3722993827164,3999.751953125,38948,0.0,0.0
2025-12-03 00:00:00+09:00,3984.9378598969556,4039.255476326778,3979.999894766972,4009.627685546875,8581,0.0,0.0
2025-12-04 00:00:00+09:00,4024.441765017626,4059.0075225085748,3999.7519382383766,4049.131591796875,35371,0.0,0.0
2025-12-05 00:00:00+09:00,4059.0074994991987,4059.0074994991987,4009.6278462206196,4044.193603515625,21666,0.0,0.0
2025-12-08 00:00:00+09:00,4083.6973029325527,4083.6973029325527,3999.7518928359946,4039.255615234375,24613,0.0,0.0
2025-12-09 00:00:00+09:00,3999.751915564904,4049.131568843483,3994.813950237046,4044.193603515625,13262,0.0,0.0
2025-12-10 00:00:00+09:00,4004.6898353231145,4049.1315227681307,4004.6898353231145,4034.317626953125,10316,0.0,0.0
2025-12-11 00:00:00+09:00,4034.3175576699746,4049.1314532305746,3999.7518013619087,4019.503662109375,17352,0.0,0.0
2025-12-12 00:00:00+09:00,4019.5036490727393,4073.821265952101,4004.6897535601865,4068.88330078125,16539,0.0,0.0
2025-12-15 00:00:00+09:00,4068.8834156363087,4147.8908606001205,4039.255623774879,4093.5732421875,38226,0.0,0.0
2025-12-16 00:00:00+09:00,4098.511198831945,4108.38712943154,3984.9379969366023,4039.255615234375,33006,0.0,0.0
2025-12-17 00:00:00+09:00,4241.712288589663,4286.153977294328,4039.2557067128573,4059.007568359375,350911,0.0,0.0
2025-12-18 00:00:00+09:00,4073.8213025426576,4147.8907807707055,3999.751824314609,4024.441650390625,81908,0.0,0.0
2025-12-19 00:00:00+09:00,3999.751824314609,4039.255546036235,3970.1240330233895,4024.441650390625,41439,0.0,0.0
2025-12-22 00:00:00+09:00,4049.1315227681307,4068.8833838548044,4009.627800594783,4034.317626953125,20786,0.0,0.0
2025-12-23 00:00:00+09:00,4034.3175111967944,4044.193441456762,3979.999894766972,4009.627685546875,27797,0.0,0.0
2025-12-24 00:00:00+09:00,4019.503791573316,4083.697341070187,3970.1241381141845,3994.81396484375,69025,0.0,0.0
2025-12-26 00:00:00+09:00,4009.6277915632754,4009.6277915632754,3945.434243176179,3980.0,45489,0.0,0.0
2025-12-29 00:00:00+09:00,4030.0,4030.0,3945.0,3965.0,39916,50.0,0.0
2025-12-30 00:00:00+09:00,3975.0,4050.0,3960.0,3975.0,38715,0.0,0.0
2026-01-02 00:00:00+09:00,3990.0,4030.0,3965.0,4020.0,40808,0.0,0.0
2026-01-05 00:00:00+09:00,4020.0,4020.0,3970.0,4000.0,23171,0.0,0.0
2026-01-06 00:00:00+09:00,4000.0,4015.0,3825.0,3925.0,80957,0.0,0.0
2026-01-07 00:00:00+09:00,3900.0,3900.0,3805.0,3860.0,61254,0.0,0.0
2026-01-08 00:00:00+09:00,3820.0,3845.0,3770.0,3835.0,47459,0.0,0.0
2026-01-09 00:00:00+09:00,3875.0,3875.0,3795.0,3835.0,25705,0.0,0.0
2026-01-12 00:00:00+09:00,3835.0,3870.0,3785.0,3870.0,27657,0.0,0.0
2026-01-13 00:00:00+09:00,3840.0,3880.0,3810.0,3870.0,26653,0.0,0.0
2026-01-14 00:00:00+09:00,3830.0,3870.0,3820.0,3850.0,18249,0.0,0.0
2026-01-15 00:00:00+09:00,3825.0,3850.0,3800.0,3840.0,19966,0.0,0.0
2026-01-16 00:00:00+09:00,3880.0,3880.0,3795.0,3835.0,28678,0.0,0.0
2026-01-19 00:00:00+09:00,3805.0,3830.0,3700.0,3710.0,78427,0.0,0.0
2026-01-20 00:00:00+09:00,3675.0,3820.0,3675.0,3805.0,65624,0.0,0.0
2026-01-21 00:00:00+09:00,3805.0,3915.0,3710.0,3785.0,86913,0.0,0.0
2026-01-22 00:00:00+09:00,3835.0,3835.0,3755.0,3795.0,39763,0.0,0.0
2026-01-23 00:00:00+09:00,3795.0,3825.0,3755.0,3810.0,58190,0.0,0.0
2026-01-26 00:00:00+09:00,3830.0,3880.0,3795.0,3875.0,59491,0.0,0.0
2026-01-27 00:00:00+09:00,3850.0,3905.0,3850.0,3905.0,33188,0.0,0.0
2026-01-28 00:00:00+09:00,3900.0,3960.0,3900.0,3910.0,84304,0.0,0.0
2026-01-29 00:00:00+09:00,3910.0,3920.0,3825.0,3890.0,75302,0.0,0.0
2026-01-30 00:00:00+09:00,3890.0,3935.0,3825.0,3875.0,74018,0.0,0.0
2026-02-02 00:00:00+09:00,3875.0,3875.0,3700.0,3745.0,111072,0.0,0.0
2026-02-03 00:00:00+09:00,3800.0,3805.0,3705.0,3750.0,61533,0.0,0.0
2026-02-04 00:00:00+09:00,3750.0,3810.0,3700.0,3785.0,37351,0.0,0.0
2026-02-05 00:00:00+09:00,3765.0,3800.0,3740.0,3775.0,48258,0.0,0.0
2026-02-06 00:00:00+09:00,3740.0,3740.0,3600.0,3715.0,71674,0.0,0.0
2026-02-09 00:00:00+09:00,3720.0,3760.0,3675.0,3740.0,46199,0.0,0.0
2026-02-10 00:00:00+09:00,3860.0,3945.0,3825.0,3940.0,202838,0.0,0.0
2026-02-11 00:00:00+09:00,3995.0,4245.0,3950.0,4220.0,505392,0.0,0.0
2026-02-12 00:00:00+09:00,4255.0,4375.0,4190.0,4255.0,366755,0.0,0.0
2026-02-13 00:00:00+09:00,4265.0,4340.0,4150.0,4220.0,298867,0.0,0.0
2026-02-19 00:00:00+09:00,4210.0,4285.0,4070.0,4120.0,100441,0.0,0.0
2026-02-20 00:00:00+09:00,4085.0,4290.0,4085.0,4200.0,161376,0.0,0.0
2026-02-23 00:00:00+09:00,4200.0,4280.0,4165.0,4180.0,63990,0.0,0.0
2026-02-24 00:00:00+09:00,4195.0,4195.0,4125.0,4170.0,42615,0.0,0.0
2026-02-25 00:00:00+09:00,4195.0,4195.0,4080.0,4095.0,57347,0.0,0.0
2026-02-26 00:00:00+09:00,4095.0,4110.0,3980.0,3985.0,65935,0.0,0.0
2026-02-27 00:00:00+09:00,4055.0,4095.0,3960.0,4000.0,107760,0.0,0.0
2026-03-03 00:00:00+09:00,3900.0,3985.0,3825.0,3840.0,93325,0.0,0.0
2026-03-04 00:00:00+09:00,3840.0,3840.0,3380.0,3380.0,226618,0.0,0.0
2026-03-05 00:00:00+09:00,3500.0,3730.0,3485.0,3710.0,62503,0.0,0.0
2026-03-06 00:00:00+09:00,3600.0,3750.0,3600.0,3715.0,34227,0.0,0.0
2026-03-09 00:00:00+09:00,3700.0,3700.0,3475.0,3540.0,66136,0.0,0.0
2026-03-10 00:00:00+09:00,3560.0,3625.0,3550.0,3600.0,37385,0.0,0.0
2026-03-11 00:00:00+09:00,3670.0,3710.0,3590.0,3675.0,29521,0.0,0.0
2026-03-12 00:00:00+09:00,3675.0,3720.0,3630.0,3675.0,21938,0.0,0.0
2026-03-13 00:00:00+09:00,3645.0,3750.0,3500.0,3690.0,31969,0.0,0.0
2026-03-16 00:00:00+09:00,3650.0,3685.0,3605.0,3685.0,16016,0.0,0.0
2026-03-17 00:00:00+09:00,3655.0,3750.0,3650.0,3675.0,11693,0.0,0.0
2026-03-18 00:00:00+09:00,3660.0,3690.0,3620.0,3645.0,39691,0.0,0.0
2026-03-19 00:00:00+09:00,3640.0,3645.0,3575.0,3575.0,47162,0.0,0.0
2026-03-20 00:00:00+09:00,3575.0,3660.0,3575.0,3650.0,19819,0.0,0.0
2026-03-23 00:00:00+09:00,3645.0,3645.0,3465.0,3465.0,32585,0.0,0.0
2026-03-24 00:00:00+09:00,3495.0,3575.0,3440.0,3575.0,35525,0.0,0.0
2026-03-25 00:00:00+09:00,3590.0,3650.0,3515.0,3585.0,21767,0.0,0.0
2026-03-26 00:00:00+09:00,3605.0,3605.0,3515.0,3530.0,19018,0.0,0.0
2026-03-27 00:00:00+09:00,3530.0,3645.0,3455.0,3635.0,25037,0.0,0.0
2026-03-30 00:00:00+09:00,3600.0,3635.0,3490.0,3595.0,16892,0.0,0.0
2026-03-31 00:00:00+09:00,3595.0,3615.0,3505.0,3525.0,23570,0.0,0.0
2026-04-01 00:00:00+09:00,3560.0,3650.0,3545.0,3650.0,28200,0.0,0.0
2026-04-02 00:00:00+09:00,3650.0,3670.0,3550.0,3630.0,25603,0.0,0.0
2026-04-03 00:00:00+09:00,3630.0,3650.0,3590.0,3640.0,16124,0.0,0.0
2026-04-06 00:00:00+09:00,3640.0,3640.0,3565.0,3595.0,17524,0.0,0.0
2026-04-07 00:00:00+09:00,3600.0,3645.0,3555.0,3600.0,19375,0.0,0.0
2026-04-08 00:00:00+09:00,3650.0,3670.0,3600.0,3655.0,26745,0.0,0.0
2026-04-09 00:00:00+09:00,3655.0,3665.0,3605.0,3650.0,17502,0.0,0.0
2026-04-10 00:00:00+09:00,3655.0,3745.0,3650.0,3725.0,26598,0.0,0.0
2026-04-13 00:00:00+09:00,3700.0,3770.0,3675.0,3735.0,49752,0.0,0.0
2026-04-14 00:00:00+09:00,3715.0,3850.0,3715.0,3850.0,33829,0.0,0.0
2026-04-15 00:00:00+09:00,3850.0,3885.0,3810.0,3880.0,31077,0.0,0.0
2026-04-16 00:00:00+09:00,3890.0,3975.0,3850.0,3945.0,74057,0.0,0.0
2026-04-17 00:00:00+09:00,3925.0,4000.0,3885.0,3950.0,34841,0.0,0.0
2026-04-20 00:00:00+09:00,3950.0,3990.0,3895.0,3950.0,24428,0.0,0.0
2026-04-21 00:00:00+09:00,3920.0,3970.0,3900.0,3930.0,27979,0.0,0.0
2026-04-22 00:00:00+09:00,3945.0,3970.0,3900.0,3970.0,17970,0.0,0.0
2026-04-23 00:00:00+09:00,4000.0,4000.0,3880.0,3930.0,31955,0.0,0.0
2026-04-24 00:00:00+09:00,3990.0,4040.0,3910.0,4010.0,46130,0.0,0.0
2026-04-27 00:00:00+09:00,4010.0,4045.0,3980.0,3995.0,37632,0.0,0.0
2026-04-28 00:00:00+09:00,4000.0,4025.0,3955.0,4010.0,24179,0.0,0.0
2026-04-29 00:00:00+09:00,3970.0,4095.0,3960.0,4020.0,76528,0.0,0.0
2026-04-30 00:00:00+09:00,4020.0,4035.0,3965.0,3995.0,36619,0.0,0.0
2026-05-04 00:00:00+09:00,3995.0,4005.0,3855.0,3920.0,46441,0.0,0.0
2026-05-06 00:00:00+09:00,3890.0,3920.0,3765.0,3790.0,38545,0.0,0.0
2026-05-07 00:00:00+09:00,3790.0,3810.0,3700.0,3745.0,31524,0.0,0.0
2026-05-08 00:00:00+09:00,3750.0,3800.0,3710.0,3740.0,12796,0.0,0.0
2026-05-11 00:00:00+09:00,3720.0,3875.0,3655.0,3700.0,91101,0.0,0.0
2026-05-12 00:00:00+09:00,3700.0,3700.0,3570.0,3630.0,48043,0.0,0.0
2026-05-13 00:00:00+09:00,3590.0,3670.0,3590.0,3640.0,35593,0.0,0.0
2026-05-14 00:00:00+09:00,3615.0,3680.0,3550.0,3630.0,15751,0.0,0.0
2026-05-15 00:00:00+09:00,3590.0,3630.0,3445.0,3515.0,64378,0.0,0.0
2026-05-18 00:00:00+09:00,3515.0,3515.0,3350.0,3465.0,35325,0.0,0.0
2026-05-19 00:00:00+09:00,3410.0,3505.0,3360.0,3450.0,75701,0.0,0.0
2026-05-20 00:00:00+09:00,3420.0,3420.0,3200.0,3210.0,71744,0.0,0.0
2026-05-21 00:00:00+09:00,3270.0,3540.0,3220.0,3255.0,99178,0.0,0.0
2026-05-22 00:00:00+09:00,3300.0,3370.0,3280.0,3350.0,32768,0.0,0.0
2026-05-26 00:00:00+09:00,3435.0,3435.0,3195.0,3260.0,42364,0.0,0.0
2026-05-27 00:00:00+09:00,3260.0,3280.0,3025.0,3095.0,81787,0.0,0.0
2026-05-28 00:00:00+09:00,3095.0,3115.0,2935.0,3040.0,65565,0.0,0.0
2026-05-29 00:00:00+09:00,2960.0,3045.0,2900.0,2955.0,46979,0.0,0.0
2026-06-01 00:00:00+09:00,2945.0,2945.0,2760.0,2835.0,72921,0.0,0.0
2026-06-02 00:00:00+09:00,2750.0,2830.0,2650.0,2755.0,90102,0.0,0.0
2026-06-04 00:00:00+09:00,2680.0,2780.0,2645.0,2690.0,46819,0.0,0.0
2026-06-05 00:00:00+09:00,2690.0,2690.0,2540.0,2635.0,38456,0.0,0.0
2026-06-08 00:00:00+09:00,2600.0,2600.0,2400.0,2420.0,124039,0.0,0.0
2026-06-09 00:00:00+09:00,2420.0,2570.0,2420.0,2525.0,118110,0.0,0.0
2026-06-10 00:00:00+09:00,2505.0,2550.0,2460.0,2545.0,97665,0.0,0.0
2026-06-11 00:00:00+09:00,2525.0,2590.0,2475.0,2585.0,53989,0.0,0.0
2026-06-12 00:00:00+09:00,2585.0,2660.0,2560.0,2600.0,27440,0.0,0.0
2026-06-15 00:00:00+09:00,2615.0,2700.0,2580.0,2610.0,57380,0.0,0.0
2026-06-16 00:00:00+09:00,2595.0,2680.0,2565.0,2625.0,13289,0.0,0.0
2026-06-17 00:00:00+09:00,2650.0,2670.0,2580.0,2660.0,13967,0.0,0.0
2026-06-18 00:00:00+09:00,2660.0,2670.0,2500.0,2530.0,61511,0.0,0.0
2026-06-19 00:00:00+09:00,2505.0,2545.0,2320.0,2435.0,58254,0.0,0.0
2026-06-22 00:00:00+09:00,2330.0,2425.0,2290.0,2330.0,36792,0.0,0.0
2026-06-23 00:00:00+09:00,2315.0,2320.0,2135.0,2150.0,92115,0.0,0.0
2026-06-24 00:00:00+09:00,2135.0,2195.0,2080.0,2155.0,37923,0.0,0.0
2026-06-25 00:00:00+09:00,2090.0,2160.0,2075.0,2130.0,47842,0.0,0.0
2026-06-26 00:00:00+09:00,2100.0,2105.0,1981.0,2030.0,63031,0.0,0.0
2026-06-29 00:00:00+09:00,2015.0,2195.0,2015.0,2155.0,39336,0.0,0.0
2026-06-30 00:00:00+09:00,2110.0,2225.0,2110.0,2165.0,27250,0.0,0.0
2026-07-01 00:00:00+09:00,2180.0,2215.0,2125.0,2170.0,13126,0.0,0.0
2026-07-02 00:00:00+09:00,2170.0,2200.0,2100.0,2140.0,27122,0.0,0.0
2026-07-03 00:00:00+09:00,2140.0,2210.0,2070.0,2205.0,16537,0.0,0.0
2026-07-06 00:00:00+09:00,2185.0,2215.0,2160.0,2180.0,23738,0.0,0.0
2026-07-07 00:00:00+09:00,2195.0,2305.0,2160.0,2295.0,22983,0.0,0.0
2026-07-08 00:00:00+09:00,2295.0,2315.0,2175.0,2270.0,31587,0.0,0.0
2026-07-09 00:00:00+09:00,2255.0,2295.0,2125.0,2195.0,26390,0.0,0.0
2026-07-10 00:00:00+09:00,2180.0,2285.0,2155.0,2200.0,20506,0.0,0.0
2026-07-13 00:00:00+09:00,2185.0,2225.0,2075.0,2180.0,25910,0.0,0.0
2026-07-14 00:00:00+09:00,2110.0,2180.0,2060.0,2130.0,122382,0.0,0.0
2026-07-15 00:00:00+09:00,2130.0,2180.0,2110.0,2170.0,14542,0.0,0.0
2026-07-16 00:00:00+09:00,2170.0,2220.0,2065.0,2175.0,20487,0.0,0.0
