Date,Open,High,Low,Close,Volume,Dividends,Stock Splits
2007-12-31 00:00:00+08:00,35.09740625108718,35.09740625108718,34.19490223709313,34.59601593017578,64145,0.0,0.0
2008-01-02 00:00:00+08:00,34.59601593017578,34.79657157975583,34.094623215341834,34.59601593017578,128604,0.0,0.0
2008-01-03 00:00:00+08:00,34.19489873191326,34.49573337240728,33.492950439453125,33.492950439453125,87300,0.0,0.0
2008-01-04 00:00:00+08:00,33.091836787487004,33.894064091419246,33.091836787487004,33.492950439453125,332931,0.0,0.0
2008-01-07 00:00:00+08:00,32.99156188964844,33.49295461560405,32.99156188964844,32.99156188964844,51629,0.0,0.0
2008-01-08 00:00:00+08:00,32.99155806229391,32.99155806229391,32.389888776084995,32.69072341918945,39113,0.0,0.0
2008-01-09 00:00:00+08:00,32.28961520528011,33.09184265136719,32.089059540719695,33.09184265136719,84484,0.0,0.0
2008-01-10 00:00:00+08:00,33.091839171731195,33.39267383390014,32.59044647216797,32.59044647216797,29726,0.0,0.0
2008-01-11 00:00:00+08:00,32.590450245626116,33.69351239724436,32.590450245626116,32.89128494262695,108578,0.0,0.0
2008-01-14 00:00:00+08:00,33.292392679134565,33.292392679134565,32.089054107666016,32.089054107666016,61329,0.0,0.0
2008-01-15 00:00:00+08:00,32.18933692382087,32.690727256542495,32.18933692382087,32.389892578125,52255,0.0,0.0
2008-01-16 00:00:00+08:00,32.089052381891044,32.59044262839699,32.089052381891044,32.289608001708984,146439,0.0,0.0
2008-01-17 00:00:00+08:00,32.089054107666016,32.189333119929174,32.089054107666016,32.089054107666016,124536,0.0,0.0
2008-01-18 00:00:00+08:00,32.38989431036737,32.49017333984375,32.18933864533733,32.49017333984375,130168,0.0,0.0
2008-01-21 00:00:00+08:00,32.49017169664959,32.49017169664959,31.086274930673362,31.186553955078125,237495,0.0,0.0
2008-01-22 00:00:00+08:00,31.0862735552118,31.0862735552118,29.080707519391684,29.983211517333984,321353,0.0,0.0
2008-01-23 00:00:00+08:00,29.9832132532791,30.484605988224637,29.9832132532791,30.083492279052734,88865,0.0,0.0
2008-01-24 00:00:00+08:00,30.484609906164586,30.68516558956501,30.284051828841207,30.58488655090332,30038,0.0,0.0
2008-01-25 00:00:00+08:00,31.28682690545165,31.38710591806111,30.685157617639568,30.785436630249023,44119,0.0,0.0
2008-01-28 00:00:00+08:00,30.48460633793385,30.685161997859183,29.8829345703125,29.8829345703125,107639,0.0,0.0
2008-01-29 00:00:00+08:00,29.882934255235057,30.183771332835125,29.782657623291016,29.782657623291016,86674,0.0,0.0
2008-01-30 00:00:00+08:00,29.782657623291016,29.983213281101747,29.782657623291016,29.782657623291016,35358,0.0,0.0
2008-01-31 00:00:00+08:00,29.983213597236503,30.384327311009844,29.281265196613823,29.8829345703125,51316,0.0,0.0
2008-02-01 00:00:00+08:00,29.882938003969624,30.88572120666504,29.882938003969624,30.88572120666504,35671,0.0,0.0
2008-02-12 00:00:00+08:00,30.88572273593068,31.186559866165513,30.48461135013038,31.086280822753906,73845,0.0,0.0
2008-02-13 00:00:00+08:00,31.086280822753903,31.387115559065666,30.48461135013038,31.086280822753906,45058,0.0,0.0
2008-02-14 00:00:00+08:00,31.086275711632524,31.086275711632524,29.8829345703125,29.8829345703125,84484,0.0,0.0
2008-02-15 00:00:00+08:00,29.381540465579654,30.38432342479371,29.381540465579654,29.582096099853516,153010,0.0,0.0
2008-02-18 00:00:00+08:00,30.083490537301742,30.685159869263273,29.983211517333984,29.983211517333984,59452,0.0,0.0
2008-02-19 00:00:00+08:00,30.08349020037971,31.086273207059037,30.08349020037971,30.484603881835938,90116,0.0,0.0
2008-02-20 00:00:00+08:00,30.28404618331475,30.28404618331475,29.983211517333984,29.983211517333984,39426,0.0,0.0
2008-02-21 00:00:00+08:00,30.083492279052738,30.484605988224637,30.083492279052738,30.083492279052734,64458,0.0,0.0
2008-02-22 00:00:00+08:00,30.083490537301742,30.28404618331475,29.882932497366223,29.983211517333984,38174,0.0,0.0
2008-02-25 00:00:00+08:00,30.083494140153828,30.48460787414044,30.083494140153828,30.384328842163086,51629,0.0,0.0
2008-02-26 00:00:00+08:00,30.885720960135803,31.48739279208888,30.48460959739766,31.286834716796875,93871,0.0,0.0
2008-02-27 00:00:00+08:00,31.28683205899129,33.392677307128906,31.28683205899129,33.392677307128906,288185,0.0,0.0
2008-02-29 00:00:00+08:00,33.29239581432275,35.598798950038315,33.09184016483218,34.8968505859375,327611,0.0,0.0
2008-03-03 00:00:00+08:00,34.09462320013012,35.09740623542807,34.09462320013012,34.8968505859375,97000,0.0,0.0
2008-03-04 00:00:00+08:00,34.8968505859375,35.49851992833176,34.09462320013012,34.8968505859375,94810,0.0,0.0
2008-03-05 00:00:00+08:00,35.09740661172306,35.09740661172306,33.79378889125132,34.09462356567383,55697,0.0,0.0
2008-03-06 00:00:00+08:00,34.09462356567383,34.79657193730055,34.09462356567383,34.09462356567383,46935,0.0,0.0
2008-03-07 00:00:00+08:00,34.094623623178386,34.39545829810829,33.19211959838867,33.19211959838867,74471,0.0,0.0
2008-03-10 00:00:00+08:00,33.894067971199306,34.094623623178386,32.69072687755711,33.19211959838867,76036,0.0,0.0
2008-03-11 00:00:00+08:00,32.690723135520884,33.69350606847503,32.18933286600496,33.492950439453125,92932,0.0,0.0
2008-03-12 00:00:00+08:00,33.6935081417068,34.395456477359275,33.6935081417068,34.2951774597168,63832,0.0,0.0
2008-03-13 00:00:00+08:00,34.29517921731465,34.39545824009634,33.89406791403301,34.09462356567383,88239,0.0,0.0
2008-03-14 00:00:00+08:00,34.09462356567383,34.59601628565973,33.99434454289213,34.09462356567383,65084,0.0,0.0
2008-03-17 00:00:00+08:00,33.894064091419246,33.894064091419246,33.492950439453125,33.492950439453125,41303,0.0,0.0
2008-03-18 00:00:00+08:00,33.492960020406585,34.09462947350741,33.392680980248784,33.99435043334961,23154,0.0,0.0
2008-03-19 00:00:00+08:00,34.19490083599676,34.49573549500176,33.3926734827018,34.2951774597168,141120,0.0,0.0
2008-03-20 00:00:00+08:00,34.09462181835428,34.69629113636428,33.79378715934928,34.2951774597168,61642,0.0,0.0
2008-03-21 00:00:00+08:00,34.29517921731465,34.69629291451885,34.09462356567383,34.09462356567383,167717,0.0,0.0
2008-03-24 00:00:00+08:00,35.69907413102175,35.69907413102175,34.09462181835428,34.2951774597168,47248,0.0,0.0
2008-03-25 00:00:00+08:00,34.09462568502845,34.09462568502845,33.693511962890625,33.693511962890625,38800,0.0,0.0
2008-03-26 00:00:00+08:00,33.89406829493943,33.89406829493943,33.09184089151547,33.292396545410156,54445,0.0,0.0
2008-03-27 00:00:00+08:00,32.28961180999902,33.091839171731195,32.28961180999902,32.59044647216797,37548,0.0,0.0
2008-03-28 00:00:00+08:00,32.0890598819323,32.89128494262695,32.0890598819323,32.89128494262695,51629,0.0,0.0
2008-03-31 00:00:00+08:00,32.89127902400428,33.09183704853058,32.089054107666016,32.089054107666016,58513,0.0,0.0
2008-04-01 00:00:00+08:00,32.0890578997075,32.99156193495999,32.0890578997075,32.389892578125,37235,0.0,0.0
2008-04-02 00:00:00+08:00,33.09184091362408,33.09184091362408,32.49017155761544,32.99156188964844,58513,0.0,0.0
2008-04-03 00:00:00+08:00,32.49017651226949,34.09462917094094,32.49017651226949,33.894073486328125,78852,0.0,0.0
2008-04-07 00:00:00+08:00,33.8940700209209,34.09462568502845,33.693511962890625,33.693511962890625,38800,0.0,0.0
2008-04-08 00:00:00+08:00,33.89406831758401,33.89406831758401,32.99156188964844,32.99156188964844,88239,0.0,0.0
2008-04-09 00:00:00+08:00,33.09184265136719,33.49295637441073,33.09184265136719,33.09184265136719,32229,0.0,0.0
2008-04-10 00:00:00+08:00,32.690727211644116,33.09184091362408,32.690727211644116,32.99156188964844,33480,0.0,0.0
2008-04-11 00:00:00+08:00,33.99435043334961,35.19769173347426,33.6935157067992,33.99435043334961,76348,0.0,0.0
2008-04-14 00:00:00+08:00,34.09462149560659,35.49851815362193,34.09462149560659,34.49573516845703,77600,0.0,0.0
2008-04-15 00:00:00+08:00,34.49573516845703,34.696290807921045,33.89406585614258,34.49573516845703,72281,0.0,0.0
2008-04-16 00:00:00+08:00,34.696298618702365,34.89685669723816,33.894073486328125,33.894073486328125,96061,0.0,0.0
2008-04-17 00:00:00+08:00,34.495738492272224,36.200469970703125,34.09462478077272,36.200469970703125,589513,0.0,0.0
2008-04-18 00:00:00+08:00,37.30352745447313,38.70742416381836,36.70185812016018,38.70742416381836,1065442,0.0,0.0
2008-04-21 00:00:00+08:00,41.41494369506836,41.41494369506836,40.71299290004938,41.41494369506836,1698763,0.0,0.0
2008-04-22 00:00:00+08:00,42.9191174548992,42.9191174548992,41.41494400826253,41.515220642089844,1097672,0.0,0.0
2008-04-23 00:00:00+08:00,41.51521340011905,43.320221221215014,41.1141021469348,42.51799392700195,1091413,0.0,0.0
2008-04-24 00:00:00+08:00,42.71855541730321,45.42607215670799,42.116886094734355,44.523563385009766,3457917,0.0,0.0
2008-04-25 00:00:00+08:00,43.72134427936265,44.12245559692383,41.4149434307339,44.12245559692383,2393413,0.0,0.0
2008-04-28 00:00:00+08:00,43.119670973877014,43.72134514388393,42.217166900634766,42.217166900634766,1009745,0.0,0.0
2008-04-29 00:00:00+08:00,42.21716982326967,43.520790100097656,41.314665687548334,43.520790100097656,966251,0.0,0.0
2008-04-30 00:00:00+08:00,44.12245930235158,45.52635621348371,43.32023181201241,44.72412872314453,2747935,0.0,0.0
2008-05-02 00:00:00+08:00,45.72691134703741,45.72691134703741,42.11689026622299,42.217166900634766,1654643,0.0,0.0
2008-05-05 00:00:00+08:00,41.114109253402326,42.11688995361328,40.111323765345986,42.11688995361328,623620,0.0,0.0
2008-05-06 00:00:00+08:00,39.20882053570906,41.715779521515195,39.20882053570906,40.21160125732422,896473,0.0,0.0
2008-05-07 00:00:00+08:00,39.71021089651664,41.114110130977004,39.71021089651664,40.21160125732422,414286,0.0,0.0
2008-05-08 00:00:00+08:00,39.71021394058834,41.11411328266762,39.71021394058834,40.61272048950195,277859,0.0,0.0
2008-05-09 00:00:00+08:00,40.612716986979436,41.816055756522,40.311882294593794,40.71299362182617,756918,0.0,0.0
2008-05-12 00:00:00+08:00,40.712989860096364,41.013824524685994,38.80770285305456,38.907981872558594,747530,0.0,0.0
2008-05-13 00:00:00+08:00,39.10853577574418,39.9107631082002,38.90798013959137,39.710205078125,654598,0.0,0.0
2008-05-14 00:00:00+08:00,39.71020678699223,41.31465912702699,39.71020678699223,41.013824462890625,560100,0.0,0.0
2008-05-15 00:00:00+08:00,41.01382803386285,41.31466272419215,40.21160059703627,40.31188201904297,208082,0.0,0.0
2008-05-16 00:00:00+08:00,40.51243993502276,41.0138327390407,39.60993576049805,39.60993576049805,343257,0.0,0.0
2008-05-19 00:00:00+08:00,39.30909141189699,40.31187677442821,39.30909141189699,39.710205078125,197756,0.0,0.0
2008-05-20 00:00:00+08:00,39.710205078125,40.11131874435301,39.50964944197219,39.710205078125,172723,0.0,0.0
2008-05-21 00:00:00+08:00,39.60992779244915,40.81326644974832,39.60992779244915,40.11132049560547,296947,0.0,0.0
2008-05-22 00:00:00+08:00,39.710205078125,40.51243001665863,39.6099260630874,39.710205078125,222162,0.0,0.0
2008-05-23 00:00:00+08:00,39.71020891733587,40.11132262234383,39.40937423706055,39.40937423706055,313531,0.0,0.0
2008-05-26 00:00:00+08:00,39.40937218223381,39.71020684682344,38.80770285305456,38.907981872558594,497832,0.0,0.0
2008-05-27 00:00:00+08:00,39.10854174735512,39.509655474830495,38.2060376559776,38.406593322753906,285056,0.0,0.0
2008-05-28 00:00:00+08:00,38.40659541153573,39.008264838509824,38.10576069804869,38.30631637573242,153949,0.0,0.0
2008-05-29 00:00:00+08:00,38.40659164342014,38.907984379321576,37.504087591504735,37.70464324951172,347950,0.0,0.0
2008-05-30 00:00:00+08:00,37.70464694875834,39.10854387431313,37.403812235271296,38.30631637573242,230298,0.0,0.0
2008-06-02 00:00:00+08:00,39.20882291011644,39.20882291011644,38.10576069804869,38.30631637573242,435251,0.0,0.0
2008-06-03 00:00:00+08:00,38.707428061896984,38.707428061896984,38.10575866699219,38.10575866699219,321040,0.0,0.0
2008-06-04 00:00:00+08:00,38.10575710792245,38.10575710792245,36.10019094434758,36.200469970703125,734076,0.0,0.0
2008-06-05 00:00:00+08:00,36.20047588110687,36.20047588110687,33.693516570369034,36.100196838378906,616110,0.0,0.0
2008-06-06 00:00:00+08:00,36.10018958143268,36.50130327778867,35.2979621887207,35.2979621887207,519110,0.0,0.0
2008-06-09 00:00:00+08:00,32.89128788149513,34.696298618702365,32.89128788149513,33.894073486328125,636449,0.0,0.0
2008-06-10 00:00:00+08:00,33.091838840061975,33.89406619375367,32.289611486370276,32.7910041809082,234679,0.0,0.0
2008-06-11 00:00:00+08:00,30.58488655090332,31.687948794413035,30.58488655090332,30.58488655090332,699969,0.0,0.0
2008-06-12 00:00:00+08:00,30.58487885578406,30.58487885578406,28.479036331176754,28.479036331176758,386751,0.0,0.0
2008-06-13 00:00:00+08:00,28.479036449985465,28.479036449985465,26.573749550370557,26.874584197998047,455277,0.0,0.0
2008-06-16 00:00:00+08:00,26.874588756641373,26.874588756641373,25.069578170776367,25.069578170776367,250011,0.0,0.0
2008-06-17 00:00:00+08:00,23.364843368530273,23.364843368530273,23.364843368530273,23.364843368530273,135175,0.0,0.0
2008-06-18 00:00:00+08:00,21.760395050048828,21.760395050048828,21.760395050048828,21.760395050048828,51316,0.0,0.0
2008-06-19 00:00:00+08:00,20.256216049194336,20.256216049194336,20.256216049194336,20.256216049194336,65084,0.0,0.0
2008-06-20 00:00:00+08:00,19.654548106189836,21.660114288330078,19.654548106189836,21.660114288330078,755666,0.0,0.0
2008-06-23 00:00:00+08:00,22.061229203484853,23.164291381835938,22.061229203484853,23.164291381835938,1211256,0.0,0.0
2008-06-24 00:00:00+08:00,22.863452827506933,22.963731853858558,21.55983506062645,22.061227798461914,456216,0.0,0.0
2008-06-25 00:00:00+08:00,22.06122807094029,22.06122807094029,20.55705223277847,21.05844497680664,178356,0.0,0.0
2008-06-26 00:00:00+08:00,20.757609890853033,20.757609890853033,19.59438133239746,19.59438133239746,124849,0.0,0.0
2008-06-27 00:00:00+08:00,18.2305965423584,18.2305965423584,18.2305965423584,18.2305965423584,66023,0.0,0.0
2008-06-30 00:00:00+08:00,16.96708869934082,18.23059502447101,16.96708869934082,16.96708869934082,586384,0.0,0.0
2008-07-01 00:00:00+08:00,16.184919335869303,16.184919335869303,15.783806800842285,15.783806800842285,450270,0.0,0.0
2008-07-02 00:00:00+08:00,15.142024829660832,16.164863050789187,15.142024829660832,15.783806800842285,272540,0.0,0.0
2008-07-03 00:00:00+08:00,15.242302442879184,16.88686752319336,15.242302442879184,16.88686752319336,429619,0.0,0.0
2008-07-04 00:00:00+08:00,17.04730999469757,17.38825600307774,16.044527053833008,16.044527053833008,289124,0.0,0.0
2008-07-07 00:00:00+08:00,16.044528555194713,17.167644500732422,16.044528555194713,17.167644500732422,285056,0.0,0.0
2008-07-08 00:00:00+08:00,18.05009537213722,18.05009537213722,16.846755441269142,17.02725601196289,259398,0.0,0.0
2008-07-09 00:00:00+08:00,17.027255690850808,17.328091565615445,16.646198272705078,16.646198272705078,120155,0.0,0.0
2008-07-10 00:00:00+08:00,16.58603162953272,17.24786863143902,16.58603162953272,17.047311782836914,57887,0.0,0.0
2008-07-11 00:00:00+08:00,15.86402702331543,16.606086766942923,15.86402702331543,15.86402702331543,226230,0.0,0.0
2008-07-14 00:00:00+08:00,15.864028212590984,15.864028212590984,14.760967254638672,14.760967254638672,143623,0.0,0.0
2008-07-15 00:00:00+08:00,13.738128662109375,13.738128662109375,13.738128662109375,13.738128662109375,26284,0.0,0.0
2008-07-16 00:00:00+08:00,12.795510292053223,13.236734124490265,12.795510292053223,12.795510292053223,249698,0.0,0.0
2008-07-17 00:00:00+08:00,12.053450052490321,12.594952873962535,11.913060875427574,11.93311595916748,687453,0.0,0.0
2008-07-18 00:00:00+08:00,11.93311865193466,12.75540121004562,11.752618069700116,11.893007278442383,735953,0.0,0.0
2008-07-21 00:00:00+08:00,12.053451106747609,12.715288079430353,11.35150276611557,11.43172550201416,177104,0.0,0.0
2008-07-22 00:00:00+08:00,10.649555206298828,10.649555206298828,10.649555206298828,10.649555206298828,16583,0.0,0.0
2008-07-23 00:00:00+08:00,9.907495498657227,9.907495498657227,9.907495498657227,9.907495498657227,35984,0.0,0.0
2008-07-24 00:00:00+08:00,10.067941757741957,10.589388363392677,9.626717292473982,9.867384910583496,1246927,0.0,0.0
2008-07-25 00:00:00+08:00,9.1854919052791,9.807217511097033,9.1854919052791,9.787161827087402,198694,0.0,0.0
2008-07-28 00:00:00+08:00,9.787161827087402,9.787161827087402,9.787161827087402,9.787161827087402,0,0.0,0.0
2008-07-29 00:00:00+08:00,9.787161827087402,9.787161827087402,9.787161827087402,9.787161827087402,0,0.0,0.0
2008-07-30 00:00:00+08:00,9.787161827087402,9.787161827087402,9.787161827087402,9.787161827087402,0,0.0,0.0
2008-07-31 00:00:00+08:00,9.787161827087402,9.787161827087402,9.787161827087402,9.787161827087402,0,0.0,0.0
2008-08-01 00:00:00+08:00,9.787161827087402,9.787161827087402,9.787161827087402,9.787161827087402,0,0.0,0.0
2008-08-04 00:00:00+08:00,9.787161827087402,9.787161827087402,9.787161827087402,9.787161827087402,0,0.0,0.0
2008-08-05 00:00:00+08:00,9.787161827087402,9.787161827087402,9.787161827087402,9.787161827087402,0,0.0,0.0
2008-08-06 00:00:00+08:00,9.787161827087402,9.787161827087402,9.787161827087402,9.787161827087402,0,0.0,0.0
2008-08-07 00:00:00+08:00,9.787161827087402,9.787161827087402,9.787161827087402,9.787161827087402,0,0.0,0.0
2008-08-08 00:00:00+08:00,9.787161827087402,9.787161827087402,9.787161827087402,9.787161827087402,0,0.0,0.0
2008-08-11 00:00:00+08:00,9.787161827087402,9.787161827087402,9.787161827087402,9.787161827087402,0,0.0,0.0
2008-08-12 00:00:00+08:00,9.787161827087402,9.787161827087402,9.787161827087402,9.787161827087402,0,0.0,0.0
2008-08-13 00:00:00+08:00,9.787161827087402,9.787161827087402,9.787161827087402,9.787161827087402,0,0.0,0.0
2008-08-14 00:00:00+08:00,9.787161827087402,9.787161827087402,9.787161827087402,9.787161827087402,0,0.0,0.0
2008-08-15 00:00:00+08:00,9.787161827087402,9.787161827087402,9.787161827087402,9.787161827087402,0,0.0,0.0
2008-08-18 00:00:00+08:00,10.629499452550949,10.930334116875741,9.82727328203109,10.027830123901367,132358,0.0,0.0
2008-08-19 00:00:00+08:00,9.32588219334413,9.967663517580142,9.32588219334413,9.686883926391602,197130,0.0,0.0
2008-08-20 00:00:00+08:00,9.686883926391602,9.887440777240558,9.245659453004548,9.686883926391602,56948,0.0,0.0
2008-08-21 00:00:00+08:00,9.686885363423665,9.686885363423665,9.02504825592041,9.02504825592041,37861,0.0,0.0
2008-08-22 00:00:00+08:00,8.764322973006845,8.764322973006845,8.403321266174316,8.403321266174316,205578,0.0,0.0
2008-08-25 00:00:00+08:00,8.403322049094696,8.483544791082915,8.222820879621203,8.363210678100586,61016,0.0,0.0
2008-08-26 00:00:00+08:00,7.861819132016507,8.343154985028116,7.801652075579972,7.942041873931885,24719,0.0,0.0
2008-08-27 00:00:00+08:00,7.942041470836297,8.262931823730469,7.942041470836297,8.262931823730469,37548,0.0,0.0
2008-08-28 00:00:00+08:00,8.32309793317968,8.523655367945361,8.022263277232675,8.403321266174316,43180,0.0,0.0
2008-08-29 00:00:00+08:00,8.323098106593356,8.884657259891782,8.323098106593356,8.664045333862305,16583,0.0,0.0
2008-09-01 00:00:00+08:00,8.262932978588735,8.66404672386839,8.08243179321289,8.08243179321289,32855,0.0,0.0
2008-09-02 00:00:00+08:00,7.8016527699978475,8.403322789436615,7.520873746782804,8.08243179321289,51629,0.0,0.0
2008-09-03 00:00:00+08:00,7.84176284013938,8.08243106564252,7.5208730697631845,7.520873069763184,53819,0.0,0.0
2008-09-04 00:00:00+08:00,7.119758184650369,7.6211496398218355,7.019479773919963,7.2400922775268555,94184,0.0,0.0
2008-09-05 00:00:00+08:00,7.240093573916799,7.741485118865966,7.039537315025535,7.741485118865967,107326,0.0,0.0
2008-09-08 00:00:00+08:00,8.282987594604492,8.282987594604492,7.942041553692441,8.282987594604492,51003,0.0,0.0
2008-09-09 00:00:00+08:00,8.684099476423091,8.684099476423091,8.022262573242188,8.022262573242188,35984,0.0,0.0
2008-09-10 00:00:00+08:00,8.022262729380163,8.022262729380163,7.821706505271985,7.841761589050293,23780,0.0,0.0
2008-09-11 00:00:00+08:00,8.383266463975488,8.383266463975488,7.7214294331287725,7.741485118865967,8135,0.0,0.0
2008-09-12 00:00:00+08:00,7.741484556580775,8.202764696551517,7.220037962249177,7.500816345214844,42868,0.0,0.0
2008-09-15 00:00:00+08:00,7.220037137548716,7.220037137548716,7.119758129119873,7.119758129119873,20964,0.0,0.0
2008-09-16 00:00:00+08:00,7.119758964834097,7.1398146491778816,6.65847882340768,6.678534507751465,83858,0.0,0.0
2008-09-17 00:00:00+08:00,7.019479841173293,7.139813935202696,6.718645204580356,6.95931339263916,26284,0.0,0.0
2008-09-18 00:00:00+08:00,6.79886793393329,7.179925898359732,6.498032698859784,6.95931339263916,36922,0.0,0.0
2008-09-19 00:00:00+08:00,7.440649812658492,7.440649812658492,7.179926518232693,7.400538444519043,65397,0.0,0.0
2008-09-22 00:00:00+08:00,7.80165143617109,7.90192985534668,7.7414843846657355,7.90192985534668,81668,0.0,0.0
2008-09-23 00:00:00+08:00,7.901930792469042,8.443433721755667,7.901930792469042,7.982152938842773,22842,0.0,0.0
2008-09-24 00:00:00+08:00,7.982152400192777,8.523655891418457,7.982152400192777,8.523655891418457,61016,0.0,0.0
2008-09-25 00:00:00+08:00,9.10527103189276,9.10527103189276,8.52365671334303,8.804435729980469,36922,0.0,0.0
2008-09-26 00:00:00+08:00,8.423378012529652,8.704157020272344,8.202765464782715,8.202765464782715,39738,0.0,0.0
2008-09-29 00:00:00+08:00,8.202765464782715,8.202765464782715,8.202765464782715,8.202765464782715,0,0.0,0.0
2008-09-30 00:00:00+08:00,7.641205310821533,7.641205310821533,7.641205310821533,7.641205310821533,6883,0.0,0.0
2008-10-01 00:00:00+08:00,7.119759794557912,7.641207049784194,7.119759794557912,7.601095676422119,38487,0.0,0.0
2008-10-02 00:00:00+08:00,7.701374412893324,7.701374412893324,7.260149322835314,7.5609846115112305,5006,0.0,0.0
2008-10-03 00:00:00+08:00,7.1197589423660785,7.500816345214844,7.079648172285716,7.500816345214844,5632,0.0,0.0
2008-10-06 00:00:00+08:00,8.022263257335478,8.022263257335478,7.059591642515997,7.139814376831055,7196,0.0,0.0
2008-10-07 00:00:00+08:00,7.01948040228927,7.581038954168535,6.919202581062764,7.059591770172119,8761,0.0,0.0
2008-10-08 00:00:00+08:00,7.420594817730401,7.420594817730401,6.578256607055664,6.578256607055664,43180,0.0,0.0
2008-10-09 00:00:00+08:00,6.778812411388895,7.019480006640278,6.317532305216542,6.698590278625488,27535,0.0,0.0
2008-10-13 00:00:00+08:00,6.477978229522705,6.919202684339164,6.477978229522705,6.477978229522705,22529,0.0,0.0
2008-10-14 00:00:00+08:00,6.618367535726546,6.91920280456543,6.27742149618978,6.91920280456543,58513,0.0,0.0
2008-10-15 00:00:00+08:00,6.678534507751465,6.678534507751465,6.678534507751465,6.678534507751465,9074,0.0,0.0
2008-10-16 00:00:00+08:00,6.457922587330159,6.598312377929688,6.457922587330159,6.5983123779296875,10325,0.0,0.0
2008-10-17 00:00:00+08:00,6.538144239700938,6.538144239700938,6.377699375152588,6.377699375152588,9074,0.0,0.0
2008-10-20 00:00:00+08:00,6.157087802886963,6.157087802886963,6.157087802886963,6.157087802886963,2190,0.0,0.0
2008-10-21 00:00:00+08:00,5.956530659633293,6.397755130773512,5.956530659633293,6.116976737976074,14393,0.0,0.0
2008-10-22 00:00:00+08:00,6.317532456649972,6.317532456649972,5.936475072587531,6.217254638671875,30038,0.0,0.0
2008-10-23 00:00:00+08:00,6.217255459183298,6.217255459183298,6.016698001317092,6.157087802886963,11264,0.0,0.0
2008-10-24 00:00:00+08:00,6.1570879107190235,6.1570879107190235,5.956531047821045,5.956531047821045,4693,0.0,0.0
2008-10-27 00:00:00+08:00,5.555418014526367,5.555418014526367,5.555418014526367,5.555418014526367,1877,0.0,0.0
2008-10-28 00:00:00+08:00,5.1743603429549685,5.93647580337821,5.1743603429549685,5.4150285720825195,43180,0.0,0.0
2008-10-29 00:00:00+08:00,5.715862849724426,5.776029902687499,5.214471340179443,5.214471340179443,63206,0.0,0.0
2008-10-30 00:00:00+08:00,5.013914591397294,5.575472831726074,5.013914591397294,5.575472831726074,43180,0.0,0.0
2008-10-31 00:00:00+08:00,5.715862616238496,5.956530219779187,5.4150279621924815,5.575472831726074,21277,0.0,0.0
2008-11-03 00:00:00+08:00,5.57547347865357,5.936475823572957,5.57547347865357,5.615584850311279,5945,0.0,0.0
2008-11-04 00:00:00+08:00,5.415027745026553,5.615583973520526,5.25458288192749,5.25458288192749,8135,0.0,0.0
2008-11-05 00:00:00+08:00,5.0540262455840175,5.615584850311279,5.0540262455840175,5.615584850311279,29726,0.0,0.0
2008-11-06 00:00:00+08:00,5.615584331133843,5.996642326652142,5.615584331133843,5.71586275100708,18148,0.0,0.0
2008-11-07 00:00:00+08:00,6.016698360443115,6.016698360443115,5.836197774703056,6.016698360443115,6571,0.0,0.0
2008-11-10 00:00:00+08:00,5.595529556274414,5.595529556274414,5.595529556274414,5.595529556274414,12203,0.0,0.0
2008-11-11 00:00:00+08:00,5.214471991827422,5.976587492786626,5.214471991827422,5.796086311340332,7822,0.0,0.0
2008-11-12 00:00:00+08:00,5.45513941810502,5.816141128540039,5.394971768138468,5.816141128540039,10012,0.0,0.0
2008-11-13 00:00:00+08:00,5.415028590503404,5.615584850311279,5.415028590503404,5.615584850311279,12516,0.0,0.0
2008-11-14 00:00:00+08:00,5.25458339418675,5.25458339418675,5.234527111053467,5.234527111053467,19713,0.0,0.0
2008-11-17 00:00:00+08:00,5.595529113708452,5.595529113708452,5.575472831726074,5.575472831726074,625,0.0,0.0
2008-11-18 00:00:00+08:00,5.194416046386001,5.615584850311279,5.194416046386001,5.615584850311279,43493,0.0,0.0
2008-11-19 00:00:00+08:00,5.816141128540039,5.816141128540039,5.615584290253577,5.816141128540039,2190,0.0,0.0
2008-11-20 00:00:00+08:00,5.455139491898336,5.9966423641162425,5.455139491898336,5.91641902923584,5632,0.0,0.0
2008-11-21 00:00:00+08:00,5.5153069496154785,5.916419464137988,5.5153069496154785,5.5153069496154785,3129,0.0,0.0
2008-11-24 00:00:00+08:00,5.896365165710449,5.896365165710449,5.896365165710449,5.896365165710449,312,0.0,0.0
2008-11-25 00:00:00+08:00,5.976585865020752,5.976585865020752,5.976585865020752,5.976585865020752,6883,0.0,0.0
2008-11-26 00:00:00+08:00,5.575472831726074,5.575472831726074,5.575472831726074,5.575472831726074,6571,0.0,0.0
2008-11-27 00:00:00+08:00,5.936475604290347,5.936475604290347,5.334805650129969,5.595529556274414,14393,0.0,0.0
2008-11-28 00:00:00+08:00,5.334805965423584,5.354861651696934,5.334805965423584,5.334805965423584,37235,0.0,0.0
2008-12-01 00:00:00+08:00,5.013914720159219,5.114193439483643,5.013914720159219,5.114193439483643,26596,0.0,0.0
2008-12-02 00:00:00+08:00,4.813359322076372,5.234527862524071,4.793303335304163,4.913637161254883,20338,0.0,0.0
2008-12-03 00:00:00+08:00,4.813359260559082,5.114194270451591,4.813359260559082,4.813359260559082,6571,0.0,0.0
2008-12-04 00:00:00+08:00,5.013914585113525,5.13424838673306,4.492467413201504,5.013914585113525,35045,0.0,0.0
2008-12-05 00:00:00+08:00,4.713080370255416,4.993859384416734,4.672969296261191,4.973803997039795,10012,0.0,0.0
2008-12-08 00:00:00+08:00,4.873524930293761,4.993858735111236,4.733135142226346,4.893580913543701,4693,0.0,0.0
2008-12-09 00:00:00+08:00,4.75319174348999,5.033971356132004,4.75319174348999,4.973803997039795,4693,0.0,0.0
2008-12-10 00:00:00+08:00,5.094137817503167,5.094137817503167,4.733135757632355,4.973803997039795,11890,0.0,0.0
2008-12-11 00:00:00+08:00,4.95374801118216,5.1543048773550275,4.95374801118216,4.973803997039795,18774,0.0,0.0
2008-12-12 00:00:00+08:00,4.97380317700158,5.2345267608000805,4.853469376377818,5.154304027557373,9700,0.0,0.0
2008-12-15 00:00:00+08:00,5.254583578919565,5.2746386657966395,4.813358800289759,5.054026126861572,10325,0.0,0.0
2008-12-16 00:00:00+08:00,4.993858779405306,4.993858779405306,4.7732471510635355,4.793302536010742,10012,0.0,0.0
2008-12-17 00:00:00+08:00,4.73313574718431,5.094137806258237,4.693024673278626,4.773247718811035,40677,0.0,0.0
2008-12-18 00:00:00+08:00,4.512523132766661,4.713079982436577,4.472411762832677,4.572690486907959,63832,0.0,0.0
2008-12-19 00:00:00+08:00,4.572690915299007,4.873525619506836,4.572690915299007,4.873525619506836,206830,0.0,0.0
2008-12-22 00:00:00+08:00,4.853469593227625,5.033970751088388,4.532578945159912,4.532578945159912,31603,0.0,0.0
2008-12-23 00:00:00+08:00,4.432300347391182,4.532578764426407,4.231743812561035,4.231743812561035,77287,0.0,0.0
2008-12-24 00:00:00+08:00,4.231744405169853,4.512523413707862,4.231744405169853,4.372134208679199,57574,0.0,0.0
2008-12-25 00:00:00+08:00,4.211688655519435,4.552635316049786,4.131465911865234,4.131465911865234,37861,0.0,0.0
2008-12-26 00:00:00+08:00,3.850686634648718,4.071298847678134,3.850686634648718,3.9509644508361816,55384,0.0,0.0
2008-12-29 00:00:00+08:00,3.8105743220880255,4.0111311330971064,3.730351597684393,3.830630302429199,56635,0.0,0.0
2008-12-30 00:00:00+08:00,3.850687470626036,4.071299731549977,3.730352748419338,3.8707425594329834,31603,0.0,0.0
2008-12-31 00:00:00+08:00,4.071299460243507,4.131465919616361,3.9710210304876226,4.091354846954346,18774,0.0,0.0
2009-01-02 00:00:00+08:00,4.091354846954346,4.091354846954346,4.091354846954346,4.091354846954346,0,0.0,0.0
2009-01-05 00:00:00+08:00,4.31196680427908,4.31196680427908,3.9108534113701134,3.9309093952178955,11890,0.0,0.0
2009-01-06 00:00:00+08:00,4.071299076080322,4.071299076080322,3.9509646724875407,4.071299076080322,14393,0.0,0.0
2009-01-07 00:00:00+08:00,4.251799736083085,4.291911107985439,4.031187489860477,4.091354846954346,28787,0.0,0.0
2009-01-08 00:00:00+08:00,4.111409876618459,4.111409876618459,3.950964414620277,4.051242828369141,14393,0.0,0.0
2009-01-09 00:00:00+08:00,4.011131462869595,4.111409876618459,3.8306306173619316,4.051242828369141,8448,0.0,0.0
2009-01-12 00:00:00+08:00,4.011131286621094,4.031186669249346,4.011131286621094,4.011131286621094,16583,0.0,0.0
2009-01-13 00:00:00+08:00,4.031187489860477,4.091354846954346,4.031187489860477,4.091354846954346,4067,0.0,0.0
2009-01-14 00:00:00+08:00,4.031187534332275,4.271855768401434,4.011132147400187,4.031187534332275,39113,0.0,0.0
2009-01-15 00:00:00+08:00,4.031187534332275,4.031187534332275,4.031187534332275,4.031187534332275,0,0.0,0.0
2009-01-16 00:00:00+08:00,4.051243475051992,4.091354846954346,4.031187489860477,4.091354846954346,4693,0.0,0.0
2009-01-19 00:00:00+08:00,4.291910739297101,4.512522966568441,4.211688301624086,4.271855354309082,2503,0.0,0.0
2009-01-20 00:00:00+08:00,4.271855777601095,4.512523413707862,4.271855777601095,4.372134208679199,8761,0.0,0.0
2009-01-21 00:00:00+08:00,4.211688718954232,4.372134208679199,4.1114105871164695,4.372134208679199,5319,0.0,0.0
2009-02-02 00:00:00+08:00,4.552635192871094,4.5726905790016765,4.552635192871094,4.552635192871094,4067,0.0,0.0
2009-02-03 00:00:00+08:00,4.552635192871094,4.552635192871094,4.552635192871094,4.552635192871094,3129,0.0,0.0
2009-02-04 00:00:00+08:00,4.251800060272217,4.2718560469929505,4.251800060272217,4.251800060272217,5632,0.0,0.0
2009-02-05 00:00:00+08:00,4.11141022270247,4.171576976776123,4.11141022270247,4.171576976776123,1877,0.0,0.0
2009-02-06 00:00:00+08:00,4.332022666931152,4.332022666931152,4.332022666931152,4.332022666931152,2190,0.0,0.0
2009-02-09 00:00:00+08:00,4.592746388636548,4.592746388636548,4.131465911865234,4.131465911865234,5945,0.0,0.0
2009-02-10 00:00:00+08:00,4.131465911865234,4.131465911865234,4.131465911865234,4.131465911865234,8761,0.0,0.0
2009-02-11 00:00:00+08:00,4.412245321228825,4.412245321228825,4.311966896057129,4.311966896057129,12516,0.0,0.0
2009-02-12 00:00:00+08:00,4.311966896057129,4.392189336954162,4.111410344954059,4.311966896057129,9074,0.0,0.0
2009-02-13 00:00:00+08:00,4.311966944830123,4.412245371136078,4.21168851852417,4.21168851852417,22529,0.0,0.0
2009-02-16 00:00:00+08:00,4.332022534428981,4.492467403411865,4.332022534428981,4.492467403411865,15645,0.0,0.0
2009-02-17 00:00:00+08:00,4.793302536010742,4.793302536010742,4.51252295738548,4.793302536010742,27222,0.0,0.0
2009-02-18 00:00:00+08:00,4.7933026622808255,5.013914894914813,4.532579060215146,4.933692455291748,20964,0.0,0.0
2009-02-19 00:00:00+08:00,4.93369292304557,4.973803997039795,4.713080370255416,4.973803997039795,7196,0.0,0.0
2009-02-20 00:00:00+08:00,4.993858271010561,5.314749185342882,4.993858271010561,5.194415092468262,17522,0.0,0.0
2009-02-23 00:00:00+08:00,5.555417210762826,5.555417210762826,5.194414942557487,5.374916076660156,25971,0.0,0.0
2009-02-24 00:00:00+08:00,5.3749165884527335,5.3749165884527335,5.013914585113525,5.013914585113525,17835,0.0,0.0
2009-02-25 00:00:00+08:00,4.672968446125693,5.13424825668335,4.672968446125693,5.13424825668335,30038,0.0,0.0
2009-02-26 00:00:00+08:00,4.913636167730329,5.314749538022816,4.793302366110793,5.013914585113525,41616,0.0,0.0
2009-02-27 00:00:00+08:00,4.713079842850792,4.993858825592286,4.693024158477783,4.693024158477783,11890,0.0,0.0
2009-03-02 00:00:00+08:00,4.993859612141908,5.013915598914117,4.713080585176776,4.913637161254883,18461,0.0,0.0
2009-03-03 00:00:00+08:00,4.57269026862992,4.893580913543701,4.57269026862992,4.893580913543701,29100,0.0,0.0
2009-03-04 00:00:00+08:00,5.1944162391233135,5.1944162391233135,4.652913300132596,4.773247718811035,17835,0.0,0.0
2009-03-05 00:00:00+08:00,4.99385929107666,4.99385929107666,4.572690777706732,4.99385929107666,34106,0.0,0.0
2009-03-06 00:00:00+08:00,4.813359102582198,5.013915370274368,4.813359102582198,4.973803997039795,10012,0.0,0.0
2009-03-09 00:00:00+08:00,5.1543048773550275,5.174360563972314,4.813359102582198,4.973803997039795,14080,0.0,0.0
2009-03-10 00:00:00+08:00,5.013914585113525,5.114193301737024,5.013914585113525,5.013914585113525,70090,0.0,0.0
2009-03-11 00:00:00+08:00,5.0139158099811665,5.3548622131347665,5.0139158099811665,5.354862213134766,170220,0.0,0.0
2009-03-12 00:00:00+08:00,5.71586275100708,5.71586275100708,5.71586275100708,5.71586275100708,132046,0.0,0.0
2009-03-13 00:00:00+08:00,6.096920967102051,6.096920967102051,6.096920967102051,6.096920967102051,44745,0.0,0.0
2009-03-16 00:00:00+08:00,6.518090248107909,6.518090248107909,6.2172555529721265,6.51809024810791,165839,0.0,0.0
2009-03-17 00:00:00+08:00,6.5180903026190755,6.5180903026190755,6.076865800105621,6.417811870574951,124849,0.0,0.0
2009-03-18 00:00:00+08:00,6.016697207273889,6.317532456649972,6.016697207273889,6.217254638671875,47561,0.0,0.0
2009-03-19 00:00:00+08:00,5.8763085504936265,6.578257001760358,5.8763085504936265,6.016698360443115,37861,0.0,0.0
2009-03-20 00:00:00+08:00,5.595530041547375,5.976587492786626,5.595530041547375,5.796086311340332,84171,0.0,0.0
2009-03-23 00:00:00+08:00,5.996642155421601,6.197198390960693,5.695806904392063,6.197198390960693,129542,0.0,0.0
2009-03-24 00:00:00+08:00,6.1971991747640685,6.1971991747640685,5.856253112289345,6.157087802886963,32542,0.0,0.0
2009-03-25 00:00:00+08:00,6.137031307024323,6.237309723483017,5.936475072587531,6.217254638671875,14706,0.0,0.0
2009-03-26 00:00:00+08:00,6.016697207273889,6.377699506525189,6.016697207273889,6.217254638671875,26284,0.0,0.0
2009-03-27 00:00:00+08:00,6.217255604967394,6.618368136182509,6.217255604967394,6.417811870574951,54445,0.0,0.0
2009-03-30 00:00:00+08:00,6.417811555921582,6.718646238823898,6.036754131317139,6.036754131317139,49439,0.0,0.0
2009-03-31 00:00:00+08:00,6.036753694601437,6.297476987791235,5.71586275100708,5.71586275100708,11890,0.0,0.0
2009-04-02 00:00:00+08:00,6.4579226822498335,6.4579226822498335,6.016697619594682,6.177143096923828,37861,0.0,0.0
2009-04-03 00:00:00+08:00,6.177143990297549,6.417812241098081,6.036754775811297,6.2774224281311035,25658,0.0,0.0
2009-04-06 00:00:00+08:00,6.277421634323767,6.518089854690753,6.277421634323767,6.397755146026611,46309,0.0,0.0
2009-04-07 00:00:00+08:00,6.397755955050645,6.4980343928841995,6.2774224281311035,6.2774224281311035,9700,0.0,0.0
2009-04-08 00:00:00+08:00,6.27742048701608,6.4579216193016,5.976585865020752,5.976585865020752,10012,0.0,0.0
2009-04-09 00:00:00+08:00,5.976586439171009,6.337588139941711,5.776029606253621,6.217254638671875,66648,0.0,0.0
2009-04-10 00:00:00+08:00,6.237309723483017,6.297476773358233,6.036753489046226,6.217254638671875,39738,0.0,0.0
2009-04-13 00:00:00+08:00,6.417811042453662,6.638422966003418,6.036753648336366,6.638422966003418,79790,0.0,0.0
2009-04-14 00:00:00+08:00,7.099703788757324,7.099703788757324,7.099703788757324,7.099703788757324,59452,0.0,0.0
2009-04-15 00:00:00+08:00,7.581039905548096,7.581039905548096,7.5409285326314865,7.581039905548096,183362,0.0,0.0
2009-04-16 00:00:00+08:00,8.062374291238736,8.102485656738281,7.821706696722044,8.102485656738281,339815,0.0,0.0
2009-04-17 00:00:00+08:00,8.022264229542195,8.56376775179287,7.540928363800049,7.540928363800049,155826,0.0,0.0
2009-04-20 00:00:00+08:00,7.019481182098389,7.520873336334719,7.019481182098389,7.019481182098389,75410,0.0,0.0
2009-04-21 00:00:00+08:00,6.538145691959574,7.50081748700152,6.538145691959574,7.46070671081543,59139,0.0,0.0
2009-04-22 00:00:00+08:00,7.0796474188387695,7.460704781133749,7.0796474188387695,7.2400922775268555,48500,0.0,0.0
2009-04-23 00:00:00+08:00,7.741485118865966,7.741485118865966,7.260149259653993,7.741485118865967,60077,0.0,0.0
2009-04-24 00:00:00+08:00,8.282987594604492,8.282987594604492,7.821707445671492,8.282987594604492,135488,0.0,0.0
2009-04-27 00:00:00+08:00,8.664047038863,8.664047038863,7.72143030166626,7.72143030166626,131733,0.0,0.0
2009-04-28 00:00:00+08:00,7.199982166290283,8.022264080425083,7.199982166290283,7.199982166290283,34732,0.0,0.0
2009-04-29 00:00:00+08:00,7.079647653553852,7.079647653553852,6.698590278625488,6.698590278625488,47248,0.0,0.0
2009-04-30 00:00:00+08:00,6.638424293108725,7.159871578216553,6.618368605278396,7.159871578216553,40990,0.0,0.0
2009-05-04 00:00:00+08:00,6.6785351156983666,7.320316474640187,6.6785351156983666,7.019481182098389,64458,0.0,0.0
2009-05-05 00:00:00+08:00,6.818924903869629,7.09970391114303,6.538145298115545,6.818924903869629,35045,0.0,0.0
2009-05-06 00:00:00+08:00,7.019480090497186,7.199981237952485,6.81892385847189,6.879090309143066,42242,0.0,0.0
2009-05-07 00:00:00+08:00,6.7186464880372725,7.019481182098389,6.417811793976157,7.019481182098389,30351,0.0,0.0
2009-05-08 00:00:00+08:00,7.019481182098389,7.099703926776201,6.538145312512194,7.019481182098389,49751,0.0,0.0
2009-05-11 00:00:00+08:00,6.618367806952242,7.019480916694702,6.538145065307618,6.538145065307617,81355,0.0,0.0
2009-05-12 00:00:00+08:00,6.618367107545458,6.618367107545458,6.096919940440845,6.217254638671875,97626,0.0,0.0
2009-05-13 00:00:00+08:00,6.01669728605265,6.317532539367676,6.01669728605265,6.317532539367676,19713,0.0,0.0
2009-05-14 00:00:00+08:00,6.317531849746196,6.317531849746196,5.9164182224450395,5.976585865020752,23154,0.0,0.0
2009-05-15 00:00:00+08:00,6.237310918935169,6.237310918935169,5.9765875846525445,6.016698360443115,23467,0.0,0.0
2009-05-18 00:00:00+08:00,6.116977029490533,6.217255459183298,5.976587227920663,6.157087802886963,17522,0.0,0.0
2009-05-19 00:00:00+08:00,6.0166978758801,6.0166978758801,5.73591947555542,5.73591947555542,53506,0.0,0.0
2009-05-20 00:00:00+08:00,5.73591947555542,6.0166978758801,5.615584763952182,5.73591947555542,42868,0.0,0.0
2009-05-21 00:00:00+08:00,5.334805228185384,5.77602966674382,5.334805228185384,5.575472831726074,81355,0.0,0.0
2009-05-22 00:00:00+08:00,5.334805650129969,5.595529556274414,5.214471539601763,5.595529556274414,84797,0.0,0.0
2009-05-25 00:00:00+08:00,5.595528517565193,5.976585865020752,5.595528517565193,5.976585865020752,98252,0.0,0.0
2009-05-26 00:00:00+08:00,6.377699506525189,6.377699506525189,6.056808573857367,6.217254638671875,89178,0.0,0.0
2009-05-27 00:00:00+08:00,6.116977172923271,6.417811870574951,6.116977172923271,6.417811870574951,155201,0.0,0.0
2009-06-01 00:00:00+08:00,6.8189242631352815,6.8189242631352815,6.217254932873235,6.477978229522705,82919,0.0,0.0
2009-06-02 00:00:00+08:00,6.116976641406037,6.477978366915977,6.116976641406037,6.177143096923828,80416,0.0,0.0
2009-06-03 00:00:00+08:00,6.177143857528245,6.177143857528245,5.816142087567415,6.016698360443115,50377,0.0,0.0
2009-06-04 00:00:00+08:00,6.116977045044283,6.397755451936613,6.0166980166158615,6.0768656730651855,20651,0.0,0.0
2009-06-05 00:00:00+08:00,6.157087027200964,6.498033046722412,6.157087027200964,6.498033046722412,45684,0.0,0.0
2009-06-08 00:00:00+08:00,6.397755532180637,6.879091403486301,6.397755532180637,6.51809024810791,65084,0.0,0.0
2009-06-09 00:00:00+08:00,6.397755451936613,6.41781173640684,6.0768656730651855,6.0768656730651855,63206,0.0,0.0
2009-06-10 00:00:00+08:00,6.016698489763861,6.297478115697815,5.755975149877344,6.2774224281311035,19087,0.0,0.0
2009-06-11 00:00:00+08:00,6.237311052997682,6.2774224281311035,6.237311052997682,6.2774224281311035,2503,0.0,0.0
2009-06-12 00:00:00+08:00,6.397755955050645,6.578257143151043,6.016698489763861,6.2774224281311035,30664,0.0,0.0
2009-06-15 00:00:00+08:00,5.9364762103812625,6.016698360443115,5.856253461838698,6.016698360443115,31290,0.0,0.0
2009-06-16 00:00:00+08:00,6.016698106690439,6.1570879107190235,5.615584979375168,5.956531047821045,22842,0.0,0.0
2009-06-17 00:00:00+08:00,6.0166978690708515,6.357644522532288,5.776030241578736,6.237310409545898,44119,0.0,0.0
2009-06-18 00:00:00+08:00,6.016696966498716,6.197198108901101,5.836196422576904,5.836196422576904,29413,0.0,0.0
2009-06-19 00:00:00+08:00,5.615584487286116,6.237310109307858,5.435083326495103,6.056808948516846,21903,0.0,0.0
2009-06-22 00:00:00+08:00,5.635640566965263,6.157087802886963,5.635640566965263,6.157087802886963,8761,0.0,0.0
2009-06-23 00:00:00+08:00,5.735919609723532,6.0768656730651855,5.735919609723532,6.0768656730651855,1251,0.0,0.0
2009-06-24 00:00:00+08:00,5.77603046969355,5.996643018881327,5.77603046969355,5.956531047821045,5632,0.0,0.0
2009-06-25 00:00:00+08:00,5.77603005617543,5.996642589569092,5.59552949097035,5.996642589569092,3441,0.0,0.0
2009-06-26 00:00:00+08:00,5.615583600449712,6.016696629270328,5.615583600449712,5.976585865020752,6258,0.0,0.0
2009-06-29 00:00:00+08:00,5.97658733259153,5.97658733259153,5.655696351954763,5.956531047821045,6258,0.0,0.0
2009-06-30 00:00:00+08:00,6.016697847410946,6.277421757942859,5.816141591636289,6.036754131317139,6571,0.0,0.0
2009-07-01 00:00:00+08:00,6.036753650655147,6.036753650655147,5.6556956579108695,5.816141128540039,12516,0.0,0.0
2009-07-02 00:00:00+08:00,5.996642493400476,6.116976600594484,5.836197017141798,6.056808948516846,3129,0.0,0.0
2009-07-03 00:00:00+08:00,5.916419787081788,6.096920967102051,5.916419787081788,6.096920967102051,11264,0.0,0.0
2009-07-06 00:00:00+08:00,5.936475535007184,5.996642589569092,5.916419251672571,5.996642589569092,30038,0.0,0.0
2009-07-07 00:00:00+08:00,5.77603005617543,5.996642589569092,5.77603005617543,5.996642589569092,11577,0.0,0.0
2009-07-08 00:00:00+08:00,5.735918287120598,5.99664154638581,5.595528517565193,5.976585865020752,26909,0.0,0.0
2009-07-09 00:00:00+08:00,5.976586943096707,6.257365934374794,5.77603009326904,6.116976737976074,27848,0.0,0.0
2009-07-10 00:00:00+08:00,5.695807724534359,6.137032224429226,5.695807724534359,5.956531047821045,15019,0.0,0.0
2009-07-13 00:00:00+08:00,5.776030248115615,5.776030248115615,5.635640449472611,5.73591947555542,7196,0.0,0.0
2009-07-14 00:00:00+08:00,5.735919035606205,6.056808782359264,5.615584333232727,5.9364752769470215,6571,0.0,0.0
2009-07-15 00:00:00+08:00,6.056808331477024,6.177142426411947,5.81614074008775,5.836196422576904,54132,0.0,0.0
2009-07-16 00:00:00+08:00,6.177143241350895,6.177143241350895,5.85625287767054,5.876307964324951,48813,0.0,0.0
2009-07-17 00:00:00+08:00,5.916420051930307,6.2774224281311035,5.916420051930307,6.2774224281311035,67900,0.0,0.0
2009-07-20 00:00:00+08:00,6.217254802724849,6.638422966003418,6.157087152781409,6.638422966003418,66335,0.0,0.0
2009-07-21 00:00:00+08:00,6.417811090705224,6.678534383857083,6.277421302903122,6.457922458648682,21277,0.0,0.0
2009-07-22 00:00:00+08:00,6.6183678578635545,6.718646285690719,6.317533172862725,6.437866687774658,35358,0.0,0.0
2009-07-23 00:00:00+08:00,6.518089289567361,6.518089289567361,6.157086990316062,6.217254638671875,33480,0.0,0.0
2009-07-24 00:00:00+08:00,6.357644758179126,6.518090248107909,6.116977121766637,6.51809024810791,93558,0.0,0.0
2009-07-27 00:00:00+08:00,6.518089640444243,6.598312377929688,6.4178112185874365,6.5983123779296875,8135,0.0,0.0
2009-07-28 00:00:00+08:00,6.518089510563869,6.638423015913625,6.417811090705224,6.457922458648682,19713,0.0,0.0
2009-07-29 00:00:00+08:00,6.237310150922258,6.3977550297707655,6.016697619594682,6.177143096923828,24093,0.0,0.0
2009-07-30 00:00:00+08:00,6.177142710612849,6.498033046722412,6.036753525210253,6.498033046722412,26909,0.0,0.0
2009-07-31 00:00:00+08:00,6.498034017729561,6.618368136182509,6.377700497757302,6.417811870574951,20964,0.0,0.0
2009-08-03 00:00:00+08:00,6.437866516087775,6.437866516087775,6.21725517771267,6.397755146026611,3441,0.0,0.0
2009-08-04 00:00:00+08:00,6.417811090705224,6.53814459605498,6.217254849468553,6.457922458648682,23467,0.0,0.0
2009-08-05 00:00:00+08:00,6.457923616231502,6.457923616231502,6.237311052997682,6.2774224281311035,10012,0.0,0.0
2009-08-06 00:00:00+08:00,6.277421780541362,6.437866666042551,6.21725532252883,6.237310409545898,20338,0.0,0.0
2009-08-07 00:00:00+08:00,6.237310409545898,6.237310409545898,6.237310409545898,6.237310409545898,0,0.0,0.0
2009-08-10 00:00:00+08:00,6.277421090066494,6.277421090066494,6.036753489046226,6.217254638671875,7509,0.0,0.0
2009-08-11 00:00:00+08:00,6.217254638671875,6.217254638671875,6.217254638671875,6.217254638671875,0,0.0,0.0
2009-08-12 00:00:00+08:00,6.4178108731086665,6.4178108731086665,6.036753489046226,6.217254638671875,25345,0.0,0.0
2009-08-13 00:00:00+08:00,6.317532539367676,6.317532539367676,6.01669728605265,6.317532539367676,22842,0.0,0.0
2009-08-14 00:00:00+08:00,6.317532930125649,6.317532930125649,6.297477245330811,6.2974772453308105,5632,0.0,0.0
2009-08-17 00:00:00+08:00,6.377699375152588,6.377699375152588,6.2373095950022694,6.377699375152588,16271,0.0,0.0
2009-08-18 00:00:00+08:00,6.29747680797054,6.29747680797054,6.197198390960693,6.197198390960693,938,0.0,0.0
2009-08-19 00:00:00+08:00,6.217254638671875,6.217254638671875,6.217254638671875,6.217254638671875,5632,0.0,0.0
2009-08-20 00:00:00+08:00,6.317532930125649,6.317532930125649,6.297477245330811,6.2974772453308105,2503,0.0,0.0
2009-08-21 00:00:00+08:00,6.317533667477734,6.317533667477734,6.016698360443115,6.016698360443115,23467,0.0,0.0
2009-08-24 00:00:00+08:00,6.217255064736753,6.217255064736753,6.116976641406037,6.177143096923828,22529,0.0,0.0
2009-08-25 00:00:00+08:00,6.297477620469546,6.297477620469546,6.0768656730651855,6.0768656730651855,9387,0.0,0.0
2009-08-26 00:00:00+08:00,6.076864855629704,6.217254638671875,6.076864855629704,6.217254638671875,10638,0.0,0.0
2009-08-27 00:00:00+08:00,5.796086400431774,6.538145627489075,5.796086400431774,6.016698360443115,37548,0.0,0.0
2009-08-28 00:00:00+08:00,5.615584524752455,6.197198781589972,5.615584524752455,6.177143096923828,4693,0.0,0.0
2009-08-31 00:00:00+08:00,6.177143096923828,6.177143096923828,6.177143096923828,6.177143096923828,0,0.0,0.0
2009-09-01 00:00:00+08:00,6.0166978690708515,6.277421780541362,5.896364354565125,6.237310409545898,47248,0.0,0.0
2009-09-02 00:00:00+08:00,6.297477466039093,6.297477466039093,6.0166978690708515,6.237310409545898,11577,0.0,0.0
2009-09-03 00:00:00+08:00,6.377700721903728,6.377700721903728,6.237310912107907,6.357645034790039,28161,0.0,0.0
2009-09-04 00:00:00+08:00,6.277421427987907,6.6584788325631425,6.116976551497646,6.5983123779296875,137052,0.0,0.0
2009-09-07 00:00:00+08:00,6.217255616823676,6.81892501327442,6.217255616823676,6.618368148803711,59452,0.0,0.0
2009-09-08 00:00:00+08:00,6.618368148803711,6.81892501327442,6.417811882813694,6.618368148803711,20338,0.0,0.0
2009-09-09 00:00:00+08:00,6.8189247333692204,6.859036104616859,6.658479248378666,6.778813362121582,31603,0.0,0.0
2009-09-10 00:00:00+08:00,6.81892473767762,7.240093537563266,6.778813366404639,7.199982166290283,105762,0.0,0.0
2009-09-11 00:00:00+08:00,7.581039814999013,7.701374530792236,7.019481199354515,7.701374530792236,147065,0.0,0.0
2009-09-14 00:00:00+08:00,8.122542274566156,8.122542274566156,7.179926872253418,7.179926872253418,71655,0.0,0.0
2009-09-15 00:00:00+08:00,7.0595921518187055,7.681317789133175,7.0595921518187055,7.260149002075195,74471,0.0,0.0
2009-09-16 00:00:00+08:00,7.460705852331684,7.520872907408632,7.15987057694695,7.260149002075195,33167,0.0,0.0
2009-09-17 00:00:00+08:00,7.260149186591527,7.581039556676674,7.179927042930738,7.220038414001465,32542,0.0,0.0
2009-09-18 00:00:00+08:00,7.4205941285887675,7.4205941285887675,7.039536729744622,7.400538444519043,5945,0.0,0.0
2009-09-21 00:00:00+08:00,7.400538788012725,7.801651889544134,7.119759198004286,7.480761528015137,50690,0.0,0.0
2009-09-22 00:00:00+08:00,7.540928327118827,7.681318128500921,7.280205008747042,7.5609846115112305,36297,0.0,0.0
2009-09-23 00:00:00+08:00,7.560983996536953,7.72142887230028,7.099703258085584,7.500816345214844,37548,0.0,0.0
2009-09-24 00:00:00+08:00,7.641206756677466,7.641206756677466,7.280205008747042,7.5609846115112305,22216,0.0,0.0
2009-09-25 00:00:00+08:00,7.039537850927934,8.08243179321289,7.039537850927934,8.08243179321289,89178,0.0,0.0
2009-09-28 00:00:00+08:00,7.5208733548234274,8.122542744424754,7.5208733548234274,7.701374530792236,34732,0.0,0.0
2009-09-29 00:00:00+08:00,7.781595085639312,7.781595085639312,7.621149628704708,7.641205310821533,10325,0.0,0.0
2009-09-30 00:00:00+08:00,7.641205965490146,8.00220827452227,7.641205965490146,7.90192985534668,33793,0.0,0.0
2009-10-01 00:00:00+08:00,8.002207588924392,8.082429718911133,7.560983180834794,7.641205310821533,24406,0.0,0.0
2009-10-02 00:00:00+08:00,7.641207874399278,7.901931829389276,7.540929430172356,7.8016533851623535,27848,0.0,0.0
2009-10-05 00:00:00+08:00,7.621151187436526,7.982152940893458,7.621151187436526,7.701374530792236,32542,0.0,0.0
2009-10-06 00:00:00+08:00,8.022264017366602,8.022264017366602,7.721429333664594,7.942041873931885,69464,0.0,0.0
2009-10-07 00:00:00+08:00,7.72143030166626,7.921987181597638,7.72143030166626,7.72143030166626,34106,0.0,0.0
2009-10-08 00:00:00+08:00,7.721429394358384,7.841762909696663,7.199982166290283,7.199982166290283,65710,0.0,0.0
2009-10-09 00:00:00+08:00,7.199982375323323,7.701374530792236,7.199982375323323,7.701374530792236,132358,0.0,0.0
2009-10-12 00:00:00+08:00,7.96209739722844,7.96209739722844,7.621150751032923,7.6813178062438965,126413,0.0,0.0
2009-10-13 00:00:00+08:00,7.641207874399278,7.8016533851623535,7.300261762508505,7.8016533851623535,32542,0.0,0.0
2009-10-14 00:00:00+08:00,7.801651736613399,7.9219858442581845,7.741484682791007,7.861818790435791,41616,0.0,0.0
2009-10-15 00:00:00+08:00,7.861817869789735,8.182708785931727,7.741483776236487,7.841761589050293,136426,0.0,0.0
2009-10-16 00:00:00+08:00,7.841762205360713,7.921985539181797,7.781595752335972,7.90192985534668,101694,0.0,0.0
2009-10-19 00:00:00+08:00,8.022264349123674,8.44343376159668,7.841763172349528,8.44343376159668,213401,0.0,0.0
2009-10-20 00:00:00+08:00,8.944823439957858,9.025046173689601,8.80443425440791,8.98493480682373,417415,0.0,0.0
2009-10-21 00:00:00+08:00,8.824490349485544,9.606660842895508,8.623934104281245,9.606660842895508,493451,0.0,0.0
2009-10-22 00:00:00+08:00,9.606660842895508,9.606660842895508,9.606660842895508,9.606660842895508,0,0.0,0.0
2009-10-23 00:00:00+08:00,9.606660842895508,9.606660842895508,9.606660842895508,9.606660842895508,0,0.0,0.0
2009-10-26 00:00:00+08:00,9.606660842895508,9.606660842895508,9.606660842895508,9.606660842895508,0,0.0,0.0
2009-10-27 00:00:00+08:00,9.606660842895508,9.606660842895508,9.606660842895508,9.606660842895508,0,0.0,0.0
2009-10-28 00:00:00+08:00,9.606660842895508,9.606660842895508,9.606660842895508,9.606660842895508,0,0.0,0.0
2009-10-29 00:00:00+08:00,9.606660842895508,9.606660842895508,9.606660842895508,9.606660842895508,0,0.0,0.0
2009-10-30 00:00:00+08:00,9.606660842895508,9.606660842895508,9.606660842895508,9.606660842895508,0,0.0,0.0
2009-11-02 00:00:00+08:00,9.606660842895508,9.606660842895508,9.606660842895508,9.606660842895508,0,0.0,0.0
2009-11-03 00:00:00+08:00,9.606660842895508,9.606660842895508,9.606660842895508,9.606660842895508,0,0.0,0.0
2009-11-04 00:00:00+08:00,9.606660842895508,9.606660842895508,9.606660842895508,9.606660842895508,0,0.0,0.0
2009-11-05 00:00:00+08:00,9.606660842895508,9.606660842895508,9.606660842895508,9.606660842895508,0,0.0,0.0
2009-11-06 00:00:00+08:00,13.758182525634766,13.758182525634766,13.758182525634766,13.758182525634766,206204,0.0,0.0
2009-11-09 00:00:00+08:00,12.795510292053223,12.795510292053223,12.795510292053223,12.795510292053223,14080,0.0,0.0
2009-11-10 00:00:00+08:00,11.913062404598412,13.637848903031918,11.913062404598412,12.594954490661621,189307,0.0,0.0
2009-11-11 00:00:00+08:00,12.05345211830415,12.534788574090674,12.05345211830415,12.414454460144043,70090,0.0,0.0
2009-11-12 00:00:00+08:00,12.093562062903592,13.276845581674394,11.812783693780444,12.43450927734375,143936,0.0,0.0
2009-11-13 00:00:00+08:00,11.872951712087113,12.434510918366596,11.852896624629237,12.314175605773926,97939,0.0,0.0
2009-11-16 00:00:00+08:00,12.213897705078127,12.434510847627838,12.053452218482462,12.213897705078125,45997,0.0,0.0
2009-11-17 00:00:00+08:00,12.073508945429252,12.153731691668227,12.073508945429252,12.0935640335083,54758,0.0,0.0
2009-11-18 00:00:00+08:00,12.03339662612448,12.233953475952148,12.03339662612448,12.233953475952148,33167,0.0,0.0
2009-11-19 00:00:00+08:00,12.213897809979304,12.213897809979304,11.692451171026207,12.013340950012207,61955,0.0,0.0
2009-11-20 00:00:00+08:00,11.8328400648072,11.953174177637809,11.592171839145985,11.772673606872559,33167,0.0,0.0
2009-11-23 00:00:00+08:00,11.772672728063782,11.772672728063782,11.130890840875066,11.43172550201416,31603,0.0,0.0
2009-11-24 00:00:00+08:00,12.213896859583292,12.213896859583292,11.552059871671855,11.852895736694336,40677,0.0,0.0
2009-11-25 00:00:00+08:00,11.471838681741692,11.832839815671456,11.471838681741692,11.491893768310547,29726,0.0,0.0
2009-11-26 00:00:00+08:00,11.411670857064717,11.953173746804156,11.411670857064717,11.4517822265625,55697,0.0,0.0
2009-11-27 00:00:00+08:00,11.451782286561658,12.233953397385816,11.451782286561658,11.993285179138184,126413,0.0,0.0
2009-11-30 00:00:00+08:00,12.133672263846485,12.133672263846485,11.592169465470464,11.953171730041504,25032,0.0,0.0
2009-12-01 00:00:00+08:00,11.953173553674349,11.953173553674349,11.712505340576172,11.712505340576172,16583,0.0,0.0
2009-12-02 00:00:00+08:00,11.712506190514175,12.033397164597746,11.331448757270607,11.913063049316406,15645,0.0,0.0
2009-12-03 00:00:00+08:00,11.83284009456723,11.83284009456723,11.231170725862295,11.331448554992676,57574,0.0,0.0
2009-12-04 00:00:00+08:00,11.331449021185303,12.093563905422446,11.271281363662627,11.752617835998535,17522,0.0,0.0
2009-12-07 00:00:00+08:00,11.271280034429742,11.97322837532414,11.271280034429742,11.872950553894043,31916,0.0,0.0
2009-12-08 00:00:00+08:00,11.872950463023832,12.033395933653,11.632282257080078,11.632282257080078,10012,0.0,0.0
2009-12-09 00:00:00+08:00,11.652338805781199,11.832840581387853,11.532005884658599,11.752617835998535,18774,0.0,0.0
2009-12-10 00:00:00+08:00,11.832840854368168,11.832840854368168,11.431727118167998,11.732563018798828,15332,0.0,0.0
2009-12-11 00:00:00+08:00,11.652338012971265,12.534788152213,11.231170423775108,12.233953475952148,54758,0.0,0.0
2009-12-14 00:00:00+08:00,12.033395010594306,12.43450865639857,12.033395010594306,12.374341011047363,50064,0.0,0.0
2009-12-15 00:00:00+08:00,13.196625216548636,13.236735389730331,12.594954664403701,12.775456428527832,69464,0.0,0.0
2009-12-16 00:00:00+08:00,13.076290752607823,13.076290752607823,12.434510044631457,12.695233345031738,44745,0.0,0.0
2009-12-17 00:00:00+08:00,12.434510325779815,13.016123394838106,12.233953475952148,12.233953475952148,28474,0.0,0.0
2009-12-18 00:00:00+08:00,12.113619974151273,12.514732496980896,11.792728998318491,12.153731346130371,15958,0.0,0.0
2009-12-21 00:00:00+08:00,12.153729062073253,12.53478642578168,11.852894427246719,11.93311595916748,34106,0.0,0.0
2009-12-22 00:00:00+08:00,11.973231021612325,12.153732815826206,11.772675334425902,12.133676528930664,32229,0.0,0.0
2009-12-23 00:00:00+08:00,12.13367489161013,12.334231748694872,11.953174318714531,12.113619804382324,37861,0.0,0.0
2009-12-24 00:00:00+08:00,12.053452218482462,12.414454563322707,12.053452218482462,12.213897705078125,46309,0.0,0.0
2009-12-25 00:00:00+08:00,12.213896817482734,12.63506559070895,12.053451342546795,12.615009307861328,77287,0.0,0.0
2009-12-28 00:00:00+08:00,12.534787767354615,12.79551106564489,12.173785448748749,12.615009307861328,61955,0.0,0.0
2009-12-29 00:00:00+08:00,12.715288077580075,12.955956285240822,12.334230680597843,12.915844917297363,68213,0.0,0.0
2009-12-30 00:00:00+08:00,12.915842892168547,13.818347930908205,12.835620168860085,13.818347930908203,166465,0.0,0.0
2009-12-31 00:00:00+08:00,14.038961747678147,14.781021441611825,14.038961747678147,14.27962875366211,330115,0.0,0.0
2010-01-04 00:00:00+08:00,13.296904180006337,14.279631037068423,13.296904180006337,13.517516136169434,91994,0.0,0.0
2010-01-05 00:00:00+08:00,13.437293015518774,14.440076040648197,13.176568519294564,14.339797019958496,138929,0.0,0.0
2010-01-06 00:00:00+08:00,14.279628847364853,14.279628847364853,13.637848165594246,14.219462394714355,51003,0.0,0.0
2010-01-07 00:00:00+08:00,13.67796190222813,14.219464857723338,13.637850527859543,14.03896427154541,121094,0.0,0.0
2010-01-08 00:00:00+08:00,13.698018187893137,14.219464857723338,13.698018187893137,14.03896427154541,42868,0.0,0.0
2010-01-11 00:00:00+08:00,14.03896427154541,14.760967813218546,13.79829602533389,14.03896427154541,58513,0.0,0.0
2010-01-12 00:00:00+08:00,14.038962351811923,14.359853302880943,13.798294138510158,14.339797019958496,43180,0.0,0.0
2010-01-13 00:00:00+08:00,14.239518582481404,14.76096639932567,14.139240754645856,14.700799942016602,48187,0.0,0.0
2010-01-14 00:00:00+08:00,14.700798642578562,15.563191237227054,14.52029689268371,15.222245216369629,107952,0.0,0.0
2010-01-15 00:00:00+08:00,16.24508799339005,16.24508799339005,15.10191438538672,15.643417358398438,112958,0.0,0.0
2010-01-18 00:00:00+08:00,14.841189424924057,15.583249195410595,14.841189424924057,15.242301940917969,52255,0.0,0.0
2010-01-19 00:00:00+08:00,15.242301940917967,15.242301940917967,14.881300796219582,15.242301940917969,76348,0.0,0.0
2010-01-20 00:00:00+08:00,15.242300563310055,16.14480573740975,15.041744921920102,15.80385971069336,86987,0.0,0.0
2010-01-21 00:00:00+08:00,15.543134693864433,15.944247129077826,14.901352882385254,14.901352882385254,52568,0.0,0.0
2010-01-22 00:00:00+08:00,14.079075645913997,14.680745064481373,13.878518774071063,14.03896427154541,50377,0.0,0.0
2010-01-25 00:00:00+08:00,13.337015046806098,13.938684430556819,13.337015046806098,13.537571907043457,15958,0.0,0.0
2010-01-26 00:00:00+08:00,13.637850527859543,14.359855266494105,13.056236197995748,14.03896427154541,53193,0.0,0.0
2010-01-27 00:00:00+08:00,14.159298394651172,14.440078015231279,13.557627779122368,14.03896427154541,73532,0.0,0.0
2010-01-28 00:00:00+08:00,14.841188964560773,14.841188964560773,13.65790534348943,14.52029800415039,12516,0.0,0.0
2010-01-29 00:00:00+08:00,14.520298373183055,14.520298373183055,13.698017061675154,14.44007682800293,35045,0.0,0.0
2010-02-01 00:00:00+08:00,14.03896427154541,14.440078015231279,14.03896427154541,14.03896427154541,23467,0.0,0.0
2010-02-02 00:00:00+08:00,13.758182870773824,14.319742039273073,13.256791354522987,13.83840560913086,41616,0.0,0.0
2010-02-03 00:00:00+08:00,13.938682380404058,13.938682380404058,13.276845437446866,13.437292098999023,10638,0.0,0.0
2010-02-04 00:00:00+08:00,12.895786612860908,14.01890354221831,12.895786612860908,13.818347930908203,5006,0.0,0.0
2010-02-05 00:00:00+08:00,13.958739565009846,13.958739565009846,12.855678720026862,13.196624755859375,17209,0.0,0.0
2010-02-08 00:00:00+08:00,12.314175791536295,13.437294221037778,12.254009331293686,13.03618049621582,23780,0.0,0.0
2010-02-09 00:00:00+08:00,13.63784824739402,13.63784824739402,12.334230593842731,12.675176620483398,25658,0.0,0.0
2010-02-10 00:00:00+08:00,12.454564105606506,13.557624868488684,12.454564105606506,12.755398750305176,39426,0.0,0.0
2010-02-22 00:00:00+08:00,12.976010361393323,13.497458104097475,12.976010361393323,13.417235374450684,14080,0.0,0.0
2010-02-23 00:00:00+08:00,13.838405896709546,13.838405896709546,13.076291063441316,13.37712574005127,16271,0.0,0.0
2010-02-24 00:00:00+08:00,14.299686986280621,14.299686986280621,13.437294270200265,13.978796005249023,29100,0.0,0.0
2010-02-25 00:00:00+08:00,14.440075601852186,14.440075601852186,13.517514145562977,13.718070983886719,25658,0.0,0.0
2010-02-26 00:00:00+08:00,13.858459896185622,13.858459896185622,12.955955937147632,13.136456489562988,12829,0.0,0.0
2010-03-01 00:00:00+08:00,13.136458377002455,13.978796005249023,13.136458377002455,13.978796005249023,14080,0.0,0.0
2010-03-02 00:00:00+08:00,13.91863076557655,14.42002236893433,13.236737371076165,13.958742141723633,33167,0.0,0.0
2010-03-03 00:00:00+08:00,13.377127292400923,14.92141342163086,13.377127292400923,14.92141342163086,112020,0.0,0.0
2010-03-04 00:00:00+08:00,15.96430778503418,15.96430778503418,15.442859920276842,15.96430778503418,552278,0.0,0.0
2010-03-05 00:00:00+08:00,17.047312466527053,17.067367553710938,16.846755609881527,17.067367553710938,1582675,0.0,0.0
2010-03-08 00:00:00+08:00,18.250652313232422,18.250652313232422,17.448424890879178,18.250652313232422,1219705,0.0,0.0
2010-03-09 00:00:00+08:00,19.052877607591533,19.35371227779283,18.290762790558578,18.651763916015625,677440,0.0,0.0
2010-03-10 00:00:00+08:00,18.651762106992734,18.651762106992734,17.34814453125,17.34814453125,541013,0.0,0.0
2010-03-11 00:00:00+08:00,17.34814647297646,17.448424298887716,16.164861663632664,16.60608673095703,404899,0.0,0.0
2010-03-12 00:00:00+08:00,16.606088350417966,16.606088350417966,16.204974613732894,16.22503089904785,209646,0.0,0.0
2010-03-15 00:00:00+08:00,16.22502986316631,16.54592083202719,15.101912669114558,15.142024040222168,199946,0.0,0.0
2010-03-16 00:00:00+08:00,14.84118984745929,15.643416099248181,14.84118984745929,15.402749061584473,113271,0.0,0.0
2010-03-17 00:00:00+08:00,15.52308160920632,15.803861209527028,15.081857719949403,15.482970237731934,97939,0.0,0.0
2010-03-18 00:00:00+08:00,15.523080783322033,16.565975189208984,15.523080783322033,16.565975189208984,107326,0.0,0.0
2010-03-19 00:00:00+08:00,17.36820293578664,17.40831310899654,16.445641421849086,16.646198272705078,271288,0.0,0.0
2010-03-22 00:00:00+08:00,16.646198272705078,16.646198272705078,16.646198272705078,16.646198272705078,0,0.0,0.0
2010-03-23 00:00:00+08:00,16.405528279423184,16.44563844537359,16.104692459106445,16.104692459106445,140807,0.0,0.0
2010-03-24 00:00:00+08:00,16.245083881398156,16.40552934345027,16.044527053833008,16.044527053833008,105762,0.0,0.0
2010-03-25 00:00:00+08:00,16.0445320375504,16.064587128055802,15.041748785203502,15.543140411376953,97939,0.0,0.0
2010-03-26 00:00:00+08:00,15.643414148751864,15.643414148751864,15.202189106953288,15.563191413879395,42242,0.0,0.0
2010-03-29 00:00:00+08:00,15.563190894717831,15.643413626914207,15.262356247462016,15.2824125289917,78539,0.0,0.0
2010-03-30 00:00:00+08:00,15.342578767939086,16.345361709594727,15.342578767939086,16.345361709594727,143936,0.0,0.0
2010-03-31 00:00:00+08:00,16.64619750007158,16.706365151016346,15.763748594225401,15.944249153137207,130794,0.0,0.0
2010-04-01 00:00:00+08:00,16.044527053833008,16.746475351830437,16.044527053833008,16.044527053833008,130794,0.0,0.0
2010-04-02 00:00:00+08:00,15.843971330844258,16.34536283623149,15.843971330844258,15.944249153137207,52255,0.0,0.0
2010-04-06 00:00:00+08:00,16.044528736787683,17.047311782836914,15.84397188818558,17.047311782836914,335121,0.0,0.0
2010-04-07 00:00:00+08:00,16.906921053737886,17.02725516050344,16.2851966308911,16.525863647460938,198382,0.0,0.0
2010-04-08 00:00:00+08:00,16.525865216775216,16.987146601660918,16.345364637966988,16.445642471313477,163962,0.0,0.0
2010-04-09 00:00:00+08:00,16.465696509329447,16.746476080131703,16.445640227220107,16.505807876586914,50690,0.0,0.0
2010-04-12 00:00:00+08:00,16.646197579718283,16.706365230950933,16.245085091666052,16.48575210571289,76036,0.0,0.0
2010-04-13 00:00:00+08:00,16.004418812504017,16.44564272231643,16.004418812504017,16.02447509765625,84797,0.0,0.0
2010-04-14 00:00:00+08:00,16.204974234928255,17.02725677743041,15.70358387123444,16.445642471313477,114210,0.0,0.0
2010-04-15 00:00:00+08:00,17.04731073608209,17.04731073608209,16.445640227220107,16.505807876586914,64145,0.0,0.0
2010-04-16 00:00:00+08:00,16.50580838844419,16.706365230950933,16.184917440433402,16.48575210571289,125475,0.0,0.0
2010-04-19 00:00:00+08:00,16.485752026833865,16.485752026833865,15.342579825457028,15.944249153137207,148942,0.0,0.0
2010-04-20 00:00:00+08:00,16.44563951200214,17.04730999469757,15.543135583400728,16.044527053833008,111081,0.0,0.0
2010-04-21 00:00:00+08:00,16.646196339567283,16.646196339567283,16.044527053833008,16.044527053833008,88552,0.0,0.0
2010-04-22 00:00:00+08:00,15.663472572544396,16.525865294892554,15.663472572544396,15.984363555908203,48500,0.0,0.0
2010-04-23 00:00:00+08:00,16.545919231396848,16.545919231396848,15.743693083812275,15.763748168945312,104823,0.0,0.0
2010-04-26 00:00:00+08:00,16.044527916714774,16.044527916714774,15.763748343023122,15.80385971069336,51629,0.0,0.0
2010-04-27 00:00:00+08:00,15.84397367222922,16.906923294067383,15.763750923755236,16.906923294067383,496580,0.0,0.0
2010-04-28 00:00:00+08:00,16.54591870555443,16.646196521955137,16.04452722962854,16.084638595581055,247821,0.0,0.0
2010-04-29 00:00:00+08:00,16.044527127249946,16.525862318647636,15.843970298767088,15.84397029876709,230298,0.0,0.0
2010-04-30 00:00:00+08:00,16.34536177149365,16.34536177149365,15.843970298767088,15.84397029876709,91681,0.0,0.0
2010-05-03 00:00:00+08:00,16.044531115059513,16.24508799339005,15.442860480067901,15.643417358398438,72594,0.0,0.0
2010-05-04 00:00:00+08:00,16.204975420762477,16.204975420762477,15.543139517713902,15.643417358398438,50377,0.0,0.0
2010-05-05 00:00:00+08:00,14.560409855552244,15.924195285420268,14.560409855552244,14.94146728515625,64771,0.0,0.0
2010-05-06 00:00:00+08:00,14.94146725283977,15.74369467865134,14.94146725283977,15.382692337036133,72281,0.0,0.0
2010-05-07 00:00:00+08:00,14.339797437400199,15.021689531310965,14.339797437400199,14.52029800415039,57887,0.0,0.0
2010-05-10 00:00:00+08:00,14.560409757642487,15.222246782437388,14.359854099065767,15.142024040222168,76348,0.0,0.0
2010-05-11 00:00:00+08:00,15.523081963739129,15.523081963739129,14.56041022332865,14.720855712890625,87926,0.0,0.0
2010-05-12 00:00:00+08:00,14.640634163707219,15.64341735839844,14.640634163707219,15.643417358398438,60077,0.0,0.0
2010-05-13 00:00:00+08:00,15.442858011256027,15.944249528445402,15.282413731202896,15.422802925109863,26284,0.0,0.0
2010-05-14 00:00:00+08:00,15.041745233586852,16.48575210571289,15.041745233586852,16.48575210571289,176791,0.0,0.0
2010-05-17 00:00:00+08:00,17.62892723083496,17.62892723083496,17.62892723083496,17.62892723083496,239685,0.0,0.0
2010-05-18 00:00:00+08:00,18.85232162475586,18.85232162475586,18.85232162475586,18.85232162475586,130168,0.0,0.0
2010-05-19 00:00:00+08:00,20.155941009521484,20.155941009521484,20.155941009521484,20.155941009521484,1783560,0.0,0.0
2010-05-20 00:00:00+08:00,21.559833386456734,21.559833386456734,20.155939096162847,20.45677375793457,1561710,0.0,0.0
2010-05-21 00:00:00+08:00,19.032821655273438,19.032821655273438,19.032821655273438,19.032821655273438,89178,0.0,0.0
2010-05-24 00:00:00+08:00,17.709148406982422,19.43393487424584,17.709148406982422,17.709148406982422,310402,0.0,0.0
2010-05-25 00:00:00+08:00,16.48575210571289,16.606086211216933,16.48575210571289,16.48575210571289,207456,0.0,0.0
2010-05-26 00:00:00+08:00,15.643415926843208,16.48575354178627,15.342581235358022,15.362637519836426,241250,0.0,0.0
2010-05-27 00:00:00+08:00,15.362638946630078,16.425588607788086,15.362638946630078,16.425588607788086,203075,0.0,0.0
2010-05-28 00:00:00+08:00,16.82669696289134,17.147587888463914,15.843970298767088,15.84397029876709,196817,0.0,0.0
2010-05-31 00:00:00+08:00,15.683524764215747,16.385473062213176,15.683524764215747,16.044527053833008,115774,0.0,0.0
2010-06-01 00:00:00+08:00,16.04452923169453,16.345363915396536,15.763749634990702,15.88408374786377,118278,0.0,0.0
2010-06-02 00:00:00+08:00,16.08463841934604,16.245083881398156,15.703581045452843,16.044527053833008,84171,0.0,0.0
2010-06-03 00:00:00+08:00,16.064583872533845,16.34536346143963,15.86402702331543,15.86402702331543,94810,0.0,0.0
2010-06-04 00:00:00+08:00,15.884085612395083,15.884085612395083,15.523083231400117,15.643417358398438,134549,0.0,0.0
2010-06-07 00:00:00+08:00,15.342581404447518,16.02447473588524,15.041746709646855,15.402749061584473,96374,0.0,0.0
2010-06-08 00:00:00+08:00,15.843972510350836,15.843972510350836,15.242301940917967,15.242301940917969,26909,0.0,0.0
2010-06-09 00:00:00+08:00,15.763749799910931,15.763749799910931,14.841189455193584,14.94146728515625,114836,0.0,0.0
2010-06-10 00:00:00+08:00,15.041748244186929,15.041748244186929,14.440078793204048,14.540356636047363,61642,0.0,0.0
2010-06-11 00:00:00+08:00,14.841189424924057,15.242301940917967,14.841189424924057,15.242301940917969,38487,0.0,0.0
2010-06-14 00:00:00+08:00,15.442858828892259,15.583249227193598,14.901355913778916,14.94146728515625,30664,0.0,0.0
2010-06-15 00:00:00+08:00,15.222246710173062,15.242301797150995,14.901355742835541,15.041746139526367,49751,0.0,0.0
2010-06-17 00:00:00+08:00,15.081857652697204,15.322525880470351,15.081857652697204,15.242301940917969,46622,0.0,0.0
2010-06-18 00:00:00+08:00,15.52308335530507,15.723640235236449,15.061804326905113,15.44286060333252,44119,0.0,0.0
2010-06-21 00:00:00+08:00,15.823914796047864,16.00441654904454,15.302468213296022,15.80385971069336,48500,0.0,0.0
2010-06-22 00:00:00+08:00,15.783808162891612,15.98436504619269,14.841191409857297,15.823918342590332,61329,0.0,0.0
2010-06-23 00:00:00+08:00,15.42280148167717,16.846753161469287,15.42280148167717,16.204971313476562,140807,0.0,0.0
2010-06-24 00:00:00+08:00,16.606089200050786,16.606089200050786,16.225031729184273,16.425588607788086,105449,0.0,0.0
2010-06-25 00:00:00+08:00,16.325308551455134,16.54592048949929,15.904138565063478,15.904138565063477,69464,0.0,0.0
2010-06-28 00:00:00+08:00,15.904138565063478,15.904138565063478,15.904138565063478,15.904138565063477,0,0.0,0.0
2010-06-29 00:00:00+08:00,16.40552934345027,16.646196339567283,16.044527053833008,16.044527053833008,46935,0.0,0.0
2010-06-30 00:00:00+08:00,15.061801116368297,15.843970985933035,15.061801116368297,15.563191413879395,55697,0.0,0.0
2010-07-01 00:00:00+08:00,15.442857311570693,15.823914703734308,15.382690858896952,15.563191413879395,25345,0.0,0.0
2010-07-02 00:00:00+08:00,15.583250328499913,16.245087404518898,15.462916205863605,15.96430778503418,60390,0.0,0.0
2010-07-05 00:00:00+08:00,16.24508368574684,16.24508368574684,15.683524575327699,15.703580856323242,59764,0.0,0.0
2010-07-06 00:00:00+08:00,15.70358324624641,16.24508615808116,15.70358324624641,16.124752044677734,41929,0.0,0.0
2010-07-07 00:00:00+08:00,16.00441639535335,17.247867584228516,15.84397092621317,17.247867584228516,108265,0.0,0.0
2010-07-08 00:00:00+08:00,18.451210021972656,18.451210021972656,18.451210021972656,18.451210021972656,119216,0.0,0.0
2010-07-09 00:00:00+08:00,19.554269662925968,19.554269662925968,17.247868865152604,18.772098541259766,601404,0.0,0.0
2010-07-12 00:00:00+08:00,19.45399178191497,20.055662371228653,19.05287925266722,19.65454864501953,599213,0.0,0.0
2010-07-13 00:00:00+08:00,19.05287871636432,19.25343557382358,18.29076385498047,18.29076385498047,337937,0.0,0.0
2010-07-14 00:00:00+08:00,18.05009551904049,18.65176489089064,17.448424950229008,17.50859260559082,166465,0.0,0.0
2010-07-15 00:00:00+08:00,17.287982049990788,17.769317346718505,17.287982049990788,17.388259887695312,64771,0.0,0.0
2010-07-16 00:00:00+08:00,17.388256935846886,17.64898022718714,17.1475887298584,17.1475887298584,60077,0.0,0.0
2010-07-19 00:00:00+08:00,16.947035005361762,17.247869698393938,16.947035005361762,16.987146377563477,45684,0.0,0.0
2010-07-20 00:00:00+08:00,17.28798000115944,17.28798000115944,16.987145326736925,17.047311782836914,47874,0.0,0.0
2010-07-21 00:00:00+08:00,17.047312800633758,17.448425324824793,17.047312800633758,17.287981033325195,90116,0.0,0.0
2010-07-22 00:00:00+08:00,17.247868096072807,17.4283686557314,17.14758907640373,17.227811813354492,51629,0.0,0.0
2010-07-23 00:00:00+08:00,17.247867584228516,17.548702240385744,17.207756216943473,17.247867584228516,118904,0.0,0.0
2010-07-26 00:00:00+08:00,17.267922669390433,17.388256771245565,17.207756216943473,17.247867584228516,40990,0.0,0.0
2010-07-27 00:00:00+08:00,17.16764365231029,17.84953689614068,17.16764365231029,17.548702239990234,110455,0.0,0.0
2010-07-28 00:00:00+08:00,17.528646120934702,17.74925924153042,17.308034197300206,17.448423385620117,79477,0.0,0.0
2010-07-29 00:00:00+08:00,17.267924319330362,18.451207971859404,17.267924319330362,18.250652313232422,126413,0.0,0.0
2010-07-30 00:00:00+08:00,17.648980755204605,18.0500944438525,17.047311419194028,17.709148406982422,110142,0.0,0.0
2010-08-02 00:00:00+08:00,17.468480193793685,18.330874025906024,17.468480193793685,17.709148406982422,45684,0.0,0.0
2010-08-03 00:00:00+08:00,17.749260632684578,17.96987257361023,17.48853612399646,17.769315719604492,79477,0.0,0.0
2010-08-04 00:00:00+08:00,17.7693141615724,17.829480614018003,17.548702239990234,17.548702239990234,56322,0.0,0.0
2010-08-05 00:00:00+08:00,17.648981131681936,17.7693152408432,16.766532194793967,17.047311782836914,115774,0.0,0.0
2010-08-06 00:00:00+08:00,16.846755441269142,17.408313437294872,16.846755441269142,17.02725601196289,40677,0.0,0.0
2010-08-09 00:00:00+08:00,17.02725672887034,17.14759084671977,16.766533405343928,16.88686752319336,45371,0.0,0.0
2010-08-10 00:00:00+08:00,16.74647400059422,17.22780915095153,16.74647400059422,16.766529083251953,45684,0.0,0.0
2010-08-11 00:00:00+08:00,16.766530124185625,17.167642574892547,16.766530124185625,16.86680793762207,36609,0.0,0.0
2010-08-12 00:00:00+08:00,16.706365753829576,16.9871453421269,16.064583837721404,16.60608673095703,27222,0.0,0.0
2010-08-13 00:00:00+08:00,16.846756653184844,17.0072021484375,16.706367443319476,17.0072021484375,48500,0.0,0.0
2010-08-16 00:00:00+08:00,17.047312149705913,17.32809174379141,16.686309814453125,16.686309814453125,60703,0.0,0.0
2010-08-17 00:00:00+08:00,17.007199733474877,17.007199733474877,16.28519630432129,16.28519630432129,44119,0.0,0.0
2010-08-18 00:00:00+08:00,16.44564092879336,16.64619777363647,16.305251735883818,16.365419387817383,70716,0.0,0.0
2010-08-19 00:00:00+08:00,16.646197927889617,16.666254211040414,16.405530908808995,16.565975189208984,14080,0.0,0.0
2010-08-20 00:00:00+08:00,16.646197597460898,16.646197597460898,16.325307846069336,16.325307846069336,31603,0.0,0.0
2010-08-23 00:00:00+08:00,16.36541921461344,16.44564075474039,16.325307846069336,16.325307846069336,42242,0.0,0.0
2010-08-24 00:00:00+08:00,16.5459201191024,16.846754790966553,16.184917794688655,16.265140533447266,38800,0.0,0.0
2010-08-25 00:00:00+08:00,16.164859758725814,16.505806959960868,15.70358085632324,15.703580856323242,69464,0.0,0.0
2010-08-26 00:00:00+08:00,15.703583177034831,16.786587798969794,15.703583177034831,15.88408374786377,75723,0.0,0.0
2010-08-27 00:00:00+08:00,15.84397237690608,16.425586657311914,15.663471806077142,15.88408374786377,36297,0.0,0.0
2010-08-30 00:00:00+08:00,15.88408350312811,16.204973268884157,15.74369430541992,15.743694305419922,17522,0.0,0.0
2010-08-31 00:00:00+08:00,15.663471938001644,15.723638396464262,15.04174628140168,15.242301940917969,49439,0.0,0.0
2010-09-01 00:00:00+08:00,14.861242369679234,16.305250331187118,14.861242369679234,16.044527053833008,54758,0.0,0.0
2010-09-02 00:00:00+08:00,15.663470000762514,16.285195580468205,15.663470000762514,15.683525085449219,39113,0.0,0.0
2010-09-03 00:00:00+08:00,15.683526962198508,16.204973589985354,15.46291501943956,16.124752044677734,19087,0.0,0.0
2010-09-06 00:00:00+08:00,16.124751528988586,16.124751528988586,15.964306049581928,16.004417419433594,39113,0.0,0.0
2010-09-07 00:00:00+08:00,16.084643418181784,16.64620151292581,15.96430928424488,16.184921264648438,48187,0.0,0.0
2010-09-08 00:00:00+08:00,16.04452898448679,16.184918182194977,15.663471564740583,15.743694305419922,59764,0.0,0.0
2010-09-09 00:00:00+08:00,15.74369639604444,16.02447602570719,15.64341735839844,15.643417358398438,20338,0.0,0.0
2010-09-10 00:00:00+08:00,15.081859669818588,15.98436504619269,14.620579436706858,15.823918342590332,35045,0.0,0.0
2010-09-13 00:00:00+08:00,15.884084692474795,16.124752932533237,15.442859585700987,16.02447509765625,33480,0.0,0.0
2010-09-14 00:00:00+08:00,16.024472571425786,16.104694108503747,15.663470268249513,15.663470268249512,10012,0.0,0.0
2010-09-15 00:00:00+08:00,15.442859066865966,16.084641018793143,15.342581235358022,15.362637519836426,31603,0.0,0.0
2010-09-16 00:00:00+08:00,15.402746627286263,15.723636359110582,15.242299965932332,15.2824125289917,26284,0.0,0.0
2010-09-17 00:00:00+08:00,15.282415287435791,15.563193703841842,15.282415287435791,15.342581748962402,9074,0.0,0.0
2010-09-20 00:00:00+08:00,15.803860762448771,15.803860762448771,15.26235786134389,15.743694305419922,37548,0.0,0.0
2010-09-21 00:00:00+08:00,15.723640109730653,15.723640109730653,15.342582639383366,15.643417358398438,29726,0.0,0.0
2010-09-23 00:00:00+08:00,15.362638034112203,15.603305077180048,15.342581748962402,15.342581748962402,31603,0.0,0.0
2010-09-24 00:00:00+08:00,15.362638592424538,15.362638592424538,15.061803879935686,15.162081718444824,16271,0.0,0.0
2010-09-27 00:00:00+08:00,15.422804992460582,15.92419657685902,14.981579871526925,15.061803817749023,27222,0.0,0.0
2010-09-28 00:00:00+08:00,15.422804495638816,16.04453018390032,15.101913508933164,15.342581748962402,29413,0.0,0.0
2010-09-29 00:00:00+08:00,15.342581235358022,15.843972786820451,15.262358491367126,15.362637519836426,13454,0.0,0.0
2010-09-30 00:00:00+08:00,15.202190569622443,15.603304282577689,15.202190569622443,15.242301940917969,15958,0.0,0.0
2010-10-01 00:00:00+08:00,15.823915405428268,15.823915405428268,15.121968239608929,15.723637580871582,33480,0.0,0.0
2010-10-04 00:00:00+08:00,15.543137822198446,15.543137822198446,15.12196902212804,15.382692337036133,14393,0.0,0.0
2010-10-05 00:00:00+08:00,14.700799749503085,15.523081039085858,14.700799749503085,14.961523056030273,13454,0.0,0.0
2010-10-06 00:00:00+08:00,14.961521751869446,15.242300120441797,14.881299018859863,14.881299018859863,15332,0.0,0.0
2010-10-07 00:00:00+08:00,15.162081619218153,15.162081619218153,14.680745124816895,14.680745124816895,10325,0.0,0.0
2010-10-08 00:00:00+08:00,14.540351780401993,14.981575577922875,14.540351780401993,14.600518226623535,14706,0.0,0.0
2010-10-11 00:00:00+08:00,14.740911162139783,14.740911162139783,14.359853744506836,14.359853744506836,18774,0.0,0.0
2010-10-12 00:00:00+08:00,14.44007820173933,14.44007820173933,13.858462667401962,13.938685417175293,95749,0.0,0.0
2010-10-13 00:00:00+08:00,14.239517748731293,14.319741682048308,13.938683085877761,14.199407577514648,24093,0.0,0.0
2010-10-14 00:00:00+08:00,13.216680637054019,14.219463719002551,13.216680637054019,13.998851776123047,16583,0.0,0.0
2010-10-15 00:00:00+08:00,13.657905046308166,14.03896245502345,13.437293114306954,13.83840560913086,55071,0.0,0.0
2010-10-18 00:00:00+08:00,13.838406424931604,13.838406424931604,13.116402934116056,13.49746036529541,29726,0.0,0.0
2010-10-19 00:00:00+08:00,14.018907326587561,14.018907326587561,12.83562363380484,13.03618049621582,43180,0.0,0.0
2010-10-20 00:00:00+08:00,12.635066106985862,13.036179810715478,12.635066106985862,12.875734329223633,72906,0.0,0.0
2010-10-21 00:00:00+08:00,12.835623494693376,13.758183854823873,12.655122918960432,13.537571907043457,53819,0.0,0.0
2010-10-22 00:00:00+08:00,13.637847732776565,13.798293197367544,13.377124451296817,13.437292098999023,39426,0.0,0.0
2010-10-25 00:00:00+08:00,13.838406748898365,13.838406748898365,13.036180496215819,13.03618049621582,15958,0.0,0.0
2010-10-26 00:00:00+08:00,13.036180395386328,13.497460576883082,13.036180395386328,13.096346855163574,26596,0.0,0.0
2010-10-27 00:00:00+08:00,12.635066106985862,13.1164025514614,12.534788279534112,12.875734329223633,53193,0.0,0.0
2010-10-28 00:00:00+08:00,12.795512024690609,13.738128662109375,12.594955165988601,13.738128662109375,39113,0.0,0.0
2010-10-29 00:00:00+08:00,12.955955757288942,13.477402322343845,12.795510292053223,12.795510292053223,48187,0.0,0.0
2010-11-01 00:00:00+08:00,12.534787688469727,12.95595645904541,12.05345126669109,12.95595645904541,93871,0.0,0.0
2010-11-02 00:00:00+08:00,12.113619256421575,12.855678995587306,12.113619256421575,12.735344886779785,55384,0.0,0.0
2010-11-03 00:00:00+08:00,12.735345430668392,12.735345430668392,12.133674860935239,12.414454460144043,19400,0.0,0.0
2010-11-04 00:00:00+08:00,12.675177777245594,12.675177777245594,12.073508404377359,12.274064064025879,21277,0.0,0.0
2010-11-05 00:00:00+08:00,12.073508945429252,12.233954437907204,12.033397572309763,12.0935640335083,36609,0.0,0.0
2010-11-08 00:00:00+08:00,12.093563082592134,12.635065978646187,12.093563082592134,12.233953475952148,4,0.0,0.0
2010-11-09 00:00:00+08:00,12.033397234489595,12.193842722463273,12.013340950012207,12.013340950012207,17209,0.0,0.0
2010-11-10 00:00:00+08:00,12.615010151652172,12.615010151652172,11.652338434606751,12.113619804382324,38174,0.0,0.0
2010-11-11 00:00:00+08:00,11.832839185929755,12.374342054967007,11.832839185929755,11.872950553894043,56010,0.0,0.0
2010-11-12 00:00:00+08:00,11.812783062805773,12.43450861315988,11.812783062805773,11.93311595916748,29726,0.0,0.0
2010-11-15 00:00:00+08:00,11.65233907459739,12.033397722468253,11.451783403458709,11.732563018798828,8761,0.0,0.0
2010-11-16 00:00:00+08:00,10.990502951761393,12.233954308334441,10.990502951761393,11.752617835998535,21903,0.0,0.0
2010-11-17 00:00:00+08:00,12.113619661411953,12.113619661411953,11.772673606872559,11.772673606872559,7196,0.0,0.0
2010-11-18 00:00:00+08:00,11.772674223137276,12.033397549437694,11.692451477050781,11.692451477050781,5632,0.0,0.0
2010-11-19 00:00:00+08:00,11.71250658735386,12.13367540662779,11.692451499274808,12.0935640335083,10325,0.0,0.0
2010-11-22 00:00:00+08:00,12.19384254721622,12.19384254721622,11.772673745818933,12.113619804382324,15332,0.0,0.0
2010-11-23 00:00:00+08:00,12.193841318522693,12.193841318522693,11.832839012145996,11.832839012145996,20025,0.0,0.0
2010-11-24 00:00:00+08:00,11.83283945377758,11.872950822649827,11.431725765055115,11.852895736694336,25971,0.0,0.0
2010-11-25 00:00:00+08:00,12.013338865950468,12.013338865950468,11.652336580636,11.973227500915527,14706,0.0,0.0
2010-11-26 00:00:00+08:00,11.83283814654568,12.013338688049375,11.532003511719147,11.93311595916748,7822,0.0,0.0
2010-11-29 00:00:00+08:00,11.832837641851158,11.953171730041504,11.63228082820058,11.953171730041504,5945,0.0,0.0
2010-11-30 00:00:00+08:00,11.672393542645242,11.89300546472817,11.652337260477038,11.832839012145996,7822,0.0,0.0
2010-12-01 00:00:00+08:00,11.692450002082271,11.692450002082271,11.552059615660049,11.572115898132324,12516,0.0,0.0
2010-12-02 00:00:00+08:00,11.612227171732044,12.013339651343742,11.612227171732044,11.632282257080078,28787,0.0,0.0
2010-12-03 00:00:00+08:00,11.632283446993283,12.033397164597746,11.431726588191049,11.913063049316406,42555,0.0,0.0
2010-12-06 00:00:00+08:00,11.91306192185833,11.91306192185833,11.672393714072609,11.872950553894043,7509,0.0,0.0
2010-12-07 00:00:00+08:00,11.872951146262347,12.695233632075134,11.852896059760228,12.233953475952148,45997,0.0,0.0
2010-12-08 00:00:00+08:00,12.093564136270334,12.514732959123041,12.033397674560547,12.033397674560547,58200,0.0,0.0
2010-12-09 00:00:00+08:00,12.033395768161828,12.49467589139625,12.033395768161828,12.334230422973633,51003,0.0,0.0
2010-12-10 00:00:00+08:00,12.173787117004395,12.434511647984756,12.113620654139032,12.173787117004395,35984,0.0,0.0
2010-12-13 00:00:00+08:00,12.334231204547264,12.635065878421823,12.233953378909504,12.294119834899902,52255,0.0,0.0
2010-12-14 00:00:00+08:00,12.27406337921323,12.394397486465285,12.153730468922442,12.254008293151855,31916,0.0,0.0
2010-12-15 00:00:00+08:00,12.394398207339625,12.394398207339625,12.053452148776234,12.113619804382324,21590,0.0,0.0
2010-12-16 00:00:00+08:00,12.274064562721458,12.955957902900316,12.173786728822906,12.534789085388184,117339,0.0,0.0
2010-12-17 00:00:00+08:00,12.233953887704764,12.695234059352849,12.233953887704764,12.414454460144043,30038,0.0,0.0
2010-12-20 00:00:00+08:00,12.314175605773926,12.434510918366596,12.233954058981066,12.314175605773926,11264,0.0,0.0
2010-12-21 00:00:00+08:00,12.33423178737815,12.534788645091888,12.33423178737815,12.514732360839844,28161,0.0,0.0
2010-12-22 00:00:00+08:00,12.534788645091888,12.695234131262879,12.374343158920897,12.514732360839844,20,0.0,0.0
2010-12-23 00:00:00+08:00,12.534788745620974,12.695234233078738,12.45456600189209,12.45456600189209,20338,0.0,0.0
2010-12-24 00:00:00+08:00,12.514730813549512,12.615008631527608,12.43450927734375,12.43450927734375,27535,0.0,0.0
2010-12-27 00:00:00+08:00,12.594955546335038,12.594955546335038,12.414454966533091,12.534789085388184,13767,0.0,0.0
2010-12-28 00:00:00+08:00,12.434511927823392,12.755401731929316,12.434511927823392,12.554844856262207,10638,0.0,0.0
2010-12-29 00:00:00+08:00,12.494677712436486,12.635066919286736,12.454566339484789,12.534789085388184,24093,0.0,0.0
2010-12-30 00:00:00+08:00,12.534789085388184,12.635066919286736,12.454566339484789,12.534789085388184,10638,0.0,0.0
2010-12-31 00:00:00+08:00,12.534789484037592,12.85568047785661,12.514733198443192,12.715290069580078,12829,0.0,0.0
2011-01-03 00:00:00+08:00,12.635067427095946,13.597739219665527,12.55484467796836,13.597739219665527,120781,0.0,0.0
2011-01-04 00:00:00+08:00,14.540356636047363,14.540356636047363,14.540356636047363,14.540356636047363,213401,0.0,0.0
2011-01-05 00:00:00+08:00,15.543140411376951,15.543140411376951,14.640635005480128,15.543140411376953,463725,0.0,0.0
2011-01-06 00:00:00+08:00,15.442857957268064,15.442857957268064,14.460131209432344,14.580465316772461,230924,0.0,0.0
2011-01-07 00:00:00+08:00,15.382694199502804,15.382694199502804,13.958742141723633,13.958742141723633,78539,0.0,0.0
2011-01-10 00:00:00+08:00,14.07907380966755,14.239518089254716,13.738127770482757,14.139240264892578,43493,0.0,0.0
2011-01-11 00:00:00+08:00,13.858460695239483,14.440076146808629,13.83840560913086,13.83840560913086,65710,0.0,0.0
2011-01-12 00:00:00+08:00,13.838404388316873,14.23951684775493,13.73812657269765,13.85845947265625,67274,0.0,0.0
2011-01-13 00:00:00+08:00,14.239519946426919,14.239519946426919,13.738129562261722,14.03896427154541,56322,0.0,0.0
2011-01-14 00:00:00+08:00,13.79829602533389,14.139242108986164,13.79829602533389,14.03896427154541,15019,0.0,0.0
2011-01-17 00:00:00+08:00,14.038961269471244,14.038961269471244,13.056233406066895,13.056233406066895,124849,0.0,0.0
2011-01-18 00:00:00+08:00,13.05623592095502,13.116403579711914,12.835623965089678,13.116403579711914,26909,0.0,0.0
2011-01-19 00:00:00+08:00,13.136458227335524,13.136458227335524,12.775457074749328,13.096346855163574,26284,0.0,0.0
2011-01-20 00:00:00+08:00,12.83562253825621,13.036179383549221,12.6350656929632,12.695233345031738,25345,0.0,0.0
2011-01-21 00:00:00+08:00,12.835623330380304,13.13645801840458,12.655122756958008,12.655122756958008,11264,0.0,0.0
2011-01-24 00:00:00+08:00,12.835623260476583,12.835623260476583,12.394398176005604,12.414454460144043,34106,0.0,0.0
2011-01-25 00:00:00+08:00,12.65512056311035,12.65512056311035,12.374341011047363,12.374341011047363,10325,0.0,0.0
2011-01-26 00:00:00+08:00,12.03339567764714,12.715287716352895,12.03339567764714,12.394396781921387,25032,0.0,0.0
2011-01-27 00:00:00+08:00,12.334232613927258,12.334232613927258,12.173787117004395,12.173787117004395,20964,0.0,0.0
2011-01-28 00:00:00+08:00,12.17378790576025,12.574901674056099,12.133676528930664,12.133676528930664,14393,0.0,0.0
2011-02-08 00:00:00+08:00,12.133674356310461,12.334231204547264,12.033396530672702,12.294119834899902,26284,0.0,0.0
2011-02-09 00:00:00+08:00,12.2941199324198,12.434510325779815,12.233953475952148,12.233953475952148,16271,0.0,0.0
2011-02-10 00:00:00+08:00,12.394398176005604,12.434510744282482,12.394398176005604,12.414454460144043,11577,0.0,0.0
2011-02-11 00:00:00+08:00,12.434510325779815,12.494676782247467,12.233953475952148,12.233953475952148,38174,0.0,0.0
2011-02-14 00:00:00+08:00,12.434509451945088,12.59495372357071,12.294119068451002,12.474620819091797,52568,0.0,0.0
2011-02-15 00:00:00+08:00,12.594953546716466,12.594953546716466,12.43450927734375,12.43450927734375,5006,0.0,0.0
2011-02-16 00:00:00+08:00,12.474620806324028,12.474620806324028,12.294119055867977,12.334230422973633,18461,0.0,0.0
2011-02-17 00:00:00+08:00,12.354286874668851,12.514732360839842,12.274064131583357,12.514732360839844,15019,0.0,0.0
2011-02-18 00:00:00+08:00,12.474620979137988,12.675176620483398,12.153730037847373,12.675176620483398,9074,0.0,0.0
2011-02-21 00:00:00+08:00,13.357069420378242,13.357069420378242,12.635064826817503,12.795510292053223,10638,0.0,0.0
2011-02-22 00:00:00+08:00,13.136456569113122,13.136456569113122,12.23395260460986,12.635065078735352,35045,0.0,0.0
2011-02-23 00:00:00+08:00,12.274063476043741,12.514731692446494,12.193841934204102,12.193841934204102,29100,0.0,0.0
2011-02-24 00:00:00+08:00,12.23395455095088,12.57490062713623,12.23395455095088,12.57490062713623,64145,0.0,0.0
2011-02-25 00:00:00+08:00,12.31417560188587,12.45456600189209,12.31417560188587,12.45456600189209,1564,0.0,0.0
2011-03-01 00:00:00+08:00,12.49467639862063,12.815567348492511,12.49467639862063,12.615009307861328,8761,0.0,0.0
2011-03-02 00:00:00+08:00,12.635066011136944,12.935900688171387,12.434510357754847,12.935900688171387,21903,0.0,0.0
2011-03-03 00:00:00+08:00,12.935900688171387,13.056234798377423,12.655122294651932,12.935900688171387,19400,0.0,0.0
2011-03-04 00:00:00+08:00,12.996069291961033,13.156514783966701,12.996069291961033,13.076292037963867,29100,0.0,0.0
2011-03-07 00:00:00+08:00,13.236737486007147,13.236737486007147,12.795513541519703,12.976014137268066,18148,0.0,0.0
2011-03-08 00:00:00+08:00,12.97601171780466,13.477403232028113,12.97601171780466,12.996068000793457,11890,0.0,0.0
2011-03-09 00:00:00+08:00,13.4774020915338,13.4774020915338,13.016121985361448,13.397180557250977,44119,0.0,0.0
2011-03-10 00:00:00+08:00,13.41723564158139,13.41723564158139,13.07628963227502,13.397180557250977,22842,0.0,0.0
2011-03-11 00:00:00+08:00,13.13645846385276,13.236736297607422,13.036180630098096,13.236736297607422,27535,0.0,0.0
2011-03-14 00:00:00+08:00,12.835622181410448,12.915844917297363,12.514731237862787,12.915844917297363,9387,0.0,0.0
2011-03-15 00:00:00+08:00,12.534789244333904,12.996069440646936,12.033397674560547,12.033397674560547,17835,0.0,0.0
2011-03-16 00:00:00+08:00,11.732562972088814,12.033397674560547,11.572117478247515,12.033397674560547,22529,0.0,0.0
2011-03-17 00:00:00+08:00,11.69245175978563,12.07350921443013,11.291338019653832,11.53200626373291,5945,0.0,0.0
2011-03-18 00:00:00+08:00,11.933118206025368,12.013340950012207,11.933118206025368,12.013340950012207,5632,0.0,0.0
2011-03-21 00:00:00+08:00,12.013339329736638,12.43450927734375,12.013339329736638,12.43450927734375,20651,0.0,0.0
2011-03-22 00:00:00+08:00,12.795513541519703,12.976014137268068,12.735347075257412,12.976014137268066,16583,0.0,0.0
2011-03-23 00:00:00+08:00,13.296902669935275,13.296902669935275,12.97601171780466,12.996068000793457,12829,0.0,0.0
2011-03-24 00:00:00+08:00,12.996067741250261,13.41723650902994,12.996067741250261,13.156513214111328,20338,0.0,0.0
2011-03-25 00:00:00+08:00,13.236736161665428,13.236736161665428,12.996069123733623,13.03618049621582,34106,0.0,0.0
2011-03-28 00:00:00+08:00,13.036180496215819,13.036180496215819,13.036180496215819,13.03618049621582,3441,0.0,0.0
2011-03-29 00:00:00+08:00,13.036180496215819,13.036180496215819,12.635066771393861,13.03618049621582,47561,0.0,0.0
2011-03-30 00:00:00+08:00,13.136458438801585,13.437294333414647,12.835623741149902,12.835623741149902,30351,0.0,0.0
2011-03-31 00:00:00+08:00,12.735345801080037,13.036180496215819,12.735345801080037,13.03618049621582,9700,0.0,0.0
2011-04-01 00:00:00+08:00,13.036180630098096,13.236736297607422,13.036180630098096,13.236736297607422,4067,0.0,0.0
2011-04-06 00:00:00+08:00,13.577684130864347,13.637850594229318,13.43729491837179,13.597739219665527,22842,0.0,0.0
2011-04-07 00:00:00+08:00,12.875734866740848,13.597738366633985,12.875734866740848,13.537571907043457,17835,0.0,0.0
2011-04-08 00:00:00+08:00,13.156514471073152,13.537571907043457,13.036180354930735,13.537571907043457,20338,0.0,0.0
2011-04-11 00:00:00+08:00,14.279630146758695,14.480187002112327,14.119185859437119,14.44007682800293,170220,0.0,0.0
2011-04-12 00:00:00+08:00,14.39996467176457,14.39996467176457,13.838405507393785,14.339797019958496,98565,0.0,0.0
2011-04-13 00:00:00+08:00,14.23951877568797,14.600521115324508,14.119185859437119,14.44007682800293,28161,0.0,0.0
2011-04-14 00:00:00+08:00,14.620576694537888,14.620576694537888,14.139240264892578,14.139240264892578,23154,0.0,0.0
2011-04-15 00:00:00+08:00,14.440077613180978,14.440077613180978,14.379909954822613,14.3999662399292,8135,0.0,0.0
2011-04-18 00:00:00+08:00,14.399966640862692,14.399966640862692,14.03896427154541,14.03896427154541,35671,0.0,0.0
2011-04-19 00:00:00+08:00,14.03896245502345,14.440076146808629,13.63784876323827,13.83840560913086,40051,0.0,0.0
2011-04-20 00:00:00+08:00,14.440074829802388,14.64063046044204,14.139238989920585,14.50024127960205,44745,0.0,0.0
2011-04-21 00:00:00+08:00,14.640631333137348,14.88129954060402,14.259573936462402,14.259573936462402,31916,0.0,0.0
2011-04-22 00:00:00+08:00,14.25957366856395,14.379907770036537,14.25957366856395,14.27962875366211,17835,0.0,0.0
2011-04-25 00:00:00+08:00,14.139240682625294,14.460131645202638,13.938683831014453,14.460131645202637,52881,0.0,0.0
2011-04-26 00:00:00+08:00,14.540353764701795,15.262357202696457,14.540353764701795,14.841188430786133,61016,0.0,0.0
2011-04-27 00:00:00+08:00,15.262357672621471,15.86402702331543,15.242301389218984,15.86402702331543,191498,0.0,0.0
2011-04-28 00:00:00+08:00,16.96708869934082,16.96708869934082,16.245085255975177,16.96708869934082,574494,0.0,0.0
2011-04-29 00:00:00+08:00,16.96708849900099,18.150372072345395,16.96708849900099,17.82948112487793,752850,0.0,0.0
2011-05-03 00:00:00+08:00,17.22781388914275,17.829483291807684,16.646199574651334,17.267925262451172,395199,0.0,0.0
2011-05-04 00:00:00+08:00,17.267925930007056,17.468482804302436,17.267925930007056,17.42837142944336,142371,0.0,0.0
2011-05-05 00:00:00+08:00,17.42836863750485,17.989927795572914,17.42836863750485,17.82948112487793,181798,0.0,0.0
2011-05-06 00:00:00+08:00,17.829481696943187,17.829481696943187,16.947033957016505,17.047311782836914,83232,0.0,0.0
2011-05-09 00:00:00+08:00,17.44842463358107,17.648981486211927,16.98714566797206,17.127534866333008,262527,0.0,0.0
2011-05-10 00:00:00+08:00,17.12753278288322,17.187699232872976,17.0673651359323,17.087421417236328,53506,0.0,0.0
2011-05-11 00:00:00+08:00,17.147592427776882,17.147592427776882,16.947036743164062,16.947036743164062,36922,0.0,0.0
2011-05-12 00:00:00+08:00,16.96709013639863,17.04731288100734,16.345364464161822,16.545921325683594,28787,0.0,0.0
2011-05-13 00:00:00+08:00,17.047312800633758,17.689093557516234,16.7063667361349,17.287981033325195,163023,0.0,0.0
2011-05-16 00:00:00+08:00,17.18770163555803,17.749260833115414,17.18770163555803,17.50859260559082,104197,0.0,0.0
2011-05-17 00:00:00+08:00,17.809426688848053,18.73198699951172,17.809426688848053,18.73198699951172,353895,0.0,0.0
2011-05-18 00:00:00+08:00,20.035606384277344,20.035606384277344,20.035606384277344,20.035606384277344,176478,0.0,0.0
2011-05-19 00:00:00+08:00,21.359277725219727,21.359277725219727,21.359277725219727,21.359277725219727,269411,0.0,0.0
2011-05-20 00:00:00+08:00,22.7631778717041,22.7631778717041,22.7631778717041,22.7631778717041,175227,0.0,0.0
2011-05-23 00:00:00+08:00,24.267351166264213,24.267351166264213,22.7631776448062,23.164291381835938,806670,0.0,0.0
2011-05-24 00:00:00+08:00,21.559837341308597,21.86067205826426,21.559837341308597,21.559837341308594,200572,0.0,0.0
2011-05-25 00:00:00+08:00,20.155941009521484,21.559835433083947,20.155941009521484,20.155941009521484,167404,0.0,0.0
2011-05-26 00:00:00+08:00,20.45677751044547,21.559837341308597,20.45677751044547,21.559837341308594,94184,0.0,0.0
2011-05-27 00:00:00+08:00,23.06401252746582,23.06401252746582,22.061229374097742,23.06401252746582,275356,0.0,0.0
2011-05-30 00:00:00+08:00,24.668460845947266,24.668460845947266,24.467905207380202,24.668460845947266,290376,0.0,0.0
2011-05-31 00:00:00+08:00,26.37319599626446,26.37319599626446,23.064011917114257,25.069578170776367,504716,0.0,0.0
2011-06-01 00:00:00+08:00,23.465125027590215,26.774309019439773,23.465125027590215,26.573753356933594,271288,0.0,0.0
2011-06-02 00:00:00+08:00,26.373193928785277,27.877369698076084,25.97208023071289,25.97208023071289,256269,0.0,0.0
2011-06-03 00:00:00+08:00,25.972078481439222,25.972078481439222,24.568184223624943,24.668460845947266,180546,0.0,0.0
2011-06-07 00:00:00+08:00,25.169855266809222,25.370410919189453,24.16707221706291,25.370410919189453,90116,0.0,0.0
2011-06-08 00:00:00+08:00,25.47068977355957,27.075142163737265,25.37041075107266,25.47068977355957,144562,0.0,0.0
2011-06-09 00:00:00+08:00,26.6740284677122,26.6740284677122,25.47068977355957,25.47068977355957,52881,0.0,0.0
2011-06-10 00:00:00+08:00,25.570968926563083,26.573751974782763,25.570968926563083,25.97208023071289,99503,0.0,0.0
2011-06-13 00:00:00+08:00,25.972080513362098,25.972080513362098,24.167072443276666,24.36762809753418,112958,0.0,0.0
2011-06-14 00:00:00+08:00,23.164289762208934,24.56818654669238,23.164289762208934,23.565401077270508,127039,0.0,0.0
2011-06-15 00:00:00+08:00,23.866233825683594,23.966510439299874,23.064006553220096,23.866233825683594,55384,0.0,0.0
2011-06-16 00:00:00+08:00,23.665680102997225,23.665680102997225,23.064010736482217,23.565401077270508,42868,0.0,0.0
2011-06-17 00:00:00+08:00,23.36484541973972,24.367628495238947,23.264566394013002,23.565401077270508,21277,0.0,0.0
2011-06-20 00:00:00+08:00,23.565399344660356,23.565399344660356,21.96094702061104,22.86345100402832,109516,0.0,0.0
2011-06-21 00:00:00+08:00,22.863449035090643,22.863449035090643,21.359275858930456,21.96094512939453,138304,0.0,0.0
2011-06-22 00:00:00+08:00,21.860671691402615,22.462343509139714,21.058446590957942,21.760395050048828,41929,0.0,0.0
2011-06-23 00:00:00+08:00,23.26456825254691,23.26456825254691,22.061229423385903,22.7631778717041,123910,0.0,0.0
2011-06-24 00:00:00+08:00,22.763176195077968,22.763176195077968,21.660114086978076,22.061227798461914,36297,0.0,0.0
2011-06-27 00:00:00+08:00,22.061224139112632,22.061224139112632,21.359275858930456,21.96094512939453,16583,0.0,0.0
2011-06-28 00:00:00+08:00,22.06122790918598,22.662897282470155,21.96094888233106,22.562618255615234,21903,0.0,0.0
2011-06-29 00:00:00+08:00,23.665680369251337,23.665680369251337,22.362062595828068,22.562618255615234,28474,0.0,0.0
2011-06-30 00:00:00+08:00,22.061227798461914,22.462341509945755,21.860669745758663,22.061227798461914,56635,0.0,0.0
2011-07-01 00:00:00+08:00,21.660114086978076,22.061227798461914,21.459558428197486,22.061227798461914,34106,0.0,0.0
2011-07-04 00:00:00+08:00,23.064010880210184,23.064010880210184,21.660114086978076,22.061227798461914,12516,0.0,0.0
2011-07-05 00:00:00+08:00,21.459558627685126,22.061228003542663,21.05844491247254,21.660114288330078,26284,0.0,0.0
2011-07-06 00:00:00+08:00,21.058443242734178,21.960947234960326,20.657329559326172,20.657329559326172,16271,0.0,0.0
2011-07-07 00:00:00+08:00,21.259000464023302,21.259000464023302,20.45677543163757,21.158723831176758,6883,0.0,0.0
2011-07-08 00:00:00+08:00,21.86067005060425,21.86067005060425,20.456775631717587,20.757610321044922,21277,0.0,0.0
2011-07-11 00:00:00+08:00,21.05844341172017,21.05844341172017,20.256216038466587,20.557050704956055,8448,0.0,0.0
2011-07-12 00:00:00+08:00,20.256217782143633,20.55705247452927,20.256217782143633,20.356496810913086,10638,0.0,0.0
2011-07-13 00:00:00+08:00,20.657331260368643,21.158724004396813,20.45677559911099,21.05844497680664,13454,0.0,0.0
2011-07-14 00:00:00+08:00,21.058446646053888,21.760395106981306,21.058446646053888,21.45956039428711,15645,0.0,0.0
2011-07-15 00:00:00+08:00,21.559833341118093,22.86345100402832,21.559833341118093,22.86345100402832,36609,0.0,0.0
2011-07-18 00:00:00+08:00,24.066793419186606,24.36762809753418,23.866237764929096,24.36762809753418,201823,0.0,0.0
2011-07-19 00:00:00+08:00,23.565401163042754,23.565401163042754,22.66289710998535,22.66289710998535,149568,0.0,0.0
2011-07-20 00:00:00+08:00,22.462342894058636,23.465126037597656,22.261784828997147,23.465126037597656,39738,0.0,0.0
2011-07-21 00:00:00+08:00,23.465122720228972,23.465122720228972,22.562616342889225,22.86345100402832,34419,0.0,0.0
2011-07-22 00:00:00+08:00,22.261781681750133,23.465122720228972,22.261781681750133,22.86345100402832,29413,0.0,0.0
2011-07-25 00:00:00+08:00,23.36484370187512,23.36484370187512,22.46233971845784,22.86345100402832,31916,0.0,0.0
2011-07-26 00:00:00+08:00,22.96373133596377,24.36762809753418,22.76317568170626,24.36762809753418,109829,0.0,0.0
2011-07-27 00:00:00+08:00,23.4651225526648,23.8662362292934,22.863450840760674,22.963729858398438,97313,0.0,0.0
2011-07-28 00:00:00+08:00,23.26456633044764,23.765959063788628,22.46234130859375,22.46234130859375,82607,0.0,0.0
2011-07-29 00:00:00+08:00,22.86345451151896,23.86624006105025,22.7631778717041,22.7631778717041,49751,0.0,0.0
2011-08-01 00:00:00+08:00,23.565399344660356,23.565399344660356,22.763174379596936,22.86345100402832,19400,0.0,0.0
2011-08-02 00:00:00+08:00,23.364843531784,23.364843531784,22.86345083758723,23.264564514160156,16271,0.0,0.0
2011-08-03 00:00:00+08:00,23.66568018913446,23.66568018913446,22.46234145172459,22.66289710998535,28474,0.0,0.0
2011-08-04 00:00:00+08:00,23.064012817138327,23.064012817138327,22.06122965117579,22.362064361572266,30351,0.0,0.0
2011-08-05 00:00:00+08:00,21.058443400889274,22.06122641997924,20.857885360717773,20.857885360717773,66648,0.0,0.0
2011-08-08 00:00:00+08:00,20.657328491987478,21.359276803202064,19.754823349431415,19.814990997314453,20025,0.0,0.0
2011-08-09 00:00:00+08:00,19.814995386604043,19.814995386604043,18.471266114403694,19.494104385375977,23780,0.0,0.0
2011-08-10 00:00:00+08:00,20.657329576452316,20.857885221361347,20.055660247802734,20.055660247802734,15645,0.0,0.0
2011-08-11 00:00:00+08:00,20.557052334012074,20.557052334012074,19.55427043190155,20.155941009521484,31290,0.0,0.0
2011-08-12 00:00:00+08:00,20.25621589271176,20.657329576452316,20.055660247802734,20.055660247802734,15019,0.0,0.0
2011-08-15 00:00:00+08:00,20.055662456311676,20.15594148677006,18.952601499999087,19.052879333496094,136739,0.0,0.0
2011-08-16 00:00:00+08:00,19.052878861536772,19.052878861536772,18.45120828457459,18.49131965637207,84797,0.0,0.0
2011-08-17 00:00:00+08:00,19.433935031399763,19.433935031399763,18.350929260253906,18.350929260253906,93871,0.0,0.0
2011-08-18 00:00:00+08:00,18.752041755184162,19.052877622583445,18.350929260253906,18.350929260253906,46309,0.0,0.0
2011-08-19 00:00:00+08:00,18.250652342860885,18.35093017233717,17.949817657470703,17.949817657470703,98878,0.0,0.0
2011-08-22 00:00:00+08:00,17.849538679440354,19.193267822265625,17.849538679440354,19.193267822265625,72281,0.0,0.0
2011-08-23 00:00:00+08:00,19.213324310272338,19.253435681989536,18.19048492996446,18.932544708251953,92307,0.0,0.0
2011-08-24 00:00:00+08:00,18.651766964138993,18.651766964138993,17.94981968460889,18.150375366210938,69777,0.0,0.0
2011-08-25 00:00:00+08:00,19.293546765330316,19.293546765330316,18.21054094211476,18.250652313232422,25032,0.0,0.0
2011-08-26 00:00:00+08:00,17.949815010258217,18.050092824945676,17.34814453125,17.34814453125,63832,0.0,0.0
2011-08-29 00:00:00+08:00,17.3481455649575,17.608868856249284,17.3481455649575,17.448423385620117,7822,0.0,0.0
2011-08-30 00:00:00+08:00,17.84953848855689,17.949817514194073,17.147590096941908,17.468481063842773,43180,0.0,0.0
2011-08-31 00:00:00+08:00,17.648980393461247,18.050094073887692,17.548702571835257,17.789369583129883,37861,0.0,0.0
2011-09-01 00:00:00+08:00,17.789369756444497,18.370984000248654,17.68909193384154,17.82948112487793,20964,0.0,0.0
2011-09-02 00:00:00+08:00,18.330875366143506,19.052878861536772,18.090207135358632,18.49131965637207,50690,0.0,0.0
2011-09-05 00:00:00+08:00,18.250653875421534,19.253437042236328,18.090208377217337,19.253437042236328,21903,0.0,0.0
2011-09-06 00:00:00+08:00,19.253434963359698,19.253434963359698,18.95260028518997,19.21332359313965,20651,0.0,0.0
2011-09-07 00:00:00+08:00,19.25343539421265,19.25343539421265,17.869593689133968,18.250652313232422,63832,0.0,0.0
2011-09-08 00:00:00+08:00,18.25065056746875,18.93254261428138,18.25065056746875,18.75204086303711,15645,0.0,0.0
2011-09-09 00:00:00+08:00,18.65176445342732,18.671820737064632,18.29076331756878,18.471263885498047,2816,0.0,0.0
2011-09-13 00:00:00+08:00,18.651763230502674,18.85232006891951,18.35092857135803,18.6317081451416,11577,0.0,0.0
2011-09-14 00:00:00+08:00,18.651762866936366,18.69187423383787,18.37098329862584,18.411094665527344,12829,0.0,0.0
2011-09-15 00:00:00+08:00,18.511374686978957,19.694658279418945,18.25065138643477,19.694658279418945,251888,0.0,0.0
2011-09-16 00:00:00+08:00,20.55705223277847,21.05844497680664,20.256217543930646,21.05844497680664,683072,0.0,0.0
2011-09-19 00:00:00+08:00,20.055661471444548,20.657330836803357,19.594381305479775,19.89521598815918,184927,0.0,0.0
2011-09-20 00:00:00+08:00,19.554268925667248,20.55705075053508,18.852320570994635,19.35371208190918,104197,0.0,0.0
2011-09-21 00:00:00+08:00,19.253436066502253,19.253436066502253,18.651765478728244,18.711933135986328,46309,0.0,0.0
2011-09-22 00:00:00+08:00,18.451208663353537,19.97543962598683,18.451208663353537,19.65454864501953,65397,0.0,0.0
2011-09-23 00:00:00+08:00,19.153155432004876,19.433935016108013,18.4712633532871,18.651763916015625,46622,0.0,0.0
2011-09-26 00:00:00+08:00,18.651767887711156,19.213327175495504,18.050098419189453,18.050098419189453,44119,0.0,0.0
2011-09-27 00:00:00+08:00,18.411096947431055,18.81221066616083,18.17042991315454,18.19048500061035,31290,0.0,0.0
2011-09-28 00:00:00+08:00,18.25065112104817,18.651763609061657,16.926977157592773,16.926977157592773,311027,0.0,0.0
2011-09-29 00:00:00+08:00,15.743693582359167,16.926977157592773,15.743693582359167,16.926977157592773,169907,0.0,0.0
2011-09-30 00:00:00+08:00,16.746477468809246,16.746477468809246,16.646198443869483,16.686309814453125,42555,0.0,0.0
2011-10-03 00:00:00+08:00,16.445641086057257,16.70636558532715,16.445641086057257,16.70636558532715,95436,0.0,0.0
2011-10-04 00:00:00+08:00,16.666254215974956,16.846754779579182,16.626142846622763,16.70636558532715,100755,0.0,0.0
2011-10-05 00:00:00+08:00,16.846755123561067,16.846755123561067,16.525864162191482,16.646198272705078,98878,0.0,0.0
2011-10-06 00:00:00+08:00,17.588813434587703,17.809425354003906,16.68630827803593,17.809425354003906,90116,0.0,0.0
2011-10-07 00:00:00+08:00,19.052879333496094,19.052879333496094,19.052879333496094,19.052879333496094,32229,0.0,0.0
2011-10-11 00:00:00+08:00,20.356496810913086,20.356496810913086,20.356496810913086,20.356496810913086,15332,0.0,0.0
2011-10-12 00:00:00+08:00,21.760395050048828,21.760395050048828,21.760395050048828,21.760395050048828,35671,0.0,0.0
2011-10-13 00:00:00+08:00,23.264564514160156,23.264564514160156,23.264564514160156,23.264564514160156,14080,0.0,0.0
2011-10-14 00:00:00+08:00,24.8690185546875,24.8690185546875,24.8690185546875,24.8690185546875,203075,0.0,0.0
2011-10-17 00:00:00+08:00,26.57375335693359,26.57375335693359,26.57375335693359,26.573753356933594,111707,0.0,0.0
2011-10-18 00:00:00+08:00,28.378761150137084,28.378761150137084,26.07236028720011,28.178205490112305,964061,0.0,0.0
2011-10-19 00:00:00+08:00,27.275695504643405,29.281261420982545,26.272912546473833,28.37875747680664,358276,0.0,0.0
2011-10-20 00:00:00+08:00,26.674031808795185,28.077928723768167,26.674031808795185,27.977649688720703,186491,0.0,0.0
2011-10-21 00:00:00+08:00,28.479040162989815,29.8829345703125,27.375978048593794,29.8829345703125,215904,0.0,0.0
2011-10-24 00:00:00+08:00,31.888498306274414,31.888498306274414,31.888498306274414,31.888498306274414,206204,0.0,0.0
2011-10-25 00:00:00+08:00,34.09462576201468,34.09462576201468,33.09184265136719,33.09184265136719,1411203,0.0,0.0
2011-10-26 00:00:00+08:00,32.08905552527679,35.09740448077149,32.08905552527679,34.49573516845703,174601,0.0,0.0
2011-10-27 00:00:00+08:00,35.699082545079854,36.90242385864258,35.498526856447576,36.90242385864258,339815,0.0,0.0
2011-10-28 00:00:00+08:00,37.704642032210394,37.704642032210394,34.39545822143555,34.39545822143555,341692,0.0,0.0
2011-10-31 00:00:00+08:00,33.29239577125925,36.300744873261806,33.0918401220281,35.799354553222656,166152,0.0,0.0
2011-11-01 00:00:00+08:00,35.19768525713463,35.69907557782233,34.59601591474037,34.8968505859375,75723,0.0,0.0
2011-11-02 00:00:00+08:00,34.19490380712826,37.00269499977947,34.19490380712826,36.200469970703125,202449,0.0,0.0
2011-11-03 00:00:00+08:00,36.200466481416186,36.40102212087347,35.39823913574219,35.39823913574219,138304,0.0,0.0
2011-11-04 00:00:00+08:00,36.10018881849003,37.8049201965332,35.799354151061536,37.8049201965332,270350,0.0,0.0
2011-11-07 00:00:00+08:00,37.905207089650006,40.111329240297145,36.90242385864258,36.90242385864258,279737,0.0,0.0
2011-11-08 00:00:00+08:00,37.50408591941189,37.804920589971196,36.30074484325214,36.401023864746094,204640,0.0,0.0
2011-11-09 00:00:00+08:00,36.902418719940684,37.10297438064537,35.69907757394452,35.99991226196289,191185,0.0,0.0
2011-11-10 00:00:00+08:00,37.20325728443843,37.20325728443843,35.197690892726214,36.300750732421875,172097,0.0,0.0
2011-11-11 00:00:00+08:00,36.30074480005275,38.105755215183066,36.30074480005275,37.30352783203125,199633,0.0,0.0
2011-11-14 00:00:00+08:00,37.7046424411691,39.9107666015625,37.7046424411691,39.9107666015625,457467,0.0,0.0
2011-11-15 00:00:00+08:00,40.512427474676024,42.6182746887207,40.11131622753843,42.6182746887207,369854,0.0,0.0
2011-11-16 00:00:00+08:00,45.5263557434082,45.5263557434082,45.5263557434082,45.5263557434082,109829,0.0,0.0
2011-11-17 00:00:00+08:00,48.634979248046875,48.634979248046875,47.331359125136935,48.634979248046875,276295,0.0,0.0
2011-11-18 00:00:00+08:00,48.53469911567879,48.53469911567879,45.3257942199707,45.3257942199707,442448,0.0,0.0
2011-11-21 00:00:00+08:00,44.92468390820694,45.325795233699466,42.217166900634766,42.217166900634766,226856,0.0,0.0
2011-11-22 00:00:00+08:00,41.214384335466505,43.721343173382174,39.30909485259537,39.9107666015625,282240,0.0,0.0
2011-11-23 00:00:00+08:00,39.9107652874869,40.31187897561731,37.203250885009766,37.203250885009766,325421,0.0,0.0
2011-11-24 00:00:00+08:00,34.69629023508087,39.710205078125,34.69629023508087,39.710205078125,484690,0.0,0.0
2011-11-25 00:00:00+08:00,39.10853577574418,40.51243001665863,38.50686647336337,39.710205078125,164275,0.0,0.0
2011-11-28 00:00:00+08:00,41.41494278805963,41.51521941893251,39.10853958129883,39.10853958129883,72594,0.0,0.0
2011-11-29 00:00:00+08:00,40.11131874435301,40.31187677442821,39.30909141189699,39.710205078125,35045,0.0,0.0
2011-11-30 00:00:00+08:00,39.20881476732532,39.710205054368586,37.704639118350755,38.206031799316406,70090,0.0,0.0
2011-12-01 00:00:00+08:00,40.01104551432409,40.813270568847656,38.907985765113835,40.813270568847656,112020,0.0,0.0
2011-12-02 00:00:00+08:00,38.20603349845892,41.31465916179125,38.20603349845892,39.81048583984375,33793,0.0,0.0
2011-12-05 00:00:00+08:00,39.81048219535801,42.51799392700195,39.108533911402155,42.51799392700195,133297,0.0,0.0
2011-12-06 00:00:00+08:00,42.11688932426261,45.426075639985065,41.71577800774109,45.3257942199707,306021,0.0,0.0
2011-12-07 00:00:00+08:00,45.125236284749434,45.927463707717116,43.32022817395615,44.12245559692383,94810,0.0,0.0
2011-12-08 00:00:00+08:00,42.91911770505346,43.72134514388393,42.217166900634766,42.217166900634766,106387,0.0,0.0
2011-12-09 00:00:00+08:00,41.7157748413285,44.7241214565063,41.7157748413285,42.71855545043945,72281,0.0,0.0
2011-12-12 00:00:00+08:00,39.81048583984375,41.11410591076158,39.81048583984375,39.81048583984375,128604,0.0,0.0
2011-12-13 00:00:00+08:00,37.20325457463499,38.90798612281375,37.20325457463499,38.10575866699219,67587,0.0,0.0
2011-12-14 00:00:00+08:00,37.2032525706989,37.90520095825195,37.102973545641994,37.90520095825195,946538,0.0,0.0
2011-12-15 00:00:00+08:00,38.50687239490297,38.707428061896984,37.504089272087384,38.10575866699219,19087,0.0,0.0
2011-12-16 00:00:00+08:00,37.80492233296411,38.10575701739337,36.902418279676326,37.10297393798828,34732,0.0,0.0
2011-12-19 00:00:00+08:00,37.50409386087825,37.704649552411134,34.59602316707464,36.100196838378906,88239,0.0,0.0
2011-12-20 00:00:00+08:00,36.10018923933196,36.401023910267476,34.796571533970564,35.49851989746094,15019,0.0,0.0
2011-12-21 00:00:00+08:00,36.10018922403066,36.501302916415504,35.498519882414655,35.799354553222656,49126,0.0,0.0
2011-12-22 00:00:00+08:00,36.10019094434758,36.200469970703125,35.79935625920362,36.200469970703125,64771,0.0,0.0
2011-12-23 00:00:00+08:00,36.80213940174195,36.80213940174195,34.7965732348564,35.59880065917969,75410,0.0,0.0
2011-12-26 00:00:00+08:00,34.79657301600765,38.00547790527344,34.09462462262026,38.00547790527344,336060,0.0,0.0
2011-12-27 00:00:00+08:00,39.50965825967583,40.61272048950195,39.50965825967583,40.61272048950195,158955,0.0,0.0
2011-12-28 00:00:00+08:00,39.71021118471257,40.11132491262335,38.10575866699219,38.10575866699219,98878,0.0,0.0
2011-12-29 00:00:00+08:00,38.1057548639617,38.1057548639617,36.90241619424771,37.8049201965332,51942,0.0,0.0
2011-12-30 00:00:00+08:00,37.804925628310016,38.506874084472656,37.20325620700571,38.506874084472656,31916,0.0,0.0
2012-01-02 00:00:00+08:00,38.30631051093986,38.30631051093986,37.8049201965332,37.8049201965332,3441,0.0,0.0
2012-01-03 00:00:00+08:00,38.90798223971938,38.90798223971938,37.8049201965332,37.8049201965332,9700,0.0,0.0
2012-01-04 00:00:00+08:00,37.80492242277849,38.10575710792245,36.200469970703125,36.200469970703125,29413,0.0,0.0
2012-01-05 00:00:00+08:00,36.501304597562964,37.704643336217366,36.501304597562964,36.80213928222656,24719,0.0,0.0
2012-01-06 00:00:00+08:00,35.6990772041116,37.10297399626845,35.6990772041116,36.501304626464844,18461,0.0,0.0
2012-01-09 00:00:00+08:00,37.10296807886955,37.50408172607422,36.10018515781902,37.50408172607422,22216,0.0,0.0
2012-01-10 00:00:00+08:00,37.10297388156812,38.70742632739194,37.10297388156812,37.70464324951172,26284,0.0,0.0
2012-01-11 00:00:00+08:00,37.704643336217366,37.905201388608205,36.80213928222656,36.80213928222656,20964,0.0,0.0
2012-01-12 00:00:00+08:00,36.902412452228354,37.70463735271541,36.701854431664884,37.50408172607422,53819,0.0,0.0
2012-01-13 00:00:00+08:00,37.10297393798828,38.90798443848651,37.10297393798828,37.10297393798828,62268,0.0,0.0
2012-01-16 00:00:00+08:00,37.10297186449653,38.30631053496525,36.60158154977541,37.203250885009766,34106,0.0,0.0
2012-01-17 00:00:00+08:00,38.10575850533444,39.509655350105,37.203254416805976,39.30909729003906,86361,0.0,0.0
2012-01-18 00:00:00+08:00,39.30909141189699,41.11410410688423,39.00825676070658,39.710205078125,75097,0.0,0.0
2012-01-30 00:00:00+08:00,41.11410591076158,41.11410591076158,39.81048583984375,39.81048583984375,64145,0.0,0.0
2012-01-31 00:00:00+08:00,39.20882053570906,40.81327064786242,39.20882053570906,40.21160125732422,64458,0.0,0.0
2012-02-01 00:00:00+08:00,40.512434994387256,43.01939392089844,40.31188172751503,43.01939392089844,270663,0.0,0.0
2012-02-02 00:00:00+08:00,42.517997375260066,45.12523270201885,40.71298940777589,44.824398040771484,191498,0.0,0.0
2012-02-03 00:00:00+08:00,44.924687772197,45.52635720610832,43.119674682617195,43.11967468261719,62268,0.0,0.0
2012-02-06 00:00:00+08:00,41.314662520737286,42.71855933130894,41.314662520737286,42.11688995361328,38487,0.0,0.0
2012-02-07 00:00:00+08:00,41.21438595276251,42.9191174548992,41.21438595276251,41.515220642089844,40677,0.0,0.0
2012-02-08 00:00:00+08:00,41.11410555299861,42.51799744937002,40.91354751586914,40.91354751586914,66648,0.0,0.0
2012-02-09 00:00:00+08:00,41.11410935241914,42.01661342113616,40.913551296755784,41.214385986328125,28787,0.0,0.0
2012-02-10 00:00:00+08:00,41.114110130977004,41.114110130977004,40.21160125732422,40.21160125732422,54132,0.0,0.0
2012-02-13 00:00:00+08:00,40.11131982787966,41.71577453613281,40.11131982787966,41.71577453613281,73219,0.0,0.0
2012-02-14 00:00:00+08:00,41.91633224487305,42.91911774121745,41.11410959321203,41.91633224487305,76036,0.0,0.0
2012-02-15 00:00:00+08:00,42.91911318082264,42.91911318082264,40.91354718908182,41.114105224609375,37548,0.0,0.0
2012-02-16 00:00:00+08:00,41.91633271198064,42.01661413543985,40.71299393323392,40.813270568847656,51003,0.0,0.0
2012-02-17 00:00:00+08:00,41.916332104850724,41.916332104850724,39.710210244461685,40.31188201904297,88239,0.0,0.0
2012-02-20 00:00:00+08:00,41.6154941387159,41.6154941387159,40.11132080547196,40.51243209838867,34419,0.0,0.0
2012-02-21 00:00:00+08:00,40.51243356268443,40.71299161031433,39.810487577747544,39.9107666015625,24093,0.0,0.0
2012-02-22 00:00:00+08:00,39.9107666015625,40.913549657944245,39.40937387641033,39.9107666015625,48187,0.0,0.0
2012-02-23 00:00:00+08:00,39.91076522636678,39.91076522636678,38.70742416381836,38.70742416381836,50064,0.0,0.0
2012-02-24 00:00:00+08:00,38.70742632739194,38.70742632739194,37.3035295395751,37.70464324951172,71029,0.0,0.0
2012-02-29 00:00:00+08:00,38.00548373700464,38.00548373700464,36.90242385864258,36.90242385864258,45371,0.0,0.0
2012-03-01 00:00:00+08:00,36.902417770125375,39.40937423706055,36.802138745392725,39.40937423706055,67587,0.0,0.0
2012-03-02 00:00:00+08:00,39.710210244461685,41.11410945586955,39.710210244461685,40.31188201904297,66023,0.0,0.0
2012-03-05 00:00:00+08:00,39.309093162729766,39.309093162729766,38.30631014945684,38.907981872558594,30038,0.0,0.0
2012-03-06 00:00:00+08:00,38.30631217078006,39.40937426176271,38.206035539907184,39.10853958129883,35045,0.0,0.0
2012-03-07 00:00:00+08:00,37.10296807886955,39.20881293125234,36.50129880502369,37.50408172607422,88552,0.0,0.0
2012-03-08 00:00:00+08:00,37.1029755441766,38.707428061896984,37.1029755441766,38.10575866699219,61955,0.0,0.0
2012-03-09 00:00:00+08:00,37.80492022024413,38.1057548878613,37.10297186449653,37.203250885009766,123597,0.0,0.0
2012-03-12 00:00:00+08:00,37.203252993085584,37.303529625358344,36.10019088670394,36.80213928222656,57574,0.0,0.0
2012-03-13 00:00:00+08:00,37.00268939395925,37.80491669542272,36.80213376555454,37.6043586730957,31603,0.0,0.0
2012-03-14 00:00:00+08:00,37.6043586730957,37.90519570658623,37.10296840512276,37.6043586730957,23780,0.0,0.0
2012-03-15 00:00:00+08:00,37.80491669542272,37.90519570658623,37.10296840512276,37.6043586730957,30977,0.0,0.0
2012-03-16 00:00:00+08:00,37.60436388308125,37.90520095825195,37.50408725194698,37.90520095825195,35984,0.0,0.0
2012-03-19 00:00:00+08:00,38.1057548639617,38.1057548639617,37.8049201965332,37.8049201965332,35358,0.0,0.0
2012-03-20 00:00:00+08:00,37.40380822689007,37.90520095825195,37.40380822689007,37.90520095825195,7196,0.0,0.0
2012-03-21 00:00:00+08:00,37.504087591504735,37.70464324951172,36.50130451362452,37.70464324951172,41303,0.0,0.0
2012-03-22 00:00:00+08:00,37.80492054498177,37.80492054498177,37.30352783203125,37.30352783203125,9074,0.0,0.0
2012-03-23 00:00:00+08:00,37.30352403352748,37.6043586730957,37.10296840512276,37.6043586730957,6883,0.0,0.0
2012-03-26 00:00:00+08:00,37.60436042550063,40.011040048122666,37.60436042550063,38.60714340209961,29413,0.0,0.0
2012-03-27 00:00:00+08:00,38.707428061896984,38.707428061896984,37.7046449390814,38.10575866699219,7509,0.0,0.0
2012-03-28 00:00:00+08:00,39.00825922578696,39.00825922578696,37.30352783203125,37.30352783203125,21590,0.0,0.0
2012-03-29 00:00:00+08:00,37.10297186449653,37.80492022024413,36.70185817636612,37.203250885009766,30664,0.0,0.0
2012-03-30 00:00:00+08:00,38.00548166224538,38.40659541153573,38.00548166224538,38.30631637573242,94497,0.0,0.0
2012-04-02 00:00:00+08:00,38.907980449609475,39.10853608736031,38.40658776434878,38.60714340209961,45058,0.0,0.0
2012-04-03 00:00:00+08:00,38.60714782073722,39.20881959069664,35.99991226196289,35.99991226196289,127352,0.0,0.0
2012-04-05 00:00:00+08:00,34.09462917094094,35.799360868880285,33.492959723179524,33.894073486328125,158330,0.0,0.0
2012-04-06 00:00:00+08:00,34.99713455014041,36.20047588110687,34.696299815879556,36.100196838378906,43493,0.0,0.0
2012-04-09 00:00:00+08:00,35.09741359286838,37.00270104116146,35.09741359286838,36.100196838378906,5632,0.0,0.0
2012-04-10 00:00:00+08:00,36.100196838378906,37.10298008388943,35.89964114684602,36.100196838378906,10951,0.0,0.0
2012-04-11 00:00:00+08:00,36.501308807946856,36.501308807946856,35.6990812936928,36.300750732421875,9700,0.0,0.0
2012-04-12 00:00:00+08:00,36.90242256507389,37.10297824667594,36.300750732421875,36.300750732421875,8135,0.0,0.0
2012-04-13 00:00:00+08:00,37.00269920891345,37.00269920891345,35.097411854963724,36.300750732421875,10638,0.0,0.0
2012-04-16 00:00:00+08:00,36.60158362375838,37.303529625358344,34.59601746338594,36.80213928222656,5006,0.0,0.0
2012-04-17 00:00:00+08:00,36.802139371111956,37.20325308293975,35.097407891285805,35.899635314941406,27535,0.0,0.0
2012-04-18 00:00:00+08:00,37.20325308293975,37.20325308293975,35.49852160311361,35.899635314941406,16583,0.0,0.0
2012-04-19 00:00:00+08:00,35.4985273698572,36.100196838378906,35.09741359286838,36.100196838378906,10951,0.0,0.0
2012-04-20 00:00:00+08:00,36.10018925489482,36.10018925489482,35.09740622003663,35.19768524169922,21277,0.0,0.0
2012-04-23 00:00:00+08:00,34.49573726287804,36.3007453094131,34.09462356567383,34.09462356567383,25971,0.0,0.0
2012-04-24 00:00:00+08:00,35.19768201007508,35.19768201007508,32.89127908712999,33.59322738647461,19713,0.0,0.0
2012-04-25 00:00:00+08:00,34.295184855553764,34.295184855553764,33.894073486328125,33.894073486328125,10638,0.0,0.0
2012-04-26 00:00:00+08:00,33.9943428007118,34.2951774597168,33.9943428007118,34.2951774597168,5632,0.0,0.0
2012-04-27 00:00:00+08:00,34.69630076682475,34.69630076682475,32.59045517535938,33.79379653930664,22529,0.0,0.0
2012-04-30 00:00:00+08:00,34.69630076682475,34.69630076682475,33.79379653930664,33.79379653930664,12516,0.0,0.0
2012-05-02 00:00:00+08:00,34.395459989232386,34.395459989232386,34.19490432739258,34.19490432739258,1877,0.0,0.0
2012-05-03 00:00:00+08:00,34.696298926608236,34.696298926608236,33.6935157067992,33.99435043334961,18461,0.0,0.0
2012-05-04 00:00:00+08:00,33.99434454289213,34.09462356567383,33.99434454289213,34.09462356567383,7822,0.0,0.0
2012-05-07 00:00:00+08:00,34.59601851429979,34.59601851429979,33.09184265136719,33.09184265136719,49439,0.0,0.0
2012-05-08 00:00:00+08:00,33.5932288049369,35.39823913574219,32.28961116365847,35.39823913574219,133923,0.0,0.0
2012-05-09 00:00:00+08:00,36.10018881849003,37.8049201965332,36.10018881849003,37.8049201965332,44119,0.0,0.0
2012-05-10 00:00:00+08:00,40.41215931678545,40.41215931678545,39.108541505978444,40.21160125732422,335434,0.0,0.0
2012-05-11 00:00:00+08:00,40.211599383179674,40.211599383179674,37.40380822689007,37.90520095825195,148942,0.0,0.0
2012-05-14 00:00:00+08:00,37.10297717214737,39.10854350577696,37.10297717214737,38.506874084472656,34419,0.0,0.0
2012-05-15 00:00:00+08:00,38.707423799474775,40.41215515993026,38.406589135149986,40.11132049560547,98565,0.0,0.0
2012-05-16 00:00:00+08:00,37.30352910459291,40.11132264748598,37.30352910459291,39.10853958129883,71968,0.0,0.0
2012-05-17 00:00:00+08:00,39.71020894222659,39.8104879670221,39.10853958129883,39.10853958129883,20964,0.0,0.0
2012-05-18 00:00:00+08:00,39.509655391038905,39.71021105738988,38.90798599806323,39.008262634277344,18148,0.0,0.0
2012-05-21 00:00:00+08:00,37.70464477912532,39.40937632007203,37.70464477912532,39.30909729003906,18774,0.0,0.0
2012-05-22 00:00:00+08:00,39.309097171516925,41.114110130977004,39.309097171516925,40.21160125732422,81981,0.0,0.0
2012-05-23 00:00:00+08:00,40.21159537006244,40.61271143025867,39.71020508266194,40.01103973388672,36922,0.0,0.0
2012-05-24 00:00:00+08:00,39.710210701361085,39.710210701361085,39.20882034301758,39.20882034301758,29726,0.0,0.0
2012-05-25 00:00:00+08:00,39.10853968324427,39.40937436449234,37.70464290813815,37.90520095825195,30977,0.0,0.0
2012-05-28 00:00:00+08:00,39.108537785335166,40.51243209838867,39.108537785335166,40.51243209838867,281927,0.0,0.0
2012-05-29 00:00:00+08:00,41.11410912779765,43.320228576660156,41.11410912779765,43.320228576660156,581378,0.0,0.0
2012-05-30 00:00:00+08:00,43.320228391377945,46.328580045644166,42.116889644809596,45.12523651123047,858299,0.0,0.0
2012-05-31 00:00:00+08:00,45.4260714866714,46.72968673706055,42.01660885050765,46.72968673706055,630504,0.0,0.0
2012-06-01 00:00:00+08:00,46.12802586590787,46.12802586590787,43.520790100097656,43.520790100097656,528184,0.0,0.0
2012-06-04 00:00:00+08:00,40.612713173323804,41.91632845529971,40.512431760048365,41.013824462890625,259085,0.0,0.0
2012-06-05 00:00:00+08:00,41.31465813622421,43.821616802468995,41.013823479302424,43.72134017944336,200259,0.0,0.0
2012-06-06 00:00:00+08:00,44.122458748195484,46.72969446816793,44.122458748195484,46.12802505493164,426177,0.0,0.0
2012-06-07 00:00:00+08:00,47.231084105570424,47.73247684592235,45.12523651123047,45.12523651123047,283805,0.0,0.0
2012-06-08 00:00:00+08:00,44.12245930235158,45.92746756473043,43.42051324070838,44.72412872314453,186804,0.0,0.0
2012-06-11 00:00:00+08:00,45.52634483858961,46.93024139895396,42.31744046683304,43.92189025878906,296008,0.0,0.0
2012-06-12 00:00:00+08:00,42.518001276128594,44.0221795082131,42.11688995361328,42.11688995361328,165839,0.0,0.0
2012-06-13 00:00:00+08:00,42.116889702241984,42.91911713032995,41.114109008016044,41.41494369506836,135488,0.0,0.0
2012-06-14 00:00:00+08:00,41.41493908806813,41.41493908806813,38.60714340209961,38.60714340209961,439006,0.0,0.0
2012-06-15 00:00:00+08:00,38.60714727277044,39.20881903419009,37.504087563666815,38.00547790527344,154575,0.0,0.0
2012-06-18 00:00:00+08:00,38.3063143339862,39.208820820266155,38.0054796365338,38.10575866699219,99503,0.0,0.0
2012-06-19 00:00:00+08:00,38.105756491226636,40.712991982894465,38.105756491226636,39.40937423706055,230298,0.0,0.0
2012-06-20 00:00:00+08:00,38.506874084472656,39.710212927081265,38.10576033896216,38.506874084472656,112645,0.0,0.0
2012-06-21 00:00:00+08:00,38.50686855184054,39.10853788669753,37.8049201965332,37.8049201965332,101381,0.0,0.0
2012-06-22 00:00:00+08:00,37.50408555262695,38.1057548878613,37.203250885009766,37.203250885009766,67587,0.0,0.0
2012-06-25 00:00:00+08:00,36.10018884113176,37.90519924075736,36.10018884113176,37.203250885009766,37548,0.0,0.0
2012-06-26 00:00:00+08:00,36.70185437499368,37.30352364791051,36.60157775878906,36.60157775878906,58826,0.0,0.0
2012-06-27 00:00:00+08:00,36.601589128732655,37.905207089650006,36.601589128732655,36.90242385864258,49126,0.0,0.0
2012-06-28 00:00:00+08:00,37.704641553275366,37.80492057472888,35.097406146864245,36.70185852050781,99503,0.0,0.0
2012-06-29 00:00:00+08:00,37.203255054470304,37.203255054470304,36.50130662005362,37.0026969909668,46309,0.0,0.0
2012-07-02 00:00:00+08:00,37.20325287991832,38.40659161491232,37.00269482813755,38.00547790527344,95436,0.0,0.0
2012-07-03 00:00:00+08:00,37.60436791295503,38.60715108921947,37.60436791295503,38.30631637573242,102632,0.0,0.0
2012-07-04 00:00:00+08:00,38.10575866699219,39.208820820266155,38.0054796365338,38.10575866699219,101694,0.0,0.0
2012-07-05 00:00:00+08:00,38.1057527843388,38.60714307138206,37.90519714830597,38.206031799316406,45684,0.0,0.0
2012-07-06 00:00:00+08:00,38.4065895313902,38.4065895313902,37.50408552910471,37.8049201965332,54445,0.0,0.0
2012-07-09 00:00:00+08:00,37.70464324951172,38.10575695944834,37.6043642235469,37.70464324951172,20338,0.0,0.0
2012-07-10 00:00:00+08:00,37.804922275476535,38.40659164342014,37.3035295395751,37.70464324951172,71029,0.0,0.0
2012-07-11 00:00:00+08:00,37.20325858855251,37.905207089650006,36.601589128732655,36.90242385864258,93558,0.0,0.0
2012-07-12 00:00:00+08:00,37.40380688283735,37.40380688283735,36.30074482861629,36.70185852050781,72281,0.0,0.0
2012-07-13 00:00:00+08:00,36.70186136953187,39.20882034301758,36.60158473421681,39.20882034301758,282553,0.0,0.0
2012-07-16 00:00:00+08:00,39.20882034301758,39.20882034301758,39.20882034301758,39.20882034301758,0,0.0,0.471531
2012-07-17 00:00:00+08:00,39.20882034301758,39.20882034301758,39.20882034301758,39.20882034301758,0,0.0,0.0
2012-07-18 00:00:00+08:00,39.20882034301758,39.20882034301758,39.20882034301758,39.20882034301758,0,0.0,0.0
2012-07-19 00:00:00+08:00,39.20882034301758,39.20882034301758,39.20882034301758,39.20882034301758,0,0.0,0.0
2012-07-20 00:00:00+08:00,39.20882034301758,39.20882034301758,39.20882034301758,39.20882034301758,0,0.0,0.0
2012-07-23 00:00:00+08:00,39.20882034301758,39.20882034301758,39.20882034301758,39.20882034301758,0,0.0,0.0
2012-07-24 00:00:00+08:00,39.20882034301758,39.20882034301758,39.20882034301758,39.20882034301758,0,0.0,0.0
2012-07-25 00:00:00+08:00,39.20882034301758,39.20882034301758,39.20882034301758,39.20882034301758,0,0.0,0.0
2012-07-26 00:00:00+08:00,39.20882034301758,39.20882034301758,39.20882034301758,39.20882034301758,0,0.0,0.0
2012-07-27 00:00:00+08:00,38.77315066639027,39.71883627540749,37.82746505737305,37.82746505737305,150635,0.0,0.0
2012-07-30 00:00:00+08:00,38.44216822578573,38.53673776511799,36.12523605745359,37.21277618408203,96884,0.0,0.0
2012-07-31 00:00:00+08:00,37.212761528951475,37.212761528951475,35.321388244628906,35.321388244628906,91576,0.0,0.0
2012-08-01 00:00:00+08:00,35.321400869848716,36.408940956910676,34.990409888150936,36.361656188964844,61050,0.0,0.0
2012-08-02 00:00:00+08:00,36.361656188964844,36.361656188964844,36.361656188964844,36.361656188964844,0,0.0,0.0
2012-08-03 00:00:00+08:00,36.361648613886594,36.645354768535164,35.4632453918457,35.4632453918457,38488,0.0,0.0
2012-08-06 00:00:00+08:00,35.652380266546146,35.794232130366794,34.091997794907705,34.80126190185547,66359,0.0,0.0
2012-08-07 00:00:00+08:00,35.321395938138714,35.321395938138714,33.14631606770786,33.571876525878906,30525,0.0,0.0
2012-08-08 00:00:00+08:00,33.99743357879037,33.99743357879037,32.909893675926476,33.00446319580078,71004,0.0,0.0
2012-08-09 00:00:00+08:00,32.81532998891569,35.13226192333929,32.81532998891569,34.94312286376953,99539,0.0,0.0
2012-08-10 00:00:00+08:00,34.18657044592418,34.517561373704275,32.90989388896973,33.66644287109375,96221,0.0,0.0
2012-08-13 00:00:00+08:00,33.38274155890023,34.61213592834301,33.288174418582095,34.04472351074219,45788,0.0,0.0
2012-08-14 00:00:00+08:00,34.470277118585145,34.5175618795213,33.76101288631088,33.95014953613281,16589,0.0,0.0
2012-08-15 00:00:00+08:00,34.37570934279339,34.37570934279339,33.57187560379581,33.8555793762207,31188,0.0,0.0
2012-08-16 00:00:00+08:00,33.855577367908225,34.37570730362682,33.855577367908225,34.32842254638672,44460,0.0,0.0
2012-08-17 00:00:00+08:00,34.47027311294055,36.07794043441349,34.47027311294055,35.93608856201172,70341,0.0,0.0
2012-08-20 00:00:00+08:00,35.7469463231526,36.31435854953949,35.13225173950195,35.13225173950195,29198,0.0,0.0
2012-08-21 00:00:00+08:00,35.84151743814241,35.88880219145584,34.6121258216049,35.08496856689453,32516,0.0,0.0
2012-08-22 00:00:00+08:00,35.08497173685097,35.51052976727671,34.61212894883959,34.99040222167969,32516,0.0,0.0
2012-08-23 00:00:00+08:00,35.22682885354104,37.40190887451172,35.08497695361476,37.40190887451172,274064,0.0,0.0
2012-08-24 00:00:00+08:00,38.0166035689593,40.00254440307617,37.78017976116184,40.00254440307617,503668,0.0,0.0
2012-08-27 00:00:00+08:00,42.792320251464844,42.792320251464844,42.792320251464844,42.792320251464844,214341,0.0,0.0
2012-08-28 00:00:00+08:00,45.77122434498802,45.77122434498802,43.02873261120157,44.447265625,1461235,0.0,0.0
2012-08-29 00:00:00+08:00,42.83960558912588,47.095195770263665,42.69775130632919,47.09519577026367,765788,0.0,0.0
2012-08-30 00:00:00+08:00,46.622354478557284,47.00062779058164,45.48752975463867,45.48752975463867,549456,0.0,0.0
2012-08-31 00:00:00+08:00,44.825548813446915,46.811489728281344,44.636409759521484,44.636409759521484,477124,0.0,0.0
2012-09-03 00:00:00+08:00,45.39295588338477,45.39295588338477,43.59614944458008,43.59614944458008,241548,0.0,0.0
2012-09-04 00:00:00+08:00,43.50158055569065,45.3929515416578,43.50158055569065,44.920108795166016,322506,0.0,0.0
2012-09-05 00:00:00+08:00,44.920111421786416,45.298384683529754,43.31244407457112,43.501583099365234,313216,0.0,0.0
2012-09-06 00:00:00+08:00,43.028736373340465,44.16356096846269,42.65046310424805,42.65046310424805,187797,0.0,0.0
2012-09-07 00:00:00+08:00,42.65046123899164,43.690716274385466,42.65046123899164,42.93416976928711,122101,0.0,0.0
2012-09-10 00:00:00+08:00,43.02873611450196,43.501583682829306,42.65046284768504,43.02873611450195,139354,0.0,0.0
2012-09-11 00:00:00+08:00,43.028736373340465,45.67665883267734,42.65046310424805,42.65046310424805,594580,0.0,0.0
2012-09-12 00:00:00+08:00,42.65046487252617,42.83960390883653,40.66452414264813,41.3737907409668,489732,0.0,0.0
2012-09-13 00:00:00+08:00,41.89390899231429,42.03576325423265,41.27921676635742,41.27921676635742,172534,0.0,0.0
2012-09-14 00:00:00+08:00,42.36676280742379,42.36676280742379,39.71883773803711,39.71883773803711,209032,0.0,0.0
2012-09-17 00:00:00+08:00,39.7188372413876,40.28625197208935,39.1514249046085,39.43513107299805,94894,0.0,0.0
2012-09-18 00:00:00+08:00,39.43513107299805,40.38081670501477,39.38784870653534,39.43513107299805,84940,0.0,0.0
2012-09-19 00:00:00+08:00,39.43513034727943,39.90797315458614,38.489444732666016,38.489444732666016,116129,0.0,0.0
2012-09-20 00:00:00+08:00,38.48944450490058,38.82043542562565,37.82746505737305,37.82746505737305,136036,0.0,0.0
2012-09-21 00:00:00+08:00,37.82746243787892,40.04982442274325,37.449186784113486,39.24599075317383,149308,0.0,0.0
2012-09-24 00:00:00+08:00,39.245991272614425,40.00254019623617,39.056854640189606,39.52969741821289,88921,0.0,0.0
2012-09-25 00:00:00+08:00,39.57697959710566,39.81340097071891,36.881772586423416,37.922027587890625,101529,0.0,0.0
2012-09-26 00:00:00+08:00,37.92203153726463,38.253022452363005,37.73289489746094,37.73289489746094,27870,0.0,0.0
2012-09-27 00:00:00+08:00,37.82746047479871,38.442155088624226,37.78017332736929,37.922027587890625,42470,0.0,0.0
2012-09-28 00:00:00+08:00,38.39487498642982,38.39487498642982,37.49647413664798,37.82746505737305,30525,0.0,0.0
2012-10-01 00:00:00+08:00,37.92203374164328,37.92203374164328,36.9290633325501,37.07091522216797,50433,0.0,0.0
2012-10-02 00:00:00+08:00,37.070916490798766,37.82746790772689,37.070916490798766,37.26005554199219,47115,0.0,0.0
2012-10-03 00:00:00+08:00,37.2600540616624,37.2600540616624,36.408935546875,36.408935546875,63041,0.0,0.0
2012-10-04 00:00:00+08:00,36.40893227842179,36.40893227842179,35.368677207262444,35.79423522949219,57732,0.0,0.0
2012-10-05 00:00:00+08:00,35.79423939810007,37.96931930707913,35.79423939810007,36.976348876953125,72331,0.0,0.0
2012-10-08 00:00:00+08:00,36.030657701142836,36.314363855791406,35.4632453918457,35.4632453918457,55741,0.0,0.0
2012-10-09 00:00:00+08:00,35.08496856689453,36.267075430118624,35.08496856689453,35.08496856689453,52423,0.0,0.0
2012-10-11 00:00:00+08:00,35.084971480460794,35.084971480460794,33.950146882388424,34.32842254638672,126082,0.0,0.0
2012-10-12 00:00:00+08:00,34.328419163890295,35.17953752858097,34.328419163890295,34.80126190185547,32516,0.0,0.0
2012-10-15 00:00:00+08:00,35.13225228692691,35.46324076254151,34.61212480362141,35.415958404541016,30525,0.0,0.0
2012-10-16 00:00:00+08:00,35.841521574425386,35.841521574425386,34.99040309832752,35.746952056884766,22562,0.0,0.0
2012-10-17 00:00:00+08:00,36.125226132294465,36.881775057326486,35.79423522949219,35.79423522949219,33179,0.0,0.0
2012-10-18 00:00:00+08:00,35.84151743814241,36.12522356410066,34.990399060267684,35.08496856689453,21235,0.0,0.0
2012-10-19 00:00:00+08:00,34.99040330344309,34.99040330344309,34.612130018908296,34.6594123840332,21898,0.0,0.0
2012-10-22 00:00:00+08:00,34.09200431024187,34.233856201171875,33.855580502153984,34.233856201171875,20571,0.0,0.0
2012-10-23 00:00:00+08:00,34.3284297195426,34.99040927746155,33.90286920938048,34.04472351074219,28534,0.0,0.0
2012-10-24 00:00:00+08:00,34.044718109034214,34.328424272820364,33.95014858979796,34.092002868652344,23889,0.0,0.0
2012-10-25 00:00:00+08:00,33.85557852113402,34.659412239829265,31.727785918152875,31.775068283081055,59059,0.0,0.0
2012-10-26 00:00:00+08:00,31.775068592645827,31.775068592645827,29.55270645031206,30.072834014892578,217659,0.0,0.0
2012-10-29 00:00:00+08:00,30.07283005921859,30.971230792272877,27.992320074559448,28.748868942260742,48442,0.0,0.0
2012-10-30 00:00:00+08:00,28.84344263532481,29.83641301870104,27.708617972081893,29.221715927124023,94894,0.0,0.0
2012-10-31 00:00:00+08:00,29.316288309767902,30.261974025534695,29.316288309767902,29.36357307434082,35170,0.0,0.0
2012-11-01 00:00:00+08:00,27.33034324645996,27.897755598014303,27.33034324645996,27.33034324645996,224958,0.0,0.0
2012-11-02 00:00:00+08:00,27.33034228636004,29.221715927124023,26.99935136059375,29.221715927124023,94894,0.0,0.0
2012-11-05 00:00:00+08:00,29.221718780622076,31.06580784150562,29.03258211625329,29.36357307434082,70341,0.0,0.0
2012-11-06 00:00:00+08:00,29.978267670485177,30.167406727757676,29.36357291611813,29.552709579467773,33179,0.0,0.0
2012-11-07 00:00:00+08:00,29.552707498052595,29.789128909069056,29.12714704308481,29.316286087036133,29861,0.0,0.0
2012-11-08 00:00:00+08:00,28.843444678361273,29.836415132071508,28.134178016634415,29.458139419555664,23889,0.0,0.0
2012-11-09 00:00:00+08:00,29.458135667375227,30.072832724196424,29.458135667375227,29.88369369506836,21898,0.0,0.0
2012-11-12 00:00:00+08:00,29.647267503223944,29.97825835669411,29.127140045166016,29.127140045166016,33843,0.0,0.0
2012-11-13 00:00:00+08:00,29.127146368315707,29.17443112820812,28.796157836914066,28.796157836914062,25880,0.0,0.0
2012-11-14 00:00:00+08:00,28.938009761313293,29.221715927124023,28.796157875369246,29.221715927124023,7299,0.0,0.0
2012-11-15 00:00:00+08:00,28.84344100447654,29.88369369506836,28.84344100447654,29.88369369506836,21898,0.0,0.0
2012-11-16 00:00:00+08:00,29.31628320885602,29.74184122812117,29.174428939819336,29.174428939819336,10617,0.0,0.0
2012-11-19 00:00:00+08:00,29.50542402942858,29.836414976918398,29.316287371115592,29.647275924682617,31188,0.0,0.0
2012-11-20 00:00:00+08:00,29.647276873932558,30.120122125738828,29.26900354519499,29.36357307434082,30525,0.0,0.0
2012-11-21 00:00:00+08:00,29.55270784342273,30.120120194062423,29.316286429643313,29.78912925720215,63041,0.0,0.0
2012-11-22 00:00:00+08:00,30.025549520885797,30.025549520885797,29.316285306715127,29.410852432250977,35834,0.0,0.0
2012-11-23 00:00:00+08:00,29.647275924682617,29.978266872172437,29.50542402942858,29.647275924682617,37161,0.0,0.0
2012-11-26 00:00:00+08:00,30.829381750858474,30.829381750858474,29.883693784166123,30.592960357666016,37824,0.0,0.0
2012-11-27 00:00:00+08:00,30.8293828413203,30.8293828413203,30.26197052001953,30.26197052001953,24552,0.0,0.0
2012-11-28 00:00:00+08:00,29.978264359369145,30.687530957956405,29.978264359369145,30.26197052001953,28534,0.0,0.0
2012-11-29 00:00:00+08:00,30.356539040454184,32.34247970581055,30.356539040454184,32.34247970581055,189788,0.0,0.0
2012-11-30 00:00:00+08:00,32.1533440733757,33.19359919607136,31.491364628897813,32.90989303588867,183152,0.0,0.0
2012-12-03 00:00:00+08:00,33.00446448876586,34.61213202607424,33.00446448876586,33.335453033447266,82949,0.0,0.0
2012-12-04 00:00:00+08:00,33.57187131384529,35.65238133858943,33.28816518375088,34.470272064208984,177843,0.0,0.0
2012-12-05 00:00:00+08:00,34.80126297136875,35.84151798443019,34.4702720870522,35.368675231933594,144000,0.0,0.0
2012-12-06 00:00:00+08:00,36.408930244995034,37.35461574998822,34.89583008551467,35.368675231933594,429345,0.0,0.0
2012-12-07 00:00:00+08:00,35.27410944146269,35.46324608361029,32.90989303588867,32.90989303588867,188460,0.0,0.0
2012-12-10 00:00:00+08:00,32.34247911904653,32.90989141140353,31.585930193878028,31.633214950561523,82949,0.0,0.0
2012-12-11 00:00:00+08:00,31.30222796082399,32.38976792480901,30.35654228462282,30.73481559753418,69677,0.0,0.0
2012-12-12 00:00:00+08:00,30.73481479235992,31.491366186208456,30.687532424926758,30.687532424926758,57069,0.0,0.0
2012-12-13 00:00:00+08:00,31.065804984641165,31.585932559265657,30.687531690690257,31.491365432739258,45788,0.0,0.0
2012-12-14 00:00:00+08:00,31.11309147116149,31.680503837493124,30.92395481369187,30.971237182617188,27870,0.0,0.0
2012-12-17 00:00:00+08:00,30.97123749924174,31.30222844863944,30.923955129833047,31.018522262573242,21235,0.0,0.0
2012-12-18 00:00:00+08:00,31.01852289389756,31.538650513284686,30.829386230644843,31.11309242248535,11281,0.0,0.0
2012-12-19 00:00:00+08:00,31.207655216642433,31.302224732077047,30.829381942749023,30.829381942749023,34506,0.0,0.0
2012-12-20 00:00:00+08:00,30.78210036012879,31.11309130436831,30.73481559753418,30.73481559753418,17917,0.0,0.0
2012-12-21 00:00:00+08:00,31.207656126239087,31.207656126239087,30.26197052001953,30.26197052001953,17253,0.0,0.0
2012-12-24 00:00:00+08:00,29.883696386360285,30.16740495560285,29.41085355880145,29.78912925720215,10617,0.0,0.0
2012-12-25 00:00:00+08:00,29.410852523718138,30.54567718505859,29.127146358383026,30.545677185058594,24552,0.0,0.0
2012-12-26 00:00:00+08:00,29.410851992531587,30.072833830998405,29.410851992531587,29.83641242980957,5972,0.0,0.0
2012-12-27 00:00:00+08:00,29.410846149008712,30.214679710909337,29.127140045166016,29.127140045166016,19244,0.0,0.0
2012-12-28 00:00:00+08:00,29.316280743366633,30.876663208007812,28.84343800752184,30.876663208007812,42470,0.0,0.0
2013-01-02 00:00:00+08:00,30.545675790367703,31.207655216642433,30.545675790367703,30.829381942749023,22562,0.0,0.0
2013-01-03 00:00:00+08:00,30.167405149276618,30.829384633324338,30.07283562558863,30.451108932495117,12608,0.0,0.0
2013-01-04 00:00:00+08:00,30.261972279041874,30.451108932495117,30.07283562558863,30.451108932495117,3981,0.0,0.0
2013-01-07 00:00:00+08:00,30.451107345722498,31.01851967043775,30.451107345722498,30.49839210510254,17917,0.0,0.0
2013-01-08 00:00:00+08:00,30.49839369433911,30.49839369433911,30.261972279041874,30.451108932495117,17253,0.0,0.0
2013-01-09 00:00:00+08:00,30.451107162478923,30.451107162478923,30.26197052001953,30.26197052001953,21898,0.0,0.0
2013-01-10 00:00:00+08:00,30.451109719489573,31.254943509843972,30.309257824214228,30.356542587280273,19907,0.0,0.0
2013-01-11 00:00:00+08:00,31.018522728768993,32.43705368041992,31.018522728768993,32.43705368041992,190451,0.0,0.0
2013-01-14 00:00:00+08:00,32.05877732169125,32.05877732169125,31.113091635427498,31.207658767700195,98875,0.0,0.0
2013-01-15 00:00:00+08:00,31.207652973899485,31.68049812316894,31.207652973899485,31.680498123168945,74322,0.0,0.0
2013-01-16 00:00:00+08:00,31.82235208105131,32.01148871682078,30.261969449627568,30.592960357666016,25216,0.0,0.0
2013-01-17 00:00:00+08:00,30.82938410534187,30.97123599452177,29.647274655177696,29.741844177246094,43797,0.0,0.0
2013-01-18 00:00:00+08:00,30.167402238760452,30.451105994607538,29.458135667375227,29.88369369506836,11281,0.0,0.0
2013-01-21 00:00:00+08:00,30.26196935940198,30.26196935940198,29.599989939221274,29.88369369506836,43797,0.0,0.0
2013-01-22 00:00:00+08:00,30.640247632801113,30.640247632801113,29.9782657623291,29.9782657623291,19907,0.0,0.0
2013-01-23 00:00:00+08:00,30.261971936256717,30.261971936256717,29.9782657623291,29.9782657623291,9290,0.0,0.0
2013-01-24 00:00:00+08:00,29.97826449626972,30.072834014892578,29.97826449626972,30.072834014892578,23889,0.0,0.0
2013-01-25 00:00:00+08:00,30.072834014892578,30.214685898904264,30.025549255581147,30.072834014892578,39815,0.0,0.0
2013-01-28 00:00:00+08:00,30.072834014892578,30.261970658215695,30.072834014892578,30.072834014892578,6635,0.0,0.0
2013-01-29 00:00:00+08:00,30.26197289670177,30.54567907963357,30.120121002197266,30.120121002197266,17253,0.0,0.0
2013-01-30 00:00:00+08:00,30.214686717517587,30.73481429619004,30.16740435084773,30.403825759887695,20571,0.0,0.0
2013-01-31 00:00:00+08:00,30.403827350346322,30.734815903963053,30.309257824214228,30.356542587280273,21235,0.0,0.0
2013-02-01 00:00:00+08:00,30.120119414488094,30.971235524496176,30.120119414488094,30.167404174804688,39152,0.0,0.0
2013-02-04 00:00:00+08:00,30.26197101972348,30.829383350393705,30.072834374140946,30.545677185058594,86930,0.0,0.0
2013-02-05 00:00:00+08:00,30.451107665306008,30.971235236099943,30.025549614264655,30.545677185058594,29861,0.0,0.0
2013-02-06 00:00:00+08:00,30.73481559753418,30.73481559753418,30.5456789410785,30.73481559753418,19907,0.0,0.0
2013-02-18 00:00:00+08:00,30.829380683739913,31.49136247690318,30.829380683739913,30.9239501953125,17253,0.0,0.0
2013-02-19 00:00:00+08:00,31.065796802955433,31.964199828844354,31.065796802955433,31.396787643432617,30525,0.0,0.0
2013-02-20 00:00:00+08:00,31.964205769260566,33.57187312873152,31.68049962382908,33.14631271362305,195760,0.0,0.0
2013-02-21 00:00:00+08:00,33.05174628108569,33.619156189814284,32.34247970581055,32.34247970581055,43133,0.0,0.0
2013-02-22 00:00:00+08:00,31.680500281999265,32.57890109959476,31.680500281999265,32.34247970581055,43797,0.0,0.0
2013-02-25 00:00:00+08:00,32.24791258465037,32.34247970581055,32.10605831202634,32.34247970581055,23889,0.0,0.0
2013-02-26 00:00:00+08:00,32.34247983769773,32.43704935316605,32.153343200683594,32.153343200683594,38488,0.0,0.0
2013-02-27 00:00:00+08:00,32.153343200683594,32.57890123244602,32.10605844294943,32.153343200683594,33843,0.0,0.0
2013-03-01 00:00:00+08:00,32.01148905956337,32.15334333335117,31.964206695556637,31.96420669555664,54414,0.0,0.0
2013-03-04 00:00:00+08:00,32.76804039858654,32.76804039858654,31.964206695556637,31.96420669555664,49105,0.0,0.0
2013-03-05 00:00:00+08:00,31.964206304495804,33.28816754070478,31.964206304495804,32.5316162109375,41806,0.0,0.0
2013-03-06 00:00:00+08:00,32.342479575456935,32.90989187582114,32.342479575456935,32.5316162109375,15262,0.0,0.0
2013-03-07 00:00:00+08:00,32.81532540399307,32.81532540399307,32.200628334121944,32.62618637084961,39152,0.0,0.0
2013-03-08 00:00:00+08:00,32.53162081458142,32.626190342665765,32.43705368041992,32.43705368041992,45124,0.0,0.0
2013-03-11 00:00:00+08:00,33.855578116669314,33.855578116669314,32.34248021505698,32.62618637084961,41142,0.0,0.0
2013-03-12 00:00:00+08:00,33.24088344072074,33.288168199006606,32.57890161256375,32.62618637084961,37824,0.0,0.0
2013-03-13 00:00:00+08:00,33.19359919607136,33.288168714106455,32.72075639374108,32.90989303588867,21235,0.0,0.0
2013-03-14 00:00:00+08:00,32.62618751022622,33.09903032175244,32.62618751022622,33.00446319580078,15594,0.0,0.0
2013-03-15 00:00:00+08:00,33.71372903685781,33.71372903685781,32.95718002319336,32.95718002319336,10003,0.0,0.0
2013-03-18 00:00:00+08:00,33.00446319580078,33.3827364874527,32.62618751022622,33.00446319580078,21434,0.0,0.0
2013-03-19 00:00:00+08:00,33.09903032175244,33.5718755272013,32.53161799035192,33.00446319580078,53096,0.0,0.0
2013-03-20 00:00:00+08:00,32.909893675926476,33.52459076726415,32.909893675926476,33.00446319580078,20883,0.0,0.0
2013-03-21 00:00:00+08:00,33.09902795706406,33.52458837217252,32.626185179319066,33.14631271362305,35170,0.0,0.0
2013-03-22 00:00:00+08:00,33.33545158621527,33.33545158621527,32.626187371932325,33.193599700927734,36497,0.0,0.0
2013-03-25 00:00:00+08:00,33.193599700927734,33.193599700927734,32.909893536430026,33.193599700927734,36497,0.0,0.0
2013-03-26 00:00:00+08:00,33.28816922040118,33.430021105688716,32.95717829616675,33.193599700927734,39152,0.0,0.0
2013-03-27 00:00:00+08:00,33.288172412798566,33.288172412798566,32.768044793658675,33.09903335571289,9290,0.0,0.0
2013-03-28 00:00:00+08:00,35.415958404541016,35.415958404541016,35.415958404541016,35.415958404541016,208770,0.0,0.0
2013-03-29 00:00:00+08:00,37.87474822998047,37.87474822998047,37.87474822998047,37.87474822998047,313494,0.0,0.0
2013-04-01 00:00:00+08:00,40.522675525072394,40.522675525072394,38.4894497521434,40.380821228027344,1761785,0.0,0.0
2013-04-02 00:00:00+08:00,39.529698063407814,40.28624939330029,37.92203067675069,39.624267578125,455782,0.0,0.0
2013-04-03 00:00:00+08:00,39.05685770773877,39.6242700435006,37.35462070045327,38.584014892578125,371612,0.0,0.0
2013-04-08 00:00:00+08:00,37.35461626161812,41.042793611882644,37.35461626161812,38.6785774230957,722469,0.0,0.0
2013-04-09 00:00:00+08:00,38.58401776196827,38.58401776196827,36.881780628091946,37.30733871459961,597860,0.0,0.0
2013-04-10 00:00:00+08:00,35.463246915870265,39.48241561784569,35.463246915870265,38.77315139770508,708132,0.0,0.0
2013-04-11 00:00:00+08:00,38.773146932459234,38.773146932459234,37.73289190514988,38.6785774230957,117123,0.0,0.0
2013-04-12 00:00:00+08:00,38.20573466412279,39.86068671445036,38.0165980393181,38.6785774230957,266850,0.0,0.0
2013-04-15 00:00:00+08:00,38.67857712650421,38.96228325849694,37.92202823916437,38.016597747802734,104847,0.0,0.0
2013-04-16 00:00:00+08:00,38.0165993284398,40.28624847874812,38.0165993284398,39.9079704284668,435691,0.0,0.0
2013-04-17 00:00:00+08:00,40.19168031408892,40.19168031408892,39.00957094300511,39.198707580566406,141007,0.0,0.0
2013-04-18 00:00:00+08:00,39.15142239846158,40.14439512122451,38.915001005591115,39.624267578125,201135,0.0,0.0
2013-04-19 00:00:00+08:00,39.907969618965794,40.00253912961786,38.8677145774827,38.962284088134766,116711,0.0,0.0
2013-04-22 00:00:00+08:00,38.962285981399965,39.05685549664737,36.92906055496081,37.63832473754883,206626,0.0,0.0
2013-04-23 00:00:00+08:00,37.63832696443219,37.732896485274836,37.16548414806429,37.685611724853516,54414,0.0,0.0
2013-04-24 00:00:00+08:00,37.82746308905428,39.38784569909311,37.40190267200211,38.44215774536133,291471,0.0,0.0
2013-04-25 00:00:00+08:00,38.15844961683792,38.44215574883066,37.92202823916437,38.016597747802734,57135,0.0,0.0
2013-04-26 00:00:00+08:00,37.827466500696616,38.58401549556137,37.827466500696616,37.96931838989258,88429,0.0,0.0
2013-04-29 00:00:00+08:00,37.874751732829814,38.253027455838016,37.11820268073629,37.40190887451172,65887,0.0,0.0
2013-04-30 00:00:00+08:00,37.44919252451908,37.827468236268565,36.929064917065276,37.02363204956055,90238,0.0,0.0
2013-05-02 00:00:00+08:00,37.02362910074884,37.827465223433926,36.92906197578554,37.78017807006836,57763,0.0,0.0
2013-05-03 00:00:00+08:00,37.82746505737305,38.01660170039197,37.40190461817722,37.82746505737305,63456,0.0,0.0
2013-05-06 00:00:00+08:00,38.016597747802734,38.2057343711571,37.73289161581,38.016597747802734,54783,0.0,0.0
2013-05-07 00:00:00+08:00,38.01660241743723,38.8677185240369,37.59104197021475,38.77315139770508,64502,0.0,0.0
2013-05-08 00:00:00+08:00,38.77314848018414,41.468353271484375,38.77314848018414,41.468353271484375,840129,0.0,0.0
2013-05-09 00:00:00+08:00,42.17762106942589,44.35270078403602,42.08305155351326,43.59614944458008,1583979,0.0,0.0
2013-05-10 00:00:00+08:00,42.17762159232204,43.028737670397234,40.56995416541157,42.839603424072266,679502,0.0,0.0
2013-05-13 00:00:00+08:00,42.79231869032314,42.79231869032314,40.191680908203125,40.191680908203125,361010,0.0,0.0
2013-05-14 00:00:00+08:00,40.19168010392622,40.380814346575995,37.49647285860023,37.63832473754883,443845,0.0,0.0
2013-05-15 00:00:00+08:00,38.30031024842872,38.30031024842872,36.976348876953125,36.976348876953125,392863,0.0,0.0
2013-05-16 00:00:00+08:00,36.9763478900666,38.3003092262061,36.408935546875,36.408935546875,431668,0.0,0.0
2013-05-17 00:00:00+08:00,36.40893809868331,36.40893809868331,33.90286713959682,36.21979904174805,594115,0.0,0.0
2013-05-20 00:00:00+08:00,35.84152539856638,35.84152539856638,34.18657302856445,34.18657302856445,254482,0.0,0.0
2013-05-21 00:00:00+08:00,34.044715630046,35.36867683333538,33.57187285614031,34.42298889160156,223943,0.0,0.0
2013-05-22 00:00:00+08:00,34.13929065106032,34.61213592834301,33.76101730194178,34.04472351074219,129934,0.0,0.0
2013-05-23 00:00:00+08:00,34.470269907595416,35.794230967229,34.470269907595416,35.321388244628906,236905,0.0,0.0
2013-05-24 00:00:00+08:00,35.74695255244402,35.74695255244402,34.23385461435348,34.2811393737793,141345,0.0,0.0
2013-05-27 00:00:00+08:00,34.61213154973637,34.61213154973637,33.71372826986705,33.76101303100586,143070,0.0,0.0
2013-05-28 00:00:00+08:00,33.85557660534577,34.990401177857365,33.85557660534577,34.42298889160156,220813,0.0,0.0
2013-05-29 00:00:00+08:00,34.80126360467171,35.179539249906135,34.564842224121094,34.564842224121094,108781,0.0,0.0
2013-05-30 00:00:00+08:00,35.74695463591831,36.976348876953125,35.74695463591831,36.976348876953125,274649,0.0,0.0
2013-05-31 00:00:00+08:00,39.482416969729634,39.52970173147591,36.50350570678711,36.50350570678711,1055444,0.0,0.0
2013-06-03 00:00:00+08:00,35.08496802341903,36.12522300451133,34.80126190185547,34.80126190185547,287336,0.0,0.0
2013-06-04 00:00:00+08:00,35.179541252022254,36.50350249480762,34.8958327065084,34.99040222167969,238230,0.0,0.0
2013-06-05 00:00:00+08:00,35.368675762434876,35.98337039233143,35.17953913738381,35.652381896972656,89585,0.0,0.0
2013-06-06 00:00:00+08:00,35.65238136221602,35.65238136221602,35.17953860971943,35.368675231933594,76313,0.0,0.0
2013-06-07 00:00:00+08:00,36.219789545473986,36.219789545473986,34.517555236816406,34.517555236816406,93646,0.0,0.0
2013-06-10 00:00:00+08:00,34.99040023032774,34.99040023032774,34.422987959437286,34.564842224121094,58396,0.0,0.0
2013-06-11 00:00:00+08:00,36.31436103987578,36.456215303161564,35.652381659642515,36.03065490722656,388973,0.0,0.0
2013-06-13 00:00:00+08:00,35.17953697468263,35.74694681495367,33.90285825078666,34.517555236816406,165898,0.0,0.0
2013-06-14 00:00:00+08:00,34.895839743220414,35.2268307191414,34.04472351074219,34.04472351074219,98211,0.0,0.0
2013-06-17 00:00:00+08:00,35.7469509869683,36.361648044739134,35.27410820126266,36.07794189453125,197087,0.0,0.0
2013-06-18 00:00:00+08:00,35.84151798443019,36.077939360678485,35.32139047789947,35.368675231933594,87594,0.0,0.0
2013-06-19 00:00:00+08:00,35.65238506966023,36.361649272160555,35.55781555175781,35.55781555175781,79830,0.0,0.0
2013-06-20 00:00:00+08:00,35.36867826957787,36.314363855791406,34.89583308254856,35.4632453918457,67573,0.0,0.0
2013-06-21 00:00:00+08:00,34.990401575191584,35.463244354466646,34.51755879591652,34.89583206176758,69677,0.0,0.0
2013-06-24 00:00:00+08:00,35.17953872680664,35.65238148087698,34.89583020165762,35.17953872680664,46451,0.0,0.0
2013-06-25 00:00:00+08:00,35.17954555315474,35.17954555315474,33.666445095031655,33.71372985839844,150635,0.0,0.0
2013-06-26 00:00:00+08:00,34.23385585454857,34.42299250518112,33.76101303100586,33.76101303100586,110194,0.0,0.0
2013-06-27 00:00:00+08:00,33.76101462176523,34.04472080804313,33.57187796222089,33.71372985839844,99434,0.0,0.0
2013-06-28 00:00:00+08:00,33.7610131773312,33.950149828783495,33.571876525878906,33.571876525878906,97548,0.0,0.0
2013-07-01 00:00:00+08:00,33.571873857645556,35.27410837327102,33.571873857645556,34.99040222167969,84753,0.0,0.0
2013-07-02 00:00:00+08:00,35.08497375653767,35.321395164153095,34.375709533691406,34.375709533691406,27870,0.0,0.0
2013-07-03 00:00:00+08:00,34.51756300376642,34.70669965974858,33.61915969848633,33.61915969848633,65032,0.0,0.0
2013-07-04 00:00:00+08:00,33.66644776770064,34.04472351074219,33.52459586026193,34.04472351074219,59059,0.0,0.0
2013-07-05 00:00:00+08:00,34.32842177317389,34.51755840395168,34.044715630046,34.42298889160156,24552,0.0,0.0
2013-07-08 00:00:00+08:00,34.32842765107834,34.42299478569832,32.24791717451879,33.09903335571289,56052,0.0,0.0
2013-07-09 00:00:00+08:00,33.382737335818064,33.855580159360784,33.19360068518552,33.76101303100586,33843,0.0,0.0
2013-07-10 00:00:00+08:00,34.044719203916024,34.328425376826196,33.666443508728236,33.76101303100586,50433,0.0,0.0
2013-07-11 00:00:00+08:00,34.044722750809825,34.32842895327746,33.28817367553711,33.28817367553711,137403,0.0,0.0
2013-07-12 00:00:00+08:00,33.28816922040118,33.9501486749474,33.09903018145429,33.193599700927734,54414,0.0,0.0
2013-07-15 00:00:00+08:00,33.193599983947635,33.24088474408752,32.81532669067383,32.81532669067383,55307,0.0,0.0
2013-07-16 00:00:00+08:00,33.004467473069475,33.713731782277094,32.815330802732035,33.28817367553711,50069,0.0,0.0
2013-07-17 00:00:00+08:00,33.66644461288463,33.66644461288463,33.051749879688074,33.430023193359375,9953,0.0,0.0
2013-07-18 00:00:00+08:00,33.43002350024935,33.43002350024935,32.815328761409845,33.05175018310547,32784,0.0,0.0
2013-07-19 00:00:00+08:00,33.004462047913194,33.004462047913194,31.302225112915043,31.30222511291504,61050,0.0,0.0
2013-07-22 00:00:00+08:00,31.585937665896804,31.585937665896804,29.4581422631647,29.59999656677246,165520,0.0,0.0
2013-07-23 00:00:00+08:00,30.120119414488094,30.971235524496176,30.025549893854905,30.167404174804688,76974,0.0,0.0
2013-07-24 00:00:00+08:00,30.214686259847188,30.687531464687467,30.214686259847188,30.545677185058594,33348,0.0,0.0
2013-07-25 00:00:00+08:00,30.734816076507045,31.44408273863394,30.734816076507045,31.018522262573242,62377,0.0,0.0
2013-07-26 00:00:00+08:00,31.018518957082016,31.869637424581093,31.018518957082016,31.30222511291504,21529,0.0,0.0
2013-07-29 00:00:00+08:00,31.869637036839688,31.869637036839688,30.782097185031716,30.829381942749023,55747,0.0,0.0
2013-07-30 00:00:00+08:00,30.82938015626013,31.49136193809712,30.498389265341633,30.640243530273438,26685,0.0,0.0
2013-07-31 00:00:00+08:00,30.829384633324338,30.829384633324338,30.025550863744638,30.451108932495117,28534,0.0,0.0
2013-08-01 00:00:00+08:00,30.640245023735602,30.640245023735602,29.789126574426835,29.88369369506836,52373,0.0,0.0
2013-08-02 00:00:00+08:00,30.167404174804688,31.01852028481277,30.120119414488094,30.167404174804688,40479,0.0,0.0
2013-08-05 00:00:00+08:00,30.64024567858635,31.302225112915043,30.167402883505492,31.30222511291504,21244,0.0,0.0
2013-08-06 00:00:00+08:00,31.491364146085427,31.964206941166285,30.545676162001158,31.30222511291504,46451,0.0,0.0
2013-08-07 00:00:00+08:00,31.207658921976435,31.207658921976435,30.545679417103848,31.018522262573242,25880,0.0,0.0
2013-08-08 00:00:00+08:00,30.734813508080126,31.06580442981779,30.26197070212495,30.49839210510254,39815,0.0,0.0
2013-08-09 00:00:00+08:00,30.498394178483885,31.207658435634766,30.498394178483885,30.73481559753418,28940,0.0,0.0
2013-08-12 00:00:00+08:00,29.599986640841742,29.599986640841742,28.607014030335645,28.654298782348633,254169,0.0,0.0
2013-08-13 00:00:00+08:00,28.654298782348636,28.938004900504342,27.992319435933474,28.654298782348633,56405,0.0,0.0
2013-08-14 00:00:00+08:00,28.654304739882477,30.640247979871095,28.654304739882477,30.451108932495117,520965,0.0,0.0
2013-08-15 00:00:00+08:00,29.7891311676513,30.16740689031174,29.127149251476247,29.36357307434082,92930,0.0,0.0
2013-08-16 00:00:00+08:00,29.741844495661724,29.78912925720215,29.316286429643313,29.78912925720215,18580,0.0,0.0
2013-08-19 00:00:00+08:00,29.59999147116792,29.59999147116792,29.316285306715127,29.410852432250977,16058,0.0,0.0
2013-08-20 00:00:00+08:00,29.978265050003166,30.072834570372834,29.03257942199707,29.03257942199707,15926,0.0,0.0
2013-08-22 00:00:00+08:00,29.079860773530203,29.741840156754755,29.079860773530203,29.50541877746582,15992,0.0,0.0
2013-08-23 00:00:00+08:00,29.59999193646512,29.59999193646512,28.985294838167565,29.269001007080078,23889,0.0,0.0
2013-08-26 00:00:00+08:00,29.316283937374127,29.316283937374127,25.10797882080078,25.10797882080078,84378,0.0,0.0
2013-08-27 00:00:00+08:00,28.53759626998412,29.402371839146735,28.53759626998412,28.96998405456543,59129,1.506944,1.1
2013-08-28 00:00:00+08:00,28.969984946369568,28.969984946369568,28.105209350585938,28.105209350585938,10255,0.0,0.0
2013-08-29 00:00:00+08:00,28.10521083359747,28.321404743951156,27.56472605771325,27.726871490478516,39581,0.0,0.0
2013-08-30 00:00:00+08:00,27.726873052377453,27.726873052377453,27.4025821685791,27.4025821685791,44644,0.0,0.0
2013-09-02 00:00:00+08:00,27.402580684742013,27.889016984099243,27.402580684742013,27.780920028686523,55124,0.0,0.0
2013-09-03 00:00:00+08:00,27.780921822009766,28.05116422798634,27.348533972447253,27.67282485961914,36127,0.0,0.0
2013-09-04 00:00:00+08:00,27.456630821259655,27.564727783203125,27.240436897372714,27.564727783203125,54294,0.0,0.0
2013-09-05 00:00:00+08:00,27.348532147359563,27.943065400832204,27.348532147359563,27.726871490478516,27157,0.0,0.0
2013-09-06 00:00:00+08:00,27.726873679588724,28.321406980001345,27.726873679588724,27.997116088867188,60241,0.0,0.0
2013-09-09 00:00:00+08:00,27.997116088867188,28.26735849814565,27.997116088867188,27.997116088867188,37402,0.0,0.0
2013-09-10 00:00:00+08:00,28.05116241721832,28.591647194281908,27.780920028686523,27.780920028686523,28360,0.0,0.0
2013-09-11 00:00:00+08:00,27.132339822308737,27.45663070678711,25.943273245888037,27.45663070678711,61533,0.0,0.0
2013-09-12 00:00:00+08:00,27.456632010283315,27.456632010283315,26.483759310661327,26.862098693847656,51277,0.0,0.0
2013-09-13 00:00:00+08:00,26.537804452029363,27.348531599618305,26.267562069499714,27.240434646606445,62155,0.0,0.0
2013-09-16 00:00:00+08:00,26.429708540407407,26.862096369491898,26.051369189958482,26.48375701904297,81572,0.0,0.0
2013-09-17 00:00:00+08:00,26.591851933209963,26.808045831141605,26.37565803527832,26.37565803527832,38609,0.0,0.0
2013-09-18 00:00:00+08:00,26.48375659599226,26.48375659599226,25.94327181827034,26.105417251586914,41625,0.0,0.0
2013-09-23 00:00:00+08:00,26.48375659599226,26.537805073764453,26.105417251586918,26.105417251586914,37887,0.0,0.0
2013-09-24 00:00:00+08:00,26.159465607733598,26.267562562775396,25.9973201751709,25.9973201751709,28965,0.0,0.0
2013-09-25 00:00:00+08:00,26.051369189958482,26.753999412220775,26.051369189958482,26.48375701904297,46451,0.0,0.0
2013-09-26 00:00:00+08:00,26.537806955163187,26.537806955163187,25.997322139123575,26.05137062072754,30839,0.0,0.0
2013-09-27 00:00:00+08:00,26.15946758393546,26.267564547143383,25.943273657519615,26.05137062072754,35273,0.0,0.0
2013-09-30 00:00:00+08:00,25.94327139166458,25.94327139166458,25.72707748413086,25.72707748413086,44822,0.0,0.0
2013-10-01 00:00:00+08:00,25.7811262650873,26.105417130212697,25.7811262650873,25.9973201751709,59964,0.0,0.0
2013-10-02 00:00:00+08:00,26.159465607733598,26.159465607733598,25.8892232201291,25.9973201751709,34899,0.0,0.0
2013-10-03 00:00:00+08:00,25.9973201751709,26.105417130212697,25.8351747426082,25.9973201751709,63644,0.0,0.0
2013-10-04 00:00:00+08:00,25.99732029604253,26.267562684903492,25.99732029604253,26.105417251586914,39785,0.0,0.0
2013-10-07 00:00:00+08:00,26.267564547143383,26.267564547143383,25.943273657519615,26.05137062072754,61973,0.0,0.0
2013-10-08 00:00:00+08:00,26.051370733467827,26.159467697143555,25.943273769792103,26.159467697143555,23648,0.0,0.0
2013-10-09 00:00:00+08:00,26.05137062072754,26.1054191023315,25.997322139123575,26.05137062072754,25944,0.0,0.0
2013-10-11 00:00:00+08:00,26.159467296761893,26.159467296761893,25.7811279296875,25.7811279296875,73052,0.0,0.0
2013-10-14 00:00:00+08:00,25.88922243781296,27.564725190330797,25.88922243781296,26.970191955566406,140442,0.0,0.0
2013-10-15 00:00:00+08:00,27.024245538437505,27.024245538437505,26.32161521911621,26.32161521911621,46451,0.0,0.0
2013-10-16 00:00:00+08:00,26.483759472054615,27.02424430847168,26.159468570204375,27.02424430847168,63323,0.0,0.0
2013-10-17 00:00:00+08:00,27.34853128678011,27.40257976266778,26.37565872080201,26.970191955566406,59401,0.0,0.0
2013-10-18 00:00:00+08:00,26.97019380429958,26.97019380429958,26.37566052878155,26.91614532470703,31007,0.0,0.0
2013-10-21 00:00:00+08:00,26.808048365521937,26.91614532470703,26.537805967559198,26.91614532470703,45848,0.0,0.0
2013-10-22 00:00:00+08:00,26.69994920144757,26.91614310196441,26.537803776059942,26.64590072631836,30404,0.0,0.0
2013-10-23 00:00:00+08:00,26.645904922979735,27.02424430847168,26.429710988412907,27.02424430847168,45848,0.0,0.0
2013-10-24 00:00:00+08:00,26.754001890263147,27.34853521032192,26.591856439338027,27.02424430847168,48190,0.0,0.0
2013-10-25 00:00:00+08:00,27.024244143784653,27.34853504365865,26.808050210535324,26.862098693847656,29841,0.0,0.0
2013-10-28 00:00:00+08:00,26.808048539613363,27.07829093933106,26.699951579726285,27.078290939331055,22924,0.0,0.0
2013-10-29 00:00:00+08:00,26.69994988154715,27.294483123112375,26.69994988154715,27.240434646606445,22320,0.0,0.0
2013-10-30 00:00:00+08:00,27.078288907341747,27.078288907341747,26.970191955566406,26.970191955566406,5067,0.0,0.0
2013-10-31 00:00:00+08:00,26.97019566047232,27.240438077033986,26.69995324391066,26.862098693847656,25940,0.0,0.0
2013-11-01 00:00:00+08:00,26.699953567391336,27.240438407062854,26.699953567391336,27.186389923095703,23949,0.0,0.0
2013-11-04 00:00:00+08:00,27.186390031147784,27.348535483693688,26.91614761023795,27.29448699951172,41376,0.0,0.0
2013-11-05 00:00:00+08:00,26.916147341188267,27.294486726680216,26.916147341188267,27.02424430847168,19304,0.0,0.0
2013-11-06 00:00:00+08:00,26.862098965592185,27.294486836465,26.862098965592185,27.132341384887695,41269,0.0,0.0
2013-11-07 00:00:00+08:00,27.132339935429243,27.564727783203125,27.024242973485773,27.564727783203125,29680,0.0,0.0
2013-11-08 00:00:00+08:00,27.564727552448193,27.726872994006015,26.916145786216898,27.348533630371094,59340,0.0,0.0
2013-11-11 00:00:00+08:00,27.56472789722851,28.645697521134796,27.40258245364257,27.67282485961914,100142,0.0,0.0
2013-11-12 00:00:00+08:00,27.672821552694124,28.105209350585938,27.456627653748214,28.105209350585938,61170,0.0,0.0
2013-11-13 00:00:00+08:00,28.105212592920473,28.105212592920473,27.132339935429243,27.564727783203125,58521,0.0,0.0
2013-11-14 00:00:00+08:00,27.13233900481843,27.18638748393636,26.483757255403287,26.699951171875,60416,0.0,0.0
2013-11-15 00:00:00+08:00,26.483759256429714,27.024244088446274,26.483759256429714,26.80805015563965,16891,0.0,0.0
2013-11-18 00:00:00+08:00,26.80805015563965,26.80805015563965,26.591856222833027,26.80805015563965,23829,0.0,0.0
2013-11-19 00:00:00+08:00,26.75399988592939,26.97019380429958,26.75399988592939,26.91614532470703,24613,0.0,0.0
2013-11-20 00:00:00+08:00,26.916147341188267,27.02424430847168,26.808050373904855,27.02424430847168,30102,0.0,0.0
2013-11-21 00:00:00+08:00,27.02424441716949,27.132341384887695,26.808050481733083,27.132341384887695,26000,0.0,0.0
2013-11-22 00:00:00+08:00,27.240435251622937,27.780920028686523,27.132338296210218,27.780920028686523,31792,0.0,0.0
2013-11-25 00:00:00+08:00,27.780922493105752,28.321407318115234,27.348534633098165,28.321407318115234,44641,0.0,0.0
2013-11-26 00:00:00+08:00,28.105210514034408,29.294277007459716,28.105210514034408,29.132131576538086,59069,0.0,0.0
2013-11-27 00:00:00+08:00,29.51047097726974,29.726664885618835,28.86188925222245,29.186180114746094,45276,0.0,0.0
2013-11-28 00:00:00+08:00,29.186180114746094,29.564519454357015,29.13213163765882,29.186180114746094,24991,0.0,0.0
2013-11-29 00:00:00+08:00,29.510472786686783,30.807636316316174,29.132133423878212,29.618572235107422,71595,0.0,0.0
2013-12-02 00:00:00+08:00,29.61857304072377,30.159055371818784,29.61857304072377,29.83476448059082,55078,0.0,0.0
2013-12-03 00:00:00+08:00,29.888809640508374,30.645488302606864,29.888809640508374,30.267148971557617,82128,0.0,0.0
2013-12-04 00:00:00+08:00,30.05095549604127,30.915731122182944,30.05095549604127,30.645488739013672,61571,0.0,0.0
2013-12-05 00:00:00+08:00,30.807638134239696,31.56431690450759,30.807638134239696,31.348125457763672,126082,0.0,0.0
2013-12-06 00:00:00+08:00,31.564313053639456,33.45601223613891,31.564313053639456,33.023624420166016,220629,0.0,0.0
2013-12-09 00:00:00+08:00,33.94245066776836,35.0774687562129,33.02362650093231,33.18577194213867,315077,0.0,0.0
2013-12-10 00:00:00+08:00,33.185772510933774,34.699129988131695,33.185772510933774,33.72625732421875,648025,0.0,0.0
2013-12-11 00:00:00+08:00,34.158645174846725,35.02342087610268,33.72625732421875,33.72625732421875,797704,0.0,0.0
2013-12-12 00:00:00+08:00,33.726256745896066,33.99649914790456,31.402172088623047,31.402172088623047,441144,0.0,0.0
2013-12-13 00:00:00+08:00,29.618569539627007,32.42908777709725,29.618569539627007,31.726457595825195,401435,0.0,0.0
2013-12-16 00:00:00+08:00,31.780509292999458,33.83435405715592,31.780509292999458,33.51006317138672,318608,0.0,0.0
2013-12-17 00:00:00+08:00,33.61815847038503,35.61795216704179,33.61815847038503,35.455806732177734,485794,0.0,0.0
2013-12-18 00:00:00+08:00,36.21248542821002,37.23940651568242,35.23961281902565,35.455806732177734,661724,0.0,0.0
2013-12-19 00:00:00+08:00,36.536780117087254,36.536780117087254,35.23961650258369,35.347713470458984,305692,0.0,0.0
2013-12-20 00:00:00+08:00,35.83414736325694,35.83414736325694,34.32078991700569,34.86127471923828,228041,0.0,0.0
2013-12-23 00:00:00+08:00,34.86127190217756,36.42867770199354,34.86127190217756,35.72604751586914,258948,0.0,0.0
2013-12-24 00:00:00+08:00,35.7260408521878,36.158428578383905,35.02341079711914,35.02341079711914,246012,0.0,0.0
2013-12-25 00:00:00+08:00,35.56390374121378,35.94224308978801,33.293865162150304,33.780303955078125,357745,0.0,0.0
2013-12-26 00:00:00+08:00,33.726262512042034,34.158650429180554,32.86148667776499,33.13172912597656,327634,0.0,0.0
2013-12-27 00:00:00+08:00,33.18577217186563,33.67220849885205,33.131723691089356,33.4019660949707,103129,0.0,0.0
2013-12-30 00:00:00+08:00,33.456020793333124,33.99650570154146,33.18577833922895,33.29387283325195,123247,0.0,0.0
2013-12-31 00:00:00+08:00,33.83435738443058,34.05055132953725,32.86148463145057,32.969581604003906,232445,0.0,0.0
2014-01-02 00:00:00+08:00,32.969581604003906,33.618163439323915,32.969581604003906,32.969581604003906,122713,0.0,0.0
2014-01-03 00:00:00+08:00,33.02362543423912,33.40196478483326,31.888607382456694,32.21289825439453,254367,0.0,0.0
2014-01-06 00:00:00+08:00,32.429092620316354,32.429092620316354,30.591444179463462,30.753589630126953,224404,0.0,0.0
2014-01-07 00:00:00+08:00,30.59144419987744,31.672413871688715,30.59144419987744,31.348125457763672,110518,0.0,0.0
2014-01-08 00:00:00+08:00,31.56431667603701,32.42909240722656,31.185979781259896,32.42909240722656,221700,0.0,0.0
2014-01-09 00:00:00+08:00,32.86147985839797,32.86147985839797,31.564313888549805,31.564313888549805,116343,0.0,0.0
2014-01-10 00:00:00+08:00,31.45622068017213,32.212901955927556,31.13193225858894,31.510269165039062,121317,0.0,0.0
2014-01-13 00:00:00+08:00,31.888607367105074,32.42908966578983,31.294074102171926,31.67241096496582,99539,0.0,0.0
2014-01-14 00:00:00+08:00,31.7805089660889,31.7805089660889,30.807636318788774,30.861684799194336,78739,0.0,0.0
2014-01-15 00:00:00+08:00,31.023832375250205,31.564317216498146,31.023832375250205,31.077880859375,41746,0.0,0.0
2014-01-16 00:00:00+08:00,31.348120650698576,31.348120650698576,29.942857805215056,29.996906280517578,106610,0.0,0.0
2014-01-17 00:00:00+08:00,30.213104004182025,30.861685789868545,29.83476462919822,30.537397384643555,179953,0.0,0.0
2014-01-20 00:00:00+08:00,30.42930026879368,30.42930026879368,29.780715998719494,29.83476448059082,88499,0.0,0.0
2014-01-21 00:00:00+08:00,29.834763432348765,30.429299199662655,28.3214059931233,28.86189079284668,135137,0.0,0.0
2014-01-22 00:00:00+08:00,29.510471222651507,30.375249350856627,28.645695582064448,29.402374267578125,444562,0.0,0.0
2014-01-23 00:00:00+08:00,29.618570419062326,29.726664885618835,29.186180114746094,29.186180114746094,65335,0.0,0.0
2014-01-24 00:00:00+08:00,29.18618303813041,29.18618303813041,28.321407318115234,28.321407318115234,153953,0.0,0.0
2014-01-27 00:00:00+08:00,27.348531599618305,27.997113317689458,27.132337693594586,27.240434646606445,169374,0.0,0.0
2014-02-05 00:00:00+08:00,25.510883619288283,29.132131576538086,25.510883619288283,29.132131576538086,129069,0.0,0.0
2014-02-06 00:00:00+08:00,29.132132412112675,30.159053504070737,28.86189001949213,29.888811111450195,231335,0.0,0.0
2014-02-07 00:00:00+08:00,29.56452144465783,30.213103213368026,29.024036637399337,29.240230560302734,122243,0.0,0.0
2014-02-10 00:00:00+08:00,29.67261999379311,29.67261999379311,28.429502487182617,28.429502487182617,76404,0.0,0.0
2014-02-11 00:00:00+08:00,28.753793832902005,29.834763432348765,28.753793832902005,28.86189079284668,97430,0.0,0.0
2014-02-12 00:00:00+08:00,29.618570419062326,29.618570419062326,29.186180114746094,29.186180114746094,54426,0.0,0.0
2014-02-13 00:00:00+08:00,29.40237606017455,29.564521502670267,28.75379429019169,29.294279098510742,75649,0.0,0.0
2014-02-14 00:00:00+08:00,29.510472552514738,29.834763432348765,28.86189079284668,28.86189079284668,46756,0.0,0.0
2014-02-17 00:00:00+08:00,29.186179618427353,29.186179618427353,27.889016190391384,28.75379180908203,144411,0.0,0.0
2014-02-18 00:00:00+08:00,28.75379389081112,29.078084771298258,28.05116364975565,28.915939331054688,96723,0.0,0.0
2014-02-19 00:00:00+08:00,29.240230211541828,29.294278691623017,28.42950301032398,28.915939331054688,109677,0.0,0.0
2014-02-20 00:00:00+08:00,29.024034189922858,29.024034189922858,28.321403999736706,28.75379180908203,64248,0.0,0.0
2014-02-21 00:00:00+08:00,28.537599445355866,29.402375110741858,28.429502487182617,28.429502487182617,88390,0.0,0.0
2014-02-24 00:00:00+08:00,29.240227491580097,30.375247955322262,29.240227491580097,30.375247955322266,191761,0.0,0.0
2014-02-25 00:00:00+08:00,32.48314112554717,32.48314112554717,31.34812545776367,31.348125457763672,663292,0.0,0.0
2014-02-26 00:00:00+08:00,31.023828075450655,31.996703142478054,30.645488739013672,30.645488739013672,288486,0.0,0.0
2014-02-27 00:00:00+08:00,30.75358575396394,31.0778766144175,30.429297381128404,30.69953727722168,145392,0.0,0.0
2014-03-03 00:00:00+08:00,30.48334536263231,30.91573068192775,30.15905201982926,30.267148971557617,68229,0.0,0.0
2014-03-04 00:00:00+08:00,30.26715070114038,30.26715070114038,29.834762869518634,30.105005264282227,101596,0.0,0.0
2014-03-05 00:00:00+08:00,30.807635323424666,30.807635323424666,29.99690814353502,30.483346939086914,164659,0.0,0.0
2014-03-06 00:00:00+08:00,30.75358525433522,30.91573068192775,30.15905201982926,30.267148971557617,127168,0.0,0.0
2014-03-07 00:00:00+08:00,30.591439508845315,30.591439508845315,29.780712379307488,29.996906280517578,88712,0.0,0.0
2014-03-10 00:00:00+08:00,30.105004475555113,30.105004475555113,29.294277312504743,29.402374267578125,164402,0.0,0.0
2014-03-11 00:00:00+08:00,30.267155003043435,30.645494409486247,29.78071862333125,30.591445922851562,101469,0.0,0.0
2014-03-12 00:00:00+08:00,30.591439826742686,30.861682206063577,29.888809640508374,30.267148971557617,65647,0.0,0.0
2014-03-13 00:00:00+08:00,30.159057192598418,30.375253620754318,29.510475370985944,29.726669311523438,199681,0.0,0.0
2014-03-14 00:00:00+08:00,29.40237628883829,29.67262118271773,29.240230845081562,29.510473251342773,100169,0.0,0.0
2014-03-17 00:00:00+08:00,29.510472053783307,30.267150760608057,29.132132700370935,30.159053802490234,289228,0.0,0.0
2014-03-18 00:00:00+08:00,30.321197447421795,30.48334536263231,29.888809640508374,30.267148971557617,93767,0.0,0.0
2014-03-19 00:00:00+08:00,30.59144263847646,30.59144263847646,29.294279098510742,29.294279098510742,91941,0.0,0.0
2014-03-20 00:00:00+08:00,29.294278632625385,29.510472552514738,28.10521207323395,28.86189079284668,143034,0.0,0.0
2014-03-21 00:00:00+08:00,28.591647684785695,28.969987035220807,28.10521137708341,28.213308334350586,100356,0.0,0.0
2014-03-24 00:00:00+08:00,28.105212475743855,28.105212475743855,27.186388303055132,27.45663070678711,95205,0.0,0.0
2014-03-25 00:00:00+08:00,27.72687681253218,29.348331451416016,27.72687681253218,29.348331451416016,113801,0.0,0.0
2014-03-26 00:00:00+08:00,29.834761809445652,30.159052671639433,29.186180085058094,29.672618865966797,92903,0.0,0.0
2014-03-27 00:00:00+08:00,29.348324515230853,30.050954692687515,29.348324515230853,29.94285774230957,103771,0.0,0.0
2014-03-28 00:00:00+08:00,29.942858793967932,29.942858793967932,28.969986206396996,29.186180114746094,39031,0.0,0.0
2014-03-31 00:00:00+08:00,29.51047097726974,29.834761839793384,28.969986206396996,29.186180114746094,37402,0.0,0.0
2014-04-01 00:00:00+08:00,29.40237576955444,29.510472730149793,29.024036407470703,29.024036407470703,65152,0.0,0.0
2014-04-02 00:00:00+08:00,29.078081000710753,29.13212947378342,28.861887108420103,28.96998405456543,64562,0.0,0.0
2014-04-03 00:00:00+08:00,28.969987927173026,29.348327289256762,28.91593944687535,29.024036407470703,29948,0.0,0.0
2014-04-07 00:00:00+08:00,28.267353322852177,29.294274290097785,28.267353322852177,28.48354721069336,67578,0.0,0.0
2014-04-08 00:00:00+08:00,28.21331458009972,29.078090429677683,28.21331458009972,28.80784797668457,34084,0.0,0.0
2014-04-09 00:00:00+08:00,28.753790162274775,29.18617794685608,28.753790162274775,28.96998405456543,30557,0.0,0.0
2014-04-10 00:00:00+08:00,29.18617908966393,30.645487919766232,29.078082139285986,29.94285774230957,246917,0.0,0.0
2014-04-11 00:00:00+08:00,29.618570419062326,30.05095574814248,29.186180114746094,29.186180114746094,98573,0.0,0.0
2014-04-14 00:00:00+08:00,28.86189481039265,29.726670610325957,28.86189481039265,29.078088760375977,21717,0.0,0.0
2014-04-15 00:00:00+08:00,29.294279326333804,29.834764138856233,29.078085401324834,29.510473251342773,55747,0.0,0.0
2014-04-16 00:00:00+08:00,29.726671513294562,30.591447339496042,29.618577022637968,30.050962448120117,101469,0.0,0.0
2014-04-17 00:00:00+08:00,30.050955717574837,30.267149625704025,29.672618865966797,29.672618865966797,65768,0.0,0.0
2014-04-18 00:00:00+08:00,29.834763669094134,29.834763669094134,29.186181904279437,29.618572235107422,99539,0.0,0.0
2014-04-21 00:00:00+08:00,29.672616692127903,29.672616692127903,28.96998405456543,28.96998405456543,47059,0.0,0.0
2014-04-22 00:00:00+08:00,28.96999127057889,28.96999127057889,28.483554891760523,28.5376033782959,77568,0.0,0.0
2014-04-23 00:00:00+08:00,28.537595682653656,29.240225818137493,28.48354721069336,28.48354721069336,44641,0.0,0.0
2014-04-24 00:00:00+08:00,28.42950394371273,28.59164938927981,27.997116088867188,27.997116088867188,54909,0.0,0.0
2014-04-25 00:00:00+08:00,28.213309554863944,28.321406516807414,27.024242973485773,27.564727783203125,90490,0.0,0.0
2014-04-28 00:00:00+08:00,26.051368798707884,28.105210956013718,26.051368798707884,27.83496856689453,24130,0.0,0.0
2014-04-29 00:00:00+08:00,27.78092119339992,28.969987752791358,27.618775753482907,28.86189079284668,77261,0.0,0.0
2014-04-30 00:00:00+08:00,29.078084476277237,29.510472312539825,28.105211844686412,28.64569664001465,63946,0.0,0.0
2014-05-02 00:00:00+08:00,29.294278808959085,29.40237576955444,28.3214061636009,29.024036407470703,32576,0.0,0.0
2014-05-05 00:00:00+08:00,29.40237123401838,29.40237123401838,28.48354721069336,28.48354721069336,20182,0.0,0.0
2014-05-06 00:00:00+08:00,28.86189147631586,30.42929992024913,28.86189147631586,29.510473251342773,226708,0.0,0.0
2014-05-07 00:00:00+08:00,29.18618573536764,29.726670610325957,28.321409935434332,29.078088760375977,103303,0.0,0.0
2014-05-08 00:00:00+08:00,29.07808607312851,29.61857338575628,28.21331035311334,28.321407318115234,101288,0.0,0.0
2014-05-09 00:00:00+08:00,28.645694097950706,28.645694097950706,28.105209350585938,28.105209350585938,20209,0.0,0.0
2014-05-12 00:00:00+08:00,28.483549428241204,29.024034189922858,28.26735552356854,28.75379180908203,20795,0.0,0.0
2014-05-13 00:00:00+08:00,28.96998876226966,28.96998876226966,27.997116088867188,27.997116088867188,22924,0.0,0.0
2014-05-14 00:00:00+08:00,28.537600440694355,28.537600440694355,27.456630821259655,27.564727783203125,33179,0.0,0.0
2014-05-15 00:00:00+08:00,27.88902153987141,28.591651864831274,27.132342728376177,28.5376033782959,102555,0.0,0.0
2014-05-16 00:00:00+08:00,28.483550667258022,28.537599145777264,27.564726532430928,28.159259796142578,33798,0.0,0.0
2014-05-19 00:00:00+08:00,28.537600964753636,28.969988820467808,27.456631325468205,28.051164627075195,89283,0.0,0.0
2014-05-20 00:00:00+08:00,28.051163877121663,28.48355172127586,27.240436669332546,27.348533630371094,61086,0.0,0.0
2014-05-21 00:00:00+08:00,27.348532921290147,27.348532921290147,26.699951171875,26.699951171875,64248,0.0,0.0
2014-05-22 00:00:00+08:00,27.02424228389213,27.132339243077222,26.69995140633684,26.91614532470703,41625,0.0,0.0
2014-05-23 00:00:00+08:00,27.07828981850386,27.889016984099243,27.024241340797502,27.780920028686523,59722,0.0,0.0
2014-05-26 00:00:00+08:00,27.99711441981624,28.32140529161776,27.889017462549063,28.213308334350586,38428,0.0,0.0
2014-05-27 00:00:00+08:00,28.3214065754998,28.3214065754998,27.618776321411133,27.618776321411133,31852,0.0,0.0
2014-05-28 00:00:00+08:00,27.61877453530167,28.051162356009048,27.456629102536407,27.726871490478516,30163,0.0,0.0
2014-05-29 00:00:00+08:00,27.56472629690852,28.213308033597706,27.456629340793654,27.943065643310547,44099,0.0,0.0
2014-05-30 00:00:00+08:00,28.159260091749495,28.645696403529115,27.348532905450128,28.429502487182617,77821,0.0,0.0
2014-06-03 00:00:00+08:00,28.42950341960299,28.645697343040137,27.45663076413583,27.510679244995117,52496,0.0,0.0
2014-06-04 00:00:00+08:00,27.564729255760515,27.834971675056025,26.808050481733083,27.132341384887695,64561,0.0,0.0
2014-06-05 00:00:00+08:00,27.02424441716949,27.834971675056025,26.916147449451287,27.132341384887695,84164,0.0,0.0
2014-06-06 00:00:00+08:00,27.13233738322942,27.240434335004764,26.970191955566406,26.970191955566406,27457,0.0,0.0
2014-06-09 00:00:00+08:00,27.02424005222283,27.672821753773345,26.64590072631836,26.64590072631836,72512,0.0,0.0
2014-06-10 00:00:00+08:00,26.862098693847656,27.186389593721653,26.862098693847656,26.862098693847656,39212,0.0,0.0
2014-06-11 00:00:00+08:00,27.2404383526059,27.45663228804231,26.862098965592185,27.132341384887695,49588,0.0,0.0
2014-06-12 00:00:00+08:00,27.024240740582727,27.348531599618305,26.645901405041222,27.240434646606445,47416,0.0,0.0
2014-06-13 00:00:00+08:00,26.916145088346717,27.024242046582575,26.59185421363914,26.699951171875,45860,0.0,0.0
2014-06-16 00:00:00+08:00,26.808049479197898,27.02424340654935,26.051370733467827,26.159467697143555,117672,0.0,0.0
2014-06-17 00:00:00+08:00,26.159468357219776,26.91614712204296,26.159468357219776,26.80805015563965,73035,0.0,0.0
2014-06-18 00:00:00+08:00,26.80804813011086,26.970193567464644,26.59185421363914,26.699951171875,27298,0.0,0.0
2014-06-19 00:00:00+08:00,26.591856546296672,27.348535320324107,26.591856546296672,27.132341384887695,31995,0.0,0.0
2014-06-20 00:00:00+08:00,27.240438077033986,27.240438077033986,26.645904760598327,26.862098693847656,7721,0.0,0.0
2014-06-23 00:00:00+08:00,26.483759472054615,27.1863897593968,26.429710988412907,27.02424430847168,36195,0.0,0.0
2014-06-24 00:00:00+08:00,27.07828997634552,27.132338454366934,26.159465849981515,26.21351432800293,34398,0.0,0.0
2014-06-25 00:00:00+08:00,26.375662504771203,27.02424430847168,25.997323119279255,27.02424430847168,59530,0.0,0.0
2014-06-26 00:00:00+08:00,26.32161152380749,26.916144787458585,26.32161152380749,26.42970848083496,64562,0.0,0.0
2014-06-27 00:00:00+08:00,26.2135142071313,26.537805073764453,25.94327181827034,26.105417251586914,39517,0.0,0.0
2014-06-30 00:00:00+08:00,25.99732185373001,25.99732185373001,25.7811279296875,25.7811279296875,48864,0.0,0.0
2014-07-01 00:00:00+08:00,25.94327163696289,26.159465546540766,25.781126204779486,25.94327163696289,42228,0.0,0.0
2014-07-02 00:00:00+08:00,25.997319806448807,26.10541675995746,24.970398748116615,25.67302894592285,33465,0.0,0.0
2014-07-03 00:00:00+08:00,25.294690968720364,25.294690968720364,25.024448570417988,25.186594009399414,51903,0.0,0.0
2014-07-04 00:00:00+08:00,25.078499375686505,25.781129676429792,24.970402406341382,25.61898422241211,74865,0.0,0.0
2014-07-07 00:00:00+08:00,25.618983450105095,25.618983450105095,24.646110755327115,24.8623046875,109191,0.0,0.0
2014-07-08 00:00:00+08:00,24.70015525817871,25.18659152718319,24.70015525817871,24.70015525817871,44340,0.0,0.0
2014-07-09 00:00:00+08:00,24.70015856309424,24.86230400779102,24.159673747438312,24.213722229003906,68772,0.0,0.0
2014-07-10 00:00:00+08:00,24.213722453568526,24.970401202504473,24.213722453568526,24.429916381835938,72392,0.0,0.0
2014-07-11 00:00:00+08:00,24.538011061519462,24.538011061519462,23.78133238302911,24.105623245239258,51881,0.0,0.0
2014-07-14 00:00:00+08:00,24.267766821908392,24.267766821908392,23.781330565764485,24.159669876098633,19304,0.0,0.0
2014-07-15 00:00:00+08:00,23.83538222927507,23.94347918955469,23.348945908016763,23.61918830871582,48882,0.0,0.0
2014-07-16 00:00:00+08:00,23.727284793621305,23.727284793621305,23.078703044937846,23.186800003051758,33798,0.0,0.0
2014-07-17 00:00:00+08:00,23.18680152111325,23.18680152111325,22.592268212562097,22.808462142944336,71306,0.0,0.0
2014-07-18 00:00:00+08:00,22.700367126792592,22.862512588500977,22.700367126792592,22.862512588500977,43057,0.0,0.0
2014-07-21 00:00:00+08:00,22.862510955316516,23.51109275581859,22.808462471941343,23.132753372192383,42058,0.0,0.0
2014-07-22 00:00:00+08:00,23.67323637481589,23.88943029159395,23.18680006206525,23.240848541259766,40358,0.0,0.0
2014-07-23 00:00:00+08:00,23.240848541259766,23.240848541259766,23.240848541259766,23.240848541259766,0,0.0,0.0
2014-07-24 00:00:00+08:00,23.57540272932382,24.810304641723633,23.57540272932382,24.810304641723633,169594,1.322809,0.0
2014-07-25 00:00:00+08:00,24.585777021287303,25.596151313250786,24.361249400850973,24.810304641723633,112826,0.0,0.0
2014-07-28 00:00:00+08:00,24.361251015535082,24.361251015535082,23.743800018410006,24.248987197875977,43081,0.0,0.0
2014-07-29 00:00:00+08:00,24.248984126799293,24.698039340563927,23.575401306152344,23.575401306152344,31372,0.0,0.0
2014-07-30 00:00:00+08:00,23.575404027972308,24.13672310998333,23.575404027972308,24.080591201782227,34475,0.0,0.0
2014-07-31 00:00:00+08:00,24.08058987530556,25.70841512346895,24.08058987530556,24.810304641723633,42870,0.0,0.0
2014-08-01 00:00:00+08:00,24.641913511828324,25.20323266737089,24.58578159627407,24.92257308959961,22984,0.0,0.0
2014-08-04 00:00:00+08:00,25.03483502896251,25.03483502896251,24.13672444795971,24.529647827148438,12931,0.0,0.0
2014-08-05 00:00:00+08:00,24.698042468512394,24.866438195001052,23.91219574489866,24.248987197875977,68169,0.0,0.0
2014-08-06 00:00:00+08:00,24.361250164050517,24.585777791520943,22.56502914428711,22.56502914428711,80717,0.0,0.0
2014-08-07 00:00:00+08:00,22.56503134196482,23.014086640640546,21.947580306285694,22.340503692626953,37403,0.0,0.0
2014-08-08 00:00:00+08:00,22.340503237271466,22.733426615603964,20.824941635131836,20.824941635131836,100619,0.0,0.0
2014-08-11 00:00:00+08:00,20.88107273699813,21.0494684640424,19.814566465717796,20.319753646850586,100021,0.0,0.0
2014-08-12 00:00:00+08:00,20.319752819123273,20.375884725851492,19.75843375184112,19.814565658569336,74201,0.0,0.0
2014-08-13 00:00:00+08:00,19.982961176509797,20.432017746573624,19.870698648687245,20.095226287841797,117456,0.0,0.0
2014-08-14 00:00:00+08:00,20.095228246914235,20.095228246914235,19.70230484008789,19.70230484008789,13273,0.0,0.0
2014-08-15 00:00:00+08:00,19.421642846015462,19.98296063699216,19.08485010462194,19.758434295654297,52665,0.0,0.0
2014-08-18 00:00:00+08:00,19.084850107390654,19.64617048195817,18.74805994945765,19.365510940551758,81561,0.0,0.0
2014-08-19 00:00:00+08:00,19.421642577073,19.590038299560547,18.748059687122815,19.590038299560547,71306,0.0,0.0
2014-08-20 00:00:00+08:00,19.36551066957715,20.095225467023184,19.084849840343235,19.590038299560547,36223,0.0,0.0
2014-08-21 00:00:00+08:00,19.53390770380405,19.814567260130122,19.084851121927578,19.197114944458008,13303,0.0,0.0
2014-08-22 00:00:00+08:00,19.08485037240491,19.646170754766977,19.08485037240491,19.533906936645508,33529,0.0,0.0
2014-08-25 00:00:00+08:00,19.533906936645508,19.646170754766977,19.309379300402565,19.533906936645508,13875,0.0,0.0
2014-08-26 00:00:00+08:00,19.590040176283996,19.590040176283996,18.635797657438253,19.14098358154297,63817,0.0,0.0
2014-08-27 00:00:00+08:00,19.758435344979194,20.432018280029297,19.758435344979194,20.432018280029297,77218,0.0,0.0
2014-08-28 00:00:00+08:00,21.779183794009363,21.835315704345703,21.779183794009363,21.835315704345703,135916,0.0,0.0
2014-08-29 00:00:00+08:00,22.284369870446106,22.284369870446106,21.161731719970703,21.161731719970703,164576,0.0,0.0
2014-09-01 00:00:00+08:00,21.161731719970703,21.779182702732175,21.161731719970703,21.161731719970703,43588,0.0,0.0
2014-09-02 00:00:00+08:00,20.99333627192167,21.33012772146839,20.319753372828227,20.544281005859375,36799,0.0,0.0
2014-09-03 00:00:00+08:00,20.768808364868164,20.937204087419722,20.319753104730676,20.768808364868164,18701,0.0,0.0
2014-09-04 00:00:00+08:00,20.712676730632733,21.217863904952818,20.544281005859375,20.544281005859375,13332,0.0,0.0
2014-09-05 00:00:00+08:00,20.656545385728176,20.656545385728176,20.039094378053157,20.095226287841797,29560,0.0,0.0
2014-09-09 00:00:00+08:00,20.207488662165265,20.375884379487395,19.982959747314453,19.982959747314453,12246,0.0,0.0
2014-09-10 00:00:00+08:00,19.98296063699216,20.09522574529313,19.64617047910802,19.758434295654297,22924,0.0,0.0
2014-09-11 00:00:00+08:00,19.758435368324275,20.151358747567752,19.758435368324275,20.039094924926758,26543,0.0,0.0
2014-09-12 00:00:00+08:00,20.26362091239506,20.26362091239506,19.75843375184112,19.814565658569336,8712,0.0,0.0
2014-09-15 00:00:00+08:00,19.92683112677157,20.09522686093998,19.64617156982422,19.64617156982422,6032,0.0,0.0
2014-09-16 00:00:00+08:00,20.15135765356627,20.263621470112547,19.421642846015462,19.758434295654297,31251,0.0,0.0
2014-09-17 00:00:00+08:00,19.81456326955453,20.31975036919875,19.81456326955453,20.26361846923828,50071,0.0,0.0
2014-09-18 00:00:00+08:00,20.375883671659853,20.881070806076814,20.375883671659853,20.712675094604492,59768,0.0,0.0
2014-09-19 00:00:00+08:00,20.768808364868164,21.105599809971277,20.319753104730676,20.768808364868164,54053,0.0,0.0
2014-09-22 00:00:00+08:00,20.544282152055747,20.71267788622416,19.64617156982422,19.64617156982422,82044,0.0,0.0
2014-09-23 00:00:00+08:00,19.646170207056397,19.814565929543942,19.3093787620813,19.590038299560547,30344,0.0,0.0
2014-09-24 00:00:00+08:00,19.702300584599097,20.93720245361328,19.702300584599097,20.93720245361328,98227,0.0,0.0
2014-09-25 00:00:00+08:00,21.666918887684634,22.284369870446106,21.161731719970703,21.161731719970703,336731,0.0,0.0
2014-09-26 00:00:00+08:00,20.31975036919875,20.824937468842972,20.095222769356877,20.26361846923828,88680,0.0,0.0
2014-09-29 00:00:00+08:00,19.814566201164958,20.37588528381809,19.814566201164958,20.151357650756836,71909,0.0,0.0
2014-09-30 00:00:00+08:00,20.095224642252457,20.095224642252457,19.814565116292357,19.870697021484375,22190,0.0,0.0
2014-10-01 00:00:00+08:00,19.81456721201183,21.217864990234375,19.758435300882926,21.217864990234375,280879,0.0,0.0
2014-10-02 00:00:00+08:00,21.21786443105522,22.284370714397465,21.105600611756035,21.666919708251953,242151,0.0,0.0
2014-10-03 00:00:00+08:00,22.003712544342577,23.0140869813196,21.666921065350234,21.723052978515625,220278,0.0,0.0
2014-10-06 00:00:00+08:00,21.554654286384753,22.396632868528325,21.3301266644798,22.22823715209961,63383,0.0,0.0
2014-10-07 00:00:00+08:00,22.115973341147136,22.56502858495704,21.666918097337227,22.22823715209961,153558,0.0,0.0
2014-10-08 00:00:00+08:00,22.228239932387883,22.50889949487372,21.38626124493037,21.554656982421875,129099,0.0,0.0
2014-10-09 00:00:00+08:00,22.003712582567932,22.003712582567932,21.330129623413086,21.330129623413086,115224,0.0,0.0
2014-10-13 00:00:00+08:00,21.049469601750133,21.105601513798774,19.9268313607773,20.207490921020508,56707,0.0,0.0
2014-10-14 00:00:00+08:00,20.207490683718923,20.65654597483469,19.365512012876867,19.64617156982422,84814,0.0,0.0
2014-10-15 00:00:00+08:00,19.81456759633896,20.15135906964484,19.365512298597782,19.42164421081543,63463,0.0,0.0
2014-10-16 00:00:00+08:00,19.42164305631973,19.53390687408164,18.972587785272093,19.084850311279297,79635,0.0,0.0
2014-10-17 00:00:00+08:00,19.253248504942427,20.375886751090114,19.02872085571289,19.02872085571289,201491,0.0,0.0
2014-10-20 00:00:00+08:00,19.25324766777007,19.36551148750337,18.972588118436825,19.30937957763672,92179,0.0,0.0
2014-10-21 00:00:00+08:00,19.309380058743194,19.982961702171004,19.197114944458008,19.197114944458008,68962,0.0,0.0
2014-10-22 00:00:00+08:00,19.590037476657756,19.758433192071642,19.19711284893741,19.477773666381836,94109,0.0,0.0
2014-10-23 00:00:00+08:00,19.42164202507448,19.64616964867639,18.97258677787066,19.253246307373047,139475,0.0,0.0
2014-10-24 00:00:00+08:00,19.421641453420225,19.421641453420225,18.52353098544746,18.916454315185547,52001,0.0,0.0
2014-10-27 00:00:00+08:00,19.084850897223998,19.253247920791708,17.625421221511644,18.24287223815918,135192,0.0,0.0
2014-10-28 00:00:00+08:00,18.29900197798288,18.748058501301355,18.242870074037395,18.467397689819336,39845,0.0,0.0
2014-10-29 00:00:00+08:00,18.523530885519413,18.860322309192327,18.242870074037395,18.467397689819336,34446,0.0,0.0
2014-10-30 00:00:00+08:00,18.579666389325475,19.084852330961397,18.467401267928242,18.748062133789062,47155,0.0,0.0
2014-10-31 00:00:00+08:00,18.748057487734798,18.748057487734798,18.523529884091374,18.635793685913086,41625,0.0,0.0
2014-11-03 00:00:00+08:00,18.860323967510183,19.365511147438774,18.860323967510183,19.084850311279297,57913,0.0,0.0
2014-11-04 00:00:00+08:00,19.197115856774253,19.30938097639468,18.691929923133824,18.97258949279785,42832,0.0,0.0
2014-11-05 00:00:00+08:00,19.084848736175843,19.477773357668525,18.691926698192354,18.916454315185547,67565,0.0,0.0
2014-11-06 00:00:00+08:00,18.916457578865046,18.97258949279785,18.523534181335407,18.97258949279785,85866,0.0,0.0
2014-11-07 00:00:00+08:00,18.916456771155183,19.309380151907465,18.86032485961914,18.86032485961914,17731,0.0,0.0
2014-11-10 00:00:00+08:00,19.08485011327941,19.14098202157801,18.57966423034668,18.57966423034668,45055,0.0,0.0
2014-11-11 00:00:00+08:00,18.80419158935547,18.972587311795884,18.467398852719974,18.80419158935547,34398,0.0,0.0
2014-11-12 00:00:00+08:00,18.635794693410382,18.69192659735587,18.18673817009191,18.467397689819336,43736,0.0,0.0
2014-11-13 00:00:00+08:00,18.52353148824074,18.579663394012652,17.62541970413549,18.07447624206543,117818,0.0,0.0
2014-11-14 00:00:00+08:00,17.96221531152736,18.29900550842285,17.793819567202192,18.29900550842285,48864,0.0,0.0
2014-11-17 00:00:00+08:00,18.41126933797296,18.63579828882802,18.074479141077468,18.29900550842285,17498,0.0,0.0
2014-11-18 00:00:00+08:00,18.355134479170367,18.52353148824074,17.569287798363575,18.07447624206543,45245,0.0,0.0
2014-11-19 00:00:00+08:00,18.130609243729655,18.130609243729655,17.681552678656796,17.96221351623535,28353,0.0,0.0
2014-11-20 00:00:00+08:00,17.737686420688863,18.299004237705613,17.737686420688863,17.906082153320312,37441,0.0,0.0
2014-11-21 00:00:00+08:00,18.07447678661345,18.299003124711003,17.849949156761223,18.01834487915039,57913,0.0,0.0
2014-11-24 00:00:00+08:00,18.13060979682891,18.24287232682846,17.906082153320312,17.906082153320312,39212,0.0,0.0
2014-11-25 00:00:00+08:00,18.1306075779304,18.186738190183306,17.73768424987793,17.73768424987793,22734,0.0,0.0
2014-11-26 00:00:00+08:00,17.906081607070583,18.186739861139714,17.906081607070583,17.96221351623535,18098,0.0,0.0
2014-11-27 00:00:00+08:00,18.186737060546875,18.186737060546875,17.96221075021753,18.186737060546875,29137,0.0,0.0
2014-11-28 00:00:00+08:00,18.2990041487635,18.2990041487635,17.73768633447503,18.24287223815918,27147,0.0,0.0
2014-12-01 00:00:00+08:00,17.84994990819579,17.962213727847903,17.569289067310777,17.68155288696289,19304,0.0,0.0
2014-12-02 00:00:00+08:00,17.79381561279297,17.79381561279297,17.79381561279297,17.79381561279297,47054,0.0,0.0
2014-12-03 00:00:00+08:00,19.02872085571289,19.02872085571289,19.02872085571289,19.02872085571289,616539,0.0,0.0
2014-12-04 00:00:00+08:00,18.97258949279785,18.97258949279785,18.97258949279785,18.97258949279785,248666,0.0,0.0
2014-12-05 00:00:00+08:00,18.972584709108972,19.08484721691424,18.411264419555664,18.411264419555664,118240,0.0,0.0
2014-12-08 00:00:00+08:00,18.467399121994784,18.748059955242486,18.411267213696185,18.57966423034668,40418,0.0,0.0
2014-12-09 00:00:00+08:00,18.579661410649802,18.635793310429683,18.074474312630866,18.411264419555664,106778,0.0,0.0
2014-12-10 00:00:00+08:00,18.355134479170367,18.355134479170367,17.962212430521603,18.07447624206543,50674,0.0,0.0
2014-12-11 00:00:00+08:00,17.625420769492028,18.29900367946925,17.625420769492028,17.96221351623535,26608,0.0,0.0
2014-12-12 00:00:00+08:00,18.07447624206543,18.242870667626537,18.07447624206543,18.07447624206543,28973,0.0,0.0
2014-12-15 00:00:00+08:00,18.07447624206543,18.130608147837343,17.962212430521603,18.07447624206543,8045,0.0,0.0
2014-12-16 00:00:00+08:00,18.299000861588805,18.691925456990063,18.130606451780423,18.186737060546875,11462,0.0,0.0
2014-12-17 00:00:00+08:00,18.186740415951313,18.186740415951313,17.737686420688863,17.906082153320312,24130,0.0,0.0
2014-12-18 00:00:00+08:00,17.962213782340065,18.242872040567065,17.737686142354683,18.1306095123291,55500,0.0,0.0
2014-12-19 00:00:00+08:00,18.299001998198296,18.41126580621329,17.73768424987793,17.73768424987793,64550,0.0,0.0
2014-12-22 00:00:00+08:00,17.90608052474969,18.07447624206543,17.569287798363575,18.07447624206543,65152,0.0,0.0
2014-12-23 00:00:00+08:00,18.186738761854624,18.186738761854624,17.849948618977777,18.07447624206543,36859,0.0,0.0
2014-12-24 00:00:00+08:00,18.07447756057044,19.30937957763672,18.01834565070379,19.30937957763672,420428,0.0,0.0
2014-12-25 00:00:00+08:00,19.646167902308488,19.646167902308488,18.635793685913086,18.635793685913086,306882,0.0,0.0
2014-12-26 00:00:00+08:00,18.57966178500223,18.97258509137822,18.57966178500223,18.635793685913086,112811,0.0,0.0
2014-12-29 00:00:00+08:00,18.86032485961914,19.253248240371423,18.69192912501102,18.86032485961914,109191,0.0,0.0
2014-12-30 00:00:00+08:00,19.08484983500149,19.08484983500149,18.80419158935547,18.80419158935547,19320,0.0,0.0
2014-12-31 00:00:00+08:00,18.916457578865046,19.421644804260293,18.86032566493224,18.97258949279785,118536,0.0,0.0
2015-01-05 00:00:00+08:00,19.197115856774253,19.197115856774253,18.86032566493224,18.97258949279785,111006,0.0,0.0
2015-01-06 00:00:00+08:00,18.804194048610256,18.972589793073844,18.63579830414667,18.748062133789062,60577,0.0,0.0
2015-01-07 00:00:00+08:00,18.74806129417597,19.646171891094117,18.74806129417597,19.02872085571289,57974,0.0,0.0
2015-01-08 00:00:00+08:00,19.197115856774253,19.197115856774253,18.86032566493224,18.97258949279785,29017,0.0,0.0
2015-01-09 00:00:00+08:00,19.084851214008538,19.19711503708062,18.86032485961914,18.86032485961914,31369,0.0,0.0
2015-01-12 00:00:00+08:00,18.972587785272093,19.42164305631973,18.972587785272093,19.084850311279297,61532,0.0,0.0
2015-01-13 00:00:00+08:00,19.08485147626549,19.253248504942427,19.02872085571289,19.02872085571289,13573,0.0,0.0
2015-01-14 00:00:00+08:00,19.084848736175843,19.14098064042414,18.860322410937247,18.916454315185547,77313,0.0,0.0
2015-01-15 00:00:00+08:00,18.804193750999435,19.084852028908642,18.74806183706663,18.97258949279785,14813,0.0,0.0
2015-01-16 00:00:00+08:00,19.19711364996176,19.19711364996176,18.748059681875333,18.80419158935547,22381,0.0,0.0
2015-01-19 00:00:00+08:00,18.86032128955651,18.86032128955651,18.07447467680453,18.635793685913086,79631,0.0,0.0
2015-01-20 00:00:00+08:00,18.29900305673472,18.635795792016623,18.29900305673472,18.355134963989258,30826,0.0,0.0
2015-01-21 00:00:00+08:00,18.41126578587385,18.579662789464898,18.355133881928367,18.467397689819336,21235,0.0,0.0
2015-01-22 00:00:00+08:00,18.57966477738292,18.6357966873342,18.467399665725633,18.52353286743164,13294,0.0,0.0
2015-01-23 00:00:00+08:00,18.635795617276813,19.814565658569336,18.635795617276813,19.814565658569336,289108,0.0,0.0
2015-01-26 00:00:00+08:00,21.161731719970703,21.161731719970703,20.37588501463792,21.161731719970703,536553,0.0,0.0
2015-01-27 00:00:00+08:00,21.33012883584505,21.891447947748613,20.76880972394148,20.824941635131836,636658,0.0,0.0
2015-01-28 00:00:00+08:00,20.76880974755435,20.76880974755435,20.26362254626677,20.432018280029297,119507,0.0,0.0
2015-01-29 00:00:00+08:00,19.9268305328664,21.105600636912868,19.9268305328664,20.881072998046875,110101,0.0,0.0
2015-01-30 00:00:00+08:00,21.27399639340319,21.27399639340319,19.92683055847588,20.095226287841797,181583,0.0,0.0
2015-02-02 00:00:00+08:00,19.758436755348797,20.20749207743605,19.646172924826985,19.70230484008789,85060,0.0,0.0
2015-02-03 00:00:00+08:00,19.758431473559384,21.04946517944336,19.758431473559384,21.04946517944336,453114,0.0,0.0
2015-02-04 00:00:00+08:00,21.049468167545562,22.508897781372074,21.049468167545562,22.50889778137207,1013407,0.0,0.0
2015-02-05 00:00:00+08:00,23.350877214585005,23.968328226464404,22.84569002304731,23.40700912475586,1370262,0.0,0.0
2015-02-06 00:00:00+08:00,23.968327383122432,24.64191028147221,22.789557311010313,24.473514556884766,1090640,0.0,0.0
2015-02-09 00:00:00+08:00,24.698039340563927,24.698039340563927,23.519269404431764,23.575401306152344,507952,0.0,0.0
2015-02-10 00:00:00+08:00,23.57540288352933,23.799930505434283,22.059841435670897,22.22823715209961,301843,0.0,0.0
2015-02-11 00:00:00+08:00,20.881073523460962,21.77918410152339,20.881073523460962,21.217864990234375,272978,0.0,0.0
2015-02-12 00:00:00+08:00,21.217864146171596,22.67729377746582,21.217864146171596,22.67729377746582,431056,0.0,0.0
2015-02-13 00:00:00+08:00,22.789559553177458,23.238614862924607,22.228240415993522,22.284372329711914,387056,0.0,0.0
2015-02-24 00:00:00+08:00,22.8456903656281,22.8456903656281,21.610788323351418,22.003711700439453,146890,0.0,0.0
2015-02-25 00:00:00+08:00,22.003712544342577,22.059844457507968,21.666921065350234,21.723052978515625,83854,0.0,0.0
2015-02-26 00:00:00+08:00,21.610787798602363,21.89144734685032,21.498523979303176,21.666919708251953,86902,0.0,0.0
2015-03-02 00:00:00+08:00,21.835312312258093,23.18247795104981,21.666916607409128,23.182477951049805,447129,0.0,0.0
2015-03-03 00:00:00+08:00,23.3508758404336,23.407007747301208,22.39663342368429,22.56502914428711,362563,0.0,0.0
2015-03-04 00:00:00+08:00,22.228238242730242,22.452765875651668,21.89144679334811,22.11597442626953,171961,0.0,0.0
2015-03-05 00:00:00+08:00,22.115973082194408,22.508896415927396,21.89144546291842,22.4527645111084,171931,0.0,0.0
2015-03-06 00:00:00+08:00,22.62116022556539,24.024457846040338,22.4527645111084,22.4527645111084,798364,0.0,0.0
2015-03-09 00:00:00+08:00,21.947580369902045,22.003712282399214,20.9933378574502,21.554656982421875,539098,0.0,0.0
2015-03-10 00:00:00+08:00,21.723050795208405,21.947578425303487,21.105599812446933,21.161731719970703,91334,0.0,0.0
2015-03-11 00:00:00+08:00,20.488148827282235,20.993335994936906,20.488148827282235,20.768808364868164,91705,0.0,0.0
2015-03-12 00:00:00+08:00,20.881069478675883,21.273992780466656,20.881069478675883,21.04946517944336,45568,0.0,0.0
2015-03-13 00:00:00+08:00,21.049470057098567,21.77918492951632,20.993338143835665,21.330129623413086,125521,0.0,0.0
2015-03-16 00:00:00+08:00,21.330129623413086,21.330129623413086,21.330129623413086,21.330129623413086,0,0.0,0.0
2015-03-17 00:00:00+08:00,21.666918605386073,21.666918605386073,20.993335723876953,20.993335723876953,25337,0.0,0.0
2015-03-18 00:00:00+08:00,21.33012468072248,21.33012468072248,20.99333327918753,21.04946517944336,21733,0.0,0.0
2015-03-19 00:00:00+08:00,21.33012468072248,21.33012468072248,21.04946517944336,21.04946517944336,46213,0.0,0.0
2015-03-20 00:00:00+08:00,21.217862229021453,21.217862229021453,20.544279383132174,20.712675094604492,139684,0.0,0.0
2015-03-23 00:00:00+08:00,20.824939995861772,20.99333571617729,20.544280462002575,20.600412368774414,59783,0.0,0.0
2015-03-24 00:00:00+08:00,20.600414013791823,20.76880974755435,20.26362254626677,20.432018280029297,37401,0.0,0.0
2015-03-25 00:00:00+08:00,20.488148191035485,20.488148191035485,19.92682913329504,19.982959747314453,69755,0.0,0.0
2015-03-26 00:00:00+08:00,19.870698648687245,20.26362201720771,19.870698648687245,20.095226287841797,41190,0.0,0.0
2015-03-27 00:00:00+08:00,20.095224642252457,20.26362035782852,19.870697021484375,19.870697021484375,41625,0.0,0.0
2015-03-30 00:00:00+08:00,19.92683002336458,19.98296063989117,19.309379032270474,19.365510940551758,42530,0.0,0.0
2015-03-31 00:00:00+08:00,19.3655112094633,19.533906936645508,19.309379300402565,19.533906936645508,28956,0.0,0.0
2015-04-01 00:00:00+08:00,19.590039615069266,19.646171526334477,19.197114944458008,19.197114944458008,21717,0.0,0.0
2015-04-02 00:00:00+08:00,19.365511970008406,19.365511970008406,19.140983033192793,19.197114944458008,24332,0.0,0.0
2015-04-07 00:00:00+08:00,19.19711254467244,19.253245740675332,18.916454315185547,18.916454315185547,55114,0.0,0.0
2015-04-08 00:00:00+08:00,18.972587785272093,19.53390687408164,18.972587785272093,19.084850311279297,63220,0.0,0.0
2015-04-09 00:00:00+08:00,19.140983942841448,19.30938097639468,18.691929923133824,18.97258949279785,125117,0.0,0.0
2015-04-10 00:00:00+08:00,19.084850311279297,19.42164305631973,18.972587785272093,19.084850311279297,130305,0.0,0.0
2015-04-13 00:00:00+08:00,19.309378213273526,19.42164202507448,19.084849297916982,19.253246307373047,33782,0.0,0.0
2015-04-14 00:00:00+08:00,19.084850311279297,19.30937923855782,19.084850311279297,19.084850311279297,29104,0.0,0.0
2015-04-15 00:00:00+08:00,19.084849297916982,19.702301554576866,19.084849297916982,19.253246307373047,110397,0.0,0.0
2015-04-16 00:00:00+08:00,19.253247391341826,19.533906936645508,19.253247391341826,19.533906936645508,56126,0.0,0.0
2015-04-17 00:00:00+08:00,19.42164130665004,20.881070806076814,19.42164130665004,20.712675094604492,354262,0.0,0.0
2015-04-20 00:00:00+08:00,20.432017194931962,20.488149103205103,19.758434295654297,19.758434295654297,188220,0.0,0.0
2015-04-21 00:00:00+08:00,19.64617262704616,20.095227942326993,19.64617262704616,19.92683219909668,96522,0.0,0.0
2015-04-22 00:00:00+08:00,19.92683219909668,20.039096027916887,19.533908798225948,19.92683219909668,56275,0.0,0.0
2015-04-23 00:00:00+08:00,19.926828926676396,19.926828926676396,19.421641779948214,19.870697021484375,60931,0.0,0.0
2015-04-24 00:00:00+08:00,19.64617047910802,19.870698112200575,19.53390666256174,19.758434295654297,39512,0.0,0.0
2015-04-27 00:00:00+08:00,19.64617048195817,19.758434298520733,18.860323766020215,19.365510940551758,173802,0.0,0.0
2015-04-28 00:00:00+08:00,19.590039126969963,19.590039126969963,19.084850646415397,19.30937957763672,50674,0.0,0.0
2015-04-29 00:00:00+08:00,19.309380417249812,19.309380417249812,18.972588943405505,19.02872085571289,57913,0.0,0.0
2015-04-30 00:00:00+08:00,19.028720502417123,19.309380058743194,18.972588591151908,19.197114944458008,48261,0.0,0.0
2015-05-04 00:00:00+08:00,19.08484983500149,19.08484983500149,18.635795866915057,18.80419158935547,81441,0.0,0.0
2015-05-05 00:00:00+08:00,18.635795299784565,18.69192720555648,17.962212430521603,18.07447624206543,91890,0.0,0.0
2015-05-06 00:00:00+08:00,17.962211865907914,17.962211865907914,17.40089153407836,17.73768424987793,166501,0.0,0.0
2015-05-07 00:00:00+08:00,17.68155187149494,18.18673903091609,17.68155187149494,17.84994888305664,88740,0.0,0.0
2015-05-08 00:00:00+08:00,18.07447650946604,18.07447650946604,17.73768506985194,17.84994888305664,26253,0.0,0.0
2015-05-11 00:00:00+08:00,18.074477272339053,18.074477272339053,17.34476116395458,17.51315689086914,53208,0.0,0.0
2015-05-12 00:00:00+08:00,17.288629279426527,17.288629279426527,16.334386825561523,16.334386825561523,78006,0.0,0.0
2015-05-13 00:00:00+08:00,15.211747989406534,15.773067055740553,15.211747989406534,15.32401180267334,416974,0.0,0.0
2015-05-14 00:00:00+08:00,15.26788044522296,15.26788044522296,14.818825176003307,14.874957084655762,84640,0.0,0.0
2015-05-15 00:00:00+08:00,14.93108857674162,14.987220483828038,14.425901412963865,14.425901412963867,86871,0.0,0.0
2015-05-18 00:00:00+08:00,14.425899330891886,15.324009714651414,14.425899330891886,15.043350219726562,148681,0.0,0.0
2015-05-19 00:00:00+08:00,14.874958692139455,15.267882095168481,14.874958692139455,15.099486351013184,39815,0.0,0.0
2015-05-20 00:00:00+08:00,14.987222521576319,15.155618265731617,14.594299118547292,15.099486351013184,57963,0.0,0.0
2015-05-21 00:00:00+08:00,14.650429315342056,14.987220764160154,14.650429315342056,14.987220764160156,26543,0.0,0.0
2015-05-22 00:00:00+08:00,15.043353509804609,15.099485421065989,14.706562042236328,14.706562042236328,29687,0.0,0.0
2015-05-25 00:00:00+08:00,14.818826777421021,15.267882095168481,14.818826777421021,15.099486351013184,27147,0.0,0.0
2015-05-26 00:00:00+08:00,14.706562846750947,15.155618161407316,14.594299018086854,14.818826675415039,65876,0.0,0.0
2015-05-27 00:00:00+08:00,14.650430932418901,14.874958589747086,14.538167103754809,14.818826675415039,53097,0.0,0.0
2015-05-28 00:00:00+08:00,14.818826675415039,14.818826675415039,14.706562846750947,14.818826675415039,23527,0.0,0.0
2015-05-29 00:00:00+08:00,14.81882262378668,15.660801108561236,14.81882262378668,15.043350219726562,120800,0.0,0.0
2015-06-01 00:00:00+08:00,14.594297541393479,14.874957084655763,14.594297541393479,14.874957084655762,30766,0.0,0.0
2015-06-02 00:00:00+08:00,14.931086421756621,15.155614017696502,14.931086421756621,15.043350219726562,9652,0.0,0.0
2015-06-03 00:00:00+08:00,15.043354332743224,15.043354332743224,14.762694761082994,14.818826675415039,17736,0.0,0.0
2015-06-04 00:00:00+08:00,14.81882532374552,14.874957232957605,14.369770050048828,14.369770050048828,19939,0.0,0.0
2015-06-05 00:00:00+08:00,14.425902225645373,14.594297956391179,14.089110764153764,14.538166046142578,27750,0.0,0.0
2015-06-08 00:00:00+08:00,14.36977067849955,14.538166413500466,13.134868621826172,13.134868621826172,136941,0.0,0.0
2015-06-09 00:00:00+08:00,12.573548730025186,12.685812546438315,11.843833923339844,11.843833923339844,103158,0.0,0.0
2015-06-10 00:00:00+08:00,11.282516189992927,11.619307679492572,11.024308606323627,11.080440521240234,269178,0.0,0.0
2015-06-11 00:00:00+08:00,11.136571601293989,12.180625915527344,11.136571601293989,12.180625915527344,233826,0.0,0.0
2015-06-12 00:00:00+08:00,12.124493613275954,12.124493613275954,11.282514979836979,11.33864688873291,178109,0.0,0.0
2015-06-15 00:00:00+08:00,11.394777990967809,11.731569420501204,11.394777990967809,11.619305610656738,61533,0.0,0.0
2015-06-16 00:00:00+08:00,11.563174106481586,11.563174106481586,11.181477398132795,11.282514572143555,53298,0.0,0.0
2015-06-17 00:00:00+08:00,11.450911521911621,11.563175347697472,11.33864769612577,11.450911521911621,31611,0.0,0.0
2015-06-18 00:00:00+08:00,11.563173836710382,11.787701458942532,11.507041931152344,11.507041931152344,57726,0.0,0.0
2015-06-22 00:00:00+08:00,11.563175347697472,11.731571086376249,11.450911521911621,11.450911521911621,32815,0.0,0.0
2015-06-23 00:00:00+08:00,11.619307113598838,11.619307113598838,11.507043289233195,11.563175201416016,36833,0.0,0.0
2015-06-24 00:00:00+08:00,11.450911377050373,11.73157093796448,11.450911377050373,11.563175201416016,36799,0.0,0.0
2015-06-25 00:00:00+08:00,11.67543857026334,12.685812950134277,11.67543857026334,12.685812950134277,330045,0.0,0.0
2015-06-26 00:00:00+08:00,13.022602326334521,13.247129930379003,12.629679019256676,12.798074722290039,282932,0.0,0.0
2015-06-29 00:00:00+08:00,12.461283473723121,12.461283473723121,11.675436849635012,11.787700653076172,147800,0.0,0.0
2015-06-30 00:00:00+08:00,11.507043289233195,11.787702850147303,11.450911377050373,11.563175201416016,60930,0.0,0.0
2015-07-01 00:00:00+08:00,11.61930680844105,12.68581311190501,11.61930680844105,12.180625915527344,135855,0.0,0.0
2015-07-02 00:00:00+08:00,12.068361690108436,12.180625507767541,11.95609787244933,12.124493598937988,45245,0.0,0.0
2015-07-03 00:00:00+08:00,11.956098959176353,12.236758528834136,11.956098959176353,12.01223087310791,43435,0.0,0.0
2015-07-06 00:00:00+08:00,12.012228387470351,12.012228387470351,11.675436973571777,11.675436973571777,44038,0.0,0.0
2015-07-07 00:00:00+08:00,11.843834061558711,11.956097879281971,11.731570243835451,11.73157024383545,12065,0.0,0.0
2015-07-08 00:00:00+08:00,11.619306433212568,11.843834068796296,11.33864688873291,11.33864688873291,57913,0.0,0.0
2015-07-09 00:00:00+08:00,11.203929385827042,11.282514572143555,10.900817863794762,11.282514572143555,22924,0.0,0.0
2015-07-10 00:00:00+08:00,11.282514572143555,11.282514572143555,11.282514572143555,11.282514572143555,0,0.0,0.0
2015-07-13 00:00:00+08:00,11.394779464867552,11.675439025781658,11.394779464867552,11.563175201416016,10256,0.0,0.0
2015-07-14 00:00:00+08:00,11.731571086376249,11.787702999269175,11.226383870339918,11.450911521911621,41022,0.0,0.0
2015-07-15 00:00:00+08:00,11.450910292746373,11.563174106481586,11.282514572143555,11.282514572143555,19304,0.0,0.0
2015-07-16 00:00:00+08:00,11.450910706524773,11.563174524316636,11.33864688873291,11.33864688873291,13271,0.0,0.0
2015-07-17 00:00:00+08:00,11.450909829596167,11.450909829596167,11.192702293395996,11.192702293395996,25690,0.0,0.0
2015-07-20 00:00:00+08:00,11.226383758647943,11.226383758647943,10.777328459972217,11.170251846313477,43435,0.0,0.0
2015-07-21 00:00:00+08:00,11.17025057076889,11.17025057076889,10.833459135220721,10.968174934387207,26543,0.0,0.0
2015-07-22 00:00:00+08:00,11.091666391137949,11.091666391137949,10.889592028194574,11.001855850219727,11463,0.0,0.0
2015-07-23 00:00:00+08:00,11.046761272375946,11.091666543451709,10.665064530599814,10.687517166137695,44641,0.0,0.0
2015-07-24 00:00:00+08:00,10.642611111559521,10.642611111559521,10.530347289444473,10.597705841064453,22320,0.0,0.0
2015-07-27 00:00:00+08:00,10.72119588801705,10.72119588801705,9.542425155639648,9.542425155639648,112812,0.0,0.0
2015-07-28 00:00:00+08:00,8.756577805831771,9.29544422177366,8.756577805831771,9.138275146484375,116068,0.0,0.0
2015-07-29 00:00:00+08:00,9.362803302122428,9.362803302122428,9.149501663869817,9.261765480041504,44641,0.0,0.0
2015-07-30 00:00:00+08:00,9.295445564226354,9.508747221069576,9.295445564226354,9.374030113220215,73598,0.0,0.0
2015-07-31 00:00:00+08:00,9.340350421210246,9.40770832160667,8.880068528720045,8.92497444152832,38005,0.0,0.0
2015-08-03 00:00:00+08:00,8.958652481220238,9.2168593638316,8.779030779399891,8.947425842285156,12668,0.0,0.0
2015-08-04 00:00:00+08:00,8.891295190011638,8.891295190011638,8.139128360125406,8.329976081848145,121862,0.0,0.0
2015-08-05 00:00:00+08:00,8.39733263527657,8.655539512634277,8.16157903533218,8.655539512634277,28956,0.0,0.0
2015-08-06 00:00:00+08:00,8.65554121240372,8.779032324796255,8.19525991495459,8.318750381469727,16891,0.0,0.0
2015-08-07 00:00:00+08:00,8.3075235834408,8.509598594881332,8.3075235834408,8.419787406921387,38609,0.0,0.0
2015-08-10 00:00:00+08:00,8.442240414281075,9.21686121794178,8.251392035133625,8.880069732666016,77218,0.0,0.0
2015-08-11 00:00:00+08:00,8.992332341924744,9.216859968334145,8.86884253492597,8.92497444152832,61533,0.0,0.0
2015-08-12 00:00:00+08:00,8.92497444152832,9.014784975390219,8.756578075843944,8.92497444152832,46451,0.0,0.0
2015-08-13 00:00:00+08:00,8.868842107975219,9.553650948030436,8.868842107975219,9.2280855178833,92299,0.0,0.0
2015-08-14 00:00:00+08:00,9.183181734895554,9.272992272608981,8.868842915266502,9.160728454589844,90490,0.0,0.0
2015-08-17 00:00:00+08:00,9.205633927621594,9.205633927621594,8.756578645585291,8.082996368408203,50090,0.0,0.0
2015-08-18 00:00:00+08:00,8.940095795839405,9.172783625071508,8.646174438584968,8.989082336425781,60326,0.994355,0.0
2015-08-19 00:00:00+08:00,8.989081494488659,9.111549243641454,8.572693824768066,8.572693824768066,41677,0.0,0.0
2015-08-20 00:00:00+08:00,8.633928229834831,8.854369073523074,8.633928229834831,8.780888557434082,18123,0.0,0.0
2015-08-21 00:00:00+08:00,8.75639533996582,8.940095926722192,8.486967953638889,8.75639533996582,16288,0.0,0.0
2015-08-24 00:00:00+08:00,8.756396601649685,8.768643591029573,7.8868800838852415,8.193048477172852,60447,0.0,0.0
2015-08-25 00:00:00+08:00,7.421504064220082,7.923619288424406,7.384763805569737,7.801152229309082,53087,0.0,0.0
2015-08-26 00:00:00+08:00,7.8011533010091965,7.9358673663741826,7.348025260948816,7.911374092102051,41641,0.0,0.0
2015-08-27 00:00:00+08:00,8.021593923434494,8.621682294616598,7.837893315369096,8.511462211608887,62739,0.0,0.0
2015-08-28 00:00:00+08:00,8.511462016042833,8.927849769592285,8.511462016042833,8.927849769592285,48261,0.0,0.0
2015-08-31 00:00:00+08:00,9.185031120975419,9.185031120975419,8.609436022463662,9.050317764282227,31369,0.0,0.0
2015-09-01 00:00:00+08:00,9.038070744484095,9.589172567593213,8.940096946126712,9.172784805297852,108648,0.0,0.0
2015-09-02 00:00:00+08:00,9.172784805297852,9.234018341198864,8.940096946126712,9.172784805297852,24130,0.0,0.0
2015-09-03 00:00:00+08:00,9.172785700605129,9.47895340999361,9.074811892685037,9.19727897644043,25337,0.0,0.0
2015-09-04 00:00:00+08:00,9.197277041337257,9.246263582701111,8.9645892084121,9.038069725036621,35592,0.0,0.0
2015-09-07 00:00:00+08:00,9.038070581931112,9.160536946951717,8.989083331344064,9.025823593139648,9948,0.0,0.0
2015-09-08 00:00:00+08:00,9.025823648826625,9.111551161738173,8.744149246094361,9.001330375671387,13875,0.0,0.0
2015-09-09 00:00:00+08:00,9.062564048756796,9.34423845577539,8.927849987484786,9.050317764282227,34414,0.0,0.0
2015-09-10 00:00:00+08:00,9.050317570722575,9.356485244721103,8.9156035123317,9.025823593139648,28956,0.0,0.0
2015-09-11 00:00:00+08:00,9.062562851884072,9.185029907928739,8.829875727230696,8.989082336425781,63861,0.0,0.0
2015-09-14 00:00:00+08:00,9.001328424940926,9.001328424940926,8.719654083251953,8.719654083251953,37315,0.0,0.0
2015-09-15 00:00:00+08:00,8.744148388259482,8.878863138844277,8.744148388259482,8.854369163513184,9652,0.0,0.0
2015-09-16 00:00:00+08:00,8.878864079961932,8.952343900007508,8.842123113070924,8.915603637695312,42832,0.0,0.0
2015-09-17 00:00:00+08:00,8.915602578082485,9.148289704106997,8.915602578082485,8.96458911895752,18701,0.0,0.0
2015-09-18 00:00:00+08:00,8.94009588523561,9.062562942504883,8.94009588523561,9.062562942504883,19928,0.0,0.0
2015-09-21 00:00:00+08:00,9.06256306725842,9.06256306725842,8.891109466552734,8.891109466552734,6637,0.0,0.0
2015-09-22 00:00:00+08:00,8.891110171346602,9.772872924804688,8.891110171346602,9.772872924804688,161374,0.0,0.0
2015-09-23 00:00:00+08:00,9.981067018281772,9.981067018281772,9.319744410332078,9.515692710876465,115706,0.0,0.0
2015-09-24 00:00:00+08:00,9.283003756592601,9.515691587401667,8.682914755159599,8.903355598449707,38609,0.0,0.0
2015-09-25 00:00:00+08:00,8.817629520057311,8.817629520057311,8.719655028886166,8.780888557434082,23529,0.0,0.0
2015-09-29 00:00:00+08:00,8.780888557434082,8.780888557434082,8.780888557434082,8.780888557434082,0,0.0,0.0
2015-09-30 00:00:00+08:00,8.756395263370523,9.001329376903161,8.756395263370523,8.96458911895752,18761,0.0,0.0
2015-10-01 00:00:00+08:00,8.976836083282393,9.185029938331715,8.964589095805898,9.148289680480957,40488,0.0,0.0
2015-10-02 00:00:00+08:00,9.148289680480957,9.148289680480957,8.952342812908132,9.148289680480957,19907,0.0,0.0
2015-10-05 00:00:00+08:00,9.18503009897746,9.18503009897746,9.062563040385477,9.074810028076172,38609,0.0,0.0
2015-10-06 00:00:00+08:00,9.160536168381768,9.797366144415266,9.099303343365152,9.111550331115723,115827,0.0,0.0
2015-10-07 00:00:00+08:00,9.185029967694588,9.429964081377676,9.185029967694588,9.307497024536133,36799,0.0,0.0
2015-10-08 00:00:00+08:00,9.319743288685856,10.23824691772461,9.319743288685856,10.23824691772461,214383,0.0,0.0
2015-10-12 00:00:00+08:00,10.201506873850965,10.201506873850965,9.674899083109006,9.79736614227295,229256,0.0,0.0
2015-10-13 00:00:00+08:00,9.503444072953492,9.944325767775187,9.503444072953492,9.79736614227295,52709,0.0,0.0
2015-10-14 00:00:00+08:00,9.797366791779208,9.8463533368608,9.760625826099826,9.821859359741211,21224,0.0,0.0
2015-10-15 00:00:00+08:00,9.846352577209473,10.042299446997225,9.846352577209473,9.846352577209473,33179,0.0,0.0
2015-10-16 00:00:00+08:00,9.846352675044143,9.944325758622123,9.711638628256301,9.858599662780762,14478,0.0,0.0
2015-10-19 00:00:00+08:00,9.858598718565773,9.90758525566304,9.674898147583008,9.674898147583008,26757,0.0,0.0
2015-10-20 00:00:00+08:00,9.687145163048596,10.630141357911807,9.687145163048596,10.23824691772461,99036,0.0,0.0
2015-10-21 00:00:00+08:00,10.2382471230923,10.2382471230923,9.797366133255151,9.858599662780762,75601,0.0,0.0
2015-10-22 00:00:00+08:00,9.883091926574707,9.968819428949434,9.68714506083794,9.883091926574707,53087,0.0,0.0
2015-10-23 00:00:00+08:00,10.017805756707036,10.079039278752477,9.907584994278048,9.919831275939941,70725,0.0,0.0
2015-10-26 00:00:00+08:00,10.140273017257252,10.140273017257252,9.94432544708252,9.94432544708252,14478,0.0,0.0
2015-10-27 00:00:00+08:00,10.042298320030822,10.042298320030822,9.846351472232609,9.919831275939941,27328,0.0,0.0
2015-10-28 00:00:00+08:00,9.94432659436764,9.968820571899414,9.94432659436764,9.968820571899414,6635,0.0,0.0
2015-10-29 00:00:00+08:00,9.98106668812457,9.98106668812457,9.821859359741211,9.821859359741211,66962,0.0,0.0
2015-10-30 00:00:00+08:00,9.797365826319556,9.94432544708252,9.736132298712292,9.94432544708252,10637,0.0,0.0
2015-11-02 00:00:00+08:00,9.834105544709256,9.858599519827324,9.785118299051854,9.809612274169922,18794,0.0,0.0
2015-11-03 00:00:00+08:00,9.772872157781912,9.870845945938637,9.772872157781912,9.858599662780762,23527,0.0,0.0
2015-11-04 00:00:00+08:00,9.93207926228503,10.01780676544385,9.93207926228503,9.956572532653809,23011,0.0,0.0
2015-11-05 00:00:00+08:00,9.981066703796387,10.017807669533457,9.94432644263811,9.981066703796387,11462,0.0,0.0
2015-11-06 00:00:00+08:00,9.993312905694971,9.993312905694971,9.846352577209473,9.846352577209473,21478,0.0,0.0
2015-11-09 00:00:00+08:00,9.90758525566304,9.90758525566304,9.662650456440675,9.674898147583008,19907,0.0,0.0
2015-11-10 00:00:00+08:00,9.613664831730347,9.613664831730347,9.344237442967962,9.576925277709961,48412,0.0,0.0
2015-11-11 00:00:00+08:00,9.785118376382574,9.785118376382574,9.25851058959961,9.25851058959961,41740,0.0,0.0
2015-11-12 00:00:00+08:00,9.344237443354556,9.540184314926787,9.234017372131348,9.234017372131348,23529,0.0,0.0
2015-11-13 00:00:00+08:00,9.307497979495459,9.307497979495459,9.074810829454064,9.087057113647461,14478,0.0,0.0
2015-11-16 00:00:00+08:00,9.552432118309055,9.552432118309055,9.087057113647461,9.087057113647461,7299,0.0,0.0
2015-11-17 00:00:00+08:00,9.246264543154522,9.344238340637974,9.09930419921875,9.09930419921875,16290,0.0,0.0
2015-11-18 00:00:00+08:00,9.393224708170132,9.393224708170132,9.111550331115723,9.111550331115723,12065,0.0,0.0
2015-11-19 00:00:00+08:00,9.136043601003035,9.723884921388905,9.136043601003035,9.454458236694336,44038,0.0,0.0
2015-11-20 00:00:00+08:00,9.613664666639995,9.613664666639995,9.28300375408357,9.307497024536133,38609,0.0,0.0
2015-11-23 00:00:00+08:00,9.601417679124348,9.601417679124348,9.319743307473047,9.307497024536133,3016,0.0,0.0
2015-11-24 00:00:00+08:00,9.246264484389227,9.34423828125,9.221771211318737,9.34423828125,10979,0.0,0.0
2015-11-25 00:00:00+08:00,9.344237461746596,9.344237461746596,9.111550331115723,9.111550331115723,20511,0.0,0.0
2015-11-26 00:00:00+08:00,9.111549225991247,9.185029029846191,9.111549225991247,9.185029029846191,4222,0.0,0.0
2015-11-27 00:00:00+08:00,8.964588215784788,8.976835202059043,8.940094947814941,8.940094947814941,12366,0.0,0.0
2015-11-30 00:00:00+08:00,8.609435891451145,9.001330375671387,8.609435891451145,9.001330375671387,6635,0.0,0.0
2015-12-01 00:00:00+08:00,9.19727897644043,9.19727897644043,9.19727897644043,9.19727897644043,603,0.0,0.0
2015-12-02 00:00:00+08:00,9.160536932544257,9.160536932544257,8.842122974833865,9.087057113647461,6032,0.0,0.0
2015-12-03 00:00:00+08:00,8.719655092435348,9.050316712666953,8.719655092435348,9.038069725036621,12065,0.0,0.0
2015-12-04 00:00:00+08:00,9.405471875992781,9.405471875992781,8.646175473930136,9.09930419921875,15081,0.0,0.0
2015-12-07 00:00:00+08:00,9.013577501700876,9.099304311338146,8.731903094682282,9.050317764282227,23724,0.0,0.0
2015-12-08 00:00:00+08:00,9.038068679000993,9.038068679000993,8.719654083251953,8.719654083251953,10858,0.0,0.0
2015-12-09 00:00:00+08:00,8.719656246381355,8.976837384023398,8.719656246381355,8.878864288330078,4222,0.0,0.0
2015-12-10 00:00:00+08:00,8.940095810992998,8.940095810992998,8.866615295410156,8.866615295410156,5007,0.0,0.0
2015-12-11 00:00:00+08:00,8.854368997293596,8.98908233619199,8.584940910339355,8.584940910339355,18098,0.0,0.0
2015-12-14 00:00:00+08:00,8.58494202615801,8.731903076171875,8.499215921281287,8.731903076171875,8445,0.0,0.0
2015-12-15 00:00:00+08:00,9.491198657091392,9.491198657091392,8.744149246094361,9.001330375671387,3076,0.0,0.0
2015-12-16 00:00:00+08:00,8.646175369448219,8.927849769592285,8.646175369448219,8.927849769592285,2414,0.0,0.0
2015-12-17 00:00:00+08:00,8.621681242293755,8.780888557434082,8.572694701286915,8.780888557434082,22320,0.0,0.0
2015-12-18 00:00:00+08:00,8.780888557434082,8.780888557434082,8.780888557434082,8.780888557434082,0,0.0,0.0
2015-12-21 00:00:00+08:00,8.266527036305249,9.22177021999828,8.20529350792209,8.96458911895752,9654,0.0,0.0
2015-12-22 00:00:00+08:00,8.584941079958416,8.793135643005371,8.584941079958416,8.793135643005371,1809,0.0,0.0
2015-12-23 00:00:00+08:00,8.780888619111494,8.780888619111494,8.572694761501962,8.695161819458008,16891,0.0,0.0
2015-12-24 00:00:00+08:00,8.695162853864804,8.768643379211426,8.609436044012961,8.768643379211426,4385,0.0,0.0
2015-12-25 00:00:00+08:00,8.52370834147271,8.780889469931338,8.52370834147271,8.744149208068848,8445,0.0,0.0
2015-12-28 00:00:00+08:00,8.60943586829297,8.682915687561035,8.584941890624808,8.682915687561035,9652,0.0,0.0
2015-12-29 00:00:00+08:00,8.793134591372088,8.793134591372088,8.450226727775888,8.719654083251953,7239,0.0,0.0
2015-12-30 00:00:00+08:00,8.450227703545917,8.695161819458008,8.450227703545917,8.695161819458008,4222,0.0,0.0
2015-12-31 00:00:00+08:00,8.646175562137515,8.756396349647913,8.646175562137515,8.731903076171875,16288,0.0,0.0
2016-01-04 00:00:00+08:00,8.584940106478284,8.584940106478284,8.572693824768066,8.572693824768066,2413,0.0,0.0
2016-01-05 00:00:00+08:00,8.572693824768066,8.572693824768066,8.572693824768066,8.572693824768066,7239,0.0,0.0
2016-01-06 00:00:00+08:00,8.352254767712148,8.56044864654541,8.32776149453979,8.56044864654541,8164,0.0,0.0
2016-01-07 00:00:00+08:00,9.185031203440914,9.185031203440914,8.131814091073197,8.364501953125,21717,0.0,0.0
2016-01-08 00:00:00+08:00,8.327760847859967,8.744148573192525,8.31551456451416,8.31551456451416,30163,0.0,0.0
2016-01-11 00:00:00+08:00,8.266526401211443,8.658421516418457,8.266526401211443,8.658421516418457,15081,0.0,0.0
2016-01-12 00:00:00+08:00,8.205294424099186,8.56044864654541,8.205294424099186,8.56044864654541,4343,0.0,0.0
2016-01-13 00:00:00+08:00,8.266527184879216,8.535955278270523,8.18079967993903,8.205293655395508,10257,0.0,0.0
2016-01-14 00:00:00+08:00,8.144060117068882,8.26652717590332,8.082826587651663,8.26652717590332,2413,0.0,0.0
2016-01-15 00:00:00+08:00,8.254280090332031,8.254280090332031,8.254280090332031,8.254280090332031,1206,0.0,0.0
2016-01-18 00:00:00+08:00,8.08282671639065,8.609435218682025,8.08282671639065,8.376748085021973,8445,0.0,0.0
2016-01-19 00:00:00+08:00,8.548202530566643,8.548202530566643,8.486968994140625,8.486968994140625,5430,0.0,0.0
2016-01-20 00:00:00+08:00,8.327760847859967,8.327760847859967,8.205293786929362,8.31551456451416,3016,0.0,0.0
2016-01-21 00:00:00+08:00,9.136043584462996,9.136043584462996,8.891109466552734,8.891109466552734,1809,0.0,0.0
2016-01-22 00:00:00+08:00,8.315514340338723,8.45022768098344,8.131813049316406,8.131813049316406,25337,0.0,0.0
2016-01-25 00:00:00+08:00,7.972606542895911,8.1930473904426,7.960358850561726,8.082826614379883,10858,0.0,0.0
2016-01-26 00:00:00+08:00,7.96035839757578,7.96035839757578,7.592957945343295,7.899125576019287,14599,0.0,0.0
2016-01-27 00:00:00+08:00,7.899126025520767,8.13181315624415,7.899126025520767,8.082826614379883,6032,0.0,0.0
2016-01-28 00:00:00+08:00,7.997100268716707,7.997100268716707,7.592958809322647,7.923619747161865,21717,0.0,0.0
2016-01-29 00:00:00+08:00,7.715424481115504,7.984851837158203,7.715424481115504,7.984851837158203,11462,0.0,0.0
2016-02-01 00:00:00+08:00,7.899126426678526,8.388994688514169,7.592958763031249,7.666438579559326,55349,0.0,0.0
2016-02-02 00:00:00+08:00,7.482737981370961,7.703178840112756,7.482737981370961,7.666438579559326,3016,0.0,0.0
2016-02-03 00:00:00+08:00,7.494984651571519,7.654191970825195,7.397011567026565,7.654191970825195,78123,0.0,0.0
2016-02-15 00:00:00+08:00,7.654191970825195,7.654191970825195,7.654191970825195,7.654191970825195,0,0.0,0.0
2016-02-16 00:00:00+08:00,7.899126071797703,7.899126071797703,7.77665901184082,7.77665901184082,6032,0.0,0.0
2016-02-17 00:00:00+08:00,8.327760649464862,8.327760649464862,7.666438113447249,7.948112487792969,13813,0.0,0.0
2016-02-18 00:00:00+08:00,7.923618916595991,7.923618916595991,7.654191540101337,7.690931797027588,23527,0.0,0.0
2016-02-19 00:00:00+08:00,7.470490972241624,7.690931809580207,7.470490972241624,7.568464756011963,44040,0.0,0.0
2016-02-22 00:00:00+08:00,7.580711774653845,7.666438579559326,7.580711774653845,7.666438579559326,15686,0.0,0.0
2016-02-23 00:00:00+08:00,7.568465179150106,7.641944992651938,7.568465179150106,7.592958450317383,16893,0.0,0.0
2016-02-24 00:00:00+08:00,7.531724787247888,7.56846504564007,7.4827375411987305,7.4827375411987305,8079,0.0,0.0
2016-02-25 00:00:00+08:00,7.703178964115638,7.703178964115638,7.556218624114989,7.55621862411499,3622,0.0,0.0
2016-02-26 00:00:00+08:00,7.556218181701491,8.021593151605025,7.556218181701491,7.654191970825195,68169,0.0,0.0
2016-03-01 00:00:00+08:00,7.421504157141587,7.948112658846668,7.421504157141587,7.813399314880371,19910,0.0,0.0
2016-03-02 00:00:00+08:00,8.131812204621438,8.131812204621438,7.80115132428626,7.837891578674316,26005,0.0,0.0
2016-03-03 00:00:00+08:00,8.033839567892743,8.033839567892743,7.678685400237952,7.862385272979736,38005,0.0,0.0
2016-03-04 00:00:00+08:00,7.960358849420932,8.572694850108979,7.86238576570644,8.425734519958496,142555,0.0,0.0
2016-03-07 00:00:00+08:00,8.021594178616064,8.021594178616064,7.654192950797565,7.911374092102051,77248,0.0,0.0
2016-03-08 00:00:00+08:00,7.960357814558909,8.033839026949568,7.862384743581107,8.009345054626465,39875,0.0,0.0
2016-03-09 00:00:00+08:00,8.009346344483758,8.009346344483758,7.801152478259572,7.9603590965271,9290,0.0,0.0
2016-03-10 00:00:00+08:00,7.960358745888489,8.193047282709669,7.801152134633708,8.131813049316406,66962,0.0,0.0
2016-03-11 00:00:00+08:00,7.960358859604063,8.02159309387207,7.8991260344935466,8.02159309387207,31369,0.0,0.0
2016-03-14 00:00:00+08:00,8.02159317199905,8.193047479546125,7.788905334166325,8.156307220458984,37613,0.0,0.0
2016-03-15 00:00:00+08:00,7.960359936067472,7.960359936067472,7.862386838978946,7.911374092102051,12065,0.0,0.0
2016-03-16 00:00:00+08:00,7.984852835142765,8.02159309387207,7.923619305453502,8.02159309387207,6641,0.0,0.0
2016-03-17 00:00:00+08:00,8.009346043099887,8.009346043099887,7.678685830873396,7.764411926269531,22925,0.0,0.0
2016-03-18 00:00:00+08:00,7.764412390743867,7.9113734332964185,7.727672130105728,7.825645923614502,42229,0.0,0.0
2016-03-21 00:00:00+08:00,7.5929574888588265,7.837891578674316,7.5929574888588265,7.837891578674316,12251,0.0,0.0
2016-03-22 00:00:00+08:00,8.266527673453151,8.266527673453151,7.727672159401477,7.923619747161865,17578,0.0,0.0
2016-03-23 00:00:00+08:00,7.886879128522327,7.886879128522327,7.617451736010979,7.813399314880371,11462,0.0,0.0
2016-03-24 00:00:00+08:00,7.825645772525422,7.825645772525422,7.678686141967773,7.678686141967773,3016,0.0,0.0
2016-03-25 00:00:00+08:00,7.678686000552743,7.690932283917627,7.629698753356934,7.629698753356934,14480,0.0,0.0
2016-03-28 00:00:00+08:00,7.629698637300103,7.813399226187878,7.629698637300103,7.7399187088012695,9833,0.0,0.0
2016-03-29 00:00:00+08:00,7.617451765413293,7.629698753356934,7.494984704291905,7.629698753356934,9225,0.0,0.0
2016-03-30 00:00:00+08:00,7.629698893869787,7.678686141967773,7.36027079077779,7.678686141967773,23527,0.0,0.0
2016-03-31 00:00:00+08:00,7.752165750280921,7.752165750280921,7.715425491333008,7.715425491333008,4222,0.0,0.0
2016-04-01 00:00:00+08:00,7.543971203404076,7.592958450317384,7.470491389902244,7.592958450317383,12668,0.0,0.0
2016-04-06 00:00:00+08:00,7.592957874853762,7.592957874853762,7.5807108879089355,7.5807108879089355,13880,0.0,0.0
2016-04-07 00:00:00+08:00,7.36027103439493,7.556218624114989,7.36027103439493,7.55621862411499,9652,0.0,0.0
2016-04-08 00:00:00+08:00,7.556218191277091,7.592958450317384,7.3847638839486445,7.592958450317383,4222,0.0,0.0
2016-04-11 00:00:00+08:00,7.470491886138916,7.470491886138916,7.470491886138916,7.470491886138916,9049,0.0,0.0
2016-04-12 00:00:00+08:00,7.470491389902244,7.654191980524953,7.470491389902244,7.592958450317383,5491,0.0,0.0
2016-04-13 00:00:00+08:00,7.5929583967910315,7.641944938780257,7.421504090671247,7.6174516677856445,35048,0.0,0.0
2016-04-14 00:00:00+08:00,7.617451605690024,7.764411935038463,7.43375101785979,7.703178405761719,38790,0.0,0.0
2016-04-15 00:00:00+08:00,7.62969859337687,7.703178405761719,7.50723153482338,7.703178405761719,9772,0.0,0.0
2016-04-18 00:00:00+08:00,7.6296981890339,7.6296981890339,7.494984149932861,7.494984149932861,9652,0.0,0.0
2016-04-19 00:00:00+08:00,7.5194783210754395,7.5194783210754395,7.5194783210754395,7.5194783210754395,1206,0.0,0.0
2016-04-20 00:00:00+08:00,7.592958941456205,8.082827214803135,7.531725407287839,7.752166271209717,32576,0.0,0.0
2016-04-21 00:00:00+08:00,7.65419230806107,7.65419230806107,7.543971526223656,7.605205059051514,13416,0.0,0.0
2016-04-22 00:00:00+08:00,7.592958775233212,7.605205059051514,7.433751448965023,7.605205059051514,20053,0.0,0.0
2016-04-25 00:00:00+08:00,7.433751624658107,7.470491886138916,7.372518090383023,7.470491886138916,7417,0.0,0.0
2016-04-26 00:00:00+08:00,7.470491751052686,7.641945362091064,7.3725179570684185,7.6419453620910645,23705,0.0,0.0
2016-04-27 00:00:00+08:00,7.617452089739694,7.690932611372591,7.470491751052686,7.6419453620910645,2413,0.0,0.0
2016-04-28 00:00:00+08:00,7.69093231245436,7.69093231245436,7.164323806762695,7.164323806762695,26544,0.0,0.0
2016-04-29 00:00:00+08:00,6.6744550898102295,7.0296092615048265,6.6744550898102295,6.943882465362549,31979,0.0,0.0
2016-05-03 00:00:00+08:00,6.686702532436576,7.103090302840523,6.625468995343124,7.04185676574707,14116,0.0,0.0
2016-05-04 00:00:00+08:00,6.429521083831787,7.090842898152043,6.4172740965160076,6.429521083831787,50676,0.0,0.0
2016-05-05 00:00:00+08:00,6.343793824754825,6.49075485985811,6.307053565979004,6.307053565979004,4031,0.0,0.0
2016-05-06 00:00:00+08:00,6.3070530985841655,6.3070530985841655,6.184586048126221,6.184586048126221,5962,0.0,0.0
2016-05-09 00:00:00+08:00,6.184586719691685,6.356041031697727,6.184586719691685,6.209080696105957,10255,0.0,0.0
2016-05-10 00:00:00+08:00,6.245821149993702,6.392782211303711,6.221327874634992,6.392782211303711,10255,0.0,0.0
2016-05-11 00:00:00+08:00,6.674455610057261,6.674455610057261,6.135600816951053,6.576481819152832,5433,0.0,0.0
2016-05-12 00:00:00+08:00,6.307053565979004,6.392781071315502,6.1600932354544655,6.307053565979004,9379,0.0,0.0
2016-05-13 00:00:00+08:00,6.466260643641694,6.466260643641694,6.160093006202018,6.368287563323975,6635,0.0,0.0
2016-05-16 00:00:00+08:00,6.711195945739746,6.711195945739746,6.711195945739746,6.711195945739746,663,0.0,0.0
2016-05-17 00:00:00+08:00,6.184586614512814,6.539741516113281,6.184586614512814,6.539741516113281,8557,0.0,0.0
2016-05-18 00:00:00+08:00,6.39278171900367,6.576482326915757,6.2458206690109455,6.454015254974365,10265,0.0,0.0
2016-05-19 00:00:00+08:00,6.515247821807861,6.515247821807861,6.515247821807861,6.515247821807861,603,0.0,0.0
2016-05-20 00:00:00+08:00,6.490754127502442,6.490754127502442,6.490754127502442,6.490754127502441,603,0.0,0.0
2016-05-23 00:00:00+08:00,6.2458200797923356,6.343793869018555,6.1845865495982935,6.343793869018555,45305,0.0,0.0
2016-05-24 00:00:00+08:00,6.343793869018555,6.343793869018555,6.1968342420473554,6.343793869018555,8445,0.0,0.0
2016-05-25 00:00:00+08:00,6.196833878347567,6.294806957244872,6.147846634320203,6.294806957244873,14484,0.0,0.0
2016-05-26 00:00:00+08:00,6.160093820651117,6.478509192097479,6.147847536281636,6.4172749519348145,7239,0.0,0.0
2016-05-27 00:00:00+08:00,6.172340266306736,6.343793869018555,6.172340266306736,6.343793869018555,12077,0.0,0.0
2016-05-30 00:00:00+08:00,6.245820699517984,6.33154821395874,6.209081141419172,6.33154821395874,12970,0.0,0.0
2016-05-31 00:00:00+08:00,6.172340562054271,6.478508932273285,6.172340562054271,6.319301605224609,19782,0.0,0.0
2016-06-01 00:00:00+08:00,6.46626089387416,6.46626089387416,6.2090804912196536,6.245820045471191,6032,0.0,0.0
2016-06-02 00:00:00+08:00,6.184586845932609,6.319301605224609,6.184586845932609,6.319301605224609,13273,0.0,0.0
2016-06-03 00:00:00+08:00,6.184586515613631,6.245820045471191,6.184586515613631,6.245820045471191,7842,0.0,0.0
2016-06-06 00:00:00+08:00,6.613221173217985,6.613221173217985,6.245819331492688,6.490754127502441,15085,0.0,0.0
2016-06-07 00:00:00+08:00,6.490754127502442,6.490754127502442,6.490754127502442,6.490754127502441,0,0.0,0.0
2016-06-08 00:00:00+08:00,6.1968342420473554,6.343793869018555,6.1356007118533125,6.343793869018555,18158,0.0,0.0
2016-06-13 00:00:00+08:00,6.343793824754825,6.343793824754825,6.184586506445431,6.307053565979004,4283,0.0,0.0
2016-06-14 00:00:00+08:00,6.184586540245433,6.405027389526366,6.184586540245433,6.405027389526367,2413,0.0,0.0
2016-06-15 00:00:00+08:00,6.60097468594664,6.60097468594664,6.209080250939599,6.368287563323975,21717,0.0,0.0
2016-06-16 00:00:00+08:00,6.46626089387416,6.46626089387416,6.196834207995391,6.245820045471191,6032,0.0,0.0
2016-06-17 00:00:00+08:00,6.245820036212217,6.307053565979004,6.221326765221252,6.307053565979004,12067,0.0,0.0
2016-06-20 00:00:00+08:00,6.539741516113281,6.539741516113281,6.539741516113281,6.539741516113281,1519,0.0,0.0
2016-06-21 00:00:00+08:00,6.209081141419172,6.33154821395874,6.209081141419172,6.33154821395874,6637,0.0,0.0
2016-06-22 00:00:00+08:00,6.3193019294520765,6.4172750238206735,6.245820699517984,6.33154821395874,17494,0.0,0.0
2016-06-23 00:00:00+08:00,6.319301464774709,6.319301464774709,6.2703142166137695,6.2703142166137695,1809,0.0,0.0
2016-06-24 00:00:00+08:00,6.209080370357711,6.209080370357711,6.000885809231587,6.196834087371826,14478,0.0,0.0
2016-06-27 00:00:00+08:00,6.368288860705909,6.368288860705909,6.062120456313244,6.160094261169434,9049,0.0,0.0
2016-06-28 00:00:00+08:00,6.123353004455566,6.135600696874729,6.111106721193906,6.123353004455566,7241,0.0,0.0
2016-06-29 00:00:00+08:00,6.417274517877664,6.735689163208008,6.307053738534653,6.735689163208008,102143,0.0,0.0
2016-06-30 00:00:00+08:00,7.103089670770179,7.201063462317245,6.2090806724224645,6.613222122192383,213556,0.0,0.0
2016-07-01 00:00:00+08:00,6.368287882251838,6.784675608191268,6.368287882251838,6.723442077636719,29750,0.0,0.0
2016-07-04 00:00:00+08:00,6.490755048073001,6.858156237327391,6.490755048073001,6.674455642700195,54294,0.0,0.0
2016-07-05 00:00:00+08:00,6.184585808634917,6.551987650360213,6.184585808634917,6.490754127502441,6635,0.0,0.0
2016-07-06 00:00:00+08:00,6.490754127502442,6.490754127502442,6.490754127502442,6.490754127502441,3016,0.0,0.0
2016-07-07 00:00:00+08:00,6.490754464840541,6.490754464840541,6.233573373640194,6.380533695220947,17570,0.0,0.0
2016-07-08 00:00:00+08:00,6.380533695220947,6.380533695220947,6.380533695220947,6.380533695220947,0,0.0,0.0
2016-07-11 00:00:00+08:00,6.4785083285161855,6.4785083285161855,6.429521083831787,6.429521083831787,9199,0.0,0.0
2016-07-12 00:00:00+08:00,6.9683766637275175,7.066350460052491,6.796923048592917,7.06635046005249,147766,0.0,0.0
2016-07-13 00:00:00+08:00,7.0908433301249625,7.103089613608064,6.698948871669236,6.919389724731445,133925,0.0,0.0
2016-07-14 00:00:00+08:00,7.078597240394958,7.605205059051514,6.7601818832798,7.605205059051514,280579,0.0,0.0
2016-07-15 00:00:00+08:00,7.703178522859508,7.899126101355232,7.3847638839486445,7.592958450317383,151298,0.0,0.0
2016-07-18 00:00:00+08:00,7.4949856764834,7.715426556011532,7.4949856764834,7.507232666015625,46451,0.0,0.0
2016-07-19 00:00:00+08:00,7.397012095474202,7.592958983141441,7.237804764846644,7.348024845123291,72124,0.0,0.0
2016-07-20 00:00:00+08:00,7.409258897293112,7.409258897293112,7.005117400411109,7.225558280944824,54903,0.0,0.0
2016-07-21 00:00:00+08:00,7.299038285717687,7.299038285717687,7.029610170737932,7.188817501068115,33789,0.0,0.0
2016-07-22 00:00:00+08:00,7.201063361572426,7.201063361572426,6.980622509820245,7.164323806762695,27750,0.0,0.0
2016-07-25 00:00:00+08:00,7.164323702366854,7.164323702366854,6.8704023361206055,6.8704023361206055,26543,0.0,0.0
2016-07-26 00:00:00+08:00,6.91938960779673,7.103089493568898,6.882649348810795,7.029609680175781,18158,0.0,0.0
2016-07-27 00:00:00+08:00,7.090843287985715,7.262296892360323,7.090843287985715,7.164323806762695,29560,0.0,0.0
2016-07-28 00:00:00+08:00,7.225556965673503,7.6052044142719275,7.225556965673503,7.5194783210754395,104405,0.0,0.0
2016-07-29 00:00:00+08:00,7.519479655547851,7.519479655547851,7.225558247984059,7.507232666015625,32636,0.0,0.0
2016-08-01 00:00:00+08:00,7.458245135899646,7.458245135899646,7.323530382503658,7.409257888793945,12125,0.0,0.0
2016-08-02 00:00:00+08:00,7.26229665999406,7.568465008716064,7.237804093957083,7.384763717651367,24191,0.0,0.0
2016-08-03 00:00:00+08:00,7.53172535154468,7.59295888525985,7.348024750399171,7.55621862411499,69436,0.0,0.0
2016-08-04 00:00:00+08:00,7.5684647200975235,8.02159267523407,7.5684647200975235,7.935865879058838,87534,0.0,0.0
2016-08-05 00:00:00+08:00,8.548201525100165,8.548201525100165,7.960358799059726,8.450227737426758,83250,0.0,0.0
2016-08-08 00:00:00+08:00,8.572695565602846,8.707409623821889,8.388994961438046,8.646175384521484,56465,0.0,0.0
2016-08-09 00:00:00+08:00,8.205293585289867,8.621681300389982,8.205293585289867,8.352253913879395,44062,0.0,0.0
2016-08-10 00:00:00+08:00,8.572694650481205,8.584940933370971,8.217540468839594,8.401240348815918,50071,0.0,0.0
2016-08-11 00:00:00+08:00,7.960359906428042,8.193048477172852,7.825646546143487,8.193048477172852,30766,0.0,0.0
2016-08-12 00:00:00+08:00,8.021594724091232,8.254282606946557,8.021594724091232,8.242034912109375,5429,0.0,0.0
2016-08-15 00:00:00+08:00,8.205293574170703,8.205293574170703,7.788905155056107,8.070579528808594,20511,0.0,0.0
2016-08-16 00:00:00+08:00,7.666438439383725,7.96035910927946,7.286790966149966,7.458245277404785,95919,0.0,0.0
2016-08-17 00:00:00+08:00,7.592957979382117,7.592957979382117,7.237803808037312,7.531724452972412,25457,0.0,0.0
2016-08-18 00:00:00+08:00,7.372517759452822,7.531725082337458,7.005116570293861,7.237804412841797,83404,0.0,0.0
2016-08-19 00:00:00+08:00,7.360270782616744,7.360270782616744,6.625468403170631,7.176570892333984,45357,0.0,0.0
2016-08-22 00:00:00+08:00,7.690932441262362,7.690932441262362,6.79692273587041,7.054103851318359,20571,0.0,0.0
2016-08-23 00:00:00+08:00,6.980623043380011,7.127584092166851,6.735689606085841,7.078597545623779,25449,0.0,0.0
2016-08-24 00:00:00+08:00,7.066351072189405,7.066351072189405,6.784676647571543,6.796923637390137,19002,0.0,0.0
2016-08-25 00:00:00+08:00,6.858155669220271,7.0296092615048265,6.858155669220271,6.943882465362549,10642,0.0,0.0
2016-08-26 00:00:00+08:00,7.04185567818559,7.543970886635531,7.04185567818559,7.5194783210754395,41625,0.0,0.0
2016-08-29 00:00:00+08:00,7.715425804277469,8.082826999501217,7.715425804277469,7.788905620574951,79251,0.0,0.0
2016-08-30 00:00:00+08:00,8.02159348586625,8.02159348586625,7.445997714996338,7.445997714996338,56707,0.0,0.0
2016-08-31 00:00:00+08:00,7.678685480018671,7.678685480018671,7.372517143391438,7.531724452972412,10255,0.0,0.0
2016-09-01 00:00:00+08:00,7.556218181701491,7.874632820208843,7.556218181701491,7.654191970825195,55202,0.0,0.0
2016-09-02 00:00:00+08:00,7.666438254103938,7.739918772091405,7.654191970825195,7.654191970825195,23527,0.0,0.0
2016-09-05 00:00:00+08:00,7.409257873823972,7.813399314880371,7.409257873823972,7.813399314880371,7842,0.0,0.0
2016-09-06 00:00:00+08:00,7.519478514017916,7.776658913942545,7.519478514017916,7.764411926269531,19907,0.0,0.0
2016-09-07 00:00:00+08:00,7.715425555226154,7.776659085786847,7.543971246908957,7.629698753356934,41626,0.0,0.0
2016-09-08 00:00:00+08:00,7.592958378606798,7.813399226187878,7.556218119913494,7.7399187088012695,25103,0.0,0.0
2016-09-09 00:00:00+08:00,7.372517143391438,7.739918301849667,7.372517143391438,7.531724452972412,13110,0.0,0.0
2016-09-12 00:00:00+08:00,7.213310922208096,7.592959125063876,7.213310922208096,7.397012233734131,21898,0.0,0.0
2016-09-13 00:00:00+08:00,7.397012233734131,7.617452398407742,7.262297468895829,7.397012233734131,30404,0.0,0.0
2016-09-14 00:00:00+08:00,7.225557106359857,7.384763717651367,7.225557106359857,7.384763717651367,10255,0.0,0.0
2016-09-19 00:00:00+08:00,7.384763717651367,7.384763717651367,7.360270447035653,7.384763717651367,32576,0.0,0.0
2016-09-20 00:00:00+08:00,7.384763402834498,7.4215036594811785,7.22555679833006,7.250050067901611,42228,0.0,0.0
2016-09-21 00:00:00+08:00,7.250050067901611,7.250050067901611,7.250050067901611,7.250050067901611,0,0.0,0.0
2016-09-22 00:00:00+08:00,7.250050067901611,7.250050067901611,7.250050067901611,7.250050067901611,0,0.0,0.0
2016-09-23 00:00:00+08:00,7.250050067901611,7.250050067901611,7.250050067901611,7.250050067901611,0,0.0,0.0
2016-09-26 00:00:00+08:00,7.250050067901611,7.250050067901611,7.250050067901611,7.250050067901611,0,0.0,0.0
2016-09-27 00:00:00+08:00,7.250050067901611,7.250050067901611,7.250050067901611,7.250050067901611,0,0.0,0.0
2016-09-28 00:00:00+08:00,7.250050067901611,7.250050067901611,7.250050067901611,7.250050067901611,0,0.0,0.0
2016-09-29 00:00:00+08:00,7.250050067901611,7.250050067901611,7.250050067901611,7.250050067901611,0,0.0,0.0
2016-09-30 00:00:00+08:00,7.250050067901611,7.250050067901611,7.250050067901611,7.250050067901611,0,0.0,0.0
2016-10-03 00:00:00+08:00,9.44221112344388,10.28723430633545,9.429964839522395,10.28723430633545,86635,0.0,0.0
2016-10-04 00:00:00+08:00,10.274987273933446,10.752608517391215,9.809612313505085,10.250494003295898,81119,0.0,0.0
2016-10-05 00:00:00+08:00,10.226000028079612,10.532168377074544,10.042299441429897,10.250494003295898,42905,0.0,0.0
2016-10-06 00:00:00+08:00,9.442209331048806,10.140272042319237,9.442209331048806,10.066791534423828,54506,0.0,0.0
2016-10-07 00:00:00+08:00,9.9320791643083,10.005558974689784,9.797365826319556,9.94432544708252,14112,0.0,0.0
2016-10-11 00:00:00+08:00,9.79736598197246,9.79736598197246,8.952342864819927,9.123796463012695,46668,0.0,0.0
2016-10-12 00:00:00+08:00,8.817630500249692,9.295251794185655,8.817630500249692,9.09930419921875,15081,0.0,0.0
2016-10-13 00:00:00+08:00,9.099304116730817,9.234018175121692,8.829876704527873,9.025823593139648,17394,0.0,0.0
2016-10-14 00:00:00+08:00,9.540184240041718,9.540184240041718,8.695161821753421,9.038069725036621,21641,0.0,0.0
2016-10-17 00:00:00+08:00,8.633928155727737,8.989082336425781,8.633928155727737,8.989082336425781,2005,0.0,0.0
2016-10-18 00:00:00+08:00,9.160536087106298,9.172783779326947,8.731902088320505,8.976836204528809,16483,0.0,0.0
2016-10-19 00:00:00+08:00,9.25851042338703,9.25851042338703,8.989082336425781,8.989082336425781,6395,0.0,0.0
2016-10-20 00:00:00+08:00,8.793136458745105,8.97683706347875,8.744149208068848,8.744149208068848,5250,0.0,0.0
2016-10-21 00:00:00+08:00,8.989082513795973,9.148289830711223,8.793135643005371,8.793135643005371,12306,0.0,0.0
2016-10-24 00:00:00+08:00,8.584941981464375,9.062563982365276,8.57269569707952,8.915603637695312,13738,0.0,0.0
2016-10-25 00:00:00+08:00,8.805381169269985,8.817628860473633,8.695161107960004,8.817628860473633,5456,0.0,0.0
2016-10-26 00:00:00+08:00,8.609434079056038,8.79313464591724,8.26652621333273,8.572693824768066,22564,0.0,0.0
2016-10-27 00:00:00+08:00,8.572695606369534,8.682915687561035,8.572695606369534,8.682915687561035,8072,0.0,0.0
2016-10-28 00:00:00+08:00,8.633928298950195,8.633928298950195,8.633928298950195,8.633928298950195,1358,0.0,0.0
2016-10-31 00:00:00+08:00,8.523706584191215,8.829874900205212,8.11956519618084,8.572693824768066,18794,0.0,0.0
2016-11-01 00:00:00+08:00,8.437982565398745,8.597189903259277,8.437982565398745,8.597189903259277,4222,0.0,0.0
2016-11-02 00:00:00+08:00,8.437980498483714,8.621680360766256,8.425733512194837,8.572693824768066,5753,0.0,0.0
2016-11-03 00:00:00+08:00,8.805381783858376,8.805381783858376,8.340006828308105,8.340006828308105,11190,0.0,0.0
2016-11-04 00:00:00+08:00,8.646173831696343,8.646173831696343,8.450226978525933,8.535954475402832,2448,0.0,0.0
2016-11-07 00:00:00+08:00,8.450227571440962,8.609434885210632,8.32776051539948,8.584940910339355,6608,0.0,0.0
2016-11-08 00:00:00+08:00,8.217539631787677,8.474720001220703,8.217539631787677,8.474720001220703,1809,0.0,0.0
2016-11-09 00:00:00+08:00,8.744147351099112,8.744147351099112,8.719654083251953,8.719654083251953,1593,0.0,0.0
2016-11-10 00:00:00+08:00,8.560447039398122,8.621680563122377,8.401239736799322,8.535954475402832,16334,0.0,0.0
2016-11-11 00:00:00+08:00,8.340006970741976,8.450227746206101,8.327760687631791,8.388994216918945,13273,0.0,0.0
2016-11-14 00:00:00+08:00,8.364500937429556,8.6094350543237,8.364500937429556,8.450227737426758,24130,0.0,0.0
2016-11-15 00:00:00+08:00,8.670668458800188,8.670668458800188,8.352253829587413,8.621681213378906,9803,0.0,0.0
2016-11-16 00:00:00+08:00,8.560447039398122,8.560447039398122,8.4747202470999,8.535954475402832,1809,0.0,0.0
2016-11-17 00:00:00+08:00,8.670668601989746,8.744148414467038,8.535955260158676,8.670668601989746,18400,0.0,0.0
2016-11-18 00:00:00+08:00,8.744148363117276,9.172783770655329,8.572694763765044,9.038069725036621,66018,0.0,0.0
2016-11-21 00:00:00+08:00,9.001330482027724,9.30749816153279,8.878864114804516,9.172784805297852,76732,0.0,0.0
2016-11-22 00:00:00+08:00,9.025823786175446,9.050317764282227,8.878864145007684,9.050317764282227,36195,0.0,0.0
2016-11-23 00:00:00+08:00,9.11154997701561,9.209523056897686,9.062562732495854,9.16053581237793,30433,0.0,0.0
2016-11-24 00:00:00+08:00,9.08705621304299,9.13604345869794,8.82987581552476,9.062562942504883,25383,0.0,0.0
2016-11-25 00:00:00+08:00,8.940096840493887,9.148290719181627,8.915603567338648,9.001330375671387,9140,0.0,0.0
2016-11-28 00:00:00+08:00,8.940095946181815,8.976836204528809,8.731902088320505,8.976836204528809,33950,0.0,0.0
2016-11-29 00:00:00+08:00,8.854369950801749,8.927849769592285,8.793136416186899,8.927849769592285,14345,0.0,0.0
2016-11-30 00:00:00+08:00,8.81763063096878,8.81763063096878,8.768643379211426,8.768643379211426,24069,0.0,0.0
2016-12-01 00:00:00+08:00,8.964590184392362,8.976837173356031,8.70740975736463,8.915603637695312,10858,0.0,0.0
2016-12-02 00:00:00+08:00,8.915602656070423,8.915602656070423,8.731902069314051,8.75639533996582,4222,0.0,0.0
2016-12-05 00:00:00+08:00,8.866615356485417,8.866615356485417,8.633928229834831,8.780888557434082,3016,0.0,0.0
2016-12-06 00:00:00+08:00,8.817630751232338,8.915603846925658,8.817630751232338,8.878864288330078,24954,0.0,0.0
2016-12-07 00:00:00+08:00,9.062561946848152,9.062561946848152,8.658421265923383,8.719654083251953,23391,0.0,0.0
2016-12-08 00:00:00+08:00,8.719656087144447,8.731903076171875,8.597189719764257,8.731903076171875,37929,0.0,0.0
2016-12-09 00:00:00+08:00,8.842123199979225,8.842123199979225,8.64617560210745,8.768643379211426,2428,0.0,0.0
2016-12-12 00:00:00+08:00,8.75639533996582,8.75639533996582,8.75639533996582,8.75639533996582,1363,0.0,0.0
2016-12-13 00:00:00+08:00,8.425734345429971,8.695161729221464,8.425734345429971,8.621681213378906,18701,0.0,0.0
2016-12-14 00:00:00+08:00,8.780889663716648,8.780889663716648,8.462474993319717,8.768643379211426,9049,0.0,0.0
2016-12-15 00:00:00+08:00,8.572694627482443,9.013576311063268,8.486967829169151,8.584940910339355,18701,0.0,0.0
2016-12-16 00:00:00+08:00,8.584941681796968,9.442211151123047,8.584941681796968,9.442211151123047,246405,0.0,0.0
2016-12-19 00:00:00+08:00,10.04229927908993,10.385207176208496,9.944325493544806,10.385207176208496,307013,0.0,0.0
2016-12-20 00:00:00+08:00,11.144502863223716,11.144502863223716,10.177013397216797,10.177013397216797,477331,0.0,0.0
2016-12-21 00:00:00+08:00,10.17701340742086,10.17701340742086,9.711638450622559,9.711638450622559,177180,0.0,0.0
2016-12-22 00:00:00+08:00,9.674898921300997,9.797365978416739,9.527937889099121,9.527937889099121,74292,0.0,0.0
2016-12-23 00:00:00+08:00,9.723884703745943,9.723884703745943,9.552431106567383,9.552431106567383,9049,0.0,0.0
2016-12-26 00:00:00+08:00,9.785119310255267,9.785119310255267,9.319744303600702,9.34423828125,23668,0.0,0.0
2016-12-27 00:00:00+08:00,9.870846791134902,9.870846791134902,9.34423825120778,9.687146186828613,32092,0.0,0.0
2016-12-28 00:00:00+08:00,9.552431934212246,9.638159444807886,9.442211151123047,9.442211151123047,17682,0.0,0.0
2016-12-29 00:00:00+08:00,9.552431963243805,9.552431963243805,9.515692406681204,9.54018497467041,4418,0.0,0.0
2016-12-30 00:00:00+08:00,9.319743467516046,9.723884902948996,9.319743467516046,9.576925277709961,22924,0.0,0.0
2017-01-03 00:00:00+08:00,9.564678308122,9.564678308122,9.393224707105912,9.454458236694336,9652,0.0,0.0
2017-01-04 00:00:00+08:00,9.56467809404245,9.56467809404245,9.42996405013163,9.552431106567383,14673,0.0,0.0
2017-01-05 00:00:00+08:00,9.552431319366317,9.85859967185492,9.503444072953492,9.79736614227295,27750,0.0,0.0
2017-01-06 00:00:00+08:00,9.736132595253698,9.736132595253698,9.576925277709961,9.576925277709961,1962,0.0,0.0
2017-01-09 00:00:00+08:00,9.895338856305086,9.895338856305086,9.454457882531052,9.503443717956543,13424,0.0,0.0
2017-01-10 00:00:00+08:00,9.44221135716355,9.6259126663208,9.197277922304432,9.6259126663208,20666,0.0,0.0
2017-01-11 00:00:00+08:00,9.429964102490782,9.527937889099121,9.393224549019047,9.527937889099121,2425,0.0,0.0
2017-01-12 00:00:00+08:00,9.687144186635235,9.687144186635235,9.417716830199574,9.429963111877441,31320,0.0,0.0
2017-01-13 00:00:00+08:00,9.42996405779195,9.711638428738741,9.42996405779195,9.49119758605957,33186,0.0,0.0
2017-01-16 00:00:00+08:00,9.49119773726398,9.49119773726398,9.466704466482474,9.478951454162598,4826,0.0,0.0
2017-01-17 00:00:00+08:00,9.44221049112223,9.478951454162598,9.44221049112223,9.478951454162598,1809,0.0,0.0
2017-01-18 00:00:00+08:00,9.478952268446303,10.336221751493351,9.478952268446303,9.87084674835205,32372,0.0,0.0
2017-01-19 00:00:00+08:00,9.870846544642582,10.85058307647705,9.870846544642582,10.85058307647705,511557,0.0,0.0
2017-01-20 00:00:00+08:00,10.85058226147706,11.022035859838496,10.532168335294575,10.556661605834961,141677,0.0,0.0
2017-01-23 00:00:00+08:00,10.654635264647808,11.193490028381348,10.532168208837575,11.193490028381348,137347,0.0,0.0
2017-01-24 00:00:00+08:00,11.034283593541854,12.209967000189291,10.899569539592198,12.001773834228516,231772,0.0,0.0
2017-02-02 00:00:00+08:00,12.001773751013298,12.099746839120527,11.083270061088417,11.144503593444824,204431,0.0,0.0
2017-02-03 00:00:00+08:00,11.389437653328924,11.389437653328924,10.87507615741112,11.168996810913086,52844,0.0,0.0
2017-02-06 00:00:00+08:00,11.18124320853559,11.18124320853559,11.034282880276645,11.05877685546875,39092,0.0,0.0
2017-02-07 00:00:00+08:00,11.058776755960118,11.634371780799283,11.058776755960118,11.450671195983887,37856,0.0,0.0
2017-02-08 00:00:00+08:00,11.45067118062023,11.573138236999512,11.31595713677153,11.573138236999512,26619,0.0,0.0
2017-02-09 00:00:00+08:00,12.001771791875862,12.001771791875862,11.524149894714355,11.524149894714355,31157,0.0,0.0
2017-02-10 00:00:00+08:00,11.524150954012164,11.63437172714029,11.475164413452148,11.475164413452148,31369,0.0,0.0
2017-02-13 00:00:00+08:00,11.205736153741528,11.291463655266949,11.205736153741528,11.266969680786133,17923,0.0,0.0
2017-02-14 00:00:00+08:00,11.279217372605256,11.328203207830738,11.266969680786133,11.266969680786133,21566,0.0,0.0
2017-02-15 00:00:00+08:00,11.266968728472994,11.266968728472994,11.205735206604004,11.205735206604004,21235,0.0,0.0
2017-02-16 00:00:00+08:00,11.266969707514352,11.266969707514352,10.924061814335351,11.022035598754883,36059,0.0,0.0
2017-02-17 00:00:00+08:00,11.022035665019947,12.12423986564279,11.022035665019947,11.74459171295166,188323,0.0,0.0
2017-02-20 00:00:00+08:00,11.903798347622589,12.55287458668687,11.903798347622589,12.369174003601074,100749,0.0,0.0
2017-02-21 00:00:00+08:00,12.4304075836726,12.4304075836726,11.940539360046387,11.940539360046387,28956,0.0,0.0
2017-02-22 00:00:00+08:00,12.369174018119729,12.369174018119729,12.12423990705117,12.24670696258545,16212,0.0,0.0
2017-02-23 00:00:00+08:00,12.246707990657901,12.246707990657901,11.756839727397889,11.87930679321289,33707,0.0,0.0
2017-02-24 00:00:00+08:00,11.707851259249992,12.063006135880432,11.707851259249992,11.720097541809082,16657,0.0,0.0
2017-03-01 00:00:00+08:00,11.75683848537426,11.90379810333252,11.536397649279452,11.90379810333252,63343,0.0,0.0
2017-03-02 00:00:00+08:00,12.001773884343926,12.001773884343926,11.756839752197266,11.756839752197266,7842,0.0,0.0
2017-03-03 00:00:00+08:00,11.646618071645708,11.69560531704378,11.0342827885103,11.389437675476074,69635,0.0,0.0
2017-03-06 00:00:00+08:00,11.756838822495746,11.756838822495746,11.1567498234427,11.168996810913086,22173,0.0,0.0
2017-03-07 00:00:00+08:00,11.144502775985158,11.25472354888916,11.144502775985158,11.25472354888916,8912,0.0,0.0
2017-03-08 00:00:00+08:00,11.217985153198242,11.32820452831618,11.095517380254716,11.217985153198242,7371,0.0,0.0
2017-03-09 00:00:00+08:00,11.217984056215899,11.377190665858539,11.168996810913086,11.168996810913086,4958,0.0,0.0
2017-03-10 00:00:00+08:00,11.193490035819343,11.266969846607074,10.948555924036118,11.132256507873535,20037,0.0,0.0
2017-03-13 00:00:00+08:00,11.046529887347674,11.279217720031738,11.046529887347674,11.279217720031738,5505,0.0,0.0
2017-03-14 00:00:00+08:00,11.144503593444824,11.144503593444824,11.144503593444824,11.144503593444824,2239,0.0,0.0
2017-03-15 00:00:00+08:00,11.144502969973873,11.279217720031738,11.144502969973873,11.279217720031738,4367,0.0,0.0
2017-03-16 00:00:00+08:00,11.266970027835358,11.279217720031738,11.071023158004223,11.279217720031738,6169,0.0,0.0
2017-03-17 00:00:00+08:00,11.205736498904615,11.279217720031738,11.205736498904615,11.279217720031738,4359,0.0,0.0
2017-03-20 00:00:00+08:00,11.205735206604004,11.328202250341986,11.071021881239417,11.205735206604004,18429,0.0,0.0
2017-03-21 00:00:00+08:00,11.15675078904339,11.15675078904339,11.095517255549245,11.10776424407959,26887,0.0,0.0
2017-03-22 00:00:00+08:00,11.107764257137909,11.205737347180685,11.022036746482293,11.046530723571777,37398,0.0,0.0
2017-03-23 00:00:00+08:00,11.144502620266131,11.328203201293945,11.095516080490201,11.328203201293945,12309,0.0,0.0
2017-03-24 00:00:00+08:00,11.32820337455288,11.462917417865144,11.022035734823849,11.132256507873535,16017,0.0,0.0
2017-03-27 00:00:00+08:00,11.13225730972081,11.144503593444824,11.083270061088417,11.144503593444824,3756,0.0,0.0
2017-03-28 00:00:00+08:00,11.144502653134618,11.144502653134618,11.022035598754883,11.022035598754883,13881,0.0,0.0
2017-03-29 00:00:00+08:00,10.924062736046004,11.144503593444824,10.91181645232199,11.144503593444824,10586,0.0,0.0
2017-03-30 00:00:00+08:00,11.205736212841337,11.205736212841337,10.924061846034839,11.181242942810059,8428,0.0,0.0
2017-03-31 00:00:00+08:00,11.181242942810059,11.193489930115058,11.02203563073867,11.181242942810059,12864,0.0,0.0
2017-04-05 00:00:00+08:00,11.181243853774424,11.181243853774424,10.94855671265159,11.144503593444824,8661,0.0,0.0
2017-04-06 00:00:00+08:00,11.046529732178811,11.095516272803804,10.948555946350098,10.948555946350098,12884,0.0,0.0
2017-04-07 00:00:00+08:00,10.899569464019198,11.181243853774424,10.715869571528753,11.144503593444824,33782,0.0,0.0
2017-04-10 00:00:00+08:00,11.14450279071546,11.14450279071546,10.997543169139998,11.132256507873535,6471,0.0,0.0
2017-04-11 00:00:00+08:00,11.193490035819343,11.193490035819343,11.132256507873535,11.132256507873535,2459,0.0,0.0
2017-04-12 00:00:00+08:00,10.924061971458874,11.022035757287588,10.74036138724706,10.948555946350098,22339,0.0,0.0
2017-04-13 00:00:00+08:00,11.107764257137909,11.107764257137909,11.022036746482293,11.046530723571777,10901,0.0,0.0
2017-04-14 00:00:00+08:00,11.022035669506055,11.022035669506055,10.409700393676758,10.409700393676758,41927,0.0,0.0
2017-04-17 00:00:00+08:00,10.507674124159342,10.98529535499444,10.311727259658744,10.899568557739258,20511,0.0,0.0
2017-04-18 00:00:00+08:00,11.120009535477795,11.120009535477795,11.00978946685791,11.00978946685791,1810,0.0,0.0
2017-04-19 00:00:00+08:00,10.630141127580409,10.93630946701183,10.617894844933529,10.92406177520752,13922,0.0,0.0
2017-04-20 00:00:00+08:00,10.630140494272167,10.875075292140652,10.617894212354882,10.838335037231445,8746,0.0,0.0
2017-04-21 00:00:00+08:00,10.654635278429668,10.838335862382637,10.654635278429668,10.666881561279297,3740,0.0,0.0
2017-04-24 00:00:00+08:00,10.789348556755721,10.789348556755721,10.752608299255371,10.752608299255371,1211,0.0,0.0
2017-04-25 00:00:00+08:00,10.862828565163333,10.862828565163333,10.581154191965165,10.77710247039795,2413,0.0,0.0
2017-04-26 00:00:00+08:00,10.691374966475093,10.81384202398919,10.532168355369757,10.77710247039795,19907,0.0,0.0
2017-04-27 00:00:00+08:00,10.630142078837354,10.813842676187747,10.556662262644462,10.801595687866211,8424,0.0,0.0
2017-04-28 00:00:00+08:00,10.801595687866211,10.801595687866211,10.801595687866211,10.801595687866211,0,0.0,0.0
2017-05-02 00:00:00+08:00,10.801594870493611,10.948555900916192,10.801594870493611,10.911815643310547,12669,0.0,0.0
2017-05-03 00:00:00+08:00,10.740362351162334,11.046530723571777,10.728116067196384,11.046530723571777,16288,0.0,0.0
2017-05-04 00:00:00+08:00,11.120009383174414,11.144502653134618,10.899568544375146,11.022035598754883,28897,0.0,0.0
2017-05-05 00:00:00+08:00,11.022035757287588,11.1200095431163,10.777102349583895,10.948555946350098,36912,0.0,0.0
2017-05-08 00:00:00+08:00,10.789347495608666,10.985294342041016,10.75260724172177,10.985294342041016,10093,0.0,0.0
2017-05-09 00:00:00+08:00,10.764856283560231,10.924062906508173,10.752609295066334,10.789349555969238,10256,0.0,0.0
2017-05-10 00:00:00+08:00,10.789349555969238,10.789349555969238,10.789349555969238,10.789349555969238,1598,0.0,0.0
2017-05-11 00:00:00+08:00,10.789348617247942,10.850582145232266,10.642387586422586,10.666881561279297,49467,0.0,0.0
2017-05-12 00:00:00+08:00,10.666881598791454,10.76485538482666,10.434194473464228,10.76485538482666,5429,0.0,0.0
2017-05-15 00:00:00+08:00,10.532168184735918,10.6546352402659,10.532168184735918,10.568907737731934,6153,0.0,0.0
2017-05-16 00:00:00+08:00,10.323973663651342,10.666881561279297,10.323973663651342,10.666881561279297,6593,0.0,0.0
2017-05-17 00:00:00+08:00,10.556661447719156,10.630141258239746,10.556661447719156,10.630141258239746,8037,0.0,0.0
2017-05-18 00:00:00+08:00,10.53216815646333,10.813841819763184,10.53216815646333,10.813841819763184,4826,0.0,0.0
2017-05-19 00:00:00+08:00,10.60564787685294,10.813841728012862,10.60564787685294,10.740361213684082,11989,0.0,0.0
2017-05-22 00:00:00+08:00,10.887322356508621,10.887322356508621,10.630141258239746,10.630141258239746,18098,0.0,0.0
2017-05-23 00:00:00+08:00,10.61789496119239,10.752608299255371,10.61789496119239,10.752608299255371,3016,0.0,0.0
2017-05-24 00:00:00+08:00,10.911815719431567,10.911815719431567,10.703621864318848,10.703621864318848,4826,0.0,0.0
2017-05-25 00:00:00+08:00,10.862828254699707,10.862828254699707,10.862828254699707,10.862828254699707,883,0.0,0.0
2017-05-26 00:00:00+08:00,10.850582290512106,10.850582290512106,10.715868949890137,10.715868949890137,3355,0.0,0.0
2017-05-31 00:00:00+08:00,10.544414610199162,10.87507622826668,10.189260426188751,10.617895126342773,29768,0.0,0.0
2017-06-01 00:00:00+08:00,10.801594870493611,11.413930853237337,10.483180948595045,10.911815643310547,46570,0.0,0.0
2017-06-02 00:00:00+08:00,10.960802052091706,10.960802052091706,10.740361213684082,10.740361213684082,13785,0.0,0.0
2017-06-05 00:00:00+08:00,10.948556870576255,10.948556870576255,10.679129465237533,10.85058307647705,3016,0.0,0.0
2017-06-06 00:00:00+08:00,10.703621954057997,10.887322540329142,10.703621954057997,10.77710247039795,5781,0.0,0.0
2017-06-07 00:00:00+08:00,10.875075985623456,11.20573618715586,10.691374699363145,10.96080207824707,36133,0.0,0.0
2017-06-08 00:00:00+08:00,11.14450285764318,11.462917486705086,10.911815731883218,11.389437675476074,64106,0.0,0.0
2017-06-09 00:00:00+08:00,11.499656046641283,12.430406583015158,11.168995867806464,12.124238967895508,242616,0.0,0.0
2017-06-12 00:00:00+08:00,11.977278684309637,12.4916408729524,11.646617780595513,12.222212791442871,90923,0.0,0.0
2017-06-13 00:00:00+08:00,12.246707092273196,12.369174149104353,12.014019966125488,12.014019966125488,48261,0.0,0.0
2017-06-14 00:00:00+08:00,12.307940490352589,12.307940490352589,11.867058808597692,12.24670696258545,55439,0.0,0.0
2017-06-15 00:00:00+08:00,12.36917499353981,12.36917499353981,12.087499898103895,12.185474395751953,25337,0.0,0.0
2017-06-16 00:00:00+08:00,12.369174780722016,13.348911285400392,12.24670771763722,13.34891128540039,343147,0.0,0.0
2017-06-19 00:00:00+08:00,14.634815216064453,14.634815216064453,14.634815216064453,14.634815216064453,169401,0.0,0.0
2017-06-20 00:00:00+08:00,16.04318618774414,16.04318618774414,15.859485598676356,16.04318618774414,598177,0.0,0.0
2017-06-21 00:00:00+08:00,16.104419514799453,17.635259146926696,15.614551283449126,17.51279067993164,1516417,0.0,0.0
2017-06-22 00:00:00+08:00,17.267856580959972,17.818958341762176,16.777989758293263,17.390323638916016,485753,0.0,0.0
2017-06-23 00:00:00+08:00,17.757726330310508,18.798696329289555,16.41058727541543,16.655521392822266,1425021,0.0,0.0
2017-06-26 00:00:00+08:00,16.65552320708698,17.022924423217773,15.920720774825389,17.022924423217773,282600,0.0,0.0
2017-06-27 00:00:00+08:00,16.655519471239597,17.635257236989993,16.655519471239597,17.145387649536133,274352,0.0,0.0
2017-06-28 00:00:00+08:00,16.96168754814769,17.635257720947266,16.96168754814769,17.635257720947266,144827,0.0,0.0
2017-06-29 00:00:00+08:00,17.69649276391697,17.8801919424301,16.900455474853516,16.900455474853516,124446,0.0,0.0
2017-06-30 00:00:00+08:00,16.9004553988891,17.51279068837213,16.65552128309589,17.451557159423828,125479,0.0,0.0
2017-07-03 00:00:00+08:00,17.574025749528992,19.16609764099121,17.512792215241987,19.16609764099121,549341,0.0,0.0
2017-07-04 00:00:00+08:00,20.5744684303587,20.5744684303587,17.941425291088485,18.186359405517578,498586,0.0,0.0
2017-07-05 00:00:00+08:00,18.247595205785164,18.737464904785156,17.75772832510046,18.737464904785156,299340,0.0,0.0
2017-07-06 00:00:00+08:00,18.431293410200283,19.594731855968416,18.247592825472278,19.043628692626953,293617,0.0,0.0
2017-07-07 00:00:00+08:00,18.921163703203717,19.227331377864658,17.75772794864976,18.308828353881836,412272,0.0,0.0
2017-07-10 00:00:00+08:00,18.370060234323216,18.676229290566795,16.53305435180664,16.53305435180664,621365,0.0,0.0
2017-07-11 00:00:00+08:00,16.226889047083457,16.226889047083457,14.879751205444336,14.879751205444336,494679,0.0,0.0
2017-07-12 00:00:00+08:00,14.022481024380005,14.757283449631831,13.777546882629395,13.777546882629395,795881,0.0,0.0
2017-07-13 00:00:00+08:00,14.0837116397838,14.696046867202343,13.65507698059082,13.65507698059082,514060,0.0,0.0
2017-07-14 00:00:00+08:00,13.900013104233386,13.900013104233386,13.165210723876953,13.165210723876953,327196,0.0,0.0
2017-07-17 00:00:00+08:00,13.410146402582686,14.451116561889648,13.348912863799924,14.451116561889648,298118,0.0,0.0
2017-07-18 00:00:00+08:00,15.185916027276415,15.43085013402027,14.328646653672925,14.389880180358887,748991,0.0,0.0
2017-07-19 00:00:00+08:00,14.696050717020698,15.124685488500036,14.451116561889648,14.451116561889648,172533,0.0,0.0
2017-07-20 00:00:00+08:00,14.512348226892357,14.879749412151467,14.144947041633246,14.206180572509766,101387,0.0,0.0
2017-07-21 00:00:00+08:00,14.206178685267508,14.206178685267508,13.532609935107113,13.65507698059082,161072,0.0,0.0
2017-07-24 00:00:00+08:00,13.838779515068518,14.14494717227894,13.471378326416016,13.471378326416016,129718,0.0,0.0
2017-07-25 00:00:00+08:00,13.71631222952282,14.81851577758789,13.71631222952282,14.81851577758789,344710,0.0,0.0
2017-07-26 00:00:00+08:00,15.063450026961036,15.30838415082776,13.961246469560777,14.08371353149414,551425,0.0,0.0
2017-07-27 00:00:00+08:00,14.206180511865906,15.369617593553231,14.083713450635662,14.57358169555664,361916,0.0,0.0
2017-07-28 00:00:00+08:00,14.696048756786885,15.185917001707864,14.451114634326395,14.57358169555664,162308,0.0,0.0
2017-07-31 00:00:00+08:00,14.696049732768278,14.696049732768278,14.389882059359723,14.512349128723145,36799,0.0,0.0
2017-08-01 00:00:00+08:00,14.634815226171762,14.696048756786885,14.451114634326395,14.57358169555664,52252,0.0,0.0
2017-08-02 00:00:00+08:00,14.696050717020698,14.879751333368986,14.451116561889648,14.451116561889648,72859,0.0,0.0
2017-08-03 00:00:00+08:00,14.573581790097503,14.573581790097503,14.022480010986326,14.022480010986328,61533,0.0,0.0
2017-08-04 00:00:00+08:00,14.144948095255309,14.328648701568266,13.777546882629395,13.777546882629395,83135,0.0,0.0
2017-08-07 00:00:00+08:00,13.838779328175171,14.879749348632252,13.838779328175171,14.57358169555664,132713,0.0,0.0
2017-08-08 00:00:00+08:00,14.634815288645393,14.696048819521911,14.206180572509766,14.206180572509766,44641,0.0,0.0
2017-08-09 00:00:00+08:00,14.206179600300997,14.512347233730814,14.206179600300997,14.389880180358887,33492,0.0,0.0
2017-08-10 00:00:00+08:00,14.69604884116095,14.69604884116095,14.083713531494139,14.08371353149414,40418,0.0,0.0
2017-08-11 00:00:00+08:00,14.144947021161698,14.389881144313287,14.144947021161698,14.32864761352539,33631,0.0,0.0
2017-08-14 00:00:00+08:00,14.634816100902418,15.185917909378164,14.328648429527004,14.940983772277832,168143,0.0,0.0
2017-08-15 00:00:00+08:00,15.247148498286045,16.410585424765745,15.247148498286045,15.737016677856445,550786,0.0,0.0
2017-08-16 00:00:00+08:00,15.675783155410144,16.165651334980545,15.369615543178645,15.737016677856445,213275,0.0,0.0
2017-08-17 00:00:00+08:00,16.043184292071867,16.10441781452574,15.61454963489476,15.675783157348633,104877,0.0,0.0
2017-08-18 00:00:00+08:00,15.55331712334116,15.55331712334116,14.512347173966658,15.002215385437012,143638,0.0,0.0
2017-08-21 00:00:00+08:00,14.94098283848401,15.247150490724307,14.634815186243713,14.81851577758789,128573,0.0,0.0
2017-08-22 00:00:00+08:00,14.81851571938935,15.247150430842336,14.81851571938935,15.185916900634766,85995,0.0,0.0
2017-08-23 00:00:00+08:00,15.24715050099452,15.492084622951742,14.757282257080078,14.757282257080078,85995,0.0,0.0
2017-08-24 00:00:00+08:00,14.879749318058689,15.063449909526605,14.757282257080078,14.757282257080078,121349,0.0,0.0
2017-08-25 00:00:00+08:00,15.063451820213306,15.063451820213306,14.818517667188011,14.879751205444336,52721,0.0,0.0
2017-08-28 00:00:00+08:00,15.369616537993348,15.369616537993348,14.818514800306005,15.063448905944824,39815,0.0,0.0
2017-08-29 00:00:00+08:00,15.063449899380128,15.247150490724307,14.81851577758789,14.81851577758789,37755,0.0,0.0
2017-08-30 00:00:00+08:00,14.879749090097903,16.28812026977539,14.81851556054671,16.28812026977539,400093,0.0,0.0
2017-08-31 00:00:00+08:00,16.288120683186033,17.63525977666171,16.288120683186033,16.777990341186523,584075,0.0,0.0
2017-09-01 00:00:00+08:00,16.777989860683167,17.084156098284225,16.043186099305178,16.655521392822266,141214,0.0,0.0
2017-09-04 00:00:00+08:00,16.900453592130308,16.900453592130308,16.043184278501244,16.10441780090332,76975,0.0,0.0
2017-09-05 00:00:00+08:00,16.165653210673,16.77798991534244,15.92071909246822,16.28812026977539,115894,0.0,0.0
2017-09-06 00:00:00+08:00,16.655520506157128,16.655520506157128,15.798251140870377,15.9207181930542,81207,0.0,0.0
2017-09-07 00:00:00+08:00,15.98195265805488,16.410587365879714,15.98195265805488,16.04318618774414,50674,0.0,0.0
2017-09-08 00:00:00+08:00,16.41058734723859,16.533054406478,16.165653228759766,16.165653228759766,28217,0.0,0.0
2017-09-11 00:00:00+08:00,16.226886786134088,16.716755023929608,15.981952667236328,15.981952667236328,60857,0.0,0.0
2017-09-12 00:00:00+08:00,16.165652303113742,16.22688582922721,15.859484672546387,15.859484672546387,40419,0.0,0.0
2017-09-13 00:00:00+08:00,15.798252134013358,15.920719193895962,15.553318014248152,15.614551544189453,42401,0.0,0.0
2017-09-14 00:00:00+08:00,15.614549632963845,15.859483722749045,15.553316110517544,15.737016677856445,21343,0.0,0.0
2017-09-15 00:00:00+08:00,16.34935366232896,17.26785659790039,15.981952488100386,17.26785659790039,502199,0.0,0.0
2017-09-18 00:00:00+08:00,16.28811836810955,16.594285980119928,15.737016666490865,16.10441780090332,513049,0.0,0.0
2017-09-19 00:00:00+08:00,16.043186196960768,16.288120315858528,15.920719137511888,15.981952667236328,65454,0.0,0.0
2017-09-20 00:00:00+08:00,16.16565229742184,16.22688582351375,15.859484666962288,15.9207181930542,88952,0.0,0.0
2017-09-21 00:00:00+08:00,15.920717233697093,16.226884845707474,15.920717233697093,16.10441780090332,25341,0.0,0.0
2017-09-22 00:00:00+08:00,16.10441981325567,16.10441981325567,15.36961745261241,15.430850982666016,61670,0.0,0.0
2017-09-25 00:00:00+08:00,15.43084998975209,15.859484672546387,15.43084998975209,15.859484672546387,35598,0.0,0.0
2017-09-26 00:00:00+08:00,15.798252162987646,15.798252162987646,15.430850982666016,15.430850982666016,14478,0.0,0.0
2017-09-27 00:00:00+08:00,15.4308500232531,15.73701765448516,15.369616497006689,15.492083549499512,24194,0.0,0.0
2017-09-28 00:00:00+08:00,15.675785083638523,15.675785083638523,15.308383903767874,15.55331802368164,7944,0.0,0.0
2017-09-29 00:00:00+08:00,15.553318081880183,15.553318081880183,15.124683370427197,15.185916900634766,43058,0.0,0.0
2017-10-02 00:00:00+08:00,16.165652308849765,16.165652308849765,15.798251152038574,15.798251152038574,19304,0.0,0.0
2017-10-03 00:00:00+08:00,15.675783155410144,15.981950767641646,15.675783155410144,15.737016677856445,7332,0.0,0.0
2017-10-05 00:00:00+08:00,15.675784094205973,16.165652303113742,15.492083515865561,15.859484672546387,19049,0.0,0.0
2017-10-06 00:00:00+08:00,16.226884859433483,16.226884859433483,15.61454963489476,15.675783157348633,17850,0.0,0.0
2017-10-11 00:00:00+08:00,15.920719242950106,15.920719242950106,15.30838394165039,15.30838394165039,47582,0.0,0.0
2017-10-12 00:00:00+08:00,15.369617471780362,15.614551592300248,15.247150411520419,15.30838394165039,27539,0.0,0.0
2017-10-13 00:00:00+08:00,15.430850982666016,15.675785102880436,15.430850982666016,15.430850982666016,24733,0.0,0.0
2017-10-16 00:00:00+08:00,15.737018613616964,15.737018613616964,15.369617433746315,15.55331802368164,23019,0.0,0.0
2017-10-17 00:00:00+08:00,15.737016679802505,15.981950769617994,15.553316112440887,15.675783157348633,21114,0.0,0.0
2017-10-18 00:00:00+08:00,16.10441780090332,16.226884845707474,15.737016666490865,16.10441780090332,111001,0.0,0.0
2017-10-19 00:00:00+08:00,16.165653620975295,17.022923056450477,16.104420089869922,16.777990341186523,115224,0.0,0.0
2017-10-20 00:00:00+08:00,16.900455528309955,17.512790822482145,16.53305435180664,16.53305435180664,103295,0.0,0.0
2017-10-23 00:00:00+08:00,16.83922108443286,16.83922108443286,15.9207181930542,15.9207181930542,32669,0.0,0.0
2017-10-24 00:00:00+08:00,15.92071820430897,16.165652308849765,15.798251152038574,15.798251152038574,23759,0.0,0.0
2017-10-25 00:00:00+08:00,15.798252134013358,15.798252134013358,15.430850954365548,15.614551544189453,24733,0.0,0.0
2017-10-26 00:00:00+08:00,15.614550568092502,15.859484672546387,15.553317041979032,15.859484672546387,2538,0.0,0.0
2017-10-27 00:00:00+08:00,16.165652303113742,16.165652303113742,15.614550568092502,15.859484672546387,9125,0.0,0.0
2017-10-30 00:00:00+08:00,15.737017620319445,16.0431852508868,15.737017620319445,15.859484672546387,6354,0.0,0.0
2017-10-31 00:00:00+08:00,15.737017625903375,15.98195173044417,15.675784099768178,15.798251152038574,14478,0.0,0.0
2017-11-01 00:00:00+08:00,15.737017620319445,16.22688582922721,15.737017620319445,15.859484672546387,22065,0.0,0.0
2017-11-02 00:00:00+08:00,15.920719128365619,16.165653247122666,15.920719128365619,16.04318618774414,7405,0.0,0.0
2017-11-03 00:00:00+08:00,16.0431852508868,16.165652303113742,15.798251146432916,15.859484672546387,5212,0.0,0.0
2017-11-06 00:00:00+08:00,14.818515700610618,15.67578512243022,14.451114519830789,15.30838394165039,68169,0.0,0.0
2017-11-07 00:00:00+08:00,15.798250202256376,15.981950769617994,15.675783157348633,15.675783157348633,40920,0.0,0.0
2017-11-08 00:00:00+08:00,15.920717247164122,15.920717247164122,15.675783157348633,15.675783157348633,9652,0.0,0.0
2017-11-09 00:00:00+08:00,15.73701863293404,15.85948569304125,15.430850982666016,15.430850982666016,11464,0.0,0.0
2017-11-10 00:00:00+08:00,15.430851001910334,15.67578512243022,15.30838394165039,15.30838394165039,7239,0.0,0.0
2017-11-13 00:00:00+08:00,15.553316110517544,16.226884857426846,15.553316110517544,15.737016677856445,59150,0.0,0.0
2017-11-14 00:00:00+08:00,15.737016679802505,16.16565133697961,15.675783157348633,15.675783157348633,10255,0.0,0.0
2017-11-15 00:00:00+08:00,15.492082589987016,16.043184292071867,15.492082589987016,15.675783157348633,8776,0.0,0.0
2017-11-16 00:00:00+08:00,15.675784128238746,15.981951759470805,15.492083549499512,15.492083549499512,18097,0.0,0.0
2017-11-17 00:00:00+08:00,15.492083521362582,15.98195173044417,15.492083521362582,15.798251152038574,22320,0.0,0.0
2017-11-20 00:00:00+08:00,15.920719128365619,16.04318618774414,15.859485598676356,16.04318618774414,11072,0.0,0.0
2017-11-21 00:00:00+08:00,16.104419726685208,16.533054434756288,15.981952667236328,15.981952667236328,140848,0.0,0.0
2017-11-22 00:00:00+08:00,15.98195173044417,16.34935288725536,15.798251152038574,15.798251152038574,18098,0.0,0.0
2017-11-23 00:00:00+08:00,15.920719110280944,16.165653228759766,15.920719110280944,16.165653228759766,6635,0.0,0.0
2017-11-24 00:00:00+08:00,16.349353817618884,16.533054406478,15.98195263990065,16.165653228759766,45476,0.0,0.0
2017-11-27 00:00:00+08:00,15.98195265805488,16.410587365879714,15.98195265805488,16.04318618774414,27356,0.0,0.0
2017-11-28 00:00:00+08:00,15.981952622019415,16.471820858428977,15.981952622019415,16.28812026977539,45561,0.0,0.0
2017-11-29 00:00:00+08:00,16.28812026977539,16.471820858428977,16.104419681121804,16.28812026977539,47161,0.0,0.0
2017-11-30 00:00:00+08:00,16.28811836810955,16.655519502522004,16.10441780090332,16.10441780090332,65756,0.0,0.0
2017-12-01 00:00:00+08:00,15.981952733530731,16.04318626350917,15.308383903767874,15.55331802368164,60581,0.0,0.0
2017-12-04 00:00:00+08:00,15.430849984318913,15.9207181930542,15.430849984318913,15.9207181930542,10858,0.0,0.0
2017-12-05 00:00:00+08:00,16.165651334980545,16.165651334980545,15.369615543178645,15.737016677856445,15684,0.0,0.0
2017-12-06 00:00:00+08:00,15.92071820430897,15.92071820430897,15.369616469092186,15.798251152038574,38998,0.0,0.0
2017-12-07 00:00:00+08:00,15.798252172799657,15.798252172799657,15.247150401974931,15.369617462158203,36652,0.0,0.0
2017-12-08 00:00:00+08:00,15.247150411520419,15.369617471780362,15.247150411520419,15.30838394165039,3016,0.0,0.0
2017-12-11 00:00:00+08:00,15.063449774717737,15.614551544189453,15.063449774717737,15.614551544189453,27206,0.0,0.0
2017-12-12 00:00:00+08:00,15.737016679802505,15.737016679802505,15.553316112440887,15.675783157348633,10315,0.0,0.0
2017-12-13 00:00:00+08:00,15.798252134013358,15.859485663954661,15.614551544189453,15.614551544189453,13472,0.0,0.0
2017-12-14 00:00:00+08:00,15.430851001910334,15.430851001910334,15.30838394165039,15.30838394165039,13603,0.0,0.0
2017-12-15 00:00:00+08:00,15.369617471780362,15.430851001910334,15.30838394165039,15.30838394165039,3619,0.0,0.0
2017-12-18 00:00:00+08:00,15.2471503925052,15.430850982666016,15.2471503925052,15.430850982666016,15082,0.0,0.0
2017-12-19 00:00:00+08:00,15.430850954365548,15.614551544189453,15.308383894482944,15.614551544189453,15081,0.0,0.0
2017-12-20 00:00:00+08:00,15.308383922558804,15.430850982666016,15.2471503925052,15.430850982666016,8445,0.0,0.0
2017-12-21 00:00:00+08:00,14.940981813281809,15.614550601992335,14.940981813281809,15.492083549499512,7570,0.0,0.0
2017-12-22 00:00:00+08:00,15.43084998975209,15.859484672546387,15.247149411411677,15.859484672546387,30246,0.0,0.0
2017-12-25 00:00:00+08:00,16.043184292071867,16.043184292071867,15.308382022625398,15.675783157348633,21717,0.0,0.0
2017-12-26 00:00:00+08:00,15.798252068987093,16.104419717433405,15.798252068987093,16.04318618774414,32576,0.0,0.0
2017-12-27 00:00:00+08:00,16.226886776811927,16.410587365879714,15.920719128365619,16.04318618774414,96010,0.0,0.0
2017-12-28 00:00:00+08:00,16.226886653394615,17.145389591747662,16.104419594947544,16.900455474853516,177910,0.0,0.0
2017-12-29 00:00:00+08:00,16.900455842426986,18.55376257657825,16.900455842426986,17.69649314880371,1138140,0.0,0.0
2018-01-02 00:00:00+08:00,16.90045556528734,17.69649285861037,16.165653210673,16.28812026977539,215791,0.0,0.0
2018-01-03 00:00:00+08:00,16.28812026977539,16.594287917531368,16.104419681121804,16.28812026977539,46286,0.0,0.0
2018-01-04 00:00:00+08:00,16.28811836810955,16.349351890511624,15.675783144088788,16.10441780090332,83854,0.0,0.0
2018-01-05 00:00:00+08:00,16.10441877700027,16.10441877700027,15.798251146432916,15.859484672546387,30435,0.0,0.0
2018-01-08 00:00:00+08:00,15.675784094205973,16.0431852508868,15.675784094205973,15.859484672546387,16288,0.0,0.0
2018-01-09 00:00:00+08:00,16.04318611646889,16.53305435180664,16.04318611646889,16.53305435180664,33944,0.0,0.0
2018-01-10 00:00:00+08:00,16.471820831298828,16.777989887708014,16.28812024294781,16.471820831298828,13156,0.0,0.0
2018-01-11 00:00:00+08:00,16.410586407567624,16.594286985908038,15.737017620319445,15.859484672546387,71070,0.0,0.0
2018-01-12 00:00:00+08:00,16.04318524523802,16.104418771329932,15.737017614778466,15.9207181930542,15770,0.0,0.0
2018-01-15 00:00:00+08:00,15.981952544772485,16.900455483600933,15.798251957006794,16.839221954345703,42893,0.0,0.0
2018-01-16 00:00:00+08:00,16.41058732887778,16.594287917531368,16.28812026977539,16.28812026977539,4222,0.0,0.0
2018-01-17 00:00:00+08:00,16.655521401698795,16.655521401698795,16.410587284161423,16.594287872314453,14511,0.0,0.0
2018-01-18 00:00:00+08:00,16.47182082238942,16.900455528309955,16.47182082238942,16.53305435180664,30566,0.0,0.0
2018-01-19 00:00:00+08:00,16.716754913330078,16.777989851806876,16.471820796052825,16.716754913330078,18739,0.0,0.0
2018-01-22 00:00:00+08:00,16.410587292972203,16.716754940058298,16.410587292972203,16.53305435180664,15970,0.0,0.0
2018-01-23 00:00:00+08:00,16.471820858428977,16.90045556528734,15.737018503814635,16.28812026977539,59873,0.0,0.0
2018-01-24 00:00:00+08:00,16.043184278501244,16.226884845707474,15.920717233697093,16.10441780090332,6424,0.0,0.0
2018-01-25 00:00:00+08:00,15.920719110280944,16.41058734723859,15.920719110280944,16.165653228759766,13271,0.0,0.0
2018-01-26 00:00:00+08:00,16.165651323305397,16.165651323305397,16.10441780090332,16.10441780090332,2439,0.0,0.0
2018-01-29 00:00:00+08:00,16.226886704720545,16.53305435180664,16.226886704720545,16.53305435180664,7091,0.0,0.0
2018-01-30 00:00:00+08:00,16.716754922173973,16.83922198087739,16.655521392822266,16.655521392822266,3619,0.0,0.0
2018-01-31 00:00:00+08:00,16.655523380936597,16.655523380936597,16.043188014327075,16.349355697631836,13875,0.0,0.0
2018-02-01 00:00:00+08:00,16.104418782714564,16.594286991796153,15.798251152038574,15.798251152038574,46315,0.0,0.0
2018-02-02 00:00:00+08:00,15.859485562917026,16.471820858428977,15.859485562917026,16.28812026977539,13484,0.0,0.0
2018-02-05 00:00:00+08:00,15.859485562917026,16.471820858428977,15.859485562917026,16.28812026977539,20722,0.0,0.0
2018-02-06 00:00:00+08:00,15.92071925299734,15.92071925299734,14.696048649625045,15.247150421142578,57446,0.0,0.0
2018-02-07 00:00:00+08:00,15.002216244776436,15.981952723837264,15.002216244776436,15.614551544189453,25566,0.0,0.0
2018-02-08 00:00:00+08:00,15.247150373789433,16.10441979348761,15.247150373789433,15.55331802368164,28066,0.0,0.0
2018-02-09 00:00:00+08:00,15.55331802368164,15.55331802368164,15.55331802368164,15.55331802368164,0,0.0,0.0
2018-02-12 00:00:00+08:00,15.185916900634767,15.430851021465045,15.185916900634767,15.185916900634766,8309,0.0,0.0
2018-02-21 00:00:00+08:00,15.859484706977982,15.859484706977982,15.308382970760277,15.492083549499512,14478,0.0,0.0
2018-02-22 00:00:00+08:00,15.185915918267455,15.73701765448516,15.185915918267455,15.492083549499512,13093,0.0,0.0
2018-02-23 00:00:00+08:00,15.737018521421827,16.288120287999178,15.492084402943005,16.165653228759766,41384,0.0,0.0
2018-02-26 00:00:00+08:00,16.41058923429279,16.777991863416155,15.920720941005172,16.349355697631836,49746,0.0,0.0
2018-02-27 00:00:00+08:00,16.716754913330078,17.512790794481152,16.288120208094885,16.716754913330078,115827,0.0,0.0
2018-03-01 00:00:00+08:00,16.59428788122386,17.14538964597883,16.288120234137764,16.53305435180664,39212,0.0,0.0
2018-03-02 00:00:00+08:00,16.594289844275643,16.594289844275643,16.16565508764898,16.349355697631836,9049,0.0,0.0
2018-03-05 00:00:00+08:00,16.71675494910019,16.71675494910019,16.22688671349747,16.471820831298828,19077,0.0,0.0
2018-03-06 00:00:00+08:00,17.084155905907,18.063892364501953,17.084155905907,18.063892364501953,197254,0.0,0.0
2018-03-07 00:00:00+08:00,19.839662551879883,19.839662551879883,19.839662551879883,19.839662551879883,175881,0.0,0.0
2018-03-08 00:00:00+08:00,21.799137115478516,21.799137115478516,21.799137115478516,21.799137115478516,79349,0.0,0.0
2018-03-09 00:00:00+08:00,23.88107933330303,23.88107933330303,19.655965796035915,19.717199325561523,1309906,0.0,0.0
2018-03-12 00:00:00+08:00,19.717196956555608,20.08459668040899,18.370058059692383,18.370058059692383,358732,0.0,0.0
2018-03-13 00:00:00+08:00,18.67622947692871,19.288563368053627,18.492528886843985,18.67622947692871,289613,0.0,0.0
2018-03-14 00:00:00+08:00,18.737464507564766,18.737464507564766,18.308828353881836,18.308828353881836,156999,0.0,0.0
2018-03-15 00:00:00+08:00,18.492528226531057,20.084598541259766,18.492528226531057,20.084598541259766,361503,0.0,0.0
2018-03-16 00:00:00+08:00,19.533498897324094,19.71719948740882,18.37006041763,18.67622947692871,440626,0.0,0.0
2018-03-19 00:00:00+08:00,18.370058059692383,18.982393281376886,18.370058059692383,18.370058059692383,144180,0.0,0.0
2018-03-20 00:00:00+08:00,18.73746431013975,19.655967324444877,18.43129522954711,19.16609764099121,282692,0.0,0.0
2018-03-21 00:00:00+08:00,19.47226479948308,19.778432440696417,18.982395164384286,19.043628692626953,158419,0.0,0.0
2018-03-22 00:00:00+08:00,19.166095529664055,20.94186782836914,19.166095529664055,20.94186782836914,947952,0.0,0.0
2018-03-23 00:00:00+08:00,19.839664788598107,22.166540297813434,19.7171991398578,21.0643367767334,1170449,0.0,0.0
2018-03-26 00:00:00+08:00,20.635703822461423,22.962578119664858,20.635703822461423,21.615440368652344,676321,0.0,0.0
2018-03-27 00:00:00+08:00,21.86037260140958,22.166540245430514,21.3092708421719,21.431737899780273,307726,0.0,0.0
2018-03-28 00:00:00+08:00,21.309272779978063,21.9828416580766,21.24803924560547,21.24803924560547,164149,0.0,0.0
2018-03-29 00:00:00+08:00,21.73790563936858,21.982839755662145,20.758169174194336,20.758169174194336,142778,0.0,0.0
2018-03-30 00:00:00+08:00,21.00310277925975,21.370503944757328,20.513234558596313,20.819400787353516,190289,0.0,0.0
2018-04-02 00:00:00+08:00,21.125570348634678,21.309270935854848,20.635702116047554,20.758169174194336,131104,0.0,0.0
2018-04-03 00:00:00+08:00,20.88063292880617,20.88063292880617,19.594730344084855,20.268299102783203,120382,0.0,0.0
2018-04-09 00:00:00+08:00,20.268301278463404,20.268301278463404,18.553762435913086,18.553762435913086,130396,0.0,0.0
2018-04-10 00:00:00+08:00,18.61499596600417,19.227329857757493,18.492528905822002,18.553762435913086,51277,0.0,0.0
2018-04-11 00:00:00+08:00,18.676229043533233,18.737462572140505,18.186359405517578,18.186359405517578,65152,0.0,0.0
2018-04-12 00:00:00+08:00,17.757726679359035,18.00265939242282,17.69649314880371,17.69649314880371,65756,0.0,0.0
2018-04-13 00:00:00+08:00,17.880192072168796,19.41103172302246,17.757726421990593,19.41103172302246,79630,0.0,0.0
2018-04-16 00:00:00+08:00,20.696935846047246,20.696935846047246,19.41103172302246,19.41103172302246,44649,0.0,0.0
2018-04-17 00:00:00+08:00,19.594731863952784,19.594731863952784,18.98239517211914,18.98239517211914,11462,0.0,0.0
2018-04-18 00:00:00+08:00,18.92116367358822,19.043630743260913,18.30882832522477,18.43129539489746,22413,0.0,0.0
2018-04-19 00:00:00+08:00,18.55376002228562,18.859926223754883,18.370058046752348,18.859926223754883,28413,0.0,0.0
2018-04-20 00:00:00+08:00,18.921161643851523,19.104862228654376,18.921161643851523,18.98239517211914,6683,0.0,0.0
2018-04-23 00:00:00+08:00,19.043631176778984,19.043631176778984,18.37006227824575,18.737464904785156,10515,0.0,0.0
2018-04-24 00:00:00+08:00,18.370060436482337,18.553762435913086,18.24759337630017,18.553762435913086,8445,0.0,0.0
2018-04-25 00:00:00+08:00,18.370060427025162,18.798696546599576,18.370060427025162,18.6149959564209,10255,0.0,0.0
2018-04-26 00:00:00+08:00,18.859928657855935,18.859928657855935,18.247593357573518,18.67622947692871,18098,0.0,0.0
2018-04-27 00:00:00+08:00,18.614995419305135,18.921161651611328,18.614995419305135,18.921161651611328,2413,0.0,0.0
2018-04-30 00:00:00+08:00,18.12512395825108,18.859926223754883,18.12512395825108,18.859926223754883,14130,0.0,0.0
2018-05-02 00:00:00+08:00,18.859926223754883,18.859926223754883,18.614993544410936,18.859926223754883,2413,0.0,0.0
2018-05-03 00:00:00+08:00,18.676228947597863,18.921161651611328,18.676228947597863,18.921161651611328,48425,0.0,0.0
2018-05-04 00:00:00+08:00,18.982393268005517,18.982393268005517,18.614993544410936,18.859926223754883,7842,0.0,0.0
2018-05-07 00:00:00+08:00,18.55376002228562,18.859926223754883,18.370058046752348,18.859926223754883,7842,0.0,0.0
2018-05-08 00:00:00+08:00,18.247595205785164,18.79869844101545,18.247595205785164,18.737464904785156,6984,0.0,0.0
2018-05-09 00:00:00+08:00,18.73746300695695,18.73746300695695,18.30882688760176,18.67622947692871,5429,0.0,0.0
2018-05-10 00:00:00+08:00,18.798696536985194,18.798696536985194,18.125126297517035,18.67622947692871,4689,0.0,0.0
2018-05-11 00:00:00+08:00,20.51323324472353,20.51323324472353,18.98239374404313,19.349796295166016,59723,0.0,0.0
2018-05-14 00:00:00+08:00,18.982395698685494,18.982395698685494,18.737462987978116,18.798696517944336,10858,0.0,0.0
2018-05-15 00:00:00+08:00,19.22732981855037,19.22732981855037,18.308826869057082,18.798696517944336,5429,0.0,0.0
2018-05-16 00:00:00+08:00,18.308828742015457,18.921164104318397,18.247595205785164,18.737464904785156,8679,0.0,0.0
2018-05-17 00:00:00+08:00,18.37006041763,18.67622947692871,18.002659237460552,18.67622947692871,14701,0.0,0.0
2018-05-18 00:00:00+08:00,18.492528465975052,18.67622905187896,18.06389235637513,18.125125885009766,21777,0.0,0.0
2018-05-21 00:00:00+08:00,18.614996107133575,18.614996107133575,17.69649314880371,17.69649314880371,24914,0.0,0.0
2018-05-22 00:00:00+08:00,17.69649263407963,18.002658868793517,17.69649263407963,17.818958282470703,7993,0.0,0.0
2018-05-23 00:00:00+08:00,17.696490738145364,17.880189895629883,17.696490738145364,17.880189895629883,1809,0.0,0.0
2018-05-24 00:00:00+08:00,17.757726162853903,17.880191811244973,17.757726162853903,17.818958282470703,547163,0.0,0.0
2018-05-25 00:00:00+08:00,17.880191811244973,17.880191811244973,17.51279063859934,17.818958282470703,10267,0.0,0.0
2018-05-28 00:00:00+08:00,17.818958324525592,17.818958324525592,16.961688919662524,17.51279067993164,27367,0.0,0.0
2018-05-29 00:00:00+08:00,17.51278926385496,17.635257720947266,16.839220500212743,17.635257720947266,36799,0.0,0.0
2018-05-30 00:00:00+08:00,17.145389523003924,17.390323638916016,16.900455407091833,17.390323638916016,14478,0.0,0.0
2018-05-31 00:00:00+08:00,17.145389514682314,17.51279068837213,17.145389514682314,17.451557159423828,14818,0.0,0.0
2018-06-01 00:00:00+08:00,17.145387637385127,17.57402229309082,17.145387637385127,17.57402229309082,17494,0.0,0.0
2018-06-04 00:00:00+08:00,17.69649314880371,17.69649314880371,17.69649314880371,17.69649314880371,2413,0.0,0.0
2018-06-05 00:00:00+08:00,17.26785516798506,17.635257720947266,17.26785516798506,17.635257720947266,6651,0.0,0.0
2018-06-06 00:00:00+08:00,17.512790622461406,17.941425323486328,17.512790622461406,17.941425323486328,21114,0.0,0.0
2018-06-07 00:00:00+08:00,18.30882900138216,18.30882900138216,17.635261502464676,17.757728576660156,18278,0.0,0.0
2018-06-08 00:00:00+08:00,17.57402467853555,17.69649314880371,17.14538996464828,17.69649314880371,26543,0.0,0.0
2018-06-11 00:00:00+08:00,19.41103380331839,19.41103380331839,18.61499783232457,18.737464904785156,136941,0.0,0.0
2018-06-12 00:00:00+08:00,18.247592942279038,18.614995523244325,17.88019177047122,18.125125885009766,57913,0.0,0.0
2018-06-13 00:00:00+08:00,18.186359413644404,18.247592942279038,17.75772612235942,18.125125885009766,15821,0.0,0.0
2018-06-14 00:00:00+08:00,17.75772801979039,18.002660751342773,17.574026005100272,18.002660751342773,11862,0.0,0.0
2018-06-15 00:00:00+08:00,18.247592942279038,18.247592942279038,17.75772612235942,18.125125885009766,923849,0.0,0.0
2018-06-19 00:00:00+08:00,18.308826869057082,18.982395698685494,18.308826869057082,18.798696517944336,34491,0.0,0.0
2018-06-20 00:00:00+08:00,18.79869844101545,19.104864713009277,18.37006227824575,18.737464904785156,18806,0.0,0.0
2018-06-21 00:00:00+08:00,18.614995975650903,19.104862807475925,18.431293976124955,18.492528915405273,7842,0.0,0.0
2018-06-22 00:00:00+08:00,18.492528915405273,18.492528915405273,18.492528915405273,18.492528915405273,1809,0.0,0.0
2018-06-25 00:00:00+08:00,18.370058059692383,18.492526513186604,18.247591015355482,18.370058059692383,8445,0.0,0.0
2018-06-26 00:00:00+08:00,17.94142573514243,18.492528915405273,17.94142573514243,18.492528915405273,12668,0.0,0.0
2018-06-27 00:00:00+08:00,18.247593366906045,18.859928667501634,18.247593366906045,18.6149959564209,8445,0.0,0.0
2018-06-28 00:00:00+08:00,18.308826915879322,18.55376244552809,18.186359855633693,18.492528915405273,13875,0.0,0.0
2018-06-29 00:00:00+08:00,18.492528905822002,18.553762435913086,18.370060436482337,18.553762435913086,13875,0.0,0.0
2018-07-02 00:00:00+08:00,18.98239764054869,18.98239764054869,18.492530759863982,18.737464904785156,13875,0.0,0.0
2018-07-03 00:00:00+08:00,18.79869844101545,18.79869844101545,18.553764296094275,18.737464904785156,12396,0.0,0.0
2018-07-04 00:00:00+08:00,18.553762416872228,18.67622947692871,18.431293947658244,18.67622947692871,11386,0.0,0.0
2018-07-05 00:00:00+08:00,18.6149959564209,18.6149959564209,18.43129395708472,18.6149959564209,10379,0.0,0.0
2018-07-06 00:00:00+08:00,18.676230972632577,18.676230972632577,18.308828353881836,18.308828353881836,6635,0.0,0.0
2018-07-09 00:00:00+08:00,18.492528474294716,18.492528474294716,17.63525907302413,18.063892364501953,13875,0.0,0.0
2018-07-10 00:00:00+08:00,17.941423931627277,17.941423931627277,17.145388120050114,17.635257720947266,18701,0.0,0.0
2018-07-11 00:00:00+08:00,16.839221861824942,17.51279067993164,16.533054217230987,17.51279067993164,7239,0.0,0.0
2018-07-12 00:00:00+08:00,17.145389514682314,17.451557159423828,17.022922456785707,17.451557159423828,7709,0.0,0.0
2018-07-13 00:00:00+08:00,17.022921072115164,17.635257720947266,17.022921072115164,17.635257720947266,5429,0.0,0.0
2018-07-16 00:00:00+08:00,17.39032221592001,17.635257720947266,17.39032221592001,17.635257720947266,3016,0.0,0.0
2018-07-17 00:00:00+08:00,17.635257224491813,17.635257224491813,17.45155524860348,17.57402229309082,3016,0.0,0.0
2018-07-18 00:00:00+08:00,17.57402229309082,17.57402229309082,17.57402229309082,17.57402229309082,603,0.0,0.0
2018-07-19 00:00:00+08:00,17.51279068837213,17.51279068837213,17.451557159423828,17.451557159423828,3619,0.0,0.0
2018-07-20 00:00:00+08:00,17.39032362209406,17.696492675845487,17.145389506418894,17.51279067993164,5429,0.0,0.0
2018-07-23 00:00:00+08:00,17.51279067993164,17.51279067993164,17.51279067993164,17.51279067993164,1508,0.0,0.0
2018-07-24 00:00:00+08:00,16.22688658045777,17.451557159423828,16.22688658045777,17.451557159423828,9651,0.0,0.0
2018-07-25 00:00:00+08:00,17.390321726359808,17.635257224491813,17.390321726359808,17.57402229309082,6032,0.0,0.0
2018-07-26 00:00:00+08:00,17.329092025756836,17.329092025756836,17.022924347018332,17.329092025756836,4826,0.0,0.0
2018-07-27 00:00:00+08:00,17.145391418513736,17.512792632999936,17.145391418513736,17.329092025756836,13271,0.0,0.0
2018-07-30 00:00:00+08:00,17.1453895398242,17.26785659790039,17.1453895398242,17.26785659790039,1809,0.0,0.0
2018-07-31 00:00:00+08:00,17.635259155426212,18.125125977855163,17.451557159423828,17.451557159423828,4146,0.0,0.0
2018-08-01 00:00:00+08:00,17.57402229309082,17.57402229309082,17.57402229309082,17.57402229309082,603,0.0,0.0
2018-08-02 00:00:00+08:00,17.26785516798506,17.635257720947266,17.145388120050114,17.635257720947266,5106,0.0,0.0
2018-08-03 00:00:00+08:00,17.757726162853903,17.818958282470703,17.757726162853903,17.818958282470703,1376,0.0,0.0
2018-08-06 00:00:00+08:00,17.818958241836587,18.125125885009766,17.512790598663404,18.125125885009766,9235,0.0,0.0
2018-08-07 00:00:00+08:00,17.88019177047122,18.125125885009766,17.75772612235942,18.125125885009766,12065,0.0,0.0
2018-08-08 00:00:00+08:00,18.247592934124853,18.247592934124853,17.696492585816863,18.186359405517578,8482,0.0,0.0
2018-08-09 00:00:00+08:00,18.002660751342773,18.002660751342773,17.574026005100272,18.002660751342773,13875,0.0,0.0
2018-08-10 00:00:00+08:00,17.941425291088485,18.3700599913394,17.635259057209588,18.186359405517578,9121,0.0,0.0
2018-08-13 00:00:00+08:00,17.880191888281345,17.880191888281345,17.1453895398242,17.26785659790039,12668,0.0,0.0
2018-08-14 00:00:00+08:00,17.14538964597883,17.26785670481327,16.04318611646889,16.53305435180664,59451,0.0,0.0
2018-08-15 00:00:00+08:00,16.47182252528903,17.329092025756836,15.920720703559727,17.329092025756836,37097,0.0,0.0
2018-08-16 00:00:00+08:00,16.96168708267493,17.145387649536133,16.96168708267493,17.145387649536133,1809,0.0,0.0
2018-08-17 00:00:00+08:00,17.88019392752296,17.88019392752296,17.022924423217773,17.022924423217773,13120,0.0,0.0
2018-08-20 00:00:00+08:00,16.716754820157764,17.390323638916016,15.553317769575326,17.390323638916016,13875,0.0,0.0
2018-08-21 00:00:00+08:00,16.34935186150699,17.08415412902832,16.10441777233321,17.08415412902832,7149,0.0,0.0
2018-08-22 00:00:00+08:00,16.34935375477708,16.594287872314453,16.34935375477708,16.594287872314453,3016,0.0,0.0
2018-08-23 00:00:00+08:00,16.41058726673351,16.716754913330078,16.41058726673351,16.716754913330078,2140,0.0,0.0
2018-08-24 00:00:00+08:00,16.716754931083138,16.900455519236168,16.471820813545765,16.594287872314453,3016,0.0,0.0
2018-08-27 00:00:00+08:00,16.288120208094885,16.716754913330078,16.288120208094885,16.716754913330078,7239,0.0,0.0
2018-08-28 00:00:00+08:00,16.349353737414198,17.14538961856527,16.288120208094885,16.716754913330078,7294,0.0,0.0
2018-08-29 00:00:00+08:00,16.410587375307408,16.410587375307408,15.920719137511888,15.981952667236328,11553,0.0,0.0
2018-08-30 00:00:00+08:00,16.04318618774414,16.288120306501188,15.737018539297832,16.04318618774414,13271,0.0,0.0
2018-08-31 00:00:00+08:00,15.798252068987093,16.165653247122666,15.798252068987093,16.04318618774414,6635,0.0,0.0
2018-09-03 00:00:00+08:00,16.716754913330078,16.716754913330078,16.716754913330078,16.716754913330078,603,0.0,0.0
2018-09-04 00:00:00+08:00,16.471820804767138,16.655521392822266,16.41058727541543,16.655521392822266,3619,0.0,0.0
2018-09-05 00:00:00+08:00,15.675784939965574,16.59428788122386,15.675784939965574,16.53305435180664,3645,0.0,0.0
2018-09-06 00:00:00+08:00,16.53305435180664,16.777989878633004,16.53305435180664,16.53305435180664,4957,0.0,0.0
2018-09-07 00:00:00+08:00,17.145389655252565,17.145389655252565,16.16565318404713,16.471820831298828,4554,0.0,0.0
2018-09-10 00:00:00+08:00,16.288118364306722,16.349351886694503,16.043184274755607,16.226884841918945,8445,0.0,0.0
2018-09-11 00:00:00+08:00,16.226884841918945,16.226884841918945,15.859483707592267,16.226884841918945,21717,0.0,0.0
2018-09-12 00:00:00+08:00,15.981950756099168,16.10441780090332,15.920717233697093,16.10441780090332,9576,0.0,0.0
2018-09-13 00:00:00+08:00,16.104418771329932,16.104418771329932,15.675784088686555,15.9207181930542,22924,0.0,0.0
2018-09-14 00:00:00+08:00,15.798251140870377,15.9207181930542,15.737017614778466,15.9207181930542,21717,0.0,0.0
2018-09-17 00:00:00+08:00,15.737017614778466,15.9207181930542,15.614550562594644,15.9207181930542,6032,0.0,0.0
2018-09-18 00:00:00+08:00,15.737016679802505,15.737016679802505,15.61454963489476,15.675783157348633,3016,0.0,0.0
2018-09-19 00:00:00+08:00,15.553316112440887,15.675783157348633,15.430849067533144,15.675783157348633,20243,0.0,0.0
2018-09-20 00:00:00+08:00,15.430849067533144,15.675783157348633,15.247148500171527,15.675783157348633,4222,0.0,0.0
2018-09-21 00:00:00+08:00,15.675785083638523,15.798252143595406,15.369617433746315,15.55331802368164,9652,0.0,0.0
2018-09-25 00:00:00+08:00,15.308382970760277,15.492083549499512,15.308382970760277,15.492083549499512,3016,0.0,0.0
2018-09-26 00:00:00+08:00,15.063449811700023,15.369617462158203,14.940982751516751,15.369617462158203,8445,0.0,0.0
2018-09-27 00:00:00+08:00,15.124682432354529,15.308383011583643,15.063448905944824,15.063448905944824,6032,0.0,0.0
2018-09-28 00:00:00+08:00,15.002216310012058,15.185916900634767,15.002216310012058,15.185916900634766,1342,0.0,0.0
2018-10-01 00:00:00+08:00,15.553317075745923,15.553317075745923,15.308382970760277,15.492083549499512,15624,0.0,0.0
2018-10-02 00:00:00+08:00,15.430851001910334,15.430851001910334,15.124683351260476,15.30838394165039,4494,0.0,0.0
2018-10-03 00:00:00+08:00,13.961245430570136,15.063448905944824,13.961245430570136,15.063448905944824,12668,0.0,0.0
2018-10-04 00:00:00+08:00,14.206181360976837,14.940983772277832,14.206181360976837,14.940983772277832,3292,0.0,0.0
2018-10-05 00:00:00+08:00,14.206180551949595,14.32864761352539,13.71631230564642,14.32864761352539,9436,0.0,0.0
2018-10-08 00:00:00+08:00,13.900014712844786,14.451116561889648,13.838781174062024,14.451116561889648,4826,0.0,0.0
2018-10-09 00:00:00+08:00,13.900012908025474,14.267414093017578,13.53261172303337,14.267414093017578,3016,0.0,0.0
2018-10-11 00:00:00+08:00,13.77754507898544,13.77754507898544,12.859042167663574,12.859042167663574,35592,0.0,0.0
2018-10-12 00:00:00+08:00,12.85904218162382,12.85904218162382,11.634371631865118,12.73657512664795,15684,0.0,0.0
2018-10-15 00:00:00+08:00,12.73657512664795,12.73657512664795,12.73657512664795,12.73657512664795,0,0.0,0.0
2018-10-16 00:00:00+08:00,12.307941386340673,12.369174918565465,11.81807312854234,12.050760269165039,21717,0.0,0.0
2018-10-17 00:00:00+08:00,12.099746801408232,12.246707842268584,11.756839584944142,12.111993789672852,11898,0.0,0.0
2018-10-18 00:00:00+08:00,11.756839727397889,12.026266426696356,11.671112217664358,11.87930679321289,48065,0.0,0.0
2018-10-19 00:00:00+08:00,11.805825384476206,11.805825384476206,11.756838843663921,11.7935791015625,4222,0.0,0.0
2018-10-22 00:00:00+08:00,12.02626614181924,12.02626614181924,11.634372385988915,11.781332015991211,9983,0.0,0.0
2018-10-23 00:00:00+08:00,12.614109304919369,12.614109304919369,11.830320358276367,11.830320358276367,4222,0.0,0.0
2018-10-24 00:00:00+08:00,11.1567498234427,11.303710150193682,11.1567498234427,11.168996810913086,5429,0.0,0.0
2018-10-25 00:00:00+08:00,10.421947404896654,11.046529669504652,10.421947404896654,10.630141258239746,4222,0.0,0.0
2018-10-26 00:00:00+08:00,10.630141146518794,11.671111106872559,10.287233253957103,11.671111106872559,14661,0.0,0.0
2018-10-29 00:00:00+08:00,10.973049162281702,12.24670696258545,10.65463524063981,12.24670696258545,12668,0.0,0.0
2018-10-30 00:00:00+08:00,11.634371749905934,11.695605278015137,11.634371749905934,11.695605278015137,4826,0.0,0.0
2018-10-31 00:00:00+08:00,11.511905620050607,11.805826296795084,11.511905620050607,11.756839752197266,6032,0.0,0.0
2018-11-01 00:00:00+08:00,11.51190548294999,11.707852363586426,11.51190548294999,11.707852363586426,3950,0.0,0.0
2018-11-02 00:00:00+08:00,11.63437271118164,11.63437271118164,11.42617813474555,11.63437271118164,13425,0.0,0.0
2018-11-05 00:00:00+08:00,11.854812724356453,11.854812724356453,11.5853853225708,11.5853853225708,1206,0.0,0.0
2018-11-06 00:00:00+08:00,11.450671195983887,11.450671195983887,11.450671195983887,11.450671195983887,603,0.0,0.0
2018-11-07 00:00:00+08:00,11.438424208498034,11.450671195983887,11.438424208498034,11.450671195983887,2413,0.0,0.0
2018-11-08 00:00:00+08:00,11.389437675476074,11.389437675476074,11.389437675476074,11.389437675476074,3919,0.0,0.0
2018-11-09 00:00:00+08:00,11.217984879738966,11.34045124053955,11.217984879738966,11.34045124053955,3635,0.0,0.0
2018-11-12 00:00:00+08:00,11.095516106524771,11.23023014809275,11.083269119262695,11.083269119262695,6032,0.0,0.0
2018-11-13 00:00:00+08:00,10.948555938829367,11.022035749716382,10.801594907897883,11.00978946685791,19907,0.0,0.0
2018-11-14 00:00:00+08:00,11.144501998587796,11.560890381770506,10.72811431998376,10.875075340270996,22128,0.0,0.0
2018-11-15 00:00:00+08:00,10.764854575055569,10.875075340270996,10.605647272796846,10.875075340270996,11473,0.0,0.0
2018-11-16 00:00:00+08:00,10.654635412883852,10.77710247039795,10.495428097199781,10.77710247039795,4237,0.0,0.0
2018-11-19 00:00:00+08:00,10.679128683470925,10.77710247039795,10.36071405210278,10.77710247039795,10880,0.0,0.0
2018-11-20 00:00:00+08:00,10.642387700436943,10.728115204196396,10.348467044794845,10.556661605834961,34989,0.0,0.0
2018-11-21 00:00:00+08:00,10.470933809409512,10.519920349121094,10.360713742769095,10.519920349121094,4835,0.0,0.0
2018-11-22 00:00:00+08:00,10.43419546327431,10.801595962745953,10.43419546327431,10.458688735961914,3619,0.0,0.0
2018-11-23 00:00:00+08:00,9.907585899640958,10.899568624678045,9.907585899640958,10.752608299255371,20156,0.0,0.0
2018-11-26 00:00:00+08:00,10.213753521257274,10.47093391418457,10.164766276476797,10.47093391418457,21130,0.0,0.0
2018-11-27 00:00:00+08:00,10.446440651142261,10.446440651142261,10.409700393676758,10.409700393676758,3016,0.0,0.0
2018-11-28 00:00:00+08:00,10.409700393676758,10.53216815342134,10.16476628334504,10.409700393676758,13271,0.0,0.0
2018-11-29 00:00:00+08:00,10.177013205366197,11.340450221973681,10.177013205366197,11.022035598754883,17418,0.0,0.0
2018-11-30 00:00:00+08:00,11.046529427515349,11.585384177843556,10.875075835477839,11.499656677246094,24657,0.0,0.0
2018-12-03 00:00:00+08:00,11.49965700165547,11.695605278015137,11.49965700165547,11.695605278015137,4886,0.0,0.0
2018-12-04 00:00:00+08:00,11.879304868514312,12.307939529418945,11.511903730596055,12.307939529418945,19304,0.0,0.0
2018-12-05 00:00:00+08:00,12.22221300988102,12.22221300988102,11.60987773110414,12.063006401062012,17555,0.0,0.0
2018-12-06 00:00:00+08:00,11.781330393467096,12.246706013943367,11.303709195711908,12.124238967895508,18738,0.0,0.0
2018-12-07 00:00:00+08:00,11.65886495510516,12.24670696258545,11.45067110161263,12.24670696258545,12675,0.0,0.0
2018-12-10 00:00:00+08:00,12.246708025958933,12.246708025958933,11.48741165205422,12.197721481323242,22332,0.0,0.0
2018-12-11 00:00:00+08:00,12.197719175221671,12.209964752197266,11.756837538538418,12.209964752197266,5429,0.0,0.0
2018-12-12 00:00:00+08:00,12.185473239035856,12.222212791442871,11.83031906552415,12.222212791442871,4849,0.0,0.0
2018-12-13 00:00:00+08:00,12.136486712029798,12.136486712029798,11.854811643039943,12.099745750427246,2608,0.0,0.0
2018-12-14 00:00:00+08:00,11.732345402591434,11.98952579498291,11.732345402591434,11.98952579498291,1271,0.0,0.0
2018-12-17 00:00:00+08:00,11.867059707641602,11.867059707641602,11.867059707641602,11.867059707641602,472,0.0,0.0
2018-12-18 00:00:00+08:00,11.401684894637762,11.952787399291992,11.401684894637762,11.952787399291992,4222,0.0,0.0
2018-12-19 00:00:00+08:00,11.95278538525997,12.124238967895508,11.95278538525997,12.124238967895508,1809,0.0,0.0
2018-12-20 00:00:00+08:00,12.038512229919434,12.038512229919434,12.038512229919434,12.038512229919434,603,0.0,0.0
2018-12-21 00:00:00+08:00,11.646618843078613,11.646618843078613,11.646618843078613,11.646618843078613,1211,0.0,0.0
2018-12-24 00:00:00+08:00,12.05075921078127,12.099745750427246,12.05075921078127,12.099745750427246,2413,0.0,0.0
2018-12-25 00:00:00+08:00,11.85481275607079,12.185474395751953,11.622125614037685,12.185474395751953,4826,0.0,0.0
2018-12-26 00:00:00+08:00,12.148733467408316,12.148733467408316,11.818073235885594,12.001773834228516,3016,0.0,0.0
2018-12-27 00:00:00+08:00,12.160979369212908,12.173226356506348,12.160979369212908,12.173226356506348,1206,0.0,0.0
2018-12-28 00:00:00+08:00,11.720098702011091,11.720098702011091,11.328204234330046,11.683359146118164,22320,0.0,0.0
2019-01-02 00:00:00+08:00,11.389437600488225,11.597631454467773,11.340450355412685,11.597631454467773,3619,0.0,0.0
2019-01-03 00:00:00+08:00,11.8425649395018,11.8425649395018,11.389437675476074,11.389437675476074,1357,0.0,0.0
2019-01-04 00:00:00+08:00,11.377190452213652,11.377190452213652,11.230230128222342,11.266969680786133,1809,0.0,0.0
2019-01-07 00:00:00+08:00,11.14450270037515,11.928292274475098,11.14450270037515,11.928292274475098,7239,0.0,0.0
2019-01-08 00:00:00+08:00,11.511904468546113,12.001772683839249,11.511904468546113,11.977278709411621,16288,0.0,0.0
2019-01-09 00:00:00+08:00,11.585384278092855,11.977278709411621,11.573137995457756,11.977278709411621,6635,0.0,0.0
2019-01-10 00:00:00+08:00,11.97727859926015,12.09974565195714,11.940539047114019,12.087498664855957,5956,0.0,0.0
2019-01-11 00:00:00+08:00,12.001772782297195,12.075253297025457,11.585384373134909,11.98952579498291,6635,0.0,0.0
2019-01-14 00:00:00+08:00,11.98952579498291,11.98952579498291,11.98952579498291,11.98952579498291,0,0.0,0.0
2019-01-15 00:00:00+08:00,10.911815470514567,12.099745750427246,10.911815470514567,12.099745750427246,4736,0.0,0.0
2019-01-16 00:00:00+08:00,11.940539131902622,12.222212791442871,11.928292144714476,12.222212791442871,3950,0.0,0.0
2019-01-17 00:00:00+08:00,12.124240806024057,12.24670787063887,11.707852363586426,11.707852363586426,3016,0.0,0.0
2019-01-18 00:00:00+08:00,12.136487888178172,12.136487888178172,11.70785245413257,12.001773834228516,3619,0.0,0.0
2019-01-21 00:00:00+08:00,11.658864696377655,11.965031623840332,11.658864696377655,11.965031623840332,1206,0.0,0.0
2019-01-22 00:00:00+08:00,12.014019572292888,12.014019572292888,11.842564571023777,11.965031623840332,3619,0.0,0.0
2019-01-23 00:00:00+08:00,11.903799154377568,11.916046142578125,11.903799154377568,11.916046142578125,5353,0.0,0.0
2019-01-24 00:00:00+08:00,12.063006401062012,12.099745954125645,12.063006401062012,12.063006401062012,6635,0.0,0.0
2019-01-25 00:00:00+08:00,11.79357985656818,12.050760269165039,11.769085880015242,12.050760269165039,3016,0.0,0.0
2019-01-28 00:00:00+08:00,11.805826247497885,12.001773834228516,11.805826247497885,12.001773834228516,3619,0.0,0.0
2019-01-29 00:00:00+08:00,12.001773834228516,12.001773834228516,12.001773834228516,12.001773834228516,0,0.0,0.0
2019-01-30 00:00:00+08:00,11.977278709411621,11.977278709411621,11.977278709411621,11.977278709411621,603,0.0,0.0
2019-02-11 00:00:00+08:00,11.720097710698429,11.98952579498291,11.377190520843127,11.98952579498291,18701,0.0,0.0
2019-02-12 00:00:00+08:00,11.867058740154954,11.98952579498291,11.867058740154954,11.98952579498291,5760,0.0,0.0
2019-02-13 00:00:00+08:00,11.977278709411621,11.977278709411621,11.977278709411621,11.977278709411621,603,0.0,0.0
2019-02-14 00:00:00+08:00,11.989525696625435,11.989525696625435,11.977278709411621,11.977278709411621,3016,0.0,0.0
2019-02-15 00:00:00+08:00,11.977278709411621,11.977278709411621,11.977278709411621,11.977278709411621,0,0.0,0.0
2019-02-18 00:00:00+08:00,12.43040852613576,12.43040852613576,12.185474395751953,12.185474395751953,3062,0.0,0.0
2019-02-19 00:00:00+08:00,12.111992829196588,12.173226356506348,12.075253276473706,12.173226356506348,1809,0.0,0.0
2019-02-20 00:00:00+08:00,12.160979369212908,12.173226356506348,12.160979369212908,12.173226356506348,1809,0.0,0.0
2019-02-21 00:00:00+08:00,12.173226356506348,12.173226356506348,12.173226356506348,12.173226356506348,0,0.0,0.0
2019-02-22 00:00:00+08:00,12.136487766202094,12.136487766202094,11.952787169705429,12.111993789672852,6032,0.0,0.0
2019-02-25 00:00:00+08:00,12.124238967895508,12.246706013943367,12.124238967895508,12.124238967895508,8114,0.0,0.0
2019-02-26 00:00:00+08:00,12.234460739657187,13.287677764892578,12.234460739657187,13.287677764892578,63680,0.0,0.0
2019-02-27 00:00:00+08:00,13.471378144484436,14.57358169555664,13.471378144484436,14.57358169555664,175474,0.0,0.0
2019-03-04 00:00:00+08:00,14.8185168021317,14.87975033681341,14.512349128723145,14.512349128723145,119093,0.0,0.0
2019-03-05 00:00:00+08:00,13.655076963337443,14.451112757975745,13.655076963337443,14.14494514465332,28993,0.0,0.0
2019-03-06 00:00:00+08:00,13.777546882629395,14.022481024380005,13.65507981175409,13.777546882629395,29815,0.0,0.0
2019-03-07 00:00:00+08:00,13.777546882629395,14.022481024380005,13.593846276316437,13.777546882629395,25338,0.0,0.0
2019-03-08 00:00:00+08:00,13.532611783341281,13.900012969970703,13.532611783341281,13.900012969970703,8568,0.0,0.0
2019-03-11 00:00:00+08:00,13.900012969970703,13.961246501075609,13.716312376655992,13.900012969970703,19907,0.0,0.0
2019-03-12 00:00:00+08:00,13.838780418067048,14.022481024380005,13.777546882629395,13.777546882629395,7842,0.0,0.0
2019-03-13 00:00:00+08:00,14.14494710522186,14.451114760980827,13.103977075641367,13.83877944946289,28353,0.0,0.0
2019-03-14 00:00:00+08:00,13.593843457848967,13.65507698059082,13.165208798655987,13.65507698059082,35833,0.0,0.0
2019-03-15 00:00:00+08:00,13.471378283459948,13.716312408447266,13.471378283459948,13.716312408447266,7359,0.0,0.0
2019-03-18 00:00:00+08:00,13.655078877200436,13.777545939694095,13.471378283459948,13.716312408447266,4463,0.0,0.0
2019-03-19 00:00:00+08:00,13.716312408447266,13.838779470940924,13.532611814706778,13.716312408447266,10255,0.0,0.0
2019-03-20 00:00:00+08:00,13.961246533434581,13.961246533434581,13.593845345953607,13.716312408447266,6832,0.0,0.0
2019-03-21 00:00:00+08:00,13.777545856374138,14.206180572509766,13.777545856374138,14.206180572509766,27750,0.0,0.0
2019-03-22 00:00:00+08:00,13.961244576659867,14.14494514465332,13.900011053995382,14.14494514465332,5429,0.0,0.0
2019-03-25 00:00:00+08:00,13.716310503332675,13.716310503332675,13.471376412365258,13.65507698059082,6635,0.0,0.0
2019-03-26 00:00:00+08:00,13.471378242011113,14.022480021536941,13.471378242011113,13.961246490478516,3603,0.0,0.0
2019-03-27 00:00:00+08:00,13.961246501075609,13.961246501075609,13.532611783341281,13.900012969970703,10843,0.0,0.0
2019-03-28 00:00:00+08:00,14.022480000527459,14.2061805934275,14.022480000527459,14.08371353149414,12096,0.0,0.0
2019-03-29 00:00:00+08:00,13.716312366244814,13.961246490478516,13.410144710952688,13.961246490478516,7842,0.0,0.0
2019-04-01 00:00:00+08:00,13.716312486045322,13.716312486045322,13.287677764892578,13.287677764892578,20283,0.0,0.0
2019-04-02 00:00:00+08:00,13.287677732089763,13.471378326416016,13.226444200647679,13.471378326416016,15548,0.0,0.0
2019-04-03 00:00:00+08:00,13.471378326416016,13.471378326416016,13.103977137763511,13.471378326416016,12789,0.0,0.0
2019-04-08 00:00:00+08:00,13.838779470940924,13.838779470940924,13.41014475221312,13.716312408447266,21445,0.0,0.0
2019-04-09 00:00:00+08:00,13.716312408447266,13.716312408447266,13.716312408447266,13.716312408447266,0,0.0,0.0
2019-04-10 00:00:00+08:00,12.49164004849559,13.65507698059082,12.49164004849559,13.65507698059082,8445,0.0,0.0
2019-04-11 00:00:00+08:00,13.655078877200436,14.02248006468141,13.593845345953607,13.716312408447266,31369,0.0,0.0
2019-04-12 00:00:00+08:00,13.593847274780273,13.593847274780273,13.28767957510409,13.593847274780273,13875,0.0,0.0
2019-04-15 00:00:00+08:00,14.083713531494139,14.083713531494139,14.083713531494139,14.08371353149414,603,0.0,0.0
2019-04-16 00:00:00+08:00,13.961244594300092,14.0837116397838,13.532609935107113,13.65507698059082,19209,0.0,0.0
2019-04-17 00:00:00+08:00,13.532611752794011,14.083713531494139,13.47137822182733,14.08371353149414,8465,0.0,0.0
2019-04-18 00:00:00+08:00,13.716313347191742,13.777546882629395,13.287678599128176,13.777546882629395,9837,0.0,0.0
2019-04-19 00:00:00+08:00,13.777546882629395,13.777546882629395,13.777546882629395,13.777546882629395,1942,0.0,0.0
2019-04-22 00:00:00+08:00,13.838780418067048,13.838780418067048,13.226445063690523,13.777546882629395,14045,0.0,0.0
2019-04-23 00:00:00+08:00,13.41014567000348,13.777546882629395,13.226445063690523,13.777546882629395,17014,0.0,0.0
2019-04-24 00:00:00+08:00,13.716312497541331,13.7775460291859,12.736575991228202,13.226444244384766,48175,0.0,0.0
2019-04-25 00:00:00+08:00,13.226444244384767,13.226444244384767,13.226444244384767,13.226444244384766,0,0.0,0.0
2019-04-26 00:00:00+08:00,12.797810476018087,13.103978157043457,12.797810476018087,13.103978157043457,2413,0.0,0.0
2019-04-29 00:00:00+08:00,12.61410807167208,12.73657512664795,12.234459919415393,12.73657512664795,85139,0.0,0.0
2019-04-30 00:00:00+08:00,12.430407524108887,12.614108107088464,12.430407524108887,12.430407524108887,3109,0.0,0.0
2019-05-02 00:00:00+08:00,12.430408465991343,12.614109062890364,12.307941401391995,12.491641998291016,7590,0.0,0.0
2019-05-03 00:00:00+08:00,12.148733371918311,12.491641998291017,12.148733371918311,12.491641998291016,3619,0.0,0.0
2019-05-06 00:00:00+08:00,12.124238960459817,12.307939529418945,12.124238960459817,12.307939529418945,4826,0.0,0.0
2019-05-07 00:00:00+08:00,12.49164107365401,12.49164107365401,12.06300637928403,12.24670696258545,10858,0.0,0.0
2019-05-08 00:00:00+08:00,12.222213842447195,12.234460830688477,12.222213842447195,12.234460830688477,1809,0.0,0.0
2019-05-09 00:00:00+08:00,12.185472490919437,12.246706013943367,12.063005444871576,12.124238967895508,9652,0.0,0.0
2019-05-10 00:00:00+08:00,12.222212791442871,12.222212791442871,11.977278684309637,12.222212791442871,3016,0.0,0.0
2019-05-13 00:00:00+08:00,12.197720226224003,12.222212791442871,11.85481163074302,12.222212791442871,3619,0.0,0.0
2019-05-14 00:00:00+08:00,12.099746982894288,12.197721481323242,12.087499994445972,12.197721481323242,4351,0.0,0.0
2019-05-15 00:00:00+08:00,12.614109062890364,12.736576127489712,12.124240804492974,12.491641998291016,9511,0.0,0.0
2019-05-16 00:00:00+08:00,12.234459975200531,12.369174018119729,12.111992919666251,12.24670696258545,26543,0.0,0.0
2019-05-17 00:00:00+08:00,12.552875479174064,12.552875479174064,12.234460830688477,12.234460830688477,1809,0.0,0.0
2019-05-20 00:00:00+08:00,12.124240959790919,12.197721481323242,12.001773893622905,12.197721481323242,9049,0.0,0.0
2019-05-21 00:00:00+08:00,12.197719175221671,12.209964752197266,12.197719175221671,12.209964752197266,1673,0.0,0.0
2019-05-22 00:00:00+08:00,12.06300637928403,12.24670696258545,12.06300637928403,12.24670696258545,2413,0.0,0.0
2019-05-23 00:00:00+08:00,12.001773690734314,12.234460830688477,12.001773690734314,12.234460830688477,3016,0.0,0.0
2019-05-24 00:00:00+08:00,12.234460830688477,12.234460830688477,12.209966854205913,12.234460830688477,4222,0.0,0.0
2019-05-27 00:00:00+08:00,12.050758458435324,12.124238967895508,11.683357320291742,12.124238967895508,13863,0.0,0.0
2019-05-28 00:00:00+08:00,11.72009862015028,12.185474310103029,11.48741147975268,12.111993789672852,37794,0.0,0.0
2019-05-29 00:00:00+08:00,11.707851469705508,11.707851469705508,11.389437548764793,11.622124671936035,41088,0.0,0.0
2019-05-30 00:00:00+08:00,11.462917275390973,11.622124586987006,11.450670992701259,11.487410545349121,9744,0.0,0.0
2019-05-31 00:00:00+08:00,11.450672082333742,11.536398887634277,11.450672082333742,11.536398887634277,3927,0.0,0.0
2019-06-03 00:00:00+08:00,11.438424208498034,11.450671195983887,11.389437667712087,11.450671195983887,7842,0.0,0.0
2019-06-04 00:00:00+08:00,11.352697357473382,11.475164413452148,11.144502798646496,11.475164413452148,24182,0.0,0.0
2019-06-05 00:00:00+08:00,11.536398002512827,11.536398002512827,11.279217606343193,11.389437675476074,10858,0.0,0.0
2019-06-06 00:00:00+08:00,11.38943857850745,11.63437271118164,11.16899771818492,11.63437271118164,6076,0.0,0.0
2019-06-10 00:00:00+08:00,11.609878759788163,11.609878759788163,11.254724548460908,11.511905670166016,19334,0.0,0.0
2019-06-11 00:00:00+08:00,11.634371432497002,12.001772591128779,11.634371432497002,11.90379810333252,14478,0.0,0.0
2019-06-12 00:00:00+08:00,11.97727861689036,11.97727861689036,11.634371432497002,11.90379810333252,10261,0.0,0.0
2019-06-13 00:00:00+08:00,11.573137906058372,11.90379810333252,11.536397649279452,11.90379810333252,13271,0.0,0.0
2019-06-14 00:00:00+08:00,11.658864702156713,11.90379810333252,11.634371432497002,11.90379810333252,9652,0.0,0.0
2019-06-17 00:00:00+08:00,12.050759223537076,12.050759223537076,11.744591588978867,11.977278709411621,4826,0.0,0.0
2019-06-18 00:00:00+08:00,12.06300618546924,12.222212791442871,12.06300618546924,12.222212791442871,9652,0.0,0.0
2019-06-19 00:00:00+08:00,12.197720366585608,12.85904218162382,12.197720366585608,12.73657512664795,28932,0.0,0.0
2019-06-20 00:00:00+08:00,12.797809522872774,13.287677776029337,12.797809522872774,13.226444244384766,34268,0.0,0.0
2019-06-21 00:00:00+08:00,13.103977181095626,13.410144839318479,12.920276586161915,13.226444244384766,21730,0.0,0.0
2019-06-24 00:00:00+08:00,13.226444278265607,13.226444278265607,13.042743682861328,13.042743682861328,1206,0.0,0.0
2019-06-25 00:00:00+08:00,12.736576023854196,13.103977214662754,12.55287542844992,13.042743682861328,5429,0.0,0.0
2019-06-26 00:00:00+08:00,13.042743682861328,13.042743682861328,13.042743682861328,13.042743682861328,0,0.0,0.0
2019-06-27 00:00:00+08:00,12.61410991337873,12.92027759552002,12.61410991337873,12.92027759552002,3933,0.0,0.0
2019-06-28 00:00:00+08:00,13.04274277127007,13.04274277127007,12.675341606140137,12.675341606140137,10255,0.0,0.0
2019-07-01 00:00:00+08:00,13.165210723876953,13.165210723876953,13.165210723876953,13.165210723876953,798,0.0,0.0
2019-07-02 00:00:00+08:00,13.226444278265607,13.226444278265607,12.67534249205277,13.042743682861328,8462,0.0,0.0
2019-07-03 00:00:00+08:00,12.736574163573797,12.981508255004885,12.491640072142712,12.981508255004883,18701,0.0,0.0
2019-07-04 00:00:00+08:00,12.920274732147112,12.981508255004885,12.552873595000484,12.981508255004883,14478,0.0,0.0
2019-07-05 00:00:00+08:00,12.859041209289341,12.981508255004885,12.491640072142712,12.981508255004883,13875,0.0,0.0
2019-07-08 00:00:00+08:00,13.287675869293741,13.287675869293741,12.614107117858255,12.981508255004883,12065,0.0,0.0
2019-07-09 00:00:00+08:00,12.981508255004885,12.981508255004885,12.981508255004885,12.981508255004883,0,0.0,0.0
2019-07-10 00:00:00+08:00,13.165208823578197,13.165208823578197,12.675340640716026,12.981508255004883,12065,0.0,0.0
2019-07-11 00:00:00+08:00,12.614108057977743,12.859042167663574,12.307940420870453,12.859042167663574,16927,0.0,0.0
2019-07-12 00:00:00+08:00,12.552874530556286,12.859042167663574,12.246706893448996,12.859042167663574,33035,0.0,0.0
2019-07-15 00:00:00+08:00,12.797809600830078,12.797809600830078,12.24670781267193,12.797809600830078,34989,0.0,0.0
2019-07-16 00:00:00+08:00,12.552874565124512,12.614108092714595,12.246706927174095,12.552874565124512,28956,0.0,0.0
2019-07-17 00:00:00+08:00,12.43040753129634,12.491641058991606,12.369174003601074,12.369174003601074,6032,0.0,0.0
2019-07-18 00:00:00+08:00,12.185473420515278,12.369174003601074,12.160979445774192,12.369174003601074,27796,0.0,0.0
2019-07-19 00:00:00+08:00,12.36917488302748,12.36917488302748,12.124240754832035,12.234460830688477,16755,0.0,0.0
2019-07-22 00:00:00+08:00,12.075253172657387,12.234459778631019,11.634371497986079,12.222212791442871,25940,0.0,0.0
2019-07-23 00:00:00+08:00,12.050760269165039,12.050760269165039,12.050760269165039,12.050760269165039,649,0.0,0.0
2019-07-24 00:00:00+08:00,11.867058740154954,12.001772782297195,11.756838672641281,11.98952579498291,12668,0.0,0.0
2019-07-25 00:00:00+08:00,11.928292267568933,12.050759322396889,11.634371617813324,11.98952579498291,32113,0.0,0.0
2019-07-26 00:00:00+08:00,11.658865838376384,11.879306695954346,11.43842498079842,11.867059707641602,46782,0.0,0.0
2019-07-29 00:00:00+08:00,11.867058912780927,11.867058912780927,11.536398000851179,11.7935791015625,18259,0.0,0.0
2019-07-30 00:00:00+08:00,11.7935791015625,11.842564937796054,11.511904730445037,11.7935791015625,17494,0.0,0.0
2019-07-31 00:00:00+08:00,11.854810615289491,11.854810615289491,11.548643007598502,11.84256362915039,23391,0.0,0.0
2019-08-01 00:00:00+08:00,11.5853853225708,11.5853853225708,11.5853853225708,11.5853853225708,904,0.0,0.0
2019-08-02 00:00:00+08:00,11.585385436947334,11.81807328523393,11.511905620050607,11.756839752197266,11521,0.0,0.0
2019-08-05 00:00:00+08:00,12.148734092712402,12.148734092712402,12.148734092712402,12.148734092712402,739,0.0,0.0
2019-08-06 00:00:00+08:00,12.160979270935059,12.160979270935059,12.160979270935059,12.160979270935059,603,0.0,0.0
2019-08-07 00:00:00+08:00,12.160979270935059,12.185473245323992,12.063006191694177,12.160979270935059,3619,0.0,0.0
2019-08-08 00:00:00+08:00,11.536397899570881,12.24670696258545,11.524150912185963,12.24670696258545,14478,0.0,0.0
2019-08-12 00:00:00+08:00,12.307940420870453,13.165209804770864,12.307940420870453,12.859042167663574,42832,0.0,0.0
2019-08-13 00:00:00+08:00,12.675341620304678,12.675341620304678,12.001772816813762,12.552874565124512,66359,0.0,0.0
2019-08-14 00:00:00+08:00,12.491641051768745,12.491641051768745,12.246706941129307,12.430407524108887,40461,0.0,0.0
2019-08-15 00:00:00+08:00,12.307940434232403,12.98150923659969,12.307940434232403,12.73657512664795,37402,0.0,0.0
2019-08-16 00:00:00+08:00,12.859043054517343,13.7775460291859,12.859043054517343,13.226444244384766,64473,0.0,0.0
2019-08-19 00:00:00+08:00,13.165210690773197,13.900013069281977,13.103977159230798,13.34891128540039,98935,0.0,0.0
2019-08-20 00:00:00+08:00,13.593847274780273,13.716314354650747,13.410146654974563,13.593847274780273,45245,0.0,0.0
2019-08-21 00:00:00+08:00,13.65508081471551,13.65508081471551,13.226446035168852,13.593847274780273,56103,0.0,0.0
2019-08-22 00:00:00+08:00,13.77754600619718,14.634815447790759,13.348911285400392,13.34891128540039,135764,0.0,0.0
2019-08-23 00:00:00+08:00,13.41014481694279,13.716312474654782,13.287677753857993,13.34891128540039,50674,0.0,0.0
2019-08-26 00:00:00+08:00,13.103976277349405,13.165209804770864,12.736575112820658,12.859042167663574,59723,0.0,0.0
2019-08-27 00:00:00+08:00,13.103978204804791,13.103978204804791,12.859044059091762,12.92027759552002,28353,0.0,0.0
2019-08-28 00:00:00+08:00,12.920275695085031,12.920275695085031,12.6753415853992,12.859042167663574,11462,0.0,0.0
2019-08-29 00:00:00+08:00,12.85904308745705,13.103977214662754,12.797809555655624,13.042743682861328,15142,0.0,0.0
2019-08-30 00:00:00+08:00,13.103977192180583,13.287677787269692,12.981510128787844,13.165210723876953,21717,0.0,0.0
2019-09-02 00:00:00+08:00,13.226444255573321,13.287677787269692,13.165210723876953,13.165210723876953,17494,0.0,0.0
2019-09-03 00:00:00+08:00,13.226445229453605,13.348912301863754,13.042744620838384,13.103978157043457,27147,0.0,0.0
2019-09-04 00:00:00+08:00,13.226445229453605,13.410145838068827,12.98151108463331,13.103978157043457,39622,0.0,0.0
2019-09-05 00:00:00+08:00,13.103977214662754,13.103977214662754,12.736576023854196,13.042743682861328,37692,0.0,0.0
2019-09-06 00:00:00+08:00,12.981510151059902,13.042743682861328,12.85904308745705,13.042743682861328,15476,0.0,0.0
2019-09-10 00:00:00+08:00,12.920274732147112,13.777544052155912,12.859041209289341,12.981508255004883,89903,0.0,0.0
2019-09-11 00:00:00+08:00,13.165210538041265,14.267414093017578,13.165210538041265,14.267414093017578,369728,0.0,0.0
2019-09-12 00:00:00+08:00,15.492082589987016,15.675783157348633,14.940980887902164,15.675783157348633,442159,0.0,0.0
2019-09-16 00:00:00+08:00,15.920719137511888,17.022922672551807,15.614551488889688,15.981952667236328,768394,0.0,0.0
2019-09-17 00:00:00+08:00,15.737017690310742,15.859484743082364,15.063448900066826,15.124682426452637,293531,0.0,0.0
2019-09-18 00:00:00+08:00,15.369617284627592,16.594287872314453,15.308383755243248,16.594287872314453,627651,0.0,0.0
2019-09-19 00:00:00+08:00,16.59429168701172,16.59429168701172,16.59429168701172,16.59429168701172,0,0.0,0.9647105
2019-09-20 00:00:00+08:00,16.59429168701172,16.59429168701172,16.59429168701172,16.59429168701172,0,0.0,0.0
2019-09-23 00:00:00+08:00,16.59429168701172,16.59429168701172,16.59429168701172,16.59429168701172,0,0.0,0.0
2019-09-24 00:00:00+08:00,16.59429168701172,16.59429168701172,16.59429168701172,16.59429168701172,0,0.0,0.0
2019-09-25 00:00:00+08:00,16.59429168701172,16.59429168701172,16.59429168701172,16.59429168701172,0,0.0,0.0
2019-09-26 00:00:00+08:00,16.59429168701172,16.59429168701172,16.59429168701172,16.59429168701172,0,0.0,0.0
2019-09-27 00:00:00+08:00,16.59429168701172,16.59429168701172,16.59429168701172,16.59429168701172,0,0.0,0.0
2019-10-01 00:00:00+08:00,16.12683981394213,16.12683981394213,14.945386538704,15.0044584274292,433487,0.0,0.0
2019-10-02 00:00:00+08:00,15.004456259106773,15.004456259106773,13.58671281553334,13.763931274414062,308671,0.0,0.0
2019-10-03 00:00:00+08:00,13.704859004075509,14.059294539033113,13.114133112479504,13.40949535369873,348683,0.0,0.0
2019-10-04 00:00:00+08:00,13.704858880803998,14.709095001220703,13.704858880803998,14.709095001220703,371820,0.0,0.0
2019-10-07 00:00:00+08:00,15.417964640840278,15.65425638268823,14.17743968963623,14.17743968963623,604697,0.0,0.0
2019-10-08 00:00:00+08:00,14.177439074987438,15.595182418823242,13.94114734338368,15.595182418823242,409530,0.0,0.0
2019-10-09 00:00:00+08:00,16.185910262413827,17.131072998046875,16.06776368744697,17.131072998046875,1110756,0.0,0.0
2019-10-14 00:00:00+08:00,17.662726413005213,18.253452224134023,16.953854030493282,17.48550796508789,1112860,0.0,0.0
2019-10-15 00:00:00+08:00,17.485508714842634,17.485508714842634,16.54034596735189,16.658491134643555,320958,0.0,0.0
2019-10-16 00:00:00+08:00,16.835709965108656,18.31252670288086,16.658491505645607,18.31252670288086,397925,0.0,0.0
2019-10-17 00:00:00+08:00,18.903255097072897,20.143781661987305,18.903255097072897,20.143781661987305,1237162,0.0,0.0
2019-10-18 00:00:00+08:00,20.675435702785247,21.856888970207596,19.730272807015837,20.143781661987305,1769301,0.0,0.0
2019-10-21 00:00:00+08:00,20.55728625393713,20.55728625393713,19.375833150529935,19.612123489379883,471006,0.0,0.0
2019-10-22 00:00:00+08:00,19.671196778671096,20.911723171369502,19.434906439821145,19.612123489379883,770579,0.0,0.0
2019-10-23 00:00:00+08:00,20.084705127766107,20.498213916099008,19.19861567228555,19.434906005859375,306317,0.0,0.0
2019-10-24 00:00:00+08:00,19.84841479419228,19.84841479419228,19.2576875511003,19.434906005859375,172184,0.0,0.0
2019-10-25 00:00:00+08:00,19.671198079459185,20.320997258844237,19.37583443178665,19.55305290222168,254550,0.0,0.0
2019-10-28 00:00:00+08:00,19.730273188583276,19.730273188583276,18.903255462646484,18.903255462646484,166679,0.0,0.0
2019-10-29 00:00:00+08:00,19.021398761889415,19.434907583795436,17.36736488342285,17.36736488342285,249127,0.0,0.0
2019-10-30 00:00:00+08:00,17.662730152701933,17.958092416224154,16.71756724562091,16.835712432861328,358570,0.0,0.0
2019-10-31 00:00:00+08:00,17.131074978568034,17.36736533750444,16.65849285153766,16.77663803100586,178508,0.0,0.0
2019-11-01 00:00:00+08:00,16.835711542144672,18.430673599243164,16.835711542144672,18.430673599243164,336430,0.0,0.0
2019-11-04 00:00:00+08:00,20.2028506686973,20.2028506686973,19.080469449699702,19.19861602783203,588440,0.0,0.0
2019-11-05 00:00:00+08:00,19.553052795691993,19.907488325473462,18.48974479719006,18.548816680908203,247632,0.0,0.0
2019-11-06 00:00:00+08:00,18.548815683771863,20.20285088548379,18.548815683771863,19.84841537475586,603448,0.0,0.0
2019-11-07 00:00:00+08:00,20.084707172478964,20.261925645279675,19.08047103881836,19.08047103881836,318920,0.0,0.0
2019-11-08 00:00:00+08:00,19.198615411337038,19.78934123724243,18.962323671817483,19.139543533325195,324125,0.0,0.0
2019-11-11 00:00:00+08:00,20.202851121885782,20.439141465136,19.25768833972743,19.37583351135254,452742,0.0,0.0
2019-11-12 00:00:00+08:00,19.493979244422736,19.84841617866366,18.666963019228113,19.021398544311523,318295,0.0,0.0
2019-11-13 00:00:00+08:00,19.139545331483486,19.139545331483486,18.076235926641186,18.13530921936035,284527,0.0,0.0
2019-11-14 00:00:00+08:00,18.312527688360323,18.90325356976435,18.13530921936035,18.13530921936035,257638,0.0,0.0
2019-11-15 00:00:00+08:00,18.48974357881149,18.48974357881149,17.131073432933103,17.308290481567383,284323,0.0,0.0
2019-11-18 00:00:00+08:00,17.48550985979257,19.021398544311523,17.367364684764766,19.021398544311523,453993,0.0,0.0
2019-11-19 00:00:00+08:00,18.430671872803742,18.90325255249527,18.253453413340694,18.31252670288086,363319,0.0,0.0
2019-11-20 00:00:00+08:00,18.253454777591934,18.844182080514365,17.83994594737774,17.899019241333008,188851,0.0,0.0
2019-11-21 00:00:00+08:00,18.19438323726359,19.67119870421471,17.958091466126433,18.430673599243164,1139360,0.0,0.0
2019-11-22 00:00:00+08:00,18.666963019228113,19.316762186459787,18.37159937707985,19.021398544311523,542980,0.0,0.0
2019-11-25 00:00:00+08:00,19.434906005859375,20.852649416459748,19.19861567228555,19.434906005859375,1997945,0.0,0.0
2019-11-26 00:00:00+08:00,19.434908910936713,19.67119927983058,19.02140006079363,19.2576904296875,432731,0.0,0.0
2019-11-27 00:00:00+08:00,19.25768951161907,19.61212504806293,18.96232586000374,19.08047103881836,295783,0.0,0.0
2019-11-28 00:00:00+08:00,19.139545741962007,19.375834690433688,19.08047103881836,19.08047103881836,102554,0.0,0.0
2019-11-29 00:00:00+08:00,19.25768951161907,19.49397986924831,19.02139915398983,19.08047103881836,176818,0.0,0.0
2019-12-02 00:00:00+08:00,19.55305303914726,20.970796585083008,19.257689389406366,20.970796585083008,2012954,0.0,0.0
2019-12-03 00:00:00+08:00,20.911723693777486,23.038339614868164,20.43914159511429,23.038339614868164,5011436,0.0,0.0
2019-12-04 00:00:00+08:00,23.56999317386031,24.04257385491931,21.384304001068802,21.738740921020508,3333661,0.0,0.0
2019-12-05 00:00:00+08:00,22.0341035359323,23.097411496477637,21.620594728036057,23.038339614868164,2055476,0.0,0.0
2019-12-06 00:00:00+08:00,23.21556094329365,25.34217571769525,23.21556094329365,24.633304595947266,4486381,0.0,0.0
2019-12-09 00:00:00+08:00,25.63753675803388,27.055278778076172,25.46031830094988,27.055278778076172,3760140,0.0,0.0
2019-12-10 00:00:00+08:00,27.232496937821107,28.354879547660058,26.05104526735226,27.11435317993164,3985261,0.0,0.0
2019-12-11 00:00:00+08:00,26.582699236662492,26.700845819187652,24.456083297729492,24.456083297729492,2179918,0.0,0.0
2019-12-12 00:00:00+08:00,24.928664378376187,25.342173196164122,23.156485341179334,23.45184898376465,2052975,0.0,0.0
2019-12-13 00:00:00+08:00,23.865357647576566,23.865357647576566,22.329468880005983,22.38854217529297,1122073,0.0,0.0
2019-12-16 00:00:00+08:00,22.565759658813477,22.742978138783673,21.97503374084218,22.565759658813477,580311,0.0,0.0
2019-12-17 00:00:00+08:00,23.03834016597671,24.81052061233108,23.03834016597671,23.45184898376465,2887172,0.0,0.0
2019-12-18 00:00:00+08:00,23.865353398578364,23.924428092505256,22.38853818922761,22.506683349609375,879495,0.0,0.0
2019-12-19 00:00:00+08:00,23.84160614013672,23.84160614013672,23.84160614013672,23.84160614013672,0,1.705704,0.8933363000000001
2019-12-20 00:00:00+08:00,23.84160614013672,23.84160614013672,23.84160614013672,23.84160614013672,0,0.0,0.0
2019-12-23 00:00:00+08:00,23.84160614013672,23.84160614013672,23.84160614013672,23.84160614013672,0,0.0,0.0
2019-12-24 00:00:00+08:00,23.84160614013672,23.84160614013672,23.84160614013672,23.84160614013672,0,0.0,0.0
2019-12-25 00:00:00+08:00,23.84160614013672,23.84160614013672,23.84160614013672,23.84160614013672,0,0.0,0.0
2019-12-26 00:00:00+08:00,23.84160614013672,23.84160614013672,23.84160614013672,23.84160614013672,0,0.0,0.0
2019-12-27 00:00:00+08:00,23.84160614013672,23.84160614013672,23.84160614013672,23.84160614013672,0,0.0,0.0
2019-12-30 00:00:00+08:00,23.478737525721858,23.6464421540179,21.969389900105746,22.025291442871094,513100,0.0,0.0
2019-12-31 00:00:00+08:00,21.68988223975113,22.360703786232126,21.68988223975113,21.801685333251953,261560,0.0,0.0
2020-01-02 00:00:00+08:00,21.689882278442383,22.025293052281196,21.578079184742123,21.689882278442383,177800,0.0,0.0
2020-01-03 00:00:00+08:00,22.24890029978742,23.814149552106755,21.801684948206457,23.47873878479004,1466350,0.0,0.0
2020-01-06 00:00:00+08:00,23.31103368581773,23.31103368581773,22.47250747680664,22.47250747680664,369600,0.0,0.0
2020-01-07 00:00:00+08:00,22.807917614160164,24.429068438115415,22.528408388145728,22.752016067504883,989800,0.0,0.0
2020-01-08 00:00:00+08:00,22.360705529539228,23.590544132144235,22.19299938347509,22.975624084472656,452900,0.0,0.0
2020-01-09 00:00:00+08:00,23.255129860217338,23.870049816066935,22.75201448262817,23.087425231933594,446600,0.0,0.0
2020-01-10 00:00:00+08:00,23.646443121049863,23.646443121049863,22.025292343605365,22.192996978759766,343000,0.0,0.0
2020-01-13 00:00:00+08:00,22.304799670587844,22.52840583183626,21.801682822303174,22.081192016601562,372400,0.0,0.0
2020-01-14 00:00:00+08:00,22.304799670587844,22.52840583183626,22.025290476289456,22.081192016601562,184800,0.0,0.0
2020-01-15 00:00:00+08:00,22.137096486247692,22.360704169823293,21.913490295410156,21.913490295410156,129500,0.0,0.0
2020-01-16 00:00:00+08:00,21.96939321012112,22.081196312496612,21.2426700592041,21.2426700592041,382900,0.0,0.0
2020-01-17 00:00:00+08:00,21.466275130430123,22.0811936110021,21.466275130430123,21.74578285217285,302632,0.0,0.0
2020-01-20 00:00:00+08:00,21.857588106772774,22.192997383193905,21.29856966059485,21.35447120666504,419344,0.0,0.0
2020-01-30 00:00:00+08:00,20.068727755084417,20.068727755084417,19.230201721191406,19.230201721191406,230300,0.0,0.0
2020-01-31 00:00:00+08:00,19.174302421437897,19.453810136850123,17.329544036027492,17.441347122192383,687550,0.0,0.0
2020-02-03 00:00:00+08:00,16.04380382188966,17.553151433016055,15.70839307577958,16.8823299407959,557900,0.0,0.0
2020-02-04 00:00:00+08:00,18.05626744127047,18.447579743380782,17.55315205076806,17.664955139160156,403900,0.0,0.0
2020-02-05 00:00:00+08:00,17.888561248779297,18.335776586144497,17.553151984862343,17.888561248779297,259700,0.0,0.0
2020-02-06 00:00:00+08:00,18.22397262428909,18.894794160378876,18.22397262428909,18.559383392333984,229600,0.0,0.0
2020-02-07 00:00:00+08:00,18.559383392333984,18.559383392333984,18.559383392333984,18.559383392333984,0,0.0,0.0
2020-02-10 00:00:00+08:00,16.8823308765478,17.609053951277374,16.714624747828207,16.938232421875,242329,0.0,0.0
2020-02-11 00:00:00+08:00,17.776759657543984,18.615285873413086,17.55315346277254,18.615285873413086,614600,0.0,0.0
2020-02-12 00:00:00+08:00,18.782990406103572,19.8451227259216,18.782990406103572,18.950695037841797,1040200,0.0,0.0
2020-02-13 00:00:00+08:00,18.950696049997077,19.565616051355995,18.782991409301758,18.782991409301758,358400,0.0,0.0
2020-02-14 00:00:00+08:00,19.006596548835446,19.286105760653015,19.006596548835446,19.062498092651367,189646,0.0,0.0
2020-02-17 00:00:00+08:00,19.230204283845175,19.230204283845175,18.838891983032227,18.838891983032227,218400,0.0,0.0
2020-02-18 00:00:00+08:00,18.83889360427055,19.006598250735017,18.335778172139047,18.503482818603516,206500,0.0,0.0
2020-02-19 00:00:00+08:00,18.8947934612036,19.286105760653015,18.50348116175419,19.062498092651367,212100,0.0,0.0
2020-02-20 00:00:00+08:00,19.453809460901297,19.509712494779254,18.838891015622625,18.894792556762695,121800,0.0,0.0
2020-02-21 00:00:00+08:00,18.894794425582692,19.0065975189209,18.559383652830036,19.0065975189209,108555,0.0,0.0
2020-02-24 00:00:00+08:00,18.782991010258243,19.956927948399386,18.61528488038779,19.621517181396484,277900,0.0,0.0
2020-02-25 00:00:00+08:00,19.45381039210078,19.45381039210078,19.006596548835446,19.062498092651367,208600,0.0,0.0
2020-02-26 00:00:00+08:00,18.95069507105365,19.45381045988802,18.782990439021514,18.838891983032227,358400,0.0,0.0
2020-02-27 00:00:00+08:00,19.062498222275295,19.062498222275295,17.329544381245892,17.664955139160156,347200,0.0,0.0
2020-03-02 00:00:00+08:00,17.609052954624197,18.223971411157663,17.21774066674366,18.05626678466797,203700,0.0,0.0
2020-03-03 00:00:00+08:00,18.44758201977785,18.44758201977785,18.000368118286133,18.000368118286133,118300,0.0,0.0
2020-03-04 00:00:00+08:00,18.223974322662915,18.727091267986985,17.664957318982804,18.000368118286133,1016400,0.0,0.0
2020-03-05 00:00:00+08:00,18.335776018382607,18.447579102892977,17.9444637298584,17.9444637298584,214200,0.0,0.0
2020-03-06 00:00:00+08:00,18.056266107385685,18.056266107385685,17.38544464111328,17.38544464111328,181300,0.0,0.0
2020-03-09 00:00:00+08:00,17.38544464111328,17.38544464111328,17.38544464111328,17.38544464111328,0,0.0,0.0
2020-03-10 00:00:00+08:00,15.876097040140358,16.60282004427149,15.428883228229935,16.32331085205078,282800,0.0,0.0
2020-03-11 00:00:00+08:00,16.379217495622374,16.602823704504537,15.876100540161131,15.876100540161133,198100,0.0,0.0
2020-03-12 00:00:00+08:00,15.876099030254485,16.65872367238641,14.981671294314582,15.093474388122559,292600,0.0,0.0
2020-03-13 00:00:00+08:00,15.093474388122559,15.093474388122559,15.093474388122559,15.093474388122559,0,0.0,0.0
2020-03-16 00:00:00+08:00,14.366750562021252,14.366750562021252,12.521993637084961,12.521993637084961,371000,0.0,0.0
2020-03-17 00:00:00+08:00,11.851171508538442,13.640028289420606,11.571663056358135,12.969206809997559,367500,0.0,0.0
2020-03-18 00:00:00+08:00,13.192814937334996,13.416422627987975,12.857405640462689,12.913307189941406,116900,0.0,0.0
2020-03-19 00:00:00+08:00,12.521993834843833,12.633796924729799,11.627565383911133,11.627565383911133,345100,0.0,0.0
2020-03-20 00:00:00+08:00,12.689698202936164,12.745599746704102,12.410189737727505,12.745599746704102,253400,0.0,0.0
2020-03-23 00:00:00+08:00,12.633796708475858,13.081010553102708,12.130681319862898,12.577895164489746,121100,0.0,0.0
2020-03-24 00:00:00+08:00,13.528225944690076,13.640030538185181,13.081012048924057,13.416422843933105,133000,0.0,0.0
2020-03-25 00:00:00+08:00,14.310848904855888,14.534456572067116,13.863635063171387,13.863635063171387,154000,0.0,0.0
2020-03-26 00:00:00+08:00,14.254948637245299,14.422654775850141,13.41642242243535,14.199047088623047,109900,0.0,0.0
2020-03-27 00:00:00+08:00,14.813966059949422,14.813966059949422,14.087242993844104,14.366750717163086,123200,0.0,0.0
2020-03-30 00:00:00+08:00,13.863635322450934,14.534456843892459,13.863635322450934,14.366750717163086,45500,0.0,0.0
2020-03-31 00:00:00+08:00,14.534456879087305,14.702161513484787,14.087243027956031,14.254947662353516,65800,0.0,0.0
2020-04-01 00:00:00+08:00,14.366750751951837,14.366750751951837,13.863635356021403,14.254947662353516,49700,0.0,0.0
2020-04-06 00:00:00+08:00,14.422654775850141,14.422654775850141,14.143145540000795,14.199047088623047,49700,0.0,0.0
2020-04-07 00:00:00+08:00,14.478555026807282,14.981670412053061,14.478555026807282,14.869867324829102,171500,0.0,0.0
2020-04-08 00:00:00+08:00,14.646259897372014,15.876098355179346,14.646259897372014,15.428884506225586,244300,0.0,0.0
2020-04-09 00:00:00+08:00,15.931999553710304,15.987902589761205,15.149374961853027,15.149374961853027,135100,0.0,0.0
2020-04-10 00:00:00+08:00,15.596592779058424,16.211511346222565,15.428886629658615,15.876100540161133,260400,0.0,0.0
2020-04-13 00:00:00+08:00,16.21150881526898,16.491018025472673,15.87609806157214,15.987902641296387,184800,0.0,0.0
2020-04-14 00:00:00+08:00,16.099705648670163,16.37921485749169,16.043804105453447,16.267410278320312,103600,0.0,0.0
2020-04-15 00:00:00+08:00,16.379216869285212,16.43511841936809,16.043806076049805,16.043806076049805,103600,0.0,0.0
2020-04-16 00:00:00+08:00,15.931998580036929,16.435115424581777,15.931998580036929,16.32331085205078,172200,0.0,0.0
2020-04-17 00:00:00+08:00,16.49101996945097,16.658724619699612,15.987904525966924,16.043806076049805,143500,0.0,0.0
2020-04-20 00:00:00+08:00,16.211507772257637,16.435115424581777,15.987901612671354,16.32331085205078,58100,0.0,0.0
2020-04-21 00:00:00+08:00,16.37921560358991,16.37921560358991,15.65249252319336,15.65249252319336,79800,0.0,0.0
2020-04-22 00:00:00+08:00,15.652495024186761,15.764298133577167,15.317084203277295,15.540690422058105,49000,0.0,0.0
2020-04-23 00:00:00+08:00,15.764297222163892,17.050037384033203,15.764297222163892,17.050037384033203,48300,0.0,0.0
2020-04-24 00:00:00+08:00,18.11216864793591,18.727088608109003,17.944464018473035,18.391677856445312,1442700,0.0,0.0
2020-04-27 00:00:00+08:00,18.279874801635742,19.006597908714017,17.77675937855773,18.279874801635742,1145200,0.0,0.0
2020-04-28 00:00:00+08:00,18.391677530385273,18.503480614711737,17.88856066544036,18.05626678466797,425600,0.0,0.0
2020-04-29 00:00:00+08:00,18.000367062557995,18.559384033451554,18.000367062557995,18.279874801635742,651000,0.0,0.0
2020-04-30 00:00:00+08:00,18.391679088274635,19.509714504457556,18.279874501739716,18.782991409301758,1038100,0.0,0.0
2020-05-04 00:00:00+08:00,18.44757961793827,19.17430267302117,18.1680704061207,19.062498092651367,351400,0.0,0.0
2020-05-05 00:00:00+08:00,19.28610456509818,19.56561375958884,18.782989209205287,19.50971221923828,486500,0.0,0.0
2020-05-06 00:00:00+08:00,19.956928599041024,20.068731694107694,19.342008590698242,19.342008590698242,357700,0.0,0.0
2020-05-07 00:00:00+08:00,19.342006406909302,19.956926345825195,19.230203324465645,19.956926345825195,579600,0.0,0.0
2020-05-08 00:00:00+08:00,20.068732036795115,20.124633585283007,19.509715059178124,19.565616607666016,310100,0.0,0.0
2020-05-11 00:00:00+08:00,19.11840341166844,19.23020651264797,17.944466373168957,19.174304962158203,657300,0.0,0.0
2020-05-12 00:00:00+08:00,19.565616273569635,19.789222463702966,19.00659781276018,19.342008590698242,569800,0.0,0.0
2020-05-13 00:00:00+08:00,19.342006654285605,20.236434310750006,19.230203570412034,19.45380973815918,1227100,0.0,0.0
2020-05-14 00:00:00+08:00,19.453813060750488,19.565617656457505,18.671188354492188,18.671188354492188,266700,0.0,0.0
2020-05-15 00:00:00+08:00,19.230204868682772,20.180534131242645,18.782991010258243,19.621517181396484,701400,0.0,0.0
2020-05-18 00:00:00+08:00,19.733318966278382,21.57807731628418,19.6774174242688,21.57807731628418,1402100,0.0,0.0
2020-05-19 00:00:00+08:00,22.75201566898192,23.702344930951835,22.02529258971645,23.59054183959961,2178400,0.0,0.0
2020-05-20 00:00:00+08:00,23.087425233626494,23.478737525721858,21.801683779071773,22.025291442871094,1169000,0.0,0.0
2020-05-21 00:00:00+08:00,22.19299856683348,23.87005250207309,22.19299856683348,22.696115493774414,1366400,0.0,0.0
2020-05-22 00:00:00+08:00,22.696115162487366,23.143329041110743,22.41660592857098,22.47250747680664,478100,0.0,0.0
2020-05-25 00:00:00+08:00,22.91971947640925,23.08742560010531,21.68988103783594,22.248899459838867,394100,0.0,0.0
2020-05-26 00:00:00+08:00,22.58430927725963,23.143327713012695,22.025292334244558,23.143327713012695,560700,0.0,0.0
2020-05-27 00:00:00+08:00,23.311033091776057,25.435300827026367,23.25513154496495,25.435300827026367,1306200,0.0,0.0
2020-05-28 00:00:00+08:00,26.3856281673281,26.3856281673281,22.91971778869629,22.91971778869629,1996400,0.0,0.0
2020-05-29 00:00:00+08:00,22.807916950108453,23.478738475916934,22.19299696932768,23.143327713012695,420700,0.0,0.0
2020-06-01 00:00:00+08:00,23.311035470418524,24.317267893907857,23.0315277078422,23.534643173217773,525700,0.0,0.0
2020-06-02 00:00:00+08:00,23.9259543469116,24.205463588363344,23.031526565551758,23.031526565551758,515900,0.0,0.0
2020-06-03 00:00:00+08:00,23.255130803068113,23.814149238821177,22.97562158519158,23.143327713012695,609000,0.0,0.0
2020-06-04 00:00:00+08:00,23.366932914804888,23.534639035604542,22.975620623256265,23.199228286743164,430500,0.0,0.0
2020-06-05 00:00:00+08:00,23.255130767822266,24.037755382500006,23.255130767822266,23.255130767822266,354900,0.0,0.0
2020-06-08 00:00:00+08:00,23.366933857708233,24.373166144895894,22.75201537059743,23.255130767822266,3052700,0.0,0.0
2020-06-09 00:00:00+08:00,23.2551307329137,23.702344584524234,23.2551307329137,23.366933822631836,261100,0.0,0.0
2020-06-10 00:00:00+08:00,23.366935033357702,24.59677505493164,22.919721158575392,24.59677505493164,905800,0.0,0.0
2020-06-11 00:00:00+08:00,24.484966622434047,25.099885043938027,23.366931364645733,23.422834396362305,711200,0.0,0.0
2020-06-12 00:00:00+08:00,22.64021390174741,22.919721646475036,22.19299852470701,22.807918548583984,469000,0.0,0.0
2020-06-15 00:00:00+08:00,22.86381885574058,23.143328078025487,22.41660499572754,22.41660499572754,318500,0.0,0.0
2020-06-16 00:00:00+08:00,23.087423669752027,23.478735935341046,22.807914482120495,23.422834396362305,340200,0.0,0.0
2020-06-17 00:00:00+08:00,23.534637474319787,24.14955589582377,23.366931364645733,23.422834396362305,378000,0.0,0.0
2020-06-18 00:00:00+08:00,23.59054183959961,24.149558789098734,23.366934164157154,23.59054183959961,336700,0.0,0.0
2020-06-19 00:00:00+08:00,23.59053993475234,25.938413619995117,23.59053993475234,25.938413619995117,1605800,0.0,0.0
2020-06-22 00:00:00+08:00,26.385630651386972,28.50989532470703,26.27382457631268,28.50989532470703,2558500,0.0,0.0
2020-06-23 00:00:00+08:00,28.733506071137818,29.627933822637946,26.77694443176999,27.168256759643555,1936200,0.0,0.0
2020-06-24 00:00:00+08:00,27.168256083058914,27.783174587124854,26.329728407579488,26.721040725708008,550900,0.0,0.0
2020-06-29 00:00:00+08:00,26.050220402709122,26.88874811746831,26.050220402709122,26.273826599121094,318500,0.0,0.0
2020-06-30 00:00:00+08:00,26.94464619918916,28.230386212546566,26.497433839139273,28.17448616027832,598500,0.0,0.0
2020-07-01 00:00:00+08:00,27.83907137395997,29.068911223246374,27.39185905456543,27.39185905456543,732900,0.0,0.0
2020-07-02 00:00:00+08:00,27.447759101751892,28.06268051913295,27.39185905456543,27.39185905456543,277900,0.0,0.0
2020-07-03 00:00:00+08:00,27.615468186046247,30.13104820251465,27.503665094166145,30.13104820251465,1473500,0.0,0.0
2020-07-06 00:00:00+08:00,30.74597114233393,33.09384536743164,29.06891855090363,33.09384536743164,1629600,0.0,0.0
2020-07-07 00:00:00+08:00,33.65285674836755,36.33613972788396,33.65285674836755,35.05039978027344,2241400,0.0,0.0
2020-07-08 00:00:00+08:00,34.9386018950249,35.55352044289046,33.70876181381751,34.26778030395508,774900,0.0,0.0
2020-07-09 00:00:00+08:00,34.93859614576863,34.93859614576863,33.261543936796436,33.93236541748047,676200,0.0,0.0
2020-07-10 00:00:00+08:00,34.4913836040505,34.82679586410523,30.913672733306885,31.30498504638672,910000,0.0,0.0
2020-07-13 00:00:00+08:00,33.37335228222023,33.42925532504124,31.864005951768085,32.08761215209961,627900,0.0,0.0
2020-07-14 00:00:00+08:00,32.70252816867869,32.70252816867869,31.081378863334248,31.30498504638672,668500,0.0,0.0
2020-07-15 00:00:00+08:00,31.752197435435615,32.14350974879821,30.35465431213379,30.35465431213379,609700,0.0,0.0
2020-07-16 00:00:00+08:00,31.025473904982157,31.808098482713152,30.354652411859043,31.416786193847656,410200,0.0,0.0
2020-07-17 00:00:00+08:00,31.193180738664132,31.584493036487025,28.28628853041526,28.789403915405273,986300,0.0,0.0
2020-07-20 00:00:00+08:00,29.12481689453125,29.404323126737427,27.503664626165143,29.12481689453125,513100,0.0,0.0
2020-07-21 00:00:00+08:00,29.907443381854097,30.131049575805662,29.23662181452324,29.348424911499023,254100,0.0,0.0
2020-07-22 00:00:00+08:00,29.5720302675632,31.30498568527706,29.404324134113192,30.186948776245117,403900,0.0,0.0
2020-07-23 00:00:00+08:00,30.522361043145132,30.522361043145132,29.51613021339725,30.186948776245117,291200,0.0,0.0
2020-07-24 00:00:00+08:00,30.634158521316124,32.36711362135693,30.298749301377033,30.801864624023438,1038800,0.0,0.0
2020-07-27 00:00:00+08:00,30.969571628479894,32.08760847289451,29.51612850750235,29.627931594848633,640500,0.0,0.0
2020-07-28 00:00:00+08:00,29.51612851321558,29.963340862687264,27.391860896797365,27.615467071533203,449400,0.0,0.0
2020-07-29 00:00:00+08:00,27.559566319517153,29.292518607850326,27.559566319517153,28.230384826660156,262500,0.0,0.0
2020-07-30 00:00:00+08:00,29.013010155467782,29.013010155467782,28.062682419656323,28.565797805786133,243600,0.0,0.0
2020-07-31 00:00:00+08:00,28.509897751147523,29.516131614123623,28.398094652033784,29.292522430419922,234500,0.0,0.0
2020-08-03 00:00:00+08:00,30.186945085913703,32.19940948486328,30.186945085913703,32.19940948486328,1353800,0.0,0.0
2020-08-04 00:00:00+08:00,32.59072511551413,33.26154665093717,31.025475861352383,31.19318199157715,1286600,0.0,0.0
2020-08-05 00:00:00+08:00,31.304988662557932,31.808104125280988,31.249085617599206,31.752201080322266,330400,0.0,0.0
2020-08-06 00:00:00+08:00,31.9199040001224,33.93236863287337,30.91367317648495,33.26154708862305,1038100,0.0,0.0
2020-08-07 00:00:00+08:00,33.26154855601746,33.31744861231008,31.864005352035132,32.25531768798828,644700,0.0,0.0
2020-08-10 00:00:00+08:00,32.14350891113281,33.20564273193418,32.14350891113281,32.14350891113281,400400,0.0,0.0
2020-08-11 00:00:00+08:00,32.42301830264641,32.478921340036344,30.186947560140457,30.63416290283203,513100,0.0,0.0
2020-08-12 00:00:00+08:00,30.634163511753286,31.640394320965424,30.29875423717458,31.30498504638672,267400,0.0,0.0
2020-08-13 00:00:00+08:00,31.36088512207302,31.80810047397714,30.29875425906829,30.35465431213379,269500,0.0,0.0
2020-08-14 00:00:00+08:00,30.745970956708202,32.14351427688318,30.522364741994554,31.137283325195312,586600,0.0,0.0
2020-08-17 00:00:00+08:00,31.416786768327327,32.47892056973786,31.19318059502276,32.311214447021484,550900,0.0,0.0
2020-08-18 00:00:00+08:00,32.64662947784649,32.70252953320404,31.41678944879032,31.472692489624023,347200,0.0,0.0
2020-08-19 00:00:00+08:00,31.528591176339432,31.528591176339432,30.410557277484028,30.57826042175293,364700,0.0,0.0
2020-08-20 00:00:00+08:00,30.41055691695571,30.913672314749824,27.950879980253376,28.17448616027832,633500,0.0,0.0
2020-08-21 00:00:00+08:00,28.453999699141384,29.404327601304505,28.453999699141384,28.957115173339844,303800,0.0,0.0
2020-08-24 00:00:00+08:00,29.348426024548715,30.35465692096859,29.013013735424572,29.96334457397461,345100,0.0,0.0
2020-08-25 00:00:00+08:00,30.466457381725924,32.1435097255715,30.466457381725924,31.30498504638672,729400,0.0,0.0
2020-08-26 00:00:00+08:00,31.573955917887986,34.37671661376953,31.40236050623882,34.37671661376953,1993600,0.907314,0.0
2020-08-27 00:00:00+08:00,36.32149415200198,37.80867385864258,36.26429364011438,37.80867385864258,2404500,0.0,0.0
2020-08-28 00:00:00+08:00,37.808671345900414,41.5838162913451,37.75147083781433,39.581844329833984,4839800,0.0,0.0
2020-08-31 00:00:00+08:00,39.69624416085075,42.89939945013055,38.437863471357645,39.75344467163086,2821700,0.0,0.0
2020-09-01 00:00:00+08:00,39.92504314920426,41.58381824985734,39.41025077125099,39.75344467163086,1173900,0.0,0.0
2020-09-02 00:00:00+08:00,40.26823274860056,42.84219741821289,39.810640930302036,42.84219741821289,1624000,0.0,0.0
2020-09-03 00:00:00+08:00,43.471390416540686,45.530562892063195,41.29781997928361,41.52661895751953,2830100,0.0,0.0
2020-09-04 00:00:00+08:00,39.238654135427765,40.49703488398566,38.895457164172285,40.325439453125,1096900,0.0,0.0
2020-09-07 00:00:00+08:00,40.840230786214484,40.897428243415156,36.66468811035156,36.66468811035156,852600,0.0,0.0
2020-09-08 00:00:00+08:00,37.63707456545815,39.98224051643005,37.00788422210882,38.55226135253906,896000,0.0,0.0
2020-09-09 00:00:00+08:00,38.26626772113377,39.867845479922835,37.75147530648974,39.23865509033203,478100,0.0,0.0
2020-09-10 00:00:00+08:00,39.98223670053591,41.06902186108666,39.295845912042445,39.35304641723633,669900,0.0,0.0
2020-09-11 00:00:00+08:00,38.55225898051041,38.952653366145924,35.46350185492687,35.52070236206055,1297100,0.0,0.0
2020-09-14 00:00:00+08:00,35.52070715810987,37.2366828918457,35.52070715810987,36.83628845214844,490700,0.0,0.0
2020-09-15 00:00:00+08:00,37.35107325485365,38.20906247425176,36.89347839355469,36.89347839355469,417900,0.0,0.0
2020-09-16 00:00:00+08:00,37.2366828918457,37.8086758213467,36.49309147254098,36.83628845214844,208600,0.0,0.0
2020-09-17 00:00:00+08:00,37.00787935943546,37.63706962011194,36.83628090479041,37.23667526245117,207200,0.0,0.0
2020-09-18 00:00:00+08:00,37.408280505650495,38.89545719990006,37.179481506347656,37.179481506347656,482300,0.0,0.0
2020-09-21 00:00:00+08:00,37.17947657279913,37.69426890707753,36.43588832434515,37.00788116455078,249900,0.0,0.0
2020-09-22 00:00:00+08:00,36.72188855949257,36.72188855949257,35.00591291536929,35.463504791259766,363300,0.0,0.0
2020-09-23 00:00:00+08:00,36.378690581724456,36.378690581724456,35.23470786918354,35.34910583496094,207200,0.0,0.0
2020-09-24 00:00:00+08:00,34.54831490389691,34.89150878021077,33.633128178959915,33.919124603271484,382900,0.0,0.0
2020-09-25 00:00:00+08:00,33.91912358557073,34.66271182265701,31.516757359153576,33.061134338378906,457800,0.0,0.0
2020-09-28 00:00:00+08:00,33.74752906378065,34.37671941895946,32.77514174776467,33.8619270324707,165200,0.0,0.0
2020-09-29 00:00:00+08:00,34.20512205825691,34.31952002047525,33.11833683503245,33.28993225097656,147700,0.0,0.0
2020-09-30 00:00:00+08:00,32.94673538208008,33.175531285806834,32.60354152648995,32.94673538208008,110600,0.0,0.0
2020-10-05 00:00:00+08:00,33.061134268909846,33.289930179106925,32.66073989868164,32.66073989868164,95200,0.0,0.0
2020-10-06 00:00:00+08:00,32.7751379226483,33.289930249056745,32.7751379226483,33.061134338378906,86100,0.0,0.0
2020-10-07 00:00:00+08:00,33.63313205192035,33.63313205192035,32.889540652130044,33.175537109375,107800,0.0,0.0
2020-10-08 00:00:00+08:00,33.289930249056745,33.46152870944843,32.889535877987214,33.061134338378906,117600,0.0,0.0
2020-10-12 00:00:00+08:00,33.17553707666755,33.17553707666755,31.859955818451418,31.974353790283203,133000,0.0,0.0
2020-10-13 00:00:00+08:00,33.97632221958464,35.12030792236328,33.97632221958464,35.12030792236328,334600,0.0,0.0
2020-10-14 00:00:00+08:00,36.37869264570539,38.55226328309641,36.37869264570539,37.179481506347656,1712200,0.0,0.0
2020-10-15 00:00:00+08:00,37.179482376988744,37.75147530648974,35.57790461819968,35.63510513305664,518000,0.0,0.0
2020-10-16 00:00:00+08:00,36.03549567135897,36.37868955904328,34.54831604852668,35.23470687866211,330400,0.0,0.0
2020-10-19 00:00:00+08:00,35.57790473108858,35.57790473108858,34.60552041357209,34.89151382446289,183400,0.0,0.0
2020-10-20 00:00:00+08:00,34.719916309522965,34.891511734827255,34.09072290085067,34.60551834106445,233800,0.0,0.0
2020-10-21 00:00:00+08:00,34.66271303954044,34.94870946531136,34.37671661376953,34.37671661376953,172200,0.0,0.0
2020-10-22 00:00:00+08:00,34.31952186974976,34.71991628647222,33.461532524730046,34.20512390136719,221200,0.0,0.0
2020-10-23 00:00:00+08:00,34.205118320156686,34.31951626987307,33.86192141624107,34.09071731567383,95200,0.0,0.0
2020-10-26 00:00:00+08:00,34.26232138092193,35.69230056880384,34.26232138092193,34.60551834106445,787500,0.0,0.0
2020-10-27 00:00:00+08:00,34.777111840761705,34.777111840761705,33.86192508900045,34.03352355957031,931000,0.0,0.0
2020-10-28 00:00:00+08:00,34.3195169971217,34.3195169971217,33.28992931832381,33.347129821777344,336000,0.0,0.0
2020-10-29 00:00:00+08:00,33.23273391207559,34.31951910635283,32.431945143109914,33.976322174072266,714000,0.0,0.0
2020-10-30 00:00:00+08:00,33.976319059307045,33.976319059307045,33.175530363753346,33.232730865478516,94500,0.0,0.0
2020-11-02 00:00:00+08:00,33.28992923767021,33.28992923767021,32.71793947835333,32.94673538208008,56000,0.0,0.0
2020-11-03 00:00:00+08:00,33.0039415786994,33.804730434648654,32.94674106551714,33.518733978271484,81200,0.0,0.0
2020-11-04 00:00:00+08:00,33.86192800640673,33.91912851978045,33.06113914777706,33.575931549072266,86800,0.0,0.0
2020-11-05 00:00:00+08:00,33.57592893535442,35.749499398081106,33.40433351812524,35.692298889160156,1054200,0.0,0.0
2020-11-06 00:00:00+08:00,36.09269714736605,37.0650845196497,34.77711584915314,34.89151382446289,583800,0.0,0.0
2020-11-09 00:00:00+08:00,35.463504791259766,35.92109972191724,35.00591291536929,35.463504791259766,183400,0.0,0.0
2020-11-10 00:00:00+08:00,35.46350376817271,35.46350376817271,34.83431342959132,34.94871139526367,168000,0.0,0.0
2020-11-11 00:00:00+08:00,34.94871236133524,35.120310841970635,34.49111743122984,34.662715911865234,127400,0.0,0.0
2020-11-12 00:00:00+08:00,34.891509118806006,35.92109686727236,34.891509118806006,35.57789993286133,326900,0.0,0.0
2020-11-13 00:00:00+08:00,35.80669796520746,36.20709234164024,35.46350103982699,35.863895416259766,294700,0.0,0.0
2020-11-16 00:00:00+08:00,37.46547292893029,37.98026526232969,36.55028621902395,36.607486724853516,996800,0.0,0.0
2020-11-17 00:00:00+08:00,36.60748866959194,36.950682558501164,35.8066998740369,36.435890197753906,374500,0.0,0.0
2020-11-18 00:00:00+08:00,36.264293679159515,39.98224142238056,36.14989571002814,38.60946273803711,1190000,0.0,0.0
2020-11-19 00:00:00+08:00,38.60946086901397,39.467447123349,38.037467996279396,38.437862396240234,694400,0.0,0.0
2020-11-20 00:00:00+08:00,38.83825695209534,38.89545440673828,37.7514717114441,38.89545440673828,364000,0.0,0.0
2020-11-23 00:00:00+08:00,40.26823612110975,41.069024924965724,39.46744731725378,40.43983459472656,925400,0.0,0.0
2020-11-24 00:00:00+08:00,40.268231526877976,41.35501664451424,39.92503767356645,40.783023834228516,436100,0.0,0.0
2020-11-25 00:00:00+08:00,41.183420088779165,41.5838144634816,39.867839008294965,40.95462417602539,391300,0.0,0.0
2020-11-26 00:00:00+08:00,41.126227345692726,41.75541770517235,40.325438504621566,41.0118293762207,468300,0.0,0.0
2020-11-27 00:00:00+08:00,41.41222299525439,42.32740978808483,40.84023010419776,42.15581130981445,538300,0.0,0.0
2020-11-30 00:00:00+08:00,42.15581036222062,43.585789502951656,41.183423080235414,41.297821044921875,508900,0.0,0.0
2020-12-01 00:00:00+08:00,41.41222296856456,42.15581128264539,40.61143414350816,41.75541687011719,439600,0.0,0.0
2020-12-02 00:00:00+08:00,42.327409760805175,42.327409760805175,41.69821635914161,41.75541687011719,217000,0.0,0.0
2020-12-03 00:00:00+08:00,41.869812914981786,42.67060170327252,41.18342208862305,41.18342208862305,385000,0.0,0.0
2020-12-04 00:00:00+08:00,41.41221988730012,41.86981172198996,40.61143112182617,40.61143112182617,273700,0.0,0.0
2020-12-07 00:00:00+08:00,40.84022280826592,42.89939196058088,40.268230019393364,42.55619812011719,376600,0.0,0.0
2020-12-08 00:00:00+08:00,43.013799230107225,46.788944244384766,42.67060228486673,46.788944244384766,1236200,0.0,0.0
2020-12-09 00:00:00+08:00,49.07690972584943,51.07888160341633,46.3313496029434,46.90333938598633,1582700,0.0,0.0
2020-12-10 00:00:00+08:00,47.47533538146302,51.136085510253906,46.90334250560919,51.136085510253906,1003100,0.0,0.0
2020-12-11 00:00:00+08:00,52.73765784970025,53.36685426339419,48.9625129699707,48.9625129699707,1214500,0.0,0.0
2020-12-14 00:00:00+08:00,48.96251087278405,49.763299609149136,47.47533135456796,47.58972930908203,517300,0.0,0.0
2020-12-15 00:00:00+08:00,48.104528298512975,50.735693836052235,45.873760239413336,46.27415466308594,873600,0.0,0.0
2020-12-16 00:00:00+08:00,46.90333939434181,47.64693069458008,46.33134961119699,47.64693069458008,234500,0.0,0.0
2020-12-17 00:00:00+08:00,49.01971720028933,49.01971720028933,47.01774512157001,47.360939025878906,256200,0.0,0.0
2020-12-18 00:00:00+08:00,47.58973011472062,47.76132857677999,46.445747495447044,46.50294494628906,196000,0.0,0.0
2020-12-21 00:00:00+08:00,46.56014789651698,46.56014789651698,43.47139069110789,43.928985595703125,476700,0.0,0.0
2020-12-22 00:00:00+08:00,44.21498697060906,45.18737128754962,42.32741274219822,42.8994026184082,337400,0.0,0.0
2020-12-23 00:00:00+08:00,43.18539425758172,44.04338355816023,42.95659833266751,43.928985595703125,133700,0.0,0.0
2020-12-24 00:00:00+08:00,44.38657661020656,44.95856946649438,44.21498119713362,44.272178649902344,175000,0.0,0.0
2020-12-25 00:00:00+08:00,43.5857915552782,44.90137279326962,43.24259764505884,43.47139358520508,161000,0.0,0.0
2020-12-28 00:00:00+08:00,44.27217842501371,44.27217842501371,43.242593732738996,43.41419219970703,138600,0.0,0.0
2020-12-29 00:00:00+08:00,43.70018577853472,45.64496026733553,43.070995469695276,45.015769958496094,348600,0.0,0.0
2020-12-30 00:00:00+08:00,45.015767938061614,45.70215566884303,43.70018381714736,44.04338073730469,245700,0.0,0.0
2020-12-31 00:00:00+08:00,44.44378081550736,44.44378081550736,43.47139348986784,43.81459045410156,174300,0.0,0.0
2021-01-04 00:00:00+08:00,43.928982568821795,43.928982568821795,42.84219741821289,42.84219741821289,260400,0.0,0.0
2021-01-05 00:00:00+08:00,42.84220019322782,43.64298898188628,42.270207328538405,42.32740783691406,243600,0.0,0.0
2021-01-06 00:00:00+08:00,41.81261631279588,42.613405117392425,40.72583107016244,40.84022903442383,268100,0.0,0.0
2021-01-07 00:00:00+08:00,41.18342210753523,42.84220019322782,41.18342210753523,42.32740783691406,200900,0.0,0.0
2021-01-08 00:00:00+08:00,42.32740523355053,43.92898271236181,41.869810358990186,43.64298629760742,219100,0.0,0.0
2021-01-11 00:00:00+08:00,44.043385566088396,44.9013718510155,43.47139267295903,44.55817794799805,259000,0.0,0.0
2021-01-12 00:00:00+08:00,47.64693007035689,48.962511136504524,44.04338073730469,44.04338073730469,2487800,0.0,0.0
2021-01-13 00:00:00+08:00,44.21498489379883,45.01577373764633,44.157784381481,44.21498489379883,332500,0.0,0.0
2021-01-14 00:00:00+08:00,44.55817507804626,46.8461434484308,43.75738630115001,44.272178649902344,630000,0.0,0.0
2021-01-15 00:00:00+08:00,44.67257374194676,44.67257374194676,42.556203806068936,42.72780227661133,367500,0.0,0.0
2021-01-18 00:00:00+08:00,42.727803313315675,43.24259568266643,41.183423150496516,42.098609924316406,200200,0.0,0.0
2021-01-19 00:00:00+08:00,42.78500256214294,43.75738988655462,42.3274106834318,42.613407135009766,203700,0.0,0.0
2021-01-20 00:00:00+08:00,43.01379655510934,43.01379655510934,40.09663492104875,40.95462417602539,293300,0.0,0.0
2021-01-21 00:00:00+08:00,41.58381536183496,41.755413827490734,40.03943833523313,40.26823425292969,187600,0.0,0.0
2021-01-22 00:00:00+08:00,40.268231488513834,41.46941455610956,40.0966330346383,41.126220703125,101500,0.0,0.0
2021-01-25 00:00:00+08:00,41.12622456406516,41.52661895751953,40.66862966236012,41.52661895751953,72100,0.0,0.0
2021-01-26 00:00:00+08:00,42.15581224215832,42.27021021194635,40.89742846495593,41.069026947021484,147700,0.0,0.0
2021-01-27 00:00:00+08:00,41.7554178205167,41.7554178205167,40.89742846495593,41.069026947021484,79100,0.0,0.0
2021-01-28 00:00:00+08:00,40.954629865475695,43.013802530621575,40.897429351957584,41.92701721191406,314300,0.0,0.0
2021-01-29 00:00:00+08:00,42.213009855544556,42.899397627136494,39.92504145260436,41.18342208862305,251300,0.0,0.0
2021-02-01 00:00:00+08:00,41.18341780183798,41.18341780183798,39.06704808947226,39.52464294433594,192500,0.0,0.0
2021-02-02 00:00:00+08:00,40.03943923022229,40.03943923022229,39.29584789893714,39.581844329833984,105700,0.0,0.0
2021-02-03 00:00:00+08:00,39.639043659444155,39.69624111106296,39.00985336303711,39.00985336303711,102900,0.0,0.0
2021-02-04 00:00:00+08:00,39.009853539448585,39.81064230386679,38.7810545676386,39.467445373535156,63000,0.0,0.0
2021-02-05 00:00:00+08:00,39.58184315305865,39.810642123833965,38.7810543922618,39.00985336303711,122500,0.0,0.0
2021-02-17 00:00:00+08:00,41.41222202101545,42.32740879231576,41.18342303711522,42.041412353515625,330400,0.0,0.0
2021-02-18 00:00:00+08:00,41.41222026763578,43.41419219970703,41.41222026763578,43.41419219970703,271600,0.0,0.0
2021-02-19 00:00:00+08:00,43.585787867586255,45.53056235858754,43.070995518429086,45.41616439819336,471100,0.0,0.0
2021-02-22 00:00:00+08:00,46.216952340466186,47.5897308951536,45.4161635774124,45.75935745239258,585200,0.0,0.0
2021-02-23 00:00:00+08:00,44.844173643208684,46.44575127332328,44.786973132947345,46.10255432128906,303100,0.0,0.0
2021-02-24 00:00:00+08:00,46.44574825711964,46.903340090426546,45.30176256431897,45.75935745239258,277900,0.0,0.0
2021-02-25 00:00:00+08:00,46.903337170114874,46.903337170114874,45.702154100322666,46.216949462890625,250600,0.0,0.0
2021-02-26 00:00:00+08:00,45.64496517510122,47.47533884567308,45.07297225750986,47.132144927978516,382900,0.0,0.0
2021-03-02 00:00:00+08:00,48.61931862962755,49.53450535100806,45.75935745239258,45.75935745239258,830200,0.0,0.0
2021-03-03 00:00:00+08:00,46.38854888539391,48.962513702396606,44.15778100653386,47.81853103637695,522200,0.0,0.0
2021-03-04 00:00:00+08:00,48.10452648868677,49.763304633537004,47.3609381818851,47.704132080078125,697900,0.0,0.0
2021-03-05 00:00:00+08:00,49.706098176041,52.16566789860051,48.44771764512513,48.61931610107422,2203600,0.0,0.0
2021-03-08 00:00:00+08:00,49.01971405773764,49.5345064085822,45.988154350904665,46.617347717285156,1054200,0.0,0.0
2021-03-09 00:00:00+08:00,46.04535579874151,47.13214103038657,45.13016903913694,46.33135223388672,506100,0.0,0.0
2021-03-10 00:00:00+08:00,47.13213835397016,47.13213835397016,46.560145516160574,46.90333938598633,307300,0.0,0.0
2021-03-11 00:00:00+08:00,46.560146215446366,46.560146215446366,45.358963070865684,45.75935745239258,554400,0.0,0.0
2021-03-12 00:00:00+08:00,46.33135145275577,47.360936158106604,46.15975298360837,47.0749397277832,301700,0.0,0.0
2021-03-15 00:00:00+08:00,47.81853400062316,48.16172790527344,47.36093907298916,48.16172790527344,390600,0.0,0.0
2021-03-16 00:00:00+08:00,48.905312462880325,49.70610123354519,48.61931909172865,48.9625129699707,576100,0.0,0.0
2021-03-17 00:00:00+08:00,49.19130986346932,50.1064966116816,48.96251394010795,49.82050323486328,454300,0.0,0.0
2021-03-18 00:00:00+08:00,50.33529773550657,52.05127334339918,50.33529773550657,50.506893157958984,903000,0.0,0.0
2021-03-19 00:00:00+08:00,50.278096161864376,50.44969463545578,49.305708884535576,49.591705322265625,385000,0.0,0.0
2021-03-22 00:00:00+08:00,50.04929460593948,51.19327717346102,49.19130538922344,50.5640869140625,399000,0.0,0.0
2021-03-23 00:00:00+08:00,51.479278382495174,51.76527786951993,49.47730641145628,49.87770080566406,347900,0.0,0.0
2021-03-24 00:00:00+08:00,49.76330752720739,50.850092850164124,49.534511581774524,50.33530044555664,274400,0.0,0.0
2021-03-25 00:00:00+08:00,50.449699515135144,50.85009395573146,49.30571365356445,49.30571365356445,311500,0.0,0.0
2021-03-26 00:00:00+08:00,49.76330091160978,50.33529375391756,49.47730449045589,50.04929733276367,225400,0.0,0.0
2021-03-29 00:00:00+08:00,50.678492489327304,50.678492489327304,49.76330568667757,50.163700103759766,273000,0.0,0.0
2021-03-30 00:00:00+08:00,50.3352967059653,52.966462102032786,50.278096196473165,51.136085510253906,938000,0.0,0.0
2021-03-31 00:00:00+08:00,50.9072893278498,51.36488731942905,50.449697445804624,50.62129592895508,354900,0.0,0.0
2021-04-01 00:00:00+08:00,50.621289353030534,50.85008526433155,50.33529293652095,50.39249038696289,332500,0.0,0.0
2021-04-07 00:00:00+08:00,50.278093367619135,50.44969183167382,49.934899494276465,50.10649490356445,278600,0.0,0.0
2021-04-08 00:00:00+08:00,50.33530044555664,50.67849436370594,49.99210347264025,50.33530044555664,317800,0.0,0.0
2021-04-09 00:00:00+08:00,50.33529558980977,50.33529558980977,49.53450680327817,49.82050323486328,240100,0.0,0.0
2021-04-12 00:00:00+08:00,49.8777009819611,51.87967296007613,49.076912190715085,51.479278564453125,447300,0.0,0.0
2021-04-13 00:00:00+08:00,49.19130872082117,50.44969237961174,47.475333225937106,47.761329650878906,1248100,0.0,0.0
2021-04-14 00:00:00+08:00,48.39052480081798,48.39052480081798,45.93096079849114,47.475337982177734,469000,0.0,0.0
2021-04-15 00:00:00+08:00,47.475332475081885,48.61931815675615,47.07493809744923,48.50491714477539,284900,0.0,0.0
2021-04-16 00:00:00+08:00,49.076909985612524,49.076909985612524,48.16172327313311,48.50491714477539,119700,0.0,0.0
2021-04-19 00:00:00+08:00,49.0769118796575,49.0769118796575,48.10452462365998,48.676517486572266,165200,0.0,0.0
2021-04-20 00:00:00+08:00,48.61931695912195,48.84811286791424,47.932926177978516,47.932926177978516,133000,0.0,0.0
2021-04-21 00:00:00+08:00,47.81853206881115,48.84811679593494,47.81853206881115,48.33332443237305,246400,0.0,0.0
2021-04-22 00:00:00+08:00,48.218923523901715,48.79091330694464,46.731743978456784,46.90333938598633,256200,0.0,0.0
2021-04-23 00:00:00+08:00,47.36094087310823,47.70413479080279,46.33135606525744,47.132144927978516,150500,0.0,0.0
2021-04-26 00:00:00+08:00,47.81853310090938,48.39052293123108,47.017744283692075,47.704132080078125,127400,0.0,0.0
2021-04-27 00:00:00+08:00,47.76133259049375,48.04732903303806,47.3609381818851,47.704132080078125,100100,0.0,0.0
2021-04-28 00:00:00+08:00,47.76133443577163,47.990130376739934,47.13214407072528,47.475337982177734,112700,0.0,0.0
2021-04-29 00:00:00+08:00,47.47533123378644,47.932926105445155,46.9033384079047,47.53253173828125,126000,0.0,0.0
2021-05-03 00:00:00+08:00,47.5325363765799,47.5325363765799,45.530564345404855,45.644962310791016,246400,0.0,0.0
2021-05-04 00:00:00+08:00,46.33135197160277,46.33135197160277,41.18342227766534,43.928985595703125,363300,0.0,0.0
2021-05-05 00:00:00+08:00,43.98618604450379,45.41616830950005,43.24259771051935,45.07297134399414,178500,0.0,0.0
2021-05-06 00:00:00+08:00,45.072966348069095,45.473360726934594,43.471388832607076,43.75738525390625,96600,0.0,0.0
2021-05-07 00:00:00+08:00,44.15777713456252,45.473358154296875,44.15777713456252,45.473358154296875,67200,0.0,0.0
2021-05-10 00:00:00+08:00,45.70215777179542,45.70215777179542,44.958569501849894,45.41616439819336,101500,0.0,0.0
2021-05-11 00:00:00+08:00,44.90137257811361,44.90137257811361,40.89742837090516,41.41222381591797,352100,0.0,0.0
2021-05-12 00:00:00+08:00,44.95857038813235,45.53056325614587,41.412221326935544,43.58578872680664,874300,0.0,0.0
2021-05-13 00:00:00+08:00,42.32740783691406,44.15778133820004,41.81261548060031,42.32740783691406,381500,0.0,0.0
2021-05-14 00:00:00+08:00,42.89939675665836,44.1577804219098,41.75541410578439,42.270206451416016,247100,0.0,0.0
2021-05-17 00:00:00+08:00,38.26626400046277,40.95462684200438,38.09466552734375,38.09466552734375,446600,0.0,0.0
2021-05-18 00:00:00+08:00,38.3806605016144,41.86981201171875,38.3806605016144,41.86981201171875,318500,0.0,0.0
2021-05-19 00:00:00+08:00,41.526613543959705,42.78499401375965,41.18341664872961,42.55619812011719,142800,0.0,0.0
2021-05-20 00:00:00+08:00,43.8145884787219,43.8145884787219,42.44180679321289,42.44180679321289,60900,0.0,0.0
2021-05-21 00:00:00+08:00,43.29979312765149,43.58578956717247,42.899398723275496,43.24259567260742,71400,0.0,0.0
2021-05-24 00:00:00+08:00,43.24259108766035,44.38657366968263,43.24259108766035,44.329376220703125,129500,0.0,0.0
2021-05-25 00:00:00+08:00,45.244566909885414,45.244566909885414,44.27217964332997,44.38657760620117,105700,0.0,0.0
2021-05-26 00:00:00+08:00,44.38657764808798,45.07296848072974,44.272179685108824,44.78697204589844,45500,0.0,0.0
2021-05-27 00:00:00+08:00,44.90137284470521,44.9585733571908,44.500978421607115,44.672576904296875,56000,0.0,0.0
2021-05-28 00:00:00+08:00,44.9585733571908,45.072971327394974,44.6153794465783,44.672576904296875,63700,0.0,0.0
2021-05-31 00:00:00+08:00,44.67257408291928,45.13016898960274,44.043383759150515,44.78697204589844,61600,0.0,0.0
2021-06-01 00:00:00+08:00,44.78697208741409,45.1873664855957,44.61537667016971,45.1873664855957,102200,0.0,0.0
2021-06-02 00:00:00+08:00,45.53056427745598,45.53056427745598,44.443779025759014,44.844173431396484,81900,0.0,0.0
2021-06-03 00:00:00+08:00,44.615378459217766,45.0729703299077,44.50097743677833,44.55817794799805,56000,0.0,0.0
2021-06-04 00:00:00+08:00,44.61537356772248,44.61537356772248,43.986180232356254,44.04338073730469,55300,0.0,0.0
2021-06-07 00:00:00+08:00,44.15778345596987,44.15778345596987,42.32740986690073,43.35699462890625,49000,0.0,0.0
2021-06-08 00:00:00+08:00,43.92898752102796,43.92898752102796,43.2425966614353,43.35699462890625,29400,0.0,0.0
2021-06-09 00:00:00+08:00,43.4713907641573,43.81458770687214,43.24259483885862,43.58578872680664,70000,0.0,0.0
2021-06-10 00:00:00+08:00,43.2425919279046,43.64298629760742,43.2425919279046,43.64298629760742,36400,0.0,0.0
2021-06-11 00:00:00+08:00,42.32740690434176,43.18539312770562,41.86981201171875,41.86981201171875,347200,0.0,0.0
2021-06-15 00:00:00+08:00,41.297820928920224,41.86981380551271,41.12622550975597,41.240623474121094,121800,0.0,0.0
2021-06-16 00:00:00+08:00,40.72582832727759,41.755412991054364,40.72582832727759,41.355018615722656,84700,0.0,0.0
2021-06-17 00:00:00+08:00,40.95462522772251,41.64101603837672,40.95462522772251,41.469417572021484,29400,0.0,0.0
2021-06-18 00:00:00+08:00,41.755412991054364,41.755412991054364,41.18342015350431,41.355018615722656,53900,0.0,0.0
2021-06-21 00:00:00+08:00,41.355020465606906,41.355020465606906,40.382633209228516,40.382633209228516,74200,0.0,0.0
2021-06-22 00:00:00+08:00,40.55422793202084,41.12622074230656,40.55422793202084,40.783023834228516,61600,0.0,0.0
2021-06-23 00:00:00+08:00,40.84023100744542,41.18342491680952,40.84023100744542,41.069026947021484,14000,0.0,0.0
2021-06-24 00:00:00+08:00,41.069026852576094,41.41222381591797,41.069026852576094,41.41222381591797,25900,0.0,0.0
2021-06-25 00:00:00+08:00,41.240623474121094,41.41222194805221,41.1834229645551,41.240623474121094,38500,0.0,0.0
2021-06-28 00:00:00+08:00,41.24062154242753,41.24062154242753,40.039438390706344,40.66862869262695,65800,0.0,0.0
2021-06-29 00:00:00+08:00,40.95462607236484,40.95462607236484,40.382633209228516,40.382633209228516,53200,0.0,0.0
2021-06-30 00:00:00+08:00,40.43982994238937,41.183418151239174,40.43982994238937,41.126220703125,33600,0.0,0.0
2021-07-01 00:00:00+08:00,40.84022914341518,42.21301082774908,40.21103881091501,42.041412353515625,578900,0.0,0.0
2021-07-02 00:00:00+08:00,42.327410626884614,42.84220301713041,41.41222381591797,41.41222381591797,107100,0.0,0.0
2021-07-05 00:00:00+08:00,41.41222099578497,41.69821437273798,41.29781997928361,41.52661895751953,49000,0.0,0.0
2021-07-06 00:00:00+08:00,41.52662188094063,41.52662188094063,40.954628977233455,41.069026947021484,70700,0.0,0.0
2021-07-07 00:00:00+08:00,41.183418151239174,41.41221710799539,41.126220703125,41.126220703125,63700,0.0,0.0
2021-07-08 00:00:00+08:00,41.469419402851344,41.469419402851344,40.95462703582485,41.240623474121094,35000,0.0,0.0
2021-07-09 00:00:00+08:00,41.86980895186478,41.86980895186478,40.497027429085655,40.783023834228516,56700,0.0,0.0
2021-07-12 00:00:00+08:00,41.126223694077744,41.583815531336064,41.126223694077744,41.469417572021484,70000,0.0,0.0
2021-07-13 00:00:00+08:00,41.46942222952009,41.46942222952009,40.325439453125,40.325439453125,152600,0.0,0.0
2021-07-14 00:00:00+08:00,40.38263039712245,40.72582731301192,40.15383448970719,40.49702835083008,48300,0.0,0.0
2021-07-15 00:00:00+08:00,40.382634237204144,40.89742660522461,40.325436782294574,40.89742660522461,34300,0.0,0.0
2021-07-16 00:00:00+08:00,40.89742664113584,41.41222206437521,40.89742664113584,41.297821044921875,35700,0.0,0.0
2021-07-19 00:00:00+08:00,41.29782194661341,41.927015348276974,41.29782194661341,41.75541687011719,91000,0.0,0.0
2021-07-20 00:00:00+08:00,41.41221710799539,41.526615058990245,40.95462224924947,41.126220703125,65100,0.0,0.0
2021-07-21 00:00:00+08:00,41.18342002277596,41.3550184844496,40.32543382394103,40.554229736328125,56700,0.0,0.0
2021-07-22 00:00:00+08:00,40.725829080498634,40.89742449112397,40.61143112182617,40.61143112182617,69300,0.0,0.0
2021-07-23 00:00:00+08:00,40.89742664113584,41.58381748402145,40.89742664113584,41.297821044921875,74200,0.0,0.0
2021-07-26 00:00:00+08:00,41.58381552237061,42.44180479919506,41.58381552237061,42.213008880615234,146300,0.0,0.0
2021-07-27 00:00:00+08:00,42.89939764683668,43.12819662557253,42.32740783691406,42.32740783691406,140000,0.0,0.0
2021-07-28 00:00:00+08:00,42.32740786384299,42.441805825900296,41.412221112617765,41.58381652832031,59500,0.0,0.0
2021-07-29 00:00:00+08:00,41.98420715332031,42.213006111658835,41.69821074647206,41.98420715332031,37800,0.0,0.0
2021-07-30 00:00:00+08:00,42.09861077166982,42.09861077166982,41.58381839195741,41.75541687011719,51800,0.0,0.0
2021-08-02 00:00:00+08:00,41.81261923964492,42.04141518418321,41.52662278158851,41.92701721191406,60900,0.0,0.0
2021-08-03 00:00:00+08:00,41.927014468955974,41.98421192396503,41.64101802961009,41.69821548461914,60900,0.0,0.0
2021-08-04 00:00:00+08:00,41.86981293420917,42.32740783691406,41.81261548060031,42.32740783691406,114100,0.0,0.0
2021-08-05 00:00:00+08:00,42.441809744252794,43.01380266211419,42.441809744252794,42.785003662109375,326200,0.0,0.0
2021-08-06 00:00:00+08:00,40.17312454241915,40.670625965987014,39.489062991037805,39.73781204223633,483700,4.285714,0.0
2021-08-09 00:00:00+08:00,39.8000046141085,39.8000046141085,36.69062790440551,36.81500244140625,345800,0.0,0.0
2021-08-10 00:00:00+08:00,36.81499731787753,37.063746357260705,35.63343439905146,36.006561279296875,414400,0.0,0.0
2021-08-11 00:00:00+08:00,35.07374694391228,35.07374694391228,32.46187210083008,32.46187210083008,405300,0.0,0.0
2021-08-12 00:00:00+08:00,32.835004785401594,33.145939475013876,32.58625238407209,32.648441314697266,107100,0.0,0.0
2021-08-13 00:00:00+08:00,33.51906672767839,33.51906672767839,32.337503604197735,32.39969253540039,87500,0.0,0.0
2021-08-16 00:00:00+08:00,31.218128994485177,31.777816083140298,29.228126397835528,29.539064407348633,152600,0.0,0.0
2021-08-17 00:00:00+08:00,29.539064407348633,29.539064407348633,29.539064407348633,29.539064407348633,0,0.0,0.0
2021-08-18 00:00:00+08:00,29.47687552035662,32.399688499361226,29.47687552035662,32.150936126708984,413000,0.0,0.0
2021-08-19 00:00:00+08:00,31.09375251771013,31.59125064499901,29.912189483642578,29.912189483642578,166600,0.0,0.0
2021-08-20 00:00:00+08:00,30.969372228866764,30.969372228866764,28.917187633455214,30.09874725341797,62300,0.0,0.0
2021-08-23 00:00:00+08:00,30.160937882261248,30.969373981865765,30.160937882261248,30.720624923706055,32900,0.0,0.0
2021-08-24 00:00:00+08:00,30.969371926832604,31.34249881048351,30.78281180617783,30.84499740600586,31500,0.0,0.0
2021-08-25 00:00:00+08:00,31.28031144710107,31.466874898216528,31.031562393061023,31.404685974121094,32200,0.0,0.0
2021-08-26 00:00:00+08:00,31.715624310518805,31.715624310518805,31.155937272021006,31.529064178466797,28000,0.0,0.0
2021-08-27 00:00:00+08:00,31.591249563973662,31.591249563973662,31.21812598127497,31.280311584472656,21000,0.0,0.0
2021-08-30 00:00:00+08:00,31.71562427146091,31.71562427146091,31.342500686645508,31.342500686645508,46200,0.0,0.0
2021-08-31 00:00:00+08:00,31.591249782093836,32.4618748022395,31.529064178466793,31.529064178466797,121100,0.0,0.0
2021-09-01 00:00:00+08:00,32.02656201244099,32.46187451871173,31.777812957763672,31.777812957763672,100100,0.0,0.0
2021-09-02 00:00:00+08:00,32.08875117744719,32.08875117744719,31.342500686645508,31.342500686645508,45500,0.0,0.0
2021-09-03 00:00:00+08:00,31.529067822977684,31.591253433792893,31.34250434818953,31.46687889099121,28700,0.0,0.0
2021-09-06 00:00:00+08:00,31.65344250407306,31.65344250407306,30.845002990573157,31.155941009521484,26600,0.0,0.0
2021-09-07 00:00:00+08:00,30.84499980581252,30.84499980581252,29.725625710111473,29.974374771118164,47600,0.0,0.0
2021-09-08 00:00:00+08:00,29.663437065394785,29.974375055185376,29.53906253371274,29.72562599182129,42000,0.0,0.0
2021-09-09 00:00:00+08:00,29.476878671705876,29.91219121892269,29.476878671705876,29.85000228881836,9800,0.0,0.0
2021-09-10 00:00:00+08:00,29.84999878828612,30.036562235549507,29.72562426383412,29.787813186645508,11900,0.0,0.0
2021-09-13 00:00:00+08:00,29.787816980546374,30.098751670692923,29.352504428935763,29.601253509521484,37800,0.0,0.0
2021-09-14 00:00:00+08:00,29.539059123578877,29.539059123578877,29.228121169684485,29.35249900817871,46200,0.0,0.0
2021-09-15 00:00:00+08:00,29.47687352550235,29.47687352550235,29.103746652360847,29.35249900817871,32200,0.0,0.0
2021-09-16 00:00:00+08:00,29.228121169684485,29.35249900817871,29.103746652360847,29.35249900817871,18900,0.0,0.0
2021-09-17 00:00:00+08:00,29.352500736262883,29.476875260908887,29.290311813354492,29.290311813354492,21700,0.0,0.0
2021-09-22 00:00:00+08:00,29.103748593474258,29.103748593474258,28.606250490998402,28.854999542236328,25200,0.0,0.0
2021-09-23 00:00:00+08:00,29.22812482559214,29.476877212524414,28.979375759830873,29.476877212524414,20300,0.0,0.0
2021-09-24 00:00:00+08:00,30.160940829673162,32.39969253540039,30.160940829673162,32.39969253540039,282800,0.0,0.0
2021-09-27 00:00:00+08:00,33.20812491883856,33.20812491883856,31.093751317156457,31.404685974121094,353500,0.0,0.0
2021-09-28 00:00:00+08:00,31.342501033108427,31.342501033108427,30.596250534057617,30.596250534057617,63000,0.0,0.0
2021-09-29 00:00:00+08:00,30.720625566448607,30.720625566448607,29.60125146013925,29.72562599182129,58100,0.0,0.0
2021-09-30 00:00:00+08:00,29.85000055714598,30.036564015464798,29.787814951820355,29.912189483642578,16800,0.0,0.0
2021-10-01 00:00:00+08:00,29.91218952628412,30.160938590283166,29.228124618530273,29.228124618530273,69300,0.0,0.0
2021-10-04 00:00:00+08:00,29.04156326732946,29.22812339694601,28.606250762939453,28.606250762939453,49000,0.0,0.0
2021-10-05 00:00:00+08:00,28.60625054179577,28.60625054179577,27.67343661624089,28.357498168945312,19600,0.0,0.0
2021-10-06 00:00:00+08:00,28.544061976405704,28.668436503805932,28.35749852471993,28.481876373291016,14000,0.0,0.0
2021-10-07 00:00:00+08:00,28.357498118589664,29.352500965882992,28.357498118589664,28.854999542236328,58100,0.0,0.0
2021-10-08 00:00:00+08:00,29.165937380023266,29.41468643009407,28.979373931884766,28.979373931884766,28700,0.0,0.0
2021-10-12 00:00:00+08:00,28.855001418911257,29.041564880058843,28.606252351495158,28.668437957763672,21700,0.0,0.0
2021-10-13 00:00:00+08:00,28.60625305959161,28.60625305959161,27.735626320327924,27.860002517700195,37800,0.0,0.0
2021-10-14 00:00:00+08:00,28.357500339520804,28.357500339520804,27.86000219808139,27.92218780517578,17500,0.0,0.0
2021-10-15 00:00:00+08:00,27.984375177365415,28.295313159060825,27.922186252557978,28.04656410217285,35700,0.0,0.0
2021-10-18 00:00:00+08:00,28.481876373291016,28.481876373291016,28.17093839420501,28.481876373291016,40600,0.0,0.0
2021-10-19 00:00:00+08:00,29.663435341022733,31.280310801240272,29.663435341022733,29.787813186645508,824600,0.0,0.0
2021-10-20 00:00:00+08:00,29.35250087212398,29.539060999371102,29.165937423706055,29.165937423706055,79800,0.0,0.0
2021-10-21 00:00:00+08:00,29.352502471700777,29.725626067699345,29.228124618530273,29.228124618530273,50400,0.0,0.0
2021-10-22 00:00:00+08:00,29.041564481116477,29.228124618530273,28.917189949116956,29.228124618530273,4900,0.0,0.0
2021-10-25 00:00:00+08:00,29.228124618530273,29.228124618530273,28.792812095946452,29.228124618530273,30800,0.0,0.0
2021-10-26 00:00:00+08:00,29.228121169684485,29.539059123578877,28.979372135037206,29.35249900817871,48300,0.0,0.0
2021-10-27 00:00:00+08:00,29.414684606255236,29.414684606255236,28.979372135037206,29.35249900817871,32900,0.0,0.0
2021-10-28 00:00:00+08:00,29.601251745405047,29.601251745405047,29.352502679643777,29.476877212524414,15400,0.0,0.0
2021-10-29 00:00:00+08:00,29.601253210743373,30.22312922710201,29.476878671705876,29.85000228881836,56000,0.0,0.0
2021-11-01 00:00:00+08:00,30.098751140365938,30.845001690145683,29.974376602264503,30.6584415435791,82600,0.0,0.0
2021-11-02 00:00:00+08:00,30.47187600441097,31.155937578052995,30.409687079002186,30.596250534057617,33600,0.0,0.0
2021-11-03 00:00:00+08:00,30.596250356933535,30.72062488586017,30.471875828006898,30.534061431884766,45500,0.0,0.0
2021-11-04 00:00:00+08:00,30.534061712729088,30.658439563970614,30.223127048138053,30.28531265258789,29400,0.0,0.0
2021-11-05 00:00:00+08:00,30.409687079002186,30.596250534057617,29.97437456465346,30.596250534057617,38500,0.0,0.0
2021-11-08 00:00:00+08:00,30.534061854888424,30.534061854888424,30.09874933702915,30.160938262939453,14000,0.0,0.0
2021-11-09 00:00:00+08:00,30.223127153295795,30.223127153295795,29.91218916645196,29.974374771118164,14000,0.0,0.0
2021-11-10 00:00:00+08:00,29.78781291927115,30.223125411531182,29.663435074764784,30.036561965942383,56700,0.0,0.0
2021-11-11 00:00:00+08:00,30.409685535949237,30.409685535949237,29.78781291927115,30.036561965942383,32200,0.0,0.0
2021-11-12 00:00:00+08:00,27.48687724675449,28.23312612806035,27.48687724675449,27.860002517700195,432600,0.0,0.0
2021-11-15 00:00:00+08:00,27.9843774040449,27.9843774040449,27.238126852831936,27.362503051757812,140700,0.0,0.0
2021-11-16 00:00:00+08:00,27.486875636929522,27.486875636929522,26.927188593582954,27.17593765258789,67900,0.0,0.0
2021-11-17 00:00:00+08:00,27.611250166431994,27.797813621271153,27.17593765258789,27.17593765258789,79100,0.0,0.0
2021-11-18 00:00:00+08:00,27.4868755663639,27.549062830955485,27.11375031822894,27.23812484741211,72800,0.0,0.0
2021-11-19 00:00:00+08:00,27.860002517700195,28.855002133165044,27.735626320327924,27.860002517700195,215600,0.0,0.0
2021-11-22 00:00:00+08:00,28.108749627456238,28.108749627456238,27.611249854481628,27.673437118530273,60200,0.0,0.0
2021-11-23 00:00:00+08:00,27.797813376905168,27.797813376905168,27.48687539529694,27.611249923706055,55300,0.0,0.0
2021-11-24 00:00:00+08:00,27.673435473290738,27.673435473290738,27.300310250596443,27.424686431884766,53900,0.0,0.0
2021-11-25 00:00:00+08:00,27.48687549611976,27.48687549611976,27.300312042236328,27.300312042236328,53900,0.0,0.0
2021-11-26 00:00:00+08:00,27.362500967254437,27.4246882316871,27.051562984505683,27.300312042236328,70000,0.0,0.0
2021-11-29 00:00:00+08:00,26.98937585833419,27.17593765258789,26.74062513874379,27.17593765258789,25200,0.0,0.0
2021-11-30 00:00:00+08:00,27.362501248888602,27.48687577903408,26.80281254206304,27.051563262939453,74900,0.0,0.0
2021-12-01 00:00:00+08:00,27.05156509582605,27.300314172971063,26.989377826539798,27.113752365112305,29400,0.0,0.0
2021-12-02 00:00:00+08:00,27.4246882316871,27.4246882316871,27.175937513371007,27.300312042236328,13300,0.0,0.0
2021-12-03 00:00:00+08:00,27.673437431183228,27.673437431183228,27.17593765258789,27.17593765258789,17500,0.0,0.0
2021-12-06 00:00:00+08:00,27.11375231449163,27.362503051757812,27.11375231449163,27.362503051757812,18200,0.0,0.0
2021-12-07 00:00:00+08:00,28.233123916693486,30.098748464710933,28.108749389648438,28.108749389648438,473900,0.0,0.0
2021-12-08 00:00:00+08:00,28.108749567320253,28.481876471984737,28.108749567320253,28.17093849182129,32200,0.0,0.0
2021-12-09 00:00:00+08:00,28.17094025321063,28.73062732403095,28.17094025321063,28.29531478881836,79800,0.0,0.0
2021-12-10 00:00:00+08:00,28.544061618290453,28.544061618290453,28.233123643105493,28.357498168945312,14000,0.0,0.0
2021-12-13 00:00:00+08:00,28.1709367289079,28.1709367289079,27.735622587569402,27.79781150817871,53900,0.0,0.0
2021-12-14 00:00:00+08:00,28.046565983465825,28.046565983465825,27.549064515147847,27.860002517700195,28000,0.0,0.0
2021-12-15 00:00:00+08:00,28.10874780829859,28.10874780829859,27.79781150817871,27.79781150817871,24500,0.0,0.0
2021-12-16 00:00:00+08:00,27.922186105034797,28.170938481779405,27.735624313354492,27.735624313354492,35700,0.0,0.0
2021-12-17 00:00:00+08:00,27.735624313354492,27.984375029513664,27.673437049461054,27.735624313354492,18200,0.0,0.0
2021-12-20 00:00:00+08:00,27.735626320327924,27.922188125508,27.48687724675449,27.860002517700195,33600,0.0,0.0
2021-12-21 00:00:00+08:00,27.61125146677615,27.98437673344124,27.61125146677615,27.92218780517578,18200,0.0,0.0
2021-12-22 00:00:00+08:00,27.797815249306836,27.860002517700195,27.735626320327924,27.860002517700195,11200,0.0,0.0
2021-12-23 00:00:00+08:00,27.549064515147847,27.860002517700195,27.549064515147847,27.860002517700195,16100,0.0,0.0
2021-12-24 00:00:00+08:00,27.67343718791061,27.67343718791061,27.549062659501498,27.611249923706055,17500,0.0,0.0
2021-12-27 00:00:00+08:00,27.61124978556762,27.984375029513664,27.549062521674184,27.735624313354492,18200,0.0,0.0
2021-12-28 00:00:00+08:00,27.735624313354492,28.046563953992536,27.61124978556762,27.735624313354492,32900,0.0,0.0
2021-12-29 00:00:00+08:00,27.549062728881836,27.549062728881836,27.424688200159494,27.549062728881836,56700,0.0,0.0
2021-12-30 00:00:00+08:00,27.549062590432982,27.797813307213005,27.549062590432982,27.673437118530273,25200,0.0,0.0
2022-01-03 00:00:00+08:00,27.6734373276131,27.6734373276131,27.486875534057617,27.486875534057617,37100,0.0,0.0
2022-01-04 00:00:00+08:00,27.92218780517578,28.357500339520804,27.79781493040146,27.92218780517578,97300,0.0,0.0
2022-01-05 00:00:00+08:00,28.2331240553114,28.2331240553114,27.984375,27.984375,47600,0.0,0.0
2022-01-06 00:00:00+08:00,27.673437049461054,27.860000501726795,27.673437049461054,27.735624313354492,29400,0.0,0.0
2022-01-07 00:00:00+08:00,27.984375099358942,28.23312415555353,27.549062590432982,27.673437118530273,35700,0.0,0.0
2022-01-10 00:00:00+08:00,27.611251783541206,27.922188125508,27.611251783541206,27.860002517700195,15400,0.0,0.0
2022-01-11 00:00:00+08:00,27.922188474289175,27.922188474289175,27.300314122002085,27.362503051757812,35000,0.0,0.0
2022-01-12 00:00:00+08:00,27.424688269539125,27.549062798576113,27.300312079916687,27.486875534057617,9100,0.0,0.0
2022-01-13 00:00:00+08:00,27.362500866887828,27.611249923706055,27.30031194209783,27.611249923706055,32200,0.0,0.0
2022-01-14 00:00:00+08:00,27.673437118530273,27.984375099358942,27.486875326384332,27.673437118530273,39200,0.0,0.0
2022-01-17 00:00:00+08:00,27.673437118530273,27.797813307213005,27.30031187365296,27.673437118530273,21000,0.0,0.0
2022-01-18 00:00:00+08:00,27.98437673344124,30.036564869806497,27.79781493040146,27.92218780517578,377300,0.0,0.0
2022-01-19 00:00:00+08:00,27.549062521674184,28.233124085087407,27.48687525778075,27.735624313354492,39200,0.0,0.0
2022-01-20 00:00:00+08:00,27.984375029513664,27.984375029513664,27.61124978556762,27.735624313354492,33600,0.0,0.0
2022-01-21 00:00:00+08:00,27.735624452115168,27.860000641109725,27.48687539529694,27.611249923706055,30800,0.0,0.0
2022-01-24 00:00:00+08:00,27.36249926953399,27.36249926953399,25.99437289455975,26.86499786376953,71400,0.0,0.0
2022-01-25 00:00:00+08:00,26.86499991210115,26.86499991210115,26.616250850838302,26.740625381469727,9100,0.0,0.0
2022-01-26 00:00:00+08:00,26.429687570907024,26.554063762954993,26.36750030517578,26.36750030517578,32200,0.0,0.0
2022-02-07 00:00:00+08:00,26.36749811859042,26.9271867849291,26.36749811859042,26.86499786376953,13300,0.0,0.0
2022-02-08 00:00:00+08:00,26.989375997866716,27.3003123232304,26.989375997866716,27.051563262939453,15400,0.0,0.0
2022-02-09 00:00:00+08:00,27.300312182090362,27.300312182090362,26.80281240349503,27.17593765258789,11200,0.0,0.0
2022-02-10 00:00:00+08:00,27.17593765258789,27.17593765258789,26.864999668246263,27.17593765258789,12600,0.0,0.0
2022-02-11 00:00:00+08:00,27.17593600991144,27.17593600991144,26.740623522380236,26.927186965942383,22400,0.0,0.0
2022-02-14 00:00:00+08:00,27.05156148792691,27.113748748919175,26.740623522380236,26.927186965942383,18900,0.0,0.0
2022-02-15 00:00:00+08:00,27.113748748919175,27.113748748919175,26.864998044364764,26.927186965942383,11200,0.0,0.0
2022-02-16 00:00:00+08:00,27.238123087800204,27.238123087800204,26.61624882147265,26.86499786376953,53900,0.0,0.0
2022-02-17 00:00:00+08:00,26.86499991210115,26.86499991210115,26.678438116154016,26.740625381469727,15400,0.0,0.0
2022-02-18 00:00:00+08:00,26.616251134128053,26.616251134128053,26.36750040963216,26.49187660217285,22400,0.0,0.0
2022-02-21 00:00:00+08:00,26.4296875,26.616250957278687,26.4296875,26.4296875,18900,0.0,0.0
2022-02-22 00:00:00+08:00,26.42968782528126,26.42968782528126,25.870000767727852,25.932188034057617,66500,0.0,0.0
2022-02-23 00:00:00+08:00,25.932186193801467,25.932186193801467,25.745624408051366,25.869998931884766,25900,0.0,0.0
2022-02-24 00:00:00+08:00,25.807812444927727,25.807812444927727,24.377500396137922,24.501874923706055,53900,0.0,0.0
2022-02-25 00:00:00+08:00,25.18593995614496,25.18593995614496,24.56406395245082,24.626251220703125,18900,0.0,0.0
2022-03-01 00:00:00+08:00,24.50187642293299,25.06156349182129,24.50187642293299,25.06156349182129,26600,0.0,0.0
2022-03-02 00:00:00+08:00,24.99937425392099,25.248124965258164,24.874999728545102,25.123748779296875,4900,0.0,0.0
2022-03-03 00:00:00+08:00,25.310312227946106,25.310312227946106,24.81281246585716,25.123748779296875,20300,0.0,0.0
2022-03-04 00:00:00+08:00,24.99937445801987,25.185937908192233,24.75062540523727,24.93718719482422,23800,0.0,0.0
2022-03-07 00:00:00+08:00,25.123749323948488,25.123749323948488,24.004375250128074,24.190937042236328,25200,0.0,0.0
2022-03-08 00:00:00+08:00,24.315311521928287,24.315311521928287,23.631248344438838,23.75562286376953,35000,0.0,0.0
2022-03-09 00:00:00+08:00,23.75562286376953,23.817810123434878,23.75562286376953,23.75562286376953,11200,0.0,0.0
2022-03-10 00:00:00+08:00,24.43969006518828,24.43969006518828,23.755626775069647,23.880002975463867,46200,0.0,0.0
2022-03-11 00:00:00+08:00,23.63125031145227,23.755624841135624,23.63125031145227,23.693437576293945,23800,0.0,0.0
2022-03-14 00:00:00+08:00,23.817810123434878,23.817810123434878,23.693435604104184,23.75562286376953,13300,0.0,0.0
2022-03-15 00:00:00+08:00,23.817813873291016,23.817813873291016,23.6934393343789,23.817813873291016,25900,0.0,0.0
2022-03-16 00:00:00+08:00,24.066564611700823,24.066564611700823,23.817813873291016,23.817813873291016,8400,0.0,0.0
2022-03-17 00:00:00+08:00,24.12874984741211,24.12874984741211,23.880000790554245,24.12874984741211,30100,0.0,0.0
2022-03-18 00:00:00+08:00,24.128750057204954,24.128750057204954,23.942188262939453,23.942188262939453,25900,0.0,0.0
2022-03-21 00:00:00+08:00,24.12874991698166,24.12874991698166,23.755624670033605,24.06656265258789,42000,0.0,0.0
2022-03-22 00:00:00+08:00,24.12874998691167,24.19093725148567,23.817812003456222,24.004375457763672,23100,0.0,0.0
2022-03-23 00:00:00+08:00,24.19093718137543,24.253124445769195,23.81781193442737,24.06656265258789,21700,0.0,0.0
2022-03-24 00:00:00+08:00,23.880000790554245,24.190937111626575,23.880000790554245,24.12874984741211,28000,0.0,0.0
2022-03-25 00:00:00+08:00,24.253125063466282,26.49187660217285,24.253125063466282,26.49187660217285,635600,0.0,0.0
2022-03-28 00:00:00+08:00,27.051563809749936,27.051563809749936,25.807813501398083,25.932188034057617,525000,0.0,0.0
2022-03-29 00:00:00+08:00,26.11875185810245,26.61625165626837,25.4968758649559,25.621252059936523,109900,0.0,0.0
2022-03-30 00:00:00+08:00,25.621250085008054,25.74562460981616,25.496873899614556,25.68343734741211,69300,0.0,0.0
2022-03-31 00:00:00+08:00,26.14090264361586,26.14090264361586,24.899209257604245,25.48737907409668,117600,1.428571,0.0
2022-04-01 00:00:00+08:00,25.095265823568546,25.356673842770924,25.095265823568546,25.16061782836914,20300,0.0,0.0
2022-04-06 00:00:00+08:00,25.029912073674495,25.225969833169735,24.899208064073303,25.16061782836914,24500,0.0,0.0
2022-04-07 00:00:00+08:00,25.29132378020551,25.29132378020551,24.89920997619629,24.89920997619629,33600,0.0,0.0
2022-04-08 00:00:00+08:00,25.09527015686035,25.225974189030683,24.899212363511097,25.09527015686035,26600,0.0,0.0
2022-04-11 00:00:00+08:00,24.89920997619629,25.35667579002478,24.833857966377018,24.89920997619629,25900,0.0,0.0
2022-04-12 00:00:00+08:00,24.89921102894896,24.964563041531353,24.703154991201785,24.76850700378418,30800,0.0,0.0
2022-04-13 00:00:00+08:00,24.703154161533103,24.703154161533103,24.180336333339426,24.376392364501953,72100,0.0,0.0
2022-04-14 00:00:00+08:00,24.441744935181724,24.441744935181724,23.85357508311758,24.049631118774414,58800,0.0,0.0
2022-04-15 00:00:00+08:00,23.788222433209793,23.788222433209793,23.265404607053718,23.396108627319336,77000,0.0,0.0
2022-04-18 00:00:00+08:00,23.265405161758324,23.265405161758324,22.938643358209873,23.069347381591797,12600,0.0,0.0
2022-04-19 00:00:00+08:00,22.87329183135631,23.265405654907227,22.87329183135631,23.265405654907227,6300,0.0,0.0
2022-04-20 00:00:00+08:00,23.26540429318036,23.26540429318036,22.938642501831055,22.938642501831055,17500,0.0,0.0
2022-04-21 00:00:00+08:00,23.134699590661583,23.134699590661583,22.481177723082652,22.807939529418945,34300,0.0,0.0
2022-04-22 00:00:00+08:00,22.807939334827946,23.069347381591797,22.742585578043343,23.069347381591797,13300,0.0,0.0
2022-04-25 00:00:00+08:00,23.003994188105132,23.003994188105132,22.481176376342773,22.481176376342773,34300,0.0,0.0
2022-04-26 00:00:00+08:00,22.481178812901945,22.611882843735135,22.219769006141828,22.41582679748535,22400,0.0,0.0
2022-04-27 00:00:00+08:00,22.023711356164412,22.023711356164412,21.17413172742608,21.370187759399414,58800,0.0,0.0
2022-04-28 00:00:00+08:00,21.370188814757626,21.696950629277126,21.239484786987305,21.239484786987305,35000,0.0,0.0
2022-04-29 00:00:00+08:00,21.435542573736484,21.631598615391965,21.239484786987305,21.239484786987305,11900,0.0,0.0
2022-05-03 00:00:00+08:00,21.239484786987305,21.566246601506805,21.174132773102144,21.239484786987305,17500,0.0,0.0
2022-05-04 00:00:00+08:00,21.696948096948343,23.33075523376465,21.696948096948343,23.33075523376465,186200,0.0,0.0
2022-05-05 00:00:00+08:00,22.61188144947853,23.265405053535464,22.350473403930664,22.350473403930664,233800,0.0,0.0
2022-05-06 00:00:00+08:00,21.04342747162543,22.154415130615234,21.04342747162543,22.154415130615234,46900,0.0,0.0
2022-05-09 00:00:00+08:00,22.61188202063615,22.61188202063615,21.69695034792092,22.023712158203125,21000,0.0,0.0
2022-05-10 00:00:00+08:00,21.958358764648438,21.958358764648438,21.696948983838716,21.958358764648438,22400,0.0,0.0
2022-05-11 00:00:00+08:00,21.76230206919951,21.76230206919951,21.435542008391735,21.566246032714844,7700,0.0,0.0
2022-05-12 00:00:00+08:00,21.69695033361081,21.69695033361081,19.997791015376443,20.782018661499023,45500,0.0,0.0
2022-05-13 00:00:00+08:00,21.043425645024573,21.239481657795316,20.65131187438965,20.65131187438965,17500,0.0,0.0
2022-05-16 00:00:00+08:00,21.435542243382095,21.435542243382095,21.043428421020508,21.043428421020508,2800,0.0,0.0
2022-05-17 00:00:00+08:00,20.782019462604747,21.17413330078125,20.65131543157716,21.17413330078125,14000,0.0,0.0
2022-05-18 00:00:00+08:00,21.435542573736484,21.566246601506805,21.239484786987305,21.239484786987305,32900,0.0,0.0
2022-05-19 00:00:00+08:00,21.04342845857111,21.30483651054952,20.782018661499023,20.782018661499023,18900,0.0,0.0
2022-05-20 00:00:00+08:00,21.50089371980477,21.50089371980477,21.108779907226562,21.108779907226562,5600,0.0,0.0
2022-05-23 00:00:00+08:00,21.17413325373464,21.6315991064085,21.17413325373464,21.435543060302734,36400,0.0,0.0
2022-05-24 00:00:00+08:00,21.893006183897974,23.526811599731445,21.893006183897974,23.526811599731445,550200,0.0,0.0
2022-05-25 00:00:00+08:00,23.3307570977918,23.3307570977918,22.08906364440918,22.08906364440918,555800,0.0,0.0
2022-05-26 00:00:00+08:00,22.41582513597898,22.481177146551552,21.566245508348327,21.6315975189209,126700,0.0,0.0
2022-05-27 00:00:00+08:00,21.76230239868164,22.41582602037887,21.76230239868164,21.76230239868164,124600,0.0,0.0
2022-05-30 00:00:00+08:00,21.827653853399397,22.285119678846293,21.827653853399397,22.08906364440918,35000,0.0,0.0
2022-05-31 00:00:00+08:00,22.08906364440918,22.08906364440918,21.958359621451105,22.08906364440918,10500,0.0,0.0
2022-06-01 00:00:00+08:00,22.023712158203125,22.089064171240828,21.893008132127715,22.023712158203125,34300,0.0,0.0
2022-06-02 00:00:00+08:00,22.154416510170886,22.219768524169922,21.95836046817378,22.219768524169922,37800,0.0,0.0
2022-06-06 00:00:00+08:00,22.350473732851302,22.6772337945949,22.285119975408925,22.54652976989746,44800,0.0,0.0
2022-06-07 00:00:00+08:00,22.87329017143793,22.87329017143793,22.481176376342773,22.481176376342773,25900,0.0,0.0
2022-06-08 00:00:00+08:00,22.677232401343577,22.677232401343577,22.219766597914816,22.481176376342773,37100,0.0,0.0
2022-06-09 00:00:00+08:00,22.807939334827946,24.70315465424042,22.807939334827946,23.069347381591797,588700,0.0,0.0
2022-06-10 00:00:00+08:00,23.00399503711611,23.00399503711611,22.54652921680361,22.873291015625,46200,0.0,0.0
2022-06-13 00:00:00+08:00,22.611882843735135,22.611882843735135,22.089064975308634,22.41582679748535,56000,0.0,0.0
2022-06-14 00:00:00+08:00,22.219767963060207,22.54652976989746,22.023711926014048,22.54652976989746,25200,0.0,0.0
2022-06-15 00:00:00+08:00,22.546528384676375,22.611880393009976,22.35047235967557,22.481176376342773,12600,0.0,0.0
2022-06-16 00:00:00+08:00,22.611880212889577,23.918925604430665,22.611880212889577,22.742584228515625,140000,0.0,0.0
2022-06-17 00:00:00+08:00,22.61188053033589,23.265404107827962,22.61188053033589,23.200050354003906,26600,0.0,0.0
2022-06-20 00:00:00+08:00,23.592164908711975,23.592164908711975,22.48117723444735,22.611881256103516,47600,0.0,0.0
2022-06-21 00:00:00+08:00,22.546529245275433,22.873291044509457,22.41582522361927,22.611881256103516,51100,0.0,0.0
2022-06-22 00:00:00+08:00,22.48117799456074,22.873291817880645,21.76230236095863,22.023712158203125,62300,0.0,0.0
2022-06-23 00:00:00+08:00,22.02371163293014,22.677233492814153,21.69694983044132,22.08906364440918,51800,0.0,0.0
2022-06-24 00:00:00+08:00,22.546527875552393,22.546527875552393,21.827652309928638,22.285118103027344,19600,0.0,0.0
2022-06-27 00:00:00+08:00,22.350473403930664,22.481177426704598,22.089063613289163,22.350473403930664,16100,0.0,0.0
2022-06-28 00:00:00+08:00,22.35047185497874,22.35047185497874,21.958358068737915,22.285118103027344,7700,0.0,0.0
2022-06-29 00:00:00+08:00,22.08906364440918,22.285119678846293,22.08906364440918,22.08906364440918,7000,0.0,0.0
2022-06-30 00:00:00+08:00,22.089063676274584,22.089063676274584,21.500893827021127,21.827653884887695,14000,0.0,0.0
2022-07-01 00:00:00+08:00,21.696948887724552,21.696948887724552,20.38990347965308,20.716665267944336,45500,0.0,0.0
2022-07-04 00:00:00+08:00,20.716667447090952,21.239485316295045,20.716667447090952,21.17413330078125,7000,0.0,0.0
2022-07-05 00:00:00+08:00,21.043427398409094,21.043427398409094,20.520609575698014,20.912721633911133,22400,0.0,0.0
2022-07-06 00:00:00+08:00,20.91272185033856,20.91272185033856,20.128495980702716,20.389904022216797,14700,0.0,0.0
2022-07-07 00:00:00+08:00,20.520610809326172,20.520610809326172,20.389905036970635,20.520610809326172,32200,0.0,0.0
2022-07-08 00:00:00+08:00,21.566246094479354,22.54652976989746,21.566246094479354,22.54652976989746,588000,0.0,0.0
2022-07-11 00:00:00+08:00,20.912722891111716,21.500894503977413,20.389905036970635,20.520610809326172,333200,0.0,0.0
2022-07-12 00:00:00+08:00,20.389904022216797,20.455256032595315,19.997790214852074,20.389904022216797,40600,0.0,0.0
2022-07-13 00:00:00+08:00,20.651313259304796,20.716665267944336,20.520609242025714,20.716665267944336,43400,0.0,0.0
2022-07-14 00:00:00+08:00,20.782017276583876,20.782017276583876,20.651313259304796,20.716665267944336,12600,0.0,0.0
2022-07-15 00:00:00+08:00,20.651313595102387,20.912721633911133,20.651313595102387,20.912721633911133,16800,0.0,0.0
2022-07-18 00:00:00+08:00,20.847370637292876,21.043428421020508,20.716666611536905,21.043428421020508,12600,0.0,0.0
2022-07-19 00:00:00+08:00,20.78201862441489,21.043428421020508,20.78201862441489,21.043428421020508,9800,0.0,0.0
2022-07-20 00:00:00+08:00,21.239483929721423,21.239483929721423,21.108779907226562,21.108779907226562,18900,0.0,0.0
2022-07-21 00:00:00+08:00,21.239485316295045,21.50089512344396,21.108781285267458,21.17413330078125,28000,0.0,0.0
2022-07-22 00:00:00+08:00,21.56624583859444,22.21976769942121,21.56624583859444,21.827653884887695,42700,0.0,0.0
2022-07-25 00:00:00+08:00,22.02371166470127,22.154415687847898,21.56624583859444,21.827653884887695,19600,0.0,0.0
2022-07-26 00:00:00+08:00,21.827653023113275,21.827653023113275,21.37018721506758,21.696949005126953,13300,0.0,0.0
2022-07-27 00:00:00+08:00,21.69694952949347,21.69694952949347,21.370187731537,21.6315975189209,16100,0.0,0.0
2022-07-28 00:00:00+08:00,21.30483728447182,21.500895075671323,21.30483728447182,21.435543060302734,11900,0.0,0.0
2022-07-29 00:00:00+08:00,21.435540123769783,21.435540123769783,21.304834365844727,21.304834365844727,29400,0.0,0.0
2022-08-01 00:00:00+08:00,22.154415130615234,23.396108554557763,22.154415130615234,22.154415130615234,536200,0.0,0.0
2022-08-02 00:00:00+08:00,21.95835985077783,21.95835985077783,21.566246032714844,21.566246032714844,60900,0.0,0.0
2022-08-03 00:00:00+08:00,21.43554096915431,21.762301014120112,21.43554096915431,21.696949005126953,7700,0.0,0.0
2022-08-04 00:00:00+08:00,21.566245536466358,21.566245536466358,21.17413172742608,21.370187759399414,31500,0.0,0.0
2022-08-05 00:00:00+08:00,21.174130854252578,21.566244647122964,21.174130854252578,21.500892639160156,10500,0.0,0.0
2022-08-08 00:00:00+08:00,21.696950057037956,21.696950057037956,21.30483623897497,21.566246032714844,10500,0.0,0.0
2022-08-09 00:00:00+08:00,21.37018929984041,21.435543060302734,21.23948526910323,21.435543060302734,16800,0.0,0.0
2022-08-10 00:00:00+08:00,21.827653550638615,21.827653550638615,21.500893497775756,21.6315975189209,26600,0.0,0.0
2022-08-11 00:00:00+08:00,21.6315975189209,21.6315975189209,21.435541487203185,21.6315975189209,16100,0.0,0.0
2022-08-12 00:00:00+08:00,21.958358764648438,21.958358764648438,21.762300992767756,21.958358764648438,20300,0.0,0.0
2022-08-15 00:00:00+08:00,22.938641997048233,23.461459804645962,22.415824189450504,22.742584228515625,134400,0.0,0.0
2022-08-16 00:00:00+08:00,22.61188144947853,22.61188144947853,21.95835959051523,22.350473403930664,79800,0.0,0.0
2022-08-17 00:00:00+08:00,22.61188144947853,22.61188144947853,22.089063613289163,22.350473403930664,8400,0.0,0.0
2022-08-18 00:00:00+08:00,22.08906449617185,22.61188235325784,22.08906449617185,22.219768524169922,28700,0.0,0.0
2022-08-19 00:00:00+08:00,22.285118103027344,22.546527875552393,22.285118103027344,22.285118103027344,9100,0.0,0.0
2022-08-22 00:00:00+08:00,21.958358764648438,22.41582457224528,21.893006755719398,21.958358764648438,7000,0.0,0.0
2022-08-23 00:00:00+08:00,21.893007090896972,22.154415130615234,21.827653335873812,22.154415130615234,14700,0.0,0.0
2022-08-24 00:00:00+08:00,21.958360944475444,22.41582679748535,21.958360944475444,22.41582679748535,9100,0.0,0.0
2022-08-25 00:00:00+08:00,22.285120538168957,22.48117832525977,22.08906449617185,22.219768524169922,12600,0.0,0.0
2022-08-26 00:00:00+08:00,22.219769006141828,22.481178812901945,22.02371295989204,22.41582679748535,21000,0.0,0.0
2022-08-29 00:00:00+08:00,22.350472905497526,22.350472905497526,21.958359100826538,22.154415130615234,5600,0.0,0.0
2022-08-30 00:00:00+08:00,22.023712482172815,22.285120538168957,22.023712482172815,22.219768524169922,13300,0.0,0.0
2022-08-31 00:00:00+08:00,22.15441565588822,22.219767667367254,22.02371163293014,22.08906364440918,9800,0.0,0.0
2022-09-01 00:00:00+08:00,22.089063676274584,22.089063676274584,21.827653884887695,21.827653884887695,14700,0.0,0.0
2022-09-02 00:00:00+08:00,21.82765441183263,21.95836018322828,21.696950385530656,21.76230239868164,9800,0.0,0.0
2022-09-05 00:00:00+08:00,21.762303137145675,21.827655152514264,21.435543060302734,21.435543060302734,12600,0.0,0.0
2022-09-06 00:00:00+08:00,21.435543107930165,21.827655201012927,21.17413330078125,21.17413330078125,54600,0.0,0.0
2022-09-07 00:00:00+08:00,22.219767388137743,23.26540479394302,21.370187759399414,21.370187759399414,1326500,0.0,0.0
2022-09-08 00:00:00+08:00,21.435541515150803,21.50089352580858,21.043427706110524,21.370187759399414,65100,0.0,0.0
2022-09-12 00:00:00+08:00,21.95835792018951,22.21976594585262,21.17413035301317,21.304834365844727,106400,0.0,0.0
2022-09-13 00:00:00+08:00,21.435541515150803,21.435541515150803,21.17413172742608,21.370187759399414,44100,0.0,0.0
2022-09-14 00:00:00+08:00,20.978076731446663,21.500894587621644,20.978076731446663,21.239484786987305,37800,0.0,0.0
2022-09-15 00:00:00+08:00,21.23948526910323,21.435543060302734,21.23948526910323,21.435543060302734,7000,0.0,0.0
2022-09-16 00:00:00+08:00,21.435543060302734,21.435543060302734,21.435543060302734,21.435543060302734,0,0.0,0.0
2022-09-19 00:00:00+08:00,21.435540123769783,21.435540123769783,21.17413035301317,21.304834365844727,6300,0.0,0.0
2022-09-20 00:00:00+08:00,21.37018929984041,21.435543060302734,21.30483728447182,21.435543060302734,7000,0.0,0.0
2022-09-21 00:00:00+08:00,21.239482862215386,21.500892639160156,21.10877884628977,21.500892639160156,7000,0.0,0.0
2022-09-22 00:00:00+08:00,21.566247091039912,21.6315991064085,21.17413325373464,21.435543060302734,11200,0.0,0.0
2022-09-23 00:00:00+08:00,21.174131918473993,21.174131918473993,20.978075884731705,21.108779907226562,25900,0.0,0.0
2022-09-26 00:00:00+08:00,20.912720605950437,21.04342636402358,19.932437018416113,20.063142776489258,35000,0.0,0.0
2022-09-27 00:00:00+08:00,19.932436847982476,20.45525464052416,19.801732836120426,20.32455062866211,7700,0.0,0.0
2022-09-28 00:00:00+08:00,20.3899044784692,20.455256490310063,19.017506994530173,19.344268798828125,37100,0.0,0.0
2022-09-29 00:00:00+08:00,19.34426773616342,19.932437555514095,19.213563719661835,19.73638153076172,16800,0.0,0.0
2022-09-30 00:00:00+08:00,19.80173353901251,19.80173353901251,19.73638153076172,19.73638153076172,4900,0.0,0.0
2022-10-03 00:00:00+08:00,19.27891574630086,19.474971771240234,19.213563737987734,19.474971771240234,12600,0.0,0.0
2022-10-04 00:00:00+08:00,19.344267754613984,19.540323779553358,19.213563737987734,19.474971771240234,14000,0.0,0.0
2022-10-05 00:00:00+08:00,19.47497468442667,19.932440556142648,19.40962266633779,19.605680465698242,14000,0.0,0.0
2022-10-06 00:00:00+08:00,20.45525625543013,20.45525625543013,19.47497259888614,19.86708641052246,14000,0.0,0.0
2022-10-07 00:00:00+08:00,19.540324305176288,19.540324305176288,19.40962028503418,19.40962028503418,8400,0.0,0.0
2022-10-11 00:00:00+08:00,19.73638121520392,19.73638121520392,18.69074560972244,19.017505645751953,13300,0.0,0.0
2022-10-12 00:00:00+08:00,18.429335498630167,18.886801285795407,18.429335498630167,18.821449279785156,4200,0.0,0.0
2022-10-13 00:00:00+08:00,18.821452021803864,18.821452021803864,17.841168298649688,17.971872329711914,16100,0.0,0.0
2022-10-14 00:00:00+08:00,18.952153492593002,18.952153492593002,17.71046012996274,18.037221908569336,49700,0.0,0.0
2022-10-17 00:00:00+08:00,17.44905262816598,17.77581441660431,17.383700619497027,17.710460662841797,5600,0.0,0.0
2022-10-18 00:00:00+08:00,17.971871510843883,17.971871510843883,17.12229185746207,17.579757690429688,28700,0.0,0.0
2022-10-19 00:00:00+08:00,17.25299485706556,17.710460662841797,17.25299485706556,17.710460662841797,2100,0.0,0.0
2022-10-20 00:00:00+08:00,17.252994537353516,17.252994537353516,17.252994537353516,17.252994537353516,700,0.0,0.0
2022-10-21 00:00:00+08:00,17.514405878159064,17.514405878159064,17.122292053260924,17.318349838256836,4200,0.0,0.0
2022-10-24 00:00:00+08:00,17.645109176635742,18.102574995957315,17.383701134219763,17.645109176635742,4200,0.0,0.0
2022-10-25 00:00:00+08:00,17.383700479121583,17.383700479121583,16.991586685180664,16.991586685180664,10500,0.0,0.0
2022-10-26 00:00:00+08:00,16.99158831294766,16.99158831294766,16.40341843823732,16.534122467041016,37800,0.0,0.0
2022-10-27 00:00:00+08:00,16.99158831294766,17.579758187657998,16.534122467041016,16.534122467041016,87500,0.0,0.0
2022-10-28 00:00:00+08:00,16.468768953270747,16.468768953270747,15.227075557402175,15.488485336303711,83300,0.0,0.0
2022-10-31 00:00:00+08:00,15.619190642099994,15.749894669789654,15.488486614410334,15.684542655944824,29400,0.0,0.0
2022-11-01 00:00:00+08:00,15.684542034471205,15.880598068237305,15.684542034471205,15.880598068237305,14000,0.0,0.0
2022-11-02 00:00:00+08:00,16.142007283747567,17.12229090787029,16.076655274818528,16.468769073486328,143500,0.0,0.0
2022-11-03 00:00:00+08:00,16.338064722094792,16.6648265400648,16.27271270751953,16.27271270751953,25200,0.0,0.0
2022-11-04 00:00:00+08:00,16.27271163280462,16.664825439453125,16.207359622545468,16.664825439453125,20300,0.0,0.0
2022-11-07 00:00:00+08:00,16.664825739789226,17.122291564941406,16.664825739789226,17.122291564941406,16100,0.0,0.0
2022-11-08 00:00:00+08:00,17.252995587815274,17.318349344345844,16.991587542067535,17.122291564941406,13300,0.0,0.0
2022-11-09 00:00:00+08:00,17.122291564941406,17.122291564941406,17.122291564941406,17.122291564941406,2100,0.0,0.0
2022-11-10 00:00:00+08:00,17.122290701463122,17.122290701463122,16.795528915663432,16.991586685180664,7000,0.0,0.0
2022-11-11 00:00:00+08:00,17.31834909654698,18.560040786269322,17.252995340951525,17.906518936157227,113400,0.0,0.0
2022-11-14 00:00:00+08:00,18.69074740135511,19.671031093597414,18.298633575439453,18.298633575439453,905100,0.0,0.0
2022-11-15 00:00:00+08:00,18.298632744261926,18.298632744261926,17.645109149056225,17.906518936157227,49700,0.0,0.0
2022-11-16 00:00:00+08:00,17.906519992459017,18.102576035529868,17.64511018993751,17.775815963745117,32900,0.0,0.0
2022-11-17 00:00:00+08:00,17.775816283118576,18.037224345243025,17.775816283118576,17.971872329711914,17500,0.0,0.0
2022-11-18 00:00:00+08:00,17.9718707588731,18.167926788330078,17.841166739235113,18.167926788330078,20300,0.0,0.0
2022-11-21 00:00:00+08:00,18.429336207456192,18.429336207456192,18.167926428267403,18.233280181884766,8400,0.0,0.0
2022-11-22 00:00:00+08:00,18.167926428267403,18.363984198932382,18.102574419743593,18.233280181884766,25200,0.0,0.0
2022-11-23 00:00:00+08:00,18.298633575439453,18.298633575439453,18.298633575439453,18.298633575439453,8400,0.0,0.0
2022-11-24 00:00:00+08:00,18.29863201041469,18.494688034057617,18.233280002533714,18.494688034057617,21700,0.0,0.0
2022-11-25 00:00:00+08:00,18.560040041938592,18.560040041938592,18.29863201041469,18.494688034057617,23800,0.0,0.0
2022-11-28 00:00:00+08:00,18.8214508878968,18.8214508878968,18.16792728177002,18.363985061645508,18200,0.0,0.0
2022-11-29 00:00:00+08:00,18.29863201041469,18.494688034057617,18.29863201041469,18.494688034057617,7700,0.0,0.0
2022-11-30 00:00:00+08:00,18.49468853334377,18.690746307373047,18.49468853334377,18.690746307373047,6300,0.0,0.0
2022-12-01 00:00:00+08:00,18.690747957989515,19.867087725675706,18.690747957989515,19.213565826416016,85400,0.0,0.0
2022-12-02 00:00:00+08:00,19.540322915003124,20.128494453985034,18.821449110271356,19.082857131958008,94500,0.0,0.0
2022-12-05 00:00:00+08:00,19.082860050489085,19.344269857249206,18.952156019655895,19.213565826416016,16100,0.0,0.0
2022-12-06 00:00:00+08:00,19.14821381099942,19.27891784183261,18.821451988822705,19.213565826416016,11200,0.0,0.0
2022-12-07 00:00:00+08:00,18.952154684151267,19.21356447249058,18.756098651716997,18.886802673339844,18200,0.0,0.0
2022-12-08 00:00:00+08:00,18.82145203573556,18.95215606689453,18.82145203573556,18.95215606689453,12600,0.0,0.0
2022-12-09 00:00:00+08:00,19.278915419669083,19.278915419669083,18.821449624134246,19.017505645751953,6300,0.0,0.0
2022-12-12 00:00:00+08:00,18.429337883498036,18.821451715394932,18.298633854563644,18.756099700927734,13300,0.0,0.0
2022-12-13 00:00:00+08:00,18.756098317018278,18.756098317018278,18.429336523698538,18.690746307373047,23800,0.0,0.0
2022-12-14 00:00:00+08:00,19.344269328688473,20.520610809326172,19.344269328688473,20.520610809326172,301000,0.0,0.0
2022-12-15 00:00:00+08:00,21.762302131525512,22.54652976989746,21.696950119176794,22.54652976989746,558600,0.0,0.0
2022-12-16 00:00:00+08:00,23.200052224342866,23.265405983435603,21.696950667083932,22.219768524169922,897400,0.0,0.0
2022-12-19 00:00:00+08:00,22.219767063235626,22.219767063235626,20.520609575698014,20.912721633911133,267400,0.0,0.0
2022-12-20 00:00:00+08:00,21.56624397663204,21.56624397663204,20.19384661680006,20.32455062866211,182700,0.0,0.0
2022-12-21 00:00:00+08:00,21.304835986458297,22.350473403930664,21.304835986458297,22.350473403930664,199500,0.0,0.0
2022-12-22 00:00:00+08:00,23.853574697117917,23.984278718774082,21.8276536359793,22.611881256103516,595000,0.0,0.0
2022-12-23 00:00:00+08:00,22.742585504293192,22.742585504293192,21.958359621451105,22.08906364440918,46900,0.0,0.0
2022-12-26 00:00:00+08:00,22.350473435418966,22.350473435418966,21.500893796004206,22.08906364440918,88200,0.0,0.0
2022-12-27 00:00:00+08:00,22.481177117940597,22.742585159898198,21.56624548090177,21.893007278442383,46200,0.0,0.0
2022-12-28 00:00:00+08:00,21.631598044876398,22.023711862939383,21.50089402055329,21.566246032714844,16100,0.0,0.0
2022-12-29 00:00:00+08:00,21.304836800872465,21.500894587621644,20.978076731446663,21.239484786987305,39900,0.0,0.0
2022-12-30 00:00:00+08:00,21.50089402055329,21.89300783861627,21.108780202490305,21.566246032714844,46900,0.0,0.0
2023-01-03 00:00:00+08:00,21.56624548090177,23.06934695743881,21.56624548090177,21.893007278442383,115500,0.0,0.0
2023-01-04 00:00:00+08:00,22.742585645781258,24.049631118774414,22.742585645781258,24.049631118774414,437500,0.0,0.0
2023-01-05 00:00:00+08:00,24.049629811629853,26.402310837107247,22.481176376342773,22.481176376342773,2350600,0.0,0.0
2023-01-06 00:00:00+08:00,22.415825446898,23.069347306782014,21.958359621451105,22.08906364440918,520800,0.0,0.0
2023-01-09 00:00:00+08:00,22.481177490808104,23.00399532848825,21.76230187331438,21.827653884887695,207900,0.0,0.0
2023-01-10 00:00:00+08:00,22.0237106548822,22.0237106548822,20.97807502746582,20.97807502746582,172900,0.0,0.0
2023-01-11 00:00:00+08:00,21.30483608556125,23.069347381591797,21.239484073870283,23.069347381591797,391300,0.0,0.0
2023-01-12 00:00:00+08:00,23.069346406629244,23.526812214226084,21.958358764648438,21.958358764648438,623000,0.0,0.0
2023-01-13 00:00:00+08:00,21.8930067772,22.807938393291384,21.56624498714063,21.696949005126953,326200,0.0,0.0
2023-01-16 00:00:00+08:00,21.893007334848857,21.958359345506636,21.370187759399414,21.370187759399414,72100,0.0,0.0
2023-01-17 00:00:00+08:00,21.762301540066044,21.762301540066044,21.435541487203185,21.6315975189209,45500,0.0,0.0
2023-01-30 00:00:00+08:00,22.089063676274584,22.089063676274584,21.631597850167754,21.827653884887695,35700,0.0,0.0
2023-01-31 00:00:00+08:00,21.827653001696795,22.6118805990324,21.696948983838716,21.958358764648438,139300,0.0,0.0
2023-02-01 00:00:00+08:00,22.41582598152303,22.41582598152303,22.023712158203125,22.023712158203125,64400,0.0,0.0
2023-02-02 00:00:00+08:00,22.2197671405448,22.546528935286222,21.958359100826538,22.154415130615234,81200,0.0,0.0
2023-02-03 00:00:00+08:00,22.285120210353945,22.285120210353945,22.023712158203125,22.023712158203125,21000,0.0,0.0
2023-02-06 00:00:00+08:00,22.154414791435556,22.154414791435556,21.893006755719398,21.958358764648438,37800,0.0,0.0
2023-02-07 00:00:00+08:00,22.481178605219593,23.461462317600084,22.481178605219593,22.677234649658203,546000,0.0,0.0
2023-02-08 00:00:00+08:00,22.87329017143793,23.003994188105132,22.481176376342773,22.481176376342773,88900,0.0,0.0
2023-02-09 00:00:00+08:00,22.415823861836625,22.415823861836625,22.089062082453687,22.285118103027344,39200,0.0,0.0
2023-02-10 00:00:00+08:00,22.08906312068567,22.154415130615234,21.893007090896972,22.154415130615234,51800,0.0,0.0
2023-02-13 00:00:00+08:00,21.958358764648438,22.089062782506517,21.631596974909677,21.958358764648438,30800,0.0,0.0
2023-02-14 00:00:00+08:00,21.827653522859375,21.893007278442383,21.56624548090177,21.893007278442383,76300,0.0,0.0
2023-02-15 00:00:00+08:00,22.023712196379268,22.023712196379268,21.696950385530656,21.76230239868164,16100,0.0,0.0
2023-02-16 00:00:00+08:00,22.48117799456074,22.677234033673855,22.023712158203125,22.023712158203125,192500,0.0,0.0
2023-02-17 00:00:00+08:00,21.827655168548517,22.807940635078662,21.827655168548517,22.41582679748535,65100,0.0,0.0
2023-02-20 00:00:00+08:00,22.873291240120032,22.873291240120032,21.893007579128263,22.350473403930664,100100,0.0,0.0
2023-02-21 00:00:00+08:00,22.611882843735135,22.611882843735135,22.28512102155842,22.41582679748535,16800,0.0,0.0
2023-02-22 00:00:00+08:00,22.611880393009976,22.611880393009976,21.95835856458041,22.481176376342773,39900,0.0,0.0
2023-02-23 00:00:00+08:00,22.61188235325784,22.61188235325784,22.219768524169922,22.219768524169922,38500,0.0,0.0
2023-02-24 00:00:00+08:00,22.41582631126073,22.546530339258805,22.219768524169922,22.219768524169922,18200,0.0,0.0
2023-03-01 00:00:00+08:00,22.415823861836625,22.415823861836625,22.219766096169458,22.285118103027344,20300,0.0,0.0
2023-03-02 00:00:00+08:00,22.481177757548743,22.6772337945949,22.350473732851302,22.54652976989746,34300,0.0,0.0
2023-03-03 00:00:00+08:00,22.677232401343577,22.80793816310433,22.481176376342773,22.481176376342773,67900,0.0,0.0
2023-03-06 00:00:00+08:00,22.54652976989746,22.611881782246183,22.350473732851302,22.54652976989746,18200,0.0,0.0
2023-03-07 00:00:00+08:00,22.742585472252465,22.742585472252465,22.285119647450063,22.350473403930664,48300,0.0,0.0
2023-03-08 00:00:00+08:00,22.350474782068755,22.481178812901945,22.350474782068755,22.41582679748535,20300,0.0,0.0
2023-03-09 00:00:00+08:00,22.481178812901945,22.54653082831854,22.219769006141828,22.41582679748535,29400,0.0,0.0
2023-03-10 00:00:00+08:00,22.677233089088404,24.637802124023438,22.677233089088404,24.637802124023438,1315300,0.0,0.0
2023-03-13 00:00:00+08:00,24.637801834216194,25.48737970341884,23.78822221991997,23.918926239013672,678300,0.0,0.0
2023-03-14 00:00:00+08:00,24.18033626638341,24.18033626638341,23.069346857591302,23.13469886779785,197400,0.0,0.0
2023-03-15 00:00:00+08:00,23.13469886779785,23.526812674130735,22.938642837178207,23.13469886779785,96600,0.0,0.0
2023-03-16 00:00:00+08:00,23.134700712161635,23.265406488088566,22.350474782068755,22.41582679748535,85400,0.0,0.0
2023-03-17 00:00:00+08:00,22.742584228515625,23.00399400486126,22.677232220702603,22.742584228515625,38500,0.0,0.0
2023-03-20 00:00:00+08:00,23.265405360252295,23.39610938474935,22.677233759828237,22.807939529418945,55300,0.0,0.0
2023-03-21 00:00:00+08:00,23.20005153776207,25.02991485595703,23.20005153776207,25.02991485595703,531300,0.0,0.0
2023-03-22 00:00:00+08:00,24.76850541804155,25.61808501740772,24.311039614159267,25.225971221923828,763700,0.0,0.0
2023-03-23 00:00:00+08:00,25.68343883212465,27.70935821533203,25.356677022057962,27.70935821533203,1425200,0.0,0.0
2023-03-24 00:00:00+08:00,28.232173444762566,28.62428723144022,25.879492469790144,26.794424057006836,1277500,0.0,0.0
2023-03-27 00:00:00+08:00,26.794426252066806,29.34316345662961,26.140904384128397,28.754995346069336,1173200,0.0,0.0
2023-03-28 00:00:00+08:00,28.885697887530114,29.408515704055997,26.79442487633302,27.447948455810547,527100,0.0,0.0
2023-03-29 00:00:00+08:00,27.447949284585324,29.408516592028956,27.447949284585324,27.840063095092773,652400,0.0,0.0
2023-03-30 00:00:00+08:00,28.362880289084206,30.258093797879198,27.840062468538417,29.40851593017578,711200,0.0,0.0
2023-03-31 00:00:00+08:00,30.352826577148175,30.352826577148175,28.93636131286621,28.93636131286621,515900,1.0,0.0
2023-04-06 00:00:00+08:00,29.206165475316865,29.206165475316865,28.32930575419251,28.46420669555664,295400,0.0,0.0
2023-04-07 00:00:00+08:00,29.003811825540712,29.003811825540712,28.05950164794922,28.05950164794922,129500,0.0,0.0
2023-04-10 00:00:00+08:00,28.329305307890063,30.824981689453125,27.924600689044674,30.824981689453125,854700,0.0,0.0
2023-04-11 00:00:00+08:00,31.904194575583205,33.05085802611383,31.63439268213752,31.701841354370117,931000,0.0,0.0
2023-04-12 00:00:00+08:00,31.499489653920165,31.499489653920165,29.40851611224408,30.420278549194336,600600,0.0,0.0
2023-04-13 00:00:00+08:00,30.42027887173646,32.64614977256429,30.42027887173646,30.824981689453125,468300,0.0,0.0
2023-04-14 00:00:00+08:00,31.22968450716979,31.634390927143905,30.487727540227176,30.824981689453125,186900,0.0,0.0
2023-04-17 00:00:00+08:00,30.892435176057187,31.499491227653255,30.892435176057187,31.02733612060547,206500,0.0,0.0
2023-04-18 00:00:00+08:00,31.97164535522461,34.13006760638735,31.701839872136155,31.97164535522461,2559900,0.0,0.0
2023-04-19 00:00:00+08:00,31.904192436518038,32.511248457198654,30.892433602802814,31.432037353515625,344400,0.0,0.0
2023-04-20 00:00:00+08:00,31.432037648500067,31.432037648500067,29.408516359821807,29.813220977783203,291900,0.0,0.0
2023-04-21 00:00:00+08:00,29.813220339799443,29.813220339799443,28.19440190259553,28.26185417175293,224700,0.0,0.0
2023-04-24 00:00:00+08:00,28.936361791459852,29.678320571220073,27.58734697443229,28.46420669555664,252700,0.0,0.0
2023-04-25 00:00:00+08:00,28.86891148905798,29.138713373358943,26.980291094436158,27.722248077392578,360500,0.0,0.0
2023-04-26 00:00:00+08:00,27.65479635723712,28.329304639781647,27.51989542117969,28.26185417175293,105000,0.0,0.0
2023-04-27 00:00:00+08:00,29.00381145719089,30.15047483034858,28.66655731201172,28.66655731201172,577500,0.0,0.0
2023-04-28 00:00:00+08:00,29.13871278569959,30.015572494251057,29.071262315984665,29.948122024536133,205800,0.0,0.0
2023-05-02 00:00:00+08:00,29.948122653212092,30.892434652430367,29.948122653212092,30.622629165649414,158900,0.0,0.0
2023-05-03 00:00:00+08:00,30.622629445174795,30.75753038866789,29.543418294972465,29.880672454833984,98700,0.0,0.0
2023-05-04 00:00:00+08:00,30.217926923785097,30.62262975840396,30.015573705346863,30.285375595092773,93100,0.0,0.0
2023-05-05 00:00:00+08:00,33.253211975097656,33.253211975097656,33.253211975097656,33.253211975097656,501900,0.0,0.0
2023-05-08 00:00:00+08:00,36.55829620361328,36.55829620361328,36.55829620361328,36.55829620361328,275100,0.0,0.0
2023-05-09 00:00:00+08:00,40.20063018798828,40.20063018798828,40.20063018798828,40.20063018798828,501200,0.0,0.0
2023-05-10 00:00:00+08:00,41.54965010933254,44.180227577297835,40.53788760505331,43.438270568847656,6441400,0.0,0.0
2023-05-11 00:00:00+08:00,43.03356060608602,45.93394333262895,41.886900851075545,41.954349517822266,7021700,0.0,0.0
2023-05-12 00:00:00+08:00,42.493959254058936,46.13629913330078,42.493959254058936,46.13629913330078,1287300,0.0,0.0
2023-05-15 00:00:00+08:00,47.21550952026182,49.643733665728135,47.21550952026182,47.35041046142578,1339100,0.0,0.0
2023-05-16 00:00:00+08:00,47.89001907558838,48.699424743652344,46.54100242429992,48.699424743652344,952700,0.0,0.0
2023-05-17 00:00:00+08:00,46.675900598712076,48.42961997994737,46.406098725370455,47.75511169433594,513100,0.0,0.0
2023-05-18 00:00:00+08:00,48.56451975929615,50.453140032195286,48.2272656245274,50.1833381652832,468300,0.0,0.0
2023-05-19 00:00:00+08:00,51.3300062201223,51.397454891920006,48.63197649628862,50.11589050292969,292600,0.0,0.0
2023-05-22 00:00:00+08:00,50.18333947547199,51.86960659108356,50.18333947547199,51.532352447509766,280700,0.0,0.0
2023-05-23 00:00:00+08:00,51.80216029513983,51.80216029513983,49.57628572746189,49.91353988647461,301700,0.0,0.0
2023-05-24 00:00:00+08:00,49.441384784308305,50.1158895000762,49.30648384115473,49.91353988647461,175700,0.0,0.0
2023-05-25 00:00:00+08:00,49.64373478177503,50.183342160819365,48.69942457014064,49.30648422241211,244300,0.0,0.0
2023-05-26 00:00:00+08:00,48.699424743652344,48.699424743652344,47.89001907558838,48.699424743652344,263900,0.0,0.0
2023-05-29 00:00:00+08:00,48.69942317038198,53.42097409284326,47.890017528466466,52.611568450927734,618800,0.0,0.0
2023-05-30 00:00:00+08:00,53.286073152524004,53.286073152524004,52.34176296803175,52.611568450927734,450100,0.0,0.0
2023-05-31 00:00:00+08:00,52.61156949345183,54.16293574125055,52.61156949345183,53.69078063964844,221900,0.0,0.0
2023-06-01 00:00:00+08:00,53.48842383272205,56.65860838809256,52.94881649472518,55.714298248291016,428400,0.0,0.0
2023-06-02 00:00:00+08:00,57.4005680424199,58.34487822691215,51.53235372385875,52.611568450927734,3038000,0.0,0.0
2023-06-05 00:00:00+08:00,51.93705972505529,53.825680078693665,51.93705972505529,52.34176254272461,767900,0.0,0.0
2023-06-06 00:00:00+08:00,52.341766178214264,52.74647262625063,47.1480598449707,47.1480598449707,1120700,0.0,0.0
2023-06-07 00:00:00+08:00,47.14805698069474,48.227268106132755,45.73159170313407,46.2037467956543,1327900,0.0,0.0
2023-06-08 00:00:00+08:00,46.40609955950607,50.18334026321304,45.86649220086616,48.56452178955078,1463700,0.0,0.0
2023-06-09 00:00:00+08:00,47.95746893638221,49.980990361250704,47.62021476519451,48.90177917480469,884800,0.0,0.0
2023-06-12 00:00:00+08:00,48.969227328887996,49.37393013890043,44.112775597451915,47.75511169433594,1868300,0.0,0.0
2023-06-13 00:00:00+08:00,48.766874203495725,49.50883115754232,46.40609880220439,48.63197326660156,699300,0.0,0.0
2023-06-14 00:00:00+08:00,49.23902994722073,49.913538243037536,46.13629755007531,46.54100036621094,937300,0.0,0.0
2023-06-15 00:00:00+08:00,47.35040971863112,51.19510269165039,46.675901421134945,51.19510269165039,2088800,0.0,0.0
2023-06-16 00:00:00+08:00,54.02803372766612,56.186455977289135,51.66725826643548,52.611568450927734,5987800,0.0,0.0
2023-06-19 00:00:00+08:00,52.13941389082008,53.286073696365364,50.453143113975514,51.39745330810547,1474900,0.0,0.0
2023-06-20 00:00:00+08:00,52.34176434719409,53.82568193432085,50.85785036232492,52.20686340332031,1337700,0.0,0.0
2023-06-21 00:00:00+08:00,53.69077775986239,57.40056610107422,53.28607135033474,57.40056610107422,1660400,0.0,0.0
2023-06-26 00:00:00+08:00,59.76134615107736,63.133880615234375,59.76134615107736,63.133880615234375,2546600,0.0,0.0
2023-06-27 00:00:00+08:00,68.93464142811574,69.33934783935547,66.57386603674192,69.33934783935547,6682900,0.0,0.0
2023-06-28 00:00:00+08:00,66.50642515204915,71.362873837151,64.34800271372436,66.70877838134766,11896500,0.0,0.0
2023-06-29 00:00:00+08:00,67.72053209396425,72.30717852066041,66.7762218998343,68.52993774414062,5756100,0.0,0.0
2023-06-30 00:00:00+08:00,69.33935423456838,72.30718231201172,67.45073374728064,72.30718231201172,4305700,0.0,0.0
2023-07-03 00:00:00+08:00,75.54481451676833,78.78245148306267,72.98168585216156,73.2514877319336,6939800,0.0,0.0
2023-07-04 00:00:00+08:00,74.19579866846557,75.14010885953519,69.60915225663388,72.0373764038086,3588200,0.0,0.0
2023-07-05 00:00:00+08:00,72.71189045261693,73.52129616406887,69.87895965576172,69.87895965576172,1470700,0.0,0.0
2023-07-06 00:00:00+08:00,71.22796789258481,74.06089835189769,70.14875320138789,71.09306335449219,3099600,0.0,0.0
2023-07-07 00:00:00+08:00,70.41856061977539,71.09306895433868,66.10171592398866,68.93464660644531,2586500,0.0,0.0
2023-07-10 00:00:00+08:00,69.60915789998076,70.28366626321632,64.75270200739419,64.9550552368164,2011100,0.0,0.0
2023-07-11 00:00:00+08:00,66.10170878065372,69.47424288449925,63.673484802246094,63.673484802246094,2466100,0.0,0.0
2023-07-12 00:00:00+08:00,65.15740439860255,65.7644640489718,63.6060345395579,63.808387756347656,1115800,0.0,0.0
2023-07-13 00:00:00+08:00,65.22485006867527,70.01385676700616,64.48289311092353,67.24837493896484,2845500,0.0,0.0
2023-07-14 00:00:00+08:00,68.79973759755167,69.87895230379226,65.83190976329097,68.12523651123047,2251200,0.0,0.0
2023-07-17 00:00:00+08:00,68.79973282730157,74.33069610595703,68.79973282730157,74.33069610595703,3602200,0.0,0.0
2023-07-18 00:00:00+08:00,76.75892854710914,81.75028146222319,67.8554302636543,69.06954956054688,7511700,0.0,0.0
2023-07-19 00:00:00+08:00,69.2044439370844,71.49777068250962,65.22485006867527,67.24837493896484,1836800,0.0,0.0
2023-07-20 00:00:00+08:00,66.43896605540247,69.06955070438553,65.83191360141811,66.64131927490234,1078700,0.0,0.0
2023-07-21 00:00:00+08:00,66.10171301890142,66.70877265468346,64.14564397779534,64.82015228271484,1143800,0.0,0.0
2023-07-24 00:00:00+08:00,65.29230674964349,65.42720408662493,60.84055774347292,61.64996337890625,1600900,0.0,0.0
2023-07-25 00:00:00+08:00,63.60603006427507,64.41544287448426,62.05466751889852,62.99897766113281,905100,0.0,0.0
2023-07-26 00:00:00+08:00,63.40368625729192,63.53858359397871,59.49154101662218,59.626441955566406,1012200,0.0,0.0
2023-07-27 00:00:00+08:00,60.098598314968356,61.784869093104184,59.96369737316899,60.97545623779297,620900,0.0,0.0
2023-07-28 00:00:00+08:00,60.70565616314168,61.78487093421078,58.81703571715721,60.57075881958008,539000,0.0,0.0
2023-07-31 00:00:00+08:00,62.12211833167818,62.998979838201805,59.558989684965574,59.626441955566406,798000,0.0,0.0
2023-08-01 00:00:00+08:00,60.43585284617809,61.51506759179488,59.828796803179614,60.36840057373047,565600,0.0,0.0
2023-08-02 00:00:00+08:00,60.36840277760014,60.57075960233046,56.658614111728355,57.60292434692383,730100,0.0,0.0
2023-08-04 00:00:00+08:00,59.49154123078272,59.96369631991592,55.17469315774031,59.896244049072266,676900,0.0,0.0
2023-08-07 00:00:00+08:00,61.5825160903394,62.25702440390549,60.23349946320723,61.24525833129883,973000,0.0,0.0
2023-08-08 00:00:00+08:00,61.24525552115536,61.380160059484716,59.69389295519878,61.17780685424805,402500,0.0,0.0
2023-08-09 00:00:00+08:00,60.30095389591771,60.90800995897366,58.47978210449219,58.47978210449219,383600,0.0,0.0
2023-08-10 00:00:00+08:00,56.65860828652501,58.344875361074266,54.09547973958489,54.83743667602539,616700,0.0,0.0
2023-08-11 00:00:00+08:00,55.30959742622738,56.456260883784374,54.97234685848254,55.579402923583984,302400,0.0,0.0
2023-08-14 00:00:00+08:00,55.71430159859035,55.71430159859035,53.69078026337083,54.29783630371094,305900,0.0,0.0
2023-08-15 00:00:00+08:00,54.635090711220684,55.91665506994698,54.635090711220684,55.44449996948242,319900,0.0,0.0
2023-08-16 00:00:00+08:00,54.90489123964008,56.25390423523187,53.690779183381714,56.11900329589844,255500,0.0,0.0
2023-08-17 00:00:00+08:00,56.11900125401526,57.73781967163086,55.511945247973735,57.73781967163086,195300,0.0,0.0
2023-08-18 00:00:00+08:00,57.73782170350257,57.73782170350257,54.97234344482422,54.97234344482422,314300,0.0,0.0
2023-08-21 00:00:00+08:00,55.511947054227605,56.119003080021585,55.1072442377841,55.84920120239258,183400,0.0,0.0
2023-08-22 00:00:00+08:00,56.38880952463542,56.92841328912523,54.90489196777344,54.90489196777344,203700,0.0,0.0
2023-08-23 00:00:00+08:00,55.64684820710269,56.726059324027624,55.30959405764038,56.11900329589844,312200,0.0,0.0
2023-08-24 00:00:00+08:00,56.321356289372055,57.130765524516505,55.57939932476358,55.84920120239258,254800,0.0,0.0
2023-08-25 00:00:00+08:00,55.64684598019492,56.65860838809256,54.635087174554585,55.714298248291016,177100,0.0,0.0
2023-08-28 00:00:00+08:00,56.59116181480089,56.59116181480089,52.34176575807454,52.679019927978516,364000,0.0,0.0
2023-08-29 00:00:00+08:00,53.08372401727893,54.02803421020508,52.881370803864044,54.02803421020508,128800,0.0,0.0
2023-08-30 00:00:00+08:00,54.02803404934874,55.309594791140796,54.02803404934874,54.90489196777344,106400,0.0,0.0
2023-08-31 00:00:00+08:00,55.5793986774276,55.98410148915751,54.230382100479765,55.309593200683594,160300,0.0,0.0
2023-09-01 00:00:00+08:00,55.30959311554101,55.57939859186968,54.09548107996286,54.162933349609375,138600,0.0,0.0
2023-09-04 00:00:00+08:00,53.42097314536283,54.97234293716267,53.21862353960158,53.555877685546875,142100,0.0,0.0
2023-09-05 00:00:00+08:00,53.28607326374437,54.7699908148684,53.28607326374437,54.63508987426758,114100,0.0,0.0
2023-09-06 00:00:00+08:00,54.50019017386001,57.063315308116486,54.43273790089593,55.98410415649414,284200,0.0,0.0
2023-09-07 00:00:00+08:00,55.98410309901056,56.18645631182299,54.90489196777344,54.90489196777344,207200,0.0,0.0
2023-09-08 00:00:00+08:00,54.904892728837424,54.904892728837424,53.42097515140612,53.69078063964844,186200,0.0,0.0
2023-09-11 00:00:00+08:00,53.69078117740771,53.69078117740771,50.99275148376433,51.33000564575195,165900,0.0,0.0
2023-09-12 00:00:00+08:00,52.61156949345183,54.837440456212455,51.93706117623237,53.69078063964844,336700,0.0,0.0
2023-09-13 00:00:00+08:00,53.083724595053944,54.36528535461034,53.083724595053944,53.69078063964844,142100,0.0,0.0
2023-09-14 00:00:00+08:00,53.690779119300004,55.30959399162656,53.690779119300004,54.97234344482422,253400,0.0,0.0
2023-09-15 00:00:00+08:00,54.63508929576443,55.849201350573715,54.63508929576443,54.97234344482422,186200,0.0,0.0
2023-09-18 00:00:00+08:00,54.70253993187582,54.90489314904184,54.162936155776535,54.230384826660156,88900,0.0,0.0
2023-09-19 00:00:00+08:00,54.09548261445161,54.56763770859834,52.881370544433594,52.881370544433594,165200,0.0,0.0
2023-09-20 00:00:00+08:00,53.35352212373281,53.488423055708026,51.937056934607156,52.27431106567383,95900,0.0,0.0
2023-09-21 00:00:00+08:00,51.6672597763558,51.80216072061739,49.91354029643997,50.45314407348633,170100,0.0,0.0
2023-09-22 00:00:00+08:00,49.91353843219382,52.34176254272461,49.91353843219382,52.34176254272461,100800,0.0,0.0
2023-09-25 00:00:00+08:00,53.48842942426014,53.48842942426014,51.599808947225696,51.802162170410156,81900,0.0,0.0
2023-09-26 00:00:00+08:00,51.869610228805115,52.20686439603123,51.26255416870117,51.26255416870117,69300,0.0,0.0
2023-09-27 00:00:00+08:00,50.58804442887729,51.19510407437433,50.31824254349474,50.79039764404297,68600,0.0,0.0
2023-09-28 00:00:00+08:00,50.992749548236105,54.09548195713988,50.992749548236105,52.34176254272461,325500,0.0,0.0
2023-10-02 00:00:00+08:00,52.746468802886724,56.38880855990802,52.746468802886724,55.84920120239258,872200,0.0,0.0
2023-10-03 00:00:00+08:00,55.849203995108084,55.849203995108084,54.36528638943103,54.76999282836914,297500,0.0,0.0
2023-10-04 00:00:00+08:00,53.42097473144531,54.09548304336223,53.42097473144531,53.42097473144531,130900,0.0,0.0
2023-10-05 00:00:00+08:00,54.702540531380635,54.904893750764316,53.48842841959377,53.893131256103516,151900,0.0,0.0
2023-10-06 00:00:00+08:00,53.82568104263197,56.18645652695793,53.82568104263197,55.1746940612793,369600,0.0,0.0
2023-10-11 00:00:00+08:00,56.11900271066778,57.06331287841164,53.555877685546875,53.555877685546875,358400,0.0,0.0
2023-10-12 00:00:00+08:00,56.45625935518251,58.88448715209961,56.11900519431145,58.88448715209961,647500,0.0,0.0
2023-10-13 00:00:00+08:00,62.72918295802701,64.75270080566406,61.582519482258796,64.75270080566406,2832200,0.0,0.0
2023-10-16 00:00:00+08:00,65.49465618104733,68.1252408439663,63.133880615234375,63.133880615234375,7863100,0.0,0.0
2023-10-17 00:00:00+08:00,63.53858511346878,64.41544664096206,59.424090167115544,60.09859848022461,2006900,0.0,0.0
2023-10-18 00:00:00+08:00,61.110355067377014,66.1017074584961,60.233493624290816,66.1017074584961,1639400,0.0,0.0
2023-10-19 00:00:00+08:00,67.450726822938,69.74404631884927,65.4272019923537,66.16915893554688,8558900,0.0,0.0
2023-10-20 00:00:00+08:00,64.4154444959741,65.02249691439731,60.9754543750216,62.86407470703125,2121700,0.0,0.0
2023-10-23 00:00:00+08:00,61.98722379930038,65.96681068383559,61.98722379930038,63.20133590698242,1242500,0.0,0.0
2023-10-24 00:00:00+08:00,62.86407727919866,67.72053284786674,61.38016330176471,67.31582641601562,2745400,0.0,0.0
2023-10-25 00:00:00+08:00,67.45073377241373,69.4742516069672,65.69701063098428,68.26013946533203,2718100,0.0,0.0
2023-10-26 00:00:00+08:00,66.10171276545066,71.90247840190477,65.8993595542992,67.45072937011719,3518900,0.0,0.0
2023-10-27 00:00:00+08:00,68.39504198405976,71.36286997442035,66.77622344181071,66.97857666015625,3624600,0.0,0.0
2023-10-30 00:00:00+08:00,67.45072667666643,71.76757099380063,66.9785716043388,68.79973602294922,2749600,0.0,0.0
2023-10-31 00:00:00+08:00,68.7997386471548,69.60915149031229,62.189567382438334,65.69700622558594,2111900,0.0,0.0
2023-11-01 00:00:00+08:00,66.10171421819696,66.91111987607657,63.13387906360817,64.14564514160156,1288000,0.0,0.0
2023-11-02 00:00:00+08:00,65.02249282050428,66.91111303360418,64.21308724539621,66.1017074584961,1241100,0.0,0.0
2023-11-03 00:00:00+08:00,68.66483893359579,68.66483893359579,66.10171035981514,67.0460205078125,1056300,0.0,0.0
2023-11-06 00:00:00+08:00,68.66484219369816,68.79973953295126,66.10171349822407,66.23661804199219,1452500,0.0,0.0
2023-11-07 00:00:00+08:00,66.77622180803462,67.24837690445051,65.35975651878697,66.23661804199219,623700,0.0,0.0
2023-11-08 00:00:00+08:00,66.23661198993796,67.99032767159598,65.2248460154099,66.1017074584961,1043700,0.0,0.0
2023-11-09 00:00:00+08:00,66.7762226432242,67.72053284786674,65.69700789312627,67.31582641601562,1124900,0.0,0.0
2023-11-10 00:00:00+08:00,63.33623123168945,64.61779917444687,60.70565388144393,63.33623123168945,1426600,0.0,0.0
2023-11-13 00:00:00+08:00,64.75270154171238,67.7205368777019,64.0107445088439,67.58563232421875,1419600,0.0,0.0
2023-11-14 00:00:00+08:00,67.45072851141684,67.45072851141684,64.07818704268561,66.91111755371094,1442000,0.0,0.0
2023-11-15 00:00:00+08:00,68.26013243246292,68.66483883948271,66.10171026921513,66.16915893554688,1091300,0.0,0.0
2023-11-16 00:00:00+08:00,66.91111464120068,72.71187995131054,66.23661358132901,69.4742431640625,5919200,0.0,0.0
2023-11-17 00:00:00+08:00,71.09307134180251,74.46560592336093,70.28366563585409,73.38639831542969,6412000,0.0,0.0
2023-11-20 00:00:00+08:00,74.19580078125,75.27501554656749,72.03737845513022,74.19580078125,2596300,0.0,0.0
2023-11-21 00:00:00+08:00,74.46559891106385,75.9495200390043,71.49777106421266,72.17227935791016,1922900,0.0,0.0
2023-11-22 00:00:00+08:00,71.90247457502755,73.5212857690512,71.09306177350118,71.22796630859375,1168300,0.0,0.0
2023-11-23 00:00:00+08:00,72.17228791801934,72.17228791801934,69.20445251464844,69.20445251464844,921200,0.0,0.0
2023-11-24 00:00:00+08:00,69.60915494100861,70.9581716101352,68.93464660644531,68.93464660644531,584500,0.0,0.0
2023-11-27 00:00:00+08:00,70.82326291222212,75.81461565015279,70.68835837140675,74.4655990600586,3425100,0.0,0.0
2023-11-28 00:00:00+08:00,74.73540313218106,81.88517761230469,74.73540313218106,81.88517761230469,4316200,0.0,0.0
2023-11-29 00:00:00+08:00,89.9792709350586,89.9792709350586,89.03496073453397,89.9792709350586,773500,0.0,0.0
2023-11-30 00:00:00+08:00,96.4545426122164,98.88276672363281,94.83572413643383,98.88276672363281,2844100,0.0,0.0
2023-12-01 00:00:00+08:00,108.32586913904392,108.73057556152344,102.79490538020697,108.73057556152344,5079900,0.0,0.0
2023-12-04 00:00:00+08:00,119.52268981933594,119.52268981933594,115.20584521852662,119.52268981933594,2906400,0.0,0.0
2023-12-05 00:00:00+08:00,122.49051192098432,130.854406040019,118.71327847935822,123.43482208251953,1488200,0.0,0.0
2023-12-06 00:00:00+08:00,111.29369541315324,122.76032198270332,111.29369541315324,114.6662368774414,1421700,0.0,0.0
2023-12-07 00:00:00+08:00,117.57093048095703,117.57093048095703,117.57093048095703,117.57093048095703,0,3.0,0.7
2023-12-08 00:00:00+08:00,117.57093048095703,117.57093048095703,117.57093048095703,117.57093048095703,0,0.0,0.0
2023-12-11 00:00:00+08:00,117.57093048095703,117.57093048095703,117.57093048095703,117.57093048095703,0,0.0,0.0
2023-12-12 00:00:00+08:00,117.57093048095703,117.57093048095703,117.57093048095703,117.57093048095703,0,0.0,0.0
2023-12-13 00:00:00+08:00,117.57093048095703,117.57093048095703,117.57093048095703,117.57093048095703,0,0.0,0.0
2023-12-14 00:00:00+08:00,117.57093048095703,117.57093048095703,117.57093048095703,117.57093048095703,0,0.0,0.0
2023-12-15 00:00:00+08:00,117.57093048095703,117.57093048095703,117.57093048095703,117.57093048095703,0,0.0,0.0
2023-12-18 00:00:00+08:00,105.05308532714844,109.89424133300781,102.14839172363281,102.14839172363281,626000,0.0,0.0
2023-12-19 00:00:00+08:00,94.20889882883057,94.98347935755737,91.98196411132812,91.98196411132812,604000,0.0,0.0
2023-12-20 00:00:00+08:00,89.27091102144163,97.79134828200777,87.1408053998089,96.7262954711914,1434000,0.0,0.0
2023-12-21 00:00:00+08:00,93.14383698348871,97.79134962336668,93.14383698348871,93.6279525756836,415000,0.0,0.0
2023-12-22 00:00:00+08:00,95.66124563058838,102.63250732421875,95.56441660085693,102.63250732421875,646000,0.0,0.0
2023-12-25 00:00:00+08:00,106.02131652832031,107.95777893066406,100.21192932128906,103.11662292480469,609000,0.0,0.0
2023-12-26 00:00:00+08:00,104.08485412597656,104.08485412597656,100.21192932128906,100.21192932128906,277000,0.0,0.0
2023-12-27 00:00:00+08:00,101.66427612304688,102.63250732421875,97.30723571777344,97.30723571777344,291000,0.0,0.0
2023-12-28 00:00:00+08:00,99.72781372070312,103.60073852539062,87.62492370605469,87.62492370605469,2942000,0.0,0.0
2023-12-29 00:00:00+08:00,87.14080810546875,91.69149179616943,83.46152658620849,86.17257690429688,1915000,0.0,0.0
2024-01-02 00:00:00+08:00,85.78528294642456,86.17257690429688,80.36318969726562,85.204345703125,1547000,0.0,0.0
2024-01-03 00:00:00+08:00,84.62341012260742,87.33445310694779,82.3964753613475,82.59012603759766,1117000,0.0,0.0
2024-01-04 00:00:00+08:00,82.68694605748169,84.23611450195312,77.84579005162232,77.94261169433594,1011000,0.0,0.0
2024-01-05 00:00:00+08:00,79.2981384683223,81.62189487586271,78.42672889211741,79.68543243408203,788000,0.0,0.0
2024-01-08 00:00:00+08:00,78.42672896305882,79.97589744048108,76.10297255341645,76.29662322998047,739000,0.0,0.0
2024-01-09 00:00:00+08:00,77.4584977624693,79.6854325279475,75.3283920288086,75.3283920288086,1063000,0.0,0.0
2024-01-10 00:00:00+08:00,75.42521370555268,76.19979425129463,73.10145729429084,73.87604522705078,821000,0.0,0.0
2024-01-11 00:00:00+08:00,66.51747757113621,70.77769614190434,66.51747757113621,66.71112823486328,2480000,0.0,0.0
2024-01-12 00:00:00+08:00,67.29206848144531,69.61582484166138,67.09842519601807,67.77618408203125,1252000,0.0,0.0
2024-01-15 00:00:00+08:00,69.13170924107544,74.55380249023438,68.55077199777588,74.55380249023438,1313208,0.0,0.0
2024-01-16 00:00:00+08:00,79.49177856579307,82.0091781616211,78.42672574298325,82.0091781616211,1285000,0.0,0.0
2024-01-17 00:00:00+08:00,86.94716482004151,86.94716482004151,73.97286524693482,74.06968688964844,3727000,0.0,0.0
2024-01-18 00:00:00+08:00,74.55380541378375,79.20131831646323,74.55380541378375,76.58708953857422,3252000,0.0,0.0
2024-01-19 00:00:00+08:00,76.68390817800537,84.23611450195312,76.58708653529175,84.23611450195312,4564000,0.0,0.0
2024-01-22 00:00:00+08:00,86.0757569047444,91.30420696828567,85.01070404052734,85.01070404052734,6446000,0.0,0.0
2024-01-23 00:00:00+08:00,85.88210771946898,88.3026858106267,81.81553948113124,82.39647674560547,3779000,0.0,0.0
2024-01-24 00:00:00+08:00,83.55835724822659,86.07575694304651,82.78376931735062,83.0742416381836,1720000,0.0,0.0
2024-01-25 00:00:00+08:00,83.26788168171687,89.56138436696291,83.26788168171687,83.4615249633789,4316000,0.0,0.0
2024-01-26 00:00:00+08:00,84.13929117436616,87.33444964204021,80.75048203812486,81.04094696044922,2899000,0.0,0.0
2024-01-29 00:00:00+08:00,81.91235814173706,83.17106165806763,78.91084289550781,81.3314208984375,1642000,0.0,0.0
2024-01-30 00:00:00+08:00,81.81553957138874,82.78377080891997,79.39496147756067,79.97589874267578,1256000,0.0,0.0
2024-01-31 00:00:00+08:00,80.16954477716321,80.55683134012082,78.62036897726199,79.5886001586914,715000,0.0,0.0
2024-02-01 00:00:00+08:00,79.9758941474013,81.62189158883913,79.00766296550294,81.52506256103516,1415000,0.0,0.0
2024-02-02 00:00:00+08:00,81.52506118769921,83.074236962254,80.36318674380068,81.71871185302734,1523000,0.0,0.0
2024-02-05 00:00:00+08:00,81.81553341920106,82.10600572342535,79.5885987855282,79.7822494506836,753000,0.0,0.0
2024-02-15 00:00:00+08:00,81.23460092021531,81.71871653072076,79.2013168334961,79.2013168334961,478000,0.0,0.0
2024-02-16 00:00:00+08:00,79.87907702541264,86.07575841751495,79.87907702541264,81.91236114501953,1665000,0.0,0.0
2024-02-19 00:00:00+08:00,83.55835561593994,84.52658681711182,80.84730529785156,81.3314208984375,858000,0.0,0.0
2024-02-20 00:00:00+08:00,80.8473021592523,81.52506101895398,76.97437750491684,77.3616714477539,982000,0.0,0.0
2024-02-21 00:00:00+08:00,77.45849447496731,79.29813519615132,77.45849447496731,77.65213775634766,401000,0.0,0.0
2024-02-22 00:00:00+08:00,78.23308400949463,78.91084289550781,75.61885533411987,76.00614929199219,499000,0.0,0.0
2024-02-23 00:00:00+08:00,76.78073720773682,76.78073720773682,73.10145568847656,73.10145568847656,850000,0.0,0.0
2024-02-26 00:00:00+08:00,73.5855712890625,74.36015920480713,72.61734008789062,73.10145568847656,446000,0.0,0.0
2024-02-27 00:00:00+08:00,73.19827425882015,74.2633270580019,70.97134702180693,71.55228424072266,438000,0.0,0.0
2024-02-29 00:00:00+08:00,71.6491119269774,71.74593357379942,68.74441820020805,70.77770233154297,608000,0.0,0.0
2024-03-01 00:00:00+08:00,71.74593214789354,73.39192965922722,71.16499489148906,71.93958282470703,787000,0.0,0.0
2024-03-04 00:00:00+08:00,73.10145879036209,73.10145879036209,70.68088068472095,70.77770233154297,468000,0.0,0.0
2024-03-05 00:00:00+08:00,71.06816890161653,77.84578704833984,69.71264379486836,77.84578704833984,1527000,0.0,0.0
2024-03-06 00:00:00+08:00,78.52355188637894,83.26788642768558,78.52355188637894,79.97589874267578,4373000,0.0,0.0
2024-03-07 00:00:00+08:00,80.16954465994398,81.62189142996458,74.2633285522461,74.2633285522461,1342000,0.0,0.0
2024-03-08 00:00:00+08:00,71.84275217214599,74.06968688964844,68.74441528320312,68.74441528320312,983000,0.0,0.0
2024-03-11 00:00:00+08:00,68.45394296804443,68.55077199777588,67.58254079660401,68.26029968261719,500000,0.0,0.0
2024-03-12 00:00:00+08:00,69.22853088378906,72.13322448730469,68.74441528320312,70.68087768554688,546000,0.0,0.0
2024-03-13 00:00:00+08:00,71.45546560129151,72.13322448730469,68.16347803990357,69.22853088378906,428000,0.0,0.0
2024-03-14 00:00:00+08:00,69.9062881007382,69.9062881007382,67.00159456657427,67.9698257446289,365000,0.0,0.0
2024-03-15 00:00:00+08:00,68.93806166318474,69.13171234432258,66.80795587979563,66.90477752685547,276000,0.0,0.0
2024-03-18 00:00:00+08:00,66.90477752685547,66.90477752685547,66.90477752685547,66.90477752685547,0,0.0,0.0
2024-03-19 00:00:00+08:00,67.77618408203125,68.6475936404895,67.38889012415893,67.77618408203125,186000,0.0,0.0
2024-03-20 00:00:00+08:00,67.77618408203125,67.77618408203125,67.77618408203125,67.77618408203125,0,0.0,0.0
2024-03-21 00:00:00+08:00,67.87300729819366,70.00312042236328,67.29207004142665,70.00312042236328,260000,0.0,0.0
2024-03-22 00:00:00+08:00,72.13322135362766,72.4236936561674,69.13170623779297,69.13170623779297,708000,0.0,0.0
2024-03-25 00:00:00+08:00,69.13170623779297,69.13170623779297,69.13170623779297,69.13170623779297,0,0.0,0.0
2024-03-26 00:00:00+08:00,71.4000015258789,71.4000015258789,71.4000015258789,71.4000015258789,0,2.268294,0.0
2024-03-27 00:00:00+08:00,68.30000305175781,68.30000305175781,67.0,67.19999694824219,171000,0.0,0.0
2024-03-28 00:00:00+08:00,67.69999694824219,68.0,66.5,66.5,173000,0.0,0.0
2024-03-29 00:00:00+08:00,67.5,68.4000015258789,66.69999694824219,67.0,104000,0.0,0.0
2024-04-01 00:00:00+08:00,67.4000015258789,68.0,67.30000305175781,67.30000305175781,132000,0.0,0.0
2024-04-02 00:00:00+08:00,68.80000305175781,68.80000305175781,67.19999694824219,67.4000015258789,93000,0.0,0.0
2024-04-03 00:00:00+08:00,67.4000015258789,69.9000015258789,66.69999694824219,68.0,303000,0.0,0.0
2024-04-08 00:00:00+08:00,69.0,70.4000015258789,68.0999984741211,68.5999984741211,251000,0.0,0.0
2024-04-09 00:00:00+08:00,69.5,69.5,67.5,67.9000015258789,149000,0.0,0.0
2024-04-10 00:00:00+08:00,68.4000015258789,68.4000015258789,66.5999984741211,66.5999984741211,156000,0.0,0.0
2024-04-11 00:00:00+08:00,65.9000015258789,65.9000015258789,64.0,64.4000015258789,213000,0.0,0.0
2024-04-12 00:00:00+08:00,64.9000015258789,64.9000015258789,63.79999923706055,63.79999923706055,131000,0.0,0.0
2024-04-15 00:00:00+08:00,63.79999923706055,64.4000015258789,62.5,62.70000076293945,111000,0.0,0.0
2024-04-16 00:00:00+08:00,62.20000076293945,62.599998474121094,57.400001525878906,58.20000076293945,346000,0.0,0.0
2024-04-17 00:00:00+08:00,58.29999923706055,60.20000076293945,58.20000076293945,59.0,233000,0.0,0.0
2024-04-18 00:00:00+08:00,59.0,60.5,59.0,60.5,118000,0.0,0.0
2024-04-19 00:00:00+08:00,60.5,60.5,55.900001525878906,57.099998474121094,182000,0.0,0.0
2024-04-22 00:00:00+08:00,57.29999923706055,57.29999923706055,55.20000076293945,55.79999923706055,175000,0.0,0.0
2024-04-23 00:00:00+08:00,56.400001525878906,56.400001525878906,55.29999923706055,55.900001525878906,84000,0.0,0.0
2024-04-24 00:00:00+08:00,56.400001525878906,58.5,56.400001525878906,57.29999923706055,194000,0.0,0.0
2024-04-25 00:00:00+08:00,56.70000076293945,57.0,55.599998474121094,56.099998474121094,79000,0.0,0.0
2024-04-26 00:00:00+08:00,56.79999923706055,56.79999923706055,55.5,55.599998474121094,125000,0.0,0.0
2024-04-29 00:00:00+08:00,55.70000076293945,57.70000076293945,55.70000076293945,57.29999923706055,100000,0.0,0.0
2024-04-30 00:00:00+08:00,58.900001525878906,59.0,57.5,57.5,126000,0.0,0.0
2024-05-02 00:00:00+08:00,58.79999923706055,58.79999923706055,56.0,56.099998474121094,128000,0.0,0.0
2024-05-03 00:00:00+08:00,56.5,59.599998474121094,56.5,58.099998474121094,329000,0.0,0.0
2024-05-06 00:00:00+08:00,59.20000076293945,59.20000076293945,56.099998474121094,56.599998474121094,233000,0.0,0.0
2024-05-07 00:00:00+08:00,56.79999923706055,58.0,56.0,57.400001525878906,185000,0.0,0.0
2024-05-08 00:00:00+08:00,58.29999923706055,63.099998474121094,57.400001525878906,59.70000076293945,639000,0.0,0.0
2024-05-09 00:00:00+08:00,59.599998474121094,60.20000076293945,57.599998474121094,57.599998474121094,182000,0.0,0.0
2024-05-10 00:00:00+08:00,57.599998474121094,57.599998474121094,55.5,55.70000076293945,193000,0.0,0.0
2024-05-13 00:00:00+08:00,55.20000076293945,55.900001525878906,54.099998474121094,54.70000076293945,141000,0.0,0.0
2024-05-14 00:00:00+08:00,54.900001525878906,55.5,54.400001525878906,55.0,78000,0.0,0.0
2024-05-15 00:00:00+08:00,55.5,55.5,54.099998474121094,54.099998474121094,77000,0.0,0.0
2024-05-16 00:00:00+08:00,54.20000076293945,56.0,53.70000076293945,53.70000076293945,129000,0.0,0.0
2024-05-17 00:00:00+08:00,54.29999923706055,54.79999923706055,53.20000076293945,54.599998474121094,112000,0.0,0.0
2024-05-20 00:00:00+08:00,54.70000076293945,56.70000076293945,54.0,55.5,134000,0.0,0.0
2024-05-21 00:00:00+08:00,57.29999923706055,61.0,57.29999923706055,61.0,613000,0.0,0.0
2024-05-22 00:00:00+08:00,64.5999984741211,67.0999984741211,64.5,67.0999984741211,777000,0.0,0.0
2024-05-23 00:00:00+08:00,68.4000015258789,72.4000015258789,64.5999984741211,65.0999984741211,3282000,0.0,0.0
2024-05-24 00:00:00+08:00,64.80000305175781,69.0999984741211,62.599998474121094,67.30000305175781,1130000,0.0,0.0
2024-05-27 00:00:00+08:00,67.9000015258789,68.5999984741211,65.9000015258789,66.19999694824219,720000,0.0,0.0
2024-05-28 00:00:00+08:00,66.19999694824219,67.69999694824219,65.5,66.5999984741211,322000,0.0,0.0
2024-05-29 00:00:00+08:00,66.9000015258789,67.5999984741211,66.0999984741211,66.0999984741211,276000,0.0,0.0
2024-05-30 00:00:00+08:00,66.0999984741211,66.0999984741211,63.400001525878906,63.400001525878906,231000,0.0,0.0
2024-05-31 00:00:00+08:00,63.400001525878906,64.69999694824219,62.0,62.0,191000,0.0,0.0
2024-06-03 00:00:00+08:00,62.599998474121094,67.80000305175781,62.599998474121094,65.4000015258789,513000,0.0,0.0
2024-06-04 00:00:00+08:00,65.69999694824219,69.5,65.0999984741211,65.0999984741211,669000,0.0,0.0
2024-06-05 00:00:00+08:00,65.19999694824219,65.5999984741211,63.099998474121094,63.099998474121094,149000,0.0,0.0
2024-06-06 00:00:00+08:00,64.5,64.5,61.400001525878906,61.70000076293945,255000,0.0,0.0
2024-06-07 00:00:00+08:00,62.79999923706055,62.900001525878906,61.5,62.599998474121094,88000,0.0,0.0
2024-06-11 00:00:00+08:00,62.79999923706055,62.900001525878906,59.5,60.29999923706055,147000,0.0,0.0
2024-06-12 00:00:00+08:00,60.400001525878906,60.400001525878906,58.70000076293945,59.29999923706055,121000,0.0,0.0
2024-06-13 00:00:00+08:00,61.0,61.099998474121094,59.20000076293945,59.599998474121094,82000,0.0,0.0
2024-06-14 00:00:00+08:00,59.599998474121094,60.20000076293945,58.0,58.900001525878906,144000,0.0,0.0
2024-06-17 00:00:00+08:00,59.0,60.099998474121094,59.0,60.099998474121094,71000,0.0,0.0
2024-06-18 00:00:00+08:00,61.099998474121094,61.099998474121094,58.900001525878906,58.900001525878906,90000,0.0,0.0
2024-06-19 00:00:00+08:00,60.099998474121094,60.099998474121094,57.29999923706055,57.5,132000,0.0,0.0
2024-06-20 00:00:00+08:00,58.0,58.900001525878906,57.79999923706055,57.900001525878906,68000,0.0,0.0
2024-06-21 00:00:00+08:00,58.5,58.70000076293945,57.400001525878906,57.5,82000,0.0,0.0
2024-06-24 00:00:00+08:00,57.5,57.5,56.5,56.599998474121094,83000,0.0,0.0
2024-06-25 00:00:00+08:00,56.599998474121094,57.70000076293945,55.0,57.70000076293945,85000,0.0,0.0
2024-06-26 00:00:00+08:00,58.0,58.0,56.70000076293945,56.900001525878906,80000,0.0,0.0
2024-06-27 00:00:00+08:00,56.900001525878906,57.29999923706055,56.0,57.20000076293945,68000,0.0,0.0
2024-06-28 00:00:00+08:00,57.29999923706055,59.20000076293945,57.20000076293945,58.599998474121094,133000,0.0,0.0
2024-07-01 00:00:00+08:00,58.599998474121094,58.70000076293945,57.5,57.70000076293945,73000,0.0,0.0
2024-07-02 00:00:00+08:00,57.70000076293945,57.70000076293945,56.5,56.5,67000,0.0,0.0
2024-07-03 00:00:00+08:00,58.0,58.0,56.599998474121094,56.79999923706055,88000,0.0,0.0
2024-07-04 00:00:00+08:00,57.599998474121094,60.29999923706055,57.599998474121094,58.20000076293945,385000,0.0,0.0
2024-07-05 00:00:00+08:00,58.099998474121094,59.29999923706055,57.70000076293945,58.900001525878906,103000,0.0,0.0
2024-07-08 00:00:00+08:00,59.099998474121094,59.5,57.20000076293945,57.20000076293945,104000,0.0,0.0
2024-07-09 00:00:00+08:00,58.0,58.20000076293945,55.900001525878906,56.0,138000,0.0,0.0
2024-07-10 00:00:00+08:00,56.29999923706055,58.5,56.29999923706055,57.70000076293945,167000,0.0,0.0
2024-07-11 00:00:00+08:00,57.79999923706055,57.900001525878906,56.70000076293945,56.70000076293945,96000,0.0,0.0
2024-07-12 00:00:00+08:00,56.5,57.0,56.20000076293945,56.5,66000,0.0,0.0
2024-07-15 00:00:00+08:00,56.20000076293945,56.20000076293945,55.20000076293945,55.5,122000,0.0,0.0
2024-07-16 00:00:00+08:00,56.0,56.0,55.5,55.599998474121094,32000,0.0,0.0
2024-07-17 00:00:00+08:00,56.0,56.900001525878906,56.0,56.400001525878906,50000,0.0,0.0
2024-07-18 00:00:00+08:00,56.29999923706055,56.599998474121094,55.0,55.0,60000,0.0,0.0
2024-07-19 00:00:00+08:00,54.599998474121094,54.79999923706055,52.5,52.5,149000,0.0,0.0
2024-07-22 00:00:00+08:00,52.5,52.5,49.25,50.400001525878906,171000,0.0,0.0
2024-07-23 00:00:00+08:00,49.75,50.599998474121094,47.0,48.0,649000,0.0,0.0
2024-07-26 00:00:00+08:00,48.650001525878906,48.650001525878906,45.04999923706055,47.400001525878906,82000,0.0,0.0
2024-07-29 00:00:00+08:00,47.04999923706055,47.54999923706055,45.25,45.25,143000,0.0,0.0
2024-07-30 00:00:00+08:00,45.29999923706055,47.150001525878906,44.5,46.79999923706055,166000,0.0,0.0
2024-07-31 00:00:00+08:00,46.650001525878906,48.349998474121094,46.650001525878906,46.900001525878906,59000,0.0,0.0
2024-08-01 00:00:00+08:00,46.349998474121094,49.099998474121094,46.349998474121094,48.900001525878906,120000,0.0,0.0
2024-08-02 00:00:00+08:00,47.25,48.54999923706055,46.25,46.5,100000,0.0,0.0
2024-08-05 00:00:00+08:00,44.849998474121094,44.849998474121094,41.849998474121094,41.849998474121094,143000,0.0,0.0
2024-08-06 00:00:00+08:00,39.04999923706055,40.45000076293945,37.70000076293945,38.70000076293945,439000,0.0,0.0
2024-08-07 00:00:00+08:00,40.349998474121094,42.54999923706055,40.29999923706055,42.54999923706055,129000,0.0,0.0
2024-08-08 00:00:00+08:00,43.0,46.54999923706055,42.5,44.5,294000,0.0,0.0
2024-08-09 00:00:00+08:00,45.95000076293945,46.900001525878906,43.54999923706055,44.0,160000,0.0,0.0
2024-08-12 00:00:00+08:00,45.599998474121094,46.0,44.20000076293945,45.04999923706055,75000,0.0,0.0
2024-08-13 00:00:00+08:00,45.95000076293945,45.95000076293945,44.650001525878906,44.900001525878906,19000,0.0,0.0
2024-08-14 00:00:00+08:00,46.0,46.0,44.349998474121094,44.349998474121094,46000,0.0,0.0
2024-08-15 00:00:00+08:00,45.400001525878906,45.75,43.849998474121094,45.0,17000,0.0,0.0
2024-08-16 00:00:00+08:00,45.650001525878906,45.650001525878906,44.70000076293945,44.75,50000,0.0,0.0
2024-08-19 00:00:00+08:00,45.599998474121094,47.0,45.0,46.0,137000,0.0,0.0
2024-08-20 00:00:00+08:00,46.04999923706055,47.5,46.04999923706055,47.099998474121094,76000,0.0,0.0
2024-08-21 00:00:00+08:00,46.20000076293945,46.70000076293945,45.599998474121094,45.599998474121094,38000,0.0,0.0
2024-08-22 00:00:00+08:00,46.0,46.95000076293945,45.099998474121094,45.849998474121094,60000,0.0,0.0
2024-08-23 00:00:00+08:00,46.099998474121094,46.099998474121094,45.0,45.599998474121094,44000,0.0,0.0
2024-08-26 00:00:00+08:00,46.5,48.0,46.25,47.5,171000,0.0,0.0
2024-08-27 00:00:00+08:00,48.54999923706055,48.599998474121094,45.650001525878906,45.79999923706055,106000,0.0,0.0
2024-08-28 00:00:00+08:00,46.349998474121094,46.349998474121094,45.45000076293945,45.54999923706055,22000,0.0,0.0
2024-08-29 00:00:00+08:00,45.79999923706055,46.45000076293945,45.5,46.0,21000,0.0,0.0
2024-08-30 00:00:00+08:00,45.900001525878906,46.099998474121094,45.75,46.0,19000,0.0,0.0
2024-09-02 00:00:00+08:00,45.95000076293945,45.95000076293945,44.0,44.0,33000,0.0,0.0
2024-09-03 00:00:00+08:00,43.349998474121094,44.099998474121094,42.5,42.650001525878906,56000,0.0,0.0
2024-09-04 00:00:00+08:00,40.5,41.29999923706055,38.849998474121094,40.150001525878906,57000,0.0,0.0
2024-09-05 00:00:00+08:00,40.0,41.849998474121094,39.54999923706055,39.75,62000,0.0,0.0
2024-09-06 00:00:00+08:00,39.75,39.75,38.400001525878906,39.400001525878906,25000,0.0,0.0
2024-09-09 00:00:00+08:00,38.599998474121094,40.45000076293945,38.54999923706055,40.20000076293945,60000,0.0,0.0
2024-09-10 00:00:00+08:00,40.20000076293945,40.20000076293945,38.20000076293945,38.400001525878906,58000,0.0,0.0
2024-09-11 00:00:00+08:00,38.5,38.5,38.20000076293945,38.45000076293945,34000,0.0,0.0
2024-09-12 00:00:00+08:00,38.599998474121094,39.599998474121094,38.5,38.5,30000,0.0,0.0
2024-09-13 00:00:00+08:00,39.0,39.0,38.5,38.95000076293945,9000,0.0,0.0
2024-09-16 00:00:00+08:00,40.150001525878906,40.150001525878906,38.75,39.400001525878906,30000,0.0,0.0
2024-09-18 00:00:00+08:00,38.70000076293945,39.95000076293945,38.70000076293945,39.20000076293945,33000,0.0,0.0
2024-09-19 00:00:00+08:00,39.20000076293945,40.0,39.20000076293945,39.900001525878906,36000,0.0,0.0
2024-09-20 00:00:00+08:00,41.25,41.25,39.75,39.79999923706055,66000,0.0,0.0
2024-09-23 00:00:00+08:00,40.900001525878906,40.900001525878906,40.150001525878906,40.54999923706055,36000,0.0,0.0
2024-09-24 00:00:00+08:00,39.95000076293945,41.400001525878906,39.5,40.5,49000,0.0,0.0
2024-09-25 00:00:00+08:00,41.0,41.599998474121094,41.0,41.20000076293945,39000,0.0,0.0
2024-09-26 00:00:00+08:00,42.0,42.0,41.099998474121094,41.54999923706055,30000,0.0,0.0
2024-09-27 00:00:00+08:00,41.599998474121094,45.70000076293945,41.599998474121094,45.70000076293945,463000,0.0,0.0
2024-09-30 00:00:00+08:00,46.0,46.70000076293945,42.849998474121094,42.849998474121094,593000,0.0,0.0
2024-10-01 00:00:00+08:00,43.25,43.25,42.0,42.29999923706055,106000,0.0,0.0
2024-10-04 00:00:00+08:00,41.5,43.099998474121094,41.5,42.70000076293945,38000,0.0,0.0
2024-10-07 00:00:00+08:00,43.0,44.75,42.70000076293945,43.45000076293945,62000,0.0,0.0
2024-10-08 00:00:00+08:00,42.150001525878906,43.70000076293945,42.150001525878906,42.75,38000,0.0,0.0
2024-10-09 00:00:00+08:00,43.0,43.45000076293945,41.5,42.400001525878906,56000,0.0,0.0
2024-10-11 00:00:00+08:00,41.849998474121094,42.20000076293945,41.5,41.599998474121094,56000,0.0,0.0
2024-10-14 00:00:00+08:00,42.599998474121094,42.599998474121094,41.0,41.099998474121094,46000,0.0,0.0
2024-10-15 00:00:00+08:00,41.150001525878906,42.0,41.0,41.0,41000,0.0,0.0
2024-10-16 00:00:00+08:00,41.20000076293945,41.650001525878906,40.75,41.349998474121094,47000,0.0,0.0
2024-10-17 00:00:00+08:00,42.0,42.25,41.150001525878906,41.5,41000,0.0,0.0
2024-10-18 00:00:00+08:00,42.25,42.25,40.79999923706055,41.25,25000,0.0,0.0
2024-10-21 00:00:00+08:00,41.400001525878906,42.95000076293945,41.099998474121094,41.75,45000,0.0,0.0
2024-10-22 00:00:00+08:00,42.95000076293945,42.95000076293945,41.599998474121094,42.29999923706055,16000,0.0,0.0
2024-10-23 00:00:00+08:00,42.650001525878906,42.650001525878906,41.79999923706055,41.900001525878906,27000,0.0,0.0
2024-10-24 00:00:00+08:00,42.95000076293945,42.95000076293945,42.04999923706055,42.150001525878906,49000,0.0,0.0
2024-10-25 00:00:00+08:00,42.20000076293945,42.900001525878906,41.099998474121094,41.54999923706055,47000,0.0,0.0
2024-10-28 00:00:00+08:00,41.650001525878906,42.400001525878906,40.900001525878906,40.900001525878906,28000,0.0,0.0
2024-10-29 00:00:00+08:00,40.25,41.099998474121094,39.70000076293945,40.349998474121094,67000,0.0,0.0
2024-10-30 00:00:00+08:00,41.75,41.900001525878906,39.599998474121094,40.25,71000,0.0,0.0
2024-11-01 00:00:00+08:00,40.75,40.75,39.75,40.150001525878906,6000,0.0,0.0
2024-11-04 00:00:00+08:00,40.20000076293945,40.20000076293945,39.70000076293945,40.150001525878906,24000,0.0,0.0
2024-11-05 00:00:00+08:00,40.099998474121094,40.099998474121094,39.70000076293945,39.70000076293945,13000,0.0,0.0
2024-11-06 00:00:00+08:00,39.5,39.95000076293945,39.04999923706055,39.900001525878906,39000,0.0,0.0
2024-11-07 00:00:00+08:00,39.849998474121094,40.04999923706055,39.849998474121094,40.0,21000,0.0,0.0
2024-11-08 00:00:00+08:00,39.75,39.849998474121094,38.5,38.70000076293945,82000,0.0,0.0
2024-11-11 00:00:00+08:00,38.75,39.900001525878906,38.75,39.5,24000,0.0,0.0
2024-11-12 00:00:00+08:00,39.900001525878906,39.900001525878906,38.70000076293945,39.0,24000,0.0,0.0
2024-11-13 00:00:00+08:00,38.54999923706055,38.95000076293945,38.0,38.70000076293945,32000,0.0,0.0
2024-11-14 00:00:00+08:00,39.650001525878906,39.650001525878906,36.900001525878906,37.25,117000,0.0,0.0
2024-11-15 00:00:00+08:00,37.25,37.349998474121094,35.20000076293945,36.25,78000,0.0,0.0
2024-11-18 00:00:00+08:00,36.0,36.0,35.0,35.25,40000,0.0,0.0
2024-11-19 00:00:00+08:00,35.25,35.599998474121094,34.70000076293945,35.45000076293945,88000,0.0,0.0
2024-11-20 00:00:00+08:00,35.099998474121094,35.150001525878906,34.54999923706055,34.70000076293945,56535,0.0,0.0
2024-11-21 00:00:00+08:00,34.70000076293945,35.45000076293945,34.5,35.099998474121094,34000,0.0,0.0
2024-11-22 00:00:00+08:00,35.150001525878906,35.54999923706055,34.95000076293945,35.54999923706055,27000,0.0,0.0
2024-11-25 00:00:00+08:00,35.29999923706055,35.54999923706055,35.29999923706055,35.29999923706055,40000,0.0,0.0
2024-11-26 00:00:00+08:00,35.349998474121094,35.349998474121094,34.5,35.0,37000,0.0,0.0
2024-11-27 00:00:00+08:00,35.75,35.75,33.599998474121094,33.599998474121094,62000,0.0,0.0
2024-11-28 00:00:00+08:00,33.599998474121094,33.599998474121094,30.850000381469727,31.600000381469727,85000,0.0,0.0
2024-11-29 00:00:00+08:00,30.75,30.950000762939453,30.299999237060547,30.600000381469727,40000,0.0,0.0
2024-12-02 00:00:00+08:00,29.0,30.899999618530273,29.0,30.75,106000,0.0,0.0
2024-12-03 00:00:00+08:00,30.700000762939453,32.25,30.5,32.25,78000,0.0,0.0
2024-12-04 00:00:00+08:00,33.79999923706055,34.5,32.25,34.04999923706055,105000,0.0,0.0
2024-12-05 00:00:00+08:00,34.849998474121094,35.400001525878906,34.0,34.650001525878906,79000,0.0,0.0
2024-12-06 00:00:00+08:00,34.150001525878906,34.599998474121094,33.099998474121094,33.400001525878906,16000,0.0,0.0
2024-12-09 00:00:00+08:00,32.099998474121094,33.45000076293945,32.099998474121094,33.099998474121094,38000,0.0,0.0
2024-12-10 00:00:00+08:00,35.0,35.0,33.29999923706055,33.79999923706055,53000,0.0,0.0
2024-12-11 00:00:00+08:00,33.150001525878906,34.0,33.099998474121094,33.599998474121094,52000,0.0,0.0
2024-12-12 00:00:00+08:00,33.599998474121094,34.0,33.599998474121094,33.70000076293945,31000,0.0,0.0
2024-12-13 00:00:00+08:00,33.599998474121094,33.599998474121094,33.349998474121094,33.54999923706055,41000,0.0,0.0
2024-12-16 00:00:00+08:00,32.5,32.5,31.850000381469727,31.850000381469727,12000,0.0,0.0
2024-12-17 00:00:00+08:00,31.850000381469727,32.20000076293945,31.649999618530273,32.150001525878906,8000,0.0,0.0
2024-12-18 00:00:00+08:00,32.0,32.5,30.899999618530273,32.150001525878906,16000,0.0,0.0
2024-12-19 00:00:00+08:00,31.0,31.5,30.200000762939453,30.899999618530273,23000,0.0,0.0
2024-12-20 00:00:00+08:00,30.899999618530273,31.950000762939453,29.549999237060547,29.700000762939453,19000,0.0,0.0
2024-12-23 00:00:00+08:00,30.5,30.5,29.799999237060547,30.200000762939453,34000,0.0,0.0
2024-12-24 00:00:00+08:00,30.200000762939453,31.25,30.200000762939453,30.5,37000,0.0,0.0
2024-12-25 00:00:00+08:00,30.549999237060547,31.0,30.5,30.5,18000,0.0,0.0
2024-12-26 00:00:00+08:00,30.5,31.600000381469727,30.5,31.0,16000,0.0,0.0
2024-12-27 00:00:00+08:00,30.799999237060547,30.850000381469727,30.549999237060547,30.600000381469727,19000,0.0,0.0
2024-12-30 00:00:00+08:00,30.600000381469727,31.649999618530273,30.600000381469727,31.100000381469727,7000,0.0,0.0
2024-12-31 00:00:00+08:00,30.799999237060547,30.799999237060547,30.100000381469727,30.549999237060547,41000,0.0,0.0
2025-01-02 00:00:00+08:00,32.0,32.45000076293945,30.700000762939453,30.700000762939453,4000,0.0,0.0
2025-01-03 00:00:00+08:00,30.299999237060547,30.299999237060547,30.0,30.0,28000,0.0,0.0
2025-01-06 00:00:00+08:00,29.5,30.850000381469727,29.5,30.799999237060547,20000,0.0,0.0
2025-01-07 00:00:00+08:00,30.049999237060547,30.700000762939453,30.049999237060547,30.399999618530273,14000,0.0,0.0
2025-01-08 00:00:00+08:00,30.350000381469727,30.850000381469727,29.600000381469727,30.149999618530273,25000,0.0,0.0
2025-01-09 00:00:00+08:00,30.649999618530273,30.649999618530273,29.25,29.5,32000,0.0,0.0
2025-01-10 00:00:00+08:00,29.0,29.649999618530273,29.0,29.049999237060547,27000,0.0,0.0
2025-01-13 00:00:00+08:00,29.649999618530273,29.799999237060547,28.0,28.5,52000,0.0,0.0
2025-01-14 00:00:00+08:00,28.899999618530273,28.899999618530273,28.549999237060547,28.600000381469727,11000,0.0,0.0
2025-01-15 00:00:00+08:00,29.299999237060547,29.299999237060547,28.0,28.700000762939453,13000,0.0,0.0
2025-01-16 00:00:00+08:00,27.700000762939453,28.799999237060547,27.700000762939453,28.600000381469727,30000,0.0,0.0
2025-01-17 00:00:00+08:00,28.649999618530273,28.649999618530273,28.100000381469727,28.600000381469727,13000,0.0,0.0
2025-01-20 00:00:00+08:00,28.0,28.600000381469727,28.0,28.600000381469727,13000,0.0,0.0
2025-01-21 00:00:00+08:00,28.299999237060547,29.0,28.0,29.0,24000,0.0,0.0
2025-01-22 00:00:00+08:00,28.799999237060547,29.0,28.799999237060547,28.850000381469727,19000,0.0,0.0
2025-02-03 00:00:00+08:00,28.850000381469727,28.899999618530273,28.25,28.899999618530273,14074,0.0,0.0
2025-02-04 00:00:00+08:00,28.899999618530273,29.850000381469727,28.399999618530273,28.899999618530273,15369,0.0,0.0
2025-02-05 00:00:00+08:00,28.549999237060547,29.75,28.549999237060547,29.5,19001,0.0,0.0
2025-02-06 00:00:00+08:00,29.5,29.600000381469727,29.5,29.600000381469727,7400,0.0,0.0
2025-02-07 00:00:00+08:00,28.700000762939453,29.899999618530273,28.700000762939453,29.649999618530273,19054,0.0,0.0
2025-02-10 00:00:00+08:00,28.850000381469727,29.5,28.850000381469727,29.399999618530273,11038,0.0,0.0
2025-02-11 00:00:00+08:00,32.0,32.29999923706055,31.5,32.29999923706055,103000,0.0,0.0
2025-02-12 00:00:00+08:00,34.5,35.5,34.150001525878906,35.5,172403,0.0,0.0
2025-02-13 00:00:00+08:00,39.04999923706055,39.04999923706055,39.04999923706055,39.04999923706055,171000,0.0,0.0
2025-02-14 00:00:00+08:00,42.95000076293945,42.95000076293945,41.099998474121094,42.95000076293945,774473,0.0,0.0
2025-02-17 00:00:00+08:00,43.0,45.0,40.0,40.650001525878906,420072,0.0,0.0
2025-02-18 00:00:00+08:00,39.04999923706055,41.0,39.04999923706055,39.79999923706055,203650,0.0,0.0
2025-02-19 00:00:00+08:00,41.0,41.0,40.0,40.900001525878906,99150,0.0,0.0
2025-02-20 00:00:00+08:00,41.900001525878906,41.900001525878906,39.54999923706055,40.04999923706055,116017,0.0,0.0
2025-02-21 00:00:00+08:00,39.04999923706055,40.599998474121094,39.0,40.0,116050,0.0,0.0
2025-02-24 00:00:00+08:00,40.0,40.099998474121094,39.900001525878906,40.099998474121094,67400,0.0,0.0
2025-02-25 00:00:00+08:00,40.29999923706055,41.75,40.29999923706055,41.099998474121094,65166,0.0,0.0
2025-02-26 00:00:00+08:00,40.5,41.04999923706055,40.5,40.599998474121094,38006,0.0,0.0
2025-02-27 00:00:00+08:00,40.04999923706055,40.54999923706055,40.0,40.099998474121094,33070,0.0,0.0
2025-03-03 00:00:00+08:00,38.900001525878906,40.5,38.900001525878906,40.5,52008,0.0,0.0
2025-03-04 00:00:00+08:00,40.0,41.400001525878906,40.0,41.25,28103,0.0,0.0
2025-03-05 00:00:00+08:00,41.150001525878906,41.150001525878906,40.29999923706055,40.5,63079,0.0,0.0
2025-03-06 00:00:00+08:00,39.79999923706055,40.45000076293945,39.20000076293945,39.20000076293945,68051,0.0,0.0
2025-03-07 00:00:00+08:00,39.29999923706055,39.29999923706055,37.5,38.099998474121094,62016,0.0,0.0
2025-03-10 00:00:00+08:00,38.099998474121094,39.79999923706055,38.099998474121094,38.900001525878906,45500,0.0,0.0
2025-03-11 00:00:00+08:00,37.70000076293945,37.900001525878906,37.0,37.5,28022,0.0,0.0
2025-03-12 00:00:00+08:00,39.099998474121094,39.099998474121094,37.400001525878906,37.650001525878906,22010,0.0,0.0
2025-03-13 00:00:00+08:00,38.0,38.0,36.29999923706055,36.650001525878906,42028,0.0,0.0
2025-03-14 00:00:00+08:00,35.900001525878906,35.900001525878906,33.5,35.5,93121,0.0,0.0
2025-03-17 00:00:00+08:00,34.75,35.79999923706055,34.70000076293945,35.400001525878906,24040,0.0,0.0
2025-03-18 00:00:00+08:00,35.04999923706055,35.5,34.099998474121094,34.29999923706055,37058,0.0,0.0
2025-03-19 00:00:00+08:00,35.400001525878906,35.400001525878906,33.900001525878906,34.54999923706055,53009,0.0,0.0
2025-03-20 00:00:00+08:00,34.70000076293945,35.70000076293945,33.849998474121094,33.95000076293945,56110,0.0,0.0
2025-03-21 00:00:00+08:00,33.95000076293945,34.599998474121094,33.79999923706055,34.20000076293945,47009,0.0,0.0
2025-03-24 00:00:00+08:00,34.5,34.75,34.0,34.0,17100,0.0,0.0
2025-03-25 00:00:00+08:00,34.0,34.0,33.599998474121094,33.599998474121094,18005,0.0,0.0
2025-03-26 00:00:00+08:00,34.20000076293945,36.95000076293945,34.20000076293945,36.95000076293945,68730,0.0,0.0
2025-03-27 00:00:00+08:00,38.95000076293945,40.599998474121094,38.5,40.599998474121094,235400,0.0,0.0
2025-03-28 00:00:00+08:00,39.900001525878906,39.900001525878906,36.650001525878906,37.650001525878906,256000,0.0,0.0
2025-03-31 00:00:00+08:00,36.0,37.25,34.29999923706055,34.29999923706055,71194,0.0,0.0
2025-04-01 00:00:00+08:00,35.900001525878906,37.70000076293945,35.099998474121094,37.70000076293945,85000,0.0,0.0
2025-04-02 00:00:00+08:00,37.20000076293945,40.650001525878906,37.20000076293945,39.0,154460,0.0,0.0
2025-04-07 00:00:00+08:00,35.099998474121094,35.099998474121094,35.099998474121094,35.099998474121094,9007,0.0,0.0
2025-04-08 00:00:00+08:00,31.600000381469727,31.600000381469727,31.600000381469727,31.600000381469727,61059,0.0,0.0
2025-04-09 00:00:00+08:00,28.450000762939453,29.0,28.450000762939453,28.450000762939453,107058,0.0,0.0
2025-04-10 00:00:00+08:00,31.100000381469727,31.25,30.399999618530273,31.25,146000,0.0,0.0
2025-04-11 00:00:00+08:00,33.599998474121094,34.349998474121094,33.599998474121094,34.349998474121094,137000,0.0,0.0
2025-04-14 00:00:00+08:00,37.75,37.75,37.75,37.75,101000,0.0,0.0
2025-04-15 00:00:00+08:00,37.79999923706055,38.70000076293945,37.0,38.45000076293945,123030,0.0,0.0
2025-04-16 00:00:00+08:00,42.20000076293945,42.20000076293945,37.150001525878906,38.5,171108,0.0,0.0
2025-04-17 00:00:00+08:00,37.20000076293945,38.04999923706055,36.29999923706055,37.349998474121094,60055,0.0,0.0
2025-04-18 00:00:00+08:00,38.0,38.0,36.900001525878906,37.04999923706055,23001,0.0,0.0
2025-04-21 00:00:00+08:00,36.099998474121094,37.04999923706055,34.5,35.04999923706055,37003,0.0,0.0
2025-04-22 00:00:00+08:00,35.04999923706055,35.849998474121094,35.0,35.79999923706055,21001,0.0,0.0
2025-04-23 00:00:00+08:00,36.70000076293945,37.900001525878906,36.70000076293945,37.54999923706055,42002,0.0,0.0
2025-04-24 00:00:00+08:00,37.599998474121094,37.900001525878906,37.0,37.20000076293945,39001,0.0,0.0
2025-04-25 00:00:00+08:00,38.0,39.900001525878906,37.20000076293945,39.900001525878906,100020,0.0,0.0
2025-04-28 00:00:00+08:00,40.849998474121094,42.849998474121094,39.900001525878906,42.0,272398,0.0,0.0
2025-04-29 00:00:00+08:00,42.0,46.0,40.79999923706055,45.70000076293945,405007,0.0,0.0
2025-04-30 00:00:00+08:00,46.79999923706055,47.5,43.5,44.0,247011,0.0,0.0
2025-05-02 00:00:00+08:00,44.45000076293945,48.400001525878906,44.45000076293945,48.400001525878906,626003,0.0,0.0
2025-05-05 00:00:00+08:00,49.849998474121094,50.599998474121094,43.599998474121094,45.04999923706055,496701,0.0,0.0
2025-05-06 00:00:00+08:00,44.0,49.54999923706055,44.0,49.099998474121094,563050,0.0,0.0
2025-05-07 00:00:00+08:00,49.900001525878906,49.900001525878906,47.099998474121094,47.70000076293945,218173,0.0,0.0
2025-05-08 00:00:00+08:00,47.79999923706055,49.599998474121094,47.099998474121094,48.75,188101,0.0,0.0
2025-05-09 00:00:00+08:00,50.20000076293945,50.20000076293945,47.099998474121094,48.0,185001,0.0,0.0
2025-05-12 00:00:00+08:00,47.95000076293945,52.20000076293945,47.900001525878906,48.349998474121094,373003,0.0,0.0
2025-05-13 00:00:00+08:00,48.349998474121094,48.5,46.0,46.29999923706055,337301,0.0,0.0
2025-05-14 00:00:00+08:00,47.0,47.20000076293945,46.29999923706055,47.0,125002,0.0,0.0
2025-05-15 00:00:00+08:00,47.0,47.70000076293945,45.29999923706055,46.650001525878906,137800,0.0,0.0
2025-05-16 00:00:00+08:00,47.5,48.599998474121094,46.45000076293945,48.20000076293945,199011,0.0,0.0
2025-05-19 00:00:00+08:00,48.5,48.5,46.70000076293945,47.5,107210,0.0,0.0
2025-05-20 00:00:00+08:00,47.099998474121094,50.900001525878906,47.099998474121094,48.04999923706055,276000,0.0,0.0
2025-05-21 00:00:00+08:00,49.0,49.400001525878906,47.54999923706055,48.400001525878906,131168,0.0,0.0
2025-05-22 00:00:00+08:00,47.95000076293945,48.0,45.79999923706055,47.25,179131,0.0,0.0
2025-05-23 00:00:00+08:00,47.20000076293945,48.29999923706055,45.20000076293945,45.20000076293945,101232,0.0,0.0
2025-05-26 00:00:00+08:00,45.29999923706055,45.95000076293945,44.099998474121094,45.099998474121094,92454,0.0,0.0
2025-05-27 00:00:00+08:00,45.099998474121094,45.849998474121094,42.70000076293945,42.70000076293945,116083,0.0,0.0
2025-05-28 00:00:00+08:00,43.0,46.95000076293945,43.0,46.95000076293945,417002,0.0,0.0
2025-05-29 00:00:00+08:00,49.900001525878906,51.599998474121094,49.45000076293945,51.599998474121094,760254,0.0,0.0
2025-06-02 00:00:00+08:00,52.900001525878906,56.5,47.599998474121094,47.599998474121094,5549165,0.0,0.0
2025-06-03 00:00:00+08:00,49.5,52.29999923706055,49.45000076293945,52.29999923706055,829111,0.0,0.0
2025-06-04 00:00:00+08:00,54.900001525878906,57.5,52.5,57.5,5167117,0.0,0.0
2025-06-05 00:00:00+08:00,60.0,63.20000076293945,59.0,63.20000076293945,11774447,0.0,0.0
2025-06-06 00:00:00+08:00,64.5,64.9000015258789,60.0,60.900001525878906,9957956,0.0,0.0
2025-06-09 00:00:00+08:00,61.900001525878906,66.9000015258789,61.5,66.9000015258789,8011370,0.0,0.0
2025-06-10 00:00:00+08:00,66.9000015258789,67.19999694824219,61.400001525878906,62.400001525878906,7003334,0.0,0.0
2025-06-11 00:00:00+08:00,61.5,61.5,57.5,58.20000076293945,1172645,0.0,0.0
2025-06-12 00:00:00+08:00,58.20000076293945,59.0,57.400001525878906,58.400001525878906,334200,0.0,0.0
2025-06-13 00:00:00+08:00,58.20000076293945,58.5,57.0,57.20000076293945,236317,0.0,0.0
2025-06-16 00:00:00+08:00,57.0,57.70000076293945,55.599998474121094,57.70000076293945,216703,0.0,0.0
2025-06-17 00:00:00+08:00,58.20000076293945,58.70000076293945,56.5,56.5,266421,0.0,0.0
2025-06-18 00:00:00+08:00,56.599998474121094,61.5,56.5,59.79999923706055,594427,0.0,0.0
2025-06-19 00:00:00+08:00,59.5,60.79999923706055,58.0,60.400001525878906,254630,0.0,0.0
2025-06-20 00:00:00+08:00,60.0,61.400001525878906,58.400001525878906,61.29999923706055,472940,0.0,0.0
2025-06-23 00:00:00+08:00,59.599998474121094,64.5,59.599998474121094,64.0999984741211,876734,0.0,0.0
2025-06-24 00:00:00+08:00,63.79999923706055,65.5999984741211,63.79999923706055,64.9000015258789,619730,0.0,0.0
2025-06-25 00:00:00+08:00,65.0,66.4000015258789,64.0999984741211,65.69999694824219,724179,0.0,0.0
2025-06-26 00:00:00+08:00,66.19999694824219,67.4000015258789,64.0,65.0,923620,0.0,0.0
2025-06-27 00:00:00+08:00,67.9000015258789,69.4000015258789,60.0,60.0,2548911,0.0,0.0
2025-06-30 00:00:00+08:00,60.099998474121094,61.79999923706055,57.29999923706055,60.0,1601084,0.0,0.0
2025-07-01 00:00:00+08:00,60.20000076293945,60.599998474121094,58.29999923706055,58.29999923706055,548077,0.0,0.0
2025-07-02 00:00:00+08:00,57.900001525878906,63.400001525878906,57.900001525878906,60.0,1684166,0.0,0.0
2025-07-03 00:00:00+08:00,60.599998474121094,61.29999923706055,59.0,59.29999923706055,573189,0.0,0.0
2025-07-04 00:00:00+08:00,59.900001525878906,59.900001525878906,56.29999923706055,56.5,573112,0.0,0.0
2025-07-07 00:00:00+08:00,55.5,59.400001525878906,55.5,56.099998474121094,485002,0.0,0.0
2025-07-08 00:00:00+08:00,56.5,56.900001525878906,54.900001525878906,56.0,296025,0.0,0.0
2025-07-09 00:00:00+08:00,56.599998474121094,58.599998474121094,56.29999923706055,56.79999923706055,248025,0.0,0.0
2025-07-10 00:00:00+08:00,56.0,58.5,56.0,57.70000076293945,405029,0.0,0.0
2025-07-11 00:00:00+08:00,57.5,59.099998474121094,57.20000076293945,57.400001525878906,284210,0.0,0.0
2025-07-14 00:00:00+08:00,58.0,58.0,55.5,55.599998474121094,268025,0.0,0.0
2025-07-15 00:00:00+08:00,56.599998474121094,58.400001525878906,56.099998474121094,57.79999923706055,411362,0.0,0.0
2025-07-16 00:00:00+08:00,58.5,62.400001525878906,57.900001525878906,59.70000076293945,1151109,0.0,0.0
2025-07-17 00:00:00+08:00,59.29999923706055,60.0,57.79999923706055,58.900001525878906,376009,0.0,0.0
2025-07-18 00:00:00+08:00,59.79999923706055,59.900001525878906,58.0,58.0,301000,0.0,0.0
2025-07-21 00:00:00+08:00,58.79999923706055,59.5,57.70000076293945,58.599998474121094,299001,0.0,0.0
2025-07-22 00:00:00+08:00,58.599998474121094,59.70000076293945,55.79999923706055,56.70000076293945,296005,0.0,0.0
2025-07-23 00:00:00+08:00,56.599998474121094,58.099998474121094,56.099998474121094,56.099998474121094,197275,0.0,0.0
2025-07-24 00:00:00+08:00,57.400001525878906,57.400001525878906,55.599998474121094,56.5,184001,0.0,0.0
2025-07-25 00:00:00+08:00,56.5,56.5,55.400001525878906,55.5,144040,0.0,0.0
2025-07-28 00:00:00+08:00,55.29999923706055,56.400001525878906,53.0,55.29999923706055,301101,0.0,0.0
2025-07-29 00:00:00+08:00,56.20000076293945,58.900001525878906,54.79999923706055,57.70000076293945,705100,0.0,0.0
2025-07-30 00:00:00+08:00,58.599998474121094,62.5,58.0,58.0,1295009,0.0,0.0
2025-07-31 00:00:00+08:00,58.599998474121094,59.20000076293945,57.099998474121094,57.70000076293945,265150,0.0,0.0
2025-08-04 00:00:00+08:00,57.70000076293945,59.599998474121094,57.70000076293945,59.099998474121094,172020,0.0,0.0
2025-08-05 00:00:00+08:00,59.70000076293945,61.5,59.599998474121094,59.599998474121094,579169,0.0,0.0
2025-08-06 00:00:00+08:00,59.599998474121094,62.5,59.0,61.099998474121094,694034,0.0,0.0
2025-08-07 00:00:00+08:00,62.5,62.5,59.79999923706055,60.79999923706055,529025,0.0,0.0
2025-08-08 00:00:00+08:00,59.099998474121094,59.900001525878906,57.5,57.79999923706055,818013,0.0,0.0
2025-08-11 00:00:00+08:00,58.29999923706055,58.900001525878906,56.70000076293945,57.70000076293945,191020,0.0,0.0
2025-08-12 00:00:00+08:00,57.29999923706055,58.70000076293945,57.29999923706055,58.5,141001,0.0,0.0
2025-08-13 00:00:00+08:00,58.599998474121094,59.20000076293945,56.0,57.79999923706055,239093,0.0,0.0
2025-08-14 00:00:00+08:00,57.400001525878906,58.900001525878906,56.5,57.400001525878906,278024,0.0,0.0
2025-08-15 00:00:00+08:00,57.400001525878906,57.70000076293945,54.099998474121094,55.099998474121094,499001,0.0,0.0
2025-08-18 00:00:00+08:00,55.0,55.0,53.099998474121094,54.0,352800,0.0,0.0
2025-08-19 00:00:00+08:00,54.099998474121094,54.900001525878906,53.29999923706055,53.599998474121094,171000,0.0,0.0
2025-08-20 00:00:00+08:00,53.70000076293945,54.5,52.5,52.599998474121094,176100,0.0,0.0
2025-08-21 00:00:00+08:00,53.400001525878906,53.400001525878906,51.599998474121094,51.599998474121094,145700,0.0,0.0
2025-08-22 00:00:00+08:00,51.70000076293945,51.70000076293945,50.0,50.0,267297,0.0,0.0
2025-08-25 00:00:00+08:00,50.400001525878906,52.29999923706055,50.29999923706055,50.70000076293945,139022,0.0,0.0
2025-08-26 00:00:00+08:00,50.70000076293945,51.0,48.70000076293945,49.29999923706055,170000,0.0,0.0
2025-08-27 00:00:00+08:00,49.79999923706055,50.0,48.0,48.75,307002,0.0,0.0
2025-08-28 00:00:00+08:00,48.20000076293945,49.20000076293945,47.70000076293945,47.75,161477,0.0,0.0
2025-08-29 00:00:00+08:00,48.75,48.75,47.400001525878906,47.599998474121094,99021,0.0,0.0
2025-09-01 00:00:00+08:00,47.5,47.5,45.400001525878906,46.0,179000,0.0,0.0
2025-09-02 00:00:00+08:00,45.45000076293945,46.900001525878906,45.29999923706055,45.349998474121094,88241,0.0,0.0
2025-09-03 00:00:00+08:00,44.599998474121094,45.900001525878906,44.599998474121094,45.349998474121094,129563,0.0,0.0
2025-09-04 00:00:00+08:00,45.70000076293945,47.54999923706055,45.25,46.900001525878906,155090,0.0,0.0
2025-09-05 00:00:00+08:00,46.29999923706055,46.29999923706055,44.849998474121094,45.29999923706055,112244,0.0,0.0
2025-09-08 00:00:00+08:00,45.54999923706055,46.20000076293945,45.25,45.599998474121094,78488,0.0,0.0
2025-09-09 00:00:00+08:00,45.95000076293945,45.95000076293945,44.0,44.45000076293945,111330,0.0,0.0
2025-09-10 00:00:00+08:00,44.45000076293945,48.599998474121094,44.45000076293945,48.400001525878906,230700,0.0,0.0
2025-09-11 00:00:00+08:00,48.5,48.5,45.04999923706055,46.29999923706055,145289,0.0,0.0
2025-09-12 00:00:00+08:00,47.150001525878906,47.45000076293945,45.54999923706055,46.0,139404,0.0,0.0
2025-09-15 00:00:00+08:00,45.099998474121094,45.599998474121094,44.5,44.849998474121094,42046,0.0,0.0
2025-09-16 00:00:00+08:00,44.70000076293945,45.79999923706055,44.70000076293945,45.04999923706055,44601,0.0,0.0
2025-09-17 00:00:00+08:00,45.900001525878906,46.20000076293945,45.0,46.0,53382,0.0,0.0
2025-09-18 00:00:00+08:00,46.0,46.849998474121094,45.099998474121094,46.20000076293945,32020,0.0,0.0
2025-09-19 00:00:00+08:00,46.849998474121094,46.849998474121094,45.349998474121094,45.599998474121094,37000,0.0,0.0
2025-09-22 00:00:00+08:00,45.400001525878906,45.849998474121094,45.099998474121094,45.79999923706055,34294,0.0,0.0
2025-09-23 00:00:00+08:00,46.04999923706055,46.04999923706055,44.70000076293945,45.25,42010,0.0,0.0
2025-09-24 00:00:00+08:00,45.400001525878906,45.400001525878906,44.0,44.29999923706055,53301,0.0,0.0
2025-09-25 00:00:00+08:00,45.0,45.349998474121094,43.5,43.95000076293945,45000,0.0,0.0
2025-09-26 00:00:00+08:00,42.95000076293945,44.29999923706055,42.04999923706055,42.650001525878906,64000,0.0,0.0
2025-09-30 00:00:00+08:00,44.20000076293945,44.20000076293945,42.400001525878906,43.45000076293945,44000,0.0,0.0
2025-10-01 00:00:00+08:00,44.400001525878906,44.400001525878906,42.849998474121094,43.599998474121094,26000,0.0,0.0
2025-10-02 00:00:00+08:00,43.599998474121094,43.599998474121094,42.5,42.900001525878906,60002,0.0,0.0
2025-10-03 00:00:00+08:00,42.70000076293945,43.70000076293945,42.70000076293945,43.5,38000,0.0,0.0
2025-10-07 00:00:00+08:00,43.04999923706055,44.20000076293945,43.0,44.04999923706055,18039,0.0,0.0
2025-10-08 00:00:00+08:00,43.20000076293945,44.400001525878906,43.20000076293945,44.349998474121094,38345,0.0,0.0
2025-10-09 00:00:00+08:00,44.45000076293945,47.75,44.45000076293945,46.20000076293945,117300,0.0,0.0
2025-10-13 00:00:00+08:00,43.70000076293945,44.95000076293945,43.70000076293945,44.79999923706055,43001,0.0,0.0
2025-10-14 00:00:00+08:00,47.0,47.0,43.599998474121094,44.400001525878906,49351,0.0,0.0
2025-10-15 00:00:00+08:00,45.79999923706055,45.79999923706055,43.900001525878906,44.45000076293945,22005,0.0,0.0
2025-10-16 00:00:00+08:00,44.45000076293945,45.599998474121094,42.79999923706055,44.650001525878906,54022,0.0,0.0
2025-10-17 00:00:00+08:00,43.5,44.599998474121094,42.70000076293945,42.79999923706055,33256,0.0,0.0
2025-10-20 00:00:00+08:00,43.849998474121094,43.849998474121094,42.5,42.5,15120,0.0,0.0
2025-10-21 00:00:00+08:00,42.900001525878906,43.0,42.04999923706055,42.04999923706055,50110,0.0,0.0
2025-10-22 00:00:00+08:00,43.29999923706055,43.70000076293945,42.29999923706055,42.95000076293945,24002,0.0,0.0
2025-10-23 00:00:00+08:00,42.95000076293945,43.099998474121094,42.04999923706055,42.599998474121094,19068,0.0,0.0
2025-10-27 00:00:00+08:00,42.04999923706055,42.70000076293945,41.79999923706055,41.900001525878906,43002,0.0,0.0
2025-10-28 00:00:00+08:00,41.79999923706055,41.79999923706055,39.0,40.349998474121094,46000,0.0,0.0
2025-10-29 00:00:00+08:00,43.29999923706055,43.29999923706055,40.599998474121094,41.349998474121094,37005,0.0,0.0
2025-10-30 00:00:00+08:00,41.0,41.04999923706055,40.150001525878906,40.95000076293945,29002,0.0,0.0
2025-10-31 00:00:00+08:00,40.5,40.900001525878906,39.900001525878906,39.900001525878906,25004,0.0,0.0
2025-11-03 00:00:00+08:00,39.79999923706055,41.400001525878906,39.650001525878906,40.0,40001,0.0,0.0
2025-11-04 00:00:00+08:00,39.099998474121094,39.95000076293945,38.5,39.400001525878906,53000,0.0,0.0
2025-11-05 00:00:00+08:00,39.400001525878906,40.0,38.599998474121094,39.0,11000,0.0,0.0
2025-11-06 00:00:00+08:00,39.0,40.150001525878906,38.849998474121094,39.099998474121094,40001,0.0,0.0
2025-11-07 00:00:00+08:00,39.349998474121094,39.75,39.099998474121094,39.70000076293945,49042,0.0,0.0
2025-11-10 00:00:00+08:00,39.75,39.75,38.5,39.70000076293945,19021,0.0,0.0
2025-11-11 00:00:00+08:00,39.900001525878906,39.900001525878906,38.099998474121094,38.599998474121094,34053,0.0,0.0
2025-11-12 00:00:00+08:00,38.099998474121094,39.5,38.099998474121094,39.20000076293945,44000,0.0,0.0
2025-11-13 00:00:00+08:00,40.0,40.0,39.0,39.599998474121094,25100,0.0,0.0
2025-11-14 00:00:00+08:00,39.20000076293945,39.75,38.599998474121094,38.70000076293945,17001,0.0,0.0
2025-11-17 00:00:00+08:00,36.650001525878906,38.5,36.650001525878906,37.29999923706055,13063,0.0,0.0
2025-11-18 00:00:00+08:00,37.0,38.0,35.79999923706055,35.79999923706055,43200,0.0,0.0
2025-11-19 00:00:00+08:00,36.900001525878906,36.900001525878906,35.0,35.0,31000,0.0,0.0
2025-11-20 00:00:00+08:00,36.45000076293945,36.45000076293945,34.04999923706055,34.95000076293945,38000,0.0,0.0
2025-11-21 00:00:00+08:00,34.400001525878906,34.400001525878906,32.45000076293945,34.0,33000,0.0,0.0
2025-11-24 00:00:00+08:00,33.95000076293945,34.45000076293945,32.599998474121094,33.45000076293945,39052,0.0,0.0
2025-11-25 00:00:00+08:00,34.349998474121094,34.349998474121094,33.599998474121094,33.900001525878906,26010,0.0,0.0
2025-11-26 00:00:00+08:00,33.900001525878906,37.25,33.900001525878906,37.25,151126,0.0,0.0
2025-11-27 00:00:00+08:00,38.650001525878906,40.400001525878906,36.349998474121094,36.349998474121094,295131,0.0,0.0
2025-11-28 00:00:00+08:00,36.75,39.95000076293945,36.45000076293945,39.95000076293945,187000,0.0,0.0
2025-12-01 00:00:00+08:00,40.150001525878906,43.349998474121094,40.150001525878906,41.599998474121094,459027,0.0,0.0
2025-12-02 00:00:00+08:00,42.849998474121094,42.849998474121094,40.599998474121094,40.79999923706055,181006,0.0,0.0
2025-12-03 00:00:00+08:00,40.849998474121094,41.599998474121094,40.099998474121094,40.75,62021,0.0,0.0
2025-12-04 00:00:00+08:00,40.900001525878906,40.900001525878906,39.5,40.150001525878906,60009,0.0,0.0
2025-12-05 00:00:00+08:00,40.5,40.79999923706055,39.349998474121094,39.95000076293945,44035,0.0,0.0
2025-12-08 00:00:00+08:00,40.20000076293945,40.20000076293945,39.150001525878906,39.95000076293945,21031,0.0,0.0
2025-12-09 00:00:00+08:00,41.04999923706055,42.5,39.0,42.0,89575,0.0,0.0
2025-12-10 00:00:00+08:00,42.650001525878906,43.5,41.20000076293945,41.25,104043,0.0,0.0
2025-12-11 00:00:00+08:00,41.650001525878906,41.650001525878906,40.0,40.0,36116,0.0,0.0
2025-12-12 00:00:00+08:00,40.79999923706055,41.45000076293945,40.0,40.70000076293945,39004,0.0,0.0
2025-12-15 00:00:00+08:00,40.70000076293945,41.20000076293945,39.599998474121094,40.650001525878906,35000,0.0,0.0
2025-12-16 00:00:00+08:00,40.95000076293945,40.95000076293945,39.70000076293945,40.150001525878906,23001,0.0,0.0
2025-12-17 00:00:00+08:00,40.95000076293945,40.95000076293945,39.5,39.5,14062,0.0,0.0
2025-12-18 00:00:00+08:00,39.5,40.5,39.099998474121094,39.45000076293945,27035,0.0,0.0
2025-12-19 00:00:00+08:00,40.5,40.599998474121094,39.5,39.95000076293945,20003,0.0,0.0
2025-12-22 00:00:00+08:00,40.5,40.5,39.400001525878906,39.900001525878906,19001,0.0,0.0
2025-12-23 00:00:00+08:00,39.75,40.20000076293945,39.650001525878906,39.650001525878906,20102,0.0,0.0
2025-12-24 00:00:00+08:00,39.29999923706055,40.099998474121094,39.29999923706055,39.349998474121094,9261,0.0,0.0
2025-12-26 00:00:00+08:00,38.95000076293945,40.349998474121094,38.54999923706055,38.900001525878906,63053,0.0,0.0
2025-12-29 00:00:00+08:00,37.5,38.849998474121094,37.5,38.79999923706055,60035,0.0,0.0
2025-12-30 00:00:00+08:00,38.79999923706055,38.79999923706055,37.95000076293945,38.5,34004,0.0,0.0
2025-12-31 00:00:00+08:00,38.5,39.400001525878906,38.5,38.650001525878906,32043,0.0,0.0
2026-01-02 00:00:00+08:00,38.29999923706055,40.150001525878906,38.29999923706055,39.75,71000,0.0,0.0
2026-01-05 00:00:00+08:00,39.75,40.0,39.400001525878906,39.45000076293945,28005,0.0,0.0
2026-01-06 00:00:00+08:00,39.20000076293945,39.79999923706055,38.5,39.25,54003,0.0,0.0
2026-01-07 00:00:00+08:00,39.25,40.29999923706055,38.5,40.29999923706055,109509,0.0,0.0
2026-01-08 00:00:00+08:00,40.5,40.5,39.400001525878906,39.900001525878906,60140,0.0,0.0
2026-01-09 00:00:00+08:00,39.900001525878906,39.900001525878906,38.29999923706055,38.650001525878906,40135,0.0,0.0
2026-01-12 00:00:00+08:00,39.70000076293945,39.75,39.04999923706055,39.20000076293945,38005,0.0,0.0
2026-01-13 00:00:00+08:00,38.75,38.849998474121094,38.29999923706055,38.29999923706055,35001,0.0,0.0
2026-01-14 00:00:00+08:00,37.79999923706055,39.400001525878906,37.79999923706055,38.650001525878906,37001,0.0,0.0
2026-01-15 00:00:00+08:00,38.099998474121094,39.099998474121094,38.0,38.400001525878906,20004,0.0,0.0
2026-01-16 00:00:00+08:00,38.400001525878906,38.75,37.79999923706055,38.349998474121094,58100,0.0,0.0
2026-01-19 00:00:00+08:00,37.79999923706055,38.75,37.79999923706055,38.099998474121094,41150,0.0,0.0
2026-01-20 00:00:00+08:00,37.79999923706055,38.849998474121094,37.349998474121094,37.75,43000,0.0,0.0
2026-01-21 00:00:00+08:00,38.0,38.5,37.400001525878906,37.79999923706055,50700,0.0,0.0
2026-01-22 00:00:00+08:00,37.650001525878906,38.45000076293945,37.0,37.5,91040,0.0,0.0
2026-01-23 00:00:00+08:00,37.5,37.5,36.45000076293945,36.650001525878906,78005,0.0,0.0
2026-01-26 00:00:00+08:00,36.650001525878906,37.70000076293945,36.650001525878906,37.400001525878906,45003,0.0,0.0
2026-01-27 00:00:00+08:00,37.70000076293945,37.70000076293945,36.79999923706055,37.29999923706055,23002,0.0,0.0
2026-01-28 00:00:00+08:00,37.75,37.75,36.70000076293945,36.95000076293945,21175,0.0,0.0
2026-01-29 00:00:00+08:00,37.5,37.5,35.29999923706055,35.29999923706055,32200,0.0,0.0
2026-01-30 00:00:00+08:00,35.70000076293945,36.0,34.95000076293945,35.29999923706055,36943,0.0,0.0
2026-02-02 00:00:00+08:00,36.25,36.25,33.5,34.5,90088,0.0,0.0
2026-02-03 00:00:00+08:00,35.849998474121094,35.849998474121094,34.650001525878906,35.0,15034,0.0,0.0
2026-02-04 00:00:00+08:00,35.0,37.5,35.0,37.5,121179,0.0,0.0
2026-02-05 00:00:00+08:00,38.0,38.0,36.349998474121094,36.349998474121094,13109,0.0,0.0
2026-02-06 00:00:00+08:00,35.150001525878906,36.5,35.0,35.54999923706055,37004,0.0,0.0
2026-02-09 00:00:00+08:00,35.599998474121094,37.79999923706055,35.599998474121094,35.849998474121094,21020,0.0,0.0
2026-02-10 00:00:00+08:00,36.900001525878906,36.900001525878906,35.0,35.349998474121094,23235,0.0,0.0
2026-02-11 00:00:00+08:00,35.29999923706055,35.349998474121094,34.900001525878906,35.29999923706055,12401,0.0,0.0
2026-02-23 00:00:00+08:00,35.29999923706055,36.5,34.599998474121094,35.0,40002,0.0,0.0
2026-02-24 00:00:00+08:00,34.95000076293945,34.95000076293945,34.45000076293945,34.70000076293945,64139,0.0,0.0
2026-02-25 00:00:00+08:00,34.79999923706055,35.900001525878906,34.70000076293945,35.29999923706055,47244,0.0,0.0
2026-02-26 00:00:00+08:00,35.75,36.5,34.650001525878906,36.099998474121094,55115,0.0,0.0
2026-03-02 00:00:00+08:00,35.0,35.75,34.900001525878906,35.400001525878906,32134,0.0,0.0
2026-03-03 00:00:00+08:00,36.20000076293945,36.20000076293945,34.04999923706055,34.95000076293945,47083,0.0,0.0
2026-03-04 00:00:00+08:00,34.54999923706055,34.54999923706055,32.70000076293945,32.70000076293945,36183,0.0,0.0
2026-03-05 00:00:00+08:00,33.5,35.79999923706055,33.45000076293945,34.95000076293945,52007,0.0,0.0
2026-03-06 00:00:00+08:00,34.20000076293945,34.95000076293945,34.20000076293945,34.45000076293945,25007,0.0,0.0
2026-03-09 00:00:00+08:00,33.04999923706055,33.04999923706055,31.049999237060547,31.049999237060547,118013,0.0,0.0
2026-03-10 00:00:00+08:00,31.100000381469727,32.20000076293945,31.0,31.200000762939453,67008,0.0,0.0
2026-03-11 00:00:00+08:00,30.0,31.799999237060547,30.0,31.700000762939453,57059,0.0,0.0
2026-03-12 00:00:00+08:00,31.5,31.700000762939453,31.149999618530273,31.299999237060547,35008,0.0,0.0
2026-03-13 00:00:00+08:00,31.0,31.0,30.049999237060547,30.549999237060547,61008,0.0,0.0
2026-03-16 00:00:00+08:00,30.549999237060547,30.799999237060547,30.399999618530273,30.549999237060547,18014,0.0,0.0
2026-03-17 00:00:00+08:00,30.649999618530273,31.5,30.600000381469727,30.600000381469727,28007,0.0,0.0
2026-03-18 00:00:00+08:00,31.450000762939453,32.150001525878906,30.600000381469727,32.150001525878906,103008,0.0,0.0
2026-03-19 00:00:00+08:00,32.0,35.349998474121094,32.0,35.349998474121094,158000,0.0,0.0
2026-03-20 00:00:00+08:00,35.349998474121094,38.849998474121094,35.349998474121094,37.599998474121094,888010,0.0,0.0
2026-03-23 00:00:00+08:00,36.95000076293945,36.95000076293945,33.849998474121094,33.849998474121094,220014,0.0,0.0
2026-03-24 00:00:00+08:00,34.20000076293945,34.29999923706055,32.45000076293945,33.04999923706055,125016,0.0,0.0
2026-03-25 00:00:00+08:00,34.0,34.20000076293945,32.95000076293945,33.099998474121094,44011,0.0,0.0
2026-03-26 00:00:00+08:00,33.900001525878906,33.900001525878906,32.95000076293945,33.150001525878906,46017,0.0,0.0
2026-03-27 00:00:00+08:00,33.150001525878906,34.150001525878906,33.099998474121094,33.75,45036,0.0,0.0
2026-03-30 00:00:00+08:00,32.599998474121094,33.75,32.54999923706055,33.20000076293945,36039,0.0,0.0
2026-03-31 00:00:00+08:00,33.20000076293945,34.20000076293945,32.70000076293945,32.900001525878906,42012,0.0,0.0
2026-04-01 00:00:00+08:00,33.75,33.900001525878906,32.900001525878906,33.5,39023,0.0,0.0
2026-04-02 00:00:00+08:00,34.0,34.04999923706055,32.75,33.0,29062,0.0,0.0
2026-04-07 00:00:00+08:00,33.0,33.79999923706055,32.599998474121094,33.29999923706055,19013,0.0,0.0
2026-04-08 00:00:00+08:00,33.29999923706055,34.150001525878906,32.75,33.349998474121094,42040,0.0,0.0
2026-04-09 00:00:00+08:00,33.5,33.5,32.0,32.25,68013,0.0,0.0
2026-04-10 00:00:00+08:00,31.899999618530273,32.349998474121094,31.600000381469727,31.600000381469727,63062,0.0,0.0
2026-04-13 00:00:00+08:00,30.549999237060547,31.5,30.549999237060547,31.350000381469727,61012,0.0,0.0
2026-04-14 00:00:00+08:00,32.45000076293945,32.45000076293945,31.200000762939453,31.25,41007,0.0,0.0
2026-04-15 00:00:00+08:00,31.299999237060547,31.899999618530273,30.700000762939453,31.299999237060547,67111,0.0,0.0
2026-04-16 00:00:00+08:00,31.100000381469727,32.20000076293945,31.0,31.850000381469727,63202,0.0,0.0
2026-04-17 00:00:00+08:00,32.150001525878906,32.150001525878906,31.0,31.299999237060547,48002,0.0,0.0
2026-04-20 00:00:00+08:00,30.799999237060547,31.25,30.399999618530273,30.5,77100,0.0,0.0
2026-04-21 00:00:00+08:00,30.049999237060547,31.399999618530273,30.0,31.399999618530273,133701,0.0,0.0
2026-04-22 00:00:00+08:00,31.5,32.54999923706055,31.5,32.45000076293945,86002,0.0,0.0
2026-04-23 00:00:00+08:00,32.79999923706055,32.79999923706055,30.5,31.25,88061,0.0,0.0
2026-04-24 00:00:00+08:00,32.150001525878906,32.150001525878906,31.25,31.799999237060547,46002,0.0,0.0
2026-04-27 00:00:00+08:00,32.45000076293945,32.45000076293945,31.399999618530273,32.0,35031,0.0,0.0
2026-04-28 00:00:00+08:00,32.0,32.5,31.450000762939453,31.600000381469727,25501,0.0,0.0
2026-04-29 00:00:00+08:00,31.600000381469727,32.150001525878906,31.5,31.799999237060547,19001,0.0,0.0
2026-04-30 00:00:00+08:00,31.799999237060547,31.899999618530273,31.5,31.5,16037,0.0,0.0
2026-05-04 00:00:00+08:00,31.5,31.850000381469727,30.799999237060547,31.200000762939453,46001,0.0,0.0
2026-05-05 00:00:00+08:00,31.200000762939453,31.5,30.799999237060547,31.0,32703,0.0,0.0
2026-05-06 00:00:00+08:00,31.0,32.0,30.200000762939453,30.299999237060547,85206,0.0,0.0
2026-05-07 00:00:00+08:00,30.350000381469727,30.399999618530273,29.850000381469727,29.899999618530273,183011,0.0,0.0
2026-05-08 00:00:00+08:00,29.799999237060547,30.799999237060547,29.799999237060547,30.600000381469727,94003,0.0,0.0
2026-05-11 00:00:00+08:00,31.299999237060547,31.299999237060547,30.149999618530273,30.5,50016,0.0,0.0
2026-05-12 00:00:00+08:00,30.049999237060547,30.049999237060547,29.5,29.549999237060547,162100,0.0,0.0
2026-05-13 00:00:00+08:00,30.299999237060547,30.299999237060547,29.5,29.850000381469727,51020,0.0,0.0
2026-05-14 00:00:00+08:00,29.899999618530273,30.700000762939453,29.5,29.5,68001,0.0,0.0
2026-05-15 00:00:00+08:00,30.600000381469727,30.600000381469727,29.0,29.149999618530273,67000,0.0,0.0
2026-05-18 00:00:00+08:00,29.149999618530273,29.149999618530273,28.450000762939453,28.450000762939453,79064,0.0,0.0
2026-05-19 00:00:00+08:00,28.299999237060547,29.100000381469727,28.100000381469727,28.100000381469727,54001,0.0,0.0
2026-05-20 00:00:00+08:00,28.100000381469727,28.950000762939453,27.5,28.350000381469727,65050,0.0,0.0
2026-05-21 00:00:00+08:00,29.149999618530273,30.299999237060547,28.799999237060547,29.100000381469727,101001,0.0,0.0
2026-05-22 00:00:00+08:00,29.100000381469727,29.75,28.899999618530273,29.299999237060547,78000,0.0,0.0
2026-05-25 00:00:00+08:00,29.399999618530273,29.399999618530273,27.149999618530273,27.149999618530273,166655,0.0,0.0
2026-05-26 00:00:00+08:00,27.5,28.0,27.299999237060547,27.600000381469727,69000,0.0,0.0
2026-05-27 00:00:00+08:00,28.0,28.0,26.899999618530273,27.5,65011,0.0,0.0
2026-05-28 00:00:00+08:00,26.75,27.5,26.549999237060547,26.950000762939453,119000,0.0,0.0
2026-05-29 00:00:00+08:00,26.600000381469727,27.5,26.600000381469727,27.5,54131,0.0,0.0
2026-06-01 00:00:00+08:00,27.5,29.399999618530273,27.5,28.299999237060547,65901,0.0,0.0
2026-06-02 00:00:00+08:00,28.299999237060547,28.899999618530273,27.0,27.0,92315,0.0,0.0
2026-06-03 00:00:00+08:00,27.0,28.0,27.0,27.950000762939453,63700,0.0,0.0
2026-06-04 00:00:00+08:00,27.950000762939453,28.450000762939453,27.5,27.600000381469727,28201,0.0,0.0
2026-06-05 00:00:00+08:00,28.200000762939453,28.200000762939453,27.0,27.950000762939453,95002,0.0,0.0
2026-06-08 00:00:00+08:00,25.299999237060547,26.75,25.299999237060547,26.049999237060547,21051,0.0,0.0
2026-06-09 00:00:00+08:00,27.5,27.5,25.049999237060547,25.049999237060547,53205,0.0,0.0
2026-06-10 00:00:00+08:00,25.299999237060547,26.25,25.299999237060547,25.399999618530273,47185,0.0,0.0
2026-06-11 00:00:00+08:00,23.549999237060547,26.399999618530273,23.549999237060547,25.299999237060547,36163,0.0,0.0
2026-06-12 00:00:00+08:00,25.850000381469727,25.899999618530273,25.0,25.0,53012,0.0,0.0
2026-06-15 00:00:00+08:00,25.049999237060547,26.299999237060547,25.049999237060547,26.0,32001,0.0,0.0
2026-06-16 00:00:00+08:00,26.0,26.75,25.299999237060547,25.350000381469727,37020,0.0,0.0
2026-06-17 00:00:00+08:00,25.549999237060547,26.600000381469727,25.299999237060547,25.299999237060547,37000,0.0,0.0
2026-06-18 00:00:00+08:00,25.899999618530273,25.899999618530273,24.799999237060547,25.0,66191,0.0,0.0
2026-06-22 00:00:00+08:00,25.0,25.0,23.200000762939453,24.100000381469727,152123,0.0,0.0
2026-06-23 00:00:00+08:00,24.049999237060547,24.049999237060547,22.0,23.0,227166,0.0,0.0
2026-06-24 00:00:00+08:00,22.149999618530273,22.799999237060547,21.700000762939453,22.549999237060547,228031,0.0,0.0
2026-06-25 00:00:00+08:00,22.700000762939453,22.700000762939453,21.799999237060547,21.799999237060547,72400,0.0,0.0
2026-06-26 00:00:00+08:00,21.200000762939453,21.799999237060547,20.600000381469727,20.649999618530273,357120,0.0,0.0
2026-06-29 00:00:00+08:00,20.799999237060547,22.700000762939453,20.799999237060547,22.700000762939453,269800,0.0,0.0
2026-06-30 00:00:00+08:00,23.850000381469727,24.649999618530273,22.950000762939453,23.0,304135,0.0,0.0
2026-07-01 00:00:00+08:00,23.0,23.549999237060547,21.850000381469727,21.899999618530273,107016,0.0,0.0
2026-07-02 00:00:00+08:00,21.149999618530273,22.75,21.100000381469727,22.600000381469727,81000,0.0,0.0
2026-07-03 00:00:00+08:00,23.0,23.0,22.100000381469727,22.799999237060547,71020,0.0,0.0
2026-07-06 00:00:00+08:00,22.200000762939453,22.649999618530273,22.100000381469727,22.5,54100,0.0,0.0
2026-07-07 00:00:00+08:00,23.0,23.149999618530273,22.399999618530273,22.399999618530273,27000,0.0,0.0
2026-07-08 00:00:00+08:00,23.0,23.0,22.049999237060547,22.049999237060547,30031,0.0,0.0
2026-07-09 00:00:00+08:00,22.899999618530273,22.899999618530273,22.0,22.100000381469727,38000,0.0,0.0
2026-07-10 00:00:00+08:00,22.100000381469727,22.100000381469727,22.100000381469727,22.100000381469727,0,0.0,0.0
2026-07-13 00:00:00+08:00,22.200000762939453,22.899999618530273,21.350000381469727,21.75,84060,0.0,0.0
2026-07-14 00:00:00+08:00,22.75,22.75,20.5,22.0,89005,0.0,0.0
2026-07-15 00:00:00+08:00,22.0,22.399999618530273,21.549999237060547,22.0,51092,0.0,0.0
2026-07-16 00:00:00+08:00,21.299999237060547,21.850000381469727,21.299999237060547,21.700000762939453,16090,0.0,0.0
2026-07-17 00:00:00+08:00,21.299999237060547,21.299999237060547,20.350000381469727,20.850000381469727,73001,0.0,0.0
2026-07-20 00:00:00+08:00,20.450000762939453,20.850000381469727,20.450000762939453,20.450000762939453,23001,0.0,0.0
2026-07-21 00:00:00+08:00,20.649999618530273,21.799999237060547,20.649999618530273,20.899999618530273,22011,0.0,0.0
2026-07-22 00:00:00+08:00,21.350000381469727,21.350000381469727,20.299999237060547,20.700000762939453,57000,0.0,0.0
2026-07-23 00:00:00+08:00,20.700000762939453,21.049999237060547,20.299999237060547,20.350000381469727,61003,0.0,0.0
2026-07-24 00:00:00+08:00,20.350000381469727,20.649999618530273,20.0,20.100000381469727,39000,0.0,0.0
2026-07-27 00:00:00+08:00,20.100000381469727,20.5,19.75,19.850000381469727,65015,0.0,0.0
2026-07-28 00:00:00+08:00,19.5,19.899999618530273,19.450000762939453,19.450000762939453,63001,0.0,0.0
2026-07-29 00:00:00+08:00,20.299999237060547,20.299999237060547,18.850000381469727,19.0,68001,0.0,0.0
2026-07-30 00:00:00+08:00,19.0,19.850000381469727,19.0,19.200000762939453,17000,0.0,0.0
2026-07-31 00:00:00+08:00,20.100000381469727,20.100000381469727,19.5,19.950000762939453,21000,0.0,0.0
2026-08-03 00:00:00+08:00,19.950000762939453,20.700000762939453,19.75,20.0,9003,0.0,0.0
2026-08-04 00:00:00+08:00,20.799999237060547,20.799999237060547,19.799999237060547,20.700000762939453,30000,0.0,0.0
2026-08-05 00:00:00+08:00,20.700000762939453,21.799999237060547,20.700000762939453,21.450000762939453,12004,0.0,0.0
2026-08-06 00:00:00+08:00,21.100000381469727,21.100000381469727,20.149999618530273,20.149999618530273,7000,0.0,0.0
2026-08-07 00:00:00+08:00,19.5,20.549999237060547,19.450000762939453,20.399999618530273,43001,0.0,0.0
2026-08-10 00:00:00+08:00,20.399999618530273,20.399999618530273,19.299999237060547,20.0,56100,0.0,0.0
2026-08-11 00:00:00+08:00,19.350000381469727,19.799999237060547,19.350000381469727,19.450000762939453,6002,0.0,0.0
2026-08-12 00:00:00+08:00,19.0,19.549999237060547,18.850000381469727,19.399999618530273,59010,0.0,0.0
2026-08-13 00:00:00+08:00,19.350000381469727,19.350000381469727,19.100000381469727,19.200000762939453,50002,0.0,0.0
2026-08-14 00:00:00+08:00,18.899999618530273,19.399999618530273,18.700000762939453,19.049999237060547,29000,0.0,0.0
2026-08-17 00:00:00+08:00,19.049999237060547,19.200000762939453,18.75,19.149999618530273,28101,0.0,0.0
2026-08-18 00:00:00+08:00,18.549999237060547,19.700000762939453,18.5,19.100000381469727,32001,0.0,0.0
2026-08-19 00:00:00+08:00,19.700000762939453,19.700000762939453,19.0,19.0,16000,0.0,0.0
2026-08-20 00:00:00+08:00,19.0,19.649999618530273,18.950000762939453,19.600000381469727,22038,0.0,0.0
2026-08-21 00:00:00+08:00,19.200000762939453,19.950000762939453,19.200000762939453,19.700000762939453,28000,0.0,0.0
2026-08-24 00:00:00+08:00,19.200000762939453,19.950000762939453,19.149999618530273,19.850000381469727,21000,0.0,0.0
2026-08-25 00:00:00+08:00,19.850000381469727,21.100000381469727,19.850000381469727,20.700000762939453,27000,0.0,0.0
2026-08-26 00:00:00+08:00,21.549999237060547,21.549999237060547,20.25,20.25,24042,0.0,0.0
2026-08-27 00:00:00+08:00,20.399999618530273,21.049999237060547,20.200000762939453,20.200000762939453,28100,0.0,0.0
2026-08-28 00:00:00+08:00,20.899999618530273,20.899999618530273,19.899999618530273,20.25,31000,0.0,0.0
