Date,Open,High,Low,Close,Volume,Dividends,Stock Splits,Capital Gains
2023-10-03 00:00:00-04:00,20.24041175842285,20.24041175842285,20.24041175842285,20.24041175842285,100,0.0,0.0,0.0
2023-10-04 00:00:00-04:00,20.468854904174805,20.468854904174805,20.468854904174805,20.468854904174805,0,0.0,0.0,0.0
2023-10-05 00:00:00-04:00,20.40089988708496,20.40089988708496,20.40089988708496,20.40089988708496,0,0.0,0.0,0.0
2023-10-06 00:00:00-04:00,20.540908813476562,20.540908813476562,20.540908813476562,20.540908813476562,0,0.0,0.0,0.0
2023-10-09 00:00:00-04:00,20.695659637451172,20.695659637451172,20.695659637451172,20.695659637451172,200,0.0,0.0,0.0
2023-10-10 00:00:00-04:00,20.76853370666504,20.76853370666504,20.76853370666504,20.76853370666504,0,0.0,0.0,0.0
2023-10-11 00:00:00-04:00,20.92164421081543,20.92164421081543,20.92164421081543,20.92164421081543,100,0.0,0.0,0.0
2023-10-12 00:00:00-04:00,20.797189127193953,20.797189127193953,20.766075134277344,20.766075134277344,900,0.0,0.0,0.0
2023-10-13 00:00:00-04:00,20.715309721887312,20.743148803710938,20.715309721887312,20.743148803710938,800,0.0,0.0,0.0
2023-10-16 00:00:00-04:00,20.85123062133789,20.85123062133789,20.85123062133789,20.85123062133789,100,0.0,0.0,0.0
2023-10-17 00:00:00-04:00,20.78081176899341,20.797187882540452,20.778356757502284,20.793094635009766,2200,0.0,0.0,0.0
2023-10-18 00:00:00-04:00,20.64161870730229,20.64161870730229,20.631793975830078,20.631793975830078,1400,0.0,0.0,0.0
2023-10-19 00:00:00-04:00,20.3877949606264,20.4041710746124,20.3877949606264,20.403352737426758,1200,0.0,0.0,0.0
2023-10-20 00:00:00-04:00,20.256789942663755,20.256789942663755,20.235502243041992,20.235502243041992,500,0.0,0.0,0.0
2023-10-23 00:00:00-04:00,20.29773074435687,20.29773074435687,20.273984909057617,20.273984909057617,53600,0.0,0.0,0.0
2023-10-24 00:00:00-04:00,20.39598313784531,20.420547308969105,20.39598313784531,20.418909072875977,203100,0.0,0.0,0.0
2023-10-25 00:00:00-04:00,20.224035705143574,20.30591314031027,20.15116310119629,20.15116310119629,2300,0.0,0.0,0.0
2023-10-26 00:00:00-04:00,20.02753092435894,20.02753092435894,20.019344427989648,20.025075912475586,1400,0.0,0.0,0.0
2023-10-27 00:00:00-04:00,19.978399582579666,19.998868942260742,19.962023470149987,19.998868942260742,1000,0.0,0.0,0.0
2023-10-30 00:00:00-04:00,20.19128978407363,20.20766590090328,20.17573356628418,20.17573356628418,2200,0.0,0.0,0.0
2023-10-31 00:00:00-04:00,20.26498032280994,20.26825523376465,20.256792264566947,20.26825523376465,1100,0.0,0.0,0.0
2023-11-01 00:00:00-04:00,20.502427582937532,20.502427582937532,20.48359489440918,20.48359489440918,700,0.0,0.0,0.0
2023-11-02 00:00:00-04:00,20.666183943647486,20.685016632080078,20.666183943647486,20.685016632080078,400,0.0,0.0,0.0
2023-11-03 00:00:00-04:00,20.780811379805574,20.796369155897537,20.7734432220459,20.7734432220459,2100,0.0,0.0,0.0
2023-11-06 00:00:00-05:00,20.780813780588144,20.821754068418795,20.780813780588144,20.80210304260254,3900,0.0,0.0,0.0
2023-11-07 00:00:00-05:00,20.870877814806832,20.870877814806832,20.844676971435547,20.844676971435547,300,0.0,0.0,0.0
2023-11-08 00:00:00-05:00,20.870884416620264,20.895448593513944,20.8626963576557,20.89299201965332,116600,0.0,0.0,0.0
2023-11-09 00:00:00-05:00,20.86924455877367,20.86924455877367,20.813566390991994,20.818479537963867,208300,0.0,0.0,0.0
2023-11-10 00:00:00-05:00,20.92000797349781,20.924102783203125,20.911821477511822,20.924102783203125,221900,0.0,0.0,0.0
2023-11-13 00:00:00-05:00,20.928197860717773,20.952762035960074,20.911823305602027,20.928197860717773,9000,0.0,0.0,0.0
2023-11-14 00:00:00-05:00,21.02645244974598,21.02645244974598,20.977325662259403,21.001888275146484,38000,0.0,0.0,0.0
2023-11-15 00:00:00-05:00,20.98551215874682,21.002706612452744,20.977325662259403,21.001888275146484,11400,0.0,0.0,0.0
2023-11-16 00:00:00-05:00,20.993700216946653,21.01744605423989,20.993700216946653,21.001888275146484,2200,0.0,0.0,0.0
2023-11-17 00:00:00-05:00,21.018261527600153,21.04282569885254,21.018261527600153,21.04282569885254,10600,0.0,0.0,0.0
2023-11-20 00:00:00-05:00,21.01826052085247,21.108327582751585,21.01826052085247,21.09768295288086,212800,0.0,0.0,0.0
2023-11-21 00:00:00-05:00,21.091951193765503,21.091951193765503,21.07557508059562,21.090312957763672,5200,0.0,0.0,0.0
2023-11-22 00:00:00-05:00,21.100140225869303,21.14107894897461,21.100140225869303,21.14107894897461,6700,0.0,0.0,0.0
2023-11-24 00:00:00-05:00,21.14107894897461,21.14107894897461,21.1165163397963,21.14107894897461,1300,0.0,0.0,0.0
2023-11-27 00:00:00-05:00,21.17055683866995,21.198394359043732,21.149267577646928,21.1656436920166,31100,0.0,0.0,0.0
2023-11-28 00:00:00-05:00,21.173832249628497,21.19757652282715,21.173832249628497,21.19757652282715,1600,0.0,0.0,0.0
2023-11-29 00:00:00-05:00,21.191825126141513,21.216475334062768,21.167173350938477,21.200040817260742,9100,0.092,0.0,0.0
2023-11-30 00:00:00-05:00,21.15895701403152,21.204151153564453,21.15073975527264,21.204151153564453,2400,0.0,0.0,0.0
2023-12-01 00:00:00-05:00,21.249344866271624,21.26249122619629,21.241127607677797,21.26249122619629,1300,0.0,0.0,0.0
2023-12-04 00:00:00-05:00,21.20825948468421,21.249345779418945,21.200042225737263,21.249345779418945,2900,0.0,0.0,0.0
2023-12-05 00:00:00-05:00,21.257558925333324,21.257558925333324,21.224689895905225,21.233728408813477,2900,0.0,0.0,0.0
2023-12-06 00:00:00-05:00,21.232908409052488,21.241125666895513,21.203327534642945,21.210721969604492,9600,0.0,0.0,0.0
2023-12-07 00:00:00-05:00,21.291248433685986,21.306861693428612,21.27399266277991,21.294536590576172,3600,0.0,0.0,0.0
2023-12-08 00:00:00-05:00,21.298646126071567,21.319188488216465,21.28221160944294,21.315080642700195,3300,0.0,0.0,0.0
2023-12-11 00:00:00-05:00,21.331516567017108,21.3643856048584,21.331516567017108,21.3643856048584,4000,0.0,0.0,0.0
2023-12-12 00:00:00-05:00,21.4103980720895,21.41368466196717,21.37259993757365,21.40135955810547,29600,0.0,0.0,0.0
2023-12-13 00:00:00-05:00,21.347947729642073,21.455591774182064,21.347947729642073,21.44244384765625,5100,0.0,0.0,0.0
2023-12-14 00:00:00-05:00,21.41368324544539,21.50407151387005,21.39725029714409,21.446552276611328,18800,0.0,0.0,0.0
2023-12-15 00:00:00-05:00,21.520508451603305,21.526260375976562,21.479422158021592,21.526260375976562,11200,0.0,0.0,0.0
2023-12-18 00:00:00-05:00,21.544334355522924,21.561590126200407,21.536938353540446,21.54269027709961,2700,0.0,0.0,0.0
2023-12-19 00:00:00-05:00,21.56159401868782,21.57884979248047,21.54515950061428,21.57884979248047,2700,0.0,0.0,0.0
2023-12-20 00:00:00-05:00,21.47942254847811,21.569810828719135,21.47942254847811,21.50078773498535,4200,0.0,0.0,0.0
2023-12-21 00:00:00-05:00,21.545158452239896,21.564058303833008,21.5007871363387,21.564058303833008,7300,0.0,0.0,0.0
2023-12-22 00:00:00-05:00,21.569809665772,21.59446144104004,21.569809665772,21.59446144104004,1700,0.0,0.0,0.0
2023-12-26 00:00:00-05:00,21.617836015894262,21.642051696777344,21.609485945860065,21.642051696777344,1800,0.418,0.0,0.0
2023-12-27 00:00:00-05:00,21.659589696265606,21.66459846496582,21.651239624947568,21.66459846496582,2900,0.0,0.0,0.0
2023-12-28 00:00:00-05:00,21.71803353247924,21.71803353247924,21.676283185636294,21.684633255004883,4600,0.0,0.0,0.0
2023-12-29 00:00:00-05:00,21.667936312665436,21.683800330810932,21.667936312665436,21.676284790039062,1300,0.0,0.0,0.0
2024-01-02 00:00:00-05:00,21.592790002068043,21.608654022216797,21.542689575821726,21.608654022216797,4300,0.0,0.0,0.0
2024-01-03 00:00:00-05:00,21.525990837125732,21.54268938644784,21.50929069519043,21.50929069519043,4000,0.0,0.0,0.0
2024-01-04 00:00:00-05:00,21.484243639485243,21.492593711679973,21.456689834594727,21.456689834594727,1300,0.0,0.0,0.0
2024-01-05 00:00:00-05:00,21.43414204908612,21.467540740966797,21.400741764592222,21.467540740966797,4200,0.0,0.0,0.0
2024-01-08 00:00:00-05:00,21.559388119491576,21.649566650390625,21.559388119491576,21.649566650390625,5600,0.0,0.0,0.0
2024-01-09 00:00:00-05:00,21.50094040180577,21.6595885633236,21.50094040180577,21.65875244140625,3400,0.0,0.0,0.0
2024-01-10 00:00:00-05:00,21.689643615148615,21.69381944613935,21.684633255004883,21.684633255004883,1800,0.0,0.0,0.0
2024-01-11 00:00:00-05:00,21.72555316740656,21.738079071044922,21.709689146282372,21.738079071044922,3400,0.0,0.0,0.0
2024-01-12 00:00:00-05:00,21.65124260668387,21.75979036354067,21.65124260668387,21.756450653076172,7100,0.0,0.0,0.0
2024-01-16 00:00:00-05:00,21.718037539514174,21.718037539514174,21.659588635762965,21.686307907104492,2400,0.0,0.0,0.0
2024-01-17 00:00:00-05:00,21.592788471663457,21.64455795288086,21.592788471663457,21.64455795288086,4600,0.0,0.0,0.0
2024-01-18 00:00:00-05:00,21.69299138558637,21.709691530529398,21.691322326660156,21.691322326660156,1800,0.0,0.0,0.0
2024-01-19 00:00:00-05:00,21.6512417830588,21.848299026489258,21.6512417830588,21.848299026489258,1600,0.0,0.0,0.0
2024-01-22 00:00:00-05:00,21.89171553043969,21.90591049194336,21.885034518041184,21.90591049194336,600,0.0,0.0,0.0
2024-01-23 00:00:00-05:00,21.901736924665464,21.92678714037024,21.901736924665464,21.9176025390625,3000,0.0,0.0,0.0
2024-01-24 00:00:00-05:00,21.951836811286196,21.951836811286196,21.893386309425644,21.90424156188965,2200,0.0,0.0,0.0
2024-01-25 00:00:00-05:00,21.943485432509487,21.95350456237793,21.943485432509487,21.95350456237793,6500,0.0,0.0,0.0
2024-01-26 00:00:00-05:00,21.96018345164306,21.964359283447266,21.94348490226583,21.964359283447266,6500,0.0,0.0,0.0
2024-01-29 00:00:00-05:00,22.035329818725586,22.06038002866539,22.035329818725586,22.035329818725586,6500,0.0,0.0,0.0
2024-01-30 00:00:00-05:00,22.077080075319028,22.085430145263672,22.04367979554045,22.085430145263672,13800,0.0,0.0,0.0
2024-01-31 00:00:00-05:00,22.03533274325308,22.04785864619192,21.976883838249204,22.001934051513672,8900,0.0,0.0,0.0
2024-02-01 00:00:00-05:00,22.110482466091565,22.143882751464844,22.110482466091565,22.143882751464844,9100,0.0,0.0,0.0
2024-02-02 00:00:00-05:00,22.16057979721269,22.19397848530524,22.16057979721269,22.167259216308594,5400,0.0,0.0,0.0
2024-02-05 00:00:00-05:00,22.085433172160837,22.118831863903843,22.085433172160837,22.099626541137695,21800,0.0,0.0,0.0
2024-02-06 00:00:00-05:00,22.127180285751074,22.12885093688965,22.127180285751074,22.12885093688965,22700,0.0,0.0,0.0
2024-02-07 00:00:00-05:00,22.193980266250275,22.21903047878961,22.152231504631217,22.168930053710938,96500,0.0,0.0,0.0
2024-02-08 00:00:00-05:00,22.143882092252387,22.15640640258789,22.12801647938841,22.15640640258789,3600,0.0,0.0,0.0
2024-02-09 00:00:00-05:00,22.085435687066663,22.17310905456543,22.085435687066663,22.17310905456543,5300,0.0,0.0,0.0
2024-02-12 00:00:00-05:00,22.160582721671183,22.193981414171247,22.135532507836196,22.166427612304688,6200,0.0,0.0,0.0
2024-02-13 00:00:00-05:00,22.035333518219087,22.06121826171875,22.018634968068717,22.06121826171875,4000,0.0,0.0,0.0
2024-02-14 00:00:00-05:00,22.093779103293983,22.136363983154297,22.093779103293983,22.136363983154297,6700,0.0,0.0,0.0
2024-02-15 00:00:00-05:00,22.168933222238785,22.17310905456543,22.152234670772398,22.17310905456543,5400,0.0,0.0,0.0
2024-02-16 00:00:00-05:00,22.10213215146611,22.143882507723152,22.10213215146611,22.106307983398438,1500,0.0,0.0,0.0
2024-02-20 00:00:00-05:00,22.038672511504796,22.052032943803855,22.010284180865778,22.037837982177734,9500,0.0,0.0,0.0
2024-02-21 00:00:00-05:00,22.00193529894964,22.01445960998535,21.92678624750876,22.01445960998535,8500,0.0,0.0,0.0
2024-02-22 00:00:00-05:00,22.251596034694685,22.29418092089626,22.24408049267796,22.26913070678711,7400,0.0,0.0,0.0
2024-02-23 00:00:00-05:00,22.302526734491494,22.33175277709961,22.302526734491494,22.33175277709961,4500,0.0,0.0,0.0
2024-02-26 00:00:00-05:00,22.327581462793898,22.335931534855114,22.302531246610243,22.330921173095703,9300,0.0,0.0,0.0
2024-02-27 00:00:00-05:00,22.295016222969032,22.328414916992188,22.294181693587117,22.328414916992188,10800,0.0,0.0,0.0
2024-02-28 00:00:00-05:00,22.308179757138976,22.32672882080078,22.299750265009354,22.32672882080078,4600,0.257,0.0,0.0
2024-02-29 00:00:00-05:00,22.384055797157966,22.41187858581543,22.37562630587705,22.41187858581543,2200,0.0,0.0,0.0
2024-03-01 00:00:00-05:00,22.443076563958915,22.493661558905906,22.443076563958915,22.47426986694336,2200,0.0,0.0,0.0
2024-03-04 00:00:00-05:00,22.46836513615908,22.476796235490355,22.45150293749653,22.469207763671875,4600,0.0,0.0,0.0
2024-03-05 00:00:00-05:00,22.451505042757365,22.451505042757365,22.36719725767469,22.418624877929688,9800,0.0,0.0,0.0
2024-03-06 00:00:00-05:00,22.49365930319586,22.49365930319586,22.459934904567817,22.476797103881836,4400,0.0,0.0,0.0
2024-03-07 00:00:00-05:00,22.54424285888672,22.55267395800737,22.535811759766066,22.54424285888672,23700,0.0,0.0,0.0
2024-03-08 00:00:00-05:00,22.586403049546906,22.586403049546906,22.51052474975586,22.51052474975586,8300,0.0,0.0,0.0
2024-03-11 00:00:00-04:00,22.459934412432435,22.513893127441406,22.459934412432435,22.513893127441406,6700,0.0,0.0,0.0
2024-03-12 00:00:00-04:00,22.45150346489099,22.603260040283203,22.45150346489099,22.603260040283203,9900,0.0,0.0,0.0
2024-03-13 00:00:00-04:00,22.58639907836914,22.594828569692222,22.561105780196545,22.58639907836914,11800,0.0,0.0,0.0
2024-03-14 00:00:00-04:00,22.49366017142377,22.525697708129883,22.47679797145889,22.525697708129883,7800,0.0,0.0,0.0
2024-03-15 00:00:00-04:00,22.42621436572964,22.451506059172267,22.42621436572964,22.432958602905273,3000,0.0,0.0,0.0
2024-03-18 00:00:00-04:00,22.518953448758758,22.544246750486863,22.50546497429151,22.50630760192871,10600,0.0,0.0,0.0
2024-03-19 00:00:00-04:00,22.493661060399443,22.577970455487957,22.493661060399443,22.552677154541016,8200,0.0,0.0,0.0
2024-03-20 00:00:00-04:00,22.645418167114258,22.662278760062648,22.637829694236483,22.645418167114258,11200,0.0,0.0,0.0
2024-03-21 00:00:00-04:00,22.704430121492,22.72129231943285,22.695999022521573,22.70864486694336,3200,0.0,0.0,0.0
2024-03-22 00:00:00-04:00,22.734783619865436,22.74152946472168,22.734783619865436,22.74152946472168,1800,0.0,0.0,0.0
2024-03-25 00:00:00-04:00,22.713706499338308,22.713706499338308,22.687570571899414,22.687570571899414,10000,0.0,0.0,0.0
2024-03-26 00:00:00-04:00,22.73900148591608,22.746588350790468,22.718767166137695,22.718767166137695,6400,0.0,0.0,0.0
2024-03-27 00:00:00-04:00,22.755019570282105,22.78874397277832,22.755019570282105,22.78874397277832,2200,0.0,0.0,0.0
2024-03-28 00:00:00-04:00,22.814034995170914,22.82246609554684,22.81319236755371,22.81319236755371,2800,0.0,0.0,0.0
2024-04-01 00:00:00-04:00,22.774409305886365,22.774409305886365,22.738155415510846,22.76344871520996,9700,0.0,0.0,0.0
2024-04-02 00:00:00-04:00,22.645418982097265,22.67914177727569,22.645418982097265,22.669025421142578,10400,0.0,0.0,0.0
2024-04-03 00:00:00-04:00,22.7010632559276,22.7010632559276,22.66227987007667,22.682514190673828,2400,0.0,0.0,0.0
2024-04-04 00:00:00-04:00,22.62855577213675,22.62855577213675,22.57206916809082,22.57206916809082,5300,0.0,0.0,0.0
2024-04-05 00:00:00-04:00,22.48522919443039,22.70443297096914,22.48522919443039,22.636985778808594,8700,0.0,0.0,0.0
2024-04-08 00:00:00-04:00,22.64541853580542,22.683357684675983,22.64541853580542,22.66227912902832,4800,0.0,0.0,0.0
2024-04-09 00:00:00-04:00,22.6622735160783,22.712860107421875,22.6622735160783,22.712860107421875,11400,0.0,0.0,0.0
2024-04-10 00:00:00-04:00,22.577971050560304,22.586402151098163,22.535815547871003,22.5661678314209,16300,0.0,0.0,0.0
2024-04-11 00:00:00-04:00,22.653847013014317,22.67070760428467,22.64541591334522,22.647945404052734,7900,0.0,0.0,0.0
2024-04-12 00:00:00-04:00,22.51473949615844,22.51473949615844,22.502093648882624,22.51052474975586,5400,0.0,0.0,0.0
2024-04-15 00:00:00-04:00,22.29974674713081,22.29974674713081,22.266022351660737,22.29890251159668,3700,0.0,0.0,0.0
2024-04-16 00:00:00-04:00,22.17328376709472,22.333471443131703,22.17328376709472,22.257593154907227,6700,0.0,0.0,0.0
2024-04-17 00:00:00-04:00,22.301435149159932,22.301435149159932,22.18171610125515,22.199420928955078,8300,0.0,0.0,0.0
2024-04-18 00:00:00-04:00,22.1159544846034,22.14799201972882,22.10583652189652,22.108366012573242,8500,0.0,0.0,0.0
2024-04-19 00:00:00-04:00,21.911926938981587,21.928789138793945,21.89506473916923,21.928789138793945,4900,0.0,0.0,0.0
2024-04-22 00:00:00-04:00,21.962512868373647,22.080546664033523,21.96082761316116,22.063684463500977,8200,0.0,0.0,0.0
2024-04-23 00:00:00-04:00,22.19858374919711,22.232308157702665,22.19858374919711,22.2053279876709,4100,0.0,0.0,0.0
2024-04-24 00:00:00-04:00,22.201952301558492,22.221343994140625,22.156426287071984,22.221343994140625,2900,0.0,0.0,0.0
2024-04-25 00:00:00-04:00,22.121013665641737,22.147992219657255,22.114267821086983,22.140403747558594,7900,0.0,0.0,0.0
2024-04-26 00:00:00-04:00,22.285419390471613,22.299752101180832,22.282047271728516,22.282047271728516,2300,0.0,0.0,0.0
2024-04-29 00:00:00-04:00,22.316615609074823,22.33769416809082,22.282892809172136,22.33769416809082,1700,0.0,0.0,0.0
2024-04-30 00:00:00-04:00,22.32504148813809,22.32504148813809,22.176658630371094,22.176658630371094,3600,0.0,0.0,0.0
2024-05-01 00:00:00-04:00,22.114267623269992,22.257593099775896,22.114267623269992,22.149677276611328,6200,0.0,0.0,0.0
2024-05-02 00:00:00-04:00,22.15642458246204,22.282887868174697,22.15642458246204,22.253379821777344,2000,0.0,0.0,0.0
2024-05-03 00:00:00-04:00,22.375627196695685,22.45150387771917,22.375627196695685,22.438858032226562,1300,0.0,0.0,0.0
2024-05-06 00:00:00-04:00,22.476800367666335,22.52991485595703,22.476800367666335,22.52991485595703,3000,0.0,0.0,0.0
2024-05-07 00:00:00-04:00,22.57797359981038,22.586404701300186,22.56111139683077,22.577129364013672,4300,0.0,0.0,0.0
2024-05-08 00:00:00-04:00,22.561106472249723,22.594829262779832,22.561106472249723,22.581340789794922,5000,0.0,0.0,0.0
2024-05-09 00:00:00-04:00,22.57796943845694,22.6209659576416,22.57796943845694,22.6209659576416,12000,0.0,0.0,0.0
2024-05-10 00:00:00-04:00,22.636985109104153,22.636985109104153,22.6201229095459,22.6201229095459,5500,0.0,0.0,0.0
2024-05-13 00:00:00-04:00,22.62855339050293,22.653846689148615,22.620122290954367,22.62855339050293,5200,0.0,0.0,0.0
2024-05-14 00:00:00-04:00,22.6378300628041,22.687572430964703,22.628556334514496,22.66227912902832,15700,0.0,0.0,0.0
2024-05-15 00:00:00-04:00,22.721294153666523,22.755016944202886,22.70527458190918,22.70527458190918,6300,0.0,0.0,0.0
2024-05-16 00:00:00-04:00,22.738157892199876,22.746588993017912,22.729726791381836,22.729726791381836,4900,0.0,0.0,0.0
2024-05-17 00:00:00-04:00,22.72129120597914,22.72129120597914,22.712860107421875,22.712860107421875,2300,0.0,0.0,0.0
2024-05-20 00:00:00-04:00,22.729723894751917,22.74658609423911,22.721294403076172,22.721294403076172,1600,0.0,0.0,0.0
2024-05-21 00:00:00-04:00,22.740686143851722,22.7465877532959,22.739000888620797,22.7465877532959,2900,0.0,0.0,0.0
2024-05-22 00:00:00-04:00,22.755019473515265,22.771881674691667,22.721296679230477,22.738157272338867,7400,0.0,0.0,0.0
2024-05-23 00:00:00-04:00,22.740685675029667,22.740685675029667,22.670708990757667,22.679140090942383,5800,0.0,0.0,0.0
2024-05-24 00:00:00-04:00,22.746585153271035,22.751644134521484,22.74405566264581,22.751644134521484,2000,0.0,0.0,0.0
2024-05-28 00:00:00-04:00,22.72888183602943,22.72888183602943,22.675767353576553,22.687570571899414,3000,0.0,0.0,0.0
2024-05-29 00:00:00-04:00,22.60832043479491,22.611692553203856,22.5948303530912,22.59904670715332,3400,0.0,0.0,0.0
2024-05-30 00:00:00-04:00,22.679139198407174,22.679139198407174,22.55267591674926,22.569538116455078,12200,0.0,0.0,0.0
2024-05-31 00:00:00-04:00,22.51613091783199,22.636723404651274,22.507517051421537,22.610881805419922,4600,0.568,0.0,0.0
2024-06-03 00:00:00-04:00,22.616913669367392,22.616913669367392,22.585042524669674,22.604854583740234,1900,0.0,0.0,0.0
2024-06-04 00:00:00-04:00,22.619497299194336,22.63672503325469,22.60226956513398,22.619497299194336,8800,0.0,0.0,0.0
2024-06-05 00:00:00-04:00,22.68840627108295,22.70563400489924,22.67117853726666,22.679792404174805,4600,0.0,0.0,0.0
2024-06-06 00:00:00-04:00,22.722861725125178,22.722861725125178,22.67979403042342,22.68840789794922,6500,0.0,0.0,0.0
2024-06-07 00:00:00-04:00,22.697019577026367,22.722859534185034,22.697019577026367,22.697019577026367,8500,0.0,0.0,0.0
2024-06-10 00:00:00-04:00,22.72286088150538,22.748702483123374,22.705634790020564,22.714248657226562,3400,0.0,0.0,0.0
2024-06-11 00:00:00-04:00,22.70563615113489,22.740089979097075,22.70563615113489,22.722862243652344,4200,0.0,0.0,0.0
2024-06-12 00:00:00-04:00,22.748705308966667,22.7745469137947,22.74009144069065,22.761625289916992,4200,0.0,0.0,0.0
2024-06-13 00:00:00-04:00,22.74009104215327,22.74870491027832,22.731477174028225,22.74870491027832,3200,0.0,0.0,0.0
2024-06-14 00:00:00-04:00,22.72285925553849,22.72285925553849,22.705633165286315,22.710800170898438,3100,0.0,0.0,0.0
2024-06-17 00:00:00-04:00,22.71424973777384,22.757317432925436,22.71424973777384,22.731475830078125,4700,0.0,0.0,0.0
2024-06-18 00:00:00-04:00,22.740083694458008,22.765925290483302,22.740083694458008,22.740083694458008,7000,0.0,0.0,0.0
2024-06-20 00:00:00-04:00,22.67117941343281,22.774544177398134,22.67117941343281,22.773681640625,5900,0.0,0.0,0.0
2024-06-21 00:00:00-04:00,22.748700815432315,22.761620793830566,22.748700815432315,22.757314682006836,9000,0.0,0.0,0.0
2024-06-24 00:00:00-04:00,22.78315884202273,22.808998801723035,22.78315884202273,22.789188385009766,4700,0.0,0.0,0.0
2024-06-25 00:00:00-04:00,22.790047358890924,22.808135986328125,22.790047358890924,22.808135986328125,1300,0.0,0.0,0.0
2024-06-26 00:00:00-04:00,22.786601860729053,22.816749572753906,22.783156642630082,22.816749572753906,1600,0.0,0.0,0.0
2024-06-27 00:00:00-04:00,22.800383399336855,22.8348388671875,22.800383399336855,22.8348388671875,1400,0.0,0.0,0.0
2024-06-28 00:00:00-04:00,22.818472986912003,22.843453695032647,22.802968682897898,22.82536506652832,1200,0.0,0.0,0.0
2024-07-01 00:00:00-04:00,22.79004913197361,22.808998654688647,22.78315869515491,22.805553436279297,2500,0.0,0.0,0.0
2024-07-02 00:00:00-04:00,22.808995640715573,22.852064972459356,22.808995640715573,22.826223373413086,5800,0.0,0.0,0.0
2024-07-03 00:00:00-04:00,22.84345311999789,22.869293078395202,22.84345311999789,22.861541748046875,2400,0.0,0.0,0.0
2024-07-05 00:00:00-04:00,22.886521169823535,22.920976638793945,22.886521169823535,22.920976638793945,4700,0.0,0.0,0.0
2024-07-08 00:00:00-04:00,22.895135317671812,22.912363052368164,22.895135317671812,22.912363052368164,6700,0.0,0.0,0.0
2024-07-09 00:00:00-04:00,22.89513616075619,22.903750028421562,22.88652229309082,22.88652229309082,7600,0.0,0.0,0.0
2024-07-10 00:00:00-04:00,22.920976919716338,22.925283031926824,22.912363052368164,22.912363052368164,4300,0.0,0.0,0.0
2024-07-11 00:00:00-04:00,22.920976211999857,22.945955276489258,22.920976211999857,22.945955276489258,800,0.0,0.0,0.0
2024-07-12 00:00:00-04:00,22.972656649318992,22.981270515980402,22.972656649318992,22.980409622192383,1600,0.0,0.0,0.0
2024-07-15 00:00:00-04:00,22.981271463183752,22.99849919721664,22.97265759616731,22.989885330200195,3200,0.0,0.0,0.0
2024-07-16 00:00:00-04:00,22.98988815193239,23.0329558493735,22.98988815193239,23.032094955444336,6800,0.0,0.0,0.0
2024-07-17 00:00:00-04:00,22.96404103580597,22.96404103580597,22.946813303793643,22.955427169799805,4900,0.0,0.0,0.0
2024-07-18 00:00:00-04:00,22.92959050603655,22.938202730351964,22.869293435338328,22.920976638793945,5500,0.0,0.0,0.0
2024-07-19 00:00:00-04:00,22.852067121500163,22.869293212890625,22.843453254341345,22.869293212890625,1600,0.0,0.0,0.0
2024-07-22 00:00:00-04:00,22.929588840034317,22.96404266357422,22.90374724018409,22.96404266357422,6900,0.0,0.0,0.0
2024-07-23 00:00:00-04:00,22.852068964812943,22.951125980738798,22.852068964812943,22.92959213256836,11500,0.0,0.0,0.0
2024-07-24 00:00:00-04:00,22.765931300541208,22.765931300541208,22.722861962462353,22.731475830078125,2500,0.0,0.0,0.0
2024-07-25 00:00:00-04:00,22.669458137468787,22.83397922675398,22.645339965820312,22.645339965820312,7300,0.0,0.0,0.0
2024-07-26 00:00:00-04:00,22.740088574210652,22.78315791016165,22.731474707020453,22.76593017578125,2100,0.0,0.0,0.0
2024-07-29 00:00:00-04:00,22.76593152058339,22.783159255981445,22.748703785185338,22.783159255981445,3000,0.0,0.0,0.0
2024-07-30 00:00:00-04:00,22.74870384681944,22.74870384681944,22.662566812523064,22.722862243652344,4700,0.0,0.0,0.0
2024-07-31 00:00:00-04:00,22.835701623914222,22.88652229309082,22.835701623914222,22.88652229309082,4800,0.0,0.0,0.0
2024-08-01 00:00:00-04:00,22.817612863308575,22.905471684305823,22.705635870158073,22.731475830078125,7400,0.0,0.0,0.0
2024-08-02 00:00:00-04:00,22.481678529822823,22.524746221696486,22.481678529822823,22.516132354736328,5900,0.0,0.0,0.0
2024-08-05 00:00:00-04:00,22.327493244403495,22.327493244403495,22.18019989719234,22.181060791015625,1900,0.0,0.0,0.0
2024-08-06 00:00:00-04:00,22.455835940722608,22.477369785711794,22.386926651000977,22.386926651000977,2600,0.0,0.0,0.0
2024-08-07 00:00:00-04:00,22.356779015689984,22.369698994142155,22.2835636138916,22.2835636138916,4100,0.0,0.0,0.0
2024-08-08 00:00:00-04:00,22.481678529822823,22.533360088656647,22.473064662862665,22.516132354736328,5100,0.0,0.0,0.0
2024-08-09 00:00:00-04:00,22.54197487478922,22.558340072631836,22.54197487478922,22.558340072631836,1800,0.0,0.0,0.0
2024-08-12 00:00:00-04:00,22.59365519339231,22.59365519339231,22.559201368968395,22.576427459716797,4800,0.0,0.0,0.0
2024-08-13 00:00:00-04:00,22.679793188402574,22.714248657226562,22.671179321196576,22.714248657226562,6600,0.0,0.0,0.0
2024-08-14 00:00:00-04:00,22.740089979097075,22.740089979097075,22.714250018857257,22.722862243652344,6400,0.0,0.0,0.0
2024-08-15 00:00:00-04:00,22.722860239600035,22.869292692111014,22.722860239600035,22.8348388671875,6400,0.0,0.0,0.0
2024-08-16 00:00:00-04:00,22.877905958384268,22.90374755859375,22.877905958384268,22.90374755859375,1700,0.0,0.0,0.0
2024-08-19 00:00:00-04:00,22.903747799514257,22.955429357549757,22.903747799514257,22.946815490722656,12100,0.0,0.0,0.0
2024-08-20 00:00:00-04:00,22.955429862134423,22.989885330200195,22.955429862134423,22.989885330200195,6200,0.0,0.0,0.0
2024-08-21 00:00:00-04:00,22.989885330200195,22.99849919721664,22.981271463183752,22.989885330200195,5900,0.0,0.0,0.0
2024-08-22 00:00:00-04:00,22.999359023824745,22.999359023824745,22.946814930340732,22.96404266357422,10200,0.0,0.0,0.0
2024-08-23 00:00:00-04:00,22.90374636664882,23.04156494140625,22.90374636664882,23.04156494140625,7400,0.0,0.0,0.0
2024-08-26 00:00:00-04:00,23.02433614066887,23.025198677306577,23.015722274780273,23.015722274780273,1300,0.0,0.0,0.0
2024-08-27 00:00:00-04:00,23.04156494140625,23.05879267398268,23.04156494140625,23.04156494140625,2900,0.0,0.0,0.0
2024-08-28 00:00:00-04:00,23.076021755189714,23.076021755189714,23.007110820856635,23.058794021606445,9800,0.0,0.0,0.0
2024-08-29 00:00:00-04:00,23.058795530260547,23.09324935675417,23.051042556762695,23.051042556762695,3000,0.0,0.0,0.0
2024-08-30 00:00:00-04:00,23.11683967291375,23.13438606262207,23.099293283205427,23.13438606262207,7500,0.486,0.0,0.0
2024-09-03 00:00:00-04:00,23.081749155903072,23.081749155903072,22.967700958251953,22.967700958251953,2000,0.0,0.0,0.0
2024-09-04 00:00:00-04:00,23.02033805847168,23.02033805847168,23.011564862910323,23.02033805847168,6200,0.0,0.0,0.0
2024-09-05 00:00:00-04:00,23.029111254033037,23.029111254033037,23.00279166734897,23.02033805847168,3200,0.0,0.0,0.0
2024-09-06 00:00:00-04:00,22.915061341876843,22.976472032890307,22.888741757164286,22.906288146972656,6800,0.0,0.0,0.0
2024-09-09 00:00:00-04:00,22.985248565673828,22.99402008853597,22.9677021733174,22.985248565673828,4200,0.0,0.0,0.0
2024-09-10 00:00:00-04:00,22.994015270126205,23.042267002337166,22.994015270126205,23.02910804748535,3900,0.0,0.0,0.0
2024-09-11 00:00:00-04:00,22.985246073331574,23.151931762695312,22.976472878104655,23.151931762695312,3500,0.0,0.0,0.0
2024-09-12 00:00:00-04:00,23.17825131213269,23.186147689819336,23.17825131213269,23.186147689819336,2900,0.0,0.0,0.0
2024-09-13 00:00:00-04:00,23.20456733137953,23.239658433523154,23.20456733137953,23.21333885192871,8200,0.0,0.0,0.0
2024-09-16 00:00:00-04:00,23.230890190628354,23.25720977783203,23.230890190628354,23.25720977783203,5300,0.0,0.0,0.0
2024-09-17 00:00:00-04:00,23.257208478949746,23.265981674194336,23.23088889321598,23.265981674194336,2200,0.0,0.0,0.0
2024-09-18 00:00:00-04:00,23.23089027404785,23.274756252878166,23.222117078281787,23.23089027404785,4600,0.0,0.0,0.0
2024-09-19 00:00:00-04:00,23.320374082759386,23.344938359698684,23.318618774414062,23.318618774414062,3900,0.0,0.0,0.0
2024-09-20 00:00:00-04:00,23.239662252805502,23.327392532555898,23.239662252805502,23.319496154785156,1200,0.0,0.0,0.0
2024-09-23 00:00:00-04:00,23.362483287996188,23.380029678344727,23.362483287996188,23.380029678344727,4700,0.0,0.0,0.0
2024-09-24 00:00:00-04:00,23.362483287996188,23.380029678344727,23.34493857096353,23.380029678344727,2400,0.0,0.0,0.0
2024-09-25 00:00:00-04:00,23.362483287996188,23.380029678344727,23.3537117661378,23.380029678344727,3200,0.0,0.0,0.0
2024-09-26 00:00:00-04:00,23.371255839525706,23.405471801757812,23.371255839525706,23.405471801757812,1500,0.0,0.0,0.0
2024-09-27 00:00:00-04:00,23.39757542432367,23.406348619256327,23.388802229391015,23.405471801757812,3000,0.0,0.0,0.0
2024-09-30 00:00:00-04:00,23.38880210266167,23.42389488220215,23.380028907776552,23.42389488220215,1500,0.0,0.0,0.0
2024-10-01 00:00:00-04:00,23.37125870796061,23.38880509997945,23.353713989257812,23.353713989257812,5800,0.0,0.0,0.0
2024-10-02 00:00:00-04:00,23.388804173306067,23.395822060509133,23.371257781982422,23.371257781982422,5600,0.0,0.0,0.0
2024-10-03 00:00:00-04:00,23.38003028665313,23.388803482055664,23.353712373761457,23.388803482055664,2700,0.0,0.0,0.0
2024-10-04 00:00:00-04:00,23.406349392817248,23.46776008605957,23.406349392817248,23.46776008605957,5000,0.0,0.0,0.0
2024-10-07 00:00:00-04:00,23.432669612045014,23.432669612045014,23.388805304929587,23.415124893188477,3300,0.0,0.0,0.0
2024-10-08 00:00:00-04:00,23.45021313317058,23.46775952319494,23.45021313317058,23.466882705688477,2100,0.0,0.0,0.0
2024-10-09 00:00:00-04:00,23.49407958984375,23.511624306911916,23.49407958984375,23.49407958984375,2200,0.0,0.0,0.0
2024-10-10 00:00:00-04:00,23.511622693461646,23.5291690826416,23.494077977597463,23.5291690826416,4900,0.0,0.0,0.0
2024-10-11 00:00:00-04:00,23.546715391865593,23.573034975546154,23.546715391865593,23.55548858642578,5600,0.0,0.0,0.0
2024-10-14 00:00:00-04:00,23.590577954442754,23.616897536185476,23.590577954442754,23.60900115966797,4000,0.0,0.0,0.0
2024-10-15 00:00:00-04:00,23.59935188293457,23.59935188293457,23.581805494559923,23.59935188293457,1100,0.0,0.0,0.0
2024-10-16 00:00:00-04:00,23.581805494559923,23.60900189454592,23.581805494559923,23.59935188293457,9000,0.0,0.0,0.0
2024-10-17 00:00:00-04:00,23.634448396990646,23.643221592565272,23.625675201416016,23.625675201416016,7900,0.0,0.0,0.0
2024-10-18 00:00:00-04:00,23.669537889189225,23.669537889189225,23.660764694213867,23.660764694213867,5800,0.0,0.0,0.0
2024-10-21 00:00:00-04:00,23.660764100613314,23.660764100613314,23.643219384418597,23.65462303161621,2500,0.0,0.0,0.0
2024-10-22 00:00:00-04:00,23.660763380652654,23.66690444946289,23.656377620066376,23.66690444946289,4500,0.0,0.0,0.0
2024-10-23 00:00:00-04:00,23.564260170657345,23.591456569940654,23.564260170657345,23.590578079223633,3500,0.0,0.0,0.0
2024-10-24 00:00:00-04:00,23.608129501342773,23.633570597932753,23.608129501342773,23.608129501342773,7500,0.0,0.0,0.0
2024-10-25 00:00:00-04:00,23.678310179521894,23.678310179521894,23.616899490356445,23.616899490356445,7400,0.0,0.0,0.0
2024-10-28 00:00:00-04:00,23.660763506704463,23.667783066321956,23.648481369018555,23.648481369018555,1400,0.0,0.0,0.0
2024-10-29 00:00:00-04:00,23.63444817099283,23.695858866112037,23.63444817099283,23.66778564453125,4400,0.0,0.0,0.0
2024-10-30 00:00:00-04:00,23.678309785070198,23.678309785070198,23.651990201588124,23.669536590576172,2000,0.0,0.0,0.0
2024-10-31 00:00:00-04:00,23.59935458551628,23.59935458551628,23.49407958984375,23.49407958984375,7500,0.0,0.0,0.0
2024-11-01 00:00:00-04:00,23.59935288591095,23.59935288591095,23.55548858642578,23.55548858642578,5900,0.0,0.0,0.0
2024-11-04 00:00:00-05:00,23.59058083407138,23.59935402905654,23.546716532461435,23.55987548828125,5300,0.0,0.0,0.0
2024-11-05 00:00:00-05:00,23.63444618966334,23.65462303161621,23.63444618966334,23.65462303161621,3600,0.0,0.0,0.0
2024-11-06 00:00:00-05:00,23.794114796909763,23.85377185395838,23.794114796909763,23.82832908630371,4900,0.0,0.0,0.0
2024-11-07 00:00:00-05:00,23.897634693979942,23.923954277535266,23.889739990234375,23.889739990234375,4500,0.0,0.0,0.0
2024-11-08 00:00:00-05:00,23.950273138982695,23.967819528716447,23.94150161743164,23.94150161743164,7100,0.0,0.0,0.0
2024-11-11 00:00:00-05:00,23.96781924457287,23.97308349609375,23.96781924457287,23.97308349609375,2500,0.0,0.0,0.0
2024-11-12 00:00:00-05:00,23.972209885417712,23.972209885417712,23.95027605891851,23.964313507080078,5700,0.0,0.0,0.0
2024-11-13 00:00:00-05:00,23.95904620707286,23.967819401893312,23.95904620707286,23.959924697875977,3500,0.0,0.0,0.0
2024-11-14 00:00:00-05:00,23.862544475834277,23.950273077646724,23.862544475834277,23.930973052978516,3600,0.0,0.0,0.0
2024-11-15 00:00:00-05:00,23.801132202148438,23.81429283112285,23.801132202148438,23.801132202148438,8200,0.0,0.0,0.0
2024-11-18 00:00:00-05:00,23.816925276390304,23.88447703720704,23.816925276390304,23.88096809387207,5500,0.0,0.0,0.0
2024-11-19 00:00:00-05:00,23.8186787847778,23.906409060949038,23.8186787847778,23.899391174316406,5000,0.0,0.0,0.0
2024-11-20 00:00:00-05:00,23.84499758985332,23.906408279170204,23.84499758985332,23.90114402770996,3000,0.0,0.0,0.0
2024-11-21 00:00:00-05:00,23.871315138185576,23.976591799213537,23.871315138185576,23.95904541015625,5800,0.0,0.0,0.0
2024-11-22 00:00:00-05:00,23.985365350495236,24.00466537475586,23.985365350495236,24.00466537475586,4600,0.0,0.0,0.0
2024-11-25 00:00:00-05:00,24.046776507457363,24.05554970228712,24.01168540145416,24.02923011779785,5400,0.0,0.0,0.0
2024-11-26 00:00:00-05:00,24.038005055385778,24.081871032714844,24.038005055385778,24.081871032714844,3600,0.0,0.0,0.0
2024-11-27 00:00:00-05:00,24.064321517944336,24.064321517944336,24.038001934963493,24.064321517944336,4700,0.0,0.0,0.0
2024-11-29 00:00:00-05:00,24.07237552562322,24.12606807937727,24.07237552562322,24.11712074279785,10200,0.539,0.0,0.0
2024-12-02 00:00:00-05:00,24.12606948572257,24.16186566154889,24.12606948572257,24.155601501464844,5500,0.0,0.0,0.0
2024-12-03 00:00:00-05:00,24.063429359026486,24.161867141723633,24.063429359026486,24.161867141723633,9500,0.0,0.0,0.0
2024-12-04 00:00:00-05:00,24.090274826044126,24.188712601931627,24.090274826044126,24.170814514160156,2400,0.0,0.0,0.0
2024-12-05 00:00:00-05:00,24.17081419631461,24.179763240082668,24.1529161087785,24.153810501098633,4800,0.0,0.0,0.0
2024-12-06 00:00:00-05:00,24.251355879915973,24.251355879915973,24.161867141723633,24.161867141723633,3400,0.0,0.0,0.0
2024-12-09 00:00:00-05:00,24.152919299617427,24.152919299617427,24.135021209716797,24.135021209716797,6000,0.0,0.0,0.0
2024-12-10 00:00:00-05:00,24.143970019658052,24.170817154247672,24.12607192993164,24.12607192993164,14400,0.0,0.0,0.0
2024-12-11 00:00:00-05:00,24.188714044841113,24.206610426824547,24.188714044841113,24.193187713623047,7000,0.0,0.0,0.0
2024-12-12 00:00:00-05:00,24.172603298823944,24.17976355804589,24.16186547027442,24.170814514160156,5200,0.0,0.0,0.0
2024-12-13 00:00:00-05:00,24.182447741877247,24.184236526489258,24.170813814477004,24.184236526489258,2500,0.0,0.0,0.0
2024-12-16 00:00:00-05:00,24.197662353515625,24.223613386744322,24.18871330936816,24.197662353515625,3600,0.0,0.0,0.0
2024-12-17 00:00:00-05:00,24.0902766461936,24.170816340394836,24.0902766461936,24.162761688232422,12300,0.0,0.0,0.0
2024-12-18 00:00:00-05:00,24.126071525150664,24.174396025230045,23.955148696899414,23.955148696899414,4200,0.0,0.0,0.0
2024-12-19 00:00:00-05:00,23.956042993795933,23.956042993795933,23.866554260253906,23.866554260253906,11300,0.0,0.0,0.0
2024-12-20 00:00:00-05:00,23.86655474970044,24.01868508778503,23.86655474970044,24.00526237487793,5300,0.0,0.0,0.0
2024-12-23 00:00:00-05:00,23.97394135113223,24.076852798461914,23.97394135113223,24.076852798461914,3100,0.0,0.0,0.0
2024-12-24 00:00:00-05:00,24.099224994703384,24.1511287689209,24.099224994703384,24.1511287689209,2000,0.0,0.0,0.0
2024-12-26 00:00:00-05:00,24.15291630774565,24.179763439270978,24.15291630774565,24.17886734008789,2800,0.0,0.0,0.0
2024-12-27 00:00:00-05:00,24.05478918805451,24.105506896972656,24.045732207541644,24.105506896972656,3700,0.322,0.0,0.0
2024-12-30 00:00:00-05:00,23.964220306093097,24.05478838073979,23.964220306093097,24.00044822692871,6700,0.0,0.0,0.0
2024-12-31 00:00:00-05:00,24.027621840301148,24.027621840301148,23.97327995300293,23.97327995300293,8000,0.0,0.0,0.0
2025-01-02 00:00:00-05:00,23.927995183196074,23.979618072509766,23.927995183196074,23.979618072509766,2500,0.0,0.0,0.0
2025-01-03 00:00:00-05:00,24.095547241508672,24.118188831423364,24.095547241508672,24.11003875732422,1600,0.0,0.0,0.0
2025-01-06 00:00:00-05:00,24.181586964019193,24.181586964019193,24.14535903930664,24.14535903930664,1700,0.0,0.0,0.0
2025-01-07 00:00:00-05:00,24.127244617428804,24.127244617428804,24.036678262257386,24.054790496826172,5500,0.0,0.0,0.0
2025-01-08 00:00:00-05:00,24.072901920565783,24.100072860717773,24.072901920565783,24.100072860717773,6200,0.0,0.0,0.0
2025-01-10 00:00:00-05:00,23.9823369342193,24.00950787786841,23.97327995300293,23.97327995300293,14500,0.0,0.0,0.0
2025-01-13 00:00:00-05:00,23.982334266510904,24.018562187346518,23.982334266510904,24.00044822692871,6000,0.0,0.0,0.0
2025-01-14 00:00:00-05:00,24.018564859084776,24.027621840301148,23.97327995300293,23.97327995300293,4400,0.0,0.0,0.0
2025-01-15 00:00:00-05:00,24.072906494140625,24.091020457683396,24.072906494140625,24.072906494140625,5500,0.0,0.0,0.0
2025-01-16 00:00:00-05:00,24.10912984076844,24.118185093376788,24.100072860717773,24.100072860717773,8400,0.0,0.0,0.0
2025-01-17 00:00:00-05:00,24.127245204368585,24.16347312927246,24.127245204368585,24.16347312927246,6200,0.0,0.0,0.0
2025-01-21 00:00:00-05:00,24.181587166789843,24.19969940185547,24.17253018553576,24.19969940185547,2300,0.0,0.0,0.0
2025-01-22 00:00:00-05:00,24.190642473069463,24.20875643561692,24.18158721923828,24.18158721923828,6300,0.0,0.0,0.0
2025-01-23 00:00:00-05:00,24.18158687588031,24.217813073018295,24.18158687588031,24.213285446166992,13100,0.0,0.0,0.0
2025-01-24 00:00:00-05:00,24.21781174048051,24.244075775146484,24.21781174048051,24.244075775146484,22000,0.0,0.0,0.0
2025-01-27 00:00:00-05:00,24.235925751802,24.272151947021484,24.235925751802,24.272151947021484,6900,0.0,0.0,0.0
2025-01-28 00:00:00-05:00,24.23592478544272,24.24498176574707,24.23592478544272,24.24498176574707,2300,0.0,0.0,0.0
2025-01-29 00:00:00-05:00,24.23592770895919,24.25404167175293,24.226870727562318,24.25404167175293,13000,0.0,0.0,0.0
2025-01-30 00:00:00-05:00,24.254042635200054,24.281211853027344,24.254042635200054,24.281211853027344,1300,0.0,0.0,0.0
2025-01-31 00:00:00-05:00,24.24498288960076,24.252227783203125,24.24498288960076,24.252227783203125,1300,0.0,0.0,0.0
2025-02-03 00:00:00-05:00,24.19063988392097,24.25313183881133,24.19063988392097,24.24498176574707,4900,0.0,0.0,0.0
2025-02-04 00:00:00-05:00,24.072905914173457,24.267626698960413,24.072905914173457,24.258569717407227,6900,0.0,0.0,0.0
2025-02-05 00:00:00-05:00,24.2640049231683,24.299325942993164,24.250418586741315,24.299325942993164,6600,0.0,0.0,0.0
2025-02-06 00:00:00-05:00,24.23592588014909,24.290266036987305,24.23592588014909,24.290266036987305,7500,0.0,0.0,0.0
2025-02-07 00:00:00-05:00,24.26309669379844,24.272151947021484,24.26309669379844,24.272151947021484,6700,0.0,0.0,0.0
2025-02-10 00:00:00-05:00,24.28120918466912,24.308380126953125,24.28120918466912,24.308380126953125,3000,0.0,0.0,0.0
2025-02-11 00:00:00-05:00,24.294796827492437,24.316533237001373,24.28121049189776,24.303852081298828,11700,0.0,0.0,0.0
2025-02-12 00:00:00-05:00,24.272153563057632,24.299324506863105,24.272153563057632,24.28573989868164,5500,0.0,0.0,0.0
2025-02-13 00:00:00-05:00,24.136300947372668,24.326494088475794,24.136300947372668,24.308380126953125,22500,0.0,0.0,0.0
2025-02-14 00:00:00-05:00,24.308382240731607,24.33555318537831,24.306570153444788,24.3165340423584,9800,0.0,0.0,0.0
2025-02-18 00:00:00-05:00,24.17252790843303,24.3273983001709,24.17252790843303,24.3273983001709,3400,0.0,0.0,0.0
2025-02-19 00:00:00-05:00,24.326492858153426,24.353662071620885,24.326492858153426,24.34913444519043,11100,0.0,0.0,0.0
2025-02-20 00:00:00-05:00,24.33554923954944,24.3446044921875,24.308378299308306,24.3446044921875,10400,0.0,0.0,0.0
2025-02-21 00:00:00-05:00,24.27215191969353,24.290265881004093,24.264001846313477,24.264001846313477,3300,0.0,0.0,0.0
2025-02-24 00:00:00-05:00,24.27215301668363,24.290266978812863,24.263097763061523,24.263097763061523,3600,0.0,0.0,0.0
2025-02-25 00:00:00-05:00,24.254043258915477,24.3083834234101,24.254043258915477,24.29389190673828,7000,0.0,0.0,0.0
2025-02-26 00:00:00-05:00,24.30838292479694,24.344609124569388,24.272154997581843,24.299325942993164,6400,0.0,0.0,0.0
2025-02-27 00:00:00-05:00,24.272150665397856,24.290264625772355,24.2386417388916,24.2386417388916,3100,0.0,0.0,0.0
2025-02-28 00:00:00-05:00,24.24683377535251,24.292343139648438,24.22863176563888,24.292343139648438,7100,0.132,0.0,0.0
2025-03-03 00:00:00-05:00,24.229543358107573,24.255937576293945,24.22863369155077,24.255937576293945,3100,0.0,0.0,0.0
2025-03-04 00:00:00-05:00,24.146717071533203,24.18312282760691,24.128513325493962,24.146717071533203,12800,0.0,0.0,0.0
2025-03-05 00:00:00-05:00,24.193134153265824,24.21953010559082,24.193134153265824,24.21953010559082,7700,0.0,0.0,0.0
2025-03-06 00:00:00-05:00,24.146717092940833,24.16036903447998,24.110309600830078,24.110309600830078,3800,0.0,0.0,0.0
2025-03-07 00:00:00-05:00,24.083004093442057,24.192224834276107,24.083004093442057,24.156728744506836,4200,0.0,0.0,0.0
2025-03-10 00:00:00-04:00,24.101209987790224,24.128515609433755,24.03840827321355,24.047510147094727,5400,0.0,0.0,0.0
2025-03-11 00:00:00-04:00,24.010189266105495,24.010189266105495,23.937376022338867,23.937376022338867,3000,0.0,0.0,0.0
2025-03-12 00:00:00-04:00,23.937378106619466,23.964683726411263,23.92827796936035,23.92827796936035,14000,0.0,0.0,0.0
2025-03-13 00:00:00-04:00,24.037495422279274,24.037495422279274,23.829067225224975,23.83816909790039,9600,0.0,0.0,0.0
2025-03-14 00:00:00-04:00,23.928277781466484,23.964683538231522,23.91917590827402,23.955581665039062,9500,0.0,0.0,0.0
2025-03-17 00:00:00-04:00,24.001089822716622,24.007460960030123,24.001089822716622,24.004730224609375,2300,0.0,0.0,0.0
2025-03-18 00:00:00-04:00,23.928276417167087,23.928276417167087,23.84636129911023,23.847270965576172,5600,0.0,0.0,0.0
2025-03-19 00:00:00-04:00,23.92008576262137,23.94921071546306,23.919176096096418,23.92827796936035,9300,0.0,0.0,0.0
2025-03-20 00:00:00-04:00,23.900968669614876,23.9473876953125,23.900968669614876,23.9473876953125,5100,0.0,0.0,0.0
2025-03-21 00:00:00-04:00,23.93737911075341,23.93737911075341,23.928278973112562,23.933738708496094,1700,0.0,0.0,0.0
2025-03-24 00:00:00-04:00,24.01019114059517,24.01019114059517,24.00109100341797,24.00109100341797,13500,0.0,0.0,0.0
2025-03-25 00:00:00-04:00,24.031124574194017,24.031124574194017,24.001089956407952,24.014741897583008,7600,0.0,0.0,0.0
2025-03-26 00:00:00-04:00,24.028393240778822,24.030214309692383,24.010189495661955,24.030214309692383,8000,0.0,0.0,0.0
2025-03-27 00:00:00-04:00,24.019293141540974,24.020204544067383,24.010191268310557,24.020204544067383,5600,0.0,0.0,0.0
2025-03-28 00:00:00-04:00,23.910072599359353,23.93737648129242,23.910072599359353,23.92099380493164,1900,0.0,0.0,0.0
2025-03-31 00:00:00-04:00,23.87366465104365,23.941927826576908,23.87366465104365,23.937376022338867,2000,0.0,0.0,0.0
2025-04-01 00:00:00-04:00,23.882768415504177,23.955581665039062,23.882768415504177,23.955581665039062,7600,0.0,0.0,0.0
2025-04-02 00:00:00-04:00,23.937376585126845,23.98561668395996,23.937376585126845,23.98561668395996,3000,0.0,0.0,0.0
2025-04-03 00:00:00-04:00,23.728040930963417,23.728040930963417,23.62792205810547,23.62792205810547,9300,0.0,0.0,0.0
2025-04-04 00:00:00-04:00,23.25475182015698,23.25475182015698,23.07271957397461,23.07271957397461,9700,0.0,0.0,0.0
2025-04-07 00:00:00-04:00,22.728678552843547,22.981704735460344,22.717755610166776,22.945297241210938,11800,0.0,0.0,0.0
2025-04-08 00:00:00-04:00,23.31846732985584,23.31846732985584,22.836078442599494,22.8815860748291,11300,0.0,0.0,0.0
2025-04-09 00:00:00-04:00,23.045414758170413,23.621549606323242,23.045414758170413,23.621549606323242,17900,0.0,0.0,0.0
2025-04-10 00:00:00-04:00,23.30026068751111,23.32483556970383,23.236549315903822,23.292068481445312,5900,0.0,0.0,0.0
2025-04-11 00:00:00-04:00,23.26385476549527,23.36033323186399,23.26385476549527,23.336668014526367,3900,0.0,0.0,0.0
2025-04-14 00:00:00-04:00,23.42768286272829,23.50959797738156,23.42768286272829,23.454988479614258,2200,0.0,0.0,0.0
2025-04-15 00:00:00-04:00,23.536906037398516,23.536906037398516,23.500498544438127,23.504138946533203,3200,0.0,0.0,0.0
2025-04-16 00:00:00-04:00,23.245652749810773,23.427685004343594,23.245652749810773,23.34576988220215,5500,0.0,0.0,0.0
2025-04-17 00:00:00-04:00,23.442249442716207,23.442249442716207,23.434057235717773,23.434057235717773,2100,0.0,0.0,0.0
2025-04-21 00:00:00-04:00,23.31846645842971,23.329387664794922,23.272957091895925,23.329387664794922,4900,0.0,0.0,0.0
2025-04-22 00:00:00-04:00,23.391279001037294,23.482294259341007,23.391279001037294,23.473194122314453,8500,0.0,0.0,0.0
2025-04-23 00:00:00-04:00,23.819055981740576,23.846361600105755,23.61881998841011,23.673429489135742,6300,0.0,0.0,0.0
2025-04-24 00:00:00-04:00,23.864559874961902,23.9464749812333,23.84180606455417,23.931913375854492,3000,0.0,0.0,0.0
2025-04-25 00:00:00-04:00,23.773549190636967,24.03749656677246,23.773549190636967,24.03749656677246,8200,0.0,0.0,0.0
2025-04-28 00:00:00-04:00,24.001090484762766,24.06389045715332,24.001090484762766,24.06389045715332,2900,0.0,0.0,0.0
2025-04-29 00:00:00-04:00,24.068439739655723,24.137612578292064,24.068439739655723,24.115768432617188,2400,0.0,0.0,0.0
2025-04-30 00:00:00-04:00,24.06480176383259,24.174020767211914,24.037496144985383,24.174020767211914,8900,0.0,0.0,0.0
2025-05-01 00:00:00-04:00,24.101209385468188,24.26503963922518,24.101209385468188,24.228633880615234,5900,0.0,0.0,0.0
2025-05-02 00:00:00-04:00,24.356055353622455,24.374259099968615,24.342403411865234,24.342403411865234,5100,0.0,0.0,0.0
2025-05-05 00:00:00-04:00,24.337851890369322,24.356055636927227,24.335121154785156,24.335121154785156,8200,0.0,0.0,0.0
2025-05-06 00:00:00-04:00,24.283239957247805,24.292341829616145,24.27686882019043,24.27686882019043,1700,0.0,0.0,0.0
2025-05-07 00:00:00-04:00,24.29234543899912,24.33148193359375,24.283243565278415,24.33148193359375,3000,0.0,0.0,0.0
2025-05-08 00:00:00-04:00,24.27414108793442,24.410665718340276,24.27414108793442,24.356056213378906,4100,0.0,0.0,0.0
2025-05-09 00:00:00-04:00,24.39246077799658,24.39246077799658,24.377899169921875,24.377899169921875,1300,0.0,0.0,0.0
2025-05-12 00:00:00-04:00,24.510784143517416,24.519886016845703,24.49258039686084,24.519886016845703,4800,0.0,0.0,0.0
2025-05-13 00:00:00-04:00,24.50168227018913,24.52898789017399,24.50168227018913,24.519886016845703,4700,0.0,0.0,0.0
2025-05-14 00:00:00-04:00,24.47437317400926,24.5107806621513,24.47437317400926,24.475284576416016,4000,0.0,0.0,0.0
2025-05-15 00:00:00-04:00,24.508052959224994,24.54718945141577,24.508052959224994,24.518064498901367,2900,0.0,0.0,0.0
2025-05-16 00:00:00-04:00,24.51988245396603,24.583593822001585,24.51988245396603,24.576313018798828,3700,0.0,0.0,0.0
2025-05-19 00:00:00-04:00,24.556291248240104,24.60180061390688,24.556291248240104,24.591787338256836,3800,0.0,0.0,0.0
2025-05-20 00:00:00-04:00,24.310544307572375,24.592697148422925,24.310544307572375,24.583595275878906,6100,0.0,0.0,0.0
2025-05-21 00:00:00-04:00,24.5744957558116,24.5744957558116,24.419767379760742,24.419767379760742,8400,0.0,0.0,0.0
2025-05-22 00:00:00-04:00,24.428869253176067,24.492580631078507,24.419767379760742,24.419767379760742,2900,0.0,0.0,0.0
2025-05-23 00:00:00-04:00,24.073903203920622,24.368796590948172,24.073903203920622,24.33785057067871,6700,0.0,0.0,0.0
2025-05-27 00:00:00-04:00,24.365156834815878,24.62000233554305,24.365156834815878,24.608171463012695,7300,0.0,0.0,0.0
2025-05-28 00:00:00-04:00,24.6072403782531,24.635075489884716,24.572908401489258,24.572908401489258,4600,0.516,0.0,0.0
2025-05-29 00:00:00-04:00,24.616522854969237,24.653636932373047,24.560849084192014,24.653636932373047,3600,0.0,0.0,0.0
2025-05-30 00:00:00-04:00,24.48661668863115,24.63507652282715,24.48661668863115,24.63507652282715,3300,0.0,0.0,0.0
2025-06-02 00:00:00-04:00,24.56084783720432,24.681472564649685,24.56084783720432,24.67683219909668,3500,0.0,0.0,0.0
2025-06-03 00:00:00-04:00,24.700029822015207,24.74642285761021,24.700029822015207,24.74363899230957,6700,0.0,0.0,0.0
2025-06-04 00:00:00-04:00,24.67219387572574,24.782610508085945,24.67219387572574,24.751062393188477,5500,0.0,0.0,0.0
2025-06-05 00:00:00-04:00,24.774261175290146,24.792817328734046,24.690752290559203,24.714876174926758,7400,0.0,0.0,0.0
2025-06-06 00:00:00-04:00,24.847560122369003,24.847560122369003,24.8206523745333,24.834569931030273,1700,0.0,0.0,0.0
2025-06-09 00:00:00-04:00,24.84849192495582,24.876327040938047,24.847562789916992,24.847562789916992,2900,0.0,0.0,0.0
2025-06-10 00:00:00-04:00,24.922720523953853,24.922720523953853,24.891172409057617,24.891172409057617,900,0.0,0.0,0.0
2025-06-11 00:00:00-04:00,24.88560313085692,24.88560313085692,24.867045209156487,24.880035400390625,5400,0.0,0.0,0.0
2025-06-12 00:00:00-04:00,24.93199978054607,24.93199978054607,24.913441857472,24.925504684448242,9200,0.0,0.0,0.0
2025-06-13 00:00:00-04:00,24.839211078048564,24.839211078048564,24.764981158094034,24.807662963867188,2300,0.0,0.0,0.0
2025-06-16 00:00:00-04:00,24.941276474203374,24.978392319610276,24.931999282632564,24.93663787841797,2500,0.0,0.0,0.0
2025-06-17 00:00:00-04:00,24.904163351271634,24.932000236391698,24.841996254595912,24.85405731201172,5000,0.0,0.0,0.0
2025-06-18 00:00:00-04:00,24.885605142947757,24.904163066148666,24.869831085205078,24.869831085205078,2100,0.0,0.0,0.0
2025-06-20 00:00:00-04:00,24.802095123285188,24.82993200681263,24.783537200933562,24.792816162109375,5200,0.0,0.0,0.0
2025-06-23 00:00:00-04:00,24.89488236811868,24.954265594482422,24.81137348932034,24.954265594482422,8400,0.0,0.0,0.0
2025-06-24 00:00:00-04:00,25.099013735769084,25.099013735769084,25.09066390991211,25.09066390991211,2200,0.0,0.0,0.0
2025-06-25 00:00:00-04:00,25.099016763833184,25.099016763833184,25.08046060981187,25.09252166748047,1800,0.0,0.0,0.0
2025-06-26 00:00:00-04:00,25.117572784423828,25.163967590414245,25.117572784423828,25.117572784423828,10200,0.0,0.0,0.0
2025-06-27 00:00:00-04:00,25.19180078055789,25.19180078055789,25.12684982691191,25.18252182006836,3300,0.0,0.0,0.0
2025-06-30 00:00:00-04:00,25.191805463632598,25.219642350275986,25.191805463632598,25.210363388061523,4200,0.0,0.0,0.0
2025-07-01 00:00:00-04:00,25.22891836552956,25.25396961382321,25.22891836552956,25.238197326660156,6400,0.0,0.0,0.0
2025-07-02 00:00:00-04:00,25.266033827470057,25.2938707123902,25.266033827470057,25.289230346679688,15900,0.0,0.0,0.0
2025-07-03 00:00:00-04:00,25.321705307529452,25.34954042015156,25.321705307529452,25.340261459350586,2700,0.0,0.0,0.0
2025-07-07 00:00:00-04:00,25.303149674030244,25.303149674030244,25.275312789110103,25.289230346679688,9900,0.0,0.0,0.0
2025-07-08 00:00:00-04:00,25.3217069239882,25.330984115600586,25.3217069239882,25.330984115600586,5600,0.0,0.0,0.0
2025-07-09 00:00:00-04:00,25.330983002318657,25.35881988527518,25.330983002318657,25.35418128967285,7100,0.0,0.0,0.0
2025-07-10 00:00:00-04:00,25.38665674086975,25.38665674086975,25.368098818918735,25.36902618408203,4200,0.0,0.0,0.0
2025-07-11 00:00:00-04:00,25.358818704002452,25.368097664555727,25.356962203979492,25.356962203979492,2200,0.0,0.0,0.0
2025-07-14 00:00:00-04:00,25.340260424032255,25.36809730529785,25.340260424032255,25.36809730529785,10400,0.0,0.0,0.0
2025-07-15 00:00:00-04:00,25.35881863534019,25.377376556396484,25.354180039966494,25.377376556396484,11300,0.0,0.0,0.0
2025-07-16 00:00:00-04:00,25.34954186951775,25.38665771484375,25.303148832641167,25.38665771484375,12600,0.0,0.0,0.0
2025-07-17 00:00:00-04:00,25.423771194525624,25.451608077867704,25.423771194525624,25.43305015563965,6800,0.0,0.0,0.0
2025-07-18 00:00:00-04:00,25.419131258025214,25.419131258025214,25.39593474135418,25.401500701904297,7500,0.0,0.0,0.0
2025-07-21 00:00:00-04:00,25.44232770577158,25.44232770577158,25.42191505432129,25.42191505432129,3600,0.0,0.0,0.0
2025-07-22 00:00:00-04:00,25.40521395505122,25.441402435302734,25.400575359259985,25.441402435302734,3700,0.0,0.0,0.0
2025-07-23 00:00:00-04:00,25.47944450378418,25.47944450378418,25.470167311973192,25.47944450378418,3800,0.0,0.0,0.0
2025-07-24 00:00:00-04:00,25.507280563418732,25.535117447294088,25.507280563418732,25.511920928955078,8700,0.0,0.0,0.0
2025-07-25 00:00:00-04:00,25.52583972000353,25.55367660522461,25.52583972000353,25.55367660522461,3700,0.0,0.0,0.0
2025-07-28 00:00:00-04:00,25.57223275892434,25.57223275892434,25.55367660522461,25.55367660522461,3600,0.0,0.0,0.0
2025-07-29 00:00:00-04:00,25.57223275892434,25.57223275892434,25.55367660522461,25.55367660522461,6300,0.0,0.0,0.0
2025-07-30 00:00:00-04:00,25.55367246488996,25.55367246488996,25.488719743231403,25.5341854095459,6200,0.0,0.0,0.0
2025-07-31 00:00:00-04:00,25.590788648786226,25.590788648786226,25.45160777330307,25.48872184753418,10700,0.0,0.0,0.0
2025-08-01 00:00:00-04:00,25.256754211207873,25.321706941004713,25.191803251191963,25.266033172607422,6900,0.0,0.0,0.0
2025-08-04 00:00:00-04:00,25.461817549217436,25.500788128841496,25.46089018392575,25.499860763549805,3600,0.0,0.0,0.0
2025-08-05 00:00:00-04:00,25.460886748573778,25.479442900809307,25.423770904541016,25.423770904541016,8100,0.0,0.0,0.0
2025-08-06 00:00:00-04:00,25.44232939101398,25.537901098715903,25.44232939101398,25.507280349731445,3200,0.0,0.0,0.0
2025-08-07 00:00:00-04:00,25.442328143913638,25.572230054981194,25.442328143913638,25.530475616455078,3700,0.0,0.0,0.0
2025-08-08 00:00:00-04:00,25.618626290817357,25.627905252095264,25.616769790649414,25.616769790649414,2600,0.0,0.0,0.0
2025-08-11 00:00:00-04:00,25.627904491674215,25.63718168289595,25.603778839111328,25.603778839111328,5600,0.0,0.0,0.0
2025-08-12 00:00:00-04:00,25.689145439856237,25.710485458374023,25.684505074243894,25.710485458374023,6500,0.0,0.0,0.0
2025-08-13 00:00:00-04:00,25.7114132982603,25.73925018310547,25.7114132982603,25.73925018310547,7400,0.0,0.0,0.0
2025-08-14 00:00:00-04:00,25.72997341673928,25.75781030395946,25.72997341673928,25.748531341552734,6100,0.0,0.0,0.0
2025-08-15 00:00:00-04:00,25.71141242980957,25.71141242980957,25.702135238288836,25.71141242980957,1900,0.0,0.0,0.0
2025-08-18 00:00:00-04:00,25.71141206980951,25.72254753112793,25.70213487841867,25.72254753112793,3900,0.0,0.0,0.0
2025-08-19 00:00:00-04:00,25.61862564086914,25.627904601911638,25.609346679826643,25.61862564086914,4200,0.0,0.0,0.0
2025-08-20 00:00:00-04:00,25.470165982669634,25.618625820830744,25.470165982669634,25.61305809020996,3200,0.0,0.0,0.0
2025-08-21 00:00:00-04:00,25.581511792123674,25.581511792123674,25.479444982475595,25.533262252807617,15600,0.0,0.0,0.0
2025-08-22 00:00:00-04:00,25.75316680618248,25.76244576746085,25.75316680618248,25.756879806518555,4800,0.0,0.0,0.0
2025-08-25 00:00:00-04:00,25.887709154978964,25.887709154978964,25.71141242980957,25.71141242980957,7000,0.0,0.0,0.0
2025-08-26 00:00:00-04:00,25.711413090034863,25.759662628173828,25.711413090034863,25.759662628173828,7100,0.0,0.0,0.0
2025-08-27 00:00:00-04:00,25.757807798763913,25.794921875,25.757807798763913,25.794921875,9700,0.0,0.0,0.0
2025-08-28 00:00:00-04:00,25.822758300465917,25.850595184483836,25.81347933912661,25.84131622314453,6000,0.0,0.0,0.0
2025-08-29 00:00:00-04:00,25.820443847378524,25.820443847378524,25.720843007822904,25.735071182250977,20300,0.608,0.0,0.0
2025-09-02 00:00:00-04:00,25.412556967471282,25.640216827392578,25.412556967471282,25.640216827392578,6400,0.0,0.0,0.0
2025-09-03 00:00:00-04:00,25.687643632664674,25.725587844848633,25.66867152657269,25.725587844848633,20000,0.0,0.0,0.0
2025-09-04 00:00:00-04:00,25.74455887879194,25.84890365600586,25.74455887879194,25.84890365600586,10500,0.0,0.0,0.0
2025-09-05 00:00:00-04:00,25.90581735658212,25.90581735658212,25.801474391910574,25.858388900756836,13400,0.0,0.0,0.0
2025-09-08 00:00:00-04:00,25.910560446319362,25.934274673461914,25.896330462610184,25.934274673461914,5900,0.0,0.0,0.0
2025-09-09 00:00:00-04:00,25.915302052442456,25.962732315063477,25.905815999918254,25.962732315063477,5300,0.0,0.0,0.0
2025-09-10 00:00:00-04:00,25.991190765205385,25.991190765205385,25.94376230802845,25.981704711914062,3500,0.0,0.0,0.0
2025-09-11 00:00:00-04:00,26.019648889312986,26.048105239868164,26.019648889312986,26.048105239868164,2900,0.0,0.0,0.0
2025-09-12 00:00:00-04:00,26.05854035641326,26.067076537603082,26.038620187930864,26.05759048461914,13900,0.0,0.0,0.0
2025-09-15 00:00:00-04:00,26.06707602062908,26.086048126220703,26.06707602062908,26.086048126220703,7400,0.0,0.0,0.0
2025-09-16 00:00:00-04:00,25.962735761974578,26.086050842601967,25.962735761974578,26.07656478881836,5300,0.0,0.0,0.0
2025-09-17 00:00:00-04:00,26.076562364366346,26.10502052307129,26.057590258563046,26.10502052307129,5800,0.0,0.0,0.0
2025-09-18 00:00:00-04:00,26.12683757296452,26.12683757296452,26.105021279010614,26.118301391601562,9100,0.0,0.0,0.0
2025-09-19 00:00:00-04:00,26.10502187106046,26.16193638212966,26.10502187106046,26.155296325683594,10600,0.0,0.0,0.0
2025-09-22 00:00:00-04:00,26.154347170206503,26.193239444702463,26.154347170206503,26.190393447875977,4400,0.0,0.0,0.0
2025-09-23 00:00:00-04:00,26.171421568655663,26.171421568655663,26.114507059471617,26.142963409423828,1900,0.0,0.0,0.0
2025-09-24 00:00:00-04:00,26.15244836268092,26.15244836268092,26.11450596124707,26.13347625732422,7400,0.0,0.0,0.0
2025-09-25 00:00:00-04:00,26.076561782059933,26.095533887439572,26.048103623990478,26.067075729370117,15000,0.0,0.0,0.0
2025-09-26 00:00:00-04:00,26.14296415291282,26.157194137573242,26.14296415291282,26.157194137573242,13800,0.0,0.0,0.0
2025-09-29 00:00:00-04:00,26.190394546582557,26.199880599975586,26.161936386403465,26.199880599975586,2600,0.0,0.0,0.0
2025-09-30 00:00:00-04:00,26.19039312387043,26.237821578979492,26.1809070709927,26.237821578979492,5100,0.0,0.0,0.0
2025-10-01 00:00:00-04:00,26.21885105256735,26.293789608319777,26.21885105256735,26.28525161743164,3600,0.0,0.0,0.0
2025-10-02 00:00:00-04:00,26.285249658638804,26.32224580711739,26.285249658638804,26.308015823364258,5500,0.0,0.0,0.0
2025-10-03 00:00:00-04:00,26.47496703098347,26.47496703098347,26.33173179626465,26.33173179626465,700,0.0,0.0,0.0
2025-10-06 00:00:00-04:00,26.351653999586702,26.389596404115107,26.351653999586702,26.374420166015625,7400,0.0,0.0,0.0
2025-10-07 00:00:00-04:00,26.361139006785827,26.361139006785827,26.31370874140817,26.342166900634766,10300,0.0,0.0,0.0
2025-10-08 00:00:00-04:00,26.37442208640442,26.41805648803711,26.37442208640442,26.41805648803711,4000,0.0,0.0,0.0
2025-10-09 00:00:00-04:00,26.418055910076728,26.418055910076728,26.36778145257199,26.380111694335938,4800,0.0,0.0,0.0
2025-10-10 00:00:00-04:00,26.393389962951982,26.393389962951982,26.004470825195312,26.004470825195312,5700,0.0,0.0,0.0
2025-10-13 00:00:00-04:00,26.22833801114679,26.307070629139968,26.22833801114679,26.275768280029297,4200,0.0,0.0,0.0
2025-10-14 00:00:00-04:00,26.142963219351053,26.342166713966343,26.142963219351053,26.27766227722168,5800,0.0,0.0,0.0
2025-10-15 00:00:00-04:00,26.380109245516497,26.380109245516497,26.247308121311,26.320348739624023,8500,0.0,0.0,0.0
2025-10-16 00:00:00-04:00,26.380109735281785,26.380109735281785,26.19703415483951,26.24920654296875,17900,0.0,0.0,0.0
2025-10-17 00:00:00-04:00,26.280509747524324,26.370624542236328,26.2473094647736,26.370624542236328,18800,0.0,0.0,0.0
2025-10-20 00:00:00-04:00,26.418054254368293,26.484454818473342,26.418054254368293,26.465482711791992,8600,0.0,0.0,0.0
2025-10-21 00:00:00-04:00,26.493941231438676,26.522397582567287,26.493941231438676,26.50532341003418,4700,0.0,0.0,0.0
2025-10-22 00:00:00-04:00,26.47497019276932,26.47497019276932,26.427541732788086,26.427541732788086,8000,0.0,0.0,0.0
2025-10-23 00:00:00-04:00,26.525243800302714,26.525243800302714,26.503427505493164,26.503427505493164,3900,0.0,0.0,0.0
2025-10-24 00:00:00-04:00,26.579313854095744,26.579313854095744,26.5698278006439,26.572673797607422,5300,0.0,0.0,0.0
2025-10-27 00:00:00-04:00,26.62674331665039,26.63622937046013,26.617257262840656,26.62674331665039,2800,0.0,0.0,0.0
2025-10-28 00:00:00-04:00,26.626741752316132,26.63622780556856,26.622947692871094,26.622947692871094,5600,0.0,0.0,0.0
2025-10-29 00:00:00-04:00,26.61725678193316,26.61725678193316,26.579314376659504,26.58880043029785,16300,0.0,0.0,0.0
2025-10-30 00:00:00-04:00,26.579314376659504,26.607770728294813,26.56982832302116,26.58880043029785,9500,0.0,0.0,0.0
2025-10-31 00:00:00-04:00,26.59828701849556,26.626743370702773,26.588800964666568,26.60397720336914,3600,0.0,0.0,0.0
2025-11-03 00:00:00-05:00,26.56982660962429,26.617255065477796,26.56982660962429,26.607769012451172,5500,0.0,0.0,0.0
2025-11-04 00:00:00-05:00,26.531883239746094,26.579313506384842,26.531883239746094,26.531883239746094,16500,0.0,0.0,0.0
2025-11-05 00:00:00-05:00,26.58879871567754,26.626741118504423,26.58879871567754,26.607769012451172,7200,0.0,0.0,0.0
2025-11-06 00:00:00-05:00,26.580262998604063,26.580262998604063,26.484456206904213,26.493942260742188,7100,0.0,0.0,0.0
2025-11-07 00:00:00-05:00,26.42754088638577,26.503427505493164,26.351654267278377,26.503427505493164,13100,0.0,0.0,0.0
2025-11-10 00:00:00-05:00,26.617255936318024,26.66468620300293,26.598285638923738,26.66468620300293,8500,0.0,0.0,0.0
2025-11-11 00:00:00-05:00,26.636229331109917,26.693143844604492,26.636229331109917,26.693143844604492,2800,0.0,0.0,0.0
2025-11-12 00:00:00-05:00,26.683654197783778,26.70262630282058,26.683654197783778,26.69124412536621,1700,0.0,0.0,0.0
2025-11-13 00:00:00-05:00,26.61725649184237,26.61725649184237,26.55085592637734,26.569828033447266,14800,0.0,0.0,0.0
2025-11-14 00:00:00-05:00,26.29473779961928,26.617256381350344,26.29473779961928,26.570775985717773,3500,0.0,0.0,0.0
2025-11-17 00:00:00-05:00,26.56982778036434,26.607770184863067,26.45599694830876,26.484455108642578,20600,0.0,0.0,0.0
2025-11-18 00:00:00-05:00,26.42754192372835,26.48445643797299,26.42754192372835,26.44651222229004,3700,0.0,0.0,0.0
2025-11-19 00:00:00-05:00,26.493942260742188,26.503428314580166,26.427541693156133,26.493942260742188,9800,0.0,0.0,0.0
2025-11-20 00:00:00-05:00,26.655200270104825,26.664686323484666,26.266281127929688,26.266281127929688,13200,0.0,0.0,0.0
2025-11-21 00:00:00-05:00,26.35165530164223,26.49394249189373,26.2947389781178,26.44651222229004,9000,0.0,0.0,0.0
2025-11-24 00:00:00-05:00,26.53188458783279,26.63622937046013,26.53188458783279,26.62674331665039,4800,0.0,0.0,0.0
2025-11-25 00:00:00-05:00,26.617256010159064,26.731086841238948,26.579313605985558,26.730138778686523,7400,0.0,0.0,0.0
2025-11-26 00:00:00-05:00,26.75954223853569,26.80697250366211,26.75954223853569,26.80697250366211,13300,0.0,0.0,0.0
2025-11-28 00:00:00-05:00,26.83500691859506,26.8640079498291,26.83500691859506,26.8640079498291,5200,0.529,0.0,0.0
2025-12-01 00:00:00-05:00,26.796339239369814,26.854341302622377,26.796339239369814,26.825340270996094,2600,0.0,0.0,0.0
2025-12-02 00:00:00-05:00,26.822440053798825,26.864008383618216,26.822440053798825,26.839839935302734,19000,0.0,0.0,0.0
2025-12-03 00:00:00-05:00,26.8495079903697,26.90267562866211,26.844675406794845,26.90267562866211,3700,0.0,0.0,0.0
2025-12-04 00:00:00-05:00,26.864007453321975,26.897841067239515,26.854340443089296,26.888174057006836,9500,0.0,0.0,0.0
2025-12-05 00:00:00-05:00,26.941341833225888,26.941341833225888,26.912340802375173,26.917173385620117,7600,0.0,0.0,0.0
2025-12-08 00:00:00-05:00,26.92490837481763,26.92490837481763,26.87367303541261,26.88043975830078,22700,0.0,0.0,0.0
2025-12-09 00:00:00-05:00,26.893007846237484,26.902674856903676,26.76734039516447,26.88334083557129,5900,0.0,0.0,0.0
2025-12-10 00:00:00-05:00,26.893007623294988,26.951007843017578,26.888175039898833,26.951007843017578,7600,0.0,0.0,0.0
2025-12-11 00:00:00-05:00,26.912341848158697,26.980009078979492,26.912341848158697,26.980009078979492,6400,0.0,0.0,0.0
2025-12-12 00:00:00-05:00,26.9413425354754,26.9413425354754,26.893007482797643,26.922008514404297,3200,0.0,0.0,0.0
2025-12-15 00:00:00-05:00,26.902675060793744,26.912342071533203,26.902675060793744,26.912342071533203,11200,0.0,0.0,0.0
2025-12-16 00:00:00-05:00,26.88334083557129,26.902674856903676,26.84467463670027,26.88334083557129,4900,0.0,0.0,0.0
2025-12-17 00:00:00-05:00,26.893005862510755,26.893005862510755,26.788604736328125,26.788604736328125,10600,0.0,0.0,0.0
2025-12-18 00:00:00-05:00,26.86400714296824,26.941341380142575,26.85434013284724,26.877540588378906,5700,0.0,0.0,0.0
2025-12-19 00:00:00-05:00,26.999342736754386,27.0186767578125,26.98967572622533,27.0186767578125,4000,0.0,0.0,0.0
2025-12-22 00:00:00-05:00,27.062177161031496,27.08634376525879,27.062177161031496,27.08634376525879,5600,0.0,0.0,0.0
2025-12-23 00:00:00-05:00,27.096010916665897,27.12404395646014,27.096010916665897,27.11534309387207,4500,0.0,0.0,0.0
2025-12-24 00:00:00-05:00,27.133711083264483,27.154011252263274,27.12597821234887,27.146278381347656,2700,0.0,0.0,0.0
2025-12-26 00:00:00-05:00,26.994358870653183,27.169647216796875,26.994358870653183,27.169647216796875,2800,0.206,0.0,0.0
2025-12-29 00:00:00-05:00,27.120957792797643,27.150171279907227,27.120957792797643,27.150171279907227,5900,0.0,0.0,0.0
2025-12-30 00:00:00-05:00,27.130697737497588,27.130697737497588,27.09466566299997,27.101482391357422,2300,0.0,0.0,0.0
2025-12-31 00:00:00-05:00,27.111219417810027,27.120957866012535,27.062529034216563,27.072265625,4800,0.0,0.0,0.0
2026-01-02 00:00:00-05:00,27.111219892237912,27.14043523735668,27.033314162673626,27.08200454711914,15300,0.0,0.0,0.0
2026-01-05 00:00:00-05:00,27.111219344621425,27.150171279907227,27.072265551916555,27.150171279907227,13000,0.0,0.0,0.0
2026-01-06 00:00:00-05:00,27.20860311047027,27.247555047390257,27.182309485033272,27.232948303222656,2600,0.0,0.0,0.0
2026-01-07 00:00:00-05:00,27.247554841899664,27.247554841899664,27.208602905273438,27.208602905273438,4100,0.0,0.0,0.0
2026-01-08 00:00:00-05:00,27.19886316007245,27.225156784057617,27.19886316007245,27.225156784057617,2400,0.0,0.0,0.0
2026-01-09 00:00:00-05:00,27.228076934814453,27.228076934814453,27.218340344083437,27.228076934814453,5600,0.0,0.0,0.0
2026-01-12 00:00:00-05:00,27.227103647225164,27.23781538296453,27.218340344083437,27.228076934814453,7400,0.0,0.0,0.0
2026-01-13 00:00:00-05:00,27.218340344083437,27.228076934814453,27.218340344083437,27.228076934814453,6400,0.0,0.0,0.0
2026-01-14 00:00:00-05:00,27.228076934814453,27.232947087599022,27.218340344083437,27.228076934814453,3000,0.0,0.0,0.0
2026-01-15 00:00:00-05:00,27.237814958621634,27.237814958621634,27.218339920043945,27.218339920043945,8500,0.0,0.0,0.0
2026-01-16 00:00:00-05:00,27.237816194765053,27.24755464320538,27.237816194765053,27.240737915039062,5000,0.0,0.0,0.0
2026-01-20 00:00:00-05:00,27.179386612863087,27.203731804583732,27.169648164691015,27.189125061035156,7100,0.0,0.0,0.0
2026-01-21 00:00:00-05:00,27.23781442389692,27.26702976731846,27.22320768089565,27.2475528717041,8800,0.0,0.0,0.0
2026-01-22 00:00:00-05:00,27.267031189746323,27.286508086376724,27.267031189746323,27.276769638061523,5600,0.0,0.0,0.0
2026-01-23 00:00:00-05:00,27.26702976731846,27.26702976731846,27.22807597608974,27.2475528717041,4700,0.0,0.0,0.0
2026-01-26 00:00:00-05:00,27.1112197315413,27.276769638061523,27.1112197315413,27.276769638061523,5600,0.0,0.0,0.0
2026-01-27 00:00:00-05:00,27.276769164088364,27.276769164088364,27.267030715942383,27.267030715942383,5900,0.0,0.0,0.0
2026-01-28 00:00:00-05:00,27.276770598488067,27.28650904714616,27.247555252513777,27.257293701171875,7700,0.0,0.0,0.0
2026-01-29 00:00:00-05:00,27.208602489046065,27.257292873438782,27.208602489046065,27.255346298217773,10500,0.0,0.0,0.0
2026-01-30 00:00:00-05:00,27.257291526541106,27.27189826965332,27.218339592435534,27.27189826965332,7500,0.0,0.0,0.0
2026-02-02 00:00:00-05:00,27.271898526309666,27.33032921414644,27.267030231032784,27.296245574951172,11200,0.0,0.0,0.0
2026-02-03 00:00:00-05:00,27.267030645656796,27.286507541898555,27.208601814350583,27.249502182006836,5800,0.0,0.0,0.0
2026-02-04 00:00:00-05:00,27.247553406619996,27.247553406619996,27.207626327052424,27.218339920043945,10700,0.0,0.0,0.0
2026-02-05 00:00:00-05:00,27.18912553481253,27.198863983154297,27.1112198054975,27.198863983154297,5100,0.0,0.0,0.0
2026-02-06 00:00:00-05:00,27.23781598050762,27.283586502075195,27.2280775321439,27.283586502075195,5000,0.0,0.0,0.0
2026-02-09 00:00:00-05:00,27.267030231032784,27.305984022923965,27.267030231032784,27.296245574951172,3700,0.0,0.0,0.0
2026-02-10 00:00:00-05:00,27.325459061450527,27.340067662119235,27.296245574951172,27.296245574951172,6900,0.0,0.0,0.0
2026-02-11 00:00:00-05:00,27.26703139536007,27.301115036010742,27.26703139536007,27.301115036010742,6100,0.0,0.0,0.0
2026-02-12 00:00:00-05:00,27.325460022218433,27.325460022218433,27.267031189746323,27.276769638061523,2200,0.0,0.0,0.0
2026-02-13 00:00:00-05:00,27.291376315816237,27.31572150783581,27.28163786752459,27.2874813079834,6800,0.0,0.0,0.0
2026-02-17 00:00:00-05:00,27.262161679191188,27.281636717534468,27.257291526541106,27.27189826965332,10500,0.0,0.0,0.0
2026-02-18 00:00:00-05:00,27.305984920966836,27.325459960133895,27.286508024380687,27.31572151184082,8800,0.0,0.0,0.0
2026-02-19 00:00:00-05:00,27.286508024380687,27.31572151184082,27.286508024380687,27.31572151184082,6400,0.0,0.0,0.0
2026-02-20 00:00:00-05:00,27.315722458817728,27.344937804709787,27.310854163211964,27.3351993560791,12800,0.0,0.0,0.0
2026-02-23 00:00:00-05:00,27.30598471493053,27.325459753950643,27.2913761138916,27.2913761138916,3800,0.0,0.0,0.0
2026-02-24 00:00:00-05:00,27.247554766243468,27.296247008664967,27.247554766243468,27.286508560180664,12500,0.0,0.0,0.0
2026-02-25 00:00:00-05:00,27.28650760078652,27.305984497070312,27.28650760078652,27.305984497070312,9100,0.0,0.0,0.0
2026-02-26 00:00:00-05:00,27.286508560180664,27.302088591820244,27.257293214727767,27.286508560180664,9800,0.0,0.0,0.0
2026-02-27 00:00:00-05:00,27.24707537882213,27.261863420757194,27.23228921712126,27.233274459838867,205400,0.34,0.0,0.0
2026-03-02 00:00:00-05:00,27.178070423210183,27.271721126697322,27.16328426170555,27.23721694946289,35700,0.0,0.0,0.0
2026-03-03 00:00:00-05:00,27.069634217820322,27.20764528941843,27.069634217820322,27.187929153442383,12300,0.0,0.0,0.0
2026-03-04 00:00:00-05:00,27.227360561484467,27.256932884276004,27.227360561484467,27.250032424926758,10500,0.0,0.0,0.0
2026-03-05 00:00:00-05:00,27.03020360052142,27.207645062356566,27.03020360052142,27.14849853515625,11400,0.0,0.0,0.0
2026-03-06 00:00:00-05:00,27.030202880897846,27.28650699892124,27.030202880897846,27.156383514404297,7800,0.0,0.0,0.0
2026-03-09 00:00:00-04:00,26.97105674753816,27.141597747802734,26.97105674753816,27.141597747802734,3100,0.0,0.0,0.0
2026-03-10 00:00:00-04:00,26.94148274347483,27.20764493498148,26.94148274347483,27.128782272338867,8800,0.0,0.0,0.0
2026-03-11 00:00:00-04:00,27.079492469376447,27.089350537431297,27.040062077391276,27.059778213500977,4700,0.0,0.0,0.0
2026-03-12 00:00:00-04:00,26.971057942348168,26.971057942348168,26.886280059814453,26.886280059814453,3700,0.0,0.0,0.0
2026-03-13 00:00:00-04:00,26.940497247647368,26.940497247647368,26.81333136985139,26.836990356445312,6800,0.0,0.0,0.0
2026-03-16 00:00:00-04:00,26.941483434323324,26.941483434323324,26.92176729809855,26.931625366210938,4800,0.0,0.0,0.0
2026-03-17 00:00:00-04:00,26.99077131697439,27.02231788635254,26.99077131697439,27.02231788635254,5300,0.0,0.0,0.0
2026-03-18 00:00:00-04:00,26.980915479956213,26.990771667751506,26.892194747924805,26.892194747924805,4100,0.0,0.0,0.0
2026-03-19 00:00:00-04:00,26.892195427173505,26.961200024888814,26.892195427173505,26.958242416381836,3000,0.0,0.0,0.0
2026-03-20 00:00:00-04:00,26.803474603288905,26.803474603288905,26.71475386931319,26.738412857055664,7000,0.0,0.0,0.0
2026-03-23 00:00:00-04:00,26.93162583004062,26.971058103169288,26.882337368864054,26.895153045654297,4400,0.0,0.0,0.0
2026-03-24 00:00:00-04:00,26.833046194126844,26.86262039805489,26.80347387043301,26.80938720703125,4200,0.0,0.0,0.0
2026-03-25 00:00:00-04:00,26.91190811312829,26.94148231623811,26.90205192565918,26.90205192565918,3100,0.0,0.0,0.0
2026-03-26 00:00:00-04:00,26.828118276045455,26.828118276045455,26.724611381970387,26.744325637817383,4800,0.0,0.0,0.0
2026-03-27 00:00:00-04:00,26.665463217059195,26.685179353320333,26.63589089290173,26.657577514648438,6000,0.0,0.0,0.0
2026-03-30 00:00:00-04:00,26.734469752815908,26.773900145190726,26.67532134390231,26.6989803314209,8400,0.0,0.0,0.0
2026-03-31 00:00:00-04:00,26.8330460050498,26.951340939694216,26.813331749470894,26.948383331298828,7500,0.0,0.0,0.0
2026-04-01 00:00:00-04:00,27.000629425048828,27.03020362879702,26.9809151694509,27.000629425048828,6900,0.0,0.0,0.0
2026-04-02 00:00:00-04:00,26.921766128757476,27.06963338355222,26.921766128757476,27.04991912841797,8600,0.0,0.0,0.0
2026-04-06 00:00:00-04:00,27.030204595776897,27.09920919342372,27.030204595776897,27.095266342163086,7000,0.0,0.0,0.0
2026-04-07 00:00:00-04:00,27.040061541836646,27.128782272338867,27.000629270398246,27.128782272338867,8400,0.0,0.0,0.0
2026-04-08 00:00:00-04:00,27.178071397459167,27.33776909232373,27.178071397459167,27.26876449584961,8700,0.0,0.0,0.0
2026-04-09 00:00:00-04:00,27.079492688686067,27.335796819485207,27.079492688686067,27.29932403564453,15300,0.0,0.0,0.0
2026-04-10 00:00:00-04:00,27.286507187740604,27.286507187740604,27.20764452628262,27.21750259399414,3300,0.0,0.0,0.0
2026-04-13 00:00:00-04:00,27.2372174302434,27.31608009338379,27.22736124255578,27.31608009338379,9600,0.0,0.0,0.0
2026-04-14 00:00:00-04:00,27.355512872234964,27.39494514465332,27.355512872234964,27.39494514465332,5500,0.0,0.0,0.0
2026-04-15 00:00:00-04:00,27.365370813776938,27.385086949894934,27.345654677658946,27.375228881835938,7600,0.0,0.0,0.0
2026-04-16 00:00:00-04:00,27.335796028318796,27.355512164017536,27.316079892620056,27.328895568847656,7200,0.0,0.0,0.0
2026-04-17 00:00:00-04:00,27.424516804941863,27.463949076405793,27.404800669209898,27.444232940673828,8100,0.0,0.0,0.0
2026-04-20 00:00:00-04:00,27.48366320454406,27.48366320454406,27.39494435462973,27.424516677856445,9300,0.0,0.0,0.0
2026-04-21 00:00:00-04:00,27.394943872168977,27.394943872168977,27.33579546628886,27.345653533935547,9200,0.0,0.0,0.0
2026-04-22 00:00:00-04:00,27.394943799148077,27.394943799148077,27.35551152866644,27.378185272216797,4900,0.0,0.0,0.0
2026-04-23 00:00:00-04:00,27.370298653970714,27.38508669603924,27.286507896597314,27.335796356201172,8400,0.0,0.0,0.0
2026-04-24 00:00:00-04:00,27.365371308464454,27.39494551317606,27.36044133422872,27.380157470703125,6300,0.0,0.0,0.0
2026-04-27 00:00:00-04:00,27.375229175564105,27.394945311893647,27.365371107399334,27.392972946166992,6600,0.0,0.0,0.0
2026-04-28 00:00:00-04:00,27.345654056116807,27.35551212395174,27.335795988281877,27.350584030151367,12500,0.0,0.0,0.0
2026-04-29 00:00:00-04:00,27.316080757937304,27.316080757937304,27.227361904950918,27.26679229736328,8100,0.0,0.0,0.0
2026-04-30 00:00:00-04:00,27.29143661077823,27.360441207885742,27.29143661077823,27.360441207885742,5500,0.0,0.0,0.0
2026-05-01 00:00:00-04:00,27.404801701179,27.404801701179,27.375229376701654,27.380157470703125,4400,0.0,0.0,0.0
2026-05-04 00:00:00-04:00,27.355512761019924,27.355512761019924,27.266792028673553,27.301294326782227,7200,0.0,0.0,0.0
2026-05-05 00:00:00-04:00,27.335796356201172,27.3555124921364,27.335796356201172,27.335796356201172,7300,0.0,0.0,0.0
2026-05-06 00:00:00-04:00,27.394943993614138,27.42845916748047,27.390014019651865,27.42845916748047,17300,0.0,0.0,0.0
2026-05-07 00:00:00-04:00,27.414659221299477,27.414659221299477,27.316080421132657,27.322980880737305,8400,0.0,0.0,0.0
2026-05-08 00:00:00-04:00,27.36536992409332,27.385086059570312,27.360439950106983,27.385086059570312,5700,0.0,0.0,0.0
2026-05-11 00:00:00-04:00,27.375227736875605,27.38508580452229,27.340725440229278,27.345653533935547,5900,0.0,0.0,0.0
2026-05-12 00:00:00-04:00,27.276649207532685,27.3111515045166,27.2569330720464,27.3111515045166,10900,0.0,0.0,0.0
2026-05-13 00:00:00-04:00,27.296365837774342,27.3210100674618,27.296365837774342,27.31608009338379,2800,0.0,0.0,0.0
2026-05-14 00:00:00-04:00,27.35551186924366,27.365369936986806,27.306223410762115,27.3111515045166,5400,0.0,0.0,0.0
2026-05-15 00:00:00-04:00,27.109066649834748,27.247075842013498,27.109066649834748,27.196802139282227,3500,0.0,0.0,0.0
2026-05-18 00:00:00-04:00,27.227360896013497,27.227360896013497,27.168212489235383,27.193843841552734,7500,0.0,0.0,0.0
2026-05-19 00:00:00-04:00,27.128782767303434,27.148498903382357,27.10906663122451,27.133710861206055,4900,0.0,0.0,0.0
2026-05-20 00:00:00-04:00,27.20764586088749,27.297351837158203,27.197787792692406,27.297351837158203,4500,0.0,0.0,0.0
2026-05-21 00:00:00-04:00,27.1090663077281,27.335796229227434,27.1090663077281,27.31608009338379,11200,0.0,0.0,0.0
2026-05-22 00:00:00-04:00,27.32593779332236,27.3456539289005,27.31607972553329,27.330867767333984,5500,0.0,0.0,0.0
2026-05-26 00:00:00-04:00,27.197786632476003,27.404800415039062,27.197786632476003,27.404800415039062,3900,0.0,0.0,0.0
2026-05-27 00:00:00-04:00,27.385087410933096,27.404801667148757,27.385087410933096,27.391000747680664,3000,0.0,0.0,0.0
2026-05-28 00:00:00-04:00,27.3799991607666,27.43000030517578,27.3799991607666,27.40999984741211,6600,0.395,0.0,0.0
2026-05-29 00:00:00-04:00,27.43000030517578,27.459999084472656,27.43000030517578,27.45400047302246,6100,0.0,0.0,0.0
2026-06-01 00:00:00-04:00,27.3799991607666,27.43000030517578,27.3799991607666,27.420000076293945,8600,0.0,0.0,0.0
2026-06-02 00:00:00-04:00,27.440000534057617,27.450000762939453,27.420000076293945,27.444000244140625,9000,0.0,0.0,0.0
2026-06-03 00:00:00-04:00,27.389999389648438,27.389999389648438,27.3700008392334,27.386999130249023,4900,0.0,0.0,0.0
2026-06-04 00:00:00-04:00,27.420000076293945,27.434999465942383,27.40999984741211,27.424999237060547,10100,0.0,0.0,0.0
2026-06-05 00:00:00-04:00,27.360000610351562,27.360000610351562,27.280000686645508,27.31100082397461,8300,0.0,0.0,0.0
2026-06-08 00:00:00-04:00,27.340999603271484,27.350000381469727,27.31999969482422,27.327999114990234,12300,0.0,0.0,0.0
2026-06-09 00:00:00-04:00,27.3700008392334,27.3799991607666,27.329999923706055,27.364999771118164,7700,0.0,0.0,0.0
2026-06-10 00:00:00-04:00,27.354999542236328,27.354999542236328,27.309999465942383,27.316999435424805,6100,0.0,0.0,0.0
2026-06-11 00:00:00-04:00,27.360000610351562,27.479999542236328,27.360000610351562,27.454999923706055,7500,0.0,0.0,0.0
2026-06-12 00:00:00-04:00,27.440000534057617,27.469999313354492,27.420000076293945,27.458999633789062,5900,0.0,0.0,0.0
2026-06-15 00:00:00-04:00,27.329999923706055,27.53499984741211,27.329999923706055,27.489999771118164,8900,0.0,0.0,0.0
2026-06-16 00:00:00-04:00,27.479999542236328,27.5,27.479999542236328,27.496999740600586,5700,0.0,0.0,0.0
2026-06-17 00:00:00-04:00,27.475000381469727,27.489999771118164,27.40999984741211,27.413999557495117,6600,0.0,0.0,0.0
2026-06-18 00:00:00-04:00,27.479999542236328,27.489999771118164,27.469999313354492,27.475000381469727,5500,0.0,0.0,0.0
2026-06-22 00:00:00-04:00,27.454999923706055,27.472999572753906,27.454999923706055,27.472999572753906,2100,0.0,0.0,0.0
2026-06-23 00:00:00-04:00,27.452999114990234,27.469999313354492,27.450000762939453,27.45400047302246,5800,0.0,0.0,0.0
2026-06-24 00:00:00-04:00,27.479999542236328,27.479999542236328,27.440000534057617,27.44499969482422,5300,0.0,0.0,0.0
2026-06-25 00:00:00-04:00,27.46500015258789,27.479999542236328,27.440000534057617,27.44099998474121,7000,0.0,0.0,0.0
2026-06-26 00:00:00-04:00,27.459999084472656,27.469999313354492,27.440000534057617,27.440000534057617,15200,0.0,0.0,0.0
2026-06-29 00:00:00-04:00,27.489999771118164,27.510000228881836,27.489999771118164,27.510000228881836,10100,0.0,0.0,0.0
2026-06-30 00:00:00-04:00,27.510000228881836,27.510000228881836,27.479999542236328,27.483999252319336,5600,0.0,0.0,0.0
2026-07-01 00:00:00-04:00,27.48900032043457,27.4950008392334,27.479999542236328,27.489999771118164,5700,0.0,0.0,0.0
2026-07-02 00:00:00-04:00,27.520000457763672,27.538000106811523,27.520000457763672,27.527000427246094,5400,0.0,0.0,0.0
2026-07-06 00:00:00-04:00,27.520000457763672,27.565000534057617,27.510000228881836,27.55299949645996,12300,0.0,0.0,0.0
2026-07-07 00:00:00-04:00,27.510000228881836,27.530000686645508,27.5,27.530000686645508,4300,0.0,0.0,0.0
2026-07-08 00:00:00-04:00,27.459999084472656,27.48699951171875,27.450000762939453,27.48699951171875,6600,0.0,0.0,0.0
2026-07-09 00:00:00-04:00,27.520000457763672,27.540000915527344,27.510000228881836,27.517000198364258,4300,0.0,0.0,0.0
2026-07-10 00:00:00-04:00,27.5,27.510000228881836,27.489999771118164,27.493999481201172,4700,0.0,0.0,0.0
2026-07-13 00:00:00-04:00,27.434999465942383,27.437999725341797,27.43000030517578,27.437999725341797,2600,0.0,0.0,0.0
2026-07-14 00:00:00-04:00,27.5,27.5,27.469999313354492,27.481000900268555,5300,0.0,0.0,0.0
2026-07-15 00:00:00-04:00,27.549999237060547,27.549999237060547,27.510000228881836,27.524999618530273,7300,0.0,0.0,0.0
2026-07-16 00:00:00-04:00,27.510000228881836,27.518999099731445,27.5,27.51799964904785,4000,0.0,0.0,0.0
2026-07-17 00:00:00-04:00,27.520000457763672,27.520000457763672,27.5,27.506999969482422,4600,0.0,0.0,0.0
2026-07-20 00:00:00-04:00,27.5,27.5,27.469999313354492,27.48699951171875,6200,0.0,0.0,0.0
2026-07-21 00:00:00-04:00,27.475000381469727,27.489999771118164,27.459999084472656,27.469999313354492,6100,0.0,0.0,0.0
2026-07-22 00:00:00-04:00,27.43000030517578,27.440000534057617,27.40999984741211,27.429000854492188,10800,0.0,0.0,0.0
2026-07-23 00:00:00-04:00,27.329999923706055,27.350000381469727,27.299999237060547,27.343000411987305,7500,0.0,0.0,0.0
2026-07-24 00:00:00-04:00,27.31999969482422,27.34000015258789,27.31999969482422,27.336999893188477,5900,0.0,0.0,0.0
2026-07-27 00:00:00-04:00,27.360000610351562,27.389999389648438,27.34000015258789,27.344999313354492,4400,0.0,0.0,0.0
2026-07-28 00:00:00-04:00,27.3700008392334,27.389999389648438,27.3700008392334,27.389999389648438,4400,0.0,0.0,0.0
2026-07-29 00:00:00-04:00,27.329999923706055,27.3700008392334,27.31999969482422,27.327999114990234,2800,0.0,0.0,0.0
2026-07-30 00:00:00-04:00,27.415000915527344,27.43000030517578,27.399999618530273,27.399999618530273,1600,0.0,0.0,0.0
2026-07-31 00:00:00-04:00,27.350000381469727,27.41200065612793,27.350000381469727,27.41200065612793,5700,0.0,0.0,0.0
2026-08-03 00:00:00-04:00,27.485000610351562,27.489999771118164,27.459999084472656,27.48200035095215,2000,0.0,0.0,0.0
2026-08-04 00:00:00-04:00,27.34000015258789,27.575000762939453,27.34000015258789,27.57200050354004,3400,0.0,0.0,0.0
2026-08-05 00:00:00-04:00,27.575000762939453,27.575000762939453,27.540000915527344,27.549999237060547,2500,0.0,0.0,0.0
2026-08-06 00:00:00-04:00,27.530000686645508,27.549999237060547,27.520000457763672,27.53700065612793,4300,0.0,0.0,0.0
2026-08-07 00:00:00-04:00,27.56999969482422,27.59000015258789,27.56999969482422,27.58799934387207,3300,0.0,0.0,0.0
2026-08-10 00:00:00-04:00,27.540000915527344,27.540000915527344,27.520000457763672,27.540000915527344,6500,0.0,0.0,0.0
2026-08-11 00:00:00-04:00,27.56999969482422,27.56999969482422,27.549999237060547,27.55299949645996,3600,0.0,0.0,0.0
2026-08-12 00:00:00-04:00,27.59000015258789,27.610000610351562,27.579999923706055,27.597000122070312,5800,0.0,0.0,0.0
2026-08-13 00:00:00-04:00,27.6299991607666,27.65999984741211,27.6299991607666,27.65999984741211,4200,0.0,0.0,0.0
2026-08-14 00:00:00-04:00,27.389999389648438,27.6299991607666,27.389999389648438,27.625,3300,0.0,0.0,0.0
2026-08-17 00:00:00-04:00,27.6200008392334,27.6299991607666,27.59000015258789,27.604999542236328,3200,0.0,0.0,0.0
2026-08-18 00:00:00-04:00,27.575000762939453,27.59000015258789,27.56999969482422,27.575000762939453,3000,0.0,0.0,0.0
2026-08-19 00:00:00-04:00,27.625,27.6299991607666,27.6200008392334,27.624000549316406,9200,0.0,0.0,0.0
2026-08-20 00:00:00-04:00,27.559999465942383,27.579999923706055,27.559999465942383,27.579999923706055,4700,0.0,0.0,0.0
2026-08-21 00:00:00-04:00,27.610000610351562,27.6200008392334,27.600000381469727,27.60569953918457,2811,0.0,0.0,0.0
