Date,Open,High,Low,Close,Volume,Dividends,Stock Splits
2004-07-23 00:00:00-04:00,13138.328125,13138.328125,13138.328125,13138.328125,0,0.0,0.0
2004-07-26 00:00:00-04:00,13138.328125,13138.328125,13138.328125,13138.328125,0,0.0,0.0
2004-07-27 00:00:00-04:00,13138.328125,13138.328125,13138.328125,13138.328125,0,0.0,0.0
2004-07-28 00:00:00-04:00,12468.9423828125,12468.9423828125,12468.9423828125,12468.9423828125,0,0.0,0.0
2004-07-29 00:00:00-04:00,12468.9423828125,12468.9423828125,12468.9423828125,12468.9423828125,0,0.0,0.0
2004-07-30 00:00:00-04:00,12468.9423828125,12468.9423828125,12468.9423828125,12468.9423828125,0,0.0,0.0
2004-08-02 00:00:00-04:00,12468.9423828125,12468.9423828125,12468.9423828125,12468.9423828125,0,0.0,0.0
2004-08-03 00:00:00-04:00,12468.9423828125,12468.9423828125,12468.9423828125,12468.9423828125,0,0.0,0.0
2004-08-04 00:00:00-04:00,12468.9423828125,12468.9423828125,12468.9423828125,12468.9423828125,0,0.0,0.0
2004-08-05 00:00:00-04:00,12468.9423828125,12468.9423828125,12468.9423828125,12468.9423828125,0,0.0,0.0
2004-08-06 00:00:00-04:00,12468.9423828125,12468.9423828125,12468.9423828125,12468.9423828125,0,0.0,0.0
2004-08-09 00:00:00-04:00,12468.9423828125,12468.9423828125,12468.9423828125,12468.9423828125,0,0.0,0.0
2004-08-10 00:00:00-04:00,12468.9423828125,12468.9423828125,12468.9423828125,12468.9423828125,0,0.0,0.0
2004-08-11 00:00:00-04:00,12468.9423828125,12468.9423828125,12468.9423828125,12468.9423828125,0,0.0,0.0
2004-08-12 00:00:00-04:00,12468.9423828125,12468.9423828125,12468.9423828125,12468.9423828125,0,0.0,0.0
2004-08-13 00:00:00-04:00,12468.9423828125,12468.9423828125,12468.9423828125,12468.9423828125,0,0.0,0.0
2004-08-16 00:00:00-04:00,12468.9423828125,12468.9423828125,12468.9423828125,12468.9423828125,0,0.0,0.0
2004-08-17 00:00:00-04:00,12468.9423828125,12468.9423828125,12468.9423828125,12468.9423828125,0,0.0,0.0
2004-08-18 00:00:00-04:00,12468.9423828125,12468.9423828125,12468.9423828125,12468.9423828125,0,0.0,0.0
2004-08-19 00:00:00-04:00,12468.9423828125,12468.9423828125,12468.9423828125,12468.9423828125,0,0.0,0.0
2004-08-20 00:00:00-04:00,12468.9423828125,12468.9423828125,12468.9423828125,12468.9423828125,0,0.0,0.0
2004-08-23 00:00:00-04:00,12468.9423828125,12468.9423828125,12468.9423828125,12468.9423828125,0,0.0,0.0
2004-08-24 00:00:00-04:00,12468.9423828125,12468.9423828125,12468.9423828125,12468.9423828125,0,0.0,0.0
2004-08-25 00:00:00-04:00,12468.9423828125,12468.9423828125,12468.9423828125,12468.9423828125,0,0.0,0.0
2004-08-26 00:00:00-04:00,12468.9423828125,12468.9423828125,12468.9423828125,12468.9423828125,0,0.0,0.0
2004-08-27 00:00:00-04:00,12468.9423828125,12468.9423828125,12468.9423828125,12468.9423828125,0,0.0,0.0
2004-08-30 00:00:00-04:00,12468.9423828125,12468.9423828125,12468.9423828125,12468.9423828125,0,0.0,0.0
2004-08-31 00:00:00-04:00,12468.9423828125,12468.9423828125,12468.9423828125,12468.9423828125,0,0.0,0.0
2004-09-01 00:00:00-04:00,12468.9423828125,12468.9423828125,12468.9423828125,12468.9423828125,0,0.0,0.0
2004-09-02 00:00:00-04:00,12468.9423828125,12468.9423828125,12468.9423828125,12468.9423828125,0,0.0,0.0
2004-09-03 00:00:00-04:00,12468.9423828125,12468.9423828125,12468.9423828125,12468.9423828125,0,0.0,0.0
2004-09-07 00:00:00-04:00,12468.9423828125,12468.9423828125,12468.9423828125,12468.9423828125,0,0.0,0.0
2004-09-08 00:00:00-04:00,12468.9423828125,12468.9423828125,12468.9423828125,12468.9423828125,0,0.0,0.0
2004-09-09 00:00:00-04:00,12468.9423828125,12468.9423828125,12468.9423828125,12468.9423828125,0,0.0,0.0
2004-09-10 00:00:00-04:00,12468.9423828125,12468.9423828125,12468.9423828125,12468.9423828125,0,0.0,0.0
2004-09-13 00:00:00-04:00,12468.9423828125,12468.9423828125,12468.9423828125,12468.9423828125,0,0.0,0.0
2004-09-14 00:00:00-04:00,12468.9423828125,12468.9423828125,12468.9423828125,12468.9423828125,0,0.0,0.0
2004-09-15 00:00:00-04:00,12468.9423828125,12468.9423828125,12468.9423828125,12468.9423828125,0,0.0,0.0
2004-09-16 00:00:00-04:00,12468.9423828125,12468.9423828125,12468.9423828125,12468.9423828125,0,0.0,0.0
2004-09-17 00:00:00-04:00,12468.9423828125,12468.9423828125,12468.9423828125,12468.9423828125,0,0.0,0.0
2004-09-20 00:00:00-04:00,12468.9423828125,12468.9423828125,12468.9423828125,12468.9423828125,0,0.0,0.0
2004-09-21 00:00:00-04:00,12468.9423828125,12468.9423828125,12468.9423828125,12468.9423828125,0,0.0,0.0
2004-09-22 00:00:00-04:00,12468.9423828125,12468.9423828125,12468.9423828125,12468.9423828125,0,0.0,0.0
2004-09-23 00:00:00-04:00,12468.9423828125,12468.9423828125,12468.9423828125,12468.9423828125,0,0.0,0.0
2004-09-24 00:00:00-04:00,12468.9423828125,12468.9423828125,12468.9423828125,12468.9423828125,0,0.0,0.0
2004-09-27 00:00:00-04:00,12468.9423828125,12468.9423828125,12468.9423828125,12468.9423828125,0,0.0,0.0
2004-09-28 00:00:00-04:00,12468.9423828125,12468.9423828125,12468.9423828125,12468.9423828125,0,0.0,0.0
2004-09-29 00:00:00-04:00,12468.9423828125,12468.9423828125,12468.9423828125,12468.9423828125,0,0.0,0.0
2004-09-30 00:00:00-04:00,12468.9423828125,12468.9423828125,12468.9423828125,12468.9423828125,0,0.0,0.0
2004-10-01 00:00:00-04:00,12468.9423828125,12468.9423828125,12468.9423828125,12468.9423828125,0,0.0,0.0
2004-10-04 00:00:00-04:00,12468.9423828125,12468.9423828125,12468.9423828125,12468.9423828125,0,0.0,0.0
2004-10-05 00:00:00-04:00,12468.9423828125,12468.9423828125,12468.9423828125,12468.9423828125,0,0.0,0.0
2004-10-06 00:00:00-04:00,12468.9423828125,12468.9423828125,12468.9423828125,12468.9423828125,0,0.0,0.0
2004-10-07 00:00:00-04:00,12468.9423828125,12468.9423828125,12468.9423828125,12468.9423828125,0,0.0,0.0
2004-10-08 00:00:00-04:00,12468.9423828125,12468.9423828125,12468.9423828125,12468.9423828125,0,0.0,0.0
2004-10-11 00:00:00-04:00,12468.9423828125,12468.9423828125,12468.9423828125,12468.9423828125,0,0.0,0.0
2004-10-12 00:00:00-04:00,12468.9423828125,12468.9423828125,12468.9423828125,12468.9423828125,0,0.0,0.0
2004-10-13 00:00:00-04:00,12468.9423828125,12468.9423828125,12468.9423828125,12468.9423828125,0,0.0,0.0
2004-10-14 00:00:00-04:00,12468.9423828125,12468.9423828125,12468.9423828125,12468.9423828125,0,0.0,0.0
2004-10-15 00:00:00-04:00,12468.9423828125,12468.9423828125,12468.9423828125,12468.9423828125,0,0.0,0.0
2004-10-18 00:00:00-04:00,12468.9423828125,12468.9423828125,12468.9423828125,12468.9423828125,0,0.0,0.0
2004-10-19 00:00:00-04:00,12468.9423828125,12468.9423828125,12468.9423828125,12468.9423828125,0,0.0,0.0
2004-10-20 00:00:00-04:00,12468.9423828125,12468.9423828125,12468.9423828125,12468.9423828125,0,0.0,0.0
2004-10-21 00:00:00-04:00,12468.9423828125,12468.9423828125,12468.9423828125,12468.9423828125,0,0.0,0.0
2004-10-22 00:00:00-04:00,12468.9423828125,12468.9423828125,12468.9423828125,12468.9423828125,0,0.0,0.0
2004-10-25 00:00:00-04:00,12468.9423828125,12468.9423828125,12468.9423828125,12468.9423828125,0,0.0,0.0
2004-10-26 00:00:00-04:00,12468.9423828125,12468.9423828125,12468.9423828125,12468.9423828125,0,0.0,0.0
2004-10-27 00:00:00-04:00,12468.9423828125,12468.9423828125,12468.9423828125,12468.9423828125,0,0.0,0.0
2004-10-28 00:00:00-04:00,12468.9423828125,12468.9423828125,12468.9423828125,12468.9423828125,0,0.0,0.0
2004-10-29 00:00:00-04:00,12468.9423828125,12468.9423828125,12468.9423828125,12468.9423828125,0,0.0,0.0
2004-11-01 00:00:00-05:00,12468.9423828125,12468.9423828125,12468.9423828125,12468.9423828125,0,0.0,0.0
2004-11-02 00:00:00-05:00,12468.9423828125,12468.9423828125,12468.9423828125,12468.9423828125,0,0.0,0.0
2004-11-03 00:00:00-05:00,12468.9423828125,12468.9423828125,12468.9423828125,12468.9423828125,0,0.0,0.0
2004-11-04 00:00:00-05:00,12468.9423828125,12468.9423828125,12468.9423828125,12468.9423828125,0,0.0,0.0
2004-11-05 00:00:00-05:00,12468.9423828125,12468.9423828125,12468.9423828125,12468.9423828125,0,0.0,0.0
2004-11-08 00:00:00-05:00,12468.9423828125,12468.9423828125,12468.9423828125,12468.9423828125,0,0.0,0.0
2004-11-09 00:00:00-05:00,12468.9423828125,12468.9423828125,12468.9423828125,12468.9423828125,0,0.0,0.0
2004-11-10 00:00:00-05:00,12468.9423828125,12468.9423828125,12468.9423828125,12468.9423828125,0,0.0,0.0
2004-11-11 00:00:00-05:00,12468.9423828125,12468.9423828125,12468.9423828125,12468.9423828125,0,0.0,0.0
2004-11-12 00:00:00-05:00,12468.9423828125,12468.9423828125,12468.9423828125,12468.9423828125,0,0.0,0.0
2004-11-15 00:00:00-05:00,12468.9423828125,12468.9423828125,12468.9423828125,12468.9423828125,0,0.0,0.0
2004-11-16 00:00:00-05:00,12468.9423828125,12468.9423828125,12468.9423828125,12468.9423828125,0,0.0,0.0
2004-11-17 00:00:00-05:00,12468.9423828125,12468.9423828125,12468.9423828125,12468.9423828125,0,0.0,0.0
2004-11-18 00:00:00-05:00,12468.9423828125,12468.9423828125,12468.9423828125,12468.9423828125,0,0.0,0.0
2004-11-19 00:00:00-05:00,12468.9423828125,12468.9423828125,12468.9423828125,12468.9423828125,0,0.0,0.0
2004-11-22 00:00:00-05:00,12468.9423828125,12468.9423828125,12468.9423828125,12468.9423828125,0,0.0,0.0
2004-11-23 00:00:00-05:00,12468.9423828125,12468.9423828125,12468.9423828125,12468.9423828125,0,0.0,0.0
2004-11-24 00:00:00-05:00,12468.9423828125,12468.9423828125,12468.9423828125,12468.9423828125,0,0.0,0.0
2004-11-26 00:00:00-05:00,12468.9423828125,12468.9423828125,12468.9423828125,12468.9423828125,0,0.0,0.0
2004-11-29 00:00:00-05:00,12468.9423828125,12468.9423828125,12468.9423828125,12468.9423828125,0,0.0,0.0
2004-11-30 00:00:00-05:00,12468.9423828125,12468.9423828125,12468.9423828125,12468.9423828125,0,0.0,0.0
2004-12-01 00:00:00-05:00,12468.9423828125,12468.9423828125,12468.9423828125,12468.9423828125,0,0.0,0.0
2004-12-02 00:00:00-05:00,12468.9423828125,12468.9423828125,12468.9423828125,12468.9423828125,0,0.0,0.0
2004-12-03 00:00:00-05:00,12468.9423828125,12468.9423828125,12468.9423828125,12468.9423828125,0,0.0,0.0
2004-12-06 00:00:00-05:00,12468.9423828125,12468.9423828125,12468.9423828125,12468.9423828125,0,0.0,0.0
2004-12-07 00:00:00-05:00,12468.9423828125,12468.9423828125,12468.9423828125,12468.9423828125,0,0.0,0.0
2004-12-08 00:00:00-05:00,12468.9423828125,12468.9423828125,12468.9423828125,12468.9423828125,0,0.0,0.0
2004-12-09 00:00:00-05:00,12468.9423828125,12468.9423828125,12468.9423828125,12468.9423828125,0,0.0,0.0
2004-12-10 00:00:00-05:00,12468.9423828125,12468.9423828125,12468.9423828125,12468.9423828125,0,0.0,0.0
2004-12-13 00:00:00-05:00,12468.9423828125,12468.9423828125,12468.9423828125,12468.9423828125,0,0.0,0.0
2004-12-14 00:00:00-05:00,6562.60107421875,7875.12158203125,6562.60107421875,7875.12158203125,0,0.0,0.0
2004-12-15 00:00:00-05:00,7218.861328125,7218.861328125,7218.861328125,7218.861328125,7,0.0,0.0
2004-12-16 00:00:00-05:00,7218.861328125,7218.861328125,7218.861328125,7218.861328125,0,0.0,0.0
2004-12-17 00:00:00-05:00,7218.861328125,7218.861328125,7218.861328125,7218.861328125,0,0.0,0.0
2004-12-20 00:00:00-05:00,7218.861328125,7218.861328125,7218.861328125,7218.861328125,0,0.0,0.0
2004-12-21 00:00:00-05:00,7218.861328125,7218.861328125,7218.861328125,7218.861328125,0,0.0,0.0
2004-12-22 00:00:00-05:00,7218.861328125,7218.861328125,7218.861328125,7218.861328125,0,0.0,0.0
2004-12-23 00:00:00-05:00,7218.861328125,7218.861328125,7218.861328125,7218.861328125,0,0.0,0.0
2004-12-27 00:00:00-05:00,7218.861328125,7218.861328125,7218.861328125,7218.861328125,0,0.0,0.0
2004-12-28 00:00:00-05:00,7218.861328125,7218.861328125,7218.861328125,7218.861328125,0,0.0,0.0
2004-12-29 00:00:00-05:00,7218.861328125,7218.861328125,7218.861328125,7218.861328125,0,0.0,0.0
2004-12-30 00:00:00-05:00,7218.861328125,7218.861328125,7218.861328125,7218.861328125,0,0.0,0.0
2004-12-31 00:00:00-05:00,7218.861328125,7218.861328125,7218.861328125,7218.861328125,0,0.0,0.0
2005-01-03 00:00:00-05:00,7218.861328125,7218.861328125,7218.861328125,7218.861328125,0,0.0,0.0
2005-01-04 00:00:00-05:00,7218.861328125,7218.861328125,7218.861328125,7218.861328125,0,0.0,0.0
2005-01-05 00:00:00-05:00,7218.861328125,7218.861328125,7218.861328125,7218.861328125,0,0.0,0.0
2005-01-06 00:00:00-05:00,7218.861328125,7218.861328125,7218.861328125,7218.861328125,0,0.0,0.0
2005-01-07 00:00:00-05:00,7218.861328125,7218.861328125,7218.861328125,7218.861328125,0,0.0,0.0
2005-01-10 00:00:00-05:00,7218.861328125,7218.861328125,7218.861328125,7218.861328125,0,0.0,0.0
2005-01-11 00:00:00-05:00,7218.861328125,7218.861328125,7218.861328125,7218.861328125,0,0.0,0.0
2005-01-12 00:00:00-05:00,7218.861328125,7218.861328125,7218.861328125,7218.861328125,0,0.0,0.0
2005-01-13 00:00:00-05:00,7218.861328125,7218.861328125,7218.861328125,7218.861328125,0,0.0,0.0
2005-01-14 00:00:00-05:00,7218.861328125,7218.861328125,7218.861328125,7218.861328125,0,0.0,0.0
2005-01-18 00:00:00-05:00,7218.861328125,7218.861328125,7218.861328125,7218.861328125,0,0.0,0.0
2005-01-19 00:00:00-05:00,7218.861328125,7218.861328125,7218.861328125,7218.861328125,0,0.0,0.0
2005-01-20 00:00:00-05:00,7218.861328125,7218.861328125,7218.861328125,7218.861328125,0,0.0,0.0
2005-01-21 00:00:00-05:00,8531.3818359375,8531.3818359375,8531.3818359375,8531.3818359375,0,0.0,0.0
2005-01-24 00:00:00-05:00,8531.3818359375,8531.3818359375,8531.3818359375,8531.3818359375,0,0.0,0.0
2005-01-25 00:00:00-05:00,8531.3818359375,8531.3818359375,8531.3818359375,8531.3818359375,0,0.0,0.0
2005-01-26 00:00:00-05:00,8531.3818359375,8531.3818359375,8531.3818359375,8531.3818359375,0,0.0,0.0
2005-01-27 00:00:00-05:00,8531.3818359375,8531.3818359375,8531.3818359375,8531.3818359375,0,0.0,0.0
2005-01-28 00:00:00-05:00,8531.3818359375,8531.3818359375,8531.3818359375,8531.3818359375,0,0.0,0.0
2005-01-31 00:00:00-05:00,8531.3818359375,8531.3818359375,8531.3818359375,8531.3818359375,0,0.0,0.0
2005-02-01 00:00:00-05:00,8531.3818359375,8531.3818359375,8531.3818359375,8531.3818359375,0,0.0,0.0
2005-02-02 00:00:00-05:00,7218.861328125,7218.861328125,5906.34130859375,6037.59326171875,1,0.0,0.0
2005-02-03 00:00:00-05:00,6037.59326171875,6037.59326171875,6037.59326171875,6037.59326171875,0,0.0,0.0
2005-02-04 00:00:00-05:00,6037.59326171875,6037.59326171875,6037.59326171875,6037.59326171875,0,0.0,0.0
2005-02-07 00:00:00-05:00,6037.59326171875,6037.59326171875,6037.59326171875,6037.59326171875,0,0.0,0.0
2005-02-08 00:00:00-05:00,6037.59326171875,6037.59326171875,6037.59326171875,6037.59326171875,0,0.0,0.0
2005-02-09 00:00:00-05:00,6037.59326171875,6037.59326171875,6037.59326171875,6037.59326171875,0,0.0,0.0
2005-02-10 00:00:00-05:00,6037.59326171875,6037.59326171875,6037.59326171875,6037.59326171875,0,0.0,0.0
2005-02-11 00:00:00-05:00,6037.59326171875,6037.59326171875,6037.59326171875,6037.59326171875,0,0.0,0.0
2005-02-14 00:00:00-05:00,6037.59326171875,6037.59326171875,6037.59326171875,6037.59326171875,0,0.0,0.0
2005-02-15 00:00:00-05:00,6037.59326171875,6037.59326171875,6037.59326171875,6037.59326171875,0,0.0,0.0
2005-02-16 00:00:00-05:00,6037.59326171875,6037.59326171875,6037.59326171875,6037.59326171875,0,0.0,0.0
2005-02-17 00:00:00-05:00,6037.59326171875,6037.59326171875,6037.59326171875,6037.59326171875,0,0.0,0.0
2005-02-18 00:00:00-05:00,6037.59326171875,6037.59326171875,6037.59326171875,6037.59326171875,0,0.0,0.0
2005-02-22 00:00:00-05:00,6037.59326171875,6037.59326171875,6037.59326171875,6037.59326171875,0,0.0,0.0
2005-02-23 00:00:00-05:00,6037.59326171875,6037.59326171875,6037.59326171875,6037.59326171875,0,0.0,0.0
2005-02-24 00:00:00-05:00,6037.59326171875,6037.59326171875,6037.59326171875,6037.59326171875,0,0.0,0.0
2005-02-25 00:00:00-05:00,6037.59326171875,6037.59326171875,6037.59326171875,6037.59326171875,0,0.0,0.0
2005-02-28 00:00:00-05:00,6037.59326171875,6037.59326171875,6037.59326171875,6037.59326171875,0,0.0,0.0
2005-03-01 00:00:00-05:00,6037.59326171875,6037.59326171875,6037.59326171875,6037.59326171875,0,0.0,0.0
2005-03-02 00:00:00-05:00,6037.59326171875,6037.59326171875,6037.59326171875,6037.59326171875,0,0.0,0.0
2005-03-03 00:00:00-05:00,6037.59326171875,6037.59326171875,6037.59326171875,6037.59326171875,0,0.0,0.0
2005-03-04 00:00:00-05:00,6037.59326171875,6037.59326171875,6037.59326171875,6037.59326171875,0,0.0,0.0
2005-03-07 00:00:00-05:00,6037.59326171875,6037.59326171875,6037.59326171875,6037.59326171875,0,0.0,0.0
2005-03-08 00:00:00-05:00,7875.12158203125,7875.12158203125,7875.12158203125,7875.12158203125,0,0.0,0.0
2005-03-09 00:00:00-05:00,7875.12158203125,7875.12158203125,7875.12158203125,7875.12158203125,0,0.0,0.0
2005-03-10 00:00:00-05:00,7875.12158203125,7875.12158203125,7875.12158203125,7875.12158203125,0,0.0,0.0
2005-03-11 00:00:00-05:00,7875.12158203125,7875.12158203125,7875.12158203125,7875.12158203125,0,0.0,0.0
2005-03-14 00:00:00-05:00,7875.12158203125,7875.12158203125,7875.12158203125,7875.12158203125,0,0.0,0.0
2005-03-15 00:00:00-05:00,7875.12158203125,7875.12158203125,7875.12158203125,7875.12158203125,0,0.0,0.0
2005-03-16 00:00:00-05:00,7875.12158203125,7875.12158203125,7875.12158203125,7875.12158203125,0,0.0,0.0
2005-03-17 00:00:00-05:00,7875.12158203125,7875.12158203125,7875.12158203125,7875.12158203125,0,0.0,0.0
2005-03-18 00:00:00-05:00,7875.12158203125,7875.12158203125,7875.12158203125,7875.12158203125,0,0.0,0.0
2005-03-21 00:00:00-05:00,7875.12158203125,7875.12158203125,7875.12158203125,7875.12158203125,0,0.0,0.0
2005-03-22 00:00:00-05:00,9843.90234375,9843.90234375,9843.90234375,9843.90234375,0,0.0,0.0
2005-03-23 00:00:00-05:00,9843.90234375,9843.90234375,9843.90234375,9843.90234375,0,0.0,0.0
2005-03-24 00:00:00-05:00,9843.90234375,9843.90234375,9843.90234375,9843.90234375,0,0.0,0.0
2005-03-28 00:00:00-05:00,9843.90234375,9843.90234375,9843.90234375,9843.90234375,0,0.0,0.0
2005-03-29 00:00:00-05:00,9843.90234375,9843.90234375,9843.90234375,9843.90234375,0,0.0,0.0
2005-03-30 00:00:00-05:00,9843.90234375,9843.90234375,9843.90234375,9843.90234375,0,0.0,0.0
2005-03-31 00:00:00-05:00,9843.90234375,9843.90234375,9843.90234375,9843.90234375,0,0.0,0.0
2005-04-01 00:00:00-05:00,9843.90234375,9843.90234375,9581.3974609375,9581.3974609375,0,0.0,0.0
2005-04-04 00:00:00-04:00,9581.3974609375,9581.3974609375,9581.3974609375,9581.3974609375,0,0.0,0.0
2005-04-05 00:00:00-04:00,9581.3974609375,9581.3974609375,9581.3974609375,9581.3974609375,0,0.0,0.0
2005-04-06 00:00:00-04:00,9581.3974609375,9581.3974609375,9581.3974609375,9581.3974609375,0,0.0,0.0
2005-04-07 00:00:00-04:00,9581.3974609375,9581.3974609375,9581.3974609375,9581.3974609375,0,0.0,0.0
2005-04-08 00:00:00-04:00,9843.90234375,9843.90234375,9187.6416015625,9187.6416015625,0,0.0,0.0
2005-04-11 00:00:00-04:00,9187.6416015625,9187.6416015625,9187.6416015625,9187.6416015625,0,0.0,0.0
2005-04-12 00:00:00-04:00,9187.6416015625,9187.6416015625,9187.6416015625,9187.6416015625,0,0.0,0.0
2005-04-13 00:00:00-04:00,9843.90234375,9843.90234375,9843.90234375,9843.90234375,0,0.0,0.0
2005-04-14 00:00:00-04:00,9843.90234375,9843.90234375,9843.90234375,9843.90234375,0,0.0,0.0
2005-04-15 00:00:00-04:00,9843.90234375,9843.90234375,9843.90234375,9843.90234375,0,0.0,0.0
2005-04-18 00:00:00-04:00,9843.90234375,9843.90234375,9843.90234375,9843.90234375,0,0.0,0.0
2005-04-19 00:00:00-04:00,9843.90234375,9843.90234375,9843.90234375,9843.90234375,0,0.0,0.0
2005-04-20 00:00:00-04:00,9843.90234375,9843.90234375,9843.90234375,9843.90234375,0,0.0,0.0
2005-04-21 00:00:00-04:00,9843.90234375,9843.90234375,9843.90234375,9843.90234375,0,0.0,0.0
2005-04-22 00:00:00-04:00,9843.90234375,9843.90234375,9843.90234375,9843.90234375,0,0.0,0.0
2005-04-25 00:00:00-04:00,9843.90234375,9843.90234375,5250.0810546875,7875.12158203125,0,0.0,0.0
2005-04-26 00:00:00-04:00,9187.6416015625,9187.6416015625,5250.0810546875,9187.6416015625,0,0.0,0.0
2005-04-27 00:00:00-04:00,9187.6416015625,9187.6416015625,5250.0810546875,5250.0810546875,1,0.0,0.0
2005-04-28 00:00:00-04:00,6562.60107421875,6562.60107421875,5250.0810546875,5250.0810546875,1,0.0,0.0
2005-04-29 00:00:00-04:00,5250.0810546875,5512.5849609375,4725.07275390625,5512.5849609375,2,0.0,0.0
2005-05-02 00:00:00-04:00,5512.5849609375,5906.34130859375,5250.0810546875,5250.0810546875,1,0.0,0.0
2005-05-03 00:00:00-04:00,5906.34130859375,5906.34130859375,5775.08935546875,5775.08935546875,1,0.0,0.0
2005-05-04 00:00:00-04:00,5906.34130859375,6300.09716796875,5906.34130859375,6168.84521484375,1,0.0,0.0
2005-05-05 00:00:00-04:00,6693.853515625,6693.853515625,5512.5849609375,6693.853515625,1,0.0,0.0
2005-05-06 00:00:00-04:00,6693.853515625,6693.853515625,6693.853515625,6693.853515625,0,0.0,0.0
2005-05-09 00:00:00-04:00,7481.36572265625,7875.12158203125,7218.861328125,7875.12158203125,0,0.0,0.0
2005-05-10 00:00:00-04:00,7875.12158203125,7875.12158203125,7875.12158203125,7875.12158203125,0,0.0,0.0
2005-05-11 00:00:00-04:00,6168.84521484375,8268.8779296875,6168.84521484375,6168.84521484375,0,0.0,0.0
2005-05-12 00:00:00-04:00,6168.84521484375,6562.60107421875,6168.84521484375,6562.60107421875,0,0.0,0.0
2005-05-13 00:00:00-04:00,6562.60107421875,6956.357421875,6037.59326171875,6037.59326171875,1,0.0,0.0
2005-05-16 00:00:00-04:00,6562.60107421875,6562.60107421875,6562.60107421875,6562.60107421875,0,0.0,0.0
2005-05-17 00:00:00-04:00,5775.08935546875,5775.08935546875,5775.08935546875,5775.08935546875,0,0.0,0.0
2005-05-18 00:00:00-04:00,5250.0810546875,5250.0810546875,4987.5771484375,4987.5771484375,0,0.0,0.0
2005-05-19 00:00:00-04:00,5250.0810546875,5250.0810546875,5250.0810546875,5250.0810546875,0,0.0,0.0
2005-05-20 00:00:00-04:00,5250.0810546875,5250.0810546875,5250.0810546875,5250.0810546875,0,0.0,0.0
2005-05-23 00:00:00-04:00,5250.0810546875,5250.0810546875,4987.5771484375,5118.8291015625,1,0.0,0.0
2005-05-24 00:00:00-04:00,5250.0810546875,5906.34130859375,4725.07275390625,5814.46484375,7,0.0,0.0
2005-05-25 00:00:00-04:00,6168.84521484375,6168.84521484375,4593.82080078125,4593.82080078125,2,0.0,0.0
2005-05-26 00:00:00-04:00,4987.5771484375,5250.0810546875,4725.07275390625,4751.3232421875,9,0.0,0.0
2005-05-27 00:00:00-04:00,5250.0810546875,5512.5849609375,4725.07275390625,4751.3232421875,6,0.0,0.0
2005-05-31 00:00:00-04:00,4751.3232421875,4751.3232421875,4593.82080078125,4646.32177734375,4,0.0,0.0
2005-06-01 00:00:00-04:00,4593.82080078125,4593.82080078125,4462.56884765625,4462.56884765625,0,0.0,0.0
2005-06-02 00:00:00-04:00,4331.31689453125,4331.31689453125,3018.796630859375,3018.796630859375,0,0.0,0.0
2005-06-03 00:00:00-04:00,3675.056640625,3675.056640625,3675.056640625,3675.056640625,0,0.0,0.0
2005-06-06 00:00:00-04:00,3675.056640625,3675.056640625,3018.796630859375,3281.300537109375,0,0.0,0.0
2005-06-07 00:00:00-04:00,3281.300537109375,3281.300537109375,3281.300537109375,3281.300537109375,0,0.0,0.0
2005-06-08 00:00:00-04:00,3018.796630859375,3018.796630859375,3018.796630859375,3018.796630859375,0,0.0,0.0
2005-06-09 00:00:00-04:00,3018.796630859375,3018.796630859375,3018.796630859375,3018.796630859375,0,0.0,0.0
2005-06-10 00:00:00-04:00,3018.796630859375,3018.796630859375,3018.796630859375,3018.796630859375,0,0.0,0.0
2005-06-13 00:00:00-04:00,3018.796630859375,3018.796630859375,3018.796630859375,3018.796630859375,0,0.0,0.0
2005-06-14 00:00:00-04:00,3281.300537109375,3281.300537109375,3281.300537109375,3281.300537109375,0,0.0,0.0
2005-06-15 00:00:00-04:00,3281.300537109375,3281.300537109375,3281.300537109375,3281.300537109375,0,0.0,0.0
2005-06-16 00:00:00-04:00,3018.796630859375,3018.796630859375,2231.284423828125,2625.04052734375,1,0.0,0.0
2005-06-17 00:00:00-04:00,2625.04052734375,2625.04052734375,2625.04052734375,2625.04052734375,0,0.0,0.0
2005-06-20 00:00:00-04:00,2625.04052734375,2625.04052734375,2625.04052734375,2625.04052734375,0,0.0,0.0
2005-06-21 00:00:00-04:00,2100.032470703125,2362.536376953125,2100.032470703125,2362.536376953125,1,0.0,0.0
2005-06-22 00:00:00-04:00,2362.536376953125,2362.536376953125,2362.536376953125,2362.536376953125,0,0.0,0.0
2005-06-23 00:00:00-04:00,2362.536376953125,2362.536376953125,2362.536376953125,2362.536376953125,0,0.0,0.0
2005-06-24 00:00:00-04:00,2362.536376953125,2362.536376953125,2362.536376953125,2362.536376953125,0,0.0,0.0
2005-06-27 00:00:00-04:00,2362.536376953125,2362.536376953125,2362.536376953125,2362.536376953125,0,0.0,0.0
2005-06-28 00:00:00-04:00,2362.536376953125,2362.536376953125,2362.536376953125,2362.536376953125,0,0.0,0.0
2005-06-29 00:00:00-04:00,2362.536376953125,2362.536376953125,2362.536376953125,2362.536376953125,0,0.0,0.0
2005-06-30 00:00:00-04:00,2100.032470703125,2231.284423828125,2100.032470703125,2231.284423828125,1,0.0,0.0
2005-07-01 00:00:00-04:00,2231.284423828125,2231.284423828125,2231.284423828125,2231.284423828125,0,0.0,0.0
2005-07-05 00:00:00-04:00,2231.284423828125,2231.284423828125,2231.284423828125,2231.284423828125,0,0.0,0.0
2005-07-06 00:00:00-04:00,2231.284423828125,2231.284423828125,2231.284423828125,2231.284423828125,0,0.0,0.0
2005-07-07 00:00:00-04:00,2231.284423828125,2231.284423828125,2231.284423828125,2231.284423828125,0,0.0,0.0
2005-07-08 00:00:00-04:00,1706.2763671875,1706.2763671875,1706.2763671875,1706.2763671875,0,0.0,0.0
2005-07-11 00:00:00-04:00,1706.2763671875,1706.2763671875,1706.2763671875,1706.2763671875,0,0.0,0.0
2005-07-12 00:00:00-04:00,1575.0242919921875,1575.0242919921875,1050.0162353515625,1312.520263671875,12,0.0,0.0
2005-07-13 00:00:00-04:00,1312.520263671875,1312.520263671875,1050.0162353515625,1063.141357421875,0,0.0,0.0
2005-07-14 00:00:00-04:00,1063.141357421875,1063.141357421875,1063.141357421875,1063.141357421875,0,0.0,0.0
2005-07-15 00:00:00-04:00,1063.141357421875,1063.141357421875,1063.141357421875,1063.141357421875,0,0.0,0.0
2005-07-18 00:00:00-04:00,1063.141357421875,1063.141357421875,1063.141357421875,1063.141357421875,0,0.0,0.0
2005-07-19 00:00:00-04:00,1063.141357421875,1063.141357421875,1063.141357421875,1063.141357421875,0,0.0,0.0
2005-07-20 00:00:00-04:00,2362.536376953125,2362.536376953125,2362.536376953125,2362.536376953125,0,0.0,0.0
2005-07-21 00:00:00-04:00,2362.536376953125,2362.536376953125,2362.536376953125,2362.536376953125,0,0.0,0.0
2005-07-22 00:00:00-04:00,2362.536376953125,2362.536376953125,2362.536376953125,2362.536376953125,0,0.0,0.0
2005-07-25 00:00:00-04:00,2362.536376953125,2362.536376953125,2362.536376953125,2362.536376953125,0,0.0,0.0
2005-07-26 00:00:00-04:00,2362.536376953125,2362.536376953125,2362.536376953125,2362.536376953125,0,0.0,0.0
2005-07-27 00:00:00-04:00,2362.536376953125,2362.536376953125,2362.536376953125,2362.536376953125,0,0.0,0.0
2005-07-28 00:00:00-04:00,2362.536376953125,2362.536376953125,1063.141357421875,1063.141357421875,0,0.0,0.0
2005-07-29 00:00:00-04:00,1063.141357421875,1063.141357421875,1063.141357421875,1063.141357421875,0,0.0,0.0
2005-08-01 00:00:00-04:00,1063.141357421875,1063.141357421875,1063.141357421875,1063.141357421875,0,0.0,0.0
2005-08-02 00:00:00-04:00,1063.141357421875,1063.141357421875,1063.141357421875,1063.141357421875,0,0.0,0.0
2005-08-03 00:00:00-04:00,1063.141357421875,1063.141357421875,1063.141357421875,1063.141357421875,0,0.0,0.0
2005-08-04 00:00:00-04:00,2362.536376953125,2362.536376953125,2362.536376953125,2362.536376953125,0,0.0,0.0
2005-08-05 00:00:00-04:00,2362.536376953125,2362.536376953125,2362.536376953125,2362.536376953125,0,0.0,0.0
2005-08-08 00:00:00-04:00,2362.536376953125,2362.536376953125,2362.536376953125,2362.536376953125,0,0.0,0.0
2005-08-09 00:00:00-04:00,1443.7723388671875,1443.7723388671875,1443.7723388671875,1443.7723388671875,0,0.0,0.0
2005-08-10 00:00:00-04:00,1443.7723388671875,1443.7723388671875,1443.7723388671875,1443.7723388671875,0,0.0,0.0
2005-08-11 00:00:00-04:00,1443.7723388671875,1443.7723388671875,1443.7723388671875,1443.7723388671875,0,0.0,0.0
2005-08-12 00:00:00-04:00,1443.7723388671875,1443.7723388671875,1443.7723388671875,1443.7723388671875,0,0.0,0.0
2005-08-15 00:00:00-04:00,1443.7723388671875,1443.7723388671875,1443.7723388671875,1443.7723388671875,0,0.0,0.0
2005-08-16 00:00:00-04:00,1443.7723388671875,1443.7723388671875,1443.7723388671875,1443.7723388671875,0,0.0,0.0
2005-08-17 00:00:00-04:00,1050.0162353515625,1050.0162353515625,1050.0162353515625,1050.0162353515625,0,0.0,0.0
2005-08-18 00:00:00-04:00,1050.0162353515625,1050.0162353515625,1050.0162353515625,1050.0162353515625,0,0.0,0.0
2005-08-19 00:00:00-04:00,1968.7803955078125,1968.7803955078125,1968.7803955078125,1968.7803955078125,0,0.0,0.0
2005-08-22 00:00:00-04:00,1968.7803955078125,1968.7803955078125,1968.7803955078125,1968.7803955078125,0,0.0,0.0
2005-08-23 00:00:00-04:00,1968.7803955078125,1968.7803955078125,1968.7803955078125,1968.7803955078125,0,0.0,0.0
2005-08-24 00:00:00-04:00,1312.520263671875,1312.520263671875,1312.520263671875,1312.520263671875,0,0.0,0.0
2005-08-25 00:00:00-04:00,1312.520263671875,1312.520263671875,1312.520263671875,1312.520263671875,0,0.0,0.0
2005-08-26 00:00:00-04:00,1312.520263671875,1312.520263671875,1312.520263671875,1312.520263671875,0,0.0,0.0
2005-08-29 00:00:00-04:00,1312.520263671875,1312.520263671875,1312.520263671875,1312.520263671875,0,0.0,0.0
2005-08-30 00:00:00-04:00,1312.520263671875,1312.520263671875,1312.520263671875,1312.520263671875,0,0.0,0.0
2005-08-31 00:00:00-04:00,1312.520263671875,1312.520263671875,1312.520263671875,1312.520263671875,0,0.0,0.0
2005-09-01 00:00:00-04:00,1312.520263671875,1312.520263671875,1312.520263671875,1312.520263671875,0,0.0,0.0
2005-09-02 00:00:00-04:00,1312.520263671875,1312.520263671875,1312.520263671875,1312.520263671875,0,0.0,0.0
2005-09-06 00:00:00-04:00,1312.520263671875,1312.520263671875,1312.520263671875,1312.520263671875,0,0.0,0.0
2005-09-07 00:00:00-04:00,1312.520263671875,1312.520263671875,1312.520263671875,1312.520263671875,0,0.0,0.0
2005-09-08 00:00:00-04:00,1312.520263671875,1312.520263671875,1312.520263671875,1312.520263671875,0,0.0,0.0
2005-09-09 00:00:00-04:00,1312.520263671875,1312.520263671875,1312.520263671875,1312.520263671875,0,0.0,0.0
2005-09-12 00:00:00-04:00,1312.520263671875,1312.520263671875,1312.520263671875,1312.520263671875,0,0.0,0.0
2005-09-13 00:00:00-04:00,1312.520263671875,1312.520263671875,1312.520263671875,1312.520263671875,0,0.0,0.0
2005-09-14 00:00:00-04:00,1312.520263671875,1312.520263671875,1312.520263671875,1312.520263671875,0,0.0,0.0
2005-09-15 00:00:00-04:00,1312.520263671875,1312.520263671875,1312.520263671875,1312.520263671875,0,0.0,0.0
2005-09-16 00:00:00-04:00,1312.520263671875,1312.520263671875,1312.520263671875,1312.520263671875,0,0.0,0.0
2005-09-19 00:00:00-04:00,1312.520263671875,1312.520263671875,1312.520263671875,1312.520263671875,0,0.0,0.0
2005-09-20 00:00:00-04:00,1312.520263671875,1312.520263671875,1312.520263671875,1312.520263671875,0,0.0,0.0
2005-09-21 00:00:00-04:00,1312.520263671875,1312.520263671875,1312.520263671875,1312.520263671875,0,0.0,0.0
2005-09-22 00:00:00-04:00,1312.520263671875,1312.520263671875,1312.520263671875,1312.520263671875,0,0.0,0.0
2005-09-23 00:00:00-04:00,1312.520263671875,1312.520263671875,1312.520263671875,1312.520263671875,0,0.0,0.0
2005-09-26 00:00:00-04:00,1312.520263671875,1312.520263671875,1312.520263671875,1312.520263671875,0,0.0,0.0
2005-09-27 00:00:00-04:00,1312.520263671875,1312.520263671875,1312.520263671875,1312.520263671875,1,0.0,0.0
2005-09-28 00:00:00-04:00,1312.520263671875,1312.520263671875,1312.520263671875,1312.520263671875,0,0.0,0.0
2005-09-29 00:00:00-04:00,1312.520263671875,1312.520263671875,1312.520263671875,1312.520263671875,0,0.0,0.0
2005-09-30 00:00:00-04:00,1312.520263671875,1312.520263671875,1312.520263671875,1312.520263671875,0,0.0,0.0
2005-10-03 00:00:00-04:00,1312.520263671875,1312.520263671875,1312.520263671875,1312.520263671875,0,0.0,0.0
2005-10-04 00:00:00-04:00,1312.520263671875,1312.520263671875,1312.520263671875,1312.520263671875,0,0.0,0.0
2005-10-05 00:00:00-04:00,1312.520263671875,1312.520263671875,1312.520263671875,1312.520263671875,0,0.0,0.0
2005-10-06 00:00:00-04:00,1312.520263671875,1312.520263671875,1312.520263671875,1312.520263671875,0,0.0,0.0
2005-10-07 00:00:00-04:00,1312.520263671875,1312.520263671875,1312.520263671875,1312.520263671875,0,0.0,0.0
2005-10-10 00:00:00-04:00,1312.520263671875,1312.520263671875,1312.520263671875,1312.520263671875,0,0.0,0.0
2005-10-11 00:00:00-04:00,1312.520263671875,1312.520263671875,1312.520263671875,1312.520263671875,0,0.0,0.0
2005-10-12 00:00:00-04:00,1312.520263671875,1312.520263671875,1312.520263671875,1312.520263671875,0,0.0,0.0
2005-10-13 00:00:00-04:00,1312.520263671875,1312.520263671875,1312.520263671875,1312.520263671875,0,0.0,0.0
2005-10-14 00:00:00-04:00,1312.520263671875,1312.520263671875,1312.520263671875,1312.520263671875,0,0.0,0.0
2005-10-17 00:00:00-04:00,1312.520263671875,1312.520263671875,1312.520263671875,1312.520263671875,0,0.0,0.0
2005-10-18 00:00:00-04:00,1312.520263671875,1312.520263671875,1312.520263671875,1312.520263671875,0,0.0,0.0
2005-10-19 00:00:00-04:00,1312.520263671875,1312.520263671875,1312.520263671875,1312.520263671875,0,0.0,0.0
2005-10-20 00:00:00-04:00,1312.520263671875,1312.520263671875,1312.520263671875,1312.520263671875,0,0.0,0.0
2005-10-21 00:00:00-04:00,1312.520263671875,1312.520263671875,1312.520263671875,1312.520263671875,0,0.0,0.0
2005-10-24 00:00:00-04:00,1312.520263671875,1312.520263671875,1312.520263671875,1312.520263671875,0,0.0,0.0
2005-10-25 00:00:00-04:00,1312.520263671875,1312.520263671875,1312.520263671875,1312.520263671875,0,0.0,0.0
2005-10-26 00:00:00-04:00,1312.520263671875,1312.520263671875,1312.520263671875,1312.520263671875,0,0.0,0.0
2005-10-27 00:00:00-04:00,1312.520263671875,1312.520263671875,1312.520263671875,1312.520263671875,0,0.0,0.0
2005-10-28 00:00:00-04:00,1312.520263671875,1312.520263671875,1312.520263671875,1312.520263671875,0,0.0,0.0
2005-10-31 00:00:00-05:00,1312.520263671875,1312.520263671875,1312.520263671875,1312.520263671875,0,0.0,0.0
2005-11-01 00:00:00-05:00,1312.520263671875,1312.520263671875,1312.520263671875,1312.520263671875,0,0.0,0.0
2005-11-02 00:00:00-05:00,1312.520263671875,1312.520263671875,1312.520263671875,1312.520263671875,0,0.0,0.0
2005-11-03 00:00:00-05:00,1312.520263671875,1312.520263671875,1312.520263671875,1312.520263671875,0,0.0,0.0
2005-11-04 00:00:00-05:00,1312.520263671875,1312.520263671875,1312.520263671875,1312.520263671875,0,0.0,0.0
2005-11-07 00:00:00-05:00,1443.7723388671875,1443.7723388671875,1443.7723388671875,1443.7723388671875,0,0.0,0.0
2005-11-08 00:00:00-05:00,1443.7723388671875,1443.7723388671875,1443.7723388671875,1443.7723388671875,0,0.0,0.0
2005-11-09 00:00:00-05:00,1443.7723388671875,1443.7723388671875,1443.7723388671875,1443.7723388671875,0,0.0,0.0
2005-11-10 00:00:00-05:00,1443.7723388671875,1443.7723388671875,1443.7723388671875,1443.7723388671875,0,0.0,0.0
2005-11-11 00:00:00-05:00,1443.7723388671875,1443.7723388671875,1443.7723388671875,1443.7723388671875,0,0.0,0.0
2005-11-14 00:00:00-05:00,1443.7723388671875,1443.7723388671875,1443.7723388671875,1443.7723388671875,0,0.0,0.0
2005-11-15 00:00:00-05:00,1443.7723388671875,1443.7723388671875,1443.7723388671875,1443.7723388671875,0,0.0,0.0
2005-11-16 00:00:00-05:00,1443.7723388671875,1443.7723388671875,1443.7723388671875,1443.7723388671875,0,0.0,0.0
2005-11-17 00:00:00-05:00,1443.7723388671875,1443.7723388671875,1443.7723388671875,1443.7723388671875,0,0.0,0.0
2005-11-18 00:00:00-05:00,1968.7803955078125,1968.7803955078125,1968.7803955078125,1968.7803955078125,0,0.0,0.0
2005-11-21 00:00:00-05:00,1968.7803955078125,1968.7803955078125,1968.7803955078125,1968.7803955078125,0,0.0,0.0
2005-11-22 00:00:00-05:00,1968.7803955078125,1968.7803955078125,1050.0162353515625,1050.0162353515625,2,0.0,0.0
2005-11-23 00:00:00-05:00,1312.520263671875,1312.520263671875,1050.0162353515625,1050.0162353515625,2,0.0,0.0
2005-11-25 00:00:00-05:00,1050.0162353515625,1050.0162353515625,1050.0162353515625,1050.0162353515625,0,0.0,0.0
2005-11-28 00:00:00-05:00,918.76416015625,918.76416015625,918.76416015625,918.76416015625,0,0.0,0.0
2005-11-29 00:00:00-05:00,918.76416015625,918.76416015625,918.76416015625,918.76416015625,0,0.0,0.0
2005-11-30 00:00:00-05:00,918.76416015625,918.76416015625,918.76416015625,918.76416015625,0,0.0,0.0
2005-12-01 00:00:00-05:00,918.76416015625,918.76416015625,918.76416015625,918.76416015625,0,0.0,0.0
2005-12-02 00:00:00-05:00,1181.2681884765625,1181.2681884765625,1181.2681884765625,1181.2681884765625,0,0.0,0.0
2005-12-05 00:00:00-05:00,1181.2681884765625,1181.2681884765625,1181.2681884765625,1181.2681884765625,0,0.0,0.0
2005-12-06 00:00:00-05:00,1181.2681884765625,1181.2681884765625,1181.2681884765625,1181.2681884765625,0,0.0,0.0
2005-12-07 00:00:00-05:00,1181.2681884765625,1181.2681884765625,1181.2681884765625,1181.2681884765625,0,0.0,0.0
2005-12-08 00:00:00-05:00,918.76416015625,918.76416015625,918.76416015625,918.76416015625,0,0.0,0.0
2005-12-09 00:00:00-05:00,918.76416015625,918.76416015625,918.76416015625,918.76416015625,0,0.0,0.0
2005-12-12 00:00:00-05:00,918.76416015625,918.76416015625,918.76416015625,918.76416015625,0,0.0,0.0
2005-12-13 00:00:00-05:00,918.76416015625,918.76416015625,918.76416015625,918.76416015625,0,0.0,0.0
2005-12-14 00:00:00-05:00,787.5121459960938,787.5121459960938,656.2601318359375,656.2601318359375,1,0.0,0.0
2005-12-15 00:00:00-05:00,656.2601318359375,656.2601318359375,656.2601318359375,656.2601318359375,1,0.0,0.0
2005-12-16 00:00:00-05:00,656.2601318359375,656.2601318359375,656.2601318359375,656.2601318359375,0,0.0,0.0
2005-12-19 00:00:00-05:00,656.2601318359375,656.2601318359375,656.2601318359375,656.2601318359375,1,0.0,0.0
2005-12-20 00:00:00-05:00,656.2601318359375,656.2601318359375,656.2601318359375,656.2601318359375,0,0.0,0.0
2005-12-21 00:00:00-05:00,656.2601318359375,656.2601318359375,656.2601318359375,656.2601318359375,0,0.0,0.0
2005-12-22 00:00:00-05:00,656.2601318359375,656.2601318359375,656.2601318359375,656.2601318359375,0,0.0,0.0
2005-12-23 00:00:00-05:00,656.2601318359375,656.2601318359375,656.2601318359375,656.2601318359375,0,0.0,0.0
2005-12-27 00:00:00-05:00,656.2601318359375,656.2601318359375,656.2601318359375,656.2601318359375,0,0.0,0.0
2005-12-28 00:00:00-05:00,656.2601318359375,656.2601318359375,656.2601318359375,656.2601318359375,1,0.0,0.0
2005-12-29 00:00:00-05:00,656.2601318359375,656.2601318359375,656.2601318359375,656.2601318359375,0,0.0,0.0
2005-12-30 00:00:00-05:00,590.6340942382812,590.6340942382812,590.6340942382812,590.6340942382812,0,0.0,0.0
2006-01-03 00:00:00-05:00,590.6340942382812,656.2601318359375,590.6340942382812,656.2601318359375,2,0.0,0.0
2006-01-04 00:00:00-05:00,656.2601318359375,656.2601318359375,656.2601318359375,656.2601318359375,0,0.0,0.0
2006-01-05 00:00:00-05:00,656.2601318359375,656.2601318359375,656.2601318359375,656.2601318359375,0,0.0,0.0
2006-01-06 00:00:00-05:00,656.2601318359375,656.2601318359375,656.2601318359375,656.2601318359375,0,0.0,0.0
2006-01-09 00:00:00-05:00,656.2601318359375,656.2601318359375,656.2601318359375,656.2601318359375,0,0.0,0.0
2006-01-10 00:00:00-05:00,787.5121459960938,787.5121459960938,787.5121459960938,787.5121459960938,0,0.0,0.0
2006-01-11 00:00:00-05:00,787.5121459960938,787.5121459960938,787.5121459960938,787.5121459960938,0,0.0,0.0
2006-01-12 00:00:00-05:00,787.5121459960938,787.5121459960938,787.5121459960938,787.5121459960938,0,0.0,0.0
2006-01-13 00:00:00-05:00,787.5121459960938,787.5121459960938,787.5121459960938,787.5121459960938,0,0.0,0.0
2006-01-17 00:00:00-05:00,787.5121459960938,787.5121459960938,787.5121459960938,787.5121459960938,0,0.0,0.0
2006-01-18 00:00:00-05:00,787.5121459960938,787.5121459960938,787.5121459960938,787.5121459960938,0,0.0,0.0
2006-01-19 00:00:00-05:00,787.5121459960938,787.5121459960938,787.5121459960938,787.5121459960938,0,0.0,0.0
2006-01-20 00:00:00-05:00,787.5121459960938,787.5121459960938,787.5121459960938,787.5121459960938,0,0.0,0.0
2006-01-23 00:00:00-05:00,787.5121459960938,787.5121459960938,787.5121459960938,787.5121459960938,0,0.0,0.0
2006-01-24 00:00:00-05:00,787.5121459960938,787.5121459960938,787.5121459960938,787.5121459960938,0,0.0,0.0
2006-01-25 00:00:00-05:00,787.5121459960938,787.5121459960938,787.5121459960938,787.5121459960938,0,0.0,0.0
2006-01-26 00:00:00-05:00,787.5121459960938,787.5121459960938,787.5121459960938,787.5121459960938,0,0.0,0.0
2006-01-27 00:00:00-05:00,787.5121459960938,787.5121459960938,787.5121459960938,787.5121459960938,0,0.0,0.0
2006-01-30 00:00:00-05:00,787.5121459960938,787.5121459960938,787.5121459960938,787.5121459960938,0,0.0,0.0
2006-01-31 00:00:00-05:00,787.5121459960938,787.5121459960938,787.5121459960938,787.5121459960938,0,0.0,0.0
2006-02-01 00:00:00-05:00,787.5121459960938,787.5121459960938,787.5121459960938,787.5121459960938,0,0.0,0.0
2006-02-02 00:00:00-05:00,787.5121459960938,787.5121459960938,787.5121459960938,787.5121459960938,0,0.0,0.0
2006-02-03 00:00:00-05:00,787.5121459960938,787.5121459960938,787.5121459960938,787.5121459960938,0,0.0,0.0
2006-02-06 00:00:00-05:00,1312.520263671875,1312.520263671875,1312.520263671875,1312.520263671875,0,0.0,0.0
2006-02-07 00:00:00-05:00,1312.520263671875,1312.520263671875,1312.520263671875,1312.520263671875,0,0.0,0.0
2006-02-08 00:00:00-05:00,1312.520263671875,1312.520263671875,1312.520263671875,1312.520263671875,0,0.0,0.0
2006-02-09 00:00:00-05:00,1312.520263671875,1312.520263671875,1312.520263671875,1312.520263671875,0,0.0,0.0
2006-02-10 00:00:00-05:00,1312.520263671875,1312.520263671875,1312.520263671875,1312.520263671875,0,0.0,0.0
2006-02-13 00:00:00-05:00,1312.520263671875,1312.520263671875,1312.520263671875,1312.520263671875,0,0.0,0.0
2006-02-14 00:00:00-05:00,1312.520263671875,1312.520263671875,1312.520263671875,1312.520263671875,0,0.0,0.0
2006-02-15 00:00:00-05:00,1312.520263671875,1312.520263671875,1312.520263671875,1312.520263671875,0,0.0,0.0
2006-02-16 00:00:00-05:00,787.5121459960938,787.5121459960938,787.5121459960938,787.5121459960938,0,0.0,0.0
2006-02-17 00:00:00-05:00,787.5121459960938,787.5121459960938,787.5121459960938,787.5121459960938,0,0.0,0.0
2006-02-21 00:00:00-05:00,787.5121459960938,787.5121459960938,787.5121459960938,787.5121459960938,0,0.0,0.0
2006-02-22 00:00:00-05:00,1312.520263671875,1312.520263671875,1312.520263671875,1312.520263671875,0,0.0,0.0
2006-02-23 00:00:00-05:00,1312.520263671875,1312.520263671875,1312.520263671875,1312.520263671875,0,0.0,0.0
2006-02-24 00:00:00-05:00,787.5121459960938,787.5121459960938,787.5121459960938,787.5121459960938,0,0.0,0.0
2006-02-27 00:00:00-05:00,787.5121459960938,787.5121459960938,787.5121459960938,787.5121459960938,0,0.0,0.0
2006-02-28 00:00:00-05:00,787.5121459960938,787.5121459960938,787.5121459960938,787.5121459960938,0,0.0,0.0
2006-03-01 00:00:00-05:00,787.5121459960938,787.5121459960938,787.5121459960938,787.5121459960938,0,0.0,0.0
2006-03-02 00:00:00-05:00,787.5121459960938,787.5121459960938,787.5121459960938,787.5121459960938,0,0.0,0.0
2006-03-03 00:00:00-05:00,787.5121459960938,787.5121459960938,787.5121459960938,787.5121459960938,0,0.0,0.0
2006-03-06 00:00:00-05:00,787.5121459960938,787.5121459960938,787.5121459960938,787.5121459960938,0,0.0,0.0
2006-03-07 00:00:00-05:00,787.5121459960938,787.5121459960938,787.5121459960938,787.5121459960938,0,0.0,0.0
2006-03-08 00:00:00-05:00,787.5121459960938,787.5121459960938,787.5121459960938,787.5121459960938,0,0.0,0.0
2006-03-09 00:00:00-05:00,787.5121459960938,787.5121459960938,787.5121459960938,787.5121459960938,0,0.0,0.0
2006-03-10 00:00:00-05:00,787.5121459960938,787.5121459960938,787.5121459960938,787.5121459960938,0,0.0,0.0
2006-03-13 00:00:00-05:00,787.5121459960938,787.5121459960938,787.5121459960938,787.5121459960938,0,0.0,0.0
2006-03-14 00:00:00-05:00,787.5121459960938,787.5121459960938,787.5121459960938,787.5121459960938,0,0.0,0.0
2006-03-15 00:00:00-05:00,787.5121459960938,787.5121459960938,787.5121459960938,787.5121459960938,0,0.0,0.0
2006-03-16 00:00:00-05:00,787.5121459960938,787.5121459960938,787.5121459960938,787.5121459960938,0,0.0,0.0
2006-03-17 00:00:00-05:00,787.5121459960938,787.5121459960938,787.5121459960938,787.5121459960938,0,0.0,0.0
2006-03-20 00:00:00-05:00,787.5121459960938,787.5121459960938,787.5121459960938,787.5121459960938,0,0.0,0.0
2006-03-21 00:00:00-05:00,787.5121459960938,787.5121459960938,787.5121459960938,787.5121459960938,0,0.0,0.0
2006-03-22 00:00:00-05:00,787.5121459960938,787.5121459960938,787.5121459960938,787.5121459960938,0,0.0,0.0
2006-03-23 00:00:00-05:00,787.5121459960938,787.5121459960938,787.5121459960938,787.5121459960938,0,0.0,0.0
2006-03-24 00:00:00-05:00,1312.520263671875,1968.7803955078125,1312.520263671875,1968.7803955078125,2,0.0,0.0
2006-03-27 00:00:00-05:00,2625.04052734375,3281.300537109375,1968.7803955078125,1968.7803955078125,1,0.0,0.0
2006-03-28 00:00:00-05:00,1968.7803955078125,1968.7803955078125,1968.7803955078125,1968.7803955078125,0,0.0,0.0
2006-03-29 00:00:00-05:00,1968.7803955078125,1968.7803955078125,1968.7803955078125,1968.7803955078125,0,0.0,0.0
2006-03-30 00:00:00-05:00,1968.7803955078125,1968.7803955078125,1968.7803955078125,1968.7803955078125,0,0.0,0.0
2006-03-31 00:00:00-05:00,1968.7803955078125,3937.560791015625,1968.7803955078125,3937.560791015625,1,0.0,0.0
2006-04-03 00:00:00-04:00,2625.04052734375,2625.04052734375,2362.536376953125,2362.536376953125,1,0.0,0.0
2006-04-04 00:00:00-04:00,2362.536376953125,2362.536376953125,2362.536376953125,2362.536376953125,1,0.0,0.0
2006-04-05 00:00:00-04:00,2362.536376953125,2362.536376953125,2362.536376953125,2362.536376953125,0,0.0,0.0
2006-04-06 00:00:00-04:00,2362.536376953125,2362.536376953125,2362.536376953125,2362.536376953125,0,0.0,0.0
2006-04-07 00:00:00-04:00,2625.04052734375,3937.560791015625,2625.04052734375,3937.560791015625,13,0.0,0.0
2006-04-10 00:00:00-04:00,3937.560791015625,3937.560791015625,3281.300537109375,3281.300537109375,0,0.0,0.0
2006-04-11 00:00:00-04:00,3281.300537109375,3281.300537109375,3281.300537109375,3281.300537109375,0,0.0,0.0
2006-04-12 00:00:00-04:00,3281.300537109375,3281.300537109375,3281.300537109375,3281.300537109375,0,0.0,0.0
2006-04-13 00:00:00-04:00,3281.300537109375,3281.300537109375,3281.300537109375,3281.300537109375,0,0.0,0.0
2006-04-17 00:00:00-04:00,3281.300537109375,3281.300537109375,3281.300537109375,3281.300537109375,0,0.0,0.0
2006-04-18 00:00:00-04:00,3281.300537109375,3281.300537109375,3281.300537109375,3281.300537109375,0,0.0,0.0
2006-04-19 00:00:00-04:00,3281.300537109375,3281.300537109375,3281.300537109375,3281.300537109375,0,0.0,0.0
2006-04-20 00:00:00-04:00,3018.796630859375,3018.796630859375,3018.796630859375,3018.796630859375,0,0.0,0.0
2006-04-21 00:00:00-04:00,3018.796630859375,3018.796630859375,3018.796630859375,3018.796630859375,0,0.0,0.0
2006-04-24 00:00:00-04:00,3018.796630859375,3018.796630859375,3018.796630859375,3018.796630859375,0,0.0,0.0
2006-04-25 00:00:00-04:00,3018.796630859375,3018.796630859375,3018.796630859375,3018.796630859375,0,0.0,0.0
2006-04-26 00:00:00-04:00,3018.796630859375,3018.796630859375,3018.796630859375,3018.796630859375,0,0.0,0.0
2006-04-27 00:00:00-04:00,3018.796630859375,3018.796630859375,2493.78857421875,2493.78857421875,0,0.0,0.0
2006-04-28 00:00:00-04:00,2493.78857421875,2493.78857421875,2493.78857421875,2493.78857421875,0,0.0,0.0
2006-05-01 00:00:00-04:00,2493.78857421875,2493.78857421875,2493.78857421875,2493.78857421875,0,0.0,0.0
2006-05-02 00:00:00-04:00,2493.78857421875,2493.78857421875,2493.78857421875,2493.78857421875,0,0.0,0.0
2006-05-03 00:00:00-04:00,2493.78857421875,2493.78857421875,2493.78857421875,2493.78857421875,0,0.0,0.0
2006-05-04 00:00:00-04:00,2493.78857421875,2493.78857421875,2493.78857421875,2493.78857421875,0,0.0,0.0
2006-05-05 00:00:00-04:00,2493.78857421875,2493.78857421875,2493.78857421875,2493.78857421875,0,0.0,0.0
2006-05-08 00:00:00-04:00,2493.78857421875,2493.78857421875,2493.78857421875,2493.78857421875,0,0.0,0.0
2006-05-09 00:00:00-04:00,2493.78857421875,2493.78857421875,2493.78857421875,2493.78857421875,0,0.0,0.0
2006-05-10 00:00:00-04:00,2493.78857421875,2493.78857421875,2493.78857421875,2493.78857421875,0,0.0,0.0
2006-05-11 00:00:00-04:00,2493.78857421875,2493.78857421875,2493.78857421875,2493.78857421875,0,0.0,0.0
2006-05-12 00:00:00-04:00,2493.78857421875,2493.78857421875,2493.78857421875,2493.78857421875,0,0.0,0.0
2006-05-15 00:00:00-04:00,2493.78857421875,2493.78857421875,2493.78857421875,2493.78857421875,0,0.0,0.0
2006-05-16 00:00:00-04:00,2493.78857421875,2493.78857421875,2493.78857421875,2493.78857421875,0,0.0,0.0
2006-05-17 00:00:00-04:00,2493.78857421875,2493.78857421875,2493.78857421875,2493.78857421875,0,0.0,0.0
2006-05-18 00:00:00-04:00,2493.78857421875,2493.78857421875,2493.78857421875,2493.78857421875,0,0.0,0.0
2006-05-19 00:00:00-04:00,2493.78857421875,2493.78857421875,2493.78857421875,2493.78857421875,0,0.0,0.0
2006-05-22 00:00:00-04:00,2493.78857421875,2493.78857421875,2493.78857421875,2493.78857421875,0,0.0,0.0
2006-05-23 00:00:00-04:00,2493.78857421875,2493.78857421875,2493.78857421875,2493.78857421875,0,0.0,0.0
2006-05-24 00:00:00-04:00,2493.78857421875,2493.78857421875,2493.78857421875,2493.78857421875,0,0.0,0.0
2006-05-25 00:00:00-04:00,2493.78857421875,2493.78857421875,2493.78857421875,2493.78857421875,0,0.0,0.0
2006-05-26 00:00:00-04:00,2493.78857421875,2493.78857421875,2493.78857421875,2493.78857421875,0,0.0,0.0
2006-05-30 00:00:00-04:00,2493.78857421875,2493.78857421875,2493.78857421875,2493.78857421875,0,0.0,0.0
2006-05-31 00:00:00-04:00,2493.78857421875,2493.78857421875,2493.78857421875,2493.78857421875,0,0.0,0.0
2006-06-01 00:00:00-04:00,2493.78857421875,2493.78857421875,2493.78857421875,2493.78857421875,1,0.0,0.0
2006-06-02 00:00:00-04:00,2493.78857421875,2493.78857421875,2493.78857421875,2493.78857421875,0,0.0,0.0
2006-06-05 00:00:00-04:00,2493.78857421875,2493.78857421875,2493.78857421875,2493.78857421875,0,0.0,0.0
2006-06-06 00:00:00-04:00,2493.78857421875,2493.78857421875,2493.78857421875,2493.78857421875,0,0.0,0.0
2006-06-07 00:00:00-04:00,2493.78857421875,2493.78857421875,2493.78857421875,2493.78857421875,0,0.0,0.0
2006-06-08 00:00:00-04:00,2493.78857421875,2493.78857421875,2493.78857421875,2493.78857421875,0,0.0,0.0
2006-06-09 00:00:00-04:00,2493.78857421875,2493.78857421875,2493.78857421875,2493.78857421875,0,0.0,0.0
2006-06-12 00:00:00-04:00,2493.78857421875,2493.78857421875,2493.78857421875,2493.78857421875,0,0.0,0.0
2006-06-13 00:00:00-04:00,2493.78857421875,2493.78857421875,2493.78857421875,2493.78857421875,0,0.0,0.0
2006-06-14 00:00:00-04:00,2493.78857421875,2493.78857421875,2493.78857421875,2493.78857421875,0,0.0,0.0
2006-06-15 00:00:00-04:00,2493.78857421875,2493.78857421875,2493.78857421875,2493.78857421875,0,0.0,0.0
2006-06-16 00:00:00-04:00,2493.78857421875,2493.78857421875,2493.78857421875,2493.78857421875,0,0.0,0.0
2006-06-19 00:00:00-04:00,1968.7803955078125,1968.7803955078125,1968.7803955078125,1968.7803955078125,0,0.0,0.0
2006-06-20 00:00:00-04:00,1968.7803955078125,1968.7803955078125,1968.7803955078125,1968.7803955078125,1,0.0,0.0
2006-06-21 00:00:00-04:00,1968.7803955078125,1968.7803955078125,1968.7803955078125,1968.7803955078125,0,0.0,0.0
2006-06-22 00:00:00-04:00,1968.7803955078125,1968.7803955078125,1968.7803955078125,1968.7803955078125,0,0.0,0.0
2006-06-23 00:00:00-04:00,1968.7803955078125,1968.7803955078125,1968.7803955078125,1968.7803955078125,0,0.0,0.0
2006-06-26 00:00:00-04:00,1968.7803955078125,1968.7803955078125,1968.7803955078125,1968.7803955078125,0,0.0,0.0
2006-06-27 00:00:00-04:00,1968.7803955078125,1968.7803955078125,1968.7803955078125,1968.7803955078125,0,0.0,0.0
2006-06-28 00:00:00-04:00,1968.7803955078125,1968.7803955078125,1968.7803955078125,1968.7803955078125,0,0.0,0.0
2006-06-29 00:00:00-04:00,1968.7803955078125,1968.7803955078125,1968.7803955078125,1968.7803955078125,0,0.0,0.0
2006-06-30 00:00:00-04:00,2100.032470703125,2100.032470703125,2100.032470703125,2100.032470703125,1,0.0,0.0
2006-07-03 00:00:00-04:00,2100.032470703125,2100.032470703125,2100.032470703125,2100.032470703125,0,0.0,0.0
2006-07-05 00:00:00-04:00,1968.7803955078125,1968.7803955078125,1443.7723388671875,1575.0242919921875,2,0.0,0.0
2006-07-06 00:00:00-04:00,1575.0242919921875,1575.0242919921875,1312.520263671875,1312.520263671875,3,0.0,0.0
2006-07-07 00:00:00-04:00,1312.520263671875,1312.520263671875,1312.520263671875,1312.520263671875,0,0.0,0.0
2006-07-10 00:00:00-04:00,1312.520263671875,1312.520263671875,1312.520263671875,1312.520263671875,0,0.0,0.0
2006-07-11 00:00:00-04:00,1312.520263671875,1312.520263671875,1312.520263671875,1312.520263671875,0,0.0,0.0
2006-07-12 00:00:00-04:00,1312.520263671875,1312.520263671875,1312.520263671875,1312.520263671875,0,0.0,0.0
2006-07-13 00:00:00-04:00,1312.520263671875,1312.520263671875,1312.520263671875,1312.520263671875,0,0.0,0.0
2006-07-14 00:00:00-04:00,1312.520263671875,1312.520263671875,1312.520263671875,1312.520263671875,0,0.0,0.0
2006-07-17 00:00:00-04:00,1312.520263671875,1312.520263671875,1312.520263671875,1312.520263671875,0,0.0,0.0
2006-07-18 00:00:00-04:00,1312.520263671875,1312.520263671875,1312.520263671875,1312.520263671875,0,0.0,0.0
2006-07-19 00:00:00-04:00,1312.520263671875,1312.520263671875,1312.520263671875,1312.520263671875,0,0.0,0.0
2006-07-20 00:00:00-04:00,1312.520263671875,1312.520263671875,1312.520263671875,1312.520263671875,0,0.0,0.0
2006-07-21 00:00:00-04:00,1312.520263671875,1312.520263671875,1312.520263671875,1312.520263671875,0,0.0,0.0
2006-07-24 00:00:00-04:00,1312.520263671875,1312.520263671875,1312.520263671875,1312.520263671875,0,0.0,0.0
2006-07-25 00:00:00-04:00,1312.520263671875,1312.520263671875,1312.520263671875,1312.520263671875,0,0.0,0.0
2006-07-26 00:00:00-04:00,1312.520263671875,1312.520263671875,1312.520263671875,1312.520263671875,0,0.0,0.0
2006-07-27 00:00:00-04:00,1312.520263671875,1312.520263671875,1312.520263671875,1312.520263671875,0,0.0,0.0
2006-07-28 00:00:00-04:00,1312.520263671875,1312.520263671875,1312.520263671875,1312.520263671875,0,0.0,0.0
2006-07-31 00:00:00-04:00,1312.520263671875,1312.520263671875,1312.520263671875,1312.520263671875,0,0.0,0.0
2006-08-01 00:00:00-04:00,1312.520263671875,1312.520263671875,1312.520263671875,1312.520263671875,0,0.0,0.0
2006-08-02 00:00:00-04:00,1050.0162353515625,1050.0162353515625,918.76416015625,918.76416015625,1,0.0,0.0
2006-08-03 00:00:00-04:00,918.76416015625,918.76416015625,918.76416015625,918.76416015625,0,0.0,0.0
2006-08-04 00:00:00-04:00,918.76416015625,918.76416015625,918.76416015625,918.76416015625,0,0.0,0.0
2006-08-07 00:00:00-04:00,918.76416015625,918.76416015625,918.76416015625,918.76416015625,0,0.0,0.0
2006-08-08 00:00:00-04:00,918.76416015625,918.76416015625,918.76416015625,918.76416015625,0,0.0,0.0
2006-08-09 00:00:00-04:00,918.76416015625,918.76416015625,918.76416015625,918.76416015625,0,0.0,0.0
2006-08-10 00:00:00-04:00,918.76416015625,918.76416015625,918.76416015625,918.76416015625,0,0.0,0.0
2006-08-11 00:00:00-04:00,918.76416015625,918.76416015625,918.76416015625,918.76416015625,0,0.0,0.0
2006-08-14 00:00:00-04:00,918.76416015625,918.76416015625,918.76416015625,918.76416015625,0,0.0,0.0
2006-08-15 00:00:00-04:00,918.76416015625,918.76416015625,918.76416015625,918.76416015625,0,0.0,0.0
2006-08-16 00:00:00-04:00,918.76416015625,918.76416015625,918.76416015625,918.76416015625,0,0.0,0.0
2006-08-17 00:00:00-04:00,918.76416015625,918.76416015625,918.76416015625,918.76416015625,0,0.0,0.0
2006-08-18 00:00:00-04:00,918.76416015625,918.76416015625,918.76416015625,918.76416015625,0,0.0,0.0
2006-08-21 00:00:00-04:00,918.76416015625,918.76416015625,918.76416015625,918.76416015625,0,0.0,0.0
2006-08-22 00:00:00-04:00,918.76416015625,918.76416015625,918.76416015625,918.76416015625,0,0.0,0.0
2006-08-23 00:00:00-04:00,918.76416015625,918.76416015625,918.76416015625,918.76416015625,0,0.0,0.0
2006-08-24 00:00:00-04:00,918.76416015625,918.76416015625,918.76416015625,918.76416015625,0,0.0,0.0
2006-08-25 00:00:00-04:00,918.76416015625,918.76416015625,918.76416015625,918.76416015625,0,0.0,0.0
2006-08-28 00:00:00-04:00,918.76416015625,918.76416015625,918.76416015625,918.76416015625,0,0.0,0.0
2006-08-29 00:00:00-04:00,918.76416015625,918.76416015625,918.76416015625,918.76416015625,0,0.0,0.0
2006-08-30 00:00:00-04:00,918.76416015625,918.76416015625,918.76416015625,918.76416015625,0,0.0,0.0
2006-08-31 00:00:00-04:00,918.76416015625,918.76416015625,918.76416015625,918.76416015625,0,0.0,0.0
2006-09-01 00:00:00-04:00,918.76416015625,918.76416015625,918.76416015625,918.76416015625,0,0.0,0.0
2006-09-05 00:00:00-04:00,918.76416015625,918.76416015625,918.76416015625,918.76416015625,0,0.0,0.0
2006-09-06 00:00:00-04:00,918.76416015625,918.76416015625,918.76416015625,918.76416015625,0,0.0,0.0
2006-09-07 00:00:00-04:00,918.76416015625,918.76416015625,918.76416015625,918.76416015625,0,0.0,0.0
2006-09-08 00:00:00-04:00,918.76416015625,918.76416015625,918.76416015625,918.76416015625,0,0.0,0.0
2006-09-11 00:00:00-04:00,918.76416015625,918.76416015625,918.76416015625,918.76416015625,0,0.0,0.0
2006-09-12 00:00:00-04:00,918.76416015625,918.76416015625,918.76416015625,918.76416015625,0,0.0,0.0
2006-09-13 00:00:00-04:00,918.76416015625,918.76416015625,918.76416015625,918.76416015625,1,0.0,0.0
2006-09-14 00:00:00-04:00,918.76416015625,918.76416015625,918.76416015625,918.76416015625,0,0.0,0.0
2006-09-15 00:00:00-04:00,918.76416015625,918.76416015625,918.76416015625,918.76416015625,1,0.0,0.0
2006-09-18 00:00:00-04:00,918.76416015625,918.76416015625,918.76416015625,918.76416015625,0,0.0,0.0
2006-09-19 00:00:00-04:00,918.76416015625,918.76416015625,918.76416015625,918.76416015625,0,0.0,0.0
2006-09-20 00:00:00-04:00,918.76416015625,918.76416015625,918.76416015625,918.76416015625,0,0.0,0.0
2006-09-21 00:00:00-04:00,918.76416015625,918.76416015625,918.76416015625,918.76416015625,0,0.0,0.0
2006-09-22 00:00:00-04:00,918.76416015625,918.76416015625,918.76416015625,918.76416015625,0,0.0,0.0
2006-09-25 00:00:00-04:00,918.76416015625,918.76416015625,918.76416015625,918.76416015625,0,0.0,0.0
2006-09-26 00:00:00-04:00,918.76416015625,918.76416015625,918.76416015625,918.76416015625,0,0.0,0.0
2006-09-27 00:00:00-04:00,918.76416015625,918.76416015625,918.76416015625,918.76416015625,0,0.0,0.0
2006-09-28 00:00:00-04:00,918.76416015625,918.76416015625,918.76416015625,918.76416015625,0,0.0,0.0
2006-09-29 00:00:00-04:00,918.76416015625,918.76416015625,918.76416015625,918.76416015625,0,0.0,0.0
2006-10-02 00:00:00-04:00,918.76416015625,918.76416015625,918.76416015625,918.76416015625,0,0.0,0.0
2006-10-03 00:00:00-04:00,918.76416015625,918.76416015625,918.76416015625,918.76416015625,0,0.0,0.0
2006-10-04 00:00:00-04:00,918.76416015625,918.76416015625,918.76416015625,918.76416015625,0,0.0,0.0
2006-10-05 00:00:00-04:00,918.76416015625,918.76416015625,918.76416015625,918.76416015625,0,0.0,0.0
2006-10-06 00:00:00-04:00,918.76416015625,918.76416015625,918.76416015625,918.76416015625,0,0.0,0.0
2006-10-09 00:00:00-04:00,918.76416015625,918.76416015625,918.76416015625,918.76416015625,0,0.0,0.0
2006-10-10 00:00:00-04:00,918.76416015625,918.76416015625,918.76416015625,918.76416015625,0,0.0,0.0
2006-10-11 00:00:00-04:00,918.76416015625,918.76416015625,918.76416015625,918.76416015625,0,0.0,0.0
2006-10-12 00:00:00-04:00,918.76416015625,918.76416015625,918.76416015625,918.76416015625,0,0.0,0.0
2006-10-13 00:00:00-04:00,931.889404296875,931.889404296875,393.7560729980469,459.382080078125,6,0.0,0.0
2006-10-16 00:00:00-04:00,459.3754577636719,459.3754577636719,459.3754577636719,459.3754577636719,0,0.0,0.02857142857142857
2006-10-17 00:00:00-04:00,459.3754577636719,459.3754577636719,459.3754577636719,459.3754577636719,0,0.0,0.0
2006-10-18 00:00:00-04:00,450.0004577636719,450.0004577636719,412.50042724609375,412.50042724609375,4,0.0,0.0
2006-10-19 00:00:00-04:00,412.50042724609375,412.50042724609375,378.7503662109375,378.7503662109375,1,0.0,0.0
2006-10-20 00:00:00-04:00,378.7503662109375,378.7503662109375,378.7503662109375,378.7503662109375,0,0.0,0.0
2006-10-23 00:00:00-04:00,281.2502746582031,281.2502746582031,281.2502746582031,281.2502746582031,1,0.0,0.0
2006-10-24 00:00:00-04:00,281.2502746582031,281.2502746582031,281.2502746582031,281.2502746582031,0,0.0,0.0
2006-10-25 00:00:00-04:00,281.2502746582031,281.2502746582031,281.2502746582031,281.2502746582031,0,0.0,0.0
2006-10-26 00:00:00-04:00,281.2502746582031,281.2502746582031,281.2502746582031,281.2502746582031,0,0.0,0.0
2006-10-27 00:00:00-04:00,281.2502746582031,281.2502746582031,281.2502746582031,281.2502746582031,0,0.0,0.0
2006-10-30 00:00:00-05:00,281.2502746582031,281.2502746582031,281.2502746582031,281.2502746582031,0,0.0,0.0
2006-10-31 00:00:00-05:00,281.2502746582031,281.2502746582031,281.2502746582031,281.2502746582031,0,0.0,0.0
2006-11-01 00:00:00-05:00,281.2502746582031,281.2502746582031,281.2502746582031,281.2502746582031,0,0.0,0.0
2006-11-02 00:00:00-05:00,225.00022888183594,225.00022888183594,225.00022888183594,225.00022888183594,6,0.0,0.0
2006-11-03 00:00:00-05:00,225.00022888183594,225.00022888183594,225.00022888183594,225.00022888183594,0,0.0,0.0
2006-11-06 00:00:00-05:00,225.00022888183594,225.00022888183594,225.00022888183594,225.00022888183594,0,0.0,0.0
2006-11-07 00:00:00-05:00,225.00022888183594,225.00022888183594,225.00022888183594,225.00022888183594,0,0.0,0.0
2006-11-08 00:00:00-05:00,225.00022888183594,225.00022888183594,225.00022888183594,225.00022888183594,0,0.0,0.0
2006-11-09 00:00:00-05:00,191.2501983642578,191.2501983642578,191.2501983642578,191.2501983642578,0,0.0,0.0
2006-11-10 00:00:00-05:00,191.2501983642578,191.2501983642578,191.2501983642578,191.2501983642578,0,0.0,0.0
2006-11-13 00:00:00-05:00,191.2501983642578,191.2501983642578,191.2501983642578,191.2501983642578,0,0.0,0.0
2006-11-14 00:00:00-05:00,191.2501983642578,191.2501983642578,191.2501983642578,191.2501983642578,0,0.0,0.0
2006-11-15 00:00:00-05:00,191.2501983642578,191.2501983642578,191.2501983642578,191.2501983642578,0,0.0,0.0
2006-11-16 00:00:00-05:00,191.2501983642578,191.2501983642578,191.2501983642578,191.2501983642578,0,0.0,0.0
2006-11-17 00:00:00-05:00,191.2501983642578,191.2501983642578,191.2501983642578,191.2501983642578,0,0.0,0.0
2006-11-20 00:00:00-05:00,191.2501983642578,191.2501983642578,191.2501983642578,191.2501983642578,0,0.0,0.0
2006-11-21 00:00:00-05:00,191.2501983642578,191.2501983642578,191.2501983642578,191.2501983642578,0,0.0,0.0
2006-11-22 00:00:00-05:00,191.2501983642578,191.2501983642578,191.2501983642578,191.2501983642578,0,0.0,0.0
2006-11-24 00:00:00-05:00,191.2501983642578,191.2501983642578,191.2501983642578,191.2501983642578,0,0.0,0.0
2006-11-27 00:00:00-05:00,191.2501983642578,191.2501983642578,191.2501983642578,191.2501983642578,0,0.0,0.0
2006-11-28 00:00:00-05:00,191.2501983642578,191.2501983642578,191.2501983642578,191.2501983642578,0,0.0,0.0
2006-11-29 00:00:00-05:00,191.2501983642578,191.2501983642578,191.2501983642578,191.2501983642578,0,0.0,0.0
2006-11-30 00:00:00-05:00,191.2501983642578,191.2501983642578,191.2501983642578,191.2501983642578,0,0.0,0.0
2006-12-01 00:00:00-05:00,191.2501983642578,191.2501983642578,191.2501983642578,191.2501983642578,0,0.0,0.0
2006-12-04 00:00:00-05:00,191.2501983642578,191.2501983642578,191.2501983642578,191.2501983642578,0,0.0,0.0
2006-12-05 00:00:00-05:00,191.2501983642578,191.2501983642578,191.2501983642578,191.2501983642578,0,0.0,0.0
2006-12-06 00:00:00-05:00,191.2501983642578,191.2501983642578,191.2501983642578,191.2501983642578,0,0.0,0.0
2006-12-07 00:00:00-05:00,191.2501983642578,191.2501983642578,191.2501983642578,191.2501983642578,0,0.0,0.0
2006-12-08 00:00:00-05:00,191.2501983642578,191.2501983642578,191.2501983642578,191.2501983642578,0,0.0,0.0
2006-12-11 00:00:00-05:00,191.2501983642578,191.2501983642578,191.2501983642578,191.2501983642578,0,0.0,0.0
2006-12-12 00:00:00-05:00,191.2501983642578,191.2501983642578,191.2501983642578,191.2501983642578,0,0.0,0.0
2006-12-13 00:00:00-05:00,191.2501983642578,191.2501983642578,191.2501983642578,191.2501983642578,0,0.0,0.0
2006-12-14 00:00:00-05:00,191.2501983642578,191.2501983642578,191.2501983642578,191.2501983642578,0,0.0,0.0
2006-12-15 00:00:00-05:00,191.2501983642578,191.2501983642578,191.2501983642578,191.2501983642578,0,0.0,0.0
2006-12-18 00:00:00-05:00,300.00030517578125,300.00030517578125,300.00030517578125,300.00030517578125,0,0.0,0.0
2006-12-19 00:00:00-05:00,300.00030517578125,300.00030517578125,300.00030517578125,300.00030517578125,0,0.0,0.0
2006-12-20 00:00:00-05:00,300.00030517578125,300.00030517578125,300.00030517578125,300.00030517578125,0,0.0,0.0
2006-12-21 00:00:00-05:00,300.00030517578125,300.00030517578125,300.00030517578125,300.00030517578125,0,0.0,0.0
2006-12-22 00:00:00-05:00,300.00030517578125,300.00030517578125,300.00030517578125,300.00030517578125,0,0.0,0.0
2006-12-26 00:00:00-05:00,300.00030517578125,300.00030517578125,300.00030517578125,300.00030517578125,0,0.0,0.0
2006-12-27 00:00:00-05:00,300.00030517578125,300.00030517578125,300.00030517578125,300.00030517578125,0,0.0,0.0
2006-12-28 00:00:00-05:00,300.00030517578125,300.00030517578125,300.00030517578125,300.00030517578125,0,0.0,0.0
2006-12-29 00:00:00-05:00,191.2501983642578,191.2501983642578,191.2501983642578,191.2501983642578,0,0.0,0.0
2007-01-03 00:00:00-05:00,191.2501983642578,191.2501983642578,191.2501983642578,191.2501983642578,0,0.0,0.0
2007-01-04 00:00:00-05:00,191.2501983642578,191.2501983642578,191.2501983642578,191.2501983642578,0,0.0,0.0
2007-01-05 00:00:00-05:00,191.2501983642578,191.2501983642578,191.2501983642578,191.2501983642578,3,0.0,0.0
2007-01-08 00:00:00-05:00,191.2501983642578,191.2501983642578,191.2501983642578,191.2501983642578,0,0.0,0.0
2007-01-09 00:00:00-05:00,191.2501983642578,191.2501983642578,191.2501983642578,191.2501983642578,0,0.0,0.0
2007-01-10 00:00:00-05:00,191.2501983642578,191.2501983642578,191.2501983642578,191.2501983642578,0,0.0,0.0
2007-01-11 00:00:00-05:00,191.2501983642578,191.2501983642578,191.2501983642578,191.2501983642578,0,0.0,0.0
2007-01-12 00:00:00-05:00,191.2501983642578,191.2501983642578,191.2501983642578,191.2501983642578,0,0.0,0.0
2007-01-16 00:00:00-05:00,191.2501983642578,191.2501983642578,191.2501983642578,191.2501983642578,0,0.0,0.0
2007-01-17 00:00:00-05:00,191.2501983642578,191.2501983642578,191.2501983642578,191.2501983642578,0,0.0,0.0
2007-01-18 00:00:00-05:00,191.2501983642578,191.2501983642578,191.2501983642578,191.2501983642578,0,0.0,0.0
2007-01-19 00:00:00-05:00,191.2501983642578,191.2501983642578,191.2501983642578,191.2501983642578,0,0.0,0.0
2007-01-22 00:00:00-05:00,191.2501983642578,191.2501983642578,191.2501983642578,191.2501983642578,0,0.0,0.0
2007-01-23 00:00:00-05:00,191.2501983642578,191.2501983642578,191.2501983642578,191.2501983642578,0,0.0,0.0
2007-01-24 00:00:00-05:00,191.2501983642578,191.2501983642578,191.2501983642578,191.2501983642578,0,0.0,0.0
2007-01-25 00:00:00-05:00,191.2501983642578,191.2501983642578,191.2501983642578,191.2501983642578,0,0.0,0.0
2007-01-26 00:00:00-05:00,191.2501983642578,191.2501983642578,191.2501983642578,191.2501983642578,0,0.0,0.0
2007-01-29 00:00:00-05:00,191.2501983642578,191.2501983642578,191.2501983642578,191.2501983642578,0,0.0,0.0
2007-01-30 00:00:00-05:00,191.2501983642578,191.2501983642578,191.2501983642578,191.2501983642578,0,0.0,0.0
2007-01-31 00:00:00-05:00,191.2501983642578,191.2501983642578,191.2501983642578,191.2501983642578,0,0.0,0.0
2007-02-01 00:00:00-05:00,191.2501983642578,191.2501983642578,191.2501983642578,191.2501983642578,0,0.0,0.0
2007-02-02 00:00:00-05:00,191.2501983642578,191.2501983642578,191.2501983642578,191.2501983642578,0,0.0,0.0
2007-02-05 00:00:00-05:00,191.2501983642578,191.2501983642578,191.2501983642578,191.2501983642578,0,0.0,0.0
2007-02-06 00:00:00-05:00,191.2501983642578,191.2501983642578,191.2501983642578,191.2501983642578,0,0.0,0.0
2007-02-07 00:00:00-05:00,191.2501983642578,191.2501983642578,191.2501983642578,191.2501983642578,0,0.0,0.0
2007-02-08 00:00:00-05:00,191.2501983642578,191.2501983642578,191.2501983642578,191.2501983642578,0,0.0,0.0
2007-02-09 00:00:00-05:00,191.2501983642578,191.2501983642578,191.2501983642578,191.2501983642578,0,0.0,0.0
2007-02-12 00:00:00-05:00,191.2501983642578,191.2501983642578,191.2501983642578,191.2501983642578,0,0.0,0.0
2007-02-13 00:00:00-05:00,191.2501983642578,191.2501983642578,191.2501983642578,191.2501983642578,0,0.0,0.0
2007-02-14 00:00:00-05:00,191.2501983642578,191.2501983642578,191.2501983642578,191.2501983642578,0,0.0,0.0
2007-02-15 00:00:00-05:00,191.2501983642578,191.2501983642578,191.2501983642578,191.2501983642578,0,0.0,0.0
2007-02-16 00:00:00-05:00,191.2501983642578,191.2501983642578,191.2501983642578,191.2501983642578,0,0.0,0.0
2007-02-20 00:00:00-05:00,191.2501983642578,191.2501983642578,191.2501983642578,191.2501983642578,0,0.0,0.0
2007-02-21 00:00:00-05:00,191.2501983642578,191.2501983642578,191.2501983642578,191.2501983642578,0,0.0,0.0
2007-02-22 00:00:00-05:00,191.2501983642578,191.2501983642578,191.2501983642578,191.2501983642578,0,0.0,0.0
2007-02-23 00:00:00-05:00,191.2501983642578,191.2501983642578,191.2501983642578,191.2501983642578,0,0.0,0.0
2007-02-26 00:00:00-05:00,191.2501983642578,191.2501983642578,191.2501983642578,191.2501983642578,0,0.0,0.0
2007-02-27 00:00:00-05:00,191.2501983642578,191.2501983642578,191.2501983642578,191.2501983642578,0,0.0,0.0
2007-02-28 00:00:00-05:00,191.2501983642578,191.2501983642578,191.2501983642578,191.2501983642578,0,0.0,0.0
2007-03-01 00:00:00-05:00,191.2501983642578,191.2501983642578,191.2501983642578,191.2501983642578,0,0.0,0.0
2007-03-02 00:00:00-05:00,191.2501983642578,191.2501983642578,191.2501983642578,191.2501983642578,0,0.0,0.0
2007-03-05 00:00:00-05:00,191.2501983642578,191.2501983642578,191.2501983642578,191.2501983642578,0,0.0,0.0
2007-03-06 00:00:00-05:00,191.2501983642578,191.2501983642578,191.2501983642578,191.2501983642578,0,0.0,0.0
2007-03-07 00:00:00-05:00,191.2501983642578,191.2501983642578,191.2501983642578,191.2501983642578,0,0.0,0.0
2007-03-08 00:00:00-05:00,191.2501983642578,191.2501983642578,191.2501983642578,191.2501983642578,0,0.0,0.0
2007-03-09 00:00:00-05:00,191.2501983642578,191.2501983642578,191.2501983642578,191.2501983642578,0,0.0,0.0
2007-03-12 00:00:00-04:00,191.2501983642578,191.2501983642578,191.2501983642578,191.2501983642578,0,0.0,0.0
2007-03-13 00:00:00-04:00,191.2501983642578,191.2501983642578,191.2501983642578,191.2501983642578,0,0.0,0.0
2007-03-14 00:00:00-04:00,191.2501983642578,191.2501983642578,191.2501983642578,191.2501983642578,0,0.0,0.0
2007-03-15 00:00:00-04:00,191.2501983642578,191.2501983642578,191.2501983642578,191.2501983642578,0,0.0,0.0
2007-03-16 00:00:00-04:00,191.2501983642578,191.2501983642578,191.2501983642578,191.2501983642578,0,0.0,0.0
2007-03-19 00:00:00-04:00,191.2501983642578,191.2501983642578,191.2501983642578,191.2501983642578,0,0.0,0.0
2007-03-20 00:00:00-04:00,191.2501983642578,191.2501983642578,191.2501983642578,191.2501983642578,0,0.0,0.0
2007-03-21 00:00:00-04:00,191.2501983642578,191.2501983642578,191.2501983642578,191.2501983642578,0,0.0,0.0
2007-03-22 00:00:00-04:00,191.2501983642578,191.2501983642578,191.2501983642578,191.2501983642578,0,0.0,0.0
2007-03-23 00:00:00-04:00,191.2501983642578,191.2501983642578,191.2501983642578,191.2501983642578,0,0.0,0.0
2007-03-26 00:00:00-04:00,191.2501983642578,191.2501983642578,191.2501983642578,191.2501983642578,0,0.0,0.0
2007-03-27 00:00:00-04:00,191.2501983642578,191.2501983642578,191.2501983642578,191.2501983642578,0,0.0,0.0
2007-03-28 00:00:00-04:00,191.2501983642578,191.2501983642578,191.2501983642578,191.2501983642578,0,0.0,0.0
2007-03-29 00:00:00-04:00,191.2501983642578,191.2501983642578,191.2501983642578,191.2501983642578,0,0.0,0.0
2007-03-30 00:00:00-04:00,191.2501983642578,191.2501983642578,191.2501983642578,191.2501983642578,2,0.0,0.0
2007-04-02 00:00:00-04:00,191.2501983642578,191.2501983642578,191.2501983642578,191.2501983642578,0,0.0,0.0
2007-04-03 00:00:00-04:00,191.2501983642578,191.2501983642578,191.2501983642578,191.2501983642578,0,0.0,0.0
2007-04-04 00:00:00-04:00,191.2501983642578,191.2501983642578,191.2501983642578,191.2501983642578,0,0.0,0.0
2007-04-05 00:00:00-04:00,191.2501983642578,191.2501983642578,191.2501983642578,191.2501983642578,0,0.0,0.0
2007-04-09 00:00:00-04:00,191.2501983642578,191.2501983642578,191.2501983642578,191.2501983642578,0,0.0,0.0
2007-04-10 00:00:00-04:00,191.2501983642578,191.2501983642578,191.2501983642578,191.2501983642578,0,0.0,0.0
2007-04-11 00:00:00-04:00,191.2501983642578,191.2501983642578,191.2501983642578,191.2501983642578,0,0.0,0.0
2007-04-12 00:00:00-04:00,243.750244140625,281.2502746582031,243.750244140625,281.2502746582031,7,0.0,0.0
2007-04-13 00:00:00-04:00,281.2502746582031,281.2502746582031,281.2502746582031,281.2502746582031,0,0.0,0.0
2007-04-16 00:00:00-04:00,281.2502746582031,281.2502746582031,281.2502746582031,281.2502746582031,0,0.0,0.0
2007-04-17 00:00:00-04:00,281.2502746582031,281.2502746582031,281.2502746582031,281.2502746582031,0,0.0,0.0
2007-04-18 00:00:00-04:00,281.2502746582031,281.2502746582031,281.2502746582031,281.2502746582031,0,0.0,0.0
2007-04-19 00:00:00-04:00,281.2502746582031,281.2502746582031,281.2502746582031,281.2502746582031,0,0.0,0.0
2007-04-20 00:00:00-04:00,281.2502746582031,281.2502746582031,281.2502746582031,281.2502746582031,0,0.0,0.0
2007-04-23 00:00:00-04:00,281.2502746582031,281.2502746582031,281.2502746582031,281.2502746582031,0,0.0,0.0
2007-04-24 00:00:00-04:00,281.2502746582031,281.2502746582031,281.2502746582031,281.2502746582031,0,0.0,0.0
2007-04-25 00:00:00-04:00,281.2502746582031,281.2502746582031,281.2502746582031,281.2502746582031,0,0.0,0.0
2007-04-26 00:00:00-04:00,281.2502746582031,281.2502746582031,281.2502746582031,281.2502746582031,0,0.0,0.0
2007-04-27 00:00:00-04:00,281.2502746582031,281.2502746582031,281.2502746582031,281.2502746582031,0,0.0,0.0
2007-04-30 00:00:00-04:00,281.2502746582031,281.2502746582031,281.2502746582031,281.2502746582031,0,0.0,0.0
2007-05-01 00:00:00-04:00,262.5002746582031,262.5002746582031,262.5002746582031,262.5002746582031,0,0.0,0.0
2007-05-02 00:00:00-04:00,262.5002746582031,262.5002746582031,262.5002746582031,262.5002746582031,0,0.0,0.0
2007-05-03 00:00:00-04:00,262.5002746582031,262.5002746582031,262.5002746582031,262.5002746582031,0,0.0,0.0
2007-05-04 00:00:00-04:00,262.5002746582031,262.5002746582031,262.5002746582031,262.5002746582031,0,0.0,0.0
2007-05-07 00:00:00-04:00,262.5002746582031,262.5002746582031,262.5002746582031,262.5002746582031,0,0.0,0.0
2007-05-08 00:00:00-04:00,262.5002746582031,262.5002746582031,262.5002746582031,262.5002746582031,0,0.0,0.0
2007-05-09 00:00:00-04:00,262.5002746582031,262.5002746582031,262.5002746582031,262.5002746582031,0,0.0,0.0
2007-05-10 00:00:00-04:00,262.5002746582031,262.5002746582031,262.5002746582031,262.5002746582031,0,0.0,0.0
2007-05-11 00:00:00-04:00,262.5002746582031,262.5002746582031,262.5002746582031,262.5002746582031,0,0.0,0.0
2007-05-14 00:00:00-04:00,262.5002746582031,262.5002746582031,262.5002746582031,262.5002746582031,0,0.0,0.0
2007-05-15 00:00:00-04:00,262.5002746582031,262.5002746582031,262.5002746582031,262.5002746582031,0,0.0,0.0
2007-05-16 00:00:00-04:00,262.5002746582031,262.5002746582031,262.5002746582031,262.5002746582031,0,0.0,0.0
2007-05-17 00:00:00-04:00,262.5002746582031,262.5002746582031,262.5002746582031,262.5002746582031,0,0.0,0.0
2007-05-18 00:00:00-04:00,262.5002746582031,262.5002746582031,262.5002746582031,262.5002746582031,0,0.0,0.0
2007-05-21 00:00:00-04:00,262.5002746582031,262.5002746582031,262.5002746582031,262.5002746582031,0,0.0,0.0
2007-05-22 00:00:00-04:00,262.5002746582031,262.5002746582031,262.5002746582031,262.5002746582031,0,0.0,0.0
2007-05-23 00:00:00-04:00,262.5002746582031,262.5002746582031,262.5002746582031,262.5002746582031,0,0.0,0.0
2007-05-24 00:00:00-04:00,262.5002746582031,262.5002746582031,262.5002746582031,262.5002746582031,0,0.0,0.0
2007-05-25 00:00:00-04:00,262.5002746582031,262.5002746582031,262.5002746582031,262.5002746582031,0,0.0,0.0
2007-05-29 00:00:00-04:00,262.5002746582031,262.5002746582031,262.5002746582031,262.5002746582031,0,0.0,0.0
2007-05-30 00:00:00-04:00,262.5002746582031,262.5002746582031,262.5002746582031,262.5002746582031,0,0.0,0.0
2007-05-31 00:00:00-04:00,262.5002746582031,262.5002746582031,262.5002746582031,262.5002746582031,0,0.0,0.0
2007-06-01 00:00:00-04:00,262.5002746582031,262.5002746582031,262.5002746582031,262.5002746582031,0,0.0,0.0
2007-06-04 00:00:00-04:00,262.5002746582031,262.5002746582031,262.5002746582031,262.5002746582031,0,0.0,0.0
2007-06-05 00:00:00-04:00,262.5002746582031,262.5002746582031,262.5002746582031,262.5002746582031,0,0.0,0.0
2007-06-06 00:00:00-04:00,262.5002746582031,262.5002746582031,262.5002746582031,262.5002746582031,0,0.0,0.0
2007-06-07 00:00:00-04:00,262.5002746582031,262.5002746582031,262.5002746582031,262.5002746582031,0,0.0,0.0
2007-06-08 00:00:00-04:00,262.5002746582031,262.5002746582031,262.5002746582031,262.5002746582031,0,0.0,0.0
2007-06-11 00:00:00-04:00,262.5002746582031,262.5002746582031,262.5002746582031,262.5002746582031,0,0.0,0.0
2007-06-12 00:00:00-04:00,262.5002746582031,262.5002746582031,262.5002746582031,262.5002746582031,0,0.0,0.0
2007-06-13 00:00:00-04:00,191.2501983642578,191.2501983642578,191.2501983642578,191.2501983642578,6,0.0,0.0
2007-06-14 00:00:00-04:00,191.2501983642578,191.2501983642578,191.2501983642578,191.2501983642578,0,0.0,0.0
2007-06-15 00:00:00-04:00,191.2501983642578,191.2501983642578,191.2501983642578,191.2501983642578,0,0.0,0.0
2007-06-18 00:00:00-04:00,191.2501983642578,191.2501983642578,191.2501983642578,191.2501983642578,0,0.0,0.0
2007-06-19 00:00:00-04:00,191.2501983642578,191.2501983642578,191.2501983642578,191.2501983642578,0,0.0,0.0
2007-06-20 00:00:00-04:00,191.2501983642578,191.2501983642578,191.2501983642578,191.2501983642578,0,0.0,0.0
2007-06-21 00:00:00-04:00,191.2501983642578,191.2501983642578,191.2501983642578,191.2501983642578,0,0.0,0.0
2007-06-22 00:00:00-04:00,191.2501983642578,191.2501983642578,191.2501983642578,191.2501983642578,0,0.0,0.0
2007-06-25 00:00:00-04:00,191.2501983642578,191.2501983642578,191.2501983642578,191.2501983642578,0,0.0,0.0
2007-06-26 00:00:00-04:00,191.2501983642578,191.2501983642578,191.2501983642578,191.2501983642578,0,0.0,0.0
2007-06-27 00:00:00-04:00,191.2501983642578,191.2501983642578,191.2501983642578,191.2501983642578,0,0.0,0.0
2007-06-28 00:00:00-04:00,191.2501983642578,191.2501983642578,191.2501983642578,191.2501983642578,0,0.0,0.0
2007-06-29 00:00:00-04:00,191.2501983642578,191.2501983642578,191.2501983642578,191.2501983642578,0,0.0,0.0
2007-07-02 00:00:00-04:00,191.2501983642578,191.2501983642578,191.2501983642578,191.2501983642578,0,0.0,0.0
2007-07-03 00:00:00-04:00,191.2501983642578,191.2501983642578,191.2501983642578,191.2501983642578,0,0.0,0.0
2007-07-05 00:00:00-04:00,191.2501983642578,191.2501983642578,191.2501983642578,191.2501983642578,0,0.0,0.0
2007-07-06 00:00:00-04:00,75.00007629394531,75.00007629394531,75.00007629394531,75.00007629394531,5,0.0,0.0
2007-07-09 00:00:00-04:00,75.00007629394531,75.00007629394531,75.00007629394531,75.00007629394531,0,0.0,0.0
2007-07-10 00:00:00-04:00,75.00007629394531,75.00007629394531,75.00007629394531,75.00007629394531,0,0.0,0.0
2007-07-11 00:00:00-04:00,75.00007629394531,75.00007629394531,75.00007629394531,75.00007629394531,0,0.0,0.0
2007-07-12 00:00:00-04:00,75.00007629394531,75.00007629394531,75.00007629394531,75.00007629394531,0,0.0,0.0
2007-07-13 00:00:00-04:00,75.00007629394531,75.00007629394531,75.00007629394531,75.00007629394531,0,0.0,0.0
2007-07-16 00:00:00-04:00,75.00007629394531,75.00007629394531,75.00007629394531,75.00007629394531,2,0.0,0.0
2007-07-17 00:00:00-04:00,75.00007629394531,75.00007629394531,75.00007629394531,75.00007629394531,0,0.0,0.0
2007-07-18 00:00:00-04:00,75.00007629394531,75.00007629394531,75.00007629394531,75.00007629394531,0,0.0,0.0
2007-07-19 00:00:00-04:00,75.00007629394531,75.00007629394531,75.00007629394531,75.00007629394531,0,0.0,0.0
2007-07-20 00:00:00-04:00,75.00007629394531,75.00007629394531,75.00007629394531,75.00007629394531,0,0.0,0.0
2007-07-23 00:00:00-04:00,75.00007629394531,75.00007629394531,75.00007629394531,75.00007629394531,0,0.0,0.0
2007-07-24 00:00:00-04:00,75.00007629394531,75.00007629394531,75.00007629394531,75.00007629394531,0,0.0,0.0
2007-07-25 00:00:00-04:00,75.00007629394531,75.00007629394531,75.00007629394531,75.00007629394531,0,0.0,0.0
2007-07-26 00:00:00-04:00,150.00015258789062,150.00015258789062,150.00015258789062,150.00015258789062,0,0.0,0.0
2007-07-27 00:00:00-04:00,150.00015258789062,150.00015258789062,150.00015258789062,150.00015258789062,0,0.0,0.0
2007-07-30 00:00:00-04:00,150.00015258789062,150.00015258789062,150.00015258789062,150.00015258789062,0,0.0,0.0
2007-07-31 00:00:00-04:00,150.00015258789062,150.00015258789062,150.00015258789062,150.00015258789062,0,0.0,0.0
2007-08-01 00:00:00-04:00,150.00015258789062,150.00015258789062,150.00015258789062,150.00015258789062,0,0.0,0.0
2007-08-02 00:00:00-04:00,150.00015258789062,150.00015258789062,150.00015258789062,150.00015258789062,0,0.0,0.0
2007-08-03 00:00:00-04:00,150.00015258789062,150.00015258789062,150.00015258789062,150.00015258789062,0,0.0,0.0
2007-08-06 00:00:00-04:00,150.00015258789062,150.00015258789062,150.00015258789062,150.00015258789062,0,0.0,0.0
2007-08-07 00:00:00-04:00,150.00015258789062,150.00015258789062,150.00015258789062,150.00015258789062,0,0.0,0.0
2007-08-08 00:00:00-04:00,150.00015258789062,150.00015258789062,150.00015258789062,150.00015258789062,0,0.0,0.0
2007-08-09 00:00:00-04:00,150.00015258789062,150.00015258789062,150.00015258789062,150.00015258789062,0,0.0,0.0
2007-08-10 00:00:00-04:00,150.00015258789062,150.00015258789062,150.00015258789062,150.00015258789062,0,0.0,0.0
2007-08-13 00:00:00-04:00,150.00015258789062,150.00015258789062,150.00015258789062,150.00015258789062,0,0.0,0.0
2007-08-14 00:00:00-04:00,150.00015258789062,150.00015258789062,150.00015258789062,150.00015258789062,0,0.0,0.0
2007-08-15 00:00:00-04:00,150.00015258789062,150.00015258789062,150.00015258789062,150.00015258789062,0,0.0,0.0
2007-08-16 00:00:00-04:00,150.00015258789062,150.00015258789062,150.00015258789062,150.00015258789062,0,0.0,0.0
2007-08-17 00:00:00-04:00,150.00015258789062,150.00015258789062,150.00015258789062,150.00015258789062,0,0.0,0.0
2007-08-20 00:00:00-04:00,150.00015258789062,150.00015258789062,150.00015258789062,150.00015258789062,0,0.0,0.0
2007-08-21 00:00:00-04:00,150.00015258789062,150.00015258789062,150.00015258789062,150.00015258789062,0,0.0,0.0
2007-08-22 00:00:00-04:00,150.00015258789062,150.00015258789062,150.00015258789062,150.00015258789062,0,0.0,0.0
2007-08-23 00:00:00-04:00,150.00015258789062,150.00015258789062,150.00015258789062,150.00015258789062,0,0.0,0.0
2007-08-24 00:00:00-04:00,150.00015258789062,150.00015258789062,150.00015258789062,150.00015258789062,0,0.0,0.0
2007-08-27 00:00:00-04:00,150.00015258789062,150.00015258789062,150.00015258789062,150.00015258789062,0,0.0,0.0
2007-08-28 00:00:00-04:00,150.00015258789062,150.00015258789062,150.00015258789062,150.00015258789062,0,0.0,0.0
2007-08-29 00:00:00-04:00,150.00015258789062,150.00015258789062,150.00015258789062,150.00015258789062,0,0.0,0.0
2007-08-30 00:00:00-04:00,150.00015258789062,150.00015258789062,150.00015258789062,150.00015258789062,0,0.0,0.0
2007-08-31 00:00:00-04:00,150.00015258789062,150.00015258789062,150.00015258789062,150.00015258789062,0,0.0,0.0
2007-09-04 00:00:00-04:00,150.00015258789062,150.00015258789062,150.00015258789062,150.00015258789062,0,0.0,0.0
2007-09-05 00:00:00-04:00,150.00015258789062,150.00015258789062,150.00015258789062,150.00015258789062,0,0.0,0.0
2007-09-06 00:00:00-04:00,150.00015258789062,150.00015258789062,150.00015258789062,150.00015258789062,0,0.0,0.0
2007-09-07 00:00:00-04:00,150.00015258789062,150.00015258789062,150.00015258789062,150.00015258789062,0,0.0,0.0
2007-09-10 00:00:00-04:00,150.00015258789062,150.00015258789062,150.00015258789062,150.00015258789062,0,0.0,0.0
2007-09-11 00:00:00-04:00,150.00015258789062,150.00015258789062,150.00015258789062,150.00015258789062,0,0.0,0.0
2007-09-12 00:00:00-04:00,150.00015258789062,150.00015258789062,150.00015258789062,150.00015258789062,0,0.0,0.0
2007-09-13 00:00:00-04:00,150.00015258789062,150.00015258789062,150.00015258789062,150.00015258789062,0,0.0,0.0
2007-09-14 00:00:00-04:00,150.00015258789062,150.00015258789062,150.00015258789062,150.00015258789062,0,0.0,0.0
2007-09-17 00:00:00-04:00,150.00015258789062,150.00015258789062,150.00015258789062,150.00015258789062,0,0.0,0.0
2007-09-18 00:00:00-04:00,150.00015258789062,150.00015258789062,150.00015258789062,150.00015258789062,0,0.0,0.0
2007-09-19 00:00:00-04:00,150.00015258789062,150.00015258789062,150.00015258789062,150.00015258789062,0,0.0,0.0
2007-09-20 00:00:00-04:00,150.00015258789062,150.00015258789062,150.00015258789062,150.00015258789062,0,0.0,0.0
2007-09-21 00:00:00-04:00,150.00015258789062,150.00015258789062,150.00015258789062,150.00015258789062,0,0.0,0.0
2007-09-24 00:00:00-04:00,150.00015258789062,150.00015258789062,150.00015258789062,150.00015258789062,0,0.0,0.0
2007-09-25 00:00:00-04:00,150.00015258789062,150.00015258789062,150.00015258789062,150.00015258789062,0,0.0,0.0
2007-09-26 00:00:00-04:00,150.00015258789062,150.00015258789062,150.00015258789062,150.00015258789062,0,0.0,0.0
2007-09-27 00:00:00-04:00,150.00015258789062,150.00015258789062,150.00015258789062,150.00015258789062,0,0.0,0.0
2007-09-28 00:00:00-04:00,150.00015258789062,150.00015258789062,150.00015258789062,150.00015258789062,0,0.0,0.0
2007-10-01 00:00:00-04:00,150.00015258789062,150.00015258789062,150.00015258789062,150.00015258789062,0,0.0,0.0
2007-10-02 00:00:00-04:00,150.00015258789062,150.00015258789062,150.00015258789062,150.00015258789062,0,0.0,0.0
2007-10-03 00:00:00-04:00,150.00015258789062,150.00015258789062,150.00015258789062,150.00015258789062,0,0.0,0.0
2007-10-04 00:00:00-04:00,150.00015258789062,150.00015258789062,150.00015258789062,150.00015258789062,0,0.0,0.0
2007-10-05 00:00:00-04:00,150.00015258789062,150.00015258789062,150.00015258789062,150.00015258789062,0,0.0,0.0
2007-10-08 00:00:00-04:00,176.25018310546875,176.25018310546875,176.25018310546875,176.25018310546875,1,0.0,0.0
2007-10-09 00:00:00-04:00,176.25018310546875,176.25018310546875,176.25018310546875,176.25018310546875,0,0.0,0.0
2007-10-10 00:00:00-04:00,176.25018310546875,176.25018310546875,176.25018310546875,176.25018310546875,0,0.0,0.0
2007-10-11 00:00:00-04:00,176.25018310546875,176.25018310546875,176.25018310546875,176.25018310546875,0,0.0,0.0
2007-10-12 00:00:00-04:00,176.25018310546875,176.25018310546875,176.25018310546875,176.25018310546875,0,0.0,0.0
2007-10-15 00:00:00-04:00,176.25018310546875,176.25018310546875,176.25018310546875,176.25018310546875,0,0.0,0.0
2007-10-16 00:00:00-04:00,176.25018310546875,176.25018310546875,176.25018310546875,176.25018310546875,0,0.0,0.0
2007-10-17 00:00:00-04:00,142.50013732910156,142.50013732910156,142.50013732910156,142.50013732910156,9,0.0,0.0
2007-10-18 00:00:00-04:00,142.50013732910156,142.50013732910156,142.50013732910156,142.50013732910156,0,0.0,0.0
2007-10-19 00:00:00-04:00,142.50013732910156,142.50013732910156,142.50013732910156,142.50013732910156,0,0.0,0.0
2007-10-22 00:00:00-04:00,142.50013732910156,142.50013732910156,142.50013732910156,142.50013732910156,0,0.0,0.0
2007-10-23 00:00:00-04:00,142.50013732910156,142.50013732910156,142.50013732910156,142.50013732910156,0,0.0,0.0
2007-10-24 00:00:00-04:00,221.25021362304688,243.750244140625,221.25021362304688,243.750244140625,19,0.0,0.0
2007-10-25 00:00:00-04:00,243.750244140625,243.750244140625,243.750244140625,243.750244140625,0,0.0,0.0
2007-10-26 00:00:00-04:00,243.750244140625,243.750244140625,243.750244140625,243.750244140625,0,0.0,0.0
2007-10-29 00:00:00-04:00,243.750244140625,243.750244140625,243.750244140625,243.750244140625,0,0.0,0.0
2007-10-30 00:00:00-04:00,243.750244140625,243.750244140625,243.750244140625,243.750244140625,0,0.0,0.0
2007-10-31 00:00:00-04:00,243.750244140625,243.750244140625,243.750244140625,243.750244140625,0,0.0,0.0
2007-11-01 00:00:00-04:00,243.750244140625,243.750244140625,243.750244140625,243.750244140625,0,0.0,0.0
2007-11-02 00:00:00-04:00,243.750244140625,243.750244140625,243.750244140625,243.750244140625,0,0.0,0.0
2007-11-05 00:00:00-05:00,243.750244140625,243.750244140625,243.750244140625,243.750244140625,0,0.0,0.0
2007-11-06 00:00:00-05:00,243.750244140625,243.750244140625,243.750244140625,243.750244140625,0,0.0,0.0
2007-11-07 00:00:00-05:00,243.750244140625,243.750244140625,243.750244140625,243.750244140625,0,0.0,0.0
2007-11-08 00:00:00-05:00,243.750244140625,243.750244140625,243.750244140625,243.750244140625,0,0.0,0.0
2007-11-09 00:00:00-05:00,206.25021362304688,206.25021362304688,206.25021362304688,206.25021362304688,13,0.0,0.0
2007-11-12 00:00:00-05:00,206.25021362304688,206.25021362304688,206.25021362304688,206.25021362304688,0,0.0,0.0
2007-11-13 00:00:00-05:00,206.25021362304688,206.25021362304688,206.25021362304688,206.25021362304688,0,0.0,0.0
2007-11-14 00:00:00-05:00,206.25021362304688,206.25021362304688,206.25021362304688,206.25021362304688,0,0.0,0.0
2007-11-15 00:00:00-05:00,206.25021362304688,206.25021362304688,206.25021362304688,206.25021362304688,0,0.0,0.0
2007-11-16 00:00:00-05:00,206.25021362304688,206.25021362304688,206.25021362304688,206.25021362304688,0,0.0,0.0
2007-11-19 00:00:00-05:00,206.25021362304688,206.25021362304688,206.25021362304688,206.25021362304688,0,0.0,0.0
2007-11-20 00:00:00-05:00,131.25013732910156,131.25013732910156,131.25013732910156,131.25013732910156,6,0.0,0.0
2007-11-21 00:00:00-05:00,131.25013732910156,131.25013732910156,131.25013732910156,131.25013732910156,6,0.0,0.0
2007-11-23 00:00:00-05:00,131.25013732910156,131.25013732910156,131.25013732910156,131.25013732910156,0,0.0,0.0
2007-11-26 00:00:00-05:00,131.25013732910156,131.25013732910156,131.25013732910156,131.25013732910156,0,0.0,0.0
2007-11-27 00:00:00-05:00,131.25013732910156,131.25013732910156,131.25013732910156,131.25013732910156,0,0.0,0.0
2007-11-28 00:00:00-05:00,131.25013732910156,131.25013732910156,131.25013732910156,131.25013732910156,0,0.0,0.0
2007-11-29 00:00:00-05:00,131.25013732910156,131.25013732910156,131.25013732910156,131.25013732910156,0,0.0,0.0
2007-11-30 00:00:00-05:00,131.25013732910156,131.25013732910156,131.25013732910156,131.25013732910156,0,0.0,0.0
2007-12-03 00:00:00-05:00,131.25013732910156,131.25013732910156,131.25013732910156,131.25013732910156,0,0.0,0.0
2007-12-04 00:00:00-05:00,131.25013732910156,131.25013732910156,131.25013732910156,131.25013732910156,0,0.0,0.0
2007-12-05 00:00:00-05:00,131.25013732910156,131.25013732910156,131.25013732910156,131.25013732910156,0,0.0,0.0
2007-12-06 00:00:00-05:00,131.25013732910156,131.25013732910156,131.25013732910156,131.25013732910156,0,0.0,0.0
2007-12-07 00:00:00-05:00,131.25013732910156,131.25013732910156,131.25013732910156,131.25013732910156,0,0.0,0.0
2007-12-10 00:00:00-05:00,131.25013732910156,131.25013732910156,131.25013732910156,131.25013732910156,0,0.0,0.0
2007-12-11 00:00:00-05:00,131.25013732910156,131.25013732910156,131.25013732910156,131.25013732910156,0,0.0,0.0
2007-12-12 00:00:00-05:00,131.25013732910156,131.25013732910156,131.25013732910156,131.25013732910156,0,0.0,0.0
2007-12-13 00:00:00-05:00,131.25013732910156,131.25013732910156,131.25013732910156,131.25013732910156,0,0.0,0.0
2007-12-14 00:00:00-05:00,131.25013732910156,131.25013732910156,131.25013732910156,131.25013732910156,0,0.0,0.0
2007-12-17 00:00:00-05:00,131.25013732910156,131.25013732910156,131.25013732910156,131.25013732910156,0,0.0,0.0
2007-12-18 00:00:00-05:00,131.25013732910156,131.25013732910156,131.25013732910156,131.25013732910156,0,0.0,0.0
2007-12-19 00:00:00-05:00,131.25013732910156,131.25013732910156,131.25013732910156,131.25013732910156,0,0.0,0.0
2007-12-20 00:00:00-05:00,131.25013732910156,131.25013732910156,131.25013732910156,131.25013732910156,0,0.0,0.0
2007-12-21 00:00:00-05:00,131.25013732910156,131.25013732910156,131.25013732910156,131.25013732910156,0,0.0,0.0
2007-12-24 00:00:00-05:00,131.25013732910156,131.25013732910156,131.25013732910156,131.25013732910156,0,0.0,0.0
2007-12-26 00:00:00-05:00,131.25013732910156,131.25013732910156,131.25013732910156,131.25013732910156,0,0.0,0.0
2007-12-27 00:00:00-05:00,93.75009155273438,93.75009155273438,93.75009155273438,93.75009155273438,2,0.0,0.0
2007-12-28 00:00:00-05:00,93.75009155273438,93.75009155273438,93.75009155273438,93.75009155273438,0,0.0,0.0
2007-12-31 00:00:00-05:00,93.75009155273438,93.75009155273438,93.75009155273438,93.75009155273438,0,0.0,0.0
2008-01-02 00:00:00-05:00,93.75009155273438,93.75009155273438,93.75009155273438,93.75009155273438,0,0.0,0.0
2008-01-03 00:00:00-05:00,93.75009155273438,93.75009155273438,93.75009155273438,93.75009155273438,0,0.0,0.0
2008-01-04 00:00:00-05:00,93.75009155273438,93.75009155273438,93.75009155273438,93.75009155273438,0,0.0,0.0
2008-01-07 00:00:00-05:00,93.75009155273438,93.75009155273438,93.75009155273438,93.75009155273438,0,0.0,0.0
2008-01-08 00:00:00-05:00,93.75009155273438,93.75009155273438,93.75009155273438,93.75009155273438,0,0.0,0.0
2008-01-09 00:00:00-05:00,93.75009155273438,93.75009155273438,93.75009155273438,93.75009155273438,0,0.0,0.0
2008-01-10 00:00:00-05:00,93.75009155273438,93.75009155273438,93.75009155273438,93.75009155273438,0,0.0,0.0
2008-01-11 00:00:00-05:00,93.75009155273438,93.75009155273438,93.75009155273438,93.75009155273438,0,0.0,0.0
2008-01-14 00:00:00-05:00,93.75009155273438,93.75009155273438,93.75009155273438,93.75009155273438,0,0.0,0.0
2008-01-15 00:00:00-05:00,93.75009155273438,93.75009155273438,93.75009155273438,93.75009155273438,0,0.0,0.0
2008-01-16 00:00:00-05:00,93.75009155273438,93.75009155273438,93.75009155273438,93.75009155273438,0,0.0,0.0
2008-01-17 00:00:00-05:00,93.75009155273438,93.75009155273438,93.75009155273438,93.75009155273438,0,0.0,0.0
2008-01-18 00:00:00-05:00,93.75009155273438,93.75009155273438,93.75009155273438,93.75009155273438,0,0.0,0.0
2008-01-22 00:00:00-05:00,93.75009155273438,93.75009155273438,93.75009155273438,93.75009155273438,0,0.0,0.0
2008-01-23 00:00:00-05:00,93.75009155273438,93.75009155273438,93.75009155273438,93.75009155273438,0,0.0,0.0
2008-01-24 00:00:00-05:00,93.75009155273438,93.75009155273438,93.75009155273438,93.75009155273438,0,0.0,0.0
2008-01-25 00:00:00-05:00,93.75009155273438,93.75009155273438,93.75009155273438,93.75009155273438,0,0.0,0.0
2008-01-28 00:00:00-05:00,93.75009155273438,93.75009155273438,93.75009155273438,93.75009155273438,0,0.0,0.0
2008-01-29 00:00:00-05:00,93.75009155273438,93.75009155273438,93.75009155273438,93.75009155273438,0,0.0,0.0
2008-01-30 00:00:00-05:00,93.75009155273438,93.75009155273438,93.75009155273438,93.75009155273438,0,0.0,0.0
2008-01-31 00:00:00-05:00,93.75009155273438,93.75009155273438,93.75009155273438,93.75009155273438,0,0.0,0.0
2008-02-01 00:00:00-05:00,93.75009155273438,93.75009155273438,93.75009155273438,93.75009155273438,0,0.0,0.0
2008-02-04 00:00:00-05:00,93.75009155273438,93.75009155273438,93.75009155273438,93.75009155273438,0,0.0,0.0
2008-02-05 00:00:00-05:00,93.75009155273438,93.75009155273438,93.75009155273438,93.75009155273438,0,0.0,0.0
2008-02-06 00:00:00-05:00,93.75009155273438,93.75009155273438,93.75009155273438,93.75009155273438,0,0.0,0.0
2008-02-07 00:00:00-05:00,225.00022888183594,225.00022888183594,206.25021362304688,206.25021362304688,13,0.0,0.0
2008-02-08 00:00:00-05:00,206.25021362304688,206.25021362304688,206.25021362304688,206.25021362304688,0,0.0,0.0
2008-02-11 00:00:00-05:00,206.25021362304688,206.25021362304688,206.25021362304688,206.25021362304688,0,0.0,0.0
2008-02-12 00:00:00-05:00,206.25021362304688,206.25021362304688,206.25021362304688,206.25021362304688,0,0.0,0.0
2008-02-13 00:00:00-05:00,206.25021362304688,206.25021362304688,206.25021362304688,206.25021362304688,0,0.0,0.0
2008-02-14 00:00:00-05:00,206.25021362304688,206.25021362304688,206.25021362304688,206.25021362304688,0,0.0,0.0
2008-02-15 00:00:00-05:00,206.25021362304688,206.25021362304688,206.25021362304688,206.25021362304688,0,0.0,0.0
2008-02-19 00:00:00-05:00,206.25021362304688,206.25021362304688,206.25021362304688,206.25021362304688,0,0.0,0.0
2008-02-20 00:00:00-05:00,206.25021362304688,206.25021362304688,206.25021362304688,206.25021362304688,0,0.0,0.0
2008-02-21 00:00:00-05:00,225.00022888183594,225.00022888183594,112.50011444091797,112.50011444091797,2,0.0,0.0
2008-02-22 00:00:00-05:00,112.50011444091797,112.50011444091797,112.50011444091797,112.50011444091797,0,0.0,0.0
2008-02-25 00:00:00-05:00,112.50011444091797,112.50011444091797,112.50011444091797,112.50011444091797,0,0.0,0.0
2008-02-26 00:00:00-05:00,112.50011444091797,112.50011444091797,112.50011444091797,112.50011444091797,13,0.0,0.0
2008-02-27 00:00:00-05:00,112.50011444091797,112.50011444091797,112.50011444091797,112.50011444091797,0,0.0,0.0
2008-02-28 00:00:00-05:00,112.50011444091797,112.50011444091797,112.50011444091797,112.50011444091797,0,0.0,0.0
2008-02-29 00:00:00-05:00,112.50011444091797,150.00015258789062,112.50011444091797,150.00015258789062,21,0.0,0.0
2008-03-03 00:00:00-05:00,150.00015258789062,150.00015258789062,150.00015258789062,150.00015258789062,0,0.0,0.0
2008-03-04 00:00:00-05:00,112.50011444091797,112.50011444091797,112.50011444091797,112.50011444091797,0,0.0,0.0
2008-03-05 00:00:00-05:00,112.50011444091797,112.50011444091797,112.50011444091797,112.50011444091797,0,0.0,0.0
2008-03-06 00:00:00-05:00,112.50011444091797,112.50011444091797,112.50011444091797,112.50011444091797,13,0.0,0.0
2008-03-07 00:00:00-05:00,112.50011444091797,112.50011444091797,112.50011444091797,112.50011444091797,0,0.0,0.0
2008-03-10 00:00:00-04:00,138.75013732910156,138.75013732910156,138.75013732910156,138.75013732910156,1,0.0,0.0
2008-03-11 00:00:00-04:00,101.2500991821289,101.2500991821289,101.2500991821289,101.2500991821289,26,0.0,0.0
2008-03-12 00:00:00-04:00,138.75013732910156,138.75013732910156,56.250057220458984,56.250057220458984,141,0.0,0.0
2008-03-13 00:00:00-04:00,63.750064849853516,63.750064849853516,63.750064849853516,63.750064849853516,7,0.0,0.0
2008-03-14 00:00:00-04:00,56.250057220458984,56.250057220458984,56.250057220458984,56.250057220458984,0,0.0,0.0
2008-03-17 00:00:00-04:00,63.750064849853516,63.750064849853516,56.250057220458984,56.250057220458984,15,0.0,0.0
2008-03-18 00:00:00-04:00,48.75004959106445,48.75004959106445,37.500038146972656,41.25004196166992,125,0.0,0.0
2008-03-19 00:00:00-04:00,41.25004196166992,41.25004196166992,41.25004196166992,41.25004196166992,0,0.0,0.0
2008-03-20 00:00:00-04:00,41.25004196166992,41.25004196166992,41.25004196166992,41.25004196166992,0,0.0,0.0
2008-03-24 00:00:00-04:00,48.75004959106445,48.75004959106445,48.75004959106445,48.75004959106445,0,0.0,0.0
2008-03-25 00:00:00-04:00,48.75004959106445,63.750064849853516,48.75004959106445,63.750064849853516,93,0.0,0.0
2008-03-26 00:00:00-04:00,56.250057220458984,56.250057220458984,56.250057220458984,56.250057220458984,53,0.0,0.0
2008-03-27 00:00:00-04:00,67.50006866455078,108.75010681152344,67.50006866455078,108.75010681152344,141,0.0,0.0
2008-03-28 00:00:00-04:00,75.00007629394531,75.00007629394531,75.00007629394531,75.00007629394531,26,0.0,0.0
2008-03-31 00:00:00-04:00,78.75007629394531,82.50008392333984,78.75007629394531,78.75007629394531,178,0.0,0.0
2008-04-01 00:00:00-04:00,78.75007629394531,78.75007629394531,78.75007629394531,78.75007629394531,111,0.0,0.0
2008-04-02 00:00:00-04:00,82.50008392333984,101.2500991821289,82.50008392333984,101.2500991821289,26,0.0,0.0
2008-04-03 00:00:00-04:00,101.2500991821289,101.2500991821289,101.2500991821289,101.2500991821289,0,0.0,0.0
2008-04-04 00:00:00-04:00,101.2500991821289,101.2500991821289,101.2500991821289,101.2500991821289,0,0.0,0.0
2008-04-07 00:00:00-04:00,101.2500991821289,101.2500991821289,101.2500991821289,101.2500991821289,0,0.0,0.0
2008-04-08 00:00:00-04:00,112.50011444091797,112.50011444091797,112.50011444091797,112.50011444091797,4,0.0,0.0
2008-04-09 00:00:00-04:00,112.50011444091797,112.50011444091797,112.50011444091797,112.50011444091797,0,0.0,0.0
2008-04-10 00:00:00-04:00,112.50011444091797,112.50011444091797,112.50011444091797,112.50011444091797,0,0.0,0.0
2008-04-11 00:00:00-04:00,112.50011444091797,112.50011444091797,112.50011444091797,112.50011444091797,0,0.0,0.0
2008-04-14 00:00:00-04:00,112.50011444091797,112.50011444091797,112.50011444091797,112.50011444091797,0,0.0,0.0
2008-04-15 00:00:00-04:00,90.00009155273438,90.03759002685547,90.00009155273438,90.03759002685547,44,0.0,0.0
2008-04-16 00:00:00-04:00,90.03759002685547,90.03759002685547,90.03759002685547,90.03759002685547,0,0.0,0.0
2008-04-17 00:00:00-04:00,90.03759002685547,90.03759002685547,90.03759002685547,90.03759002685547,0,0.0,0.0
2008-04-18 00:00:00-04:00,90.37509155273438,90.37509155273438,90.37509155273438,90.37509155273438,3,0.0,0.0
2008-04-21 00:00:00-04:00,90.37509155273438,90.37509155273438,90.37509155273438,90.37509155273438,0,0.0,0.0
2008-04-22 00:00:00-04:00,112.50011444091797,112.50011444091797,112.50011444091797,112.50011444091797,26,0.0,0.0
2008-04-23 00:00:00-04:00,112.50011444091797,112.50011444091797,112.50011444091797,112.50011444091797,0,0.0,0.0
2008-04-24 00:00:00-04:00,93.78759002685547,93.78759002685547,93.75009155273438,93.75009155273438,106,0.0,0.0
2008-04-25 00:00:00-04:00,93.75009155273438,93.75009155273438,93.75009155273438,93.75009155273438,0,0.0,0.0
2008-04-28 00:00:00-04:00,71.2875747680664,71.2875747680664,71.25006866455078,71.25006866455078,82,0.0,0.0
2008-04-29 00:00:00-04:00,71.25006866455078,71.25006866455078,71.25006866455078,71.25006866455078,0,0.0,0.0
2008-04-30 00:00:00-04:00,71.25006866455078,71.25006866455078,71.25006866455078,71.25006866455078,0,0.0,0.0
2008-05-01 00:00:00-04:00,71.25006866455078,71.25006866455078,71.25006866455078,71.25006866455078,0,0.0,0.0
2008-05-02 00:00:00-04:00,75.00007629394531,75.0375747680664,75.00007629394531,75.0375747680664,53,0.0,0.0
2008-05-05 00:00:00-04:00,75.0375747680664,75.0375747680664,75.0375747680664,75.0375747680664,0,0.0,0.0
2008-05-06 00:00:00-04:00,75.0375747680664,75.0375747680664,75.0375747680664,75.0375747680664,0,0.0,0.0
2008-05-07 00:00:00-04:00,75.0375747680664,75.0375747680664,75.0375747680664,75.0375747680664,0,0.0,0.0
2008-05-08 00:00:00-04:00,75.0375747680664,75.0375747680664,75.0375747680664,75.0375747680664,0,0.0,0.0
2008-05-09 00:00:00-04:00,75.0375747680664,75.0375747680664,75.0375747680664,75.0375747680664,0,0.0,0.0
2008-05-12 00:00:00-04:00,75.0375747680664,75.0375747680664,75.0375747680664,75.0375747680664,0,0.0,0.0
2008-05-13 00:00:00-04:00,101.2500991821289,101.2500991821289,101.2500991821289,101.2500991821289,26,0.0,0.0
2008-05-14 00:00:00-04:00,101.2500991821289,101.2500991821289,101.2500991821289,101.2500991821289,0,0.0,0.0
2008-05-15 00:00:00-04:00,112.50011444091797,120.0001220703125,112.50011444091797,120.0001220703125,79,0.0,0.0
2008-05-16 00:00:00-04:00,123.7501220703125,123.7501220703125,123.7501220703125,123.7501220703125,10,0.0,0.0
2008-05-19 00:00:00-04:00,131.25013732910156,138.75013732910156,116.25011444091797,116.25011444091797,285,0.0,0.0
2008-05-20 00:00:00-04:00,116.25011444091797,116.25011444091797,116.25011444091797,116.25011444091797,0,0.0,0.0
2008-05-21 00:00:00-04:00,112.50011444091797,116.25011444091797,112.50011444091797,116.25011444091797,23,0.0,0.0
2008-05-22 00:00:00-04:00,116.25011444091797,116.25011444091797,116.25011444091797,116.25011444091797,0,0.0,0.0
2008-05-23 00:00:00-04:00,116.25011444091797,116.25011444091797,116.25011444091797,116.25011444091797,0,0.0,0.0
2008-05-27 00:00:00-04:00,116.25011444091797,116.25011444091797,116.25011444091797,116.25011444091797,0,0.0,0.0
2008-05-28 00:00:00-04:00,116.25011444091797,116.25011444091797,116.25011444091797,116.25011444091797,0,0.0,0.0
2008-05-29 00:00:00-04:00,116.25011444091797,116.25011444091797,116.25011444091797,116.25011444091797,0,0.0,0.0
2008-05-30 00:00:00-04:00,116.25011444091797,116.25011444091797,116.25011444091797,116.25011444091797,26,0.0,0.0
2008-06-02 00:00:00-04:00,116.25011444091797,116.25011444091797,116.25011444091797,116.25011444091797,0,0.0,0.0
2008-06-03 00:00:00-04:00,127.50012969970703,131.25013732910156,116.25011444091797,116.25011444091797,99,0.0,0.0
2008-06-04 00:00:00-04:00,116.25011444091797,116.25011444091797,116.25011444091797,116.25011444091797,0,0.0,0.0
2008-06-05 00:00:00-04:00,116.25011444091797,116.25011444091797,116.25011444091797,116.25011444091797,26,0.0,0.0
2008-06-06 00:00:00-04:00,116.25011444091797,116.25011444091797,116.25011444091797,116.25011444091797,0,0.0,0.0
2008-06-09 00:00:00-04:00,116.25011444091797,116.25011444091797,116.25011444091797,116.25011444091797,0,0.0,0.0
2008-06-10 00:00:00-04:00,131.25013732910156,131.25013732910156,131.25013732910156,131.25013732910156,6,0.0,0.0
2008-06-11 00:00:00-04:00,116.25011444091797,131.25013732910156,93.75009155273438,131.25013732910156,237,0.0,0.0
2008-06-12 00:00:00-04:00,131.25013732910156,131.25013732910156,131.25013732910156,131.25013732910156,0,0.0,0.0
2008-06-13 00:00:00-04:00,131.25013732910156,131.25013732910156,131.25013732910156,131.25013732910156,0,0.0,0.0
2008-06-16 00:00:00-04:00,131.25013732910156,131.25013732910156,131.25013732910156,131.25013732910156,7,0.0,0.0
2008-06-17 00:00:00-04:00,116.25011444091797,116.25011444091797,116.25011444091797,116.25011444091797,13,0.0,0.0
2008-06-18 00:00:00-04:00,116.25011444091797,116.25011444091797,116.25011444091797,116.25011444091797,0,0.0,0.0
2008-06-19 00:00:00-04:00,116.25011444091797,116.25011444091797,116.25011444091797,116.25011444091797,0,0.0,0.0
2008-06-20 00:00:00-04:00,101.2500991821289,112.50011444091797,101.2500991821289,112.50011444091797,51,0.0,0.0
2008-06-23 00:00:00-04:00,105.00010681152344,105.00010681152344,105.00010681152344,105.00010681152344,26,0.0,0.0
2008-06-24 00:00:00-04:00,101.2500991821289,101.2500991821289,101.2500991821289,101.2500991821289,39,0.0,0.0
2008-06-25 00:00:00-04:00,131.25013732910156,131.25013732910156,131.25013732910156,131.25013732910156,1,0.0,0.0
2008-06-26 00:00:00-04:00,101.2500991821289,101.2500991821289,101.2500991821289,101.2500991821289,13,0.0,0.0
2008-06-27 00:00:00-04:00,101.2500991821289,101.2500991821289,101.2500991821289,101.2500991821289,26,0.0,0.0
2008-06-30 00:00:00-04:00,120.0001220703125,120.0001220703125,120.0001220703125,120.0001220703125,6,0.0,0.0
2008-07-01 00:00:00-04:00,101.2500991821289,112.50011444091797,101.2500991821289,112.50011444091797,53,0.0,0.0
2008-07-02 00:00:00-04:00,112.50011444091797,112.50011444091797,112.50011444091797,112.50011444091797,0,0.0,0.0
2008-07-03 00:00:00-04:00,112.50011444091797,112.50011444091797,112.50011444091797,112.50011444091797,0,0.0,0.0
2008-07-07 00:00:00-04:00,112.50011444091797,112.50011444091797,112.50011444091797,112.50011444091797,0,0.0,0.0
2008-07-08 00:00:00-04:00,112.50011444091797,112.50011444091797,112.50011444091797,112.50011444091797,0,0.0,0.0
2008-07-09 00:00:00-04:00,112.50011444091797,112.50011444091797,112.50011444091797,112.50011444091797,0,0.0,0.0
2008-07-10 00:00:00-04:00,112.50011444091797,112.50011444091797,112.50011444091797,112.50011444091797,39,0.0,0.0
2008-07-11 00:00:00-04:00,112.50011444091797,112.50011444091797,112.50011444091797,112.50011444091797,0,0.0,0.0
2008-07-14 00:00:00-04:00,112.50011444091797,112.50011444091797,112.50011444091797,112.50011444091797,26,0.0,0.0
2008-07-15 00:00:00-04:00,116.25011444091797,116.25011444091797,116.25011444091797,116.25011444091797,39,0.0,0.0
2008-07-16 00:00:00-04:00,116.25011444091797,116.25011444091797,116.25011444091797,116.25011444091797,0,0.0,0.0
2008-07-17 00:00:00-04:00,120.0001220703125,120.0001220703125,116.25011444091797,116.25011444091797,29,0.0,0.0
2008-07-18 00:00:00-04:00,120.0001220703125,120.0001220703125,120.0001220703125,120.0001220703125,13,0.0,0.0
2008-07-21 00:00:00-04:00,120.0001220703125,120.0001220703125,120.0001220703125,120.0001220703125,50,0.0,0.0
2008-07-22 00:00:00-04:00,120.0001220703125,120.0001220703125,120.0001220703125,120.0001220703125,16,0.0,0.0
2008-07-23 00:00:00-04:00,120.0001220703125,120.0001220703125,120.0001220703125,120.0001220703125,0,0.0,0.0
2008-07-24 00:00:00-04:00,120.0001220703125,120.0001220703125,120.0001220703125,120.0001220703125,0,0.0,0.0
2008-07-25 00:00:00-04:00,118.12511444091797,118.12511444091797,116.25011444091797,116.25011444091797,50,0.0,0.0
2008-07-28 00:00:00-04:00,116.25011444091797,116.25011444091797,116.25011444091797,116.25011444091797,0,0.0,0.0
2008-07-29 00:00:00-04:00,120.0001220703125,120.0001220703125,120.0001220703125,120.0001220703125,79,0.0,0.0
2008-07-30 00:00:00-04:00,120.0001220703125,120.0001220703125,120.0001220703125,120.0001220703125,0,0.0,0.0
2008-07-31 00:00:00-04:00,120.0001220703125,120.0001220703125,120.0001220703125,120.0001220703125,0,0.0,0.0
2008-08-01 00:00:00-04:00,120.0001220703125,120.0001220703125,120.0001220703125,120.0001220703125,0,0.0,0.0
2008-08-04 00:00:00-04:00,120.0001220703125,120.0001220703125,120.0001220703125,120.0001220703125,0,0.0,0.0
2008-08-05 00:00:00-04:00,120.0001220703125,120.0001220703125,120.0001220703125,120.0001220703125,13,0.0,0.0
2008-08-06 00:00:00-04:00,120.0001220703125,120.0001220703125,120.0001220703125,120.0001220703125,0,0.0,0.0
2008-08-07 00:00:00-04:00,120.0001220703125,120.0001220703125,120.0001220703125,120.0001220703125,26,0.0,0.0
2008-08-08 00:00:00-04:00,120.0001220703125,120.0001220703125,120.0001220703125,120.0001220703125,0,0.0,0.0
2008-08-11 00:00:00-04:00,120.0001220703125,120.0001220703125,120.0001220703125,120.0001220703125,0,0.0,0.0
2008-08-12 00:00:00-04:00,120.0001220703125,120.0001220703125,120.0001220703125,120.0001220703125,7,0.0,0.0
2008-08-13 00:00:00-04:00,120.0001220703125,120.0001220703125,120.0001220703125,120.0001220703125,0,0.0,0.0
2008-08-14 00:00:00-04:00,120.0001220703125,120.0001220703125,120.0001220703125,120.0001220703125,0,0.0,0.0
2008-08-15 00:00:00-04:00,120.0001220703125,120.0001220703125,120.0001220703125,120.0001220703125,0,0.0,0.0
2008-08-18 00:00:00-04:00,120.0001220703125,120.0001220703125,120.0001220703125,120.0001220703125,26,0.0,0.0
2008-08-19 00:00:00-04:00,120.0001220703125,120.0001220703125,120.0001220703125,120.0001220703125,0,0.0,0.0
2008-08-20 00:00:00-04:00,123.7501220703125,123.7501220703125,123.7501220703125,123.7501220703125,7,0.0,0.0
2008-08-21 00:00:00-04:00,123.7501220703125,123.7501220703125,123.7501220703125,123.7501220703125,0,0.0,0.0
2008-08-22 00:00:00-04:00,123.7501220703125,123.7501220703125,123.7501220703125,123.7501220703125,0,0.0,0.0
2008-08-25 00:00:00-04:00,123.7501220703125,123.7501220703125,123.7501220703125,123.7501220703125,0,0.0,0.0
2008-08-26 00:00:00-04:00,123.7501220703125,123.7501220703125,123.7501220703125,123.7501220703125,0,0.0,0.0
2008-08-27 00:00:00-04:00,123.7501220703125,123.7501220703125,123.7501220703125,123.7501220703125,0,0.0,0.0
2008-08-28 00:00:00-04:00,120.0001220703125,120.0001220703125,120.0001220703125,120.0001220703125,9,0.0,0.0
2008-08-29 00:00:00-04:00,120.0001220703125,120.0001220703125,120.0001220703125,120.0001220703125,0,0.0,0.0
2008-09-02 00:00:00-04:00,123.7501220703125,131.25013732910156,123.7501220703125,131.25013732910156,103,0.0,0.0
2008-09-03 00:00:00-04:00,131.25013732910156,150.00015258789062,123.7501220703125,123.7501220703125,67,0.0,0.0
2008-09-04 00:00:00-04:00,123.7501220703125,123.7501220703125,123.7501220703125,123.7501220703125,0,0.0,0.0
2008-09-05 00:00:00-04:00,123.7501220703125,131.25013732910156,123.7501220703125,131.25013732910156,73,0.0,0.0
2008-09-08 00:00:00-04:00,131.25013732910156,142.50013732910156,131.25013732910156,142.50013732910156,57,0.0,0.0
2008-09-09 00:00:00-04:00,131.25013732910156,131.25013732910156,123.7501220703125,131.25013732910156,77,0.0,0.0
2008-09-10 00:00:00-04:00,131.25013732910156,131.25013732910156,127.50012969970703,127.50012969970703,15,0.0,0.0
2008-09-11 00:00:00-04:00,120.0001220703125,120.0001220703125,120.0001220703125,120.0001220703125,38,0.0,0.0
2008-09-12 00:00:00-04:00,120.0001220703125,120.0001220703125,120.0001220703125,120.0001220703125,0,0.0,0.0
2008-09-15 00:00:00-04:00,123.7501220703125,123.7501220703125,123.7501220703125,123.7501220703125,2,0.0,0.0
2008-09-16 00:00:00-04:00,116.25011444091797,120.0001220703125,116.25011444091797,120.0001220703125,7,0.0,0.0
2008-09-17 00:00:00-04:00,120.0001220703125,120.0001220703125,120.0001220703125,120.0001220703125,0,0.0,0.0
2008-09-18 00:00:00-04:00,120.0001220703125,120.0001220703125,120.0001220703125,120.0001220703125,0,0.0,0.0
2008-09-19 00:00:00-04:00,120.0001220703125,120.0001220703125,120.0001220703125,120.0001220703125,46,0.0,0.0
2008-09-22 00:00:00-04:00,120.0001220703125,120.0001220703125,120.0001220703125,120.0001220703125,0,0.0,0.0
2008-09-23 00:00:00-04:00,120.0001220703125,120.0001220703125,120.0001220703125,120.0001220703125,0,0.0,0.0
2008-09-24 00:00:00-04:00,123.7501220703125,123.7501220703125,121.8751220703125,121.8751220703125,22,0.0,0.0
2008-09-25 00:00:00-04:00,127.50012969970703,131.25013732910156,125.6251220703125,129.3751220703125,57,0.0,0.0
2008-09-26 00:00:00-04:00,131.25013732910156,131.25013732910156,131.25013732910156,131.25013732910156,2,0.0,0.0
2008-09-29 00:00:00-04:00,131.25013732910156,131.25013732910156,131.25013732910156,131.25013732910156,0,0.0,0.0
2008-09-30 00:00:00-04:00,131.25013732910156,131.25013732910156,127.50012969970703,127.50012969970703,19,0.0,0.0
2008-10-01 00:00:00-04:00,120.0001220703125,127.50012969970703,116.25011444091797,116.25011444091797,65,0.0,0.0
2008-10-02 00:00:00-04:00,112.50011444091797,112.50011444091797,101.2500991821289,101.2500991821289,50,0.0,0.0
2008-10-03 00:00:00-04:00,105.00010681152344,105.00010681152344,105.00010681152344,105.00010681152344,13,0.0,0.0
2008-10-06 00:00:00-04:00,116.25011444091797,116.25011444091797,116.25011444091797,116.25011444091797,2,0.0,0.0
2008-10-07 00:00:00-04:00,105.00010681152344,105.00010681152344,101.2500991821289,101.2500991821289,16,0.0,0.0
2008-10-08 00:00:00-04:00,93.75009155273438,93.75009155273438,93.75009155273438,93.75009155273438,17,0.0,0.0
2008-10-09 00:00:00-04:00,93.75009155273438,93.75009155273438,93.75009155273438,93.75009155273438,1,0.0,0.0
2008-10-10 00:00:00-04:00,93.75009155273438,93.75009155273438,93.75009155273438,93.75009155273438,0,0.0,0.0
2008-10-13 00:00:00-04:00,93.75009155273438,93.75009155273438,93.75009155273438,93.75009155273438,0,0.0,0.0
2008-10-14 00:00:00-04:00,112.50011444091797,112.50011444091797,112.50011444091797,112.50011444091797,16,0.0,0.0
2008-10-15 00:00:00-04:00,112.50011444091797,112.50011444091797,112.50011444091797,112.50011444091797,0,0.0,0.0
2008-10-16 00:00:00-04:00,112.50011444091797,112.50011444091797,112.50011444091797,112.50011444091797,0,0.0,0.0
2008-10-17 00:00:00-04:00,112.50011444091797,112.50011444091797,112.50011444091797,112.50011444091797,0,0.0,0.0
2008-10-20 00:00:00-04:00,112.50011444091797,112.50011444091797,112.50011444091797,112.50011444091797,0,0.0,0.0
2008-10-21 00:00:00-04:00,112.50011444091797,112.50011444091797,112.50011444091797,112.50011444091797,0,0.0,0.0
2008-10-22 00:00:00-04:00,112.50011444091797,112.50011444091797,112.50011444091797,112.50011444091797,2,0.0,0.0
2008-10-23 00:00:00-04:00,112.50011444091797,112.50011444091797,112.50011444091797,112.50011444091797,0,0.0,0.0
2008-10-24 00:00:00-04:00,101.2500991821289,101.2500991821289,101.2500991821289,101.2500991821289,10,0.0,0.0
2008-10-27 00:00:00-04:00,101.2500991821289,101.2500991821289,101.2500991821289,101.2500991821289,0,0.0,0.0
2008-10-28 00:00:00-04:00,93.75009155273438,93.75009155273438,93.75009155273438,93.75009155273438,13,0.0,0.0
2008-10-29 00:00:00-04:00,93.75009155273438,93.75009155273438,93.75009155273438,93.75009155273438,0,0.0,0.0
2008-10-30 00:00:00-04:00,93.75009155273438,93.75009155273438,93.75009155273438,93.75009155273438,3,0.0,0.0
2008-10-31 00:00:00-04:00,93.75009155273438,93.75009155273438,93.71259307861328,93.71259307861328,98,0.0,0.0
2008-11-03 00:00:00-05:00,112.50011444091797,112.50011444091797,112.50011444091797,112.50011444091797,4,0.0,0.0
2008-11-04 00:00:00-05:00,86.25008392333984,86.25008392333984,75.00007629394531,75.75007629394531,58,0.0,0.0
2008-11-05 00:00:00-05:00,75.75007629394531,75.75007629394531,75.75007629394531,75.75007629394531,0,0.0,0.0
2008-11-06 00:00:00-05:00,93.75009155273438,93.75009155273438,93.75009155273438,93.75009155273438,10,0.0,0.0
2008-11-07 00:00:00-05:00,82.50008392333984,82.50008392333984,71.25006866455078,71.25006866455078,121,0.0,0.0
2008-11-10 00:00:00-05:00,60.00006103515625,74.96257019042969,60.00006103515625,60.00006103515625,16,0.0,0.0
2008-11-11 00:00:00-05:00,74.96257019042969,74.96257019042969,74.96257019042969,74.96257019042969,5,0.0,0.0
2008-11-12 00:00:00-05:00,71.21257019042969,71.21257019042969,71.21257019042969,71.21257019042969,5,0.0,0.0
2008-11-13 00:00:00-05:00,60.00006103515625,60.00006103515625,60.00006103515625,60.00006103515625,13,0.0,0.0
2008-11-14 00:00:00-05:00,60.00006103515625,60.00006103515625,60.00006103515625,60.00006103515625,26,0.0,0.0
2008-11-17 00:00:00-05:00,60.00006103515625,60.00006103515625,60.00006103515625,60.00006103515625,0,0.0,0.0
2008-11-18 00:00:00-05:00,52.50005340576172,52.50005340576172,39.375038146972656,46.50004577636719,66,0.0,0.0
2008-11-19 00:00:00-05:00,46.462547302246094,46.462547302246094,46.462547302246094,46.462547302246094,5,0.0,0.0
2008-11-20 00:00:00-05:00,46.462547302246094,46.462547302246094,46.462547302246094,46.462547302246094,0,0.0,0.0
2008-11-21 00:00:00-05:00,46.462547302246094,46.462547302246094,46.462547302246094,46.462547302246094,0,0.0,0.0
2008-11-24 00:00:00-05:00,46.462547302246094,46.462547302246094,46.462547302246094,46.462547302246094,0,0.0,0.0
2008-11-25 00:00:00-05:00,46.462547302246094,46.462547302246094,46.462547302246094,46.462547302246094,0,0.0,0.0
2008-11-26 00:00:00-05:00,46.462547302246094,46.462547302246094,46.462547302246094,46.462547302246094,0,0.0,0.0
2008-11-28 00:00:00-05:00,46.462547302246094,46.462547302246094,46.462547302246094,46.462547302246094,0,0.0,0.0
2008-12-01 00:00:00-05:00,108.75010681152344,108.75010681152344,37.500038146972656,37.500038146972656,86,0.0,0.0
2008-12-02 00:00:00-05:00,37.500038146972656,37.500038146972656,37.500038146972656,37.500038146972656,0,0.0,0.0
2008-12-03 00:00:00-05:00,37.500038146972656,37.500038146972656,37.500038146972656,37.500038146972656,0,0.0,0.0
2008-12-04 00:00:00-05:00,48.75004959106445,48.75004959106445,48.75004959106445,48.75004959106445,10,0.0,0.0
2008-12-05 00:00:00-05:00,48.75004959106445,48.75004959106445,48.75004959106445,48.75004959106445,0,0.0,0.0
2008-12-08 00:00:00-05:00,48.75004959106445,48.75004959106445,48.75004959106445,48.75004959106445,0,0.0,0.0
2008-12-09 00:00:00-05:00,48.75004959106445,48.75004959106445,48.75004959106445,48.75004959106445,0,0.0,0.0
2008-12-10 00:00:00-05:00,48.75004959106445,48.75004959106445,48.75004959106445,48.75004959106445,0,0.0,0.0
2008-12-11 00:00:00-05:00,48.75004959106445,48.75004959106445,48.75004959106445,48.75004959106445,0,0.0,0.0
2008-12-12 00:00:00-05:00,22.500022888183594,30.000030517578125,22.500022888183594,30.000030517578125,187,0.0,0.0
2008-12-15 00:00:00-05:00,30.000030517578125,30.000030517578125,30.000030517578125,30.000030517578125,0,0.0,0.0
2008-12-16 00:00:00-05:00,30.000030517578125,30.000030517578125,30.000030517578125,30.000030517578125,0,0.0,0.0
2008-12-17 00:00:00-05:00,30.000030517578125,30.000030517578125,30.000030517578125,30.000030517578125,0,0.0,0.0
2008-12-18 00:00:00-05:00,22.500022888183594,22.500022888183594,22.500022888183594,22.500022888183594,0,0.0,0.0
2008-12-19 00:00:00-05:00,22.500022888183594,22.500022888183594,22.500022888183594,22.500022888183594,0,0.0,0.0
2008-12-22 00:00:00-05:00,22.500022888183594,22.500022888183594,22.500022888183594,22.500022888183594,0,0.0,0.0
2008-12-23 00:00:00-05:00,22.500022888183594,22.500022888183594,22.500022888183594,22.500022888183594,0,0.0,0.0
2008-12-24 00:00:00-05:00,22.500022888183594,22.500022888183594,22.500022888183594,22.500022888183594,0,0.0,0.0
2008-12-26 00:00:00-05:00,22.500022888183594,22.500022888183594,22.500022888183594,22.500022888183594,0,0.0,0.0
2008-12-29 00:00:00-05:00,22.500022888183594,22.500022888183594,22.500022888183594,22.500022888183594,0,0.0,0.0
2008-12-30 00:00:00-05:00,37.500038146972656,37.500038146972656,37.500038146972656,37.500038146972656,3,0.0,0.0
2008-12-31 00:00:00-05:00,37.500038146972656,37.500038146972656,22.575021743774414,37.500038146972656,26,0.0,0.0
2009-01-02 00:00:00-05:00,37.500038146972656,37.500038146972656,37.500038146972656,37.500038146972656,0,0.0,0.0
2009-01-05 00:00:00-05:00,26.25002670288086,37.500038146972656,26.25002670288086,26.25002670288086,16,0.0,0.0
2009-01-06 00:00:00-05:00,37.500038146972656,37.500038146972656,26.25002670288086,26.25002670288086,67,0.0,0.0
2009-01-07 00:00:00-05:00,37.500038146972656,37.500038146972656,37.500038146972656,37.500038146972656,3,0.0,0.0
2009-01-08 00:00:00-05:00,37.500038146972656,37.500038146972656,37.500038146972656,37.500038146972656,0,0.0,0.0
2009-01-09 00:00:00-05:00,33.75003433227539,33.75003433227539,33.75003433227539,33.75003433227539,0,0.0,0.0
2009-01-12 00:00:00-05:00,33.75003433227539,33.75003433227539,33.75003433227539,33.75003433227539,5,0.0,0.0
2009-01-13 00:00:00-05:00,26.25002670288086,26.25002670288086,26.25002670288086,26.25002670288086,2,0.0,0.0
2009-01-14 00:00:00-05:00,22.500022888183594,30.000030517578125,18.750017166137695,26.25002670288086,109,0.0,0.0
2009-01-15 00:00:00-05:00,26.25002670288086,26.25002670288086,26.25002670288086,26.25002670288086,0,0.0,0.0
2009-01-16 00:00:00-05:00,26.25002670288086,26.25002670288086,26.25002670288086,26.25002670288086,0,0.0,0.0
2009-01-20 00:00:00-05:00,26.25002670288086,26.25002670288086,26.25002670288086,26.25002670288086,0,0.0,0.0
2009-01-21 00:00:00-05:00,22.500022888183594,22.500022888183594,22.500022888183594,22.500022888183594,13,0.0,0.0
2009-01-22 00:00:00-05:00,26.25002670288086,26.25002670288086,26.25002670288086,26.25002670288086,30,0.0,0.0
2009-01-23 00:00:00-05:00,26.25002670288086,28.125028610229492,25.875024795532227,28.125028610229492,267,0.0,0.0
2009-01-26 00:00:00-05:00,26.25002670288086,26.25002670288086,26.25002670288086,26.25002670288086,2,0.0,0.0
2009-01-27 00:00:00-05:00,26.25002670288086,26.25002670288086,26.25002670288086,26.25002670288086,0,0.0,0.0
2009-01-28 00:00:00-05:00,28.125028610229492,29.250028610229492,28.125028610229492,29.250028610229492,66,0.0,0.0
2009-01-29 00:00:00-05:00,29.250028610229492,29.250028610229492,29.250028610229492,29.250028610229492,0,0.0,0.0
2009-01-30 00:00:00-05:00,29.250028610229492,29.250028610229492,29.250028610229492,29.250028610229492,7,0.0,0.0
2009-02-02 00:00:00-05:00,26.25002670288086,26.25002670288086,26.25002670288086,26.25002670288086,110,0.0,0.0
2009-02-03 00:00:00-05:00,29.212528228759766,29.212528228759766,28.125028610229492,28.125028610229492,55,0.0,0.0
2009-02-04 00:00:00-05:00,28.125028610229492,28.125028610229492,28.125028610229492,28.125028610229492,1,0.0,0.0
2009-02-05 00:00:00-05:00,26.25002670288086,26.25002670288086,26.25002670288086,26.25002670288086,82,0.0,0.0
2009-02-06 00:00:00-05:00,25.875024795532227,25.875024795532227,15.000015258789062,15.000015258789062,6,0.0,0.0
2009-02-09 00:00:00-05:00,25.875024795532227,25.875024795532227,25.875024795532227,25.875024795532227,14,0.0,0.0
2009-02-10 00:00:00-05:00,25.875024795532227,25.875024795532227,25.875024795532227,25.875024795532227,0,0.0,0.0
2009-02-11 00:00:00-05:00,25.875024795532227,25.875024795532227,25.875024795532227,25.875024795532227,0,0.0,0.0
2009-02-12 00:00:00-05:00,25.875024795532227,25.875024795532227,25.875024795532227,25.875024795532227,0,0.0,0.0
2009-02-13 00:00:00-05:00,22.500022888183594,22.500022888183594,22.500022888183594,22.500022888183594,1,0.0,0.0
2009-02-17 00:00:00-05:00,25.875024795532227,25.875024795532227,25.875024795532227,25.875024795532227,13,0.0,0.0
2009-02-18 00:00:00-05:00,25.875024795532227,25.875024795532227,25.875024795532227,25.875024795532227,0,0.0,0.0
2009-02-19 00:00:00-05:00,26.25002670288086,29.437528610229492,26.25002670288086,26.25002670288086,134,0.0,0.0
2009-02-20 00:00:00-05:00,26.25002670288086,30.000030517578125,26.25002670288086,26.25002670288086,100,0.0,0.0
2009-02-23 00:00:00-05:00,26.25002670288086,26.25002670288086,26.25002670288086,26.25002670288086,79,0.0,0.0
2009-02-24 00:00:00-05:00,26.25002670288086,26.25002670288086,26.25002670288086,26.25002670288086,0,0.0,0.0
2009-02-25 00:00:00-05:00,26.25002670288086,26.25002670288086,26.25002670288086,26.25002670288086,0,0.0,0.0
2009-02-26 00:00:00-05:00,30.000030517578125,30.000030517578125,30.000030517578125,30.000030517578125,3,0.0,0.0
2009-02-27 00:00:00-05:00,30.000030517578125,30.000030517578125,30.000030517578125,30.000030517578125,0,0.0,0.0
2009-03-02 00:00:00-05:00,26.25002670288086,26.25002670288086,26.25002670288086,26.25002670288086,65,0.0,0.0
2009-03-03 00:00:00-05:00,45.00004577636719,45.00004577636719,45.00004577636719,45.00004577636719,1,0.0,0.0
2009-03-04 00:00:00-05:00,45.00004577636719,45.00004577636719,45.00004577636719,45.00004577636719,0,0.0,0.0
2009-03-05 00:00:00-05:00,30.375030517578125,30.375030517578125,30.000030517578125,30.375030517578125,61,0.0,0.0
2009-03-06 00:00:00-05:00,30.375030517578125,30.375030517578125,30.375030517578125,30.375030517578125,0,0.0,0.0
2009-03-09 00:00:00-04:00,30.000030517578125,30.000030517578125,30.000030517578125,30.000030517578125,26,0.0,0.0
2009-03-10 00:00:00-04:00,30.000030517578125,30.000030517578125,30.000030517578125,30.000030517578125,13,0.0,0.0
2009-03-11 00:00:00-04:00,30.000030517578125,30.000030517578125,30.000030517578125,30.000030517578125,0,0.0,0.0
2009-03-12 00:00:00-04:00,30.000030517578125,30.000030517578125,30.000030517578125,30.000030517578125,0,0.0,0.0
2009-03-13 00:00:00-04:00,30.000030517578125,30.000030517578125,30.000030517578125,30.000030517578125,0,0.0,0.0
2009-03-16 00:00:00-04:00,30.000030517578125,30.000030517578125,30.000030517578125,30.000030517578125,0,0.0,0.0
2009-03-17 00:00:00-04:00,30.000030517578125,30.000030517578125,30.000030517578125,30.000030517578125,0,0.0,0.0
2009-03-18 00:00:00-04:00,30.000030517578125,30.000030517578125,30.000030517578125,30.000030517578125,0,0.0,0.0
2009-03-19 00:00:00-04:00,30.000030517578125,30.000030517578125,30.000030517578125,30.000030517578125,0,0.0,0.0
2009-03-20 00:00:00-04:00,30.000030517578125,30.000030517578125,30.000030517578125,30.000030517578125,0,0.0,0.0
2009-03-23 00:00:00-04:00,30.000030517578125,30.000030517578125,30.000030517578125,30.000030517578125,0,0.0,0.0
2009-03-24 00:00:00-04:00,37.500038146972656,105.00010681152344,37.500038146972656,105.00010681152344,55,0.0,0.0
2009-03-25 00:00:00-04:00,93.75009155273438,93.75009155273438,93.75009155273438,93.75009155273438,13,0.0,0.0
2009-03-26 00:00:00-04:00,41.25004196166992,41.25004196166992,41.25004196166992,41.25004196166992,13,0.0,0.0
2009-03-27 00:00:00-04:00,101.2500991821289,101.2500991821289,86.25008392333984,93.75009155273438,46,0.0,0.0
2009-03-30 00:00:00-04:00,90.00009155273438,90.00009155273438,86.25008392333984,86.25008392333984,3,0.0,0.0
2009-03-31 00:00:00-04:00,90.00009155273438,90.00009155273438,82.12508392333984,82.12508392333984,61,0.0,0.0
2009-04-01 00:00:00-04:00,75.00007629394531,82.12508392333984,75.00007629394531,82.12508392333984,17,0.0,0.0
2009-04-02 00:00:00-04:00,82.12508392333984,82.12508392333984,82.12508392333984,82.12508392333984,1,0.0,0.0
2009-04-03 00:00:00-04:00,82.50008392333984,82.50008392333984,82.50008392333984,82.50008392333984,9,0.0,0.0
2009-04-06 00:00:00-04:00,82.50008392333984,82.50008392333984,82.50008392333984,82.50008392333984,0,0.0,0.0
2009-04-07 00:00:00-04:00,75.00007629394531,75.00007629394531,75.00007629394531,75.00007629394531,2,0.0,0.0
2009-04-08 00:00:00-04:00,67.50006866455078,67.50006866455078,37.500038146972656,37.500038146972656,39,0.0,0.0
2009-04-09 00:00:00-04:00,41.25004196166992,82.50008392333984,41.25004196166992,82.50008392333984,11,0.0,0.0
2009-04-13 00:00:00-04:00,82.50008392333984,82.50008392333984,82.50008392333984,82.50008392333984,0,0.0,0.0
2009-04-14 00:00:00-04:00,80.62507629394531,80.62507629394531,80.62507629394531,80.62507629394531,23,0.0,0.0
2009-04-15 00:00:00-04:00,75.00007629394531,75.00007629394531,75.00007629394531,75.00007629394531,31,0.0,0.0
2009-04-16 00:00:00-04:00,76.87507629394531,86.25008392333984,76.87507629394531,86.25008392333984,151,0.0,0.0
2009-04-17 00:00:00-04:00,75.00007629394531,75.00007629394531,75.00007629394531,75.00007629394531,53,0.0,0.0
2009-04-20 00:00:00-04:00,67.50006866455078,82.50008392333984,48.75004959106445,82.50008392333984,16,0.0,0.0
2009-04-21 00:00:00-04:00,75.75007629394531,75.75007629394531,75.75007629394531,75.75007629394531,9,0.0,0.0
2009-04-22 00:00:00-04:00,76.05007934570312,76.05007934570312,67.50006866455078,67.50006866455078,83,0.0,0.0
2009-04-23 00:00:00-04:00,67.50006866455078,67.50006866455078,67.50006866455078,67.50006866455078,11,0.0,0.0
2009-04-24 00:00:00-04:00,55.50005340576172,67.50006866455078,48.75004959106445,67.50006866455078,43,0.0,0.0
2009-04-27 00:00:00-04:00,67.50006866455078,67.50006866455078,67.50006866455078,67.50006866455078,2,0.0,0.0
2009-04-28 00:00:00-04:00,67.50006866455078,67.50006866455078,67.50006866455078,67.50006866455078,29,0.0,0.0
2009-04-29 00:00:00-04:00,67.50006866455078,67.50006866455078,67.50006866455078,67.50006866455078,0,0.0,0.0
2009-04-30 00:00:00-04:00,67.50006866455078,67.50006866455078,67.50006866455078,67.50006866455078,2,0.0,0.0
2009-05-01 00:00:00-04:00,67.50006866455078,67.50006866455078,56.250057220458984,67.50006866455078,9,0.0,0.0
2009-05-04 00:00:00-04:00,63.750064849853516,67.50006866455078,63.750064849853516,67.50006866455078,17,0.0,0.0
2009-05-05 00:00:00-04:00,67.50006866455078,67.50006866455078,67.50006866455078,67.50006866455078,0,0.0,0.0
2009-05-06 00:00:00-04:00,75.00007629394531,86.25008392333984,75.00007629394531,76.87507629394531,48,0.0,0.0
2009-05-07 00:00:00-04:00,86.25008392333984,93.75009155273438,78.75007629394531,93.75009155273438,249,0.0,0.0
2009-05-08 00:00:00-04:00,79.50007629394531,79.50007629394531,79.50007629394531,79.50007629394531,13,0.0,0.0
2009-05-11 00:00:00-04:00,79.50007629394531,79.50007629394531,79.50007629394531,79.50007629394531,0,0.0,0.0
2009-05-12 00:00:00-04:00,90.00009155273438,102.0000991821289,90.00009155273438,101.2500991821289,275,0.0,0.0
2009-05-13 00:00:00-04:00,102.0000991821289,121.05011749267578,102.0000991821289,121.05011749267578,404,0.0,0.0
2009-05-14 00:00:00-04:00,121.05011749267578,142.50013732910156,121.05011749267578,142.50013732910156,202,0.0,0.0
2009-05-15 00:00:00-04:00,142.50013732910156,153.75015258789062,142.50013732910156,142.50013732910156,945,0.0,0.0
2009-05-18 00:00:00-04:00,150.00015258789062,150.00015258789062,131.62513732910156,150.00015258789062,269,0.0,0.0
2009-05-19 00:00:00-04:00,150.00015258789062,150.00015258789062,150.00015258789062,150.00015258789062,50,0.0,0.0
2009-05-20 00:00:00-04:00,135.00013732910156,206.25021362304688,135.00013732910156,180.00018310546875,179,0.0,0.0
2009-05-21 00:00:00-04:00,180.00018310546875,187.50018310546875,180.00018310546875,187.50018310546875,55,0.0,0.0
2009-05-22 00:00:00-04:00,281.2502746582031,378.7503662109375,281.2502746582031,300.00030517578125,70,0.0,0.0
2009-05-26 00:00:00-04:00,315.00030517578125,315.00030517578125,300.00030517578125,300.00030517578125,15,0.0,0.0
2009-05-27 00:00:00-04:00,262.5002746582031,300.00030517578125,225.00022888183594,296.25030517578125,114,0.0,0.0
2009-05-28 00:00:00-04:00,281.2502746582031,281.2502746582031,262.5002746582031,262.5002746582031,53,0.0,0.0
2009-05-29 00:00:00-04:00,281.2502746582031,300.00030517578125,281.2502746582031,300.00030517578125,28,0.0,0.0
2009-06-01 00:00:00-04:00,300.00030517578125,300.00030517578125,300.00030517578125,300.00030517578125,13,0.0,0.0
2009-06-02 00:00:00-04:00,300.00030517578125,300.00030517578125,281.2502746582031,281.2502746582031,13,0.0,0.0
2009-06-03 00:00:00-04:00,281.2502746582031,281.2502746582031,281.2502746582031,281.2502746582031,8,0.0,0.0
2009-06-04 00:00:00-04:00,281.2502746582031,281.2502746582031,281.2502746582031,281.2502746582031,0,0.0,0.0
2009-06-05 00:00:00-04:00,280.5002746582031,280.8752746582031,280.5002746582031,280.8752746582031,8,0.0,0.0
2009-06-08 00:00:00-04:00,243.750244140625,243.750244140625,225.00022888183594,225.00022888183594,86,0.0,0.0
2009-06-09 00:00:00-04:00,243.750244140625,281.2502746582031,243.750244140625,281.2502746582031,191,0.0,0.0
2009-06-10 00:00:00-04:00,292.50030517578125,318.75030517578125,258.750244140625,258.750244140625,343,0.0,0.0
2009-06-11 00:00:00-04:00,330.0003356933594,375.0003662109375,281.2502746582031,322.5003356933594,1240,0.0,0.0
2009-06-12 00:00:00-04:00,356.2503662109375,356.2503662109375,318.75030517578125,337.5003356933594,247,0.0,0.0
2009-06-15 00:00:00-04:00,337.5003356933594,337.5003356933594,285.0002746582031,300.00030517578125,192,0.0,0.0
2009-06-16 00:00:00-04:00,277.5002746582031,307.50030517578125,277.5002746582031,307.50030517578125,85,0.0,0.0
2009-06-17 00:00:00-04:00,318.75030517578125,352.5003662109375,318.75030517578125,337.5003356933594,386,0.0,0.0
2009-06-18 00:00:00-04:00,367.5003662109375,375.0003662109375,337.5003356933594,341.2503356933594,159,0.0,0.0
2009-06-19 00:00:00-04:00,345.0003356933594,348.7503356933594,300.00030517578125,318.75030517578125,87,0.0,0.0
2009-06-22 00:00:00-04:00,330.0003356933594,345.0003356933594,300.00030517578125,300.00030517578125,73,0.0,0.0
2009-06-23 00:00:00-04:00,322.5003356933594,330.0003356933594,266.2502746582031,330.0003356933594,75,0.0,0.0
2009-06-24 00:00:00-04:00,273.7502746582031,318.75030517578125,273.7502746582031,318.75030517578125,15,0.0,0.0
2009-06-25 00:00:00-04:00,330.0003356933594,330.0003356933594,281.2502746582031,307.50030517578125,142,0.0,0.0
2009-06-26 00:00:00-04:00,307.50030517578125,307.50030517578125,281.2502746582031,281.2502746582031,52,0.0,0.0
2009-06-29 00:00:00-04:00,281.2502746582031,300.00030517578125,281.2502746582031,300.00030517578125,17,0.0,0.0
2009-06-30 00:00:00-04:00,300.00030517578125,318.75030517578125,296.25030517578125,318.75030517578125,30,0.0,0.0
2009-07-01 00:00:00-04:00,300.00030517578125,330.0003356933594,300.00030517578125,318.75030517578125,89,0.0,0.0
2009-07-02 00:00:00-04:00,311.25030517578125,322.5003356933594,270.0002746582031,315.00030517578125,61,0.0,0.0
2009-07-06 00:00:00-04:00,315.00030517578125,315.00030517578125,315.00030517578125,315.00030517578125,0,0.0,0.0
2009-07-07 00:00:00-04:00,300.00030517578125,307.50030517578125,270.0002746582031,307.50030517578125,54,0.0,0.0
2009-07-08 00:00:00-04:00,285.0002746582031,318.75030517578125,225.00022888183594,318.75030517578125,137,0.0,0.0
2009-07-09 00:00:00-04:00,315.00030517578125,318.75030517578125,285.0002746582031,315.00030517578125,81,0.0,0.0
2009-07-10 00:00:00-04:00,296.25030517578125,307.50030517578125,292.50030517578125,307.12530517578125,24,0.0,0.0
2009-07-13 00:00:00-04:00,307.50030517578125,315.00030517578125,300.00030517578125,303.75030517578125,20,0.0,0.0
2009-07-14 00:00:00-04:00,303.75030517578125,303.75030517578125,292.50030517578125,300.00030517578125,45,0.0,0.0
2009-07-15 00:00:00-04:00,311.25030517578125,318.75030517578125,311.25030517578125,318.75030517578125,81,0.0,0.0
2009-07-16 00:00:00-04:00,318.75030517578125,322.5003356933594,285.0002746582031,318.75030517578125,22,0.0,0.0
2009-07-17 00:00:00-04:00,318.75030517578125,318.75030517578125,300.00030517578125,311.25030517578125,24,0.0,0.0
2009-07-20 00:00:00-04:00,330.0003356933594,330.0003356933594,300.00030517578125,311.25030517578125,103,0.0,0.0
2009-07-21 00:00:00-04:00,300.00030517578125,322.5003356933594,300.00030517578125,322.5003356933594,36,0.0,0.0
2009-07-22 00:00:00-04:00,326.2503356933594,326.2503356933594,305.25030517578125,322.8753356933594,111,0.0,0.0
2009-07-23 00:00:00-04:00,341.2503356933594,412.50042724609375,330.0003356933594,412.50042724609375,431,0.0,0.0
2009-07-24 00:00:00-04:00,431.25042724609375,450.0004577636719,322.5003356933594,382.5003967285156,100,0.0,0.0
2009-07-27 00:00:00-04:00,382.5003967285156,412.50042724609375,356.2503662109375,375.0003662109375,113,0.0,0.0
2009-07-28 00:00:00-04:00,378.7503662109375,431.25042724609375,378.7503662109375,412.50042724609375,247,0.0,0.0
2009-07-29 00:00:00-04:00,427.50042724609375,562.5005493164062,412.50042724609375,495.00048828125,503,0.0,0.0
2009-07-30 00:00:00-04:00,637.5006103515625,637.5006103515625,525.0005493164062,600.0006103515625,543,0.0,0.0
2009-07-31 00:00:00-04:00,633.7506103515625,637.5006103515625,600.0006103515625,615.0006103515625,266,0.0,0.0
2009-08-03 00:00:00-04:00,633.7506103515625,633.7506103515625,453.7504577636719,532.5005493164062,447,0.0,0.0
2009-08-04 00:00:00-04:00,562.5005493164062,618.7506103515625,543.7505493164062,600.0006103515625,275,0.0,0.0
2009-08-05 00:00:00-04:00,618.7506103515625,618.7506103515625,585.0006103515625,615.0006103515625,172,0.0,0.0
2009-08-06 00:00:00-04:00,615.0006103515625,618.7506103515625,562.5005493164062,592.5006103515625,140,0.0,0.0
2009-08-07 00:00:00-04:00,600.0006103515625,630.0006103515625,573.7505493164062,573.7505493164062,167,0.0,0.0
2009-08-10 00:00:00-04:00,577.5005493164062,618.7506103515625,577.5005493164062,577.5005493164062,124,0.0,0.0
2009-08-11 00:00:00-04:00,555.0005493164062,600.0006103515625,555.0005493164062,573.7505493164062,100,0.0,0.0
2009-08-12 00:00:00-04:00,600.0006103515625,656.2506713867188,570.0005493164062,616.8756103515625,585,0.0,0.0
2009-08-13 00:00:00-04:00,622.5006103515625,693.7506713867188,596.2506103515625,630.0006103515625,253,0.0,0.0
2009-08-14 00:00:00-04:00,641.2506713867188,644.2506713867188,630.0006103515625,633.7506103515625,269,0.0,0.0
2009-08-17 00:00:00-04:00,630.0006103515625,633.7506103515625,600.0006103515625,618.7506103515625,108,0.0,0.0
2009-08-18 00:00:00-04:00,607.5006103515625,630.0006103515625,600.0006103515625,630.0006103515625,122,0.0,0.0
2009-08-19 00:00:00-04:00,633.7506103515625,633.7506103515625,603.7506103515625,622.5006103515625,131,0.0,0.0
2009-08-20 00:00:00-04:00,622.5006103515625,645.0006713867188,622.5006103515625,637.5006103515625,249,0.0,0.0
2009-08-21 00:00:00-04:00,630.0006103515625,633.7506103515625,607.5006103515625,630.0006103515625,139,0.0,0.0
2009-08-24 00:00:00-04:00,600.0006103515625,630.0006103515625,600.0006103515625,615.0006103515625,369,0.0,0.0
2009-08-25 00:00:00-04:00,626.2506103515625,656.2506713867188,611.2506103515625,656.2506713867188,530,0.0,0.0
2009-08-26 00:00:00-04:00,2500.0,2500.0,656.25,837.5,192,0.0,0.3333333333333333
2009-08-27 00:00:00-04:00,762.5,968.75,750.0,850.0,214,0.0,0.0
2009-08-28 00:00:00-04:00,812.5,825.0,566.25,718.75,445,0.0,0.0
2009-08-31 00:00:00-04:00,625.0,718.75,625.0,687.5,200,0.0,0.0
2009-09-01 00:00:00-04:00,706.25,800.0,700.0,728.75,763,0.0,0.0
2009-09-02 00:00:00-04:00,743.75,743.75,706.25,725.0,144,0.0,0.0
2009-09-03 00:00:00-04:00,750.0,750.0,706.25,725.0,210,0.0,0.0
2009-09-04 00:00:00-04:00,725.0,731.25,631.25,700.0,159,0.0,0.0
2009-09-08 00:00:00-04:00,725.0,725.0,662.5,687.5,337,0.0,0.0
2009-09-09 00:00:00-04:00,668.75,686.25,655.0,656.25,210,0.0,0.0
2009-09-10 00:00:00-04:00,675.0,687.5,656.25,668.75,109,0.0,0.0
2009-09-11 00:00:00-04:00,668.75,686.25,656.25,686.25,86,0.0,0.0
2009-09-14 00:00:00-04:00,686.25,686.25,612.5,666.25,177,0.0,0.0
2009-09-15 00:00:00-04:00,665.0,665.0,612.5,650.0,166,0.0,0.0
2009-09-16 00:00:00-04:00,650.0,650.0,612.5,636.25,113,0.0,0.0
2009-09-17 00:00:00-04:00,587.5,625.0,563.75,611.25,332,0.0,0.0
2009-09-18 00:00:00-04:00,612.5,612.5,566.25,593.75,111,0.0,0.0
2009-09-21 00:00:00-04:00,563.75,625.0,500.0,600.0,187,0.0,0.0
2009-09-22 00:00:00-04:00,593.75,615.0,568.75,568.75,86,0.0,0.0
2009-09-23 00:00:00-04:00,501.25,606.25,501.25,606.25,292,0.0,0.0
2009-09-24 00:00:00-04:00,606.25,650.0,600.0,612.5,85,0.0,0.0
2009-09-25 00:00:00-04:00,620.0,620.0,568.75,600.0,72,0.0,0.0
2009-09-28 00:00:00-04:00,500.0,600.0,500.0,593.75,124,0.0,0.0
2009-09-29 00:00:00-04:00,593.75,593.75,563.75,591.25,56,0.0,0.0
2009-09-30 00:00:00-04:00,591.25,592.5,563.75,575.0,110,0.0,0.0
2009-10-01 00:00:00-04:00,565.0,575.0,536.25,562.5,64,0.0,0.0
2009-10-02 00:00:00-04:00,536.25,563.75,536.25,563.75,22,0.0,0.0
2009-10-05 00:00:00-04:00,556.25,562.5,531.25,531.25,46,0.0,0.0
2009-10-06 00:00:00-04:00,506.25,562.5,506.25,550.0,98,0.0,0.0
2009-10-07 00:00:00-04:00,555.0,556.25,531.25,556.25,131,0.0,0.0
2009-10-08 00:00:00-04:00,556.25,556.25,531.25,556.25,84,0.0,0.0
2009-10-09 00:00:00-04:00,537.5,556.25,526.25,526.25,74,0.0,0.0
2009-10-12 00:00:00-04:00,512.5,531.25,512.5,525.0,60,0.0,0.0
2009-10-13 00:00:00-04:00,518.75,518.75,506.25,518.75,157,0.0,0.0
2009-10-14 00:00:00-04:00,506.25,512.5,500.0,507.5,286,0.0,0.0
2009-10-15 00:00:00-04:00,488.75,512.5,488.75,500.0,61,0.0,0.0
2009-10-16 00:00:00-04:00,500.0,561.25,500.0,525.0,59,0.0,0.0
2009-10-19 00:00:00-04:00,525.0,573.75,525.0,531.25,171,0.0,0.0
2009-10-20 00:00:00-04:00,592.5,592.5,531.25,536.25,149,0.0,0.0
2009-10-21 00:00:00-04:00,562.5,562.5,531.25,532.5,67,0.0,0.0
2009-10-22 00:00:00-04:00,537.5,550.0,512.5,537.5,47,0.0,0.0
2009-10-23 00:00:00-04:00,525.0,528.75,508.75,517.5,53,0.0,0.0
2009-10-26 00:00:00-04:00,515.0,515.0,501.25,501.25,37,0.0,0.0
2009-10-27 00:00:00-04:00,500.0,500.0,437.5,437.5,351,0.0,0.0
2009-10-28 00:00:00-04:00,437.5,442.5,382.5,436.25,158,0.0,0.0
2009-10-29 00:00:00-04:00,406.25,490.0,406.25,490.0,93,0.0,0.0
2009-10-30 00:00:00-04:00,407.5,473.75,407.5,472.5,29,0.0,0.0
2009-11-02 00:00:00-05:00,472.5,475.0,412.5,437.5,96,0.0,0.0
2009-11-03 00:00:00-05:00,431.25,468.75,413.75,443.75,71,0.0,0.0
2009-11-04 00:00:00-05:00,468.75,468.75,420.0,443.75,43,0.0,0.0
2009-11-05 00:00:00-05:00,462.5,462.5,437.5,458.75,53,0.0,0.0
2009-11-06 00:00:00-05:00,458.75,468.75,437.5,461.25,65,0.0,0.0
2009-11-09 00:00:00-05:00,427.5,485.0,427.5,480.0,96,0.0,0.0
2009-11-10 00:00:00-05:00,443.75,473.75,425.0,473.75,43,0.0,0.0
2009-11-11 00:00:00-05:00,468.75,468.75,418.75,467.5,61,0.0,0.0
2009-11-12 00:00:00-05:00,436.25,436.25,422.5,425.0,66,0.0,0.0
2009-11-13 00:00:00-05:00,431.25,543.75,412.5,508.75,487,0.0,0.0
2009-11-16 00:00:00-05:00,531.25,556.25,513.75,556.25,590,0.0,0.0
2009-11-17 00:00:00-05:00,562.5,562.5,543.75,556.25,136,0.0,0.0
2009-11-18 00:00:00-05:00,543.75,550.0,507.5,548.75,157,0.0,0.0
2009-11-19 00:00:00-05:00,525.0,555.0,481.25,555.0,160,0.0,0.0
2009-11-20 00:00:00-05:00,500.0,518.75,493.75,518.75,74,0.0,0.0
2009-11-23 00:00:00-05:00,512.5,550.0,437.5,518.75,304,0.0,0.0
2009-11-24 00:00:00-05:00,472.5,517.5,462.5,512.5,97,0.0,0.0
2009-11-25 00:00:00-05:00,511.25,512.5,468.75,512.5,203,0.0,0.0
2009-11-27 00:00:00-05:00,462.5,518.75,460.0,518.75,83,0.0,0.0
2009-11-30 00:00:00-05:00,470.0,512.5,455.0,511.25,88,0.0,0.0
2009-12-01 00:00:00-05:00,468.75,512.5,450.0,512.5,271,0.0,0.0
2009-12-02 00:00:00-05:00,512.5,512.5,468.75,506.25,73,0.0,0.0
2009-12-03 00:00:00-05:00,500.0,503.75,481.25,502.5,78,0.0,0.0
2009-12-04 00:00:00-05:00,500.0,500.0,475.0,500.0,217,0.0,0.0
2009-12-07 00:00:00-05:00,481.25,500.0,475.0,500.0,54,0.0,0.0
2009-12-08 00:00:00-05:00,500.0,500.0,462.5,500.0,214,0.0,0.0
2009-12-09 00:00:00-05:00,468.75,500.0,465.0,500.0,149,0.0,0.0
2009-12-10 00:00:00-05:00,475.0,500.0,462.5,500.0,380,0.0,0.0
2009-12-11 00:00:00-05:00,500.0,500.0,462.5,476.25,343,0.0,0.0
2009-12-14 00:00:00-05:00,500.0,500.0,456.25,456.25,253,0.0,0.0
2009-12-15 00:00:00-05:00,460.0,507.5,460.0,488.75,834,0.0,0.0
2009-12-16 00:00:00-05:00,506.25,515.0,498.75,511.25,830,0.0,0.0
2009-12-17 00:00:00-05:00,506.25,518.75,495.0,518.75,366,0.0,0.0
2009-12-18 00:00:00-05:00,502.5,512.5,487.5,512.5,147,0.0,0.0
2009-12-21 00:00:00-05:00,487.5,511.25,481.25,511.25,196,0.0,0.0
2009-12-22 00:00:00-05:00,487.5,511.25,487.5,500.0,41,0.0,0.0
2009-12-23 00:00:00-05:00,491.25,512.5,487.5,500.0,138,0.0,0.0
2009-12-24 00:00:00-05:00,500.0,500.0,487.5,500.0,133,0.0,0.0
2009-12-28 00:00:00-05:00,500.0,512.5,487.5,511.25,226,0.0,0.0
2009-12-29 00:00:00-05:00,512.5,512.5,478.75,512.5,127,0.0,0.0
2009-12-30 00:00:00-05:00,500.0,518.75,481.25,512.5,665,0.0,0.0
2009-12-31 00:00:00-05:00,512.5,537.5,487.5,525.0,550,0.0,0.0
2010-01-04 00:00:00-05:00,517.5,587.5,512.5,562.5,758,0.0,0.0
2010-01-05 00:00:00-05:00,575.0,606.25,568.75,576.25,998,0.0,0.0
2010-01-06 00:00:00-05:00,605.0,605.0,581.25,596.25,385,0.0,0.0
2010-01-07 00:00:00-05:00,597.5,597.5,575.0,587.5,297,0.0,0.0
2010-01-08 00:00:00-05:00,587.5,588.75,568.75,572.5,466,0.0,0.0
2010-01-11 00:00:00-05:00,581.25,587.5,563.75,587.5,408,0.0,0.0
2010-01-12 00:00:00-05:00,587.5,587.5,531.25,562.5,453,0.0,0.0
2010-01-13 00:00:00-05:00,565.0,565.0,531.25,548.75,533,0.0,0.0
2010-01-14 00:00:00-05:00,561.25,567.5,537.5,556.25,196,0.0,0.0
2010-01-15 00:00:00-05:00,556.25,585.0,533.75,562.5,465,0.0,0.0
2010-01-19 00:00:00-05:00,575.0,587.5,562.5,587.5,1213,0.0,0.0
2010-01-20 00:00:00-05:00,587.5,587.5,560.0,562.5,265,0.0,0.0
2010-01-21 00:00:00-05:00,550.0,556.25,531.25,531.25,372,0.0,0.0
2010-01-22 00:00:00-05:00,531.25,561.25,512.5,555.0,271,0.0,0.0
2010-01-25 00:00:00-05:00,555.0,555.0,520.0,555.0,445,0.0,0.0
2010-01-26 00:00:00-05:00,542.5,548.75,525.0,548.75,224,0.0,0.0
2010-01-27 00:00:00-05:00,525.0,538.75,518.75,531.25,249,0.0,0.0
2010-01-28 00:00:00-05:00,520.0,520.0,500.0,500.0,275,0.0,0.0
2010-01-29 00:00:00-05:00,500.0,512.5,460.0,460.0,378,0.0,0.0
2010-02-01 00:00:00-05:00,450.0,525.0,437.5,525.0,771,0.0,0.0
2010-02-02 00:00:00-05:00,512.5,512.5,487.5,493.75,241,0.0,0.0
2010-02-03 00:00:00-05:00,490.0,512.5,470.0,475.0,256,0.0,0.0
2010-02-04 00:00:00-05:00,475.0,475.0,462.5,475.0,223,0.0,0.0
2010-02-05 00:00:00-05:00,457.5,481.25,388.75,456.25,1264,0.0,0.0
2010-02-08 00:00:00-05:00,443.75,450.0,437.5,450.0,121,0.0,0.0
2010-02-09 00:00:00-05:00,445.0,466.25,445.0,466.25,70,0.0,0.0
2010-02-10 00:00:00-05:00,450.0,466.25,425.0,443.75,77,0.0,0.0
2010-02-11 00:00:00-05:00,443.75,456.25,431.25,455.0,121,0.0,0.0
2010-02-12 00:00:00-05:00,450.0,450.0,437.5,437.5,136,0.0,0.0
2010-02-16 00:00:00-05:00,435.0,435.0,425.0,425.0,177,0.0,0.0
2010-02-17 00:00:00-05:00,425.0,462.5,425.0,462.5,191,0.0,0.0
2010-02-18 00:00:00-05:00,456.25,456.25,437.5,437.5,40,0.0,0.0
2010-02-19 00:00:00-05:00,437.5,450.0,437.5,437.5,48,0.0,0.0
2010-02-22 00:00:00-05:00,437.5,473.75,437.5,465.0,383,0.0,0.0
2010-02-23 00:00:00-05:00,443.75,482.5,443.75,450.0,114,0.0,0.0
2010-02-24 00:00:00-05:00,443.75,450.0,443.75,443.75,37,0.0,0.0
2010-02-25 00:00:00-05:00,443.75,450.0,406.25,431.25,566,0.0,0.0
2010-02-26 00:00:00-05:00,425.0,425.0,387.5,400.0,253,0.0,0.0
2010-03-01 00:00:00-05:00,406.25,406.25,378.75,403.75,491,0.0,0.0
2010-03-02 00:00:00-05:00,406.25,406.25,388.75,406.25,281,0.0,0.0
2010-03-03 00:00:00-05:00,400.0,412.5,393.75,412.5,99,0.0,0.0
2010-03-04 00:00:00-05:00,412.5,467.5,412.5,456.25,1419,0.0,0.0
2010-03-05 00:00:00-05:00,443.75,480.0,437.5,475.0,577,0.0,0.0
2010-03-08 00:00:00-05:00,463.75,498.75,463.75,493.75,566,0.0,0.0
2010-03-09 00:00:00-05:00,500.0,525.0,487.5,506.25,375,0.0,0.0
2010-03-10 00:00:00-05:00,500.0,510.0,493.75,500.0,242,0.0,0.0
2010-03-11 00:00:00-05:00,500.0,503.75,493.75,500.0,90,0.0,0.0
2010-03-12 00:00:00-05:00,500.0,500.0,491.25,500.0,123,0.0,0.0
2010-03-15 00:00:00-04:00,500.0,503.75,500.0,500.0,37,0.0,0.0
2010-03-16 00:00:00-04:00,500.0,505.0,493.75,503.75,175,0.0,0.0
2010-03-17 00:00:00-04:00,500.0,506.25,500.0,503.75,374,0.0,0.0
2010-03-18 00:00:00-04:00,500.0,505.0,493.75,505.0,92,0.0,0.0
2010-03-19 00:00:00-04:00,500.0,503.75,431.25,502.5,892,0.0,0.0
2010-03-22 00:00:00-04:00,500.0,500.0,450.0,500.0,395,0.0,0.0
2010-03-23 00:00:00-04:00,487.5,500.0,465.0,500.0,283,0.0,0.0
2010-03-24 00:00:00-04:00,475.0,500.0,462.5,500.0,607,0.0,0.0
2010-03-25 00:00:00-04:00,478.75,500.0,470.0,500.0,889,0.0,0.0
2010-03-26 00:00:00-04:00,500.0,500.0,450.0,487.5,1050,0.0,0.0
2010-03-29 00:00:00-04:00,462.5,471.25,456.25,471.25,132,0.0,0.0
2010-03-30 00:00:00-04:00,487.5,495.0,457.5,495.0,614,0.0,0.0
2010-03-31 00:00:00-04:00,500.0,500.0,487.5,500.0,561,0.0,0.0
2010-04-01 00:00:00-04:00,487.5,498.75,487.5,498.75,997,0.0,0.0
2010-04-05 00:00:00-04:00,481.25,500.0,481.25,500.0,152,0.0,0.0
2010-04-06 00:00:00-04:00,500.0,500.0,488.75,488.75,83,0.0,0.0
2010-04-07 00:00:00-04:00,500.0,500.0,488.75,496.25,334,0.0,0.0
2010-04-08 00:00:00-04:00,500.0,500.0,493.75,493.75,85,0.0,0.0
2010-04-09 00:00:00-04:00,500.0,500.0,488.75,488.75,261,0.0,0.0
2010-04-12 00:00:00-04:00,488.75,496.25,487.5,487.5,213,0.0,0.0
2010-04-13 00:00:00-04:00,487.5,490.0,475.0,475.0,408,0.0,0.0
2010-04-14 00:00:00-04:00,472.5,481.25,468.75,481.25,115,0.0,0.0
2010-04-15 00:00:00-04:00,468.75,486.25,463.75,468.75,248,0.0,0.0
2010-04-16 00:00:00-04:00,467.5,467.5,457.5,462.5,260,0.0,0.0
2010-04-19 00:00:00-04:00,475.0,475.0,458.75,462.5,62,0.0,0.0
2010-04-20 00:00:00-04:00,462.5,478.75,462.5,478.75,214,0.0,0.0
2010-04-21 00:00:00-04:00,478.75,481.25,468.75,475.0,114,0.0,0.0
2010-04-22 00:00:00-04:00,475.0,481.25,475.0,480.0,139,0.0,0.0
2010-04-23 00:00:00-04:00,462.5,486.25,462.5,475.0,81,0.0,0.0
2010-04-26 00:00:00-04:00,481.25,483.75,463.75,468.75,69,0.0,0.0
2010-04-27 00:00:00-04:00,468.75,481.25,468.75,478.75,33,0.0,0.0
2010-04-28 00:00:00-04:00,468.75,478.75,468.75,478.75,6,0.0,0.0
2010-04-29 00:00:00-04:00,463.75,468.75,443.75,447.5,121,0.0,0.0
2010-04-30 00:00:00-04:00,446.25,450.0,425.0,450.0,62,0.0,0.0
2010-05-03 00:00:00-04:00,452.5,472.5,450.0,462.5,158,0.0,0.0
2010-05-04 00:00:00-04:00,462.5,468.75,462.5,462.5,160,0.0,0.0
2010-05-05 00:00:00-04:00,450.0,456.25,406.25,450.0,40,0.0,0.0
2010-05-06 00:00:00-04:00,412.5,412.5,375.0,412.5,217,0.0,0.0
2010-05-07 00:00:00-04:00,375.0,386.25,362.5,375.0,161,0.0,0.0
2010-05-10 00:00:00-04:00,393.75,400.0,387.5,400.0,85,0.0,0.0
2010-05-11 00:00:00-04:00,412.5,425.0,331.25,402.5,175,0.0,0.0
2010-05-12 00:00:00-04:00,400.0,400.0,375.0,375.0,17,0.0,0.0
2010-05-13 00:00:00-04:00,381.25,383.75,381.25,381.25,39,0.0,0.0
2010-05-14 00:00:00-04:00,382.5,400.0,382.5,382.5,66,0.0,0.0
2010-05-17 00:00:00-04:00,387.5,387.5,362.5,365.0,85,0.0,0.0
2010-05-18 00:00:00-04:00,325.0,373.75,305.0,368.75,1075,0.0,0.0
2010-05-19 00:00:00-04:00,368.75,368.75,313.75,365.0,664,0.0,0.0
2010-05-20 00:00:00-04:00,360.0,368.75,351.25,368.75,315,0.0,0.0
2010-05-21 00:00:00-04:00,351.25,375.0,351.25,375.0,61,0.0,0.0
2010-05-24 00:00:00-04:00,375.0,375.0,362.5,362.5,3,0.0,0.0
2010-05-25 00:00:00-04:00,373.75,375.0,362.5,375.0,11,0.0,0.0
2010-05-26 00:00:00-04:00,362.5,365.0,362.5,365.0,26,0.0,0.0
2010-05-27 00:00:00-04:00,365.0,375.0,362.5,368.75,207,0.0,0.0
2010-05-28 00:00:00-04:00,362.5,375.0,362.5,362.5,89,0.0,0.0
2010-06-01 00:00:00-04:00,362.5,362.5,350.0,361.25,15,0.0,0.0
2010-06-02 00:00:00-04:00,351.25,361.25,337.5,361.25,55,0.0,0.0
2010-06-03 00:00:00-04:00,345.0,345.0,331.25,335.0,73,0.0,0.0
2010-06-04 00:00:00-04:00,305.0,335.0,305.0,312.5,69,0.0,0.0
2010-06-07 00:00:00-04:00,307.5,325.0,307.5,325.0,25,0.0,0.0
2010-06-08 00:00:00-04:00,275.0,331.25,275.0,331.25,95,0.0,0.0
2010-06-09 00:00:00-04:00,312.5,337.5,312.5,313.75,23,0.0,0.0
2010-06-10 00:00:00-04:00,312.5,318.75,312.5,313.75,25,0.0,0.0
2010-06-11 00:00:00-04:00,312.5,318.75,312.5,312.5,29,0.0,0.0
2010-06-14 00:00:00-04:00,318.75,360.0,312.5,318.75,55,0.0,0.0
2010-06-15 00:00:00-04:00,331.25,331.25,312.5,312.5,41,0.0,0.0
2010-06-16 00:00:00-04:00,312.5,312.5,312.5,312.5,28,0.0,0.0
2010-06-17 00:00:00-04:00,318.75,325.0,312.5,325.0,28,0.0,0.0
2010-06-18 00:00:00-04:00,325.0,331.25,315.0,331.25,41,0.0,0.0
2010-06-21 00:00:00-04:00,312.5,320.0,312.5,320.0,24,0.0,0.0
2010-06-22 00:00:00-04:00,327.5,327.5,316.25,316.25,3,0.0,0.0
2010-06-23 00:00:00-04:00,335.0,335.0,330.0,332.5,56,0.0,0.0
2010-06-24 00:00:00-04:00,331.25,331.25,331.25,331.25,1,0.0,0.0
2010-06-25 00:00:00-04:00,325.0,325.0,318.75,325.0,6,0.0,0.0
2010-06-28 00:00:00-04:00,325.0,325.0,316.25,325.0,16,0.0,0.0
2010-06-29 00:00:00-04:00,318.75,318.75,312.5,312.5,83,0.0,0.0
2010-06-30 00:00:00-04:00,312.5,318.75,312.5,318.75,16,0.0,0.0
2010-07-01 00:00:00-04:00,312.5,318.75,312.5,318.75,82,0.0,0.0
2010-07-02 00:00:00-04:00,323.75,323.75,312.5,312.5,36,0.0,0.0
2010-07-06 00:00:00-04:00,323.75,323.75,312.5,323.75,127,0.0,0.0
2010-07-07 00:00:00-04:00,312.5,318.75,312.5,318.75,18,0.0,0.0
2010-07-08 00:00:00-04:00,315.0,315.0,315.0,315.0,4,0.0,0.0
2010-07-09 00:00:00-04:00,312.5,325.0,312.5,324.98748779296875,39,0.0,0.0
2010-07-12 00:00:00-04:00,323.75,323.75,323.75,323.75,3,0.0,0.0
2010-07-13 00:00:00-04:00,323.75,325.0,323.75,323.75,37,0.0,0.0
2010-07-14 00:00:00-04:00,312.5,312.5,312.5,312.5,315,0.0,0.0
2010-07-15 00:00:00-04:00,300.0,311.25,300.0,311.23748779296875,6,0.0,0.0
2010-07-16 00:00:00-04:00,293.75,312.5,286.25,312.5,684,0.0,0.0
2010-07-19 00:00:00-04:00,313.75,331.25,312.5,330.0,24,0.0,0.0
2010-07-20 00:00:00-04:00,312.5,312.5,312.5,312.5,74,0.0,0.0
2010-07-21 00:00:00-04:00,312.5,312.5,306.25,312.5,216,0.0,0.0
2010-07-22 00:00:00-04:00,313.75,313.75,250.0,287.5,267,0.0,0.0
2010-07-23 00:00:00-04:00,293.75,298.75,293.75,293.75,29,0.0,0.0
2010-07-26 00:00:00-04:00,287.5,312.5,281.25,312.5,156,0.0,0.0
2010-07-27 00:00:00-04:00,312.5,331.25,312.5,316.25,112,0.0,0.0
2010-07-28 00:00:00-04:00,316.25,343.75,316.25,343.75,8,0.0,0.0
2010-07-29 00:00:00-04:00,343.75,343.75,343.75,343.75,4,0.0,0.0
2010-07-30 00:00:00-04:00,325.0,343.75,325.0,343.75,15,0.0,0.0
2010-08-02 00:00:00-04:00,343.75,362.5,340.0,350.0,131,0.0,0.0
2010-08-03 00:00:00-04:00,356.25,356.25,356.25,356.25,16,0.0,0.0
2010-08-04 00:00:00-04:00,358.75,375.01251220703125,340.0,375.0,159,0.0,0.0
2010-08-05 00:00:00-04:00,373.75,373.75,373.75,373.75,0,0.0,0.0
2010-08-06 00:00:00-04:00,373.75,373.75,373.75,373.75,4,0.0,0.0
2010-08-09 00:00:00-04:00,340.0,375.0,340.0,358.75,55,0.0,0.0
2010-08-10 00:00:00-04:00,350.0,351.25,350.0,350.0,32,0.0,0.0
2010-08-11 00:00:00-04:00,350.0,356.25,350.0,356.25,26,0.0,0.0
2010-08-12 00:00:00-04:00,350.0,350.0,337.5,345.0,19,0.0,0.0
2010-08-13 00:00:00-04:00,337.5,337.5,325.0,337.5,67,0.0,0.0
2010-08-16 00:00:00-04:00,325.0,336.25,300.0,336.25,115,0.0,0.0
2010-08-17 00:00:00-04:00,343.73748779296875,350.0,331.25,331.25,86,0.0,0.0
2010-08-18 00:00:00-04:00,331.25,331.25,331.25,331.25,0,0.0,0.0
2010-08-19 00:00:00-04:00,337.5,343.75,331.25,343.75,33,0.0,0.0
2010-08-20 00:00:00-04:00,343.75,343.75,343.75,343.75,8,0.0,0.0
2010-08-23 00:00:00-04:00,331.25,331.25,331.25,331.25,8,0.0,0.0
2010-08-24 00:00:00-04:00,331.25,331.25,312.5,312.5,16,0.0,0.0
2010-08-25 00:00:00-04:00,312.5,325.0,312.5,325.0,54,0.0,0.0
2010-08-26 00:00:00-04:00,337.5,337.5,337.5,337.5,8,0.0,0.0
2010-08-27 00:00:00-04:00,312.5,318.75,312.5,318.75,76,0.0,0.0
2010-08-30 00:00:00-04:00,301.25,318.75,287.5,318.75,37,0.0,0.0
2010-08-31 00:00:00-04:00,312.5,325.0,312.5,312.5,38,0.0,0.0
2010-09-01 00:00:00-04:00,312.5,323.75,275.0,281.25,72,0.0,0.0
2010-09-02 00:00:00-04:00,281.25,318.75,281.25,312.5,75,0.0,0.0
2010-09-03 00:00:00-04:00,312.5,317.5,281.25,312.5,67,0.0,0.0
2010-09-07 00:00:00-04:00,312.5,336.25,283.75,336.25,121,0.0,0.0
2010-09-08 00:00:00-04:00,325.0,325.0,302.5,302.5,31,0.0,0.0
2010-09-09 00:00:00-04:00,302.5,302.5,302.5,302.5,4,0.0,0.0
2010-09-10 00:00:00-04:00,312.5,325.0,312.5,325.0,32,0.0,0.0
2010-09-13 00:00:00-04:00,326.25,331.25,312.5,331.25,44,0.0,0.0
2010-09-14 00:00:00-04:00,342.5,342.5,293.75,331.25,59,0.0,0.0
2010-09-15 00:00:00-04:00,336.25,336.25,331.25,331.25,21,0.0,0.0
2010-09-16 00:00:00-04:00,331.25,331.25,331.25,331.25,0,0.0,0.4
2010-09-17 00:00:00-04:00,331.25,331.25,331.25,331.25,0,0.0,0.0
2010-09-20 00:00:00-04:00,450.0,450.0,437.5,449.5,14,0.0,0.0
2010-09-21 00:00:00-04:00,441.5,441.5,441.5,441.5,8,0.0,0.0
2010-09-22 00:00:00-04:00,430.0,430.0,430.0,430.0,4,0.0,0.0
2010-09-23 00:00:00-04:00,415.0,415.0,287.5,415.0,18,0.0,0.0
2010-09-24 00:00:00-04:00,394.5,394.5,287.5,370.0,41,0.0,0.0
2010-09-27 00:00:00-04:00,370.0,370.0,287.5,350.0,66,0.0,0.0
2010-09-28 00:00:00-04:00,325.0,332.5,303.0,315.5,207,0.0,0.0
2010-09-29 00:00:00-04:00,320.0,347.5,303.0,342.5,162,0.0,0.0
2010-09-30 00:00:00-04:00,325.0,331.5,312.5,325.0,477,0.0,0.0
2010-10-01 00:00:00-04:00,313.0,314.0,312.5,312.5,202,0.0,0.0
2010-10-04 00:00:00-04:00,312.5,312.5,312.5,312.5,0,0.0,0.0
2010-10-05 00:00:00-04:00,312.5,312.5,293.5,302.5,500,0.0,0.0
2010-10-06 00:00:00-04:00,285.0,297.5,285.0,297.5,34,0.0,0.0
2010-10-07 00:00:00-04:00,290.0,294.9949951171875,285.0,294.9949951171875,67,0.0,0.0
2010-10-08 00:00:00-04:00,295.0,296.0,287.5,295.0,49,0.0,0.0
2010-10-11 00:00:00-04:00,288.5,324.0,288.5,290.5050048828125,285,0.0,0.0
2010-10-12 00:00:00-04:00,290.0,312.25,270.0,270.5,471,0.0,0.0
2010-10-13 00:00:00-04:00,265.0,271.0,252.5,260.25,355,0.0,0.0
2010-10-14 00:00:00-04:00,253.5,259.5,242.5,249.4949951171875,377,0.0,0.0
2010-10-15 00:00:00-04:00,237.5,284.5,237.5,283.0,131,0.0,0.0
2010-10-18 00:00:00-04:00,296.5,299.5,283.0,288.0,126,0.0,0.0
2010-10-19 00:00:00-04:00,287.5,292.5,266.0050048828125,266.0050048828125,156,0.0,0.0
2010-10-20 00:00:00-04:00,266.5,302.5,266.5,301.25,86,0.0,0.0
2010-10-21 00:00:00-04:00,286.0,304.25,273.5,289.5,181,0.0,0.0
2010-10-22 00:00:00-04:00,275.5,281.0,275.5,280.0,138,0.0,0.0
2010-10-25 00:00:00-04:00,280.5,290.04998779296875,280.5,290.0,37,0.0,0.0
2010-10-26 00:00:00-04:00,276.0,281.0,272.5,277.5,236,0.0,0.0
2010-10-27 00:00:00-04:00,272.5,275.0,265.0,272.0,119,0.0,0.0
2010-10-28 00:00:00-04:00,266.5,286.0,262.0,286.0,515,0.0,0.0
2010-10-29 00:00:00-04:00,269.0,274.5,249.5,272.4949951171875,682,0.0,0.0
2010-11-01 00:00:00-04:00,265.5,267.0,250.0,257.0,757,0.0,0.0
2010-11-02 00:00:00-04:00,254.0,274.9949951171875,246.0,250.0,480,0.0,0.0
2010-11-03 00:00:00-04:00,250.0,250.5,243.75,250.0,146,0.0,0.0
2010-11-04 00:00:00-04:00,250.0,253.0050048828125,246.5,246.5,252,0.0,0.0
2010-11-05 00:00:00-04:00,245.0,245.0,237.5,239.5050048828125,122,0.0,0.0
2010-11-08 00:00:00-05:00,242.5,274.5,242.5,274.5,1360,0.0,0.0
2010-11-09 00:00:00-05:00,275.0,290.0,248.0,252.5,2683,0.0,0.0
2010-11-10 00:00:00-05:00,253.0,257.5,249.9949951171875,250.5,947,0.0,0.0
2010-11-11 00:00:00-05:00,250.5,251.5,245.5,250.0,607,0.0,0.0
2010-11-12 00:00:00-05:00,250.0,269.0,248.0,260.0,748,0.0,0.0
2010-11-15 00:00:00-05:00,237.0,250.0,237.0,250.0,181,0.0,0.0
2010-11-16 00:00:00-05:00,248.0,248.0,230.5,242.0,394,0.0,0.0
2010-11-17 00:00:00-05:00,239.5,242.0,234.5,239.0,181,0.0,0.0
2010-11-18 00:00:00-05:00,238.5,238.5,226.0,227.5,190,0.0,0.0
2010-11-19 00:00:00-05:00,225.5,240.0,225.0,225.0,1451,0.0,0.0
2010-11-22 00:00:00-05:00,227.0,227.0,215.5,223.5,495,0.0,0.0
2010-11-23 00:00:00-05:00,216.0,222.52499389648438,209.5050048828125,215.5,432,0.0,0.0
2010-11-24 00:00:00-05:00,211.0,219.0,211.0,217.5,99,0.0,0.0
2010-11-26 00:00:00-05:00,220.0,222.75,220.0,222.5050048828125,52,0.0,0.0
2010-11-29 00:00:00-05:00,222.5,225.0,220.0,220.0,309,0.0,0.0
2010-11-30 00:00:00-05:00,221.0,225.0,220.0,220.0,307,0.0,0.0
2010-12-01 00:00:00-05:00,218.0,223.94500732421875,202.0,223.94500732421875,379,0.0,0.0
2010-12-02 00:00:00-05:00,224.0,227.5,213.5,217.0,239,0.0,0.0
2010-12-03 00:00:00-05:00,216.0,218.0,213.0,213.0,112,0.0,0.0
2010-12-06 00:00:00-05:00,215.0,215.0,209.60000610351562,209.60000610351562,264,0.0,0.0
2010-12-07 00:00:00-05:00,209.0,209.0,202.5050048828125,205.0,265,0.0,0.0
2010-12-08 00:00:00-05:00,205.5,205.52000427246094,201.0,201.5,126,0.0,0.0
2010-12-09 00:00:00-05:00,206.5,206.5,200.8000030517578,200.8000030517578,142,0.0,0.0
2010-12-10 00:00:00-05:00,201.0,205.9499969482422,200.5,201.5,372,0.0,0.0
2010-12-13 00:00:00-05:00,201.5,203.0,200.0,201.5,891,0.0,0.0
2010-12-14 00:00:00-05:00,205.5,210.0,201.625,203.5,166,0.0,0.0
2010-12-15 00:00:00-05:00,203.5,204.75999450683594,201.5,201.5,161,0.0,0.0
2010-12-16 00:00:00-05:00,200.5,201.0,200.0,200.5,278,0.0,0.0
2010-12-17 00:00:00-05:00,200.0,202.5050048828125,200.0,200.5,849,0.0,0.0
2010-12-20 00:00:00-05:00,204.0,219.5050048828125,201.0,210.5,367,0.0,0.0
2010-12-21 00:00:00-05:00,212.5,215.0,206.5,210.0,348,0.0,0.0
2010-12-22 00:00:00-05:00,206.5,207.0050048828125,200.5,205.5,244,0.0,0.0
2010-12-23 00:00:00-05:00,203.0,246.0,201.5,238.0,996,0.0,0.0
2010-12-27 00:00:00-05:00,258.0,258.0,232.0050048828125,244.3249969482422,461,0.0,0.0
2010-12-28 00:00:00-05:00,265.0,265.0,245.0,247.875,147,0.0,0.0
2010-12-29 00:00:00-05:00,250.0,250.0,240.0,242.50999450683594,462,0.0,0.0
2010-12-30 00:00:00-05:00,243.0,245.0,243.0,244.0,93,0.0,0.0
2010-12-31 00:00:00-05:00,244.5,253.5050048828125,244.5,250.52999877929688,275,0.0,0.0
2011-01-03 00:00:00-05:00,250.0,252.5,245.5,252.4949951171875,148,0.0,0.0
2011-01-04 00:00:00-05:00,250.0,250.0,232.0,232.5,778,0.0,0.0
2011-01-05 00:00:00-05:00,234.0,235.0,220.5,220.5,400,0.0,0.0
2011-01-06 00:00:00-05:00,222.0,225.0,220.5,224.25,161,0.0,0.0
2011-01-07 00:00:00-05:00,230.0,234.5,227.5,229.0,247,0.0,0.0
2011-01-10 00:00:00-05:00,233.0,239.4600067138672,232.5,235.9949951171875,124,0.0,0.0
2011-01-11 00:00:00-05:00,240.0,240.0,235.5,239.0,74,0.0,0.0
2011-01-12 00:00:00-05:00,240.0,244.0,240.0,243.27499389648438,179,0.0,0.0
2011-01-13 00:00:00-05:00,240.0,240.0,215.5,230.9949951171875,697,0.0,0.0
2011-01-14 00:00:00-05:00,229.5,232.0,221.10000610351562,228.0,209,0.0,0.0
2011-01-18 00:00:00-05:00,219.5,229.4949951171875,219.5,229.4949951171875,139,0.0,0.0
2011-01-19 00:00:00-05:00,225.5,225.5,222.0050048828125,222.25,38,0.0,0.0
2011-01-20 00:00:00-05:00,237.5,237.5,231.0,234.5,349,0.0,0.0
2011-01-21 00:00:00-05:00,235.5,237.5,235.0,235.0,334,0.0,0.0
2011-01-24 00:00:00-05:00,231.0,235.0,230.0050048828125,230.0050048828125,99,0.0,0.0
2011-01-25 00:00:00-05:00,223.0,223.0,220.5050048828125,221.0,133,0.0,0.0
2011-01-26 00:00:00-05:00,235.0,235.0,229.25,229.25,47,0.0,0.0
2011-01-27 00:00:00-05:00,229.5,234.47500610351562,229.5,233.0,17,0.0,0.0
2011-01-28 00:00:00-05:00,232.0,232.0,221.0,221.0,88,0.0,0.0
2011-01-31 00:00:00-05:00,231.0,232.25,220.0,225.0,98,0.0,0.0
2011-02-01 00:00:00-05:00,231.0,231.75,221.53500366210938,222.5,58,0.0,0.0
2011-02-02 00:00:00-05:00,218.5,222.4949951171875,212.5,220.18499755859375,99,0.0,0.0
2011-02-03 00:00:00-05:00,213.0,218.25,213.0,215.0,74,0.0,0.0
2011-02-04 00:00:00-05:00,220.5,230.0,212.5,212.5,62,0.0,0.0
2011-02-07 00:00:00-05:00,212.5,212.5,205.5,211.5,235,0.0,0.0
2011-02-08 00:00:00-05:00,219.0,219.5,207.5,215.0,120,0.0,0.0
2011-02-09 00:00:00-05:00,212.5,212.5,205.0,205.9949951171875,132,0.0,0.0
2011-02-10 00:00:00-05:00,197.5,209.0,197.5,208.0050048828125,300,0.0,0.0
2011-02-11 00:00:00-05:00,209.0,216.5,204.5500030517578,212.5,68,0.0,0.0
2011-02-14 00:00:00-05:00,205.0,214.4949951171875,201.0,209.0,190,0.0,0.0
2011-02-15 00:00:00-05:00,209.0,209.5,200.5,209.5,74,0.0,0.0
2011-02-16 00:00:00-05:00,205.5,208.0,205.0,205.0050048828125,94,0.0,0.0
2011-02-17 00:00:00-05:00,205.0,205.0,205.0,205.0,20,0.0,0.0
2011-02-18 00:00:00-05:00,204.0,205.0,204.0,205.0,249,0.0,0.0
2011-02-22 00:00:00-05:00,204.0,204.0,202.5,202.5,28,0.0,0.0
2011-02-23 00:00:00-05:00,204.0,204.0,201.5,203.0,105,0.0,0.0
2011-02-24 00:00:00-05:00,201.5,204.0,180.0,204.0,553,0.0,0.0
2011-02-25 00:00:00-05:00,204.0,205.0,202.5,205.0,150,0.0,0.0
2011-02-28 00:00:00-05:00,205.0,210.28500366210938,204.5,210.28500366210938,127,0.0,0.0
2011-03-01 00:00:00-05:00,213.5,213.5,195.0,199.5,316,0.0,0.0
2011-03-02 00:00:00-05:00,201.0,213.5,200.5,207.5,131,0.0,0.0
2011-03-03 00:00:00-05:00,190.0,207.5,189.5050048828125,195.0,553,0.0,0.0
2011-03-04 00:00:00-05:00,191.5,193.0,188.0,193.0,195,0.0,0.0
2011-03-07 00:00:00-05:00,192.0,192.0,191.5,191.5,6,0.0,0.0
2011-03-08 00:00:00-05:00,190.0,191.0,180.0,186.0,216,0.0,0.0
2011-03-09 00:00:00-05:00,181.0,189.85499572753906,181.0,184.0,99,0.0,0.0
2011-03-10 00:00:00-05:00,187.5,188.2550048828125,180.0,183.5,80,0.0,0.0
2011-03-11 00:00:00-05:00,178.5,184.5050048828125,178.5,184.5,32,0.0,0.0
2011-03-14 00:00:00-04:00,182.5,199.9949951171875,182.5,186.9199981689453,170,0.0,0.0
2011-03-15 00:00:00-04:00,182.5,182.5050048828125,178.5,182.5,101,0.0,0.0
2011-03-16 00:00:00-04:00,180.0,180.0,142.5,165.0,241,0.0,0.0
2011-03-17 00:00:00-04:00,165.0,169.0,157.5,157.5,141,0.0,0.0
2011-03-18 00:00:00-04:00,156.0,160.0,156.0,156.0,46,0.0,0.0
2011-03-21 00:00:00-04:00,154.5,160.0,150.5,154.5,47,0.0,0.0
2011-03-22 00:00:00-04:00,155.0,155.0,142.5050048828125,153.46499633789062,97,0.0,0.0
2011-03-23 00:00:00-04:00,162.5,179.5,162.0,179.0,435,0.0,0.0
2011-03-24 00:00:00-04:00,187.0,187.0,168.5,175.97999572753906,275,0.0,0.0
2011-03-25 00:00:00-04:00,173.0,173.0,153.5,163.5,579,0.0,0.0
2011-03-28 00:00:00-04:00,160.0,174.0,160.0,162.5,200,0.0,0.0
2011-03-29 00:00:00-04:00,166.5,170.7550048828125,162.5,170.0,78,0.0,0.0
2011-03-30 00:00:00-04:00,172.6750030517578,172.6750030517578,172.6750030517578,172.6750030517578,2,0.0,0.0
2011-03-31 00:00:00-04:00,172.5,172.5,163.0050048828125,163.0050048828125,37,0.0,0.0
2011-04-01 00:00:00-04:00,170.0,172.375,160.0,165.4949951171875,52,0.0,0.0
2011-04-04 00:00:00-04:00,172.5,175.5,160.5,169.0,387,0.0,0.0
2011-04-05 00:00:00-04:00,163.5,172.5,163.0,163.0,59,0.0,0.0
2011-04-06 00:00:00-04:00,163.0,163.0,154.0,158.57000732421875,168,0.0,0.0
2011-04-07 00:00:00-04:00,160.0,161.0050048828125,160.0,161.0050048828125,42,0.0,0.0
2011-04-08 00:00:00-04:00,172.5,172.5,163.0,163.0,105,0.0,0.0
2011-04-11 00:00:00-04:00,164.5,165.0,160.0,161.0,80,0.0,0.0
2011-04-12 00:00:00-04:00,160.0,160.5,158.5,158.5,83,0.0,0.0
2011-04-13 00:00:00-04:00,150.0,155.0,143.5050048828125,154.4949951171875,68,0.0,0.0
2011-04-14 00:00:00-04:00,142.0,174.8000030517578,142.0,152.5050048828125,121,0.0,0.0
2011-04-15 00:00:00-04:00,147.5,171.9949951171875,147.0500030517578,162.5,94,0.0,0.0
2011-04-18 00:00:00-04:00,162.5,162.5050048828125,162.5,162.5050048828125,6,0.0,0.0
2011-04-19 00:00:00-04:00,153.0,161.9949951171875,153.0,161.9949951171875,122,0.0,0.0
2011-04-20 00:00:00-04:00,157.5,161.75,155.0,157.5,11,0.0,0.0
2011-04-21 00:00:00-04:00,157.5,157.5,156.0050048828125,156.0050048828125,6,0.0,0.0
2011-04-25 00:00:00-04:00,157.5,160.5,155.0,157.0,85,0.0,0.0
2011-04-26 00:00:00-04:00,156.5,158.5,153.55999755859375,158.5,45,0.0,0.0
2011-04-27 00:00:00-04:00,157.5,157.5,152.5050048828125,152.5050048828125,32,0.0,0.0
2011-04-28 00:00:00-04:00,152.5449981689453,152.5449981689453,152.5449981689453,152.5449981689453,4,0.0,0.0
2011-04-29 00:00:00-04:00,152.0,152.0,141.0,147.5,77,0.0,0.0
2011-05-02 00:00:00-04:00,146.5,152.0,139.0,150.0,212,0.0,0.0
2011-05-03 00:00:00-04:00,150.0,157.0,138.5050048828125,157.0,166,0.0,0.0
2011-05-04 00:00:00-04:00,153.0,157.0,153.0,157.0,16,0.0,0.0
2011-05-05 00:00:00-04:00,150.0,150.0,137.5,147.0,177,0.0,0.0
2011-05-06 00:00:00-04:00,143.0,144.0,136.9550018310547,137.0,106,0.0,0.0
2011-05-09 00:00:00-04:00,137.5,145.0,137.5,145.0,41,0.0,0.0
2011-05-10 00:00:00-04:00,146.5,152.0,146.5,152.0,38,0.0,0.0
2011-05-11 00:00:00-04:00,152.0,152.5,138.125,139.5,62,0.0,0.0
2011-05-12 00:00:00-04:00,143.0,143.0,131.0,142.4550018310547,116,0.0,0.0
2011-05-13 00:00:00-04:00,142.5,142.5,133.0,133.5,58,0.0,0.0
2011-05-16 00:00:00-04:00,134.0,134.0,125.0,125.0,182,0.0,0.0
2011-05-17 00:00:00-04:00,119.5,125.0,118.00499725341797,120.5,101,0.0,0.0
2011-05-18 00:00:00-04:00,119.5,132.5,119.5,120.5,108,0.0,0.0
2011-05-19 00:00:00-04:00,115.5,133.0,114.0,132.5,486,0.0,0.0
2011-05-20 00:00:00-04:00,125.5,132.5,119.5,131.5,185,0.0,0.0
2011-05-23 00:00:00-04:00,130.5,132.5,129.5,129.5,205,0.0,0.0
2011-05-24 00:00:00-04:00,129.4949951171875,129.4949951171875,129.4949951171875,129.4949951171875,10,0.0,0.0
2011-05-25 00:00:00-04:00,129.5,129.5,118.0,118.0,40,0.0,0.0
2011-05-26 00:00:00-04:00,119.5,124.5,119.5,124.5,12,0.0,0.0
2011-05-27 00:00:00-04:00,124.5,124.5,116.80000305175781,116.80000305175781,36,0.0,0.0
2011-05-31 00:00:00-04:00,123.0,123.0,117.0,118.4000015258789,100,0.0,0.0
2011-06-01 00:00:00-04:00,123.0,123.0,120.00499725341797,120.00499725341797,14,0.0,0.0
2011-06-02 00:00:00-04:00,121.5,121.5,120.5,120.5,88,0.0,0.0
2011-06-03 00:00:00-04:00,117.5,117.5,114.875,117.49500274658203,163,0.0,0.0
2011-06-06 00:00:00-04:00,117.0,117.0,114.5,114.5,20,0.0,0.0
2011-06-07 00:00:00-04:00,113.5,113.5,113.5,113.5,40,0.0,0.0
2011-06-08 00:00:00-04:00,112.0,112.0,92.5,99.99500274658203,198,0.0,0.0
2011-06-09 00:00:00-04:00,97.0,98.5,95.33000183105469,95.33000183105469,163,0.0,0.0
2011-06-10 00:00:00-04:00,93.5,104.99500274658203,91.0,102.1500015258789,35,0.0,0.0
2011-06-13 00:00:00-04:00,101.0,105.0,98.99500274658203,100.0,122,0.0,0.0
2011-06-14 00:00:00-04:00,90.0,150.0,90.0,119.5,2288,0.0,0.0
2011-06-15 00:00:00-04:00,138.0,240.9550018310547,127.50499725341797,145.0,21352,0.0,0.0
2011-06-16 00:00:00-04:00,141.5,160.0,130.0,135.0,3257,0.0,0.0
2011-06-17 00:00:00-04:00,133.5,135.3000030517578,100.50499725341797,106.99500274658203,2579,0.0,0.0
2011-06-20 00:00:00-04:00,111.0,117.95500183105469,88.0,95.0,2856,0.0,0.0
2011-06-21 00:00:00-04:00,88.0,96.5,83.0,85.5,1354,0.0,0.0
2011-06-22 00:00:00-04:00,89.0,100.0,87.54499816894531,93.5,803,0.0,0.0
2011-06-23 00:00:00-04:00,88.5,100.0,78.5,91.0,1393,0.0,0.0
2011-06-24 00:00:00-04:00,91.0,97.0,83.5,93.12999725341797,248,0.0,0.0
2011-06-27 00:00:00-04:00,88.5,93.5,86.0,90.05000305175781,220,0.0,0.0
2011-06-28 00:00:00-04:00,85.0,93.49500274658203,74.50499725341797,83.0,769,0.0,0.0
2011-06-29 00:00:00-04:00,80.0,89.0,76.50499725341797,85.49500274658203,1089,0.0,0.0
2011-06-30 00:00:00-04:00,85.5,87.5,80.0,82.77999877929688,799,0.0,0.0
2011-07-01 00:00:00-04:00,82.5,87.49500274658203,82.5,86.0,282,0.0,0.0
2011-07-05 00:00:00-04:00,85.0,87.45999908447266,82.5,84.95999908447266,190,0.0,0.0
2011-07-06 00:00:00-04:00,87.0,95.0,83.0,94.5,1287,0.0,0.0
2011-07-07 00:00:00-04:00,92.5,112.0,92.5,109.5,3118,0.0,0.0
2011-07-08 00:00:00-04:00,107.5,107.5,92.5,95.5,1528,0.0,0.0
2011-07-11 00:00:00-04:00,95.5,106.5,93.5,93.5,524,0.0,0.0
2011-07-12 00:00:00-04:00,94.5,102.94999694824219,94.5,100.99500274658203,53,0.0,0.0
2011-07-13 00:00:00-04:00,97.5,108.0,96.50499725341797,103.49500274658203,1264,0.0,0.0
2011-07-14 00:00:00-04:00,103.5,108.5,100.0,100.0,1230,0.0,0.0
2011-07-15 00:00:00-04:00,99.0,106.5,99.0,101.0,326,0.0,0.0
2011-07-18 00:00:00-04:00,102.5,105.0,99.5,100.0,760,0.0,0.0
2011-07-19 00:00:00-04:00,95.0,103.5,86.0,95.0,942,0.0,0.0
2011-07-20 00:00:00-04:00,100.0,103.5,97.5,100.0,283,0.0,0.0
2011-07-21 00:00:00-04:00,100.0,105.0,98.0,105.0,654,0.0,0.0
2011-07-22 00:00:00-04:00,105.0,115.0,105.0,109.5,320,0.0,0.0
2011-07-25 00:00:00-04:00,111.0,133.5,109.96499633789062,114.0,1390,0.0,0.0
2011-07-26 00:00:00-04:00,115.0,123.0,112.5,115.0,179,0.0,0.0
2011-07-27 00:00:00-04:00,119.0,119.0,110.0,110.5,332,0.0,0.0
2011-07-28 00:00:00-04:00,111.0,111.87999725341797,105.5,105.5,449,0.0,0.0
2011-07-29 00:00:00-04:00,106.5,109.5999984741211,105.0,106.5,132,0.0,0.0
2011-08-01 00:00:00-04:00,114.5,121.0,107.5,119.0,89,0.0,0.0
2011-08-02 00:00:00-04:00,107.5,116.19999694824219,107.0,112.5,46,0.0,0.0
2011-08-03 00:00:00-04:00,104.5,105.0,100.0,105.0,188,0.0,0.0
2011-08-04 00:00:00-04:00,102.5,102.50499725341797,100.0,101.0,361,0.0,0.0
2011-08-05 00:00:00-04:00,101.0,104.0,100.0,100.0,166,0.0,0.0
2011-08-08 00:00:00-04:00,100.0,100.00499725341797,80.0,83.49500274658203,797,0.0,0.0
2011-08-09 00:00:00-04:00,81.5,86.99500274658203,71.0,82.5,267,0.0,0.0
2011-08-10 00:00:00-04:00,82.5,87.99500274658203,82.45999908447266,87.5,63,0.0,0.0
2011-08-11 00:00:00-04:00,86.0,86.0,82.5,82.5,128,0.0,0.0
2011-08-12 00:00:00-04:00,71.0,73.5,56.5,58.5,2300,0.0,0.0
2011-08-15 00:00:00-04:00,60.0,67.49500274658203,60.0,64.0,773,0.0,0.0
2011-08-16 00:00:00-04:00,64.0,64.5,59.9900016784668,63.005001068115234,347,0.0,0.0
2011-08-17 00:00:00-04:00,63.5,65.0,60.0,61.494998931884766,610,0.0,0.0
2011-08-18 00:00:00-04:00,58.0,61.5,52.5,59.5,977,0.0,0.0
2011-08-19 00:00:00-04:00,56.0,57.5,43.54999923706055,50.5,990,0.0,0.0
2011-08-22 00:00:00-04:00,52.5,55.0,49.875,50.5,902,0.0,0.0
2011-08-23 00:00:00-04:00,51.0,54.0,51.0,54.0,188,0.0,0.0
2011-08-24 00:00:00-04:00,52.5,52.5,50.5,52.38999938964844,153,0.0,0.0
2011-08-25 00:00:00-04:00,52.0,53.0,52.0,52.025001525878906,57,0.0,0.0
2011-08-26 00:00:00-04:00,52.0,52.0,47.34000015258789,50.5,127,0.0,0.0
2011-08-29 00:00:00-04:00,54.0,54.0,50.904998779296875,51.959999084472656,432,0.0,0.0
2011-08-30 00:00:00-04:00,55.0,58.0,53.0,55.5,701,0.0,0.0
2011-08-31 00:00:00-04:00,59.0,64.0,55.0,60.0,1794,0.0,0.0
2011-09-01 00:00:00-04:00,62.5,62.5,60.0,60.0,514,0.0,0.0
2011-09-02 00:00:00-04:00,59.0,60.5,59.0,59.0,493,0.0,0.0
2011-09-06 00:00:00-04:00,58.5,60.5,58.5,60.13999938964844,281,0.0,0.0
2011-09-07 00:00:00-04:00,59.5,64.5,54.0,56.5,1004,0.0,0.0
2011-09-08 00:00:00-04:00,59.5,59.5,57.5,58.81999969482422,538,0.0,0.0
2011-09-09 00:00:00-04:00,58.5,58.5,52.5,53.5,398,0.0,0.0
2011-09-12 00:00:00-04:00,56.0,56.0,52.5,52.5,247,0.0,0.0
2011-09-13 00:00:00-04:00,55.0,57.5,54.779998779296875,57.0,74,0.0,0.0
2011-09-14 00:00:00-04:00,57.0,57.0,53.005001068115234,53.005001068115234,26,0.0,0.0
2011-09-15 00:00:00-04:00,57.0,57.0,52.5,53.040000915527344,94,0.0,0.0
2011-09-16 00:00:00-04:00,53.0,56.5,50.0,56.5,272,0.0,0.0
2011-09-19 00:00:00-04:00,57.0,57.0,49.5,52.994998931884766,555,0.0,0.0
2011-09-20 00:00:00-04:00,53.0,55.22999954223633,53.0,53.0,176,0.0,0.0
2011-09-21 00:00:00-04:00,53.0,53.005001068115234,53.0,53.005001068115234,16,0.0,0.0
2011-09-22 00:00:00-04:00,54.0,54.0,50.5,50.505001068115234,251,0.0,0.0
2011-09-23 00:00:00-04:00,50.0,52.650001525878906,48.005001068115234,48.005001068115234,265,0.0,0.0
2011-09-26 00:00:00-04:00,50.0,50.0,40.61000061035156,41.5,573,0.0,0.0
2011-09-27 00:00:00-04:00,42.0,42.0,38.0,39.0,456,0.0,0.0
2011-09-28 00:00:00-04:00,40.0,41.0,40.0,41.0,130,0.0,0.0
2011-09-29 00:00:00-04:00,39.0,39.0,38.04999923706055,38.125,48,0.0,0.0
2011-09-30 00:00:00-04:00,38.0,39.0,38.0,38.04999923706055,84,0.0,0.0
2011-10-03 00:00:00-04:00,38.0,38.0,38.0,38.0,8,0.0,0.0
2011-10-04 00:00:00-04:00,38.0,38.0,24.149999618530273,35.0,176,0.0,0.0
2011-10-05 00:00:00-04:00,35.0,36.0,34.5,34.5,235,0.0,0.0
2011-10-06 00:00:00-04:00,34.5,34.5,34.5,34.5,0,0.0,0.0
2011-10-07 00:00:00-04:00,35.5,36.32500076293945,32.5,36.0,44,0.0,0.0
2011-10-10 00:00:00-04:00,36.0,36.5,33.540000915527344,33.540000915527344,114,0.0,0.0
2011-10-11 00:00:00-04:00,34.04999923706055,34.04999923706055,32.04999923706055,32.04999923706055,69,0.0,0.0
2011-10-12 00:00:00-04:00,32.45000076293945,33.900001525878906,31.600000381469727,31.600000381469727,175,0.0,0.0
2011-10-13 00:00:00-04:00,31.549999237060547,32.5,31.549999237060547,32.5,91,0.0,0.0
2011-10-14 00:00:00-04:00,32.5,35.5,32.4900016784668,35.5,391,0.0,0.0
2011-10-17 00:00:00-04:00,38.5,38.5,35.5,38.5,128,0.0,0.0
2011-10-18 00:00:00-04:00,38.5,47.95000076293945,38.5,45.0,787,0.0,0.0
2011-10-19 00:00:00-04:00,47.5,51.5,46.0,46.0,469,0.0,0.0
2011-10-20 00:00:00-04:00,45.0,45.599998474121094,42.5,42.5,173,0.0,0.0
2011-10-21 00:00:00-04:00,41.025001525878906,41.025001525878906,38.0,39.0,103,0.0,0.0
2011-10-24 00:00:00-04:00,38.5,39.994998931884766,35.1349983215332,39.994998931884766,54,0.0,0.0
2011-10-25 00:00:00-04:00,40.0,40.0,40.0,40.0,28,0.0,0.0
2011-10-26 00:00:00-04:00,44.994998931884766,46.5,36.505001068115234,41.5,203,0.0,0.0
2011-10-27 00:00:00-04:00,44.5,44.5,41.45000076293945,41.46500015258789,162,0.0,0.0
2011-10-28 00:00:00-04:00,41.46500015258789,41.46500015258789,41.46500015258789,41.46500015258789,0,0.0,0.0
2011-10-31 00:00:00-04:00,40.5,40.5,40.5,40.5,35,0.0,0.0
2011-11-01 00:00:00-04:00,41.5,41.5,35.5,39.5,76,0.0,0.0
2011-11-02 00:00:00-04:00,41.5,44.5,41.5,44.5,74,0.0,0.0
2011-11-03 00:00:00-04:00,40.0,44.5,39.5,44.5,123,0.0,0.0
2011-11-04 00:00:00-04:00,44.0,44.0,44.0,44.0,2,0.0,0.0
2011-11-07 00:00:00-05:00,43.5,43.5,43.5,43.5,7,0.0,0.0
2011-11-08 00:00:00-05:00,42.5,43.0,42.5,43.0,16,0.0,0.0
2011-11-09 00:00:00-05:00,43.0,43.0,43.0,43.0,0,0.0,0.0
2011-11-10 00:00:00-05:00,40.5,40.505001068115234,31.0,35.0,654,0.0,0.0
2011-11-11 00:00:00-05:00,29.5,37.69499969482422,28.149999618530273,34.31999969482422,625,0.0,0.0
2011-11-14 00:00:00-05:00,32.0,32.0,32.0,32.0,3,0.0,0.0
2011-11-15 00:00:00-05:00,33.5,34.5,32.540000915527344,32.540000915527344,23,0.0,0.0
2011-11-16 00:00:00-05:00,32.0,39.5,32.0,36.5,279,0.0,0.0
2011-11-17 00:00:00-05:00,39.5,39.849998474121094,37.5,37.5,50,0.0,0.0
2011-11-18 00:00:00-05:00,36.0,39.6349983215332,36.0,36.0,45,0.0,0.0
2011-11-21 00:00:00-05:00,33.0,42.96500015258789,32.69499969482422,42.55500030517578,119,0.0,0.0
2011-11-22 00:00:00-05:00,42.55500030517578,42.55500030517578,42.55500030517578,42.55500030517578,0,0.0,0.0
2011-11-23 00:00:00-05:00,42.55500030517578,42.55500030517578,42.55500030517578,42.55500030517578,0,0.0,0.0
2011-11-25 00:00:00-05:00,42.55500030517578,42.55500030517578,42.55500030517578,42.55500030517578,0,0.0,0.0
2011-11-28 00:00:00-05:00,42.55500030517578,42.55500030517578,42.55500030517578,42.55500030517578,0,0.0,0.0
2011-11-29 00:00:00-05:00,34.0,40.45000076293945,32.7599983215332,37.30500030517578,45,0.0,0.0
2011-11-30 00:00:00-05:00,34.5,37.3650016784668,34.5,37.22999954223633,24,0.0,0.0
2011-12-01 00:00:00-05:00,32.14500045776367,32.5,25.5,31.75,382,0.0,0.0
2011-12-02 00:00:00-05:00,31.0,31.05500030517578,27.0,30.0,112,0.0,0.0
2011-12-05 00:00:00-05:00,26.549999237060547,31.96500015258789,26.5,29.5,314,0.0,0.0
2011-12-06 00:00:00-05:00,27.5,30.9950008392334,27.5,30.5,94,0.0,0.0
2011-12-07 00:00:00-05:00,27.549999237060547,29.760000228881836,25.5,29.760000228881836,61,0.0,0.0
2011-12-08 00:00:00-05:00,26.0,26.0,26.0,26.0,2,0.0,0.0
2011-12-09 00:00:00-05:00,25.96500015258789,28.5,25.5,28.5,10,0.0,0.0
2011-12-12 00:00:00-05:00,25.559999465942383,27.5,25.5,27.5,380,0.0,0.0
2011-12-13 00:00:00-05:00,27.0,27.0,27.0,27.0,4,0.0,0.0
2011-12-14 00:00:00-05:00,26.0,26.0,23.0,23.0,86,0.0,0.0
2011-12-15 00:00:00-05:00,24.75,27.489999771118164,24.75,27.489999771118164,10,0.0,0.0
2011-12-16 00:00:00-05:00,26.989999771118164,26.989999771118164,26.989999771118164,26.989999771118164,10,0.0,0.0
2011-12-19 00:00:00-05:00,25.424999237060547,25.424999237060547,25.424999237060547,25.424999237060547,0,0.0,0.0
2011-12-20 00:00:00-05:00,23.5,25.0,23.5,24.5,52,0.0,0.0
2011-12-21 00:00:00-05:00,25.0,29.950000762939453,25.0,29.0,124,0.0,0.0
2011-12-22 00:00:00-05:00,29.0,30.0,29.0,30.0,54,0.0,0.0
2011-12-23 00:00:00-05:00,27.5,30.0,27.5,28.649999618530273,42,0.0,0.0
2011-12-27 00:00:00-05:00,27.5,36.75,27.5,30.5,98,0.0,0.0
2011-12-28 00:00:00-05:00,30.0,34.0,30.0,34.0,34,0.0,0.0
2011-12-29 00:00:00-05:00,30.0,32.5,30.0,32.5,61,0.0,0.0
2011-12-30 00:00:00-05:00,33.0,33.29999923706055,32.5,33.29999923706055,187,0.0,0.0
2012-01-03 00:00:00-05:00,32.75,34.880001068115234,27.5,34.880001068115234,106,0.0,0.0
2012-01-04 00:00:00-05:00,29.5,33.5,29.5,33.5,21,0.0,0.0
2012-01-05 00:00:00-05:00,31.149999618530273,31.149999618530273,31.149999618530273,31.149999618530273,4,0.0,0.0
2012-01-06 00:00:00-05:00,31.149999618530273,31.149999618530273,31.149999618530273,31.149999618530273,0,0.0,0.0
2012-01-09 00:00:00-05:00,30.3700008392334,31.5,25.0,28.5,67,0.0,0.0
2012-01-10 00:00:00-05:00,28.5,28.5,28.5,28.5,8,0.0,0.0
2012-01-11 00:00:00-05:00,28.5,29.0,23.0,24.200000762939453,360,0.0,0.0
2012-01-12 00:00:00-05:00,27.0,27.0,27.0,27.0,4,0.0,0.0
2012-01-13 00:00:00-05:00,23.5,27.0,23.0,26.5,23,0.0,0.0
2012-01-17 00:00:00-05:00,23.549999237060547,25.760000228881836,23.010000228881836,25.0,102,0.0,0.0
2012-01-18 00:00:00-05:00,25.0,25.325000762939453,25.0,25.0,19,0.0,0.0
2012-01-19 00:00:00-05:00,25.0,25.7549991607666,23.55500030517578,24.5,76,0.0,0.0
2012-01-20 00:00:00-05:00,26.5,30.5,26.5,29.5,509,0.0,0.0
2012-01-23 00:00:00-05:00,29.5,30.700000762939453,29.5,29.5,170,0.0,0.0
2012-01-24 00:00:00-05:00,29.9950008392334,30.0,29.950000762939453,29.950000762939453,18,0.0,0.0
2012-01-25 00:00:00-05:00,30.0,30.0,28.75,29.0,84,0.0,0.0
2012-01-26 00:00:00-05:00,29.5,30.0,29.5,30.0,161,0.0,0.0
2012-01-27 00:00:00-05:00,29.0,29.0,28.5,29.0,58,0.0,0.0
2012-01-30 00:00:00-05:00,28.5,28.5,28.5,28.5,2,0.0,0.0
2012-01-31 00:00:00-05:00,28.5,28.5,28.5,28.5,24,0.0,0.0
2012-02-01 00:00:00-05:00,28.5,29.0,28.5,28.5,111,0.0,0.0
2012-02-02 00:00:00-05:00,28.0,29.0,27.5,29.0,74,0.0,0.0
2012-02-03 00:00:00-05:00,29.0,29.0,27.5,27.5,41,0.0,0.0
2012-02-06 00:00:00-05:00,29.0,32.5,28.5,32.040000915527344,311,0.0,0.0
2012-02-07 00:00:00-05:00,32.0,32.46500015258789,27.5,32.46500015258789,57,0.0,0.0
2012-02-08 00:00:00-05:00,34.0,38.5,34.0,36.5,88,0.0,0.0
2012-02-09 00:00:00-05:00,37.0,43.0,35.5,43.0,373,0.0,0.0
2012-02-10 00:00:00-05:00,48.0,48.0,39.0,39.0,174,0.0,0.0
2012-02-13 00:00:00-05:00,40.5,40.5,37.20000076293945,37.20000076293945,68,0.0,0.0
2012-02-14 00:00:00-05:00,37.20000076293945,37.20000076293945,37.20000076293945,37.20000076293945,0,0.0,0.0
2012-02-15 00:00:00-05:00,38.5,41.0,38.5,41.0,22,0.0,0.0
2012-02-16 00:00:00-05:00,47.5,47.5,36.025001525878906,40.0,185,0.0,0.0
2012-02-17 00:00:00-05:00,35.51499938964844,45.474998474121094,35.51499938964844,43.5,69,0.0,0.0
2012-02-21 00:00:00-05:00,44.25,44.25,44.099998474121094,44.099998474121094,6,0.0,0.0
2012-02-22 00:00:00-05:00,41.0,44.994998931884766,36.0,41.0,64,0.0,0.0
2012-02-23 00:00:00-05:00,37.0,45.244998931884766,36.0099983215332,44.474998474121094,63,0.0,0.0
2012-02-24 00:00:00-05:00,42.0,43.0,38.81999969482422,39.5,134,0.0,0.0
2012-02-27 00:00:00-05:00,38.5,39.994998931884766,35.5,39.994998931884766,15,0.0,0.0
2012-02-28 00:00:00-05:00,39.994998931884766,39.994998931884766,39.994998931884766,39.994998931884766,3,0.0,0.0
2012-02-29 00:00:00-05:00,40.0,47.5,38.5,43.5,868,0.0,0.0
2012-03-01 00:00:00-05:00,46.0,52.5,43.5,43.849998474121094,1018,0.0,0.0
2012-03-02 00:00:00-05:00,46.0,46.0,40.0,40.5,275,0.0,0.0
2012-03-05 00:00:00-05:00,42.5,42.5,40.0,40.25,43,0.0,0.0
2012-03-06 00:00:00-05:00,40.0,40.005001068115234,36.349998474121094,40.0,230,0.0,0.0
2012-03-07 00:00:00-05:00,49.5,51.939998626708984,40.0,45.0,47,0.0,0.0
2012-03-08 00:00:00-05:00,42.5,52.0,42.5,45.290000915527344,284,0.0,0.0
2012-03-09 00:00:00-05:00,43.130001068115234,51.5,40.005001068115234,49.0,188,0.0,0.0
2012-03-12 00:00:00-04:00,50.0,50.5,40.04999923706055,45.5,335,0.0,0.0
2012-03-13 00:00:00-04:00,52.0,52.0,41.5,43.665000915527344,153,0.0,0.0
2012-03-14 00:00:00-04:00,41.0,41.0,40.5,41.0,20,0.0,0.0
2012-03-15 00:00:00-04:00,41.0,41.0,41.0,41.0,0,0.0,0.0
2012-03-16 00:00:00-04:00,40.5,40.5,37.849998474121094,39.0,123,0.0,0.0
2012-03-19 00:00:00-04:00,38.5,47.5,38.5,44.88999938964844,151,0.0,0.0
2012-03-20 00:00:00-04:00,43.0,65.99500274658203,43.0,62.5,1097,0.0,0.0
2012-03-21 00:00:00-04:00,62.0,70.5,50.0,59.0,1277,0.0,0.0
2012-03-22 00:00:00-04:00,59.5,59.5,56.994998931884766,56.994998931884766,68,0.0,0.0
2012-03-23 00:00:00-04:00,54.0,56.88999938964844,52.0,54.0,157,0.0,0.0
2012-03-26 00:00:00-04:00,54.0,56.0,47.5,49.494998931884766,299,0.0,0.0
2012-03-27 00:00:00-04:00,46.5,47.400001525878906,44.994998931884766,46.41999816894531,138,0.0,0.0
2012-03-28 00:00:00-04:00,47.5,57.0,46.0,47.5,837,0.0,0.0
2012-03-29 00:00:00-04:00,47.58000183105469,50.0,43.0,43.505001068115234,146,0.0,0.0
2012-03-30 00:00:00-04:00,41.0,47.0,41.0,47.0,80,0.0,0.0
2012-04-02 00:00:00-04:00,41.5,44.0,41.0,42.5,91,0.0,0.0
2012-04-03 00:00:00-04:00,40.5,42.0,40.5,42.0,79,0.0,0.0
2012-04-04 00:00:00-04:00,42.5,87.5,42.5,60.0,6126,0.0,0.0
2012-04-05 00:00:00-04:00,72.5,168.5,70.0,117.5,90210,0.0,0.0
2012-04-09 00:00:00-04:00,107.5,110.0,90.0,96.0,7217,0.0,0.0
2012-04-10 00:00:00-04:00,95.0,104.5,79.0,80.0,3708,0.0,0.0
2012-04-11 00:00:00-04:00,87.5,99.0,82.5,89.5,5652,0.0,0.0
2012-04-12 00:00:00-04:00,100.0,100.0,75.0,83.0,1859,0.0,0.0
2012-04-13 00:00:00-04:00,78.5,80.0,65.0,68.5,1765,0.0,0.0
2012-04-16 00:00:00-04:00,68.0,72.0,65.0,66.5,724,0.0,0.0
2012-04-17 00:00:00-04:00,68.0,98.5,65.5,77.0,4501,0.0,0.0
2012-04-18 00:00:00-04:00,77.5,81.5,73.0,73.5,581,0.0,0.0
2012-04-19 00:00:00-04:00,74.5,87.0,71.5,78.5,810,0.0,0.0
2012-04-20 00:00:00-04:00,73.0,77.5,70.37999725341797,73.0,1061,0.0,0.0
2012-04-23 00:00:00-04:00,72.5,86.5,69.0,74.5,1276,0.0,0.0
2012-04-24 00:00:00-04:00,75.0,79.49500274658203,73.0,74.0,327,0.0,0.0
2012-04-25 00:00:00-04:00,78.0,103.0,75.75,94.0,11699,0.0,0.0
2012-04-26 00:00:00-04:00,110.0,146.0,106.5,113.5,40487,0.0,0.0
2012-04-27 00:00:00-04:00,110.0,117.5,93.0,100.0,4840,0.0,0.0
2012-04-30 00:00:00-04:00,94.0,101.49500274658203,88.0,96.5,1152,0.0,0.0
2012-05-01 00:00:00-04:00,101.5,123.5,95.5,112.5,7202,0.0,0.0
2012-05-02 00:00:00-04:00,116.5,123.0,105.49500274658203,105.5,4351,0.0,0.0
2012-05-03 00:00:00-04:00,108.0,112.5,98.5,112.5,2195,0.0,0.0
2012-05-04 00:00:00-04:00,101.0,104.5,98.5,102.5,1913,0.0,0.0
2012-05-07 00:00:00-04:00,100.5,102.01000213623047,92.5,92.5,967,0.0,0.0
2012-05-08 00:00:00-04:00,90.0,90.0,83.5,86.0,1135,0.0,0.0
2012-05-09 00:00:00-04:00,84.5,85.0,72.0,78.0,2541,0.0,0.0
2012-05-10 00:00:00-04:00,84.5,84.5,75.0250015258789,77.5,635,0.0,0.0
2012-05-11 00:00:00-04:00,78.0,80.0,70.50499725341797,73.94999694824219,1902,0.0,0.0
2012-05-14 00:00:00-04:00,71.5,79.0,69.0,70.0,1610,0.0,0.0
2012-05-15 00:00:00-04:00,73.0,73.0,70.0,70.0,214,0.0,0.0
2012-05-16 00:00:00-04:00,70.5,71.5,62.0,66.0,1024,0.0,0.0
2012-05-17 00:00:00-04:00,64.0,64.00499725341797,57.5,60.0,918,0.0,0.0
2012-05-18 00:00:00-04:00,58.5,66.0,54.0,60.5,364,0.0,0.0
2012-05-21 00:00:00-04:00,62.5,66.0,58.040000915527344,65.5,241,0.0,0.0
2012-05-22 00:00:00-04:00,62.5,70.5,60.0,60.0,719,0.0,0.0
2012-05-23 00:00:00-04:00,65.0,69.49500274658203,62.0,66.49500274658203,657,0.0,0.0
2012-05-24 00:00:00-04:00,67.5,67.5,59.53499984741211,64.0,600,0.0,0.0
2012-05-25 00:00:00-04:00,62.5,68.0,62.0,62.0,235,0.0,0.0
2012-05-29 00:00:00-04:00,66.0,66.0,62.0,62.29999923706055,124,0.0,0.0
2012-05-30 00:00:00-04:00,61.0,62.54999923706055,61.0,62.54999923706055,22,0.0,0.0
2012-05-31 00:00:00-04:00,61.0,62.5,61.0,62.5,89,0.0,0.0
2012-06-01 00:00:00-04:00,61.0,61.005001068115234,59.0,59.0,159,0.0,0.0
2012-06-04 00:00:00-04:00,60.0,60.0,51.5,53.5,1032,0.0,0.0
2012-06-05 00:00:00-04:00,55.0,59.0,51.5,51.5,587,0.0,0.0
2012-06-06 00:00:00-04:00,52.0,54.5,50.5,51.5,96,0.0,0.0
2012-06-07 00:00:00-04:00,54.5,61.0,54.5,57.5,304,0.0,0.0
2012-06-08 00:00:00-04:00,59.5,59.5,56.5,56.505001068115234,113,0.0,0.0
2012-06-11 00:00:00-04:00,53.0,56.5,50.0,50.0,230,0.0,0.0
2012-06-12 00:00:00-04:00,50.0,55.0,49.0,52.5,144,0.0,0.0
2012-06-13 00:00:00-04:00,55.0,60.0,50.0,50.95000076293945,191,0.0,0.0
2012-06-14 00:00:00-04:00,54.5,60.75,50.5,51.5,118,0.0,0.0
2012-06-15 00:00:00-04:00,52.5,57.5,52.5,53.0,140,0.0,0.0
2012-06-18 00:00:00-04:00,56.0,56.0,52.5,55.5,62,0.0,0.0
2012-06-19 00:00:00-04:00,54.0,75.5,52.5,66.49500274658203,5463,0.0,0.0
2012-06-20 00:00:00-04:00,63.5,75.0,53.5,62.0,1140,0.0,0.0
2012-06-21 00:00:00-04:00,59.5,63.5,57.5,58.5,101,0.0,0.0
2012-06-22 00:00:00-04:00,60.0,60.0,52.0,54.5,490,0.0,0.0
2012-06-25 00:00:00-04:00,52.0,57.0,52.0,54.0,231,0.0,0.0
2012-06-26 00:00:00-04:00,55.0,60.0,49.0,53.0,457,0.0,0.0
2012-06-27 00:00:00-04:00,54.994998931884766,55.0,54.994998931884766,55.0,30,0.0,0.0
2012-06-28 00:00:00-04:00,55.0,55.0,50.59000015258789,53.494998931884766,64,0.0,0.0
2012-06-29 00:00:00-04:00,52.5,58.0,52.5,57.5,80,0.0,0.0
2012-07-02 00:00:00-04:00,58.5,62.0,55.04999923706055,59.0,323,0.0,0.0
2012-07-03 00:00:00-04:00,58.0,58.0,54.5,54.5,41,0.0,0.0
2012-07-05 00:00:00-04:00,55.0,59.5,54.994998931884766,59.5,160,0.0,0.0
2012-07-06 00:00:00-04:00,56.0,58.5,55.05500030517578,58.5,105,0.0,0.0
2012-07-09 00:00:00-04:00,53.5,56.494998931884766,53.0,53.0,103,0.0,0.0
2012-07-10 00:00:00-04:00,53.0,54.0,53.0,53.0,16,0.0,0.0
2012-07-11 00:00:00-04:00,55.0,55.0,50.5,51.0,484,0.0,0.0
2012-07-12 00:00:00-04:00,50.0,53.0,50.0,50.0,107,0.0,0.0
2012-07-13 00:00:00-04:00,51.5,51.5,51.5,51.5,28,0.0,0.0
2012-07-16 00:00:00-04:00,50.0,51.5,50.0,51.5,59,0.0,0.0
2012-07-17 00:00:00-04:00,50.0,51.5,50.0,51.5,49,0.0,0.0
2012-07-18 00:00:00-04:00,50.0,50.0,40.61000061035156,47.0,427,0.0,0.0
2012-07-19 00:00:00-04:00,45.0,47.5,42.0,46.75,516,0.0,0.0
2012-07-20 00:00:00-04:00,43.060001373291016,43.060001373291016,42.5,43.0,142,0.0,0.0
2012-07-23 00:00:00-04:00,43.0,45.0,43.0,44.494998931884766,68,0.0,0.0
2012-07-24 00:00:00-04:00,43.0,43.0,40.75,42.0,37,0.0,0.0
2012-07-25 00:00:00-04:00,45.5,45.5,40.0,41.5,176,0.0,0.0
2012-07-26 00:00:00-04:00,42.0,42.724998474121094,41.5,42.724998474121094,45,0.0,0.0
2012-07-27 00:00:00-04:00,40.5,40.5,37.5,39.75,216,0.0,0.0
2012-07-30 00:00:00-04:00,37.564998626708984,39.689998626708984,37.564998626708984,38.5,7,0.0,0.0
2012-07-31 00:00:00-04:00,42.0,42.0,39.0,42.0,18,0.0,0.0
2012-08-01 00:00:00-04:00,38.5,38.5,37.5,38.5,60,0.0,0.0
2012-08-02 00:00:00-04:00,35.349998474121094,37.54999923706055,35.349998474121094,37.5,241,0.0,0.0
2012-08-03 00:00:00-04:00,42.0,42.5,37.5,42.099998474121094,82,0.0,0.0
2012-08-06 00:00:00-04:00,40.5,41.5,39.5,41.5,132,0.0,0.0
2012-08-07 00:00:00-04:00,43.5,43.5,40.0,40.505001068115234,253,0.0,0.0
2012-08-08 00:00:00-04:00,39.0,45.0,36.349998474121094,42.5,51,0.0,0.0
2012-08-09 00:00:00-04:00,40.75,40.75,40.75,40.75,2,0.0,0.0
2012-08-10 00:00:00-04:00,40.5,45.0,37.349998474121094,37.349998474121094,129,0.0,0.0
2012-08-13 00:00:00-04:00,40.5,40.5,33.849998474121094,35.0,217,0.0,0.0
2012-08-14 00:00:00-04:00,42.5,44.5,35.5,40.5,219,0.0,0.0
2012-08-15 00:00:00-04:00,41.0,41.0,36.025001525878906,36.05500030517578,55,0.0,0.0
2012-08-16 00:00:00-04:00,38.0,38.0,38.0,38.0,3,0.0,0.0
2012-08-17 00:00:00-04:00,38.0,38.0,38.0,38.0,44,0.0,0.0
2012-08-20 00:00:00-04:00,40.0,40.0,38.0,38.0,44,0.0,0.0
2012-08-21 00:00:00-04:00,38.5,40.0,38.0,40.0,179,0.0,0.0
2012-08-22 00:00:00-04:00,41.0,41.0,38.0,38.0,130,0.0,0.0
2012-08-23 00:00:00-04:00,37.5,37.5,37.5,37.5,38,0.0,0.0
2012-08-24 00:00:00-04:00,37.5,37.5,37.5,37.5,0,0.0,0.0
2012-08-27 00:00:00-04:00,34.5,50.005001068115234,34.5,42.0,1030,0.0,0.0
2012-08-28 00:00:00-04:00,44.0,44.5,44.0,44.5,6,0.0,0.0
2012-08-29 00:00:00-04:00,43.5,43.5,37.5,37.5,6,0.0,0.0
2012-08-30 00:00:00-04:00,41.5,45.5,41.5,45.5,104,0.0,0.0
2012-08-31 00:00:00-04:00,45.0,45.0,44.5,45.0,274,0.0,0.0
2012-09-04 00:00:00-04:00,45.0,45.0,45.0,45.0,0,0.0,0.0
2012-09-05 00:00:00-04:00,45.0,45.0,45.0,45.0,0,0.0,0.0
2012-09-06 00:00:00-04:00,43.5,43.5,37.5,37.5,185,0.0,0.0
2012-09-07 00:00:00-04:00,38.0,38.0,38.0,38.0,8,0.0,0.0
2012-09-10 00:00:00-04:00,38.5,38.540000915527344,38.5,38.540000915527344,173,0.0,0.0
2012-09-11 00:00:00-04:00,38.5,38.5,37.5,38.459999084472656,132,0.0,0.0
2012-09-12 00:00:00-04:00,37.5,37.900001525878906,37.5,37.5,100,0.0,0.0
2012-09-13 00:00:00-04:00,38.5,38.5,37.5,38.0,30,0.0,0.0
2012-09-14 00:00:00-04:00,38.0,38.39500045776367,37.5,38.0,130,0.0,0.0
2012-09-17 00:00:00-04:00,38.0,38.0,37.5,38.0,80,0.0,0.0
2012-09-18 00:00:00-04:00,38.0,41.0,37.5,41.0,63,0.0,0.0
2012-09-19 00:00:00-04:00,37.5,40.0,37.5,37.5,46,0.0,0.0
2012-09-20 00:00:00-04:00,40.5,49.005001068115234,37.5,42.0,794,0.0,0.0
2012-09-21 00:00:00-04:00,40.0,40.0,40.0,40.0,2,0.0,0.0
2012-09-24 00:00:00-04:00,38.5,41.5,35.5,40.5,230,0.0,0.0
2012-09-25 00:00:00-04:00,37.0,37.0,36.0,36.54999923706055,56,0.0,0.0
2012-09-26 00:00:00-04:00,36.54999923706055,38.994998931884766,31.0,36.5,116,0.0,0.0
2012-09-27 00:00:00-04:00,32.04999923706055,32.04999923706055,32.04999923706055,32.04999923706055,10,0.0,0.0
2012-09-28 00:00:00-04:00,34.5,38.5,32.150001525878906,34.54999923706055,150,0.0,0.0
2012-10-01 00:00:00-04:00,34.494998931884766,41.43000030517578,34.494998931884766,40.5,62,0.0,0.0
2012-10-02 00:00:00-04:00,40.5,40.5,33.584999084472656,34.0,146,0.0,0.0
2012-10-03 00:00:00-04:00,45.0,45.0,30.0,34.5,385,0.0,0.0
2012-10-04 00:00:00-04:00,34.5,34.5,34.5,34.5,0,0.0,0.0
2012-10-05 00:00:00-04:00,34.0,35.5,33.0,34.5,313,0.0,0.0
2012-10-08 00:00:00-04:00,37.0,37.0,37.0,37.0,0,0.0,0.0
2012-10-09 00:00:00-04:00,40.0,40.0,35.459999084472656,38.0,278,0.0,0.0
2012-10-10 00:00:00-04:00,38.5,42.0,36.0,36.0,34,0.0,0.0
2012-10-11 00:00:00-04:00,41.994998931884766,41.994998931884766,41.994998931884766,41.994998931884766,20,0.0,0.0
2012-10-12 00:00:00-04:00,39.0,45.0,38.400001525878906,42.5,170,0.0,0.0
2012-10-15 00:00:00-04:00,42.5,42.5,40.0,40.0,18,0.0,0.0
2012-10-16 00:00:00-04:00,44.54999923706055,44.54999923706055,40.0,44.54999923706055,62,0.0,0.0
2012-10-17 00:00:00-04:00,42.5,44.54499816894531,42.5,42.5,159,0.0,0.0
2012-10-18 00:00:00-04:00,44.5,47.5,43.494998931884766,45.0,1056,0.0,0.0
2012-10-19 00:00:00-04:00,45.0,45.5,39.5,43.5,122,0.0,0.0
2012-10-22 00:00:00-04:00,46.0,46.0,45.994998931884766,45.994998931884766,21,0.0,0.0
2012-10-23 00:00:00-04:00,44.494998931884766,44.494998931884766,40.0,42.22999954223633,8,0.0,0.0
2012-10-24 00:00:00-04:00,42.22999954223633,42.22999954223633,42.22999954223633,42.22999954223633,0,0.0,0.0
2012-10-25 00:00:00-04:00,42.5,44.5,35.599998474121094,35.599998474121094,345,0.0,0.0
2012-10-26 00:00:00-04:00,42.0,42.0,33.5,36.5,137,0.0,0.0
2012-10-31 00:00:00-04:00,34.5,38.0,32.5,36.625,159,0.0,0.0
2012-11-01 00:00:00-04:00,39.099998474121094,39.099998474121094,39.099998474121094,39.099998474121094,20,0.0,0.0
2012-11-02 00:00:00-04:00,39.5,39.5,33.5,35.0,215,0.0,0.0
2012-11-05 00:00:00-05:00,35.0,39.5,35.0,36.0,68,0.0,0.0
2012-11-06 00:00:00-05:00,35.5,36.0,35.494998931884766,35.494998931884766,147,0.0,0.0
2012-11-07 00:00:00-05:00,33.5,41.0,30.0,36.5,339,0.0,0.0
2012-11-08 00:00:00-05:00,39.5,41.0,37.494998931884766,37.5,81,0.0,0.0
2012-11-09 00:00:00-05:00,37.5,37.5,37.5,37.5,0,0.0,0.0
2012-11-12 00:00:00-05:00,33.0,34.5,32.0,34.5,117,0.0,0.0
2012-11-13 00:00:00-05:00,39.0,40.0,26.770000457763672,26.770000457763672,598,0.0,0.0
2012-11-14 00:00:00-05:00,27.5,35.0,27.5,33.0,403,0.0,0.0
2012-11-15 00:00:00-05:00,35.0,47.505001068115234,32.75,47.5,1477,0.0,0.0
2012-11-16 00:00:00-05:00,47.5,89.5,40.5,55.5,18832,0.0,0.0
2012-11-19 00:00:00-05:00,59.0,66.0,51.5,53.5,2257,0.0,0.0
2012-11-20 00:00:00-05:00,54.5,54.5,46.0,51.0,2453,0.0,0.0
2012-11-21 00:00:00-05:00,50.5,55.0,47.5,52.494998931884766,1234,0.0,0.0
2012-11-23 00:00:00-05:00,49.0,50.95000076293945,47.5,50.494998931884766,341,0.0,0.0
2012-11-26 00:00:00-05:00,48.5,68.99500274658203,48.400001525878906,63.494998931884766,3790,0.0,0.0
2012-11-27 00:00:00-05:00,65.0,66.125,53.5,62.494998931884766,787,0.0,0.0
2012-11-28 00:00:00-05:00,55.0,61.994998931884766,54.994998931884766,55.0,543,0.0,0.0
2012-11-29 00:00:00-05:00,55.0,59.0,54.0,59.0,572,0.0,0.0
2012-11-30 00:00:00-05:00,55.5,58.5,54.0,56.0,125,0.0,0.0
2012-12-03 00:00:00-05:00,56.0,74.0,54.974998474121094,59.5,7071,0.0,0.0
2012-12-04 00:00:00-05:00,57.5,67.0,57.5,62.5,393,0.0,0.0
2012-12-05 00:00:00-05:00,62.5,62.5,54.5,55.5,431,0.0,0.0
2012-12-06 00:00:00-05:00,54.0,56.0,52.5,52.5,255,0.0,0.0
2012-12-07 00:00:00-05:00,57.0,57.5,45.20000076293945,50.5,1260,0.0,0.0
2012-12-10 00:00:00-05:00,59.5,59.5,51.5,58.5,585,0.0,0.0
2012-12-11 00:00:00-05:00,59.5,60.5,50.0,50.0,989,0.0,0.0
2012-12-12 00:00:00-05:00,52.5,59.0,51.5,54.994998931884766,659,0.0,0.0
2012-12-13 00:00:00-05:00,55.0,55.0,52.0,52.0,220,0.0,0.0
2012-12-14 00:00:00-05:00,54.5,58.0,53.875,54.5,168,0.0,0.0
2012-12-17 00:00:00-05:00,51.0,57.5,50.0,54.0,148,0.0,0.0
2012-12-18 00:00:00-05:00,50.5,55.0,50.5,53.38999938964844,297,0.0,0.0
2012-12-19 00:00:00-05:00,51.5,52.5,50.0,52.5,770,0.0,0.0
2012-12-20 00:00:00-05:00,52.0,55.0,50.0,53.0,330,0.0,0.0
2012-12-21 00:00:00-05:00,53.0,53.0,51.31999969482422,53.0,156,0.0,0.0
2012-12-24 00:00:00-05:00,50.5,55.0,48.779998779296875,54.5,273,0.0,0.0
2012-12-26 00:00:00-05:00,52.0,54.5,51.005001068115234,54.5,56,0.0,0.0
2012-12-27 00:00:00-05:00,51.5,54.5,47.45000076293945,50.0,614,0.0,0.0
2012-12-28 00:00:00-05:00,47.5,54.5,47.5,50.0,801,0.0,0.0
2012-12-31 00:00:00-05:00,48.5,52.0,48.5,50.85499954223633,270,0.0,0.0
2013-01-02 00:00:00-05:00,51.5,52.994998931884766,49.84000015258789,52.0,204,0.0,0.0
2013-01-03 00:00:00-05:00,50.0,52.0,50.0,52.0,340,0.0,0.0
2013-01-04 00:00:00-05:00,50.0,51.5,47.54999923706055,48.35499954223633,507,0.0,0.0
2013-01-07 00:00:00-05:00,49.5,50.994998931884766,47.650001525878906,48.0,294,0.0,0.0
2013-01-08 00:00:00-05:00,48.5,49.494998931884766,47.0,49.494998931884766,194,0.0,0.0
2013-01-09 00:00:00-05:00,49.5,52.0,49.5,50.0,270,0.0,0.0
2013-01-10 00:00:00-05:00,49.0,51.5,46.5,50.5,502,0.0,0.0
2013-01-11 00:00:00-05:00,49.0,50.5,48.0099983215332,50.0,57,0.0,0.0
2013-01-14 00:00:00-05:00,47.505001068115234,50.0,45.005001068115234,49.5,134,0.0,0.0
2013-01-15 00:00:00-05:00,50.0,50.0,43.0,48.5,219,0.0,0.0
2013-01-16 00:00:00-05:00,47.0,49.494998931884766,45.005001068115234,45.5,149,0.0,0.0
2013-01-17 00:00:00-05:00,49.415000915527344,49.5,46.0,48.494998931884766,261,0.0,0.0
2013-01-18 00:00:00-05:00,50.0,50.0,46.0,47.75,231,0.0,0.0
2013-01-22 00:00:00-05:00,48.5,49.5,46.0099983215332,48.994998931884766,262,0.0,0.0
2013-01-23 00:00:00-05:00,47.5,48.494998931884766,47.0,47.5,190,0.0,0.0
2013-01-24 00:00:00-05:00,49.0,55.93000030517578,43.0,45.70000076293945,4499,0.0,0.0
2013-01-25 00:00:00-05:00,44.5,47.39500045776367,44.5,46.994998931884766,260,0.0,0.0
2013-01-28 00:00:00-05:00,46.900001525878906,46.900001525878906,43.0,45.5,281,0.0,0.0
2013-01-29 00:00:00-05:00,45.0,46.5,44.5,45.0,172,0.0,0.0
2013-01-30 00:00:00-05:00,43.5,45.0,43.0,44.5,312,0.0,0.0
2013-01-31 00:00:00-05:00,46.849998474121094,46.849998474121094,43.0,46.69499969482422,28,0.0,0.0
2013-02-01 00:00:00-05:00,44.5,46.494998931884766,42.994998931884766,46.494998931884766,244,0.0,0.0
2013-02-04 00:00:00-05:00,43.5,46.400001525878906,42.0099983215332,45.5,137,0.0,0.0
2013-02-05 00:00:00-05:00,43.005001068115234,46.0,43.005001068115234,44.5,43,0.0,0.0
2013-02-06 00:00:00-05:00,45.0,45.5,42.60499954223633,44.974998474121094,53,0.0,0.0
2013-02-07 00:00:00-05:00,45.5,45.5,42.5,45.5,48,0.0,0.0
2013-02-08 00:00:00-05:00,43.5,45.0,43.0,44.5,114,0.0,0.0
2013-02-11 00:00:00-05:00,42.75,44.5,42.75,44.5,118,0.0,0.0
2013-02-12 00:00:00-05:00,42.75,44.5,42.5,44.244998931884766,232,0.0,0.0
2013-02-13 00:00:00-05:00,44.0,50.5,44.0,50.0,1896,0.0,0.0
2013-02-14 00:00:00-05:00,50.0,50.005001068115234,45.005001068115234,48.0,570,0.0,0.0
2013-02-15 00:00:00-05:00,50.0,50.0,46.5,46.994998931884766,99,0.0,0.0
2013-02-19 00:00:00-05:00,48.0,50.0,48.0,49.494998931884766,244,0.0,0.0
2013-02-20 00:00:00-05:00,50.0,50.0,46.5,48.494998931884766,385,0.0,0.0
2013-02-21 00:00:00-05:00,46.474998474121094,48.474998474121094,45.0,47.0,75,0.0,0.0
2013-02-22 00:00:00-05:00,45.5,49.0,45.5,47.994998931884766,204,0.0,0.0
2013-02-25 00:00:00-05:00,45.564998626708984,48.75,45.5,47.494998931884766,114,0.0,0.0
2013-02-26 00:00:00-05:00,46.0,48.400001525878906,45.5,47.92499923706055,112,0.0,0.0
2013-02-27 00:00:00-05:00,47.400001525878906,47.5,47.400001525878906,47.5,32,0.0,0.0
2013-02-28 00:00:00-05:00,46.5,46.5,45.5,46.0,236,0.0,0.0
2013-03-01 00:00:00-05:00,45.0,45.5,45.0,45.0,247,0.0,0.0
2013-03-04 00:00:00-05:00,44.0,45.0,43.5,45.0,236,0.0,0.0
2013-03-05 00:00:00-05:00,45.0,45.0,43.0,45.0,72,0.0,0.0
2013-03-06 00:00:00-05:00,45.0,45.0,45.0,45.0,0,0.0,0.0
2013-03-07 00:00:00-05:00,43.5,45.0,43.0,45.0,40,0.0,0.0
2013-03-08 00:00:00-05:00,43.0,45.0,37.11000061035156,41.959999084472656,560,0.0,0.0
2013-03-11 00:00:00-04:00,41.0,44.0,40.0,43.994998931884766,192,0.0,0.0
2013-03-12 00:00:00-04:00,43.994998931884766,44.0,41.029998779296875,44.0,13,0.0,0.0
2013-03-13 00:00:00-04:00,42.5,42.5,40.5,42.5,14,0.0,0.0
2013-03-14 00:00:00-04:00,42.5,44.0,40.73500061035156,42.5,6,0.0,0.0
2013-03-15 00:00:00-04:00,43.5,43.505001068115234,40.90999984741211,41.0,214,0.0,0.0
2013-03-18 00:00:00-04:00,40.0,44.5,40.0,43.494998931884766,62,0.0,0.0
2013-03-19 00:00:00-04:00,42.5,42.5,41.0,42.5,92,0.0,0.0
2013-03-20 00:00:00-04:00,43.994998931884766,43.994998931884766,40.0,43.5,86,0.0,0.0
2013-03-21 00:00:00-04:00,40.5,41.0,40.5,41.0,8,0.0,0.0
2013-03-22 00:00:00-04:00,42.5,42.5,41.0,41.0,37,0.0,0.0
2013-03-25 00:00:00-04:00,42.0,42.5,40.0,42.5,129,0.0,0.0
2013-03-26 00:00:00-04:00,42.0,42.0,42.0,42.0,4,0.0,0.0
2013-03-27 00:00:00-04:00,39.0,39.0,39.0,39.0,0,0.0,0.0
2013-03-28 00:00:00-04:00,41.0,41.994998931884766,36.04999923706055,41.5,189,0.0,0.0
2013-04-01 00:00:00-04:00,40.0,40.0,35.0,38.494998931884766,651,0.0,0.0
2013-04-02 00:00:00-04:00,36.0,36.5,36.0,36.5,31,0.0,0.0
2013-04-03 00:00:00-04:00,32.5,34.0,23.264999389648438,33.59000015258789,434,0.0,0.0
2013-04-04 00:00:00-04:00,31.0,33.25,28.899999618530273,33.25,45,0.0,0.0
2013-04-05 00:00:00-04:00,33.5,33.5,29.5,32.0,46,0.0,0.0
2013-04-08 00:00:00-04:00,29.0,31.0,25.56999969482422,31.0,145,0.0,0.0
2013-04-09 00:00:00-04:00,26.5,29.5,26.5,29.0,115,0.0,0.0
2013-04-10 00:00:00-04:00,29.0,40.0,29.0,40.0,246,0.0,0.0
2013-04-11 00:00:00-04:00,41.0,41.0,38.994998931884766,38.994998931884766,110,0.0,0.0
2013-04-12 00:00:00-04:00,33.505001068115234,34.5,33.505001068115234,34.5,22,0.0,0.0
2013-04-15 00:00:00-04:00,34.5,34.5,34.5,34.5,0,0.0,0.0
2013-04-16 00:00:00-04:00,33.0,34.0,33.0,34.0,31,0.0,0.0
2013-04-17 00:00:00-04:00,35.0,35.0,29.0,32.08000183105469,309,0.0,0.0
2013-04-18 00:00:00-04:00,34.5,36.0,34.474998474121094,36.0,283,0.0,0.0
2013-04-19 00:00:00-04:00,35.0,36.5,33.0,35.994998931884766,60,0.0,0.0
2013-04-22 00:00:00-04:00,36.5,36.5,36.5,36.5,2,0.0,0.0
2013-04-23 00:00:00-04:00,36.5,36.5,35.224998474121094,36.5,35,0.0,0.0
2013-04-24 00:00:00-04:00,36.25,38.0,34.005001068115234,37.494998931884766,57,0.0,0.0
2013-04-25 00:00:00-04:00,38.0,38.0,34.5,35.5,54,0.0,0.0
2013-04-26 00:00:00-04:00,33.0,37.5,30.0,36.92499923706055,247,0.0,0.0
2013-04-29 00:00:00-04:00,34.33000183105469,36.5,34.33000183105469,35.994998931884766,56,0.0,0.0
2013-04-30 00:00:00-04:00,34.0,35.994998931884766,30.600000381469727,35.41999816894531,89,0.0,0.0
2013-05-01 00:00:00-04:00,35.41999816894531,35.41999816894531,35.41999816894531,35.41999816894531,0,0.0,0.0
2013-05-02 00:00:00-04:00,33.5,34.5,32.0,34.5,59,0.0,0.0
2013-05-03 00:00:00-04:00,32.0,34.5,32.0,33.54999923706055,91,0.0,0.0
2013-05-06 00:00:00-04:00,33.5,33.5,32.505001068115234,33.5,112,0.0,0.0
2013-05-07 00:00:00-04:00,33.5,35.5,33.5,35.5,27,0.0,0.0
2013-05-08 00:00:00-04:00,33.5,36.0,33.5,36.0,174,0.0,0.0
2013-05-09 00:00:00-04:00,31.5,35.5,31.0,33.48500061035156,463,0.0,0.0
2013-05-10 00:00:00-04:00,35.0,36.0,34.0,36.0,299,0.0,0.0
2013-05-13 00:00:00-04:00,35.5,37.5,33.5,37.5,452,0.0,0.0
2013-05-14 00:00:00-04:00,37.5,37.5,35.5,37.0,156,0.0,0.0
2013-05-15 00:00:00-04:00,37.25,38.0,33.5,37.0,100,0.0,0.0
2013-05-16 00:00:00-04:00,35.0,36.005001068115234,33.5,34.5,816,0.0,0.0
2013-05-17 00:00:00-04:00,36.0,36.0,33.5,34.5,102,0.0,0.0
2013-05-20 00:00:00-04:00,34.0,36.0,34.0,36.0,14,0.0,0.0
2013-05-21 00:00:00-04:00,35.0,35.005001068115234,33.5,35.0,53,0.0,0.0
2013-05-22 00:00:00-04:00,35.0,42.5,35.0,41.5,822,0.0,0.0
2013-05-23 00:00:00-04:00,38.0,39.5,35.0,39.150001525878906,236,0.0,0.0
2013-05-24 00:00:00-04:00,36.5,38.900001525878906,35.5,38.900001525878906,226,0.0,0.0
2013-05-28 00:00:00-04:00,36.5,38.75,35.5,38.400001525878906,10,0.0,0.0
2013-05-29 00:00:00-04:00,36.07500076293945,38.75,35.04999923706055,37.5,74,0.0,0.0
2013-05-30 00:00:00-04:00,35.5,37.900001525878906,35.5,37.5,156,0.0,0.0
2013-05-31 00:00:00-04:00,37.5,37.900001525878906,35.0,36.900001525878906,303,0.0,0.0
2013-06-03 00:00:00-04:00,36.400001525878906,36.400001525878906,35.994998931884766,35.994998931884766,12,0.0,0.0
2013-06-04 00:00:00-04:00,36.0,36.0,34.0,35.5,136,0.0,0.0
2013-06-05 00:00:00-04:00,34.5,35.5,31.149999618530273,35.0,95,0.0,0.0
2013-06-06 00:00:00-04:00,31.5,34.900001525878906,31.5,34.900001525878906,112,0.0,0.0
2013-06-07 00:00:00-04:00,32.5,33.5,32.5,33.5,66,0.0,0.0
2013-06-10 00:00:00-04:00,33.0,33.5,32.5,33.5,60,0.0,0.0
2013-06-11 00:00:00-04:00,33.5,41.56999969482422,33.494998931884766,38.5,991,0.0,0.0
2013-06-12 00:00:00-04:00,40.0,40.0,33.58000183105469,38.5,389,0.0,0.0
2013-06-13 00:00:00-04:00,35.0,38.95000076293945,34.0,38.95000076293945,121,0.0,0.0
2013-06-14 00:00:00-04:00,39.5,39.5,35.0,35.005001068115234,67,0.0,0.0
2013-06-17 00:00:00-04:00,39.5,39.5,36.25,36.95000076293945,114,0.0,0.0
2013-06-18 00:00:00-04:00,35.75,39.0,32.29999923706055,36.150001525878906,143,0.0,0.0
2013-06-19 00:00:00-04:00,36.0,36.70000076293945,34.01499938964844,36.29999923706055,87,0.0,0.0
2013-06-20 00:00:00-04:00,33.5,35.0,28.950000762939453,30.0,644,0.0,0.0
2013-06-21 00:00:00-04:00,31.0,33.0,31.0,32.900001525878906,61,0.0,0.0
2013-06-24 00:00:00-04:00,32.900001525878906,32.900001525878906,32.900001525878906,32.900001525878906,0,0.0,0.0
2013-06-25 00:00:00-04:00,31.0,32.900001525878906,31.0,32.400001525878906,24,0.0,0.0
2013-06-26 00:00:00-04:00,31.0,32.900001525878906,30.0,30.899999618530273,134,0.0,0.0
2013-06-27 00:00:00-04:00,30.0,31.0,29.0,31.0,66,0.0,0.0
2013-06-28 00:00:00-04:00,28.5,31.950000762939453,28.0,31.950000762939453,317,0.0,0.0
2013-07-01 00:00:00-04:00,31.950000762939453,31.950000762939453,31.950000762939453,31.950000762939453,0,0.0,0.0
2013-07-02 00:00:00-04:00,29.450000762939453,31.399999618530273,29.450000762939453,30.0,30,0.0,0.0
2013-07-03 00:00:00-04:00,31.5,31.5,31.4950008392334,31.5,6,0.0,0.0
2013-07-05 00:00:00-04:00,31.5,31.5,31.5,31.5,0,0.0,0.0
2013-07-08 00:00:00-04:00,30.895000457763672,30.895000457763672,27.5,27.5,84,0.0,0.0
2013-07-09 00:00:00-04:00,32.5,32.5,28.049999237060547,30.049999237060547,188,0.0,0.0
2013-07-10 00:00:00-04:00,30.049999237060547,30.049999237060547,30.049999237060547,30.049999237060547,0,0.0,0.0
2013-07-11 00:00:00-04:00,31.950000762939453,38.5,31.950000762939453,35.0,496,0.0,0.0
2013-07-12 00:00:00-04:00,32.5,38.494998931884766,30.5,34.5,722,0.0,0.0
2013-07-15 00:00:00-04:00,30.5,38.5,29.9950008392334,38.5,303,0.0,0.0
2013-07-16 00:00:00-04:00,39.0,39.0,30.5,36.494998931884766,256,0.0,0.0
2013-07-17 00:00:00-04:00,34.5,34.5,33.599998474121094,33.599998474121094,21,0.0,0.0
2013-07-18 00:00:00-04:00,31.0,31.0,30.5,30.5,30,0.0,0.0
2013-07-19 00:00:00-04:00,32.0,33.5,32.0,33.5,4,0.0,0.0
2013-07-22 00:00:00-04:00,31.5,32.494998931884766,30.5,31.81999969482422,145,0.0,0.0
2013-07-23 00:00:00-04:00,31.5,31.5,30.049999237060547,31.0,78,0.0,0.0
2013-07-24 00:00:00-04:00,33.0,33.5,30.049999237060547,31.024999618530273,293,0.0,0.0
2013-07-25 00:00:00-04:00,31.5,31.5,31.5,31.5,4,0.0,0.0
2013-07-26 00:00:00-04:00,31.25,31.25,31.25,31.25,2,0.0,0.0
2013-07-29 00:00:00-04:00,31.25,31.25,31.25,31.25,0,0.0,0.0
2013-07-30 00:00:00-04:00,31.0,31.5,31.0,31.5,20,0.0,0.0
2013-07-31 00:00:00-04:00,31.5,32.5,31.5,32.5,183,0.0,0.0
2013-08-01 00:00:00-04:00,32.0,37.0,32.0,35.994998931884766,824,0.0,0.0
2013-08-02 00:00:00-04:00,35.0,37.0,35.0,35.0,152,0.0,0.0
2013-08-05 00:00:00-04:00,34.0,34.0,30.5,34.0,289,0.0,0.0
2013-08-06 00:00:00-04:00,30.0,40.0,30.0,38.0,841,0.0,0.0
2013-08-07 00:00:00-04:00,42.5,42.5,38.494998931884766,40.70000076293945,84,0.0,0.0
2013-08-08 00:00:00-04:00,38.5,42.5,35.005001068115234,39.5,962,0.0,0.0
2013-08-09 00:00:00-04:00,40.0,40.5,34.005001068115234,39.0,43,0.0,0.0
2013-08-12 00:00:00-04:00,40.5,40.5,39.5,40.45000076293945,338,0.0,0.0
2013-08-13 00:00:00-04:00,39.0,39.52000045776367,34.5,39.52000045776367,113,0.0,0.0
2013-08-14 00:00:00-04:00,46.0,88.5,46.0,54.5,32572,0.0,0.0
2013-08-15 00:00:00-04:00,55.0,78.5,55.0,62.5,9973,0.0,0.0
2013-08-16 00:00:00-04:00,73.0,135.0,66.5,108.0,104390,0.0,0.0
2013-08-19 00:00:00-04:00,115.0,117.5,89.0,95.0,11219,0.0,0.0
2013-08-20 00:00:00-04:00,90.5,144.0,90.00499725341797,116.5,31989,0.0,0.0
2013-08-21 00:00:00-04:00,116.0,120.0,105.0,115.0,7809,0.0,0.0
2013-08-22 00:00:00-04:00,119.5,120.0,107.50499725341797,115.0,3325,0.0,0.0
2013-08-23 00:00:00-04:00,115.0,116.94999694824219,96.5,100.0,3550,0.0,0.0
2013-08-26 00:00:00-04:00,100.0,108.99500274658203,94.0,98.50499725341797,4125,0.0,0.0
2013-08-27 00:00:00-04:00,100.0,107.44999694824219,96.0,97.0,9959,0.0,0.0
2013-08-28 00:00:00-04:00,97.0,99.49500274658203,92.5,92.5,1345,0.0,0.0
2013-08-29 00:00:00-04:00,92.0,99.5,90.5,95.0,3716,0.0,0.0
2013-08-30 00:00:00-04:00,97.5,97.5,93.5,96.49500274658203,470,0.0,0.0
2013-09-03 00:00:00-04:00,95.5,97.0,93.0,96.0999984741211,814,0.0,0.0
2013-09-04 00:00:00-04:00,100.0,102.0,93.5,100.5,2058,0.0,0.0
2013-09-05 00:00:00-04:00,100.0,115.0,99.5,112.13999938964844,4453,0.0,0.0
2013-09-06 00:00:00-04:00,112.5,115.0,110.5,115.0,2401,0.0,0.0
2013-09-09 00:00:00-04:00,111.5,117.5,111.5,112.5,1953,0.0,0.0
2013-09-10 00:00:00-04:00,117.0,117.0,112.5,113.0,1394,0.0,0.0
2013-09-11 00:00:00-04:00,112.5,115.0,111.0,113.5,1788,0.0,0.0
2013-09-12 00:00:00-04:00,113.5,115.0,105.0,107.0999984741211,1716,0.0,0.0
2013-09-13 00:00:00-04:00,106.5,109.5,106.49500274658203,109.5,329,0.0,0.0
2013-09-16 00:00:00-04:00,110.0,114.32499694824219,106.0,106.0,1004,0.0,0.0
2013-09-17 00:00:00-04:00,104.0,106.5,95.5,96.5,1330,0.0,0.0
2013-09-18 00:00:00-04:00,99.5,99.5,86.5,92.5,2312,0.0,0.0
2013-09-19 00:00:00-04:00,94.0,99.5,92.5,96.5,1011,0.0,0.0
2013-09-20 00:00:00-04:00,96.0,99.5,96.0,98.5,542,0.0,0.0
2013-09-23 00:00:00-04:00,97.5,101.94999694824219,94.0,94.5,283,0.0,0.0
2013-09-24 00:00:00-04:00,95.5,97.5,95.0,95.5,584,0.0,0.0
2013-09-25 00:00:00-04:00,100.0,101.0,96.5,96.5,1452,0.0,0.0
2013-09-26 00:00:00-04:00,97.5,99.0,96.49500274658203,96.5,370,0.0,0.0
2013-09-27 00:00:00-04:00,96.5,96.55000305175781,94.0,94.0,1067,0.0,0.0
2013-09-30 00:00:00-04:00,94.0,94.0,92.5,94.0,471,0.0,0.0
2013-10-01 00:00:00-04:00,94.0,95.49500274658203,90.0,90.0,786,0.0,0.0
2013-10-02 00:00:00-04:00,86.0,89.5,84.0,85.0,2078,0.0,0.0
2013-10-03 00:00:00-04:00,84.5,84.5,75.0,75.5,2281,0.0,0.0
2013-10-04 00:00:00-04:00,77.0,78.0,76.0,77.0,1448,0.0,0.0
2013-10-07 00:00:00-04:00,77.0,90.7249984741211,77.0,86.00499725341797,1635,0.0,0.0
2013-10-08 00:00:00-04:00,90.0,92.5,85.5,85.5,2410,0.0,0.0
2013-10-09 00:00:00-04:00,85.0,97.5,83.0,90.0,3639,0.0,0.0
2013-10-10 00:00:00-04:00,90.5,96.5,90.5,94.5,951,0.0,0.0
2013-10-11 00:00:00-04:00,96.5,96.99500274658203,93.0,95.0,477,0.0,0.0
2013-10-14 00:00:00-04:00,99.0,105.0,97.5,103.5,3030,0.0,0.0
2013-10-15 00:00:00-04:00,105.0,105.0,95.0,97.5,3170,0.0,0.0
2013-10-16 00:00:00-04:00,100.0,102.5,95.0,96.0,913,0.0,0.0
2013-10-17 00:00:00-04:00,95.0,96.5,92.5,95.0,503,0.0,0.0
2013-10-18 00:00:00-04:00,93.5,96.5,91.5,95.0,605,0.0,0.0
2013-10-21 00:00:00-04:00,95.0,95.0,90.00499725341797,90.5,521,0.0,0.0
2013-10-22 00:00:00-04:00,90.0,92.80000305175781,88.0,88.5,863,0.0,0.0
2013-10-23 00:00:00-04:00,90.0,90.0,82.5,86.0,809,0.0,0.0
2013-10-24 00:00:00-04:00,85.5,88.99500274658203,85.5,86.50499725341797,197,0.0,0.0
2013-10-25 00:00:00-04:00,86.0,86.49500274658203,83.5,83.5,720,0.0,0.0
2013-10-28 00:00:00-04:00,83.5,87.0,83.5,84.0,411,0.0,0.0
2013-10-29 00:00:00-04:00,84.0,84.0,81.0,81.5,162,0.0,0.0
2013-10-30 00:00:00-04:00,81.5250015258789,82.15499877929688,81.00499725341797,81.50499725341797,66,0.0,0.0
2013-10-31 00:00:00-04:00,81.0,81.5,77.5,80.0,538,0.0,0.0
2013-11-01 00:00:00-04:00,81.20999908447266,82.48999786376953,81.20999908447266,82.48999786376953,12,0.0,0.0
2013-11-04 00:00:00-05:00,82.0,82.0,78.61000061035156,79.0,86,0.0,0.0
2013-11-05 00:00:00-05:00,80.5,81.33499908447266,77.5,80.49500274658203,414,0.0,0.0
2013-11-06 00:00:00-05:00,81.0,81.0,75.5,76.5,358,0.0,0.0
2013-11-07 00:00:00-05:00,75.0,78.5,68.5,77.0,1369,0.0,0.0
2013-11-08 00:00:00-05:00,78.5,88.5,76.99500274658203,85.99500274658203,1649,0.0,0.0
2013-11-11 00:00:00-05:00,84.0,100.0,83.99500274658203,99.5,3464,0.0,0.0
2013-11-12 00:00:00-05:00,99.5,99.99500274658203,92.5,96.5,1027,0.0,0.0
2013-11-13 00:00:00-05:00,93.5,96.5,92.5,94.5,404,0.0,0.0
2013-11-14 00:00:00-05:00,88.0,93.32499694824219,77.5,86.99500274658203,3241,0.0,0.0
2013-11-15 00:00:00-05:00,86.0,88.0,79.88999938964844,81.0,799,0.0,0.0
2013-11-18 00:00:00-05:00,80.5,82.5,80.0,81.0,138,0.0,0.0
2013-11-19 00:00:00-05:00,82.5,85.0,82.0,83.5,458,0.0,0.0
2013-11-20 00:00:00-05:00,82.0,91.5,77.0,84.94999694824219,1109,0.0,0.0
2013-11-21 00:00:00-05:00,85.5,86.0,78.00499725341797,84.0,203,0.0,0.0
2013-11-22 00:00:00-05:00,82.5,88.94999694824219,78.5199966430664,82.5,723,0.0,0.0
2013-11-25 00:00:00-05:00,80.5,81.0,78.0,81.0,54,0.0,0.0
2013-11-26 00:00:00-05:00,79.0,88.5,75.0,80.5,1378,0.0,0.0
2013-11-27 00:00:00-05:00,79.0,83.93499755859375,77.50499725341797,81.0,838,0.0,0.0
2013-11-29 00:00:00-05:00,80.0,82.5,79.5,80.76000213623047,50,0.0,0.0
2013-12-02 00:00:00-05:00,81.0,81.5,80.0,80.0,225,0.0,0.0
2013-12-03 00:00:00-05:00,80.5,80.5,79.9000015258789,80.5,38,0.0,0.0
2013-12-04 00:00:00-05:00,81.0,81.0,79.5,79.58499908447266,34,0.0,0.0
2013-12-05 00:00:00-05:00,78.0,79.5,75.0,78.0,171,0.0,0.0
2013-12-06 00:00:00-05:00,80.5,92.0,78.0,84.90499877929688,3131,0.0,0.0
2013-12-09 00:00:00-05:00,85.0,86.0,83.5,83.5,505,0.0,0.0
2013-12-10 00:00:00-05:00,83.5,85.0,81.5,84.5,223,0.0,0.0
2013-12-11 00:00:00-05:00,81.5,82.5,79.0,79.0,527,0.0,0.0
2013-12-12 00:00:00-05:00,78.5,84.0,78.5,78.5,67,0.0,0.0
2013-12-13 00:00:00-05:00,80.5,81.0,77.98500061035156,79.30999755859375,176,0.0,0.0
2013-12-16 00:00:00-05:00,78.0,82.5,77.5,79.5,266,0.0,0.0
2013-12-17 00:00:00-05:00,78.0,81.0,75.5,75.5,151,0.0,0.0
2013-12-18 00:00:00-05:00,75.5,77.0,74.50499725341797,76.0,289,0.0,0.0
2013-12-19 00:00:00-05:00,76.5,78.0,76.0,76.0,314,0.0,0.0
2013-12-20 00:00:00-05:00,76.0,76.5,76.0,76.0,282,0.0,0.0
2013-12-23 00:00:00-05:00,76.0,77.0,76.0,76.5,184,0.0,0.0
2013-12-24 00:00:00-05:00,78.0,101.5,77.23999786376953,91.0,8192,0.0,0.0
2013-12-26 00:00:00-05:00,96.0,97.0,81.5,82.0,3965,0.0,0.0
2013-12-27 00:00:00-05:00,82.5,88.87000274658203,78.5999984741211,81.91999816894531,662,0.0,0.0
2013-12-30 00:00:00-05:00,85.0,85.0,79.5,81.0,322,0.0,0.0
2013-12-31 00:00:00-05:00,79.0,81.29499816894531,78.5,79.5,728,0.0,0.0
2014-01-02 00:00:00-05:00,82.0,87.0,79.5,85.5,237,0.0,0.0
2014-01-03 00:00:00-05:00,88.0,88.0,81.5,83.0,1757,0.0,0.0
2014-01-06 00:00:00-05:00,87.5,87.5,80.0,81.5,1468,0.0,0.0
2014-01-07 00:00:00-05:00,84.5,86.5,82.5,82.5,125,0.0,0.0
2014-01-08 00:00:00-05:00,82.5,83.0,82.5,82.5,117,0.0,0.0
2014-01-09 00:00:00-05:00,87.0,88.5,81.0,83.99500274658203,550,0.0,0.0
2014-01-10 00:00:00-05:00,84.5,91.0,84.5,85.5,3062,0.0,0.0
2014-01-13 00:00:00-05:00,90.0,91.0,86.0,86.0,1412,0.0,0.0
2014-01-14 00:00:00-05:00,86.5,88.44999694824219,84.00499725341797,86.5,762,0.0,0.0
2014-01-15 00:00:00-05:00,86.0,88.0,82.5,82.5,681,0.0,0.0
2014-01-16 00:00:00-05:00,86.0,86.0,82.5,83.5,334,0.0,0.0
2014-01-17 00:00:00-05:00,84.0,91.0,82.50499725341797,89.49500274658203,1834,0.0,0.0
2014-01-21 00:00:00-05:00,90.0,107.5,89.9000015258789,101.5999984741211,15454,0.0,0.0
2014-01-22 00:00:00-05:00,104.0,104.5,88.0,89.5,4874,0.0,0.0
2014-01-23 00:00:00-05:00,87.0,89.5,85.0,87.0,1146,0.0,0.0
2014-01-24 00:00:00-05:00,86.5,91.5,77.4000015258789,77.4000015258789,3272,0.0,0.0
2014-01-27 00:00:00-05:00,76.5,81.5,76.0,80.44999694824219,1383,0.0,0.0
2014-01-28 00:00:00-05:00,80.5,84.5,80.32499694824219,82.50499725341797,384,0.0,0.0
2014-01-29 00:00:00-05:00,82.5,83.5,77.5,81.0,357,0.0,0.0
2014-01-30 00:00:00-05:00,80.5,82.5,79.0,82.0,390,0.0,0.0
2014-01-31 00:00:00-05:00,77.5,81.5,77.00499725341797,80.0,454,0.0,0.0
2014-02-03 00:00:00-05:00,78.00499725341797,80.5,77.00499725341797,77.00499725341797,103,0.0,0.0
2014-02-04 00:00:00-05:00,78.5,79.80000305175781,77.5,78.0,110,0.0,0.0
2014-02-05 00:00:00-05:00,77.5,79.0,76.0,76.0,310,0.0,0.0
2014-02-06 00:00:00-05:00,76.0,79.5,75.0,79.5,113,0.0,0.0
2014-02-07 00:00:00-05:00,77.5,78.0,75.5,76.5,345,0.0,0.0
2014-02-10 00:00:00-05:00,76.0,77.44999694824219,76.0,77.44999694824219,170,0.0,0.0
2014-02-11 00:00:00-05:00,77.5,77.5,76.5,76.98999786376953,63,0.0,0.0
2014-02-12 00:00:00-05:00,76.5,78.99500274658203,76.0,76.0,200,0.0,0.0
2014-02-13 00:00:00-05:00,79.0,79.0,76.5,78.0,793,0.0,0.0
2014-02-14 00:00:00-05:00,79.5,90.0,78.0,78.0,4837,0.0,0.0
2014-02-18 00:00:00-05:00,79.0,82.5,79.0,82.5,464,0.0,0.0
2014-02-19 00:00:00-05:00,82.5,82.5,79.0,79.0,697,0.0,0.0
2014-02-20 00:00:00-05:00,79.0,80.0,78.0,80.0,103,0.0,0.0
2014-02-21 00:00:00-05:00,81.0,81.0,79.99500274658203,80.5,362,0.0,0.0
2014-02-24 00:00:00-05:00,82.5,82.5,78.5,78.5,204,0.0,0.0
2014-02-25 00:00:00-05:00,83.5,83.5,78.0,80.97000122070312,103,0.0,0.0
2014-02-26 00:00:00-05:00,80.5,91.0,79.99500274658203,84.37000274658203,6988,0.0,0.0
2014-02-27 00:00:00-05:00,83.5,87.41000366210938,81.0,83.5,1600,0.0,0.0
2014-02-28 00:00:00-05:00,86.0,94.0,84.0,84.5,8661,0.0,0.0
2014-03-03 00:00:00-05:00,87.0,98.49500274658203,83.0,92.0,5612,0.0,0.0
2014-03-04 00:00:00-05:00,94.5,95.05000305175781,90.23999786376953,92.44999694824219,911,0.0,0.0
2014-03-05 00:00:00-05:00,93.0,94.0,88.5,88.5,1011,0.0,0.0
2014-03-06 00:00:00-05:00,90.0,107.5,85.0,98.49500274658203,12024,0.0,0.0
2014-03-07 00:00:00-05:00,100.0,116.0,90.0,100.5,17278,0.0,0.0
2014-03-10 00:00:00-04:00,107.0,122.0,101.5,104.0,6707,0.0,0.0
2014-03-11 00:00:00-04:00,106.5,126.0,100.25,104.0,14562,0.0,0.0
2014-03-12 00:00:00-04:00,105.0,114.46499633789062,98.0,99.0,3152,0.0,0.0
2014-03-13 00:00:00-04:00,98.5,103.69999694824219,90.0,92.0,2729,0.0,0.0
2014-03-14 00:00:00-04:00,90.5,96.99500274658203,85.0,88.49500274658203,1147,0.0,0.0
2014-03-17 00:00:00-04:00,88.0,94.0,86.05000305175781,91.0,1568,0.0,0.0
2014-03-18 00:00:00-04:00,89.0,91.5,86.0,88.0,889,0.0,0.0
2014-03-19 00:00:00-04:00,87.5,91.0,85.5,86.9800033569336,425,0.0,0.0
2014-03-20 00:00:00-04:00,87.0,88.0,83.0,84.5,708,0.0,0.0
2014-03-21 00:00:00-04:00,87.5,89.5,86.69999694824219,89.4800033569336,110,0.0,0.0
2014-03-24 00:00:00-04:00,92.5,93.0,83.00499725341797,84.0,795,0.0,0.0
2014-03-25 00:00:00-04:00,84.0,86.99500274658203,82.5,84.49500274658203,449,0.0,0.0
2014-03-26 00:00:00-04:00,85.0,85.0,79.00499725341797,80.49500274658203,822,0.0,0.0
2014-03-27 00:00:00-04:00,78.00499725341797,82.49500274658203,78.00499725341797,82.49500274658203,181,0.0,0.0
2014-03-28 00:00:00-04:00,81.0,82.94999694824219,79.00499725341797,82.94999694824219,566,0.0,0.0
2014-03-31 00:00:00-04:00,80.5,81.99500274658203,80.0,80.0,737,0.0,0.0
2014-04-01 00:00:00-04:00,80.0,83.0,80.0,81.5,300,0.0,0.0
2014-04-02 00:00:00-04:00,80.5,81.98500061035156,80.0,80.5,183,0.0,0.0
2014-04-03 00:00:00-04:00,80.12000274658203,81.44999694824219,80.0,81.44999694824219,82,0.0,0.0
2014-04-04 00:00:00-04:00,81.0,81.0,77.81999969482422,79.44999694824219,484,0.0,0.0
2014-04-07 00:00:00-04:00,76.0,77.50499725341797,67.5,71.98500061035156,1708,0.0,0.0
2014-04-08 00:00:00-04:00,74.0,74.0,68.5,69.0,500,0.0,0.0
2014-04-09 00:00:00-04:00,70.0,71.0,69.99500274658203,70.5,337,0.0,0.0
2014-04-10 00:00:00-04:00,68.5,68.5,67.5,67.5,281,0.0,0.0
2014-04-11 00:00:00-04:00,67.5,67.5,61.005001068115234,61.5,580,0.0,0.0
2014-04-14 00:00:00-04:00,61.5,63.0,61.5,61.5,212,0.0,0.0
2014-04-15 00:00:00-04:00,62.0,62.0,59.0,61.005001068115234,280,0.0,0.0
2014-04-16 00:00:00-04:00,60.0,61.5,60.0,61.0,125,0.0,0.0
2014-04-17 00:00:00-04:00,59.0,60.810001373291016,59.0,59.5,128,0.0,0.0
2014-04-21 00:00:00-04:00,59.5,59.5,57.0,58.625,842,0.0,0.0
2014-04-22 00:00:00-04:00,59.0,59.0,58.5,58.5,244,0.0,0.0
2014-04-23 00:00:00-04:00,59.0,62.0,59.0,61.994998931884766,555,0.0,0.0
2014-04-24 00:00:00-04:00,62.0,63.0,60.5,62.0,225,0.0,0.0
2014-04-25 00:00:00-04:00,61.0,63.5,61.0,62.494998931884766,110,0.0,0.0
2014-04-28 00:00:00-04:00,61.0,61.0,57.0,57.0,256,0.0,0.0
2014-04-29 00:00:00-04:00,56.5,57.5,56.5,56.959999084472656,270,0.0,0.0
2014-04-30 00:00:00-04:00,56.5,57.0,56.0,56.0,251,0.0,0.0
2014-05-01 00:00:00-04:00,55.0,55.994998931884766,53.5,54.415000915527344,571,0.0,0.0
2014-05-02 00:00:00-04:00,55.5,55.5,49.0,52.5,412,0.0,0.0
2014-05-05 00:00:00-04:00,50.5,52.415000915527344,50.5,52.415000915527344,46,0.0,0.0
2014-05-06 00:00:00-04:00,51.0,51.04999923706055,50.0,50.005001068115234,224,0.0,0.0
2014-05-07 00:00:00-04:00,44.5,47.494998931884766,41.1150016784668,41.599998474121094,947,0.0,0.0
2014-05-08 00:00:00-04:00,43.5,45.189998626708984,41.5,44.0,343,0.0,0.0
2014-05-09 00:00:00-04:00,43.5,44.0,43.5,43.5,370,0.0,0.0
2014-05-12 00:00:00-04:00,44.5,49.5,44.494998931884766,48.0,559,0.0,0.0
2014-05-13 00:00:00-04:00,49.5,74.0,49.5,59.0,7153,0.0,0.0
2014-05-14 00:00:00-04:00,64.0,64.0,50.5,56.98500061035156,1832,0.0,0.0
2014-05-15 00:00:00-04:00,57.5,57.5,56.0,56.0,194,0.0,0.0
2014-05-16 00:00:00-04:00,56.0,56.34000015258789,53.5,56.34000015258789,159,0.0,0.0
2014-05-19 00:00:00-04:00,55.0,57.5,55.0,56.994998931884766,389,0.0,0.0
2014-05-20 00:00:00-04:00,57.0,57.0,55.0,56.48500061035156,376,0.0,0.0
2014-05-21 00:00:00-04:00,58.0,64.5,56.52000045776367,58.5,3801,0.0,0.0
2014-05-22 00:00:00-04:00,57.5,62.5,57.005001068115234,58.97999954223633,468,0.0,0.0
2014-05-23 00:00:00-04:00,56.5,61.0,56.0,60.6150016784668,583,0.0,0.0
2014-05-27 00:00:00-04:00,58.5,58.5,55.0,55.5,332,0.0,0.0
2014-05-28 00:00:00-04:00,60.0,60.0,55.0,55.0,235,0.0,0.0
2014-05-29 00:00:00-04:00,57.0,57.5,56.099998474121094,56.150001525878906,342,0.0,0.0
2014-05-30 00:00:00-04:00,55.505001068115234,55.505001068115234,55.005001068115234,55.48500061035156,93,0.0,0.0
2014-06-02 00:00:00-04:00,56.5,60.0,55.005001068115234,58.380001068115234,1234,0.0,0.0
2014-06-03 00:00:00-04:00,59.5,120.0,58.5,87.0,98765,0.0,0.0
2014-06-04 00:00:00-04:00,79.5,99.5,79.5,85.0,24546,0.0,0.0
2014-06-05 00:00:00-04:00,78.0,86.5,75.5,76.0,4477,0.0,0.0
2014-06-06 00:00:00-04:00,84.5,84.5,67.5,71.5,3975,0.0,0.0
2014-06-09 00:00:00-04:00,73.0,77.5,70.0,73.0,1277,0.0,0.0
2014-06-10 00:00:00-04:00,74.0,81.0,74.0,78.0,1797,0.0,0.0
2014-06-11 00:00:00-04:00,77.5,93.5,75.0,89.5,3859,0.0,0.0
2014-06-12 00:00:00-04:00,98.5,108.5,92.0,98.0,12395,0.0,0.0
2014-06-13 00:00:00-04:00,108.0,117.5,100.23500061035156,104.5,7291,0.0,0.0
2014-06-16 00:00:00-04:00,105.0,132.5,102.5,127.0,12332,0.0,0.0
2014-06-17 00:00:00-04:00,127.0,134.5,119.0,124.5,6575,0.0,0.0
2014-06-18 00:00:00-04:00,122.5,131.5,106.0,130.0,4899,0.0,0.0
2014-06-19 00:00:00-04:00,130.0,147.5,127.0,127.0,8609,0.0,0.0
2014-06-20 00:00:00-04:00,124.5,130.0,118.00499725341797,127.0,772,0.0,0.0
2014-06-23 00:00:00-04:00,131.0,131.0,122.0,122.5,528,0.0,0.0
2014-06-24 00:00:00-04:00,126.5,127.0,119.5,124.0,2077,0.0,0.0
2014-06-25 00:00:00-04:00,122.5,122.5,116.0,116.0,650,0.0,0.0
2014-06-26 00:00:00-04:00,115.0,127.0,113.0999984741211,123.5,2180,0.0,0.0
2014-06-27 00:00:00-04:00,120.0,126.5,118.00499725341797,122.0,282,0.0,0.0
2014-06-30 00:00:00-04:00,122.0,142.5,120.0,132.5,3437,0.0,0.0
2014-07-01 00:00:00-04:00,135.0,141.0,131.0,131.5,802,0.0,0.0
2014-07-02 00:00:00-04:00,140.0,152.0,134.5,136.0,8047,0.0,0.0
2014-07-03 00:00:00-04:00,133.5,139.0,130.0,133.5,560,0.0,0.0
2014-07-07 00:00:00-04:00,126.5,144.0,126.5,134.0,700,0.0,0.0
2014-07-08 00:00:00-04:00,135.5,135.5,124.0,128.0,2099,0.0,0.0
2014-07-09 00:00:00-04:00,130.0,131.0,120.0,123.0,480,0.0,0.0
2014-07-10 00:00:00-04:00,119.5,130.0,118.00499725341797,128.5,1487,0.0,0.0
2014-07-11 00:00:00-04:00,130.0,136.0,123.5,131.97500610351562,993,0.0,0.0
2014-07-14 00:00:00-04:00,132.5,148.5,125.5,132.0,4570,0.0,0.0
2014-07-15 00:00:00-04:00,134.0,136.0,127.0,130.0,791,0.0,0.0
2014-07-16 00:00:00-04:00,128.5,135.64999389648438,126.5,128.0,820,0.0,0.0
2014-07-17 00:00:00-04:00,130.0,145.0,127.5,132.0,4431,0.0,0.0
2014-07-18 00:00:00-04:00,134.5,141.0,130.5,137.0,3245,0.0,0.0
2014-07-21 00:00:00-04:00,137.0,155.0,135.0,135.0,9505,0.0,0.0
2014-07-22 00:00:00-04:00,141.0,143.0,130.0,132.0,2960,0.0,0.0
2014-07-23 00:00:00-04:00,132.5,134.9600067138672,124.5,124.5,2275,0.0,0.0
2014-07-24 00:00:00-04:00,128.5,128.5,120.5,125.5,557,0.0,0.0
2014-07-25 00:00:00-04:00,125.5,126.49500274658203,122.87000274658203,124.5,172,0.0,0.0
2014-07-28 00:00:00-04:00,123.0,123.5,111.5,114.0,1162,0.0,0.0
2014-07-29 00:00:00-04:00,112.5,127.0,112.5,117.5,880,0.0,0.0
2014-07-30 00:00:00-04:00,118.0,128.5,116.5,125.0,1372,0.0,0.0
2014-07-31 00:00:00-04:00,126.0,126.0,118.5,122.0,201,0.0,0.0
2014-08-01 00:00:00-04:00,122.5,122.5,116.0,121.5,428,0.0,0.0
2014-08-04 00:00:00-04:00,117.5,121.0,107.5,108.0,1649,0.0,0.0
2014-08-05 00:00:00-04:00,108.0,122.5,108.0,118.0,2279,0.0,0.0
2014-08-06 00:00:00-04:00,116.0,126.0999984741211,115.0,122.5,1893,0.0,0.0
2014-08-07 00:00:00-04:00,121.5,125.0,117.00499725341797,122.5,395,0.0,0.0
2014-08-08 00:00:00-04:00,117.5,127.00499725341797,116.0,122.9800033569336,653,0.0,0.0
2014-08-11 00:00:00-04:00,124.5,128.44000244140625,117.5,126.0,549,0.0,0.0
2014-08-12 00:00:00-04:00,123.0,126.0,122.0999984741211,123.5,69,0.0,0.0
2014-08-13 00:00:00-04:00,125.0,125.0,119.0,120.5,668,0.0,0.0
2014-08-14 00:00:00-04:00,118.0,139.0,116.0,134.0,3832,0.0,0.0
2014-08-15 00:00:00-04:00,134.0,137.0,129.6999969482422,132.5,760,0.0,0.0
2014-08-18 00:00:00-04:00,135.5,145.5,134.0,144.0,1754,0.0,0.0
2014-08-19 00:00:00-04:00,141.5,144.8000030517578,137.5,140.0,2885,0.0,0.0
2014-08-20 00:00:00-04:00,141.0,143.5,131.5,135.0,2908,0.0,0.0
2014-08-21 00:00:00-04:00,133.5,150.0,133.0,144.0,4506,0.0,0.0
2014-08-22 00:00:00-04:00,148.0,173.5,138.0,160.5,8052,0.0,0.0
2014-08-25 00:00:00-04:00,174.0,174.0,151.0,160.0,2626,0.0,0.0
2014-08-26 00:00:00-04:00,160.0,170.0,152.5,170.0,2071,0.0,0.0
2014-08-27 00:00:00-04:00,174.0,215.0,171.0,171.9949951171875,19925,0.0,0.0
2014-08-28 00:00:00-04:00,171.0,175.5,153.5,164.5,3222,0.0,0.0
2014-08-29 00:00:00-04:00,163.5,171.0,158.0,159.0,520,0.0,0.0
2014-09-02 00:00:00-04:00,159.5,164.4949951171875,153.0,158.5,694,0.0,0.0
2014-09-03 00:00:00-04:00,158.5,159.11000061035156,155.0,155.0,466,0.0,0.0
2014-09-04 00:00:00-04:00,155.5,174.10000610351562,155.5,160.5,1555,0.0,0.0
2014-09-05 00:00:00-04:00,162.0,166.5,156.5,159.0500030517578,946,0.0,0.0
2014-09-08 00:00:00-04:00,153.5,158.5,150.5,156.0,535,0.0,0.0
2014-09-09 00:00:00-04:00,154.0,167.5,151.0,152.0,1478,0.0,0.0
2014-09-10 00:00:00-04:00,151.0,160.3000030517578,150.0,153.0,1549,0.0,0.0
2014-09-11 00:00:00-04:00,151.0,152.64999389648438,140.0,141.5,1077,0.0,0.0
2014-09-12 00:00:00-04:00,141.0,152.0,139.0,146.5,1396,0.0,0.0
2014-09-15 00:00:00-04:00,149.0,150.1999969482422,144.0050048828125,146.02499389648438,639,0.0,0.0
2014-09-16 00:00:00-04:00,147.5,159.5,144.0,151.5,1393,0.0,0.0
2014-09-17 00:00:00-04:00,154.5,154.5,147.25,147.5,337,0.0,0.0
2014-09-18 00:00:00-04:00,150.5,150.5,144.0050048828125,144.5,344,0.0,0.0
2014-09-19 00:00:00-04:00,144.52000427246094,148.5,142.0,142.0,724,0.0,0.0
2014-09-22 00:00:00-04:00,140.0050048828125,143.4499969482422,133.5,134.82000732421875,1385,0.0,0.0
2014-09-23 00:00:00-04:00,138.4949951171875,145.5,133.5,143.0,520,0.0,0.0
2014-09-24 00:00:00-04:00,143.5,149.0,142.5,144.5,953,0.0,0.0
2014-09-25 00:00:00-04:00,139.0,140.35000610351562,137.5,137.5050048828125,141,0.0,0.0
2014-09-26 00:00:00-04:00,140.0,143.0,136.5,143.0,453,0.0,0.0
2014-09-29 00:00:00-04:00,140.9949951171875,142.4949951171875,136.5,138.5,124,0.0,0.0
2014-09-30 00:00:00-04:00,141.5,142.72000122070312,140.0,140.1300048828125,225,0.0,0.0
2014-10-01 00:00:00-04:00,145.38999938964844,145.38999938964844,137.5,137.60000610351562,261,0.0,0.0
2014-10-02 00:00:00-04:00,141.9949951171875,141.9949951171875,132.5,136.5,140,0.0,0.0
2014-10-03 00:00:00-04:00,137.5,139.5,135.0,135.0,116,0.0,0.0
2014-10-06 00:00:00-04:00,135.5,142.35000610351562,135.5,137.5,158,0.0,0.0
2014-10-07 00:00:00-04:00,136.5,137.5,135.0,135.0,119,0.0,0.0
2014-10-08 00:00:00-04:00,135.0050048828125,135.35000610351562,132.5,133.0050048828125,404,0.0,0.0
2014-10-09 00:00:00-04:00,133.81500244140625,133.81500244140625,130.0,130.5050048828125,196,0.0,0.0
2014-10-10 00:00:00-04:00,130.0050048828125,139.0,125.0,127.5,698,0.0,0.0
2014-10-13 00:00:00-04:00,127.5,127.5,122.5,122.5,129,0.0,0.0
2014-10-14 00:00:00-04:00,119.55000305175781,125.5,119.5,119.5,132,0.0,0.0
2014-10-15 00:00:00-04:00,118.0,120.49500274658203,115.0,115.08000183105469,405,0.0,0.0
2014-10-16 00:00:00-04:00,115.00499725341797,117.50499725341797,111.5,111.5,809,0.0,0.0
2014-10-17 00:00:00-04:00,111.46499633789062,111.46499633789062,106.5,107.5,578,0.0,0.0
2014-10-20 00:00:00-04:00,101.30000305175781,118.0,101.30000305175781,111.5,992,0.0,0.0
2014-10-21 00:00:00-04:00,114.99500274658203,115.0,112.0,113.0,1044,0.0,0.0
2014-10-22 00:00:00-04:00,121.49500274658203,121.49500274658203,115.5,116.0,163,0.0,0.0
2014-10-23 00:00:00-04:00,117.05999755859375,117.5,111.875,116.0,102,0.0,0.0
2014-10-24 00:00:00-04:00,119.5,120.5,118.5,119.55000305175781,86,0.0,0.0
2014-10-27 00:00:00-04:00,113.50499725341797,122.5,112.0,118.5,232,0.0,0.0
2014-10-28 00:00:00-04:00,110.75,117.5,110.75,114.55000305175781,707,0.0,0.0
2014-10-29 00:00:00-04:00,112.48999786376953,118.0,112.48999786376953,113.0,47,0.0,0.0
2014-10-30 00:00:00-04:00,114.0,121.0,114.0,115.0,349,0.0,0.0
2014-10-31 00:00:00-04:00,117.5,121.0,109.5,120.0,116,0.0,0.0
2014-11-03 00:00:00-05:00,110.0,121.0,110.0,121.0,74,0.0,0.0
2014-11-04 00:00:00-05:00,117.0,119.0,113.0,115.0,333,0.0,0.0
2014-11-05 00:00:00-05:00,111.50499725341797,117.5,111.5,117.5,54,0.0,0.0
2014-11-06 00:00:00-05:00,116.00499725341797,116.00499725341797,114.5,114.5,49,0.0,0.0
2014-11-07 00:00:00-05:00,112.7249984741211,117.0,112.50499725341797,115.0,105,0.0,0.0
2014-11-10 00:00:00-05:00,112.5,112.5,110.0,112.3499984741211,70,0.0,0.0
2014-11-11 00:00:00-05:00,110.0,110.0,103.5,107.5,533,0.0,0.0
2014-11-12 00:00:00-05:00,108.49500274658203,110.0,104.0,108.125,367,0.0,0.0
2014-11-13 00:00:00-05:00,106.0,109.49500274658203,104.5,106.5,218,0.0,0.0
2014-11-14 00:00:00-05:00,112.5,122.0,106.05000305175781,112.0,1007,0.0,0.0
2014-11-17 00:00:00-05:00,114.0,117.0,112.5,113.05999755859375,256,0.0,0.0
2014-11-18 00:00:00-05:00,112.75,112.75,111.5,112.5,53,0.0,0.0
2014-11-19 00:00:00-05:00,110.0,113.0,108.5,108.5,247,0.0,0.0
2014-11-20 00:00:00-05:00,108.50499725341797,110.5,108.5,108.5,216,0.0,0.0
2014-11-21 00:00:00-05:00,110.0,110.5,103.0,105.0,257,0.0,0.0
2014-11-24 00:00:00-05:00,104.5,107.0,100.5,100.5,339,0.0,0.0
2014-11-25 00:00:00-05:00,100.0,100.0,88.0,94.5,1291,0.0,0.0
2014-11-26 00:00:00-05:00,91.0,98.5,90.0,98.19999694824219,245,0.0,0.0
2014-11-28 00:00:00-05:00,98.5,98.9749984741211,94.0,98.9749984741211,18,0.0,0.0
2014-12-01 00:00:00-05:00,98.49500274658203,98.49500274658203,94.0,96.5,332,0.0,0.0
2014-12-02 00:00:00-05:00,92.50499725341797,95.99500274658203,92.50499725341797,94.99500274658203,276,0.0,0.0
2014-12-03 00:00:00-05:00,90.5,96.0,90.5,94.49500274658203,394,0.0,0.0
2014-12-04 00:00:00-05:00,91.5,91.69999694824219,88.5,89.44499969482422,172,0.0,0.0
2014-12-05 00:00:00-05:00,89.55000305175781,91.33999633789062,89.55000305175781,91.33999633789062,24,0.0,0.0
2014-12-08 00:00:00-05:00,93.5,93.5,89.0,89.0,90,0.0,0.0
2014-12-09 00:00:00-05:00,87.5,88.5,87.5,88.5,104,0.0,0.0
2014-12-10 00:00:00-05:00,87.5,88.0,85.50499725341797,87.0,185,0.0,0.0
2014-12-11 00:00:00-05:00,87.08000183105469,87.08000183105469,85.00499725341797,85.5,51,0.0,0.0
2014-12-12 00:00:00-05:00,85.5,85.5,85.0,85.0,14,0.0,0.0
2014-12-15 00:00:00-05:00,80.5,81.30500030517578,79.0,79.0,120,0.0,0.0
2014-12-16 00:00:00-05:00,77.5,80.0,76.49500274658203,76.5,67,0.0,0.0
2014-12-17 00:00:00-05:00,79.79000091552734,84.0,79.0,82.5,577,0.0,0.0
2014-12-18 00:00:00-05:00,82.5,82.5,82.5,82.5,0,0.0,0.0
2014-12-19 00:00:00-05:00,80.55999755859375,81.0,75.0,79.0,266,0.0,0.0
2014-12-22 00:00:00-05:00,79.5,79.5,77.5,77.5,8,0.0,0.0
2014-12-23 00:00:00-05:00,76.44999694824219,77.0,76.0,77.0,44,0.0,0.0
2014-12-24 00:00:00-05:00,77.5,84.99500274658203,77.5,84.5,294,0.0,0.0
2014-12-26 00:00:00-05:00,85.0,85.0,78.5,83.05999755859375,54,0.0,0.0
2014-12-29 00:00:00-05:00,79.00499725341797,85.0,79.00499725341797,84.5,50,0.0,0.0
2014-12-30 00:00:00-05:00,84.5,84.5,81.5,84.5,60,0.0,0.0
2014-12-31 00:00:00-05:00,84.3499984741211,84.5,78.44499969482422,79.5,82,0.0,0.0
2015-01-02 00:00:00-05:00,77.0,84.49500274658203,76.5,78.13999938964844,83,0.0,0.0
2015-01-05 00:00:00-05:00,78.0,80.68000030517578,78.0,80.68000030517578,49,0.0,0.0
2015-01-06 00:00:00-05:00,77.5,83.9000015258789,77.5,78.0,83,0.0,0.0
2015-01-07 00:00:00-05:00,84.0,84.0,78.6500015258789,78.6500015258789,46,0.0,0.0
2015-01-08 00:00:00-05:00,83.7300033569336,83.7300033569336,79.5,81.5,61,0.0,0.0
2015-01-09 00:00:00-05:00,77.50499725341797,82.5,77.5,79.5,24,0.0,0.0
2015-01-12 00:00:00-05:00,84.0,84.0,77.50499725341797,83.5,116,0.0,0.0
2015-01-13 00:00:00-05:00,83.5,83.5,83.0,83.0,31,0.0,0.0
2015-01-14 00:00:00-05:00,78.0,82.0,78.0,82.0,167,0.0,0.0
2015-01-15 00:00:00-05:00,79.5,80.0,79.5,80.0,14,0.0,0.0
2015-01-16 00:00:00-05:00,82.5,82.5,81.9000015258789,82.0,84,0.0,0.0
2015-01-20 00:00:00-05:00,78.5,81.44999694824219,78.0,78.63999938964844,96,0.0,0.0
2015-01-21 00:00:00-05:00,82.49500274658203,82.5,82.49500274658203,82.49500274658203,36,0.0,0.0
2015-01-22 00:00:00-05:00,80.0,82.0,76.5,77.0999984741211,35,0.0,0.0
2015-01-23 00:00:00-05:00,76.99500274658203,76.99500274658203,70.5,71.00499725341797,117,0.0,0.0
2015-01-26 00:00:00-05:00,79.5,82.0,71.9000015258789,73.0250015258789,220,0.0,0.0
2015-01-27 00:00:00-05:00,81.43000030517578,136.5,72.54000091552734,100.5,27114,0.0,0.0
2015-01-28 00:00:00-05:00,102.5,105.0,95.5,103.0,4115,0.0,0.0
2015-01-29 00:00:00-05:00,103.50499725341797,107.0,96.5,107.0,1979,0.0,0.0
2015-01-30 00:00:00-05:00,105.0,106.5,96.5,98.5,1746,0.0,0.0
2015-02-02 00:00:00-05:00,101.5,117.0,99.0,107.0,1895,0.0,0.0
2015-02-03 00:00:00-05:00,106.5,109.5,102.5,105.5,479,0.0,0.0
2015-02-04 00:00:00-05:00,109.06500244140625,109.06500244140625,105.0,105.50499725341797,158,0.0,0.0
2015-02-05 00:00:00-05:00,107.59500122070312,108.5,106.0,108.0,339,0.0,0.0
2015-02-06 00:00:00-05:00,109.5,109.5,105.0,105.5,273,0.0,0.0
2015-02-09 00:00:00-05:00,105.5,112.0,105.5,108.5,406,0.0,0.0
2015-02-10 00:00:00-05:00,108.0,113.0,106.5,107.0,158,0.0,0.0
2015-02-11 00:00:00-05:00,107.05000305175781,108.0,106.0,108.0,198,0.0,0.0
2015-02-12 00:00:00-05:00,110.0,110.0,104.5,104.5,129,0.0,0.0
2015-02-13 00:00:00-05:00,105.00499725341797,107.81999969482422,103.0,105.5,136,0.0,0.0
2015-02-17 00:00:00-05:00,106.0,106.5,101.0,101.0,110,0.0,0.0
2015-02-18 00:00:00-05:00,100.00499725341797,100.00499725341797,94.5,98.1500015258789,336,0.0,0.0
2015-02-19 00:00:00-05:00,92.0,103.25,92.0,103.25,73,0.0,0.0
2015-02-20 00:00:00-05:00,97.80000305175781,106.5,94.5,104.5,238,0.0,0.0
2015-02-23 00:00:00-05:00,102.5,103.5,95.0,96.5,111,0.0,0.0
2015-02-24 00:00:00-05:00,100.0,101.0,97.5,97.5,46,0.0,0.0
2015-02-25 00:00:00-05:00,100.1500015258789,100.1500015258789,97.0,98.91999816894531,17,0.0,0.0
2015-02-26 00:00:00-05:00,100.0,100.5,95.0,95.50499725341797,153,0.0,0.0
2015-02-27 00:00:00-05:00,96.50499725341797,99.0199966430664,96.50499725341797,99.0199966430664,28,0.0,0.0
2015-03-02 00:00:00-05:00,100.0,101.0,96.00499725341797,101.0,30,0.0,0.0
2015-03-03 00:00:00-05:00,102.5,106.0199966430664,95.5,97.44000244140625,391,0.0,0.0
2015-03-04 00:00:00-05:00,92.99500274658203,99.49500274658203,91.0,97.0,191,0.0,0.0
2015-03-05 00:00:00-05:00,93.17500305175781,109.5,92.05000305175781,107.55999755859375,131,0.0,0.0
2015-03-06 00:00:00-05:00,102.0,104.99500274658203,93.5,104.99500274658203,135,0.0,0.0
2015-03-09 00:00:00-04:00,94.94999694824219,106.0,94.94999694824219,103.48999786376953,201,0.0,0.0
2015-03-10 00:00:00-04:00,93.5,105.0,93.5,100.88999938964844,68,0.0,0.0
2015-03-11 00:00:00-04:00,94.5,99.0,90.0,94.0,956,0.0,0.0
2015-03-12 00:00:00-04:00,94.5,97.0,94.5,97.0,43,0.0,0.0
2015-03-13 00:00:00-04:00,94.5,97.0,90.0,90.98999786376953,349,0.0,0.0
2015-03-16 00:00:00-04:00,90.5,97.0,90.5,96.75,28,0.0,0.0
2015-03-17 00:00:00-04:00,92.5,93.55999755859375,92.5,93.5,147,0.0,0.0
2015-03-18 00:00:00-04:00,93.49500274658203,93.9000015258789,93.0,93.5,77,0.0,0.0
2015-03-19 00:00:00-04:00,97.5,100.0,91.5,98.5,157,0.0,0.0
2015-03-20 00:00:00-04:00,92.625,98.17500305175781,92.0,92.0,89,0.0,0.0
2015-03-23 00:00:00-04:00,92.0,93.0,91.5,93.0,11,0.0,0.0
2015-03-24 00:00:00-04:00,91.5,94.0,88.0,90.0,172,0.0,0.0
2015-03-25 00:00:00-04:00,93.67500305175781,99.0,92.5,99.0,179,0.0,0.0
2015-03-26 00:00:00-04:00,99.5,110.0,97.5,109.5,569,0.0,0.0
2015-03-27 00:00:00-04:00,109.55000305175781,112.5,95.0,100.5,426,0.0,0.0
2015-03-30 00:00:00-04:00,98.0,100.00499725341797,88.0,89.5,565,0.0,0.0
2015-03-31 00:00:00-04:00,108.4000015258789,108.4000015258789,80.0,87.5,209,0.0,0.0
2015-04-01 00:00:00-04:00,87.55000305175781,90.5,87.5,88.00499725341797,109,0.0,0.0
2015-04-02 00:00:00-04:00,87.5,87.5,86.5,86.5,80,0.0,0.0
2015-04-06 00:00:00-04:00,86.42500305175781,86.5,78.5,78.5,197,0.0,0.0
2015-04-07 00:00:00-04:00,84.5,84.75,84.5,84.66000366210938,17,0.0,0.0
2015-04-08 00:00:00-04:00,85.48500061035156,90.0,85.48500061035156,89.5,154,0.0,0.0
2015-04-09 00:00:00-04:00,90.0,92.0,87.0,90.0,232,0.0,0.0
2015-04-10 00:00:00-04:00,88.5,94.0,88.0,90.0,94,0.0,0.0
2015-04-13 00:00:00-04:00,85.5,89.5,85.0250015258789,88.5,75,0.0,0.0
2015-04-14 00:00:00-04:00,88.99500274658203,88.99500274658203,86.5,86.5,289,0.0,0.0
2015-04-15 00:00:00-04:00,85.0,88.0,85.0,88.0,320,0.0,0.0
2015-04-16 00:00:00-04:00,87.5,97.0,85.0,85.61499786376953,675,0.0,0.0
2015-04-17 00:00:00-04:00,85.80000305175781,88.0,83.13999938964844,88.0,115,0.0,0.0
2015-04-20 00:00:00-04:00,84.4000015258789,84.50499725341797,83.50499725341797,83.50499725341797,124,0.0,0.0
2015-04-21 00:00:00-04:00,88.0,91.5,85.5,86.4000015258789,316,0.0,0.0
2015-04-22 00:00:00-04:00,87.5,91.5,85.0,89.2249984741211,216,0.0,0.0
2015-04-23 00:00:00-04:00,92.0,119.5,92.0,115.0,2912,0.0,0.0
2015-04-24 00:00:00-04:00,115.0,122.5,96.0,106.5,1702,0.0,0.0
2015-04-27 00:00:00-04:00,103.5,114.5,100.0,113.0,1377,0.0,0.0
2015-04-28 00:00:00-04:00,110.0,113.0,100.5,107.25,550,0.0,0.0
2015-04-29 00:00:00-04:00,102.75,109.5,102.0,109.5,297,0.0,0.0
2015-04-30 00:00:00-04:00,107.5,108.99500274658203,102.5,103.0,201,0.0,0.0
2015-05-01 00:00:00-04:00,102.5,103.0,102.5,103.0,34,0.0,0.0
2015-05-04 00:00:00-04:00,102.8499984741211,110.99500274658203,97.5,98.56500244140625,316,0.0,0.0
2015-05-05 00:00:00-04:00,100.5,100.5,100.0,100.0,54,0.0,0.0
2015-05-06 00:00:00-04:00,100.5,100.5,97.0,97.5,314,0.0,0.0
2015-05-07 00:00:00-04:00,102.5,102.5,96.0,100.0,24,0.0,0.0
2015-05-08 00:00:00-04:00,96.0,105.30000305175781,96.0,105.30000305175781,105,0.0,0.0
2015-05-11 00:00:00-04:00,95.5,95.5,93.5,93.5,62,0.0,0.0
2015-05-12 00:00:00-04:00,94.0,95.31500244140625,85.0,90.0,673,0.0,0.0
2015-05-13 00:00:00-04:00,94.0,97.0,91.0,91.0,53,0.0,0.0
2015-05-14 00:00:00-04:00,92.0,94.12000274658203,86.5,94.12000274658203,84,0.0,0.0
2015-05-15 00:00:00-04:00,96.0,96.0,83.0,92.99500274658203,431,0.0,0.0
2015-05-18 00:00:00-04:00,90.07499694824219,93.0,88.5,89.0,152,0.0,0.0
2015-05-19 00:00:00-04:00,88.5,88.5,83.5,83.5,193,0.0,0.0
2015-05-20 00:00:00-04:00,84.5,87.5,83.0,87.0,160,0.0,0.0
2015-05-21 00:00:00-04:00,84.3499984741211,89.99500274658203,82.50499725341797,89.30000305175781,62,0.0,0.0
2015-05-22 00:00:00-04:00,90.5,91.0,84.5,84.5,56,0.0,0.0
2015-05-26 00:00:00-04:00,85.0,87.0,85.0,86.5,76,0.0,0.0
2015-05-27 00:00:00-04:00,86.19999694824219,86.5,81.5,82.00499725341797,240,0.0,0.0
2015-05-28 00:00:00-04:00,81.5,83.0,75.0,81.0,407,0.0,0.0
2015-05-29 00:00:00-04:00,80.49500274658203,81.0,76.5,80.99500274658203,99,0.0,0.0
2015-06-01 00:00:00-04:00,80.99500274658203,80.99500274658203,80.99500274658203,80.99500274658203,0,0.0,0.0
2015-06-02 00:00:00-04:00,81.0,81.0,75.0,80.5,91,0.0,0.0
2015-06-03 00:00:00-04:00,80.5,81.01499938964844,73.0,77.49500274658203,163,0.0,0.0
2015-06-04 00:00:00-04:00,80.0199966430664,83.5,77.5,81.4000015258789,98,0.0,0.0
2015-06-05 00:00:00-04:00,85.0,89.5,77.0,82.0,266,0.0,0.0
2015-06-08 00:00:00-04:00,86.43499755859375,86.43499755859375,80.05500030517578,82.0,14,0.0,0.0
2015-06-09 00:00:00-04:00,82.0,82.5,80.5,80.5,45,0.0,0.0
2015-06-10 00:00:00-04:00,83.0,83.5,82.5,83.5,78,0.0,0.0
2015-06-11 00:00:00-04:00,84.0,89.0,84.0,89.0,21,0.0,0.0
2015-06-12 00:00:00-04:00,89.0,89.0,87.43000030517578,87.625,10,0.0,0.0
2015-06-15 00:00:00-04:00,89.49500274658203,89.49500274658203,89.49500274658203,89.49500274658203,16,0.0,0.0
2015-06-16 00:00:00-04:00,86.5999984741211,86.6500015258789,84.5,85.5,48,0.0,0.0
2015-06-17 00:00:00-04:00,84.50499725341797,85.25,84.5,84.5,147,0.0,0.0
2015-06-18 00:00:00-04:00,82.41999816894531,85.01000213623047,80.5,85.01000213623047,46,0.0,0.0
2015-06-19 00:00:00-04:00,84.5,84.5,80.0,82.5,78,0.0,0.0
2015-06-22 00:00:00-04:00,80.5,80.5,80.5,80.5,8,0.0,0.0
2015-06-23 00:00:00-04:00,84.0,84.0,82.1449966430664,83.5,53,0.0,0.0
2015-06-24 00:00:00-04:00,80.0,81.5,80.0,81.5,66,0.0,0.0
2015-06-25 00:00:00-04:00,80.5,80.91999816894531,80.0,80.5,32,0.0,0.0
2015-06-26 00:00:00-04:00,81.9800033569336,83.0,81.9800033569336,83.0,4,0.0,0.0
2015-06-29 00:00:00-04:00,81.54000091552734,81.54000091552734,73.5,77.5,201,0.0,0.0
2015-06-30 00:00:00-04:00,79.99500274658203,79.99500274658203,73.5,77.5,93,0.0,0.0
2015-07-01 00:00:00-04:00,75.05000305175781,76.0,73.5,76.0,68,0.0,0.0
2015-07-02 00:00:00-04:00,73.0,74.0,71.0,73.5,99,0.0,0.0
2015-07-06 00:00:00-04:00,72.5999984741211,74.0,72.5,74.0,18,0.0,0.0
2015-07-07 00:00:00-04:00,72.5,72.5,71.0,71.62000274658203,54,0.0,0.0
2015-07-08 00:00:00-04:00,71.0,71.0,70.0,70.5,87,0.0,0.0
2015-07-09 00:00:00-04:00,70.49500274658203,70.49500274658203,70.0,70.0,28,0.0,0.0
2015-07-10 00:00:00-04:00,65.0,65.42500305175781,53.0,56.505001068115234,913,0.0,0.0
2015-07-13 00:00:00-04:00,54.0,58.5,54.0,58.5,179,0.0,0.0
2015-07-14 00:00:00-04:00,57.20000076293945,70.0,57.20000076293945,60.994998931884766,659,0.0,0.0
2015-07-15 00:00:00-04:00,57.5,61.79999923706055,57.0,61.0,159,0.0,0.0
2015-07-16 00:00:00-04:00,60.5,60.5,60.5,60.5,5,0.0,0.0
2015-07-17 00:00:00-04:00,57.0,58.04999923706055,57.0,58.04999923706055,33,0.0,0.0
2015-07-20 00:00:00-04:00,61.0,89.5,61.0,76.0,2145,0.0,0.0
2015-07-21 00:00:00-04:00,75.5,75.5,70.0,72.125,315,0.0,0.0
2015-07-22 00:00:00-04:00,75.0,75.0,72.0,72.0,74,0.0,0.0
2015-07-23 00:00:00-04:00,70.0,74.0,70.0,74.0,36,0.0,0.0
2015-07-24 00:00:00-04:00,72.375,77.5,72.375,76.99500274658203,231,0.0,0.0
2015-07-27 00:00:00-04:00,75.0,77.5,75.0,75.0,45,0.0,0.0
2015-07-28 00:00:00-04:00,75.0,75.63999938964844,75.0,75.63999938964844,25,0.0,0.0
2015-07-29 00:00:00-04:00,77.0,77.0,68.5,69.0,103,0.0,0.0
2015-07-30 00:00:00-04:00,66.5,70.68499755859375,66.5,70.68499755859375,60,0.0,0.0
2015-07-31 00:00:00-04:00,70.68499755859375,70.68499755859375,70.68499755859375,70.68499755859375,0,0.0,0.0
2015-08-03 00:00:00-04:00,68.75,70.30000305175781,68.0,70.30000305175781,69,0.0,0.0
2015-08-04 00:00:00-04:00,69.50499725341797,69.50499725341797,69.50499725341797,69.50499725341797,22,0.0,0.0
2015-08-05 00:00:00-04:00,70.52999877929688,71.5,69.50499725341797,69.80000305175781,34,0.0,0.0
2015-08-06 00:00:00-04:00,70.0,70.0,69.5,69.5,46,0.0,0.0
2015-08-07 00:00:00-04:00,66.5,66.5,56.5,59.5,243,0.0,0.0
2015-08-10 00:00:00-04:00,63.0,63.0,59.5,59.5,15,0.0,0.0
2015-08-11 00:00:00-04:00,59.5,59.5,59.5,59.5,0,0.0,0.0
2015-08-12 00:00:00-04:00,57.5,62.494998931884766,56.5,62.494998931884766,84,0.0,0.0
2015-08-13 00:00:00-04:00,60.04999923706055,62.0,60.0,61.994998931884766,26,0.0,0.0
2015-08-14 00:00:00-04:00,62.0,63.5,58.0,58.0,94,0.0,0.0
2015-08-17 00:00:00-04:00,58.0,62.994998931884766,51.0,62.494998931884766,250,0.0,0.0
2015-08-18 00:00:00-04:00,62.494998931884766,62.494998931884766,62.494998931884766,62.494998931884766,0,0.0,0.0
2015-08-19 00:00:00-04:00,55.0,58.5,51.505001068115234,52.349998474121094,166,0.0,0.0
2015-08-20 00:00:00-04:00,53.0,58.0,52.5,58.0,17,0.0,0.0
2015-08-21 00:00:00-04:00,54.04999923706055,55.58000183105469,53.0,55.58000183105469,45,0.0,0.0
2015-08-24 00:00:00-04:00,53.5,54.0,51.5,52.685001373291016,183,0.0,0.0
2015-08-25 00:00:00-04:00,57.494998931884766,57.494998931884766,55.005001068115234,55.005001068115234,41,0.0,0.0
2015-08-26 00:00:00-04:00,55.099998474121094,57.0,55.099998474121094,57.0,87,0.0,0.0
2015-08-27 00:00:00-04:00,55.005001068115234,55.005001068115234,55.0,55.0,16,0.0,0.0
2015-08-28 00:00:00-04:00,53.5,54.0,53.5,54.0,7,0.0,0.0
2015-08-31 00:00:00-04:00,54.224998474121094,54.224998474121094,54.224998474121094,54.224998474121094,2,0.0,0.0
2015-09-01 00:00:00-04:00,55.5,55.5,55.5,55.5,7,0.0,0.0
2015-09-02 00:00:00-04:00,55.5,56.0,53.599998474121094,55.369998931884766,49,0.0,0.0
2015-09-03 00:00:00-04:00,55.369998931884766,55.369998931884766,55.369998931884766,55.369998931884766,0,0.0,0.0
2015-09-04 00:00:00-04:00,55.0,56.0,55.0,56.0,36,0.0,0.0
2015-09-08 00:00:00-04:00,53.005001068115234,54.150001525878906,52.5,54.150001525878906,129,0.0,0.0
2015-09-09 00:00:00-04:00,56.0,56.5,55.005001068115234,56.5,65,0.0,0.0
2015-09-10 00:00:00-04:00,60.0,63.494998931884766,55.5,59.5,391,0.0,0.0
2015-09-11 00:00:00-04:00,60.005001068115234,68.5,60.005001068115234,65.31500244140625,84,0.0,0.0
2015-09-14 00:00:00-04:00,57.880001068115234,59.119998931884766,57.5,59.119998931884766,19,0.0,0.0
2015-09-15 00:00:00-04:00,58.005001068115234,60.0,56.0,56.505001068115234,121,0.0,0.0
2015-09-16 00:00:00-04:00,56.0,59.0,56.0,59.0,9,0.0,0.0
2015-09-17 00:00:00-04:00,57.814998626708984,61.5,57.0,57.0,62,0.0,0.0
2015-09-18 00:00:00-04:00,57.0,57.0,57.0,57.0,0,0.0,0.0
2015-09-21 00:00:00-04:00,57.0,57.0,57.0,57.0,0,0.0,0.0
2015-09-22 00:00:00-04:00,57.0,60.2400016784668,57.0,59.400001525878906,83,0.0,0.0
2015-09-23 00:00:00-04:00,58.0,66.5,58.0,65.5,29,0.0,0.0
2015-09-24 00:00:00-04:00,56.5,57.0,56.5,57.0,4,0.0,0.0
2015-09-25 00:00:00-04:00,57.93000030517578,58.709999084472656,57.0,57.0,111,0.0,0.0
2015-09-28 00:00:00-04:00,57.0,57.0,57.0,57.0,0,0.0,0.0
2015-09-29 00:00:00-04:00,57.0,57.0,57.0,57.0,16,0.0,0.0
2015-09-30 00:00:00-04:00,59.5,61.5,59.5,61.5,4,0.0,0.0
2015-10-01 00:00:00-04:00,59.005001068115234,59.415000915527344,59.0,59.0,35,0.0,0.0
2015-10-02 00:00:00-04:00,58.25,58.375,58.25,58.375,6,0.0,0.0
2015-10-05 00:00:00-04:00,57.005001068115234,62.25,57.0,57.005001068115234,80,0.0,0.0
2015-10-06 00:00:00-04:00,58.005001068115234,58.005001068115234,58.0,58.0,11,0.0,0.0
2015-10-07 00:00:00-04:00,58.0,58.0,57.29499816894531,57.29499816894531,10,0.0,0.0
2015-10-08 00:00:00-04:00,58.505001068115234,58.505001068115234,58.505001068115234,58.505001068115234,2,0.0,0.0
2015-10-09 00:00:00-04:00,56.505001068115234,56.849998474121094,56.5,56.849998474121094,50,0.0,0.0
2015-10-12 00:00:00-04:00,57.0,57.0,57.0,57.0,2,0.0,0.0
2015-10-13 00:00:00-04:00,59.5,59.5,59.5,59.5,5,0.0,0.0
2015-10-14 00:00:00-04:00,59.5,59.5,59.5,59.5,10,0.0,0.0
2015-10-15 00:00:00-04:00,56.505001068115234,59.439998626708984,56.0,58.75,154,0.0,0.0
2015-10-16 00:00:00-04:00,58.75,58.75,58.75,58.75,0,0.0,0.0
2015-10-19 00:00:00-04:00,62.5,62.5,55.0,55.0,29,0.0,0.0
2015-10-20 00:00:00-04:00,60.5,60.5,59.59000015258789,59.83000183105469,60,0.0,0.0
2015-10-21 00:00:00-04:00,55.5,55.5,55.5,55.5,6,0.0,0.0
2015-10-22 00:00:00-04:00,60.0,60.5,56.505001068115234,56.650001525878906,88,0.0,0.0
2015-10-23 00:00:00-04:00,56.70000076293945,56.70000076293945,56.505001068115234,56.505001068115234,10,0.0,0.0
2015-10-26 00:00:00-04:00,56.5,56.5,54.0,54.0,67,0.0,0.0
2015-10-27 00:00:00-04:00,53.5,55.0,51.5,54.0,93,0.0,0.0
2015-10-28 00:00:00-04:00,54.0,54.0,54.0,54.0,0,0.0,0.0
2015-10-29 00:00:00-04:00,52.005001068115234,52.005001068115234,52.0,52.0,6,0.0,0.0
2015-10-30 00:00:00-04:00,51.5,52.7599983215332,50.0,52.7599983215332,67,0.0,0.0
2015-11-02 00:00:00-05:00,50.0,50.20000076293945,49.494998931884766,49.494998931884766,121,0.0,0.0
2015-11-03 00:00:00-05:00,49.5,49.5,49.5,49.5,10,0.0,0.0
2015-11-04 00:00:00-05:00,49.5,49.5,48.994998931884766,48.994998931884766,46,0.0,0.0
2015-11-05 00:00:00-05:00,48.415000915527344,48.58000183105469,48.0,48.5,50,0.0,0.0
2015-11-06 00:00:00-05:00,48.20000076293945,48.540000915527344,48.0,48.0,71,0.0,0.0
2015-11-09 00:00:00-05:00,47.5,49.5,47.154998779296875,47.505001068115234,31,0.0,0.0
2015-11-10 00:00:00-05:00,49.994998931884766,49.994998931884766,47.75,47.75,58,0.0,0.0
2015-11-11 00:00:00-05:00,38.0,45.369998931884766,38.0,44.0,175,0.0,0.0
2015-11-12 00:00:00-05:00,38.0,43.994998931884766,38.0,42.5,51,0.0,0.0
2015-11-13 00:00:00-05:00,38.0,41.91999816894531,38.0,41.314998626708984,82,0.0,0.0
2015-11-16 00:00:00-05:00,38.0,40.994998931884766,38.0,40.119998931884766,92,0.0,0.0
2015-11-17 00:00:00-05:00,40.0,53.5,40.0,44.5,195,0.0,0.0
2015-11-18 00:00:00-05:00,49.494998931884766,49.494998931884766,49.494998931884766,49.494998931884766,2,0.0,0.0
2015-11-19 00:00:00-05:00,45.0,50.0,45.0,48.0,95,0.0,0.0
2015-11-20 00:00:00-05:00,48.0,48.0,48.0,48.0,0,0.0,0.0
2015-11-23 00:00:00-05:00,44.0,58.0,44.0,57.0,176,0.0,0.0
2015-11-24 00:00:00-05:00,57.0,57.0,46.0,46.0,40,0.0,0.0
2015-11-25 00:00:00-05:00,46.5,50.5,44.005001068115234,44.005001068115234,30,0.0,0.0
2015-11-27 00:00:00-05:00,44.505001068115234,44.505001068115234,44.505001068115234,44.505001068115234,28,0.0,0.0
2015-11-30 00:00:00-05:00,44.505001068115234,45.0,43.505001068115234,43.505001068115234,206,0.0,0.0
2015-12-01 00:00:00-05:00,43.505001068115234,43.505001068115234,43.505001068115234,43.505001068115234,0,0.0,0.0
2015-12-02 00:00:00-05:00,47.505001068115234,48.5,47.0,48.5,99,0.0,0.0
2015-12-03 00:00:00-05:00,48.5,48.5,48.5,48.5,0,0.0,0.0
2015-12-04 00:00:00-05:00,48.0,48.0,48.0,48.0,80,0.0,0.0
2015-12-07 00:00:00-05:00,48.0,48.0,48.0,48.0,0,0.0,0.0
2015-12-08 00:00:00-05:00,45.505001068115234,45.505001068115234,43.5,43.505001068115234,143,0.0,0.0
2015-12-09 00:00:00-05:00,43.5,43.5,43.5,43.5,19,0.0,0.0
2015-12-10 00:00:00-05:00,43.5,43.5,43.5,43.5,0,0.0,0.0
2015-12-11 00:00:00-05:00,43.5,43.505001068115234,43.5,43.5,152,0.0,0.0
2015-12-14 00:00:00-05:00,42.5,42.5,42.5,42.5,2,0.0,0.0
2015-12-15 00:00:00-05:00,45.290000915527344,45.5,45.0,45.5,8,0.0,0.0
2015-12-16 00:00:00-05:00,42.5,45.994998931884766,42.0,45.994998931884766,14,0.0,0.0
2015-12-17 00:00:00-05:00,45.994998931884766,45.994998931884766,45.994998931884766,45.994998931884766,0,0.0,0.0
2015-12-18 00:00:00-05:00,43.5,46.0,42.0,42.5,38,0.0,0.0
2015-12-21 00:00:00-05:00,43.0,47.5,40.75,44.75,152,0.0,0.0
2015-12-22 00:00:00-05:00,42.5,43.15999984741211,42.5,42.5,201,0.0,0.0
2015-12-23 00:00:00-05:00,42.5,42.5,36.005001068115234,38.77000045776367,171,0.0,0.0
2015-12-24 00:00:00-05:00,38.5,48.0,36.0,48.0,83,0.0,0.0
2015-12-28 00:00:00-05:00,40.099998474121094,44.25,36.5,44.25,60,0.0,0.0
2015-12-29 00:00:00-05:00,40.0,46.0,40.0,42.75,18,0.0,0.0
2015-12-30 00:00:00-05:00,45.0,45.0,37.5,37.5,153,0.0,0.0
2015-12-31 00:00:00-05:00,37.5,39.0,36.5,36.5,168,0.0,0.0
2016-01-04 00:00:00-05:00,43.1349983215332,43.1349983215332,43.1349983215332,43.1349983215332,2,0.0,0.0
2016-01-05 00:00:00-05:00,42.0,43.0,42.0,43.0,7,0.0,0.0
2016-01-06 00:00:00-05:00,43.0,43.0,43.0,43.0,0,0.0,0.0
2016-01-07 00:00:00-05:00,44.9900016784668,44.9900016784668,44.9900016784668,44.9900016784668,4,0.0,0.0
2016-01-08 00:00:00-05:00,41.0,41.0,41.0,41.0,2,0.0,0.0
2016-01-11 00:00:00-05:00,41.0,41.0,41.0,41.0,0,0.0,0.0
2016-01-12 00:00:00-05:00,38.70000076293945,39.01499938964844,37.560001373291016,37.564998626708984,148,0.0,0.0
2016-01-13 00:00:00-05:00,37.77000045776367,38.5,37.5,38.5,53,0.0,0.0
2016-01-14 00:00:00-05:00,37.5,39.47999954223633,31.975000381469727,34.60499954223633,302,0.0,0.0
2016-01-15 00:00:00-05:00,34.60499954223633,34.60499954223633,34.60499954223633,34.60499954223633,0,0.0,0.0
2016-01-19 00:00:00-05:00,34.60499954223633,34.60499954223633,34.60499954223633,34.60499954223633,0,0.0,0.0
2016-01-20 00:00:00-05:00,30.0,33.5,30.0,33.5,202,0.0,0.0
2016-01-21 00:00:00-05:00,32.5,33.494998931884766,30.770000457763672,33.494998931884766,56,0.0,0.0
2016-01-22 00:00:00-05:00,29.024999618530273,33.994998931884766,29.024999618530273,33.994998931884766,12,0.0,0.0
2016-01-25 00:00:00-05:00,29.5,30.540000915527344,29.5,30.540000915527344,90,0.0,0.0
2016-01-26 00:00:00-05:00,32.5,39.5,26.049999237060547,38.25,162,0.0,0.0
2016-01-27 00:00:00-05:00,27.049999237060547,32.5,27.049999237060547,32.400001525878906,185,0.0,0.0
2016-01-28 00:00:00-05:00,32.400001525878906,32.400001525878906,32.400001525878906,32.400001525878906,0,0.0,0.0
2016-01-29 00:00:00-05:00,32.349998474121094,35.0,32.150001525878906,35.0,28,0.0,0.0
2016-02-01 00:00:00-05:00,34.5,34.5,32.0,32.44499969482422,58,0.0,0.0
2016-02-02 00:00:00-05:00,30.0,30.0,27.799999237060547,29.799999237060547,100,0.0,0.0
2016-02-03 00:00:00-05:00,29.5,30.0,29.5,30.0,92,0.0,0.0
2016-02-04 00:00:00-05:00,29.5,38.345001220703125,29.5,38.345001220703125,37,0.0,0.0
2016-02-05 00:00:00-05:00,39.0,39.5,31.0,35.529998779296875,46,0.0,0.0
2016-02-08 00:00:00-05:00,31.0,33.880001068115234,31.0,33.880001068115234,6,0.0,0.0
2016-02-09 00:00:00-05:00,39.5,39.5,35.0,35.0,796,0.0,0.0
2016-02-10 00:00:00-05:00,35.0,37.5,35.0,37.5,36,0.0,0.0
2016-02-11 00:00:00-05:00,35.07500076293945,38.474998474121094,35.07500076293945,38.474998474121094,4,0.0,0.0
2016-02-12 00:00:00-05:00,35.0,38.5,34.5,38.5,42,0.0,0.0
2016-02-16 00:00:00-05:00,34.5,37.970001220703125,34.0,37.970001220703125,81,0.0,0.0
2016-02-17 00:00:00-05:00,34.5,37.46500015258789,34.5,37.46500015258789,5,0.0,0.0
2016-02-18 00:00:00-05:00,35.0,37.5,34.5,37.32500076293945,255,0.0,0.0
2016-02-19 00:00:00-05:00,34.380001068115234,34.380001068115234,34.0,34.0,4,0.0,0.0
2016-02-22 00:00:00-05:00,33.0,36.0,33.0,36.0,5,0.0,0.0
2016-02-23 00:00:00-05:00,32.005001068115234,36.04999923706055,30.0,36.04999923706055,132,0.0,0.0
2016-02-24 00:00:00-05:00,28.049999237060547,36.5,28.0,33.5,32,0.0,0.0
2016-02-25 00:00:00-05:00,35.18000030517578,35.18000030517578,35.18000030517578,35.18000030517578,2,0.0,0.0
2016-02-26 00:00:00-05:00,35.0,38.220001220703125,35.0,37.0,21,0.0,0.0
2016-02-29 00:00:00-05:00,36.75,36.75,36.75,36.75,4,0.0,0.0
2016-03-01 00:00:00-05:00,34.5099983215332,41.3650016784668,34.5099983215332,41.3650016784668,23,0.0,0.0
2016-03-02 00:00:00-05:00,36.0,39.85499954223633,35.68000030517578,39.85499954223633,16,0.0,0.0
2016-03-03 00:00:00-05:00,37.525001525878906,39.5,37.525001525878906,38.625,44,0.0,0.0
2016-03-04 00:00:00-05:00,35.0,37.0,35.0,37.0,31,0.0,0.0
2016-03-07 00:00:00-05:00,39.98500061035156,40.0,39.900001525878906,40.0,27,0.0,0.0
2016-03-08 00:00:00-05:00,33.0,37.15999984741211,31.5,31.5,28,0.0,0.0
2016-03-09 00:00:00-05:00,33.07500076293945,38.994998931884766,33.07500076293945,36.290000915527344,61,0.0,0.0
2016-03-10 00:00:00-05:00,32.5,35.0,32.5,35.0,31,0.0,0.0
2016-03-11 00:00:00-05:00,35.0,36.0,30.25,31.5,626,0.0,0.0
2016-03-14 00:00:00-04:00,35.5,36.0,35.5,35.96500015258789,80,0.0,0.0
2016-03-15 00:00:00-04:00,33.650001525878906,33.650001525878906,33.005001068115234,33.005001068115234,35,0.0,0.0
2016-03-16 00:00:00-04:00,35.9900016784668,35.9900016784668,34.709999084472656,34.709999084472656,71,0.0,0.0
2016-03-17 00:00:00-04:00,33.0,35.959999084472656,32.5099983215332,32.5099983215332,11,0.0,0.0
2016-03-18 00:00:00-04:00,34.91999816894531,34.91999816894531,32.0,32.79999923706055,18,0.0,0.0
2016-03-21 00:00:00-04:00,35.9900016784668,40.0,35.9900016784668,37.5,475,0.0,0.0
2016-03-22 00:00:00-04:00,39.39500045776367,41.0,38.529998779296875,40.04999923706055,363,0.0,0.0
2016-03-23 00:00:00-04:00,35.0,45.5,35.0,43.45500183105469,56,0.0,0.0
2016-03-24 00:00:00-04:00,39.0,48.0,39.0,45.994998931884766,809,0.0,0.0
2016-03-28 00:00:00-04:00,45.5,50.5,45.20000076293945,49.0,339,0.0,0.0
2016-03-29 00:00:00-04:00,49.994998931884766,52.9900016784668,49.94499969482422,51.994998931884766,572,0.0,0.0
2016-03-30 00:00:00-04:00,52.0,52.005001068115234,32.5,35.5,2040,0.0,0.0
2016-03-31 00:00:00-04:00,37.779998779296875,41.494998931884766,37.0,37.04999923706055,357,0.0,0.0
2016-04-01 00:00:00-04:00,36.54999923706055,36.54999923706055,35.5,35.5,163,0.0,0.0
2016-04-04 00:00:00-04:00,35.04999923706055,35.04999923706055,35.0,35.0,16,0.0,0.0
2016-04-05 00:00:00-04:00,37.5,42.0,37.5,39.0,793,0.0,0.0
2016-04-06 00:00:00-04:00,38.994998931884766,39.0,35.255001068115234,38.494998931884766,432,0.0,0.0
2016-04-07 00:00:00-04:00,38.0,38.0,35.650001525878906,36.25,7,0.0,0.0
2016-04-08 00:00:00-04:00,36.244998931884766,36.25,35.75,35.75,56,0.0,0.0
2016-04-11 00:00:00-04:00,35.0,35.095001220703125,35.0,35.084999084472656,12,0.0,0.0
2016-04-12 00:00:00-04:00,35.0,36.95000076293945,35.0,36.95000076293945,268,0.0,0.0
2016-04-13 00:00:00-04:00,37.0,41.0,35.599998474121094,36.29999923706055,185,0.0,0.0
2016-04-14 00:00:00-04:00,37.0,37.56999969482422,36.03499984741211,36.03499984741211,184,0.0,0.0
2016-04-15 00:00:00-04:00,35.599998474121094,36.0,35.599998474121094,36.0,11,0.0,0.0
2016-04-18 00:00:00-04:00,36.5,37.29999923706055,35.5,35.5,77,0.0,0.0
2016-04-19 00:00:00-04:00,35.0,38.65999984741211,35.0,38.65999984741211,6,0.0,0.0
2016-04-20 00:00:00-04:00,35.97999954223633,36.58000183105469,35.97999954223633,36.58000183105469,20,0.0,0.0
2016-04-21 00:00:00-04:00,36.505001068115234,36.505001068115234,36.5,36.505001068115234,96,0.0,0.0
2016-04-22 00:00:00-04:00,38.98500061035156,38.98500061035156,36.5,36.5,6,0.0,0.0
2016-04-25 00:00:00-04:00,37.599998474121094,37.599998474121094,33.04999923706055,37.560001373291016,162,0.0,0.0
2016-04-26 00:00:00-04:00,37.505001068115234,39.0,34.0,39.0,136,0.0,0.0
2016-04-27 00:00:00-04:00,38.86000061035156,38.95000076293945,36.505001068115234,36.505001068115234,78,0.0,0.0
2016-04-28 00:00:00-04:00,39.040000915527344,39.040000915527344,39.040000915527344,39.040000915527344,2,0.0,0.0
2016-04-29 00:00:00-04:00,38.33000183105469,38.33000183105469,33.04999923706055,35.0,400,0.0,0.0
2016-05-02 00:00:00-04:00,36.04999923706055,37.025001525878906,33.04999923706055,36.150001525878906,32,0.0,0.0
2016-05-03 00:00:00-04:00,38.435001373291016,38.45000076293945,38.435001373291016,38.45000076293945,13,0.0,0.0
2016-05-04 00:00:00-04:00,38.45000076293945,38.45000076293945,38.45000076293945,38.45000076293945,0,0.0,0.0
2016-05-05 00:00:00-04:00,38.45000076293945,38.45000076293945,38.45000076293945,38.45000076293945,0,0.0,0.0
2016-05-06 00:00:00-04:00,38.494998931884766,38.494998931884766,37.5,37.5,87,0.0,0.0
2016-05-09 00:00:00-04:00,37.5,37.5,37.5,37.5,0,0.0,0.0
2016-05-10 00:00:00-04:00,36.45500183105469,36.45500183105469,35.084999084472656,35.084999084472656,4,0.0,0.0
2016-05-11 00:00:00-04:00,33.95000076293945,36.0,33.95000076293945,36.0,22,0.0,0.0
2016-05-12 00:00:00-04:00,33.564998626708984,37.45000076293945,33.0,37.45000076293945,98,0.0,0.0
2016-05-13 00:00:00-04:00,37.45000076293945,37.45000076293945,37.45000076293945,37.45000076293945,0,0.0,0.0
2016-05-16 00:00:00-04:00,33.334999084472656,37.494998931884766,33.0,37.494998931884766,142,0.0,0.0
2016-05-17 00:00:00-04:00,34.5,36.150001525878906,34.5,36.150001525878906,27,0.0,0.0
2016-05-18 00:00:00-04:00,36.150001525878906,36.150001525878906,36.150001525878906,36.150001525878906,0,0.0,0.0
2016-05-19 00:00:00-04:00,36.150001525878906,36.150001525878906,36.150001525878906,36.150001525878906,0,0.0,0.0
2016-05-20 00:00:00-04:00,37.44499969482422,37.44499969482422,37.44499969482422,37.44499969482422,2,0.0,0.0
2016-05-23 00:00:00-04:00,37.44499969482422,37.44499969482422,37.44499969482422,37.44499969482422,0,0.0,0.0
2016-05-24 00:00:00-04:00,37.5,38.150001525878906,36.0,36.29999923706055,128,0.0,0.0
2016-05-25 00:00:00-04:00,33.55500030517578,36.0,33.55500030517578,36.0,22,0.0,0.0
2016-05-26 00:00:00-04:00,34.7400016784668,35.5,33.54999923706055,35.5,43,0.0,0.0
2016-05-27 00:00:00-04:00,35.43000030517578,35.43000030517578,35.43000030517578,35.43000030517578,2,0.0,0.0
2016-05-31 00:00:00-04:00,35.43000030517578,35.43000030517578,35.43000030517578,35.43000030517578,0,0.0,0.0
2016-06-01 00:00:00-04:00,33.5,33.5,33.0,33.0,226,0.0,0.0
2016-06-02 00:00:00-04:00,33.0,33.0,33.0,33.0,132,0.0,0.0
2016-06-03 00:00:00-04:00,33.005001068115234,33.540000915527344,33.005001068115234,33.540000915527344,76,0.0,0.0
2016-06-06 00:00:00-04:00,33.0,39.91999816894531,33.0,38.0,188,0.0,0.0
2016-06-07 00:00:00-04:00,43.5,48.529998779296875,39.0,45.525001525878906,325,0.0,0.0
2016-06-08 00:00:00-04:00,45.0,45.0,37.494998931884766,38.5,194,0.0,0.0
2016-06-09 00:00:00-04:00,40.0,40.0,40.0,40.0,9,0.0,0.0
2016-06-10 00:00:00-04:00,35.04999923706055,35.04999923706055,35.04999923706055,35.04999923706055,2,0.0,0.0
2016-06-13 00:00:00-04:00,36.04999923706055,39.5,36.04999923706055,39.5,7,0.0,0.0
2016-06-14 00:00:00-04:00,41.505001068115234,44.994998931884766,37.650001525878906,40.505001068115234,190,0.0,0.0
2016-06-15 00:00:00-04:00,41.0,43.189998626708984,37.5,37.75,73,0.0,0.0
2016-06-16 00:00:00-04:00,37.75,37.75,37.75,37.75,0,0.0,0.0
2016-06-17 00:00:00-04:00,37.75,37.75,37.75,37.75,0,0.0,0.0
2016-06-20 00:00:00-04:00,36.04999923706055,39.95000076293945,35.04999923706055,35.04999923706055,15,0.0,0.0
2016-06-21 00:00:00-04:00,35.04999923706055,36.665000915527344,35.04999923706055,36.665000915527344,19,0.0,0.0
2016-06-22 00:00:00-04:00,35.04999923706055,35.04999923706055,34.5,34.98500061035156,40,0.0,0.0
2016-06-23 00:00:00-04:00,34.5,35.0,34.0,34.974998474121094,159,0.0,0.0
2016-06-24 00:00:00-04:00,34.5,34.505001068115234,34.29499816894531,34.29499816894531,246,0.0,0.0
2016-06-27 00:00:00-04:00,33.5,33.5,33.25,33.25,201,0.0,0.0
2016-06-28 00:00:00-04:00,33.5,35.25,33.25,33.25,156,0.0,0.0
2016-06-29 00:00:00-04:00,33.29999923706055,33.29999923706055,33.29999923706055,33.29999923706055,2,0.0,0.0
2016-06-30 00:00:00-04:00,36.0,40.0,36.0,37.44499969482422,60,0.0,0.0
2016-07-01 00:00:00-04:00,37.43000030517578,37.43000030517578,37.43000030517578,37.43000030517578,10,0.0,0.0
2016-07-05 00:00:00-04:00,34.04999923706055,34.04999923706055,34.04999923706055,34.04999923706055,4,0.0,0.0
2016-07-06 00:00:00-04:00,35.0,35.005001068115234,34.04999923706055,34.119998931884766,152,0.0,0.0
2016-07-07 00:00:00-04:00,34.005001068115234,34.3849983215332,33.90999984741211,33.90999984741211,154,0.0,0.0
2016-07-08 00:00:00-04:00,34.95000076293945,37.380001068115234,34.75,37.380001068115234,748,0.0,0.0
2016-07-11 00:00:00-04:00,39.25,109.5,39.25,51.0,50278,0.0,0.0
2016-07-12 00:00:00-04:00,46.5,49.974998474121094,39.04999923706055,41.5,6135,0.0,0.0
2016-07-13 00:00:00-04:00,41.5,43.0,37.505001068115234,38.20000076293945,3339,0.0,0.0
2016-07-14 00:00:00-04:00,39.70000076293945,42.0,38.5,40.0,1335,0.0,0.0
2016-07-15 00:00:00-04:00,39.04999923706055,40.084999084472656,37.5,37.5,1814,0.0,0.0
2016-07-18 00:00:00-04:00,37.54999923706055,40.0,35.650001525878906,40.0,877,0.0,0.0
2016-07-19 00:00:00-04:00,37.845001220703125,38.45000076293945,37.5,38.45000076293945,219,0.0,0.0
2016-07-20 00:00:00-04:00,36.5,39.33000183105469,36.5,37.5,404,0.0,0.0
2016-07-21 00:00:00-04:00,38.75,57.5,37.54999923706055,44.0,7433,0.0,0.0
2016-07-22 00:00:00-04:00,41.0,80.0,41.0,53.0,33630,0.0,0.0
2016-07-25 00:00:00-04:00,51.0,54.185001373291016,45.5,48.20000076293945,2840,0.0,0.0
2016-07-26 00:00:00-04:00,45.5,49.994998931884766,43.099998474121094,46.505001068115234,3266,0.0,0.0
2016-07-27 00:00:00-04:00,50.5,60.0,47.13999938964844,51.25,1731,0.0,0.0
2016-07-28 00:00:00-04:00,53.22999954223633,53.71500015258789,48.0,48.5,625,0.0,0.0
2016-07-29 00:00:00-04:00,49.125,92.5,47.75,65.5,125178,0.0,0.0
2016-08-01 00:00:00-04:00,61.0,80.0,58.5,60.0,14396,0.0,0.0
2016-08-02 00:00:00-04:00,69.0,69.0,53.5,59.5,1897,0.0,0.0
2016-08-03 00:00:00-04:00,63.5,79.5,58.0,70.5,17834,0.0,0.0
2016-08-04 00:00:00-04:00,71.0,83.93499755859375,67.5,70.0,16228,0.0,0.0
2016-08-05 00:00:00-04:00,72.0,72.0,67.0,67.5,2066,0.0,0.0
2016-08-08 00:00:00-04:00,78.5,87.5,71.0,72.5,14032,0.0,0.0
2016-08-09 00:00:00-04:00,71.5,77.5,69.5,70.0,2193,0.0,0.0
2016-08-10 00:00:00-04:00,72.0,76.875,64.0,71.0,8930,0.0,0.0
2016-08-11 00:00:00-04:00,70.5,74.0,65.0,66.0,1821,0.0,0.0
2016-08-12 00:00:00-04:00,65.0,71.5,62.0,63.0,2037,0.0,0.0
2016-08-15 00:00:00-04:00,61.625,63.0,59.0,59.0,1840,0.0,0.0
2016-08-16 00:00:00-04:00,60.86000061035156,60.95000076293945,50.5,52.0,1826,0.0,0.0
2016-08-17 00:00:00-04:00,53.23500061035156,58.5,52.5,54.290000915527344,1823,0.0,0.0
2016-08-18 00:00:00-04:00,61.0,69.99500274658203,57.5,61.5,13000,0.0,0.0
2016-08-19 00:00:00-04:00,60.5,60.5,57.5,59.5,1453,0.0,0.0
2016-08-22 00:00:00-04:00,59.0,65.5,55.0,57.5,1756,0.0,0.0
2016-08-23 00:00:00-04:00,58.5,59.5,57.0,57.5,571,0.0,0.0
2016-08-24 00:00:00-04:00,57.0,58.95000076293945,54.5,55.5,1347,0.0,0.0
2016-08-25 00:00:00-04:00,57.0,60.900001525878906,54.5,55.5,3342,0.0,0.0
2016-08-26 00:00:00-04:00,57.310001373291016,57.5,53.5,56.0,2262,0.0,0.0
2016-08-29 00:00:00-04:00,56.0,56.0,52.5,53.5,834,0.0,0.0
2016-08-30 00:00:00-04:00,51.5,55.0,51.25,54.0,728,0.0,0.0
2016-08-31 00:00:00-04:00,52.75,56.70000076293945,52.5,53.0,1834,0.0,0.0
2016-09-01 00:00:00-04:00,52.505001068115234,54.0,52.5,53.5,441,0.0,0.0
2016-09-02 00:00:00-04:00,52.52000045776367,59.0,52.52000045776367,54.0,2820,0.0,0.0
2016-09-06 00:00:00-04:00,54.0,55.54999923706055,53.5,54.0,513,0.0,0.0
2016-09-07 00:00:00-04:00,56.0,56.650001525878906,53.0,54.5,1583,0.0,0.0
2016-09-08 00:00:00-04:00,56.0,64.5,55.0,60.5,7116,0.0,0.0
2016-09-09 00:00:00-04:00,60.5,61.5,55.7599983215332,57.5,1779,0.0,0.0
2016-09-12 00:00:00-04:00,57.5,58.0,56.005001068115234,56.5,472,0.0,0.0
2016-09-13 00:00:00-04:00,56.5,56.5,52.5,55.0,2778,0.0,0.0
2016-09-14 00:00:00-04:00,56.0,61.0,55.630001068115234,60.5,904,0.0,0.0
2016-09-15 00:00:00-04:00,61.0,61.0,57.5,60.5,1140,0.0,0.0
2016-09-16 00:00:00-04:00,61.80500030517578,65.0,55.900001525878906,59.5,3573,0.0,0.0
2016-09-19 00:00:00-04:00,58.5,59.02000045776367,57.5,58.994998931884766,106,0.0,0.0
2016-09-20 00:00:00-04:00,60.0,60.0,57.58000183105469,58.5,1031,0.0,0.0
2016-09-21 00:00:00-04:00,60.0,60.0,56.5,56.5,1281,0.0,0.0
2016-09-22 00:00:00-04:00,58.2599983215332,59.5,58.2599983215332,59.5,520,0.0,0.0
2016-09-23 00:00:00-04:00,59.5,59.70000076293945,59.0,59.189998626708984,283,0.0,0.0
2016-09-26 00:00:00-04:00,59.5,59.5,58.0,59.0,72,0.0,0.0
2016-09-27 00:00:00-04:00,59.5,62.0,59.375,60.0,304,0.0,0.0
2016-09-28 00:00:00-04:00,60.0,67.0,57.5,59.5,3903,0.0,0.0
2016-09-29 00:00:00-04:00,58.0,60.0,57.5,59.5,477,0.0,0.0
2016-09-30 00:00:00-04:00,59.5,61.0,56.5,57.5,460,0.0,0.0
2016-10-03 00:00:00-04:00,57.5,59.94499969482422,56.5,57.0,608,0.0,0.0
2016-10-04 00:00:00-04:00,56.5,56.505001068115234,54.0,55.5,379,0.0,0.0
2016-10-05 00:00:00-04:00,55.435001373291016,55.5,53.5,55.5,123,0.0,0.0
2016-10-06 00:00:00-04:00,54.5,57.5,52.0,56.5,4659,0.0,0.0
2016-10-07 00:00:00-04:00,56.5,59.5,55.0,55.5,1790,0.0,0.0
2016-10-10 00:00:00-04:00,56.5,58.0,55.0,56.5,423,0.0,0.0
2016-10-11 00:00:00-04:00,55.5,57.5,55.5,55.5,207,0.0,0.0
2016-10-12 00:00:00-04:00,55.505001068115234,59.5,55.5,57.5,3863,0.0,0.0
2016-10-13 00:00:00-04:00,57.0,63.0,56.0,56.0,6409,0.0,0.0
2016-10-14 00:00:00-04:00,57.5,59.0,55.5,55.5,1715,0.0,0.0
2016-10-17 00:00:00-04:00,56.439998626708984,56.744998931884766,55.0,55.5,945,0.0,0.0
2016-10-18 00:00:00-04:00,55.0,56.755001068115234,55.0,55.0,506,0.0,0.0
2016-10-19 00:00:00-04:00,54.5,55.5,53.5,54.5,274,0.0,0.0
2016-10-20 00:00:00-04:00,56.5,58.45000076293945,55.0,56.0,2097,0.0,0.0
2016-10-21 00:00:00-04:00,56.5,56.994998931884766,55.0,55.494998931884766,484,0.0,0.0
2016-10-24 00:00:00-04:00,56.915000915527344,56.915000915527344,55.0,55.0,332,0.0,0.0
2016-10-25 00:00:00-04:00,54.05500030517578,54.494998931884766,53.5,53.5,189,0.0,0.0
2016-10-26 00:00:00-04:00,53.8650016784668,53.994998931884766,53.5,53.5,227,0.0,0.0
2016-10-27 00:00:00-04:00,52.2400016784668,55.0,52.0,55.0,506,0.0,0.0
2016-10-28 00:00:00-04:00,51.55500030517578,52.869998931884766,50.0,52.0,1124,0.0,0.0
2016-10-31 00:00:00-04:00,51.5,51.935001373291016,50.07500076293945,50.5,547,0.0,0.0
2016-11-01 00:00:00-04:00,53.0,54.5,51.5,53.5,1424,0.0,0.0
2016-11-02 00:00:00-04:00,52.0,52.0,51.5,51.5,348,0.0,0.0
2016-11-03 00:00:00-04:00,51.5,52.0,51.5,51.5,221,0.0,0.0
2016-11-04 00:00:00-04:00,51.5,52.0,48.5,49.5,1051,0.0,0.0
2016-11-07 00:00:00-05:00,47.584999084472656,49.959999084472656,47.505001068115234,49.0,292,0.0,0.0
2016-11-08 00:00:00-05:00,47.54999923706055,48.0,45.64500045776367,46.5,766,0.0,0.0
2016-11-09 00:00:00-05:00,46.0,48.82500076293945,45.5,48.82500076293945,570,0.0,0.0
2016-11-10 00:00:00-05:00,46.0,46.685001373291016,44.275001525878906,46.0,227,0.0,0.0
2016-11-11 00:00:00-05:00,46.48500061035156,47.5,44.5,45.650001525878906,414,0.0,0.0
2016-11-14 00:00:00-05:00,46.0,46.04999923706055,39.0,43.18000030517578,776,0.0,0.0
2016-11-15 00:00:00-05:00,43.25,43.25,40.0,40.005001068115234,568,0.0,0.0
2016-11-16 00:00:00-05:00,40.0,42.0,37.54999923706055,41.5,918,0.0,0.0
2016-11-17 00:00:00-05:00,40.584999084472656,68.0,40.584999084472656,54.0,16825,0.0,0.0
2016-11-18 00:00:00-05:00,53.0,54.92499923706055,46.0,49.5,2488,0.0,0.0
2016-11-21 00:00:00-05:00,46.34000015258789,52.0,45.0,51.0,1167,0.0,0.0
2016-11-22 00:00:00-05:00,51.5,53.959999084472656,47.5,47.5,1284,0.0,0.0
2016-11-23 00:00:00-05:00,50.05500030517578,50.05500030517578,47.75,48.0,487,0.0,0.0
2016-11-25 00:00:00-05:00,47.5,50.0,46.5,46.5,30,0.0,0.0
2016-11-28 00:00:00-05:00,47.5,47.5,45.0,46.5,329,0.0,0.0
2016-11-29 00:00:00-05:00,47.0,47.5,45.5,46.025001525878906,755,0.0,0.0
2016-11-30 00:00:00-05:00,47.494998931884766,47.75,45.5,45.5,611,0.0,0.0
2016-12-01 00:00:00-05:00,47.775001525878906,47.775001525878906,45.0,45.5,192,0.0,0.0
2016-12-02 00:00:00-05:00,45.5,45.5,44.0,44.0,551,0.0,0.0
2016-12-05 00:00:00-05:00,46.0,47.084999084472656,44.06999969482422,45.5,87,0.0,0.0
2016-12-06 00:00:00-05:00,45.404998779296875,45.404998779296875,43.0,44.5,201,0.0,0.0
2016-12-07 00:00:00-05:00,46.48500061035156,46.48500061035156,43.78499984741211,45.5,302,0.0,0.0
2016-12-08 00:00:00-05:00,44.54499816894531,46.0,44.5,45.0,128,0.0,0.0
2016-12-09 00:00:00-05:00,45.5,45.5099983215332,44.25,44.25,241,0.0,0.0
2016-12-12 00:00:00-05:00,44.0,44.0,41.5,43.0,663,0.0,0.0
2016-12-13 00:00:00-05:00,44.5,44.5,41.20000076293945,42.5,70,0.0,0.0
2016-12-14 00:00:00-05:00,41.5,41.5,41.5,41.5,62,0.0,0.0
2016-12-15 00:00:00-05:00,41.005001068115234,43.5,41.005001068115234,42.5,243,0.0,0.0
2016-12-16 00:00:00-05:00,41.959999084472656,41.959999084472656,40.5,40.51499938964844,172,0.0,0.0
2016-12-19 00:00:00-05:00,40.5,40.52000045776367,40.0,40.084999084472656,457,0.0,0.0
2016-12-20 00:00:00-05:00,40.505001068115234,40.564998626708984,40.5,40.5,74,0.0,0.0
2016-12-21 00:00:00-05:00,40.5,43.560001373291016,40.5,43.04499816894531,641,0.0,0.0
2016-12-22 00:00:00-05:00,43.0,43.0,43.0,43.0,19,0.0,0.0
2016-12-23 00:00:00-05:00,41.0,43.584999084472656,41.0,43.5,187,0.0,0.0
2016-12-27 00:00:00-05:00,40.900001525878906,42.86000061035156,40.900001525878906,41.54999923706055,256,0.0,0.0
2016-12-28 00:00:00-05:00,40.505001068115234,41.97999954223633,40.5,41.5,239,0.0,0.0
2016-12-29 00:00:00-05:00,41.0,50.0,41.0,42.5,1426,0.0,0.0
2016-12-30 00:00:00-05:00,43.0,47.5,43.0,43.255001068115234,629,0.0,0.0
2017-01-03 00:00:00-05:00,44.185001373291016,47.25,43.275001525878906,43.5,64,0.0,0.0
2017-01-04 00:00:00-05:00,43.064998626708984,44.5,43.0,44.0,115,0.0,0.0
2017-01-05 00:00:00-05:00,47.0,47.0,45.0,45.5,157,0.0,0.0
2017-01-06 00:00:00-05:00,45.5,48.0,45.45500183105469,47.0,893,0.0,0.0
2017-01-09 00:00:00-05:00,48.0,48.0,43.5,43.5,84,0.0,0.0
2017-01-10 00:00:00-05:00,43.0,45.564998626708984,43.0,43.0,15,0.0,0.0
2017-01-11 00:00:00-05:00,43.0,44.16999816894531,42.880001068115234,44.0,41,0.0,0.0
2017-01-12 00:00:00-05:00,48.5,57.0,45.849998474121094,48.584999084472656,10362,0.0,0.0
2017-01-13 00:00:00-05:00,48.5,50.0,45.25,45.5,1143,0.0,0.0
2017-01-17 00:00:00-05:00,45.5,49.0,45.5,48.5,355,0.0,0.0
2017-01-18 00:00:00-05:00,46.39500045776367,47.494998931884766,45.25,45.255001068115234,523,0.0,0.0
2017-01-19 00:00:00-05:00,47.5,79.0,47.5,64.00499725341797,68875,0.0,0.0
2017-01-20 00:00:00-05:00,62.0,64.94999694824219,53.525001525878906,57.0,10088,0.0,0.0
2017-01-23 00:00:00-05:00,57.5,61.5,55.505001068115234,61.0,2499,0.0,0.0
2017-01-24 00:00:00-05:00,60.5,62.45000076293945,55.0,58.0,3170,0.0,0.0
2017-01-25 00:00:00-05:00,55.5,60.0,55.5,58.0,1373,0.0,0.0
2017-01-26 00:00:00-05:00,57.5,69.0,57.5,60.5,10846,0.0,0.0
2017-01-27 00:00:00-05:00,60.0,62.5,55.0,58.5,3195,0.0,0.0
2017-01-30 00:00:00-05:00,58.0,58.0,55.0,56.0,1370,0.0,0.0
2017-01-31 00:00:00-05:00,56.0,58.5,53.404998779296875,57.494998931884766,1232,0.0,0.0
2017-02-01 00:00:00-05:00,56.0,56.4900016784668,51.05500030517578,53.0,1251,0.0,0.0
2017-02-02 00:00:00-05:00,53.5,54.599998474121094,50.0,51.0,1267,0.0,0.0
2017-02-03 00:00:00-05:00,50.5,55.494998931884766,50.0,51.005001068115234,631,0.0,0.0
2017-02-06 00:00:00-05:00,50.5,52.005001068115234,50.0,50.0,598,0.0,0.0
2017-02-07 00:00:00-05:00,50.0,52.0,50.0,51.5,649,0.0,0.0
2017-02-08 00:00:00-05:00,51.17499923706055,57.97999954223633,51.0,53.0,2324,0.0,0.0
2017-02-09 00:00:00-05:00,56.494998931884766,56.494998931884766,52.0,55.0,590,0.0,0.0
2017-02-10 00:00:00-05:00,55.0,60.0,53.0,55.0,5162,0.0,0.0
2017-02-13 00:00:00-05:00,55.994998931884766,55.994998931884766,53.0,53.994998931884766,586,0.0,0.0
2017-02-14 00:00:00-05:00,52.5,55.494998931884766,52.0,53.494998931884766,1072,0.0,0.0
2017-02-15 00:00:00-05:00,53.0,54.994998931884766,52.5,53.5,306,0.0,0.0
2017-02-16 00:00:00-05:00,52.5,53.994998931884766,51.0,51.005001068115234,538,0.0,0.0
2017-02-17 00:00:00-05:00,50.5,53.0,49.5,50.5,616,0.0,0.0
2017-02-21 00:00:00-05:00,51.0,54.994998931884766,50.0,50.494998931884766,509,0.0,0.0
2017-02-22 00:00:00-05:00,50.5,52.494998931884766,47.5,48.5,261,0.0,0.0
2017-02-23 00:00:00-05:00,52.5,52.5,47.5,49.0,189,0.0,0.0
2017-02-24 00:00:00-05:00,51.0,51.0,48.5,48.98500061035156,84,0.0,0.0
2017-02-27 00:00:00-05:00,48.98500061035156,48.98500061035156,47.5,48.98500061035156,130,0.0,0.0
2017-02-28 00:00:00-05:00,52.5,65.0,50.0,51.7599983215332,18784,0.0,0.0
2017-03-01 00:00:00-05:00,49.5,52.0,49.5,51.994998931884766,569,0.0,0.0
2017-03-02 00:00:00-05:00,52.5,53.494998931884766,50.5,51.494998931884766,751,0.0,0.0
2017-03-03 00:00:00-05:00,54.0,54.0,51.5,52.0,405,0.0,0.0
2017-03-06 00:00:00-05:00,51.5,54.5,50.0,52.94499969482422,1050,0.0,0.0
2017-03-07 00:00:00-05:00,54.5,56.994998931884766,52.5,54.5,878,0.0,0.0
2017-03-08 00:00:00-05:00,54.5,54.5,52.5,52.5,585,0.0,0.0
2017-03-09 00:00:00-05:00,52.53499984741211,52.7599983215332,51.0,51.0,298,0.0,0.0
2017-03-10 00:00:00-05:00,51.69499969482422,51.69499969482422,51.0,51.0,235,0.0,0.0
2017-03-13 00:00:00-04:00,51.17499923706055,52.0,51.0,51.0,230,0.0,0.0
2017-03-14 00:00:00-04:00,51.0,51.5,51.0,51.0,321,0.0,0.0
2017-03-15 00:00:00-04:00,50.755001068115234,51.5,50.0,51.5,424,0.0,0.0
2017-03-16 00:00:00-04:00,52.994998931884766,54.5,51.0,52.0,1472,0.0,0.0
2017-03-17 00:00:00-04:00,51.5,53.494998931884766,51.0,51.0,433,0.0,0.0
2017-03-20 00:00:00-04:00,52.494998931884766,52.5,51.0,51.0,278,0.0,0.0
2017-03-21 00:00:00-04:00,53.5,53.5,49.0,49.5,615,0.0,0.0
2017-03-22 00:00:00-04:00,49.0,50.0,49.0,49.0,192,0.0,0.0
2017-03-23 00:00:00-04:00,49.400001525878906,49.994998931884766,49.0,49.5,166,0.0,0.0
2017-03-24 00:00:00-04:00,50.6150016784668,51.5,50.0,51.5,102,0.0,0.0
2017-03-27 00:00:00-04:00,52.0,55.0,52.0,55.0,582,0.0,0.0
2017-03-28 00:00:00-04:00,55.0,55.0,54.0,55.0,579,0.0,0.0
2017-03-29 00:00:00-04:00,54.005001068115234,54.064998626708984,52.5,53.01499938964844,400,0.0,0.0
2017-03-30 00:00:00-04:00,54.0,59.0,53.0,58.400001525878906,2170,0.0,0.0
2017-03-31 00:00:00-04:00,58.0,58.09000015258789,54.5,55.0,2117,0.0,0.0
2017-04-03 00:00:00-04:00,54.505001068115234,55.0,54.5,55.0,215,0.0,0.0
2017-04-04 00:00:00-04:00,55.0,55.0,53.0,54.0,165,0.0,0.0
2017-04-05 00:00:00-04:00,53.5099983215332,55.0,53.0,54.8650016784668,944,0.0,0.0
2017-04-06 00:00:00-04:00,53.5,60.5,53.0,58.5,2697,0.0,0.0
2017-04-07 00:00:00-04:00,58.5,67.5,55.0,59.5,8775,0.0,0.0
2017-04-10 00:00:00-04:00,59.5,61.0,55.5,60.0,1608,0.0,0.0
2017-04-11 00:00:00-04:00,56.959999084472656,60.95000076293945,56.0,56.95000076293945,1034,0.0,0.0
2017-04-12 00:00:00-04:00,54.5,58.0,54.025001525878906,57.5,994,0.0,0.0
2017-04-13 00:00:00-04:00,55.5,58.5,55.5,55.5,333,0.0,0.0
2017-04-17 00:00:00-04:00,55.0,62.0,55.0,56.0,2176,0.0,0.0
2017-04-18 00:00:00-04:00,58.79499816894531,58.79499816894531,55.5,56.0,348,0.0,0.0
2017-04-19 00:00:00-04:00,56.5,56.5,54.0,54.5,403,0.0,0.0
2017-04-20 00:00:00-04:00,54.65999984741211,59.0,54.5,56.0,500,0.0,0.0
2017-04-21 00:00:00-04:00,54.5,59.0,54.5,55.5,914,0.0,0.0
2017-04-24 00:00:00-04:00,54.5,57.5,54.5,56.5,462,0.0,0.0
2017-04-25 00:00:00-04:00,58.779998779296875,61.0,54.0,57.0,4255,0.0,0.0
2017-04-26 00:00:00-04:00,57.0,57.0,54.0,54.5,977,0.0,0.0
2017-04-27 00:00:00-04:00,54.0,56.43000030517578,54.0,54.5,601,0.0,0.0
2017-04-28 00:00:00-04:00,56.0,56.0,54.5,55.5,268,0.0,0.0
2017-05-01 00:00:00-04:00,54.5,56.0,54.0,55.0,359,0.0,0.0
2017-05-02 00:00:00-04:00,55.0,57.0,54.0,56.11000061035156,400,0.0,0.0
2017-05-03 00:00:00-04:00,55.5,57.2400016784668,54.81999969482422,55.005001068115234,218,0.0,0.0
2017-05-04 00:00:00-04:00,55.0,56.5,54.5,56.5,370,0.0,0.0
2017-05-05 00:00:00-04:00,54.0,56.810001373291016,52.5,54.5,439,0.0,0.0
2017-05-08 00:00:00-04:00,55.0099983215332,55.650001525878906,53.5,53.85499954223633,459,0.0,0.0
2017-05-09 00:00:00-04:00,54.5,58.70500183105469,54.0,54.5,2086,0.0,0.0
2017-05-10 00:00:00-04:00,54.0,54.5,52.0,54.0,735,0.0,0.0
2017-05-11 00:00:00-04:00,53.099998474121094,53.099998474121094,46.5,47.0,1311,0.0,0.0
2017-05-12 00:00:00-04:00,46.900001525878906,49.0,46.900001525878906,47.5,383,0.0,0.0
2017-05-15 00:00:00-04:00,47.5,52.0,47.5,47.5,1056,0.0,0.0
2017-05-16 00:00:00-04:00,47.744998931884766,50.904998779296875,47.5,48.0,129,0.0,0.0
2017-05-17 00:00:00-04:00,50.5,50.5,45.505001068115234,48.08000183105469,521,0.0,0.0
2017-05-18 00:00:00-04:00,49.5,49.5,46.5,49.5,148,0.0,0.0
2017-05-19 00:00:00-04:00,49.5,50.5,46.5,48.82500076293945,219,0.0,0.0
2017-05-22 00:00:00-04:00,48.255001068115234,48.31999969482422,46.5,46.5,119,0.0,0.0
2017-05-23 00:00:00-04:00,48.415000915527344,48.415000915527344,46.5,46.5,77,0.0,0.0
2017-05-24 00:00:00-04:00,48.0,48.0,45.5,45.5,305,0.0,0.0
2017-05-25 00:00:00-04:00,48.0,48.0,45.0,45.0,305,0.0,0.0
2017-05-26 00:00:00-04:00,43.0,45.67499923706055,43.0,43.150001525878906,294,0.0,0.0
2017-05-30 00:00:00-04:00,43.165000915527344,43.165000915527344,43.150001525878906,43.150001525878906,39,0.0,0.0
2017-05-31 00:00:00-04:00,43.744998931884766,44.435001373291016,43.0,43.0,62,0.0,0.0
2017-06-01 00:00:00-04:00,44.5,46.0,43.005001068115234,43.005001068115234,338,0.0,0.0
2017-06-02 00:00:00-04:00,43.0,43.0,43.0,43.0,67,0.0,0.0
2017-06-05 00:00:00-04:00,44.0,44.494998931884766,43.005001068115234,43.005001068115234,140,0.0,0.0
2017-06-06 00:00:00-04:00,43.04999923706055,43.04999923706055,41.5,41.505001068115234,99,0.0,0.0
2017-06-07 00:00:00-04:00,42.0,42.5,41.525001525878906,42.5,138,0.0,0.0
2017-06-08 00:00:00-04:00,43.0,52.0,43.0,52.0,889,0.0,0.0
2017-06-09 00:00:00-04:00,52.0,52.0,48.5,50.5,231,0.0,0.0
2017-06-12 00:00:00-04:00,46.0,52.0,42.099998474121094,49.5,536,0.0,0.0
2017-06-13 00:00:00-04:00,50.685001373291016,50.685001373291016,45.5,46.5,147,0.0,0.0
2017-06-14 00:00:00-04:00,46.5,49.0,46.5,49.0,50,0.0,0.0
2017-06-15 00:00:00-04:00,46.56999969482422,47.33000183105469,46.56999969482422,46.95000076293945,16,0.0,0.0
2017-06-16 00:00:00-04:00,49.5,52.5,47.029998779296875,47.029998779296875,482,0.0,0.0
2017-06-19 00:00:00-04:00,46.599998474121094,46.650001525878906,46.599998474121094,46.599998474121094,29,0.0,0.0
2017-06-20 00:00:00-04:00,46.599998474121094,46.599998474121094,46.0,46.0,14,0.0,0.0
2017-06-21 00:00:00-04:00,47.029998779296875,47.029998779296875,45.04999923706055,45.5,289,0.0,0.0
2017-06-22 00:00:00-04:00,46.5,48.70000076293945,45.5,45.5,567,0.0,0.0
2017-06-23 00:00:00-04:00,45.5,45.5,45.5,45.5,28,0.0,0.0
2017-06-26 00:00:00-04:00,45.375,47.5,45.375,46.0,234,0.0,0.0
2017-06-27 00:00:00-04:00,46.0,47.5,46.0,46.005001068115234,316,0.0,0.0
2017-06-28 00:00:00-04:00,46.5,46.676998138427734,46.005001068115234,46.005001068115234,101,0.0,0.0
2017-06-29 00:00:00-04:00,46.04999923706055,47.0,45.5,45.54999923706055,299,0.0,0.0
2017-06-30 00:00:00-04:00,45.5,45.5,45.5,45.5,19,0.0,0.0
2017-07-03 00:00:00-04:00,45.5,45.5,45.5,45.5,0,0.0,0.0
2017-07-05 00:00:00-04:00,45.5,45.5,45.04999923706055,45.5,36,0.0,0.0
2017-07-06 00:00:00-04:00,45.21500015258789,45.21500015258789,45.04999923706055,45.04999923706055,6,0.0,0.0
2017-07-07 00:00:00-04:00,45.04999923706055,45.45000076293945,45.0,45.0,19,0.0,0.0
2017-07-10 00:00:00-04:00,45.0,45.07500076293945,45.0,45.0,14,0.0,0.0
2017-07-11 00:00:00-04:00,45.0,45.0,42.5,42.5,77,0.0,0.0
2017-07-12 00:00:00-04:00,45.040000915527344,46.5,42.599998474121094,45.5,156,0.0,0.0
2017-07-13 00:00:00-04:00,46.5,57.5,46.04999923706055,49.0,4060,0.0,0.0
2017-07-14 00:00:00-04:00,50.0,50.0,44.60499954223633,45.5,255,0.0,0.0
2017-07-17 00:00:00-04:00,45.0,45.70500183105469,43.005001068115234,43.70000076293945,126,0.0,0.0
2017-07-18 00:00:00-04:00,45.0,46.400001525878906,43.5,44.0,220,0.0,0.0
2017-07-19 00:00:00-04:00,49.689998626708984,49.689998626708984,45.0,45.5,52,0.0,0.0
2017-07-20 00:00:00-04:00,43.56999969482422,44.904998779296875,43.5,44.0,58,0.0,0.0
2017-07-21 00:00:00-04:00,43.5,44.900001525878906,43.0,43.0,122,0.0,0.0
2017-07-24 00:00:00-04:00,44.900001525878906,44.900001525878906,43.5,43.900001525878906,97,0.0,0.0
2017-07-25 00:00:00-04:00,44.64500045776367,44.64500045776367,43.5,44.25,52,0.0,0.0
2017-07-26 00:00:00-04:00,43.994998931884766,44.5,43.005001068115234,43.005001068115234,159,0.0,0.0
2017-07-27 00:00:00-04:00,43.70000076293945,43.70000076293945,43.005001068115234,43.69499969482422,120,0.0,0.0
2017-07-28 00:00:00-04:00,43.5,43.5,43.005001068115234,43.5,44,0.0,0.0
2017-07-31 00:00:00-04:00,43.55500030517578,44.5,43.025001525878906,44.5,435,0.0,0.0
2017-08-01 00:00:00-04:00,44.5,49.22999954223633,44.5,46.5,633,0.0,0.0
2017-08-02 00:00:00-04:00,44.5,45.5,43.25,43.25,164,0.0,0.0
2017-08-03 00:00:00-04:00,44.9900016784668,50.5,43.505001068115234,49.0,263,0.0,0.0
2017-08-04 00:00:00-04:00,45.005001068115234,49.494998931884766,44.005001068115234,44.005001068115234,386,0.0,0.0
2017-08-07 00:00:00-04:00,45.494998931884766,45.494998931884766,45.494998931884766,45.494998931884766,35,0.0,0.0
2017-08-08 00:00:00-04:00,44.09000015258789,48.0,44.0,46.5,896,0.0,0.0
2017-08-09 00:00:00-04:00,46.5,46.5,45.005001068115234,45.0099983215332,42,0.0,0.0
2017-08-10 00:00:00-04:00,46.0,47.5,45.0,45.9900016784668,282,0.0,0.0
2017-08-11 00:00:00-04:00,46.0,47.0,45.0,46.5,301,0.0,0.0
2017-08-14 00:00:00-04:00,46.5,46.5,43.0,43.0,358,0.0,0.0
2017-08-15 00:00:00-04:00,43.0,44.0,43.0,43.66999816894531,142,0.0,0.0
2017-08-16 00:00:00-04:00,44.5,44.5,41.5,42.48500061035156,367,0.0,0.0
2017-08-17 00:00:00-04:00,44.0,44.0,40.0,40.5,390,0.0,0.0
2017-08-18 00:00:00-04:00,40.66999816894531,40.76499938964844,40.5099983215332,40.5099983215332,85,0.0,0.0
2017-08-21 00:00:00-04:00,41.0,42.95500183105469,40.005001068115234,41.0,193,0.0,0.0
2017-08-22 00:00:00-04:00,41.75,41.75,40.5,41.0,86,0.0,0.0
2017-08-23 00:00:00-04:00,42.244998931884766,42.40999984741211,40.5,40.5,41,0.0,0.0
2017-08-24 00:00:00-04:00,40.564998626708984,41.35499954223633,40.5,40.64500045776367,115,0.0,0.0
2017-08-25 00:00:00-04:00,41.48500061035156,41.5,38.0,39.0,239,0.0,0.0
2017-08-28 00:00:00-04:00,39.0,40.45500183105469,38.5,38.525001525878906,96,0.0,0.0
2017-08-29 00:00:00-04:00,38.0,40.13999938964844,38.0,38.0,215,0.0,0.0
2017-08-30 00:00:00-04:00,38.5,39.5,38.5,39.099998474121094,464,0.0,0.0
2017-08-31 00:00:00-04:00,40.0,40.099998474121094,39.75,40.0,319,0.0,0.0
2017-09-01 00:00:00-04:00,40.099998474121094,40.869998931884766,39.0,40.0,268,0.0,0.0
2017-09-05 00:00:00-04:00,41.0,41.0,39.0,39.779998779296875,41,0.0,0.0
2017-09-06 00:00:00-04:00,40.0,40.0,39.0,39.0,45,0.0,0.0
2017-09-07 00:00:00-04:00,39.25,39.25,38.0,38.0,140,0.0,0.0
2017-09-08 00:00:00-04:00,38.75,39.25,38.0,39.25,59,0.0,0.0
2017-09-11 00:00:00-04:00,38.0,39.439998626708984,38.0,39.439998626708984,153,0.0,0.0
2017-09-12 00:00:00-04:00,39.5,39.5,39.5,39.5,4,0.0,0.0
2017-09-13 00:00:00-04:00,40.0,40.0,38.0,39.494998931884766,10,0.0,0.0
2017-09-14 00:00:00-04:00,39.5,40.75,38.5,40.0,152,0.0,0.0
2017-09-15 00:00:00-04:00,38.75,39.0,38.75,39.0,4,0.0,0.0
2017-09-18 00:00:00-04:00,40.0,40.005001068115234,40.0,40.0,157,0.0,0.0
2017-09-19 00:00:00-04:00,41.0,41.0,40.5,40.5,189,0.0,0.0
2017-09-20 00:00:00-04:00,41.5,42.935001373291016,38.625,41.970001220703125,355,0.0,0.0
2017-09-21 00:00:00-04:00,44.064998626708984,44.994998931884766,39.755001068115234,44.5,219,0.0,0.0
2017-09-22 00:00:00-04:00,44.5,44.5,44.5,44.5,0,0.0,0.0
2017-09-25 00:00:00-04:00,42.33000183105469,42.33000183105469,41.0,42.09000015258789,73,0.0,0.0
2017-09-26 00:00:00-04:00,41.654998779296875,42.494998931884766,41.0,42.494998931884766,44,0.0,0.0
2017-09-27 00:00:00-04:00,41.0,41.5,39.5,39.58000183105469,122,0.0,0.0
2017-09-28 00:00:00-04:00,40.5,52.5,40.494998931884766,48.0,4928,0.0,0.0
2017-09-29 00:00:00-04:00,49.0,54.5,45.5,46.5,5158,0.0,0.0
2017-10-02 00:00:00-04:00,46.08000183105469,46.08000183105469,42.375,42.375,916,0.0,0.0
2017-10-03 00:00:00-04:00,42.5,44.53499984741211,42.5,44.005001068115234,474,0.0,0.0
2017-10-04 00:00:00-04:00,44.25,44.25,41.5,41.5,629,0.0,0.0
2017-10-05 00:00:00-04:00,41.505001068115234,48.5,41.5,44.0,1452,0.0,0.0
2017-10-06 00:00:00-04:00,43.709999084472656,47.95000076293945,42.505001068115234,43.0,1680,0.0,0.0
2017-10-09 00:00:00-04:00,46.5,47.5,43.3650016784668,45.5,446,0.0,0.0
2017-10-10 00:00:00-04:00,45.255001068115234,45.255001068115234,44.5,45.0,147,0.0,0.0
2017-10-11 00:00:00-04:00,45.0,45.09000015258789,43.0,43.494998931884766,286,0.0,0.0
2017-10-12 00:00:00-04:00,44.720001220703125,50.0,43.5,45.5,3035,0.0,0.0
2017-10-13 00:00:00-04:00,44.31999969482422,46.904998779296875,44.0,44.0,912,0.0,0.0
2017-10-16 00:00:00-04:00,46.470001220703125,55.0,45.0,46.0,11790,0.0,0.0
2017-10-17 00:00:00-04:00,47.0,53.0,43.0,50.994998931884766,4509,0.0,0.0
2017-10-18 00:00:00-04:00,52.0,52.154998779296875,47.5,50.0,1298,0.0,0.0
2017-10-19 00:00:00-04:00,47.775001525878906,50.0,46.5,47.5,143,0.0,0.0
2017-10-20 00:00:00-04:00,48.5,50.0,48.5,48.5,175,0.0,0.0
2017-10-23 00:00:00-04:00,49.0,50.5,46.07500076293945,47.31999969482422,668,0.0,0.0
2017-10-24 00:00:00-04:00,48.505001068115234,50.5,48.5,48.994998931884766,611,0.0,0.0
2017-10-25 00:00:00-04:00,47.5,48.5,46.0,48.0,429,0.0,0.0
2017-10-26 00:00:00-04:00,48.0,48.0,46.744998931884766,47.58000183105469,97,0.0,0.0
2017-10-27 00:00:00-04:00,48.0,48.0,45.005001068115234,47.0,54,0.0,0.0
2017-10-30 00:00:00-04:00,44.25,45.55500030517578,43.5,43.5,42,0.0,0.0
2017-10-31 00:00:00-04:00,44.54999923706055,49.0,44.375,45.0,422,0.0,0.0
2017-11-01 00:00:00-04:00,47.25,48.9900016784668,46.005001068115234,48.9900016784668,82,0.0,0.0
2017-11-02 00:00:00-04:00,46.900001525878906,48.5,46.900001525878906,48.474998474121094,146,0.0,0.0
2017-11-03 00:00:00-04:00,46.779998779296875,47.220001220703125,46.560001373291016,47.005001068115234,118,0.0,0.0
2017-11-06 00:00:00-05:00,47.3849983215332,47.505001068115234,45.029998779296875,45.04999923706055,335,0.0,0.0
2017-11-07 00:00:00-05:00,46.5,46.5,45.0,45.0,37,0.0,0.0
2017-11-08 00:00:00-05:00,45.0,48.9900016784668,45.0,47.970001220703125,1181,0.0,0.0
2017-11-09 00:00:00-05:00,45.5,70.99500274658203,45.13999938964844,58.5,18704,0.0,0.0
2017-11-10 00:00:00-05:00,57.5,61.5,53.0,58.5,2630,0.0,0.0
2017-11-13 00:00:00-05:00,59.5,60.5,50.5,54.0,744,0.0,0.0
2017-11-14 00:00:00-05:00,54.0,54.0,46.0,46.0,2821,0.0,0.0
2017-11-15 00:00:00-05:00,50.0,51.5,46.0,48.0,581,0.0,0.0
2017-11-16 00:00:00-05:00,50.0,52.0,47.0,50.75,1552,0.0,0.0
2017-11-17 00:00:00-05:00,55.5,55.5,49.084999084472656,51.0,337,0.0,0.0
2017-11-20 00:00:00-05:00,52.5,54.0,50.5,51.0,907,0.0,0.0
2017-11-21 00:00:00-05:00,53.0,56.0,52.5,54.005001068115234,576,0.0,0.0
2017-11-22 00:00:00-05:00,54.619998931884766,59.0,53.0,53.040000915527344,2892,0.0,0.0
2017-11-24 00:00:00-05:00,54.5,56.0,54.0,54.255001068115234,332,0.0,0.0
2017-11-27 00:00:00-05:00,54.5,54.5,51.0,52.5,209,0.0,0.0
2017-11-28 00:00:00-05:00,53.5,56.0,51.54999923706055,54.5,479,0.0,0.0
2017-11-29 00:00:00-05:00,55.0,55.5,52.0,54.0,443,0.0,0.0
2017-11-30 00:00:00-05:00,53.0,53.560001373291016,52.0,52.154998779296875,287,0.0,0.0
2017-12-01 00:00:00-05:00,51.5,53.45000076293945,48.5,50.994998931884766,369,0.0,0.0
2017-12-04 00:00:00-05:00,50.5,54.52000045776367,50.5,50.5,409,0.0,0.0
2017-12-05 00:00:00-05:00,55.19499969482422,55.19499969482422,48.5,48.5,755,0.0,0.0
2017-12-06 00:00:00-05:00,48.92499923706055,53.5,48.92499923706055,53.5,807,0.0,0.0
2017-12-07 00:00:00-05:00,52.5,52.5,48.0,48.0,374,0.0,0.0
2017-12-08 00:00:00-05:00,48.0,51.0,48.0,51.0,34,0.0,0.0
2017-12-11 00:00:00-05:00,53.5,53.5,48.0,53.0,1123,0.0,0.0
2017-12-12 00:00:00-05:00,52.0,53.5,47.5,48.099998474121094,1960,0.0,0.0
2017-12-13 00:00:00-05:00,49.25,53.0,48.75,48.75,1821,0.0,0.0
2017-12-14 00:00:00-05:00,49.0,53.0,47.599998474121094,53.0,648,0.0,0.0
2017-12-15 00:00:00-05:00,51.0,52.0,47.5,49.9900016784668,909,0.0,0.0
2017-12-18 00:00:00-05:00,49.5,49.994998931884766,47.505001068115234,48.0,353,0.0,0.0
2017-12-19 00:00:00-05:00,48.0,52.5,46.0,51.0,5478,0.0,0.0
2017-12-20 00:00:00-05:00,51.0,52.5,47.505001068115234,50.0,1538,0.0,0.0
2017-12-21 00:00:00-05:00,49.0,53.5,48.0,49.0,1126,0.0,0.0
2017-12-22 00:00:00-05:00,50.5,51.0,48.0,50.75,178,0.0,0.0
2017-12-26 00:00:00-05:00,48.45000076293945,51.5,48.005001068115234,51.0,231,0.0,0.0
2017-12-27 00:00:00-05:00,50.75,66.5,50.75,55.005001068115234,16288,0.0,0.0
2017-12-28 00:00:00-05:00,52.0,54.494998931884766,51.560001373291016,53.5,756,0.0,0.0
2017-12-29 00:00:00-05:00,53.0,53.0,48.04999923706055,48.5,1203,0.0,0.0
2018-01-02 00:00:00-05:00,50.5,55.0,49.5,51.5,2342,0.0,0.0
2018-01-03 00:00:00-05:00,51.0,56.0,48.5,53.560001373291016,1875,0.0,0.0
2018-01-04 00:00:00-05:00,53.5,64.5,51.994998931884766,63.5,15576,0.0,0.0
2018-01-05 00:00:00-05:00,63.5,74.5,57.5,58.5,16752,0.0,0.0
2018-01-08 00:00:00-05:00,59.5,62.5,56.0,60.494998931884766,1245,0.0,0.0
2018-01-09 00:00:00-05:00,59.5,60.5,56.5,58.0,1314,0.0,0.0
2018-01-10 00:00:00-05:00,57.0,57.5,55.0,55.5,549,0.0,0.0
2018-01-11 00:00:00-05:00,56.0,57.5,55.0,57.5,1031,0.0,0.0
2018-01-12 00:00:00-05:00,56.5,59.0,56.5,56.5,334,0.0,0.0
2018-01-16 00:00:00-05:00,58.5,71.81999969482422,58.0,63.5,10445,0.0,0.0
2018-01-17 00:00:00-05:00,65.0,65.00499725341797,59.505001068115234,60.5,1011,0.0,0.0
2018-01-18 00:00:00-05:00,58.59000015258789,62.0,58.59000015258789,60.0,534,0.0,0.0
2018-01-19 00:00:00-05:00,58.5,62.0,57.5,62.0,382,0.0,0.0
2018-01-22 00:00:00-05:00,61.0,61.0,57.5,57.5,970,0.0,0.0
2018-01-23 00:00:00-05:00,58.994998931884766,59.5,57.5,59.0,266,0.0,0.0
2018-01-24 00:00:00-05:00,59.0,60.900001525878906,57.5,58.5,314,0.0,0.0
2018-01-25 00:00:00-05:00,58.5,58.5,55.5,55.5,942,0.0,0.0
2018-01-26 00:00:00-05:00,55.5,61.0,53.04999923706055,56.0,1089,0.0,0.0
2018-01-29 00:00:00-05:00,56.0,56.95000076293945,54.0,55.0,349,0.0,0.0
2018-01-30 00:00:00-05:00,56.0,60.5,49.5,50.0,2626,0.0,0.0
2018-01-31 00:00:00-05:00,52.5,53.5,50.0,51.5,2570,0.0,0.0
2018-02-01 00:00:00-05:00,52.0,52.0,50.0,51.0,699,0.0,0.0
2018-02-02 00:00:00-05:00,52.5,52.95000076293945,49.0,50.0,1890,0.0,0.0
2018-02-05 00:00:00-05:00,50.5,52.0,47.0,47.0,772,0.0,0.0
2018-02-06 00:00:00-05:00,46.70000076293945,47.5,44.5099983215332,47.0,1474,0.0,0.0
2018-02-07 00:00:00-05:00,45.505001068115234,52.5,45.5,49.4900016784668,1440,0.0,0.0
2018-02-08 00:00:00-05:00,50.0,50.0,47.505001068115234,49.0,868,0.0,0.0
2018-02-09 00:00:00-05:00,50.0,50.0,47.505001068115234,48.0,533,0.0,0.0
2018-02-12 00:00:00-05:00,46.5,48.5,45.04999923706055,45.04999923706055,2038,0.0,0.0
2018-02-13 00:00:00-05:00,46.0,46.994998931884766,44.0,46.0,1071,0.0,0.0
2018-02-14 00:00:00-05:00,46.0,48.29999923706055,44.0,46.5,538,0.0,0.0
2018-02-15 00:00:00-05:00,47.5,47.5,45.5,46.0,292,0.0,0.0
2018-02-16 00:00:00-05:00,46.5,46.5,44.0,44.95500183105469,524,0.0,0.0
2018-02-20 00:00:00-05:00,45.5004997253418,45.5004997253418,45.5,45.5,203,0.0,0.0
2018-02-21 00:00:00-05:00,45.51499938964844,47.0,45.5099983215332,45.5099983215332,118,0.0,0.0
2018-02-22 00:00:00-05:00,45.5,51.15999984741211,45.5,48.349998474121094,1880,0.0,0.0
2018-02-23 00:00:00-05:00,47.6150016784668,48.32500076293945,47.5,47.5,394,0.0,0.0
2018-02-26 00:00:00-05:00,48.0,50.0,48.0,49.0,399,0.0,0.0
2018-02-27 00:00:00-05:00,49.5,49.5,46.540000915527344,47.5,1014,0.0,0.0
2018-02-28 00:00:00-05:00,47.025001525878906,49.5,44.5,44.5,292,0.0,0.0
2018-03-01 00:00:00-05:00,44.0,48.0,43.505001068115234,44.0,1298,0.0,0.0
2018-03-02 00:00:00-05:00,44.2504997253418,45.494998931884766,44.2504997253418,45.0,65,0.0,0.0
2018-03-05 00:00:00-05:00,46.5,47.5,45.0,46.0,465,0.0,0.0
2018-03-06 00:00:00-05:00,45.0,46.0,45.0,45.97999954223633,168,0.0,0.0
2018-03-07 00:00:00-05:00,45.2400016784668,47.5,45.0,45.5,31,0.0,0.0
2018-03-08 00:00:00-05:00,45.040000915527344,48.3849983215332,45.005001068115234,46.959999084472656,172,0.0,0.0
2018-03-09 00:00:00-05:00,46.959999084472656,47.255001068115234,45.0,45.255001068115234,198,0.0,0.0
2018-03-12 00:00:00-04:00,45.0,47.0,43.0,44.95500183105469,864,0.0,0.0
2018-03-13 00:00:00-04:00,44.70000076293945,48.5,43.0,45.0,2614,0.0,0.0
2018-03-14 00:00:00-04:00,44.505001068115234,45.029998779296875,44.5,45.0,206,0.0,0.0
2018-03-15 00:00:00-04:00,46.0,47.5,43.5,45.97999954223633,1020,0.0,0.0
2018-03-16 00:00:00-04:00,47.5,55.0,46.75,51.0,3279,0.0,0.0
2018-03-19 00:00:00-04:00,51.0,182.5,50.939998626708984,97.0,346213,0.0,0.0
2018-03-20 00:00:00-04:00,89.0,97.0,75.0,79.0,31203,0.0,0.0
2018-03-21 00:00:00-04:00,79.5,82.0,67.0,78.8949966430664,16430,0.0,0.0
2018-03-22 00:00:00-04:00,67.5,82.5,64.59500122070312,72.5,10603,0.0,0.0
2018-03-23 00:00:00-04:00,71.5,110.0,71.5,80.5,146928,0.0,0.0
2018-03-26 00:00:00-04:00,80.5,103.5,78.75,82.5,63003,0.0,0.0
2018-03-27 00:00:00-04:00,81.5,84.69999694824219,73.19000244140625,81.5,8409,0.0,0.0
2018-03-28 00:00:00-04:00,81.5,81.5,71.0,72.0,6808,0.0,0.0
2018-03-29 00:00:00-04:00,79.0,79.0,70.0250015258789,70.99500274658203,3841,0.0,0.0
2018-04-02 00:00:00-04:00,75.5,78.95999908447266,62.01499938964844,63.5,8543,0.0,0.0
2018-04-03 00:00:00-04:00,63.5,65.0,57.0,58.5,7926,0.0,0.0
2018-04-04 00:00:00-04:00,58.0,63.775001525878906,55.5,57.5,2337,0.0,0.0
2018-04-05 00:00:00-04:00,57.5,71.0,56.0,56.5,5382,0.0,0.0
2018-04-06 00:00:00-04:00,56.0,60.5,55.5,58.0,1716,0.0,0.0
2018-04-09 00:00:00-04:00,56.0,63.13999938964844,56.0,60.5,3448,0.0,0.0
2018-04-10 00:00:00-04:00,63.5,69.0,62.0,63.0,5897,0.0,0.0
2018-04-11 00:00:00-04:00,64.5,69.0,62.525001525878906,66.5,3970,0.0,0.0
2018-04-12 00:00:00-04:00,66.0,68.0,64.0,64.0,2106,0.0,0.0
2018-04-13 00:00:00-04:00,66.0,66.5,62.0,62.0,3385,0.0,0.0
2018-04-16 00:00:00-04:00,62.0,66.5,60.0,62.5,1668,0.0,0.0
2018-04-17 00:00:00-04:00,66.0,67.5,57.5,63.5,4402,0.0,0.0
2018-04-18 00:00:00-04:00,62.5,72.0,60.5,67.0,5770,0.0,0.0
2018-04-19 00:00:00-04:00,67.5,69.0,66.0,67.0,1208,0.0,0.0
2018-04-20 00:00:00-04:00,66.5,72.5,66.5,69.50499725341797,1590,0.0,0.0
2018-04-23 00:00:00-04:00,69.0,71.83999633789062,66.0,66.0,700,0.0,0.0
2018-04-24 00:00:00-04:00,69.0,70.00499725341797,64.75,65.0,1137,0.0,0.0
2018-04-25 00:00:00-04:00,65.12999725341797,66.5,62.9900016784668,64.25,764,0.0,0.0
2018-04-26 00:00:00-04:00,65.5,66.0,64.0,64.5,137,0.0,0.0
2018-04-27 00:00:00-04:00,64.5,66.50499725341797,63.0,63.0,537,0.0,0.0
2018-04-30 00:00:00-04:00,63.0,63.5,60.5,60.5,478,0.0,0.0
2018-05-01 00:00:00-04:00,60.55500030517578,60.55500030517578,58.0,58.5,837,0.0,0.0
2018-05-02 00:00:00-04:00,60.0,61.5,58.48500061035156,60.005001068115234,374,0.0,0.0
2018-05-03 00:00:00-04:00,59.0,67.5,59.0,62.0,2972,0.0,0.0
2018-05-04 00:00:00-04:00,65.0,96.5,63.0,67.5,64754,0.0,0.0
2018-05-07 00:00:00-04:00,67.0,135.0,66.0,107.0,93275,0.0,0.0
2018-05-08 00:00:00-04:00,90.5,117.0,84.0,92.5,38335,0.0,0.0
2018-05-09 00:00:00-04:00,93.0,109.0,90.0,103.5,17735,0.0,0.0
2018-05-10 00:00:00-04:00,105.5,108.5,96.0,101.0,8553,0.0,0.0
2018-05-11 00:00:00-04:00,101.0,120.0,96.0,98.5,18818,0.0,0.0
2018-05-14 00:00:00-04:00,103.0,114.5,89.5,110.5,12102,0.0,0.0
2018-05-15 00:00:00-04:00,109.5,110.0,101.5250015258789,107.5,11762,0.0,0.0
2018-05-16 00:00:00-04:00,121.5,128.47999572753906,110.05000305175781,111.5,26335,0.0,0.0
2018-05-17 00:00:00-04:00,117.5,126.5,112.5,115.0,10920,0.0,0.0
2018-05-18 00:00:00-04:00,115.5,119.80000305175781,104.5,109.0,4534,0.0,0.0
2018-05-21 00:00:00-04:00,108.0,121.0,105.5,119.5,7249,0.0,0.0
2018-05-22 00:00:00-04:00,120.0,126.49500274658203,113.05000305175781,125.99500274658203,7772,0.0,0.0
2018-05-23 00:00:00-04:00,125.0,146.0,120.0,141.2100067138672,11005,0.0,0.0
2018-05-24 00:00:00-04:00,141.0,145.0,130.0,144.5,9905,0.0,0.0
2018-05-25 00:00:00-04:00,143.5,157.5,136.5,151.5,8264,0.0,0.0
2018-05-29 00:00:00-04:00,155.0,157.5,101.20500183105469,116.0,37294,0.0,0.0
2018-05-30 00:00:00-04:00,121.5,133.5,111.0,129.72500610351562,12150,0.0,0.0
2018-05-31 00:00:00-04:00,132.0,132.0,106.0,124.0,14852,0.0,0.0
2018-06-01 00:00:00-04:00,123.0,131.0,121.5,128.0,3237,0.0,0.0
2018-06-04 00:00:00-04:00,130.5,135.0,123.5,134.0,3448,0.0,0.0
2018-06-05 00:00:00-04:00,133.0,165.0,131.0,157.0,15874,0.0,0.0
2018-06-06 00:00:00-04:00,156.0,181.4499969482422,137.5,170.0,11094,0.0,0.0
2018-06-07 00:00:00-04:00,173.0,199.0,173.0,184.0,9329,0.0,0.0
2018-06-08 00:00:00-04:00,184.5,212.5,184.5,199.5,6169,0.0,0.0
2018-06-11 00:00:00-04:00,205.5,240.5,199.5,239.0,7897,0.0,0.0
2018-06-12 00:00:00-04:00,250.0,264.45001220703125,204.0,237.5,10878,0.0,0.0
2018-06-13 00:00:00-04:00,250.0,250.0,230.0,237.0,1933,0.0,0.0
2018-06-14 00:00:00-04:00,220.5,242.5,211.0,230.0,2157,0.0,0.0
2018-06-15 00:00:00-04:00,232.5,245.0,153.5,188.0,14460,0.0,0.0
2018-06-18 00:00:00-04:00,183.0,183.0,140.5050048828125,142.0,19587,0.0,0.0
2018-06-19 00:00:00-04:00,140.0,147.0,134.0,138.5,7479,0.0,0.0
2018-06-20 00:00:00-04:00,140.5,149.5,122.5,125.0,9584,0.0,0.0
2018-06-21 00:00:00-04:00,125.5,135.5,125.0,125.0,4414,0.0,0.0
2018-06-22 00:00:00-04:00,137.0,144.0,124.0,130.5,9805,0.0,0.0
2018-06-25 00:00:00-04:00,130.0,136.9499969482422,125.0,127.5,4326,0.0,0.0
2018-06-26 00:00:00-04:00,128.0,135.0,125.5,129.0,1434,0.0,0.0
2018-06-27 00:00:00-04:00,128.0,133.5,125.5,126.0,1682,0.0,0.0
2018-06-28 00:00:00-04:00,127.0,147.0,120.0,130.5,12410,0.0,0.0
2018-06-29 00:00:00-04:00,130.5,139.0,126.5,134.0,5249,0.0,0.0
2018-07-02 00:00:00-04:00,133.5,153.5,130.0500030517578,145.75999450683594,7232,0.0,0.0
2018-07-03 00:00:00-04:00,153.0,158.5,143.5,146.5,5859,0.0,0.0
2018-07-05 00:00:00-04:00,146.5,164.0,131.0,159.5,5442,0.0,0.0
2018-07-06 00:00:00-04:00,162.5,172.5,156.5,156.5,2490,0.0,0.0
2018-07-09 00:00:00-04:00,157.5,173.5,157.0,166.0,2606,0.0,0.0
2018-07-10 00:00:00-04:00,176.5,176.5,161.5,174.0,1929,0.0,0.0
2018-07-11 00:00:00-04:00,172.0,172.67999267578125,146.0,148.5,5036,0.0,0.0
2018-07-12 00:00:00-04:00,155.0,159.0,149.0,149.5,1706,0.0,0.0
2018-07-13 00:00:00-04:00,151.0,160.0,145.5,151.0,1929,0.0,0.0
2018-07-16 00:00:00-04:00,152.125,152.125,131.5,141.5,4567,0.0,0.0
2018-07-17 00:00:00-04:00,140.0,161.83999633789062,138.0,155.0,5404,0.0,0.0
2018-07-18 00:00:00-04:00,154.0,170.0,154.0,170.0,3377,0.0,0.0
2018-07-19 00:00:00-04:00,170.0,190.0,168.89999389648438,186.0,5431,0.0,0.0
2018-07-20 00:00:00-04:00,194.5,205.5,184.0,200.0,8437,0.0,0.0
2018-07-23 00:00:00-04:00,209.5,225.0,202.5,217.5,4135,0.0,0.0
2018-07-24 00:00:00-04:00,222.5,235.0,218.5050048828125,231.0,4850,0.0,0.0
2018-07-25 00:00:00-04:00,235.0,257.1000061035156,224.5,255.0,5650,0.0,0.0
2018-07-26 00:00:00-04:00,260.0,286.0,253.76499938964844,270.5,6097,0.0,0.0
2018-07-27 00:00:00-04:00,272.5,278.75,204.0,264.5,9037,0.0,0.0
2018-07-30 00:00:00-04:00,264.0,264.0,187.5,203.0,8577,0.0,0.0
2018-07-31 00:00:00-04:00,203.0,224.9499969482422,203.0,215.25,2451,0.0,0.0
2018-08-01 00:00:00-04:00,217.0,235.0,209.0,213.5,3864,0.0,0.0
2018-08-02 00:00:00-04:00,210.5,233.5,210.0,225.5,2092,0.0,0.0
2018-08-03 00:00:00-04:00,228.5,245.5,228.16000366210938,241.5,1720,0.0,0.0
2018-08-06 00:00:00-04:00,240.0,259.45001220703125,240.0,255.5,2103,0.0,0.0
2018-08-07 00:00:00-04:00,257.5,265.3299865722656,244.5,257.5,3520,0.0,0.0
2018-08-08 00:00:00-04:00,255.0,272.5,255.0,268.5,2394,0.0,0.0
2018-08-09 00:00:00-04:00,271.0,298.0,270.0,293.0,3519,0.0,0.0
2018-08-10 00:00:00-04:00,293.0,359.5,287.5,316.20001220703125,6305,0.0,0.0
2018-08-13 00:00:00-04:00,337.5,337.5,267.07501220703125,267.5,2735,0.0,0.0
2018-08-14 00:00:00-04:00,265.0,268.0,188.0050048828125,197.5,10298,0.0,0.0
2018-08-15 00:00:00-04:00,189.5,240.0,182.5,226.0,6655,0.0,0.0
2018-08-16 00:00:00-04:00,225.0,265.5,225.0,251.5,6717,0.0,0.0
2018-08-17 00:00:00-04:00,272.5,284.45001220703125,254.7449951171875,276.8800048828125,4645,0.0,0.0
2018-08-20 00:00:00-04:00,279.0,282.5,204.0,218.5,9713,0.0,0.0
2018-08-21 00:00:00-04:00,225.5,247.0,220.0,240.0,5353,0.0,0.0
2018-08-22 00:00:00-04:00,245.0,250.5,220.44000244140625,236.0,4715,0.0,0.0
2018-08-23 00:00:00-04:00,232.5,237.0,216.0,220.5,2523,0.0,0.0
2018-08-24 00:00:00-04:00,225.0,226.89999389648438,210.0500030517578,213.5,2614,0.0,0.0
2018-08-27 00:00:00-04:00,216.5,231.14500427246094,216.0500030517578,219.0,2547,0.0,0.0
2018-08-28 00:00:00-04:00,218.0,222.82000732421875,202.5,210.0,1814,0.0,0.0
2018-08-29 00:00:00-04:00,207.5,219.5,207.5,215.0,2150,0.0,0.0
2018-08-30 00:00:00-04:00,210.5,219.89999389648438,210.5,212.0,804,0.0,0.0
2018-08-31 00:00:00-04:00,210.0,220.4499969482422,210.0,213.5,1168,0.0,0.0
2018-09-04 00:00:00-04:00,211.0,220.0,211.0,214.5,1203,0.0,0.0
2018-09-05 00:00:00-04:00,209.5,220.5,206.57000732421875,213.5,1301,0.0,0.0
2018-09-06 00:00:00-04:00,215.0,215.0,211.0,213.625,652,0.0,0.0
2018-09-07 00:00:00-04:00,209.27999877929688,211.75,192.69500732421875,193.5,1728,0.0,0.0
2018-09-10 00:00:00-04:00,192.5,204.5,190.0,196.44500732421875,1555,0.0,0.0
2018-09-11 00:00:00-04:00,198.5,204.0,192.5050048828125,199.0,839,0.0,0.0
2018-09-12 00:00:00-04:00,197.5,197.5,191.0,194.11500549316406,214,0.0,0.0
2018-09-13 00:00:00-04:00,196.0,201.4949951171875,186.0,192.0,1595,0.0,0.0
2018-09-14 00:00:00-04:00,191.5,197.0,186.0,196.5,1018,0.0,0.0
2018-09-17 00:00:00-04:00,196.0,217.5,196.0,213.0,1373,0.0,0.0
2018-09-18 00:00:00-04:00,218.0,232.47500610351562,213.97999572753906,229.5,2110,0.0,0.0
2018-09-19 00:00:00-04:00,228.5,229.9499969482422,201.0,222.5,2986,0.0,0.0
2018-09-20 00:00:00-04:00,224.5,243.5,224.5,238.0050048828125,3056,0.0,0.0
2018-09-21 00:00:00-04:00,245.0,245.0,234.86500549316406,237.5,437,0.0,0.0
2018-09-24 00:00:00-04:00,238.5,238.5,216.0,228.8300018310547,1250,0.0,0.0
2018-09-25 00:00:00-04:00,234.0,234.0,215.0,222.0,568,0.0,0.0
2018-09-26 00:00:00-04:00,222.0,225.0,215.0,215.0,613,0.0,0.0
2018-09-27 00:00:00-04:00,214.0,232.0050048828125,214.0,231.38499450683594,838,0.0,0.0
2018-09-28 00:00:00-04:00,230.5,237.5,226.0,235.0,1222,0.0,0.0
2018-10-01 00:00:00-04:00,235.5,235.5,211.0,220.0,430,0.0,0.0
2018-10-02 00:00:00-04:00,216.0,220.0,216.0,219.0,101,0.0,0.0
2018-10-03 00:00:00-04:00,215.0,217.0850067138672,201.0,204.0,361,0.0,0.0
2018-10-04 00:00:00-04:00,204.0,204.0050048828125,182.5,190.0,2515,0.0,0.0
2018-10-05 00:00:00-04:00,187.5,194.5,167.0,176.0,1005,0.0,0.0
2018-10-08 00:00:00-04:00,175.0,197.5,175.0,197.5,1064,0.0,0.0
2018-10-09 00:00:00-04:00,194.0,227.63499450683594,188.0,220.0,1486,0.0,0.0
2018-10-10 00:00:00-04:00,220.0,229.5,194.5,225.0,1401,0.0,0.0
2018-10-11 00:00:00-04:00,177.0,225.0,177.0,203.47500610351562,1194,0.0,0.0
2018-10-12 00:00:00-04:00,210.5,232.5,210.5,215.0,982,0.0,0.0
2018-10-15 00:00:00-04:00,225.0,240.0,211.0,237.0,923,0.0,0.0
2018-10-16 00:00:00-04:00,240.0,260.0,231.5,250.0,3028,0.0,0.0
2018-10-17 00:00:00-04:00,252.0,255.0,237.875,245.0,732,0.0,0.0
2018-10-18 00:00:00-04:00,239.5,239.5,209.0,220.0,580,0.0,0.0
2018-10-19 00:00:00-04:00,223.0,229.0,222.86500549316406,223.0,198,0.0,0.0
2018-10-22 00:00:00-04:00,223.4600067138672,227.8800048828125,223.4600067138672,223.5,63,0.0,0.0
2018-10-23 00:00:00-04:00,217.0,223.5,210.7550048828125,218.0,119,0.0,0.0
2018-10-24 00:00:00-04:00,215.0,229.33999633789062,213.44500732421875,224.5,1162,0.0,0.0
2018-10-25 00:00:00-04:00,225.0,232.5,216.1300048828125,216.5,585,0.0,0.0
2018-10-26 00:00:00-04:00,216.0,258.5,216.0,257.9049987792969,3413,0.0,0.0
2018-10-29 00:00:00-04:00,264.0,329.5,262.3399963378906,313.0,2902,0.0,0.0
2018-10-30 00:00:00-04:00,318.5,347.9949951171875,300.0,321.0,3529,0.0,0.0
2018-10-31 00:00:00-04:00,344.5,347.0,319.7049865722656,332.0,2578,0.0,0.0
2018-11-01 00:00:00-04:00,348.0,348.0,320.0,334.5,750,0.0,0.0
2018-11-02 00:00:00-04:00,379.5,393.5,349.0,363.0,1247,0.0,0.0
2018-11-05 00:00:00-05:00,390.0,487.5,285.0,313.0,6380,0.0,0.0
2018-11-06 00:00:00-05:00,346.0,346.0,250.0,270.0,3231,0.0,0.0
2018-11-07 00:00:00-05:00,251.0,259.5,225.0,229.5,2687,0.0,0.0
2018-11-08 00:00:00-05:00,228.5,273.0,228.36000061035156,255.0,2384,0.0,0.0
2018-11-09 00:00:00-05:00,250.5,259.5,246.5,259.5,512,0.0,0.0
2018-11-12 00:00:00-05:00,256.0,256.0,247.5,247.5,459,0.0,0.0
2018-11-13 00:00:00-05:00,247.5,260.4750061035156,247.5,250.5,738,0.0,0.0
2018-11-14 00:00:00-05:00,250.0,317.0,250.0,306.5,2465,0.0,0.0
2018-11-15 00:00:00-05:00,303.5,370.0,293.5,361.0,3712,0.0,0.0
2018-11-16 00:00:00-05:00,356.0,475.0,351.04998779296875,357.5,10287,0.0,0.0
2018-11-19 00:00:00-05:00,351.5,368.0,322.0,322.0,1281,0.0,0.0
2018-11-20 00:00:00-05:00,307.5,440.0,307.5,440.0,3680,0.0,0.0
2018-11-21 00:00:00-05:00,440.5,463.5,404.5,418.0,3237,0.0,0.0
2018-11-23 00:00:00-05:00,418.0,464.239990234375,418.0,454.5,670,0.0,0.0
2018-11-26 00:00:00-05:00,423.0,475.0,423.0,462.0,2488,0.0,0.0
2018-11-27 00:00:00-05:00,449.0,479.95001220703125,417.5,463.0,2140,0.0,0.0
2018-11-28 00:00:00-05:00,467.5,540.0,449.0,517.5449829101562,2960,0.0,0.0
2018-11-29 00:00:00-05:00,565.0,593.9949951171875,457.5,463.5050048828125,3550,0.0,0.0
2018-11-30 00:00:00-05:00,465.0,544.0,465.0,519.0,2005,0.0,0.0
2018-12-03 00:00:00-05:00,572.5,612.0,545.25,562.5,2099,0.0,0.0
2018-12-04 00:00:00-05:00,567.5,599.0,562.5,576.0,996,0.0,0.0
2018-12-06 00:00:00-05:00,575.0,724.5,575.0,709.5,2788,0.0,0.0
2018-12-07 00:00:00-05:00,715.0,983.0,652.5,677.0,6452,0.0,0.0
2018-12-10 00:00:00-05:00,832.0,838.5,704.5,838.5,3875,0.0,0.0
2018-12-11 00:00:00-05:00,888.5,1022.5,849.2550048828125,1022.0,4511,0.0,0.0
2018-12-12 00:00:00-05:00,1092.0,1250.0,825.0,1101.5,6698,0.0,0.0
2018-12-13 00:00:00-05:00,1147.5,1148.0,860.6300048828125,968.0,2512,0.0,0.0
2018-12-14 00:00:00-05:00,968.0,980.0,714.5150146484375,850.0,4134,0.0,0.0
2018-12-17 00:00:00-05:00,845.0,845.0,503.5,533.5,4647,0.0,0.0
2018-12-18 00:00:00-05:00,496.5,539.5,400.0,434.0,5364,0.0,0.0
2018-12-19 00:00:00-05:00,435.0,545.0,400.0,415.0,7006,0.0,0.0
2018-12-20 00:00:00-05:00,409.0,501.0,403.8999938964844,477.5,6108,0.0,0.0
2018-12-21 00:00:00-05:00,467.5,749.9949951171875,467.5,683.0,7128,0.0,0.0
2018-12-24 00:00:00-05:00,662.5,668.5,566.5,596.0,1692,0.0,0.0
2018-12-26 00:00:00-05:00,596.0,769.5,596.0,749.5,2402,0.0,0.0
2018-12-27 00:00:00-05:00,758.0,960.5,750.5,849.5,4136,0.0,0.0
2018-12-28 00:00:00-05:00,866.5,988.5,849.5,950.0,4152,0.0,0.0
2018-12-31 00:00:00-05:00,963.5,969.5,650.0,786.5,3109,0.0,0.0
2019-01-02 00:00:00-05:00,806.5,950.0,806.5,873.0,2562,0.0,0.0
2019-01-03 00:00:00-05:00,926.5,927.5,790.0,868.5,1857,0.0,0.0
2019-01-04 00:00:00-05:00,879.0,897.0150146484375,815.0050048828125,828.5,1271,0.0,0.0
2019-01-07 00:00:00-05:00,809.5,910.0,785.0,878.5,2847,0.0,0.0
2019-01-08 00:00:00-05:00,877.5,921.5,863.5,914.5,2240,0.0,0.0
2019-01-09 00:00:00-05:00,917.5,925.0,838.5,903.0,1799,0.0,0.0
2019-01-10 00:00:00-05:00,880.0,1035.0,880.0,910.0,3145,0.0,0.0
2019-01-11 00:00:00-05:00,947.5,947.5,840.5,840.5,1022,0.0,0.0
2019-01-14 00:00:00-05:00,854.0,862.5,725.0,760.5,1154,0.0,0.0
2019-01-15 00:00:00-05:00,783.0,816.4500122070312,702.5,718.5,986,0.0,0.0
2019-01-16 00:00:00-05:00,700.0,711.9400024414062,578.5,633.0,2636,0.0,0.0
2019-01-17 00:00:00-05:00,622.0,633.0,553.0,628.0,1481,0.0,0.0
2019-01-18 00:00:00-05:00,632.5,662.5,579.5,613.0,1536,0.0,0.0
2019-01-22 00:00:00-05:00,642.0,647.77001953125,542.02001953125,550.5,1246,0.0,0.0
2019-01-23 00:00:00-05:00,575.0,600.0,540.0,550.0,1545,0.0,0.0
2019-01-24 00:00:00-05:00,544.0,568.0,472.5,539.5,1022,0.0,0.0
2019-01-25 00:00:00-05:00,543.5,550.0,461.0,485.5,2524,0.0,0.0
2019-01-28 00:00:00-05:00,471.5,472.0,400.0,419.5,2643,0.0,0.0
2019-01-29 00:00:00-05:00,419.5,465.5,399.44000244140625,430.0,2183,0.0,0.0
2019-01-30 00:00:00-05:00,448.5,453.5,316.5,337.5,5972,0.0,0.0
2019-01-31 00:00:00-05:00,357.5,380.3999938964844,337.5,346.5,2549,0.0,0.0
2019-02-01 00:00:00-05:00,351.0,373.0,345.07501220703125,357.5,2391,0.0,0.0
2019-02-04 00:00:00-05:00,357.5,357.5,326.29998779296875,342.5,1292,0.0,0.0
2019-02-05 00:00:00-05:00,344.5,344.5,327.5,333.0,911,0.0,0.0
2019-02-06 00:00:00-05:00,333.5,357.5,333.5,346.0,2208,0.0,0.0
2019-02-07 00:00:00-05:00,346.0,373.94500732421875,343.0,350.0,2061,0.0,0.0
2019-02-08 00:00:00-05:00,349.5,355.30499267578125,255.0,275.0,1519,0.0,0.0
2019-02-11 00:00:00-05:00,287.5,321.5,285.0,285.0,1444,0.0,0.0
2019-02-12 00:00:00-05:00,283.5,307.5,283.5,296.0,1018,0.0,0.0
2019-02-13 00:00:00-05:00,293.5,307.5,293.0,307.5,348,0.0,0.0
2019-02-14 00:00:00-05:00,314.5,315.0,291.0,310.0,946,0.0,0.0
2019-02-15 00:00:00-05:00,317.0,400.0,307.1600036621094,340.0,2733,0.0,0.0
2019-02-19 00:00:00-05:00,362.5,386.5,350.0,362.5,667,0.0,0.0
2019-02-20 00:00:00-05:00,388.5,388.5,365.2850036621094,374.5,604,0.0,0.0
2019-02-21 00:00:00-05:00,371.0,386.7799987792969,365.04998779296875,384.0,570,0.0,0.0
2019-02-22 00:00:00-05:00,384.0,397.0,369.5,394.5,923,0.0,0.0
2019-02-25 00:00:00-05:00,399.5,423.5,397.5,407.0,1020,0.0,0.0
2019-02-26 00:00:00-05:00,421.5,430.0,315.0,315.0,3883,0.0,0.0
2019-02-27 00:00:00-05:00,318.5,332.5,312.5,312.9150085449219,769,0.0,0.0
2019-02-28 00:00:00-05:00,312.5,318.8999938964844,301.55999755859375,311.0,546,0.0,0.0
2019-03-01 00:00:00-05:00,315.489990234375,315.489990234375,263.0,270.0,1078,0.0,0.0
2019-03-04 00:00:00-05:00,268.5,295.0,267.05999755859375,280.0,1570,0.0,0.0
2019-03-05 00:00:00-05:00,283.5,294.9949951171875,278.0,282.5,604,0.0,0.0
2019-03-06 00:00:00-05:00,283.5,311.6300048828125,275.0,303.5400085449219,1133,0.0,0.0
2019-03-07 00:00:00-05:00,310.5,335.0,308.5,310.5,1097,0.0,0.0
2019-03-08 00:00:00-05:00,305.0,314.05499267578125,293.5,303.3349914550781,589,0.0,0.0
2019-03-11 00:00:00-04:00,302.5,312.5,302.5,308.0,365,0.0,0.0
2019-03-12 00:00:00-04:00,307.5,307.5,287.19000244140625,290.0,361,0.0,0.0
2019-03-13 00:00:00-04:00,291.0,291.0,280.5,284.5,317,0.0,0.0
2019-03-14 00:00:00-04:00,284.0,287.5,280.5,282.5,187,0.0,0.0
2019-03-15 00:00:00-04:00,280.5,280.5,270.0,270.45001220703125,192,0.0,0.0
2019-03-18 00:00:00-04:00,270.5,306.5,270.43499755859375,285.0,1044,0.0,0.0
2019-03-19 00:00:00-04:00,287.0,361.0,287.0,310.1700134277344,5363,0.0,0.0
2019-03-20 00:00:00-04:00,334.5,347.375,307.95001220703125,327.5,1004,0.0,0.0
2019-03-21 00:00:00-04:00,319.5,340.0,310.3299865722656,325.5,1083,0.0,0.0
2019-03-22 00:00:00-04:00,327.0,350.0,312.5,350.0,1531,0.0,0.0
2019-03-25 00:00:00-04:00,347.5,354.5,313.0,349.875,1070,0.0,0.0
2019-03-26 00:00:00-04:00,353.5,372.5,349.0,358.5,1145,0.0,0.0
2019-03-27 00:00:00-04:00,375.0,393.79998779296875,356.5,374.864990234375,5947,0.0,0.0
2019-03-28 00:00:00-04:00,374.0,377.5,342.5,359.94500732421875,1472,0.0,0.0
2019-03-29 00:00:00-04:00,352.0,353.0,308.0,310.0,1444,0.0,0.0
2019-04-01 00:00:00-04:00,310.0,310.0,300.0,300.0,842,0.0,0.0
2019-04-02 00:00:00-04:00,300.0,317.0,300.0,307.0,302,0.0,0.0
2019-04-03 00:00:00-04:00,310.0,335.0,302.5,306.5,568,0.0,0.0
2019-04-04 00:00:00-04:00,322.0,324.5,295.0,295.0,317,0.0,0.0
2019-04-05 00:00:00-04:00,295.5,298.69500732421875,280.5,285.0,781,0.0,0.0
2019-04-08 00:00:00-04:00,282.0,282.8949890136719,269.5,270.25,959,0.0,0.0
2019-04-09 00:00:00-04:00,271.0,276.7749938964844,255.5,261.0,1519,0.0,0.0
2019-04-10 00:00:00-04:00,275.68499755859375,275.68499755859375,238.0,259.5,1496,0.0,0.0
2019-04-11 00:00:00-04:00,267.5,267.5,240.5,245.25,1670,0.0,0.0
2019-04-12 00:00:00-04:00,233.5,233.5,190.0,212.5,2917,0.0,0.0
2019-04-15 00:00:00-04:00,214.5,234.0,212.5,213.0,521,0.0,0.0
2019-04-16 00:00:00-04:00,213.5,219.5500030517578,202.5,205.5,323,0.0,0.0
2019-04-17 00:00:00-04:00,220.4949951171875,220.4949951171875,209.0,210.0,295,0.0,0.0
2019-04-18 00:00:00-04:00,209.0,210.0,195.5850067138672,203.97500610351562,175,0.0,0.0
2019-04-22 00:00:00-04:00,212.0,212.0,177.5,191.5,1082,0.0,0.0
2019-04-23 00:00:00-04:00,195.5,202.5,188.10499572753906,198.0,576,0.0,0.0
2019-04-24 00:00:00-04:00,202.0,275.0,196.5,229.5,5539,0.0,0.0
2019-04-25 00:00:00-04:00,226.0,226.0,191.5,200.5,1017,0.0,0.0
2019-04-26 00:00:00-04:00,201.0,212.5,201.0,211.0,256,0.0,0.0
2019-04-29 00:00:00-04:00,221.0,221.0,202.98500061035156,207.0,193,0.0,0.0
2019-04-30 00:00:00-04:00,204.5,204.5,190.5,196.25,341,0.0,0.0
2019-05-01 00:00:00-04:00,202.5,235.0,197.0,200.5,522,0.0,0.0
2019-05-02 00:00:00-04:00,197.0,199.25,193.21499633789062,195.5,163,0.0,0.0
2019-05-03 00:00:00-04:00,195.5,197.48500061035156,188.0,190.5,275,0.0,0.0
2019-05-06 00:00:00-04:00,188.75,188.75,175.0,175.60000610351562,709,0.0,0.0
2019-05-07 00:00:00-04:00,177.44000244140625,178.0,162.5,162.5,565,0.0,0.0
2019-05-08 00:00:00-04:00,172.5,191.5,163.5,170.5,1027,0.0,0.0
2019-05-09 00:00:00-04:00,175.0,181.5,161.5,172.0,263,0.0,0.0
2019-05-10 00:00:00-04:00,174.0,176.0,156.75,159.77999877929688,953,0.0,0.0
2019-05-13 00:00:00-04:00,167.0,167.0,130.5,138.1199951171875,914,0.0,0.0
2019-05-14 00:00:00-04:00,147.5,155.0,138.73500061035156,145.0,541,0.0,0.0
2019-05-15 00:00:00-04:00,154.5,154.5,141.2050018310547,146.0,244,0.0,0.0
2019-05-16 00:00:00-04:00,148.5,158.8000030517578,148.5,151.5,330,0.0,0.0
2019-05-17 00:00:00-04:00,153.0,181.9949951171875,153.0,177.0,1037,0.0,0.0
2019-05-20 00:00:00-04:00,187.0,187.0,170.5,182.5,800,0.0,0.0
2019-05-21 00:00:00-04:00,181.86500549316406,188.25,176.3800048828125,185.5,418,0.0,0.0
2019-05-22 00:00:00-04:00,190.0,190.0,181.5050048828125,185.5,400,0.0,0.0
2019-05-23 00:00:00-04:00,178.0,178.0,160.0,160.5,404,0.0,0.0
2019-05-24 00:00:00-04:00,160.5,172.0,160.5,172.0,157,0.0,0.0
2019-05-28 00:00:00-04:00,174.0,177.61500549316406,174.0,175.0,124,0.0,0.0
2019-05-29 00:00:00-04:00,174.5,174.5,156.0050048828125,158.0,306,0.0,0.0
2019-05-30 00:00:00-04:00,160.0,173.40499877929688,160.0,162.25,817,0.0,0.0
2019-05-31 00:00:00-04:00,172.16000366210938,172.16000366210938,150.50999450683594,151.5,461,0.0,0.0
2019-06-03 00:00:00-04:00,157.5,157.5,141.0,141.0,241,0.0,0.0
2019-06-04 00:00:00-04:00,153.0,153.0,144.26499938964844,150.0,634,0.0,0.0
2019-06-05 00:00:00-04:00,150.0,150.0,141.0,150.0,205,0.0,0.0
2019-06-06 00:00:00-04:00,149.0,149.0,141.2050018310547,145.0,207,0.0,0.0
2019-06-07 00:00:00-04:00,149.5,149.5,140.0,148.46499633789062,113,0.0,0.0
2019-06-10 00:00:00-04:00,146.875,155.0,140.18499755859375,148.5,367,0.0,0.0
2019-06-11 00:00:00-04:00,147.0,157.5,142.0,149.44500732421875,1573,0.0,0.0
2019-06-12 00:00:00-04:00,146.0,154.5,141.0050048828125,151.0,1933,0.0,0.0
2019-06-13 00:00:00-04:00,151.0,151.05999755859375,142.0,143.0,264,0.0,0.0
2019-06-14 00:00:00-04:00,142.5,144.75,125.5,129.73500061035156,534,0.0,0.0
2019-06-17 00:00:00-04:00,132.0,137.5,128.65499877929688,137.5,148,0.0,0.0
2019-06-18 00:00:00-04:00,138.5,144.0,132.5,142.0,2926,0.0,0.0
2019-06-19 00:00:00-04:00,136.0,142.5,134.0,134.0,117,0.0,0.0
2019-06-20 00:00:00-04:00,133.0749969482422,137.0,130.0,133.5,566,0.0,0.0
2019-06-21 00:00:00-04:00,130.0050048828125,137.0,127.0,127.0,317,0.0,0.0
2019-06-24 00:00:00-04:00,125.5,125.5,110.0,110.5,573,0.0,0.0
2019-06-25 00:00:00-04:00,119.0,119.0,115.5,117.5,56,0.0,0.0
2019-06-26 00:00:00-04:00,117.0,120.0,115.0,119.94999694824219,96,0.0,0.0
2019-06-27 00:00:00-04:00,123.5,123.5,118.30000305175781,119.49500274658203,45,0.0,0.0
2019-06-28 00:00:00-04:00,115.63999938964844,120.0,115.5,118.5,101,0.0,0.0
2019-07-01 00:00:00-04:00,115.66999816894531,123.5,115.66999816894531,121.0,151,0.0,0.0
2019-07-02 00:00:00-04:00,125.0,128.0,123.00499725341797,128.0,442,0.0,0.0
2019-07-03 00:00:00-04:00,128.0,145.0,125.0,145.0,290,0.0,0.0
2019-07-05 00:00:00-04:00,142.5,142.5,130.4199981689453,133.4949951171875,222,0.0,0.0
2019-07-08 00:00:00-04:00,133.5,133.5,124.5,132.5,185,0.0,0.0
2019-07-09 00:00:00-04:00,127.5,133.0,125.0,125.5999984741211,230,0.0,0.0
2019-07-10 00:00:00-04:00,140.0,140.0,125.38999938964844,129.5,293,0.0,0.0
2019-07-11 00:00:00-04:00,126.04000091552734,126.04000091552734,117.5,125.0,458,0.0,0.0
2019-07-12 00:00:00-04:00,122.5,200.0,120.0,138.5050048828125,5183,0.0,0.0
2019-07-15 00:00:00-04:00,127.5,145.35499572753906,126.6050033569336,131.0,798,0.0,0.0
2019-07-16 00:00:00-04:00,139.8000030517578,139.8000030517578,127.5,131.4949951171875,394,0.0,0.0
2019-07-17 00:00:00-04:00,132.0,133.75,120.0,122.8949966430664,365,0.0,0.0
2019-07-18 00:00:00-04:00,117.5,139.5,106.92500305175781,127.5,1224,0.0,0.0
2019-07-19 00:00:00-04:00,133.0,135.0,121.0,121.50499725341797,247,0.0,0.0
2019-07-22 00:00:00-04:00,121.51000213623047,121.67500305175781,113.53500366210938,117.75,496,0.0,0.0
2019-07-23 00:00:00-04:00,114.5,132.5,114.44999694824219,118.0,1180,0.0,0.0
2019-07-24 00:00:00-04:00,123.0,129.94000244140625,120.0,121.44000244140625,1120,0.0,0.0
2019-07-25 00:00:00-04:00,119.98999786376953,123.94999694824219,116.5,123.94999694824219,428,0.0,0.0
2019-07-26 00:00:00-04:00,115.41000366210938,126.5199966430664,115.41000366210938,122.75,159,0.0,0.0
2019-07-29 00:00:00-04:00,124.0,128.3249969482422,119.25,124.81999969482422,322,0.0,0.0
2019-07-30 00:00:00-04:00,125.0,135.5,123.0,132.5,863,0.0,0.0
2019-07-31 00:00:00-04:00,133.5,153.5,112.5,115.58999633789062,1368,0.0,0.0
2019-08-01 00:00:00-04:00,112.5,126.0,112.5,117.0,335,0.0,0.0
2019-08-02 00:00:00-04:00,114.99500274658203,128.5,114.99500274658203,116.0,255,0.0,0.0
2019-08-05 00:00:00-04:00,114.5,114.5,107.5,112.5,254,0.0,0.0
2019-08-06 00:00:00-04:00,110.44000244140625,114.5,107.75,109.0,144,0.0,0.0
2019-08-07 00:00:00-04:00,108.04000091552734,115.17500305175781,106.5,113.0,852,0.0,0.0
2019-08-08 00:00:00-04:00,114.19999694824219,119.43000030517578,108.6449966430664,115.0,401,0.0,0.0
2019-08-09 00:00:00-04:00,115.5,117.5,107.50499725341797,109.0,160,0.0,0.0
2019-08-12 00:00:00-04:00,110.0,114.0,109.0,112.5,155,0.0,0.0
2019-08-13 00:00:00-04:00,117.0,117.0,108.0,108.00499725341797,406,0.0,0.0
2019-08-14 00:00:00-04:00,111.0,111.67500305175781,108.0,109.0,310,0.0,0.0
2019-08-15 00:00:00-04:00,109.0,109.0,103.00499725341797,107.23500061035156,62,0.0,0.0
2019-08-16 00:00:00-04:00,111.0,115.4000015258789,107.0,107.0,212,0.0,0.0
2019-08-19 00:00:00-04:00,109.0,109.0,103.70999908447266,106.0,194,0.0,0.0
2019-08-20 00:00:00-04:00,107.5,109.0,103.5,106.5,338,0.0,0.0
2019-08-21 00:00:00-04:00,104.00499725341797,112.0,102.83999633789062,107.20999908447266,882,0.0,0.0
2019-08-22 00:00:00-04:00,107.0,113.8499984741211,104.5,105.0,701,0.0,0.0
2019-08-23 00:00:00-04:00,107.5,117.5,102.5,104.00499725341797,1733,0.0,0.0
2019-08-26 00:00:00-04:00,103.50499725341797,112.5,103.50499725341797,107.0,778,0.0,0.0
2019-08-27 00:00:00-04:00,108.5,120.0,108.0,110.5,1532,0.0,0.0
2019-08-28 00:00:00-04:00,110.4000015258789,112.0,106.5,107.5,232,0.0,0.0
2019-08-29 00:00:00-04:00,107.5,122.5,107.0,122.5,1104,0.0,0.0
2019-08-30 00:00:00-04:00,119.0,119.0,107.50499725341797,107.50499725341797,871,0.0,0.0
2019-09-03 00:00:00-04:00,107.0,110.0,88.5,90.5,1588,0.0,0.0
2019-09-04 00:00:00-04:00,96.5,96.5,80.5,80.5,492,0.0,0.0
2019-09-05 00:00:00-04:00,80.5,80.5,70.0,72.90499877929688,872,0.0,0.0
2019-09-06 00:00:00-04:00,77.0,78.04499816894531,71.0,72.5,280,0.0,0.0
2019-09-09 00:00:00-04:00,71.5,72.0,60.22999954223633,71.0,95,0.0,0.0
2019-09-10 00:00:00-04:00,71.0,85.5,70.0,78.36499786376953,1860,0.0,0.0
2019-09-11 00:00:00-04:00,78.8949966430664,79.0,75.375,78.0,329,0.0,0.0
2019-09-12 00:00:00-04:00,78.5,87.5,70.0,82.5,4051,0.0,0.0
2019-09-13 00:00:00-04:00,83.0,83.0,76.5,76.5,305,0.0,0.0
2019-09-16 00:00:00-04:00,77.5,85.0,75.05000305175781,77.5,333,0.0,0.0
2019-09-17 00:00:00-04:00,77.0,77.5,74.00499725341797,76.84500122070312,139,0.0,0.0
2019-09-18 00:00:00-04:00,77.0,77.0,72.5,73.0,295,0.0,0.0
2019-09-19 00:00:00-04:00,76.0,76.0,65.0,67.0,551,0.0,0.0
2019-09-20 00:00:00-04:00,66.11000061035156,69.0,63.54999923706055,66.5,308,0.0,0.0
2019-09-23 00:00:00-04:00,69.0,69.0,66.68499755859375,66.68499755859375,135,0.0,0.0
2019-09-24 00:00:00-04:00,67.5,67.5,63.505001068115234,66.0,166,0.0,0.0
2019-09-25 00:00:00-04:00,68.5,68.5,64.94000244140625,65.0,109,0.0,0.0
2019-09-26 00:00:00-04:00,65.0,65.0,60.0,62.0,176,0.0,0.0
2019-09-27 00:00:00-04:00,61.5,64.1050033569336,56.52000045776367,57.5,969,0.0,0.0
2019-09-30 00:00:00-04:00,57.5,57.5,51.5,54.5,229,0.0,0.0
2019-10-01 00:00:00-04:00,54.5,61.0,54.0,55.619998931884766,363,0.0,0.0
2019-10-02 00:00:00-04:00,55.91999816894531,55.91999816894531,53.0,54.67499923706055,299,0.0,0.0
2019-10-03 00:00:00-04:00,55.0,55.0,53.0,53.5,182,0.0,0.0
2019-10-04 00:00:00-04:00,55.0,55.0,53.5,54.0,74,0.0,0.0
2019-10-07 00:00:00-04:00,54.0,55.0,52.5,52.505001068115234,222,0.0,0.0
2019-10-08 00:00:00-04:00,55.0,55.0,52.5,54.5,127,0.0,0.0
2019-10-09 00:00:00-04:00,54.5,54.5,53.0,53.45000076293945,121,0.0,0.0
2019-10-10 00:00:00-04:00,55.0,65.5,55.0,61.505001068115234,1633,0.0,0.0
2019-10-11 00:00:00-04:00,69.0,74.5,62.5,74.0,1098,0.0,0.0
2019-10-14 00:00:00-04:00,77.5,489.5,75.5,450.0,548543,0.0,0.0
2019-10-15 00:00:00-04:00,555.5,600.0,246.5,291.0,161034,0.0,0.0
2019-10-16 00:00:00-04:00,221.5,289.5,221.0,232.0,33657,0.0,0.0
2019-10-17 00:00:00-04:00,232.5,310.0,220.0,261.0,42275,0.0,0.0
2019-10-18 00:00:00-04:00,275.0,344.0,255.5,280.0,23319,0.0,0.0
2019-10-21 00:00:00-04:00,345.0,410.0,316.0,348.5,292516,0.0,0.0
2019-10-22 00:00:00-04:00,332.0,332.0,266.5,301.0,24688,0.0,0.0
2019-10-23 00:00:00-04:00,293.0,317.0,291.5,294.0,4841,0.0,0.0
2019-10-24 00:00:00-04:00,290.0,309.5,290.0,294.5,3444,0.0,0.0
2019-10-25 00:00:00-04:00,291.5,297.489990234375,236.0,247.0,12477,0.0,0.0
2019-10-28 00:00:00-04:00,259.0,263.5,213.0050048828125,218.5,5865,0.0,0.0
2019-10-29 00:00:00-04:00,218.5,268.31500244140625,198.0,244.5,28453,0.0,0.0
2019-10-30 00:00:00-04:00,237.5,254.0,227.75,236.0,4331,0.0,0.0
2019-10-31 00:00:00-04:00,231.0,237.0,217.5,230.5,3298,0.0,0.0
2019-11-01 00:00:00-04:00,276.5,285.0,239.5,246.0,27000,0.0,0.0
2019-11-04 00:00:00-05:00,231.5,253.0,225.0,240.5,8549,0.0,0.0
2019-11-05 00:00:00-05:00,239.0,240.5,221.5,222.5,4039,0.0,0.0
2019-11-06 00:00:00-05:00,214.5,230.0,209.0,214.5,5354,0.0,0.0
2019-11-07 00:00:00-05:00,214.0,226.5,214.0,222.5,1351,0.0,0.0
2019-11-08 00:00:00-05:00,221.0,233.5,209.0,214.0,4856,0.0,0.0
2019-11-11 00:00:00-05:00,217.5,219.5,196.5,200.5,2473,0.0,0.0
2019-11-12 00:00:00-05:00,198.5,200.5,175.75,177.5,4066,0.0,0.0
2019-11-13 00:00:00-05:00,178.0,198.10000610351562,176.0,176.5,7818,0.0,0.0
2019-11-14 00:00:00-05:00,177.5,186.0,171.0,175.0,1217,0.0,0.0
2019-11-15 00:00:00-05:00,180.0,180.0,157.5,159.5,2691,0.0,0.0
2019-11-18 00:00:00-05:00,156.5,160.27000427246094,136.0,137.0,4194,0.0,0.0
2019-11-19 00:00:00-05:00,136.0,139.97000122070312,128.5,130.0,2174,0.0,0.0
2019-11-20 00:00:00-05:00,130.5,131.0,121.0,124.0,1492,0.0,0.0
2019-11-21 00:00:00-05:00,124.0,173.0,124.0,155.0,13685,0.0,0.0
2019-11-22 00:00:00-05:00,146.0,152.0,134.0,141.0,2782,0.0,0.0
2019-11-25 00:00:00-05:00,134.5,146.0,130.11000061035156,137.5,1296,0.0,0.0
2019-11-26 00:00:00-05:00,139.0,139.5,133.0,137.5,2473,0.0,0.0
2019-11-27 00:00:00-05:00,138.5,147.0,133.0050048828125,140.75,1469,0.0,0.0
2019-11-29 00:00:00-05:00,141.0,141.69000244140625,130.0,131.5,971,0.0,0.0
2019-12-02 00:00:00-05:00,161.5,227.5,145.5,169.5,80211,0.0,0.0
2019-12-03 00:00:00-05:00,157.0,169.0,150.5,169.0,6183,0.0,0.0
2019-12-04 00:00:00-05:00,165.5,175.0,160.82000732421875,172.5,2469,0.0,0.0
2019-12-05 00:00:00-05:00,178.5,184.5,159.0,166.0,4196,0.0,0.0
2019-12-06 00:00:00-05:00,165.0,195.0,165.0,192.5,5709,0.0,0.0
2019-12-09 00:00:00-05:00,206.5,209.5,186.0,191.0,4129,0.0,0.0
2019-12-10 00:00:00-05:00,202.0,205.5,188.0,190.5,3689,0.0,0.0
2019-12-11 00:00:00-05:00,186.5,190.875,169.0,180.5,2404,0.0,0.0
2019-12-12 00:00:00-05:00,181.0,184.5,171.35499572753906,176.5,1353,0.0,0.0
2019-12-13 00:00:00-05:00,176.5,185.0,170.0,173.0,2463,0.0,0.0
2019-12-16 00:00:00-05:00,169.0,174.5,166.5800018310547,171.5,1016,0.0,0.0
2019-12-17 00:00:00-05:00,167.0,172.17999267578125,160.5,165.5,1795,0.0,0.0
2019-12-18 00:00:00-05:00,163.0,165.72500610351562,152.5,159.0,1596,0.0,0.0
2019-12-19 00:00:00-05:00,158.0,160.5,141.0,149.0,2594,0.0,0.0
2019-12-20 00:00:00-05:00,147.0,157.2550048828125,145.0,154.5,839,0.0,0.0
2019-12-23 00:00:00-05:00,155.0,156.36000061035156,145.5,149.5,545,0.0,0.0
2019-12-24 00:00:00-05:00,147.5,154.18499755859375,145.7949981689453,151.5,375,0.0,0.0
2019-12-26 00:00:00-05:00,153.5,157.0,148.6999969482422,156.5,553,0.0,0.0
2019-12-27 00:00:00-05:00,151.5,174.5,151.5,170.0,3836,0.0,0.0
2019-12-30 00:00:00-05:00,168.0,169.2050018310547,158.0,164.0,2811,0.0,0.0
2019-12-31 00:00:00-05:00,159.0,162.5,154.5,159.5,2094,0.0,0.0
2020-01-02 00:00:00-05:00,175.5,178.0,163.0,171.5,7110,0.0,0.0
2020-01-03 00:00:00-05:00,178.01499938964844,187.0,165.0,168.5,8990,0.0,0.0
2020-01-06 00:00:00-05:00,165.5,167.58999633789062,155.0,163.0,2421,0.0,0.0
2020-01-07 00:00:00-05:00,160.5,160.5,151.0,156.0,1519,0.0,0.0
2020-01-08 00:00:00-05:00,155.0,155.0,145.5,149.5,2019,0.0,0.0
2020-01-09 00:00:00-05:00,147.5,149.0,132.5,139.5,1877,0.0,0.0
2020-01-10 00:00:00-05:00,137.5,138.125,125.0,137.0,3116,0.0,0.0
2020-01-13 00:00:00-05:00,136.0,150.0,136.0,144.0,3098,0.0,0.0
2020-01-14 00:00:00-05:00,142.5,147.5,133.13499450683594,139.5,2252,0.0,0.0
2020-01-15 00:00:00-05:00,138.0,146.5,131.0,137.5,1260,0.0,0.0
2020-01-16 00:00:00-05:00,136.0,136.0,132.0,134.5,676,0.0,0.0
2020-01-17 00:00:00-05:00,132.5,133.0,126.00499725341797,126.5,700,0.0,0.0
2020-01-21 00:00:00-05:00,125.5,138.0,125.5,135.0,2089,0.0,0.0
2020-01-22 00:00:00-05:00,137.5,139.5,132.5,136.0,1241,0.0,0.0
2020-01-23 00:00:00-05:00,135.0,135.0,127.0,131.0,646,0.0,0.0
2020-01-24 00:00:00-05:00,129.5,135.0,117.0,125.0,983,0.0,0.0
2020-01-27 00:00:00-05:00,118.5,162.5,118.5,147.0,10997,0.0,0.0
2020-01-28 00:00:00-05:00,142.5,154.4949951171875,130.51499938964844,135.5,4232,0.0,0.0
2020-01-29 00:00:00-05:00,157.0,170.5,136.5,144.40499877929688,17226,0.0,0.0
2020-01-30 00:00:00-05:00,141.5,161.5,132.5,144.5,10251,0.0,0.0
2020-01-31 00:00:00-05:00,155.0,279.0,150.0,249.0,142345,0.0,0.0
2020-02-03 00:00:00-05:00,280.0,370.0,245.0,257.5,299677,0.0,0.0
2020-02-04 00:00:00-05:00,251.5,251.5,195.53500366210938,204.5,30219,0.0,0.0
2020-02-05 00:00:00-05:00,206.0,206.19000244140625,181.5050048828125,193.5,10933,0.0,0.0
2020-02-06 00:00:00-05:00,187.5,192.5,179.0,184.5,5611,0.0,0.0
2020-02-07 00:00:00-05:00,192.5,237.0,179.5,208.5,31600,0.0,0.0
2020-02-10 00:00:00-05:00,212.0,217.0,187.5,195.0,11069,0.0,0.0
2020-02-11 00:00:00-05:00,211.5,212.0,187.5,192.5,7797,0.0,0.0
2020-02-12 00:00:00-05:00,189.5,192.5,179.5,183.5,5494,0.0,0.0
2020-02-13 00:00:00-05:00,195.5,204.0,187.5,190.5,10093,0.0,0.0
2020-02-14 00:00:00-05:00,190.0,195.0,180.5,184.0,4111,0.0,0.0
2020-02-18 00:00:00-05:00,184.5,186.0,168.0,173.5,4773,0.0,0.0
2020-02-19 00:00:00-05:00,175.0,180.0,166.5,171.0,3298,0.0,0.0
2020-02-20 00:00:00-05:00,168.0,174.0,157.5,170.5,5264,0.0,0.0
2020-02-21 00:00:00-05:00,166.0,187.5,163.5,180.0,7122,0.0,0.0
2020-02-24 00:00:00-05:00,197.5,208.0,182.5,192.5,16851,0.0,0.0
2020-02-25 00:00:00-05:00,187.0,205.0,172.5,198.5,20398,0.0,0.0
2020-02-26 00:00:00-05:00,195.0,206.0,182.5,201.5,22224,0.0,0.0
2020-02-27 00:00:00-05:00,226.5,247.0050048828125,179.5,211.0,66924,0.0,0.0
2020-02-28 00:00:00-05:00,260.0,263.5,195.5,203.5,37037,0.0,0.0
2020-03-02 00:00:00-05:00,250.0,269.0,216.5,250.0,74087,0.0,0.0
2020-03-03 00:00:00-05:00,227.5,236.5,206.0,217.5,27464,0.0,0.0
2020-03-04 00:00:00-05:00,219.0,219.86000061035156,178.5,203.0,15629,0.0,0.0
2020-03-05 00:00:00-05:00,203.0,216.5,200.0,203.5,10126,0.0,0.0
2020-03-06 00:00:00-05:00,235.5,235.5,190.5,200.0,36667,0.0,0.0
2020-03-09 00:00:00-04:00,185.0,185.0,158.0,170.5,10644,0.0,0.0
2020-03-10 00:00:00-04:00,175.0,177.5,160.0,166.5,5940,0.0,0.0
2020-03-11 00:00:00-04:00,163.0,184.0,160.0,174.0,16101,0.0,0.0
2020-03-12 00:00:00-04:00,161.0,167.5,141.0,143.0,5686,0.0,0.0
2020-03-13 00:00:00-04:00,143.5,149.4949951171875,122.0,125.0,10886,0.0,0.0
2020-03-16 00:00:00-04:00,115.5,118.0,97.5,97.75,5967,0.0,0.0
2020-03-17 00:00:00-04:00,98.5,118.0,92.5,111.5,6736,0.0,0.0
2020-03-18 00:00:00-04:00,104.0,143.5,100.5,125.0,9887,0.0,0.0
2020-03-19 00:00:00-04:00,125.5,162.5,120.5,123.5,18650,0.0,0.0
2020-03-20 00:00:00-04:00,147.5,148.5,126.5,130.0,12810,0.0,0.0
2020-03-23 00:00:00-04:00,126.5,130.0,116.5,118.5,2551,0.0,0.0
2020-03-24 00:00:00-04:00,119.0,123.0,113.5,115.0,1646,0.0,0.0
2020-03-25 00:00:00-04:00,115.5,116.08000183105469,103.0,114.5,3586,0.0,0.0
2020-03-26 00:00:00-04:00,109.0,142.5,108.18499755859375,128.0,10673,0.0,0.0
2020-03-27 00:00:00-04:00,135.0,137.5,121.0,127.0,9628,0.0,0.0
2020-03-30 00:00:00-04:00,124.0,129.9949951171875,114.0,118.5,4541,0.0,0.0
2020-03-31 00:00:00-04:00,116.0,134.5,115.0,124.0,5091,0.0,0.0
2020-04-01 00:00:00-04:00,130.5,166.0,126.0,153.0,36099,0.0,0.0
2020-04-02 00:00:00-04:00,150.0,151.97999572753906,125.0,133.0,10606,0.0,0.0
2020-04-03 00:00:00-04:00,131.5,132.5,125.0,131.0,2042,0.0,0.0
2020-04-06 00:00:00-04:00,134.5,140.5,127.0,132.5,10878,0.0,0.0
2020-04-07 00:00:00-04:00,132.5,133.5,120.0,126.5,7171,0.0,0.0
2020-04-08 00:00:00-04:00,127.5,128.5,122.5,126.0,5001,0.0,0.0
2020-04-09 00:00:00-04:00,125.5,127.0,118.5,125.5,3356,0.0,0.0
2020-04-13 00:00:00-04:00,123.5,130.0,119.50499725341797,123.5,5085,0.0,0.0
2020-04-14 00:00:00-04:00,125.0,126.5,120.5,126.5,4571,0.0,0.0
2020-04-15 00:00:00-04:00,141.5,170.0,125.0,129.5,83887,0.0,0.0
2020-04-16 00:00:00-04:00,127.0,130.9949951171875,117.5,123.0,12442,0.0,0.0
2020-04-17 00:00:00-04:00,124.0,128.0,120.0,127.5,4113,0.0,0.0
2020-04-20 00:00:00-04:00,128.0,128.5,124.0,126.5,3549,0.0,0.0
2020-04-21 00:00:00-04:00,136.0,138.5,126.0,131.5,25343,0.0,0.0
2020-04-22 00:00:00-04:00,133.5,138.5,126.5,136.0,10382,0.0,0.0
2020-04-23 00:00:00-04:00,135.5,136.5,130.0,134.0,4443,0.0,0.0
2020-04-24 00:00:00-04:00,132.5,134.0,129.0,133.5,3614,0.0,0.0
2020-04-27 00:00:00-04:00,134.0,134.0,127.5,132.5,3316,0.0,0.0
2020-04-28 00:00:00-04:00,131.5,131.5,127.5,131.0,2849,0.0,0.0
2020-04-29 00:00:00-04:00,129.0,142.0,127.5,134.0,12070,0.0,0.0
2020-04-30 00:00:00-04:00,135.0,135.0,129.75,131.5,3675,0.0,0.0
2020-05-01 00:00:00-04:00,135.5,155.0,132.0,149.5,59751,0.0,0.0
2020-05-04 00:00:00-04:00,146.0,151.5,135.0,145.5,18736,0.0,0.0
2020-05-05 00:00:00-04:00,145.0,161.0,142.5,154.0,27448,0.0,0.0
2020-05-06 00:00:00-04:00,152.5,153.0,145.0,150.0,10454,0.0,0.0
2020-05-07 00:00:00-04:00,150.0,162.0,147.5,154.0,16077,0.0,0.0
2020-05-08 00:00:00-04:00,153.5,155.0,148.0,155.0,14489,0.0,0.0
2020-05-11 00:00:00-04:00,155.5,155.5,149.5,151.5,9586,0.0,0.0
2020-05-12 00:00:00-04:00,150.5,159.0,146.0,154.0,14742,0.0,0.0
2020-05-13 00:00:00-04:00,153.0,155.0,130.0,139.0,18260,0.0,0.0
2020-05-14 00:00:00-04:00,135.5,143.0,135.0,137.5,11111,0.0,0.0
2020-05-15 00:00:00-04:00,134.0,137.5,121.5,126.0,20540,0.0,0.0
2020-05-18 00:00:00-04:00,123.5,147.5,115.5,138.5,41240,0.0,0.0
2020-05-19 00:00:00-04:00,137.0,140.0,127.5,128.0,8068,0.0,0.0
2020-05-20 00:00:00-04:00,126.0,132.5,122.5,126.5,7641,0.0,0.0
2020-05-21 00:00:00-04:00,126.5,130.0,125.0,126.5,2990,0.0,0.0
2020-05-22 00:00:00-04:00,126.5,127.5,123.5,126.0,3280,0.0,0.0
2020-05-26 00:00:00-04:00,126.0,128.5050048828125,125.5,127.0,3285,0.0,0.0
2020-05-27 00:00:00-04:00,127.5,127.87000274658203,122.0,126.5,3013,0.0,0.0
2020-05-28 00:00:00-04:00,124.0,127.0,122.75,124.0,2924,0.0,0.0
2020-05-29 00:00:00-04:00,122.5,123.0,119.0,123.0,2319,0.0,0.0
2020-06-01 00:00:00-04:00,123.0,138.0,120.0,135.0,20506,0.0,0.0
2020-06-02 00:00:00-04:00,135.72999572753906,137.5,130.5,136.0,4678,0.0,0.0
2020-06-03 00:00:00-04:00,136.5,136.6300048828125,131.5,134.5,2273,0.0,0.0
2020-06-04 00:00:00-04:00,136.0,136.5050048828125,131.0,133.0,3705,0.0,0.0
2020-06-05 00:00:00-04:00,135.0,136.0,131.0,133.0,4401,0.0,0.0
2020-06-08 00:00:00-04:00,135.0,135.0,128.0,134.5,12892,0.0,0.0
2020-06-09 00:00:00-04:00,144.0,155.0,140.0,151.5,24150,0.0,0.0
2020-06-10 00:00:00-04:00,150.5,157.0,140.0,143.5,15237,0.0,0.0
2020-06-11 00:00:00-04:00,140.0,145.5,135.0,136.0,14845,0.0,0.0
2020-06-12 00:00:00-04:00,138.5,159.5,137.5,142.0,46652,0.0,0.0
2020-06-15 00:00:00-04:00,142.5,154.0749969482422,138.0,151.0,28528,0.0,0.0
2020-06-16 00:00:00-04:00,151.0,159.0,142.5,154.0,35148,0.0,0.0
2020-06-17 00:00:00-04:00,153.5,153.53500366210938,146.0,150.0,9723,0.0,0.0
2020-06-18 00:00:00-04:00,146.0,155.0,143.0,151.5,37632,0.0,0.0
2020-06-19 00:00:00-04:00,155.0,172.5,144.0,145.5,53904,0.0,0.0
2020-06-22 00:00:00-04:00,148.0,149.5,140.5,146.0,9630,0.0,0.0
2020-06-23 00:00:00-04:00,145.0,153.5,140.01499938964844,149.0,21005,0.0,0.0
2020-06-24 00:00:00-04:00,152.0,156.5,144.0,148.0,27450,0.0,0.0
2020-06-25 00:00:00-04:00,146.0,150.0,142.5,143.0,9100,0.0,0.0
2020-06-26 00:00:00-04:00,143.5,147.5,138.0,145.0,15919,0.0,0.0
2020-06-29 00:00:00-04:00,148.0,150.0,105.5,113.5,62558,0.0,0.0
2020-06-30 00:00:00-04:00,105.0,115.0,102.5,113.5,19278,0.0,0.0
2020-07-01 00:00:00-04:00,111.0,112.5,108.0,108.5,8421,0.0,0.0
2020-07-02 00:00:00-04:00,107.5,108.5,105.0,105.5,7171,0.0,0.0
2020-07-06 00:00:00-04:00,104.5,107.5,100.0,101.5,17029,0.0,0.0
2020-07-07 00:00:00-04:00,102.0,102.0,93.5,98.0,14978,0.0,0.0
2020-07-08 00:00:00-04:00,98.5,101.5,96.71499633789062,98.0,5874,0.0,0.0
2020-07-09 00:00:00-04:00,99.0,104.0,98.50499725341797,102.5,11963,0.0,0.0
2020-07-10 00:00:00-04:00,102.0,103.5,100.5,102.5,4433,0.0,0.0
2020-07-13 00:00:00-04:00,105.0,106.5,100.0,101.5,12242,0.0,0.0
2020-07-14 00:00:00-04:00,100.0,107.0,96.5,104.0,23774,0.0,0.0
2020-07-15 00:00:00-04:00,103.5,104.5,100.5,103.0,6843,0.0,0.0
2020-07-16 00:00:00-04:00,102.5,109.0,100.5,102.5,16720,0.0,0.0
2020-07-17 00:00:00-04:00,101.5,104.37000274658203,100.5,102.5,5880,0.0,0.0
2020-07-20 00:00:00-04:00,101.5,105.5,101.0,105.5,6373,0.0,0.0
2020-07-21 00:00:00-04:00,105.5,108.43499755859375,102.5,105.0,9810,0.0,0.0
2020-07-22 00:00:00-04:00,104.5,108.0,103.0,107.0,7725,0.0,0.0
2020-07-23 00:00:00-04:00,107.0,107.0,102.5,104.0,4366,0.0,0.0
2020-07-24 00:00:00-04:00,103.0,105.0,101.5,102.0,2715,0.0,0.0
2020-07-27 00:00:00-04:00,100.0,101.0,97.5,97.5,5241,0.0,0.0
2020-07-28 00:00:00-04:00,99.0,99.5,97.5,99.5,1625,0.0,0.0
2020-07-29 00:00:00-04:00,98.5,99.0,94.0,95.5,4207,0.0,0.0
2020-07-30 00:00:00-04:00,94.5,96.0,94.0,95.0,3821,0.0,0.0
2020-07-31 00:00:00-04:00,97.0,97.0,94.0,94.5,2555,0.0,0.0
2020-08-03 00:00:00-04:00,97.5,104.0,95.5,103.0,7421,0.0,0.0
2020-08-04 00:00:00-04:00,104.0,104.0,98.5,100.0,6343,0.0,0.0
2020-08-05 00:00:00-04:00,110.0,120.0,105.0,114.5,34665,0.0,0.0
2020-08-06 00:00:00-04:00,115.0,116.5,105.5,108.0,7731,0.0,0.0
2020-08-07 00:00:00-04:00,108.0,109.5,105.0,108.5,4355,0.0,0.0
2020-08-10 00:00:00-04:00,107.0,109.5,105.0,105.5,2999,0.0,0.0
2020-08-11 00:00:00-04:00,105.0,106.5,100.0,100.5,4426,0.0,0.0
2020-08-12 00:00:00-04:00,100.5,101.5,96.0,96.5,3943,0.0,0.0
2020-08-13 00:00:00-04:00,98.5,98.75,95.5,97.0,1967,0.0,0.0
2020-08-14 00:00:00-04:00,95.0,98.63500213623047,91.0,92.5,6462,0.0,0.0
2020-08-17 00:00:00-04:00,96.5,125.0,95.5,107.0,80130,0.0,0.0
2020-08-18 00:00:00-04:00,104.0,108.0,98.0,101.0,11452,0.0,0.0
2020-08-19 00:00:00-04:00,100.79499816894531,103.0,100.0,100.5,4489,0.0,0.0
2020-08-20 00:00:00-04:00,100.0,101.0,95.0,95.0,6890,0.0,0.0
2020-08-21 00:00:00-04:00,95.5,102.5,94.5,97.5,3122,0.0,0.0
2020-08-24 00:00:00-04:00,92.5,92.5,77.5,87.5,13231,0.0,0.0
2020-08-25 00:00:00-04:00,85.0,89.0,85.0,88.5,1315,0.0,0.0
2020-08-26 00:00:00-04:00,87.0,88.65499877929688,82.5,85.0,2820,0.0,0.0
2020-08-27 00:00:00-04:00,85.0,97.49500274658203,85.0,89.5,4754,0.0,0.0
2020-08-28 00:00:00-04:00,89.5,91.0,87.0,89.0,1052,0.0,0.0
2020-08-31 00:00:00-04:00,90.5,91.4749984741211,88.0,89.5,2010,0.0,0.0
2020-09-01 00:00:00-04:00,87.5,90.5,87.5,89.5,1217,0.0,0.0
2020-09-02 00:00:00-04:00,89.0,89.0,83.94999694824219,85.5,2826,0.0,0.0
2020-09-03 00:00:00-04:00,85.12999725341797,90.99500274658203,83.0,89.5,3815,0.0,0.0
2020-09-04 00:00:00-04:00,86.5,88.5,83.5,85.5,1286,0.0,0.0
2020-09-08 00:00:00-04:00,85.0,87.5,84.69000244140625,86.0,1025,0.0,0.0
2020-09-09 00:00:00-04:00,86.0,89.0,86.0,88.0,895,0.0,0.0
2020-09-10 00:00:00-04:00,87.5,91.0,86.5,88.0,1759,0.0,0.0
2020-09-11 00:00:00-04:00,86.0,90.0,86.0,87.5,981,0.0,0.0
2020-09-14 00:00:00-04:00,87.5,88.50499725341797,82.51000213623047,84.0,2898,0.0,0.0
2020-09-15 00:00:00-04:00,83.0,87.0,80.5,82.5,2391,0.0,0.0
2020-09-16 00:00:00-04:00,82.5,86.0,82.5,83.5,2058,0.0,0.0
2020-09-17 00:00:00-04:00,81.5,85.0,81.5,84.5,936,0.0,0.0
2020-09-18 00:00:00-04:00,84.0,87.5,83.0,85.0,1764,0.0,0.0
2020-09-21 00:00:00-04:00,85.0,87.0,83.25,83.5,966,0.0,0.0
2020-09-22 00:00:00-04:00,85.0,87.0,82.05000305175781,84.75499725341797,1966,0.0,0.0
2020-09-23 00:00:00-04:00,84.0,87.0,81.5,81.5,2518,0.0,0.0
2020-09-24 00:00:00-04:00,81.5,81.5,75.5,77.0,3187,0.0,0.0
2020-09-25 00:00:00-04:00,75.5,79.5,75.0,79.5,2433,0.0,0.0
2020-09-28 00:00:00-04:00,79.0,90.5,77.0,89.5,14932,0.0,0.0
2020-09-29 00:00:00-04:00,87.0,91.22000122070312,84.0,86.0,5709,0.0,0.0
2020-09-30 00:00:00-04:00,86.5,88.88999938964844,83.0,84.0,2008,0.0,0.0
2020-10-01 00:00:00-04:00,84.5,86.0,83.0,86.0,684,0.0,0.0
2020-10-02 00:00:00-04:00,83.0,88.0,82.5,86.0,2377,0.0,0.0
2020-10-05 00:00:00-04:00,84.5,95.0,83.5,89.5,7262,0.0,0.0
2020-10-06 00:00:00-04:00,88.5,94.0,88.0,89.0,1455,0.0,0.0
2020-10-07 00:00:00-04:00,90.0,94.5,88.5,93.5,4086,0.0,0.0
2020-10-08 00:00:00-04:00,94.0,95.0,91.0,94.0,2830,0.0,0.0
2020-10-09 00:00:00-04:00,94.5,94.5,92.25,93.5,1844,0.0,0.0
2020-10-12 00:00:00-04:00,94.0,99.0,92.5,97.63500213623047,2396,0.0,0.0
2020-10-13 00:00:00-04:00,96.5,102.0,92.5,99.5,2387,0.0,0.0
2020-10-14 00:00:00-04:00,101.0,101.0,97.5,98.5,802,0.0,0.0
2020-10-15 00:00:00-04:00,98.0,100.0,90.5,98.5,1632,0.0,0.0
2020-10-16 00:00:00-04:00,97.0,98.23999786376953,95.03500366210938,97.0,974,0.0,0.0
2020-10-19 00:00:00-04:00,186.5,204.5,127.0,134.0,1830314,0.0,0.0
2020-10-20 00:00:00-04:00,117.5,123.5,110.0,113.5,64815,0.0,0.0
2020-10-21 00:00:00-04:00,108.30500030517578,110.0,97.5,99.0,54996,0.0,0.0
2020-10-22 00:00:00-04:00,95.5,104.0,95.5,101.5,30896,0.0,0.0
2020-10-23 00:00:00-04:00,117.5,135.0,103.5,112.0,298775,0.0,0.0
2020-10-26 00:00:00-04:00,103.5,107.5,99.0,100.5,19139,0.0,0.0
2020-10-27 00:00:00-04:00,99.5,103.0,95.0,96.5,28422,0.0,0.0
2020-10-28 00:00:00-04:00,93.5,94.0,83.5,92.5,12730,0.0,0.0
2020-10-29 00:00:00-04:00,88.0,92.75,88.0,89.5,4727,0.0,0.0
2020-10-30 00:00:00-04:00,90.5,92.0,89.00499725341797,90.0,9207,0.0,0.0
2020-11-02 00:00:00-05:00,93.5,93.5,85.5,87.0,4186,0.0,0.0
2020-11-03 00:00:00-05:00,87.0,89.0,85.0,86.5,4182,0.0,0.0
2020-11-04 00:00:00-05:00,84.5,86.5,83.0,84.0,3443,0.0,0.0
2020-11-05 00:00:00-05:00,84.5,93.0,84.0,93.0,8093,0.0,0.0
2020-11-06 00:00:00-05:00,94.0,96.0,86.5,93.0,13866,0.0,0.0
2020-11-09 00:00:00-05:00,94.5,94.5,86.5,86.5,5951,0.0,0.0
2020-11-10 00:00:00-05:00,88.5,92.0,87.0,91.0,3373,0.0,0.0
2020-11-11 00:00:00-05:00,90.5,94.5,88.94499969482422,93.5,5291,0.0,0.0
2020-11-12 00:00:00-05:00,94.0,94.5,89.0,93.5,5841,0.0,0.0
2020-11-13 00:00:00-05:00,92.5,93.5,91.0,92.5,3966,0.0,0.0
2020-11-16 00:00:00-05:00,92.5,94.0,83.5,87.0,10737,0.0,0.0
2020-11-17 00:00:00-05:00,85.5,90.5199966430664,85.0,89.0,7697,0.0,0.0
2020-11-18 00:00:00-05:00,88.5,94.5,85.94499969482422,91.0,13953,0.0,0.0
2020-11-19 00:00:00-05:00,91.5,93.0,89.5,91.0,2206,0.0,0.0
2020-11-20 00:00:00-05:00,88.5,90.5,86.0,86.5,5119,0.0,0.0
2020-11-23 00:00:00-05:00,88.5,92.5,85.5,89.5,16303,0.0,0.0
2020-11-24 00:00:00-05:00,93.5,96.5,90.25,92.5,11088,0.0,0.0
2020-11-25 00:00:00-05:00,97.0,108.82499694824219,95.0,104.5,46286,0.0,0.0
2020-11-27 00:00:00-05:00,102.5,104.75,100.0,103.5,6983,0.0,0.0
2020-11-30 00:00:00-05:00,104.5,106.0,91.0,95.0,22456,0.0,0.0
2020-12-01 00:00:00-05:00,95.0,95.0,89.0,92.5,16031,0.0,0.0
2020-12-02 00:00:00-05:00,89.5,91.91999816894531,87.5,89.0,7150,0.0,0.0
2020-12-03 00:00:00-05:00,91.5,98.0,90.56999969482422,94.0,33316,0.0,0.0
2020-12-04 00:00:00-05:00,94.5,95.0,92.5,94.5,6046,0.0,0.0
2020-12-07 00:00:00-05:00,93.0,95.5,91.36499786376953,92.0,8268,0.0,0.0
2020-12-08 00:00:00-05:00,91.5,93.87999725341797,90.0,91.0,6369,0.0,0.0
2020-12-09 00:00:00-05:00,95.5,96.0,91.0,93.5,19628,0.0,0.0
2020-12-10 00:00:00-05:00,93.0,93.5,90.0,91.25,6380,0.0,0.0
2020-12-11 00:00:00-05:00,92.5,95.5,90.5,93.0,9426,0.0,0.0
2020-12-14 00:00:00-05:00,92.0,96.5,91.0,94.0,12949,0.0,0.0
2020-12-15 00:00:00-05:00,91.5,94.38999938964844,91.0,93.0,8555,0.0,0.0
2020-12-16 00:00:00-05:00,91.5,96.0,91.5,93.0,12157,0.0,0.0
2020-12-17 00:00:00-05:00,92.5,93.5,91.5,92.0,5613,0.0,0.0
2020-12-18 00:00:00-05:00,92.0,92.0,87.5,91.5,26091,0.0,0.0
2020-12-21 00:00:00-05:00,91.5,91.66000366210938,89.0,91.0,9825,0.0,0.0
2020-12-22 00:00:00-05:00,91.0,98.0,89.5,94.8550033569336,26521,0.0,0.0
2020-12-23 00:00:00-05:00,95.5,95.50499725341797,86.5,88.5,26073,0.0,0.0
2020-12-24 00:00:00-05:00,89.5,91.5,88.0,89.5,5345,0.0,0.0
2020-12-28 00:00:00-05:00,90.0,90.0,88.0,88.0,6433,0.0,0.0
2020-12-29 00:00:00-05:00,89.0,89.04000091552734,81.5,83.5,11038,0.0,0.0
2020-12-30 00:00:00-05:00,84.5,86.5,84.0,84.75,7916,0.0,0.0
2020-12-31 00:00:00-05:00,85.5,87.0,83.0,83.5,5559,0.0,0.0
2021-01-04 00:00:00-05:00,86.0,86.5,84.0,85.5,3499,0.0,0.0
2021-01-05 00:00:00-05:00,85.5,87.99500274658203,84.5,86.93499755859375,4728,0.0,0.0
2021-01-06 00:00:00-05:00,87.0,87.25,84.5,84.5,5305,0.0,0.0
2021-01-07 00:00:00-05:00,85.5,90.0,85.0,88.0,14356,0.0,0.0
2021-01-08 00:00:00-05:00,87.0,88.5,85.5,87.50499725341797,7924,0.0,0.0
2021-01-11 00:00:00-05:00,89.0,122.0,88.0,101.0,220810,0.0,0.0
2021-01-12 00:00:00-05:00,96.0,97.0,90.0,90.5,31033,0.0,0.0
2021-01-13 00:00:00-05:00,93.0,94.5,91.0,91.5,14180,0.0,0.0
2021-01-14 00:00:00-05:00,92.5,96.5,91.5,92.5,11450,0.0,0.0
2021-01-15 00:00:00-05:00,94.0,95.0,91.0,91.0,13385,0.0,0.0
2021-01-19 00:00:00-05:00,92.5,93.0,91.5,92.0,6867,0.0,0.0
2021-01-20 00:00:00-05:00,93.5,97.0,93.0,96.0,18349,0.0,0.0
2021-01-21 00:00:00-05:00,97.0,104.0,94.5,98.5,33194,0.0,0.0
2021-01-22 00:00:00-05:00,98.5,102.5,97.5,98.5,12116,0.0,0.0
2021-01-25 00:00:00-05:00,100.5,102.5,96.0,99.0,15052,0.0,0.0
2021-01-26 00:00:00-05:00,101.0,103.00499725341797,98.0,99.5,14429,0.0,0.0
2021-01-27 00:00:00-05:00,95.69499969482422,104.5,92.5,97.0,40099,0.0,0.0
2021-01-28 00:00:00-05:00,98.5,107.75,92.5,99.5,63488,0.0,0.0
2021-01-29 00:00:00-05:00,103.5,105.0,94.0,94.5,40179,0.0,0.0
2021-02-01 00:00:00-05:00,95.0,97.5,92.5,97.5,14334,0.0,0.0
2021-02-02 00:00:00-05:00,98.0,98.5,93.5,95.5,9229,0.0,0.0
2021-02-03 00:00:00-05:00,96.5,99.0,94.0,99.0,11138,0.0,0.0
2021-02-04 00:00:00-05:00,98.0,112.0,98.0,105.0,61215,0.0,0.0
2021-02-05 00:00:00-05:00,106.5,115.0,98.5,102.0,113753,0.0,0.0
2021-02-08 00:00:00-05:00,106.0,107.5,100.0,106.5,38688,0.0,0.0
2021-02-09 00:00:00-05:00,111.5,122.0,106.5,109.5,61250,0.0,0.0
2021-02-10 00:00:00-05:00,120.0,140.5,108.0,122.0,327275,0.0,0.0
2021-02-11 00:00:00-05:00,118.09500122070312,122.5,112.5,117.0,55454,0.0,0.0
2021-02-12 00:00:00-05:00,115.5,121.49500274658203,113.5,118.5,27101,0.0,0.0
2021-02-16 00:00:00-05:00,119.5,122.5,115.0,122.5,25596,0.0,0.0
2021-02-17 00:00:00-05:00,120.0,126.5,117.5,122.0,22011,0.0,0.0
2021-02-18 00:00:00-05:00,118.5,120.75,107.0,112.0,19859,0.0,0.0
2021-02-19 00:00:00-05:00,111.25,113.0,108.0,111.48500061035156,11652,0.0,0.0
2021-02-22 00:00:00-05:00,107.5,118.0,107.05000305175781,111.5,17851,0.0,0.0
2021-02-23 00:00:00-05:00,102.75,104.0,92.50499725341797,93.0,30992,0.0,0.0
2021-02-24 00:00:00-05:00,95.0,102.5,93.5,99.0,32979,0.0,0.0
2021-02-25 00:00:00-05:00,100.0,100.3550033569336,88.5,91.5,31048,0.0,0.0
2021-02-26 00:00:00-05:00,90.0,92.5,86.0,88.0,20090,0.0,0.0
2021-03-01 00:00:00-05:00,92.5,96.5,88.0,91.0,29787,0.0,0.0
2021-03-02 00:00:00-05:00,91.0,96.0,89.5,91.79499816894531,17388,0.0,0.0
2021-03-03 00:00:00-05:00,91.5,93.5,88.0,88.5,8819,0.0,0.0
2021-03-04 00:00:00-05:00,88.5,88.5,70.75,71.5,41836,0.0,0.0
2021-03-05 00:00:00-05:00,75.0,76.5,66.0,74.0,21051,0.0,0.0
2021-03-08 00:00:00-05:00,73.0,78.5,72.5,78.0,9069,0.0,0.0
2021-03-09 00:00:00-05:00,81.5,84.5,79.0,83.0,8168,0.0,0.0
2021-03-10 00:00:00-05:00,84.0,85.0,80.5,82.0,5756,0.0,0.0
2021-03-11 00:00:00-05:00,82.5,86.99500274658203,81.5,86.0,8085,0.0,0.0
2021-03-12 00:00:00-05:00,84.0,92.5,82.5,89.0,12003,0.0,0.0
2021-03-15 00:00:00-04:00,90.0,91.9749984741211,87.5,91.0,8962,0.0,0.0
2021-03-16 00:00:00-04:00,93.5,94.0,89.08499908447266,90.5,11530,0.0,0.0
2021-03-17 00:00:00-04:00,89.0,91.5,84.0,89.0,8884,0.0,0.0
2021-03-18 00:00:00-04:00,89.5,92.5,86.0999984741211,88.0,10280,0.0,0.0
2021-03-19 00:00:00-04:00,90.0,94.0,87.5,92.5,9896,0.0,0.0
2021-03-22 00:00:00-04:00,91.5,94.0,90.50499725341797,93.5,11528,0.0,0.0
2021-03-23 00:00:00-04:00,93.27999877929688,93.27999877929688,90.5,90.5,8395,0.0,0.0
2021-03-24 00:00:00-04:00,92.0,92.51000213623047,83.5,84.5,7809,0.0,0.0
2021-03-25 00:00:00-04:00,82.5,86.0,79.0,83.0,11532,0.0,0.0
2021-03-26 00:00:00-04:00,86.0,91.0,84.0,87.0,8697,0.0,0.0
2021-03-29 00:00:00-04:00,92.5,92.5,86.37000274658203,89.5,16831,0.0,0.0
2021-03-30 00:00:00-04:00,88.0,89.0,86.0,87.5,2911,0.0,0.0
2021-03-31 00:00:00-04:00,87.0,90.0,86.25,87.5,4314,0.0,0.0
2021-04-01 00:00:00-04:00,90.0,90.0,86.5,87.5,4302,0.0,0.0
2021-04-05 00:00:00-04:00,88.5,92.0,84.5,88.5,11904,0.0,0.0
2021-04-06 00:00:00-04:00,88.5,90.0,87.5,87.75,4331,0.0,0.0
2021-04-07 00:00:00-04:00,87.5,89.5,83.5,84.5,5724,0.0,0.0
2021-04-08 00:00:00-04:00,86.5,86.5,82.5,84.5,3599,0.0,0.0
2021-04-09 00:00:00-04:00,85.5,86.0,83.0,85.0,3484,0.0,0.0
2021-04-12 00:00:00-04:00,84.0,84.0,79.0,79.0,2929,0.0,0.0
2021-04-13 00:00:00-04:00,79.0,80.0,77.0,78.5,3554,0.0,0.0
2021-04-14 00:00:00-04:00,78.5,80.99500274658203,76.0,77.0,5450,0.0,0.0
2021-04-15 00:00:00-04:00,77.0,78.5,72.50499725341797,74.0,4598,0.0,0.0
2021-04-16 00:00:00-04:00,72.5,74.25,70.5,74.0,7044,0.0,0.0
2021-04-19 00:00:00-04:00,72.5,73.5,70.5,72.0,1925,0.0,0.0
2021-04-20 00:00:00-04:00,70.5199966430664,72.4749984741211,67.5250015258789,70.0,6841,0.0,0.0
2021-04-21 00:00:00-04:00,69.0,74.99500274658203,68.50499725341797,73.0,4418,0.0,0.0
2021-04-22 00:00:00-04:00,73.0,77.0,71.0,72.0,4633,0.0,0.0
2021-04-23 00:00:00-04:00,72.5,76.0,71.0,74.0,5691,0.0,0.0
2021-04-26 00:00:00-04:00,74.0,79.0,72.5,78.0,5877,0.0,0.0
2021-04-27 00:00:00-04:00,78.5,80.5,77.0,80.0,16508,0.0,0.0
2021-04-28 00:00:00-04:00,79.0,81.5,77.5,78.5,8226,0.0,0.0
2021-04-29 00:00:00-04:00,79.0,79.19000244140625,74.5,74.5,3556,0.0,0.0
2021-04-30 00:00:00-04:00,73.84500122070312,76.0,73.5,74.5,1650,0.0,0.0
2021-05-03 00:00:00-04:00,75.0,79.0,74.0,78.5,14664,0.0,0.0
2021-05-04 00:00:00-04:00,76.5,76.5,71.0,71.0,6525,0.0,0.0
2021-05-05 00:00:00-04:00,73.5,76.5,70.5,72.0,17837,0.0,0.0
2021-05-06 00:00:00-04:00,71.0,71.5999984741211,66.0,67.5,8277,0.0,0.0
2021-05-07 00:00:00-04:00,67.5,71.5,67.0,69.0,6660,0.0,0.0
2021-05-10 00:00:00-04:00,69.5,71.125,67.5,69.5,4577,0.0,0.0
2021-05-11 00:00:00-04:00,65.0,68.5,63.0,66.5,9790,0.0,0.0
2021-05-12 00:00:00-04:00,67.0,68.12999725341797,57.0,62.5,24529,0.0,0.0
2021-05-13 00:00:00-04:00,62.0,62.5,57.0,57.0,10073,0.0,0.0
2021-05-14 00:00:00-04:00,59.0,61.0,58.5,60.0,19545,0.0,0.0
2021-05-17 00:00:00-04:00,60.5,67.5,58.084999084472656,65.0,33711,0.0,0.0
2021-05-18 00:00:00-04:00,64.0,66.08499908447266,61.5,64.5,6305,0.0,0.0
2021-05-19 00:00:00-04:00,63.0,63.5,60.0,60.5,11050,0.0,0.0
2021-05-20 00:00:00-04:00,62.0,63.0,58.68000030517578,63.0,21490,0.0,0.0
2021-05-21 00:00:00-04:00,63.0,64.0999984741211,60.5,63.0,12191,0.0,0.0
2021-05-24 00:00:00-04:00,61.5,62.5,58.0,59.5,7526,0.0,0.0
2021-05-25 00:00:00-04:00,60.0,61.5,59.0,61.0,4274,0.0,0.0
2021-05-26 00:00:00-04:00,60.5,62.5,59.494998931884766,61.25,3498,0.0,0.0
2021-05-27 00:00:00-04:00,61.0,65.5,61.0,64.0,10774,0.0,0.0
2021-05-28 00:00:00-04:00,65.0,65.5,62.5,62.5,2694,0.0,0.0
2021-06-01 00:00:00-04:00,64.0,69.5,64.0,66.00499725341797,8702,0.0,0.0
2021-06-02 00:00:00-04:00,69.5,71.5,65.0,68.0,15272,0.0,0.0
2021-06-03 00:00:00-04:00,67.0,67.5,65.0,66.5,3394,0.0,0.0
2021-06-04 00:00:00-04:00,66.0,68.94999694824219,65.94999694824219,66.5,2651,0.0,0.0
2021-06-07 00:00:00-04:00,67.0,70.0,67.0,68.0,5294,0.0,0.0
2021-06-08 00:00:00-04:00,68.5,69.5,67.5,68.5,3380,0.0,0.0
2021-06-09 00:00:00-04:00,69.5,71.0,67.75,68.5,3734,0.0,0.0
2021-06-10 00:00:00-04:00,68.86499786376953,70.0,67.5,68.5,6512,0.0,0.0
2021-06-11 00:00:00-04:00,69.0,71.5,68.0,70.98999786376953,3149,0.0,0.0
2021-06-14 00:00:00-04:00,72.0,77.5,70.5,75.0,10430,0.0,0.0
2021-06-15 00:00:00-04:00,76.0,77.75,70.0,71.0,6377,0.0,0.0
2021-06-16 00:00:00-04:00,70.0,71.0,68.0,69.5,4131,0.0,0.0
2021-06-17 00:00:00-04:00,70.0,70.5,62.5,63.5,8601,0.0,0.0
2021-06-18 00:00:00-04:00,63.5,63.5,59.5,59.599998474121094,5821,0.0,0.0
2021-06-21 00:00:00-04:00,61.5,62.5,58.0,61.5,14115,0.0,0.0
2021-06-22 00:00:00-04:00,60.5,60.5,58.0,58.0,7601,0.0,0.0
2021-06-23 00:00:00-04:00,60.0,60.5,58.5,58.5,5880,0.0,0.0
2021-06-24 00:00:00-04:00,60.5,60.5,57.5,60.0,25311,0.0,0.0
2021-06-25 00:00:00-04:00,59.5,62.0,59.5,61.5,11493,0.0,0.0
2021-06-28 00:00:00-04:00,61.5,63.75,61.0,63.5,6673,0.0,0.0
2021-06-29 00:00:00-04:00,62.5,68.5,62.5,67.5,26379,0.0,0.0
2021-06-30 00:00:00-04:00,69.0,69.0,64.5,67.0,6680,0.0,0.0
2021-07-01 00:00:00-04:00,68.0,69.81999969482422,65.0,65.5,3597,0.0,0.0
2021-07-02 00:00:00-04:00,65.0,65.5,62.5,64.5,3991,0.0,0.0
2021-07-06 00:00:00-04:00,63.099998474121094,64.5,62.0,63.5,3308,0.0,0.0
2021-07-07 00:00:00-04:00,62.5,62.5,59.5,60.0,4798,0.0,0.0
2021-07-08 00:00:00-04:00,57.5,59.5,55.0,58.5,4067,0.0,0.0
2021-07-09 00:00:00-04:00,58.0,62.5,58.0,61.0,6345,0.0,0.0
2021-07-12 00:00:00-04:00,61.0,61.5,59.5,60.5,3259,0.0,0.0
2021-07-13 00:00:00-04:00,60.0,60.5,58.0,58.25,3417,0.0,0.0
2021-07-14 00:00:00-04:00,58.5,59.0,56.0,56.0,3004,0.0,0.0
2021-07-15 00:00:00-04:00,56.5,56.5,54.5,55.5,2880,0.0,0.0
2021-07-16 00:00:00-04:00,57.0,60.0,55.0,55.5,8601,0.0,0.0
2021-07-19 00:00:00-04:00,53.5,54.994998931884766,51.5,53.0,7706,0.0,0.0
2021-07-20 00:00:00-04:00,52.5,54.5,52.28499984741211,53.5,1511,0.0,0.0
2021-07-21 00:00:00-04:00,54.5,56.0,53.5,56.0,2200,0.0,0.0
2021-07-22 00:00:00-04:00,56.505001068115234,58.0,55.689998626708984,56.0,989,0.0,0.0
2021-07-23 00:00:00-04:00,56.0,56.5,55.0,55.75,607,0.0,0.0
2021-07-26 00:00:00-04:00,56.0,56.0,55.0,55.25,942,0.0,0.0
2021-07-27 00:00:00-04:00,54.0,55.0,50.0,53.0,8145,0.0,0.0
2021-07-28 00:00:00-04:00,54.5,59.0,52.5,58.0,1468,0.0,0.0
2021-07-29 00:00:00-04:00,57.0,58.79999923706055,55.0,55.0,1006,0.0,0.0
2021-07-30 00:00:00-04:00,55.5,61.0,55.0,60.0,1979,0.0,0.0
2021-08-02 00:00:00-04:00,60.86000061035156,62.755001068115234,58.5,59.0,1818,0.0,0.0
2021-08-03 00:00:00-04:00,56.27000045776367,59.0,56.0,56.5,2367,0.0,0.0
2021-08-04 00:00:00-04:00,58.0,59.0,53.0,54.0,3349,0.0,0.0
2021-08-05 00:00:00-04:00,53.5,54.0,51.685001373291016,52.5,3118,0.0,0.0
2021-08-06 00:00:00-04:00,52.5,55.0,51.5,52.5,3114,0.0,0.0
2021-08-09 00:00:00-04:00,53.5,55.0,51.5,54.04499816894531,2427,0.0,0.0
2021-08-10 00:00:00-04:00,53.5,56.0,53.0,53.0,1532,0.0,0.0
2021-08-11 00:00:00-04:00,53.005001068115234,54.005001068115234,52.654998779296875,53.5,1014,0.0,0.0
2021-08-12 00:00:00-04:00,54.0,54.0,51.0,51.154998779296875,1655,0.0,0.0
2021-08-13 00:00:00-04:00,51.0,51.0,45.5,45.92499923706055,11064,0.0,0.0
2021-08-16 00:00:00-04:00,48.0,48.5,42.709999084472656,42.709999084472656,6237,0.0,0.0
2021-08-17 00:00:00-04:00,47.0,47.0,41.5,41.755001068115234,3543,0.0,0.0
2021-08-18 00:00:00-04:00,41.349998474121094,42.9900016784668,40.5,42.025001525878906,2831,0.0,0.0
2021-08-19 00:00:00-04:00,42.025001525878906,42.93000030517578,37.64500045776367,39.0,7185,0.0,0.0
2021-08-20 00:00:00-04:00,38.025001525878906,42.5,38.0,40.005001068115234,3788,0.0,0.0
2021-08-23 00:00:00-04:00,39.5,41.4900016784668,38.599998474121094,40.0,7170,0.0,0.0
2021-08-24 00:00:00-04:00,40.0,41.98500061035156,39.060001373291016,41.470001220703125,15355,0.0,0.0
2021-08-25 00:00:00-04:00,43.0,44.150001525878906,41.05500030517578,42.95000076293945,3772,0.0,0.0
2021-08-26 00:00:00-04:00,43.0,43.89500045776367,39.630001068115234,40.880001068115234,4469,0.0,0.0
2021-08-27 00:00:00-04:00,40.625,41.5,39.75,41.5,3569,0.0,0.0
2021-08-30 00:00:00-04:00,40.165000915527344,41.54999923706055,40.130001068115234,41.0,2260,0.0,0.0
2021-08-31 00:00:00-04:00,42.5,43.0,41.3650016784668,41.494998931884766,4855,0.0,0.0
2021-09-01 00:00:00-04:00,41.5,42.79499816894531,41.10499954223633,42.44499969482422,3243,0.0,0.0
2021-09-02 00:00:00-04:00,42.4900016784668,44.064998626708984,42.029998779296875,43.47999954223633,6668,0.0,0.0
2021-09-03 00:00:00-04:00,43.5,43.744998931884766,42.25,43.040000915527344,4142,0.0,0.0
2021-09-07 00:00:00-04:00,42.45000076293945,43.494998931884766,40.25,40.90999984741211,5161,0.0,0.0
2021-09-08 00:00:00-04:00,41.09000015258789,41.1150016784668,38.5,39.474998474121094,5248,0.0,0.0
2021-09-09 00:00:00-04:00,40.97999954223633,40.97999954223633,39.244998931884766,39.61000061035156,1244,0.0,0.0
2021-09-10 00:00:00-04:00,39.744998931884766,40.48500061035156,38.5,39.97999954223633,4898,0.0,0.0
2021-09-13 00:00:00-04:00,39.3849983215332,39.9900016784668,38.65999984741211,39.029998779296875,3336,0.0,0.0
2021-09-14 00:00:00-04:00,40.25,41.0,38.560001373291016,39.5,7986,0.0,0.0
2021-09-15 00:00:00-04:00,39.0,39.0,35.560001373291016,36.8650016784668,9260,0.0,0.0
2021-09-16 00:00:00-04:00,36.125,36.26499938964844,33.595001220703125,35.470001220703125,7600,0.0,0.0
2021-09-17 00:00:00-04:00,35.59000015258789,36.0,35.005001068115234,35.505001068115234,3016,0.0,0.0
2021-09-20 00:00:00-04:00,35.5,36.2400016784668,33.53499984741211,34.0,3561,0.0,0.0
2021-09-21 00:00:00-04:00,34.5,34.73249816894531,33.005001068115234,33.59000015258789,3271,0.0,0.0
2021-09-22 00:00:00-04:00,34.44499969482422,34.86000061035156,32.03499984741211,33.0,5459,0.0,0.0
2021-09-23 00:00:00-04:00,32.54999923706055,33.900001525878906,32.54999923706055,33.78499984741211,4159,0.0,0.0
2021-09-24 00:00:00-04:00,33.06999969482422,34.0,32.73500061035156,32.93000030517578,3769,0.0,0.0
2021-09-27 00:00:00-04:00,33.46500015258789,34.900001525878906,33.0,34.064998626708984,1937,0.0,0.0
2021-09-28 00:00:00-04:00,33.810001373291016,36.97999954223633,33.5,34.81999969482422,5124,0.0,0.0
2021-09-29 00:00:00-04:00,35.5,44.5,34.82500076293945,39.9900016784668,52219,0.0,0.0
2021-09-30 00:00:00-04:00,39.650001525878906,40.5,34.11000061035156,35.94499969482422,31256,0.0,0.0
2021-10-01 00:00:00-04:00,34.525001525878906,35.720001220703125,32.79999923706055,33.939998626708984,13121,0.0,0.0
2021-10-04 00:00:00-04:00,34.75,34.880001068115234,30.815000534057617,31.450000762939453,10603,0.0,0.0
2021-10-05 00:00:00-04:00,31.5,31.989999771118164,30.125,30.825000762939453,3561,0.0,0.0
2021-10-06 00:00:00-04:00,30.75,31.2549991607666,30.084999084472656,30.5,4106,0.0,0.0
2021-10-07 00:00:00-04:00,30.094999313354492,31.795000076293945,28.575000762939453,31.200000762939453,7554,0.0,0.0
2021-10-08 00:00:00-04:00,31.25,31.4950008392334,30.5,30.5,4867,0.0,0.0
2021-10-11 00:00:00-04:00,30.7549991607666,30.989999771118164,30.0049991607666,30.204999923706055,3320,0.0,0.0
2021-10-12 00:00:00-04:00,30.09000015258789,31.875,30.09000015258789,30.989999771118164,3918,0.0,0.0
2021-10-13 00:00:00-04:00,32.13999938964844,32.13999938964844,30.25,31.200000762939453,3369,0.0,0.0
2021-10-14 00:00:00-04:00,30.600000381469727,32.0,30.25,31.084999084472656,3814,0.0,0.0
2021-10-15 00:00:00-04:00,32.0,32.0,30.260000228881836,30.625,2797,0.0,0.0
2021-10-18 00:00:00-04:00,30.0,30.5,28.0,28.850000381469727,10825,0.0,0.0
2021-10-19 00:00:00-04:00,29.5,29.989999771118164,28.260000228881836,28.864999771118164,3418,0.0,0.0
2021-10-20 00:00:00-04:00,29.0,29.0,28.05500030517578,28.93000030517578,4199,0.0,0.0
2021-10-21 00:00:00-04:00,29.0,29.049999237060547,28.065000534057617,28.584999084472656,4160,0.0,0.0
2021-10-22 00:00:00-04:00,28.584999084472656,29.0,26.5,27.329999923706055,8641,0.0,0.0
2021-10-25 00:00:00-04:00,27.5,36.0,26.559999465942383,34.0,38192,0.0,0.0
2021-10-26 00:00:00-04:00,33.0,133.5,31.520000457763672,110.5,4315888,0.0,0.0
2021-10-27 00:00:00-04:00,56.5,62.0,42.654998779296875,47.0,700748,0.0,0.0
2021-10-28 00:00:00-04:00,41.25,60.5,38.5,47.0,791694,0.0,0.0
2021-10-29 00:00:00-04:00,45.2400016784668,46.095001220703125,41.0,41.625,93024,0.0,0.0
2021-11-01 00:00:00-04:00,41.630001068115234,43.29999923706055,38.54750061035156,39.04999923706055,48861,0.0,0.0
2021-11-02 00:00:00-04:00,38.279998779296875,38.94499969482422,34.834999084472656,35.5,75899,0.0,0.0
2021-11-03 00:00:00-04:00,35.5,40.75,35.150001525878906,35.4900016784668,82758,0.0,0.0
2021-11-04 00:00:00-04:00,35.25,39.70000076293945,34.0,37.150001525878906,98219,0.0,0.0
2021-11-05 00:00:00-04:00,35.76499938964844,38.849998474121094,35.3849983215332,35.560001373291016,27580,0.0,0.0
2021-11-08 00:00:00-05:00,35.75,37.81999969482422,35.560001373291016,37.5099983215332,22250,0.0,0.0
2021-11-09 00:00:00-05:00,36.5,36.5,33.21500015258789,34.150001525878906,41752,0.0,0.0
2021-11-10 00:00:00-05:00,34.0,34.0,31.5,31.739999771118164,23724,0.0,0.0
2021-11-11 00:00:00-05:00,31.90999984741211,32.5,30.96500015258789,30.969999313354492,15996,0.0,0.0
2021-11-12 00:00:00-05:00,31.0,35.0,30.5,31.75,49287,0.0,0.0
2021-11-15 00:00:00-05:00,32.5,33.0,32.2599983215332,32.650001525878906,338159,0.0,0.0
2021-11-16 00:00:00-05:00,53.5,59.0,46.5,50.0,2599246,0.0,0.0
2021-11-17 00:00:00-05:00,46.27000045776367,51.5,41.650001525878906,49.25,254050,0.0,0.0
2021-11-18 00:00:00-05:00,44.505001068115234,54.0,42.0,48.564998626708984,253442,0.0,0.0
2021-11-19 00:00:00-05:00,49.5,53.5,43.5,44.06999969482422,171047,0.0,0.0
2021-11-22 00:00:00-05:00,43.19499969482422,46.0,37.54999923706055,39.42499923706055,70379,0.0,0.0
2021-11-23 00:00:00-05:00,39.0,42.30500030517578,35.0,35.404998779296875,106522,0.0,0.0
2021-11-24 00:00:00-05:00,36.43000030517578,37.900001525878906,35.04999923706055,35.1150016784668,189531,0.0,0.0
2021-11-26 00:00:00-05:00,47.25,49.5,40.599998474121094,45.25,729408,0.0,0.0
2021-11-29 00:00:00-05:00,42.130001068115234,44.0,38.0,43.5,141880,0.0,0.0
2021-11-30 00:00:00-05:00,40.0,43.0,39.119998931884766,41.959999084472656,61163,0.0,0.0
2021-12-01 00:00:00-05:00,40.005001068115234,45.95000076293945,37.75,40.20000076293945,92058,0.0,0.0
2021-12-02 00:00:00-05:00,39.89500045776367,40.98500061035156,38.0,39.095001220703125,28522,0.0,0.0
2021-12-03 00:00:00-05:00,37.5,39.14500045776367,35.0,35.5,31296,0.0,0.0
2021-12-06 00:00:00-05:00,35.0,39.88999938964844,33.564998626708984,35.48500061035156,44013,0.0,0.0
2021-12-07 00:00:00-05:00,35.5,38.0,35.5,37.10100173950195,26624,0.0,0.0
2021-12-08 00:00:00-05:00,36.0,38.904998779296875,35.255001068115234,37.5,42840,0.0,0.0
2021-12-09 00:00:00-05:00,36.154998779296875,37.244998931884766,35.005001068115234,35.474998474121094,20878,0.0,0.0
2021-12-10 00:00:00-05:00,35.25,35.494998931884766,32.8849983215332,33.86000061035156,26068,0.0,0.0
2021-12-13 00:00:00-05:00,33.744998931884766,34.375,32.0,32.71500015258789,13442,0.0,0.0
2021-12-14 00:00:00-05:00,31.5,33.5,31.024999618530273,31.299999237060547,25766,0.0,0.0
2021-12-15 00:00:00-05:00,32.0,32.81999969482422,29.5049991607666,31.600000381469727,18017,0.0,0.0
2021-12-16 00:00:00-05:00,32.0,33.5,30.0,30.56999969482422,14686,0.0,0.0
2021-12-17 00:00:00-05:00,30.0,33.0,29.010000228881836,31.844999313354492,30306,0.0,0.0
2021-12-20 00:00:00-05:00,30.0,32.0,29.010000228881836,29.145000457763672,11102,0.0,0.0
2021-12-21 00:00:00-05:00,30.0,30.5,29.0,29.989999771118164,37397,0.0,0.0
2021-12-22 00:00:00-05:00,29.989999771118164,31.5,29.165000915527344,31.274999618530273,20503,0.0,0.0
2021-12-23 00:00:00-05:00,31.25,31.270000457763672,30.0,30.475000381469727,15705,0.0,0.0
2021-12-27 00:00:00-05:00,30.5,31.0,29.110000610351562,29.290000915527344,20657,0.0,0.0
2021-12-28 00:00:00-05:00,29.040000915527344,29.9950008392334,26.25,26.5,31637,0.0,0.0
2021-12-29 00:00:00-05:00,26.75,26.75,23.594999313354492,24.25,39778,0.0,0.0
2021-12-30 00:00:00-05:00,24.5,28.0,24.2549991607666,25.350000381469727,52683,0.0,0.0
2021-12-31 00:00:00-05:00,25.5,26.135000228881836,24.559999465942383,25.5,18733,0.0,0.0
2022-01-03 00:00:00-05:00,26.75,27.0,25.25,26.469999313354492,15883,0.0,0.0
2022-01-04 00:00:00-05:00,25.55500030517578,27.0,25.149999618530273,25.7450008392334,22507,0.0,0.0
2022-01-05 00:00:00-05:00,25.725000381469727,26.5,23.25,23.7450008392334,18460,0.0,0.0
2022-01-06 00:00:00-05:00,24.0,24.049999237060547,22.5,23.270000457763672,14143,0.0,0.0
2022-01-07 00:00:00-05:00,23.03499984741211,24.0,22.75,24.0,6614,0.0,0.0
2022-01-10 00:00:00-05:00,23.5049991607666,24.4950008392334,23.25,23.684999465942383,8021,0.0,0.0
2022-01-11 00:00:00-05:00,23.530000686645508,24.75,22.649999618530273,23.899999618530273,47993,0.0,0.0
2022-01-12 00:00:00-05:00,22.69499969482422,24.0,22.69499969482422,23.375,5982,0.0,0.0
2022-01-13 00:00:00-05:00,23.950000762939453,23.96500015258789,21.600000381469727,22.420000076293945,11472,0.0,0.0
2022-01-14 00:00:00-05:00,22.2549991607666,23.0,21.158000946044922,21.4950008392334,6536,0.0,0.0
2022-01-18 00:00:00-05:00,21.149999618530273,21.4950008392334,19.655000686645508,20.489999771118164,12810,0.0,0.0
2022-01-19 00:00:00-05:00,20.190000534057617,21.0,19.5049991607666,20.0,11816,0.0,0.0
2022-01-20 00:00:00-05:00,20.06999969482422,21.094999313354492,19.5,19.5,9622,0.0,0.0
2022-01-21 00:00:00-05:00,19.5,19.747499465942383,18.209999084472656,18.78499984741211,11771,0.0,0.0
2022-01-24 00:00:00-05:00,17.75,20.415000915527344,17.75,20.100000381469727,17788,0.0,0.0
2022-01-25 00:00:00-05:00,20.5,21.149999618530273,19.065000534057617,20.165000915527344,7717,0.0,0.0
2022-01-26 00:00:00-05:00,21.0,22.5,19.510000228881836,19.610000610351562,7495,0.0,0.0
2022-01-27 00:00:00-05:00,21.549999237060547,21.549999237060547,18.5,18.864999771118164,6704,0.0,0.0
2022-01-28 00:00:00-05:00,19.0,21.0,18.0049991607666,19.014999389648438,3557,0.0,0.0
2022-01-31 00:00:00-05:00,19.309999465942383,20.5,19.020000457763672,20.0,5695,0.0,0.0
2022-02-01 00:00:00-05:00,20.0,21.0,19.55500030517578,19.987499237060547,3948,0.0,0.0
2022-02-02 00:00:00-05:00,19.549999237060547,21.5,15.130000114440918,16.260000228881836,41851,0.0,0.0
2022-02-03 00:00:00-05:00,13.399999618530273,18.791000366210938,13.399999618530273,16.5,215775,0.0,0.2
2022-02-04 00:00:00-05:00,16.700000762939453,18.299999237060547,16.399999618530273,16.799999237060547,41942,0.0,0.0
2022-02-07 00:00:00-05:00,17.0,18.500999450683594,14.699999809265137,17.100000381469727,184113,0.0,0.0
2022-02-08 00:00:00-05:00,17.399999618530273,18.200000762939453,16.700000762939453,17.790000915527344,50357,0.0,0.0
2022-02-09 00:00:00-05:00,17.700000762939453,19.100000381469727,17.200000762939453,18.0,55249,0.0,0.0
2022-02-10 00:00:00-05:00,17.200000762939453,17.799999237060547,16.700000762939453,17.19300079345703,26541,0.0,0.0
2022-02-11 00:00:00-05:00,17.100000381469727,18.5,16.799999237060547,17.600000381469727,215915,0.0,0.0
2022-02-14 00:00:00-05:00,17.399999618530273,17.798999786376953,16.200000762939453,17.299999237060547,72169,0.0,0.0
2022-02-15 00:00:00-05:00,17.299999237060547,17.600000381469727,16.700000762939453,17.0,57665,0.0,0.0
2022-02-16 00:00:00-05:00,17.200000762939453,17.600000381469727,16.975000381469727,17.100000381469727,83423,0.0,0.0
2022-02-17 00:00:00-05:00,16.899999618530273,17.5,16.200000762939453,16.200000762939453,59297,0.0,0.0
2022-02-18 00:00:00-05:00,16.815000534057617,16.815000534057617,14.399999618530273,14.5,28701,0.0,0.0
2022-02-22 00:00:00-05:00,13.899999618530273,14.300000190734863,12.699999809265137,12.78499984741211,26274,0.0,0.0
2022-02-23 00:00:00-05:00,12.699999809265137,13.0,11.100000381469727,11.100000381469727,29911,0.0,0.0
2022-02-24 00:00:00-05:00,10.199999809265137,11.850000381469727,10.199999809265137,11.600000381469727,24221,0.0,0.0
2022-02-25 00:00:00-05:00,11.800000190734863,13.100000381469727,11.699999809265137,12.5,48307,0.0,0.0
2022-02-28 00:00:00-05:00,12.300000190734863,12.5,12.0,12.399999618530273,8869,0.0,0.0
2022-03-01 00:00:00-05:00,11.699999809265137,12.300000190734863,11.300000190734863,11.300000190734863,30663,0.0,0.0
2022-03-02 00:00:00-05:00,11.5,12.0,11.100000381469727,11.350000381469727,11449,0.0,0.0
2022-03-03 00:00:00-05:00,11.5,11.501999855041504,10.699999809265137,10.899999618530273,8050,0.0,0.0
2022-03-04 00:00:00-05:00,11.100000381469727,11.197999954223633,10.527000427246094,10.800000190734863,17848,0.0,0.0
2022-03-07 00:00:00-05:00,10.300000190734863,10.92300033569336,10.199999809265137,10.5,13244,0.0,0.0
2022-03-08 00:00:00-05:00,10.388999938964844,10.800000190734863,10.0,10.60099983215332,13481,0.0,0.0
2022-03-09 00:00:00-05:00,11.100000381469727,11.300000190734863,10.300000190734863,10.899999618530273,132060,0.0,0.0
2022-03-10 00:00:00-05:00,10.699999809265137,11.399999618530273,10.300000190734863,11.199999809265137,102571,0.0,0.0
2022-03-11 00:00:00-05:00,10.899999618530273,11.399999618530273,10.300999641418457,10.699999809265137,13172,0.0,0.0
2022-03-14 00:00:00-04:00,10.800000190734863,10.800000190734863,9.65999984741211,10.100000381469727,15182,0.0,0.0
2022-03-15 00:00:00-04:00,10.199999809265137,10.699999809265137,9.821000099182129,10.399999618530273,26637,0.0,0.0
2022-03-16 00:00:00-04:00,10.800000190734863,12.100000381469727,10.800000190734863,11.899999618530273,63282,0.0,0.0
2022-03-17 00:00:00-04:00,13.0,13.399999618530273,12.0,12.800000190734863,37810,0.0,0.0
2022-03-18 00:00:00-04:00,12.600000381469727,12.899999618530273,12.442999839782715,12.800000190734863,9926,0.0,0.0
2022-03-21 00:00:00-04:00,12.699999809265137,13.899999618530273,12.5,13.600000381469727,18903,0.0,0.0
2022-03-22 00:00:00-04:00,13.119999885559082,14.199999809265137,13.0,13.100000381469727,17457,0.0,0.0
2022-03-23 00:00:00-04:00,13.50100040435791,13.50100040435791,12.72599983215332,13.100000381469727,11080,0.0,0.0
2022-03-24 00:00:00-04:00,12.899999618530273,13.5,12.899999618530273,13.300000190734863,9983,0.0,0.0
2022-03-25 00:00:00-04:00,13.0,13.399999618530273,12.5,12.600000381469727,7464,0.0,0.0
2022-03-28 00:00:00-04:00,12.699999809265137,12.899999618530273,12.399999618530273,12.800000190734863,6550,0.0,0.0
2022-03-29 00:00:00-04:00,13.0,16.700000762939453,12.899999618530273,15.0,126750,0.0,0.0
2022-03-30 00:00:00-04:00,14.199999809265137,15.0,13.800000190734863,14.0,16089,0.0,0.0
2022-03-31 00:00:00-04:00,13.899999618530273,14.0,12.0,13.800000190734863,9737,0.0,0.0
2022-04-01 00:00:00-04:00,14.5,15.800000190734863,13.399999618530273,15.300000190734863,27179,0.0,0.0
2022-04-04 00:00:00-04:00,15.699999809265137,15.699999809265137,14.300000190734863,14.899999618530273,10018,0.0,0.0
2022-04-05 00:00:00-04:00,14.899999618530273,15.300000190734863,13.5,13.800000190734863,33981,0.0,0.0
2022-04-06 00:00:00-04:00,13.5,13.899999618530273,12.60099983215332,12.800000190734863,16556,0.0,0.0
2022-04-07 00:00:00-04:00,12.5,13.098999977111816,12.100000381469727,12.399999618530273,13240,0.0,0.0
2022-04-08 00:00:00-04:00,12.399999618530273,12.699999809265137,12.0,12.399999618530273,4816,0.0,0.0
2022-04-11 00:00:00-04:00,12.199999809265137,12.350000381469727,11.123000144958496,11.199999809265137,10581,0.0,0.0
2022-04-12 00:00:00-04:00,11.300999641418457,11.600000381469727,11.0,11.050000190734863,7952,0.0,0.0
2022-04-13 00:00:00-04:00,11.399999618530273,12.399999618530273,11.199999809265137,11.199999809265137,6599,0.0,0.0
2022-04-14 00:00:00-04:00,11.199999809265137,11.800000190734863,10.699999809265137,10.800000190734863,10318,0.0,0.0
2022-04-18 00:00:00-04:00,10.699999809265137,11.899999618530273,10.600000381469727,10.899999618530273,4724,0.0,0.0
2022-04-19 00:00:00-04:00,11.5,11.5,10.800999641418457,11.199999809265137,3291,0.0,0.0
2022-04-20 00:00:00-04:00,11.199999809265137,11.899999618530273,10.699999809265137,10.899999618530273,23624,0.0,0.0
2022-04-21 00:00:00-04:00,11.100000381469727,11.300000190734863,10.5,10.699999809265137,8269,0.0,0.0
2022-04-22 00:00:00-04:00,10.456000328063965,11.300000190734863,10.300000190734863,10.399999618530273,3511,0.0,0.0
2022-04-25 00:00:00-04:00,10.100000381469727,10.300000190734863,9.800000190734863,10.100000381469727,10441,0.0,0.0
2022-04-26 00:00:00-04:00,9.949999809265137,10.399999618530273,9.699999809265137,9.83899974822998,4599,0.0,0.0
2022-04-27 00:00:00-04:00,10.0,10.399999618530273,9.37399959564209,9.807999610900879,2195,0.0,0.0
2022-04-28 00:00:00-04:00,9.600000381469727,10.29800033569336,9.600000381469727,10.100000381469727,3523,0.0,0.0
2022-04-29 00:00:00-04:00,9.609999656677246,10.199999809265137,9.609999656677246,9.739999771118164,1538,0.0,0.0
2022-05-02 00:00:00-04:00,9.5,10.100000381469727,9.5,10.0,3079,0.0,0.0
2022-05-03 00:00:00-04:00,9.526000022888184,10.0,9.5,9.949999809265137,2006,0.0,0.0
2022-05-04 00:00:00-04:00,9.621999740600586,10.092000007629395,9.031000137329102,9.979000091552734,5256,0.0,0.0
2022-05-05 00:00:00-04:00,9.993000030517578,9.993000030517578,9.199999809265137,9.222000122070312,1689,0.0,0.0
2022-05-06 00:00:00-04:00,9.100000381469727,9.5,8.510000228881836,8.800000190734863,9397,0.0,0.0
2022-05-09 00:00:00-04:00,8.800000190734863,8.800000190734863,6.400000095367432,7.7789998054504395,6456,0.0,0.0
2022-05-10 00:00:00-04:00,9.0,9.0,7.090000152587891,7.151000022888184,4243,0.0,0.0
2022-05-11 00:00:00-04:00,6.613999843597412,7.499000072479248,6.440000057220459,6.701000213623047,6723,0.0,0.0
2022-05-12 00:00:00-04:00,6.699999809265137,6.699999809265137,6.010000228881836,6.300000190734863,6503,0.0,0.0
2022-05-13 00:00:00-04:00,6.798999786376953,7.0,6.519999980926514,6.710000038146973,10590,0.0,0.0
2022-05-16 00:00:00-04:00,6.710000038146973,7.0,6.205999851226807,6.228000164031982,4572,0.0,0.0
2022-05-17 00:00:00-04:00,6.650000095367432,6.659999847412109,6.099999904632568,6.199999809265137,5763,0.0,0.0
2022-05-18 00:00:00-04:00,6.199999809265137,6.360000133514404,5.800000190734863,5.90500020980835,6582,0.0,0.0
2022-05-19 00:00:00-04:00,5.90500020980835,6.288000106811523,5.802999973297119,5.949999809265137,6076,0.0,0.0
2022-05-20 00:00:00-04:00,6.0,6.480000019073486,5.559000015258789,5.8979997634887695,7781,0.0,0.0
2022-05-23 00:00:00-04:00,6.400000095367432,6.5,5.920000076293945,6.050000190734863,3616,0.0,0.0
2022-05-24 00:00:00-04:00,10.100000381469727,10.300000190734863,5.900000095367432,6.25,4222688,0.0,0.0
2022-05-25 00:00:00-04:00,5.781000137329102,5.8520002365112305,4.800000190734863,5.129000186920166,395034,0.0,0.0
2022-05-26 00:00:00-04:00,4.885000228881836,4.949999809265137,4.14300012588501,4.260000228881836,225314,0.0,0.0
2022-05-27 00:00:00-04:00,4.28000020980835,4.5,4.0,4.150000095367432,211846,0.0,0.0
2022-05-31 00:00:00-04:00,4.298999786376953,4.46999979019165,4.039999961853027,4.150000095367432,110553,0.0,0.0
2022-06-01 00:00:00-04:00,4.322999954223633,4.489999771118164,4.151000022888184,4.242000102996826,78547,0.0,0.0
2022-06-02 00:00:00-04:00,4.25,4.400000095367432,4.150000095367432,4.250999927520752,176803,0.0,0.0
2022-06-03 00:00:00-04:00,4.257999897003174,4.447000026702881,4.140999794006348,4.239999771118164,96207,0.0,0.0
2022-06-06 00:00:00-04:00,4.307000160217285,4.598999977111816,4.25,4.480000019073486,58397,0.0,0.0
2022-06-07 00:00:00-04:00,4.329999923706055,4.388000011444092,4.241000175476074,4.369999885559082,44570,0.0,0.0
2022-06-08 00:00:00-04:00,4.400000095367432,4.947999954223633,4.400000095367432,4.639999866485596,57892,0.0,0.0
2022-06-09 00:00:00-04:00,4.650000095367432,6.699999809265137,4.440999984741211,5.199999809265137,479515,0.0,0.0
2022-06-10 00:00:00-04:00,7.120999813079834,7.5,5.617000102996826,6.76200008392334,2964729,0.0,0.0
2022-06-13 00:00:00-04:00,6.300000190734863,6.304999828338623,5.510000228881836,5.598999977111816,224025,0.0,0.0
2022-06-14 00:00:00-04:00,5.488999843597412,5.7829999923706055,4.5,5.050000190734863,164250,0.0,0.0
2022-06-15 00:00:00-04:00,4.830999851226807,5.698999881744385,4.801000118255615,5.150000095367432,72627,0.0,0.0
2022-06-16 00:00:00-04:00,5.0,5.400000095367432,4.900000095367432,5.323999881744385,32190,0.0,0.0
2022-06-17 00:00:00-04:00,5.2769999504089355,5.699999809265137,5.2769999504089355,5.671000003814697,44486,0.0,0.0
2022-06-21 00:00:00-04:00,5.908999919891357,6.0,5.322999954223633,5.5269999504089355,55186,0.0,0.0
2022-06-22 00:00:00-04:00,5.5279998779296875,5.798999786376953,5.414999961853027,5.789999961853027,24380,0.0,0.0
2022-06-23 00:00:00-04:00,5.6620001792907715,6.5,5.5279998779296875,6.25,96945,0.0,0.0
2022-06-24 00:00:00-04:00,6.375999927520752,6.699999809265137,5.77400016784668,6.501500129699707,95971,0.0,0.0
2022-06-27 00:00:00-04:00,6.300000190734863,7.5,6.111999988555908,6.894000053405762,129086,0.0,0.0
2022-06-28 00:00:00-04:00,7.052999973297119,7.199999809265137,6.60099983215332,6.651000022888184,29132,0.0,0.0
2022-06-29 00:00:00-04:00,6.75,6.900000095367432,6.201000213623047,6.499000072479248,40613,0.0,0.0
2022-06-30 00:00:00-04:00,6.303999900817871,6.5,6.202000141143799,6.386000156402588,21424,0.0,0.0
2022-07-01 00:00:00-04:00,6.300000190734863,6.578000068664551,6.199999809265137,6.255000114440918,25340,0.0,0.0
2022-07-05 00:00:00-04:00,6.199999809265137,7.0,6.199999809265137,6.889999866485596,36558,0.0,0.0
2022-07-06 00:00:00-04:00,7.059999942779541,7.3979997634887695,6.699999809265137,6.824999809265137,22625,0.0,0.0
2022-07-07 00:00:00-04:00,7.199999809265137,7.199999809265137,6.650000095367432,6.709499835968018,41163,0.0,0.0
2022-07-08 00:00:00-04:00,6.567999839782715,6.800000190734863,6.511000156402588,6.702000141143799,13622,0.0,0.0
2022-07-11 00:00:00-04:00,6.710000038146973,6.760000228881836,6.511000156402588,6.623000144958496,15075,0.0,0.0
2022-07-12 00:00:00-04:00,6.699999809265137,7.099999904632568,6.531000137329102,6.900000095367432,49844,0.0,0.0
2022-07-13 00:00:00-04:00,6.866000175476074,7.074999809265137,6.610000133514404,6.764999866485596,19120,0.0,0.0
2022-07-14 00:00:00-04:00,6.800000190734863,6.800000190734863,6.099999904632568,6.191999912261963,55576,0.0,0.0
2022-07-15 00:00:00-04:00,6.0,6.275000095367432,4.400000095367432,4.400000095367432,193181,0.0,0.0
2022-07-18 00:00:00-04:00,4.400000095367432,4.829999923706055,4.400000095367432,4.599999904632568,64408,0.0,0.0
2022-07-19 00:00:00-04:00,4.610000133514404,4.994999885559082,4.610000133514404,4.802999973297119,21740,0.0,0.0
2022-07-20 00:00:00-04:00,4.900000095367432,5.145999908447266,4.599999904632568,4.860000133514404,42821,0.0,0.0
2022-07-21 00:00:00-04:00,4.7129998207092285,5.046999931335449,4.650000095367432,4.650000095367432,33810,0.0,0.0
2022-07-22 00:00:00-04:00,4.710000038146973,4.945000171661377,4.5,4.5,23892,0.0,0.0
2022-07-25 00:00:00-04:00,4.550000190734863,4.650000095367432,4.300000190734863,4.36299991607666,38122,0.0,0.0
2022-07-26 00:00:00-04:00,4.500999927520752,4.900000095367432,4.198999881744385,4.559999942779541,45190,0.0,0.0
2022-07-27 00:00:00-04:00,4.559999942779541,4.949999809265137,4.317999839782715,4.900000095367432,47225,0.0,0.0
2022-07-28 00:00:00-04:00,4.980000019073486,5.400000095367432,4.5,5.348999977111816,42332,0.0,0.0
2022-07-29 00:00:00-04:00,5.400000095367432,5.591000080108643,5.0,5.328000068664551,38590,0.0,0.0
2022-08-01 00:00:00-04:00,5.199999809265137,5.400000095367432,5.0,5.265999794006348,14301,0.0,0.0
2022-08-02 00:00:00-04:00,5.117000102996826,5.770999908447266,5.099999904632568,5.23199987411499,123612,0.0,0.0
2022-08-03 00:00:00-04:00,5.300000190734863,6.349999904632568,5.230000019073486,6.09499979019165,95833,0.0,0.0
2022-08-04 00:00:00-04:00,5.989999771118164,6.145999908447266,5.400000095367432,5.821000099182129,90685,0.0,0.0
2022-08-05 00:00:00-04:00,5.822000026702881,6.0,5.414000034332275,5.943999767303467,25485,0.0,0.0
2022-08-08 00:00:00-04:00,6.050000190734863,6.199999809265137,5.900000095367432,6.131999969482422,497026,0.0,0.0
2022-08-09 00:00:00-04:00,7.199999809265137,7.466000080108643,5.400000095367432,5.599999904632568,939072,0.0,0.0
2022-08-10 00:00:00-04:00,5.800000190734863,5.800000190734863,5.400000095367432,5.550000190734863,159781,0.0,0.0
2022-08-11 00:00:00-04:00,5.519999980926514,5.550000190734863,4.900000095367432,5.070000171661377,171153,0.0,0.0
2022-08-12 00:00:00-04:00,5.199999809265137,5.199999809265137,5.0,5.11899995803833,37430,0.0,0.0
2022-08-15 00:00:00-04:00,5.199999809265137,5.199999809265137,4.800000190734863,4.809999942779541,54550,0.0,0.0
2022-08-16 00:00:00-04:00,4.800000190734863,5.300000190734863,4.650000095367432,5.050000190734863,221530,0.0,0.0
2022-08-17 00:00:00-04:00,4.96999979019165,5.0,4.5,4.520999908447266,71700,0.0,0.0
2022-08-18 00:00:00-04:00,4.544000148773193,4.888000011444092,4.520999908447266,4.7230000495910645,83460,0.0,0.0
2022-08-19 00:00:00-04:00,4.599999904632568,4.7230000495910645,4.5,4.525000095367432,43030,0.0,0.0
2022-08-22 00:00:00-04:00,4.5,6.199999809265137,4.5,5.605999946594238,633378,0.0,0.0
2022-08-23 00:00:00-04:00,5.800000190734863,7.900000095367432,5.414999961853027,5.809999942779541,4088685,0.0,0.0
2022-08-24 00:00:00-04:00,6.0,6.501999855041504,5.610000133514404,6.400000095367432,828670,0.0,0.0
2022-08-25 00:00:00-04:00,6.199999809265137,6.385000228881836,5.920000076293945,6.099999904632568,348055,0.0,0.0
2022-08-26 00:00:00-04:00,6.239999771118164,6.239999771118164,5.334000110626221,5.730000019073486,301240,0.0,0.0
2022-08-29 00:00:00-04:00,5.400000095367432,5.800000190734863,5.335999965667725,5.510000228881836,159067,0.0,0.0
2022-08-30 00:00:00-04:00,5.400000095367432,5.800000190734863,4.699999809265137,4.89900016784668,391997,0.0,0.0
2022-08-31 00:00:00-04:00,4.939000129699707,5.150000095367432,4.679999828338623,4.920000076293945,219632,0.0,0.0
2022-09-01 00:00:00-04:00,4.701000213623047,4.75,3.5,4.333000183105469,491075,0.0,0.0
2022-09-02 00:00:00-04:00,4.400000095367432,4.5,4.0,4.400000095367432,161321,0.0,0.0
2022-09-06 00:00:00-04:00,4.400000095367432,4.400000095367432,4.010000228881836,4.199999809265137,106611,0.0,0.0
2022-09-07 00:00:00-04:00,4.124000072479248,4.3979997634887695,4.011000156402588,4.300000190734863,78358,0.0,0.0
2022-09-08 00:00:00-04:00,4.175000190734863,4.380000114440918,4.065999984741211,4.173999786376953,62639,0.0,0.0
2022-09-09 00:00:00-04:00,4.164999961853027,4.309000015258789,4.150000095367432,4.199999809265137,55833,0.0,0.0
2022-09-12 00:00:00-04:00,4.177999973297119,4.21999979019165,4.10099983215332,4.151000022888184,28020,0.0,0.0
2022-09-13 00:00:00-04:00,3.9000000953674316,4.015999794006348,3.819999933242798,3.930000066757202,88714,0.0,0.0
2022-09-14 00:00:00-04:00,4.0,4.0,3.821000099182129,3.8299999237060547,49690,0.0,0.0
2022-09-15 00:00:00-04:00,3.8299999237060547,4.0,3.5999999046325684,3.7360000610351562,61484,0.0,0.0
2022-09-16 00:00:00-04:00,3.5999999046325684,3.8519999980926514,3.555999994277954,3.635999917984009,52076,0.0,0.0
2022-09-19 00:00:00-04:00,3.559999942779541,3.700000047683716,3.440000057220459,3.609999895095825,63139,0.0,0.0
2022-09-20 00:00:00-04:00,3.5999999046325684,3.5999999046325684,3.122999906539917,3.299999952316284,70975,0.0,0.0
2022-09-21 00:00:00-04:00,3.311000108718872,3.5,3.302000045776367,3.3510000705718994,25707,0.0,0.0
2022-09-22 00:00:00-04:00,3.299999952316284,3.3410000801086426,2.931999921798706,3.109999895095825,62335,0.0,0.0
2022-09-23 00:00:00-04:00,3.0169999599456787,3.3299999237060547,3.0,3.183000087738037,21167,0.0,0.0
2022-09-26 00:00:00-04:00,3.200000047683716,3.3299999237060547,2.950000047683716,2.950000047683716,46824,0.0,0.0
2022-09-27 00:00:00-04:00,2.928999900817871,3.0999999046325684,2.811000108718872,2.941999912261963,38414,0.0,0.0
2022-09-28 00:00:00-04:00,2.8540000915527344,3.0,2.809999942779541,2.9549999237060547,22570,0.0,0.0
2022-09-29 00:00:00-04:00,2.950000047683716,3.193000078201294,2.73799991607666,2.890000104904175,30383,0.0,0.0
2022-09-30 00:00:00-04:00,2.818000078201294,2.996999979019165,2.818000078201294,2.8359999656677246,19937,0.0,0.0
2022-10-03 00:00:00-04:00,2.9010000228881836,2.983599901199341,2.8010001182556152,2.946000099182129,32958,0.0,0.0
2022-10-04 00:00:00-04:00,2.9110000133514404,3.194000005722046,2.9110000133514404,3.0999999046325684,19817,0.0,0.0
2022-10-05 00:00:00-04:00,3.200000047683716,3.2799999713897705,3.0510001182556152,3.1700000762939453,9409,0.0,0.0
2022-10-06 00:00:00-04:00,3.0950000286102295,3.2309999465942383,3.0,3.0850000381469727,11444,0.0,0.0
2022-10-07 00:00:00-04:00,3.0,3.140000104904175,3.0,3.002000093460083,13376,0.0,0.0
2022-10-10 00:00:00-04:00,2.9800000190734863,2.997999906539917,2.9000000953674316,2.937000036239624,13871,0.0,0.0
2022-10-11 00:00:00-04:00,2.9200000762939453,3.0490000247955322,2.8499999046325684,2.9679999351501465,12758,0.0,0.0
2022-10-12 00:00:00-04:00,2.9609999656677246,3.0199999809265137,2.812000036239624,2.9749999046325684,27865,0.0,0.0
2022-10-13 00:00:00-04:00,2.822999954223633,3.299999952316284,2.805999994277954,3.0230000019073486,189364,0.0,0.0
2022-10-14 00:00:00-04:00,3.0490000247955322,3.234999895095825,2.9000000953674316,3.1080000400543213,20615,0.0,0.0
2022-10-17 00:00:00-04:00,3.200000047683716,3.3429999351501465,2.9760000705718994,3.190999984741211,41342,0.0,0.0
2022-10-18 00:00:00-04:00,3.311000108718872,3.380000114440918,3.0,3.0350000858306885,31039,0.0,0.0
2022-10-19 00:00:00-04:00,3.0840001106262207,3.244999885559082,3.046999931335449,3.13100004196167,8619,0.0,0.0
2022-10-20 00:00:00-04:00,3.140000104904175,3.1510000228881836,2.890000104904175,3.01200008392334,16993,0.0,0.0
2022-10-21 00:00:00-04:00,2.9230000972747803,3.1089999675750732,2.9000000953674316,2.990999937057495,5919,0.0,0.0
2022-10-24 00:00:00-04:00,3.0999999046325684,3.0999999046325684,2.631999969482422,2.7139999866485596,51580,0.0,0.0
2022-10-25 00:00:00-04:00,2.632999897003174,2.941999912261963,2.509999990463257,2.7829999923706055,21724,0.0,0.0
2022-10-26 00:00:00-04:00,2.697999954223633,2.880000114440918,2.694999933242798,2.7939999103546143,15151,0.0,0.0
2022-10-27 00:00:00-04:00,2.8499999046325684,2.8580000400543213,2.687000036239624,2.7899999618530273,14394,0.0,0.0
2022-10-28 00:00:00-04:00,2.7839999198913574,2.796999931335449,2.5999999046325684,2.7790000438690186,6024,0.0,0.0
2022-10-31 00:00:00-04:00,2.700000047683716,2.7049999237060547,2.5299999713897705,2.5989999771118164,23065,0.0,0.0
2022-11-01 00:00:00-04:00,2.559999942779541,2.7190001010894775,2.509999990463257,2.5269999504089355,16905,0.0,0.0
2022-11-02 00:00:00-04:00,2.5,2.5999999046325684,2.3369998931884766,2.4000000953674316,23704,0.0,0.0
2022-11-03 00:00:00-04:00,2.3889999389648438,2.48799991607666,2.2950000762939453,2.3499999046325684,10686,0.0,0.0
2022-11-04 00:00:00-04:00,2.302000045776367,2.38700008392334,2.200000047683716,2.2790000438690186,34246,0.0,0.0
2022-11-07 00:00:00-05:00,2.2109999656677246,2.2699999809265137,2.1080000400543213,2.2009999752044678,18089,0.0,0.0
2022-11-08 00:00:00-05:00,2.200000047683716,2.299999952316284,2.128000020980835,2.2009999752044678,11127,0.0,0.0
2022-11-09 00:00:00-05:00,2.128000020980835,2.2980000972747803,2.0,2.0309998989105225,26904,0.0,0.0
2022-11-10 00:00:00-05:00,2.0,2.4100000858306885,2.0,2.299999952316284,143791,0.0,0.0
2022-11-11 00:00:00-05:00,2.450000047683716,2.6700000762939453,2.2019999027252197,2.552000045776367,15816,0.0,0.0
2022-11-14 00:00:00-05:00,2.680000066757202,2.686000108718872,2.5510001182556152,2.619999885559082,16965,0.0,0.0
2022-11-15 00:00:00-05:00,2.700000047683716,2.700000047683716,2.4230000972747803,2.505000114440918,41282,0.0,0.0
2022-11-16 00:00:00-05:00,2.430000066757202,2.8499999046325684,2.430000066757202,2.622999906539917,38109,0.0,0.0
2022-11-17 00:00:00-05:00,2.5,2.6989998817443848,2.5,2.5369999408721924,6643,0.0,0.0
2022-11-18 00:00:00-05:00,2.4100000858306885,2.5299999713897705,2.4100000858306885,2.437000036239624,3691,0.0,0.0
2022-11-21 00:00:00-05:00,2.450000047683716,2.5989999771118164,2.2639999389648438,2.3010001182556152,21214,0.0,0.0
2022-11-22 00:00:00-05:00,2.299999952316284,2.497999906539917,2.200000047683716,2.321000099182129,13027,0.0,0.0
2022-11-23 00:00:00-05:00,2.3010001182556152,2.496999979019165,2.2019999027252197,2.2019999027252197,14155,0.0,0.0
2022-11-25 00:00:00-05:00,2.190000057220459,2.490000009536743,2.190000057220459,2.299999952316284,5928,0.0,0.0
2022-11-28 00:00:00-05:00,2.734999895095825,2.734999895095825,2.2049999237060547,2.250999927520752,25761,0.0,0.0
2022-11-29 00:00:00-05:00,2.2049999237060547,2.366499900817871,2.0209999084472656,2.11899995803833,45733,0.0,0.0
2022-11-30 00:00:00-05:00,2.11899995803833,2.3010001182556152,2.0999999046325684,2.244999885559082,84286,0.0,0.0
2022-12-01 00:00:00-05:00,2.253000020980835,2.4489998817443848,2.1410000324249268,2.3499999046325684,34857,0.0,0.0
2022-12-02 00:00:00-05:00,2.4000000953674316,2.5,2.190000057220459,2.375999927520752,20955,0.0,0.0
2022-12-05 00:00:00-05:00,2.3570001125335693,2.5999999046325684,2.3559999465942383,2.4100000858306885,36336,0.0,0.0
2022-12-06 00:00:00-05:00,2.450000047683716,2.503000020980835,2.3010001182556152,2.493000030517578,28401,0.0,0.0
2022-12-07 00:00:00-05:00,2.549999952316284,2.5999999046325684,2.3010001182556152,2.4865000247955322,19132,0.0,0.0
2022-12-08 00:00:00-05:00,2.4000000953674316,2.5980000495910645,2.259999990463257,2.260999917984009,69641,0.0,0.0
2022-12-09 00:00:00-05:00,2.0989999771118164,4.440000057220459,2.0510001182556152,2.0799999237060547,1286846,0.0,0.0
2022-12-12 00:00:00-05:00,2.0999999046325684,2.776900053024292,2.0,2.240000009536743,582363,0.0,0.1
2022-12-13 00:00:00-05:00,2.3499999046325684,2.3499999046325684,2.0,2.069999933242798,350285,0.0,0.0
2022-12-14 00:00:00-05:00,2.359999895095825,2.9700000286102295,2.190000057220459,2.8299999237060547,4085430,0.0,0.0
2022-12-15 00:00:00-05:00,2.630000114440918,2.690000057220459,2.380000114440918,2.5199999809265137,314021,0.0,0.0
2022-12-16 00:00:00-05:00,2.5299999713897705,2.5957000255584717,2.240000009536743,2.25,132894,0.0,0.0
2022-12-19 00:00:00-05:00,2.259999990463257,2.390000104904175,2.2100000381469727,2.2100000381469727,159295,0.0,0.0
2022-12-20 00:00:00-05:00,2.190000057220459,2.200000047683716,1.9107999801635742,1.9600000381469727,200075,0.0,0.0
2022-12-21 00:00:00-05:00,2.0199999809265137,2.0199999809265137,1.6100000143051147,1.6100000143051147,185280,0.0,0.0
2022-12-22 00:00:00-05:00,1.5700000524520874,1.600000023841858,1.340000033378601,1.3899999856948853,238158,0.0,0.0
2022-12-23 00:00:00-05:00,1.4199999570846558,1.4235999584197998,1.320099949836731,1.3700000047683716,66675,0.0,0.0
2022-12-27 00:00:00-05:00,1.3600000143051147,1.3899999856948853,1.2200000286102295,1.25,71397,0.0,0.0
2022-12-28 00:00:00-05:00,1.25,1.2598999738693237,1.159999966621399,1.2079999446868896,36390,0.0,0.0
2022-12-29 00:00:00-05:00,1.2000000476837158,1.2698999643325806,1.0700000524520874,1.190000057220459,61379,0.0,0.0
2022-12-30 00:00:00-05:00,1.1399999856948853,1.2400000095367432,1.1399999856948853,1.2300000190734863,50597,0.0,0.0
2023-01-03 00:00:00-05:00,1.2300000190734863,1.4500000476837158,1.2300000190734863,1.3700000047683716,87106,0.0,0.0
2023-01-04 00:00:00-05:00,1.3300000429153442,1.409999966621399,1.3300000429153442,1.3799999952316284,40359,0.0,0.0
2023-01-05 00:00:00-05:00,1.3700000047683716,1.5399999618530273,1.330899953842163,1.3799999952316284,194718,0.0,0.0
2023-01-06 00:00:00-05:00,1.350000023841858,1.600000023841858,1.350000023841858,1.4479999542236328,133929,0.0,0.0
2023-01-09 00:00:00-05:00,1.5,1.6198999881744385,1.4800000190734863,1.5,167147,0.0,0.0
2023-01-10 00:00:00-05:00,1.4500000476837158,1.5,1.4000999927520752,1.4600000381469727,23497,0.0,0.0
2023-01-11 00:00:00-05:00,1.6100000143051147,1.6100000143051147,1.4289000034332275,1.4500000476837158,38696,0.0,0.0
2023-01-12 00:00:00-05:00,1.409999966621399,1.5,1.409999966621399,1.5,14885,0.0,0.0
2023-01-13 00:00:00-05:00,1.5,1.559999942779541,1.4800000190734863,1.5499999523162842,27397,0.0,0.0
2023-01-17 00:00:00-05:00,1.5468000173568726,1.5468000173568726,1.4703999757766724,1.4900000095367432,19281,0.0,0.0
2023-01-18 00:00:00-05:00,1.4500000476837158,1.5794999599456787,1.3561999797821045,1.4199999570846558,27378,0.0,0.0
2023-01-19 00:00:00-05:00,1.4299999475479126,1.4637000560760498,1.2000000476837158,1.3200000524520874,44905,0.0,0.0
2023-01-20 00:00:00-05:00,1.2899999618530273,1.49590003490448,1.2899999618530273,1.4700000286102295,41117,0.0,0.0
2023-01-23 00:00:00-05:00,1.4299999475479126,1.48989999294281,1.3899999856948853,1.430299997329712,18836,0.0,0.0
2023-01-24 00:00:00-05:00,1.600000023841858,1.600000023841858,1.409999966621399,1.4600000381469727,37057,0.0,0.0
2023-01-25 00:00:00-05:00,1.4199999570846558,1.5099999904632568,1.3799999952316284,1.4800000190734863,27048,0.0,0.0
2023-01-26 00:00:00-05:00,1.4800000190734863,1.4800000190734863,1.4103000164031982,1.4600000381469727,14927,0.0,0.0
2023-01-27 00:00:00-05:00,1.440000057220459,1.5199999809265137,1.409999966621399,1.4299999475479126,31933,0.0,0.0
2023-01-30 00:00:00-05:00,1.392300009727478,1.4199999570846558,1.392300009727478,1.4149999618530273,5669,0.0,0.0
2023-01-31 00:00:00-05:00,1.5,1.5199999809265137,1.4500000476837158,1.5,14902,0.0,0.0
2023-02-01 00:00:00-05:00,1.5099999904632568,1.5800000429153442,1.5,1.5800000429153442,22913,0.0,0.0
2023-02-02 00:00:00-05:00,1.6050000190734863,1.899999976158142,1.6019999980926514,1.899999976158142,214179,0.0,0.0
2023-02-03 00:00:00-05:00,1.8600000143051147,1.8600000143051147,1.7300000190734863,1.7799999713897705,59311,0.0,0.0
2023-02-06 00:00:00-05:00,1.7599999904632568,1.7599999904632568,1.6100000143051147,1.6100000143051147,25944,0.0,0.0
2023-02-07 00:00:00-05:00,1.690600037574768,1.7300000190734863,1.5801000595092773,1.590000033378601,22268,0.0,0.0
2023-02-08 00:00:00-05:00,1.590000033378601,1.600000023841858,1.3450000286102295,1.3899999856948853,103254,0.0,0.0
2023-02-09 00:00:00-05:00,1.3600000143051147,1.4036999940872192,1.3600000143051147,1.3700000047683716,41156,0.0,0.0
2023-02-10 00:00:00-05:00,1.3700000047683716,1.3700000047683716,1.2799999713897705,1.2799999713897705,14009,0.0,0.0
2023-02-13 00:00:00-05:00,1.3300000429153442,1.4407000541687012,1.3300000429153442,1.3799999952316284,30957,0.0,0.0
2023-02-14 00:00:00-05:00,1.3660999536514282,1.4800000190734863,1.353600025177002,1.440000057220459,38020,0.0,0.0
2023-02-15 00:00:00-05:00,1.4199999570846558,1.440000057220459,1.3650000095367432,1.3899999856948853,32817,0.0,0.0
2023-02-16 00:00:00-05:00,1.375100016593933,1.440000057220459,1.3700000047683716,1.440000057220459,15519,0.0,0.0
2023-02-17 00:00:00-05:00,1.4040000438690186,1.440000057220459,1.3450000286102295,1.440000057220459,17086,0.0,0.0
2023-02-21 00:00:00-05:00,1.3799999952316284,1.4900000095367432,1.350000023841858,1.4900000095367432,35492,0.0,0.0
2023-02-22 00:00:00-05:00,1.4900000095367432,1.4900000095367432,1.399999976158142,1.399999976158142,5920,0.0,0.0
2023-02-23 00:00:00-05:00,1.3654999732971191,1.4199999570846558,1.2799999713897705,1.3700000047683716,23659,0.0,0.0
2023-02-24 00:00:00-05:00,1.320099949836731,1.4550000429153442,1.2799999713897705,1.3200000524520874,16616,0.0,0.0
2023-02-27 00:00:00-05:00,1.2999999523162842,1.431399941444397,1.25,1.2699999809265137,30746,0.0,0.0
2023-02-28 00:00:00-05:00,1.2252999544143677,1.2699999809265137,1.2252999544143677,1.25,4319,0.0,0.0
2023-03-01 00:00:00-05:00,1.2799999713897705,1.2799999713897705,1.1200000047683716,1.1200000047683716,52011,0.0,0.0
2023-03-02 00:00:00-05:00,1.100000023841858,1.1200000047683716,1.0099999904632568,1.0399999618530273,47899,0.0,0.0
2023-03-03 00:00:00-05:00,1.0299999713897705,1.0499999523162842,0.9402999877929688,1.0299999713897705,61947,0.0,0.0
2023-03-06 00:00:00-05:00,0.9991000294685364,1.0299999713897705,0.9509999752044678,1.0099999904632568,42519,0.0,0.0
2023-03-07 00:00:00-05:00,0.953000009059906,0.9945999979972839,0.953000009059906,0.9944000244140625,11234,0.0,0.0
2023-03-08 00:00:00-05:00,0.9599999785423279,1.059999942779541,0.9545000195503235,1.0,21832,0.0,0.0
2023-03-09 00:00:00-05:00,0.9950000047683716,1.0099999904632568,0.910099983215332,0.9490000009536743,29456,0.0,0.0
2023-03-10 00:00:00-05:00,0.9300000071525574,0.9402999877929688,0.8500999808311462,0.8667200207710266,29759,0.0,0.0
2023-03-13 00:00:00-04:00,0.8668000102043152,0.8833500146865845,0.800000011920929,0.800000011920929,33242,0.0,0.0
2023-03-14 00:00:00-04:00,0.8499000072479248,0.8499000072479248,0.7505999803543091,0.7509999871253967,14471,0.0,0.0
2023-03-15 00:00:00-04:00,0.800000011920929,0.800000011920929,0.7505000233650208,0.7799999713897705,11349,0.0,0.0
2023-03-16 00:00:00-04:00,0.7524999976158142,0.7980999946594238,0.7006999850273132,0.7563999891281128,31908,0.0,0.0
2023-03-17 00:00:00-04:00,0.7544000148773193,1.1385999917984009,0.625,0.6639999747276306,688001,0.0,0.0
2023-03-20 00:00:00-04:00,0.64410001039505,0.7049999833106995,0.6399999856948853,0.6898999810218811,34666,0.0,0.0
2023-03-21 00:00:00-04:00,0.6570000052452087,0.7269999980926514,0.625,0.7269999980926514,215565,0.0,0.0
2023-03-22 00:00:00-04:00,0.699999988079071,0.699999988079071,0.6255000233650208,0.6535000205039978,53029,0.0,0.0
2023-03-23 00:00:00-04:00,0.6273000240325928,0.6800000071525574,0.600600004196167,0.6111000180244446,69347,0.0,0.0
2023-03-24 00:00:00-04:00,0.6000000238418579,0.6494100093841553,0.47999998927116394,0.5400000214576721,116797,0.0,0.0
2023-03-27 00:00:00-04:00,0.5591999888420105,0.5799999833106995,0.5009999871253967,0.5699999928474426,63345,0.0,0.0
2023-03-28 00:00:00-04:00,0.550000011920929,0.5550000071525574,0.5400000214576721,0.5544000267982483,10869,0.0,0.0
2023-03-29 00:00:00-04:00,0.582099974155426,0.582099974155426,0.5151000022888184,0.5400000214576721,13203,0.0,0.0
2023-03-30 00:00:00-04:00,0.5400000214576721,0.5521000027656555,0.5202000141143799,0.5205000042915344,41104,0.0,0.0
2023-03-31 00:00:00-04:00,0.5199999809265137,0.5519999861717224,0.5199000239372253,0.548799991607666,26865,0.0,0.0
2023-04-03 00:00:00-04:00,0.5699999928474426,0.5699999928474426,0.5123999714851379,0.5501000285148621,10799,0.0,0.0
2023-04-04 00:00:00-04:00,0.5264999866485596,0.5400000214576721,0.5149999856948853,0.5285999774932861,13331,0.0,0.0
2023-04-05 00:00:00-04:00,0.5299999713897705,0.6399999856948853,0.5239999890327454,0.5590000152587891,176530,0.0,0.0
2023-04-06 00:00:00-04:00,0.5299999713897705,0.5550000071525574,0.5299999713897705,0.5400000214576721,38634,0.0,0.0
2023-04-10 00:00:00-04:00,0.550000011920929,0.5699999928474426,0.5400000214576721,0.5400000214576721,72424,0.0,0.0
2023-04-11 00:00:00-04:00,0.5238000154495239,0.5699999928474426,0.5238000154495239,0.5698000192642212,66713,0.0,0.0
2023-04-12 00:00:00-04:00,0.569599986076355,0.5999000072479248,0.5238000154495239,0.5394999980926514,64663,0.0,0.0
2023-04-13 00:00:00-04:00,0.5299999713897705,0.5688999891281128,0.5171999931335449,0.5310999751091003,29599,0.0,0.0
2023-04-14 00:00:00-04:00,0.5264000296592712,0.7549999952316284,0.5264000296592712,0.7200000286102295,1098296,0.0,0.0
2023-04-17 00:00:00-04:00,0.7300000190734863,0.7300000190734863,0.5600000023841858,0.6201000213623047,332605,0.0,0.0
2023-04-18 00:00:00-04:00,0.6000000238418579,0.6899999976158142,0.5699999928474426,0.6499999761581421,111033,0.0,0.0
2023-04-19 00:00:00-04:00,0.5812000036239624,0.6800000071525574,0.5799999833106995,0.6700000166893005,68185,0.0,0.0
2023-04-20 00:00:00-04:00,0.6600000262260437,0.9146999716758728,0.6600000262260437,0.7261000275611877,741294,0.0,0.0
2023-04-21 00:00:00-04:00,0.699999988079071,0.75,0.699999988079071,0.7160999774932861,97500,0.0,0.0
2023-04-24 00:00:00-04:00,0.75,0.7829999923706055,0.7300000190734863,0.7799999713897705,41096,0.0,0.0
2023-04-25 00:00:00-04:00,0.7900000214576721,0.8149999976158142,0.7688000202178955,0.7900000214576721,44164,0.0,0.0
2023-04-26 00:00:00-04:00,0.7501000165939331,0.8199999928474426,0.7501000165939331,0.7846999764442444,23060,0.0,0.0
2023-04-27 00:00:00-04:00,0.7789999842643738,0.7843000292778015,0.7250000238418579,0.7279999852180481,103225,0.0,0.0
2023-04-28 00:00:00-04:00,0.7105000019073486,1.0499999523162842,0.7105000019073486,0.8600000143051147,382372,0.0,0.0
2023-05-01 00:00:00-04:00,0.8299999833106995,1.4199999570846558,0.8295999765396118,1.1399999856948853,1346090,0.0,0.0
2023-05-02 00:00:00-04:00,1.0399999618530273,1.2000000476837158,0.8999999761581421,0.9800000190734863,359562,0.0,0.0
2023-05-03 00:00:00-04:00,0.9700000286102295,1.0399999618530273,0.9118000268936157,0.9681000113487244,44691,0.0,0.0
2023-05-04 00:00:00-04:00,0.9679999947547913,0.9900000095367432,0.9110000133514404,0.9254999756813049,77944,0.0,0.0
2023-05-05 00:00:00-04:00,0.9869999885559082,0.9869999885559082,0.9100000262260437,0.9100000262260437,49979,0.0,0.0
2023-05-08 00:00:00-04:00,0.9381999969482422,1.0199999809265137,0.9103000164031982,0.9769999980926514,36274,0.0,0.0
2023-05-09 00:00:00-04:00,1.0,1.0,0.9200000166893005,0.9300000071525574,33823,0.0,0.0
2023-05-10 00:00:00-04:00,0.9696999788284302,0.9993000030517578,0.7720000147819519,0.8399999737739563,86934,0.0,0.0
2023-05-11 00:00:00-04:00,0.8500000238418579,0.8880000114440918,0.8500000238418579,0.8600000143051147,33875,0.0,0.0
2023-05-12 00:00:00-04:00,0.8500000238418579,0.8500000238418579,0.8102999925613403,0.840399980545044,26509,0.0,0.0
2023-05-15 00:00:00-04:00,0.8320000171661377,0.8399999737739563,0.800000011920929,0.8009999990463257,57366,0.0,0.0
2023-05-16 00:00:00-04:00,0.8009999990463257,0.8479999899864197,0.800000011920929,0.8199999928474426,30351,0.0,0.0
2023-05-17 00:00:00-04:00,0.8001999855041504,0.84579998254776,0.8001000285148621,0.8202000260353088,10652,0.0,0.0
2023-05-18 00:00:00-04:00,0.8478000164031982,0.8478000164031982,0.8033000230789185,0.8378999829292297,5605,0.0,0.0
2023-05-19 00:00:00-04:00,0.8180000185966492,0.8799999952316284,0.8180000185966492,0.8679999709129333,19310,0.0,0.0
2023-05-22 00:00:00-04:00,0.9200000166893005,1.2999999523162842,0.9200000166893005,1.0399999618530273,1728372,0.0,0.0
2023-05-23 00:00:00-04:00,1.0099999904632568,1.0149999856948853,0.9110000133514404,0.9800000190734863,178353,0.0,0.0
2023-05-24 00:00:00-04:00,0.9900000095367432,1.0499999523162842,0.921999990940094,1.0199999809265137,124328,0.0,0.0
2023-05-25 00:00:00-04:00,1.0299999713897705,1.0299999713897705,0.949999988079071,0.9537000060081482,118838,0.0,0.0
2023-05-26 00:00:00-04:00,0.9139999747276306,0.9299499988555908,0.8700000047683716,0.8999999761581421,142214,0.0,0.0
2023-05-30 00:00:00-04:00,0.8999999761581421,0.9399999976158142,0.8799999952316284,0.8810999989509583,33792,0.0,0.0
2023-05-31 00:00:00-04:00,0.8876000046730042,1.059999942779541,0.8801000118255615,0.9900000095367432,155269,0.0,0.0
2023-06-01 00:00:00-04:00,0.9599999785423279,1.069000005722046,0.9000999927520752,1.0399999618530273,263572,0.0,0.0
2023-06-02 00:00:00-04:00,1.159999966621399,1.159999966621399,1.0299999713897705,1.0800000429153442,97368,0.0,0.0
2023-06-05 00:00:00-04:00,1.059999942779541,1.100000023841858,1.0199999809265137,1.0700000524520874,78215,0.0,0.0
2023-06-06 00:00:00-04:00,1.1200000047683716,1.1200000047683716,1.0,1.0800000429153442,72906,0.0,0.0
2023-06-07 00:00:00-04:00,1.0499999523162842,1.25,1.0199999809265137,1.1299999952316284,943525,0.0,0.0
2023-06-08 00:00:00-04:00,1.0499999523162842,1.1200000047683716,0.9800000190734863,1.100000023841858,295828,0.0,0.0
2023-06-09 00:00:00-04:00,1.1200000047683716,1.1200000047683716,1.0199999809265137,1.0999000072479248,64265,0.0,0.0
2023-06-12 00:00:00-04:00,1.0700000524520874,1.1399999856948853,1.0362999439239502,1.100000023841858,38900,0.0,0.0
2023-06-13 00:00:00-04:00,1.090000033378601,1.1799999475479126,1.0499999523162842,1.1699999570846558,119386,0.0,0.0
2023-06-14 00:00:00-04:00,1.1299999952316284,1.1699999570846558,1.0700000524520874,1.1349999904632568,54243,0.0,0.0
2023-06-15 00:00:00-04:00,1.1200000047683716,1.159999966621399,1.0800000429153442,1.1100000143051147,113781,0.0,0.0
2023-06-16 00:00:00-04:00,0.9700000286102295,1.1699999570846558,0.949999988079071,1.1399999856948853,235166,0.0,0.0
2023-06-20 00:00:00-04:00,1.1399999856948853,1.1399999856948853,1.0499999523162842,1.0800000429153442,56930,0.0,0.0
2023-06-21 00:00:00-04:00,1.100000023841858,1.2200000286102295,1.0700000524520874,1.179900050163269,134631,0.0,0.0
2023-06-22 00:00:00-04:00,1.1200000047683716,1.2000000476837158,1.100000023841858,1.1799999475479126,66381,0.0,0.0
2023-06-23 00:00:00-04:00,1.190000057220459,1.2300000190734863,1.149999976158142,1.190000057220459,75355,0.0,0.0
2023-06-26 00:00:00-04:00,1.2100000381469727,1.3193999528884888,1.2029999494552612,1.25,163487,0.0,0.0
2023-06-27 00:00:00-04:00,1.2200000286102295,1.25,1.1699999570846558,1.1895999908447266,99254,0.0,0.0
2023-06-28 00:00:00-04:00,1.25,1.350000023841858,1.1996999979019165,1.3300000429153442,98324,0.0,0.0
2023-06-29 00:00:00-04:00,1.3300000429153442,1.440000057220459,1.2699999809265137,1.3300000429153442,154120,0.0,0.0
2023-06-30 00:00:00-04:00,1.3401000499725342,1.440000057220459,1.340000033378601,1.399999976158142,74844,0.0,0.0
2023-07-03 00:00:00-04:00,1.440000057220459,1.4800000190734863,1.409999966621399,1.429900050163269,37247,0.0,0.0
2023-07-05 00:00:00-04:00,1.4700000286102295,1.7300000190734863,1.4500000476837158,1.6399999856948853,242714,0.0,0.0
2023-07-06 00:00:00-04:00,1.75,1.840000033378601,1.649999976158142,1.8200000524520874,173207,0.0,0.0
2023-07-07 00:00:00-04:00,1.8700000047683716,1.8700000047683716,1.75,1.8300000429153442,95580,0.0,0.0
2023-07-10 00:00:00-04:00,1.8300000429153442,1.8600000143051147,1.6799999475479126,1.8300000429153442,178722,0.0,0.0
2023-07-11 00:00:00-04:00,1.850000023841858,1.8700000047683716,1.7200000286102295,1.7799999713897705,77974,0.0,0.0
2023-07-12 00:00:00-04:00,1.7799999713897705,1.9900000095367432,1.7300000190734863,1.9199999570846558,158783,0.0,0.0
2023-07-13 00:00:00-04:00,1.9800000190734863,2.180000066757202,1.9702999591827393,2.0799999237060547,144254,0.0,0.0
2023-07-14 00:00:00-04:00,2.1500000953674316,2.1600000858306885,2.0206000804901123,2.119999885559082,33953,0.0,0.0
2023-07-17 00:00:00-04:00,2.119999885559082,2.190000057220459,1.9800000190734863,2.0999999046325684,99806,0.0,0.0
2023-07-18 00:00:00-04:00,2.1068999767303467,2.2899999618530273,2.1068999767303467,2.2699999809265137,73530,0.0,0.0
2023-07-19 00:00:00-04:00,2.2899999618530273,2.440000057220459,2.2699999809265137,2.430000066757202,147080,0.0,0.0
2023-07-20 00:00:00-04:00,2.440000057220459,2.844399929046631,2.417799949645996,2.819999933242798,238897,0.0,0.0
2023-07-21 00:00:00-04:00,2.990000009536743,3.430000066757202,2.940000057220459,3.0899999141693115,592472,0.0,0.0
2023-07-24 00:00:00-04:00,3.240000009536743,3.259999990463257,2.73009991645813,3.2100000381469727,337377,0.0,0.0
2023-07-25 00:00:00-04:00,3.0299999713897705,3.2300000190734863,3.0299999713897705,3.1600000858306885,78710,0.0,0.0
2023-07-26 00:00:00-04:00,3.0899999141693115,3.1700000762939453,3.059999942779541,3.059999942779541,73074,0.0,0.0
2023-07-27 00:00:00-04:00,3.200000047683716,3.240000009536743,3.005199909210205,3.140000104904175,119328,0.0,0.0
2023-07-28 00:00:00-04:00,3.240000009536743,3.4700000286102295,3.1500000953674316,3.390000104904175,141573,0.0,0.0
2023-07-31 00:00:00-04:00,3.4600000381469727,3.4800000190734863,3.305000066757202,3.4000000953674316,79922,0.0,0.0
2023-08-01 00:00:00-04:00,3.4600000381469727,3.5,3.390000104904175,3.430000066757202,96620,0.0,0.0
2023-08-02 00:00:00-04:00,3.4200000762939453,3.480299949645996,2.880000114440918,3.0,247988,0.0,0.0
2023-08-03 00:00:00-04:00,3.119999885559082,3.130000114440918,2.860100030899048,2.950000047683716,103625,0.0,0.0
2023-08-04 00:00:00-04:00,3.049999952316284,3.049999952316284,2.509999990463257,2.5100998878479004,129939,0.0,0.0
2023-08-07 00:00:00-04:00,2.5,2.559999942779541,2.0199999809265137,2.2100000381469727,191578,0.0,0.0
2023-08-08 00:00:00-04:00,2.109999895095825,2.199899911880493,2.049999952316284,2.1500000953674316,23276,0.0,0.0
2023-08-09 00:00:00-04:00,2.1600000858306885,2.559999942779541,2.1600000858306885,2.5199999809265137,58994,0.0,0.0
2023-08-10 00:00:00-04:00,2.4800000190734863,2.8598999977111816,2.4800000190734863,2.5199999809265137,94386,0.0,0.0
2023-08-11 00:00:00-04:00,2.569999933242798,2.75,2.3499999046325684,2.450000047683716,81699,0.0,0.0
2023-08-14 00:00:00-04:00,2.380000114440918,2.7298998832702637,2.2300000190734863,2.390000104904175,138256,0.0,0.0
2023-08-15 00:00:00-04:00,2.4200000762939453,2.75,2.4200000762939453,2.640000104904175,80307,0.0,0.0
2023-08-16 00:00:00-04:00,2.6600000858306885,2.8499999046325684,2.6600000858306885,2.8499999046325684,63054,0.0,0.0
2023-08-17 00:00:00-04:00,2.880000114440918,3.069999933242798,2.7799999713897705,2.880000114440918,124733,0.0,0.0
2023-08-18 00:00:00-04:00,2.9800000190734863,2.9800000190734863,2.6600000858306885,2.6600000858306885,54498,0.0,0.0
2023-08-21 00:00:00-04:00,2.6600000858306885,2.7799999713897705,2.5999999046325684,2.5999999046325684,39874,0.0,0.0
2023-08-22 00:00:00-04:00,2.619999885559082,2.740000009536743,2.619999885559082,2.630000114440918,52231,0.0,0.0
2023-08-23 00:00:00-04:00,2.5999999046325684,2.640000104904175,2.509999990463257,2.509999990463257,53416,0.0,0.0
2023-08-24 00:00:00-04:00,2.4820001125335693,2.5999999046325684,2.309999942779541,2.309999942779541,41878,0.0,0.0
2023-08-25 00:00:00-04:00,2.259999990463257,2.299999952316284,2.190000057220459,2.200000047683716,40253,0.0,0.0
2023-08-28 00:00:00-04:00,2.25,2.640000104904175,2.25,2.5399999618530273,37028,0.0,0.0
2023-08-29 00:00:00-04:00,2.509999990463257,2.6500000953674316,2.5,2.6500000953674316,24417,0.0,0.0
2023-08-30 00:00:00-04:00,2.569999933242798,2.700000047683716,2.5399999618530273,2.630000114440918,10364,0.0,0.0
2023-08-31 00:00:00-04:00,2.609999895095825,2.609999895095825,2.119999885559082,2.3801000118255615,110462,0.0,0.0
2023-09-01 00:00:00-04:00,2.5,2.559999942779541,2.4000000953674316,2.4000000953674316,21316,0.0,0.0
2023-09-05 00:00:00-04:00,2.5199999809265137,2.549999952316284,2.1600000858306885,2.2699999809265137,50664,0.0,0.0
2023-09-06 00:00:00-04:00,2.6700000762939453,2.6700000762939453,2.216099977493286,2.2200000286102295,28245,0.0,0.0
2023-09-07 00:00:00-04:00,2.25,2.25,1.5499999523162842,1.6100000143051147,126672,0.0,0.0
2023-09-08 00:00:00-04:00,1.690000057220459,1.690000057220459,1.4299999475479126,1.4299999475479126,62575,0.0,0.0
2023-09-11 00:00:00-04:00,1.5,1.628000020980835,1.5,1.590000033378601,14810,0.0,0.0
2023-09-12 00:00:00-04:00,1.6299999952316284,1.7799999713897705,1.6299999952316284,1.7300000190734863,35353,0.0,0.0
2023-09-13 00:00:00-04:00,1.7999999523162842,1.909999966621399,1.76010000705719,1.899999976158142,18215,0.0,0.0
2023-09-14 00:00:00-04:00,1.8899999856948853,1.8899999856948853,1.4900000095367432,1.649999976158142,50197,0.0,0.0
2023-09-15 00:00:00-04:00,1.649999976158142,1.649999976158142,1.5700000524520874,1.6195000410079956,7611,0.0,0.0
2023-09-18 00:00:00-04:00,1.5764000415802002,1.6699999570846558,1.5764000415802002,1.6399999856948853,8681,0.0,0.0
2023-09-19 00:00:00-04:00,1.6200000047683716,1.6899000406265259,1.4500000476837158,1.5700000524520874,12344,0.0,0.0
2023-09-20 00:00:00-04:00,1.5850000381469727,1.6399999856948853,1.5850000381469727,1.6399999856948853,12672,0.0,0.0
2023-09-21 00:00:00-04:00,1.5800000429153442,1.645799994468689,1.559999942779541,1.6299999952316284,10487,0.0,0.0
2023-09-22 00:00:00-04:00,1.590000033378601,1.6399999856948853,1.5257999897003174,1.5499999523162842,24123,0.0,0.0
2023-09-25 00:00:00-04:00,1.639799952507019,1.639799952507019,1.5609999895095825,1.6200000047683716,4154,0.0,0.0
2023-09-26 00:00:00-04:00,1.5199999809265137,1.6399999856948853,1.5089999437332153,1.600000023841858,23807,0.0,0.0
2023-09-27 00:00:00-04:00,1.6114000082015991,1.6690000295639038,1.570099949836731,1.6100000143051147,17488,0.0,0.0
2023-09-28 00:00:00-04:00,1.559999942779541,1.600000023841858,1.5399999618530273,1.5399999618530273,3608,0.0,0.0
2023-09-29 00:00:00-04:00,1.559999942779541,1.600000023841858,1.5505000352859497,1.5700000524520874,8332,0.0,0.0
2023-10-02 00:00:00-04:00,1.5399999618530273,1.5800000429153442,1.5,1.559999942779541,34536,0.0,0.0
2023-10-03 00:00:00-04:00,1.590000033378601,1.590000033378601,1.340000033378601,1.4550000429153442,16430,0.0,0.0
2023-10-04 00:00:00-04:00,1.489799976348877,1.489799976348877,1.4500000476837158,1.4550000429153442,2681,0.0,0.0
2023-10-05 00:00:00-04:00,1.5199999809265137,1.6299999952316284,1.4700000286102295,1.559999942779541,34053,0.0,0.0
2023-10-06 00:00:00-04:00,1.6299999952316284,1.6699999570846558,1.5299999713897705,1.559999942779541,16650,0.0,0.0
2023-10-09 00:00:00-04:00,1.5099999904632568,1.7000000476837158,1.440000057220459,1.7000000476837158,10168,0.0,0.0
2023-10-10 00:00:00-04:00,1.690000057220459,1.690000057220459,1.5800000429153442,1.590000033378601,4907,0.0,0.0
2023-10-11 00:00:00-04:00,1.600000023841858,1.6009999513626099,1.51010000705719,1.5800000429153442,21264,0.0,0.0
2023-10-12 00:00:00-04:00,1.5500999689102173,1.5800000429153442,1.5,1.5,36147,0.0,0.0
2023-10-13 00:00:00-04:00,1.5299999713897705,1.669800043106079,1.5299999713897705,1.5800000429153442,6450,0.0,0.0
2023-10-16 00:00:00-04:00,1.4800000190734863,1.5773999691009521,1.4600000381469727,1.4900000095367432,5400,0.0,0.0
2023-10-17 00:00:00-04:00,1.5299999713897705,1.5399999618530273,1.5199999809265137,1.5299999713897705,6298,0.0,0.0
2023-10-18 00:00:00-04:00,1.5499999523162842,1.649999976158142,1.5499999523162842,1.600000023841858,10184,0.0,0.0
2023-10-19 00:00:00-04:00,1.6399999856948853,1.6399999856948853,1.5400999784469604,1.590000033378601,8728,0.0,0.0
2023-10-20 00:00:00-04:00,1.559999942779541,1.5800000429153442,1.5449999570846558,1.5700000524520874,4101,0.0,0.0
2023-10-23 00:00:00-04:00,1.5800000429153442,1.5800000429153442,1.559999942779541,1.5700000524520874,6701,0.0,0.0
2023-10-24 00:00:00-04:00,1.5700000524520874,1.6150000095367432,1.4600000381469727,1.4600000381469727,5751,0.0,0.0
2023-10-25 00:00:00-04:00,1.5099999904632568,1.5499999523162842,1.4700000286102295,1.4700000286102295,46760,0.0,0.0
2023-10-26 00:00:00-04:00,1.482100009918213,1.482100009918213,1.4700000286102295,1.4700000286102295,2288,0.0,0.0
2023-10-27 00:00:00-04:00,1.4600000381469727,1.5099999904632568,1.4600000381469727,1.5099999904632568,3646,0.0,0.0
2023-10-30 00:00:00-04:00,1.4800000190734863,1.4900000095367432,1.4600000381469727,1.4800000190734863,1714,0.0,0.0
2023-10-31 00:00:00-04:00,1.4800000190734863,1.4800000190734863,1.4299999475479126,1.4299999475479126,2715,0.0,0.0
2023-11-01 00:00:00-04:00,1.4600000381469727,1.4600000381469727,1.4500000476837158,1.4500000476837158,850,0.0,0.0
2023-11-02 00:00:00-04:00,1.4954999685287476,1.4954999685287476,1.4600000381469727,1.4600000381469727,3074,0.0,0.0
2023-11-03 00:00:00-04:00,1.5099999904632568,1.5199999809265137,1.4903000593185425,1.5049999952316284,3879,0.0,0.0
2023-11-06 00:00:00-05:00,1.4900000095367432,1.5,1.3200000524520874,1.4500000476837158,10403,0.0,0.0
2023-11-07 00:00:00-05:00,1.4900000095367432,1.4900000095367432,1.399999976158142,1.399999976158142,17295,0.0,0.0
2023-11-08 00:00:00-05:00,1.399999976158142,1.448099970817566,1.3600000143051147,1.3700000047683716,2267,0.0,0.0
2023-11-09 00:00:00-05:00,1.3700000047683716,1.3700000047683716,1.1799999475479126,1.2000000476837158,18787,0.0,0.0
2023-11-10 00:00:00-05:00,1.3700000047683716,1.3700000047683716,1.3700000047683716,1.3700000047683716,923,0.0,0.0
2023-11-13 00:00:00-05:00,1.0299999713897705,1.340000033378601,1.0299999713897705,1.0600999593734741,38184,0.0,0.0
2023-11-14 00:00:00-05:00,1.0700000524520874,1.2300000190734863,1.0700000524520874,1.0700000524520874,21031,0.0,0.0
2023-11-15 00:00:00-05:00,1.1089999675750732,1.2100000381469727,1.100000023841858,1.1699999570846558,4500,0.0,0.0
2023-11-16 00:00:00-05:00,1.2200000286102295,1.4882999658584595,1.2200000286102295,1.2999999523162842,15007,0.0,0.0
2023-11-17 00:00:00-05:00,1.381500005722046,1.399999976158142,1.2100000381469727,1.2100000381469727,2860,0.0,0.0
2023-11-20 00:00:00-05:00,1.2300000190734863,1.381100058555603,1.2300000190734863,1.3200000524520874,3699,0.0,0.0
2023-11-21 00:00:00-05:00,1.2999999523162842,1.3700000047683716,1.2143000364303589,1.3700000047683716,3338,0.0,0.0
2023-11-22 00:00:00-05:00,1.3600000143051147,1.3698999881744385,1.1796000003814697,1.2649999856948853,7017,0.0,0.0
2023-11-24 00:00:00-05:00,1.250100016593933,1.399999976158142,1.250100016593933,1.399999976158142,5313,0.0,0.0
2023-11-27 00:00:00-05:00,1.5299999713897705,1.9549000263214111,1.399999976158142,1.8700000047683716,71101,0.0,0.0
2023-11-28 00:00:00-05:00,1.899999976158142,2.390000104904175,1.7799999713897705,2.1500000953674316,172862,0.0,0.0
2023-11-29 00:00:00-05:00,2.1600000858306885,2.1600000858306885,1.6195000410079956,1.9700000286102295,59243,0.0,0.0
2023-11-30 00:00:00-05:00,1.9900000095367432,1.9900000095367432,1.7999999523162842,1.9500000476837158,14079,0.0,0.0
2023-12-01 00:00:00-05:00,1.76010000705719,2.0299999713897705,1.7599999904632568,1.9900000095367432,20445,0.0,0.0
2023-12-04 00:00:00-05:00,2.4200000762939453,2.4200000762939453,2.049999952316284,2.069999933242798,15751,0.0,0.0
2023-12-05 00:00:00-05:00,2.119999885559082,2.119999885559082,1.8100999593734741,1.8100999593734741,13049,0.0,0.0
2023-12-06 00:00:00-05:00,1.8799999952316284,2.1654999256134033,1.8799999952316284,2.0399999618530273,44502,0.0,0.0
2023-12-07 00:00:00-05:00,2.0,2.049999952316284,1.9800000190734863,1.9800000190734863,17037,0.0,0.0
2023-12-08 00:00:00-05:00,2.0,2.180000066757202,2.0,2.0892999172210693,17533,0.0,0.0
2023-12-11 00:00:00-05:00,2.0999999046325684,2.2499001026153564,2.069999933242798,2.069999933242798,3347,0.0,0.0
2023-12-12 00:00:00-05:00,2.0899999141693115,2.130000114440918,2.0199999809265137,2.0199999809265137,9368,0.0,0.0
2023-12-13 00:00:00-05:00,2.0999999046325684,2.140000104904175,2.0299999713897705,2.049999952316284,16763,0.0,0.0
2023-12-14 00:00:00-05:00,2.190000057220459,2.490000009536743,2.119999885559082,2.4800000190734863,53103,0.0,0.0
2023-12-15 00:00:00-05:00,2.5999999046325684,2.6500000953674316,2.220400094985962,2.3299999237060547,59652,0.0,0.0
2023-12-18 00:00:00-05:00,2.2799999713897705,2.5799999237060547,2.2799999713897705,2.5799999237060547,21105,0.0,0.0
2023-12-19 00:00:00-05:00,2.549999952316284,2.569999933242798,2.2699999809265137,2.380000114440918,15271,0.0,0.0
2023-12-20 00:00:00-05:00,2.2699999809265137,2.4000000953674316,2.2699999809265137,2.369999885559082,8221,0.0,0.0
2023-12-21 00:00:00-05:00,2.490000009536743,2.490000009536743,2.200000047683716,2.3499999046325684,21113,0.0,0.0
2023-12-22 00:00:00-05:00,2.3299999237060547,2.3399999141693115,2.119999885559082,2.25,7295,0.0,0.0
2023-12-26 00:00:00-05:00,2.180000066757202,2.2300000190734863,2.180000066757202,2.200000047683716,4674,0.0,0.0
2023-12-27 00:00:00-05:00,2.200000047683716,2.200000047683716,2.0999999046325684,2.200000047683716,15433,0.0,0.0
2023-12-28 00:00:00-05:00,2.1700000762939453,2.299999952316284,2.0999999046325684,2.190000057220459,37324,0.0,0.0
2023-12-29 00:00:00-05:00,2.224100112915039,2.3935999870300293,2.1600000858306885,2.190000057220459,38479,0.0,0.0
2024-01-02 00:00:00-05:00,2.25,2.305000066757202,2.0,2.059999942779541,24897,0.0,0.0
2024-01-03 00:00:00-05:00,2.089900016784668,2.089900016784668,1.850000023841858,1.9049999713897705,14665,0.0,0.0
2024-01-04 00:00:00-05:00,1.8700000047683716,1.899999976158142,1.8650000095367432,1.8899999856948853,19622,0.0,0.0
2024-01-05 00:00:00-05:00,1.8645999431610107,2.109999895095825,1.8645999431610107,2.109999895095825,14636,0.0,0.0
2024-01-08 00:00:00-05:00,2.109999895095825,2.171099901199341,2.0144999027252197,2.0144999027252197,18674,0.0,0.0
2024-01-09 00:00:00-05:00,2.099900007247925,2.190000057220459,2.099900007247925,2.114799976348877,38401,0.0,0.0
2024-01-10 00:00:00-05:00,2.110100030899048,2.1635000705718994,2.0899999141693115,2.140000104904175,7750,0.0,0.0
2024-01-11 00:00:00-05:00,2.1401000022888184,2.1401000022888184,2.0899999141693115,2.0950000286102295,4761,0.0,0.0
2024-01-12 00:00:00-05:00,2.1500000953674316,2.1500000953674316,2.0999999046325684,2.0999999046325684,4280,0.0,0.0
2024-01-16 00:00:00-05:00,2.0799999237060547,2.3698999881744385,2.0,2.200000047683716,40291,0.0,0.0
2024-01-17 00:00:00-05:00,2.240000009536743,2.240000009536743,2.200000047683716,2.2300000190734863,10638,0.0,0.0
2024-01-18 00:00:00-05:00,2.1600000858306885,2.180000066757202,2.140000104904175,2.140000104904175,6541,0.0,0.0
2024-01-19 00:00:00-05:00,2.240000009536743,2.360100030899048,2.200000047683716,2.2200000286102295,25666,0.0,0.0
2024-01-22 00:00:00-05:00,2.2204999923706055,2.8399999141693115,2.200000047683716,2.6600000858306885,149211,0.0,0.0
2024-01-23 00:00:00-05:00,2.759999990463257,2.9700000286102295,2.6600000858306885,2.700000047683716,28352,0.0,0.0
2024-01-24 00:00:00-05:00,2.740000009536743,3.0399999618530273,2.700200080871582,2.819999933242798,101589,0.0,0.0
2024-01-25 00:00:00-05:00,2.9000000953674316,3.200000047683716,2.880000114440918,3.174999952316284,109661,0.0,0.0
2024-01-26 00:00:00-05:00,3.200000047683716,3.2000999450683594,2.700000047683716,2.9600000381469727,60736,0.0,0.0
2024-01-29 00:00:00-05:00,3.069999933242798,3.069999933242798,2.660099983215332,2.859999895095825,18163,0.0,0.0
2024-01-30 00:00:00-05:00,2.799999952316284,3.0,2.799999952316284,2.799999952316284,33397,0.0,0.0
2024-01-31 00:00:00-05:00,2.759999990463257,2.815000057220459,2.690000057220459,2.765000104904175,10160,0.0,0.0
2024-02-01 00:00:00-05:00,2.6500000953674316,2.8499999046325684,2.6500000953674316,2.6700000762939453,10899,0.0,0.0
2024-02-02 00:00:00-05:00,2.7011001110076904,2.7107999324798584,2.509999990463257,2.509999990463257,15518,0.0,0.0
2024-02-05 00:00:00-05:00,2.4200000762939453,2.5299999713897705,2.2100000381469727,2.4100000858306885,27255,0.0,0.0
2024-02-06 00:00:00-05:00,2.359999895095825,2.5999999046325684,2.359999895095825,2.380000114440918,17953,0.0,0.0
2024-02-07 00:00:00-05:00,2.450000047683716,2.450000047683716,2.2300000190734863,2.3701000213623047,23075,0.0,0.0
2024-02-08 00:00:00-05:00,2.302799940109253,2.7049999237060547,2.302799940109253,2.6500000953674316,28870,0.0,0.0
2024-02-09 00:00:00-05:00,2.6500000953674316,2.7799999713897705,2.6500000953674316,2.7095000743865967,17903,0.0,0.0
2024-02-12 00:00:00-05:00,2.7899999618530273,2.843400001525879,2.7200000286102295,2.800299882888794,27814,0.0,0.0
2024-02-13 00:00:00-05:00,2.799999952316284,2.859999895095825,2.799999952316284,2.809999942779541,5484,0.0,0.0
2024-02-14 00:00:00-05:00,2.8399999141693115,2.930000066757202,2.799999952316284,2.9100000858306885,10040,0.0,0.0
2024-02-15 00:00:00-05:00,2.9179999828338623,2.9179999828338623,2.880000114440918,2.880000114440918,3800,0.0,0.0
2024-02-16 00:00:00-05:00,2.9100000858306885,3.5,2.9000000953674316,3.049999952316284,214480,0.0,0.0
2024-02-20 00:00:00-05:00,3.130000114440918,3.4000000953674316,2.9151999950408936,3.329900026321411,56758,0.0,0.0
2024-02-21 00:00:00-05:00,3.4100000858306885,3.8299999237060547,3.396699905395508,3.559999942779541,96397,0.0,0.0
2024-02-22 00:00:00-05:00,3.559999942779541,3.559999942779541,3.138400077819824,3.375499963760376,19533,0.0,0.0
2024-02-23 00:00:00-05:00,3.2699999809265137,4.0,3.2699999809265137,3.9700000286102295,53972,0.0,0.0
2024-02-26 00:00:00-05:00,4.039999961853027,4.099899768829346,3.6600000858306885,3.9700000286102295,32252,0.0,0.0
2024-02-27 00:00:00-05:00,4.0,4.130000114440918,3.858799934387207,3.990000009536743,37470,0.0,0.0
2024-02-28 00:00:00-05:00,4.0690999031066895,4.099999904632568,3.9200000762939453,4.0,19079,0.0,0.0
2024-02-29 00:00:00-05:00,3.9800000190734863,3.9800000190734863,3.8299999237060547,3.869999885559082,36903,0.0,0.0
2024-03-01 00:00:00-05:00,3.799999952316284,3.859999895095825,3.539099931716919,3.680000066757202,19108,0.0,0.0
2024-03-04 00:00:00-05:00,3.6600000858306885,3.684999942779541,3.359999895095825,3.369999885559082,44744,0.0,0.0
2024-03-05 00:00:00-05:00,3.299999952316284,3.440000057220459,3.299999952316284,3.319999933242798,5181,0.0,0.0
2024-03-06 00:00:00-05:00,3.2899999618530273,3.5450000762939453,3.200000047683716,3.440000057220459,25101,0.0,0.0
2024-03-07 00:00:00-05:00,3.359999895095825,3.9800000190734863,3.359999895095825,3.9200000762939453,28162,0.0,0.0
2024-03-08 00:00:00-05:00,3.930000066757202,3.930000066757202,3.609999895095825,3.799999952316284,19366,0.0,0.0
2024-03-11 00:00:00-04:00,3.859999895095825,3.930000066757202,3.3828999996185303,3.549999952316284,16564,0.0,0.0
2024-03-12 00:00:00-04:00,3.6700000762939453,3.6700000762939453,3.314500093460083,3.319999933242798,14070,0.0,0.0
2024-03-13 00:00:00-04:00,3.369999885559082,3.4000000953674316,2.799999952316284,2.799999952316284,56713,0.0,0.0
2024-03-14 00:00:00-04:00,2.8299999237060547,3.065000057220459,2.509999990463257,2.559999942779541,19810,0.0,0.0
2024-03-15 00:00:00-04:00,2.6500000953674316,2.963200092315674,2.6500000953674316,2.809999942779541,9547,0.0,0.0
2024-03-18 00:00:00-04:00,2.799999952316284,3.1600000858306885,2.5999999046325684,2.700000047683716,40841,0.0,0.0
2024-03-19 00:00:00-04:00,2.630000114440918,2.7899999618530273,2.4100000858306885,2.5299999713897705,21535,0.0,0.0
2024-03-20 00:00:00-04:00,2.440000057220459,2.80649995803833,2.009999990463257,2.2100000381469727,75756,0.0,0.0
2024-03-21 00:00:00-04:00,2.200000047683716,2.384999990463257,1.8200000524520874,1.840000033378601,77253,0.0,0.0
2024-03-22 00:00:00-04:00,1.850000023841858,2.0999999046325684,1.559999942779541,1.5800000429153442,93781,0.0,0.0
2024-03-25 00:00:00-04:00,1.5199999809265137,2.0680999755859375,1.4850000143051147,1.850000023841858,112084,0.0,0.0
2024-03-26 00:00:00-04:00,1.940000057220459,2.0857999324798584,1.8380000591278076,1.9800000190734863,22356,0.0,0.0
2024-03-27 00:00:00-04:00,1.9900000095367432,1.9900000095367432,1.75,1.819000005722046,34631,0.0,0.0
2024-03-28 00:00:00-04:00,1.7000000476837158,1.9500000476837158,1.6100000143051147,1.6799999475479126,44003,0.0,0.0
2024-04-01 00:00:00-04:00,1.6699999570846558,1.6799999475479126,1.399999976158142,1.6100000143051147,77156,0.0,0.0
2024-04-02 00:00:00-04:00,1.6100000143051147,1.679900050163269,1.4500000476837158,1.4700000286102295,27432,0.0,0.0
2024-04-03 00:00:00-04:00,1.5700000524520874,1.5700000524520874,1.4800000190734863,1.5,18467,0.0,0.0
2024-04-04 00:00:00-04:00,1.5299999713897705,1.5651999711990356,1.5,1.5587999820709229,7628,0.0,0.0
2024-04-05 00:00:00-04:00,1.5099999904632568,1.649999976158142,1.5099999904632568,1.5499999523162842,16959,0.0,0.0
2024-04-08 00:00:00-04:00,1.6398999691009521,1.6398999691009521,1.3300000429153442,1.350000023841858,35993,0.0,0.0
2024-04-09 00:00:00-04:00,1.409999966621399,1.409999966621399,1.2999999523162842,1.340000033378601,32007,0.0,0.0
2024-04-10 00:00:00-04:00,1.309999942779541,1.3320000171661377,1.253600001335144,1.2699999809265137,26827,0.0,0.0
2024-04-11 00:00:00-04:00,1.2799999713897705,1.3125,1.1299999952316284,1.1299999952316284,69913,0.0,0.0
2024-04-12 00:00:00-04:00,1.1699999570846558,1.1699999570846558,1.0299999713897705,1.0399999618530273,55992,0.0,0.0
2024-04-15 00:00:00-04:00,1.0499999523162842,1.3600000143051147,1.0099999904632568,1.3099000453948975,122834,0.0,0.0
2024-04-16 00:00:00-04:00,1.350000023841858,1.7400000095367432,1.3200000524520874,1.590000033378601,244977,0.0,0.0
2024-04-17 00:00:00-04:00,1.75,2.0999999046325684,1.409999966621399,1.4119999408721924,253717,0.0,0.0
2024-04-18 00:00:00-04:00,1.409999966621399,1.4700000286102295,1.059999942779541,1.340000033378601,124818,0.0,0.0
2024-04-19 00:00:00-04:00,1.3200000524520874,1.3300000429153442,1.100600004196167,1.2799999713897705,30322,0.0,0.0
2024-04-22 00:00:00-04:00,1.2100000381469727,1.2599999904632568,1.100000023841858,1.1200000047683716,68808,0.0,0.0
2024-04-23 00:00:00-04:00,1.1200000047683716,1.440000057220459,1.1200000047683716,1.3200000524520874,85583,0.0,0.0
2024-04-24 00:00:00-04:00,1.2100000381469727,1.2698999643325806,1.2000000476837158,1.2100000381469727,31938,0.0,0.0
2024-04-25 00:00:00-04:00,1.1100000143051147,1.2300000190734863,1.100100040435791,1.190000057220459,50923,0.0,0.0
2024-04-26 00:00:00-04:00,1.2000000476837158,1.301200032234192,1.159999966621399,1.2300000190734863,40987,0.0,0.0
2024-04-29 00:00:00-04:00,1.2300000190734863,1.2699999809265137,1.0907000303268433,1.1699999570846558,18976,0.0,0.0
2024-04-30 00:00:00-04:00,1.1699999570846558,1.2000000476837158,1.059999942779541,1.190000057220459,60061,0.0,0.0
2024-05-01 00:00:00-04:00,1.1401000022888184,1.2200000286102295,1.1299999952316284,1.1699999570846558,18891,0.0,0.0
2024-05-02 00:00:00-04:00,1.1799999475479126,1.2000000476837158,1.0199999809265137,1.0399999618530273,101337,0.0,0.0
2024-05-03 00:00:00-04:00,1.059999942779541,1.1399999856948853,1.0499999523162842,1.100000023841858,25747,0.0,0.0
2024-05-06 00:00:00-04:00,1.1200000047683716,1.149999976158142,1.1200000047683716,1.149999976158142,15291,0.0,0.0
2024-05-07 00:00:00-04:00,1.1299999952316284,1.1299999952316284,1.0700000524520874,1.1100000143051147,35547,0.0,0.0
2024-05-08 00:00:00-04:00,1.100000023841858,1.179900050163269,1.0901000499725342,1.125,36713,0.0,0.0
2024-05-09 00:00:00-04:00,1.1299999952316284,1.149999976158142,1.1200000047683716,1.1200000047683716,18331,0.0,0.0
2024-05-10 00:00:00-04:00,1.100000023841858,1.1200000047683716,1.0499999523162842,1.059999942779541,53369,0.0,0.0
2024-05-13 00:00:00-04:00,1.059999942779541,1.0850000381469727,1.0399999618530273,1.0799000263214111,47606,0.0,0.0
2024-05-14 00:00:00-04:00,1.1100000143051147,1.1299999952316284,1.0499999523162842,1.1200000047683716,16871,0.0,0.0
2024-05-15 00:00:00-04:00,1.0700000524520874,1.1100000143051147,1.0700000524520874,1.100000023841858,14708,0.0,0.0
2024-05-16 00:00:00-04:00,1.1299999952316284,1.1776000261306763,1.101699948310852,1.149999976158142,54778,0.0,0.0
2024-05-17 00:00:00-04:00,1.190000057220459,1.350600004196167,1.159999966621399,1.2599999904632568,77857,0.0,0.0
2024-05-20 00:00:00-04:00,1.2402000427246094,1.4500000476837158,1.210800051689148,1.3645000457763672,75547,0.0,0.0
2024-05-21 00:00:00-04:00,1.3600000143051147,1.3901000022888184,1.2200000286102295,1.2200000286102295,25431,0.0,0.0
2024-05-22 00:00:00-04:00,1.1799999475479126,1.2851999998092651,1.1799999475479126,1.2000000476837158,16044,0.0,0.0
2024-05-23 00:00:00-04:00,1.159999966621399,1.3142999410629272,1.100000023841858,1.1299999952316284,31262,0.0,0.0
2024-05-24 00:00:00-04:00,1.1299999952316284,1.1301000118255615,1.059999942779541,1.070099949836731,25060,0.0,0.0
2024-05-28 00:00:00-04:00,1.1100000143051147,1.110200047492981,1.059999942779541,1.090000033378601,24547,0.0,0.0
2024-05-29 00:00:00-04:00,1.100000023841858,1.1299999952316284,1.0600999593734741,1.0800000429153442,36959,0.0,0.0
2024-05-30 00:00:00-04:00,1.0750999450683594,1.1399999856948853,1.0750999450683594,1.100000023841858,7537,0.0,0.0
2024-05-31 00:00:00-04:00,1.1200000047683716,1.149999976158142,1.0967999696731567,1.149899959564209,18217,0.0,0.0
2024-06-03 00:00:00-04:00,1.159999966621399,1.7000000476837158,1.149999976158142,1.25,1505025,0.0,0.0
2024-06-04 00:00:00-04:00,1.2699999809265137,1.2699999809265137,1.1100000143051147,1.2000000476837158,114687,0.0,0.0
2024-06-05 00:00:00-04:00,1.2200000286102295,1.3899999856948853,1.190000057220459,1.2999999523162842,45471,0.0,0.0
2024-06-06 00:00:00-04:00,1.2999999523162842,1.4900000095367432,1.2999999523162842,1.4601999521255493,87316,0.0,0.0
2024-06-07 00:00:00-04:00,1.4700000286102295,1.4700000286102295,1.3700000047683716,1.3899999856948853,27454,0.0,0.0
2024-06-10 00:00:00-04:00,1.4000999927520752,1.5,1.3600000143051147,1.3600000143051147,39079,0.0,0.0
2024-06-11 00:00:00-04:00,1.3600000143051147,1.4299999475479126,1.2699999809265137,1.3600000143051147,21385,0.0,0.0
2024-06-12 00:00:00-04:00,1.3799999952316284,1.5499999523162842,1.3799999952316284,1.4800000190734863,69947,0.0,0.0
2024-06-13 00:00:00-04:00,1.5,1.75,1.5,1.718999981880188,85962,0.0,0.0
2024-06-14 00:00:00-04:00,1.8200000524520874,2.430000066757202,1.75,2.1050000190734863,1363360,0.0,0.0
2024-06-17 00:00:00-04:00,1.850000023841858,2.0099000930786133,1.6799999475479126,1.690000057220459,191534,0.0,0.0
2024-06-18 00:00:00-04:00,1.7000000476837158,1.7000000476837158,1.2999999523162842,1.350000023841858,216618,0.0,0.0
2024-06-20 00:00:00-04:00,1.3600000143051147,1.3600000143051147,1.2999999523162842,1.309999942779541,22661,0.0,0.0
2024-06-21 00:00:00-04:00,1.2999999523162842,1.4134000539779663,1.25,1.2799999713897705,29653,0.0,0.0
2024-06-24 00:00:00-04:00,1.3600000143051147,1.3798999786376953,1.2100000381469727,1.309999942779541,32502,0.0,0.0
2024-06-25 00:00:00-04:00,1.4500000476837158,1.649899959564209,1.3600000143051147,1.3899999856948853,122637,0.0,0.0
2024-06-26 00:00:00-04:00,1.399999976158142,1.5299999713897705,1.309999942779541,1.3240000009536743,93595,0.0,0.0
2024-06-27 00:00:00-04:00,1.3492000102996826,1.440000057220459,1.3300000429153442,1.4299999475479126,13488,0.0,0.0
2024-06-28 00:00:00-04:00,1.440000057220459,1.4550000429153442,1.25,1.2799999713897705,103967,0.0,0.0
2024-07-01 00:00:00-04:00,1.25,1.3700000047683716,1.25,1.2999999523162842,20520,0.0,0.0
2024-07-02 00:00:00-04:00,1.250100016593933,1.340000033378601,1.25,1.3250000476837158,8120,0.0,0.0
2024-07-03 00:00:00-04:00,1.2999999523162842,1.3299000263214111,1.25,1.2799999713897705,17800,0.0,0.0
2024-07-05 00:00:00-04:00,1.2999999523162842,1.340000033378601,1.2400000095367432,1.2799999713897705,28542,0.0,0.0
2024-07-08 00:00:00-04:00,1.2999999523162842,1.3499000072479248,1.2899999618530273,1.3200000524520874,5012,0.0,0.0
2024-07-09 00:00:00-04:00,1.3020000457763672,1.5099999904632568,1.2999999523162842,1.4299999475479126,123084,0.0,0.0
2024-07-10 00:00:00-04:00,1.4700000286102295,1.5298999547958374,1.25,1.309999942779541,69116,0.0,0.0
2024-07-11 00:00:00-04:00,1.3499000072479248,1.399999976158142,1.309999942779541,1.3700000047683716,11728,0.0,0.0
2024-07-12 00:00:00-04:00,1.3899999856948853,1.4399000406265259,1.309999942779541,1.3700000047683716,30681,0.0,0.0
2024-07-15 00:00:00-04:00,1.3308000564575195,1.409999966621399,1.3300000429153442,1.350000023841858,18512,0.0,0.0
2024-07-16 00:00:00-04:00,1.3600000143051147,1.600000023841858,1.350000023841858,1.4500000476837158,117373,0.0,0.0
2024-07-17 00:00:00-04:00,1.440000057220459,1.649999976158142,1.409999966621399,1.444000005722046,100763,0.0,0.0
2024-07-18 00:00:00-04:00,1.4199999570846558,1.4800000190734863,1.340000033378601,1.4067000150680542,56603,0.0,0.0
2024-07-19 00:00:00-04:00,1.4299999475479126,1.4299999475479126,1.3200000524520874,1.350000023841858,68372,0.0,0.0
2024-07-22 00:00:00-04:00,1.350000023841858,1.429900050163269,1.350000023841858,1.409999966621399,6854,0.0,0.0
2024-07-23 00:00:00-04:00,1.3799999952316284,1.4500000476837158,1.3300000429153442,1.399999976158142,70449,0.0,0.0
2024-07-24 00:00:00-04:00,1.492900013923645,1.492900013923645,1.257099986076355,1.350000023841858,73803,0.0,0.0
2024-07-25 00:00:00-04:00,1.309999942779541,1.3450000286102295,1.2101000547409058,1.2899999618530273,64060,0.0,0.0
2024-07-26 00:00:00-04:00,1.2899999618530273,1.3265000581741333,1.2000000476837158,1.225000023841858,41394,0.0,0.0
2024-07-29 00:00:00-04:00,1.2300000190734863,1.294100046157837,1.149999976158142,1.159999966621399,112700,0.0,0.0
2024-07-30 00:00:00-04:00,1.0,1.0,0.23999999463558197,0.39100000262260437,3208510,0.0,0.0
2024-07-31 00:00:00-04:00,0.4226999878883362,0.4287000000476837,0.30000001192092896,0.41999998688697815,8386249,0.0,0.0
2024-08-01 00:00:00-04:00,0.4699999988079071,0.5347999930381775,0.4065000116825104,0.47999998927116394,5984615,0.0,0.0
2024-08-02 00:00:00-04:00,0.4117000102996826,0.4390000104904175,0.3840999901294708,0.4090000092983246,498556,0.0,0.0
2024-08-05 00:00:00-04:00,0.39399999380111694,0.4345000088214874,0.36010000109672546,0.39340001344680786,227990,0.0,0.0
2024-08-06 00:00:00-04:00,0.4320000112056732,0.4320000112056732,0.31220000982284546,0.35499998927116394,782294,0.0,0.0
2024-08-07 00:00:00-04:00,0.36000001430511475,0.3677000105381012,0.3310999870300293,0.35499998927116394,124035,0.0,0.0
2024-08-08 00:00:00-04:00,0.35499998927116394,0.35499998927116394,0.30000001192092896,0.33309999108314514,176832,0.0,0.0
2024-08-09 00:00:00-04:00,0.335999995470047,0.335999995470047,0.3100000023841858,0.3156999945640564,146450,0.0,0.0
2024-08-12 00:00:00-04:00,0.31529998779296875,0.3296000063419342,0.3005000054836273,0.3059000074863434,55870,0.0,0.0
2024-08-13 00:00:00-04:00,0.32760000228881836,0.32899999618530273,0.3050000071525574,0.3050000071525574,88830,0.0,0.0
2024-08-14 00:00:00-04:00,0.3003000020980835,0.31529998779296875,0.25,0.26759999990463257,162873,0.0,0.0
2024-08-15 00:00:00-04:00,0.27970001101493835,0.2879999876022339,0.27000001072883606,0.27300000190734863,71673,0.0,0.0
2024-08-16 00:00:00-04:00,0.25999999046325684,0.28949999809265137,0.2590000033378601,0.27880001068115234,17719,0.0,0.0
2024-08-19 00:00:00-04:00,0.28600001335144043,0.33309999108314514,0.25999999046325684,0.3248000144958496,296309,0.0,0.0
2024-08-20 00:00:00-04:00,0.34599998593330383,0.5299999713897705,0.328000009059906,0.47999998927116394,2065720,0.0,0.0
2024-08-21 00:00:00-04:00,0.451200008392334,0.451200008392334,0.29980000853538513,0.3100000023841858,1020097,0.0,0.0
2024-08-22 00:00:00-04:00,0.23999999463558197,0.2888999879360199,0.21001000702381134,0.27000001072883606,374137,0.0,0.0
2024-08-23 00:00:00-04:00,0.21770000457763672,0.21770000457763672,0.0010000000474974513,0.09009999781847,31927,0.0,0.0
2024-08-26 00:00:00-04:00,0.009999999776482582,0.20000000298023224,0.009999999776482582,0.20000000298023224,18619,0.0,0.0
2024-08-27 00:00:00-04:00,0.019999999552965164,0.029999999329447746,0.019999999552965164,0.029999999329447746,1985,0.0,0.0
2024-08-28 00:00:00-04:00,0.029999999329447746,0.029999999329447746,0.029999999329447746,0.029999999329447746,1089,0.0,0.0
2024-08-29 00:00:00-04:00,0.029999999329447746,0.10000000149011612,0.012500000186264515,0.012500000186264515,1327,0.0,0.0
2024-08-30 00:00:00-04:00,0.019999999552965164,0.019999999552965164,0.019999999552965164,0.019999999552965164,404,0.0,0.0
2024-09-03 00:00:00-04:00,0.019999999552965164,0.019999999552965164,0.019999999552965164,0.019999999552965164,1340,0.0,0.0
2024-09-04 00:00:00-04:00,0.019999999552965164,0.019999999552965164,0.019999999552965164,0.019999999552965164,3167,0.0,0.0
2024-09-05 00:00:00-04:00,0.019999999552965164,0.029999999329447746,0.019999999552965164,0.029999999329447746,661,0.0,0.0
2024-09-06 00:00:00-04:00,0.019999999552965164,0.07000000029802322,0.019999999552965164,0.019999999552965164,2434,0.0,0.0
2024-09-09 00:00:00-04:00,0.019999999552965164,0.019999999552965164,0.019999999552965164,0.019999999552965164,0,0.0,0.0
2024-09-10 00:00:00-04:00,0.019999999552965164,0.019999999552965164,0.019999999552965164,0.019999999552965164,916,0.0,0.0
2024-09-11 00:00:00-04:00,0.019999999552965164,0.019999999552965164,0.019999999552965164,0.019999999552965164,5518,0.0,0.0
2024-09-12 00:00:00-04:00,0.019999999552965164,0.019999999552965164,0.019999999552965164,0.019999999552965164,6404,0.0,0.0
2024-09-13 00:00:00-04:00,0.02250000089406967,0.02250000089406967,0.012500000186264515,0.012500000186264515,240,0.0,0.0
2024-09-16 00:00:00-04:00,0.012500000186264515,0.012500000186264515,0.012500000186264515,0.012500000186264515,0,0.0,0.0
2024-09-17 00:00:00-04:00,0.012500000186264515,0.016249999403953552,0.004999999888241291,0.004999999888241291,10226,0.0,0.0
2024-09-18 00:00:00-04:00,0.004999999888241291,0.004999999888241291,0.004999999888241291,0.004999999888241291,0,0.0,0.0
2024-09-19 00:00:00-04:00,0.004999999888241291,0.029999999329447746,0.004999999888241291,0.029999999329447746,1218,0.0,0.0
2024-09-20 00:00:00-04:00,0.019999999552965164,0.019999999552965164,0.019999999552965164,0.019999999552965164,2067,0.0,0.0
2024-09-23 00:00:00-04:00,0.019999999552965164,0.019999999552965164,0.019999999552965164,0.019999999552965164,24991,0.0,0.0
2024-09-24 00:00:00-04:00,0.15000000596046448,0.15000000596046448,0.012500000186264515,0.012500000186264515,5072,0.0,0.0
2024-09-25 00:00:00-04:00,0.012500000186264515,0.012500000186264515,0.012500000186264515,0.012500000186264515,0,0.0,0.0
2024-09-26 00:00:00-04:00,0.012500000186264515,0.012500000186264515,0.012500000186264515,0.012500000186264515,0,0.0,0.0
2024-09-27 00:00:00-04:00,0.004999999888241291,0.004999999888241291,0.004999999888241291,0.004999999888241291,3010,0.0,0.0
2024-09-30 00:00:00-04:00,0.005499999970197678,0.005499999970197678,0.005499999970197678,0.005499999970197678,445,0.0,0.0
2024-10-01 00:00:00-04:00,0.007000000216066837,0.008999999612569809,0.007000000216066837,0.008999999612569809,568,0.0,0.0
2024-10-02 00:00:00-04:00,0.008999999612569809,0.008999999612569809,0.008999999612569809,0.008999999612569809,468,0.0,0.0
2024-10-03 00:00:00-04:00,0.012600000016391277,0.015850000083446503,0.012600000016391277,0.015850000083446503,3893,0.0,0.0
2024-10-04 00:00:00-04:00,0.01730000041425228,0.01730000041425228,0.008999999612569809,0.008999999612569809,771,0.0,0.0
2024-10-07 00:00:00-04:00,0.008999999612569809,0.008999999612569809,0.008999999612569809,0.008999999612569809,0,0.0,0.0
2024-10-08 00:00:00-04:00,0.008999999612569809,0.008999999612569809,0.008999999612569809,0.008999999612569809,0,0.0,0.0
2024-10-09 00:00:00-04:00,0.009499999694526196,0.012600000016391277,0.009499999694526196,0.012600000016391277,1629,0.0,0.0
2024-10-10 00:00:00-04:00,0.012600000016391277,0.012600000016391277,0.012600000016391277,0.012600000016391277,0,0.0,0.0
2024-10-11 00:00:00-04:00,0.005499999970197678,0.005499999970197678,0.005499999970197678,0.005499999970197678,1052,0.0,0.0
2024-10-14 00:00:00-04:00,0.010499999858438969,0.010499999858438969,0.009999999776482582,0.009999999776482582,289,0.0,0.0
2024-10-15 00:00:00-04:00,0.009999999776482582,0.009999999776482582,0.009999999776482582,0.009999999776482582,101,0.0,0.0
2024-10-16 00:00:00-04:00,0.009999999776482582,0.009999999776482582,0.009999999776482582,0.009999999776482582,0,0.0,0.0
2024-10-17 00:00:00-04:00,0.006000000052154064,0.012600000016391277,0.006000000052154064,0.012600000016391277,5850,0.0,0.0
2024-10-18 00:00:00-04:00,0.012600000016391277,0.012600000016391277,0.012600000016391277,0.012600000016391277,0,0.0,0.0
2024-10-21 00:00:00-04:00,0.012600000016391277,0.012600000016391277,0.012600000016391277,0.012600000016391277,0,0.0,0.0
2024-10-22 00:00:00-04:00,0.007499999832361937,0.008500000461935997,0.007499999832361937,0.008500000461935997,1421,0.0,0.0
2024-10-23 00:00:00-04:00,0.008500000461935997,0.009499999694526196,0.008500000461935997,0.009499999694526196,3285,0.0,0.0
2024-10-24 00:00:00-04:00,0.009499999694526196,0.009499999694526196,0.009499999694526196,0.009499999694526196,2411,0.0,0.0
2024-10-25 00:00:00-04:00,0.010499999858438969,0.010499999858438969,0.009499999694526196,0.009499999694526196,2549,0.0,0.0
2024-10-28 00:00:00-04:00,0.005499999970197678,0.005499999970197678,0.005499999970197678,0.005499999970197678,309,0.0,0.0
2024-10-29 00:00:00-04:00,0.005499999970197678,0.007000000216066837,0.005499999970197678,0.007000000216066837,3606,0.0,0.0
2024-10-30 00:00:00-04:00,0.007000000216066837,0.007000000216066837,0.007000000216066837,0.007000000216066837,0,0.0,0.0
2024-10-31 00:00:00-04:00,0.009999999776482582,0.019999999552965164,0.009999999776482582,0.019999999552965164,3210,0.0,0.0
2024-11-01 00:00:00-04:00,0.019999999552965164,0.019999999552965164,0.019999999552965164,0.019999999552965164,1592,0.0,0.0
2024-11-04 00:00:00-05:00,0.019999999552965164,0.019999999552965164,0.009999999776482582,0.019999999552965164,1898,0.0,0.0
2024-11-05 00:00:00-05:00,0.019999999552965164,0.019999999552965164,0.019999999552965164,0.019999999552965164,0,0.0,0.0
2024-11-06 00:00:00-05:00,0.019999999552965164,0.019999999552965164,0.019999999552965164,0.019999999552965164,0,0.0,0.0
2024-11-07 00:00:00-05:00,0.019999999552965164,0.019999999552965164,0.019999999552965164,0.019999999552965164,17808,0.0,0.0
2024-11-08 00:00:00-05:00,0.008500000461935997,0.008500000461935997,0.008500000461935997,0.008500000461935997,104,0.0,0.0
2024-11-11 00:00:00-05:00,0.007499999832361937,0.007600000128149986,0.007499999832361937,0.007600000128149986,9077,0.0,0.0
2024-11-12 00:00:00-05:00,0.007600000128149986,0.007600000128149986,0.007600000128149986,0.007600000128149986,665,0.0,0.0
2024-11-13 00:00:00-05:00,0.007600000128149986,0.008999999612569809,0.007600000128149986,0.008999999612569809,541,0.0,0.0
2024-11-14 00:00:00-05:00,0.008999999612569809,0.008999999612569809,0.008999999612569809,0.008999999612569809,437,0.0,0.0
2024-11-15 00:00:00-05:00,0.007499999832361937,0.007499999832361937,0.007499999832361937,0.007499999832361937,1211,0.0,0.0
2024-11-18 00:00:00-05:00,0.007499999832361937,0.007499999832361937,0.007499999832361937,0.007499999832361937,251,0.0,0.0
2024-11-19 00:00:00-05:00,0.008500000461935997,0.008500000461935997,0.008500000461935997,0.008500000461935997,286,0.0,0.0
2024-11-20 00:00:00-05:00,0.008500000461935997,0.008500000461935997,0.008500000461935997,0.008500000461935997,757,0.0,0.0
2024-11-21 00:00:00-05:00,0.008500000461935997,0.008500000461935997,0.008500000461935997,0.008500000461935997,143,0.0,0.0
2024-11-22 00:00:00-05:00,0.008500000461935997,0.008500000461935997,0.008500000461935997,0.008500000461935997,0,0.0,0.0
2024-11-25 00:00:00-05:00,0.008500000461935997,0.008500000461935997,0.008500000461935997,0.008500000461935997,0,0.0,0.0
2024-11-26 00:00:00-05:00,0.008500000461935997,0.008500000461935997,0.007499999832361937,0.007499999832361937,24013,0.0,0.0
2024-11-27 00:00:00-05:00,0.007499999832361937,0.007499999832361937,0.007499999832361937,0.007499999832361937,444,0.0,0.0
2024-11-29 00:00:00-05:00,0.007499999832361937,0.007499999832361937,0.007499999832361937,0.007499999832361937,0,0.0,0.0
2024-12-02 00:00:00-05:00,0.007499999832361937,0.007499999832361937,0.007499999832361937,0.007499999832361937,136,0.0,0.0
2024-12-03 00:00:00-05:00,0.007499999832361937,0.008500000461935997,0.007499999832361937,0.007499999832361937,1073,0.0,0.0
2024-12-04 00:00:00-05:00,0.008500000461935997,0.008500000461935997,0.007499999832361937,0.007499999832361937,1763,0.0,0.0
2024-12-05 00:00:00-05:00,0.007499999832361937,0.008500000461935997,0.007499999832361937,0.008500000461935997,2842,0.0,0.0
2024-12-06 00:00:00-05:00,0.008500000461935997,0.008500000461935997,0.008500000461935997,0.008500000461935997,0,0.0,0.0
2024-12-09 00:00:00-05:00,0.007499999832361937,0.007499999832361937,0.007499999832361937,0.007499999832361937,1561,0.0,0.0
2024-12-10 00:00:00-05:00,0.007499999832361937,0.007499999832361937,0.007499999832361937,0.007499999832361937,181,0.0,0.0
2024-12-11 00:00:00-05:00,0.007499999832361937,0.008500000461935997,0.007499999832361937,0.007499999832361937,872,0.0,0.0
2024-12-12 00:00:00-05:00,0.007499999832361937,0.007499999832361937,0.007499999832361937,0.007499999832361937,490,0.0,0.0
2024-12-13 00:00:00-05:00,0.007499999832361937,0.007499999832361937,0.007499999832361937,0.007499999832361937,3028,0.0,0.0
2024-12-16 00:00:00-05:00,0.007499999832361937,0.007499999832361937,0.007499999832361937,0.007499999832361937,248,0.0,0.0
2024-12-17 00:00:00-05:00,0.008500000461935997,0.008500000461935997,0.008500000461935997,0.008500000461935997,310,0.0,0.0
2024-12-18 00:00:00-05:00,0.008500000461935997,0.008500000461935997,0.008500000461935997,0.008500000461935997,1174,0.0,0.0
2024-12-19 00:00:00-05:00,0.008500000461935997,0.008500000461935997,0.008500000461935997,0.008500000461935997,0,0.0,0.0
2024-12-20 00:00:00-05:00,0.007499999832361937,0.007499999832361937,0.007499999832361937,0.007499999832361937,1060,0.0,0.0
2024-12-23 00:00:00-05:00,0.007499999832361937,0.007499999832361937,0.002099999925121665,0.002099999925121665,8973,0.0,0.0
2024-12-24 00:00:00-05:00,0.0010999999940395355,0.0010999999940395355,0.0010999999940395355,0.0010999999940395355,316,0.0,0.0
2024-12-26 00:00:00-05:00,0.0010999999940395355,0.002099999925121665,0.0010999999940395355,0.002099999925121665,9172,0.0,0.0
2024-12-27 00:00:00-05:00,0.0010999999940395355,0.002099999925121665,0.0010999999940395355,0.002099999925121665,3940,0.0,0.0
2024-12-30 00:00:00-05:00,0.0010999999940395355,0.002099999925121665,0.0010999999940395355,0.002099999925121665,22397,0.0,0.0
2024-12-31 00:00:00-05:00,0.0010999999940395355,0.0010999999940395355,0.0010999999940395355,0.0010999999940395355,9392,0.0,0.0
2025-01-02 00:00:00-05:00,0.0010999999940395355,0.002099999925121665,0.0010999999940395355,0.002099999925121665,4171,0.0,0.0
2025-01-03 00:00:00-05:00,0.002099999925121665,0.002099999925121665,0.002099999925121665,0.002099999925121665,0,0.0,0.0
2025-01-06 00:00:00-05:00,0.0010999999940395355,0.0010999999940395355,0.0010999999940395355,0.0010999999940395355,1059,0.0,0.0
2025-01-07 00:00:00-05:00,9.999999747378752e-05,9.999999747378752e-05,9.999999747378752e-05,9.999999747378752e-05,638,0.0,0.0
2025-01-08 00:00:00-05:00,9.999999747378752e-05,9.999999747378752e-05,9.999999747378752e-05,9.999999747378752e-05,3103,0.0,0.0
2025-01-10 00:00:00-05:00,9.999999747378752e-05,9.999999747378752e-05,9.999999747378752e-05,9.999999747378752e-05,0,0.0,0.0
2025-01-13 00:00:00-05:00,9.999999747378752e-05,0.00019999999494757503,9.999999747378752e-05,0.00019999999494757503,1458,0.0,0.0
2025-01-14 00:00:00-05:00,0.00019999999494757503,0.00019999999494757503,0.00019999999494757503,0.00019999999494757503,0,0.0,0.0
2025-01-15 00:00:00-05:00,9.999999747378752e-05,9.999999747378752e-05,9.999999747378752e-05,9.999999747378752e-05,232,0.0,0.0
2025-01-16 00:00:00-05:00,9.999999747378752e-05,9.999999747378752e-05,9.999999747378752e-05,9.999999747378752e-05,0,0.0,0.0
2025-01-17 00:00:00-05:00,9.999999747378752e-05,9.999999747378752e-05,9.999999747378752e-05,9.999999747378752e-05,0,0.0,0.0
2025-01-21 00:00:00-05:00,9.999999747378752e-05,9.999999747378752e-05,9.999999747378752e-05,9.999999747378752e-05,1336,0.0,0.0
2025-01-22 00:00:00-05:00,9.999999747378752e-05,9.999999747378752e-05,9.999999747378752e-05,9.999999747378752e-05,0,0.0,0.0
2025-01-23 00:00:00-05:00,9.999999747378752e-05,9.999999747378752e-05,9.999999747378752e-05,9.999999747378752e-05,104,0.0,0.0
2025-01-24 00:00:00-05:00,9.999999747378752e-05,9.999999747378752e-05,9.999999747378752e-05,9.999999747378752e-05,246,0.0,0.0
2025-01-27 00:00:00-05:00,9.999999747378752e-05,9.999999747378752e-05,9.999999747378752e-05,9.999999747378752e-05,652,0.0,0.0
2025-01-28 00:00:00-05:00,9.999999747378752e-05,9.999999747378752e-05,9.999999747378752e-05,9.999999747378752e-05,1005,0.0,0.0
2025-01-29 00:00:00-05:00,9.999999747378752e-05,9.999999747378752e-05,9.999999747378752e-05,9.999999747378752e-05,0,0.0,0.0
2025-01-30 00:00:00-05:00,9.999999747378752e-05,9.999999747378752e-05,9.999999747378752e-05,9.999999747378752e-05,105,0.0,0.0
2025-01-31 00:00:00-05:00,9.999999747378752e-05,9.999999747378752e-05,9.999999747378752e-05,9.999999747378752e-05,0,0.0,0.0
2025-02-03 00:00:00-05:00,9.999999747378752e-05,9.999999747378752e-05,9.999999747378752e-05,9.999999747378752e-05,440,0.0,0.0
2025-02-04 00:00:00-05:00,9.999999747378752e-05,9.999999747378752e-05,9.999999747378752e-05,9.999999747378752e-05,0,0.0,0.0
2025-02-05 00:00:00-05:00,9.999999747378752e-05,9.999999747378752e-05,9.999999747378752e-05,9.999999747378752e-05,351,0.0,0.0
2025-02-06 00:00:00-05:00,9.999999747378752e-05,9.999999747378752e-05,9.999999747378752e-05,9.999999747378752e-05,0,0.0,0.0
2025-02-07 00:00:00-05:00,9.999999747378752e-05,9.999999747378752e-05,9.999999747378752e-05,9.999999747378752e-05,0,0.0,0.0
2025-02-10 00:00:00-05:00,9.999999747378752e-05,9.999999747378752e-05,9.999999747378752e-05,9.999999747378752e-05,112,0.0,0.0
2025-02-11 00:00:00-05:00,9.999999747378752e-05,0.00019999999494757503,9.999999747378752e-05,0.00019999999494757503,1128,0.0,0.0
2025-02-12 00:00:00-05:00,9.999999747378752e-05,9.999999747378752e-05,9.999999747378752e-05,9.999999747378752e-05,4503,0.0,0.0
2025-02-13 00:00:00-05:00,9.999999747378752e-05,0.00019999999494757503,9.999999747378752e-05,0.00019999999494757503,2894,0.0,0.0
2025-02-14 00:00:00-05:00,0.00019999999494757503,0.00019999999494757503,0.00019999999494757503,0.00019999999494757503,0,0.0,0.0
2025-02-18 00:00:00-05:00,0.00019999999494757503,0.00019999999494757503,0.00019999999494757503,0.00019999999494757503,0,0.0,0.0
2025-02-19 00:00:00-05:00,0.00019999999494757503,0.00019999999494757503,0.00019999999494757503,0.00019999999494757503,448,0.0,0.0
2025-02-20 00:00:00-05:00,0.00019999999494757503,0.00019999999494757503,0.00019999999494757503,0.00019999999494757503,0,0.0,0.0
2025-02-21 00:00:00-05:00,0.00019999999494757503,0.00019999999494757503,0.00019999999494757503,0.00019999999494757503,0,0.0,0.0
2025-02-24 00:00:00-05:00,9.999999747378752e-05,9.999999747378752e-05,9.999999747378752e-05,9.999999747378752e-05,7014,0.0,0.0
2025-02-25 00:00:00-05:00,9.999999747378752e-05,9.999999747378752e-05,9.999999747378752e-05,9.999999747378752e-05,0,0.0,0.0
2025-02-26 00:00:00-05:00,9.999999747378752e-05,9.999999747378752e-05,9.999999747378752e-05,9.999999747378752e-05,0,0.0,0.0
2025-02-27 00:00:00-05:00,9.999999747378752e-05,9.999999747378752e-05,9.999999747378752e-05,9.999999747378752e-05,761,0.0,0.0
2025-02-28 00:00:00-05:00,9.999999747378752e-05,9.999999747378752e-05,9.999999747378752e-05,9.999999747378752e-05,0,0.0,0.0
2025-03-03 00:00:00-05:00,9.999999747378752e-05,9.999999747378752e-05,9.999999747378752e-05,9.999999747378752e-05,0,0.0,0.0
2025-03-04 00:00:00-05:00,0.00019999999494757503,0.00019999999494757503,0.00019999999494757503,0.00019999999494757503,466,0.0,0.0
2025-03-05 00:00:00-05:00,0.00019999999494757503,0.00019999999494757503,0.00019999999494757503,0.00019999999494757503,0,0.0,0.0
2025-03-06 00:00:00-05:00,0.00019999999494757503,0.00019999999494757503,0.00019999999494757503,0.00019999999494757503,0,0.0,0.0
2025-03-07 00:00:00-05:00,9.999999747378752e-05,9.999999747378752e-05,9.999999747378752e-05,9.999999747378752e-05,51657,0.0,0.0
2025-03-10 00:00:00-04:00,9.999999747378752e-05,9.999999747378752e-05,9.999999747378752e-05,9.999999747378752e-05,3301,0.0,0.0
2025-03-11 00:00:00-04:00,9.999999747378752e-05,9.999999747378752e-05,9.999999747378752e-05,9.999999747378752e-05,0,0.0,0.0
2025-03-12 00:00:00-04:00,9.999999747378752e-05,9.999999747378752e-05,9.999999747378752e-05,9.999999747378752e-05,0,0.0,0.0
2025-03-13 00:00:00-04:00,9.999999747378752e-05,9.999999747378752e-05,9.999999747378752e-05,9.999999747378752e-05,0,0.0,0.0
2025-03-14 00:00:00-04:00,9.999999747378752e-05,0.00019999999494757503,9.999999747378752e-05,0.00019999999494757503,17931,0.0,0.0
2025-03-17 00:00:00-04:00,0.00019999999494757503,0.00019999999494757503,0.00019999999494757503,0.00019999999494757503,230,0.0,0.0
2025-03-18 00:00:00-04:00,0.00019999999494757503,0.00019999999494757503,0.00019999999494757503,0.00019999999494757503,0,0.0,0.0
2025-03-19 00:00:00-04:00,0.00019999999494757503,0.00019999999494757503,0.00019999999494757503,0.00019999999494757503,0,0.0,0.0
2025-03-20 00:00:00-04:00,0.00019999999494757503,0.00019999999494757503,0.00019999999494757503,0.00019999999494757503,9208,0.0,0.0
2025-03-21 00:00:00-04:00,0.00019999999494757503,0.00019999999494757503,0.00019999999494757503,0.00019999999494757503,0,0.0,0.0
2025-03-24 00:00:00-04:00,0.00019999999494757503,0.00019999999494757503,0.00019999999494757503,0.00019999999494757503,3592,0.0,0.0
2025-03-25 00:00:00-04:00,0.00019999999494757503,0.00019999999494757503,0.00019999999494757503,0.00019999999494757503,0,0.0,0.0
2025-03-26 00:00:00-04:00,0.00019999999494757503,0.00019999999494757503,0.00019999999494757503,0.00019999999494757503,0,0.0,0.0
2025-03-27 00:00:00-04:00,0.00019999999494757503,0.00019999999494757503,0.00019999999494757503,0.00019999999494757503,0,0.0,0.0
2025-03-28 00:00:00-04:00,0.00019999999494757503,0.00019999999494757503,0.00019999999494757503,0.00019999999494757503,1176,0.0,0.0
2025-03-31 00:00:00-04:00,0.00019999999494757503,0.00019999999494757503,0.00019999999494757503,0.00019999999494757503,0,0.0,0.0
2025-04-01 00:00:00-04:00,0.00019999999494757503,0.00019999999494757503,0.00019999999494757503,0.00019999999494757503,0,0.0,0.0
2025-04-02 00:00:00-04:00,0.00019999999494757503,0.00019999999494757503,0.00019999999494757503,0.00019999999494757503,0,0.0,0.0
2025-04-03 00:00:00-04:00,0.00019999999494757503,0.00019999999494757503,0.00019999999494757503,0.00019999999494757503,0,0.0,0.0
2025-04-04 00:00:00-04:00,0.00019999999494757503,0.00019999999494757503,0.00019999999494757503,0.00019999999494757503,118,0.0,0.0
2025-04-07 00:00:00-04:00,0.00019999999494757503,0.00019999999494757503,0.00019999999494757503,0.00019999999494757503,0,0.0,0.0
2025-04-08 00:00:00-04:00,0.00019999999494757503,0.00019999999494757503,0.00019999999494757503,0.00019999999494757503,138,0.0,0.0
2025-04-09 00:00:00-04:00,0.00019999999494757503,0.00019999999494757503,0.00019999999494757503,0.00019999999494757503,0,0.0,0.0
2025-04-10 00:00:00-04:00,0.00019999999494757503,0.00019999999494757503,0.00019999999494757503,0.00019999999494757503,0,0.0,0.0
2025-04-11 00:00:00-04:00,0.00019999999494757503,0.00019999999494757503,0.00019999999494757503,0.00019999999494757503,0,0.0,0.0
2025-04-14 00:00:00-04:00,0.00019999999494757503,0.00019999999494757503,0.00019999999494757503,0.00019999999494757503,0,0.0,0.0
2025-04-15 00:00:00-04:00,0.00019999999494757503,0.00019999999494757503,0.00019999999494757503,0.00019999999494757503,0,0.0,0.0
2025-04-16 00:00:00-04:00,0.00019999999494757503,0.00019999999494757503,0.00019999999494757503,0.00019999999494757503,0,0.0,0.0
2025-04-17 00:00:00-04:00,0.00019999999494757503,0.00019999999494757503,0.00019999999494757503,0.00019999999494757503,140,0.0,0.0
2025-04-21 00:00:00-04:00,0.00019999999494757503,0.00019999999494757503,0.00019999999494757503,0.00019999999494757503,200,0.0,0.0
2025-04-22 00:00:00-04:00,0.00019999999494757503,0.00019999999494757503,0.00019999999494757503,0.00019999999494757503,0,0.0,0.0
2025-04-23 00:00:00-04:00,0.009999999776482582,0.009999999776482582,0.009999999776482582,0.009999999776482582,1634,0.0,0.0
2025-04-24 00:00:00-04:00,0.009999999776482582,0.009999999776482582,0.009999999776482582,0.009999999776482582,0,0.0,0.0
2025-04-25 00:00:00-04:00,0.0010000000474974513,0.0010000000474974513,0.0010000000474974513,0.0010000000474974513,181,0.0,0.0
2025-04-28 00:00:00-04:00,0.0010000000474974513,0.0010000000474974513,0.0010000000474974513,0.0010000000474974513,0,0.0,0.0
2025-04-29 00:00:00-04:00,0.0010000000474974513,0.0010000000474974513,0.0010000000474974513,0.0010000000474974513,0,0.0,0.0
2025-04-30 00:00:00-04:00,0.0010000000474974513,0.0010000000474974513,0.0010000000474974513,0.0010000000474974513,0,0.0,0.0
2025-05-01 00:00:00-04:00,0.0010000000474974513,0.0010000000474974513,0.0010000000474974513,0.0010000000474974513,0,0.0,0.0
2025-05-02 00:00:00-04:00,0.0010000000474974513,0.0010000000474974513,0.0010000000474974513,0.0010000000474974513,0,0.0,0.0
2025-05-05 00:00:00-04:00,0.0007999999797903001,0.0007999999797903001,0.0007999999797903001,0.0007999999797903001,315,0.0,0.0
2025-05-06 00:00:00-04:00,0.004100000020116568,0.004100000020116568,0.004100000020116568,0.004100000020116568,9334,0.0,0.0
2025-05-07 00:00:00-04:00,0.004100000020116568,0.004100000020116568,0.004100000020116568,0.004100000020116568,0,0.0,0.0
2025-05-08 00:00:00-04:00,0.0008999999845400453,0.0008999999845400453,0.0008999999845400453,0.0008999999845400453,183,0.0,0.0
2025-05-09 00:00:00-04:00,0.00039999998989515007,0.00039999998989515007,0.00039999998989515007,0.00039999998989515007,173,0.0,0.0
2025-05-12 00:00:00-04:00,0.008500000461935997,0.008500000461935997,0.008500000461935997,0.008500000461935997,179,0.0,0.0
2025-05-13 00:00:00-04:00,0.0003000000142492354,0.0003000000142492354,0.0003000000142492354,0.0003000000142492354,4003,0.0,0.0
2025-05-14 00:00:00-04:00,0.0003000000142492354,0.0003000000142492354,0.0003000000142492354,0.0003000000142492354,0,0.0,0.0
2025-05-15 00:00:00-04:00,0.0003000000142492354,0.0003000000142492354,0.0003000000142492354,0.0003000000142492354,195,0.0,0.0
2025-05-16 00:00:00-04:00,0.0003000000142492354,0.0003000000142492354,0.0003000000142492354,0.0003000000142492354,0,0.0,0.0
2025-05-19 00:00:00-04:00,0.0003000000142492354,0.0003000000142492354,0.0003000000142492354,0.0003000000142492354,0,0.0,0.0
2025-05-20 00:00:00-04:00,0.0003000000142492354,0.0003000000142492354,0.0003000000142492354,0.0003000000142492354,0,0.0,0.0
2025-05-21 00:00:00-04:00,0.0003000000142492354,0.0003000000142492354,0.0003000000142492354,0.0003000000142492354,0,0.0,0.0
2025-05-22 00:00:00-04:00,0.0003000000142492354,0.0003000000142492354,0.0003000000142492354,0.0003000000142492354,0,0.0,0.0
2025-05-23 00:00:00-04:00,0.0003000000142492354,0.0003000000142492354,0.0003000000142492354,0.0003000000142492354,0,0.0,0.0
2025-05-27 00:00:00-04:00,0.0003000000142492354,0.0003000000142492354,0.0003000000142492354,0.0003000000142492354,0,0.0,0.0
2025-05-28 00:00:00-04:00,0.0003000000142492354,0.0003000000142492354,0.0003000000142492354,0.0003000000142492354,0,0.0,0.0
2025-05-29 00:00:00-04:00,0.0003000000142492354,0.0003000000142492354,0.0003000000142492354,0.0003000000142492354,0,0.0,0.0
2025-05-30 00:00:00-04:00,0.0003000000142492354,0.0003000000142492354,0.0003000000142492354,0.0003000000142492354,0,0.0,0.0
2025-06-02 00:00:00-04:00,0.0003000000142492354,0.0003000000142492354,0.0003000000142492354,0.0003000000142492354,503,0.0,0.0
2025-06-03 00:00:00-04:00,0.0003000000142492354,0.0003000000142492354,0.0003000000142492354,0.0003000000142492354,0,0.0,0.0
2025-06-04 00:00:00-04:00,0.0003000000142492354,0.0003000000142492354,0.0003000000142492354,0.0003000000142492354,0,0.0,0.0
2025-06-05 00:00:00-04:00,0.0003000000142492354,0.0003000000142492354,0.0003000000142492354,0.0003000000142492354,428,0.0,0.0
2025-06-06 00:00:00-04:00,0.0003000000142492354,0.0003000000142492354,0.0003000000142492354,0.0003000000142492354,0,0.0,0.0
2025-06-09 00:00:00-04:00,0.0003000000142492354,0.0003000000142492354,0.0003000000142492354,0.0003000000142492354,203,0.0,0.0
2025-06-10 00:00:00-04:00,0.0003000000142492354,0.0003000000142492354,0.0003000000142492354,0.0003000000142492354,0,0.0,0.0
2025-06-11 00:00:00-04:00,0.0003000000142492354,0.0003000000142492354,0.0003000000142492354,0.0003000000142492354,1015,0.0,0.0
2025-06-12 00:00:00-04:00,0.0003000000142492354,0.0003000000142492354,0.0003000000142492354,0.0003000000142492354,180,0.0,0.0
2025-06-13 00:00:00-04:00,0.0003000000142492354,0.0003000000142492354,0.0003000000142492354,0.0003000000142492354,560,0.0,0.0
2025-06-16 00:00:00-04:00,0.0003000000142492354,0.0003000000142492354,0.0003000000142492354,0.0003000000142492354,0,0.0,0.0
2025-06-17 00:00:00-04:00,9.999999747378752e-05,9.999999747378752e-05,9.999999747378752e-05,9.999999747378752e-05,1000,0.0,0.0
2025-06-18 00:00:00-04:00,9.999999747378752e-05,9.999999747378752e-05,9.999999747378752e-05,9.999999747378752e-05,0,0.0,0.0
2025-06-20 00:00:00-04:00,9.999999747378752e-05,9.999999747378752e-05,9.999999747378752e-05,9.999999747378752e-05,1000,0.0,0.0
2025-06-23 00:00:00-04:00,9.999999747378752e-05,9.999999747378752e-05,9.999999747378752e-05,9.999999747378752e-05,0,0.0,0.0
2025-06-24 00:00:00-04:00,9.999999747378752e-05,9.999999747378752e-05,9.999999747378752e-05,9.999999747378752e-05,0,0.0,0.0
2025-06-25 00:00:00-04:00,9.999999747378752e-05,9.999999747378752e-05,9.999999747378752e-05,9.999999747378752e-05,1000,0.0,0.0
2025-06-26 00:00:00-04:00,9.999999747378752e-05,9.999999747378752e-05,9.999999747378752e-05,9.999999747378752e-05,0,0.0,0.0
2025-06-27 00:00:00-04:00,9.999999747378752e-05,9.999999747378752e-05,9.999999747378752e-05,9.999999747378752e-05,0,0.0,0.0
2025-06-30 00:00:00-04:00,9.999999747378752e-05,9.999999747378752e-05,9.999999747378752e-05,9.999999747378752e-05,15106,0.0,0.0
2025-07-01 00:00:00-04:00,9.999999747378752e-05,9.999999747378752e-05,9.999999747378752e-05,9.999999747378752e-05,1770,0.0,0.0
2025-07-02 00:00:00-04:00,9.999999747378752e-05,9.999999747378752e-05,9.999999747378752e-05,9.999999747378752e-05,0,0.0,0.0
2025-07-03 00:00:00-04:00,9.999999747378752e-05,9.999999747378752e-05,9.999999747378752e-05,9.999999747378752e-05,0,0.0,0.0
2025-07-07 00:00:00-04:00,9.999999747378752e-05,9.999999747378752e-05,9.999999747378752e-05,9.999999747378752e-05,0,0.0,0.0
2025-07-08 00:00:00-04:00,9.999999747378752e-05,9.999999747378752e-05,9.999999747378752e-05,9.999999747378752e-05,0,0.0,0.0
2025-07-09 00:00:00-04:00,9.999999747378752e-05,9.999999747378752e-05,9.999999747378752e-05,9.999999747378752e-05,1875,0.0,0.0
2025-07-10 00:00:00-04:00,9.999999747378752e-05,9.999999747378752e-05,9.999999747378752e-05,9.999999747378752e-05,0,0.0,0.0
2025-07-11 00:00:00-04:00,9.999999747378752e-05,9.999999747378752e-05,9.999999747378752e-05,9.999999747378752e-05,450,0.0,0.0
2025-07-14 00:00:00-04:00,9.999999747378752e-05,9.999999747378752e-05,9.999999747378752e-05,9.999999747378752e-05,0,0.0,0.0
2025-07-15 00:00:00-04:00,9.999999747378752e-05,9.999999747378752e-05,9.999999747378752e-05,9.999999747378752e-05,0,0.0,0.0
2025-07-16 00:00:00-04:00,9.999999747378752e-05,9.999999747378752e-05,9.999999747378752e-05,9.999999747378752e-05,0,0.0,0.0
2025-07-17 00:00:00-04:00,0.00019999999494757503,0.00019999999494757503,0.00019999999494757503,0.00019999999494757503,3854,0.0,0.0
2025-07-18 00:00:00-04:00,0.00019999999494757503,0.00019999999494757503,0.00019999999494757503,0.00019999999494757503,101,0.0,0.0
2025-07-21 00:00:00-04:00,0.00019999999494757503,0.009999999776482582,0.00019999999494757503,0.009999999776482582,5200,0.0,0.0
2025-07-22 00:00:00-04:00,0.009999999776482582,0.009999999776482582,0.009999999776482582,0.009999999776482582,0,0.0,0.0
2025-07-23 00:00:00-04:00,0.00019999999494757503,0.00019999999494757503,0.00019999999494757503,0.00019999999494757503,101,0.0,0.0
2025-07-24 00:00:00-04:00,0.00019999999494757503,0.00019999999494757503,0.00019999999494757503,0.00019999999494757503,0,0.0,0.0
2025-07-25 00:00:00-04:00,0.00019999999494757503,0.00019999999494757503,0.00019999999494757503,0.00019999999494757503,282,0.0,0.0
2025-07-28 00:00:00-04:00,0.00019999999494757503,0.00019999999494757503,0.00019999999494757503,0.00019999999494757503,0,0.0,0.0
2025-07-29 00:00:00-04:00,0.00019999999494757503,0.00019999999494757503,0.00019999999494757503,0.00019999999494757503,195,0.0,0.0
2025-07-30 00:00:00-04:00,9.999999747378752e-05,0.00019999999494757503,9.999999747378752e-05,0.00019999999494757503,837,0.0,0.0
2025-07-31 00:00:00-04:00,0.00019999999494757503,0.00019999999494757503,0.00019999999494757503,0.00019999999494757503,0,0.0,0.0
2025-08-01 00:00:00-04:00,0.00019999999494757503,0.00019999999494757503,0.00019999999494757503,0.00019999999494757503,2238,0.0,0.0
2025-08-04 00:00:00-04:00,0.00019999999494757503,0.00019999999494757503,0.00019999999494757503,0.00019999999494757503,0,0.0,0.0
2025-08-05 00:00:00-04:00,0.00019999999494757503,0.00019999999494757503,0.00019999999494757503,0.00019999999494757503,0,0.0,0.0
2025-08-06 00:00:00-04:00,0.00019999999494757503,0.00019999999494757503,0.00019999999494757503,0.00019999999494757503,0,0.0,0.0
2025-08-07 00:00:00-04:00,0.00019999999494757503,0.00019999999494757503,0.00019999999494757503,0.00019999999494757503,239,0.0,0.0
2025-08-08 00:00:00-04:00,0.00019999999494757503,0.00019999999494757503,0.00019999999494757503,0.00019999999494757503,0,0.0,0.0
2025-08-11 00:00:00-04:00,0.00019999999494757503,0.00019999999494757503,0.00019999999494757503,0.00019999999494757503,0,0.0,0.0
2025-08-12 00:00:00-04:00,0.00019999999494757503,0.00019999999494757503,0.00019999999494757503,0.00019999999494757503,943,0.0,0.0
2025-08-13 00:00:00-04:00,0.00019999999494757503,0.00019999999494757503,0.00019999999494757503,0.00019999999494757503,0,0.0,0.0
2025-08-14 00:00:00-04:00,9.999999747378752e-05,9.999999747378752e-05,9.999999747378752e-05,9.999999747378752e-05,1015,0.0,0.0
2025-08-15 00:00:00-04:00,9.999999747378752e-05,9.999999747378752e-05,9.999999747378752e-05,9.999999747378752e-05,129,0.0,0.0
2025-08-18 00:00:00-04:00,9.999999747378752e-05,9.999999747378752e-05,9.999999747378752e-05,9.999999747378752e-05,0,0.0,0.0
2025-08-19 00:00:00-04:00,9.999999747378752e-05,9.999999747378752e-05,9.999999747378752e-05,9.999999747378752e-05,0,0.0,0.0
2025-08-20 00:00:00-04:00,9.999999747378752e-05,9.999999747378752e-05,9.999999747378752e-05,9.999999747378752e-05,432,0.0,0.0
2025-08-21 00:00:00-04:00,9.999999747378752e-05,9.999999747378752e-05,9.999999747378752e-05,9.999999747378752e-05,0,0.0,0.0
2025-08-22 00:00:00-04:00,9.999999747378752e-05,9.999999747378752e-05,9.999999747378752e-05,9.999999747378752e-05,205,0.0,0.0
2025-08-25 00:00:00-04:00,9.999999747378752e-05,9.999999747378752e-05,9.999999747378752e-05,9.999999747378752e-05,3549,0.0,0.0
2025-08-26 00:00:00-04:00,9.999999747378752e-05,9.999999747378752e-05,9.999999747378752e-05,9.999999747378752e-05,0,0.0,0.0
2025-08-27 00:00:00-04:00,9.999999747378752e-05,9.999999747378752e-05,9.999999747378752e-05,9.999999747378752e-05,0,0.0,0.0
2025-08-28 00:00:00-04:00,9.999999747378752e-05,9.999999747378752e-05,9.999999747378752e-05,9.999999747378752e-05,0,0.0,0.0
2025-08-29 00:00:00-04:00,9.999999747378752e-05,9.999999747378752e-05,9.999999747378752e-05,9.999999747378752e-05,0,0.0,0.0
2025-09-02 00:00:00-04:00,9.999999747378752e-05,9.999999747378752e-05,9.999999747378752e-05,9.999999747378752e-05,466,0.0,0.0
2025-09-03 00:00:00-04:00,9.999999747378752e-05,9.999999747378752e-05,9.999999747378752e-05,9.999999747378752e-05,401,0.0,0.0
2025-09-04 00:00:00-04:00,9.999999747378752e-05,9.999999747378752e-05,9.999999747378752e-05,9.999999747378752e-05,0,0.0,0.0
2025-09-05 00:00:00-04:00,9.999999747378752e-05,9.999999747378752e-05,9.999999747378752e-05,9.999999747378752e-05,0,0.0,0.0
2025-09-08 00:00:00-04:00,9.999999747378752e-05,9.999999747378752e-05,9.999999747378752e-05,9.999999747378752e-05,0,0.0,0.0
2025-09-09 00:00:00-04:00,9.999999747378752e-05,9.999999747378752e-05,9.999999747378752e-05,9.999999747378752e-05,143,0.0,0.0
2025-09-10 00:00:00-04:00,9.999999747378752e-05,9.999999747378752e-05,9.999999747378752e-05,9.999999747378752e-05,718,0.0,0.0
2025-09-11 00:00:00-04:00,9.999999747378752e-05,9.999999747378752e-05,9.999999747378752e-05,9.999999747378752e-05,0,0.0,0.0
2025-09-12 00:00:00-04:00,9.999999747378752e-05,9.999999747378752e-05,9.999999747378752e-05,9.999999747378752e-05,0,0.0,0.0
2025-09-15 00:00:00-04:00,9.999999747378752e-05,9.999999747378752e-05,9.999999747378752e-05,9.999999747378752e-05,0,0.0,0.0
2025-09-16 00:00:00-04:00,9.999999747378752e-05,9.999999747378752e-05,9.999999747378752e-05,9.999999747378752e-05,0,0.0,0.0
2025-09-17 00:00:00-04:00,9.999999747378752e-05,9.999999747378752e-05,9.999999747378752e-05,9.999999747378752e-05,0,0.0,0.0
2025-09-18 00:00:00-04:00,9.999999747378752e-05,9.999999747378752e-05,9.999999747378752e-05,9.999999747378752e-05,10202,0.0,0.0
2025-09-19 00:00:00-04:00,9.999999747378752e-05,9.999999747378752e-05,9.999999747378752e-05,9.999999747378752e-05,0,0.0,0.0
2025-09-22 00:00:00-04:00,9.999999747378752e-05,9.999999747378752e-05,9.999999747378752e-05,9.999999747378752e-05,0,0.0,0.0
2025-09-23 00:00:00-04:00,9.999999747378752e-05,9.999999747378752e-05,9.999999747378752e-05,9.999999747378752e-05,0,0.0,0.0
2025-09-24 00:00:00-04:00,9.999999747378752e-05,9.999999747378752e-05,9.999999747378752e-05,9.999999747378752e-05,0,0.0,0.0
2025-09-25 00:00:00-04:00,9.999999747378752e-05,9.999999747378752e-05,9.999999747378752e-05,9.999999747378752e-05,0,0.0,0.0
2025-09-26 00:00:00-04:00,9.999999747378752e-05,9.999999747378752e-05,9.999999747378752e-05,9.999999747378752e-05,7515,0.0,0.0
2025-09-29 00:00:00-04:00,9.999999747378752e-05,9.999999747378752e-05,9.999999747378752e-05,9.999999747378752e-05,3031,0.0,0.0
2025-09-30 00:00:00-04:00,9.999999747378752e-05,9.999999747378752e-05,9.999999747378752e-05,9.999999747378752e-05,0,0.0,0.0
2025-10-01 00:00:00-04:00,9.999999747378752e-05,9.999999747378752e-05,9.999999747378752e-05,9.999999747378752e-05,0,0.0,0.0
2025-10-02 00:00:00-04:00,9.999999747378752e-05,9.999999747378752e-05,9.999999747378752e-05,9.999999747378752e-05,0,0.0,0.0
2025-10-03 00:00:00-04:00,9.999999747378752e-05,9.999999747378752e-05,9.999999747378752e-05,9.999999747378752e-05,0,0.0,0.0
2025-10-06 00:00:00-04:00,9.999999747378752e-05,9.999999747378752e-05,9.999999747378752e-05,9.999999747378752e-05,1600,0.0,0.0
2025-10-07 00:00:00-04:00,9.999999747378752e-05,9.999999747378752e-05,9.999999747378752e-05,9.999999747378752e-05,0,0.0,0.0
2025-10-08 00:00:00-04:00,9.999999747378752e-05,9.999999747378752e-05,9.999999747378752e-05,9.999999747378752e-05,1101,0.0,0.0
2025-10-09 00:00:00-04:00,9.999999747378752e-05,9.999999747378752e-05,9.999999747378752e-05,9.999999747378752e-05,300,0.0,0.0
2025-10-10 00:00:00-04:00,9.999999747378752e-05,9.999999747378752e-05,9.999999747378752e-05,9.999999747378752e-05,0,0.0,0.0
2025-10-13 00:00:00-04:00,9.999999747378752e-05,9.999999747378752e-05,9.999999747378752e-05,9.999999747378752e-05,0,0.0,0.0
2025-10-14 00:00:00-04:00,9.999999747378752e-05,9.999999747378752e-05,9.999999747378752e-05,9.999999747378752e-05,35541,0.0,0.0
2025-10-15 00:00:00-04:00,9.999999747378752e-05,9.999999747378752e-05,9.999999747378752e-05,9.999999747378752e-05,809,0.0,0.0
2025-10-16 00:00:00-04:00,9.999999747378752e-05,9.999999747378752e-05,9.999999747378752e-05,9.999999747378752e-05,0,0.0,0.0
2025-10-17 00:00:00-04:00,9.999999747378752e-05,9.999999747378752e-05,9.999999747378752e-05,9.999999747378752e-05,0,0.0,0.0
2025-10-20 00:00:00-04:00,9.999999747378752e-05,9.999999747378752e-05,9.999999747378752e-05,9.999999747378752e-05,129,0.0,0.0
2025-10-21 00:00:00-04:00,9.999999747378752e-05,9.999999747378752e-05,9.999999747378752e-05,9.999999747378752e-05,0,0.0,0.0
2025-10-22 00:00:00-04:00,9.999999747378752e-05,9.999999747378752e-05,9.999999747378752e-05,9.999999747378752e-05,0,0.0,0.0
2025-10-23 00:00:00-04:00,9.999999747378752e-05,9.999999747378752e-05,9.999999747378752e-05,9.999999747378752e-05,498,0.0,0.0
2025-10-24 00:00:00-04:00,9.999999747378752e-05,9.999999747378752e-05,9.999999747378752e-05,9.999999747378752e-05,109,0.0,0.0
2025-10-27 00:00:00-04:00,9.999999747378752e-05,9.999999747378752e-05,9.999999747378752e-05,9.999999747378752e-05,0,0.0,0.0
2025-10-28 00:00:00-04:00,9.999999747378752e-05,9.999999747378752e-05,9.999999747378752e-05,9.999999747378752e-05,220,0.0,0.0
2025-10-29 00:00:00-04:00,9.999999747378752e-05,9.999999747378752e-05,9.999999747378752e-05,9.999999747378752e-05,2410,0.0,0.0
2025-10-30 00:00:00-04:00,9.999999747378752e-05,9.999999747378752e-05,9.999999747378752e-05,9.999999747378752e-05,0,0.0,0.0
2025-10-31 00:00:00-04:00,9.999999747378752e-05,9.999999747378752e-05,9.999999747378752e-05,9.999999747378752e-05,0,0.0,0.0
2025-11-03 00:00:00-05:00,9.999999747378752e-05,9.999999747378752e-05,9.999999747378752e-05,9.999999747378752e-05,0,0.0,0.0
2025-11-04 00:00:00-05:00,9.999999747378752e-05,9.999999747378752e-05,9.999999747378752e-05,9.999999747378752e-05,303,0.0,0.0
2025-11-05 00:00:00-05:00,9.999999747378752e-05,9.999999747378752e-05,9.999999747378752e-05,9.999999747378752e-05,160,0.0,0.0
2025-11-06 00:00:00-05:00,9.999999747378752e-05,9.999999747378752e-05,9.999999747378752e-05,9.999999747378752e-05,26316,0.0,0.0
2025-11-07 00:00:00-05:00,9.999999747378752e-05,9.999999747378752e-05,9.999999747378752e-05,9.999999747378752e-05,0,0.0,0.0
2025-11-10 00:00:00-05:00,9.999999747378752e-05,9.999999747378752e-05,9.999999747378752e-05,9.999999747378752e-05,0,0.0,0.0
2025-11-11 00:00:00-05:00,9.999999747378752e-05,9.999999747378752e-05,9.999999747378752e-05,9.999999747378752e-05,0,0.0,0.0
2025-11-12 00:00:00-05:00,9.999999747378752e-05,9.999999747378752e-05,9.999999747378752e-05,9.999999747378752e-05,0,0.0,0.0
2025-11-13 00:00:00-05:00,9.999999747378752e-05,9.999999747378752e-05,9.999999747378752e-05,9.999999747378752e-05,0,0.0,0.0
2025-11-14 00:00:00-05:00,9.999999747378752e-05,9.999999747378752e-05,9.999999747378752e-05,9.999999747378752e-05,0,0.0,0.0
2025-11-17 00:00:00-05:00,9.999999747378752e-05,9.999999747378752e-05,9.999999747378752e-05,9.999999747378752e-05,15021,0.0,0.0
2025-11-18 00:00:00-05:00,9.999999747378752e-05,9.999999747378752e-05,9.999999747378752e-05,9.999999747378752e-05,0,0.0,0.0
2025-11-19 00:00:00-05:00,9.999999747378752e-05,9.999999747378752e-05,9.999999747378752e-05,9.999999747378752e-05,221,0.0,0.0
2025-11-20 00:00:00-05:00,9.999999747378752e-05,9.999999747378752e-05,9.999999747378752e-05,9.999999747378752e-05,0,0.0,0.0
2025-11-21 00:00:00-05:00,9.999999747378752e-05,9.999999747378752e-05,9.999999747378752e-05,9.999999747378752e-05,0,0.0,0.0
2025-11-24 00:00:00-05:00,9.999999747378752e-05,9.999999747378752e-05,9.999999747378752e-05,9.999999747378752e-05,472,0.0,0.0
2025-11-25 00:00:00-05:00,9.999999747378752e-05,9.999999747378752e-05,9.999999747378752e-05,9.999999747378752e-05,155,0.0,0.0
2025-11-26 00:00:00-05:00,9.999999747378752e-05,9.999999747378752e-05,9.999999747378752e-05,9.999999747378752e-05,140,0.0,0.0
2025-11-28 00:00:00-05:00,9.999999747378752e-05,9.999999747378752e-05,9.999999747378752e-05,9.999999747378752e-05,0,0.0,0.0
2025-12-01 00:00:00-05:00,9.999999747378752e-05,9.999999747378752e-05,9.999999747378752e-05,9.999999747378752e-05,345,0.0,0.0
2025-12-02 00:00:00-05:00,9.999999747378752e-05,9.999999747378752e-05,9.999999747378752e-05,9.999999747378752e-05,188,0.0,0.0
2025-12-03 00:00:00-05:00,9.999999747378752e-05,9.999999747378752e-05,9.999999747378752e-05,9.999999747378752e-05,276,0.0,0.0
2025-12-04 00:00:00-05:00,9.999999747378752e-05,9.999999747378752e-05,9.999999747378752e-05,9.999999747378752e-05,240,0.0,0.0
2025-12-05 00:00:00-05:00,9.999999747378752e-05,9.999999747378752e-05,9.999999747378752e-05,9.999999747378752e-05,2559,0.0,0.0
2025-12-08 00:00:00-05:00,9.999999747378752e-05,9.999999747378752e-05,9.999999747378752e-05,9.999999747378752e-05,0,0.0,0.0
2025-12-09 00:00:00-05:00,9.999999747378752e-05,9.999999747378752e-05,9.999999747378752e-05,9.999999747378752e-05,0,0.0,0.0
2025-12-10 00:00:00-05:00,9.999999747378752e-05,9.999999747378752e-05,9.999999747378752e-05,9.999999747378752e-05,0,0.0,0.0
2025-12-11 00:00:00-05:00,9.999999747378752e-05,9.999999747378752e-05,9.999999747378752e-05,9.999999747378752e-05,4089,0.0,0.0
2025-12-12 00:00:00-05:00,9.999999747378752e-05,9.999999747378752e-05,9.999999747378752e-05,9.999999747378752e-05,0,0.0,0.0
2025-12-15 00:00:00-05:00,9.999999747378752e-05,9.999999747378752e-05,9.999999747378752e-05,9.999999747378752e-05,0,0.0,0.0
2025-12-16 00:00:00-05:00,9.999999747378752e-05,9.999999747378752e-05,9.999999747378752e-05,9.999999747378752e-05,346,0.0,0.0
2025-12-17 00:00:00-05:00,9.999999747378752e-05,9.999999747378752e-05,9.999999747378752e-05,9.999999747378752e-05,126,0.0,0.0
2025-12-18 00:00:00-05:00,9.999999747378752e-05,9.999999747378752e-05,9.999999747378752e-05,9.999999747378752e-05,0,0.0,0.0
2025-12-19 00:00:00-05:00,9.999999747378752e-05,9.999999747378752e-05,9.999999747378752e-05,9.999999747378752e-05,1744,0.0,0.0
2025-12-22 00:00:00-05:00,9.999999747378752e-05,9.999999747378752e-05,9.999999747378752e-05,9.999999747378752e-05,584,0.0,0.0
2025-12-23 00:00:00-05:00,9.999999747378752e-05,9.999999747378752e-05,9.999999747378752e-05,9.999999747378752e-05,591,0.0,0.0
2025-12-24 00:00:00-05:00,9.999999747378752e-05,9.999999747378752e-05,9.999999747378752e-05,9.999999747378752e-05,502,0.0,0.0
2025-12-26 00:00:00-05:00,9.999999747378752e-05,9.999999747378752e-05,9.999999747378752e-05,9.999999747378752e-05,1461,0.0,0.0
2025-12-29 00:00:00-05:00,9.999999747378752e-05,9.999999747378752e-05,9.999999747378752e-05,9.999999747378752e-05,350,0.0,0.0
2025-12-30 00:00:00-05:00,9.999999747378752e-05,9.999999747378752e-05,9.999999747378752e-05,9.999999747378752e-05,1339,0.0,0.0
2025-12-31 00:00:00-05:00,9.999999747378752e-05,9.999999747378752e-05,9.999999747378752e-05,9.999999747378752e-05,180832,0.0,0.0
2026-01-02 00:00:00-05:00,9.999999747378752e-05,9.999999747378752e-05,9.999999747378752e-05,9.999999747378752e-05,0,0.0,0.0
2026-01-05 00:00:00-05:00,9.999999747378752e-05,9.999999747378752e-05,9.999999747378752e-05,9.999999747378752e-05,0,0.0,0.0
2026-01-06 00:00:00-05:00,9.999999747378752e-05,9.999999747378752e-05,9.999999747378752e-05,9.999999747378752e-05,4945,0.0,0.0
2026-01-07 00:00:00-05:00,9.999999747378752e-05,9.999999747378752e-05,9.999999747378752e-05,9.999999747378752e-05,0,0.0,0.0
2026-01-08 00:00:00-05:00,9.999999747378752e-05,9.999999747378752e-05,9.999999747378752e-05,9.999999747378752e-05,172,0.0,0.0
2026-01-09 00:00:00-05:00,9.999999747378752e-05,9.999999747378752e-05,9.999999747378752e-05,9.999999747378752e-05,0,0.0,0.0
2026-01-12 00:00:00-05:00,9.999999747378752e-05,9.999999747378752e-05,9.999999747378752e-05,9.999999747378752e-05,216,0.0,0.0
2026-01-13 00:00:00-05:00,9.999999747378752e-05,9.999999747378752e-05,9.999999747378752e-05,9.999999747378752e-05,0,0.0,0.0
2026-01-14 00:00:00-05:00,9.999999747378752e-05,9.999999747378752e-05,9.999999747378752e-05,9.999999747378752e-05,0,0.0,0.0
2026-01-15 00:00:00-05:00,9.999999747378752e-05,9.999999747378752e-05,9.999999747378752e-05,9.999999747378752e-05,0,0.0,0.0
2026-01-16 00:00:00-05:00,9.999999747378752e-05,9.999999747378752e-05,9.999999747378752e-05,9.999999747378752e-05,0,0.0,0.0
2026-01-20 00:00:00-05:00,9.999999747378752e-05,9.999999747378752e-05,9.999999747378752e-05,9.999999747378752e-05,0,0.0,0.0
2026-01-21 00:00:00-05:00,9.999999747378752e-05,9.999999747378752e-05,9.999999747378752e-05,9.999999747378752e-05,0,0.0,0.0
2026-01-22 00:00:00-05:00,9.999999747378752e-05,9.999999747378752e-05,9.999999747378752e-05,9.999999747378752e-05,175,0.0,0.0
2026-01-23 00:00:00-05:00,9.999999747378752e-05,9.999999747378752e-05,9.999999747378752e-05,9.999999747378752e-05,0,0.0,0.0
2026-01-26 00:00:00-05:00,9.999999747378752e-05,9.999999747378752e-05,9.999999747378752e-05,9.999999747378752e-05,0,0.0,0.0
2026-01-27 00:00:00-05:00,9.999999747378752e-05,9.999999747378752e-05,9.999999747378752e-05,9.999999747378752e-05,0,0.0,0.0
2026-01-28 00:00:00-05:00,9.999999747378752e-05,9.999999747378752e-05,9.999999747378752e-05,9.999999747378752e-05,0,0.0,0.0
2026-01-29 00:00:00-05:00,9.999999747378752e-05,9.999999747378752e-05,9.999999747378752e-05,9.999999747378752e-05,0,0.0,0.0
2026-01-30 00:00:00-05:00,9.999999747378752e-05,9.999999747378752e-05,9.999999747378752e-05,9.999999747378752e-05,269,0.0,0.0
2026-02-02 00:00:00-05:00,9.999999747378752e-05,9.999999747378752e-05,9.999999747378752e-05,9.999999747378752e-05,0,0.0,0.0
2026-02-03 00:00:00-05:00,9.999999747378752e-05,9.999999747378752e-05,9.999999747378752e-05,9.999999747378752e-05,50084,0.0,0.0
2026-02-04 00:00:00-05:00,9.999999747378752e-05,9.999999747378752e-05,9.999999747378752e-05,9.999999747378752e-05,0,0.0,0.0
2026-02-05 00:00:00-05:00,9.999999747378752e-05,9.999999747378752e-05,9.999999747378752e-05,9.999999747378752e-05,0,0.0,0.0
2026-02-06 00:00:00-05:00,9.999999747378752e-05,9.999999747378752e-05,9.999999747378752e-05,9.999999747378752e-05,0,0.0,0.0
2026-02-09 00:00:00-05:00,9.999999747378752e-05,9.999999747378752e-05,9.999999747378752e-05,9.999999747378752e-05,796,0.0,0.0
2026-02-10 00:00:00-05:00,9.999999747378752e-05,9.999999747378752e-05,9.999999747378752e-05,9.999999747378752e-05,0,0.0,0.0
2026-02-11 00:00:00-05:00,9.999999747378752e-05,9.999999747378752e-05,9.999999747378752e-05,9.999999747378752e-05,0,0.0,0.0
2026-02-12 00:00:00-05:00,9.999999747378752e-05,9.999999747378752e-05,9.999999747378752e-05,9.999999747378752e-05,14000,0.0,0.0
2026-02-13 00:00:00-05:00,9.999999747378752e-05,9.999999747378752e-05,9.999999747378752e-05,9.999999747378752e-05,0,0.0,0.0
2026-02-17 00:00:00-05:00,9.999999747378752e-05,9.999999747378752e-05,9.999999747378752e-05,9.999999747378752e-05,0,0.0,0.0
2026-02-18 00:00:00-05:00,9.999999747378752e-05,9.999999747378752e-05,9.999999747378752e-05,9.999999747378752e-05,0,0.0,0.0
2026-02-19 00:00:00-05:00,9.999999747378752e-05,9.999999747378752e-05,9.999999747378752e-05,9.999999747378752e-05,0,0.0,0.0
2026-02-20 00:00:00-05:00,9.999999747378752e-05,9.999999747378752e-05,9.999999747378752e-05,9.999999747378752e-05,0,0.0,0.0
2026-02-23 00:00:00-05:00,9.999999747378752e-05,9.999999747378752e-05,9.999999747378752e-05,9.999999747378752e-05,490,0.0,0.0
2026-02-24 00:00:00-05:00,9.999999747378752e-05,9.999999747378752e-05,9.999999747378752e-05,9.999999747378752e-05,0,0.0,0.0
2026-02-25 00:00:00-05:00,9.999999747378752e-05,9.999999747378752e-05,9.999999747378752e-05,9.999999747378752e-05,0,0.0,0.0
2026-02-26 00:00:00-05:00,9.999999747378752e-05,9.999999747378752e-05,9.999999747378752e-05,9.999999747378752e-05,0,0.0,0.0
2026-02-27 00:00:00-05:00,9.999999747378752e-05,9.999999747378752e-05,9.999999747378752e-05,9.999999747378752e-05,768,0.0,0.0
2026-03-02 00:00:00-05:00,9.999999747378752e-05,9.999999747378752e-05,9.999999747378752e-05,9.999999747378752e-05,0,0.0,0.0
2026-03-03 00:00:00-05:00,9.999999747378752e-05,9.999999747378752e-05,9.999999747378752e-05,9.999999747378752e-05,0,0.0,0.0
2026-03-04 00:00:00-05:00,9.999999747378752e-05,9.999999747378752e-05,9.999999747378752e-05,9.999999747378752e-05,389,0.0,0.0
2026-03-05 00:00:00-05:00,9.999999747378752e-05,9.999999747378752e-05,9.999999747378752e-05,9.999999747378752e-05,0,0.0,0.0
2026-03-06 00:00:00-05:00,9.999999747378752e-05,9.999999747378752e-05,9.999999747378752e-05,9.999999747378752e-05,141,0.0,0.0
2026-03-09 00:00:00-04:00,9.999999747378752e-05,9.999999747378752e-05,9.999999747378752e-05,9.999999747378752e-05,0,0.0,0.0
2026-03-10 00:00:00-04:00,9.999999747378752e-05,9.999999747378752e-05,9.999999747378752e-05,9.999999747378752e-05,249,0.0,0.0
2026-03-11 00:00:00-04:00,9.999999747378752e-05,9.999999747378752e-05,9.999999747378752e-05,9.999999747378752e-05,6416,0.0,0.0
2026-03-12 00:00:00-04:00,9.999999747378752e-05,9.999999747378752e-05,9.999999747378752e-05,9.999999747378752e-05,0,0.0,0.0
2026-03-13 00:00:00-04:00,9.999999747378752e-05,9.999999747378752e-05,9.999999747378752e-05,9.999999747378752e-05,0,0.0,0.0
2026-03-16 00:00:00-04:00,9.999999747378752e-05,9.999999747378752e-05,9.999999747378752e-05,9.999999747378752e-05,0,0.0,0.0
2026-03-17 00:00:00-04:00,9.999999747378752e-05,9.999999747378752e-05,9.999999747378752e-05,9.999999747378752e-05,170,0.0,0.0
2026-03-18 00:00:00-04:00,9.999999747378752e-05,9.999999747378752e-05,9.999999747378752e-05,9.999999747378752e-05,0,0.0,0.0
2026-03-19 00:00:00-04:00,9.999999747378752e-05,9.999999747378752e-05,9.999999747378752e-05,9.999999747378752e-05,1107,0.0,0.0
2026-03-20 00:00:00-04:00,9.999999747378752e-05,9.999999747378752e-05,9.999999747378752e-05,9.999999747378752e-05,0,0.0,0.0
2026-03-23 00:00:00-04:00,9.999999747378752e-05,9.999999747378752e-05,9.999999747378752e-05,9.999999747378752e-05,0,0.0,0.0
2026-03-24 00:00:00-04:00,9.999999747378752e-05,9.999999747378752e-05,9.999999747378752e-05,9.999999747378752e-05,0,0.0,0.0
2026-03-25 00:00:00-04:00,9.999999747378752e-05,9.999999747378752e-05,9.999999747378752e-05,9.999999747378752e-05,0,0.0,0.0
2026-03-26 00:00:00-04:00,9.999999747378752e-05,9.999999747378752e-05,9.999999747378752e-05,9.999999747378752e-05,0,0.0,0.0
2026-03-27 00:00:00-04:00,9.999999747378752e-05,9.999999747378752e-05,9.999999747378752e-05,9.999999747378752e-05,0,0.0,0.0
2026-03-30 00:00:00-04:00,9.999999747378752e-05,9.999999747378752e-05,9.999999747378752e-05,9.999999747378752e-05,225,0.0,0.0
2026-03-31 00:00:00-04:00,9.999999747378752e-05,9.999999747378752e-05,9.999999747378752e-05,9.999999747378752e-05,0,0.0,0.0
2026-04-01 00:00:00-04:00,9.999999747378752e-05,9.999999747378752e-05,9.999999747378752e-05,9.999999747378752e-05,0,0.0,0.0
2026-04-02 00:00:00-04:00,9.999999747378752e-05,9.999999747378752e-05,9.999999747378752e-05,9.999999747378752e-05,0,0.0,0.0
2026-04-06 00:00:00-04:00,9.999999747378752e-05,9.999999747378752e-05,9.999999747378752e-05,9.999999747378752e-05,0,0.0,0.0
2026-04-07 00:00:00-04:00,9.999999747378752e-05,9.999999747378752e-05,9.999999747378752e-05,9.999999747378752e-05,0,0.0,0.0
2026-04-08 00:00:00-04:00,9.999999747378752e-05,9.999999747378752e-05,9.999999747378752e-05,9.999999747378752e-05,0,0.0,0.0
2026-04-09 00:00:00-04:00,9.999999747378752e-05,9.999999747378752e-05,9.999999747378752e-05,9.999999747378752e-05,0,0.0,0.0
2026-04-10 00:00:00-04:00,9.999999747378752e-05,9.999999747378752e-05,9.999999747378752e-05,9.999999747378752e-05,1058,0.0,0.0
2026-04-13 00:00:00-04:00,9.999999747378752e-05,9.999999747378752e-05,9.999999747378752e-05,9.999999747378752e-05,0,0.0,0.0
2026-04-14 00:00:00-04:00,9.999999747378752e-05,9.999999747378752e-05,9.999999747378752e-05,9.999999747378752e-05,520,0.0,0.0
2026-04-15 00:00:00-04:00,9.999999747378752e-05,9.999999747378752e-05,9.999999747378752e-05,9.999999747378752e-05,0,0.0,0.0
2026-04-16 00:00:00-04:00,9.999999747378752e-05,9.999999747378752e-05,9.999999747378752e-05,9.999999747378752e-05,0,0.0,0.0
2026-04-17 00:00:00-04:00,9.999999747378752e-05,9.999999747378752e-05,9.999999747378752e-05,9.999999747378752e-05,1000,0.0,0.0
2026-04-20 00:00:00-04:00,9.999999747378752e-05,9.999999747378752e-05,9.999999747378752e-05,9.999999747378752e-05,0,0.0,0.0
2026-04-21 00:00:00-04:00,9.999999747378752e-05,9.999999747378752e-05,9.999999747378752e-05,9.999999747378752e-05,0,0.0,0.0
2026-04-22 00:00:00-04:00,9.999999747378752e-05,9.999999747378752e-05,9.999999747378752e-05,9.999999747378752e-05,275,0.0,0.0
2026-04-23 00:00:00-04:00,9.999999747378752e-05,9.999999747378752e-05,9.999999747378752e-05,9.999999747378752e-05,130,0.0,0.0
2026-04-24 00:00:00-04:00,9.999999747378752e-05,9.999999747378752e-05,9.999999747378752e-05,9.999999747378752e-05,228,0.0,0.0
2026-04-27 00:00:00-04:00,9.999999747378752e-05,9.999999747378752e-05,9.999999747378752e-05,9.999999747378752e-05,0,0.0,0.0
2026-04-28 00:00:00-04:00,9.999999747378752e-05,9.999999747378752e-05,9.999999747378752e-05,9.999999747378752e-05,0,0.0,0.0
2026-04-29 00:00:00-04:00,9.999999747378752e-05,9.999999747378752e-05,9.999999747378752e-05,9.999999747378752e-05,0,0.0,0.0
2026-04-30 00:00:00-04:00,9.999999747378752e-05,9.999999747378752e-05,9.999999747378752e-05,9.999999747378752e-05,0,0.0,0.0
2026-05-01 00:00:00-04:00,9.999999747378752e-05,9.999999747378752e-05,9.999999747378752e-05,9.999999747378752e-05,1060,0.0,0.0
2026-05-04 00:00:00-04:00,9.999999747378752e-05,9.999999747378752e-05,9.999999747378752e-05,9.999999747378752e-05,173,0.0,0.0
2026-05-05 00:00:00-04:00,9.999999747378752e-05,9.999999747378752e-05,9.999999747378752e-05,9.999999747378752e-05,9191,0.0,0.0
2026-05-06 00:00:00-04:00,9.999999747378752e-05,9.999999747378752e-05,9.999999747378752e-05,9.999999747378752e-05,112,0.0,0.0
2026-05-07 00:00:00-04:00,9.999999747378752e-05,9.999999747378752e-05,9.999999747378752e-05,9.999999747378752e-05,0,0.0,0.0
2026-05-08 00:00:00-04:00,9.999999747378752e-05,9.999999747378752e-05,9.999999747378752e-05,9.999999747378752e-05,0,0.0,0.0
2026-05-11 00:00:00-04:00,9.999999747378752e-05,9.999999747378752e-05,9.999999747378752e-05,9.999999747378752e-05,0,0.0,0.0
2026-05-12 00:00:00-04:00,9.999999747378752e-05,9.999999747378752e-05,9.999999747378752e-05,9.999999747378752e-05,0,0.0,0.0
2026-05-13 00:00:00-04:00,9.999999747378752e-05,9.999999747378752e-05,9.999999747378752e-05,9.999999747378752e-05,0,0.0,0.0
2026-05-14 00:00:00-04:00,9.999999747378752e-05,9.999999747378752e-05,9.999999747378752e-05,9.999999747378752e-05,0,0.0,0.0
2026-05-15 00:00:00-04:00,9.999999747378752e-05,9.999999747378752e-05,9.999999747378752e-05,9.999999747378752e-05,0,0.0,0.0
2026-05-18 00:00:00-04:00,9.999999747378752e-05,9.999999747378752e-05,9.999999747378752e-05,9.999999747378752e-05,4705,0.0,0.0
2026-05-19 00:00:00-04:00,9.999999747378752e-05,9.999999747378752e-05,9.999999747378752e-05,9.999999747378752e-05,3046,0.0,0.0
2026-05-20 00:00:00-04:00,9.999999747378752e-05,9.999999747378752e-05,9.999999747378752e-05,9.999999747378752e-05,1301,0.0,0.0
2026-05-21 00:00:00-04:00,9.999999747378752e-05,9.999999747378752e-05,9.999999747378752e-05,9.999999747378752e-05,0,0.0,0.0
2026-05-22 00:00:00-04:00,9.999999747378752e-05,9.999999747378752e-05,9.999999747378752e-05,9.999999747378752e-05,0,0.0,0.0
2026-05-26 00:00:00-04:00,9.999999747378752e-05,9.999999747378752e-05,9.999999747378752e-05,9.999999747378752e-05,11620,0.0,0.0
2026-05-27 00:00:00-04:00,9.999999747378752e-05,9.999999747378752e-05,9.999999747378752e-05,9.999999747378752e-05,0,0.0,0.0
2026-05-28 00:00:00-04:00,9.999999747378752e-05,9.999999747378752e-05,9.999999747378752e-05,9.999999747378752e-05,0,0.0,0.0
2026-05-29 00:00:00-04:00,9.999999747378752e-05,9.999999747378752e-05,9.999999747378752e-05,9.999999747378752e-05,0,0.0,0.0
2026-06-01 00:00:00-04:00,9.999999747378752e-05,9.999999747378752e-05,9.999999747378752e-05,9.999999747378752e-05,0,0.0,0.0
2026-06-02 00:00:00-04:00,9.999999747378752e-05,9.999999747378752e-05,9.999999747378752e-05,9.999999747378752e-05,0,0.0,0.0
2026-06-03 00:00:00-04:00,9.999999747378752e-05,9.999999747378752e-05,9.999999747378752e-05,9.999999747378752e-05,0,0.0,0.0
2026-06-04 00:00:00-04:00,9.999999747378752e-05,9.999999747378752e-05,9.999999747378752e-05,9.999999747378752e-05,0,0.0,0.0
2026-06-05 00:00:00-04:00,9.999999747378752e-05,9.999999747378752e-05,9.999999747378752e-05,9.999999747378752e-05,0,0.0,0.0
2026-06-08 00:00:00-04:00,9.999999747378752e-05,9.999999747378752e-05,9.999999747378752e-05,9.999999747378752e-05,0,0.0,0.0
2026-06-09 00:00:00-04:00,9.999999747378752e-05,9.999999747378752e-05,9.999999747378752e-05,9.999999747378752e-05,0,0.0,0.0
2026-06-10 00:00:00-04:00,9.999999747378752e-05,9.999999747378752e-05,9.999999747378752e-05,9.999999747378752e-05,0,0.0,0.0
2026-06-11 00:00:00-04:00,9.999999747378752e-05,9.999999747378752e-05,9.999999747378752e-05,9.999999747378752e-05,0,0.0,0.0
2026-06-12 00:00:00-04:00,9.999999747378752e-05,9.999999747378752e-05,9.999999747378752e-05,9.999999747378752e-05,0,0.0,0.0
2026-06-15 00:00:00-04:00,9.999999747378752e-05,9.999999747378752e-05,9.999999747378752e-05,9.999999747378752e-05,0,0.0,0.0
2026-06-16 00:00:00-04:00,9.999999747378752e-05,9.999999747378752e-05,9.999999747378752e-05,9.999999747378752e-05,0,0.0,0.0
2026-06-17 00:00:00-04:00,9.999999747378752e-05,9.999999747378752e-05,9.999999747378752e-05,9.999999747378752e-05,0,0.0,0.0
2026-06-18 00:00:00-04:00,9.999999747378752e-05,9.999999747378752e-05,9.999999747378752e-05,9.999999747378752e-05,0,0.0,0.0
2026-06-22 00:00:00-04:00,9.999999747378752e-05,9.999999747378752e-05,9.999999747378752e-05,9.999999747378752e-05,0,0.0,0.0
2026-06-23 00:00:00-04:00,9.999999747378752e-05,9.999999747378752e-05,9.999999747378752e-05,9.999999747378752e-05,2555,0.0,0.0
2026-06-24 00:00:00-04:00,9.999999747378752e-05,9.999999747378752e-05,9.999999747378752e-05,9.999999747378752e-05,0,0.0,0.0
2026-06-25 00:00:00-04:00,9.999999747378752e-05,9.999999747378752e-05,9.999999747378752e-05,9.999999747378752e-05,0,0.0,0.0
2026-06-26 00:00:00-04:00,9.999999747378752e-05,9.999999747378752e-05,9.999999747378752e-05,9.999999747378752e-05,0,0.0,0.0
2026-06-29 00:00:00-04:00,9.999999747378752e-05,9.999999747378752e-05,9.999999747378752e-05,9.999999747378752e-05,0,0.0,0.0
2026-06-30 00:00:00-04:00,9.999999747378752e-05,9.999999747378752e-05,9.999999747378752e-05,9.999999747378752e-05,12050,0.0,0.0
2026-07-01 00:00:00-04:00,9.999999747378752e-05,9.999999747378752e-05,9.999999747378752e-05,9.999999747378752e-05,0,0.0,0.0
2026-07-02 00:00:00-04:00,9.999999747378752e-05,9.999999747378752e-05,9.999999747378752e-05,9.999999747378752e-05,0,0.0,0.0
2026-07-06 00:00:00-04:00,9.999999747378752e-05,9.999999747378752e-05,9.999999747378752e-05,9.999999747378752e-05,0,0.0,0.0
2026-07-07 00:00:00-04:00,9.999999747378752e-05,9.999999747378752e-05,9.999999747378752e-05,9.999999747378752e-05,0,0.0,0.0
2026-07-08 00:00:00-04:00,9.999999747378752e-05,9.999999747378752e-05,9.999999747378752e-05,9.999999747378752e-05,0,0.0,0.0
2026-07-09 00:00:00-04:00,9.999999747378752e-05,9.999999747378752e-05,9.999999747378752e-05,9.999999747378752e-05,0,0.0,0.0
2026-07-10 00:00:00-04:00,9.999999747378752e-05,9.999999747378752e-05,9.999999747378752e-05,9.999999747378752e-05,0,0.0,0.0
2026-07-13 00:00:00-04:00,9.999999747378752e-05,9.999999747378752e-05,9.999999747378752e-05,9.999999747378752e-05,0,0.0,0.0
2026-07-14 00:00:00-04:00,9.999999747378752e-05,9.999999747378752e-05,9.999999747378752e-05,9.999999747378752e-05,0,0.0,0.0
2026-07-15 00:00:00-04:00,9.999999747378752e-05,9.999999747378752e-05,9.999999747378752e-05,9.999999747378752e-05,0,0.0,0.0
2026-07-16 00:00:00-04:00,9.999999747378752e-05,9.999999747378752e-05,9.999999747378752e-05,9.999999747378752e-05,0,0.0,0.0
2026-07-17 00:00:00-04:00,9.999999747378752e-05,9.999999747378752e-05,9.999999747378752e-05,9.999999747378752e-05,0,0.0,0.0
2026-07-20 00:00:00-04:00,9.999999747378752e-05,9.999999747378752e-05,9.999999747378752e-05,9.999999747378752e-05,0,0.0,0.0
2026-07-21 00:00:00-04:00,9.999999747378752e-05,9.999999747378752e-05,9.999999747378752e-05,9.999999747378752e-05,0,0.0,0.0
2026-07-22 00:00:00-04:00,9.999999747378752e-05,9.999999747378752e-05,9.999999747378752e-05,9.999999747378752e-05,0,0.0,0.0
2026-07-23 00:00:00-04:00,9.999999747378752e-05,9.999999747378752e-05,9.999999747378752e-05,9.999999747378752e-05,0,0.0,0.0
2026-07-24 00:00:00-04:00,9.999999747378752e-05,9.999999747378752e-05,9.999999747378752e-05,9.999999747378752e-05,0,0.0,0.0
2026-07-27 00:00:00-04:00,9.999999747378752e-05,9.999999747378752e-05,9.999999747378752e-05,9.999999747378752e-05,263,0.0,0.0
2026-07-28 00:00:00-04:00,9.999999747378752e-05,9.999999747378752e-05,9.999999747378752e-05,9.999999747378752e-05,0,0.0,0.0
2026-07-29 00:00:00-04:00,9.999999747378752e-05,9.999999747378752e-05,9.999999747378752e-05,9.999999747378752e-05,0,0.0,0.0
2026-07-30 00:00:00-04:00,9.999999747378752e-05,9.999999747378752e-05,9.999999747378752e-05,9.999999747378752e-05,447,0.0,0.0
2026-07-31 00:00:00-04:00,9.999999747378752e-05,9.999999747378752e-05,9.999999747378752e-05,9.999999747378752e-05,0,0.0,0.0
2026-08-03 00:00:00-04:00,9.999999747378752e-05,9.999999747378752e-05,9.999999747378752e-05,9.999999747378752e-05,0,0.0,0.0
2026-08-04 00:00:00-04:00,9.999999747378752e-05,9.999999747378752e-05,9.999999747378752e-05,9.999999747378752e-05,0,0.0,0.0
2026-08-05 00:00:00-04:00,9.999999747378752e-05,9.999999747378752e-05,9.999999747378752e-05,9.999999747378752e-05,0,0.0,0.0
2026-08-06 00:00:00-04:00,9.999999747378752e-05,9.999999747378752e-05,9.999999747378752e-05,9.999999747378752e-05,3264,0.0,0.0
2026-08-07 00:00:00-04:00,9.999999747378752e-05,9.999999747378752e-05,9.999999747378752e-05,9.999999747378752e-05,0,0.0,0.0
2026-08-10 00:00:00-04:00,0.00019999999494757503,0.00019999999494757503,9.999999747378752e-05,9.999999747378752e-05,3394,0.0,0.0
2026-08-11 00:00:00-04:00,9.999999747378752e-05,9.999999747378752e-05,9.999999747378752e-05,9.999999747378752e-05,0,0.0,0.0
2026-08-12 00:00:00-04:00,9.999999747378752e-05,9.999999747378752e-05,9.999999747378752e-05,9.999999747378752e-05,0,0.0,0.0
2026-08-13 00:00:00-04:00,9.999999747378752e-05,9.999999747378752e-05,9.999999747378752e-05,9.999999747378752e-05,0,0.0,0.0
2026-08-14 00:00:00-04:00,9.999999747378752e-05,9.999999747378752e-05,9.999999747378752e-05,9.999999747378752e-05,0,0.0,0.0
2026-08-17 00:00:00-04:00,9.999999747378752e-05,9.999999747378752e-05,9.999999747378752e-05,9.999999747378752e-05,0,0.0,0.0
2026-08-18 00:00:00-04:00,9.999999747378752e-05,9.999999747378752e-05,9.999999747378752e-05,9.999999747378752e-05,0,0.0,0.0
2026-08-19 00:00:00-04:00,9.999999747378752e-05,9.999999747378752e-05,9.999999747378752e-05,9.999999747378752e-05,3584,0.0,0.0
2026-08-20 00:00:00-04:00,9.999999747378752e-05,9.999999747378752e-05,9.999999747378752e-05,9.999999747378752e-05,0,0.0,0.0
