Date,Open,High,Low,Close,Volume,Dividends,Stock Splits,Capital Gains
2012-02-03 00:00:00-05:00,23.19849395751953,23.19849395751953,23.19849395751953,23.19849395751953,100,0.0,0.0,0.0
2012-02-06 00:00:00-05:00,23.99724181092542,23.99724181092542,22.946712098107724,23.01616859436035,4100,0.0,0.0,0.0
2012-02-07 00:00:00-05:00,22.799114210243367,22.807796478271484,22.799114210243367,22.807796478271484,2300,0.0,0.0,0.0
2012-02-08 00:00:00-05:00,23.98855720231207,23.98855720231207,22.920663055588715,23.0595760345459,3700,0.0,0.0,0.0
2012-02-09 00:00:00-05:00,23.120350629617807,23.120350629617807,22.998802185058594,22.998802185058594,2500,0.0,0.0,0.0
2012-02-10 00:00:00-05:00,22.83383897997079,22.83383897997079,22.477874311940365,22.582059860229492,6200,0.0,0.0,0.0
2012-02-13 00:00:00-05:00,23.380814985204967,23.380814985204967,22.642838697374117,22.755704879760742,3500,0.0,0.0,0.0
2012-02-14 00:00:00-05:00,22.903300137326912,22.903300137326912,22.668885503758776,22.755704879760742,25600,0.0,0.0,0.0
2012-02-15 00:00:00-05:00,23.27662700749017,23.31135607907672,23.18112537257371,23.18980598449707,8900,0.0,0.0,0.0
2012-02-16 00:00:00-05:00,23.076946480404754,23.424229016729093,23.076946480404754,23.38081932067871,16600,0.0,0.0,0.0
2012-02-17 00:00:00-05:00,23.61522866981471,23.61522866981471,23.60654640197754,23.60654640197754,1600,0.0,0.0,0.0
2012-02-21 00:00:00-05:00,24.622345434098783,24.622345434098783,23.702045031698088,23.78886604309082,5000,0.0,0.0,0.0
2012-02-22 00:00:00-05:00,23.606551844632765,23.606551844632765,23.259269330943933,23.320043563842773,7600,0.0,0.0,0.0
2012-02-23 00:00:00-05:00,23.29399522811357,23.29399522811357,23.08562573355255,23.259267807006836,34000,0.0,0.0,0.0
2012-02-24 00:00:00-05:00,23.92778605645646,23.92778605645646,23.12903549680247,23.224538803100586,15700,0.0,0.0,0.0
2012-02-27 00:00:00-05:00,22.668887055696967,22.668887055696967,22.28687548243626,22.4952449798584,47000,0.0,0.0,0.0
2012-02-28 00:00:00-05:00,22.81648063659668,22.825162905344104,22.81648063659668,22.81648063659668,1000,0.0,0.0,0.0
2012-02-29 00:00:00-05:00,22.842521263229244,22.842521263229244,22.51260339602987,22.57337760925293,31500,0.0,0.0,0.0
2012-03-01 00:00:00-05:00,22.503921113005923,22.764382499769074,22.503921113005923,22.582059860229492,56000,0.0,0.0,0.0
2012-03-02 00:00:00-05:00,22.477881981816196,22.573385295670995,22.477881981816196,22.547338485717773,9600,0.0,0.0,0.0
2012-03-05 00:00:00-05:00,22.200053484446357,22.200053484446357,21.965637188994002,21.974319458007812,41100,0.0,0.0,0.0
2012-03-06 00:00:00-05:00,21.65308433329645,21.65308433329645,21.09743069414065,21.210298538208008,19100,0.0,0.0,0.0
2012-03-07 00:00:00-05:00,21.436031054890446,21.453393936157227,21.41866651765025,21.453393936157227,8100,0.0,0.0,0.0
2012-03-08 00:00:00-05:00,21.904863357543945,21.904863357543945,21.904863357543945,21.904863357543945,200,0.0,0.0,0.0
2012-03-09 00:00:00-05:00,22.38237346036646,22.434465408325195,22.36500892572249,22.434465408325195,11600,0.0,0.0,0.0
2012-03-12 00:00:00-04:00,22.66020294098616,22.66020294098616,22.139278411865234,22.139278411865234,1500,0.0,0.0,0.0
2012-03-13 00:00:00-04:00,22.573380175705328,22.82516098022461,22.573380175705328,22.82516098022461,2700,0.0,0.0,0.0
2012-03-14 00:00:00-04:00,22.686249938501973,22.686249938501973,22.4952449798584,22.4952449798584,155300,0.0,0.0,0.0
2012-03-15 00:00:00-04:00,22.46919822692871,22.46919822692871,22.46919822692871,22.46919822692871,300,0.0,0.0,0.0
2012-03-16 00:00:00-04:00,22.06982389344424,22.121915854226096,22.06982389344424,22.104551315307617,6200,0.0,0.0,0.0
2012-03-19 00:00:00-04:00,21.835407202089964,21.861454010009766,21.705176474438044,21.861454010009766,6000,0.0,0.0,0.0
2012-03-20 00:00:00-04:00,21.98299870669437,21.98299870669437,21.488121032714844,21.488121032714844,2500,0.0,0.0,0.0
2012-03-21 00:00:00-04:00,21.887496541252716,22.043774058112522,21.844086855890925,21.965635299682617,4000,0.0,0.0,0.0
2012-03-22 00:00:00-04:00,21.305800031164836,21.305800031164836,20.83696746826172,20.83696746826172,1300,0.0,0.0,0.0
2012-03-23 00:00:00-04:00,21.22765849335459,21.349206924438477,21.22765849335459,21.349206924438477,1400,0.0,0.0,0.0
2012-03-26 00:00:00-04:00,21.166883435195203,21.227659309045688,21.14952055578259,21.184247970581055,12600,0.0,0.0,0.0
2012-03-27 00:00:00-04:00,21.349206924438477,21.349206924438477,21.349206924438477,21.349206924438477,12100,0.0,0.0,0.0
2012-03-28 00:00:00-04:00,21.149519731473234,21.158201998827767,21.01060676574707,21.01060676574707,11000,0.0,0.0,0.0
2012-03-29 00:00:00-04:00,20.83696746826172,20.83696746826172,20.83696746826172,20.83696746826172,1100,0.0,0.0,0.0
2012-03-30 00:00:00-04:00,21.42734829129511,21.57494354248047,21.42734829129511,21.57494354248047,4700,0.0,0.0,0.0
2012-04-02 00:00:00-04:00,22.069823178177394,22.069823178177394,21.8093617267359,21.896181106567383,900,0.0,0.0,0.0
2012-04-03 00:00:00-04:00,22.139280003926807,22.139280003926807,21.861454010009766,21.861454010009766,400,0.0,0.0,0.0
2012-04-04 00:00:00-04:00,21.505489367743493,21.505489367743493,21.496807098388672,21.496807098388672,300,0.0,0.0,0.0
2012-04-05 00:00:00-04:00,21.392619217616968,21.57494354248047,21.392619217616968,21.57494354248047,1700,0.0,0.0,0.0
2012-04-09 00:00:00-04:00,21.462076204777325,21.462076204777325,21.401301980410057,21.453393936157227,600,0.0,0.0,0.0
2012-04-10 00:00:00-04:00,20.871698507871084,21.010611504930665,20.810922622680664,20.810922622680664,4100,0.0,0.0,0.0
2012-04-11 00:00:00-04:00,21.097429615956102,21.097429615956102,21.054019927978516,21.054019927978516,5500,0.0,0.0,0.0
2012-04-12 00:00:00-04:00,21.488124773988044,21.52285385131836,21.45339569665773,21.52285385131836,19400,0.0,0.0,0.0
2012-04-13 00:00:00-04:00,21.17557007925074,21.17557007925074,20.732784271240234,20.732784271240234,5400,0.0,0.0,0.0
2012-04-16 00:00:00-04:00,20.880373001098633,20.880373001098633,20.880373001098633,20.880373001098633,200,0.0,0.0,0.0
2012-04-17 00:00:00-04:00,21.21897959106792,21.496805566732732,21.21897959106792,21.436031341552734,17300,0.0,0.0,0.0
2012-04-18 00:00:00-04:00,21.097431182861328,21.097431182861328,21.097431182861328,21.097431182861328,1100,0.0,0.0,0.0
2012-04-19 00:00:00-04:00,21.097429687475568,21.20161525733779,20.90642474136386,21.019290924072266,22400,0.0,0.0,0.0
2012-04-20 00:00:00-04:00,21.07138446555893,21.07138446555893,21.054019927978516,21.054019927978516,5600,0.0,0.0,0.0
2012-04-23 00:00:00-04:00,20.489684766311022,20.489684766311022,20.072945819301587,20.18581199645996,22600,0.0,0.0,0.0
2012-04-24 00:00:00-04:00,20.454956341445683,20.454956341445683,20.437593460083008,20.437593460083008,4800,0.0,0.0,0.0
2012-04-25 00:00:00-04:00,20.437595423007764,20.446276036536116,20.411548614501953,20.411548614501953,16500,0.0,0.0,0.0
2012-04-26 00:00:00-04:00,20.359454342792247,20.507049595626857,20.359454342792247,20.48968505859375,3000,0.0,0.0,0.0
2012-04-27 00:00:00-04:00,20.359454342792247,20.48968505859375,20.359454342792247,20.48968505859375,1300,0.0,0.0,0.0
2012-04-30 00:00:00-04:00,20.47232020084152,20.524412155151367,20.47232020084152,20.524412155151367,7100,0.0,0.0,0.0
2012-05-01 00:00:00-04:00,20.71542219187647,20.71542219187647,20.5938720703125,20.5938720703125,3300,0.0,0.0,0.0
2012-05-02 00:00:00-04:00,20.22054100036621,20.22054100036621,20.22054100036621,20.22054100036621,600,0.0,0.0,0.0
2012-05-03 00:00:00-04:00,19.968763754317852,19.977446024232222,19.899307250976562,19.899307250976562,700,0.0,0.0,0.0
2012-05-04 00:00:00-04:00,19.456523895263672,19.456523895263672,19.44784162424527,19.456523895263672,6700,0.0,0.0,0.0
2012-05-07 00:00:00-04:00,19.456523895263672,19.456523895263672,19.456523895263672,19.456523895263672,0,0.0,0.0,0.0
2012-05-08 00:00:00-04:00,19.43915672900318,19.43915672900318,19.161330717815474,19.256834030151367,6400,0.0,0.0,0.0
2012-05-09 00:00:00-04:00,18.944274083354564,19.109233856201172,18.944274083354564,19.109233856201172,3600,0.0,0.0,0.0
2012-05-10 00:00:00-04:00,19.34365168495525,19.34365168495525,19.109235408079215,19.161327362060547,97100,0.0,0.0,0.0
2012-05-11 00:00:00-04:00,18.788000740145957,19.065826741660533,18.788000740145957,19.031099319458008,900,0.0,0.0,0.0
2012-05-14 00:00:00-04:00,18.66644859313965,18.66644859313965,18.66644859313965,18.66644859313965,300,0.0,0.0,0.0
2012-05-15 00:00:00-04:00,18.727224349975586,18.727224349975586,18.727224349975586,18.727224349975586,300,0.0,0.0,0.0
2012-05-16 00:00:00-04:00,18.38862419128418,18.38862419128418,18.38862419128418,18.38862419128418,10800,0.0,0.0,0.0
2012-05-17 00:00:00-04:00,18.11079950166057,18.128162384033203,18.11079950166057,18.128162384033203,500,0.0,0.0,0.0
2012-05-18 00:00:00-04:00,18.492808102048585,18.492808102048585,18.38862419128418,18.38862419128418,1300,0.0,0.0,0.0
2012-05-21 00:00:00-04:00,18.38862419128418,18.38862419128418,18.38862419128418,18.38862419128418,0,0.0,0.0,0.0
2012-05-22 00:00:00-04:00,17.90242465309164,18.241024769666243,17.71141810037938,18.10211181640625,10500,0.0,0.0,0.0
2012-05-23 00:00:00-04:00,17.49437141418457,17.49437141418457,17.49437141418457,17.49437141418457,3200,0.0,0.0,0.0
2012-05-24 00:00:00-04:00,18.032657589926604,18.223662510499807,17.945836569312153,18.05002212524414,20000,0.0,0.0,0.0
2012-05-25 00:00:00-04:00,18.05002212524414,18.05002212524414,18.05002212524414,18.05002212524414,0,0.0,0.0,0.0
2012-05-29 00:00:00-04:00,18.33653193306909,18.414669036865234,18.2931205909897,18.414669036865234,7000,0.0,0.0,0.0
2012-05-30 00:00:00-04:00,17.928474749633942,17.989248976477604,17.83297310286825,17.893747329711914,12400,0.0,0.0,0.0
2012-05-31 00:00:00-04:00,17.98056941436326,18.05870819091797,17.928477448651364,18.05870819091797,2600,0.0,0.0,0.0
2012-06-01 00:00:00-04:00,17.97188426476613,17.97188426476613,17.85033416748047,17.85033416748047,7900,0.0,0.0,0.0
2012-06-04 00:00:00-04:00,17.798243688254665,17.937156677246094,17.798243688254665,17.937156677246094,9900,0.0,0.0,0.0
2012-06-05 00:00:00-04:00,17.937156677246094,17.937156677246094,17.937156677246094,17.937156677246094,0,0.0,0.0,0.0
2012-06-06 00:00:00-04:00,18.51884989238629,18.623035430908203,18.51884989238629,18.623035430908203,6300,0.0,0.0,0.0
2012-06-07 00:00:00-04:00,18.918230073928843,19.222101179057095,18.892183269500713,18.909547805786133,9700,0.0,0.0,0.0
2012-06-08 00:00:00-04:00,18.84876817250932,18.88349723815918,18.84876817250932,18.88349723815918,900,0.0,0.0,0.0
2012-06-11 00:00:00-04:00,18.649083655998815,18.649083655998815,18.405986785888672,18.405986785888672,3300,0.0,0.0,0.0
2012-06-12 00:00:00-04:00,18.744586944580078,18.744586944580078,18.744586944580078,18.744586944580078,200,0.0,0.0,0.0
2012-06-13 00:00:00-04:00,18.935596812114646,18.935596812114646,18.892187118530273,18.892187118530273,3700,0.0,0.0,0.0
2012-06-14 00:00:00-04:00,18.623036959330012,18.727220850429504,18.5622610908867,18.692493438720703,3100,0.0,0.0,0.0
2012-06-15 00:00:00-04:00,18.944274834390434,18.97900390625,18.944274834390434,18.97900390625,2900,0.0,0.0,0.0
2012-06-18 00:00:00-04:00,18.527535287436887,18.709857940673828,18.518853019762762,18.709857940673828,9300,0.0,0.0,0.0
2012-06-19 00:00:00-04:00,18.79668004428455,18.874818801879883,18.79668004428455,18.874818801879883,400,0.0,0.0,0.0
2012-06-20 00:00:00-04:00,18.657768285042252,18.692497360009565,18.60567632856472,18.640403747558594,3600,0.0,0.0,0.0
2012-06-21 00:00:00-04:00,18.660449804960635,18.660449804960635,18.45998764038086,18.45998764038086,7600,0.083,0.0,0.0
2012-06-22 00:00:00-04:00,18.433837890625,18.433837890625,18.407691666301158,18.433837890625,2400,0.0,0.0,0.0
2012-06-25 00:00:00-04:00,18.2246655743967,18.294391632080078,18.2246655743967,18.294391632080078,1100,0.0,0.0,0.0
2012-06-26 00:00:00-04:00,18.33796686516578,18.494849208868587,18.33796686516578,18.451271057128906,5700,0.0,0.0,0.0
2012-06-27 00:00:00-04:00,18.555861748048596,18.660449981689453,18.547145784845192,18.660449981689453,9500,0.0,0.0,0.0
2012-06-28 00:00:00-04:00,18.53843026854091,18.53843026854091,18.468704223632812,18.468704223632812,11000,0.0,0.0,0.0
2012-06-29 00:00:00-04:00,19.59303754838538,19.662763595581055,19.566891319687063,19.662763595581055,9200,0.0,0.0,0.0
2012-07-02 00:00:00-04:00,19.00036560014752,19.64533362435227,19.00036560014752,19.63661766052246,2200,0.0,0.0,0.0
2012-07-03 00:00:00-04:00,20.107267379760742,20.107267379760742,20.107267379760742,20.107267379760742,300,0.0,0.0,0.0
2012-07-05 00:00:00-04:00,19.84579911040221,19.854515075683594,19.84579911040221,19.854515075683594,2800,0.0,0.0,0.0
2012-07-06 00:00:00-04:00,19.453584671020508,19.453584671020508,19.453584671020508,19.453584671020508,100,0.0,0.0,0.0
2012-07-09 00:00:00-04:00,19.453584671020508,19.453584671020508,19.453584671020508,19.453584671020508,0,0.0,0.0,0.0
2012-07-10 00:00:00-04:00,19.636614313903365,19.636614313903365,19.505876541137695,19.505876541137695,10500,0.0,0.0,0.0
2012-07-11 00:00:00-04:00,19.505876541137695,19.505876541137695,19.505876541137695,19.505876541137695,0,0.0,0.0,0.0
2012-07-12 00:00:00-04:00,19.165964079562816,19.19211196899414,19.165964079562816,19.19211196899414,600,0.0,0.0,0.0
2012-07-13 00:00:00-04:00,19.523311501189706,19.662763595581055,19.523311501189706,19.662763595581055,2100,0.0,0.0,0.0
2012-07-16 00:00:00-04:00,19.366426467895508,19.366426467895508,19.366426467895508,19.366426467895508,300,0.0,0.0,0.0
2012-07-17 00:00:00-04:00,19.45358281340152,19.45358281340152,19.24440470020794,19.34027862548828,15900,0.0,0.0,0.0
2012-07-18 00:00:00-04:00,19.340279723811776,19.340279723811776,19.218257904052734,19.218257904052734,1300,0.0,0.0,0.0
2012-07-19 00:00:00-04:00,19.540743493668963,19.558175421125963,19.523311566211962,19.54945945739746,4100,0.0,0.0,0.0
2012-07-20 00:00:00-04:00,19.261837005615234,19.261837005615234,19.261837005615234,19.261837005615234,300,0.0,0.0,0.0
2012-07-23 00:00:00-04:00,18.57328883381254,18.66916275024414,18.57328883381254,18.66916275024414,3700,0.0,0.0,0.0
2012-07-24 00:00:00-04:00,18.66916275024414,18.66916275024414,18.66916275024414,18.66916275024414,0,0.0,0.0,0.0
2012-07-25 00:00:00-04:00,18.756328582763672,18.756328582763672,18.756328582763672,18.756328582763672,300,0.0,0.0,0.0
2012-07-26 00:00:00-04:00,18.756328582763672,18.756328582763672,18.756328582763672,18.756328582763672,0,0.0,0.0,0.0
2012-07-27 00:00:00-04:00,18.756328582763672,18.756328582763672,18.756328582763672,18.756328582763672,0,0.0,0.0,0.0
2012-07-30 00:00:00-04:00,19.305418014526367,19.305418014526367,19.305418014526367,19.305418014526367,1700,0.0,0.0,0.0
2012-07-31 00:00:00-04:00,19.24440574645996,19.24440574645996,19.24440574645996,19.24440574645996,2400,0.0,0.0,0.0
2012-08-01 00:00:00-04:00,19.24440574645996,19.24440574645996,19.24440574645996,19.24440574645996,0,0.0,0.0,0.0
2012-08-02 00:00:00-04:00,19.148531109095153,19.148531109095153,18.895774841308594,18.895774841308594,7400,0.0,0.0,0.0
2012-08-03 00:00:00-04:00,18.895774841308594,18.895774841308594,18.895774841308594,18.895774841308594,0,0.0,0.0,0.0
2012-08-06 00:00:00-04:00,19.706340789794922,19.706340789794922,19.706340789794922,19.706340789794922,100,0.0,0.0,0.0
2012-08-07 00:00:00-04:00,20.081122212659857,20.115984406223426,20.011394500732422,20.011394500732422,11000,0.0,0.0,0.0
2012-08-08 00:00:00-04:00,20.011394500732422,20.011394500732422,20.011394500732422,20.011394500732422,0,0.0,0.0,0.0
2012-08-09 00:00:00-04:00,19.871938705444336,19.871938705444336,19.871938705444336,19.871938705444336,200,0.0,0.0,0.0
2012-08-10 00:00:00-04:00,19.871938705444336,19.871938705444336,19.871938705444336,19.871938705444336,0,0.0,0.0,0.0
2012-08-13 00:00:00-04:00,19.837075275353012,19.88936938389479,19.73248539586972,19.767349243164062,26000,0.0,0.0,0.0
2012-08-14 00:00:00-04:00,19.845794677734375,19.845794677734375,19.845794677734375,19.845794677734375,200,0.0,0.0,0.0
2012-08-15 00:00:00-04:00,19.784784644304953,19.81964683532715,19.784784644304953,19.81964683532715,500,0.0,0.0,0.0
2012-08-16 00:00:00-04:00,20.028826428714282,20.028826428714282,19.854512136096144,20.011394500732422,2700,0.0,0.0,0.0
2012-08-17 00:00:00-04:00,20.072405412964105,20.072405412964105,19.8283634185791,19.8283634185791,1400,0.0,0.0,0.0
2012-08-20 00:00:00-04:00,19.924238204956055,19.924238204956055,19.924238204956055,19.924238204956055,200,0.0,0.0,0.0
2012-08-21 00:00:00-04:00,20.37745475769043,20.37745475769043,20.37745475769043,20.37745475769043,300,0.0,0.0,0.0
2012-08-22 00:00:00-04:00,20.05497572913835,20.20314380258962,20.05497572913835,20.142133712768555,4800,0.0,0.0,0.0
2012-08-23 00:00:00-04:00,20.142133712768555,20.142133712768555,20.142133712768555,20.142133712768555,0,0.0,0.0,0.0
2012-08-24 00:00:00-04:00,20.081120824838756,20.081120824838756,20.072404861450195,20.072404861450195,2900,0.0,0.0,0.0
2012-08-27 00:00:00-04:00,20.04625752207997,20.04625752207997,19.8283634185791,19.8283634185791,600,0.0,0.0,0.0
2012-08-28 00:00:00-04:00,19.8283634185791,19.8283634185791,19.8283634185791,19.8283634185791,0,0.0,0.0,0.0
2012-08-29 00:00:00-04:00,19.662763595581055,19.662763595581055,19.662763595581055,19.662763595581055,200,0.0,0.0,0.0
2012-08-30 00:00:00-04:00,19.610467290242745,19.610467290242745,19.60175132751465,19.60175132751465,10200,0.0,0.0,0.0
2012-08-31 00:00:00-04:00,19.48844371056102,19.575599997719117,19.48844371056102,19.523305892944336,2200,0.0,0.0,0.0
2012-09-04 00:00:00-04:00,19.523305892944336,19.523305892944336,19.523305892944336,19.523305892944336,0,0.0,0.0,0.0
2012-09-05 00:00:00-04:00,19.331565856933594,19.331565856933594,19.331565856933594,19.331565856933594,100,0.0,0.0,0.0
2012-09-06 00:00:00-04:00,19.71505138714494,19.71505138714494,19.627893447875977,19.627893447875977,3200,0.0,0.0,0.0
2012-09-07 00:00:00-04:00,20.020109176635742,20.046257066926184,20.020109176635742,20.020109176635742,600,0.0,0.0,0.0
2012-09-10 00:00:00-04:00,20.020109176635742,20.020109176635742,20.020109176635742,20.020109176635742,0,0.0,0.0,0.0
2012-09-11 00:00:00-04:00,20.020109176635742,20.020109176635742,20.020109176635742,20.020109176635742,0,0.0,0.0,0.0
2012-09-12 00:00:00-04:00,20.360024785927184,20.360024785927184,20.33387689604114,20.351308822631836,1400,0.0,0.0,0.0
2012-09-13 00:00:00-04:00,20.220571504289737,20.69993782043457,20.211855541508932,20.69993782043457,55600,0.0,0.0,0.0
2012-09-14 00:00:00-04:00,21.42334876110172,21.44078068882275,21.371054640338777,21.41463279724121,13500,0.0,0.0,0.0
2012-09-17 00:00:00-04:00,21.362337548550176,21.475641747954135,21.257747650146484,21.257747650146484,21300,0.0,0.0,0.0
2012-09-18 00:00:00-04:00,21.353619478261198,21.353619478261198,21.057283401489258,21.057283401489258,37300,0.0,0.0,0.0
2012-09-19 00:00:00-04:00,21.344904229218756,21.405914306640625,21.222884074375017,21.405914306640625,22400,0.0,0.0,0.0
2012-09-20 00:00:00-04:00,21.29261336406416,21.31004529238779,21.240319241493445,21.283897399902344,4000,0.0,0.0,0.0
2012-09-21 00:00:00-04:00,21.283897399902344,21.283897399902344,21.283897399902344,21.283897399902344,0,0.0,0.0,0.0
2012-09-24 00:00:00-04:00,21.283897399902344,21.283897399902344,21.283897399902344,21.283897399902344,0,0.0,0.0,0.0
2012-09-25 00:00:00-04:00,21.85042077953997,22.17290478929055,21.85042077953997,22.059598922729492,2700,0.0,0.0,0.0
2012-09-26 00:00:00-04:00,21.745830921677143,21.876567043646347,21.59766287347205,21.667388916015625,5200,0.0,0.0,0.0
2012-09-27 00:00:00-04:00,21.955010293949563,22.13804054260254,21.955010293949563,22.13804054260254,2200,0.0,0.0,0.0
2012-09-28 00:00:00-04:00,22.13804054260254,22.13804054260254,22.13804054260254,22.13804054260254,0,0.0,0.0,0.0
2012-10-01 00:00:00-04:00,22.469237429014356,22.765573501586914,22.469237429014356,22.765573501586914,1700,0.0,0.0,0.0
2012-10-02 00:00:00-04:00,22.713277106232283,22.844013214111328,22.713277106232283,22.844013214111328,70900,0.0,0.0,0.0
2012-10-03 00:00:00-04:00,23.088056947712293,23.088056947712293,22.844014975098972,23.009614944458008,78200,0.0,0.0,0.0
2012-10-04 00:00:00-04:00,23.401825794146838,23.584856033325195,23.401825794146838,23.584856033325195,3400,0.0,0.0,0.0
2012-10-05 00:00:00-04:00,23.38439412642343,23.38439412642343,23.279804229736328,23.279804229736328,5700,0.0,0.0,0.0
2012-10-08 00:00:00-04:00,22.59997301176507,22.72199315794635,22.582541087339223,22.704561233520508,3000,0.0,0.0,0.0
2012-10-09 00:00:00-04:00,22.89631111352689,22.89631111352689,22.425659086573866,22.477954864501953,42100,0.0,0.0,0.0
2012-10-10 00:00:00-04:00,22.190331796243058,22.190331796243058,22.05959568374545,22.094459533691406,1200,0.0,0.0,0.0
2012-10-11 00:00:00-04:00,22.53024552993208,22.53024552993208,22.39950942993164,22.39950942993164,44300,0.0,0.0,0.0
2012-10-12 00:00:00-04:00,22.251344829878516,22.251344829878516,22.042166705216903,22.085744857788086,7000,0.0,0.0,0.0
2012-10-15 00:00:00-04:00,22.164187610364912,22.32107162475586,22.164187610364912,22.32107162475586,20600,0.0,0.0,0.0
2012-10-16 00:00:00-04:00,22.25134223844074,22.25134223844074,22.06831036167813,22.103174209594727,21700,0.0,0.0,0.0
2012-10-17 00:00:00-04:00,22.922458981286866,22.922458981286866,22.13804054260254,22.13804054260254,6900,0.0,0.0,0.0
2012-10-18 00:00:00-04:00,21.92886166559152,22.800438048683077,21.902713775634766,21.902713775634766,349500,0.0,0.0,0.0
2012-10-19 00:00:00-04:00,21.84170465401751,21.88528447252598,21.649958439780516,21.8591365814209,31600,0.0,0.0,0.0
2012-10-22 00:00:00-04:00,22.05088516189323,22.164191039773783,22.024738930382544,22.03345489501953,37600,0.0,0.0,0.0
2012-10-23 00:00:00-04:00,21.641239928187744,21.885281895903077,21.641239928187744,21.87656593322754,1000,0.0,0.0,0.0
2012-10-24 00:00:00-04:00,21.937576733881777,22.04216662704162,21.719682646998724,21.745830535888672,198200,0.0,0.0,0.0
2012-10-25 00:00:00-04:00,22.21648516519543,22.21648516519543,21.920149017138975,22.03345489501953,33900,0.0,0.0,0.0
2012-10-26 00:00:00-04:00,22.033453502156522,22.033453502156522,21.78069553086303,21.81555938720703,3700,0.0,0.0,0.0
2012-10-31 00:00:00-04:00,22.06831241790792,22.06831241790792,21.536650324440178,21.545366287231445,2400,0.0,0.0,0.0
2012-11-01 00:00:00-04:00,22.103178741560708,22.103178741560708,21.789410695576375,22.059598922729492,5100,0.0,0.0,0.0
2012-11-02 00:00:00-04:00,22.44309261942424,22.44309261942424,22.13804054260254,22.13804054260254,1000,0.0,0.0,0.0
2012-11-05 00:00:00-05:00,21.554086063328068,21.824275970458984,21.554086063328068,21.824275970458984,600,0.0,0.0,0.0
2012-11-06 00:00:00-05:00,22.007304688636175,22.007304688636175,21.806842510250366,21.832988739013672,2300,0.0,0.0,0.0
2012-11-07 00:00:00-05:00,21.798126220703125,21.798126220703125,21.798126220703125,21.798126220703125,100,0.0,0.0,0.0
2012-11-08 00:00:00-05:00,21.937580108642578,21.937580108642578,21.937580108642578,21.937580108642578,200,0.0,0.0,0.0
2012-11-09 00:00:00-05:00,21.667388295632062,21.667388295632062,21.658672332763672,21.658672332763672,600,0.0,0.0,0.0
2012-11-12 00:00:00-05:00,21.676101812585596,21.676101812585596,21.510501861572266,21.510501861572266,500,0.0,0.0,0.0
2012-11-13 00:00:00-05:00,21.414627696662738,21.527933537461863,21.414627696662738,21.423343658447266,9600,0.0,0.0,0.0
2012-11-14 00:00:00-05:00,21.501787420021497,21.519219345023835,21.196735382080078,21.196735382080078,93400,0.0,0.0,0.0
2012-11-15 00:00:00-05:00,21.69353485107422,21.69353485107422,21.69353485107422,21.69353485107422,200,0.0,0.0,0.0
2012-11-16 00:00:00-05:00,20.95270020265112,21.07472038269043,20.95270020265112,21.07472038269043,800,0.0,0.0,0.0
2012-11-19 00:00:00-05:00,21.22288545894528,21.266463613546797,21.074717405940078,21.257747650146484,900,0.0,0.0,0.0
2012-11-20 00:00:00-05:00,21.065999409318326,21.065999409318326,21.03113555908203,21.03113555908203,400,0.0,0.0,0.0
2012-11-21 00:00:00-05:00,21.03113555908203,21.03113555908203,21.03113555908203,21.03113555908203,0,0.0,0.0,0.0
2012-11-23 00:00:00-05:00,21.275181435740528,21.283897399902344,21.275181435740528,21.283897399902344,1000,0.0,0.0,0.0
2012-11-26 00:00:00-05:00,21.231603277331626,21.29261336406416,21.231603277331626,21.283897399902344,10400,0.0,0.0,0.0
2012-11-27 00:00:00-05:00,21.728403328054473,21.728403328054473,21.493077264146226,21.53665542602539,13600,0.0,0.0,0.0
2012-11-28 00:00:00-05:00,21.52793507288746,21.52793507288746,21.47563929845043,21.501787185668945,6000,0.0,0.0,0.0
2012-11-29 00:00:00-05:00,22.329788992520193,22.329788992520193,22.17290496826172,22.17290496826172,1700,0.0,0.0,0.0
2012-11-30 00:00:00-05:00,22.20776443138184,22.547680329625383,22.20776443138184,22.443090438842773,9800,0.0,0.0,0.0
2012-12-03 00:00:00-05:00,22.495382975074577,22.495382975074577,22.364646867566858,22.39079475402832,8800,0.0,0.0,0.0
2012-12-04 00:00:00-05:00,22.39079475402832,22.39079475402832,22.39079475402832,22.39079475402832,0,0.0,0.0,0.0
2012-12-05 00:00:00-05:00,22.6174077450995,22.6871337890625,22.469239693878112,22.6871337890625,9800,0.0,0.0,0.0
2012-12-06 00:00:00-05:00,22.81786632604152,22.8614444732666,22.695846183891486,22.8614444732666,3000,0.0,0.0,0.0
2012-12-07 00:00:00-05:00,22.870164704402814,22.870164704402814,22.5651126296834,22.669702529907227,4100,0.0,0.0,0.0
2012-12-10 00:00:00-05:00,22.87887954711914,22.87887954711914,22.87887954711914,22.87887954711914,1000,0.0,0.0,0.0
2012-12-11 00:00:00-05:00,22.71327815238692,22.809152078367333,22.66098403930664,22.66098403930664,10700,0.0,0.0,0.0
2012-12-12 00:00:00-05:00,22.66098403930664,22.66098403930664,22.66098403930664,22.66098403930664,0,0.0,0.0,0.0
2012-12-13 00:00:00-05:00,22.504103326307398,22.512819290161133,22.504103326307398,22.512819290161133,2800,0.0,0.0,0.0
2012-12-14 00:00:00-05:00,22.56510863118473,22.56510863118473,22.469236373901367,22.469236373901367,2100,0.0,0.0,0.0
2012-12-17 00:00:00-05:00,22.469236373901367,22.469236373901367,22.469236373901367,22.469236373901367,0,0.0,0.0,0.0
2012-12-18 00:00:00-05:00,22.547679850566055,23.1316360442288,22.547679850566055,22.66098403930664,138300,0.0,0.0,0.0
2012-12-19 00:00:00-05:00,22.74814228809253,22.791720439139493,22.70456247464567,22.721994400024414,43200,0.0,0.0,0.0
2012-12-20 00:00:00-05:00,22.756859820657603,22.783006048129508,22.72199596749504,22.774290084838867,306400,0.0,0.0,0.0
2012-12-21 00:00:00-05:00,22.329784769425473,22.338499069213867,22.23391084775509,22.338499069213867,267700,0.0,0.0,0.0
2012-12-24 00:00:00-05:00,22.504098937228395,22.504098937228395,22.303636794889908,22.39079475402832,3300,0.0,0.0,0.0
2012-12-26 00:00:00-05:00,22.652267122642787,22.704561233520508,22.652267122642787,22.704561233520508,9400,0.0,0.0,0.0
2012-12-27 00:00:00-05:00,22.58254175700902,23.0793399810791,22.355931719952522,23.0793399810791,323500,0.0,0.0,0.0
2012-12-28 00:00:00-05:00,22.53896565972146,22.669701783898958,22.434375762939453,22.434375762939453,310300,0.0,0.0,0.0
2012-12-31 00:00:00-05:00,22.669698298116586,22.8614444732666,22.34721435649181,22.8614444732666,106000,0.0,0.0,0.0
2013-01-02 00:00:00-05:00,23.332098719516917,23.332098719516917,23.122920600105775,23.28851890563965,26700,0.0,0.0,0.0
2013-01-03 00:00:00-05:00,23.166501949372908,23.305954048229616,23.114207827901676,23.192649841308594,60000,0.0,0.0,0.0
2013-01-04 00:00:00-05:00,23.00961394370786,23.0793399810791,22.913741681322314,23.0793399810791,7100,0.0,0.0,0.0
2013-01-07 00:00:00-05:00,22.852729800955437,22.852729800955437,22.608689502883813,22.765573501586914,30400,0.0,0.0,0.0
2013-01-08 00:00:00-05:00,22.983471703889965,22.983471703889965,22.765577591523318,22.826587677001953,176100,0.0,0.0,0.0
2013-01-09 00:00:00-05:00,22.861450763678892,22.913746549618075,22.81787260446312,22.89631462097168,40900,0.0,0.0,0.0
2013-01-10 00:00:00-05:00,22.931171659129546,23.035761545087652,22.85272966026093,23.018329620361328,26000,0.0,0.0,0.0
2013-01-11 00:00:00-05:00,23.05319293711589,23.05319293711589,22.756856873215288,22.870161056518555,170000,0.0,0.0,0.0
2013-01-14 00:00:00-05:00,23.375678457013215,23.375678457013215,23.218794441210438,23.253658294677734,1800,0.0,0.0,0.0
2013-01-15 00:00:00-05:00,23.2798047536289,23.340816497802734,23.218794671855115,23.340816497802734,101400,0.0,0.0,0.0
2013-01-16 00:00:00-05:00,23.210075999233876,23.218791961669922,22.93117185087986,23.218791961669922,85700,0.0,0.0,0.0
2013-01-17 00:00:00-05:00,23.401825178640507,23.5935713759365,23.401825178640507,23.576139450073242,94000,0.0,0.0,0.0
2013-01-18 00:00:00-05:00,23.51512852073367,23.78531837463379,23.506412558117546,23.78531837463379,53600,0.0,0.0,0.0
2013-01-22 00:00:00-05:00,23.706878662109375,23.72430892662442,23.62843665339151,23.706878662109375,20200,0.0,0.0,0.0
2013-01-23 00:00:00-05:00,23.741735199913936,23.741735199913936,23.488978969434203,23.567420959472656,181900,0.0,0.0,0.0
2013-01-24 00:00:00-05:00,23.584856810846826,23.584856810846826,23.271090438711422,23.4279727935791,24700,0.0,0.0,0.0
2013-01-25 00:00:00-05:00,23.532559484594525,23.56742333363473,23.332097339812826,23.43668556213379,14600,0.0,0.0,0.0
2013-01-28 00:00:00-05:00,23.619719273520058,23.619719273520058,23.43668737668764,23.488983154296875,2000,0.0,0.0,0.0
2013-01-29 00:00:00-05:00,23.62843575501349,23.672013908244285,23.497697970521138,23.63715171813965,1400,0.0,0.0,0.0
2013-01-30 00:00:00-05:00,23.794036540652467,23.794036540652467,23.619722247208955,23.759174346923828,23700,0.0,0.0,0.0
2013-01-31 00:00:00-05:00,23.66329574584961,23.672011708165705,23.541275598223958,23.66329574584961,43900,0.0,0.0,0.0
2013-02-01 00:00:00-05:00,23.71559696685797,23.881196975708008,23.48027256337672,23.881196975708008,69500,0.0,0.0,0.0
2013-02-04 00:00:00-05:00,23.523845445961893,23.523845445961893,23.27980346992377,23.349531173706055,9200,0.0,0.0,0.0
2013-02-05 00:00:00-05:00,23.454120683923737,23.46283664737195,23.3931106021863,23.4279727935791,10500,0.0,0.0,0.0
2013-02-06 00:00:00-05:00,23.34953045527561,23.480266571044922,23.34953045527561,23.480266571044922,30000,0.0,0.0,0.0
2013-02-07 00:00:00-05:00,23.33209911292841,23.33209911292841,23.035763023166005,23.122920989990234,6600,0.0,0.0,0.0
2013-02-08 00:00:00-05:00,23.16650030832778,23.18393223505008,22.878880167009942,22.887596130371094,424500,0.0,0.0,0.0
2013-02-11 00:00:00-05:00,22.878876397116535,22.878876397116535,22.756856254966504,22.8614444732666,36100,0.0,0.0,0.0
2013-02-12 00:00:00-05:00,22.82658783254331,23.10549203228906,22.817871868501236,23.027050018310547,30900,0.0,0.0,0.0
2013-02-13 00:00:00-05:00,23.000898030455797,23.000898030455797,22.93117199293535,22.966035842895508,30000,0.0,0.0,0.0
2013-02-14 00:00:00-05:00,22.652267122642787,22.76557296901096,22.652267122642787,22.704561233520508,24900,0.0,0.0,0.0
2013-02-15 00:00:00-05:00,22.504099270485085,22.573825306348407,22.364647198758437,22.425657272338867,63600,0.0,0.0,0.0
2013-02-19 00:00:00-05:00,22.62612305529712,23.000901181716312,22.62612305529712,22.983470916748047,343100,0.0,0.0,0.0
2013-02-20 00:00:00-05:00,22.922454253148793,22.931170214963036,22.71327615680611,22.800434112548828,6700,0.0,0.0,0.0
2013-02-21 00:00:00-05:00,22.364651185466453,22.364651185466453,22.129325149078742,22.17290496826172,22000,0.0,0.0,0.0
2013-02-22 00:00:00-05:00,22.373363825416615,22.451805825892162,22.364647862874904,22.408226013183594,98200,0.0,0.0,0.0
2013-02-25 00:00:00-05:00,22.477954289903614,22.73071056049505,22.40822658778193,22.443090438842773,21500,0.0,0.0,0.0
2013-02-26 00:00:00-05:00,22.164184812649303,22.364646955778465,22.164184812649303,22.338499069213867,103500,0.0,0.0,0.0
2013-02-27 00:00:00-05:00,22.547682705372917,22.660986908459176,22.495386923271486,22.617408752441406,9300,0.0,0.0,0.0
2013-02-28 00:00:00-05:00,22.07703040601015,22.07703040601015,21.754546402748854,21.798126220703125,32100,0.0,0.0,0.0
2013-03-01 00:00:00-05:00,21.69353553062691,21.702251493900608,21.588947296142578,21.588947296142578,3000,0.0,0.0,0.0
2013-03-04 00:00:00-05:00,21.60638123634354,21.81555938720703,21.510507293797712,21.81555938720703,279600,0.0,0.0,0.0
2013-03-05 00:00:00-05:00,22.042166705216903,22.164186862336187,22.042166705216903,22.085744857788086,62700,0.0,0.0,0.0
2013-03-06 00:00:00-05:00,22.155469318238893,22.207763430072387,22.103175206405396,22.12060546875,20900,0.0,0.0,0.0
2013-03-07 00:00:00-05:00,22.547684708460068,22.582546903891345,22.521536815086428,22.565114974975586,4000,0.0,0.0,0.0
2013-03-08 00:00:00-05:00,22.983468388873,23.03576250282632,22.791720533710976,22.97475242614746,96400,0.0,0.0,0.0
2013-03-11 00:00:00-04:00,23.05319322663359,23.05319322663359,22.852729419195168,22.931171417236328,11200,0.0,0.0,0.0
2013-03-12 00:00:00-04:00,22.98347080047415,22.98347080047415,22.68713468631164,22.756860733032227,78000,0.0,0.0,0.0
2013-03-13 00:00:00-04:00,22.565109873694173,22.591257761156577,22.364647723682026,22.57382583618164,449000,0.0,0.0,0.0
2013-03-14 00:00:00-04:00,22.573824992617947,22.870161056518555,22.573824992617947,22.870161056518555,38300,0.0,0.0,0.0
2013-03-15 00:00:00-04:00,22.730708743382646,22.791718815462005,22.721992781314196,22.783002853393555,28600,0.0,0.0,0.0
2013-03-18 00:00:00-04:00,22.72199387366885,22.72199387366885,22.521531723656704,22.57382583618164,3900,0.0,0.0,0.0
2013-03-19 00:00:00-04:00,22.207762896099442,22.207762896099442,21.815554573178886,21.972436904907227,11700,0.0,0.0,0.0
2013-03-20 00:00:00-04:00,22.042168053045824,22.042168053045824,21.88528403435652,21.963726043701172,3600,0.0,0.0,0.0
2013-03-21 00:00:00-04:00,21.85912942571396,21.85912942571396,21.615087509155273,21.615087509155273,14700,0.0,0.0,0.0
2013-03-22 00:00:00-04:00,21.6673847724769,21.789404907993774,21.6673847724769,21.71967887878418,498400,0.0,0.0,0.0
2013-03-25 00:00:00-04:00,21.87657151949126,21.87657151949126,21.501793340741678,21.676109313964844,45200,0.0,0.0,0.0
2013-03-26 00:00:00-04:00,21.780691909769804,21.815555760317604,21.623807907104492,21.623807907104492,425900,0.0,0.0,0.0
2013-03-27 00:00:00-04:00,21.5889452462309,21.84170150756836,21.562797358892603,21.84170150756836,140200,0.0,0.0,0.0
2013-03-28 00:00:00-04:00,21.832990249717547,21.91143226623535,21.832990249717547,21.91143226623535,3000,0.0,0.0,0.0
2013-04-01 00:00:00-04:00,21.92014279538334,21.92014279538334,21.815554574226095,21.88528060913086,16600,0.0,0.0,0.0
2013-04-02 00:00:00-04:00,22.12060704736504,22.129323010359272,21.998586890245758,22.085744857788086,154000,0.0,0.0,0.0
2013-04-03 00:00:00-04:00,21.928863418884923,21.937579382900715,21.623811327932835,21.702253341674805,222600,0.0,0.0,0.0
2013-04-04 00:00:00-04:00,21.449493212283695,21.449493212283695,21.1793033631454,21.3361873626709,98400,0.0,0.0,0.0
2013-04-05 00:00:00-04:00,20.91782804046711,21.231595993041992,20.91782804046711,21.231595993041992,59300,0.0,0.0,0.0
2013-04-08 00:00:00-04:00,21.362334826742828,21.44949278724097,21.344902902163234,21.440776824951172,59600,0.0,0.0,0.0
2013-04-09 00:00:00-04:00,21.362336154882126,21.449494120799052,21.2751781889652,21.405914306640625,306100,0.0,0.0,0.0
2013-04-10 00:00:00-04:00,21.56279902100027,21.667388916015625,21.56279902100027,21.667388916015625,18900,0.0,0.0,0.0
2013-04-11 00:00:00-04:00,21.719682410442452,21.74583029904762,21.606378217953278,21.658672332763672,189600,0.0,0.0,0.0
2013-04-12 00:00:00-04:00,21.135725306971764,21.327471494797866,21.074715231863454,21.196735382080078,182500,0.0,0.0,0.0
2013-04-15 00:00:00-04:00,21.51922042081582,21.51922042081582,21.00499024433849,21.01370620727539,80600,0.0,0.0,0.0
2013-04-16 00:00:00-04:00,21.87656493402893,22.007301043390893,21.78069101137691,21.946290969848633,115200,0.0,0.0,0.0
2013-04-17 00:00:00-04:00,21.859136303439026,21.859136303439026,21.641242200867904,21.798126220703125,310200,0.0,0.0,0.0
2013-04-18 00:00:00-04:00,22.05088100581117,22.155470899341957,21.998586890245758,22.085744857788086,8500,0.0,0.0,0.0
2013-04-19 00:00:00-04:00,22.373366918124646,22.45180892944336,22.24263078672682,22.45180892944336,180200,0.0,0.0,0.0
2013-04-22 00:00:00-04:00,22.399511047890012,22.460521121470443,22.286205200612223,22.425657272338867,34600,0.0,0.0,0.0
2013-04-23 00:00:00-04:00,22.44309038614451,22.591258428005347,22.425658460655022,22.556394577026367,769700,0.0,0.0,0.0
2013-04-24 00:00:00-04:00,22.66098403930664,22.704562189806893,22.61740588880639,22.66098403930664,212300,0.0,0.0,0.0
2013-04-25 00:00:00-04:00,22.791722743399426,22.791722743399426,22.556396714194445,22.6435546875,124200,0.0,0.0,0.0
2013-04-26 00:00:00-04:00,22.53896157366401,22.53896157366401,22.23390956428563,22.26005744934082,21900,0.0,0.0,0.0
2013-04-29 00:00:00-04:00,22.5128185587417,22.669702578211687,22.495386631600574,22.6435546875,35500,0.0,0.0,0.0
2013-04-30 00:00:00-04:00,22.83530086315025,23.14906721635754,22.774289122693325,23.122920989990234,130300,0.0,0.0,0.0
2013-05-01 00:00:00-04:00,22.957321600026837,22.957321600026837,22.835301440826086,22.852731704711914,18100,0.0,0.0,0.0
2013-05-02 00:00:00-04:00,23.079340126312413,23.314666127321157,23.079340126312413,23.305950164794922,132700,0.0,0.0,0.0
2013-05-03 00:00:00-04:00,23.19264664708513,23.366960915448388,23.19264664708513,23.20136260986328,781300,0.0,0.0,0.0
2013-05-06 00:00:00-04:00,23.201367442287413,23.201367442287413,23.070629635784755,23.131641387939453,389900,0.0,0.0,0.0
2013-05-07 00:00:00-04:00,23.28851823974245,23.393108127657406,23.218792201932438,23.305950164794922,107400,0.0,0.0,0.0
2013-05-08 00:00:00-04:00,23.349533340462017,23.497699737548828,23.349533340462017,23.497699737548828,11600,0.0,0.0,0.0
2013-05-09 00:00:00-04:00,23.17521577382624,23.27980400711316,23.044479651017593,23.10548973083496,27400,0.0,0.0,0.0
2013-05-10 00:00:00-04:00,22.966037923322144,23.166500091552734,22.966037923322144,23.166500091552734,42500,0.0,0.0,0.0
2013-05-13 00:00:00-04:00,22.78300825126265,22.809156143663092,22.721998164728465,22.748146057128906,276200,0.0,0.0,0.0
2013-05-14 00:00:00-04:00,22.896309230551267,22.966035266321207,22.83529915705255,22.931171417236328,648700,0.0,0.0,0.0
2013-05-15 00:00:00-04:00,23.33209991455078,23.38439403148201,23.244941944732062,23.33209991455078,30000,0.0,0.0,0.0
2013-05-16 00:00:00-04:00,23.506411978280152,23.506411978280152,23.340813679858343,23.358243942260742,32700,0.0,0.0,0.0
2013-05-17 00:00:00-04:00,23.332097339812826,23.44540152439384,23.332097339812826,23.43668556213379,5000,0.0,0.0,0.0
2013-05-20 00:00:00-04:00,23.29723734753863,23.39311128587092,23.288521383835686,23.32338523864746,17900,0.0,0.0,0.0
2013-05-21 00:00:00-04:00,23.16649981065233,23.16649981065233,23.018331761495865,23.10548973083496,48000,0.0,0.0,0.0
2013-05-22 00:00:00-04:00,22.94860444274839,23.149066597404246,22.66098432359871,22.721994400024414,35500,0.0,0.0,0.0
2013-05-23 00:00:00-04:00,22.251345859311762,22.399513912268556,22.251345859311762,22.382081985473633,18200,0.0,0.0,0.0
2013-05-24 00:00:00-04:00,22.364648818969727,22.41694293405572,22.286206815140766,22.364648818969727,450000,0.0,0.0,0.0
2013-05-28 00:00:00-04:00,22.922458774584204,22.922458774584204,22.660986518180607,22.695850372314453,48600,0.0,0.0,0.0
2013-05-29 00:00:00-04:00,22.565113133348113,22.565113133348113,22.443092965696824,22.45180892944336,25800,0.0,0.0,0.0
2013-05-30 00:00:00-04:00,22.460525169438842,22.608693230152102,22.460525169438842,22.512819290161133,14800,0.0,0.0,0.0
2013-05-31 00:00:00-04:00,22.216481472860675,22.24262936242591,21.81555714059375,21.86785125732422,265700,0.0,0.0,0.0
2013-06-03 00:00:00-04:00,21.8155598111726,22.120610248110133,21.8155598111726,22.0770320892334,58100,0.0,0.0,0.0
2013-06-04 00:00:00-04:00,21.88528290189208,21.911429128720638,21.798124933530268,21.806840896606445,67200,0.0,0.0,0.0
2013-06-05 00:00:00-04:00,21.867847650721107,21.867847650721107,21.54536371553626,21.562795639038086,46200,0.0,0.0,0.0
2013-06-06 00:00:00-04:00,21.745834672810997,21.780696868896484,21.597666599047063,21.780696868896484,74900,0.0,0.0,0.0
2013-06-07 00:00:00-04:00,21.46692101955014,21.7022469919232,21.46692101955014,21.606374740600586,1106300,0.0,0.0,0.0
2013-06-10 00:00:00-04:00,21.144441941417423,21.179304130130106,21.065999938813984,21.092147827148438,49000,0.0,0.0,0.0
2013-06-11 00:00:00-04:00,20.717370753460006,20.743516980673967,20.569202703780906,20.630212783813477,24700,0.0,0.0,0.0
2013-06-12 00:00:00-04:00,20.978838865948255,20.978838865948255,20.53433480450411,20.54305076599121,67100,0.0,0.0,0.0
2013-06-13 00:00:00-04:00,20.482046510652538,20.778382635713566,20.473330546691905,20.76966667175293,29700,0.0,0.0,0.0
2013-06-14 00:00:00-04:00,21.05728546553871,21.08343335572275,20.830675404477113,20.891685485839844,283400,0.0,0.0,0.0
2013-06-17 00:00:00-04:00,21.170586117246028,21.170586117246028,20.926544189453125,20.926544189453125,137700,0.0,0.0,0.0
2013-06-18 00:00:00-04:00,20.70865619568735,20.882970484410578,20.691224268094995,20.848108291625977,1787600,0.0,0.0,0.0
2013-06-19 00:00:00-04:00,20.900402533731828,20.900402533731828,20.281584062200043,20.342594146728516,1256300,0.0,0.0,0.0
2013-06-20 00:00:00-04:00,20.403608084074683,20.403608084074683,19.270559168420302,19.410011291503906,2243700,0.0,0.0,0.0
2013-06-21 00:00:00-04:00,20.13341258933693,20.13341258933693,19.59303455921211,19.871938705444336,888500,0.0,0.0,0.0
2013-06-24 00:00:00-04:00,20.612778728810436,20.612778728810436,19.401288229269138,19.55817222595215,246500,0.0,0.0,0.0
2013-06-25 00:00:00-04:00,19.6104652149689,19.90680126676485,19.54945514472851,19.880653381347656,1414000,0.0,0.0,0.0
2013-06-26 00:00:00-04:00,19.366423311277803,19.767349243164062,19.366423311277803,19.767349243164062,112900,0.0,0.0,0.0
2013-06-27 00:00:00-04:00,20.115985818959413,20.220575731795716,19.976533710111188,20.142133712768555,88400,0.0,0.0,0.0
2013-06-28 00:00:00-04:00,20.447177222827847,20.516904915989123,20.368736892820817,20.464609146118164,98800,0.0,0.0,0.0
2013-07-01 00:00:00-04:00,20.90911540953984,20.90911540953984,20.525621368912716,20.551769256591797,717500,0.0,0.0,0.0
2013-07-02 00:00:00-04:00,20.525621896109982,20.665073975847125,20.272865624986377,20.307727813720703,104600,0.0,0.0,0.0
2013-07-03 00:00:00-04:00,20.028823425013563,20.24671750490901,19.924235197607693,20.133413314819336,705300,0.0,0.0,0.0
2013-07-05 00:00:00-04:00,20.638925735082953,20.638925735082953,19.802211675941876,19.94166374206543,1289600,0.0,0.0,0.0
2013-07-08 00:00:00-04:00,20.238004577296135,20.238004577296135,19.90680625764157,20.011394500732422,1116000,0.0,0.0,0.0
2013-07-09 00:00:00-04:00,20.281583214281767,20.386171451272276,20.22928743338646,20.246719360351562,493200,0.0,0.0,0.0
2013-07-10 00:00:00-04:00,20.21185565499984,20.290297658067622,20.063687611694025,20.081119537353516,831300,0.0,0.0,0.0
2013-07-11 00:00:00-04:00,20.874256183014513,20.90911837579911,20.63893014771804,20.848108291625977,638400,0.0,0.0,0.0
2013-07-12 00:00:00-04:00,20.917834339595288,20.961412496176067,20.804530135045198,20.848108291625977,898500,0.0,0.0,0.0
2013-07-15 00:00:00-04:00,21.031137264784597,21.310043102095634,21.02242296391864,21.222885131835938,177800,0.0,0.0,0.0
2013-07-16 00:00:00-04:00,21.031137264784597,21.388485109089363,21.0049910373867,21.222885131835938,135500,0.0,0.0,0.0
2013-07-17 00:00:00-04:00,21.100867821201152,21.257751868740254,21.100867821201152,21.179309844970703,178600,0.0,0.0,0.0
2013-07-18 00:00:00-04:00,21.26646328576578,21.379769145823392,21.17930531550608,21.222885131835938,123900,0.0,0.0,0.0
2013-07-19 00:00:00-04:00,21.214167597724494,21.231599522965656,21.100861746056843,21.170589447021484,80100,0.0,0.0,0.0
2013-07-22 00:00:00-04:00,21.17059001330482,21.31875639461826,21.144442124743662,21.29261016845703,389600,0.0,0.0,0.0
2013-07-23 00:00:00-04:00,21.17930321577013,21.318755289400233,21.074714991747477,21.109577178955078,165200,0.0,0.0,0.0
2013-07-24 00:00:00-04:00,21.14444367049171,21.222885679509698,20.865539488383337,20.978843688964844,355500,0.0,0.0,0.0
2013-07-25 00:00:00-04:00,20.970125488589268,20.996273376272754,20.839389374971606,20.943979263305664,3535500,0.0,0.0,0.0
2013-07-26 00:00:00-04:00,20.813240296170743,20.917830178519246,20.717368038284384,20.90039825439453,983600,0.0,0.0,0.0
2013-07-29 00:00:00-04:00,20.57791972304494,20.60406595160072,20.490761748925458,20.534339904785156,115200,0.0,0.0,0.0
2013-07-30 00:00:00-04:00,19.932950109200192,19.99396018236979,19.828360224909588,19.83707618713379,201100,0.0,0.0,0.0
2013-07-31 00:00:00-04:00,19.723777258863237,20.011397463547308,19.671483129575332,19.854515075683594,61000,0.0,0.0,0.0
2013-08-01 00:00:00-04:00,20.037543851133726,20.19442788958893,19.976533761156766,20.115985870361328,34500,0.0,0.0,0.0
2013-08-02 00:00:00-04:00,19.741205444698736,19.941667620943516,19.741205444698736,19.8283634185791,837500,0.0,0.0,0.0
2013-08-05 00:00:00-04:00,19.63662029129614,19.680198453883342,19.549462303721388,19.593040466308594,66700,0.0,0.0,0.0
2013-08-06 00:00:00-04:00,19.235690791567983,19.235690791567983,19.052660546380636,19.174680709838867,34600,0.0,0.0,0.0
2013-08-07 00:00:00-04:00,19.035226867426527,19.13110079411921,19.00036301684741,19.009078979492188,72000,0.0,0.0,0.0
2013-08-08 00:00:00-04:00,19.47972774936529,19.58431595891485,19.296695889054135,19.523305892944336,221000,0.0,0.0,0.0
2013-08-09 00:00:00-04:00,19.514590218133385,19.601748168970175,19.4884439965621,19.497159957885742,93300,0.0,0.0,0.0
2013-08-12 00:00:00-04:00,19.497166695595546,19.54074485487359,19.40129275030359,19.427440643310547,12800,0.0,0.0,0.0
2013-08-13 00:00:00-04:00,19.72377105247259,19.7499189400889,19.619182826807087,19.706340789794922,75300,0.0,0.0,0.0
2013-08-14 00:00:00-04:00,19.863226604403625,19.906804758676728,19.828362751065125,19.845794677734375,14400,0.0,0.0,0.0
2013-08-15 00:00:00-04:00,19.610469818115234,19.64533367352172,19.505879914295896,19.610469818115234,52800,0.0,0.0,0.0
2013-08-16 00:00:00-04:00,18.86962488241957,18.913204690979256,18.634298903396388,18.66916275024414,506000,0.0,0.0,0.0
2013-08-19 00:00:00-04:00,18.172368890778284,18.172368890778284,17.902180663057393,17.945758819580078,620800,0.0,0.0,0.0
2013-08-20 00:00:00-04:00,18.076495951003146,18.303106034730696,18.076495951003146,18.242095947265625,60600,0.0,0.0,0.0
2013-08-21 00:00:00-04:00,17.579693306046245,17.579693306046245,17.30078916763477,17.361799240112305,72700,0.0,0.0,0.0
2013-08-22 00:00:00-04:00,17.771438803285783,17.89346060595573,17.75400854210413,17.88474464416504,97300,0.0,0.0,0.0
2013-08-23 00:00:00-04:00,18.18108139498899,18.32924942633223,18.18108139498899,18.259523391723633,84100,0.0,0.0,0.0
2013-08-26 00:00:00-04:00,18.18979728863139,18.207227550418068,17.91960745094051,17.98061752319336,49300,0.0,0.0,0.0
2013-08-27 00:00:00-04:00,16.865004874021082,16.99574101085532,16.83014101758519,16.85628890991211,161800,0.0,0.0,0.0
2013-08-28 00:00:00-04:00,16.3507725497926,17.091612780873813,16.3507725497926,16.769128799438477,204500,0.0,0.0,0.0
2013-08-29 00:00:00-04:00,17.152625765824137,17.318225766101573,17.074183747924312,17.091615676879883,43900,0.0,0.0,0.0
2013-08-30 00:00:00-04:00,17.466392898813638,17.754013061523438,17.387950885129136,17.754013061523438,1598600,0.0,0.0,0.0
2013-09-03 00:00:00-04:00,17.03931589127698,17.117757890768267,16.891147854726754,16.97830581665039,978500,0.0,0.0,0.0
2013-09-04 00:00:00-04:00,17.562266642343403,17.963192708201916,17.509972516327178,17.919612884521484,78400,0.0,0.0,0.0
2013-09-05 00:00:00-04:00,18.03291014827311,18.433834360185468,18.015478227129226,18.40768814086914,240500,0.0,0.0,0.0
2013-09-06 00:00:00-04:00,18.730178486779753,18.930640679606473,18.651736470038824,18.782472610473633,50100,0.0,0.0,0.0
2013-09-09 00:00:00-04:00,19.06137855277485,19.436155046764107,19.052662588393677,19.375144958496094,85600,0.0,0.0,0.0
2013-09-10 00:00:00-04:00,19.92423323118913,19.92423323118913,19.741201357693303,19.767349243164062,91000,0.0,0.0,0.0
2013-09-11 00:00:00-04:00,19.871941136806335,19.967815072203923,19.79349912828104,19.932952880859375,56700,0.0,0.0,0.0
2013-09-12 00:00:00-04:00,19.802215128110326,19.802215128110326,19.540742874145508,19.540742874145508,488700,0.0,0.0,0.0
2013-09-13 00:00:00-04:00,19.61046931507823,19.854511309463234,19.532027304825913,19.8283634185791,70000,0.0,0.0,0.0
2013-09-16 00:00:00-04:00,19.9416696668817,19.9416696668817,19.671481416292377,19.688913345336914,75100,0.0,0.0,0.0
2013-09-17 00:00:00-04:00,19.688908859931214,19.810929010644593,19.688908859931214,19.79349708557129,45700,0.0,0.0,0.0
2013-09-18 00:00:00-04:00,19.65404822079376,20.76966667175293,19.593038135469456,20.76966667175293,290800,0.0,0.0,0.0
2013-09-19 00:00:00-04:00,20.935267961076995,20.978846121183718,20.67379401323592,20.76095199584961,1119700,0.0,0.0,0.0
2013-09-20 00:00:00-04:00,20.299017802692486,20.299017802692486,20.063691745009685,20.115985870361328,264800,0.0,0.0,0.0
2013-09-23 00:00:00-04:00,19.89808901341377,20.072404957216623,19.89808901341377,20.020109176635742,89200,0.0,0.0,0.0
2013-09-24 00:00:00-04:00,19.90680341499703,20.0724033823771,19.871939564011786,19.96781349182129,202900,0.0,0.0,0.0
2013-09-25 00:00:00-04:00,19.99396296251237,20.046257080729216,19.871941136806335,19.932952880859375,257700,0.0,0.0,0.0
2013-09-26 00:00:00-04:00,20.21185240552027,20.299010357405326,20.098546569349796,20.203136444091797,64800,0.0,0.0,0.0
2013-09-27 00:00:00-04:00,19.793499792195046,19.828363647109047,19.471017446241067,19.54945945739746,146400,0.0,0.0,0.0
2013-09-30 00:00:00-04:00,19.270556610069242,19.54946081920924,19.261840645733592,19.427440643310547,85700,0.0,0.0,0.0
2013-10-01 00:00:00-04:00,19.523311388992003,19.86322732171755,19.47973323314518,19.802215576171875,508700,0.0,0.0,0.0
2013-10-02 00:00:00-04:00,19.88937277185188,19.95909881591797,19.706342529578407,19.95909881591797,162000,0.0,0.0,0.0
2013-10-03 00:00:00-04:00,20.333874797083624,20.333874797083624,20.020106800439777,20.15084457397461,511800,0.0,0.0,0.0
2013-10-04 00:00:00-04:00,20.421038292444603,20.604068565152158,20.38617443341442,20.42975425720215,338300,0.0,0.0,0.0
2013-10-07 00:00:00-04:00,20.490765289080247,20.604069511330888,20.42975519537603,20.47333335876465,61300,0.0,0.0,0.0
2013-10-08 00:00:00-04:00,20.299016325232643,20.31644659081435,19.967816343177926,20.011394500732422,70000,0.0,0.0,0.0
2013-10-09 00:00:00-04:00,20.560491347942264,20.560491347942264,20.368745101671806,20.47333335876465,260500,0.0,0.0,0.0
2013-10-10 00:00:00-04:00,20.97884291645197,21.310042867309786,20.970126953282026,21.135726928710938,365100,0.0,0.0,0.0
2013-10-11 00:00:00-04:00,20.943983109592413,21.283897399902344,20.943983109592413,21.283897399902344,732200,0.0,0.0,0.0
2013-10-14 00:00:00-04:00,21.257744895524194,21.597660774489157,21.170588597615055,21.554080963134766,305200,0.0,0.0,0.0
2013-10-15 00:00:00-04:00,21.527937514451263,21.536651815445907,20.874255221450518,20.891685485839844,120800,0.0,0.0,0.0
2013-10-16 00:00:00-04:00,20.935264148548033,21.1793044605438,20.909116259805653,21.127010345458984,35600,0.0,0.0,0.0
2013-10-17 00:00:00-04:00,21.00498948203024,21.196735672483335,20.978841594168497,21.170589447021484,38200,0.0,0.0,0.0
2013-10-18 00:00:00-04:00,21.684818421023486,21.684818421023486,21.37105207175718,21.43206214904785,586800,0.0,0.0,0.0
2013-10-21 00:00:00-04:00,21.6063765829015,21.6063765829015,21.283892630774695,21.327470779418945,128300,0.0,0.0,0.0
2013-10-22 00:00:00-04:00,21.344909694455527,21.710971915114722,21.344909694455527,21.597667694091797,46400,0.0,0.0,0.0
2013-10-23 00:00:00-04:00,21.362336983929445,21.362336983929445,21.066000885751397,21.135726928710938,76800,0.0,0.0,0.0
2013-10-24 00:00:00-04:00,21.196736441750396,21.196736441750396,20.9701263925909,21.01370620727539,99300,0.0,0.0,0.0
2013-10-25 00:00:00-04:00,21.336193892509804,21.336193892509804,21.02242745983197,21.179309844970703,20800,0.0,0.0,0.0
2013-10-28 00:00:00-04:00,21.301325705526832,21.301325705526832,20.94397954766684,21.004989624023438,21000,0.0,0.0,0.0
2013-10-29 00:00:00-04:00,21.275184787326808,21.46693104189297,21.275184787326808,21.388490676879883,35200,0.0,0.0,0.0
2013-10-30 00:00:00-04:00,21.493070647679644,21.493070647679644,21.2141665077506,21.3797664642334,111200,0.0,0.0,0.0
2013-10-31 00:00:00-04:00,21.510504641366502,21.545366831011524,21.20545258557274,21.214168548583984,1007000,0.0,0.0,0.0
2013-11-01 00:00:00-04:00,21.397204980014326,21.458216738758527,21.196742759913278,21.388490676879883,181600,0.0,0.0,0.0
2013-11-04 00:00:00-05:00,21.405913828380427,21.623807907104492,21.379767602869467,21.623807907104492,125100,0.0,0.0,0.0
2013-11-05 00:00:00-05:00,21.083430576677987,21.371050681190592,21.083430576677987,21.188018798828125,504600,0.0,0.0,0.0
2013-11-06 00:00:00-05:00,21.039851521641104,21.118293522272896,20.97012548356839,21.03113555908203,158000,0.0,0.0,0.0
2013-11-07 00:00:00-05:00,20.943977949123536,20.97884013478079,20.525620084438092,20.560483932495117,83400,0.0,0.0,0.0
2013-11-08 00:00:00-05:00,20.508193461616337,20.508193461616337,20.176993495908256,20.36002540588379,494100,0.0,0.0,0.0
2013-11-11 00:00:00-05:00,20.351307681254692,20.36873960686774,20.14212956109789,20.19442367553711,348700,0.0,0.0,0.0
2013-11-12 00:00:00-05:00,20.081118862081187,20.081118862081187,19.68019289739456,19.79349708557129,443200,0.0,0.0,0.0
2013-11-13 00:00:00-05:00,19.906800446439803,20.17698860168457,19.79349461003416,20.17698860168457,124100,0.0,0.0,0.0
2013-11-14 00:00:00-05:00,20.10726303066514,20.482041069408485,20.098547069019983,20.464609146118164,305500,0.0,0.0,0.0
2013-11-15 00:00:00-05:00,20.55177255993748,20.8219607931166,20.55177255993748,20.76966667175293,540900,0.0,0.0,0.0
2013-11-18 00:00:00-05:00,21.12700814904878,21.29260810240116,21.05728211538458,21.065998077392578,89200,0.0,0.0,0.0
2013-11-19 00:00:00-05:00,21.092146094966818,21.118292318754108,20.90039825439453,20.90039825439453,129000,0.0,0.0,0.0
2013-11-20 00:00:00-05:00,20.769665212812214,20.81324336715415,20.42103499087664,20.577919006347656,122400,0.0,0.0,0.0
2013-11-21 00:00:00-05:00,20.307724656434136,20.307724656434136,20.15084233792063,20.203136444091797,273400,0.0,0.0,0.0
2013-11-22 00:00:00-05:00,20.23800097236055,20.52562108322769,20.220570709883642,20.490758895874023,134900,0.0,0.0,0.0
2013-11-25 00:00:00-05:00,20.69121790364156,20.69121790364156,20.447175979614258,20.447175979614258,143500,0.0,0.0,0.0
2013-11-26 00:00:00-05:00,20.7173753959819,20.7173753959819,20.246723251862992,20.47333335876465,311600,0.0,0.0,0.0
2013-11-27 00:00:00-05:00,20.53433857075284,20.612780576124305,20.473328491552806,20.569202423095703,160900,0.0,0.0,0.0
2013-11-29 00:00:00-05:00,20.978838707959866,20.978838707959866,20.82195472717285,20.82195472717285,153000,0.0,0.0,0.0
2013-12-02 00:00:00-05:00,21.03985525418294,21.10086534051998,20.699940966076475,20.71737289428711,1992900,0.0,0.0,0.0
2013-12-03 00:00:00-05:00,20.85682464895914,20.90911877032281,20.66507676662545,20.76966667175293,321100,0.0,0.0,0.0
2013-12-04 00:00:00-05:00,20.87425369259175,21.31875615636426,20.87425369259175,21.20545196533203,343000,0.0,0.0,0.0
2013-12-05 00:00:00-05:00,21.19673600257572,21.32747211912057,21.161873813950386,21.20545196533203,260400,0.0,0.0,0.0
2013-12-06 00:00:00-05:00,21.519221423418784,21.85041971845203,21.493073533389833,21.789409637451172,811100,0.0,0.0,0.0
2013-12-09 00:00:00-05:00,21.876567548078032,21.989871746423926,21.81555746724563,21.902713775634766,99700,0.0,0.0,0.0
2013-12-10 00:00:00-05:00,21.815557246641195,21.815557246641195,21.684819460579497,21.7283992767334,499500,0.0,0.0,0.0
2013-12-11 00:00:00-05:00,21.58022865158659,21.632522762331362,21.283892586699874,21.353618621826172,55900,0.0,0.0,0.0
2013-12-12 00:00:00-05:00,20.900398498278708,21.05728249243223,20.813240539037885,20.98755645751953,89500,0.0,0.0,0.0
2013-12-13 00:00:00-05:00,21.092148598345403,21.092148598345403,20.76094865026561,20.935264587402344,128500,0.0,0.0,0.0
2013-12-16 00:00:00-05:00,21.144445419311523,21.231603399029087,21.100865598252646,21.144445419311523,187300,0.0,0.0,0.0
2013-12-17 00:00:00-05:00,20.97884306894619,21.057285075645865,20.874254834946626,20.97012710571289,105800,0.0,0.0,0.0
2013-12-18 00:00:00-05:00,21.142525308442732,21.676339605792776,20.906246684783262,21.40505599975586,350300,0.097,0.0,0.0
2013-12-19 00:00:00-05:00,21.046256674817226,21.046256674817226,20.696215306481363,20.774974822998047,1353600,0.0,0.0,0.0
2013-12-20 00:00:00-05:00,21.2212832168341,21.51006762271038,21.2212832168341,21.448810577392578,301400,0.0,0.0,0.0
2013-12-23 00:00:00-05:00,21.16002491431239,21.492563855906944,21.16002491431239,21.38755226135254,856600,0.0,0.0,0.0
2013-12-24 00:00:00-05:00,21.422555240550373,21.422555240550373,21.1862766527409,21.396303176879883,72800,0.0,0.0,0.0
2013-12-26 00:00:00-05:00,21.457562823230266,21.457562823230266,21.230035452058466,21.238786697387695,65600,0.0,0.0,0.0
2013-12-27 00:00:00-05:00,21.448808013348895,21.49256256359414,21.38755097535391,21.466310501098633,77700,0.0,0.0,0.0
2013-12-30 00:00:00-05:00,21.475067138671875,21.5538250150684,21.440062154380513,21.475067138671875,554000,0.0,0.0,0.0
2013-12-31 00:00:00-05:00,21.553818967677856,21.68508595281115,21.405051164438635,21.667583465576172,107400,0.0,0.0,0.0
2014-01-02 00:00:00-05:00,21.335046578986745,21.335046578986745,20.643714904785156,20.643714904785156,338700,0.0,0.0,0.0
2014-01-03 00:00:00-05:00,21.072514829350414,21.090017318725586,20.967501562228648,21.090017318725586,125900,0.0,0.0,0.0
2014-01-06 00:00:00-05:00,21.160027906913193,21.160027906913193,20.888745968630303,20.98500633239746,26600,0.0,0.0,0.0
2014-01-07 00:00:00-05:00,20.932497024536133,20.96750033210364,20.8274837635753,20.932497024536133,80700,0.0,0.0,0.0
2014-01-08 00:00:00-05:00,20.827485029419826,20.993755340576172,20.827485029419826,20.993755340576172,103800,0.0,0.0,0.0
2014-01-09 00:00:00-05:00,21.072514519473984,21.09876825315067,20.748725147311752,20.958751678466797,259300,0.0,0.0,0.0
2014-01-10 00:00:00-05:00,21.247536366402525,21.518818274965195,21.16002558873188,21.41380500793457,156800,0.0,0.0,0.0
2014-01-13 00:00:00-05:00,21.57132371822268,21.737594026142318,21.326295547740287,21.378801345825195,175100,0.0,0.0,0.0
2014-01-14 00:00:00-05:00,21.47506111337855,21.667583465576172,21.3963015899502,21.667583465576172,204800,0.0,0.0,0.0
2014-01-15 00:00:00-05:00,21.798854167376266,21.86011121870429,21.772600430037343,21.816356658935547,90400,0.0,0.0,0.0
2014-01-16 00:00:00-05:00,21.68508880501031,21.903864916835612,21.66758631547326,21.737594604492188,91200,0.0,0.0,0.0
2014-01-17 00:00:00-05:00,21.518821112590317,21.5363236042583,21.361302025837418,21.440061569213867,331700,0.0,0.0,0.0
2014-01-21 00:00:00-05:00,21.335045474943914,21.536320764325176,21.3087934100332,21.41380500793457,101300,0.0,0.0,0.0
2014-01-22 00:00:00-05:00,21.61508305171279,21.693842594739728,21.536323508685854,21.676340103149414,39100,0.0,0.0,0.0
2014-01-23 00:00:00-05:00,21.562574730191265,21.588828466545763,21.256289485035797,21.370052337646484,178900,0.0,0.0,0.0
2014-01-24 00:00:00-05:00,20.950000230854627,20.993754784095795,20.652464595252884,20.6787166595459,233400,0.0,0.0,0.0
2014-01-27 00:00:00-05:00,20.512446469332257,20.512446469332257,20.188657124816007,20.389930725097656,125400,0.0,0.0,0.0
2014-01-28 00:00:00-05:00,20.564952850341797,20.661214865890255,20.529947874095402,20.564952850341797,162500,0.0,0.0,0.0
2014-01-29 00:00:00-05:00,20.451190742094237,21.868858947837058,20.074895579727563,20.17115592956543,144600,0.0,0.0,0.0
2014-01-30 00:00:00-05:00,20.34617734209277,20.678716280363897,20.34617734209277,20.599958419799805,72200,0.0,0.0,0.0
2014-01-31 00:00:00-05:00,20.38993413889683,20.599960687283108,20.32867709108807,20.45119285583496,144600,0.0,0.0,0.0
2014-02-03 00:00:00-05:00,20.346180419297287,20.346180419297287,19.943633134764287,19.96113395690918,130500,0.0,0.0,0.0
2014-02-04 00:00:00-05:00,20.38993350359677,20.538701330409676,20.34617894770504,20.512449264526367,461900,0.0,0.0,0.0
2014-02-05 00:00:00-05:00,20.328674645102815,20.468691214427025,20.267417604664622,20.319923400878906,109400,0.0,0.0,0.0
2014-02-06 00:00:00-05:00,20.468689850869247,20.79247918906741,20.416184058152727,20.73122215270996,145700,0.0,0.0,0.0
2014-02-07 00:00:00-05:00,20.6087051970677,20.871237483445956,20.57370189369464,20.75747299194336,83100,0.0,0.0,0.0
2014-02-10 00:00:00-05:00,20.608712262298415,20.608712262298415,20.31117657054372,20.3986873626709,110200,0.0,0.0,0.0
2014-02-11 00:00:00-05:00,20.241161331441305,20.809980450696386,20.241161331441305,20.75747299194336,348200,0.0,0.0,0.0
2014-02-12 00:00:00-05:00,20.897493028843158,20.94124925176806,20.70497065536129,20.72247314453125,93000,0.0,0.0,0.0
2014-02-13 00:00:00-05:00,20.381182058172666,20.556201934814453,20.17115553559586,20.556201934814453,73000,0.0,0.0,0.0
2014-02-14 00:00:00-05:00,20.60870924332317,20.879992826089982,20.60870924332317,20.801233291625977,27700,0.0,0.0,0.0
2014-02-18 00:00:00-05:00,20.80998167634927,20.976250298139764,20.696217178146245,20.73122215270996,112700,0.0,0.0,0.0
2014-02-19 00:00:00-05:00,20.853736922319797,20.90624271679097,20.61745834350586,20.61745834350586,101200,0.0,0.0,0.0
2014-02-20 00:00:00-05:00,20.66996546483314,20.932496101970877,20.582454696077534,20.90624237060547,51500,0.0,0.0,0.0
2014-02-21 00:00:00-05:00,20.897492990406136,21.081265788094242,20.871240925828715,21.002506256103516,39500,0.0,0.0,0.0
2014-02-24 00:00:00-05:00,21.028763436328838,21.273791647899678,21.028763436328838,21.151277542114258,43100,0.0,0.0,0.0
2014-02-25 00:00:00-05:00,21.247537096535577,21.25628834151629,20.932498953747242,20.976253509521484,206600,0.0,0.0,0.0
2014-02-26 00:00:00-05:00,21.14252311772184,21.168776851784596,21.002506540978988,21.090017318725586,675300,0.0,0.0,0.0
2014-02-27 00:00:00-05:00,21.221282936144842,21.413805314472814,21.212531691339578,21.361299514770508,83200,0.0,0.0,0.0
2014-02-28 00:00:00-05:00,21.265033363111453,21.440054886983305,21.20377633049499,21.230030059814453,555000,0.0,0.0,0.0
2014-03-03 00:00:00-05:00,21.16877467687229,21.16877467687229,20.879990308369145,20.90624237060547,160900,0.0,0.0,0.0
2014-03-04 00:00:00-05:00,21.51881853729737,21.51881853729737,21.440059003346573,21.457561492919922,23700,0.0,0.0,0.0
2014-03-05 00:00:00-05:00,21.641333874163333,21.720093412656393,21.553823090378888,21.658836364746094,134300,0.0,0.0,0.0
2014-03-06 00:00:00-05:00,21.98262503814039,22.262658201700383,21.877611767240737,22.1401424407959,790100,0.0,0.0,0.0
2014-03-07 00:00:00-05:00,22.306411782915884,22.315163027535917,21.973872833000843,22.026378631591797,1525200,0.0,0.0,0.0
2014-03-10 00:00:00-04:00,22.24515375582966,22.280157063632394,22.14014049416311,22.23640251159668,391600,0.0,0.0,0.0
2014-03-11 00:00:00-04:00,22.262657894719776,22.288909960235713,21.96512224525769,22.00887680053711,463800,0.0,0.0,0.0
2014-03-12 00:00:00-04:00,22.131393124280763,22.218902237071795,22.061383163441004,22.18389892578125,818800,0.0,0.0,0.0
2014-03-13 00:00:00-04:00,22.148893452088213,22.148893452088213,21.728843711180495,21.772598266601562,1618200,0.0,0.0,0.0
2014-03-14 00:00:00-04:00,21.947616548397505,22.11388683859578,21.877608268702815,21.90386199951172,173900,0.0,0.0,0.0
2014-03-17 00:00:00-04:00,22.140142970716145,22.455181121826172,22.140142970716145,22.455181121826172,360800,0.0,0.0,0.0
2014-03-18 00:00:00-04:00,22.30641299137911,22.393923773191144,22.140142672849173,22.323915481567383,1287500,0.0,0.0,0.0
2014-03-19 00:00:00-04:00,22.218901672047714,22.25390665157742,21.65883535260673,21.825105667114258,273900,0.0,0.0,0.0
2014-03-20 00:00:00-04:00,21.86010795400296,22.16639483403008,21.825104645241435,22.131391525268555,175500,0.0,0.0,0.0
2014-03-21 00:00:00-04:00,22.315168153714577,22.323919400344924,22.02638369143169,22.043886184692383,304400,0.0,0.0,0.0
2014-03-24 00:00:00-04:00,22.6127004778823,22.6127004778823,22.33266730414607,22.542692184448242,1153800,0.0,0.0,0.0
2014-03-25 00:00:00-04:00,22.9102290440307,22.9102290440307,22.647696773145782,22.76146125793457,811800,0.0,0.0,0.0
2014-03-26 00:00:00-04:00,22.831478824890432,22.831478824890432,22.6564572397119,22.673959732055664,1006500,0.0,0.0,0.0
2014-03-27 00:00:00-04:00,22.656458747650024,22.81397785096874,22.586450442745004,22.778974533081055,342800,0.0,0.0,0.0
2014-03-28 00:00:00-04:00,23.146510125735336,23.251521710303603,22.813969546634723,23.076501846313477,151900,0.0,0.0,0.0
2014-03-31 00:00:00-04:00,23.111510570282004,23.23402467071317,23.085256833419855,23.129013061523438,130100,0.0,0.0,0.0
2014-04-01 00:00:00-04:00,23.391544267675517,23.44405174255371,23.234025181299874,23.44405174255371,365200,0.0,0.0,0.0
2014-04-02 00:00:00-04:00,23.479053167732822,23.505306903059747,23.39154238577241,23.487804412841797,142700,0.0,0.0,0.0
2014-04-03 00:00:00-04:00,23.137764307144153,23.181518866118303,22.971493978609406,23.129013061523438,378700,0.0,0.0,0.0
2014-04-04 00:00:00-04:00,23.28652962931967,23.505305738819843,23.041499785792947,23.094005584716797,384500,0.0,0.0,0.0
2014-04-07 00:00:00-04:00,23.06775253461745,23.260274901868623,23.041498801712173,23.120258331298828,464000,0.0,0.0,0.0
2014-04-08 00:00:00-04:00,23.2777805521511,23.409045896248106,23.260278061170325,23.321535110473633,244900,0.0,0.0,0.0
2014-04-09 00:00:00-04:00,23.51405716066394,23.715330782329588,23.304030625127567,23.69782829284668,286100,0.0,0.0,0.0
2014-04-10 00:00:00-04:00,23.461548513421555,23.601565083991346,23.01524506880689,23.120258331298828,1399400,0.0,0.0,0.0
2014-04-11 00:00:00-04:00,23.13776174371441,23.330284118652344,23.076504700285486,23.330284118652344,1094600,0.0,0.0,0.0
2014-04-14 00:00:00-04:00,23.356536890546764,23.452797239486127,23.225271564444586,23.400291442871094,430900,0.0,0.0,0.0
2014-04-15 00:00:00-04:00,23.330284183568004,23.33903542824352,22.953989008167028,23.094005584716797,244900,0.0,0.0,0.0
2014-04-16 00:00:00-04:00,22.997745208209505,23.094005561284014,22.813972408468615,23.050251007080078,46700,0.0,0.0,0.0
2014-04-17 00:00:00-04:00,23.260278317546273,23.42654864543747,23.085256744068232,23.365291595458984,86200,0.0,0.0,0.0
2014-04-21 00:00:00-04:00,23.26027587450602,23.365289141389127,23.23402214050293,23.23402214050293,24500,0.0,0.0,0.0
2014-04-22 00:00:00-04:00,23.190269450304303,23.26027774414382,23.07650659873861,23.146514892578125,968000,0.0,0.0,0.0
2014-04-23 00:00:00-04:00,23.269023927559857,23.269023927559857,22.936483352316156,23.032745361328125,125300,0.0,0.0,0.0
2014-04-24 00:00:00-04:00,23.199020126538937,23.225273862008198,22.9539902695472,23.155263900756836,193500,0.0,0.0,0.0
2014-04-25 00:00:00-04:00,23.14651302928384,23.155262604821228,22.91023443067238,23.050251007080078,488600,0.0,0.0,0.0
2014-04-28 00:00:00-04:00,23.085254340041278,23.102756829392312,22.953989008167028,23.094005584716797,171000,0.0,0.0,0.0
2014-04-29 00:00:00-04:00,23.199020126538937,23.2865309089738,23.11150934410408,23.155263900756836,68500,0.0,0.0,0.0
2014-04-30 00:00:00-04:00,22.971493722993536,23.10275906758476,22.918987918982932,23.085256576538086,133700,0.0,0.0,0.0
2014-05-01 00:00:00-04:00,23.137759239534933,23.17276254522198,22.98024019112057,23.11150550842285,23300,0.0,0.0,0.0
2014-05-02 00:00:00-04:00,23.12025639198384,23.23401922010599,22.927734040881344,23.21651840209961,100000,0.0,0.0,0.0
2014-05-05 00:00:00-04:00,23.216523590258724,23.216523590258724,22.953991231946862,23.085256576538086,141800,0.0,0.0,0.0
2014-05-06 00:00:00-04:00,23.137763647207013,23.26027774414382,23.01524788114082,23.146514892578125,95100,0.0,0.0,0.0
2014-05-07 00:00:00-04:00,23.023996987234707,23.032748231792695,22.848977103462598,22.962739944458008,117200,0.0,0.0,0.0
2014-05-08 00:00:00-04:00,23.0327514520877,23.0327514520877,22.831477806500807,22.883983612060547,230700,0.0,0.0,0.0
2014-05-09 00:00:00-04:00,23.487802513873294,23.715329860923237,23.34778594170859,23.671573638916016,823300,0.0,0.0,0.0
2014-05-12 00:00:00-04:00,24.327902085760282,24.62543772059134,24.327902085760282,24.511674880981445,387000,0.0,0.0,0.0
2014-05-13 00:00:00-04:00,24.70420263700709,24.721705129725425,24.555434787160372,24.66044807434082,336500,0.0,0.0,0.0
2014-05-14 00:00:00-04:00,24.502926460420884,24.62544055860158,24.467921478581026,24.537931442260742,2046900,0.0,0.0,0.0
2014-05-15 00:00:00-04:00,24.870468536988273,24.870468536988273,24.389161757116312,24.441667556762695,740700,0.0,0.0,0.0
2014-05-16 00:00:00-04:00,25.19425862335328,25.596805880462238,25.124248663025472,25.544300079345703,1057800,0.0,0.0,0.0
2014-05-19 00:00:00-04:00,25.579304050763096,25.59680654129691,25.316773369273335,25.526798248291016,365900,0.0,0.0,0.0
2014-05-20 00:00:00-04:00,25.439283070732763,25.561797145049404,25.421780583222077,25.491788864135742,228000,0.0,0.0,0.0
2014-05-21 00:00:00-04:00,25.535547280692967,25.623058056649146,25.491791058150262,25.579301834106445,397500,0.0,0.0,0.0
2014-05-22 00:00:00-04:00,25.88558995379995,25.88558995379995,25.710568393514254,25.7368221282959,1887900,0.0,0.0,0.0
2014-05-23 00:00:00-04:00,25.754326438325702,26.043110864816303,25.754326438325702,25.973102569580078,239200,0.0,0.0,0.0
2014-05-27 00:00:00-04:00,25.99060204231267,25.99060204231267,25.308019991182526,25.3430233001709,1412400,0.0,0.0,0.0
2014-05-28 00:00:00-04:00,25.64056079609832,25.658063286425712,25.30802182552462,25.395532608032227,446400,0.0,0.0,0.0
2014-05-29 00:00:00-04:00,25.290516570284268,25.290516570284268,25.080491716704806,25.132997512817383,605500,0.0,0.0,0.0
2014-05-30 00:00:00-04:00,25.229260848685822,25.229260848685822,24.896721897085648,24.914222717285156,1595500,0.0,0.0,0.0
2014-06-02 00:00:00-04:00,25.45678555824345,25.57929963256009,25.325520240171464,25.491788864135742,330400,0.0,0.0,0.0
2014-06-03 00:00:00-04:00,25.640559491764133,25.71931902510155,25.448037115344473,25.658061981201172,493700,0.0,0.0,0.0
2014-06-04 00:00:00-04:00,25.596800474993863,25.596800474993863,25.43053019258651,25.53554344177246,216700,0.0,0.0,0.0
2014-06-05 00:00:00-04:00,25.964347521880896,26.18312362109825,25.920592969689093,26.156869888305664,135900,0.0,0.0,0.0
2014-06-06 00:00:00-04:00,26.63817823979941,26.63817823979941,26.428153385384448,26.533164978027344,1276000,0.0,0.0,0.0
2014-06-09 00:00:00-04:00,26.664431844165815,26.664431844165815,26.49816320135208,26.638179779052734,219000,0.0,0.0,0.0
2014-06-10 00:00:00-04:00,26.690684631343945,26.743190428836314,26.533165569737637,26.56817054748535,670700,0.0,0.0,0.0
2014-06-11 00:00:00-04:00,26.401899995424635,26.48941076984928,26.35814544277691,26.384397506713867,774000,0.0,0.0,0.0
2014-06-12 00:00:00-04:00,26.664429349432258,26.786945095304663,26.436902014673922,26.46315574645996,1118100,0.0,0.0,0.0
2014-06-13 00:00:00-04:00,26.1131200989007,26.14812341321258,25.93809851995286,26.04311180114746,838600,0.0,0.0,0.0
2014-06-16 00:00:00-04:00,25.89434472043663,25.938099281894157,25.736825628582288,25.789331436157227,183300,0.0,0.0,0.0
2014-06-17 00:00:00-04:00,25.964347169834898,26.15686953364929,25.964347169834898,26.12186622619629,392700,0.0,0.0,0.0
2014-06-18 00:00:00-04:00,25.83308280454252,26.23563003540039,25.75432327343916,26.23563003540039,244100,0.0,0.0,0.0
2014-06-19 00:00:00-04:00,25.97309817266502,25.97309817266502,25.73681959031819,25.798076629638672,220700,0.0,0.0,0.0
2014-06-20 00:00:00-04:00,25.745572670369583,25.85933551305905,25.693066871369002,25.8505859375,175100,0.0,0.0,0.0
2014-06-23 00:00:00-04:00,25.789327006765227,25.85058571906574,25.623058366480127,25.710567474365234,665600,0.0,0.0,0.0
2014-06-24 00:00:00-04:00,26.01685784628762,26.095617389243444,25.83308669214368,25.859338760375977,542300,0.0,0.0,0.0
2014-06-25 00:00:00-04:00,25.987430302578975,26.057619106853718,25.90846768859075,26.040071487426758,294000,0.076,0.0,0.0
2014-06-26 00:00:00-04:00,25.72422218322754,25.811958610857477,25.627711945491292,25.72422218322754,151100,0.0,0.0,0.0
2014-06-27 00:00:00-04:00,25.79441579916278,25.978662498875686,25.79441579916278,25.96988868713379,216600,0.0,0.0,0.0
2014-06-30 00:00:00-04:00,26.189224549163956,26.224318116787035,26.057620742069304,26.092714309692383,421400,0.0,0.0,0.0
2014-07-01 00:00:00-04:00,26.2506362329007,26.443655014038086,26.17167362392791,26.443655014038086,121400,0.0,0.0,0.0
2014-07-02 00:00:00-04:00,26.768287038951186,26.943758252774675,26.698098218735094,26.934986114501953,744000,0.0,0.0,0.0
2014-07-03 00:00:00-04:00,26.777057386349153,26.829698576342345,26.724414522922704,26.812150955200195,762900,0.0,0.0,0.0
2014-07-07 00:00:00-04:00,26.934980140392774,26.961299896240234,26.487525883221846,26.961299896240234,269500,0.0,0.0,0.0
2014-07-08 00:00:00-04:00,26.54016606614606,26.54016606614606,26.2067696750141,26.259410858154297,340800,0.0,0.0,0.0
2014-07-09 00:00:00-04:00,26.320827194721847,26.399789810180664,26.250638389139915,26.399789810180664,403900,0.0,0.0,0.0
2014-07-10 00:00:00-04:00,25.987430302578975,26.066391243134102,25.72422103147386,26.040071487426758,378000,0.0,0.0,0.0
2014-07-11 00:00:00-04:00,25.8295059519129,25.84705189850272,25.724221905208218,25.78563690185547,339000,0.0,0.0,0.0
2014-07-14 00:00:00-04:00,25.77686144192836,25.811956679727942,25.732994068111925,25.75054168701172,252200,0.0,0.0,0.0
2014-07-15 00:00:00-04:00,25.86460140386975,25.899696646473885,25.750545212272854,25.82073402404785,359700,0.0,0.0,0.0
2014-07-16 00:00:00-04:00,26.092715933431823,26.23309355952619,26.092715933431823,26.154130935668945,202500,0.0,0.0,0.0
2014-07-17 00:00:00-04:00,26.162904573496732,26.224319575327794,25.689130506919035,25.741771697998047,306600,0.0,0.0,0.0
2014-07-18 00:00:00-04:00,26.083940188236046,26.25063923439819,26.066392567917255,26.197998046875,193100,0.0,0.0,0.0
2014-07-21 00:00:00-04:00,26.16290198827922,26.373468405222003,26.1190346122869,26.364694595336914,135400,0.0,0.0,0.0
2014-07-22 00:00:00-04:00,26.73318641312776,26.873564025314487,26.64545166058591,26.838470458984375,211600,0.0,0.0,0.0
2014-07-23 00:00:00-04:00,26.829696655273438,26.90865927132595,26.750734039220927,26.829696655273438,217600,0.0,0.0,0.0
2014-07-24 00:00:00-04:00,26.89988678441114,27.00517083547043,26.88233916366239,26.98762321472168,400000,0.0,0.0,0.0
2014-07-25 00:00:00-04:00,26.838470483936504,26.864791913783414,26.724412628033036,26.803375244140625,409100,0.0,0.0,0.0
2014-07-28 00:00:00-04:00,26.79460091738996,26.899883281305364,26.698090689273336,26.882335662841797,322900,0.0,0.0,0.0
2014-07-29 00:00:00-04:00,26.7946014860862,26.873562423982143,26.671769827667212,26.724411010742188,243300,0.0,0.0,0.0
2014-07-30 00:00:00-04:00,26.838471029477308,26.917433647189956,26.5752634193906,26.69809341430664,453000,0.0,0.0,0.0
2014-07-31 00:00:00-04:00,26.320828343046646,26.329602153306315,25.952336679306665,26.110261917114258,663200,0.0,0.0,0.0
2014-08-01 00:00:00-04:00,25.996207894252727,26.110265771030306,25.811962871904484,26.066396713256836,279600,0.0,0.0,0.0
2014-08-04 00:00:00-04:00,26.075165850025375,26.347148939159116,26.05761990349509,26.28573226928711,221200,0.0,0.0,0.0
2014-08-05 00:00:00-04:00,26.34715113455372,26.382244703971633,26.145356835025904,26.224319458007812,132800,0.0,0.0,0.0
2014-08-06 00:00:00-04:00,25.96988681678051,26.04884944333722,25.882150379113792,25.92601776123047,369100,0.0,0.0,0.0
2014-08-07 00:00:00-04:00,25.943560486182122,25.996201669471933,25.706672651228416,25.732994079589844,269300,0.0,0.0,0.0
2014-08-08 00:00:00-04:00,25.768091993806806,26.022525800661843,25.64526032212862,26.00497817993164,588100,0.0,0.0,0.0
2014-08-11 00:00:00-04:00,26.048844452160477,26.29450442243675,26.013749214444985,26.259410858154297,218200,0.0,0.0,0.0
2014-08-12 00:00:00-04:00,26.101485635300673,26.285730613007875,26.101485635300673,26.259410858154297,374300,0.0,0.0,0.0
2014-08-13 00:00:00-04:00,26.50507000469848,26.610354041139864,26.434881204881886,26.443655014038086,258500,0.0,0.0,0.0
2014-08-14 00:00:00-04:00,26.759507867828916,26.803375244140625,26.689319061670297,26.803375244140625,115600,0.0,0.0,0.0
2014-08-15 00:00:00-04:00,26.654224389327133,26.803375814768685,26.522620584157096,26.66299819946289,128900,0.0,0.0,0.0
2014-08-18 00:00:00-04:00,26.882338891366004,27.049037939924176,26.82092389280068,27.040264129638672,278800,0.0,0.0,0.0
2014-08-19 00:00:00-04:00,27.049036020049154,27.09290339492987,26.943751977529114,27.057809829711914,206500,0.0,0.0,0.0
2014-08-20 00:00:00-04:00,26.943753611625166,27.189415276782196,26.89988623408396,27.1016788482666,224300,0.0,0.0,0.0
2014-08-21 00:00:00-04:00,27.092902857070317,27.180639278523056,27.066583102037633,27.1630916595459,815700,0.0,0.0,0.0
2014-08-22 00:00:00-04:00,27.189415250796124,27.25083024866839,27.057811444865102,27.13677406311035,376600,0.0,0.0,0.0
2014-08-25 00:00:00-04:00,27.101680465639536,27.1718692779541,26.996398083884333,27.1718692779541,136500,0.0,0.0,0.0
2014-08-26 00:00:00-04:00,27.18941469374547,27.29469874039316,27.18941469374547,27.25960350036621,461900,0.0,0.0,0.0
2014-08-27 00:00:00-04:00,27.329793896024032,27.382435085692023,27.277152706356045,27.3736629486084,391900,0.0,0.0,0.0
2014-08-28 00:00:00-04:00,27.17187145777499,27.19819289204203,27.066589067573673,27.12800407409668,390400,0.0,0.0,0.0
2014-08-29 00:00:00-04:00,27.461398288467155,27.461398288467155,27.154323281039847,27.233285903930664,319500,0.0,0.0,0.0
2014-09-02 00:00:00-04:00,27.645645739701305,27.645645739701305,27.435079297246613,27.487720489501953,383600,0.0,0.0,0.0
2014-09-03 00:00:00-04:00,27.98781286909943,27.98781286909943,27.742152883762465,27.812341690063477,479400,0.0,0.0,0.0
2014-09-04 00:00:00-04:00,27.864985126409675,27.94394774905335,27.636871069153873,27.68073844909668,213600,0.0,0.0,0.0
2014-09-05 00:00:00-04:00,27.82111866941337,28.01413917541504,27.750929850894607,28.01413917541504,468500,0.0,0.0,0.0
2014-09-08 00:00:00-04:00,28.101866557814297,28.119414176190517,27.900073966786746,27.961490631103516,454400,0.0,0.0,0.0
2014-09-09 00:00:00-04:00,27.812340644463003,27.838660399940682,27.505264000903157,27.57545280456543,580800,0.0,0.0,0.0
2014-09-10 00:00:00-04:00,27.382437751102856,27.619325637817383,27.382437751102856,27.619325637817383,186200,0.0,0.0,0.0
2014-09-11 00:00:00-04:00,27.478945072878236,27.505266504184533,27.338567452777784,27.399982452392578,569700,0.0,0.0,0.0
2014-09-12 00:00:00-04:00,27.4526198612503,27.505261039971934,27.19818442946877,27.321014404296875,745500,0.0,0.0,0.0
2014-09-15 00:00:00-04:00,27.233284864751916,27.233284864751916,26.987623194750842,27.013944625854492,958800,0.0,0.0,0.0
2014-09-16 00:00:00-04:00,26.741959953278563,27.02271517481958,26.610356152360353,26.891111373901367,384500,0.0,0.0,0.0
2014-09-17 00:00:00-04:00,27.101676425430924,27.101676425430924,26.75073241617542,26.759506225585938,371800,0.0,0.0,0.0
2014-09-18 00:00:00-04:00,27.356114463165394,27.60177445614238,27.30347327516078,27.593002319335938,277200,0.0,0.0,0.0
2014-09-19 00:00:00-04:00,27.522812481490515,27.57545366752633,27.294698444091136,27.347339630126953,644800,0.0,0.0,0.0
2014-09-22 00:00:00-04:00,27.531586836245168,27.566682078718827,27.198190399911724,27.26837921142578,526100,0.0,0.0,0.0
2014-09-23 00:00:00-04:00,27.01393920136109,27.066580379564638,26.873559937096825,26.89988136291504,398800,0.0,0.0,0.0
2014-09-24 00:00:00-04:00,27.066584700517453,27.312244686973482,27.022715650483768,27.25960350036621,690100,0.0,0.0,0.0
2014-09-25 00:00:00-04:00,26.627903573971956,26.768281183698154,26.40856334959564,26.452430725097656,583900,0.0,0.0,0.0
2014-09-26 00:00:00-04:00,26.680545233111264,26.917433081268797,26.680545233111264,26.829696655273438,1258400,0.0,0.0,0.0
2014-09-29 00:00:00-04:00,26.689320164232885,26.71564159516716,26.548942546116507,26.57526397705078,1363100,0.0,0.0,0.0
2014-09-30 00:00:00-04:00,26.557716363026238,26.680546360550284,26.50507350114461,26.566490173339844,343900,0.0,0.0,0.0
2014-10-01 00:00:00-04:00,26.794603182093123,26.812149128606688,26.30327986418415,26.32082748413086,324600,0.0,0.0,0.0
2014-10-02 00:00:00-04:00,26.32960098616845,26.56648883237908,26.092713139957823,26.426111221313477,576800,0.0,0.0,0.0
2014-10-03 00:00:00-04:00,26.36469749412334,26.680547990981694,26.329603924157585,26.627906799316406,265500,0.0,0.0,0.0
2014-10-06 00:00:00-04:00,26.891105898836322,26.908653514968197,26.671765717486217,26.86478614807129,385900,0.0,0.0,0.0
2014-10-07 00:00:00-04:00,26.50507470708425,26.55771757136105,26.224319458007812,26.224319458007812,630000,0.0,0.0,0.0
2014-10-08 00:00:00-04:00,26.189222001366616,26.78582765381749,26.092711771283962,26.759506225585938,1525600,0.0,0.0,0.0
2014-10-09 00:00:00-04:00,26.768282803567555,26.80337637140622,26.487527567125397,26.54894256591797,1039200,0.0,0.0,0.0
2014-10-10 00:00:00-04:00,26.434883978568546,26.51384659582651,26.189223990151028,26.215543746948242,265600,0.0,0.0,0.0
2014-10-13 00:00:00-04:00,26.64545119354601,26.86479141792233,26.40856334959564,26.452430725097656,355300,0.0,0.0,0.0
2014-10-14 00:00:00-04:00,26.452432605646955,26.61035784617438,26.36469617497247,26.48752784729004,317900,0.0,0.0,0.0
2014-10-15 00:00:00-04:00,26.364692383378078,26.60158021010159,25.987428630569838,26.478750228881836,852300,0.0,0.0,0.0
2014-10-16 00:00:00-04:00,25.504882945786598,26.08394104792617,25.504882945786598,25.9874324798584,945900,0.0,0.0,0.0
2014-10-17 00:00:00-04:00,25.79440768857267,26.1892207256488,25.79440768857267,26.08393669128418,389600,0.0,0.0,0.0
2014-10-20 00:00:00-04:00,26.233090500721335,26.46997834467171,26.145354076284185,26.452430725097656,1153100,0.0,0.0,0.0
2014-10-21 00:00:00-04:00,26.505076463152616,26.78583340426362,26.452435268821414,26.733190536499023,203400,0.0,0.0,0.0
2014-10-22 00:00:00-04:00,26.662998485529975,26.724413483706037,26.52262086871807,26.592809677124023,853000,0.0,0.0,0.0
2014-10-23 00:00:00-04:00,26.750738159087224,26.85602222118302,26.645455770424817,26.733190536499023,410000,0.0,0.0,0.0
2014-10-24 00:00:00-04:00,26.803378452530257,26.987625136646844,26.75073725996838,26.970077514648438,312500,0.0,0.0,0.0
2014-10-27 00:00:00-04:00,26.56648418039059,26.654218916868743,26.4787477704796,26.636672973632812,449400,0.0,0.0,0.0
2014-10-28 00:00:00-04:00,26.741953976308157,27.01393700064033,26.68931280239308,27.005163192749023,697600,0.0,0.0,0.0
2014-10-29 00:00:00-04:00,27.08413756664033,27.136778763444028,26.741965603832597,26.934986114501953,715700,0.0,0.0,0.0
2014-10-30 00:00:00-04:00,27.189419760404622,27.45262908935547,27.154326187271252,27.45262908935547,523300,0.0,0.0,0.0
2014-10-31 00:00:00-04:00,27.90007942850494,28.01413729684534,27.78602323359786,27.979042053222656,1309600,0.0,0.0,0.0
2014-11-03 00:00:00-05:00,27.95271711700616,27.979036871415346,27.838659269789634,27.864980697631836,1088400,0.0,0.0,0.0
2014-11-04 00:00:00-05:00,27.98781038523485,27.98781038523485,27.821111357526746,27.961490631103516,660600,0.0,0.0,0.0
2014-11-05 00:00:00-05:00,27.856212615966797,27.873760238136292,27.71583498547754,27.856212615966797,574600,0.0,0.0,0.0
2014-11-06 00:00:00-05:00,27.93517333633527,27.961494767793656,27.803569525909825,27.847436904907227,1796000,0.0,0.0,0.0
2014-11-07 00:00:00-05:00,27.821115439658136,27.908851870979618,27.768474250238544,27.891305923461914,632300,0.0,0.0,0.0
2014-11-10 00:00:00-05:00,27.970268813201812,27.970268813201812,27.812345233976412,27.856212615966797,655000,0.0,0.0,0.0
2014-11-11 00:00:00-05:00,27.926399251023575,28.022909491987985,27.829889010059166,27.90007781982422,1759700,0.0,0.0,0.0
2014-11-12 00:00:00-05:00,27.89130729103259,28.040457056129032,27.89130729103259,27.979042053222656,706700,0.0,0.0,0.0
2014-11-13 00:00:00-05:00,27.90884617519643,27.9176199838813,27.777242391789216,27.83865737915039,430500,0.0,0.0,0.0
2014-11-14 00:00:00-05:00,27.838664425598566,27.98781586412833,27.794797044503532,27.979042053222656,1337700,0.0,0.0,0.0
2014-11-17 00:00:00-05:00,27.917623495587176,27.996586110250643,27.847434690712213,27.95271873474121,365100,0.0,0.0,0.0
2014-11-18 00:00:00-05:00,28.031684634467172,28.084324152500887,27.96149582136671,28.040456771850586,1173700,0.0,0.0,0.0
2014-11-19 00:00:00-05:00,27.786020272670882,27.84743526903277,27.645642660005674,27.7947940826416,503400,0.0,0.0,0.0
2014-11-20 00:00:00-05:00,27.768468583104347,27.882526422574728,27.72460121311291,27.83865737915039,331800,0.0,0.0,0.0
2014-11-21 00:00:00-05:00,28.19838458115056,28.408952713012695,28.145745058335212,28.408952713012695,955400,0.0,0.0,0.0
2014-11-24 00:00:00-05:00,28.198381451666382,28.198381451666382,28.093099070853114,28.163286209106445,469200,0.0,0.0,0.0
2014-11-25 00:00:00-05:00,27.952719302665493,28.058001675400437,27.79479407012994,27.812341690063477,962900,0.0,0.0,0.0
2014-11-26 00:00:00-05:00,28.119417177724337,28.145740281531452,28.005360992970264,28.136964797973633,211900,0.0,0.0,0.0
2014-11-28 00:00:00-05:00,28.14573674212936,28.20715173184562,28.022905089263872,28.0667724609375,287300,0.0,0.0,0.0
2014-12-01 00:00:00-05:00,28.233472314615906,28.24224445046187,27.864980692063792,27.873754501342773,377800,0.0,0.0,0.0
2014-12-02 00:00:00-05:00,28.075548183814018,28.075548183814018,27.987811761052985,28.058000564575195,245700,0.0,0.0,0.0
2014-12-03 00:00:00-05:00,28.19838007544422,28.19838007544422,28.075550079345703,28.075550079345703,574000,0.0,0.0,0.0
2014-12-04 00:00:00-05:00,28.154512405395508,28.207155266119408,28.058002167501524,28.154512405395508,697900,0.0,0.0,0.0
2014-12-05 00:00:00-05:00,27.961490375599862,28.031679175030384,27.900073711844296,27.996583938598633,579700,0.0,0.0,0.0
2014-12-08 00:00:00-05:00,27.67196717254564,27.67196717254564,27.4263054862985,27.487720489501953,3333700,0.0,0.0,0.0
2014-12-09 00:00:00-05:00,27.110451008293925,27.171866002486656,27.00516863923012,27.06658363342285,643500,0.0,0.0,0.0
2014-12-10 00:00:00-05:00,27.1367746777755,27.16309443549795,26.891113007288865,26.943754196166992,438500,0.0,0.0,0.0
2014-12-11 00:00:00-05:00,26.733185083128927,26.83846912374757,26.61912890643903,26.680543899536133,700800,0.0,0.0,0.0
2014-12-12 00:00:00-05:00,26.355923295861103,26.496300911614217,26.171676629289408,26.180450439453125,925000,0.0,0.0,0.0
2014-12-15 00:00:00-05:00,26.031297464533644,26.031297464533644,25.566295594125844,25.610164642333984,1015200,0.0,0.0,0.0
2014-12-16 00:00:00-05:00,25.197809774713637,25.45224529277275,25.039886184997783,25.101301193237305,1193500,0.0,0.0,0.0
2014-12-17 00:00:00-05:00,25.23606422112095,26.028819839781566,25.23606422112095,25.89669418334961,1172900,0.113,0.0,0.0
2014-12-18 00:00:00-05:00,26.29307194932553,26.42519760131836,26.13452049490661,26.42519760131836,924700,0.0,0.0,0.0
2014-12-19 00:00:00-05:00,26.231413685529024,26.381156540633715,26.187370681045977,26.284263610839844,1435700,0.0,0.0,0.0
2014-12-22 00:00:00-05:00,26.522087438017408,26.610170075697468,26.38115320164697,26.5837459564209,414300,0.0,0.0,0.0
2014-12-23 00:00:00-05:00,26.363538955526074,26.363538955526074,26.169753098755898,26.18737030029297,309400,0.0,0.0,0.0
2014-12-24 00:00:00-05:00,26.134522221412734,26.134522221412734,25.896695024072944,25.984779357910156,166500,0.0,0.0,0.0
2014-12-26 00:00:00-05:00,26.293071839971187,26.293071839971187,25.870269083325066,25.87907600402832,156400,0.0,0.0,0.0
2014-12-29 00:00:00-05:00,26.240219705187688,26.328302345351467,26.13451818489502,26.16094398498535,464800,0.0,0.0,0.0
2014-12-30 00:00:00-05:00,26.187368604601534,26.416387169547576,26.187368604601534,26.319494247436523,573400,0.0,0.0,0.0
2014-12-31 00:00:00-05:00,26.50447397558139,26.6365996307998,26.345922517291754,26.38115692138672,418600,0.0,0.0,0.0
2015-01-02 00:00:00-05:00,26.865619283916413,26.865619283916413,26.707067819331453,26.768726348876953,654400,0.0,0.0,0.0
2015-01-05 00:00:00-05:00,26.645404795202104,26.645404795202104,26.284260600151967,26.33711051940918,431300,0.0,0.0,0.0
2015-01-06 00:00:00-05:00,25.746946697432666,25.843839612101185,25.403419716434932,25.535545349121094,812600,0.0,0.0,0.0
2015-01-07 00:00:00-05:00,25.870269794762986,26.055245375856728,25.77337686367454,26.037628173828125,537300,0.0,0.0,0.0
2015-01-08 00:00:00-05:00,26.636598968798793,26.79515042314794,26.592557644843502,26.733491897583008,478300,0.0,0.0,0.0
2015-01-09 00:00:00-05:00,27.04178832921812,27.050595250645785,26.751111200105804,26.865619659423828,459600,0.0,0.0,0.0
2015-01-12 00:00:00-05:00,27.16510179534007,27.173910395671058,26.953700427602524,27.032976150512695,635100,0.0,0.0,0.0
2015-01-13 00:00:00-05:00,27.253189918929202,27.314848449775432,26.856811249104933,26.997745513916016,1642700,0.0,0.0,0.0
2015-01-14 00:00:00-05:00,26.84800134635146,26.962511481003805,26.72468429063559,26.918468475341797,844200,0.0,0.0,0.0
2015-01-15 00:00:00-05:00,27.78169186087742,27.97547603829671,27.702416133735706,27.825733184814453,5702600,0.0,0.0,0.0
2015-01-16 00:00:00-05:00,27.922623886034113,28.38946793077197,27.887389485640256,28.380661010742188,1333000,0.0,0.0,0.0
2015-01-20 00:00:00-05:00,28.539215040185436,28.715380337853883,28.407087706796432,28.50398063659668,2566400,0.0,0.0,0.0
2015-01-21 00:00:00-05:00,28.73299985461579,28.953209854580955,28.653724120222815,28.935592651367188,2297900,0.0,0.0,0.0
2015-01-22 00:00:00-05:00,28.944397108199826,29.4288583386014,28.856311109857646,29.314348220825195,4687300,0.0,0.0,0.0
2015-01-23 00:00:00-05:00,29.314353888288863,29.314353888288863,29.023678437905353,29.11176109313965,1982200,0.0,0.0,0.0
2015-01-26 00:00:00-05:00,29.17341721151601,29.28792734196222,29.085334563565162,29.261503219604492,2269600,0.0,0.0,0.0
2015-01-27 00:00:00-05:00,29.041294475495295,29.199845936664378,28.979635947278187,29.138187408447266,1823800,0.0,0.0,0.0
2015-01-28 00:00:00-05:00,29.296740159633217,29.340784852611716,28.979640547100875,29.01487159729004,1502300,0.0,0.0,0.0
2015-01-29 00:00:00-05:00,29.2703045977749,29.279114876984266,28.953201748977627,29.217453002929688,833900,0.0,0.0,0.0
2015-01-30 00:00:00-05:00,28.794659126599846,28.794659126599846,28.25734953537727,28.27496337890625,1191500,0.0,0.0,0.0
2015-02-02 00:00:00-05:00,28.79466445780744,28.891557415846272,28.592071618334717,28.86513328552246,703000,0.0,0.0,0.0
2015-02-03 00:00:00-05:00,28.662529718619393,28.89154660270253,28.653719438383085,28.821081161499023,905800,0.0,0.0,0.0
2015-02-04 00:00:00-05:00,28.653723774540403,28.688958180542862,28.512789510668465,28.539216995239258,905200,0.0,0.0,0.0
2015-02-05 00:00:00-05:00,28.592065811157227,28.600876092901522,28.495172872797784,28.592065811157227,1267100,0.0,0.0,0.0
2015-02-06 00:00:00-05:00,28.477557713098086,28.52159903936968,28.327813171609307,28.345430374145508,604600,0.0,0.0,0.0
2015-02-09 00:00:00-05:00,28.081175575817777,28.081175575817777,27.860965598441304,27.931432723999023,1341900,0.0,0.0,0.0
2015-02-10 00:00:00-05:00,27.975471086372135,28.169255229489785,27.90500397250494,28.15163803100586,431800,0.0,0.0,0.0
2015-02-11 00:00:00-05:00,28.134028371931606,28.301388432247176,28.037135440159087,28.257347106933594,1531400,0.0,0.0,0.0
2015-02-12 00:00:00-05:00,28.539213262464187,28.750612950553204,28.486361660373205,28.741806030273438,1151900,0.0,0.0,0.0
2015-02-13 00:00:00-05:00,28.891548587058722,29.032482839282906,28.85631418396827,29.0236759185791,831900,0.0,0.0,0.0
2015-02-17 00:00:00-05:00,28.9179744720459,28.970822713624674,28.777036867469345,28.9179744720459,458600,0.0,0.0,0.0
2015-02-18 00:00:00-05:00,29.050096956190984,29.22626559279944,28.944397118280815,29.18222427368164,533700,0.0,0.0,0.0
2015-02-19 00:00:00-05:00,29.28792734196222,29.323161745197613,29.17341721151601,29.261503219604492,363100,0.0,0.0,0.0
2015-02-20 00:00:00-05:00,28.953210919785146,29.252696665161526,28.873935182475574,29.191038131713867,372900,0.0,0.0,0.0
2015-02-23 00:00:00-05:00,28.777036328395678,28.777036328395678,28.653719286838697,28.715377807617188,918100,0.0,0.0,0.0
2015-02-24 00:00:00-05:00,28.78585437211436,29.023681599317854,28.688961424719796,28.988447189331055,949600,0.0,0.0,0.0
2015-02-25 00:00:00-05:00,28.92678113945734,29.094139503223218,28.891546738621134,29.058908462524414,1759100,0.0,0.0,0.0
2015-02-26 00:00:00-05:00,28.891546198272934,28.94439779853878,28.785846357878587,28.856311798095703,1870300,0.0,0.0,0.0
2015-02-27 00:00:00-05:00,29.314350610881753,29.552177785590263,29.208650764390484,29.481712341308594,3431900,0.0,0.0,0.0
2015-03-02 00:00:00-05:00,29.287925851709108,29.552177142253427,29.261501730695915,29.525753021240234,3075000,0.0,0.0,0.0
2015-03-03 00:00:00-05:00,29.57860524640499,29.631453489544494,29.508136442035603,29.61383628845215,3269200,0.0,0.0,0.0
2015-03-04 00:00:00-05:00,29.3583932403428,29.4552827994363,29.146990202008567,29.376007080078125,2320800,0.0,0.0,0.0
2015-03-05 00:00:00-05:00,29.41124790271709,29.464099513876825,29.270313633095828,29.367206573486328,1208200,0.0,0.0,0.0
2015-03-06 00:00:00-05:00,29.09414669345438,29.10295697590948,28.838705624606533,28.89155387878418,1132900,0.0,0.0,0.0
2015-03-09 00:00:00-04:00,28.733002036972678,28.7418123193177,28.60968496524796,28.627302169799805,1014800,0.0,0.0,0.0
2015-03-10 00:00:00-04:00,28.407090726339785,28.415897648104274,28.266156457141758,28.27496337890625,1098600,0.0,0.0,0.0
2015-03-11 00:00:00-04:00,28.371854182866297,28.451129913330078,28.310195654743104,28.451129913330078,1235600,0.0,0.0,0.0
2015-03-12 00:00:00-04:00,28.873930077017455,28.988440201803293,28.803464634167494,28.944398880004883,1386200,0.0,0.0,0.0
2015-03-13 00:00:00-04:00,28.283770334500147,28.283770334500147,27.97547602686049,28.1340274810791,2812000,0.0,0.0,0.0
2015-03-16 00:00:00-04:00,28.178066568614863,28.42470233116583,28.142833848289687,28.380661010742188,1616100,0.0,0.0,0.0
2015-03-17 00:00:00-04:00,28.433512554693916,28.882742811565247,28.433512554693916,28.829891204833984,6162700,0.0,0.0,0.0
2015-03-18 00:00:00-04:00,28.398275123719404,29.279114876984266,28.398275123719404,29.217453002929688,4581000,0.0,0.0,0.0
2015-03-19 00:00:00-04:00,28.48636398575138,28.5480225131554,28.301388403539335,28.38947105407715,1643400,0.0,0.0,0.0
2015-03-20 00:00:00-04:00,28.371855384700815,28.600875664692076,28.292579650878906,28.292579650878906,4321200,0.0,0.0,0.0
2015-03-23 00:00:00-04:00,28.407090531126862,28.41589745283083,28.257349341193365,28.319007873535156,1485300,0.0,0.0,0.0
2015-03-24 00:00:00-04:00,28.319003752267324,28.42470359802246,28.28376935030311,28.42470359802246,2816700,0.0,0.0,0.0
2015-03-25 00:00:00-04:00,28.2573421730185,28.30138349064218,27.843346395054173,27.8609619140625,1581000,0.0,0.0,0.0
2015-03-26 00:00:00-04:00,27.53505511119522,27.57909643358484,27.376503662482566,27.499820709228516,1250600,0.0,0.0,0.0
2015-03-27 00:00:00-04:00,27.517436465981646,27.543862266069738,27.41173662576662,27.491010665893555,970700,0.0,0.0,0.0
2015-03-30 00:00:00-04:00,28.00190085550899,28.169259224636598,27.922625131156433,28.116409301757812,1551400,0.0,0.0,0.0
2015-03-31 00:00:00-04:00,27.88739106160942,28.266152486904517,27.88739106160942,28.178068161010742,2417800,0.0,0.0,0.0
2015-04-01 00:00:00-04:00,28.389471478000537,28.548022939446344,28.319006028545612,28.52159881591797,2110200,0.0,0.0,0.0
2015-04-02 00:00:00-04:00,28.495174815730067,28.697770988007182,28.477560971316414,28.627302169799805,1261800,0.0,0.0,0.0
2015-04-06 00:00:00-04:00,28.503978275739758,28.873929402367306,28.486361075404535,28.821081161499023,2113900,0.0,0.0,0.0
2015-04-07 00:00:00-04:00,28.821082327832407,28.970823496535466,28.76823072468793,28.794654846191406,2033100,0.0,0.0,0.0
2015-04-08 00:00:00-04:00,29.04129312012433,29.13818604855426,28.865124464809693,29.0236759185791,1303200,0.0,0.0,0.0
2015-04-09 00:00:00-04:00,29.155804697684378,29.23508043764146,29.058915113415207,29.208656311035156,2118800,0.0,0.0,0.0
2015-04-10 00:00:00-04:00,29.23507421788729,29.358394622802734,29.094139972407106,29.358394622802734,2101700,0.0,0.0,0.0
2015-04-13 00:00:00-04:00,29.384826257297355,29.420060667710977,29.217464487901808,29.25269889831543,1108600,0.0,0.0,0.0
2015-04-14 00:00:00-04:00,29.217461652448087,29.36720620210463,29.217461652448087,29.270313262939453,812900,0.0,0.0,0.0
2015-04-15 00:00:00-04:00,29.10295352515988,29.18222925716483,29.067719119793715,29.15580177307129,952200,0.0,0.0,0.0
2015-04-16 00:00:00-04:00,28.838699291332453,28.944399136613217,28.76823048772028,28.803464889526367,1805500,0.0,0.0,0.0
2015-04-17 00:00:00-04:00,28.451129581481162,28.5215983900216,28.319005605674445,28.38947105407715,1375300,0.0,0.0,0.0
2015-04-20 00:00:00-04:00,27.790498242206553,27.799306842836753,27.579096867288147,27.631948471069336,3155200,0.0,0.0,0.0
2015-04-21 00:00:00-04:00,27.4469728236289,27.508631351578547,27.376505694533748,27.42935562133789,1379000,0.0,0.0,0.0
2015-04-22 00:00:00-04:00,27.58791034649988,27.72003601918008,27.473401878195457,27.711227416992188,1720500,0.0,0.0,0.0
2015-04-23 00:00:00-04:00,27.226760272703917,27.358885917313476,27.129867349291498,27.3060359954834,1542400,0.0,0.0,0.0
2015-04-24 00:00:00-04:00,26.812766772859046,26.865616695940002,26.601365400466456,26.64540672302246,1561700,0.0,0.0,0.0
2015-04-27 00:00:00-04:00,26.416393280029297,26.442819086736435,26.31950033550555,26.416393280029297,2352800,0.0,0.0,0.0
2015-04-28 00:00:00-04:00,26.636598171610434,26.751108298577197,26.53089832525363,26.680641174316406,1440900,0.0,0.0,0.0
2015-04-29 00:00:00-04:00,26.363539986351842,26.42519851407366,26.20498852645638,26.240222930908203,1533100,0.0,0.0,0.0
2015-04-30 00:00:00-04:00,26.081673836635694,26.16094957377378,25.82622942139763,25.887887954711914,2322700,0.0,0.0,0.0
2015-05-01 00:00:00-04:00,25.87907722433759,26.116904416191407,25.87907722433759,26.064054489135742,1120900,0.0,0.0,0.0
2015-05-04 00:00:00-04:00,26.627790963352115,26.68944949029564,26.56613243640859,26.654216766357422,3731400,0.0,0.0,0.0
2015-05-05 00:00:00-04:00,26.73348849402226,26.73348849402226,26.59255425922573,26.68944549560547,2109100,0.0,0.0,0.0
2015-05-06 00:00:00-04:00,26.055244839870884,26.07286204153708,25.720526408557284,25.843843460083008,3048400,0.0,0.0,0.0
2015-05-07 00:00:00-04:00,25.746951238905947,26.002395629882812,25.729334036755365,26.002395629882812,3369300,0.0,0.0,0.0
2015-05-08 00:00:00-04:00,26.345922865151273,26.62779138135724,26.32830566287118,26.61017417907715,3850500,0.0,0.0,0.0
2015-05-11 00:00:00-04:00,26.80395817233409,26.830382293840188,26.627789521972552,26.64540672302246,2928400,0.0,0.0,0.0
2015-05-12 00:00:00-04:00,26.0112008790796,26.0992835183442,25.940733759626728,25.99358367919922,2616300,0.0,0.0,0.0
2015-05-13 00:00:00-04:00,26.434006800103532,26.442815401111492,26.301881145121826,26.345922470092773,2029200,0.0,0.0,0.0
2015-05-14 00:00:00-04:00,26.61898223016919,26.751109564470763,26.56613230448987,26.72468376159668,1901100,0.0,0.0,0.0
2015-05-15 00:00:00-04:00,26.707065501568913,26.812767028808594,26.636598376765384,26.812767028808594,1858700,0.0,0.0,0.0
2015-05-18 00:00:00-04:00,27.006550427117446,27.015359027473746,26.90085058297933,26.927274703979492,1090300,0.0,0.0,0.0
2015-05-19 00:00:00-04:00,26.89204435201347,26.953702879871404,26.81276862189073,26.918468475341797,1797500,0.0,0.0,0.0
2015-05-20 00:00:00-04:00,27.20033262400788,27.34126853942871,27.129865506331768,27.34126853942871,1728600,0.0,0.0,0.0
2015-05-21 00:00:00-04:00,27.18271971974698,27.217952441940287,27.147485317484904,27.1915283203125,1317800,0.0,0.0,0.0
2015-05-22 00:00:00-04:00,27.314847015945798,27.36769694245848,27.279612611558093,27.33246421813965,1184800,0.0,0.0,0.0
2015-05-26 00:00:00-04:00,26.795149571809137,26.830382293840188,26.574939598891596,26.64540672302246,1648300,0.0,0.0,0.0
2015-05-27 00:00:00-04:00,26.60136670832198,26.795150889192055,26.60136670832198,26.72468376159668,1684100,0.0,0.0,0.0
2015-05-28 00:00:00-04:00,26.60136315598436,26.68944579366442,26.486853038890487,26.5837459564209,1078400,0.0,0.0,0.0
2015-05-29 00:00:00-04:00,27.024170475987177,27.077020403626246,26.900853418139715,26.90966033935547,4130000,0.0,0.0,0.0
2015-06-01 00:00:00-04:00,26.980128256349964,27.112255599404055,26.79515266418457,26.79515266418457,1829200,0.0,0.0,0.0
2015-06-02 00:00:00-04:00,26.213797457990157,26.36354031866015,26.213797457990157,26.301881790161133,1298300,0.0,0.0,0.0
2015-06-03 00:00:00-04:00,26.037627301410495,26.08167030500629,25.782184600830078,25.782184600830078,4938900,0.0,0.0,0.0
2015-06-04 00:00:00-04:00,25.808611098242903,25.967162565642628,25.74695256760278,25.773378372192383,3392000,0.0,0.0,0.0
2015-06-05 00:00:00-04:00,25.81741876773175,25.86146177379108,25.702910312115264,25.79099464416504,2609300,0.0,0.0,0.0
2015-06-08 00:00:00-04:00,25.650061817286254,25.650061817286254,25.421043213195336,25.456275939941406,742500,0.0,0.0,0.0
2015-06-09 00:00:00-04:00,25.447468226298138,25.517935362318415,25.236066818237305,25.236066818237305,1717600,0.0,0.0,0.0
2015-06-10 00:00:00-04:00,25.74695090958981,25.967160893448913,25.70290958484553,25.940736770629883,2325000,0.0,0.0,0.0
2015-06-11 00:00:00-04:00,25.350576167786222,25.350576167786222,25.130366164633326,25.183216094970703,12267400,0.0,0.0,0.0
2015-06-12 00:00:00-04:00,25.297721659041198,25.297721659041198,25.103937483293176,25.16559600830078,3150700,0.0,0.0,0.0
2015-06-15 00:00:00-04:00,25.42984720229558,25.42984720229558,25.33295428119812,25.40342140197754,1750000,0.0,0.0,0.0
2015-06-16 00:00:00-04:00,25.517934378117477,25.60601871476276,25.491510253172176,25.56197738647461,1614200,0.0,0.0,0.0
2015-06-17 00:00:00-04:00,25.711718646835944,26.037628487952635,25.597208512337414,25.931928634643555,1752300,0.0,0.0,0.0
2015-06-18 00:00:00-04:00,26.31068981228669,26.56613252188444,26.23141408308456,26.54851531982422,4324200,0.0,0.0,0.0
2015-06-19 00:00:00-04:00,26.592560418671237,26.68945167749321,26.51328468322754,26.51328468322754,1651800,0.0,0.0,0.0
2015-06-22 00:00:00-04:00,26.962511947063444,26.988936070848524,26.865619013001062,26.90966033935547,1292600,0.0,0.0,0.0
2015-06-23 00:00:00-04:00,26.795153643020743,27.01536364939663,26.795153643020743,26.98012924194336,967900,0.0,0.0,0.0
2015-06-24 00:00:00-04:00,26.803958558062558,26.892042884510925,26.707065630962475,26.742300033569336,1339300,0.0,0.0,0.0
2015-06-25 00:00:00-04:00,26.98731764235099,26.996163245474744,26.75733702251226,26.775028228759766,2255900,0.127,0.0,0.0
2015-06-26 00:00:00-04:00,26.898862883654875,26.99616282939022,26.854636555844042,26.951934814453125,1455000,0.0,0.0,0.0
2015-06-29 00:00:00-04:00,26.430052978865948,26.606961643818124,26.35928985031029,26.368135452270508,1580500,0.0,0.0,0.0
2015-06-30 00:00:00-04:00,26.78387315159895,26.934245026630887,26.677727603936187,26.76618194580078,3887400,0.0,0.0,0.0
2015-07-01 00:00:00-04:00,27.022703425157484,27.102312181044166,26.925405146838898,27.075777053833008,1193600,0.0,0.0,0.0
2015-07-02 00:00:00-04:00,27.190764191202028,27.270372940206926,27.14653785825551,27.252681732177734,1382600,0.0,0.0,0.0
2015-07-06 00:00:00-04:00,27.429590812943125,27.526890771306466,27.296910125164512,27.4649715423584,3139600,0.0,0.0,0.0
2015-07-07 00:00:00-04:00,27.20845472116855,27.34113540382802,27.040391623332468,27.24383544921875,2061000,0.0,0.0,0.0
2015-07-08 00:00:00-04:00,26.890018711989185,26.898864315447444,26.509666198915802,26.633502960205078,3618100,0.0,0.0,0.0
2015-07-09 00:00:00-04:00,26.92540361008216,27.42074563956271,26.589277396161194,26.615814208984375,1192800,0.0,0.0,0.0
2015-07-10 00:00:00-04:00,26.84579095285662,26.960780417440542,26.730799801146443,26.951934814453125,1420200,0.0,0.0,0.0
2015-07-13 00:00:00-04:00,27.146534145184674,27.252678004588667,27.11115173396586,27.22614288330078,1306300,0.0,0.0,0.0
2015-07-14 00:00:00-04:00,27.270373236960342,27.41189952848102,27.217301299421706,27.358827590942383,1209100,0.0,0.0,0.0
2015-07-15 00:00:00-04:00,27.482662122457885,27.526890142124156,27.37651824951172,27.37651824951172,953700,0.0,0.0,0.0
2015-07-16 00:00:00-04:00,27.77455742334748,27.889548575428016,27.730331095394213,27.88070297241211,1322200,0.0,0.0,0.0
2015-07-17 00:00:00-04:00,27.82763095501808,27.871858972641704,27.730332690498837,27.774559020996094,2287000,0.0,0.0,0.0
2015-07-20 00:00:00-04:00,27.597649261273542,27.748021131953845,27.553421248058047,27.68610191345215,1415200,0.0,0.0,0.0
2015-07-21 00:00:00-04:00,27.615341783472363,27.64187859428838,27.482661103645054,27.518043518066406,1405500,0.0,0.0,0.0
2015-07-22 00:00:00-04:00,27.801095108148285,27.809940711442835,27.686103952445453,27.7126407623291,960200,0.0,0.0,0.0
2015-07-23 00:00:00-04:00,27.60649574302856,27.641878156890026,27.34997999103832,27.385360717773438,1284800,0.0,0.0,0.0
2015-07-24 00:00:00-04:00,27.29690941326134,27.323444537849134,27.022700753593554,27.093463897705078,2120700,0.0,0.0,0.0
2015-07-27 00:00:00-04:00,26.721955356831238,26.73964656357317,26.55389395416187,26.580429077148438,2561800,0.0,0.0,0.0
2015-07-28 00:00:00-04:00,26.642348563663337,26.721955620534967,26.52735740583232,26.633502960205078,2488800,0.0,0.0,0.0
2015-07-29 00:00:00-04:00,26.836942857598352,26.987314720167337,26.766179727396835,26.91655158996582,1919700,0.0,0.0,0.0
2015-07-30 00:00:00-04:00,26.987317226402798,27.04038915720105,26.881171677680037,26.951934814453125,1183600,0.0,0.0,0.0
2015-07-31 00:00:00-04:00,27.394205947259344,27.50919710361293,27.349979617662626,27.4826602935791,3040200,0.0,0.0,0.0
2015-08-03 00:00:00-04:00,27.34998096731804,27.358826571099158,27.146537141731564,27.190763473510742,1844400,0.0,0.0,0.0
2015-08-04 00:00:00-04:00,27.367672645578462,27.491507726391138,27.31459902197894,27.37651824951172,2199500,0.0,0.0,0.0
2015-08-05 00:00:00-04:00,27.80109515127019,27.84532148068522,27.677260079207052,27.76571273803711,2236500,0.0,0.0,0.0
2015-08-06 00:00:00-04:00,27.721483545534625,27.80109227996071,27.526885354229837,27.57111167907715,1064800,0.0,0.0,0.0
2015-08-07 00:00:00-04:00,27.58880725038387,27.61534237464155,27.42958975633214,27.553424835205078,1949000,0.0,0.0,0.0
2015-08-10 00:00:00-04:00,27.367667885377667,27.57995728147184,27.367667885377667,27.57111167907715,1303900,0.0,0.0,0.0
2015-08-11 00:00:00-04:00,27.119996161428144,27.119996161428144,26.925397969536952,27.03154182434082,2007800,0.0,0.0,0.0
2015-08-12 00:00:00-04:00,26.57158092310333,26.686570374333996,26.26199160300005,26.368135452270508,4006500,0.0,0.0,0.0
2015-08-13 00:00:00-04:00,26.44774903569281,26.63350333668932,26.34160516694598,26.536203384399414,1961600,0.0,0.0,0.0
2015-08-14 00:00:00-04:00,26.890016236604723,27.08461612051965,26.890016236604723,27.040388107299805,2838500,0.0,0.0,0.0
2015-08-17 00:00:00-04:00,26.65119320038528,26.748493153929825,26.606966869024884,26.69542121887207,546300,0.0,0.0,0.0
2015-08-18 00:00:00-04:00,26.660040543229844,26.71311416887621,26.57158787473891,26.615814208984375,1721300,0.0,0.0,0.0
2015-08-19 00:00:00-04:00,26.713112336510513,26.95193688703115,26.606966779625257,26.721956253051758,2669800,0.0,0.0,0.0
2015-08-20 00:00:00-04:00,26.341608758792987,26.341608758792987,26.01432813008965,26.040864944458008,3145500,0.0,0.0,0.0
2015-08-21 00:00:00-04:00,25.76665168088381,25.802034093757264,25.218237778355764,25.306692123413086,5130300,0.0,0.0,0.0
2015-08-24 00:00:00-04:00,22.82112947479533,24.032949918875534,22.370015596043,23.705669403076172,3709100,0.0,0.0,0.0
2015-08-25 00:00:00-04:00,24.65212996601155,24.94402809170243,23.97987937927246,23.97987937927246,1932300,0.0,0.0,0.0
2015-08-26 00:00:00-04:00,24.395616871502117,24.767123795926068,24.121409901871193,24.554834365844727,2124800,0.0,0.0,0.0
2015-08-27 00:00:00-04:00,24.970567742579924,25.359765876501914,24.970567742579924,25.333229064941406,4243800,0.0,0.0,0.0
2015-08-28 00:00:00-04:00,25.129780993746866,25.191698523138264,24.899800393774434,25.06786346435547,2727500,0.0,0.0,0.0
2015-08-31 00:00:00-04:00,24.89980311875291,24.92633992873598,24.678668096939603,24.846731185913086,3814700,0.0,0.0,0.0
2015-09-01 00:00:00-04:00,24.316003829078944,24.395612562187925,23.926805765782397,23.97987937927246,3482800,0.0,0.0,0.0
2015-09-02 00:00:00-04:00,24.386770074452826,24.422152487965008,24.174480654758757,24.307161331176758,3617200,0.0,0.0,0.0
2015-09-03 00:00:00-04:00,24.643289268254424,24.77596995413337,24.501762978366685,24.53714370727539,1580700,0.0,0.0,0.0
2015-09-04 00:00:00-04:00,23.749901189533624,23.82950993071191,23.528766172288666,23.65260124206543,2103800,0.0,0.0,0.0
2015-09-08 00:00:00-04:00,23.94450275681125,24.139102679050445,23.79413085650211,24.086029052734375,2693700,0.0,0.0,0.0
2015-09-09 00:00:00-04:00,24.36907617403191,24.36907617403191,23.864888647098667,23.935651779174805,2215600,0.0,0.0,0.0
2015-09-10 00:00:00-04:00,24.094868522250913,24.298312309950138,24.032950994440377,24.130250930786133,789400,0.0,0.0,0.0
2015-09-11 00:00:00-04:00,24.209863542046435,24.501761710728886,24.14794431718839,24.492916107177734,1567000,0.0,0.0,0.0
2015-09-14 00:00:00-04:00,24.537144899901605,24.537144899901605,24.386772998696262,24.47522735595703,712600,0.0,0.0,0.0
2015-09-15 00:00:00-04:00,24.439838778381603,24.678664976653927,24.395612454461297,24.599056243896484,1329100,0.0,0.0,0.0
2015-09-16 00:00:00-04:00,24.660977234298812,25.03248414361265,24.60790530071865,25.005949020385742,2053700,0.0,0.0,0.0
2015-09-17 00:00:00-04:00,24.749432165261197,25.518982812387705,24.71405143774895,25.041330337524414,2077700,0.0,0.0,0.0
2015-09-18 00:00:00-04:00,24.829042229435196,25.005950937769047,24.652135208227826,24.696361541748047,1142800,0.0,0.0,0.0
2015-09-21 00:00:00-04:00,24.91749063570738,25.0147905707778,24.82019070063696,24.87326431274414,1764100,0.0,0.0,0.0
2015-09-22 00:00:00-04:00,24.369080359335584,24.37792596325507,24.201018946244645,24.351390838623047,1320500,0.0,0.0,0.0
2015-09-23 00:00:00-04:00,24.3690775918056,24.484068742573257,24.236396922334354,24.2629337310791,2599300,0.0,0.0,0.0
2015-09-24 00:00:00-04:00,24.227552932425017,24.545987910057548,24.112563461127912,24.466379165649414,3603700,0.0,0.0,0.0
2015-09-25 00:00:00-04:00,24.634440888734588,24.678667216669197,24.360233943862227,24.448686599731445,849100,0.0,0.0,0.0
2015-09-28 00:00:00-04:00,24.21870645938131,24.25408887212628,23.95334511229921,24.068334579467773,1478900,0.0,0.0,0.0
2015-09-29 00:00:00-04:00,24.2540891569609,24.47522417783504,24.2540891569609,24.430997848510742,932000,0.0,0.0,0.0
2015-09-30 00:00:00-04:00,24.988260125504475,25.306695130701122,24.917496978474833,25.271312713623047,3377700,0.0,0.0,0.0
2015-10-01 00:00:00-04:00,25.12093539138722,25.129780993746866,24.890954791414785,25.06786346435547,2068900,0.0,0.0,0.0
2015-10-02 00:00:00-04:00,24.890959452804836,25.52782944495857,24.87326993189892,25.518983840942383,1058800,0.0,0.0,0.0
2015-10-05 00:00:00-04:00,25.89048824282434,26.217767123794744,25.872797036521536,26.18238639831543,4316100,0.0,0.0,0.0
2015-10-06 00:00:00-04:00,25.85510771208727,25.961253270503622,25.802035776442303,25.872798919677734,1373600,0.0,0.0,0.0
2015-10-07 00:00:00-04:00,26.07624451903951,26.208925210738776,26.014326975388286,26.155853271484375,1906600,0.0,0.0,0.0
2015-10-08 00:00:00-04:00,25.78434215309161,26.200077056884766,25.78434215309161,26.200077056884766,957200,0.0,0.0,0.0
2015-10-09 00:00:00-04:00,26.173540115356445,26.270840060368393,26.111622582031114,26.173540115356445,1510700,0.0,0.0,0.0
2015-10-12 00:00:00-04:00,25.978939828761828,26.005474948272234,25.81972236319493,25.837411880493164,559900,0.0,0.0,0.0
2015-10-13 00:00:00-04:00,25.59858812889279,25.757805599184376,25.53667059869632,25.56320571899414,748200,0.0,0.0,0.0
2015-10-14 00:00:00-04:00,25.731270888407032,25.793188423648694,25.563207801946593,25.6428165435791,1201000,0.0,0.0,0.0
2015-10-15 00:00:00-04:00,25.80203442090299,25.908179973742868,25.678199348528413,25.855106353759766,3690600,0.0,0.0,0.0
2015-10-16 00:00:00-04:00,26.040862694448148,26.25315212967275,25.978945153398445,26.191234588623047,1255600,0.0,0.0,0.0
2015-10-19 00:00:00-04:00,26.1116173601859,26.164689279976166,26.040854238090244,26.102771759033203,1130300,0.0,0.0,0.0
2015-10-20 00:00:00-04:00,26.023170095048922,26.14700517052739,26.023170095048922,26.12047004699707,429000,0.0,0.0,0.0
2015-10-21 00:00:00-04:00,25.996632632795382,26.076241375643704,25.855106353759766,25.855106353759766,766500,0.0,0.0,0.0
2015-10-22 00:00:00-04:00,26.06739697708545,26.430058294766337,26.049707456733177,26.412368774414062,864400,0.0,0.0,0.0
2015-10-23 00:00:00-04:00,26.385827387037487,26.483127324168848,26.29737305211135,26.4300537109375,1002200,0.0,0.0,0.0
2015-10-26 00:00:00-04:00,26.13815697759106,26.21776571454829,26.04085872240816,26.111621856689453,866300,0.0,0.0,0.0
2015-10-27 00:00:00-04:00,25.82856927868894,25.908178015520182,25.766650060055373,25.802032470703125,537700,0.0,0.0,0.0
2015-10-28 00:00:00-04:00,25.828570703394885,25.943560170090507,25.430526997282552,25.61627960205078,2653300,0.0,0.0,0.0
2015-10-29 00:00:00-04:00,25.4305283382516,25.474754669206703,25.324382781982422,25.324382781982422,1372500,0.0,0.0,0.0
2015-10-30 00:00:00-04:00,25.235929906745696,25.34207377499123,25.156321161998363,25.191701889038086,774700,0.0,0.0,0.0
2015-11-02 00:00:00-05:00,25.253620446810128,25.3774572142674,25.138630970378127,25.359766006469727,1350300,0.0,0.0,0.0
2015-11-03 00:00:00-05:00,25.280156206485252,25.52782804396662,25.156321131307752,25.448219299316406,1187000,0.0,0.0,0.0
2015-11-04 00:00:00-05:00,25.35977058636453,25.439379348704712,25.09440916998175,25.112098693847656,1465800,0.0,0.0,0.0
2015-11-05 00:00:00-05:00,24.95287505159273,24.95287505159273,24.811348772602322,24.846731185913086,1966100,0.0,0.0,0.0
2015-11-06 00:00:00-05:00,24.599059354116708,24.85557678924078,24.48406988510937,24.846731185913086,2395200,0.0,0.0,0.0
2015-11-09 00:00:00-05:00,24.351391012038167,24.404462948806597,24.077182349960648,24.121410369873047,4678200,0.0,0.0,0.0
2015-11-10 00:00:00-05:00,24.024110075280394,24.041801282996516,23.917966203236507,23.96219253540039,1448900,0.0,0.0,0.0
2015-11-11 00:00:00-05:00,24.139097260129077,24.20101478980493,23.935651779174805,23.935651779174805,951700,0.0,0.0,0.0
2015-11-12 00:00:00-05:00,23.97103796898995,24.032955508430152,23.838357286314324,23.882583618164062,889500,0.0,0.0,0.0
2015-11-13 00:00:00-05:00,23.82950701151683,23.90911574294278,23.670289548664933,23.794124603271484,4246000,0.0,0.0,0.0
2015-11-16 00:00:00-05:00,23.87373688841057,24.307161331176758,23.87373688841057,24.307161331176758,2355700,0.0,0.0,0.0
2015-11-17 00:00:00-05:00,24.139102090171423,24.18332842389604,23.988730193530643,24.050647735595703,1849300,0.0,0.0,0.0
2015-11-18 00:00:00-05:00,23.76759179047495,24.05948993831874,23.76759179047495,24.00641632080078,1352900,0.0,0.0,0.0
2015-11-19 00:00:00-05:00,24.121407782599125,24.20101652277612,24.094870973498036,24.11256217956543,1367900,0.0,0.0,0.0
2015-11-20 00:00:00-05:00,24.245245109813123,24.39561700114397,24.192173173792362,24.27178192138672,2183100,0.0,0.0,0.0
2015-11-23 00:00:00-05:00,24.165636955713175,24.174482559788284,23.944501915214882,23.997573852539062,1638600,0.0,0.0,0.0
2015-11-24 00:00:00-05:00,23.988725347481502,24.174477936152126,23.944497335565057,24.139097213745117,1855200,0.0,0.0,0.0
2015-11-25 00:00:00-05:00,24.112562595398987,24.121408198585232,23.97988192185794,24.068334579467773,1234900,0.0,0.0,0.0
2015-11-27 00:00:00-05:00,24.147945915742618,24.156791519879334,24.006419623808164,24.07718276977539,1712700,0.0,0.0,0.0
2015-11-30 00:00:00-05:00,24.20101421027772,24.324849266664017,24.130251079896105,24.289466857910156,2550500,0.0,0.0,0.0
2015-12-01 00:00:00-05:00,24.27177955633273,24.41330583001533,24.262933953336788,24.395614624023438,2129600,0.0,0.0,0.0
2015-12-02 00:00:00-05:00,24.1921737679385,24.201019372013608,23.962193123365097,23.997573852539062,2708700,0.0,0.0,0.0
2015-12-03 00:00:00-05:00,23.909118671890198,23.935653794198767,23.608374913466953,23.65260124206543,1942000,0.0,0.0,0.0
2015-12-04 00:00:00-05:00,23.63491302605262,23.979884843846285,23.617223504650934,23.92681121826172,2817100,0.0,0.0,0.0
2015-12-07 00:00:00-05:00,23.66144611926071,23.749900460870112,23.555300571904183,23.590682983398438,1790800,0.0,0.0,0.0
2015-12-08 00:00:00-05:00,23.369550025647605,23.422621960424426,23.25456055244343,23.36070442199707,1668900,0.0,0.0,0.0
2015-12-09 00:00:00-05:00,23.210328921078474,23.334163978655994,23.095339465774515,23.183792114257812,3318500,0.0,0.0,0.0
2015-12-10 00:00:00-05:00,23.40492965524504,23.511075206945993,23.34301211972211,23.396085739135742,1389100,0.0,0.0,0.0
2015-12-11 00:00:00-05:00,23.051109614849167,23.095337622687392,22.829974637036,22.900737762451172,2724400,0.0,0.0,0.0
2015-12-14 00:00:00-05:00,23.148414866226148,23.378395498473925,23.113032451822008,23.33416748046875,2248700,0.0,0.0,0.0
2015-12-15 00:00:00-05:00,23.661445570852855,23.749899910412125,23.581836833962132,23.608373641967773,2420200,0.0,0.0,0.0
2015-12-16 00:00:00-05:00,23.7587494564861,24.112565186322247,23.696831914655586,24.07718276977539,1590600,0.0,0.0,0.0
2015-12-17 00:00:00-05:00,24.31600598796163,24.33369719402902,24.094870973498036,24.11256217956543,2915400,0.0,0.0,0.0
2015-12-18 00:00:00-05:00,23.99757469600079,24.15679220069594,23.979885174355296,24.086029052734375,4469800,0.0,0.0,0.0
2015-12-21 00:00:00-05:00,24.326618432682796,24.353351593017578,24.246420651288112,24.353351593017578,3401300,0.2,0.0,0.0
2015-12-22 00:00:00-05:00,24.1483982440642,24.32661418300074,24.094933632344173,24.282060623168945,3500400,0.0,0.0,0.0
2015-12-23 00:00:00-05:00,24.576124456213545,24.665233296948397,24.495926669513153,24.629589080810547,3142800,0.0,0.0,0.0
2015-12-24 00:00:00-05:00,24.540477785805535,24.683051227004494,24.504833575701056,24.567209243774414,1258200,0.0,0.0,0.0
2015-12-28 00:00:00-05:00,24.469193322135563,24.61176848599765,24.469193322135563,24.58503532409668,1276500,0.0,0.0,0.0
2015-12-29 00:00:00-05:00,24.629590542897148,24.683056870277845,24.504839178228597,24.531572341918945,2690400,0.0,0.0,0.0
2015-12-30 00:00:00-05:00,24.50483610236202,24.50483610236202,24.326618432682796,24.353351593017578,800500,0.0,0.0,0.0
2015-12-31 00:00:00-05:00,24.495922169038252,24.63849560817603,24.495922169038252,24.504833221435547,548800,0.0,0.0,0.0
2016-01-04 00:00:00-05:00,23.943451120947945,24.077113511058347,23.88998480521618,23.988004684448242,1826600,0.0,0.0,0.0
2016-01-05 00:00:00-05:00,24.130577683208102,24.27315112331729,24.09493517298554,24.21968650817871,2235300,0.0,0.0,0.0
2016-01-06 00:00:00-05:00,23.89889896998753,23.943454238899385,23.747414454906675,23.863256454467773,1450700,0.0,0.0,0.0
2016-01-07 00:00:00-05:00,23.292958154708558,23.47117581005798,23.061275882598117,23.105831146240234,2467500,0.0,0.0,0.0
2016-01-08 00:00:00-05:00,23.364248067105787,23.364248067105787,23.007814407348633,23.007814407348633,3325500,0.0,0.0,0.0
2016-01-11 00:00:00-05:00,23.301871987030214,23.355336610168827,23.06127863349187,23.2484073638916,1798200,0.0,0.0,0.0
2016-01-12 00:00:00-05:00,23.284051053470456,23.301873161951857,23.025637278929377,23.141477584838867,1603800,0.0,0.0,0.0
2016-01-13 00:00:00-05:00,23.30187195915862,23.34642722806228,22.865240521561137,22.936527252197266,3080100,0.0,0.0,0.0
2016-01-14 00:00:00-05:00,22.927611758522733,23.21275862584902,22.85632504169116,23.1236515045166,4845300,0.0,0.0,0.0
2016-01-15 00:00:00-05:00,22.482074551802995,22.55336128511772,22.294947514205507,22.43752098083496,3126100,0.0,0.0,0.0
2016-01-19 00:00:00-05:00,22.615734961701282,22.615734961701282,22.24147922003674,22.428607940673828,1596700,0.0,0.0,0.0
2016-01-20 00:00:00-05:00,22.089994623840223,22.30385478753237,21.822668144517916,22.13454818725586,3341100,0.0,0.0,0.0
2016-01-21 00:00:00-05:00,22.11673099088936,22.214750891690827,21.911781834313448,22.01871109008789,2845100,0.0,0.0,0.0
2016-01-22 00:00:00-05:00,22.562267625701047,22.597911834716797,22.437516293364794,22.597911834716797,1790300,0.0,0.0,0.0
2016-01-25 00:00:00-05:00,22.59791158876701,22.59791158876701,22.22365589622212,22.26820945739746,1991800,0.0,0.0,0.0
2016-01-26 00:00:00-05:00,22.410784520062702,22.553357965708155,22.38405306126014,22.517715454101562,1270900,0.0,0.0,0.0
2016-01-27 00:00:00-05:00,22.49098286259756,22.61573420577943,22.161282398585588,22.32167625427246,2251100,0.0,0.0,0.0
2016-01-28 00:00:00-05:00,22.473161746343916,22.508805960028404,22.286034723329323,22.455341339111328,2353300,0.0,0.0,0.0
2016-01-29 00:00:00-05:00,22.86524177942041,23.203855043277038,22.86524177942041,23.150388717651367,3074900,0.0,0.0,0.0
2016-02-01 00:00:00-05:00,22.927614989084955,23.132564116402428,22.90979288246353,23.061277389526367,2236100,0.0,0.0,0.0
2016-02-02 00:00:00-05:00,22.68701959691343,22.68701959691343,22.33949704727067,22.410783767700195,1477600,0.0,0.0,0.0
2016-02-03 00:00:00-05:00,22.384050262510083,22.776126339207774,22.16127906909167,22.6959285736084,2939100,0.0,0.0,0.0
2016-02-04 00:00:00-05:00,22.6959324678993,22.82959656657262,22.562270068835602,22.704843521118164,2390100,0.0,0.0,0.0
2016-02-05 00:00:00-05:00,22.81177434880354,22.874150021421535,22.562269958721938,22.669200897216797,1527000,0.0,0.0,0.0
2016-02-08 00:00:00-05:00,22.482068899493,22.5355352107442,22.20583308979925,22.446426391601562,1558600,0.0,0.0,0.0
2016-02-09 00:00:00-05:00,21.885047088374975,22.196927177787682,21.867226680107485,22.054353713989258,1426100,0.0,0.0,0.0
2016-02-10 00:00:00-05:00,21.991976245280895,22.098905484617873,21.76029396057129,21.76029396057129,1909900,0.0,0.0,0.0
2016-02-11 00:00:00-05:00,21.083069086614785,21.216731484790394,20.958317741598833,21.10980224609375,1822900,0.0,0.0,0.0
2016-02-12 00:00:00-05:00,21.234559312282823,21.421688079833984,21.1900057340902,21.421688079833984,1023600,0.0,0.0,0.0
2016-02-16 00:00:00-05:00,21.386037506945584,21.386037506945584,21.270197218277836,21.350393295288086,1641100,0.0,0.0,0.0
2016-02-17 00:00:00-05:00,21.706831350660234,21.831582707973528,21.671187134507996,21.79593849182129,1286100,0.0,0.0,0.0
2016-02-18 00:00:00-05:00,21.813763722884467,21.813763722884467,21.626636660124312,21.644458770751953,949300,0.0,0.0,0.0
2016-02-19 00:00:00-05:00,21.635545992102905,21.74247524813147,21.590990719082768,21.689010620117188,2647000,0.0,0.0,0.0
2016-02-22 00:00:00-05:00,21.902869381227145,22.107818524717,21.85831581076753,22.098907470703125,1038800,0.0,0.0,0.0
2016-02-23 00:00:00-05:00,21.67118147139654,21.733557133753184,21.475143432617188,21.475143432617188,4277700,0.0,0.0,0.0
2016-02-24 00:00:00-05:00,21.29693517870975,21.56426174891887,21.19000591031416,21.46624183654785,1615500,0.0,0.0,0.0
2016-02-25 00:00:00-05:00,21.34149027939921,21.421688079833984,21.234559312282823,21.421688079833984,1720100,0.0,0.0,0.0
2016-02-26 00:00:00-05:00,21.43059402615238,21.43059402615238,21.17218025445097,21.18109130859375,1075300,0.0,0.0,0.0
2016-02-29 00:00:00-05:00,21.4305934616261,21.54643546282091,21.35039567606346,21.40386199951172,1795800,0.0,0.0,0.0
2016-03-01 00:00:00-05:00,22.161283248036305,22.464250564575195,22.143461141295884,22.464250564575195,3423900,0.0,0.0,0.0
2016-03-02 00:00:00-05:00,22.597915287026,22.900884311507053,22.535539611328673,22.8652400970459,3968000,0.0,0.0,0.0
2016-03-03 00:00:00-05:00,22.954350125891118,23.0701904296875,22.90979485550037,23.0701904296875,4002300,0.0,0.0,0.0
2016-03-04 00:00:00-05:00,23.186028747110615,23.453353528518207,23.114742025427958,23.39097785949707,3271400,0.0,0.0,0.0
2016-03-07 00:00:00-05:00,23.177120633170208,23.399891879125775,23.13256536421326,23.2484073638916,1891200,0.0,0.0,0.0
2016-03-08 00:00:00-05:00,23.016723442306457,23.08801016800474,22.88306104407338,22.972169876098633,2530500,0.0,0.0,0.0
2016-03-09 00:00:00-05:00,23.212763069795834,23.3107829615581,23.177120554361196,23.2394962310791,1865200,0.0,0.0,0.0
2016-03-10 00:00:00-05:00,23.221672758440192,23.248405918151917,22.874150180235876,23.0167236328125,4484600,0.0,0.0,0.0
2016-03-11 00:00:00-05:00,23.203854898347185,23.471179726366564,23.203854898347185,23.444446563720703,2089800,0.0,0.0,0.0
2016-03-14 00:00:00-04:00,23.284046333851798,23.3642441061524,23.221670666420096,23.301868438720703,1156900,0.0,0.0,0.0
2016-03-15 00:00:00-04:00,22.883062786695263,22.954349517822266,22.820687109410347,22.954349517822266,1584900,0.0,0.0,0.0
2016-03-16 00:00:00-04:00,22.972172637143036,23.49791293971063,22.945439474439496,23.426626205444336,2012500,0.0,0.0,0.0
2016-03-17 00:00:00-04:00,23.275139708841483,23.471177786546434,23.23949549492622,23.417713165283203,1543400,0.0,0.0,0.0
2016-03-18 00:00:00-04:00,23.631572643788708,23.765235042757524,23.622661590576172,23.622661590576172,3660000,0.0,0.0,0.0
2016-03-21 00:00:00-04:00,23.872166139405664,24.014739592528905,23.854344032862855,23.970184326171875,1147800,0.0,0.0,0.0
2016-03-22 00:00:00-04:00,23.809791564941406,23.961276089140476,23.809791564941406,23.809791564941406,1056400,0.0,0.0,0.0
2016-03-23 00:00:00-04:00,23.87216692328588,23.907809437932254,23.69394925122496,23.774147033691406,1935900,0.0,0.0,0.0
2016-03-24 00:00:00-04:00,23.59592920420364,23.765235821570965,23.569197743299625,23.756324768066406,1224400,0.0,0.0,0.0
2016-03-28 00:00:00-04:00,23.64939501976986,23.76523531363395,23.622661859827545,23.67612648010254,1687100,0.0,0.0,0.0
2016-03-29 00:00:00-04:00,23.56919847808843,23.872167508250143,23.515732155394204,23.863256454467773,870000,0.0,0.0,0.0
2016-03-30 00:00:00-04:00,24.059291919599854,24.184043259752357,24.059291919599854,24.06820297241211,2089500,0.0,0.0,0.0
2016-03-31 00:00:00-04:00,24.121672068364354,24.237514076822606,24.103849959430796,24.166227340698242,1506500,0.0,0.0,0.0
2016-04-01 00:00:00-04:00,23.756326765227875,24.166226762849075,23.649397513403084,24.077117919921875,1214100,0.0,0.0,0.0
2016-04-04 00:00:00-04:00,24.11275812950856,24.175133803704714,23.996917834517074,24.032560348510742,746400,0.0,0.0,0.0
2016-04-05 00:00:00-04:00,23.560287317444846,23.64048510151271,23.462267425893074,23.542465209960938,1607200,0.0,0.0,0.0
2016-04-06 00:00:00-04:00,23.506816479957507,23.75632083797989,23.408798306842144,23.720678329467773,1627500,0.0,0.0,0.0
2016-04-07 00:00:00-04:00,23.38207110916353,23.39989321776586,23.0791020613632,23.159299850463867,2068000,0.0,0.0,0.0
2016-04-08 00:00:00-04:00,23.497908193059722,23.497908193059722,23.23058171885455,23.301868438720703,2283200,0.0,0.0,0.0
2016-04-11 00:00:00-04:00,23.702860146648707,23.827611496493226,23.693949093144145,23.756324768066406,866000,0.0,0.0,0.0
2016-04-12 00:00:00-04:00,23.934540817850444,24.148400988646145,23.845431988449846,24.09493637084961,1207300,0.0,0.0,0.0
2016-04-13 00:00:00-04:00,24.21078011148087,24.415729258598596,24.21078011148087,24.36226463317871,1450400,0.0,0.0,0.0
2016-04-14 00:00:00-04:00,24.388997902479254,24.48701609957658,24.371175794057994,24.397907257080078,2131000,0.0,0.0,0.0
2016-04-15 00:00:00-04:00,24.442461092919057,24.513747822808472,24.388996470404418,24.451372146606445,2453600,0.0,0.0,0.0
2016-04-18 00:00:00-04:00,24.415724750049336,24.593942401352773,24.406813697523216,24.567209243774414,1883800,0.0,0.0,0.0
2016-04-19 00:00:00-04:00,24.781073433730842,24.968202167978138,24.772162379756235,24.896915435791016,2024400,0.0,0.0,0.0
2016-04-20 00:00:00-04:00,24.54939110822872,24.736519842316003,24.531570699904496,24.58503532409668,3737600,0.0,0.0,0.0
2016-04-21 00:00:00-04:00,24.45136921122827,24.46028026384589,24.290973663330078,24.290973663330078,1686000,0.0,0.0,0.0
2016-04-22 00:00:00-04:00,24.32661781411652,24.39790454025363,24.21968857471566,24.237510681152344,1891700,0.0,0.0,0.0
2016-04-25 00:00:00-04:00,24.13949360008797,24.166226762849075,24.04147370290707,24.077117919921875,1582700,0.0,0.0,0.0
2016-04-26 00:00:00-04:00,24.49592466282096,24.593944549560547,24.433548989299275,24.593944549560547,1503100,0.0,0.0,0.0
2016-04-27 00:00:00-04:00,24.57612321533311,24.807805509701883,24.495925432682007,24.72760772705078,1917000,0.0,0.0,0.0
2016-04-28 00:00:00-04:00,24.21077693177541,24.32661722157299,24.1305791543734,24.148401260375977,1730100,0.0,0.0,0.0
2016-04-29 00:00:00-04:00,24.12166969006279,24.192956419158566,23.996918339047603,24.11275863647461,2549300,0.0,0.0,0.0
2016-05-02 00:00:00-04:00,24.12166829212539,24.192955017089844,24.068203673304446,24.192955017089844,1815400,0.0,0.0,0.0
2016-05-03 00:00:00-04:00,23.95236241479691,23.95236241479691,23.676126559571024,23.68503761291504,1979800,0.0,0.0,0.0
2016-05-04 00:00:00-04:00,23.720682885580576,23.765236454680625,23.48008953337698,23.542465209960938,2826900,0.0,0.0,0.0
2016-05-05 00:00:00-04:00,23.738502502441406,23.800878176946885,23.66721577449091,23.738502502441406,2103400,0.0,0.0,0.0
2016-05-06 00:00:00-04:00,23.765236326090083,23.898898732276724,23.74741421870261,23.836523056030273,1388200,0.0,0.0,0.0
2016-05-09 00:00:00-04:00,24.08602815641444,24.112759618658153,23.934543638464294,23.961275100708008,2633400,0.0,0.0,0.0
2016-05-10 00:00:00-04:00,24.07711512244144,24.237510681152344,24.07711512244144,24.237510681152344,1748000,0.0,0.0,0.0
2016-05-11 00:00:00-04:00,24.16622269296623,24.21077625712157,24.05038070678711,24.05038070678711,1423600,0.0,0.0,0.0
2016-05-12 00:00:00-04:00,24.18404350064065,24.27315233004125,24.04147005344352,24.09493637084961,1592300,0.0,0.0,0.0
2016-05-13 00:00:00-04:00,23.92562698369844,23.996913699010236,23.622658018720976,23.649391174316406,893700,0.0,0.0,0.0
2016-05-16 00:00:00-04:00,24.032556579934678,24.1038432963531,23.979091967523203,24.01473617553711,1490200,0.0,0.0,0.0
2016-05-17 00:00:00-04:00,24.032558247948543,24.121667074558644,23.907806910460103,23.988004684448242,877300,0.0,0.0,0.0
2016-05-18 00:00:00-04:00,23.88998775784958,24.103847948379727,23.720682835935946,23.845434188842773,1708400,0.0,0.0,0.0
2016-05-19 00:00:00-04:00,23.399889264670893,23.453353881835938,23.30186938352703,23.453353881835938,1324100,0.0,0.0,0.0
2016-05-20 00:00:00-04:00,23.497912889012426,23.533555406263766,23.390981938038788,23.444446563720703,1225300,0.0,0.0,0.0
2016-05-23 00:00:00-04:00,23.275144910682638,23.38207417710708,23.26623385521226,23.337520599365234,989500,0.0,0.0,0.0
2016-05-24 00:00:00-04:00,23.337513594710085,23.48008704022323,23.319691489118558,23.453353881835938,1574100,0.0,0.0,0.0
2016-05-25 00:00:00-04:00,23.92562928779077,24.0949358903144,23.898896129620876,24.04146957397461,1053100,0.0,0.0,0.0
2016-05-26 00:00:00-04:00,24.424640918298582,24.50483870822155,24.362265237160685,24.478105545043945,652500,0.0,0.0,0.0
2016-05-27 00:00:00-04:00,24.727607915112827,24.843448213373378,24.727607915112827,24.77216148376465,2166200,0.0,0.0,0.0
2016-05-31 00:00:00-04:00,24.718694012569387,24.77215862871158,24.62067413330078,24.62067413330078,2119700,0.0,0.0,0.0
2016-06-01 00:00:00-04:00,24.59394315459396,24.700872388963365,24.531567484610214,24.67414093017578,2735500,0.0,0.0,0.0
2016-06-02 00:00:00-04:00,24.69196100164333,24.977109588520875,24.69196100164333,24.941465377807617,2465800,0.0,0.0,0.0
2016-06-03 00:00:00-04:00,24.896912753431582,25.11077292695194,24.87017959438795,25.09295082092285,3299800,0.0,0.0,0.0
2016-06-06 00:00:00-04:00,24.9236459991816,25.12859683398613,24.90582559148487,25.057310104370117,2639700,0.0,0.0,0.0
2016-06-07 00:00:00-04:00,25.05730897495749,25.23552494115992,25.048397921705924,25.19097137451172,1943900,0.0,0.0,0.0
2016-06-08 00:00:00-04:00,25.199885178021248,25.36027905522557,25.19097412379715,25.333547592163086,2112000,0.0,0.0,0.0
2016-06-09 00:00:00-04:00,24.861267603312292,24.977109588520875,24.83453614488686,24.941465377807617,1373200,0.0,0.0,0.0
2016-06-10 00:00:00-04:00,24.70087190731882,24.80780283921271,24.567209517158588,24.62067413330078,1053300,0.0,0.0,0.0
2016-06-13 00:00:00-04:00,24.433551366941824,24.54939167195321,24.344442524835483,24.36226463317871,956600,0.0,0.0,0.0
2016-06-14 00:00:00-04:00,24.397905160632554,24.451371481302115,24.237511297452844,24.353351593017578,3304600,0.0,0.0,0.0
2016-06-15 00:00:00-04:00,24.77216148376465,24.923645996634413,24.674143292808704,24.77216148376465,4406700,0.0,0.0,0.0
2016-06-16 00:00:00-04:00,24.44246004260375,24.66523127638671,24.3087976422559,24.593944549560547,2051500,0.0,0.0,0.0
2016-06-17 00:00:00-04:00,24.64740753173828,24.67414068987505,24.540478298410257,24.64740753173828,893900,0.0,0.0,0.0
2016-06-20 00:00:00-04:00,24.81671863504216,24.888005370059908,24.683056219335114,24.745431900024414,1442900,0.0,0.0,0.0
2016-06-21 00:00:00-04:00,24.718698737039073,24.807807580713714,24.567214212675133,24.745431900024414,2153100,0.0,0.0,0.0
2016-06-22 00:00:00-04:00,24.789360264959285,24.816257112688472,24.619016982707215,24.66384506225586,1326300,0.169,0.0,0.0
2016-06-23 00:00:00-04:00,24.9238410984682,25.183838829956557,24.870049112994067,25.130046844482422,2070100,0.0,0.0,0.0
2016-06-24 00:00:00-04:00,24.09902104227744,24.421776345661442,23.901782640218453,23.982471466064453,3290800,0.0,0.0,0.0
2016-06-27 00:00:00-04:00,24.027300238347568,24.099023456282296,23.75833859859643,23.946611404418945,2105100,0.0,0.0,0.0
2016-06-28 00:00:00-04:00,24.30522410336637,24.43970489501953,24.215569672258916,24.43970489501953,1994900,0.0,0.0,0.0
2016-06-29 00:00:00-04:00,24.753498693277486,24.914876354286584,24.663844247159506,24.88797950744629,2043400,0.0,0.0,0.0
2016-06-30 00:00:00-04:00,24.932805416159688,25.076251843299207,24.78935898902017,25.03142547607422,2766900,0.0,0.0,0.0
2016-07-01 00:00:00-04:00,25.246599410709223,25.399011479219148,25.165910567967696,25.354185104370117,1272500,0.0,0.0,0.0
2016-07-05 00:00:00-04:00,25.21969358865151,25.264521657570906,25.004523987886344,25.0224552154541,1461700,0.0,0.0,0.0
2016-07-06 00:00:00-04:00,24.968669916859564,25.11211635571272,24.8521186165311,25.07625389099121,2323900,0.0,0.0,0.0
2016-07-07 00:00:00-04:00,25.139010459331114,25.210733670926253,24.98659842093942,25.067285537719727,1473200,0.0,0.0,0.0
2016-07-08 00:00:00-04:00,25.255560331638897,25.533487566061318,25.2376291010268,25.51555633544922,1696600,0.0,0.0,0.0
2016-07-11 00:00:00-04:00,25.739691223833333,25.838311280788115,25.72176170349121,25.72176170349121,1656100,0.0,0.0,0.0
2016-07-12 00:00:00-04:00,25.883143435269453,26.035555497299715,25.820384119125745,25.936935424804688,1869400,0.0,0.0,0.0
2016-07-13 00:00:00-04:00,25.936928282908898,25.936928282908898,25.784516262846243,25.901065826416016,1661500,0.0,0.0,0.0
2016-07-14 00:00:00-04:00,26.008654950678007,26.178998221679755,25.954862968788717,26.107275009155273,1931000,0.0,0.0,0.0
2016-07-15 00:00:00-04:00,25.96382793194682,25.96382793194682,25.79348636402104,25.865209579467773,2338700,0.0,0.0,0.0
2016-07-18 00:00:00-04:00,25.623142752146844,25.82038116455078,25.623142752146844,25.82038116455078,675900,0.0,0.0,0.0
2016-07-19 00:00:00-04:00,25.730729118084604,25.802452334517618,25.730729118084604,25.784521102905273,1344400,0.0,0.0,0.0
2016-07-20 00:00:00-04:00,25.811415107259503,25.88313831579238,25.730726283907995,25.83831024169922,1196700,0.0,0.0,0.0
2016-07-21 00:00:00-04:00,25.77555525890127,25.77555525890127,25.632108827305213,25.67693519592285,1500500,0.0,0.0,0.0
2016-07-22 00:00:00-04:00,25.927966964354884,26.01762141042438,25.84727813389397,25.990724563598633,919400,0.0,0.0,0.0
2016-07-25 00:00:00-04:00,26.116240100004223,26.12520571572881,25.954864147010674,26.035552978515625,1097200,0.0,0.0,0.0
2016-07-26 00:00:00-04:00,25.93692818622808,26.026582617110048,25.85623936943591,25.963823318481445,1071800,0.0,0.0,0.0
2016-07-27 00:00:00-04:00,26.187963821146752,26.313480733696803,26.062448618613082,26.232791900634766,2239900,0.0,0.0,0.0
2016-07-28 00:00:00-04:00,26.36727156340129,26.447960392926777,26.277617118371158,26.412097930908203,2051600,0.0,0.0,0.0
2016-07-29 00:00:00-04:00,26.421065096590343,26.528650778942033,26.322446740285738,26.492788314819336,3876300,0.0,0.0,0.0
2016-08-01 00:00:00-04:00,26.492788039023242,26.573476872442917,26.349341604058573,26.403135299682617,2553900,0.0,0.0,0.0
2016-08-02 00:00:00-04:00,26.49278828740952,26.510719519452316,26.241757878875976,26.385204315185547,1952500,0.0,0.0,0.0
2016-08-03 00:00:00-04:00,26.02658538296289,26.331409454345703,26.00865415287773,26.331409454345703,1411400,0.0,0.0,0.0
2016-08-04 00:00:00-04:00,26.241757516532367,26.34934148727083,26.196929437044354,26.232791900634766,1350100,0.0,0.0,0.0
2016-08-05 00:00:00-04:00,26.54658116018903,26.609338760375977,26.492787465729062,26.609338760375977,1480100,0.0,0.0,0.0
2016-08-08 00:00:00-04:00,26.59140752888932,26.681061976306246,26.582441913145992,26.609338760375977,1972500,0.0,0.0,0.0
2016-08-09 00:00:00-04:00,26.582440837428138,26.663129665836486,26.56450960666711,26.618303298950195,1332700,0.0,0.0,0.0
2016-08-10 00:00:00-04:00,26.385204089523366,26.385204089523366,26.18796395877232,26.277618408203125,1256600,0.0,0.0,0.0
2016-08-11 00:00:00-04:00,26.31348063314241,26.5555471314035,26.30451501727907,26.528650283813477,3001700,0.0,0.0,0.0
2016-08-12 00:00:00-04:00,26.528649100761285,26.716921895446248,26.528649100761285,26.600372314453125,1621800,0.0,0.0,0.0
2016-08-15 00:00:00-04:00,26.645200729370117,26.725889564726206,26.627271207081545,26.645200729370117,2658400,0.0,0.0,0.0
2016-08-16 00:00:00-04:00,26.49278912041179,26.49278912041179,26.349342679591892,26.3941707611084,1339900,0.0,0.0,0.0
2016-08-17 00:00:00-04:00,26.33140876677352,26.430027109634306,26.178996735061933,26.36726951599121,1342700,0.0,0.0,0.0
2016-08-18 00:00:00-04:00,26.438993106117138,26.52864754547989,26.394166741443865,26.519681930541992,889000,0.0,0.0,0.0
2016-08-19 00:00:00-04:00,26.35830297070611,26.447957405609703,26.250719016834687,26.42106056213379,902000,0.0,0.0,0.0
2016-08-22 00:00:00-04:00,26.071409812752734,26.14313301775279,25.99968660775268,26.09830665588379,1230100,0.0,0.0,0.0
2016-08-23 00:00:00-04:00,26.277619126461303,26.304515975030647,26.107277548904783,26.116241455078125,1109400,0.0,0.0,0.0
2016-08-24 00:00:00-04:00,26.250724320288498,26.438997132608442,26.21486185507529,26.3941707611084,1938900,0.0,0.0,0.0
2016-08-25 00:00:00-04:00,26.16106453760628,26.187959671020508,26.071410102854585,26.187959671020508,1133700,0.0,0.0,0.0
2016-08-26 00:00:00-04:00,26.178997397533447,26.286581357925158,25.76658765598863,25.97279167175293,4200500,0.0,0.0,0.0
2016-08-29 00:00:00-04:00,26.08037974210045,26.295549392700195,26.05348289451934,26.295549392700195,1500000,0.0,0.0,0.0
2016-08-30 00:00:00-04:00,26.60933863964578,26.645199392440034,26.39416899283122,26.438995361328125,2015500,0.0,0.0,0.0
2016-08-31 00:00:00-04:00,26.4569283892015,26.62727167908574,26.430031540267212,26.501754760742188,2642900,0.0,0.0,0.0
2016-09-01 00:00:00-04:00,26.501754290962946,26.681063193980126,26.42106545560686,26.645200729370117,1362600,0.0,0.0,0.0
2016-09-02 00:00:00-04:00,26.914162544402533,27.039677743325214,26.87830008184386,27.030712127685547,3554700,0.0,0.0,0.0
2016-09-06 00:00:00-04:00,27.272779001142414,27.47001741792322,27.218987016568807,27.41622543334961,3139900,0.0,0.0,0.0
2016-09-07 00:00:00-04:00,27.32657277881357,27.32657277881357,27.174160720840504,27.24588394165039,3777000,0.0,0.0,0.0
2016-09-08 00:00:00-04:00,27.210021002952125,27.27277860237312,27.093469709727714,27.15622901916504,1863300,0.0,0.0,0.0
2016-09-09 00:00:00-04:00,26.77968371206805,26.797613234658193,26.3941707611084,26.3941707611084,2494500,0.0,0.0,0.0
2016-09-12 00:00:00-04:00,26.295550249504693,26.7169239485737,26.295550249504693,26.645200729370117,2277000,0.0,0.0,0.0
2016-09-13 00:00:00-04:00,26.313479031411124,26.412097379872115,26.03555179663079,26.107275009155273,3506300,0.0,0.0,0.0
2016-09-14 00:00:00-04:00,26.295546994175385,26.46589025995195,26.268650149047648,26.331409454345703,2930500,0.0,0.0,0.0
2016-09-15 00:00:00-04:00,26.456925060809997,26.66312907998217,26.34037377344051,26.591405868530273,2094600,0.0,0.0,0.0
2016-09-16 00:00:00-04:00,26.43899605341559,26.45692728529027,26.277618386576236,26.403135299682617,2524700,0.0,0.0,0.0
2016-09-19 00:00:00-04:00,26.555547489043622,26.61830509091583,26.403135437346943,26.447961807250977,3299300,0.0,0.0,0.0
2016-09-20 00:00:00-04:00,26.483820798485105,26.58243914134589,26.36726951599121,26.36726951599121,2793300,0.0,0.0,0.0
2016-09-21 00:00:00-04:00,26.492785016860292,26.86036667827745,26.322443463531695,26.815540313720703,6081800,0.0,0.0,0.0
2016-09-22 00:00:00-04:00,26.97692180002702,27.084505774275144,26.932095429093042,27.04864501953125,2315100,0.0,0.0,0.0
2016-09-23 00:00:00-04:00,26.833473915134423,26.842439530841407,26.672096252441406,26.672096252441406,1093900,0.0,0.0,0.0
2016-09-26 00:00:00-04:00,26.510719519452316,26.546581983537912,26.376238699164148,26.385204315185547,2086400,0.0,0.0,0.0
2016-09-27 00:00:00-04:00,26.58244118986831,26.58244118986831,26.38520277893078,26.537614822387695,2555900,0.0,0.0,0.0
2016-09-28 00:00:00-04:00,26.68106188082266,26.93209399068842,26.609338665149064,26.905197143554688,1647800,0.0,0.0,0.0
2016-09-29 00:00:00-04:00,26.143135737266636,26.152101352576295,25.838311656803363,25.874174118041992,3257000,0.0,0.0,0.0
2016-09-30 00:00:00-04:00,26.277615077922718,26.438992724442773,26.277615077922718,26.36726951599121,1666700,0.0,0.0,0.0
2016-10-03 00:00:00-04:00,26.61830452531565,26.8962317748512,26.61830452531565,26.887266159057617,2181700,0.0,0.0,0.0
2016-10-04 00:00:00-04:00,26.932094954639002,26.99485255684757,26.672097219756193,26.725889205932617,3254800,0.0,0.0,0.0
2016-10-05 00:00:00-04:00,26.779679564078545,26.905194752850395,26.76174833424937,26.815540313720703,2316600,0.0,0.0,0.0
2016-10-06 00:00:00-04:00,26.58244321225979,26.75278649967518,26.537616841368788,26.70796012878418,1525800,0.0,0.0,0.0
2016-10-07 00:00:00-04:00,26.734854436456377,26.743820052359233,26.546581632545514,26.698993682861328,2200100,0.0,0.0,0.0
2016-10-10 00:00:00-04:00,26.77071502406444,26.86933337205226,26.707957427158668,26.806575775146484,2647700,0.0,0.0,0.0
2016-10-11 00:00:00-04:00,26.54658043788708,26.59140680536769,26.438994761910777,26.537614822387695,2155100,0.0,0.0,0.0
2016-10-12 00:00:00-04:00,26.46589317674372,26.564511533048325,26.421065096590343,26.492788314819336,1278900,0.0,0.0,0.0
2016-10-13 00:00:00-04:00,26.008654020382874,26.268650015228303,25.94589642542074,26.16106605529785,2313700,0.0,0.0,0.0
2016-10-14 00:00:00-04:00,26.29554686021902,26.358304455181152,26.152100440300945,26.16106605529785,1553800,0.0,0.0,0.0
2016-10-17 00:00:00-04:00,26.008654575718282,26.06244655683207,25.910034518662798,25.954862594604492,2487400,0.0,0.0,0.0
2016-10-18 00:00:00-04:00,26.492788067422502,26.555547379051163,26.39416971203882,26.510719299316406,1526200,0.0,0.0,0.0
2016-10-19 00:00:00-04:00,26.492789144430755,26.59140921384002,26.4569283892015,26.501754760742188,1389100,0.0,0.0,0.0
2016-10-20 00:00:00-04:00,26.52865064109136,26.609339474931744,26.430030575282803,26.447961807250977,1272100,0.0,0.0,0.0
2016-10-21 00:00:00-04:00,26.41209934331463,26.483824271187327,26.34934174144242,26.447961807250977,696000,0.0,0.0,0.0
2016-10-24 00:00:00-04:00,26.492783034096107,26.519679876826867,26.40313031169237,26.474853515625,705900,0.0,0.0,0.0
2016-10-25 00:00:00-04:00,26.42106149482584,26.492784703277398,26.34933828637428,26.36726951599121,1610600,0.0,0.0,0.0
2016-10-26 00:00:00-04:00,26.196930873817507,26.223827722985472,26.062450048010618,26.143138885498047,1242300,0.0,0.0,0.0
2016-10-27 00:00:00-04:00,26.161068197456242,26.178999428918324,25.901070471305093,25.910036087036133,1851300,0.0,0.0,0.0
2016-10-28 00:00:00-04:00,26.187962976938465,26.187962976938465,25.901070117529134,25.990724563598633,2307800,0.0,0.0,0.0
2016-10-31 00:00:00-04:00,25.963828052718913,26.098310578571393,25.954864147010674,26.035552978515625,1822400,0.0,0.0,0.0
2016-11-01 00:00:00-04:00,26.071415058695102,26.107277523419217,25.847279784218692,26.008657455444336,2437900,0.0,0.0,0.0
2016-11-02 00:00:00-04:00,25.802451130152868,25.85624311246272,25.542453413958718,25.62314224243164,2958000,0.0,0.0,0.0
2016-11-03 00:00:00-04:00,25.63210702670275,25.676933392171428,25.47072937498955,25.61417579650879,3429100,0.0,0.0,0.0
2016-11-04 00:00:00-04:00,25.291422939553065,25.372111773214797,25.139012598210233,25.17487335205078,2706200,0.0,0.0,0.0
2016-11-07 00:00:00-05:00,25.506593169820952,25.856243626814944,25.506593169820952,25.82038116455078,3767600,0.0,0.0,0.0
2016-11-08 00:00:00-05:00,25.685899925876264,25.829346352525594,25.282457492181123,25.32728385925293,5771300,0.0,0.0,0.0
2016-11-09 00:00:00-05:00,25.192804453192327,25.407974105167774,24.995564323035875,25.363147735595703,5552000,0.0,0.0,0.0
2016-11-10 00:00:00-05:00,25.23762926679953,25.282457343624223,24.67280917893864,24.923839569091797,6456000,0.0,0.0,0.0
2016-11-11 00:00:00-05:00,24.269362680600068,24.278328295094283,23.72247216656582,23.79419708251953,9017000,0.0,0.0,0.0
2016-11-14 00:00:00-05:00,23.883852942873222,23.973507389568976,23.695580143826845,23.830060958862305,2553700,0.0,0.0,0.0
2016-11-15 00:00:00-05:00,23.596964314054016,23.973511689704523,23.587998696774644,23.919719696044922,4611900,0.0,0.0,0.0
2016-11-16 00:00:00-05:00,23.659716445957013,23.713510137175902,23.507304407535994,23.561098098754883,3776500,0.0,0.0,0.0
2016-11-17 00:00:00-05:00,23.6776503150869,23.740407918486625,23.570066340692073,23.632823944091797,4523400,0.0,0.0,0.0
2016-11-18 00:00:00-05:00,23.632820930632665,23.686612910970975,23.4086856842041,23.4086856842041,4298200,0.0,0.0,0.0
2016-11-21 00:00:00-05:00,23.22041223728568,23.283169835518986,23.15765463905237,23.1666202545166,3039000,0.0,0.0,0.0
2016-11-22 00:00:00-05:00,23.363859176635742,23.408687254939174,23.274204730045213,23.363859176635742,2863900,0.0,0.0,0.0
2016-11-23 00:00:00-05:00,23.229377605842053,23.247308836579922,23.12179364144742,23.184551239013672,1854100,0.0,0.0,0.0
2016-11-25 00:00:00-05:00,23.650753108188887,23.803165161286337,23.650753108188887,23.713512420654297,1170600,0.0,0.0,0.0
2016-11-28 00:00:00-05:00,23.7852345905226,23.839026574533516,23.74040651216655,23.830060958862305,2745700,0.0,0.0,0.0
2016-11-29 00:00:00-05:00,23.830059777703642,23.937645450409235,23.80316293202318,23.901782989501953,2050400,0.0,0.0,0.0
2016-11-30 00:00:00-05:00,24.224539156423837,24.224539156423837,24.099022248814713,24.143850326538086,5510900,0.0,0.0,0.0
2016-12-01 00:00:00-05:00,24.143853926815645,24.143853926815645,23.928684251706787,24.03626823425293,2215600,0.0,0.0,0.0
2016-12-02 00:00:00-05:00,23.79419708251953,23.946607398872825,23.758334624542673,23.79419708251953,3435200,0.0,0.0,0.0
2016-12-05 00:00:00-05:00,24.000404357910156,24.045230726476472,23.928681142194243,24.000404357910156,2021000,0.0,0.0,0.0
2016-12-06 00:00:00-05:00,24.188673850841276,24.224536308804304,24.134881873912846,24.19763946533203,3030500,0.0,0.0,0.0
2016-12-07 00:00:00-05:00,24.28729394436472,24.430740356445312,24.215570738324423,24.430740356445312,2350700,0.0,0.0,0.0
2016-12-08 00:00:00-05:00,24.71763635521847,24.71763635521847,24.610052387348528,24.699705123901367,2270200,0.0,0.0,0.0
2016-12-09 00:00:00-05:00,24.56522593485367,24.64591477110452,24.529365179862435,24.61005401611328,1628900,0.0,0.0,0.0
2016-12-12 00:00:00-05:00,24.43074452890806,24.466606993061124,24.30522932440516,24.350055694580078,1225600,0.0,0.0,0.0
2016-12-13 00:00:00-05:00,24.34108723011489,24.538327339842613,24.34108723011489,24.529361724853516,1523600,0.0,0.0,0.0
2016-12-14 00:00:00-05:00,24.332122747344652,24.529362866250324,23.964541065768454,23.991437911987305,4500600,0.0,0.0,0.0
2016-12-15 00:00:00-05:00,24.1169490814209,24.206603510500024,24.045225880160796,24.1169490814209,2303900,0.0,0.0,0.0
2016-12-16 00:00:00-05:00,24.125916703935523,24.179708681855054,24.027296652736265,24.0541934967041,2066700,0.0,0.0,0.0
2016-12-19 00:00:00-05:00,24.027299603381596,24.054196450652473,23.901784402816894,23.937646865844727,1782400,0.0,0.0,0.0
2016-12-20 00:00:00-05:00,23.83006275386701,23.910751590969458,23.812131521173917,23.892820358276367,1479800,0.0,0.0,0.0
2016-12-21 00:00:00-05:00,23.89641188031649,23.89641188031649,23.734584888465115,23.76155662536621,2094000,0.074,0.0,0.0
2016-12-22 00:00:00-05:00,23.437904357910156,23.509827280135386,23.339009696808816,23.437904357910156,2405300,0.0,0.0,0.0
2016-12-23 00:00:00-05:00,23.43790509674671,23.500837441330397,23.41093507179815,23.473867416381836,2756600,0.0,0.0,0.0
2016-12-27 00:00:00-05:00,23.59074463381905,23.653676986694336,23.437908184788498,23.653676986694336,1976200,0.0,0.0,0.0
2016-12-28 00:00:00-05:00,23.590740787550878,23.590740787550878,23.46487610232147,23.5727596282959,3757700,0.0,0.0,0.0
2016-12-29 00:00:00-05:00,23.74358119628974,23.977331161499023,23.74358119628974,23.977331161499023,1929300,0.0,0.0,0.0
2016-12-30 00:00:00-05:00,24.094200796271718,24.130163114114538,24.02227787536377,24.103191375732422,8110100,0.0,0.0,0.0
2017-01-03 00:00:00-05:00,24.085215847787676,24.21108055114746,24.022281781329813,24.21108055114746,6714300,0.0,0.0,0.0
2017-01-04 00:00:00-05:00,24.282999665052664,24.363913165853358,24.238046767509108,24.345932006835938,3286200,0.0,0.0,0.0
2017-01-05 00:00:00-05:00,24.58867333974968,24.678577423095703,24.53473157565317,24.678577423095703,2464700,0.0,0.0,0.0
2017-01-06 00:00:00-05:00,24.43583616583848,24.43583616583848,24.327950926164217,24.37290382385254,1899400,0.0,0.0,0.0
2017-01-09 00:00:00-05:00,24.372903116686707,24.381893695963516,24.28299903869629,24.28299903869629,2181400,0.0,0.0,0.0
2017-01-10 00:00:00-05:00,24.408865713401646,24.516750958760706,24.408865713401646,24.444828033447266,1951500,0.0,0.0,0.0
2017-01-11 00:00:00-05:00,24.570692182853552,24.822423273294824,24.570692182853552,24.813432693481445,3744100,0.0,0.0,0.0
2017-01-12 00:00:00-05:00,24.858385747025213,24.89434806898295,24.759492791197225,24.86737632751465,2249300,0.0,0.0,0.0
2017-01-13 00:00:00-05:00,24.7774722373982,24.86737632751465,24.73252104972892,24.86737632751465,2569200,0.0,0.0,0.0
2017-01-17 00:00:00-05:00,24.885360079182846,24.885360079182846,24.73252362450722,24.741514205932617,2502300,0.0,0.0,0.0
2017-01-18 00:00:00-05:00,24.903337286083897,24.930307311297774,24.741510275689446,24.76848030090332,3228600,0.0,0.0,0.0
2017-01-19 00:00:00-05:00,24.876366873806337,24.876366873806337,24.69655869382062,24.786462783813477,2347000,0.0,0.0,0.0
2017-01-20 00:00:00-05:00,24.606654966715197,24.633624991886798,24.525741461644806,24.552711486816406,1701300,0.0,0.0,0.0
2017-01-23 00:00:00-05:00,24.678577968725936,24.87636558463796,24.678577968725936,24.849393844604492,2710000,0.0,0.0,0.0
2017-01-24 00:00:00-05:00,25.029198985859576,25.12809363923476,24.975257227099288,25.10112190246582,2966800,0.0,0.0,0.0
2017-01-25 00:00:00-05:00,25.370834434026314,25.541652017628138,25.325883250604758,25.53266143798828,5878700,0.0,0.0,0.0
2017-01-26 00:00:00-05:00,25.496700750352254,25.496700750352254,25.334873746922508,25.370834350585938,3879900,0.0,0.0,0.0
2017-01-27 00:00:00-05:00,25.487714151640038,25.496704732654557,25.388819475258337,25.424781799316406,2419700,0.0,0.0,0.0
2017-01-30 00:00:00-05:00,25.48771149834529,25.550643844117605,25.397807412337208,25.523672103881836,2837700,0.0,0.0,0.0
2017-01-31 00:00:00-05:00,25.33487328637723,25.496700286865234,25.307901548036664,25.496700286865234,2834400,0.0,0.0,0.0
2017-02-01 00:00:00-05:00,25.892278679618794,25.910259840724887,25.676509890679394,25.757423400878906,6845300,0.0,0.0,0.0
2017-02-02 00:00:00-05:00,25.991170256640302,26.01814199508842,25.856314993955117,25.928237915039062,4208300,0.0,0.0,0.0
2017-02-03 00:00:00-05:00,26.0361233130681,26.117036819458008,25.99117212719718,26.117036819458008,2308200,0.0,0.0,0.0
2017-02-06 00:00:00-05:00,26.117038801387206,26.17997286707129,26.090068773729126,26.144010543823242,2199700,0.0,0.0,0.0
2017-02-07 00:00:00-05:00,26.054104552095684,26.054104552095684,25.97319104546115,26.009153366088867,1932800,0.0,0.0,0.0
2017-02-08 00:00:00-05:00,26.17996963618338,26.305834322462584,26.12602615796851,26.260881423950195,3403900,0.0,0.0,0.0
2017-02-09 00:00:00-05:00,26.41371726989746,26.467660746928967,26.386747246159413,26.41371726989746,2803400,0.0,0.0,0.0
2017-02-10 00:00:00-05:00,26.404728447955858,26.494630813598633,26.32381494705519,26.494630813598633,1993200,0.0,0.0,0.0
2017-02-13 00:00:00-05:00,26.431698428907964,26.449679587918464,26.35078492813841,26.41371726989746,1856600,0.0,0.0,0.0
2017-02-14 00:00:00-05:00,26.36876546034089,26.3957371982155,26.22491962123162,26.350784301757812,1480100,0.0,0.0,0.0
2017-02-15 00:00:00-05:00,26.072086410052613,26.15299991885225,26.05410524925761,26.099058151245117,3128600,0.0,0.0,0.0
2017-02-16 00:00:00-05:00,26.28785577606053,26.350788125455583,26.2069422654732,26.215932846069336,4081200,0.0,0.0,0.0
2017-02-17 00:00:00-05:00,26.215929110443582,26.269870871556094,26.188957372498493,26.242900848388672,2753800,0.0,0.0,0.0
2017-02-21 00:00:00-05:00,26.575543158597313,26.665447235107422,26.530591977731074,26.665447235107422,3460300,0.0,0.0,0.0
2017-02-22 00:00:00-05:00,26.62050122515512,26.647471253002617,26.557568873807003,26.629491806030273,2520100,0.0,0.0,0.0
2017-02-23 00:00:00-05:00,26.818285727574946,26.863236911922247,26.755353383577617,26.854248046875,2254800,0.0,0.0,0.0
2017-02-24 00:00:00-05:00,26.638480672127464,26.69242415737839,26.593529482529657,26.629491806030273,1828800,0.0,0.0,0.0
2017-02-27 00:00:00-05:00,26.683432871897512,26.728384060308333,26.62949110284894,26.674442291259766,1679200,0.0,0.0,0.0
2017-02-28 00:00:00-05:00,26.710402899032836,26.836269313183394,26.5845381996602,26.674442291259766,4029300,0.0,0.0,0.0
2017-03-01 00:00:00-05:00,26.89020792271752,27.10597668833757,26.86323618397337,27.087995529174805,6323100,0.0,0.0,0.0
2017-03-02 00:00:00-05:00,26.692425923678698,26.764348860661276,26.575550079345703,26.575550079345703,3469900,0.0,0.0,0.0
2017-03-03 00:00:00-05:00,26.75535462512431,26.87222873871734,26.72838288439768,26.845258712768555,3535600,0.0,0.0,0.0
2017-03-06 00:00:00-05:00,26.953141620370772,26.953141620370772,26.83626750949111,26.91718101501465,2710000,0.0,0.0,0.0
2017-03-07 00:00:00-05:00,26.890210444316065,26.93516163166051,26.84525925697162,26.8812198638916,2517000,0.0,0.0,0.0
2017-03-08 00:00:00-05:00,26.75535580222158,26.764346382859326,26.674442291259766,26.674442291259766,2471400,0.0,0.0,0.0
2017-03-09 00:00:00-05:00,26.782325123052658,26.881218071572274,26.728381644102576,26.854248046875,3621600,0.0,0.0,0.0
2017-03-10 00:00:00-05:00,26.863236800095248,27.01607322692871,26.836266775510243,27.01607322692871,2531300,0.0,0.0,0.0
2017-03-13 00:00:00-04:00,27.708333461095876,27.753286361694336,27.60044992921522,27.753286361694336,4905300,0.0,0.0,0.0
2017-03-14 00:00:00-04:00,27.70833276122332,27.744295080793734,27.627419256967677,27.663381576538086,3814400,0.0,0.0,0.0
2017-03-15 00:00:00-04:00,27.744296427510427,28.202805735622672,27.67237349965622,28.16684341430664,6322100,0.0,0.0,0.0
2017-03-16 00:00:00-04:00,28.17583212361961,28.21179272776982,28.07693746134548,28.112899780273438,2737300,0.0,0.0,0.0
2017-03-17 00:00:00-04:00,28.067948791116912,28.094920532147803,27.9690558368927,27.978046417236328,3139400,0.0,0.0,0.0
2017-03-20 00:00:00-04:00,28.022995583457643,28.17583200872271,27.969053820063422,28.139869689941406,2525100,0.0,0.0,0.0
2017-03-21 00:00:00-04:00,28.03198358413474,28.058953605961666,27.6723690032959,27.6723690032959,4882400,0.0,0.0,0.0
2017-03-22 00:00:00-04:00,27.591458691403275,27.78025572508302,27.591458691403275,27.744295120239258,2855800,0.0,0.0,0.0
2017-03-23 00:00:00-04:00,27.80722688378893,27.960063309431515,27.75328512026147,27.897130966186523,2327600,0.0,0.0,0.0
2017-03-24 00:00:00-04:00,27.85218048095703,27.92410341015159,27.80722929325214,27.85218048095703,2639900,0.0,0.0,0.0
2017-03-27 00:00:00-04:00,27.8162194006067,27.987035282802097,27.780257079232175,27.978046417236328,2623300,0.0,0.0,0.0
2017-03-28 00:00:00-04:00,28.04097616144245,28.193812583538588,28.04097616144245,28.15785026550293,1701600,0.0,0.0,0.0
2017-03-29 00:00:00-04:00,28.28371573621155,28.409582138061523,28.238764552193686,28.409582138061523,3360700,0.0,0.0,0.0
2017-03-30 00:00:00-04:00,28.27472613437221,28.41857197721396,28.22078265722327,28.373619079589844,2718800,0.0,0.0,0.0
2017-03-31 00:00:00-04:00,28.301695532124246,28.44554137178407,28.2927049527983,28.310686111450195,2478500,0.0,0.0,0.0
2017-04-03 00:00:00-04:00,28.4994906469754,28.625355353594983,28.427567712510207,28.60737419128418,3208900,0.0,0.0,0.0
2017-04-04 00:00:00-04:00,28.490495567001208,28.553427910373607,28.4005914844216,28.517465591430664,1539400,0.0,0.0,0.0
2017-04-05 00:00:00-04:00,28.64333003058066,28.679290632282168,28.427561276038706,28.43655014038086,2720000,0.0,0.0,0.0
2017-04-06 00:00:00-04:00,28.697274538920396,28.787178623950922,28.679293378958732,28.769197463989258,4517300,0.0,0.0,0.0
2017-04-07 00:00:00-04:00,28.66131528744599,28.814151733927048,28.66131528744599,28.733238220214844,3550700,0.0,0.0,0.0
2017-04-10 00:00:00-04:00,28.60737041493609,28.62535157487327,28.4994868848686,28.553428649902344,1752000,0.0,0.0,0.0
2017-04-11 00:00:00-04:00,28.742224981553615,28.742224981553615,28.47251444820722,28.598379135131836,2401300,0.0,0.0,0.0
2017-04-12 00:00:00-04:00,28.54443795365842,28.54443795365842,28.355640919420473,28.44554328918457,5299900,0.0,0.0,0.0
2017-04-13 00:00:00-04:00,28.490497559438264,28.49948813980274,28.247757033930984,28.274728775024414,4551300,0.0,0.0,0.0
2017-04-17 00:00:00-04:00,28.373619200328367,28.49948559943378,28.283715119475275,28.481504440307617,1947300,0.0,0.0,0.0
2017-04-18 00:00:00-04:00,28.157850258160327,28.166840837666896,28.005013836104048,28.022994995117188,3326200,0.0,0.0,0.0
2017-04-19 00:00:00-04:00,28.049969890432923,28.193815749171318,27.978046961063725,28.014007568359375,2682400,0.0,0.0,0.0
2017-04-20 00:00:00-04:00,28.301698684692383,28.310689265019803,28.148862248681933,28.301698684692383,2033400,0.0,0.0,0.0
2017-04-21 00:00:00-04:00,28.13987410795207,28.13987410795207,27.96905821125569,27.987037658691406,3905300,0.0,0.0,0.0
2017-04-24 00:00:00-04:00,28.391602879214695,28.571411056878887,28.391602879214695,28.5444393157959,4550700,0.0,0.0,0.0
2017-04-25 00:00:00-04:00,28.859102398500603,28.94001591073982,28.76920002025965,28.91304588317871,4282300,0.0,0.0,0.0
2017-04-26 00:00:00-04:00,28.97597577502571,29.11083276049939,28.966986909786748,29.011938095092773,2321700,0.0,0.0,0.0
2017-04-27 00:00:00-04:00,28.940017204648186,28.940017204648186,28.850114822387695,28.850114822387695,2711800,0.0,0.0,0.0
2017-04-28 00:00:00-04:00,28.82314242005005,28.85910131225942,28.733236615637207,28.841123580932617,1988600,0.0,0.0,0.0
2017-05-01 00:00:00-04:00,28.85010898669822,28.922030192047455,28.841120122112823,28.877079010009766,1347400,0.0,0.0,0.0
2017-05-02 00:00:00-04:00,29.0209294857862,29.074872970581055,28.93102710735068,29.074872970581055,2987400,0.0,0.0,0.0
2017-05-03 00:00:00-04:00,28.931028338244555,28.95799836701149,28.841125955984065,28.850114822387695,2196300,0.0,0.0,0.0
2017-05-04 00:00:00-04:00,28.99395372286582,29.038904903191778,28.796164413965347,28.805156707763672,4002200,0.0,0.0,0.0
2017-05-05 00:00:00-04:00,28.6972738418624,28.81414794921875,28.56241857498115,28.81414794921875,1565200,0.0,0.0,0.0
2017-05-08 00:00:00-04:00,28.805162367018468,28.832132394601707,28.634344761620163,28.643335342407227,2088300,0.0,0.0,0.0
2017-05-09 00:00:00-04:00,28.67929396189696,28.79616807446778,28.670303381733383,28.751216888427734,3329900,0.0,0.0,0.0
2017-05-10 00:00:00-04:00,29.038906879140495,29.15578269958496,28.966985671636138,29.15578269958496,3091100,0.0,0.0,0.0
2017-05-11 00:00:00-04:00,29.1647707535825,29.23669538864262,29.074868389312712,29.227703094482422,2268500,0.0,0.0,0.0
2017-05-12 00:00:00-04:00,29.182750280460898,29.272656069258556,29.101836785320593,29.254674911499023,1581800,0.0,0.0,0.0
2017-05-15 00:00:00-04:00,29.398525274129764,29.47943878173828,29.29963060599094,29.47943878173828,2794400,0.0,0.0,0.0
2017-05-16 00:00:00-04:00,29.497417960702396,29.614290351964616,29.497417960702396,29.58732032775879,3241400,0.0,0.0,0.0
2017-05-17 00:00:00-04:00,29.443472576448766,29.443472576448766,29.12881088256836,29.12881088256836,3370500,0.0,0.0,0.0
2017-05-18 00:00:00-04:00,28.742228949299584,28.850114206397905,28.553431892850003,28.787181854248047,4405100,0.0,0.0,0.0
2017-05-19 00:00:00-04:00,28.82314210588338,29.002946853637695,28.82314210588338,29.002946853637695,2880400,0.0,0.0,0.0
2017-05-22 00:00:00-04:00,28.868095984751,28.90405830947762,28.80516363125745,28.850114822387695,1959400,0.0,0.0,0.0
2017-05-23 00:00:00-04:00,28.517465079812006,28.517465079812006,28.409581554474165,28.427562713623047,3358800,0.0,0.0,0.0
2017-05-24 00:00:00-04:00,28.355639062350185,28.535445504880265,28.355639062350185,28.52645492553711,1770800,0.0,0.0,0.0
2017-05-25 00:00:00-04:00,28.787178777906803,28.877081148640336,28.697274692395464,28.82314109802246,2989400,0.0,0.0,0.0
2017-05-26 00:00:00-04:00,29.119824159798814,29.155786482995385,29.029921781363296,29.074872970581055,3792300,0.0,0.0,0.0
2017-05-30 00:00:00-04:00,29.182757306013205,29.272663116455078,29.146794981836454,29.272663116455078,2288700,0.0,0.0,0.0
2017-05-31 00:00:00-04:00,29.281653037736234,29.317615363208702,29.218720682937473,29.263671875,2968300,0.0,0.0,0.0
2017-06-01 00:00:00-04:00,29.344576725706027,29.54236602783203,29.263663232068577,29.54236602783203,3237800,0.0,0.0,0.0
2017-06-02 00:00:00-04:00,29.614291091566972,29.62328338623047,29.515399857157366,29.62328338623047,1894100,0.0,0.0,0.0
2017-06-05 00:00:00-04:00,29.668235895223912,29.7041982163721,29.623284708566533,29.641265869140625,1750100,0.0,0.0,0.0
2017-06-06 00:00:00-04:00,29.542368988116987,29.596309036243596,29.506406669662283,29.533376693725586,2107500,0.0,0.0,0.0
2017-06-07 00:00:00-04:00,29.605303981220338,29.61429284686107,29.47044698971907,29.5693416595459,2381800,0.0,0.0,0.0
2017-06-08 00:00:00-04:00,29.560351041808197,29.65025341110986,29.560351041808197,29.62328338623047,2038300,0.0,0.0,0.0
2017-06-09 00:00:00-04:00,29.596310555994112,29.605302850847263,29.353573467849092,29.416505813598633,2159400,0.0,0.0,0.0
2017-06-12 00:00:00-04:00,29.461455402203153,29.461455402203153,29.308617263985024,29.371549606323242,2795600,0.0,0.0,0.0
2017-06-13 00:00:00-04:00,29.46146058124141,29.497422905915204,29.3985282278403,29.470449447631836,2114400,0.0,0.0,0.0
2017-06-14 00:00:00-04:00,29.65025278549556,29.74015858245578,29.506406939914687,29.56035041809082,3202600,0.0,0.0,0.0
2017-06-15 00:00:00-04:00,29.24569009797871,29.353577072130026,29.128817686982188,29.20073890686035,2694800,0.0,0.0,0.0
2017-06-16 00:00:00-04:00,29.281651278372866,29.32660246773454,29.128816548632,29.31761360168457,3078600,0.0,0.0,0.0
2017-06-19 00:00:00-04:00,29.488430609968734,29.497422905915204,29.3985282278403,29.470449447631836,1451800,0.0,0.0,0.0
2017-06-20 00:00:00-04:00,29.456908618624222,29.456908618624222,29.23128890991211,29.23128890991211,1962600,0.125,0.0,0.0
2017-06-21 00:00:00-04:00,29.43885756967706,29.447884285603575,29.28543782576054,29.339584350585938,1520500,0.0,0.0,0.0
2017-06-22 00:00:00-04:00,29.24031562616338,29.348612122393803,29.213238920093115,29.23128890991211,2740500,0.0,0.0,0.0
2017-06-23 00:00:00-04:00,28.9966423592844,29.222262040231595,28.9966423592844,29.05078887939453,1001000,0.0,0.0,0.0
2017-06-26 00:00:00-04:00,29.32153780409975,29.34861106651245,29.231287858251722,29.339584350585938,1852700,0.0,0.0,0.0
2017-06-27 00:00:00-04:00,28.96957197719367,28.978598694303574,28.83420220469994,28.843225479125977,2658900,0.0,0.0,0.0
2017-06-28 00:00:00-04:00,28.87030210819869,29.032746877234082,28.83420384441595,29.023723602294922,2345200,0.0,0.0,0.0
2017-06-29 00:00:00-04:00,28.951525116867067,28.951525116867067,28.58150717972891,28.6807804107666,5327400,0.0,0.0,0.0
2017-06-30 00:00:00-04:00,28.888346924437517,29.03274340498306,28.888346924437517,28.96957015991211,3841900,0.0,0.0,0.0
2017-07-03 00:00:00-04:00,28.969570368131116,29.321540019506582,28.969570368131116,29.249340057373047,1648500,0.0,0.0,0.0
2017-07-05 00:00:00-04:00,29.222266951270985,29.4659366607666,29.222266951270985,29.4659366607666,2883600,0.0,0.0,0.0
2017-07-06 00:00:00-04:00,29.37568545206652,29.456908685093502,29.294462219039538,29.3215389251709,2265200,0.0,0.0,0.0
2017-07-07 00:00:00-04:00,29.456909930197867,29.520083176035374,29.348613429145527,29.438859939575195,2711200,0.0,0.0,0.0
2017-07-10 00:00:00-04:00,29.73667771959572,29.980347413397126,29.73667771959572,29.93522071838379,3751300,0.0,0.0,0.0
2017-07-11 00:00:00-04:00,29.926199710073103,29.96229969174275,29.80887649098862,29.90814971923828,1813900,0.0,0.0,0.0
2017-07-12 00:00:00-04:00,30.187918963104135,30.350365435512018,30.187918963104135,30.33231544494629,3407000,0.0,0.0,0.0
2017-07-13 00:00:00-04:00,30.37743418865847,30.41353416442871,30.29621096451701,30.41353416442871,2815200,0.0,0.0,0.0
2017-07-14 00:00:00-04:00,30.621108258424176,30.657208239378555,30.521835032141475,30.639158248901367,1834400,0.0,0.0,0.0
2017-07-17 00:00:00-04:00,30.639156988499476,30.639156988499476,30.494760513305664,30.494760513305664,1919300,0.0,0.0,0.0
2017-07-18 00:00:00-04:00,30.377443676046028,30.377443676046028,30.269147157595643,30.350370407104492,2883300,0.0,0.0,0.0
2017-07-19 00:00:00-04:00,30.59403574375169,30.666232264745936,30.557935761912688,30.621109008789062,2598300,0.0,0.0,0.0
2017-07-20 00:00:00-04:00,30.566952042413114,30.59402874393918,30.41353231872491,30.47670555114746,2974100,0.0,0.0,0.0
2017-07-21 00:00:00-04:00,30.521833776565902,30.557933756035236,30.476710523570997,30.494760513305664,1568400,0.0,0.0,0.0
2017-07-24 00:00:00-04:00,30.630133918384388,30.7745304107666,30.585010660018185,30.7745304107666,3363300,0.0,0.0,0.0
2017-07-25 00:00:00-04:00,30.837700196167727,30.846726912437113,30.72940369971998,30.747453689575195,1639200,0.0,0.0,0.0
2017-07-26 00:00:00-04:00,30.89185271837253,31.099422454833984,30.89185271837253,31.099422454833984,2523800,0.0,0.0,0.0
2017-07-27 00:00:00-04:00,30.955024982150835,31.0452749360138,30.70233199670197,30.801605224609375,3807900,0.0,0.0,0.0
2017-07-28 00:00:00-04:00,30.95502471923828,31.036247955683233,30.90990146403191,30.95502471923828,2305900,0.0,0.0,0.0
2017-07-31 00:00:00-04:00,31.144546026715588,31.144546026715588,30.95502627968489,31.00917625427246,1910200,0.0,0.0,0.0
2017-08-01 00:00:00-04:00,31.23479430714463,31.325040817260742,31.162594344904793,31.325040817260742,2555300,0.0,0.0,0.0
2017-08-02 00:00:00-04:00,31.325040817260742,31.37919078894062,31.225767590522807,31.325040817260742,2593400,0.0,0.0,0.0
2017-08-03 00:00:00-04:00,31.24382015896822,31.270896868384064,31.126500374674116,31.20772361755371,1694900,0.0,0.0,0.0
2017-08-04 00:00:00-04:00,31.42431716980938,31.496517139231027,31.352120643071764,31.4333438873291,2821100,0.0,0.0,0.0
2017-08-07 00:00:00-04:00,31.406263301478504,31.424313291606293,31.334066783650954,31.343090057373047,1021000,0.0,0.0,0.0
2017-08-08 00:00:00-04:00,31.189675089954992,31.252848343751523,31.10845184326172,31.10845184326172,1734300,0.0,0.0,0.0
2017-08-09 00:00:00-04:00,30.70233069229709,30.77452720963643,30.594034194946286,30.59403419494629,2927100,0.0,0.0,0.0
2017-08-10 00:00:00-04:00,30.296211881410287,30.38645838088397,29.718626022338867,29.718626022338867,5300800,0.0,0.0,0.0
2017-08-11 00:00:00-04:00,29.872047476585294,29.97132069732107,29.844974213724072,29.93522071838379,3275900,0.0,0.0,0.0
2017-08-14 00:00:00-04:00,30.314269628332845,30.377442882669342,30.124749865323356,30.305246353149414,2305900,0.0,0.0,0.0
2017-08-15 00:00:00-04:00,30.323284801573518,30.332311517029304,30.15181507742928,30.205965042114258,1619700,0.0,0.0,0.0
2017-08-16 00:00:00-04:00,30.494762905566667,30.63915939208813,30.37743968442929,30.6301326751709,4370200,0.0,0.0,0.0
2017-08-17 00:00:00-04:00,30.666231252297308,30.73843121359162,30.296215057373047,30.296215057373047,2876600,0.0,0.0,0.0
2017-08-18 00:00:00-04:00,30.341334212888224,30.49475738857017,30.287187691916035,30.41353416442871,2810200,0.0,0.0,0.0
2017-08-21 00:00:00-04:00,30.13376883202299,30.233042058267586,30.04352232235536,30.115718841552734,2440100,0.0,0.0,0.0
2017-08-22 00:00:00-04:00,30.196949792719114,30.296223044328258,30.16084980255496,30.24207305908203,2042800,0.0,0.0,0.0
2017-08-23 00:00:00-04:00,30.332314439025108,30.51281089601285,30.332314439025108,30.5037841796875,1814500,0.0,0.0,0.0
2017-08-24 00:00:00-04:00,30.539881556788245,30.675254748662447,30.539881556788245,30.585004806518555,2143100,0.0,0.0,0.0
2017-08-25 00:00:00-04:00,30.594040383110343,30.77453343430827,30.594040383110343,30.72941017150879,2120300,0.0,0.0,0.0
2017-08-28 00:00:00-04:00,30.891849517822266,30.927949496775557,30.82867627599575,30.891849517822266,1922000,0.0,0.0,0.0
2017-08-29 00:00:00-04:00,30.449637260310762,30.53988376630057,30.34133732190276,30.494760513305664,2331700,0.0,0.0,0.0
2017-08-30 00:00:00-04:00,30.657208239378555,30.657208239378555,30.57598500357304,30.639158248901367,1720300,0.0,0.0,0.0
2017-08-31 00:00:00-04:00,30.747459812295336,30.828683061475964,30.675263281181575,30.783559799194336,2500500,0.0,0.0,0.0
2017-09-01 00:00:00-04:00,31.0181973620891,31.162593841552734,31.009174088296714,31.162593841552734,2846800,0.0,0.0,0.0
2017-09-05 00:00:00-04:00,30.873806678077695,30.936979934533827,30.67526363322312,30.72941017150879,2734800,0.0,0.0,0.0
2017-09-06 00:00:00-04:00,30.900876233902327,30.900876233902327,30.810626286519106,30.891849517822266,1837700,0.0,0.0,0.0
2017-09-07 00:00:00-04:00,31.07234793692181,31.07234793692181,30.936974728618996,30.95502471923828,2561300,0.0,0.0,0.0
2017-09-08 00:00:00-04:00,30.982105163227093,30.982105163227093,30.80160867794842,30.82868194580078,2347900,0.0,0.0,0.0
2017-09-11 00:00:00-04:00,30.90990381497443,31.063323582881626,30.90990381497443,31.05430030822754,3198200,0.0,0.0,0.0
2017-09-12 00:00:00-04:00,31.1535686770496,31.216741917813227,31.063318731184832,31.189668655395508,1872800,0.0,0.0,0.0
2017-09-13 00:00:00-04:00,31.15356769154647,31.15356769154647,30.918921282404234,30.927947998046875,3729600,0.0,0.0,0.0
2017-09-14 00:00:00-04:00,31.0001499410928,31.045276641845703,30.9279534167192,31.045276641845703,2297600,0.0,0.0,0.0
2017-09-15 00:00:00-04:00,31.072345393901994,31.144541907786753,30.99112216410451,31.126495361328125,1964100,0.0,0.0,0.0
2017-09-18 00:00:00-04:00,31.2799201430667,31.2799201430667,31.135523649356752,31.20772361755371,1704700,0.0,0.0,0.0
2017-09-19 00:00:00-04:00,31.20772361755371,31.26187015101746,31.126500374674116,31.20772361755371,1872400,0.0,0.0,0.0
2017-09-20 00:00:00-04:00,31.135518098891914,31.171618076554925,30.78355192338595,30.93697166442871,3403300,0.0,0.0,0.0
2017-09-21 00:00:00-04:00,30.79257805281429,30.79257805281429,30.675258278551823,30.70233154296875,2615900,0.0,0.0,0.0
2017-09-22 00:00:00-04:00,30.251092504677974,30.305242476904894,30.196942532451054,30.21499252319336,3323000,0.0,0.0,0.0
2017-09-25 00:00:00-04:00,29.835955640638637,29.85400563295084,29.483985954576674,29.574235916137695,5354400,0.0,0.0,0.0
2017-09-26 00:00:00-04:00,29.6013058075969,29.69155575886602,29.529109289265232,29.64642906188965,3117200,0.0,0.0,0.0
2017-09-27 00:00:00-04:00,29.113960286266938,29.222260205052123,29.023713796628858,29.141036987304688,3761700,0.0,0.0,0.0
2017-09-28 00:00:00-04:00,29.15909440233,29.384714126586914,29.150067685456804,29.384714126586914,3346200,0.0,0.0,0.0
2017-09-29 00:00:00-04:00,29.44788605446484,29.64642906188965,29.44788605446484,29.64642906188965,3781300,0.0,0.0,0.0
2017-10-02 00:00:00-04:00,29.483984757477764,29.601307981401565,29.465938208582298,29.493011474609375,3584900,0.0,0.0,0.0
2017-10-03 00:00:00-04:00,29.700579893947705,29.781803131103516,29.52911014558931,29.781803131103516,2186700,0.0,0.0,0.0
2017-10-04 00:00:00-04:00,30.115715775375698,30.115715775375698,30.00741928626382,30.097665786743164,2674500,0.0,0.0,0.0
2017-10-05 00:00:00-04:00,29.998398270318894,30.160841294866998,29.998398270318894,30.070594787597656,2058100,0.0,0.0,0.0
2017-10-06 00:00:00-04:00,30.079621911160284,30.13376843918151,29.93522198928069,30.1066951751709,2316900,0.0,0.0,0.0
2017-10-09 00:00:00-04:00,30.233049782883263,30.242073059082028,30.151826526356196,30.24207305908203,1858500,0.0,0.0,0.0
2017-10-10 00:00:00-04:00,30.449640363845795,30.575986862182617,30.449640363845795,30.575986862182617,2359600,0.0,0.0,0.0
2017-10-11 00:00:00-04:00,30.440614700317383,30.467687967274074,30.33231818980662,30.440614700317383,2413400,0.0,0.0,0.0
2017-10-12 00:00:00-04:00,30.729407152400398,30.837703661016075,30.72038387780073,30.7745304107666,3314500,0.0,0.0,0.0
2017-10-13 00:00:00-04:00,31.03625044568037,31.27992017456452,31.018200453612955,31.243820190429688,3856400,0.0,0.0,0.0
2017-10-16 00:00:00-04:00,31.406264460476855,31.415291177215668,31.3069912324523,31.361141204833984,2848000,0.0,0.0,0.0
2017-10-17 00:00:00-04:00,31.18064458284676,31.207721290243363,31.05429809060832,31.14454460144043,3313800,0.0,0.0,0.0
2017-10-18 00:00:00-04:00,31.081374730678107,31.153574701331493,31.000151485035087,31.072351455688477,2499300,0.0,0.0,0.0
2017-10-19 00:00:00-04:00,30.955023117069896,30.982099822939244,30.78355337908712,30.864776611328125,2100500,0.0,0.0,0.0
2017-10-20 00:00:00-04:00,30.99112470047686,30.99112470047686,30.900878190064113,30.95502471923828,2856100,0.0,0.0,0.0
2017-10-23 00:00:00-04:00,31.04527548547682,31.072348750773013,30.982102237996518,31.027225494384766,3240100,0.0,0.0,0.0
2017-10-24 00:00:00-04:00,31.108448124211023,31.27991787220447,31.072348142733336,31.23479461669922,4575800,0.0,0.0,0.0
2017-10-25 00:00:00-04:00,31.361143417525902,31.397243401660734,31.090400421882617,31.243820190429688,4744200,0.0,0.0,0.0
2017-10-26 00:00:00-04:00,31.514562124213395,31.595785364438022,31.343092369376453,31.379192352294922,3354200,0.0,0.0,0.0
2017-10-27 00:00:00-04:00,31.316015558253156,31.69505500793457,31.189669075026018,31.69505500793457,6390800,0.0,0.0,0.0
2017-10-30 00:00:00-04:00,31.316020027299345,31.695059531072726,31.316020027299345,31.61383628845215,2321000,0.0,0.0,0.0
2017-10-31 00:00:00-04:00,31.73115430718875,31.812377536478582,31.67700434010106,31.803354263305664,2587200,0.0,0.0,0.0
2017-11-01 00:00:00-04:00,32.101171901441575,32.23654510383207,32.074098638036894,32.137271881103516,2592500,0.0,0.0,0.0
2017-11-02 00:00:00-04:00,32.13727383561088,32.22752034757074,32.11922384468215,32.20044708251953,2012900,0.0,0.0,0.0
2017-11-03 00:00:00-04:00,32.20946839774385,32.20946839774385,31.96579869905108,32.137271881103516,2280100,0.0,0.0,0.0
2017-11-06 00:00:00-05:00,32.27264405604555,32.30874403840916,32.236547516365746,32.299720764160156,2415900,0.0,0.0,0.0
2017-11-07 00:00:00-05:00,31.794333491343153,31.794333491343153,31.532613765516388,31.559690475463867,3961900,0.0,0.0,0.0
2017-11-08 00:00:00-05:00,31.595785948965048,31.667985916137695,31.52358942447632,31.667985916137695,2508000,0.0,0.0,0.0
2017-11-09 00:00:00-05:00,31.451386605489883,31.568709820165346,31.316016843341526,31.40626335144043,3770500,0.0,0.0,0.0
2017-11-10 00:00:00-05:00,31.361141157107227,31.370164431148577,31.162594701360277,31.2979679107666,2624200,0.0,0.0,0.0
2017-11-13 00:00:00-05:00,30.837700312827337,30.946000252368336,30.8196537655874,30.900876998901367,2537500,0.0,0.0,0.0
2017-11-14 00:00:00-05:00,30.855752866805968,30.864779583859605,30.729406369525876,30.75648307800293,2465800,0.0,0.0,0.0
2017-11-15 00:00:00-05:00,30.50378800588736,30.612084516590595,30.47671473888255,30.530864715576172,2931600,0.0,0.0,0.0
2017-11-16 00:00:00-05:00,30.93697752553856,31.207723966621565,30.93697752553856,31.153573989868164,3689400,0.0,0.0,0.0
2017-11-17 00:00:00-05:00,31.352113818378456,31.48748356755086,31.34308710282366,31.451383590698242,3709800,0.0,0.0,0.0
2017-11-20 00:00:00-05:00,31.37016452643761,31.469437754612635,31.288941289083837,31.424314498901367,2165900,0.0,0.0,0.0
2017-11-21 00:00:00-05:00,31.59578560265598,31.803358784660254,31.58676232820026,31.722135543823242,2841200,0.0,0.0,0.0
2017-11-22 00:00:00-05:00,31.72213282151341,31.749206085241095,31.613832881235485,31.649932861328125,1801900,0.0,0.0,0.0
2017-11-24 00:00:00-05:00,31.929710414751522,32.010933668642394,31.911660420255277,31.96580696105957,1399700,0.0,0.0,0.0
2017-11-27 00:00:00-05:00,32.01994688846372,32.11922010567339,31.830427169799805,31.830427169799805,2260700,0.0,0.0,0.0
2017-11-28 00:00:00-05:00,32.01092222620338,32.04701875960857,31.902622297938194,31.99287223815918,2681700,0.0,0.0,0.0
2017-11-29 00:00:00-05:00,31.8574983466366,31.884575049447395,31.640905380249023,31.640905380249023,5167300,0.0,0.0,0.0
2017-11-30 00:00:00-05:00,31.451389268231093,31.505539243285053,31.361142752491727,31.388216018676758,5488300,0.0,0.0,0.0
2017-12-01 00:00:00-05:00,31.090396729072772,31.126496708919774,30.88282700897787,30.900876998901367,6277300,0.0,0.0,0.0
2017-12-04 00:00:00-05:00,31.18064600977397,31.306992507794433,30.96405299679142,31.00917625427246,3070900,0.0,0.0,0.0
2017-12-05 00:00:00-05:00,31.10844610571765,31.234792590007764,31.036246147447017,31.081369400024414,1803100,0.0,0.0,0.0
2017-12-06 00:00:00-05:00,30.792570114135742,30.964043258391662,30.711346899141564,30.792570114135742,2747300,0.0,0.0,0.0
2017-12-07 00:00:00-05:00,31.135521483935896,31.370164478889066,31.081371511554213,31.361141204833984,3357000,0.0,0.0,0.0
2017-12-08 00:00:00-05:00,31.740177154541016,31.740177154541016,31.595780686927775,31.740177154541016,2138700,0.0,0.0,0.0
2017-12-11 00:00:00-05:00,31.794336002175854,31.938732510124105,31.785312726603472,31.911659240722656,1657900,0.0,0.0,0.0
2017-12-12 00:00:00-05:00,31.514554977416992,31.586754926880598,31.406258495904662,31.514554977416992,2293600,0.0,0.0,0.0
2017-12-13 00:00:00-05:00,31.55066384155448,31.785310300739802,31.49651730688406,31.686037063598633,2500200,0.0,0.0,0.0
2017-12-14 00:00:00-05:00,31.93872979450447,32.092153007664464,31.794333298833664,31.83945655822754,3828800,0.0,0.0,0.0
2017-12-15 00:00:00-05:00,32.06507296435895,32.22751943543599,32.00189971923828,32.00189971923828,5153800,0.0,0.0,0.0
2017-12-18 00:00:00-05:00,32.14629214408026,32.227515369371055,32.119218883211076,32.18239212036133,2901400,0.0,0.0,0.0
2017-12-19 00:00:00-05:00,32.47155368612043,32.47155368612043,32.235133924921456,32.271507263183594,2370100,0.268,0.0,0.0
2017-12-20 00:00:00-05:00,32.46245912741629,32.46245912741629,32.326060855740366,32.398807525634766,2859300,0.0,0.0,0.0
2017-12-21 00:00:00-05:00,32.45336765083459,32.48974098980714,32.29878616333008,32.29878616333008,2120100,0.0,0.0,0.0
2017-12-22 00:00:00-05:00,32.52611384083567,32.63523038736385,32.471553833195344,32.60795211791992,2244700,0.0,0.0,0.0
2017-12-26 00:00:00-05:00,32.61704955138595,32.74435278989449,32.61704955138595,32.72616958618164,1563600,0.0,0.0,0.0
2017-12-27 00:00:00-05:00,32.5806816800559,32.58977328247178,32.49884338329977,32.57158660888672,1711300,0.0,0.0,0.0
2017-12-28 00:00:00-05:00,32.56249417263747,32.57158577482054,32.42609585861893,32.44428253173828,2548600,0.0,0.0,0.0
2017-12-29 00:00:00-05:00,32.86256748822155,32.94440578756632,32.744355840556125,32.79891586303711,4030300,0.0,0.0,0.0
2018-01-02 00:00:00-05:00,32.78982086655516,32.87165915742958,32.72616924795872,32.86256408691406,2743900,0.0,0.0,0.0
2018-01-03 00:00:00-05:00,32.82618515739828,32.980770111083984,32.82618515739828,32.980770111083984,2458700,0.0,0.0,0.0
2018-01-04 00:00:00-05:00,33.07170646126207,33.15354475423067,33.00805484103683,33.12626647949219,4126700,0.0,0.0,0.0
2018-01-05 00:00:00-05:00,33.37177807576982,33.662757873535156,33.35359140481538,33.662757873535156,4364200,0.0,0.0,0.0
2018-01-08 00:00:00-05:00,33.58092657856311,33.653669808769706,33.517274951349755,33.6354866027832,2272800,0.0,0.0,0.0
2018-01-09 00:00:00-05:00,33.50816643702887,33.58091310680499,33.38086323367279,33.51726150512695,2795600,0.0,0.0,0.0
2018-01-10 00:00:00-05:00,33.39906248727465,33.40815755880013,33.28085083871744,33.37178421020508,3429000,0.0,0.0,0.0
2018-01-11 00:00:00-05:00,33.51727798073956,33.70823287963867,33.499091304355765,33.70823287963867,2553900,0.0,0.0,0.0
2018-01-12 00:00:00-05:00,33.65366302409582,33.79006132277102,33.571824738641276,33.76278305053711,3608400,0.0,0.0,0.0
2018-01-16 00:00:00-05:00,33.44452563151849,33.53545899809268,33.21719741821289,33.21719741821289,3772600,0.0,0.0,0.0
2018-01-17 00:00:00-05:00,33.771875167009014,34.06285497112007,33.771875167009014,34.02648162841797,4664200,0.0,0.0,0.0
2018-01-18 00:00:00-05:00,33.735502680372946,33.76278442246826,33.5809211730957,33.5809211730957,3591000,0.0,0.0,0.0
2018-01-19 00:00:00-05:00,33.917364240182714,34.062854138682724,33.86280769621571,34.03557586669922,3146900,0.0,0.0,0.0
2018-01-22 00:00:00-05:00,34.15378655860506,34.37201966600677,34.09013494655017,34.281089782714844,3864500,0.0,0.0,0.0
2018-01-23 00:00:00-05:00,34.47204211538511,34.617531999337764,34.435668777208825,34.60844039916992,4110600,0.0,0.0,0.0
2018-01-24 00:00:00-05:00,34.626628648904976,34.74483680024521,34.499321959476674,34.52660369873047,4492300,0.0,0.0,0.0
2018-01-25 00:00:00-05:00,34.42658149009074,34.59934966494422,34.28109158791074,34.299278259277344,5666600,0.0,0.0,0.0
2018-01-26 00:00:00-05:00,34.47204294296793,34.59934616088867,34.39020466448281,34.59934616088867,3724700,0.0,0.0,0.0
2018-01-29 00:00:00-05:00,34.47204769339512,34.49932596706507,34.32655778590036,34.35383605957031,4445900,0.0,0.0,0.0
2018-01-30 00:00:00-05:00,34.11741873994324,34.11741873994324,33.826438903808594,33.826438903808594,5680500,0.0,0.0,0.0
2018-01-31 00:00:00-05:00,34.10832611353945,34.144699462851584,33.771881304285955,33.87190628051758,4065800,0.0,0.0,0.0
2018-02-01 00:00:00-05:00,33.644568075064576,33.67184634458411,33.27175002703694,33.31721496582031,4606900,0.0,0.0,0.0
2018-02-02 00:00:00-05:00,32.74434655030811,32.75344161918452,32.144200348304835,32.17148208618164,7286200,0.0,0.0,0.0
2018-02-05 00:00:00-05:00,32.48065212804058,32.53520867234679,31.325824533937208,31.362197875976562,8736600,0.0,0.0,0.0
2018-02-06 00:00:00-05:00,31.47131130772334,32.680695326021215,31.462216238740382,32.60795211791992,8944600,0.0,0.0,0.0
2018-02-07 00:00:00-05:00,32.26241489424628,32.54430308624005,31.771385192871094,31.771385192871094,5645800,0.0,0.0,0.0
2018-02-08 00:00:00-05:00,32.471555266516454,32.56248861659754,31.180332914138713,31.189424514770508,7029400,0.0,0.0,0.0
2018-02-09 00:00:00-05:00,31.844134747532657,32.235139529957266,31.316731657284365,32.15330123901367,8070400,0.0,0.0,0.0
2018-02-12 00:00:00-05:00,32.18967141512276,32.489742806544086,32.071459791228186,32.31697463989258,4057100,0.0,0.0,0.0
2018-02-13 00:00:00-05:00,32.27150789347693,32.35334617178889,32.11692293721989,32.29878616333008,2864100,0.0,0.0,0.0
2018-02-14 00:00:00-05:00,32.02599370863346,32.48065004876169,31.953247029211695,32.46246337890625,2590600,0.0,0.0,0.0
2018-02-15 00:00:00-05:00,32.680694580078125,32.72616298645014,32.36243654798837,32.680694580078125,2981600,0.0,0.0,0.0
2018-02-16 00:00:00-05:00,31.82594344976861,32.198761505715794,31.771383440818084,32.02599334716797,3410100,0.0,0.0,0.0
2018-02-20 00:00:00-05:00,31.61680211504603,31.725918664757508,31.48949889559055,31.63498878479004,4224000,0.0,0.0,0.0
2018-02-21 00:00:00-05:00,31.835037115179123,32.007808753686234,31.425849162142395,31.498592376708984,3335000,0.0,0.0,0.0
2018-02-22 00:00:00-05:00,31.48950193958429,31.62589677272036,31.334916966193255,31.353103637695312,2925200,0.0,0.0,0.0
2018-02-23 00:00:00-05:00,31.898695590298193,32.14420700073242,31.835040501246812,32.14420700073242,5498800,0.0,0.0,0.0
2018-02-26 00:00:00-05:00,32.08055758719245,32.37153743392977,32.053279310546266,32.36244583129883,3200000,0.0,0.0,0.0
2018-02-27 00:00:00-05:00,32.08964502021615,32.08964502021615,31.61680201463141,31.653175354003906,3457100,0.0,0.0,0.0
2018-02-28 00:00:00-05:00,31.73501022732827,31.862313432716913,31.20760726928711,31.20760726928711,7533700,0.0,0.0,0.0
2018-03-01 00:00:00-05:00,31.44403452792944,31.607707621099426,31.089399664595327,31.17123794555664,5037500,0.0,0.0,0.0
2018-03-02 00:00:00-05:00,30.934816934399116,31.344008322834124,30.816605318017338,31.33491325378418,5614200,0.0,0.0,0.0
2018-03-05 00:00:00-05:00,31.189428857525986,31.425852131903294,31.07121722033733,31.371292114257812,3937100,0.0,0.0,0.0
2018-03-06 00:00:00-05:00,31.162152939129623,31.171244541714696,30.925729646877265,30.94391632080078,3515000,0.0,0.0,0.0
2018-03-07 00:00:00-05:00,30.734767939528314,30.916631169570422,30.66202472876303,30.871166229248047,3178200,0.0,0.0,0.0
2018-03-08 00:00:00-05:00,30.934822707930092,31.043939275626933,30.780237724002514,30.962100982666016,2557600,0.0,0.0,0.0
2018-03-09 00:00:00-05:00,30.96210065379948,31.4076654593548,30.943913981250986,31.371292114257812,3644200,0.0,0.0,0.0
2018-03-12 00:00:00-04:00,31.580428775558016,31.671362124278055,31.48040382634226,31.63498878479004,2940700,0.0,0.0,0.0
2018-03-13 00:00:00-04:00,31.816849559216852,31.88050116403469,31.525866334510912,31.589521408081055,2832300,0.0,0.0,0.0
2018-03-14 00:00:00-04:00,31.72592025243574,31.835036807607793,31.48950047143749,31.553152084350586,2573000,0.0,0.0,0.0
2018-03-15 00:00:00-04:00,31.489501087058066,31.489501087058066,31.20761288953719,31.225799560546875,2636000,0.0,0.0,0.0
2018-03-16 00:00:00-04:00,31.098493415910518,31.153049955070607,30.843883514404297,30.843883514404297,3552700,0.0,0.0,0.0
2018-03-19 00:00:00-04:00,30.52563041989663,30.634746984650768,30.252837273634757,30.343767166137695,3368900,0.0,0.0,0.0
2018-03-20 00:00:00-04:00,30.671119689941406,30.780236252421464,30.625654744637465,30.671119689941406,4015800,0.0,0.0,0.0
2018-03-21 00:00:00-04:00,30.762050328376333,31.08939998686219,30.743863658112783,31.03484344482422,2961600,0.0,0.0,0.0
2018-03-22 00:00:00-04:00,30.634748489346382,30.66203023343971,30.27102543271648,30.28011703491211,6787500,0.0,0.0,0.0
2018-03-23 00:00:00-04:00,30.40741999285235,30.552909907889802,29.980045318603516,29.980045318603516,5331100,0.0,0.0,0.0
2018-03-26 00:00:00-04:00,30.81660654587232,30.953004837036133,30.63474331390478,30.953004837036133,4251900,0.0,0.0,0.0
2018-03-27 00:00:00-04:00,30.88935062092509,31.03484050047785,30.616554061605367,30.65292739868164,4201700,0.0,0.0,0.0
2018-03-28 00:00:00-04:00,30.552903828604546,30.716580384048168,30.380135672859613,30.607463836669922,3444700,0.0,0.0,0.0
2018-03-29 00:00:00-04:00,30.634743636531493,31.062121715843205,30.589278695248957,31.03484344482422,3859600,0.0,0.0,0.0
2018-04-02 00:00:00-04:00,31.02574951686579,31.134869542462006,30.607466491672042,30.75295639038086,4058400,0.0,0.0,0.0
2018-04-03 00:00:00-04:00,31.12577312919541,31.298541292470006,31.007561507611392,31.28944969177246,4324300,0.0,0.0,0.0
2018-04-04 00:00:00-04:00,30.689299379489242,31.26216727249032,30.652926044020433,31.20760726928711,3090200,0.0,0.0,0.0
2018-04-05 00:00:00-04:00,31.434936226463723,31.67135944437809,31.425844626737298,31.4894962310791,3314100,0.0,0.0,0.0
2018-04-06 00:00:00-04:00,31.489500863652466,31.61680409106427,31.071214370902954,31.125774383544922,3537400,0.0,0.0,0.0
2018-04-09 00:00:00-04:00,31.489502363256527,31.625897198227705,31.33491738778564,31.41675567626953,2353000,0.0,0.0,0.0
2018-04-10 00:00:00-04:00,31.544062834545205,31.6895527578685,31.453132933250664,31.671369552612305,3328100,0.0,0.0,0.0
2018-04-11 00:00:00-04:00,31.471316123057388,31.662270975887264,31.3894778334513,31.616806030273438,4692900,0.0,0.0,0.0
2018-04-12 00:00:00-04:00,31.71682982534546,31.816854783268813,31.62589646870929,31.76229476928711,1733300,0.0,0.0,0.0
2018-04-13 00:00:00-04:00,31.789572703242175,31.816854444318828,31.507687972555196,31.544057846069336,2133400,0.0,0.0,0.0
2018-04-16 00:00:00-04:00,31.707736968994137,31.789575261303828,31.644085349281394,31.70773696899414,2854300,0.0,0.0,0.0
2018-04-17 00:00:00-04:00,31.644083241828135,31.87141143102051,31.644083241828135,31.744108200073242,2596100,0.0,0.0,0.0
2018-04-18 00:00:00-04:00,31.725921528687504,31.844133158318346,31.67136498328318,31.744108200073242,2034200,0.0,0.0,0.0
2018-04-19 00:00:00-04:00,31.68045539244903,31.68045539244903,31.344010656355696,31.39856719970703,2576200,0.0,0.0,0.0
2018-04-20 00:00:00-04:00,31.516776478505573,31.516776478505573,31.234888306749788,31.33491325378418,3010600,0.0,0.0,0.0
2018-04-23 00:00:00-04:00,31.507686264792746,31.53496453563804,31.216706479934132,31.28944969177246,3755400,0.0,0.0,0.0
2018-04-24 00:00:00-04:00,31.48040675271746,31.607709984006874,31.216708688797773,31.234891891479492,6409600,0.0,0.0,0.0
2018-04-25 00:00:00-04:00,31.153057758269718,31.18943110598888,31.007567836146432,31.098501205444336,3045900,0.0,0.0,0.0
2018-04-26 00:00:00-04:00,31.289446349574987,31.50768289928423,31.289446349574987,31.4894962310791,2731300,0.0,0.0,0.0
2018-04-27 00:00:00-04:00,31.735018299325404,31.835039794177426,31.6713666804409,31.78048324584961,2547600,0.0,0.0,0.0
2018-04-30 00:00:00-04:00,31.853226466537723,31.93506475778252,31.716831626965106,31.78048324584961,4513200,0.0,0.0,0.0
2018-05-01 00:00:00-04:00,31.735014264294108,31.735014264294108,31.34400953014573,31.68045425415039,2240500,0.0,0.0,0.0
2018-05-02 00:00:00-04:00,31.59862161004344,31.616808283335583,31.34401512145996,31.34401512145996,3578300,0.0,0.0,0.0
2018-05-03 00:00:00-04:00,31.37129510302125,31.40766845158355,31.062128577748584,31.24399185180664,3697000,0.0,0.0,0.0
2018-05-04 00:00:00-04:00,31.01665889874233,31.26217376098536,30.934820611327986,31.134870529174805,1992800,0.0,0.0,0.0
2018-05-07 00:00:00-04:00,31.116680775225216,31.262170664132505,31.06212076610277,31.143959045410156,1689600,0.0,0.0,0.0
2018-05-08 00:00:00-04:00,31.134867216277797,31.162145486262403,30.95300398929115,31.043933868408203,2398200,0.0,0.0,0.0
2018-05-09 00:00:00-04:00,31.08030573094516,31.143957337053543,30.94390744999726,31.10758399963379,2242600,0.0,0.0,0.0
2018-05-10 00:00:00-04:00,31.016658771769894,31.298543507124197,31.016658771769894,31.234891891479492,4438900,0.0,0.0,0.0
2018-05-11 00:00:00-04:00,31.162147299069773,31.243985582536947,31.007562333075008,31.062122344970703,1815500,0.0,0.0,0.0
2018-05-14 00:00:00-04:00,30.98937731724128,31.04393385719078,30.81660569072775,30.825700759887695,2367300,0.0,0.0,0.0
2018-05-15 00:00:00-04:00,30.398325170096903,30.53472346857289,30.316486884761876,30.36195182800293,4604800,0.0,0.0,0.0
2018-05-16 00:00:00-04:00,30.58928478784099,30.7802396605125,30.58928478784099,30.74386978149414,3783200,0.0,0.0,0.0
2018-05-17 00:00:00-04:00,30.452887199644888,30.534725490398753,30.30739729038835,30.343767166137695,3582900,0.0,0.0,0.0
2018-05-18 00:00:00-04:00,29.998224556179427,30.007316156036293,29.852734677203284,29.94366455078125,4130200,0.0,0.0,0.0
2018-05-21 00:00:00-04:00,29.798176011907767,29.825454281457468,29.70724266548796,29.761802673339844,3239200,0.0,0.0,0.0
2018-05-22 00:00:00-04:00,29.88001514996067,29.9891317000549,29.843641810345066,29.88910675048828,2543100,0.0,0.0,0.0
2018-05-23 00:00:00-04:00,29.55266382108568,29.725431991596405,29.443547264381685,29.689062118530273,2933100,0.0,0.0,0.0
2018-05-24 00:00:00-04:00,29.74361686077844,29.898201819768474,29.61631364087641,29.88910675048828,3046700,0.0,0.0,0.0
2018-05-25 00:00:00-04:00,30.243744518024812,30.425607785703775,30.234652915579858,30.407421112060547,6082100,0.0,0.0,0.0
2018-05-29 00:00:00-04:00,30.380137421146628,30.443789033176277,30.034597621019465,30.13462257385254,7135800,0.0,0.0,0.0
2018-05-30 00:00:00-04:00,30.25283245612624,30.625650506025046,30.25283245612624,30.607463836669922,7082800,0.0,0.0,0.0
2018-05-31 00:00:00-04:00,30.51653703446413,30.68021360640501,30.416512077305494,30.59837532043457,7122600,0.0,0.0,0.0
2018-06-01 00:00:00-04:00,30.634749738178964,30.74386978149414,30.552911440069266,30.74386978149414,4453000,0.0,0.0,0.0
2018-06-04 00:00:00-04:00,30.47106667367605,30.52562668375184,30.31648518159024,30.325576782226562,4870200,0.0,0.0,0.0
2018-06-05 00:00:00-04:00,30.243738501489187,30.46197507303973,30.216460230827604,30.325576782226562,3873100,0.0,0.0,0.0
2018-06-06 00:00:00-04:00,30.716581918341124,31.043935045579655,30.698395248077578,31.03484344482422,5696500,0.0,0.0,0.0
2018-06-07 00:00:00-04:00,30.980281551586362,31.007559820947847,30.507438559723358,30.525625228881836,6670100,0.0,0.0,0.0
2018-06-08 00:00:00-04:00,30.707490171223906,30.85298006388617,30.68930350104704,30.78023338317871,5370500,0.0,0.0,0.0
2018-06-11 00:00:00-04:00,30.84388659935412,30.925724885032064,30.816608327045753,30.834794998168945,1970800,0.0,0.0,0.0
2018-06-12 00:00:00-04:00,31.016658257054242,31.07121480169984,30.880259957934577,30.971193313598633,3829400,0.0,0.0,0.0
2018-06-13 00:00:00-04:00,30.980281799809504,31.11668008521471,30.76204870566416,30.843883514404297,3140700,0.0,0.0,0.0
2018-06-14 00:00:00-04:00,30.962099192045574,31.007564136893805,30.698397655671716,30.725679397583008,3759800,0.0,0.0,0.0
2018-06-15 00:00:00-04:00,30.598376471205693,30.698397963373175,30.498351510285232,30.671119689941406,2949700,0.0,0.0,0.0
2018-06-18 00:00:00-04:00,30.543815188754852,30.652931746709196,30.416511959682648,30.48016357421875,4395500,0.0,0.0,0.0
2018-06-19 00:00:00-04:00,30.21245814507731,30.44920282063076,30.139611491971877,30.39457130432129,5078900,0.046,0.0,0.0
2018-06-20 00:00:00-04:00,30.485628515060096,30.622214263481858,30.485628515060096,30.56757926940918,4395100,0.0,0.0,0.0
2018-06-21 00:00:00-04:00,30.61310431659838,30.61310431659838,30.39457130432129,30.39457130432129,2803000,0.0,0.0,0.0
2018-06-22 00:00:00-04:00,30.777006768524668,30.913592510580017,30.6950560179954,30.749691009521484,2480300,0.0,0.0,0.0
2018-06-25 00:00:00-04:00,30.385462744300618,30.54026014033808,30.194245496418592,30.349042892456055,5952900,0.0,0.0,0.0
2018-06-26 00:00:00-04:00,30.367251678564376,30.503837414604757,30.294408499923847,30.312620162963867,2970000,0.0,0.0,0.0
2018-06-27 00:00:00-04:00,30.048553769234186,30.403672485289324,29.702539147184883,29.72075080871582,5010900,0.0,0.0,0.0
2018-06-28 00:00:00-04:00,29.493113349318005,29.666122415283983,29.41116260057613,29.657014846801758,6458500,0.0,0.0,0.0
2018-06-29 00:00:00-04:00,30.09408368000317,30.312620162963867,30.02124050136264,30.312620162963867,5139400,0.0,0.0,0.0
2018-07-02 00:00:00-04:00,29.930182906910733,30.103191973197386,29.884655484974115,30.066768646240234,3772700,0.0,0.0,0.0
2018-07-03 00:00:00-04:00,30.23066931984242,30.339935824215278,30.14871857318289,30.21245765686035,2209800,0.0,0.0,0.0
2018-07-05 00:00:00-04:00,30.08497889884455,30.157822075823137,29.9301815032959,29.9301815032959,4041900,0.0,0.0,0.0
2018-07-06 00:00:00-04:00,30.20334959099986,30.421886069664666,30.1669297391553,30.349042892456055,4160300,0.0,0.0,0.0
2018-07-09 00:00:00-04:00,30.57668223299055,30.731476149267944,30.503835585199294,30.72237205505371,4063000,0.0,0.0,0.0
2018-07-10 00:00:00-04:00,30.83164002128788,30.950014092825445,30.804324263825176,30.940906524658203,3595200,0.0,0.0,0.0
2018-07-11 00:00:00-04:00,30.786114316133563,30.91359248942079,30.695055996985754,30.740583419799805,3413200,0.0,0.0,0.0
2018-07-12 00:00:00-04:00,31.104805713143236,31.21407220842231,30.98643165037134,31.17765235900879,4166500,0.0,0.0,0.0
2018-07-13 00:00:00-04:00,31.159440867833005,31.159440867833005,31.013751048824943,31.0501708984375,2234700,0.0,0.0,0.0
2018-07-16 00:00:00-04:00,30.777006747458927,30.79521841128849,30.640424479016776,30.740583419799805,2749800,0.0,0.0,0.0
2018-07-17 00:00:00-04:00,30.968225123500147,31.314239801692953,30.950016932534062,31.29602813720703,3641200,0.0,0.0,0.0
2018-07-18 00:00:00-04:00,30.95911697542562,31.05927938022686,30.877166232726367,31.0046443939209,3086700,0.0,0.0,0.0
2018-07-19 00:00:00-04:00,30.67683953225785,30.82252934657431,30.558468946170155,30.695051193237305,3393100,0.0,0.0,0.0
2018-07-20 00:00:00-04:00,30.8771653238402,31.068382560003418,30.868061229816877,31.0501708984375,3754200,0.0,0.0,0.0
2018-07-23 00:00:00-04:00,31.168548191405325,31.177655759891607,31.041070020754447,31.086597442626953,2995800,0.0,0.0,0.0
2018-07-24 00:00:00-04:00,31.4144029943442,31.53277707966209,31.368875568766526,31.459930419921875,2912500,0.0,0.0,0.0
2018-07-25 00:00:00-04:00,31.414404459590237,31.696680068969727,31.405300363458032,31.696680068969727,4468000,0.0,0.0,0.0
2018-07-26 00:00:00-04:00,31.596517623903345,31.723995810793962,31.532778530458035,31.687572479248047,5057500,0.0,0.0,0.0
2018-07-27 00:00:00-04:00,31.86058087101905,32.08822147792581,31.86058087101905,32.024478912353516,5756900,0.0,0.0,0.0
2018-07-30 00:00:00-04:00,32.11553261512313,32.21569502350357,32.060897626864836,32.17927169799805,4817200,0.0,0.0,0.0
2018-07-31 00:00:00-04:00,32.22479621231159,32.4615443332297,32.206584551201026,32.44333267211914,5431300,0.0,0.0,0.0
2018-08-01 00:00:00-04:00,32.44333267211914,32.4615443332297,32.34317027277064,32.44333267211914,5005000,0.0,0.0,0.0
2018-08-02 00:00:00-04:00,32.05179032268222,32.22479589122999,31.933416263402624,32.142845153808594,3643000,0.0,0.0,0.0
2018-08-03 00:00:00-04:00,32.2430171094663,32.561712586393796,32.2430171094663,32.552608489990234,2682900,0.0,0.0,0.0
2018-08-06 00:00:00-04:00,32.44333768352664,32.525288434423224,32.32496360478276,32.37049102783203,2309400,0.0,0.0,0.0
2018-08-07 00:00:00-04:00,32.53439252962519,32.53439252962519,32.37049102783203,32.37049102783203,3829300,0.0,0.0,0.0
2018-08-08 00:00:00-04:00,32.47975781010126,32.68919021021888,32.416018722594075,32.67097854614258,3283500,0.0,0.0,0.0
2018-08-09 00:00:00-04:00,32.61633864663872,32.67097363064755,32.52528381347656,32.52528381347656,2559700,0.0,0.0,0.0
2018-08-10 00:00:00-04:00,32.233917171185524,32.27944460611668,32.08822729529346,32.13375473022461,3746400,0.0,0.0,0.0
2018-08-13 00:00:00-04:00,31.805939426416018,31.869678505545565,31.550983109897828,31.560087203979492,3150700,0.0,0.0,0.0
2018-08-14 00:00:00-04:00,31.78773233692783,32.07000792333078,31.705781584328257,32.03358459472656,4690500,0.0,0.0,0.0
2018-08-15 00:00:00-04:00,31.396188437450462,31.541878269991223,31.150336193753002,31.414400100708008,6810600,0.0,0.0,0.0
2018-08-16 00:00:00-04:00,31.651140935155457,31.833254072111902,31.60561351929614,31.723987579345703,3426200,0.0,0.0,0.0
2018-08-17 00:00:00-04:00,31.96984785354569,32.233911795033194,31.85147376365128,32.20659255981445,5207900,0.0,0.0,0.0
2018-08-20 00:00:00-04:00,32.31585881974798,32.35227867329812,32.2248005020735,32.3067512512207,2542700,0.0,0.0,0.0
2018-08-21 00:00:00-04:00,32.36139022543142,32.58903083736014,32.315862797749695,32.507080078125,3574700,0.0,0.0,0.0
2018-08-22 00:00:00-04:00,32.5981336878276,32.7074002047924,32.5343945968048,32.561710357666016,3870800,0.0,0.0,0.0
2018-08-23 00:00:00-04:00,32.416021807405535,32.42512937707027,32.179277098923706,32.18838119506836,3303500,0.0,0.0,0.0
2018-08-24 00:00:00-04:00,32.47065278178784,32.7073974609375,32.47065278178784,32.7073974609375,3522400,0.0,0.0,0.0
2018-08-27 00:00:00-04:00,32.79845216269549,33.00788106018609,32.77113640713737,32.907718658447266,3928000,0.0,0.0,0.0
2018-08-28 00:00:00-04:00,32.93504291612134,32.96236215225114,32.7347215344504,32.77114486694336,3443600,0.0,0.0,0.0
2018-08-29 00:00:00-04:00,32.57081642906174,32.66187127675822,32.51618143633199,32.652767181396484,2949500,0.0,0.0,0.0
2018-08-30 00:00:00-04:00,32.35227544800856,32.35227544800856,32.12463488679596,32.27032470703125,4613800,0.0,0.0,0.0
2018-08-31 00:00:00-04:00,32.21570067123738,32.54350371121526,32.21570067123738,32.488868713378906,5297300,0.0,0.0,0.0
2018-09-04 00:00:00-04:00,31.614725710845594,31.614725710845594,31.42350497863604,31.57830238342285,5494200,0.0,0.0,0.0
2018-09-05 00:00:00-04:00,31.377981965539156,31.596518487265982,31.26871544143583,31.55099105834961,7921700,0.0,0.0,0.0
2018-09-06 00:00:00-04:00,31.423505961715556,31.642042459569204,31.305135354167966,31.623830795288086,9661500,0.0,0.0,0.0
2018-09-07 00:00:00-04:00,31.614727232475527,31.76041707565892,31.46903738929213,31.496353149414062,5869300,0.0,0.0,0.0
2018-09-10 00:00:00-04:00,31.08659635365847,31.168547099566094,30.904483199028256,30.940906524658203,7051200,0.0,0.0,0.0
2018-09-11 00:00:00-04:00,30.567579123971612,30.786115625702678,30.47652427447025,30.777008056640625,4505400,0.0,0.0,0.0
2018-09-12 00:00:00-04:00,31.059277094175034,31.32334096493893,30.877163960078587,31.241390228271484,8629600,0.0,0.0,0.0
2018-09-13 00:00:00-04:00,31.56009071971148,31.632937374556963,31.377977556117454,31.57830238342285,5613200,0.0,0.0,0.0
2018-09-14 00:00:00-04:00,31.642037542160846,31.66935329757756,31.423501078269393,31.47813606262207,4931300,0.0,0.0,0.0
2018-09-17 00:00:00-04:00,31.01375339947321,31.050173251846164,30.831640243530273,30.831640243530273,4310700,0.0,0.0,0.0
2018-09-18 00:00:00-04:00,30.512949061221462,30.6768505956272,30.512949061221462,30.61311149597168,3013600,0.0,0.0,0.0
2018-09-19 00:00:00-04:00,30.8043252495851,30.986434936523438,30.731478595994066,30.986434936523438,3276500,0.0,0.0,0.0
2018-09-20 00:00:00-04:00,31.059283445929747,31.359767226147834,31.059283445929747,31.29602813720703,4329100,0.0,0.0,0.0
2018-09-21 00:00:00-04:00,30.41278402742644,30.57668552910572,30.239774957031795,30.53115463256836,6649500,0.0,0.0,0.0
2018-09-24 00:00:00-04:00,29.766278523205255,29.848229264153687,29.629696270637396,29.702539443969727,7376300,0.0,0.0,0.0
2018-09-25 00:00:00-04:00,30.07587593529534,30.139615027479664,30.03034850852368,30.094087600708008,3265000,0.0,0.0,0.0
2018-09-26 00:00:00-04:00,29.993921153273092,30.285300813739948,29.93018206964094,30.203350067138672,5554800,0.0,0.0,0.0
2018-09-27 00:00:00-04:00,29.893764795643445,29.993923740333287,29.748071479324018,29.875553131103516,6419000,0.0,0.0,0.0
2018-09-28 00:00:00-04:00,29.6296990155603,29.702542195640888,29.46579751847944,29.565959930419922,7476100,0.0,0.0,0.0
2018-10-01 00:00:00-04:00,29.76628186162477,29.82091685289105,29.474902188577335,29.520429611206055,4042900,0.0,0.0,0.0
2018-10-02 00:00:00-04:00,29.338319160047806,29.438481571345932,29.274580075316198,29.36563491821289,4662400,0.0,0.0,0.0
2018-10-03 00:00:00-04:00,29.128888806825657,29.128888806825657,28.600762723472123,28.63718605041504,6540700,0.0,0.0,0.0
2018-10-04 00:00:00-04:00,28.18190469838207,28.227432120000728,27.717517703480556,27.72662353515625,12114800,0.0,0.0,0.0
2018-10-05 00:00:00-04:00,27.152968275559754,27.316869772073765,26.797849524285933,27.007278442382812,8523700,0.0,0.0,0.0
2018-10-08 00:00:00-04:00,27.098336204546637,27.453454971313477,27.089230372480834,27.453454971313477,5539400,0.0,0.0,0.0
2018-10-09 00:00:00-04:00,27.052806256537544,27.25313108263267,26.934433916648466,27.089229583740234,4982300,0.0,0.0,0.0
2018-10-10 00:00:00-04:00,27.435242261957516,27.498983083989735,26.95264533817514,26.998172760009766,6484800,0.0,0.0,0.0
2018-10-11 00:00:00-04:00,27.1347568563553,27.3077641860944,26.843377187379858,27.09833526611328,9113000,0.0,0.0,0.0
2018-10-12 00:00:00-04:00,27.74483118784486,27.95426182570173,27.599141366493786,27.844993591308594,8109500,0.0,0.0,0.0
2018-10-15 00:00:00-04:00,27.835890435167016,27.981580270517618,27.772151349296106,27.808574676513672,10749700,0.0,0.0,0.0
2018-10-16 00:00:00-04:00,28.282068482536026,28.63718900988966,28.26385855394251,28.573448181152344,5078600,0.0,0.0,0.0
2018-10-17 00:00:00-04:00,27.681095272888445,27.82678511089629,27.580934594732966,27.67198944091797,5527700,0.0,0.0,0.0
2018-10-18 00:00:00-04:00,27.55361479635748,27.55361479635748,27.01638291231134,27.080121994018555,6063200,0.0,0.0,0.0
2018-10-19 00:00:00-04:00,27.316870111860535,27.389715029355102,27.09833535937683,27.198497772216797,5797600,0.0,0.0,0.0
2018-10-22 00:00:00-04:00,27.025489164196273,27.098334078246946,26.82516434798711,26.852481842041016,3502800,0.0,0.0,0.0
2018-10-23 00:00:00-04:00,26.66126454353174,27.125651521011626,26.57020796695063,26.961750030517578,7165400,0.0,0.0,0.0
2018-10-24 00:00:00-04:00,27.080127570931072,27.107445070185555,26.606634671080474,26.679479598999023,6221800,0.0,0.0,0.0
2018-10-25 00:00:00-04:00,26.697689378482398,27.00728073444788,26.670373617918354,26.88890838623047,4307200,0.0,0.0,0.0
2018-10-26 00:00:00-04:00,26.53378695261072,26.870695794276433,26.369885447841444,26.734111785888672,5726000,0.0,0.0,0.0
2018-10-29 00:00:00-04:00,27.18938897947836,27.298655475441045,26.643051289386,26.94353675842285,5766500,0.0,0.0,0.0
2018-10-30 00:00:00-04:00,26.952646799992866,27.234920651548695,26.952646799992866,27.225814819335938,4870600,0.0,0.0,0.0
2018-10-31 00:00:00-04:00,27.53540321287564,27.62645978847258,27.43524080604303,27.48987579345703,5896200,0.0,0.0,0.0
2018-11-01 00:00:00-04:00,27.772152058136726,28.291172326915405,27.73572872998951,28.272960662841797,6108000,0.0,0.0,0.0
2018-11-02 00:00:00-04:00,28.509707266667586,28.673608770851718,28.181905995059207,28.473285675048828,8118100,0.0,0.0,0.0
2018-11-05 00:00:00-05:00,28.47328115978598,28.737343301616917,28.45506949848464,28.719133377075195,7584800,0.0,0.0,0.0
2018-11-06 00:00:00-05:00,28.527917169294085,28.527917169294085,28.382227338295436,28.46417808532715,4637300,0.0,0.0,0.0
2018-11-07 00:00:00-05:00,29.010520771578324,29.24726548478978,28.946781676732154,29.21994972229004,10842400,0.0,0.0,0.0
2018-11-08 00:00:00-05:00,28.81929692815533,28.97409259120665,28.564340591430664,28.564340591430664,7784800,0.0,0.0,0.0
2018-11-09 00:00:00-05:00,28.691817890983742,28.710029553558265,28.400438236830286,28.500598907470703,8479700,0.0,0.0,0.0
2018-11-12 00:00:00-05:00,28.236539362329644,28.263856858721464,27.990687105082955,28.054426193237305,5708100,0.0,0.0,0.0
2018-11-13 00:00:00-05:00,28.573446372492867,28.919461045267493,28.573446372492867,28.873931884765625,6259500,0.0,0.0,0.0
2018-11-14 00:00:00-05:00,28.892144556680655,29.05604606668423,28.72824304667708,28.92856788635254,5645000,0.0,0.0,0.0
2018-11-15 00:00:00-05:00,28.93767115787162,29.3018957385579,28.82840291528584,29.265472412109375,5828200,0.0,0.0,0.0
2018-11-16 00:00:00-05:00,29.19262841718264,29.53863958821841,29.101570103605205,29.411161422729492,4798800,0.0,0.0,0.0
2018-11-19 00:00:00-05:00,29.538641915938683,29.63880433200717,29.429375404554776,29.502222061157227,3778200,0.0,0.0,0.0
2018-11-20 00:00:00-05:00,29.156205640583956,29.229048819297596,28.919459231105385,28.974092483520508,6617900,0.0,0.0,0.0
2018-11-21 00:00:00-05:00,29.26547502638659,29.43848410571215,29.229051696684376,29.338321685791016,3750100,0.0,0.0,0.0
2018-11-23 00:00:00-05:00,29.256370823902685,29.374741434722836,29.210843398701094,29.22905158996582,2015500,0.0,0.0,0.0
2018-11-26 00:00:00-05:00,29.29278767022449,29.402057647705078,29.256367817917162,29.402057647705078,3961400,0.0,0.0,0.0
2018-11-27 00:00:00-05:00,29.48401176792063,29.638805710118618,29.402061012192306,29.629701614379883,3731500,0.0,0.0,0.0
2018-11-28 00:00:00-05:00,29.711649061050572,30.212457635383004,29.58417089378627,30.203350067138672,4973000,0.0,0.0,0.0
2018-11-29 00:00:00-05:00,30.45831307429408,30.713269435601347,30.367254749884406,30.558475494384766,6285300,0.0,0.0,0.0
2018-11-30 00:00:00-05:00,30.494735909307412,30.540263334013652,30.349046066135532,30.36725425720215,5798200,0.0,0.0,0.0
2018-12-03 00:00:00-05:00,30.257987996666447,30.303515421754057,30.07587482279612,30.2670955657959,7715400,0.0,0.0,0.0
2018-12-04 00:00:00-05:00,30.285303709121408,30.285303709121408,29.82091841633035,29.848234176635742,6332100,0.0,0.0,0.0
2018-12-06 00:00:00-05:00,29.1106751297205,29.5841696634269,28.97409113665195,29.55685043334961,7448500,0.0,0.0,0.0
2018-12-07 00:00:00-05:00,29.329211911973093,29.438481892866076,28.81019166005019,28.837509155273438,5752500,0.0,0.0,0.0
2018-12-10 00:00:00-05:00,27.82678264338138,27.890521724762824,27.426136492766677,27.59914207458496,7533000,0.0,0.0,0.0
2018-12-11 00:00:00-05:00,28.48238853562622,28.609866698132134,28.318487048541638,28.527915954589844,5861100,0.0,0.0,0.0
2018-12-12 00:00:00-05:00,29.210841063456417,29.575063909471417,29.210841063456417,29.456689834594727,7911900,0.0,0.0,0.0
2018-12-13 00:00:00-05:00,29.5841728130751,29.675227660308394,29.474902828171423,29.502222061157227,5327100,0.0,0.0,0.0
2018-12-14 00:00:00-05:00,29.42937368249217,29.602379271519897,29.3292112722847,29.374738693237305,3571200,0.0,0.0,0.0
2018-12-17 00:00:00-05:00,29.72075385904094,29.84823202932169,29.484009181879493,29.565959930419922,4958000,0.0,0.0,0.0
2018-12-18 00:00:00-05:00,30.284527429991925,30.62408024216562,30.229463392559534,30.486425399780273,8582900,0.253,0.0,0.0
2018-12-19 00:00:00-05:00,30.54149051720188,30.770918789718834,29.926624427239293,30.08263397216797,9085300,0.0,0.0,0.0
2018-12-20 00:00:00-05:00,30.66996823033733,30.881045311023087,30.495604012376745,30.6516170501709,9183700,0.0,0.0,0.0
2018-12-21 00:00:00-05:00,30.201936133909513,30.312060718951287,29.88991355895996,29.88991355895996,6922100,0.0,0.0,0.0
2018-12-24 00:00:00-05:00,29.82567418661413,29.862383548881358,29.62377619494186,29.651309967041016,3166500,0.0,0.0,0.0
2018-12-26 00:00:00-05:00,29.889916693280863,30.137699661205982,29.807322370639156,30.100990295410156,4457700,0.0,0.0,0.0
2018-12-27 00:00:00-05:00,29.871554907179263,30.31205668958816,29.85320022864594,30.256996154785156,6025300,0.0,0.0,0.0
2018-12-28 00:00:00-05:00,30.492045093226253,30.776675509183452,30.36350345456718,30.629770278930664,5263000,0.016,0.0,0.0
2018-12-31 00:00:00-05:00,30.703224606821575,30.75831538781821,30.45532134608276,30.61141014099121,3113200,0.0,0.0,0.0
2019-01-02 00:00:00-05:00,30.078873706830578,30.326776945107664,30.060513617325945,30.244142532348633,4334500,0.0,0.0,0.0
2019-01-03 00:00:00-05:00,29.7758839665709,29.794247559048397,29.52798072187037,29.628978729248047,4869500,0.0,0.0,0.0
2019-01-04 00:00:00-05:00,29.950330338939875,30.574678421020508,29.922786703773532,30.574678421020508,9360000,0.0,0.0,0.0
2019-01-07 00:00:00-05:00,30.326775081650094,30.326775081650094,30.07887185860566,30.133962631225586,5139600,0.0,0.0,0.0
2019-01-08 00:00:00-05:00,30.13396602485087,30.290054813603987,30.088058793746033,30.225780487060547,2730800,0.0,0.0,0.0
2019-01-09 00:00:00-05:00,30.143149572570174,30.317598451767445,30.106422386687413,30.225780487060547,2997800,0.0,0.0,0.0
2019-01-10 00:00:00-05:00,30.05132508166227,30.28086468983491,29.968690682620263,30.271684646606445,3168500,0.0,0.0,0.0
2019-01-11 00:00:00-05:00,29.90442376753872,30.133963405608558,29.90442376753872,30.06051254272461,2879600,0.0,0.0,0.0
2019-01-14 00:00:00-05:00,29.69324957569484,29.83097476813894,29.58307152323784,29.638158798217773,6155200,0.0,0.0,0.0
2019-01-15 00:00:00-05:00,30.023788562834284,30.10642298145436,29.88606336430172,29.931970596313477,5147500,0.0,0.0,0.0
2019-01-16 00:00:00-05:00,29.959517098548083,30.2808712182739,29.959517098548083,30.207420349121094,3732400,0.0,0.0,0.0
2019-01-17 00:00:00-05:00,30.023789418494182,30.33596350856711,30.023789418494182,30.30841636657715,3681600,0.0,0.0,0.0
2019-01-18 00:00:00-05:00,30.124779589830688,30.161503265426727,30.03296164459939,30.078868865966797,5218900,0.0,0.0,0.0
2019-01-22 00:00:00-05:00,29.90442774102691,29.93197138045608,29.757522493242362,29.8585205078125,5042500,0.0,0.0,0.0
2019-01-23 00:00:00-05:00,29.794244693376562,29.922786325858517,29.711610286424335,29.89524269104004,2268700,0.0,0.0,0.0
2019-01-24 00:00:00-05:00,29.987059687361988,30.21659933699045,29.987059687361988,30.161508560180664,4097400,0.0,0.0,0.0
2019-01-25 00:00:00-05:00,29.90442613054034,30.04215132526384,29.86769894494778,29.987060546875,4169700,0.0,0.0,0.0
2019-01-28 00:00:00-05:00,29.29843779666632,29.500433788856334,29.25253057184952,29.445343017578125,4776300,0.0,0.0,0.0
2019-01-29 00:00:00-05:00,29.445348021444048,29.509618847608934,29.316806369114275,29.408620834350586,3385300,0.0,0.0,0.0
2019-01-30 00:00:00-05:00,29.31680127086365,29.739153341498554,29.179077845710893,29.656518936157227,8173400,0.0,0.0,0.0
2019-01-31 00:00:00-05:00,29.913611870069328,30.143151543096266,29.84933753932413,30.115604400634766,4356600,0.0,0.0,0.0
2019-02-01 00:00:00-05:00,29.977879477376636,30.005423114381287,29.79424705818578,29.82179069519043,4746700,0.0,0.0,0.0
2019-02-04 00:00:00-05:00,29.70243173508337,29.950334997631657,29.70243173508337,29.867700576782227,3824800,0.0,0.0,0.0
2019-02-05 00:00:00-05:00,29.950330224989322,30.143146177910655,29.950330224989322,30.133962631225586,4026500,0.0,0.0,0.0
2019-02-06 00:00:00-05:00,30.34513896141079,30.427773369878953,30.170690100198833,30.253324508666992,4467100,0.0,0.0,0.0
2019-02-07 00:00:00-05:00,30.354321205586857,30.54713364957278,30.354321205586857,30.5012264251709,5946500,0.0,0.0,0.0
2019-02-08 00:00:00-05:00,30.023781639401026,30.042145228470577,29.876876429341124,29.968690872192383,3866300,0.0,0.0,0.0
2019-02-11 00:00:00-05:00,29.90442438487651,29.98705879638741,29.775882745303335,29.785062789916992,2766800,0.0,0.0,0.0
2019-02-12 00:00:00-05:00,30.014601837613714,30.115599838846393,29.959514566030013,30.069692611694336,3286800,0.0,0.0,0.0
2019-02-13 00:00:00-05:00,29.73915533202815,29.785062559735657,29.48207205486856,29.555522918701172,3046200,0.0,0.0,0.0
2019-02-14 00:00:00-05:00,29.537159225421128,29.720791638115852,29.399437542772798,29.647340774536133,2736700,0.0,0.0,0.0
2019-02-15 00:00:00-05:00,29.3994391208216,29.46370994334002,29.26171567953233,29.3076229095459,3714200,0.0,0.0,0.0
2019-02-19 00:00:00-05:00,28.894448362437334,29.114806199897718,28.83017754541744,29.059717178344727,3570100,0.0,0.0,0.0
2019-02-20 00:00:00-05:00,29.454526564039533,29.5647046040992,29.34434502148312,29.445343017578125,4950000,0.0,0.0,0.0
2019-02-21 00:00:00-05:00,29.555522508282866,29.58306964652241,29.417800827072806,29.518798828125,2572500,0.0,0.0,0.0
2019-02-22 00:00:00-05:00,29.75751722306566,29.83097158519756,29.665702772897546,29.775880813598633,2794800,0.0,0.0,0.0
2019-02-25 00:00:00-05:00,30.078874146214535,30.225779381876862,29.950332502822132,30.161508560180664,5520400,0.0,0.0,0.0
2019-02-26 00:00:00-05:00,29.80342468981061,30.097235135727043,29.785061099128733,30.005420684814453,4211000,0.0,0.0,0.0
2019-02-27 00:00:00-05:00,29.78506431340599,29.84015509139678,29.64734262217477,29.75752067565918,5344400,0.0,0.0,0.0
2019-02-28 00:00:00-05:00,29.941147990811565,30.069689615025965,29.876877178704365,30.014598846435547,5894800,0.0,0.0,0.0
2019-03-01 00:00:00-05:00,30.11559877458145,30.1706895467152,29.886059144436015,29.89524269104004,5708800,0.0,0.0,0.0
2019-03-04 00:00:00-05:00,29.88605921751933,29.99623725955946,29.674883177568734,29.79424476623535,4033100,0.0,0.0,0.0
2019-03-05 00:00:00-05:00,30.45531785724131,30.75831186426696,30.3910470380232,30.739948272705078,9419900,0.0,0.0,0.0
2019-03-06 00:00:00-05:00,30.95112872290882,31.052126739611765,30.923585082898004,30.987855911254883,4956700,0.0,0.0,0.0
2019-03-07 00:00:00-05:00,30.978668415721938,30.978668415721938,30.64813080508939,30.675674438476562,6009700,0.0,0.0,0.0
2019-03-08 00:00:00-05:00,30.694046043450143,30.767496919161896,30.583867978633744,30.70322608947754,5163700,0.0,0.0,0.0
2019-03-11 00:00:00-04:00,31.364299621678416,31.603019331693833,31.318392389271295,31.575475692749023,5333000,0.0,0.0,0.0
2019-03-12 00:00:00-04:00,31.704013747930908,31.83255538508779,31.6672900676696,31.805011749267578,3095700,0.0,0.0,0.0
2019-03-13 00:00:00-04:00,31.878468471461428,31.9151921544376,31.658108861118457,31.722379684448242,5177800,0.0,0.0,0.0
2019-03-14 00:00:00-04:00,31.79582864247867,31.860099454867004,31.704010694426344,31.850915908813477,2713000,0.0,0.0,0.0
2019-03-15 00:00:00-04:00,32.10800925084507,32.346728959783775,32.02537483188604,32.209007263183594,5320800,0.0,0.0,0.0
2019-03-18 00:00:00-04:00,32.383452494198224,32.56708490478492,32.36508890288986,32.54872131347656,4101200,0.0,0.0,0.0
2019-03-19 00:00:00-04:00,32.539544321230785,32.57627151124571,32.43854980243617,32.49363708496094,3768700,0.0,0.0,0.0
2019-03-20 00:00:00-04:00,32.42936112599649,32.90680401320503,32.32836312067393,32.74153518676758,6322500,0.0,0.0,0.0
2019-03-21 00:00:00-04:00,32.53953352637019,32.65889510307216,32.45689912749906,32.631351470947266,4267500,0.0,0.0,0.0
2019-03-22 00:00:00-04:00,32.09882485743636,32.16309568132304,31.81419792379456,31.84174156188965,5954900,0.0,0.0,0.0
2019-03-25 00:00:00-04:00,31.82337843819104,31.906012856191857,31.731563974855582,31.768287658691406,4022900,0.0,0.0,0.0
2019-03-26 00:00:00-04:00,32.19064497416529,32.22736865991499,31.997828987116456,32.08046340942383,4327100,0.0,0.0,0.0
2019-03-27 00:00:00-04:00,31.906011302500985,31.97946567159024,31.69483524511502,31.786649703979492,5039500,0.0,0.0,0.0
2019-03-28 00:00:00-04:00,32.16309312883795,32.291634766410155,32.10800585701954,32.2457275390625,4854900,0.0,0.0,0.0
2019-03-29 00:00:00-04:00,32.44772765189137,32.50281843318396,32.26409521674678,32.36509323120117,3149100,0.0,0.0,0.0
2019-04-01 00:00:00-04:00,32.64053453333376,32.750712574521025,32.57626371743313,32.69562530517578,5130900,0.0,0.0,0.0
2019-04-02 00:00:00-04:00,32.95271570741407,32.961899255958926,32.79663040712701,32.87926483154297,3400300,0.0,0.0,0.0
2019-04-03 00:00:00-04:00,32.81498600618917,32.998614902373646,32.80580245988194,32.98025131225586,3962500,0.0,0.0,0.0
2019-04-04 00:00:00-04:00,32.539536969573504,32.723169375662444,32.52117337871493,32.61299133300781,4315600,0.0,0.0,0.0
2019-04-05 00:00:00-04:00,32.75990026600134,32.879261868846136,32.695629441968876,32.833351135253906,4482400,0.0,0.0,0.0
2019-04-08 00:00:00-04:00,32.3742667333371,32.46608468359982,32.346723099506626,32.4201774597168,3372800,0.0,0.0,0.0
2019-04-09 00:00:00-04:00,32.59463384217068,32.67726826525073,32.557906653580105,32.640541076660156,1635800,0.0,0.0,0.0
2019-04-10 00:00:00-04:00,32.521174536084544,32.62217253815264,32.51199449157697,32.56708526611328,3344900,0.0,0.0,0.0
2019-04-11 00:00:00-04:00,32.567080359742505,32.59462399161262,32.4660823728902,32.51198959350586,2013000,0.0,0.0,0.0
2019-04-12 00:00:00-04:00,32.521169636630425,32.585443948488056,32.48444596163574,32.51198959350586,2944900,0.0,0.0,0.0
2019-04-15 00:00:00-04:00,32.603804336325915,32.6680786487781,32.511989894245296,32.631351470947266,2474400,0.0,0.0,0.0
2019-04-16 00:00:00-04:00,32.76907766220915,32.84253202802098,32.74153402627819,32.78744125366211,2380100,0.0,0.0,0.0
2019-04-17 00:00:00-04:00,32.9527145380996,33.01698536564277,32.85171652267535,32.9251708984375,3309700,0.0,0.0,0.0
2019-04-18 00:00:00-04:00,32.81498983480674,32.91598433849284,32.72317187350516,32.860897064208984,2897200,0.0,0.0,0.0
2019-04-22 00:00:00-04:00,32.19063877174681,32.227362450420685,32.080457228234884,32.15391159057617,2341300,0.0,0.0,0.0
2019-04-23 00:00:00-04:00,32.14472652539847,32.26408810731559,32.10800284845956,32.181453704833984,2698400,0.0,0.0,0.0
2019-04-24 00:00:00-04:00,32.42017186807887,32.44771549715878,32.19063228575671,32.22735595703125,4273300,0.0,0.0,0.0
2019-04-25 00:00:00-04:00,32.05291207930629,32.20900084065892,32.01618489987077,32.181453704833984,3064300,0.0,0.0,0.0
2019-04-26 00:00:00-04:00,32.42935892691887,32.63135492386639,32.40181529187942,32.61299133300781,2961900,0.0,0.0,0.0
2019-04-29 00:00:00-04:00,32.57627060531014,32.66808857779402,32.57627060531014,32.658905029296875,3593500,0.0,0.0,0.0
2019-04-30 00:00:00-04:00,32.622172948432514,32.68644376828471,32.43854403599593,32.60380935668945,4132200,0.0,0.0,0.0
2019-05-01 00:00:00-04:00,32.64972047979552,32.83334939443961,32.47526810738779,32.50281524658203,3994300,0.0,0.0,0.0
2019-05-02 00:00:00-04:00,32.447729541249835,32.502820325750235,32.29164073641415,32.35591506958008,3785000,0.0,0.0,0.0
2019-05-03 00:00:00-04:00,32.61299241651195,32.713990418341176,32.53953805063727,32.66808319091797,2141400,0.0,0.0,0.0
2019-05-06 00:00:00-04:00,32.11718893784871,32.264094180747776,32.0345545198119,32.190643310546875,3219000,0.0,0.0,0.0
2019-05-07 00:00:00-04:00,31.639743576907247,31.648927124033225,31.318389477438046,31.41020393371582,4391300,0.0,0.0,0.0
2019-05-08 00:00:00-04:00,31.263298086757434,31.309205313992642,31.116392858106618,31.153120040893555,4736300,0.0,0.0,0.0
2019-05-09 00:00:00-04:00,30.758310317993164,30.868488359328666,30.510407098115696,30.758310317993164,6270100,0.0,0.0,0.0
2019-05-10 00:00:00-04:00,30.795040514814843,30.87767492953248,30.556317315631834,30.82258415222168,5875800,0.0,0.0,0.0
2019-05-13 00:00:00-04:00,30.15232590777267,30.179869542547088,29.95951345935816,30.005420684814453,5585400,0.0,0.0,0.0
2019-05-14 00:00:00-04:00,30.528774894039362,30.712407323224767,30.455320521366296,30.666500091552734,5800600,0.0,0.0,0.0
2019-05-15 00:00:00-04:00,30.3267737084273,30.49204251630674,30.2716864407986,30.48286247253418,3942900,0.0,0.0,0.0
2019-05-16 00:00:00-04:00,30.767488388146315,30.969484369716145,30.739944755203727,30.85930633544922,5298400,0.0,0.0,0.0
2019-05-17 00:00:00-04:00,31.042938661402136,31.09802592716992,30.932757124873465,30.960304260253906,3922000,0.0,0.0,0.0
2019-05-20 00:00:00-04:00,32.31918528049814,32.438546886066696,32.23655086164257,32.328365325927734,6963600,0.0,0.0,0.0
2019-05-21 00:00:00-04:00,32.08045751638817,32.27327346801758,31.942735839506376,32.27327346801758,7497800,0.0,0.0,0.0
2019-05-22 00:00:00-04:00,32.13555145263672,32.227365912931106,32.108007815047834,32.13555145263672,7286700,0.0,0.0,0.0
2019-05-23 00:00:00-04:00,31.896832553178477,32.15391585043872,31.8233781811057,32.07128143310547,5104000,0.0,0.0,0.0
2019-05-24 00:00:00-04:00,32.53953552246094,32.61298988262855,32.447721074748095,32.53953552246094,5006200,0.0,0.0,0.0
2019-05-28 00:00:00-04:00,32.70480728149414,32.78744169289097,32.64972000889424,32.70480728149414,7854100,0.0,0.0,0.0
2019-05-29 00:00:00-04:00,32.51200032193469,32.52118036808852,32.346731471185144,32.47527313232422,8242800,0.0,0.0,0.0
2019-05-30 00:00:00-04:00,32.594628797151465,32.78744125366211,32.53953802279259,32.78744125366211,4055900,0.0,0.0,0.0
2019-05-31 00:00:00-04:00,32.64972204265537,33.05371057770612,32.6129948569697,33.03534698486328,9730900,0.0,0.0,0.0
2019-06-03 00:00:00-04:00,33.375063639168204,33.47606164535642,33.32915640976368,33.402610778808594,7943900,0.0,0.0,0.0
2019-06-04 00:00:00-04:00,33.25570374431824,33.3199745625074,33.06288778725386,33.310791015625,5056100,0.0,0.0,0.0
2019-06-05 00:00:00-04:00,33.22816554767474,33.23734909702838,33.00780939815732,33.04453659057617,5825100,0.0,0.0,0.0
2019-06-06 00:00:00-04:00,32.76907954453854,32.86089750707756,32.69562867700447,32.778263092041016,4853300,0.0,0.0,0.0
2019-06-07 00:00:00-04:00,32.81499400171917,33.072077321014355,32.805810453174324,32.87926483154297,3883300,0.0,0.0,0.0
2019-06-10 00:00:00-04:00,32.833351494752115,32.89762582198554,32.71399339309766,32.851715087890625,6027300,0.0,0.0,0.0
2019-06-11 00:00:00-04:00,32.98943637992735,33.06288724128911,32.92516556279949,32.95270919799805,3624800,0.0,0.0,0.0
2019-06-12 00:00:00-04:00,32.89762122688639,32.93434490553664,32.78743968344533,32.79662322998047,3325100,0.0,0.0,0.0
2019-06-13 00:00:00-04:00,32.787439755749034,32.814986892918434,32.631354489275154,32.69562530517578,4412700,0.0,0.0,0.0
2019-06-14 00:00:00-04:00,32.4201764362728,32.4201764362728,32.25490763351381,32.26408767700195,4319300,0.0,0.0,0.0
2019-06-17 00:00:00-04:00,31.92776254977182,32.09453582763672,31.909231792855667,32.09453582763672,2741100,0.317,0.0,0.0
2019-06-18 00:00:00-04:00,32.21498587036839,32.45587865564994,32.17792435436178,32.40955352783203,4961200,0.0,0.0,0.0
2019-06-19 00:00:00-04:00,32.15939767514455,32.36323250465263,32.066747407757866,32.20572280883789,4707100,0.0,0.0,0.0
2019-06-20 00:00:00-04:00,32.69678027162681,32.845022825285284,32.52073980927025,32.576332092285156,6323000,0.0,0.0,0.0
2019-06-21 00:00:00-04:00,32.27057723856736,32.3446967341194,32.21498496611788,32.28910446166992,4449900,0.0,0.0,0.0
2019-06-24 00:00:00-04:00,32.23352001935126,32.32617028473393,32.214989259398514,32.261314392089844,3701600,0.0,0.0,0.0
2019-06-25 00:00:00-04:00,32.53926529947446,32.57632681548107,32.381759158017424,32.40955352783203,4537400,0.0,0.0,0.0
2019-06-26 00:00:00-04:00,32.71531018185974,32.798696837022966,32.65045428721959,32.73384094238281,4558500,0.0,0.0,0.0
2019-06-27 00:00:00-04:00,32.87281799316406,32.92841027752098,32.817225708807136,32.87281799316406,4143900,0.0,0.0,0.0
2019-06-28 00:00:00-04:00,32.73383733362154,32.74310094567121,32.64118354122086,32.70603942871094,3574100,0.0,0.0,0.0
2019-07-01 00:00:00-04:00,32.98400115966797,33.002531922318155,32.86355650401415,32.98400115966797,2751400,0.0,0.0,0.0
2019-07-02 00:00:00-04:00,33.10444473691196,33.21562576293945,33.048852456707664,33.21562576293945,3448300,0.0,0.0,0.0
2019-07-03 00:00:00-04:00,33.122973908450675,33.206360557567464,33.0859123900919,33.1507682800293,2364700,0.0,0.0,0.0
2019-07-05 00:00:00-04:00,32.71530712909772,32.761632258892064,32.548533834333384,32.75236511230469,3235900,0.0,0.0,0.0
2019-07-08 00:00:00-04:00,32.2427836321371,32.32617028473393,32.187194886659924,32.261314392089844,3414500,0.0,0.0,0.0
2019-07-09 00:00:00-04:00,32.140859657929624,32.31690007435099,32.140859657929624,32.27983856201172,1928800,0.0,0.0,0.0
2019-07-10 00:00:00-04:00,32.19645739668895,32.32616917753437,32.14086511873479,32.168663024902344,3790200,0.0,0.0,0.0
2019-07-11 00:00:00-04:00,32.27984683232332,32.27984683232332,32.07601199661384,32.1501350402832,5777000,0.0,0.0,0.0
2019-07-12 00:00:00-04:00,32.15939587805284,32.214988156007,32.11307074694818,32.168663024902344,2024800,0.0,0.0,0.0
2019-07-15 00:00:00-04:00,32.34470263586436,32.353966249105916,32.27984674002973,32.326171875,1595600,0.0,0.0,0.0
2019-07-16 00:00:00-04:00,32.48367691040039,32.5392656506295,32.39102311938397,32.48367691040039,2668500,0.0,0.0,0.0
2019-07-17 00:00:00-04:00,32.428081996025824,32.51146863396225,32.35395896924658,32.40028762817383,1842800,0.0,0.0,0.0
2019-07-18 00:00:00-04:00,32.15012688028881,32.38175603139409,32.13159612407475,32.35395812988281,2873300,0.0,0.0,0.0
2019-07-19 00:00:00-04:00,31.825846159108817,31.86290767411167,31.64980926441615,31.659072875976562,2876300,0.0,0.0,0.0
2019-07-22 00:00:00-04:00,31.677610397338867,31.73320268171332,31.622021647345775,31.677610397338867,2093500,0.0,0.0,0.0
2019-07-23 00:00:00-04:00,31.5386309197635,31.54789453210697,31.418182753012974,31.427446365356445,3319500,0.0,0.0,0.0
2019-07-24 00:00:00-04:00,31.297732236445423,31.371855267151673,31.27920147876886,31.34406089782715,2130200,0.0,0.0,0.0
2019-07-25 00:00:00-04:00,31.269939179798143,31.269939179798143,31.10316588808876,31.15875816345215,3549800,0.0,0.0,0.0
2019-07-26 00:00:00-04:00,31.436713512080818,31.4737750302165,31.325532492054666,31.427446365356445,1585700,0.0,0.0,0.0
2019-07-29 00:00:00-04:00,31.205082805895053,31.242144322226174,31.14022691950596,31.186552047729492,2407000,0.0,0.0,0.0
2019-07-30 00:00:00-04:00,30.769621528437625,30.769621528437625,30.593584611968943,30.639909744262695,2997800,0.0,0.0,0.0
2019-07-31 00:00:00-04:00,30.85300657503412,30.89933170491757,30.306361559895308,30.57505226135254,4844700,0.0,0.0,0.0
2019-08-01 00:00:00-04:00,30.41754853723945,30.61211621888608,30.046940399871566,30.093265533447266,7527000,0.0,0.0,0.0
2019-08-02 00:00:00-04:00,30.204443426569302,30.22297418495286,29.95428702434319,30.037670135498047,3468800,0.0,0.0,0.0
2019-08-05 00:00:00-04:00,29.39837648061436,29.407641860311866,28.96291423797445,29.046300888061523,5961300,0.0,0.0,0.0
2019-08-06 00:00:00-04:00,29.62073842794266,29.685596081744134,29.352049502383746,29.574413299560547,6399600,0.0,0.0,0.0
2019-08-07 00:00:00-04:00,29.138952386674912,29.407641324242764,28.9165868123692,29.389110565185547,4567500,0.0,0.0,0.0
2019-08-08 00:00:00-04:00,30.00987890211086,30.23224449157715,29.97281738146962,30.23224449157715,5701500,0.0,0.0,0.0
2019-08-09 00:00:00-04:00,30.07473071424201,30.102528618140724,29.870899447141852,29.982080459594727,3339500,0.0,0.0,0.0
2019-08-12 00:00:00-04:00,29.83384153213153,29.935758945172196,29.778249252005416,29.80604362487793,1822600,0.0,0.0,0.0
2019-08-13 00:00:00-04:00,29.296458722043294,29.815307577290355,29.213072077979795,29.676328659057617,4686300,0.0,0.0,0.0
2019-08-14 00:00:00-04:00,29.453967981254753,29.537352861950097,29.250133167671535,29.277929306030273,4258700,0.0,0.0,0.0
2019-08-15 00:00:00-04:00,29.296457847675086,29.389108100811242,29.185275069845275,29.342782974243164,3864600,0.0,0.0,0.0
2019-08-16 00:00:00-04:00,29.72265545974057,29.935753862471042,29.657796043415175,29.815305709838867,2994300,0.0,0.0,0.0
2019-08-19 00:00:00-04:00,29.778249305406636,29.8616359585548,29.592947006225586,29.592947006225586,2039100,0.0,0.0,0.0
2019-08-20 00:00:00-04:00,29.565148266380387,29.64853491219617,29.509557758233328,29.54661750793457,1809600,0.0,0.0,0.0
2019-08-21 00:00:00-04:00,29.46322905454125,29.481759811850203,29.342782666413648,29.407638549804688,2414700,0.0,0.0,0.0
2019-08-22 00:00:00-04:00,28.888791098150296,28.888791098150296,28.657161922273133,28.73128318786621,4552500,0.0,0.0,0.0
2019-08-23 00:00:00-04:00,29.528088410534465,29.768982967892963,29.25013233641756,29.333518981933594,9366900,0.0,0.0,0.0
2019-08-26 00:00:00-04:00,29.62073905271198,29.815308483839576,29.52808879399355,29.796777725219727,5692300,0.0,0.0,0.0
2019-08-27 00:00:00-04:00,30.065472179307015,30.148858836322287,29.926493239487804,29.97281837463379,6167600,0.0,0.0,0.0
2019-08-28 00:00:00-04:00,29.741184545064705,29.750451691283267,29.630003531106944,29.676328659057617,7528000,0.0,0.0,0.0
2019-08-29 00:00:00-04:00,29.620740370566875,29.69486164115359,29.500293968559898,29.611474990844727,3146500,0.0,0.0,0.0
2019-08-30 00:00:00-04:00,29.8245693210965,29.833836466734624,29.620736296813906,29.815305709838867,6036100,0.0,0.0,0.0
2019-09-03 00:00:00-04:00,28.870263241149683,29.083361680245414,28.814672728166133,29.06483268737793,3175300,0.0,0.0,0.0
2019-09-04 00:00:00-04:00,29.129687632259305,29.29646093297226,29.083360733622104,29.2593994140625,6323800,0.0,0.0,0.0
2019-09-05 00:00:00-04:00,29.407643722487325,29.463234237002034,29.32425706711997,29.361318588256836,5278200,0.0,0.0,0.0
2019-09-06 00:00:00-04:00,29.62074054280083,29.731923332922634,29.592946170663254,29.648536682128906,2526900,0.0,0.0,0.0
2019-09-09 00:00:00-04:00,29.71339090484726,29.824571921535313,29.676329387824307,29.759716033935547,2184600,0.0,0.0,0.0
2019-09-10 00:00:00-04:00,29.574414718743736,29.759717008354624,29.55588395962551,29.70412826538086,2242700,0.0,0.0,0.0
2019-09-11 00:00:00-04:00,29.870899621947334,30.019142150878906,29.824570959971915,30.019142150878906,5534600,0.0,0.0,0.0
2019-09-12 00:00:00-04:00,30.028405586918367,30.15811735717683,29.90795742837237,29.982080459594727,3551700,0.0,0.0,0.0
2019-09-13 00:00:00-04:00,30.260037680320778,30.343424331308775,30.195181788928004,30.315629959106445,3574000,0.0,0.0,0.0
2019-09-16 00:00:00-04:00,29.84310519847953,29.8616359585548,29.546620106037413,29.592947006225586,4032200,0.0,0.0,0.0
2019-09-17 00:00:00-04:00,29.35205142738647,29.630005750289026,29.240868637911156,29.611474990844727,3659800,0.0,0.0,0.0
2019-09-18 00:00:00-04:00,29.667065670641986,29.6763292826745,29.389109595525913,29.54661750793457,3551000,0.0,0.0,0.0
2019-09-19 00:00:00-04:00,29.231604257476825,29.268665777632382,29.0833617112357,29.101892471313477,3756600,0.0,0.0,0.0
2019-09-20 00:00:00-04:00,30.723295384708845,30.899332295382255,30.639908735572824,30.760356903076172,11739100,0.0,0.0,0.0
2019-09-23 00:00:00-04:00,31.168023632503047,31.492306623206,31.093904128649882,31.47377586364746,11070300,0.0,0.0,0.0
2019-09-24 00:00:00-04:00,31.390389473418427,31.3996530860841,31.130962371826175,31.130962371826172,6262100,0.0,0.0,0.0
2019-09-25 00:00:00-04:00,30.815940172509233,30.954919074509863,30.76035143921322,30.871532440185547,6144900,0.0,0.0,0.0
2019-09-26 00:00:00-04:00,31.19581349939014,31.22361140190391,31.047570978711814,31.075368881225586,6799100,0.0,0.0,0.0
2019-09-27 00:00:00-04:00,31.288470775513375,31.288470775513375,30.936393424218757,31.001249313354492,5945100,0.0,0.0,0.0
2019-09-30 00:00:00-04:00,31.019778030254884,31.130959042256904,30.991983660849538,31.103164672851562,3467200,0.0,0.0,0.0
2019-10-01 00:00:00-04:00,30.55652178327839,30.55652178327839,30.334159744042392,30.371217727661133,4870800,0.0,0.0,0.0
2019-10-02 00:00:00-04:00,30.204441247747166,30.297095032981304,30.130321753940375,30.24150276184082,3958600,0.0,0.0,0.0
2019-10-03 00:00:00-04:00,30.389751622268623,30.59358645791733,30.380488009003344,30.565792083740234,4543200,0.0,0.0,0.0
2019-10-04 00:00:00-04:00,30.2878345056644,30.41754983333715,30.204447847922562,30.361957550048828,3193700,0.0,0.0,0.0
2019-10-07 00:00:00-04:00,30.111793656790773,30.16738593284195,29.99134549253698,30.009876251220703,4388000,0.0,0.0,0.0
2019-10-08 00:00:00-04:00,29.833836466734624,29.870897980526138,29.713388314102446,29.815305709838867,3111400,0.0,0.0,0.0
2019-10-09 00:00:00-04:00,30.297100385508745,30.334161906149983,30.18591935796617,30.23224449157715,3711100,0.0,0.0,0.0
2019-10-10 00:00:00-04:00,30.232241300545418,30.44533972016816,30.204443395808006,30.352685928344727,2547700,0.0,0.0,0.0
2019-10-11 00:00:00-04:00,30.53798914804399,30.602845033368194,30.44533889311818,30.510194778442383,5701800,0.0,0.0,0.0
2019-10-14 00:00:00-04:00,30.417545143797696,30.463870272205273,30.371216481009373,30.380483627319336,1599100,0.0,0.0,0.0
2019-10-15 00:00:00-04:00,30.519461572794103,30.70476563635016,30.482403587587722,30.639909744262695,5026300,0.0,0.0,0.0
2019-10-16 00:00:00-04:00,30.74182631649723,30.806682206813733,30.723295557209525,30.79741859436035,3489000,0.0,0.0,0.0
2019-10-17 00:00:00-04:00,31.1216961613404,31.26067508039173,31.112432549447984,31.186552047729492,5877100,0.0,0.0,0.0
2019-10-18 00:00:00-04:00,31.408917100308123,31.538628870975884,31.408917100308123,31.529361724853516,4462400,0.0,0.0,0.0
2019-10-21 00:00:00-04:00,31.40891997238307,31.501570235794773,31.31626617459037,31.47377586364746,4514100,0.0,0.0,0.0
2019-10-22 00:00:00-04:00,31.269938556490107,31.43671184487518,31.269938556490107,31.288469314575195,5097800,0.0,0.0,0.0
2019-10-23 00:00:00-04:00,31.39038959142786,31.50157061573907,31.38112244434632,31.48303985595703,2676400,0.0,0.0,0.0
2019-10-24 00:00:00-04:00,31.39038814190654,31.42744612537835,31.279203588348487,31.316265106201172,3603800,0.0,0.0,0.0
2019-10-25 00:00:00-04:00,31.334792349766904,31.612746633717396,31.32552873853343,31.566421508789062,6052900,0.0,0.0,0.0
2019-10-28 00:00:00-04:00,31.64055061340332,31.71467012064875,31.575694719170635,31.64055061340332,3016400,0.0,0.0,0.0
2019-10-29 00:00:00-04:00,32.0111512262353,32.04821274242659,31.955562486329065,31.99262046813965,2976300,0.0,0.0,0.0
2019-10-30 00:00:00-04:00,32.13159604703498,32.28910217290636,32.001884288227885,32.27983856201172,4136700,0.0,0.0,0.0
2019-10-31 00:00:00-04:00,32.27058266771495,32.27984628082472,32.048217074887226,32.10380935668945,5716300,0.0,0.0,0.0
2019-11-01 00:00:00-04:00,32.344697991066134,32.54853279692151,32.33543437915486,32.48367691040039,4979800,0.0,0.0,0.0
2019-11-04 00:00:00-05:00,32.50220502280507,32.55779375850906,32.38175687147902,32.40028762817383,3205700,0.0,0.0,0.0
2019-11-05 00:00:00-05:00,32.44661726843459,32.44661726843459,32.26131321007749,32.34469985961914,2783700,0.0,0.0,0.0
2019-11-06 00:00:00-05:00,32.40029095644131,32.47441045645392,32.316904309939126,32.42808532714844,4496000,0.0,0.0,0.0
2019-11-07 00:00:00-05:00,32.50220731784855,32.56706320366977,32.39102276982872,32.40955352783203,3829200,0.0,0.0,0.0
2019-11-08 00:00:00-05:00,31.96483005755516,32.020422338728125,31.862912642595308,31.89070701599121,4323100,0.0,0.0,0.0
2019-11-11 00:00:00-05:00,31.72393147533982,31.85364324012018,31.72393147533982,31.81658172607422,1258500,0.0,0.0,0.0
2019-11-12 00:00:00-05:00,31.75172993547215,31.75172993547215,31.603487394565057,31.612751007080078,2752100,0.0,0.0,0.0
2019-11-13 00:00:00-05:00,31.47377638844896,31.47377638844896,31.33479745663304,31.381122589111328,2836100,0.0,0.0,0.0
2019-11-14 00:00:00-05:00,31.408917029616866,31.49230367262713,31.362588367870647,31.455242156982422,1884900,0.0,0.0,0.0
2019-11-15 00:00:00-05:00,31.705401536920437,31.733195905982278,31.64054565285574,31.659072875976562,2470200,0.0,0.0,0.0
2019-11-18 00:00:00-05:00,31.584953793253312,31.622015308740664,31.520097908340773,31.557159423828125,2285800,0.0,0.0,0.0
2019-11-19 00:00:00-05:00,31.816583769559145,31.8351145277723,31.640546868105258,31.71466636657715,1946800,0.0,0.0,0.0
2019-11-20 00:00:00-05:00,31.844383576806038,31.983362519943647,31.825852815428934,31.918506622314453,3051900,0.0,0.0,0.0
2019-11-21 00:00:00-05:00,31.844378696397516,31.844378696397516,31.74246129163378,31.7609920501709,2584400,0.0,0.0,0.0
2019-11-22 00:00:00-05:00,31.686870574951172,31.75172645859737,31.64054544868683,31.686870574951172,1850600,0.0,0.0,0.0
2019-11-25 00:00:00-05:00,32.21498807908345,32.35396347206557,32.159395801262036,32.34469985961914,3578600,0.0,0.0,0.0
2019-11-26 00:00:00-05:00,32.224249546904616,32.26131106298567,32.1315992910827,32.233516693115234,5311800,0.0,0.0,0.0
2019-11-27 00:00:00-05:00,32.39102311938397,32.49294052231166,32.30763647465957,32.48367691040039,4053900,0.0,0.0,0.0
2019-11-29 00:00:00-05:00,32.01114771296913,32.07600359199552,31.918497467040087,31.92776107788086,3403700,0.0,0.0,0.0
2019-12-02 00:00:00-05:00,32.06674305573447,32.159393310546875,32.03894868616688,32.159393310546875,3387100,0.0,0.0,0.0
2019-12-03 00:00:00-05:00,31.92776798552662,31.94629874559767,31.788792586565414,31.84438133239746,3414300,0.0,0.0,0.0
2019-12-04 00:00:00-05:00,32.15939469923764,32.270579251070444,32.15939469923764,32.25204849243164,4149300,0.0,0.0,0.0
2019-12-05 00:00:00-05:00,32.159398712016326,32.270583277722494,32.15013509873145,32.2242546081543,4035500,0.0,0.0,0.0
2019-12-06 00:00:00-05:00,31.927768536773186,31.98336081794615,31.835118269199402,31.89070701599121,4877900,0.0,0.0,0.0
2019-12-09 00:00:00-05:00,31.992624793084996,32.10380935668945,31.992624793084996,32.10380935668945,2310300,0.0,0.0,0.0
2019-12-10 00:00:00-05:00,31.992619530513387,32.01115028806595,31.899969277131213,31.937030792236328,3680000,0.0,0.0,0.0
2019-12-11 00:00:00-05:00,32.076016670350526,32.28911515037823,32.076016670350526,32.27058792114258,2954000,0.0,0.0,0.0
2019-12-12 00:00:00-05:00,32.17792641974174,32.51147301644891,32.17792641974174,32.446617126464844,4845500,0.0,0.0,0.0
2019-12-13 00:00:00-05:00,32.61338806152344,32.668976800692505,32.51147066053926,32.61338806152344,5634600,0.0,0.0,0.0
2019-12-16 00:00:00-05:00,32.402870178222656,32.51415906120376,32.375049726326054,32.402870178222656,3463900,0.033,0.0,0.0
2019-12-17 00:00:00-05:00,32.662541794130654,32.69963455200195,32.58834920299313,32.69963455200195,5502900,0.0,0.0,0.0
2019-12-18 00:00:00-05:00,32.73672839538431,32.792372834569335,32.681087493896484,32.681087493896484,5238400,0.0,0.0,0.0
2019-12-19 00:00:00-05:00,32.80164990998916,32.85729435726778,32.75528130610582,32.82019805908203,3254600,0.0,0.0,0.0
2019-12-20 00:00:00-05:00,32.93148013744001,32.95930412715816,32.87583923339844,32.87583923339844,3368500,0.0,0.0,0.0
2019-12-23 00:00:00-05:00,32.82946995094721,32.82946995094721,32.75527736350592,32.79237365722656,3713100,0.0,0.0,0.0
2019-12-24 00:00:00-05:00,32.72745840796811,32.78309931339502,32.616169521719385,32.67181396484375,1784100,0.0,0.0,0.0
2019-12-26 00:00:00-05:00,32.57907690465997,32.58834920970534,32.48633616571897,32.51416015625,1564100,0.0,0.0,0.0
2019-12-27 00:00:00-05:00,32.83874553197151,32.87584182939339,32.681091574474976,32.736732482910156,2513100,0.0,0.0,0.0
2019-12-30 00:00:00-05:00,32.80164842141962,32.84801702319871,32.62544631958008,32.62544631958008,2232100,0.0,0.0,0.0
2019-12-31 00:00:00-05:00,32.46778489569287,32.616166526032025,32.421416299530094,32.59762191772461,2820100,0.0,0.0,0.0
2020-01-02 00:00:00-05:00,32.903661997729586,33.00567504590461,32.83874524665414,32.996402740478516,3880500,0.0,0.0,0.0
2020-01-03 00:00:00-05:00,32.57907361997108,32.60689406999974,32.430691990323076,32.439964294433594,4085000,0.0,0.0,0.0
2020-01-06 00:00:00-05:00,31.939180772346862,32.10611057825076,31.874264018683988,32.05974197387695,4516100,0.0,0.0,0.0
2020-01-07 00:00:00-05:00,32.01336669921875,32.115379730204396,31.985546249930668,32.01336669921875,2940200,0.0,0.0,0.0
2020-01-08 00:00:00-05:00,32.18029732697385,32.560525474052945,32.133928731027055,32.439964294433594,6043100,0.0,0.0,0.0
2020-01-09 00:00:00-05:00,32.83874293890582,32.90365968541923,32.79237433963872,32.87583923339844,5249700,0.0,0.0,0.0
2020-01-10 00:00:00-05:00,33.07059193034938,33.15405683031121,33.01494748447561,33.02422332763672,4293400,0.0,0.0,0.0
2020-01-13 00:00:00-05:00,33.135508384107965,33.46936798095703,33.135508384107965,33.46936798095703,2475800,0.0,0.0,0.0
2020-01-14 00:00:00-05:00,33.40445327758789,33.432273733131254,33.29316791771663,33.40445327758789,4887800,0.0,0.0,0.0
2020-01-15 00:00:00-05:00,33.4415490350461,33.4786417959371,33.31171198998547,33.34880828857422,3700600,0.0,0.0,0.0
2020-01-16 00:00:00-05:00,33.385899542204506,33.43226813958479,33.311706956238275,33.33953094482422,2517700,0.0,0.0,0.0
2020-01-17 00:00:00-05:00,33.44154820183313,33.552833557128906,33.42300005300089,33.552833557128906,2506200,0.0,0.0,0.0
2020-01-21 00:00:00-05:00,33.033496467103554,33.070592765289305,32.810925753384446,32.82019805908203,4245600,0.0,0.0,0.0
2020-01-22 00:00:00-05:00,32.885116984677495,32.93148559162426,32.829476071420544,32.912940979003906,2986400,0.0,0.0,0.0
2020-01-23 00:00:00-05:00,32.81092479638766,32.93148245542849,32.68109129422209,32.8665657043457,4024000,0.0,0.0,0.0
2020-01-24 00:00:00-05:00,33.19115038807351,33.19115038807351,32.96857616064661,33.005672454833984,2518800,0.0,0.0,0.0
2020-01-27 00:00:00-05:00,32.62544236788285,32.801644448380245,32.55124978386471,32.59762191772461,3676700,0.0,0.0,0.0
2020-01-28 00:00:00-05:00,32.6625423382463,32.81092398529573,32.62544604205956,32.755279541015625,4119500,0.0,0.0,0.0
2020-01-29 00:00:00-05:00,32.79237365722656,32.82946995094721,32.70890876520375,32.79237365722656,2781100,0.0,0.0,0.0
2020-01-30 00:00:00-05:00,32.161751206121174,32.43069403232253,32.15247536372949,32.37504959106445,4821500,0.0,0.0,0.0
2020-01-31 00:00:00-05:00,32.04119274239664,32.07828903972185,31.827894339323095,31.985551834106445,5420900,0.0,0.0,0.0
2020-02-03 00:00:00-05:00,31.53113147010853,31.679513123754074,31.484762866662614,31.568227767944336,4905500,0.0,0.0,0.0
2020-02-04 00:00:00-05:00,32.319407326518274,32.46778897550264,32.319407326518274,32.337955474853516,6428900,0.0,0.0,0.0
2020-02-05 00:00:00-05:00,32.755280914747054,32.83874581581891,32.59762695588781,32.60689926147461,2938700,0.0,0.0,0.0
2020-02-06 00:00:00-05:00,32.98712567262346,32.98712567262346,32.82019587957069,32.85729217529297,4296400,0.0,0.0,0.0
2020-02-07 00:00:00-05:00,32.57907922363108,32.64399597666181,32.49561432149189,32.504886627197266,2430000,0.0,0.0,0.0
2020-02-10 00:00:00-05:00,32.5141577140386,32.7089079446404,32.5141577140386,32.681087493896484,2050800,0.0,0.0,0.0
2020-02-11 00:00:00-05:00,32.88511426296076,32.99640315565978,32.83874565985166,32.89439010620117,2823100,0.0,0.0,0.0
2020-02-12 00:00:00-05:00,32.98712240690919,33.10768358722233,32.97785010274531,33.09840774536133,2896500,0.0,0.0,0.0
2020-02-13 00:00:00-05:00,32.922206055103935,32.99639864008332,32.78309672711618,32.81092071533203,5848000,0.0,0.0,0.0
2020-02-14 00:00:00-05:00,32.82020247777288,32.82947832241701,32.551259586264074,32.5605354309082,5073000,0.0,0.0,0.0
2020-02-18 00:00:00-05:00,32.45851940324095,32.523436159031604,32.34723404155667,32.35650634765625,4612800,0.0,0.0,0.0
2020-02-19 00:00:00-05:00,32.78310368139516,32.84802043817433,32.708914618375225,32.72746276855469,3074300,0.0,0.0,0.0
2020-02-20 00:00:00-05:00,32.486335894136324,32.551252642003604,32.30086149319978,32.32868194580078,3955900,0.0,0.0,0.0
2020-02-21 00:00:00-05:00,32.27304349321118,32.412152857431586,32.23594719105933,32.29159164428711,2441000,0.0,0.0,0.0
2020-02-24 00:00:00-05:00,31.373477384664383,31.568227640972534,31.271464334875066,31.41057014465332,7106000,0.0,0.0,0.0
2020-02-25 00:00:00-05:00,31.781524395536522,31.818620691296505,31.234366415017895,31.28073501586914,8665600,0.0,0.0,0.0
2020-02-26 00:00:00-05:00,31.475487725673094,31.623869382629508,31.317833762899678,31.336381912231445,7611100,0.0,0.0,0.0
2020-02-27 00:00:00-05:00,30.946874756944407,31.09525639906252,30.761396819872413,30.789220809936523,8116700,0.0,0.0,0.0
2020-02-28 00:00:00-05:00,29.41668729335302,29.954571175924432,29.231211129377613,29.852558135986328,19086900,0.0,0.0,0.0
2020-03-02 00:00:00-05:00,29.323952918845787,29.769096109011034,29.212665794667853,29.713455200195312,14313700,0.0,0.0,0.0
2020-03-03 00:00:00-05:00,29.69490568968933,30.269884126504508,29.518701821507825,29.63926124572754,13304200,0.0,0.0,0.0
2020-03-04 00:00:00-05:00,29.657807759403166,29.741272651897717,29.481605669780134,29.667081832885742,8405000,0.0,0.0,0.0
2020-03-05 00:00:00-05:00,29.49087751854937,29.59289055643218,28.33164488387607,28.507848739624023,13964300,0.0,0.0,0.0
2020-03-06 00:00:00-05:00,28.442935943603516,28.60986574918578,28.220363459110118,28.442935943603516,9201000,0.0,0.0,0.0
2020-03-09 00:00:00-04:00,26.365591398638507,27.1074996918903,26.365591398638507,26.894201278686523,11757500,0.0,0.0,0.0
2020-03-10 00:00:00-04:00,27.515546397162364,27.803035600610272,27.07967555523497,27.77521514892578,9845300,0.0,0.0,0.0
2020-03-11 00:00:00-04:00,27.200236475792387,27.33934404844548,26.54179313977167,26.55106544494629,14425500,0.0,0.0,0.0
2020-03-12 00:00:00-04:00,24.11203998033555,24.22332709699976,22.38710116955688,23.286666870117188,14635800,0.0,0.0,0.0
2020-03-13 00:00:00-04:00,26.115195401481113,26.59743665279298,24.928140421832403,26.254302978515625,9428000,0.0,0.0,0.0
2020-03-16 00:00:00-04:00,23.333038340484812,24.01930396592861,21.459717656278027,22.201627731323242,9576400,0.0,0.0,0.0
2020-03-17 00:00:00-04:00,23.4165023181204,24.418079376220703,23.11046493283555,24.418079376220703,9986000,0.0,0.0,0.0
2020-03-18 00:00:00-04:00,21.97905406633141,22.934260738468815,21.46899058530331,21.654468536376953,10039700,0.0,0.0,0.0
2020-03-19 00:00:00-04:00,21.385523517623444,21.47826248376482,20.745628365830136,21.153676986694336,12316300,0.0,0.0,0.0
2020-03-20 00:00:00-04:00,22.294365967336145,22.377829101253337,21.20932400022621,21.394800186157227,17723400,0.0,0.0,0.0
2020-03-23 00:00:00-04:00,19.84606064565866,20.077907152661325,18.992865429134902,19.01141357421875,19051400,0.0,0.0,0.0
2020-03-24 00:00:00-04:00,20.059364318847656,20.374675793366574,19.326730082535303,20.059364318847656,11410300,0.0,0.0,0.0
2020-03-25 00:00:00-04:00,20.782725132704176,21.793576258098348,20.754902909206123,21.58955192565918,10203900,0.0,0.0,0.0
2020-03-26 00:00:00-04:00,22.73950942604671,23.435049057006836,22.62822230679964,23.435049057006836,10112300,0.0,0.0,0.0
2020-03-27 00:00:00-04:00,21.92340864212385,22.396375804307834,21.737932468169518,22.01614761352539,8070500,0.0,0.0,0.0
2020-03-30 00:00:00-04:00,21.598827051362054,21.886316299438477,21.320610109387417,21.886316299438477,7665200,0.0,0.0,0.0
2020-03-31 00:00:00-04:00,22.340733391648875,22.693139364499192,22.136709067245935,22.359281539916992,10298500,0.0,0.0,0.0
2020-04-01 00:00:00-04:00,21.172225401088486,21.246416221168854,20.708532333374023,20.708532333374023,7727500,0.0,0.0,0.0
2020-04-02 00:00:00-04:00,21.060940049119793,21.468990478135623,20.847641644644018,21.246417999267578,9119300,0.0,0.0,0.0
2020-04-03 00:00:00-04:00,20.968201924157402,21.042392747196025,20.328304969918815,20.41176986694336,4746600,0.0,0.0,0.0
2020-04-06 00:00:00-04:00,21.320608115913636,21.960505076891206,21.255691366177274,21.951231002807617,8111000,0.0,0.0,0.0
2020-04-07 00:00:00-04:00,23.323763510524724,23.34231165979143,22.51693847476056,22.591129302978516,6570200,0.0,0.0,0.0
2020-04-08 00:00:00-04:00,22.748784696744504,23.351585388183594,22.739510622248662,23.351585388183594,5529800,0.0,0.0,0.0
2020-04-09 00:00:00-04:00,23.806003853087855,24.065672626182483,23.49069240320467,23.611251831054688,7643300,0.0,0.0,0.0
2020-04-13 00:00:00-04:00,23.435051240283837,23.499967995538814,23.11973977003202,23.3979549407959,4256200,0.0,0.0,0.0
2020-04-14 00:00:00-04:00,24.000755436263976,24.371711352340892,23.92656460681837,24.093494415283203,6039500,0.0,0.0,0.0
2020-04-15 00:00:00-04:00,23.166105405571948,23.212475773987038,22.92498479635955,22.943532943725586,6057000,0.0,0.0,0.0
2020-04-16 00:00:00-04:00,23.379405855713824,23.462870757373597,23.13828699408431,23.19392967224121,8908100,0.0,0.0,0.0
2020-04-17 00:00:00-04:00,24.13058976361455,24.20478059013682,23.889469135204976,24.0471248626709,8715900,0.0,0.0,0.0
2020-04-20 00:00:00-04:00,23.778181081409933,23.972933098947742,23.54633453648558,23.620525360107422,4999300,0.0,0.0,0.0
2020-04-21 00:00:00-04:00,22.952805240531198,23.156829539217107,22.860066279729036,22.87861442565918,4415600,0.0,0.0,0.0
2020-04-22 00:00:00-04:00,24.065671237591392,24.07494354248047,23.908015521746545,24.07494354248047,6372200,0.0,0.0,0.0
2020-04-23 00:00:00-04:00,24.47372111009753,24.724115807169735,24.149137357058137,24.214054107666016,4451000,0.0,0.0,0.0
2020-04-24 00:00:00-04:00,23.908017295580237,23.96365997328657,23.6947171214831,23.889469146728516,5219800,0.0,0.0,0.0
2020-04-27 00:00:00-04:00,24.223326287103,24.714839799743885,24.204778140137662,24.68701934814453,7736000,0.0,0.0,0.0
2020-04-28 00:00:00-04:00,24.928142041677326,24.928142041677326,24.566461964115657,24.62210464477539,3483000,0.0,0.0,0.0
2020-04-29 00:00:00-04:00,25.159987277676922,25.670050758108363,25.076524145525134,25.65150260925293,6008000,0.0,0.0,0.0
2020-04-30 00:00:00-04:00,25.651500561848966,25.744239529875237,25.08579444885254,25.08579444885254,4811800,0.0,0.0,0.0
2020-05-01 00:00:00-04:00,24.501542776851085,24.585007673981572,24.11204051319173,24.316064834594727,5322500,0.0,0.0,0.0
2020-05-04 00:00:00-04:00,24.40880352760858,24.668472290039062,24.306790483645045,24.668472290039062,4671600,0.0,0.0,0.0
2020-05-05 00:00:00-04:00,24.408804085105118,24.529365279606314,24.18623161315918,24.18623161315918,5884100,0.0,0.0,0.0
2020-05-06 00:00:00-04:00,24.20478143376091,24.232601889145887,23.78745691449737,23.84309959411621,3927800,0.0,0.0,0.0
2020-05-07 00:00:00-04:00,24.223328042304605,24.362435616926952,24.139863143761442,24.27897071838379,4212800,0.0,0.0,0.0
2020-05-08 00:00:00-04:00,24.49226680553118,24.789030075073242,24.445898207983465,24.789030075073242,3437900,0.0,0.0,0.0
2020-05-11 00:00:00-04:00,24.39952863892783,24.547910278547754,24.334611892700195,24.334611892700195,3146000,0.0,0.0,0.0
2020-05-12 00:00:00-04:00,24.677748204573035,26.01318310535359,24.677748204573035,25.391834259033203,10985700,0.0,0.0,0.0
2020-05-13 00:00:00-04:00,25.141440143141068,25.159986522591065,24.482995029324663,24.594282150268555,6305100,0.0,0.0,0.0
2020-05-14 00:00:00-04:00,23.991483469984225,24.64065279461161,23.62052754865552,24.62210464477539,6603200,0.0,0.0,0.0
2020-05-15 00:00:00-04:00,24.010027067406675,24.195505006567934,23.954384393197785,24.102766036987305,4665000,0.0,0.0,0.0
2020-05-18 00:00:00-04:00,23.90801552193776,24.408803121840943,23.898741448199907,24.390254974365234,7031200,0.0,0.0,0.0
2020-05-19 00:00:00-04:00,23.917291108040157,23.95438563648847,23.703990936279297,23.703990936279297,4644500,0.0,0.0,0.0
2020-05-20 00:00:00-04:00,24.399529865770692,24.547911512851456,24.297518588933144,24.408803939819336,5008900,0.0,0.0,0.0
2020-05-21 00:00:00-04:00,24.473721792155914,24.585008916905732,24.241875237038563,24.29751968383789,6375700,0.0,0.0,0.0
2020-05-22 00:00:00-04:00,24.241874015868756,24.27897031186627,24.06567191642681,24.22332763671875,3030100,0.0,0.0,0.0
2020-05-26 00:00:00-04:00,24.343888157170202,24.501543884561066,24.16768428094539,24.20478057861328,4031900,0.0,0.0,0.0
2020-05-27 00:00:00-04:00,24.594281332496497,24.594281332496497,24.260421749614597,24.575733184814453,4385300,0.0,0.0,0.0
2020-05-28 00:00:00-04:00,25.085795959706513,25.187809007564265,24.826128956212298,24.87249755859375,6525400,0.0,0.0,0.0
2020-05-29 00:00:00-04:00,25.21562796268008,25.49384307861328,25.09506678195341,25.49384307861328,9627600,0.0,0.0,0.0
2020-06-01 00:00:00-04:00,25.966812946343424,26.161563194393594,25.809157225558103,26.143016815185547,6376100,0.0,0.0,0.0
2020-06-02 00:00:00-04:00,26.560336809228023,26.79218332961262,26.421229250766977,26.755088806152344,8867200,0.0,0.0,0.0
2020-06-03 00:00:00-04:00,26.699449662790393,26.912748065191337,26.625257068373916,26.884925842285156,5234600,0.0,0.0,0.0
2020-06-04 00:00:00-04:00,26.597435272102338,26.76436506341784,26.384136880465295,26.467601776123047,5552900,0.0,0.0,0.0
2020-06-05 00:00:00-04:00,26.986938741383465,27.265153893510064,26.959116518631284,27.107498168945312,5375200,0.0,0.0,0.0
2020-06-08 00:00:00-04:00,26.949841091250867,27.16314125061035,26.764364922095343,27.16314125061035,2909500,0.0,0.0,0.0
2020-06-09 00:00:00-04:00,26.68090070767226,26.78291198421369,26.4768746168919,26.708721160888672,3652500,0.0,0.0,0.0
2020-06-10 00:00:00-04:00,26.847829682123372,26.931294576920127,26.523244176674723,26.91274642944336,4114900,0.0,0.0,0.0
2020-06-11 00:00:00-04:00,25.799882769511456,25.874073591791376,24.816853932090364,24.826128005981445,17101900,0.0,0.0,0.0
2020-06-12 00:00:00-04:00,26.161564144702012,26.245029045140704,25.707145113896264,26.18938636779785,12432500,0.0,0.0,0.0
2020-06-15 00:00:00-04:00,25.748617898016846,26.343746082241797,25.683525974569978,26.232158660888672,6184300,0.076,0.0,0.0
2020-06-16 00:00:00-04:00,26.325148526698793,26.390240451737082,25.609135577655668,25.776514053344727,8978000,0.0,0.0,0.0
2020-06-17 00:00:00-04:00,26.064783939621957,26.250760637140555,25.925299199455324,26.008989334106445,6464300,0.0,0.0,0.0
2020-06-18 00:00:00-04:00,26.185666066549118,26.33444811902549,26.120574140293453,26.241458892822266,4435200,0.0,0.0,0.0
2020-06-19 00:00:00-04:00,26.85518484535846,26.85518484535846,26.48322972050179,26.650609970092773,8041900,0.0,0.0,0.0
2020-06-22 00:00:00-04:00,27.078359670638992,27.366624670452598,27.050462371190473,27.301532745361328,4515400,0.0,0.0,0.0
2020-06-23 00:00:00-04:00,27.65489031925129,27.803672372557692,27.51540736597929,27.561901092529297,2914300,0.0,0.0,0.0
2020-06-24 00:00:00-04:00,27.236440848787495,27.264336374643282,26.85518485041297,26.920278549194336,4482300,0.0,0.0,0.0
2020-06-25 00:00:00-04:00,26.994668072141884,27.27363395690918,26.985368972833395,27.27363395690918,4521600,0.0,0.0,0.0
2020-06-26 00:00:00-04:00,27.18064777611126,27.236442378199758,26.910980960505004,27.013267517089844,4009700,0.0,0.0,0.0
2020-06-29 00:00:00-04:00,27.003970858231433,27.208545750082735,26.938877154184944,27.162050247192383,3787400,0.0,0.0,0.0
2020-06-30 00:00:00-04:00,27.13415460471282,27.15275280579057,26.855186909412776,26.98537254333496,4055200,0.0,0.0,0.0
2020-07-01 00:00:00-04:00,27.162050124433836,27.626994509503543,27.162050124433836,27.589799880981445,5347800,0.0,0.0,0.0
2020-07-02 00:00:00-04:00,28.14773152368469,28.463893825248224,28.13843242380083,28.240720748901367,6341700,0.0,0.0,0.0
2020-07-06 00:00:00-04:00,28.798651456494998,28.91023887723089,28.71496133434855,28.835847854614258,2943400,0.0,0.0,0.0
2020-07-07 00:00:00-04:00,28.789353225633104,28.9567334749764,28.631273849722138,28.668468475341797,4770200,0.0,0.0,0.0
2020-07-08 00:00:00-04:00,28.361607423825532,28.631276017882467,28.296515493845465,28.575481414794922,4716000,0.0,0.0,0.0
2020-07-09 00:00:00-04:00,28.770755857491054,28.8172495813986,28.408098071249054,28.612674713134766,3559600,0.0,0.0,0.0
2020-07-10 00:00:00-04:00,28.59407764544695,28.64987047106782,28.4731928943314,28.62197494506836,2192900,0.0,0.0,0.0
2020-07-13 00:00:00-04:00,28.80795106638689,29.031124138190528,28.621974393361484,28.649869918823242,3971000,0.0,0.0,0.0
2020-07-14 00:00:00-04:00,28.091937754101632,28.47319376611294,27.98965119960192,28.4545955657959,4567200,0.0,0.0,0.0
2020-07-15 00:00:00-04:00,28.575477957836974,28.705663575669796,28.51038603573149,28.59407615661621,2647100,0.0,0.0,0.0
2020-07-16 00:00:00-04:00,28.64987018145691,28.8358486298091,28.621974655739436,28.826549530029297,3495100,0.0,0.0,0.0
2020-07-17 00:00:00-04:00,29.319390893471788,29.393781917369836,29.161309745985694,29.300792694091797,3313000,0.0,0.0,0.0
2020-07-20 00:00:00-04:00,29.468176287531058,29.737843114675325,29.412381683055322,29.70994758605957,3470700,0.0,0.0,0.0
2020-07-21 00:00:00-04:00,29.923818783742767,30.0168062352615,29.84942598473266,29.8773250579834,3000100,0.0,0.0,0.0
2020-07-22 00:00:00-04:00,29.905219674406577,29.942416072780283,29.7378394289687,29.886621475219727,2351400,0.0,0.0,0.0
2020-07-23 00:00:00-04:00,29.895923219749825,30.016806197121806,29.68204747011142,29.719242095947266,2740000,0.0,0.0,0.0
2020-07-24 00:00:00-04:00,29.83083248715467,30.03540559786492,29.784335212351216,29.95171546936035,3407400,0.0,0.0,0.0
2020-07-27 00:00:00-04:00,29.933117457763473,30.184187844861412,29.895924603827677,30.174890518188477,4183100,0.0,0.0,0.0
2020-07-28 00:00:00-04:00,30.332970774146816,30.42596177976914,30.23068244158434,30.277179718017578,2347900,0.0,0.0,0.0
2020-07-29 00:00:00-04:00,30.193490581161342,30.34227264781382,30.128398648703648,30.28647804260254,3838900,0.0,0.0,0.0
2020-07-30 00:00:00-04:00,30.091200199282643,30.091200199282643,29.672749556759804,29.95171546936035,4800200,0.0,0.0,0.0
2020-07-31 00:00:00-04:00,30.06330324427932,30.08189789662467,29.542564297512875,29.700645446777344,4798600,0.0,0.0,0.0
2020-08-03 00:00:00-04:00,29.523966771359984,29.682047924230254,29.458874844934925,29.57975959777832,6119300,0.0,0.0,0.0
2020-08-04 00:00:00-04:00,29.858728045618943,30.128396631888602,29.858728045618943,30.109798431396484,3764100,0.0,0.0,0.0
2020-08-05 00:00:00-04:00,30.11909326942384,30.379460960312485,30.11909326942384,30.249277114868164,2849600,0.0,0.0,0.0
2020-08-06 00:00:00-04:00,30.370165901984603,30.546843484386926,30.342270375090553,30.537546157836914,2701300,0.0,0.0,0.0
2020-08-07 00:00:00-04:00,30.37946136179789,30.500347882983966,30.277176587056836,30.42595863342285,2431600,0.0,0.0,0.0
2020-08-10 00:00:00-04:00,30.649133550502228,30.770020085970877,30.55614609075355,30.742124557495117,2242700,0.0,0.0,0.0
2020-08-11 00:00:00-04:00,30.863007163140633,30.890906238514766,30.518949309642426,30.56544303894043,2934800,0.0,0.0,0.0
2020-08-12 00:00:00-04:00,30.742121424120516,30.928096324662476,30.732820550747107,30.89090347290039,2785200,0.0,0.0,0.0
2020-08-13 00:00:00-04:00,30.760720779504148,30.84440735954637,30.658432452016118,30.69562530517578,1842000,0.0,0.0,0.0
2020-08-14 00:00:00-04:00,30.500348370679795,30.68632681842203,30.463151971682578,30.621234893798828,1296900,0.0,0.0,0.0
2020-08-17 00:00:00-04:00,30.788619238497358,30.90950577770046,30.695628228631776,30.863008499145508,2085600,0.0,0.0,0.0
2020-08-18 00:00:00-04:00,31.095475866722097,31.141973138045415,30.88160189816115,31.123374938964844,3335100,0.0,0.0,0.0
2020-08-19 00:00:00-04:00,31.04898196421555,31.04898196421555,30.760718748232616,30.78861427307129,2218900,0.0,0.0,0.0
2020-08-20 00:00:00-04:00,30.50964917939569,30.900200726307276,30.46315190712578,30.844406127929688,2539500,0.0,0.0,0.0
2020-08-21 00:00:00-04:00,30.704925697836796,30.83510954996594,30.6119346982846,30.770017623901367,3803000,0.0,0.0,0.0
2020-08-24 00:00:00-04:00,31.300049658077064,31.31864785546343,31.12337210377176,31.24425506591797,3146600,0.0,0.0,0.0
2020-08-25 00:00:00-04:00,31.207065194266683,31.300052642822266,31.114074198467318,31.300052642822266,1865300,0.0,0.0,0.0
2020-08-26 00:00:00-04:00,31.346548114431517,31.50463104248047,31.31865258775864,31.50463104248047,3304600,0.0,0.0,0.0
2020-08-27 00:00:00-04:00,31.616214036423845,31.848686198456374,31.448833795980928,31.579017639160156,4491200,0.0,0.0,0.0
2020-08-28 00:00:00-04:00,32.034669830528024,32.14625549316406,31.97887522558788,32.14625549316406,4083100,0.0,0.0,0.0
2020-08-31 00:00:00-04:00,31.169868783743247,31.169868783743247,30.881602017743752,31.030384063720703,6372400,0.0,0.0,0.0
2020-09-01 00:00:00-04:00,31.541825407112555,31.644113739473415,31.467436150005483,31.597620010375977,5079000,0.0,0.0,0.0
2020-09-02 00:00:00-04:00,31.54181832109143,31.681303024291992,31.365140771314955,31.681303024291992,4241600,0.0,0.0,0.0
2020-09-03 00:00:00-04:00,31.59761372177202,31.709199358846767,31.151267626229586,31.24425506591797,5895200,0.0,0.0,0.0
2020-09-04 00:00:00-04:00,31.151269747590966,31.374444584181827,30.797911067673642,31.086177825927734,6351300,0.0,0.0,0.0
2020-09-08 00:00:00-04:00,30.74212057885459,30.937396347400778,30.56543946205625,30.67702865600586,7393400,0.0,0.0,0.0
2020-09-09 00:00:00-04:00,31.08617570899903,31.309346983148526,31.08617570899903,31.24425506591797,3046900,0.0,0.0,0.0
2020-09-10 00:00:00-04:00,31.737102540081192,31.80219446574439,31.309351039266584,31.35584831237793,4661300,0.0,0.0,0.0
2020-09-11 00:00:00-04:00,31.66270759339929,31.737100387536685,31.448833631119776,31.513925552368164,3147500,0.0,0.0,0.0
2020-09-14 00:00:00-04:00,31.737101924468465,31.90448217213966,31.737101924468465,31.876583099365234,3636300,0.0,0.0,0.0
2020-09-15 00:00:00-04:00,31.87658207187221,32.034664988352255,31.87658207187221,31.978870391845703,2282800,0.0,0.0,0.0
2020-09-16 00:00:00-04:00,32.08116066133338,32.39732296626236,32.07186333497249,32.13695526123047,5405700,0.0,0.0,0.0
2020-09-17 00:00:00-04:00,31.867292006144545,32.11836242675781,31.811497396926754,32.11836242675781,3100700,0.0,0.0,0.0
2020-09-18 00:00:00-04:00,32.043963347036424,32.053264220375844,31.839390247739065,31.876583099365234,3265200,0.0,0.0,0.0
2020-09-21 00:00:00-04:00,31.21636564254161,31.430239633406536,31.002491651676685,31.420942306518555,5454300,0.0,0.0,0.0
2020-09-22 00:00:00-04:00,31.179166273517186,31.197764472767496,30.872304853996592,31.095476150512695,3164400,0.0,0.0,0.0
2020-09-23 00:00:00-04:00,30.85371055271048,30.88160608148828,30.58404195037759,30.60264015197754,4007600,0.0,0.0,0.0
2020-09-24 00:00:00-04:00,29.84942383491759,30.323669026341186,29.81223098533514,30.146987915039062,6152600,0.0,0.0,0.0
2020-09-25 00:00:00-04:00,30.593342493550708,30.770020085970877,30.37946495108917,30.742124557495117,4135600,0.0,0.0,0.0
2020-09-28 00:00:00-04:00,31.225662872558402,31.309349446516197,31.114073679460557,31.21636199951172,2860500,0.0,0.0,0.0
2020-09-29 00:00:00-04:00,31.17916314868741,31.337246052849796,31.16986582361595,31.24425506591797,3199200,0.0,0.0,0.0
2020-09-30 00:00:00-04:00,31.448832275798967,31.634810705883854,31.41163588033329,31.48602867126465,4205800,0.0,0.0,0.0
2020-10-01 00:00:00-04:00,31.848685195111326,31.969571708788123,31.69060583258623,31.950973510742188,3842100,0.0,0.0,0.0
2020-10-02 00:00:00-04:00,31.420942291821035,31.811493871328004,31.383745889798234,31.690610885620117,2963900,0.0,0.0,0.0
2020-10-05 00:00:00-04:00,32.136957834287706,32.30433810013641,32.10905875848344,32.28573989868164,3398200,0.0,0.0,0.0
2020-10-06 00:00:00-04:00,32.53681237198362,32.57400523002034,32.295039284900525,32.350833892822266,4366900,0.0,0.0,0.0
2020-10-07 00:00:00-04:00,32.68559329404835,32.7599825547448,32.64839689007796,32.676292419433594,6992300,0.0,0.0,0.0
2020-10-08 00:00:00-04:00,32.75997698300174,32.86226530290118,32.694885060746415,32.74137878417969,6321800,0.0,0.0,0.0
2020-10-09 00:00:00-04:00,33.01104407910003,33.131930585857276,32.87155937536142,33.09473419189453,2862100,0.0,0.0,0.0
2020-10-12 00:00:00-04:00,32.8622676984371,33.03894527926017,32.82507129808151,32.9366569519043,2846900,0.0,0.0,0.0
2020-10-13 00:00:00-04:00,32.77857246112102,32.77857246112102,32.611192232859224,32.685585021972656,6282000,0.0,0.0,0.0
2020-10-14 00:00:00-04:00,32.99244935779692,33.14123140207838,32.89946191033741,32.96455383300781,3286400,0.0,0.0,0.0
2020-10-15 00:00:00-04:00,32.127657399938364,32.341531398730964,32.11836007270576,32.322933197021484,4409900,0.0,0.0,0.0
2020-10-16 00:00:00-04:00,32.36942517779888,32.48101082255097,32.29503238313503,32.388023376464844,2540400,0.0,0.0,0.0
2020-10-19 00:00:00-04:00,32.57399852492386,32.6855877177976,32.41591915588497,32.471710205078125,2286300,0.0,0.0,0.0
2020-10-20 00:00:00-04:00,32.60189592735214,32.75067796298821,32.536804008464074,32.58329772949219,3154500,0.0,0.0,0.0
2020-10-21 00:00:00-04:00,32.44381520096851,32.676287368986046,32.42521700185785,32.55540084838867,3041300,0.0,0.0,0.0
2020-10-22 00:00:00-04:00,32.49961057694476,32.49961057694476,32.25783752995747,32.36942672729492,5256700,0.0,0.0,0.0
2020-10-23 00:00:00-04:00,32.47171253977082,32.57400086697102,32.31363315936614,32.536808013916016,2585600,0.0,0.0,0.0
2020-10-26 00:00:00-04:00,31.91377949823524,32.043963347036424,31.783595649434055,31.876583099365234,5075300,0.0,0.0,0.0
2020-10-27 00:00:00-04:00,32.164856160817045,32.22994809794887,32.04396961446742,32.11836242675781,3906300,0.0,0.0,0.0
2020-10-28 00:00:00-04:00,31.52322366083376,31.606913773277306,31.160564142082816,31.18846321105957,6895300,0.0,0.0,0.0
2020-10-29 00:00:00-04:00,31.253560110821063,31.420940362401446,31.07687898568404,31.26285743713379,6333500,0.0,0.0,0.0
2020-10-30 00:00:00-04:00,31.402344635489236,31.439541038157213,31.048985904631852,31.23496437072754,3934300,0.0,0.0,0.0
2020-11-02 00:00:00-05:00,31.114077439522966,31.3465496323716,31.04898550930488,31.327951431274414,3796600,0.0,0.0,0.0
2020-11-03 00:00:00-05:00,31.458134312191863,31.59761547948349,31.41163704251768,31.5604190826416,4064100,0.0,0.0,0.0
2020-11-04 00:00:00-05:00,31.98817384277529,32.57400119070853,31.87658464076933,32.39732360839844,4760400,0.0,0.0,0.0
2020-11-05 00:00:00-05:00,32.685592959631094,32.825074152226485,32.61120015245145,32.81577682495117,3382500,0.0,0.0,0.0
2020-11-06 00:00:00-05:00,32.936657340308436,33.15053487125321,32.899464486758234,33.113338470458984,3487400,0.0,0.0,0.0
2020-11-09 00:00:00-05:00,34.284991201032746,34.312890270761436,33.78285406008122,33.894439697265625,11315800,0.0,0.0,0.0
2020-11-10 00:00:00-05:00,33.42950129151075,33.568982475745926,33.317915634673795,33.466697692871094,3367100,0.0,0.0,0.0
2020-11-11 00:00:00-05:00,33.51319288600611,33.67127227783203,33.494594684512904,33.67127227783203,4511200,0.0,0.0,0.0
2020-11-12 00:00:00-05:00,33.38300737473378,33.494593030939996,33.15983251507729,33.24352264404297,3574800,0.0,0.0,0.0
2020-11-13 00:00:00-05:00,33.53178761113499,33.829351709688275,33.53178761113499,33.80145263671875,2327300,0.0,0.0,0.0
2020-11-16 00:00:00-05:00,34.1548074040329,34.18270292654884,33.959531651934434,34.16410827636719,3423900,0.0,0.0,0.0
2020-11-17 00:00:00-05:00,33.88513968687106,34.154808235232686,33.866541488993334,34.108314514160156,3570400,0.0,0.0,0.0
2020-11-18 00:00:00-05:00,34.229206611290394,34.27570033994844,34.02462994850202,34.04322814941406,2782900,0.0,0.0,0.0
2020-11-19 00:00:00-05:00,33.82934533062469,33.96882648019547,33.75495254639238,33.922332763671875,1920100,0.0,0.0,0.0
2020-11-20 00:00:00-05:00,34.0060337003731,34.033929229721,33.894448035737184,33.931644439697266,1842400,0.0,0.0,0.0
2020-11-23 00:00:00-05:00,34.23850393812435,34.24780481220244,33.98743354667793,34.04322814941406,2989800,0.0,0.0,0.0
2020-11-24 00:00:00-05:00,34.405877933791125,34.64764740713334,34.34078601607424,34.61045455932617,6200100,0.0,0.0,0.0
2020-11-25 00:00:00-05:00,34.108317104533775,34.3314884015282,34.09901623126679,34.25709915161133,2832700,0.0,0.0,0.0
2020-11-27 00:00:00-05:00,34.45237907162384,34.45237907162384,34.266400603572706,34.38728713989258,9703300,0.0,0.0,0.0
2020-11-30 00:00:00-05:00,34.20129861005663,34.20129861005663,33.857240851090204,33.922332763671875,6035800,0.0,0.0,0.0
2020-12-01 00:00:00-05:00,34.787138456854876,35.01961064743724,34.703448326355456,34.98241424560547,3708400,0.0,0.0,0.0
2020-12-02 00:00:00-05:00,34.79643301458838,34.954515936171084,34.70344556465303,34.880123138427734,3239700,0.0,0.0,0.0
2020-12-03 00:00:00-05:00,35.09400325233788,35.233484437550835,34.99171492150191,35.028907775878906,2392600,0.0,0.0,0.0
2020-12-04 00:00:00-05:00,35.224185356158785,35.36366653442383,35.16839075650642,35.36366653442383,2177700,0.0,0.0,0.0
2020-12-07 00:00:00-05:00,35.57754142176809,35.754222551562165,35.55894676865251,35.62403869628906,1851300,0.0,0.0,0.0
2020-12-08 00:00:00-05:00,35.698427556681516,35.71702575683594,35.540348176234865,35.71702575683594,3874100,0.0,0.0,0.0
2020-12-09 00:00:00-05:00,35.95879389962716,35.95879389962716,35.51244775459288,35.68912887573242,2998400,0.0,0.0,0.0
2020-12-10 00:00:00-05:00,35.65193780667926,35.94020462036133,35.59614319999243,35.94020462036133,2766700,0.0,0.0,0.0
2020-12-11 00:00:00-05:00,35.865809683501,35.92160428687749,35.763521350932834,35.82861328125,2366500,0.0,0.0,0.0
2020-12-14 00:00:00-05:00,36.081752871316354,36.091057925802545,35.774632820385,35.802555084228516,6055800,0.032,0.0,0.0
2020-12-15 00:00:00-05:00,36.03522204806639,36.37026082705593,35.97007601328427,36.34233856201172,5805200,0.0,0.0,0.0
2020-12-16 00:00:00-05:00,36.32372560015378,36.40748529651095,36.22135224347361,36.295806884765625,4340000,0.0,0.0,0.0
2020-12-17 00:00:00-05:00,36.481937026635244,36.58431037514627,36.43540465463725,36.565696716308594,4391000,0.0,0.0,0.0
2020-12-18 00:00:00-05:00,36.62153827236498,36.705297971483745,36.55639223418292,36.602928161621094,4662600,0.0,0.0,0.0
2020-12-21 00:00:00-05:00,35.19762344067107,35.4861298312378,35.14178246340874,35.365142822265625,5286600,0.0,0.0,0.0
2020-12-22 00:00:00-05:00,35.737408810330976,35.78394118283188,35.579194483596964,35.64434051513672,5955000,0.0,0.0,0.0
2020-12-23 00:00:00-05:00,36.28649770185763,36.32372146807647,36.221348123041984,36.258575439453125,4906100,0.0,0.0,0.0
2020-12-24 00:00:00-05:00,36.50985710434037,36.640149170881344,36.50985710434037,36.63084411621094,2924800,0.0,0.0,0.0
2020-12-28 00:00:00-05:00,37.00310511497991,37.02171877373794,36.83558928654244,36.96588134765625,4541800,0.0,0.0,0.0
2020-12-29 00:00:00-05:00,37.077561479748496,37.20785354694067,36.9844967318091,37.1054801940918,6577000,0.0,0.0,0.0
2020-12-30 00:00:00-05:00,37.328839091604,37.43121244042744,37.28230671946401,37.31953048706055,6492800,0.0,0.0,0.0
2020-12-31 00:00:00-05:00,37.43121337890625,37.46843714743606,37.18923935740362,37.43121337890625,4121700,0.0,0.0,0.0
2021-01-04 00:00:00-05:00,38.01752341780326,38.06405933609389,37.51496887207031,37.51496887207031,4324800,0.0,0.0,0.0
2021-01-05 00:00:00-05:00,37.933767334562496,38.19435501098633,37.905848621092694,38.19435501098633,3571800,0.0,0.0,0.0
2021-01-06 00:00:00-05:00,37.803475341162425,38.25019250846537,37.803475341162425,38.073368072509766,4333500,0.0,0.0,0.0
2021-01-07 00:00:00-05:00,37.887232991324936,38.01752504766342,37.85000567517329,37.896541595458984,1914500,0.0,0.0,0.0
2021-01-08 00:00:00-05:00,38.61314979382409,38.789974212646484,38.41770816753479,38.789974212646484,3823900,0.0,0.0,0.0
2021-01-11 00:00:00-05:00,38.520086754943534,38.6596874284259,38.44563566589419,38.575927734375,1969100,0.0,0.0,0.0
2021-01-12 00:00:00-05:00,38.855122982483955,39.00402870100793,38.771363293927195,38.92026901245117,2488200,0.0,0.0,0.0
2021-01-13 00:00:00-05:00,39.10640874568929,39.10640874568929,38.71552894874983,38.77136993408203,2440500,0.0,0.0,0.0
2021-01-14 00:00:00-05:00,38.89235204987486,39.05056282971714,38.85512473102049,38.90165710449219,2913100,0.0,0.0,0.0
2021-01-15 00:00:00-05:00,38.38048875074228,38.43632617869956,38.129209674356964,38.147823333740234,7736900,0.0,0.0,0.0
2021-01-19 00:00:00-05:00,38.594543265278546,38.594543265278546,38.268809528092085,38.27811813354492,3509400,0.0,0.0,0.0
2021-01-20 00:00:00-05:00,38.99472769897951,39.08779245140576,38.864432075312926,39.078487396240234,4322500,0.0,0.0,0.0
2021-01-21 00:00:00-05:00,38.90165710449219,38.97611174220093,38.78067009331175,38.90165710449219,2038000,0.0,0.0,0.0
2021-01-22 00:00:00-05:00,38.25949994873057,38.64107107274299,38.23158123605894,38.48285675048828,3663800,0.0,0.0,0.0
2021-01-25 00:00:00-05:00,37.96169570514061,37.98961442310171,37.5987381708742,37.850013732910156,5007000,0.0,0.0,0.0
2021-01-26 00:00:00-05:00,37.74763731316711,37.87792937444879,37.682491282526264,37.840702056884766,2996300,0.0,0.0,0.0
2021-01-27 00:00:00-05:00,37.22646508660972,37.35675714638208,37.012413338384796,37.04964065551758,5925000,0.0,0.0,0.0
2021-01-28 00:00:00-05:00,37.35675597650644,37.71040837780801,37.27299629067692,37.617340087890625,3572000,0.0,0.0,0.0
2021-01-29 00:00:00-05:00,36.723905479883605,36.723905479883605,36.286496946827114,36.42609405517578,5379500,0.0,0.0,0.0
2021-02-01 00:00:00-05:00,37.77555459306228,37.92446030747658,37.63595393258975,37.896541595458984,6167100,0.0,0.0,0.0
2021-02-02 00:00:00-05:00,38.6131563845385,38.81789954912376,38.46425065111616,38.799285888671875,3372200,0.0,0.0,0.0
2021-02-03 00:00:00-05:00,38.957490765910975,39.20876979569481,38.88303614218605,39.09708786010742,3034600,0.0,0.0,0.0
2021-02-04 00:00:00-05:00,39.12501904167276,39.28322982788086,38.98541836544812,39.28322982788086,2494900,0.0,0.0,0.0
2021-02-05 00:00:00-05:00,39.255311112713,39.35768446858538,39.09709677631223,39.28322982788086,2094200,0.0,0.0,0.0
2021-02-08 00:00:00-05:00,39.63688239388748,39.813706840820636,39.581041413185744,39.72064208984375,2349200,0.0,0.0,0.0
2021-02-09 00:00:00-05:00,39.5252020010014,39.720640098369785,39.50658834170072,39.58103942871094,4095600,0.0,0.0,0.0
2021-02-10 00:00:00-05:00,39.869545073921536,39.8788501283009,39.46936028195276,39.59034729003906,5078500,0.0,0.0,0.0
2021-02-11 00:00:00-05:00,40.01844787597656,40.08359390245697,39.86023711172193,40.01844787597656,2567500,0.0,0.0,0.0
2021-02-12 00:00:00-05:00,40.01845449676195,40.111519249933124,39.95330845950357,40.02775955200195,1622300,0.0,0.0,0.0
2021-02-16 00:00:00-05:00,40.06498343834719,40.12082441557799,39.897464056847255,39.94399642944336,2201300,0.0,0.0,0.0
2021-02-17 00:00:00-05:00,39.93469061259963,40.139437308344576,39.84162586918415,40.111515045166016,2502800,0.0,0.0,0.0
2021-02-18 00:00:00-05:00,39.823009482354884,39.99052884918062,39.683408826602715,39.98122024536133,2256000,0.0,0.0,0.0
2021-02-19 00:00:00-05:00,39.81370614176126,39.94399821091827,39.711332787368576,39.767173767089844,3028000,0.0,0.0,0.0
2021-02-22 00:00:00-05:00,38.994722259208416,39.25530636980458,38.89234891570499,39.01333236694336,3853400,0.0,0.0,0.0
2021-02-23 00:00:00-05:00,39.19946831276266,39.478666102060465,38.92957912821721,39.422828674316406,4336900,0.0,0.0,0.0
2021-02-24 00:00:00-05:00,39.599649890254746,39.81370162963867,39.34837083527565,39.81370162963867,3403400,0.0,0.0,0.0
2021-02-25 00:00:00-05:00,39.78578027616447,39.953299635026845,39.078479077783804,39.1250114440918,5815300,0.0,0.0,0.0
2021-02-26 00:00:00-05:00,38.064067491416736,38.296732931950594,37.71972008328775,38.18505096435547,10006000,0.0,0.0,0.0
2021-03-01 00:00:00-05:00,38.78997272636706,39.20877112352298,38.77135906980547,39.1250114440918,4179400,0.0,0.0,0.0
2021-03-02 00:00:00-05:00,39.64618584650984,39.64618584650984,39.29253696693713,39.49728012084961,4283500,0.0,0.0,0.0
2021-03-03 00:00:00-05:00,40.037065061560384,40.18597078523576,39.804399646430575,39.82301330566406,5268200,0.0,0.0,0.0
2021-03-04 00:00:00-05:00,40.01844667720233,40.32556669300328,39.301836857192164,39.43212890625,6629000,0.0,0.0,0.0
2021-03-05 00:00:00-05:00,39.720642478758805,39.82301583595135,39.16224686704475,39.63688278198242,5165900,0.0,0.0,0.0
2021-03-08 00:00:00-05:00,39.69271971375789,39.81370316883108,39.32045364379883,39.32045364379883,4616600,0.0,0.0,0.0
2021-03-09 00:00:00-05:00,39.916076953878054,40.24181065621705,39.82301221046257,40.111515045166016,3546700,0.0,0.0,0.0
2021-03-10 00:00:00-05:00,40.22319999955716,40.24181365966797,39.97192091335024,40.24181365966797,3667100,0.0,0.0,0.0
2021-03-11 00:00:00-05:00,40.54893065472067,40.8002097438941,40.49308967372901,40.75367736816406,3845900,0.0,0.0,0.0
2021-03-12 00:00:00-05:00,39.850932378790176,39.99983810380837,39.79509140058616,39.897464752197266,4816900,0.0,0.0,0.0
2021-03-15 00:00:00-04:00,39.59034932326142,39.8416284067182,39.46936230896165,39.767173767089844,2987000,0.0,0.0,0.0
2021-03-16 00:00:00-04:00,40.06498468732222,40.13943932595099,39.94399767464677,40.0929069519043,3754100,0.0,0.0,0.0
2021-03-17 00:00:00-04:00,39.19016249807028,39.8788501283009,39.13432152121681,39.59034729003906,4376300,0.0,0.0,0.0
2021-03-18 00:00:00-04:00,38.64107314437165,38.84581984878675,38.49216741848591,38.50147247314453,5330500,0.0,0.0,0.0
2021-03-19 00:00:00-04:00,39.30183648551317,39.54381047449685,39.125012070634355,39.51588821411133,6357800,0.0,0.0,0.0
2021-03-22 00:00:00-04:00,39.61826117865704,39.78578053862451,39.33906342877527,39.599647521972656,3085200,0.0,0.0,0.0
2021-03-23 00:00:00-04:00,39.599648645468996,39.70202198504159,39.34836959838867,39.34836959838867,2735000,0.0,0.0,0.0
2021-03-24 00:00:00-04:00,38.97611587260413,39.09709934641299,38.89235617140183,38.93888854980469,2947800,0.0,0.0,0.0
2021-03-25 00:00:00-04:00,38.29673202864496,38.69691686093947,38.259504706991336,38.63176727294922,4529100,0.0,0.0,0.0
2021-03-26 00:00:00-04:00,38.9947223707583,39.59965027925734,38.799280737059846,39.57173156738281,4985500,0.0,0.0,0.0
2021-03-29 00:00:00-04:00,39.22739524244473,39.32045999988207,39.05056723304367,39.13432693481445,3505800,0.0,0.0,0.0
2021-03-30 00:00:00-04:00,39.14362754354521,39.19015991275722,38.92026720105849,39.05986785888672,4077200,0.0,0.0,0.0
2021-03-31 00:00:00-04:00,38.957494818401145,39.27391990176397,38.957494818401145,39.255306243896484,2653500,0.0,0.0,0.0
2021-04-01 00:00:00-04:00,39.50659043287712,39.55312280849563,39.34837609554293,39.441444396972656,4121300,0.0,0.0,0.0
2021-04-05 00:00:00-04:00,39.10640198078272,39.10640198078272,38.752749568575396,39.041255950927734,5020400,0.0,0.0,0.0
2021-04-06 00:00:00-04:00,38.98541665199822,39.19016335474415,38.95749793805742,39.14363098144531,2561500,0.0,0.0,0.0
2021-04-07 00:00:00-04:00,38.89235419093129,38.901659246060866,38.67830242102372,38.799285888671875,4512600,0.0,0.0,0.0
2021-04-08 00:00:00-04:00,39.13432069352275,39.13432069352275,38.9854149752553,39.041255950927734,2390900,0.0,0.0,0.0
2021-04-09 00:00:00-04:00,38.87374053047941,38.92958151183505,38.72483479705707,38.799285888671875,2933000,0.0,0.0,0.0
2021-04-12 00:00:00-04:00,37.580116715403506,37.580116715403506,37.29161033892867,37.375370025634766,3168800,0.0,0.0,0.0
2021-04-13 00:00:00-04:00,37.635955810546875,37.766251423579114,37.44982632088572,37.635955810546875,5907500,0.0,0.0,0.0
2021-04-14 00:00:00-04:00,38.082673126952706,38.29672843125747,37.96168966823215,38.073368072509766,4068900,0.0,0.0,0.0
2021-04-15 00:00:00-04:00,38.15712979939518,38.25950315469267,37.95238308880019,38.25019454956055,8007900,0.0,0.0,0.0
2021-04-16 00:00:00-04:00,38.35256370075584,38.417709728769,38.18504432866707,38.33395004272461,4654800,0.0,0.0,0.0
2021-04-19 00:00:00-04:00,37.55219727295464,37.58011953741498,37.29161313927528,37.38467788696289,5903800,0.0,0.0,0.0
2021-04-20 00:00:00-04:00,37.114788586917136,37.21716193918102,36.65876280415782,36.78905487060547,10710500,0.0,0.0,0.0
2021-04-21 00:00:00-04:00,36.491240259353035,36.93795739858046,36.416789177911255,36.86350631713867,4639600,0.0,0.0,0.0
2021-04-22 00:00:00-04:00,37.40329026803426,37.496358562733214,36.92865439074315,37.04033279418945,3743100,0.0,0.0,0.0
2021-04-23 00:00:00-04:00,37.32883978753896,37.37537216054647,37.152011799840935,37.27299880981445,5527000,0.0,0.0,0.0
2021-04-26 00:00:00-04:00,37.542892354656054,37.840703808569444,37.468437716081425,37.82209014892578,5001000,0.0,0.0,0.0
2021-04-27 00:00:00-04:00,38.23158544774486,38.25019555811451,38.110598429185664,38.24089050292969,3068800,0.0,0.0,0.0
2021-04-28 00:00:00-04:00,38.57592840092343,38.9109671829161,38.371181689662876,38.68760681152344,5688500,0.0,0.0,0.0
2021-04-29 00:00:00-04:00,38.864431925157106,38.87374053047941,38.51078302714951,38.799285888671875,4714200,0.0,0.0,0.0
2021-04-30 00:00:00-04:00,38.389791030476935,38.52008308654961,38.101284656178684,38.17573928833008,5915900,0.0,0.0,0.0
2021-05-03 00:00:00-04:00,38.52008431357625,38.75274972117233,38.51077925935705,38.64107131958008,4530100,0.0,0.0,0.0
2021-05-04 00:00:00-04:00,38.10128916032751,38.194357461518834,37.83139996235438,38.12921142578125,5404300,0.0,0.0,0.0
2021-05-05 00:00:00-04:00,38.734133240822096,38.85512023801221,38.66898721545636,38.789974212646484,3786700,0.0,0.0,0.0
2021-05-06 00:00:00-04:00,39.02264668770964,39.320458157788714,38.90165966855478,39.27392578125,5638700,0.0,0.0,0.0
2021-05-07 00:00:00-04:00,39.54381620921855,39.80440034266028,39.385601878062815,39.77648162841797,4056700,0.0,0.0,0.0
2021-05-10 00:00:00-04:00,39.77647618357968,39.77647618357968,39.366982829719326,39.39490509033203,3196200,0.0,0.0,0.0
2021-05-11 00:00:00-04:00,39.0877929956905,39.543818809391716,39.0877929956905,39.469364166259766,3073400,0.0,0.0,0.0
2021-05-12 00:00:00-04:00,39.07848699988708,39.1157107703644,38.436328144003724,38.44563674926758,6468700,0.0,0.0,0.0
2021-05-13 00:00:00-04:00,38.78067176246247,39.06917817071258,38.74344799219848,39.004032135009766,4225800,0.0,0.0,0.0
2021-05-14 00:00:00-04:00,39.236695988492336,39.56242615393892,39.17154995540302,39.49728012084961,3667800,0.0,0.0,0.0
2021-05-17 00:00:00-04:00,39.72064031317332,39.943997125604355,39.599653302160874,39.897464752197266,4243600,0.0,0.0,0.0
2021-05-18 00:00:00-04:00,40.15805435180664,40.32557374422788,40.13944069151621,40.15805435180664,2454100,0.0,0.0,0.0
2021-05-19 00:00:00-04:00,39.81370249251906,40.25111458476182,39.81370249251906,40.20458221435547,3924900,0.0,0.0,0.0
2021-05-20 00:00:00-04:00,40.13943618574812,40.25111458476182,40.102208869346114,40.20458221435547,2508500,0.0,0.0,0.0
2021-05-21 00:00:00-04:00,40.52100945481263,40.52100945481263,40.05567862565822,40.102210998535156,3802000,0.0,0.0,0.0
2021-05-24 00:00:00-04:00,40.38140897928186,40.66060676807244,40.34418166072511,40.576847076416016,2277700,0.0,0.0,0.0
2021-05-25 00:00:00-04:00,40.632686996605116,40.707141631780594,40.50239493524044,40.548927307128906,2814800,0.0,0.0,0.0
2021-05-26 00:00:00-04:00,40.86535361382017,41.09801903033023,40.79090252663705,41.014259338378906,2858100,0.0,0.0,0.0
2021-05-27 00:00:00-04:00,41.20039161309826,41.293456357889305,41.09801826371264,41.18177795410156,3891800,0.0,0.0,0.0
2021-05-28 00:00:00-04:00,41.209693908691406,41.405135539976555,41.17247014338243,41.209693908691406,3305700,0.0,0.0,0.0
2021-06-01 00:00:00-04:00,41.66572227551262,41.67502732987859,41.516816554310175,41.58196258544922,3325700,0.0,0.0,0.0
2021-06-02 00:00:00-04:00,41.693644002450355,41.93561803576467,41.637806571833735,41.90769577026367,4192400,0.0,0.0,0.0
2021-06-03 00:00:00-04:00,41.73087302479565,41.9356197459201,41.68434064731996,41.85186004638672,3218100,0.0,0.0,0.0
2021-06-04 00:00:00-04:00,42.205506689937195,42.24273400999667,42.13105560001088,42.233428955078125,1928800,0.0,0.0,0.0
2021-06-07 00:00:00-04:00,42.27996032087989,42.289265375576335,42.10313588010694,42.242733001708984,2709800,0.0,0.0,0.0
2021-06-08 00:00:00-04:00,42.27065342406214,42.28926708439973,42.056601655468896,42.18689727783203,2357300,0.0,0.0,0.0
2021-06-09 00:00:00-04:00,42.010066986083984,42.11244033725507,41.98214827219823,42.010066986083984,4395200,0.0,0.0,0.0
2021-06-10 00:00:00-04:00,42.198236589393794,42.30070528384789,42.095767894939705,42.20755386352539,2963800,0.042,0.0,0.0
2021-06-11 00:00:00-04:00,42.27276063529618,42.27276063529618,42.0119302616827,42.11439895629883,2876200,0.0,0.0,0.0
2021-06-14 00:00:00-04:00,42.11439718583204,42.28207257842782,42.06782147755516,42.10508346557617,1557300,0.0,0.0,0.0
2021-06-15 00:00:00-04:00,42.15165750763554,42.15165750763554,41.89083070879625,41.9280891418457,1895200,0.0,0.0,0.0
2021-06-16 00:00:00-04:00,41.844254601515274,42.00261627952666,41.331914685123394,41.4530143737793,4158000,0.0,0.0,0.0
2021-06-17 00:00:00-04:00,41.322601318359375,41.45301472872137,41.164239638992015,41.322601318359375,4243600,0.0,0.0,0.0
2021-06-18 00:00:00-04:00,41.12697815322043,41.12697815322043,40.88477879179406,40.9686164855957,3232800,0.0,0.0,0.0
2021-06-21 00:00:00-04:00,41.28533513010849,41.55547919752785,41.18286644567366,41.52753448486328,1873300,0.0,0.0,0.0
2021-06-22 00:00:00-04:00,41.32259718482198,41.4716415751122,41.22944221995399,41.415748596191406,2557300,0.0,0.0,0.0
2021-06-23 00:00:00-04:00,41.33191333131636,41.48095773035755,41.20149992634266,41.220130920410156,2005900,0.0,0.0,0.0
2021-06-24 00:00:00-04:00,41.453012640617054,41.46232636081707,41.285337249026796,41.3878059387207,2075800,0.0,0.0,0.0
2021-06-25 00:00:00-04:00,41.583423979455226,41.592741252691305,41.3319109045595,41.415748596191406,2075700,0.0,0.0,0.0
2021-06-28 00:00:00-04:00,41.51822075126161,41.57411373485444,41.4343830526218,41.546165466308594,1868300,0.0,0.0,0.0
2021-06-29 00:00:00-04:00,41.32259718482198,41.44369686240108,41.173552794531766,41.415748596191406,1611900,0.0,0.0,0.0
2021-06-30 00:00:00-04:00,41.1735552119908,41.27602390261264,41.0617728010846,41.220130920410156,3533800,0.0,0.0,0.0
2021-07-01 00:00:00-04:00,41.1549245680318,41.21081755070978,40.86614948777714,41.089717864990234,2016800,0.0,0.0,0.0
2021-07-02 00:00:00-04:00,41.26671008694747,41.369178786156105,41.08040368415895,41.350547790527344,1653700,0.0,0.0,0.0
2021-07-06 00:00:00-04:00,41.20149678106406,41.20149678106406,40.83820130822842,40.97793197631836,2469400,0.0,0.0,0.0
2021-07-07 00:00:00-04:00,41.248075647398466,41.303968629618076,41.015193551731585,41.201499938964844,2003300,0.0,0.0,0.0
2021-07-08 00:00:00-04:00,40.83820339372174,41.00587878259299,40.782310412931764,40.89409637451172,3047400,0.0,0.0,0.0
2021-07-09 00:00:00-04:00,41.182868881923106,41.313282286737355,41.126979453287724,41.294654846191406,2096700,0.0,0.0,0.0
2021-07-12 00:00:00-04:00,41.14560662114702,41.331913006860695,41.07108619896079,41.31328201293945,1459900,0.0,0.0,0.0
2021-07-13 00:00:00-04:00,41.18287101581447,41.36917741241634,41.117664310028665,41.15492630004883,1511300,0.0,0.0,0.0
2021-07-14 00:00:00-04:00,41.51821933002632,41.51821933002632,41.28533723660975,41.406436920166016,1832500,0.0,0.0,0.0
2021-07-15 00:00:00-04:00,41.44369477539028,41.564790893372695,41.37848452651725,41.49958419799805,2435800,0.0,0.0,0.0
2021-07-16 00:00:00-04:00,41.42506831434451,41.51821973121175,41.14560695674523,41.201499938964844,1859300,0.0,0.0,0.0
2021-07-19 00:00:00-04:00,40.83820167047428,40.98724605945964,40.69847100114489,40.81025695800781,3472000,0.0,0.0,0.0
2021-07-20 00:00:00-04:00,40.73573406718125,41.136291539484205,40.67984108726736,41.08039855957031,1957000,0.0,0.0,0.0
2021-07-21 00:00:00-04:00,40.82889277111977,41.18287101581447,40.82889277111977,41.15492630004883,4084200,0.0,0.0,0.0
2021-07-22 00:00:00-04:00,41.41574860772488,41.50890357261881,41.3412281893083,41.397117614746094,3542300,0.0,0.0,0.0
2021-07-23 00:00:00-04:00,41.4809552602571,41.50890352644347,41.25739045175749,41.471641540527344,2556600,0.0,0.0,0.0
2021-07-26 00:00:00-04:00,41.47164288041512,41.76973167037777,41.453011886855116,41.74178695678711,3466100,0.0,0.0,0.0
2021-07-27 00:00:00-04:00,41.21081514510257,41.35054226339299,41.0431397603552,41.24807357788086,4152300,0.0,0.0,0.0
2021-07-28 00:00:00-04:00,41.313279934606136,41.43437961225272,41.015191153859604,41.37848663330078,3806000,0.0,0.0,0.0
2021-07-29 00:00:00-04:00,41.620687646042,41.620687646042,41.46232597612107,41.57411193847656,2469300,0.0,0.0,0.0
2021-07-30 00:00:00-04:00,41.4995876664662,41.72315603607789,41.4995876664662,41.630001068115234,2483200,0.0,0.0,0.0
2021-08-02 00:00:00-04:00,41.872202172915216,41.90946416165012,41.69520950317383,41.69520950317383,2998600,0.0,0.0,0.0
2021-08-03 00:00:00-04:00,42.40317286880115,42.682630675955394,42.27275946236242,42.673316955566406,2211200,0.0,0.0,0.0
2021-08-04 00:00:00-04:00,42.53358459472656,42.682628989553294,42.50563988116488,42.53358459472656,1684900,0.0,0.0,0.0
2021-08-05 00:00:00-04:00,42.61742332570145,42.86893641437134,42.56153034371967,42.859619140625,2100400,0.0,0.0,0.0
2021-08-06 00:00:00-04:00,42.561531079765345,42.58016207408147,42.468379661683535,42.54290008544922,1979800,0.0,0.0,0.0
2021-08-09 00:00:00-04:00,42.53358883807098,42.56153355442055,42.28207573042778,42.310020446777344,2051600,0.0,0.0,0.0
2021-08-10 00:00:00-04:00,42.412485308489956,42.43111630220416,42.216865204738866,42.32864761352539,1838900,0.0,0.0,0.0
2021-08-11 00:00:00-04:00,42.6267338937503,42.701257864215044,42.49632049893548,42.65468215942383,1787400,0.0,0.0,0.0
2021-08-12 00:00:00-04:00,42.710575103759766,42.74783709206308,42.53358598956719,42.710575103759766,1404000,0.0,0.0,0.0
2021-08-13 00:00:00-04:00,42.99934765193838,43.07387162415856,42.84098954121836,43.055240631103516,3240200,0.0,0.0,0.0
2021-08-16 00:00:00-04:00,43.157712447392676,43.29743957519531,42.99935077168441,43.29743957519531,3040600,0.0,0.0,0.0
2021-08-17 00:00:00-04:00,43.19496740622781,43.25086038494971,42.97140259833732,43.18565368652344,3036400,0.0,0.0,0.0
2021-08-18 00:00:00-04:00,43.13908258211322,43.250864997980905,42.79441450681455,42.813045501708984,2974700,0.0,0.0,0.0
2021-08-19 00:00:00-04:00,42.542896203726706,42.785095554238644,42.41248280891189,42.65468215942383,2719900,0.0,0.0,0.0
2021-08-20 00:00:00-04:00,42.75715357070817,43.1483937801205,42.67331587533428,43.12044906616211,1981600,0.0,0.0,0.0
2021-08-23 00:00:00-04:00,43.18565368652344,43.288122370764306,43.11112971489424,43.18565368652344,1808600,0.0,0.0,0.0
2021-08-24 00:00:00-04:00,43.46511842264396,43.53032513149594,43.37196699671232,43.44648742675781,2780400,0.0,0.0,0.0
2021-08-25 00:00:00-04:00,43.41854270967814,43.46511842264396,43.31607400905385,43.44648742675781,1998600,0.0,0.0,0.0
2021-08-26 00:00:00-04:00,43.53032162299669,43.53032162299669,43.35333250659205,43.37196350097656,1386300,0.0,0.0,0.0
2021-08-27 00:00:00-04:00,43.87498569587777,44.35938088452659,43.82840998713243,44.31280517578125,3158700,0.0,0.0,0.0
2021-08-30 00:00:00-04:00,44.77856830475006,44.853092279768376,44.70404788323046,44.72267532348633,1834400,0.0,0.0,0.0
2021-08-31 00:00:00-04:00,45.3840599719979,45.44926666880262,45.23501558594448,45.272274017333984,6349300,0.0,0.0,0.0
2021-09-01 00:00:00-04:00,45.430637040629655,45.607626143914764,45.412006047626186,45.52378845214844,3905500,0.0,0.0,0.0
2021-09-02 00:00:00-04:00,45.840511334843086,45.91503531191074,45.74735991700732,45.82188034057617,3222100,0.0,0.0,0.0
2021-09-03 00:00:00-04:00,46.110652545788454,46.324903636248045,46.054759566473464,46.296958923339844,2814000,0.0,0.0,0.0
2021-09-07 00:00:00-04:00,45.859141940957045,46.05476204885569,45.831197226542606,46.00818634033203,3047400,0.0,0.0,0.0
2021-09-08 00:00:00-04:00,45.80324793543792,45.86845819011287,45.486531703152586,45.66352081298828,2016700,0.0,0.0,0.0
2021-09-09 00:00:00-04:00,45.961608910651194,45.998870897474255,45.79393352344604,45.924346923828125,2581700,0.0,0.0,0.0
2021-09-10 00:00:00-04:00,46.045448653990235,46.11065535708398,45.87777325932093,45.915035247802734,2017100,0.0,0.0,0.0
2021-09-13 00:00:00-04:00,45.96160886282508,46.01750184300152,45.831195462578705,45.998870849609375,3195800,0.0,0.0,0.0
2021-09-14 00:00:00-04:00,46.11065151484324,46.16654449290858,45.84982472420204,45.93366241455078,1991800,0.0,0.0,0.0
2021-09-15 00:00:00-04:00,46.35284798390126,46.492578654338395,46.2131208669627,46.46463394165039,2549900,0.0,0.0,0.0
2021-09-16 00:00:00-04:00,46.362164962399014,46.52052307128906,46.222434292850174,46.52052307128906,2805800,0.0,0.0,0.0
2021-09-17 00:00:00-04:00,46.22243776903058,46.23175504290043,45.81256655622718,45.915035247802734,4088900,0.0,0.0,0.0
2021-09-20 00:00:00-04:00,45.495845769898395,45.7380415827557,45.29090839121232,45.53310775756836,3778200,0.0,0.0,0.0
2021-09-21 00:00:00-04:00,45.868457806281256,45.96160922046819,45.74735812503931,45.84982681274414,2845700,0.0,0.0,0.0
2021-09-22 00:00:00-04:00,46.0454499932784,46.39011451301304,45.933667578080474,46.16654968261719,4092800,0.0,0.0,0.0
2021-09-23 00:00:00-04:00,46.595048743633214,46.697517431243256,46.520524769553674,46.641624450683594,3884800,0.0,0.0,0.0
2021-09-24 00:00:00-04:00,46.408742719083016,46.613680095880234,46.408742719083016,46.49258041381836,2626100,0.0,0.0,0.0
2021-09-27 00:00:00-04:00,46.37147896537426,46.60436104704608,46.24106556819781,46.4832649230957,3029400,0.0,0.0,0.0
2021-09-28 00:00:00-04:00,45.96161139995722,45.9709251204181,45.57968489808208,45.654205322265625,3586100,0.0,0.0,0.0
2021-09-29 00:00:00-04:00,45.74736058233853,45.75667430285804,45.533109475401254,45.616947174072266,2733600,0.0,0.0,0.0
2021-09-30 00:00:00-04:00,45.579681798181205,45.700781476929606,45.318855001029505,45.35611343383789,4598800,0.0,0.0,0.0
2021-10-01 00:00:00-04:00,45.64489151125495,45.85914261641853,45.43995412653376,45.78462219238281,3379500,0.0,0.0,0.0
2021-10-04 00:00:00-04:00,45.95229800837128,46.01750471256062,45.430640821357635,45.56105422973633,3722300,0.0,0.0,0.0
2021-10-05 00:00:00-04:00,46.05476198560013,46.19449266447798,45.998872556848006,46.101341247558594,2011100,0.0,0.0,0.0
2021-10-06 00:00:00-04:00,45.2815960943502,45.69146731110682,45.19775839620693,45.654205322265625,3770300,0.0,0.0,0.0
2021-10-07 00:00:00-04:00,46.03612933079867,46.08270859107683,45.87777121704862,45.924346923828125,1872300,0.0,0.0,0.0
2021-10-08 00:00:00-04:00,46.14791531533635,46.14791531533635,45.69146486026236,45.8870849609375,2315400,0.0,0.0,0.0
2021-10-11 00:00:00-04:00,45.81256488620279,45.91503357404301,45.72872719192431,45.75667190551758,1678300,0.0,0.0,0.0
2021-10-12 00:00:00-04:00,45.9429799368287,46.092024337174095,45.87777323377126,45.95229721069336,2397900,0.0,0.0,0.0
2021-10-13 00:00:00-04:00,46.64162095056745,46.66956566200089,46.38079416785955,46.54846954345703,2922700,0.0,0.0,0.0
2021-10-14 00:00:00-04:00,46.90245433632259,47.0049230306689,46.75340993186403,46.95834732055664,2693400,0.0,0.0,0.0
2021-10-15 00:00:00-04:00,46.99560721432802,47.19122732017537,46.939714232586454,47.04218292236328,4277900,0.0,0.0,0.0
2021-10-18 00:00:00-04:00,46.902450195434334,47.107387566033594,46.87450548253392,47.070125579833984,2590500,0.0,0.0,0.0
2021-10-19 00:00:00-04:00,46.84655759640252,46.94902627476126,46.7347716453757,46.883819580078125,2555300,0.0,0.0,0.0
2021-10-20 00:00:00-04:00,46.81861705826664,46.81861705826664,46.64162793684692,46.734779357910156,2304200,0.0,0.0,0.0
2021-10-21 00:00:00-04:00,46.32490533379578,46.47394973059881,46.194491930780465,46.418060302734375,4201700,0.0,0.0,0.0
2021-10-22 00:00:00-04:00,46.064079322659694,46.20380644823068,45.784621518018945,46.00818634033203,5333600,0.0,0.0,0.0
2021-10-25 00:00:00-04:00,46.09202404976626,46.09202404976626,45.82187996535634,45.98955535888672,2701300,0.0,0.0,0.0
2021-10-26 00:00:00-04:00,46.56710262617114,46.57641634590096,46.42737195573402,46.46463394165039,4097800,0.0,0.0,0.0
2021-10-27 00:00:00-04:00,46.35284837252257,46.418058625172236,46.22243497422044,46.25969696044922,2657600,0.0,0.0,0.0
2021-10-28 00:00:00-04:00,45.6914651927066,45.82187859410556,45.62625849200712,45.77530288696289,4312300,0.0,0.0,0.0
2021-10-29 00:00:00-04:00,45.37474611143376,45.53310778236799,45.179126006307996,45.495845794677734,5119100,0.0,0.0,0.0
2021-11-01 00:00:00-04:00,45.87777087341215,46.07339097252003,45.75667119389359,46.05475997924805,3060300,0.0,0.0,0.0
2021-11-02 00:00:00-04:00,46.092023986408265,46.15723068896947,45.96161058128585,46.08271026611328,3057600,0.0,0.0,0.0
2021-11-03 00:00:00-04:00,46.17585927983638,46.278327965242084,45.92434620297654,46.241065979003906,1970000,0.0,0.0,0.0
2021-11-04 00:00:00-04:00,46.31559199897138,46.31559199897138,46.119968339322206,46.231754302978516,1421000,0.0,0.0,0.0
2021-11-05 00:00:00-04:00,46.57641805967212,46.60436277338834,46.436687384093624,46.56710433959961,2259300,0.0,0.0,0.0
2021-11-08 00:00:00-05:00,47.10738721243804,47.33095557445896,47.01423580113681,47.21916961669922,2287400,0.0,0.0,0.0
2021-11-09 00:00:00-05:00,46.9769730783671,46.9769730783671,46.69751529534825,46.799983978271484,2346400,0.0,0.0,0.0
2021-11-10 00:00:00-05:00,46.84656008135527,46.98628719730303,46.53915402997285,46.576416015625,1977700,0.0,0.0,0.0
2021-11-11 00:00:00-05:00,46.70683464229097,46.85587904809151,46.69752092158423,46.734779357910156,2981100,0.0,0.0,0.0
2021-11-12 00:00:00-05:00,47.29369149918663,47.368211914235715,47.163278107726924,47.30300521850586,2012900,0.0,0.0,0.0
2021-11-15 00:00:00-05:00,47.330955871253025,47.330955871253025,47.15396321377286,47.16328048706055,2450100,0.0,0.0,0.0
2021-11-16 00:00:00-05:00,46.82793223350485,46.89313893602614,46.70683254875155,46.8186149597168,2329800,0.0,0.0,0.0
2021-11-17 00:00:00-05:00,46.79066880904803,46.79066880904803,46.55778672047811,46.69751739501953,1263700,0.0,0.0,0.0
2021-11-18 00:00:00-05:00,46.32490713958559,46.41806211215546,46.12928702743716,46.371482849121094,2474600,0.0,0.0,0.0
2021-11-19 00:00:00-05:00,46.371483518230235,46.44600749736146,46.147918687834384,46.16654968261719,2674900,0.0,0.0,0.0
2021-11-22 00:00:00-05:00,45.5051599143283,45.61694587838042,45.272277819467874,45.29090881347656,3324200,0.0,0.0,0.0
2021-11-23 00:00:00-05:00,45.73804083946399,45.89640250773843,45.700782405898245,45.86845779418945,4059900,0.0,0.0,0.0
2021-11-24 00:00:00-05:00,45.3654327895113,45.39337750377495,45.169812682668244,45.29090881347656,3032900,0.0,0.0,0.0
2021-11-26 00:00:00-05:00,44.31280211277666,44.3407468253925,43.67936256782832,43.940189361572266,4065700,0.0,0.0,0.0
2021-11-29 00:00:00-05:00,44.499110158382216,44.54568586565606,43.874984309716865,44.13581466674805,4401400,0.0,0.0,0.0
2021-11-30 00:00:00-05:00,44.48047881675028,44.61089221749615,44.04265935410458,44.26622772216797,4827200,0.0,0.0,0.0
2021-12-01 00:00:00-05:00,44.89034790621571,45.02076485434113,44.3314323425293,44.3314323425293,5462800,0.0,0.0,0.0
2021-12-02 00:00:00-05:00,45.06734429015057,45.39337780370992,45.0114513077552,45.23501968383789,5386900,0.0,0.0,0.0
2021-12-03 00:00:00-05:00,44.741307016334325,44.75993801038002,44.331435807825414,44.461849212646484,5449100,0.0,0.0,0.0
2021-12-06 00:00:00-05:00,43.781829497757954,43.986766858058445,43.772515778425394,43.9122428894043,3073100,0.0,0.0,0.0
2021-12-07 00:00:00-05:00,44.471166063629305,44.722675597108115,44.461848789945655,44.70404815673828,4089200,0.0,0.0,0.0
2021-12-08 00:00:00-05:00,45.08597357907015,45.18843871267144,45.03939431875297,45.13254928588867,3148700,0.0,0.0,0.0
2021-12-09 00:00:00-05:00,44.908981250524164,45.08597391264216,44.881036536926025,45.02076721191406,1674000,0.0,0.0,0.0
2021-12-10 00:00:00-05:00,45.10459894340105,45.244329610925234,45.08597150432975,45.19775390625,3613900,0.0,0.0,0.0
2021-12-13 00:00:00-05:00,44.959097221629854,44.959097221629854,44.345115661621094,44.345115661621094,6000800,2.879,0.0,0.0
2021-12-14 00:00:00-05:00,44.37482688397677,44.47385421809398,44.23618332750178,44.345115661621094,7180700,0.0,0.0,0.0
2021-12-15 00:00:00-05:00,44.03813057304004,44.22628402709961,43.642013664055796,44.22628402709961,5469300,0.0,0.0,0.0
2021-12-16 00:00:00-05:00,44.325312313944025,44.39463598550277,44.08764518558879,44.166866302490234,4428000,0.0,0.0,0.0
2021-12-17 00:00:00-05:00,43.72123796912339,43.72123796912339,43.41424717990526,43.552886962890625,2495200,0.0,0.0,0.0
2021-12-20 00:00:00-05:00,42.97852148724708,43.22609360692557,42.86958915016442,43.2062873840332,4373400,0.0,0.0,0.0
2021-12-21 00:00:00-05:00,43.602402202660116,43.731140767635985,43.50337486200231,43.6915283203125,2374100,0.0,0.0,0.0
2021-12-22 00:00:00-05:00,44.10744886128592,44.34511597591192,43.958904081406665,44.32530975341797,3936200,0.0,0.0,0.0
2021-12-23 00:00:00-05:00,44.523370406196555,44.73133008620837,44.45405051285928,44.662010192871094,2056600,0.0,0.0,0.0
2021-12-27 00:00:00-05:00,44.652108650984765,44.939293222845286,44.61249620431762,44.91948699951172,1253300,0.0,0.0,0.0
2021-12-28 00:00:00-05:00,45.10764029497151,45.23637885735842,45.01851417911146,45.04822540283203,1946900,0.0,0.0,0.0
2021-12-29 00:00:00-05:00,45.29579858727701,45.33540725708008,45.00861400971202,45.33540725708008,3559300,0.0,0.0,0.0
2021-12-30 00:00:00-05:00,45.34531598154384,45.533596599088725,45.33540826594424,45.365135192871094,2626500,0.03,0.0,0.0
2021-12-31 00:00:00-05:00,45.682233241455236,45.84078314579375,45.375044928121326,45.424591064453125,2502500,0.0,0.0,0.0
2022-01-03 00:00:00-05:00,46.09842887374764,46.20743264121244,45.85069441319233,46.15788650512695,2672800,0.0,0.0,0.0
2022-01-04 00:00:00-05:00,46.365980098085814,46.55425691732667,46.30652246984401,46.346160888671875,1917600,0.0,0.0,0.0
2022-01-05 00:00:00-05:00,46.732629672081,46.79208730496688,46.21734152745401,46.26688766479492,3413100,0.0,0.0,0.0
2022-01-06 00:00:00-05:00,46.31643582133665,46.53443957337385,46.17770134987755,46.32634353637695,2541800,0.0,0.0,0.0
2022-01-07 00:00:00-05:00,46.61371918638061,46.75244988596235,46.36598471423376,46.702903747558594,2861300,0.0,0.0,0.0
2022-01-10 00:00:00-05:00,46.84163108470632,46.96054256436512,46.64344276518979,46.90108871459961,3315200,0.0,0.0,0.0
2022-01-11 00:00:00-05:00,47.1488259601645,47.73347567815134,47.119095253393915,47.723567962646484,5960800,0.0,0.0,0.0
2022-01-12 00:00:00-05:00,47.90193593467,48.13976268249458,47.90193593467,48.06048583984375,2672100,0.0,0.0,0.0
2022-01-13 00:00:00-05:00,47.991120036123824,48.10012380366798,47.83257013245811,47.86229705810547,3043500,0.0,0.0,0.0
2022-01-14 00:00:00-05:00,47.56501584227395,47.78302337452528,47.52537742184137,47.584835052490234,3154300,0.0,0.0,0.0
2022-01-18 00:00:00-05:00,47.069547505647066,47.208278198737986,46.930816812556145,47.01008987426758,4698600,0.0,0.0,0.0
2022-01-19 00:00:00-05:00,46.93081891125206,46.93081891125206,46.62362680557924,46.663265228271484,4414900,0.0,0.0,0.0
2022-01-20 00:00:00-05:00,46.63353542502317,46.83171996600454,46.20743185768315,46.247066497802734,5786100,0.0,0.0,0.0
2022-01-21 00:00:00-05:00,46.05878896537404,46.05878896537404,45.503862430805285,45.523681640625,5368000,0.0,0.0,0.0
2022-01-24 00:00:00-05:00,44.15618903095709,44.28500822122914,43.323801140907875,44.195823669433594,7289500,0.0,0.0,0.0
2022-01-25 00:00:00-05:00,44.76066090747317,44.88948388651672,44.433653382366195,44.65166091918945,5691300,0.0,0.0,0.0
2022-01-26 00:00:00-05:00,44.52283863422223,44.80030002713876,43.9877312792021,44.116554260253906,5017800,0.0,0.0,0.0
2022-01-27 00:00:00-05:00,44.08682481497024,44.19582479872538,43.76972123816194,43.85890579223633,3731800,0.0,0.0,0.0
2022-01-28 00:00:00-05:00,44.255282707867416,44.40392489230682,44.01745596878994,44.38410568237305,4343300,0.0,0.0,0.0
2022-01-31 00:00:00-05:00,44.91921542379135,45.52368434867558,44.90930392822801,45.45431900024414,4882800,0.0,0.0,0.0
2022-02-01 00:00:00-05:00,45.53359398310488,45.563320908323874,45.06785199399222,45.47413635253906,3602500,0.0,0.0,0.0
2022-02-02 00:00:00-05:00,45.73178387398513,45.840783863570664,45.55341475629542,45.74169158935547,3448700,0.0,0.0,0.0
2022-02-03 00:00:00-05:00,44.81021279506037,45.2561318234444,44.81021279506037,45.117401123046875,3306900,0.0,0.0,0.0
2022-02-04 00:00:00-05:00,44.77056931686411,45.15703444722822,44.661565555966,44.96875762939453,2895500,0.0,0.0,0.0
2022-02-07 00:00:00-05:00,44.55256170160455,44.7606577282675,44.463377150159346,44.52283477783203,2915100,0.0,0.0,0.0
2022-02-08 00:00:00-05:00,44.50301593592058,44.7507503830767,44.4732890119027,44.6813850402832,3652900,0.0,0.0,0.0
2022-02-09 00:00:00-05:00,45.077763973379454,45.28586001240346,44.98857941663662,45.26604080200195,2377900,0.0,0.0,0.0
2022-02-10 00:00:00-05:00,44.59220328729368,45.048033791444205,44.56247636140975,44.65166091918945,2899800,0.0,0.0,0.0
2022-02-11 00:00:00-05:00,44.364286948878274,44.53274456493277,43.720175849560654,43.76972198486328,4371000,0.0,0.0,0.0
2022-02-14 00:00:00-05:00,43.294075354998505,43.294075354998505,42.87788325275926,43.00670623779297,4275600,0.0,0.0,0.0
2022-02-15 00:00:00-05:00,44.36428579230305,44.53274340396587,44.156189761380375,44.51292419433594,4374600,0.0,0.0,0.0
2022-02-16 00:00:00-05:00,44.11655043905443,44.64174625304977,44.106638944378496,44.52283477783203,2855200,0.0,0.0,0.0
2022-02-17 00:00:00-05:00,44.41383119162885,44.45346961023302,44.136369821655,44.195823669433594,3295100,0.0,0.0,0.0
2022-02-18 00:00:00-05:00,44.364285058437474,44.44355811551815,44.12645832694013,44.195823669433594,2649200,0.0,0.0,0.0
2022-02-22 00:00:00-05:00,44.02736643749643,44.2552816762302,43.73008585567534,43.948089599609375,5999000,0.0,0.0,0.0
2022-02-23 00:00:00-05:00,44.18591909197313,44.20573830268235,43.383258068825626,43.472442626953125,4942200,0.0,0.0,0.0
2022-02-24 00:00:00-05:00,41.08428275108182,42.34277428636762,40.82664057084653,42.29322814941406,10430000,0.0,0.0,0.0
2022-02-25 00:00:00-05:00,42.89769832993113,43.75981315871527,42.8283329862432,43.700355529785156,6962600,0.0,0.0,0.0
2022-02-28 00:00:00-05:00,43.10579642159598,43.50217307315607,42.93733880176608,43.35353088378906,3961000,0.0,0.0,0.0
2022-03-01 00:00:00-05:00,42.818422882442256,43.04633813055394,42.03558108667092,42.22386169433594,5984100,0.0,0.0,0.0
2022-03-02 00:00:00-05:00,42.64996300346886,43.12561268475583,42.45177469123405,42.89769744873047,4773000,0.0,0.0,0.0
2022-03-03 00:00:00-05:00,42.43195746856053,42.531049739253376,41.97612697516892,42.104949951171875,8751000,0.0,0.0,0.0
2022-03-04 00:00:00-05:00,41.32210876508819,41.35183569070559,40.886093695351015,41.12392044067383,5170300,0.0,0.0,0.0
2022-03-07 00:00:00-05:00,40.75727536232004,40.8761868474404,39.71679136222897,39.81588363647461,7807400,0.0,0.0,0.0
2022-03-08 00:00:00-05:00,40.549171447753906,41.14373637363419,40.162706325001885,40.549171447753906,8742000,0.0,0.0,0.0
2022-03-09 00:00:00-05:00,41.877031184500716,42.46168465752733,41.69866585217109,42.22386169433594,6119600,0.0,0.0,0.0
2022-03-10 00:00:00-05:00,41.84730399916596,42.17431529668243,41.718481023162994,42.104949951171875,4431200,0.0,0.0,0.0
2022-03-11 00:00:00-05:00,42.57069111365339,42.67969488705622,41.67884927514747,41.70857620239258,3875400,0.0,0.0,0.0
2022-03-14 00:00:00-04:00,42.491414775652395,42.87787992059208,42.19413418570862,42.39231872558594,4938300,0.0,0.0,0.0
2022-03-15 00:00:00-04:00,42.382411282317115,43.02651860130276,42.2734075166092,42.917518615722656,7307800,0.0,0.0,0.0
2022-03-16 00:00:00-04:00,43.363436150639224,44.01745494269671,43.17515933084899,43.948089599609375,5536700,0.0,0.0,0.0
2022-03-17 00:00:00-04:00,43.948093607763596,44.18592036298736,43.789543697657095,44.02737045288086,4609000,0.0,0.0,0.0
2022-03-18 00:00:00-04:00,43.6805406423681,44.374194087856054,43.581444592921414,44.34446716308594,6087600,0.0,0.0,0.0
2022-03-21 00:00:00-04:00,43.43280707477924,43.59135697699988,43.2643456773479,43.48235321044922,6134600,0.0,0.0,0.0
2022-03-22 00:00:00-04:00,43.948091654693044,44.17601068421235,43.948091654693044,44.00754928588867,4109400,0.0,0.0,0.0
2022-03-23 00:00:00-04:00,43.284163216688356,43.55171687513095,43.16525173964533,43.1751594543457,4238100,0.0,0.0,0.0
2022-03-24 00:00:00-04:00,43.650812648236226,43.918366328166016,43.53190116164343,43.86882019042969,4073600,0.0,0.0,0.0
2022-03-25 00:00:00-04:00,43.59135685062383,43.878725948727734,43.57153764038773,43.8489990234375,2632300,0.0,0.0,0.0
2022-03-28 00:00:00-04:00,43.85890467155349,44.195823669433594,43.85890467155349,44.195823669433594,1961500,0.0,0.0,0.0
2022-03-29 00:00:00-04:00,44.83002694466153,45.01830376249522,44.75075010759831,44.96875762939453,3074000,0.0,0.0,0.0
2022-03-30 00:00:00-04:00,44.72102485621312,44.780478706106315,44.423744266363805,44.46337890625,7826700,0.0,0.0,0.0
2022-03-31 00:00:00-04:00,44.49311085238498,44.56247619928039,44.14628033778003,44.166099548339844,4635900,0.0,0.0,0.0
2022-04-01 00:00:00-04:00,44.81020874311776,44.99848556518555,44.730931904271706,44.99848556518555,4950000,0.0,0.0,0.0
2022-04-04 00:00:00-04:00,45.86059988448072,46.098426618233646,45.73178069298692,46.01914978027344,3420900,0.0,0.0,0.0
2022-04-05 00:00:00-04:00,45.82096610800413,45.910150662324014,45.48404710058764,45.56332015991211,4152800,0.0,0.0,0.0
2022-04-06 00:00:00-04:00,45.35522706152108,45.36513477702986,44.968761894502286,45.16695022583008,5385600,0.0,0.0,0.0
2022-04-07 00:00:00-04:00,44.978668472316976,45.275949071725215,44.879576199223536,45.09757995605469,6278000,0.0,0.0,0.0
2022-04-08 00:00:00-04:00,45.424589207000174,45.66241594384693,45.33540465319861,45.44440841674805,4391300,0.0,0.0,0.0
2022-04-11 00:00:00-04:00,45.28585965161541,45.43449805825071,45.05794440400568,45.10749053955078,3528200,0.0,0.0,0.0
2022-04-12 00:00:00-04:00,45.01830403962063,45.0975770970442,44.64174662150758,44.6813850402832,3853100,0.0,0.0,0.0
2022-04-13 00:00:00-04:00,44.512927256999184,44.67148094494773,44.36428884473939,44.60211181640625,2810000,0.0,0.0,0.0
2022-04-14 00:00:00-04:00,44.503017813319914,44.59220236926355,44.25528335571289,44.25528335571289,1772100,0.0,0.0,0.0
2022-04-18 00:00:00-04:00,44.34446987149047,44.47329285357533,44.215646889405605,44.27510452270508,3287000,0.0,0.0,0.0
2022-04-19 00:00:00-04:00,43.601267260037154,43.81927480597832,43.39317120989044,43.77963638305664,3465600,0.0,0.0,0.0
2022-04-20 00:00:00-04:00,44.21564698627596,44.38410839092954,44.027370150607126,44.31474304199219,6624500,0.0,0.0,0.0
2022-04-21 00:00:00-04:00,44.87957534746227,44.88948306253241,44.225556529125484,44.294921875,4675800,0.0,0.0,0.0
2022-04-22 00:00:00-04:00,44.16609968149381,44.24537652397209,43.73999610349286,43.79945373535156,4623600,0.0,0.0,0.0
2022-04-25 00:00:00-04:00,43.58144619866421,43.8688190824561,43.3733501573506,43.79945373535156,4725200,0.0,0.0,0.0
2022-04-26 00:00:00-04:00,43.94808944334185,44.05709320498512,43.42289362465445,43.46253204345703,6854500,0.0,0.0,0.0
2022-04-27 00:00:00-04:00,43.39317066812282,43.789543552006656,43.32380531893995,43.54180908203125,6348500,0.0,0.0,0.0
2022-04-28 00:00:00-04:00,43.91836508653398,44.225557180019294,43.68054212007197,44.166099548339844,5191000,0.0,0.0,0.0
2022-04-29 00:00:00-04:00,43.66072561137698,43.86882166494087,43.20489130054851,43.244529724121094,5784400,0.0,0.0,0.0
2022-05-02 00:00:00-04:00,43.40307923180629,43.61117528342131,43.04634098325019,43.49226379394531,5451000,0.0,0.0,0.0
2022-05-03 00:00:00-04:00,43.412989879336216,43.54180908203125,43.21480154733028,43.54180908203125,3693800,0.0,0.0,0.0
2022-05-04 00:00:00-04:00,42.719328701483086,43.54180510093453,42.491413463559724,43.46253204345703,6026700,0.0,0.0,0.0
2022-05-05 00:00:00-04:00,42.82833341804724,42.82833341804724,41.87703024621284,42.233768463134766,6304200,0.0,0.0,0.0
2022-05-06 00:00:00-04:00,41.718482971191406,41.91667130195925,41.38156394292447,41.718482971191406,3725500,0.0,0.0,0.0
2022-05-09 00:00:00-04:00,41.25274407388355,41.35183634760092,40.93564426183442,40.99509811401367,4486300,0.0,0.0,0.0
2022-05-10 00:00:00-04:00,41.12392037328091,41.15364729884959,40.39062470818783,40.67799758911133,5184300,0.0,0.0,0.0
2022-05-11 00:00:00-04:00,40.67799659933063,40.94555026332225,40.22216611110542,40.24198532104492,4288900,0.0,0.0,0.0
2022-05-12 00:00:00-04:00,39.97443405841039,40.341080013997,39.76633801173647,40.053707122802734,4279900,0.0,0.0,0.0
2022-05-13 00:00:00-04:00,39.79606412950532,40.16271007763979,39.736606497323535,40.10325622558594,8140000,0.0,0.0,0.0
2022-05-16 00:00:00-04:00,39.92488479614258,40.083434692647224,39.83570024310073,39.92488479614258,3196800,0.0,0.0,0.0
2022-05-17 00:00:00-04:00,41.08428397347591,41.18338003045942,40.82664178557491,41.143741607666016,5849000,0.0,0.0,0.0
2022-05-18 00:00:00-04:00,40.79691072686915,40.94555292099953,40.02398038969841,40.13298416137695,5430400,0.0,0.0,0.0
2022-05-19 00:00:00-04:00,40.09334349686487,40.61854311466198,40.053705076629655,40.400535583496094,5427400,0.0,0.0,0.0
2022-05-20 00:00:00-04:00,40.82664053106275,40.876186667968035,39.98434108316119,40.58881378173828,4017200,0.0,0.0,0.0
2022-05-23 00:00:00-04:00,40.74736534096783,40.995099815672376,40.60863463995378,40.8960075378418,2668000,0.0,0.0,0.0
2022-05-24 00:00:00-04:00,40.41044651600641,40.65818099200965,40.15280432421942,40.56899642944336,3486900,0.0,0.0,0.0
2022-05-25 00:00:00-04:00,39.96452514032271,40.41044414688337,39.954613644991916,40.350990295410156,5331300,0.0,0.0,0.0
2022-05-26 00:00:00-04:00,40.380718029439656,40.79691011859454,40.35099110310801,40.70772933959961,3006000,0.0,0.0,0.0
2022-05-27 00:00:00-04:00,40.84645684497056,40.995095245144796,40.77709150219705,40.98518753051758,3473600,0.0,0.0,0.0
2022-05-31 00:00:00-04:00,41.480657548536215,41.50047675845528,41.03473477567664,41.0545539855957,12570400,0.0,0.0,0.0
2022-06-01 00:00:00-04:00,41.34192590674109,41.41129124979581,40.90591085882265,41.06446075439453,4596300,0.0,0.0,0.0
2022-06-02 00:00:00-04:00,41.490565483094045,42.01576509841044,41.42120013807396,41.98603439331055,3326600,0.0,0.0,0.0
2022-06-03 00:00:00-04:00,41.213105652345426,41.27256328465261,40.93564426183442,40.99509811401367,3577900,0.0,0.0,0.0
2022-06-06 00:00:00-04:00,41.292375926799416,41.391471973952726,40.91582228799989,41.02482604980469,2519400,0.0,0.0,0.0
2022-06-07 00:00:00-04:00,40.7869984772525,41.1338251848312,40.77709076280494,41.074371337890625,2286400,0.0,0.0,0.0
2022-06-08 00:00:00-04:00,40.787003158060905,40.8662800032498,40.58881482521671,40.61854553222656,2805600,0.0,0.0,0.0
2022-06-09 00:00:00-04:00,40.787000630372326,40.84645826057924,40.34107785414002,40.360897064208984,4706400,0.0,0.0,0.0
2022-06-10 00:00:00-04:00,40.023976963432794,40.103253801549954,39.825788648267604,39.88524627685547,5674300,0.0,0.0,0.0
2022-06-13 00:00:00-04:00,39.26095459906176,39.478962124822004,39.0627662829277,39.15195083618164,4988200,0.0,0.0,0.0
2022-06-14 00:00:00-04:00,39.38977898490043,39.45914433101707,39.19159066165523,39.340232849121094,4078100,0.0,0.0,0.0
2022-06-15 00:00:00-04:00,39.27086911900687,39.875341828721325,39.201503770035835,39.647422790527344,4475600,0.0,0.0,0.0
2022-06-16 00:00:00-04:00,38.597029530792526,38.69612180250202,38.4087489223655,38.52766418457031,4492100,0.0,0.0,0.0
2022-06-17 00:00:00-04:00,38.33938142741257,38.626754291443284,38.23038144669218,38.428565979003906,6050800,0.0,0.0,0.0
2022-06-21 00:00:00-04:00,39.20150485784437,39.350143275423456,39.11232029524567,39.270870208740234,3951600,0.0,0.0,0.0
2022-06-22 00:00:00-04:00,38.51775379590101,38.79521896888904,38.40875002581228,38.59703063964844,3664800,0.0,0.0,0.0
2022-06-23 00:00:00-04:00,38.82494491178357,39.062767876745795,38.745668070044246,39.013221740722656,2987400,0.0,0.0,0.0
2022-06-24 00:00:00-04:00,39.132137327420025,39.59787554604819,39.132137327420025,39.57805633544922,4792300,0.0,0.0,0.0
2022-06-27 00:00:00-04:00,39.32041634793326,39.39968941461649,39.18168564614153,39.270870208740234,3767600,0.0,0.0,0.0
2022-06-28 00:00:00-04:00,39.241139365091335,39.29068928424071,38.765489626256496,38.785308837890625,3049800,0.0,0.0,0.0
2022-06-29 00:00:00-04:00,39.00331598063645,39.14204668050637,38.924039134923326,39.033042907714844,4210300,0.0,0.0,0.0
2022-06-30 00:00:00-04:00,38.666395008432794,39.10240629761546,38.56729895625864,39.013221740722656,4136600,0.0,0.0,0.0
2022-07-01 00:00:00-04:00,38.805126898602865,39.1420459261342,38.7952191831437,39.12222671508789,2053900,0.0,0.0,0.0
2022-07-05 00:00:00-04:00,38.686214510755484,39.15195272904045,38.62675687900238,39.132137298583984,2593300,0.0,0.0,0.0
2022-07-06 00:00:00-04:00,39.62760579783687,39.89515568753683,39.488871325234115,39.786155700683594,3844400,0.0,0.0,0.0
2022-07-07 00:00:00-04:00,39.805972398184565,40.103256783098345,39.805972398184565,39.93479537963867,2436900,0.0,0.0,0.0
2022-07-08 00:00:00-04:00,39.786154853958344,40.01407009819204,39.65733187934702,39.83570098876953,1744100,0.0,0.0,0.0
2022-07-11 00:00:00-04:00,39.706877750632344,39.85551993420719,39.52850864239363,39.71678924560547,2993100,0.0,0.0,0.0
2022-07-12 00:00:00-04:00,39.50869203032931,39.79606492140106,39.47896510371085,39.6077880859375,2840500,0.0,0.0,0.0
2022-07-13 00:00:00-04:00,38.98349517250875,39.3501411185946,38.88440289955406,39.17177200317383,3545000,0.0,0.0,0.0
2022-07-14 00:00:00-04:00,38.9042196203316,39.33032321239908,38.74566971026892,39.32041549682617,2782700,0.0,0.0,0.0
2022-07-15 00:00:00-04:00,39.746519295509344,39.88524999501936,39.53842324624433,39.845611572265625,2315200,0.0,0.0,0.0
2022-07-18 00:00:00-04:00,39.92488507776288,40.03388884115265,39.60778528251685,39.63751220703125,1934400,0.0,0.0,0.0
2022-07-19 00:00:00-04:00,40.22216926626,40.44017681256795,40.17262312758858,40.370811462402344,2287400,0.0,0.0,0.0
2022-07-20 00:00:00-04:00,40.32125962320576,40.32125962320576,39.45914475497347,39.944705963134766,7604100,0.0,0.0,0.0
2022-07-21 00:00:00-04:00,40.45999438462494,40.92573260541831,40.45999438462494,40.91582489013672,10321200,0.0,0.0,0.0
2022-07-22 00:00:00-04:00,40.757271724108776,40.96536774952564,40.57890262228643,40.74736022949219,1783100,0.0,0.0,0.0
2022-07-25 00:00:00-04:00,40.62844959816107,40.76718028465143,40.529357330704435,40.69781494140625,3318700,0.0,0.0,0.0
2022-07-26 00:00:00-04:00,40.34107925763278,40.41044460522354,40.11316400410201,40.14289093017578,1635600,0.0,0.0,0.0
2022-07-27 00:00:00-04:00,40.72754443882323,41.08428267241049,40.559086817478104,40.99509811401367,2013200,0.0,0.0,0.0
2022-07-28 00:00:00-04:00,41.29237738240878,41.68875402473944,41.25274274227797,41.659027099609375,1893300,0.0,0.0,0.0
2022-07-29 00:00:00-04:00,41.91667070433669,42.33286657102809,41.79775921962255,42.29322814941406,3080600,0.0,0.0,0.0
2022-08-01 00:00:00-04:00,42.43195669755011,42.78869491376676,42.392318277942096,42.60041809082031,2078000,0.0,0.0,0.0
2022-08-02 00:00:00-04:00,42.80851380673281,43.07606746691506,42.73914846299605,42.887786865234375,4361900,0.0,0.0,0.0
2022-08-03 00:00:00-04:00,42.67968982686437,42.93733576620186,42.56077835185425,42.85805892944336,3106100,0.0,0.0,0.0
2022-08-04 00:00:00-04:00,42.58059709194753,42.719327774618925,42.521139465033684,42.65987014770508,2346400,0.0,0.0,0.0
2022-08-05 00:00:00-04:00,42.31304670837884,42.50132353795311,42.204042940683465,42.42205047607422,1941800,0.0,0.0,0.0
2022-08-08 00:00:00-04:00,42.77878750364302,42.9175219855185,42.64996829780796,42.71933364868164,2988300,0.0,0.0,0.0
2022-08-09 00:00:00-04:00,42.65987275397487,42.68960345931196,42.521142062827835,42.55086898803711,1693400,0.0,0.0,0.0
2022-08-10 00:00:00-04:00,43.24452711560364,43.37335009437985,43.03643107459215,43.35353088378906,1803500,0.0,0.0,0.0
2022-08-11 00:00:00-04:00,43.016611701745795,43.18507310106817,42.8184233767133,42.86796951293945,2526100,0.0,0.0,0.0
2022-08-12 00:00:00-04:00,43.07606939820689,43.33371157504786,42.97697334547737,43.31389236450195,2028400,0.0,0.0,0.0
2022-08-15 00:00:00-04:00,43.22470875178691,43.37335094406583,43.21480103636137,43.303985595703125,989500,0.0,0.0,0.0
2022-08-16 00:00:00-04:00,43.502171935489436,43.73999489610364,43.47244123031681,43.69044876098633,1976600,0.0,0.0,0.0
2022-08-17 00:00:00-04:00,43.70035647595867,43.82917945136591,43.65081034084136,43.69044876098633,2913100,0.0,0.0,0.0
2022-08-18 00:00:00-04:00,43.67063124805732,43.67063124805732,43.44271599355814,43.59135818481445,1614300,0.0,0.0,0.0
2022-08-19 00:00:00-04:00,43.03643101081186,43.09588864249613,42.82833497010877,42.90760803222656,2047300,0.0,0.0,0.0
2022-08-22 00:00:00-04:00,42.57068767062788,42.57068767062788,42.27340708183599,42.313045501708984,1793400,0.0,0.0,0.0
2022-08-23 00:00:00-04:00,42.709418438275605,42.996791312689446,42.709418438275605,42.758968353271484,2381900,0.0,0.0,0.0
2022-08-24 00:00:00-04:00,42.86797166096018,43.056252280232926,42.82833701806999,42.96706771850586,1223500,0.0,0.0,0.0
2022-08-25 00:00:00-04:00,42.570690603874624,42.78869814806968,42.5013252543813,42.76887893676758,1577100,0.0,0.0,0.0
2022-08-26 00:00:00-04:00,42.976972784612464,43.016611205186976,42.19413476896897,42.22386169433594,2378000,0.0,0.0,0.0
2022-08-29 00:00:00-04:00,42.31304641345859,42.47159631623918,42.21395036164082,42.30313491821289,1881300,0.0,0.0,0.0
2022-08-30 00:00:00-04:00,43.25443844781036,43.363438435456736,42.76887724048715,42.86796951293945,1846900,0.0,0.0,0.0
2022-08-31 00:00:00-04:00,42.858061274571746,42.917518905394054,42.59050760606312,42.63014602661133,3767500,0.0,0.0,0.0
2022-09-01 00:00:00-04:00,42.82833497010877,42.90760803222656,42.53105059181533,42.90760803222656,3568300,0.0,0.0,0.0
2022-09-02 00:00:00-04:00,42.84815608918177,42.99679450482114,42.45177942055399,42.48150634765625,1634200,0.0,0.0,0.0
2022-09-06 00:00:00-04:00,42.70941787430982,42.82833313257634,42.48150263282392,42.521141052246094,2637500,0.0,0.0,0.0
2022-09-07 00:00:00-04:00,42.77878669945987,43.254440210977926,42.669786707370356,43.21480178833008,2804700,0.0,0.0,0.0
2022-09-08 00:00:00-04:00,43.10579651905179,43.42289632896562,42.986885035366086,43.39316940307617,2352200,0.0,0.0,0.0
2022-09-09 00:00:00-04:00,43.264344472568744,43.39316744582564,43.22470605308543,43.373348236083984,1307300,0.0,0.0,0.0
2022-09-12 00:00:00-04:00,43.81927531274054,44.076917504454904,43.73999846598036,44.017459869384766,2499200,0.0,0.0,0.0
2022-09-13 00:00:00-04:00,43.45262355214097,43.551719605996965,43.04633918165125,43.105796813964844,3753600,0.0,0.0,0.0
2022-09-14 00:00:00-04:00,43.82918040075911,43.839091896073946,43.48235366729747,43.6805419921875,1838400,0.0,0.0,0.0
2022-09-15 00:00:00-04:00,43.40307862571528,43.52199011353078,43.15534415435831,43.21480178833008,2244000,0.0,0.0,0.0
2022-09-16 00:00:00-04:00,42.57068959894945,42.768877927163956,42.511235746574656,42.73915100097656,4535800,0.0,0.0,0.0
2022-09-19 00:00:00-04:00,42.88778752619597,43.194979610427126,42.88778752619597,43.165252685546875,2352100,0.0,0.0,0.0
2022-09-20 00:00:00-04:00,43.175161965435294,43.175161965435294,42.897700576155025,43.026519775390625,1876700,0.0,0.0,0.0
2022-09-21 00:00:00-04:00,42.749058260587454,43.06615807029893,42.481504587369415,42.54096221923828,2842900,0.0,0.0,0.0
2022-09-22 00:00:00-04:00,42.37249983806813,42.37249983806813,41.99594618533305,42.104949951171875,3044800,0.0,0.0,0.0
2022-09-23 00:00:00-04:00,41.44102044557866,41.490566581886874,41.064463005405976,41.20319747924805,4151200,0.0,0.0,0.0
2022-09-26 00:00:00-04:00,40.73745282440795,40.78699895748433,40.3807146180538,40.459991455078125,2603800,0.0,0.0,0.0
2022-09-27 00:00:00-04:00,40.78700158676791,40.836547723038215,40.26180573807245,40.350990295410156,4408200,0.0,0.0,0.0
2022-09-28 00:00:00-04:00,40.43026100820183,41.044641378536205,40.341076456046224,40.98518753051758,4730100,0.0,0.0,0.0
2022-09-29 00:00:00-04:00,40.26180704703927,40.39062624950458,39.845611172556225,40.093345642089844,3164400,0.0,0.0,0.0
2022-09-30 00:00:00-04:00,40.62844987835624,40.856365119180474,40.38071542787846,40.41044235229492,3098600,0.0,0.0,0.0
2022-10-03 00:00:00-04:00,40.370809116487344,40.69781663681905,40.222166928982475,40.598724365234375,3360700,0.0,0.0,0.0
2022-10-04 00:00:00-04:00,41.23292281096624,41.470745768102745,41.1338267620529,41.34192657470703,4666800,0.0,0.0,0.0
2022-10-05 00:00:00-04:00,41.09419377468395,41.341928236735086,40.95546308075578,41.24283218383789,1424000,0.0,0.0,0.0
2022-10-06 00:00:00-04:00,40.86627924691499,40.99509844777076,40.697817844070414,40.70772933959961,2102300,0.0,0.0,0.0
2022-10-07 00:00:00-04:00,40.50953947441869,40.60863174518553,39.964524424945466,40.03388977050781,3506100,0.0,0.0,0.0
2022-10-10 00:00:00-04:00,40.62845099379171,40.65817791902431,40.350989611279886,40.47980880737305,4089300,0.0,0.0,0.0
2022-10-11 00:00:00-04:00,40.00415710884695,40.350987599825416,39.914972557467074,40.014068603515625,3389500,0.0,0.0,0.0
2022-10-12 00:00:00-04:00,40.15279965657509,40.25189192340596,40.02397668559283,40.1726188659668,1996700,0.0,0.0,0.0
2022-10-13 00:00:00-04:00,39.56814775611157,40.5590855836523,39.379870929724845,40.4401741027832,3110300,0.0,0.0,0.0
2022-10-14 00:00:00-04:00,40.618543039192566,40.618543039192566,39.92488580687632,39.954612731933594,2200100,0.0,0.0,0.0
2022-10-17 00:00:00-04:00,40.72754697772845,40.96537374165509,40.65818162577655,40.84646224975586,2203100,0.0,0.0,0.0
2022-10-18 00:00:00-04:00,41.10410136142183,41.133828287134115,40.59872472367355,40.75727462768555,1824000,0.0,0.0,0.0
2022-10-19 00:00:00-04:00,40.42035760107377,40.578907512899164,40.28162690074255,40.370811462402344,1489200,0.0,0.0,0.0
2022-10-20 00:00:00-04:00,40.94555050687308,41.292377232557904,40.737454471462186,40.767181396484375,2123300,0.0,0.0,0.0
2022-10-21 00:00:00-04:00,40.796906822669776,41.40137947676516,40.69781455615118,41.35183334350586,2131600,0.0,0.0,0.0
2022-10-24 00:00:00-04:00,41.11401428089024,41.391475677490234,41.02482972053624,41.391475677490234,1476700,0.0,0.0,0.0
2022-10-25 00:00:00-04:00,41.12392215428587,41.51038732392735,41.114014438709845,41.47074890136719,2725800,0.0,0.0,0.0
2022-10-26 00:00:00-04:00,41.61939014118711,42.11485907143934,41.589663215012926,41.88694381713867,3144400,0.0,0.0,0.0
2022-10-27 00:00:00-04:00,41.54011137737992,41.81757653598025,41.4211998980528,41.460838317871094,2274000,0.0,0.0,0.0
2022-10-28 00:00:00-04:00,41.50047975158581,41.9563102722168,41.46084132888884,41.9563102722168,2843600,0.0,0.0,0.0
2022-10-31 00:00:00-04:00,41.668935174869475,41.886942708048956,41.60948132409532,41.81757736206055,1783200,0.0,0.0,0.0
2022-11-01 00:00:00-04:00,42.303133341138206,42.342771760387585,42.035579681396484,42.035579681396484,2429600,0.0,0.0,0.0
2022-11-02 00:00:00-04:00,41.77793828147112,42.174314920966985,41.510384616830585,41.54011154174805,2974700,0.0,0.0,0.0
2022-11-03 00:00:00-04:00,41.52029572952341,41.89684937543619,41.52029572952341,41.787845611572266,2352700,0.0,0.0,0.0
2022-11-04 00:00:00-04:00,42.53105007365868,42.69951147131446,42.303134825170865,42.66978454589844,4428200,0.0,0.0,0.0
2022-11-07 00:00:00-05:00,42.659876013592154,42.79860671533952,42.55087223932548,42.71933364868164,2639200,0.0,0.0,0.0
2022-11-08 00:00:00-05:00,42.85806225224436,43.145435137582595,42.83824304151815,43.066158294677734,2306200,0.0,0.0,0.0
2022-11-09 00:00:00-05:00,42.73915225404013,42.788698392514405,42.41214093587939,42.441871643066406,2518600,0.0,0.0,0.0
2022-11-10 00:00:00-05:00,43.42289489777124,43.61117172241211,43.05624896341681,43.61117172241211,4055400,0.0,0.0,0.0
2022-11-11 00:00:00-05:00,43.40307763457586,43.64090438490394,43.294073864847476,43.6309928894043,2845400,0.0,0.0,0.0
2022-11-14 00:00:00-05:00,43.17516020132986,43.33371010017291,42.99679109261545,43.085975646972656,2154400,0.0,0.0,0.0
2022-11-15 00:00:00-05:00,43.69045066118716,43.70035837659041,43.07607024273052,43.264347076416016,2502500,0.0,0.0,0.0
2022-11-16 00:00:00-05:00,42.89770182310311,42.91752103436037,42.68960577509399,42.72924041748047,1895800,0.0,0.0,0.0
2022-11-17 00:00:00-05:00,42.313046026107294,42.620234333610625,42.313046026107294,42.55086898803711,3913600,0.0,0.0,0.0
2022-11-18 00:00:00-05:00,42.61032756635467,42.61032756635467,42.42205073562845,42.54096221923828,1866200,0.0,0.0,0.0
2022-11-21 00:00:00-05:00,42.31304625056467,42.35268467113918,42.17431555868172,42.22386169433594,2041700,0.0,0.0,0.0
2022-11-22 00:00:00-05:00,42.39231902253455,42.540961208611535,42.39231902253455,42.511234283447266,1322000,0.0,0.0,0.0
2022-11-23 00:00:00-05:00,42.441870696442585,42.51123604478506,42.342774641576206,42.451778411865234,2277700,0.0,0.0,0.0
2022-11-25 00:00:00-05:00,42.92742623160807,42.96706465179721,42.7787840459627,42.87788009643555,1852200,0.0,0.0,0.0
2022-11-28 00:00:00-05:00,42.92742698202183,43.13552302146083,42.749057868180444,42.7886962890625,1380800,0.0,0.0,0.0
2022-11-29 00:00:00-05:00,43.105795966161224,43.214799733194965,43.04633833501704,43.15534210205078,1464600,0.0,0.0,0.0
2022-11-30 00:00:00-05:00,43.79945383331088,43.87872689583855,43.28416569643335,43.83909225463867,6075700,0.0,0.0,0.0
2022-12-01 00:00:00-05:00,44.02737000177708,44.06700842392958,43.73008939588933,43.82918167114258,2752200,0.0,0.0,0.0
2022-12-02 00:00:00-05:00,43.44271505044162,43.64090337443816,43.35353049364957,43.60126495361328,1922800,0.0,0.0,0.0
2022-12-05 00:00:00-05:00,43.15534380156039,43.24452836172493,42.95715547006941,43.056251525878906,2609600,0.0,0.0,0.0
2022-12-06 00:00:00-05:00,42.99679222952618,43.00670372478781,42.66978470832163,42.74905776977539,2081500,0.0,0.0,0.0
2022-12-07 00:00:00-05:00,42.83824157714844,42.917518417343324,42.74905702199309,42.83824157714844,1818200,0.0,0.0,0.0
2022-12-08 00:00:00-05:00,42.86797257138859,43.11570705032205,42.86797257138859,42.957157135009766,1653400,0.0,0.0,0.0
2022-12-09 00:00:00-05:00,42.62023397054709,42.62023397054709,42.39231872558594,42.39231872558594,1860900,0.0,0.0,0.0
2022-12-12 00:00:00-05:00,42.4914142274455,42.5607795715332,42.33286432951252,42.5607795715332,2403500,0.0,0.0,0.0
2022-12-13 00:00:00-05:00,43.13552403913541,43.2445278090688,42.739151161347024,42.818424224853516,4710300,0.0,0.0,0.0
2022-12-14 00:00:00-05:00,42.80851523801034,42.887788299162345,42.47159622282664,42.66978454589844,3022800,0.0,0.0,0.0
2022-12-15 00:00:00-05:00,42.21395039172465,42.21395039172465,41.7482121782967,41.8968505859375,5201400,0.0,0.0,0.0
2022-12-16 00:00:00-05:00,41.77793894145922,42.01576568493936,41.718481310557216,41.81757736206055,2621300,0.0,0.0,0.0
2022-12-19 00:00:00-05:00,42.23376633636382,42.32295088610323,42.055397236885014,42.134674072265625,1613700,0.0,0.0,0.0
2022-12-20 00:00:00-05:00,42.055400099950766,42.263499916928204,42.055400099950766,42.14458465576172,1369500,0.0,0.0,0.0
2022-12-21 00:00:00-05:00,41.678845562836784,41.78784554640297,41.56984179914286,41.74821090698242,2056100,0.0,0.0,0.0
2022-12-22 00:00:00-05:00,41.371653399427906,41.381561114231445,40.98518825991836,41.30228805541992,2421600,0.0,0.0,0.0
2022-12-23 00:00:00-05:00,40.74736134087276,40.826638179457234,40.56899223418541,40.81672668457031,1914200,0.0,0.0,0.0
2022-12-27 00:00:00-05:00,41.53020451154334,41.559931436950926,41.36174689406323,41.411293029785156,3388400,0.0,0.0,0.0
2022-12-28 00:00:00-05:00,41.490568050400356,41.65902945596428,41.39147577427666,41.431114196777344,3963700,0.0,0.0,0.0
2022-12-29 00:00:00-05:00,41.728390009446706,41.936486033466885,41.619386250161575,41.8473014831543,2565500,0.0,0.0,0.0
2022-12-30 00:00:00-05:00,41.56984378407257,41.619389920809844,41.17346712991844,41.36174774169922,2733900,0.0,0.0,0.0
2023-01-03 00:00:00-05:00,41.61939027847653,41.7680324700937,41.43111344520568,41.52029800415039,1438200,0.0,0.0,0.0
2023-01-04 00:00:00-05:00,41.28247115654891,41.540113337268025,41.213105808658064,41.48065948486328,2332900,0.0,0.0,0.0
2023-01-05 00:00:00-05:00,41.31219933114143,41.39147617691398,41.183380126953125,41.183380126953125,1872200,0.0,0.0,0.0
2023-01-06 00:00:00-05:00,41.22301213491896,41.698665618896484,41.11401214914059,41.698665618896484,2343800,0.0,0.0,0.0
2023-01-09 00:00:00-05:00,41.87703016563114,42.07521848355393,41.768030181894964,41.787845611572266,2239700,0.0,0.0,0.0
2023-01-10 00:00:00-05:00,41.75811963251959,41.85721568378884,41.66893507644118,41.77793884277344,1731000,0.0,0.0,0.0
2023-01-11 00:00:00-05:00,41.59957073606118,41.817578273994854,41.569843810025844,41.80766677856445,1648200,0.0,0.0,0.0
2023-01-12 00:00:00-05:00,41.906760588664795,42.10494890525517,41.718479986846454,42.075218200683594,2033700,0.0,0.0,0.0
2023-01-13 00:00:00-05:00,41.81757603520551,42.11485662002722,41.81757603520551,42.075218200683594,1379300,0.0,0.0,0.0
2023-01-17 00:00:00-05:00,42.14458263177985,42.18422105026505,42.035578871009356,42.08512878417969,4302300,0.0,0.0,0.0
2023-01-18 00:00:00-05:00,42.46168333896458,42.46168333896458,42.02567206656793,42.075218200683594,2558700,0.0,0.0,0.0
2023-01-19 00:00:00-05:00,42.10494805962342,42.233767249711406,42.05539814637518,42.12476348876953,1502500,0.0,0.0,0.0
2023-01-20 00:00:00-05:00,42.07522061066485,42.29322814941406,41.976128336757725,42.29322814941406,1756600,0.0,0.0,0.0
2023-01-23 00:00:00-05:00,42.055397236885014,42.24367783085019,41.97612418163197,42.134674072265625,1823400,0.0,0.0,0.0
2023-01-24 00:00:00-05:00,41.93648772964519,41.956306939419335,41.688753277659984,41.74821090698242,7449300,0.0,0.0,0.0
2023-01-25 00:00:00-05:00,41.27256510016148,41.42120351727589,41.12392290291896,41.38156509399414,4235600,0.0,0.0,0.0
2023-01-26 00:00:00-05:00,41.48065769191312,41.877030551281194,41.3518347170578,41.54011154174805,2203700,0.0,0.0,0.0
2023-01-27 00:00:00-05:00,40.55908564816375,40.55908564816375,40.34107811611714,40.47980880737305,4446200,0.0,0.0,0.0
2023-01-30 00:00:00-05:00,40.51944611532558,40.62844987835624,40.400534637532004,40.41044235229492,2479500,0.0,0.0,0.0
2023-01-31 00:00:00-05:00,40.479811053146,40.62845324781116,40.37081106120333,40.61854553222656,2254800,0.0,0.0,0.0
2023-02-01 00:00:00-05:00,40.301441995814464,40.31135349154289,39.54833086596016,39.805973052978516,9058300,0.0,0.0,0.0
2023-02-02 00:00:00-05:00,39.8456096156771,39.97443259323695,39.53842130474005,39.82579040527344,8586600,0.0,0.0,0.0
2023-02-03 00:00:00-05:00,39.78615645160308,40.03389091573479,39.657333471818774,39.69697189331055,3072300,0.0,0.0,0.0
2023-02-06 00:00:00-05:00,39.58796893719675,39.66724200168021,39.4591459547671,39.647422790527344,2692900,0.0,0.0,0.0
2023-02-07 00:00:00-05:00,39.478964062582264,39.67715238844408,39.28077573672046,39.57805633544922,3173500,0.0,0.0,0.0
2023-02-08 00:00:00-05:00,40.014069878851906,40.17261977745528,39.895154619803556,40.1627082824707,4936300,0.0,0.0,0.0
2023-02-09 00:00:00-05:00,40.26180567261854,40.281624883120024,39.81588288665493,39.905067443847656,1691300,0.0,0.0,0.0
2023-02-10 00:00:00-05:00,39.954610875068816,40.033887711707614,39.88524553307368,39.974430084228516,1036800,0.0,0.0,0.0
2023-02-13 00:00:00-05:00,39.578055685395874,39.76633629292972,39.568147970323075,39.706878662109375,1316600,0.0,0.0,0.0
2023-02-14 00:00:00-05:00,39.6276065457639,39.875341009895614,39.51860277672549,39.69697189331055,2369700,0.0,0.0,0.0
2023-02-15 00:00:00-05:00,39.92488616711023,40.113162994384766,39.88524774659101,40.113162994384766,1721300,0.0,0.0,0.0
2023-02-16 00:00:00-05:00,39.9942533663276,40.26180704703927,39.93479573279345,40.093345642089844,1732200,0.0,0.0,0.0
2023-02-17 00:00:00-05:00,40.023978077152435,40.08343570739479,39.885247386714745,39.954612731933594,4337700,0.0,0.0,0.0
2023-02-21 00:00:00-05:00,39.70688203450761,39.756428174335376,39.50869369506836,39.50869369506836,2098500,0.0,0.0,0.0
2023-02-22 00:00:00-05:00,39.13213310900787,39.13213310900787,38.924033310215606,38.97358322143555,2200200,0.0,0.0,0.0
2023-02-23 00:00:00-05:00,39.08258813301333,39.16186497687407,38.87449208807086,39.04295349121094,1836100,0.0,0.0,0.0
2023-02-24 00:00:00-05:00,38.64657305868949,38.715938400230776,38.537569299088155,38.63666534423828,3558000,0.0,0.0,0.0
2023-02-27 00:00:00-05:00,38.74566532371201,38.79521523635088,38.626753849659465,38.63666534423828,1854300,0.0,0.0,0.0
2023-02-28 00:00:00-05:00,38.547487021854614,38.62676009065541,38.42857174846111,38.44839096069336,3103400,0.0,0.0,0.0
2023-03-01 00:00:00-05:00,38.97358673978144,38.99340216990526,38.7853061324546,38.854671478271484,2618000,0.0,0.0,0.0
2023-03-02 00:00:00-05:00,38.77540062351188,39.072681233944806,38.67630456661553,38.993404388427734,3953600,0.0,0.0,0.0
2023-03-03 00:00:00-05:00,39.56814611975977,39.78615364244387,39.459142358417715,39.7266960144043,3975700,0.0,0.0,0.0
2023-03-06 00:00:00-05:00,39.87534032134652,39.98434030837485,39.766336554190325,39.82579040527344,2346700,0.0,0.0,0.0
2023-03-07 00:00:00-05:00,39.90506362293388,39.90506362293388,39.48886780250934,39.498779296875,2273900,0.0,0.0,0.0
2023-03-08 00:00:00-05:00,39.82579050365531,39.89515585017554,39.74651744197271,39.86542892456055,1280700,0.0,0.0,0.0
2023-03-09 00:00:00-05:00,39.55823538493616,39.57805459466341,39.21140866502861,39.23122787475586,4299000,0.0,0.0,0.0
2023-03-10 00:00:00-05:00,39.211412885834,39.32041666100343,38.943859195907635,38.983497619628906,3286900,0.0,0.0,0.0
2023-03-13 00:00:00-04:00,38.45829847787289,38.72585214513412,38.32947550175574,38.36911392211914,2889400,0.0,0.0,0.0
2023-03-14 00:00:00-04:00,38.40874983153684,38.587118948938375,38.32947676831835,38.51775360107422,1830300,0.0,0.0,0.0
2023-03-15 00:00:00-04:00,37.5862743952213,37.715097379100484,37.42772448434233,37.69527816772461,3297400,0.0,0.0,0.0
2023-03-16 00:00:00-04:00,37.76463931504666,38.34929275512695,37.76463931504666,38.34929275512695,1917700,0.0,0.0,0.0
2023-03-17 00:00:00-04:00,38.22047287707822,38.25019980317451,37.96283069727859,38.032196044921875,3379400,0.0,0.0,0.0
2023-03-20 00:00:00-04:00,38.04210317256113,38.23038378193681,38.00246475162647,38.200653076171875,2341600,0.0,0.0,0.0
2023-03-21 00:00:00-04:00,38.35920317689488,38.39884159803322,38.12138021032062,38.279930114746094,3308600,0.0,0.0,0.0
2023-03-22 00:00:00-04:00,38.35920101411748,38.65648159563791,38.170924194517674,38.18083190917969,2198300,0.0,0.0,0.0
2023-03-23 00:00:00-04:00,38.507844613263224,38.69612143979766,38.32947550175574,38.36911392211914,4270900,0.0,0.0,0.0
2023-03-24 00:00:00-04:00,38.022283962093795,38.210564571469476,37.96283011081969,38.200653076171875,1617800,0.0,0.0,0.0
2023-03-27 00:00:00-04:00,38.161012999788106,38.329474391388494,38.1213783607007,38.299747467041016,2604500,0.0,0.0,0.0
2023-03-28 00:00:00-04:00,38.081740321861204,38.14119795127777,37.92319042354479,38.0520133972168,2784000,0.0,0.0,0.0
2023-03-29 00:00:00-04:00,38.2402927017802,38.33938497711064,38.21056577520667,38.30965805053711,1750300,0.0,0.0,0.0
2023-03-30 00:00:00-04:00,38.51775259069436,38.587117936738956,38.42856803433304,38.4880256652832,1513000,0.0,0.0,0.0
2023-03-31 00:00:00-04:00,38.9141304128671,39.033041898233414,38.874491991035676,39.00331497192383,1563400,0.0,0.0,0.0
2023-04-03 00:00:00-04:00,38.94385668809645,39.142045013812215,38.94385668809645,39.132137298583984,1721400,0.0,0.0,0.0
2023-04-04 00:00:00-04:00,39.231230742727895,39.310503807304364,39.151953898023415,39.24113845825195,1696200,0.0,0.0,0.0
2023-04-05 00:00:00-04:00,39.43932603494312,39.45914524573986,39.24113770710362,39.330322265625,1040300,0.0,0.0,0.0
2023-04-06 00:00:00-04:00,39.45914394308325,39.62760533923023,39.39968631265588,39.58796691894531,1040900,0.0,0.0,0.0
2023-04-10 00:00:00-04:00,39.488872722358266,39.59787649319594,39.429418869267174,39.56814956665039,1108600,0.0,0.0,0.0
2023-04-11 00:00:00-04:00,39.64742103128903,39.76633629292972,39.64742103128903,39.706878662109375,1633100,0.0,0.0,0.0
2023-04-12 00:00:00-04:00,40.01407009819204,40.023977813103166,39.805970283780596,39.83570098876953,1910300,0.0,0.0,0.0
2023-04-13 00:00:00-04:00,39.96452523727073,40.02397908888817,39.89515611017055,39.98434066772461,1563700,0.0,0.0,0.0
2023-04-14 00:00:00-04:00,39.914977774853526,40.00416233789094,39.726700932942606,39.79606628417969,1853800,0.0,0.0,0.0
2023-04-17 00:00:00-04:00,39.67715258472045,39.69697179541747,39.57805653123538,39.65733337402344,1650700,0.0,0.0,0.0
2023-04-18 00:00:00-04:00,39.67715238844408,39.67715238844408,39.478964062582264,39.57805633544922,1329800,0.0,0.0,0.0
2023-04-19 00:00:00-04:00,39.40959559073408,39.48886864671644,39.379868667256645,39.44923400878906,1153200,0.0,0.0,0.0
2023-04-20 00:00:00-04:00,39.47896008827121,39.57805235116263,39.41950246245984,39.498779296875,1081100,0.0,0.0,0.0
2023-04-21 00:00:00-04:00,39.37987357819894,39.51860427856445,39.2906890165171,39.51860427856445,1077600,0.0,0.0,0.0
2023-04-24 00:00:00-04:00,39.766336554190325,39.8357019005392,39.71679041824511,39.82579040527344,932600,0.0,0.0,0.0
2023-04-25 00:00:00-04:00,39.88524954423376,39.88524954423376,39.63751507501491,39.647422790527344,1749000,0.0,0.0,0.0
2023-04-26 00:00:00-04:00,40.033891337032756,40.08343747435491,39.87534142952508,39.89515686035156,1203200,0.0,0.0,0.0
2023-04-27 00:00:00-04:00,40.281625956181934,40.400537442230615,40.202349112064155,40.38071823120117,1198900,0.0,0.0,0.0
2023-04-28 00:00:00-04:00,40.608629545880945,40.757271724108776,40.608629545880945,40.74736022949219,1835900,0.0,0.0,0.0
2023-05-01 00:00:00-04:00,40.81672557129781,40.91582161682557,40.72754102038664,40.74736022949219,1378700,0.0,0.0,0.0
2023-05-02 00:00:00-04:00,40.7770927274428,40.7770927274428,40.54917370276412,40.68790817260742,3015800,0.0,0.0,0.0
2023-05-03 00:00:00-04:00,40.61854056888171,40.78699817413153,40.549171447753906,40.549171447753906,1794700,0.0,0.0,0.0
2023-05-04 00:00:00-04:00,40.876185424619926,40.95546226535933,40.816727794065365,40.88609313964844,1658500,0.0,0.0,0.0
2023-05-05 00:00:00-04:00,40.79690703141592,41.054552973886835,40.79690703141592,41.02482604980469,1605600,0.0,0.0,0.0
2023-05-08 00:00:00-04:00,41.26265214657479,41.27256364210913,41.10410223917704,41.153648376464844,1171600,0.0,0.0,0.0
2023-05-09 00:00:00-04:00,40.995100260546025,41.11401553138689,40.98519254470669,41.09419631958008,2372000,0.0,0.0,0.0
2023-05-10 00:00:00-04:00,41.35183520143066,41.35183520143066,41.12391995409559,41.33201599121094,2021100,0.0,0.0,0.0
2023-05-11 00:00:00-04:00,41.15364344660859,41.15364344660859,40.965366635417716,41.08427810668945,2723200,0.0,0.0,0.0
2023-05-12 00:00:00-04:00,41.084283524059025,41.094195019712984,40.88609519238803,40.945552825927734,1495500,0.0,0.0,0.0
2023-05-15 00:00:00-04:00,41.14374000886706,41.31219762900087,41.08428237698742,41.282470703125,2835200,0.0,0.0,0.0
2023-05-16 00:00:00-04:00,41.01491716346435,41.08428251081927,40.9059133947272,40.91582489013672,1434400,0.0,0.0,0.0
2023-05-17 00:00:00-04:00,40.866280514391285,40.91582665319003,40.757276740957195,40.85636901855469,1642000,0.0,0.0,0.0
2023-05-18 00:00:00-04:00,40.489720499981054,40.57890505624159,40.37080901834296,40.559085845947266,2041100,0.0,0.0,0.0
2023-05-19 00:00:00-04:00,40.52935976857033,40.60863283127842,40.440175210443776,40.50954055786133,1657600,0.0,0.0,0.0
2023-05-22 00:00:00-04:00,40.8266392892217,40.92573156001814,40.76718165866715,40.88609313964844,2828500,0.0,0.0,0.0
2023-05-23 00:00:00-04:00,40.89600532118006,40.94555145740983,40.73745541716806,40.75727462768555,1712500,0.0,0.0,0.0
2023-05-24 00:00:00-04:00,40.915822732800905,40.93564194244703,40.786999760164996,40.81672668457031,1478100,0.0,0.0,0.0
2023-05-25 00:00:00-04:00,41.06445974200046,41.07437123655117,40.94554826828509,41.034732818603516,1979100,0.0,0.0,0.0
2023-05-26 00:00:00-04:00,41.40138299527928,41.70857509579805,41.38156378426568,41.63920974731445,2207500,0.0,0.0,0.0
2023-05-30 00:00:00-04:00,41.67884866721463,41.67884866721463,41.36174884746515,41.431114196777344,2362900,0.0,0.0,0.0
2023-05-31 00:00:00-04:00,41.43110916629271,41.44101688065089,41.16355551709092,41.322105407714844,3298000,0.0,0.0,0.0
2023-06-01 00:00:00-04:00,41.43111111085158,41.74821090698242,41.381561196352344,41.74821090698242,2478300,0.0,0.0,0.0
2023-06-02 00:00:00-04:00,41.79775831417697,41.95630821707054,41.76803138867438,41.8968505859375,2484000,0.0,0.0,0.0
2023-06-05 00:00:00-04:00,41.73830042226574,41.787846557836446,41.66893507644118,41.77793884277344,2136000,0.0,0.0,0.0
2023-06-06 00:00:00-04:00,41.73829873291131,41.89684862839698,41.71847952345964,41.87702941894531,1364400,0.0,0.0,0.0
2023-06-07 00:00:00-04:00,42.11530893797496,42.12523923207135,41.966388612206806,42.02595901489258,1586600,0.08,0.0,0.0
2023-06-08 00:00:00-04:00,41.787680073908014,41.926673889160156,41.73803996664617,41.926673889160156,1935200,0.0,0.0,0.0
2023-06-09 00:00:00-04:00,41.68840006338651,41.87703398682358,41.68840006338651,41.80753707885742,906100,0.0,0.0,0.0
2023-06-12 00:00:00-04:00,41.90681763614396,42.00610163926183,41.86710403489681,41.976314544677734,1238900,0.0,0.0,0.0
2023-06-13 00:00:00-04:00,42.28408868306603,42.3734423909759,42.25430537619521,42.3337287902832,2362500,0.0,0.0,0.0
2023-06-14 00:00:00-04:00,42.482651393323394,42.60178840388096,42.27416067802332,42.472721099853516,1934700,0.0,0.0,0.0
2023-06-15 00:00:00-04:00,42.4528645620579,42.70106887817383,42.39329795006035,42.70106887817383,3061300,0.0,0.0,0.0
2023-06-16 00:00:00-04:00,42.88970640842077,42.909563208105226,42.77056939761134,42.82020950317383,2353300,0.0,0.0,0.0
2023-06-20 00:00:00-04:00,42.80035287699859,42.810279383232405,42.60178866664638,42.70106887817383,1571500,0.0,0.0,0.0
2023-06-21 00:00:00-04:00,42.701068156005675,42.780495353722195,42.6216447455864,42.77056884765625,1962700,0.0,0.0,0.0
2023-06-22 00:00:00-04:00,42.57200481191748,42.691141821674265,42.51243441339046,42.65142822265625,1913300,0.0,0.0,0.0
2023-06-23 00:00:00-04:00,42.294015305583855,42.30394559943297,42.15502149007561,42.27416229248047,2708300,0.0,0.0,0.0
2023-06-26 00:00:00-04:00,42.482652057521285,42.51243536380201,42.41315515133471,42.46279525756836,1268200,0.0,0.0,0.0
2023-06-27 00:00:00-04:00,42.71099853515625,42.77056893356329,42.6315713372802,42.71099853515625,2512500,0.0,0.0,0.0
2023-06-28 00:00:00-04:00,42.99891781161026,43.04855791821011,42.88970730471218,43.03862762451172,2878400,0.0,0.0,0.0
2023-06-29 00:00:00-04:00,43.01877527567233,43.078341889592565,42.93934807404878,43.02870178222656,5014500,0.0,0.0,0.0
2023-06-30 00:00:00-04:00,43.27690552072622,43.49532653493785,43.266979014306315,43.38611602783203,2182000,0.0,0.0,0.0
2023-07-03 00:00:00-04:00,43.505254804346045,43.61446531587746,43.43575789469833,43.47547149658203,2191600,0.0,0.0,0.0
2023-07-05 00:00:00-04:00,43.604532500122765,43.604532500122765,43.43575538282364,43.45561218261719,1602100,0.0,0.0,0.0
2023-07-06 00:00:00-04:00,43.41589953831158,43.52511004593035,43.12798161591615,43.2669792175293,3485100,0.0,0.0,0.0
2023-07-07 00:00:00-04:00,43.16769389167032,43.38611490020508,43.14783709204922,43.28683090209961,1982000,0.0,0.0,0.0
2023-07-10 00:00:00-04:00,43.23719071054982,43.36625801418114,43.16769380566309,43.34640121459961,1471500,0.0,0.0,0.0
2023-07-11 00:00:00-04:00,43.60453472372069,43.654178619384766,43.48539770618141,43.654178619384766,2441200,0.0,0.0,0.0
2023-07-12 00:00:00-04:00,43.74353246144199,43.991736791321784,43.74353246144199,43.94209289550781,3097900,0.0,0.0,0.0
2023-07-13 00:00:00-04:00,43.82295412030176,43.89245102689746,43.74353070731982,43.85273742675781,6161500,0.0,0.0,0.0
2023-07-14 00:00:00-04:00,44.031446605756436,44.031446605756436,43.88252628020707,43.94209289550781,2201800,0.0,0.0,0.0
2023-07-17 00:00:00-04:00,44.07115973142079,44.259797443962135,44.04137642409215,44.23994064331055,2125200,0.0,0.0,0.0
2023-07-18 00:00:00-04:00,44.27964857804559,44.27964857804559,44.14065476668098,44.21015167236328,2120300,0.0,0.0,0.0
2023-07-19 00:00:00-04:00,44.43849901493767,44.44842930845181,44.28957869790134,44.32929229736328,1792000,0.0,0.0,0.0
2023-07-20 00:00:00-04:00,44.33922149783594,44.34914800465596,44.190297384453004,44.230010986328125,2616100,0.0,0.0,0.0
2023-07-21 00:00:00-04:00,44.18036801680805,44.1902945229853,44.03144391306844,44.04137420654297,1574700,0.0,0.0,0.0
2023-07-24 00:00:00-04:00,44.12079796687213,44.21015167236328,44.041374554934066,44.21015167236328,1963700,0.0,0.0,0.0
2023-07-25 00:00:00-04:00,44.1902961730957,44.269723374668665,44.1803696665478,44.1902961730957,1485700,0.0,0.0,0.0
2023-07-26 00:00:00-04:00,44.230010143626984,44.468287963040346,44.18037003587762,44.35907745361328,2887100,0.0,0.0,0.0
2023-07-27 00:00:00-04:00,44.31936267163277,44.31936267163277,43.89245093922765,43.91230773925781,3350800,0.0,0.0,0.0
2023-07-28 00:00:00-04:00,44.21015363819949,44.230010438891284,44.14065672942696,44.18037033081055,1716900,0.0,0.0,0.0
2023-07-31 00:00:00-04:00,44.30943593211269,44.438499450683594,44.230008732409985,44.438499450683594,2614100,0.0,0.0,0.0
2023-08-01 00:00:00-04:00,44.269721520786405,44.3094351199098,44.08108760589618,44.1605110168457,1820800,0.0,0.0,0.0
2023-08-02 00:00:00-04:00,43.63431968081939,43.63431968081939,43.31661845808133,43.39604187011719,3042600,0.0,0.0,0.0
2023-08-03 00:00:00-04:00,43.296761195558794,43.39604140636699,43.28683090209961,43.28683090209961,3235300,0.0,0.0,0.0
2023-08-04 00:00:00-04:00,43.65417850222648,43.87259573591272,43.54496799173461,43.7137451171875,2375000,0.0,0.0,0.0
2023-08-07 00:00:00-04:00,43.852736126544315,43.87259292602539,43.733599116955084,43.87259292602539,1672200,0.0,0.0,0.0
2023-08-08 00:00:00-04:00,43.74353111415792,43.74353111415792,43.44568289763776,43.614463806152344,1604000,0.0,0.0,0.0
2023-08-09 00:00:00-04:00,43.79317055438234,43.79317055438234,43.57474954220572,43.6243896484375,1945900,0.0,0.0,0.0
2023-08-10 00:00:00-04:00,43.75345770930237,43.85273792347868,43.49532688006552,43.554893493652344,1966000,0.0,0.0,0.0
2023-08-11 00:00:00-04:00,43.515184730542295,43.515184730542295,43.22726680026611,43.30669021606445,4396600,0.0,0.0,0.0
2023-08-14 00:00:00-04:00,43.02870094303936,43.18755155589097,42.988987343002115,43.15776824951172,4010300,0.0,0.0,0.0
2023-08-15 00:00:00-04:00,43.098198228651555,43.098198228651555,42.869850707374354,42.919490814208984,3011800,0.0,0.0,0.0
2023-08-16 00:00:00-04:00,43.08827088110557,43.27690479831392,43.0088436818827,43.04855728149414,2676100,0.0,0.0,0.0
2023-08-17 00:00:00-04:00,43.098196370051745,43.17762356739978,42.879775364641866,42.889705657958984,2144900,0.0,0.0,0.0
2023-08-18 00:00:00-04:00,42.85992153424138,43.078342554781436,42.82021172011386,43.018775939941406,3385800,0.0,0.0,0.0
2023-08-21 00:00:00-04:00,43.227264290533604,43.336474794800985,43.12798029242813,43.28683090209961,4121700,0.0,0.0,0.0
2023-08-22 00:00:00-04:00,43.445683574146955,43.465540374710656,43.17762623478063,43.197479248046875,2052700,0.0,0.0,0.0
2023-08-23 00:00:00-04:00,43.674032505809095,43.902380018895634,43.64424541293885,43.87259292602539,2050000,0.0,0.0,0.0
2023-08-24 00:00:00-04:00,43.66410289950338,43.69388620554504,43.45561218261719,43.45561218261719,2257800,0.0,0.0,0.0
2023-08-25 00:00:00-04:00,43.38611591267869,43.5052529258882,43.237191805693776,43.445682525634766,2245900,0.0,0.0,0.0
2023-08-28 00:00:00-04:00,43.58467995063925,43.664103363359835,43.54496635063028,43.564823150634766,2531700,0.0,0.0,0.0
2023-08-29 00:00:00-04:00,43.55489170892262,43.88252321941456,43.47546829829555,43.87259292602539,2625900,0.0,0.0,0.0
2023-08-30 00:00:00-04:00,43.832883227755104,43.86266653340515,43.73359923009286,43.813026428222656,2136400,0.0,0.0,0.0
2023-08-31 00:00:00-04:00,43.76338913016973,43.76338913016973,43.58468171021206,43.654178619384766,3363900,0.0,0.0,0.0
2023-09-01 00:00:00-04:00,43.922237396240234,44.03144411387707,43.832883691048416,43.922237396240234,2103000,0.0,0.0,0.0
2023-09-05 00:00:00-04:00,44.13072854925457,44.13072854925457,43.99173473698027,44.03144454956055,1918000,0.0,0.0,0.0
2023-09-06 00:00:00-04:00,44.02151833370264,44.140655346824225,43.83288441398535,43.85273742675781,1930700,0.0,0.0,0.0
2023-09-07 00:00:00-04:00,44.170444370812966,44.25979808138323,44.0513035651876,44.230010986328125,3535800,0.0,0.0,0.0
2023-09-08 00:00:00-04:00,44.56756888791053,44.70656270674006,44.49807197849577,44.69663619995117,2516100,0.0,0.0,0.0
2023-09-11 00:00:00-04:00,45.03419222997973,45.13347244262695,44.934908230035155,45.13347244262695,2271200,0.0,0.0,0.0
2023-09-12 00:00:00-04:00,44.795913810348495,44.82570090357687,44.65691999960705,44.73634719848633,3523400,0.0,0.0,0.0
2023-09-13 00:00:00-04:00,44.82570145393114,44.865411266561026,44.73634774774354,44.785987854003906,1595300,0.0,0.0,0.0
2023-09-14 00:00:00-04:00,44.944836962873566,45.0044073607716,44.875340058974466,44.92498016357422,2948600,0.0,0.0,0.0
2023-09-15 00:00:00-04:00,44.9349075066766,44.94483780015988,44.78598719010307,44.79591369628906,2477700,0.0,0.0,0.0
2023-09-18 00:00:00-04:00,44.77605744576055,44.86541115171943,44.68670373980167,44.84555435180664,2468300,0.0,0.0,0.0
2023-09-19 00:00:00-04:00,44.795913897239046,44.80584419076687,44.64699357999747,44.67677688598633,2793400,0.0,0.0,0.0
2023-09-20 00:00:00-04:00,44.746273993292554,44.86541100508257,44.5377832758357,44.557640075683594,3626900,0.0,0.0,0.0
2023-09-21 00:00:00-04:00,44.200226583203396,44.23994018409434,44.110872874847495,44.13072967529297,4282200,0.0,0.0,0.0
2023-09-22 00:00:00-04:00,44.269721520786405,44.35907522516541,44.12079741772231,44.1605110168457,2600400,0.0,0.0,0.0
2023-09-25 00:00:00-04:00,44.18036948970497,44.339220104917636,44.15058618288304,44.3094367980957,2215000,0.0,0.0,0.0
2023-09-26 00:00:00-04:00,44.180370628139144,44.180370628139144,43.99173670124385,44.00166320800781,2624400,0.0,0.0,0.0
2023-09-27 00:00:00-04:00,44.428572595724816,44.44842939549467,44.17044177331131,44.26972198486328,5158700,0.0,0.0,0.0
2023-09-28 00:00:00-04:00,43.87259284019869,43.981803343482355,43.78323913635726,43.93216323852539,3781000,0.0,0.0,0.0
2023-09-29 00:00:00-04:00,44.16051272667463,44.210152833852234,43.84281149598109,43.902381896972656,4992400,0.0,0.0,0.0
2023-10-02 00:00:00-04:00,43.952022641846106,43.971879442464726,43.75345842295733,43.892452239990234,3691500,0.0,0.0,0.0
2023-10-03 00:00:00-04:00,43.81302671508477,43.87259332677486,43.60453221227759,43.63431930541992,3435100,0.0,0.0,0.0
2023-10-04 00:00:00-04:00,43.61446389453657,43.61446389453657,43.41589967888655,43.554893493652344,3419200,0.0,0.0,0.0
2023-10-05 00:00:00-04:00,43.743531369917065,43.90238198558446,43.70381776917586,43.842811584472656,2164900,0.0,0.0,0.0
2023-10-06 00:00:00-04:00,43.90238131595368,44.3292930491665,43.88252451588595,44.259796142578125,2109200,0.0,0.0,0.0
2023-10-09 00:00:00-04:00,43.674035213424375,43.81302903111174,43.515184595024884,43.7733154296875,2205500,0.0,0.0,0.0
2023-10-10 00:00:00-04:00,44.150584973541456,44.359075690178976,44.09101457423189,44.26972198486328,2824900,0.0,0.0,0.0
2023-10-11 00:00:00-04:00,44.40871756136264,44.47821446967124,44.26972374474545,44.35907745361328,3079500,0.0,0.0,0.0
2023-10-12 00:00:00-04:00,44.23001073655396,44.23001073655396,43.94209280553154,44.00166320800781,4815700,0.0,0.0,0.0
2023-10-13 00:00:00-04:00,44.160512317724766,44.319362931600494,44.08108890443559,44.140655517578125,2348900,0.0,0.0,0.0
2023-10-16 00:00:00-04:00,44.30943593211269,44.49806985046063,44.18036862624445,44.438499450683594,2316100,0.0,0.0,0.0
2023-10-17 00:00:00-04:00,44.33921860328766,44.547709318575095,44.289578497833126,44.448429107666016,2090700,0.0,0.0,0.0
2023-10-18 00:00:00-04:00,44.14065592634411,44.14065592634411,43.882525096642134,43.902381896972656,3553200,0.0,0.0,0.0
2023-10-19 00:00:00-04:00,44.0413761721485,44.27965020400953,44.011592864990234,44.011592864990234,3050700,0.0,0.0,0.0
2023-10-20 00:00:00-04:00,43.872595186015275,43.89245198651923,43.66410446166992,43.66410446166992,2283200,0.0,0.0,0.0
2023-10-23 00:00:00-04:00,43.34640381761238,43.41590072667249,43.15776989120599,43.30669021606445,4231900,0.0,0.0,0.0
2023-10-24 00:00:00-04:00,43.31661966831856,43.51518388490193,43.31661966831856,43.43575668334961,1987900,0.0,0.0,0.0
2023-10-25 00:00:00-04:00,43.07834012332141,43.07834012332141,42.82020930322345,42.93934631347656,2859200,0.0,0.0,0.0
2023-10-26 00:00:00-04:00,42.48265084249097,42.5720045460749,42.363510046180906,42.42308044433594,2968100,0.0,0.0,0.0
2023-10-27 00:00:00-04:00,42.91948933508197,42.9294196284851,42.611714623638235,42.65142822265625,2555900,0.0,0.0,0.0
2023-10-30 00:00:00-04:00,42.929422230383885,43.10812586220145,42.90956542967138,43.018775939941406,2538500,0.0,0.0,0.0
2023-10-31 00:00:00-04:00,42.78049636559909,42.988987083590466,42.73085625950076,42.929420471191406,3261200,0.0,0.0,0.0
2023-11-01 00:00:00-04:00,42.81028067691395,43.12798190815915,42.80035417038015,43.08827209472656,3393600,0.0,0.0,0.0
2023-11-02 00:00:00-04:00,43.40597199011942,43.51518249511719,43.34640159085774,43.51518249511719,2303000,0.0,0.0,0.0
2023-11-03 00:00:00-04:00,43.66410483012836,43.88252585021755,43.544967813396745,43.8328857421875,2602800,0.0,0.0,0.0
2023-11-06 00:00:00-05:00,43.892449725506474,43.96194663004162,43.78323922200916,43.87259292602539,3550100,0.0,0.0,0.0
2023-11-07 00:00:00-05:00,43.8130288248132,43.93216584122748,43.73360162233871,43.892452239990234,2395200,0.0,0.0,0.0
2023-11-08 00:00:00-05:00,43.99173606445224,44.0413761721485,43.90238235568,44.011592864990234,4494600,0.0,0.0,0.0
2023-11-09 00:00:00-05:00,43.97187909901789,43.97187909901789,43.71374448028944,43.72367477416992,2064300,0.0,0.0,0.0
2023-11-10 00:00:00-05:00,43.83288266073763,44.18036717981731,43.83288266073763,44.170440673828125,3539700,0.0,0.0,0.0
2023-11-13 00:00:00-05:00,44.041374092841465,44.170441396596104,43.94209009483895,44.1009407043457,2943700,0.0,0.0,0.0
2023-11-14 00:00:00-05:00,44.36900457710898,44.76613301922007,44.36900457710898,44.75620651245117,3091100,0.0,0.0,0.0
2023-11-15 00:00:00-05:00,44.656920173080245,44.70656027892397,44.54770966784564,44.61720657348633,3390800,0.0,0.0,0.0
2023-11-16 00:00:00-05:00,44.66685168053576,44.73634858806516,44.577497972669754,44.65692138671875,2457600,0.0,0.0,0.0
2023-11-17 00:00:00-05:00,44.736347835153786,44.785987941511145,44.67677743514655,44.726417541503906,1942000,0.0,0.0,0.0
2023-11-20 00:00:00-05:00,44.57749722243182,44.736347835153786,44.517926822424585,44.726417541503906,1600900,0.0,0.0,0.0
2023-11-21 00:00:00-05:00,44.71649039876651,44.8455539159994,44.70656010525795,44.73634719848633,3206200,0.0,0.0,0.0
2023-11-22 00:00:00-05:00,44.91505625936216,44.93490927251431,44.825702550987735,44.88526916503906,1864700,0.0,0.0,0.0
2023-11-24 00:00:00-05:00,44.776056147705695,44.86540985107422,44.75620313566578,44.86540985107422,673400,0.0,0.0,0.0
2023-11-27 00:00:00-05:00,44.83562926297957,44.865412570141686,44.73634904757421,44.76613235473633,2235500,0.0,0.0,0.0
2023-11-28 00:00:00-05:00,44.99448050030135,45.20297122790533,44.99448050030135,45.16326141357422,2917100,0.0,0.0,0.0
2023-11-29 00:00:00-05:00,45.341963536153074,45.45117404334566,45.29232342941936,45.30225372314453,2531600,0.0,0.0,0.0
2023-11-30 00:00:00-05:00,45.560385814075,45.69937963170308,44.88526973934073,45.689453125,3980100,0.0,0.0,0.0
2023-12-01 00:00:00-05:00,45.79866175234052,46.13621977582992,45.709308046496346,46.06672286987305,2996000,0.0,0.0,0.0
2023-12-04 00:00:00-05:00,46.64255674460483,46.68227034593518,46.41420921790155,46.503562927246094,4106500,0.0,0.0,0.0
2023-12-05 00:00:00-05:00,46.801406020662654,46.93047332763672,46.6921955137844,46.93047332763672,5326000,0.0,0.0,0.0
2023-12-06 00:00:00-05:00,47.14889358710927,47.1687465995901,46.93047257684704,46.999969482421875,2999000,0.0,0.0,0.0
2023-12-07 00:00:00-05:00,47.04960938744633,47.11910629272461,46.99996928186146,47.11910629272461,2116000,0.0,0.0,0.0
2023-12-08 00:00:00-05:00,46.96025784691609,46.999971448133344,46.84112083056181,46.97018814086914,1896300,0.0,0.0,0.0
2023-12-11 00:00:00-05:00,47.13896421778721,47.22831792489207,47.07939381728484,47.21839141845703,2536300,0.0,0.0,0.0
2023-12-12 00:00:00-05:00,46.93047378770543,47.059541095944766,46.781549679175626,47.0396842956543,4212500,0.0,0.0,0.0
2023-12-13 00:00:00-05:00,47.109181507459525,47.615516662597656,47.03968459964248,47.615516662597656,6846900,0.0,0.0,0.0
2023-12-14 00:00:00-05:00,47.82400484278777,48.00271224975586,47.75450793866654,48.00271224975586,4338800,0.0,0.0,0.0
2023-12-15 00:00:00-05:00,48.29063344648488,48.29063344648488,47.933218608221175,47.95307540893555,2937600,0.0,0.0,0.0
2023-12-18 00:00:00-05:00,48.092066418218636,48.151636816883034,47.95307260863231,48.11192321777344,3077800,0.0,0.0,0.0
2023-12-19 00:00:00-05:00,48.22113585743268,48.429626581046406,48.171495749995714,48.370059967041016,5379200,0.0,0.0,0.0
2023-12-20 00:00:00-05:00,47.397097815932774,47.446737921637876,47.03968299518037,47.059539794921875,5566600,0.0,0.0,0.0
2023-12-21 00:00:00-05:00,47.694942273426435,47.8637193904105,47.615515074400534,47.81407928466797,4118200,0.0,0.0,0.0
2023-12-22 00:00:00-05:00,47.99278892075825,48.04242902880275,47.88357841068186,48.01264572143555,2254600,0.0,0.0,0.0
2023-12-26 00:00:00-05:00,48.2608503905272,48.2608503905272,48.10199977128202,48.18142318725586,2226600,0.0,0.0,0.0
2023-12-27 00:00:00-05:00,48.54876717839472,48.56862019144762,48.40976957594246,48.48919677734375,2620100,0.0,0.0,0.0
2023-12-28 00:00:00-05:00,48.68776070037724,48.74732731377211,48.638120593449045,48.667903900146484,2786600,0.0,0.0,0.0
2023-12-29 00:00:00-05:00,48.53883503216656,48.58847513749922,48.379984422723666,48.45941162109375,4500000,0.0,0.0,0.0
2024-01-02 00:00:00-05:00,48.33034579057376,48.38991619116712,48.191351976486644,48.32041549682617,2839200,0.0,0.0,0.0
2024-01-03 00:00:00-05:00,48.2310669930142,48.320416915581596,48.101999681587685,48.24099349975586,2744900,0.0,0.0,0.0
2024-01-04 00:00:00-05:00,48.59840762898965,48.80689835319498,48.59840762898965,48.65797424316406,2338500,0.0,0.0,0.0
2024-01-05 00:00:00-05:00,48.89625066702806,49.015387679276046,48.70761674869398,48.73740005493164,3185000,0.0,0.0,0.0
2024-01-08 00:00:00-05:00,48.56861914922444,48.75725685485586,48.429625337052244,48.73740005493164,2424900,0.0,0.0,0.0
2024-01-09 00:00:00-05:00,48.52890971339513,48.687760326724685,48.38991590014395,48.499122619628906,2778600,0.0,0.0,0.0
2024-01-10 00:00:00-05:00,48.79697036743164,48.79697036743164,48.66790306180371,48.79697036743164,3357600,0.0,0.0,0.0
2024-01-11 00:00:00-05:00,48.90617827361642,48.94589187435832,48.58847704227604,48.8366813659668,2478000,0.0,0.0,0.0
2024-01-12 00:00:00-05:00,49.51179680580013,49.83942832684826,49.51179680580013,49.60115051269531,3272400,0.0,0.0,0.0
2024-01-16 00:00:00-05:00,49.5217254703505,49.5217254703505,48.99552975270187,49.04517364501953,5433400,0.0,0.0,0.0
2024-01-17 00:00:00-05:00,48.52891104296584,48.52891104296584,48.35020362466178,48.479270935058594,4190400,0.0,0.0,0.0
2024-01-18 00:00:00-05:00,48.657973518315934,48.79697111967965,48.568619811087956,48.727474212646484,3679200,0.0,0.0,0.0
2024-01-19 00:00:00-05:00,49.19409682355782,49.2635937320911,48.90617889546425,49.23381042480469,4018000,0.0,0.0,0.0
2024-01-22 00:00:00-05:00,49.382734240499126,49.59122496485209,49.24373663696637,49.41251754760742,3527900,0.0,0.0,0.0
2024-01-23 00:00:00-05:00,48.39984205993651,48.42962536619209,48.211208141488925,48.330345153808594,4543200,0.0,0.0,0.0
2024-01-24 00:00:00-05:00,48.90617763598804,49.03524494306776,48.80689742272509,48.84661102294922,7677200,0.0,0.0,0.0
2024-01-25 00:00:00-05:00,48.86646605722044,48.86646605722044,48.677828356621156,48.75725555419922,4583600,0.0,0.0,0.0
2024-01-26 00:00:00-05:00,48.767184458317175,49.02531907584212,48.67783075029661,48.8366813659668,2127200,0.0,0.0,0.0
2024-01-29 00:00:00-05:00,49.48201220205808,49.650789317714704,49.452228896306266,49.62100601196289,3077200,0.0,0.0,0.0
2024-01-30 00:00:00-05:00,49.00545984752224,49.18416725470942,48.94588944936077,49.164310455322266,4162400,0.0,0.0,0.0
2024-01-31 00:00:00-05:00,49.571367958754806,49.76000188182075,49.41251734267363,49.531654357910156,6993400,0.0,0.0,0.0
2024-02-01 00:00:00-05:00,49.72029277989533,49.87914339825005,49.541585360834084,49.86921310424805,5987900,0.0,0.0,0.0
2024-02-02 00:00:00-05:00,49.8692109655374,50.037991870655716,49.680577047861455,50.01813507080078,3042600,0.0,0.0,0.0
2024-02-05 00:00:00-05:00,49.73021949315631,49.82949970980382,49.62100898246555,49.75007629394531,3863400,0.0,0.0,0.0
2024-02-06 00:00:00-05:00,50.3259066081636,50.50461402171922,50.24648319508186,50.415260314941406,4130000,0.0,0.0,0.0
2024-02-07 00:00:00-05:00,50.514544776469684,50.623755284339055,50.395403974813604,50.524471282958984,3684000,0.0,0.0,0.0
2024-02-08 00:00:00-05:00,50.31597929178232,50.31597929178232,50.04791817576411,50.137271881103516,5477200,0.0,0.0,0.0
2024-02-09 00:00:00-05:00,50.27626661657788,50.37555061727887,50.07770240247328,50.35569381713867,3825200,0.0,0.0,0.0
2024-02-12 00:00:00-05:00,49.95856354388207,50.06777404697115,49.7699296304628,49.91884994506836,4141000,0.0,0.0,0.0
2024-02-13 00:00:00-05:00,49.70043387542612,49.80964059374319,49.462156064331325,49.611080169677734,5275300,0.0,0.0,0.0
2024-02-14 00:00:00-05:00,50.41526219098939,50.47483259349045,50.34576528172024,50.44504928588867,4100900,0.0,0.0,0.0
2024-02-15 00:00:00-05:00,50.60389755687577,50.71310806274414,50.50461355731483,50.71310806274414,4124100,0.0,0.0,0.0
2024-02-16 00:00:00-05:00,50.79253127338021,50.9315250849162,50.693251061510885,50.832244873046875,4390900,0.0,0.0,0.0
2024-02-20 00:00:00-05:00,51.23929922402767,51.23929922402767,51.06059181483867,51.189659118652344,5872600,0.0,0.0,0.0
2024-02-21 00:00:00-05:00,50.86202948098452,50.86202948098452,50.64360846452463,50.8123893737793,4185200,0.0,0.0,0.0
2024-02-22 00:00:00-05:00,51.26908287926908,51.358436584472656,51.14001557457563,51.358436584472656,4207900,0.0,0.0,0.0
2024-02-23 00:00:00-05:00,51.45771983208908,51.45771983208908,51.3187222359034,51.42793273925781,3097100,0.0,0.0,0.0
2024-02-26 00:00:00-05:00,51.20951591826193,51.23929922402767,51.13008871982358,51.189659118652344,2859200,0.0,0.0,0.0
2024-02-27 00:00:00-05:00,51.27901588893148,51.27901588893148,51.1400182833545,51.259159088134766,5566700,0.0,0.0,0.0
2024-02-28 00:00:00-05:00,50.723035870460336,50.74289267088199,50.445048239151994,50.69325256347656,6698400,0.0,0.0,0.0
2024-02-29 00:00:00-05:00,51.03081169741678,51.03081169741678,50.73296347196108,50.79253387451172,8258300,0.0,0.0,0.0
2024-03-01 00:00:00-05:00,51.54707336425781,51.60664376680143,51.398153038845024,51.54707336425781,5002100,0.0,0.0,0.0
2024-03-04 00:00:00-05:00,51.6066406123462,51.6066406123462,51.48750360183871,51.53714370727539,2461700,0.0,0.0,0.0
2024-03-05 00:00:00-05:00,51.48750455490197,51.557001461259205,51.308797142184126,51.3485107421875,3145100,0.0,0.0,0.0
2024-03-06 00:00:00-05:00,51.78535025161713,51.78535025161713,51.66621323597965,51.73571014404297,4716100,0.0,0.0,0.0
2024-03-07 00:00:00-05:00,51.81513326496277,51.95413086759888,51.725779556916834,51.9144172668457,4421100,0.0,0.0,0.0
2024-03-08 00:00:00-05:00,52.07326852148646,52.07326852148646,51.85484750196145,51.90448760986328,2787700,0.0,0.0,0.0
2024-03-11 00:00:00-04:00,51.62649807714273,51.62649807714273,51.447790665430375,51.527217864990234,5287300,0.0,0.0,0.0
2024-03-12 00:00:00-04:00,51.4577231911968,51.4577231911968,51.1896620620001,51.3187255859375,6042800,0.0,0.0,0.0
2024-03-13 00:00:00-04:00,50.335836846356216,50.335836846356216,49.92878191310555,50.06777572631836,9900700,0.0,0.0,0.0
2024-03-14 00:00:00-04:00,50.52447157638081,50.70317899260537,50.28619754627968,50.34576416015625,5615800,0.0,0.0,0.0
2024-03-15 00:00:00-04:00,50.48475893953739,50.48475893953739,50.057847191216005,50.15713119506836,8612300,0.0,0.0,0.0
2024-03-18 00:00:00-04:00,50.435118533840495,50.49468893580061,50.29612471656435,50.335838317871094,3832600,0.0,0.0,0.0
2024-03-19 00:00:00-04:00,49.8890681418757,49.8890681418757,49.65079032911561,49.77985763549805,5776200,0.0,0.0,0.0
2024-03-20 00:00:00-04:00,49.87914244100174,50.11741647031228,49.76993193286049,50.05784606933594,4259200,0.0,0.0,0.0
2024-03-21 00:00:00-04:00,50.44504845716068,50.45497496376569,50.1571305307485,50.167057037353516,5023200,0.0,0.0,0.0
2024-03-22 00:00:00-04:00,50.3159799582346,50.3159799582346,50.08763243874209,50.12734603881836,3223000,0.0,0.0,0.0
2024-03-25 00:00:00-04:00,50.15712989408052,50.2365533078048,50.147199600304106,50.17698669433594,1710300,0.0,0.0,0.0
2024-03-26 00:00:00-04:00,50.50461532536541,50.50461532536541,50.375551802363965,50.39540481567383,2953600,0.0,0.0,0.0
2024-03-27 00:00:00-04:00,50.69325059919957,50.762747504333774,50.60389689441314,50.7230339050293,3844300,0.0,0.0,0.0
2024-03-28 00:00:00-04:00,51.120164060564846,51.23930107522933,51.08045045991088,51.219444274902344,3732900,0.0,0.0,0.0
2024-04-01 00:00:00-04:00,51.47757400019298,51.487504293792135,51.08044936406521,51.12016296386719,3611300,0.0,0.0,0.0
2024-04-02 00:00:00-04:00,51.3187257933267,51.36836968905439,51.16980546803616,51.199588775634766,3743500,0.0,0.0,0.0
2024-04-03 00:00:00-04:00,51.22936873082644,51.40807613931863,51.14994531999505,51.30879592895508,4571400,0.0,0.0,0.0
2024-04-04 00:00:00-04:00,51.527220308409476,51.62650052526983,51.16980546803616,51.199588775634766,4985200,0.0,0.0,0.0
2024-04-05 00:00:00-04:00,51.44779046446627,51.705925074730175,51.41800715839633,51.64635467529297,3754100,0.0,0.0,0.0
2024-04-08 00:00:00-04:00,51.90448492293692,52.063335532378076,51.86477511104959,52.00376892089844,3414300,0.0,0.0,0.0
2024-04-09 00:00:00-04:00,52.01369661301469,52.07326701314987,51.795275599816385,52.043479919433594,5925400,0.0,0.0,0.0
2024-04-10 00:00:00-04:00,51.66621369337352,51.87470441940923,51.517289582035175,51.84492111206055,12110100,0.0,0.0,0.0
2024-04-11 00:00:00-04:00,51.79527634895553,51.993840564980694,51.58678562641295,51.97398376464844,8662200,0.0,0.0,0.0
2024-04-12 00:00:00-04:00,51.61657128113154,51.63642429361275,51.22936936639651,51.298866271972656,5555600,0.0,0.0,0.0
2024-04-15 00:00:00-04:00,51.338579897851936,51.4477904030411,50.85210155856954,50.89181137084961,4698500,0.0,0.0,0.0
2024-04-16 00:00:00-04:00,50.81238752330831,50.881884428324184,50.693250512894984,50.7826042175293,3581700,0.0,0.0,0.0
2024-04-17 00:00:00-04:00,50.88188471636376,50.88188471636376,50.54432669553403,50.60389709472656,7476000,0.0,0.0,0.0
2024-04-18 00:00:00-04:00,50.60389819225156,50.792532112839815,50.45497408468895,50.70317840576172,4467100,0.0,0.0,0.0
2024-04-19 00:00:00-04:00,50.7329600396523,50.98116435254159,50.7329600396523,50.96131134033203,4544400,0.0,0.0,0.0
2024-04-22 00:00:00-04:00,51.40807770091213,51.586785114832814,51.33858079408712,51.51728820800781,3165000,0.0,0.0,0.0
2024-04-23 00:00:00-04:00,51.51728800526474,51.676138618424936,51.39815099221893,51.63642501831055,3852700,0.0,0.0,0.0
2024-04-24 00:00:00-04:00,51.63642501831055,51.646355311987826,51.51728800526474,51.63642501831055,3700600,0.0,0.0,0.0
2024-04-25 00:00:00-04:00,51.74563635729342,51.93427406722229,51.557002434661975,51.9144172668457,5915400,0.0,0.0,0.0
2024-04-26 00:00:00-04:00,51.87470170335858,51.95412890185972,51.81513130448273,51.94419860839844,2615600,0.0,0.0,0.0
2024-04-29 00:00:00-04:00,52.08319398032727,52.20233478165172,52.03355387342411,52.15269088745117,3995500,0.0,0.0,0.0
2024-04-30 00:00:00-04:00,51.98391405846328,52.132834380009086,51.964057258131014,51.97398376464844,3345200,0.0,0.0,0.0
2024-05-01 00:00:00-04:00,52.0931244780439,52.25197509313438,51.9541306632519,52.03355407714844,4162100,0.0,0.0,0.0
2024-05-02 00:00:00-04:00,52.39096987576711,52.67888780446788,52.28175936575665,52.59946060180664,6696000,0.0,0.0,0.0
2024-05-03 00:00:00-04:00,52.26189980489552,52.36118380297841,52.14276279449332,52.351253509521484,5585100,0.0,0.0,0.0
2024-05-06 00:00:00-04:00,52.00376955748236,52.14276336903265,51.8449189460967,51.993839263916016,3899600,0.0,0.0,0.0
2024-05-07 00:00:00-04:00,51.42793320293633,51.6066406123462,51.37829309749965,51.53714370727539,4871000,0.0,0.0,0.0
2024-05-08 00:00:00-04:00,51.59671456941062,51.755565180612514,51.59671456941062,51.64635467529297,5351200,0.0,0.0,0.0
2024-05-09 00:00:00-04:00,51.17973197480319,51.23930237729791,51.11023506554144,51.199588775634766,5793900,0.0,0.0,0.0
2024-05-10 00:00:00-04:00,51.27901375113432,51.27901375113432,50.87195882001541,51.00102233886719,5804000,0.0,0.0,0.0
2024-05-13 00:00:00-04:00,51.33858044853798,51.45772124854811,51.33858044853798,51.3485107421875,2995800,0.0,0.0,0.0
2024-05-14 00:00:00-04:00,51.69599394461384,51.795274154771946,51.63642354614063,51.775421142578125,3644600,0.0,0.0,0.0
2024-05-15 00:00:00-04:00,51.87470487671814,51.97398509362061,51.78535116658692,51.954132080078125,3750500,0.0,0.0,0.0
2024-05-16 00:00:00-04:00,52.18247798143098,52.19240448789266,52.11298107430708,52.15269088745117,3917400,0.0,0.0,0.0
2024-05-17 00:00:00-04:00,52.48032044135585,52.61931425038932,52.41082353683912,52.58953094482422,3252300,0.0,0.0,0.0
2024-05-20 00:00:00-04:00,52.75830971147456,52.81788011176737,52.66895600468402,52.73845291137695,3192200,0.0,0.0,0.0
2024-05-21 00:00:00-04:00,52.85759547491553,52.927092383926386,52.78809477860718,52.82780838012695,3564900,0.0,0.0,0.0
2024-05-22 00:00:00-04:00,52.937017498602415,52.946947792369976,52.827806990943635,52.90723419189453,3736500,0.0,0.0,0.0
2024-05-23 00:00:00-04:00,53.68163089158356,53.68163089158356,53.34407285945262,53.423500061035156,6980900,0.0,0.0,0.0
2024-05-24 00:00:00-04:00,53.691559474438286,53.761056379959626,53.63198907514971,53.6816291809082,3943300,0.0,0.0,0.0
2024-05-28 00:00:00-04:00,53.3639307099717,53.42350111233086,53.10579987434366,53.175296783447266,3911400,0.0,0.0,0.0
2024-05-29 00:00:00-04:00,52.90723482879921,52.90723482879921,52.8178811203025,52.89730453491211,3852700,0.0,0.0,0.0
2024-05-30 00:00:00-04:00,52.61931413712596,52.69874133485826,52.54981723275882,52.64909744262695,4685700,0.0,0.0,0.0
2024-05-31 00:00:00-04:00,52.71859564936701,52.71859564936701,52.35125431902333,52.629241943359375,7364600,0.0,0.0,0.0
2024-06-03 00:00:00-04:00,54.41631762299663,54.465957730579625,54.207823111472145,54.40638732910156,13613100,0.0,0.0,0.0
2024-06-04 00:00:00-04:00,50.64360926114767,51.16980501023287,50.47483213653556,51.09037780761719,26569000,0.0,0.0,0.0
2024-06-05 00:00:00-04:00,52.35125477771709,52.74838320507444,52.32147147121936,52.73845291137695,11097400,0.0,0.0,0.0
2024-06-06 00:00:00-04:00,53.02637045292029,53.046227252875994,52.877446346901145,52.97673034667969,5544100,0.0,0.0,0.0
2024-06-07 00:00:00-04:00,53.80076761211231,53.80076761211231,53.56249358326404,53.60220718383789,5696700,0.0,0.0,0.0
2024-06-10 00:00:00-04:00,53.82062542205386,53.83055571603231,53.67170509805435,53.76105880737305,3538900,0.0,0.0,0.0
2024-06-11 00:00:00-04:00,53.90997956232969,53.90997956232969,53.661775233048886,53.87026596069336,4050700,0.0,0.0,0.0
2024-06-12 00:00:00-04:00,54.396461666621335,54.41631846742215,54.20782395266228,54.277320861816406,3813100,0.0,0.0,0.0
2024-06-13 00:00:00-04:00,54.326961690412766,54.34681849009256,54.11846718742355,54.207820892333984,4751000,0.0,0.0,0.0
2024-06-14 00:00:00-04:00,54.38652928448579,54.80351451069854,54.37660277811524,54.77372741699219,7031400,0.0,0.0,0.0
2024-06-17 00:00:00-04:00,54.823369923104615,54.912723627367335,54.724085925425335,54.853153228759766,5977000,0.0,0.0,0.0
2024-06-18 00:00:00-04:00,54.94250904174344,55.11128616333008,54.922652241445476,55.11128616333008,2481900,0.0,0.0,0.0
2024-06-20 00:00:00-04:00,54.654589506919535,54.68437660013694,54.42624199117164,54.5553092956543,4731800,0.0,0.0,0.0
2024-06-21 00:00:00-04:00,54.53545417768469,54.53545417768469,54.277319560759146,54.297176361083984,3543900,0.0,0.0,0.0
2024-06-24 00:00:00-04:00,54.674446019632214,54.90279353418145,54.624805914260165,54.73401641845703,3767700,0.0,0.0,0.0
2024-06-25 00:00:00-04:00,54.714160168296395,54.82337067358997,54.704229874743895,54.78365707397461,3265700,0.0,0.0,0.0
2024-06-26 00:00:00-04:00,54.942508901393104,54.942508901393104,54.734018179743124,54.82337188720703,3473700,0.0,0.0,0.0
2024-06-27 00:00:00-04:00,55.329707346546144,55.44884436139665,55.31978084001586,55.39920425415039,3424800,0.0,0.0,0.0
2024-06-28 00:00:00-04:00,55.458772138012385,55.51833874908527,55.28999123627897,55.37934494018555,3301200,0.0,0.0,0.0
2024-07-01 00:00:00-04:00,55.63748018851814,55.81618759839561,55.63748018851814,55.77647399902344,3618100,0.0,0.0,0.0
2024-07-02 00:00:00-04:00,55.73676103582059,55.81618823547149,55.60769373003654,55.766544342041016,4079400,0.0,0.0,0.0
2024-07-03 00:00:00-04:00,55.91546807198561,56.064392176681615,55.875754472427026,56.00482177734375,2889500,0.0,0.0,0.0
2024-07-05 00:00:00-04:00,56.33245607266566,56.35230908612735,56.094178250852906,56.253028869628906,3324700,0.0,0.0,0.0
2024-07-08 00:00:00-04:00,56.32252392661277,56.401951127037755,56.20338691327266,56.223243713378906,3936200,0.0,0.0,0.0
2024-07-09 00:00:00-04:00,56.401952021172164,56.5111587425417,56.362238420330094,56.4416618347168,3226200,0.0,0.0,0.0
2024-07-10 00:00:00-04:00,56.34238118788217,56.362237988150945,56.17360406654369,56.332454681396484,3464400,0.0,0.0,0.0
2024-07-11 00:00:00-04:00,56.54094323177042,56.580656830782736,56.42180622203073,56.48137283325195,3453400,0.0,0.0,0.0
2024-07-12 00:00:00-04:00,56.54094675359146,56.77922078791245,56.54094675359146,56.66008377075195,3727000,0.0,0.0,0.0
2024-07-15 00:00:00-04:00,56.72957862478096,56.78914902485213,56.64022491832289,56.74943542480469,4484400,0.0,0.0,0.0
2024-07-16 00:00:00-04:00,56.729577040013105,57.00756465798479,56.65015362943431,56.947998046875,4671400,0.0,0.0,0.0
2024-07-17 00:00:00-04:00,56.76929297766255,56.80900657823665,56.67993927001953,56.67993927001953,3052900,0.0,0.0,0.0
2024-07-18 00:00:00-04:00,56.86857310323825,56.987713904775,56.69979598200728,56.73950958251953,4932600,0.0,0.0,0.0
2024-07-19 00:00:00-04:00,56.064391913525725,56.08424871321181,55.74669069314296,55.77647399902344,5613600,0.0,0.0,0.0
2024-07-22 00:00:00-04:00,56.20338691327266,56.32252392661277,56.12395971284768,56.223243713378906,3625700,0.0,0.0,0.0
2024-07-23 00:00:00-04:00,55.77647533385718,55.78640184028914,55.121216077724,55.34956359863281,7766300,0.0,0.0,0.0
2024-07-24 00:00:00-04:00,55.389277028519636,55.51834054822484,55.04178870771231,55.0616455078125,8055600,0.0,0.0,0.0
2024-07-25 00:00:00-04:00,55.23042528733435,55.54812650785596,55.23042528733435,55.36941909790039,3780100,0.0,0.0,0.0
2024-07-26 00:00:00-04:00,56.471447077777086,56.471447077777086,56.31259646691361,56.4118766784668,4215300,0.0,0.0,0.0
2024-07-29 00:00:00-04:00,56.521089701729395,56.521089701729395,56.30266868182434,56.43173599243164,3545800,0.0,0.0,0.0
2024-07-30 00:00:00-04:00,56.54094519893709,56.550871705386896,56.342380984264345,56.45159149169922,3379900,0.0,0.0,0.0
2024-07-31 00:00:00-04:00,56.73951101738201,57.0869955624081,56.73951101738201,57.007568359375,6295600,0.0,0.0,0.0
2024-08-01 00:00:00-04:00,56.79907678472259,56.79907678472259,56.302668135066284,56.38209533691406,5582000,0.0,0.0,0.0
2024-08-02 00:00:00-04:00,55.86583010470944,56.004823921187786,55.677196180531325,55.855899810791016,4922900,0.0,0.0,0.0
2024-08-05 00:00:00-04:00,54.07875950087033,54.8630822889142,53.8404816826448,54.46595764160156,12499000,0.0,0.0,0.0
2024-08-06 00:00:00-04:00,54.48581219032651,54.892867114695626,54.426241791407634,54.67444610595703,4600500,0.0,0.0,0.0
2024-08-07 00:00:00-04:00,55.32970823339059,55.389278635419366,54.84322987236341,54.86308288574219,4455700,0.0,0.0,0.0
2024-08-08 00:00:00-04:00,55.10135798296704,55.41905920348865,55.04178758388275,55.36941909790039,4547000,0.0,0.0,0.0
2024-08-09 00:00:00-04:00,55.35949131732232,55.52827222874058,55.17085739260541,55.389278411865234,3662700,0.0,0.0,0.0
2024-08-12 00:00:00-04:00,55.379348296848,55.43891869882882,55.24035447952356,55.270137786865234,2647900,0.0,0.0,0.0
2024-08-13 00:00:00-04:00,54.94250774516459,55.160928755990376,54.94250774516459,55.131141662597656,3080800,0.0,0.0,0.0
2024-08-14 00:00:00-04:00,54.982220332443,55.03186043745376,54.86307953566049,54.9722900390625,2236400,0.0,0.0,0.0
2024-08-15 00:00:00-04:00,55.28999299543649,55.548127609289516,55.22049608877545,55.46870040893555,4420900,0.0,0.0,0.0
2024-08-16 00:00:00-04:00,55.78640335978674,56.00482438021289,55.68712314357347,55.965110778808594,2669400,0.0,0.0,0.0
2024-08-19 00:00:00-04:00,56.03460750856312,56.1537483123953,55.975040893944495,56.084251403808594,1631300,0.0,0.0,0.0
2024-08-20 00:00:00-04:00,56.292739404724266,56.35230601645957,56.16367210046896,56.183528900146484,3961900,0.0,0.0,0.0
2024-08-21 00:00:00-04:00,56.441661082603126,56.54094508338529,56.302667268805486,56.51115798950195,7313900,0.0,0.0,0.0
2024-08-22 00:00:00-04:00,56.51115949743818,56.51115949743818,56.312599065170254,56.37216567993164,3486200,0.0,0.0,0.0
2024-08-23 00:00:00-04:00,56.52108931748472,56.71965353538511,56.431735608794426,56.670013427734375,3138300,0.0,0.0,0.0
2024-08-26 00:00:00-04:00,56.918218185749275,56.95792799979311,56.72958047302679,56.77922058105469,2267300,0.0,0.0,0.0
2024-08-27 00:00:00-04:00,56.640224255638756,56.809005160217,56.62036745584736,56.759361267089844,2717600,0.0,0.0,0.0
2024-08-28 00:00:00-04:00,56.79907619599051,56.8288632900234,56.65015587501566,56.73950958251953,2497700,0.0,0.0,0.0
2024-08-29 00:00:00-04:00,56.809006286008696,57.007566713262975,56.809006286008696,56.858646392822266,2685800,0.0,0.0,0.0
2024-08-30 00:00:00-04:00,57.11677839519066,57.335199414418874,57.086995087949525,57.305416107177734,5411400,0.0,0.0,0.0
2024-09-03 00:00:00-04:00,57.23591735329191,57.23591735329191,56.77921852896759,56.86857223510742,4129700,0.0,0.0,0.0
2024-09-04 00:00:00-04:00,56.997641010702864,57.196205228055035,56.997641010702864,57.136634826660156,3587500,0.0,0.0,0.0
2024-09-05 00:00:00-04:00,56.90828464742949,57.02742165736395,56.799074143615705,56.828861236572266,3658700,0.0,0.0,0.0
2024-09-06 00:00:00-04:00,56.481374716983915,56.540945117489144,56.07431978177498,56.104103088378906,5968000,0.0,0.0,0.0
2024-09-09 00:00:00-04:00,56.501229546800054,56.68986346087569,56.461515947848156,56.54094314575195,2634800,0.0,0.0,0.0
2024-09-10 00:00:00-04:00,56.7990757343612,56.7990757343612,56.5409449077243,56.63029861450195,3217700,0.0,0.0,0.0
2024-09-11 00:00:00-04:00,56.63030037369857,56.73951088396354,56.20338862664322,56.71965408325195,2290000,0.0,0.0,0.0
2024-09-12 00:00:00-04:00,57.1465628687848,57.355053584505534,57.12670606910226,57.345123291015625,4840400,0.0,0.0,0.0
2024-09-13 00:00:00-04:00,57.36498185239111,57.48412265414519,57.2954849450166,57.434478759765625,3747600,0.0,0.0,0.0
2024-09-16 00:00:00-04:00,57.62311729934618,57.72239751494131,57.53376359039157,57.71247100830078,4502200,0.0,0.0,0.0
2024-09-17 00:00:00-04:00,57.722397144545674,57.722397144545674,57.454336019401964,57.5436897277832,4345900,0.0,0.0,0.0
2024-09-18 00:00:00-04:00,57.35505630446216,57.6529007392304,57.22598899405352,57.245845794677734,4614400,0.0,0.0,0.0
2024-09-19 00:00:00-04:00,57.54368759013367,57.752178306179005,57.41462407294216,57.69261169433594,6901000,0.0,0.0,0.0
2024-09-20 00:00:00-04:00,58.22873482505064,58.407442237937644,58.1493076249687,58.31808853149414,5085800,0.0,0.0,0.0
2024-09-23 00:00:00-04:00,58.76485258093191,58.81449647404426,58.635789063272256,58.735069274902344,2950300,0.0,0.0,0.0
2024-09-24 00:00:00-04:00,58.685431517129,58.695358023770254,58.457083991405625,58.467010498046875,7122000,0.0,0.0,0.0
2024-09-25 00:00:00-04:00,58.705288867191015,58.72514566795684,58.49679435279863,58.51665115356445,4101700,0.0,0.0,0.0
2024-09-26 00:00:00-04:00,59.062702010023564,59.062702010023564,58.67550008715722,58.774784088134766,4135600,0.0,0.0,0.0
2024-09-27 00:00:00-04:00,58.92370516370424,58.9435619641542,58.68543113289966,58.70528793334961,5766600,0.0,0.0,0.0
2024-09-30 00:00:00-04:00,58.15923633008808,58.15923633008808,57.930885029738285,58.10959243774414,4623100,0.0,0.0,0.0
2024-10-01 00:00:00-04:00,58.24859002706392,58.24859002706392,57.583404244214584,57.76211166381836,6259600,0.0,0.0,0.0
2024-10-02 00:00:00-04:00,57.80182489637259,57.83160820368393,57.38483965752645,57.59333038330078,5704700,0.0,0.0,0.0
2024-10-03 00:00:00-04:00,57.17634753273192,57.24584443962288,56.89835990516808,56.918216705322266,5397500,0.0,0.0,0.0
2024-10-04 00:00:00-04:00,56.67001209954765,56.79907561895518,56.59058489933007,56.68986511230469,5885500,0.0,0.0,0.0
2024-10-07 00:00:00-04:00,56.15374515102206,56.193454962766374,55.64740623148507,55.66726303100586,8277600,0.0,0.0,0.0
2024-10-08 00:00:00-04:00,56.74943684251606,56.77922014964701,56.55087262461568,56.670013427734375,6188200,0.0,0.0,0.0
2024-10-09 00:00:00-04:00,56.83878884160471,56.98771294737501,56.68986473583441,56.92814254760742,4680500,0.0,0.0,0.0
2024-10-10 00:00:00-04:00,56.75936201884639,56.75936201884639,56.56080159289716,56.68986511230469,3756700,0.0,0.0,0.0
2024-10-11 00:00:00-04:00,56.590586655629686,56.77922058105469,56.51115945294706,56.77922058105469,3524000,0.0,0.0,0.0
2024-10-14 00:00:00-04:00,56.84871664721076,56.908287048339844,56.75936293916584,56.908287048339844,2336400,0.0,0.0,0.0
2024-10-15 00:00:00-04:00,56.61044060093864,56.78914801066327,56.580657295083626,56.59058380126953,4664200,0.0,0.0,0.0
2024-10-16 00:00:00-04:00,56.650154750366724,56.67993805651094,56.53101395119522,56.64022445678711,1976600,0.0,0.0,0.0
2024-10-17 00:00:00-04:00,56.09417623562777,56.114033035673586,55.86582871604691,55.935325622558594,4600200,0.0,0.0,0.0
2024-10-18 00:00:00-04:00,56.32252468081083,56.32252468081083,56.094177157477326,56.15374755859375,5016300,0.0,0.0,0.0
2024-10-21 00:00:00-04:00,55.716903599965185,55.88568450364826,55.667263494398625,55.77647399902344,8027300,0.0,0.0,0.0
2024-10-22 00:00:00-04:00,55.220495281146114,55.339636079934564,55.081501469856896,55.190711975097656,4037200,0.0,0.0,0.0
2024-10-23 00:00:00-04:00,55.101359108012886,55.160929508313465,54.9127251880071,55.0616455078125,4904800,0.0,0.0,0.0
2024-10-24 00:00:00-04:00,55.021931358597286,55.04178815849935,54.912724640081954,55.01200485229492,4252000,0.0,0.0,0.0
2024-10-25 00:00:00-04:00,54.58509297736995,54.60494977721917,54.28724855422641,54.31703186035156,4634800,0.0,0.0,0.0
2024-10-28 00:00:00-04:00,54.60495029761139,54.80351451069854,54.60495029761139,54.77372741699219,5575200,0.0,0.0,0.0
2024-10-29 00:00:00-04:00,54.78365698714599,54.95243410429779,54.78365698714599,54.84322738647461,3473700,0.0,0.0,0.0
2024-10-30 00:00:00-04:00,54.66452101577697,54.74394442909552,54.56523701500706,54.59502410888672,6478400,0.0,0.0,0.0
2024-10-31 00:00:00-04:00,54.525523041161534,54.56523664119743,54.3071058155588,54.42624282836914,8088900,0.0,0.0,0.0
2024-11-01 00:00:00-04:00,54.47588414818297,54.724088472989905,54.42624404068107,54.46595764160156,5100800,0.0,0.0,0.0
2024-11-04 00:00:00-05:00,54.098614664243755,54.14825477024348,53.89012015936916,53.909976959228516,3944400,0.0,0.0,0.0
2024-11-05 00:00:00-05:00,54.20782256503877,54.356746673583984,54.20782256503877,54.356746673583984,4810200,0.0,0.0,0.0
2024-11-06 00:00:00-05:00,54.882939893399985,54.882939893399985,54.56523865597663,54.74394607543945,8735800,0.0,0.0,0.0
2024-11-07 00:00:00-05:00,54.63473334477223,54.63473334477223,54.26739201404736,54.545379638671875,5216500,0.0,0.0,0.0
2024-11-08 00:00:00-05:00,54.11846758948744,54.20782129506171,53.900050365981556,53.969547271728516,3607400,0.0,0.0,0.0
2024-11-11 00:00:00-05:00,54.07875748915437,54.20782100639869,54.07875748915437,54.14825439453125,2656500,0.0,0.0,0.0
2024-11-12 00:00:00-05:00,53.60220747729844,53.61213398384755,53.36392965984825,53.423500061035156,7512600,0.0,0.0,0.0
2024-11-13 00:00:00-05:00,52.95687560151983,52.96680210823418,52.68881447266266,52.88737869262695,7972000,0.0,0.0,0.0
2024-11-14 00:00:00-05:00,53.09586857425526,53.135582175075555,52.98665806564817,53.01644515991211,4823600,0.0,0.0,0.0
2024-11-15 00:00:00-05:00,53.016443219733155,53.016443219733155,52.559744401607915,52.6391716003418,4131200,0.0,0.0,0.0
2024-11-18 00:00:00-05:00,52.758311381555544,52.93701880079365,52.758311381555544,52.88737869262695,5329500,0.0,0.0,0.0
2024-11-19 00:00:00-05:00,52.93701829994973,53.26464982788566,52.86752139171436,53.18522262573242,4933000,0.0,0.0,0.0
2024-11-20 00:00:00-05:00,53.35400344736161,53.35400344736161,53.11572562859815,53.24479293823242,5344400,0.0,0.0,0.0
2024-11-21 00:00:00-05:00,52.7483824540148,52.8178793597182,52.510104643533644,52.80794906616211,6067000,0.0,0.0,0.0
2024-11-22 00:00:00-05:00,53.43342586989142,53.85041109816022,53.43342586989142,53.84048080444336,7402100,0.0,0.0,0.0
2024-11-25 00:00:00-05:00,54.42624274091102,54.55531004717161,54.30710572829212,54.48581314086914,9049500,0.0,0.0,0.0
2024-11-26 00:00:00-05:00,54.40638556602436,54.40638556602436,54.22767815467877,54.31703186035156,3555900,0.0,0.0,0.0
2024-11-27 00:00:00-05:00,54.58509268835399,54.604949488098065,54.28724826678746,54.4957389831543,3603900,0.0,0.0,0.0
2024-11-29 00:00:00-05:00,54.11846690182006,54.485812013011746,54.048969996956174,54.38652801513672,4676900,0.0,0.0,0.0
2024-12-02 00:00:00-05:00,54.44610017720826,54.515597084322934,54.31703286943925,54.47588348388672,3251600,0.0,0.0,0.0
2024-12-03 00:00:00-05:00,54.575169066920196,54.68437957763672,54.525525171287235,54.68437957763672,3636900,0.0,0.0,0.0
2024-12-04 00:00:00-05:00,54.68437749776519,54.80351451069854,54.66452069772674,54.77372741699219,3229200,0.0,0.0,0.0
2024-12-05 00:00:00-05:00,55.200637532372404,55.37934494018555,55.15099742737925,55.37934494018555,4501700,0.0,0.0,0.0
2024-12-06 00:00:00-05:00,55.329708188846055,55.44884520551022,55.20064087820302,55.270137786865234,4916200,0.0,0.0,0.0
2024-12-09 00:00:00-05:00,55.26021148695391,55.36942199734531,55.13114417582793,55.1510009765625,4922100,0.0,0.0,0.0
2024-12-10 00:00:00-05:00,55.17085656422399,55.190713364521955,55.04178925593589,55.11128616333008,3896800,0.0,0.0,0.0
2024-12-11 00:00:00-05:00,55.38927534697497,55.38927534697497,55.240351244393345,55.31977844238281,2266600,0.0,0.0,0.0
2024-12-12 00:00:00-05:00,55.0318611889055,55.0318611889055,54.882937084542455,54.902793884277344,7484800,0.0,0.0,0.0
2024-12-13 00:00:00-05:00,55.36942135790392,55.37934786450782,55.16093063354492,55.16093063354492,4824100,0.0,0.0,0.0
2024-12-16 00:00:00-05:00,55.111287375093355,55.26021148695391,55.111287375093355,55.1510009765625,4721300,0.0,0.0,0.0
2024-12-17 00:00:00-05:00,54.599998474121094,54.72999954223633,54.540000915527344,54.56999969482422,7627400,0.399,0.0,0.0
2024-12-18 00:00:00-05:00,54.310001373291016,54.439998626708984,53.529998779296875,53.59000015258789,7272000,0.0,0.0,0.0
2024-12-19 00:00:00-05:00,54.02000045776367,54.02000045776367,53.72999954223633,53.77000045776367,5978100,0.0,0.0,0.0
2024-12-20 00:00:00-05:00,53.13999938964844,53.630001068115234,53.130001068115234,53.41999816894531,8176400,0.0,0.0,0.0
2024-12-23 00:00:00-05:00,53.2400016784668,53.31999969482422,53.060001373291016,53.27000045776367,5075100,0.0,0.0,0.0
2024-12-24 00:00:00-05:00,53.16999816894531,53.38999938964844,53.150001525878906,53.38999938964844,1590000,0.0,0.0,0.0
2024-12-26 00:00:00-05:00,53.16999816894531,53.25,53.099998474121094,53.25,1586200,0.0,0.0,0.0
2024-12-27 00:00:00-05:00,53.0,53.119998931884766,52.90999984741211,53.099998474121094,3244900,0.0,0.0,0.0
2024-12-30 00:00:00-05:00,52.7400016784668,52.7400016784668,52.529998779296875,52.650001525878906,3240400,0.0,0.0,0.0
2024-12-31 00:00:00-05:00,52.70000076293945,52.779998779296875,52.59000015258789,52.63999938964844,2907300,0.0,0.0,0.0
2025-01-02 00:00:00-05:00,53.58000183105469,53.68000030517578,53.349998474121094,53.400001525878906,5788000,0.0,0.0,0.0
2025-01-03 00:00:00-05:00,53.310001373291016,53.459999084472656,53.29999923706055,53.369998931884766,3972800,0.0,0.0,0.0
2025-01-06 00:00:00-05:00,52.650001525878906,52.81999969482422,52.560001373291016,52.63999938964844,5532300,0.0,0.0,0.0
2025-01-07 00:00:00-05:00,52.75,52.83000183105469,52.40999984741211,52.43000030517578,5840100,0.0,0.0,0.0
2025-01-08 00:00:00-05:00,52.34000015258789,52.380001068115234,52.209999084472656,52.33000183105469,3481200,0.0,0.0,0.0
2025-01-10 00:00:00-05:00,51.4900016784668,51.56999969482422,51.150001525878906,51.209999084472656,5755500,0.0,0.0,0.0
2025-01-13 00:00:00-05:00,50.36000061035156,50.650001525878906,50.36000061035156,50.650001525878906,6515900,0.0,0.0,0.0
2025-01-14 00:00:00-05:00,51.0,51.029998779296875,50.779998779296875,50.93000030517578,4204900,0.0,0.0,0.0
2025-01-15 00:00:00-05:00,51.31999969482422,51.41999816894531,51.2400016784668,51.279998779296875,3905100,0.0,0.0,0.0
2025-01-16 00:00:00-05:00,51.2400016784668,51.27000045776367,51.040000915527344,51.04999923706055,3780800,0.0,0.0,0.0
2025-01-17 00:00:00-05:00,51.11000061035156,51.290000915527344,51.02000045776367,51.18000030517578,5475000,0.0,0.0,0.0
2025-01-21 00:00:00-05:00,50.72999954223633,50.869998931884766,50.70000076293945,50.83000183105469,7076800,0.0,0.0,0.0
2025-01-22 00:00:00-05:00,50.68000030517578,50.709999084472656,50.58000183105469,50.619998931884766,5556300,0.0,0.0,0.0
2025-01-23 00:00:00-05:00,51.0099983215332,51.13999938964844,50.959999084472656,51.09000015258789,4430900,0.0,0.0,0.0
2025-01-24 00:00:00-05:00,50.779998779296875,50.790000915527344,50.63999938964844,50.68000030517578,7540700,0.0,0.0,0.0
2025-01-27 00:00:00-05:00,50.0,50.150001525878906,49.90999984741211,50.09000015258789,6545700,0.0,0.0,0.0
2025-01-28 00:00:00-05:00,50.04999923706055,50.18000030517578,49.970001220703125,50.16999816894531,3214800,0.0,0.0,0.0
2025-01-29 00:00:00-05:00,50.56999969482422,50.59000015258789,50.439998626708984,50.52000045776367,4648200,0.0,0.0,0.0
2025-01-30 00:00:00-05:00,50.72999954223633,51.0,50.72999954223633,50.95000076293945,5895000,0.0,0.0,0.0
2025-01-31 00:00:00-05:00,51.209999084472656,51.29999923706055,50.9900016784668,50.9900016784668,7149000,0.0,0.0,0.0
2025-02-03 00:00:00-05:00,50.5099983215332,50.970001220703125,50.5099983215332,50.900001525878906,4275800,0.0,0.0,0.0
2025-02-04 00:00:00-05:00,51.34000015258789,51.5,51.2599983215332,51.43000030517578,5383900,0.0,0.0,0.0
2025-02-05 00:00:00-05:00,51.2599983215332,51.310001373291016,51.150001525878906,51.279998779296875,2659000,0.0,0.0,0.0
2025-02-06 00:00:00-05:00,50.88999938964844,50.939998626708984,50.79999923706055,50.849998474121094,5626300,0.0,0.0,0.0
2025-02-07 00:00:00-05:00,50.779998779296875,50.84000015258789,50.400001525878906,50.5,5697300,0.0,0.0,0.0
2025-02-10 00:00:00-05:00,50.40999984741211,50.59000015258789,50.40999984741211,50.58000183105469,3325200,0.0,0.0,0.0
2025-02-11 00:00:00-05:00,50.20000076293945,50.2400016784668,50.08000183105469,50.13999938964844,4847300,0.0,0.0,0.0
2025-02-12 00:00:00-05:00,49.75,50.0099983215332,49.65999984741211,49.79999923706055,8692100,0.0,0.0,0.0
2025-02-13 00:00:00-05:00,50.029998779296875,50.41999816894531,49.9900016784668,50.38999938964844,7071000,0.0,0.0,0.0
2025-02-14 00:00:00-05:00,49.77000045776367,49.83000183105469,49.56999969482422,49.59000015258789,5354200,0.0,0.0,0.0
2025-02-18 00:00:00-05:00,49.4900016784668,49.689998626708984,49.4900016784668,49.58000183105469,7321700,0.0,0.0,0.0
2025-02-19 00:00:00-05:00,49.619998931884766,49.77000045776367,49.59000015258789,49.7599983215332,3902900,0.0,0.0,0.0
2025-02-20 00:00:00-05:00,50.06999969482422,50.189998626708984,49.93000030517578,50.08000183105469,5752200,0.0,0.0,0.0
2025-02-21 00:00:00-05:00,49.810001373291016,49.810001373291016,49.27000045776367,49.29999923706055,8215100,0.0,0.0,0.0
2025-02-24 00:00:00-05:00,49.220001220703125,49.29999923706055,49.150001525878906,49.2599983215332,5240600,0.0,0.0,0.0
2025-02-25 00:00:00-05:00,49.040000915527344,49.279998779296875,48.9900016784668,49.25,9078800,0.0,0.0,0.0
2025-02-26 00:00:00-05:00,49.04999923706055,49.2599983215332,49.02000045776367,49.02000045776367,7363700,0.0,0.0,0.0
2025-02-27 00:00:00-05:00,48.720001220703125,48.810001373291016,48.529998779296875,48.54999923706055,6677900,0.0,0.0,0.0
2025-02-28 00:00:00-05:00,47.91999816894531,48.4900016784668,47.650001525878906,48.099998474121094,7127100,0.0,0.0,0.0
2025-03-03 00:00:00-05:00,48.02000045776367,48.31999969482422,47.70000076293945,47.79999923706055,6505100,0.0,0.0,0.0
2025-03-04 00:00:00-05:00,47.810001373291016,48.06999969482422,47.599998474121094,47.849998474121094,5565400,0.0,0.0,0.0
2025-03-05 00:00:00-05:00,48.43000030517578,48.9900016784668,48.43000030517578,48.93000030517578,11913100,0.0,0.0,0.0
2025-03-06 00:00:00-05:00,49.0,49.22999954223633,48.900001525878906,48.939998626708984,8058400,0.0,0.0,0.0
2025-03-07 00:00:00-05:00,48.90999984741211,49.119998931884766,48.72999954223633,49.08000183105469,5165300,0.0,0.0,0.0
2025-03-10 00:00:00-04:00,48.45000076293945,48.529998779296875,48.18000030517578,48.36000061035156,6237500,0.0,0.0,0.0
2025-03-11 00:00:00-04:00,48.77000045776367,48.810001373291016,48.349998474121094,48.65999984741211,4836100,0.0,0.0,0.0
2025-03-12 00:00:00-04:00,48.689998626708984,48.77000045776367,48.529998779296875,48.72999954223633,6623100,0.0,0.0,0.0
2025-03-13 00:00:00-04:00,48.45000076293945,48.59000015258789,48.43000030517578,48.5099983215332,5909200,0.0,0.0,0.0
2025-03-14 00:00:00-04:00,48.84000015258789,48.90999984741211,48.720001220703125,48.90999984741211,4968100,0.0,0.0,0.0
2025-03-17 00:00:00-04:00,49.20000076293945,49.459999084472656,49.119998931884766,49.439998626708984,3974000,0.0,0.0,0.0
2025-03-18 00:00:00-04:00,49.97999954223633,49.97999954223633,49.7599983215332,49.880001068115234,7205300,0.0,0.0,0.0
2025-03-19 00:00:00-04:00,50.45000076293945,50.70000076293945,50.33000183105469,50.61000061035156,10709500,0.0,0.0,0.0
2025-03-20 00:00:00-04:00,50.650001525878906,50.81999969482422,50.529998779296875,50.7599983215332,4600300,0.0,0.0,0.0
2025-03-21 00:00:00-04:00,51.380001068115234,51.52000045776367,51.290000915527344,51.470001220703125,7835900,0.0,0.0,0.0
2025-03-24 00:00:00-04:00,52.06999969482422,52.150001525878906,52.02000045776367,52.119998931884766,5524500,0.0,0.0,0.0
2025-03-25 00:00:00-04:00,51.91999816894531,52.06999969482422,51.709999084472656,52.040000915527344,10997300,0.0,0.0,0.0
2025-03-26 00:00:00-04:00,51.599998474121094,51.65999984741211,51.400001525878906,51.400001525878906,8790500,0.0,0.0,0.0
2025-03-27 00:00:00-04:00,51.83000183105469,51.880001068115234,51.70000076293945,51.790000915527344,4408100,0.0,0.0,0.0
2025-03-28 00:00:00-04:00,51.56999969482422,51.66999816894531,51.22999954223633,51.279998779296875,7358400,0.0,0.0,0.0
2025-03-31 00:00:00-04:00,50.9900016784668,51.52000045776367,50.9900016784668,51.47999954223633,4226200,0.0,0.0,0.0
2025-04-01 00:00:00-04:00,50.86000061035156,51.150001525878906,50.84000015258789,51.04999923706055,4158400,0.0,0.0,0.0
2025-04-02 00:00:00-04:00,51.33000183105469,51.66999816894531,51.31999969482422,51.560001373291016,6192700,0.0,0.0,0.0
2025-04-03 00:00:00-04:00,51.0099983215332,51.36000061035156,51.0099983215332,51.18000030517578,12191000,0.0,0.0,0.0
2025-04-04 00:00:00-04:00,49.70000076293945,49.869998931884766,49.08000183105469,49.189998626708984,14074300,0.0,0.0,0.0
2025-04-07 00:00:00-04:00,48.959999084472656,49.959999084472656,48.66999816894531,49.130001068115234,16810700,0.0,0.0,0.0
2025-04-08 00:00:00-04:00,50.18000030517578,50.18000030517578,48.88999938964844,49.15999984741211,8866900,0.0,0.0,0.0
2025-04-09 00:00:00-04:00,48.900001525878906,51.33000183105469,48.54999923706055,51.220001220703125,25535800,0.0,0.0,0.0
2025-04-10 00:00:00-04:00,50.380001068115234,50.630001068115234,49.720001220703125,50.52000045776367,10303000,0.0,0.0,0.0
2025-04-11 00:00:00-04:00,50.119998931884766,50.790000915527344,50.029998779296875,50.7599983215332,11175600,0.0,0.0,0.0
2025-04-14 00:00:00-04:00,51.369998931884766,51.369998931884766,50.900001525878906,51.029998779296875,5646600,0.0,0.0,0.0
2025-04-15 00:00:00-04:00,51.400001525878906,51.58000183105469,51.029998779296875,51.130001068115234,18598100,0.0,0.0,0.0
2025-04-16 00:00:00-04:00,51.31999969482422,51.630001068115234,51.08000183105469,51.130001068115234,7200500,0.0,0.0,0.0
2025-04-17 00:00:00-04:00,52.04999923706055,52.54999923706055,52.04999923706055,52.2599983215332,9225500,0.0,0.0,0.0
2025-04-21 00:00:00-04:00,53.040000915527344,53.130001068115234,52.709999084472656,53.0,9552000,0.0,0.0,0.0
2025-04-22 00:00:00-04:00,53.45000076293945,53.70000076293945,53.33000183105469,53.5,10236800,0.0,0.0,0.0
2025-04-23 00:00:00-04:00,53.58000183105469,53.58000183105469,53.119998931884766,53.18000030517578,7364000,0.0,0.0,0.0
2025-04-24 00:00:00-04:00,53.2599983215332,53.77000045776367,53.15999984741211,53.7400016784668,4285900,0.0,0.0,0.0
2025-04-25 00:00:00-04:00,52.599998474121094,52.86000061035156,52.599998474121094,52.849998474121094,6679600,0.0,0.0,0.0
2025-04-28 00:00:00-04:00,53.59000015258789,53.619998931884766,53.119998931884766,53.290000915527344,7111400,0.0,0.0,0.0
2025-04-29 00:00:00-04:00,53.400001525878906,53.560001373291016,53.27000045776367,53.540000915527344,4082400,0.0,0.0,0.0
2025-04-30 00:00:00-04:00,53.459999084472656,53.779998779296875,53.290000915527344,53.56999969482422,7088100,0.0,0.0,0.0
2025-05-01 00:00:00-04:00,53.650001525878906,53.720001220703125,53.4900016784668,53.540000915527344,5259300,0.0,0.0,0.0
2025-05-02 00:00:00-04:00,54.040000915527344,54.119998931884766,53.790000915527344,53.90999984741211,4991000,0.0,0.0,0.0
2025-05-05 00:00:00-04:00,54.34000015258789,54.45000076293945,54.279998779296875,54.31999969482422,3341700,0.0,0.0,0.0
2025-05-06 00:00:00-04:00,53.869998931884766,53.91999816894531,53.65999984741211,53.68000030517578,5075800,0.0,0.0,0.0
2025-05-07 00:00:00-04:00,53.540000915527344,53.63999938964844,53.209999084472656,53.220001220703125,10842100,0.0,0.0,0.0
2025-05-08 00:00:00-04:00,52.380001068115234,52.380001068115234,51.25,51.540000915527344,20432100,0.0,0.0,0.0
2025-05-09 00:00:00-04:00,52.68000030517578,52.720001220703125,52.15999984741211,52.38999938964844,12712700,0.0,0.0,0.0
2025-05-12 00:00:00-04:00,54.45000076293945,54.45000076293945,54.08000183105469,54.31999969482422,9393600,0.0,0.0,0.0
2025-05-13 00:00:00-04:00,53.66999816894531,54.130001068115234,53.66999816894531,54.0099983215332,9045900,0.0,0.0,0.0
2025-05-14 00:00:00-04:00,53.88999938964844,54.04999923706055,53.849998474121094,53.970001220703125,9337500,0.0,0.0,0.0
2025-05-15 00:00:00-04:00,54.529998779296875,54.779998779296875,54.5099983215332,54.77000045776367,7618700,0.0,0.0,0.0
2025-05-16 00:00:00-04:00,54.540000915527344,54.70000076293945,54.45000076293945,54.65999984741211,6707100,0.0,0.0,0.0
2025-05-19 00:00:00-04:00,54.5099983215332,54.810001373291016,54.5,54.779998779296875,4610000,0.0,0.0,0.0
2025-05-20 00:00:00-04:00,54.08000183105469,54.18000030517578,54.0099983215332,54.06999969482422,5683300,0.0,0.0,0.0
2025-05-21 00:00:00-04:00,54.18000030517578,54.33000183105469,54.0,54.029998779296875,5471700,0.0,0.0,0.0
2025-05-22 00:00:00-04:00,53.70000076293945,53.86000061035156,53.650001525878906,53.790000915527344,4063800,0.0,0.0,0.0
2025-05-23 00:00:00-04:00,54.29999923706055,54.619998931884766,54.20000076293945,54.58000183105469,7156600,0.0,0.0,0.0
2025-05-27 00:00:00-04:00,54.560001373291016,54.560001373291016,54.38999938964844,54.529998779296875,4000700,0.0,0.0,0.0
2025-05-28 00:00:00-04:00,54.25,54.33000183105469,54.16999816894531,54.290000915527344,5567100,0.0,0.0,0.0
2025-05-29 00:00:00-04:00,54.45000076293945,54.650001525878906,54.400001525878906,54.59000015258789,8197700,0.0,0.0,0.0
2025-05-30 00:00:00-04:00,54.34000015258789,54.40999984741211,54.09000015258789,54.310001373291016,10605800,0.0,0.0,0.0
2025-06-02 00:00:00-04:00,54.380001068115234,54.560001373291016,54.27000045776367,54.540000915527344,5665600,0.0,0.0,0.0
2025-06-03 00:00:00-04:00,53.970001220703125,54.130001068115234,53.880001068115234,53.959999084472656,5410600,0.0,0.0,0.0
2025-06-04 00:00:00-04:00,54.02000045776367,54.04999923706055,53.91999816894531,53.91999816894531,5175200,0.0,0.0,0.0
2025-06-05 00:00:00-04:00,54.279998779296875,54.33000183105469,54.13999938964844,54.18000030517578,3770000,0.0,0.0,0.0
2025-06-06 00:00:00-04:00,54.869998931884766,54.939998626708984,54.810001373291016,54.90999984741211,5718100,0.0,0.0,0.0
2025-06-09 00:00:00-04:00,55.099998474121094,55.31999969482422,55.04999923706055,55.2400016784668,9424800,0.0,0.0,0.0
2025-06-10 00:00:00-04:00,55.22999954223633,55.29999923706055,55.15999984741211,55.2599983215332,6390900,0.0,0.0,0.0
2025-06-11 00:00:00-04:00,55.40999984741211,55.43000030517578,55.2599983215332,55.33000183105469,4050600,0.0,0.0,0.0
2025-06-12 00:00:00-04:00,54.66999816894531,54.83000183105469,54.66999816894531,54.79999923706055,4882300,0.0,0.0,0.0
2025-06-13 00:00:00-04:00,54.08000183105469,54.2599983215332,53.95000076293945,54.040000915527344,6279700,0.0,0.0,0.0
2025-06-16 00:00:00-04:00,54.630001068115234,54.84000015258789,54.5099983215332,54.560001373291016,4772700,0.0,0.0,0.0
2025-06-17 00:00:00-04:00,54.06999969482422,54.150001525878906,53.79999923706055,53.83000183105469,6089100,0.0,0.0,0.0
2025-06-18 00:00:00-04:00,53.86000061035156,53.93000030517578,53.709999084472656,53.790000915527344,4537900,0.0,0.0,0.0
2025-06-20 00:00:00-04:00,54.150001525878906,54.16999816894531,53.900001525878906,53.900001525878906,7134800,0.0,0.0,0.0
2025-06-23 00:00:00-04:00,53.810001373291016,54.310001373291016,53.79999923706055,54.310001373291016,5797900,0.0,0.0,0.0
2025-06-24 00:00:00-04:00,54.58000183105469,54.83000183105469,54.4900016784668,54.79999923706055,8184200,0.0,0.0,0.0
2025-06-25 00:00:00-04:00,54.93000030517578,55.02000045776367,54.84000015258789,55.0,4972300,0.0,0.0,0.0
2025-06-26 00:00:00-04:00,55.61000061035156,55.77000045776367,55.560001373291016,55.709999084472656,5036600,0.0,0.0,0.0
2025-06-27 00:00:00-04:00,55.91999816894531,56.0099983215332,55.81999969482422,55.86000061035156,4846300,0.0,0.0,0.0
2025-06-30 00:00:00-04:00,55.54999923706055,55.709999084472656,55.47999954223633,55.68000030517578,6786600,0.0,0.0,0.0
2025-07-01 00:00:00-04:00,55.75,55.869998931884766,55.72999954223633,55.84000015258789,4273300,0.0,0.0,0.0
2025-07-02 00:00:00-04:00,55.5099983215332,55.630001068115234,55.470001220703125,55.599998474121094,3467700,0.0,0.0,0.0
2025-07-03 00:00:00-04:00,55.66999816894531,55.79999923706055,55.650001525878906,55.790000915527344,2774600,0.0,0.0,0.0
2025-07-07 00:00:00-04:00,55.540000915527344,55.599998474121094,55.290000915527344,55.36000061035156,6250300,0.0,0.0,0.0
2025-07-08 00:00:00-04:00,55.63999938964844,55.720001220703125,55.529998779296875,55.689998626708984,9395800,0.0,0.0,0.0
2025-07-09 00:00:00-04:00,55.58000183105469,55.689998626708984,55.5,55.65999984741211,8153000,0.0,0.0,0.0
2025-07-10 00:00:00-04:00,55.2599983215332,55.29999923706055,55.16999816894531,55.27000045776367,3542300,0.0,0.0,0.0
2025-07-11 00:00:00-04:00,54.95000076293945,54.97999954223633,54.869998931884766,54.880001068115234,5000500,0.0,0.0,0.0
2025-07-14 00:00:00-04:00,54.86000061035156,54.95000076293945,54.810001373291016,54.91999816894531,4182500,0.0,0.0,0.0
2025-07-15 00:00:00-04:00,55.189998626708984,55.209999084472656,54.869998931884766,54.880001068115234,4572800,0.0,0.0,0.0
2025-07-16 00:00:00-04:00,54.97999954223633,55.279998779296875,54.90999984741211,55.27000045776367,6105100,0.0,0.0,0.0
2025-07-17 00:00:00-04:00,54.77000045776367,55.040000915527344,54.720001220703125,55.0099983215332,6059200,0.0,0.0,0.0
2025-07-18 00:00:00-04:00,54.619998931884766,54.709999084472656,54.47999954223633,54.5,8929600,0.0,0.0,0.0
2025-07-21 00:00:00-04:00,54.70000076293945,54.91999816894531,54.63999938964844,54.75,7720700,0.0,0.0,0.0
2025-07-22 00:00:00-04:00,54.47999954223633,54.63999938964844,54.459999084472656,54.61000061035156,4075700,0.0,0.0,0.0
2025-07-23 00:00:00-04:00,54.650001525878906,54.84000015258789,54.619998931884766,54.72999954223633,9413000,0.0,0.0,0.0
2025-07-24 00:00:00-04:00,54.43000030517578,54.439998626708984,54.060001373291016,54.060001373291016,7304700,0.0,0.0,0.0
2025-07-25 00:00:00-04:00,53.709999084472656,53.86000061035156,53.599998474121094,53.79999923706055,5425000,0.0,0.0,0.0
2025-07-28 00:00:00-04:00,53.43000030517578,53.43000030517578,53.18000030517578,53.22999954223633,7839200,0.0,0.0,0.0
2025-07-29 00:00:00-04:00,53.52000045776367,53.540000915527344,53.31999969482422,53.4900016784668,8042200,0.0,0.0,0.0
2025-07-30 00:00:00-04:00,52.83000183105469,52.95000076293945,52.65999984741211,52.70000076293945,9229200,0.0,0.0,0.0
2025-07-31 00:00:00-04:00,52.849998474121094,53.0,52.61000061035156,52.63999938964844,7235700,0.0,0.0,0.0
2025-08-01 00:00:00-04:00,52.72999954223633,52.84000015258789,52.560001373291016,52.720001220703125,7302900,0.0,0.0,0.0
2025-08-04 00:00:00-04:00,52.869998931884766,52.900001525878906,52.36000061035156,52.47999954223633,10072100,0.0,0.0,0.0
2025-08-05 00:00:00-04:00,52.599998474121094,52.650001525878906,52.40999984741211,52.40999984741211,11234200,0.0,0.0,0.0
2025-08-06 00:00:00-04:00,52.43000030517578,52.459999084472656,51.90999984741211,52.2599983215332,12217600,0.0,0.0,0.0
2025-08-07 00:00:00-04:00,52.72999954223633,52.810001373291016,52.439998626708984,52.529998779296875,5790400,0.0,0.0,0.0
2025-08-08 00:00:00-04:00,52.040000915527344,52.15999984741211,51.95000076293945,52.119998931884766,4584600,0.0,0.0,0.0
2025-08-11 00:00:00-04:00,52.310001373291016,52.400001525878906,52.209999084472656,52.27000045776367,3890200,0.0,0.0,0.0
2025-08-12 00:00:00-04:00,52.2599983215332,52.529998779296875,52.20000076293945,52.470001220703125,8487200,0.0,0.0,0.0
2025-08-13 00:00:00-04:00,52.630001068115234,52.77000045776367,52.61000061035156,52.709999084472656,5237400,0.0,0.0,0.0
2025-08-14 00:00:00-04:00,52.369998931884766,52.459999084472656,52.2599983215332,52.40999984741211,4455900,0.0,0.0,0.0
2025-08-15 00:00:00-04:00,52.689998626708984,52.75,52.529998779296875,52.709999084472656,5118200,0.0,0.0,0.0
2025-08-18 00:00:00-04:00,53.22999954223633,53.540000915527344,53.22999954223633,53.5,9368100,0.0,0.0,0.0
2025-08-19 00:00:00-04:00,53.70000076293945,53.720001220703125,53.59000015258789,53.650001525878906,5349200,0.0,0.0,0.0
2025-08-20 00:00:00-04:00,53.880001068115234,53.900001525878906,53.709999084472656,53.79999923706055,4664500,0.0,0.0,0.0
2025-08-21 00:00:00-04:00,53.650001525878906,53.65999984741211,53.470001220703125,53.56999969482422,8982200,0.0,0.0,0.0
2025-08-22 00:00:00-04:00,53.2599983215332,54.09000015258789,53.2400016784668,53.58000183105469,5811000,0.0,0.0,0.0
2025-08-25 00:00:00-04:00,53.41999816894531,53.47999954223633,53.209999084472656,53.22999954223633,3967700,0.0,0.0,0.0
2025-08-26 00:00:00-04:00,52.58000183105469,52.650001525878906,52.5099983215332,52.54999923706055,6591000,0.0,0.0,0.0
2025-08-27 00:00:00-04:00,52.43000030517578,52.70000076293945,52.40999984741211,52.68000030517578,5421400,0.0,0.0,0.0
2025-08-28 00:00:00-04:00,52.439998626708984,52.599998474121094,52.40999984741211,52.540000915527344,4135900,0.0,0.0,0.0
2025-08-29 00:00:00-04:00,52.0,52.0099983215332,51.83000183105469,51.97999954223633,4761600,0.0,0.0,0.0
2025-09-02 00:00:00-04:00,52.11000061035156,52.400001525878906,52.099998474121094,52.349998474121094,5577800,0.0,0.0,0.0
2025-09-03 00:00:00-04:00,52.619998931884766,52.650001525878906,52.5099983215332,52.619998931884766,3445100,0.0,0.0,0.0
2025-09-04 00:00:00-04:00,52.529998779296875,52.59000015258789,52.380001068115234,52.59000015258789,5415600,0.0,0.0,0.0
2025-09-05 00:00:00-04:00,52.65999984741211,52.709999084472656,52.40999984741211,52.47999954223633,6731300,0.0,0.0,0.0
2025-09-08 00:00:00-04:00,52.779998779296875,52.939998626708984,52.7599983215332,52.88999938964844,6514200,0.0,0.0,0.0
2025-09-09 00:00:00-04:00,52.81999969482422,52.869998931884766,52.689998626708984,52.709999084472656,3565400,0.0,0.0,0.0
2025-09-10 00:00:00-04:00,53.04999923706055,53.2400016784668,53.029998779296875,53.15999984741211,3296300,0.0,0.0,0.0
2025-09-11 00:00:00-04:00,53.040000915527344,53.2599983215332,53.040000915527344,53.2400016784668,4038400,0.0,0.0,0.0
2025-09-12 00:00:00-04:00,53.31999969482422,53.33000183105469,53.119998931884766,53.150001525878906,2154600,0.0,0.0,0.0
2025-09-15 00:00:00-04:00,53.369998931884766,53.45000076293945,53.33000183105469,53.43000030517578,4749100,0.0,0.0,0.0
2025-09-16 00:00:00-04:00,53.72999954223633,53.880001068115234,53.65999984741211,53.869998931884766,4539300,0.0,0.0,0.0
2025-09-17 00:00:00-04:00,54.0,54.45000076293945,54.0,54.02000045776367,6512900,0.0,0.0,0.0
2025-09-18 00:00:00-04:00,53.88999938964844,53.88999938964844,53.65999984741211,53.7400016784668,4096300,0.0,0.0,0.0
2025-09-19 00:00:00-04:00,53.93000030517578,54.0,53.790000915527344,53.939998626708984,4074000,0.0,0.0,0.0
2025-09-22 00:00:00-04:00,53.63999938964844,53.650001525878906,53.5,53.5,2611500,0.0,0.0,0.0
2025-09-23 00:00:00-04:00,53.209999084472656,53.22999954223633,53.029998779296875,53.060001373291016,3227600,0.0,0.0,0.0
2025-09-24 00:00:00-04:00,52.88999938964844,52.88999938964844,52.65999984741211,52.7400016784668,4014400,0.0,0.0,0.0
2025-09-25 00:00:00-04:00,52.470001220703125,52.61000061035156,52.38999938964844,52.4900016784668,3475200,0.0,0.0,0.0
2025-09-26 00:00:00-04:00,52.13999938964844,52.290000915527344,52.060001373291016,52.25,4485700,0.0,0.0,0.0
2025-09-29 00:00:00-04:00,52.209999084472656,52.25,52.08000183105469,52.15999984741211,4562600,0.0,0.0,0.0
2025-09-30 00:00:00-04:00,52.04999923706055,52.11000061035156,51.97999954223633,52.060001373291016,3488300,0.0,0.0,0.0
2025-10-01 00:00:00-04:00,52.459999084472656,52.63999938964844,52.380001068115234,52.38999938964844,4114900,0.0,0.0,0.0
2025-10-02 00:00:00-04:00,52.459999084472656,52.459999084472656,52.13999938964844,52.29999923706055,4429000,0.0,0.0,0.0
2025-10-03 00:00:00-04:00,52.47999954223633,52.5099983215332,52.0,52.45000076293945,2969700,0.0,0.0,0.0
2025-10-06 00:00:00-04:00,52.79999923706055,52.83000183105469,52.689998626708984,52.7599983215332,2792800,0.0,0.0,0.0
2025-10-07 00:00:00-04:00,52.970001220703125,52.970001220703125,52.849998474121094,52.880001068115234,3105000,0.0,0.0,0.0
2025-10-08 00:00:00-04:00,52.63999938964844,52.689998626708984,52.59000015258789,52.630001068115234,2526000,0.0,0.0,0.0
2025-10-09 00:00:00-04:00,52.93000030517578,52.97999954223633,52.7400016784668,52.810001373291016,3259500,0.0,0.0,0.0
2025-10-10 00:00:00-04:00,53.29999923706055,53.380001068115234,52.75,52.77000045776367,8108600,0.0,0.0,0.0
2025-10-13 00:00:00-04:00,53.0,53.060001373291016,52.86000061035156,52.970001220703125,4819600,0.0,0.0,0.0
2025-10-14 00:00:00-04:00,52.7400016784668,52.900001525878906,52.599998474121094,52.779998779296875,3342600,0.0,0.0,0.0
2025-10-15 00:00:00-04:00,53.540000915527344,53.790000915527344,53.470001220703125,53.7599983215332,8336400,0.0,0.0,0.0
2025-10-16 00:00:00-04:00,54.11000061035156,54.59000015258789,53.939998626708984,54.06999969482422,5871800,0.0,0.0,0.0
2025-10-17 00:00:00-04:00,54.27000045776367,54.529998779296875,54.25,54.45000076293945,4582900,0.0,0.0,0.0
2025-10-20 00:00:00-04:00,54.529998779296875,54.77000045776367,54.529998779296875,54.7400016784668,8176700,0.0,0.0,0.0
2025-10-21 00:00:00-04:00,54.47999954223633,54.59000015258789,54.400001525878906,54.47999954223633,3190600,0.0,0.0,0.0
2025-10-22 00:00:00-04:00,55.369998931884766,55.5,55.130001068115234,55.290000915527344,10304600,0.0,0.0,0.0
2025-10-23 00:00:00-04:00,54.63999938964844,54.81999969482422,54.619998931884766,54.7599983215332,5730200,0.0,0.0,0.0
2025-10-24 00:00:00-04:00,54.59000015258789,54.61000061035156,54.4900016784668,54.5099983215332,5883200,0.0,0.0,0.0
2025-10-27 00:00:00-04:00,54.709999084472656,54.75,54.61000061035156,54.720001220703125,5337000,0.0,0.0,0.0
2025-10-28 00:00:00-04:00,54.5,54.66999816894531,54.40999984741211,54.540000915527344,4264000,0.0,0.0,0.0
2025-10-29 00:00:00-04:00,54.880001068115234,54.91999816894531,54.47999954223633,54.61000061035156,8390900,0.0,0.0,0.0
2025-10-30 00:00:00-04:00,54.29999923706055,54.459999084472656,54.220001220703125,54.27000045776367,5083400,0.0,0.0,0.0
2025-10-31 00:00:00-04:00,54.08000183105469,54.11000061035156,53.869998931884766,53.970001220703125,5978800,0.0,0.0,0.0
2025-11-03 00:00:00-05:00,54.31999969482422,54.33000183105469,54.11000061035156,54.2400016784668,3545100,0.0,0.0,0.0
2025-11-04 00:00:00-05:00,53.97999954223633,54.15999984741211,53.88999938964844,54.02000045776367,6828000,0.0,0.0,0.0
2025-11-05 00:00:00-05:00,53.9900016784668,54.369998931884766,53.9900016784668,54.29999923706055,4193900,0.0,0.0,0.0
2025-11-06 00:00:00-05:00,53.869998931884766,53.880001068115234,53.5,53.619998931884766,6626000,0.0,0.0,0.0
2025-11-07 00:00:00-05:00,53.720001220703125,53.77000045776367,53.47999954223633,53.75,4373000,0.0,0.0,0.0
2025-11-10 00:00:00-05:00,53.959999084472656,54.189998626708984,53.93000030517578,54.150001525878906,4661500,0.0,0.0,0.0
2025-11-11 00:00:00-05:00,54.41999816894531,54.84000015258789,54.41999816894531,54.7400016784668,6611100,0.0,0.0,0.0
2025-11-12 00:00:00-05:00,54.5099983215332,54.58000183105469,54.349998474121094,54.560001373291016,4417300,0.0,0.0,0.0
2025-11-13 00:00:00-05:00,54.41999816894531,54.459999084472656,54.130001068115234,54.20000076293945,6434400,0.0,0.0,0.0
2025-11-14 00:00:00-05:00,54.400001525878906,54.7400016784668,54.34000015258789,54.619998931884766,7468300,0.0,0.0,0.0
2025-11-17 00:00:00-05:00,54.77000045776367,54.88999938964844,54.599998474121094,54.650001525878906,3813800,0.0,0.0,0.0
2025-11-18 00:00:00-05:00,54.34000015258789,54.709999084472656,54.34000015258789,54.61000061035156,5360900,0.0,0.0,0.0
2025-11-19 00:00:00-05:00,54.779998779296875,55.02000045776367,54.75,54.83000183105469,3990800,0.0,0.0,0.0
2025-11-20 00:00:00-05:00,55.040000915527344,55.099998474121094,54.63999938964844,54.720001220703125,6950000,0.0,0.0,0.0
2025-11-21 00:00:00-05:00,54.04999923706055,54.279998779296875,53.939998626708984,54.209999084472656,5518200,0.0,0.0,0.0
2025-11-24 00:00:00-05:00,54.06999969482422,54.310001373291016,54.06999969482422,54.220001220703125,6743000,0.0,0.0,0.0
2025-11-25 00:00:00-05:00,54.0,54.279998779296875,53.970001220703125,54.279998779296875,4827600,0.0,0.0,0.0
2025-11-26 00:00:00-05:00,54.54999923706055,54.689998626708984,54.5,54.66999816894531,4585600,0.0,0.0,0.0
2025-11-28 00:00:00-05:00,54.61000061035156,54.83000183105469,54.560001373291016,54.709999084472656,3992700,0.0,0.0,0.0
2025-12-01 00:00:00-05:00,54.380001068115234,54.45000076293945,54.130001068115234,54.33000183105469,3578600,0.0,0.0,0.0
2025-12-02 00:00:00-05:00,53.97999954223633,54.0099983215332,53.79999923706055,53.880001068115234,5965800,0.0,0.0,0.0
2025-12-03 00:00:00-05:00,53.5099983215332,53.599998474121094,53.310001373291016,53.40999984741211,7367500,0.0,0.0,0.0
2025-12-04 00:00:00-05:00,53.779998779296875,53.849998474121094,53.650001525878906,53.7599983215332,4570900,0.0,0.0,0.0
2025-12-05 00:00:00-05:00,54.060001373291016,54.06999969482422,53.91999816894531,53.970001220703125,3027600,0.0,0.0,0.0
2025-12-08 00:00:00-05:00,53.33000183105469,53.459999084472656,53.0099983215332,53.08000183105469,4126300,0.0,0.0,0.0
2025-12-09 00:00:00-05:00,53.13999938964844,53.36000061035156,53.13999938964844,53.27000045776367,5697000,0.0,0.0,0.0
2025-12-10 00:00:00-05:00,53.22999954223633,53.43000030517578,53.18000030517578,53.36000061035156,4774000,0.0,0.0,0.0
2025-12-11 00:00:00-05:00,53.380001068115234,53.66999816894531,53.31999969482422,53.56999969482422,7105600,0.0,0.0,0.0
2025-12-12 00:00:00-05:00,53.369998931884766,53.43000030517578,53.02000045776367,53.13999938964844,6546600,0.0,0.0,0.0
2025-12-15 00:00:00-05:00,53.189998626708984,53.290000915527344,53.099998474121094,53.099998474121094,3824500,0.0,0.0,0.0
2025-12-16 00:00:00-05:00,52.869998931884766,53.0,52.810001373291016,52.95000076293945,5656900,0.0,0.0,0.0
2025-12-17 00:00:00-05:00,53.08000183105469,53.150001525878906,52.939998626708984,52.970001220703125,4459500,0.0,0.0,0.0
2025-12-18 00:00:00-05:00,53.2599983215332,53.439998626708984,53.2400016784668,53.279998779296875,5141500,0.0,0.0,0.0
2025-12-19 00:00:00-05:00,53.900001525878906,54.599998474121094,53.900001525878906,54.150001525878906,13323200,0.0,0.0,0.0
2025-12-22 00:00:00-05:00,54.22999954223633,54.2400016784668,54.150001525878906,54.189998626708984,5815500,0.0,0.0,0.0
2025-12-23 00:00:00-05:00,54.119998931884766,54.470001220703125,54.11000061035156,54.470001220703125,5630300,0.0,0.0,0.0
2025-12-24 00:00:00-05:00,54.099998474121094,54.130001068115234,53.95000076293945,54.0099983215332,2395700,0.0,0.0,0.0
2025-12-26 00:00:00-05:00,53.939998626708984,53.939998626708984,53.75,53.84000015258789,4005600,0.0,0.0,0.0
2025-12-29 00:00:00-05:00,53.529998779296875,53.54999923706055,53.40999984741211,53.470001220703125,5717800,0.0,0.0,0.0
2025-12-30 00:00:00-05:00,53.58000183105469,53.709999084472656,53.58000183105469,53.63999938964844,5833600,0.0,0.0,0.0
2025-12-31 00:00:00-05:00,53.91999816894531,54.099998474121094,53.91999816894531,54.04999923706055,3769800,0.0,0.0,0.0
2026-01-02 00:00:00-05:00,54.58000183105469,54.58000183105469,54.33000183105469,54.560001373291016,5930000,0.0,0.0,0.0
2026-01-05 00:00:00-05:00,54.18000030517578,54.34000015258789,54.08000183105469,54.290000915527344,4914100,0.0,0.0,0.0
2026-01-06 00:00:00-05:00,54.150001525878906,54.290000915527344,54.040000915527344,54.08000183105469,5370400,0.0,0.0,0.0
2026-01-07 00:00:00-05:00,54.290000915527344,54.36000061035156,54.15999984741211,54.20000076293945,3714300,0.0,0.0,0.0
2026-01-08 00:00:00-05:00,53.66999816894531,53.7400016784668,53.58000183105469,53.720001220703125,5751500,0.0,0.0,0.0
2026-01-09 00:00:00-05:00,53.27000045776367,53.29999923706055,53.02000045776367,53.18000030517578,6544900,0.0,0.0,0.0
2026-01-12 00:00:00-05:00,53.18000030517578,53.470001220703125,53.18000030517578,53.400001525878906,5252300,0.0,0.0,0.0
2026-01-13 00:00:00-05:00,53.130001068115234,53.150001525878906,52.939998626708984,53.040000915527344,5588500,0.0,0.0,0.0
2026-01-14 00:00:00-05:00,53.02000045776367,53.25,52.9900016784668,53.25,8128000,0.0,0.0,0.0
2026-01-15 00:00:00-05:00,53.16999816894531,53.2599983215332,53.06999969482422,53.220001220703125,4989000,0.0,0.0,0.0
2026-01-16 00:00:00-05:00,52.86000061035156,52.880001068115234,52.68000030517578,52.849998474121094,6317300,0.0,0.0,0.0
2026-01-20 00:00:00-05:00,51.93000030517578,51.970001220703125,51.720001220703125,51.72999954223633,8498700,0.0,0.0,0.0
2026-01-21 00:00:00-05:00,51.29999923706055,51.599998474121094,51.290000915527344,51.54999923706055,10145600,0.0,0.0,0.0
2026-01-22 00:00:00-05:00,51.720001220703125,51.880001068115234,51.65999984741211,51.79999923706055,6359500,0.0,0.0,0.0
2026-01-23 00:00:00-05:00,51.060001373291016,51.279998779296875,50.939998626708984,51.2400016784668,5884800,0.0,0.0,0.0
2026-01-26 00:00:00-05:00,51.25,51.540000915527344,51.25,51.439998626708984,5343000,0.0,0.0,0.0
2026-01-27 00:00:00-05:00,51.66999816894531,51.880001068115234,51.59000015258789,51.689998626708984,9003700,0.0,0.0,0.0
2026-01-28 00:00:00-05:00,51.47999954223633,51.529998779296875,51.2599983215332,51.4900016784668,7146100,0.0,0.0,0.0
2026-01-29 00:00:00-05:00,51.790000915527344,51.79999923706055,51.290000915527344,51.61000061035156,7128300,0.0,0.0,0.0
2026-01-30 00:00:00-05:00,51.720001220703125,52.2599983215332,51.45000076293945,51.7400016784668,7651900,0.0,0.0,0.0
2026-02-02 00:00:00-05:00,51.25,53.790000915527344,51.189998626708984,53.279998779296875,30890600,0.0,0.0,0.0
2026-02-03 00:00:00-05:00,53.5099983215332,53.59000015258789,52.95000076293945,53.150001525878906,16477000,0.0,0.0,0.0
2026-02-04 00:00:00-05:00,53.25,53.439998626708984,53.060001373291016,53.439998626708984,13915300,0.0,0.0,0.0
2026-02-05 00:00:00-05:00,53.06999969482422,53.20000076293945,52.91999816894531,52.95000076293945,8427500,0.0,0.0,0.0
2026-02-06 00:00:00-05:00,53.0099983215332,53.33000183105469,52.970001220703125,53.279998779296875,6774000,0.0,0.0,0.0
2026-02-09 00:00:00-05:00,53.29999923706055,53.5099983215332,53.279998779296875,53.439998626708984,3804600,0.0,0.0,0.0
2026-02-10 00:00:00-05:00,53.58000183105469,53.810001373291016,53.560001373291016,53.7400016784668,8443200,0.0,0.0,0.0
2026-02-11 00:00:00-05:00,53.540000915527344,53.68000030517578,53.349998474121094,53.529998779296875,7719800,0.0,0.0,0.0
2026-02-12 00:00:00-05:00,53.380001068115234,53.5099983215332,53.04999923706055,53.11000061035156,6720700,0.0,0.0,0.0
2026-02-13 00:00:00-05:00,52.70000076293945,52.91999816894531,52.58000183105469,52.88999938964844,8885500,0.0,0.0,0.0
2026-02-17 00:00:00-05:00,53.04999923706055,53.290000915527344,52.959999084472656,53.27000045776367,5935500,0.0,0.0,0.0
2026-02-18 00:00:00-05:00,53.22999954223633,53.470001220703125,53.20000076293945,53.31999969482422,4925200,0.0,0.0,0.0
2026-02-19 00:00:00-05:00,52.2599983215332,52.36000061035156,52.11000061035156,52.29999923706055,5777600,0.0,0.0,0.0
2026-02-20 00:00:00-05:00,52.70000076293945,53.470001220703125,52.630001068115234,53.41999816894531,12652200,0.0,0.0,0.0
2026-02-23 00:00:00-05:00,52.880001068115234,53.0099983215332,52.54999923706055,52.61000061035156,7613800,0.0,0.0,0.0
2026-02-24 00:00:00-05:00,52.630001068115234,52.880001068115234,52.630001068115234,52.66999816894531,7227300,0.0,0.0,0.0
2026-02-25 00:00:00-05:00,52.900001525878906,52.939998626708984,52.59000015258789,52.7400016784668,4801300,0.0,0.0,0.0
2026-02-26 00:00:00-05:00,52.7400016784668,52.84000015258789,52.459999084472656,52.58000183105469,7700400,0.0,0.0,0.0
2026-02-27 00:00:00-05:00,52.11000061035156,52.31999969482422,52.029998779296875,52.27000045776367,6836900,0.0,0.0,0.0
2026-03-02 00:00:00-05:00,50.970001220703125,51.2599983215332,50.90999984741211,50.95000076293945,12553200,0.0,0.0,0.0
2026-03-03 00:00:00-05:00,49.66999816894531,50.310001373291016,49.04999923706055,50.220001220703125,23130100,0.0,0.0,0.0
2026-03-04 00:00:00-05:00,50.22999954223633,50.36000061035156,50.0099983215332,50.27000045776367,9799100,0.0,0.0,0.0
2026-03-05 00:00:00-05:00,50.470001220703125,50.54999923706055,49.75,50.369998931884766,14965900,0.0,0.0,0.0
2026-03-06 00:00:00-05:00,49.970001220703125,50.15999984741211,49.810001373291016,49.9900016784668,17396400,0.0,0.0,0.0
2026-03-09 00:00:00-04:00,49.22999954223633,50.2599983215332,49.0099983215332,49.97999954223633,13332800,0.0,0.0,0.0
2026-03-10 00:00:00-04:00,50.040000915527344,50.5099983215332,49.869998931884766,49.93000030517578,12692100,0.0,0.0,0.0
2026-03-11 00:00:00-04:00,49.400001525878906,49.619998931884766,49.209999084472656,49.27000045776367,9911100,0.0,0.0,0.0
2026-03-12 00:00:00-04:00,48.97999954223633,48.9900016784668,48.40999984741211,48.52000045776367,14226400,0.0,0.0,0.0
2026-03-13 00:00:00-04:00,48.25,48.5,47.91999816894531,48.060001373291016,12567800,0.0,0.0,0.0
2026-03-16 00:00:00-04:00,48.529998779296875,48.68000030517578,48.380001068115234,48.560001373291016,10247500,0.0,0.0,0.0
2026-03-17 00:00:00-04:00,48.65999984741211,48.790000915527344,48.5,48.52000045776367,6081400,0.0,0.0,0.0
2026-03-18 00:00:00-04:00,48.20000076293945,48.41999816894531,47.650001525878906,47.720001220703125,8916300,0.0,0.0,0.0
2026-03-19 00:00:00-04:00,47.13999938964844,47.66999816894531,46.97999954223633,47.52000045776367,13015900,0.0,0.0,0.0
2026-03-20 00:00:00-04:00,47.29999923706055,47.38999938964844,46.540000915527344,46.59000015258789,14484500,0.0,0.0,0.0
2026-03-23 00:00:00-04:00,47.52000045776367,48.209999084472656,47.36000061035156,47.630001068115234,17894200,0.0,0.0,0.0
2026-03-24 00:00:00-04:00,46.5099983215332,46.7400016784668,46.2599983215332,46.38999938964844,10564800,0.0,0.0,0.0
2026-03-25 00:00:00-04:00,47.349998474121094,47.61000061035156,47.2400016784668,47.41999816894531,10465300,0.0,0.0,0.0
2026-03-26 00:00:00-04:00,47.0,47.310001373291016,46.599998474121094,46.61000061035156,6864600,0.0,0.0,0.0
2026-03-27 00:00:00-04:00,46.09000015258789,46.11000061035156,45.709999084472656,45.81999969482422,7911300,0.0,0.0,0.0
2026-03-30 00:00:00-04:00,45.41999816894531,45.650001525878906,45.209999084472656,45.41999816894531,12012400,0.0,0.0,0.0
2026-03-31 00:00:00-04:00,45.959999084472656,46.84000015258789,45.810001373291016,46.84000015258789,8922100,0.0,0.0,0.0
2026-04-01 00:00:00-04:00,46.599998474121094,47.02000045776367,46.45000076293945,46.709999084472656,13685400,0.0,0.0,0.0
2026-04-02 00:00:00-04:00,46.36000061035156,46.93000030517578,46.310001373291016,46.650001525878906,9115400,0.0,0.0,0.0
2026-04-06 00:00:00-04:00,47.150001525878906,47.38999938964844,47.11000061035156,47.25,6134200,0.0,0.0,0.0
2026-04-07 00:00:00-04:00,47.349998474121094,47.40999984741211,47.040000915527344,47.36000061035156,7425500,0.0,0.0,0.0
2026-04-08 00:00:00-04:00,49.81999969482422,49.90999984741211,49.040000915527344,49.27000045776367,16449000,0.0,0.0,0.0
2026-04-09 00:00:00-04:00,49.15999984741211,49.470001220703125,48.95000076293945,49.06999969482422,14452000,0.0,0.0,0.0
2026-04-10 00:00:00-04:00,49.5,49.599998474121094,49.25,49.34000015258789,6164100,0.0,0.0,0.0
2026-04-13 00:00:00-04:00,48.86000061035156,49.40999984741211,48.79999923706055,49.349998474121094,9038300,0.0,0.0,0.0
2026-04-14 00:00:00-04:00,49.68000030517578,49.900001525878906,49.650001525878906,49.70000076293945,5064900,0.0,0.0,0.0
2026-04-15 00:00:00-04:00,49.75,49.9900016784668,49.619998931884766,49.97999954223633,5616100,0.0,0.0,0.0
2026-04-16 00:00:00-04:00,49.7400016784668,50.130001068115234,49.72999954223633,50.0,5555300,0.0,0.0,0.0
2026-04-17 00:00:00-04:00,51.099998474121094,51.650001525878906,51.099998474121094,51.279998779296875,9231000,0.0,0.0,0.0
2026-04-20 00:00:00-04:00,50.369998931884766,50.619998931884766,50.36000061035156,50.529998779296875,7208900,0.0,0.0,0.0
2026-04-21 00:00:00-04:00,50.400001525878906,50.459999084472656,49.79999923706055,49.79999923706055,9955500,0.0,0.0,0.0
2026-04-22 00:00:00-04:00,50.060001373291016,50.150001525878906,49.880001068115234,49.97999954223633,5765800,0.0,0.0,0.0
2026-04-23 00:00:00-04:00,49.66999816894531,50.13999938964844,49.11000061035156,49.40999984741211,6991300,0.0,0.0,0.0
2026-04-24 00:00:00-04:00,49.279998779296875,49.58000183105469,49.189998626708984,49.58000183105469,6941400,0.0,0.0,0.0
2026-04-27 00:00:00-04:00,49.45000076293945,49.540000915527344,49.36000061035156,49.380001068115234,3825200,0.0,0.0,0.0
2026-04-28 00:00:00-04:00,49.060001373291016,49.25,48.939998626708984,49.22999954223633,6351300,0.0,0.0,0.0
2026-04-29 00:00:00-04:00,49.119998931884766,49.220001220703125,48.86000061035156,49.029998779296875,3819300,0.0,0.0,0.0
2026-04-30 00:00:00-04:00,49.060001373291016,49.4900016784668,48.97999954223633,49.41999816894531,4896900,0.0,0.0,0.0
2026-05-01 00:00:00-04:00,49.16999816894531,49.439998626708984,49.099998474121094,49.119998931884766,4534400,0.0,0.0,0.0
2026-05-04 00:00:00-04:00,48.779998779296875,49.02000045776367,48.4900016784668,48.630001068115234,5245300,0.0,0.0,0.0
2026-05-05 00:00:00-04:00,49.04999923706055,49.20000076293945,48.970001220703125,49.15999984741211,3880200,0.0,0.0,0.0
2026-05-06 00:00:00-04:00,49.77000045776367,50.13999938964844,49.720001220703125,50.029998779296875,5740900,0.0,0.0,0.0
2026-05-07 00:00:00-04:00,50.279998779296875,50.29999923706055,49.720001220703125,49.81999969482422,4898400,0.0,0.0,0.0
2026-05-08 00:00:00-04:00,49.779998779296875,49.880001068115234,49.66999816894531,49.84000015258789,4003100,0.0,0.0,0.0
2026-05-11 00:00:00-04:00,48.7400016784668,48.900001525878906,48.41999816894531,48.41999816894531,6856100,0.0,0.0,0.0
2026-05-12 00:00:00-04:00,47.59000015258789,47.63999938964844,47.29999923706055,47.52000045776367,9055000,0.0,0.0,0.0
2026-05-13 00:00:00-04:00,47.70000076293945,48.029998779296875,47.63999938964844,47.97999954223633,9073900,0.0,0.0,0.0
2026-05-14 00:00:00-04:00,48.18000030517578,48.459999084472656,48.099998474121094,48.36000061035156,7165900,0.0,0.0,0.0
2026-05-15 00:00:00-04:00,48.060001373291016,48.130001068115234,47.88999938964844,47.9900016784668,4064600,0.0,0.0,0.0
2026-05-18 00:00:00-04:00,47.90999984741211,48.0,47.540000915527344,47.84000015258789,3783600,0.0,0.0,0.0
2026-05-19 00:00:00-04:00,47.16999816894531,47.459999084472656,47.130001068115234,47.27000045776367,5910200,0.0,0.0,0.0
2026-05-20 00:00:00-04:00,47.5,48.209999084472656,47.290000915527344,48.02000045776367,12428500,0.0,0.0,0.0
2026-05-21 00:00:00-04:00,47.54999923706055,48.209999084472656,47.43000030517578,48.029998779296875,6846600,0.0,0.0,0.0
2026-05-22 00:00:00-04:00,48.529998779296875,48.61000061035156,48.349998474121094,48.38999938964844,4377200,0.0,0.0,0.0
2026-05-26 00:00:00-04:00,48.709999084472656,48.79999923706055,48.47999954223633,48.54999923706055,5168800,0.0,0.0,0.0
2026-05-27 00:00:00-04:00,48.689998626708984,48.880001068115234,48.47999954223633,48.54999923706055,4396200,0.0,0.0,0.0
2026-05-28 00:00:00-04:00,48.09000015258789,48.720001220703125,48.029998779296875,48.689998626708984,7266100,0.0,0.0,0.0
2026-05-29 00:00:00-04:00,48.7599983215332,48.83000183105469,48.5099983215332,48.560001373291016,10205900,0.0,0.0,0.0
2026-06-01 00:00:00-04:00,47.810001373291016,48.099998474121094,47.720001220703125,47.9900016784668,6386400,0.0,0.0,0.0
2026-06-02 00:00:00-04:00,48.040000915527344,48.20000076293945,47.939998626708984,48.029998779296875,3845100,0.0,0.0,0.0
2026-06-03 00:00:00-04:00,47.79999923706055,47.86000061035156,47.27000045776367,47.36000061035156,6443400,0.0,0.0,0.0
2026-06-04 00:00:00-04:00,47.97999954223633,48.09000015258789,47.90999984741211,48.02000045776367,3636000,0.0,0.0,0.0
2026-06-05 00:00:00-04:00,48.0099983215332,48.029998779296875,47.209999084472656,47.34000015258789,9482000,0.0,0.0,0.0
2026-06-08 00:00:00-04:00,47.43000030517578,47.47999954223633,47.16999816894531,47.209999084472656,4555500,0.0,0.0,0.0
2026-06-09 00:00:00-04:00,47.83000183105469,47.95000076293945,47.25,47.540000915527344,12114900,0.0,0.0,0.0
2026-06-10 00:00:00-04:00,47.58000183105469,47.849998474121094,47.279998779296875,47.29999923706055,8160500,0.0,0.0,0.0
2026-06-11 00:00:00-04:00,47.04999923706055,47.790000915527344,46.90999984741211,47.790000915527344,8260700,0.0,0.0,0.0
2026-06-12 00:00:00-04:00,48.380001068115234,48.54999923706055,48.209999084472656,48.33000183105469,8014400,0.0,0.0,0.0
2026-06-15 00:00:00-04:00,49.310001373291016,49.41999816894531,49.25,49.2599983215332,9758000,0.0,0.0,0.0
2026-06-16 00:00:00-04:00,49.380001068115234,49.52000045776367,49.33000183105469,49.40999984741211,7935900,0.0,0.0,0.0
2026-06-17 00:00:00-04:00,49.65999984741211,49.7400016784668,48.97999954223633,49.060001373291016,11245100,0.0,0.0,0.0
2026-06-18 00:00:00-04:00,49.84000015258789,49.869998931884766,49.4900016784668,49.58000183105469,5026100,0.0,0.0,0.0
2026-06-22 00:00:00-04:00,49.70000076293945,50.02000045776367,49.68000030517578,49.91999816894531,6300800,0.0,0.0,0.0
2026-06-23 00:00:00-04:00,49.060001373291016,49.22999954223633,49.04999923706055,49.06999969482422,6169900,0.0,0.0,0.0
2026-06-24 00:00:00-04:00,49.65999984741211,49.72999954223633,49.459999084472656,49.630001068115234,8565900,0.0,0.0,0.0
2026-06-25 00:00:00-04:00,49.529998779296875,49.650001525878906,49.400001525878906,49.43000030517578,5877500,0.0,0.0,0.0
2026-06-26 00:00:00-04:00,49.369998931884766,49.65999984741211,49.369998931884766,49.560001373291016,4462800,0.0,0.0,0.0
2026-06-29 00:00:00-04:00,49.099998474121094,49.2400016784668,48.9900016784668,49.18000030517578,5352700,0.0,0.0,0.0
2026-06-30 00:00:00-04:00,49.22999954223633,49.400001525878906,49.20000076293945,49.38999938964844,3939500,0.0,0.0,0.0
2026-07-01 00:00:00-04:00,49.0,49.33000183105469,49.0,49.209999084472656,4520500,0.0,0.0,0.0
2026-07-02 00:00:00-04:00,49.45000076293945,49.61000061035156,49.400001525878906,49.560001373291016,3649600,0.0,0.0,0.0
2026-07-06 00:00:00-04:00,49.56999969482422,49.93000030517578,49.52000045776367,49.880001068115234,6255600,0.0,0.0,0.0
2026-07-07 00:00:00-04:00,49.63999938964844,49.709999084472656,49.279998779296875,49.33000183105469,7892400,0.0,0.0,0.0
2026-07-08 00:00:00-04:00,48.650001525878906,48.72999954223633,48.41999816894531,48.650001525878906,4930700,0.0,0.0,0.0
2026-07-09 00:00:00-04:00,48.88999938964844,49.11000061035156,48.810001373291016,49.02000045776367,5272500,0.0,0.0,0.0
2026-07-10 00:00:00-04:00,49.380001068115234,49.41999816894531,49.15999984741211,49.29999923706055,3270300,0.0,0.0,0.0
2026-07-13 00:00:00-04:00,49.119998931884766,49.150001525878906,48.720001220703125,48.790000915527344,5523000,0.0,0.0,0.0
2026-07-14 00:00:00-04:00,48.65999984741211,48.83000183105469,48.54999923706055,48.72999954223633,4363700,0.0,0.0,0.0
2026-07-15 00:00:00-04:00,48.65999984741211,48.849998474121094,48.599998474121094,48.720001220703125,5520100,0.0,0.0,0.0
2026-07-16 00:00:00-04:00,48.56999969482422,48.779998779296875,48.52000045776367,48.689998626708984,3018100,0.0,0.0,0.0
2026-07-17 00:00:00-04:00,48.93000030517578,49.09000015258789,48.81999969482422,48.90999984741211,5864300,0.0,0.0,0.0
2026-07-20 00:00:00-04:00,48.939998626708984,48.95000076293945,48.540000915527344,48.54999923706055,5491900,0.0,0.0,0.0
2026-07-21 00:00:00-04:00,48.849998474121094,48.880001068115234,48.709999084472656,48.779998779296875,4277800,0.0,0.0,0.0
2026-07-22 00:00:00-04:00,48.470001220703125,48.540000915527344,48.189998626708984,48.220001220703125,5610600,0.0,0.0,0.0
2026-07-23 00:00:00-04:00,47.880001068115234,47.90999984741211,47.560001373291016,47.630001068115234,11380400,0.0,0.0,0.0
2026-07-24 00:00:00-04:00,48.09000015258789,48.43000030517578,48.0,48.02000045776367,7403900,0.0,0.0,0.0
2026-07-27 00:00:00-04:00,48.709999084472656,48.939998626708984,48.59000015258789,48.88999938964844,6045900,0.0,0.0,0.0
2026-07-28 00:00:00-04:00,48.939998626708984,49.52000045776367,48.90999984741211,49.380001068115234,8110200,0.0,0.0,0.0
2026-07-29 00:00:00-04:00,49.25,49.56999969482422,49.09000015258789,49.16999816894531,8751600,0.0,0.0,0.0
2026-07-30 00:00:00-04:00,49.650001525878906,49.84000015258789,49.58000183105469,49.70000076293945,10444100,0.0,0.0,0.0
2026-07-31 00:00:00-04:00,49.779998779296875,49.90999984741211,49.630001068115234,49.79999923706055,5261000,0.0,0.0,0.0
2026-08-03 00:00:00-04:00,50.18000030517578,50.2599983215332,50.04999923706055,50.15999984741211,5124500,0.0,0.0,0.0
2026-08-04 00:00:00-04:00,50.29999923706055,50.619998931884766,50.2599983215332,50.529998779296875,6289800,0.0,0.0,0.0
2026-08-05 00:00:00-04:00,50.45000076293945,50.4900016784668,50.25,50.310001373291016,7667500,0.0,0.0,0.0
2026-08-06 00:00:00-04:00,50.27000045776367,50.33000183105469,50.08000183105469,50.119998931884766,2780600,0.0,0.0,0.0
2026-08-07 00:00:00-04:00,50.45000076293945,50.459999084472656,50.279998779296875,50.369998931884766,4720300,0.0,0.0,0.0
2026-08-10 00:00:00-04:00,50.25,50.290000915527344,50.060001373291016,50.13999938964844,4086700,0.0,0.0,0.0
2026-08-11 00:00:00-04:00,50.150001525878906,50.22999954223633,50.06999969482422,50.09000015258789,1968800,0.0,0.0,0.0
2026-08-12 00:00:00-04:00,50.09000015258789,50.11000061035156,49.90999984741211,49.95000076293945,3565400,0.0,0.0,0.0
2026-08-13 00:00:00-04:00,50.130001068115234,50.150001525878906,49.88999938964844,49.97999954223633,2871200,0.0,0.0,0.0
2026-08-14 00:00:00-04:00,49.880001068115234,49.91999816894531,49.7400016784668,49.779998779296875,1885700,0.0,0.0,0.0
2026-08-17 00:00:00-04:00,49.77000045776367,49.84000015258789,49.58000183105469,49.58000183105469,2862900,0.0,0.0,0.0
2026-08-18 00:00:00-04:00,49.54999923706055,49.58000183105469,49.369998931884766,49.380001068115234,3897600,0.0,0.0,0.0
2026-08-19 00:00:00-04:00,49.560001373291016,49.65999984741211,49.5099983215332,49.540000915527344,2756000,0.0,0.0,0.0
2026-08-20 00:00:00-04:00,49.54999923706055,49.68000030517578,49.52000045776367,49.54999923706055,3764500,0.0,0.0,0.0
2026-08-21 00:00:00-04:00,49.689998626708984,49.7400016784668,49.630001068115234,49.63999938964844,1970861,0.0,0.0,0.0
