Date,Open,High,Low,Close,Volume,Dividends,Stock Splits
2018-11-28 00:00:00-05:00,107.50780988278531,110.33696277443755,96.64386234714623,106.37614440917969,1331,0.0,0.0
2018-11-29 00:00:00-05:00,101.84951081171265,104.11283111572264,101.84951081171265,104.11283111572266,119,0.0,0.0
2018-11-30 00:00:00-05:00,106.14981778987566,106.37614440917969,106.14981778987566,106.37614440917969,69,0.0,0.0
2018-12-03 00:00:00-05:00,103.27538770119628,104.11281010891415,103.27538770119628,103.99964141845703,69,0.0,0.0
2018-12-04 00:00:00-05:00,103.99964141845703,103.99964141845703,103.99964141845703,103.99964141845703,6,0.0,0.0
2018-12-06 00:00:00-05:00,106.37614436118182,106.37614436118182,96.19119827277399,105.35765838623047,325,0.0,0.0
2018-12-07 00:00:00-05:00,101.84949850575646,105.24448394775392,99.02034576948544,105.2444839477539,244,0.0,0.0
2018-12-10 00:00:00-05:00,101.84948612697139,105.24447115634241,101.84948612697139,104.90497589111328,56,0.0,0.0
2018-12-11 00:00:00-05:00,106.9235153198242,106.9235153198242,106.9235153198242,106.92351531982422,13,2.8,0.0
2018-12-12 00:00:00-05:00,106.9235153198242,106.9235153198242,106.9235153198242,106.92351531982422,6,0.0,0.0
2018-12-13 00:00:00-05:00,104.03990414814649,104.15523935672132,103.80921173095703,103.80921173095703,156,0.0,0.0
2018-12-14 00:00:00-05:00,103.80921173095703,103.80921173095703,103.80921173095703,103.80921173095703,13,0.0,0.0
2018-12-17 00:00:00-05:00,104.96265181686451,104.96265181686451,100.92562251620822,103.80921173095703,944,0.0,0.0
2018-12-18 00:00:00-05:00,103.80921173095703,103.80921173095703,103.80921173095703,103.80921173095703,144,0.0,0.0
2018-12-19 00:00:00-05:00,103.80920528582146,104.38592529296875,103.80920528582146,104.38592529296875,119,0.0,0.0
2018-12-20 00:00:00-05:00,104.96266375565742,105.77006530761719,104.96266375565742,105.77006530761719,288,0.0,0.0
2018-12-21 00:00:00-05:00,105.77006631003786,106.28911331265151,105.77006631003786,106.17376708984375,94,0.0,0.0
2018-12-24 00:00:00-05:00,106.11609687109615,106.11609687109615,95.50448608398438,95.50448608398438,25,0.0,0.0
2018-12-26 00:00:00-05:00,85.60799525444322,85.60799525444322,84.60450744628906,84.60450744628906,69,0.0,0.0
2018-12-27 00:00:00-05:00,81.89392852783203,81.89392852783203,81.89392852783203,81.89392852783203,206,0.0,0.0
2018-12-28 00:00:00-05:00,83.04739026252615,100.34893035888672,83.04739026252615,100.34893035888672,100,0.0,0.0
2018-12-31 00:00:00-05:00,100.34893035888672,100.34893035888672,100.34893035888672,100.34893035888672,0,0.0,0.0
2019-01-02 00:00:00-05:00,103.92457580566406,103.92457580566406,103.92457580566406,103.92457580566406,19,0.0,0.0
2019-01-03 00:00:00-05:00,105.07797688107894,105.58549574989127,104.03989410400389,104.0398941040039,138,0.0,0.0
2019-01-04 00:00:00-05:00,104.03989410400389,104.03989410400389,104.03989410400389,104.0398941040039,69,0.0,0.0
2019-01-07 00:00:00-05:00,104.03989410400389,104.03989410400389,104.03989410400389,104.0398941040039,6,0.0,0.0
2019-01-08 00:00:00-05:00,105.65472468980448,107.26953887939453,105.65472468980448,107.26953887939453,63,0.0,0.0
2019-01-09 00:00:00-05:00,107.26953887939453,107.26953887939453,107.26953887939453,107.26953887939453,38,0.0,0.0
2019-01-10 00:00:00-05:00,107.26953887939453,107.26953887939453,107.26953887939453,107.26953887939453,0,0.0,0.0
2019-01-11 00:00:00-05:00,107.26953887939453,107.26953887939453,107.26953887939453,107.26953887939453,6,0.0,0.0
2019-01-14 00:00:00-05:00,107.26953887939453,107.26953887939453,107.26953887939453,107.26953887939453,6,0.0,0.0
2019-01-15 00:00:00-05:00,107.26953887939453,107.26953887939453,107.26953887939453,107.26953887939453,6,0.0,0.0
2019-01-16 00:00:00-05:00,106.80814361572266,106.80814361572266,106.80814361572266,106.80814361572266,6,0.0,0.0
2019-01-17 00:00:00-05:00,106.80814361572266,106.80814361572266,106.80814361572266,106.80814361572266,6,0.0,0.0
2019-01-18 00:00:00-05:00,94.35104990099849,94.35104990099849,83.62409367508447,84.31615447998047,288,0.0,0.0
2019-01-22 00:00:00-05:00,84.31615447998047,84.31615447998047,84.31615447998047,84.31615447998047,6,0.0,0.0
2019-01-23 00:00:00-05:00,84.31615247689946,89.16058349609375,77.85691295131048,89.16058349609375,131,0.0,0.0
2019-01-24 00:00:00-05:00,89.16058349609375,89.16058349609375,89.16058349609375,89.16058349609375,0,0.0,0.0
2019-01-25 00:00:00-05:00,89.27592590764323,95.85051727294922,89.27592590764323,95.85051727294922,44,0.0,0.0
2019-01-28 00:00:00-05:00,86.62303560319886,87.0844095065439,83.62409973144531,83.62409973144531,81,0.0,0.0
2019-01-29 00:00:00-05:00,83.50875091552734,83.50875091552734,83.50875091552734,83.50875091552734,13,0.0,0.0
2019-01-30 00:00:00-05:00,83.50875091552734,83.50875091552734,83.50875091552734,83.50875091552734,6,0.0,0.0
2019-01-31 00:00:00-05:00,83.50875091552734,83.50875091552734,83.50875091552734,83.50875091552734,6,0.0,0.0
2019-02-01 00:00:00-05:00,83.62407834305533,85.35423278808594,83.62407834305533,85.35423278808594,375,0.0,0.0
2019-02-04 00:00:00-05:00,83.62409973144531,83.85478668311784,83.62409973144531,83.62409973144531,25,0.0,0.0
2019-02-05 00:00:00-05:00,83.62409973144531,83.62409973144531,83.62409973144531,83.62409973144531,6,0.0,0.0
2019-02-06 00:00:00-05:00,83.62409973144531,83.62409973144531,83.62409973144531,83.62409973144531,13,0.0,0.0
2019-02-07 00:00:00-05:00,81.43256987920073,81.43256987920073,80.50982208453726,80.74050903320312,219,0.0,0.0
2019-02-08 00:00:00-05:00,80.74050903320312,80.74050903320312,80.74050903320312,80.74050903320312,6,0.0,0.0
2019-02-11 00:00:00-05:00,80.74050903320312,80.74050903320312,80.74050903320312,80.74050903320312,0,0.0,0.0
2019-02-12 00:00:00-05:00,93.31295776367188,93.31295776367188,93.31295776367188,93.31295776367188,56,0.0,0.0
2019-02-13 00:00:00-05:00,84.20081329345703,84.20081329345703,84.20081329345703,84.20081329345703,6,0.0,0.0
2019-02-14 00:00:00-05:00,84.20081329345703,84.20081329345703,84.20081329345703,84.20081329345703,0,0.0,0.0
2019-02-15 00:00:00-05:00,84.20081329345703,84.20081329345703,84.20081329345703,84.20081329345703,0,0.0,0.0
2019-02-19 00:00:00-05:00,84.20081329345703,84.20081329345703,84.20081329345703,84.20081329345703,6,0.0,0.0
2019-02-20 00:00:00-05:00,84.20081329345703,84.20081329345703,84.20081329345703,84.20081329345703,6,0.0,0.0
2019-02-21 00:00:00-05:00,86.5076904296875,86.5076904296875,86.5076904296875,86.5076904296875,19,0.0,0.0
2019-02-22 00:00:00-05:00,90.77539633357719,92.27486419677734,90.77539633357719,92.27486419677734,219,0.0,0.0
2019-02-25 00:00:00-05:00,92.27486419677734,92.27486419677734,92.27486419677734,92.27486419677734,0,0.0,0.0
2019-02-26 00:00:00-05:00,86.6230239868164,86.6230239868164,86.6230239868164,86.6230239868164,63,0.0,0.0
2019-02-27 00:00:00-05:00,87.6611328125,89.16060089679553,87.6611328125,87.6611328125,106,0.0,0.0
2019-02-28 00:00:00-05:00,87.6611328125,87.6611328125,87.6611328125,87.6611328125,6,0.0,0.0
2019-03-01 00:00:00-05:00,89.27593165554146,89.27593165554146,83.04737854003906,83.04737854003906,188,0.0,0.0
2019-03-04 00:00:00-05:00,84.20081329345703,84.20081329345703,84.20081329345703,84.20081329345703,31,0.0,0.0
2019-03-05 00:00:00-05:00,84.20081329345703,84.20081329345703,84.20081329345703,84.20081329345703,6,0.0,0.0
2019-03-06 00:00:00-05:00,84.20081329345703,84.20081329345703,84.20081329345703,84.20081329345703,0,0.0,0.0
2019-03-07 00:00:00-05:00,84.20081329345703,84.20081329345703,84.20081329345703,84.20081329345703,0,0.0,0.0
2019-03-08 00:00:00-05:00,84.20081329345703,84.20081329345703,84.20081329345703,84.20081329345703,6,0.0,0.0
2019-03-11 00:00:00-04:00,91.96342780876996,103.80921173095703,86.04630260810518,103.80921173095703,281,0.0,0.0
2019-03-12 00:00:00-04:00,103.80922160849298,106.80815731718779,94.69707926285943,101.08711242675781,256,0.0,0.0
2019-03-13 00:00:00-04:00,105.53937530517578,105.53937530517578,105.53937530517578,105.53937530517578,13,0.0,0.0
2019-03-14 00:00:00-04:00,103.69387861532181,103.69387861532181,102.6557846069336,102.6557846069336,19,0.0,0.0
2019-03-15 00:00:00-04:00,94.0050048828125,94.0050048828125,94.0050048828125,94.0050048828125,25,0.0,0.0
2019-03-18 00:00:00-04:00,94.47792053222656,94.47792053222656,94.00500765859879,94.47792053222656,125,0.0,0.0
2019-03-19 00:00:00-04:00,94.47792053222656,94.47792053222656,94.47792053222656,94.47792053222656,6,0.0,0.0
2019-03-20 00:00:00-04:00,94.47792053222656,94.47792053222656,94.47792053222656,94.47792053222656,6,0.0,0.0
2019-03-21 00:00:00-04:00,96.08120727539062,96.31189972984374,96.08120727539062,96.08120727539062,31,0.0,0.0
2019-03-22 00:00:00-04:00,95.83899047068746,100.82183547759175,94.29338836669922,94.29338836669922,225,0.0,0.0
2019-03-25 00:00:00-04:00,94.46637872150039,94.58172493117736,94.0050048828125,94.0050048828125,119,0.0,0.0
2019-03-26 00:00:00-04:00,94.00502641715981,94.00502641715981,84.93902236012283,92.15953063964844,756,0.0,0.0
2019-03-27 00:00:00-04:00,89.50661971724794,89.50661971724794,89.39127349853516,89.39127349853516,113,0.0,0.0
2019-03-28 00:00:00-04:00,89.39128119383348,92.27487090976359,86.50769147790336,87.08441162109375,375,0.0,0.0
2019-03-29 00:00:00-04:00,87.08441162109375,87.08441162109375,87.08441162109375,87.08441162109375,6,0.0,0.0
2019-04-01 00:00:00-04:00,87.08441162109375,87.08441162109375,87.08441162109375,87.08441162109375,6,0.0,0.0
2019-04-02 00:00:00-04:00,84.43150883090716,88.23784637451172,84.3161626023078,88.23784637451172,38,0.0,0.0
2019-04-03 00:00:00-04:00,88.23784637451172,88.23784637451172,88.23784637451172,88.23784637451172,100,0.0,0.0
2019-04-04 00:00:00-04:00,88.23784637451172,88.23784637451172,88.23784637451172,88.23784637451172,0,0.0,0.0
2019-04-05 00:00:00-04:00,86.50770008095462,87.89182196224715,86.50770008095462,87.84568786621094,94,0.0,0.0
2019-04-08 00:00:00-04:00,87.84568786621094,87.84568786621094,87.84568786621094,87.84568786621094,0,0.0,0.0
2019-04-09 00:00:00-04:00,83.97013290895947,83.97013290895947,83.62409973144531,83.62409973144531,100,0.0,0.0
2019-04-10 00:00:00-04:00,83.6240986618492,83.6240986618492,83.04737854003906,83.04737854003906,88,0.0,0.0
2019-04-11 00:00:00-04:00,86.50769305048345,86.50769305048345,82.81669616699219,82.81669616699219,375,0.0,0.0
2019-04-12 00:00:00-04:00,83.0473785198618,83.50875241719353,80.74050903320312,80.74050903320312,169,0.0,0.0
2019-04-15 00:00:00-04:00,80.48675608869686,83.62409973144531,80.48675608869686,83.62409973144531,75,0.0,0.0
2019-04-16 00:00:00-04:00,83.62409973144531,83.62409973144531,83.62409973144531,83.62409973144531,6,0.0,0.0
2019-04-17 00:00:00-04:00,83.62409973144531,83.62409973144531,83.62409973144531,83.62409973144531,6,0.0,0.0
2019-04-18 00:00:00-04:00,83.62409973144531,83.62409973144531,83.62409973144531,83.62409973144531,0,0.0,0.0
2019-04-22 00:00:00-04:00,81.31722102212326,85.1235580444336,81.31722102212326,85.1235580444336,13,0.0,0.0
2019-04-23 00:00:00-04:00,91.00608327406871,92.27486419677734,88.23783998817044,92.27486419677734,94,0.0,0.0
2019-04-24 00:00:00-04:00,92.27486419677734,92.27486419677734,92.27486419677734,92.27486419677734,6,0.0,0.0
2019-04-25 00:00:00-04:00,92.27486419677734,92.27486419677734,92.27486419677734,92.27486419677734,0,0.0,0.0
2019-04-26 00:00:00-04:00,86.5076904296875,86.5076904296875,86.5076904296875,86.5076904296875,6,0.0,0.0
2019-04-29 00:00:00-04:00,86.5076904296875,86.5076904296875,86.5076904296875,86.5076904296875,6,0.0,0.0
2019-04-30 00:00:00-04:00,92.27486414517192,92.27486414517192,91.12142944335938,91.12142944335938,19,0.0,0.0
2019-05-01 00:00:00-04:00,91.12142944335938,91.12142944335938,91.12142944335938,91.12142944335938,0,0.0,0.0
2019-05-02 00:00:00-04:00,91.12143144877949,100.00288709821686,88.06482804670323,91.9288330078125,2069,0.0,0.0
2019-05-03 00:00:00-04:00,93.42830005122892,99.52996741826334,90.31401824951172,90.31401824951172,638,0.0,0.0
2019-05-06 00:00:00-04:00,89.96797943115234,96.41568464205163,87.77645112064886,89.96797943115234,2025,0.0,0.0
2019-05-07 00:00:00-04:00,88.81455340499204,93.26682284712648,88.81455340499204,89.39127349853516,1288,0.0,0.0
2019-05-08 00:00:00-04:00,86.50769233703613,86.50769233703613,69.2061538696289,69.2061538696289,2500,0.0,0.0
2019-05-09 00:00:00-04:00,55.94164266081931,58.94057878078627,52.135304893177576,57.09507751464844,6588,0.0,0.0
2019-05-10 00:00:00-04:00,61.939500016505555,61.939500016505555,55.5956065315808,57.660255432128906,1888,0.0,0.0
2019-05-13 00:00:00-04:00,58.13314056396485,58.13314056396485,55.94161276294135,58.133140563964844,1338,0.0,0.0
2019-05-14 00:00:00-04:00,58.13316809630597,58.8252289664988,55.595611572265625,55.595611572265625,975,0.0,0.0
2019-05-15 00:00:00-04:00,58.59453669717914,59.40194372253773,57.38342890914644,57.660255432128906,4513,0.0,0.0
2019-05-16 00:00:00-04:00,57.55644482202919,57.671791044122514,55.364921602361854,56.51835632324219,3888,0.0,0.0
2019-05-17 00:00:00-04:00,55.87243601958844,57.55645145618009,55.87243601958844,57.09507751464844,50,0.0,0.0
2019-05-20 00:00:00-04:00,57.44111072080279,57.44111072080279,56.51836283773949,57.09507751464844,738,0.0,0.0
2019-05-21 00:00:00-04:00,57.41802910946992,57.41802910946992,55.0073473014366,55.36491394042969,11100,0.0,0.0
2019-05-22 00:00:00-04:00,57.21041686200232,57.55644452648432,55.76862209330269,56.864383697509766,3838,0.0,0.0
2019-05-23 00:00:00-04:00,54.293242104298166,58.12008063720795,53.81488800048828,53.81488800048828,319,2.8,0.0
2019-05-24 00:00:00-04:00,53.8148667712632,58.23964333720645,51.423097195734,51.901451110839844,1538,0.0,0.0
2019-05-28 00:00:00-04:00,53.097353555376884,56.74480479657424,51.8536306815479,52.61899948120117,869,0.0,0.0
2019-05-29 00:00:00-04:00,54.38889580850023,54.38889580850023,45.670888269578015,47.60822296142578,2881,0.0,0.0
2019-05-30 00:00:00-04:00,46.6395634566925,47.59627151489258,44.3673789672524,47.59627151489258,281,0.0,0.0
2019-05-31 00:00:00-04:00,47.83543643898908,51.66227340698242,46.639551668500026,51.66227340698242,2200,0.0,0.0
2019-06-03 00:00:00-04:00,51.6622791908425,56.49365648548735,51.6622791908425,53.5756950378418,650,0.0,0.0
2019-06-04 00:00:00-04:00,57.28294010608377,63.38196156699952,53.838787078857415,53.83878707885742,4238,0.0,0.0
2019-06-05 00:00:00-04:00,55.728300966805705,58.598431114468646,55.728300966805705,57.40254592895508,4175,0.0,0.0
2019-06-06 00:00:00-04:00,57.522127692867606,57.522127692867606,55.46520417288002,57.04377365112305,1000,0.0,0.0
2019-06-07 00:00:00-04:00,54.67590943945235,57.22314453125,54.67590943945235,57.22314453125,256,0.0,0.0
2019-06-10 00:00:00-04:00,57.761301075066534,57.761301075066534,55.01076265709053,55.48911666870117,1450,0.0,0.0
2019-06-11 00:00:00-04:00,55.656527199515516,56.02725346908373,54.317135134628224,55.3695182800293,475,0.0,0.0
2019-06-12 00:00:00-04:00,54.29322733444893,55.60870361328125,51.303512147739504,55.60870361328125,2006,0.0,0.0
2019-06-13 00:00:00-04:00,51.30351592225742,57.28294673559679,46.639561484533,56.685001373291016,431,0.0,0.0
2019-06-14 00:00:00-04:00,56.68501158597902,57.40254843099323,56.68501158597902,56.9241943359375,269,0.0,0.0
2019-06-17 00:00:00-04:00,55.91963404038459,58.47882721898082,55.84788037437983,56.804588317871094,156,0.0,0.0
2019-06-18 00:00:00-04:00,57.16334256314522,57.16334256314522,50.70555413088626,55.728275299072266,719,0.0,0.0
2019-06-19 00:00:00-04:00,57.2829496546648,57.2829496546648,48.55297999422372,52.379817962646484,1125,0.0,0.0
2019-06-20 00:00:00-04:00,54.29323409564292,56.625214284554744,52.379817962646484,52.379817962646484,306,0.0,0.0
2019-06-21 00:00:00-04:00,55.36953352166836,56.80459562141569,52.379817962646484,52.379817962646484,600,0.0,0.0
2019-06-24 00:00:00-04:00,54.532411112267475,56.08706457154203,52.379817962646484,52.379817962646484,1525,0.0,0.0
2019-06-25 00:00:00-04:00,52.97775963666416,56.42191336696273,52.738582611083984,52.738582611083984,163,0.0,0.0
2019-06-26 00:00:00-04:00,54.891180164304124,58.598426818847656,54.891180164304124,58.598426818847656,413,0.0,0.0
2019-06-27 00:00:00-04:00,57.16335848484767,57.16335848484767,52.37981291124224,54.532405853271484,681,0.0,0.0
2019-06-28 00:00:00-04:00,52.379817962646484,52.379817962646484,52.379817962646484,52.379817962646484,56,0.0,0.0
2019-07-01 00:00:00-04:00,53.45610502929579,56.86438421979638,53.45610502929579,55.60870361328125,50,0.0,0.0
2019-07-02 00:00:00-04:00,54.867258195804915,55.33365423699382,54.173648834228516,54.173648834228516,375,0.0,0.0
2019-07-03 00:00:00-04:00,55.249943143365975,57.16336501277418,55.249943143365975,57.04377365112305,75,0.0,0.0
2019-07-05 00:00:00-04:00,56.92419185474965,58.00048567049667,55.60871529946954,57.40254592895508,1838,0.0,0.0
2019-07-08 00:00:00-04:00,57.88088209592203,57.88088209592203,55.010752836222224,57.52211380004883,1119,0.0,0.0
2019-07-09 00:00:00-04:00,57.52210922557943,57.52210922557943,56.56540144923827,57.28293228149414,1300,0.0,0.0
2019-07-10 00:00:00-04:00,57.52212374003318,57.88089209790256,56.350154707565984,56.685001373291016,3506,0.0,0.0
2019-07-11 00:00:00-04:00,59.10636938779893,59.10636938779893,52.897717439720815,55.25699996948242,2838,2.8,0.0
2019-07-12 00:00:00-04:00,55.75370200455012,55.75370200455012,52.89772726229891,53.51858901977539,956,0.0,0.0
2019-07-15 00:00:00-04:00,54.983841107932754,54.983841107932754,53.64277426768022,54.63615798950195,488,0.0,0.0
2019-07-16 00:00:00-04:00,54.63613832729376,55.25699996948242,53.766924922991336,55.25699996948242,250,0.0,0.0
2019-07-17 00:00:00-04:00,54.13945941887041,55.62953481693199,54.13945941887041,55.132843017578125,288,0.0,0.0
2019-07-18 00:00:00-04:00,55.257019855123524,55.257019855123524,54.63615798950195,54.63615798950195,700,0.0,0.0
2019-07-19 00:00:00-04:00,54.636165536403034,54.636165536403034,54.13947360688404,54.51198959350586,863,0.0,0.0
2019-07-22 00:00:00-04:00,54.98382273965619,55.0086555480957,54.139448042392175,55.0086555480957,631,0.0,0.0
2019-07-23 00:00:00-04:00,54.51198206375722,54.63615798950195,54.51198206375722,54.63615798950195,38,0.0,0.0
2019-07-24 00:00:00-04:00,54.636144045059304,55.00865988515054,54.26362228393555,54.26362228393555,475,0.0,0.0
2019-07-25 00:00:00-04:00,54.13947360688404,55.25702748778435,54.13947360688404,54.51198959350586,581,0.0,0.0
2019-07-26 00:00:00-04:00,54.511968205310126,55.008659939948245,53.89110649752874,54.73548126220703,581,0.0,0.0
2019-07-29 00:00:00-04:00,55.25700872372238,55.25700872372238,53.39441758103847,53.76693344116211,413,0.0,0.0
2019-07-30 00:00:00-04:00,55.132837004948684,55.132837004948684,52.89772415161133,52.89772415161133,263,0.0,0.0
2019-07-31 00:00:00-04:00,53.02189412739152,55.00866110813584,52.89772415161133,52.89772415161133,406,0.0,0.0
2019-08-01 00:00:00-04:00,53.92835001574613,55.25699996948242,53.89110080404821,55.25699996948242,238,0.0,0.0
2019-08-02 00:00:00-04:00,53.14608602930611,53.27025604248047,53.14608602930611,53.27025604248047,38,0.0,0.0
2019-08-05 00:00:00-04:00,53.25782527444228,54.92174208119796,53.25782527444228,53.76693344116211,194,0.0,0.0
2019-08-06 00:00:00-04:00,53.76693650513118,53.76693650513118,53.3944206237793,53.3944206237793,131,0.0,0.0
2019-08-07 00:00:00-04:00,53.39443571260555,54.51198959350586,53.39443571260555,54.51198959350586,294,0.0,0.0
2019-08-08 00:00:00-04:00,55.25700698072888,55.25700698072888,52.89772415161133,52.89772415161133,1300,0.0,0.0
2019-08-09 00:00:00-04:00,52.897717393639034,52.922550201416016,52.897717393639034,52.922550201416016,100,0.0,0.0
2019-08-12 00:00:00-04:00,54.38780110274531,54.511971082442244,53.76693344116211,53.76693344116211,469,0.0,0.0
2019-08-13 00:00:00-04:00,53.76692832751537,54.99624120686545,53.28265301858665,54.13945007324219,263,0.0,0.0
2019-08-14 00:00:00-04:00,55.25700346835808,55.25700346835808,54.13945007324219,54.13945007324219,769,0.0,0.0
2019-08-15 00:00:00-04:00,55.25700028758911,55.25700028758911,53.45649144912246,53.630332946777344,81,0.0,0.0
2019-08-16 00:00:00-04:00,53.630332946777344,53.630332946777344,53.630332946777344,53.630332946777344,0,0.0,0.0
2019-08-19 00:00:00-04:00,55.25701157658092,55.25701157658092,52.89772855123641,54.0276985168457,475,0.0,0.0
2019-08-20 00:00:00-04:00,52.89772812710475,54.636149365905915,52.89772812710475,54.015281677246094,850,0.0,0.0
2019-08-21 00:00:00-04:00,55.257015589791976,55.257015589791976,54.151878356933594,54.151878356933594,206,0.0,0.0
2019-08-22 00:00:00-04:00,53.02191009509731,54.26363983201311,53.02191009509731,53.27025604248047,206,0.0,0.0
2019-08-23 00:00:00-04:00,54.89690997918389,54.89690997918389,53.14607238769531,53.14607238769531,338,0.0,0.0
2019-08-26 00:00:00-04:00,53.14607238769531,53.14607238769531,53.14607238769531,53.14607238769531,0,0.0,0.0
2019-08-27 00:00:00-04:00,53.14607238769531,53.14607238769531,53.14607238769531,53.14607238769531,0,0.0,0.0
2019-08-28 00:00:00-04:00,52.89771470940699,53.89109802246094,52.89771470940699,53.89109802246094,63,0.0,0.0
2019-08-29 00:00:00-04:00,51.78016361321888,55.25700575222221,51.78016361321888,54.26362228393555,375,0.0,0.0
2019-08-30 00:00:00-04:00,54.25120452002256,54.511966785762176,47.434103830451306,48.427490234375,3631,0.0,0.0
2019-09-03 00:00:00-04:00,55.25700900490781,55.25700900490781,51.37039566040039,51.37039566040039,356,0.0,0.0
2019-09-04 00:00:00-04:00,50.9109487705586,50.9109487705586,50.041741219328195,50.41425704956055,200,0.0,0.0
2019-09-05 00:00:00-04:00,51.68083964077207,54.63615798950195,51.68083964077207,54.63615798950195,181,0.0,0.0
2019-09-06 00:00:00-04:00,54.76030828731873,55.25699996948242,53.766924922991336,55.25699996948242,106,0.0,0.0
2019-09-09 00:00:00-04:00,53.766930549792214,55.13283577920264,53.766930549792214,54.26362228393555,769,0.0,0.0
2019-09-10 00:00:00-04:00,54.387799254658816,54.387799254658816,52.7735481262207,52.7735481262207,456,0.0,0.0
2019-09-11 00:00:00-04:00,52.773552926815256,54.38780420209521,52.152685229851215,53.3944206237793,1638,0.0,0.0
2019-09-12 00:00:00-04:00,53.40684838590326,53.76694793724679,53.27025604248047,53.27025604248047,450,0.0,0.0
2019-09-13 00:00:00-04:00,54.387799254658816,54.387799254658816,52.6493722297104,52.7735481262207,406,0.0,0.0
2019-09-16 00:00:00-04:00,52.77356055056918,54.63615798950195,52.77356055056918,54.63615798950195,69,0.0,0.0
2019-09-17 00:00:00-04:00,53.04672999761788,54.08978509107611,48.55166826024102,53.45650100708008,813,0.0,0.0
2019-09-18 00:00:00-04:00,51.53182345392035,54.201540340386096,50.91095575695632,53.3944206237793,1475,0.0,0.0
2019-09-19 00:00:00-04:00,52.77354707143634,54.325710220596235,52.152679443359375,52.152679443359375,913,0.0,0.0
2019-09-20 00:00:00-04:00,53.25782253411578,54.38779830427707,51.99125446438652,52.27685546875,731,0.0,0.0
2019-09-23 00:00:00-04:00,52.33894328440198,52.77354707143634,51.90433357633509,52.152679443359375,313,0.0,0.0
2019-09-24 00:00:00-04:00,52.152680485734464,52.7735481262207,51.90433461374649,52.7735481262207,181,0.0,0.0
2019-09-25 00:00:00-04:00,52.773551358183816,53.89111081108768,52.64937545406872,53.51858901977539,438,0.0,0.0
2019-09-26 00:00:00-04:00,51.65598454057423,53.5185813895152,51.15929283699426,51.53181457519531,544,0.0,0.0
2019-09-27 00:00:00-04:00,52.276858842459895,52.276858842459895,49.66922410335132,50.910953521728516,581,0.0,0.0
2019-09-30 00:00:00-04:00,51.87950180285749,52.81079734255421,51.87950180285749,52.7735481262207,81,0.0,0.0
2019-10-01 00:00:00-04:00,52.276865312149575,52.773557140970134,50.786789825687904,52.40103530883789,456,0.0,0.0
2019-10-02 00:00:00-04:00,53.55584676174161,53.55584676174161,51.6559944152832,51.6559944152832,131,0.0,0.0
2019-10-03 00:00:00-04:00,51.6559944152832,52.38861570626848,51.6559944152832,51.6559944152832,94,0.0,0.0
2019-10-04 00:00:00-04:00,52.21476274495073,52.52519653137066,51.78015899658203,51.78015899658203,63,0.0,0.0
2019-10-07 00:00:00-04:00,52.15268089591385,52.15268089591385,51.65598914803145,51.904335021972656,438,0.0,0.0
2019-10-08 00:00:00-04:00,52.64937264379626,52.64937264379626,51.904335021972656,51.904335021972656,244,0.0,0.0
2019-10-09 00:00:00-04:00,51.78015899658203,51.78015899658203,51.78015899658203,51.78015899658203,56,0.0,0.0
2019-10-10 00:00:00-04:00,51.6559944152832,51.70566596354942,51.531824426167596,51.6559944152832,119,0.0,0.0
2019-10-11 00:00:00-04:00,51.531813151652486,51.78015899658203,51.531813151652486,51.78015899658203,125,0.0,0.0
2019-10-14 00:00:00-04:00,51.6559944152832,51.6559944152832,51.6559944152832,51.6559944152832,13,0.0,0.0
2019-10-15 00:00:00-04:00,51.780165595074,51.780165595074,50.91095206653827,51.159297943115234,325,0.0,0.0
2019-10-16 00:00:00-04:00,50.662616830242385,50.78679275512695,50.662616830242385,50.78679275512695,100,0.0,0.0
2019-10-17 00:00:00-04:00,50.78679275512695,51.28348461259725,50.78679275512695,50.78679275512695,313,0.0,0.0
2019-10-18 00:00:00-04:00,51.28347990674515,51.28347990674515,50.290096282958984,50.290096282958984,250,0.0,0.0
2019-10-21 00:00:00-04:00,50.29009157619761,51.28347510701081,49.793399810791016,49.793399810791016,63,0.0,0.0
2019-10-22 00:00:00-04:00,51.15930868771268,51.15930868771268,50.41427090150724,50.78679275512695,200,0.0,0.0
2019-10-23 00:00:00-04:00,50.799199175394804,50.799199175394804,50.41426098917903,50.53843688964844,169,0.0,0.0
2019-10-24 00:00:00-04:00,50.6626098223149,50.6626098223149,50.041748046875,50.041748046875,306,0.0,0.0
2019-10-25 00:00:00-04:00,50.0417439208577,50.41425977120051,49.29670333862305,49.29670333862305,1875,0.0,0.0
2019-10-28 00:00:00-04:00,50.04174854208429,50.41426442682799,49.17253494262695,49.17253494262695,1706,0.0,0.0
2019-10-29 00:00:00-04:00,49.66922510626461,50.22800483607538,48.80001449584961,48.80001449584961,463,0.0,0.0
2019-10-30 00:00:00-04:00,49.66922273659369,50.414260367118665,49.66922273659369,50.33975601196289,456,0.0,0.0
2019-10-31 00:00:00-04:00,49.79339678725509,50.414258495797164,49.79339678725509,50.16591262817383,1294,0.0,0.0
2019-11-01 00:00:00-04:00,50.41426098917903,51.904336268614976,50.29009100974244,50.53843688964844,2169,0.0,0.0
2019-11-04 00:00:00-05:00,52.152683843125814,54.015280963458814,51.395229772955396,51.40764617919922,2213,0.0,0.0
2019-11-05 00:00:00-05:00,51.78016137632286,53.27023651438181,50.910947918605665,52.028507232666016,4975,0.0,0.0
2019-11-06 00:00:00-05:00,53.76693787978723,54.338134044025935,51.18414169433828,53.02190017700195,2369,0.0,0.0
2019-11-07 00:00:00-05:00,52.152680485734464,54.387799254658816,51.718076690013675,52.7735481262207,2181,0.0,0.0
2019-11-08 00:00:00-05:00,55.13283628658647,55.13283628658647,53.51858517524853,54.33812713623047,5356,0.0,0.0
2019-11-11 00:00:00-05:00,55.132831432357385,55.257001395587004,54.2636180056218,55.0086555480957,9400,0.0,0.0
2019-11-12 00:00:00-05:00,57.27106739743009,57.27106739743009,53.90978886477375,55.590431213378906,4969,2.8,0.0
2019-11-13 00:00:00-05:00,54.03906481282098,54.16834783647684,51.06562616110574,52.09986877441406,6219,0.0,0.0
2019-11-14 00:00:00-05:00,51.84131296364143,52.35843276977538,51.84131296364143,52.35843276977539,1081,0.0,0.0
2019-11-15 00:00:00-05:00,52.358426604508566,52.358426604508566,51.19490409543614,52.293785095214844,3125,0.0,0.0
2019-11-18 00:00:00-05:00,52.061090794110136,54.29763449169978,51.841318244620275,52.77212905883789,938,0.0,0.0
2019-11-19 00:00:00-05:00,52.24207536540143,53.00482798309258,50.67778891967828,51.71202850341797,606,0.0,0.0
2019-11-20 00:00:00-05:00,50.67779145957374,53.00483063961578,50.54851150512695,50.54851150512695,494,0.0,0.0
2019-11-21 00:00:00-05:00,52.08694080544957,52.08694080544957,50.54851150512695,50.54851150512695,1413,0.0,0.0
2019-11-22 00:00:00-05:00,51.32419123180764,51.45347118625442,50.54851150512695,50.54851150512695,619,0.0,0.0
2019-11-25 00:00:00-05:00,52.616986695870494,52.65576790287577,51.324184245112974,51.95765686035156,2169,0.0,0.0
2019-11-26 00:00:00-05:00,51.71202313075865,52.0998660166429,50.41922378540039,50.41922378540039,1606,0.0,0.0
2019-11-27 00:00:00-05:00,51.841309030953816,51.841309030953816,51.06562629831908,51.518104553222656,181,0.0,0.0
2019-11-29 00:00:00-05:00,50.742422392591415,51.45346357804868,50.458008384229935,50.67778396606445,281,0.0,0.0
2019-12-02 00:00:00-05:00,50.41921885117472,52.875540449246756,50.41921885117472,52.48769760131836,881,0.0,0.0
2019-12-03 00:00:00-05:00,52.229149735964725,52.35843276977538,51.970589832897744,52.35843276977539,494,0.0,0.0
2019-12-04 00:00:00-05:00,52.09986091794289,54.91816506437949,52.09986091794289,52.48769760131836,631,0.0,0.0
2019-12-05 00:00:00-05:00,54.16834899418697,54.29762585605192,51.324187140787025,52.53942108154297,1894,0.0,0.0
2019-12-06 00:00:00-05:00,51.45346435500747,52.87554674739576,51.32418441772461,51.32418441772461,1100,0.0,0.0
2019-12-09 00:00:00-05:00,52.0998671236986,52.0998671236986,50.36751041600998,51.32418441772461,850,0.0,0.0
2019-12-10 00:00:00-05:00,51.324179455282746,52.164497425234096,51.324179455282746,52.112789154052734,375,0.0,0.0
2019-12-11 00:00:00-05:00,51.7120229705569,51.7120229705569,50.28994369506836,50.28994369506836,669,0.0,0.0
2019-12-12 00:00:00-05:00,50.54850636185178,50.70364044203678,50.0313835144043,50.0313835144043,444,0.0,0.0
2019-12-13 00:00:00-05:00,50.031380588726826,50.92341305616585,50.031380588726826,50.16066360473633,175,0.0,0.0
2019-12-16 00:00:00-05:00,50.41923654077897,50.41923654077897,47.05795431021221,47.5880012512207,3519,0.0,0.0
2019-12-17 00:00:00-05:00,47.31650010587669,48.0275381721004,47.31650010587669,47.4328498840332,469,0.0,0.0
2019-12-18 00:00:00-05:00,47.18722307146186,47.83362275416473,45.8944206237793,45.8944206237793,1788,0.0,0.0
2019-12-19 00:00:00-05:00,45.248025030579846,46.346906131629694,42.274583139131,44.7955436706543,2613,0.0,0.0
2019-12-20 00:00:00-05:00,45.8944206237793,48.45416521664876,43.308818810690994,45.8944206237793,1413,0.0,0.0
2019-12-23 00:00:00-05:00,45.89442348315381,45.89442348315381,43.95522431422666,44.22671127319336,1169,0.0,0.0
2019-12-24 00:00:00-05:00,45.1187427051349,45.1187427051349,43.95522323241478,44.084503173828125,1663,0.0,0.0
2019-12-26 00:00:00-05:00,45.248022750024944,45.248022750024944,44.25256750709339,44.97653579711914,913,0.0,0.0
2019-12-27 00:00:00-05:00,44.60162019111387,45.248019858349224,44.60162019111387,44.98945999145508,994,0.0,0.0
2019-12-30 00:00:00-05:00,44.86018494154962,45.248024784111614,43.179542541503906,43.179542541503906,581,0.0,0.0
2019-12-31 00:00:00-05:00,45.24802339974967,45.24802339974967,44.73090362548828,44.73090362548828,581,0.0,0.0
2020-01-02 00:00:00-05:00,48.350742867847956,48.389527157332616,45.248021285013124,46.45032501220703,456,0.0,0.0
2020-01-03 00:00:00-05:00,46.54082671057535,47.575069427490234,46.43740398002248,47.575069427490234,231,0.0,0.0
2020-01-06 00:00:00-05:00,50.2899434321726,50.2899434321726,48.60930121492238,48.80322265625,1244,0.0,0.0
2020-01-07 00:00:00-05:00,48.73858720813552,48.95836281411408,47.83362756140382,48.32489013671875,938,0.0,0.0
2020-01-08 00:00:00-05:00,49.38498616307071,49.77282600544438,47.962906741033905,48.73858642578125,1131,0.0,0.0
2020-01-09 00:00:00-05:00,50.03138872135937,50.03138872135937,48.20854228410578,49.191070556640625,1363,0.0,0.0
2020-01-10 00:00:00-05:00,50.54850056355402,50.54850056355402,47.97582601997589,49.24277114868164,544,0.0,0.0
2020-01-13 00:00:00-05:00,49.4366886449028,49.721105711128956,49.0617790222168,49.0617790222168,556,0.0,0.0
2020-01-14 00:00:00-05:00,49.77282606676803,49.97967459941093,49.16521062119502,49.630619049072266,994,0.0,0.0
2020-01-15 00:00:00-05:00,50.80705736601694,50.80705736601694,48.777359868358424,49.88916778564453,1975,0.0,0.0
2020-01-16 00:00:00-05:00,49.38498661172359,50.41922928305969,49.26863681554843,49.423770904541016,469,0.0,0.0
2020-01-17 00:00:00-05:00,50.160661931541554,50.160661931541554,49.77281906100371,50.14773178100586,350,0.0,0.0
2020-01-21 00:00:00-05:00,48.86786404277057,50.0313835144043,48.86786404277057,50.0313835144043,431,0.0,0.0
2020-01-22 00:00:00-05:00,49.90210065499407,50.78120605374285,49.77282072126132,50.16066360473633,638,0.0,0.0
2020-01-23 00:00:00-05:00,50.289946479266504,50.47093778062081,49.63061662108021,50.0313835144043,744,0.0,0.0
2020-01-24 00:00:00-05:00,50.07017289962435,50.80707141402052,49.90210865061581,50.54851150512695,500,0.0,0.0
2020-01-27 00:00:00-05:00,51.58274319622283,51.71202313075865,50.41922378540039,50.41922378540039,1206,0.0,0.0
2020-01-28 00:00:00-05:00,51.582743513379384,51.582743513379384,50.67778396606445,50.67778396606445,213,0.0,0.0
2020-01-29 00:00:00-05:00,50.67778396606445,50.67778396606445,50.54850403073375,50.67778396606445,100,0.0,0.0
2020-01-30 00:00:00-05:00,50.768280201826,50.8458487803801,49.90210185100761,50.13480758666992,513,0.0,0.0
2020-01-31 00:00:00-05:00,49.90209434001921,50.807056843904675,49.38497467052829,49.96673583984375,744,0.0,0.0
2020-02-03 00:00:00-05:00,51.065623140865604,51.065623140865604,49.86331944892332,50.16066360473633,425,0.0,0.0
2020-02-04 00:00:00-05:00,51.06562329988029,51.06562329988029,47.83362186422048,50.28994369506836,831,0.0,0.0
2020-02-05 00:00:00-05:00,50.4192254023639,50.65192805908054,50.28994546368202,50.483863830566406,1013,0.0,0.0
2020-02-06 00:00:00-05:00,50.54851204428905,51.45347173506902,50.535581891112386,51.36297607421875,1881,0.0,0.0
2020-02-07 00:00:00-05:00,51.7120173316821,55.202578254988524,51.06561773149136,54.814735412597656,6075,0.0,0.0
2020-02-10 00:00:00-05:00,56.3466237050366,56.3466237050366,51.55116461155363,52.163917541503906,2550,2.0,0.0
2020-02-11 00:00:00-05:00,51.81758117675781,52.523578694656884,50.11252942895985,51.81758117675781,1444,0.0,0.0
2020-02-12 00:00:00-05:00,50.88513418921566,50.88513418921566,47.341823304184345,48.154388427734375,2319,0.0,0.0
2020-02-13 00:00:00-05:00,47.55495291614667,50.08588959517814,45.29043346598179,47.68815994262695,1513,0.0,0.0
2020-02-14 00:00:00-05:00,47.42175710165826,52.75004577245646,47.42175710165826,47.79473876953125,606,0.0,0.0
2020-02-18 00:00:00-05:00,46.35609112670083,47.72812385992178,45.290434881551064,46.62250518798828,500,0.0,0.0
2020-02-19 00:00:00-05:00,47.7947274693548,48.4874052774147,47.28853886318609,47.68815994262695,1688,0.0,0.0
2020-02-20 00:00:00-05:00,48.32755394554401,48.32755394554401,47.82136535644531,47.82136535644531,325,0.0,0.0
2020-02-21 00:00:00-05:00,48.220988252859826,50.9783765710002,47.95457419877046,48.35419845581055,494,0.0,0.0
2020-02-24 00:00:00-05:00,48.620609283447266,48.86038064585411,47.128689409187864,48.620609283447266,1488,0.0,0.0
2020-02-25 00:00:00-05:00,48.06114407482204,51.39132308959961,48.00786189658134,51.39132308959961,431,0.0,0.0
2020-02-26 00:00:00-05:00,49.952677821659385,49.952677821659385,46.62249930021543,48.753814697265625,725,0.0,0.0
2020-02-27 00:00:00-05:00,47.15532721357579,48.22098332094067,33.83461316789197,38.84320068359375,9025,0.0,0.0
2020-02-28 00:00:00-05:00,37.9640318911479,38.630070101372525,34.101025516191754,36.631961822509766,2725,0.0,0.0
2020-03-02 00:00:00-05:00,36.898382598661954,41.96025613899549,36.898382598661954,37.96403884887695,1706,0.0,0.0
2020-03-03 00:00:00-05:00,38.16384986329448,41.16100956698375,38.16384986329448,40.62818145751953,1494,0.0,0.0
2020-03-04 00:00:00-05:00,39.962138617156874,41.3608137228298,36.63196039906047,37.09818649291992,750,0.0,0.0
2020-03-05 00:00:00-05:00,37.29799959058104,37.83082765708986,35.033480307918566,37.138153076171875,775,0.0,0.0
2020-03-06 00:00:00-05:00,39.16290148937546,39.16290148937546,34.10102844238281,34.10102844238281,1738,0.0,0.0
2020-03-09 00:00:00-04:00,34.23423751406663,38.097244452210724,28.90595328679774,33.301788330078125,1269,0.0,0.0
2020-03-10 00:00:00-04:00,32.36933741817163,37.13815378602531,32.36933741817163,33.02205276489258,1019,0.0,0.0
2020-03-11 00:00:00-04:00,32.63575233114069,32.63575233114069,26.774636978628497,30.637643814086914,1406,0.0,0.0
2020-03-12 00:00:00-04:00,31.5700942469863,31.5700942469863,18.249380319571735,23.97728729248047,1444,0.0,0.0
2020-03-13 00:00:00-04:00,25.975395570904087,25.975395570904087,22.95159321148616,23.844079971313477,1306,0.0,0.0
2020-03-16 00:00:00-04:00,24.643323757800996,27.960181263222,22.245594101391703,25.44256591796875,1731,0.0,0.0
2020-03-17 00:00:00-04:00,25.442565516316776,25.97539520263672,25.1761514671333,25.97539520263672,1375,0.0,0.0
2020-03-18 00:00:00-04:00,25.17615292294168,25.362643720925718,21.979180971969427,23.444459915161133,981,0.0,0.0
2020-03-19 00:00:00-04:00,23.963967670127808,25.309359296463754,19.9810733795166,19.9810733795166,1781,0.0,0.0
2020-03-20 00:00:00-04:00,22.378797650781333,25.216110372000763,20.24748396688615,22.80506134033203,2069,0.0,0.0
2020-03-23 00:00:00-04:00,21.579563671742036,22.91163581700085,20.24749152648322,21.845977783203125,888,0.0,0.0
2020-03-24 00:00:00-04:00,22.37880414378786,25.322683641534834,22.37880414378786,22.6851806640625,244,0.0,0.0
2020-03-25 00:00:00-04:00,24.843134363128687,31.03726588456551,22.6452168289384,24.177099227905273,1900,0.0,0.0
2020-03-26 00:00:00-04:00,24.403548433806545,34.101027297368766,22.911628608643127,24.376907348632812,1869,0.0,0.0
2020-03-27 00:00:00-04:00,25.3093602653253,25.708981367104702,22.77842503276932,23.577667236328125,1306,0.0,0.0
2020-03-30 00:00:00-04:00,25.176153116514588,27.400711843297927,21.313145974368574,22.645217895507812,1263,0.0,0.0
2020-03-31 00:00:00-04:00,23.97728822869396,24.3635895780898,22.645217895507812,22.645217895507812,738,0.0,0.0
2020-04-01 00:00:00-04:00,23.311255308647485,24.77653440431686,22.778427124023438,22.778427124023438,169,0.0,0.0
2020-04-02 00:00:00-04:00,20.38069561922539,23.844081740611934,17.982967376708984,17.982967376708984,1231,0.0,0.0
2020-04-03 00:00:00-04:00,20.513899872747384,20.513899872747384,17.050514221191406,17.050514221191406,738,0.0,0.0
2020-04-06 00:00:00-04:00,19.981076035858496,21.179941042636916,17.050517836157137,18.649003982543945,775,0.0,0.0
2020-04-07 00:00:00-04:00,18.6489997979762,19.581450502453812,18.6489997979762,19.18182945251465,519,0.0,0.0
2020-04-08 00:00:00-04:00,20.247487986878866,22.245595061487396,18.382587944714032,21.2865047454834,1425,0.0,0.0
2020-04-09 00:00:00-04:00,22.64521620793271,24.736567745544967,20.487259570671615,21.1799373626709,575,0.0,0.0
2020-04-13 00:00:00-04:00,23.31125276403305,23.710873858879165,22.112387891541633,22.51201057434082,769,0.0,0.0
2020-04-14 00:00:00-04:00,22.512015068647315,22.512015068647315,19.048626791356398,19.31504249572754,881,0.0,0.0
2020-04-15 00:00:00-04:00,21.845973939986465,21.845973939986465,19.78126335144043,19.78126335144043,1238,0.0,0.0
2020-04-16 00:00:00-04:00,19.847865762059282,21.91257623560061,19.58145171230595,19.714658737182617,544,0.0,0.0
2020-04-17 00:00:00-04:00,21.313148089173048,21.313148089173048,18.649003982543945,18.649003982543945,819,0.0,0.0
2020-04-20 00:00:00-04:00,19.834544891754394,21.033409731846398,18.649001389645147,19.60809326171875,1644,0.0,0.0
2020-04-21 00:00:00-04:00,19.581454434453587,20.247489651426886,19.448247391058928,20.114282608032227,681,0.0,0.0
2020-04-22 00:00:00-04:00,19.981075564637568,20.647110781610866,19.048624672921733,20.114282608032227,531,0.0,0.0
2020-04-23 00:00:00-04:00,20.64710915411328,21.965861320495605,20.220846966440906,20.673751831054688,656,0.0,0.0
2020-04-24 00:00:00-04:00,21.313147586537383,21.313147586537383,18.782210586132415,20.114282608032227,863,0.0,0.0
2020-04-27 00:00:00-04:00,21.046732436569066,23.17804661117317,20.247488628621817,22.911632537841797,3950,0.0,0.0
2020-04-28 00:00:00-04:00,24.110495262012574,24.110495262012574,19.98107405322933,22.645217895507812,1313,0.0,0.0
2020-04-29 00:00:00-04:00,22.645217895507812,25.97539690437937,22.645217895507812,22.645217895507812,1319,0.0,0.0
2020-04-30 00:00:00-04:00,23.7108732362456,24.336947538759965,23.49774294402953,23.97728729248047,450,0.0,0.0
2020-05-01 00:00:00-04:00,23.84408349327153,23.977290539427543,22.778427124023438,22.778427124023438,288,0.0,0.0
2020-05-04 00:00:00-04:00,23.311252006230305,23.311252006230305,22.911630924375082,23.044837951660156,406,0.0,0.0
2020-05-05 00:00:00-04:00,22.645218550876898,23.47110186376335,20.64710981736477,21.313146591186523,1419,0.0,0.0
2020-05-06 00:00:00-04:00,21.979181140961646,23.044838995463657,20.647109219822404,22.645217895507812,2019,0.0,0.0
2020-05-07 00:00:00-04:00,23.044838095658434,23.97728729248047,22.5120099831887,23.97728729248047,638,0.0,0.0
2020-05-08 00:00:00-04:00,23.218006987602728,24.77653044920116,23.218006987602728,24.23038101196289,381,0.0,0.0
2020-05-11 00:00:00-04:00,24.24370621969281,24.643327358160846,22.778427124023438,22.778427124023438,431,0.0,0.0
2020-05-12 00:00:00-04:00,22.11238817428026,24.510117949921515,21.84597410764303,22.645217895507812,919,0.0,0.0
2020-05-13 00:00:00-04:00,22.418761684830663,22.578611373901367,21.712764184611338,22.578611373901367,181,0.0,0.0
2020-05-14 00:00:00-04:00,22.378801954772374,22.645217605956194,19.981073797742614,22.51201057434082,1038,0.0,0.0
2020-05-15 00:00:00-04:00,23.204688028973067,23.697555341966545,22.11238904250951,22.525331497192383,213,0.0,0.0
2020-05-18 00:00:00-04:00,24.11049406844657,24.24370268312392,20.11428009081054,23.231327056884766,844,0.0,0.0
2020-05-19 00:00:00-04:00,22.991554049067833,30.104816567698997,20.247487080439715,23.844079971313477,963,0.0,0.0
2020-05-20 00:00:00-04:00,24.243698437172817,28.373120306274625,23.044833818665484,25.1761474609375,1175,0.0,0.0
2020-05-21 00:00:00-04:00,23.844080115370602,25.30935900345944,21.97918014542654,23.044837951660156,844,0.0,0.0
2020-05-22 00:00:00-04:00,23.17804661117317,23.17804661117317,22.37880280322592,22.911632537841797,306,0.0,0.0
2020-05-26 00:00:00-04:00,22.645217440775532,24.510117457740694,22.645217440775532,23.31125259399414,1031,0.0,0.0
2020-05-27 00:00:00-04:00,22.91163178598345,24.803172914926684,20.913524713614063,23.444459915161133,700,0.0,0.0
2020-05-28 00:00:00-04:00,24.443513942418836,25.29603989131049,22.911631502062974,23.31125259399414,738,0.0,0.0
2020-05-29 00:00:00-04:00,23.31125538458309,24.510120391845703,22.778427198223376,24.510120391845703,450,0.0,0.0
2020-06-01 00:00:00-04:00,24.643324021020668,24.643324021020668,23.97728729248047,23.97728729248047,175,0.0,0.0
2020-06-02 00:00:00-04:00,24.643325095692965,24.643325095692965,23.31125316847519,23.577667236328125,663,0.0,0.0
2020-06-03 00:00:00-04:00,23.31125285602948,25.042945861816406,23.11144230781788,25.042945861816406,931,0.0,0.0
2020-06-04 00:00:00-04:00,23.57766637023002,25.176152306582207,22.911631225063708,24.776531219482422,1175,0.0,0.0
2020-06-05 00:00:00-04:00,24.77653177243303,26.77463884047779,24.110495024449392,26.64143180847168,1706,0.0,0.0
2020-06-08 00:00:00-04:00,29.438788288042385,30.5044447479476,27.29415243934841,28.572940826416016,2044,0.0,0.0
2020-06-09 00:00:00-04:00,30.091496661748867,33.56820225798613,28.37312507629395,28.373125076293945,1913,0.0,0.0
2020-06-10 00:00:00-04:00,28.639539571173735,33.58152252758943,27.973501256011417,29.43878173828125,1038,0.0,0.0
2020-06-11 00:00:00-04:00,29.838400733391474,29.838400733391474,27.041050168400737,27.973499298095703,1731,0.0,0.0
2020-06-12 00:00:00-04:00,29.305578940942638,29.305578940942638,28.106712341308594,28.106712341308594,506,0.0,0.0
2020-06-15 00:00:00-04:00,28.10670490078103,29.97160624213457,28.10670490078103,29.66522979736328,500,0.0,0.0
2020-06-16 00:00:00-04:00,30.371234337025086,38.09724917008487,29.571992080344366,30.104820251464844,1088,0.0,0.0
2020-06-17 00:00:00-04:00,30.69093279734805,31.76991214409335,30.238029454717502,31.17047882080078,438,0.0,0.0
2020-06-18 00:00:00-04:00,31.703306413843666,36.36555586251185,31.703306413843666,35.96593475341797,1494,0.0,0.0
2020-06-19 00:00:00-04:00,33.96782346149848,36.03253395685461,33.301788330078125,33.301788330078125,1563,0.0,0.0
2020-06-22 00:00:00-04:00,35.433106980231855,35.433106980231855,29.305576891268586,29.571990966796875,1131,0.0,0.0
2020-06-23 00:00:00-04:00,28.506321991494058,33.96781128769032,28.506321991494058,32.369327545166016,1213,0.0,0.0
2020-06-24 00:00:00-04:00,31.17047190505967,31.250396753886772,30.411192193014088,30.637643814086914,131,0.0,0.0
2020-06-25 00:00:00-04:00,26.50822074746203,31.01062282639514,26.50822074746203,30.371227264404297,600,0.0,0.0
2020-06-26 00:00:00-04:00,30.371232521401293,30.371232521401293,28.106709753608357,28.972557067871094,206,0.0,0.0
2020-06-29 00:00:00-04:00,27.30746587964653,28.38644501900722,25.44256591796875,25.44256591796875,1306,0.0,0.0
2020-06-30 00:00:00-04:00,24.7765283900974,25.975393102444027,21.57955688247497,24.376907348632812,1544,0.0,0.0
2020-07-01 00:00:00-04:00,24.376907956678437,25.042943042399337,22.77842216299538,24.643321990966797,1288,0.0,0.0
2020-07-02 00:00:00-04:00,24.7765283900974,27.973498309766967,24.243700334811283,24.376907348632812,1306,0.0,0.0
2020-07-06 00:00:00-04:00,24.376910132382633,25.735623098884343,24.376910132382633,24.776531219482422,256,0.0,0.0
2020-07-07 00:00:00-04:00,25.442563459205047,25.442563459205047,23.444456663929245,24.376907348632812,244,0.0,0.0
2020-07-08 00:00:00-04:00,24.11049108623953,24.11049108623953,21.579556303573447,23.497739791870117,375,0.0,0.0
2020-07-09 00:00:00-04:00,23.444456663929245,25.04294241774046,21.97917792393956,24.376907348632812,925,0.0,0.0
2020-07-10 00:00:00-04:00,24.376910729175158,25.042945890647257,22.91163178598345,23.444459915161133,625,0.0,0.0
2020-07-13 00:00:00-04:00,21.979180699603862,25.309359641603024,21.979180699603862,23.31125259399414,944,0.0,0.0
2020-07-14 00:00:00-04:00,22.178990824942083,23.97728729248047,22.178990824942083,23.97728729248047,600,0.0,0.0
2020-07-15 00:00:00-04:00,22.77842475368903,24.90973885835284,22.77842475368903,23.444459915161133,544,0.0,0.0
2020-07-16 00:00:00-04:00,23.31125157567225,25.17615151117167,23.111441038435135,23.710872650146484,338,0.0,0.0
2020-07-17 00:00:00-04:00,24.443510651675794,24.85645302625959,23.71087049381501,24.097171783447266,288,0.0,0.0
2020-07-20 00:00:00-04:00,23.311249650107715,24.7765283900974,22.911628608643127,24.376907348632812,381,0.0,0.0
2020-07-21 00:00:00-04:00,23.31125186539233,25.7089799299905,22.91163078595147,23.844079971313477,244,0.0,0.0
2020-07-22 00:00:00-04:00,23.31125299031638,24.723248174326844,23.31125299031638,23.817440032958984,338,0.0,0.0
2020-07-23 00:00:00-04:00,23.31125259399414,23.31125259399414,22.911631502062974,23.31125259399414,238,0.0,0.0
2020-07-24 00:00:00-04:00,23.311251196879347,24.643323011434475,21.97917938232422,21.97917938232422,338,0.0,0.0
2020-07-27 00:00:00-04:00,22.911632537841797,23.111443092840325,22.778425501176113,22.911632537841797,369,0.0,0.0
2020-07-28 00:00:00-04:00,22.845027700392027,24.110494475645492,22.778424185905003,23.17804527282715,281,0.0,0.0
2020-07-29 00:00:00-04:00,23.178045123775867,24.243702936668367,23.178045123775867,23.97728729248047,181,0.0,0.0
2020-07-30 00:00:00-04:00,23.97728699779376,23.97728699779376,22.778423759471185,23.844079971313477,863,0.0,0.0
2020-07-31 00:00:00-04:00,24.51011856578316,24.643325602448844,22.778425501176113,22.911632537841797,475,0.0,0.0
2020-08-03 00:00:00-04:00,22.312197240178882,22.512009364819544,21.979179679032764,22.11238670349121,575,0.0,0.0
2020-08-04 00:00:00-04:00,22.112388893521032,22.77842566973111,21.17993962996133,21.259862899780273,738,0.0,0.0
2020-08-05 00:00:00-04:00,21.446351291683353,22.645216083578266,21.446351291683353,21.97917938232422,906,0.0,0.0
2020-08-06 00:00:00-04:00,22.059103561137242,22.485365703113192,20.647106940689014,21.153295516967773,1219,0.0,0.0
2020-08-07 00:00:00-04:00,22.112386404984434,22.51200906091805,20.91352320104249,21.97917938232422,569,0.0,0.0
2020-08-10 00:00:00-04:00,21.845974739881417,21.845974739881417,20.247488705843598,21.313146591186523,1688,0.0,0.0
2020-08-11 00:00:00-04:00,20.647107681151073,21.579558432846035,20.24748661097594,21.1799373626709,1500,0.0,0.0
2020-08-12 00:00:00-04:00,21.446351821668202,21.446351821668202,20.247487000146798,20.64710807800293,925,0.0,0.0
2020-08-13 00:00:00-04:00,21.179937769764113,21.179937769764113,20.38069402609884,20.64710807800293,156,0.0,0.0
2020-08-14 00:00:00-04:00,20.380693134627393,20.64710717487827,20.247486114501953,20.247486114501953,344,0.0,0.0
2020-08-17 00:00:00-04:00,21.046729823207524,21.046729823207524,20.247486114501953,20.247486114501953,1356,0.0,0.0
2020-08-18 00:00:00-04:00,20.64710717487827,20.64710717487827,20.114279094376514,20.247486114501953,888,0.0,0.0
2020-08-19 00:00:00-04:00,20.114279811812615,20.114279811812615,19.315037662552616,19.714658737182617,919,0.0,0.0
2020-08-20 00:00:00-04:00,20.034354247120078,20.380693134627393,19.315036973623883,20.247486114501953,775,0.0,0.0
2020-08-21 00:00:00-04:00,19.91447305701308,21.552921679743353,19.634737616458487,20.274131774902344,1381,0.0,0.0
2020-08-24 00:00:00-04:00,19.847864535746588,19.981071552392976,18.249378748037035,19.18182945251465,1856,0.0,0.0
2020-08-25 00:00:00-04:00,18.64899888261582,18.91541290283203,18.64899888261582,18.91541290283203,125,0.0,0.0
2020-08-26 00:00:00-04:00,18.24937959945177,19.714658438876715,17.316928851471182,19.581451416015625,1138,0.0,0.0
2020-08-27 00:00:00-04:00,17.982961979445147,19.261749779921562,17.982961979445147,18.116168975830078,594,0.0,0.0
2020-08-28 00:00:00-04:00,18.515793248219893,18.515793248219893,17.596663857411517,17.84975814819336,150,0.0,0.0
2020-08-31 00:00:00-04:00,17.58334368357029,18.449189292695856,17.38353157043457,17.38353157043457,475,0.0,0.0
2020-09-01 00:00:00-04:00,17.18372074204851,18.915413517697175,17.050513727610372,17.250324249267578,1475,0.0,0.0
2020-09-02 00:00:00-04:00,18.782207378016363,21.579557987406034,16.91730750107423,17.1837215423584,3238,0.0,0.0
2020-09-03 00:00:00-04:00,16.917308217607207,18.116173042116863,16.25127308618685,16.650894165039062,731,0.0,0.0
2020-09-04 00:00:00-04:00,16.650894165039062,16.903988467750604,16.118066059902777,16.650894165039062,1588,0.0,0.0
2020-09-08 00:00:00-04:00,16.517690658569336,16.517690658569336,16.118069494560405,16.517690658569336,831,0.0,0.0
2020-09-09 00:00:00-04:00,16.517687652175166,16.584291167387445,16.118066560901507,16.45108413696289,981,0.0,0.0
2020-09-10 00:00:00-04:00,16.504365944680934,16.504365944680934,15.332143785581689,15.851652145385742,381,0.0,0.0
2020-09-11 00:00:00-04:00,16.1047450109304,16.11806634897893,15.705123924911017,15.918255805969238,825,0.0,0.0
2020-09-14 00:00:00-04:00,16.51769007702488,16.51769007702488,14.919203889314304,15.452032089233398,1456,0.0,0.0
2020-09-15 00:00:00-04:00,15.984858074837517,17.982964937203977,15.984858074837517,17.050514221191406,869,0.0,0.0
2020-09-16 00:00:00-04:00,18.649003675288224,19.714661617973036,17.237008370087583,17.58334732055664,1750,0.0,0.0
2020-09-17 00:00:00-04:00,17.716554364898087,17.716554364898087,17.023876463959976,17.58334732055664,306,0.0,0.0
2020-09-18 00:00:00-04:00,16.943952915921525,17.71655573854948,16.517690658569336,16.517690658569336,188,0.0,0.0
2020-09-21 00:00:00-04:00,17.050512645268185,17.050512645268185,16.251270609374096,16.384477615356445,1025,0.0,0.0
2020-09-22 00:00:00-04:00,16.51768533775381,16.51768533775381,14.919199608682383,15.185613632202148,2425,0.0,0.0
2020-09-23 00:00:00-04:00,14.652787128409836,15.185615231567391,13.853543385720496,14.186562538146973,1369,0.0,0.0
2020-09-24 00:00:00-04:00,14.25316662669277,14.25316662669277,13.7203369140625,13.7203369140625,1156,0.0,0.0
2020-09-25 00:00:00-04:00,13.986752232031483,14.78599607875074,13.720338145776136,13.853545188903809,813,0.0,0.0
2020-09-28 00:00:00-04:00,14.253165158963508,16.650893061056344,14.253165158963508,15.665160179138184,1775,0.0,0.0
2020-09-29 00:00:00-04:00,16.251270126874626,16.251270126874626,14.253163508510339,15.518630027770996,488,0.0,0.0
2020-09-30 00:00:00-04:00,14.919203978549803,16.624256134033203,14.919203978549803,16.624256134033203,356,0.0,0.0
2020-10-01 00:00:00-04:00,16.517687434998315,16.517687434998315,15.918255805969238,15.918255805969238,1081,0.0,0.0
2020-10-02 00:00:00-04:00,16.384474240398546,16.65088819748593,16.184663772583008,16.184663772583008,331,0.0,0.0
2020-10-05 00:00:00-04:00,16.051462060443704,16.11806557156783,15.718442916870119,15.718442916870117,356,0.0,0.0
2020-10-06 00:00:00-04:00,15.851651585969183,15.984858608712372,15.318821907043459,15.318821907043457,213,0.0,0.0
2020-10-07 00:00:00-04:00,15.73176752937224,15.73176752937224,15.37210881201751,15.452032089233398,369,0.0,0.0
2020-10-08 00:00:00-04:00,15.585234667481798,15.585234667481798,15.079047705203676,15.185613632202148,488,0.0,0.0
2020-10-09 00:00:00-04:00,15.851651527071331,15.984858549319581,15.05240780562887,15.718442916870117,969,0.0,0.0
2020-10-12 00:00:00-04:00,15.31882208601887,15.838330433558694,15.185615061719373,15.598557472229004,363,0.0,0.0
2020-10-13 00:00:00-04:00,15.052405520674965,15.518630027770996,15.052405520674965,15.518630027770996,48050,0.0,0.0
2020-10-14 00:00:00-04:00,26.907845725177896,81.65598957037795,26.50822463134727,37.96403884887695,8579488,0.0,0.0
2020-10-15 00:00:00-04:00,29.172365228711136,45.82325818903862,29.172365228711136,38.3636589050293,409825,0.0,0.0
2020-10-16 00:00:00-04:00,34.74042943965719,36.49876362501459,31.037268673596667,32.102928161621094,79863,0.0,0.0
2020-10-19 00:00:00-04:00,30.371233193381748,33.96782638891996,28.23991741324913,29.571990966796875,46869,0.0,0.0
2020-10-20 00:00:00-04:00,31.03726488231648,31.57009297328924,27.440672092344442,30.637643814086914,29463,0.0,0.0
2020-10-21 00:00:00-04:00,28.905950528906246,39.42931412904104,27.84029124440127,37.43120574951172,60050,0.0,0.0
2020-10-22 00:00:00-04:00,42.493082587471456,42.493082587471456,33.76801444333209,35.56631088256836,33100,0.0,0.0
2020-10-23 00:00:00-04:00,34.10103108690975,35.16669049181111,32.768960800665646,33.56820297241211,9975,0.0,0.0
2020-10-26 00:00:00-04:00,32.369340152227565,33.30178936519944,31.96971906095391,32.90216827392578,5038,0.0,0.0
2020-10-27 00:00:00-04:00,32.63574822473054,32.968764151733644,31.969713194818805,32.76895523071289,4525,0.0,0.0
2020-10-28 00:00:00-04:00,33.30178077796968,35.299888895009985,27.573873594905415,28.905946731567383,15188,0.0,0.0
2020-10-29 00:00:00-04:00,28.77274341512824,30.637641598682293,28.239912186778515,30.50443458557129,4975,0.0,0.0
2020-10-30 00:00:00-04:00,29.30557947566773,30.504442921270353,25.442570275977193,25.708984375,6431,0.0,0.0
2020-11-02 00:00:00-05:00,25.1761474609375,26.428294245621714,24.64331944735768,25.1761474609375,4206,0.0,0.0
2020-11-03 00:00:00-05:00,24.64332419044916,25.975396068734824,24.110494486363066,24.776531219482422,3650,0.0,0.0
2020-11-04 00:00:00-05:00,24.643323997572974,25.44256616551711,22.378801345825195,22.378801345825195,6613,0.0,0.0
2020-11-05 00:00:00-05:00,22.112388894350453,23.97728900949296,22.112388894350453,22.245595932006836,4469,0.0,0.0
2020-11-06 00:00:00-05:00,23.444458600496997,25.17615151117167,22.911630501198015,23.710872650146484,4563,0.0,0.0
2020-11-09 00:00:00-05:00,25.442571229842873,47.68816997564804,23.977292042329477,33.967830657958984,121138,0.0,0.0
2020-11-10 00:00:00-05:00,33.16858252021719,33.568203613725096,25.176152710293824,27.440673828125,31738,0.0,0.0
2020-11-11 00:00:00-05:00,26.241809844970703,27.573880120997217,24.643323925785865,26.241809844970703,7138,0.0,0.0
2020-11-12 00:00:00-05:00,25.708979565500254,26.175205739524326,25.042944442541565,25.97539520263672,4200,0.0,0.0
2020-11-13 00:00:00-05:00,27.041051270200906,31.037265164769902,25.082906747693634,26.77463722229004,37556,0.0,0.0
2020-11-16 00:00:00-05:00,27.307465195231323,30.637643955037728,26.641430078451233,27.57387924194336,24313,0.0,0.0
2020-11-17 00:00:00-05:00,27.97350749618727,29.17237419019117,27.24087026752574,28.066755294799805,8044,0.0,0.0
2020-11-18 00:00:00-05:00,30.63764498894252,33.608165203522105,27.973501256011417,29.43878173828125,29319,0.0,0.0
2020-11-19 00:00:00-05:00,28.63954094459197,29.705197218505873,28.10670963172881,28.559616088867188,5175,0.0,0.0
2020-11-20 00:00:00-05:00,28.50633054811295,28.746101911100748,27.17425718692859,27.973499298095703,5531,0.0,0.0
2020-11-23 00:00:00-05:00,27.973506437980767,29.678558615873868,27.840299385453495,29.305580139160156,4938,0.0,0.0
2020-11-24 00:00:00-05:00,30.77085430667418,32.63575601127851,29.039162815740298,29.571990966796875,22244,0.0,0.0
2020-11-25 00:00:00-05:00,30.637640017144893,30.637640017144893,29.30556995479728,29.838397979736328,3906,0.0,0.0
2020-11-27 00:00:00-05:00,29.838406165904605,30.238027294244965,29.438785037564244,30.104820251464844,1300,0.0,0.0
2020-11-30 00:00:00-05:00,30.90405531144383,30.90405531144383,29.039157146805472,30.371227264404297,3388,0.0,0.0
2020-12-01 00:00:00-05:00,30.238022884969673,30.238022884969673,27.307465195231323,27.57387924194336,4731,0.0,0.0
2020-12-02 00:00:00-05:00,27.973499079690182,29.305572430474264,26.774635922299737,27.04104995727539,3650,0.0,0.0
2020-12-03 00:00:00-05:00,27.440669829781207,31.277036849914907,27.440669829781207,30.371227264404297,16044,0.0,0.0
2020-12-04 00:00:00-05:00,32.369341902110946,40.22856347384054,31.836513751608095,34.63386154174805,52613,0.0,0.0
2020-12-07 00:00:00-05:00,34.367445608595865,34.367445608595865,31.103871775241256,32.90216827392578,13613,0.0,0.0
2020-12-08 00:00:00-05:00,32.10292048556589,35.03347781907819,32.10292048556589,33.7014045715332,21806,0.0,0.0
2020-12-09 00:00:00-05:00,33.9678197578268,34.7670618283861,29.971606229124653,30.371227264404297,13206,0.0,0.0
2020-12-10 00:00:00-05:00,29.971612549111406,33.03537764153752,29.971612549111406,31.476852416992188,9906,0.0,0.0
2020-12-11 00:00:00-05:00,31.83651498351282,32.302738045290035,29.971613208684726,30.104820251464844,4894,0.0,0.0
2020-12-14 00:00:00-05:00,30.238020252644418,31.43688335848336,30.238020252644418,30.371227264404297,3363,0.0,0.0
2020-12-15 00:00:00-05:00,30.23802178897503,30.864094458465352,27.973499298095703,27.973499298095703,9906,0.0,0.0
2020-12-16 00:00:00-05:00,29.571993147724367,31.170477718781967,28.77275086219557,29.7052001953125,3825,0.0,0.0
2020-12-17 00:00:00-05:00,29.305571170325237,31.43688335848336,28.919269883449875,30.371227264404297,3294,0.0,0.0
2020-12-18 00:00:00-05:00,29.705190035267616,33.035368261859006,29.705190035267616,31.037260055541992,7569,0.0,0.0
2020-12-21 00:00:00-05:00,30.371219691105747,33.03536243788447,30.104805734018363,32.369327545166016,2300,0.0,0.0
2020-12-22 00:00:00-05:00,31.969717527475467,32.10292455151053,30.10481601507858,30.770851135253906,3638,0.0,0.0
2020-12-23 00:00:00-05:00,29.705199396605863,30.637648704651312,28.63954304455392,30.238027572631836,9756,0.0,0.0
2020-12-24 00:00:00-05:00,30.504443559312726,31.703310205897868,30.371236507015112,31.17047882080078,1219,0.0,0.0
2020-12-28 00:00:00-05:00,30.50443301091013,31.903108164327893,29.705190973501566,29.838397979736328,7788,0.0,0.0
2020-12-29 00:00:00-05:00,30.104815343061716,31.170471511554055,28.639538111384745,28.77274513244629,6269,0.0,0.0
2020-12-30 00:00:00-05:00,29.838399957824663,30.63764204821769,29.03915786743164,29.03915786743164,2400,0.0,0.0
2020-12-31 00:00:00-05:00,29.03915786743164,29.63858784727353,28.10670558606736,29.03915786743164,2706,0.0,0.0
2021-01-04 00:00:00-05:00,30.10481687753751,30.10481687753751,28.599577145227755,29.43878173828125,2519,0.0,0.0
2021-01-05 00:00:00-05:00,29.30557347776824,33.30178732112166,28.639538366526995,31.436885833740234,13131,0.0,0.0
2021-01-06 00:00:00-05:00,31.03727176850317,32.755646871820986,30.371236507015112,31.17047882080078,7363,0.0,0.0
2021-01-07 00:00:00-05:00,30.637641598682293,33.035371010586076,30.371227572460285,30.50443458557129,8175,0.0,0.0
2021-01-08 00:00:00-05:00,31.03726983667079,31.396931713804122,29.97161348461885,30.238027572631836,3250,0.0,0.0
2021-01-11 00:00:00-05:00,29.838406165904605,31.170476593705803,29.838406165904605,30.104820251464844,6281,0.0,0.0
2021-01-12 00:00:00-05:00,30.50444196266695,31.703308546501713,29.438785600064026,31.30368423461914,8438,0.0,0.0
2021-01-13 00:00:00-05:00,31.969723180217297,31.969723180217297,29.438786100136234,29.7052001953125,5944,0.0,0.0
2021-01-14 00:00:00-05:00,29.83840156676124,32.23613114313566,29.83840156676124,31.436885833740234,38038,0.0,0.0
2021-01-15 00:00:00-05:00,32.23613357543945,32.6357546723367,31.037267108841554,32.23613357543945,14894,0.0,0.0
2021-01-19 00:00:00-05:00,31.57009437868614,32.36933972663099,31.303680321339883,31.836511611938477,9581,0.0,0.0
2021-01-20 00:00:00-05:00,33.568205739589786,34.327485547749156,31.436889929999232,31.570096969604492,21263,0.0,0.0
2021-01-21 00:00:00-05:00,32.369344982169864,34.10103663608077,31.303685403856555,32.5025520324707,23956,0.0,0.0
2021-01-22 00:00:00-05:00,31.96971862891919,33.96782405828534,31.836511600294777,33.56820297241211,12206,0.0,0.0
2021-01-25 00:00:00-05:00,34.10103108690975,34.367445144158566,32.236132686168006,33.56820297241211,36900,0.0,0.0
2021-01-26 00:00:00-05:00,33.96782405828534,35.96593266355757,32.63575377204124,33.56820297241211,42556,0.0,0.0
2021-01-27 00:00:00-05:00,32.63575602964975,33.03537714316714,31.303682475352158,31.9697208404541,16681,0.0,0.0
2021-01-28 00:00:00-05:00,31.57009408742127,31.83651131821565,29.438781648314652,31.703304290771484,9513,0.0,0.0
2021-01-29 00:00:00-05:00,30.770857663907947,33.70141599036204,30.504443559312726,31.17047882080078,35513,0.0,0.0
2021-02-01 00:00:00-05:00,31.303676346723478,31.303676346723478,30.104813240884535,30.371227264404297,8281,0.0,0.0
2021-02-02 00:00:00-05:00,29.705200728648833,31.170478278426344,29.705200728648833,30.904064178466797,6831,0.0,0.0
2021-02-03 00:00:00-05:00,30.904061634581904,33.168584473739195,30.504440517537613,32.102928161621094,14619,0.0,0.0
2021-02-04 00:00:00-05:00,32.902167841323504,33.16858189866976,31.703304583265346,31.836511611938477,10975,0.0,0.0
2021-02-05 00:00:00-05:00,32.63575203441715,36.365551813221124,32.236130969820934,35.03348159790039,45331,0.0,0.0
2021-02-08 00:00:00-05:00,34.63385354364701,39.16289812882778,34.63385354364701,36.631961822509766,34556,0.0,0.0
2021-02-09 00:00:00-05:00,36.09914200904805,45.290437101753795,34.90027549857827,42.62629318237305,210819,0.0,0.0
2021-02-10 00:00:00-05:00,41.42741724551259,42.226662462601034,36.232340801918326,36.631961822509766,151763,0.0,0.0
2021-02-11 00:00:00-05:00,37.964040658297144,37.964040658297144,33.56820524074235,34.63386154174805,29606,0.0,0.0
2021-02-12 00:00:00-05:00,34.900267636008685,36.099133876389736,32.10292048556589,33.7014045715332,35363,0.0,0.0
2021-02-16 00:00:00-05:00,35.033479625998936,35.83272171020508,33.56819929571528,35.83272171020508,22538,0.0,0.0
2021-02-17 00:00:00-05:00,35.83272656499566,35.83272656499566,33.86126058464002,35.43310546875,11056,0.0,0.0
2021-02-18 00:00:00-05:00,34.55393853228434,38.763284570615106,34.10103208103322,36.36555480957031,70025,0.0,0.0
2021-02-19 00:00:00-05:00,37.16479261896881,37.16479261896881,34.101028056926395,34.76706314086914,38319,0.0,0.0
2021-02-22 00:00:00-05:00,34.367442090503495,37.031585602180265,33.96782104013785,34.76706314086914,36088,0.0,0.0
2021-02-23 00:00:00-05:00,32.10293141813956,32.10293141813956,26.641435912708026,29.305580139160156,23550,0.0,0.0
2021-02-24 00:00:00-05:00,30.371235978547702,32.63575900411044,29.705200728648833,30.904064178466797,20275,0.0,0.0
2021-02-25 00:00:00-05:00,31.969718279778053,31.969718279778053,28.37312537029128,28.506332397460938,11375,0.0,0.0
2021-02-26 00:00:00-05:00,28.373125462519177,28.63953951772448,26.10860281736805,26.241809844970703,17400,0.0,0.0
2021-03-01 00:00:00-05:00,27.041051148519287,28.23991435872345,27.041051148519287,27.57387924194336,8069,0.0,0.0
2021-03-02 00:00:00-05:00,28.10670157920808,29.891677867346257,27.440666598829747,28.905946731567383,19744,0.0,0.0
2021-03-03 00:00:00-05:00,29.172368409232043,29.305575440401345,27.440673828125,27.440673828125,4900,0.0,0.0
2021-03-04 00:00:00-05:00,27.44067638320737,28.10671160107038,21.84597578929846,24.24370574951172,10294,0.0,0.0
2021-03-05 00:00:00-05:00,23.9772900744133,25.149513963396053,22.245596920016265,24.24370574951172,6363,0.0,0.0
2021-03-08 00:00:00-05:00,25.042945277548945,25.975396068734824,23.844080428296543,24.776531219482422,3819,0.0,0.0
2021-03-09 00:00:00-05:00,25.309357704898215,27.307464599609375,25.002981240271367,27.307464599609375,5363,0.0,0.0
2021-03-10 00:00:00-05:00,27.707088064520576,28.905954528481743,24.909738804439144,26.64143180847168,19400,0.0,0.0
2021-03-11 00:00:00-05:00,27.573881999195095,37.29800520426647,26.64143274246266,36.89838409423828,690719,0.0,0.0
2021-03-12 00:00:00-05:00,33.5948516188866,33.96783009495726,29.705201245527057,31.17047882080078,277063,0.0,0.0
2021-03-15 00:00:00-04:00,30.637641598682293,31.83650789258704,29.571985493794262,30.50443458557129,128563,0.0,0.0
2021-03-16 00:00:00-04:00,30.238028385665036,31.3036847663701,28.77275086219557,29.7052001953125,100469,0.0,0.0
2021-03-17 00:00:00-04:00,28.90594802310299,31.703298241584626,28.239909837060356,31.037260055541992,113363,0.0,0.0
2021-03-18 00:00:00-04:00,30.6376506644329,32.76896668077593,29.172373086632884,29.305580139160156,65650,0.0,0.0
2021-03-19 00:00:00-04:00,29.039157146805472,30.3712272644043,28.772743123285707,30.371227264404297,29094,0.0,0.0
2021-03-22 00:00:00-04:00,29.039160506139563,29.17236753330922,27.30746597702798,28.506332397460938,21025,0.0,0.0
2021-03-23 00:00:00-04:00,27.97350082301977,30.104816411556005,27.70708677144099,28.373125076293945,45619,0.0,0.0
2021-03-24 00:00:00-04:00,28.10670823140782,28.90595357292978,25.9753957897654,26.241809844970703,21950,0.0,0.0
2021-03-25 00:00:00-04:00,25.575772831431202,26.641430628223212,24.510116622592196,26.10860252380371,12150,0.0,0.0
2021-03-26 00:00:00-04:00,26.108602543600885,28.905953269830412,26.108602543600885,27.840293884277344,44438,0.0,0.0
2021-03-29 00:00:00-04:00,26.77463613134503,29.17236564075221,26.77463613134503,27.973499298095703,17788,0.0,0.0
2021-03-30 00:00:00-04:00,27.973499701862114,27.973499701862114,26.37501545645554,27.307464599609375,7069,0.0,0.0
2021-03-31 00:00:00-04:00,26.774635922299737,27.973499079690182,26.774635922299737,27.04104995727539,5525,0.0,0.0
2021-04-01 00:00:00-04:00,27.041055964661904,29.305578940942638,27.041055964661904,28.106712341308594,14588,0.0,0.0
2021-04-05 00:00:00-04:00,27.7070878904636,28.63954028455484,27.041052734617097,27.440673828125,28681,0.0,0.0
2021-04-06 00:00:00-04:00,27.30746696850224,27.9735021285328,26.10860368044723,26.64143180847168,10706,0.0,0.0
2021-04-07 00:00:00-04:00,25.97539667475694,26.095282368502666,25.042945861816406,25.042945861816406,21044,0.0,0.0
2021-04-08 00:00:00-04:00,25.309359641603024,26.108603413418415,22.378801791535025,23.31125259399414,45819,0.0,0.0
2021-04-09 00:00:00-04:00,19.315038590583736,20.24748780952186,18.91541590880004,18.982019424438477,350700,0.0,0.0
2021-04-12 00:00:00-04:00,19.04862153187227,19.315037162683822,17.71655131757928,18.782207489013672,57038,0.0,0.0
2021-04-13 00:00:00-04:00,18.249380404126708,19.181831193222102,17.84975931792284,18.382587432861328,54569,0.0,0.0
2021-04-14 00:00:00-04:00,17.98296587356637,18.382586949257114,17.316929159462134,17.450136184692383,53719,0.0,0.0
2021-04-15 00:00:00-04:00,17.58334388232127,17.982964937203977,17.050514221191406,17.050514221191406,146556,0.0,0.0
2021-04-16 00:00:00-04:00,17.903043591794827,18.116175497922434,16.784103466554726,17.58334732055664,121213,0.0,0.0
2021-04-19 00:00:00-04:00,17.716554364898087,17.849761409239537,17.050517555237622,17.58334732055664,25725,0.0,0.0
2021-04-20 00:00:00-04:00,17.050512645268185,17.31692665723288,16.384477615356445,16.384477615356445,29331,0.0,0.0
2021-04-21 00:00:00-04:00,16.650895425109592,18.382588485802863,16.384481352380337,17.982967376708984,35088,0.0,0.0
2021-04-22 00:00:00-04:00,18.382587432861328,19.04862257653444,17.31692961503131,18.382587432861328,58663,0.0,0.0
2021-04-23 00:00:00-04:00,18.382587432861328,18.515794461595952,17.71655228918822,18.382587432861328,27525,0.0,0.0
2021-04-26 00:00:00-04:00,18.382587432861328,18.649001490330573,17.84975931792284,18.382587432861328,48338,0.0,0.0
2021-04-27 00:00:00-04:00,18.64900314060993,18.64900314060993,18.049571458259486,18.24938201904297,36888,0.0,0.0
2021-04-28 00:00:00-04:00,18.382587003240502,19.181830744922088,18.11617295199764,19.048622131347656,125575,0.0,0.0
2021-04-29 00:00:00-04:00,18.782211029080077,19.048625122152334,18.11617579639943,18.649003982543945,43119,0.0,0.0
2021-04-30 00:00:00-04:00,18.51579610008761,19.315039931174717,17.45013818795586,18.24938201904297,102156,0.0,0.0
2021-05-03 00:00:00-04:00,18.64899696136981,19.181826534862196,17.71654798667528,18.116168975830078,100956,0.0,0.0
2021-05-04 00:00:00-04:00,18.116173830620664,18.116173830620664,16.517687857684926,17.716552734375,66263,0.0,0.0
2021-05-05 00:00:00-04:00,18.249382842935557,20.380697175466885,17.716554656791036,18.649003982543945,303688,0.0,0.0
2021-05-06 00:00:00-04:00,18.249381622207153,19.048623847961426,16.91730965799689,17.316930770874023,95988,0.0,0.0
2021-05-07 00:00:00-04:00,17.183723570568095,20.913525352637024,17.05051653420347,17.982967376708984,852475,0.0,0.0
2021-05-10 00:00:00-04:00,17.583344555188724,23.57766537167469,17.0505148736689,21.1799373626709,957825,0.0,0.0
2021-05-11 00:00:00-04:00,18.502476747775557,23.178047782015835,17.583347195580473,20.114282608032227,2330788,0.0,0.0
2021-05-12 00:00:00-04:00,19.714661617973036,21.659486688492695,17.31693164392052,17.58334732055664,1310625,0.0,0.0
2021-05-13 00:00:00-04:00,18.382588659832866,19.714660624043134,16.91730965799689,17.316930770874023,525019,0.0,0.0
2021-05-14 00:00:00-04:00,17.543384005200252,17.98296754695573,17.0505166956226,17.316930770874023,204738,0.0,0.0
2021-05-17 00:00:00-04:00,17.583346267615106,18.91541663126137,17.316930606932722,17.982967376708984,179406,0.0,0.0
2021-05-18 00:00:00-04:00,18.116172381867177,19.181830141254522,17.58334429614998,18.782207489013672,126750,0.0,0.0
2021-05-19 00:00:00-04:00,17.982965553729596,19.98107248459889,17.729871257521744,19.581451416015625,122750,0.0,0.0
2021-05-20 00:00:00-04:00,19.18183193443343,20.11428117160686,18.915416278716492,19.448246002197266,79681,0.0,0.0
2021-05-21 00:00:00-04:00,19.315035521109166,19.84786356154159,18.515791872507712,18.91541290283203,86744,0.0,0.0
2021-05-24 00:00:00-04:00,18.91541722165457,19.44824697169704,17.716553856953684,18.24938201904297,79106,0.0,0.0
2021-05-25 00:00:00-04:00,17.982961979445147,18.782203957754742,17.71654798667528,18.116168975830078,100619,0.0,0.0
2021-05-26 00:00:00-04:00,17.849758339008577,19.181830141254522,17.71655131757928,18.782207489013672,61988,0.0,0.0
2021-05-27 00:00:00-04:00,18.649005616729774,19.847870728563038,18.5157985585209,19.31504249572754,51788,0.0,0.0
2021-05-28 00:00:00-04:00,19.181830744922088,19.981072898650673,18.649001054483364,19.048622131347656,39413,0.0,0.0
2021-06-01 00:00:00-04:00,19.71465889633862,21.71276587357229,19.181830792530445,20.64710807800293,222056,0.0,0.0
2021-06-02 00:00:00-04:00,20.647107093187184,22.112385896722515,20.380693053990385,20.913522720336914,246756,0.0,0.0
2021-06-03 00:00:00-04:00,21.179938226914448,21.179938226914448,19.7146593218622,19.9810733795166,62956,0.0,0.0
2021-06-04 00:00:00-04:00,19.581450122872564,20.647106235386207,19.315036094744155,19.847864151000977,79994,0.0,0.0
2021-06-07 00:00:00-04:00,19.981072074251074,20.380693134627393,19.7146580340002,20.247486114501953,54650,0.0,0.0
2021-06-08 00:00:00-04:00,20.247488779207945,22.778425670585513,19.8478676662388,22.245595932006836,471194,0.0,0.0
2021-06-09 00:00:00-04:00,22.51201013796392,29.039160912405944,21.845973404844568,24.776531219482422,1664175,0.0,0.0
2021-06-10 00:00:00-04:00,25.04294479758907,26.108602597384373,23.04483781243176,23.844079971313477,354750,0.0,0.0
2021-06-11 00:00:00-04:00,23.17804527282715,23.710873388723346,22.645217156930954,23.17804527282715,120994,0.0,0.0
2021-06-14 00:00:00-04:00,23.57766537167469,23.57766537167469,20.780314704542786,21.1799373626709,206875,0.0,0.0
2021-06-15 00:00:00-04:00,20.247489651426886,20.913526456353402,19.448247391058928,20.114282608032227,126981,0.0,0.0
2021-06-16 00:00:00-04:00,20.114279974194755,20.913523717860027,19.581451870386577,20.64710807800293,94888,0.0,0.0
2021-06-17 00:00:00-04:00,20.647107780871004,21.57955853706945,19.981072660695673,20.513900756835938,73456,0.0,0.0
2021-06-18 00:00:00-04:00,20.274129294674538,20.51390227325261,19.448246002197266,19.448246002197266,63031,0.0,0.0
2021-06-21 00:00:00-04:00,19.71465822697172,19.84786524840102,18.382586424725776,18.782207489013672,76425,0.0,0.0
2021-06-22 00:00:00-04:00,17.982968483135473,20.91352663937007,17.60998844077579,18.515796661376953,235538,0.0,0.0
2021-06-23 00:00:00-04:00,18.249382842935557,19.448247849713976,18.11617579639943,18.649003982543945,62031,0.0,0.0
2021-06-24 00:00:00-04:00,18.78221267493865,19.58145661214529,18.649005616729774,19.31504249572754,52894,0.0,0.0
2021-06-25 00:00:00-04:00,19.315040803177848,19.40828541816249,18.382589889471685,18.649003982543945,50500,0.0,0.0
2021-06-28 00:00:00-04:00,18.91541779505806,19.18183347213203,17.99628823481957,18.515796661376953,71194,0.0,0.0
2021-06-29 00:00:00-04:00,18.782210750497693,18.782210750497693,17.8497614385751,18.515796661376953,49844,0.0,0.0
2021-06-30 00:00:00-04:00,18.382582968599944,18.515789964984876,17.849754983060212,18.116168975830078,39369,0.0,0.0
2021-07-01 00:00:00-04:00,18.009606254609142,18.649000268225198,17.716551128188055,17.84975814819336,38469,0.0,0.0
2021-07-02 00:00:00-04:00,18.249382842935557,18.649003982543945,17.583347610254908,18.649003982543945,43025,0.0,0.0
2021-07-06 00:00:00-04:00,18.51579333673219,18.51579333673219,16.91730750107423,17.1837215423584,55525,0.0,0.0
2021-07-07 00:00:00-04:00,17.316932986587197,17.343575667883808,15.452032633258835,16.517690658569336,48513,0.0,0.0
2021-07-08 00:00:00-04:00,15.98486042022705,16.25127449590531,15.052409567399994,15.98486042022705,34700,0.0,0.0
2021-07-09 00:00:00-04:00,16.384479982850404,17.450136184692383,15.984858907159662,17.450136184692383,39856,0.0,0.0
2021-07-12 00:00:00-04:00,17.05051524389128,17.31692929645942,16.51768713875499,16.650894165039062,33300,0.0,0.0
2021-07-13 00:00:00-04:00,17.05051887724791,17.05051887724791,15.98486243989076,16.517690658569336,32081,0.0,0.0
2021-07-14 00:00:00-04:00,16.6508956094227,16.6508956094227,15.98486042022705,15.98486042022705,16306,0.0,0.0
2021-07-15 00:00:00-04:00,16.118067458066182,16.78410264726183,15.718444756595643,15.98486042022705,33206,0.0,0.0
2021-07-16 00:00:00-04:00,15.811689161555632,16.11806563145556,15.18561488430027,15.318821907043457,38913,0.0,0.0
2021-07-19 00:00:00-04:00,14.919202521162584,14.945843611124783,14.119958706624566,14.785995483398438,49550,0.0,0.0
2021-07-20 00:00:00-04:00,14.919198989868162,15.851649621464261,14.919198989868162,14.919198989868164,17450,0.0,0.0
2021-07-21 00:00:00-04:00,15.318821850125369,16.65089366056083,15.318821850125369,15.718442916870117,58031,0.0,0.0
2021-07-22 00:00:00-04:00,16.25127308618685,16.650894165039062,15.318822314245336,16.650894165039062,35050,0.0,0.0
2021-07-23 00:00:00-04:00,16.51768857158357,16.584292090503133,15.98486042022705,15.98486042022705,12431,0.0,0.0
2021-07-26 00:00:00-04:00,15.984859172829907,16.650894310050724,15.718443529988553,15.851652145385742,10956,0.0,0.0
2021-07-27 00:00:00-04:00,15.718446189192946,16.51769007702488,15.452032089233398,15.452032089233398,13513,0.0,0.0
2021-07-28 00:00:00-04:00,15.452030680917384,16.051463939146615,15.318823643078254,15.98486042022705,9769,0.0,0.0
2021-07-29 00:00:00-04:00,15.98486243989076,17.05051887724791,15.718446742598122,16.517690658569336,22963,0.0,0.0
2021-07-30 00:00:00-04:00,16.24690818786621,16.517689721999773,15.434561971480273,16.24690818786621,61131,0.32,0.0
2021-08-02 00:00:00-04:00,16.11151425693043,16.246904997410102,15.705340421506476,15.97612190246582,12825,0.0,0.0
2021-08-03 00:00:00-04:00,16.11151469436718,16.11151469436718,15.569950103759767,15.569950103759766,17994,0.0,0.0
2021-08-04 00:00:00-04:00,15.840731161986147,15.97612190246582,15.299168200067458,15.97612190246582,16238,0.0,0.0
2021-08-05 00:00:00-04:00,15.97612190246582,15.97612190246582,15.569949681026802,15.97612190246582,6788,0.0,0.0
2021-08-06 00:00:00-04:00,15.949044857453808,16.111515045166016,15.705341189870515,16.111515045166016,6556,0.0,0.0
2021-08-09 00:00:00-04:00,16.111513244004215,16.788466903842696,15.840730166083986,16.653076171875,41550,0.0,0.0
2021-08-10 00:00:00-04:00,16.38229917121369,16.788471477776355,15.840734481811522,15.840734481811523,21431,0.0,0.0
2021-08-11 00:00:00-04:00,16.11151425693043,16.11151425693043,15.434558940547129,15.97612190246582,16044,0.0,0.0
2021-08-12 00:00:00-04:00,15.976121100295353,15.976121100295353,15.434558165568856,15.502253532409668,7275,0.0,0.0
2021-08-13 00:00:00-04:00,15.840733049397018,15.840733049397018,15.29917002295152,15.705342292785645,11288,0.0,0.0
2021-08-16 00:00:00-04:00,15.29916894856003,16.4093743659967,15.069005001281093,16.111515045166016,28913,0.0,0.0
2021-08-17 00:00:00-04:00,16.111516677607792,16.111516677607792,14.351433558958206,15.028388977050781,38206,0.0,0.0
2021-08-18 00:00:00-04:00,15.569947684175334,15.84072913040686,14.757603345480755,15.43455696105957,28763,0.0,0.0
2021-08-19 00:00:00-04:00,15.434561254860235,15.705342776421526,14.757607450957007,15.29917049407959,15450,0.0,0.0
2021-08-20 00:00:00-04:00,15.028391385239015,15.434563732789558,14.35143585866934,14.893000602722168,35738,0.0,0.0
2021-08-23 00:00:00-04:00,15.163777351379395,15.569949569919977,14.622214393325287,15.163777351379395,26200,0.0,0.0
2021-08-24 00:00:00-04:00,15.02838479171228,15.705338407291096,15.02838479171228,15.43455696105957,7806,0.0,0.0
2021-08-25 00:00:00-04:00,15.569950562973554,17.736204147338867,15.312708787084906,17.736204147338867,98675,0.0,0.0
2021-08-26 00:00:00-04:00,17.059247342043935,17.600810237351762,17.059247342043935,17.397724151611328,12844,0.0,0.0
2021-08-27 00:00:00-04:00,17.194641905743243,18.14237879816335,17.032173323665692,17.871597290039062,17856,0.0,0.0
2021-08-30 00:00:00-04:00,17.600812417230983,18.006986253001653,17.35710876136256,17.465421676635742,6225,0.0,0.0
2021-08-31 00:00:00-04:00,17.0592511516811,18.413160306287637,16.923860397618956,17.871597290039062,14381,0.0,0.0
2021-09-01 00:00:00-04:00,18.006988525390625,18.954723829156627,18.006988525390625,18.006988525390625,23563,0.0,0.0
2021-09-02 00:00:00-04:00,18.006988525390625,18.413160798433196,17.736205396043765,18.006988525390625,7869,0.0,0.0
2021-09-03 00:00:00-04:00,18.27776667882262,18.954720342711113,18.006985213267225,18.142375946044922,8169,0.0,0.0
2021-09-07 00:00:00-04:00,18.14237879816335,18.277769552225493,17.49250285586804,17.871597290039062,11444,0.0,0.0
2021-09-08 00:00:00-04:00,17.871596014774404,18.00698675917546,16.653077701179903,17.600812911987305,19306,0.0,0.0
2021-09-09 00:00:00-04:00,17.330029935393885,18.819329609933416,17.194639202616184,18.142375946044922,16431,0.0,0.0
2021-09-10 00:00:00-04:00,18.00698675917546,18.00698675917546,17.465422167586247,17.600812911987305,6181,0.0,0.0
2021-09-13 00:00:00-04:00,17.871596969142324,17.871596969142324,17.194641597001702,17.330032348632812,5394,0.0,0.0
2021-09-14 00:00:00-04:00,17.194641568802403,17.46542307162054,16.517687811757057,16.788469314575195,7500,0.0,0.0
2021-09-15 00:00:00-04:00,17.05925322781477,17.19464399835415,16.51769014565725,16.92386245727539,6600,0.0,0.0
2021-09-16 00:00:00-04:00,16.788471686736013,17.33003476889353,16.653080916196632,16.92386245727539,6125,0.0,0.0
2021-09-17 00:00:00-04:00,17.059249934383075,17.600812911987305,16.78846844558096,17.600812911987305,12550,0.0,0.0
2021-09-20 00:00:00-04:00,16.788466903842696,17.465420563681178,16.653076171875,16.653076171875,13131,0.0,0.0
2021-09-21 00:00:00-04:00,16.788466903842696,16.923857635810393,16.517685439907304,16.653076171875,3156,0.0,0.0
2021-09-22 00:00:00-04:00,16.653076171875,16.91031791701969,16.111513244004215,16.653076171875,13669,0.0,0.0
2021-09-23 00:00:00-04:00,16.92386149494834,17.330033783470654,16.653079969266802,17.194643020629883,10400,0.0,0.0
2021-09-24 00:00:00-04:00,17.05924836777809,17.05924836777809,16.653076171875,16.653076171875,4806,0.0,0.0
2021-09-27 00:00:00-04:00,16.653076171875,17.194639099745785,16.382294707939607,16.653076171875,13506,0.0,0.0
2021-09-28 00:00:00-04:00,16.788471256133334,16.788471256133334,16.11151742079943,16.24690818786621,7063,0.0,0.0
2021-09-29 00:00:00-04:00,16.24690818786621,16.788471256133334,16.24690818786621,16.24690818786621,6388,0.0,0.0
2021-09-30 00:00:00-04:00,16.24690630893892,16.923860065984265,16.24690630893892,16.788469314575195,13394,0.0,0.0
2021-10-01 00:00:00-04:00,16.653080489066554,16.80201097843411,16.24690818786621,16.24690818786621,5550,0.0,0.0
2021-10-04 00:00:00-04:00,16.382296182678395,16.504147206824452,15.569950103759767,15.569950103759766,9550,0.0,0.0
2021-10-05 00:00:00-04:00,15.569952738547054,16.24690818786621,15.569952738547054,16.24690818786621,9800,0.0,0.0
2021-10-06 00:00:00-04:00,15.840734481811522,16.111517633505244,15.299171406394633,15.840734481811523,9544,0.0,0.0
2021-10-07 00:00:00-04:00,15.29916861544855,15.840731592070982,15.29916861544855,15.569950103759766,13606,0.0,0.0
2021-10-08 00:00:00-04:00,15.434561259515219,15.705342781158176,15.028388977050781,15.028388977050781,11569,0.0,0.0
2021-10-11 00:00:00-04:00,15.163779733298943,15.556413907953925,15.163779733298943,15.29917049407959,4756,0.0,0.0
2021-10-12 00:00:00-04:00,15.434560779562894,15.705342292785645,15.163779266340145,15.705342292785645,3794,0.0,0.0
2021-10-13 00:00:00-04:00,15.569952738547054,16.24690818786621,15.502257355013663,16.24690818786621,7688,0.0,0.0
2021-10-14 00:00:00-04:00,15.976125039747394,16.24690818786621,15.976125039747394,16.24690818786621,2469,0.0,0.0
2021-10-15 00:00:00-04:00,16.24690818786621,16.653080489066554,16.24690818786621,16.24690818786621,10744,0.0,0.0
2021-10-18 00:00:00-04:00,16.788471256133334,16.788471256133334,15.840734272680615,16.24690818786621,4344,0.0,0.0
2021-10-19 00:00:00-04:00,16.24690630893892,17.194641568802403,15.976123192135715,16.788469314575195,9138,0.0,0.0
2021-10-20 00:00:00-04:00,16.923860065984265,17.059250817393334,16.24690630893892,16.788469314575195,4000,0.0,0.0
2021-10-21 00:00:00-04:00,16.923857241765713,17.871593957457904,16.774926794474915,17.059247970581055,8156,0.0,0.0
2021-10-22 00:00:00-04:00,16.921671383490125,17.33439467576633,16.50894809121392,16.646522521972656,4469,0.32,0.0
2021-10-25 00:00:00-04:00,16.646527151392366,17.582033868720647,16.508952682374,17.19682502746582,11425,0.0,0.0
2021-10-26 00:00:00-04:00,17.05924928034501,17.196823739056107,16.233800888061523,16.233800888061523,8838,0.0,0.0
2021-10-27 00:00:00-04:00,16.371378622029827,16.921676511840214,16.371378622029827,16.508953094482422,8913,0.0,0.0
2021-10-28 00:00:00-04:00,16.64652581845934,16.75658571286464,15.958651888430442,16.02743911743164,8894,0.0,0.0
2021-10-29 00:00:00-04:00,15.958655067811822,16.426409302218996,15.958655067811822,16.096229553222656,2413,0.0,0.0
2021-11-01 00:00:00-04:00,16.37137698678953,16.48143524174488,15.821077511928236,16.233800888061523,12069,0.0,0.0
2021-11-02 00:00:00-04:00,15.958653564654957,16.508953094482422,15.958653564654957,16.508953094482422,4225,0.0,0.0
2021-11-03 00:00:00-04:00,16.371381759643555,16.784105256100773,16.233805620807093,16.371381759643555,6006,0.0,0.0
2021-11-04 00:00:00-04:00,16.233800888061523,16.37137698678953,16.096226429350427,16.233800888061523,4550,0.0,0.0
2021-11-05 00:00:00-04:00,16.37137698678953,16.508951445500628,15.95865197063933,16.233800888061523,5594,0.0,0.0
2021-11-08 00:00:00-05:00,16.096225677418904,17.884695197132114,16.096225677418904,16.784099578857422,21394,0.0,0.0
2021-11-09 00:00:00-05:00,16.784100187745157,16.784100187745157,15.133205060425684,15.821077346801758,23475,0.0,0.0
2021-11-10 00:00:00-05:00,15.958652070076566,15.958652070076566,15.683503150939941,15.683503150939941,3438,0.0,0.0
2021-11-11 00:00:00-05:00,15.68350280443628,15.958651717493899,15.40835389137866,15.614715576171875,7275,0.0,0.0
2021-11-12 00:00:00-05:00,15.821082124349873,16.50895625846263,15.408358627892655,16.371381759643555,17919,0.0,0.0
2021-11-15 00:00:00-05:00,16.096226959580868,16.50895198932676,15.545929106608964,15.95865249633789,7963,0.0,0.0
2021-11-16 00:00:00-05:00,15.683508227549641,15.944900769349989,15.545933723449707,15.545933723449707,8863,0.0,0.0
2021-11-17 00:00:00-05:00,15.683499804954218,15.683499804954218,15.270776514301454,15.408350944519043,4806,0.0,0.0
2021-11-18 00:00:00-05:00,15.270780836650307,15.545929774965566,15.133206367492676,15.133206367492676,9113,0.0,0.0
2021-11-19 00:00:00-05:00,15.133207986824312,15.54593143846075,15.133207986824312,15.270782470703125,4763,0.0,0.0
2021-11-22 00:00:00-05:00,15.133206367492676,15.545929774965566,14.582906850845118,15.133206367492676,25150,0.0,0.0
2021-11-23 00:00:00-05:00,15.270776497598803,15.408350927665916,14.720478777330346,14.858053207397461,4575,0.0,0.0
2021-11-24 00:00:00-05:00,14.995633502945498,15.408356954581937,14.858059019066687,15.270782470703125,4994,0.0,0.0
2021-11-26 00:00:00-05:00,15.13320471844856,15.13320471844856,14.720481355949556,14.995630264282227,3156,0.0,0.0
2021-11-29 00:00:00-05:00,15.270782700116312,15.270782700116312,14.582908630371094,14.582908630371094,4581,0.0,0.0
2021-11-30 00:00:00-05:00,14.995631898335045,15.683504244123197,14.582906850845118,15.133206367492676,4525,0.0,0.0
2021-12-01 00:00:00-05:00,14.858058559729198,14.99563303935489,14.445333480834961,14.445333480834961,11894,0.0,0.0
2021-12-02 00:00:00-05:00,14.445333480834961,14.582907960460654,14.307759001209268,14.445333480834961,10006,0.0,0.0
2021-12-03 00:00:00-05:00,14.307756598771881,14.582905511822588,13.89503322919582,13.963820457458496,23738,0.0,0.0
2021-12-06 00:00:00-05:00,14.30775722397551,14.321515326235986,13.757459373827825,13.895033836364746,11081,0.0,0.0
2021-12-07 00:00:00-05:00,14.445333186249854,14.720483779907227,14.307758709429732,14.720483779907227,4450,0.0,0.0
2021-12-08 00:00:00-05:00,14.582907960460654,14.99563303935489,14.445333480834961,14.445333480834961,5525,0.0,0.0
2021-12-09 00:00:00-05:00,14.3077596584799,14.720484756333926,14.3077596584799,14.582908630371094,2344,0.0,0.0
2021-12-10 00:00:00-05:00,14.582902707246662,15.545925357733031,14.307753847112433,14.858053207397461,11450,0.0,0.0
2021-12-13 00:00:00-05:00,14.99562859380145,14.99562859380145,14.170180320739746,14.170180320739746,7656,0.0,0.0
2021-12-14 00:00:00-05:00,14.170183858114576,14.445332804483078,14.032609384930325,14.307758331298828,6281,0.0,0.0
2021-12-15 00:00:00-05:00,14.307759001209268,14.445333480834961,14.170184521583577,14.445333480834961,4475,0.0,0.0
2021-12-16 00:00:00-05:00,14.445330807600028,14.995630264282227,14.307756353433694,14.995630264282227,21956,0.0,0.0
2021-12-17 00:00:00-05:00,14.995627637464574,15.133202067531688,14.858053207397461,14.858053207397461,9675,0.0,0.0
2021-12-20 00:00:00-05:00,14.445332804483078,14.445332804483078,13.895034911746073,14.307758331298828,10344,0.0,0.0
2021-12-21 00:00:00-05:00,14.720479716119774,14.720479716119774,13.89503144305807,14.170180320739746,8956,0.0,0.0
2021-12-22 00:00:00-05:00,13.895033572304099,14.445331411993948,13.895033572304099,14.032608032226562,3356,0.0,0.0
2021-12-23 00:00:00-05:00,14.170181813628488,15.40835353365935,14.170181813628488,14.789268493652344,20575,0.0,0.0
2021-12-27 00:00:00-05:00,14.720478777330346,15.064414852498132,14.307753847112433,14.858053207397461,12656,0.0,0.0
2021-12-28 00:00:00-05:00,14.858058559729198,14.99563303935489,14.307759001209268,14.445333480834961,10244,0.0,0.0
2021-12-29 00:00:00-05:00,14.582905132303031,14.582905132303031,13.207159782844771,13.633641242980957,23375,0.0,0.0
2021-12-30 00:00:00-05:00,13.757459112381637,14.445331411993948,13.207160452683326,14.032608032226562,445800,0.0,0.0
2021-12-31 00:00:00-05:00,17.6095488741032,21.324062910357476,16.233802509560153,16.508953094482422,3901050,0.0,0.0
2022-01-03 00:00:00-05:00,15.133208214170715,15.6835061579531,14.3077596584799,14.582908630371094,232256,0.0,0.0
2022-01-04 00:00:00-05:00,14.032609755789487,16.23380302492857,13.895035278969365,14.720483779907227,193569,0.0,0.0
2022-01-05 00:00:00-05:00,14.445333186249854,15.270781687187716,14.307758709429732,14.720483779907227,80313,0.0,0.0
2022-01-06 00:00:00-05:00,14.170185172534305,14.858059242279523,14.03261068658871,14.582908630371094,52338,0.0,0.0
2022-01-07 00:00:00-05:00,14.445333480834961,14.720484080103507,14.170184521583577,14.445333480834961,23956,0.0,0.0
2022-01-10 00:00:00-05:00,14.17018276143859,14.376544455243971,13.895033836364746,13.895033836364746,31781,0.0,0.0
2022-01-11 00:00:00-05:00,14.445332804483078,14.445332804483078,14.032609384930325,14.307758331298828,19700,0.0,0.0
2022-01-12 00:00:00-05:00,14.448031544934928,14.728575587023078,14.167487502846777,14.588303565979004,19825,0.32,0.0
2022-01-13 00:00:00-05:00,14.307757377624512,14.44802937762678,14.167485377622242,14.307757377624512,34313,0.0,0.0
2022-01-14 00:00:00-05:00,14.167485377622242,14.307757377624512,13.886941377617706,14.307757377624512,24644,0.0,0.0
2022-01-18 00:00:00-05:00,13.886941239899233,14.307757235732756,13.886941239899233,14.167485237121582,11750,0.0,0.0
2022-01-19 00:00:00-05:00,14.167487617754821,15.009121423019895,13.900970608392003,14.728575706481934,36294,0.0,0.0
2022-01-20 00:00:00-05:00,14.44802923434393,15.149390899573925,14.167485237121582,14.167485237121582,31438,0.0,0.0
2022-01-21 00:00:00-05:00,14.027213377619974,14.44802937762678,13.746669377615437,14.307757377624512,21694,0.0,0.0
2022-01-24 00:00:00-05:00,14.307757377624512,14.44802937762678,13.606397377613169,14.307757377624512,24463,0.0,0.0
2022-01-25 00:00:00-05:00,14.167485237121582,14.307757235732756,13.774723306575469,14.167485237121582,6675,0.0,0.0
2022-01-26 00:00:00-05:00,13.99915834260084,14.307756386800326,13.746668425647067,13.760695457458496,9344,0.0,0.0
2022-01-27 00:00:00-05:00,14.027214878475162,14.027214878475162,13.494180886999235,13.886942863464355,19513,0.0,0.0
2022-01-28 00:00:00-05:00,13.606399677315569,14.307759795868156,13.56431773576753,14.293733596801758,12888,0.0,0.0
2022-01-31 00:00:00-05:00,14.027215681987263,14.307759728079102,14.027215681987263,14.041243553161621,8638,0.0,0.0
2022-02-01 00:00:00-05:00,14.027213377619974,14.44802937762678,13.95707737761884,14.307757377624512,4225,0.0,0.0
2022-02-02 00:00:00-05:00,14.307759036498737,14.434004854442492,13.886942987701559,14.027215003967285,5888,0.0,0.0
2022-02-03 00:00:00-05:00,13.886942863464355,14.027214878475162,13.74667084845355,13.886942863464355,3025,0.0,0.0
2022-02-04 00:00:00-05:00,13.844861048386974,14.027215003967285,13.648480058397524,14.027215003967285,5725,0.0,0.0
2022-02-07 00:00:00-05:00,13.886941620894172,14.027213623353775,13.81680561966437,13.85888671875,4388,0.0,0.0
2022-02-08 00:00:00-05:00,13.760696273931764,14.167485237121582,13.746669241288059,14.167485237121582,29100,0.0,0.0
2022-02-09 00:00:00-05:00,14.448031544934928,14.868847608067155,14.307759523890851,14.588303565979004,16456,0.0,0.0
2022-02-10 00:00:00-05:00,14.58830055656051,14.868844540775282,14.307756572345738,14.448028564453125,17663,0.0,0.0
2022-02-11 00:00:00-05:00,14.588301377629048,14.588301377629048,14.167485377622242,14.307757377624512,3319,0.0,0.0
2022-02-14 00:00:00-05:00,14.027214878475162,14.167486893485968,13.886942863464355,13.886942863464355,6331,0.0,0.0
2022-02-15 00:00:00-05:00,13.886941239899233,14.44802923434393,13.886941239899233,14.167485237121582,7313,0.0,0.0
2022-02-16 00:00:00-05:00,14.167484580238353,14.448028564453125,14.027212588130967,14.448028564453125,4600,0.0,0.0
2022-02-17 00:00:00-05:00,14.307757377624512,14.588301377629048,14.097349377621109,14.307757377624512,4881,0.0,0.0
2022-02-18 00:00:00-05:00,14.448029306338269,14.448029306338269,14.027213308407825,14.237621307373047,5363,0.0,0.0
2022-02-22 00:00:00-05:00,14.027213238510408,14.307757235732756,14.027213238510408,14.167485237121582,4694,0.0,0.0
2022-02-23 00:00:00-05:00,14.167488063114325,15.429937974610247,14.02721603652305,15.009121894836426,18631,0.0,0.0
2022-02-24 00:00:00-05:00,15.289665589053325,15.289665589053325,14.588303800388834,14.868847846984863,18888,0.0,0.0
2022-02-25 00:00:00-05:00,14.868846687388547,15.570208421355018,14.728574675030112,15.429936408996582,12538,0.0,0.0
2022-02-28 00:00:00-05:00,15.429934354829225,15.710478342197638,15.135362499222767,15.28966236114502,22731,0.0,0.0
2022-03-01 00:00:00-05:00,15.28966236114502,15.429934354829225,15.149390367460814,15.28966236114502,2488,0.0,0.0
2022-03-02 00:00:00-05:00,15.289665458964745,15.710481525278372,15.149393436860203,15.570209503173828,5075,0.0,0.0
2022-03-03 00:00:00-05:00,15.429936408996582,15.710480433713453,15.289664396638145,15.429936408996582,4231,0.0,0.0
2022-03-04 00:00:00-05:00,15.289660287957613,15.42993226262177,14.868842691791304,15.149388313293457,10719,0.0,0.0
2022-03-07 00:00:00-05:00,15.289665589053325,15.570209635649354,14.770657765111137,14.868847846984863,12344,0.0,0.0
2022-03-08 00:00:00-05:00,14.72857616947942,15.429937974610247,14.72857616947942,15.009121894836426,5531,0.0,0.0
2022-03-09 00:00:00-05:00,15.42993736441785,15.42993736441785,14.588303565979004,14.588303565979004,8456,0.0,0.0
2022-03-10 00:00:00-05:00,14.58829874246299,15.149388313293457,14.448026767798835,15.149388313293457,5931,0.0,0.0
2022-03-11 00:00:00-05:00,15.009118373776609,16.131294323250255,15.009118373776609,15.28966236114502,43925,0.0,0.0
2022-03-14 00:00:00-04:00,15.149393565755311,15.289665589053325,14.868847846984863,14.868847846984863,3963,0.0,0.0
2022-03-15 00:00:00-04:00,15.289665589053325,15.289665589053325,14.588303800388834,14.868847846984863,4169,0.0,0.0
2022-03-16 00:00:00-04:00,15.009121894836426,15.570210001201522,14.868848196070694,15.009121894836426,16350,0.0,0.0
2022-03-17 00:00:00-04:00,15.289664396638145,15.991024458430326,15.289664396638145,15.429936408996582,32531,0.0,0.0
2022-03-18 00:00:00-04:00,15.429937489565228,15.710481533928785,14.728575706481934,14.728575706481934,16600,0.0,0.0
2022-03-21 00:00:00-04:00,14.728575706481934,15.850753556110563,14.728575706481934,14.728575706481934,51813,0.0,0.0
2022-03-22 00:00:00-04:00,14.868847846984863,15.429937612351338,14.868847846984863,14.868847846984863,8419,0.0,0.0
2022-03-23 00:00:00-04:00,15.14939238427971,15.429936408996582,15.14939238427971,15.429936408996582,2694,0.0,0.0
2022-03-24 00:00:00-04:00,15.42993226262177,15.42993226262177,14.868842691791304,15.149388313293457,6769,0.0,0.0
2022-03-25 00:00:00-04:00,15.28966236114502,15.850750335881843,15.149390367460814,15.28966236114502,29163,0.0,0.0
2022-03-28 00:00:00-04:00,15.28966752721127,15.991027732607582,15.28966752721127,15.85075569152832,4119,0.0,0.0
2022-03-29 00:00:00-04:00,15.991024458430326,16.13129647078876,15.289664396638145,15.429936408996582,14288,0.0,0.0
2022-03-30 00:00:00-04:00,16.2715684831472,16.2715684831472,15.219528390458926,15.429936408996582,22994,0.0,0.0
2022-03-31 00:00:00-04:00,15.570209635649354,15.710481658947367,14.72857582368685,14.868847846984863,23200,0.0,0.0
2022-04-01 00:00:00-04:00,15.710476211950082,15.85074818661424,15.0091163386293,15.149388313293457,10438,0.0,0.0
2022-04-04 00:00:00-04:00,15.429937974610247,15.570210001201522,14.826767925832877,15.009121894836426,7531,0.0,0.0
2022-04-05 00:00:00-04:00,15.289665458964745,15.570209503173828,14.868847720476714,15.570209503173828,9588,0.0,0.0
2022-04-06 00:00:00-04:00,15.710478342197638,15.850750335881843,15.28966236114502,15.28966236114502,9175,0.0,0.0
2022-04-07 00:00:00-04:00,15.317718464674975,15.710480433713453,15.009120371921272,15.429936408996582,5763,0.0,0.0
2022-04-08 00:00:00-04:00,15.570208421355018,15.570208421355018,15.14939238427971,15.429936408996582,8856,0.0,0.0
2022-04-11 00:00:00-04:00,15.289664396638145,15.991024458430326,15.289664396638145,15.429936408996582,12300,0.0,0.0
2022-04-12 00:00:00-04:00,15.710480433713453,15.710480433713453,15.289664396638145,15.429936408996582,2513,0.0,0.0
2022-04-13 00:00:00-04:00,15.850748855892139,15.850748855892139,15.429932914131246,15.710476875305176,4763,0.0,0.0
2022-04-14 00:00:00-04:00,15.710480838149737,15.996125665694327,15.567658424377441,15.567658424377441,4994,0.32,0.0
2022-04-18 00:00:00-04:00,15.996125514853448,15.996125514853448,15.567658277576939,15.710480690002441,2638,0.0,0.0
2022-04-19 00:00:00-04:00,15.567658277576939,15.710480690002441,15.424835865151435,15.710480690002441,2406,0.0,0.0
2022-04-20 00:00:00-04:00,15.424836010605146,15.710480838149737,15.424836010605146,15.567658424377441,4675,0.0,0.0
2022-04-21 00:00:00-04:00,15.424836010605146,15.696197915741518,15.424836010605146,15.567658424377441,1650,0.0,0.0
2022-04-22 00:00:00-04:00,15.710480838149737,15.853303251922032,15.424836010605146,15.567658424377441,7106,0.0,0.0
2022-04-25 00:00:00-04:00,15.71048207652676,15.71048207652676,14.853545823767611,15.139190673828125,10406,0.0,0.0
2022-04-26 00:00:00-04:00,14.853543627267893,14.924954829222937,14.425076415537632,14.496487617492676,7525,0.0,0.0
2022-04-27 00:00:00-04:00,14.567898681837192,14.853543486959124,14.425076279276226,14.639309883117676,3275,0.0,0.0
2022-04-28 00:00:00-04:00,14.853541491959842,14.853541491959842,14.425074341824947,14.710719108581543,4344,0.0,0.0
2022-04-29 00:00:00-04:00,14.710722419292779,14.710722419292779,13.996610341687301,14.282255172729492,10431,0.0,0.0
2022-05-02 00:00:00-04:00,13.62526991213213,14.425076033899423,13.5681407818218,13.782374382019043,14969,0.0,0.0
2022-05-03 00:00:00-04:00,14.425074341824947,14.996363875338139,14.010889259770174,14.710719108581543,9025,0.0,0.0
2022-05-04 00:00:00-04:00,14.56789881944772,14.853543627267893,14.139431607717459,14.496487617492676,1388,0.0,0.0
2022-05-05 00:00:00-04:00,14.425076347072956,14.710721153537396,14.139431540608516,14.567898750305176,3006,0.0,0.0
2022-05-06 00:00:00-04:00,14.139431540608516,14.567898750305176,13.996609137376296,14.567898750305176,5481,0.0,0.0
2022-05-09 00:00:00-04:00,14.425074341824947,14.710719108581543,13.996607191690055,14.710719108581543,6694,0.0,0.0
2022-05-10 00:00:00-04:00,14.99636647340945,14.99636647340945,13.710963949024444,14.068020820617676,6338,0.0,0.0
2022-05-11 00:00:00-04:00,14.282255414013477,14.282255414013477,12.854029532096625,13.22536849975586,8056,0.0,0.0
2022-05-12 00:00:00-04:00,13.568141334389008,13.568141334389008,12.911157585997321,13.211085319519043,9206,0.0,0.0
2022-05-13 00:00:00-04:00,13.568141140011587,13.782374745864452,12.996851524403947,13.582423210144043,3825,0.0,0.0
2022-05-16 00:00:00-04:00,13.853786866301512,14.567898889274842,13.710963610418164,14.425076484680176,3256,0.0,0.0
2022-05-17 00:00:00-04:00,13.99661053226823,15.139189871994606,13.99661053226823,14.996367454528809,6719,0.0,0.0
2022-05-18 00:00:00-04:00,14.996363875338139,14.996363875338139,14.567896725203246,14.710719108581543,3663,0.0,0.0
2022-05-19 00:00:00-04:00,14.425077784665621,14.996367454528809,14.425077784665621,14.996367454528809,1200,0.0,0.0
2022-05-20 00:00:00-04:00,14.996367607829612,14.996367607829612,14.710722769978005,14.853545188903809,1769,0.0,0.0
2022-05-23 00:00:00-04:00,14.710722769978005,14.853545188903809,14.710722769978005,14.853545188903809,306,0.0,0.0
2022-05-24 00:00:00-04:00,14.7250055423748,14.996367454528809,14.425077784665621,14.996367454528809,1425,0.0,0.0
2022-05-25 00:00:00-04:00,14.567900003771683,14.99636725033497,14.196561893674584,14.282255172729492,1638,0.0,0.0
2022-05-26 00:00:00-04:00,14.2822566093679,14.425079039255367,13.596708605392532,13.625272750854492,5525,0.0,0.0
2022-05-27 00:00:00-04:00,13.896634437700097,14.425077897220083,13.56814253445014,13.996610641479492,4488,0.0,0.0
2022-05-31 00:00:00-04:00,13.582423611457074,14.139432024678582,13.582423611457074,14.068020820617676,2100,0.0,0.0
2022-06-01 00:00:00-04:00,14.21084257384246,14.282253774612428,13.425318514084136,13.639552116394043,4506,0.0,0.0
2022-06-02 00:00:00-04:00,13.710963317164012,13.910914849577658,13.525294705935291,13.639552116394043,1400,0.0,0.0
2022-06-03 00:00:00-04:00,13.568142428939028,13.853788115166896,13.568142428939028,13.682400703430176,638,0.0,0.0
2022-06-06 00:00:00-04:00,13.710963385836822,13.853786639380768,13.425318581326263,13.568140983581543,2581,0.0,0.0
2022-06-07 00:00:00-04:00,13.568144167997641,13.782377821660766,13.282499296446806,13.439603805541992,2056,0.0,0.0
2022-06-08 00:00:00-04:00,13.282496522493036,13.639552537363,13.13967411654505,13.211085319519043,5650,0.0,0.0
2022-06-09 00:00:00-04:00,13.282495879194427,13.42531827822523,13.068262280648222,13.239648818969727,3625,0.0,0.0
2022-06-10 00:00:00-04:00,13.139674186706543,13.496730203483068,13.139674186706543,13.139674186706543,2738,0.0,0.0
2022-06-13 00:00:00-04:00,13.139673275501599,13.139673275501599,12.496971638584983,12.61122989654541,7475,0.0,0.0
2022-06-14 00:00:00-04:00,12.796899727849318,13.568140863457458,12.454124943924967,12.868310928344727,3669,0.0,0.0
2022-06-15 00:00:00-04:00,13.36819067707395,13.36819067707395,12.139917223918973,12.282739639282227,8869,0.0,0.0
2022-06-16 00:00:00-04:00,12.354150098509493,13.282496593417154,12.139916488443578,13.139674186706543,6150,0.0,0.0
2022-06-17 00:00:00-04:00,13.282496073761154,13.368189344177171,12.425560815734993,12.56838321685791,5956,0.0,0.0
2022-06-21 00:00:00-04:00,12.425562025052308,12.982569613900155,11.768578234915042,12.896876335144043,4550,0.0,0.0
2022-06-22 00:00:00-04:00,12.425563329650501,12.811184401473668,12.282740899632032,12.69692611694336,4756,0.0,0.0
2022-06-23 00:00:00-04:00,12.711204845864751,12.711204845864751,12.311301806496411,12.354148864746094,3631,0.0,0.0
2022-06-24 00:00:00-04:00,12.425561946860077,12.996852454646183,12.425561946860077,12.811182975769043,3219,0.0,0.0
2022-06-27 00:00:00-04:00,13.13967633103168,13.13967633103168,12.56838575966897,12.69692611694336,2231,0.0,0.0
2022-06-28 00:00:00-04:00,13.068262472076778,13.253931082763375,12.56838321685791,12.56838321685791,1719,0.0,0.0
2022-06-29 00:00:00-04:00,12.711206218244616,12.996851885268212,11.011618543075553,11.083029747009277,18769,0.0,0.0
2022-06-30 00:00:00-04:00,11.654320178678955,11.83998966217041,11.282982062984802,11.83998966217041,4394,0.0,0.0
2022-07-01 00:00:00-04:00,12.025658837094303,12.368432800973926,11.868553500653286,11.96852970123291,34419,0.0,0.0
2022-07-05 00:00:00-04:00,13.382472275415193,13.56814174934135,12.039940596899262,12.711206436157227,12563,0.0,0.0
2022-07-06 00:00:00-04:00,12.854029867924991,12.854029867924991,12.21132897043089,12.254175186157227,13094,0.0,0.0
2022-07-07 00:00:00-04:00,12.568385283185432,12.711207707789322,12.21132922167571,12.425562858581543,1619,0.0,0.0
2022-07-08 00:00:00-04:00,12.554101813752693,13.139674370487384,12.425561475657549,12.854028701782227,2544,0.0,0.0
2022-07-11 00:00:00-04:00,13.068262638456185,13.282496242868087,12.75405284121219,13.039697647094727,4231,0.0,0.0
2022-07-12 00:00:00-04:00,13.02541541122444,13.710963277129904,12.56838321685791,12.56838321685791,38375,0.0,0.0
2022-07-13 00:00:00-04:00,12.8825938279214,13.425319327157546,12.297021265112875,12.554101943969727,6319,0.0,0.0
2022-07-14 00:00:00-04:00,12.297020484466637,12.711205617980827,12.297020484466637,12.56838321685791,2350,0.0,0.0
2022-07-15 00:00:00-04:00,12.509926452243716,12.860671890888659,12.422240310354011,12.568384170532227,5500,0.32,0.0
2022-07-18 00:00:00-04:00,12.422240257263184,12.846057624185901,12.422240257263184,12.422240257263184,3456,0.0,0.0
2022-07-19 00:00:00-04:00,12.553770651811076,12.860672600911816,12.422240996171855,12.451469421386719,1750,0.0,0.0
2022-07-20 00:00:00-04:00,12.641455848561703,12.641455848561703,12.129951477050781,12.129951477050781,4831,0.0,0.0
2022-07-21 00:00:00-04:00,12.685299526424407,12.685299526424407,12.129952474709928,12.27609634399414,2144,0.0,0.0
2022-07-22 00:00:00-04:00,11.83766353283171,12.129951241688813,11.399231098459975,11.54537582397461,6269,0.0,0.0
2022-07-25 00:00:00-04:00,11.823049007638998,13.752149228605367,11.545375517381295,12.860671043395996,16813,0.0,0.0
2022-07-26 00:00:00-04:00,12.860671043395996,13.445247316672564,12.422239491753116,12.860671043395996,2444,0.0,0.0
2022-07-27 00:00:00-04:00,12.217638679670895,13.006815695477659,12.217638679670895,12.422240257263184,5369,0.0,0.0
2022-07-28 00:00:00-04:00,13.006815882703295,13.591392200418523,13.006815882703295,13.328332901000977,3231,0.0,0.0
2022-07-29 00:00:00-04:00,13.299105062209746,13.591392798383751,13.006816454949574,13.226032257080078,3525,0.0,0.0
2022-08-01 00:00:00-04:00,12.422239491753116,13.152958744491249,12.422239491753116,12.860671043395996,3369,0.0,0.0
2022-08-02 00:00:00-04:00,12.860672048371562,13.445248367328862,12.860672048371562,13.006815910339355,2438,0.0,0.0
2022-08-03 00:00:00-04:00,13.299103420190049,13.635234623723022,12.860670998975447,13.34294605255127,5863,0.0,0.0
2022-08-04 00:00:00-04:00,13.445246447465383,13.737534129664846,12.860670211980452,13.167572975158691,4469,0.0,0.0
2022-08-05 00:00:00-04:00,13.123731767019336,13.722922317071474,13.065274046150083,13.255261421203613,419,0.0,0.0
2022-08-08 00:00:00-04:00,13.737536666470755,13.737536666470755,12.889901883131671,13.226032257080078,1669,0.0,0.0
2022-08-09 00:00:00-04:00,13.299104614637788,13.737536204143693,12.860672154045748,12.992201805114746,1356,0.0,0.0
2022-08-10 00:00:00-04:00,13.591390205297103,13.591390205297103,11.983806220876952,12.217637062072754,6744,0.0,0.0
2022-08-11 00:00:00-04:00,12.509925196985554,13.299103008064387,12.422239063894361,12.93374252319336,5538,0.0,0.0
2022-08-12 00:00:00-04:00,12.933745634069549,13.737537848813892,12.597614360105302,13.050661087036133,3881,0.0,0.0
2022-08-15 00:00:00-04:00,12.86067202104602,14.02982378539035,12.86067202104602,13.328332901000977,4075,0.0,0.0
2022-08-16 00:00:00-04:00,14.029824010566024,14.029824010566024,13.167575038731963,13.299104690551758,3138,0.0,0.0
2022-08-17 00:00:00-04:00,13.29910437179745,13.372176302047482,12.846057707378362,13.03604507446289,5694,0.0,0.0
2022-08-18 00:00:00-04:00,13.19680179355297,13.313717218398581,12.86067060043636,12.93374252319336,4044,0.0,0.0
2022-08-19 00:00:00-04:00,13.737535953297636,13.883679813797698,12.860671919211144,13.03604507446289,3550,0.0,0.0
2022-08-22 00:00:00-04:00,13.299103448038988,13.299103448038988,10.960799229198727,12.23225212097168,14969,0.0,0.0
2022-08-23 00:00:00-04:00,12.23225361901674,12.553770651811076,12.23225361901674,12.451469421386719,1450,0.0,0.0
2022-08-24 00:00:00-04:00,12.422239884150022,12.524540234330427,11.457688872112293,11.691519737243652,12906,0.0,0.0
2022-08-25 00:00:00-04:00,11.91073551688098,12.334552870963343,11.91073551688098,12.319938659667969,1500,0.0,0.0
2022-08-26 00:00:00-04:00,12.422241084364527,12.553770740937553,11.983808605425715,12.27609634399414,2169,0.0,0.0
2022-08-29 00:00:00-04:00,13.196803061331808,13.196803061331808,11.691520088408977,12.422240257263184,4619,0.0,0.0
2022-08-30 00:00:00-04:00,12.129951797061212,12.422240390386893,11.983807935941433,12.086109161376953,1300,0.0,0.0
2022-08-31 00:00:00-04:00,12.276096144014558,12.290711227573833,11.83766454330404,11.998422622680664,381,0.0,0.0
2022-09-01 00:00:00-04:00,12.129949965460938,12.29070888528729,11.706132657991995,11.74997615814209,1213,0.0,0.0
2022-09-02 00:00:00-04:00,11.96919273869568,12.568383216827955,11.69151925121005,11.925349235534668,1531,0.0,0.0
2022-09-06 00:00:00-04:00,11.837663650512695,12.276095218156899,11.3992312117824,11.837663650512695,2150,0.0,0.0
2022-09-07 00:00:00-04:00,11.691520319685635,11.983808044574783,11.399231723710354,11.589219093322754,2269,0.0,0.0
2022-09-08 00:00:00-04:00,11.54537675518753,11.54537675518753,11.253088151669287,11.384617805480957,1463,0.0,0.0
2022-09-09 00:00:00-04:00,11.589220865185494,11.808437563454277,11.472306280006576,11.618450164794922,1306,0.0,0.0
2022-09-12 00:00:00-04:00,11.69151967840316,11.823049321606073,11.54537582397461,11.54537582397461,1038,0.0,0.0
2022-09-13 00:00:00-04:00,11.545375314492638,11.574603735654104,11.253086747447757,11.47230339050293,1544,0.0,0.0
2022-09-14 00:00:00-04:00,11.282315718676642,11.618446907899697,11.194628715515137,11.194628715515137,1338,0.0,0.0
2022-09-15 00:00:00-04:00,11.399231169214728,11.399231169214728,11.253087313879066,11.370002746582031,919,0.0,0.0
2022-09-16 00:00:00-04:00,11.282316649728934,11.837663650512695,11.121557711390519,11.837663650512695,3238,0.0,0.0
2022-09-19 00:00:00-04:00,11.837663947962595,12.436854469001323,11.121557990846528,12.422240257263184,9888,0.0,0.0
2022-09-20 00:00:00-04:00,12.071493949031163,13.152959555031277,11.662290793846585,12.422240257263184,10150,0.0,0.0
2022-09-21 00:00:00-04:00,12.071491592200623,12.71452549399434,11.618445890253989,12.349165916442871,7756,0.0,0.0
2022-09-22 00:00:00-04:00,13.152959555031277,13.152959555031277,12.100723243593555,12.422240257263184,2038,0.0,0.0
2022-09-23 00:00:00-04:00,12.58299812534578,12.597612336847906,11.66229060550639,11.823049545288086,2994,0.0,0.0
2022-09-26 00:00:00-04:00,11.106944018587056,13.591392297824518,11.106944018587056,12.056879997253418,12406,0.0,0.0
2022-09-27 00:00:00-04:00,12.37839846935437,12.685300442804435,11.691521711447217,11.983809471130371,2119,0.0,0.0
2022-09-28 00:00:00-04:00,11.983807619786546,12.67068427158011,11.691519905258078,12.129951477050781,2338,0.0,0.0
2022-09-29 00:00:00-04:00,12.568384387805828,12.568384387805828,11.837664203196441,12.056879997253418,3369,0.0,0.0
2022-09-30 00:00:00-04:00,12.568383216827955,12.612225848902916,11.69151925121005,11.925349235534668,1519,0.0,0.0
2022-10-03 00:00:00-04:00,11.837663762522311,12.276095334315016,11.764591833890195,12.129951477050781,750,0.0,0.0
2022-10-04 00:00:00-04:00,12.232252891409034,12.977587272001381,12.232252891409034,12.422240257263184,2125,0.0,0.0
2022-10-05 00:00:00-04:00,12.115336081315704,12.480695688763843,12.115336081315704,12.17379379272461,1413,0.0,0.0
2022-10-06 00:00:00-04:00,12.261482467810799,12.261482467810799,11.764593124389648,11.764593124389648,406,0.0,0.0
2022-10-07 00:00:00-04:00,12.173794807719474,12.173794807719474,11.691519737243652,11.691519737243652,919,0.0,0.0
2022-10-10 00:00:00-04:00,11.983807882591648,12.714528056023628,11.837664022122476,12.246867179870605,3544,0.0,0.0
2022-10-11 00:00:00-04:00,12.129951302735822,12.129951302735822,11.691519737243652,11.691519737243652,3138,0.0,0.0
2022-10-12 00:00:00-04:00,11.866893487261857,11.98380893433255,11.691521187742014,11.764593124389648,1294,0.0,0.0
2022-10-13 00:00:00-04:00,11.691521923754895,12.276097453736577,11.691521923754895,11.954581260681152,3356,0.0,0.0
2022-10-14 00:00:00-04:00,12.087737083435059,12.265280711285875,12.087737083435059,12.087737083435059,344,0.16,0.0
2022-10-17 00:00:00-04:00,11.984171201217231,11.984171201217231,11.54031255131519,11.762242317199707,3313,0.0,0.0
2022-10-18 00:00:00-04:00,11.688264309204447,12.013759605304,11.540310859680176,11.540310859680176,931,0.0,0.0
2022-10-19 00:00:00-04:00,11.68826435829589,12.132122063132343,11.540310908150204,11.836216926574707,3969,0.0,0.0
2022-10-20 00:00:00-04:00,11.762241351270324,12.01376037975501,11.451540233667345,11.643878936767578,769,0.0,0.0
2022-10-21 00:00:00-04:00,11.954578809870528,11.954578809870528,11.540310402237237,11.806625366210938,1006,0.0,0.0
2022-10-24 00:00:00-04:00,11.614287611932134,11.836216455518057,11.540310448869993,11.688263893127441,2288,0.0,0.0
2022-10-25 00:00:00-04:00,11.836216926574707,11.836216926574707,11.540310908150204,11.836216926574707,1131,0.0,0.0
2022-10-26 00:00:00-04:00,11.673469543457031,11.984170672877445,11.540312042543562,11.673469543457031,1000,0.0,0.0
2022-10-27 00:00:00-04:00,11.658673315520005,11.910193210714116,11.61428807415648,11.836216926574707,663,0.0,0.0
2022-10-28 00:00:00-04:00,11.836217646065064,11.836217646065064,11.614288780156407,11.703060150146484,825,0.0,0.0
2022-10-31 00:00:00-04:00,11.688263881851881,12.028555127768755,11.46633415661322,11.984169006347656,888,0.0,0.0
2022-11-01 00:00:00-04:00,11.806626122782776,12.102532147196865,11.540311141743539,11.969374656677246,250,0.0,0.0
2022-11-02 00:00:00-04:00,11.762240642435298,12.132122063132343,11.392358339871386,11.836216926574707,3106,0.0,0.0
2022-11-03 00:00:00-04:00,11.998964575308033,11.998964575308033,11.42194938264727,11.836216926574707,138,0.0,0.0
2022-11-04 00:00:00-04:00,11.77703567342552,11.969374364126896,11.392358292022768,11.540310859680176,2788,0.0,0.0
2022-11-07 00:00:00-05:00,11.392358292022768,11.688264309204447,11.392358292022768,11.540310859680176,800,0.0,0.0
2022-11-08 00:00:00-05:00,11.64387773509748,11.673467894735944,11.510720252990723,11.510720252990723,563,0.0,0.0
2022-11-09 00:00:00-05:00,11.540311133511304,12.13212230005043,11.392358562343244,11.91019344329834,1013,0.0,0.0
2022-11-10 00:00:00-05:00,11.806625834210255,11.984169444519264,11.540310859680176,11.540310859680176,1144,0.0,0.0
2022-11-11 00:00:00-05:00,11.688262179607635,11.836214720308147,11.40715217590332,11.40715217590332,3713,0.0,0.0
2022-11-14 00:00:00-05:00,11.836214974301315,11.836214974301315,11.407152420689242,11.481128692626953,800,0.0,0.0
2022-11-15 00:00:00-05:00,11.392357838531286,12.058145248353725,11.392357838531286,11.451539039611816,2063,0.0,0.0
2022-11-16 00:00:00-05:00,11.688266022527198,11.984171201217231,11.40715592639827,11.762242317199707,2200,0.0,0.0
2022-11-17 00:00:00-05:00,11.392357886479378,12.132121580299287,11.392357886479378,11.688263893127441,1281,0.0,0.0
2022-11-18 00:00:00-05:00,12.132121100510338,12.280073657049874,12.087734980801757,12.191302299499512,6469,0.0,0.0
2022-11-21 00:00:00-05:00,11.821421846120199,12.132122063132343,11.68826435829589,11.836216926574707,3313,0.0,0.0
2022-11-22 00:00:00-05:00,12.132120338074923,12.132120338074923,11.392356720000421,11.614286422729492,3131,0.0,0.0
2022-11-23 00:00:00-05:00,11.569900305810329,11.806624205023464,11.540309267241973,11.614286422729492,781,0.0,0.0
2022-11-25 00:00:00-05:00,11.584697229974836,12.206098556518555,11.584697229974836,12.206098556518555,4056,0.0,0.0
2022-11-28 00:00:00-05:00,11.836218833765306,12.10253385232573,11.540312767660941,11.777037620544434,613,0.0,0.0
2022-11-29 00:00:00-05:00,11.540310859680176,11.924988241082927,11.540310859680176,11.540310859680176,2306,0.0,0.0
2022-11-30 00:00:00-05:00,11.540310387841105,11.688263831316128,11.39235782623291,11.39235782623291,3169,0.0,0.0
2022-12-01 00:00:00-05:00,11.540310387841105,11.658672789874391,11.39235782623291,11.39235782623291,656,0.0,0.0
2022-12-02 00:00:00-05:00,11.39235782623291,11.629082630299484,11.39235782623291,11.39235782623291,606,0.0,0.0
2022-12-05 00:00:00-05:00,11.392358815601256,11.392358815601256,11.096453666687012,11.096453666687012,4544,0.0,0.0
2022-12-06 00:00:00-05:00,11.096452433906538,11.244404991926602,10.519437281254923,10.844932556152344,4625,0.0,0.0
2022-12-07 00:00:00-05:00,10.726571065855572,11.392357578621672,10.726571065855572,10.963294982910156,681,0.0,0.0
2022-12-08 00:00:00-05:00,10.948501091792817,10.978091253936299,10.35668991212105,10.504642486572266,1488,0.0,0.0
2022-12-09 00:00:00-05:00,10.534231955800173,10.948499455080698,10.356688363879902,10.933704376220703,1444,0.0,0.0
2022-12-12 00:00:00-05:00,10.800548517341602,10.800548517341602,10.504642486572266,10.504642486572266,1025,0.0,0.0
2022-12-13 00:00:00-05:00,10.578618818003472,11.347973619351798,9.025115897907074,10.267918586730957,3231,0.0,0.0
2022-12-14 00:00:00-05:00,9.616926157998067,10.563823692726134,9.616926157998067,10.504642486572266,3831,0.0,0.0
2022-12-15 00:00:00-05:00,9.705698448720188,10.35668995539926,9.705698448720188,10.267918586730957,2175,0.0,0.0
2022-12-16 00:00:00-05:00,10.06078385853074,10.208736419677734,9.76487873623675,10.208736419677734,3381,0.0,0.0
2022-12-19 00:00:00-05:00,9.88324025603425,10.208736419677734,9.794468895719419,10.208736419677734,2613,0.0,0.0
2022-12-20 00:00:00-05:00,10.208734065079634,10.35668659210205,9.764876484012381,10.35668659210205,694,0.0,0.0
2022-12-21 00:00:00-05:00,10.578617822545223,10.578617822545223,10.075578938272074,10.208736419677734,1725,0.0,0.0
2022-12-22 00:00:00-05:00,10.267916367637886,10.356687717121003,9.764877544744598,9.779672622680664,1888,0.0,0.0
2022-12-23 00:00:00-05:00,10.0459864617283,10.35668659210205,10.0459864617283,10.35668659210205,1525,0.0,0.0
2022-12-27 00:00:00-05:00,10.504641524790463,10.504641524790463,9.764878720265434,9.794468879699707,1788,0.0,0.0
2022-12-28 00:00:00-05:00,9.912832029444838,9.942422191112735,9.73528841383678,9.838855743408203,2025,0.0,0.0
2022-12-29 00:00:00-05:00,9.764879427573941,10.3123044716947,9.764879427573941,10.134760856628418,2425,0.0,0.0
2022-12-30 00:00:00-05:00,10.134757801568425,10.56382030630676,10.119962725239507,10.35668659210205,4619,0.0,0.0
2023-01-03 00:00:00-05:00,10.504641541971724,10.504641541971724,10.193941339936401,10.208736419677734,1931,0.0,0.0
2023-01-04 00:00:00-05:00,10.415871372694975,10.87452507019043,10.312304920796151,10.87452507019043,1313,0.0,0.0
2023-01-05 00:00:00-05:00,10.948501128412877,11.096453703358957,10.578618809180767,10.800548553466797,9100,0.0,0.0
2023-01-06 00:00:00-05:00,10.770956543817356,11.081657628845496,10.35668901835772,10.386280059814453,775,0.0,0.0
2023-01-09 00:00:00-05:00,10.504643663245817,10.756163597106934,10.35669107222175,10.756163597106934,463,0.0,0.0
2023-01-10 00:00:00-05:00,10.60820914094866,11.24440552324297,10.578618098826338,11.229610443115234,1356,0.0,0.0
2023-01-11 00:00:00-05:00,11.34797392668481,12.960658096858113,11.140840139604434,12.428028106689453,18375,0.0,0.0
2023-01-12 00:00:00-05:00,12.57598060744932,13.596854383372632,12.57598060744932,13.315743446350098,5638,0.0,0.0
2023-01-13 00:00:00-05:00,13.315742248920417,13.61164823973799,12.723932031018842,12.945860862731934,12088,0.0,0.0
2023-01-17 00:00:00-05:00,12.723932329992536,13.611648559570312,12.575979772040707,13.611648559570312,6081,0.0,0.0
2023-01-18 00:00:00-05:00,13.19738119966231,17.044150397219894,13.01983759891343,16.274797439575195,41913,0.0,0.0
2023-01-19 00:00:00-05:00,15.091176567119115,15.682986859560243,13.36013005074178,14.706500053405762,15344,0.0,0.0
2023-01-20 00:00:00-05:00,14.795269726599921,14.795269726599921,14.203458620063877,14.42538833618164,1838,0.0,0.0
2023-01-23 00:00:00-05:00,14.619720500281531,17.041392037923522,14.619720500281531,16.443449020385742,38806,0.16,0.0
2023-01-24 00:00:00-05:00,17.04139152645825,17.04139152645825,15.098074995774693,15.531584739685059,3581,0.0,0.0
2023-01-25 00:00:00-05:00,15.845503890251434,15.994991423527868,14.649617880125723,14.918692588806152,21350,0.0,0.0
2023-01-26 00:00:00-05:00,14.290850182362723,14.769205093383789,14.290850182362723,14.769205093383789,2788,0.0,0.0
2023-01-27 00:00:00-05:00,14.649617033882503,14.799102776513092,14.35064465761602,14.769205093383789,713,0.0,0.0
2023-01-30 00:00:00-05:00,14.799104295040099,14.948590053009328,14.694463729858398,14.694463729858398,1488,0.0,0.0
2023-01-31 00:00:00-05:00,14.350645413605037,14.948589306632254,14.275902538352303,14.515080451965332,813,0.0,0.0
2023-02-01 00:00:00-05:00,14.649617352941958,14.79910309882825,14.500131607055664,14.500131607055664,781,0.0,0.0
2023-02-02 00:00:00-05:00,14.948589324951172,14.948589324951172,14.54497726348859,14.948589324951172,888,0.0,0.0
2023-02-03 00:00:00-05:00,14.754257259266089,14.948589088489477,14.724360466003418,14.724360466003418,644,0.0,0.0
2023-02-06 00:00:00-05:00,14.649619102478027,14.649619102478027,14.500133338739342,14.649619102478027,669,0.0,0.0
2023-02-07 00:00:00-05:00,14.201158770837461,14.425387382507324,14.201158770837461,14.425387382507324,663,0.0,0.0
2023-02-08 00:00:00-05:00,14.470235552388028,14.470235552388028,13.902189297665227,14.305801391601562,1106,0.0,0.0
2023-02-09 00:00:00-05:00,14.275903483436919,14.275903483436919,13.902189082432843,14.051674842834473,913,0.0,0.0
2023-02-10 00:00:00-05:00,13.902186945248674,13.902186945248674,13.752701207827497,13.827444076538086,1338,0.0,0.0
2023-02-13 00:00:00-05:00,13.85734086762021,14.20115842009103,13.752701207827497,13.827444076538086,800,0.0,0.0
2023-02-14 00:00:00-05:00,14.20115883090313,14.20115883090313,13.692907130767333,13.90218734741211,331,0.0,0.0
2023-02-15 00:00:00-05:00,13.752702773924298,14.201160037256155,13.707856691188962,14.12641716003418,1181,0.0,0.0
2023-02-16 00:00:00-05:00,14.201159746116376,14.201159746116376,13.797547682788979,13.932085037231445,644,0.0,0.0
2023-02-17 00:00:00-05:00,13.707857237508557,14.201160603236103,13.707857237508557,14.051674842834473,3394,0.0,0.0
2023-02-21 00:00:00-05:00,13.857340820516667,14.20115837181879,13.707855083603617,13.887238502502441,675,0.0,0.0
2023-02-22 00:00:00-05:00,14.02177629721064,14.20115883090313,13.90218734741211,13.90218734741211,931,0.0,0.0
2023-02-23 00:00:00-05:00,14.201160150928276,14.201160150928276,13.857342556552972,14.036725997924805,188,0.0,0.0
2023-02-24 00:00:00-05:00,14.036724850029566,14.201158989585945,13.692907283770975,13.752701759338379,606,0.0,0.0
2023-02-27 00:00:00-05:00,13.917135898894758,14.201158989585945,13.752701759338379,13.752701759338379,538,0.0,0.0
2023-02-28 00:00:00-05:00,13.752704234647988,13.872292316301799,13.453731802999778,13.677961349487305,3081,0.0,0.0
2023-03-01 00:00:00-05:00,13.453730583190918,13.902188744500158,13.453730583190918,13.453730583190918,531,0.0,0.0
2023-03-02 00:00:00-05:00,13.45373216919142,13.737756209739324,12.736200095716452,13.349092483520508,1394,0.0,0.0
2023-03-03 00:00:00-05:00,13.48362702125037,13.648061160275807,12.706300623394648,12.766094207763672,669,0.0,0.0
2023-03-06 00:00:00-05:00,13.453731106724684,13.453731106724684,12.825890369264489,13.005273818969727,2325,0.0,0.0
2023-03-07 00:00:00-05:00,13.45373132768569,13.45373132768569,13.005274032565373,13.259400367736816,1038,0.0,0.0
2023-03-08 00:00:00-05:00,13.349091566562954,13.722805976867676,12.706302424436657,13.722805976867676,2125,0.0,0.0
2023-03-09 00:00:00-05:00,12.85578805638474,13.24445086090462,12.706302293799755,13.005273818969727,819,0.0,0.0
2023-03-10 00:00:00-05:00,13.005273532486587,13.244450569152832,12.706302013902429,13.244450569152832,3675,0.0,0.0
2023-03-13 00:00:00-04:00,12.706302760151146,12.855788528222613,11.95887302878835,12.556816101074219,2156,0.0,0.0
2023-03-14 00:00:00-04:00,11.958870238750846,12.706299795736259,11.958870238750846,12.12330436706543,2325,0.0,0.0
2023-03-15 00:00:00-04:00,11.958871026621292,12.556813998798905,11.958871026621292,12.272790908813477,1875,0.0,0.0
2023-03-16 00:00:00-04:00,12.302688938971968,12.407328605651855,11.958871363871765,12.407328605651855,1000,0.0,0.0
2023-03-17 00:00:00-04:00,12.272793323971825,12.272793323971825,11.958873380003455,12.257844924926758,1063,0.0,0.0
2023-03-20 00:00:00-04:00,11.95887279510498,12.257844325405836,11.95887279510498,11.95887279510498,481,0.0,0.0
2023-03-21 00:00:00-04:00,11.958871363871765,12.407328605651855,11.958871363871765,12.407328605651855,1881,0.0,0.0
2023-03-22 00:00:00-04:00,12.407330185989423,12.407330185989423,12.183101536539086,12.302690505981445,206,0.0,0.0
2023-03-23 00:00:00-04:00,12.40733069738841,12.40733069738841,12.183102038695932,12.257844924926758,394,0.0,0.0
2023-03-24 00:00:00-04:00,12.855786738437281,12.855786738437281,12.212996777811682,12.407328605651855,475,0.0,0.0
2023-03-27 00:00:00-04:00,12.183100965374743,13.244450569152832,12.183100965374743,13.244450569152832,3019,0.0,0.0
2023-03-28 00:00:00-04:00,12.55681410021656,13.005272223977144,12.287740295166593,12.706300735473633,675,0.0,0.0
2023-03-29 00:00:00-04:00,12.556815496031989,12.631559267471701,12.25784397429481,12.287741661071777,1294,0.0,0.0
2023-03-30 00:00:00-04:00,12.900633724040777,12.900633724040777,12.287742253148854,12.556816101074219,506,0.0,0.0
2023-03-31 00:00:00-04:00,12.706302366363644,12.706302366363644,12.287741872333175,12.482072830200195,206,0.0,0.0
2023-04-03 00:00:00-04:00,12.183102100413864,12.616611020949849,11.97382183970627,12.227948188781738,1431,0.0,0.0
2023-04-04 00:00:00-04:00,12.40733069738841,12.467125184574169,12.227948126836623,12.257844924926758,1413,0.0,0.0
2023-04-05 00:00:00-04:00,12.257843234323493,12.332586110245773,11.97382012761776,12.048563003540039,919,0.0,0.0
2023-04-06 00:00:00-04:00,12.048564726315732,12.227948188781738,11.958873440585474,12.227948188781738,775,0.0,0.0
2023-04-10 00:00:00-04:00,11.95887279510498,12.227947528777928,11.95887279510498,11.95887279510498,456,0.0,0.0
2023-04-11 00:00:00-04:00,12.153205240605796,12.257844924926758,11.973821779048523,12.257844924926758,331,0.0,0.0
2023-04-12 00:00:00-04:00,12.7063031333172,12.7063031333172,12.033616266234281,12.257844924926758,388,0.0,0.0
2023-04-13 00:00:00-04:00,12.212998836786069,12.257844924926758,12.212998836786069,12.257844924926758,244,0.0,0.0
2023-04-14 00:00:00-04:00,12.257843693253347,12.855787614023777,12.093409538269043,12.093409538269043,656,0.0,0.0
2023-04-17 00:00:00-04:00,11.97382012761776,12.70630138086253,11.958871730634376,12.048563003540039,2688,0.0,0.0
2023-04-18 00:00:00-04:00,12.257841777589407,12.37743072125513,11.510412216186523,11.510412216186523,2031,0.0,0.0
2023-04-19 00:00:00-04:00,11.510414412623257,11.510414412623257,11.12175160805225,11.241339683532715,3494,0.0,0.0
2023-04-20 00:00:00-04:00,11.659899891521276,11.659899891521276,10.46401292877675,10.61349868774414,1450,0.0,0.0
2023-04-21 00:00:00-04:00,10.762986003032362,11.21144330765598,10.314527807403284,10.912471771240234,3338,0.0,0.0
2023-04-24 00:00:00-04:00,11.230749085632947,11.230749085632947,10.609344482421875,10.609344482421875,1300,0.16,0.0
2023-04-25 00:00:00-04:00,11.048875898854858,11.367156705785378,10.45778413318733,10.836688995361328,1631,0.0,0.0
2023-04-26 00:00:00-04:00,10.91247155394825,11.064033508300781,10.83668967339148,11.064033508300781,375,0.0,0.0
2023-04-27 00:00:00-04:00,10.912471083407114,11.079189045329986,9.699973694108234,10.685127258300781,2038,0.0,0.0
2023-04-28 00:00:00-04:00,10.685125295660814,10.988250038997924,10.16981458705818,10.89731216430664,756,0.0,0.0
2023-05-01 00:00:00-04:00,10.76090757619075,10.98825138743749,10.457783699035645,10.457783699035645,1481,0.0,0.0
2023-05-02 00:00:00-04:00,10.412316261793892,10.563879125668759,10.078880310058594,10.078880310058594,1569,0.0,0.0
2023-05-03 00:00:00-04:00,10.078879069121907,10.078879069121907,9.245287485656448,9.54841136932373,5944,0.0,0.0
2023-05-04 00:00:00-04:00,8.866381947951174,11.3482110655819,8.866381947951174,10.798798561096191,28350,0.0,0.125
2023-05-05 00:00:00-04:00,10.476730908046468,10.573351070664247,9.681029712070718,10.078880310058594,4700,0.0,0.0
2023-05-08 00:00:00-04:00,10.166027727056644,11.8028980362166,9.813645202940583,11.367156982421875,18850,0.0,0.0
2023-05-09 00:00:00-04:00,11.367157538354519,11.647546976223861,10.893525974256415,11.251591682434082,2850,0.0,0.0
2023-05-10 00:00:00-04:00,11.3861021474693,12.731214829975137,11.3861021474693,12.50387191772461,27700,0.0,0.0
2023-05-11 00:00:00-04:00,12.162858324815723,12.844888008431877,11.480828641199569,11.77069091796875,9950,0.0,0.0
2023-05-12 00:00:00-04:00,11.386101149722878,11.386101149722878,9.914053708611897,10.268330574035645,8100,0.0,0.0
2023-05-15 00:00:00-04:00,10.41989287226853,11.255378799118617,10.41989287226853,10.741962432861328,1850,0.0,0.0
2023-05-16 00:00:00-04:00,10.609347400118732,10.628293097278537,10.533566418240643,10.571456909179688,1200,0.0,0.0
2023-05-17 00:00:00-04:00,10.764696933741236,10.764696933741236,9.946261405944824,9.946261405944824,3150,0.0,0.0
2023-05-18 00:00:00-04:00,10.135716653220324,10.29296270053221,9.946264182795584,10.238020896911621,850,0.0,0.0
2023-05-19 00:00:00-04:00,9.681028453584922,10.40094767234703,9.681028453584922,10.344112396240234,2400,0.0,0.0
2023-05-22 00:00:00-04:00,10.34411351740661,10.62829263888316,10.135715374539737,10.211496353149414,4400,0.0,0.0
2023-05-23 00:00:00-04:00,9.965208733720152,10.874580487016056,9.965208733720152,10.27212142944336,14000,0.0,0.0
2023-05-24 00:00:00-04:00,10.059933557853714,10.287276474743184,10.02204307170547,10.15466022491455,3300,0.0,0.0
2023-05-25 00:00:00-04:00,10.419893264770508,10.419893264770508,10.419893264770508,10.419893264770508,300,0.0,0.0
2023-05-26 00:00:00-04:00,10.419893264770508,10.419893264770508,10.419893264770508,10.419893264770508,300,0.0,0.0
2023-05-30 00:00:00-04:00,9.927316204941228,10.353585294759478,9.927316204941228,10.296749114990234,3000,0.0,0.0
2023-05-31 00:00:00-04:00,10.097824882892706,10.23044204711914,10.097824882892706,10.23044204711914,1850,0.0,0.0
2023-06-01 00:00:00-04:00,9.762492251655512,10.059932956665174,9.605247150058574,9.861007690429688,6350,0.0,0.0
2023-06-02 00:00:00-04:00,10.173604257438283,10.173604257438283,10.003097534179688,10.003097534179688,400,0.0,0.0
2023-06-05 00:00:00-04:00,9.519993782319295,10.05993342885314,9.472630449396227,9.510520935058594,2900,0.0,0.0
2023-06-06 00:00:00-04:00,9.036888490111844,9.694289207458496,9.036888490111844,9.694289207458496,1000,0.0,0.0
2023-06-07 00:00:00-04:00,9.358960151672363,9.851536526296936,9.017945738470736,9.358960151672363,2950,0.0,0.0
2023-06-08 00:00:00-04:00,9.283178739833128,9.908372253357925,9.283178739833128,9.662083625793457,1200,0.0,0.0
2023-06-09 00:00:00-04:00,9.662082621725762,9.699973106384277,9.662082621725762,9.699973106384277,400,0.0,0.0
2023-06-12 00:00:00-04:00,9.472630605702664,9.472630605702664,8.976264602968886,9.377903938293457,2100,0.0,0.0
2023-06-13 00:00:00-04:00,9.283178329467773,9.472630764073143,9.188451660474856,9.283178329467773,6450,0.0,0.0
2023-06-14 00:00:00-04:00,9.448002320056846,9.662083625793457,9.188452066652792,9.662083625793457,2700,0.0,0.0
2023-06-15 00:00:00-04:00,9.22634224982262,9.908371925354004,9.188451762480904,9.908371925354004,1750,0.0,0.0
2023-06-16 00:00:00-04:00,9.80985647896962,9.889426231384277,9.510521357913799,9.889426231384277,1250,0.0,0.0
2023-06-20 00:00:00-04:00,9.548411742397164,9.984152793884277,9.24528784688629,9.984152793884277,5050,0.0,0.0
2023-06-21 00:00:00-04:00,9.984152793884277,10.022043280823135,9.472630768519446,9.984152793884277,1550,0.0,0.0
2023-06-22 00:00:00-04:00,9.662082621725762,9.823117407369558,9.662082621725762,9.699973106384277,950,0.0,0.0
2023-06-23 00:00:00-04:00,9.559778708627801,9.993625359013185,9.472630500793457,9.472630500793457,2000,0.0,0.0
2023-06-26 00:00:00-04:00,9.662084294697538,9.851536750793457,9.662084294697538,9.851536750793457,850,0.0,0.0
2023-06-27 00:00:00-04:00,9.47263183860162,9.851536750793457,9.47263183860162,9.851536750793457,1000,0.0,0.0
2023-06-28 00:00:00-04:00,9.699974114389489,9.699974114389489,9.662083625793457,9.662083625793457,350,0.0,0.0
2023-06-29 00:00:00-04:00,9.662083625793457,9.699974114389489,9.662083625793457,9.662083625793457,1350,0.0,0.0
2023-06-30 00:00:00-04:00,9.521888222759845,9.521888222759845,9.472630500793457,9.472630500793457,1050,0.0,0.0
2023-07-03 00:00:00-04:00,9.567358518339864,9.851536750793457,9.567358518339864,9.851536750793457,1150,0.0,0.0
2023-07-05 00:00:00-04:00,9.709445803819062,9.851534893254497,9.709445803819062,9.813644409179688,400,0.0,0.0
2023-07-06 00:00:00-04:00,9.81364456033469,9.85153504499311,9.70944595336914,9.70944595336914,2150,0.0,0.0
2023-07-07 00:00:00-04:00,9.60145932807073,9.946263430531701,9.60145932807073,9.851536750793457,2700,0.0,0.0
2023-07-10 00:00:00-04:00,9.94626209940898,10.15466022491455,9.54272837676115,10.15466022491455,800,0.0,0.0
2023-07-11 00:00:00-04:00,10.040989549047305,10.560089159397947,9.510521798247684,10.24938678741455,6800,0.0,0.0
2023-07-12 00:00:00-04:00,9.927316058631483,10.43883895887451,9.624192180010802,10.419893264770508,7350,0.0,0.0
2023-07-13 00:00:00-04:00,9.718919735033797,10.514620892762482,9.567357781824619,10.400948524475098,4500,0.0,0.0
2023-07-14 00:00:00-04:00,10.19255155782309,10.23044204711914,9.662083804297874,10.23044204711914,2100,0.0,0.0
2023-07-17 00:00:00-04:00,9.79659493935655,11.480828607259554,9.79659493935655,11.234539985656738,15950,0.0,0.0
2023-07-18 00:00:00-04:00,10.21339118260835,11.367158122280191,10.21339118260835,10.571456909179688,6050,0.0,0.0
2023-07-19 00:00:00-04:00,10.741962482170427,10.969305383615845,10.704071998596191,10.704071998596191,1650,0.0,0.0
2023-07-20 00:00:00-04:00,10.571454521751367,10.969305038452148,10.571454521751367,10.969305038452148,1000,0.0,0.0
2023-07-21 00:00:00-04:00,10.438839291190442,11.139813734506195,10.438839291190442,10.893525123596191,900,0.0,0.0
2023-07-24 00:00:00-04:00,10.969304499039763,11.08297594059589,10.609344482421875,10.609344482421875,8250,0.0,0.0
2023-07-25 00:00:00-04:00,10.609346772876806,10.666182957615407,10.06372301290828,10.325167655944824,9200,0.0,0.0
2023-07-26 00:00:00-04:00,10.325165796205226,10.59040007270477,10.287275314331055,10.287275314331055,350,0.0,0.0
2023-07-27 00:00:00-04:00,10.457784818081219,10.457784818081219,10.325167655944824,10.325167655944824,1750,0.0,0.0
2023-07-28 00:00:00-04:00,10.400945998960328,10.785534858703613,10.400945998960328,10.785534858703613,400,0.0,0.0
2023-07-31 00:00:00-04:00,10.552511607043497,10.817745030839449,10.38579273223877,10.38579273223877,800,0.0,0.0
2023-08-01 00:00:00-04:00,10.590402603149414,10.893526530570464,10.571456905995317,10.590402603149414,1800,0.0,0.0
2023-08-02 00:00:00-04:00,10.24938667854703,10.692706209366584,10.230441885887835,10.325167655944824,2550,0.0,0.0
2023-08-03 00:00:00-04:00,10.514619484533267,10.779852867126465,10.457783308001678,10.779852867126465,3150,0.0,0.0
2023-08-04 00:00:00-04:00,10.779852866459555,10.779852866459555,10.344111857678927,10.760907173156738,600,0.0,0.0
2023-08-07 00:00:00-04:00,10.022041849127106,10.599871918244068,10.022041849127106,10.363056182861328,4950,0.0,0.0
2023-08-08 00:00:00-04:00,10.38200187531451,10.419892356840535,10.255068807371345,10.363056182861328,1750,0.0,0.0
2023-08-09 00:00:00-04:00,10.476729443702094,10.476729443702094,10.419893264770508,10.419893264770508,2650,0.0,0.0
2023-08-10 00:00:00-04:00,10.287275707404142,10.344111884077261,10.003097534179688,10.003097534179688,450,0.0,0.0
2023-08-11 00:00:00-04:00,10.306221911042229,10.344112396240234,10.135714275960991,10.344112396240234,900,0.0,0.0
2023-08-14 00:00:00-04:00,10.609345478913362,10.872684478759766,10.609345478913362,10.872684478759766,2600,0.0,0.0
2023-08-15 00:00:00-04:00,10.533564567565918,10.533564567565918,10.533564567565918,10.533564567565918,300,0.0,0.0
2023-08-16 00:00:00-04:00,10.24938598859494,10.24938598859494,10.003098280321572,10.15466022491455,1550,0.0,0.0
2023-08-17 00:00:00-04:00,10.400948524475098,10.400948524475098,10.003098848991256,10.400948524475098,3350,0.0,0.0
2023-08-18 00:00:00-04:00,10.325167655944824,10.325167655944824,10.325167655944824,10.325167655944824,900,0.0,0.0
2023-08-21 00:00:00-04:00,10.135714530944824,10.135714530944824,10.135714530944824,10.135714530944824,250,0.0,0.0
2023-08-22 00:00:00-04:00,9.965208053588867,9.965208053588867,9.965208053588867,9.965208053588867,200,0.0,0.0
2023-08-23 00:00:00-04:00,9.927316010633799,10.457783699035645,9.927316010633799,10.457783699035645,1950,0.0,0.0
2023-08-24 00:00:00-04:00,10.154660225710655,10.45778411492038,9.567357238676593,10.135714530944824,2400,0.0,0.0
2023-08-25 00:00:00-04:00,9.936788559223109,9.946261405944824,9.756808988412429,9.946261405944824,2600,0.0,0.0
2023-08-28 00:00:00-04:00,10.01257038116455,10.01257038116455,10.01257038116455,10.01257038116455,200,0.0,0.0
2023-08-29 00:00:00-04:00,10.040988066401216,10.040988066401216,9.5484108774366,9.946261405944824,2200,0.0,0.0
2023-08-30 00:00:00-04:00,10.154660173921197,10.238018701000469,9.946262049462133,10.173604965209961,4300,0.0,0.0
2023-08-31 00:00:00-04:00,10.040989027858098,10.476730081596402,9.75680992265825,9.965208053588867,3750,0.0,0.0
2023-09-01 00:00:00-04:00,9.832589955425387,10.040988066401216,9.491575603867075,9.946261405944824,2900,0.0,0.0
2023-09-05 00:00:00-04:00,9.832590153006558,9.832590153006558,9.77575397491455,9.77575397491455,550,0.0,0.0
2023-09-06 00:00:00-04:00,10.040990959651879,10.040990959651879,9.75681179977859,9.927318572998047,1450,0.0,0.0
2023-09-07 00:00:00-04:00,9.737864606143573,9.832591279354629,9.737864606143573,9.817435264587402,1250,0.0,0.0
2023-09-08 00:00:00-04:00,9.946261405944824,10.382002417959526,9.946261405944824,9.946261405944824,1200,0.0,0.0
2023-09-11 00:00:00-04:00,9.851534697511495,10.003097534179688,9.851534697511495,10.003097534179688,550,0.0,0.0
2023-09-12 00:00:00-04:00,10.419893315517491,10.419893315517491,9.946261801175787,10.382002830505371,3950,0.0,0.0
2023-09-13 00:00:00-04:00,10.154658453384704,10.457782289689225,9.898897038967544,10.040987014770508,3200,0.0,0.0
2023-09-14 00:00:00-04:00,9.66208511202728,9.927318572998047,9.552202407182339,9.927318572998047,6800,0.0,0.0
2023-09-15 00:00:00-04:00,9.946262979409676,10.400948853417178,9.946262979409676,10.192551612854004,1900,0.0,0.0
2023-09-18 00:00:00-04:00,9.965207099388257,10.313799005619634,9.946261405944824,9.946261405944824,850,0.0,0.0
2023-09-19 00:00:00-04:00,10.281592591498338,10.281592591498338,9.946261405944824,9.946261405944824,4200,0.0,0.0
2023-09-20 00:00:00-04:00,9.974679997837168,10.419893899204244,9.965208053588867,9.965208053588867,4550,0.0,0.0
2023-09-21 00:00:00-04:00,9.946261405944824,9.99362473617302,9.946261405944824,9.946261405944824,1250,0.0,0.0
2023-09-22 00:00:00-04:00,10.022041320800781,10.022041320800781,10.022041320800781,10.022041320800781,250,0.0,0.0
2023-09-25 00:00:00-04:00,10.022041320800781,10.022041320800781,10.022041320800781,10.022041320800781,200,0.0,0.0
2023-09-26 00:00:00-04:00,10.13571382347722,10.13571382347722,9.946261405944824,9.946261405944824,2300,0.0,0.0
2023-09-27 00:00:00-04:00,9.946261405944824,9.946261405944824,9.946261405944824,9.946261405944824,400,0.0,0.0
2023-09-28 00:00:00-04:00,9.98415184082852,10.003097534179688,9.946261357506568,10.003097534179688,2900,0.0,0.0
2023-09-29 00:00:00-04:00,9.965209291286467,10.001204490661621,9.946263593675832,10.001204490661621,450,0.0,0.0
2023-10-02 00:00:00-04:00,9.982257842956013,9.991730690002441,9.946261746883922,9.991730690002441,350,0.0,0.0
2023-10-03 00:00:00-04:00,9.946261405944824,9.984151889451303,9.946261405944824,9.946261405944824,650,0.0,0.0
2023-10-04 00:00:00-04:00,9.991730539927868,10.086456298828125,9.984152081728471,10.086456298828125,350,0.0,0.0
2023-10-05 00:00:00-04:00,9.978468723446506,9.978468723446506,9.946261405944824,9.946261405944824,350,0.0,0.0
2023-10-06 00:00:00-04:00,9.950050183281357,9.950050183281357,9.946261405944824,9.946261405944824,250,0.0,0.0
2023-10-09 00:00:00-04:00,10.040987014770508,10.040987014770508,10.040987014770508,10.040987014770508,150,0.0,0.0
2023-10-10 00:00:00-04:00,9.946261024879638,10.419892502254859,9.946261024879638,10.268330574035645,3100,0.0,0.0
2023-10-11 00:00:00-04:00,10.116770633852754,10.192551612854004,10.116770633852754,10.192551612854004,400,0.0,0.0
2023-10-12 00:00:00-04:00,9.984152231812486,9.984152231812486,9.972784996032715,9.972784996032715,250,0.0,0.0
2023-10-13 00:00:00-04:00,10.495674873473474,10.495674873473474,9.965208053588867,9.965208053588867,800,0.0,0.0
2023-10-16 00:00:00-04:00,10.154660489261941,10.192550976396555,9.946262358331325,9.965208053588867,750,0.0,0.0
2023-10-17 00:00:00-04:00,9.965208001511805,10.059933767163079,9.946262306353269,9.99362564086914,1500,0.0,0.0
2023-10-18 00:00:00-04:00,9.946261211494166,10.088350296020508,9.47262972523254,10.088350296020508,13800,0.0,0.0
2023-10-19 00:00:00-04:00,9.946262306945417,10.173605228578573,9.946262306945417,9.984152793884277,500,0.0,0.0
2023-10-20 00:00:00-04:00,9.946261405944824,9.946261405944824,9.946261405944824,9.946261405944824,200,0.0,0.0
2023-10-23 00:00:00-04:00,9.9955208701441,10.215286254882812,9.9955208701441,10.215286254882812,550,0.0,0.0
2023-10-24 00:00:00-04:00,9.984151889451303,9.984151889451303,9.946261405944824,9.946261405944824,400,0.0,0.0
2023-10-25 00:00:00-04:00,9.946261405944824,10.022042372957783,9.946261405944824,9.946261405944824,5650,0.0,0.0
2023-10-26 00:00:00-04:00,9.946261405944824,10.1736043069837,9.946261405944824,9.946261405944824,1250,0.0,0.0
2023-10-27 00:00:00-04:00,9.946261405944824,9.946261405944824,9.946261405944824,9.946261405944824,350,0.0,0.0
2023-10-30 00:00:00-04:00,9.94626209940898,10.400947933187918,9.94626209940898,10.15466022491455,1150,0.0,0.0
2023-10-31 00:00:00-04:00,10.230442049492096,10.230442049492096,10.211496353149414,10.211496353149414,650,0.0,0.0
2023-11-01 00:00:00-04:00,10.173604965209961,10.173604965209961,10.173604965209961,10.173604965209961,200,0.0,0.0
2023-11-02 00:00:00-04:00,10.116769435420535,10.382002830505371,9.965207495372058,10.382002830505371,750,0.0,0.0
2023-11-03 00:00:00-04:00,10.230440333705781,10.230440333705781,10.059932708740234,10.059932708740234,750,0.0,0.0
2023-11-06 00:00:00-05:00,10.059932708740234,10.097823191690313,10.059932708740234,10.059932708740234,700,0.0,0.0
2023-11-07 00:00:00-05:00,10.059933610333777,10.097824096679688,10.059933610333777,10.097824096679688,750,0.0,0.0
2023-11-08 00:00:00-05:00,10.059932708740234,10.067511166682399,10.059932708740234,10.059932708740234,1950,0.0,0.0
2023-11-09 00:00:00-05:00,10.230442270552919,10.230442270552919,10.078880310058594,10.078880310058594,3250,0.0,0.0
2023-11-10 00:00:00-05:00,10.419893899204244,10.419893899204244,9.965208053588867,9.965208053588867,2300,0.0,0.0
2023-11-13 00:00:00-05:00,10.704072352667605,10.704072352667605,10.419893264770508,10.419893264770508,500,0.0,0.0
2023-11-14 00:00:00-05:00,10.040987871433591,10.116768836975098,9.965206905892085,10.116768836975098,1050,0.0,0.0
2023-11-15 00:00:00-05:00,9.965207099388257,10.116769033414172,9.946261405944824,9.946261405944824,9650,0.0,0.0
2023-11-16 00:00:00-05:00,10.779852919381586,10.779852919381586,10.130030632019043,10.130030632019043,1200,0.0,0.0
2023-11-17 00:00:00-05:00,10.18307922649674,10.18307922649674,9.851536750793457,9.851536750793457,800,0.0,0.0
2023-11-20 00:00:00-05:00,9.794701465654965,9.851536750793457,9.794701465654965,9.851536750793457,350,0.0,0.0
2023-11-21 00:00:00-05:00,10.230441250580597,10.230441250580597,10.097824096679688,10.097824096679688,450,0.0,0.0
2023-11-22 00:00:00-05:00,10.097824096679688,10.097824096679688,10.097824096679688,10.097824096679688,0,0.0,0.0
2023-11-24 00:00:00-05:00,9.794701691891381,9.794701691891381,9.681030215608265,9.718920707702637,1600,0.0,0.0
2023-11-27 00:00:00-05:00,9.681030215608265,9.718920707702637,9.662084517870783,9.718920707702637,1800,0.0,0.0
2023-11-28 00:00:00-05:00,9.83259116644704,9.83259116644704,9.73786449432373,9.73786449432373,200,0.0,0.0
2023-11-29 00:00:00-05:00,9.94626241269572,9.94626241269572,9.662083305942605,9.908371925354004,2050,0.0,0.0
2023-11-30 00:00:00-05:00,9.965207099388257,9.965207099388257,9.927315712501391,9.946261405944824,550,0.0,0.0
2023-12-01 00:00:00-05:00,10.30622145094657,10.325166241009615,9.927315712501391,9.946261405944824,650,0.0,0.0
2023-12-04 00:00:00-05:00,10.211496350780854,10.325167818669003,10.116770579230991,10.23044204711914,2300,0.0,0.0
2023-12-05 00:00:00-05:00,10.09024732706181,10.23044204711914,10.040989600638893,10.23044204711914,1350,0.0,0.0
2023-12-06 00:00:00-05:00,10.30622145094657,10.30622145094657,9.58630136094308,9.946261405944824,2800,0.0,0.0
2023-12-07 00:00:00-05:00,9.946263430531701,9.946263430531701,9.851536750793457,9.851536750793457,750,0.0,0.0
2023-12-08 00:00:00-05:00,9.94815579461309,9.965207099388257,9.946261405944824,9.946261405944824,700,0.0,0.0
2023-12-11 00:00:00-05:00,9.946261405944824,10.325166241009615,9.946261405944824,9.946261405944824,1850,0.0,0.0
2023-12-12 00:00:00-05:00,10.135714903907127,10.135714903907127,9.851535795625894,9.870481491088867,1050,0.0,0.0
2023-12-13 00:00:00-05:00,10.088350493249024,10.219073248543628,9.946261405944824,9.946261405944824,1150,0.0,0.0
2023-12-14 00:00:00-05:00,9.9197383571607,10.230440689509397,9.681028215935077,9.77575397491455,1700,0.0,0.0
2023-12-15 00:00:00-05:00,9.946260019792087,10.230439058176485,9.453682899475098,9.453682899475098,13250,0.0,0.0
2023-12-18 00:00:00-05:00,9.946261405944824,9.99362473617302,9.45368421698021,9.946261405944824,8350,0.0,0.0
2023-12-19 00:00:00-05:00,9.813646259574274,10.135715886627619,9.813646259574274,9.851536750793457,3300,0.0,0.0
2023-12-20 00:00:00-05:00,10.230440762859358,10.230440762859358,9.89321517944336,9.89321517944336,300,0.0,0.0
2023-12-21 00:00:00-05:00,9.946262741953957,9.946262741953957,9.662083625793457,9.662083625793457,18000,0.0,0.0
2023-12-22 00:00:00-05:00,9.681030215608265,9.927317962531388,9.60524923141952,9.718920707702637,2400,0.0,0.0
2023-12-26 00:00:00-05:00,9.756809134757672,9.832590102907293,9.756809134757672,9.813644409179688,2450,0.0,0.0
2023-12-27 00:00:00-05:00,9.681030158228188,9.756811141967773,9.681030158228188,9.756811141967773,1450,0.0,0.0
2023-12-28 00:00:00-05:00,9.705657620410054,9.756809731872528,9.650715827941895,9.650715827941895,1750,0.0,0.0
2023-12-29 00:00:00-05:00,9.03688889840894,9.946261405944824,7.803552440709523,9.946261405944824,18850,0.0,0.0
2024-01-02 00:00:00-05:00,9.718918504905949,9.946261405944824,9.718918504905949,9.946261405944824,10800,0.0,0.0
2024-01-03 00:00:00-05:00,9.946261677112803,9.946261677112803,9.832590223494307,9.874269485473633,700,0.0,0.0
2024-01-04 00:00:00-05:00,9.946261555131722,9.946261555131722,9.813644409179688,9.813644409179688,14850,0.0,0.0
2024-01-05 00:00:00-05:00,9.83259116644704,9.83259116644704,9.690501158262075,9.73786449432373,1900,0.0,0.0
2024-01-08 00:00:00-05:00,9.813645748902545,9.813645748902545,9.538939476013184,9.538939476013184,3500,0.0,0.0
2024-01-09 00:00:00-05:00,9.737864602985523,9.737864602985523,9.662083625793457,9.662083625793457,350,0.0,0.0
2024-01-10 00:00:00-05:00,9.472630500793457,9.472630500793457,9.472630500793457,9.472630500793457,1500,0.0,0.0
2024-01-11 00:00:00-05:00,9.64313793182373,9.64313793182373,9.64313793182373,9.64313793182373,350,0.0,0.0
2024-01-12 00:00:00-05:00,9.506731446941197,9.643137365806368,9.321067810058594,9.321067810058594,4250,0.0,0.0
2024-01-16 00:00:00-05:00,9.434739307518294,9.472629790545259,9.031205618112086,9.273704528808594,3150,0.0,0.0
2024-01-17 00:00:00-05:00,9.13161721237169,9.396850644944152,9.13161721237169,9.340014457702637,2800,0.0,0.0
2024-01-18 00:00:00-05:00,9.358960151672363,9.358960151672363,9.358960151672363,9.358960151672363,650,0.0,0.0
2024-01-19 00:00:00-05:00,9.302122116088867,9.302122116088867,9.302122116088867,9.302122116088867,350,0.0,0.0
2024-01-22 00:00:00-05:00,9.321068557321633,9.662082930133238,9.302122862697434,9.472630500793457,4400,0.0,0.0
2024-01-23 00:00:00-05:00,9.567356251226741,9.567356251226741,9.415793418884277,9.415793418884277,250,0.0,0.0
2024-01-24 00:00:00-05:00,9.351379551002514,9.56735610961914,9.321067527010888,9.56735610961914,7650,0.0,0.0
2024-01-25 00:00:00-05:00,9.510519935409413,9.56735610961914,9.49157514625973,9.56735610961914,2000,0.0,0.0
2024-01-26 00:00:00-05:00,9.491576195417656,9.491576195417656,9.472630500793457,9.472630500793457,400,0.0,0.0
2024-01-29 00:00:00-05:00,9.56735868261881,9.756811141967773,9.56735868261881,9.756811141967773,3300,0.0,0.0
2024-01-30 00:00:00-05:00,9.64313707297855,9.64313707297855,9.472629453729708,9.56735610961914,800,0.0,0.0
2024-01-31 00:00:00-05:00,9.737865444342585,9.756811141967773,9.662084460603,9.756811141967773,1900,0.0,0.0
2024-02-01 00:00:00-05:00,9.832738537022006,9.870702743530273,9.832738537022006,9.870702743530273,1550,0.02,0.0
2024-02-02 00:00:00-05:00,9.870702743530273,9.870702743530273,9.870702743530273,9.870702743530273,0,0.0,0.0
2024-02-05 00:00:00-05:00,9.870702735699576,9.92764949798584,9.699864259116945,9.92764949798584,3250,0.0,0.0
2024-02-06 00:00:00-05:00,9.965614283959505,10.611006736755371,9.965614283959505,10.611006736755371,4900,0.0,0.0
2024-02-07 00:00:00-05:00,10.611004365143922,10.62998601267524,10.088995933532715,10.088995933532715,1100,0.0,0.0
2024-02-08 00:00:00-05:00,10.307289528250148,10.307289528250148,10.290205955505371,10.290205955505371,400,0.0,0.0
2024-02-09 00:00:00-05:00,10.533178243807598,10.629987282683485,9.96561324722915,10.193398475646973,5600,0.0,0.0
2024-02-12 00:00:00-05:00,10.250345235320447,10.250345235320447,10.06052421163893,10.193398475646973,2000,0.0,0.0
2024-02-13 00:00:00-05:00,10.088995327347654,10.155432447422365,9.965611457824707,9.965611457824707,350,0.0,0.0
2024-02-14 00:00:00-05:00,10.12506112332764,10.12506112332764,9.965611135172892,10.060522079467773,5300,0.0,0.0
2024-02-15 00:00:00-05:00,10.117467921934423,10.231360512005573,10.02255788277739,10.060522079467773,1300,0.0,0.0
2024-02-16 00:00:00-05:00,10.01306693150859,10.202887921106248,9.965611457824707,9.965611457824707,650,0.0,0.0
2024-02-20 00:00:00-05:00,10.060524206517648,10.250345230102539,9.965613242156184,10.250345230102539,1500,0.0,0.0
2024-02-21 00:00:00-05:00,10.068117258584714,10.08330276058145,10.0605249601554,10.081404685974121,650,0.0,0.0
2024-02-22 00:00:00-05:00,10.079504013061523,10.107976935107885,10.060522366743239,10.079504013061523,5800,0.0,0.0
2024-02-23 00:00:00-05:00,10.085198852573415,10.085198852573415,10.060522079467773,10.060522079467773,500,0.0,0.0
2024-02-26 00:00:00-05:00,10.11177398848184,10.11177398848184,10.060522366743239,10.079504013061523,900,0.0,0.0
2024-02-27 00:00:00-05:00,10.060522079467773,10.079503725244042,10.060522079467773,10.060522079467773,1050,0.0,0.0
2024-02-28 00:00:00-05:00,10.060522079467773,10.250343062919688,10.060522079467773,10.060522079467773,5550,0.0,0.0
2024-02-29 00:00:00-05:00,10.079503725244042,10.079503725244042,10.060522079467773,10.060522079467773,600,0.0,0.0
2024-03-01 00:00:00-05:00,10.060522366743239,10.117468210835963,10.060522366743239,10.079504013061523,5300,0.0,0.0
2024-03-04 00:00:00-05:00,10.06052421163893,10.345255294592189,10.06052421163893,10.193398475646973,14750,0.0,0.0
2024-03-05 00:00:00-05:00,10.330068732727197,10.582530713550229,10.326272584184878,10.535076141357422,2900,0.0,0.0
2024-03-06 00:00:00-05:00,10.381321020933866,10.53507681350072,10.381321020933866,10.459148406982422,800,0.0,0.0
2024-03-07 00:00:00-05:00,10.53507735137287,10.582531929016113,10.440166385810285,10.582531929016113,13850,0.0,0.0
2024-03-08 00:00:00-05:00,10.544566849061829,10.544566849061829,10.440165519714355,10.440165519714355,2050,0.0,0.0
2024-03-11 00:00:00-04:00,10.535075417823636,10.791333529589549,10.459147021364265,10.753369331359863,18900,0.0,0.0
2024-03-12 00:00:00-04:00,10.611004779593394,10.914718393060493,10.611004779593394,10.724897384643555,20000,0.0,0.0
2024-03-13 00:00:00-04:00,10.838788981547777,11.05328674636478,10.781842231750488,10.781842231750488,8350,0.0,0.0
2024-03-14 00:00:00-04:00,10.781844487179267,11.40825524543531,10.72489863060749,11.389272689819336,7850,0.0,0.0
2024-03-15 00:00:00-04:00,11.180467468575744,11.636038780212402,11.089353568303586,11.636038780212402,5200,0.0,0.0
2024-03-18 00:00:00-04:00,11.51645193799009,11.522147066335982,11.04759407043457,11.04759407043457,5150,0.0,0.0
2024-03-19 00:00:00-04:00,10.971665048355197,11.313342860397748,10.952682495117188,10.952682495117188,1900,0.0,0.0
2024-03-20 00:00:00-04:00,10.7989279460744,10.914718627929688,10.383218887787182,10.914718627929688,8200,0.0,0.0
2024-03-21 00:00:00-04:00,10.743880531549502,11.522148132324219,10.743880531549502,11.522148132324219,1950,0.0,0.0
2024-03-22 00:00:00-04:00,11.465199517827964,11.465199517827964,11.180467558897089,11.351306915283203,1350,0.0,0.0
2024-03-25 00:00:00-04:00,11.256397173531735,11.256397173531735,11.051390647888184,11.051390647888184,250,0.0,0.0
2024-03-26 00:00:00-04:00,10.876754183322037,11.157689094543457,10.876754183322037,11.157689094543457,1700,0.0,0.0
2024-03-27 00:00:00-04:00,10.952683112500965,11.009629870287027,10.952683112500965,10.990647315979004,550,0.0,0.0
2024-03-28 00:00:00-04:00,10.990646696455249,10.990646696455249,10.914718293779126,10.952682495117188,1550,0.0,0.0
2024-04-01 00:00:00-04:00,10.914719129549534,11.237415318201778,10.914719129549534,11.180468559265137,950,0.0,0.0
2024-04-02 00:00:00-04:00,11.055187257999153,11.237415992391204,10.914719784378782,11.161487579345703,2200,0.0,0.0
2024-04-03 00:00:00-04:00,10.914718960799682,10.933701515197754,10.914718960799682,10.933701515197754,700,0.0,0.0
2024-04-04 00:00:00-04:00,10.914715779902206,11.066572550278806,10.895733231036257,10.971662521362305,3600,0.0,0.0
2024-04-05 00:00:00-04:00,10.800826324140512,10.962174415588379,10.800826324140512,10.962174415588379,250,0.0,0.0
2024-04-08 00:00:00-04:00,10.800826273169168,11.019120216369629,10.629986905351062,11.019120216369629,12150,0.0,0.0
2024-04-09 00:00:00-04:00,10.554058251607627,10.914718627929688,10.554058251607627,10.914718627929688,8750,0.0,0.0
2024-04-10 00:00:00-04:00,10.724897051327545,11.389271012707919,10.724897051327545,10.762861251831055,1200,0.0,0.0
2024-04-11 00:00:00-04:00,10.724897384643555,10.724897384643555,10.724897384643555,10.724897384643555,200,0.0,0.0
2024-04-12 00:00:00-04:00,10.459148695565268,10.459148695565268,10.345255177507335,10.421183586120605,1050,0.0,0.0
2024-04-15 00:00:00-04:00,10.345254898071289,10.345254898071289,10.345254898071289,10.345254898071289,1150,0.0,0.0
2024-04-16 00:00:00-04:00,11.09694757125951,11.09694757125951,10.345254898071289,10.345254898071289,3400,0.0,0.0
2024-04-17 00:00:00-04:00,10.592021609851853,10.629985809326172,10.592021609851853,10.629985809326172,1200,0.0,0.0
2024-04-18 00:00:00-04:00,10.383217811584473,10.402200363436117,10.383217811584473,10.383217811584473,400,0.0,0.0
2024-04-19 00:00:00-04:00,10.38322013947282,10.8214111328125,10.38322013947282,10.8214111328125,650,0.04,0.0
2024-04-22 00:00:00-04:00,10.516582910438956,10.516582910438956,10.42132364355166,10.478479385375977,10500,0.0,0.0
2024-04-23 00:00:00-04:00,10.583263852184245,10.583263852184245,10.478479385375977,10.478479385375977,950,0.0,0.0
2024-04-24 00:00:00-04:00,10.66899573731952,10.68804795180693,10.573737390261241,10.592788696289062,950,0.0,0.0
2024-04-25 00:00:00-04:00,10.573738858856062,10.65756607055664,10.573738858856062,10.65756607055664,250,0.0,0.0
2024-04-26 00:00:00-04:00,10.65756607055664,10.65756607055664,10.65756607055664,10.65756607055664,0,0.0,0.0
2024-04-29 00:00:00-04:00,10.497529983520508,10.516581288884623,10.497529983520508,10.497529983520508,650,0.0,0.0
2024-04-30 00:00:00-04:00,10.47847789116669,10.573737144470215,10.47847789116669,10.573737144470215,300,0.0,0.0
2024-05-01 00:00:00-04:00,10.421321475066934,10.421321475066934,10.383217957932592,10.392744064331055,2100,0.0,0.0
2024-05-02 00:00:00-04:00,10.402271930650317,10.497531193832472,10.38321971463002,10.489910125732422,800,0.0,0.0
2024-05-03 00:00:00-04:00,10.76425444538217,10.76425444538217,10.510866001419908,10.55468463897705,500,0.0,0.0
2024-05-06 00:00:00-04:00,10.38321905594029,10.402271270751953,10.38321905594029,10.402271270751953,2800,0.0,0.0
2024-05-07 00:00:00-04:00,10.383217811584473,10.465140871921355,10.383217811584473,10.383217811584473,2100,0.0,0.0
2024-05-08 00:00:00-04:00,10.383217811584473,10.383217811584473,10.383217811584473,10.383217811584473,350,0.0,0.0
2024-05-09 00:00:00-04:00,10.630893286563598,10.668996810913086,10.459426972761063,10.668996810913086,2050,0.0,0.0
2024-05-10 00:00:00-04:00,10.649944183729207,10.668995489314172,10.573737144470215,10.573737144470215,1550,0.0,0.0
2024-05-13 00:00:00-04:00,10.383218351149267,10.611840371072825,10.383218351149267,10.55468463897705,1400,0.0,0.0
2024-05-14 00:00:00-04:00,10.421323448411574,10.668996810913086,10.421323448411574,10.668996810913086,1300,0.0,0.0
2024-05-15 00:00:00-04:00,10.668996421451661,10.688048637160762,10.52610843747199,10.640419006347656,1850,0.0,0.0
2024-05-16 00:00:00-04:00,10.649943336224952,10.649943336224952,10.383217811584473,10.383217811584473,2000,0.0,0.0
2024-05-17 00:00:00-04:00,10.72615149839199,10.840462060215508,10.526107788085938,10.526107788085938,25400,0.0,0.0
2024-05-20 00:00:00-04:00,10.668995318231332,10.764254570007324,10.57373697491489,10.764254570007324,1500,0.0,0.0
2024-05-21 00:00:00-04:00,10.745203971862793,10.745203971862793,10.745203971862793,10.745203971862793,1100,0.0,0.0
2024-05-22 00:00:00-04:00,10.707099717650204,11.202446414080386,10.57183189605122,11.030980110168457,6100,0.0,0.0
2024-05-23 00:00:00-04:00,10.878567104213692,11.050033425190211,10.38703134700202,11.040507316589355,7200,0.0,0.0
2024-05-24 00:00:00-04:00,11.050032841832532,11.24055046149316,11.044316813589894,11.202446937561035,9900,0.0,0.0
2024-05-28 00:00:00-04:00,11.240550593609964,11.240550593609964,11.040506863500154,11.145291328430176,550,0.0,0.0
2024-05-29 00:00:00-04:00,11.145291197433012,11.202446937561035,11.145291197433012,11.202446937561035,500,0.0,0.0
2024-05-30 00:00:00-04:00,11.33580881709364,11.33580881709364,11.202446937561035,11.202446937561035,2350,0.0,0.0
2024-05-31 00:00:00-04:00,11.107187025924807,11.107187025924807,11.088135719299316,11.088135719299316,250,0.0,0.0
2024-06-03 00:00:00-04:00,11.240550705990191,11.250076814295346,11.088136606946478,11.221498489379883,2000,0.0,0.0
2024-06-04 00:00:00-04:00,11.221498489379883,11.221498489379883,11.221498489379883,11.221498489379883,250,0.0,0.0
2024-06-05 00:00:00-04:00,11.126240441934012,11.126240441934012,11.10718822479248,11.10718822479248,400,0.0,0.0
2024-06-06 00:00:00-04:00,11.10718822479248,11.10718822479248,11.10718822479248,11.10718822479248,0,0.0,0.0
2024-06-07 00:00:00-04:00,11.10718822479248,11.10718822479248,11.10718822479248,11.10718822479248,0,0.0,0.0
2024-06-10 00:00:00-04:00,11.088134339372582,11.107185643627124,10.859512329101562,10.859512329101562,2950,0.0,0.0
2024-06-11 00:00:00-04:00,10.859513690624306,10.95477294921875,10.859513690624306,10.95477294921875,750,0.0,0.0
2024-06-12 00:00:00-04:00,10.878565788269043,10.992876352272374,10.878565788269043,10.878565788269043,550,0.0,0.0
2024-06-13 00:00:00-04:00,11.240550994873047,11.240550994873047,11.240550994873047,11.240550994873047,4000,0.0,0.0
2024-06-14 00:00:00-04:00,11.141479999544824,11.259600639343262,11.126238773193345,11.259600639343262,8100,0.0,0.0
2024-06-17 00:00:00-04:00,11.488222556046006,11.488222556046006,11.126238664327456,11.276747703552246,6050,0.0,0.0
2024-06-18 00:00:00-04:00,11.240549913071227,11.240549913071227,10.954773043293388,11.191015243530273,4700,0.0,0.0
2024-06-20 00:00:00-04:00,10.98335099360656,11.488223821281814,10.954773577772382,11.202446937561035,7700,0.0,0.0
2024-06-21 00:00:00-04:00,10.973825454711914,11.240550113990988,10.916669716350864,10.973825454711914,11250,0.0,0.0
2024-06-24 00:00:00-04:00,10.973824746937932,11.335807735525911,10.897616797885135,10.992876052856445,6700,0.0,0.0
2024-06-25 00:00:00-04:00,10.992877132104503,11.042411804199219,10.97382582431559,11.042411804199219,2750,0.0,0.0
2024-06-26 00:00:00-04:00,10.992877275953942,11.0519380569458,10.975731007873582,11.0519380569458,650,0.0,0.0
2024-06-27 00:00:00-04:00,11.097661222318182,11.097661222318182,10.973825454711914,10.973825454711914,400,0.0,0.0
2024-06-28 00:00:00-04:00,10.973825454711914,10.973825454711914,10.973825454711914,10.973825454711914,150,0.0,0.0
2024-07-01 00:00:00-04:00,11.145290852875783,11.524421040548559,10.973825454711914,10.973825454711914,6050,0.0,0.0
2024-07-02 00:00:00-04:00,10.973824924953245,11.431067175929833,10.859513453749502,11.412014961242676,9900,0.0,0.0
2024-07-03 00:00:00-04:00,11.231023045916793,14.236440758004015,11.231023045916793,12.526543617248535,7400,0.0,0.5
2024-07-05 00:00:00-04:00,10.964299235658437,11.787335500489087,10.964299235658437,11.440593719482422,6500,0.0,0.0
2024-07-08 00:00:00-04:00,11.145289154167681,12.2598181604304,10.964297675786161,11.19291877746582,18800,0.0,0.0
2024-07-09 00:00:00-04:00,11.154817016972947,11.464408254470278,10.983350709484117,11.183394432067871,10500,0.0,0.0
2024-07-10 00:00:00-04:00,11.621585570834176,12.802795707978643,11.43106795330437,11.669215202331543,16800,0.0,0.0
2024-07-11 00:00:00-04:00,11.573954968429813,12.016908959815721,11.431066994383848,11.735895156860352,19100,0.0,0.0
2024-07-12 00:00:00-04:00,11.621584303467232,12.369366438511237,11.621584303467232,11.98356819152832,8900,0.0,0.0
2024-07-15 00:00:00-04:00,11.593008650576268,11.907362960044672,11.440594550041249,11.77400016784668,8800,0.0,0.0
2024-07-16 00:00:00-04:00,11.812103188363984,11.935939866873273,11.459645368818926,11.669215202331543,26800,0.0,0.0
2024-07-17 00:00:00-04:00,11.526326843051406,12.012146524905594,11.050032360420515,11.507274627685547,19000,0.0,0.0
2024-07-18 00:00:00-04:00,11.069082652727532,11.907360974335928,10.964298203198814,11.097660064697266,15500,0.0,0.0
2024-07-19 00:00:00-04:00,11.335808028434352,12.145508991233779,11.078609486901337,11.62158489227295,95300,0.0,0.0
2024-07-22 00:00:00-04:00,11.79305119226803,12.121694631105399,11.62158489227295,11.62158489227295,16500,0.0,0.0
2024-07-23 00:00:00-04:00,11.545063868064117,11.841582073042712,11.545063868064117,11.774626731872559,19200,0.05,0.0
2024-07-24 00:00:00-04:00,12.205056249340263,12.214621559200745,11.105070244734957,11.133766174316406,44200,0.0,0.0
2024-07-25 00:00:00-04:00,11.478109381398625,12.147665579540575,11.162461446386017,11.482892036437988,43400,0.0,0.0
2024-07-26 00:00:00-04:00,11.52593446472282,11.597672462463379,11.52593446472282,11.597672462463379,1300,0.0,0.0
2024-07-29 00:00:00-04:00,11.4589788170474,11.602455732332535,11.01898549766123,11.229416847229004,10900,0.0,0.0
2024-07-30 00:00:00-04:00,11.018984472565247,11.20072078704834,11.018984472565247,11.20072078704834,700,0.0,0.0
2024-07-31 00:00:00-04:00,11.181589714897418,11.33463191986084,11.028548422132058,11.33463191986084,4200,0.0,0.0
2024-08-01 00:00:00-04:00,11.334631730034145,11.344196126523256,11.018983840942383,11.018983840942383,9700,0.0,0.0
2024-08-02 00:00:00-04:00,11.018983840942383,11.018983840942383,11.018983840942383,11.018983840942383,1000,0.0,0.0
2024-08-05 00:00:00-04:00,11.018984571660424,11.018984571660424,10.760726693169271,10.961593627929688,2300,0.0,0.0
2024-08-06 00:00:00-04:00,10.932900472185372,10.952030181884766,10.932900472185372,10.952030181884766,3200,0.0,0.0
2024-08-07 00:00:00-04:00,10.827681541442871,10.827681541442871,10.827681541442871,10.827681541442871,300,0.0,0.0
2024-08-08 00:00:00-04:00,10.770293149672314,11.028550143473218,10.7511625289917,10.7511625289917,6700,0.0,0.0
2024-08-09 00:00:00-04:00,10.84681224822998,10.84681224822998,10.84681224822998,10.84681224822998,500,0.0,0.0
2024-08-12 00:00:00-04:00,10.722466801884705,11.382457664400107,10.722466801884705,11.08594036102295,7300,0.0,0.0
2024-08-13 00:00:00-04:00,10.88507333600498,11.602455139160156,10.88507333600498,11.602455139160156,8800,0.0,0.0
2024-08-14 00:00:00-04:00,11.707670628906293,11.717235938395797,11.545064016377195,11.5546293258667,6300,0.0,0.0
2024-08-15 00:00:00-04:00,11.525934532125557,11.634975960937545,11.525934532125557,11.62158489227295,26400,0.0,0.0
2024-08-16 00:00:00-04:00,11.717235565185547,11.717235565185547,11.717235565185547,11.717235565185547,600,0.0,0.0
2024-08-19 00:00:00-04:00,11.726800195290638,11.956362129244605,11.525933275031408,11.793755531311035,8100,0.0,0.0
2024-08-20 00:00:00-04:00,11.765062638111088,11.860713005065918,11.645498995268898,11.860713005065918,5000,0.0,0.0
2024-08-21 00:00:00-04:00,11.760278701782227,11.760278701782227,11.760278701782227,11.760278701782227,600,0.0,0.0
2024-08-22 00:00:00-04:00,11.793755531311035,11.793755531311035,11.793755531311035,11.793755531311035,200,0.0,0.0
2024-08-23 00:00:00-04:00,11.812886019256565,12.013752937316895,11.7220174126536,12.013752937316895,1500,0.0,0.0
2024-08-26 00:00:00-04:00,12.147664123261935,12.147664123261935,11.535498946781376,11.575672149658203,8100,0.0,0.0
2024-08-27 00:00:00-04:00,12.2241849899292,12.2241849899292,12.2241849899292,12.2241849899292,300,0.0,0.0
2024-08-28 00:00:00-04:00,11.808105368941332,12.05201530456543,11.808105368941332,12.05201530456543,600,0.0,0.0
2024-08-29 00:00:00-04:00,11.898972395387435,12.099839336000638,11.47810880715879,11.592889785766602,17400,0.0,0.0
2024-08-30 00:00:00-04:00,11.621583276173041,11.956361770629883,11.621583276173041,11.956361770629883,6100,0.0,0.0
2024-09-03 00:00:00-04:00,12.386792961898605,12.386792961898605,12.099840042524493,12.338967323303223,900,0.0,0.0
2024-09-04 00:00:00-04:00,12.042447645993569,12.243314558971464,11.860710437386041,12.195488929748535,8500,0.0,0.0
2024-09-05 00:00:00-04:00,11.774626870349945,12.195490453251855,11.669410290475877,11.716279029846191,9600,0.0,0.0
2024-09-06 00:00:00-04:00,11.736366829951463,12.195490749733375,11.678975883879653,12.176360130310059,12400,0.0,0.0
2024-09-09 00:00:00-04:00,11.810017974858676,12.052015025284717,11.545064545484985,11.707671165466309,12300,0.0,0.0
2024-09-10 00:00:00-04:00,11.884626095978497,11.884626095978497,11.525935173034668,11.525935173034668,3800,0.0,0.0
2024-09-11 00:00:00-04:00,11.525933942479279,11.717235565185547,11.525933942479279,11.717235565185547,700,0.0,0.0
2024-09-12 00:00:00-04:00,11.638802036705691,11.908537187891815,11.54506364865086,11.717235565185547,6700,0.0,0.0
2024-09-13 00:00:00-04:00,11.525934532125557,11.62158489227295,11.525934532125557,11.62158489227295,7000,0.0,0.0
2024-09-16 00:00:00-04:00,11.99749362513882,12.185925483703613,11.812887525593146,12.185925483703613,2400,0.0,0.0
2024-09-17 00:00:00-04:00,11.956361695831898,12.195488929748535,11.71723446191526,12.195488929748535,7100,0.0,0.0
2024-09-18 00:00:00-04:00,11.908539472727169,12.195492417941926,11.812889099121094,11.812889099121094,3800,0.0,0.0
2024-09-19 00:00:00-04:00,11.736365273347788,11.736365273347788,11.726799964904785,11.726799964904785,600,0.0,0.0
2024-09-20 00:00:00-04:00,11.717236790609316,12.19549135349133,11.695237306941893,12.071145057678223,5000,0.0,0.0
2024-09-23 00:00:00-04:00,12.042449311265377,12.042449311265377,11.506803831854064,11.643585205078125,2600,0.0,0.0
2024-09-24 00:00:00-04:00,11.71723465646178,11.726799964904785,11.71723465646178,11.726799964904785,1200,0.0,0.0
2024-09-25 00:00:00-04:00,11.678975375121846,11.855929948286494,11.506803456604684,11.75549602508545,10200,0.0,0.0
2024-09-26 00:00:00-04:00,11.612021140492898,11.612021140492898,11.525935173034668,11.525935173034668,2100,0.0,0.0
2024-09-27 00:00:00-04:00,11.497238888887056,11.535499213301069,11.439847946166992,11.439847946166992,3700,0.0,0.0
2024-09-30 00:00:00-04:00,11.535500351420394,11.765062320553591,11.487674713134766,11.487674713134766,14800,0.0,0.0
2024-10-01 00:00:00-04:00,11.487674713134766,11.487674713134766,11.487674713134766,11.487674713134766,600,0.0,0.0
2024-10-02 00:00:00-04:00,11.568978024560879,11.704802508900716,11.487674713134766,11.487674713134766,6500,0.0,0.0
2024-10-03 00:00:00-04:00,11.487674713134766,11.487674713134766,11.487674713134766,11.487674713134766,0,0.0,0.0
2024-10-04 00:00:00-04:00,11.717236998534572,11.860713005065918,11.717236998534572,11.860713005065918,2600,0.0,0.0
2024-10-07 00:00:00-04:00,11.717235565185547,12.099838810598083,11.717235565185547,11.717235565185547,9200,0.0,0.0
2024-10-08 00:00:00-04:00,11.765062320553591,11.774627630650352,11.487674713134766,11.487674713134766,7800,0.0,0.0
2024-10-09 00:00:00-04:00,11.717237274774241,12.004190206800194,11.49724060461322,11.932452201843262,5900,0.0,0.0
2024-10-10 00:00:00-04:00,11.83201781049373,11.83201781049373,11.745931842974018,11.803322792053223,900,0.0,0.0
2024-10-11 00:00:00-04:00,11.642628699913411,11.707671165466309,11.642628699913411,11.707671165466309,700,0.0,0.0
2024-10-14 00:00:00-04:00,11.525934944586735,11.946798551131964,11.525934944586735,11.731584548950195,6800,0.0,0.0
2024-10-15 00:00:00-04:00,11.592889369713484,11.908537277606325,11.497239013738803,11.736366271972656,10700,0.0,0.0
2024-10-16 00:00:00-04:00,11.630632627053199,11.774813652038574,11.623904191442955,11.774813652038574,4400,0.06,0.0
2024-10-17 00:00:00-04:00,11.726753234863281,11.726753234863281,11.726753234863281,11.726753234863281,1800,0.0,0.0
2024-10-18 00:00:00-04:00,11.582571492132905,11.75558853149414,11.553735471686126,11.75558853149414,1400,0.0,0.0
2024-10-21 00:00:00-04:00,11.544124964886567,11.582573303722697,11.544124964886567,11.548931121826172,2900,0.0,0.0
2024-10-22 00:00:00-04:00,11.548931121826172,11.548931121826172,11.548931121826172,11.548931121826172,0,0.0,0.0
2024-10-23 00:00:00-04:00,11.571039296782594,11.962251141348409,11.563349261953382,11.582573890686035,6900,0.0,0.0
2024-10-24 00:00:00-04:00,11.592185980420366,11.832488334837466,11.544125326200799,11.55373764038086,6300,0.0,0.0
2024-10-25 00:00:00-04:00,11.601797609817448,11.601797609817448,11.5441255569458,11.5441255569458,3600,0.0,0.0
2024-10-28 00:00:00-04:00,11.5441255569458,11.5441255569458,11.5441255569458,11.5441255569458,500,0.0,0.0
2024-10-29 00:00:00-04:00,11.54412474760563,11.718103408813477,11.54412474760563,11.718103408813477,500,0.0,0.0
2024-10-30 00:00:00-04:00,11.544125313695963,11.707530987857044,11.544125313695963,11.630634307861328,5300,0.0,0.0
2024-10-31 00:00:00-04:00,11.621022006279812,11.621022006279812,11.55373764038086,11.55373764038086,300,0.0,0.0
2024-11-01 00:00:00-04:00,11.717140921894195,11.960327123264475,11.544123871853746,11.726753234863281,10700,0.0,0.0
2024-11-04 00:00:00-05:00,11.880548469588106,12.01511812256592,11.726755104288184,11.918996810913086,10000,0.0,0.0
2024-11-05 00:00:00-05:00,11.918994479329806,11.918994479329806,11.864206314086914,11.864206314086914,2400,0.0,0.0
2024-11-06 00:00:00-05:00,11.869013434429391,11.870936630602818,11.8228759765625,11.8228759765625,900,0.0,0.0
2024-11-07 00:00:00-05:00,11.8228759765625,11.8228759765625,11.8228759765625,11.8228759765625,0,0.0,0.0
2024-11-08 00:00:00-05:00,11.89977293132879,11.89977293132879,11.582573890686035,11.582573890686035,3300,0.0,0.0
2024-11-11 00:00:00-05:00,11.58257220704947,11.726753234863281,11.58257220704947,11.726753234863281,2200,0.0,0.0
2024-11-12 00:00:00-05:00,11.58257220704947,11.736365547832367,11.58257220704947,11.726753234863281,4000,0.0,0.0
2024-11-13 00:00:00-05:00,11.544124576651484,11.813262939453125,11.544124576651484,11.813262939453125,4400,0.0,0.0
2024-11-14 00:00:00-05:00,11.803650625897184,11.813262939453125,11.803650625897184,11.813262939453125,2000,0.0,0.0
2024-11-15 00:00:00-05:00,11.794039950810602,11.8228759765625,11.766164606464685,11.8228759765625,23200,0.0,0.0
2024-11-18 00:00:00-05:00,11.774812770438206,11.898808479309082,11.774812770438206,11.898808479309082,800,0.0,0.0
2024-11-19 00:00:00-05:00,11.774814822444895,11.880547523498535,11.774814822444895,11.880547523498535,400,0.0,0.0
2024-11-20 00:00:00-05:00,11.640246107136788,11.918996810913086,11.62102239481468,11.918996810913086,12900,0.0,0.0
2024-11-21 00:00:00-05:00,11.918996810913086,11.918996810913086,11.755591131111728,11.918996810913086,7500,0.0,0.0
2024-11-22 00:00:00-05:00,11.655624809727136,12.113160292826601,11.655624809727136,11.745978355407715,11400,0.0,0.0
2024-11-25 00:00:00-05:00,11.92860678900637,11.92860678900637,11.717140494797647,11.828640937805176,5300,0.0,0.0
2024-11-26 00:00:00-05:00,11.678693066401948,11.899771690368652,11.678693066401948,11.899771690368652,1900,0.0,0.0
2024-11-27 00:00:00-05:00,11.828642573667299,11.909384727478027,11.808457264384794,11.909384727478027,2400,0.0,0.0
2024-11-29 00:00:00-05:00,11.688306596951705,11.887276737565443,11.688306596951705,11.77769947052002,1400,0.0,0.0
2024-12-02 00:00:00-05:00,11.678692586698471,11.77481388302809,11.67004187169854,11.726753234863281,3200,0.0,0.0
2024-12-03 00:00:00-05:00,11.797884269050353,11.909384727478027,11.688306090076148,11.909384727478027,9000,0.0,0.0
2024-12-04 00:00:00-05:00,11.726753887038369,11.891121147900675,11.678693236200699,11.804612159729004,10400,0.0,0.0
2024-12-05 00:00:00-05:00,11.678694719642545,11.890161060180594,11.678694719642545,11.87093734741211,4600,0.0,0.0
2024-12-06 00:00:00-05:00,11.873818857235081,11.890159606933594,11.715219350386194,11.890159606933594,1700,0.0,0.0
2024-12-09 00:00:00-05:00,11.732521713220057,11.870935911801022,11.726753958410486,11.736366271972656,3300,0.0,0.0
2024-12-10 00:00:00-05:00,11.821912965822648,11.822874563794455,11.750784049688761,11.768085479736328,1500,0.0,0.0
2024-12-11 00:00:00-05:00,11.829605127440805,11.87093734741211,11.829605127440805,11.87093734741211,11500,0.0,0.0
2024-12-12 00:00:00-05:00,11.899772656354717,11.899772656354717,11.8228759765625,11.8228759765625,2300,0.0,0.0
2024-12-13 00:00:00-05:00,11.899770736832725,12.015115737915039,11.894002982604288,12.015115737915039,5000,0.0,0.0
2024-12-16 00:00:00-05:00,12.154491520977391,12.495720367941418,12.154491520977391,12.438047409057617,9300,0.0,0.0
2024-12-17 00:00:00-05:00,12.266953476527204,12.65432071685791,12.17948289268052,12.65432071685791,4200,0.0,0.0
2024-12-18 00:00:00-05:00,12.860981371091109,14.414295868453966,12.668739682064174,13.91831111907959,17200,0.0,0.0
2024-12-19 00:00:00-05:00,13.87025068840711,13.87025068840711,13.381955997765791,13.447318077087402,5500,0.0,0.0
2024-12-20 00:00:00-05:00,12.736022718869627,13.437705039978027,12.736022718869627,13.437705039978027,700,0.0,0.0
2024-12-23 00:00:00-05:00,12.755248069763184,12.755248069763184,12.755248069763184,12.755248069763184,1200,0.0,0.0
2024-12-24 00:00:00-05:00,12.450544092375821,12.736023187637329,12.450544092375821,12.495720863342285,2100,0.0,0.0
2024-12-26 00:00:00-05:00,13.072448510284426,13.447319598315278,12.53128695283909,13.20317268371582,3000,0.0,0.0
2024-12-27 00:00:00-05:00,12.8369509160197,13.216629063673796,12.447661371178452,12.947490692138672,4200,0.0,0.0
2024-12-30 00:00:00-05:00,12.51014050941012,13.153189274365616,12.447661385875968,12.832145690917969,5100,0.0,0.0
2024-12-31 00:00:00-05:00,12.35634678197051,12.78600788116455,12.35634678197051,12.78600788116455,1400,0.0,0.0
2025-01-02 00:00:00-05:00,12.591843769063184,12.687964161057726,11.726754741027888,12.183329582214355,1100,0.0,0.0
2025-01-03 00:00:00-05:00,12.01511812256592,12.01511812256592,11.784428074616038,11.918996810913086,2400,0.0,0.0
2025-01-06 00:00:00-05:00,12.015116921281917,12.452467103882126,12.015116921281917,12.389988899230957,2600,0.0,0.0
2025-01-07 00:00:00-05:00,12.476496696472168,12.476496696472168,12.476496696472168,12.476496696472168,100,0.0,0.0
2025-01-08 00:00:00-05:00,12.486108779907227,12.486108779907227,12.486108779907227,12.486108779907227,600,0.0,0.0
2025-01-10 00:00:00-05:00,12.183329582214355,12.183329582214355,12.183329582214355,12.183329582214355,300,0.0,0.0
2025-01-13 00:00:00-05:00,11.862284660339355,12.028574206915865,11.862284660339355,11.862284660339355,17900,0.0,0.0
2025-01-14 00:00:00-05:00,11.822874069444515,12.032417167239181,11.822874069444515,12.015115737915039,3300,0.0,0.0
2025-01-15 00:00:00-05:00,11.563348770141602,11.563348770141602,11.563348770141602,11.563348770141602,600,0.0,0.0
2025-01-16 00:00:00-05:00,11.563348770141602,11.563348770141602,11.563348770141602,11.563348770141602,0,0.0,0.0
2025-01-17 00:00:00-05:00,11.626166343688965,11.626166343688965,11.626166343688965,11.626166343688965,0,0.065,0.0
2025-01-21 00:00:00-05:00,12.16736808732587,12.16736808732587,11.833949089050293,11.833949089050293,400,0.0,0.0
2025-01-22 00:00:00-05:00,12.24178409576416,12.24178409576416,12.24178409576416,12.24178409576416,500,0.0,0.0
2025-01-23 00:00:00-05:00,12.24178409576416,12.24178409576416,12.24178409576416,12.24178409576416,0,0.0,0.0
2025-01-24 00:00:00-05:00,11.983745574951172,11.983745574951172,11.983745574951172,11.983745574951172,400,0.0,0.0
2025-01-27 00:00:00-05:00,11.983745574951172,11.983745574951172,11.983745574951172,11.983745574951172,0,0.0,0.0
2025-01-28 00:00:00-05:00,11.983745574951172,11.983745574951172,11.983745574951172,11.983745574951172,0,0.0,0.0
2025-01-29 00:00:00-05:00,11.809788703918457,11.809788703918457,11.809788703918457,11.809788703918457,600,0.0,0.0
2025-01-30 00:00:00-05:00,11.800124305023438,11.916095931703355,11.800124305023438,11.897733688354492,3400,0.0,0.0
2025-01-31 00:00:00-05:00,11.887102982794021,12.080389022827148,11.887102982794021,12.080389022827148,2900,0.0,0.0
2025-02-03 00:00:00-05:00,11.800124131602722,13.03715571966901,11.800124131602722,11.887103080749512,5600,0.0,0.0
2025-02-04 00:00:00-05:00,11.887103080749512,11.887103080749512,11.887103080749512,11.887103080749512,0,0.0,0.0
2025-02-05 00:00:00-05:00,11.887103080749512,11.887103080749512,11.887103080749512,11.887103080749512,0,0.0,0.0
2025-02-06 00:00:00-05:00,12.070724487304688,12.070724487304688,12.070724487304688,12.070724487304688,300,0.0,0.0
2025-02-07 00:00:00-05:00,11.800124168395996,11.800124168395996,11.800124168395996,11.800124168395996,200,0.0,0.0
2025-02-10 00:00:00-05:00,12.950176770522221,12.950176770522221,11.800124131602722,11.887103080749512,14700,0.0,0.0
2025-02-11 00:00:00-05:00,11.819453202623247,11.935425758361816,11.819453202623247,11.935425758361816,900,0.0,0.0
2025-02-12 00:00:00-05:00,11.921894779298833,12.370318577741543,11.800124066829639,11.983745574951172,19300,0.0,0.0
2025-02-13 00:00:00-05:00,11.887103124181793,12.523980702790645,11.887103124181793,12.197327613830566,26500,0.0,0.0
2025-02-14 00:00:00-05:00,12.177031834963811,12.618690619559128,12.070723827538165,12.280439376831055,2300,0.0,0.0
2025-02-18 00:00:00-05:00,12.148039625949725,12.69020739206087,12.08328928257526,12.515283584594727,6400,0.0,0.0
2025-02-19 00:00:00-05:00,11.887103666146452,12.863199376502106,11.887103666146452,12.553940773010254,9900,0.0,0.0
2025-02-20 00:00:00-05:00,12.138375167195877,12.370318412780762,12.138375167195877,12.370318412780762,1300,0.0,0.0
2025-02-21 00:00:00-05:00,12.051395387112779,12.476624641308,12.051395387112779,12.138374328613281,1900,0.0,0.0
2025-02-24 00:00:00-05:00,12.0320671863765,12.51528274343307,11.800123940187873,12.273674964904785,8800,0.0,0.0
2025-02-25 00:00:00-05:00,12.08038893266977,13.04682004728335,12.041731724951648,12.293004035949707,14800,0.0,0.0
2025-02-26 00:00:00-05:00,12.33166028305153,12.950175558360147,12.273674015161117,12.28333854675293,3200,0.0,0.0
2025-02-27 00:00:00-05:00,12.66024786894418,12.66024786894418,12.19636045837274,12.476625442504883,1500,0.0,0.0
2025-02-28 00:00:00-05:00,12.621591539853155,13.037156318005934,12.177033162880425,12.636087417602539,1100,0.0,0.0
2025-03-03 00:00:00-05:00,12.321997707403195,12.321997707403195,12.196361541748047,12.196361541748047,1800,0.0,0.0
2025-03-04 00:00:00-05:00,12.177033397156812,12.321997707403195,12.003075487532668,12.196361541748047,3600,0.0,0.0
2025-03-05 00:00:00-05:00,12.370318409570295,12.370318409570295,11.951853192734125,12.3606538772583,1400,0.0,0.0
2025-03-06 00:00:00-05:00,12.264010497237123,12.264010497237123,12.177032470703125,12.177032470703125,500,0.0,0.0
2025-03-07 00:00:00-05:00,12.273676535350825,12.273676535350825,11.884204864501953,11.884204864501953,700,0.0,0.0
2025-03-10 00:00:00-04:00,11.858110307204187,12.553940051323442,11.858110307204187,12.080389022827148,3100,0.0,0.0
2025-03-11 00:00:00-04:00,12.08038896773251,12.370318487290197,12.08038896773251,12.206025123596191,2700,0.0,0.0
2025-03-12 00:00:00-04:00,12.080388926414264,12.370318444980313,11.848445680225637,12.273674964904785,1400,0.0,0.0
2025-03-13 00:00:00-04:00,12.273674964904785,12.273674964904785,12.273674964904785,12.273674964904785,0,0.0,0.0
2025-03-14 00:00:00-04:00,12.32199706477403,12.32199706477403,11.93639087677002,11.93639087677002,500,0.0,0.0
2025-03-17 00:00:00-04:00,12.03206731859654,12.273675099779846,11.993410110473633,11.993410110473633,1000,0.0,0.0
2025-03-18 00:00:00-04:00,12.080388555224248,12.080388555224248,11.855210304260254,11.855210304260254,800,0.0,0.0
2025-03-19 00:00:00-04:00,12.167367749593932,12.563604354858398,12.167367749593932,12.563604354858398,3100,0.0,0.0
2025-03-20 00:00:00-04:00,12.148039817810059,12.148039817810059,12.148039817810059,12.148039817810059,200,0.0,0.0
2025-03-21 00:00:00-04:00,11.906431244088916,12.273675184625496,11.848445892333984,11.848445892333984,2400,0.0,0.0
2025-03-24 00:00:00-04:00,12.080389978842305,12.321997778419151,11.894834812729759,12.090054512023926,1500,0.0,0.0
2025-03-25 00:00:00-04:00,12.090054512023926,12.090054512023926,12.090054512023926,12.090054512023926,0,0.0,0.0
2025-03-26 00:00:00-04:00,12.090054512023926,12.090054512023926,12.090054512023926,12.090054512023926,0,0.0,0.0
2025-03-27 00:00:00-04:00,11.94122314453125,11.94122314453125,11.94122314453125,11.94122314453125,1100,0.0,0.0
2025-03-28 00:00:00-04:00,12.524948117583946,12.524948117583946,12.47662637429844,12.515283584594727,1600,0.0,0.0
2025-03-31 00:00:00-04:00,12.11034870147705,12.11034870147705,12.11034870147705,12.11034870147705,200,0.0,0.0
2025-04-01 00:00:00-04:00,12.11034870147705,12.11034870147705,12.11034870147705,12.11034870147705,0,0.0,0.0
2025-04-02 00:00:00-04:00,12.11034870147705,12.11034870147705,12.11034870147705,12.11034870147705,0,0.0,0.0
2025-04-03 00:00:00-04:00,12.206025416812034,12.759790416155852,12.080389257930293,12.745293617248535,1300,0.0,0.0
2025-04-04 00:00:00-04:00,11.887103100724122,11.887103100724122,11.848445892333984,11.848445892333984,600,0.0,0.0
2025-04-07 00:00:00-04:00,12.074590607802241,12.229219436645508,12.074590607802241,12.229219436645508,1300,0.0,0.0
2025-04-08 00:00:00-04:00,12.21568946912568,12.225353079690052,12.161568641662598,12.161568641662598,2900,0.0,0.0
2025-04-09 00:00:00-04:00,12.161568641662598,12.161568641662598,12.161568641662598,12.161568641662598,0,0.0,0.0
2025-04-10 00:00:00-04:00,12.882527435761908,12.882527435761908,10.920672416687012,10.920672416687012,2400,0.0,0.0
2025-04-11 00:00:00-04:00,11.587509158188368,11.597173690795898,11.587509158188368,11.597173690795898,700,0.0,0.0
2025-04-14 00:00:00-04:00,11.548852197166802,12.5442760355825,11.113958358764648,11.113958358764648,7200,0.0,0.0
2025-04-15 00:00:00-04:00,11.123622999464455,11.229930096477178,10.920672416687012,10.920672416687012,4900,0.0,0.0
2025-04-16 00:00:00-04:00,11.133286303231309,11.519858360290527,10.62590944147304,11.519858360290527,8200,0.0,0.0
2025-04-17 00:00:00-04:00,11.955303688364207,11.955303688364207,10.691734840058512,10.788932800292969,4200,0.068,0.0
2025-04-21 00:00:00-04:00,10.905570983886719,10.905570983886719,10.905570983886719,10.905570983886719,900,0.0,0.0
2025-04-22 00:00:00-04:00,10.905570983886719,10.905570983886719,10.905570983886719,10.905570983886719,0,0.0,0.0
2025-04-23 00:00:00-04:00,11.712311744689941,11.712311744689941,11.712311744689941,11.712311744689941,3100,0.0,0.0
2025-04-24 00:00:00-04:00,10.788934117117314,12.334375199442437,10.643137158970639,12.149700164794922,11000,0.0,0.0
2025-04-25 00:00:00-04:00,11.867826982689813,12.14969998527014,11.37211900082314,11.566514015197754,4300,0.0,0.0
2025-04-28 00:00:00-04:00,11.556794166564941,11.556794166564941,11.556794166564941,11.556794166564941,300,0.0,0.0
2025-04-29 00:00:00-04:00,11.420717239379883,11.420717239379883,11.420717239379883,11.420717239379883,300,0.0,0.0
2025-04-30 00:00:00-04:00,11.372118351510151,11.547074317932129,11.031927327515577,11.547074317932129,1100,0.0,0.0
2025-05-01 00:00:00-04:00,11.547074317932129,11.547074317932129,11.547074317932129,11.547074317932129,0,0.0,0.0
2025-05-02 00:00:00-04:00,11.547074317932129,11.547074317932129,11.547074317932129,11.547074317932129,0,0.0,0.0
2025-05-05 00:00:00-04:00,11.547074317932129,11.547074317932129,11.547074317932129,11.547074317932129,0,0.0,0.0
2025-05-06 00:00:00-04:00,11.547074317932129,11.547074317932129,11.547074317932129,11.547074317932129,0,0.0,0.0
2025-05-07 00:00:00-04:00,11.090245246887207,11.090245246887207,11.090245246887207,11.090245246887207,100,0.0,0.0
2025-05-08 00:00:00-04:00,11.129124641418457,11.129124641418457,11.129124641418457,11.129124641418457,300,0.0,0.0
2025-05-09 00:00:00-04:00,11.4207178621876,11.906705856323242,11.4207178621876,11.906705856323242,1500,0.0,0.0
2025-05-12 00:00:00-04:00,11.663711547851562,11.785208543141682,11.469316540777072,11.663711547851562,2700,0.0,0.0
2025-05-13 00:00:00-04:00,11.425577163696289,11.425577163696289,11.425577163696289,11.425577163696289,300,0.0,0.0
2025-05-14 00:00:00-04:00,11.906706161499024,12.149700164794922,11.673432140802616,12.149700164794922,1100,0.0,0.0
2025-05-15 00:00:00-04:00,11.663711223196476,11.663711223196476,11.420717239379883,11.420717239379883,1400,0.0,0.0
2025-05-16 00:00:00-04:00,11.420717239379883,11.420717239379883,11.420717239379883,11.420717239379883,300,0.0,0.0
2025-05-19 00:00:00-04:00,11.420717239379883,11.420717239379883,11.420717239379883,11.420717239379883,0,0.0,0.0
2025-05-20 00:00:00-04:00,11.469316540777072,11.663711547851562,11.440157521453026,11.663711547851562,5200,0.0,0.0
2025-05-21 00:00:00-04:00,11.663711547851562,11.663711547851562,11.663711547851562,11.663711547851562,0,0.0,0.0
2025-05-22 00:00:00-04:00,11.637468338012695,11.637468338012695,11.637468338012695,11.637468338012695,100,0.0,0.0
2025-05-23 00:00:00-04:00,11.637468338012695,11.637468338012695,11.637468338012695,11.637468338012695,0,0.0,0.0
2025-05-27 00:00:00-04:00,11.637468338012695,11.637468338012695,11.637468338012695,11.637468338012695,0,0.0,0.0
2025-05-28 00:00:00-04:00,11.420717239379883,11.420717239379883,11.420717239379883,11.420717239379883,500,0.0,0.0
2025-05-29 00:00:00-04:00,11.420717239379883,11.420717239379883,11.420717239379883,11.420717239379883,0,0.0,0.0
2025-05-30 00:00:00-04:00,11.420717239379883,11.420717239379883,11.420717239379883,11.420717239379883,0,0.0,0.0
2025-06-02 00:00:00-04:00,11.177722930908203,11.177722930908203,11.177722930908203,11.177722930908203,300,0.0,0.0
2025-06-03 00:00:00-04:00,11.158283233642578,11.158283233642578,11.158283233642578,11.158283233642578,200,0.0,0.0
2025-06-04 00:00:00-04:00,11.342959554441524,11.663711547851562,11.168003584600228,11.663711547851562,8000,0.0,0.0
2025-06-05 00:00:00-04:00,12.130259966029868,12.130259966029868,11.372118949890137,11.372118949890137,800,0.0,0.0
2025-06-06 00:00:00-04:00,11.644270896911621,11.644270896911621,11.644270896911621,11.644270896911621,400,0.0,0.0
2025-06-09 00:00:00-04:00,11.372118949890137,11.420717935003262,11.372118949890137,11.372118949890137,1000,0.0,0.0
2025-06-10 00:00:00-04:00,12.101100208676648,12.101100208676648,11.420717239379883,11.420717239379883,3700,0.0,0.0
2025-06-11 00:00:00-04:00,11.352679356962794,11.398362159729004,11.352679356962794,11.398362159729004,600,0.0,0.0
2025-06-12 00:00:00-04:00,11.352680206298828,11.556795207506207,11.352680206298828,11.352680206298828,5700,0.0,0.0
2025-06-13 00:00:00-04:00,11.352680206298828,11.352680206298828,11.352680206298828,11.352680206298828,0,0.0,0.0
2025-06-16 00:00:00-04:00,11.07080672704779,11.187443733215332,11.07080672704779,11.187443733215332,800,0.0,0.0
2025-06-17 00:00:00-04:00,11.187443733215332,11.187443733215332,11.187443733215332,11.187443733215332,0,0.0,0.0
2025-06-18 00:00:00-04:00,11.187442912446189,11.187442912446189,11.177722930908203,11.177722930908203,500,0.0,0.0
2025-06-20 00:00:00-04:00,11.236042155837461,11.236042155837461,11.226322174072266,11.226322174072266,700,0.0,0.0
2025-06-23 00:00:00-04:00,10.997907638549805,10.997907638549805,10.997907638549805,10.997907638549805,700,0.0,0.0
2025-06-24 00:00:00-04:00,10.997907638549805,10.997907638549805,10.997907638549805,10.997907638549805,0,0.0,0.0
2025-06-25 00:00:00-04:00,10.798652648925781,10.798652648925781,10.798652648925781,10.798652648925781,100,0.0,0.0
2025-06-26 00:00:00-04:00,9.719759759146141,11.15828375856448,9.719759759146141,11.068861961364746,3200,0.0,0.0
2025-06-27 00:00:00-04:00,9.31152907829291,10.44874095916748,9.282370060743126,10.44874095916748,5400,0.0,0.0
2025-06-30 00:00:00-04:00,9.865555740685187,10.726727066992563,9.723647337822605,10.145484924316406,4900,0.0,0.0
2025-07-01 00:00:00-04:00,10.351542998070261,10.49733993971609,10.351542998070261,10.44874095916748,1600,0.0,0.0
2025-07-02 00:00:00-04:00,10.623697426000371,11.109685400811756,10.21546745300293,10.21546745300293,5600,0.0,0.0
2025-07-03 00:00:00-04:00,10.691735585530598,10.691735585530598,10.205747604370117,10.205747604370117,500,0.0,0.0
2025-07-07 00:00:00-04:00,10.317524617569385,10.426386377700206,10.205747604370117,10.205747604370117,1900,0.0,0.0
2025-07-08 00:00:00-04:00,9.807236671447754,9.807236671447754,9.807236671447754,9.807236671447754,400,0.0,0.0
2025-07-09 00:00:00-04:00,10.448741391633849,10.977495985977411,10.298085379951218,10.351543426513672,2300,0.0,0.0
2025-07-10 00:00:00-04:00,11.0610862929251,11.0610862929251,10.944449291522455,10.954169273376465,2100,0.0,0.0
2025-07-11 00:00:00-04:00,10.976660742553866,11.09889526782696,10.961992263793945,10.961992263793945,900,0.068,0.0
2025-07-14 00:00:00-04:00,10.95221291570592,11.216239929199219,10.95221291570592,11.216239929199219,400,0.0,0.0
2025-07-15 00:00:00-04:00,11.216239929199219,11.216239929199219,11.216239929199219,11.216239929199219,0,0.0,0.0
2025-07-16 00:00:00-04:00,11.216239929199219,11.216239929199219,11.216239929199219,11.216239929199219,0,0.0,0.0
2025-07-17 00:00:00-04:00,10.952213566679548,10.952213566679548,10.776196479797363,10.776196479797363,700,0.0,0.0
2025-07-18 00:00:00-04:00,10.864204406738281,10.864204406738281,10.864204406738281,10.864204406738281,200,0.0,0.0
2025-07-21 00:00:00-04:00,11.092049598693848,11.092049598693848,11.092049598693848,11.092049598693848,900,0.0,0.0
2025-07-22 00:00:00-04:00,10.63929271697998,10.63929271697998,10.63929271697998,10.63929271697998,300,0.0,0.0
2025-07-23 00:00:00-04:00,10.63929271697998,10.63929271697998,10.63929271697998,10.63929271697998,0,0.0,0.0
2025-07-24 00:00:00-04:00,10.283345520071514,10.283345520071514,9.94989013671875,9.94989013671875,300,0.0,0.0
2025-07-25 00:00:00-04:00,10.306814193725586,10.306814193725586,10.306814193725586,10.306814193725586,300,0.0,0.0
2025-07-28 00:00:00-04:00,10.306814193725586,10.306814193725586,10.306814193725586,10.306814193725586,0,0.0,0.0
2025-07-29 00:00:00-04:00,10.218806890997271,11.050002098083496,10.218806890997271,11.050002098083496,900,0.0,0.0
2025-07-30 00:00:00-04:00,11.050002098083496,11.050002098083496,11.050002098083496,11.050002098083496,0,0.0,0.0
2025-07-31 00:00:00-04:00,11.050002098083496,11.050002098083496,11.050002098083496,11.050002098083496,0,0.0,0.0
2025-08-01 00:00:00-04:00,11.050002098083496,11.050002098083496,11.050002098083496,11.050002098083496,0,0.0,0.0
2025-08-04 00:00:00-04:00,10.218805407578573,10.218805407578573,10.140575391512115,10.160133361816406,2800,0.0,0.0
2025-08-05 00:00:00-04:00,10.160133361816406,10.160133361816406,10.160133361816406,10.160133361816406,0,0.0,0.0
2025-08-06 00:00:00-04:00,10.159156446964454,10.51216983795166,10.159156446964454,10.51216983795166,2100,0.0,0.0
2025-08-07 00:00:00-04:00,10.130797031358254,10.370376586914062,9.788540923096562,10.370376586914062,1300,0.0,0.0
2025-08-08 00:00:00-04:00,10.370376586914062,10.370376586914062,10.370376586914062,10.370376586914062,0,0.0,0.0
2025-08-11 00:00:00-04:00,9.827655634258841,9.93033218383789,9.827655634258841,9.93033218383789,300,0.0,0.0
2025-08-12 00:00:00-04:00,10.26769924424604,10.395800590515137,10.26769924424604,10.395800590515137,400,0.0,0.0
2025-08-13 00:00:00-04:00,10.609957695007324,10.609957695007324,10.39482465869403,10.609957695007324,4700,0.0,0.0
2025-08-14 00:00:00-04:00,10.942434836940913,10.942434836940913,10.609957695007324,10.609957695007324,200,0.0,0.0
2025-08-15 00:00:00-04:00,10.609956654498122,11.050000737721351,10.609956654498122,10.658849716186523,7700,0.0,0.0
2025-08-18 00:00:00-04:00,10.784018516540527,10.784018516540527,10.784018516540527,10.784018516540527,400,0.0,0.0
2025-08-19 00:00:00-04:00,10.756638162071757,11.005996704101562,10.756638162071757,11.005996704101562,1700,0.0,0.0
2025-08-20 00:00:00-04:00,10.840736107051988,12.223452636587803,10.81042181022239,12.174558639526367,20900,0.0,0.0
2025-08-21 00:00:00-04:00,11.49982394117195,12.203894109555664,10.01345172054445,11.506669044494629,15700,0.0,0.0
2025-08-22 00:00:00-04:00,11.73451482986964,11.969204902648926,11.73451482986964,11.969204902648926,3700,0.0,0.0
2025-08-25 00:00:00-04:00,11.734514888927817,11.930089950561523,11.734514888927817,11.930089950561523,4400,0.0,0.0
2025-08-26 00:00:00-04:00,11.484177762609379,11.832301614685091,11.484177762609379,11.618145942687988,7400,0.0,0.0
2025-08-27 00:00:00-04:00,12.043523533626802,12.223452773372045,11.45093059539795,11.45093059539795,6600,0.0,0.0
2025-08-28 00:00:00-04:00,11.45093059539795,11.45093059539795,11.45093059539795,11.45093059539795,0,0.0,0.0
2025-08-29 00:00:00-04:00,12.003430279860845,12.467921859418372,12.003430279860845,12.441518783569336,40700,0.0,0.0
2025-09-02 00:00:00-04:00,12.441518783569336,12.441518783569336,12.441518783569336,12.441518783569336,0,0.0,0.0
2025-09-03 00:00:00-04:00,12.71239050090363,13.201328597092232,12.71239050090363,13.119187355041504,5900,0.0,0.0
2025-09-04 00:00:00-04:00,13.572921872401102,14.179205009159563,13.572921872401102,14.130311012268066,3100,0.0,0.0
2025-09-05 00:00:00-04:00,14.14986911664308,14.14986911664308,13.201328925331476,13.406682968139648,10600,0.0,0.0
2025-09-08 00:00:00-04:00,13.323562622070312,13.323562622070312,12.986195087216052,13.323562622070312,3600,0.0,0.0
2025-09-09 00:00:00-04:00,13.181770315635546,13.191549301147461,13.181770315635546,13.191549301147461,1100,0.0,0.0
2025-09-10 00:00:00-04:00,12.956858916931461,12.956858916931461,12.761283874511719,12.761283874511719,1900,0.0,0.0
2025-09-11 00:00:00-04:00,13.250223159790039,13.250223159790039,13.250223159790039,13.250223159790039,1100,0.0,0.0
2025-09-12 00:00:00-04:00,13.563142776489258,13.563142776489258,13.563142776489258,13.563142776489258,400,0.0,0.0
2025-09-15 00:00:00-04:00,13.308893876370472,13.308893876370472,12.839513778686523,12.839513778686523,1100,0.0,0.0
2025-09-16 00:00:00-04:00,13.137766791156091,13.959181992898177,13.137766791156091,13.827169418334961,8700,0.0,0.0
2025-09-17 00:00:00-04:00,13.866285323838602,13.866285323838602,12.72314739227295,12.72314739227295,1500,0.0,0.0
2025-09-18 00:00:00-04:00,13.856506313078805,13.856506313078805,13.201329161565447,13.250223159790039,900,0.0,0.0
2025-09-19 00:00:00-04:00,13.46535587310791,13.46535587310791,13.46535587310791,13.46535587310791,700,0.0,0.0
2025-09-22 00:00:00-04:00,13.344099044799805,13.344099044799805,13.344099044799805,13.344099044799805,6000,0.0,0.0
2025-09-23 00:00:00-04:00,12.722168922424316,12.722168922424316,12.722168922424316,12.722168922424316,600,0.0,0.0
2025-09-24 00:00:00-04:00,12.722168922424316,12.722168922424316,12.722168922424316,12.722168922424316,0,0.0,0.0
2025-09-25 00:00:00-04:00,12.841469764709473,12.841469764709473,12.841469764709473,12.841469764709473,300,0.0,0.0
2025-09-26 00:00:00-04:00,12.722170204934933,13.132878303527832,12.722170204934933,13.132878303527832,1900,0.0,0.0
2025-09-29 00:00:00-04:00,12.771063238185313,13.152434349060059,12.771063238185313,13.152434349060059,900,0.0,0.0
2025-09-30 00:00:00-04:00,13.252178192138672,13.252178192138672,13.252178192138672,13.252178192138672,600,0.0,0.0
2025-10-01 00:00:00-04:00,13.348010500764369,13.690267562866211,13.348010500764369,13.690267562866211,5900,0.0,0.0
2025-10-02 00:00:00-04:00,13.225774758889226,13.225774758889226,12.761284140049117,12.836580276489258,1300,0.0,0.0
2025-10-03 00:00:00-04:00,12.859070777893066,12.859070777893066,12.859070777893066,12.859070777893066,1500,0.0,0.0
2025-10-06 00:00:00-04:00,12.859070777893066,12.859070777893066,12.859070777893066,12.859070777893066,0,0.0,0.0
2025-10-07 00:00:00-04:00,13.225775056569791,13.680487632751465,13.225775056569791,13.680487632751465,900,0.0,0.0
2025-10-08 00:00:00-04:00,13.201329226378412,13.206218719482422,13.201329226378412,13.206218719482422,2200,0.0,0.0
2025-10-09 00:00:00-04:00,13.268136024475098,13.268136024475098,13.268136024475098,13.268136024475098,500,0.068,0.0
2025-10-10 00:00:00-04:00,13.268136024475098,13.268136024475098,13.268136024475098,13.268136024475098,0,0.0,0.0
2025-10-13 00:00:00-04:00,13.268136024475098,13.749719995968244,13.268136024475098,13.268136024475098,1400,0.0,0.0
2025-10-14 00:00:00-04:00,13.277964328863401,13.277964328863401,13.145282745361328,13.145282745361328,900,0.0,0.0
2025-10-15 00:00:00-04:00,13.145282745361328,13.145282745361328,13.145282745361328,13.145282745361328,0,0.0,0.0
2025-10-16 00:00:00-04:00,13.145282745361328,13.145282745361328,13.145282745361328,13.145282745361328,0,0.0,0.0
2025-10-17 00:00:00-04:00,13.145282745361328,13.145282745361328,13.145282745361328,13.145282745361328,0,0.0,0.0
2025-10-20 00:00:00-04:00,13.268136024475098,13.268136024475098,13.268136024475098,13.268136024475098,1100,0.0,0.0
2025-10-21 00:00:00-04:00,13.268136024475098,13.268136024475098,13.268136024475098,13.268136024475098,0,0.0,0.0
2025-10-22 00:00:00-04:00,13.214080541807345,13.287793159484863,13.214080541807345,13.287793159484863,1000,0.0,0.0
2025-10-23 00:00:00-04:00,13.287793159484863,13.287793159484863,13.287793159484863,13.287793159484863,0,0.0,0.0
2025-10-24 00:00:00-04:00,13.15019702911377,13.15019702911377,13.15019702911377,13.15019702911377,200,0.0,0.0
2025-10-27 00:00:00-04:00,12.914318818021389,12.914318818021389,12.786551475524902,12.786551475524902,700,0.0,0.0
2025-10-28 00:00:00-04:00,13.125626564025879,13.125626564025879,13.125626564025879,13.125626564025879,600,0.0,0.0
2025-10-29 00:00:00-04:00,13.125626564025879,13.125626564025879,13.125626564025879,13.125626564025879,0,0.0,0.0
2025-10-30 00:00:00-04:00,13.125626564025879,13.125626564025879,13.125626564025879,13.125626564025879,0,0.0,0.0
2025-10-31 00:00:00-04:00,13.125626564025879,13.125626564025879,13.125626564025879,13.125626564025879,0,0.0,0.0
2025-11-03 00:00:00-05:00,13.14528331933452,13.218995000955923,13.14528331933452,13.209166526794434,900,0.0,0.0
2025-11-04 00:00:00-05:00,12.924146354140493,12.924146354140493,12.786551475524902,12.786551475524902,3800,0.0,0.0
2025-11-05 00:00:00-05:00,12.786551475524902,12.786551475524902,12.786551475524902,12.786551475524902,0,0.0,0.0
2025-11-06 00:00:00-05:00,12.7580501358695,12.785569113444021,12.383594271637076,12.776723861694336,800,0.0,0.0
2025-11-07 00:00:00-05:00,12.776723861694336,12.776723861694336,12.776723861694336,12.776723861694336,0,0.0,0.0
2025-11-10 00:00:00-05:00,12.776724166870117,12.776724166870117,11.958030815293895,12.285311698913574,700,0.0,0.0
2025-11-11 00:00:00-05:00,12.285311698913574,12.285311698913574,12.285311698913574,12.285311698913574,0,0.0,0.0
2025-11-12 00:00:00-05:00,12.77672348887863,13.464700720051587,12.77672348887863,13.258307456970215,9700,0.0,0.0
2025-11-13 00:00:00-05:00,13.258307456970215,13.258307456970215,13.258307456970215,13.258307456970215,0,0.0,0.0
2025-11-14 00:00:00-05:00,13.258307456970215,13.258307456970215,13.258307456970215,13.258307456970215,0,0.0,0.0
2025-11-17 00:00:00-05:00,13.975770950317383,13.975770950317383,13.975770950317383,13.975770950317383,600,0.0,0.0
2025-11-18 00:00:00-05:00,12.92414665222168,12.92414665222168,12.92414665222168,12.92414665222168,200,0.0,0.0
2025-11-19 00:00:00-05:00,12.92414665222168,12.92414665222168,12.92414665222168,12.92414665222168,0,0.0,0.0
2025-11-20 00:00:00-05:00,13.828345391164568,13.828345391164568,13.26813552450855,13.317276954650879,1300,0.0,0.0
2025-11-21 00:00:00-05:00,13.317276954650879,13.317276954650879,13.317276954650879,13.317276954650879,0,0.0,0.0
2025-11-24 00:00:00-05:00,13.268135712998275,13.464700499065207,12.924146634410016,13.130539894104004,4400,0.0,0.0
2025-11-25 00:00:00-05:00,13.130539894104004,13.130539894104004,13.130539894104004,13.130539894104004,0,0.0,0.0
2025-11-26 00:00:00-05:00,13.738908767700195,13.738908767700195,13.738908767700195,13.738908767700195,300,0.0,0.0
2025-11-28 00:00:00-05:00,13.346760749816895,13.346760749816895,13.346760749816895,13.346760749816895,200,0.0,0.0
2025-12-01 00:00:00-05:00,13.032258033752441,13.032258033752441,13.032258033752441,13.032258033752441,300,0.0,0.0
2025-12-02 00:00:00-05:00,13.032258033752441,13.032258033752441,13.032258033752441,13.032258033752441,0,0.0,0.0
2025-12-03 00:00:00-05:00,13.20032024383545,13.20032024383545,13.20032024383545,13.20032024383545,300,0.0,0.0
2025-12-04 00:00:00-05:00,13.20032024383545,13.20032024383545,13.20032024383545,13.20032024383545,0,0.0,0.0
2025-12-05 00:00:00-05:00,13.179680896214983,14.27061706366473,12.580158083889351,12.875005722045898,14800,0.0,0.0
2025-12-08 00:00:00-05:00,13.46568403746022,13.46568403746022,13.268136024475098,13.268136024475098,2600,0.0,0.0
2025-12-09 00:00:00-05:00,12.825864791870117,12.825864791870117,12.825864791870117,12.825864791870117,700,0.0,0.0
2025-12-10 00:00:00-05:00,12.776723742871194,13.386075070440436,12.438632111107218,12.973288536071777,26600,0.0,0.0
2025-12-11 00:00:00-05:00,13.071571792263068,13.071571792263068,12.806208610534668,12.806208610534668,2400,0.0,0.0
2025-12-12 00:00:00-05:00,13.022429801799634,13.317277456469162,12.491704398312423,13.268136024475098,6900,0.0,0.0
2025-12-15 00:00:00-05:00,13.475511756620186,13.475511756620186,12.875005722045898,12.875005722045898,1600,0.0,0.0
2025-12-16 00:00:00-05:00,13.022430089803843,13.022430089803843,12.53101763358483,12.776723861694336,2900,0.0,0.0
2025-12-17 00:00:00-05:00,12.543793678283691,12.543793678283691,12.543793678283691,12.543793678283691,800,0.0,0.0
2025-12-18 00:00:00-05:00,12.743307113647461,12.743307113647461,12.743307113647461,12.743307113647461,300,0.0,0.0
2025-12-19 00:00:00-05:00,12.442563241498227,13.017515852766268,12.442563241498227,12.776723861694336,12700,0.0,0.0
2025-12-22 00:00:00-05:00,12.285311144726784,12.285311144726784,11.597333908081055,11.597333908081055,3100,0.0,0.0
2025-12-23 00:00:00-05:00,11.597333908081055,11.597333908081055,11.597333908081055,11.597333908081055,2900,0.0,0.0
2025-12-24 00:00:00-05:00,11.597333908081055,11.597333908081055,11.597333908081055,11.597333908081055,0,0.0,0.0
2025-12-26 00:00:00-05:00,11.960978982344413,12.481875911430304,11.79389867611585,11.803727149963379,3400,0.0,0.0
2025-12-29 00:00:00-05:00,12.015034069625647,12.678440088209245,12.015034069625647,12.260740280151367,4900,0.0,0.0
2025-12-30 00:00:00-05:00,12.088745868245763,12.619471250886074,12.088745868245763,12.275482177734375,2300,0.0,0.0
2025-12-31 00:00:00-05:00,12.295139330753171,12.295139330753171,11.892181284606917,12.088746070861816,1700,0.0,0.0
2026-01-02 00:00:00-05:00,12.187027931213379,12.187027931213379,12.187027931213379,12.187027931213379,900,0.0,0.0
2026-01-05 00:00:00-05:00,12.580158390773429,12.580158390773429,11.892181176488634,12.077934265136719,900,0.0,0.0
2026-01-06 00:00:00-05:00,12.162457010179516,12.162457010179516,12.11331558227539,12.11331558227539,500,0.0,0.0
2026-01-07 00:00:00-05:00,12.113317147669804,12.285311698913574,12.113317147669804,12.285311698913574,800,0.0,0.0
2026-01-08 00:00:00-05:00,11.986873626708984,11.986873626708984,11.976991394333568,11.986873626708984,2500,0.068,0.0
2026-01-09 00:00:00-05:00,12.263570216675324,12.43650552315368,11.888053847369111,12.10545825958252,9400,0.0,0.0
2026-01-12 00:00:00-05:00,12.10545825958252,12.10545825958252,12.10545825958252,12.10545825958252,600,0.0,0.0
2026-01-13 00:00:00-05:00,12.27048783321916,13.933630158696438,11.858408324874715,12.886137008666992,25600,0.0,0.0
2026-01-14 00:00:00-05:00,12.352507939007523,12.836726024035443,12.352507939007523,12.807080268859863,1800,0.0,0.0
2026-01-15 00:00:00-05:00,12.098540500398371,12.5155611038208,12.086682009751241,12.5155611038208,4100,0.0,0.0
2026-01-16 00:00:00-05:00,11.957228660583496,11.957228660583496,11.957228660583496,11.957228660583496,300,0.0,0.0
2026-01-20 00:00:00-05:00,11.957228660583496,11.957228660583496,11.957228660583496,11.957228660583496,0,0.0,0.0
2026-01-21 00:00:00-05:00,11.957228660583496,11.957228660583496,11.957228660583496,11.957228660583496,0,0.0,0.0
2026-01-22 00:00:00-05:00,12.352508544921875,12.352508544921875,12.352508544921875,12.352508544921875,500,0.0,0.0
2026-01-23 00:00:00-05:00,12.342626073676911,12.342626073676911,11.858407974243164,11.858407974243164,1200,0.0,0.0
2026-01-26 00:00:00-05:00,11.938453674316406,11.938453674316406,11.938453674316406,11.938453674316406,600,0.0,0.0
2026-01-27 00:00:00-05:00,11.98687388603159,11.996756118620798,11.976991653442383,11.976991653442383,2000,0.0,0.0
2026-01-28 00:00:00-05:00,11.976991653442383,11.976991653442383,11.976991653442383,11.976991653442383,300,0.0,0.0
2026-01-29 00:00:00-05:00,11.976991653442383,11.976991653442383,11.976991653442383,11.976991653442383,0,0.0,0.0
2026-01-30 00:00:00-05:00,12.056048393249512,12.056048393249512,12.056048393249512,12.056048393249512,200,0.0,0.0
2026-02-02 00:00:00-05:00,11.858407407732617,11.858407407732617,11.591592788696289,11.591592788696289,1400,0.0,0.0
2026-02-03 00:00:00-05:00,11.591592788696289,11.591592788696289,11.591592788696289,11.591592788696289,800,0.0,0.0
2026-02-04 00:00:00-05:00,11.641003008046152,11.799114956028472,11.591592788696289,11.591592788696289,1600,0.0,0.0
2026-02-05 00:00:00-05:00,11.591593579233916,11.591593579233916,11.5619478225708,11.5619478225708,2400,0.0,0.0
2026-02-06 00:00:00-05:00,11.561948206291062,11.561948206291062,10.880090125880088,11.117258071899414,2200,0.0,0.0
2026-02-09 00:00:00-05:00,10.880089494779122,11.68053150177002,10.880089494779122,11.68053150177002,8900,0.0,0.0
2026-02-10 00:00:00-05:00,10.939381737887791,11.077730178833008,10.939381737887791,11.077730178833008,500,0.0,0.0
2026-02-11 00:00:00-05:00,10.949263930974011,10.949263930974011,10.899853706359863,10.899853706359863,1000,0.0,0.0
2026-02-12 00:00:00-05:00,11.957228413271636,12.322862545919236,11.94734618044888,12.253687858581543,1500,0.0,0.0
2026-02-13 00:00:00-05:00,11.858407974243164,11.858407974243164,11.858407974243164,11.858407974243164,1300,0.0,0.0
2026-02-17 00:00:00-05:00,12.080753997071849,12.080753997071849,11.374190342122933,11.660768508911133,6600,0.0,0.0
2026-02-18 00:00:00-05:00,12.065930366516113,12.065930366516113,12.065930366516113,12.065930366516113,400,0.0,0.0
2026-02-19 00:00:00-05:00,12.065930366516113,12.065930366516113,12.065930366516113,12.065930366516113,0,0.0,0.0
2026-02-20 00:00:00-05:00,11.616299629211426,11.616299629211426,11.616299629211426,11.616299629211426,200,0.0,0.0
2026-02-23 00:00:00-05:00,11.858407974243164,11.858407974243164,11.858407974243164,11.858407974243164,400,0.0,0.0
2026-02-24 00:00:00-05:00,11.611357799347962,11.680531544237253,11.41371785507742,11.563923835754395,11000,0.0,0.0
2026-02-25 00:00:00-05:00,11.596534824516205,11.596534824516205,11.413718223571777,11.413718223571777,9900,0.0,0.0
2026-02-26 00:00:00-05:00,11.41371786137249,11.41371786137249,10.913687812549567,11.06784725189209,11200,0.0,0.0
2026-02-27 00:00:00-05:00,11.101446818816097,11.413718223571777,11.101446818816097,11.413718223571777,1100,0.0,0.0
2026-03-02 00:00:00-05:00,11.413718223571777,11.413718223571777,11.413718223571777,11.413718223571777,0,0.0,0.0
2026-03-03 00:00:00-05:00,11.907818504872196,11.907818504872196,11.06784754127038,11.487833023071289,1100,0.0,0.0
2026-03-04 00:00:00-05:00,11.413718223571777,11.413718223571777,11.413718223571777,11.413718223571777,500,0.0,0.0
2026-03-05 00:00:00-05:00,11.463128566026395,11.463128566026395,11.265487670898438,11.265487670898438,1100,0.0,0.0
2026-03-06 00:00:00-05:00,11.265487281449698,11.28031063079834,11.067847335575802,11.28031063079834,4400,0.0,0.0
2026-03-09 00:00:00-04:00,11.067848106704007,11.107376098632812,11.067848106704007,11.107376098632812,700,0.0,0.0
2026-03-10 00:00:00-04:00,11.06784725189209,11.06784725189209,11.06784725189209,11.06784725189209,500,0.0,0.0
2026-03-11 00:00:00-04:00,11.06784725189209,11.06784725189209,11.06784725189209,11.06784725189209,0,0.0,0.0
2026-03-12 00:00:00-04:00,11.06784725189209,11.06784725189209,11.06784725189209,11.06784725189209,0,0.0,0.0
2026-03-13 00:00:00-04:00,11.73982401220106,12.154868366856268,11.067847258488515,11.463128089904785,5000,0.0,0.0
2026-03-16 00:00:00-04:00,11.947346374891112,11.947346374891112,11.240782737731934,11.240782737731934,2500,0.0,0.0
2026-03-17 00:00:00-04:00,11.216078017769862,11.423600196838379,11.146903329799288,11.423600196838379,3200,0.0,0.0
2026-03-18 00:00:00-04:00,11.423600196838379,11.423600196838379,11.423600196838379,11.423600196838379,0,0.0,0.0
2026-03-19 00:00:00-04:00,11.423600196838379,11.423600196838379,11.423600196838379,11.423600196838379,0,0.0,0.0
2026-03-20 00:00:00-04:00,11.31489741797192,11.31489741797192,11.06784725189209,11.06784725189209,3200,0.0,0.0
2026-03-23 00:00:00-04:00,11.06784725189209,11.06784725189209,11.06784725189209,11.06784725189209,0,0.0,0.0
2026-03-24 00:00:00-04:00,11.198289090362548,11.27833366394043,11.198289090362548,11.27833366394043,1700,0.0,0.0
2026-03-25 00:00:00-04:00,11.27833366394043,11.27833366394043,11.27833366394043,11.27833366394043,0,0.0,0.0
2026-03-26 00:00:00-04:00,11.27833366394043,11.27833366394043,11.27833366394043,11.27833366394043,0,0.0,0.0
2026-03-27 00:00:00-04:00,11.27833366394043,11.27833366394043,11.27833366394043,11.27833366394043,0,0.0,0.0
2026-03-30 00:00:00-04:00,11.27833366394043,11.27833366394043,11.27833366394043,11.27833366394043,0,0.0,0.0
2026-03-31 00:00:00-04:00,11.285251907440038,11.285251907440038,11.166667938232422,11.166667938232422,2400,0.0,0.0
2026-04-01 00:00:00-04:00,11.166667938232422,11.166667938232422,11.166667938232422,11.166667938232422,1400,0.0,0.0
2026-04-02 00:00:00-04:00,11.166667938232422,11.166667938232422,11.166667938232422,11.166667938232422,0,0.0,0.0
2026-04-06 00:00:00-04:00,11.122198615115055,11.253628730773926,11.122198615115055,11.253628730773926,5900,0.0,0.0
2026-04-07 00:00:00-04:00,11.186430931091309,11.186430931091309,11.186430931091309,11.186430931091309,300,0.0,0.0
2026-04-08 00:00:00-04:00,11.43446996784922,11.538230585086106,11.176549911499023,11.176549911499023,5200,0.0,0.0
2026-04-09 00:00:00-04:00,11.176549911499023,11.176549911499023,11.176549911499023,11.176549911499023,0,0.0,0.0
2026-04-10 00:00:00-04:00,11.176549911499023,11.176549911499023,11.176549911499023,11.176549911499023,0,0.0,0.0
2026-04-13 00:00:00-04:00,11.176549911499023,11.176549911499023,11.176549911499023,11.176549911499023,0,0.0,0.0
2026-04-14 00:00:00-04:00,11.611357788487524,11.611357788487524,11.176549911499023,11.176549911499023,1000,0.0,0.0
2026-04-15 00:00:00-04:00,11.24415397644043,11.24415397644043,11.24415397644043,11.24415397644043,0,0.068,0.0
2026-04-16 00:00:00-04:00,11.184503098308294,11.293862342834473,11.184503098308294,11.293862342834473,700,0.0,0.0
2026-04-17 00:00:00-04:00,11.820777893066406,11.820777893066406,11.820777893066406,11.820777893066406,100,0.0,0.0
2026-04-20 00:00:00-04:00,11.283921241760254,11.293862301683083,11.283921241760254,11.283921241760254,1800,0.0,0.0
2026-04-21 00:00:00-04:00,11.18450337516484,11.18450337516484,11.144736289978027,11.144736289978027,1700,0.0,0.0
2026-04-22 00:00:00-04:00,11.144736289978027,11.144736289978027,11.144736289978027,11.144736289978027,300,0.0,0.0
2026-04-23 00:00:00-04:00,11.144736289978027,11.144736289978027,11.144736289978027,11.144736289978027,0,0.0,0.0
2026-04-24 00:00:00-04:00,11.144736243515272,11.144736243515272,11.134794235229492,11.134794235229492,3100,0.0,0.0
2026-04-27 00:00:00-04:00,11.134794235229492,11.134794235229492,11.134794235229492,11.134794235229492,2900,0.0,0.0
2026-04-28 00:00:00-04:00,11.065201580846425,11.234211921691895,11.065201580846425,11.234211921691895,1200,0.0,0.0
2026-04-29 00:00:00-04:00,11.065201759338379,11.065201759338379,11.065201759338379,11.065201759338379,400,0.0,0.0
2026-04-30 00:00:00-04:00,11.075143814086914,11.075143814086914,11.075143814086914,11.075143814086914,400,0.0,0.0
2026-05-01 00:00:00-04:00,11.346553802490234,11.346553802490234,11.346553802490234,11.346553802490234,500,0.0,0.0
2026-05-04 00:00:00-04:00,11.38333900251429,11.726330710895718,11.085085384274878,11.716388702392578,1600,0.0,0.0
2026-05-05 00:00:00-04:00,11.716388702392578,11.716388702392578,11.716388702392578,11.716388702392578,0,0.0,0.0
2026-05-06 00:00:00-04:00,11.497668725333687,11.502639729355854,11.492698669433594,11.492698669433594,2000,0.0,0.0
2026-05-07 00:00:00-04:00,11.085084915161133,11.085084915161133,11.085084915161133,11.085084915161133,1000,0.0,0.0
2026-05-08 00:00:00-04:00,11.085084915161133,11.085084915161133,11.085084915161133,11.085084915161133,0,0.0,0.0
2026-05-11 00:00:00-04:00,11.134794007451063,11.134794007451063,11.085084915161133,11.085084915161133,2400,0.0,0.0
2026-05-12 00:00:00-04:00,11.085084915161133,11.085084915161133,11.085084915161133,11.085084915161133,0,0.0,0.0
2026-05-13 00:00:00-04:00,11.085084915161133,11.085084915161133,11.085084915161133,11.085084915161133,0,0.0,0.0
2026-05-14 00:00:00-04:00,11.085084915161133,11.085084915161133,11.085084915161133,11.085084915161133,0,0.0,0.0
2026-05-15 00:00:00-04:00,11.085084915161133,11.085084915161133,11.085084915161133,11.085084915161133,2700,0.0,0.0
2026-05-18 00:00:00-04:00,11.085084915161133,11.085084915161133,11.085084915161133,11.085084915161133,0,0.0,0.0
2026-05-19 00:00:00-04:00,11.184503555297852,11.184503555297852,11.184503555297852,11.184503555297852,500,0.0,0.0
2026-05-20 00:00:00-04:00,11.184503555297852,11.184503555297852,11.184503555297852,11.184503555297852,0,0.0,0.0
2026-05-21 00:00:00-04:00,11.184503555297852,11.184503555297852,11.184503555297852,11.184503555297852,0,0.0,0.0
2026-05-22 00:00:00-04:00,11.184503661091236,11.184503661091236,9.414866902854996,10.150558471679688,7400,0.0,0.0
2026-05-26 00:00:00-04:00,10.389160729565033,10.935958862304688,10.389160729565033,10.935958862304688,800,0.0,0.0
2026-05-27 00:00:00-04:00,10.945900642111893,11.442989670929448,10.945900642111893,11.199416160583496,5800,0.0,0.0
2026-05-28 00:00:00-04:00,11.46287259867727,11.532465706582462,11.259066175207778,11.482756614685059,3700,0.0,0.0
2026-05-29 00:00:00-04:00,10.98566749656529,10.98566749656529,10.836540222167969,10.836540222167969,2100,0.0,0.0
2026-06-01 00:00:00-04:00,11.66170850165589,12.009671211242676,11.66170850165589,12.009671211242676,2500,0.0,0.0
2026-06-02 00:00:00-04:00,11.169590125890636,11.930136680603027,11.169590125890636,11.930136680603027,1800,0.0,0.0
2026-06-03 00:00:00-04:00,10.896191596984863,10.896191596984863,10.896191596984863,10.896191596984863,500,0.0,0.0
2026-06-04 00:00:00-04:00,11.602058113721219,11.602058113721219,11.390297889709473,11.390297889709473,1200,0.0,0.0
2026-06-05 00:00:00-04:00,11.731301307678223,11.731301307678223,11.731301307678223,11.731301307678223,200,0.0,0.0
2026-06-08 00:00:00-04:00,11.671649750495822,11.671649750495822,11.433047252769915,11.631882667541504,2300,0.0,0.0
2026-06-09 00:00:00-04:00,11.283921241760254,11.283921241760254,11.283921241760254,11.283921241760254,300,0.0,0.0
2026-06-10 00:00:00-04:00,11.283921241760254,11.283921241760254,11.283921241760254,11.283921241760254,0,0.0,0.0
2026-06-11 00:00:00-04:00,12.437167627550876,12.437167627550876,11.283921241760254,11.283921241760254,3700,0.0,0.0
2026-06-12 00:00:00-04:00,11.810835385588208,11.810835385588208,11.293862342834473,11.293862342834473,19200,0.0,0.0
2026-06-15 00:00:00-04:00,11.293862157033377,11.293862157033377,10.836540222167969,10.836540222167969,2000,0.0,0.0
2026-06-16 00:00:00-04:00,10.587996245332691,11.060231215818739,10.587996245332691,10.955842971801758,4800,0.0,0.0
2026-06-17 00:00:00-04:00,11.194445610046387,11.194445610046387,11.194445610046387,11.194445610046387,1700,0.0,0.0
2026-06-18 00:00:00-04:00,11.234211837998325,11.631882667541504,11.234211837998325,11.631882667541504,10900,0.0,0.0
2026-06-22 00:00:00-04:00,11.095026969909668,11.095026969909668,11.095026969909668,11.095026969909668,5200,0.0,0.0
2026-06-23 00:00:00-04:00,11.095026969909668,11.095026969909668,11.095026969909668,11.095026969909668,0,0.0,0.0
2026-06-24 00:00:00-04:00,11.283921241760254,11.283921241760254,11.283921241760254,11.283921241760254,900,0.0,0.0
2026-06-25 00:00:00-04:00,11.283921241760254,11.283921241760254,11.283921241760254,11.283921241760254,0,0.0,0.0
2026-06-26 00:00:00-04:00,11.14473633635796,11.154678344726562,11.14473633635796,11.154678344726562,1200,0.0,0.0
2026-06-29 00:00:00-04:00,11.154678344726562,11.154678344726562,11.154678344726562,11.154678344726562,0,0.0,0.0
2026-06-30 00:00:00-04:00,11.433047967773174,12.26815771016223,11.144736361293344,11.582174301147461,21100,0.0,0.0
2026-07-01 00:00:00-04:00,11.444977608179773,11.568255282363337,11.433047388339808,11.45293140411377,6300,0.0,0.0
2026-07-02 00:00:00-04:00,11.45293140411377,11.45293140411377,11.45293140411377,11.45293140411377,600,0.0,0.0
2026-07-06 00:00:00-04:00,11.164619445800781,11.164619445800781,11.164619445800781,11.164619445800781,800,0.0,0.0
2026-07-07 00:00:00-04:00,11.164619445800781,11.164619445800781,11.164619445800781,11.164619445800781,0,0.0,0.0
2026-07-08 00:00:00-04:00,11.164619445800781,11.164619445800781,11.164619445800781,11.164619445800781,0,0.0,0.0
2026-07-09 00:00:00-04:00,11.18450337516484,11.18450337516484,11.144736289978027,11.144736289978027,1300,0.0,0.0
2026-07-10 00:00:00-04:00,11.144736289978027,11.144736289978027,11.144736289978027,11.144736289978027,0,0.0,0.0
2026-07-13 00:00:00-04:00,11.144736289978027,11.144736289978027,11.144736289978027,11.144736289978027,0,0.0,0.0
2026-07-14 00:00:00-04:00,11.144736289978027,11.144736289978027,11.144736289978027,11.144736289978027,0,0.0,0.0
2026-07-15 00:00:00-04:00,11.880427588142766,11.930136680603027,11.880427588142766,11.930136680603027,2400,0.0,0.0
2026-07-16 00:00:00-04:00,11.930136306814092,11.930136306814092,11.537435531616211,11.537435531616211,1000,0.0,0.0
2026-07-17 00:00:00-04:00,11.537435531616211,11.537435531616211,11.537435531616211,11.537435531616211,0,0.0,0.0
2026-07-20 00:00:00-04:00,11.930136306814092,11.930136306814092,11.537435531616211,11.537435531616211,2400,0.0,0.0
2026-07-21 00:00:00-04:00,11.144735704540379,11.537435531616211,11.144735704540379,11.537435531616211,1100,0.0,0.0
2026-07-22 00:00:00-04:00,11.612000465393066,11.612000465393066,11.612000465393066,11.612000465393066,1300,0.0,0.0
2026-07-23 00:00:00-04:00,11.3100004196167,11.3100004196167,11.3100004196167,11.3100004196167,900,0.068,0.0
2026-07-24 00:00:00-04:00,11.140000343322754,11.220000267028809,11.140000343322754,11.140000343322754,1700,0.0,0.0
2026-07-27 00:00:00-04:00,11.300000190734863,11.300000190734863,11.300000190734863,11.300000190734863,300,0.0,0.0
2026-07-28 00:00:00-04:00,11.300000190734863,11.300000190734863,11.300000190734863,11.300000190734863,0,0.0,0.0
2026-07-29 00:00:00-04:00,11.715999603271484,11.715999603271484,11.715999603271484,11.715999603271484,1900,0.0,0.0
2026-07-30 00:00:00-04:00,11.40999984741211,11.40999984741211,11.350000381469727,11.369999885559082,1900,0.0,0.0
2026-07-31 00:00:00-04:00,11.449999809265137,11.449999809265137,11.399999618530273,11.399999618530273,1200,0.0,0.0
2026-08-03 00:00:00-04:00,11.470000267028809,11.734999656677246,11.399999618530273,11.734999656677246,1600,0.0,0.0
2026-08-04 00:00:00-04:00,11.399999618530273,11.399999618530273,11.380000114440918,11.380000114440918,1100,0.0,0.0
2026-08-05 00:00:00-04:00,11.600000381469727,12.65999984741211,11.5,12.170000076293945,111800,0.0,0.0
2026-08-06 00:00:00-04:00,12.170000076293945,12.170000076293945,12.170000076293945,12.170000076293945,0,0.0,0.0
2026-08-07 00:00:00-04:00,12.170000076293945,12.170000076293945,12.170000076293945,12.170000076293945,0,0.0,0.0
2026-08-10 00:00:00-04:00,12.170000076293945,12.170000076293945,12.170000076293945,12.170000076293945,0,0.0,0.0
2026-08-11 00:00:00-04:00,12.170000076293945,12.170000076293945,12.170000076293945,12.170000076293945,0,0.0,0.0
2026-08-12 00:00:00-04:00,12.170000076293945,12.170000076293945,12.170000076293945,12.170000076293945,0,0.0,0.0
2026-08-13 00:00:00-04:00,11.456999778747559,11.456999778747559,11.456999778747559,11.456999778747559,200,0.0,0.0
2026-08-14 00:00:00-04:00,11.456999778747559,11.456999778747559,11.456999778747559,11.456999778747559,0,0.0,0.0
2026-08-17 00:00:00-04:00,11.1899995803833,11.739999771118164,11.1899995803833,11.739999771118164,3100,0.0,0.0
2026-08-18 00:00:00-04:00,11.350000381469727,11.350000381469727,11.350000381469727,11.350000381469727,300,0.0,0.0
2026-08-19 00:00:00-04:00,11.350000381469727,11.350000381469727,11.350000381469727,11.350000381469727,0,0.0,0.0
2026-08-20 00:00:00-04:00,11.350000381469727,11.350000381469727,11.350000381469727,11.350000381469727,0,0.0,0.0
2026-08-21 00:00:00-04:00,11.350000381469727,11.350000381469727,11.350000381469727,11.350000381469727,0,0.0,0.0
