Date,Open,High,Low,Close,Volume,Dividends,Stock Splits
1991-07-30 00:00:00-04:00,3.0820174289472178,3.0820174289472178,2.839858834647307,2.905902147293091,5577220,0.0,0.0
1991-07-31 00:00:00-04:00,2.9059007987380028,2.9059007987380028,2.817843198776245,2.817843198776245,3053308,0.0,0.0
1991-08-01 00:00:00-04:00,2.9059007987380028,2.9059007987380028,2.817843198776245,2.817843198776245,1433863,0.0,0.0
1991-08-02 00:00:00-04:00,2.8178426157036864,2.8618712425231934,2.8178426157036864,2.8618712425231934,427424,0.0,0.0
1991-08-05 00:00:00-04:00,2.817843198776245,2.861871834706227,2.7958288808112544,2.817843198776245,166047,0.0,0.0
1991-08-06 00:00:00-04:00,2.8178426157036864,2.8618712425231934,2.8178426157036864,2.8618712425231934,1312747,0.0,0.0
1991-08-07 00:00:00-04:00,2.8618712425231934,2.8618712425231934,2.8178426157036864,2.8618712425231934,923611,0.0,0.0
1991-08-08 00:00:00-04:00,2.817843198776245,2.861871834706227,2.817843198776245,2.817843198776245,458680,0.0,0.0
1991-08-09 00:00:00-04:00,2.817843198776245,2.861871834706227,2.817843198776245,2.817843198776245,424689,0.0,0.0
1991-08-12 00:00:00-04:00,2.817843198776245,2.861871834706227,2.817843198776245,2.817843198776245,328968,0.0,0.0
1991-08-13 00:00:00-04:00,2.86187237725316,2.86187237725316,2.817843732976333,2.839858055114746,676299,0.0,0.0
1991-08-14 00:00:00-04:00,2.9059017786810695,2.949930429458618,2.839858474412842,2.949930429458618,326233,0.0,0.0
1991-08-15 00:00:00-04:00,2.949930429458618,3.037988387217525,2.8618727998016165,2.949930429458618,368429,0.0,0.0
1991-08-16 00:00:00-04:00,2.905901251723431,3.037987836307237,2.905901251723431,2.927915573120117,143386,0.0,0.0
1991-08-19 00:00:00-04:00,2.8178441336688236,2.9059017628459745,2.7297863404407217,2.773815155029297,218400,0.0,0.0
1991-08-20 00:00:00-04:00,2.861871527665773,2.861871527665773,2.7738139371514143,2.7958285808563232,300838,0.0,0.0
1991-08-21 00:00:00-04:00,2.8618731628285863,2.905902147293091,2.8178445064660274,2.905902147293091,75795,0.0,0.0
1991-08-22 00:00:00-04:00,2.927916104069844,3.037988387217525,2.8618727998016165,2.949930429458618,319982,0.0,0.0
1991-08-23 00:00:00-04:00,3.0379876802577677,3.0379876802577677,2.9499297429905234,2.9939587116241455,348503,0.0,0.0
1991-08-26 00:00:00-04:00,2.9939587116241455,3.082016320789562,2.9939587116241455,2.9939587116241455,260205,0.0,0.0
1991-08-27 00:00:00-04:00,3.082016320789562,3.082016320789562,2.9939587116241455,2.9939587116241455,184410,0.0,0.0
1991-08-28 00:00:00-04:00,2.993959781101772,3.082017421722412,2.949930796740479,3.082017421722412,66028,0.0,0.0
1991-08-29 00:00:00-04:00,3.0820170379950738,3.0820170379950738,2.949930429458618,2.949930429458618,55870,0.0,0.0
1991-08-30 00:00:00-04:00,2.993959781101772,3.082017421722412,2.949930796740479,3.082017421722412,13284,0.0,0.0
1991-09-03 00:00:00-04:00,2.949930429458618,3.0820170379950738,2.949930429458618,2.949930429458618,58214,0.0,0.0
1991-09-04 00:00:00-04:00,3.037987863422753,3.082016506609102,2.949929920846359,2.971944570541382,150810,0.0,0.0
1991-09-05 00:00:00-04:00,2.99395886541202,2.99395886541202,2.905901251723431,2.927915573120117,154717,0.0,0.0
1991-09-06 00:00:00-04:00,2.927915599253185,2.993958892134556,2.9059012776600106,2.971944570541382,178940,0.0,0.0
1991-09-09 00:00:00-04:00,2.971944570541382,2.971944570541382,2.971944570541382,2.971944570541382,0,0.0,0.0
1991-09-10 00:00:00-04:00,2.905902147293091,2.9499308036556493,2.8618731628285863,2.905902147293091,57823,0.0,0.0
1991-09-11 00:00:00-04:00,2.949928824263934,2.949928824263934,2.8618712425231934,2.8618712425231934,290680,0.0,0.0
1991-09-12 00:00:00-04:00,2.8618721338251074,2.9939587116241455,2.8618721338251074,2.9939587116241455,123851,0.0,0.0
1991-09-13 00:00:00-04:00,2.92791451085418,2.993957779185167,2.8618712425231934,2.8618712425231934,100409,0.0,0.0
1991-09-16 00:00:00-04:00,2.861871834706227,2.861871834706227,2.7297854347635906,2.817843198776245,175033,0.0,0.0
1991-09-17 00:00:00-04:00,2.7958293769571414,2.8178436988287783,2.729785919189453,2.729785919189453,38288,0.0,0.0
1991-09-18 00:00:00-04:00,2.729785919189453,2.8178436988287783,2.729785919189453,2.729785919189453,12893,0.0,0.0
1991-09-19 00:00:00-04:00,2.817843198776245,2.817843198776245,2.7297854347635906,2.817843198776245,18754,0.0,0.0
1991-09-20 00:00:00-04:00,2.8178436988287783,2.8178436988287783,2.729785919189453,2.729785919189453,35944,0.0,0.0
1991-09-23 00:00:00-04:00,2.729785141894235,2.7958285808563232,2.729785141894235,2.7958285808563232,61730,0.0,0.0
1991-09-24 00:00:00-04:00,2.72978677123137,2.72978677123137,2.3335272133490843,2.465613842010498,859927,0.0,0.0
1991-09-25 00:00:00-04:00,2.3775560348858966,2.465613842010498,2.3775560348858966,2.465613842010498,260596,0.0,0.0
1991-09-26 00:00:00-04:00,2.3775560348858966,2.465613842010498,2.3775560348858966,2.465613842010498,171517,0.0,0.0
1991-09-27 00:00:00-04:00,2.4215844223947838,2.4215844223947838,2.3775556087493896,2.3775556087493896,102754,0.0,0.0
1991-09-30 00:00:00-04:00,2.465613400091126,2.465613400091126,2.3775556087493896,2.3775556087493896,95721,0.0,0.0
1991-10-01 00:00:00-04:00,2.3775560348858966,2.465613842010498,2.3775560348858966,2.465613842010498,58214,0.0,0.0
1991-10-02 00:00:00-04:00,2.3775556087493896,2.465613400091126,2.3775556087493896,2.3775556087493896,41414,0.0,0.0
1991-10-03 00:00:00-04:00,2.465613842010498,2.465613842010498,2.3335272133490843,2.465613842010498,161749,0.0,0.0
1991-10-04 00:00:00-04:00,2.465611946342888,2.465611946342888,2.3335254192352295,2.3335254192352295,95721,0.0,0.0
1991-10-07 00:00:00-04:00,2.3335274855687738,2.3335274855687738,2.1133840084075928,2.1133840084075928,238326,0.0,0.0
1991-10-08 00:00:00-04:00,2.2454686606064986,2.2454686606064986,1.8492099194577627,2.025325298309326,845081,0.0,0.0
1991-10-09 00:00:00-04:00,1.9372672618132896,2.0693538188934326,1.9372672618132896,2.0693538188934326,13674,0.0,0.0
1991-10-10 00:00:00-04:00,1.9372678346288421,2.157412052154541,1.9372678346288421,2.157412052154541,203163,0.0,0.0
1991-10-11 00:00:00-04:00,2.0253256200696836,2.2014408628494935,2.0253256200696836,2.157412052154541,96112,0.0,0.0
1991-10-14 00:00:00-04:00,2.025326355061526,2.1133840084075928,1.937268537664463,2.1133840084075928,171907,0.0,0.0
1991-10-15 00:00:00-04:00,2.1133832414595886,2.2014408628494935,1.9812966453237946,2.157412052154541,260596,0.0,0.0
1991-10-16 00:00:00-04:00,2.223455336860692,2.245469832222707,2.1133840084075928,2.1133840084075928,228168,0.0,0.0
1991-10-17 00:00:00-04:00,2.1133830647427385,2.2454688295791017,2.1133830647427385,2.1794261932373047,219182,0.0,0.0
1991-10-18 00:00:00-04:00,2.157412052154541,2.245469017340698,2.157412052154541,2.157412052154541,53916,0.0,0.0
1991-10-21 00:00:00-04:00,2.2454686164855957,2.2454686164855957,2.1574116670191317,2.2454686164855957,78140,0.0,0.0
1991-10-22 00:00:00-04:00,2.2014406787694423,2.2454688295791017,2.1574118717560906,2.1794261932373047,114084,0.0,0.0
1991-10-23 00:00:00-04:00,2.157412052154541,2.245469017340698,2.157412052154541,2.157412052154541,148075,0.0,0.0
1991-10-24 00:00:00-04:00,2.157411625715548,2.2894973754882812,2.157411625715548,2.2894973754882812,253954,0.0,0.0
1991-10-25 00:00:00-04:00,2.3335261774803984,2.3775549794725155,2.201440427707665,2.2894973754882812,46884,0.0,0.0
1991-10-28 00:00:00-05:00,2.37755487861394,2.37755487861394,2.2014403343200684,2.2014403343200684,38288,0.0,0.0
1991-10-29 00:00:00-05:00,2.2894979814586014,2.3775556087493896,2.2014410103716044,2.3775556087493896,41805,0.0,0.0
1991-10-30 00:00:00-05:00,2.37755487861394,2.37755487861394,2.2014403343200684,2.2014403343200684,53526,0.0,0.0
1991-10-31 00:00:00-05:00,2.3775556087493896,2.3775556087493896,2.2014410103716044,2.3775556087493896,465713,0.0,0.0
1991-11-01 00:00:00-05:00,2.3775549160033957,2.3775549160033957,2.2014403689399447,2.2674829959869385,352801,0.0,0.0
1991-11-04 00:00:00-05:00,2.2454691678132073,2.3775556087493896,2.2454691678132073,2.3775556087493896,63293,0.0,0.0
1991-11-05 00:00:00-05:00,2.2454678438640245,2.4215829946064344,2.2454678438640245,2.3335254192352295,185582,0.0,0.0
1991-11-06 00:00:00-05:00,2.3335254192352295,2.5096407340284905,2.3335254192352295,2.3335254192352295,74233,0.0,0.0
1991-11-07 00:00:00-05:00,2.50964221373652,2.50964221373652,2.3335267951039955,2.3775556087493896,77358,0.0,0.0
1991-11-08 00:00:00-05:00,2.3335254192352295,2.4215829946064344,2.3335254192352295,2.3335254192352295,8205,0.0,0.0
1991-11-11 00:00:00-05:00,2.5096407340284905,2.5096407340284905,2.3335254192352295,2.3335254192352295,62121,0.0,0.0
1991-11-12 00:00:00-05:00,2.3335258250787176,2.509641170501709,2.3335258250787176,2.509641170501709,94549,0.0,0.0
1991-11-13 00:00:00-05:00,2.3335262221556903,2.509641597546787,2.2454686164855957,2.2454686164855957,134400,0.0,0.0
1991-11-14 00:00:00-05:00,2.2454684782408436,2.289497278365209,2.1574115341957025,2.2014403343200684,100019,0.0,0.0
1991-11-15 00:00:00-05:00,2.2014402119226872,2.2894971510719704,2.0253250212170144,2.0693538188934326,137135,0.0,0.0
1991-11-18 00:00:00-05:00,2.157412052154541,2.157412052154541,2.0253256200696836,2.157412052154541,118382,0.0,0.0
1991-11-19 00:00:00-05:00,2.1574117094098155,2.1574117094098155,2.025325298309326,2.025325298309326,251219,0.0,0.0
1991-11-20 00:00:00-05:00,2.157412052154541,2.2894978280356506,2.1133832414595886,2.157412052154541,147684,0.0,0.0
1991-11-21 00:00:00-05:00,2.333526638730603,2.333526638730603,2.157412052154541,2.157412052154541,150810,0.0,0.0
1991-11-22 00:00:00-05:00,2.333526638730603,2.333526638730603,2.157412052154541,2.157412052154541,14847,0.0,0.0
1991-11-25 00:00:00-05:00,2.157412052154541,2.333526638730603,2.157412052154541,2.157412052154541,119944,0.0,0.0
1991-11-26 00:00:00-05:00,2.157412835080626,2.2894986588957402,2.1133840084075928,2.1133840084075928,282866,0.0,0.0
1991-11-27 00:00:00-05:00,2.2014416617536594,2.2014416617536594,2.0693551817345592,2.1133840084075928,41023,0.0,0.0
1991-11-29 00:00:00-05:00,2.179425852232437,2.2014403343200684,2.1353970521080714,2.2014403343200684,9377,0.0,0.0
1991-12-02 00:00:00-05:00,2.2014403343200684,2.2014403343200684,2.0693539339469718,2.2014403343200684,16409,0.0,0.0
1991-12-03 00:00:00-05:00,2.2014402119226872,2.2014402119226872,2.0693538188934326,2.0693538188934326,63684,0.0,0.0
1991-12-04 00:00:00-05:00,2.2014402119226872,2.2014402119226872,2.0693538188934326,2.0693538188934326,30084,0.0,0.0
1991-12-05 00:00:00-05:00,2.2014403343200684,2.2014403343200684,2.0693539339469718,2.2014403343200684,52744,0.0,0.0
1991-12-06 00:00:00-05:00,2.0693538188934326,2.2014402119226872,2.0693538188934326,2.0693538188934326,9767,0.0,0.0
1991-12-09 00:00:00-05:00,2.0693539339469718,2.2014403343200684,2.0253251338226064,2.2014403343200684,99628,0.0,0.0
1991-12-10 00:00:00-05:00,2.0253257331084242,2.0253257331084242,1.8051815032958984,1.8051815032958984,404764,0.0,0.0
1991-12-11 00:00:00-05:00,1.8932391296005304,1.8932391296005304,1.8051815032958984,1.8051815032958984,74623,0.0,0.0
1991-12-12 00:00:00-05:00,1.8932385470614554,1.8932385470614554,1.7611521482467651,1.7611521482467651,255517,0.0,0.0
1991-12-13 00:00:00-05:00,1.9372679539165967,1.9372679539165967,1.7611527002924467,1.893239140510559,16409,0.0,0.0
1991-12-16 00:00:00-05:00,1.9372668266296387,1.9372668266296387,1.805180463271994,1.9372668266296387,79312,0.0,0.0
1991-12-17 00:00:00-05:00,1.9372668266296387,1.9372668266296387,1.805180463271994,1.9372668266296387,192224,0.0,0.0
1991-12-18 00:00:00-05:00,1.805180463271994,1.9372668266296387,1.805180463271994,1.9372668266296387,236763,0.0,0.0
1991-12-19 00:00:00-05:00,1.9372671367091308,1.9372671367091308,1.8051807522097045,1.8492095470428467,139479,0.0,0.0
1991-12-20 00:00:00-05:00,1.8051807522097045,1.9372671367091308,1.8051807522097045,1.8492095470428467,132447,0.0,0.0
1991-12-23 00:00:00-05:00,1.893238038843757,1.9372668266296387,1.805180463271994,1.9372668266296387,154717,0.0,0.0
1991-12-24 00:00:00-05:00,1.8051815136984841,1.9372679539165967,1.8051815136984841,1.893239140510559,61340,0.0,0.0
1991-12-26 00:00:00-05:00,1.8051815032958984,1.9372679427528463,1.8051815032958984,1.8051815032958984,5860,0.0,0.0
1991-12-27 00:00:00-05:00,1.805180868784035,2.0693538188934326,1.805180868784035,2.0693538188934326,154326,0.0,0.0
1991-12-30 00:00:00-05:00,2.0693538188934326,2.0693538188934326,1.9812960594897078,2.0693538188934326,236763,0.0,0.0
1991-12-31 00:00:00-05:00,1.9812973737716675,2.069355191588028,1.9812973737716675,1.9812973737716675,126977,0.0,0.0
1992-01-02 00:00:00-05:00,2.0693551817345592,2.1133840084075928,1.9812973643374963,2.1133840084075928,164484,0.0,0.0
1992-01-03 00:00:00-05:00,2.1133840084075928,2.1133840084075928,1.9812973643374963,2.1133840084075928,86344,0.0,0.0
1992-01-06 00:00:00-05:00,2.1133840084075928,2.1133840084075928,1.9812973643374963,2.1133840084075928,80093,0.0,0.0
1992-01-07 00:00:00-05:00,2.0473406961211884,2.1133840184707093,1.9812973737716675,1.9812973737716675,167219,0.0,0.0
1992-01-08 00:00:00-05:00,2.1133840184707093,2.1133840184707093,1.9812973737716675,1.9812973737716675,139870,0.0,0.0
1992-01-09 00:00:00-05:00,1.9812966453237946,2.157412052154541,1.9812966453237946,2.157412052154541,112521,0.0,0.0
1992-01-10 00:00:00-05:00,2.1133839517494653,2.1133839517494653,2.0253263007641533,2.0473406314849854,91423,0.0,0.0
1992-01-13 00:00:00-05:00,2.1133840084075928,2.1133840084075928,2.025326355061526,2.1133840084075928,80484,0.0,0.0
1992-01-14 00:00:00-05:00,2.1133829057096523,2.201440513109979,2.025325298309326,2.025325298309326,148075,0.0,0.0
1992-01-15 00:00:00-05:00,2.201440513109979,2.201440513109979,2.025325298309326,2.025325298309326,70716,0.0,0.0
1992-01-16 00:00:00-05:00,2.201440513109979,2.201440513109979,2.025325298309326,2.025325298309326,31647,0.0,0.0
1992-01-17 00:00:00-05:00,2.1133829057096523,2.1133829057096523,2.025325298309326,2.025325298309326,26567,0.0,0.0
1992-01-20 00:00:00-05:00,2.025326355061526,2.157412835080626,2.025326355061526,2.1133840084075928,89470,0.0,0.0
1992-01-21 00:00:00-05:00,2.025326355061526,2.157412835080626,2.025326355061526,2.1133840084075928,97284,0.0,0.0
1992-01-22 00:00:00-05:00,2.025325298309326,2.1574117094098155,2.025325298309326,2.025325298309326,68372,0.0,0.0
1992-01-23 00:00:00-05:00,2.1574117094098155,2.1574117094098155,2.025325298309326,2.025325298309326,121898,0.0,0.0
1992-01-24 00:00:00-05:00,2.025325298309326,2.201440513109979,2.025325298309326,2.025325298309326,11330,0.0,0.0
1992-01-27 00:00:00-05:00,2.2014403343200684,2.2014403343200684,2.113382734071337,2.2014403343200684,25005,0.0,0.0
1992-01-28 00:00:00-05:00,2.113382734071337,2.289497278365209,2.113382734071337,2.2014403343200684,160577,0.0,0.0
1992-01-29 00:00:00-05:00,2.289497278365209,2.333526078489575,2.2014403343200684,2.2014403343200684,21879,0.0,0.0
1992-01-30 00:00:00-05:00,2.3335254192352295,2.3335254192352295,2.2014397123818266,2.3335254192352295,40242,0.0,0.0
1992-01-31 00:00:00-05:00,2.377554206920832,2.377554206920832,2.3335254192352295,2.3335254192352295,5079,0.0,0.0
1992-02-03 00:00:00-05:00,2.201440427707665,2.3775549794725155,2.201440427707665,2.2894973754882812,337563,0.0,0.0
1992-02-04 00:00:00-05:00,2.37755487861394,2.37755487861394,2.2014403343200684,2.2014403343200684,23442,0.0,0.0
1992-02-05 00:00:00-05:00,2.37755487861394,2.37755487861394,2.2014403343200684,2.2014403343200684,95721,0.0,0.0
1992-02-06 00:00:00-05:00,2.201440469854179,2.3775550249907376,2.201440469854179,2.2454686164855957,184410,0.0,0.0
1992-02-07 00:00:00-05:00,2.3775556087493896,2.3775556087493896,2.2454691678132073,2.3775556087493896,111349,0.0,0.0
1992-02-10 00:00:00-05:00,2.2454691678132073,2.3775556087493896,2.2454691678132073,2.3775556087493896,8205,0.0,0.0
1992-02-11 00:00:00-05:00,2.377554206920832,2.377554206920832,2.2454678438640245,2.3335254192352295,23833,0.0,0.0
1992-02-12 00:00:00-05:00,2.2454678438640245,2.5096407340284905,2.2454678438640245,2.3335254192352295,83609,0.0,0.0
1992-02-13 00:00:00-05:00,2.5096407340284905,2.5096407340284905,2.3335254192352295,2.3335254192352295,42586,0.0,0.0
1992-02-14 00:00:00-05:00,2.3335254192352295,2.5096407340284905,2.3335254192352295,2.3335254192352295,296931,0.0,0.0
1992-02-18 00:00:00-05:00,2.509641170501709,2.509641170501709,2.3775546204217455,2.509641170501709,22270,0.0,0.0
1992-02-19 00:00:00-05:00,2.50964221373652,2.50964221373652,2.3775556087493896,2.3775556087493896,315294,0.0,0.0
1992-02-20 00:00:00-05:00,2.465611817851345,2.5096406032424556,2.3335252976271708,2.399568557739258,44149,0.0,0.0
1992-02-21 00:00:00-05:00,2.465612375158681,2.509641170501709,2.3335258250787176,2.509641170501709,151200,0.0,0.0
1992-02-24 00:00:00-05:00,2.50964221373652,2.50964221373652,2.3775556087493896,2.3775556087493896,53526,0.0,0.0
1992-02-25 00:00:00-05:00,2.3775546204217455,2.509641170501709,2.3775546204217455,2.509641170501709,76577,0.0,0.0
1992-02-26 00:00:00-05:00,2.4215834157647733,2.509641170501709,2.3775546204217455,2.509641170501709,92986,0.0,0.0
1992-02-27 00:00:00-05:00,2.50964221373652,2.50964221373652,2.3775556087493896,2.3775556087493896,21098,0.0,0.0
1992-02-28 00:00:00-05:00,2.443597895461727,2.509641170501709,2.3775546204217455,2.509641170501709,98456,0.0,0.0
1992-03-02 00:00:00-05:00,2.3775556087493896,2.465613400091126,2.3775556087493896,2.3775556087493896,168782,0.0,0.0
1992-03-03 00:00:00-05:00,2.4215836073906742,2.5536701679229736,2.3775548085635383,2.5536701679229736,231293,0.0,0.0
1992-03-04 00:00:00-05:00,2.553671027381914,2.553671027381914,2.3775556087493896,2.3775556087493896,55088,0.0,0.0
1992-03-05 00:00:00-05:00,2.5536701679229736,2.5536701679229736,2.3775548085635383,2.5536701679229736,57042,0.0,0.0
1992-03-06 00:00:00-05:00,2.5536701679229736,2.5536701679229736,2.509641369095838,2.5536701679229736,38679,0.0,0.0
1992-03-09 00:00:00-05:00,2.3775548085635383,2.5536701679229736,2.3775548085635383,2.5536701679229736,63293,0.0,0.0
1992-03-10 00:00:00-05:00,2.5536701679229736,2.5536701679229736,2.3775548085635383,2.5536701679229736,83219,0.0,0.0
1992-03-11 00:00:00-05:00,2.553669388633566,2.553669388633566,2.3775540830182815,2.399568557739258,91033,0.0,0.0
1992-03-12 00:00:00-05:00,2.3775556087493896,2.553671027381914,2.3775556087493896,2.3775556087493896,72279,0.0,0.0
1992-03-13 00:00:00-05:00,2.5536701679229736,2.5536701679229736,2.3775548085635383,2.5536701679229736,84782,0.0,0.0
1992-03-16 00:00:00-05:00,2.4656127475076546,2.4656127475076546,2.245468573496164,2.2894973754882812,79702,0.0,0.0
1992-03-17 00:00:00-05:00,2.3775556087493896,2.3775556087493896,2.2454691678132073,2.3775556087493896,21098,0.0,0.0
1992-03-18 00:00:00-05:00,2.2454686164855957,2.3335262221556903,2.2454686164855957,2.2454686164855957,19144,0.0,0.0
1992-03-19 00:00:00-05:00,2.2454691678132073,2.4215844223947838,2.2454691678132073,2.3775556087493896,123070,0.0,0.0
1992-03-20 00:00:00-05:00,2.4215850830078125,2.4215850830078125,2.4215850830078125,2.4215850830078125,24223,0.0,0.0
1992-03-23 00:00:00-05:00,2.4215850830078125,2.4215850830078125,2.4215850830078125,2.4215850830078125,19144,0.0,0.0
1992-03-24 00:00:00-05:00,2.2454678438640245,2.3335254192352295,2.2454678438640245,2.3335254192352295,22270,0.0,0.0
1992-03-25 00:00:00-05:00,2.355540705598668,2.355540705598668,2.2454686164855957,2.2454686164855957,311387,0.0,0.0
1992-03-26 00:00:00-05:00,2.2454686164855957,2.3335262221556903,2.2454686164855957,2.2454686164855957,40633,0.0,0.0
1992-03-27 00:00:00-05:00,2.2454686164855957,2.3335262221556903,2.2454686164855957,2.2454686164855957,41414,0.0,0.0
1992-03-30 00:00:00-05:00,2.2454686164855957,2.2454686164855957,2.2454686164855957,2.2454686164855957,391,0.0,0.0
1992-03-31 00:00:00-05:00,2.3335262221556903,2.3335262221556903,2.2454686164855957,2.2454686164855957,1172,0.0,0.0
1992-04-01 00:00:00-05:00,2.2454686164855957,2.2454686164855957,2.2454686164855957,2.2454686164855957,5860,0.0,0.0
1992-04-02 00:00:00-05:00,2.2454686164855957,2.421583827825785,2.2454686164855957,2.2454686164855957,57042,0.0,0.0
1992-04-03 00:00:00-05:00,2.2454686164855957,2.2454686164855957,2.2454686164855957,2.2454686164855957,123851,0.0,0.0
1992-04-06 00:00:00-04:00,2.2454686164855957,2.3335262221556903,2.2454686164855957,2.2454686164855957,15628,0.0,0.0
1992-04-07 00:00:00-04:00,2.2454686164855957,2.421583827825785,2.2454686164855957,2.2454686164855957,71107,0.0,0.0
1992-04-08 00:00:00-04:00,2.2454686164855957,2.3775550249907376,2.2454686164855957,2.2454686164855957,23833,0.0,0.0
1992-04-09 00:00:00-04:00,2.2454691678132073,2.3775556087493896,2.2454691678132073,2.3775556087493896,35944,0.0,0.0
1992-04-10 00:00:00-04:00,2.3775550249907376,2.3775550249907376,2.2454686164855957,2.2454686164855957,71498,0.0,0.0
1992-04-13 00:00:00-04:00,2.2454691678132073,2.3775556087493896,2.2454691678132073,2.3775556087493896,38288,0.0,0.0
1992-04-14 00:00:00-04:00,2.2454686164855957,2.2454686164855957,2.2454686164855957,2.2454686164855957,33209,0.0,0.0
1992-04-15 00:00:00-04:00,2.2454691678132073,2.3775556087493896,2.2454691678132073,2.3775556087493896,68372,0.0,0.0
1992-04-16 00:00:00-04:00,2.2454691678132073,2.3775556087493896,2.2454691678132073,2.3775556087493896,41023,0.0,0.0
1992-04-20 00:00:00-04:00,2.2454691678132073,2.3775556087493896,2.2454691678132073,2.3775556087493896,27740,0.0,0.0
1992-04-21 00:00:00-04:00,2.2454691678132073,2.3775556087493896,2.2454691678132073,2.3775556087493896,21488,0.0,0.0
1992-04-22 00:00:00-04:00,2.2234545299677535,2.333526638730603,2.1133832414595886,2.157412052154541,350066,0.0,0.0
1992-04-23 00:00:00-04:00,2.1133828641840844,2.2454686164855957,2.1133828641840844,2.2454686164855957,19535,0.0,0.0
1992-04-24 00:00:00-04:00,2.1133840084075928,2.1133840084075928,2.1133840084075928,2.1133840084075928,781,0.0,0.0
1992-04-27 00:00:00-04:00,2.1133840084075928,2.135398339718611,2.1133840084075928,2.1133840084075928,128930,0.0,0.0
1992-04-28 00:00:00-04:00,2.1133828641840844,2.2454686164855957,2.1133828641840844,2.2454686164855957,4298,0.0,0.0
1992-04-29 00:00:00-04:00,2.245469832222707,2.245469832222707,2.1133840084075928,2.1133840084075928,9767,0.0,0.0
1992-04-30 00:00:00-04:00,2.1133840084075928,2.245469832222707,2.1133840084075928,2.1133840084075928,95330,0.0,0.0
1992-05-01 00:00:00-04:00,2.2454691678132073,2.4215844223947838,2.2014410103716044,2.3775556087493896,84391,0.0,0.0
1992-05-04 00:00:00-04:00,2.3335254192352295,2.3335254192352295,2.3335254192352295,2.3335254192352295,20707,0.0,0.0
1992-05-05 00:00:00-04:00,2.289496631549627,2.465611946342888,2.289496631549627,2.3335254192352295,146903,0.0,0.0
1992-05-06 00:00:00-04:00,2.5096428983718884,2.597700549684972,2.4215850830078125,2.4215850830078125,336782,0.0,0.0
1992-05-07 00:00:00-04:00,2.597700549684972,2.597700549684972,2.4215850830078125,2.4215850830078125,98456,0.0,0.0
1992-05-08 00:00:00-04:00,2.4215850830078125,2.597700549684972,2.4215850830078125,2.4215850830078125,135182,0.0,0.0
1992-05-11 00:00:00-04:00,2.4215850830078125,2.597700549684972,2.4215850830078125,2.4215850830078125,62121,0.0,0.0
1992-05-12 00:00:00-04:00,2.597700549684972,2.597700549684972,2.4215850830078125,2.4215850830078125,90251,0.0,0.0
1992-05-13 00:00:00-04:00,2.4656140727153466,2.597700549684972,2.4215850830078125,2.4215850830078125,440317,0.0,0.0
1992-05-14 00:00:00-04:00,2.421584014775372,2.5976994037628174,2.3775552085412412,2.5976994037628174,333656,0.0,0.0
1992-05-15 00:00:00-04:00,2.5976994037628174,2.5976994037628174,2.421584014775372,2.5976994037628174,55088,0.0,0.0
1992-05-18 00:00:00-04:00,2.5976994037628174,2.5976994037628174,2.421584014775372,2.5976994037628174,87907,0.0,0.0
1992-05-19 00:00:00-04:00,2.4215850830078125,2.597700549684972,2.4215850830078125,2.4215850830078125,98065,0.0,0.0
1992-05-20 00:00:00-04:00,2.5976994037628174,2.5976994037628174,2.421584014775372,2.5976994037628174,46493,0.0,0.0
1992-05-21 00:00:00-04:00,2.597700549684972,2.597700549684972,2.4215850830078125,2.4215850830078125,138307,0.0,0.0
1992-05-22 00:00:00-04:00,2.4215850830078125,2.4656140727153466,2.4215850830078125,2.4215850830078125,24614,0.0,0.0
1992-05-26 00:00:00-04:00,2.4435995778615798,2.4656140727153466,2.3775562573512707,2.4215850830078125,191442,0.0,0.0
1992-05-27 00:00:00-04:00,2.465613842010498,2.465613842010498,2.4215848564227085,2.465613842010498,64465,0.0,0.0
1992-05-28 00:00:00-04:00,2.465612375158681,2.509641170501709,2.4215834157647733,2.509641170501709,47275,0.0,0.0
1992-05-29 00:00:00-04:00,2.4215850830078125,2.4215850830078125,2.4215850830078125,2.4215850830078125,35944,0.0,0.0
1992-06-01 00:00:00-04:00,2.4656140727153466,2.4656140727153466,2.4215850830078125,2.4215850830078125,12502,0.0,0.0
1992-06-02 00:00:00-04:00,2.4215850830078125,2.4215850830078125,2.4215850830078125,2.4215850830078125,14847,0.0,0.0
1992-06-03 00:00:00-04:00,2.421584968694603,2.509642779901827,2.421584968694603,2.4435994625091553,29302,0.0,0.0
1992-06-04 00:00:00-04:00,2.443598911242955,2.465613400091126,2.3775556087493896,2.3775556087493896,263721,0.0,0.0
1992-06-05 00:00:00-04:00,2.3775556087493896,2.3775556087493896,2.3775556087493896,2.3775556087493896,28521,0.0,0.0
1992-06-08 00:00:00-04:00,2.3775546204217455,2.509641170501709,2.3775546204217455,2.509641170501709,96503,0.0,0.0
1992-06-09 00:00:00-04:00,2.50964221373652,2.50964221373652,2.3775556087493896,2.3775556087493896,130884,0.0,0.0
1992-06-10 00:00:00-04:00,2.3775556087493896,2.4215844223947838,2.3775556087493896,2.3775556087493896,89861,0.0,0.0
1992-06-11 00:00:00-04:00,2.3775561451164835,2.509642779901827,2.3775561451164835,2.4435994625091553,183238,0.0,0.0
1992-06-12 00:00:00-04:00,2.50964221373652,2.50964221373652,2.3775556087493896,2.3775556087493896,29302,0.0,0.0
1992-06-15 00:00:00-04:00,2.3775561451164835,2.509642779901827,2.3775561451164835,2.4435994625091553,71107,0.0,0.0
1992-06-16 00:00:00-04:00,2.3775556087493896,2.3775556087493896,2.3775556087493896,2.3775556087493896,15628,0.0,0.0
1992-06-17 00:00:00-04:00,2.4215844223947838,2.50964221373652,2.3775556087493896,2.3775556087493896,63293,0.0,0.0
1992-06-18 00:00:00-04:00,2.465612375158681,2.509641170501709,2.3775546204217455,2.509641170501709,8595,0.0,0.0
1992-06-19 00:00:00-04:00,2.50964221373652,2.50964221373652,2.3775556087493896,2.3775556087493896,109396,0.0,0.0
1992-06-22 00:00:00-04:00,2.3775546204217455,2.509641170501709,2.3775546204217455,2.509641170501709,21098,0.0,0.0
1992-06-23 00:00:00-04:00,2.3775556087493896,2.3775556087493896,2.3775556087493896,2.3775556087493896,10549,0.0,0.0
1992-06-24 00:00:00-04:00,2.3995700975975605,2.50964221373652,2.3775556087493896,2.3775556087493896,101972,0.0,0.0
1992-06-25 00:00:00-04:00,2.3775556087493896,2.3775556087493896,2.3775556087493896,2.3775556087493896,8595,0.0,0.0
1992-06-26 00:00:00-04:00,2.3775556087493896,2.3775556087493896,2.3775556087493896,2.3775556087493896,10549,0.0,0.0
1992-06-29 00:00:00-04:00,2.3775546204217455,2.509641170501709,2.3775546204217455,2.509641170501709,32428,0.0,0.0
1992-06-30 00:00:00-04:00,2.3775546204217455,2.509641170501709,2.3775546204217455,2.509641170501709,45321,0.0,0.0
1992-07-01 00:00:00-04:00,2.3775556087493896,2.443598911242955,2.3775556087493896,2.3775556087493896,2344,0.0,0.0
1992-07-02 00:00:00-04:00,2.3775546204217455,2.509641170501709,2.3775546204217455,2.509641170501709,6642,0.0,0.0
1992-07-06 00:00:00-04:00,2.3775540830182815,2.421582868409392,2.3775540830182815,2.399568557739258,32037,0.0,0.0
1992-07-07 00:00:00-04:00,2.399569100118699,2.509641170501709,2.3775546204217455,2.509641170501709,31256,0.0,0.0
1992-07-08 00:00:00-04:00,2.421582868409392,2.421582868409392,2.399568557739258,2.399568557739258,35163,0.0,0.0
1992-07-09 00:00:00-04:00,2.3775546204217455,2.509641170501709,2.3775546204217455,2.509641170501709,25395,0.0,0.0
1992-07-10 00:00:00-04:00,2.4215850830078125,2.4215850830078125,2.4215850830078125,2.4215850830078125,1953,0.0,0.0
1992-07-13 00:00:00-04:00,2.3775556087493896,2.50964221373652,2.3775556087493896,2.3775556087493896,7814,0.0,0.0
1992-07-14 00:00:00-04:00,2.3775556087493896,2.50964221373652,2.3775556087493896,2.3775556087493896,79312,0.0,0.0
1992-07-15 00:00:00-04:00,2.3775561451164835,2.509642779901827,2.3775561451164835,2.4435994625091553,38679,0.0,0.0
1992-07-16 00:00:00-04:00,2.3775556087493896,2.3775556087493896,2.3775556087493896,2.3775556087493896,14456,0.0,0.0
1992-07-17 00:00:00-04:00,2.5096406032424556,2.5096406032424556,2.399568557739258,2.399568557739258,14456,0.0,0.0
1992-07-20 00:00:00-04:00,2.3775556087493896,2.3775556087493896,2.3775556087493896,2.3775556087493896,6251,0.0,0.0
1992-07-21 00:00:00-04:00,2.443597895461727,2.509641170501709,2.3775546204217455,2.509641170501709,70716,0.0,0.0
1992-07-22 00:00:00-04:00,2.3775560348858966,2.50964266354731,2.3335272133490843,2.465613842010498,101582,0.0,0.0
1992-07-23 00:00:00-04:00,2.3335272133490843,2.465613842010498,2.3335272133490843,2.465613842010498,15628,0.0,0.0
1992-07-24 00:00:00-04:00,2.3335254192352295,2.465611946342888,2.3335254192352295,2.3335254192352295,25786,0.0,0.0
1992-07-27 00:00:00-04:00,2.3335254192352295,2.465611946342888,2.3335254192352295,2.3335254192352295,8595,0.0,0.0
1992-07-28 00:00:00-04:00,2.3115119027636206,2.3775550249907376,2.2454686164855957,2.2454686164855957,58605,0.0,0.0
1992-07-29 00:00:00-04:00,2.2454684782408436,2.289497278365209,2.0693539339469718,2.2014403343200684,41414,0.0,0.0
1992-07-30 00:00:00-04:00,2.2014402119226872,2.2014402119226872,2.0693538188934326,2.0693538188934326,74623,0.0,0.0
1992-07-31 00:00:00-04:00,2.0693539339469718,2.2014403343200684,2.0693539339469718,2.2014403343200684,33991,0.0,0.0
1992-08-03 00:00:00-04:00,2.0693539339469718,2.2014403343200684,2.0693539339469718,2.2014403343200684,49619,0.0,0.0
1992-08-04 00:00:00-04:00,2.2014402119226872,2.2014402119226872,2.0693538188934326,2.0693538188934326,29302,0.0,0.0
1992-08-05 00:00:00-04:00,2.0693542577293864,2.2014406787694423,2.0693542577293864,2.1794261932373047,42977,0.0,0.0
1992-08-06 00:00:00-04:00,2.0693538188934326,2.0693538188934326,2.0693538188934326,2.0693538188934326,1953,0.0,0.0
1992-08-07 00:00:00-04:00,2.069354824557811,2.091369152069092,2.069354824557811,2.091369152069092,21098,0.0,0.0
1992-08-10 00:00:00-04:00,2.201440427707665,2.2894973754882812,2.201440427707665,2.2894973754882812,39461,0.0,0.0
1992-08-11 00:00:00-04:00,2.2234545299677535,2.2234545299677535,2.157412052154541,2.157412052154541,45321,0.0,0.0
1992-08-12 00:00:00-04:00,2.1574115341957025,2.2014403343200684,2.1574115341957025,2.2014403343200684,9767,0.0,0.0
1992-08-13 00:00:00-04:00,2.2894973754882812,2.2894973754882812,2.157411625715548,2.2894973754882812,18754,0.0,0.0
1992-08-14 00:00:00-04:00,2.157412835080626,2.245469832222707,2.1133840084075928,2.1133840084075928,17581,0.0,0.0
1992-08-17 00:00:00-04:00,2.2234541330426185,2.2454686164855957,2.1133828641840844,2.2454686164855957,30865,0.0,0.0
1992-08-18 00:00:00-04:00,2.245469832222707,2.245469832222707,2.1133840084075928,2.1133840084075928,11330,0.0,0.0
1992-08-19 00:00:00-04:00,2.1133840084075928,2.1133840084075928,2.1133840084075928,2.1133840084075928,38679,0.0,0.0
1992-08-20 00:00:00-04:00,2.2454686164855957,2.2454686164855957,2.1133828641840844,2.2454686164855957,62121,0.0,0.0
1992-08-21 00:00:00-04:00,2.2454686164855957,2.2454686164855957,2.2454686164855957,2.2454686164855957,7423,0.0,0.0
1992-08-24 00:00:00-04:00,2.1133840084075928,2.1133840084075928,2.1133840084075928,2.1133840084075928,7814,0.0,0.0
1992-08-25 00:00:00-04:00,2.245469832222707,2.245469832222707,2.1133840084075928,2.1133840084075928,7423,0.0,0.0
1992-08-26 00:00:00-04:00,2.245469832222707,2.245469832222707,2.1133840084075928,2.1133840084075928,6251,0.0,0.0
1992-08-27 00:00:00-04:00,2.1133828641840844,2.2454686164855957,2.1133828641840844,2.2454686164855957,8986,0.0,0.0
1992-08-28 00:00:00-04:00,2.1133840084075928,2.1133840084075928,2.1133840084075928,2.1133840084075928,4298,0.0,0.0
1992-08-31 00:00:00-04:00,2.2454686164855957,2.2454686164855957,2.2454686164855957,2.2454686164855957,19535,0.0,0.0
1992-09-01 00:00:00-04:00,2.1133832414595886,2.245469017340698,2.1133832414595886,2.157412052154541,16409,0.0,0.0
1992-09-02 00:00:00-04:00,2.2454688295791017,2.2454688295791017,2.1133830647427385,2.1794261932373047,22661,0.0,0.0
1992-09-03 00:00:00-04:00,2.245469832222707,2.245469832222707,2.1133840084075928,2.1133840084075928,2735,0.0,0.0
1992-09-04 00:00:00-04:00,2.113382734071337,2.2014403343200684,2.113382734071337,2.2014403343200684,18754,0.0,0.0
1992-09-08 00:00:00-04:00,2.1133828641840844,2.2454686164855957,2.1133828641840844,2.2454686164855957,33209,0.0,0.0
1992-09-09 00:00:00-04:00,2.245469017340698,2.245469017340698,2.157412052154541,2.157412052154541,18754,0.0,0.0
1992-09-10 00:00:00-04:00,2.1133828641840844,2.2454686164855957,2.1133828641840844,2.2454686164855957,28130,0.0,0.0
1992-09-11 00:00:00-04:00,2.1133840084075928,2.2014416617536594,2.1133840084075928,2.1133840084075928,9767,0.0,0.0
1992-09-14 00:00:00-04:00,2.245469832222707,2.245469832222707,2.1133840084075928,2.1133840084075928,25786,0.0,0.0
1992-09-15 00:00:00-04:00,2.1133832414595886,2.245469017340698,2.1133832414595886,2.157412052154541,50791,0.0,0.0
1992-09-16 00:00:00-04:00,2.113382734071337,2.2014403343200684,2.113382734071337,2.2014403343200684,19535,0.0,0.0
1992-09-17 00:00:00-04:00,2.1133840084075928,2.245469832222707,2.1133840084075928,2.1133840084075928,26177,0.0,0.0
1992-09-18 00:00:00-04:00,2.1133840084075928,2.1133840084075928,2.1133840084075928,2.1133840084075928,391,0.0,0.0
1992-09-21 00:00:00-04:00,2.1133828762977864,2.2014404824726186,2.1133828762977864,2.13539719581604,36335,0.0,0.0
1992-09-22 00:00:00-04:00,2.1133840084075928,2.1133840084075928,2.1133840084075928,2.1133840084075928,10940,0.0,0.0
1992-09-23 00:00:00-04:00,2.1133840084075928,2.1133840084075928,2.1133840084075928,2.1133840084075928,0,0.0,0.0
1992-09-24 00:00:00-04:00,2.1133840084075928,2.135398339718611,2.1133840084075928,2.1133840084075928,66419,0.0,0.0
1992-09-25 00:00:00-04:00,2.1133840084075928,2.1133840084075928,2.1133840084075928,2.1133840084075928,391,0.0,0.0
1992-09-28 00:00:00-04:00,2.1133840084075928,2.157412835080626,2.1133840084075928,2.1133840084075928,48056,0.0,0.0
1992-09-29 00:00:00-04:00,2.1794271663916445,2.1794271663916445,2.1133840084075928,2.1133840084075928,9377,0.0,0.0
1992-09-30 00:00:00-04:00,2.1133840084075928,2.1133840084075928,2.1133840084075928,2.1133840084075928,7814,0.0,0.0
1992-10-01 00:00:00-04:00,2.1133840084075928,2.1133840084075928,2.0693551817345592,2.1133840084075928,47275,0.0,0.0
1992-10-02 00:00:00-04:00,2.025325298309326,2.025325298309326,2.025325298309326,2.025325298309326,13674,0.0,0.0
1992-10-05 00:00:00-04:00,2.0913694569776413,2.1133839517494653,2.0253263007641533,2.0473406314849854,61730,0.0,0.0
1992-10-06 00:00:00-04:00,2.025325298309326,2.025325298309326,2.025325298309326,2.025325298309326,5860,0.0,0.0
1992-10-07 00:00:00-04:00,2.0253256200696836,2.157412052154541,2.0253256200696836,2.157412052154541,32037,0.0,0.0
1992-10-08 00:00:00-04:00,2.025325298309326,2.1574117094098155,2.025325298309326,2.025325298309326,55088,0.0,0.0
1992-10-09 00:00:00-04:00,2.1574117094098155,2.1574117094098155,2.025325298309326,2.025325298309326,29302,0.0,0.0
1992-10-12 00:00:00-04:00,2.025325298309326,2.025325298309326,2.025325298309326,2.025325298309326,9767,0.0,0.0
1992-10-13 00:00:00-04:00,2.025325298309326,2.1574117094098155,2.025325298309326,2.025325298309326,109396,0.0,0.0
1992-10-14 00:00:00-04:00,2.1574117094098155,2.1574117094098155,2.025325298309326,2.025325298309326,14456,0.0,0.0
1992-10-15 00:00:00-04:00,2.1133829057096523,2.1133829057096523,2.025325298309326,2.025325298309326,17581,0.0,0.0
1992-10-16 00:00:00-04:00,2.025325298309326,2.025325298309326,2.025325298309326,2.025325298309326,0,0.0,0.0
1992-10-19 00:00:00-04:00,2.0913684218341153,2.0913684218341153,2.025325298309326,2.025325298309326,65637,0.0,0.0
1992-10-20 00:00:00-04:00,2.0473396181339525,2.0473396181339525,2.025325298309326,2.025325298309326,10940,0.0,0.0
1992-10-21 00:00:00-04:00,2.025325298309326,2.0473396181339525,2.025325298309326,2.025325298309326,33209,0.0,0.0
1992-10-22 00:00:00-04:00,2.1574117094098155,2.1574117094098155,2.025325298309326,2.025325298309326,8986,0.0,0.0
1992-10-23 00:00:00-04:00,2.025325298309326,2.025325298309326,2.025325298309326,2.025325298309326,8986,0.0,0.0
1992-10-26 00:00:00-05:00,2.025325298309326,2.1574117094098155,2.025325298309326,2.025325298309326,17191,0.0,0.0
1992-10-27 00:00:00-05:00,2.1574117094098155,2.1574117094098155,2.025325298309326,2.025325298309326,50791,0.0,0.0
1992-10-28 00:00:00-05:00,2.0253256200696836,2.157412052154541,2.0253256200696836,2.157412052154541,7033,0.0,0.0
1992-10-29 00:00:00-05:00,2.0693541020094894,2.0693541020094894,2.025325298309326,2.025325298309326,29302,0.0,0.0
1992-10-30 00:00:00-05:00,2.15741246270487,2.15741246270487,2.091369152069092,2.091369152069092,15628,0.0,0.0
1992-11-02 00:00:00-05:00,2.1574117094098155,2.1574117094098155,2.025325298309326,2.025325298309326,51963,0.0,0.0
1992-11-03 00:00:00-05:00,2.025325298309326,2.1574117094098155,2.025325298309326,2.025325298309326,31647,0.0,0.0
1992-11-04 00:00:00-05:00,2.0253256200696836,2.157412052154541,2.0253256200696836,2.157412052154541,10549,0.0,0.0
1992-11-05 00:00:00-05:00,2.025326005484282,2.15741246270487,2.025326005484282,2.091369152069092,43758,0.0,0.0
1992-11-06 00:00:00-05:00,2.157411414246269,2.157411414246269,2.0693538188934326,2.0693538188934326,8595,0.0,0.0
1992-11-09 00:00:00-05:00,2.0693538188934326,2.0693538188934326,2.0693538188934326,2.0693538188934326,0,0.0,0.0
1992-11-10 00:00:00-05:00,2.0693541020094894,2.1574117094098155,2.025325298309326,2.025325298309326,410624,0.0,0.0
1992-11-11 00:00:00-05:00,2.025326355061526,2.1133840084075928,2.025326355061526,2.1133840084075928,37507,0.0,0.0
1992-11-12 00:00:00-05:00,2.091369152069092,2.091369152069092,2.091369152069092,2.091369152069092,19535,0.0,0.0
1992-11-13 00:00:00-05:00,2.025326005484282,2.1133836436313405,2.025326005484282,2.091369152069092,48447,0.0,0.0
1992-11-16 00:00:00-05:00,2.025325298309326,2.1133829057096523,2.025325298309326,2.025325298309326,47665,0.0,0.0
1992-11-17 00:00:00-05:00,2.025325298309326,2.1133829057096523,2.025325298309326,2.025325298309326,355926,0.0,0.0
1992-11-18 00:00:00-05:00,2.0253252701229543,2.1574116793852025,2.0253252701229543,2.13539719581604,479387,0.0,0.0
1992-11-19 00:00:00-05:00,2.1574118717560906,2.2014406787694423,2.0693542577293864,2.1794261932373047,86344,0.0,0.0
1992-11-20 00:00:00-05:00,2.0693542577293864,2.1794261932373047,2.0693542577293864,2.1794261932373047,61730,0.0,0.0
1992-11-23 00:00:00-05:00,2.069354430764636,2.2014408628494935,2.069354430764636,2.157412052154541,146512,0.0,0.0
1992-11-24 00:00:00-05:00,2.157412785272532,2.4215850830078125,2.157412785272532,2.4215850830078125,179721,0.0,0.0
1992-11-25 00:00:00-05:00,2.399569100118699,2.509641170501709,2.3335258250787176,2.509641170501709,127368,0.0,0.0
1992-11-27 00:00:00-05:00,2.465613400091126,2.465613400091126,2.3775556087493896,2.3775556087493896,23442,0.0,0.0
1992-11-30 00:00:00-05:00,2.465613400091126,2.553671027381914,2.3775556087493896,2.3775556087493896,59777,0.0,0.0
1992-12-01 00:00:00-05:00,2.3775556087493896,2.553671027381914,2.3775556087493896,2.3775556087493896,41023,0.0,0.0
1992-12-02 00:00:00-05:00,2.3775556087493896,2.553671027381914,2.3775556087493896,2.3775556087493896,64856,0.0,0.0
1992-12-03 00:00:00-05:00,2.3775556087493896,2.553671027381914,2.3775556087493896,2.3775556087493896,202772,0.0,0.0
1992-12-04 00:00:00-05:00,2.55367172402843,2.55367172402843,2.4215850830078125,2.4215850830078125,41414,0.0,0.0
1992-12-07 00:00:00-05:00,2.55367172402843,2.55367172402843,2.4215850830078125,2.4215850830078125,38679,0.0,0.0
1992-12-08 00:00:00-05:00,2.5536701679229736,2.5536701679229736,2.4215836073906742,2.5536701679229736,77358,0.0,0.0
1992-12-09 00:00:00-05:00,2.55367172402843,2.55367172402843,2.4215850830078125,2.4215850830078125,28912,0.0,0.0
1992-12-10 00:00:00-05:00,2.55367172402843,2.55367172402843,2.4215850830078125,2.4215850830078125,43368,0.0,0.0
1992-12-11 00:00:00-05:00,2.465612375158681,2.6417275565307925,2.4215834157647733,2.509641170501709,195349,0.0,0.0
1992-12-14 00:00:00-05:00,2.6857574537173403,2.6857574537173403,1.8051815136984841,1.893239140510559,2849364,0.0,0.0
1992-12-15 00:00:00-05:00,1.937267526858089,2.1133829057096523,1.893238723157926,2.025325298309326,2309418,0.0,0.0
1992-12-16 00:00:00-05:00,2.0693551817345592,2.2014416617536594,2.0693551817345592,2.1133840084075928,184019,0.0,0.0
1992-12-17 00:00:00-05:00,2.2014403343200684,2.2014403343200684,2.113382734071337,2.2014403343200684,120335,0.0,0.0
1992-12-18 00:00:00-05:00,2.1133832414595886,2.2014408628494935,2.069354430764636,2.157412052154541,97284,0.0,0.0
1992-12-21 00:00:00-05:00,2.1133840084075928,2.2014416617536594,2.1133840084075928,2.1133840084075928,99628,0.0,0.0
1992-12-22 00:00:00-05:00,2.2014408628494935,2.245469017340698,2.1133832414595886,2.157412052154541,58995,0.0,0.0
1992-12-23 00:00:00-05:00,2.2454694437938643,2.2454694437938643,2.1574124618841757,2.2234549522399902,28912,0.0,0.0
1992-12-24 00:00:00-05:00,2.157411625715548,2.2894973754882812,2.157411625715548,2.2894973754882812,4688,0.0,0.0
1992-12-28 00:00:00-05:00,2.2894973754882812,2.2894973754882812,2.157411625715548,2.2894973754882812,84782,0.0,0.0
1992-12-29 00:00:00-05:00,2.245468573496164,2.3775549794725155,2.245468573496164,2.2894973754882812,58995,0.0,0.0
1992-12-30 00:00:00-05:00,2.3335261774803984,2.4215837814646326,2.2894973754882812,2.2894973754882812,134400,0.0,0.0
1992-12-31 00:00:00-05:00,2.3775556087493896,2.3775556087493896,2.2454691678132073,2.3775556087493896,159796,0.0,0.0
1993-01-04 00:00:00-05:00,2.289496631549627,2.377554206920832,2.289496631549627,2.3335254192352295,21879,0.0,0.0
1993-01-05 00:00:00-05:00,2.3335254192352295,2.377554206920832,2.2454678438640245,2.3335254192352295,52354,0.0,0.0
1993-01-06 00:00:00-05:00,2.3335254192352295,2.3335254192352295,2.2454678438640245,2.3335254192352295,87126,0.0,0.0
1993-01-07 00:00:00-05:00,2.3335262221556903,2.3335262221556903,2.2454686164855957,2.2454686164855957,151591,0.0,0.0
1993-01-08 00:00:00-05:00,2.3335261774803984,2.3335261774803984,2.157411625715548,2.2894973754882812,91423,0.0,0.0
1993-01-11 00:00:00-05:00,2.2894973754882812,2.2894973754882812,2.157411625715548,2.2894973754882812,29302,0.0,0.0
1993-01-12 00:00:00-05:00,2.289496631549627,2.3335254192352295,2.157410924696224,2.3335254192352295,539555,0.0,0.0
1993-01-13 00:00:00-05:00,2.1574116670191317,2.2454686164855957,2.1574116670191317,2.2454686164855957,130884,0.0,0.0
1993-01-14 00:00:00-05:00,2.201440469854179,2.2454686164855957,2.201440469854179,2.2454686164855957,94940,0.0,0.0
1993-01-15 00:00:00-05:00,2.2454688295791017,2.2454688295791017,2.1574118717560906,2.1794261932373047,71107,0.0,0.0
1993-01-18 00:00:00-05:00,2.157412052154541,2.245469017340698,2.157412052154541,2.157412052154541,297712,0.0,0.0
1993-01-19 00:00:00-05:00,2.201440427707665,2.2894973754882812,2.157411625715548,2.2894973754882812,141824,0.0,0.0
1993-01-20 00:00:00-05:00,2.2894978280356506,2.2894978280356506,2.157412052154541,2.157412052154541,73842,0.0,0.0
1993-01-21 00:00:00-05:00,2.201440427707665,2.2894973754882812,2.157411625715548,2.2894973754882812,90251,0.0,0.0
1993-01-22 00:00:00-05:00,2.289497278365209,2.289497278365209,2.1574115341957025,2.2014403343200684,200819,0.0,0.0
1993-01-25 00:00:00-05:00,2.201440427707665,2.2894973754882812,2.201440427707665,2.2894973754882812,491499,0.0,0.0
1993-01-26 00:00:00-05:00,2.201441010313118,2.333526795042,2.201441010313118,2.3115124702453613,91814,0.0,0.0
1993-01-27 00:00:00-05:00,2.2894973754882812,2.2894973754882812,2.157411625715548,2.2894973754882812,28912,0.0,0.0
1993-01-28 00:00:00-05:00,2.157411625715548,2.2894973754882812,2.157411625715548,2.2894973754882812,4298,0.0,0.0
1993-01-29 00:00:00-05:00,2.1574116670191317,2.2454686164855957,2.1574116670191317,2.2454686164855957,2344,0.0,0.0
1993-02-01 00:00:00-05:00,2.2894973754882812,2.2894973754882812,2.2894973754882812,2.2894973754882812,4298,0.0,0.0
1993-02-02 00:00:00-05:00,2.157412052154541,2.2894978280356506,2.157412052154541,2.157412052154541,427815,0.0,0.0
1993-02-03 00:00:00-05:00,2.2454678438640245,2.3335254192352295,2.2454678438640245,2.3335254192352295,97675,0.0,0.0
1993-02-04 00:00:00-05:00,2.3335254192352295,2.3335254192352295,2.157410924696224,2.3335254192352295,3907,0.0,0.0
1993-02-05 00:00:00-05:00,2.3335254192352295,2.3335254192352295,2.157410924696224,2.3335254192352295,14456,0.0,0.0
1993-02-08 00:00:00-05:00,2.3335261774803984,2.3335261774803984,2.157411625715548,2.2894973754882812,80484,0.0,0.0
1993-02-09 00:00:00-05:00,2.3335254192352295,2.3335254192352295,2.2454678438640245,2.3335254192352295,41414,0.0,0.0
1993-02-10 00:00:00-05:00,2.3335254192352295,2.3335254192352295,2.3335254192352295,2.3335254192352295,4298,0.0,0.0
1993-02-11 00:00:00-05:00,2.289497278365209,2.333526078489575,2.2014403343200684,2.2014403343200684,165265,0.0,0.0
1993-02-12 00:00:00-05:00,2.2454684782408436,2.333526078489575,2.2014403343200684,2.2014403343200684,100800,0.0,0.0
1993-02-16 00:00:00-05:00,2.1574115341957025,2.2014403343200684,2.113382734071337,2.2014403343200684,190270,0.0,0.0
1993-02-17 00:00:00-05:00,2.2014416617536594,2.2014416617536594,2.0473406863725443,2.1133840084075928,38679,0.0,0.0
1993-02-18 00:00:00-05:00,2.0253263007641533,2.1133839517494653,2.0253263007641533,2.0473406314849854,12893,0.0,0.0
1993-02-19 00:00:00-05:00,2.1133832414595886,2.157412052154541,2.1133832414595886,2.157412052154541,182065,0.0,0.0
1993-02-22 00:00:00-05:00,2.1574117094098155,2.1574117094098155,2.025325298309326,2.025325298309326,20316,0.0,0.0
1993-02-23 00:00:00-05:00,2.1574115341957025,2.2014403343200684,2.1574115341957025,2.2014403343200684,14065,0.0,0.0
1993-02-24 00:00:00-05:00,2.113382616569851,2.113382616569851,2.0693538188934326,2.0693538188934326,27740,0.0,0.0
1993-02-25 00:00:00-05:00,2.2014403343200684,2.2014403343200684,2.1574115341957025,2.2014403343200684,105098,0.0,0.0
1993-02-26 00:00:00-05:00,2.157412052154541,2.157412052154541,2.157412052154541,2.157412052154541,7814,0.0,0.0
1993-03-01 00:00:00-05:00,2.0913682519837056,2.2014403343200684,2.0693539339469718,2.2014403343200684,10158,0.0,0.0
1993-03-02 00:00:00-05:00,2.069354824557811,2.201441281778399,2.069354824557811,2.091369152069092,104316,0.0,0.0
1993-03-03 00:00:00-05:00,2.0693539339469718,2.2014403343200684,2.0693539339469718,2.2014403343200684,8205,0.0,0.0
1993-03-04 00:00:00-05:00,2.157412835080626,2.157412835080626,2.1133840084075928,2.1133840084075928,27740,0.0,0.0
1993-03-05 00:00:00-05:00,2.1133840084075928,2.157412835080626,2.1133840084075928,2.1133840084075928,19535,0.0,0.0
1993-03-08 00:00:00-05:00,2.1133840084075928,2.157412835080626,2.1133840084075928,2.1133840084075928,60949,0.0,0.0
1993-03-09 00:00:00-05:00,2.2014416617536594,2.2014416617536594,2.1133840084075928,2.1133840084075928,164875,0.0,0.0
1993-03-10 00:00:00-05:00,2.113382734071337,2.2014403343200684,2.113382734071337,2.2014403343200684,16409,0.0,0.0
1993-03-11 00:00:00-05:00,2.113382734071337,2.2014403343200684,2.113382734071337,2.2014403343200684,130103,0.0,0.0
1993-03-12 00:00:00-05:00,2.2014403343200684,2.2014403343200684,2.113382734071337,2.2014403343200684,22661,0.0,0.0
1993-03-15 00:00:00-05:00,2.1133832414595886,2.157412052154541,2.1133832414595886,2.157412052154541,67591,0.0,0.0
1993-03-16 00:00:00-05:00,2.157412052154541,2.157412052154541,2.157412052154541,2.157412052154541,0,0.0,0.0
1993-03-17 00:00:00-05:00,2.1133840084075928,2.1133840084075928,2.1133840084075928,2.1133840084075928,13674,0.0,0.0
1993-03-18 00:00:00-05:00,2.1133840084075928,2.1133840084075928,2.1133840084075928,2.1133840084075928,19144,0.0,0.0
1993-03-19 00:00:00-05:00,2.1133840084075928,2.1133840084075928,2.1133840084075928,2.1133840084075928,18363,0.0,0.0
1993-03-22 00:00:00-05:00,2.157411414246269,2.157411414246269,2.0693538188934326,2.0693538188934326,100019,0.0,0.0
1993-03-23 00:00:00-05:00,2.0693538188934326,2.0693538188934326,2.0693538188934326,2.0693538188934326,13674,0.0,0.0
1993-03-24 00:00:00-05:00,2.0693538188934326,2.0693538188934326,2.0693538188934326,2.0693538188934326,9377,0.0,0.0
1993-03-25 00:00:00-05:00,2.091369152069092,2.091369152069092,2.091369152069092,2.091369152069092,19535,0.0,0.0
1993-03-26 00:00:00-05:00,2.069354824557811,2.091369152069092,2.069354824557811,2.091369152069092,4688,0.0,0.0
1993-03-29 00:00:00-05:00,2.0693538188934326,2.0693538188934326,2.0693538188934326,2.0693538188934326,3907,0.0,0.0
1993-03-30 00:00:00-05:00,2.0693538188934326,2.0693538188934326,2.0693538188934326,2.0693538188934326,2344,0.0,0.0
1993-03-31 00:00:00-05:00,2.1133836436313405,2.1133836436313405,2.069354824557811,2.091369152069092,34381,0.0,0.0
1993-04-01 00:00:00-05:00,2.1353969333826157,2.1353969333826157,2.0693538188934326,2.0693538188934326,79702,0.0,0.0
1993-04-02 00:00:00-05:00,2.0693541020094894,2.1574117094098155,2.025325298309326,2.025325298309326,96503,0.0,0.0
1993-04-05 00:00:00-04:00,2.0253250212170144,2.0693538188934326,2.0253250212170144,2.0693538188934326,14065,0.0,0.0
1993-04-06 00:00:00-04:00,2.025325298309326,2.025325298309326,2.025325298309326,2.025325298309326,3907,0.0,0.0
1993-04-07 00:00:00-04:00,2.025325298309326,2.0693541020094894,2.025325298309326,2.025325298309326,30084,0.0,0.0
1993-04-08 00:00:00-04:00,2.025325298309326,2.025325298309326,2.025325298309326,2.025325298309326,0,0.0,0.0
1993-04-12 00:00:00-04:00,2.0693551817345592,2.1133840084075928,2.0693551817345592,2.1133840084075928,46884,0.0,0.0
1993-04-13 00:00:00-04:00,2.0693538188934326,2.157411414246269,2.0693538188934326,2.0693538188934326,44149,0.0,0.0
1993-04-14 00:00:00-04:00,2.0693538188934326,2.113382616569851,2.0693538188934326,2.0693538188934326,27349,0.0,0.0
1993-04-15 00:00:00-04:00,2.1133832414595886,2.157412052154541,2.069354430764636,2.157412052154541,327015,0.0,0.0
1993-04-16 00:00:00-04:00,2.157412052154541,2.157412052154541,2.157412052154541,2.157412052154541,14847,0.0,0.0
1993-04-19 00:00:00-04:00,2.0693538188934326,2.0693538188934326,2.0693538188934326,2.0693538188934326,4298,0.0,0.0
1993-04-20 00:00:00-04:00,2.0913681357061975,2.157411414246269,2.0693538188934326,2.0693538188934326,14065,0.0,0.0
1993-04-21 00:00:00-04:00,2.135398339718611,2.135398339718611,2.0693551817345592,2.1133840084075928,211368,0.0,0.0
1993-04-22 00:00:00-04:00,2.0693538188934326,2.157411414246269,2.0693538188934326,2.0693538188934326,51963,0.0,0.0
1993-04-23 00:00:00-04:00,2.0693538188934326,2.157411414246269,2.0693538188934326,2.0693538188934326,385229,0.0,0.0
1993-04-26 00:00:00-04:00,2.0693538188934326,2.0693538188934326,2.0693538188934326,2.0693538188934326,24614,0.0,0.0
1993-04-27 00:00:00-04:00,2.025325298309326,2.0693541020094894,2.025325298309326,2.025325298309326,58214,0.0,0.0
1993-04-28 00:00:00-04:00,2.025325298309326,2.025325298309326,2.025325298309326,2.025325298309326,12112,0.0,0.0
1993-04-29 00:00:00-04:00,2.0253256448690666,2.1133832673372055,1.9812966695840584,2.0033111572265625,44540,0.0,0.0
1993-04-30 00:00:00-04:00,1.9812973737716675,2.1133840184707093,1.9592830423558254,1.9812973737716675,346940,0.0,0.0
1993-05-03 00:00:00-04:00,2.0473406961211884,2.0473406961211884,1.9812973737716675,1.9812973737716675,54698,0.0,0.0
1993-05-04 00:00:00-04:00,1.9812973737716675,1.9812973737716675,1.9812973737716675,1.9812973737716675,2735,0.0,0.0
1993-05-05 00:00:00-04:00,1.9812973737716675,2.0253263647053465,1.9812973737716675,1.9812973737716675,213712,0.0,0.0
1993-05-06 00:00:00-04:00,1.9812973737716675,2.0473406961211884,1.9812973737716675,1.9812973737716675,8205,0.0,0.0
1993-05-07 00:00:00-04:00,2.025326005484282,2.1133836436313405,1.9812970223597846,2.091369152069092,90642,0.0,0.0
1993-05-10 00:00:00-04:00,2.025326355061526,2.1133840084075928,2.025326355061526,2.1133840084075928,167610,0.0,0.0
1993-05-11 00:00:00-04:00,2.0693541020094894,2.1574117094098155,2.025325298309326,2.025325298309326,99237,0.0,0.0
1993-05-12 00:00:00-04:00,2.0253252701229543,2.1574116793852025,2.0253252701229543,2.13539719581604,496578,0.0,0.0
1993-05-13 00:00:00-04:00,2.0253252701229543,2.13539719581604,2.0253252701229543,2.13539719581604,61340,0.0,0.0
1993-05-14 00:00:00-04:00,2.1353972255342786,2.1353972255342786,2.025325298309326,2.025325298309326,2344,0.0,0.0
1993-05-17 00:00:00-04:00,2.157412052154541,2.157412052154541,2.157412052154541,2.157412052154541,1172,0.0,0.0
1993-05-18 00:00:00-04:00,2.025326355061526,2.1133840084075928,2.025326355061526,2.1133840084075928,21488,0.0,0.0
1993-05-19 00:00:00-04:00,2.0253256200696836,2.157412052154541,2.0253256200696836,2.157412052154541,17972,0.0,0.0
1993-05-20 00:00:00-04:00,2.157412052154541,2.157412052154541,2.0253256200696836,2.157412052154541,25005,0.0,0.0
1993-05-21 00:00:00-04:00,2.157411414246269,2.157411414246269,2.0693538188934326,2.0693538188934326,65637,0.0,0.0
1993-05-24 00:00:00-04:00,2.157412052154541,2.157412052154541,2.0253256200696836,2.157412052154541,241061,0.0,0.0
1993-05-25 00:00:00-04:00,2.157412052154541,2.157412052154541,2.0253256200696836,2.157412052154541,11721,0.0,0.0
1993-05-26 00:00:00-04:00,2.1133836436313405,2.15741246270487,2.025326005484282,2.091369152069092,127758,0.0,0.0
1993-05-27 00:00:00-04:00,2.09136834070192,2.2894973754882812,2.09136834070192,2.2894973754882812,583313,0.0,0.0
1993-05-28 00:00:00-04:00,2.289497278365209,2.289497278365209,2.2014403343200684,2.2014403343200684,55870,0.0,0.0
1993-06-01 00:00:00-04:00,2.3335261774803984,2.3775549794725155,2.2894973754882812,2.2894973754882812,8595,0.0,0.0
1993-06-02 00:00:00-04:00,2.201440469854179,2.2454686164855957,2.201440469854179,2.2454686164855957,10549,0.0,0.0
1993-06-03 00:00:00-04:00,2.2454686164855957,2.2454686164855957,2.2454686164855957,2.2454686164855957,9377,0.0,0.0
1993-06-04 00:00:00-04:00,2.2454678438640245,2.377554206920832,2.2454678438640245,2.3335254192352295,35163,0.0,0.0
1993-06-07 00:00:00-04:00,2.333525796149693,2.465612344592162,2.289497001352496,2.3555402755737305,82047,0.0,0.0
1993-06-08 00:00:00-04:00,2.465613400091126,2.465613400091126,2.3335267951039955,2.3775556087493896,10549,0.0,0.0
1993-06-09 00:00:00-04:00,2.3775546204217455,2.509641170501709,2.3775546204217455,2.509641170501709,129712,0.0,0.0
1993-06-10 00:00:00-04:00,2.4215850830078125,2.4656140727153466,2.4215850830078125,2.4215850830078125,36335,0.0,0.0
1993-06-11 00:00:00-04:00,2.4215834157647733,2.509641170501709,2.4215834157647733,2.509641170501709,202382,0.0,0.0
1993-06-14 00:00:00-04:00,2.50964266354731,2.50964266354731,2.465613842010498,2.465613842010498,64856,0.0,0.0
1993-06-15 00:00:00-04:00,2.4215848564227085,2.465613842010498,2.4215848564227085,2.465613842010498,5079,0.0,0.0
1993-06-16 00:00:00-04:00,2.5096428983718884,2.5096428983718884,2.4215850830078125,2.4215850830078125,19535,0.0,0.0
1993-06-17 00:00:00-04:00,2.4215850830078125,2.4215850830078125,2.4215850830078125,2.4215850830078125,60558,0.0,0.0
1993-06-18 00:00:00-04:00,2.4215848564227085,2.50964266354731,2.4215848564227085,2.465613842010498,19144,0.0,0.0
1993-06-21 00:00:00-04:00,2.5096428983718884,2.5096428983718884,2.4215850830078125,2.4215850830078125,1172,0.0,0.0
1993-06-22 00:00:00-04:00,2.4215834157647733,2.509641170501709,2.4215834157647733,2.509641170501709,21879,0.0,0.0
1993-06-23 00:00:00-04:00,2.4215850830078125,2.5096428983718884,2.4215850830078125,2.4215850830078125,14847,0.0,0.0
1993-06-24 00:00:00-04:00,2.4215850830078125,2.4435995778615798,2.4215850830078125,2.4215850830078125,8986,0.0,0.0
1993-06-25 00:00:00-04:00,2.4215850830078125,2.4215850830078125,2.4215850830078125,2.4215850830078125,11721,0.0,0.0
1993-06-28 00:00:00-04:00,2.4215844223947838,2.4215844223947838,2.3775556087493896,2.3775556087493896,5860,0.0,0.0
1993-06-29 00:00:00-04:00,2.465613842010498,2.465613842010498,2.465613842010498,2.465613842010498,1172,0.0,0.0
1993-06-30 00:00:00-04:00,2.3335272133490843,2.465613842010498,2.3335272133490843,2.465613842010498,4688,0.0,0.0
1993-07-01 00:00:00-04:00,2.3335261774803984,2.3335261774803984,2.2894973754882812,2.2894973754882812,27349,0.0,0.0
1993-07-02 00:00:00-04:00,2.2894973754882812,2.2894973754882812,2.2894973754882812,2.2894973754882812,0,0.0,0.0
1993-07-06 00:00:00-04:00,2.2894973754882812,2.2894973754882812,2.2894973754882812,2.2894973754882812,9767,0.0,0.0
1993-07-07 00:00:00-04:00,2.2894986060381872,2.4215850830078125,2.2894986060381872,2.4215850830078125,12112,0.0,0.0
1993-07-08 00:00:00-04:00,2.4215837814646326,2.4215837814646326,2.2894973754882812,2.2894973754882812,18363,0.0,0.0
1993-07-09 00:00:00-04:00,2.4215850830078125,2.4215850830078125,2.3775562573512707,2.4215850830078125,19926,0.0,0.0
1993-07-12 00:00:00-04:00,2.4215850830078125,2.4215850830078125,2.4215850830078125,2.4215850830078125,6251,0.0,0.0
1993-07-13 00:00:00-04:00,2.4215837814646326,2.4215837814646326,2.2894973754882812,2.2894973754882812,22270,0.0,0.0
1993-07-14 00:00:00-04:00,2.2894986060381872,2.4215850830078125,2.2894986060381872,2.4215850830078125,13674,0.0,0.0
1993-07-15 00:00:00-04:00,2.4215837814646326,2.4215837814646326,2.2894973754882812,2.2894973754882812,6642,0.0,0.0
1993-07-16 00:00:00-04:00,2.2894986060381872,2.4215850830078125,2.2894986060381872,2.4215850830078125,56651,0.0,0.0
1993-07-19 00:00:00-04:00,2.2894973754882812,2.2894973754882812,2.2894973754882812,2.2894973754882812,3907,0.0,0.0
1993-07-20 00:00:00-04:00,2.2894979814586014,2.4215844223947838,2.2894979814586014,2.3775556087493896,38288,0.0,0.0
1993-07-21 00:00:00-04:00,2.377554206920832,2.377554206920832,2.3335254192352295,2.3335254192352295,7033,0.0,0.0
1993-07-22 00:00:00-04:00,2.3335254192352295,2.3335254192352295,2.3335254192352295,2.3335254192352295,781,0.0,0.0
1993-07-23 00:00:00-04:00,2.2894986060381872,2.4215850830078125,2.2894986060381872,2.4215850830078125,55870,0.0,0.0
1993-07-26 00:00:00-04:00,2.4215837814646326,2.4215837814646326,2.2894973754882812,2.2894973754882812,6642,0.0,0.0
1993-07-27 00:00:00-04:00,2.333527431694729,2.4215850830078125,2.333527431694729,2.4215850830078125,301228,0.0,0.0
1993-07-28 00:00:00-04:00,2.4215844223947838,2.4215844223947838,2.3775556087493896,2.3775556087493896,296149,0.0,0.0
1993-07-29 00:00:00-04:00,2.4215850830078125,2.55367172402843,2.4215850830078125,2.4215850830078125,33209,0.0,0.0
1993-07-30 00:00:00-04:00,2.4215834157647733,2.553669965844737,2.4215834157647733,2.509641170501709,55088,0.0,0.0
1993-08-02 00:00:00-04:00,2.4656129850604236,2.5976994037628174,2.4656129850604236,2.5976994037628174,59777,0.0,0.0
1993-08-03 00:00:00-04:00,2.4656129850604236,2.5976994037628174,2.4656129850604236,2.5976994037628174,119944,0.0,0.0
1993-08-04 00:00:00-04:00,2.5976994037628174,2.5976994037628174,2.509641791294555,2.5976994037628174,44149,0.0,0.0
1993-08-05 00:00:00-04:00,2.509641170501709,2.575684281490811,2.509641170501709,2.509641170501709,68372,0.0,0.0
1993-08-06 00:00:00-04:00,2.509641170501709,2.553669965844737,2.509641170501709,2.509641170501709,6251,0.0,0.0
1993-08-09 00:00:00-04:00,2.5976994037628174,2.5976994037628174,2.509641791294555,2.5976994037628174,32819,0.0,0.0
1993-08-10 00:00:00-04:00,2.5976994037628174,2.5976994037628174,2.5976994037628174,2.5976994037628174,20707,0.0,0.0
1993-08-11 00:00:00-04:00,2.597699071347028,2.597699071347028,2.509641470147098,2.531655788421631,8205,0.0,0.0
1993-08-12 00:00:00-04:00,2.509641170501709,2.509641170501709,2.509641170501709,2.509641170501709,25395,0.0,0.0
1993-08-13 00:00:00-04:00,2.5096405003952573,2.57568359375,2.5096405003952573,2.57568359375,3907,0.0,0.0
1993-08-16 00:00:00-04:00,2.509641170501709,2.509641170501709,2.509641170501709,2.509641170501709,781,0.0,0.0
1993-08-17 00:00:00-04:00,2.509641170501709,2.509641170501709,2.509641170501709,2.509641170501709,5860,0.0,0.0
1993-08-18 00:00:00-04:00,2.509641170501709,2.509641170501709,2.509641170501709,2.509641170501709,0,0.0,0.0
1993-08-19 00:00:00-04:00,2.509641170501709,2.509641170501709,2.509641170501709,2.509641170501709,4688,0.0,0.0
1993-08-20 00:00:00-04:00,2.509641170501709,2.509641170501709,2.509641170501709,2.509641170501709,3907,0.0,0.0
1993-08-23 00:00:00-04:00,2.5976994037628174,2.5976994037628174,2.5976994037628174,2.5976994037628174,391,0.0,0.0
1993-08-24 00:00:00-04:00,2.509641170501709,2.509641170501709,2.509641170501709,2.509641170501709,5079,0.0,0.0
1993-08-25 00:00:00-04:00,2.509641170501709,2.509641170501709,2.509641170501709,2.509641170501709,3907,0.0,0.0
1993-08-26 00:00:00-04:00,2.509641170501709,2.509641170501709,2.509641170501709,2.509641170501709,7814,0.0,0.0
1993-08-27 00:00:00-04:00,2.553671485084122,2.553671485084122,2.465613842010498,2.465613842010498,2735,0.0,0.0
1993-08-30 00:00:00-04:00,2.465613842010498,2.465613842010498,2.465613842010498,2.465613842010498,1953,0.0,0.0
1993-08-31 00:00:00-04:00,2.5536701679229736,2.5536701679229736,2.5536701679229736,2.5536701679229736,391,0.0,0.0
1993-09-01 00:00:00-04:00,2.465612570268702,2.5536701679229736,2.465612570268702,2.5536701679229736,24614,0.0,0.0
1993-09-02 00:00:00-04:00,2.465612570268702,2.5536701679229736,2.465612570268702,2.5536701679229736,31256,0.0,0.0
1993-09-03 00:00:00-04:00,2.465612570268702,2.5536701679229736,2.465612570268702,2.5536701679229736,50791,0.0,0.0
1993-09-07 00:00:00-04:00,2.553671485084122,2.553671485084122,2.465613842010498,2.465613842010498,16409,0.0,0.0
1993-09-08 00:00:00-04:00,2.5536701679229736,2.5536701679229736,2.4215836073906742,2.5536701679229736,8986,0.0,0.0
1993-09-09 00:00:00-04:00,2.55367172402843,2.55367172402843,2.4215850830078125,2.4215850830078125,17972,0.0,0.0
1993-09-10 00:00:00-04:00,2.5536701679229736,2.5536701679229736,2.5536701679229736,2.5536701679229736,7423,0.0,0.0
1993-09-13 00:00:00-04:00,2.5536716034799465,2.5536716034799465,2.421584968694603,2.4435994625091553,11330,0.0,0.0
1993-09-14 00:00:00-04:00,2.553670270747063,2.553670270747063,2.421583704896269,2.531655788421631,67200,0.0,0.0
1993-09-15 00:00:00-04:00,2.4215836073906742,2.5536701679229736,2.4215836073906742,2.5536701679229736,13284,0.0,0.0
1993-09-16 00:00:00-04:00,2.55367172402843,2.55367172402843,2.4215850830078125,2.4215850830078125,1953,0.0,0.0
1993-09-17 00:00:00-04:00,2.4215850830078125,2.55367172402843,2.4215850830078125,2.4215850830078125,69935,0.0,0.0
1993-09-20 00:00:00-04:00,2.5536701679229736,2.5536701679229736,2.5536701679229736,2.5536701679229736,1953,0.0,0.0
1993-09-21 00:00:00-04:00,2.4215850830078125,2.4876284035181215,2.4215850830078125,2.4215850830078125,8205,0.0,0.0
1993-09-22 00:00:00-04:00,2.4215850830078125,2.4215850830078125,2.4215850830078125,2.4215850830078125,9377,0.0,0.0
1993-09-23 00:00:00-04:00,2.4215850830078125,2.55367172402843,2.4215850830078125,2.4215850830078125,31256,0.0,0.0
1993-09-24 00:00:00-04:00,2.5536701679229736,2.5536701679229736,2.5536701679229736,2.5536701679229736,391,0.0,0.0
1993-09-27 00:00:00-04:00,2.421584209566942,2.4876275062561035,2.421584209566942,2.4876275062561035,9377,0.0,0.0
1993-09-28 00:00:00-04:00,2.4215850830078125,2.4215850830078125,2.4215850830078125,2.4215850830078125,1172,0.0,0.0
1993-09-29 00:00:00-04:00,2.4656140727153466,2.55367172402843,2.4215850830078125,2.4215850830078125,14847,0.0,0.0
1993-09-30 00:00:00-04:00,2.4215836073906742,2.5536701679229736,2.4215836073906742,2.5536701679229736,26567,0.0,0.0
1993-10-01 00:00:00-04:00,2.5536708029452653,2.5536708029452653,2.421584209566942,2.4876275062561035,11330,0.0,0.0
1993-10-04 00:00:00-04:00,2.4656126695471334,2.531655788421631,2.4656126695471334,2.531655788421631,29693,0.0,0.0
1993-10-05 00:00:00-04:00,2.4215850830078125,2.4656140727153466,2.4215850830078125,2.4215850830078125,122289,0.0,0.0
1993-10-06 00:00:00-04:00,2.55367172402843,2.55367172402843,2.4215850830078125,2.4215850830078125,110177,0.0,0.0
1993-10-07 00:00:00-04:00,2.5536701679229736,2.5536701679229736,2.5536701679229736,2.5536701679229736,1953,0.0,0.0
1993-10-08 00:00:00-04:00,2.421584968694603,2.4435994625091553,2.421584968694603,2.4435994625091553,2344,0.0,0.0
1993-10-11 00:00:00-04:00,2.4215850830078125,2.4215850830078125,2.4215850830078125,2.4215850830078125,391,0.0,0.0
1993-10-12 00:00:00-04:00,2.4215850830078125,2.4215850830078125,2.4215850830078125,2.4215850830078125,0,0.0,0.0
1993-10-13 00:00:00-04:00,2.5316572291746633,2.5316572291746633,2.4215850830078125,2.4215850830078125,5860,0.0,0.0
1993-10-14 00:00:00-04:00,2.553671485084122,2.553671485084122,2.4215848564227085,2.465613842010498,3907,0.0,0.0
1993-10-15 00:00:00-04:00,2.4215850830078125,2.55367172402843,2.4215850830078125,2.4215850830078125,35944,0.0,0.0
1993-10-18 00:00:00-04:00,2.4656140727153466,2.4656140727153466,2.4215850830078125,2.4215850830078125,5470,0.0,0.0
1993-10-19 00:00:00-04:00,2.4215848564227085,2.553671485084122,2.4215848564227085,2.465613842010498,23442,0.0,0.0
1993-10-20 00:00:00-04:00,2.465613842010498,2.465613842010498,2.465613842010498,2.465613842010498,0,0.0,0.0
1993-10-21 00:00:00-04:00,2.4215836073906742,2.5536701679229736,2.4215836073906742,2.5536701679229736,10940,0.0,0.0
1993-10-22 00:00:00-04:00,2.553670597528686,2.5976994037628174,2.421584014775372,2.5976994037628174,17972,0.0,0.0
1993-10-25 00:00:00-04:00,2.597700306620934,2.597700306620934,2.465613842010498,2.465613842010498,2344,0.0,0.0
1993-10-26 00:00:00-04:00,2.597700549684972,2.597700549684972,2.4215850830078125,2.4215850830078125,18754,0.0,0.0
1993-10-27 00:00:00-04:00,2.553669965844737,2.5976987611877647,2.4215834157647733,2.509641170501709,18754,0.0,0.0
1993-10-28 00:00:00-04:00,2.597700549684972,2.597700549684972,2.4215850830078125,2.4215850830078125,7814,0.0,0.0
1993-10-29 00:00:00-04:00,2.5976994037628174,2.5976994037628174,2.5976994037628174,2.5976994037628174,4688,0.0,0.0
1993-11-01 00:00:00-05:00,2.5976994037628174,2.5976994037628174,2.5976994037628174,2.5976994037628174,1172,0.0,0.0
1993-11-02 00:00:00-05:00,2.597699071347028,2.597699071347028,2.531655788421631,2.531655788421631,2344,0.0,0.0
1993-11-03 00:00:00-05:00,2.597699771839487,2.6197142601013184,2.4656133344213296,2.6197142601013184,162531,0.0,0.0
1993-11-04 00:00:00-05:00,2.6857564834279986,2.6857564834279986,2.5536700909290366,2.6417276859283447,10549,0.0,0.0
1993-11-05 00:00:00-05:00,2.5756852835776556,2.6857573967849255,2.5536709593667677,2.6197142601013184,53916,0.0,0.0
1993-11-08 00:00:00-05:00,2.5536701679229736,2.6857565644043806,2.5536701679229736,2.5536701679229736,3126,0.0,0.0
1993-11-09 00:00:00-05:00,2.553670507711511,2.6857569217681885,2.553670507711511,2.6857569217681885,5860,0.0,0.0
1993-11-10 00:00:00-05:00,2.597698888428691,2.6417276859283447,2.597698888428691,2.6417276859283447,4688,0.0,0.0
1993-11-11 00:00:00-05:00,2.6417275854913944,2.6637420654296875,2.6417275854913944,2.6637420654296875,26177,0.0,0.0
1993-11-12 00:00:00-05:00,2.6857570162310793,2.6857570162310793,2.5976994037628174,2.5976994037628174,58995,0.0,0.0
1993-11-15 00:00:00-05:00,2.6857570162310793,2.6857570162310793,2.5976994037628174,2.5976994037628174,5470,0.0,0.0
1993-11-16 00:00:00-05:00,2.6417281170826294,2.6857569217681885,2.619713796765307,2.6857569217681885,32037,0.0,0.0
1993-11-17 00:00:00-05:00,2.6857564834279986,2.6857564834279986,2.6417276859283447,2.6417276859283447,5079,0.0,0.0
1993-11-18 00:00:00-05:00,2.6197133692039616,2.6417276859283447,2.6197133692039616,2.6417276859283447,24223,0.0,0.0
1993-11-19 00:00:00-05:00,2.597698888428691,2.6417276859283447,2.597698888428691,2.6417276859283447,29693,0.0,0.0
1993-11-22 00:00:00-05:00,2.6857564834279986,2.6857564834279986,2.597698888428691,2.6417276859283447,46493,0.0,0.0
1993-11-23 00:00:00-05:00,2.5976994037628174,2.5976994037628174,2.5976994037628174,2.5976994037628174,1563,0.0,0.0
1993-11-24 00:00:00-05:00,2.6857564834279986,2.6857564834279986,2.6417276859283447,2.6417276859283447,7033,0.0,0.0
1993-11-26 00:00:00-05:00,2.597699771839487,2.6197142601013184,2.597699771839487,2.6197142601013184,3907,0.0,0.0
1993-11-29 00:00:00-05:00,2.597698888428691,2.6857564834279986,2.597698888428691,2.6417276859283447,24614,0.0,0.0
1993-11-30 00:00:00-05:00,2.59769931239707,2.6857569217681885,2.59769931239707,2.6857569217681885,7033,0.0,0.0
1993-12-01 00:00:00-05:00,2.597699771839487,2.6857573967849255,2.597699771839487,2.6197142601013184,15628,0.0,0.0
1993-12-02 00:00:00-05:00,2.6197133692039616,2.6417276859283447,2.597698888428691,2.6417276859283447,12893,0.0,0.0
1993-12-03 00:00:00-05:00,2.6417276859283447,2.6417276859283447,2.6417276859283447,2.6417276859283447,781,0.0,0.0
1993-12-06 00:00:00-05:00,2.5976994037628174,2.5976994037628174,2.5976994037628174,2.5976994037628174,781,0.0,0.0
1993-12-07 00:00:00-05:00,2.6417276859283447,2.6417276859283447,2.597698888428691,2.6417276859283447,11721,0.0,0.0
1993-12-08 00:00:00-05:00,2.5976994037628174,2.619713888905343,2.5976994037628174,2.5976994037628174,12112,0.0,0.0
1993-12-09 00:00:00-05:00,2.5976994037628174,2.5976994037628174,2.5976994037628174,2.5976994037628174,1953,0.0,0.0
1993-12-10 00:00:00-05:00,2.5976994037628174,2.5976994037628174,2.5976994037628174,2.5976994037628174,391,0.0,0.0
1993-12-13 00:00:00-05:00,2.5976994037628174,2.5976994037628174,2.5976994037628174,2.5976994037628174,0,0.0,0.0
1993-12-14 00:00:00-05:00,2.5976994037628174,2.663742695139474,2.5976994037628174,2.5976994037628174,47275,0.0,0.0
1993-12-15 00:00:00-05:00,2.5976994037628174,2.663742695139474,2.5976994037628174,2.5976994037628174,85563,0.0,0.0
1993-12-16 00:00:00-05:00,2.6857569217681885,2.6857569217681885,2.59769931239707,2.6857569217681885,8986,0.0,0.0
1993-12-17 00:00:00-05:00,2.59769878966569,2.6857563813170993,2.59769878966569,2.6637420654296875,31647,0.0,0.0
1993-12-20 00:00:00-05:00,2.59769931239707,2.6857569217681885,2.59769931239707,2.6857569217681885,24614,0.0,0.0
1993-12-21 00:00:00-05:00,2.6857569217681885,2.6857569217681885,2.59769931239707,2.6857569217681885,21879,0.0,0.0
1993-12-22 00:00:00-05:00,2.6857569217681885,2.6857569217681885,2.6857569217681885,2.6857569217681885,0,0.0,0.0
1993-12-23 00:00:00-05:00,2.5976994037628174,2.6857570162310793,2.5976994037628174,2.5976994037628174,9377,0.0,0.0
1993-12-27 00:00:00-05:00,2.59769931239707,2.6857569217681885,2.59769931239707,2.6857569217681885,5860,0.0,0.0
1993-12-28 00:00:00-05:00,2.6417280147734674,2.7738144237146862,2.6417280147734674,2.7077713012695312,52354,0.0,0.0
1993-12-29 00:00:00-05:00,2.7738142347444694,2.817843198776245,2.641727834801833,2.817843198776245,86344,0.0,0.0
1993-12-30 00:00:00-05:00,2.729785919189453,2.861872342572052,2.729785919189453,2.729785919189453,21879,0.0,0.0
1993-12-31 00:00:00-05:00,2.8618731628285863,2.905902147293091,2.8618731628285863,2.905902147293091,21488,0.0,0.0
1994-01-03 00:00:00-05:00,2.8178441490240673,2.9939594083380716,2.8178441490240673,2.949930429458618,23833,0.0,0.0
1994-01-04 00:00:00-05:00,3.0820163499944147,3.0820163499944147,2.9499297709437386,3.03798770904541,71107,0.0,0.0
1994-01-05 00:00:00-05:00,2.9499297429905234,3.082016320789562,2.9499297429905234,2.9939587116241455,219963,0.0,0.0
1994-01-06 00:00:00-05:00,2.949930429458618,2.949930429458618,2.949930429458618,2.949930429458618,3907,0.0,0.0
1994-01-07 00:00:00-05:00,2.949930429458618,2.949930429458618,2.949930429458618,2.949930429458618,0,0.0,0.0
1994-01-10 00:00:00-05:00,2.949930429458618,3.037988387217525,2.949930429458618,2.949930429458618,3126,0.0,0.0
1994-01-11 00:00:00-05:00,2.949930429458618,2.949930429458618,2.949930429458618,2.949930429458618,5079,0.0,0.0
1994-01-12 00:00:00-05:00,2.949930429458618,2.949930429458618,2.949930429458618,2.949930429458618,0,0.0,0.0
1994-01-13 00:00:00-05:00,3.03798770904541,3.03798770904541,3.03798770904541,3.03798770904541,781,0.0,0.0
1994-01-14 00:00:00-05:00,2.949930429458618,2.949930429458618,2.949930429458618,2.949930429458618,781,0.0,0.0
1994-01-17 00:00:00-05:00,2.9939594083380716,2.9939594083380716,2.949930429458618,2.949930429458618,10940,0.0,0.0
1994-01-18 00:00:00-05:00,2.94992913832025,3.126044648653123,2.94992913832025,3.0600013732910156,58214,0.0,0.0
1994-01-19 00:00:00-05:00,3.170073543373163,3.2141025066375732,2.9939583465190984,3.2141025066375732,297712,0.0,0.0
1994-01-20 00:00:00-05:00,3.2141019232139736,3.346188460929075,3.170072967941697,3.2581305503845215,141433,0.0,0.0
1994-01-21 00:00:00-05:00,3.3461890683290156,3.3461890683290156,3.2141025066375732,3.2141025066375732,124633,0.0,0.0
1994-01-24 00:00:00-05:00,3.214102233191702,3.34618878364563,3.214102233191702,3.34618878364563,391871,0.0,0.0
1994-01-25 00:00:00-05:00,3.3461890683290156,3.3461890683290156,3.2141025066375732,3.2141025066375732,6642,0.0,0.0
1994-01-26 00:00:00-05:00,3.2141025066375732,3.390217703491638,3.2141025066375732,3.2141025066375732,22661,0.0,0.0
1994-01-27 00:00:00-05:00,3.2141025066375732,3.2141025066375732,3.2141025066375732,3.2141025066375732,4688,0.0,0.0
1994-01-28 00:00:00-05:00,3.2141019232139736,3.346188460929075,3.2141019232139736,3.2581305503845215,16409,0.0,0.0
1994-01-31 00:00:00-05:00,3.2581312163530356,3.390217781066894,3.2581312163530356,3.3902177810668945,171907,0.0,0.0
1994-02-01 00:00:00-05:00,3.3902170880996234,3.3902170880996234,3.2581305503845215,3.2581305503845215,15628,0.0,0.0
1994-02-02 00:00:00-05:00,3.3021601050646057,3.3021601050646057,3.2141025066375732,3.2141025066375732,4688,0.0,0.0
1994-02-03 00:00:00-05:00,3.2581311418001953,3.2581311418001953,3.2141025066375732,3.2141025066375732,10549,0.0,0.0
1994-02-04 00:00:00-05:00,3.2581311418001953,3.3021601050646057,3.170073543373163,3.2141025066375732,263721,0.0,0.0
1994-02-07 00:00:00-05:00,3.1700738973511307,3.21410286553192,3.0820162890913774,3.1040306091308594,110177,0.0,0.0
1994-02-08 00:00:00-05:00,3.0820162890913774,3.21410286553192,3.0820162890913774,3.1040306091308594,7814,0.0,0.0
1994-02-09 00:00:00-05:00,3.1040306091308594,3.1040306091308594,3.1040306091308594,3.1040306091308594,0,0.0,0.0
1994-02-10 00:00:00-05:00,3.082016320789562,3.082016320789562,2.9939587116241455,2.9939587116241455,325061,0.0,0.0
1994-02-11 00:00:00-05:00,2.9939587116241455,2.9939587116241455,2.9939587116241455,2.9939587116241455,0,0.0,0.0
1994-02-14 00:00:00-05:00,2.9939587116241455,2.9939587116241455,2.9939587116241455,2.9939587116241455,0,0.0,0.0
1994-02-15 00:00:00-05:00,3.126045289423184,3.126045289423184,2.9499297429905234,2.9939587116241455,64465,0.0,0.0
1994-02-16 00:00:00-05:00,2.9939587116241455,2.9939587116241455,2.9939587116241455,2.9939587116241455,0,0.0,0.0
1994-02-17 00:00:00-05:00,2.949930429458618,3.015973733726846,2.949930429458618,2.949930429458618,41805,0.0,0.0
1994-02-18 00:00:00-05:00,3.1260453508205117,3.1260453508205117,2.9499298009288406,3.0159730911254883,383666,0.0,0.0
1994-02-22 00:00:00-05:00,3.1260454654693604,3.1260454654693604,3.1260454654693604,3.1260454654693604,12502,0.0,0.0
1994-02-23 00:00:00-05:00,3.126046406083705,3.2141040467043456,3.037988765463065,3.082017421722412,61730,0.0,0.0
1994-02-24 00:00:00-05:00,3.0820164943562056,3.1260454654693604,3.0820164943562056,3.1260454654693604,24223,0.0,0.0
1994-02-25 00:00:00-05:00,3.1260454654693604,3.1260454654693604,3.1260454654693604,3.1260454654693604,0,0.0,0.0
1994-02-28 00:00:00-05:00,3.2141019232139736,3.2581305503845215,3.170072967941697,3.2581305503845215,10940,0.0,0.0
1994-03-01 00:00:00-05:00,3.258131722605132,3.258131722605132,3.1260454654693604,3.1260454654693604,11721,0.0,0.0
1994-03-02 00:00:00-05:00,3.126046406083705,3.1700750623430527,3.082017421722412,3.082017421722412,70716,0.0,0.0
1994-03-03 00:00:00-05:00,3.082016320789562,3.126045289423184,2.9939587116241455,2.9939587116241455,79312,0.0,0.0
1994-03-04 00:00:00-05:00,2.9939587704272173,3.015973091125488,2.9939587704272173,3.0159730911254883,99237,0.0,0.0
1994-03-07 00:00:00-05:00,2.993958739994574,3.03798770904541,2.993958739994574,3.03798770904541,24223,0.0,0.0
1994-03-08 00:00:00-05:00,3.1260454654693604,3.1700741084806685,3.0379878513448975,3.1260454654693604,91423,0.0,0.0
1994-03-09 00:00:00-05:00,3.2141028953858326,3.2141028953858326,3.126045286308164,3.148059606552124,36335,0.0,0.0
1994-03-10 00:00:00-05:00,3.0820153854988717,3.2581305503845215,3.0820153854988717,3.2581305503845215,781,0.0,0.0
1994-03-11 00:00:00-05:00,3.082017421722412,3.082017421722412,3.082017421722412,3.082017421722412,1563,0.0,0.0
1994-03-14 00:00:00-05:00,3.082016375329759,3.258131596777174,3.082016375329759,3.170073986053467,5860,0.0,0.0
1994-03-15 00:00:00-05:00,3.170073986053467,3.170073986053467,3.170073986053467,3.170073986053467,0,0.0,0.0
1994-03-16 00:00:00-05:00,3.170073986053467,3.170073986053467,3.170073986053467,3.170073986053467,391,0.0,0.0
1994-03-17 00:00:00-05:00,3.170073986053467,3.170073986053467,3.170073986053467,3.170073986053467,0,0.0,0.0
1994-03-18 00:00:00-05:00,3.170073986053467,3.170073986053467,3.170073986053467,3.170073986053467,8986,0.0,0.0
1994-03-21 00:00:00-05:00,3.2141029554662373,3.2141029554662373,3.170073986053467,3.170073986053467,19144,0.0,0.0
1994-03-22 00:00:00-05:00,3.0820164943562056,3.1260454654693604,3.0820164943562056,3.1260454654693604,15628,0.0,0.0
1994-03-23 00:00:00-05:00,3.0379877399255935,3.0820163813221355,2.9939587704272173,3.0159730911254883,310996,0.0,0.0
1994-03-24 00:00:00-05:00,2.9719450829492975,2.9719450829492975,2.949930429458618,2.949930429458618,309824,0.0,0.0
1994-03-25 00:00:00-05:00,3.0820163813221355,3.0820163813221355,2.9939587704272173,3.0159730911254883,3516,0.0,0.0
1994-03-28 00:00:00-05:00,2.9499297429905234,2.9939587116241455,2.9059011024587296,2.9939587116241455,36335,0.0,0.0
1994-03-29 00:00:00-05:00,2.905902147293091,2.905902147293091,2.883887819111812,2.905902147293091,94549,0.0,0.0
1994-03-30 00:00:00-05:00,2.8618712425231934,2.8618712425231934,2.8618712425231934,2.8618712425231934,20707,0.0,0.0
1994-03-31 00:00:00-05:00,2.8178445064660274,2.905902147293091,2.8178445064660274,2.905902147293091,45321,0.0,0.0
1994-04-04 00:00:00-04:00,2.8618727842064478,2.8618727842064478,2.773815155029297,2.773815155029297,78140,0.0,0.0
1994-04-05 00:00:00-04:00,2.839857516741236,2.839857516741236,2.817843198776245,2.817843198776245,12112,0.0,0.0
1994-04-06 00:00:00-04:00,2.9499294346679847,2.9499294346679847,2.817843198776245,2.817843198776245,3907,0.0,0.0
1994-04-07 00:00:00-04:00,2.9499308036556493,2.9499308036556493,2.905902147293091,2.905902147293091,14847,0.0,0.0
1994-04-08 00:00:00-04:00,2.949930429458618,2.949930429458618,2.949930429458618,2.949930429458618,781,0.0,0.0
1994-04-11 00:00:00-04:00,2.949930429458618,2.949930429458618,2.949930429458618,2.949930429458618,781,0.0,0.0
1994-04-12 00:00:00-04:00,2.8178449222384443,2.9059025760583954,2.8178449222384443,2.8838882446289062,72670,0.0,0.0
1994-04-13 00:00:00-04:00,2.817843198776245,2.817843198776245,2.817843198776245,2.817843198776245,1172,0.0,0.0
1994-04-14 00:00:00-04:00,2.8618712425231934,2.9059001974444265,2.8178426157036864,2.8618712425231934,84000,0.0,0.0
1994-04-15 00:00:00-04:00,2.9939587116241455,2.9939587116241455,2.9939587116241455,2.9939587116241455,3126,0.0,0.0
1994-04-18 00:00:00-04:00,2.9939587116241455,2.9939587116241455,2.9939587116241455,2.9939587116241455,2344,0.0,0.0
1994-04-19 00:00:00-04:00,2.9939583986997604,2.9939583986997604,2.817843198776245,2.817843198776245,1953,0.0,0.0
1994-04-20 00:00:00-04:00,2.8178426157036864,2.8618712425231934,2.8178426157036864,2.8618712425231934,1563,0.0,0.0
1994-04-21 00:00:00-04:00,2.8178434932933136,2.9939587116241455,2.8178434932933136,2.9939587116241455,781,0.0,0.0
1994-04-22 00:00:00-04:00,2.9939587116241455,2.9939587116241455,2.9939587116241455,2.9939587116241455,0,0.0,0.0
1994-04-25 00:00:00-04:00,2.817843198776245,2.817843198776245,2.817843198776245,2.817843198776245,781,0.0,0.0
1994-04-26 00:00:00-04:00,2.8178445064660274,2.9939597881201543,2.8178445064660274,2.905902147293091,15237,0.0,0.0
1994-04-28 00:00:00-04:00,3.082017421722412,3.082017421722412,3.082017421722412,3.082017421722412,391,0.0,0.0
1994-04-29 00:00:00-04:00,2.949930429458618,2.949930429458618,2.949930429458618,2.949930429458618,1172,0.0,0.0
1994-05-02 00:00:00-04:00,3.015973091125488,3.015973091125488,3.015973091125488,3.0159730911254883,3907,0.0,0.0
1994-05-03 00:00:00-04:00,3.015973091125488,3.015973091125488,3.015973091125488,3.0159730911254883,0,0.0,0.0
1994-05-04 00:00:00-04:00,3.015973091125488,3.015973091125488,3.015973091125488,3.0159730911254883,0,0.0,0.0
1994-05-05 00:00:00-04:00,2.949930796740479,3.082017421722412,2.949930796740479,3.082017421722412,2735,0.0,0.0
1994-05-06 00:00:00-04:00,2.9939587116241455,2.9939587116241455,2.9939587116241455,2.9939587116241455,1172,0.0,0.0
1994-05-09 00:00:00-04:00,3.082016320789562,3.082016320789562,2.9939587116241455,2.9939587116241455,1172,0.0,0.0
1994-05-10 00:00:00-04:00,2.9939587116241455,2.9939587116241455,2.9939587116241455,2.9939587116241455,3516,0.0,0.0
1994-05-11 00:00:00-04:00,3.0049659002318254,3.03798770904541,3.0049659002318254,3.03798770904541,6642,0.0,0.0
1994-05-12 00:00:00-04:00,2.993959781101772,3.082017421722412,2.993959781101772,3.082017421722412,38288,0.0,0.0
1994-05-13 00:00:00-04:00,3.082017421722412,3.082017421722412,3.082017421722412,3.082017421722412,0,0.0,0.0
1994-05-16 00:00:00-04:00,3.082017421722412,3.082017421722412,3.082017421722412,3.082017421722412,0,0.0,0.0
1994-05-17 00:00:00-04:00,3.082017421722412,3.082017421722412,3.082017421722412,3.082017421722412,0,0.0,0.0
1994-05-18 00:00:00-04:00,2.993959781101772,3.082017421722412,2.993959781101772,3.082017421722412,28521,0.0,0.0
1994-05-19 00:00:00-04:00,3.037988765463065,3.082017421722412,3.037988765463065,3.082017421722412,35163,0.0,0.0
1994-05-20 00:00:00-04:00,3.082017421722412,3.082017421722412,3.082017421722412,3.082017421722412,0,0.0,0.0
1994-05-23 00:00:00-04:00,3.082016320789562,3.082016320789562,2.9939587116241455,2.9939587116241455,1953,0.0,0.0
1994-05-24 00:00:00-04:00,3.082017421722412,3.082017421722412,3.082017421722412,3.082017421722412,9377,0.0,0.0
1994-05-25 00:00:00-04:00,3.0820163499944147,3.0820163499944147,3.0159730604690766,3.03798770904541,41023,0.0,0.0
1994-05-26 00:00:00-04:00,3.03798770904541,3.03798770904541,3.03798770904541,3.03798770904541,3126,0.0,0.0
1994-05-27 00:00:00-04:00,3.03798770904541,3.0600020295199126,3.03798770904541,3.03798770904541,46884,0.0,0.0
1994-05-31 00:00:00-04:00,2.993958739994574,3.03798770904541,2.993958739994574,3.03798770904541,176205,0.0,0.0
1994-06-01 00:00:00-04:00,3.0820163499944147,3.0820163499944147,2.993958739994574,3.03798770904541,33991,0.0,0.0
1994-06-02 00:00:00-04:00,3.082017421722412,3.082017421722412,3.082017421722412,3.082017421722412,1953,0.0,0.0
1994-06-03 00:00:00-04:00,3.082017421722412,3.082017421722412,3.082017421722412,3.082017421722412,6251,0.0,0.0
1994-06-06 00:00:00-04:00,2.9939587116241455,3.0379876802577677,2.9939587116241455,2.9939587116241455,188707,0.0,0.0
1994-06-07 00:00:00-04:00,2.9939587116241455,2.9939587116241455,2.9939587116241455,2.9939587116241455,391,0.0,0.0
1994-06-08 00:00:00-04:00,2.993958739994574,3.03798770904541,2.993958739994574,3.03798770904541,117210,0.0,0.0
1994-06-09 00:00:00-04:00,2.9939587116241455,2.9939587116241455,2.9939587116241455,2.9939587116241455,3907,0.0,0.0
1994-06-10 00:00:00-04:00,3.0159741092314456,3.126046406083705,3.0159741092314456,3.082017421722412,305135,0.0,0.0
1994-06-13 00:00:00-04:00,3.03798770904541,3.03798770904541,3.03798770904541,3.03798770904541,1563,0.0,0.0
1994-06-14 00:00:00-04:00,2.949930429458618,2.9939594083380716,2.927916104069844,2.949930429458618,126196,0.0,0.0
1994-06-15 00:00:00-04:00,2.8618721338251074,2.9939587116241455,2.8618721338251074,2.9939587116241455,4688,0.0,0.0
1994-06-16 00:00:00-04:00,2.9939587116241455,2.9939587116241455,2.9939587116241455,2.9939587116241455,7814,0.0,0.0
1994-06-17 00:00:00-04:00,3.0379867341064,3.0379867341064,2.8618712425231934,2.8618712425231934,5079,0.0,0.0
1994-06-20 00:00:00-04:00,2.9059025760583954,3.0379892208393198,2.8618735850974226,2.8838882446289062,46884,0.0,0.0
1994-06-21 00:00:00-04:00,2.8838882446289062,2.8838882446289062,2.8838882446289062,2.8838882446289062,0,0.0,0.0
1994-06-22 00:00:00-04:00,2.883887819111812,2.905902147293091,2.883887819111812,2.905902147293091,171126,0.0,0.0
1994-06-23 00:00:00-04:00,3.0379867341064,3.0379867341064,2.8618712425231934,2.8618712425231934,4298,0.0,0.0
1994-06-24 00:00:00-04:00,2.8618727998016165,2.949930429458618,2.8618727998016165,2.949930429458618,3907,0.0,0.0
1994-06-27 00:00:00-04:00,2.949930429458618,2.949930429458618,2.949930429458618,2.949930429458618,0,0.0,0.0
1994-06-28 00:00:00-04:00,3.03798770904541,3.03798770904541,3.03798770904541,3.03798770904541,781,0.0,0.0
1994-06-29 00:00:00-04:00,3.03798770904541,3.03798770904541,3.03798770904541,3.03798770904541,6642,0.0,0.0
1994-06-30 00:00:00-04:00,2.8838868095202317,3.03798770904541,2.861872160943898,3.03798770904541,303182,0.0,0.0
1994-07-01 00:00:00-04:00,3.03798770904541,3.03798770904541,3.03798770904541,3.03798770904541,391,0.0,0.0
1994-07-05 00:00:00-04:00,3.03798770904541,3.03798770904541,3.03798770904541,3.03798770904541,781,0.0,0.0
1994-07-06 00:00:00-04:00,3.03798770904541,3.03798770904541,3.03798770904541,3.03798770904541,1953,0.0,0.0
1994-07-07 00:00:00-04:00,2.905901251723431,2.927915573120117,2.8618722808282144,2.927915573120117,39070,0.0,0.0
1994-07-08 00:00:00-04:00,2.927915573120117,2.927915573120117,2.927915573120117,2.927915573120117,0,0.0,0.0
1994-07-11 00:00:00-04:00,2.8618712425231934,2.8618712425231934,2.8618712425231934,2.8618712425231934,2735,0.0,0.0
1994-07-12 00:00:00-04:00,3.0379876802577677,3.0379876802577677,2.9939587116241455,2.9939587116241455,23442,0.0,0.0
1994-07-13 00:00:00-04:00,2.905902147293091,2.905902147293091,2.905902147293091,2.905902147293091,781,0.0,0.0
1994-07-14 00:00:00-04:00,2.905902147293091,2.905902147293091,2.905902147293091,2.905902147293091,0,0.0,0.0
1994-07-15 00:00:00-04:00,2.905902147293091,2.905902147293091,2.905902147293091,2.905902147293091,0,0.0,0.0
1994-07-18 00:00:00-04:00,2.9059012776600106,2.971944570541382,2.9059012776600106,2.971944570541382,159796,0.0,0.0
1994-07-19 00:00:00-04:00,2.9059011024587296,3.0379876802577677,2.9059011024587296,2.9939587116241455,10940,0.0,0.0
1994-07-20 00:00:00-04:00,3.0159741092314456,3.082017421722412,2.993959781101772,3.082017421722412,134010,0.0,0.0
1994-07-21 00:00:00-04:00,3.126046016874527,3.126046016874527,2.949930429458618,2.949930429458618,53135,0.0,0.0
1994-07-22 00:00:00-04:00,3.126045289423184,3.126045289423184,2.9499297429905234,2.9939587116241455,16800,0.0,0.0
1994-07-25 00:00:00-04:00,2.9939587116241455,3.0379876802577677,2.9939587116241455,2.9939587116241455,51181,0.0,0.0
1994-07-26 00:00:00-04:00,3.03798770904541,3.03798770904541,3.03798770904541,3.03798770904541,54698,0.0,0.0
1994-07-27 00:00:00-04:00,3.082016320789562,3.082016320789562,2.9939587116241455,2.9939587116241455,31647,0.0,0.0
1994-07-28 00:00:00-04:00,3.082017421722412,3.082017421722412,3.082017421722412,3.082017421722412,2735,0.0,0.0
1994-07-29 00:00:00-04:00,2.993959781101772,3.082017421722412,2.993959781101772,3.082017421722412,1172,0.0,0.0
1994-08-01 00:00:00-04:00,3.03798770904541,3.0600020295199126,2.993958739994574,3.03798770904541,414531,0.0,0.0
1994-08-02 00:00:00-04:00,3.082017421722412,3.082017421722412,3.082017421722412,3.082017421722412,391,0.0,0.0
1994-08-03 00:00:00-04:00,2.993959781101772,3.082017421722412,2.993959781101772,3.082017421722412,6642,0.0,0.0
1994-08-04 00:00:00-04:00,3.082017421722412,3.082017421722412,3.082017421722412,3.082017421722412,0,0.0,0.0
1994-08-05 00:00:00-04:00,3.082017421722412,3.082017421722412,3.082017421722412,3.082017421722412,0,0.0,0.0
1994-08-08 00:00:00-04:00,3.082017421722412,3.082017421722412,3.082017421722412,3.082017421722412,0,0.0,0.0
1994-08-09 00:00:00-04:00,3.082017421722412,3.082017421722412,3.082017421722412,3.082017421722412,0,0.0,0.0
1994-08-10 00:00:00-04:00,2.993959781101772,3.082017421722412,2.993959781101772,3.082017421722412,4298,0.0,0.0
1994-08-11 00:00:00-04:00,3.082017421722412,3.082017421722412,3.082017421722412,3.082017421722412,0,0.0,0.0
1994-08-12 00:00:00-04:00,3.0820162890913774,3.1040306091308594,3.0820162890913774,3.1040306091308594,38288,0.0,0.0
1994-08-15 00:00:00-04:00,2.9939587116241455,2.9939587116241455,2.9939587116241455,2.9939587116241455,3907,0.0,0.0
1994-08-16 00:00:00-04:00,2.9939587116241455,3.0600020005236646,2.9939587116241455,2.9939587116241455,48447,0.0,0.0
1994-08-17 00:00:00-04:00,2.9939587116241455,2.9939587116241455,2.9939587116241455,2.9939587116241455,781,0.0,0.0
1994-08-18 00:00:00-04:00,3.1260454654693604,3.1260454654693604,3.1260454654693604,3.1260454654693604,781,0.0,0.0
1994-08-19 00:00:00-04:00,3.1260454654693604,3.1260454654693604,3.1260454654693604,3.1260454654693604,0,0.0,0.0
1994-08-22 00:00:00-04:00,3.0379878513448975,3.1260454654693604,3.0379878513448975,3.1260454654693604,1563,0.0,0.0
1994-08-23 00:00:00-04:00,2.9939588802317427,3.1260454654693604,2.9939588802317427,3.1260454654693604,16800,0.0,0.0
1994-08-24 00:00:00-04:00,3.126044380600064,3.2141019641648305,3.082015424766815,3.1920876502990723,481340,0.0,0.0
1994-08-25 00:00:00-04:00,3.126044380600064,3.1920876502990723,3.126044380600064,3.1920876502990723,68372,0.0,0.0
1994-08-26 00:00:00-04:00,3.170073008331581,3.1920876502990723,3.170073008331581,3.1920876502990723,71498,0.0,0.0
1994-08-29 00:00:00-04:00,3.2141025066375732,3.2141025066375732,3.2141025066375732,3.2141025066375732,15628,0.0,0.0
1994-08-30 00:00:00-04:00,3.170073543373163,3.2141025066375732,3.170073543373163,3.2141025066375732,157451,0.0,0.0
1994-08-31 00:00:00-04:00,3.170073008331581,3.1920876502990723,3.126044380600064,3.1920876502990723,63293,0.0,0.0
1994-09-01 00:00:00-04:00,3.170073008331581,3.2141019641648305,3.170073008331581,3.1920876502990723,117600,0.0,0.0
1994-09-02 00:00:00-04:00,3.1700741084806685,3.1920887580881696,3.1260454654693604,3.1260454654693604,78530,0.0,0.0
1994-09-06 00:00:00-04:00,3.170073986053467,3.170073986053467,3.170073986053467,3.170073986053467,391,0.0,0.0
1994-09-07 00:00:00-04:00,3.126044380600064,3.1920876502990723,3.126044380600064,3.1920876502990723,259814,0.0,0.0
1994-09-08 00:00:00-04:00,3.12604534474253,3.170073986053467,3.12604534474253,3.170073986053467,4688,0.0,0.0
1994-09-09 00:00:00-04:00,3.1260454654693604,3.1260454654693604,3.1260454654693604,3.1260454654693604,1563,0.0,0.0
1994-09-12 00:00:00-04:00,3.1260454654693604,3.1260454654693604,3.1260454654693604,3.1260454654693604,3126,0.0,0.0
1994-09-13 00:00:00-04:00,3.1260454654693604,3.1260454654693604,3.1260454654693604,3.1260454654693604,0,0.0,0.0
1994-09-14 00:00:00-04:00,3.1260454654693604,3.1260454654693604,3.1260454654693604,3.1260454654693604,0,0.0,0.0
1994-09-15 00:00:00-04:00,3.12604534474253,3.170073986053467,3.12604534474253,3.170073986053467,43758,0.0,0.0
1994-09-16 00:00:00-04:00,3.2141019641648305,3.2141019641648305,3.170073008331581,3.1920876502990723,212931,0.0,0.0
1994-09-19 00:00:00-04:00,3.1260454654693604,3.1700741084806685,3.1260454654693604,3.1260454654693604,17972,0.0,0.0
1994-09-20 00:00:00-04:00,3.2141019641648305,3.2141019641648305,3.1920876502990723,3.1920876502990723,7423,0.0,0.0
1994-09-21 00:00:00-04:00,3.170073986053467,3.170073986053467,3.170073986053467,3.170073986053467,1563,0.0,0.0
1994-09-22 00:00:00-04:00,3.170073986053467,3.170073986053467,3.170073986053467,3.170073986053467,1953,0.0,0.0
1994-09-23 00:00:00-04:00,3.12604534474253,3.170073986053467,3.12604534474253,3.170073986053467,6251,0.0,0.0
1994-09-26 00:00:00-04:00,3.170073986053467,3.2141029554662373,3.12604534474253,3.170073986053467,259033,0.0,0.0
1994-09-27 00:00:00-04:00,3.126044380600064,3.2141019641648305,3.126044380600064,3.1920876502990723,33991,0.0,0.0
1994-09-28 00:00:00-04:00,3.2141025066375732,3.2141025066375732,3.1920881890562622,3.2141025066375732,160968,0.0,0.0
1994-09-29 00:00:00-04:00,3.2141019232139736,3.2581305503845215,3.1920876096286994,3.2581305503845215,69935,0.0,0.0
1994-09-30 00:00:00-04:00,3.3021612167358394,3.3021612167358394,3.3021612167358394,3.30216121673584,1172,0.0,0.0
1994-10-03 00:00:00-04:00,3.3021612167358394,3.3021612167358394,3.3021612167358394,3.30216121673584,0,0.0,0.0
1994-10-04 00:00:00-04:00,3.2361168242188842,3.2361168242188842,3.170073543373163,3.2141025066375732,18754,0.0,0.0
1994-10-05 00:00:00-04:00,3.3021612167358394,3.3021612167358394,3.3021612167358394,3.30216121673584,1172,0.0,0.0
1994-10-06 00:00:00-04:00,3.170072967941697,3.3021595056567983,3.170072967941697,3.2581305503845215,13674,0.0,0.0
1994-10-07 00:00:00-04:00,3.2141025066375732,3.2141025066375732,3.2141025066375732,3.2141025066375732,781,0.0,0.0
1994-10-10 00:00:00-04:00,3.3021612167358394,3.3021612167358394,3.3021612167358394,3.30216121673584,4688,0.0,0.0
1994-10-11 00:00:00-04:00,3.3021612167358394,3.3021612167358394,3.280146891743415,3.30216121673584,57823,0.0,0.0
1994-10-12 00:00:00-04:00,3.302159961767603,3.302159961767603,3.2801456451416016,3.2801456451416016,7814,0.0,0.0
1994-10-13 00:00:00-04:00,3.2141025066375732,3.2141025066375732,3.2141025066375732,3.2141025066375732,1172,0.0,0.0
1994-10-14 00:00:00-04:00,3.2581305503845215,3.2581305503845215,3.2581305503845215,3.2581305503845215,1953,0.0,0.0
1994-10-17 00:00:00-04:00,3.2141019232139736,3.2581305503845215,3.2141019232139736,3.2581305503845215,1563,0.0,0.0
1994-10-18 00:00:00-04:00,3.3021612167358394,3.3021612167358394,3.3021612167358394,3.30216121673584,391,0.0,0.0
1994-10-19 00:00:00-04:00,3.3021595056567983,3.3902170880996234,3.2581305503845215,3.2581305503845215,40242,0.0,0.0
1994-10-20 00:00:00-04:00,3.3902167120009143,3.3902167120009143,3.3021591393268865,3.3241734504699707,55479,0.0,0.0
1994-10-21 00:00:00-04:00,3.390217781066894,3.390217781066894,3.390217781066894,3.3902177810668945,391,0.0,0.0
1994-10-24 00:00:00-04:00,3.2581308646085043,3.3902174150624322,3.2581308646085043,3.34618878364563,572764,0.0,0.0
1994-10-25 00:00:00-04:00,3.390217781066894,3.390217781066894,3.390217781066894,3.3902177810668945,1953,0.0,0.0
1994-10-26 00:00:00-04:00,3.3902176052065593,3.412231922149658,3.3902176052065593,3.412231922149658,12112,0.0,0.0
1994-10-27 00:00:00-04:00,3.4342470169067383,3.4342470169067383,3.412232368979059,3.4342470169067383,8595,0.0,0.0
1994-10-28 00:00:00-04:00,3.434246899346308,3.4782755374908447,3.412232252172229,3.4782755374908447,28521,0.0,0.0
1994-10-31 00:00:00-05:00,3.3902173662028208,3.6984190940856934,3.3902173662028208,3.6984190940856934,110177,0.0,0.0
1994-11-01 00:00:00-05:00,3.6103626440768517,3.698420261539656,3.6103626440768517,3.654391288757324,82047,0.0,0.0
1994-11-02 00:00:00-05:00,3.6984206328964286,3.6984206328964286,3.610363006591797,3.610363006591797,59386,0.0,0.0
1994-11-03 00:00:00-05:00,3.6103626440768517,3.698420261539656,3.6103626440768517,3.654391288757324,51572,0.0,0.0
1994-11-04 00:00:00-05:00,3.610363006591797,3.6984206328964286,3.610363006591797,3.610363006591797,45321,0.0,0.0
1994-11-07 00:00:00-05:00,3.5223054509657814,3.5223054509657814,3.3021612167358394,3.30216121673584,132837,0.0,0.0
1994-11-08 00:00:00-05:00,3.3902189153133313,3.5223055242186625,3.3902189153133313,3.500290870666504,84000,0.0,0.0
1994-11-09 00:00:00-05:00,3.4782756565584547,3.566333263963709,3.4342470169067383,3.4342470169067383,51572,0.0,0.0
1994-11-10 00:00:00-05:00,3.34618878364563,3.478275005997797,3.34618878364563,3.34618878364563,23051,0.0,0.0
1994-11-11 00:00:00-05:00,3.346189144896805,3.478275381508868,3.346189144896805,3.3902177810668945,91423,0.0,0.0
1994-11-14 00:00:00-05:00,3.412232252172229,3.4782755374908447,3.3902179330999602,3.4782755374908447,16409,0.0,0.0
1994-11-15 00:00:00-05:00,3.412232051404945,3.5223042964935303,3.412232051404945,3.5223042964935303,70326,0.0,0.0
1994-11-16 00:00:00-05:00,3.5223042964935303,3.5223042964935303,3.478275332837738,3.5223042964935303,4688,0.0,0.0
1994-11-17 00:00:00-05:00,3.5223042964935303,3.5223042964935303,3.5223042964935303,3.5223042964935303,4688,0.0,0.0
1994-11-18 00:00:00-05:00,3.5223042964935303,3.5223042964935303,3.5223042964935303,3.5223042964935303,22270,0.0,0.0
1994-11-21 00:00:00-05:00,3.4122317307708334,3.4342463745809946,3.34618878364563,3.34618878364563,50400,0.0,0.0
1994-11-22 00:00:00-05:00,3.3021591393268865,3.4342456623887743,3.2581301889390266,3.3241734504699707,85172,0.0,0.0
1994-11-23 00:00:00-05:00,3.2581308646085043,3.34618878364563,3.214102233191702,3.34618878364563,151982,0.0,0.0
1994-11-25 00:00:00-05:00,3.2141019232139736,3.2581305503845215,3.2141019232139736,3.2581305503845215,1953,0.0,0.0
1994-11-28 00:00:00-05:00,3.2141019232139736,3.280145192071524,3.2141019232139736,3.2581305503845215,55479,0.0,0.0
1994-11-29 00:00:00-05:00,3.1700738375824074,3.3021604115325833,3.1700738375824074,3.236117124557495,43758,0.0,0.0
1994-11-30 00:00:00-05:00,3.2361179136566673,3.3021612167358394,3.192089263671818,3.30216121673584,136744,0.0,0.0
1994-12-01 00:00:00-05:00,3.170072967941697,3.2581305503845215,3.170072967941697,3.2581305503845215,21488,0.0,0.0
1994-12-02 00:00:00-05:00,3.2581305503845215,3.2581305503845215,3.2581305503845215,3.2581305503845215,0,0.0,0.0
1994-12-05 00:00:00-05:00,3.1700741084806685,3.258131722605132,3.1260454654693604,3.1260454654693604,289117,0.0,0.0
1994-12-06 00:00:00-05:00,3.126045433590353,3.192088725535661,3.0820164629262,3.159066915512085,438364,0.0,0.0
1994-12-07 00:00:00-05:00,3.170073543373163,3.2141025066375732,3.104030262527442,3.2141025066375732,16409,0.0,0.0
1994-12-08 00:00:00-05:00,3.1920886085705886,3.1920886085705886,3.03798770904541,3.03798770904541,28521,0.0,0.0
1994-12-09 00:00:00-05:00,3.0379878513448975,3.1260454654693604,3.0379878513448975,3.1260454654693604,19926,0.0,0.0
1994-12-12 00:00:00-05:00,3.0379878513448975,3.1260454654693604,3.0379878513448975,3.1260454654693604,7033,0.0,0.0
1994-12-13 00:00:00-05:00,3.1260454654693604,3.1260454654693604,3.0600021728505515,3.1260454654693604,3126,0.0,0.0
1994-12-14 00:00:00-05:00,3.0820164943562056,3.1260454654693604,3.0379878513448975,3.1260454654693604,33600,0.0,0.0
1994-12-15 00:00:00-05:00,3.1040308158618597,3.1260454654693604,3.0600021728505515,3.1260454654693604,40242,0.0,0.0
1994-12-16 00:00:00-05:00,3.0379878513448975,3.1260454654693604,3.0379878513448975,3.1260454654693604,34381,0.0,0.0
1994-12-19 00:00:00-05:00,3.0820164943562056,3.1260454654693604,3.0820164943562056,3.1260454654693604,51963,0.0,0.0
1994-12-20 00:00:00-05:00,3.1260454654693604,3.1260454654693604,3.1260454654693604,3.1260454654693604,3907,0.0,0.0
1994-12-21 00:00:00-05:00,3.1040308158618597,3.1480597869750144,3.0379878513448975,3.1260454654693604,84391,0.0,0.0
1994-12-22 00:00:00-05:00,3.104030670468917,3.170073959994255,3.03798770904541,3.03798770904541,68372,0.0,0.0
1994-12-23 00:00:00-05:00,3.060001969051895,3.1040306091308594,3.060001969051895,3.1040306091308594,24614,0.0,0.0
1994-12-27 00:00:00-05:00,3.037988765463065,3.1040317498520857,3.037988765463065,3.082017421722412,42195,0.0,0.0
1994-12-28 00:00:00-05:00,3.0379878513448975,3.1260454654693604,3.0379878513448975,3.1260454654693604,4688,0.0,0.0
1994-12-29 00:00:00-05:00,3.0820162890913774,3.1700738973511307,3.0820162890913774,3.1040306091308594,62121,0.0,0.0
1994-12-30 00:00:00-05:00,3.104030670468917,3.170073959994255,3.03798770904541,3.03798770904541,92205,0.0,0.0
1995-01-03 00:00:00-05:00,3.0820163499944147,3.0820163499944147,3.03798770904541,3.03798770904541,4298,0.0,0.0
1995-01-04 00:00:00-05:00,3.037988765463065,3.082017421722412,3.037988765463065,3.082017421722412,5860,0.0,0.0
1995-01-05 00:00:00-05:00,3.0600013732910156,3.0600013732910156,3.037987057537567,3.0600013732910156,35554,0.0,0.0
1995-01-06 00:00:00-05:00,3.03798770904541,3.03798770904541,3.03798770904541,3.03798770904541,391,0.0,0.0
1995-01-09 00:00:00-05:00,3.1260454654693604,3.1260454654693604,2.9939588802317427,3.1260454654693604,33991,0.0,0.0
1995-01-10 00:00:00-05:00,3.1260454654693604,3.1260454654693604,3.1260454654693604,3.1260454654693604,0,0.0,0.0
1995-01-11 00:00:00-05:00,3.1040306091308594,3.1040306091308594,3.1040306091308594,3.1040306091308594,58995,0.0,0.0
1995-01-12 00:00:00-05:00,3.1260459605926454,3.3461901948225874,3.0820169825058974,3.30216121673584,96503,0.0,0.0
1995-01-13 00:00:00-05:00,3.214102233191702,3.34618878364563,3.214102233191702,3.34618878364563,4688,0.0,0.0
1995-01-16 00:00:00-05:00,3.3461893207422126,3.3682036399841304,3.3461893207422126,3.368203639984131,14456,0.0,0.0
1995-01-17 00:00:00-05:00,3.280144828183803,3.3241734504699703,3.280144828183803,3.3241734504699707,17581,0.0,0.0
1995-01-18 00:00:00-05:00,3.3021612167358394,3.5223054509657814,3.3021612167358394,3.30216121673584,120335,0.0,0.0
1995-01-19 00:00:00-05:00,3.4342465177271584,3.4342465177271584,3.214102367161824,3.2801456451416016,39070,0.0,0.0
1995-01-20 00:00:00-05:00,3.2141035886642424,3.3021612167358394,3.2141035886642424,3.30216121673584,6251,0.0,0.0
1995-01-23 00:00:00-05:00,3.2361162367992473,3.2581305503845215,3.170072967941697,3.2581305503845215,28521,0.0,0.0
1995-01-24 00:00:00-05:00,3.258132238649092,3.3021612167358394,3.170074610577495,3.30216121673584,104707,0.0,0.0
1995-01-25 00:00:00-05:00,3.2581314441819185,3.2581314441819185,3.214102804933072,3.236117124557495,493452,0.0,0.0
1995-01-26 00:00:00-05:00,3.2361171245574956,3.2361171245574956,3.2361171245574956,3.236117124557495,0,0.0,0.0
1995-01-27 00:00:00-05:00,3.2361171245574956,3.2361171245574956,3.2361171245574956,3.236117124557495,0,0.0,0.0
1995-01-30 00:00:00-05:00,3.2581305503845215,3.346188460929075,3.2581305503845215,3.2581305503845215,39461,0.0,0.0
1995-01-31 00:00:00-05:00,3.3021595056567983,3.3021595056567983,3.2581305503845215,3.2581305503845215,2344,0.0,0.0
1995-02-01 00:00:00-05:00,3.2141035886642424,3.3021612167358394,3.192089263671818,3.30216121673584,48447,0.0,0.0
1995-02-02 00:00:00-05:00,3.170073986053467,3.170073986053467,3.170073986053467,3.170073986053467,3126,0.0,0.0
1995-02-03 00:00:00-05:00,3.3021612167358394,3.3021612167358394,3.3021612167358394,3.30216121673584,781,0.0,0.0
1995-02-06 00:00:00-05:00,3.1920881890562622,3.2471239830095397,3.1920881890562622,3.2141025066375732,16409,0.0,0.0
1995-02-07 00:00:00-05:00,3.170074610577495,3.3021612167358394,3.170074610577495,3.30216121673584,51181,0.0,0.0
1995-02-08 00:00:00-05:00,3.1700741084806685,3.1700741084806685,3.1260454654693604,3.1260454654693604,70326,0.0,0.0
1995-02-09 00:00:00-05:00,3.2581305503845215,3.2581305503845215,3.2581305503845215,3.2581305503845215,5079,0.0,0.0
1995-02-10 00:00:00-05:00,3.2581305503845215,3.2581305503845215,3.2581305503845215,3.2581305503845215,0,0.0,0.0
1995-02-13 00:00:00-05:00,3.2581305503845215,3.2581305503845215,3.2581305503845215,3.2581305503845215,0,0.0,0.0
1995-02-14 00:00:00-05:00,3.1920876502990723,3.1920876502990723,3.1920876502990723,3.1920876502990723,7033,0.0,0.0
1995-02-15 00:00:00-05:00,3.2581305503845215,3.2581305503845215,3.2581305503845215,3.2581305503845215,4688,0.0,0.0
1995-02-16 00:00:00-05:00,3.12604534474253,3.170073986053467,3.12604534474253,3.170073986053467,17581,0.0,0.0
1995-02-17 00:00:00-05:00,3.126044908210541,3.3021601050646057,3.126044908210541,3.2141025066375732,73842,0.0,0.0
1995-02-21 00:00:00-05:00,3.2141025066375732,3.2581311418001953,3.2141025066375732,3.2141025066375732,17191,0.0,0.0
1995-02-22 00:00:00-05:00,3.2141025066375732,3.2801457874832947,3.2141025066375732,3.2141025066375732,54698,0.0,0.0
1995-02-23 00:00:00-05:00,3.2141025066375732,3.2141025066375732,3.2141025066375732,3.2141025066375732,1563,0.0,0.0
1995-02-24 00:00:00-05:00,3.2141040467043456,3.3021616873249857,3.082017421722412,3.082017421722412,99237,0.0,0.0
1995-02-27 00:00:00-05:00,3.0820163499944147,3.093023510231666,3.03798770904541,3.03798770904541,56261,0.0,0.0
1995-02-28 00:00:00-05:00,2.993959781101772,3.082017421722412,2.993959781101772,3.082017421722412,65637,0.0,0.0
1995-03-01 00:00:00-05:00,3.082017421722412,3.082017421722412,3.082017421722412,3.082017421722412,0,0.0,0.0
1995-03-02 00:00:00-05:00,3.0820163813221355,3.0820163813221355,2.9939587704272173,3.0159730911254883,158233,0.0,0.0
1995-03-03 00:00:00-05:00,3.082016320789562,3.082016320789562,2.9939587116241455,2.9939587116241455,2344,0.0,0.0
1995-03-06 00:00:00-05:00,2.9939587704272173,3.1260453508205117,2.9939587704272173,3.0159730911254883,96893,0.0,0.0
1995-03-07 00:00:00-05:00,3.015973091125488,3.015973091125488,3.015973091125488,3.0159730911254883,0,0.0,0.0
1995-03-08 00:00:00-05:00,2.9939587116241455,2.9939587116241455,2.9939587116241455,2.9939587116241455,3907,0.0,0.0
1995-03-09 00:00:00-05:00,2.9939587116241455,3.0379876802577677,2.9059011024587296,2.9939587116241455,116037,0.0,0.0
1995-03-10 00:00:00-05:00,2.9719445440153343,2.99395886541202,2.905901251723431,2.927915573120117,297322,0.0,0.0
1995-03-13 00:00:00-05:00,2.9939597881201543,2.9939597881201543,2.905902147293091,2.905902147293091,10940,0.0,0.0
1995-03-14 00:00:00-05:00,2.9499308036556493,2.9499308036556493,2.905902147293091,2.905902147293091,3126,0.0,0.0
1995-03-15 00:00:00-05:00,2.949930429458618,2.9719450829492975,2.9059017786810695,2.949930429458618,101582,0.0,0.0
1995-03-16 00:00:00-05:00,2.993958739994574,3.03798770904541,2.993958739994574,3.03798770904541,3516,0.0,0.0
1995-03-17 00:00:00-05:00,2.9939587116241455,3.0379876802577677,2.9059011024587296,2.9939587116241455,9767,0.0,0.0
1995-03-20 00:00:00-05:00,2.9939587116241455,3.082016320789562,2.9059011024587296,2.9939587116241455,7423,0.0,0.0
1995-03-21 00:00:00-05:00,2.9939587116241455,2.9939587116241455,2.9939587116241455,2.9939587116241455,8986,0.0,0.0
1995-03-22 00:00:00-05:00,2.905902147293091,2.905902147293091,2.905902147293091,2.905902147293091,1172,0.0,0.0
1995-03-23 00:00:00-05:00,2.9499298945168033,2.9499298945168033,2.927915573120117,2.927915573120117,2735,0.0,0.0
1995-03-24 00:00:00-05:00,3.082017421722412,3.082017421722412,2.993959781101772,3.082017421722412,3516,0.0,0.0
1995-03-27 00:00:00-05:00,3.0159730604690766,3.0600020295199126,2.971944419520072,3.03798770904541,194568,0.0,0.0
1995-03-28 00:00:00-05:00,3.082017421722412,3.082017421722412,3.037988765463065,3.082017421722412,8205,0.0,0.0
1995-03-29 00:00:00-05:00,3.0600030935927385,3.082017421722412,3.0600030935927385,3.082017421722412,80093,0.0,0.0
1995-03-30 00:00:00-05:00,3.082015424766815,3.258130591896347,3.082015424766815,3.1920876502990723,431331,0.0,0.0
1995-03-31 00:00:00-05:00,3.2581305503845215,3.2581305503845215,3.2581305503845215,3.2581305503845215,7814,0.0,0.0
1995-04-03 00:00:00-04:00,3.1920876502990723,3.1920876502990723,3.1920876502990723,3.1920876502990723,15237,0.0,0.0
1995-04-04 00:00:00-04:00,3.258131596777174,3.258131596777174,3.170073986053467,3.170073986053467,23442,0.0,0.0
1995-04-05 00:00:00-04:00,3.1920881890562622,3.2361168242188842,3.126044908210541,3.2141025066375732,177377,0.0,0.0
1995-04-06 00:00:00-04:00,3.1920881890562622,3.2581311418001953,3.170073543373163,3.2141025066375732,91033,0.0,0.0
1995-04-07 00:00:00-04:00,3.1260454654693604,3.2141030795938237,3.1260454654693604,3.1260454654693604,126196,0.0,0.0
1995-04-10 00:00:00-04:00,3.1260454654693604,3.1260454654693604,3.1260454654693604,3.1260454654693604,0,0.0,0.0
1995-04-11 00:00:00-04:00,3.1260443407711485,3.2581305503845215,3.1260443407711485,3.2581305503845215,12893,0.0,0.0
1995-04-12 00:00:00-04:00,3.2581305503845215,3.2581305503845215,3.2581305503845215,3.2581305503845215,0,0.0,0.0
1995-04-13 00:00:00-04:00,3.1700741084806685,3.1700741084806685,3.1260454654693604,3.1260454654693604,5860,0.0,0.0
1995-04-17 00:00:00-04:00,3.2361171245574956,3.2361171245574956,3.2361171245574956,3.236117124557495,9767,0.0,0.0
1995-04-18 00:00:00-04:00,3.170073543373163,3.3021601050646057,3.170073543373163,3.2141025066375732,1172,0.0,0.0
1995-04-19 00:00:00-04:00,3.170073986053467,3.2141029554662373,3.12604534474253,3.170073986053467,72279,0.0,0.0
1995-04-20 00:00:00-04:00,3.258130591896347,3.258130591896347,3.126044380600064,3.1920876502990723,165265,0.0,0.0
1995-04-21 00:00:00-04:00,3.1260454654693604,3.1260454654693604,3.1260454654693604,3.1260454654693604,3126,0.0,0.0
1995-04-24 00:00:00-04:00,3.2581314441819185,3.2581314441819185,3.192088485308649,3.236117124557495,10940,0.0,0.0
1995-04-25 00:00:00-04:00,3.258131596777174,3.258131596777174,3.170073986053467,3.170073986053467,49619,0.0,0.0
1995-04-26 00:00:00-04:00,3.2581311418001953,3.2581311418001953,3.2141025066375732,3.2141025066375732,4298,0.0,0.0
1995-04-27 00:00:00-04:00,3.1260443407711485,3.2581305503845215,3.1260443407711485,3.2581305503845215,159014,0.0,0.0
1995-04-28 00:00:00-04:00,3.1920876502990723,3.1920876502990723,3.1920876502990723,3.1920876502990723,9767,0.0,0.0
1995-05-01 00:00:00-04:00,3.2361168242188842,3.2581311418001953,3.2141025066375732,3.2141025066375732,14065,0.0,0.0
1995-05-02 00:00:00-04:00,3.1260454654693604,3.1260454654693604,3.1260454654693604,3.1260454654693604,391,0.0,0.0
1995-05-03 00:00:00-04:00,3.1260454654693604,3.1260454654693604,3.1260454654693604,3.1260454654693604,10549,0.0,0.0
1995-05-04 00:00:00-04:00,3.126044380600064,3.1920876502990723,3.126044380600064,3.1920876502990723,51963,0.0,0.0
1995-05-05 00:00:00-04:00,3.2581312163530356,3.390217781066894,3.1700736159110616,3.3902177810668945,75405,0.0,0.0
1995-05-08 00:00:00-04:00,3.3021601806249206,3.390217781066894,3.3021601806249206,3.3902177810668945,13284,0.0,0.0
1995-05-09 00:00:00-04:00,3.3021603541565643,3.4012251188470075,3.3021603541565643,3.368203639984131,57042,0.0,0.0
1995-05-10 00:00:00-04:00,3.434246745338779,3.478275381508868,3.390217781066894,3.3902177810668945,69154,0.0,0.0
1995-05-11 00:00:00-04:00,3.390217781066894,3.390217781066894,3.3021601806249206,3.3902177810668945,97675,0.0,0.0
1995-05-12 00:00:00-04:00,3.2581305503845215,3.2581305503845215,3.2581305503845215,3.2581305503845215,7814,0.0,0.0
1995-05-15 00:00:00-04:00,3.2141025066375732,3.2141025066375732,3.2141025066375732,3.2141025066375732,3907,0.0,0.0
1995-05-16 00:00:00-04:00,3.2361171245574956,3.2581314441819185,3.214102804933072,3.236117124557495,144558,0.0,0.0
1995-05-17 00:00:00-04:00,3.2361162367992473,3.2581305503845215,3.2141019232139736,3.2581305503845215,38288,0.0,0.0
1995-05-18 00:00:00-04:00,3.3021598308842353,3.3021598308842353,3.037987057537567,3.0600013732910156,307089,0.0,0.0
1995-05-19 00:00:00-04:00,2.9499297429905234,3.0379876802577677,2.9499297429905234,2.9939587116241455,176986,0.0,0.0
1995-05-22 00:00:00-04:00,3.0710091897571634,3.0820163499944147,2.9499297709437386,3.03798770904541,24614,0.0,0.0
1995-05-23 00:00:00-04:00,3.037987057537567,3.0820156890444643,2.993958097928908,3.0600013732910156,58995,0.0,0.0
1995-05-24 00:00:00-04:00,2.9939587116241455,3.082016320789562,2.9939587116241455,2.9939587116241455,63293,0.0,0.0
1995-05-25 00:00:00-04:00,2.9939587116241455,2.9939587116241455,2.9939587116241455,2.9939587116241455,0,0.0,0.0
1995-05-26 00:00:00-04:00,3.1260454654693604,3.1260454654693604,3.1260454654693604,3.1260454654693604,1563,0.0,0.0
1995-05-30 00:00:00-04:00,3.126044648653123,3.126044648653123,3.0600013732910156,3.0600013732910156,14847,0.0,0.0
1995-05-31 00:00:00-04:00,2.9939588802317427,3.1260454654693604,2.9939588802317427,3.1260454654693604,5079,0.0,0.0
1995-06-01 00:00:00-04:00,3.015973031890043,3.0600020005236646,2.9939587116241455,2.9939587116241455,47665,0.0,0.0
1995-06-02 00:00:00-04:00,2.9939594083380716,3.015973733726846,2.927916104069844,2.949930429458618,151200,0.0,0.0
1995-06-05 00:00:00-04:00,2.9059011024587296,3.0379876802577677,2.9059011024587296,2.9939587116241455,41414,0.0,0.0
1995-06-06 00:00:00-04:00,2.905901159532299,3.0379877399255935,2.905901159532299,3.0159730911254883,3126,0.0,0.0
1995-06-07 00:00:00-04:00,2.9719443913582486,2.9939587116241455,2.9719443913582486,2.9939587116241455,15628,0.0,0.0
1995-06-08 00:00:00-04:00,3.037988387217525,3.037988387217525,2.927916104069844,2.949930429458618,24223,0.0,0.0
1995-06-09 00:00:00-04:00,3.037987836307237,3.037987836307237,2.927915573120117,2.927915573120117,8205,0.0,0.0
1995-06-12 00:00:00-04:00,2.9279164754743703,2.9279164754743703,2.905902147293091,2.905902147293091,64856,0.0,0.0
1995-06-13 00:00:00-04:00,2.993958892134556,2.993958892134556,2.971944570541382,2.971944570541382,1563,0.0,0.0
1995-06-14 00:00:00-04:00,2.905902147293091,2.905902147293091,2.905902147293091,2.905902147293091,4688,0.0,0.0
1995-06-15 00:00:00-04:00,2.9059001974444265,2.993957779185167,2.8618712425231934,2.8618712425231934,59386,0.0,0.0
1995-06-16 00:00:00-04:00,2.8178421495535084,2.9058997167270553,2.553669283982031,2.57568359375,123461,0.0,0.0
1995-06-19 00:00:00-04:00,2.6857573967849255,2.6857573967849255,2.509642146894049,2.6197142601013184,803276,0.0,0.0
1995-06-20 00:00:00-04:00,2.6857573967849255,2.6857573967849255,2.5536709593667677,2.6197142601013184,9767,0.0,0.0
1995-06-21 00:00:00-04:00,2.6857573967849255,2.6857573967849255,2.5756852835776556,2.6197142601013184,101191,0.0,0.0
1995-06-22 00:00:00-04:00,2.6857573967849255,2.6857573967849255,2.6197142601013184,2.6197142601013184,8595,0.0,0.0
1995-06-23 00:00:00-04:00,2.6857570162310793,2.6857570162310793,2.5976994037628174,2.5976994037628174,32819,0.0,0.0
1995-06-26 00:00:00-04:00,2.6857564834279986,2.6857564834279986,2.6197133692039616,2.6417276859283447,102754,0.0,0.0
1995-06-27 00:00:00-04:00,2.6857573967849255,2.6857573967849255,2.5536709593667677,2.6197142601013184,25005,0.0,0.0
1995-06-28 00:00:00-04:00,2.5536709593667677,2.6197142601013184,2.5536709593667677,2.6197142601013184,7814,0.0,0.0
1995-06-29 00:00:00-04:00,2.5536709593667677,2.6197142601013184,2.5536709593667677,2.6197142601013184,15237,0.0,0.0
1995-06-30 00:00:00-04:00,2.5536701679229736,2.5536701679229736,2.5536701679229736,2.5536701679229736,14847,0.0,0.0
1995-07-03 00:00:00-04:00,2.641727765577245,2.641727765577245,2.5536701679229736,2.5536701679229736,5860,0.0,0.0
1995-07-05 00:00:00-04:00,2.59769931239707,2.6857569217681885,2.59769931239707,2.6857569217681885,54307,0.0,0.0
1995-07-06 00:00:00-04:00,2.6857564834279986,2.6857564834279986,2.5756844076534198,2.6417276859283447,113693,0.0,0.0
1995-07-07 00:00:00-04:00,2.5536700909290366,2.6417276859283447,2.5536700909290366,2.6417276859283447,38679,0.0,0.0
1995-07-10 00:00:00-04:00,2.553670507711511,2.6857569217681885,2.553670507711511,2.6857569217681885,12502,0.0,0.0
1995-07-11 00:00:00-04:00,2.6417281170826294,2.6857569217681885,2.6417281170826294,2.6857569217681885,7033,0.0,0.0
1995-07-12 00:00:00-04:00,2.619713796765307,2.6857569217681885,2.619713796765307,2.6857569217681885,19535,0.0,0.0
1995-07-13 00:00:00-04:00,2.72978562073428,2.72978562073428,2.7077713012695312,2.7077713012695312,7814,0.0,0.0
1995-07-14 00:00:00-04:00,2.6417275854913944,2.6637420654296875,2.619713269603983,2.6637420654296875,83609,0.0,0.0
1995-07-17 00:00:00-04:00,2.6637420654296875,2.6637420654296875,2.6637420654296875,2.6637420654296875,0,0.0,0.0
1995-07-18 00:00:00-04:00,2.6637420654296875,2.6637420654296875,2.6637420654296875,2.6637420654296875,0,0.0,0.0
1995-07-19 00:00:00-04:00,2.597698888428691,2.7297852809276524,2.597698888428691,2.6417276859283447,98456,0.0,0.0
1995-07-20 00:00:00-04:00,2.6417281170826294,2.6857569217681885,2.6417281170826294,2.6857569217681885,24223,0.0,0.0
1995-07-21 00:00:00-04:00,2.6197142601013184,2.6637430725740376,2.6197142601013184,2.6197142601013184,497359,0.0,0.0
1995-07-24 00:00:00-04:00,2.597698888428691,2.7297852809276524,2.597698888428691,2.6417276859283447,32037,0.0,0.0
1995-07-25 00:00:00-04:00,2.729785919189453,2.729785919189453,2.729785919189453,2.729785919189453,781,0.0,0.0
1995-07-26 00:00:00-04:00,2.597698888428691,2.7297852809276524,2.597698888428691,2.6417276859283447,103926,0.0,0.0
1995-07-27 00:00:00-04:00,2.729785919189453,2.729785919189453,2.729785919189453,2.729785919189453,781,0.0,0.0
1995-07-28 00:00:00-04:00,2.729785919189453,2.729785919189453,2.729785919189453,2.729785919189453,1172,0.0,0.0
1995-07-31 00:00:00-04:00,2.7297858224652107,2.7297858224652107,2.5976994037628174,2.5976994037628174,21098,0.0,0.0
1995-08-01 00:00:00-04:00,2.619713888905343,2.619713888905343,2.5976994037628174,2.5976994037628174,26958,0.0,0.0
1995-08-02 00:00:00-04:00,2.5976994037628174,2.5976994037628174,2.5976994037628174,2.5976994037628174,16409,0.0,0.0
1995-08-03 00:00:00-04:00,2.663741324974383,2.663741324974383,2.57568359375,2.57568359375,89079,0.0,0.0
1995-08-04 00:00:00-04:00,2.6857570162310793,2.6857570162310793,2.553670597528686,2.5976994037628174,9377,0.0,0.0
1995-08-07 00:00:00-04:00,2.5976994037628174,2.5976994037628174,2.5976994037628174,2.5976994037628174,0,0.0,0.0
1995-08-08 00:00:00-04:00,2.6857565644043806,2.6857565644043806,2.509641369095838,2.5536701679229736,172689,0.0,0.0
1995-08-09 00:00:00-04:00,2.5316548101632264,2.685755634742352,2.5316548101632264,2.57568359375,73451,0.0,0.0
1995-08-10 00:00:00-04:00,2.509641170501709,2.6857563518738203,2.509641170501709,2.509641170501709,87516,0.0,0.0
1995-08-11 00:00:00-04:00,2.509641369095838,2.6857565644043806,2.509641369095838,2.5536701679229736,12112,0.0,0.0
1995-08-14 00:00:00-04:00,2.509641470147098,2.575684589021596,2.509641470147098,2.531655788421631,452429,0.0,0.0
1995-08-15 00:00:00-04:00,2.531655486147783,2.575684281490811,2.509641170501709,2.509641170501709,22270,0.0,0.0
1995-08-16 00:00:00-04:00,2.509641170501709,2.509641170501709,2.509641170501709,2.509641170501709,0,0.0,0.0
1995-08-17 00:00:00-04:00,2.59769931239707,2.6857569217681885,2.59769931239707,2.6857569217681885,8986,0.0,0.0
1995-08-18 00:00:00-04:00,2.5976994037628174,2.5976994037628174,2.5976994037628174,2.5976994037628174,1172,0.0,0.0
1995-08-21 00:00:00-04:00,2.509641703025952,2.6857569217681885,2.509641703025952,2.6857569217681885,15628,0.0,0.0
1995-08-22 00:00:00-04:00,2.5536701679229736,2.5536701679229736,2.5536701679229736,2.5536701679229736,1172,0.0,0.0
1995-08-23 00:00:00-04:00,2.57568359375,2.57568359375,2.57568359375,2.57568359375,10940,0.0,0.0
1995-08-24 00:00:00-04:00,2.553670597528686,2.5976994037628174,2.553670597528686,2.5976994037628174,16800,0.0,0.0
1995-08-25 00:00:00-04:00,2.619713981729417,2.7738147269836526,2.619713981729417,2.729785919189453,79702,0.0,0.0
1995-08-28 00:00:00-04:00,2.641728711263571,2.773815155029297,2.641728711263571,2.773815155029297,7814,0.0,0.0
1995-08-29 00:00:00-04:00,2.6417276859283447,2.7297852809276524,2.6417276859283447,2.6417276859283447,26567,0.0,0.0
1995-08-30 00:00:00-04:00,2.6417276859283447,2.6417276859283447,2.6417276859283447,2.6417276859283447,1172,0.0,0.0
1995-08-31 00:00:00-04:00,2.6417281170826294,2.6857569217681885,2.6417281170826294,2.6857569217681885,37507,0.0,0.0
1995-09-01 00:00:00-04:00,2.6417282099969484,2.663742695139474,2.5976994037628174,2.5976994037628174,77749,0.0,0.0
1995-09-05 00:00:00-04:00,2.5976994037628174,2.5976994037628174,2.5976994037628174,2.5976994037628174,0,0.0,0.0
1995-09-06 00:00:00-04:00,2.5976994037628174,2.7297858224652107,2.5976994037628174,2.5976994037628174,6251,0.0,0.0
1995-09-07 00:00:00-04:00,2.5976994037628174,2.5976994037628174,2.5976994037628174,2.5976994037628174,1953,0.0,0.0
1995-09-08 00:00:00-04:00,2.5976994037628174,2.5976994037628174,2.5976994037628174,2.5976994037628174,0,0.0,0.0
1995-09-11 00:00:00-04:00,2.6637430725740376,2.6637430725740376,2.6197142601013184,2.6197142601013184,5860,0.0,0.0
1995-09-12 00:00:00-04:00,2.6197142601013184,2.6197142601013184,2.6197142601013184,2.6197142601013184,0,0.0,0.0
1995-09-13 00:00:00-04:00,2.6637421667036154,2.6637421667036154,2.597698888428691,2.6417276859283447,8986,0.0,0.0
1995-09-14 00:00:00-04:00,2.663742601450866,2.7297857264537475,2.59769931239707,2.6857569217681885,7033,0.0,0.0
1995-09-15 00:00:00-04:00,2.59769931239707,2.7297857264537475,2.59769931239707,2.6857569217681885,10158,0.0,0.0
1995-09-18 00:00:00-04:00,2.59769878966569,2.6637420654296875,2.59769878966569,2.6637420654296875,3516,0.0,0.0
1995-09-19 00:00:00-04:00,2.6417275854913944,2.6637420654296875,2.619713269603983,2.6637420654296875,9377,0.0,0.0
1995-09-20 00:00:00-04:00,2.6637420654296875,2.6637420654296875,2.6637420654296875,2.6637420654296875,12112,0.0,0.0
1995-09-21 00:00:00-04:00,2.7297858224652107,2.7297858224652107,2.5976994037628174,2.5976994037628174,2735,0.0,0.0
1995-09-22 00:00:00-04:00,2.5976994037628174,2.5976994037628174,2.5976994037628174,2.5976994037628174,0,0.0,0.0
1995-09-25 00:00:00-04:00,2.59769931239707,2.6857569217681885,2.59769931239707,2.6857569217681885,8595,0.0,0.0
1995-09-26 00:00:00-04:00,2.5976994037628174,2.5976994037628174,2.5976994037628174,2.5976994037628174,1172,0.0,0.0
1995-09-27 00:00:00-04:00,2.7738145311393065,2.7738145311393065,2.6857569217681885,2.6857569217681885,2735,0.0,0.0
1995-09-28 00:00:00-04:00,2.773815155029297,2.773815155029297,2.773815155029297,2.773815155029297,2735,0.0,0.0
1995-09-29 00:00:00-04:00,2.773815155029297,2.773815155029297,2.773815155029297,2.773815155029297,0,0.0,0.0
1995-10-02 00:00:00-04:00,2.7738146286993417,2.7738146286993417,2.5976994037628174,2.5976994037628174,1172,0.0,0.0
1995-10-03 00:00:00-04:00,2.597698888428691,2.6417276859283447,2.597698888428691,2.6417276859283447,282084,0.0,0.0
1995-10-04 00:00:00-04:00,2.6417280147734674,2.7077713012695312,2.6417280147734674,2.7077713012695312,38288,0.0,0.0
1995-10-05 00:00:00-04:00,2.6417276859283447,2.6417276859283447,2.6417276859283447,2.6417276859283447,3907,0.0,0.0
1995-10-06 00:00:00-04:00,2.7077709642032692,2.7077709642032692,2.6417276859283447,2.6417276859283447,5079,0.0,0.0
1995-10-09 00:00:00-04:00,2.7738139729685085,2.7738139729685085,2.6417275854913944,2.6637420654296875,7033,0.0,0.0
1995-10-10 00:00:00-04:00,2.6637420654296875,2.6637420654296875,2.6637420654296875,2.6637420654296875,0,0.0,0.0
1995-10-11 00:00:00-04:00,2.641728711263571,2.773815155029297,2.641728711263571,2.773815155029297,392261,0.0,0.0
1995-10-12 00:00:00-04:00,2.6857569217681885,2.707771406136425,2.6857569217681885,2.6857569217681885,195349,0.0,0.0
1995-10-13 00:00:00-04:00,2.6857575258521464,2.773815155029297,2.6857575258521464,2.773815155029297,1953,0.0,0.0
1995-10-16 00:00:00-04:00,2.707771406136425,2.707771406136425,2.663742601450866,2.6857569217681885,169563,0.0,0.0
1995-10-17 00:00:00-04:00,2.6417281170826294,2.6857569217681885,2.6417281170826294,2.6857569217681885,1172,0.0,0.0
1995-10-18 00:00:00-04:00,2.6417275854913944,2.7077708612553923,2.6417275854913944,2.6637420654296875,123851,0.0,0.0
1995-10-19 00:00:00-04:00,2.597698888428691,2.6857564834279986,2.597698888428691,2.6417276859283447,26958,0.0,0.0
1995-10-20 00:00:00-04:00,2.6637420654296875,2.6637420654296875,2.6637420654296875,2.6637420654296875,781,0.0,0.0
1995-10-23 00:00:00-04:00,2.6637420654296875,2.6637420654296875,2.6637420654296875,2.6637420654296875,0,0.0,0.0
1995-10-24 00:00:00-04:00,2.59769878966569,2.6637420654296875,2.59769878966569,2.6637420654296875,1563,0.0,0.0
1995-10-25 00:00:00-04:00,2.5976994037628174,2.5976994037628174,2.5976994037628174,2.5976994037628174,781,0.0,0.0
1995-10-26 00:00:00-04:00,2.6857569217681885,2.6857569217681885,2.6857569217681885,2.6857569217681885,391,0.0,0.0
1995-10-27 00:00:00-04:00,2.5976994037628174,2.5976994037628174,2.5976994037628174,2.5976994037628174,781,0.0,0.0
1995-10-30 00:00:00-05:00,2.597699788963355,2.6087069511413574,2.597699788963355,2.6087069511413574,15628,0.0,0.0
1995-10-31 00:00:00-05:00,2.5976994037628174,2.5976994037628174,2.5976994037628174,2.5976994037628174,3516,0.0,0.0
1995-11-01 00:00:00-05:00,2.597699771839487,2.6197142601013184,2.597699771839487,2.6197142601013184,17581,0.0,0.0
1995-11-02 00:00:00-05:00,2.5976994037628174,2.5976994037628174,2.5976994037628174,2.5976994037628174,3907,0.0,0.0
1995-11-03 00:00:00-05:00,2.59769931239707,2.6857569217681885,2.59769931239707,2.6857569217681885,3126,0.0,0.0
1995-11-06 00:00:00-05:00,2.6417276859283447,2.6417276859283447,2.6417276859283447,2.6417276859283447,3126,0.0,0.0
1995-11-07 00:00:00-05:00,2.6857564834279986,2.6857564834279986,2.6417276859283447,2.6417276859283447,8595,0.0,0.0
1995-11-08 00:00:00-05:00,2.597699771839487,2.6197142601013184,2.597699771839487,2.6197142601013184,116819,0.0,0.0
1995-11-09 00:00:00-05:00,2.597698888428691,2.6417276859283447,2.5756844076534198,2.6417276859283447,21488,0.0,0.0
1995-11-10 00:00:00-05:00,2.6417276859283447,2.6417276859283447,2.597698888428691,2.6417276859283447,12893,0.0,0.0
1995-11-13 00:00:00-05:00,2.57568359375,2.57568359375,2.57568359375,2.57568359375,5470,0.0,0.0
1995-11-14 00:00:00-05:00,2.5536701679229736,2.5536701679229736,2.5536701679229736,2.5536701679229736,3907,0.0,0.0
1995-11-15 00:00:00-05:00,2.5536709593667677,2.6197142601013184,2.5536709593667677,2.6197142601013184,8205,0.0,0.0
1995-11-16 00:00:00-05:00,2.509641470147098,2.6417278719469928,2.509641470147098,2.531655788421631,15237,0.0,0.0
1995-11-17 00:00:00-05:00,2.5316556864839597,2.575684485311095,2.5316556864839597,2.5536701679229736,135182,0.0,0.0
1995-11-20 00:00:00-05:00,2.509641791294555,2.619713888905343,2.509641791294555,2.5976994037628174,58214,0.0,0.0
1995-11-21 00:00:00-05:00,2.509642146894049,2.6417285843122063,2.509642146894049,2.6197142601013184,9767,0.0,0.0
1995-11-22 00:00:00-05:00,2.6417285843122063,2.6417285843122063,2.5316564711049367,2.6197142601013184,6642,0.0,0.0
1995-11-24 00:00:00-05:00,2.6197142601013184,2.6197142601013184,2.6197142601013184,2.6197142601013184,0,0.0,0.0
1995-11-27 00:00:00-05:00,2.5316556864839597,2.641727765577245,2.5316556864839597,2.5536701679229736,14456,0.0,0.0
1995-11-28 00:00:00-05:00,2.5536701679229736,2.5536701679229736,2.5536701679229736,2.5536701679229736,2344,0.0,0.0
1995-11-29 00:00:00-05:00,2.5316556864839597,2.5536701679229736,2.5316556864839597,2.5536701679229736,1953,0.0,0.0
1995-11-30 00:00:00-05:00,2.5536701679229736,2.5536701679229736,2.5536701679229736,2.5536701679229736,0,0.0,0.0
1995-12-01 00:00:00-05:00,2.531655610153766,2.6417276859283447,2.531655610153766,2.6417276859283447,1563,0.0,0.0
1995-12-04 00:00:00-05:00,2.5536700909290366,2.6417276859283447,2.5536700909290366,2.6417276859283447,38288,0.0,0.0
1995-12-05 00:00:00-05:00,2.5536700909290366,2.6417276859283447,2.5536700909290366,2.6417276859283447,12502,0.0,0.0
1995-12-06 00:00:00-05:00,2.5536701679229736,2.5536701679229736,2.5536701679229736,2.5536701679229736,2735,0.0,0.0
1995-12-07 00:00:00-05:00,2.5536701679229736,2.5536701679229736,2.5536701679229736,2.5536701679229736,391,0.0,0.0
1995-12-08 00:00:00-05:00,2.6417276859283447,2.6417276859283447,2.6417276859283447,2.6417276859283447,391,0.0,0.0
1995-12-11 00:00:00-05:00,2.5536701679229736,2.5536701679229736,2.5536701679229736,2.5536701679229736,391,0.0,0.0
1995-12-12 00:00:00-05:00,2.5756849186202917,2.619713888905343,2.553670597528686,2.5976994037628174,7033,0.0,0.0
1995-12-13 00:00:00-05:00,2.6417285843122063,2.6417285843122063,2.6197142601013184,2.6197142601013184,3126,0.0,0.0
1995-12-14 00:00:00-05:00,2.6857565644043806,2.6857565644043806,2.5536701679229736,2.5536701679229736,27349,0.0,0.0
1995-12-15 00:00:00-05:00,2.6637430725740376,2.6637430725740376,2.509642146894049,2.6197142601013184,29302,0.0,0.0
1995-12-18 00:00:00-05:00,2.509641170501709,2.509641170501709,2.509641170501709,2.509641170501709,391,0.0,0.0
1995-12-19 00:00:00-05:00,2.509641170501709,2.509641170501709,2.509641170501709,2.509641170501709,391,0.0,0.0
1995-12-20 00:00:00-05:00,2.5096405003952573,2.663741324974383,2.5096405003952573,2.57568359375,34381,0.0,0.0
1995-12-21 00:00:00-05:00,2.57568359375,2.57568359375,2.57568359375,2.57568359375,0,0.0,0.0
1995-12-22 00:00:00-05:00,2.5096423412514817,2.5866928100585938,2.5096423412514817,2.5866928100585938,3516,0.0,0.0
1995-12-26 00:00:00-05:00,2.5866916033647276,2.5866916033647276,2.509641170501709,2.509641170501709,5470,0.0,0.0
1995-12-27 00:00:00-05:00,2.6417276859283447,2.6417276859283447,2.6417276859283447,2.6417276859283447,781,0.0,0.0
1995-12-28 00:00:00-05:00,2.50964266354731,2.641729128157746,2.4215848564227085,2.465613842010498,63684,0.0,0.0
1995-12-29 00:00:00-05:00,2.465613956323707,2.465613956323707,2.421584968694603,2.4435994625091553,7033,0.0,0.0
1996-01-02 00:00:00-05:00,2.421584968694603,2.509642779901827,2.421584968694603,2.4435994625091553,27349,0.0,0.0
1996-01-03 00:00:00-05:00,2.465612375158681,2.509641170501709,2.43259073763869,2.509641170501709,63684,0.0,0.0
1996-01-04 00:00:00-05:00,2.4435994625091553,2.4435994625091553,2.4435994625091553,2.4435994625091553,19535,0.0,0.0
1996-01-05 00:00:00-05:00,2.509641170501709,2.509641170501709,2.4215834157647733,2.509641170501709,171907,0.0,0.0
1996-01-08 00:00:00-05:00,2.4215848564227085,2.465613842010498,2.4215848564227085,2.465613842010498,66419,0.0,0.0
1996-01-09 00:00:00-05:00,2.465613842010498,2.465613842010498,2.4215848564227085,2.465613842010498,9377,0.0,0.0
1996-01-10 00:00:00-05:00,2.5096428983718884,2.5096428983718884,2.4215850830078125,2.4215850830078125,5079,0.0,0.0
1996-01-11 00:00:00-05:00,2.4215850830078125,2.4215850830078125,2.4215850830078125,2.4215850830078125,0,0.0,0.0
1996-01-12 00:00:00-05:00,2.421584968694603,2.4435994625091553,2.399570638931036,2.4435994625091553,196912,0.0,0.0
1996-01-15 00:00:00-05:00,2.421583716820159,2.421583716820159,2.2674829959869385,2.2674829959869385,406326,0.0,0.0
1996-01-16 00:00:00-05:00,2.2674829959869385,2.28949731436987,2.245468513553107,2.2674829959869385,78140,0.0,0.0
1996-01-17 00:00:00-05:00,2.3335261774803984,2.3335261774803984,2.2894973754882812,2.2894973754882812,25005,0.0,0.0
1996-01-18 00:00:00-05:00,2.3335267951039955,2.3775556087493896,2.2894979814586014,2.3775556087493896,532913,0.0,0.0
1996-01-19 00:00:00-05:00,2.421582868409392,2.421582868409392,2.2894965122360604,2.399568557739258,25005,0.0,0.0
1996-01-22 00:00:00-05:00,2.377554206920832,2.377554206920832,2.3335254192352295,2.3335254192352295,10940,0.0,0.0
1996-01-23 00:00:00-05:00,2.4215850830078125,2.4215850830078125,2.4215850830078125,2.4215850830078125,781,0.0,0.0
1996-01-24 00:00:00-05:00,2.333527131966719,2.3555416239928526,2.2950022220611572,2.2950022220611572,426252,0.0,0.0
1996-01-25 00:00:00-05:00,2.2894973754882812,2.2894973754882812,2.2894973754882812,2.2894973754882812,4688,0.0,0.0
1996-01-26 00:00:00-05:00,2.3555412839521663,2.3775556087493896,2.311512470306772,2.3775556087493896,33991,0.0,0.0
1996-01-29 00:00:00-05:00,2.3775562573512707,2.4215850830078125,2.3775562573512707,2.4215850830078125,781,0.0,0.0
1996-01-30 00:00:00-05:00,2.2894973754882812,2.2894973754882812,2.2894973754882812,2.2894973754882812,11721,0.0,0.0
1996-01-31 00:00:00-05:00,2.37755459094689,2.4215833857440874,2.333525796149693,2.3555402755737305,48447,0.0,0.0
1996-02-01 00:00:00-05:00,2.2894986060381872,2.4215850830078125,2.2894986060381872,2.4215850830078125,24223,0.0,0.0
1996-02-02 00:00:00-05:00,2.399568557739258,2.399568557739258,2.399568557739258,2.399568557739258,1172,0.0,0.0
1996-02-05 00:00:00-05:00,2.3335267951039955,2.3775556087493896,2.3335267951039955,2.3775556087493896,10158,0.0,0.0
1996-02-06 00:00:00-05:00,2.4215850830078125,2.4215850830078125,2.333527431694729,2.4215850830078125,12112,0.0,0.0
1996-02-07 00:00:00-05:00,2.333527431694729,2.4215850830078125,2.333527431694729,2.4215850830078125,6642,0.0,0.0
1996-02-08 00:00:00-05:00,2.333527431694729,2.4215850830078125,2.333527431694729,2.4215850830078125,15628,0.0,0.0
1996-02-09 00:00:00-05:00,2.4215844223947838,2.4215844223947838,2.3775556087493896,2.3775556087493896,14456,0.0,0.0
1996-02-12 00:00:00-05:00,2.421584209566942,2.4876275062561035,2.3995698867045108,2.4876275062561035,71498,0.0,0.0
1996-02-13 00:00:00-05:00,2.3775560348858966,2.465613842010498,2.3775560348858966,2.465613842010498,16800,0.0,0.0
1996-02-14 00:00:00-05:00,2.509641791294555,2.6417282099969484,2.509641791294555,2.5976994037628174,80484,0.0,0.0
1996-02-15 00:00:00-05:00,2.5976994037628174,2.5976994037628174,2.5976994037628174,2.5976994037628174,8205,0.0,0.0
1996-02-16 00:00:00-05:00,2.509641170501709,2.509641170501709,2.509641170501709,2.509641170501709,11330,0.0,0.0
1996-02-20 00:00:00-05:00,2.509641170501709,2.509641170501709,2.509641170501709,2.509641170501709,0,0.0,0.0
1996-02-21 00:00:00-05:00,2.5866918080560484,2.597698966750109,2.5316556864839597,2.5536701679229736,31647,0.0,0.0
1996-02-22 00:00:00-05:00,2.531655788421631,2.531655788421631,2.531655788421631,2.531655788421631,3126,0.0,0.0
1996-02-23 00:00:00-05:00,2.575684485311095,2.575684485311095,2.5316556864839597,2.5536701679229736,70716,0.0,0.0
1996-02-26 00:00:00-05:00,2.5536701679229736,2.597698966750109,2.5536701679229736,2.5536701679229736,16800,0.0,0.0
1996-02-27 00:00:00-05:00,2.5096405003952573,2.57568359375,2.5096405003952573,2.57568359375,12502,0.0,0.0
1996-02-28 00:00:00-05:00,2.597698888428691,2.6417276859283447,2.597698888428691,2.6417276859283447,1172,0.0,0.0
1996-02-29 00:00:00-05:00,2.6417275565307925,2.6417275565307925,2.509641170501709,2.509641170501709,8986,0.0,0.0
1996-03-01 00:00:00-05:00,2.509641170501709,2.509641170501709,2.509641170501709,2.509641170501709,0,0.0,0.0
1996-03-04 00:00:00-05:00,2.6417285843122063,2.6417285843122063,2.509642146894049,2.6197142601013184,193005,0.0,0.0
1996-03-05 00:00:00-05:00,2.6417285843122063,2.6417285843122063,2.509642146894049,2.6197142601013184,43758,0.0,0.0
1996-03-06 00:00:00-05:00,2.6857569217681885,2.6857569217681885,2.619713796765307,2.6857569217681885,43368,0.0,0.0
1996-03-07 00:00:00-05:00,2.641728711263571,2.773815155029297,2.641728711263571,2.773815155029297,256298,0.0,0.0
1996-03-08 00:00:00-05:00,2.7738142347444694,2.817843198776245,2.7738142347444694,2.817843198776245,28912,0.0,0.0
1996-03-11 00:00:00-05:00,2.7958291795584578,2.8618721405104246,2.6857569217681885,2.6857569217681885,17972,0.0,0.0
1996-03-12 00:00:00-05:00,2.7738136607824533,2.8618712425231934,2.685756079041713,2.8618712425231934,25005,0.0,0.0
1996-03-13 00:00:00-05:00,2.8618712425231934,2.8618712425231934,2.8618712425231934,2.8618712425231934,0,0.0,0.0
1996-03-14 00:00:00-05:00,2.729785919189453,2.729785919189453,2.729785919189453,2.729785919189453,1563,0.0,0.0
1996-03-15 00:00:00-05:00,2.6857569217681885,2.7297857264537475,2.6857569217681885,2.6857569217681885,1563,0.0,0.0
1996-03-18 00:00:00-05:00,2.6857575258521464,2.773815155029297,2.6857575258521464,2.773815155029297,10549,0.0,0.0
1996-03-19 00:00:00-05:00,2.729785919189453,2.729785919189453,2.729785919189453,2.729785919189453,391,0.0,0.0
1996-03-20 00:00:00-05:00,2.729785919189453,2.729785919189453,2.729785919189453,2.729785919189453,0,0.0,0.0
1996-03-21 00:00:00-05:00,2.8618727842064478,2.8618727842064478,2.7297863404407217,2.773815155029297,12112,0.0,0.0
1996-03-22 00:00:00-05:00,2.729785919189453,2.729785919189453,2.729785919189453,2.729785919189453,781,0.0,0.0
1996-03-25 00:00:00-05:00,2.7738136607824533,2.8618712425231934,2.7738136607824533,2.8618712425231934,5079,0.0,0.0
1996-03-26 00:00:00-05:00,2.817843732976333,2.839858055114746,2.817843732976333,2.839858055114746,5079,0.0,0.0
1996-03-27 00:00:00-05:00,2.86187237725316,2.86187237725316,2.817843732976333,2.839858055114746,10549,0.0,0.0
1996-03-28 00:00:00-05:00,2.839858055114746,2.839858055114746,2.839858055114746,2.839858055114746,0,0.0,0.0
1996-03-29 00:00:00-05:00,2.817843198776245,2.817843198776245,2.817843198776245,2.817843198776245,3907,0.0,0.0
1996-04-01 00:00:00-05:00,2.729785141894235,2.7958285808563232,2.729785141894235,2.7958285808563232,27349,0.0,0.0
1996-04-02 00:00:00-05:00,2.8618712425231934,2.8618712425231934,2.7297848699120832,2.8618712425231934,21879,0.0,0.0
1996-04-03 00:00:00-05:00,2.83985692911344,2.8618712425231934,2.8178426157036864,2.8618712425231934,12112,0.0,0.0
1996-04-04 00:00:00-05:00,2.817843198776245,2.861871834706227,2.7738142347444694,2.817843198776245,164484,0.0,0.0
1996-04-08 00:00:00-04:00,2.817843732976333,2.839858055114746,2.817843732976333,2.839858055114746,7423,0.0,0.0
1996-04-09 00:00:00-04:00,2.8288503577587405,2.8288503577587405,2.817843198776245,2.817843198776245,21098,0.0,0.0
1996-04-10 00:00:00-04:00,2.86187237725316,2.86187237725316,2.7738147605976495,2.839858055114746,36335,0.0,0.0
1996-04-11 00:00:00-04:00,2.773815155029297,2.8618727842064478,2.773815155029297,2.773815155029297,496187,0.0,0.0
1996-04-12 00:00:00-04:00,2.8398592536679335,2.9059025760583954,2.795830590808955,2.8838882446289062,194568,0.0,0.0
1996-04-15 00:00:00-04:00,2.8178449222384443,2.8838882446289062,2.8178449222384443,2.8838882446289062,45321,0.0,0.0
1996-04-16 00:00:00-04:00,2.8618735850974226,2.9059025760583954,2.8618735850974226,2.8838882446289062,89470,0.0,0.0
1996-04-17 00:00:00-04:00,2.9059025760583954,2.9059025760583954,2.8618735850974226,2.8838882446289062,40633,0.0,0.0
1996-04-18 00:00:00-04:00,2.8618735850974226,2.8838882446289062,2.8618735850974226,2.8838882446289062,112521,0.0,0.0
1996-04-19 00:00:00-04:00,2.9059007987380028,2.9059007987380028,2.817843198776245,2.817843198776245,37898,0.0,0.0
1996-04-22 00:00:00-04:00,2.8178449222384443,2.8838882446289062,2.8178449222384443,2.8838882446289062,43758,0.0,0.0
1996-04-23 00:00:00-04:00,2.9059025760583954,2.9059025760583954,2.8838882446289062,2.8838882446289062,39070,0.0,0.0
1996-04-24 00:00:00-04:00,2.8838882446289062,2.8838882446289062,2.8838882446289062,2.8838882446289062,1172,0.0,0.0
1996-04-25 00:00:00-04:00,2.905902147293091,2.905902147293091,2.905902147293091,2.905902147293091,391,0.0,0.0
1996-04-26 00:00:00-04:00,2.8178449222384443,2.9059025760583954,2.8178449222384443,2.8838882446289062,160577,0.0,0.0
1996-04-29 00:00:00-04:00,2.8178426157036864,2.8618712425231934,2.8178426157036864,2.8618712425231934,73451,0.0,0.0
1996-04-30 00:00:00-04:00,2.83985692911344,2.8618712425231934,2.83985692911344,2.8618712425231934,156279,0.0,0.0
1996-05-01 00:00:00-04:00,2.839858834647307,2.905902147293091,2.8178445064660274,2.905902147293091,121898,0.0,0.0
1996-05-02 00:00:00-04:00,2.8178449222384443,2.9059025760583954,2.8178449222384443,2.8838882446289062,48837,0.0,0.0
1996-05-03 00:00:00-04:00,2.8178445064660274,2.905902147293091,2.8178445064660274,2.905902147293091,154717,0.0,0.0
1996-05-06 00:00:00-04:00,2.8178426157036864,2.8618712425231934,2.8178426157036864,2.8618712425231934,1563,0.0,0.0
1996-05-07 00:00:00-04:00,2.8178445064660274,2.905902147293091,2.8178445064660274,2.905902147293091,26177,0.0,0.0
1996-05-08 00:00:00-04:00,2.9059012776600106,2.993958892134556,2.883886956066836,2.971944570541382,281303,0.0,0.0
1996-05-09 00:00:00-04:00,2.8618722808282144,2.927915573120117,2.8618722808282144,2.927915573120117,674736,0.0,0.0
1996-05-10 00:00:00-04:00,2.883887819111812,2.905902147293091,2.8618731628285863,2.905902147293091,101582,0.0,0.0
1996-05-13 00:00:00-04:00,2.8618712425231934,2.8618712425231934,2.8618712425231934,2.8618712425231934,391,0.0,0.0
1996-05-14 00:00:00-04:00,2.8618712425231934,2.87287839922807,2.8618712425231934,2.8618712425231934,3907,0.0,0.0
1996-05-15 00:00:00-04:00,2.8618722808282144,2.927915573120117,2.8618722808282144,2.927915573120117,159014,0.0,0.0
1996-05-16 00:00:00-04:00,2.927915573120117,2.927915573120117,2.927915573120117,2.927915573120117,0,0.0,0.0
1996-05-17 00:00:00-04:00,2.927915573120117,2.927915573120117,2.927915573120117,2.927915573120117,0,0.0,0.0
1996-05-20 00:00:00-04:00,2.9499312389173737,2.9499312389173737,2.8838882446289062,2.8838882446289062,203554,0.0,0.0
1996-05-21 00:00:00-04:00,2.9059025760583954,2.9059025760583954,2.8838882446289062,2.8838882446289062,202772,0.0,0.0
1996-05-22 00:00:00-04:00,2.9059011299947337,3.03798770904541,2.9059011299947337,3.03798770904541,367647,0.0,0.0
1996-05-23 00:00:00-04:00,3.03798770904541,3.03798770904541,2.971944419520072,3.03798770904541,39461,0.0,0.0
1996-05-24 00:00:00-04:00,3.03798770904541,3.03798770904541,3.03798770904541,3.03798770904541,0,0.0,0.0
1996-05-28 00:00:00-04:00,2.9059011024587296,3.0379876802577677,2.9059011024587296,2.9939587116241455,91814,0.0,0.0
1996-05-29 00:00:00-04:00,2.9059017786810695,2.9939594083380716,2.9059017786810695,2.949930429458618,13674,0.0,0.0
1996-05-30 00:00:00-04:00,2.993958892134556,2.993958892134556,2.971944570541382,2.971944570541382,79312,0.0,0.0
1996-05-31 00:00:00-04:00,3.037987051320972,3.3902174150624322,3.037987051320972,3.34618878364563,251219,0.0,0.0
1996-06-03 00:00:00-04:00,3.390217703491638,3.47827530191867,3.2141025066375732,3.2141025066375732,70326,0.0,0.0
1996-06-04 00:00:00-04:00,3.302159961767603,3.390217556373382,3.2801456451416016,3.2801456451416016,225433,0.0,0.0
1996-06-05 00:00:00-04:00,3.2581301889390266,3.3461880897147465,3.2581301889390266,3.3241734504699707,91814,0.0,0.0
1996-06-06 00:00:00-04:00,3.34618878364563,3.3902174150624322,3.34618878364563,3.34618878364563,61340,0.0,0.0
1996-06-07 00:00:00-04:00,3.34618878364563,3.368203099354031,3.34618878364563,3.34618878364563,107442,0.0,0.0
1996-06-10 00:00:00-04:00,3.3461901948225874,3.3461901948225874,3.3021612167358394,3.30216121673584,69544,0.0,0.0
1996-06-11 00:00:00-04:00,3.390218844807437,3.390218844807437,3.258132238649092,3.30216121673584,82437,0.0,0.0
1996-06-12 00:00:00-04:00,3.3021601806249206,3.390217781066894,3.3021601806249206,3.3902177810668945,25005,0.0,0.0
1996-06-13 00:00:00-04:00,3.390218844807437,3.390218844807437,3.258132238649092,3.30216121673584,169172,0.0,0.0
1996-06-14 00:00:00-04:00,3.3461880897147465,3.3461880897147465,3.3021591393268865,3.3241734504699707,27740,0.0,0.0
1996-06-17 00:00:00-04:00,3.2581310004138264,3.2801456451416016,3.2581310004138264,3.2801456451416016,77358,0.0,0.0
1996-06-18 00:00:00-04:00,3.5134997909115353,3.5134997909115353,3.4210393478064316,3.4672698974609375,56558,0.0,1.05
1996-06-19 00:00:00-04:00,3.305462598800659,3.305462598800659,3.305462598800659,3.305462598800659,29768,0.0,0.0
1996-06-20 00:00:00-04:00,3.2361172915443484,3.305462598800659,3.2361172915443484,3.305462598800659,8930,0.0,0.0
1996-06-21 00:00:00-04:00,3.3748079060569696,3.3748079060569696,3.2361172915443484,3.305462598800659,3349,0.0,0.0
1996-06-24 00:00:00-04:00,3.236117325086156,3.3748079410362815,3.236117325086156,3.2823472023010254,10047,0.0,0.0
1996-06-25 00:00:00-04:00,3.236117325086156,3.2823472023010254,3.236117325086156,3.2823472023010254,131349,0.0,0.0
1996-06-26 00:00:00-04:00,3.259232099642671,3.2823472023010254,3.259232099642671,3.2823472023010254,36837,0.0,0.0
1996-06-27 00:00:00-04:00,3.259232099642671,3.2823472023010254,3.236117325086156,3.2823472023010254,189024,0.0,0.0
1996-06-28 00:00:00-04:00,3.282347066414199,3.397923231124878,3.2592319647127934,3.397923231124878,416373,0.0,0.0
1996-07-01 00:00:00-04:00,3.3285783001107903,3.4210383892059326,3.3285783001107903,3.4210383892059326,40558,0.0,0.0
1996-07-02 00:00:00-04:00,3.4210372765097037,3.6984190940856934,3.4210372765097037,3.6984190940856934,255256,0.0,0.0
1996-07-03 00:00:00-04:00,3.559728522260379,3.7446496591592884,3.513498320061106,3.652189254760742,139535,0.0,0.0
1996-07-05 00:00:00-04:00,3.7908798613585613,3.7908798613585613,3.652189254760742,3.652189254760742,10047,0.0,0.0
1996-07-08 00:00:00-04:00,3.652189254760742,3.698419785061832,3.652189254760742,3.652189254760742,20837,0.0,0.0
1996-07-09 00:00:00-04:00,3.6059603691101074,3.6059603691101074,3.6059603691101074,3.6059603691101074,41302,0.0,0.0
1996-07-10 00:00:00-04:00,3.6059603691101074,3.6059603691101074,3.6059603691101074,3.6059603691101074,8930,0.0,0.0
1996-07-11 00:00:00-04:00,3.605958848154988,3.7446494468910263,3.605958848154988,3.6290736198425293,104930,0.0,0.0
1996-07-12 00:00:00-04:00,3.6059603691101074,3.6059603691101074,3.6059603691101074,3.6059603691101074,744,0.0,0.0
1996-07-15 00:00:00-04:00,3.605958793719199,3.6984195195825635,3.513498067855835,3.513498067855835,151070,0.0,0.0
1996-07-16 00:00:00-04:00,3.467268679771538,3.467268679771538,3.189886791667608,3.2823472023010254,174884,0.0,0.0
1996-07-17 00:00:00-04:00,3.4672697118758484,3.6059603691101074,3.4672697118758484,3.6059603691101074,62512,0.0,0.0
1996-07-18 00:00:00-04:00,3.69842071659912,3.7908808161841763,3.6521901746537426,3.7446506023406982,139535,0.0,0.0
1996-07-19 00:00:00-04:00,3.7908798613585613,3.7908798613585613,3.652189254760742,3.652189254760742,15628,0.0,0.0
1996-07-22 00:00:00-04:00,3.790881745341853,3.790881745341853,3.559730291366577,3.559730291366577,33116,0.0,0.0
1996-07-23 00:00:00-04:00,3.5134997909115353,3.5597300124640876,3.467269897460938,3.4672698974609375,115721,0.0,0.0
1996-07-24 00:00:00-04:00,3.513498806402937,3.513498806402937,3.4210383892059326,3.4210383892059326,1116,0.0,0.0
1996-07-25 00:00:00-04:00,3.513498067855835,3.513498067855835,3.513498067855835,3.513498067855835,27535,0.0,0.0
1996-07-26 00:00:00-04:00,3.4672701691192387,3.559730291366577,3.4672701691192387,3.559730291366577,58419,0.0,0.0
1996-07-29 00:00:00-04:00,3.559730291366577,3.559730291366577,3.559730291366577,3.559730291366577,0,0.0,0.0
1996-07-30 00:00:00-04:00,3.513500066191918,3.559730291366577,3.513500066191918,3.559730291366577,11163,0.0,0.0
1996-07-31 00:00:00-04:00,3.559730291366577,3.559730291366577,3.559730291366577,3.559730291366577,744,0.0,0.0
1996-08-01 00:00:00-04:00,3.4672697118758484,3.6059603691101074,3.4672697118758484,3.6059603691101074,11163,0.0,0.0
1996-08-02 00:00:00-04:00,3.467269897460938,3.467269897460938,3.467269897460938,3.4672698974609375,4465,0.0,0.0
1996-08-05 00:00:00-04:00,3.4672681388245237,3.4903829097747803,3.4672681388245237,3.4903829097747803,1488,0.0,0.0
1996-08-06 00:00:00-04:00,3.513497663633863,3.6984190940856934,3.513497663633863,3.6984190940856934,186791,0.0,0.0
1996-08-07 00:00:00-04:00,3.6984193347954952,4.022030710792141,3.6984193347954952,3.9758005142211914,284280,0.0,0.0
1996-08-08 00:00:00-04:00,3.883340121079293,4.022030710792141,3.883340121079293,3.9758005142211914,171535,0.0,0.0
1996-08-09 00:00:00-04:00,3.9758007897739165,3.9758007897739165,3.8371101904487728,3.860224962234497,11163,0.0,0.0
1996-08-12 00:00:00-04:00,3.837111572815552,3.9295716775737417,3.837111572815552,3.8833417892456055,52837,0.0,0.0
1996-08-13 00:00:00-04:00,3.790879964828491,3.9295705752117924,3.790879964828491,3.790879964828491,55814,0.0,0.0
1996-08-14 00:00:00-04:00,3.7908810282835805,3.883341789245606,3.7908810282835805,3.8833417892456055,17488,0.0,0.0
1996-08-15 00:00:00-04:00,3.744649761367391,3.790879964828491,3.744649761367391,3.790879964828491,22326,0.0,0.0
1996-08-16 00:00:00-04:00,3.7446493184834306,3.837110042572022,3.7446493184834306,3.8371100425720215,66605,0.0,0.0
1996-08-19 00:00:00-04:00,3.8371113581295537,3.8371113581295537,3.7446506023406982,3.7446506023406982,14140,0.0,0.0
1996-08-20 00:00:00-04:00,3.744652222744124,3.837113018543047,3.744652222744124,3.7677676677703857,21954,0.0,0.0
1996-08-21 00:00:00-04:00,3.744650931801021,3.744650931801021,3.6521904959792493,3.6753056049346924,50233,0.0,0.0
1996-08-22 00:00:00-04:00,3.7446489595460175,3.7446489595460175,3.652188572421858,3.6984190940856934,261954,0.0,0.0
1996-08-23 00:00:00-04:00,3.652189254760742,3.698419785061832,3.652189254760742,3.652189254760742,197582,0.0,0.0
1996-08-26 00:00:00-04:00,3.698419785061832,3.698419785061832,3.652189254760742,3.652189254760742,40186,0.0,0.0
1996-08-27 00:00:00-04:00,3.6521904959792493,3.6753056049346924,3.6521904959792493,3.6753056049346924,68837,0.0,0.0
1996-08-28 00:00:00-04:00,3.6984190940856934,3.6984190940856934,3.6984190940856934,3.6984190940856934,2977,0.0,0.0
1996-08-29 00:00:00-04:00,3.6521904959792493,3.6984210419920633,3.6521904959792493,3.6753056049346924,35721,0.0,0.0
1996-08-30 00:00:00-04:00,3.652189254760742,3.652189254760742,3.652189254760742,3.652189254760742,4837,0.0,0.0
1996-09-03 00:00:00-04:00,3.6984190940856934,3.7446489595460175,3.652188572421858,3.6984190940856934,36837,0.0,0.0
1996-09-04 00:00:00-04:00,3.652189254760742,3.652189254760742,3.652189254760742,3.652189254760742,3721,0.0,0.0
1996-09-05 00:00:00-04:00,3.6984190940856934,3.6984190940856934,3.6984190940856934,3.6984190940856934,10791,0.0,0.0
1996-09-06 00:00:00-04:00,3.7446506023406982,3.7446506023406982,3.7446506023406982,3.7446506023406982,2977,0.0,0.0
1996-09-09 00:00:00-04:00,3.6753043558603786,3.6753043558603786,3.652189254760742,3.652189254760742,5954,0.0,0.0
1996-09-10 00:00:00-04:00,3.744650931801021,3.744650931801021,3.6521904959792493,3.6753056049346924,20093,0.0,0.0
1996-09-11 00:00:00-04:00,3.698419785061832,3.698419785061832,3.652189254760742,3.652189254760742,4465,0.0,0.0
1996-09-12 00:00:00-04:00,3.652189254760742,3.652189254760742,3.652189254760742,3.652189254760742,4465,0.0,0.0
1996-09-13 00:00:00-04:00,3.652188572421858,3.7446489595460175,3.652188572421858,3.6984190940856934,4465,0.0,0.0
1996-09-16 00:00:00-04:00,3.744650310964184,3.744650310964184,3.6753049955948245,3.7215352058410645,18233,0.0,0.0
1996-09-17 00:00:00-04:00,3.652189254760742,3.7446496591592884,3.652189254760742,3.652189254760742,16000,0.0,0.0
1996-09-18 00:00:00-04:00,3.6521898904717043,3.744650310964184,3.6521898904717043,3.7215352058410645,50233,0.0,0.0
1996-09-19 00:00:00-04:00,3.652188572421858,3.6984190940856934,3.652188572421858,3.6984190940856934,2233,0.0,0.0
1996-09-20 00:00:00-04:00,3.7446489595460175,3.7446489595460175,3.652188572421858,3.6984190940856934,11535,0.0,0.0
1996-09-23 00:00:00-04:00,3.652189254760742,3.652189254760742,3.652189254760742,3.652189254760742,372,0.0,0.0
1996-09-24 00:00:00-04:00,3.652189254760742,3.652189254760742,3.652189254760742,3.652189254760742,0,0.0,0.0
1996-09-25 00:00:00-04:00,3.652189254760742,3.652189254760742,3.652189254760742,3.652189254760742,0,0.0,0.0
1996-09-26 00:00:00-04:00,3.744650931801021,3.744650931801021,3.6521904959792493,3.6753056049346924,4837,0.0,0.0
1996-09-27 00:00:00-04:00,3.7446496591592884,3.7446496591592884,3.652189254760742,3.652189254760742,22326,0.0,0.0
1996-09-30 00:00:00-04:00,3.744650931801021,3.744650931801021,3.6521904959792493,3.6753056049346924,210233,0.0,0.0
1996-10-01 00:00:00-04:00,3.6521910698178757,3.6984216230945144,3.559730291366577,3.559730291366577,130977,0.0,0.0
1996-10-02 00:00:00-04:00,3.6059596003846357,3.6059596003846357,3.559729063060128,3.5828444957733154,882234,0.0,0.0
1996-10-03 00:00:00-04:00,3.559730291366577,3.559730291366577,3.559730291366577,3.559730291366577,23070,0.0,0.0
1996-10-04 00:00:00-04:00,3.559730291366577,3.559730291366577,3.559730291366577,3.559730291366577,1116,0.0,0.0
1996-10-07 00:00:00-04:00,3.559729063060128,3.5828444957733154,3.559729063060128,3.5828444957733154,44279,0.0,0.0
1996-10-08 00:00:00-04:00,3.5597298219300844,3.6059603691101074,3.5597298219300844,3.6059603691101074,34605,0.0,0.0
1996-10-09 00:00:00-04:00,3.559730291366577,3.6059608446432163,3.559730291366577,3.559730291366577,5209,0.0,0.0
1996-10-10 00:00:00-04:00,3.5597298219300844,3.6059603691101074,3.5597298219300844,3.6059603691101074,5954,0.0,0.0
1996-10-11 00:00:00-04:00,3.559729063060128,3.6059596003846357,3.559729063060128,3.5828444957733154,40930,0.0,0.0
1996-10-14 00:00:00-04:00,3.605958848154988,3.6290736198425293,3.605958848154988,3.6290736198425293,154419,0.0,0.0
1996-10-15 00:00:00-04:00,3.6521905881881938,3.6521905881881938,3.6059603691101074,3.6059603691101074,29395,0.0,0.0
1996-10-16 00:00:00-04:00,3.652188572421858,3.8833398683340126,3.652188572421858,3.6984190940856934,143256,0.0,0.0
1996-10-17 00:00:00-04:00,3.7446496591592884,3.7446496591592884,3.652189254760742,3.652189254760742,13395,0.0,0.0
1996-10-18 00:00:00-04:00,3.6059608446432163,3.6059608446432163,3.4210396158425995,3.559730291366577,61768,0.0,0.0
1996-10-21 00:00:00-04:00,3.3748079410362815,3.5134985569864075,3.2823472023010254,3.2823472023010254,47628,0.0,0.0
1996-10-22 00:00:00-04:00,3.3748077319135437,3.3748077319135437,3.2361171245574956,3.236117124557495,3349,0.0,0.0
1996-10-23 00:00:00-04:00,3.2361173420563665,3.282347219513666,3.1898868083953857,3.1898868083953857,17861,0.0,0.0
1996-10-24 00:00:00-04:00,3.143656529283982,3.236117266340795,3.097426652908325,3.097426652908325,13395,0.0,0.0
1996-10-25 00:00:00-04:00,3.189886733761472,3.189886733761472,3.097426652908325,3.097426652908325,5209,0.0,0.0
1996-10-28 00:00:00-05:00,3.097426146577576,3.1436560153961186,3.097426146577576,3.143656015396118,1488,0.0,0.0
1996-10-29 00:00:00-05:00,3.1898862123164404,3.1898862123164404,3.097426146577576,3.143656015396118,36837,0.0,0.0
1996-10-30 00:00:00-05:00,3.0974267253789467,3.1898868083953857,3.0974267253789467,3.1898868083953857,119814,0.0,0.0
1996-10-31 00:00:00-05:00,3.1898868083953857,3.1898868083953857,3.1898868083953857,3.1898868083953857,0,0.0,0.0
1996-11-01 00:00:00-05:00,3.189886733761472,3.189886733761472,3.097426652908325,3.097426652908325,11535,0.0,0.0
1996-11-04 00:00:00-05:00,3.14365638942788,3.14365638942788,2.9587359078465614,3.0049657821655273,30512,0.0,0.0
1996-11-05 00:00:00-05:00,2.912505797945096,2.9587366684541676,2.773815155029297,2.773815155029297,124279,0.0,0.0
1996-11-06 00:00:00-05:00,2.773813697905778,2.9125042679654616,2.773813697905778,2.796929121017456,996839,0.0,0.0
1996-11-07 00:00:00-05:00,2.773814082665952,2.912504671963628,2.7275842143351694,2.8200442790985107,48744,0.0,0.0
1996-11-08 00:00:00-05:00,2.8200442790985107,2.8200442790985107,2.8200442790985107,2.8200442790985107,5209,0.0,0.0
1996-11-11 00:00:00-05:00,2.681354562367813,2.8200453693345633,2.681354562367813,2.773815155029297,18977,0.0,0.0
1996-11-12 00:00:00-05:00,2.773814111743066,2.866274833679199,2.681353553857823,2.866274833679199,17861,0.0,0.0
1996-11-13 00:00:00-05:00,2.7738141789315782,2.7738141789315782,2.727584308996381,2.768035650253296,19349,0.0,0.0
1996-11-14 00:00:00-05:00,2.768035650253296,2.768035650253296,2.768035650253296,2.768035650253296,3721,0.0,0.0
1996-11-15 00:00:00-05:00,2.773815155029297,2.773815155029297,2.768036624317566,2.773815155029297,7442,0.0,0.0
1996-11-18 00:00:00-05:00,2.7738138807992927,2.7738138807992927,2.6813533306121826,2.6813533306121826,24930,0.0,0.0
1996-11-19 00:00:00-05:00,2.681354562367813,2.773815155029297,2.681354562367813,2.773815155029297,4093,0.0,0.0
1996-11-20 00:00:00-05:00,2.7275852688259334,2.8200453693345633,2.681354562367813,2.773815155029297,206512,0.0,0.0
1996-11-21 00:00:00-05:00,2.727584705749437,2.727584705749437,2.6351239681243896,2.6351239681243896,310698,0.0,0.0
1996-11-22 00:00:00-05:00,2.6351239681243896,2.6351239681243896,2.6351239681243896,2.6351239681243896,0,0.0,0.0
1996-11-25 00:00:00-05:00,2.866274833679199,2.866274833679199,2.7275842429276684,2.866274833679199,53582,0.0,0.0
1996-11-26 00:00:00-05:00,2.7275842429276684,2.866274833679199,2.7275842429276684,2.866274833679199,1488,0.0,0.0
1996-11-27 00:00:00-05:00,2.8662748036328454,2.8662748036328454,2.8200442790985107,2.8200442790985107,11535,0.0,0.0
1996-11-29 00:00:00-05:00,2.8200442790985107,2.8200442790985107,2.8200442790985107,2.8200442790985107,0,0.0,0.0
1996-12-02 00:00:00-05:00,2.7738139084671154,2.866274623627365,2.7738139084671154,2.8431591987609863,43535,0.0,0.0
1996-12-03 00:00:00-05:00,2.86627551339257,2.9125053931709988,2.86627551339257,2.8893909454345703,32744,0.0,0.0
1996-12-04 00:00:00-05:00,2.8431600813505704,2.8893909454345703,2.8431600813505704,2.8893909454345703,52837,0.0,0.0
1996-12-05 00:00:00-05:00,2.8200449726552246,2.9125053882598877,2.8200449726552246,2.9125053882598877,10047,0.0,0.0
1996-12-06 00:00:00-05:00,2.7738144747666706,2.958735942840576,2.7738144747666706,2.958735942840576,33488,0.0,0.0
1996-12-09 00:00:00-05:00,2.958735942840576,3.0511960206738844,2.958735942840576,2.958735942840576,16000,0.0,0.0
1996-12-10 00:00:00-05:00,3.0511956213479063,3.0511956213479063,2.866274833679199,2.866274833679199,6698,0.0,0.0
1996-12-11 00:00:00-05:00,3.051196191717966,3.213001911174956,3.051196191717966,3.1898868083953857,129117,0.0,0.0
1996-12-12 00:00:00-05:00,3.189886733761472,3.189886733761472,3.097426652908325,3.097426652908325,46140,0.0,0.0
1996-12-13 00:00:00-05:00,3.097427844733858,3.097427844733858,3.0165247917175293,3.0165247917175293,63256,0.0,0.0
1996-12-16 00:00:00-05:00,3.028081178665161,3.028081178665161,3.028081178665161,3.028081178665161,7070,0.0,0.0
1996-12-17 00:00:00-05:00,2.958735942840576,2.958735942840576,2.958735942840576,2.958735942840576,744,0.0,0.0
1996-12-18 00:00:00-05:00,3.028081247291924,3.028081247291924,2.958735942840576,2.958735942840576,29768,0.0,0.0
1996-12-19 00:00:00-05:00,2.958735942840576,2.958735942840576,2.958735942840576,2.958735942840576,0,0.0,0.0
1996-12-20 00:00:00-05:00,2.958735942840576,2.958735942840576,2.958735942840576,2.958735942840576,0,0.0,0.0
1996-12-23 00:00:00-05:00,3.0049657496034317,3.0974264815449053,2.958735875785417,3.028081178665161,77396,0.0,0.0
1996-12-24 00:00:00-05:00,3.028081178665161,3.028081178665161,3.028081178665161,3.028081178665161,0,0.0,0.0
1996-12-26 00:00:00-05:00,2.9587359404047846,2.9818503856658936,2.9587359404047846,2.9818503856658936,5954,0.0,0.0
1996-12-27 00:00:00-05:00,2.9818503856658936,2.9818503856658936,2.9818503856658936,2.9818503856658936,0,0.0,0.0
1996-12-30 00:00:00-05:00,2.958735942840576,2.958735942840576,2.9125050836693664,2.958735942840576,26791,0.0,0.0
1996-12-31 00:00:00-05:00,3.0049657821655273,3.0049657821655273,2.8662751749031745,3.0049657821655273,1488,0.0,0.0
1997-01-02 00:00:00-05:00,2.866274833679199,2.866274833679199,2.866274833679199,2.866274833679199,2605,0.0,0.0
1997-01-03 00:00:00-05:00,2.8662755085594127,2.9587362522659326,2.8662755085594127,2.9125053882598877,20837,0.0,0.0
1997-01-06 00:00:00-05:00,3.0049657821655273,3.0049657821655273,3.0049657821655273,3.0049657821655273,1860,0.0,0.0
1997-01-07 00:00:00-05:00,2.8662752064439503,2.9818503856658936,2.8662752064439503,2.9818503856658936,26047,0.0,0.0
1997-01-08 00:00:00-05:00,2.8662752064439503,2.9818503856658936,2.8662752064439503,2.9818503856658936,4093,0.0,0.0
1997-01-09 00:00:00-05:00,2.9125053931709988,3.0049661370334273,2.8893909454345703,2.8893909454345703,787350,0.0,0.0
1997-01-10 00:00:00-05:00,2.866275208803623,2.970293001429734,2.866275208803623,2.958735942840576,346047,0.0,0.0
1997-01-13 00:00:00-05:00,2.9702933120637307,3.0049661319664076,2.889390940562435,2.9125053882598877,471071,0.0,0.0
1997-01-14 00:00:00-05:00,2.889390940562435,2.981850699963385,2.889390940562435,2.9125053882598877,506048,0.0,0.0
1997-01-15 00:00:00-05:00,2.9125053931709988,2.935620825212999,2.8893909454345703,2.8893909454345703,286512,0.0,0.0
1997-01-16 00:00:00-05:00,3.0049661319664076,3.0049661319664076,2.9125053882598877,2.9125053882598877,325954,0.0,0.0
1997-01-17 00:00:00-05:00,2.889390940562435,3.0049661319664076,2.889390940562435,2.9125053882598877,148093,0.0,0.0
1997-01-20 00:00:00-05:00,3.004965817706319,3.004965817706319,2.9125050836693664,2.958735942840576,541024,0.0,0.0
1997-01-21 00:00:00-05:00,3.0049659158515123,3.236117266340795,2.912505178794699,3.097426652908325,1148281,0.0,0.0
1997-01-22 00:00:00-05:00,3.16677195962456,3.189886733761472,3.097426652908325,3.097426652908325,942886,0.0,0.0
1997-01-23 00:00:00-05:00,3.097426652908325,3.189886733761472,3.097426652908325,3.097426652908325,350140,0.0,0.0
1997-01-24 00:00:00-05:00,3.051196052139419,3.14365645902805,3.004965848695104,3.062753438949585,134698,0.0,0.0
1997-01-27 00:00:00-05:00,3.051196120329002,3.143656529283982,3.051196120329002,3.097426652908325,107535,0.0,0.0
1997-01-28 00:00:00-05:00,3.1436560153961186,3.1436560153961186,3.051195621555475,3.143656015396118,40558,0.0,0.0
1997-01-29 00:00:00-05:00,3.1436563915516444,3.2361171245574956,3.097426517201447,3.236117124557495,119814,0.0,0.0
1997-01-30 00:00:00-05:00,3.1898865940036605,3.282346998907693,3.1898865940036605,3.236117124557495,98977,0.0,0.0
1997-01-31 00:00:00-05:00,3.2823474353085635,3.467268925906297,3.236117554811923,3.4210383892059326,194605,0.0,0.0
1997-02-03 00:00:00-05:00,3.4210393478064316,3.5134997909115353,3.4210393478064316,3.4672698974609375,294698,0.0,0.0
1997-02-04 00:00:00-05:00,3.5134997909115353,3.5134997909115353,3.4441544585827075,3.4672698974609375,397768,0.0,0.0
1997-02-05 00:00:00-05:00,3.49038434032107,3.49038434032107,3.4210390147435117,3.455711841583252,101210,0.0,0.0
1997-02-06 00:00:00-05:00,3.4210388110523775,3.4210388110523775,3.32857871055603,3.3285787105560303,362047,0.0,0.0
1997-02-07 00:00:00-05:00,3.4210381463529904,3.4210381463529904,3.2823472023010254,3.2823472023010254,9302,0.0,0.0
1997-02-10 00:00:00-05:00,3.3054606606801356,3.3748059272766113,3.3054606606801356,3.3748059272766113,13767,0.0,0.0
1997-02-11 00:00:00-05:00,3.374807801321647,3.421038004724458,3.328577926020661,3.397923231124878,215442,0.0,0.0
1997-02-12 00:00:00-05:00,3.444151193873087,3.444151193873087,3.328576077647271,3.3748059272766113,137675,0.0,0.0
1997-02-13 00:00:00-05:00,3.32857871055603,3.32857871055603,3.32857871055603,3.3285787105560303,1116,0.0,0.0
1997-02-14 00:00:00-05:00,3.32857871055603,3.44415391820194,3.32857871055603,3.3285787105560303,54326,0.0,0.0
1997-02-18 00:00:00-05:00,3.4441532490113445,3.4441532490113445,3.2823472023010254,3.2823472023010254,9674,0.0,0.0
1997-02-19 00:00:00-05:00,3.421039389900608,3.4441545009613037,3.305463834597129,3.4441545009613037,62512,0.0,0.0
1997-02-20 00:00:00-05:00,3.305462598800659,3.305462598800659,3.305462598800659,3.305462598800659,18977,0.0,0.0
1997-02-21 00:00:00-05:00,3.4210383892059326,3.4210383892059326,3.4210383892059326,3.4210383892059326,372,0.0,0.0
1997-02-24 00:00:00-05:00,3.305463275304565,3.4210388110523775,3.305463275304565,3.3285787105560303,119814,0.0,0.0
1997-02-25 00:00:00-05:00,3.305462598800659,3.328578029321265,3.305462598800659,3.305462598800659,7070,0.0,0.0
1997-02-26 00:00:00-05:00,3.305462598800659,3.328578029321265,3.282347168280053,3.305462598800659,27907,0.0,0.0
1997-02-27 00:00:00-05:00,3.2823472023010254,3.2823472023010254,3.2823472023010254,3.2823472023010254,2605,0.0,0.0
1997-02-28 00:00:00-05:00,3.2823472023010254,3.305462633061219,3.236117325086156,3.2823472023010254,63628,0.0,0.0
1997-03-03 00:00:00-05:00,3.2361171245574956,3.2361171245574956,3.2130016952296687,3.236117124557495,28279,0.0,0.0
1997-03-04 00:00:00-05:00,3.213001911174956,3.3285780812764876,3.1667720337176566,3.1898868083953857,173768,0.0,0.0
1997-03-05 00:00:00-05:00,3.2361164629785173,3.2361164629785173,3.1205406523745247,3.166771173477173,43163,0.0,0.0
1997-03-06 00:00:00-05:00,3.2361171245574956,3.2361171245574956,3.2361171245574956,3.236117124557495,744,0.0,0.0
1997-03-07 00:00:00-05:00,3.2361159337627186,3.2361159337627186,3.120540142059326,3.120540142059326,30512,0.0,0.0
1997-03-10 00:00:00-05:00,3.097426517201447,3.2361171245574956,3.097426517201447,3.236117124557495,1116,0.0,0.0
1997-03-11 00:00:00-05:00,3.1898882835190516,3.2361188385587702,3.166773498152181,3.213003396987915,98233,0.0,0.0
1997-03-12 00:00:00-05:00,3.1667718208794713,3.2361171245574956,3.1667718208794713,3.236117124557495,15628,0.0,0.0
1997-03-13 00:00:00-05:00,3.1667720337176566,3.2361173420563665,3.143656602836246,3.1898868083953857,18605,0.0,0.0
1997-03-14 00:00:00-05:00,3.143655748874973,3.166771173477173,3.143655748874973,3.166771173477173,110140,0.0,0.0
1997-03-17 00:00:00-05:00,3.1436560153961186,3.1436560153961186,3.1436560153961186,3.143656015396118,4093,0.0,0.0
1997-03-18 00:00:00-05:00,3.1436560153961186,3.213001310776601,3.1436560153961186,3.143656015396118,6326,0.0,0.0
1997-03-19 00:00:00-05:00,3.213001038376318,3.213001038376318,3.143655748874973,3.166771173477173,62884,0.0,0.0
1997-03-20 00:00:00-05:00,3.2130033969879146,3.2130033969879146,3.0974281577455915,3.213003396987915,50977,0.0,0.0
1997-03-21 00:00:00-05:00,3.051197602705873,3.2130033969879146,3.051197602705873,3.213003396987915,2605,0.0,0.0
1997-03-24 00:00:00-05:00,3.0974266305736036,3.1320987915289598,3.0511960983276367,3.0511960983276367,11907,0.0,0.0
1997-03-25 00:00:00-05:00,3.074310302734375,3.0974257261588205,3.0511952074116646,3.074310302734375,66605,0.0,0.0
1997-03-26 00:00:00-05:00,3.05119536287318,3.213001038376318,3.05119536287318,3.166771173477173,7814,0.0,0.0
1997-03-27 00:00:00-05:00,3.0511960983276367,3.1436565066159092,3.0511960983276367,3.0511960983276367,34605,0.0,0.0
1997-03-31 00:00:00-05:00,3.0511952074116646,3.120540493379796,3.028080440190689,3.074310302734375,18977,0.0,0.0
1997-04-01 00:00:00-05:00,3.074310302734375,3.074310302734375,3.074310302734375,3.074310302734375,14512,0.0,0.0
1997-04-02 00:00:00-05:00,3.097426549193303,3.097426549193303,2.9818503856658936,2.9818503856658936,93023,0.0,0.0
1997-04-03 00:00:00-05:00,2.9818503205417017,3.074311052483176,2.9818503205417017,3.028081178665161,144744,0.0,0.0
1997-04-04 00:00:00-05:00,3.028081178665161,3.028081178665161,3.028081178665161,3.028081178665161,6326,0.0,0.0
1997-04-07 00:00:00-04:00,3.1436560153961186,3.1436560153961186,3.004965424635153,3.143656015396118,38698,0.0,0.0
1997-04-08 00:00:00-04:00,3.074311052483176,3.074311052483176,3.028081178665161,3.028081178665161,2977,0.0,0.0
1997-04-09 00:00:00-04:00,3.05119486389831,3.1436552347796654,3.05119486389831,3.120540142059326,107907,0.0,0.0
1997-04-10 00:00:00-04:00,3.0511960983276367,3.0511960983276367,3.0511960983276367,3.0511960983276367,1116,0.0,0.0
1997-04-11 00:00:00-04:00,3.120540142059326,3.120540142059326,3.120540142059326,3.120540142059326,372,0.0,0.0
1997-04-14 00:00:00-04:00,3.097426652908325,3.097426652908325,3.097426652908325,3.097426652908325,372,0.0,0.0
1997-04-15 00:00:00-04:00,3.16677195962456,3.16677195962456,3.051196120329002,3.097426652908325,280931,0.0,0.0
1997-04-16 00:00:00-04:00,3.1898867107600455,3.1898867107600455,3.0511960983276367,3.0511960983276367,5209,0.0,0.0
1997-04-17 00:00:00-04:00,3.143656602836246,3.1898868083953857,3.143656602836246,3.1898868083953857,44651,0.0,0.0
1997-04-18 00:00:00-04:00,3.1205412903256367,3.2361171245574956,3.1205412903256367,3.236117124557495,1488,0.0,0.0
1997-04-21 00:00:00-04:00,3.2361171245574956,3.2361171245574956,3.2361171245574956,3.236117124557495,8558,0.0,0.0
1997-04-22 00:00:00-04:00,3.2361171245574956,3.2361171245574956,3.1898865940036605,3.236117124557495,30140,0.0,0.0
1997-04-23 00:00:00-04:00,3.189886791667608,3.328578063821412,3.189886791667608,3.2823472023010254,89675,0.0,0.0
1997-04-24 00:00:00-04:00,3.2592318058013916,3.3054623350519514,3.2592318058013916,3.2592318058013916,11163,0.0,0.0
1997-04-25 00:00:00-04:00,3.328577763728136,3.328577763728136,3.2592318058013916,3.2592318058013916,4093,0.0,0.0
1997-04-28 00:00:00-04:00,3.259232099642671,3.328578063821412,3.259232099642671,3.2823472023010254,3721,0.0,0.0
1997-04-29 00:00:00-04:00,3.259232099642671,3.328578063821412,3.259232099642671,3.2823472023010254,62512,0.0,0.0
1997-04-30 00:00:00-04:00,3.2823472023010254,3.2823472023010254,3.2823472023010254,3.2823472023010254,0,0.0,0.0
1997-05-01 00:00:00-04:00,3.259232065861283,3.328578029321265,3.259232065861283,3.305462598800659,129861,0.0,0.0
1997-05-02 00:00:00-04:00,3.328577926020661,3.397923231124878,3.282347066414199,3.397923231124878,46140,0.0,0.0
1997-05-05 00:00:00-04:00,3.2823472023010254,3.2823472023010254,3.2823472023010254,3.2823472023010254,26047,0.0,0.0
1997-05-06 00:00:00-04:00,3.2361171245574956,3.3285778575633462,3.2130016952296687,3.236117124557495,100837,0.0,0.0
1997-05-07 00:00:00-04:00,3.32857871055603,3.32857871055603,3.32857871055603,3.3285787105560303,10047,0.0,0.0
1997-05-08 00:00:00-04:00,3.328579273759783,3.467269940123958,3.2361185014150413,3.4441545009613037,103070,0.0,0.0
1997-05-09 00:00:00-04:00,3.4672666108402224,3.4672666108402224,3.328576077647271,3.3748059272766113,23814,0.0,0.0
1997-05-12 00:00:00-04:00,3.374807971067662,3.4210381767957587,3.363250255584717,3.363250255584717,35721,0.0,0.0
1997-05-13 00:00:00-04:00,3.4210393478064316,3.467269897460938,3.328579232803282,3.4672698974609375,17488,0.0,0.0
1997-05-14 00:00:00-04:00,3.4210361050075955,3.4210361050075955,3.3748059272766113,3.3748059272766113,2605,0.0,0.0
1997-05-15 00:00:00-04:00,3.467269897460938,3.467269897460938,3.3748091262538797,3.4672698974609375,14884,0.0,0.0
1997-05-16 00:00:00-04:00,3.467269897460938,3.467269897460938,3.467269897460938,3.4672698974609375,0,0.0,0.0
1997-05-19 00:00:00-04:00,3.467269897460938,3.467269897460938,3.467269897460938,3.4672698974609375,1116,0.0,0.0
1997-05-20 00:00:00-04:00,3.467268925906297,3.467268925906297,3.4210383892059326,3.4210383892059326,2233,0.0,0.0
1997-05-21 00:00:00-04:00,3.467269897460938,3.6059605621185935,3.467269897460938,3.4672698974609375,67349,0.0,0.0
1997-05-22 00:00:00-04:00,3.467269897460938,3.6059605621185935,3.467269897460938,3.4672698974609375,13767,0.0,0.0
1997-05-23 00:00:00-04:00,3.467269897460938,3.467269897460938,3.467269897460938,3.4672698974609375,1488,0.0,0.0
1997-05-27 00:00:00-04:00,3.4672697118758484,3.6059603691101074,3.4672697118758484,3.6059603691101074,8558,0.0,0.0
1997-05-28 00:00:00-04:00,3.4672697118758484,3.6059603691101074,3.4672697118758484,3.6059603691101074,8558,0.0,0.0
1997-05-29 00:00:00-04:00,3.467269897460938,3.467269897460938,3.467269897460938,3.4672698974609375,372,0.0,0.0
1997-05-30 00:00:00-04:00,3.605958793719199,3.605958793719199,3.421037670094264,3.513498067855835,24558,0.0,0.0
1997-06-02 00:00:00-04:00,3.421039389900608,3.559730056264783,3.421039389900608,3.4441545009613037,36093,0.0,0.0
1997-06-03 00:00:00-04:00,3.4441527695346568,3.513498067855835,3.3748074712134786,3.513498067855835,25302,0.0,0.0
1997-06-04 00:00:00-04:00,3.513498067855835,3.513498067855835,3.513498067855835,3.513498067855835,0,0.0,0.0
1997-06-05 00:00:00-04:00,3.3748079060569696,3.467268643833886,3.305462598800659,3.305462598800659,99349,0.0,0.0
1997-06-06 00:00:00-04:00,3.328576077647271,3.3748059272766113,3.3054606606801356,3.3748059272766113,14512,0.0,0.0
1997-06-09 00:00:00-04:00,3.3748059272766113,3.3748059272766113,3.328576077647271,3.3748059272766113,16744,0.0,0.0
1997-06-10 00:00:00-04:00,3.3748059272766113,3.3748059272766113,3.3748059272766113,3.3748059272766113,0,0.0,0.0
1997-06-11 00:00:00-04:00,3.32857871055603,3.3632508791275195,3.32857871055603,3.3285787105560303,94140,0.0,0.0
1997-06-12 00:00:00-04:00,3.328578029321265,3.328578029321265,3.282347168280053,3.305462598800659,240000,0.0,0.0
1997-06-13 00:00:00-04:00,3.3054636509947297,3.317021369934082,3.2823482131160255,3.317021369934082,75163,0.0,0.0
1997-06-16 00:00:00-04:00,3.4210383892059326,3.4210383892059326,3.4210383892059326,3.4210383892059326,1116,0.0,0.0
1997-06-17 00:00:00-04:00,3.2823482131160255,3.317021369934082,3.2823482131160255,3.317021369934082,30140,0.0,0.0
1997-06-18 00:00:00-04:00,3.3979228449512564,3.3979228449512564,3.2522971630096436,3.2522971630096436,3544,0.0,1.05
1997-06-19 00:00:00-04:00,2.912504557485624,3.130942899652234,2.912504557485624,3.1066715717315674,273223,0.0,0.0
1997-06-20 00:00:00-04:00,3.1066732348242407,3.2037572860717773,3.058131537302411,3.2037572860717773,130764,0.0,0.0
1997-06-23 00:00:00-04:00,3.1066715717315674,3.2037555710071834,3.058129900195522,3.1066715717315674,92492,0.0,0.0
1997-06-24 00:00:00-04:00,3.155213571369375,3.155213571369375,3.0824012281161894,3.1066715717315674,71938,0.0,0.0
1997-06-25 00:00:00-04:00,3.155215260448009,3.2037572860717773,3.0824028782162336,3.2037572860717773,100288,0.0,0.0
1997-06-26 00:00:00-04:00,3.252298655491668,3.300840353013498,3.155215260448009,3.2037572860717773,142459,0.0,0.0
1997-06-27 00:00:00-04:00,3.2522966102927455,3.2765679359436035,3.2037552713979593,3.2765679359436035,53511,0.0,0.0
1997-06-30 00:00:00-04:00,3.3008401396086704,3.349382162094116,3.3008401396086704,3.349382162094116,118716,0.0,0.0
1997-07-01 00:00:00-04:00,3.3736523576548114,3.3736523576548114,3.30083966255188,3.30083966255188,43234,0.0,0.0
1997-07-02 00:00:00-04:00,3.3008397551717534,3.3979237888356164,3.3008397551717534,3.32511043548584,13112,0.0,0.0
1997-07-03 00:00:00-04:00,3.3979236934916153,3.3979236934916153,3.30083966255188,3.30083966255188,5670,0.0,0.0
1997-07-07 00:00:00-04:00,3.3008401396086704,3.422194867720367,3.3008401396086704,3.349382162094116,27287,0.0,0.0
1997-07-08 00:00:00-04:00,3.349382162094116,3.349382162094116,3.349382162094116,3.349382162094116,0,0.0,0.0
1997-07-09 00:00:00-04:00,3.32511043548584,3.32511043548584,3.32511043548584,3.32511043548584,1418,0.0,0.0
1997-07-10 00:00:00-04:00,3.312974656727134,3.3736515045166016,3.300838827826739,3.3736515045166016,227154,0.0,0.0
1997-07-11 00:00:00-04:00,3.3736515045166016,3.3736515045166016,3.3736515045166016,3.3736515045166016,5670,0.0,0.0
1997-07-14 00:00:00-04:00,3.3736518985907553,3.42219390745535,3.3493812222602832,3.397923231124878,180377,0.0,0.0
1997-07-15 00:00:00-04:00,3.42219390745535,3.42219390745535,3.3493812222602832,3.397923231124878,41462,0.0,0.0
1997-07-16 00:00:00-04:00,3.42219352722168,3.42219352722168,3.3736515237504987,3.4221935272216797,74064,0.0,0.0
1997-07-17 00:00:00-04:00,3.3736515045166016,3.4221935077110346,3.3736515045166016,3.3736515045166016,4607,0.0,0.0
1997-07-18 00:00:00-04:00,3.3736518985907553,3.42219390745535,3.3736518985907553,3.397923231124878,72647,0.0,0.0
1997-07-21 00:00:00-04:00,3.3736515045166016,3.49500585629911,3.3736515045166016,3.3736515045166016,12403,0.0,0.0
1997-07-22 00:00:00-04:00,3.3736515045166016,3.49500585629911,3.3736515045166016,3.3736515045166016,78317,0.0,0.0
1997-07-23 00:00:00-04:00,3.373652185018313,3.495006561279297,3.373652185018313,3.495006561279297,100643,0.0,0.0
1997-07-24 00:00:00-04:00,3.495006264548591,3.495006264548591,3.397923231124878,3.397923231124878,14529,0.0,0.0
1997-07-25 00:00:00-04:00,3.5435492677301457,3.5435492677301457,3.349382162094116,3.349382162094116,43234,0.0,0.0
1997-07-28 00:00:00-04:00,3.446464181206464,3.446464181206464,3.300838827826739,3.3736515045166016,20554,0.0,0.0
1997-07-29 00:00:00-04:00,3.4464650527577425,3.4464650527577425,3.30083966255188,3.30083966255188,2126,0.0,0.0
1997-07-30 00:00:00-04:00,3.3008392133956885,3.397923231124878,3.3008392133956885,3.397923231124878,1063,0.0,0.0
1997-07-31 00:00:00-04:00,3.3979222674857668,3.3979222674857668,3.2765679359436035,3.2765679359436035,4607,0.0,0.0
1997-08-01 00:00:00-04:00,3.2765679359436035,3.2765679359436035,3.2765679359436035,3.2765679359436035,0,0.0,0.0
1997-08-04 00:00:00-04:00,3.3979236934916153,3.3979236934916153,3.2765693110206864,3.30083966255188,53511,0.0,0.0
1997-08-05 00:00:00-04:00,3.3979236934916153,3.3979236934916153,3.2765693110206864,3.30083966255188,30122,0.0,0.0
1997-08-06 00:00:00-04:00,3.2765679359436035,3.3008382772892646,3.2765679359436035,3.2765679359436035,133245,0.0,0.0
1997-08-07 00:00:00-04:00,3.2765697845697828,3.349382162094116,3.2765697845697828,3.349382162094116,36501,0.0,0.0
1997-08-08 00:00:00-04:00,3.3493823786372663,3.3493823786372663,3.2037572860717773,3.2037572860717773,7442,0.0,0.0
1997-08-11 00:00:00-04:00,3.252298655491668,3.3493823786372663,3.2037572860717773,3.2037572860717773,25869,0.0,0.0
1997-08-12 00:00:00-04:00,3.2037572860717773,3.2037572860717773,3.2037572860717773,3.2037572860717773,0,0.0,0.0
1997-08-13 00:00:00-04:00,3.2037572860717773,3.2037572860717773,3.2037572860717773,3.2037572860717773,1418,0.0,0.0
1997-08-14 00:00:00-04:00,3.3008388382556557,3.3008388382556557,3.2522971630096436,3.2522971630096436,24806,0.0,0.0
1997-08-15 00:00:00-04:00,3.2037552713979593,3.2765679359436035,3.2037552713979593,3.2765679359436035,15947,0.0,0.0
1997-08-18 00:00:00-04:00,3.276570569963868,3.276570569963868,3.2280285358428955,3.2280285358428955,34374,0.0,0.0
1997-08-19 00:00:00-04:00,3.2765693110206864,3.3493816780217474,3.2765693110206864,3.30083966255188,94264,0.0,0.0
1997-08-20 00:00:00-04:00,3.2522971630096436,3.2522971630096436,3.2522971630096436,3.2522971630096436,4607,0.0,0.0
1997-08-21 00:00:00-04:00,3.349381772003685,3.349381772003685,3.3008397551717534,3.32511043548584,38627,0.0,0.0
1997-08-22 00:00:00-04:00,3.3008401396086704,3.349382162094116,3.3008401396086704,3.349382162094116,26933,0.0,0.0
1997-08-25 00:00:00-04:00,3.2522979751838825,3.30083966255188,3.2522979751838825,3.30083966255188,24806,0.0,0.0
1997-08-26 00:00:00-04:00,3.349382162094116,3.349382162094116,3.252298445225142,3.349382162094116,709,0.0,0.0
1997-08-27 00:00:00-04:00,3.349382162094116,3.349382162094116,3.3008401396086704,3.349382162094116,20908,0.0,0.0
1997-08-28 00:00:00-04:00,3.3251095118277676,3.349380841603456,3.2522971630096436,3.2522971630096436,18782,0.0,0.0
1997-08-29 00:00:00-04:00,3.2522971630096436,3.2522971630096436,3.2522971630096436,3.2522971630096436,10631,0.0,0.0
1997-09-02 00:00:00-04:00,3.30083966255188,3.3493816780217474,3.30083966255188,3.30083966255188,97099,0.0,0.0
1997-09-03 00:00:00-04:00,3.3008388382556557,3.3008388382556557,3.2522971630096436,3.2522971630096436,136434,0.0,0.0
1997-09-04 00:00:00-04:00,3.30083966255188,3.30083966255188,3.2522979751838825,3.30083966255188,2126,0.0,0.0
1997-09-05 00:00:00-04:00,3.3008409308203626,3.3008409308203626,3.2280285358428955,3.2280285358428955,62016,0.0,0.0
1997-09-08 00:00:00-04:00,3.2280285358428955,3.276570569963868,3.2280285358428955,3.2280285358428955,31185,0.0,0.0
1997-09-09 00:00:00-04:00,3.2765679359436035,3.2765679359436035,3.2280259408453524,3.2765679359436035,111983,0.0,0.0
1997-09-10 00:00:00-04:00,3.2280259408453524,3.2765679359436035,3.2037552713979593,3.2765679359436035,70875,0.0,0.0
1997-09-11 00:00:00-04:00,3.276570569963868,3.276570569963868,3.130945123804942,3.2280285358428955,89303,0.0,0.0
1997-09-12 00:00:00-04:00,3.2280279707817225,3.2280279707817225,3.155215260448009,3.2037572860717773,38981,0.0,0.0
1997-09-15 00:00:00-04:00,3.2037572860717773,3.2037572860717773,3.155215260448009,3.2037572860717773,20908,0.0,0.0
1997-09-16 00:00:00-04:00,3.2037572860717773,3.2037572860717773,3.155215260448009,3.2037572860717773,10277,0.0,0.0
1997-09-17 00:00:00-04:00,3.203756562775642,3.2280272420061173,3.155214548110962,3.155214548110962,79734,0.0,0.0
1997-09-18 00:00:00-04:00,3.2280264894375312,3.2522971630096436,3.1794844860897307,3.2522971630096436,82569,0.0,0.0
1997-09-19 00:00:00-04:00,3.1794853692956826,3.32511043548584,3.1794853692956826,3.32511043548584,25869,0.0,0.0
1997-09-22 00:00:00-04:00,3.32511043548584,3.349381772003685,3.203756705813528,3.32511043548584,32248,0.0,0.0
1997-09-23 00:00:00-04:00,3.32511043548584,3.32511043548584,3.3008397551717534,3.32511043548584,7088,0.0,0.0
1997-09-24 00:00:00-04:00,2.96104788903467,3.106672969146535,2.766880787450273,3.009589910507202,87885,0.0,0.0
1997-09-25 00:00:00-04:00,3.058131217956543,3.058131217956543,2.9610478330508325,3.058131217956543,19491,0.0,0.0
1997-09-26 00:00:00-04:00,2.96104788903467,3.009589910507202,2.96104788903467,3.009589910507202,32248,0.0,0.0
1997-09-29 00:00:00-04:00,2.96104788903467,3.0581312757759136,2.96104788903467,3.009589910507202,87531,0.0,0.0
1997-09-30 00:00:00-04:00,2.9610466957092285,3.0095886976189465,2.9610466957092285,2.9610466957092285,28704,0.0,0.0
1997-10-01 00:00:00-04:00,3.015656283806772,3.058130043325108,2.9610466957092285,2.9610466957092285,30831,0.0,0.0
1997-10-02 00:00:00-04:00,2.9610466957092285,2.9610466957092285,2.9610466957092285,2.9610466957092285,9923,0.0,0.0
1997-10-03 00:00:00-04:00,3.058130043325108,3.058130043325108,2.948911195231799,2.9610466957092285,130410,0.0,0.0
1997-10-06 00:00:00-04:00,2.9610466957092285,3.058130043325108,2.9610466957092285,2.9610466957092285,64496,0.0,0.0
1997-10-07 00:00:00-04:00,3.058131217956543,3.058131217956543,3.009589853605592,3.058131217956543,120133,0.0,0.0
1997-10-08 00:00:00-04:00,3.009589853605592,3.058131217956543,2.9610478330508325,3.058131217956543,25515,0.0,0.0
1997-10-09 00:00:00-04:00,2.9610466957092285,3.0095886976189465,2.9610466957092285,2.9610466957092285,17010,0.0,0.0
1997-10-10 00:00:00-04:00,2.9610466957092285,2.9610466957092285,2.9610466957092285,2.9610466957092285,354,0.0,0.0
1997-10-13 00:00:00-04:00,3.0581313669603225,3.0581313669603225,2.9610479773243403,2.9974541664123535,104186,0.0,0.0
1997-10-14 00:00:00-04:00,2.9610478330508325,3.058131217956543,2.9610478330508325,3.058131217956543,1418,0.0,0.0
1997-10-15 00:00:00-04:00,2.9610466957092285,2.9610466957092285,2.9610466957092285,2.9610466957092285,1063,0.0,0.0
1997-10-16 00:00:00-04:00,2.9610466957092285,2.9610466957092285,2.9610466957092285,2.9610466957092285,0,0.0,0.0
1997-10-17 00:00:00-04:00,2.9610466957092285,3.058130043325108,2.9610466957092285,2.9610466957092285,278539,0.0,0.0
1997-10-20 00:00:00-04:00,2.9610461366788927,2.9853168049497953,2.9610461366788927,2.973181962966919,10631,0.0,0.0
1997-10-21 00:00:00-04:00,2.96104788903467,3.009589910507202,2.96104788903467,3.009589910507202,4607,0.0,0.0
1997-10-22 00:00:00-04:00,2.9610466957092285,3.0095886976189465,2.9610466957092285,2.9610466957092285,172935,0.0,0.0
1997-10-23 00:00:00-04:00,3.0095886976189465,3.0095886976189465,2.9610466957092285,2.9610466957092285,52448,0.0,0.0
1997-10-24 00:00:00-04:00,3.009589853605592,3.058131217956543,2.9853185152263078,3.058131217956543,18073,0.0,0.0
1997-10-27 00:00:00-05:00,2.9610466957092285,3.0095886976189465,2.9610466957092285,2.9610466957092285,17010,0.0,0.0
1997-10-28 00:00:00-05:00,2.8882350377215413,2.9125053882598877,2.8396930242374223,2.9125053882598877,2126,0.0,0.0
1997-10-29 00:00:00-05:00,2.8396923542022705,2.912504701044413,2.8396923542022705,2.8396923542022705,18782,0.0,0.0
1997-10-30 00:00:00-05:00,2.7668797969818115,2.7668797969818115,2.7668797969818115,2.7668797969818115,3189,0.0,0.0
1997-10-31 00:00:00-05:00,2.7668797969818115,2.7668797969818115,2.7668797969818115,2.7668797969818115,0,0.0,0.0
1997-11-03 00:00:00-05:00,2.815421681288816,2.8882343562327377,2.815421681288816,2.8396923542022705,60598,0.0,0.0
1997-11-04 00:00:00-05:00,2.766880752501808,2.815422773361206,2.766880752501808,2.815422773361206,8151,0.0,0.0
1997-11-05 00:00:00-05:00,2.766880134598257,2.8154221446171857,2.766880134598257,2.80328631401062,99225,0.0,0.0
1997-11-06 00:00:00-05:00,2.766880134598257,2.80328631401062,2.766880134598257,2.80328631401062,29768,0.0,0.0
1997-11-07 00:00:00-05:00,2.7668797969818115,2.80328597195187,2.7668797969818115,2.7668797969818115,9568,0.0,0.0
1997-11-10 00:00:00-05:00,2.8154218010776133,2.8154218010776133,2.7668797969818115,2.7668797969818115,18782,0.0,0.0
1997-11-11 00:00:00-05:00,2.8154221414180687,2.863963495178174,2.766880131454298,2.7911508083343506,176479,0.0,0.0
1997-11-12 00:00:00-05:00,2.7668797969818115,2.839692475023721,2.718337956936906,2.7668797969818115,68040,0.0,0.0
1997-11-13 00:00:00-05:00,2.669795621121968,2.766878773134747,2.669795621121968,2.694066286087036,60953,0.0,0.0
1997-11-14 00:00:00-05:00,2.694066286087036,2.694066286087036,2.694066286087036,2.694066286087036,3898,0.0,0.0
1997-11-17 00:00:00-05:00,2.6455258467238987,2.74260987575337,2.6455258467238987,2.66979718208313,6379,0.0,0.0
1997-11-18 00:00:00-05:00,2.66979718208313,2.74260987575337,2.66979718208313,2.66979718208313,181440,0.0,0.0
1997-11-19 00:00:00-05:00,2.70620352891825,2.74260987575337,2.66979718208313,2.66979718208313,205892,0.0,0.0
1997-11-20 00:00:00-05:00,2.742608272220515,2.742608272220515,2.694066286087036,2.694066286087036,42171,0.0,0.0
1997-11-21 00:00:00-05:00,2.6940672829907983,2.7911504709279193,2.6940672829907983,2.7668797969818115,19845,0.0,0.0
1997-11-24 00:00:00-05:00,2.7668797969818115,2.7668797969818115,2.7668797969818115,2.7668797969818115,5670,0.0,0.0
1997-11-25 00:00:00-05:00,2.8396934556889986,2.8396934556889986,2.7911514348296005,2.815422773361206,6733,0.0,0.0
1997-11-26 00:00:00-05:00,2.815422773361206,2.815422773361206,2.815422773361206,2.815422773361206,0,0.0,0.0
1997-11-28 00:00:00-05:00,2.8396923542022705,2.8396923542022705,2.7668796792583485,2.8396923542022705,14529,0.0,0.0
1997-12-01 00:00:00-05:00,2.7668796792583485,2.8396923542022705,2.7668796792583485,2.8396923542022705,15238,0.0,0.0
1997-12-02 00:00:00-05:00,2.815422773361206,2.815422773361206,2.815422773361206,2.815422773361206,1418,0.0,0.0
1997-12-03 00:00:00-05:00,2.888235092163086,2.888235092163086,2.888235092163086,2.888235092163086,709,0.0,0.0
1997-12-04 00:00:00-05:00,2.8154226278912833,2.8639639900387874,2.8154226278912833,2.8518288135528564,36501,0.0,0.0
1997-12-05 00:00:00-05:00,2.8396923542022705,2.8396923542022705,2.8396923542022705,2.8396923542022705,709,0.0,0.0
1997-12-08 00:00:00-05:00,2.8882343562327377,2.8882343562327377,2.8396923542022705,2.8396923542022705,15238,0.0,0.0
1997-12-09 00:00:00-05:00,2.8396923542022705,2.8396923542022705,2.8396923542022705,2.8396923542022705,0,0.0,0.0
1997-12-10 00:00:00-05:00,2.863963702877625,2.9125053882598877,2.815422345597219,2.9125053882598877,10277,0.0,0.0
1997-12-11 00:00:00-05:00,2.7911508083343506,2.7911508083343506,2.7911508083343506,2.7911508083343506,8505,0.0,0.0
1997-12-12 00:00:00-05:00,2.9125051770401122,2.9125051770401122,2.766880131454298,2.7911508083343506,6024,0.0,0.0
1997-12-15 00:00:00-05:00,2.7668796792583485,2.8396923542022705,2.7668796792583485,2.8396923542022705,46423,0.0,0.0
1997-12-16 00:00:00-05:00,2.815422773361206,2.815422773361206,2.815422773361206,2.815422773361206,2126,0.0,0.0
1997-12-17 00:00:00-05:00,2.815422013991692,2.9367763772049393,2.815422013991692,2.8639633655548096,9214,0.0,0.0
1997-12-18 00:00:00-05:00,2.876099260461446,2.888235092163086,2.8396930777639784,2.888235092163086,111274,0.0,0.0
1997-12-19 00:00:00-05:00,2.9125050452197447,2.9125050452197447,2.8639633655548096,2.8639633655548096,1063,0.0,0.0
1997-12-22 00:00:00-05:00,2.8639633655548096,2.8639633655548096,2.8639633655548096,2.8639633655548096,0,0.0,0.0
1997-12-23 00:00:00-05:00,2.8396923542022705,2.8396923542022705,2.8396923542022705,2.8396923542022705,1772,0.0,0.0
1997-12-24 00:00:00-05:00,2.9367763772049393,2.9367763772049393,2.815422013991692,2.8639633655548096,6733,0.0,0.0
1997-12-26 00:00:00-05:00,2.815422773361206,2.815422773361206,2.815422773361206,2.815422773361206,1418,0.0,0.0
1997-12-29 00:00:00-05:00,2.815422773361206,2.815422773361206,2.815422773361206,2.815422773361206,7796,0.0,0.0
1997-12-30 00:00:00-05:00,2.7911508083343506,2.7911508083343506,2.7911508083343506,2.7911508083343506,4253,0.0,0.0
1997-12-31 00:00:00-05:00,2.9367765101238303,2.9367765101238303,2.7911508083343506,2.7911508083343506,14884,0.0,0.0
1998-01-02 00:00:00-05:00,2.7911503521718033,2.936776030161426,2.7911503521718033,2.8396923542022705,6024,0.0,0.0
1998-01-05 00:00:00-05:00,2.7911508083343506,2.7911508083343506,2.7911508083343506,2.7911508083343506,2126,0.0,0.0
1998-01-06 00:00:00-05:00,2.9610471870038833,2.9610471870038833,2.7911508083343506,2.7911508083343506,4253,0.0,0.0
1998-01-07 00:00:00-05:00,2.8518288135528564,2.8518288135528564,2.7911512906137523,2.8518288135528564,9923,0.0,0.0
1998-01-08 00:00:00-05:00,2.7911508083343506,2.7911508083343506,2.7911508083343506,2.7911508083343506,2481,0.0,0.0
1998-01-09 00:00:00-05:00,2.839692475023721,2.839692475023721,2.7668797969818115,2.7668797969818115,4607,0.0,0.0
1998-01-12 00:00:00-05:00,2.694066286087036,2.7183369510521036,2.694066286087036,2.694066286087036,5316,0.0,0.0
1998-01-13 00:00:00-05:00,2.815421531055547,2.815421531055547,2.7426090240478516,2.7426090240478516,9568,0.0,0.0
1998-01-14 00:00:00-05:00,2.7183369510521036,2.7183369510521036,2.694066286087036,2.694066286087036,2835,0.0,0.0
1998-01-15 00:00:00-05:00,2.6940677447751202,2.7547447681427,2.6940677447751202,2.7547447681427,8859,0.0,0.0
1998-01-16 00:00:00-05:00,2.7183377742767334,2.7183377742767334,2.7183377742767334,2.7183377742767334,7088,0.0,0.0
1998-01-20 00:00:00-05:00,2.7183369510521036,2.7183369510521036,2.694066286087036,2.694066286087036,12049,0.0,0.0
1998-01-21 00:00:00-05:00,2.694067555970273,2.7668800773390982,2.694067555970273,2.7062032222747803,41108,0.0,0.0
1998-01-22 00:00:00-05:00,2.7668795316153214,2.7668795316153214,2.7426090240478516,2.7426090240478516,2481,0.0,0.0
1998-01-23 00:00:00-05:00,2.7183384228814127,2.7547447681427,2.7183384228814127,2.7547447681427,8859,0.0,0.0
1998-01-26 00:00:00-05:00,2.6940671019615063,2.766879611059844,2.6940671019615063,2.7183377742767334,49258,0.0,0.0
1998-01-27 00:00:00-05:00,2.766879611059844,2.8154216118938398,2.7183377742767334,2.7183377742767334,8505,0.0,0.0
1998-01-28 00:00:00-05:00,2.7668797969818115,2.8154218010776133,2.7668797969818115,2.7668797969818115,34020,0.0,0.0
1998-01-29 00:00:00-05:00,2.815422013991692,2.8639633655548096,2.815422013991692,2.8639633655548096,30831,0.0,0.0
1998-01-30 00:00:00-05:00,2.815422773361206,2.815422773361206,2.815422773361206,2.815422773361206,3544,0.0,0.0
1998-02-02 00:00:00-05:00,2.815422773361206,2.815422773361206,2.815422773361206,2.815422773361206,2126,0.0,0.0
1998-02-03 00:00:00-05:00,2.815422398666287,2.9125054431589144,2.815422398666287,2.888235092163086,23034,0.0,0.0
1998-02-04 00:00:00-05:00,2.888235092163086,2.888235092163086,2.888235092163086,2.888235092163086,0,0.0,0.0
1998-02-05 00:00:00-05:00,2.888235092163086,2.888235092163086,2.888235092163086,2.888235092163086,0,0.0,0.0
1998-02-06 00:00:00-05:00,2.8396923542022705,2.8396923542022705,2.8396923542022705,2.8396923542022705,10631,0.0,0.0
1998-02-09 00:00:00-05:00,2.815422773361206,2.9125058307742826,2.815422773361206,2.815422773361206,4961,0.0,0.0
1998-02-10 00:00:00-05:00,2.8154216118938398,2.8154216118938398,2.7183377742767334,2.7183377742767334,9214,0.0,0.0
1998-02-11 00:00:00-05:00,2.7183376962259773,2.7426090240478516,2.7183376962259773,2.7426090240478516,4961,0.0,0.0
1998-02-12 00:00:00-05:00,2.718338895693363,2.815422773361206,2.718338895693363,2.815422773361206,3544,0.0,0.0
1998-02-13 00:00:00-05:00,2.863964138016791,2.863964138016791,2.766880752501808,2.815422773361206,10277,0.0,0.0
1998-02-17 00:00:00-05:00,2.718338533919003,2.888235092163086,2.718338533919003,2.888235092163086,9214,0.0,0.0
1998-02-18 00:00:00-05:00,2.9125059544568273,2.985318660736084,2.9125059544568273,2.985318660736084,84696,0.0,0.0
1998-02-19 00:00:00-05:00,2.9610474017440067,2.9610474017440067,2.815422345597219,2.9125053882598877,8505,0.0,0.0
1998-02-20 00:00:00-05:00,2.9125053882598877,2.9125053882598877,2.9125053882598877,2.9125053882598877,0,0.0,0.0
1998-02-23 00:00:00-05:00,2.96104788903467,3.009589910507202,2.863964174191516,3.009589910507202,13112,0.0,0.0
1998-02-24 00:00:00-05:00,2.9610470529864976,2.9610470529864976,2.8639633655548096,2.8639633655548096,5316,0.0,0.0
1998-02-25 00:00:00-05:00,2.9610470529864976,2.9610470529864976,2.8639633655548096,2.8639633655548096,1418,0.0,0.0
1998-02-26 00:00:00-05:00,2.936776778460331,2.936776778460331,2.8639637568616694,2.888235092163086,6379,0.0,0.0
1998-02-27 00:00:00-05:00,2.888235092163086,2.888235092163086,2.888235092163086,2.888235092163086,0,0.0,0.0
1998-03-02 00:00:00-05:00,2.9125053882598877,2.9125053882598877,2.9125053882598877,2.9125053882598877,43943,0.0,0.0
1998-03-03 00:00:00-05:00,2.9125053882598877,2.9125053882598877,2.9125053882598877,2.9125053882598877,354,0.0,0.0
1998-03-04 00:00:00-05:00,2.9125053882598877,2.9610474017440067,2.9125053882598877,2.9125053882598877,4961,0.0,0.0
1998-03-05 00:00:00-05:00,2.9610466957092285,3.0095886976189465,2.9610466957092285,2.9610466957092285,16301,0.0,0.0
1998-03-06 00:00:00-05:00,2.9125053882598877,2.9125053882598877,2.9125053882598877,2.9125053882598877,1063,0.0,0.0
1998-03-09 00:00:00-05:00,3.058131217956543,3.058131217956543,3.058131217956543,3.058131217956543,6024,0.0,0.0
1998-03-10 00:00:00-05:00,3.0581311264719964,3.0581311264719964,2.9853184259199668,3.033860445022583,7796,0.0,0.0
1998-03-11 00:00:00-05:00,2.98531722327729,3.1066715659421344,2.98531722327729,3.094536066055298,161949,0.0,0.0
1998-03-12 00:00:00-05:00,3.130942583084107,3.155213252347252,3.058129590989482,3.1309425830841064,69458,0.0,0.0
1998-03-13 00:00:00-05:00,3.203756562775642,3.203756562775642,3.106672533446282,3.155214548110962,9214,0.0,0.0
1998-03-16 00:00:00-05:00,3.1066715717315674,3.1066715717315674,3.1066715717315674,3.1066715717315674,13112,0.0,0.0
1998-03-17 00:00:00-05:00,3.106671257617502,3.130942583084107,3.106671257617502,3.1309425830841064,709,0.0,0.0
1998-03-18 00:00:00-05:00,3.106672533446282,3.155214548110962,3.106672533446282,3.155214548110962,5670,0.0,0.0
1998-03-19 00:00:00-05:00,3.130942583084107,3.155213252347252,3.130942583084107,3.1309425830841064,14529,0.0,0.0
1998-03-20 00:00:00-05:00,3.130941425433826,3.1794827460122006,3.130941425433826,3.1673479080200195,75128,0.0,0.0
1998-03-23 00:00:00-05:00,3.155214548110962,3.203756562775642,3.155214548110962,3.155214548110962,4607,0.0,0.0
1998-03-24 00:00:00-05:00,3.2280264894375312,3.2522971630096436,3.155213812517619,3.2522971630096436,17010,0.0,0.0
1998-03-25 00:00:00-05:00,3.252298655491668,3.252298655491668,3.2037572860717773,3.2037572860717773,9214,0.0,0.0
1998-03-26 00:00:00-05:00,3.252298655491668,3.252298655491668,3.155215260448009,3.2037572860717773,8859,0.0,0.0
1998-03-27 00:00:00-05:00,3.1794848442077637,3.1794848442077637,3.1794848442077637,3.1794848442077637,709,0.0,0.0
1998-03-30 00:00:00-05:00,3.1794865017219225,3.2280285358428955,3.1794865017219225,3.2280285358428955,54928,0.0,0.0
1998-03-31 00:00:00-05:00,3.203757846884405,3.2280285358428955,3.1794865017219225,3.2280285358428955,205183,0.0,0.0
1998-04-01 00:00:00-05:00,3.2522971630096436,3.2522971630096436,3.2280264894375312,3.2522971630096436,296258,0.0,0.0
1998-04-02 00:00:00-05:00,3.2280264894375312,3.2522971630096436,3.2280264894375312,3.2522971630096436,51739,0.0,0.0
1998-04-03 00:00:00-05:00,3.3008388382556557,3.3008388382556557,3.2522971630096436,3.2522971630096436,30831,0.0,0.0
1998-04-06 00:00:00-04:00,3.30083966255188,3.3979236934916153,3.2765693110206864,3.30083966255188,50676,0.0,0.0
1998-04-07 00:00:00-04:00,3.2765693110206864,3.325110342184944,3.2765693110206864,3.30083966255188,301928,0.0,0.0
1998-04-08 00:00:00-04:00,3.349380841603456,3.349380841603456,3.2522971630096436,3.2522971630096436,30831,0.0,0.0
1998-04-09 00:00:00-04:00,3.3493816780217474,3.3493816780217474,3.2522979751838825,3.30083966255188,65205,0.0,0.0
1998-04-13 00:00:00-04:00,3.3008388382556557,3.3008388382556557,3.2522971630096436,3.2522971630096436,23743,0.0,0.0
1998-04-14 00:00:00-04:00,3.2522980664417007,3.4464651494637897,3.2522980664417007,3.32511043548584,467421,0.0,0.0
1998-04-15 00:00:00-04:00,3.325110342184944,3.3736523576548114,3.30083966255188,3.30083966255188,88239,0.0,0.0
1998-04-16 00:00:00-04:00,3.3251089467366577,3.3493802723875157,3.2765679359436035,3.2765679359436035,77963,0.0,0.0
1998-04-17 00:00:00-04:00,3.2765679359436035,3.2765679359436035,3.2765679359436035,3.2765679359436035,1418,0.0,0.0
1998-04-20 00:00:00-04:00,3.2765679359436035,3.31297410416556,3.2765679359436035,3.2765679359436035,13466,0.0,0.0
1998-04-21 00:00:00-04:00,3.31297410416556,3.3493802723875157,3.2765679359436035,3.2765679359436035,51739,0.0,0.0
1998-04-22 00:00:00-04:00,3.2765679359436035,3.2765679359436035,3.2765679359436035,3.2765679359436035,354,0.0,0.0
1998-04-23 00:00:00-04:00,3.2765693110206864,3.30083966255188,3.2765693110206864,3.30083966255188,3544,0.0,0.0
1998-04-24 00:00:00-04:00,3.3008382772892646,3.3008382772892646,3.2765679359436035,3.2765679359436035,23389,0.0,0.0
1998-04-27 00:00:00-04:00,3.30083966255188,3.30083966255188,3.2037566159177553,3.30083966255188,25515,0.0,0.0
1998-04-28 00:00:00-04:00,3.300838827826739,3.3736515045166016,3.2280264792386633,3.3736515045166016,61661,0.0,0.0
1998-04-29 00:00:00-04:00,3.349382162094116,3.349382162094116,3.2765697845697828,3.349382162094116,41108,0.0,0.0
1998-04-30 00:00:00-04:00,3.30083966255188,3.30083966255188,3.30083966255188,3.30083966255188,4253,0.0,0.0
1998-05-01 00:00:00-04:00,3.2765693110206864,3.30083966255188,3.2522979751838825,3.30083966255188,106667,0.0,0.0
1998-05-04 00:00:00-04:00,3.276568492785332,3.276568492785332,3.2522971630096436,3.2522971630096436,2481,0.0,0.0
1998-05-05 00:00:00-04:00,3.2522979751838825,3.325110342184944,3.2522979751838825,3.30083966255188,119779,0.0,0.0
1998-05-06 00:00:00-04:00,3.2522971630096436,3.2522971630096436,3.2522971630096436,3.2522971630096436,709,0.0,0.0
1998-05-07 00:00:00-04:00,3.2522971630096436,3.2522971630096436,3.2522971630096436,3.2522971630096436,354,0.0,0.0
1998-05-08 00:00:00-04:00,3.3008388382556557,3.3008388382556557,3.2522971630096436,3.2522971630096436,4961,0.0,0.0
1998-05-11 00:00:00-04:00,3.3008388382556557,3.3251095118277676,3.2522971630096436,3.2522971630096436,72647,0.0,0.0
1998-05-12 00:00:00-04:00,3.2522971630096436,3.2522971630096436,3.2522971630096436,3.2522971630096436,0,0.0,0.0
1998-05-13 00:00:00-04:00,3.30083966255188,3.30083966255188,3.30083966255188,3.30083966255188,6379,0.0,0.0
1998-05-14 00:00:00-04:00,3.30083966255188,3.30083966255188,3.2765693110206864,3.30083966255188,37209,0.0,0.0
1998-05-15 00:00:00-04:00,3.3008397551717534,3.337246267795702,3.3008397551717534,3.32511043548584,22680,0.0,0.0
1998-05-18 00:00:00-04:00,3.325110342184944,3.325110342184944,3.2765693110206864,3.30083966255188,49613,0.0,0.0
1998-05-19 00:00:00-04:00,3.2765697845697828,3.349382162094116,3.2765697845697828,3.349382162094116,18428,0.0,0.0
1998-05-20 00:00:00-04:00,3.349382162094116,3.3736528452349215,3.3251108227494757,3.349382162094116,51384,0.0,0.0
1998-05-21 00:00:00-04:00,3.30083966255188,3.30083966255188,3.30083966255188,3.30083966255188,6733,0.0,0.0
1998-05-22 00:00:00-04:00,3.337243795394898,3.3493792906122852,3.337243795394898,3.3372437953948975,18782,0.0,0.0
1998-05-26 00:00:00-04:00,3.2887033374187054,3.2887033374187054,3.2522971630096436,3.2522971630096436,8151,0.0,0.0
1998-05-27 00:00:00-04:00,3.252298655491668,3.252298655491668,3.2037572860717773,3.2037572860717773,101706,0.0,0.0
1998-05-28 00:00:00-04:00,3.130943138945507,3.2522971630096436,3.130943138945507,3.2522971630096436,2126,0.0,0.0
1998-05-29 00:00:00-04:00,3.2037558158654194,3.2522971630096436,3.130943138945507,3.2522971630096436,65914,0.0,0.0
1998-06-01 00:00:00-04:00,3.130943491596134,3.1794848442077637,3.130943491596134,3.1794848442077637,6379,0.0,0.0
1998-06-02 00:00:00-04:00,3.130942583084107,3.130942583084107,3.130942583084107,3.1309425830841064,7796,0.0,0.0
1998-06-03 00:00:00-04:00,3.130943491596134,3.1794848442077637,3.130943491596134,3.1794848442077637,9568,0.0,0.0
1998-06-04 00:00:00-04:00,3.1090984039303264,3.2620046138763428,3.1090984039303264,3.2620046138763428,9788,0.0,1.05
1998-06-05 00:00:00-04:00,3.2620046138763428,3.2620046138763428,3.2620046138763428,3.2620046138763428,0,0.0,0.0
1998-06-08 00:00:00-04:00,3.109099658438096,3.134583982361629,2.930708406667928,3.0326457023620605,68175,0.0,0.0
1998-06-09 00:00:00-04:00,3.058129369137275,3.058129369137275,2.9561917781829834,2.9561917781829834,6750,0.0,0.0
1998-06-10 00:00:00-04:00,2.9561917781829834,2.9561917781829834,2.9561917781829834,2.9561917781829834,1350,0.0,0.0
1998-06-11 00:00:00-04:00,2.930708500514965,2.930708500514965,2.87973952293396,2.87973952293396,15188,0.0,0.0
1998-06-12 00:00:00-04:00,2.87973952293396,2.87973952293396,2.87973952293396,2.87973952293396,338,0.0,0.0
1998-06-15 00:00:00-04:00,2.854255681825656,2.854255681825656,2.8287713527679443,2.8287713527679443,3713,0.0,0.0
1998-06-16 00:00:00-04:00,2.701348757604087,2.87973952293396,2.701348757604087,2.87973952293396,9113,0.0,0.0
1998-06-17 00:00:00-04:00,2.790544033050537,2.790544033050537,2.790544033050537,2.790544033050537,338,0.0,0.0
1998-06-18 00:00:00-04:00,2.790544739867029,3.007161855697632,2.790544739867029,3.007161855697632,32063,0.0,0.0
1998-06-19 00:00:00-04:00,3.058131217956543,3.058131217956543,3.058131217956543,3.058131217956543,3375,0.0,0.0
1998-06-22 00:00:00-04:00,3.058131217956543,3.058131217956543,3.058131217956543,3.058131217956543,0,0.0,0.0
1998-06-23 00:00:00-04:00,2.981677658591431,3.083615303039551,2.981677658591431,3.083615303039551,7425,0.0,0.0
1998-06-24 00:00:00-04:00,3.083615303039551,3.083615303039551,3.083615303039551,3.083615303039551,0,0.0,0.0
1998-06-25 00:00:00-04:00,3.134584426879883,3.134584426879883,3.134584426879883,3.134584426879883,1688,0.0,0.0
1998-06-26 00:00:00-04:00,3.058131217956543,3.058131217956543,3.058131217956543,3.058131217956543,1688,0.0,0.0
1998-06-29 00:00:00-04:00,3.0836151677037567,3.0836151677037567,3.007161855697632,3.007161855697632,8775,0.0,0.0
1998-06-30 00:00:00-04:00,3.2110378742218018,3.2110378742218018,3.109100231632607,3.2110378742218018,8438,0.0,0.0
1998-07-01 00:00:00-04:00,3.0963577392198194,3.2110378742218018,3.0963577392198194,3.2110378742218018,23963,0.0,0.0
1998-07-02 00:00:00-04:00,3.109100231632607,3.2110378742218018,3.0071619328396677,3.2110378742218018,27000,0.0,0.0
1998-07-06 00:00:00-04:00,3.007162227614807,3.109100536400183,3.007162227614807,3.058131217956543,10800,0.0,0.0
1998-07-07 00:00:00-04:00,3.058131217956543,3.058131217956543,3.058131217956543,3.058131217956543,0,0.0,0.0
1998-07-08 00:00:00-04:00,3.007162961798098,3.1091012954711914,3.007162961798098,3.1091012954711914,8100,0.0,0.0
1998-07-09 00:00:00-04:00,3.0071613784385276,3.032645702362061,3.0071613784385276,3.0326457023620605,5063,0.0,0.0
1998-07-10 00:00:00-04:00,3.0581309181852014,3.2110378742218018,3.0581309181852014,3.2110378742218018,20925,0.0,0.0
1998-07-13 00:00:00-04:00,3.1091001518755714,3.1091001518755714,3.007161855697632,3.007161855697632,46238,0.0,0.0
1998-07-14 00:00:00-04:00,3.0326465587347227,3.058131217956543,3.0326465587347227,3.058131217956543,277088,0.0,0.0
1998-07-15 00:00:00-04:00,3.0071613784385276,3.032645702362061,3.0071613784385276,3.0326457023620605,17550,0.0,0.0
1998-07-16 00:00:00-04:00,3.007162227614807,3.058131217956543,3.007162227614807,3.058131217956543,4050,0.0,0.0
1998-07-17 00:00:00-04:00,3.058131217956543,3.058131217956543,3.058131217956543,3.058131217956543,0,0.0,0.0
1998-07-20 00:00:00-04:00,3.058129369137275,3.058129369137275,2.9561917781829834,2.9561917781829834,16538,0.0,0.0
1998-07-21 00:00:00-04:00,3.058131217956543,3.058131217956543,3.058131217956543,3.058131217956543,6750,0.0,0.0
1998-07-22 00:00:00-04:00,2.9816760938961298,2.9816760938961298,2.9561917781829834,2.9561917781829834,51638,0.0,0.0
1998-07-23 00:00:00-04:00,2.956192972785699,2.9816772987971056,2.9052239926610466,2.930708646774292,79650,0.0,0.0
1998-07-24 00:00:00-04:00,2.9052231938809996,2.9052231938809996,2.752316951751709,2.752316951751709,18225,0.0,0.0
1998-07-27 00:00:00-04:00,2.7523185672364305,2.7523185672364305,2.7013497352600098,2.7013497352600098,9113,0.0,0.0
1998-07-28 00:00:00-04:00,2.701348137567629,2.701348137567629,2.5994105339050293,2.5994105339050293,37800,0.0,0.0
1998-07-29 00:00:00-04:00,2.573927402496338,2.599411733143748,2.573927402496338,2.573927402496338,12825,0.0,0.0
1998-07-30 00:00:00-04:00,2.5994110548400844,2.6503798668857907,2.5739267308426848,2.6376373767852783,39488,0.0,0.0
1998-07-31 00:00:00-04:00,2.599411220695653,2.599411220695653,2.5866687297821045,2.5866687297821045,1688,0.0,0.0
1998-08-03 00:00:00-04:00,2.650380502318742,2.650380502318742,2.497474193572998,2.497474193572998,58725,0.0,0.0
1998-08-04 00:00:00-04:00,2.510215232542604,2.510215232542604,2.344566319249151,2.4146485328674316,58388,0.0,0.0
1998-08-05 00:00:00-04:00,2.3445663452148438,2.446504618673146,2.3445663452148438,2.3445663452148438,56700,0.0,0.0
1998-08-06 00:00:00-04:00,2.2426291803090233,2.370051145553589,2.2426291803090233,2.370051145553589,41175,0.0,0.0
1998-08-07 00:00:00-04:00,2.293597838387144,2.4210204509003934,2.293597838387144,2.395535469055176,15863,0.0,0.0
1998-08-10 00:00:00-04:00,2.319082164028693,2.395535469055176,2.319082164028693,2.395535469055176,2363,0.0,0.0
1998-08-11 00:00:00-04:00,2.3190814535044857,2.395534735107079,2.242628335952759,2.242628335952759,16200,0.0,0.0
1998-08-12 00:00:00-04:00,2.293598175048828,2.293598175048828,2.293598175048828,2.293598175048828,2025,0.0,0.0
1998-08-13 00:00:00-04:00,2.370051145553589,2.370051145553589,2.293597999217035,2.370051145553589,2700,0.0,0.0
1998-08-14 00:00:00-04:00,2.293598175048828,2.293598175048828,2.293598175048828,2.293598175048828,5400,0.0,0.0
1998-08-17 00:00:00-04:00,2.3700513272464323,2.3700513272464323,2.293598175048828,2.293598175048828,1688,0.0,0.0
1998-08-18 00:00:00-04:00,2.293598175048828,2.293598175048828,2.293598175048828,2.293598175048828,0,0.0,0.0
1998-08-19 00:00:00-04:00,2.395535469055176,2.395535469055176,2.395535469055176,2.395535469055176,2363,0.0,0.0
1998-08-20 00:00:00-04:00,2.395535469055176,2.395535469055176,2.395535469055176,2.395535469055176,0,0.0,0.0
1998-08-21 00:00:00-04:00,2.370051077578008,2.370051077578008,2.2681134426856637,2.319082260131836,292275,0.0,0.0
1998-08-24 00:00:00-04:00,2.4465047571757883,2.4465047571757883,2.2681131786518125,2.421020269393921,8775,0.0,0.0
1998-08-25 00:00:00-04:00,2.4465052996987415,2.4465052996987415,2.293598175048828,2.293598175048828,8100,0.0,0.0
1998-08-26 00:00:00-04:00,2.293597933434212,2.4210205512278753,2.293597933434212,2.319082260131836,41175,0.0,0.0
1998-08-27 00:00:00-04:00,2.306340667841821,2.306340667841821,2.242629352233445,2.293598175048828,19913,0.0,0.0
1998-08-28 00:00:00-04:00,2.3700509793627096,2.395535469055176,2.1406913923850954,2.395535469055176,15188,0.0,0.0
1998-08-31 00:00:00-04:00,2.140691456005284,2.140691456005284,2.0387539863586426,2.0387539863586426,30713,0.0,0.0
1998-09-01 00:00:00-04:00,2.0387539863586426,2.0387539863586426,2.0387539863586426,2.0387539863586426,0,0.0,0.0
1998-09-02 00:00:00-04:00,2.1406914500692644,2.166175940448449,2.0897226333618164,2.0897226333618164,659138,0.0,0.0
1998-09-03 00:00:00-04:00,2.140691456005284,2.140691456005284,1.9368163526610793,2.0387539863586426,20925,0.0,0.0
1998-09-04 00:00:00-04:00,2.0387539863586426,2.0387539863586426,2.0387539863586426,2.0387539863586426,19575,0.0,0.0
1998-09-08 00:00:00-04:00,2.1406915187835693,2.1916603371270713,2.0897227004400674,2.1406915187835693,23288,0.0,0.0
1998-09-09 00:00:00-04:00,2.1406915187835693,2.1406915187835693,2.1406915187835693,2.1406915187835693,0,0.0,0.0
1998-09-10 00:00:00-04:00,2.0387551211663566,2.0642394617503284,2.013270616531372,2.013270616531372,29025,0.0,0.0
1998-09-11 00:00:00-04:00,2.05149507522583,2.05149507522583,2.05149507522583,2.05149507522583,2025,0.0,0.0
1998-09-14 00:00:00-04:00,2.05149507522583,2.05149507522583,2.05149507522583,2.05149507522583,0,0.0,0.0
1998-09-15 00:00:00-04:00,2.013269289211307,2.191660047841635,2.013269289211307,2.0769805908203125,59063,0.0,0.0
1998-09-16 00:00:00-04:00,2.0769805908203125,2.0769805908203125,2.0769805908203125,2.0769805908203125,0,0.0,0.0
1998-09-17 00:00:00-04:00,2.0769805908203125,2.0769805908203125,2.0769805908203125,2.0769805908203125,0,0.0,0.0
1998-09-18 00:00:00-04:00,2.0514958816187825,2.1406915187835693,2.0514958816187825,2.1406915187835693,1350,0.0,0.0
1998-09-21 00:00:00-04:00,2.089723118947404,2.089723118947404,2.0642387866973877,2.0642387866973877,63788,0.0,0.0
1998-09-22 00:00:00-04:00,2.0387532447630443,2.191659475638893,2.0387532447630443,2.05149507522583,34425,0.0,0.0
1998-09-23 00:00:00-04:00,2.038753690921155,2.191659955258805,2.038753690921155,2.121577739715576,57713,0.0,0.0
1998-09-24 00:00:00-04:00,2.140691456005284,2.140691456005284,2.0387539863586426,2.0387539863586426,57038,0.0,0.0
1998-09-25 00:00:00-04:00,1.987785169509861,2.0387539863586426,1.9495581877587007,2.0387539863586426,9113,0.0,0.0
1998-09-28 00:00:00-04:00,2.0387540885667415,2.0387540885667415,1.9623007774353025,1.9623007774353027,10800,0.0,0.0
1998-09-29 00:00:00-04:00,1.987785169509861,2.0387539863586426,1.987785169509861,2.0387539863586426,3713,0.0,0.0
1998-09-30 00:00:00-04:00,1.987784906408443,1.987784906408443,1.9368160963058472,1.9368160963058472,34088,0.0,0.0
1998-10-01 00:00:00-04:00,1.9368164497587763,2.0132695968392853,1.9113319580313202,1.9623007774353027,25650,0.0,0.0
1998-10-02 00:00:00-04:00,2.013270616531372,2.013270616531372,1.9113329260934593,2.013270616531372,6075,0.0,0.0
1998-10-05 00:00:00-04:00,2.0387540885667415,2.0387540885667415,1.9368164497587763,1.9623007774353027,81338,0.0,0.0
1998-10-06 00:00:00-04:00,1.9623000298867084,1.9623000298867084,1.9368157119185683,1.9495575428009033,69863,0.0,0.0
1998-10-07 00:00:00-04:00,1.9623003019087084,1.9623003019087084,1.783909559249878,1.783909559249878,33413,0.0,0.0
1998-10-08 00:00:00-04:00,1.8093944787979126,1.8093944787979126,1.8093944787979126,1.8093944787979126,10800,0.0,0.0
1998-10-09 00:00:00-04:00,1.7329407521972278,1.783909559249878,1.7329407521972278,1.783909559249878,2025,0.0,0.0
1998-10-12 00:00:00-04:00,1.732940673828125,1.8093939629750837,1.732940673828125,1.732940673828125,21938,0.0,0.0
1998-10-13 00:00:00-04:00,1.8093939629750837,1.8093939629750837,1.732940673828125,1.732940673828125,34763,0.0,0.0
1998-10-14 00:00:00-04:00,1.7584251582274055,1.7584251582274055,1.681971212876915,1.732940673828125,333788,0.0,0.0
1998-10-15 00:00:00-04:00,1.732940673828125,1.732940673828125,1.732940673828125,1.732940673828125,14850,0.0,0.0
1998-10-16 00:00:00-04:00,1.732940673828125,1.732940673828125,1.732940673828125,1.732940673828125,0,0.0,0.0
1998-10-19 00:00:00-04:00,1.7329410027720542,1.7329410027720542,1.7201985120773315,1.7201985120773315,11475,0.0,0.0
1998-10-20 00:00:00-04:00,1.720199427565397,1.7584264278411863,1.720199427565397,1.7584264278411865,8775,0.0,0.0
1998-10-21 00:00:00-04:00,1.7456831932067869,1.7456831932067869,1.7456831932067869,1.745683193206787,12488,0.0,0.0
1998-10-22 00:00:00-04:00,1.7329407358544986,1.7329407358544986,1.5545493386744509,1.5800336599349976,317925,0.0,0.0
1998-10-23 00:00:00-04:00,1.6055191278742278,1.6055191278742278,1.5418084497808273,1.554550290107727,156263,0.0,0.0
1998-10-26 00:00:00-05:00,1.5800340593169926,1.5800340593169926,1.274221388661787,1.2869632244110107,616613,0.0,0.0
1998-10-27 00:00:00-05:00,1.3634164362678258,1.4908391471564137,1.3251901889769855,1.4526121616363525,1879538,0.0,0.0
1998-10-28 00:00:00-05:00,1.503580983510287,1.5290654764727232,1.4271278327248542,1.4526121616363525,2355075,0.0,0.0
1998-10-29 00:00:00-05:00,1.4526120778633982,1.4526120778633982,1.4016432589288643,1.4143859148025513,1124550,0.0,0.0
1998-10-30 00:00:00-05:00,1.4526111964387187,1.4526111964387187,1.4143850565729725,1.4271268844604492,609188,0.0,0.0
1998-11-02 00:00:00-05:00,1.4526117484487824,1.516323208808899,1.4271274267861618,1.516323208808899,2235263,0.0,0.0
1998-11-03 00:00:00-05:00,1.5545499660275162,1.5672924599019187,1.4908393012160084,1.5418081283569336,475538,0.0,0.0
1998-11-04 00:00:00-05:00,1.5545499400981873,1.5545499400981873,1.516323771520218,1.5290656089782715,226125,0.0,0.0
1998-11-05 00:00:00-05:00,1.5035811138074036,1.5418081026401338,1.5035811138074036,1.5290656089782715,323325,0.0,0.0
1998-11-06 00:00:00-05:00,1.5418078859024524,1.5672922134399414,1.5226944761984067,1.5672922134399414,2494125,0.0,0.0
1998-11-09 00:00:00-05:00,1.6564875767409573,1.783910215420183,1.580034256014943,1.6819719076156616,1004738,0.0,0.0
1998-11-10 00:00:00-05:00,1.694713962947641,1.694713962947641,1.6055181803802852,1.656486988067627,299700,0.0,0.0
1998-11-11 00:00:00-05:00,1.7074569300891325,1.8348796081377585,1.6819724272896077,1.7584264278411865,262575,0.0,0.0
1998-11-12 00:00:00-05:00,1.78391076658971,1.809395269389235,1.7584264278411863,1.7584264278411865,80663,0.0,0.0
1998-11-13 00:00:00-05:00,1.783909983135831,1.8603632939067984,1.783909983135831,1.8348788022994995,64463,0.0,0.0
1998-11-16 00:00:00-05:00,1.8858467418783877,2.01326864833077,1.783909151096141,1.911331057548523,311850,0.0,0.0
1998-11-17 00:00:00-05:00,1.9877852691627589,2.11520723564725,1.9368164497587763,1.9623007774353027,199125,0.0,0.0
1998-11-18 00:00:00-05:00,1.8858476303547937,1.9877852691627589,1.8858476303547937,1.9623007774353027,24300,0.0,0.0
1998-11-19 00:00:00-05:00,1.911331057548523,1.936815537269511,1.8858467418783877,1.911331057548523,27675,0.0,0.0
1998-11-20 00:00:00-05:00,1.9368163897209756,1.962300716607534,1.860363245010376,1.860363245010376,61425,0.0,0.0
1998-11-23 00:00:00-05:00,1.8348787540728926,1.9368163897209756,1.8348787540728926,1.860363245010376,44550,0.0,0.0
1998-11-24 00:00:00-05:00,1.8603632939067984,1.8603632939067984,1.7584256555794615,1.8348788022994995,12488,0.0,0.0
1998-11-25 00:00:00-05:00,1.8603632980758003,1.8603632980758003,1.758425659520025,1.8093944787979126,56025,0.0,0.0
1998-11-27 00:00:00-05:00,1.783909911773299,1.783909911773299,1.707456111907959,1.707456111907959,16538,0.0,0.0
1998-11-30 00:00:00-05:00,1.7329400596729192,1.7329400596729192,1.6310018301010132,1.6310018301010132,83025,0.0,0.0
1998-12-01 00:00:00-05:00,1.6055175187842738,1.6310018301010132,1.5545487320999702,1.6310018301010132,383738,0.0,0.0
1998-12-02 00:00:00-05:00,1.656487645827716,1.656487645827716,1.6055188179016113,1.6055188179016113,55013,0.0,0.0
1998-12-03 00:00:00-05:00,1.631003149839185,1.631003149839185,1.5800343219130801,1.6055188179016113,3038,0.0,0.0
1998-12-04 00:00:00-05:00,1.6310028682327342,1.6310028682327342,1.5545497215693387,1.5672922134399414,198113,0.0,0.0
1998-12-07 00:00:00-05:00,1.5800343219130801,1.631003149839185,1.5672924840462081,1.6055188179016113,147825,0.0,0.0
1998-12-08 00:00:00-05:00,1.6055188179016113,1.6055188179016113,1.5672924840462081,1.6055188179016113,92138,0.0,0.0
1998-12-09 00:00:00-05:00,1.605518766388971,1.605518766388971,1.5035811138074036,1.5290656089782715,129938,0.0,0.0
1998-12-10 00:00:00-05:00,1.503580599195083,1.55454940804139,1.4908387660980225,1.4908387660980225,64800,0.0,0.0
1998-12-11 00:00:00-05:00,1.5545495827746323,1.5545495827746323,1.3761588137866696,1.4398701190948486,233213,0.0,0.0
1998-12-14 00:00:00-05:00,1.4016427948804449,1.4780960799959644,1.3379315052163463,1.3761584758758545,225113,0.0,0.0
1998-12-15 00:00:00-05:00,1.3506747169605287,1.5545499400981873,1.3506747169605287,1.5290656089782715,169425,0.0,0.0
1998-12-16 00:00:00-05:00,1.5035805650056013,1.656486988067627,1.5035805650056013,1.656486988067627,119475,0.0,0.0
1998-12-17 00:00:00-05:00,1.707456021382609,1.7584254920087574,1.64374537246905,1.7201985120773315,31388,0.0,0.0
1998-12-18 00:00:00-05:00,1.6819719076156616,1.7074564025413166,1.6564875767409573,1.6819719076156616,140738,0.0,0.0
1998-12-21 00:00:00-05:00,1.6310024665069796,1.6310024665069796,1.5800336599349976,1.5800336599349976,16200,0.0,0.0
1998-12-22 00:00:00-05:00,1.2742213010787964,1.2742213010787964,1.1467992611989222,1.2742213010787964,2552850,0.0,0.0
1998-12-23 00:00:00-05:00,1.2869631374291999,1.3761588525365855,1.274221302541157,1.3379318714141846,160650,0.0,0.0
1998-12-24 00:00:00-05:00,1.3251900161884311,1.40164315700531,1.3251900161884311,1.40164315700531,109688,0.0,0.0
1998-12-28 00:00:00-05:00,1.4780966545987888,1.503580983510287,1.414385996370981,1.4526121616363525,152550,0.0,0.0
1998-12-29 00:00:00-05:00,1.4780956724678174,1.4780956724678174,1.4143850565729725,1.4271268844604492,16875,0.0,0.0
1998-12-30 00:00:00-05:00,1.388900580543874,1.4780956724678174,1.388900580543874,1.4271268844604492,53663,0.0,0.0
1998-12-31 00:00:00-05:00,1.4780958890914917,1.4780958890914917,1.4016426138503466,1.4780958890914917,85388,0.0,0.0
1999-01-04 00:00:00-05:00,1.5545490002817839,1.5545490002817839,1.4780958890914917,1.4780958890914917,24638,0.0,0.0
1999-01-05 00:00:00-05:00,1.4780964618731058,1.4780964618731058,1.376158831416656,1.40164315700531,451575,0.0,0.0
1999-01-06 00:00:00-05:00,1.4016433397624182,1.4780966545987888,1.4016433397624182,1.4526121616363525,51638,0.0,0.0
1999-01-07 00:00:00-05:00,1.4271268844604492,1.4653538445803405,1.4016424084313508,1.4271268844604492,201825,0.0,0.0
1999-01-08 00:00:00-05:00,1.4016424084313508,1.4526111964387187,1.4016424084313508,1.4271268844604492,121500,0.0,0.0
1999-01-11 00:00:00-05:00,1.4271276466448808,1.4398701375410412,1.3889013223128162,1.40164315700531,122175,0.0,0.0
1999-01-12 00:00:00-05:00,1.3889009952545166,1.4271273105850515,1.3889009952545166,1.3889009952545166,54338,0.0,0.0
1999-01-13 00:00:00-05:00,1.388900580543874,1.4271268844604492,1.3761580964530813,1.4271268844604492,114075,0.0,0.0
1999-01-14 00:00:00-05:00,1.4271268844604492,1.4271268844604492,1.363415530336874,1.4271268844604492,36113,0.0,0.0
1999-01-15 00:00:00-05:00,1.427127582975441,1.4780963959297586,1.4016430944728275,1.465354561805725,603788,0.0,0.0
1999-01-19 00:00:00-05:00,1.4653538445803405,1.5035799844460869,1.4271268844604492,1.4271268844604492,61425,0.0,0.0
1999-01-20 00:00:00-05:00,1.4271278327248542,1.4780966545987888,1.4271278327248542,1.4526121616363525,101250,0.0,0.0
1999-01-21 00:00:00-05:00,1.4526126145747253,1.6310034647319838,1.4271282777169694,1.554550290107727,438075,0.0,0.0
1999-01-22 00:00:00-05:00,1.5290654198678348,1.6310028957911147,1.4653547639985494,1.503580927848816,93150,0.0,0.0
1999-01-25 00:00:00-05:00,1.5290646845686375,1.5290646845686375,1.4780958890914917,1.4780958890914917,70875,0.0,0.0
1999-01-26 00:00:00-05:00,1.5418077231943963,1.6437453506886603,1.5035807437694957,1.5927765369415283,118125,0.0,0.0
1999-01-27 00:00:00-05:00,1.5800330434167096,1.6819706167853168,1.5800330434167096,1.6310018301010132,44550,0.0,0.0
1999-01-28 00:00:00-05:00,1.6819712730789615,1.6819712730789615,1.5800336599349976,1.5800336599349976,54675,0.0,0.0
1999-01-29 00:00:00-05:00,1.5800330434167096,1.6310018301010132,1.529064420783231,1.6310018301010132,56363,0.0,0.0
1999-02-01 00:00:00-05:00,1.6310024665069796,1.6310024665069796,1.5800336599349976,1.5800336599349976,27338,0.0,0.0
1999-02-02 00:00:00-05:00,1.631003149839185,1.631003149839185,1.5545499899755064,1.6055188179016113,40500,0.0,0.0
1999-02-03 00:00:00-05:00,1.5290656089782715,1.605518766388971,1.5290656089782715,1.5290656089782715,191363,0.0,0.0
1999-02-04 00:00:00-05:00,1.5545499899755064,1.6055188179016113,1.5035811620494015,1.6055188179016113,91800,0.0,0.0
1999-02-05 00:00:00-05:00,1.6055177957589295,1.6055177957589295,1.4780958890914917,1.4780958890914917,62438,0.0,0.0
1999-02-08 00:00:00-05:00,1.503581452341226,1.554550290107727,1.503581452341226,1.554550290107727,5738,0.0,0.0
1999-02-09 00:00:00-05:00,1.554549363201047,1.5800336848636674,1.5035805558249147,1.516323208808899,27000,0.0,0.0
1999-02-10 00:00:00-05:00,1.503580204804638,1.503580204804638,1.4780958890914917,1.4780958890914917,19575,0.0,0.0
1999-02-11 00:00:00-05:00,1.4780962767973778,1.516323252546624,1.4653544437003172,1.4908387660980225,29025,0.0,0.0
1999-02-12 00:00:00-05:00,1.465354561805725,1.5163233747600429,1.465354561805725,1.465354561805725,74588,0.0,0.0
1999-02-16 00:00:00-05:00,1.4780963959297586,1.5163233747600429,1.465354561805725,1.465354561805725,4388,0.0,0.0
1999-02-17 00:00:00-05:00,1.503580204804638,1.5163228548137704,1.4780958890914917,1.4780958890914917,68513,0.0,0.0
1999-02-18 00:00:00-05:00,1.4780962431873765,1.732940773776763,1.4780962431873765,1.656486988067627,389475,0.0,0.0
1999-02-19 00:00:00-05:00,1.6564873647605312,1.8348788064113914,1.6564873647605312,1.8093944787979126,174150,0.0,0.0
1999-02-22 00:00:00-05:00,1.860363245010376,1.860363245010376,1.783909936248851,1.860363245010376,724950,0.0,0.0
1999-02-23 00:00:00-05:00,1.8731047782898513,1.8731047782898513,1.7711671590805051,1.7711671590805054,81338,0.0,0.0
1999-02-24 00:00:00-05:00,1.834878458175419,1.834878458175419,1.7711671590805051,1.7711671590805054,21263,0.0,0.0
1999-02-25 00:00:00-05:00,1.783909559249878,1.783909559249878,1.758425237748998,1.783909559249878,13838,0.0,0.0
1999-02-26 00:00:00-05:00,1.783909911773299,1.783909911773299,1.6310028041953868,1.707456111907959,354713,0.0,0.0
1999-03-01 00:00:00-05:00,1.7584259578837558,1.7584259578837558,1.6055188179016113,1.6055188179016113,24300,0.0,0.0
1999-03-02 00:00:00-05:00,1.6564863054685774,1.6564863054685774,1.6310018301010132,1.6310018301010132,7763,0.0,0.0
1999-03-03 00:00:00-05:00,1.6055185406952455,1.6564873598211522,1.5672922134399414,1.5672922134399414,54000,0.0,0.0
1999-03-04 00:00:00-05:00,1.554550290107727,1.554550290107727,1.554550290107727,1.554550290107727,2700,0.0,0.0
1999-03-05 00:00:00-05:00,1.554550290107727,1.554550290107727,1.554550290107727,1.554550290107727,79988,0.0,0.0
1999-03-08 00:00:00-05:00,1.6055175187842738,1.6310018301010132,1.5672912158599894,1.6310018301010132,15188,0.0,0.0
1999-03-09 00:00:00-05:00,1.6055181452464329,1.6055181452464329,1.5800336599349976,1.5800336599349976,65138,0.0,0.0
1999-03-10 00:00:00-05:00,1.5800330434167096,1.6310018301010132,1.5800330434167096,1.6310018301010132,44213,0.0,0.0
1999-03-11 00:00:00-05:00,1.6310018301010132,1.6310018301010132,1.6310018301010132,1.6310018301010132,1350,0.0,0.0
1999-03-12 00:00:00-05:00,1.5800342712181028,1.6310030975088865,1.5290656089782715,1.5290656089782715,106988,0.0,0.0
1999-03-15 00:00:00-05:00,1.5290656089782715,1.5290656089782715,1.5290656089782715,1.5290656089782715,0,0.0,0.0
1999-03-16 00:00:00-05:00,1.5290656089782715,1.5290656089782715,1.5290656089782715,1.5290656089782715,17550,0.0,0.0
1999-03-17 00:00:00-05:00,1.554549363201047,1.554549363201047,1.5035805558249147,1.516323208808899,50288,0.0,0.0
1999-03-18 00:00:00-05:00,1.5800333159949302,1.5800333159949302,1.4780958890914917,1.4780958890914917,60413,0.0,0.0
1999-03-19 00:00:00-05:00,1.5290654764727232,1.5290654764727232,1.4271278327248542,1.4526121616363525,556538,0.0,0.0
1999-03-22 00:00:00-05:00,1.4780958890914917,1.5290646845686375,1.427127093614346,1.4780958890914917,241650,0.0,0.0
1999-03-23 00:00:00-05:00,1.5290646845686375,1.5290646845686375,1.4653540593366245,1.4780958890914917,47250,0.0,0.0
1999-03-24 00:00:00-05:00,1.4653544014327666,1.516323208808899,1.4653544014327666,1.516323208808899,4050,0.0,0.0
1999-03-25 00:00:00-05:00,1.5163228548137704,1.5163228548137704,1.4780958890914917,1.4780958890914917,6750,0.0,0.0
1999-03-26 00:00:00-05:00,1.465354561805725,1.4780963959297586,1.465354561805725,1.465354561805725,153563,0.0,0.0
1999-03-29 00:00:00-05:00,1.5163235839856553,1.5163235839856553,1.4780965998807292,1.503580927848816,40838,0.0,0.0
1999-03-30 00:00:00-05:00,1.4780958890914917,1.503580204804638,1.4334980084917797,1.4780958890914917,112388,0.0,0.0
1999-03-31 00:00:00-05:00,1.4526121616363525,1.4526121616363525,1.4526121616363525,1.4526121616363525,10800,0.0,0.0
1999-04-01 00:00:00-05:00,1.4908387660980225,1.4908387660980225,1.4908387660980225,1.4908387660980225,1013,0.0,0.0
1999-04-05 00:00:00-04:00,1.4780958890914917,1.4780958890914917,1.4653540593366245,1.4780958890914917,2363,0.0,0.0
1999-04-06 00:00:00-04:00,1.4398704500585664,1.5290656089782715,1.4398704500585664,1.5290656089782715,11475,0.0,0.0
1999-04-07 00:00:00-04:00,1.4653540593366245,1.4780958890914917,1.4526114093274924,1.4780958890914917,71213,0.0,0.0
1999-04-08 00:00:00-04:00,1.4398700733031116,1.5035807203814628,1.4398700733031116,1.465354561805725,79650,0.0,0.0
1999-04-09 00:00:00-04:00,1.4398702719795304,1.503580927848816,1.4398702719795304,1.503580927848816,13500,0.0,0.0
1999-04-12 00:00:00-04:00,1.433498750901791,1.4908391471564137,1.4271278327248542,1.4526121616363525,102938,0.0,0.0
1999-04-13 00:00:00-04:00,1.49083815655861,1.49083815655861,1.4271268844604492,1.4271268844604492,206213,0.0,0.0
1999-04-14 00:00:00-04:00,1.4780965693561294,1.4780965693561294,1.4143859148025513,1.4143859148025513,172800,0.0,0.0
1999-04-15 00:00:00-04:00,1.4526120778633982,1.4526120778633982,1.3889014233098198,1.4143859148025513,68850,0.0,0.0
1999-04-16 00:00:00-04:00,1.4143850565729725,1.4526111964387187,1.4143850565729725,1.4271268844604492,49613,0.0,0.0
1999-04-19 00:00:00-04:00,1.4526121616363525,1.4526121616363525,1.4016433397624182,1.4526121616363525,300038,0.0,0.0
1999-04-20 00:00:00-04:00,1.388900580543874,1.4271268844604492,1.388900580543874,1.4271268844604492,22275,0.0,0.0
1999-04-21 00:00:00-04:00,1.3889013223128162,1.40164315700531,1.3889013223128162,1.40164315700531,5400,0.0,0.0
1999-04-22 00:00:00-04:00,1.4016424084313508,1.4271268844604492,1.4016424084313508,1.4271268844604492,39825,0.0,0.0
1999-04-23 00:00:00-04:00,1.4526111964387187,1.4526111964387187,1.4271268844604492,1.4271268844604492,3038,0.0,0.0
1999-04-26 00:00:00-04:00,1.4271268844604492,1.4271268844604492,1.4271268844604492,1.4271268844604492,24975,0.0,0.0
1999-04-27 00:00:00-04:00,1.452611972233535,1.452611972233535,1.40164315700531,1.40164315700531,3375,0.0,0.0
1999-04-28 00:00:00-04:00,1.4271278327248542,1.4526121616363525,1.4271278327248542,1.4526121616363525,5400,0.0,0.0
1999-04-29 00:00:00-04:00,1.452611972233535,1.452611972233535,1.40164315700531,1.40164315700531,6750,0.0,0.0
1999-04-30 00:00:00-04:00,1.4271276466448808,1.4271276466448808,1.40164315700531,1.40164315700531,13838,0.0,0.0
1999-05-03 00:00:00-04:00,1.4526119536241067,1.4526119536241067,1.4016431390488437,1.4398701190948486,10463,0.0,0.0
1999-05-04 00:00:00-04:00,1.4526111964387187,1.4526111964387187,1.4271268844604492,1.4271268844604492,24300,0.0,0.0
1999-05-05 00:00:00-04:00,1.503580927848816,1.503580927848816,1.503580927848816,1.503580927848816,5063,0.0,0.0
1999-05-06 00:00:00-04:00,1.5290652575124581,1.5290652575124581,1.4398701190948486,1.4398701190948486,3713,0.0,0.0
1999-05-07 00:00:00-04:00,1.4271277798936233,1.5290654198678348,1.4271277798936233,1.503580927848816,9113,0.0,0.0
1999-05-10 00:00:00-04:00,1.5290654198678348,1.5290654198678348,1.4398702719795304,1.503580927848816,15863,0.0,0.0
1999-05-11 00:00:00-04:00,1.529064420783231,1.6564863054685774,1.529064420783231,1.6310018301010132,53663,0.0,0.0
1999-05-12 00:00:00-04:00,1.681971212876915,1.7584251582274055,1.631002408129237,1.732940673828125,35438,0.0,0.0
1999-05-13 00:00:00-04:00,1.732940673828125,1.732940673828125,1.732940673828125,1.732940673828125,1350,0.0,0.0
1999-05-14 00:00:00-04:00,1.681971212876915,1.732940673828125,1.681971212876915,1.732940673828125,6413,0.0,0.0
1999-05-17 00:00:00-04:00,1.6819719076156616,1.7584258845454785,1.6819719076156616,1.6819719076156616,6413,0.0,0.0
1999-05-18 00:00:00-04:00,1.7584264278411863,1.7584264278411863,1.7584264278411863,1.7584264278411865,338,0.0,0.0
1999-05-19 00:00:00-04:00,1.6819716213201272,1.707456111907959,1.6819716213201272,1.707456111907959,7425,0.0,0.0
1999-05-20 00:00:00-04:00,1.732940673828125,1.732940673828125,1.732940673828125,1.732940673828125,6750,0.0,0.0
1999-05-21 00:00:00-04:00,1.681971212876915,1.732940673828125,1.681971212876915,1.732940673828125,2363,0.0,0.0
1999-05-24 00:00:00-04:00,1.7329413896198236,1.7329413896198236,1.6564875767409573,1.6819719076156616,46238,0.0,0.0
1999-05-25 00:00:00-04:00,1.6819719076156616,1.6819719076156616,1.6819719076156616,1.6819719076156616,90788,0.0,0.0
1999-05-26 00:00:00-04:00,1.6310026947547445,1.6310026947547445,1.5800338810500227,1.6182608604431152,31388,0.0,0.0
1999-05-27 00:00:00-04:00,1.6564867767076528,1.6564867767076528,1.5800334929062756,1.643744945526123,21938,0.0,0.0
1999-05-28 00:00:00-04:00,1.6564872069601166,1.7201985120773315,1.6564872069601166,1.7201985120773315,9113,0.0,0.0
1999-06-01 00:00:00-04:00,1.720199427565397,1.7584264278411863,1.720199427565397,1.7584264278411865,24300,0.0,0.0
1999-06-02 00:00:00-04:00,1.7329410027720542,1.7329410027720542,1.7201985120773315,1.7201985120773315,11475,0.0,0.0
1999-06-03 00:00:00-04:00,1.71382666213454,1.7201975759129002,1.6310018301010132,1.6310018301010132,126900,0.0,0.0
1999-06-04 00:00:00-04:00,1.6310018301010132,1.6310018301010132,1.6310018301010132,1.6310018301010132,0,0.0,0.0
1999-06-07 00:00:00-04:00,1.6055188179016113,1.656487645827716,1.6055188179016113,1.6055188179016113,3038,0.0,0.0
1999-06-08 00:00:00-04:00,1.6310018301010132,1.6310018301010132,1.6055175187842738,1.6310018301010132,35438,0.0,0.0
1999-06-09 00:00:00-04:00,1.643744477911857,1.643744477911857,1.6310018301010132,1.6310018301010132,50625,0.0,0.0
1999-06-10 00:00:00-04:00,1.6310018301010132,1.6310018301010132,1.6310018301010132,1.6310018301010132,3713,0.0,0.0
1999-06-11 00:00:00-04:00,1.6055175187842738,1.707455092152881,1.6055175187842738,1.6310018301010132,23288,0.0,0.0
1999-06-14 00:00:00-04:00,1.707456111907959,1.707456111907959,1.707456111907959,1.707456111907959,3375,0.0,0.0
1999-06-15 00:00:00-04:00,1.6564872947832183,1.707456111907959,1.6564872947832183,1.707456111907959,26325,0.0,0.0
1999-06-16 00:00:00-04:00,1.7329400596729192,1.7329400596729192,1.6310018301010132,1.6310018301010132,29363,0.0,0.0
1999-06-17 00:00:00-04:00,1.631003149839185,1.631003149839185,1.6055188179016113,1.6055188179016113,14513,0.0,0.0
1999-06-18 00:00:00-04:00,1.6055188179016113,1.6055188179016113,1.6055188179016113,1.6055188179016113,3375,0.0,0.0
1999-06-21 00:00:00-04:00,1.6310026947547445,1.6310026947547445,1.6055183699278395,1.6182608604431152,189338,0.0,0.0
1999-06-22 00:00:00-04:00,1.6055181452464329,1.6310024665069796,1.5800336599349976,1.5800336599349976,78300,0.0,0.0
1999-06-23 00:00:00-04:00,1.5800336599349976,1.5800336599349976,1.5800336599349976,1.5800336599349976,0,0.0,0.0
1999-06-24 00:00:00-04:00,1.631003149839185,1.631003149839185,1.5927769800347393,1.6055188179016113,365850,0.0,0.0
1999-06-25 00:00:00-04:00,1.6310018301010132,1.6310018301010132,1.618260002544293,1.6310018301010132,117450,0.0,0.0
1999-06-28 00:00:00-04:00,1.6310018301010132,1.6310018301010132,1.6310018301010132,1.6310018301010132,675,0.0,0.0
1999-06-29 00:00:00-04:00,1.6310018301010132,1.6310018301010132,1.6310018301010132,1.6310018301010132,2700,0.0,0.0
1999-06-30 00:00:00-04:00,1.618260002544293,1.6310018301010132,1.618260002544293,1.6310018301010132,4388,0.0,0.0
1999-07-01 00:00:00-04:00,1.6310018301010132,1.6310018301010132,1.6310018301010132,1.6310018301010132,0,0.0,0.0
1999-07-02 00:00:00-04:00,1.6310029977879483,1.6692299842834475,1.6310029977879483,1.6692299842834473,4388,0.0,0.0
1999-07-06 00:00:00-04:00,1.643744477911857,1.643744477911857,1.6310018301010132,1.6310018301010132,1350,0.0,0.0
1999-07-07 00:00:00-04:00,1.6596726923457974,1.694713962947641,1.656486988067627,1.656486988067627,42525,0.0,0.0
1999-07-08 00:00:00-04:00,1.6819719076156616,1.6819719076156616,1.6819719076156616,1.6819719076156616,9113,0.0,0.0
1999-07-09 00:00:00-04:00,1.6564875767409573,1.6819719076156616,1.6564875767409573,1.6819719076156616,4050,0.0,0.0
1999-07-12 00:00:00-04:00,1.6819719076156616,1.6819719076156616,1.6819719076156616,1.6819719076156616,2700,0.0,0.0
1999-07-13 00:00:00-04:00,1.656486988067627,1.656486988067627,1.656486988067627,1.656486988067627,2700,0.0,0.0
1999-07-14 00:00:00-04:00,1.6310025021985097,1.656486988067627,1.6310025021985097,1.656486988067627,48263,0.0,0.0
1999-07-15 00:00:00-04:00,1.6564863054685774,1.6564863054685774,1.618260002544293,1.6310018301010132,77288,0.0,0.0
1999-07-16 00:00:00-04:00,1.6055175187842738,1.6310018301010132,1.6055175187842738,1.6310018301010132,5738,0.0,0.0
1999-07-19 00:00:00-04:00,1.5800336599349976,1.6692294405504657,1.503580532102469,1.5800336599349976,57038,0.0,0.0
1999-07-20 00:00:00-04:00,1.624632230905749,1.624632230905749,1.5545499899755064,1.6055188179016113,77625,0.0,0.0
1999-07-21 00:00:00-04:00,1.5800336599349976,1.5800336599349976,1.4780962108419222,1.5800336599349976,208913,0.0,0.0
1999-07-22 00:00:00-04:00,1.6055191278742278,1.6055191278742278,1.554550290107727,1.554550290107727,29025,0.0,0.0
1999-07-23 00:00:00-04:00,1.5545496587227976,1.5991475582122803,1.5545496587227976,1.5991475582122803,2363,0.0,0.0
1999-07-26 00:00:00-04:00,1.6055191278742278,1.6055191278742278,1.529065953249971,1.554550290107727,7425,0.0,0.0
1999-07-27 00:00:00-04:00,1.6055181452464329,1.6055181452464329,1.5800336599349976,1.5800336599349976,16538,0.0,0.0
1999-07-28 00:00:00-04:00,1.5163231848854084,1.5800336599349976,1.5163231848854084,1.5800336599349976,2363,0.0,0.0
1999-07-29 00:00:00-04:00,1.5800336599349976,1.5800336599349976,1.5800336599349976,1.5800336599349976,0,0.0,0.0
1999-07-30 00:00:00-04:00,1.5418081283569336,1.5418081283569336,1.5418081283569336,1.5418081283569336,2025,0.0,0.0
1999-08-02 00:00:00-04:00,1.5290656089782715,1.5290656089782715,1.5290656089782715,1.5290656089782715,675,0.0,0.0
1999-08-03 00:00:00-04:00,1.529065634482531,1.5418081283569336,1.529065634482531,1.5418081283569336,28013,0.0,0.0
1999-08-04 00:00:00-04:00,1.5545499400981873,1.5672924337600493,1.5290656089782715,1.5290656089782715,35438,0.0,0.0
1999-08-05 00:00:00-04:00,1.5800341342957196,1.5800341342957196,1.4526121616363525,1.4526121616363525,22950,0.0,0.0
1999-08-06 00:00:00-04:00,1.427127093614346,1.4780958890914917,1.427127093614346,1.4780958890914917,39488,0.0,0.0
1999-08-09 00:00:00-04:00,1.4780958890914917,1.4780958890914917,1.4780958890914917,1.4780958890914917,0,0.0,0.0
1999-08-10 00:00:00-04:00,1.4398703252824794,1.4780966545987888,1.4398703252824794,1.4526121616363525,36788,0.0,0.0
1999-08-11 00:00:00-04:00,1.4398701190948486,1.4780964429371952,1.4398701190948486,1.4398701190948486,111375,0.0,0.0
1999-08-12 00:00:00-04:00,1.4526114093274924,1.4780958890914917,1.4398695795726253,1.4780958890914917,205538,0.0,0.0
1999-08-13 00:00:00-04:00,1.4653552751565706,1.554550290107727,1.4653552751565706,1.554550290107727,49613,0.0,0.0
1999-08-16 00:00:00-04:00,1.5163234018839273,1.5545495611434519,1.5163234018839273,1.5354361534118652,39488,0.0,0.0
1999-08-17 00:00:00-04:00,1.535436153411865,1.535436153411865,1.535436153411865,1.5354361534118652,0,0.0,0.0
1999-08-18 00:00:00-04:00,1.5800346269654828,1.5800346269654828,1.554550290107727,1.554550290107727,89100,0.0,0.0
1999-08-19 00:00:00-04:00,1.5672924599019187,1.5672924599019187,1.529065634482531,1.5418081283569336,54000,0.0,0.0
1999-08-20 00:00:00-04:00,1.5418081283569336,1.5418081283569336,1.5163237968119485,1.5418081283569336,43875,0.0,0.0
1999-08-23 00:00:00-04:00,1.529065634482531,1.5418081283569336,1.5163237968119485,1.5418081283569336,356738,0.0,0.0
1999-08-24 00:00:00-04:00,1.5290656089782715,1.5290656089782715,1.5290656089782715,1.5290656089782715,3375,0.0,0.0
1999-08-25 00:00:00-04:00,1.529065634482531,1.5418081283569336,1.529065634482531,1.5418081283569336,74250,0.0,0.0
1999-08-26 00:00:00-04:00,1.503580927848816,1.503580927848816,1.503580927848816,1.503580927848816,675,0.0,0.0
1999-08-27 00:00:00-04:00,1.5290656089782715,1.5418081026401338,1.5290656089782715,1.5290656089782715,12488,0.0,0.0
1999-08-30 00:00:00-04:00,1.5290654198678348,1.5290654198678348,1.503580927848816,1.503580927848816,9450,0.0,0.0
1999-08-31 00:00:00-04:00,1.4780961138111466,1.4780961138111466,1.3889009952545166,1.3889009952545166,30038,0.0,0.0
1999-09-01 00:00:00-04:00,1.40164315700531,1.40164315700531,1.40164315700531,1.40164315700531,3713,0.0,0.0
1999-09-02 00:00:00-04:00,1.4271268844604492,1.4780956724678174,1.4016424084313508,1.4271268844604492,32063,0.0,0.0
1999-09-03 00:00:00-04:00,1.4271268844604492,1.439869368551242,1.4271268844604492,1.4271268844604492,39150,0.0,0.0
1999-09-07 00:00:00-04:00,1.401643008181553,1.4207565784454346,1.401643008181553,1.4207565784454346,21263,0.0,0.0
1999-09-08 00:00:00-04:00,1.4143859148025513,1.4143859148025513,1.4143859148025513,1.4143859148025513,1688,0.0,0.0
1999-09-09 00:00:00-04:00,1.4207567110973034,1.4398701190948486,1.4207567110973034,1.4398701190948486,5738,0.0,0.0
1999-09-10 00:00:00-04:00,1.4016424084313508,1.4271268844604492,1.4016424084313508,1.4271268844604492,37125,0.0,0.0
1999-09-13 00:00:00-04:00,1.40164315700531,1.40164315700531,1.376158831416656,1.40164315700531,52313,0.0,0.0
1999-09-14 00:00:00-04:00,1.40164315700531,1.40164315700531,1.376158831416656,1.40164315700531,9113,0.0,0.0
1999-09-15 00:00:00-04:00,1.388901503408545,1.4526121616363525,1.388901503408545,1.4526121616363525,2363,0.0,0.0
1999-09-16 00:00:00-04:00,1.3889009952545166,1.3889009952545166,1.3889009952545166,1.3889009952545166,11138,0.0,0.0
1999-09-17 00:00:00-04:00,1.3889009952545166,1.3889009952545166,1.3889009952545166,1.3889009952545166,10125,0.0,0.0
1999-09-20 00:00:00-04:00,1.3889009952545166,1.4271273105850515,1.3889009952545166,1.3889009952545166,43538,0.0,0.0
1999-09-21 00:00:00-04:00,1.3889009952545166,1.3889009952545166,1.3889009952545166,1.3889009952545166,0,0.0,0.0
1999-09-22 00:00:00-04:00,1.3889013223128162,1.414385811952387,1.3889013223128162,1.40164315700531,27000,0.0,0.0
1999-09-23 00:00:00-04:00,1.4207563947390274,1.4207563947390274,1.3889009952545166,1.3889009952545166,5063,0.0,0.0
1999-09-24 00:00:00-04:00,1.3761584758758545,1.3761584758758545,1.3761584758758545,1.3761584758758545,338,0.0,0.0
1999-09-27 00:00:00-04:00,1.4207567292986338,1.452611972233535,1.40164315700531,1.40164315700531,43200,0.0,0.0
1999-09-28 00:00:00-04:00,1.427127093614346,1.503580204804638,1.427127093614346,1.4780958890914917,88088,0.0,0.0
1999-09-29 00:00:00-04:00,1.4526121616363525,1.4526121616363525,1.4526121616363525,1.4526121616363525,12150,0.0,0.0
1999-09-30 00:00:00-04:00,1.42712733053491,1.42712733053491,1.3634159564971924,1.3634159564971924,96188,0.0,0.0
1999-10-01 00:00:00-04:00,1.401643008181553,1.4271274951152297,1.401643008181553,1.4207565784454346,34763,0.0,0.0
1999-10-04 00:00:00-04:00,1.4080137427925892,1.4271273105850515,1.3889009952545166,1.3889009952545166,2700,0.0,0.0
1999-10-05 00:00:00-04:00,1.388900580543874,1.4271268844604492,1.388900580543874,1.4271268844604492,24638,0.0,0.0
1999-10-06 00:00:00-04:00,1.408014074351557,1.4271276466448808,1.3889013223128162,1.40164315700531,66150,0.0,0.0
1999-10-07 00:00:00-04:00,1.388900963479898,1.388900963479898,1.3761584758758545,1.3761584758758545,1350,0.0,0.0
1999-10-08 00:00:00-04:00,1.376158831416656,1.40164315700531,1.376158831416656,1.40164315700531,7088,0.0,0.0
1999-10-11 00:00:00-04:00,1.40164315700531,1.40164315700531,1.40164315700531,1.40164315700531,0,0.0,0.0
1999-10-12 00:00:00-04:00,1.388900963479898,1.388900963479898,1.3761584758758545,1.3761584758758545,19913,0.0,0.0
1999-10-13 00:00:00-04:00,1.3761584758758545,1.388900963479898,1.3251896738157996,1.3761584758758545,301388,0.0,0.0
1999-10-14 00:00:00-04:00,1.3506744445313634,1.3506744445313634,1.3379318714141846,1.3379318714141846,6750,0.0,0.0
1999-10-15 00:00:00-04:00,1.337932290521216,1.3506748676300049,1.2997060356535841,1.3506748676300049,40838,0.0,0.0
1999-10-18 00:00:00-04:00,1.2997056586944011,1.3251900672912598,1.2997056586944011,1.3251900672912598,4725,0.0,0.0
1999-10-19 00:00:00-04:00,1.2997056270293117,1.302891495874964,1.2487368931028215,1.2742213010787964,40838,0.0,0.0
1999-10-20 00:00:00-04:00,1.248736618118141,1.248736618118141,1.172283411026001,1.172283411026001,69863,0.0,0.0
1999-10-21 00:00:00-04:00,1.1850256973399174,1.2997058390265894,1.1722838603881542,1.248737096786499,452250,0.0,0.0
1999-10-22 00:00:00-04:00,1.280592427395162,1.2997058390265894,1.248737096786499,1.248737096786499,217350,0.0,0.0
1999-10-25 00:00:00-04:00,1.248736875371552,1.40164315700531,1.248736875371552,1.40164315700531,160650,0.0,0.0
1999-10-26 00:00:00-04:00,1.3761580964530813,1.4271268844604492,1.3761580964530813,1.4271268844604492,86400,0.0,0.0
1999-10-27 00:00:00-04:00,1.4080141767383865,1.4143859148025513,1.4080141767383865,1.4143859148025513,3713,0.0,0.0
1999-10-28 00:00:00-04:00,1.4016432589288643,1.4143859148025513,1.4016432589288643,1.4143859148025513,1688,0.0,0.0
1999-10-29 00:00:00-04:00,1.40164315700531,1.40164315700531,1.2997056085743186,1.40164315700531,36113,0.0,0.0
1999-11-01 00:00:00-05:00,1.3506744238025434,1.40164315700531,1.3506744238025434,1.40164315700531,12488,0.0,0.0
1999-11-02 00:00:00-05:00,1.4016427948804449,1.4271272779359094,1.3634159062463738,1.3761584758758545,153900,0.0,0.0
1999-11-03 00:00:00-05:00,1.40164315700531,1.40164315700531,1.40164315700531,1.40164315700531,70875,0.0,0.0
1999-11-04 00:00:00-05:00,1.3889013223128162,1.40164315700531,1.3634162584950373,1.40164315700531,64125,0.0,0.0
1999-11-05 00:00:00-05:00,1.388900963479898,1.4016427948804449,1.3761584758758545,1.3761584758758545,48938,0.0,0.0
1999-11-08 00:00:00-05:00,1.3889007840954795,1.4780958890914917,1.3889007840954795,1.4780958890914917,160650,0.0,0.0
1999-11-09 00:00:00-05:00,1.4780960289699792,1.5290648292705185,1.4334981441497803,1.4334981441497803,90788,0.0,0.0
1999-11-10 00:00:00-05:00,1.4780956724678174,1.5290644604751853,1.4271268844604492,1.4271268844604492,57038,0.0,0.0
1999-11-11 00:00:00-05:00,1.401643008181553,1.439869984658417,1.401643008181553,1.4207565784454346,29700,0.0,0.0
1999-11-12 00:00:00-05:00,1.433498750901791,1.4526121616363525,1.4271278327248542,1.4526121616363525,79650,0.0,0.0
1999-11-15 00:00:00-05:00,1.4526121078617102,1.503580927848816,1.4271277798936233,1.503580927848816,63450,0.0,0.0
1999-11-16 00:00:00-05:00,1.4526121616363525,1.4526121616363525,1.4526121616363525,1.4526121616363525,675,0.0,0.0
1999-11-17 00:00:00-05:00,1.4526121616363525,1.4526121616363525,1.4526121616363525,1.4526121616363525,1688,0.0,0.0
1999-11-18 00:00:00-05:00,1.4526121616363525,1.4526121616363525,1.4526121616363525,1.4526121616363525,4725,0.0,0.0
1999-11-19 00:00:00-05:00,1.4653538445803405,1.4653538445803405,1.4271268844604492,1.4271268844604492,137700,0.0,0.0
1999-11-22 00:00:00-05:00,1.4271268844604492,1.4271268844604492,1.4271268844604492,1.4271268844604492,3375,0.0,0.0
1999-11-23 00:00:00-05:00,1.4398703252824794,1.4526121616363525,1.4398703252824794,1.4526121616363525,14850,0.0,0.0
1999-11-24 00:00:00-05:00,1.4398700733031116,1.465354561805725,1.4398700733031116,1.465354561805725,9113,0.0,0.0
1999-11-26 00:00:00-05:00,1.465354561805725,1.465354561805725,1.465354561805725,1.465354561805725,0,0.0,0.0
1999-11-29 00:00:00-05:00,1.4526119536241067,1.4526119536241067,1.4271276283619325,1.4398701190948486,30713,0.0,0.0
1999-11-30 00:00:00-05:00,1.4653548182449156,1.4780966545987888,1.4398703252824794,1.4526121616363525,70538,0.0,0.0
1999-12-01 00:00:00-05:00,1.4398701190948486,1.4780964429371952,1.4398701190948486,1.4398701190948486,102600,0.0,0.0
1999-12-02 00:00:00-05:00,1.4398703252824794,1.4780966545987888,1.4271278327248542,1.4526121616363525,89100,0.0,0.0
1999-12-03 00:00:00-05:00,1.4398703252824794,1.4526121616363525,1.4398703252824794,1.4526121616363525,6075,0.0,0.0
1999-12-06 00:00:00-05:00,1.4780962759591785,1.5290650847765819,1.4589827060699463,1.4589827060699463,97200,0.0,0.0
1999-12-07 00:00:00-05:00,1.4589832305809571,1.5545499660275162,1.4589832305809571,1.5418081283569336,48263,0.0,0.0
1999-12-08 00:00:00-05:00,1.5290656089782715,1.5927769289309175,1.5290656089782715,1.5290656089782715,1688,0.0,0.0
1999-12-09 00:00:00-05:00,1.5035811138074036,1.5290656089782715,1.5035811138074036,1.5290656089782715,7425,0.0,0.0
1999-12-10 00:00:00-05:00,1.554550290107727,1.554550290107727,1.554550290107727,1.554550290107727,11813,0.0,0.0
1999-12-13 00:00:00-05:00,1.6055185678230277,1.6055185678230277,1.4780965998807292,1.503580927848816,10125,0.0,0.0
1999-12-14 00:00:00-05:00,1.4780956724678174,1.4780956724678174,1.4271268844604492,1.4271268844604492,9450,0.0,0.0
1999-12-15 00:00:00-05:00,1.4780966545987888,1.4780966545987888,1.3761590108509199,1.4526121616363525,28013,0.0,0.0
1999-12-16 00:00:00-05:00,1.4016426138503466,1.4780958890914917,1.4016426138503466,1.4780958890914917,16875,0.0,0.0
1999-12-17 00:00:00-05:00,1.4526121616363525,1.503580983510287,1.4526121616363525,1.4526121616363525,5063,0.0,0.0
1999-12-20 00:00:00-05:00,1.4526121616363525,1.503580983510287,1.4398703252824794,1.4526121616363525,33075,0.0,0.0
1999-12-21 00:00:00-05:00,1.4780958890914917,1.4780958890914917,1.4780958890914917,1.4780958890914917,9450,0.0,0.0
1999-12-22 00:00:00-05:00,1.4526114093274924,1.503580204804638,1.4526114093274924,1.4780958890914917,13500,0.0,0.0
1999-12-23 00:00:00-05:00,1.490838723095387,1.554549363201047,1.478096234162294,1.516323208808899,20250,0.0,0.0
1999-12-27 00:00:00-05:00,1.4908390919666363,1.503580927848816,1.4908390919666363,1.503580927848816,11813,0.0,0.0
1999-12-28 00:00:00-05:00,1.5099520325364302,1.5545499400981873,1.5099520325364302,1.5290656089782715,121500,0.0,0.0
1999-12-29 00:00:00-05:00,1.5290656089782715,1.5545499400981873,1.5290656089782715,1.5290656089782715,147488,0.0,0.0
1999-12-30 00:00:00-05:00,1.5290656089782715,1.5290656089782715,1.5290656089782715,1.5290656089782715,5063,0.0,0.0
1999-12-31 00:00:00-05:00,1.5290656089782715,1.5290656089782715,1.5290656089782715,1.5290656089782715,14513,0.0,0.0
2000-01-03 00:00:00-05:00,1.5290656089782715,1.5290656089782715,1.5290656089782715,1.5290656089782715,1013,0.0,0.0
2000-01-04 00:00:00-05:00,1.5322516594081799,1.5672927866385833,1.529065953249971,1.554550290107727,32400,0.0,0.0
2000-01-05 00:00:00-05:00,1.5609218664751334,1.5609218664751334,1.5418084497808273,1.554550290107727,19913,0.0,0.0
2000-01-06 00:00:00-05:00,1.5418081283569336,1.5418081283569336,1.5418081283569336,1.5418081283569336,1350,0.0,0.0
2000-01-07 00:00:00-05:00,1.5418075180584765,1.5481784343719482,1.5418075180584765,1.5481784343719482,5738,0.0,0.0
2000-01-10 00:00:00-05:00,1.5418081283569336,1.5418081283569336,1.5418081283569336,1.5418081283569336,8100,0.0,0.0
2000-01-11 00:00:00-05:00,1.529065634482531,1.548179047192225,1.529065634482531,1.5418081283569336,46913,0.0,0.0
2000-01-12 00:00:00-05:00,1.548178422410203,1.6055181452464329,1.548178422410203,1.5800336599349976,63450,0.0,0.0
2000-01-13 00:00:00-05:00,1.5800330434167096,1.6310018301010132,1.5800330434167096,1.6310018301010132,69188,0.0,0.0
2000-01-14 00:00:00-05:00,1.6055175187842738,1.6310018301010132,1.6055175187842738,1.6310018301010132,87750,0.0,0.0
2000-01-18 00:00:00-05:00,1.6373744321651176,1.6501162664767466,1.6055183699278395,1.6182608604431152,28013,0.0,0.0
2000-01-19 00:00:00-05:00,1.6182608604431152,1.6182608604431152,1.6182608604431152,1.6182608604431152,8100,0.0,0.0
2000-01-20 00:00:00-05:00,1.618260002544293,1.6310018301010132,1.618260002544293,1.6310018301010132,57375,0.0,0.0
2000-01-21 00:00:00-05:00,1.6564863054685774,1.6819706167853168,1.618260002544293,1.6310018301010132,24638,0.0,0.0
2000-01-24 00:00:00-05:00,1.6310018301010132,1.637373564133497,1.6055175187842738,1.6310018301010132,51975,0.0,0.0
2000-01-25 00:00:00-05:00,1.6182608604431152,1.643745349320932,1.6182608604431152,1.6182608604431152,180900,0.0,0.0
2000-01-26 00:00:00-05:00,1.6182608604431152,1.6182608604431152,1.6182608604431152,1.6182608604431152,10800,0.0,0.0
2000-01-27 00:00:00-05:00,1.618260002544293,1.6310018301010132,1.618260002544293,1.6310018301010132,10800,0.0,0.0
2000-01-28 00:00:00-05:00,1.618260002544293,1.6819706167853168,1.618260002544293,1.6310018301010132,54675,0.0,0.0
2000-01-31 00:00:00-05:00,1.5545493533348362,1.9623003019087084,1.5545493533348362,1.783909559249878,170100,0.0,0.0
2000-02-01 00:00:00-05:00,1.7839088463572228,1.7839088463572228,1.5927756912275535,1.6310018301010132,46575,0.0,0.0
2000-02-02 00:00:00-05:00,1.694713962947641,1.694713962947641,1.656486988067627,1.656486988067627,4050,0.0,0.0
2000-02-03 00:00:00-05:00,1.656486988067627,1.656486988067627,1.656486988067627,1.656486988067627,0,0.0,0.0
2000-02-04 00:00:00-05:00,1.6564867767076528,1.6564867767076528,1.643744945526123,1.643744945526123,4725,0.0,0.0
2000-02-07 00:00:00-05:00,1.6182608604431152,1.6182608604431152,1.6182608604431152,1.6182608604431152,675,0.0,0.0
2000-02-08 00:00:00-05:00,1.6692296741478372,1.6692296741478372,1.6182608604431152,1.6182608604431152,15525,0.0,0.0
2000-02-09 00:00:00-05:00,1.643744477911857,1.643744477911857,1.6055175187842738,1.6310018301010132,59400,0.0,0.0
2000-02-10 00:00:00-05:00,1.6055179755236917,1.643744945526123,1.6055179755236917,1.643744945526123,50625,0.0,0.0
2000-02-11 00:00:00-05:00,1.6310026947547445,1.6310026947547445,1.6182608604431152,1.6182608604431152,7425,0.0,0.0
2000-02-14 00:00:00-05:00,1.6819719076156616,1.7329413896198236,1.6692300702802108,1.6819719076156616,20925,0.0,0.0
2000-02-15 00:00:00-05:00,1.6947143077850342,1.7074561431850475,1.6947143077850342,1.6947143077850342,10800,0.0,0.0
2000-02-16 00:00:00-05:00,1.6947143077850342,1.6947143077850342,1.6947143077850342,1.6947143077850342,9450,0.0,0.0
2000-02-17 00:00:00-05:00,1.69471427674135,1.707456111907959,1.69471427674135,1.707456111907959,30375,0.0,0.0
2000-02-18 00:00:00-05:00,1.6947143077850342,1.7201986347887634,1.6947143077850342,1.6947143077850342,5738,0.0,0.0
2000-02-22 00:00:00-05:00,1.6947143077850342,1.7074561431850475,1.6947143077850342,1.6947143077850342,6075,0.0,0.0
2000-02-23 00:00:00-05:00,1.6947143077850342,1.6947143077850342,1.6947143077850342,1.6947143077850342,0,0.0,0.0
2000-02-24 00:00:00-05:00,1.707456111907959,1.707456111907959,1.69471427674135,1.707456111907959,14175,0.0,0.0
2000-02-25 00:00:00-05:00,1.7201990349890652,1.7966521978378296,1.7201990349890652,1.7966521978378296,15863,0.0,0.0
2000-02-28 00:00:00-05:00,1.7201985120773315,1.7201985120773315,1.7201985120773315,1.7201985120773315,4050,0.0,0.0
2000-02-29 00:00:00-05:00,1.732940673828125,1.7839094785758032,1.732940673828125,1.732940673828125,16875,0.0,0.0
2000-03-01 00:00:00-05:00,1.7329419250416616,1.7584264278411863,1.7329419250416616,1.7584264278411865,20925,0.0,0.0
2000-03-02 00:00:00-05:00,1.7584264278411863,1.7584264278411863,1.7584264278411863,1.7584264278411865,0,0.0,0.0
2000-03-03 00:00:00-05:00,1.7966521978378296,1.7966521978378296,1.7966521978378296,1.7966521978378296,1013,0.0,0.0
2000-03-06 00:00:00-05:00,1.7839094785758032,1.7839094785758032,1.732940673828125,1.732940673828125,40500,0.0,0.0
2000-03-07 00:00:00-05:00,1.732940673828125,1.732940673828125,1.732940673828125,1.732940673828125,20588,0.0,0.0
2000-03-08 00:00:00-05:00,1.732940673828125,1.745682505900558,1.732940673828125,1.732940673828125,55688,0.0,0.0
2000-03-09 00:00:00-05:00,1.732940673828125,1.745682505900558,1.732940673828125,1.732940673828125,20925,0.0,0.0
2000-03-10 00:00:00-05:00,1.7456831932067869,1.7456831932067869,1.7456831932067869,1.745683193206787,8100,0.0,0.0
2000-03-13 00:00:00-05:00,1.7456831932067869,1.7456831932067869,1.7456831932067869,1.745683193206787,12488,0.0,0.0
2000-03-14 00:00:00-05:00,1.7456837663139206,1.7584264278411863,1.7456837663139206,1.7584264278411865,31050,0.0,0.0
2000-03-15 00:00:00-05:00,1.7456837663139206,1.7584264278411863,1.7456837663139206,1.7584264278411865,320963,0.0,0.0
2000-03-16 00:00:00-05:00,1.7584258091806506,1.790281057357788,1.7584258091806506,1.790281057357788,23963,0.0,0.0
2000-03-17 00:00:00-05:00,1.783909559249878,1.783909559249878,1.783909559249878,1.783909559249878,5738,0.0,0.0
2000-03-20 00:00:00-05:00,1.7711670703976574,1.783909559249878,1.7711670703976574,1.783909559249878,30375,0.0,0.0
2000-03-21 00:00:00-05:00,1.7711674952249052,1.8093944787979126,1.7711674952249052,1.8093944787979126,52988,0.0,0.0
2000-03-22 00:00:00-05:00,1.7711671590805051,1.7711671590805051,1.7711671590805051,1.7711671590805054,3375,0.0,0.0
2000-03-23 00:00:00-05:00,1.7711674912557878,1.8348788022994995,1.7711674912557878,1.8348788022994995,20250,0.0,0.0
2000-03-24 00:00:00-05:00,1.8603628518542983,1.8603628518542983,1.783909559249878,1.783909559249878,36450,0.0,0.0
2000-03-27 00:00:00-05:00,1.783909987133504,1.8348788064113914,1.783909987133504,1.8093944787979126,81675,0.0,0.0
2000-03-28 00:00:00-05:00,1.7839097227972707,1.8348785345226999,1.7839097227972707,1.8221360445022583,152888,0.0,0.0
2000-03-29 00:00:00-05:00,1.783909559249878,1.834878366302528,1.758425237748998,1.783909559249878,37125,0.0,0.0
2000-03-30 00:00:00-05:00,1.7584259157874857,1.8731054067611694,1.7584259157874857,1.8731054067611694,81000,0.0,0.0
2000-03-31 00:00:00-05:00,1.847620597909262,1.847620597909262,1.6310028340720077,1.6947143077850342,453938,0.0,0.0
2000-04-03 00:00:00-04:00,1.6819716521303922,1.6947143077850342,1.669229816730379,1.6947143077850342,34425,0.0,0.0
2000-04-04 00:00:00-04:00,1.681971820962454,1.681971820962454,1.6692299842834475,1.6692299842834473,15525,0.0,0.0
2000-04-05 00:00:00-04:00,1.6564863054685774,1.6564863054685774,1.6310018301010132,1.6310018301010132,147150,0.0,0.0
2000-04-06 00:00:00-04:00,1.6501153916902171,1.6501153916902171,1.6310018301010132,1.6310018301010132,5063,0.0,0.0
2000-04-07 00:00:00-04:00,1.6310018301010132,1.6947132645961607,1.6310018301010132,1.6310018301010132,465075,0.0,0.0
2000-04-10 00:00:00-04:00,1.6310028340720077,1.6947143077850342,1.6310028340720077,1.6947143077850342,12488,0.0,0.0
2000-04-11 00:00:00-04:00,1.6437451552602993,1.656486988067627,1.6437451552602993,1.656486988067627,25313,0.0,0.0
2000-04-12 00:00:00-04:00,1.643744945526123,1.643744945526123,1.643744945526123,1.643744945526123,3713,0.0,0.0
2000-04-13 00:00:00-04:00,1.6310022940902364,1.6564867767076528,1.6310022940902364,1.643744945526123,39488,0.0,0.0
2000-04-14 00:00:00-04:00,1.6310024665069796,1.6310024665069796,1.5800336599349976,1.5800336599349976,65475,0.0,0.0
2000-04-17 00:00:00-04:00,1.6182606339784837,1.6182606339784837,1.5800336599349976,1.5800336599349976,13500,0.0,0.0
2000-04-18 00:00:00-04:00,1.5927769136051468,1.6819719076156616,1.580034256014943,1.6819719076156616,38138,0.0,0.0
2000-04-19 00:00:00-04:00,1.6819719076156616,1.6819719076156616,1.6756009889479362,1.6819719076156616,15525,0.0,0.0
2000-04-20 00:00:00-04:00,1.6692299680672982,1.7074562979876695,1.6692299680672982,1.6756008863449097,32400,0.0,0.0
2000-04-24 00:00:00-04:00,1.6756009026229506,1.6756009026229506,1.6692299842834475,1.6692299842834473,6750,0.0,0.0
2000-04-25 00:00:00-04:00,1.6692299842834475,1.6692299842834475,1.6692299842834475,1.6692299842834473,3038,0.0,0.0
2000-04-26 00:00:00-04:00,1.6692299842834475,1.6692299842834475,1.6692299842834475,1.6692299842834473,675,0.0,0.0
2000-04-27 00:00:00-04:00,1.618261311972313,1.618261311972313,1.6055188179016113,1.6055188179016113,14513,0.0,0.0
2000-04-28 00:00:00-04:00,1.7074569300891325,1.7584264278411863,1.7074569300891325,1.7584264278411865,59063,0.0,0.0
2000-05-01 00:00:00-04:00,1.707456111907959,1.707456111907959,1.707456111907959,1.707456111907959,1688,0.0,0.0
2000-05-02 00:00:00-04:00,1.7329419250416616,1.809395269389235,1.7329419250416616,1.7584264278411865,9113,0.0,0.0
2000-05-03 00:00:00-04:00,1.732940673828125,1.732940673828125,1.732940673828125,1.732940673828125,338,0.0,0.0
2000-05-04 00:00:00-04:00,1.732940673828125,1.732940673828125,1.732940673828125,1.732940673828125,0,0.0,0.0
2000-05-05 00:00:00-04:00,1.7329410946485586,1.7584255852363901,1.707456111907959,1.707456111907959,8775,0.0,0.0
2000-05-08 00:00:00-04:00,1.66922985666913,1.8093944787979126,1.6564873647605312,1.8093944787979126,28688,0.0,0.0
2000-05-09 00:00:00-04:00,1.8093944355055194,1.8093944355055194,1.6947143077850342,1.6947143077850342,8100,0.0,0.0
2000-05-10 00:00:00-04:00,1.7074564025413166,1.7711677218809294,1.6819719076156616,1.6819719076156616,10463,0.0,0.0
2000-05-11 00:00:00-04:00,1.6564867767076528,1.7074555778916136,1.643744945526123,1.643744945526123,4388,0.0,0.0
2000-05-12 00:00:00-04:00,1.6310018301010132,1.6310018301010132,1.6310018301010132,1.6310018301010132,3713,0.0,0.0
2000-05-15 00:00:00-04:00,1.6819716213201272,1.707456111907959,1.6310028041953868,1.707456111907959,23963,0.0,0.0
2000-05-16 00:00:00-04:00,1.6310018301010132,1.6310018301010132,1.6310018301010132,1.6310018301010132,675,0.0,0.0
2000-05-17 00:00:00-04:00,1.6310030818153023,1.7074564025413166,1.6310030818153023,1.6819719076156616,55350,0.0,0.0
2000-05-18 00:00:00-04:00,1.6310025021985097,1.732940773776763,1.618260669391182,1.656486988067627,183263,0.0,0.0
2000-05-19 00:00:00-04:00,1.7074564025413166,1.7074564025413166,1.6564875767409573,1.6819719076156616,30713,0.0,0.0
2000-05-22 00:00:00-04:00,1.6947143077850342,1.6947143077850342,1.6947143077850342,1.6947143077850342,4388,0.0,0.0
2000-05-23 00:00:00-04:00,1.694713962947641,1.694713962947641,1.6437451552602993,1.656486988067627,28013,0.0,0.0
2000-05-24 00:00:00-04:00,1.656486988067627,1.656486988067627,1.656486988067627,1.656486988067627,0,0.0,0.0
2000-05-25 00:00:00-04:00,1.6564873251266627,1.7074561431850475,1.6564873251266627,1.6947143077850342,75263,0.0,0.0
2000-05-26 00:00:00-04:00,1.6819719076156616,1.6819719076156616,1.6819719076156616,1.6819719076156616,12488,0.0,0.0
2000-05-30 00:00:00-04:00,1.6819719076156616,1.6819719076156616,1.6819719076156616,1.6819719076156616,0,0.0,0.0
2000-05-31 00:00:00-04:00,1.6819716521303922,1.7074561431850475,1.6819716521303922,1.6947143077850342,33075,0.0,0.0
2000-06-01 00:00:00-04:00,1.6947143077850342,1.6947143077850342,1.6947143077850342,1.6947143077850342,2700,0.0,0.0
2000-06-02 00:00:00-04:00,1.7074563695318508,1.7839101809326707,1.7074563695318508,1.745683193206787,1688,0.0,0.0
2000-06-05 00:00:00-04:00,1.707456111907959,1.707456111907959,1.707456111907959,1.707456111907959,6750,0.0,0.0
2000-06-06 00:00:00-04:00,1.6947143077850342,1.6947143077850342,1.6947143077850342,1.6947143077850342,4388,0.0,0.0
2000-06-07 00:00:00-04:00,1.694714523017245,1.7265697717666626,1.694714523017245,1.7265697717666626,7425,0.0,0.0
2000-06-08 00:00:00-04:00,1.6947143077850342,1.6947143077850342,1.6947143077850342,1.6947143077850342,15525,0.0,0.0
2000-06-09 00:00:00-04:00,1.6947143077850342,1.6947143077850342,1.6947143077850342,1.6947143077850342,0,0.0,0.0
2000-06-12 00:00:00-04:00,1.7584256174471347,1.7839099444508641,1.6947143077850342,1.6947143077850342,11813,0.0,0.0
2000-06-13 00:00:00-04:00,1.7329419250416616,1.7584264278411863,1.7329419250416616,1.7584264278411865,6075,0.0,0.0
2000-06-14 00:00:00-04:00,1.7201982633450073,1.783909559249878,1.6947139418441273,1.783909559249878,42863,0.0,0.0
2000-06-15 00:00:00-04:00,1.707456111907959,1.707456111907959,1.707456111907959,1.707456111907959,1350,0.0,0.0
2000-06-16 00:00:00-04:00,1.707456111907959,1.707456111907959,1.707456111907959,1.707456111907959,675,0.0,0.0
2000-06-19 00:00:00-04:00,1.707456111907959,1.707456111907959,1.707456111907959,1.707456111907959,5400,0.0,0.0
2000-06-20 00:00:00-04:00,1.707456111907959,1.7584255852363901,1.707456111907959,1.707456111907959,5400,0.0,0.0
2000-06-21 00:00:00-04:00,1.707456111907959,1.707456111907959,1.707456111907959,1.707456111907959,21263,0.0,0.0
2000-06-22 00:00:00-04:00,1.707456111907959,1.707456111907959,1.707456111907959,1.707456111907959,1013,0.0,0.0
2000-06-23 00:00:00-04:00,1.7074561840384188,1.8093944787979126,1.7074561840384188,1.8093944787979126,166050,0.0,0.0
2000-06-26 00:00:00-04:00,1.7074557744927867,1.8093940448016481,1.7074557744927867,1.783909559249878,35100,0.0,0.0
2000-06-27 00:00:00-04:00,1.732940673828125,1.732940673828125,1.732940673828125,1.732940673828125,46238,0.0,0.0
2000-06-28 00:00:00-04:00,1.732940673828125,1.732940673828125,1.732940673828125,1.732940673828125,6075,0.0,0.0
2000-06-29 00:00:00-04:00,1.732940673828125,1.732940673828125,1.732940673828125,1.732940673828125,1013,0.0,0.0
2000-06-30 00:00:00-04:00,1.732941420409047,1.8731054067611694,1.732941420409047,1.8731054067611694,79988,0.0,0.0
2000-07-03 00:00:00-04:00,1.841250528773888,1.841250528773888,1.7584264278411863,1.7584264278411865,14175,0.0,0.0
2000-07-05 00:00:00-04:00,1.758425609362293,1.860363245010376,1.758425609362293,1.860363245010376,21600,0.0,0.0
2000-07-06 00:00:00-04:00,1.8603632457110009,1.8603632457110009,1.8571773767471313,1.8571773767471313,29700,0.0,0.0
2000-07-07 00:00:00-04:00,1.8093944787979126,1.8093944787979126,1.8093944787979126,1.8093944787979126,3038,0.0,0.0
2000-07-10 00:00:00-04:00,1.8348787540728926,1.9368163897209756,1.8348787540728926,1.860363245010376,104625,0.0,0.0
2000-07-11 00:00:00-04:00,1.8348787657047354,1.9877852201461792,1.8348787657047354,1.9877852201461792,152888,0.0,0.0
2000-07-12 00:00:00-04:00,1.8348797402905315,2.0387551211663566,1.8348797402905315,2.013270616531372,69188,0.0,0.0
2000-07-13 00:00:00-04:00,1.987785070596236,2.0005269050598145,1.9272594703087316,2.0005269050598145,38138,0.0,0.0
2000-07-14 00:00:00-04:00,1.9240736973088488,2.051495821456264,1.8985893709099189,2.0387539863586426,74250,0.0,0.0
2000-07-17 00:00:00-04:00,2.0387533118928642,2.0387533118928642,1.9368157119185683,1.9495575428009033,40163,0.0,0.0
2000-07-18 00:00:00-04:00,1.9623006790600093,2.0387539863586426,1.9623006790600093,2.0387539863586426,1013,0.0,0.0
2000-07-19 00:00:00-04:00,1.962300419331695,1.962300419331695,1.9368160963058472,1.9368160963058472,2363,0.0,0.0
2000-07-20 00:00:00-04:00,1.9750436135023752,2.013270616531372,1.9495592729184037,2.013270616531372,4050,0.0,0.0
2000-07-21 00:00:00-04:00,1.943186640739441,1.943186640739441,1.943186640739441,1.943186640739441,3375,0.0,0.0
2000-07-24 00:00:00-04:00,1.9431870130114088,2.013269229434291,1.9368160963058472,1.9368160963058472,25313,0.0,0.0
2000-07-25 00:00:00-04:00,1.936817430728444,2.013270616531372,1.936817430728444,2.013270616531372,5400,0.0,0.0
2000-07-26 00:00:00-04:00,1.9368160963058472,1.9368160963058472,1.9368160963058472,1.9368160963058472,3038,0.0,0.0
2000-07-27 00:00:00-04:00,1.9368160963058472,2.013269229434291,1.9368160963058472,1.9368160963058472,19913,0.0,0.0
2000-07-28 00:00:00-04:00,1.8985885716117499,1.911331057548523,1.8985885716117499,1.911331057548523,13500,0.0,0.0
2000-07-31 00:00:00-04:00,1.911331057548523,1.911331057548523,1.911331057548523,1.911331057548523,19913,0.0,0.0
2000-08-01 00:00:00-04:00,1.9240734577178953,1.9240734577178953,1.9240734577178953,1.9240734577178955,5738,0.0,0.0
2000-08-02 00:00:00-04:00,1.911331057548523,1.911331057548523,1.911331057548523,1.911331057548523,675,0.0,0.0
2000-08-03 00:00:00-04:00,1.911331057548523,1.924072887281885,1.911331057548523,1.911331057548523,10125,0.0,0.0
2000-08-04 00:00:00-04:00,1.911331057548523,1.911331057548523,1.911331057548523,1.911331057548523,1013,0.0,0.0
2000-08-07 00:00:00-04:00,1.911331057548523,1.911331057548523,1.911331057548523,1.911331057548523,4388,0.0,0.0
2000-08-08 00:00:00-04:00,1.911331057548523,1.911331057548523,1.911331057548523,1.911331057548523,8775,0.0,0.0
2000-08-09 00:00:00-04:00,1.9368163526610793,2.0897226391565025,1.9368163526610793,2.0387539863586426,63113,0.0,0.0
2000-08-10 00:00:00-04:00,2.0260110628454147,2.0260110628454147,1.9368160963058472,1.9368160963058472,35100,0.0,0.0
2000-08-11 00:00:00-04:00,1.9368164019990313,1.9877852201461792,1.9368164019990313,1.9877852201461792,38813,0.0,0.0
2000-08-14 00:00:00-04:00,1.9877852201461792,1.9877852201461792,1.9623007290471424,1.9877852201461792,9450,0.0,0.0
2000-08-15 00:00:00-04:00,2.01326954719429,2.038754038293327,1.9623007290471424,1.9877852201461792,14175,0.0,0.0
2000-08-16 00:00:00-04:00,1.9623007774353025,1.9623007774353025,1.9623007774353025,1.9623007774353027,338,0.0,0.0
2000-08-17 00:00:00-04:00,1.9623007290471424,2.0005270555683827,1.9623007290471424,1.9877852201461792,25313,0.0,0.0
2000-08-18 00:00:00-04:00,1.9750436135023752,2.013270616531372,1.9750436135023752,2.013270616531372,2025,0.0,0.0
2000-08-21 00:00:00-04:00,1.975042462348938,1.9941560347485978,1.975042462348938,1.975042462348938,58388,0.0,0.0
2000-08-22 00:00:00-04:00,1.9750425644693457,2.01326954719429,1.9750425644693457,1.9877852201461792,13838,0.0,0.0
2000-08-23 00:00:00-04:00,1.9750425644693457,1.9877852201461792,1.9750425644693457,1.9877852201461792,14850,0.0,0.0
2000-08-24 00:00:00-04:00,2.019640360479031,2.019640360479031,1.975042462348938,1.975042462348938,12150,0.0,0.0
2000-08-25 00:00:00-04:00,1.9750417957370436,2.05149507522583,1.9750417957370436,2.05149507522583,39488,0.0,0.0
2000-08-28 00:00:00-04:00,2.000527463919468,2.076981280924315,2.000527463919468,2.0642387866973877,11138,0.0,0.0
2000-08-29 00:00:00-04:00,2.0642387866973877,2.0642387866973877,2.0642387866973877,2.0642387866973877,0,0.0,0.0
2000-08-30 00:00:00-04:00,2.026011331006412,2.0387539863586426,2.0005270046074823,2.0387539863586426,3375,0.0,0.0
2000-08-31 00:00:00-04:00,2.000527463919468,2.0642387866973877,2.000527463919468,2.0642387866973877,21938,0.0,0.0
2000-09-01 00:00:00-04:00,2.0132699581463953,2.0642387866973877,2.0132699581463953,2.0642387866973877,83025,0.0,0.0
2000-09-05 00:00:00-04:00,2.0387551211663566,2.0514969633563163,2.013270616531372,2.013270616531372,36450,0.0,0.0
2000-09-06 00:00:00-04:00,2.013270616531372,2.013270616531372,2.013270616531372,2.013270616531372,3713,0.0,0.0
2000-09-07 00:00:00-04:00,2.0387539863586426,2.0387539863586426,2.026011331006412,2.0387539863586426,145125,0.0,0.0
2000-09-08 00:00:00-04:00,2.013270616531372,2.0387551211663566,2.013270616531372,2.013270616531372,123863,0.0,0.0
2000-09-11 00:00:00-04:00,2.013269495908791,2.0387539863586426,2.013269495908791,2.0387539863586426,58725,0.0,0.0
2000-09-12 00:00:00-04:00,2.0387539863586426,2.0387539863586426,2.0387539863586426,2.0387539863586426,0,0.0,0.0
2000-09-13 00:00:00-04:00,2.013269495908791,2.0387539863586426,2.013269495908791,2.0387539863586426,33750,0.0,0.0
2000-09-14 00:00:00-04:00,2.026011331006412,2.0387539863586426,2.013269495908791,2.0387539863586426,134663,0.0,0.0
2000-09-15 00:00:00-04:00,2.0132694903261052,2.0897226333618164,2.0132694903261052,2.0897226333618164,88088,0.0,0.0
2000-09-18 00:00:00-04:00,2.089722704040856,2.1152071952819824,2.0132695584193305,2.1152071952819824,106313,0.0,0.0
2000-09-19 00:00:00-04:00,2.0642380147996184,2.1916599565036683,2.0642380147996184,2.1789181232452393,60413,0.0,0.0
2000-09-20 00:00:00-04:00,2.0897226333618164,2.0897226333618164,2.0897226333618164,2.0897226333618164,3713,0.0,0.0
2000-09-21 00:00:00-04:00,2.064238307033553,2.0897226333618164,2.0387539807052897,2.0897226333618164,6413,0.0,0.0
2000-09-22 00:00:00-04:00,2.0769807982995276,2.0897226333618164,2.064238307033553,2.0897226333618164,12150,0.0,0.0
2000-09-25 00:00:00-04:00,2.089722704040856,2.1661760137133084,2.038754049660457,2.1152071952819824,200813,0.0,0.0
2000-09-26 00:00:00-04:00,2.1024653597887366,2.140691522472182,2.1024653597887366,2.1152071952819824,46913,0.0,0.0
2000-09-27 00:00:00-04:00,2.1661758422851562,2.1661758422851562,2.1661758422851562,2.1661758422851562,675,0.0,0.0
2000-09-28 00:00:00-04:00,2.147062063641083,2.217144443275017,2.115206824291418,2.1789181232452393,97538,0.0,0.0
2000-09-29 00:00:00-04:00,2.1470611846706067,2.2935966365276594,2.1406902706495368,2.2171435356140137,203175,0.0,0.0
2000-10-02 00:00:00-04:00,2.255370332147083,2.255370332147083,2.2171435356140137,2.2171435356140137,11138,0.0,0.0
2000-10-03 00:00:00-04:00,2.0897227004400674,2.1406915187835693,2.013269554950278,2.1406915187835693,18225,0.0,0.0
2000-10-04 00:00:00-04:00,2.1152071952819824,2.1661760137133084,2.1152071952819824,2.1152071952819824,25988,0.0,0.0
2000-10-05 00:00:00-04:00,2.0642383127575727,2.0642383127575727,2.0387539863586426,2.0387539863586426,66150,0.0,0.0
2000-10-06 00:00:00-04:00,2.0642383127575727,2.0642383127575727,2.0387539863586426,2.0387539863586426,22275,0.0,0.0
2000-10-09 00:00:00-04:00,2.0897226391565025,2.140691456005284,2.013269495908791,2.0387539863586426,17550,0.0,0.0
2000-10-10 00:00:00-04:00,2.0387539863586426,2.0387539863586426,2.0387539863586426,2.0387539863586426,0,0.0,0.0
2000-10-11 00:00:00-04:00,2.01326954719429,2.038754038293327,1.9750425644693457,1.9877852201461792,23625,0.0,0.0
2000-10-12 00:00:00-04:00,1.9750425644693457,1.9877852201461792,1.9750425644693457,1.9877852201461792,10125,0.0,0.0
2000-10-13 00:00:00-04:00,1.9368160963058472,1.9368160963058472,1.9368160963058472,1.9368160963058472,675,0.0,0.0
2000-10-16 00:00:00-04:00,2.0387539863586426,2.0387539863586426,1.9623006790600093,2.0387539863586426,23625,0.0,0.0
2000-10-17 00:00:00-04:00,2.0387539863586426,2.0387539863586426,2.013269495908791,2.0387539863586426,26663,0.0,0.0
2000-10-18 00:00:00-04:00,1.9495575428009033,1.9495575428009033,1.9495575428009033,1.9495575428009033,338,0.0,0.0
2000-10-19 00:00:00-04:00,1.9623006790600093,2.0387539863586426,1.9623006790600093,2.0387539863586426,105300,0.0,0.0
2000-10-20 00:00:00-04:00,2.0387539863586426,2.0387539863586426,2.0387539863586426,2.0387539863586426,0,0.0,0.0
2000-10-23 00:00:00-04:00,1.962300419331695,1.962300419331695,1.9368160963058472,1.9368160963058472,9788,0.0,0.0
2000-10-24 00:00:00-04:00,1.9368160963058472,1.9368160963058472,1.9368160963058472,1.9368160963058472,0,0.0,0.0
2000-10-25 00:00:00-04:00,1.936815537269511,1.936815537269511,1.911331057548523,1.911331057548523,16538,0.0,0.0
2000-10-26 00:00:00-04:00,1.911331170431461,1.911331170431461,1.8603625360809903,1.8858468532562256,19238,0.0,0.0
2000-10-27 00:00:00-04:00,1.8858467418783877,1.911331057548523,1.8858467418783877,1.911331057548523,3713,0.0,0.0
2000-10-30 00:00:00-05:00,1.8858476214631679,1.8858476214631679,1.8348788022994995,1.8348788022994995,50288,0.0,0.0
2000-10-31 00:00:00-05:00,1.8731054067611694,1.8858479005268192,1.834879073820895,1.8731054067611694,77288,0.0,0.0
2000-11-01 00:00:00-05:00,1.8476209113827307,1.8731054067611694,1.8476209113827307,1.8731054067611694,3375,0.0,0.0
2000-11-02 00:00:00-05:00,1.8603625360809903,1.8858468532562256,1.8603625360809903,1.8858468532562256,2025,0.0,0.0
2000-11-03 00:00:00-05:00,1.860363245010376,1.860363245010376,1.860363245010376,1.860363245010376,675,0.0,0.0
2000-11-06 00:00:00-05:00,1.8667334513239366,1.8858468532562256,1.8603625360809903,1.8858468532562256,5063,0.0,0.0
2000-11-07 00:00:00-05:00,1.860363245010376,1.860363245010376,1.860363245010376,1.860363245010376,675,0.0,0.0
2000-11-08 00:00:00-05:00,1.860363245010376,1.860363245010376,1.860363245010376,1.860363245010376,2363,0.0,0.0
2000-11-09 00:00:00-05:00,1.8635477096883841,1.8635477096883841,1.8348781790277975,1.8476200103759766,18225,0.0,0.0
2000-11-10 00:00:00-05:00,1.8348788022994995,1.8348788022994995,1.8348788022994995,1.8348788022994995,4388,0.0,0.0
2000-11-13 00:00:00-05:00,1.8858469808783753,1.8858469808783753,1.8476200103759763,1.8476200103759766,46575,0.0,0.0
2000-11-14 00:00:00-05:00,1.8348787540728926,1.860363245010376,1.8221362625277635,1.860363245010376,276750,0.0,0.0
2000-11-15 00:00:00-05:00,1.8699192815659678,1.8699192815659678,1.8476200103759763,1.8476200103759766,1688,0.0,0.0
2000-11-16 00:00:00-05:00,1.8476197762206266,1.911331057548523,1.8348779464872642,1.911331057548523,31050,0.0,0.0
2000-11-17 00:00:00-05:00,1.860363795149266,1.8985899686813352,1.834879296675615,1.8985899686813354,4050,0.0,0.0
2000-11-20 00:00:00-05:00,1.8985899686813352,1.8985899686813352,1.8985899686813352,1.8985899686813354,675,0.0,0.0
2000-11-21 00:00:00-05:00,1.8221360445022583,1.8348785345226999,1.8221360445022583,1.8221360445022583,51638,0.0,0.0
2000-11-22 00:00:00-05:00,1.8221360445022583,1.8221360445022583,1.8221360445022583,1.8221360445022583,338,0.0,0.0
2000-11-24 00:00:00-05:00,1.8221360445022583,1.8221360445022583,1.8221360445022583,1.8221360445022583,4725,0.0,0.0
2000-11-27 00:00:00-05:00,1.8285069614106686,1.8348785345226999,1.8221360445022583,1.8221360445022583,40838,0.0,0.0
2000-11-28 00:00:00-05:00,1.8348785345226999,1.8348785345226999,1.8221360445022583,1.8221360445022583,9113,0.0,0.0
2000-11-29 00:00:00-05:00,1.8221360445022583,1.8221360445022583,1.8221360445022583,1.8221360445022583,18900,0.0,0.0
2000-11-30 00:00:00-05:00,1.8221360445022583,1.8221360445022583,1.8221360445022583,1.8221360445022583,7425,0.0,0.0
2000-12-01 00:00:00-05:00,1.8221360445022583,1.8221360445022583,1.8221360445022583,1.8221360445022583,13500,0.0,0.0
2000-12-04 00:00:00-05:00,1.8221360445022583,1.8221360445022583,1.8221360445022583,1.8221360445022583,0,0.0,0.0
2000-12-05 00:00:00-05:00,1.8221360445022583,1.8221360445022583,1.8221360445022583,1.8221360445022583,6750,0.0,0.0
2000-12-06 00:00:00-05:00,1.8221363104194561,1.8348788022994995,1.8221363104194561,1.8348788022994995,47925,0.0,0.0
2000-12-07 00:00:00-05:00,1.8348788022994995,1.8348788022994995,1.8348788022994995,1.8348788022994995,0,0.0,0.0
2000-12-08 00:00:00-05:00,1.8348788022994995,1.8348788022994995,1.8348788022994995,1.8348788022994995,0,0.0,0.0
2000-12-11 00:00:00-05:00,1.8221360445022583,1.8221360445022583,1.8221360445022583,1.8221360445022583,62100,0.0,0.0
2000-12-12 00:00:00-05:00,1.8221360445022583,1.8221360445022583,1.8221360445022583,1.8221360445022583,9113,0.0,0.0
2000-12-13 00:00:00-05:00,1.8221360445022583,1.8221360445022583,1.8221360445022583,1.8221360445022583,87075,0.0,0.0
2000-12-14 00:00:00-05:00,1.82213556816555,1.8858468532562256,1.82213556816555,1.8858468532562256,7088,0.0,0.0
2000-12-15 00:00:00-05:00,1.8348788022994995,1.8348788022994995,1.8348788022994995,1.8348788022994995,7425,0.0,0.0
2000-12-18 00:00:00-05:00,1.8348788022994995,1.8348788022994995,1.8348788022994995,1.8348788022994995,3713,0.0,0.0
2000-12-19 00:00:00-05:00,1.8221363104194561,1.8476206379758258,1.8221363104194561,1.8348788022994995,27000,0.0,0.0
2000-12-20 00:00:00-05:00,1.8348785345226999,1.8348785345226999,1.8221360445022583,1.8221360445022583,15525,0.0,0.0
2000-12-21 00:00:00-05:00,1.8253220154149317,1.8348788022994995,1.8221363104194561,1.8348788022994995,30038,0.0,0.0
2000-12-22 00:00:00-05:00,1.8221360445022583,1.8221360445022583,1.8221360445022583,1.8221360445022583,67163,0.0,0.0
2000-12-26 00:00:00-05:00,1.8221360445022583,1.8348785345226999,1.8221360445022583,1.8221360445022583,66488,0.0,0.0
2000-12-27 00:00:00-05:00,1.8221354605504911,1.911331057548523,1.8221354605504911,1.911331057548523,12825,0.0,0.0
2000-12-28 00:00:00-05:00,1.8221360445022583,1.8221360445022583,1.8221360445022583,1.8221360445022583,1013,0.0,0.0
2000-12-29 00:00:00-05:00,1.8221360445022583,1.8348785345226999,1.8221360445022583,1.8221360445022583,32400,0.0,0.0
2001-01-02 00:00:00-05:00,1.8221360445022583,1.8476203683395203,1.8221360445022583,1.8221360445022583,39488,0.0,0.0
2001-01-03 00:00:00-05:00,1.8221360445022583,1.8348785345226999,1.8221360445022583,1.8221360445022583,59063,0.0,0.0
2001-01-04 00:00:00-05:00,1.8603632939067984,1.9113319490195375,1.8348788022994995,1.8348788022994995,23288,0.0,0.0
2001-01-05 00:00:00-05:00,1.8348788022994995,1.8348788022994995,1.8348788022994995,1.8348788022994995,1688,0.0,0.0
2001-01-08 00:00:00-05:00,1.9240734426402228,1.9495579297169707,1.898589119614375,1.9368160963058472,20588,0.0,0.0
2001-01-09 00:00:00-05:00,1.9495574821434516,1.9495574821434516,1.8858468532562256,1.8858468532562256,36788,0.0,0.0
2001-01-10 00:00:00-05:00,1.936815537269511,1.9622998529396465,1.8476197762206266,1.911331057548523,34425,0.0,0.0
2001-01-11 00:00:00-05:00,1.911331170431461,1.911331170431461,1.8858468532562256,1.8858468532562256,7763,0.0,0.0
2001-01-12 00:00:00-05:00,1.860363245010376,1.860363245010376,1.860363245010376,1.860363245010376,3713,0.0,0.0
2001-01-16 00:00:00-05:00,1.9368160963058472,1.9368160963058472,1.9368160963058472,1.9368160963058472,9450,0.0,0.0
2001-01-17 00:00:00-05:00,1.8858468532562256,1.8858468532562256,1.8858468532562256,1.8858468532562256,24300,0.0,0.0
2001-01-18 00:00:00-05:00,1.9400005845757198,1.9622998529396465,1.8476197762206266,1.911331057548523,84375,0.0,0.0
2001-01-19 00:00:00-05:00,1.9623007774353025,1.9623007774353025,1.9113319580313202,1.9623007774353027,3713,0.0,0.0
2001-01-22 00:00:00-05:00,1.8858475838518833,1.9877852201461792,1.8858475838518833,1.9877852201461792,81675,0.0,0.0
2001-01-23 00:00:00-05:00,1.936817430728444,2.013270616531372,1.936817430728444,2.013270616531372,37125,0.0,0.0
2001-01-24 00:00:00-05:00,2.013270616531372,2.013270616531372,2.013270616531372,2.013270616531372,13500,0.0,0.0
2001-01-25 00:00:00-05:00,1.9877862759474003,2.013270616531372,1.9750436135023752,2.013270616531372,256163,0.0,0.0
2001-01-26 00:00:00-05:00,2.013269495908791,2.0387539863586426,1.987785169509861,2.0387539863586426,116775,0.0,0.0
2001-01-29 00:00:00-05:00,2.0387551211663566,2.0387551211663566,1.9877862759474003,2.013270616531372,57713,0.0,0.0
2001-01-30 00:00:00-05:00,2.0132693957270478,2.0132693957270478,2.0005269050598145,2.0005269050598145,104625,0.0,0.0
2001-01-31 00:00:00-05:00,2.0132694430973403,2.0132694430973403,1.975042462348938,1.975042462348938,38138,0.0,0.0
2001-02-01 00:00:00-05:00,1.975042602142406,1.975042602142406,1.9400014877319336,1.9400014877319336,29363,0.0,0.0
2001-02-02 00:00:00-05:00,1.9368164019990313,1.9877852201461792,1.9240737463221977,1.9877852201461792,58388,0.0,0.0
2001-02-05 00:00:00-05:00,1.9877852691627589,1.9877852691627589,1.9623007774353025,1.9623007774353027,675,0.0,0.0
2001-02-06 00:00:00-05:00,1.9623007774353025,1.9623007774353025,1.9623007774353025,1.9623007774353027,0,0.0,0.0
2001-02-07 00:00:00-05:00,1.9877863962192894,2.013270738345202,1.9877863962192894,2.010084867477417,3713,0.0,0.0
2001-02-08 00:00:00-05:00,1.9877852201461792,2.01326954719429,1.9877852201461792,1.9877852201461792,7425,0.0,0.0
2001-02-09 00:00:00-05:00,1.9877862759474003,2.013270616531372,1.9877862759474003,2.013270616531372,14513,0.0,0.0
2001-02-12 00:00:00-05:00,1.987785169509861,2.0387539863586426,1.987785169509861,2.0387539863586426,18900,0.0,0.0
2001-02-13 00:00:00-05:00,2.0132693957270478,2.0132693957270478,2.0005269050598145,2.0005269050598145,88425,0.0,0.0
2001-02-14 00:00:00-05:00,2.0260109901428223,2.0260109901428223,2.0260109901428223,2.0260109901428223,3713,0.0,0.0
2001-02-15 00:00:00-05:00,2.013269495908791,2.0387539863586426,2.013269495908791,2.0387539863586426,16538,0.0,0.0
2001-02-16 00:00:00-05:00,2.0387551211663566,2.0387551211663566,2.013270616531372,2.013270616531372,1688,0.0,0.0
2001-02-20 00:00:00-05:00,2.0387539863586426,2.0387539863586426,2.013269495908791,2.0387539863586426,16875,0.0,0.0
2001-02-21 00:00:00-05:00,2.0387551211663566,2.0514969633563163,2.013270616531372,2.013270616531372,7763,0.0,0.0
2001-02-22 00:00:00-05:00,2.070610382845308,2.0897238023342997,2.013270616531372,2.013270616531372,59738,0.0,0.0
2001-02-23 00:00:00-05:00,2.013269495908791,2.0387539863586426,2.013269495908791,2.0387539863586426,12825,0.0,0.0
2001-02-26 00:00:00-05:00,2.0005262769169265,2.05149507522583,2.0005262769169265,2.05149507522583,5400,0.0,0.0
2001-02-27 00:00:00-05:00,1.9877852201461792,2.0514958737155307,1.9750425644693457,1.9877852201461792,18900,0.0,0.0
2001-02-28 00:00:00-05:00,1.9877852201461792,1.9877852201461792,1.9877852201461792,1.9877852201461792,1688,0.0,0.0
2001-03-01 00:00:00-05:00,2.013269495908791,2.0387539863586426,2.013269495908791,2.0387539863586426,2363,0.0,0.0
2001-03-02 00:00:00-05:00,1.9623007774353025,1.9623007774353025,1.9623007774353025,1.9623007774353027,338,0.0,0.0
2001-03-05 00:00:00-05:00,1.9623007774353025,1.9623007774353025,1.9623007774353025,1.9623007774353027,2025,0.0,0.0
2001-03-06 00:00:00-05:00,2.0387536433511815,2.0387536433511815,1.9877848350775809,2.0260109901428223,15188,0.0,0.0
2001-03-07 00:00:00-05:00,2.026011331006412,2.0387539863586426,2.026011331006412,2.0387539863586426,11138,0.0,0.0
2001-03-08 00:00:00-05:00,2.0260105940459474,2.05149507522583,2.0260105940459474,2.05149507522583,3713,0.0,0.0
2001-03-09 00:00:00-05:00,2.032383068809832,2.0387539863586426,2.032383068809832,2.0387539863586426,6413,0.0,0.0
2001-03-12 00:00:00-05:00,2.0132693957270478,2.0132693957270478,1.962300581414511,2.0005269050598145,16875,0.0,0.0
2001-03-13 00:00:00-05:00,1.9941560870586716,2.0387539863586426,1.9941560870586716,2.0387539863586426,14513,0.0,0.0
2001-03-14 00:00:00-05:00,2.00052811813736,2.0514969633563163,2.00052811813736,2.013270616531372,54338,0.0,0.0
2001-03-15 00:00:00-05:00,2.0387539863586426,2.0387539863586426,2.0387539863586426,2.0387539863586426,7088,0.0,0.0
2001-03-16 00:00:00-05:00,2.0387539863586426,2.0387539863586426,2.0387539863586426,2.0387539863586426,0,0.0,0.0
2001-03-19 00:00:00-05:00,2.013268763583161,2.05149507522583,2.013268763583161,2.05149507522583,18563,0.0,0.0
2001-03-20 00:00:00-05:00,2.05149507522583,2.0897218790210856,2.0387532447630443,2.05149507522583,24300,0.0,0.0
2001-03-21 00:00:00-05:00,2.0419397935772374,2.064238416243268,1.9623007774353025,1.9623007774353027,35438,0.0,0.0
2001-03-22 00:00:00-05:00,2.019640413457602,2.0387539863586426,1.9623006790600093,2.0387539863586426,13163,0.0,0.0
2001-03-23 00:00:00-05:00,1.9750429676184922,2.0642387866973877,1.9750429676184922,2.0642387866973877,147825,0.0,0.0
2001-03-26 00:00:00-05:00,2.0897224246097603,2.1152069124431816,2.051495610834176,2.0769805908203125,39825,0.0,0.0
2001-03-27 00:00:00-05:00,2.07698086854761,2.1152071952819824,2.07698086854761,2.1152071952819824,54675,0.0,0.0
2001-03-28 00:00:00-05:00,2.1406915187835693,2.1406915187835693,2.1152071916372814,2.1406915187835693,31050,0.0,0.0
2001-03-29 00:00:00-05:00,2.1279502553697496,2.1661765923146516,2.1279502553697496,2.1534347534179688,31388,0.0,0.0
2001-03-30 00:00:00-05:00,2.1406902706495368,2.2426278479016184,2.1406902706495368,2.2171435356140137,115425,0.0,0.0
2001-04-02 00:00:00-04:00,2.2171435356140137,2.2171435356140137,2.2171435356140137,2.2171435356140137,338,0.0,0.0
2001-04-03 00:00:00-04:00,2.191660499794687,2.2298874855041504,2.191660499794687,2.2298874855041504,26325,0.0,0.0
2001-04-04 00:00:00-04:00,2.1916595362346523,2.242628335952759,2.1916595362346523,2.242628335952759,675,0.0,0.0
2001-04-05 00:00:00-04:00,2.242628335952759,2.242628335952759,2.217144018119139,2.242628335952759,7425,0.0,0.0
2001-04-06 00:00:00-04:00,2.1948461532592773,2.1948461532592773,2.1948461532592773,2.1948461532592773,1688,0.0,0.0
2001-04-09 00:00:00-04:00,2.130497455596924,2.130497455596924,2.130497455596924,2.130497455596924,338,0.0,0.0
2001-04-10 00:00:00-04:00,2.1406902682292293,2.242627845366058,2.1406902682292293,2.197775363922119,2363,0.0,0.0
2001-04-11 00:00:00-04:00,2.2426296285520766,2.269133701849311,2.1508859330416024,2.2528235912323,6750,0.0,0.0
2001-04-12 00:00:00-04:00,2.2528235912323,2.2528235912323,2.2528235912323,2.2528235912323,6413,0.0,0.0
2001-04-16 00:00:00-04:00,2.2426296285520766,2.2528235912323,2.2426296285520766,2.2528235912323,3375,0.0,0.0
2001-04-17 00:00:00-04:00,2.1814670008274657,2.2630173898615618,2.1101110666264766,2.2528235912323,8438,0.0,0.0
2001-04-18 00:00:00-04:00,2.161079168319702,2.161079168319702,2.161079168319702,2.161079168319702,675,0.0,0.0
2001-04-19 00:00:00-04:00,2.1610788243409234,2.1610788243409234,2.1508848667144775,2.1508848667144775,4050,0.0,0.0
2001-04-20 00:00:00-04:00,2.1508859330416024,2.2528235912323,2.1508859330416024,2.2528235912323,25988,0.0,0.0
2001-04-23 00:00:00-04:00,2.2528227716205897,2.305830242726278,2.2528227716205897,2.2732105255126953,46238,0.0,0.0
2001-04-24 00:00:00-04:00,2.2691328525543213,2.2691328525543213,2.2691328525543213,2.2691328525543213,1013,0.0,0.0
2001-04-25 00:00:00-04:00,2.267093733853426,2.267093733853426,2.242628335952759,2.242628335952759,5400,0.0,0.0
2001-04-26 00:00:00-04:00,2.242628335952759,2.242628335952759,2.242628335952759,2.242628335952759,0,0.0,0.0
2001-04-27 00:00:00-04:00,2.32010261362784,2.32010261362784,2.313986301422119,2.313986301422119,10125,0.0,0.0
2001-04-30 00:00:00-04:00,2.305829752595766,2.3221400178628775,2.242628335952759,2.242628335952759,5400,0.0,0.0
2001-05-01 00:00:00-04:00,2.242628335952759,2.242628335952759,2.242628335952759,2.242628335952759,2025,0.0,0.0
2001-05-02 00:00:00-04:00,2.242628335952759,2.242628335952759,2.242628335952759,2.242628335952759,2025,0.0,0.0
2001-05-03 00:00:00-04:00,2.220203562033908,2.220203562033908,2.1957383155822754,2.1957383155822754,2025,0.0,0.0
2001-05-04 00:00:00-04:00,2.1957388368519846,2.1957388368519846,2.1733129024505615,2.1733129024505615,6750,0.0,0.0
2001-05-07 00:00:00-04:00,2.212048264656666,2.293598150621435,2.2018544673919678,2.2018544673919678,16875,0.0,0.0
2001-05-08 00:00:00-04:00,2.242628335952759,2.242628335952759,2.242628335952759,2.242628335952759,9113,0.0,0.0
2001-05-09 00:00:00-04:00,2.2426293018703074,2.297675609588623,2.2426293018703074,2.297675609588623,13163,0.0,0.0
2001-05-10 00:00:00-04:00,2.242627941809346,2.3690307528799788,2.242627941809346,2.332333564758301,53325,0.0,0.0
2001-05-11 00:00:00-04:00,2.395535153842204,2.446504618673146,2.3445663452148438,2.3445663452148438,6750,0.0,0.0
2001-05-14 00:00:00-04:00,2.4444665908813477,2.4444665908813477,2.4444665908813477,2.4444665908813477,2025,0.0,0.0
2001-05-15 00:00:00-04:00,2.4444666787433156,2.5178614353766964,2.3690324406408223,2.4872803688049316,72563,0.0,0.0
2001-05-16 00:00:00-04:00,2.4526210245118225,2.497474193572998,2.446505369307435,2.497474193572998,49950,0.0,0.0
2001-05-17 00:00:00-04:00,2.546403650274145,2.5586362704848056,2.505627976153758,2.5341708660125732,58388,0.0,0.0
2001-05-18 00:00:00-04:00,2.5688297645910954,2.6993101269060817,2.538248703946157,2.6503801345825195,29025,0.0,0.0
2001-05-21 00:00:00-04:00,2.6483417474660245,2.691155433654785,2.6483417474660245,2.691155433654785,147825,0.0,0.0
2001-05-22 00:00:00-04:00,2.6911551553737474,3.098906185052986,2.650380134431285,2.8950302600860596,84713,0.0,0.0
2001-05-23 00:00:00-04:00,2.884835946688206,3.0581294281206652,2.8542542422798585,2.945997714996338,227138,0.0,0.0
2001-05-24 00:00:00-04:00,2.9561929952552353,3.0112392973471542,2.9561929952552353,2.9969685077667236,142763,0.0,0.0
2001-05-25 00:00:00-04:00,2.9704645425939984,2.988813638687134,2.9378446564325404,2.988813638687134,27675,0.0,0.0
2001-05-29 00:00:00-04:00,2.9765789257589135,2.9765789257589135,2.8542537689208984,2.8542537689208984,11475,0.0,0.0
2001-05-30 00:00:00-04:00,2.837945063356351,2.837945063356351,2.5484426021575928,2.5484426021575928,30713,0.0,0.0
2001-05-31 00:00:00-04:00,2.4872789433609195,2.680960178375244,2.4770849869274993,2.680960178375244,65475,0.0,0.0
2001-06-01 00:00:00-04:00,2.7400849830002714,2.8134803771972656,2.7400849830002714,2.8134803771972656,73575,0.0,0.0
2001-06-04 00:00:00-04:00,2.8338682422447987,2.9358058803474614,2.793092727661133,2.793092727661133,18225,0.0,0.0
2001-06-05 00:00:00-04:00,2.9337662269261795,2.956192310676705,2.915417463811311,2.9256112575531006,76275,0.0,0.0
2001-06-06 00:00:00-04:00,2.9561917781829834,2.9684243940900443,2.8746417710398915,2.9561917781829834,197438,0.0,0.0
2001-06-07 00:00:00-04:00,2.905224080056568,3.029588460922241,2.905224080056568,3.029588460922241,68175,0.0,0.0
2001-06-08 00:00:00-04:00,2.974542664379524,3.058131217956543,2.974542664379524,3.058131217956543,570038,0.0,0.0
2001-06-11 00:00:00-04:00,3.058131217956543,3.058131217956543,2.9969690857502687,3.058131217956543,12825,0.0,0.0
2001-06-12 00:00:00-04:00,3.0112397631011416,3.0479376316070557,2.972503725642812,3.0479376316070557,24975,0.0,0.0
2001-06-13 00:00:00-04:00,3.045898663437932,3.045898663437932,2.996968507766723,2.9969685077667236,20588,0.0,0.0
2001-06-14 00:00:00-04:00,2.9908506870269775,3.007160294107112,2.956191664638476,2.9908506870269775,36788,0.0,0.0
2001-06-15 00:00:00-04:00,2.9908506870269775,2.9908506870269775,2.943959705404645,2.9908506870269775,7763,0.0,0.0
2001-06-18 00:00:00-04:00,2.9439609689259196,2.9561929334095987,2.9031851291656494,2.9031851291656494,5738,0.0,0.0
2001-06-19 00:00:00-04:00,2.903185237728652,2.9296896329944953,2.791053806856739,2.8440616130828857,5400,0.0,0.0
2001-06-20 00:00:00-04:00,2.7890150777722087,2.8562943323283068,2.7890150777722087,2.793092727661133,33075,0.0,0.0
2001-06-21 00:00:00-04:00,2.7890144945395496,2.860371055960785,2.7890144945395496,2.795130968093872,1350,0.0,0.0
2001-06-22 00:00:00-04:00,2.80328631401062,2.80328631401062,2.80328631401062,2.80328631401062,3375,0.0,0.0
2001-06-25 00:00:00-04:00,2.793092518154792,2.80328631401062,2.793092518154792,2.80328631401062,11138,0.0,0.0
2001-06-26 00:00:00-04:00,2.8032855897608897,2.813479711084824,2.6891155322046814,2.752316951751709,119138,0.0,0.0
2001-06-27 00:00:00-04:00,2.6891166085739204,2.803286711828849,2.6891166085739204,2.691155433654785,28013,0.0,0.0
2001-06-28 00:00:00-04:00,2.670766859369412,2.670766859369412,2.6299920082092285,2.6299920082092285,40163,0.0,0.0
2001-06-29 00:00:00-04:00,2.619797945022583,2.721736217220163,2.619797945022583,2.619797945022583,44888,0.0,0.0
2001-07-02 00:00:00-04:00,2.621837141499076,2.80328631401062,2.621837141499076,2.80328631401062,3038,0.0,0.0
2001-07-03 00:00:00-04:00,2.8542537689208984,2.8542537689208984,2.8542537689208984,2.8542537689208984,675,0.0,0.0
2001-07-05 00:00:00-04:00,2.8542537689208984,2.8542537689208984,2.8542537689208984,2.8542537689208984,0,0.0,0.0
2001-07-06 00:00:00-04:00,2.632031101405821,2.8542552932897616,2.632031101405821,2.80328631401062,8775,0.0,0.0
2001-07-09 00:00:00-04:00,2.6340695954486226,2.721736431121826,2.6340695954486226,2.721736431121826,3713,0.0,0.0
2001-07-10 00:00:00-04:00,2.664651477815755,2.80328631401062,2.664651477815755,2.80328631401062,4050,0.0,0.0
2001-07-11 00:00:00-04:00,2.80328631401062,2.80328631401062,2.80328631401062,2.80328631401062,1013,0.0,0.0
2001-07-12 00:00:00-04:00,2.689116723333456,2.762511968612671,2.689116723333456,2.762511968612671,16200,0.0,0.0
2001-07-13 00:00:00-04:00,2.762511968612671,2.762511968612671,2.762511968612671,2.762511968612671,0,0.0,0.0
2001-07-16 00:00:00-04:00,2.719696490121072,2.8542537689208984,2.719696490121072,2.8542537689208984,28350,0.0,0.0
2001-07-17 00:00:00-04:00,2.854254910508252,2.854254910508252,2.795130968093872,2.795130968093872,2363,0.0,0.0
2001-07-18 00:00:00-04:00,2.7930920908752457,2.81144118309021,2.7930920908752457,2.81144118309021,3713,0.0,0.0
2001-07-19 00:00:00-04:00,2.7523174886521473,2.7523174886521473,2.721736431121826,2.721736431121826,4050,0.0,0.0
2001-07-20 00:00:00-04:00,2.731929201256463,2.752316951751709,2.731929201256463,2.752316951751709,10125,0.0,0.0
2001-07-23 00:00:00-04:00,2.864448815667333,2.9296892341566525,2.803286046371772,2.8746426105499268,35438,0.0,0.0
2001-07-24 00:00:00-04:00,2.8746413497441776,2.915416511390735,2.833866516199278,2.8542537689208984,43538,0.0,0.0
2001-07-25 00:00:00-04:00,2.854255228575733,2.872604323181665,2.7951312795728027,2.8644490242004395,34763,0.0,0.0
2001-07-26 00:00:00-04:00,2.868525206737857,2.868525206737857,2.8542537689208984,2.8542537689208984,121163,0.0,0.0
2001-07-27 00:00:00-04:00,2.844061733752969,2.848139055572994,2.8236744684491253,2.8338682651519775,69525,0.0,0.0
2001-07-30 00:00:00-04:00,2.8257118822592493,2.8399826655534857,2.721735470297109,2.8073627948760986,46913,0.0,0.0
2001-07-31 00:00:00-04:00,2.721736530085152,2.7910536182143955,2.721736530085152,2.76455020904541,62775,0.0,0.0
2001-08-01 00:00:00-04:00,2.74823967723109,2.782898215922417,2.74823967723109,2.772705078125,79650,0.0,0.0
2001-08-02 00:00:00-04:00,2.7523167849775096,2.8012469238587734,2.548441753141791,2.560673713684082,156938,0.0,0.0
2001-08-03 00:00:00-04:00,2.6911543443911943,2.6911543443911943,2.5892167407285944,2.5994105339050293,2700,0.0,0.0
2001-08-06 00:00:00-04:00,2.619797945022583,2.619797945022583,2.619797945022583,2.619797945022583,1688,0.0,0.0
2001-08-07 00:00:00-04:00,2.6503801345825195,2.6503801345825195,2.611644102558808,2.6503801345825195,11138,0.0,0.0
2001-08-08 00:00:00-04:00,2.6503801345825195,2.6503801345825195,2.6503801345825195,2.6503801345825195,3375,0.0,0.0
2001-08-09 00:00:00-04:00,2.6299920082092285,2.65037976189112,2.6299920082092285,2.6299920082092285,155925,0.0,0.0
2001-08-10 00:00:00-04:00,2.6299923780337404,2.6503801345825195,2.6299923780337404,2.6503801345825195,3713,0.0,0.0
2001-08-13 00:00:00-04:00,2.6401863383335913,2.6503801345825195,2.6075664528184985,2.6503801345825195,4725,0.0,0.0
2001-08-14 00:00:00-04:00,2.65037976189112,2.65037976189112,2.6299920082092285,2.6299920082092285,5063,0.0,0.0
2001-08-15 00:00:00-04:00,2.6503801345825195,2.7767830112081193,2.538248703946157,2.6503801345825195,55688,0.0,0.0
2001-08-16 00:00:00-04:00,2.5708684254103273,2.6503801345825195,2.5708684254103273,2.6503801345825195,1350,0.0,0.0
2001-08-17 00:00:00-04:00,2.5892170824160305,2.609604835510254,2.5892170824160305,2.609604835510254,432000,0.0,0.0
2001-08-20 00:00:00-04:00,2.609605660771504,2.6503805236510063,2.5688301416882133,2.5892179012298584,4725,0.0,0.0
2001-08-21 00:00:00-04:00,2.5627130376949294,2.5953335762023926,2.5525198986531543,2.5953335762023926,37463,0.0,0.0
2001-08-22 00:00:00-04:00,2.6299923780337404,2.6503801345825195,2.6299923780337404,2.6503801345825195,4050,0.0,0.0
2001-08-23 00:00:00-04:00,2.5627129296167763,2.6299920082092285,2.5627129296167763,2.6299920082092285,675,0.0,0.0
2001-08-24 00:00:00-04:00,2.6299920082092285,2.6299920082092285,2.6299920082092285,2.6299920082092285,0,0.0,0.0
2001-08-27 00:00:00-04:00,2.6299919078164917,2.6299919078164917,2.542325735092163,2.542325735092163,675,0.0,0.0
2001-08-28 00:00:00-04:00,2.532132567071388,2.5688299407930244,2.4505820274353027,2.4505820274353027,6413,0.0,0.0
2001-08-29 00:00:00-04:00,2.446505029858574,2.6503801345825195,2.446505029858574,2.6503801345825195,25988,0.0,0.0
2001-08-30 00:00:00-04:00,2.6503801345825195,2.6503801345825195,2.446505029858574,2.6503801345825195,3375,0.0,0.0
2001-08-31 00:00:00-04:00,2.4465045393022327,2.636108160018921,2.4200003134574355,2.636108160018921,557550,0.0,0.0
2001-09-04 00:00:00-04:00,2.634069472830932,2.634069472830932,2.4465046668007315,2.530093193054199,7763,0.0,0.0
2001-09-05 00:00:00-04:00,2.4363117304827524,2.528055429458618,2.4200014551986992,2.528055429458618,2025,0.0,0.0
2001-09-06 00:00:00-04:00,2.528055429458618,2.528055429458618,2.528055429458618,2.528055429458618,0,0.0,0.0
2001-09-07 00:00:00-04:00,2.4628151485772434,2.568830461464881,2.4628151485772434,2.528055429458618,6413,0.0,0.0
2001-09-10 00:00:00-04:00,2.5484426021575928,2.5484426021575928,2.5484426021575928,2.5484426021575928,1350,0.0,0.0
2001-09-17 00:00:00-04:00,2.411844801000773,2.560673713684082,2.409806140910391,2.560673713684082,38475,0.0,0.0
2001-09-18 00:00:00-04:00,2.4138844293296517,2.5484426021575928,2.4138844293296517,2.5484426021575928,675,0.0,0.0
2001-09-19 00:00:00-04:00,2.446505693548027,2.528055429458618,2.4138851429799213,2.528055429458618,4050,0.0,0.0
2001-09-20 00:00:00-04:00,2.3812639713287354,2.3812639713287354,2.3812639713287354,2.3812639713287354,1013,0.0,0.0
2001-09-21 00:00:00-04:00,2.4159224033355713,2.4159224033355713,2.4159224033355713,2.4159224033355713,2700,0.0,0.0
2001-09-24 00:00:00-04:00,2.3302954035610637,2.426116704940796,2.2630163312694958,2.426116704940796,47250,0.0,0.0
2001-09-25 00:00:00-04:00,2.426117685402763,2.4444666201980816,2.344567137508488,2.4363114833831787,24638,0.0,0.0
2001-09-26 00:00:00-04:00,2.334374480824172,2.4465061257393788,2.334374480824172,2.3669943809509277,23625,0.0,0.0
2001-09-27 00:00:00-04:00,2.3669932964374025,2.3975741927181278,2.362915646738867,2.3649544715881348,16538,0.0,0.0
2001-09-28 00:00:00-04:00,2.29359900246086,2.4057304859161377,2.29359900246086,2.4057304859161377,15525,0.0,0.0
2001-10-01 00:00:00-04:00,2.4057304859161377,2.4057304859161377,2.4057304859161377,2.4057304859161377,0,0.0,0.0
2001-10-02 00:00:00-04:00,2.4057304859161377,2.4057304859161377,2.4057304859161377,2.4057304859161377,0,0.0,0.0
2001-10-03 00:00:00-04:00,2.405729914467385,2.405729914467385,2.2528235912323,2.2528235912323,10800,0.0,0.0
2001-10-04 00:00:00-04:00,2.2548608779907227,2.2548608779907227,2.2548608779907227,2.2548608779907227,7088,0.0,0.0
2001-10-05 00:00:00-04:00,2.3547610853720364,2.405729914467385,2.2426296285520766,2.2528235912323,1688,0.0,0.0
2001-10-08 00:00:00-04:00,2.258938789367676,2.258938789367676,2.258938789367676,2.258938789367676,338,0.0,0.0
2001-10-09 00:00:00-04:00,2.297675944288938,2.344567286742774,2.2528235912323,2.2528235912323,83363,0.0,0.0
2001-10-10 00:00:00-04:00,2.2528235912323,2.2528235912323,2.2528235912323,2.2528235912323,0,0.0,0.0
2001-10-11 00:00:00-04:00,2.2834042704048017,2.342527389526367,2.2630163543732533,2.342527389526367,5400,0.0,0.0
2001-10-12 00:00:00-04:00,2.342527389526367,2.342527389526367,2.342527389526367,2.342527389526367,675,0.0,0.0
2001-10-15 00:00:00-04:00,2.2528235912323,2.2528235912323,2.2528235912323,2.2528235912323,2025,0.0,0.0
2001-10-16 00:00:00-04:00,2.2528235912323,2.2528235912323,2.2528235912323,2.2528235912323,675,0.0,0.0
2001-10-17 00:00:00-04:00,2.2976745737522735,2.303791046142578,2.252822247449536,2.303791046142578,5400,0.0,0.0
2001-10-18 00:00:00-04:00,2.3404885412183427,2.426116704940796,2.3404885412183427,2.426116704940796,89438,0.0,0.0
2001-10-19 00:00:00-04:00,2.4587368416674846,2.5586363011676787,2.4566980169242885,2.4750471115112305,38475,0.0,0.0
2001-10-22 00:00:00-04:00,2.5586364989729553,2.579023599624634,2.5586364989729553,2.579023599624634,12488,0.0,0.0
2001-10-23 00:00:00-04:00,2.523976799531709,2.568829298019409,2.523976799531709,2.568829298019409,9113,0.0,0.0
2001-10-24 00:00:00-04:00,2.593295006829261,2.711542912076087,2.593295006829261,2.6503801345825195,20588,0.0,0.0
2001-10-25 00:00:00-04:00,2.6197984177338896,2.6503801345825195,2.6197984177338896,2.6503801345825195,3375,0.0,0.0
2001-10-26 00:00:00-04:00,2.6503801345825195,2.6503801345825195,2.6503801345825195,2.6503801345825195,2025,0.0,0.0
2001-10-29 00:00:00-05:00,2.619797945022583,2.619797945022583,2.619797945022583,2.619797945022583,3038,0.0,0.0
2001-10-30 00:00:00-05:00,2.570868853103314,2.5892179518854403,2.4179625401353984,2.5178613662719727,32738,0.0,0.0
2001-10-31 00:00:00-05:00,2.538248244887602,2.6707667519022253,2.538248244887602,2.6626124382019043,36788,0.0,0.0
2001-11-01 00:00:00-05:00,2.6503801345825195,2.6503801345825195,2.6299923780337404,2.6503801345825195,30713,0.0,0.0
2001-11-02 00:00:00-05:00,2.6014508189199175,2.6401870250701904,2.6014508189199175,2.6401870250701904,3038,0.0,0.0
2001-11-05 00:00:00-05:00,2.6197984287238105,2.6197984287238105,2.5871787071228027,2.5871787071228027,7763,0.0,0.0
2001-11-06 00:00:00-05:00,2.5525195598602295,2.5525195598602295,2.5525195598602295,2.5525195598602295,4050,0.0,0.0
2001-11-07 00:00:00-05:00,2.65037976189112,2.65037976189112,2.5097054590576375,2.6299920082092285,5738,0.0,0.0
2001-11-08 00:00:00-05:00,2.5729071875960288,2.5729071875960288,2.5484426021575928,2.5484426021575928,1688,0.0,0.0
2001-11-09 00:00:00-05:00,2.5586367169024453,2.5586367169024453,2.5545592308044434,2.5545592308044434,5738,0.0,0.0
2001-11-12 00:00:00-05:00,2.599410853115594,2.599410853115594,2.446504592895508,2.446504592895508,11138,0.0,0.0
2001-11-13 00:00:00-05:00,2.448543800695404,2.4974739592684116,2.3853423595428467,2.3853423595428467,62775,0.0,0.0
2001-11-14 00:00:00-05:00,2.4770859260143006,2.4770859260143006,2.387381076812744,2.387381076812744,19575,0.0,0.0
2001-11-15 00:00:00-05:00,2.3873805253357827,2.5525195598602295,2.3873805253357827,2.5525195598602295,20250,0.0,0.0
2001-11-16 00:00:00-05:00,2.5892179012298584,2.5892179012298584,2.5892179012298584,2.5892179012298584,338,0.0,0.0
2001-11-19 00:00:00-05:00,2.5382491436819863,2.5586369037628174,2.5382491436819863,2.5586369037628174,28688,0.0,0.0
2001-11-20 00:00:00-05:00,2.5871782283618616,2.6626124382019043,2.5871782283618616,2.6626124382019043,62438,0.0,0.0
2001-11-21 00:00:00-05:00,2.6809614723014015,2.7013492309572293,2.6809614723014015,2.691155433654785,5063,0.0,0.0
2001-11-23 00:00:00-05:00,2.6503801345825195,2.6503801345825195,2.6503801345825195,2.6503801345825195,6750,0.0,0.0
2001-11-26 00:00:00-05:00,2.6299919324008973,2.6299919324008973,2.609604835510254,2.609604835510254,2700,0.0,0.0
2001-11-27 00:00:00-05:00,2.636108317908706,2.636108317908706,2.6299920082092285,2.6299920082092285,19238,0.0,0.0
2001-11-28 00:00:00-05:00,2.568829702005983,2.609605214110116,2.5484426021575928,2.5484426021575928,15863,0.0,0.0
2001-11-29 00:00:00-05:00,2.5280539816699865,2.5994105339050293,2.5280539816699865,2.5994105339050293,675,0.0,0.0
2001-11-30 00:00:00-05:00,2.5994108483561043,2.619797945022583,2.5994108483561043,2.619797945022583,8438,0.0,0.0
2001-12-03 00:00:00-05:00,2.548443327119239,2.6401870250701904,2.548443327119239,2.6401870250701904,1350,0.0,0.0
2001-12-04 00:00:00-05:00,2.5688296728486284,2.589217428669285,2.5688296728486284,2.5769846439361572,236588,0.0,0.0
2001-12-05 00:00:00-05:00,2.609604835510254,2.609604835510254,2.609604835510254,2.609604835510254,1688,0.0,0.0
2001-12-06 00:00:00-05:00,2.609605956470839,2.6401870250701904,2.609605956470839,2.6401870250701904,5400,0.0,0.0
2001-12-07 00:00:00-05:00,2.619799099167404,2.6401870250701904,2.609605956470839,2.6401870250701904,7088,0.0,0.0
2001-12-10 00:00:00-05:00,2.640185336946728,2.721735676007203,2.640185336946728,2.680960178375244,11813,0.0,0.0
2001-12-11 00:00:00-05:00,2.7115427460334987,2.8746428198251457,2.7115427460334987,2.8644490242004395,84375,0.0,0.0
2001-12-12 00:00:00-05:00,2.8807594290603338,2.996968507766723,2.835906266867144,2.9969685077667236,8100,0.0,0.0
2001-12-13 00:00:00-05:00,2.8073628757036158,2.9663855700885833,2.784936467890955,2.9561917781829834,7763,0.0,0.0
2001-12-14 00:00:00-05:00,2.9969673317108207,3.03570334797717,2.8542542422798585,2.945997714996338,9450,0.0,0.0
2001-12-17 00:00:00-05:00,2.915416511390735,2.915416511390735,2.8542537689208984,2.8542537689208984,675,0.0,0.0
2001-12-18 00:00:00-05:00,2.9602705216233827,3.007161855697632,2.8542555597872465,3.007161855697632,1350,0.0,0.0
2001-12-19 00:00:00-05:00,3.0071619029661756,3.0071619029661756,2.7910539978313245,2.9154183864593506,6750,0.0,0.0
2001-12-20 00:00:00-05:00,3.007161697204661,3.007161697204661,2.8440616130828857,2.8440616130828857,675,0.0,0.0
2001-12-21 00:00:00-05:00,2.7890148685717273,2.8542552932897616,2.7890148685717273,2.80328631401062,14850,0.0,0.0
2001-12-24 00:00:00-05:00,2.80328631401062,2.80328631401062,2.80328631401062,2.80328631401062,0,0.0,0.0
2001-12-26 00:00:00-05:00,2.80328631401062,2.80328631401062,2.80328631401062,2.80328631401062,28688,0.0,0.0
2001-12-27 00:00:00-05:00,2.80328649592776,2.80328649592776,2.7828989028930664,2.7828989028930664,26325,0.0,0.0
2001-12-28 00:00:00-05:00,2.78289892587592,2.9296897281787446,2.78289892587592,2.823674440383911,6413,0.0,0.0
2001-12-31 00:00:00-05:00,2.789013385772705,2.789013385772705,2.789013385772705,2.789013385772705,338,0.0,0.0
2002-01-02 00:00:00-05:00,2.886876106262207,2.886876106262207,2.886876106262207,2.886876106262207,1688,0.0,0.0
2002-01-03 00:00:00-05:00,2.807364077750394,2.8440616130828857,2.784937660335273,2.8440616130828857,11475,0.0,0.0
2002-01-04 00:00:00-05:00,2.844059978509259,2.9052223928774374,2.8359046836986215,2.8542537689208984,19238,0.0,0.0
2002-01-07 00:00:00-05:00,2.854255478514495,2.8848371961683905,2.7828989028930664,2.7828989028930664,24975,0.0,0.0
2002-01-08 00:00:00-05:00,2.782898215922417,2.8032858039243456,2.6503795501134304,2.772705078125,10125,0.0,0.0
2002-01-09 00:00:00-05:00,2.758432664014141,2.954152521232975,2.758432664014141,2.8542537689208984,46913,0.0,0.0
2002-01-10 00:00:00-05:00,2.7665886647778213,3.04793659785317,2.7665886647778213,2.9337663650512695,104288,0.0,0.0
2002-01-11 00:00:00-05:00,3.041820803173055,3.0785180072586376,2.9561927906000283,2.9765803813934326,19575,0.0,0.0
2002-01-14 00:00:00-05:00,2.85629370375444,3.0520142933141354,2.85629370375444,2.986774206161499,34763,0.0,0.0
2002-01-15 00:00:00-05:00,3.0051237787329605,3.0051237787329605,2.941923141479492,2.941923141479492,2025,0.0,0.0
2002-01-16 00:00:00-05:00,2.9561923954303,2.994929075241089,2.9561923954303,2.994929075241089,4725,0.0,0.0
2002-01-17 00:00:00-05:00,2.9928910236221458,3.078518390655518,2.950076683901741,3.0785183906555176,17550,0.0,0.0
2002-01-18 00:00:00-05:00,2.98473547853694,3.251811981201172,2.98473547853694,3.251811981201172,101588,0.0,0.0
2002-01-22 00:00:00-05:00,2.9867743854990616,3.119292736053467,2.9867743854990616,3.119292736053467,223425,0.0,0.0
2002-01-23 00:00:00-05:00,3.1356036237879295,3.184533783773414,3.125409826786709,3.170262336730957,495450,0.0,0.0
2002-01-24 00:00:00-05:00,3.1702631025952006,3.190650701522827,3.1600699593352863,3.190650701522827,6750,0.0,0.0
2002-01-25 00:00:00-05:00,3.172301409053941,3.225308895111084,3.172301409053941,3.225308895111084,18225,0.0,0.0
2002-01-28 00:00:00-05:00,3.225308895111084,3.2722008899352386,3.225308895111084,3.225308895111084,91125,0.0,0.0
2002-01-29 00:00:00-05:00,3.225306769139485,3.2620046138763428,3.2069583389235756,3.2620046138763428,8438,0.0,0.0
2002-01-30 00:00:00-05:00,3.2722003845863314,3.2722003845863314,3.2008438110351562,3.2008438110351562,31725,0.0,0.0
2002-01-31 00:00:00-05:00,3.2171536041568896,3.2620057759091585,3.188610716493089,3.251811981201172,158625,0.0,0.0
2002-02-01 00:00:00-05:00,3.2742375568903084,3.276275396420931,3.251810822799718,3.2620046138763428,111375,0.0,0.0
2002-02-04 00:00:00-05:00,3.2905479768555534,3.2905479768555534,3.2212302391043957,3.2416181564331055,11475,0.0,0.0
2002-02-05 00:00:00-05:00,3.2620046138763428,3.312973569259468,3.251810822799718,3.2620046138763428,24975,0.0,0.0
2002-02-06 00:00:00-05:00,3.2823923455812554,3.3027802588030313,3.2620050885629333,3.276275873184204,22275,0.0,0.0
2002-02-07 00:00:00-05:00,3.264044780569402,3.264044780569402,3.231424570083618,3.231424570083618,29363,0.0,0.0
2002-02-08 00:00:00-05:00,3.2212304467113597,3.2620059558949506,3.211037307644544,3.231424570083618,40500,0.0,0.0
2002-02-11 00:00:00-05:00,3.251810822799718,3.2620046138763428,3.241617031723093,3.2620046138763428,13838,0.0,0.0
2002-02-12 00:00:00-05:00,3.262004994952816,3.262004994952816,3.208997537643231,3.2171528339385986,28350,0.0,0.0
2002-02-13 00:00:00-05:00,3.2130756378173824,3.2416178664597175,3.2110368134567118,3.213075637817383,21938,0.0,0.0
2002-02-14 00:00:00-05:00,3.2579284548870415,3.2620057759091585,3.251811981201172,3.251811981201172,10125,0.0,0.0
2002-02-15 00:00:00-05:00,3.231423240646468,3.2620046138763428,3.2212291214681636,3.2620046138763428,13838,0.0,0.0
2002-02-19 00:00:00-05:00,3.241617031723093,3.2620046138763428,3.241617031723093,3.2620046138763428,8438,0.0,0.0
2002-02-20 00:00:00-05:00,3.2620057759091585,3.2620057759091585,3.251811981201172,3.251811981201172,1350,0.0,0.0
2002-02-21 00:00:00-05:00,3.2497733359500547,3.2620059558949506,3.231424570083618,3.231424570083618,10125,0.0,0.0
2002-02-22 00:00:00-05:00,3.231423386119773,3.262004760726371,3.1498733819372067,3.237539529800415,25650,0.0,0.0
2002-02-25 00:00:00-05:00,3.229384837748769,3.292586088180542,3.1539512989119576,3.292586088180542,28350,0.0,0.0
2002-02-26 00:00:00-05:00,3.290548426690606,3.306858697162914,3.282393455505371,3.282393455505371,10463,0.0,0.0
2002-02-27 00:00:00-05:00,3.2253071895459415,3.3088963528901303,3.2253071895459415,3.292586088180542,11475,0.0,0.0
2002-02-28 00:00:00-05:00,3.3088970423385367,3.312974691390991,3.2660833677967145,3.312974691390991,3375,0.0,0.0
2002-03-01 00:00:00-05:00,3.329284404965068,3.40471761885323,3.325206756591797,3.325206756591797,14513,0.0,0.0
2002-03-04 00:00:00-05:00,3.3741388511350663,3.4251075167156952,3.3741388511350663,3.404719591140747,12150,0.0,0.0
2002-03-05 00:00:00-05:00,3.4414173979274296,3.4658826480024953,3.36394498096159,3.463843822479248,32063,0.0,0.0
2002-03-06 00:00:00-05:00,3.402679608719495,3.4658808708190914,3.343555667473733,3.465880870819092,409388,0.0,0.0
2002-03-07 00:00:00-05:00,3.463842569452234,3.463842569452234,3.2110374828751165,3.3292853832244873,57375,0.0,0.0
2002-03-08 00:00:00-05:00,3.2456954064304457,3.6085930063999987,3.2456954064304457,3.547431230545044,106988,0.0,0.0
2002-03-11 00:00:00-05:00,3.486269128121379,3.533160455183588,3.486269128121379,3.508694887161255,23625,0.0,0.0
2002-03-12 00:00:00-05:00,3.49442393728194,3.539276437594909,3.445493459701538,3.445493459701538,29700,0.0,0.0
2002-03-13 00:00:00-05:00,3.502578255681962,3.502578255681962,3.2823927674299114,3.317052125930786,49275,0.0,0.0
2002-03-14 00:00:00-05:00,3.2721994950899895,3.3333612714881595,3.119292265229641,3.23957896232605,243338,0.0,0.0
2002-03-15 00:00:00-05:00,3.1824950061828714,3.30074292191858,3.1824950061828714,3.2844326496124268,10800,0.0,0.0
2002-03-18 00:00:00-05:00,3.4658811268169347,3.618787724318107,3.3863695911237466,3.5148112773895264,61088,0.0,0.0
2002-03-19 00:00:00-05:00,3.5270449334960547,3.6187887877153773,3.5270449334960547,3.588207721710205,47588,0.0,0.0
2002-03-20 00:00:00-05:00,3.594322945019663,3.61878785715309,3.3700601021068826,3.5678188800811768,21600,0.0,0.0
2002-03-21 00:00:00-05:00,3.3863693409988063,3.567818485589927,3.370059729481683,3.465880870819092,26325,0.0,0.0
2002-03-22 00:00:00-05:00,3.4658808708190914,3.5168498422554006,3.45568707653183,3.465880870819092,10125,0.0,0.0
2002-03-25 00:00:00-05:00,3.445493282244568,3.5168498422554006,3.445493282244568,3.465880870819092,167063,0.0,0.0
2002-03-26 00:00:00-05:00,3.5066560786617385,3.5576250553131104,3.453648605425764,3.5576250553131104,19575,0.0,0.0
2002-03-27 00:00:00-05:00,3.5372376915998496,3.563741099358101,3.5168501015223255,3.5453929901123047,246038,0.0,0.0
2002-03-28 00:00:00-05:00,3.5637412939853017,3.6065549730048474,3.4169514904751694,3.5066561698913574,103275,0.0,0.0
2002-04-01 00:00:00-05:00,3.4679193798553642,3.5861672515910756,3.4679193798553642,3.547431230545044,18900,0.0,0.0
2002-04-02 00:00:00-05:00,3.5066548946584994,3.832855578883736,3.5066548946584994,3.822662115097046,88425,0.0,0.0
2002-04-03 00:00:00-05:00,3.6310218725701144,3.8838270460668887,3.580052875912252,3.749269485473633,60413,0.0,0.0
2002-04-04 00:00:00-05:00,3.7696585827807008,3.8226660932830394,3.659565909536437,3.6738367080688477,44550,0.0,0.0
2002-04-05 00:00:00-05:00,3.85324436488044,3.85324436488044,3.5841290281267195,3.792081594467163,8438,0.0,0.0
2002-04-08 00:00:00-04:00,3.6187858624179645,3.8736302792012185,3.567816913440986,3.8491647243499756,96863,0.0,0.0
2002-04-09 00:00:00-04:00,3.822663979691567,4.159057963685887,3.767617673505122,4.057120323181152,206888,0.0,0.0
2002-04-10 00:00:00-04:00,3.983725310343306,4.106050208298907,3.9776091638760787,4.077507972717285,145125,0.0,0.0
2002-04-11 00:00:00-04:00,4.085663664998844,4.085663664998844,3.9755710405507045,4.083624839782715,77963,0.0,0.0
2002-04-12 00:00:00-04:00,4.083624119184512,4.083624119184512,3.9918796254632025,4.077507972717285,30713,0.0,0.0
2002-04-15 00:00:00-04:00,4.077508338863412,4.093818282975156,4.0061517591962525,4.036733150482178,31388,0.0,0.0
2002-04-16 00:00:00-04:00,4.053041911016731,4.083623623949649,4.028577328114726,4.079545974731445,16538,0.0,0.0
2002-04-17 00:00:00-04:00,4.077507972717285,4.083624119184512,4.030616641530296,4.077507972717285,45900,0.0,0.0
2002-04-18 00:00:00-04:00,4.07750869223623,4.083624839782715,4.042849975969646,4.083624839782715,79650,0.0,0.0
2002-04-19 00:00:00-04:00,4.075469147860929,4.081585294328155,4.012267545924927,4.077507972717285,30375,0.0,0.0
2002-04-22 00:00:00-04:00,4.077507972717285,4.077507972717285,4.002073749744986,4.077507972717285,13163,0.0,0.0
2002-04-23 00:00:00-04:00,4.077506887668306,4.077506887668306,4.0530413240043,4.075468063354492,16875,0.0,0.0
2002-04-24 00:00:00-04:00,4.075469147860929,4.077507972717285,4.046926256075619,4.077507972717285,51638,0.0,0.0
2002-04-25 00:00:00-04:00,3.9959576601399642,4.126438198193119,3.9959576601399642,4.110127925872803,64125,0.0,0.0
2002-04-26 00:00:00-04:00,4.077507972717285,4.126437800658788,4.05712005225556,4.077507972717285,36788,0.0,0.0
2002-04-29 00:00:00-04:00,4.128476778624448,4.128476778624448,4.048965231092502,4.104011535644531,62775,0.0,0.0
2002-04-30 00:00:00-04:00,4.104009052960114,4.104009052960114,3.9959550060525206,4.097893238067627,49275,0.0,0.0
2002-05-01 00:00:00-04:00,4.128476430653574,4.128476430653574,4.06527483170065,4.10605001449585,105638,0.0,0.0
2002-05-02 00:00:00-04:00,4.030617074566083,4.126438243989277,3.9449890462142605,4.118283271789551,14850,0.0,0.0
2002-05-03 00:00:00-04:00,4.124398975802432,4.124398975802432,4.077507972717285,4.077507972717285,55013,0.0,0.0
2002-05-06 00:00:00-04:00,4.071391498148214,4.138670421695086,4.071391498148214,4.077507972717285,45900,0.0,0.0
2002-05-07 00:00:00-04:00,4.077507961410579,4.210026983280497,4.077507961410579,4.179445266723633,26325,0.0,0.0
2002-05-08 00:00:00-04:00,4.101974177910641,4.126439429641313,4.099936008453369,4.099936008453369,85388,0.0,0.0
2002-05-09 00:00:00-04:00,4.118282329897163,4.1672121519047804,4.079545974731445,4.079545974731445,18225,0.0,0.0
2002-05-10 00:00:00-04:00,4.091780055184532,4.091780055184532,4.077508607071611,4.089741230010986,33075,0.0,0.0
2002-05-13 00:00:00-04:00,4.077508245004338,4.079546741894978,4.046926526320492,4.057120323181152,66825,0.0,0.0
2002-05-14 00:00:00-04:00,3.995957275175916,4.118282829335205,3.995957275175916,4.077507972717285,38138,0.0,0.0
2002-05-15 00:00:00-04:00,4.059159809076505,4.169252439374418,4.008190816474553,4.128477573394775,31388,0.0,0.0
2002-05-16 00:00:00-04:00,4.110126974337717,4.552536487579346,4.0571195038486,4.552536487579346,344588,0.0,0.0
2002-05-17 00:00:00-04:00,4.574963729379252,4.750296756636309,4.446522032090603,4.587196350097656,248063,0.0,0.0
2002-05-20 00:00:00-04:00,4.648360272164826,4.648360272164826,4.34254664738294,4.41390323638916,374625,0.0,0.0
2002-05-21 00:00:00-04:00,4.41389981825894,4.4852563520065605,4.383318118551155,4.434287071228027,215663,0.0,0.0
2002-05-22 00:00:00-04:00,4.395554379536515,4.65039935435016,4.395554379536515,4.627972602844238,192713,0.0,0.0
2002-05-23 00:00:00-04:00,4.6075836093852125,4.63816499710083,4.597389485378171,4.63816499710083,53325,0.0,0.0
2002-05-24 00:00:00-04:00,4.619816546759821,4.678940501442335,4.607583925214715,4.625932693481445,30038,0.0,0.0
2002-05-28 00:00:00-04:00,4.644279942321805,4.644279942321805,4.507683319029174,4.607582092285156,18563,0.0,0.0
2002-05-29 00:00:00-04:00,4.621855030211877,4.621855030211877,4.57496370053907,4.57700252532959,19238,0.0,0.0
2002-05-30 00:00:00-04:00,4.585159457734811,4.607585555718011,4.536229610443115,4.536229610443115,67163,0.0,0.0
2002-05-31 00:00:00-04:00,4.564769275039904,4.564769275039904,4.434288771768446,4.475064277648926,50963,0.0,0.0
2002-06-03 00:00:00-04:00,4.473025453139634,4.4852580720935995,4.464870483204253,4.475064277648926,63113,0.0,0.0
2002-06-04 00:00:00-04:00,4.434287977796288,4.444481770415733,4.411861896514893,4.411861896514893,38475,0.0,0.0
2002-06-05 00:00:00-04:00,4.385356937320389,4.422055108168904,4.383318113595287,4.395550727844238,50625,0.0,0.0
2002-06-06 00:00:00-04:00,4.38739882445612,4.473026855885122,4.383321174158781,4.464871883392334,142088,0.0,0.0
2002-06-07 00:00:00-04:00,4.47098727352741,4.587196350097656,4.47098727352741,4.587196350097656,68850,0.0,0.0
2002-06-10 00:00:00-04:00,4.58515901326722,4.648360634070927,4.515841244170421,4.619817733764648,83363,0.0,0.0
2002-06-11 00:00:00-04:00,4.644281475981093,4.644281475981093,4.566808430165761,4.587196350097656,34088,0.0,0.0
2002-06-12 00:00:00-04:00,4.577002825181972,4.60350623678772,4.521956520842677,4.566808700561523,26663,0.0,0.0
2002-06-13 00:00:00-04:00,4.568847066209506,4.597389299870181,4.5341886864932315,4.564769744873047,21600,0.0,0.0
2002-06-14 00:00:00-04:00,4.566808368675819,4.6279711433424735,4.564769872001728,4.617777347564697,75263,0.0,0.0
2002-06-17 00:00:00-04:00,4.638163676383734,4.6809773445129395,4.638163676383734,4.6809773445129395,195750,0.0,0.0
2002-06-18 00:00:00-04:00,4.668745112048124,4.687094203446237,4.505645066769903,4.5606913566589355,21938,0.0,0.0
2002-06-19 00:00:00-04:00,4.587197571498696,4.587197571498696,4.5056471824646,4.5056471824646,25650,0.0,0.0
2002-06-20 00:00:00-04:00,4.556613972141987,4.564769270170456,4.489335060119629,4.489335060119629,44888,0.0,0.0
2002-06-21 00:00:00-04:00,4.552536351189215,4.587195711820272,4.526032944840476,4.574963092803955,35100,0.0,0.0
2002-06-24 00:00:00-04:00,4.546422048879725,4.546422048879725,4.454678189318289,4.5056471824646,39488,0.0,0.0
2002-06-25 00:00:00-04:00,4.536226437545925,4.577001281768738,4.489334464409894,4.523993492126465,46238,0.0,0.0
2002-06-26 00:00:00-04:00,4.489337470472276,4.658554089584269,4.4832216498708775,4.644283294677734,74588,0.0,0.0
2002-06-27 00:00:00-04:00,4.648358933543219,4.648358933543219,4.564769744873047,4.564769744873047,99563,0.0,0.0
2002-06-28 00:00:00-04:00,4.636126500401256,4.685056327024044,4.397591873080538,4.63816499710083,962213,0.0,0.0
2002-07-01 00:00:00-04:00,4.417979242099897,4.438366175164523,4.254878856055979,4.291576385498047,170438,0.0,0.0
2002-07-02 00:00:00-04:00,4.252840676428947,4.358855959839224,4.077507972717285,4.077507972717285,70538,0.0,0.0
2002-07-03 00:00:00-04:00,4.161096693660128,4.161096693660128,4.07750815189481,4.114205360412598,40838,0.0,0.0
2002-07-05 00:00:00-04:00,4.161094605968044,4.320117950439453,4.148862646734909,4.320117950439453,35775,0.0,0.0
2002-07-08 00:00:00-04:00,4.128477069064679,4.281383371987835,4.118283271789551,4.118283271789551,46575,0.0,0.0
2002-07-09 00:00:00-04:00,4.230414440950779,4.230414440950779,3.836934678945651,3.914407730102539,51300,0.0,0.0
2002-07-10 00:00:00-04:00,4.016345048191654,4.016345048191654,3.7105321583258086,3.7207252979278564,57038,0.0,0.0
2002-07-11 00:00:00-04:00,3.686067733475607,3.853245496749878,3.653447842154727,3.853245496749878,44888,0.0,0.0
2002-07-12 00:00:00-04:00,3.8634388315900856,3.9918795453328357,3.8124698517135,3.8145086765289307,61088,0.0,0.0
2002-07-15 00:00:00-04:00,3.7920809699301476,4.044886980382098,3.510733059810022,3.6881048679351807,91800,0.0,0.0
2002-07-16 00:00:00-04:00,3.7186856366912666,3.7880033608419503,3.659562361357427,3.710530996322632,55350,0.0,0.0
2002-07-17 00:00:00-04:00,3.808393274067855,3.808393274067855,3.73092053408918,3.7818892002105713,44213,0.0,0.0
2002-07-18 00:00:00-04:00,3.4679205503142008,3.790043741767006,3.4679205503142008,3.653447389602661,69525,0.0,0.0
2002-07-19 00:00:00-04:00,3.6004403375240264,3.757424301985831,3.6004403375240264,3.6942226886749268,70200,0.0,0.0
2002-07-22 00:00:00-04:00,3.771694348623534,3.771694348623534,3.569857909659323,3.6085939407348633,20925,0.0,0.0
2002-07-23 00:00:00-04:00,3.612671593067493,3.6187880675327975,3.282393455505371,3.282393455505371,39825,0.0,0.0
2002-07-24 00:00:00-04:00,3.2558894408946872,3.61878739583921,3.176377584317018,3.616748571395874,129263,0.0,0.0
2002-07-25 00:00:00-04:00,3.5698581005033656,4.038771757238613,3.5474323386891013,3.9042139053344727,92813,0.0,0.0
2002-07-26 00:00:00-04:00,3.9551838962231933,3.961300373077393,3.749269727041734,3.9613003730773926,41850,0.0,0.0
2002-07-29 00:00:00-04:00,3.9633377179834244,4.077507972717285,3.865477405896731,4.077507972717285,53663,0.0,0.0
2002-07-30 00:00:00-04:00,4.020422845350355,4.077507972717285,3.9857641351996627,4.077507972717285,11475,0.0,0.0
2002-07-31 00:00:00-04:00,4.095856059400892,4.095856059400892,3.8715932369232178,3.8715932369232178,74588,0.0,0.0
2002-08-01 00:00:00-04:00,4.026538132580077,4.093817041770059,3.94702660496416,3.951103925704956,24638,0.0,0.0
2002-08-02 00:00:00-04:00,3.944988042400622,4.067313250474271,3.8736321358352037,3.955181837081909,99225,0.0,0.0
2002-08-05 00:00:00-04:00,3.9572219745135158,3.977609898741922,3.851206671516847,3.853245496749878,44213,0.0,0.0
2002-08-06 00:00:00-04:00,4.0469253280125645,4.0469253280125645,3.792081138159998,3.820624351501465,13163,0.0,0.0
2002-08-07 00:00:00-04:00,3.857321685335802,3.908290328233629,3.7023766040802,3.7023766040802,26663,0.0,0.0
2002-08-08 00:00:00-04:00,3.679950658003634,3.7105323753109625,3.5882071465909022,3.696260929107666,24300,0.0,0.0
2002-08-09 00:00:00-04:00,3.69422174635843,3.69422174635843,3.5066561075948806,3.5678188800811768,56025,0.0,0.0
2002-08-12 00:00:00-04:00,3.7003391720009113,3.7003391720009113,3.5515095238186696,3.588207721710205,12488,0.0,0.0
2002-08-13 00:00:00-04:00,3.5270433051134256,3.604516331277699,3.441415309906006,3.441415309906006,7763,0.0,0.0
2002-08-14 00:00:00-04:00,3.4210301147717503,3.4210301147717503,3.143759687659794,3.274240255355835,66825,0.0,0.0
2002-08-15 00:00:00-04:00,3.3150136415056743,3.3639434633780816,3.3150136415056743,3.359866142272949,23288,0.0,0.0
2002-08-16 00:00:00-04:00,3.4760760954317322,3.539277377571726,3.2905489149546843,3.337440252304077,38475,0.0,0.0
2002-08-19 00:00:00-04:00,3.315014123916626,3.3802542240089104,3.290548553216512,3.315014123916626,19238,0.0,0.0
2002-08-20 00:00:00-04:00,3.3517125399390757,3.3517125399390757,3.312976493380453,3.321131467819214,65138,0.0,0.0
2002-08-21 00:00:00-04:00,3.3211310320848235,3.4760765103982503,3.312976058716,3.404719591140747,91463,0.0,0.0
2002-08-22 00:00:00-04:00,3.506656584434042,3.653447389602661,3.506656584434042,3.653447389602661,33413,0.0,0.0
2002-08-23 00:00:00-04:00,3.6310204305602154,3.6310204305602154,3.416951385815664,3.508694887161255,19913,0.0,0.0
2002-08-26 00:00:00-04:00,3.4149131835384314,3.7696566022267213,3.4149131835384314,3.669757127761841,228150,0.0,0.0
2002-08-27 00:00:00-04:00,3.669755432717556,3.9123672988935665,3.669755432717556,3.8267393112182617,143438,0.0,0.0
2002-08-28 00:00:00-04:00,3.8145075875578796,3.8145075875578796,3.5698568820953365,3.569856882095337,24975,0.0,0.0
2002-08-29 00:00:00-04:00,3.578013879521148,3.9246023840358686,3.578013879521148,3.7818892002105713,35775,0.0,0.0
2002-08-30 00:00:00-04:00,3.647332037561851,3.7920830649874366,3.647332037561851,3.69014573097229,9113,0.0,0.0
2002-09-03 00:00:00-04:00,3.9246008078774697,3.9959567149290236,3.5698574723758263,3.8328566551208496,34425,0.0,0.0
2002-09-04 00:00:00-04:00,3.781888738448143,3.9490664941254168,3.781888738448143,3.8858652114868164,10125,0.0,0.0
2002-09-05 00:00:00-04:00,3.932756675995924,3.9388721662881547,3.5698579896300817,3.726841926574707,70538,0.0,0.0
2002-09-06 00:00:00-04:00,3.771695756675396,3.8940210262329873,3.6208279132843018,3.6208279132843018,37125,0.0,0.0
2002-09-09 00:00:00-04:00,3.7716940043294036,3.8736322831200076,3.679950176811295,3.792081594467163,53663,0.0,0.0
2002-09-10 00:00:00-04:00,3.667718302713234,3.7696566022267213,3.6249046172018557,3.669757127761841,6075,0.0,0.0
2002-09-11 00:00:00-04:00,3.7716929006510753,3.8532432373387326,3.690143220166842,3.810429573059082,41513,0.0,0.0
2002-09-12 00:00:00-04:00,3.751308197001765,3.751308197001765,3.69014573097229,3.69014573097229,22275,0.0,0.0
2002-09-13 00:00:00-04:00,3.6901449270718865,3.757423854718907,3.6677181803870615,3.7533462047576904,5738,0.0,0.0
2002-09-16 00:00:00-04:00,3.757423893235481,3.812470199664985,3.6575250772821444,3.6758735179901123,14850,0.0,0.0
2002-09-17 00:00:00-04:00,3.6677180952585102,3.6921833382542357,3.6514084800977864,3.6595637798309326,16200,0.0,0.0
2002-09-18 00:00:00-04:00,3.659563779830932,3.6697569201917966,3.6208267623022015,3.6595637798309326,13500,0.0,0.0
2002-09-19 00:00:00-04:00,3.6697570051409265,3.673834655101891,3.653447389602661,3.653447389602661,287888,0.0,0.0
2002-09-20 00:00:00-04:00,3.975571447381667,3.9857652464035684,3.6717966302513187,3.69014573097229,96863,0.0,0.0
2002-09-23 00:00:00-04:00,3.6595643079600477,3.692183871090835,3.588207721710205,3.588207721710205,74925,0.0,0.0
2002-09-24 00:00:00-04:00,3.6269441991982925,3.6636414172226046,3.421030044555664,3.421030044555664,62438,0.0,0.0
2002-09-25 00:00:00-04:00,3.4883088650952674,3.606555805759863,3.4719985915153604,3.529083728790283,36450,0.0,0.0
2002-09-26 00:00:00-04:00,3.5433538443517674,3.6493687781839204,3.516849782791952,3.616748571395874,8100,0.0,0.0
2002-09-27 00:00:00-04:00,3.6269437605235497,3.6493701818224524,3.582091246027648,3.588207721710205,22613,0.0,0.0
2002-09-30 00:00:00-04:00,3.5250036810693706,3.6412127017974854,3.5250036810693706,3.6412127017974854,17888,0.0,0.0
2002-10-01 00:00:00-04:00,3.518890567198838,3.871595252580881,3.4454951430711462,3.869556427001953,48263,0.0,0.0
2002-10-02 00:00:00-04:00,3.7207235499031936,3.7207235499031936,3.6412127017974854,3.6412127017974854,34425,0.0,0.0
2002-10-03 00:00:00-04:00,3.669757622065054,3.6901455471954314,3.549471521421367,3.618788957595825,75600,0.0,0.0
2002-10-04 00:00:00-04:00,3.8450895754177643,3.8450895754177643,3.4883080436220157,3.575974225997925,27675,0.0,0.0
2002-10-07 00:00:00-04:00,3.737035558888296,3.737035558888296,3.596361898939442,3.6004395484924316,5400,0.0,0.0
2002-10-08 00:00:00-04:00,3.539276607531204,3.6901443842746726,3.5372377828504944,3.684027910232544,22275,0.0,0.0
2002-10-09 00:00:00-04:00,3.588206752936861,3.639175401252485,3.4883079528808594,3.4883079528808594,29700,0.0,0.0
2002-10-10 00:00:00-04:00,3.616748179780272,3.6187870040028476,3.5576242459360303,3.596360921859741,41175,0.0,0.0
2002-10-11 00:00:00-04:00,3.586167960021157,3.5943229306998097,3.4658812402310297,3.4679200649261475,73575,0.0,0.0
2002-10-14 00:00:00-04:00,3.4862691729697532,3.5678188800811768,3.4862691729697532,3.5678188800811768,48263,0.0,0.0
2002-10-15 00:00:00-04:00,3.669755777351756,3.7248020647967692,3.5963610555268253,3.6881048679351807,19238,0.0,0.0
2002-10-16 00:00:00-04:00,3.580051028897963,3.775771284504968,3.578012204463126,3.6493687629699707,109013,0.0,0.0
2002-10-17 00:00:00-04:00,3.7513072615259215,3.7513072615259215,3.6901448107487282,3.7064547538757324,18563,0.0,0.0
2002-10-18 00:00:00-04:00,3.7084927539061523,3.755384076042569,3.5882063759217413,3.6779110431671143,13500,0.0,0.0
2002-10-21 00:00:00-04:00,3.5698583095007095,3.675873602907662,3.5698583095007095,3.669757127761841,7425,0.0,0.0
2002-10-22 00:00:00-04:00,3.5698568820953365,3.5698568820953365,3.5698568820953365,3.569856882095337,675,0.0,0.0
2002-10-23 00:00:00-04:00,3.5678197975369184,3.608594661577782,3.5657809723093994,3.588207721710205,16538,0.0,0.0
2002-10-24 00:00:00-04:00,3.5678199650246776,3.6391765546242842,3.4862702331146793,3.618788957595825,43875,0.0,0.0
2002-10-25 00:00:00-04:00,3.606555836350263,3.6187887877153773,3.5678197975369184,3.588207721710205,46238,0.0,0.0
2002-10-28 00:00:00-05:00,3.5882082019578134,3.6187892720559716,3.567820275055796,3.5943243503570557,34763,0.0,0.0
2002-10-29 00:00:00-05:00,3.578011131874294,3.6412127017974854,3.5678173408577045,3.6412127017974854,48600,0.0,0.0
2002-10-30 00:00:00-05:00,3.571896702839299,3.706454546358069,3.571896702839299,3.628981828689575,41850,0.0,0.0
2002-10-31 00:00:00-05:00,3.618788957595825,3.6289827561100547,3.6106336563029067,3.618788957595825,29363,0.0,0.0
2002-11-01 00:00:00-05:00,3.6697556306929657,3.763538591753469,3.618786993881579,3.75742244720459,49613,0.0,0.0
2002-11-04 00:00:00-05:00,3.6208268153974417,3.7513073477169936,3.6208268153974417,3.6636404991149902,34763,0.0,0.0
2002-11-05 00:00:00-05:00,3.649368702359147,3.659562824364019,3.5678183511343313,3.5841286182403564,155588,0.0,0.0
2002-11-06 00:00:00-05:00,3.5678191470905536,3.6493695165087026,3.5678191470905536,3.5780129432678223,17550,0.0,0.0
2002-11-07 00:00:00-05:00,3.5494704420574705,3.6269428278642324,3.527044026525465,3.5678188800811768,41175,0.0,0.0
2002-11-08 00:00:00-05:00,3.624905417124152,3.643254518508911,3.5372392017071363,3.643254518508911,8438,0.0,0.0
2002-11-11 00:00:00-05:00,3.5678197975369184,3.6412152090142795,3.5678197975369184,3.588207721710205,3713,0.0,0.0
2002-11-12 00:00:00-05:00,3.6371361575883574,3.7227635031427395,3.6371361575883574,3.6616010665893555,21263,0.0,0.0
2002-11-13 00:00:00-05:00,3.659562885144153,3.659562885144153,3.639174968897564,3.6493687629699707,7088,0.0,0.0
2002-11-14 00:00:00-05:00,3.6799507167563728,3.7920821508648563,3.6249044121687746,3.6595637798309326,135338,0.0,0.0
2002-11-15 00:00:00-05:00,3.7349972093106856,3.7349972093106856,3.6595639640014084,3.665679454803467,78638,0.0,0.0
2002-11-18 00:00:00-05:00,3.6799510202645562,3.686067495568879,3.5188897430846198,3.5433549880981445,73238,0.0,0.0
2002-11-19 00:00:00-05:00,3.549469753773593,3.5698570125472107,3.527043342590332,3.527043342590332,55350,0.0,0.0
2002-11-20 00:00:00-05:00,3.5372371090832555,3.547431230545044,3.5168495223631844,3.547431230545044,40500,0.0,0.0
2002-11-21 00:00:00-05:00,3.533159815513997,3.5372371360280184,3.5168495491526457,3.527043342590332,32063,0.0,0.0
2002-11-22 00:00:00-05:00,3.5270437185081125,3.5474316356582167,3.5168499239839557,3.53519868850708,33075,0.0,0.0
2002-11-25 00:00:00-05:00,3.5331604714833578,3.5800514706600777,3.486269144204822,3.5576250553131104,306450,0.0,0.0
2002-11-26 00:00:00-05:00,3.5066572576453106,3.5066572576453106,3.282394341182809,3.3843326568603516,134325,0.0,0.0
2002-11-27 00:00:00-05:00,3.3986030310107025,3.6024789810180664,3.3252082795914464,3.6024789810180664,60075,0.0,0.0
2002-11-29 00:00:00-05:00,3.606555399357164,3.675873480082373,3.590246111920762,3.653447389602661,22613,0.0,0.0
2002-12-02 00:00:00-05:00,3.669756901949846,3.669756901949846,3.5943233327099224,3.6249043941497803,43200,0.0,0.0
2002-12-03 00:00:00-05:00,3.6697571048752504,3.6697571048752504,3.5984011815358845,3.665679454803467,11138,0.0,0.0
2002-12-04 00:00:00-05:00,3.667717211814161,3.669756036256355,3.6147097449277763,3.6616010665893555,5738,0.0,0.0
2002-12-05 00:00:00-05:00,3.5984005944261437,3.5984005944261437,3.551508610557073,3.5678188800811768,6075,0.0,0.0
2002-12-06 00:00:00-05:00,3.5474322207731883,3.5698579818420253,3.465881523027137,3.49646258354187,21938,0.0,0.0
2002-12-09 00:00:00-05:00,3.4454949659391865,3.628983024672405,3.416952721709382,3.421030044555664,13500,0.0,0.0
2002-12-10 00:00:00-05:00,3.416950682309035,3.525004430722019,3.3945239435810945,3.502578020095825,9788,0.0,0.0
2002-12-11 00:00:00-05:00,3.525005072429725,3.5270438970581264,3.402679860049149,3.5148112773895264,6413,0.0,0.0
2002-12-12 00:00:00-05:00,3.451610134683183,3.5188893876232052,3.3884088596359874,3.4597654342651367,7088,0.0,0.0
2002-12-13 00:00:00-05:00,3.388408291953236,3.4658810001874794,3.3843312990490046,3.4169511795043945,38138,0.0,0.0
2002-12-16 00:00:00-05:00,3.463843822479248,3.4658826480024953,3.414913978533018,3.463843822479248,35438,0.0,0.0
2002-12-17 00:00:00-05:00,3.4475339195050148,3.4658830230981237,3.4026817217511445,3.410836696624756,11138,0.0,0.0
2002-12-18 00:00:00-05:00,3.3822927474975586,3.3822927474975586,3.3822927474975586,3.3822927474975586,1688,0.0,0.0
2002-12-19 00:00:00-05:00,3.4026808462416933,3.4353010654449463,3.4026808462416933,3.4353010654449463,19575,0.0,0.0
2002-12-20 00:00:00-05:00,3.463841054435632,3.465879878329603,3.262004707169634,3.339477062225342,169088,0.0,0.0
2002-12-23 00:00:00-05:00,3.282393814889844,3.421029324523349,3.211037891231843,3.4149131774902344,37125,0.0,0.0
2002-12-24 00:00:00-05:00,3.4271445030241736,3.4352994720169137,3.4026792679442037,3.4230668544769287,10800,0.0,0.0
2002-12-26 00:00:00-05:00,3.463842499442381,3.463842499442381,3.3313234844751065,3.461803674697876,5063,0.0,0.0
2002-12-27 00:00:00-05:00,3.219193585371756,3.4454950135786606,3.219193585371756,3.3802552223205566,64463,0.0,0.0
2002-12-30 00:00:00-05:00,3.2946253683816766,3.3822921920650697,3.2946253683816766,3.3190906047821045,12150,0.0,0.0
2002-12-31 00:00:00-05:00,3.2946256902018973,3.445493459701538,3.2681222830324788,3.445493459701538,92475,0.0,0.0
2003-01-02 00:00:00-05:00,3.388408392350974,3.490346670150757,3.388408392350974,3.490346670150757,24975,0.0,0.0
2003-01-03 00:00:00-05:00,3.4964616341755175,3.531120991206109,3.4699582305799903,3.527043342590332,63788,0.0,0.0
2003-01-06 00:00:00-05:00,3.5066556605752712,3.6493687781839204,3.4454932239876275,3.616748571395874,65138,0.0,0.0
2003-01-07 00:00:00-05:00,3.6493691796668815,3.67995023727417,3.5290827895999244,3.67995023727417,59738,0.0,0.0
2003-01-08 00:00:00-05:00,3.60044023174916,3.6452927448345696,3.54743274611203,3.610633373260498,18563,0.0,0.0
2003-01-09 00:00:00-05:00,3.5392765848362915,3.6942216818458093,3.5392765848362915,3.67995023727417,22950,0.0,0.0
2003-01-10 00:00:00-05:00,3.6493682406423114,3.7614999593895653,3.6493682406423114,3.710530996322632,59738,0.0,0.0
2003-01-13 00:00:00-05:00,3.7716946839404333,3.7716946839404333,3.655486252280637,3.6758735179901123,49275,0.0,0.0
2003-01-14 00:00:00-05:00,3.6717936992645264,3.714608014702571,3.649367621799369,3.6717936992645264,76275,0.0,0.0
2003-01-15 00:00:00-05:00,3.67995285832618,3.6881081628053525,3.639177976440553,3.6738367080688477,20588,0.0,0.0
2003-01-16 00:00:00-05:00,3.6289809549998164,3.6697558007177316,3.5678181942703096,3.6473300457000732,35775,0.0,0.0
2003-01-17 00:00:00-05:00,3.6819893049354735,3.6819893049354735,3.56985787803711,3.628981828689575,99900,0.0,0.0
2003-01-21 00:00:00-05:00,3.7125713837116483,3.718687202512437,3.6636405679810666,3.6758735179901123,249075,0.0,0.0
2003-01-22 00:00:00-05:00,3.671795266705439,3.792081656772396,3.669756442037803,3.67995023727417,161663,0.0,0.0
2003-01-23 00:00:00-05:00,3.6697565182231457,3.7309192909111086,3.6697565182231457,3.6982994079589844,21938,0.0,0.0
2003-01-24 00:00:00-05:00,3.6697571133927602,3.6860673856158797,3.5678194704821626,3.6514086723327637,52313,0.0,0.0
2003-01-27 00:00:00-05:00,3.62898321560984,3.675874563471884,3.6187894158048777,3.6208279132843018,17213,0.0,0.0
2003-01-28 00:00:00-05:00,3.618789743100992,3.720727094166271,3.618789743100992,3.7166497707366943,21600,0.0,0.0
2003-01-29 00:00:00-05:00,3.6881057391837997,3.7513070106506348,3.679950440063844,3.7513070106506348,86400,0.0,0.0
2003-01-30 00:00:00-05:00,3.7920820268321953,3.8104311225297494,3.761501294342423,3.7635397911071777,25650,0.0,0.0
2003-01-31 00:00:00-05:00,3.812470583741297,3.841012824230341,3.7716950639089335,3.8389739990234375,50288,0.0,0.0
2003-02-03 00:00:00-05:00,3.7207253499647233,3.863438821342458,3.7207253499647233,3.859361171722412,13500,0.0,0.0
2003-02-04 00:00:00-05:00,3.8389735442417763,3.8389735442417763,3.722764458437735,3.743152379989624,97875,0.0,0.0
2003-02-05 00:00:00-05:00,3.6901428998191346,3.7859640121459956,3.649367735015069,3.785964012145996,44550,0.0,0.0
2003-02-06 00:00:00-05:00,3.788004009425574,3.8226630414861145,3.7309188922571623,3.7676167488098145,73913,0.0,0.0
2003-02-07 00:00:00-05:00,3.7431523799896236,3.7716946170974293,3.7125713179164435,3.743152379989624,19575,0.0,0.0
2003-02-10 00:00:00-05:00,3.741113620534308,3.7818884800465042,3.7003387610221115,3.7757723331451416,64125,0.0,0.0
2003-02-11 00:00:00-05:00,3.7044159494102473,4.044887870495996,3.7044159494102473,3.957221031188965,50288,0.0,0.0
2003-02-12 00:00:00-05:00,3.8532449780337275,4.057120255649657,3.8532449780337275,3.9246015548706055,76613,0.0,0.0
2003-02-13 00:00:00-05:00,3.9001367228072947,4.089741230010986,3.8185869968844393,4.089741230010986,52650,0.0,0.0
2003-02-14 00:00:00-05:00,4.051003086407629,4.0897400977769545,4.051003086407629,4.079545974731445,2700,0.0,0.0
2003-02-18 00:00:00-05:00,4.108088338782181,4.108088338782181,4.016344837546121,4.081584930419922,16538,0.0,0.0
2003-02-19 00:00:00-05:00,4.101972926929155,4.101972926929155,4.036733150482178,4.036733150482178,8438,0.0,0.0
2003-02-20 00:00:00-05:00,4.026538951038357,4.026538951038357,4.000034884377827,4.018383979797363,4388,0.0,0.0
2003-02-21 00:00:00-05:00,3.9857638640619917,4.024499893188477,3.9857638640619917,4.024499893188477,6413,0.0,0.0
2003-02-24 00:00:00-05:00,4.063238592888157,4.063238592888157,3.9653782310417167,4.0408124923706055,34763,0.0,0.0
2003-02-25 00:00:00-05:00,3.9898417849123766,4.087701768897226,3.9898417849123766,4.077507972717285,39488,0.0,0.0
2003-02-26 00:00:00-05:00,4.091779786037592,4.091779786037592,4.020423206370434,4.036733150482178,28688,0.0,0.0
2003-02-27 00:00:00-05:00,4.067314188063014,4.311964988708496,4.067314188063014,4.311964988708496,88088,0.0,0.0
2003-02-28 00:00:00-05:00,4.238570097010646,4.320120811223109,4.136632442474365,4.136632442474365,52650,0.0,0.0
2003-03-03 00:00:00-05:00,4.136630877994562,4.136630877994562,3.971491999159895,3.987802267074585,13163,0.0,0.0
2003-03-04 00:00:00-05:00,3.9674156747623424,4.087702423322721,3.9531442265848837,3.9592607021331787,20250,0.0,0.0
2003-03-05 00:00:00-05:00,3.9572212434143537,4.077507972717285,3.9572212434143537,4.077507972717285,29700,0.0,0.0
2003-03-06 00:00:00-05:00,4.040810605376718,4.0978957351122975,4.006151565686065,4.065275192260742,27675,0.0,0.0
2003-03-07 00:00:00-05:00,4.002073264400011,4.1488640428300805,4.002073264400011,4.079545974731445,27000,0.0,0.0
2003-03-10 00:00:00-05:00,4.077507256005021,4.077507256005021,4.0265382840642445,4.0469255447387695,9788,0.0,0.0
2003-03-11 00:00:00-05:00,4.040809362426688,4.097894474602929,4.040809362426688,4.075468063354492,5063,0.0,0.0
2003-03-12 00:00:00-05:00,4.073429635183216,4.132553577423096,4.04080975539693,4.132553577423096,18900,0.0,0.0
2003-03-13 00:00:00-05:00,4.073430311709173,4.179445266723633,4.073430311709173,4.179445266723633,29700,0.0,0.0
2003-03-14 00:00:00-05:00,4.199834605107025,4.336430666593203,4.159059078631562,4.314004898071289,54000,0.0,0.0
2003-03-17 00:00:00-05:00,4.340505941486966,4.3629326820373535,4.326234498628273,4.3629326820373535,20250,0.0,0.0
2003-03-18 00:00:00-05:00,4.387397262705344,4.444482377936566,4.346622414755737,4.3629326820373535,55013,0.0,0.0
2003-03-19 00:00:00-05:00,4.395551039340685,4.424093917311519,4.356815026326974,4.3833184242248535,16538,0.0,0.0
2003-03-20 00:00:00-05:00,4.364973326722767,4.364973326722767,4.106051047682908,4.136632442474365,100913,0.0,0.0
2003-03-21 00:00:00-05:00,4.159057624193852,4.175367894700667,4.1182827681814125,4.144786834716797,64463,0.0,0.0
2003-03-24 00:00:00-05:00,4.154979911022068,4.214103195922425,4.142747292286345,4.189638614654541,9113,0.0,0.0
2003-03-25 00:00:00-05:00,4.21002734649897,4.326235779589099,4.183523277356884,4.311964988708496,52988,0.0,0.0
2003-03-26 00:00:00-05:00,4.289538308821019,4.311964726546402,4.271189212799072,4.271189212799072,16875,0.0,0.0
2003-03-27 00:00:00-05:00,4.273228547088436,4.330313682556152,4.260996580520023,4.330313682556152,12488,0.0,0.0
2003-03-28 00:00:00-05:00,4.28546075178794,4.28546075178794,4.250802040100098,4.250802040100098,15525,0.0,0.0
2003-03-31 00:00:00-05:00,4.252840801148483,4.422057691457244,4.207988293502497,4.281383037567139,61425,0.0,0.0
2003-04-01 00:00:00-05:00,4.297694315720375,4.448562145233154,4.281384040671639,4.448562145233154,72225,0.0,0.0
2003-04-02 00:00:00-05:00,4.409825244887705,4.48525947867525,4.409825244887705,4.464871883392334,29700,0.0,0.0
2003-04-03 00:00:00-05:00,4.479141921889405,4.503606503567663,4.464870478441371,4.489335060119629,88088,0.0,0.0
2003-04-04 00:00:00-05:00,4.485258646188317,4.485258646188317,4.383320360592116,4.393514156341553,30038,0.0,0.0
2003-04-07 00:00:00-04:00,4.371088227769874,4.4567155838012695,4.371088227769874,4.4567155838012695,101925,0.0,0.0
2003-04-08 00:00:00-04:00,4.4444850731173275,4.4444850731173275,4.28342342376709,4.28342342376709,58725,0.0,0.0
2003-04-09 00:00:00-04:00,4.330313195045419,4.397592120565324,4.281383037567139,4.281383037567139,46913,0.0,0.0
2003-04-10 00:00:00-04:00,4.2813821923581346,4.3221570421222575,4.2813821923581346,4.309925079345703,12488,0.0,0.0
2003-04-11 00:00:00-04:00,4.301769733428955,4.318080000010916,4.2813818181760634,4.301769733428955,13500,0.0,0.0
2003-04-14 00:00:00-04:00,4.346623082650005,4.350700732122418,4.3241963386535645,4.3241963386535645,11138,0.0,0.0
2003-04-15 00:00:00-04:00,4.358854656172917,4.483218669891357,4.334389421417497,4.483218669891357,45900,0.0,0.0
2003-04-16 00:00:00-04:00,4.477105167045528,4.67894166831521,4.477105167045528,4.646321773529053,107663,0.0,0.0
2003-04-17 00:00:00-04:00,4.709521195618131,4.711560020542221,4.434289673921655,4.566808700561523,45225,0.0,0.0
2003-04-21 00:00:00-04:00,4.495451686812064,4.528072226214647,4.495451686812064,4.526033401489258,6413,0.0,0.0
2003-04-22 00:00:00-04:00,4.566807936865433,4.566807936865433,4.538265705108643,4.538265705108643,8438,0.0,0.0
2003-04-23 00:00:00-04:00,4.523994516194095,4.583118463827862,4.523994516194095,4.556614398956299,6075,0.0,0.0
2003-04-24 00:00:00-04:00,4.585159085303522,4.636128082219862,4.532151590992084,4.589236736297607,3375,0.0,0.0
2003-04-25 00:00:00-04:00,4.560692592077308,4.654474930250265,4.560692592077308,4.625932693481445,16538,0.0,0.0
2003-04-28 00:00:00-04:00,4.577002333643555,4.6075833918132885,4.4669094086863295,4.605544567108154,60750,0.0,0.0
2003-04-29 00:00:00-04:00,4.587196083581128,4.662629644006721,4.5015680716291335,4.546420574188232,67500,0.0,0.0
2003-04-30 00:00:00-04:00,4.597388850113326,4.613699118169012,4.556614000228585,4.574963092803955,56363,0.0,0.0
2003-05-01 00:00:00-04:00,4.546420044798403,4.664667925532903,4.487296104431152,4.487296104431152,32063,0.0,0.0
2003-05-02 00:00:00-04:00,4.58515901326722,4.619817733764648,4.434290850385493,4.619817733764648,11138,0.0,0.0
2003-05-05 00:00:00-04:00,4.619815108270913,4.619815108270913,4.48321880127351,4.485257625579834,5738,0.0,0.0
2003-05-06 00:00:00-04:00,4.485257237903237,4.723790802378498,4.485257237903237,4.607582092285156,24975,0.0,0.0
2003-05-07 00:00:00-04:00,4.607582031927111,4.652434193591433,4.509721755981445,4.509721755981445,65813,0.0,0.0
2003-05-08 00:00:00-04:00,4.493413408710722,4.507684854380668,4.432250632585531,4.470987319946289,33413,0.0,0.0
2003-05-09 00:00:00-04:00,4.4709870426546034,4.556614398956299,4.434289182394396,4.556614398956299,110363,0.0,0.0
2003-05-12 00:00:00-04:00,4.521955150686652,4.536226592729167,4.434288330328747,4.485257625579834,40838,0.0,0.0
2003-05-13 00:00:00-04:00,4.462831214413777,4.495450762806191,4.43836565083964,4.485257625579834,91125,0.0,0.0
2003-05-14 00:00:00-04:00,4.475064940756198,4.5504985058615315,4.434289428833674,4.460793495178223,108000,0.0,0.0
2003-05-15 00:00:00-04:00,4.548461580113079,4.554577728999048,4.521958158906557,4.536229610443115,13500,0.0,0.0
2003-05-16 00:00:00-04:00,4.468947359230995,4.55661352338539,4.468947359230995,4.485257625579834,87750,0.0,0.0
2003-05-19 00:00:00-04:00,4.532149133412059,4.6136988280535896,4.532149133412059,4.611660003662109,64125,0.0,0.0
2003-05-20 00:00:00-04:00,4.601467090163398,4.780877437005025,4.591273950561141,4.754374027252197,31050,0.0,0.0
2003-05-21 00:00:00-04:00,4.731948252341994,4.778839588165283,4.719715630096216,4.778839588165283,21600,0.0,0.0
2003-05-22 00:00:00-04:00,4.638164808347096,4.842040061950684,4.638164808347096,4.842040061950684,35100,0.0,0.0
2003-05-23 00:00:00-04:00,4.83592505624676,4.943978854581986,4.801266340267823,4.913397789001465,44550,0.0,0.0
2003-05-27 00:00:00-04:00,4.852234004034208,5.045915126800537,4.852234004034208,5.045915126800537,43200,0.0,0.0
2003-05-28 00:00:00-04:00,5.0336817874847055,5.092805061134025,4.536226100152026,5.0153326988220215,170100,0.0,0.0
2003-05-29 00:00:00-04:00,5.039797275434347,5.0459137476891485,4.994945114176124,5.0153326988220215,262238,0.0,0.0
2003-05-30 00:00:00-04:00,5.005139750335678,5.1784339209404475,5.005139750335678,5.137659072875977,250763,0.0,0.0
2003-06-02 00:00:00-04:00,5.147852787694396,5.310953838741807,5.096883811773897,5.282410621643066,121838,0.0,0.0
2003-06-03 00:00:00-04:00,5.239599469698979,5.3007619383504805,5.198824271863346,5.245715618133545,180563,0.0,0.0
2003-06-04 00:00:00-04:00,5.272216320037842,5.292604236549498,5.2436740899861505,5.272216320037842,9450,0.0,0.0
2003-06-05 00:00:00-04:00,5.235519120242556,5.272216320037842,5.235519120242556,5.272216320037842,151875,0.0,0.0
2003-06-06 00:00:00-04:00,5.27221681319927,5.423084587822341,5.23959725927545,5.372115612030029,243338,0.0,0.0
2003-06-09 00:00:00-04:00,5.402698320645995,5.439395858734484,5.343574363458155,5.431240558624268,204863,0.0,0.0
2003-06-10 00:00:00-04:00,5.43939416896444,5.657540832801531,5.437355344570255,5.643269062042236,50625,0.0,0.0
2003-06-11 00:00:00-04:00,5.66773488463344,5.66773488463344,5.5861851814511985,5.620843887329102,82350,0.0,0.0
2003-06-12 00:00:00-04:00,5.598418747144195,5.657542705535889,5.525023669472785,5.657542705535889,167063,0.0,0.0
2003-06-13 00:00:00-04:00,5.547447721694129,5.767633542994982,5.547447721694129,5.745207786560059,141413,0.0,0.0
2003-06-16 00:00:00-04:00,5.77986745997763,5.841030241784672,5.730937628254239,5.830836772918701,91800,0.0,0.0
2003-06-17 00:00:00-04:00,5.832873108312959,5.891996383666992,5.816562515163203,5.891996383666992,137700,0.0,0.0
2003-06-18 00:00:00-04:00,5.9123853516351526,6.012283809732471,5.883842466319106,5.973547458648682,137700,0.0,0.0
2003-06-19 00:00:00-04:00,5.973550217067062,5.981704862206135,5.808410614503776,5.857341766357422,173475,0.0,0.0
2003-06-20 00:00:00-04:00,5.769673405144159,5.828797355932636,5.769673405144159,5.790060997009277,178875,0.0,0.0
2003-06-23 00:00:00-04:00,5.79005818387863,5.79005818387863,5.578027725219727,5.578027725219727,152550,0.0,0.0
2003-06-24 00:00:00-04:00,5.569876439147052,5.647348509787025,5.535217069608744,5.539294719696045,168075,0.0,0.0
2003-06-25 00:00:00-04:00,5.565800782635539,5.565800782635539,5.508715629577637,5.508715629577637,83700,0.0,0.0
2003-06-26 00:00:00-04:00,5.478132721784889,5.86957340596411,5.478132721784889,5.857341766357422,243000,0.0,0.0
2003-06-27 00:00:00-04:00,5.759478687880645,5.871610103487372,5.718704164553875,5.7492852210998535,76275,0.0,0.0
2003-06-30 00:00:00-04:00,5.69016335748967,5.790061850530899,5.69016335748967,5.761518955230713,381713,0.0,0.0
2003-07-01 00:00:00-04:00,5.673851335829743,5.790060400630227,5.673851335829743,5.7492852210998535,623025,0.0,0.0
2003-07-02 00:00:00-04:00,5.657540964945306,5.810446892248766,5.657540964945306,5.796176433563232,118125,0.0,0.0
2003-07-03 00:00:00-04:00,5.806371512088747,5.814526155917089,5.730937611606971,5.73297643661499,55013,0.0,0.0
2003-07-07 00:00:00-04:00,5.802294658723434,5.85122449148906,5.7390930505562165,5.81044864654541,106988,0.0,0.0
2003-07-08 00:00:00-04:00,5.85122429175413,5.85122429175413,5.820642573141256,5.849185466766357,88763,0.0,0.0
2003-07-09 00:00:00-04:00,5.855301422218392,5.861417896639029,5.790060997009277,5.790060997009277,58725,0.0,0.0
2003-07-10 00:00:00-04:00,5.7615182167087715,5.838990936045264,5.718704863552039,5.757440567016602,148163,0.0,0.0
2003-07-11 00:00:00-04:00,5.757441979486069,5.80841064453125,5.726860911699729,5.80841064453125,14513,0.0,0.0
2003-07-14 00:00:00-04:00,5.824719142900847,5.95723814910388,5.763556373221691,5.8471455574035645,74588,0.0,0.0
2003-07-15 00:00:00-04:00,5.861419102408613,5.902193638323028,5.8267597297654605,5.832876205444336,176850,0.0,0.0
2003-07-16 00:00:00-04:00,5.790059463519203,5.863453856110077,5.781904166451607,5.812485218048096,48938,0.0,0.0
2003-07-17 00:00:00-04:00,5.836953846512541,5.836953846512541,5.6330791757367695,5.7105512619018555,67838,0.0,0.0
2003-07-18 00:00:00-04:00,5.686085524593156,5.686085524593156,5.637155035994517,5.675891399383545,7088,0.0,0.0
2003-07-21 00:00:00-04:00,5.698316462621862,5.698316462621862,5.60657262802124,5.60657262802124,45900,0.0,0.0
2003-07-22 00:00:00-04:00,5.657543381258593,5.718706172024484,5.624923488664986,5.704434394836426,112388,0.0,0.0
2003-07-23 00:00:00-04:00,5.818602634552652,5.963354587554932,5.818602634552652,5.963354587554932,176513,0.0,0.0
2003-07-24 00:00:00-04:00,5.963358122917232,6.307907216303264,5.963358122917232,6.0347137451171875,499163,0.0,0.0
2003-07-25 00:00:00-04:00,6.163152301221077,6.208004474639893,6.055098532644035,6.208004474639893,270338,0.0,0.0
2003-07-28 00:00:00-04:00,6.208004414214314,6.501585316133041,6.118300068249818,6.4628496170043945,395550,0.0,0.0
2003-07-29 00:00:00-04:00,6.51993242943912,6.51993242943912,6.401684580687823,6.430226802825928,115763,0.0,0.0
2003-07-30 00:00:00-04:00,6.387411646213627,6.460807324449768,6.3812951756431335,6.395566940307617,126225,0.0,0.0
2003-07-31 00:00:00-04:00,6.397608445994926,6.452654735597457,6.3792590265905496,6.385375499725342,207563,0.0,0.0
2003-08-01 00:00:00-04:00,6.42207473534867,6.42207473534867,6.303826827159122,6.338486194610596,56025,0.0,0.0
2003-08-04 00:00:00-04:00,6.35479732751767,6.35479732751767,6.228394752183197,6.283441066741943,33413,0.0,0.0
2003-08-05 00:00:00-04:00,6.199850380474853,6.199850380474853,6.028595001597421,6.075486660003662,44213,0.0,0.0
2003-08-06 00:00:00-04:00,6.028595806768104,6.244704048096904,6.028595806768104,6.124417304992676,84038,0.0,0.0
2003-08-07 00:00:00-04:00,6.191693444627125,6.252855541703613,5.908306742920606,6.0000505447387695,112725,0.0,0.0
2003-08-08 00:00:00-04:00,5.99801229102952,6.073446163720099,5.635114041171287,5.788020610809326,76275,0.0,0.0
2003-08-11 00:00:00-04:00,5.810449061064581,5.810449061064581,5.7187058641604525,5.777829170227051,41175,0.0,0.0
2003-08-12 00:00:00-04:00,5.775789475653063,5.779866468778038,5.739091944102911,5.771711826324463,37800,0.0,0.0
2003-08-13 00:00:00-04:00,5.775789475653063,5.790060592099539,5.755401229010061,5.771711826324463,56700,0.0,0.0
2003-08-14 00:00:00-04:00,5.790058794272508,5.800252914428711,5.749283626054543,5.800252914428711,81675,0.0,0.0
2003-08-15 00:00:00-04:00,5.826758587453527,6.173346996307373,5.826758587453527,6.173346996307373,32063,0.0,0.0
2003-08-18 00:00:00-04:00,6.189657069880709,6.27732325826335,6.095873750684997,6.17538595199585,113400,0.0,0.0
2003-08-19 00:00:00-04:00,6.195775503439385,6.210046627347892,6.138690351601385,6.1835432052612305,61425,0.0,0.0
2003-08-20 00:00:00-04:00,6.216161893691678,6.216161893691678,6.116263389587402,6.116263389587402,29025,0.0,0.0
2003-08-21 00:00:00-04:00,6.136649636142455,6.136649636142455,6.108106743963157,6.110145568847656,71888,0.0,0.0
2003-08-22 00:00:00-04:00,6.14480563184467,6.14684445717788,6.1121857389209815,6.116263389587402,86400,0.0,0.0
2003-08-25 00:00:00-04:00,6.140725946569858,6.140725946569858,6.07548618233839,6.126454830169678,91125,0.0,0.0
2003-08-26 00:00:00-04:00,6.116261507446236,6.116261507446236,6.04286578664805,6.089757442474365,97875,0.0,0.0
2003-08-27 00:00:00-04:00,6.085682782064239,6.134613286628729,6.065295181196363,6.091799259185791,83363,0.0,0.0
2003-08-28 00:00:00-04:00,6.093834149006134,6.116261219714975,6.061214923858643,6.061214923858643,194738,0.0,0.0
2003-08-29 00:00:00-04:00,6.061215542481461,6.114223019137975,6.048982593573569,6.075486660003662,78975,0.0,0.0
2003-09-02 00:00:00-04:00,6.093834976307056,6.104029100740486,5.998014143854989,6.059176921844482,128925,0.0,0.0
2003-09-03 00:00:00-04:00,6.057136859120798,6.081602096557617,6.0387874388905125,6.081602096557617,101925,0.0,0.0
2003-09-04 00:00:00-04:00,6.0754860045514,6.0754860045514,6.0285943512040525,6.065291881561279,48938,0.0,0.0
2003-09-05 00:00:00-04:00,6.071411658317913,6.091799259185791,6.004133034796692,6.091799259185791,114075,0.0,0.0
2003-09-08 00:00:00-04:00,6.083642352610197,6.167231559753418,6.055100112641744,6.167231559753418,55350,0.0,0.0
2003-09-09 00:00:00-04:00,6.157034858581504,6.157034858581504,6.01432240602447,6.055097579956055,101250,0.0,0.0
2003-09-10 00:00:00-04:00,6.0122843944178,6.0122843944178,5.737052917480469,5.737052917480469,119475,0.0,0.0
2003-09-11 00:00:00-04:00,5.767633394316931,5.9286946151077,5.6799672266666175,5.910346508026123,60075,0.0,0.0
2003-09-12 00:00:00-04:00,5.942968431248867,5.942968431248867,5.790061799178263,5.826759338378906,66488,0.0,0.0
2003-09-15 00:00:00-04:00,5.790061195356386,5.871610909406796,5.790061195356386,5.8247199058532715,95175,0.0,0.0
2003-09-16 00:00:00-04:00,5.9103503332860425,6.091799259185791,5.9103503332860425,6.091799259185791,64463,0.0,0.0
2003-09-17 00:00:00-04:00,6.185577814182556,6.4404216698900125,6.177423173024261,6.216158866882324,86063,0.0,0.0
2003-09-18 00:00:00-04:00,6.238586556711517,6.29771050608863,6.138687424577522,6.240625381469727,101250,0.0,0.0
2003-09-19 00:00:00-04:00,6.258973187411991,6.360910472454378,6.258973187411991,6.330329418182373,105300,0.0,0.0
2003-09-22 00:00:00-04:00,6.2814005868328735,6.373144420264209,6.232470761070715,6.265089988708496,63788,0.0,0.0
2003-09-23 00:00:00-04:00,6.199848188235757,6.269165582722126,6.199848188235757,6.250816822052002,116438,0.0,0.0
2003-09-24 00:00:00-04:00,6.220238282997325,6.224315932836867,6.140726735941093,6.201889514923096,59738,0.0,0.0
2003-09-25 00:00:00-04:00,6.205967782683468,6.205967782683468,6.04694467273726,6.0673322677612305,74250,0.0,0.0
2003-09-26 00:00:00-04:00,6.048983088074401,6.228393780890481,6.038788963151126,6.09995174407959,221063,0.0,0.0
2003-09-29 00:00:00-04:00,6.110145839027273,6.114223488976578,6.040827758500255,6.0632548332214355,101925,0.0,0.0
2003-09-30 00:00:00-04:00,6.093835079136389,6.093835079136389,5.930734991282567,6.014324188232422,80325,0.0,0.0
2003-10-01 00:00:00-04:00,6.07548710798448,6.07548710798448,5.945006903438283,5.965394496917725,30375,0.0,0.0
2003-10-02 00:00:00-04:00,5.963357318420637,6.012287162558498,5.9225814639998955,5.961318492889404,36113,0.0,0.0
2003-10-03 00:00:00-04:00,5.979662424456408,6.014321778021658,5.912384510040284,5.912384510040283,37463,0.0,0.0
2003-10-06 00:00:00-04:00,6.036749016250345,6.036749016250345,5.849184370761567,5.936850547790527,72563,0.0,0.0
2003-10-07 00:00:00-04:00,5.963353923714877,5.991896152496338,5.775788643654179,5.991896152496338,43875,0.0,0.0
2003-10-08 00:00:00-04:00,5.99189819046939,6.04286684845955,5.920541281838662,5.993937015533447,37125,0.0,0.0
2003-10-09 00:00:00-04:00,6.051021615808257,6.112184393732156,6.014324080294657,6.110145568847656,48263,0.0,0.0
2003-10-10 00:00:00-04:00,6.106068189077967,6.10810701405262,6.040827758500255,6.0632548332214355,202163,0.0,0.0
2003-10-13 00:00:00-04:00,6.085678318704641,6.106065904619849,6.022477392950624,6.0428643226623535,20250,0.0,0.0
2003-10-14 00:00:00-04:00,6.108109505531412,6.108109505531412,6.008210322043489,6.0347137451171875,21938,0.0,0.0
2003-10-15 00:00:00-04:00,6.071410456886353,6.071410456886353,5.979665943033645,6.024519443511963,26663,0.0,0.0
2003-10-16 00:00:00-04:00,6.089759228416128,6.089759228416128,5.926658453748053,6.024519443511963,65475,0.0,0.0
2003-10-17 00:00:00-04:00,6.063254181755972,6.177424430847168,6.018401349540268,6.177424430847168,66150,0.0,0.0
2003-10-20 00:00:00-04:00,6.185579917648613,6.187618742682389,6.085680772012304,6.136650085449219,49275,0.0,0.0
2003-10-21 00:00:00-04:00,6.187619155246794,6.218200220384963,6.116262899121872,6.167231559753418,98550,0.0,0.0
2003-10-22 00:00:00-04:00,6.177425869798777,6.2691690679488605,6.130534201904673,6.189658164978027,42188,0.0,0.0
2003-10-23 00:00:00-04:00,6.234509835554117,6.4383844458309625,6.152958810276747,6.2569355964660645,68513,0.0,0.0
2003-10-24 00:00:00-04:00,6.252857544880913,6.269167486406623,6.187617778778076,6.187617778778076,26325,0.0,0.0
2003-10-27 00:00:00-05:00,6.226354843859763,6.446540063795424,6.1937343008960335,6.405765533447266,38475,0.0,0.0
2003-10-28 00:00:00-05:00,6.4016876220703125,6.4343075074979454,6.2915950165992856,6.4016876220703125,63450,0.0,0.0
2003-10-29 00:00:00-05:00,6.4220714267332975,6.768659673058041,6.360908679228337,6.762543201446533,108338,0.0,0.0
2003-10-30 00:00:00-05:00,6.695265849180216,6.888948265052345,6.695265849180216,6.78904914855957,50288,0.0,0.0
2003-10-31 00:00:00-05:00,6.7074978927951925,6.89506381009867,6.662645729786428,6.697303771972656,44213,0.0,0.0
2003-11-03 00:00:00-05:00,6.581097781760273,6.914434859781754,6.22023886147535,6.825748920440674,63675,0.0,1.5
2003-11-04 00:00:00-05:00,6.81045541153678,6.957245512693195,6.706479308618825,6.770699977874756,42300,0.0,0.0
2003-11-05 00:00:00-05:00,6.923606311904525,6.923606311904525,6.584154182578323,6.78904914855957,22725,0.0,0.0
2003-11-06 00:00:00-05:00,6.837981000185455,6.837981000185455,6.672841436988616,6.819631576538086,19125,0.0,0.0
2003-11-07 00:00:00-05:00,6.819630202737323,6.825746676054295,6.761526002938528,6.78904914855957,51750,0.0,0.0
2003-11-10 00:00:00-05:00,6.804339594790939,6.804339594790939,6.694247018923628,6.770699977874756,48825,0.0,0.0
2003-11-11 00:00:00-05:00,6.614738238394724,6.834924159482683,6.513820648193359,6.513820648193359,37125,0.0,0.0
2003-11-12 00:00:00-05:00,6.648374173357771,6.648374173357771,6.535223693929755,6.574979782104492,40725,0.0,0.0
2003-11-13 00:00:00-05:00,6.529111402086014,6.651436996979476,6.290577345108841,6.333390712738037,61650,0.0,0.0
2003-11-14 00:00:00-05:00,6.449600490692602,6.498530339932202,6.159077993360789,6.174368858337402,24300,0.0,0.0
2003-11-17 00:00:00-05:00,6.149902564982702,6.22941346603348,5.911367893218994,5.911367893218994,63000,0.0,0.0
2003-11-18 00:00:00-05:00,6.052039952670481,6.128492915190439,5.617784789472501,5.651424407958984,34875,0.0,0.0
2003-11-19 00:00:00-05:00,6.0642705798990315,6.0642705798990315,5.553563195175976,5.663655757904053,54900,0.0,0.0
2003-11-20 00:00:00-05:00,5.71564941125801,6.0275785913292115,5.657544518677397,5.920543193817139,38475,0.0,0.0
2003-11-21 00:00:00-05:00,5.841027559911996,6.128491911834201,5.785981278420949,6.119317531585693,41175,0.0,0.0
2003-11-24 00:00:00-05:00,6.042866278539835,6.948073680031994,5.969471864174591,6.80128288269043,120825,0.0,0.0
2003-11-25 00:00:00-05:00,6.767644020740335,7.253886371013734,6.767644020740335,7.217188835144043,84600,0.0,0.0
2003-11-26 00:00:00-05:00,7.2416504753715,7.2416504753715,6.672838900808442,6.712594985961914,64800,0.0,0.0
2003-11-28 00:00:00-05:00,6.688134120041585,6.816575527191161,6.688134120041585,6.816575527191162,18900,0.0,0.0
2003-12-01 00:00:00-05:00,6.822692308420211,6.91137760842372,6.581099033355713,6.581099033355713,36000,0.0,0.0
2003-12-02 00:00:00-05:00,6.6667275163932755,6.6667275163932755,6.211066064914751,6.455716609954834,27450,0.0,0.0
2003-12-03 00:00:00-05:00,6.57498058965053,6.57498058965053,5.819622039794922,5.819622039794922,63000,0.0,0.0
2003-12-04 00:00:00-05:00,5.822682384662687,6.1988328626651485,5.822682384662687,6.116263389587402,282600,0.0,0.0
2003-12-05 00:00:00-05:00,6.116261068794078,6.269167004930697,6.116261068794078,6.238585948944092,51975,0.0,0.0
2003-12-08 00:00:00-05:00,6.241642049421545,6.5596874331152675,6.192712242777665,6.477118015289307,62775,0.0,0.0
2003-12-09 00:00:00-05:00,6.526053148409308,6.571925740845499,6.345623970031738,6.345623970031738,30375,0.0,0.0
2003-12-10 00:00:00-05:00,6.308925882376145,6.315042358752853,5.969473583240648,6.0703911781311035,74475,0.0,0.0
2003-12-11 00:00:00-05:00,6.168248500159078,6.208003936640126,5.96335418816721,6.192713737487793,213300,0.0,0.0
2003-12-12 00:00:00-05:00,6.220236835358889,6.330329418182373,6.177423490618792,6.330329418182373,54450,0.0,0.0
2003-12-15 00:00:00-05:00,6.4098425435958,6.452656555205557,6.1315524524379486,6.162134170532227,31725,0.0,0.0
2003-12-16 00:00:00-05:00,5.972530336666481,6.119320491648544,5.880786489802691,5.993937015533447,61650,0.0,0.0
2003-12-17 00:00:00-05:00,5.978642991504564,5.978642991504564,5.825737098458339,5.914422988891602,58725,0.0,0.0
2003-12-18 00:00:00-05:00,5.9388914914326465,6.140727981178248,5.914426899841801,6.116263389587402,29250,0.0,0.0
2003-12-19 00:00:00-05:00,6.275285859743263,6.299751107537949,6.036751170203711,6.116263389587402,25650,0.0,0.0
2003-12-22 00:00:00-05:00,6.052042688304711,6.186599910665885,6.052042688304711,6.116263389587402,60525,0.0,0.0
2003-12-23 00:00:00-05:00,6.220235773002943,6.2966887237273115,6.159073018701384,6.250816822052002,14625,0.0,0.0
2003-12-24 00:00:00-05:00,6.315039430346513,6.391492396685174,6.275283336639403,6.275283336639404,26325,0.0,0.0
2003-12-26 00:00:00-05:00,6.360912218624753,6.360912218624753,6.275284849434947,6.342564105987549,7425,0.0,0.0
2003-12-29 00:00:00-05:00,6.4985300280239935,6.4985300280239935,6.284461209645878,6.33644962310791,20475,0.0,0.0
2003-12-30 00:00:00-05:00,6.2813998277074585,6.284457736384393,5.856319680045338,6.146842002868652,61875,0.0,0.0
2003-12-31 00:00:00-05:00,6.162135492250692,6.208006766823617,6.094856222975502,6.104030609130859,65475,0.0,0.0
2004-01-02 00:00:00-05:00,6.11014691358777,6.217181634460203,6.100972527690243,6.116263389587402,65475,0.0,0.0
2004-01-05 00:00:00-05:00,6.238587153360485,6.330330995235882,6.070389672453111,6.162134170532227,47925,0.0,0.0
2004-01-06 00:00:00-05:00,6.235529750051417,6.2385883161531535,6.100972527690243,6.116263389587402,65475,0.0,0.0
2004-01-07 00:00:00-05:00,6.08568256057968,6.428193455249794,6.08568256057968,6.345623970031738,127125,0.0,0.0
2004-01-08 00:00:00-05:00,6.412903423400654,6.605566236784724,6.333391838210722,6.571926593780518,83700,0.0,0.0
2004-01-09 00:00:00-05:00,6.581095775210507,6.6055616690635155,6.486294701853291,6.529108047485352,102150,0.0,0.0
2004-01-12 00:00:00-05:00,6.562749656407404,6.727888584136963,6.501586871847053,6.727888584136963,38025,0.0,0.0
2004-01-13 00:00:00-05:00,6.72788851772757,6.767644622591071,6.57498254214164,6.758469581604004,127125,0.0,0.0
2004-01-14 00:00:00-05:00,6.785990842398775,7.434314727783203,6.724828075508935,7.434314727783203,115875,0.0,0.0
2004-01-15 00:00:00-05:00,7.186606825542543,7.54135053279562,6.926666175770536,7.171316623687744,103725,0.0,0.0
2004-01-16 00:00:00-05:00,7.168257999264381,7.238595151870276,7.110153138162447,7.201897621154785,119250,0.0,0.0
2004-01-20 00:00:00-05:00,7.152971496701123,7.152971496701123,6.810459939287395,7.033703804016113,145575,0.0,0.0
2004-01-21 00:00:00-05:00,7.110153029638019,7.110153029638019,6.880793466166986,7.015351295471191,46350,0.0,0.0
2004-01-22 00:00:00-05:00,7.079572884557882,7.079572884557882,6.88079435189411,6.93889856338501,114975,0.0,0.0
2004-01-23 00:00:00-05:00,6.9144341369243705,7.061224279823677,6.856329267890928,6.987829208374023,147375,0.0,0.0
2004-01-26 00:00:00-05:00,7.033699847967911,7.107094906060408,6.957246224985841,7.07039737701416,73800,0.0,0.0
2004-01-27 00:00:00-05:00,7.0734529018266175,7.464893954669103,7.048987671973123,7.104033946990967,112050,0.0,0.0
2004-01-28 00:00:00-05:00,7.159086661308953,7.186609823573813,6.914436767535054,7.033703804016113,51750,0.0,0.0
2004-01-29 00:00:00-05:00,7.128501543687558,7.186605745652897,6.929723043611391,7.079571723937988,35775,0.0,0.0
2004-01-30 00:00:00-05:00,6.960305478928997,7.278350980883419,6.960305478928997,7.134618759155273,75150,0.0,0.0
2004-02-02 00:00:00-05:00,6.972537456896265,7.229420830278937,6.889968012088711,7.1101531982421875,118350,0.0,0.0
2004-02-03 00:00:00-05:00,7.009233474191621,7.085686421425236,6.926663398742676,6.926663398742676,50400,0.0,0.0
2004-02-04 00:00:00-05:00,7.097922474790094,7.097922474790094,6.553574550640991,6.758469581604004,92475,0.0,0.0
2004-02-05 00:00:00-05:00,6.645315760103777,6.8165710765561665,6.6361413798688895,6.712594985961914,108675,0.0,0.0
2004-02-06 00:00:00-05:00,6.730945142217871,6.880793835872732,6.727887233275156,6.828805446624756,29925,0.0,0.0
2004-02-09 00:00:00-05:00,6.813515284373746,7.299758290850847,6.743178778092641,7.217188835144043,69075,0.0,0.0
2004-02-10 00:00:00-05:00,7.0948647240981915,7.4159681987025365,7.0948647240981915,7.339515209197998,177300,0.0,0.0
2004-02-11 00:00:00-05:00,7.308930633455998,7.611685219822502,7.22330329241008,7.467953681945801,116325,0.0,0.0
2004-02-12 00:00:00-05:00,7.626977894274988,7.626977894274988,7.171316623687744,7.171316623687744,20025,0.0,0.0
2004-02-13 00:00:00-05:00,7.373154924174897,7.523002995308712,7.097922715151586,7.2477707862854,55800,0.0,0.0
2004-02-17 00:00:00-05:00,7.339513479545675,7.400676250457764,7.263060508058279,7.400676250457764,36675,0.0,0.0
2004-02-18 00:00:00-05:00,7.3334011055445005,7.49242426758173,7.3334011055445005,7.4618425369262695,7650,0.0,0.0
2004-02-19 00:00:00-05:00,7.4893659915799775,7.4893659915799775,7.373157510430014,7.397622108459473,84375,0.0,0.0
2004-02-20 00:00:00-05:00,7.400675298322759,7.431256351742583,7.24165158944765,7.305872917175293,102150,0.0,0.0
2004-02-23 00:00:00-05:00,7.302818286262629,7.498538970947266,7.290586645750188,7.498538970947266,256050,0.0,0.0
2004-02-24 00:00:00-05:00,7.492417363698417,7.492417363698417,7.296696173981005,7.367033958435059,90450,0.0,0.0
2004-02-25 00:00:00-05:00,7.370091866201303,7.370091866201303,7.290581014651901,7.367033958435059,83700,0.0,0.0
2004-02-26 00:00:00-05:00,7.287529165765297,7.474074835466061,7.266122479269665,7.4618425369262695,61200,0.0,0.0
2004-02-27 00:00:00-05:00,7.24165225273739,7.492419801044236,7.24165225273739,7.379268646240234,31500,0.0,0.0
2004-03-01 00:00:00-05:00,7.480188030491606,7.495478889109626,7.400677140566781,7.431258201599121,83700,0.0,0.0
2004-03-02 00:00:00-05:00,7.519945338928011,7.519945338928011,7.3884453773498535,7.3884453773498535,25200,0.0,0.0
2004-03-03 00:00:00-05:00,7.293643284254521,7.611688193060117,7.180492754795201,7.339515209197998,49725,0.0,0.0
2004-03-04 00:00:00-05:00,7.620861424266873,7.703430869554553,7.4006762368330605,7.5413498878479,118125,0.0,0.0
2004-03-05 00:00:00-05:00,7.672848738633351,7.672848738633351,7.412907469029612,7.415966033935547,45675,0.0,0.0
2004-03-08 00:00:00-05:00,7.446546885062646,7.6728485279111895,7.443488976444276,7.578046798706055,63000,0.0,0.0
2004-03-09 00:00:00-05:00,7.574990220616887,7.67284987562921,7.504653060411288,7.617803573608398,38025,0.0,0.0
2004-03-10 00:00:00-05:00,7.605570398938259,7.669791077183,7.4771290424487775,7.553582668304443,29025,0.0,0.0
2004-03-11 00:00:00-05:00,7.553582480804321,7.553582480804321,7.278350353240967,7.278350353240967,40050,0.0,0.0
2004-03-12 00:00:00-05:00,7.278354241219003,7.5444114723235405,7.278354241219003,7.370098114013672,23400,0.0,0.0
2004-03-15 00:00:00-05:00,7.461836632375873,7.461836632375873,6.767641607632371,6.782931804656982,24750,0.0,0.0
2004-03-16 00:00:00-05:00,6.880797068719846,7.266121993297893,6.80434405960249,6.966424465179443,95400,0.0,0.0
2004-03-17 00:00:00-05:00,6.969480095287778,7.4037346839904785,6.969480095287778,7.4037346839904785,74475,0.0,0.0
2004-03-18 00:00:00-05:00,7.379269417307406,7.53829250116097,7.342571883526379,7.425141334533691,36900,0.0,0.0
2004-03-19 00:00:00-05:00,7.553584814123106,7.672851165683717,7.4006781751777355,7.510770797729492,50400,0.0,0.0
2004-03-22 00:00:00-05:00,7.550525449675532,7.553584015225455,7.370095674175206,7.486304759979248,51075,0.0,0.0
2004-03-23 00:00:00-05:00,7.437375104825658,7.66673471629307,7.428200720366961,7.559700012207031,66375,0.0,0.0
2004-03-24 00:00:00-05:00,7.437376084904719,7.721782040602626,7.400678542234022,7.6483869552612305,89550,0.0,0.0
2004-03-25 00:00:00-05:00,7.6483864961534564,7.825757723013536,7.617804774961047,7.672851085662842,83475,0.0,0.0
2004-03-26 00:00:00-05:00,7.675908761450967,7.727896500283057,7.626978275698318,7.642269134521484,25875,0.0,0.0
2004-03-29 00:00:00-05:00,7.630038084868345,7.7003746032714835,7.630038084868345,7.700374603271484,45225,0.0,0.0
2004-03-30 00:00:00-05:00,7.697313589348443,7.79823112487793,7.666731881657331,7.79823112487793,33300,0.0,0.0
2004-03-31 00:00:00-05:00,7.828815381071505,7.828815381071505,7.642269134521484,7.642269134521484,32175,0.0,0.0
2004-04-01 00:00:00-05:00,7.626978369789557,7.721780776977539,7.623920460468683,7.721780776977539,42750,0.0,0.0
2004-04-02 00:00:00-05:00,7.721777973356963,7.951138150443142,7.678963977391033,7.948079586029053,101250,0.0,0.0
2004-04-05 00:00:00-04:00,7.9450231099002995,8.064290082257047,7.841046993759719,8.055115699768066,49725,0.0,0.0
2004-04-06 00:00:00-04:00,8.07040820643072,8.088756975161115,7.908326541040604,8.045942306518555,34425,0.0,0.0
2004-04-07 00:00:00-04:00,8.042886497402504,8.07652613426059,7.874688969315985,7.877747535705566,24075,0.0,0.0
2004-04-08 00:00:00-04:00,7.908327267919706,7.951141940497496,7.706490793333956,7.740130424499512,46125,0.0,0.0
2004-04-12 00:00:00-04:00,7.69120096334325,7.874688020243966,7.553585178514845,7.792118549346924,29925,0.0,0.0
2004-04-13 00:00:00-04:00,7.792117032333935,7.810466456275844,7.1101540605945495,7.354804515838623,67950,0.0,0.0
2004-04-14 00:00:00-04:00,7.342572245373805,7.516885539423975,7.275292992657239,7.452664852142334,25425,0.0,0.0
2004-04-15 00:00:00-04:00,7.3364566433992495,7.461840123646015,7.250829268906016,7.339515209197998,37800,0.0,0.0
2004-04-16 00:00:00-04:00,7.339513325384122,7.348687708018052,7.269175516919177,7.318106651306152,27225,0.0,0.0
2004-04-19 00:00:00-04:00,7.318107742088575,7.370095480627347,7.156026083125646,7.19578218460083,22950,0.0,0.0
2004-04-20 00:00:00-04:00,7.122386050979896,7.339513325384122,7.0245257508167676,7.318106651306152,90675,0.0,0.0
2004-04-21 00:00:00-04:00,7.373153573969135,7.5230016176620875,7.214129834454927,7.446547985076904,58275,0.0,0.0
2004-04-22 00:00:00-04:00,7.474074337809732,7.6453297869838215,7.431260967669168,7.5474700927734375,33975,0.0,0.0
2004-04-23 00:00:00-04:00,7.599455898476449,7.614746758858866,7.22024754814118,7.339515209197998,48150,0.0,0.0
2004-04-26 00:00:00-04:00,7.18049053820903,7.4465469645469655,7.168257591197843,7.324222087860107,49275,0.0,0.0
2004-04-27 00:00:00-04:00,7.382329369259903,7.385386622711031,7.18660805865811,7.204957485198975,129150,0.0,0.0
2004-04-28 00:00:00-04:00,7.232478253621617,7.324222075026904,7.1866056867154,7.311989784240723,231075,0.0,0.0
2004-04-29 00:00:00-04:00,7.333399244714132,7.397619944109186,7.232481002807617,7.232481002807617,29700,0.0,0.0
2004-04-30 00:00:00-04:00,7.272233341585262,7.336454013484809,7.232477906286722,7.263059616088867,64350,0.0,0.0
2004-05-03 00:00:00-04:00,7.299754737950631,7.382324809673044,7.269173035474661,7.367033958435059,60975,0.0,0.0
2004-05-04 00:00:00-04:00,7.385383836026513,7.388442400731147,7.293640675161841,7.30893087387085,64350,0.0,0.0
2004-05-05 00:00:00-04:00,7.3823262691984315,7.3823262691984315,7.293640364409853,7.296697616577148,22050,0.0,0.0
2004-05-06 00:00:00-04:00,7.29364062704807,7.318105863506052,7.281407680717312,7.305872917175293,46350,0.0,0.0
2004-05-07 00:00:00-04:00,7.293640195257664,7.339512100773508,7.201896384225976,7.214128017425537,42525,0.0,0.0
2004-05-10 00:00:00-04:00,7.19883882055806,7.293641209273261,6.969479261091589,7.278350353240967,155925,0.0,0.0
2004-05-11 00:00:00-04:00,6.975595025457586,7.296697719856914,6.975595025457586,7.09486198425293,106875,0.0,0.0
2004-05-12 00:00:00-04:00,7.082629758360519,7.3364545562379435,7.003118881881202,7.278350353240967,146700,0.0,0.0
2004-05-13 00:00:00-04:00,7.302816259622498,7.324223593190086,6.9541896660191735,6.981712818145752,123975,0.0,0.0
2004-05-14 00:00:00-04:00,6.981711463084533,7.275291695454519,6.981711463084533,7.07039737701416,288225,0.0,0.0
2004-05-17 00:00:00-04:00,7.0551088066698435,7.0551088066698435,6.938899708309752,6.978655815124512,67275,0.0,0.0
2004-05-18 00:00:00-04:00,6.9725418069607485,7.201902175168738,6.9174954760797975,7.1835527420043945,99225,0.0,0.0
2004-05-19 00:00:00-04:00,6.978654589821571,7.272234865750064,6.920550378945283,6.957247257232666,70200,0.0,0.0
2004-05-20 00:00:00-04:00,6.9205522926951355,7.385387420654297,6.9205522926951355,7.385387420654297,72225,0.0,0.0
2004-05-21 00:00:00-04:00,7.385387420654297,7.385387420654297,7.311992987579988,7.385387420654297,76275,0.0,0.0
2004-05-24 00:00:00-04:00,7.345631684591721,7.446549263263597,7.1437945586366425,7.339515209197998,61650,0.0,0.0
2004-05-25 00:00:00-04:00,7.339513999653117,7.452664510465341,7.244711599590756,7.4037346839904785,81000,0.0,0.0
2004-05-26 00:00:00-04:00,7.373151374250491,7.645324230194092,7.373151374250491,7.645324230194092,39600,0.0,0.0
2004-05-27 00:00:00-04:00,7.550524103299909,7.645325838164754,7.370094359973007,7.553582668304443,72225,0.0,0.0
2004-05-28 00:00:00-04:00,7.602510155728933,7.654497870399527,7.568870544433594,7.568870544433594,51750,0.0,0.0
2004-06-01 00:00:00-04:00,7.4526634751270375,7.645325501374145,7.4526634751270375,7.562756061553955,39150,0.0,0.0
2004-06-02 00:00:00-04:00,7.370097273758423,7.6422709507537485,7.370097273758423,7.538294792175293,29700,0.0,0.0
2004-06-03 00:00:00-04:00,7.406793570828425,7.523002662275737,7.40067775183903,7.513828277587891,76725,0.0,0.0
2004-06-04 00:00:00-04:00,7.565817950875813,7.614747792053228,7.5015965910374005,7.538294792175293,88650,0.0,0.0
2004-06-07 00:00:00-04:00,7.559696895944848,7.675905936585832,7.559696895944848,7.645324230194092,110250,0.0,0.0
2004-06-08 00:00:00-04:00,7.645327829328165,7.9725484357828815,7.645327829328165,7.883862495422363,27000,0.0,0.0
2004-06-09 00:00:00-04:00,7.920562307060259,7.951144036619713,7.73707389831543,7.73707389831543,34200,0.0,0.0
2004-06-10 00:00:00-04:00,7.859394826383493,7.859394826383493,7.574988979218086,7.678965091705322,54225,0.0,0.0
2004-06-14 00:00:00-04:00,7.660619217509255,7.727897826712323,7.198841370104172,7.232481002807617,254025,0.0,0.0
2004-06-15 00:00:00-04:00,7.204956548513097,7.688140989973936,7.2018986392557265,7.422083854675293,88875,0.0,0.0
2004-06-16 00:00:00-04:00,7.4434940500197255,7.4434940500197255,7.260006283778717,7.397622108459473,67725,0.0,0.0
2004-06-17 00:00:00-04:00,7.412909603669612,7.434316939361328,7.284468870538179,7.360921859741211,41625,0.0,0.0
2004-06-18 00:00:00-04:00,7.29669854765709,7.379268646240234,7.278350438887453,7.379268646240234,161325,0.0,0.0
2004-06-21 00:00:00-04:00,7.281409870141281,7.382328754799104,7.281409870141281,7.351747035980225,36450,0.0,0.0
2004-06-22 00:00:00-04:00,7.226365827900712,7.455726166091321,7.082633541787752,7.370098114013672,46350,0.0,0.0
2004-06-23 00:00:00-04:00,7.339515063257211,7.348689448063481,7.211073019765671,7.302816867828369,47025,0.0,0.0
2004-06-24 00:00:00-04:00,7.382329557883757,7.611688536753707,7.266120457378452,7.3884453773498535,47925,0.0,0.0
2004-06-25 00:00:00-04:00,7.40985237951259,7.489363278612101,7.339515209197999,7.339515209197998,202050,0.0,0.0
2004-06-28 00:00:00-04:00,7.3456308736114,7.608630099652673,7.28140952957699,7.422083854675293,91575,0.0,0.0
2004-06-29 00:00:00-04:00,7.2752931161914525,7.645327043804635,7.2630614790588535,7.642269134521484,128025,0.0,0.0
2004-06-30 00:00:00-04:00,7.354803314041213,7.596395820586527,7.354803314041213,7.4190239906311035,56925,0.0,0.0
2004-07-01 00:00:00-04:00,7.599457913750661,7.599457913750661,6.969483092064774,7.033703804016113,64575,0.0,0.0
2004-07-02 00:00:00-04:00,7.036761359926252,7.186608791351318,7.006179635444047,7.186608791351318,123525,0.0,0.0
2004-07-06 00:00:00-04:00,7.186609388013752,7.195784431083248,7.052052151454425,7.159086227416992,49275,0.0,0.0
2004-07-07 00:00:00-04:00,7.159085968829508,7.241655447637361,7.055109806843138,7.177435398101807,97200,0.0,0.0
2004-07-08 00:00:00-04:00,7.08874688579521,7.143793185143974,7.000060962554318,7.018409729003906,189900,0.0,0.0
2004-07-09 00:00:00-04:00,7.125443923156051,7.134618305742813,7.052048862461951,7.113211631774902,70200,0.0,0.0
2004-07-12 00:00:00-04:00,7.14990965936172,7.156025477375816,7.006177436772064,7.018409729003906,72225,0.0,0.0
2004-07-13 00:00:00-04:00,7.0031207865566625,7.030643941178256,6.605563671220027,6.727888584136963,182475,0.0,0.0
2004-07-14 00:00:00-04:00,6.66061071477325,6.767645435503143,6.6422612867987905,6.6514363288879395,97200,0.0,0.0
2004-07-15 00:00:00-04:00,6.605562797875961,6.605562797875961,5.743170077548835,6.458772659301758,1353150,0.0,0.0
2004-07-16 00:00:00-04:00,6.388435006245732,6.626969643729213,6.388435006245732,6.565806865692139,290250,0.0,0.0
2004-07-19 00:00:00-04:00,6.519938346434916,6.593332792283406,6.48324013920471,6.54746150970459,74250,0.0,0.0
2004-07-20 00:00:00-04:00,6.544398057557529,6.853269100189208,6.501584061253127,6.853269100189209,136125,0.0,0.0
2004-07-21 00:00:00-04:00,6.911375750657944,6.911375750657944,6.599446688910048,6.605563163757324,35775,0.0,0.0
2004-07-22 00:00:00-04:00,6.715655861645982,7.100980001787466,6.633086403044235,7.06734037399292,138150,0.0,0.0
2004-07-23 00:00:00-04:00,6.874681565435281,7.263065111604431,6.773763290377329,7.208018779754639,98100,0.0,0.0
2004-07-26 00:00:00-04:00,7.183550522941866,7.183550522941866,7.003121376037598,7.003121376037598,138375,0.0,0.0
2004-07-27 00:00:00-04:00,7.003120151713341,7.070398749288184,6.926666513892595,6.981712818145752,142650,0.0,0.0
2004-07-28 00:00:00-04:00,6.908316647903979,6.941956269447077,6.822689295853076,6.899142265319824,111150,0.0,0.0
2004-07-29 00:00:00-04:00,6.929726959107292,6.990889760505688,6.743181300717516,6.834925174713135,65475,0.0,0.0
2004-07-30 00:00:00-04:00,6.81045496589636,6.883850011671981,6.730943447571614,6.7615251541137695,37575,0.0,0.0
2004-08-02 00:00:00-04:00,6.7003645157952345,7.149909969514418,6.7003645157952345,6.957247257232666,269550,0.0,0.0
2004-08-03 00:00:00-04:00,6.847152936825884,6.85632731814816,6.6422579831593795,6.770699977874756,129150,0.0,0.0
2004-08-04 00:00:00-04:00,6.896084418471468,7.048991029532054,6.642259588475705,6.868561267852783,34425,0.0,0.0
2004-08-05 00:00:00-04:00,6.740120777000581,6.981712666116333,6.7370622115839796,6.767643928527832,46575,0.0,0.0
2004-08-06 00:00:00-04:00,6.675900184450476,6.886911692753125,6.6483770298288825,6.727888584136963,75375,0.0,0.0
2004-08-09 00:00:00-04:00,6.734003839252727,6.834922054578856,6.614736201300017,6.779875755310059,51525,0.0,0.0
2004-08-10 00:00:00-04:00,6.779878866616645,7.287528741415582,6.6911929028063355,7.033703804016113,111600,0.0,0.0
2004-08-11 00:00:00-04:00,7.006174319505182,7.018406606294495,6.700361243942119,6.804337978363037,35550,0.0,0.0
2004-08-12 00:00:00-04:00,6.458769613132725,6.578036544474042,6.299746600542055,6.376200199127197,103500,0.0,0.0
2004-08-13 00:00:00-04:00,6.287517213981209,6.443481078402355,6.2171800545727125,6.415957927703857,263475,0.0,0.0
2004-08-16 00:00:00-04:00,6.422074580615132,6.972538266085845,6.34256369163458,6.80128288269043,47025,0.0,0.0
2004-08-17 00:00:00-04:00,6.871616649257586,6.871616649257586,6.26610696000111,6.419013500213623,68625,0.0,0.0
2004-08-18 00:00:00-04:00,6.415958842221807,6.837981858827104,6.382319868486816,6.727888584136963,92475,0.0,0.0
2004-08-19 00:00:00-04:00,6.685076369475986,6.7309476454910175,6.648378167496978,6.682017803192139,37800,0.0,0.0
2004-08-20 00:00:00-04:00,6.682016659767641,6.813515957558442,6.626970350524455,6.727888584136963,102825,0.0,0.0
2004-08-23 00:00:00-04:00,6.614736785324896,7.263061453985235,6.614736785324896,7.088747501373291,108450,0.0,0.0
2004-08-24 00:00:00-04:00,7.152968316489382,7.152968316489382,6.945014752450277,7.085689067840576,42075,0.0,0.0
2004-08-25 00:00:00-04:00,6.945017589933267,7.128505331753452,6.941959679637572,7.0642852783203125,28800,0.0,0.0
2004-08-26 00:00:00-04:00,7.052048337296584,7.131559209658288,6.850211935418548,6.908316135406494,96075,0.0,0.0
2004-08-27 00:00:00-04:00,6.785990110681269,6.785990110681269,6.6177933401249485,6.66060733795166,114975,0.0,0.0
2004-08-30 00:00:00-04:00,6.7278871002077745,6.7278871002077745,6.370086169045042,6.39149284362793,70200,0.0,0.0
2004-08-31 00:00:00-04:00,6.388434717006232,6.406784140169903,6.220237905274092,6.281400680541992,51300,0.0,0.0
2004-09-01 00:00:00-04:00,6.299749963148148,6.556632721614521,6.1437854312221365,6.272226810455322,118350,0.0,0.0
2004-09-02 00:00:00-04:00,6.302805930141228,6.660607461087211,6.159073736082826,6.516875267028809,54900,0.0,0.0
2004-09-03 00:00:00-04:00,6.68201891656199,6.68201891656199,6.3792634572676485,6.446542739868164,40950,0.0,0.0
2004-09-07 00:00:00-04:00,6.651433486429018,6.654491395016058,6.204946678746709,6.428189754486084,55125,0.0,0.0
2004-09-08 00:00:00-04:00,6.406785512060509,6.464890390678346,6.284459935331026,6.287518501281738,82350,0.0,0.0
2004-09-09 00:00:00-04:00,6.388434278542072,6.526050021296969,6.290574632274338,6.39149284362793,89550,0.0,0.0
2004-09-10 00:00:00-04:00,6.400670013767723,6.645320548381878,6.373146853231277,6.642261981964111,45675,0.0,0.0
2004-09-13 00:00:00-04:00,6.666724409500251,6.911374840525915,6.39149292067274,6.599445819854736,111150,0.0,0.0
2004-09-14 00:00:00-04:00,6.703420845896668,6.727886081862309,6.437363783508096,6.553572177886963,36900,0.0,0.0
2004-09-15 00:00:00-04:00,6.474063052931897,6.727887893798828,6.474063052931897,6.544400215148926,78300,0.0,0.0
2004-09-16 00:00:00-04:00,6.44042340038743,6.620853169064396,6.44042340038743,6.565806865692139,62775,0.0,0.0
2004-09-17 00:00:00-04:00,6.804341763535633,6.883852656202151,6.446540121721408,6.489354133605957,80100,0.0,0.0
2004-09-20 00:00:00-04:00,6.458775191641583,6.565809272181797,6.425135552961092,6.519937992095947,30150,0.0,0.0
2004-09-21 00:00:00-04:00,6.449596017724232,6.568863631900159,6.391491821036283,6.4098405838012695,78750,0.0,0.0
2004-09-22 00:00:00-04:00,6.3456202734201534,6.486294566719199,6.253876454400583,6.330329418182373,61875,0.0,0.0
2004-09-23 00:00:00-04:00,6.2508183472570895,6.4679456202339445,6.192714143025369,6.211062908172607,31950,0.0,0.0
2004-09-24 00:00:00-04:00,6.03980887149552,6.382319666763365,6.033693052575423,6.3150410652160645,77175,0.0,0.0
2004-09-27 00:00:00-04:00,6.2997533472389176,6.553577676508082,6.278346001731344,6.498531341552734,50850,0.0,0.0
2004-09-28 00:00:00-04:00,6.513821499921667,6.553576303007719,6.391495899299657,6.455716609954834,15750,0.0,0.0
2004-09-29 00:00:00-04:00,6.504647307772105,6.663670478151969,6.47712414246067,6.571926593780518,43875,0.0,0.0
2004-09-30 00:00:00-04:00,6.464891094825216,6.68201780319214,6.464891094825216,6.682017803192139,26325,0.0,0.0
2004-10-01 00:00:00-04:00,6.630027166188229,6.727886808208726,6.574980871475351,6.724828243255615,41400,0.0,0.0
2004-10-04 00:00:00-04:00,6.633085936658914,6.819631518685973,6.5933298367324005,6.685074329376221,57825,0.0,0.0
2004-10-05 00:00:00-04:00,6.62085288039731,6.987828876416022,6.587213255513041,6.831864356994629,79650,0.0,0.0
2004-10-06 00:00:00-04:00,6.9572472717895675,7.177433135400318,6.798224840730131,7.042875289916992,98775,0.0,0.0
2004-10-07 00:00:00-04:00,6.993944622622622,7.100979314368203,6.801282571202773,6.969480037689209,70875,0.0,0.0
2004-10-08 00:00:00-04:00,6.997006237506712,7.030645876706422,6.746239211116054,6.834925174713135,51300,0.0,0.0
2004-10-11 00:00:00-04:00,6.9022011047227165,6.95418949844361,6.642259792321941,6.80128288269043,31050,0.0,0.0
2004-10-12 00:00:00-04:00,6.764585952836939,6.798225581926348,6.452656875001284,6.740121364593506,36900,0.0,0.0
2004-10-13 00:00:00-04:00,6.636144940044441,7.14991116502819,6.636144940044441,7.107097148895264,47025,0.0,0.0
2004-10-14 00:00:00-04:00,7.033701151261197,7.339514387447271,7.033701151261197,7.336455821990967,104625,0.0,0.0
2004-10-15 00:00:00-04:00,7.330341998333355,7.370098114013671,7.156028640023487,7.370098114013672,20475,0.0,0.0
2004-10-18 00:00:00-04:00,7.3731569767482315,7.480191061838832,7.256947847805671,7.3303422927856445,33525,0.0,0.0
2004-10-19 00:00:00-04:00,7.2477709941540125,7.4832477599248755,6.984771728515625,6.984771728515625,161325,0.0,0.0
2004-10-20 00:00:00-04:00,7.06733693767827,7.253883098322067,7.06733693767827,7.211069107055664,18450,0.0,0.0
2004-10-21 00:00:00-04:00,7.177433396585651,7.4282003293937375,7.113212708754944,7.422083854675293,56475,0.0,0.0
2004-10-22 00:00:00-04:00,7.4251413451395205,7.431257819512983,7.0765141175181245,7.152968406677246,24750,0.0,0.0
2004-10-25 00:00:00-04:00,7.152966116061281,7.3028134562902265,7.143791079337403,7.192720890045166,25875,0.0,0.0
2004-10-26 00:00:00-04:00,7.177434799433907,7.2997597242856,7.0887488515992265,7.290585994720459,65700,0.0,0.0
2004-10-27 00:00:00-04:00,7.1927235878594376,7.34868877140878,7.1774333853927255,7.336455821990967,18900,0.0,0.0
2004-10-28 00:00:00-04:00,7.293641390320946,7.645325838164754,7.2508273860899175,7.553582668304443,96075,0.0,0.0
2004-10-29 00:00:00-04:00,7.526062545415461,7.56581800062076,7.409853433625682,7.443492412567139,29250,0.0,0.0
2004-11-01 00:00:00-05:00,7.529120209229565,7.529120209229565,7.342574563164928,7.363981246948242,10350,0.0,0.0
2004-11-02 00:00:00-05:00,7.388446331888616,7.574992629985032,7.388446331888616,7.498538970947266,59400,0.0,0.0
2004-11-03 00:00:00-05:00,7.458780173481612,7.685081826692533,7.458780173481612,7.62697696685791,59175,0.0,0.0
2004-11-04 00:00:00-05:00,7.605568799328991,7.645324230194092,7.526057937598789,7.645324230194092,11925,0.0,0.0
2004-11-05 00:00:00-05:00,7.599457850258972,7.639213966223138,7.47101642742939,7.5474700927734375,37575,0.0,0.0
2004-11-08 00:00:00-05:00,7.492421637402426,7.492421637402426,7.201899235385996,7.287526607513428,40275,0.0,0.0
2004-11-09 00:00:00-05:00,7.229425208139887,7.4893659915799775,7.229425208139887,7.397622108459473,56925,0.0,0.0
2004-11-10 00:00:00-05:00,7.342573089836181,7.4282011201955,7.342573089836181,7.360921859741211,28800,0.0,0.0
2004-11-11 00:00:00-05:00,7.214128017425537,7.220244490228816,7.149908005906854,7.214128017425537,59850,0.0,0.0
2004-11-12 00:00:00-05:00,7.226364638133819,7.29058599472046,7.165201847606056,7.290585994720459,16650,0.0,0.0
2004-11-15 00:00:00-05:00,7.290584533405916,8.256953411509313,7.27835158403002,7.431258201599121,289575,0.0,0.0
2004-11-16 00:00:00-05:00,7.3425730336629815,7.415968112721602,7.3425730336629815,7.3456315994262695,11925,0.0,0.0
2004-11-17 00:00:00-05:00,7.406794236594517,7.489363706206967,7.094865129169706,7.140737056732178,43875,0.0,0.0
2004-11-18 00:00:00-05:00,7.162141248241281,7.162141248241281,7.00617674873615,7.073455333709717,44550,0.0,0.0
2004-11-19 00:00:00-05:00,6.993948494679777,7.278355193768717,6.957250940759143,7.1835527420043945,116325,0.0,0.0
2004-11-22 00:00:00-05:00,7.214130161960254,7.287525888807351,7.036759616176953,7.1254448890686035,29250,0.0,0.0
2004-11-23 00:00:00-05:00,7.015351275895109,7.302815042575446,7.009235458355349,7.250827312469482,26325,0.0,0.0
2004-11-24 00:00:00-05:00,7.415966951088435,7.471013251759976,7.296699310096429,7.425141334533691,22725,0.0,0.0
2004-11-26 00:00:00-05:00,7.256940483832902,7.489357849668777,7.256940483832902,7.483242034912109,6300,0.0,0.0
2004-11-29 00:00:00-05:00,7.507708520041664,7.645324230194092,7.428197658311462,7.645324230194092,37800,0.0,0.0
2004-11-30 00:00:00-05:00,7.571933061817339,7.645328144812267,7.4434916665762145,7.507712364196777,18000,0.0,0.0
2004-12-01 00:00:00-05:00,7.4159675436792645,7.792117294991954,7.4159675436792645,7.734013080596924,39375,0.0,0.0
2004-12-02 00:00:00-05:00,7.645324975226359,7.816580316617043,7.584162212686072,7.795173645019531,37125,0.0,0.0
2004-12-03 00:00:00-05:00,7.795176818993525,7.889979237962344,7.492422103881836,7.492422103881836,27900,0.0,0.0
2004-12-06 00:00:00-05:00,7.4129093417058805,7.437375242319687,7.281410047434796,7.293642997741699,20925,0.0,0.0
2004-12-07 00:00:00-05:00,7.119325964976353,7.458778018622407,7.119325964976353,7.211069107055664,71100,0.0,0.0
2004-12-08 00:00:00-05:00,7.348685593448626,7.397615401348933,7.244708849380772,7.373150825500488,32625,0.0,0.0
2004-12-09 00:00:00-05:00,7.122388744827942,7.211074039696311,7.085691200412381,7.186608791351318,6300,0.0,0.0
2004-12-10 00:00:00-05:00,7.250826304205056,7.3395122082353526,7.152966675140771,7.281407356262207,21600,0.0,0.0
2004-12-13 00:00:00-05:00,7.373152153383857,7.373152153383857,7.305872917175293,7.305872917175293,29025,0.0,0.0
2004-12-14 00:00:00-05:00,7.339512342275163,7.474069498746818,7.2936404352499355,7.467953681945801,6525,0.0,0.0
2004-12-15 00:00:00-05:00,7.415968455525847,7.513828784195538,7.412909889621176,7.492422103881836,27000,0.0,0.0
2004-12-16 00:00:00-05:00,7.443490073501861,7.443490073501861,7.3272809982299805,7.3272809982299805,13950,0.0,0.0
2004-12-17 00:00:00-05:00,7.391502953331423,7.4159681987025365,7.266120129288434,7.339515209197998,51300,0.0,0.0
2004-12-20 00:00:00-05:00,7.214127014930619,7.351743368558101,7.2080118553841155,7.211069107055664,5625,0.0,0.0
2004-12-21 00:00:00-05:00,7.290583503404362,7.4037340038216355,7.275291990743001,7.318106651306152,40050,0.0,0.0
2004-12-22 00:00:00-05:00,7.379270991946903,7.437375870301459,7.339515540602054,7.3884453773498535,9900,0.0,0.0
2004-12-23 00:00:00-05:00,7.308933023356032,7.388444573599894,7.272235485736363,7.351747035980225,29925,0.0,0.0
2004-12-27 00:00:00-05:00,7.37315454992157,7.391502662974425,7.293642997741699,7.293642997741699,16200,0.0,0.0
2004-12-28 00:00:00-05:00,7.26917436334191,7.724836826324463,7.2324774948333825,7.724836826324463,106875,0.0,0.0
2004-12-29 00:00:00-05:00,7.782938975339216,7.782938975339216,7.651439108894199,7.65755558013916,40950,0.0,0.0
2004-12-30 00:00:00-05:00,7.752360741069033,7.920557527330345,7.7309534120550625,7.804348468780518,18450,0.0,0.0
2004-12-31 00:00:00-05:00,7.7890623136033295,7.8593995041453155,7.7248422564179915,7.73707389831543,31725,0.0,0.0
2005-01-03 00:00:00-05:00,7.737070884336215,7.779885551522565,7.590280739485686,7.642269134521484,27225,0.0,0.0
2005-01-04 00:00:00-05:00,7.6759122691639,7.779889106750488,7.599458596314231,7.779889106750488,33525,0.0,0.0
2005-01-05 00:00:00-05:00,7.5749918699198355,7.7982350357653045,7.52606203176018,7.6483869552612305,51975,0.0,0.0
2005-01-06 00:00:00-05:00,7.6453252281114334,7.853278102664058,7.587221028308539,7.743185520172119,42975,0.0,0.0
2005-01-07 00:00:00-05:00,7.874682106793649,7.874682106793649,7.553579506194804,7.65755558013916,61650,0.0,0.0
2005-01-10 00:00:00-05:00,7.645323490610198,7.764590427871471,7.568870544433594,7.568870544433594,21150,0.0,0.0
2005-01-11 00:00:00-05:00,7.455724324531285,7.584165058515086,7.27835244346973,7.449607849121094,69300,0.0,0.0
2005-01-12 00:00:00-05:00,7.345628786710262,7.489360324027946,7.1101521232919085,7.348686695098877,46125,0.0,0.0
2005-01-13 00:00:00-05:00,7.336453678303873,7.357860349224534,7.1682569068906545,7.272233009338379,62325,0.0,0.0
2005-01-14 00:00:00-05:00,7.146857180983594,7.4067980178041735,7.128507744387307,7.391507148742676,58500,0.0,0.0
2005-01-18 00:00:00-05:00,7.339512789317835,7.489360809326172,7.1468507680770195,7.489360809326172,31500,0.0,0.0
2005-01-19 00:00:00-05:00,7.574986934661865,7.782939759711601,7.507707712796818,7.574986934661865,48150,0.0,0.0
2005-01-20 00:00:00-05:00,7.41902563621504,7.700373643367081,7.351747035980225,7.351747035980225,42750,0.0,0.0
2005-01-21 00:00:00-05:00,7.461840249742179,7.792118114916521,7.269177505520027,7.409852504730225,43650,0.0,0.0
2005-01-24 00:00:00-05:00,7.541350834600451,7.541350834600451,7.269176568804105,7.336455821990967,26325,0.0,0.0
2005-01-25 00:00:00-05:00,7.336458086568022,7.363981246948242,7.1896678978735125,7.363981246948242,38250,0.0,0.0
2005-01-26 00:00:00-05:00,7.526058104733883,7.697313433238994,7.223302879471631,7.599452495574951,114975,0.0,0.0
2005-01-27 00:00:00-05:00,7.626981084803322,7.715667048715816,7.584167058051783,7.639214038848877,40725,0.0,0.0
2005-01-28 00:00:00-05:00,7.626979518882946,7.7003746032714835,7.605572838004227,7.700374603271484,65250,0.0,0.0
2005-01-31 00:00:00-05:00,7.7340145597942485,7.9358510503211095,7.64532861037359,7.932793140411377,352575,0.0,0.0
2005-02-01 00:00:00-05:00,7.948086061230998,8.244724397838842,7.889981820671775,8.217201232910156,149400,0.0,0.0
2005-02-02 00:00:00-05:00,8.220254651105831,8.62392748388837,8.189672938425964,8.498544692993164,257625,0.0,0.0
2005-02-03 00:00:00-05:00,8.49855006705893,8.49855006705893,8.226376326838983,8.483259201049805,98550,0.0,0.0
2005-02-04 00:00:00-05:00,8.409855126568798,8.501598912387648,8.409855126568798,8.461843490600586,60525,0.0,0.0
2005-02-07 00:00:00-05:00,8.351753234863281,8.501601240670952,7.94807981050537,8.351753234863281,180450,0.0,0.0
2005-02-08 00:00:00-05:00,8.3334081435396,8.348699005371145,8.232489899099846,8.25695514678955,101700,0.0,0.0
2005-02-09 00:00:00-05:00,8.272244943303694,8.330349821667618,8.226373672485352,8.226373672485352,118800,0.0,0.0
2005-02-10 00:00:00-05:00,8.253896845667755,8.302826682524039,8.168268810914501,8.250838279724121,51975,0.0,0.0
2005-02-11 00:00:00-05:00,8.385396807537465,8.385396807537465,8.2080249185513,8.250838279724121,91800,0.0,0.0
2005-02-14 00:00:00-05:00,8.16827145416098,8.315061668434838,8.113225123808283,8.17438793182373,23175,0.0,0.0
2005-02-15 00:00:00-05:00,8.437386447209906,8.437386447209906,8.284479770446481,8.357874870300293,64800,0.0,0.0
2005-02-16 00:00:00-05:00,8.275300268473423,8.437381232545572,8.027591959561192,8.070405960083008,77175,0.0,0.0
2005-02-17 00:00:00-05:00,8.104048022837807,8.22943150762984,8.030652940267602,8.073466300964355,53550,0.0,0.0
2005-02-18 00:00:00-05:00,8.220255083047773,8.247778232183725,7.963371701575257,8.06734848022461,47925,0.0,0.0
2005-02-22 00:00:00-05:00,8.195790682728065,8.388452746422894,7.672850139352677,7.951140880584717,62100,0.0,0.0
2005-02-23 00:00:00-05:00,8.067346832734481,8.067346832734481,7.8899756821484495,7.981719493865967,41400,0.0,0.0
2005-02-24 00:00:00-05:00,8.030653370222689,8.226374038357838,7.95114246398388,8.168269157409668,97650,0.0,0.0
2005-02-25 00:00:00-05:00,8.122396223692274,8.180501097453481,8.058175530948441,8.15297794342041,17550,0.0,0.0
2005-02-28 00:00:00-05:00,8.000072990303892,8.229432655322732,8.000072990303892,8.198851585388184,51075,0.0,0.0
2005-03-01 00:00:00-05:00,8.055120858630428,8.516898843788276,8.055120858630428,8.483259201049805,87750,0.0,0.0
2005-03-02 00:00:00-05:00,8.425152692976509,8.63616424122078,8.308944233380053,8.541361808776855,125325,0.0,0.0
2005-03-03 00:00:00-05:00,8.65144965936415,8.816588526944841,8.633101552503158,8.672856330871582,89100,0.0,0.0
2005-03-04 00:00:00-05:00,8.792123366173161,8.795181274414062,8.65756556052126,8.795181274414062,291825,0.0,0.0
2005-03-07 00:00:00-05:00,8.837996123947383,8.96032099603689,8.578055524680845,8.822705268859863,133200,0.0,0.0
2005-03-08 00:00:00-05:00,8.954208001108631,8.990905539921991,8.81353432105867,8.91445255279541,117450,0.0,0.0
2005-03-09 00:00:00-05:00,8.91750992098598,8.945033073425293,8.706498429414191,8.945033073425293,104175,0.0,0.0
2005-03-10 00:00:00-05:00,8.914450437748705,9.064298466948992,8.16520832313647,8.614753723144531,127800,0.0,0.0
2005-03-11 00:00:00-05:00,8.62698675084843,8.712614109671549,8.455731376998532,8.669800758361816,48825,0.0,0.0
2005-03-14 00:00:00-05:00,8.669801430315358,8.669801430315358,8.34563942411087,8.562766075134277,28125,0.0,0.0
2005-03-15 00:00:00-05:00,8.730962906795872,8.792125681142455,8.504661232296804,8.587230682373047,73350,0.0,0.0
2005-03-16 00:00:00-05:00,8.419036356619332,8.639222277976678,8.419036356619332,8.53830337524414,53325,0.0,0.0
2005-03-17 00:00:00-05:00,8.425149691266611,8.69732393867836,8.425149691266611,8.587230682373047,82575,0.0,0.0
2005-03-18 00:00:00-05:00,8.715675648436239,8.715675648436239,8.195792875243843,8.260013580322266,228825,0.0,0.0
2005-03-21 00:00:00-05:00,8.376219519979468,8.376219519979468,8.036767350335625,8.085697174072266,53325,0.0,0.0
2005-03-22 00:00:00-05:00,8.14686281358727,8.290595082674601,7.993956158307211,8.061235427856445,108450,0.0,0.0
2005-03-23 00:00:00-05:00,7.981722581671647,8.19579133975923,7.911385413409778,7.926676273345947,127350,0.0,0.0
2005-03-24 00:00:00-05:00,8.042886497402504,8.07041031388923,7.859398762183685,7.877747535705566,75825,0.0,0.0
2005-03-28 00:00:00-05:00,7.880801463136829,7.963370902256827,7.844103934639053,7.889976501464844,127350,0.0,0.0
2005-03-29 00:00:00-05:00,7.8593939794662395,7.951138447449819,7.685080737084094,7.724836826324463,53325,0.0,0.0
2005-03-30 00:00:00-05:00,7.798230928250037,8.000067962830292,7.69119692264043,7.948079586029053,83250,0.0,0.0
2005-03-31 00:00:00-05:00,8.02453614125024,8.055117861891198,7.743188117335305,7.893036842346191,48600,0.0,0.0
2005-04-01 00:00:00-05:00,7.948079882921481,8.039823694701557,7.599452741953687,7.724836826324463,25875,0.0,0.0
2005-04-04 00:00:00-04:00,7.654499181152962,7.908323950857044,7.654499181152962,7.8746843338012695,36450,0.0,0.0
2005-04-05 00:00:00-04:00,7.706485427704015,8.018414307611026,7.706485427704015,7.935844898223877,78075,0.0,0.0
2005-04-06 00:00:00-04:00,8.049000679706502,8.049000679706502,7.813524601227352,7.828815460205078,94500,0.0,0.0
2005-04-07 00:00:00-04:00,7.960314478692183,8.241663124601613,7.889977973418518,8.131569862365723,67050,0.0,0.0
2005-04-08 00:00:00-04:00,8.04288329423921,8.149917982557128,7.819639534496233,7.9175004959106445,79425,0.0,0.0
2005-04-11 00:00:00-04:00,7.837988420073273,7.871627385026375,7.608628858103961,7.62697696685791,54675,0.0,0.0
2005-04-12 00:00:00-04:00,7.593338750478527,7.8349312837055045,7.584163710891655,7.7676520347595215,56700,0.0,0.0
2005-04-13 00:00:00-04:00,7.911384914608554,7.911384914608554,7.623920440673828,7.623920440673828,13725,0.0,0.0
2005-04-14 00:00:00-04:00,7.636156290621918,7.798236701230373,7.636156290621918,7.73707389831543,51075,0.0,0.0
2005-04-15 00:00:00-04:00,7.7921138032367665,7.9022063640430495,7.498533641086679,7.620859146118164,72675,0.0,0.0
2005-04-18 00:00:00-04:00,7.715663884824403,8.03982587863831,7.617803573608398,7.617803573608398,57600,0.0,0.0
2005-04-19 00:00:00-04:00,7.6055700401183755,7.920557598879562,7.6055700401183755,7.785999774932861,125775,0.0,0.0
2005-04-20 00:00:00-04:00,7.6025142151063925,7.75236293581305,7.5199447529143075,7.730955600738525,429525,0.0,0.0
2005-04-21 00:00:00-04:00,7.896099312507265,7.896099312507265,7.798238283029991,7.8869242668151855,22500,0.0,0.0
2005-04-22 00:00:00-04:00,7.828817062427236,7.8930377645917,7.697317748158425,7.81658411026001,23400,0.0,0.0
2005-04-25 00:00:00-04:00,7.938909494837119,7.938909494837119,7.694258988302023,7.7645955085754395,32175,0.0,0.0
2005-04-26 00:00:00-04:00,7.737069713340948,7.798232483173001,7.599453973371538,7.663675308227539,165825,0.0,0.0
2005-04-27 00:00:00-04:00,7.568869277461495,7.7921122628981525,7.568869277461495,7.660613059997559,13500,0.0,0.0
2005-04-28 00:00:00-04:00,7.56581336846389,7.743184509481419,7.56581336846389,7.645324230194092,124875,0.0,0.0
2005-04-29 00:00:00-04:00,7.70343199147664,7.929733029606182,7.559699754456417,7.828815460205078,130275,0.0,0.0
2005-05-02 00:00:00-04:00,7.810468093741864,7.828816865326901,7.691201078439128,7.7645955085754395,40725,0.0,0.0
2005-05-03 00:00:00-04:00,7.669793451712814,7.767653781879263,7.507712423419216,7.706490993499756,90450,0.0,0.0
2005-05-04 00:00:00-04:00,7.666734638158334,8.134628240783366,7.666734638158334,8.045942306518555,63225,0.0,0.0
2005-05-05 00:00:00-04:00,7.984780648106691,7.984780648106691,7.706491168632746,7.792118549346924,66375,0.0,0.0
2005-05-06 00:00:00-04:00,7.825756912128143,7.825756912128143,7.654501522288574,7.721780776977539,49950,0.0,0.0
2005-05-09 00:00:00-04:00,7.730951958853123,7.847160339355469,7.654498351666193,7.847160339355469,39375,0.0,0.0
2005-05-10 00:00:00-04:00,7.715661337077595,8.052055512638221,7.715661337077595,7.993951320648193,55125,0.0,0.0
2005-05-11 00:00:00-04:00,7.9908969423485585,7.9908969423485585,7.663677632217529,7.706490993499756,36450,0.0,0.0
2005-05-12 00:00:00-04:00,7.825756912128143,7.825756912128143,7.6789667654667175,7.721780776977539,103725,0.0,0.0
2005-05-13 00:00:00-04:00,7.83799176179821,7.83799176179821,7.62392230855602,7.633096694946289,47700,0.0,0.0
2005-05-16 00:00:00-04:00,7.596397307969665,7.721780776977539,7.596397307969665,7.721780776977539,28350,0.0,0.0
2005-05-17 00:00:00-04:00,7.636153393141332,7.834931935036912,7.623920443477665,7.828815460205078,94050,0.0,0.0
2005-05-18 00:00:00-04:00,7.908323788288451,8.042881597541976,7.896092154997452,7.981719493865967,74250,0.0,0.0
2005-05-19 00:00:00-04:00,7.981719493865966,7.981719493865966,7.9327890234809555,7.981719493865967,35775,0.0,0.0
2005-05-20 00:00:00-04:00,7.93890807305718,7.98172208448931,7.93890807305718,7.960314750671387,27675,0.0,0.0
2005-05-23 00:00:00-04:00,7.951140880584717,7.987837760322885,7.920559163164021,7.951140880584717,110250,0.0,0.0
2005-05-24 00:00:00-04:00,7.990894298732329,8.272242244755546,7.990894298732329,8.180499076843262,86625,0.0,0.0
2005-05-25 00:00:00-04:00,8.10404712060264,8.232488500800937,8.009245368238473,8.030652046203613,31050,0.0,0.0
2005-05-26 00:00:00-04:00,7.981720171557266,8.149916955252364,7.902207986379732,8.10098648071289,77625,0.0,0.0
2005-05-27 00:00:00-04:00,8.204963229138968,8.21413826727331,8.162149228060793,8.18355655670166,22275,0.0,0.0
2005-05-31 00:00:00-04:00,8.287538428684805,8.474084761781915,8.217201232910156,8.217201232910156,41400,0.0,0.0
2005-06-01 00:00:00-04:00,8.223313950560065,8.351755984370213,8.13462801871629,8.305883407592773,44550,0.0,0.0
2005-06-02 00:00:00-04:00,8.214140133770814,8.510778331536674,8.000070735940543,8.431266784667969,160650,0.0,0.0
2005-06-03 00:00:00-04:00,8.464906359189893,8.562766017281579,8.391511287519279,8.547475814819336,69075,0.0,0.0
2005-06-06 00:00:00-04:00,8.513837971667332,8.596407444592968,8.495489856109918,8.575000762939453,87975,0.0,0.0
2005-06-07 00:00:00-04:00,8.593350423623724,8.819652184156482,8.568885173343345,8.617815017700195,78975,0.0,0.0
2005-06-08 00:00:00-04:00,8.602521480919506,8.734020755847546,8.550533746475491,8.571940422058105,52875,0.0,0.0
2005-06-09 00:00:00-04:00,8.547476076735363,8.715673558603648,8.547476076735363,8.688150405883789,39375,0.0,0.0
2005-06-10 00:00:00-04:00,8.715673350419417,8.715673350419417,8.556650912793247,8.562766075134277,11700,0.0,0.0
2005-06-13 00:00:00-04:00,8.56582594363451,8.834941686651723,8.54747717280169,8.749314308166504,45225,0.0,0.0
2005-06-14 00:00:00-04:00,8.5811134315594,8.798240686464618,8.5811134315594,8.682031631469727,36000,0.0,0.0
2005-06-15 00:00:00-04:00,8.807414987754107,9.110169584717198,8.804357079246572,9.064297676086426,66150,0.0,0.0
2005-06-16 00:00:00-04:00,9.052068451704896,9.052068451704896,8.617813142582754,8.984789848327637,69525,0.0,0.0
2005-06-17 00:00:00-04:00,9.021486961252116,9.021486961252116,8.801301719641165,8.929743766784668,72450,0.0,0.0
2005-06-20 00:00:00-04:00,8.889986479217889,8.889986479217889,8.706498146057129,8.706498146057129,11925,0.0,0.0
2005-06-21 00:00:00-04:00,8.74931452613909,8.987847896704535,8.68203526060675,8.923627853393555,30150,0.0,0.0
2005-06-22 00:00:00-04:00,9.02148514431297,9.02148514431297,8.859404811572848,8.90221881866455,32400,0.0,0.0
2005-06-23 00:00:00-04:00,8.807418547398292,8.932801377528635,8.715674693057158,8.773778915405273,39825,0.0,0.0
2005-06-24 00:00:00-04:00,8.767659308617937,8.969496372292411,8.7156715805263,8.813531875610352,108450,0.0,0.0
2005-06-27 00:00:00-04:00,8.801299947047612,8.969497410205527,8.801299947047612,8.90221881866455,19800,0.0,0.0
2005-06-28 00:00:00-04:00,8.969496549911662,9.021484279032792,8.86551977926223,9.015368461608887,57375,0.0,0.0
2005-06-29 00:00:00-04:00,8.941976182102872,9.171335811875075,8.868581100575765,9.058184623718262,40050,0.0,0.0
2005-06-30 00:00:00-04:00,9.104055608513507,9.156044660825735,8.978672794669055,9.024544715881348,30375,0.0,0.0
2005-07-01 00:00:00-04:00,9.110170893125742,9.31812379418608,8.945031998337614,9.293659210205078,63000,0.0,0.0
2005-07-05 00:00:00-04:00,9.327302522666036,9.715684673068703,9.315069569633392,9.477149963378906,79875,0.0,0.0
2005-07-06 00:00:00-04:00,9.519961527422446,9.519961527422446,9.186625149933999,9.269194602966309,45000,0.0,0.0
2005-07-07 00:00:00-04:00,9.174392700195312,9.174392700195312,8.914452034126054,9.174392700195312,46575,0.0,0.0
2005-07-08 00:00:00-04:00,9.171334790873368,9.526077864163758,9.128521435551296,9.174392700195312,97650,0.0,0.0
2005-07-11 00:00:00-04:00,9.220262152763604,9.440447970092343,9.097937281984121,9.287541389465332,101925,0.0,0.0
2005-07-12 00:00:00-04:00,9.272253601689721,9.504670457260621,9.260020652088519,9.397636413574219,85950,0.0,0.0
2005-07-13 00:00:00-04:00,9.39763646772758,9.523019936538303,9.211090875373241,9.354823112487793,53550,0.0,0.0
2005-07-14 00:00:00-04:00,9.48020058015809,9.48020058015809,8.519948038709861,8.868575096130371,95400,0.0,0.0
2005-07-15 00:00:00-04:00,9.11365025750243,9.190235261020486,9.012557763630378,9.064635276794434,95625,0.022222,0.0
2005-07-18 00:00:00-04:00,9.046256328607132,9.083017898923472,8.776675861867137,9.003368377685547,46575,0.0,0.0
2005-07-19 00:00:00-04:00,9.116716765741502,9.116716765741502,8.822628767661778,8.917594909667969,190575,0.0,0.0
2005-07-20 00:00:00-04:00,8.874705598156167,9.067700386047363,8.776675623095489,9.067700386047363,41625,0.0,0.0
2005-07-21 00:00:00-04:00,9.104464859648651,9.119781474073829,8.733791747294148,8.819567680358887,31950,0.0,0.0
2005-07-22 00:00:00-04:00,8.819564424210057,9.260696035002834,8.782802854085102,9.205554008483887,44325,0.0,0.0
2005-07-25 00:00:00-04:00,9.116714250327698,9.20248948193218,8.960479736328125,8.960479736328125,31050,0.0,0.0
2005-07-26 00:00:00-04:00,8.929846703382676,9.190236269795463,8.899212172743333,9.092206954956055,235350,0.0,0.0
2005-07-27 00:00:00-04:00,9.110590182010181,9.110590182010181,8.798121709529468,9.012560844421387,35550,0.0,0.0
2005-07-28 00:00:00-04:00,9.01255676832211,9.043190634878885,8.807307956115014,9.037063598632812,58950,0.0,0.0
2005-07-29 00:00:00-04:00,9.10139910219818,9.10139910219818,8.853262901306152,8.853262901306152,22050,0.0,0.0
2005-08-01 00:00:00-04:00,8.951290623865109,9.12896814621484,8.951290623865109,9.07076358795166,51075,0.0,0.0
2005-08-02 00:00:00-04:00,9.00336786784106,9.190236269795463,9.00336786784106,9.092206954956055,46575,0.0,0.0
2005-08-03 00:00:00-04:00,9.0830177537692,9.0830177537692,8.853261393982892,8.914529800415039,98775,0.0,0.0
2005-08-04 00:00:00-04:00,8.899212915246652,8.954354286193848,8.798120401843459,8.954354286193848,20925,0.0,0.0
2005-08-05 00:00:00-04:00,8.73379015277484,8.890024061281244,8.519351016600147,8.522414207458496,288000,0.0,0.0
2005-08-08 00:00:00-04:00,8.669457201497641,8.681711277708493,8.49177901247323,8.504033088684082,142425,0.0,0.0
2005-08-09 00:00:00-04:00,8.504036019206355,8.813440704091969,8.424387125736489,8.562240600585938,23175,0.0,0.0
2005-08-10 00:00:00-04:00,8.648013033573248,8.785866452619892,8.464207817507436,8.59287166595459,19125,0.0,0.0
2005-08-11 00:00:00-04:00,8.602060906481842,8.87470520125054,8.583680451314239,8.795056343078613,39375,0.0,0.0
2005-08-12 00:00:00-04:00,8.746043022826504,8.804247589492688,8.577555046821828,8.608189582824707,38475,0.0,0.0
2005-08-15 00:00:00-04:00,8.693965967215027,8.776678041963995,8.583683200883067,8.764425277709961,18900,0.0,0.0
2005-08-16 00:00:00-04:00,8.681712623137088,8.684775813996016,8.458082599670924,8.54079532623291,38925,0.0,0.0
2005-08-17 00:00:00-04:00,8.57755564540804,8.773614980432162,8.549984955483657,8.574492454528809,20700,0.0,0.0
2005-08-18 00:00:00-04:00,8.595935603281633,8.638822899154672,8.424384447778449,8.433574676513672,23625,0.0,0.0
2005-08-19 00:00:00-04:00,8.412125341862636,8.504028231605686,8.283462873830247,8.295716285705566,7200,0.0,0.0
2005-08-22 00:00:00-04:00,8.34780085506469,8.791996450439122,8.34780085506469,8.60206413269043,52650,0.0,0.0
2005-08-23 00:00:00-04:00,8.724600759825165,8.791996223870933,8.549985717406333,8.697030067443848,40725,0.0,0.0
2005-08-24 00:00:00-04:00,8.758297343227046,8.951292164585647,8.739916884050036,8.798121452331543,223875,0.0,0.0
2005-08-25 00:00:00-04:00,8.81343672601901,8.880831508635605,8.700090148523055,8.7429780960083,22275,0.0,0.0
2005-08-26 00:00:00-04:00,8.807312581563005,8.807312581563005,8.730727546281535,8.746044158935547,27000,0.0,0.0
2005-08-29 00:00:00-04:00,8.703155323132941,8.862452405126932,8.681711674788662,8.782803535461426,33750,0.0,0.0
2005-08-30 00:00:00-04:00,8.791995365317948,8.804248128730265,8.7460435584992,8.779741287231445,195750,0.0,0.0
2005-08-31 00:00:00-04:00,8.767484924866082,9.190235358258525,8.746040624078116,9.138157844543457,58500,0.0,0.0
2005-09-01 00:00:00-04:00,9.190236702426988,9.190236702426988,9.070763736385384,9.177983283996582,47025,0.0,0.0
2005-09-02 00:00:00-04:00,9.159601722194106,9.190235593241347,9.049318997619764,9.089143753051758,32400,0.0,0.0
2005-09-06 00:00:00-04:00,9.030937858146958,9.236186027526855,9.030937858146958,9.236186027526855,27675,0.0,0.0
2005-09-07 00:00:00-04:00,9.17492272162882,9.300522104191648,9.17492272162882,9.251507759094238,31500,0.0,0.0
2005-09-08 00:00:00-04:00,9.14428802699543,9.162667829606624,8.994180499192966,9.098336219787598,95850,0.0,0.0
2005-09-09 00:00:00-04:00,9.070764276244674,9.125905648468768,9.064637237996326,9.113652229309082,78525,0.0,0.0
2005-09-12 00:00:00-04:00,9.083018341327385,9.22087177171439,9.064637226605443,9.110589027404785,116325,0.0,0.0
2005-09-13 00:00:00-04:00,9.049319527436484,9.13203157570984,8.997241352003915,9.006431579589844,68175,0.0,0.0
2005-09-14 00:00:00-04:00,9.009494066092246,9.092206107906351,8.746040676757254,8.755230903625488,26775,0.0,0.0
2005-09-15 00:00:00-04:00,8.773613441123203,8.782803012148612,8.589808216538383,8.65414047241211,77625,0.0,0.0
2005-09-16 00:00:00-04:00,8.724601315995782,8.724601315995782,8.51628918561187,8.62963581085205,162225,0.0,0.0
2005-09-19 00:00:00-04:00,8.608192770498203,8.862456095324896,8.50097316945807,8.617383003234863,131175,0.0,0.0
2005-09-20 00:00:00-04:00,8.638824907544317,8.712347411855934,8.393752522520911,8.467273712158203,108450,0.0,0.0
2005-09-21 00:00:00-04:00,8.406003194137917,8.406003194137917,8.01082273861558,8.099661827087402,83925,0.0,0.0
2005-09-22 00:00:00-04:00,8.118042146662798,8.118042146662798,7.802510557039538,8.013886451721191,237825,0.0,0.0
2005-09-23 00:00:00-04:00,7.964869649962009,8.053708052022698,7.87909377973804,8.03226375579834,235575,0.0,0.0
2005-09-26 00:00:00-04:00,8.013887454696649,8.163994306978028,7.94649200482581,8.04452133178711,152325,0.0,0.0
2005-09-27 00:00:00-04:00,7.964873701993277,8.390687451220236,7.958746663192586,8.007761001586914,171000,0.0,0.0
2005-09-28 00:00:00-04:00,8.065968183028398,8.194632095509865,7.967939474476727,8.075159072875977,44775,0.0,0.0
2005-09-29 00:00:00-04:00,8.06902531256342,8.111913247675405,7.964869649962009,8.03226375579834,63450,0.0,0.0
2005-09-30 00:00:00-04:00,7.967930949666944,8.167052660130855,7.964867761219879,8.047579765319824,87525,0.0,0.0
2005-10-03 00:00:00-04:00,8.145614269776122,8.430511379170058,8.145614269776122,8.369243621826172,101925,0.0,0.0
2005-10-04 00:00:00-04:00,8.372305960182537,8.516286424223706,8.372305960182537,8.430510520935059,138600,0.0,0.0
2005-10-05 00:00:00-04:00,8.40906922104534,8.40906922104534,8.127235252338803,8.277342796325684,93375,0.0,0.0
2005-10-06 00:00:00-04:00,8.332481991272598,8.332481991272598,8.252833124738567,8.301847457885742,197550,0.0,0.0
2005-10-07 00:00:00-04:00,8.326350144062172,8.344730590543458,8.280399027858955,8.295716285705566,23175,0.0,0.0
2005-10-10 00:00:00-04:00,8.271211029037826,8.412127604179572,8.271211029037826,8.286527633666992,186750,0.0,0.0
2005-10-11 00:00:00-04:00,8.31103705641134,8.390685253271057,8.283466375036,8.292655944824219,35325,0.0,0.0
2005-10-12 00:00:00-04:00,8.271213925965826,8.375369634738423,8.271213925965826,8.33248233795166,101700,0.0,0.0
2005-10-13 00:00:00-04:00,8.271215254430814,8.418258940944328,8.271215254430814,8.393752098083496,242550,0.0,0.0
2005-10-14 00:00:00-04:00,8.49484397522441,8.49484397522441,8.252834793616625,8.393752098083496,186300,0.0,0.0
2005-10-17 00:00:00-04:00,8.372305526884443,8.372305526884443,8.200754386522547,8.360052108764648,131400,0.0,0.0
2005-10-18 00:00:00-04:00,8.421321486139258,8.421321486139258,8.121106462848386,8.363116264343262,259200,0.0,0.0
2005-10-19 00:00:00-04:00,8.356978398391492,8.445979846257483,8.286390475477821,8.439842224121094,157725,0.022222,0.0
2005-10-20 00:00:00-04:00,8.42142889751176,8.449050175565445,8.243425325124646,8.381531715393066,99000,0.0,0.0
2005-10-21 00:00:00-04:00,8.320150383901158,8.823471640282559,8.320150383901158,8.636260986328125,100125,0.0,0.0
2005-10-24 00:00:00-04:00,8.654674898512361,9.08434009552002,8.639330183292948,9.08434009552002,94275,0.0,0.0
2005-10-25 00:00:00-04:00,9.050580536659542,9.09354718806895,8.933957803401903,9.08434009552002,89100,0.0,0.0
2005-10-26 00:00:00-04:00,8.99534277173082,9.108896754125066,8.961583853435629,9.001481056213379,58050,0.0,0.0
2005-10-27 00:00:00-04:00,8.9094047725348,9.121168561937338,8.682296267750973,8.780506134033203,35550,0.0,0.0
2005-10-28 00:00:00-04:00,8.832675648692813,9.200959205627441,8.814261470846082,9.200959205627441,39375,0.0,0.0
2005-10-31 00:00:00-05:00,9.157994789807661,9.38203443080488,9.157994789807661,9.191754341125488,78750,0.0,0.0
2005-11-01 00:00:00-05:00,9.133442972200514,9.63676413775856,9.02295722794055,9.385103225708008,193275,0.0,0.0
2005-11-02 00:00:00-05:00,9.375898469697598,9.790218302838833,9.375898469697598,9.66745662689209,81900,0.0,0.0
2005-11-03 00:00:00-05:00,9.808629040856315,10.0142544932553,9.569244696932687,9.69814395904541,67725,0.0,0.0
2005-11-04 00:00:00-05:00,9.713493967109422,9.78101244094254,9.47104069687578,9.526283264160156,110475,0.0,0.0
2005-11-07 00:00:00-05:00,9.569248323408475,9.65518097786867,9.514005761567645,9.544695854187012,121950,0.0,0.0
2005-11-08 00:00:00-05:00,9.636765106777295,9.636765106777295,9.372827608522762,9.440346717834473,76950,0.0,0.0
2005-11-09 00:00:00-05:00,9.339068982024276,9.590730602934782,9.339068982024276,9.495590209960938,72450,0.0,0.0
2005-11-10 00:00:00-05:00,9.532419848096392,9.590731879563137,9.440348912668142,9.514005661010742,158850,0.0,0.0
2005-11-11 00:00:00-05:00,9.501730484437648,9.590732615024473,9.388176541549393,9.507868766784668,77175,0.0,0.0
2005-11-14 00:00:00-05:00,9.520143965839841,9.529351059404863,9.409658843059562,9.458763122558594,28350,0.0,0.0
2005-11-15 00:00:00-05:00,9.529352555102873,9.59073340801827,9.366692998532548,9.483316421508789,33300,0.0,0.0
2005-11-16 00:00:00-05:00,9.48638367464825,9.535488608919035,9.336001377484136,9.391243934631348,67275,0.0,0.0
2005-11-17 00:00:00-05:00,9.52014323464151,9.52014323464151,9.360553844619528,9.391243934631348,174375,0.0,0.0
2005-11-18 00:00:00-05:00,9.544695753305735,9.560041128724869,9.360554540992508,9.514005661010742,117450,0.0,0.0
2005-11-21 00:00:00-05:00,9.455688892817372,9.544690971994463,9.449551272558914,9.541622161865234,58950,0.0,0.0
2005-11-22 00:00:00-05:00,9.474104963411373,9.716558117321359,9.428068854218152,9.679730415344238,44775,0.0,0.0
2005-11-23 00:00:00-05:00,9.741115380300178,9.747253662927859,9.446488350865224,9.501730918884277,20700,0.0,0.0
2005-11-25 00:00:00-05:00,9.642906150974074,9.642906150974074,9.467971352247071,9.501730918884277,6075,0.0,0.0
2005-11-28 00:00:00-05:00,9.36055310455339,9.471038210112617,9.36055310455339,9.45262336730957,50625,0.0,0.0
2005-11-29 00:00:00-05:00,9.547764398790548,9.547764398790548,9.210170778533485,9.388175010681152,54900,0.0,0.0
2005-11-30 00:00:00-05:00,9.446486351588353,9.529350186079434,9.372828951275284,9.471038818359375,103050,0.0,0.0
2005-12-01 00:00:00-05:00,9.572318559454608,9.572318559454608,9.467971702187475,9.483316421508789,158400,0.0,0.0
2005-12-02 00:00:00-05:00,9.572311409184667,9.784075094779267,9.46796462986189,9.747246742248535,75150,0.0,0.0
2005-12-05 00:00:00-05:00,9.790214966278922,9.790214966278922,9.480242729187012,9.480242729187012,91800,0.0,0.0
2005-12-06 00:00:00-05:00,9.449550009217779,9.606070500112788,9.449550009217779,9.52320671081543,66150,0.0,0.0
2005-12-07 00:00:00-05:00,9.590731023735382,9.64904239145544,9.385105513932405,9.471038818359375,71325,0.0,0.0
2005-12-08 00:00:00-05:00,9.437280135231092,9.793287973026013,9.348278011146542,9.43114185333252,92025,0.0,0.0
2005-12-09 00:00:00-05:00,9.434209815875569,9.464900564062805,9.277689897710829,9.388175010681152,155700,0.0,0.0
2005-12-12 00:00:00-05:00,9.461826710889774,9.461826710889774,9.283822561203227,9.299168586730957,76725,0.0,0.0
2005-12-13 00:00:00-05:00,9.314513836467485,9.314513836467485,9.240857124328613,9.240857124328613,24075,0.0,0.0
2005-12-14 00:00:00-05:00,9.357486037883454,9.446488170843603,9.250070374477884,9.280759811401367,36225,0.0,0.0
2005-12-15 00:00:00-05:00,9.262341475937824,9.30530877573422,9.01375003587648,9.271549224853516,43650,0.0,0.0
2005-12-16 00:00:00-05:00,9.348275208465394,9.532417024782726,9.200961096868445,9.339067459106445,164475,0.0,0.0
2005-12-19 00:00:00-05:00,9.452622130044544,9.452622130044544,9.185616493225098,9.185616493225098,35100,0.0,0.0
2005-12-20 00:00:00-05:00,9.161066040058818,9.268481677651769,9.115029920106315,9.21630859375,42075,0.0,0.0
2005-12-21 00:00:00-05:00,9.305309767045504,9.305309767045504,9.1948240122605,9.207099914550781,30600,0.0,0.0
2005-12-22 00:00:00-05:00,9.222443895398854,9.354412623924201,9.191753815030248,9.351343154907227,32850,0.0,0.0
2005-12-23 00:00:00-05:00,9.397383227844665,9.397383227844665,9.280759811401367,9.280759811401367,20475,0.0,0.0
2005-12-27 00:00:00-05:00,9.329861022256498,9.418863119613905,9.182547569274902,9.182547569274902,53100,0.0,0.0
2005-12-28 00:00:00-05:00,9.271553165217645,9.271553165217645,9.194826940475327,9.247000694274902,11025,0.0,0.0
2005-12-29 00:00:00-05:00,9.225514910733175,9.388174417045107,9.216308477111012,9.3145170211792,38925,0.0,0.0
2005-12-30 00:00:00-05:00,9.329866836134464,9.329866836134464,9.17641500747457,9.305315017700195,40950,0.0,0.0
2006-01-03 00:00:00-05:00,9.222441880600742,9.24392552485402,9.04443839968186,9.237787246704102,61200,0.0,0.0
2006-01-04 00:00:00-05:00,9.234720744543358,9.302239850250924,9.176409388289631,9.296101570129395,87300,0.0,0.0
2006-01-05 00:00:00-05:00,9.280757428036381,9.51093473128477,9.237791437125464,9.45262336730957,49500,0.0,0.0
2006-01-06 00:00:00-05:00,9.514004812029643,9.514004812029643,9.34827714304748,9.471038818359375,54450,0.0,0.0
2006-01-09 00:00:00-05:00,9.474105893034881,9.707352638244629,9.412725066630774,9.707352638244629,42525,0.0,0.0
2006-01-10 00:00:00-05:00,9.731902757676377,9.731902757676377,9.449551795335537,9.713488578796387,38025,0.0,0.0
2006-01-11 00:00:00-05:00,9.814764707487086,9.814764707487086,9.36361741020147,9.52320671081543,68625,0.0,0.0
2006-01-12 00:00:00-05:00,9.572314195511542,9.572314195511542,9.363620576119061,9.36668872833252,26100,0.0,0.0
2006-01-13 00:00:00-05:00,9.366687123714266,9.658245827559941,9.366687123714266,9.504794120788574,54000,0.0,0.0
2006-01-17 00:00:00-05:00,9.366688354624182,9.888424357918613,9.360551391899033,9.799422264099121,80325,0.0,0.0
2006-01-18 00:00:00-05:00,9.765607870597771,10.10987870606318,9.7287217567676,9.974629402160645,60075,0.022222,0.0
2006-01-19 00:00:00-05:00,10.119101784701499,10.463372672906978,9.910080221117877,10.195947647094727,105075,0.0,0.0
2006-01-20 00:00:00-05:00,10.242057713519864,10.432635590489642,10.14676811545902,10.155989646911621,54675,0.0,0.0
2006-01-23 00:00:00-05:00,10.303534855252815,10.6969877702568,10.15906396608354,10.451079368591309,93825,0.0,0.0
2006-01-24 00:00:00-05:00,10.623217554081343,10.859903824244983,10.451082024909955,10.63858699798584,75150,0.0,0.0
2006-01-25 00:00:00-05:00,10.706208941956692,10.706208941956692,10.097587807427079,10.140621185302734,38475,0.0,0.0
2006-01-26 00:00:00-05:00,10.202096516422488,10.466447284177255,10.202096516422488,10.438782691955566,100350,0.0,0.0
2006-01-27 00:00:00-05:00,10.309680224938012,10.487962914803735,10.300458695124684,10.401895523071289,29025,0.0,0.0
2006-01-30 00:00:00-05:00,10.269722344734953,10.451078690903003,10.17443274633212,10.368084907531738,25875,0.0,0.0
2006-01-31 00:00:00-05:00,10.214394551057236,10.451080118469557,10.195950825990561,10.441859245300293,151200,0.0,0.0
2006-02-01 00:00:00-05:00,10.444930390715726,10.451077638036262,10.294311618572415,10.380379676818848,32625,0.0,0.0
2006-02-02 00:00:00-05:00,10.386526983865261,10.58325273785472,10.325049897179118,10.494111061096191,37350,0.0,0.0
2006-02-03 00:00:00-05:00,10.392675107369923,10.527924445656295,10.392675107369923,10.49103832244873,36900,0.0,0.0
2006-02-06 00:00:00-05:00,10.626288345810618,10.644732069324181,10.469522961917274,10.623214721679688,81675,0.0,0.0
2006-02-07 00:00:00-05:00,10.543295983810859,10.66317657519193,10.512557759616993,10.598625183105469,50400,0.0,0.0
2006-02-08 00:00:00-05:00,10.604768112861843,10.604768112861843,10.484888237340167,10.589399337768555,68850,0.0,0.0
2006-02-09 00:00:00-05:00,10.549440963401404,11.139619584922082,10.549440963401404,10.804570198059082,70875,0.0,0.0
2006-02-10 00:00:00-05:00,10.770759919110686,10.829163398349714,10.666249436667428,10.789203643798828,50175,0.0,0.0
2006-02-13 00:00:00-05:00,10.67854277370897,10.819940021855507,10.67854277370897,10.743093490600586,90450,0.0,0.0
2006-02-14 00:00:00-05:00,10.666247051694834,11.019739493686663,10.598622055020702,10.681615829467773,82350,0.0,0.0
2006-02-15 00:00:00-05:00,10.604774961769273,11.296390074907944,10.604774961769273,11.191880226135254,48375,0.0,0.0
2006-02-16 00:00:00-05:00,11.139618558560164,11.244129669409231,10.847603228186115,10.995147705078125,39150,0.0,0.0
2006-02-17 00:00:00-05:00,11.08121675618347,11.08121675618347,10.727724308683207,10.869121551513672,84825,0.0,0.0
2006-02-21 00:00:00-05:00,10.881415951024199,11.06277359808182,10.66932140778664,10.783053398132324,238275,0.0,0.0
2006-02-22 00:00:00-05:00,10.84760697469271,10.89986254816508,10.641659624426888,10.74924373626709,32625,0.0,0.0
2006-02-23 00:00:00-05:00,10.66932413012816,10.819942281133388,10.663176221662782,10.761539459228516,69075,0.0,0.0
2006-02-24 00:00:00-05:00,10.841458544255284,10.97670724032813,10.749242564822351,10.884491920471191,45225,0.0,0.0
2006-02-27 00:00:00-05:00,10.927524406487665,11.440855841171699,10.927524406487665,11.385526657104492,54000,0.0,0.0
2006-02-28 00:00:00-05:00,11.274870393955155,11.373234285651193,10.942895227573132,11.12117862701416,97425,0.0,0.0
2006-03-01 00:00:00-05:00,11.007439845718068,11.148837028619141,10.992070414643877,11.065842628479004,30150,0.0,0.0
2006-03-02 00:00:00-05:00,11.01667084834442,11.032039633062324,10.924455501732254,10.9982271194458,26325,0.0,0.0
2006-03-03 00:00:00-05:00,10.881420622461606,11.277947925799735,10.724655195266662,10.973636627197266,19575,0.0,0.0
2006-03-06 00:00:00-05:00,10.872197663877328,11.40089865494135,10.869124039486461,11.305609703063965,53325,0.0,0.0
2006-03-07 00:00:00-05:00,11.308681464745453,11.400896777042728,11.191875842219533,11.324050903320312,40725,0.0,0.0
2006-03-08 00:00:00-05:00,11.247206602697034,11.680619290689759,11.17650796685549,11.649880409240723,68850,0.0,0.0
2006-03-09 00:00:00-05:00,11.622211884712865,11.74824099939249,11.333271493100609,11.41933822631836,41850,0.0,0.0
2006-03-10 00:00:00-05:00,11.588403466645937,11.868123054504395,11.573034026583032,11.868123054504395,32175,0.0,0.0
2006-03-13 00:00:00-05:00,11.89578779713719,12.24620600267304,11.89578779713719,12.052553176879883,93825,0.0,0.0
2006-03-14 00:00:00-05:00,12.080219831168106,12.387604697318023,12.034111507627172,12.353792190551758,88425,0.0,0.0
2006-03-15 00:00:00-05:00,12.402966953932129,12.47366687758812,12.289234989795084,12.332269668579102,20925,0.0,0.0
2006-03-16 00:00:00-05:00,12.41219026101942,12.41219026101942,12.258497227193551,12.32304859161377,98325,0.0,0.0
2006-03-17 00:00:00-05:00,12.29539091206407,12.29539091206407,12.150919993655638,12.187806129455566,202500,0.0,0.0
2006-03-20 00:00:00-05:00,12.230835432365518,12.243131246578757,11.895786697209207,11.963410377502441,77625,0.0,0.0
2006-03-21 00:00:00-05:00,11.898865699768066,11.984933799863517,11.82816704459885,11.898865699768066,36450,0.0,0.0
2006-03-22 00:00:00-05:00,11.861973966934526,11.874268461756976,11.711354532993282,11.822012901306152,42300,0.0,0.0
2006-03-23 00:00:00-05:00,11.815864411918337,11.843528341512872,11.582253205025241,11.711353302001953,19800,0.0,0.0
2006-03-24 00:00:00-05:00,11.674469962032056,11.78820196916818,11.628362962015565,11.757464408874512,107325,0.0,0.0
2006-03-27 00:00:00-05:00,11.625289328457743,11.625289328457743,11.299461427884898,11.351716995239258,49725,0.0,0.0
2006-03-28 00:00:00-05:00,11.299463448457216,11.413195475838535,10.992078556739754,11.241059303283691,60750,0.0,0.0
2006-03-29 00:00:00-05:00,11.299458406293478,11.357861206253672,11.032033392810536,11.262572288513184,77400,0.0,0.0
2006-03-30 00:00:00-05:00,11.219538713715963,11.364009575823987,11.10273310225285,11.253351211547852,57150,0.0,0.0
2006-03-31 00:00:00-05:00,11.320981286136117,11.41627025604248,10.973636600359495,11.41627025604248,114525,0.0,0.0
2006-04-03 00:00:00-04:00,11.364015103465636,11.671401357063798,11.15806771185641,11.191880226135254,54675,0.0,0.0
2006-04-04 00:00:00-04:00,11.262573043388128,11.588400878669903,11.210317486505009,11.508480072021484,66600,0.0,0.0
2006-04-05 00:00:00-04:00,11.490042385958434,11.490042385958434,11.2779477548821,11.376310348510742,20250,0.0,0.0
2006-04-06 00:00:00-04:00,11.324052632403781,11.373234579522606,11.142695604002201,11.29946231842041,105525,0.0,0.0
2006-04-07 00:00:00-04:00,11.370157186021972,11.373230809356993,11.234907206067874,11.302532196044922,40500,0.0,0.0
2006-04-10 00:00:00-04:00,11.370159217607492,11.3732328414917,11.296385648627119,11.3732328414917,30825,0.0,0.0
2006-04-11 00:00:00-04:00,11.317904676830567,11.34864355675403,11.234910228698014,11.327125549316406,89325,0.0,0.0
2006-04-12 00:00:00-04:00,11.391675880652823,11.422414757735796,11.30253419243371,11.388602256774902,120600,0.0,0.0
2006-04-13 00:00:00-04:00,11.348642531266163,11.419339838058567,11.342493964345866,11.3732328414917,16425,0.0,0.0
2006-04-17 00:00:00-04:00,11.234907948920238,11.437782932265485,11.231834325381989,11.293312072753906,126675,0.0,0.0
2006-04-18 00:00:00-04:00,11.339422158007235,11.38552916196439,11.182655442418307,11.336348533630371,77850,0.0,0.0
2006-04-19 00:00:00-04:00,11.320979125231661,11.403973579406738,11.21646798120441,11.403973579406738,49050,0.0,0.0
2006-04-20 00:00:00-04:00,11.465533734369535,11.505547419800118,11.357803768405697,11.477846145629883,17100,0.022222,0.0
2006-04-21 00:00:00-04:00,11.604039225500399,11.613272539393147,11.493231533196084,11.560946464538574,127800,0.0,0.0
2006-04-24 00:00:00-04:00,11.564030606642989,11.564030606642989,11.13311073443847,11.136188507080078,26325,0.0,0.0
2006-04-25 00:00:00-04:00,11.13618850860283,11.246996249310723,11.025380767894939,11.160813331604004,29475,0.0,0.0
2006-04-26 00:00:00-04:00,11.130033465116314,11.317790814069872,10.699113573424848,10.79145336151123,36450,0.0,0.0
2006-04-27 00:00:00-04:00,10.696031733014948,10.99151962123157,10.5821462508081,10.926881790161133,91350,0.0,0.0
2006-04-28 00:00:00-04:00,10.856090558944453,11.222371894151815,10.831466398281364,11.18851375579834,144900,0.0,0.0
2006-05-01 00:00:00-04:00,11.26546445009132,11.287010179984653,10.994601298205325,11.040770530700684,49050,0.0,0.0
2006-05-02 00:00:00-04:00,11.09309207238461,11.228523254394531,10.929957646695437,11.228523254394531,44775,0.0,0.0
2006-05-03 00:00:00-04:00,11.277771949768066,11.388579644613065,11.08385782332336,11.277771949768066,88875,0.0,0.0
2006-05-04 00:00:00-04:00,11.265464549106632,11.850283638737919,11.11772089033094,11.582497596740723,152550,0.0,0.0
2006-05-05 00:00:00-04:00,11.68099158514115,11.99494678841814,11.668679176074455,11.948776245117188,89550,0.0,0.0
2006-05-08 00:00:00-04:00,11.862591489799485,12.188859051133127,11.862591489799485,12.062661170959473,153225,0.0,0.0
2006-05-09 00:00:00-04:00,12.06573924514945,12.074973880970367,11.948774676699339,12.016490936279297,105075,0.0,0.0
2006-05-10 00:00:00-04:00,12.0288010967237,12.068814762298299,11.90876009999991,11.973397254943848,91800,0.0,0.0
2006-05-11 00:00:00-04:00,12.004182243256292,12.068820751207571,11.471689279533491,11.477846145629883,40500,0.0,0.0
2006-05-12 00:00:00-04:00,11.403974373657663,11.557873570941071,11.237762765055903,11.256229400634766,42075,0.0,0.0
2006-05-15 00:00:00-04:00,11.219292386546481,11.419362092383736,11.203902205954053,11.287007331848145,136125,0.0,0.0
2006-05-16 00:00:00-04:00,11.271617398243045,11.280850713159468,11.219291317587212,11.23468017578125,38475,0.0,0.0
2006-05-17 00:00:00-04:00,11.120796261687582,11.246994163129914,11.065393062076488,11.16696548461914,38025,0.0,0.0
2006-05-18 00:00:00-04:00,11.22852595669135,11.370114036230357,11.21005800374853,11.219292640686035,58500,0.0,0.0
2006-05-19 00:00:00-04:00,11.120797381813658,11.499391124273954,11.111562743737869,11.379348754882812,84150,0.0,0.0
2006-05-22 00:00:00-04:00,11.37627082086627,11.382427686473436,11.093095951838981,11.345490455627441,39150,0.0,0.0
2006-05-23 00:00:00-04:00,10.074275761426046,11.203899706253441,9.85881592306758,10.772980690002441,535500,0.0,0.0
2006-05-24 00:00:00-04:00,10.637553494545172,10.83454548277363,10.582149621693343,10.79145336151123,233100,0.0,0.0
2006-05-25 00:00:00-04:00,10.871476431146343,11.062312126159668,10.74835699010295,11.062312126159668,128250,0.0,0.0
2006-05-26 00:00:00-04:00,11.062312091913377,11.234679176747326,10.991518066787958,11.1054048538208,418725,0.0,0.0
2006-05-30 00:00:00-04:00,11.019223600116643,11.019223600116643,10.619084131072418,10.803764343261719,186525,0.0,0.0
2006-05-31 00:00:00-04:00,10.809918770203717,11.126953068655633,10.748359366305705,11.120796203613281,410175,0.0,0.0
2006-06-01 00:00:00-04:00,11.120795797455196,11.240838149744134,11.108484709684552,11.203902244567871,261675,0.0,0.0
2006-06-02 00:00:00-04:00,11.27162155316784,11.31163392015366,10.929963017143963,11.123876571655273,180675,0.0,0.0
2006-06-05 00:00:00-04:00,11.013066588853196,11.013066588853196,10.637551307678223,10.637551307678223,119475,0.0,0.0
2006-06-06 00:00:00-04:00,10.631396467592499,10.668331717214189,10.403624141429132,10.465184211730957,176400,0.0,0.0
2006-06-07 00:00:00-04:00,10.459026108597099,11.102326605422062,10.422090207544297,10.662174224853516,89100,0.0,0.0
2006-06-08 00:00:00-04:00,10.548289692401053,10.812997260230356,10.431325760482775,10.77606201171875,91575,0.0,0.0
2006-06-09 00:00:00-04:00,10.686798928906077,10.95150580945306,10.505197174673917,10.896101951599121,153675,0.0,0.0
2006-06-12 00:00:00-04:00,10.806839734504855,10.862244251666466,10.025030197000708,10.071199417114258,104175,0.0,0.0
2006-06-13 00:00:00-04:00,9.932686370370243,10.535973043443079,9.932686370370243,10.437477111816406,159750,0.0,0.0
2006-06-14 00:00:00-04:00,10.542130102570578,10.705263858112044,10.342060452224697,10.603690147399902,106875,0.0,0.0
2006-06-15 00:00:00-04:00,10.754514043121063,11.157731210326418,10.662174944720702,11.126952171325684,169875,0.0,0.0
2006-06-16 00:00:00-04:00,11.074624013762874,11.120793887302879,10.468259454448809,10.508273124694824,337500,0.0,0.0
2006-06-19 00:00:00-04:00,10.5021198676981,10.53597800461476,10.03118636500693,10.292816162109375,70875,0.0,0.0
2006-06-20 00:00:00-04:00,10.20355468427465,10.468262927685473,10.049655495056815,10.197399139404297,54450,0.0,0.0
2006-06-21 00:00:00-04:00,10.222022700223302,10.766828017239256,10.18200835858402,10.597537994384766,86850,0.0,0.0
2006-06-22 00:00:00-04:00,10.489809616037238,10.535979509122816,10.194322300289533,10.529823303222656,89100,0.0,0.0
2006-06-23 00:00:00-04:00,10.415932800065164,10.69295202594485,10.406698825869174,10.446712493896484,102600,0.0,0.0
2006-06-26 00:00:00-04:00,10.566755842818683,10.634471439995538,10.459025913271235,10.625237464904785,90000,0.0,0.0
2006-06-27 00:00:00-04:00,10.572911798361138,10.659095343697908,10.477493617684235,10.520585060119629,80100,0.0,0.0
2006-06-28 00:00:00-04:00,10.50827342359776,10.625237326714748,10.314359949213959,10.375919342041016,73575,0.0,0.0
2006-06-29 00:00:00-04:00,10.48980548870395,10.545209999073359,9.914220607729987,10.182005882263184,320400,0.0,0.0
2006-06-30 00:00:00-04:00,10.29897095642614,10.363608788662065,9.89883155465495,10.021951675415039,485325,0.0,0.0
2006-07-03 00:00:00-04:00,9.9049867414514,10.138914550588254,9.9049867414514,10.03734016418457,100800,0.0,0.0
2006-07-05 00:00:00-04:00,10.037339973043272,10.286657956063097,9.526393581545046,9.634122848510742,267300,0.0,0.0
2006-07-06 00:00:00-04:00,9.612580009596293,9.815727518518036,9.587955848965537,9.63720417022705,136575,0.0,0.0
2006-07-07 00:00:00-04:00,9.661825684250019,9.661825684250019,9.421741653502133,9.455599784851074,86850,0.0,0.0
2006-07-10 00:00:00-04:00,9.492538584348917,9.661827960036648,9.270923113427001,9.52331829071045,62775,0.0,0.0
2006-07-11 00:00:00-04:00,9.486379556547993,9.849583021700049,9.387884261308455,9.698760986328125,483750,0.0,0.0
2006-07-12 00:00:00-04:00,9.658746356141066,9.88036239961927,9.609498713404763,9.612576484680176,251775,0.0,0.0
2006-07-13 00:00:00-04:00,9.532551246164678,9.535629678796965,9.357105683837176,9.387886047363281,141975,0.0,0.0
2006-07-14 00:00:00-04:00,9.369374166389537,9.452671123327276,9.193524373091162,9.236716270446777,75375,0.031111,0.0
2006-07-17 00:00:00-04:00,9.224376018046902,9.480437267772487,9.224376018046902,9.366289138793945,99225,0.0,0.0
2006-07-18 00:00:00-04:00,9.27373753387155,9.687138175786988,9.27373753387155,9.576075553894043,269100,0.0,0.0
2006-07-19 00:00:00-04:00,9.659370606909503,9.856815008279355,9.526712060158463,9.647029876708984,153900,0.0,0.0
2006-07-20 00:00:00-04:00,9.696389643353463,9.705644196279092,9.347776327717632,9.378626823425293,57600,0.0,0.0
2006-07-21 00:00:00-04:00,9.301502443683225,9.619265361060195,9.301502443683225,9.56373405456543,244350,0.0,0.0
2006-07-24 00:00:00-04:00,9.668627272584262,9.856816485499907,9.576075092136335,9.841391563415527,313200,0.0,0.0
2006-07-25 00:00:00-04:00,9.81053880572529,10.088195302081829,9.755007506453984,9.958622932434082,220725,0.0,0.0
2006-07-26 00:00:00-04:00,9.86298313138392,9.99872583685088,9.610006825587455,9.643942832946777,146475,0.0,0.0
2006-07-27 00:00:00-04:00,9.65937132848842,9.782774005814899,9.332352545510577,9.338522911071777,120375,0.0,0.0
2006-07-28 00:00:00-04:00,9.409477428107213,9.671708281173544,9.409477428107213,9.634687423706055,92700,0.0,0.0
2006-07-31 00:00:00-04:00,9.446506065064199,9.702568107346984,9.431081135325668,9.566823959350586,76500,0.0,0.0
2006-08-01 00:00:00-04:00,9.458842755696562,9.502033334865619,9.261397649263463,9.286078453063965,67725,0.0,0.0
2006-08-02 00:00:00-04:00,9.372459521235328,9.572989463806152,9.33852350148123,9.572989463806152,139275,0.0,0.0
2006-08-03 00:00:00-04:00,9.461926567373625,9.61926526757977,9.437246428272722,9.569904327392578,157725,0.0,0.0
2006-08-04 00:00:00-04:00,9.66862696371247,9.825965665447637,9.492777826479047,9.56373405456543,84375,0.0,0.0
2006-08-07 00:00:00-04:00,9.468098638631979,9.563735684342214,9.41565151313544,9.446502685546875,54000,0.0,0.0
2006-08-08 00:00:00-04:00,9.434159293825017,9.647029263420116,9.434159293825017,9.505115509033203,137025,0.0,0.0
2006-08-09 00:00:00-04:00,9.54214011213886,9.717989274158743,9.255227659489357,9.28299331665039,64800,0.0,0.0
2006-08-10 00:00:00-04:00,9.286073901618288,9.45575260686915,9.286073901618288,9.341605186462402,28800,0.0,0.0
2006-08-11 00:00:00-04:00,9.264483260964484,9.52979975315892,9.125654317363114,9.141079902648926,64800,0.0,0.0
2006-08-14 00:00:00-04:00,9.267565183554666,9.353947639465332,9.227458806887123,9.353947639465332,53550,0.0,0.0
2006-08-15 00:00:00-04:00,9.492777924081748,9.62543582585474,9.437246617016022,9.5791597366333,44775,0.0,0.0
2006-08-16 00:00:00-04:00,9.702560775809077,10.260958565662845,9.671709615672572,10.220852851867676,361575,0.0,0.0
2006-08-17 00:00:00-04:00,10.362766875541938,10.41212780629478,10.100535317328402,10.177661895751953,89325,0.0,0.0
2006-08-18 00:00:00-04:00,10.20234442326659,10.257875728030625,10.00798485659247,10.23628044128418,131625,0.0,0.0
2006-08-21 00:00:00-04:00,10.109794505765233,10.279474644846431,10.109794505765233,10.23011302947998,86400,0.0,0.0
2006-08-22 00:00:00-04:00,10.183835408130166,10.304153251893084,10.177665041634349,10.29489803314209,39150,0.0,0.0
2006-08-23 00:00:00-04:00,10.220854796130789,10.276386100557659,9.755008412115142,9.776603698730469,70875,0.0,0.0
2006-08-24 00:00:00-04:00,9.77968759963664,9.856814177958967,9.656284279938609,9.80128288269043,103500,0.0,0.0
2006-08-25 00:00:00-04:00,9.816711903012482,10.011071504557703,9.77969102652768,9.78277587890625,26775,0.0,0.0
2006-08-28 00:00:00-04:00,9.795112609863281,9.872239850893337,9.767346961968924,9.795112609863281,74475,0.0,0.0
2006-08-29 00:00:00-04:00,9.825964559519663,9.924687091727442,9.779688475982473,9.875326156616211,94275,0.0,0.0
2006-08-30 00:00:00-04:00,9.748837355669322,10.233194140170163,9.748837355669322,10.106706619262695,93825,0.0,0.0
2006-08-31 00:00:00-04:00,10.14681560745497,10.18075163379686,9.84447820891635,9.94320011138916,55125,0.0,0.0
2006-09-01 00:00:00-04:00,9.964792204365894,9.964792204365894,9.764262300566621,9.779687881469727,130050,0.0,0.0
2006-09-05 00:00:00-04:00,9.779691899878557,9.779691899878557,9.502034639461554,9.696394920349121,98775,0.0,0.0
2006-09-06 00:00:00-04:00,9.600756649729545,9.696394358302712,9.498949236205892,9.55448055267334,33750,0.0,0.0
2006-09-07 00:00:00-04:00,9.498947621363353,9.505117325264976,9.357033839859643,9.486607551574707,44550,0.0,0.0
2006-09-08 00:00:00-04:00,9.486607265819423,9.56064834430643,9.33543827103139,9.50820255279541,29025,0.0,0.0
2006-09-11 00:00:00-04:00,9.45267333218307,9.71798984805186,9.45267333218307,9.517459869384766,83475,0.0,0.0
2006-09-12 00:00:00-04:00,9.545226077651366,10.24862346974601,9.545226077651366,10.23011302947998,91350,0.0,0.0
2006-09-13 00:00:00-04:00,10.202346211099657,10.535534760056342,10.180750920568908,10.498513221740723,76725,0.0,0.0
2006-09-14 00:00:00-04:00,10.442979031938199,10.467659830024653,10.152982467859902,10.359682083129883,105075,0.0,0.0
2006-09-15 00:00:00-04:00,10.442981054737867,10.489257146372807,10.245536617757267,10.46766185760498,159300,0.0,0.0
2006-09-18 00:00:00-04:00,10.550955870585799,10.717549753861702,10.415212485773315,10.541701316833496,54900,0.0,0.0
2006-09-19 00:00:00-04:00,10.547873663243148,10.547873663243148,9.921603025375566,10.119048118591309,74475,0.0,0.0
2006-09-20 00:00:00-04:00,10.23319616891929,10.248621753886898,10.078942967185023,10.214686393737793,51300,0.0,0.0
2006-09-21 00:00:00-04:00,10.186919568969623,10.313407100438171,9.983304121513989,10.023409843444824,94725,0.0,0.0
2006-09-22 00:00:00-04:00,9.989472775831024,10.168406729928195,9.72724121632633,10.007983207702637,141750,0.0,0.0
2006-09-25 00:00:00-04:00,10.035749208802757,10.291810412702722,9.921601100252564,10.288724899291992,90225,0.0,0.0
2006-09-26 00:00:00-04:00,10.264043104887241,10.412126541137695,10.239362311517107,10.412126541137695,76275,0.0,0.0
2006-09-27 00:00:00-04:00,10.353512607825067,10.60957316291476,10.353512607825067,10.554041862487793,79650,0.0,0.0
2006-09-28 00:00:00-04:00,10.609575947875287,10.625002195801406,10.458407588804935,10.513938903808594,108450,0.0,0.0
2006-09-29 00:00:00-04:00,10.513936327000742,10.566382776756637,10.486170676303857,10.492341041564941,76050,0.0,0.0
2006-10-02 00:00:00-04:00,10.554043576556582,10.554043576556582,10.291812613724634,10.335003852844238,173025,0.0,0.0
2006-10-03 00:00:00-04:00,10.29181336975645,10.48000326247052,10.288727855459188,10.418301582336426,75375,0.0,0.0
2006-10-04 00:00:00-04:00,10.356600348596501,10.79776668548584,10.356600348596501,10.79776668548584,96750,0.0,0.0
2006-10-05 00:00:00-04:00,10.797763725232214,10.859464729124696,10.61574357919783,10.807018280029297,85050,0.0,0.0
2006-10-06 00:00:00-04:00,10.72989358305651,10.732978435198595,10.597235673150783,10.692872047424316,41850,0.0,0.0
2006-10-09 00:00:00-04:00,10.643510047457102,10.745317439887051,10.461490549420553,10.53553295135498,52425,0.0,0.0
2006-10-10 00:00:00-04:00,10.507766922430465,10.594148728614586,10.489255826120994,10.563298225402832,48600,0.0,0.0
2006-10-11 00:00:00-04:00,10.532449061698298,10.532449061698298,10.285643003147399,10.418301582336426,94500,0.0,0.0
2006-10-12 00:00:00-04:00,10.375107107500298,11.106269836425781,10.375107107500298,11.106269836425781,100575,0.0,0.0
2006-10-13 00:00:00-04:00,11.081591613795869,11.223504738669636,11.026060304673253,11.19573974609375,100125,0.0,0.0
2006-10-16 00:00:00-04:00,11.226586185663288,11.325309365696434,11.016801745041132,11.306798934936523,157050,0.0,0.0
2006-10-17 00:00:00-04:00,10.936595567204973,11.39627170562744,10.936595567204973,11.396271705627441,152100,0.0,0.0
2006-10-18 00:00:00-04:00,11.306633555678692,11.529180526733398,11.281905230127338,11.529180526733398,243900,0.031111,0.0
2006-10-19 00:00:00-04:00,11.649724988221442,11.668271893794392,11.349905014038086,11.349905014038086,601425,0.0,0.0
2006-10-20 00:00:00-04:00,11.430271203981723,11.560090270430301,11.284997265684693,11.529180526733398,165150,0.0,0.0
2006-10-23 00:00:00-04:00,11.522998698290117,11.634272179855373,11.322088024383207,11.575543403625488,50400,0.0,0.0
2006-10-24 00:00:00-04:00,11.53227238431679,11.652819335552438,11.405544014319979,11.631181716918945,117000,0.0,0.0
2006-10-25 00:00:00-04:00,11.736273536419121,11.736273536419121,11.553907116259237,11.590999603271484,88650,0.0,0.0
2006-10-26 00:00:00-04:00,11.624995505641124,11.624995505641124,11.451903913324852,11.60335922241211,91800,0.0,0.0
2006-10-27 00:00:00-04:00,11.52918009725985,11.637362869684512,11.48899822784144,11.547725677490234,83475,0.0,0.0
2006-10-30 00:00:00-05:00,11.46117849256701,11.59099887271625,11.374633341113451,11.587906837463379,78525,0.0,0.0
2006-10-31 00:00:00-05:00,11.64972383520689,11.733179596087455,11.529178246304685,11.723907470703125,151650,0.0,0.0
2006-11-01 00:00:00-05:00,11.742452883663946,11.742452883663946,11.331359434949587,11.349905014038086,123750,0.0,0.0
2006-11-02 00:00:00-05:00,11.254085313608746,11.315903462387451,11.161357427198528,11.241721153259277,94500,0.0,0.0
2006-11-03 00:00:00-05:00,11.238631869195638,11.393177923971983,11.170630968381493,11.294268608093262,55800,0.0,0.0
2006-11-06 00:00:00-05:00,11.374633328853008,11.504451055893421,11.266450563168217,11.454997062683105,93825,0.0,0.0
2006-11-07 00:00:00-05:00,11.479725591092228,11.742454441964417,11.362270683439506,11.572453498840332,84600,0.0,0.0
2006-11-08 00:00:00-05:00,11.458087117339085,11.54154288165447,11.402450383290285,11.461177825927734,53325,0.0,0.0
2006-11-09 00:00:00-05:00,11.516810668977197,11.516810668977197,11.210809398334707,11.266446113586426,54900,0.0,0.0
2006-11-10 00:00:00-05:00,11.281905508426988,11.393178996699213,11.195360346316113,11.35917854309082,48825,0.0,0.0
2006-11-13 00:00:00-05:00,11.371540018299362,11.470450646596182,11.198448408506373,11.21081256866455,143550,0.0,0.0
2006-11-14 00:00:00-05:00,11.254083046555607,11.34681091428647,11.13044544741977,11.331356048583984,137925,0.0,0.0
2006-11-15 00:00:00-05:00,11.365358610718507,11.615724563598633,11.127356818006628,11.615724563598633,117225,0.0,0.0
2006-11-16 00:00:00-05:00,11.6991803120332,11.6991803120332,11.4828147804304,11.587906837463379,51975,0.0,0.0
2006-11-17 00:00:00-05:00,11.575542858490598,11.779545558237528,11.560089314404744,11.767181396484375,125550,0.0,0.0
2006-11-20 00:00:00-05:00,11.717727986662412,11.841365644901042,11.631181493246903,11.634273529052734,61425,0.0,0.0
2006-11-21 00:00:00-05:00,11.618817590137603,11.717726911764482,11.482815780605506,11.55390739440918,96075,0.0,0.0
2006-11-22 00:00:00-05:00,11.692997096137859,11.692997096137859,11.538449743125868,11.563178062438965,58725,0.0,0.0
2006-11-24 00:00:00-05:00,11.448815740835325,11.488998939226361,11.195360346316113,11.35917854309082,42300,0.0,0.0
2006-11-27 00:00:00-05:00,11.284996908899997,11.371542066139797,10.864629315905344,10.883174896240234,119475,0.0,0.0
2006-11-28 00:00:00-05:00,10.849171727731115,10.978990749630272,10.790444296047898,10.948081016540527,103275,0.0,0.0
2006-11-29 00:00:00-05:00,10.982081909609393,11.152084122115301,10.982081909609393,11.13971996307373,56250,0.0,0.0
2006-11-30 00:00:00-05:00,11.127359164611985,11.591000014127204,11.093358711842308,11.529180526733398,138825,0.0,0.0
2006-12-01 00:00:00-05:00,11.587905886962904,11.587905886962904,10.954264877697822,11.18299388885498,125325,0.0,0.0
2006-12-04 00:00:00-05:00,11.250993974606155,11.563178062438965,11.204629370757285,11.563178062438965,88650,0.0,0.0
2006-12-05 00:00:00-05:00,11.624998898894987,11.832090993798762,11.590999773316245,11.754817962646484,75825,0.0,0.0
2006-12-06 00:00:00-05:00,11.736274477683173,11.75481873294977,11.65900011498249,11.680636405944824,86625,0.0,0.0
2006-12-07 00:00:00-05:00,11.714635178273419,11.714635178273419,11.349905014038086,11.349905014038086,31500,0.0,0.0
2006-12-08 00:00:00-05:00,11.33445032582246,11.39317777279885,11.053175926208496,11.053175926208496,64350,0.0,0.0
2006-12-11 00:00:00-05:00,11.127358044595413,11.127358044595413,10.818265281433936,10.852264404296875,84600,0.0,0.0
2006-12-12 00:00:00-05:00,10.880082835110104,10.880082835110104,10.400988514918875,10.839900970458984,357525,0.0,0.0
2006-12-13 00:00:00-05:00,10.960448183452563,10.960448183452563,10.543171978145217,10.706992149353027,75150,0.0,0.0
2006-12-14 00:00:00-05:00,10.747173762892562,11.006812551069464,10.660627942328441,10.90481185913086,67275,0.0,0.0
2006-12-15 00:00:00-05:00,10.904808576217732,10.951172513140966,10.53389641758979,10.672988891601562,138150,0.0,0.0
2006-12-18 00:00:00-05:00,10.740988917789043,10.821353962959666,10.577170108991412,10.703898429870605,193275,0.0,0.0
2006-12-19 00:00:00-05:00,10.611172761011032,10.75026460681928,10.558626731513835,10.626626968383789,78750,0.0,0.0
2006-12-20 00:00:00-05:00,10.68535611982993,10.77808469506772,10.481354713439941,10.481354713439941,116325,0.0,0.0
2006-12-21 00:00:00-05:00,10.533895322739937,10.781169848377175,10.465895110067548,10.509167671203613,152325,0.0,0.0
2006-12-22 00:00:00-05:00,10.54935475857679,10.710082905096616,10.438081273314845,10.518445014953613,168750,0.0,0.0
2006-12-26 00:00:00-05:00,10.638991585271471,10.941902286938737,10.638991585271471,10.784265518188477,116325,0.0,0.0
2006-12-27 00:00:00-05:00,10.756447374932902,11.19845060093236,10.756447374932902,11.06244945526123,204075,0.0,0.0
2006-12-28 00:00:00-05:00,11.096445699669363,11.281900772361311,11.019172034202189,11.046990394592285,58950,0.0,0.0
2006-12-29 00:00:00-05:00,10.978993554577448,11.213903341325793,10.796627807185947,10.849174499511719,101025,0.0,0.0
2007-01-03 00:00:00-05:00,10.904807436501567,11.1273543104736,10.651350832316531,10.731715202331543,161775,0.0,0.0
2007-01-04 00:00:00-05:00,10.710082106401291,10.948083930987986,10.40098933591587,10.914083480834961,168750,0.0,0.0
2007-01-05 00:00:00-05:00,10.858446162189317,10.920264978280334,10.246441408345309,10.370079040527344,91125,0.0,0.0
2007-01-08 00:00:00-05:00,10.42571712973058,10.608082229770265,10.200079449726577,10.561718940734863,84150,0.0,0.0
2007-01-09 00:00:00-05:00,10.558618152295061,10.802801195448843,10.348434868329234,10.694619178771973,123975,0.0,0.0
2007-01-10 00:00:00-05:00,10.614262105613344,10.781172299130704,10.567898162969632,10.666808128356934,72900,0.0,0.0
2007-01-11 00:00:00-05:00,10.759535970591903,11.031537545265925,10.722444816625348,11.000628471374512,94725,0.0,0.0
2007-01-12 00:00:00-05:00,11.031542374371293,11.133543092430576,10.71935813741207,10.9171781539917,94275,0.0,0.0
2007-01-16 00:00:00-05:00,11.220083851668743,11.646633417021189,11.145901549256875,11.609540939331055,195300,0.0,0.0
2007-01-17 00:00:00-05:00,11.628119012691409,11.646699212147354,10.993295088293047,11.027359008789062,168525,0.031111,0.0
2007-01-18 00:00:00-05:00,10.92517169192099,11.080006297973506,10.83846428595236,10.9840087890625,118125,0.0,0.0
2007-01-19 00:00:00-05:00,10.928266462986205,11.185292825704334,10.804398664612402,11.107874870300293,105750,0.0,0.0
2007-01-22 00:00:00-05:00,11.12026596069336,11.20078042294272,11.01807414448415,11.12026596069336,204525,0.0,0.0
2007-01-23 00:00:00-05:00,11.126453024754953,11.228644780708136,11.095485584352058,11.166709899902344,268425,0.0,0.0
2007-01-24 00:00:00-05:00,11.20696915778327,11.374190979383114,11.05213391628993,11.364901542663574,245475,0.0,0.0
2007-01-25 00:00:00-05:00,11.244130021992095,11.358707719979883,11.045941409788242,11.154325485229492,64800,0.0,0.0
2007-01-26 00:00:00-05:00,11.380382303263673,11.392769546072138,11.1264537928955,11.32154655456543,53325,0.0,0.0
2007-01-29 00:00:00-05:00,11.12955775519594,11.547613194766592,11.12955775519594,11.525935173034668,72225,0.0,0.0
2007-01-30 00:00:00-05:00,11.535221354612212,11.56309232634453,11.194584708966405,11.392772674560547,116775,0.0,0.0
2007-01-31 00:00:00-05:00,11.312263825965175,11.724126320068732,11.312263825965175,11.662191390991211,269325,0.0,0.0
2007-02-01 00:00:00-05:00,11.69624635460027,11.751986950589632,11.457800250263439,11.553797721862793,52200,0.0,0.0
2007-02-02 00:00:00-05:00,11.40826016920067,11.767478467322405,11.40826016920067,11.566192626953125,64800,0.0,0.0
2007-02-05 00:00:00-05:00,11.631225949478484,11.74580505661605,11.47019696641538,11.501164436340332,100575,0.0,0.0
2007-02-06 00:00:00-05:00,11.55689884015614,11.60954297899799,11.457804850487534,11.538318634033203,51750,0.0,0.0
2007-02-07 00:00:00-05:00,11.550707423908607,11.847990761583176,11.50115975797573,11.829410552978516,117000,0.0,0.0
2007-02-08 00:00:00-05:00,11.761276385440874,11.761276385440874,11.451607293695945,11.553797721862793,71325,0.0,0.0
2007-02-09 00:00:00-05:00,11.525931156256622,11.559995088293697,11.457804621143614,11.51973819732666,78525,0.0,0.0
2007-02-12 00:00:00-05:00,11.491869140889268,11.662187480823796,11.48877266126593,11.572382926940918,111825,0.0,0.0
2007-02-13 00:00:00-05:00,11.646699193554731,11.646699193554731,11.522832083353299,11.590958595275879,43425,0.0,0.0
2007-02-14 00:00:00-05:00,11.652899979899027,11.652899979899027,11.457808419322394,11.4670991897583,79200,0.0,0.0
2007-02-15 00:00:00-05:00,11.460905356580126,11.538322687797905,11.40516471862793,11.40516471862793,297225,0.0,0.0
2007-02-16 00:00:00-05:00,11.405159849043743,11.550705007492317,11.343226276305206,11.402063369750977,155700,0.0,0.0
2007-02-20 00:00:00-05:00,11.439228474837547,11.575482922377391,11.321554239642298,11.56309700012207,47250,0.0,0.0
2007-02-21 00:00:00-05:00,11.488768492055163,11.708633084097883,11.488768492055163,11.686956405639648,49050,0.0,0.0
2007-02-22 00:00:00-05:00,11.748895045652757,11.748895045652757,11.299872295707937,11.38348388671875,85725,0.0,0.0
2007-02-23 00:00:00-05:00,11.343225805480918,11.69624968046361,11.250324785748631,11.612639427185059,107550,0.0,0.0
2007-02-26 00:00:00-05:00,11.572382655990324,11.69315466120131,11.34322722169407,11.48877239227295,58950,0.0,0.0
2007-02-27 00:00:00-05:00,11.31535497056559,11.34941889970213,10.73627149764698,10.745561599731445,111825,0.0,0.0
2007-02-28 00:00:00-05:00,10.835365885495536,11.343225673427058,10.745561345972963,11.262710571289062,109575,0.0,0.0
2007-03-01 00:00:00-05:00,10.959235849064553,11.3122597681181,10.556663605834087,11.132651329040527,67950,0.0,0.0
2007-03-02 00:00:00-05:00,11.033558842750999,11.31226199151915,10.71769460966637,10.739371299743652,101475,0.0,0.0
2007-03-05 00:00:00-05:00,10.683624253636285,10.909683781524471,10.538079141863925,10.565949440002441,63000,0.0,0.0
2007-03-06 00:00:00-05:00,10.683628707222047,11.222455360329391,10.544277158439268,11.157423973083496,50400,0.0,0.0
2007-03-07 00:00:00-05:00,11.045940613445064,11.045940613445064,10.683626013482236,10.816783905029297,97200,0.0,0.0
2007-03-08 00:00:00-05:00,10.88181614894181,11.039747877079582,10.75175472576953,10.943750381469727,56250,0.0,0.0
2007-03-09 00:00:00-05:00,11.039747749549754,11.039747749549754,10.798205109305787,10.971620559692383,34650,0.0,0.0
2007-03-12 00:00:00-04:00,10.965424803173923,11.135743076911764,10.91897430447448,11.07071304321289,49950,0.0,0.0
2007-03-13 00:00:00-04:00,11.014978242604348,11.095492039742297,10.810595940748374,10.835369110107422,99450,0.0,0.0
2007-03-14 00:00:00-04:00,10.81059919350162,10.987111234578066,10.782728871226391,10.903499603271484,68850,0.0,0.0
2007-03-15 00:00:00-04:00,10.922075538671814,10.922075538671814,10.668145607675088,10.779626846313477,85275,0.0,0.0
2007-03-16 00:00:00-04:00,10.776529563733988,11.092393049673245,10.776529563733988,11.02116870880127,187650,0.0,0.0
2007-03-19 00:00:00-04:00,11.039747787241707,11.349418282880798,10.866333000743515,11.154325485229492,76275,0.0,0.0
2007-03-20 00:00:00-04:00,11.17291142046159,11.324648255604359,11.061429493092646,11.306069374084473,38025,0.0,0.0
2007-03-21 00:00:00-04:00,11.287484122267351,11.532123229515127,11.045940829409462,11.510446548461914,97650,0.0,0.0
2007-03-22 00:00:00-04:00,11.501162998208597,11.560000120539366,11.293684165163581,11.550710678100586,73125,0.0,0.0
2007-03-23 00:00:00-04:00,11.51354347657092,11.711732750574944,11.37419129028159,11.621928215026855,109800,0.0,0.0
2007-03-26 00:00:00-04:00,11.457809169005516,11.457809169005516,10.714599979487389,10.86943531036377,200475,0.0,0.0
2007-03-27 00:00:00-04:00,10.869431136283513,11.03974946970528,10.792013168334961,10.792013168334961,657000,0.0,0.0
2007-03-28 00:00:00-04:00,10.776529773843489,10.788915691481082,10.652661294739731,10.68362808227539,267525,0.0,0.0
2007-03-29 00:00:00-04:00,10.79511016700473,10.953042590002145,10.661952239160572,10.81059455871582,214200,0.0,0.0
2007-03-30 00:00:00-04:00,10.931368911129654,11.129558294126822,10.723890086050355,10.86943531036377,275850,0.0,0.0
2007-04-02 00:00:00-04:00,10.934462217617702,10.993299985090141,10.696016661374713,10.912785530090332,84825,0.0,0.0
2007-04-03 00:00:00-04:00,10.841564078394912,10.875627356605591,10.761048942316494,10.838467597961426,92475,0.0,0.0
2007-04-04 00:00:00-04:00,10.844661813258737,10.937563551990396,10.770341618339025,10.903499603271484,91575,0.0,0.0
2007-04-05 00:00:00-04:00,10.96233222940207,10.96233222940207,10.838465067215868,10.86014175415039,37800,0.0,0.0
2007-04-09 00:00:00-04:00,10.884919388421332,10.956143766840547,10.73008404317643,10.903499603271484,71550,0.0,0.0
2007-04-10 00:00:00-04:00,10.900395344501938,11.08000373840332,10.826074538131651,11.08000373840332,84600,0.0,0.0
2007-04-11 00:00:00-04:00,10.863238530964642,10.956139569625712,10.770337492303572,10.912785530090332,175050,0.0,0.0
2007-04-12 00:00:00-04:00,10.841559151530964,10.980910674922267,10.745560992429972,10.8539457321167,67950,0.0,0.0
2007-04-13 00:00:00-04:00,10.857044974935635,11.179101467991938,10.813691599609196,11.176006317138672,70875,0.0,0.0
2007-04-16 00:00:00-04:00,11.19768460949815,11.22865207000417,10.872529596588656,10.968527793884277,74025,0.0,0.0
2007-04-17 00:00:00-04:00,10.956141594379611,11.182201273219025,10.956141594379611,11.123363494873047,67050,0.0,0.0
2007-04-18 00:00:00-04:00,11.275101037998333,11.284391806998231,10.962333299877365,11.058331489562988,121500,0.0,0.0
2007-04-19 00:00:00-04:00,11.443071937052698,11.443071937052698,11.01488732441075,11.024195671081543,71325,0.031111,0.0
2007-04-20 00:00:00-04:00,11.210362079949029,11.427557269294983,10.983858544367834,11.325164794921875,88875,0.0,0.0
2007-04-23 00:00:00-04:00,11.281731934479573,11.281731934479573,11.111079056709348,11.179339408874512,94275,0.0,0.0
2007-04-24 00:00:00-04:00,11.44617842346691,11.44617842346691,11.030405240963228,11.201057434082031,155025,0.0,0.0
2007-04-25 00:00:00-04:00,11.247595137677408,11.27862340141584,11.111073174055809,11.188642501831055,107100,0.0,0.0
2007-04-26 00:00:00-04:00,11.154517139276201,11.256907657333153,11.01799378539077,11.129693984985352,52200,0.0,0.0
2007-04-27 00:00:00-04:00,11.052125907942312,11.170031909808396,11.027304082338977,11.092462539672852,51975,0.0,0.0
2007-04-30 00:00:00-04:00,11.294140564536498,11.294140564536498,10.828722475614505,10.859750747680664,219375,0.0,0.0
2007-05-01 00:00:00-04:00,10.872160633339059,11.030403217781693,10.82872211913339,10.893879890441895,93600,0.0,0.0
2007-05-02 00:00:00-04:00,10.810105901911015,11.197955336332749,10.810105901911015,10.968348503112793,175725,0.0,0.0
2007-05-03 00:00:00-04:00,10.943525916508273,10.962141947703692,10.791489113972869,10.800797462463379,210825,0.0,0.0
2007-05-04 00:00:00-04:00,10.79458766344197,10.937316064446824,10.748046604070382,10.769765853881836,146700,0.0,0.0
2007-05-07 00:00:00-04:00,10.738744403125326,10.893883141504636,10.738744403125326,10.819416999816895,249300,0.0,0.0
2007-05-08 00:00:00-04:00,10.797699352376672,10.924913056994107,10.782184544116477,10.841137886047363,207900,0.0,0.0
2007-05-09 00:00:00-04:00,10.800801914557185,10.878371295357027,10.800801914557185,10.841137886047363,121050,0.0,0.0
2007-05-10 00:00:00-04:00,10.850444070156815,11.030405956382761,10.76356635439012,10.84423828125,269325,0.0,0.0
2007-05-11 00:00:00-04:00,10.878368108689362,10.94973234422301,10.844237271558368,10.943527221679688,36000,0.0,0.0
2007-05-14 00:00:00-04:00,10.912497611779056,10.968347702555423,10.828722475614505,10.859750747680664,167850,0.0,0.0
2007-05-15 00:00:00-04:00,10.943531977674303,10.943531977674303,10.757364238967945,10.797700881958008,90450,0.0,0.0
2007-05-16 00:00:00-04:00,10.81010413389659,10.918702410507448,10.800796452062404,10.856646537780762,116550,0.0,0.0
2007-05-17 00:00:00-04:00,10.85044505666865,10.85665084613969,10.62394206329826,10.664278030395508,184050,0.0,0.0
2007-05-18 00:00:00-04:00,10.670479535567782,10.735638638452798,10.605321098468345,10.717021942138672,159975,0.0,0.0
2007-05-21 00:00:00-04:00,10.636350349626388,11.024198447171667,10.636350349626388,10.87836742401123,142875,0.0,0.0
2007-05-22 00:00:00-04:00,11.318961824481468,12.001574455241125,11.235186026666945,11.880566596984863,285750,0.0,0.0
2007-05-23 00:00:00-04:00,11.880565529425521,11.989161803395577,11.644753624009798,11.734734535217285,141525,0.0,0.0
2007-05-24 00:00:00-04:00,11.74714925963796,11.889876400099306,11.359299803486957,11.449280738830566,162900,0.0,0.0
2007-05-25 00:00:00-04:00,11.548568026753564,11.775072285433586,11.520643646767445,11.607522010803223,110250,0.0,0.0
2007-05-29 00:00:00-04:00,11.672678397975332,11.799892702190306,11.582697483697858,11.778173446655273,78750,0.0,0.0
2007-05-30 00:00:00-04:00,11.650957088596593,12.10086024910347,11.650957088596593,11.982954978942871,149850,0.0,0.0
2007-05-31 00:00:00-04:00,11.96124218956656,12.100866786868824,11.868158680841201,11.992270469665527,335475,0.0,0.0
2007-06-01 00:00:00-04:00,11.992269447735838,12.094660632822624,11.7254291910811,11.84643840789795,110925,0.0,0.0
2007-06-04 00:00:00-04:00,11.799897168224444,11.924008958847063,11.753356078973189,11.818513870239258,91800,0.0,0.0
2007-06-05 00:00:00-04:00,11.768870347795962,11.812308875781145,11.356199005650428,11.542366027832031,158625,0.0,0.0
2007-06-06 00:00:00-04:00,11.46789558614132,11.632343292236328,11.337578711896183,11.632343292236328,72450,0.0,0.0
2007-06-07 00:00:00-04:00,11.551672310386008,11.551672310386008,11.26931795060234,11.430663108825684,112725,0.0,0.0
2007-06-08 00:00:00-04:00,11.36860836329749,11.728530758675346,11.365505802129189,11.619933128356934,109800,0.0,0.0
2007-06-11 00:00:00-04:00,11.551672946577149,11.840231112761542,11.542363931373092,11.7533540725708,57825,0.0,0.0
2007-06-12 00:00:00-04:00,11.638549790189744,11.793689832256762,11.371710888560015,11.436868667602539,107775,0.0,0.0
2007-06-13 00:00:00-04:00,11.471002190640352,11.675785922357889,11.275527476150334,11.610628128051758,79425,0.0,0.0
2007-06-14 00:00:00-04:00,11.641652166467923,11.765762586069233,11.511335293786752,11.5237455368042,48150,0.0,0.0
2007-06-15 00:00:00-04:00,11.778173554232842,12.06052787348037,11.700604213083066,11.924004554748535,210600,0.0,0.0
2007-06-18 00:00:00-04:00,11.830928381465476,11.973656909482964,11.579602176180066,11.66027545928955,61875,0.0,0.0
2007-06-19 00:00:00-04:00,11.564085604500855,11.703711540698132,11.492721355473059,11.502030372619629,114525,0.0,0.0
2007-06-20 00:00:00-04:00,11.554771033225528,11.669573742999978,11.111072994174961,11.138998031616211,108900,0.0,0.0
2007-06-21 00:00:00-04:00,11.061434984296245,11.619936083779356,11.061434984296245,11.424461364746094,118125,0.0,0.0
2007-06-22 00:00:00-04:00,11.3996351159549,11.452381311915556,11.241392533359516,11.284831047058105,194175,0.0,0.0
2007-06-25 00:00:00-04:00,11.23208511746407,11.402737967353548,11.045918130026216,11.166927337646484,168975,0.0,0.0
2007-06-26 00:00:00-04:00,11.26311179020881,11.56718538081235,11.26311179020881,11.284831047058105,123975,0.0,0.0
2007-06-27 00:00:00-04:00,11.191748448095856,11.62303638458252,11.173131750534246,11.62303638458252,77625,0.0,0.0
2007-06-28 00:00:00-04:00,11.635448990604557,11.892980218276149,11.616830959822854,11.768868446350098,75150,0.0,0.0
2007-06-29 00:00:00-04:00,11.824718144320556,11.998473553887226,11.573392047689795,11.619933128356934,91125,0.0,0.0
2007-07-02 00:00:00-04:00,11.6975042107819,11.802999283497613,11.592009138066189,11.768868446350098,45000,0.0,0.0
2007-07-03 00:00:00-04:00,11.802994574564117,12.088450071379953,11.802994574564117,11.908488273620605,36225,0.0,0.0
2007-07-05 00:00:00-04:00,11.896083173163465,12.045015440202649,11.775073958506658,12.013988494873047,58725,0.0,0.0
2007-07-06 00:00:00-04:00,12.035708754094957,12.100866543104372,11.914700860975392,11.933316230773926,84600,0.0,0.0
2007-07-09 00:00:00-04:00,11.914699619071063,11.917802180380763,11.635449127627423,11.6571683883667,112050,0.0,0.0
2007-07-10 00:00:00-04:00,11.570289162155927,11.691298365326443,11.235187265518839,11.300346374511719,126000,0.0,0.0
2007-07-11 00:00:00-04:00,11.272422761007363,11.47720645360713,11.272422761007363,11.449280738830566,72000,0.0,0.0
2007-07-12 00:00:00-04:00,11.539259926725467,11.793688556192274,11.439971322539694,11.759557723999023,45675,0.0,0.0
2007-07-13 00:00:00-04:00,11.728457459289523,11.911957634206036,11.656923357060286,11.684915542602539,69525,0.04,0.0
2007-07-16 00:00:00-04:00,11.672470126654035,11.831089338615058,11.622707001084628,11.709792137145996,97200,0.0,0.0
2007-07-17 00:00:00-04:00,11.815542733165703,11.89951796528951,11.66314600618168,11.747119903564453,86175,0.0,0.0
2007-07-18 00:00:00-04:00,11.678697614857422,11.89019003506681,11.597833651095742,11.790663719177246,82350,0.0,0.0
2007-07-19 00:00:00-04:00,11.890186646809891,11.890186646809891,11.663144555761152,11.69113540649414,69075,0.0,0.0
2007-07-20 00:00:00-04:00,11.666254416498093,11.744009754062374,11.439212301137024,11.464093208312988,239850,0.0,0.0
2007-07-23 00:00:00-04:00,11.482755617136274,11.660034584330962,11.2743731800123,11.492085456848145,77400,0.0,0.0
2007-07-24 00:00:00-04:00,11.364568144351981,11.405000118683192,11.08465293581937,11.199728965759277,181575,0.0,0.0
2007-07-25 00:00:00-04:00,11.324135967225656,11.740899493404715,11.19039825840808,11.694246292114258,170325,0.0,0.0
2007-07-26 00:00:00-04:00,10.907369613647461,11.112640697125569,10.624343886968676,10.907369613647461,321750,0.0,0.0
2007-07-27 00:00:00-04:00,10.83894757859951,10.978905162688866,10.481278419494629,10.481278419494629,263700,0.0,0.0
2007-07-30 00:00:00-04:00,10.761196703565599,10.761196703565599,10.3879757038912,10.425297737121582,186525,0.0,0.0
2007-07-31 00:00:00-04:00,10.670998403740407,10.748752394127731,10.375532172475934,10.412854194641113,203400,0.0,0.0
2007-08-01 00:00:00-04:00,10.381754219330695,10.770525561706506,10.29155909705266,10.583914756774902,184275,0.0,0.0
2007-08-02 00:00:00-04:00,10.624346252781523,11.156185087494752,10.571473163715797,11.044219017028809,139950,0.0,0.0
2007-08-03 00:00:00-04:00,11.062880710609107,11.062880710609107,10.574583123710111,10.643007278442383,220725,0.0,0.0
2007-08-06 00:00:00-04:00,10.67410694958338,11.420547962340313,10.59635296939571,11.39877700805664,212175,0.0,0.0
2007-08-07 00:00:00-04:00,11.311692468911678,11.669362932734202,11.258819385792666,11.560506820678711,187200,0.0,0.0
2007-08-08 00:00:00-04:00,11.64759234182641,12.194982927781487,11.308584172931338,12.107897758483887,379575,0.0,0.0
2007-08-09 00:00:00-04:00,11.809322766827373,12.182543010125851,11.532516195849981,11.803101539611816,411750,0.0,0.0
2007-08-10 00:00:00-04:00,11.641369118479005,12.111005574319487,11.401885972486705,11.893293380737305,184275,0.0,0.0
2007-08-13 00:00:00-04:00,12.036364603259866,12.036364603259866,10.926032400931172,11.041109085083008,349425,0.0,0.0
2007-08-14 00:00:00-04:00,11.062876777784357,11.134410185887575,10.730087963053789,10.885597229003906,133650,0.0,0.0
2007-08-15 00:00:00-04:00,10.891822658552282,11.342798318585087,10.888713379084887,10.944696426391602,97875,0.0,0.0
2007-08-16 00:00:00-04:00,10.941580415868696,11.818648338317871,10.941580415868696,11.818648338317871,250875,0.0,0.0
2007-08-17 00:00:00-04:00,12.061244774807841,12.160769719947307,11.54184642301167,11.8062105178833,193725,0.0,0.0
2007-08-20 00:00:00-04:00,11.821763387840077,11.995932402116724,11.569839038426474,11.582280158996582,69750,0.0,0.0
2007-08-21 00:00:00-04:00,11.532514936664663,11.725346264475043,11.311692761033534,11.40810775756836,78750,0.0,0.0
2007-08-22 00:00:00-04:00,11.653813979153194,11.837314163018466,11.638262912509214,11.80932331085205,123750,0.0,0.0
2007-08-23 00:00:00-04:00,11.893296981153116,11.93683889915464,11.566728591918945,11.566728591918945,129600,0.0,0.0
2007-08-24 00:00:00-04:00,11.569837620428478,11.750227840252059,11.358346605102795,11.600939750671387,205200,0.0,0.0
2007-08-27 00:00:00-04:00,11.560509635081809,11.678695613362045,11.40500029368353,11.488975524902344,86175,0.0,0.0
2007-08-28 00:00:00-04:00,11.38944746399102,11.526294419250736,11.121972110188896,11.159294128417969,120825,0.0,0.0
2007-08-29 00:00:00-04:00,11.19972788484036,11.765779475068989,11.041109281980631,11.7284574508667,115425,0.0,0.0
2007-08-30 00:00:00-04:00,11.572952739493974,11.818655912627825,11.572952739493974,11.790663719177246,135225,0.0,0.0
2007-08-31 00:00:00-04:00,11.821762433297963,11.84664333768821,11.632042367312772,11.703575134277344,91125,0.0,0.0
2007-09-04 00:00:00-04:00,11.700465245158183,11.81865254475544,11.513855124468689,11.69113540649414,119025,0.0,0.0
2007-09-05 00:00:00-04:00,11.591608411829888,11.759557510204843,11.23082931208617,11.299253463745117,153225,0.0,0.0
2007-09-06 00:00:00-04:00,11.305477645527812,11.569841844896777,11.196621484672052,11.280596733093262,140625,0.0,0.0
2007-09-07 00:00:00-04:00,11.131300770362738,11.336572503980788,10.926029036744689,10.988232612609863,107325,0.0,0.0
2007-09-10 00:00:00-04:00,11.034889726598415,11.159296255282683,10.580804195106179,10.779854774475098,150975,0.0,0.0
2007-09-11 00:00:00-04:00,10.851385680024785,11.069097194497566,10.851385680024785,10.988232612609863,103500,0.0,0.0
2007-09-12 00:00:00-04:00,10.969574815275251,11.069099758872177,10.792294549620538,10.866938591003418,77625,0.0,0.0
2007-09-13 00:00:00-04:00,10.941586527981748,11.314806177641165,10.739425300466982,11.134416580200195,96975,0.0,0.0
2007-09-14 00:00:00-04:00,10.97890356730458,11.243268966674805,10.954022000180858,11.243268966674805,56025,0.0,0.0
2007-09-17 00:00:00-04:00,11.233937247827923,11.274369208485435,11.00689521125839,11.19350528717041,225450,0.0,0.0
2007-09-18 00:00:00-04:00,11.25260133168169,11.799991927164236,11.062881258428442,11.647592544555664,148050,0.0,0.0
2007-09-19 00:00:00-04:00,11.663138783389652,11.793764468481596,11.576052323847941,11.660027503967285,150300,0.0,0.0
2007-09-20 00:00:00-04:00,10.90115178696305,11.01000724692881,10.18270214738866,10.726982116699219,396225,0.0,0.0
2007-09-21 00:00:00-04:00,10.829620632719427,11.190399834259084,10.503052181921221,11.031781196594238,339975,0.0,0.0
2007-09-24 00:00:00-04:00,11.00689801395195,11.131304540447587,10.652338112067024,10.842058181762695,85275,0.0,0.0
2007-09-25 00:00:00-04:00,10.751860498117273,10.913590345408608,10.649225622117394,10.801624298095703,221400,0.0,0.0
2007-09-26 00:00:00-04:00,10.89493205043022,11.013118692830473,10.621237405649651,10.901152610778809,195300,0.0,0.0
2007-09-27 00:00:00-04:00,10.929143975975729,10.929143975975729,10.552813093958747,10.60568618774414,234000,0.0,0.0
2007-09-28 00:00:00-04:00,10.577695117997523,10.671000189020601,10.447068018565211,10.509271621704102,191025,0.0,0.0
2007-10-01 00:00:00-04:00,10.499941949905292,10.745645783676387,10.46884047757009,10.711434364318848,380250,0.0,0.0
2007-10-02 00:00:00-04:00,10.716097346855774,10.832729022182125,10.590135831568663,10.636788368225098,196800,0.0,1.5
2007-10-03 00:00:00-04:00,10.576137552444743,10.730091225297977,10.529485692794514,10.552811622619629,265950,0.0,0.0
2007-10-04 00:00:00-04:00,10.636783752352637,10.636783752352637,10.478165196553878,10.534148216247559,147900,0.0,0.0
2007-10-05 00:00:00-04:00,10.669442796671882,10.982014380045252,10.61345976675095,10.851387977600098,171150,0.0,0.0
2007-10-08 00:00:00-04:00,10.790740023229889,10.870048986796228,10.711431059663552,10.767414093017578,127500,0.0,0.0
2007-10-09 00:00:00-04:00,10.79074472599473,10.79074472599473,10.450180790983108,10.59013843536377,147600,0.0,0.0
2007-10-10 00:00:00-04:00,10.590132940981722,10.730090512749474,10.440844864429453,10.53881549835205,151350,0.0,0.0
2007-10-11 00:00:00-04:00,10.59479947548573,10.730091473287139,10.422184787834855,10.562142372131348,137400,0.0,0.0
2007-10-12 00:00:00-04:00,10.557476574715526,10.725425661899399,10.426848839535499,10.674107551574707,121650,0.0,0.0
2007-10-15 00:00:00-04:00,10.68343895307878,10.730090810927424,10.53881579121467,10.622790336608887,112350,0.0,0.0
2007-10-16 00:00:00-04:00,10.58080198720201,10.720759553030677,10.268229756499494,10.314882278442383,272400,0.0,0.0
2007-10-17 00:00:00-04:00,10.478612137504575,10.670408314101364,10.40376497964951,10.661051750183105,229050,0.04,0.0
2007-10-18 00:00:00-04:00,10.595556338404407,10.69847113365935,10.389726747894521,10.628301620483398,169500,0.0,0.0
2007-10-19 00:00:00-04:00,10.618954420577317,10.740581765513816,9.945329085699052,10.052922248840332,226950,0.0,0.0
2007-10-22 00:00:00-04:00,9.917259737941773,10.689121539959347,9.86112435849273,10.64702033996582,180450,0.0,0.0
2007-10-23 00:00:00-04:00,10.960443209816223,10.960443209816223,10.534749581067738,10.64702033996582,196050,0.0,0.0
2007-10-24 00:00:00-04:00,10.548785919632174,10.857531258567892,9.889194699665902,10.31956672668457,276000,0.0,0.0
2007-10-25 00:00:00-04:00,10.338272728154019,10.502001884686528,10.071630071120921,10.286815643310547,218700,0.0,0.0
2007-10-26 00:00:00-04:00,10.464575177264495,10.745251944561714,10.272779720871162,10.642337799072266,208650,0.0,0.0
2007-10-29 00:00:00-04:00,10.675084926684697,10.848169297600785,10.492644661913316,10.525390625,252600,0.0,0.0
2007-10-30 00:00:00-04:00,10.525388811438658,10.787353794249395,10.525388811438658,10.642337799072266,180600,0.0,0.0
2007-10-31 00:00:00-04:00,10.726543808052748,10.759289105404452,10.581527103417875,10.65637493133545,147900,0.0,0.0
2007-11-01 00:00:00-04:00,10.483288600915884,10.665728862778499,10.394407276114533,10.436509132385254,205650,0.0,0.0
2007-11-02 00:00:00-04:00,10.586204269652566,10.656373808160424,10.361662817125518,10.525390625,115800,0.0,0.0
2007-11-05 00:00:00-05:00,10.296171349562739,10.450543939644282,9.978070944313973,10.342950820922852,199950,0.0,0.0
2007-11-06 00:00:00-05:00,10.35698572828367,10.385053413081739,10.104375895914648,10.30552864074707,148350,0.0,0.0
2007-11-07 00:00:00-05:00,10.141797626289964,10.380373238162523,9.856443217470455,9.870476722717285,124950,0.0,0.0
2007-11-08 00:00:00-05:00,9.978070540018319,10.399085765200459,9.978070540018319,10.277459144592285,156600,0.0,0.0
2007-11-09 00:00:00-05:00,10.104373946104532,10.356983729728217,9.903221909274196,10.001459121704102,117900,0.0,0.0
2007-11-12 00:00:00-05:00,10.00613784790039,10.221323399399298,9.823697589210346,10.00613784790039,260700,0.0,0.0
2007-11-13 00:00:00-05:00,10.31488133336353,10.408440259714217,10.02952627340082,10.356983184814453,189750,0.0,0.0
2007-11-14 00:00:00-05:00,10.380373481427304,10.50200076541029,10.095019065920493,10.179222106933594,558600,0.0,0.0
2007-11-15 00:00:00-05:00,10.151159882646684,10.305532542069477,10.062278512545484,10.254074096679688,79650,0.0,0.0
2007-11-16 00:00:00-05:00,10.277460484393185,10.319562346993083,9.865801099438814,10.165189743041992,191400,0.0,0.0
2007-11-19 00:00:00-05:00,10.052918464703692,10.052918464703692,9.70674969484208,9.950003623962402,103200,0.0,0.0
2007-11-20 00:00:00-05:00,9.940648545903064,10.296172570394921,9.870478995949618,10.080986976623535,179700,0.0,0.0
2007-11-21 00:00:00-05:00,10.038885474041834,10.272782851400775,9.706750194412532,9.903223991394043,156600,0.0,0.0
2007-11-23 00:00:00-05:00,9.959361926325426,10.272785496467217,9.92661661965702,9.98742961883545,87300,0.0,0.0
2007-11-26 00:00:00-05:00,9.992104877321305,10.141799192058564,9.327835686488342,9.379293441772461,156000,0.0,0.0
2007-11-27 00:00:00-05:00,9.393327618372265,9.823698773241887,9.323158073745988,9.379293441772461,110400,0.0,0.0
2007-11-28 00:00:00-05:00,9.500922082825763,9.93129332875896,9.486888572442938,9.926615715026855,221400,0.0,0.0
2007-11-29 00:00:00-05:00,9.907903867847125,9.912582150740302,9.524311438066965,9.716108322143555,116100,0.0,0.0
2007-11-30 00:00:00-05:00,9.823696493135515,9.917255418131024,9.748849353139107,9.85644245147705,315300,0.0,0.0
2007-12-03 00:00:00-05:00,9.898550939240122,10.080991312233488,9.6973987674365,9.865805625915527,164400,0.0,0.0
2007-12-04 00:00:00-05:00,9.711433276320763,9.762890390178637,9.538348796936868,9.547704696655273,112800,0.0,0.0
2007-12-05 00:00:00-05:00,9.711427314614594,9.711427314614594,9.318479098480049,9.398004531860352,174750,0.0,0.0
2007-12-06 00:00:00-05:00,9.388649903078283,9.53834422685007,9.355903935159999,9.491564750671387,344700,0.0,0.0
2007-12-07 00:00:00-05:00,9.538342402083595,9.669324910325834,9.36993632005786,9.463495254516602,133500,0.0,0.0
2007-12-10 00:00:00-05:00,9.47753057449474,9.575767132953677,9.332513873967473,9.407361030578613,173250,0.0,0.0
2007-12-11 00:00:00-05:00,9.472851782934006,9.543021323074715,8.934886869956667,8.986345291137695,244050,0.0,0.0
2007-12-12 00:00:00-05:00,9.318476760743794,9.355900327255133,9.05651179516441,9.187494277954102,120150,0.0,0.0
2007-12-13 00:00:00-05:00,9.084581192325084,9.24830966144532,9.028445831915795,9.140716552734375,195300,0.0,0.0
2007-12-14 00:00:00-05:00,9.028451162109683,9.309128799048159,9.01441764831543,9.01441764831543,114600,0.0,0.0
2007-12-17 00:00:00-05:00,9.005057662046793,9.145396092652765,8.860041618347168,8.860041618347168,194550,0.0,0.0
2007-12-18 00:00:00-05:00,8.991024216535191,9.051837876009735,8.897465924365816,8.93488883972168,356250,0.0,0.0
2007-12-19 00:00:00-05:00,8.93488883972168,9.02377018760298,8.920855330111541,8.93488883972168,194850,0.0,0.0
2007-12-20 00:00:00-05:00,9.047166944671922,9.061200464647062,8.934895438935937,9.019099235534668,222900,0.0,0.0
2007-12-21 00:00:00-05:00,9.16878572865439,9.355903627210132,9.04248148172246,9.313801765441895,551100,0.0,0.0
2007-12-24 00:00:00-05:00,9.271697638070581,9.482205541906486,8.95359731121477,9.341866493225098,99150,0.0,0.0
2007-12-26 00:00:00-05:00,9.257662962305043,9.44010318032492,9.164104716913334,9.34654426574707,152700,0.0,0.0
2007-12-27 00:00:00-05:00,9.337192546503529,9.44010672196326,8.925532498732629,8.972311973571777,138300,0.0,0.0
2007-12-28 00:00:00-05:00,9.06587028503418,9.332513607439461,9.033124320358818,9.06587028503418,124650,0.0,0.0
2007-12-31 00:00:00-05:00,9.005057896392342,9.299768942927587,8.925533118239303,9.117328643798828,182850,0.0,0.0
2008-01-02 00:00:00-05:00,9.079904431108622,9.27637889461944,8.869397128925652,8.972311973571777,247200,0.0,0.0
2008-01-03 00:00:00-05:00,8.953600059882092,9.13604034382633,8.705668512068245,8.780515670776367,278250,0.0,0.0
2008-01-04 00:00:00-05:00,8.663561717519299,9.098610880775059,8.588713938025771,8.649527549743652,293550,0.0,0.0
2008-01-07 00:00:00-05:00,8.710347759282346,8.920855767241331,8.584042820669653,8.80390739440918,222450,0.0,0.0
2008-01-08 00:00:00-05:00,8.827297367581812,8.939568133912493,8.359501838684082,8.359501838684082,253050,0.0,0.0
2008-01-09 00:00:00-05:00,8.336113192351911,8.668247907702789,8.298689600153876,8.532587051391602,244350,0.0,0.0
2008-01-10 00:00:00-05:00,8.420313106461709,8.69163471699311,8.410957211932569,8.499837875366211,223950,0.0,0.0
2008-01-11 00:00:00-05:00,8.40159938777801,8.574683731407367,8.200448036193848,8.200448036193848,171600,0.0,0.0
2008-01-14 00:00:00-05:00,8.233193888497254,8.32207521401172,7.9525170750615315,8.07414436340332,313800,0.0,0.0
2008-01-15 00:00:00-05:00,7.929126911679327,7.999295773688306,7.751364946954002,7.830889701843262,265050,0.0,0.0
2008-01-16 00:00:00-05:00,7.887226864096298,8.18299793026433,7.859058223108551,7.967037677764893,491100,0.04,0.0
2008-01-17 00:00:00-05:00,7.962346251048824,8.04215708816639,7.629016227369111,7.633711338043213,381900,0.0,0.0
2008-01-18 00:00:00-05:00,7.6337113053723815,8.10318946268816,7.572678896431709,7.755775451660156,370500,0.0,0.0
2008-01-22 00:00:00-05:00,7.431833045052036,8.234639599963085,7.431833045052036,7.985816955566406,255000,0.0,0.0
2008-01-23 00:00:00-05:00,7.8872314338467575,8.366099279681096,7.7041348255461255,7.999906063079834,344550,0.0,0.0
2008-01-24 00:00:00-05:00,8.629005741452032,8.891913850592159,8.262812567561518,8.455299377441406,539700,0.0,0.0
2008-01-25 00:00:00-05:00,8.619611840983017,8.633696496684697,7.934174938939459,8.098491668701172,210450,0.0,0.0
2008-01-28 00:00:00-05:00,8.0656317440259,8.24872832540092,7.68066015075894,8.126664161682129,171150,0.0,0.0
2008-01-29 00:00:00-05:00,8.159525730751229,8.483465490795629,8.004597844227344,8.464686393737793,195150,0.0,0.0
2008-01-30 00:00:00-05:00,8.384876265841903,8.694732089531488,8.21116925387008,8.25811767578125,191700,0.0,0.0
2008-01-31 00:00:00-05:00,8.107883282235369,8.736983736627918,8.032766890259365,8.685340881347656,183150,0.0,0.0
2008-02-01 00:00:00-05:00,8.718200550085198,8.844959737895582,8.445903085277202,8.633694648742676,127500,0.0,0.0
2008-02-04 00:00:00-05:00,8.600832824480547,8.915382974294221,8.48815826423565,8.516326904296875,105900,0.0,0.0
2008-02-05 00:00:00-05:00,8.337931513099377,8.394268833734333,7.981127810817493,8.093802452087402,133650,0.0,0.0
2008-02-06 00:00:00-05:00,8.178302321428742,8.29567198750529,7.938868551861119,7.985816955566406,113100,0.0,0.0
2008-02-07 00:00:00-05:00,7.957650528381703,8.28628541611324,7.9388707587231515,8.1407470703125,180000,0.0,0.0
2008-02-08 00:00:00-05:00,8.103194329223898,8.121972768336985,7.5539050052454195,7.826201438903809,166350,0.0,0.0
2008-02-11 00:00:00-05:00,7.844973710029273,7.971732250139886,7.699435405598326,7.8355841636657715,79950,0.0,0.0
2008-02-12 00:00:00-05:00,7.877841394513733,8.154832814848005,7.544511324660378,8.126664161682129,187500,0.0,0.0
2008-02-13 00:00:00-05:00,8.220559797201492,8.49755189334018,8.220559797201492,8.469383239746094,178950,0.0,0.0
2008-02-14 00:00:00-05:00,8.50693848736974,8.50693848736974,8.187693857612071,8.286284446716309,173700,0.0,0.0
2008-02-15 00:00:00-05:00,8.206470863172807,8.276892796300531,7.938868457518114,8.145439147949219,134100,0.0,0.0
2008-02-19 00:00:00-05:00,8.272199891742499,8.272199891742499,8.05154517675554,8.225252151489258,266250,0.0,0.0
2008-02-20 00:00:00-05:00,8.168915327616311,8.337927202136886,7.948260600084373,8.201778411865234,232650,0.0,0.0
2008-02-21 00:00:00-05:00,8.281591345124939,8.40365549786646,7.840281813619679,7.849671363830566,127050,0.0,0.0
2008-02-22 00:00:00-05:00,7.863754310777265,7.952954682539698,7.413055327305932,7.600846290588379,296100,0.0,0.0
2008-02-25 00:00:00-05:00,7.6290136669410025,8.126660308511182,7.6290136669410025,8.098491668701172,171450,0.0,0.0
2008-02-26 00:00:00-05:00,8.00929344137634,8.244032860151838,7.924787492390851,8.07032585144043,124950,0.0,0.0
2008-02-27 00:00:00-05:00,7.976431250322032,8.323844635252948,7.962347259702743,8.215865135192871,237600,0.0,0.0
2008-02-28 00:00:00-05:00,8.13135753631723,8.225253026816016,7.97642964119747,8.121967315673828,244050,0.0,0.0
2008-02-29 00:00:00-05:00,8.009294360809845,8.070326777880199,7.722913392169362,7.8637566566467285,477900,0.0,0.0
2008-03-03 00:00:00-05:00,7.877841040394011,8.28159171762241,7.769860200721543,7.887229919433594,198300,0.0,0.0
2008-03-04 00:00:00-05:00,7.788638144693251,7.882532957383898,7.572677859246283,7.647794246673584,335250,0.0,0.0
2008-03-05 00:00:00-05:00,7.69004962799448,7.924788402123424,7.600848558028651,7.8637566566467285,347850,0.0,0.0
2008-03-06 00:00:00-05:00,7.807416790110433,7.882532501600922,7.497561038295785,7.675962448120117,262650,0.0,0.0
2008-03-07 00:00:00-05:00,7.57737558495933,7.821503928370905,7.539817378280627,7.572680473327637,247650,0.0,0.0
2008-03-10 00:00:00-04:00,7.61493453074742,7.859063590978784,7.248741947791127,7.2816057205200195,76950,0.0,0.0
2008-03-11 00:00:00-04:00,7.5351201206189256,7.718216661827892,7.319160493722476,7.666574478149414,178650,0.0,0.0
2008-03-12 00:00:00-04:00,7.685356821938476,7.783947472441737,7.417754203367222,7.497565746307373,88050,0.0,0.0
2008-03-13 00:00:00-04:00,7.394275409960089,7.600845446634438,7.103199449191688,7.563287258148193,239400,0.0,0.0
2008-03-14 00:00:00-04:00,7.643101966023629,7.699439272499009,7.1125919942502955,7.215877056121826,265650,0.0,0.0
2008-03-17 00:00:00-04:00,7.0374742331454225,7.633711676380916,6.901326091465787,7.295687198638916,119700,0.0,0.0
2008-03-18 00:00:00-04:00,7.488172452469488,7.694743204083358,7.103200939704302,7.577373504638672,215850,0.0,0.0
2008-03-19 00:00:00-04:00,7.629014162230612,7.830889763105154,7.337938198629997,7.3754963874816895,119400,0.0,0.0
2008-03-20 00:00:00-04:00,7.469390469136752,8.042153414095015,7.27690445130762,7.87783670425415,552000,0.0,0.0
2008-03-24 00:00:00-04:00,7.915399166362514,8.262812565907925,7.722913699708521,8.206475257873535,204750,0.0,0.0
2008-03-25 00:00:00-04:00,8.220556939584522,8.328537076622808,8.14544055611213,8.286284446716309,146100,0.0,0.0
2008-03-26 00:00:00-04:00,8.22995220478884,8.276899301648296,7.830895165544901,7.9576544761657715,256350,0.0,0.0
2008-03-27 00:00:00-04:00,7.981121040782938,8.018679894273886,7.751077512456282,7.8590569496154785,103200,0.0,0.0
2008-03-28 00:00:00-04:00,7.821499145181672,7.901310621362561,7.577370951065178,7.6806559562683105,230100,0.0,0.0
2008-03-31 00:00:00-04:00,7.708827075451754,8.023377301072413,7.610237147273856,7.934176921844482,109650,0.0,0.0
2008-04-01 00:00:00-04:00,7.403664778143704,7.976427810309316,7.403664778143704,7.929480075836182,170550,0.0,0.0
2008-04-02 00:00:00-04:00,7.915396782282932,8.084408655480539,7.675962959456247,7.873144149780273,112950,0.0,0.0
2008-04-03 00:00:00-04:00,7.769861328912889,7.9670419208412895,7.652492264752373,7.727608680725098,94350,0.0,0.0
2008-04-04 00:00:00-04:00,7.7651622788435635,8.1219650428944,7.7651622788435635,7.985816955566406,85800,0.0,0.0
2008-04-07 00:00:00-04:00,8.037465131452448,8.183003545556334,7.981127810817493,8.093802452087402,106650,0.0,0.0
2008-04-08 00:00:00-04:00,7.995208724511762,8.182999705162056,7.849670378711023,8.1407470703125,49050,0.0,0.0
2008-04-09 00:00:00-04:00,8.168912470791938,8.192385998247243,8.013984637532548,8.103185653686523,441750,0.0,0.0
2008-04-10 00:00:00-04:00,8.12666085987651,8.394263292024155,8.089102670914974,8.276893615722656,208650,0.0,0.0
2008-04-11 00:00:00-04:00,7.8825371639094035,8.267509526508766,7.8825371639094035,8.093802452087402,298800,0.0,0.0
2008-04-14 00:00:00-04:00,8.075017286463517,8.075017286463517,7.938867867682331,7.962342739105225,139050,0.0,0.0
2008-04-15 00:00:00-04:00,7.999903092900737,7.999903092900737,7.86375496892297,7.934176921844482,428700,0.0,0.0
2008-04-16 00:00:00-04:00,8.028072627873218,8.112579249365163,7.938871567183715,7.9811248779296875,190200,0.0,0.0
2008-04-17 00:00:00-04:00,7.943565799200933,7.981123995000802,7.896618054451097,7.934176921844482,235500,0.0,0.0
2008-04-18 00:00:00-04:00,8.009561538696289,8.099080421790735,7.990716202977242,8.009561538696289,162150,0.04,0.0
2008-04-21 00:00:00-04:00,7.929466334441074,8.089657416937975,7.929466334441074,8.009561538696289,154500,0.0,0.0
2008-04-22 00:00:00-04:00,7.957736807583919,7.957736807583919,7.656199923040051,7.854083061218262,87000,0.0,0.0
2008-04-23 00:00:00-04:00,7.901196479797364,7.929465491349971,7.7834085946683,7.901196479797363,99750,0.0,0.0
2008-04-24 00:00:00-04:00,7.920043983753257,7.962447846086303,7.821102087633836,7.934178829193115,84600,0.0,0.0
2008-04-25 00:00:00-04:00,7.962444856132826,7.962444856132826,7.783407142386015,7.887060165405273,47250,0.0,0.0
2008-04-28 00:00:00-04:00,7.868216715957155,7.9294665864398475,7.816390524613178,7.839947700500488,89400,0.0,0.0
2008-04-29 00:00:00-04:00,7.839945930229079,7.915329954425034,7.731581058454223,7.773984909057617,50250,0.0,0.0
2008-04-30 00:00:00-04:00,7.806965756636519,7.891772783856968,7.722158729416069,7.773984909057617,167700,0.0,0.0
2008-05-01 00:00:00-04:00,7.7127327280351174,8.301671250558359,7.382927721570458,8.174460411071777,182400,0.0,0.0
2008-05-02 00:00:00-04:00,8.287539578968916,8.433595788751374,8.202731877822533,8.235712051391602,238800,0.0,0.0
2008-05-05 00:00:00-04:00,8.226290349882985,8.475999611909522,8.226290349882985,8.325231552124023,94650,0.0,0.0
2008-05-06 00:00:00-04:00,8.245135484465916,8.41474953376802,8.212154637886234,8.358211517333984,231150,0.0,0.0
2008-05-07 00:00:00-04:00,8.400615957997744,8.51840316353356,8.207443377270636,8.273405075073242,90900,0.0,0.0
2008-05-08 00:00:00-04:00,8.25927205872843,8.315810087026644,8.183887347011014,8.245137214660645,145500,0.0,0.0
2008-05-09 00:00:00-04:00,8.179176701534413,8.33465663904239,8.056677622341015,8.254561424255371,150000,0.0,0.0
2008-05-12 00:00:00-04:00,8.278117008006422,8.518403954057854,8.1980218086469,8.480711936950684,80550,0.0,0.0
2008-05-13 00:00:00-04:00,8.50897935086362,8.50897935086362,8.358211310765672,8.391191482543945,70950,0.0,0.0
2008-05-14 00:00:00-04:00,8.400614396014578,8.57022842571885,8.009558816550367,8.221576690673828,186750,0.0,0.0
2008-05-15 00:00:00-04:00,8.193309981290573,8.36292405851661,8.13677195554856,8.34878921508789,125400,0.0,0.0
2008-05-16 00:00:00-04:00,8.40532891034248,8.598500858166833,8.259272663536612,8.513693809509277,147900,0.0,0.0
2008-05-19 00:00:00-04:00,8.494849549202149,8.523118571246638,8.183889632726117,8.410041809082031,101700,0.0,0.0
2008-05-20 00:00:00-04:00,8.362923567070398,8.400616256003165,8.18859833493661,8.325231552124023,64350,0.0,0.0
2008-05-21 00:00:00-04:00,8.344077994205673,8.51369205659841,8.27811629595546,8.311097145080566,113850,0.0,0.0
2008-05-22 00:00:00-04:00,8.320522017801073,8.711577792160183,8.231003794502728,8.443021774291992,85800,0.0,0.0
2008-05-23 00:00:00-04:00,8.37705421061158,8.37705421061158,8.10378723922734,8.13205623626709,63600,0.0,0.0
2008-05-27 00:00:00-04:00,8.155615383620068,8.457152099488336,8.155615383620068,8.45244026184082,58050,0.0,0.0
2008-05-28 00:00:00-04:00,8.523114587226486,8.574940766422579,8.179173968809172,8.334653854370117,186900,0.0,0.0
2008-05-29 00:00:00-04:00,8.334655445011721,8.862344384541853,8.113214496584988,8.59850025177002,249150,0.0,0.0
2008-05-30 00:00:00-04:00,8.645614306192074,8.777537042058485,8.381770182432135,8.730422019958496,224250,0.0,0.0
2008-06-02 00:00:00-04:00,8.720999005201197,8.829363218909505,8.494846899389314,8.551384925842285,232200,0.0,0.0
2008-06-03 00:00:00-04:00,8.603208723135236,8.645611894202188,8.306383829721566,8.438305854797363,141900,0.0,0.0
2008-06-04 00:00:00-04:00,8.410037999150507,8.603209899270071,8.31580864234349,8.541960716247559,105150,0.0,0.0
2008-06-05 00:00:00-04:00,8.532537240737728,8.834074020385742,8.499557066174166,8.834074020385742,114750,0.0,0.0
2008-06-06 00:00:00-04:00,8.796382529052229,8.881189563801025,8.702151816456057,8.716286659240723,153600,0.0,0.0
2008-06-09 00:00:00-04:00,8.720998175986738,8.786959200576797,8.603210295082732,8.673882484436035,145800,0.0,0.0
2008-06-10 00:00:00-04:00,8.692728994993702,8.744555176305022,8.494845925103785,8.560806274414062,237750,0.0,0.0
2008-06-11 00:00:00-04:00,8.504266955996176,8.513690631871802,8.037828025479353,8.04725170135498,222450,0.0,0.0
2008-06-12 00:00:00-04:00,8.122635042483662,8.254557742921065,8.00955901981125,8.04725170135498,105750,0.0,0.0
2008-06-13 00:00:00-04:00,8.146193370380868,8.18388538018787,7.8729262992801,7.938886642456055,203850,0.0,0.0
2008-06-16 00:00:00-04:00,7.924749851226807,7.953018849219839,7.670328869289518,7.924749851226807,350550,0.0,0.0
2008-06-17 00:00:00-04:00,7.9294629850278096,7.9294629850278096,7.5902342796325675,7.590234279632568,85050,0.0,0.0
2008-06-18 00:00:00-04:00,7.566678072002995,7.580812912093555,7.364083190613457,7.448890209197998,136800,0.0,0.0
2008-06-19 00:00:00-04:00,7.444177865241783,7.5713887214660645,7.354659688701851,7.5713887214660645,155850,0.0,0.0
2008-06-20 00:00:00-04:00,7.510143015936224,7.618507245346933,7.208606157173404,7.3311052322387695,361200,0.0,0.0
2008-06-23 00:00:00-04:00,7.345240570765983,7.411201615611843,7.232163819900784,7.326394557952881,123600,0.0,0.0
2008-06-24 00:00:00-04:00,7.26514184579553,7.514851755171578,7.0813936295258095,7.189757823944092,217800,0.0,0.0
2008-06-25 00:00:00-04:00,7.203893469817183,7.528987467777882,7.1897592998118265,7.382931232452393,124200,0.0,0.0
2008-06-26 00:00:00-04:00,7.27927993798485,7.298125951864786,7.067261944842258,7.076684951782227,136950,0.0,0.0
2008-06-27 00:00:00-04:00,7.067256867746998,7.415907874056023,7.053122030498159,7.175621032714844,556050,0.0,0.0
2008-06-30 00:00:00-04:00,7.185044957372515,7.364081966854271,7.185044957372515,7.302832126617432,282450,0.0,0.0
2008-07-01 00:00:00-04:00,7.19917896518398,7.420619114390443,7.170909292959664,7.236870288848877,170700,0.0,0.0
2008-07-02 00:00:00-04:00,7.218026832138381,7.382929716931562,7.100239634988669,7.189757823944092,422250,0.0,0.0
2008-07-03 00:00:00-04:00,7.2038935629105865,7.335816303921969,7.0719721698721365,7.100241184234619,141600,0.0,0.0
2008-07-07 00:00:00-04:00,7.1190858436055375,7.274565744823918,7.067259659190346,7.128509521484375,166800,0.0,0.0
2008-07-08 00:00:00-04:00,7.1285107300244945,7.331105011065699,6.9965879791783285,7.312259674072266,144000,0.0,0.0
2008-07-09 00:00:00-04:00,7.331100282976326,7.335812119675739,7.189755291785153,7.236870288848877,121650,0.0,0.0
2008-07-10 00:00:00-04:00,7.213315024211702,7.59494693777951,7.180334180601007,7.3782172203063965,115500,0.0,0.0
2008-07-11 00:00:00-04:00,7.354571041608616,7.411326518940058,7.1701154019921,7.283627033233643,132300,0.04,0.0
2008-07-14 00:00:00-04:00,7.359304433376184,7.501193205887478,7.302548924371665,7.335656642913818,95250,0.0,0.0
2008-07-15 00:00:00-04:00,7.264705559101824,7.4397018969696544,7.122816910794843,7.18430233001709,111300,0.0,0.0
2008-07-16 00:00:00-04:00,7.236326917319795,7.851178325728028,7.236326917319795,7.638345718383789,140850,0.0,0.0
2008-07-17 00:00:00-04:00,7.699829929305599,7.737666894843408,7.449159694328457,7.6241559982299805,356100,0.0,0.0
2008-07-18 00:00:00-04:00,7.581592563859462,7.581592563859462,7.387677028647608,7.430243968963623,139200,0.0,0.0
2008-07-21 00:00:00-04:00,7.1511985784664835,7.48700223600203,7.1511985784664835,7.359302043914795,218100,0.0,0.0
2008-07-22 00:00:00-04:00,7.236331775239379,7.60051317609594,7.236331775239379,7.553216934204102,141450,0.0,0.0
2008-07-23 00:00:00-04:00,7.633615759080533,7.993067632728665,7.420782475157936,7.638345718383789,129150,0.0,0.0
2008-07-24 00:00:00-04:00,8.134961247687407,9.071427458853936,8.134961247687407,8.295767784118652,322200,0.0,0.0
2008-07-25 00:00:00-04:00,8.380899068335822,9.099803089183572,8.276848043011862,8.820755004882812,129750,0.0,0.0
2008-07-28 00:00:00-04:00,8.78764612431841,8.938994022338617,8.295764102595792,8.361979484558105,182400,0.0,0.0
2008-07-29 00:00:00-04:00,8.432925934155033,8.967373650398477,8.073473923731157,8.820755004882812,169500,0.0,0.0
2008-07-30 00:00:00-04:00,8.877515665890904,8.920081957797391,8.546441875477623,8.645764350891113,117300,0.0,0.0
2008-07-31 00:00:00-04:00,8.536977181385447,8.943725430519693,8.442384722651585,8.612651824951172,164700,0.0,0.0
2008-08-01 00:00:00-04:00,8.551166550277042,8.957914807107162,8.53697734290918,8.938996315002441,204450,0.0,0.0
2008-08-04 00:00:00-04:00,8.934265780072252,9.076154461747842,8.707243212812703,8.891698837280273,169650,0.0,0.0
2008-08-05 00:00:00-04:00,8.986292876233602,9.293718722547256,8.972103668343143,9.246421813964844,180000,0.0,0.0
2008-08-06 00:00:00-04:00,9.236959849956444,9.435603951378976,8.96264112855643,9.047774314880371,118050,0.0,0.0
2008-08-07 00:00:00-04:00,8.953179670863943,8.976827434037139,8.759265577162017,8.858587265014648,192450,0.0,0.0
2008-08-08 00:00:00-04:00,8.886969397578698,9.355203053795325,8.768728493292246,9.307906150817871,212850,0.0,0.0
2008-08-11 00:00:00-04:00,9.326824951655219,9.59641378938651,9.151828569868483,9.350473403930664,237450,0.0,0.0
2008-08-12 00:00:00-04:00,9.326826671422605,9.653171042895053,9.147100971988445,9.634252548217773,327900,0.0,0.0
2008-08-13 00:00:00-04:00,9.634248323279271,9.884918606115338,9.487629715538121,9.828163146972656,156600,0.0,0.0
2008-08-14 00:00:00-04:00,9.752490487417427,10.1261303044192,9.430875499955471,10.097752571105957,110100,0.0,0.0
2008-08-15 00:00:00-04:00,10.187615260825993,10.367340896838817,9.955863444520205,10.249100685119629,134400,0.0,0.0
2008-08-18 00:00:00-04:00,10.211264474426219,10.34369390036093,9.932216417203087,10.093024253845215,195750,0.0,0.0
2008-08-19 00:00:00-04:00,9.870736175133628,9.922762386664337,9.501825437604717,9.610607147216797,151350,0.0,0.0
2008-08-20 00:00:00-04:00,9.700465234877791,10.040998067289692,9.539658064016617,9.918027877807617,158850,0.0,0.0
2008-08-21 00:00:00-04:00,9.86600301832217,9.936947701382975,9.544387978779463,9.64844036102295,110100,0.0,0.0
2008-08-22 00:00:00-04:00,9.686276586906144,9.998432377855549,9.686276586906144,9.965325355529785,85800,0.0,0.0
2008-08-25 00:00:00-04:00,9.93694670550821,10.036268439945006,9.459253817053009,9.653168678283691,101550,0.0,0.0
2008-08-26 00:00:00-04:00,9.610601029137847,9.67681573474737,9.411956912309282,9.667356491088867,79650,0.0,0.0
2008-08-27 00:00:00-04:00,9.818706603130227,10.088295446462258,9.818706603130227,9.894380569458008,181800,0.0,0.0
2008-08-28 00:00:00-04:00,9.932216955609853,10.135591066180535,9.714653638916294,9.974783897399902,141750,0.0,0.0
2008-08-29 00:00:00-04:00,9.903838241939358,10.026808417687132,9.695734867596968,9.804515838623047,93750,0.0,0.0
2008-09-02 00:00:00-04:00,9.927492028002472,10.111947741648436,9.657903064191972,9.776144027709961,115650,0.0,0.0
2008-09-03 00:00:00-04:00,9.719383599816782,10.102483369612877,9.719383599816782,9.974783897399902,136050,0.0,0.0
2008-09-04 00:00:00-04:00,9.91329764285914,10.111941776051845,9.74303056640115,10.097752571105957,144900,0.0,0.0
2008-09-05 00:00:00-04:00,10.055188407288906,10.28694028265453,9.95586598168116,10.239644050598145,92550,0.0,0.0
2008-09-08 00:00:00-04:00,10.305856275483393,10.565985826980645,10.291667747597666,10.499771118164062,104850,0.0,0.0
2008-09-09 00:00:00-04:00,10.542337194057566,10.835573756546351,10.37680076319992,10.395718574523926,176400,0.0,0.0
2008-09-10 00:00:00-04:00,10.575446093758652,10.755171749354824,10.33896429139564,10.532879829406738,151950,0.0,0.0
2008-09-11 00:00:00-04:00,10.38153022841663,10.580174354866372,10.291667747597666,10.499771118164062,136650,0.0,0.0
2008-09-12 00:00:00-04:00,10.438283773148985,10.651117064915436,10.372069076511616,10.509227752685547,91200,0.0,0.0
2008-09-15 00:00:00-04:00,10.447746775474764,10.72679416965351,9.988972369939097,10.291668891906738,124200,0.0,0.0
2008-09-16 00:00:00-04:00,10.078837838877979,10.561260129208758,9.799789027819966,10.277482032775879,369900,0.0,0.0
2008-09-17 00:00:00-04:00,10.14977759604333,10.5849027615409,9.780866453064808,10.452472686767578,272250,0.0,0.0
2008-09-18 00:00:00-04:00,10.73152605121674,12.391625566837424,10.187618341818764,11.294351577758789,516600,0.0,0.0
2008-09-19 00:00:00-04:00,12.188248455781483,12.188248455781483,10.915979047583544,11.185567855834961,477150,0.0,0.0
2008-09-22 00:00:00-04:00,11.119355966958096,11.119355966958096,10.627474418444553,10.717337608337402,161100,0.0,0.0
2008-09-23 00:00:00-04:00,10.750447317895148,11.01057770492039,10.409914321617077,10.783555030822754,139500,0.0,0.0
2008-09-24 00:00:00-04:00,10.821388563622317,11.072058943866178,10.52342194904742,10.69368839263916,110550,0.0,0.0
2008-09-25 00:00:00-04:00,10.750439025384537,10.99165004997593,10.636928114183506,10.788276672363281,106650,0.0,0.0
2008-09-26 00:00:00-04:00,10.589632812335779,11.327454428064605,10.580172892947743,11.261239051818848,78900,0.0,0.0
2008-09-29 00:00:00-04:00,11.067331083067286,11.090978864986878,10.428830822556408,10.636934280395508,96900,0.0,0.0
2008-09-30 00:00:00-04:00,10.722066144800849,10.94908874641337,10.537611169000225,10.906521797180176,108600,0.0,0.0
2008-10-01 00:00:00-04:00,10.90179292228324,11.32272976241332,10.36734443878592,10.424099922180176,177000,0.0,0.0
2008-10-02 00:00:00-04:00,10.329506291434972,10.357884028090893,9.851814052770969,9.884921073913574,156750,0.0,0.0
2008-10-03 00:00:00-04:00,9.970055883073407,10.0835668479042,9.463985826580094,9.582226753234863,131250,0.0,0.0
2008-10-06 00:00:00-04:00,9.435610031606927,9.463987778667958,9.057240070793199,9.407232284545898,184350,0.0,0.0
2008-10-07 00:00:00-04:00,9.459254765053682,9.86600301832217,9.043047942394303,9.64844036102295,290400,0.0,0.0
2008-10-08 00:00:00-04:00,9.463986570013203,9.927489712815591,9.189667706877916,9.397771835327148,247950,0.0,0.0
2008-10-09 00:00:00-04:00,9.525468955559285,9.695735361420528,9.113991469772005,9.288987159729004,167250,0.0,0.0
2008-10-10 00:00:00-04:00,8.986292801550569,9.946407318115234,8.754540928368938,9.946407318115234,257100,0.0,0.0
2008-10-13 00:00:00-04:00,10.36734798369194,10.36734798369194,9.454529975358579,9.75722599029541,236250,0.0,0.0
2008-10-14 00:00:00-04:00,9.795055514011697,10.16869525809158,9.383578122986927,9.733570098876953,198300,0.0,0.0
2008-10-15 00:00:00-04:00,9.610247363247389,9.62447738605682,8.45284322297358,8.509764671325684,236400,0.04,0.0
2008-10-16 00:00:00-04:00,8.585656123207581,9.230766263284574,8.244127584755761,9.216535568237305,235950,0.0,0.0
2008-10-17 00:00:00-04:00,9.017309065978624,9.776261924147725,8.846544825565852,9.09794807434082,166950,0.0,0.0
2008-10-20 00:00:00-04:00,9.131154233206582,9.78100822139033,8.984107549997479,9.738317489624023,133650,0.0,0.0
2008-10-21 00:00:00-04:00,9.610245606058113,10.298046653830024,9.610245606058113,9.814213752746582,232200,0.0,0.0
2008-10-22 00:00:00-04:00,9.781008159241976,10.169971248511844,9.558065561479554,9.942285537719727,208350,0.0,0.0
2008-10-23 00:00:00-04:00,9.966003201862852,10.122537468305522,9.358839945445412,9.738317489624023,215850,0.0,0.0
2008-10-24 00:00:00-04:00,9.07897526375657,9.709854671402201,8.761162985916766,9.354095458984375,169800,0.0,0.0
2008-10-27 00:00:00-04:00,9.202307281977928,9.809469920830976,9.022056075015044,9.529605865478516,282150,0.0,0.0
2008-10-28 00:00:00-04:00,9.719344323308578,9.961260764735568,9.48217167414341,9.92331314086914,440850,0.0,0.0
2008-10-29 00:00:00-04:00,10.013437055546989,10.10356298933306,9.866390372207807,10.018180847167969,258600,0.0,0.0
2008-10-30 00:00:00-04:00,10.108310113314474,10.127283250382334,9.752550731066549,9.961262702941895,303750,0.0,0.0
2008-10-31 00:00:00-04:00,9.866392180443547,10.293303648066969,9.818957648325064,10.212664604187012,396900,0.0,0.0
2008-11-03 00:00:00-05:00,10.20317919143963,10.435608772124851,9.928058186319504,9.961262702941895,267600,0.0,0.0
2008-11-04 00:00:00-05:00,9.961262702941895,9.966006496126738,9.724090007629002,9.961262702941895,245400,0.0,0.0
2008-11-05 00:00:00-05:00,9.866391203334718,9.961260258176416,9.614987868725715,9.657678604125977,367050,0.0,0.0
2008-11-06 00:00:00-05:00,9.619728729807536,10.127277679292115,9.610241827213834,9.776262283325195,214650,0.0,0.0
2008-11-07 00:00:00-05:00,9.866391398010185,9.96126045472376,9.67665328458303,9.861647605895996,176550,0.0,0.0
2008-11-10 00:00:00-05:00,10.037155795346138,10.0656165126303,9.81895696283423,9.951773643493652,137100,0.0,0.0
2008-11-11 00:00:00-05:00,9.923313484764563,10.169973048444398,9.724088452561618,9.752549171447754,157650,0.0,0.0
2008-11-12 00:00:00-05:00,9.629215567886844,9.856901923211716,9.259226343138797,9.278200149536133,106800,0.0,0.0
2008-11-13 00:00:00-05:00,9.316147919660944,9.652933328179673,8.656807796940237,9.624472618103027,205950,0.0,0.0
2008-11-14 00:00:00-05:00,9.477422493878448,9.719338797773762,9.074228880238477,9.145380973815918,249900,0.0,0.0
2008-11-17 00:00:00-05:00,9.08371896774393,9.263970128409523,8.78013738701346,8.841802597045898,156600,0.0,0.0
2008-11-18 00:00:00-05:00,8.865522076494075,9.126412328934292,8.357972269791894,8.780139923095703,201150,0.0,0.0
2008-11-19 00:00:00-05:00,8.746933360844135,8.84180307647435,8.002211080540006,8.006954193115234,157650,0.0,0.0
2008-11-20 00:00:00-05:00,7.969006628093665,8.376943490058693,7.5942735900333975,7.826703071594238,180750,0.0,0.0
2008-11-21 00:00:00-05:00,7.95952180628939,8.386432551059643,7.238515635785628,8.296306610107422,347700,0.0,0.0
2008-11-24 00:00:00-05:00,8.357969908323868,8.908210975538172,8.09233593869101,8.708985328674316,515850,0.0,0.0
2008-11-25 00:00:00-05:00,9.031542217777774,9.031542217777774,8.471814790854951,8.912956237792969,317550,0.0,0.0
2008-11-26 00:00:00-05:00,8.742189667324157,9.207047918092277,8.742189667324157,9.188074111938477,326850,0.0,0.0
2008-11-28 00:00:00-05:00,9.064746931687074,9.71934410739844,9.064746931687074,9.681396484375,94800,0.0,0.0
2008-12-01 00:00:00-05:00,9.491659353260498,9.83793178852605,9.373072679739826,9.448967933654785,358950,0.0,0.0
2008-12-02 00:00:00-05:00,9.614987469955881,10.018181275589633,9.050516277780023,9.984976768493652,594300,0.0,0.0
2008-12-03 00:00:00-05:00,9.776265553024036,10.483040371915903,9.700370306891058,10.222150802612305,687600,0.0,0.0
2008-12-04 00:00:00-05:00,10.127279046252879,10.307530898420037,9.714598388445658,9.899593353271484,412200,0.0,0.0
2008-12-05 00:00:00-05:00,9.781006885041409,10.269582748413086,9.567551219702823,10.269582748413086,285300,0.0,0.0
2008-12-08 00:00:00-05:00,10.47355262690026,10.82456808939683,9.989719824361572,10.188944816589355,354600,0.0,0.0
2008-12-09 00:00:00-05:00,10.113052427868231,10.582654666714703,9.59127186090232,9.856905937194824,402150,0.0,0.0
2008-12-10 00:00:00-05:00,9.961260561314129,10.554192511397153,9.866391503585408,10.516244888305664,188100,0.0,0.0
2008-12-11 00:00:00-05:00,10.402399688060228,10.478295595793467,10.013435959974483,10.317017555236816,238800,0.0,0.0
2008-12-12 00:00:00-05:00,10.113045174023679,11.11391416899873,9.918563379471692,11.042762756347656,351750,0.0,0.0
2008-12-15 00:00:00-05:00,11.061743215257387,11.075973234930425,10.535219594771204,10.781878471374512,208350,0.0,0.0
2008-12-16 00:00:00-05:00,10.95738519967684,11.317888259887695,10.905207562663305,11.317888259887695,221100,0.0,0.0
2008-12-17 00:00:00-05:00,11.232505943098658,11.422244035770746,11.023793362602419,11.384296417236328,352050,0.0,0.0
2008-12-18 00:00:00-05:00,11.185067092294238,11.232501597109282,10.383422943084975,10.615852355957031,342300,0.0,0.0
2008-12-19 00:00:00-05:00,10.82931070718102,11.047509484543829,10.720210979221191,10.876745223999023,248550,0.0,0.0
2008-12-22 00:00:00-05:00,10.990591081221075,11.009564893156485,10.018182201695689,10.781878471374512,311700,0.0,0.0
2008-12-23 00:00:00-05:00,10.772391781822856,10.909951573174684,10.50201463406404,10.777134895324707,113250,0.0,0.0
2008-12-24 00:00:00-05:00,10.786622357105317,10.791366149408796,10.563680404210915,10.601627349853516,100950,0.0,0.0
2008-12-26 00:00:00-05:00,10.720209672199688,11.066481942031574,10.691748965578853,10.947896003723145,67200,0.0,0.0
2008-12-29 00:00:00-05:00,10.94789472460117,11.24673244848295,10.70597840731052,10.90994644165039,236400,0.0,0.0
2008-12-30 00:00:00-05:00,11.023793773830313,11.33211920375954,11.000076850640045,11.327375411987305,170100,0.0,0.0
2008-12-31 00:00:00-05:00,11.289427148376275,12.195426862305954,11.289427148376275,12.09581470489502,393900,0.0,0.0
2009-01-02 00:00:00-05:00,12.138503368547552,12.17645097987185,11.47916328250945,11.545572280883789,530250,0.0,0.0
2009-01-05 00:00:00-05:00,11.626212070543376,11.630955183274047,11.033280230124854,11.379551887512207,325200,0.0,0.0
2009-01-06 00:00:00-05:00,11.41749912862815,11.621466528364532,11.270451790635294,11.474420547485352,288300,0.0,0.0
2009-01-07 00:00:00-05:00,11.526599019578232,11.526599019578232,11.118661500019895,11.189813613891602,202500,0.0,0.0
2009-01-08 00:00:00-05:00,11.189812898724746,11.445958592332852,10.743927794547542,11.426984786987305,232350,0.0,0.0
2009-01-09 00:00:00-05:00,11.393782195986264,11.512369517085924,10.90995007866798,10.952641487121582,139650,0.0,0.0
2009-01-12 00:00:00-05:00,10.905206368738769,10.981101598672529,10.61585546533787,10.62534236907959,116250,0.0,0.0
2009-01-13 00:00:00-05:00,10.549446010598347,10.91943589550192,10.549446010598347,10.89571762084961,100650,0.0,0.0
2009-01-14 00:00:00-05:00,10.729701047961845,10.905209151243653,10.302789592099511,10.45932388305664,131250,0.0,0.0
2009-01-15 00:00:00-05:00,10.483103383587515,11.519999463385998,10.245283649969766,11.48194694519043,238050,0.04,0.0
2009-01-16 00:00:00-05:00,11.57707548611887,11.65317643537077,11.153755365750106,11.410600662231445,149400,0.0,0.0
2009-01-20 00:00:00-05:00,11.767330280449825,11.862458160106327,10.654332727652218,10.701896667480469,225150,0.0,0.0
2009-01-21 00:00:00-05:00,11.015817934110373,11.486701927551167,10.525909046418064,11.415355682373047,193950,0.0,0.0
2009-01-22 00:00:00-05:00,11.415352374042941,11.743543101604974,10.858854136322595,11.16801929473877,126300,0.0,0.0
2009-01-23 00:00:00-05:00,10.944474169542264,11.244127359925669,10.93971743489081,11.182293891906738,219450,0.0,0.0
2009-01-26 00:00:00-05:00,11.267910262343515,11.486705111994898,11.168025627484909,11.429628372192383,229350,0.0,0.0
2009-01-27 00:00:00-05:00,11.49621663105056,11.662690787127824,11.320230365903209,11.472434997558594,158550,0.0,0.0
2009-01-28 00:00:00-05:00,11.600858222899339,11.919537016872612,11.429628008933863,11.886241912841797,248250,0.0,0.0
2009-01-29 00:00:00-05:00,11.724524180763634,11.724524180763634,11.36779489720212,11.429628372192383,238950,0.0,0.0
2009-01-30 00:00:00-05:00,11.558049850113065,11.748305624321652,11.063384156762421,11.543780326843262,156450,0.0,0.0
2009-02-02 00:00:00-05:00,11.486701164207062,11.948072339657752,11.267906389751799,11.83867359161377,188400,0.0,0.0
2009-02-03 00:00:00-05:00,11.890995106804922,11.986121608864297,11.462919043456278,11.54853343963623,278100,0.0,0.0
2009-02-04 00:00:00-05:00,11.548536380994317,11.924291875260435,11.420113393199362,11.543780326843262,413250,0.0,0.0
2009-02-05 00:00:00-05:00,11.505727819520914,11.914778366394431,11.443895040375631,11.82916259765625,387900,0.0,0.0
2009-02-06 00:00:00-05:00,11.876728484751577,12.195405882521012,11.567561834365621,12.062228202819824,241350,0.0,0.0
2009-02-09 00:00:00-05:00,12.081249649955762,12.162109355205093,11.672200513964478,11.867212295532227,191550,0.0,0.0
2009-02-10 00:00:00-05:00,11.8386768036404,12.13357395168768,11.65317707250206,11.995638847351074,313650,0.0,0.0
2009-02-11 00:00:00-05:00,11.99087758638777,12.062223815202948,11.715006136683273,11.88148021697998,314850,0.0,0.0
2009-02-12 00:00:00-05:00,11.753064958402781,12.223948471182744,11.657937044751124,12.152602195739746,216750,0.0,0.0
2009-02-13 00:00:00-05:00,12.143083674300984,12.176378766706433,11.81964893863049,11.914776802062988,158250,0.0,0.0
2009-02-17 00:00:00-05:00,11.715010242794483,11.805382073581296,11.543780050111549,11.60085678100586,156000,0.0,0.0
2009-02-18 00:00:00-05:00,11.667445714048029,11.772087068606286,11.467677834715527,11.700740814208984,195750,0.0,0.0
2009-02-19 00:00:00-05:00,11.824407431647982,12.290534739064032,11.705497918023617,11.800625801086426,477600,0.0,0.0
2009-02-20 00:00:00-05:00,11.662686672010832,12.100274833619405,11.662686672010832,11.8244047164917,300150,0.0,0.0
2009-02-23 00:00:00-05:00,11.867216101118935,11.867216101118935,11.38681989225244,11.472434997558594,153900,0.0,0.0
2009-02-24 00:00:00-05:00,11.558050241602123,11.657934186240695,11.120461265692239,11.33449935913086,205050,0.0,0.0
2009-02-25 00:00:00-05:00,11.244130116428414,11.500976159956284,10.725681973963603,10.854104995727539,324750,0.0,0.0
2009-02-26 00:00:00-05:00,10.882639465130618,11.234613294650106,10.749460435737177,10.915934562683105,253500,0.0,0.0
2009-02-27 00:00:00-05:00,10.8208119750485,11.443900902106092,10.701901729034148,11.191811561584473,121650,0.0,0.0
2009-03-02 00:00:00-05:00,11.082413864267005,11.239375286324766,10.725683792577575,11.087170600891113,256350,0.0,0.0
2009-03-03 00:00:00-05:00,11.177535589616,11.610367057063273,11.120458867727907,11.301201820373535,424650,0.0,0.0
2009-03-04 00:00:00-05:00,11.377306400683572,11.415357556249292,10.982525321485062,11.020576477050781,276750,0.0,0.0
2009-03-05 00:00:00-05:00,10.806539743869502,10.944475540321314,10.259553973717901,10.416515350341797,273000,0.0,0.0
2009-03-06 00:00:00-05:00,10.492613887437127,11.225098459931434,10.30235747391355,11.201316833496094,346500,0.0,0.0
2009-03-09 00:00:00-04:00,11.063385928321035,11.348769635331857,10.868372707917665,11.153757095336914,256950,0.0,0.0
2009-03-10 00:00:00-04:00,11.234618649587365,11.553296853042836,11.082413291609944,11.286938667297363,426750,0.0,0.0
2009-03-11 00:00:00-04:00,11.115705637994692,11.63415371251891,11.110948902800473,11.60561466217041,358500,0.0,0.0
2009-03-12 00:00:00-04:00,11.615127380400505,12.209676375447053,11.405845333983882,12.166869163513184,427500,0.0,0.0
2009-03-13 00:00:00-04:00,12.223943622937323,12.242969198121754,11.69122751777324,11.82916259765625,231450,0.0,0.0
2009-03-16 00:00:00-04:00,11.981369509721263,11.981369509721263,11.386819830345623,11.443897247314453,297450,0.0,0.0
2009-03-17 00:00:00-04:00,11.529513873703744,12.0479620170893,11.339258048832988,11.986127853393555,574350,0.0,0.0
2009-03-18 00:00:00-04:00,11.971858463184448,12.219191010230105,11.748307551612042,12.11454963684082,694350,0.0,0.0
2009-03-19 00:00:00-04:00,12.22394213685218,12.281018855466563,11.876725772152101,12.014660835266113,412650,0.0,0.0
2009-03-20 00:00:00-04:00,12.128820231317428,12.961191154403476,11.895755828526543,12.571166038513184,697650,0.0,0.0
2009-03-23 00:00:00-04:00,13.07058361285168,13.07058361285168,12.65202091992439,12.79471206665039,557850,0.0,0.0
2009-03-24 00:00:00-04:00,12.842277184934154,12.913623441458231,12.361881688584242,12.652021408081055,499500,0.0,0.0
2009-03-25 00:00:00-04:00,12.80898339509859,12.918380818192833,12.609214128543156,12.91362476348877,931950,0.0,0.0
2009-03-26 00:00:00-04:00,13.003995230589723,13.2893788948801,12.866058772236885,13.270353317260742,885000,0.0,0.0
2009-03-27 00:00:00-04:00,12.965943137191248,12.965943137191248,12.29053579009578,12.371394157409668,423900,0.0,0.0
2009-03-30 00:00:00-04:00,12.666287312569219,12.770928651591149,12.166866327571464,12.713851928710938,489600,0.0,0.0
2009-03-31 00:00:00-04:00,12.813738289393555,13.279865628599325,12.561649722288909,12.999238014221191,469200,0.0,0.0
2009-04-01 00:00:00-04:00,12.965945293793933,13.332188756434306,12.718614096358397,13.251330375671387,453000,0.0,0.0
2009-04-02 00:00:00-04:00,13.479641374164325,13.983820112201208,13.460615787084016,13.660385131835938,615450,0.0,0.0
2009-04-03 00:00:00-04:00,13.66989008469507,13.831608170578628,13.303648065440573,13.550980567932129,320700,0.0,0.0
2009-04-06 00:00:00-04:00,13.512935242282138,13.612819225013636,13.122910062790895,13.156205177307129,185700,0.0,0.0
2009-04-07 00:00:00-04:00,13.080095107880185,13.13717319687537,12.533110816780571,12.732878684997559,414150,0.0,0.0
2009-04-08 00:00:00-04:00,12.780444627795578,13.008751564130367,12.204919871839117,12.994482040405273,313500,0.0,0.0
2009-04-09 00:00:00-04:00,13.22279178327024,13.565252260459472,12.851792252573423,13.432074546813965,299700,0.0,0.0
2009-04-13 00:00:00-04:00,13.227547545740645,13.579520089552124,12.78995785210994,13.160957336425781,184950,0.0,0.0
2009-04-14 00:00:00-04:00,13.080098516515136,13.194253363437383,12.770933165184033,12.842279434204102,206250,0.0,0.0
2009-04-15 00:00:00-04:00,12.842278377828448,13.141931594410451,12.747150480565653,12.961189270019531,172650,0.0,0.0
2009-04-16 00:00:00-04:00,13.027779175110268,13.051560811152036,12.694830827257945,12.770933151245117,320400,0.0,0.0
2009-04-17 00:00:00-04:00,12.813739716001221,13.080097836397384,12.723367870662603,12.785202026367188,209250,0.0,0.0
2009-04-20 00:00:00-04:00,12.594941773580004,12.594941773580004,11.981366013963196,12.105032920837402,335100,0.0,0.0
2009-04-21 00:00:00-04:00,11.96234252976208,12.399930792139147,11.624638204462588,12.271509170532227,309900,0.0,0.0
2009-04-22 00:00:00-04:00,12.395465164015137,12.6672126840722,12.319186809529612,12.39069938659668,474300,0.04,0.0
2009-04-23 00:00:00-04:00,12.438371784627511,12.49558156546182,11.918716616379738,12.123717308044434,236550,0.0,0.0
2009-04-24 00:00:00-04:00,12.290578008910485,12.43837026568158,12.085575978291413,12.276276588439941,212250,0.0,0.0
2009-04-27 00:00:00-04:00,12.085581461997176,12.233373785827485,11.35138834915473,11.527786254882812,508950,0.0,0.0
2009-04-28 00:00:00-04:00,11.427664807008407,11.57545708848077,11.117778821202872,11.327548027038574,313050,0.0,0.0
2009-04-29 00:00:00-04:00,11.70417855671843,12.552790961759,11.70417855671843,12.457441329956055,596250,0.0,0.0
2009-04-30 00:00:00-04:00,12.45744007849268,12.862676995936999,11.866271056714016,11.904412269592285,370650,0.0,0.0
2009-05-01 00:00:00-04:00,11.871044757691092,12.180930824583713,11.68034406576965,11.7327880859375,419700,0.0,0.0
2009-05-04 00:00:00-04:00,11.451501107744155,12.114182759448719,11.451501107744155,11.980691909790039,486600,0.0,0.0
2009-05-05 00:00:00-04:00,11.975927977449954,12.052206331305273,11.63266788316182,11.723250389099121,349800,0.0,0.0
2009-05-06 00:00:00-04:00,11.79953100787596,11.866275084091345,11.527784833304302,11.637435913085938,238650,0.0,0.0
2009-05-07 00:00:00-04:00,11.728018129865497,11.728018129865497,11.44196917333005,11.608831405639648,314550,0.0,0.0
2009-05-08 00:00:00-04:00,11.680341952095786,11.775692962796386,11.375223764612931,11.451502799987793,329850,0.0,0.0
2009-05-11 00:00:00-04:00,11.408597166181512,11.69941464647013,11.236967781547339,11.46580696105957,159600,0.0,0.0
2009-05-12 00:00:00-04:00,11.565917708164331,11.732781227551628,11.222659118537743,11.461033821105957,255150,0.0,0.0
2009-05-13 00:00:00-04:00,11.284641240617743,11.518248215673054,11.265571311306878,11.427665710449219,257100,0.0,0.0
2009-05-14 00:00:00-04:00,11.427664713152742,11.95685554634376,11.413362608414978,11.851971626281738,340050,0.0,0.0
2009-05-15 00:00:00-04:00,11.847204786729685,12.795934052279662,11.847204786729685,12.700584411621094,647100,0.0,0.0
2009-05-18 00:00:00-04:00,12.929422980256007,12.94849290754857,12.705350993571209,12.83884048461914,522750,0.0,0.0
2009-05-19 00:00:00-04:00,12.843605775394593,12.857908559800975,12.586162476022691,12.762558937072754,343050,0.0,0.0
2009-05-20 00:00:00-04:00,12.872210000775478,13.086746288526355,12.767324744726679,12.91034984588623,301800,0.0,0.0
2009-05-21 00:00:00-04:00,12.981867513835361,13.03431016253232,12.657678702600794,12.977100372314453,187200,0.0,0.0
2009-05-22 00:00:00-04:00,13.096284552719318,13.220239756130285,12.876979717449423,12.905585289001465,135000,0.0,0.0
2009-05-26 00:00:00-04:00,12.843606519469166,13.358495876019482,12.762559676452002,13.105819702148438,265650,0.0,0.0
2009-05-27 00:00:00-04:00,13.043842544011378,13.09628518506312,12.795933489208075,12.83884048461914,505500,0.0,0.0
2009-05-28 00:00:00-04:00,12.962798396075508,12.962798396075508,11.766158504044913,12.36209487915039,1176450,0.0,0.0
2009-05-29 00:00:00-04:00,12.6576787997977,13.053378828851395,12.524187924275298,12.738725662231445,438450,0.0,0.0
2009-06-01 00:00:00-04:00,12.867443659297093,12.972327557863354,12.404996985652447,12.638603210449219,545700,0.0,0.0
2009-06-02 00:00:00-04:00,12.667215856961953,13.205942526620198,12.481283655610781,13.134429931640625,519450,0.0,0.0
2009-06-03 00:00:00-04:00,13.10582451012364,13.10582451012364,12.753028710181725,12.943729400634766,265350,0.0,0.0
2009-06-04 00:00:00-04:00,13.034308359294338,13.105820928170475,12.776863656935769,12.948493003845215,266400,0.0,0.0
2009-06-05 00:00:00-04:00,12.924596643179028,12.934156930734314,12.70472507205699,12.781203269958496,351900,0.046667,0.0
2009-06-08 00:00:00-04:00,12.704724441628514,12.78120263573505,12.527872122010564,12.656927108764648,324750,0.0,0.0
2009-06-09 00:00:00-04:00,12.680824479450502,12.719062888839746,12.398815868326473,12.43227481842041,452100,0.0,0.0
2009-06-10 00:00:00-04:00,12.484852570859578,12.532649897299075,11.868257213693983,12.078568458557129,462900,0.0,0.0
2009-06-11 00:00:00-04:00,11.96385223414212,12.39403497370945,11.96385223414212,12.169384002685547,499650,0.0,0.0
2009-06-12 00:00:00-04:00,12.006875729881,12.059452529741266,11.801342520824413,11.88737964630127,487350,0.0,0.0
2009-06-15 00:00:00-04:00,11.834801478927286,12.059452529741266,11.352041102953311,11.88737964630127,519900,0.0,0.0
2009-06-16 00:00:00-04:00,11.925613750112229,11.949513778689285,11.471532352333252,11.710521697998047,602550,0.0,0.0
2009-06-17 00:00:00-04:00,11.68184357822409,12.006871385750422,11.657944917160254,11.710521697998047,330150,0.0,0.0
2009-06-18 00:00:00-04:00,11.677065939920901,11.982973225269998,11.643606988707484,11.935175895690918,666900,0.0,0.0
2009-06-19 00:00:00-04:00,11.949512092154524,12.059446464537496,10.960091800603553,11.127385139465332,4814100,0.0,0.0
2009-06-22 00:00:00-04:00,11.418958610456977,11.715306343552452,11.26122479773742,11.495434761047363,1114050,0.0,0.0
2009-06-23 00:00:00-04:00,11.428512192157413,11.677062471432304,10.850156060707553,11.127385139465332,1041300,0.0,0.0
2009-06-24 00:00:00-04:00,11.232542782456335,11.75354140978834,11.232542782456335,11.471532821655273,634500,0.0,0.0
2009-06-25 00:00:00-04:00,11.471530451795292,12.040326969461569,11.471530451795292,11.825236320495605,424500,0.0,0.0
2009-06-26 00:00:00-04:00,11.8109014529216,12.04511139771897,11.581470968014733,11.863479614257812,1335750,0.0,0.0
2009-06-29 00:00:00-04:00,11.81090117335927,12.288881338934853,11.720084600021528,12.092909812927246,277350,0.0,0.0
2009-06-30 00:00:00-04:00,12.159826315685237,12.422717115351015,11.868258757441684,12.288881301879883,606750,0.0,0.0
2009-07-01 00:00:00-04:00,12.408371730904221,12.719058354555166,12.255416780361573,12.351014137268066,412650,0.0,0.0
2009-07-02 00:00:00-04:00,12.303218841067942,12.365357276890805,11.614927528217308,11.777440071105957,410550,0.0,0.0
2009-07-06 00:00:00-04:00,11.624484469855606,11.94473140979856,11.361595813322552,11.562347412109375,448650,0.0,0.0
2009-07-07 00:00:00-04:00,11.64838280259132,11.662721174786213,11.47152920372583,11.528886795043945,455850,0.0,0.0
2009-07-08 00:00:00-04:00,11.60058719992029,11.830017625985779,11.476311702044878,11.806118965148926,653400,0.0,0.0
2009-07-09 00:00:00-04:00,11.90171575493045,12.021210434448385,11.68662369078221,11.834797859191895,502350,0.0,0.0
2009-07-10 00:00:00-04:00,11.748764074902136,12.221964779942713,11.710524294203786,11.877819061279297,456900,0.0,0.0
2009-07-13 00:00:00-04:00,11.877818826112579,12.322340028706785,11.69140622364893,12.212404251098633,299850,0.0,0.0
2009-07-14 00:00:00-04:00,12.245860772286123,12.738180576415656,11.978191938440798,12.676043510437012,461700,0.0,0.0
2009-07-15 00:00:00-04:00,12.776417681489555,13.354774521417582,12.69516142135969,13.263957977294922,1165500,0.0,0.0
2009-07-16 00:00:00-04:00,13.206603670831239,13.58420831625112,13.001071872594837,13.502950668334961,406800,0.0,0.0
2009-07-17 00:00:00-04:00,13.502956685551663,13.59855412187847,13.154031376263559,13.40736198425293,312600,0.0,0.0
2009-07-20 00:00:00-04:00,13.603318284851124,13.761051279123707,13.168356319042255,13.622437477111816,432150,0.0,0.0
2009-07-21 00:00:00-04:00,13.646340590737806,13.737157125570024,13.216157940357208,13.326093673706055,693150,0.0,0.0
2009-07-22 00:00:00-04:00,13.326101477794875,13.388238567484668,13.091891500685369,13.168368339538574,341250,0.0,0.0
2009-07-23 00:00:00-04:00,13.34522054870345,13.507734513333066,12.819441603299454,13.216165542602539,933150,0.0,0.0
2009-07-24 00:00:00-04:00,13.010637956801423,13.670251515366557,12.785985485698864,13.40736198425293,695100,0.0,0.0
2009-07-27 00:00:00-04:00,13.278301207768527,13.412135646234669,12.790760783885144,13.039310455322266,609000,0.0,0.0
2009-07-28 00:00:00-04:00,13.11100681506307,13.11100681506307,12.475292255333969,12.714282989501953,526800,0.0,0.0
2009-07-29 00:00:00-04:00,12.59956572656735,12.962830544412624,12.317557170835501,12.456171035766602,424500,0.0,0.0
2009-07-30 00:00:00-04:00,12.647367342761122,13.096669401263263,12.508753430728719,12.719064712524414,420900,0.0,0.0
2009-07-31 00:00:00-04:00,12.666482456499978,12.905471762651526,12.666482456499978,12.709500312805176,250800,0.0,0.0
2009-08-03 00:00:00-04:00,12.800319728285032,12.905476042473891,12.384476666061412,12.843338966369629,487050,0.0,0.0
2009-08-04 00:00:00-04:00,12.738181293270053,12.958052817201683,12.451393240867906,12.685603141784668,436800,0.0,0.0
2009-08-05 00:00:00-04:00,12.728623590320097,12.757303085135844,12.308002395635665,12.374918937683105,308700,0.0,0.0
2009-08-06 00:00:00-04:00,12.379693221262293,12.594785239902098,12.198060143412636,12.437050819396973,264150,0.0,0.0
2009-08-07 00:00:00-04:00,12.546987644217209,12.828996201345078,12.312776405917454,12.475290298461914,506550,0.0,0.0
2009-08-10 00:00:00-04:00,12.379694938659668,12.575667785107964,12.250639983074985,12.379694938659668,244200,0.0,0.0
2009-08-11 00:00:00-04:00,12.308005442849758,12.494416735249462,12.126372244084198,12.322343826293945,341100,0.0,0.0
2009-08-12 00:00:00-04:00,12.293662616554984,12.5947904737766,12.126369210597021,12.245863914489746,184050,0.0,0.0
2009-08-13 00:00:00-04:00,12.308003354945127,12.437056989133929,11.739205181883976,12.135929107666016,310950,0.0,0.0
2009-08-14 00:00:00-04:00,12.159827816526194,12.159827816526194,11.471536295219591,11.81090259552002,277050,0.0,0.0
2009-08-17 00:00:00-04:00,11.662723574081557,12.035548678104584,11.624485172002945,11.96863079071045,392850,0.0,0.0
2009-08-18 00:00:00-04:00,11.973414383219446,12.484853471073862,11.8778183559342,12.279321670532227,271050,0.0,0.0
2009-08-19 00:00:00-04:00,12.150267432360515,12.637807884986888,12.025991905558557,12.417936325073242,315150,0.0,0.0
2009-08-20 00:00:00-04:00,12.43227237647085,12.494409437645052,12.073787016982102,12.456171035766602,485700,0.0,0.0
2009-08-21 00:00:00-04:00,12.523092100010272,12.79076098106897,12.37013708617755,12.441834449768066,665550,0.0,0.0
2009-08-24 00:00:00-04:00,12.499196196397525,12.566114122526075,12.164610668296536,12.322343826293945,366750,0.0,0.0
2009-08-25 00:00:00-04:00,12.40837986401833,12.857680624907443,12.308004351241818,12.370140075683594,592050,0.0,0.0
2009-08-26 00:00:00-04:00,12.32234121020724,13.015413527549017,12.279323333979722,12.766863822937012,421650,0.0,0.0
2009-08-27 00:00:00-04:00,12.747741097030325,13.024970220965766,12.389255703196648,12.532649040222168,212850,0.0,0.0
2009-08-28 00:00:00-04:00,12.575666831855862,12.590005206657027,12.12636493443842,12.489629745483398,210150,0.0,0.0
2009-08-31 00:00:00-04:00,12.370141172802407,12.427498809120914,12.10725303197803,12.322343826293945,251250,0.0,0.0
2009-09-01 00:00:00-04:00,12.303219549913077,12.575669235915159,12.006872568007333,12.446614265441895,483450,0.0,0.0
2009-09-02 00:00:00-04:00,12.398817646093482,12.895918406942346,12.398817646093482,12.719064712524414,367050,0.0,0.0
2009-09-03 00:00:00-04:00,12.762075198701648,13.488606028153065,12.604342170553698,13.464707374572754,613800,0.0,0.0
2009-09-04 00:00:00-04:00,13.483834080266208,13.655906943397127,13.326099596761031,13.51251220703125,283350,0.0,0.0
2009-09-08 00:00:00-04:00,13.665464469455397,13.827978396261603,13.3404379833564,13.59854793548584,389700,0.0,0.0
2009-09-09 00:00:00-04:00,13.531465470919134,14.02020702334056,13.397299564148366,13.699170112609863,275250,0.046667,0.0
2009-09-10 00:00:00-04:00,13.646467944815322,14.331665954580725,13.55063473238395,14.149584770202637,530550,0.0,0.0
2009-09-11 00:00:00-04:00,14.12083158683985,14.346035317466027,13.809377168857782,13.895625114440918,389100,0.0,0.0
2009-09-14 00:00:00-04:00,13.780627826848582,14.278954653521739,13.713546239397454,14.21666431427002,444450,0.0,0.0
2009-09-15 00:00:00-04:00,14.144790467241227,14.786864352421068,13.953126825528813,14.542492866516113,600000,0.0,0.0
2009-09-16 00:00:00-04:00,14.542485332942094,15.050394405806555,14.317280327873348,15.026436805725098,523350,0.0,0.0
2009-09-17 00:00:00-04:00,14.964153570630817,14.973736067716542,14.595201385985712,14.753323554992676,549900,0.0,0.0
2009-09-18 00:00:00-04:00,14.82998175725785,15.553512026815282,14.609569352406398,15.213310241699219,2819100,0.0,0.0
2009-09-21 00:00:00-04:00,15.050400889560724,15.357062689548643,14.74853033747602,14.992901802062988,995100,0.0,0.0
2009-09-22 00:00:00-04:00,15.117483820551614,15.19894189659998,14.949777791011043,14.978528022766113,135150,0.0,0.0
2009-09-23 00:00:00-04:00,14.940200980469184,14.973741102433193,14.667080529281108,14.700620651245117,241200,0.0,0.0
2009-09-24 00:00:00-04:00,14.791661258603483,15.098323202642595,14.307710720888519,14.700620651245117,351300,0.0,0.0
2009-09-25 00:00:00-04:00,14.714991361886035,14.791656824915918,14.4610373583212,14.676658630371094,343350,0.0,0.0
2009-09-28 00:00:00-04:00,14.796447302672265,15.151025736153652,14.446661488545487,15.059985160827637,181500,0.0,0.0
2009-09-29 00:00:00-04:00,15.18456862208938,15.395398653942499,15.059986554187383,15.227692604064941,163500,0.0,0.0
2009-09-30 00:00:00-04:00,15.280401422312575,15.419357245747399,14.978530787595703,15.232484817504883,139500,0.0,0.0
2009-10-01 00:00:00-04:00,15.218104264685374,15.218104264685374,14.853944778442383,14.853944778442383,198150,0.0,0.0
2009-10-02 00:00:00-04:00,14.791655948940866,15.036027440598376,14.729365606639629,14.863530158996582,136950,0.0,0.0
2009-10-05 00:00:00-04:00,14.87311306213776,15.050402967902903,14.695824527259187,14.85873794555664,183300,0.0,0.0
2009-10-06 00:00:00-04:00,14.85394319481261,15.05518927738011,14.84915057693348,14.997690200805664,376050,0.0,0.0
2009-10-07 00:00:00-04:00,15.596645499931054,15.668518343090781,15.390606726078637,15.452897071838379,1036500,0.0,0.0
2009-10-08 00:00:00-04:00,15.539148279118084,15.543939528396589,15.294776744386295,15.352275848388672,873000,0.0,0.0
2009-10-09 00:00:00-04:00,15.38102701449347,15.476858868824811,15.222904797568503,15.337903022766113,455850,0.0,0.0
2009-10-12 00:00:00-04:00,15.409770745314743,15.740390160343125,15.38102051571937,15.634974479675293,476550,0.0,0.0
2009-10-13 00:00:00-04:00,15.697265864423077,15.764347447290458,15.43851928692484,15.481644630432129,3374850,0.0,0.0
2009-10-14 00:00:00-04:00,15.529558562100918,15.68768206673196,15.404976531563092,15.515183448791504,492900,0.0,0.0
2009-10-15 00:00:00-04:00,15.385815367477726,15.630186870957763,15.381022747925357,15.611019134521484,288300,0.0,0.0
2009-10-16 00:00:00-04:00,15.472060050962805,15.5726844769574,15.222897351574566,15.529559135437012,219900,0.0,0.0
2009-10-19 00:00:00-04:00,15.615809487793578,15.8697634517495,15.50081131118489,15.634974479675293,302400,0.0,0.0
2009-10-20 00:00:00-04:00,15.697266186836467,15.75955652311124,15.433728356053287,15.634974479675293,174450,0.0,0.0
2009-10-21 00:00:00-04:00,15.524769666259584,15.754766030504154,15.270815690127822,15.328314781188965,343800,0.0,0.0
2009-10-22 00:00:00-04:00,15.357061018431605,15.428935212704198,15.112689580436525,15.376227378845215,285000,0.0,0.0
2009-10-23 00:00:00-04:00,15.462476897171308,15.68768336867904,15.24685566318036,15.481644630432129,292200,0.0,0.0
2009-10-26 00:00:00-04:00,16.324968296670733,16.416008881426368,14.988112502668905,15.170193672180176,845400,0.0,0.0
2009-10-27 00:00:00-04:00,15.31394312333422,15.452898948717598,15.117486823020586,15.275609016418457,454650,0.0,0.0
2009-10-28 00:00:00-04:00,15.390604429735811,15.41935328853293,14.758113085562337,14.782072067260742,325050,0.0,0.0
2009-10-29 00:00:00-04:00,14.940194354823207,15.155815595880696,14.75332197282639,14.983318328857422,188700,0.0,0.0
2009-10-30 00:00:00-04:00,14.87790470362348,14.96894527480413,14.667074700876258,14.849154472351074,299250,0.0,0.0
2009-11-02 00:00:00-05:00,14.97852919037528,15.1606089791004,14.475411062534404,14.580826759338379,423900,0.0,0.0
2009-11-03 00:00:00-05:00,14.451449709611277,14.68144603853566,14.374784266636482,14.667072296142578,320850,0.0,0.0
2009-11-04 00:00:00-05:00,14.681446312755776,14.695821426303612,14.42749237087998,14.470616340637207,149550,0.0,0.0
2009-11-05 00:00:00-05:00,14.528115718161489,14.681446610080206,14.278953018793574,14.35082721710205,540150,0.0,0.0
2009-11-06 00:00:00-05:00,14.298124450928857,14.786867527689349,14.231041476481153,14.772492408752441,448950,0.0,0.0
2009-11-09 00:00:00-05:00,14.90664851034608,15.208518981933594,14.686234714937413,15.208518981933594,217950,0.0,0.0
2009-11-10 00:00:00-05:00,15.184565319155018,15.31872985569637,14.62394819187102,14.806029319763184,307200,0.0,0.0
2009-11-11 00:00:00-05:00,14.925818571461026,14.925818571461026,14.302911116328003,14.523324966430664,315450,0.0,0.0
2009-11-12 00:00:00-05:00,14.456240734664794,14.667072070488071,14.278952243234748,14.302909851074219,100800,0.0,0.0
2009-11-13 00:00:00-05:00,14.288537831246037,14.451452615772473,13.99145986541999,14.427495002746582,187650,0.0,0.0
2009-11-16 00:00:00-05:00,14.475404728752482,14.925814811112303,14.446655878222073,14.710193634033203,110550,0.0,0.0
2009-11-17 00:00:00-05:00,14.614363748011538,14.801236116391829,14.50415819694165,14.78686237335205,157500,0.0,0.0
2009-11-18 00:00:00-05:00,14.786864675233215,14.815613536674443,14.508951703239843,14.777280807495117,87600,0.0,0.0
2009-11-19 00:00:00-05:00,14.777276893842084,14.786860759041964,14.374783344056626,14.422699928283691,99300,0.0,0.0
2009-11-20 00:00:00-05:00,14.389160513843581,14.49457619168426,14.346035170607104,14.365202903747559,80850,0.0,0.0
2009-11-23 00:00:00-05:00,14.48499276748795,14.633532422215167,14.360410723588426,14.446660041809082,128400,0.0,0.0
2009-11-24 00:00:00-05:00,14.537706776159284,14.537706776159284,14.302917703593764,14.441873550415039,412350,0.0,0.0
2009-11-25 00:00:00-05:00,14.45144640938309,14.547278191216801,14.269365338456065,14.513736724853516,94800,0.0,0.0
2009-11-27 00:00:00-05:00,14.144787856257198,14.393950544490439,13.991456971190589,14.240619659423828,60750,0.0,0.0
2009-11-30 00:00:00-05:00,14.27895358816097,14.384367895115286,14.135206556698474,14.365202903747559,319950,0.0,0.0
2009-12-01 00:00:00-05:00,14.47540732781869,14.652697192985062,14.24061975126776,14.346034049987793,228000,0.0,0.0
2009-12-02 00:00:00-05:00,14.39874004719468,14.528113308514701,14.135203648584518,14.197492599487305,175950,0.0,0.0
2009-12-03 00:00:00-05:00,14.231042332090594,14.269375070969152,13.656051248912199,13.670426368713379,546450,0.0,0.0
2009-12-04 00:00:00-05:00,13.876458685544057,14.302909863169413,13.876458685544057,14.053747177124023,280050,0.0,0.0
2009-12-07 00:00:00-05:00,14.010624258277668,14.302910934541812,14.010624258277668,14.23582935333252,302100,0.0,0.0
2009-12-08 00:00:00-05:00,14.135205447322276,14.17832941628788,13.660836305155593,13.833334922790527,396450,0.0,0.0
2009-12-09 00:00:00-05:00,13.742296920116486,13.857295105984697,13.354177014646385,13.536256790161133,438450,0.0,0.0
2009-12-10 00:00:00-05:00,13.555422964431108,13.890834986700103,13.536255231440421,13.842918395996094,505500,0.0,0.0
2009-12-11 00:00:00-05:00,13.890837196149764,14.643116685679345,13.88604457669661,14.50416088104248,522300,0.0,0.0
2009-12-14 00:00:00-05:00,14.64824176571062,14.77311259914096,14.408107555823044,14.739493370056152,166500,0.046667,0.0
2009-12-15 00:00:00-05:00,14.777914639030863,15.19574969429398,14.523371997229725,15.037261009216309,326100,0.0,0.0
2009-12-16 00:00:00-05:00,15.171734152258331,15.416672046731346,15.027653926962653,15.138114929199219,310050,0.0,0.0
2009-12-17 00:00:00-05:00,15.147718195352702,15.459893103865769,15.075677409060853,15.383049964904785,305700,0.0,0.0
2009-12-18 00:00:00-05:00,15.719242630407928,16.11306448592634,15.387856868734136,16.103458404541016,964350,0.0,0.0
2009-12-21 00:00:00-05:00,16.146678284846754,16.521287851736183,16.117861424436434,16.482866287231445,445200,0.0,0.0
2009-12-22 00:00:00-05:00,16.492477686314853,16.737415582572122,16.39162001640282,16.439647674560547,276000,0.0,0.0
2009-12-23 00:00:00-05:00,16.45886125635009,16.58853444391325,16.353202588973435,16.444454193115234,384000,0.0,0.0
2009-12-24 00:00:00-05:00,16.463663610761706,16.58853444391325,16.353202588973435,16.444454193115234,142050,0.0,0.0
2009-12-28 00:00:00-05:00,16.434843472435777,16.54530583711659,16.257144042773483,16.47806739807129,304650,0.0,0.0
2009-12-29 00:00:00-05:00,16.516490124154203,16.516490124154203,16.3628038231045,16.430042266845703,143550,0.0,0.0
2009-12-30 00:00:00-05:00,16.401229937757147,16.492481547777214,16.074646457637584,16.17550277709961,201450,0.0,0.0
2009-12-31 00:00:00-05:00,16.20431374407483,16.228326882986774,16.02181059059096,16.060232162475586,136800,0.0,0.0
2010-01-04 00:00:00-05:00,16.237931257512844,16.516486937387665,15.887333420341227,16.194705963134766,131100,0.0,0.0
2010-01-05 00:00:00-05:00,16.137075073237202,16.324380576986147,15.968981729216955,16.132272720336914,108000,0.0,0.0
2010-01-06 00:00:00-05:00,16.108263092480698,16.266751765242123,16.0026030612637,16.165895462036133,208950,0.0,0.0
2010-01-07 00:00:00-05:00,16.113063292830507,16.27635429771415,15.973784054472233,15.992996215820312,165300,0.0,0.0
2010-01-08 00:00:00-05:00,15.906543605712427,16.041019088124372,15.781674201933136,16.036216735839844,97800,0.0,0.0
2010-01-11 00:00:00-05:00,16.045826386310466,16.089050318321576,15.762466903227798,15.968984603881836,88350,0.0,0.0
2010-01-12 00:00:00-05:00,15.872930477007623,15.964182075715952,15.656809426647158,15.834508895874023,73050,0.0,0.0
2010-01-13 00:00:00-05:00,15.829707608828079,15.892142338862866,15.623191252797694,15.647204399108887,210000,0.0,0.0
2010-01-14 00:00:00-05:00,15.57516366518825,16.021814195322527,15.512727566280448,15.906549453735352,192600,0.0,0.0
2010-01-15 00:00:00-05:00,15.96898342515198,16.189906796729172,15.829704183741745,15.997798919677734,228450,0.0,0.0
2010-01-19 00:00:00-05:00,16.002603360826026,16.4876768442127,15.877733911483782,16.396425247192383,203550,0.0,0.0
2010-01-20 00:00:00-05:00,16.285960507273263,16.30517129470948,15.733650024966002,15.844112396240234,151650,0.0,0.0
2010-01-21 00:00:00-05:00,15.829709785386116,15.896948253179694,15.493520194547045,15.555954933166504,119400,0.0,0.0
2010-01-22 00:00:00-05:00,15.546346511351327,15.89694445788081,15.392660192017006,15.431081771850586,102600,0.0,0.0
2010-01-25 00:00:00-05:00,15.488711252135708,15.632792836664827,15.27739260247314,15.368642807006836,127800,0.0,0.0
2010-01-26 00:00:00-05:00,15.27739462326955,15.27739462326955,14.998837497563946,15.018048286437988,243300,0.0,0.0
2010-01-27 00:00:00-05:00,14.960419988586347,15.714444687511824,14.960419988586347,15.57036304473877,189900,0.0,0.0
2010-01-28 00:00:00-05:00,15.666416643055534,16.766234139104643,15.603980538645585,16.617351531982422,609600,0.0,0.0
2010-01-29 00:00:00-05:00,16.679784797515197,16.85748426400023,16.333989198584156,16.434846878051758,276000,0.0,0.0
2010-02-01 00:00:00-05:00,16.49247974773602,16.57892761953562,16.454058166033054,16.554914474487305,156750,0.0,0.0
2010-02-02 00:00:00-05:00,16.55971347416903,16.650963674109228,16.329184049778256,16.410829544067383,247500,0.0,0.0
2010-02-03 00:00:00-05:00,16.37241384552188,16.526100183570733,16.247543008825062,16.261951446533203,98550,0.0,0.0
2010-02-04 00:00:00-05:00,16.23793119828782,16.23793119828782,15.848911794685888,15.94976806640625,162750,0.0,0.0
2010-02-05 00:00:00-05:00,15.94496212229101,16.309966933308228,15.743248250223509,16.252334594726562,145500,0.0,0.0
2010-02-08 00:00:00-05:00,16.194710891972022,16.502084902378055,16.10826302503288,16.372411727905273,224700,0.0,0.0
2010-02-09 00:00:00-05:00,16.521293507130295,16.521293507130295,16.271553252361063,16.42523956298828,147000,0.0,0.0
2010-02-10 00:00:00-05:00,16.329197901970115,16.396435020756677,16.156299312941993,16.24755096435547,88050,0.0,0.0
2010-02-11 00:00:00-05:00,16.175504153764674,16.38682426824431,16.012213086839665,16.3195858001709,210450,0.0,0.0
2010-02-12 00:00:00-05:00,16.25714790332139,16.59333605619027,16.252344175060408,16.554914474487305,96450,0.0,0.0
2010-02-16 00:00:00-05:00,16.61734402911802,16.61734402911802,16.209113853792815,16.4876708984375,135600,0.0,0.0
2010-02-17 00:00:00-05:00,16.57412805806007,16.59814258121895,16.44925720945276,16.559720993041992,88350,0.0,0.0
2010-02-18 00:00:00-05:00,16.598138962382134,16.78064077940024,16.410833417340967,16.713403701782227,218250,0.0,0.0
2010-02-19 00:00:00-05:00,16.732606281920166,16.953529570343495,16.6605655116255,16.881488800048828,156600,0.0,0.0
2010-02-22 00:00:00-05:00,16.867084917210637,17.0880082471801,16.862282564704785,16.910308837890625,130350,0.0,0.0
2010-02-23 00:00:00-05:00,16.847874133123565,16.96794119015183,16.674977076339943,16.910308837890625,115500,0.0,0.0
2010-02-24 00:00:00-05:00,16.895903954232402,17.22248872635485,16.895903954232402,17.208080291748047,168900,0.0,0.0
2010-02-25 00:00:00-05:00,17.006374158714383,17.26091687498732,16.934333326578685,17.155258178710938,95250,0.0,0.0
2010-02-26 00:00:00-05:00,17.150448304679927,17.150448304679927,16.66537486340329,16.742218017578125,173850,0.0,0.0
2010-03-01 00:00:00-05:00,16.766229951830066,16.929522329719294,16.703795237077074,16.751821517944336,161400,0.0,0.0
2010-03-02 00:00:00-05:00,16.718208125741786,16.881499173078105,16.4876786183981,16.847881317138672,146400,0.0,0.0
2010-03-03 00:00:00-05:00,16.919916826108363,16.929521532203804,16.64616209143103,16.68458366394043,118350,0.0,0.0
2010-03-04 00:00:00-05:00,16.79504499868868,16.886296571319672,16.626950285750276,16.68938636779785,98550,0.0,0.0
2010-03-05 00:00:00-05:00,16.799847351378244,16.915112061838933,16.62214793293395,16.809452056884766,122250,0.0,0.0
2010-03-08 00:00:00-05:00,16.891101404162736,16.891101404162736,16.718204313084883,16.82866668701172,156600,0.0,0.0
2010-03-09 00:00:00-05:00,16.838275960267264,16.838275960267264,16.18510899461987,16.290767669677734,585600,0.0,0.0
2010-03-10 00:00:00-05:00,16.261942397227195,16.37720708662233,15.805685991522243,16.34358787536621,418500,0.0,0.0
2010-03-11 00:00:00-05:00,16.223528182645218,16.30997605181694,15.925760246466838,16.170698165893555,328200,0.0,0.0
2010-03-12 00:00:00-05:00,16.17549479614466,16.261944008789893,15.949767746860374,15.964176177978516,246600,0.0,0.0
2010-03-15 00:00:00-04:00,15.906544906019885,16.002598829880508,15.74325254842497,15.877729415893555,478200,0.0,0.0
2010-03-16 00:00:00-04:00,15.858513762310183,16.03621451284013,15.700025166382286,15.82009220123291,305400,0.0,0.0
2010-03-17 00:00:00-04:00,15.887339829856941,16.194712496655505,15.776877434210157,16.141883850097656,323850,0.0,0.0
2010-03-18 00:00:00-04:00,16.185109449524223,16.526101380278494,16.137081778373993,16.391624450683594,438300,0.0,0.0
2010-03-19 00:00:00-04:00,16.4732646604753,16.52609466505427,15.844111080663389,16.22832679748535,4393800,0.0,0.0
2010-03-22 00:00:00-04:00,16.252350060843796,17.745991308048502,16.007412045267124,17.601909637451172,991350,0.0,0.0
2010-03-23 00:00:00-04:00,17.659534043568197,17.914078029952698,17.38097828836406,17.861248016357422,445200,0.0,0.0
2010-03-24 00:00:00-04:00,17.93809283577651,18.187834491549232,17.731576490078385,17.933290481567383,316350,0.0,0.0
2010-03-25 00:00:00-04:00,17.96691128330417,17.96691128330417,17.342559837299028,17.361770629882812,412950,0.0,0.0
2010-03-26 00:00:00-04:00,17.332951749689265,17.549074171813857,17.07840912090407,17.28492546081543,246300,0.0,0.0
2010-03-29 00:00:00-04:00,17.265707908024662,17.313734178088133,16.94872930416416,17.18406105041504,195600,0.0,0.0
2010-03-30 00:00:00-04:00,17.23209231146102,17.520254114516117,17.102419156570264,17.27531623840332,274500,0.0,0.0
2010-03-31 00:00:00-04:00,17.27051338898936,17.39538418709074,17.097616312123943,17.17445945739746,426600,0.0,0.0
2010-04-01 00:00:00-04:00,17.217685509693492,17.34735867687474,17.116829212580964,17.328147888183594,247050,0.0,0.0
2010-04-05 00:00:00-04:00,17.32814641655361,17.400187211543198,17.16485541357869,17.390581130981445,295350,0.0,0.0
2010-04-06 00:00:00-04:00,17.337755800043738,17.645128451553845,17.24650420061064,17.534666061401367,286650,0.0,0.0
2010-04-07 00:00:00-04:00,17.438427588807485,17.70789530951067,17.322941422791835,17.39512062072754,340950,0.046667,0.0
2010-04-08 00:00:00-04:00,17.4095517008868,17.52503783350435,16.812871972326164,17.423986434936523,456900,0.0,0.0
2010-04-09 00:00:00-04:00,17.395111111975698,17.62127174097194,17.22669353442299,17.327743530273438,386100,0.0,0.0
2010-04-12 00:00:00-04:00,17.36625101196878,17.37106396880696,17.135278645076706,17.22670555114746,292950,0.0,0.0
2010-04-13 00:00:00-04:00,17.188204473581546,17.327749888263767,16.93798449218085,17.25075912475586,484650,0.0,0.0
2010-04-14 00:00:00-04:00,17.322938231620263,17.70308046890255,17.265195159249664,17.69826889038086,193650,0.0,0.0
2010-04-15 00:00:00-04:00,17.74157713597238,17.74157713597238,17.4817326031256,17.544288635253906,106350,0.0,0.0
2010-04-16 00:00:00-04:00,17.56353112330514,17.59240334364232,17.26038106998415,17.486541748046875,186150,0.0,0.0
2010-04-19 00:00:00-04:00,17.3854973913107,17.55391507357866,17.005355055441353,17.462488174438477,276150,0.0,0.0
2010-04-20 00:00:00-04:00,17.457669570410847,17.592403386673034,17.30849964394476,17.419174194335938,113250,0.0,0.0
2010-04-21 00:00:00-04:00,17.351811091546477,18.131343285446185,17.077530455214944,18.107282638549805,380550,0.0,0.0
2010-04-22 00:00:00-04:00,17.943680865034125,18.694340955321504,17.866688709839398,18.64141082763672,377250,0.0,0.0
2010-04-23 00:00:00-04:00,18.59328337467443,18.78576024297188,18.34306344588775,18.655838012695312,246300,0.0,0.0
2010-04-26 00:00:00-04:00,18.679901122781523,18.72320945959192,18.381562603851613,18.564414978027344,178500,0.0,0.0
2010-04-27 00:00:00-04:00,18.540359677211583,18.6943412365097,17.760827344912993,17.813758850097656,216000,0.0,0.0
2010-04-28 00:00:00-04:00,17.813755114579234,17.813755114579234,17.327749887431334,17.65496063232422,281550,0.0,0.0
2010-04-29 00:00:00-04:00,17.73196201973627,18.242025405597584,17.62128739530638,18.184282302856445,331650,0.0,0.0
2010-04-30 00:00:00-04:00,18.155403335071785,18.246830217774026,17.082344143981338,17.2940673828125,405900,0.0,0.0
2010-05-03 00:00:00-04:00,17.32293510536578,17.54909577551146,17.082339702260047,17.472105026245117,200400,0.0,0.0
2010-05-04 00:00:00-04:00,17.3325664628679,17.582787893097624,17.12084180219215,17.371063232421875,319500,0.0,0.0
2010-05-05 00:00:00-04:00,17.207452112810614,18.47780108358159,17.11121365871459,18.126529693603516,367500,0.0,0.0
2010-05-06 00:00:00-04:00,18.035107935915317,18.477804916589424,17.221891797584,18.136157989501953,611400,0.0,0.0
2010-05-07 00:00:00-04:00,18.0351074587803,18.23720756060683,17.390307634584225,17.707895278930664,376800,0.0,0.0
2010-05-10 00:00:00-04:00,18.121723636954748,18.444122900590745,17.9677420634813,18.434499740600586,281850,0.0,0.0
2010-05-11 00:00:00-04:00,18.280512597068324,18.468176550030122,17.804131905111724,18.357501983642578,278850,0.0,0.0
2010-05-12 00:00:00-04:00,18.444118449716076,18.862756095748704,18.208334566409423,18.824260711669922,242850,0.0,0.0
2010-05-13 00:00:00-04:00,18.843504516510563,18.848316094351958,17.549096461355425,17.79931640625,449250,0.0,0.0
2010-05-14 00:00:00-04:00,17.66939347706433,17.746384226330672,17.284439730732604,17.472105026245117,396600,0.0,0.0
2010-05-17 00:00:00-04:00,17.534667733813958,18.116911575567276,17.21226847874457,18.09766387939453,358350,0.0,0.0
2010-05-18 00:00:00-04:00,18.28051519050277,18.63659683282726,17.679023734535335,17.736766815185547,309450,0.0,0.0
2010-05-19 00:00:00-04:00,17.611654208098738,18.646217968352815,17.611654208098738,18.256452560424805,561300,0.0,0.0
2010-05-20 00:00:00-04:00,17.924432873205138,18.044732004370136,17.347001999746812,17.462488174438477,498450,0.0,0.0
2010-05-21 00:00:00-04:00,17.28444409056967,18.16983793046483,17.1304625531966,17.717517852783203,488850,0.0,0.0
2010-05-24 00:00:00-04:00,17.756012686570212,17.924428955322313,17.39030516994503,17.520227432250977,143250,0.0,0.0
2010-05-25 00:00:00-04:00,17.16896215042914,18.08804002132223,17.067912085908464,18.04473304748535,343650,0.0,0.0
2010-05-26 00:00:00-04:00,18.22276817068687,18.665465026641932,17.65495926864602,17.828189849853516,395250,0.0,0.0
2010-05-27 00:00:00-04:00,18.131347497862876,18.660658448597616,17.645342142173646,18.626976013183594,394950,0.0,0.0
2010-05-28 00:00:00-04:00,18.684717761622306,19.175534661941818,18.554795478984353,18.954185485839844,301800,0.0,0.0
2010-06-01 00:00:00-04:00,18.915687618971393,19.09854000524458,18.386375398810557,18.420059204101562,321600,0.0,0.0
2010-06-02 00:00:00-04:00,18.521110534597828,18.718399047851562,18.136156666442428,18.718399047851562,309150,0.0,0.0
2010-06-03 00:00:00-04:00,18.838689819941592,19.13702824726693,18.506666223193324,18.80500602722168,429750,0.0,0.0
2010-06-04 00:00:00-04:00,18.308243791347923,18.308243791347923,17.425627384968458,17.51726531982422,493800,0.06,0.0
2010-06-07 00:00:00-04:00,17.51243914190521,17.96580327994743,17.242348077268172,17.34845542907715,495900,0.0,0.0
2010-06-08 00:00:00-04:00,17.372574719886636,18.187668049595445,17.36292934716713,18.16355323791504,335400,0.0,0.0
2010-06-09 00:00:00-04:00,18.32271151659685,18.747138209020846,17.864521885150964,18.014036178588867,269250,0.0,0.0
2010-06-10 00:00:00-04:00,18.264829635620117,18.50115771849714,17.960978454846224,18.264829635620117,215250,0.0,0.0
2010-06-11 00:00:00-04:00,18.221430242738432,18.67479589336123,17.994747417427032,18.337182998657227,249450,0.0,0.0
2010-06-14 00:00:00-04:00,18.510803701562356,18.766425289368307,18.35164407963564,18.472219467163086,203250,0.0,0.0
2010-06-15 00:00:00-04:00,18.578332810743863,18.64585455284152,18.144259343413285,18.568687438964844,338400,0.0,0.0
2010-06-16 00:00:00-04:00,18.39987489074715,18.708550166088592,17.883810376804195,18.29859161376953,269550,0.0,0.0
2010-06-17 00:00:00-04:00,18.332350673175217,18.332350673175217,17.69570947047934,17.907922744750977,257700,0.0,0.0
2010-06-18 00:00:00-04:00,18.009218214966065,18.197316802489084,17.758420558229304,18.091209411621094,1057200,0.0,0.0
2010-06-21 00:00:00-04:00,18.226256245493236,18.226256245493236,17.362933105548642,17.440101623535156,478200,0.0,0.0
2010-06-22 00:00:00-04:00,17.55584969259981,18.062268990992365,17.45456638487393,17.56549644470215,501450,0.0,0.0
2010-06-23 00:00:00-04:00,17.58478572142311,18.467400611248586,17.497970486086842,18.23589515686035,479850,0.0,0.0
2010-06-24 00:00:00-04:00,18.0767250784264,18.153892138844576,17.25198564788295,17.85968780517578,374400,0.0,0.0
2010-06-25 00:00:00-04:00,17.87417108898933,18.37094365348707,17.43527489958215,18.342004776000977,888900,0.0,0.0
2010-06-28 00:00:00-04:00,18.2841261718339,18.563862640608868,17.878991595591216,18.192489624023438,313500,0.0,0.0
2010-06-29 00:00:00-04:00,17.898283099600203,18.795367463069834,17.68606975747508,18.69408416748047,582150,0.0,0.0
2010-06-30 00:00:00-04:00,18.747140831177614,19.6008170210544,18.58797976434573,19.065460205078125,731700,0.0,0.0
2010-07-01 00:00:00-04:00,19.210143850373072,19.571871390302206,18.5735026073644,19.2342586517334,658500,0.0,0.0
2010-07-02 00:00:00-04:00,19.374135718768464,19.417542655527843,18.862893710676794,19.195682525634766,248100,0.0,0.0
2010-07-06 00:00:00-04:00,19.509175489300123,19.538112979605614,17.787351349863158,17.883811950683594,653100,0.0,0.0
2010-07-07 00:00:00-04:00,17.90309790515436,18.52526817325126,17.604068098820456,18.07672691345215,488850,0.0,0.0
2010-07-08 00:00:00-04:00,18.086385730459735,18.568690269859808,17.85005614738445,18.168376922607422,297450,0.0,0.0
2010-07-09 00:00:00-04:00,18.197307281500347,18.631379231878253,18.124961496477002,18.520450592041016,150450,0.0,0.0
2010-07-12 00:00:00-04:00,18.50598469267157,18.62173741885881,17.821113706123086,18.10567283630371,188250,0.0,0.0
2010-07-13 00:00:00-04:00,18.341997842355305,18.684434657045138,17.98991703861844,18.626558303833008,273750,0.0,0.0
2010-07-14 00:00:00-04:00,18.587973568222083,18.824303056600957,18.25518486647213,18.428813934326172,164400,0.0,0.0
2010-07-15 00:00:00-04:00,18.496339779467853,18.771252165990145,17.980273804270308,18.732667922973633,241350,0.0,0.0
2010-07-16 00:00:00-04:00,18.58315234154269,18.58315234154269,17.748767109534988,17.883811950683594,303150,0.0,0.0
2010-07-19 00:00:00-04:00,17.893460162248463,18.29377203332115,17.777707431809233,18.2793025970459,166350,0.0,0.0
2010-07-20 00:00:00-04:00,18.071911447454347,18.761605125698985,18.00438971315838,18.74713706970215,314550,0.0,0.0
2010-07-21 00:00:00-04:00,18.756782429233876,18.756782429233876,18.149079921524088,18.23589515686035,150450,0.0,0.0
2010-07-22 00:00:00-04:00,18.366111703008034,18.930407110411654,18.091198025087962,18.327526092529297,505650,0.0,0.0
2010-07-23 00:00:00-04:00,18.235895903085957,18.64103046484375,17.941690007850784,18.612092971801758,242400,0.0,0.0
2010-07-26 00:00:00-04:00,18.70372703512865,19.123330977684144,18.33235408108678,19.113685607910156,271800,0.0,0.0
2010-07-27 00:00:00-04:00,19.15227013192833,19.190854371361223,18.776073107517007,18.86288833618164,164400,0.0,0.0
2010-07-28 00:00:00-04:00,18.882181330390573,19.022048859842194,18.423993120934547,18.583152770996094,116850,0.0,0.0
2010-07-29 00:00:00-04:00,18.756778373943042,19.10403786032785,18.26483007966992,18.9979305267334,230250,0.0,0.0
2010-07-30 00:00:00-04:00,18.896654827714368,19.81785412982329,18.80983957636784,19.793739318847656,597750,0.0,0.0
2010-08-02 00:00:00-04:00,19.93842448968518,20.449666355556275,19.711743116400537,20.203691482543945,743250,0.0,0.0
2010-08-03 00:00:00-04:00,20.14582649472291,20.256756591426942,19.40307877143568,19.62493896484375,492150,0.0,0.0
2010-08-04 00:00:00-04:00,19.64421873201172,19.8226704840387,19.340367519181207,19.629749298095703,305100,0.0,0.0
2010-08-05 00:00:00-04:00,19.460950018107393,19.677987466416514,18.911123747558634,19.31143569946289,270600,0.0,0.0
2010-08-06 00:00:00-04:00,19.16674150786728,19.23908592921996,18.414347382843193,19.181209564208984,255900,0.0,0.0
2010-08-09 00:00:00-04:00,19.27284813910093,19.668337336662432,19.181210213096485,19.547761917114258,197250,0.0,0.0
2010-08-10 00:00:00-04:00,19.35483930413289,19.726213693571662,19.002758416888685,19.27284812927246,219450,0.0,0.0
2010-08-11 00:00:00-04:00,18.901472294188913,19.166739281310775,18.73266590421307,19.113685607910156,282750,0.0,0.0
2010-08-12 00:00:00-04:00,18.91111897032901,19.60081263253689,18.785720875317388,19.37895393371582,346950,0.0,0.0
2010-08-13 00:00:00-04:00,19.282493814482535,19.412714597986792,19.046165674180706,19.340370178222656,210450,0.0,0.0
2010-08-16 00:00:00-04:00,19.316255576136662,19.856434976763378,19.29214076929331,19.63457489013672,228450,0.0,0.0
2010-08-17 00:00:00-04:00,19.798560134734895,20.454492314502392,19.668337959957743,20.232633590698242,422400,0.0,0.0
2010-08-18 00:00:00-04:00,20.15546338024631,20.90303342517483,20.044533337862823,20.44484519958496,306750,0.0,0.0
2010-08-19 00:00:00-04:00,20.358026644915526,20.415902999347793,19.779263100592857,19.904661178588867,266850,0.0,0.0
2010-08-20 00:00:00-04:00,19.78891916270432,20.15547098539012,19.711752028311693,20.087947845458984,162600,0.0,0.0
2010-08-23 00:00:00-04:00,20.169930343067858,20.42555197120635,19.774441188133675,19.808202743530273,200250,0.0,0.0
2010-08-24 00:00:00-04:00,19.731037380633275,19.880551681119,19.306610668202598,19.47059440612793,236400,0.0,0.0
2010-08-25 00:00:00-04:00,19.3451859138931,20.015588611228733,19.147442087123263,19.967357635498047,333750,0.0,0.0
2010-08-26 00:00:00-04:00,20.010781447030023,20.227817571404984,19.668345783758888,19.86126708984375,163050,0.0,0.0
2010-08-27 00:00:00-04:00,20.078295629472347,20.121703941855102,19.562232365554134,19.90949058532715,254100,0.0,0.0
2010-08-30 00:00:00-04:00,19.870907188137895,19.96736780886506,19.340373084197704,19.345195770263672,150900,0.0,0.0
2010-08-31 00:00:00-04:00,19.29214003167345,20.23263126141886,19.229439604444124,20.198869705200195,380700,0.0,0.0
2010-09-01 00:00:00-04:00,20.449664222870844,21.211703567272856,20.329088831375703,20.883737564086914,400200,0.0,0.0
2010-09-02 00:00:00-04:00,20.61309222224736,20.714587875350844,20.023457525221602,20.29894256591797,385650,0.06,0.0
2010-09-03 00:00:00-04:00,20.53575758992551,21.023897855350555,20.05728278383795,20.289270401000977,357450,0.0,0.0
2010-09-07 00:00:00-04:00,20.28926981662793,20.526090156638784,20.197441041790274,20.361764907836914,212850,0.0,0.0
2010-09-08 00:00:00-04:00,20.463260650634766,20.76291062464269,20.376264604790375,20.463260650634766,235350,0.0,0.0
2010-09-09 00:00:00-04:00,20.729077791900174,20.729077791900174,19.936453487922854,20.042781829833984,159450,0.0,0.0
2010-09-10 00:00:00-04:00,20.091118537309114,20.540594317617558,19.8252989773207,19.859130859375,133650,0.0,0.0
2010-09-13 00:00:00-04:00,19.912287814047655,20.60825059501574,19.912287814047655,20.347265243530273,284850,0.0,0.0
2010-09-14 00:00:00-04:00,20.395601682742843,21.381550647045714,20.289274693757676,21.183393478393555,515850,0.0,0.0
2010-09-15 00:00:00-04:00,21.159230726380116,21.613540646534513,21.144732532741266,21.52654457092285,426600,0.0,0.0
2010-09-16 00:00:00-04:00,21.516878511734895,21.893859191003834,21.415384245299286,21.77303123474121,418800,0.0,0.0
2010-09-17 00:00:00-04:00,21.763361889523733,21.913187588283343,21.507209212220655,21.845523834228516,749100,0.0,0.0
2010-09-20 00:00:00-04:00,21.85035440902117,22.048511538666403,21.71019556727623,21.889019012451172,308250,0.0,0.0
2010-09-21 00:00:00-04:00,21.864861549283653,22.183845329371643,21.550711883364162,21.86969566345215,229200,0.0,0.0
2010-09-22 00:00:00-04:00,21.826183598915698,22.082336183132274,21.603861496677027,21.710189819335938,193500,0.0,0.0
2010-09-23 00:00:00-04:00,21.536203422164963,22.19350163684042,21.391210477550132,21.71502685546875,268350,0.0,0.0
2010-09-24 00:00:00-04:00,21.97601668229224,22.73964334773043,21.97601668229224,22.69614601135254,292350,0.0,0.0
2010-09-27 00:00:00-04:00,22.754146163892333,22.787976662143954,22.425495580901696,22.676816940307617,169950,0.0,0.0
2010-09-28 00:00:00-04:00,22.78797516358418,22.947467713805963,22.241837903620542,22.932968139648438,238500,0.0,0.0
2010-09-29 00:00:00-04:00,22.797640151822364,22.826639297777234,22.43032639384477,22.502822875976562,128850,0.0,0.0
2010-09-30 00:00:00-04:00,22.65265459387441,22.72031698116888,21.661871379206705,22.28533935546875,298350,0.0,0.0
2010-10-01 00:00:00-04:00,22.44965750428147,22.739642034648124,22.212835767415548,22.377161026000977,158550,0.0,0.0
2010-10-04 00:00:00-04:00,22.372326880224744,22.517318444853807,22.00984589451925,22.290164947509766,178200,0.0,0.0
2010-10-05 00:00:00-04:00,22.522160092201105,22.83147700850133,22.111347525673104,22.348169326782227,251250,0.0,0.0
2010-10-06 00:00:00-04:00,22.251497206803045,22.285329076222997,21.893850361593884,22.232166290283203,199050,0.0,0.0
2010-10-07 00:00:00-04:00,22.40616271679842,22.464159629462902,21.860024085474627,22.237003326416016,167850,0.0,0.0
2010-10-08 00:00:00-04:00,22.299831931654147,22.662312942150304,22.09200933814245,22.570484161376953,218250,0.0,0.0
2010-10-11 00:00:00-04:00,22.488327672599322,22.942637573960944,22.275672297713292,22.70098304748535,190050,0.0,0.0
2010-10-12 00:00:00-04:00,22.613986522598697,23.421112044106085,22.613986522598697,23.247119903564453,254550,0.0,0.0
2010-10-13 00:00:00-04:00,23.430775495067515,23.648263577945894,22.957134719787682,23.053794860839844,357300,0.0,0.0
2010-10-14 00:00:00-04:00,23.01029786947273,23.498439609164535,22.768644747669722,23.469440460205078,416700,0.0,0.0
2010-10-15 00:00:00-04:00,23.65793593659338,24.556890444234746,23.65793593659338,23.996252059936523,376200,0.0,0.0
2010-10-18 00:00:00-04:00,24.03491248721284,24.09774490486646,23.29545070644046,23.387279510498047,205650,0.0,0.0
2010-10-19 00:00:00-04:00,23.222949280045288,23.464605126307777,22.642980226934377,23.01029396057129,355200,0.0,0.0
2010-10-20 00:00:00-04:00,23.164964354451286,23.353454739878597,22.884646525192828,22.908811569213867,230400,0.0,0.0
2010-10-21 00:00:00-04:00,23.0538032160961,23.82709845232939,22.52216533385323,22.908811569213867,291750,0.0,0.0
2010-10-22 00:00:00-04:00,23.034470904328067,23.27612549280647,22.773485386837642,22.908811569213867,215550,0.0,0.0
2010-10-25 00:00:00-04:00,23.140789654935322,23.46460747038188,22.99096395555885,23.33411407470703,309900,0.0,0.0
2010-10-26 00:00:00-04:00,23.28578001993921,23.91408193141971,23.053792387687842,23.638595581054688,316650,0.0,0.0
2010-10-27 00:00:00-04:00,23.58543674757101,23.720764279805667,22.91363873125427,23.116628646850586,239700,0.0,0.0
2010-10-28 00:00:00-04:00,23.358283579149955,23.358283579149955,22.82181032031073,23.01996612548828,139950,0.0,0.0
2010-10-29 00:00:00-04:00,22.95713392204353,23.382444612018034,22.78797453281389,23.07312774658203,117450,0.0,0.0
2010-11-01 00:00:00-04:00,23.077959898409148,23.464608759189485,22.792809440214654,22.874971389770508,238350,0.0,0.0
2010-11-02 00:00:00-04:00,23.126294057038603,23.430778238371015,22.88947364167147,23.387279510498047,185700,0.0,0.0
2010-11-03 00:00:00-04:00,23.440435295837666,23.735255292082122,23.23744683623555,23.58542823791504,142950,0.0,0.0
2010-11-04 00:00:00-04:00,23.899581254243365,24.334557353235443,23.86574799765938,24.13640022277832,265950,0.0,0.0
2010-11-05 00:00:00-04:00,24.24273851292309,24.382897412703834,23.81259635009882,24.020416259765625,240450,0.0,0.0
2010-11-08 00:00:00-05:00,23.981743935154178,24.150899151526104,23.50810047967912,24.005908966064453,132300,0.0,0.0
2010-11-09 00:00:00-05:00,24.020408654038913,24.117071554787618,23.198786442473754,23.324445724487305,201900,0.0,0.0
2010-11-10 00:00:00-05:00,23.42110871572297,23.851253509521484,22.981298461465496,23.851253509521484,203700,0.0,0.0
2010-11-11 00:00:00-05:00,23.624104601884387,24.189577081015962,23.31962176086192,24.020416259765625,171450,0.0,0.0
2010-11-12 00:00:00-05:00,23.769091637457414,24.165403195653322,23.59026816321671,23.599933624267578,141150,0.0,0.0
2010-11-15 00:00:00-05:00,23.80775355076836,24.257229242104156,23.70625930745164,23.976911544799805,229800,0.0,0.0
2010-11-16 00:00:00-05:00,23.798092546726167,24.11707490909168,23.295449817740604,23.392112731933594,273150,0.0,0.0
2010-11-17 00:00:00-05:00,23.503270810640917,23.827090029486836,23.425941590904557,23.435609817504883,196050,0.0,0.0
2010-11-18 00:00:00-05:00,23.793260204026268,23.97208370480638,23.570937973795004,23.71109962463379,184650,0.0,0.0
2010-11-19 00:00:00-05:00,23.749757291561533,23.793256013351314,23.508104178921652,23.65309715270996,161100,0.0,0.0
2010-11-22 00:00:00-05:00,23.67243121812251,24.059080121411043,23.440443535456183,23.532272338867188,312300,0.0,0.0
2010-11-23 00:00:00-05:00,23.45977681695193,23.51294100566027,23.155292643060818,23.45494270324707,250800,0.0,0.0
2010-11-24 00:00:00-05:00,23.566101868672956,23.730425759801847,23.19878671325568,23.367944717407227,227550,0.0,0.0
2010-11-26 00:00:00-05:00,23.251954929086832,23.846423720523987,23.20845620086776,23.59027099609375,105450,0.0,0.0
2010-11-29 00:00:00-05:00,23.48393788583864,23.628930851857604,22.783140854672645,23.42110824584961,173850,0.0,0.0
2010-11-30 00:00:00-05:00,23.324450642014035,24.005916907363137,23.22295637241177,23.89475440979004,319500,0.0,0.0
2010-12-01 00:00:00-05:00,24.103083008975688,24.427687367484218,23.9528913603356,24.11277198791504,313800,0.08,0.0
2010-12-02 00:00:00-05:00,24.195126068471644,24.296870023267132,24.02071340472942,24.156370162963867,232950,0.0,0.0
2010-12-03 00:00:00-05:00,24.05946819345914,25.018746005699832,23.84629411418838,24.912158966064453,330150,0.0,0.0
2010-12-06 00:00:00-05:00,24.950926257440383,25.299754421289947,24.883100638093943,25.07204818725586,281400,0.0,0.0
2010-12-07 00:00:00-05:00,25.21254723362279,25.532305680107942,25.076893227208373,25.357892990112305,220800,0.0,0.0
2010-12-08 00:00:00-05:00,25.459626147456937,25.745471695124174,25.212539271130368,25.493541717529297,233250,0.0,0.0
2010-12-09 00:00:00-05:00,25.648573630653093,25.677643327218302,25.212539271130368,25.493541717529297,186450,0.0,0.0
2010-12-10 00:00:00-05:00,25.58075936353704,25.70188130470556,25.26584397984295,25.5274658203125,256650,0.0,0.0
2010-12-13 00:00:00-05:00,25.58075491730165,25.687341985224652,25.13987456565613,25.168941497802734,200400,0.0,0.0
2010-12-14 00:00:00-05:00,25.193161979011617,25.43055711451887,24.849177029237453,24.950918197631836,172950,0.0,0.0
2010-12-15 00:00:00-05:00,24.955764081259808,25.459626822038825,24.75712484578618,25.30459213256836,184650,0.0,0.0
2010-12-16 00:00:00-05:00,25.304605184693248,25.823003041529795,25.139881435226037,25.75517463684082,142200,0.0,0.0
2010-12-17 00:00:00-05:00,25.808462620309136,25.99741293746807,25.532305957205946,25.99256706237793,481950,0.0,0.0
2010-12-20 00:00:00-05:00,26.050706562732966,26.404377822797994,25.80361960485424,26.118532180786133,182550,0.0,0.0
2010-12-21 00:00:00-05:00,26.326861703071685,26.520655132927942,25.822998785445417,25.890827178955078,169950,0.0,0.0
2010-12-22 00:00:00-05:00,25.953809538877703,26.229966214328996,25.5565337031547,25.65342903137207,155550,0.0,0.0
2010-12-23 00:00:00-05:00,25.629204537123226,25.86175664552421,25.561376145779654,25.697032928466797,130350,0.0,0.0
2010-12-27 00:00:00-05:00,25.951386601224293,26.140336926831974,25.29006600607717,25.65342903137207,104600,0.0,1.5
2010-12-28 00:00:00-05:00,25.667964450287926,25.79877536405387,25.435412330757337,25.588024139404297,157500,0.0,0.0
2010-12-29 00:00:00-05:00,25.595286878768924,25.76243350175268,25.573483216821977,25.682493209838867,101400,0.0,0.0
2010-12-30 00:00:00-05:00,25.7115647166979,25.87144253951467,25.62435560726387,25.660694122314453,77200,0.0,0.0
2010-12-31 00:00:00-05:00,25.769705894122,25.784240748256934,25.1083852783024,25.137454986572266,99300,0.0,0.0
2011-01-03 00:00:00-05:00,25.28280688984865,26.1040055559135,25.195597743880196,25.885988235473633,145900,0.0,0.0
2011-01-04 00:00:00-05:00,26.074933939030057,26.074933939030057,24.250849826970367,24.432531356811523,276300,0.0,0.0
2011-01-05 00:00:00-05:00,24.040092471960463,24.040092471960463,22.201474184556943,23.58225440979004,1232000,0.0,0.0
2011-01-06 00:00:00-05:00,23.473246419533037,23.604057305563472,23.124418314198326,23.29156494140625,503800,0.0,0.0
2011-01-07 00:00:00-05:00,23.298838404208897,23.298838404208897,22.695654445737482,23.109888076782227,473100,0.0,0.0
2011-01-10 00:00:00-05:00,23.117153858878766,23.58225944520245,23.1098864324856,23.473249435424805,643200,0.0,0.0
2011-01-11 00:00:00-05:00,23.51685158207188,23.72760276750109,23.255229803227266,23.393306732177734,258400,0.0,0.0
2011-01-12 00:00:00-05:00,23.422372129787874,23.88747619680899,23.422372129787874,23.77120018005371,224800,0.0,0.0
2011-01-13 00:00:00-05:00,23.771201539479506,23.851141825365175,23.21889112136617,23.378768920898438,242100,0.0,0.0
2011-01-14 00:00:00-05:00,23.284306054109834,23.611333369636135,23.218900591004573,23.53139305114746,273700,0.0,0.0
2011-01-18 00:00:00-05:00,23.4732440562396,23.70579610304933,23.255226858885365,23.378768920898438,267700,0.0,0.0
2011-01-19 00:00:00-05:00,23.327903347958,23.33517216036762,22.891868859529495,23.255231857299805,249400,0.0,0.0
2011-01-20 00:00:00-05:00,23.218897026805333,24.10550089117449,23.138956720587835,23.57499122619629,255900,0.0,0.0
2011-01-21 00:00:00-05:00,23.720336487582664,23.807542832425913,23.117153955624055,23.24796485900879,239900,0.0,0.0
2011-01-24 00:00:00-05:00,23.168021480835247,23.327900682583735,23.05901287118311,23.29156494140625,178000,0.0,0.0
2011-01-25 00:00:00-05:00,23.262499941541233,23.967425106273968,22.928206619555777,23.5967960357666,287400,0.0,0.0
2011-01-26 00:00:00-05:00,23.691268949726116,24.141841112497964,23.226164705017084,24.011030197143555,259200,0.0,0.0
2011-01-27 00:00:00-05:00,24.548798996708076,24.55606780786061,24.090963694709355,24.454326629638672,241900,0.0,0.0
2011-01-28 00:00:00-05:00,24.519741151923263,24.62148236783428,23.981962589227614,24.05463409423828,345800,0.0,0.0
2011-01-31 00:00:00-05:00,24.061893356662967,24.243574819310993,23.727600130727986,24.04009246826172,196800,0.0,0.0
2011-02-01 00:00:00-05:00,24.199977792874837,24.60694539371909,23.89475417142163,24.34532356262207,219000,0.0,0.0
2011-02-02 00:00:00-05:00,24.229045344182605,24.527002898129552,23.836612632474996,23.981958389282227,304200,0.0,0.0
2011-02-03 00:00:00-05:00,24.025566415778965,25.391809519143337,24.025566415778965,24.577877044677734,237900,0.0,0.0
2011-02-04 00:00:00-05:00,24.497923214397456,25.0211666168923,24.163630050465127,24.54879379272461,211400,0.0,0.0
2011-02-07 00:00:00-05:00,24.61420440673828,25.021171891383315,24.45432660068135,24.61420440673828,181100,0.0,0.0
2011-02-08 00:00:00-05:00,24.563326616623936,24.606931153986682,24.163628060299732,24.38164520263672,263800,0.0,0.0
2011-02-09 00:00:00-05:00,24.27264590102918,24.447058562650398,23.98922047447597,24.120031356811523,329000,0.0,0.0
2011-02-10 00:00:00-05:00,23.96016007505928,24.279918556661446,23.851150052660348,24.090970993041992,178100,0.0,0.0
2011-02-11 00:00:00-05:00,23.996495169970174,24.156375792526276,23.807544839269333,24.149106979370117,210900,0.0,0.0
2011-02-14 00:00:00-05:00,24.10550307527116,24.527005538157674,23.836615198191154,24.090970993041992,153300,0.0,0.0
2011-02-15 00:00:00-05:00,23.98196027709346,24.149106940295315,23.8148136138916,23.8148136138916,244100,0.0,0.0
2011-02-16 00:00:00-05:00,23.90201939399768,24.77409121038142,23.90201939399768,24.52700424194336,200100,0.0,0.0
2011-02-17 00:00:00-05:00,24.45432737402419,24.737750028338123,24.120031356811523,24.120031356811523,299300,0.0,0.0
2011-02-18 00:00:00-05:00,24.29444810349099,24.35985354819313,23.887480583984388,24.018291473388672,163800,0.0,0.0
2011-02-22 00:00:00-05:00,23.87294818456337,24.294450598654148,23.7276052011773,23.95288848876953,329900,0.0,0.0
2011-02-23 00:00:00-05:00,23.931083040552725,23.938349079443093,23.327899239802544,23.516849517822266,377600,0.0,0.0
2011-02-24 00:00:00-05:00,23.52411501105895,23.909281597054626,23.277028110930054,23.58225440979004,174700,0.0,0.0
2011-02-25 00:00:00-05:00,23.596797211081086,24.025565718371638,23.298839622776804,23.967426300048828,273200,0.0,0.0
2011-02-28 00:00:00-05:00,23.98195314365837,24.098229169222904,23.633125066964762,23.749401092529297,196000,0.0,0.0
2011-03-01 00:00:00-05:00,23.87294557580534,23.87294557580534,22.61571144179216,22.89186668395996,306700,0.0,0.0
2011-03-02 00:00:00-05:00,22.855530767047625,23.458711839837925,22.688382751787504,23.09535026550293,248800,0.0,0.0
2011-03-03 00:00:00-05:00,23.567716715190688,24.56333023424517,23.538647019334217,24.4979248046875,397500,0.0,0.0
2011-03-04 00:00:00-05:00,24.57077697172893,24.65090743423658,23.31055066012597,23.492664337158203,345200,0.08,0.0
2011-03-07 00:00:00-05:00,23.463524153277977,23.747621028747652,22.99731361108835,23.434385299682617,361000,0.0,0.0
2011-03-08 00:00:00-05:00,23.368822960675296,23.725764128878552,22.939033281806157,23.463520050048828,179600,0.0,0.0
2011-03-09 00:00:00-05:00,23.529081590199418,23.623781460501174,23.0992932912405,23.325115203857422,263300,0.0,0.0
2011-03-10 00:00:00-05:00,23.09201495483687,23.237705063767493,22.523819778581267,22.625802993774414,233600,0.0,0.0
2011-03-11 00:00:00-05:00,22.560240033652235,22.93903678550424,22.254289024759,22.720500946044922,309700,0.0,0.0
2011-03-14 00:00:00-04:00,22.472829729095334,22.990031944196485,22.472829729095334,22.88076400756836,349600,0.0,0.0
2011-03-15 00:00:00-04:00,22.290719673641195,23.31783955699255,22.290719673641195,23.10658836364746,333800,0.0,0.0
2011-03-16 00:00:00-04:00,22.96817536569839,23.26684165780727,22.713215963078937,22.924467086791992,271500,0.0,0.0
2011-03-17 00:00:00-04:00,23.237705594868597,23.31055134570736,22.654942366992767,22.669511795043945,238400,0.0,0.0
2011-03-18 00:00:00-04:00,22.84433609602444,23.172139823698785,22.531100404007706,22.793344497680664,1014700,0.0,0.0
2011-03-21 00:00:00-04:00,22.96089524066449,23.12843950836733,22.618520601234852,23.033740997314453,215500,0.0,0.0
2011-03-22 00:00:00-04:00,23.106582961969927,23.106582961969927,22.633087677104168,22.80791664123535,307900,0.0,0.0
2011-03-23 00:00:00-04:00,22.800637257540757,23.223141033648357,22.596670779747903,23.10658836364746,239500,0.0,0.0
2011-03-24 00:00:00-04:00,23.259563260752376,23.499951912929873,22.960896887541132,23.01188850402832,313300,0.0,0.0
2011-03-25 00:00:00-04:00,23.048304938580873,23.71848466905302,22.975460584301594,23.15028953552246,219800,0.0,0.0
2011-03-28 00:00:00-04:00,23.24499216324037,23.47081414779697,22.844342585791452,23.033740997314453,232200,0.0,0.0
2011-03-29 00:00:00-04:00,23.084728763632057,23.72576825862003,22.902615097060618,23.616498947143555,226500,0.0,0.0
2011-03-30 00:00:00-04:00,23.725770295715222,24.34495570368777,23.441673396084656,24.323102951049805,234400,0.0,0.0
2011-03-31 00:00:00-04:00,24.24297089184463,24.24297089184463,23.711199308231937,24.02443504333496,181000,0.0,0.0
2011-04-01 00:00:00-04:00,24.19197707731463,24.59991266175899,24.03171895175356,24.505212783813477,201700,0.0,0.0
2011-04-04 00:00:00-04:00,24.61448926407627,24.629058694072178,24.199270235114057,24.286684036254883,193000,0.0,0.0
2011-04-05 00:00:00-04:00,24.22112020639069,24.840305626448906,24.05357594894946,24.63633918762207,236700,0.0,0.0
2011-04-06 00:00:00-04:00,24.818451533273883,24.818451533273883,24.1118495814431,24.40323257446289,240900,0.0,0.0
2011-04-07 00:00:00-04:00,24.403231256418184,24.64362262950084,23.95887346653862,24.07542610168457,250300,0.0,0.0
2011-04-08 00:00:00-04:00,24.28669021614638,24.28669021614638,23.230429892765642,23.470821380615234,229600,0.0,0.0
2011-04-11 00:00:00-04:00,23.368829759056837,23.499949057782946,23.193999396031447,23.361543655395508,925000,0.0,0.0
2011-04-12 00:00:00-04:00,23.208563411306177,23.696626647073163,23.164855136035854,23.60921287536621,506900,0.0,0.0
2011-04-13 00:00:00-04:00,23.63106673448149,23.776758213397834,23.09929519844559,23.230417251586914,304600,0.0,0.0
2011-04-14 00:00:00-04:00,22.990028621507253,23.23041860311307,22.86619127404868,23.15028953552246,305500,0.0,0.0
2011-04-15 00:00:00-04:00,23.15029118408408,23.252274398871023,22.95360807892318,23.172143936157227,169400,0.0,0.0
2011-04-18 00:00:00-04:00,22.982747229832317,23.215853921234103,22.74235721348356,22.88076400756836,237500,0.0,0.0
2011-04-19 00:00:00-04:00,23.070164096113718,23.172147325818944,22.67679782824962,22.72779083251953,175700,0.0,0.0
2011-04-20 00:00:00-04:00,22.91717939342755,23.44895087954965,22.91717939342755,23.441667556762695,219000,0.0,0.0
2011-04-21 00:00:00-04:00,23.57279624579918,23.57279624579918,23.026455181185792,23.092016220092773,316800,0.0,0.0
2011-04-25 00:00:00-04:00,23.01187802783353,23.01187802783353,21.97018785868125,21.999326705932617,762400,0.0,0.0
2011-04-26 00:00:00-04:00,21.999327253498063,22.072171594606164,21.27087272708312,21.992042541503906,1100000,0.0,0.0
2011-04-27 00:00:00-04:00,21.96290860170478,22.261574913126246,21.773510215780938,22.02118492126465,617700,0.0,0.0
2011-04-28 00:00:00-04:00,21.933772454338392,22.560242579888886,21.933772454338392,22.16687774658203,282000,0.0,0.0
2011-04-29 00:00:00-04:00,22.108598452567023,22.385410602554035,22.064891563498957,22.130451202392578,240000,0.0,0.0
2011-05-02 00:00:00-04:00,22.181445354643184,22.181445354643184,21.365575509318035,21.525835037231445,279000,0.0,0.0
2011-05-03 00:00:00-04:00,21.41656001097397,21.605958329918344,21.21259365935431,21.292722702026367,203000,0.0,0.0
2011-05-04 00:00:00-04:00,21.241733563048403,21.43113190382822,20.96492145847281,21.28544044494629,286400,0.0,0.0
2011-05-05 00:00:00-04:00,21.147037243354134,21.984759743791074,21.147037243354134,21.8536376953125,510100,0.0,0.0
2011-05-06 00:00:00-04:00,22.130451186331086,22.684076875320258,21.817216860584182,22.268857955932617,401400,0.0,0.0
2011-05-09 00:00:00-04:00,22.174165949139027,22.39998656284959,22.094035471292514,22.370847702026367,219000,0.0,0.0
2011-05-10 00:00:00-04:00,22.436396216884283,22.684070837865573,22.246999284996548,22.66221809387207,268400,0.0,0.0
2011-05-11 00:00:00-04:00,22.62580443333597,22.62580443333597,22.283431196677633,22.31256866455078,229300,0.0,0.0
2011-05-12 00:00:00-04:00,22.21786817731606,22.858907696990197,22.10860025104874,22.771493911743164,233400,0.0,0.0
2011-05-13 00:00:00-04:00,22.800629245395317,22.800629245395317,21.76622362056464,21.79536247253418,287000,0.0,0.0
2011-05-16 00:00:00-04:00,21.605971018181325,21.86821521217319,21.212606116610907,21.329158782958984,604100,0.0,0.0
2011-05-17 00:00:00-04:00,21.139755753279506,23.87874420593779,20.90665047130153,23.201282501220703,1029900,0.0,0.0
2011-05-18 00:00:00-04:00,23.310549290522776,23.674776623187196,22.22515200591285,23.6237850189209,406200,0.0,0.0
2011-05-19 00:00:00-04:00,23.674779717004952,23.674779717004952,23.201284400548293,23.33240509033203,306400,0.0,0.0
2011-05-20 00:00:00-04:00,23.223130020638408,23.31782849907413,22.283424390711772,22.465538024902344,295400,0.0,0.0
2011-05-23 00:00:00-04:00,22.225151018877828,23.390678709525442,21.809932100387286,22.95360565185547,262800,0.0,0.0
2011-05-24 00:00:00-04:00,23.09201022537847,23.274123866306006,22.931749332135475,23.02644920349121,255100,0.0,0.0
2011-05-25 00:00:00-04:00,22.866196426900927,23.26684741280786,22.70593686618854,23.06287956237793,179100,0.0,0.0
2011-05-26 00:00:00-04:00,22.968176677537226,23.3396887329589,22.793347720177096,23.252273559570312,164600,0.0,0.0
2011-05-27 00:00:00-04:00,23.368832178439266,23.49266816515917,23.244993412884728,23.405254364013672,159700,0.0,0.0
2011-05-31 00:00:00-04:00,23.499946856155898,23.580077315917297,23.13572090399137,23.565507888793945,306400,0.0,0.0
2011-06-01 00:00:00-04:00,23.507229116417694,23.507229116417694,22.873473034322107,22.93174934387207,353800,0.0,0.0
2011-06-02 00:00:00-04:00,22.90261785836064,23.14300787164136,22.851626247879455,22.909902572631836,300100,0.0,0.0
2011-06-03 00:00:00-04:00,22.639685490286073,23.245844755759187,22.581260551190848,23.07787322998047,336800,0.08,0.0
2011-06-06 00:00:00-04:00,23.048661397866493,23.070571273655368,22.58856514998413,22.6104736328125,248700,0.0,0.0
2011-06-07 00:00:00-04:00,22.654291180551915,23.158205738030077,22.515531433308766,22.53013801574707,188300,0.0,0.0
2011-06-08 00:00:00-04:00,22.41328918032174,22.668898812990154,22.070041441924566,22.099254608154297,160700,0.0,0.0
2011-06-09 00:00:00-04:00,22.150377410018578,22.858780012468554,21.982405874328457,22.369470596313477,221700,0.0,0.0
2011-06-10 00:00:00-04:00,22.208797204220367,22.413285152196526,21.485788185499214,22.12116050720215,283900,0.0,0.0
2011-06-13 00:00:00-04:00,22.186894157318118,22.68350690302757,22.186894157318118,22.515535354614258,245200,0.0,0.0
2011-06-14 00:00:00-04:00,22.75653465077635,23.158205920267974,22.58125983901853,23.107084274291992,222400,0.0,0.0
2011-06-15 00:00:00-04:00,22.917206536901887,23.114391253954537,22.588566734774744,22.77114486694336,168900,0.0,0.0
2011-06-16 00:00:00-04:00,22.749227309088838,23.260446463748863,22.59586239846691,22.9025936126709,181200,0.0,0.0
2011-06-17 00:00:00-04:00,23.004837933311016,23.567178750435733,22.84416972540118,23.318872451782227,425300,0.0,0.0
2011-06-20 00:00:00-04:00,23.275053993068525,23.976154536829203,22.97562466366727,23.946941375732422,245500,0.0,0.0
2011-06-21 00:00:00-04:00,24.005368265109958,24.458163967596096,23.830094845887583,24.421646118164062,298900,0.0,0.0
2011-06-22 00:00:00-04:00,24.282888242765015,24.757592435563335,24.15873646718686,24.545801162719727,250700,0.0,0.0
2011-06-23 00:00:00-04:00,24.319399850814882,24.86713409423828,24.15142835047549,24.86713409423828,291900,0.0,0.0
2011-06-24 00:00:00-04:00,24.925567845602373,24.976689500683204,24.61883512919614,24.89635467529297,355200,0.0,0.0
2011-06-27 00:00:00-04:00,24.830627984389483,25.7946403773803,24.64804983744544,25.75812530517578,316600,0.0,0.0
2011-06-28 00:00:00-04:00,25.714291229529515,26.853579235048414,25.67047428164948,26.8316707611084,464300,0.0,0.0
2011-06-29 00:00:00-04:00,26.875498016473344,27.131109049460154,26.459220136439825,26.729434967041016,293900,0.0,0.0
2011-06-30 00:00:00-04:00,26.846279517084028,27.299075158980205,26.62718637941319,27.233346939086914,201000,0.0,0.0
2011-07-01 00:00:00-04:00,27.29175889931677,27.576580136067847,27.116485577894203,27.379398345947266,221800,0.0,0.0
2011-07-05 00:00:00-04:00,27.481652708984978,27.53277434726003,27.043463656158355,27.357498168945312,190800,0.0,0.0
2011-07-06 00:00:00-04:00,27.379425814139218,27.605820980265786,27.079997702550845,27.39402961730957,172900,0.0,0.0
2011-07-07 00:00:00-04:00,27.51087056968167,28.102424698299707,27.284475477408463,27.737268447875977,243600,0.0,0.0
2011-07-08 00:00:00-04:00,27.4670489482455,27.861418300497107,27.408622620836095,27.78838539123535,125300,0.0,0.0
2011-07-11 00:00:00-04:00,27.503567085940876,27.56929531866725,26.76595272838572,26.860891342163086,315800,0.0,0.0
2011-07-12 00:00:00-04:00,26.714835441156247,26.992352214939846,26.393496123838446,26.736743927001953,265500,0.0,0.0
2011-07-13 00:00:00-04:00,26.912003900419005,27.189523321063284,26.649093844246533,26.868186950683594,253000,0.0,0.0
2011-07-14 00:00:00-04:00,26.992355952971334,27.350210391563184,26.539562871952935,26.751354217529297,258400,0.0,0.0
2011-07-15 00:00:00-04:00,26.802459362110735,27.116493843461683,26.488424880759787,27.028854370117188,169300,0.0,0.0
2011-07-18 00:00:00-04:00,26.860892248454377,27.138411772209402,26.590677409649267,26.926620483398438,121300,0.0,0.0
2011-07-19 00:00:00-04:00,27.211439510454838,27.54008065624117,26.882801150589295,27.350200653076172,311100,0.0,0.0
2011-07-20 00:00:00-04:00,27.39401800006353,27.39401800006353,26.904710009624054,27.058074951171875,347200,0.0,0.0
2011-07-21 00:00:00-04:00,26.13058495356217,27.949064624146654,25.203087581151454,26.167102813720703,878900,0.0,0.0
2011-07-22 00:00:00-04:00,26.13057911881092,26.58337485319245,26.13057911881092,26.23282241821289,328500,0.0,0.0
2011-07-25 00:00:00-04:00,26.145187269266852,26.729436719377624,26.145187269266852,26.159793853759766,188900,0.0,0.0
2011-07-26 00:00:00-04:00,26.240128349067444,26.70752790334133,26.108671876187774,26.20361328125,135600,0.0,0.0
2011-07-27 00:00:00-04:00,26.10866325812491,26.10866325812491,25.31992468119721,25.65587043762207,238000,0.0,0.0
2011-07-28 00:00:00-04:00,25.780019535371476,25.955295685318248,25.473289755364487,25.56092643737793,290500,0.0,0.0
2011-07-29 00:00:00-04:00,25.261513807064755,26.19631307545432,24.976692329097407,26.115978240966797,225100,0.0,0.0
2011-08-01 00:00:00-04:00,26.26203241023908,26.619886700800592,25.633963320225384,26.09406089782715,291800,0.0,0.0
2011-08-02 00:00:00-04:00,25.926095627104445,26.291251903542538,25.531726179930196,25.619365692138672,307100,0.0,0.0
2011-08-03 00:00:00-04:00,25.61205544766072,25.96260506264754,24.99129102681502,25.83845329284668,373700,0.0,0.0
2011-08-04 00:00:00-04:00,25.54633672804171,25.911493061122787,25.225000157862183,25.254213333129883,353500,0.0,0.0
2011-08-05 00:00:00-04:00,25.4586900160556,25.758117980460035,24.611527766575684,25.23229217529297,386500,0.0,0.0
2011-08-08 00:00:00-04:00,24.62614081665554,25.327240217078128,24.19525628778556,24.24637794494629,585600,0.0,0.0
2011-08-09 00:00:00-04:00,24.867135852401756,26.035637325872997,23.961550066030185,25.977210998535156,526200,0.0,0.0
2011-08-10 00:00:00-04:00,25.349140173961956,26.576065104860344,24.268278265488696,24.370521545410156,370000,0.0,0.0
2011-08-11 00:00:00-04:00,24.56770883181124,25.72890566593886,24.42895047794318,25.42947769165039,569500,0.0,0.0
2011-08-12 00:00:00-04:00,25.59744711557674,26.050239989074253,24.947469574768895,25.94069480895996,388100,0.0,0.0
2011-08-15 00:00:00-04:00,26.050240094948094,26.656400680541992,25.84575352916727,26.656400680541992,331600,0.0,0.0
2011-08-16 00:00:00-04:00,26.291244367656237,26.74403724059702,26.021029580601954,26.554157257080078,308900,0.0,0.0
2011-08-17 00:00:00-04:00,26.765964971373055,27.182243040409027,26.729447102994076,27.043481826782227,488200,0.0,0.0
2011-08-18 00:00:00-04:00,26.349674561828326,26.539554573229122,25.480600962396103,25.706998825073242,704000,0.0,0.0
2011-08-19 00:00:00-04:00,25.27611630236048,26.050245776464575,24.947475117164817,25.108144760131836,556000,0.0,0.0
2011-08-22 00:00:00-04:00,25.5171128500435,25.5171128500435,24.56770733942946,24.772193908691406,520600,0.0,0.0
2011-08-23 00:00:00-04:00,24.91096400101512,25.823854779205817,24.355924847759102,25.7800350189209,499500,0.0,0.0
2011-08-24 00:00:00-04:00,25.787339912628962,26.583380789049396,25.750822052470426,26.167102813720703,255000,0.0,0.0
2011-08-25 00:00:00-04:00,26.35697401373333,26.597975651443004,25.896876432388574,26.064847946166992,312500,0.0,0.0
2011-08-26 00:00:00-04:00,25.984514559502134,27.890627438837043,25.677781926075035,27.766475677490234,600400,0.0,0.0
2011-08-29 00:00:00-04:00,28.219275795834857,29.175986215859474,28.219275795834857,28.774314880371094,556300,0.0,0.0
2011-08-30 00:00:00-04:00,28.78891270192753,30.22762898300011,28.774308905927764,29.58495330810547,1229000,0.0,0.0
2011-08-31 00:00:00-04:00,29.884398966852277,30.125403532353808,28.723204268817856,28.869264602661133,540700,0.0,0.0
2011-09-01 00:00:00-04:00,28.949766625830957,28.949766625830957,28.005513119584858,28.2324275970459,654400,0.09,0.0
2011-09-02 00:00:00-04:00,27.778592455829838,28.195820094937872,27.214968517041736,27.258888244628906,356600,0.0,0.0
2011-09-06 00:00:00-04:00,26.48300706424476,27.756649278984796,25.8681444388354,27.712732315063477,301000,0.0,0.0
2011-09-07 00:00:00-04:00,27.94695513717729,28.29098612000649,27.507768906045598,28.27634620666504,357300,0.0,0.0
2011-09-08 00:00:00-04:00,28.034802150362097,28.452030061288557,27.55901735678088,27.712732315063477,207600,0.0,0.0
2011-09-09 00:00:00-04:00,27.537041463665158,27.851792568641358,27.16373350712089,27.36868667602539,301400,0.0,0.0
2011-09-12 00:00:00-04:00,26.929515657669292,27.50045854479417,26.724559581248787,27.33942222595215,310500,0.0,0.0
2011-09-13 00:00:00-04:00,27.44190568253302,28.4007967958382,27.339426233162552,28.0567684173584,350900,0.0,0.0
2011-09-14 00:00:00-04:00,28.10799021190629,28.898525953218552,27.705399592608828,28.539857864379883,430900,0.0,0.0
2011-09-15 00:00:00-04:00,28.6789424351348,28.6789424351348,28.00552018593666,28.14459800720215,273700,0.0,0.0
2011-09-16 00:00:00-04:00,28.19583587832072,28.422750409460242,27.617571706637865,28.239755630493164,609500,0.0,0.0
2011-09-19 00:00:00-04:00,27.734692218784225,28.400793197767367,26.790438354164866,27.998205184936523,219000,0.0,0.0
2011-09-20 00:00:00-04:00,28.100669995096375,28.415421150752646,27.580965637534796,27.661483764648438,180500,0.0,0.0
2011-09-21 00:00:00-04:00,27.690766057993486,27.903037839328427,26.797750811950742,26.92218589782715,207600,0.0,0.0
2011-09-22 00:00:00-04:00,26.051135702046547,26.988068035706345,25.582669535216645,26.117013931274414,414300,0.0,0.0
2011-09-23 00:00:00-04:00,26.080418525649165,26.131656844003217,24.887291700521363,25.121524810791016,662900,0.0,0.0
2011-09-26 00:00:00-04:00,25.253275774126774,25.96329630536317,25.20203746695284,25.88277816772461,241900,0.0,0.0
2011-09-27 00:00:00-04:00,26.468368110496538,26.468368110496538,25.714430418050924,25.79494857788086,360900,0.0,0.0
2011-09-28 00:00:00-04:00,25.8315372397145,25.846177153461465,24.777485788157335,24.792125701904297,229300,0.0,0.0
2011-09-29 00:00:00-04:00,25.319151000470704,25.319151000470704,23.72343672859065,24.887283325195312,776400,0.0,0.0
2011-09-30 00:00:00-04:00,24.50665458860492,24.784807367784406,24.096745376776102,24.133346557617188,521500,0.0,0.0
2011-10-03 00:00:00-04:00,23.884477472258865,24.51397990963826,23.36477161447979,23.70880126953125,516600,0.0,0.0
2011-10-04 00:00:00-04:00,23.503839166063365,25.355744593301516,23.06465161708852,25.304506301879883,546800,0.0,0.0
2011-10-05 00:00:00-04:00,25.275238548888268,25.670507950541275,24.667697320965726,25.172761917114258,319000,0.0,0.0
2011-10-06 00:00:00-04:00,25.15079411087616,25.816894762699068,25.15079411087616,25.75833511352539,279600,0.0,0.0
2011-10-07 00:00:00-04:00,25.729061946146732,26.248766345381398,24.535935441644437,24.733570098876953,375000,0.0,0.0
2011-10-10 00:00:00-04:00,25.194714037721837,25.78761799053615,24.85800439195088,25.729061126708984,302300,0.0,0.0
2011-10-11 00:00:00-04:00,25.509462845172358,25.93401193576725,25.158113317927185,25.83153533935547,377200,0.0,0.0
2011-10-12 00:00:00-04:00,26.051145209939826,26.20486020348005,25.57535751494813,25.93402862548828,166400,0.0,0.0
2011-10-13 00:00:00-04:00,25.86814128622508,25.92669816174337,25.121522275485976,25.443592071533203,275500,0.0,0.0
2011-10-14 00:00:00-04:00,25.707099859530466,25.89741594959446,25.443586991612996,25.729061126708984,253500,0.0,0.0
2011-10-17 00:00:00-04:00,25.641221153281997,25.838855800448965,24.726247486181975,24.792125701904297,222200,0.0,0.0
2011-10-18 00:00:00-04:00,24.85801235764285,25.326478587491447,24.287069489049742,25.209362030029297,317600,0.0,0.0
2011-10-19 00:00:00-04:00,25.21668302998937,25.575351260538167,24.806773688511797,24.901931762695312,247800,0.0,0.0
2011-10-20 00:00:00-04:00,24.528616351309616,26.27072724476175,23.789318751033846,25.860820770263672,881600,0.0,0.0
2011-10-21 00:00:00-04:00,26.33660001175959,26.84166443842713,25.67049933646855,26.409799575805664,389100,0.0,0.0
2011-10-24 00:00:00-04:00,26.607432184930367,27.317452619113674,26.263403996970546,27.07590103149414,312200,0.0,0.0
2011-10-25 00:00:00-04:00,26.97342042500381,27.141778023446832,26.029169798449185,26.080408096313477,281500,0.0,0.0
2011-10-26 00:00:00-04:00,26.300007424477105,26.644038470650653,25.487510234233138,26.175569534301758,206000,0.0,0.0
2011-10-27 00:00:00-04:00,27.08321659000758,27.7419986509999,25.787613731574446,27.52972412109375,267100,0.0,0.0
2011-10-28 00:00:00-04:00,27.522422092601275,27.800575023897405,26.93683917851436,27.105194091796875,244500,0.0,0.0
2011-10-31 00:00:00-04:00,26.636709784142514,27.478486574742604,26.519593280363846,27.14909553527832,180900,0.0,0.0
2011-11-01 00:00:00-04:00,26.343923002689987,27.324774883685844,26.043811752131152,26.878267288208008,336300,0.0,0.0
2011-11-02 00:00:00-04:00,27.06126375376226,28.01283586823881,26.958787143441768,27.93231773376465,389000,0.0,0.0
2011-11-03 00:00:00-04:00,28.166552341840646,28.166552341840646,27.105182204863002,27.602928161621094,237300,0.0,0.0
2011-11-04 00:00:00-04:00,27.383332234989467,27.807881363603574,27.07590241822318,27.588285446166992,129600,0.0,0.0
2011-11-07 00:00:00-05:00,27.617568387024267,27.756643397102177,27.1125038630039,27.537050247192383,153500,0.0,0.0
2011-11-08 00:00:00-05:00,27.624886206703632,27.734681371472348,26.790427876159995,27.683443069458008,213900,0.0,0.0
2011-11-09 00:00:00-05:00,27.06126776576211,27.280860933616093,26.47568226177999,26.483003616333008,217900,0.0,0.0
2011-11-10 00:00:00-05:00,26.892906304521365,27.141779244895456,26.482997110882287,27.07590103149414,191500,0.0,0.0
2011-11-11 00:00:00-05:00,27.288186240810283,28.034805429881292,26.96611636783584,28.005525588989258,157900,0.0,0.0
2011-11-14 00:00:00-05:00,27.961598952672734,27.961598952672734,27.566329614126005,27.844482421875,152200,0.0,0.0
2011-11-15 00:00:00-05:00,27.668808387168593,28.13727454689078,27.449215223833637,27.990880966186523,115500,0.0,0.0
2011-11-16 00:00:00-05:00,27.720045212467202,27.983558111250492,27.00270609482292,27.097864151000977,141300,0.0,0.0
2011-11-17 00:00:00-05:00,27.156419142610922,27.471170328569855,27.07590380002362,27.288175582885742,140600,0.0,0.0
2011-11-18 00:00:00-05:00,27.2735262961727,27.807873227157838,27.083213054660863,27.471160888671875,114300,0.0,0.0
2011-11-21 00:00:00-05:00,27.11981585556896,27.698079817674568,27.053937647325565,27.54436492919922,167600,0.0,0.0
2011-11-22 00:00:00-05:00,27.57364158721799,27.807877385123373,27.053937280498875,27.40528678894043,118900,0.0,0.0
2011-11-23 00:00:00-05:00,27.097860042276174,27.361372901104215,26.819707269926802,26.95146369934082,156400,0.0,0.0
2011-11-25 00:00:00-05:00,26.81971938179785,27.11983076382149,26.629406004630354,26.812400817871094,96700,0.0,0.0
2011-11-28 00:00:00-05:00,27.529728557135737,28.027474462917674,27.529728557135737,28.012834548950195,204800,0.0,0.0
2011-11-29 00:00:00-05:00,27.99819876495899,28.83265443824811,27.976240286907746,28.74481773376465,225800,0.0,0.0
2011-11-30 00:00:00-05:00,29.78422258230157,30.340528150069634,29.242559720940054,29.38895606994629,441800,0.0,0.0
2011-12-01 00:00:00-05:00,29.132767992627222,29.257205893197177,28.137275957182407,28.67894172668457,312500,0.0,0.0
2011-12-02 00:00:00-05:00,28.898525888916293,29.140080259957287,28.276344956932004,28.547176361083984,142900,0.0,0.0
2011-12-05 00:00:00-05:00,28.949767022927592,29.528031065749246,28.74481380968573,29.38895606994629,336500,0.0,0.0
2011-12-06 00:00:00-05:00,29.38895599414532,29.38895599414532,28.715533907364804,28.78141212463379,322000,0.0,0.0
2011-12-07 00:00:00-05:00,28.532534834700318,28.781407751874312,27.99819061682508,28.48129653930664,192600,0.0,0.0
2011-12-08 00:00:00-05:00,28.19583252150105,28.70089704610001,28.129954297224803,28.33490753173828,167900,0.0,0.0
2011-12-09 00:00:00-05:00,28.42294763273347,28.892505411484677,28.070776499884936,28.775115966796875,179600,0.09,0.0
2011-12-12 00:00:00-05:00,28.5036603664692,29.39875693808847,28.18817560102261,29.29604148864746,236200,0.0,0.0
2011-12-13 00:00:00-05:00,29.3914246403128,30.154454978987996,29.222677411625668,29.34006690979004,702100,0.0,0.0
2011-12-14 00:00:00-05:00,29.127285916830438,29.52347636417668,28.731095469484195,28.745769500732422,196400,0.0,0.0
2011-12-15 00:00:00-05:00,29.046582021338477,29.413424429893503,28.731097326078316,29.024572372436523,163700,0.0,0.0
2011-12-16 00:00:00-05:00,29.185986729127194,29.743588864441357,28.48898825816349,28.91452407836914,371000,0.0,0.0
2011-12-19 00:00:00-05:00,29.105269998592103,29.318039228132164,28.32022761256423,28.40827178955078,178800,0.0,0.0
2011-12-20 00:00:00-05:00,28.892505549400802,29.347389299889244,28.224852554779726,29.259347915649414,202800,0.0,0.0
2011-12-21 00:00:00-05:00,29.325387903542968,29.824293885899515,28.65773472109316,29.61152458190918,141400,0.0,0.0
2011-12-22 00:00:00-05:00,29.714240486864323,29.875652071540284,28.84849202161577,29.07593536376953,157400,0.0,0.0
2011-12-23 00:00:00-05:00,29.17864091789472,29.494125563479127,28.833808212538504,29.32537841796875,72100,0.0,0.0
2011-12-27 00:00:00-05:00,29.3327201561321,29.516141369813855,29.083267193573487,29.369403839111328,100300,0.0,0.0
2011-12-28 00:00:00-05:00,29.28135298774175,29.362058743514385,28.87782700766328,28.907175064086914,135200,0.0,0.0
2011-12-29 00:00:00-05:00,28.965872086751457,29.053913468509894,28.67973549694774,28.709083557128906,165600,0.0,0.0
2011-12-30 00:00:00-05:00,28.66508484561419,28.84850617316421,28.452315433947202,28.459653854370117,143800,0.0,0.0
2012-01-03 00:00:00-05:00,28.97321643854903,29.33272045369225,28.188171061144615,28.342247009277344,224100,0.0,0.0
2012-01-04 00:00:00-05:00,28.334906910604015,28.621043542051652,28.100127992555414,28.173498153686523,220100,0.0,0.0
2012-01-05 00:00:00-05:00,28.078117422108036,28.5330012110501,27.476496114505036,28.37158966064453,239500,0.0,0.0
2012-01-06 00:00:00-05:00,28.305565048155987,28.400942070915534,27.139005934376282,27.747962951660156,659900,0.0,0.0
2012-01-09 00:00:00-05:00,27.81399206038887,28.298223940886526,27.659918916318148,28.24686622619629,164400,0.0,0.0
2012-01-10 00:00:00-05:00,28.577014821539017,28.86315135863965,28.158814836732773,28.386255264282227,229300,0.0,0.0
2012-01-11 00:00:00-05:00,28.166160446315754,28.59903461212317,28.041435367435323,28.24686622619629,191000,0.0,0.0
2012-01-12 00:00:00-05:00,28.239528214957176,28.41561099359838,27.843337764836505,28.29088592529297,204500,0.0,0.0
2012-01-13 00:00:00-05:00,27.997411646905253,28.665064697966404,27.997411646905253,28.37158966064453,105500,0.0,0.0
2012-01-17 00:00:00-05:00,28.488976614235284,28.958534347560892,28.488976614235284,28.599027633666992,146000,0.0,0.0
2012-01-18 00:00:00-05:00,28.687083947852454,29.119958233454714,28.503662687830925,29.053926467895508,175800,0.0,0.0
2012-01-19 00:00:00-05:00,29.156628978345573,29.26667999565325,28.83380594382618,29.105268478393555,132600,0.0,0.0
2012-01-20 00:00:00-05:00,29.090598891550858,29.340051796503328,28.4669652297772,28.606367111206055,197000,0.0,0.0
2012-01-23 00:00:00-05:00,28.606365942027722,29.156629433510712,28.606365942027722,28.958534240722656,161800,0.0,0.0
2012-01-24 00:00:00-05:00,29.090604459371903,30.007710491523785,29.090604459371903,29.633529663085938,291800,0.0,0.0
2012-01-25 00:00:00-05:00,29.67755411916833,31.13024985371291,29.67755411916833,30.829439163208008,280800,0.0,0.0
2012-01-26 00:00:00-05:00,30.91748358699691,31.144926930838672,30.484609351160003,30.8441162109375,151800,0.0,0.0
2012-01-27 00:00:00-05:00,30.697377812714365,31.321008888363682,30.374557448663154,31.144926071166992,87200,0.0,0.0
2012-01-30 00:00:00-05:00,31.042203252137334,31.350349508406573,30.89546574014878,31.26230812072754,125100,0.0,0.0
2012-01-31 00:00:00-05:00,31.438385791944626,31.878598256440128,30.660681862603393,30.770732879638672,296500,0.0,0.0
2012-02-01 00:00:00-05:00,31.027531996776407,31.54844755209078,30.778079043715433,31.159595489501953,171900,0.0,0.0
2012-02-02 00:00:00-05:00,31.29165752858208,32.05468758592326,30.99084687552252,31.966646194458008,181800,0.0,0.0
2012-02-03 00:00:00-05:00,32.4728812693071,32.90575532331579,32.23810240599237,32.465545654296875,219900,0.0,0.0
2012-02-06 00:00:00-05:00,32.42887491779685,32.84707510982344,32.31882105724841,32.71501159667969,175300,0.0,0.0
2012-02-07 00:00:00-05:00,32.64896202087402,33.05248795800435,32.4728764998581,33.015804290771484,139200,0.0,0.0
2012-02-08 00:00:00-05:00,33.06717483514079,33.345975852269476,32.443543853474885,32.582942962646484,104400,0.0,0.0
2012-02-09 00:00:00-05:00,32.55359895564884,32.905767379651834,32.399525794919874,32.41419982910156,136500,0.0,0.0
2012-02-10 00:00:00-05:00,32.02533841126437,32.72233664021259,32.017999996913424,32.61228561401367,183200,0.0,0.0
2012-02-13 00:00:00-05:00,32.78838096734162,32.92778290569455,32.568276031630695,32.92044448852539,86300,0.0,0.0
2012-02-14 00:00:00-05:00,32.86174212336653,33.382657647922336,32.7150046069153,33.34597396850586,319000,0.0,0.0
2012-02-15 00:00:00-05:00,33.55874770019226,33.78618822215928,33.125873508298795,33.69814682006836,306000,0.0,0.0
2012-02-16 00:00:00-05:00,33.690811163479786,34.387812417521644,33.690811163479786,34.36580276489258,271500,0.0,0.0
2012-02-17 00:00:00-05:00,34.55654636889401,34.908717468649236,34.27774821319969,34.57122039794922,297400,0.0,0.0
2012-02-21 00:00:00-05:00,34.62992588152627,34.93807217868423,34.48318835006673,34.64459991455078,383900,0.0,0.0
2012-02-22 00:00:00-05:00,34.248413993467956,34.637266124803084,34.06499275434218,34.14569854736328,159700,0.0,0.0
2012-02-23 00:00:00-05:00,34.08700100857088,34.806011900582995,34.006295218861766,34.585906982421875,128200,0.0,0.0
2012-02-24 00:00:00-05:00,34.4538270310439,34.54187119532402,33.800848205948036,34.00627899169922,283800,0.0,0.0
2012-02-27 00:00:00-05:00,33.89624580549215,34.47585759720362,33.55141297772705,33.976951599121094,323000,0.0,0.0
2012-02-28 00:00:00-05:00,34.10900481506053,34.36579335470452,33.69080193812076,34.28508758544922,255200,0.0,0.0
2012-02-29 00:00:00-05:00,34.44649843140206,34.55654946098609,33.64678196843696,33.654117584228516,320600,0.0,0.0
2012-03-01 00:00:00-05:00,34.020968983641765,34.60791636034872,33.668800557617594,33.786190032958984,324700,0.0,0.0
2012-03-02 00:00:00-05:00,33.92558674679116,34.769322596555895,33.34597507687532,33.36064910888672,472900,0.0,0.0
2012-03-05 00:00:00-05:00,33.419343538483155,34.028303292471875,32.95712131065435,33.661460876464844,262100,0.0,0.0
2012-03-06 00:00:00-05:00,33.45602797059494,33.72749337965346,32.839732585930975,32.87641906738281,296700,0.0,0.0
2012-03-07 00:00:00-05:00,33.0084880923978,33.27261233110268,32.59028508384645,33.24326705932617,259000,0.0,0.0
2012-03-08 00:00:00-05:00,33.39029760931138,33.55938349325587,32.603692376101996,32.780128479003906,280000,0.09,0.0
2012-03-09 00:00:00-05:00,32.75072237696476,32.765425619408035,32.47136637925603,32.736019134521484,212900,0.0,0.0
2012-03-12 00:00:00-04:00,32.71395145574513,32.80952108791405,32.45665183570058,32.640438079833984,131600,0.0,0.0
2012-03-13 00:00:00-04:00,32.978605217120524,32.978605217120524,32.0890804383203,32.25816345214844,294800,0.0,0.0
2012-03-14 00:00:00-04:00,32.28757953799277,32.61839547677481,32.19936288910313,32.41255569458008,172200,0.0,0.0
2012-03-15 00:00:00-04:00,32.412541485167,32.412541485167,31.919992902386266,32.346378326416016,179100,0.0,0.0
2012-03-16 00:00:00-04:00,32.434599495747136,32.55222259402065,31.375991611285507,31.508317947387695,314100,0.0,0.0
2012-03-19 00:00:00-04:00,31.405397910835283,31.6700505815556,31.214258624490228,31.545074462890625,267200,0.0,0.0
2012-03-20 00:00:00-04:00,31.309818124723964,31.73620066381274,31.052518558407893,31.56711769104004,174500,0.0,0.0
2012-03-21 00:00:00-04:00,31.670054443925817,31.912650885435095,31.39069850138999,31.42010498046875,170300,0.0,0.0
2012-03-22 00:00:00-04:00,31.162797548130488,31.51566682799084,31.023121001213607,31.331880569458008,185600,0.0,0.0
2012-03-23 00:00:00-04:00,31.287772819351897,31.434799578732882,30.420301478096842,31.140743255615234,220500,0.0,0.0
2012-03-26 00:00:00-04:00,31.48625448384145,31.964096941773366,31.243655343320572,31.934690475463867,282600,0.0,0.0
2012-03-27 00:00:00-04:00,32.08908814689943,32.20671126322517,31.51567300099963,31.537729263305664,286300,0.0,0.0
2012-03-28 00:00:00-04:00,31.633289904635024,31.802372925873584,30.90549789166712,31.30247688293457,138100,0.0,0.0
2012-03-29 00:00:00-04:00,31.008419940833857,31.19220621226869,30.670253874439187,30.854040145874023,188100,0.0,0.0
2012-03-30 00:00:00-04:00,31.126033586624054,31.133383801331913,30.501161575317383,30.501161575317383,258500,0.0,0.0
2012-04-02 00:00:00-04:00,30.501174198921184,30.707013948193875,30.023328718845278,30.64820098876953,342300,0.0,0.0
2012-04-03 00:00:00-04:00,30.55997032075163,30.795216441710718,30.140937992521078,30.229154586791992,209000,0.0,0.0
2012-04-04 00:00:00-04:00,29.905709845991918,30.13360588955022,29.751330012141125,29.979223251342773,165100,0.0,0.0
2012-04-05 00:00:00-04:00,30.030680501093222,30.118899944825678,29.405808198615212,29.413158416748047,239400,0.0,0.0
2012-04-09 00:00:00-04:00,29.11174426148326,29.332290030598514,28.979417921756486,29.163204193115234,345600,0.0,0.0
2012-04-10 00:00:00-04:00,29.07500128084172,29.17057097224185,28.56039891746207,28.626562118530273,367600,0.0,0.0
2012-04-11 00:00:00-04:00,28.905903661032703,29.192609786987305,28.773577325306597,29.192609786987305,237900,0.0,0.0
2012-04-12 00:00:00-04:00,29.19261285465767,29.560185424888132,29.038233048206354,29.280832290649414,149800,0.0,0.0
2012-04-13 00:00:00-04:00,29.097044810180705,29.376397932943146,28.87649903361788,29.28818130493164,226500,0.0,0.0
2012-04-16 00:00:00-04:00,29.302888399223953,29.810137582477108,28.96472227705518,29.567541122436523,154600,0.0,0.0
2012-04-17 00:00:00-04:00,29.802780591452375,30.75111836599616,29.802780591452375,30.133596420288086,314000,0.0,0.0
2012-04-18 00:00:00-04:00,29.979210022430458,30.692301517966158,29.883643198516403,30.479108810424805,225900,0.0,0.0
2012-04-19 00:00:00-04:00,30.390892927182616,30.765815624946278,29.993913973534866,30.14094352722168,248800,0.0,0.0
2012-04-20 00:00:00-04:00,30.559984389154774,30.670257286024185,29.964515793901228,30.52322769165039,197700,0.0,0.0
2012-04-23 00:00:00-04:00,30.14094406342044,30.383543251972775,29.832184519105326,30.060077667236328,135800,0.0,0.0
2012-04-24 00:00:00-04:00,29.986562793061953,30.060076165362492,29.126441754497577,29.479310989379883,174500,0.0,0.0
2012-04-25 00:00:00-04:00,29.788072253027693,29.817478722634174,29.346983621996376,29.641042709350586,130400,0.0,0.0
2012-04-26 00:00:00-04:00,29.65575983084597,30.096845864066218,29.523433460008576,29.935115814208984,143100,0.0,0.0
2012-04-27 00:00:00-04:00,29.986581466862564,30.92021645913799,29.751335163777416,30.70702362060547,277800,0.0,0.0
2012-04-30 00:00:00-04:00,30.83933849313695,31.206911054904122,30.126246825914688,30.33208656311035,178000,0.0,0.0
2012-05-01 00:00:00-04:00,30.251215258082212,31.155443193435588,29.236714460514,29.29552459716797,426300,0.0,0.0
2012-05-02 00:00:00-04:00,28.685361139236477,29.655752413083345,28.420708463758984,29.398452758789062,561800,0.0,0.0
2012-05-03 00:00:00-04:00,29.47932149580044,29.596944616015385,28.964722097582808,29.199968338012695,202000,0.0,0.0
2012-05-04 00:00:00-04:00,28.986779144101718,29.354351790814288,28.61920649738915,28.678016662597656,202600,0.0,0.0
2012-05-07 00:00:00-04:00,28.70006513740857,28.90590486629595,28.494222604165213,28.589792251586914,193000,0.0,0.0
2012-05-08 00:00:00-04:00,28.48688178392153,28.641261631511316,27.788493153508846,27.942873001098633,421800,0.0,0.0
2012-05-09 00:00:00-04:00,27.71496852229824,28.258974280544848,27.641452335808314,28.12664794921875,335200,0.0,0.0
2012-05-10 00:00:00-04:00,28.21486311472803,29.25876756613361,27.96491372709699,29.244064331054688,334000,0.0,0.0
2012-05-11 00:00:00-04:00,28.994131910584745,29.258784688167644,28.626559231576717,29.06029510498047,186700,0.0,0.0
2012-05-14 00:00:00-04:00,28.90589892271526,29.0308750212395,28.33248676480101,28.4060001373291,234700,0.0,0.0
2012-05-15 00:00:00-04:00,28.413355883223502,28.89119845921198,27.876697555729933,28.69270896911621,205000,0.0,0.0
2012-05-16 00:00:00-04:00,28.707410257839232,29.398448318173163,28.707410257839232,28.883846282958984,217700,0.0,0.0
2012-05-17 00:00:00-04:00,28.61184854572744,28.73682468234853,27.47237409806019,27.531187057495117,491300,0.0,0.0
2012-05-18 00:00:00-04:00,27.479723163776484,28.54568406303469,27.479723163776484,28.192811965942383,502600,0.0,0.0
2012-05-21 00:00:00-04:00,28.251629251242765,28.619201838113625,27.928166384364673,28.20751953125,190200,0.0,0.0
2012-05-22 00:00:00-04:00,28.119297241702228,28.29573328184119,27.7149680383136,27.861997604370117,468300,0.0,0.0
2012-05-23 00:00:00-04:00,27.773775322979468,28.06783442482088,27.112146550369438,27.200363159179688,708000,0.0,0.0
2012-05-24 00:00:00-04:00,24.62736156179365,26.24468138940952,23.973082852580283,24.899364471435547,2347500,0.0,0.0
2012-05-25 00:00:00-04:00,24.958170480460275,25.068440535341594,24.48767818251391,24.781734466552734,478300,0.0,0.0
2012-05-29 00:00:00-04:00,25.200767331291527,25.36985032885866,24.730275024260305,25.333093643188477,389600,0.0,0.0
2012-05-30 00:00:00-04:00,25.031687122407913,25.26693330213139,24.95082072231128,25.083147048950195,327400,0.0,0.0
2012-05-31 00:00:00-04:00,25.13476356571822,25.260104245211327,24.847214653846372,24.913572311401367,363400,0.1,0.0
2012-06-01 00:00:00-04:00,24.434318355291616,24.847210693444985,24.043547107863624,24.21312713623047,339900,0.0,0.0
2012-06-04 00:00:00-04:00,24.22050492247688,25.0094222460486,24.15414725915778,24.861963272094727,439300,0.0,0.0
2012-06-05 00:00:00-04:00,24.677629730102936,25.090519240013982,24.522793351287454,24.76610565185547,486200,0.0,0.0
2012-06-06 00:00:00-04:00,24.86196317121476,25.311720352708207,24.685008465548623,24.994678497314453,231600,0.0,0.0
2012-06-07 00:00:00-04:00,25.237980967046017,25.503411544717128,24.56703270131019,24.626018524169922,224900,0.0,0.0
2012-06-08 00:00:00-04:00,24.670255112972153,25.024161612825445,24.397452713364192,24.906192779541016,286400,0.0,0.0
2012-06-11 00:00:00-04:00,25.20111161244096,25.466542141434925,24.478552290512024,24.508045196533203,336100,0.0,0.0
2012-06-12 00:00:00-04:00,24.52280008911938,24.80297719968191,24.52280008911938,24.70712661743164,294300,0.0,0.0
2012-06-13 00:00:00-04:00,24.530169661314435,24.692377872774937,23.88871426273732,24.05829429626465,269800,0.0,0.0
2012-06-14 00:00:00-04:00,24.05091827137127,24.331095307899,23.955070527047702,24.235244750976562,180700,0.0,0.0
2012-06-15 00:00:00-04:00,24.124651385204423,24.456436809890768,23.962443177509613,24.294231414794922,515300,0.0,0.0
2012-06-18 00:00:00-04:00,24.2131301200156,24.42694954358323,23.925581218541552,24.360591888427734,205200,0.0,0.0
2012-06-19 00:00:00-04:00,24.48593321520884,25.252732181284838,24.375338995405166,24.618648529052734,234300,0.0,0.0
2012-06-20 00:00:00-04:00,24.56703415574921,24.75136064420027,24.109905251918306,24.24999237060547,119500,0.0,0.0
2012-06-21 00:00:00-04:00,24.279486694925804,24.41957382175495,23.932951976465237,24.073041915893555,292400,0.0,0.0
2012-06-22 00:00:00-04:00,24.191005203041165,24.89144348880448,24.050915295809684,24.839832305908203,349700,0.0,0.0
2012-06-25 00:00:00-04:00,24.58915079982985,24.67762953347624,24.198379570320817,24.54491424560547,204800,0.0,0.0
2012-06-26 00:00:00-04:00,24.515421512607347,24.736612723133657,24.227872657663255,24.626018524169922,346800,0.0,0.0
2012-06-27 00:00:00-04:00,23.991936362372897,24.22787404209613,23.17352630532087,23.62328338623047,907900,0.0,0.0
2012-06-28 00:00:00-04:00,23.446327005459565,23.896084053477495,23.29886666956638,23.70438575744629,244600,0.0,0.0
2012-06-29 00:00:00-04:00,24.1541359494757,24.626014008019595,23.792857694810394,24.508045196533203,267500,0.0,0.0
2012-07-02 00:00:00-04:00,24.478556601670086,24.685001354980695,24.161514837600897,24.54491424560547,276700,0.0,0.0
2012-07-03 00:00:00-04:00,24.441687301752857,25.024156720123965,24.323718491533587,24.965173721313477,126900,0.0,0.0
2012-07-05 00:00:00-04:00,24.861956658738627,25.201116708774357,24.69237663372076,25.075773239135742,162800,0.0,0.0
2012-07-06 00:00:00-04:00,24.839833517824093,25.09051762380748,24.648135230942053,25.06102752685547,107800,0.0,0.0
2012-07-09 00:00:00-04:00,24.965175381693193,25.319081835888557,24.795595381511987,25.289588928222656,164000,0.0,0.0
2012-07-10 00:00:00-04:00,25.333836338706718,25.636131706830312,25.28222514019289,25.459177017211914,151300,0.0,0.0
2012-07-11 00:00:00-04:00,25.569776039185257,26.373439809055252,25.400195971931904,26.233352661132812,266400,0.0,0.0
2012-07-12 00:00:00-04:00,26.041647798199303,26.7420890634951,25.78359182221626,26.587255477905273,281900,0.0,0.0
2012-07-13 00:00:00-04:00,26.64623475362261,27.118110079210805,26.388178813878692,26.594623565673828,215500,0.0,0.0
2012-07-16 00:00:00-04:00,26.653612045592237,26.808445624878722,26.46191091758119,26.579879760742188,121300,0.0,0.0
2012-07-17 00:00:00-04:00,26.764201905080782,26.96327482293014,26.432413708665184,26.543010711669922,128300,0.0,0.0
2012-07-18 00:00:00-04:00,26.46190512957359,27.435148575924252,26.307071584153817,26.845304489135742,243300,0.0,0.0
2012-07-19 00:00:00-04:00,26.911671149098385,27.52363652801601,26.5577645783482,27.435157775878906,269100,0.0,0.0
2012-07-20 00:00:00-04:00,27.147602661745427,27.221332125751967,26.62411615454222,26.63886260986328,329400,0.0,0.0
2012-07-23 00:00:00-04:00,26.203852324985874,26.29970006678292,25.746720642543426,25.97528648376465,185200,0.0,0.0
2012-07-24 00:00:00-04:00,26.078515707110057,26.078515707110057,25.555029056400475,25.776220321655273,166300,0.0,0.0
2012-07-25 00:00:00-04:00,25.9679205563249,26.351320048330653,25.798340498579947,25.916309356689453,230000,0.0,0.0
2012-07-26 00:00:00-04:00,23.96244816767489,25.326463322948868,22.650042807915852,25.016796112060547,1823200,0.0,0.0
2012-07-27 00:00:00-04:00,25.0241649484006,25.105269059456635,24.434320703355652,24.729244232177734,723500,0.0,0.0
2012-07-30 00:00:00-04:00,24.79559400245127,25.046278078472124,24.655504105128887,24.780847549438477,318800,0.0,0.0
2012-07-31 00:00:00-04:00,24.648140116544567,24.773480788081187,24.20575763599281,24.382709503173828,357800,0.0,0.0
2012-08-01 00:00:00-04:00,24.500669661914333,24.611266649123767,24.176256145417266,24.308971405029297,293800,0.0,0.0
2012-08-02 00:00:00-04:00,24.220498086413645,24.58915104244794,24.014053331066073,24.493303298950195,174000,0.0,0.0
2012-08-03 00:00:00-04:00,24.817717438008273,25.25272804827819,24.22787325779455,24.8767032623291,227700,0.0,0.0
2012-08-06 00:00:00-04:00,24.83984203180632,25.319092132174827,24.699754882323038,25.274852752685547,163700,0.0,0.0
2012-08-07 00:00:00-04:00,25.407567585610792,26.321828389120565,25.407567585610792,25.93842887878418,133800,0.0,0.0
2012-08-08 00:00:00-04:00,25.931049667926093,26.42504613138868,25.518160123944426,25.746723175048828,224200,0.0,0.0
2012-08-09 00:00:00-04:00,25.650876022978057,26.543015594318874,25.628754930748713,26.203855514526367,190200,0.0,0.0
2012-08-10 00:00:00-04:00,26.056397372861575,26.43979687775852,25.53291072318671,26.262842178344727,161300,0.0,0.0
2012-08-13 00:00:00-04:00,26.314443081491074,26.587248253515988,26.137491263927355,26.277578353881836,143600,0.0,0.0
2012-08-14 00:00:00-04:00,26.28495821103535,26.601999994163272,26.130121824145697,26.240718841552734,279200,0.0,0.0
2012-08-15 00:00:00-04:00,26.25546500548371,26.86005565201423,25.776215018858785,25.805707931518555,233200,0.0,0.0
2012-08-16 00:00:00-04:00,25.73198362778112,26.329199759729473,25.628758412750994,26.255470275878906,197000,0.0,0.0
2012-08-17 00:00:00-04:00,26.189108742417826,26.78632759864646,26.189108742417826,26.66835594177246,171400,0.0,0.0
2012-08-20 00:00:00-04:00,26.675739776061373,26.675739776061373,25.62876346103571,26.144878387451172,203500,0.0,0.0
2012-08-21 00:00:00-04:00,26.152248560774083,26.425051033310325,25.842578532744096,26.026905059814453,229600,0.0,0.0
2012-08-22 00:00:00-04:00,26.07113936545006,26.380806520619778,25.73197929666445,25.864694595336914,183000,0.0,0.0
2012-08-23 00:00:00-04:00,25.8720606234543,26.01214771285904,25.584511811592854,25.93104362487793,230100,0.0,0.0
2012-08-24 00:00:00-04:00,25.849952459154473,25.960546684800487,25.437060037317263,25.69511604309082,208700,0.0,0.0
2012-08-27 00:00:00-04:00,25.7172328628871,25.7172328628871,24.979926897423816,25.038909912109375,197100,0.0,0.0
2012-08-28 00:00:00-04:00,25.083147903214435,25.304339118169985,24.950432611721325,25.2822208404541,133200,0.0,0.0
2012-08-29 00:00:00-04:00,25.341199177121126,25.341199177121126,24.419566940990464,24.950428009033203,217000,0.0,0.0
2012-08-30 00:00:00-04:00,24.920943719164157,25.06840549045139,24.86933252110353,24.884078979492188,137000,0.0,0.0
2012-08-31 00:00:00-04:00,25.120015764603462,25.171626960765842,24.847213325945273,24.957807540893555,150200,0.0,0.0
2012-09-04 00:00:00-04:00,24.906194784198696,25.20849011960872,24.817718855263806,25.120014190673828,164500,0.0,0.0
2012-09-05 00:00:00-04:00,24.99468425864636,25.842584801282275,24.99468425864636,25.783601760864258,233400,0.0,0.0
2012-09-06 00:00:00-04:00,25.85753247353364,26.922296841626586,25.85753247353364,26.885326385498047,361600,0.1,0.0
2012-09-07 00:00:00-04:00,26.877935430914487,27.01842713837547,26.678294367818733,26.988849639892578,150600,0.0,0.0
2012-09-10 00:00:00-04:00,27.011024465845786,27.572985511063518,26.951872304628793,27.358552932739258,246600,0.0,0.0
2012-09-11 00:00:00-04:00,27.306793939110015,27.499041990340782,27.255034739906932,27.447282791137695,126800,0.0,0.0
2012-09-12 00:00:00-04:00,27.506445174903103,27.617356565611708,27.21807161012894,27.47686767578125,99000,0.0,0.0
2012-09-13 00:00:00-04:00,27.49905151627736,28.23847212750933,27.29940761276483,28.00185775756836,150800,0.0,0.0
2012-09-14 00:00:00-04:00,28.083183277103416,29.0814023965964,27.698684374113302,28.896547317504883,226100,0.0,0.0
2012-09-17 00:00:00-04:00,28.859570225447147,28.859570225447147,27.824383611945546,27.95747947692871,355100,0.0,0.0
2012-09-18 00:00:00-04:00,27.950089569781603,27.950089569781603,26.988843647827572,27.136728286743164,152000,0.0,0.0
2012-09-19 00:00:00-04:00,27.025806504000332,27.491641998380636,27.025806504000332,27.373334884643555,178700,0.0,0.0
2012-09-20 00:00:00-04:00,27.336366837867356,27.425096475785715,26.796590407812158,26.959260940551758,167000,0.0,0.0
2012-09-21 00:00:00-04:00,27.28461627656629,27.380738906101396,26.175485579480917,26.626529693603516,567300,0.0,0.0
2012-09-24 00:00:00-04:00,26.486040286451328,26.685684146379174,26.10154131407161,26.242033004760742,294700,0.0,0.0
2012-09-25 00:00:00-04:00,26.3233714635853,26.478651928759987,26.10894163954859,26.264219284057617,210200,0.0,0.0
2012-09-26 00:00:00-04:00,26.249421390366052,26.249421390366052,25.702249111840615,25.872318267822266,382500,0.0,0.0
2012-09-27 00:00:00-04:00,25.864936890304605,26.18288803100586,25.702263426504082,26.18288803100586,315000,0.0,0.0
2012-09-28 00:00:00-04:00,25.990627964678552,26.197664772284703,25.754013664367253,26.02020263671875,176300,0.0,0.0
2012-10-01 00:00:00-04:00,26.020200691785167,26.242029049827824,24.82234053341262,24.874099731445312,445700,0.0,0.0
2012-10-02 00:00:00-04:00,25.14029346963242,25.24381187378922,24.637487374586577,24.755794525146484,378400,0.0,0.0
2012-10-03 00:00:00-04:00,24.748404843573848,25.347333638652138,24.674461101754385,25.2659969329834,202100,0.0,0.0
2012-10-04 00:00:00-04:00,25.251214444239427,26.32337205031771,25.08114522522566,26.30858612060547,258900,0.0,0.0
2012-10-05 00:00:00-04:00,26.30858375058295,26.86314914680267,26.16809204498139,26.471254348754883,115600,0.0,0.0
2012-10-08 00:00:00-04:00,26.463853533133875,26.96665956885127,26.256813928584894,26.848352432250977,117600,0.0,0.0
2012-10-09 00:00:00-04:00,26.90750264361164,26.90750264361164,26.471244580084278,26.500822067260742,124700,0.0,0.0
2012-10-10 00:00:00-04:00,26.559975293573384,26.73004444137408,26.367727260491282,26.486034393310547,146700,0.0,0.0
2012-10-11 00:00:00-04:00,26.5895549260678,26.981449626923084,26.51561401984253,26.803987503051758,124400,0.0,0.0
2012-10-12 00:00:00-04:00,26.73743874996001,26.96666006538447,26.58955412132051,26.67089080810547,106500,0.0,0.0
2012-10-15 00:00:00-04:00,25.51000537643381,25.51739833979808,24.585729819316644,25.01459503173828,871500,0.0,0.0
2012-10-16 00:00:00-04:00,25.14029469501336,25.14029469501336,24.105104961658533,24.156864166259766,307900,0.0,0.0
2012-10-17 00:00:00-04:00,24.252996041930157,24.415669482754627,23.661460103476415,24.408273696899414,358900,0.0,0.0
2012-10-18 00:00:00-04:00,24.208618140719054,25.066345444006327,24.06812650009603,25.036767959594727,344800,0.0,0.0
2012-10-19 00:00:00-04:00,24.95544431972251,25.140299462831564,24.45263810481263,24.84453010559082,422000,0.0,0.0
2012-10-22 00:00:00-04:00,24.56354384299364,24.970224453370324,24.238197098160562,24.61530303955078,293600,0.0,0.0
2012-10-23 00:00:00-04:00,24.48960856930131,24.948051355091028,24.223416711917768,24.84453010559082,176400,0.0,0.0
2012-10-24 00:00:00-04:00,24.948038892395854,24.948038892395854,24.28995254231294,24.378684997558594,318100,0.0,0.0
2012-10-25 00:00:00-04:00,23.92024335144417,25.399083813868277,23.402650035795034,25.081132888793945,833500,0.0,0.0
2012-10-26 00:00:00-04:00,25.014589816782006,25.162471618558737,24.171648315065987,24.718820571899414,544600,0.0,0.0
2012-10-31 00:00:00-04:00,24.851914422343384,25.38429789142865,24.245590058402648,25.081132888793945,423700,0.0,0.0
2012-11-01 00:00:00-04:00,25.118111351919765,25.96105013853537,24.88149705464749,25.606128692626953,551900,0.0,0.0
2012-11-02 00:00:00-04:00,25.598729059328043,25.938864528584546,24.711424167669524,24.792760848999023,159100,0.0,0.0
2012-11-05 00:00:00-05:00,24.814952717616723,25.118115006395968,24.689249767278078,24.94065284729004,134800,0.0,0.0
2012-11-06 00:00:00-05:00,25.14030069063696,25.473040528616778,24.955445538499923,25.369522094726562,267700,0.0,0.0
2012-11-07 00:00:00-05:00,25.251211005284844,25.33994067480286,24.925864182609885,25.2659969329834,198000,0.0,0.0
2012-11-08 00:00:00-05:00,25.31775249161824,25.3990863558335,25.066349475018914,25.12550163269043,243700,0.0,0.0
2012-11-09 00:00:00-05:00,24.97761969894131,25.347329891385865,24.84452380400808,25.25860023498535,273300,0.0,0.0
2012-11-12 00:00:00-05:00,25.25120954496372,25.258602508385454,24.267778990628397,24.312145233154297,457300,0.0,0.0
2012-11-13 00:00:00-05:00,24.238191677407688,24.393472053016083,23.64665612000248,23.994184494018555,397200,0.0,0.0
2012-11-14 00:00:00-05:00,24.09031613148652,24.52657142606593,23.37307749608557,23.417442321777344,349500,0.0,0.0
2012-11-15 00:00:00-05:00,23.350900741441972,23.62448696348321,23.114286392829424,23.395265579223633,200000,0.0,0.0
2012-11-16 00:00:00-05:00,23.30653049784869,23.735392847487283,23.173434605041745,23.70581817626953,205400,0.0,0.0
2012-11-19 00:00:00-05:00,23.86109160125861,24.08291711022253,23.447015249372075,23.979398727416992,164100,0.0,0.0
2012-11-20 00:00:00-05:00,23.920250150382646,23.920250150382646,22.71499545147929,23.0477352142334,394400,0.0,0.0
2012-11-21 00:00:00-05:00,23.143858980756175,24.415663027688797,23.143858980756175,23.476598739624023,131400,0.0,0.0
2012-11-23 00:00:00-05:00,23.58751819144089,23.728008508276634,23.003376617789854,23.53575897216797,232500,0.0,0.0
2012-11-26 00:00:00-05:00,23.46920747364528,23.831523364424687,23.15125641981181,23.66884994506836,222900,0.0,0.0
2012-11-27 00:00:00-05:00,23.624475016249107,24.763182756002205,23.580108790571316,24.51177978515625,544100,0.0,0.0
2012-11-28 00:00:00-05:00,24.356502119410866,25.021981475404775,24.349109157972897,24.644878387451172,268100,0.0,0.0
2012-11-29 00:00:00-05:00,24.72621193241722,24.72621193241722,23.59489986223615,23.979398727416992,262200,0.0,0.0
2012-11-30 00:00:00-05:00,24.016381949339465,24.016381949339465,23.609701163155503,23.72061538696289,364300,0.0,0.0
2012-12-03 00:00:00-05:00,23.77976522473315,23.77976522473315,23.284353390454008,23.602304458618164,243900,0.0,0.0
2012-12-04 00:00:00-05:00,23.543150869913166,23.89067943759622,23.373084478677903,23.602304458618164,153800,0.0,0.0
2012-12-05 00:00:00-05:00,23.691026006609366,23.76496690496546,23.313921501597918,23.365680694580078,143800,0.0,0.0
2012-12-06 00:00:00-05:00,23.373081100794103,24.001587361077995,23.10688928492533,23.838916778564453,161000,0.0,0.0
2012-12-07 00:00:00-05:00,23.995156510580475,24.248128816781023,23.414808028272905,23.65290069580078,403000,0.2,0.0
2012-12-10 00:00:00-05:00,23.794265890591713,24.099320472332447,23.49665183756853,23.72730255126953,153500,0.0,0.0
2012-12-11 00:00:00-05:00,23.861231779165873,24.17372834214596,23.801708962202024,24.151405334472656,302300,0.0,0.0
2012-12-12 00:00:00-05:00,24.099320618516675,24.23324729797343,23.55617479106272,23.66033935546875,203700,0.0,0.0
2012-12-13 00:00:00-05:00,23.60826042031518,23.943077166425553,23.60826042031518,23.86123275756836,159900,0.0,0.0
2012-12-14 00:00:00-05:00,23.801712195906003,23.99516173210457,23.399933481598275,23.73474884033203,237800,0.0,0.0
2012-12-17 00:00:00-05:00,23.7421943304652,24.143974547838628,23.526424576759624,24.09189224243164,255500,0.0,0.0
2012-12-18 00:00:00-05:00,24.077007036818898,25.193061112036542,23.898437135944267,24.83592414855957,386800,0.0,0.0
2012-12-19 00:00:00-05:00,25.326980382517988,26.108217437848406,25.274898101380725,25.475788116455078,572900,0.0,0.0
2012-12-20 00:00:00-05:00,25.609713190259576,25.66179831218077,25.059128237886142,25.43858528137207,315200,0.0,0.0
2012-12-21 00:00:00-05:00,25.24513581123137,25.579952500691622,24.917761069465477,25.252574920654297,707100,0.0,0.0
2012-12-24 00:00:00-05:00,25.111221488509386,25.274910359052157,24.7540844568211,25.04425811767578,81000,0.0,0.0
2012-12-26 00:00:00-05:00,25.007046631455328,25.126092259917115,24.515983059266496,24.605266571044922,307200,0.0,0.0
2012-12-27 00:00:00-05:00,24.523430834633515,25.505558326045033,24.32254073344398,25.46835708618164,283600,0.0,0.0
2012-12-28 00:00:00-05:00,25.31954661621146,26.413280550052335,25.051693176228195,25.60972023010254,297900,0.0,0.0
2012-12-31 00:00:00-05:00,25.55019484562,26.07102058253654,25.468350436326723,25.966856002807617,311500,0.0,0.0
2013-01-02 00:00:00-05:00,26.46536479441648,26.703456127851528,26.130547969813268,26.331438064575195,507400,0.0,0.0
2013-01-03 00:00:00-05:00,26.383519958258734,27.268924751654975,26.279355356276245,26.450483322143555,216200,0.0,0.0
2013-01-04 00:00:00-05:00,26.7183243286777,27.849259037194415,26.398388721216403,26.93409538269043,395600,0.0,0.0
2013-01-07 00:00:00-05:00,26.762975609129562,27.12011254561291,26.64392996363511,26.844820022583008,227500,0.0,0.0
2013-01-08 00:00:00-05:00,26.755530753762553,27.06058536460122,26.085900134938818,26.346311569213867,153700,0.0,0.0
2013-01-09 00:00:00-05:00,26.331426838307692,26.457914401796067,26.093335606381608,26.27934455871582,172900,0.0,0.0
2013-01-10 00:00:00-05:00,26.316554069273874,26.316554069273874,25.65436244454668,26.011499404907227,124700,0.0,0.0
2013-01-11 00:00:00-05:00,26.100780404686247,26.16030180003313,25.66179911570024,25.89244842529297,451800,0.0,0.0
2013-01-14 00:00:00-05:00,25.77340914657485,25.780851096746613,25.081455370764516,25.624601364135742,348300,0.0,0.0
2013-01-15 00:00:00-05:00,25.453467430799808,26.063576641090535,25.297220573150852,25.855247497558594,298500,0.0,0.0
2013-01-16 00:00:00-05:00,25.751086991995013,26.457921775511274,25.721324870141828,26.316553115844727,188900,0.0,0.0
2013-01-17 00:00:00-05:00,26.42816162109375,26.554646390977663,26.167747292900163,26.42816162109375,245400,0.0,0.0
2013-01-18 00:00:00-05:00,26.390964702250255,26.777863863617778,26.219836718269534,26.75554084777832,202400,0.0,0.0
2013-01-22 00:00:00-05:00,26.785282297116645,26.844806509035703,26.25701768855291,26.815044403076172,266300,0.0,0.0
2013-01-23 00:00:00-05:00,26.792738461872066,27.149878284215575,26.696015813331798,26.89690589904785,137200,0.0,0.0
2013-01-24 00:00:00-05:00,26.852253610461176,27.276353812694282,26.47279658045789,26.599281311035156,250700,0.0,0.0
2013-01-25 00:00:00-05:00,26.658806643585677,26.956419289282668,26.048694617622896,26.919218063354492,575000,0.0,0.0
2013-01-28 00:00:00-05:00,26.86714206294041,27.499571566443308,26.64393181689658,27.246599197387695,449900,0.0,0.0
2013-01-29 00:00:00-05:00,25.669242972613795,27.35820509720163,24.55318893032624,26.8076171875,1234900,0.0,0.0
2013-01-30 00:00:00-05:00,26.844815755271984,26.844815755271984,25.69155787742083,25.981731414794922,521300,0.0,0.0
2013-01-31 00:00:00-05:00,25.959413091484784,27.045704865919728,25.70644076226154,26.94898223876953,618300,0.0,0.0
2013-02-01 00:00:00-05:00,27.008506774902344,27.231717011731856,26.5918484230265,27.008506774902344,331800,0.0,0.0
2013-02-04 00:00:00-05:00,26.829930417915687,27.209387405128243,26.05613254948758,26.197498321533203,365900,0.0,0.0
2013-02-05 00:00:00-05:00,26.27935554168558,26.762980155185026,26.152870763606604,26.59185218811035,278900,0.0,0.0
2013-02-06 00:00:00-05:00,26.450484745439773,26.64393573519328,26.152871986371384,26.554649353027344,166500,0.0,0.0
2013-02-07 00:00:00-05:00,26.5100051027669,27.00850789101069,26.286794856713374,26.636489868164062,165700,0.0,0.0
2013-02-08 00:00:00-05:00,26.68112828857156,27.73765792243414,26.353750670427964,27.7153377532959,370500,0.0,0.0
2013-02-11 00:00:00-05:00,28.645385521119522,29.129010048343343,28.355211940094044,28.60074234008789,944200,0.0,0.0
2013-02-12 00:00:00-05:00,28.652823019982833,28.76442954714626,28.466814033558382,28.66026496887207,323900,0.0,0.0
2013-02-13 00:00:00-05:00,28.60818144964672,29.091803090592506,28.32544700772238,28.407291412353516,291200,0.0,0.0
2013-02-14 00:00:00-05:00,28.265934503573554,28.318016806857393,27.938556782049233,28.065044403076172,183200,0.0,0.0
2013-02-15 00:00:00-05:00,28.22128000071891,28.3924079055242,27.59628977356105,27.722774505615234,277600,0.0,0.0
2013-02-19 00:00:00-05:00,27.737665485931778,29.225737717379147,27.588860533405068,29.047170639038086,1103600,0.0,0.0
2013-02-20 00:00:00-05:00,28.95787497605287,29.46381959957215,28.838829349240783,28.995079040527344,238800,0.0,0.0
2013-02-21 00:00:00-05:00,28.928117986352138,29.262934725206,28.51889878920713,28.585859298706055,410600,0.0,0.0
2013-02-22 00:00:00-05:00,28.712353181199944,28.809078668810688,28.139445044232403,28.49658203125,291900,0.0,0.0
2013-02-25 00:00:00-05:00,28.54865649223349,28.59329966770473,27.92366622699458,27.96830940246582,305300,0.0,0.0
2013-02-26 00:00:00-05:00,28.020398606312483,28.05016073064161,27.551655082082103,27.707904815673828,290800,0.0,0.0
2013-02-27 00:00:00-05:00,27.9162259459007,28.377527386666827,27.239153423481927,27.73021697998047,234900,0.0,0.0
2013-02-28 00:00:00-05:00,27.70790462013654,27.998078234616766,27.559096837813446,27.56653594970703,200900,0.0,0.0
2013-03-01 00:00:00-05:00,27.313562521213484,28.325451996183205,27.306123409605885,28.050159454345703,371400,0.0,0.0
2013-03-04 00:00:00-05:00,28.243602418869592,28.2510443673903,27.462365282228433,27.879026412963867,376700,0.0,0.0
2013-03-05 00:00:00-05:00,27.90134524153369,28.37752774619907,27.752537499257855,28.09479331970215,245300,0.0,0.0
2013-03-06 00:00:00-05:00,28.079918376269113,28.39985122782508,27.81206497657394,28.280805587768555,204400,0.0,0.0
2013-03-07 00:00:00-05:00,28.19896218948523,28.526336968864065,27.916227748315652,28.295684814453125,205800,0.0,0.0
2013-03-08 00:00:00-05:00,28.54122837679766,28.861164161908224,28.25105472013291,28.667713165283203,222300,0.0,0.0
2013-03-11 00:00:00-04:00,28.578420051400627,29.35221810232106,28.481694585467615,29.344776153564453,240500,0.0,0.0
2013-03-12 00:00:00-04:00,29.24805545773811,29.24805545773811,28.55610176780576,28.65282440185547,249000,0.0,0.0
2013-03-13 00:00:00-04:00,28.75699270050271,29.270376521673878,28.64538616455275,29.136449813842773,164300,0.0,0.0
2013-03-14 00:00:00-04:00,29.158769194844837,29.6423937198144,28.950440027545717,29.567991256713867,237500,0.0,0.0
2013-03-15 00:00:00-04:00,29.64983503406367,30.594761144671477,29.32989931006763,30.445953369140625,462400,0.0,0.0
2013-03-18 00:00:00-04:00,30.148334351644102,30.43850789219759,30.02928872376904,30.118572235107422,228100,0.0,0.0
2013-03-19 00:00:00-04:00,30.222743104826094,30.364111768708636,29.76144155543311,29.93256950378418,407500,0.0,0.0
2013-03-20 00:00:00-04:00,30.036732254948998,30.215302142181564,29.90280554909259,29.94744873046875,156900,0.0,0.0
2013-03-21 00:00:00-04:00,29.865614143412955,30.572449137267352,29.59032153003053,29.91025733947754,383000,0.0,0.0
2013-03-22 00:00:00-04:00,30.06649337520131,30.393868179581336,29.910246502993026,30.237621307373047,171600,0.0,0.0
2013-03-25 00:00:00-04:00,30.393869620117773,30.728686389484363,30.163220275432433,30.438512802124023,164300,0.0,0.0
2013-03-26 00:00:00-04:00,30.53524001297457,30.53524001297457,29.88048749769365,29.992094039916992,204900,0.0,0.0
2013-03-27 00:00:00-04:00,29.754010410661003,30.06650426829408,29.51591620325622,29.91025733947754,229600,0.0,0.0
2013-03-28 00:00:00-04:00,29.925125650099268,29.984647047876408,29.381979768375817,29.545665740966797,366700,0.0,0.0
2013-04-01 00:00:00-04:00,29.434071304768757,29.545675025021744,28.779318693848367,29.06949234008789,839200,0.0,0.0
2013-04-02 00:00:00-04:00,29.277823755087724,29.396869435266172,29.009973103390887,29.129018783569336,173700,0.0,0.0
2013-04-03 00:00:00-04:00,29.106695552683476,29.106695552683476,28.184092247669053,28.444503784179688,236800,0.0,0.0
2013-04-04 00:00:00-04:00,28.563554828234757,29.359673490261805,28.563554828234757,29.024856567382812,342200,0.0,0.0
2013-04-05 00:00:00-04:00,28.60074330669487,29.009965384301662,28.414734303518017,28.905797958374023,301000,0.0,0.0
2013-04-08 00:00:00-04:00,29.069483560523814,29.069483560523814,28.548657841824916,28.73466682434082,196800,0.0,0.0
2013-04-09 00:00:00-04:00,28.697461331681023,28.905790452898728,28.332885369550034,28.355205535888672,147900,0.0,0.0
2013-04-10 00:00:00-04:00,28.370089958763987,28.570979994460004,28.18408098181639,28.362648010253906,562300,0.0,0.0
2013-04-11 00:00:00-04:00,28.45193915971953,29.307578894975645,28.45193915971953,29.277816772460938,888000,0.0,0.0
2013-04-12 00:00:00-04:00,29.047162814838106,29.657272038329523,28.73466625450712,29.597747802734375,129700,0.0,0.0
2013-04-15 00:00:00-04:00,29.54567615885818,29.63496254441422,28.548667559664754,28.890926361083984,302300,0.0,0.0
2013-04-16 00:00:00-04:00,28.995077870706897,29.381976851804463,28.80162696102236,29.33733367919922,194100,0.0,0.0
2013-04-17 00:00:00-04:00,29.225728345947974,29.389417147166455,28.578417927549225,28.995079040527344,229600,0.0,0.0
2013-04-18 00:00:00-04:00,29.11412696778503,29.11412696778503,28.325447853917897,28.682584762573242,228200,0.0,0.0
2013-04-19 00:00:00-04:00,28.682581058776194,29.50102218558016,28.511453156202,29.47126007080078,277700,0.0,0.0
2013-04-22 00:00:00-04:00,29.64983397108143,29.64983397108143,28.74211196560345,28.905797958374023,272800,0.0,0.0
2013-04-23 00:00:00-04:00,29.06206401638908,29.225750101181532,28.6230824085719,29.143905639648438,227300,0.0,0.0
2013-04-24 00:00:00-04:00,29.20340974996384,29.62007088537174,29.047162888537795,29.612628936767578,208700,0.0,0.0
2013-04-25 00:00:00-04:00,29.761450473693714,30.230194113370857,29.612642653670626,30.021862030029297,322500,0.0,0.0
2013-04-26 00:00:00-04:00,30.0218598016285,30.39387790493628,29.768887377848298,30.267393112182617,207900,0.0,0.0
2013-04-29 00:00:00-04:00,30.401307610383896,30.66916099099425,30.274820030308234,30.50547218322754,150900,0.0,0.0
2013-04-30 00:00:00-04:00,30.579887312466926,30.847740804089362,30.431082340030386,30.773338317871094,324500,0.0,0.0
2013-05-01 00:00:00-04:00,30.832852450211934,30.832852450211934,30.274825420675437,30.445953369140625,377200,0.0,0.0
2013-05-02 00:00:00-04:00,30.43106965564929,30.780764601041625,30.21529856197266,30.68404197692871,313500,0.0,0.0
2013-05-03 00:00:00-04:00,30.98164261004263,32.447393682468075,30.9593224497992,31.50246810913086,310700,0.0,0.0
2013-05-06 00:00:00-04:00,31.46528361246392,31.58432926079174,31.011421191254072,31.10814666748047,264100,0.0,0.0
2013-05-07 00:00:00-04:00,31.24950922229464,32.04562744446754,31.13046358640725,32.015865325927734,180900,0.0,0.0
2013-05-08 00:00:00-04:00,32.03819584745473,32.34325053834852,31.88194610761351,32.19444274902344,162000,0.0,0.0
2013-05-09 00:00:00-04:00,32.261419446760215,33.11705962206012,32.231657308939255,32.64087677001953,359000,0.0,0.0
2013-05-10 00:00:00-04:00,32.7375888041565,33.60810968953258,32.6408633152461,33.44442367553711,332800,0.0,0.0
2013-05-13 00:00:00-04:00,33.43697737401782,33.67506867091365,33.228648198802006,33.5337028503418,210900,0.0,0.0
2013-05-14 00:00:00-04:00,33.67505907666485,34.4711799942883,33.556013462133826,34.195884704589844,406600,0.0,0.0
2013-05-15 00:00:00-04:00,34.18845524883169,34.44886671718795,33.35513571181952,33.61554718017578,373600,0.0,0.0
2013-05-16 00:00:00-04:00,33.64529956799256,34.11404007542438,32.85662060328409,33.10215377807617,476700,0.0,0.0
2013-05-17 00:00:00-04:00,33.14680505979403,33.444420611511,32.54413768306194,32.99799728393555,470800,0.0,0.0
2013-05-20 00:00:00-04:00,33.09473154785446,33.1096126132172,32.59622863043099,32.81943893432617,543600,0.0,0.0
2013-05-21 00:00:00-04:00,33.01287229365903,37.36548403869992,33.01287229365903,35.178016662597656,1917600,0.0,0.0
2013-05-22 00:00:00-04:00,35.847655684808544,37.10507553732678,35.30450973058686,36.13039016723633,1047600,0.0,0.0
2013-05-23 00:00:00-04:00,35.98902294396585,36.16015089487404,35.34915148683905,35.624446868896484,469700,0.0,0.0
2013-05-24 00:00:00-04:00,35.34913309911022,35.7285928766592,34.68694181318567,35.45330047607422,298600,0.0,0.0
2013-05-28 00:00:00-04:00,35.72116983841047,36.02622450816999,35.2003468692642,35.49052047729492,274800,0.0,0.0
2013-05-29 00:00:00-04:00,35.27424563508538,35.36373552657643,34.834249638408565,35.087806701660156,215200,0.11,0.0
2013-05-30 00:00:00-04:00,35.11018515116981,35.56509380886055,34.94611796145116,35.1325569152832,171100,0.0,0.0
2013-05-31 00:00:00-04:00,34.90883688028189,35.32645838963436,34.90883688028189,35.06544494628906,212800,0.0,0.0
2013-06-03 00:00:00-04:00,35.11764198968564,35.401030000357274,34.72984861845938,35.27425003051758,323000,0.0,0.0
2013-06-04 00:00:00-04:00,35.34135379463549,35.63965714189336,34.78203715215065,35.214576721191406,446100,0.0,0.0
2013-06-05 00:00:00-04:00,35.37118767520488,35.62474468826423,35.19966423178705,35.34881591796875,243800,0.0,0.0
2013-06-06 00:00:00-04:00,35.25187738445146,35.53526538803585,34.8267968014912,35.42340087890625,200200,0.0,0.0
2013-06-07 00:00:00-04:00,35.669508940731625,36.012555999652555,35.468154490104155,35.72916793823242,125400,0.0,0.0
2013-06-10 00:00:00-04:00,35.81866693950835,36.36306858710171,35.721720688382554,36.28849411010742,170100,0.0,0.0
2013-06-11 00:00:00-04:00,35.975270762091014,36.74339853324672,35.736626224377545,36.042388916015625,162200,0.0,0.0
2013-06-12 00:00:00-04:00,36.139329648970865,36.41526137580487,35.28916839184176,35.39357376098633,250800,0.0,0.0
2013-06-13 00:00:00-04:00,35.43832067149326,35.63967510565796,35.22950993006305,35.56509780883789,196000,0.0,0.0
2013-06-14 00:00:00-04:00,35.70678476429615,36.41525326913054,35.67695385265775,35.773902893066406,202700,0.0,0.0
2013-06-17 00:00:00-04:00,36.146792015601015,36.64644713946669,35.803742114546615,36.49729537963867,224900,0.0,0.0
2013-06-18 00:00:00-04:00,36.646437400738336,37.77998649142604,36.49728568054714,37.08643341064453,597600,0.0,0.0
2013-06-19 00:00:00-04:00,37.28032558514806,37.578626133367266,36.82541419091939,36.84778594970703,235800,0.0,0.0
2013-06-20 00:00:00-04:00,36.45254253448015,36.937282074095656,35.967800150032176,35.98271560668945,127700,0.0,0.0
2013-06-21 00:00:00-04:00,36.08713098435609,36.92237687538849,35.624763078853015,35.91560745239258,388800,0.0,0.0
2013-06-24 00:00:00-04:00,35.47560754070291,36.25865065802398,35.12510136125617,35.90068817138672,159200,0.0,0.0
2013-06-25 00:00:00-04:00,36.370507784750956,36.370507784750956,35.08780700147865,35.624752044677734,311000,0.0,0.0
2013-06-26 00:00:00-04:00,35.7291565256088,36.07966262527927,35.49797122765964,35.773902893066406,187200,0.0,0.0
2013-06-27 00:00:00-04:00,36.027473454606444,36.519672301775806,35.90069345504512,36.042388916015625,240900,0.0,0.0
2013-06-28 00:00:00-04:00,36.07967321368761,36.07967321368761,35.72916701115305,35.83357238769531,343200,0.0,0.0
2013-07-01 00:00:00-04:00,36.02001241971235,36.467467704111414,35.870860658246,36.19153594970703,180000,0.0,0.0
2013-07-02 00:00:00-04:00,36.14678505012525,36.76576089361022,35.98271786144682,36.74338912963867,158700,0.0,0.0
2013-07-03 00:00:00-04:00,36.70610153744885,37.093894896425134,36.70610153744885,36.98948669433594,66700,0.0,0.0
2013-07-05 00:00:00-04:00,37.556262359893346,37.556262359893346,36.47491588620395,37.29524612426758,92900,0.0,0.0
2013-07-08 00:00:00-04:00,37.48915573690544,37.85457459623171,37.153564956520675,37.32508850097656,207100,0.0,0.0
2013-07-09 00:00:00-04:00,37.414574222593096,37.99626579149718,37.19830716161361,37.660675048828125,204600,0.0,0.0
2013-07-10 00:00:00-04:00,37.720329275559784,38.033545342270614,37.489143956202334,37.705413818359375,137800,0.0,0.0
2013-07-11 00:00:00-04:00,37.996270061746095,38.12304722053952,37.21322680407062,37.32508850097656,195900,0.0,0.0
2013-07-12 00:00:00-04:00,37.1684646283719,37.64574782667648,37.07897473989786,37.12371826171875,142800,0.0,0.0
2013-07-15 00:00:00-04:00,37.15355124794408,37.54880088520974,37.15355124794408,37.42202377319336,172300,0.0,0.0
2013-07-16 00:00:00-04:00,37.33999759876142,37.42203120274433,36.758308908457856,36.855255126953125,156600,0.0,0.0
2013-07-17 00:00:00-04:00,37.10134238094507,37.287781287381975,36.57185656942391,36.67626190185547,315300,0.0,0.0
2013-07-18 00:00:00-04:00,36.653905386703656,37.05661143000863,36.61661531404288,36.66136169433594,187200,0.0,0.0
2013-07-19 00:00:00-04:00,36.706096913952095,36.92236390752861,36.19898280415398,36.3555908203125,144400,0.0,0.0
2013-07-22 00:00:00-04:00,36.15423844015769,36.69118349082393,36.07966400304623,36.56440353393555,104000,0.0,0.0
2013-07-23 00:00:00-04:00,36.549500864902704,37.280344259486434,35.94544031639655,36.124420166015625,237800,0.0,0.0
2013-07-24 00:00:00-04:00,36.19898400422295,36.459997373140276,35.65458265988656,35.94542694091797,170200,0.0,0.0
2013-07-25 00:00:00-04:00,34.580692612517396,34.580692612517396,31.992922148265542,33.4471435546875,957900,0.0,0.0
2013-07-26 00:00:00-04:00,33.178685659507366,33.559019967411345,32.94750027559185,33.18614196777344,241800,0.0,0.0
2013-07-29 00:00:00-04:00,33.03697733837092,33.111554616167204,32.26139071828317,32.30613708496094,254800,0.0,0.0
2013-07-30 00:00:00-04:00,32.33596058674144,32.68646659998971,31.881049253333682,32.000370025634766,290900,0.0,0.0
2013-07-31 00:00:00-04:00,32.03767921288243,32.55970901664779,32.03767921288243,32.13462829589844,280500,0.0,0.0
2013-08-01 00:00:00-04:00,32.24647465426956,32.84307858858797,32.24647465426956,32.81324768066406,218800,0.0,0.0
2013-08-02 00:00:00-04:00,32.77596045583694,32.87290948413717,32.55969064071794,32.79833221435547,226200,0.0,0.0
2013-08-05 00:00:00-04:00,32.8132558360466,33.05189746908578,32.731222241283255,32.940032958984375,291700,0.0,0.0
2013-08-06 00:00:00-04:00,32.81325263266455,33.24579232834195,32.38817208750981,33.15629959106445,153100,0.0,0.0
2013-08-07 00:00:00-04:00,33.18613227744355,33.4620611200512,32.7685080156551,32.8878288269043,141000,0.0,0.0
2013-08-08 00:00:00-04:00,33.12646697937605,33.55900665286579,32.88782538187558,33.484432220458984,133900,0.0,0.0
2013-08-09 00:00:00-04:00,33.43224281305447,33.75291527549637,33.18614196777344,33.18614196777344,86300,0.0,0.0
2013-08-12 00:00:00-04:00,33.081728627779405,33.49189375978071,33.05935686352762,33.47697830200195,80100,0.0,0.0
2013-08-13 00:00:00-04:00,33.55901335093162,33.66341871507238,32.96986554489984,33.52918243408203,68600,0.0,0.0
2013-08-14 00:00:00-04:00,33.424766827435455,33.52917215958281,33.00714265401411,33.14883804321289,86300,0.0,0.0
2013-08-15 00:00:00-04:00,32.83485517814711,33.93383694512758,32.08724915476244,32.25920104980469,131500,0.11,0.0
2013-08-16 00:00:00-04:00,32.064817960920834,32.61804760532462,31.88539413433442,32.17695999145508,174500,0.0,0.0
2013-08-19 00:00:00-04:00,31.960163736238705,32.73019717798032,31.960163736238705,32.30406188964844,140900,0.0,0.0
2013-08-20 00:00:00-04:00,32.37881086305708,33.2161286287565,32.12462475626922,32.52085494995117,128300,0.0,0.0
2013-08-21 00:00:00-04:00,32.34889819685937,32.49094224973503,31.713431656133952,32.08723449707031,152700,0.0,0.0
2013-08-22 00:00:00-04:00,32.1620102755859,32.490955886996375,32.00501370095071,32.38629150390625,82700,0.0,0.0
2013-08-23 00:00:00-04:00,32.31152091322606,33.05164899688552,31.90033547576018,33.04417419433594,138500,0.0,0.0
2013-08-26 00:00:00-04:00,33.081553575646375,33.47778370021896,32.52084927775406,33.37311935424805,152400,0.0,0.0
2013-08-27 00:00:00-04:00,33.01427309817129,33.2684591925948,32.1096707349161,32.11714553833008,168600,0.0,0.0
2013-08-28 00:00:00-04:00,32.06480854526633,32.872224083483,31.818100143181994,32.6778450012207,92500,0.0,0.0
2013-08-29 00:00:00-04:00,32.715227625734656,33.52264323575259,32.64046818860991,33.462833404541016,122900,0.0,0.0
2013-08-30 00:00:00-04:00,33.44789136363292,33.44789136363292,32.97689881793006,33.09651565551758,153100,0.0,0.0
2013-09-03 00:00:00-04:00,33.395561882572615,33.73198518550431,32.77505032551267,33.00680923461914,134100,0.0,0.0
2013-09-04 00:00:00-04:00,33.029223689666196,33.679639921728246,33.029223689666196,33.40302658081055,69400,0.0,0.0
2013-09-05 00:00:00-04:00,33.14137639452512,33.6572235241196,33.14137639452512,33.42546463012695,223800,0.0,0.0
2013-09-06 00:00:00-04:00,33.530116915825786,33.82168555538335,32.528325091698484,32.812416076660156,176500,0.0,0.0
2013-09-09 00:00:00-04:00,32.81989271071911,33.47778370021896,32.81989271071911,33.37311935424805,126600,0.0,0.0
2013-09-10 00:00:00-04:00,33.40303201449489,34.44220376461631,33.2684627236413,33.597408294677734,301400,0.0,0.0
2013-09-11 00:00:00-04:00,33.5077007227387,33.731981952567345,33.231087301013055,33.49274826049805,95300,0.0,0.0
2013-09-12 00:00:00-04:00,33.395560297116326,33.56003453782803,32.99185520465505,33.17875671386719,99400,0.0,0.0
2013-09-13 00:00:00-04:00,33.30584194729456,33.56002806487204,32.90213408080852,32.984371185302734,68500,0.0,0.0
2013-09-16 00:00:00-04:00,33.223608453750614,33.49274706065964,33.02175449856884,33.11146926879883,86400,0.0,0.0
2013-09-17 00:00:00-04:00,33.03669620513475,33.57497324371602,32.99931648898651,33.37311935424805,129300,0.0,0.0
2013-09-18 00:00:00-04:00,33.32827207458124,33.694597365045865,33.00680131248118,33.560028076171875,164400,0.0,0.0
2013-09-19 00:00:00-04:00,33.78430094187087,33.78430094187087,33.07407780027724,33.089027404785156,146700,0.0,0.0
2013-09-20 00:00:00-04:00,33.0441748870091,33.20117141084728,32.707751727434704,32.812416076660156,400900,0.0,0.0
2013-09-23 00:00:00-04:00,32.849801567296254,33.05165549851655,32.610567912195926,32.887184143066406,242900,0.0,0.0
2013-09-24 00:00:00-04:00,31.025644534264607,32.79746970070421,30.913502509649756,32.408714294433594,379300,0.0,0.0
2013-09-25 00:00:00-04:00,32.311525115117135,33.39555129481858,32.132098459808866,33.223602294921875,300600,0.0,0.0
2013-09-26 00:00:00-04:00,33.38060566221108,34.681438373491424,33.20865378995112,34.31511306762695,225500,0.0,0.0
2013-09-27 00:00:00-04:00,34.06092775612373,35.152431747372134,33.91140599729332,34.88329315185547,188200,0.0,0.0
2013-09-30 00:00:00-04:00,34.666473048324114,35.04775352530218,34.292670224873035,34.71133041381836,127300,0.0,0.0
2013-10-01 00:00:00-04:00,34.76367265542322,35.64584780257226,34.561818730035895,34.96552658081055,239900,0.0,0.0
2013-10-02 00:00:00-04:00,34.69638126895201,34.98794704275917,34.19548680664525,34.673954010009766,96600,0.0,0.0
2013-10-03 00:00:00-04:00,34.56183119669603,34.66649559904475,33.88898738792951,34.09831619262695,86700,0.0,0.0
2013-10-04 00:00:00-04:00,34.023535499976695,34.599192254007484,34.01606069751193,34.35995864868164,97900,0.0,0.0
2013-10-07 00:00:00-04:00,34.16557687507794,34.42723769726859,33.64225237880756,33.672157287597656,99800,0.0,0.0
2013-10-08 00:00:00-04:00,34.038498803321865,34.038498803321865,33.26099076420108,33.38060760498047,82300,0.0,0.0
2013-10-09 00:00:00-04:00,33.43293022119622,33.70954355156201,32.797463619358,32.812416076660156,183800,0.0,0.0
2013-10-10 00:00:00-04:00,33.163794532841976,33.86654297487098,32.90960844072257,33.80673599243164,98700,0.0,0.0
2013-10-11 00:00:00-04:00,33.64225985195048,35.23466095013858,33.380598971635635,35.15242385864258,150900,0.0,0.0
2013-10-14 00:00:00-04:00,35.0103942672224,35.212245400149605,34.53192397808459,34.950584411621094,86200,0.0,0.0
2013-10-15 00:00:00-04:00,34.860865949317095,35.242143725729214,34.001117973403204,34.165592193603516,160600,0.0,0.0
2013-10-16 00:00:00-04:00,34.45715471409753,35.35428232982217,34.28520570596623,34.92066955566406,163200,0.0,0.0
2013-10-17 00:00:00-04:00,34.73376493783899,35.0627133165097,34.0235388543061,35.040283203125,244700,0.0,0.0
2013-10-18 00:00:00-04:00,35.37670001650893,36.16916305205086,34.763663596295295,35.13746643066406,153400,0.0,0.0
2013-10-21 00:00:00-04:00,35.100099567582696,35.60847183658801,35.100099567582696,35.3169059753418,77600,0.0,0.0
2013-10-22 00:00:00-04:00,35.33185139712994,35.735559242651235,35.1300003262593,35.50380325317383,76000,0.0,0.0
2013-10-23 00:00:00-04:00,35.35428399675912,35.713134489590594,34.733769725563526,34.97300338745117,192100,0.0,0.0
2013-10-24 00:00:00-04:00,34.464629169244205,35.98227101155114,33.09651192191683,34.96552658081055,249400,0.0,0.0
2013-10-25 00:00:00-04:00,35.15241952826706,35.51126991358817,34.33005156650298,34.621620178222656,118700,0.0,0.0
2013-10-28 00:00:00-04:00,34.68142832414914,34.74871295191819,34.180533868893484,34.28519821166992,129300,0.0,0.0
2013-10-29 00:00:00-04:00,34.442189249639384,34.47956895870351,33.89643751201395,34.37490463256836,130800,0.0,0.0
2013-10-30 00:00:00-04:00,34.389857846235444,34.62909141179726,33.91886551633415,33.9412956237793,144400,0.0,0.0
2013-10-31 00:00:00-04:00,33.87403018622654,34.74125306542113,33.664698558910146,34.38987731933594,287600,0.0,0.0
2013-11-01 00:00:00-04:00,34.32259605401554,35.51876467733988,33.776843941380626,35.45895767211914,253000,0.0,0.0
2013-11-04 00:00:00-05:00,35.556129910330654,36.87939240823573,35.36922847591281,36.72239303588867,342700,0.0,0.0
2013-11-05 00:00:00-05:00,36.58783076652527,36.77473223665812,36.19160056244847,36.46073913574219,192600,0.0,0.0
2013-11-06 00:00:00-05:00,36.61773530890473,36.84949415616194,35.870129436076404,36.647640228271484,116400,0.0,0.0
2013-11-07 00:00:00-05:00,36.78968611097092,36.78968611097092,35.339331673657824,35.630897521972656,121000,0.0,0.0
2013-11-08 00:00:00-05:00,35.56360697488893,36.273833041228364,34.928143198205596,35.047760009765625,124800,0.0,0.0
2013-11-11 00:00:00-05:00,34.98794272986043,35.316891030541804,34.86832594376424,35.12998962402344,178000,0.0,0.0
2013-11-12 00:00:00-05:00,35.10010698863387,36.50560725609455,35.10010698863387,36.25889587402344,214800,0.0,0.0
2013-11-13 00:00:00-05:00,36.00470528736681,36.16170186483796,35.757996787325084,36.13927459716797,204100,0.0,0.0
2013-11-14 00:00:00-05:00,36.124314861426235,36.32616878548636,35.76546439150492,36.09440994262695,69300,0.0,0.0
2013-11-15 00:00:00-05:00,36.04206770782045,36.871910435755666,35.8252613848323,36.82705307006836,117800,0.0,0.0
2013-11-18 00:00:00-05:00,36.96163498654826,36.99901756338125,36.528025043809635,36.699974060058594,222100,0.0,0.0
2013-11-19 00:00:00-05:00,36.65512078581471,38.06809565094835,36.49812421233109,37.230777740478516,227100,0.0,0.0
2013-11-20 00:00:00-05:00,37.28310837869303,38.135378715693825,37.245728651119215,37.83633804321289,104700,0.0,0.0
2013-11-21 00:00:00-05:00,37.88866132844792,38.972690284686756,37.34290944882747,38.66617202758789,152700,0.0,0.0
2013-11-22 00:00:00-05:00,38.76335957661079,39.21939957076453,38.441888854564375,38.658695220947266,230900,0.0,0.0
2013-11-25 00:00:00-05:00,38.70355886938185,38.868033084593925,38.06061732106949,38.195186614990234,202200,0.0,0.0
2013-11-26 00:00:00-05:00,38.19517436756285,38.89044787924782,37.709229534014646,38.6287841796875,172300,0.0,0.0
2013-11-27 00:00:00-05:00,38.76337198003746,39.54088294502403,38.42695154401181,39.16707992553711,147600,0.0,0.0
2013-11-29 00:00:00-05:00,39.421261233340864,39.98944334997905,39.01755333760695,39.667972564697266,82700,0.0,0.0
2013-12-02 00:00:00-05:00,39.585736198893855,39.99691890699894,38.00828716513779,38.06061935424805,144900,0.0,0.0
2013-12-03 00:00:00-05:00,37.9110858688338,38.69607131464504,37.440096312480776,37.61204528808594,226900,0.0,0.0
2013-12-04 00:00:00-05:00,37.58961421327962,37.851277923101826,36.81210644175539,36.97657775878906,188100,0.0,0.0
2013-12-05 00:00:00-05:00,36.88686927298594,37.933518504995874,36.66258810952373,37.65690231323242,256500,0.0,0.0
2013-12-06 00:00:00-05:00,38.03071265213251,38.41199327140135,37.716719532160774,37.926048278808594,211900,0.0,0.0
2013-12-09 00:00:00-05:00,38.05313403518728,39.144637752027876,37.79894796464595,38.83811950683594,308200,0.0,0.0
2013-12-10 00:00:00-05:00,38.770842126344675,38.8456015750025,38.060615956534704,38.30732727050781,192400,0.0,0.0
2013-12-11 00:00:00-05:00,38.26994681683606,38.703559628393144,37.776527013413705,37.96342849731445,238900,0.0,0.0
2013-12-12 00:00:00-05:00,37.918477852905795,39.38696591811026,37.618785127807,39.04981231689453,247400,0.11,0.0
2013-12-13 00:00:00-05:00,39.252100724128624,39.92640786207924,38.690179061863574,38.79507064819336,137300,0.0,0.0
2013-12-16 00:00:00-05:00,38.884988017988704,39.52183155382225,38.855018170681205,39.16969299316406,98300,0.0,0.0
2013-12-17 00:00:00-05:00,39.184659771911846,39.22212063465856,38.80255439896638,38.997352600097656,227900,0.0,0.0
2013-12-18 00:00:00-05:00,39.147211597051594,40.28603991375379,38.70516641397694,39.98634719848633,329800,0.0,0.0
2013-12-19 00:00:00-05:00,40.24107725330896,40.690616238005795,39.87395675012492,40.398414611816406,284400,0.0,0.0
2013-12-20 00:00:00-05:00,40.31600956465631,40.810500541832646,40.12870233302768,40.49582290649414,492700,0.0,0.0
2013-12-23 00:00:00-05:00,40.51079464633843,41.01277934996665,40.301011529761,40.9378547668457,213200,0.0,0.0
2013-12-24 00:00:00-05:00,41.08772500403384,41.260047358449704,40.720601478134135,41.11769485473633,105100,0.0,0.0
2013-12-26 00:00:00-05:00,41.177610700084045,41.904363489568794,41.0352582689614,41.462318420410156,135300,0.0,0.0
2013-12-27 00:00:00-05:00,41.642144559271564,41.95681933238534,40.67563857085384,40.88542175292969,211900,0.0,0.0
2013-12-30 00:00:00-05:00,40.72059161683546,41.76951327274694,40.600715101138285,41.6945915222168,188800,0.0,0.0
2013-12-31 00:00:00-05:00,41.74702982046093,43.45527057682608,41.559722619698746,42.22653579711914,284800,0.0,0.0
2014-01-02 00:00:00-05:00,41.926849857886296,41.98678954362365,41.11019021724477,41.35743713378906,223500,0.0,0.0
2014-01-03 00:00:00-05:00,41.3724123611359,41.91185511596609,41.102689554680374,41.85940933227539,238300,0.0,0.0
2014-01-06 00:00:00-05:00,41.93433852971622,42.30145905589103,41.04275439284363,41.40987777709961,219600,0.0,0.0
2014-01-07 00:00:00-05:00,41.574700265297075,42.93829621964017,41.574700265297075,42.50374221801758,380100,0.0,0.0
2014-01-08 00:00:00-05:00,42.39137650666156,43.357879706097215,41.76951508950363,42.03923797607422,538200,0.0,0.0
2014-01-09 00:00:00-05:00,42.22654659452567,42.59366720136757,41.964314731556804,42.16660690307617,321000,0.0,0.0
2014-01-10 00:00:00-05:00,42.21903828649198,42.44380919458782,41.432348682398995,41.814456939697266,216800,0.0,0.0
2014-01-13 00:00:00-05:00,41.76950116357592,42.36888356829808,40.9078869918573,41.37990188598633,309200,0.0,0.0
2014-01-14 00:00:00-05:00,41.694584996040845,43.38784087248958,41.45483200217343,43.09564208984375,244100,0.0,0.0
2014-01-15 00:00:00-05:00,43.18554019518913,43.40281719600042,42.15160382760482,42.50374221801758,350000,0.0,0.0
2014-01-16 00:00:00-05:00,42.5187362790004,42.9982422748979,41.92684481490391,42.293968200683594,216600,0.0,0.0
2014-01-17 00:00:00-05:00,42.28648253590457,42.81843728301157,41.73954572433302,42.084190368652344,188800,0.0,0.0
2014-01-21 00:00:00-05:00,42.48126799668803,42.646096367717256,41.77699118727711,42.316436767578125,309400,0.0,0.0
2014-01-22 00:00:00-05:00,42.451295124286034,42.5262168459296,41.88188260878562,42.04671096801758,304900,0.0,0.0
2014-01-23 00:00:00-05:00,41.49229280348252,42.10666020651968,41.49229280348252,41.70207595825195,295100,0.0,0.0
2014-01-24 00:00:00-05:00,41.28999654202394,41.49228864588781,40.548258827856436,40.63816833496094,272600,0.0,0.0
2014-01-27 00:00:00-05:00,40.92287334674306,41.874394198074114,40.34596686878261,41.42485809326172,426800,0.0,0.0
2014-01-28 00:00:00-05:00,41.439854808328725,42.5112524498223,40.85545427600754,41.19260787963867,577700,0.0,0.0
2014-01-29 00:00:00-05:00,41.23005007089265,41.88937205718497,41.065221717879844,41.567203521728516,751400,0.0,0.0
2014-01-30 00:00:00-05:00,42.00178319818703,42.00178319818703,41.32747588384555,41.71707534790039,475500,0.0,0.0
2014-01-31 00:00:00-05:00,41.394896720384196,41.949327363878204,41.31997497362512,41.58969497680664,309300,0.0,0.0
2014-02-03 00:00:00-05:00,41.48480191118181,41.80697055532266,40.71309708632793,40.93037414550781,987700,0.0,0.0
2014-02-04 00:00:00-05:00,41.06523332925265,41.57470916388772,40.683125024235764,41.33495330810547,183500,0.0,0.0
2014-02-05 00:00:00-05:00,41.10267799441747,41.46979837699857,40.38341928488385,41.32744598388672,351700,0.0,0.0
2014-02-06 00:00:00-05:00,41.574717247264935,42.56369926959003,41.34994626739691,42.25651550292969,237000,0.0,0.0
2014-02-07 00:00:00-05:00,42.30895907065427,43.06567904096501,42.29397414891484,42.57868194580078,176100,0.0,0.0
2014-02-10 00:00:00-05:00,42.42134398073939,42.54122050302792,41.52976252484852,42.084190368652344,259200,0.0,0.0
2014-02-11 00:00:00-05:00,42.0242494839537,42.6985566431012,41.87440313102299,42.061710357666016,301200,0.0,0.0
2014-02-12 00:00:00-05:00,42.121653011558045,42.20406865438414,40.83297828681909,41.012794494628906,295600,0.0,0.0
2014-02-13 00:00:00-05:00,40.68312631901328,41.84443047447761,40.473343153868605,41.454833984375,158300,0.0,0.0
2014-02-14 00:00:00-05:00,41.46981156583374,41.76201318896205,41.08021511782458,41.39488983154297,334000,0.0,0.0
2014-02-18 00:00:00-05:00,41.604671535696276,42.33891536706975,41.342442616663206,42.2115478515625,208100,0.0,0.0
2014-02-19 00:00:00-05:00,42.14411743439919,42.623623379915415,41.80696392330782,41.979286193847656,151800,0.0,0.0
2014-02-20 00:00:00-05:00,42.121648732113634,42.31644698420844,41.402386832031084,41.679603576660156,157400,0.0,0.0
2014-02-21 00:00:00-05:00,41.96429394463605,42.533709299020465,41.88937222551828,42.42881774902344,203000,0.0,0.0
2014-02-24 00:00:00-05:00,42.38387249474167,43.717498828655486,42.38387249474167,43.46276092529297,240000,0.0,0.0
2014-02-25 00:00:00-05:00,43.39533304534072,43.85236309508026,42.94579688452742,43.807411193847656,229200,0.0,0.0
2014-02-26 00:00:00-05:00,44.039661527520934,45.15601353428939,43.67254106958008,44.39179992675781,295400,0.0,0.0
2014-02-27 00:00:00-05:00,44.21198378342306,44.683998658856225,43.59012545630501,44.39179992675781,213300,0.0,0.0
2014-02-28 00:00:00-05:00,44.54166771197649,44.90878834692198,44.18203810999472,44.699005126953125,215900,0.0,0.0
2014-03-03 00:00:00-05:00,44.36934765073374,44.53417610713574,43.327919672308454,44.37683868408203,223200,0.0,0.0
2014-03-04 00:00:00-05:00,44.81137525360261,45.890263689390956,44.48920664313673,45.64301681518555,307100,0.0,0.0
2014-03-05 00:00:00-05:00,45.568105159039305,46.08507211298922,45.208475600889585,46.047611236572266,137100,0.0,0.0
2014-03-06 00:00:00-05:00,46.15998986691333,46.459679691812156,45.725435762400345,46.03261947631836,232100,0.0,0.0
2014-03-07 00:00:00-05:00,46.31732074180114,46.534597763577324,45.85279972061963,46.30982971191406,187400,0.0,0.0
2014-03-10 00:00:00-04:00,46.115033398887576,46.444695909570825,45.60555757154178,46.13751220703125,234100,0.0,0.0
2014-03-11 00:00:00-04:00,46.062591717503224,46.35479052669661,45.14104052770816,45.55311584472656,452300,0.0,0.0
2014-03-12 00:00:00-04:00,45.40328471194425,45.87529987010767,45.20099535938514,45.37331771850586,131800,0.0,0.0
2014-03-13 00:00:00-04:00,45.55310314810951,45.717934372207466,44.57910643624465,44.7589225769043,206400,0.0,0.0
2014-03-14 00:00:00-04:00,44.51124071961035,45.26935958624566,44.48872330133452,44.73642349243164,171700,0.11,0.0
2014-03-17 00:00:00-04:00,44.57127271202939,45.29936328352423,44.42114997058042,45.074180603027344,184700,0.0,0.0
2014-03-18 00:00:00-04:00,45.1717638092226,45.47951416108699,44.278537876580415,44.36861038208008,212100,0.0,0.0
2014-03-19 00:00:00-04:00,44.32358508333487,44.78145831454796,43.46788888359098,43.79815673828125,169000,0.0,0.0
2014-03-20 00:00:00-04:00,43.753109735212384,44.661348230510406,43.430346821453035,43.497901916503906,255200,0.0,0.0
2014-03-21 00:00:00-04:00,43.80565865945776,44.66885959620081,43.80565865945776,44.31607437133789,340500,0.0,0.0
2014-03-24 00:00:00-04:00,44.41364349885377,44.41364349885377,43.437849947217465,43.7906379699707,108300,0.0,0.0
2014-03-25 00:00:00-04:00,44.030827954941536,44.06085307315166,42.82234414883618,42.92742919921875,179500,0.0,0.0
2014-03-26 00:00:00-04:00,43.25770889046671,43.61049408205895,41.89159722084534,42.32695007324219,201700,0.0,0.0
2014-03-27 00:00:00-04:00,42.37198640414541,42.424528938729985,41.38118023290284,42.094261169433594,205400,0.0,0.0
2014-03-28 00:00:00-04:00,42.00418726322529,42.99499346901348,42.00418726322529,42.417022705078125,100200,0.0,0.0
2014-03-31 00:00:00-04:00,42.60467255702351,42.91242290522597,42.131789761262155,42.69474792480469,166600,0.0,0.0
2014-04-01 00:00:00-04:00,42.78482744203562,42.919937652499826,42.52211473466287,42.76231002807617,171200,0.0,0.0
2014-04-02 00:00:00-04:00,42.73978323148025,42.95746107773077,42.44704544124495,42.81484603881836,235100,0.0,0.0
2014-04-03 00:00:00-04:00,42.89740730782033,43.00249235909327,42.58214929064864,42.957454681396484,149800,0.0,0.0
2014-04-04 00:00:00-04:00,43.05503288909116,43.33275806363295,42.40950718878908,42.75478744506836,214000,0.0,0.0
2014-04-07 00:00:00-04:00,42.68724535054588,43.0475382749775,41.53130662508538,41.56132888793945,154000,0.0,0.0
2014-04-08 00:00:00-04:00,41.59135982573703,42.29693321008668,41.41871962095001,42.259403228759766,230000,0.0,0.0
2014-04-09 00:00:00-04:00,42.41702678836001,42.904925088742274,42.23688174997692,42.76231002807617,104700,0.0,0.0
2014-04-10 00:00:00-04:00,42.67222709724783,42.67222709724783,41.48626340372378,41.57633590698242,141800,0.0,0.0
2014-04-11 00:00:00-04:00,41.41871068070808,41.41871068070808,39.81240377446425,39.940006256103516,254000,0.0,0.0
2014-04-14 00:00:00-04:00,40.20272815815324,41.261089605410675,39.97754255645066,41.163509368896484,344000,0.0,0.0
2014-04-15 00:00:00-04:00,41.15600137298289,41.47125660990637,39.58722431157627,40.135169982910156,221400,0.0,0.0
2014-04-16 00:00:00-04:00,40.43541353547268,40.95333695503736,39.35453473250268,39.56470489501953,264900,0.0,0.0
2014-04-17 00:00:00-04:00,39.4821397811782,41.02089471253367,39.4821397811782,40.51047897338867,209700,0.0,0.0
2014-04-21 00:00:00-04:00,40.48796034917475,40.878278451724036,40.142679941926765,40.773193359375,86800,0.0,0.0
2014-04-22 00:00:00-04:00,40.863265475201956,42.76231342265378,40.42040483093698,42.60468292236328,234900,0.0,0.0
2014-04-23 00:00:00-04:00,42.61217903722633,43.527925206383294,42.379488638883096,43.107582092285156,312100,0.0,0.0
2014-04-24 00:00:00-04:00,43.205171841594954,43.46788455629122,42.09426786275187,42.499595642089844,169600,0.0,0.0
2014-04-25 00:00:00-04:00,42.28191169769533,42.46956441526716,42.0267038872635,42.229366302490234,168000,0.0,0.0
2014-04-28 00:00:00-04:00,42.32695806438448,42.979988897945816,41.321139109272586,41.95165252685547,161800,0.0,0.0
2014-04-29 00:00:00-04:00,42.16931283810427,43.340266657627836,41.681414697464575,42.904911041259766,207300,0.0,0.0
2014-04-30 00:00:00-04:00,42.747296686238336,43.0850722062507,41.89910546117478,42.3344612121582,286200,0.0,0.0
2014-05-01 00:00:00-04:00,42.29693100674786,42.70226165601363,41.25358211809825,41.748985290527344,230400,0.0,0.0
2014-05-02 00:00:00-04:00,41.74145897532443,43.009989951243824,41.74145897532443,42.484561920166016,166400,0.0,0.0
2014-05-05 00:00:00-04:00,42.191830566112955,43.11508146680132,41.74897009862639,42.65721130371094,235200,0.0,0.0
2014-05-06 00:00:00-04:00,42.59716921231262,42.822351913011,40.56301433008365,41.18601989746094,285700,0.0,0.0
2014-05-07 00:00:00-04:00,41.261086768891765,41.42621923853996,40.397882990650324,41.1259765625,231300,0.0,0.0
2014-05-08 00:00:00-04:00,41.02840148867953,41.77901256813825,40.532998290770934,40.7131462097168,230000,0.0,0.0
2014-05-09 00:00:00-04:00,40.472937473371715,42.101764579891196,40.33783014859516,41.974159240722656,149700,0.0,0.0
2014-05-12 00:00:00-04:00,42.236864945887184,43.52040857128087,42.236864945887184,43.24268341064453,166900,0.0,0.0
2014-05-13 00:00:00-04:00,42.99500171512225,43.1451245036848,40.66810851414183,40.7131462097168,291200,0.0,0.0
2014-05-14 00:00:00-04:00,40.623065839778945,41.313629437189164,39.62475471539656,39.849937438964844,143300,0.0,0.0
2014-05-15 00:00:00-04:00,39.79739538203257,40.082628362470274,38.611428633033576,39.28697967529297,188300,0.0,0.0
2014-05-16 00:00:00-04:00,39.211914547441175,39.985042855635804,39.166876862781486,39.33201217651367,244300,0.0,0.0
2014-05-19 00:00:00-04:00,39.25694877805606,39.812402093754415,39.069296056494274,39.36203384399414,178200,0.0,0.0
2014-05-20 00:00:00-04:00,39.22692533979849,39.59472594972834,38.05597413951859,38.3862419128418,216000,0.0,0.0
2014-05-21 00:00:00-04:00,38.62645010534939,38.633957820524806,37.7407286960398,37.973419189453125,267000,0.0,0.0
2014-05-22 00:00:00-04:00,38.198589681122186,41.57633885830168,37.77824939384162,40.46543502807617,487200,0.0,0.0
2014-05-23 00:00:00-04:00,40.27027818897499,40.86325865708486,40.27027818897499,40.487953186035156,245100,0.0,0.0
2014-05-27 00:00:00-04:00,40.67560922840042,41.31363029906678,40.37536654516367,41.08844757080078,177200,0.0,0.0
2014-05-28 00:00:00-04:00,40.87828137800992,41.035909027817304,40.45794097852357,40.53300094604492,220000,0.0,0.0
2014-05-29 00:00:00-04:00,40.54804135436335,40.63080827490626,40.0589685324717,40.35993576049805,190800,0.13,0.0
2014-05-30 00:00:00-04:00,40.44270380679395,40.7060504974304,40.21697766192504,40.63833236694336,144100,0.0,0.0
2014-06-02 00:00:00-04:00,40.66089991978854,40.818907906693234,40.074008600871885,40.60823059082031,167700,0.0,0.0
2014-06-03 00:00:00-04:00,40.48785761653252,40.743681393084415,40.11916931169496,40.54804992675781,225300,0.0,0.0
2014-06-04 00:00:00-04:00,40.45775537696881,41.11988793494123,40.21698042320863,41.05216979980469,74200,0.0,0.0
2014-06-05 00:00:00-04:00,41.0747373222679,42.12060395806815,40.540518128051936,41.73686981201172,167100,0.0,0.0
2014-06-06 00:00:00-04:00,41.99269391068158,42.511864317727074,41.87230644512334,41.95507049560547,163000,0.0,0.0
2014-06-09 00:00:00-04:00,41.90992109438714,42.28613223011725,41.73686431638287,42.16574478149414,128400,0.0,0.0
2014-06-10 00:00:00-04:00,42.188325749250836,42.188325749250836,41.42085452023831,41.75944519042969,180800,0.0,0.0
2014-06-11 00:00:00-04:00,41.63153893539658,42.61721058840673,41.63153893539658,42.5570182800293,208000,0.0,0.0
2014-06-12 00:00:00-04:00,42.34632737093221,42.587102284392394,40.47279739617865,40.51041793823242,139200,0.0,0.0
2014-06-13 00:00:00-04:00,40.698528293863205,41.10483708434766,40.08906510813653,40.623287200927734,123500,0.0,0.0
2014-06-16 00:00:00-04:00,40.5254761868796,40.91673623012992,40.10411855485679,40.88663864135742,117400,0.0,0.0
2014-06-17 00:00:00-04:00,40.92425231152459,41.676674682746636,40.81139067799943,41.13492965698242,141000,0.0,0.0
2014-06-18 00:00:00-04:00,41.052169137266624,41.75192223229634,40.9994997963731,41.721824645996094,132800,0.0,0.0
2014-06-19 00:00:00-04:00,41.96259707966775,42.25604135283981,41.51114192302612,42.052886962890625,313600,0.0,0.0
2014-06-20 00:00:00-04:00,42.32375738152888,42.421573091151075,41.48856810995788,41.58638381958008,309600,0.0,0.0
2014-06-23 00:00:00-04:00,41.714288982494786,42.090500111785815,40.48784276759548,40.615753173828125,217300,0.0,0.0
2014-06-24 00:00:00-04:00,40.69101496960232,41.165039133834476,40.21698793510578,40.39756774902344,181000,0.0,0.0
2014-06-25 00:00:00-04:00,40.26212404430187,40.68348164967763,40.254601082716526,40.33736801147461,316200,0.0,0.0
2014-06-26 00:00:00-04:00,40.367458538533185,41.05968569387655,39.712849054801495,40.45774841308594,240000,0.0,0.0
2014-06-27 00:00:00-04:00,40.186886033682946,40.578146082237765,39.9762086499473,40.12669372558594,451100,0.0,0.0
2014-06-30 00:00:00-04:00,39.90096718127906,40.56309983348769,39.56237932767162,40.02135467529297,252000,0.0,0.0
2014-07-01 00:00:00-04:00,40.089066017354895,41.428379890038805,40.089066017354895,40.92425537109375,156600,0.0,0.0
2014-07-02 00:00:00-04:00,40.909185474844584,41.36064042060157,40.517925669960114,40.58564376831055,142400,0.0,0.0
2014-07-03 00:00:00-04:00,40.751197814941406,40.94682637960542,40.450227701328146,40.751197814941406,121400,0.0,0.0
2014-07-07 00:00:00-04:00,40.63080793108259,40.871582859571625,39.46455383303941,39.502174377441406,169800,0.0,0.0
2014-07-08 00:00:00-04:00,39.44950138835756,39.48712192927604,38.46382714281893,38.76479721069336,258600,0.0,0.0
2014-07-09 00:00:00-04:00,38.94538649630741,40.329843981229466,38.305828533220186,39.90848922729492,210000,0.0,0.0
2014-07-10 00:00:00-04:00,39.095854272057935,40.232013327268625,38.77231251754862,39.464542388916016,190500,0.0,0.0
2014-07-11 00:00:00-04:00,39.32912315393172,39.795624285247094,38.794903884984755,39.14854049682617,98300,0.0,0.0
2014-07-14 00:00:00-04:00,39.49465596625413,40.013826427440044,39.2614039716706,39.675235748291016,234700,0.0,0.0
2014-07-15 00:00:00-04:00,39.64512555966477,39.81818232505255,39.381778931957925,39.50968933105469,211600,0.0,0.0
2014-07-16 00:00:00-04:00,39.77303215575102,40.38249221197584,39.1108999125594,39.6601676940918,220900,0.0,0.0
2014-07-17 00:00:00-04:00,39.44950332754095,40.26964378903722,39.0582433681767,39.14101028442383,257000,0.0,0.0
2014-07-18 00:00:00-04:00,38.92280188411522,39.74294223532853,38.59926009334446,39.69779586791992,177600,0.0,0.0
2014-07-21 00:00:00-04:00,39.46455653064057,39.69028268274562,38.877665090850954,39.22378158569336,138800,0.0,0.0
2014-07-22 00:00:00-04:00,39.3516960047198,39.66018911356692,38.48641185564326,38.50898361206055,189000,0.0,0.0
2014-07-23 00:00:00-04:00,38.54660507197852,38.84757522587304,38.125247430579016,38.69709014892578,239700,0.0,0.0
2014-07-24 00:00:00-04:00,37.613594423326745,39.04319516175639,37.01918007979808,38.54659652709961,526700,0.0,0.0
2014-07-25 00:00:00-04:00,38.36601789899592,38.96042938973728,38.20800701993771,38.749752044677734,264300,0.0,0.0
2014-07-28 00:00:00-04:00,38.6669883791427,38.99053025500832,38.388592882559664,38.59174728393555,239100,0.0,0.0
2014-07-29 00:00:00-04:00,38.62184703189702,38.719659887088426,38.25315875611231,38.26820755004883,176800,0.0,0.0
2014-07-30 00:00:00-04:00,38.52402702752822,39.050723275749554,37.88446627245101,38.99052810668945,278800,0.0,0.0
2014-07-31 00:00:00-04:00,38.599260663531595,38.651929991154816,38.125233844659526,38.21552658081055,176900,0.0,0.0
2014-08-01 00:00:00-04:00,38.32088542464401,38.48641932453267,37.82428659524264,38.418701171875,187400,0.0,0.0
2014-08-04 00:00:00-04:00,38.60679700146943,38.97548239518199,38.36602204672461,38.77985382080078,199700,0.0,0.0
2014-08-05 00:00:00-04:00,38.51649591031873,39.216248868159376,38.381059668784204,38.75727081298828,175100,0.0,0.0
2014-08-06 00:00:00-04:00,38.47887052218969,39.389300687599814,38.37353187432576,39.19367218017578,133000,0.0,0.0
2014-08-07 00:00:00-04:00,39.291495325758305,39.43445453638116,38.86261482362629,39.14101028442383,113600,0.0,0.0
2014-08-08 00:00:00-04:00,39.07330650957661,39.41942022257678,38.817482706432024,38.952919006347656,146000,0.0,0.0
2014-08-11 00:00:00-04:00,39.1334899399118,39.63008863675028,38.76480455073223,39.426937103271484,163300,0.0,0.0
2014-08-12 00:00:00-04:00,39.28396658888351,39.434451619085344,38.33591577805941,38.61431121826172,154500,0.0,0.0
2014-08-13 00:00:00-04:00,38.67451439876949,38.93786110353814,38.36602131449887,38.60679626464844,76400,0.0,0.0
2014-08-14 00:00:00-04:00,38.561520042033614,39.01412177851573,38.561520042033614,38.98394775390625,87800,0.13,0.0
2014-08-15 00:00:00-04:00,39.34603500292939,39.361122018143085,38.31259891999988,38.59170150756836,246800,0.0,0.0
2014-08-18 00:00:00-04:00,38.999042398197076,39.255515902461966,38.508724473776155,39.17253875732422,153400,0.0,0.0
2014-08-19 00:00:00-04:00,39.24797095605639,39.625137704825114,38.825546039069934,39.17253875732422,219500,0.0,0.0
2014-08-20 00:00:00-04:00,39.08202728813209,39.52708425497728,38.75011864180751,39.255523681640625,121200,0.0,0.0
2014-08-21 00:00:00-04:00,39.30077046215484,39.708111204036726,38.848171556210744,39.511985778808594,85300,0.0,0.0
2014-08-22 00:00:00-04:00,39.50445240806715,40.03248653808728,39.315868995742434,39.594974517822266,74200,0.0,0.0
2014-08-25 00:00:00-04:00,39.858986334309265,39.97967959155897,39.511993579410635,39.66286087036133,103800,0.0,0.0
2014-08-26 00:00:00-04:00,39.677936549162915,40.19088350248746,39.496898140668144,39.987213134765625,137000,0.0,0.0
2014-08-27 00:00:00-04:00,39.96459585504697,40.12300522864821,39.579886965221895,39.843902587890625,127000,0.0,0.0
2014-08-28 00:00:00-04:00,39.35358863160673,39.35358863160673,38.47101956401158,38.57662582397461,251000,0.0,0.0
2014-08-29 00:00:00-04:00,38.56907999897792,39.180088408595594,38.40312567658572,39.036766052246094,176100,0.0,0.0
2014-09-02 00:00:00-04:00,39.14991715196601,39.17254624039767,38.59925106132328,38.76520538330078,152300,0.0,0.0
2014-09-03 00:00:00-04:00,38.88589919134132,39.12728572981577,38.365410007297264,38.51627731323242,190400,0.0,0.0
2014-09-04 00:00:00-04:00,38.62941809312516,39.134823037707555,38.50872484745016,38.719940185546875,99400,0.0,0.0
2014-09-05 00:00:00-04:00,38.5388988782574,38.90097861528239,38.43329264798602,38.719940185546875,97400,0.0,0.0
2014-09-08 00:00:00-04:00,38.75765922877955,39.00658780795958,38.44083763635004,38.85572052001953,210000,0.0,0.0
2014-09-09 00:00:00-04:00,38.70485688293573,38.72748596943489,38.17682280337282,38.25979995727539,149400,0.0,0.0
2014-09-10 00:00:00-04:00,38.23717133112967,38.455928778232085,38.06367493853088,38.388038635253906,219500,0.0,0.0
2014-09-11 00:00:00-04:00,38.17682682188345,38.719947975466404,37.86755013777195,37.965614318847656,213400,0.0,0.0
2014-09-12 00:00:00-04:00,38.04857694133981,38.04857694133981,37.32441754356711,37.50545883178711,208600,0.0,0.0
2014-09-15 00:00:00-04:00,37.354587348843836,37.731754018911865,36.91707263033933,37.08302688598633,171200,0.0,0.0
2014-09-16 00:00:00-04:00,36.95480644065589,37.89017854664566,36.78885211836066,37.80720138549805,189000,0.0,0.0
2014-09-17 00:00:00-04:00,37.71668216568253,38.37295162965015,37.482837700335686,38.13156509399414,137200,0.0,0.0
2014-09-18 00:00:00-04:00,38.28242874145508,38.65959552708518,38.11647443496049,38.28242874145508,105300,0.0,0.0
2014-09-19 00:00:00-04:00,38.327697963395316,38.35032705454046,37.75440271557647,37.897727966308594,409700,0.0,0.0
2014-09-22 00:00:00-04:00,37.62615960749193,37.77702689832666,37.27916397530578,37.490379333496094,163100,0.0,0.0
2014-09-23 00:00:00-04:00,37.37722434374221,37.66387187941324,37.30179214477539,37.30179214477539,215700,0.0,0.0
2014-09-24 00:00:00-04:00,37.30933788773576,37.490379211659935,37.07549632137839,37.21881866455078,136400,0.0,0.0
2014-09-25 00:00:00-04:00,37.04531867996224,37.407398414993494,36.74358412865923,36.803932189941406,168400,0.0,0.0
2014-09-26 00:00:00-04:00,36.8567387420549,37.12829928804263,36.71341352192015,36.87936782836914,134900,0.0,0.0
2014-09-29 00:00:00-04:00,36.50973890570403,37.24898531658745,36.50973890570403,37.128292083740234,113500,0.0,0.0
2014-09-30 00:00:00-04:00,37.21128019386407,37.33197346230177,36.607810974121094,36.607810974121094,207500,0.0,0.0
2014-10-01 00:00:00-04:00,36.60781105978821,36.93971970693446,36.37396947026736,36.55500793457031,185800,0.0,0.0
2014-10-02 00:00:00-04:00,36.668148216553384,37.02268584680047,36.49465187426646,36.9397087097168,105300,0.0,0.0
2014-10-03 00:00:00-04:00,37.27162143761061,37.52809496554262,36.84165153454139,36.917083740234375,128300,0.0,0.0
2014-10-06 00:00:00-04:00,36.94725083019268,37.20372430992671,36.441848816408545,36.69832229614258,206100,0.0,0.0
2014-10-07 00:00:00-04:00,36.44185219480018,36.79638698086363,36.41167816437446,36.51728439331055,170800,0.0,0.0
2014-10-08 00:00:00-04:00,36.45694689399742,37.68650867868241,36.45694689399742,37.626163482666016,178600,0.0,0.0
2014-10-09 00:00:00-04:00,37.595973617693446,37.89016315860937,36.72094706218952,37.00004959106445,164100,0.0,0.0
2014-10-10 00:00:00-04:00,36.819022595828464,38.04104217378574,36.509745947161676,37.70159149169922,299900,0.0,0.0
2014-10-13 00:00:00-04:00,37.72422105138338,38.08630370185554,37.30179608842293,37.829830169677734,211000,0.0,0.0
2014-10-14 00:00:00-04:00,38.16172825395445,38.75010740722909,37.92034178709543,38.70484924316406,160000,0.0,0.0
2014-10-15 00:00:00-04:00,38.25225059974861,39.40638279656125,37.867541785847,38.682220458984375,308800,0.0,0.0
2014-10-16 00:00:00-04:00,38.16926606878782,38.38802342923747,37.63369008497247,37.905250549316406,241100,0.0,0.0
2014-10-17 00:00:00-04:00,38.433299529189526,38.433299529189526,37.30179906931675,37.656333923339844,363700,0.0,0.0
2014-10-20 00:00:00-04:00,37.573344962065114,38.73501612678618,37.573344962065114,38.5238037109375,219600,0.0,0.0
2014-10-21 00:00:00-04:00,38.546440686431644,39.059387696468995,38.53135654868402,38.62187576293945,227600,0.0,0.0
2014-10-22 00:00:00-04:00,38.7274859800625,39.051849648559255,37.64124666449112,37.81474304199219,270100,0.0,0.0
2014-10-23 00:00:00-04:00,36.83411358214011,37.44512199818985,35.400878493339555,36.313621520996094,933000,0.0,0.0
2014-10-24 00:00:00-04:00,36.17029215949806,36.5927170808882,35.9138186525595,36.456939697265625,231800,0.0,0.0
2014-10-27 00:00:00-04:00,36.268359507625526,36.992519045825816,36.042057134078,36.94725799560547,151900,0.0,0.0
2014-10-28 00:00:00-04:00,37.248988410841825,38.99149692497572,36.80393153820575,38.78782653808594,297700,0.0,0.0
2014-10-29 00:00:00-04:00,38.893440116184905,39.315865076042606,38.40312214200238,39.06693649291992,311200,0.0,0.0
2014-10-30 00:00:00-04:00,38.916072401369476,39.76092526808337,38.59925077788023,39.69303512573242,215500,0.0,0.0
2014-10-31 00:00:00-04:00,40.37192489795929,40.52279215714958,39.610046533947425,40.31157684326172,269800,0.0,0.0
2014-11-03 00:00:00-05:00,40.21352355475226,40.59823240839214,39.31586476700219,39.53462219238281,197700,0.0,0.0
2014-11-04 00:00:00-05:00,39.50445589059533,39.798645579347564,39.13483398128527,39.54971694946289,132300,0.0,0.0
2014-11-05 00:00:00-05:00,39.73829618441027,40.41719760799821,39.579886811424565,40.27387237548828,201400,0.0,0.0
2014-11-06 00:00:00-05:00,40.13054293941143,40.52279670631994,39.59496684283698,40.469993591308594,241600,0.0,0.0
2014-11-07 00:00:00-05:00,40.552967783985416,40.552967783985416,39.95704650460227,40.522796630859375,157200,0.0,0.0
2014-11-10 00:00:00-05:00,40.65858752993957,40.945232263740046,40.44737213746773,40.86225509643555,138300,0.0,0.0
2014-11-11 00:00:00-05:00,40.80944880165217,40.892425962519184,40.25878558937179,40.62841033935547,159800,0.0,0.0
2014-11-12 00:00:00-05:00,40.50770894193198,40.809440611052686,40.402102713862035,40.62085723876953,217500,0.0,0.0
2014-11-13 00:00:00-05:00,40.74156215479456,40.95277754900366,40.17581187585197,40.19089889526367,163200,0.0,0.0
2014-11-14 00:00:00-05:00,40.10791453192691,40.379475077510214,39.65531554099088,39.7382926940918,205000,0.0,0.0
2014-11-17 00:00:00-05:00,39.16500924790716,39.655327365588214,38.87081952832055,38.99905776977539,116600,0.0,0.0
2014-11-18 00:00:00-05:00,39.11219454287271,39.655315635331405,38.62942151737796,38.79537582397461,187900,0.0,0.0
2014-11-19 00:00:00-05:00,38.79537534794386,38.848178467112305,37.87508748091532,38.667137145996094,250500,0.0,0.0
2014-11-20 00:00:00-05:00,38.53136046528908,39.42147143812702,38.53136046528908,39.338497161865234,204400,0.0,0.0
2014-11-21 00:00:00-05:00,39.82126990729041,41.277133929655896,39.38375505484497,41.020660400390625,259700,0.0,0.0
2014-11-24 00:00:00-05:00,40.98294022399932,41.58640644536354,40.975395277608186,41.48834228515625,279600,0.0,0.0
2014-11-25 00:00:00-05:00,41.360103223893155,41.56377071713417,38.90097463804954,40.439815521240234,1536100,0.0,0.0
2014-11-26 00:00:00-05:00,40.32667180467451,40.80944482718735,40.03248217392788,40.54542922973633,427800,0.0,0.0
2014-11-28 00:00:00-05:00,40.462448490253735,41.5185165415536,40.23614901570489,41.329933166503906,271000,0.0,0.0
2014-12-01 00:00:00-05:00,41.39782646465122,41.782535313069246,40.83961836566272,41.05083084106445,400300,0.0,0.0
2014-12-02 00:00:00-05:00,41.254498090980746,41.556232642089356,40.84716018780424,41.14134979248047,211300,0.0,0.0
2014-12-03 00:00:00-05:00,41.14136471112822,41.699570092275,41.00558440164819,41.55624771118164,193200,0.0,0.0
2014-12-04 00:00:00-05:00,41.54869397531512,41.63166824998787,41.035746922961536,41.52606201171875,199000,0.0,0.0
2014-12-05 00:00:00-05:00,41.510971783749355,41.96357361245763,40.62085801926576,41.29221725463867,245100,0.0,0.0
2014-12-08 00:00:00-05:00,41.14135353444436,42.30302792105114,41.14135353444436,41.895687103271484,278900,0.0,0.0
2014-12-09 00:00:00-05:00,41.62411916710373,43.132786036871735,41.473251904616184,42.85368347167969,309000,0.0,0.0
2014-12-10 00:00:00-05:00,42.725456771795784,43.49487742742804,42.453896201860346,42.47652816772461,231500,0.0,0.0
2014-12-11 00:00:00-05:00,42.67265307406805,43.52505087879032,42.5444177386294,43.17051315307617,255400,0.0,0.0
2014-12-12 00:00:00-05:00,42.648830701903755,43.178066903119195,42.26324601599416,42.69419479370117,283700,0.13,0.0
2014-12-15 00:00:00-05:00,42.76223747519844,43.397320309922854,42.27080326490861,42.459815979003906,254800,0.0,0.0
2014-12-16 00:00:00-05:00,42.42201199270296,42.95124814378652,41.915456443317055,42.22543716430664,259900,0.0,0.0
2014-12-17 00:00:00-05:00,42.22544268550452,43.06465966730968,41.764254047421076,43.00417709350586,384300,0.0,0.0
2014-12-18 00:00:00-05:00,43.45780172170438,43.69973775857679,42.93612768296793,43.44268035888672,166000,0.0,0.0
2014-12-19 00:00:00-05:00,43.36708066239717,43.79046732620236,42.97393384307425,43.21586990356445,366200,0.0,0.0
2014-12-22 00:00:00-05:00,43.238544848790504,43.669493580391695,43.02685154459483,43.58633041381836,218100,0.0,0.0
2014-12-23 00:00:00-05:00,43.692186032109696,44.73553428898674,43.36708388589125,43.714866638183594,187800,0.0,0.0
2014-12-24 00:00:00-05:00,43.843401836627265,44.41044012643095,43.78291636801072,43.979488372802734,105100,0.0,0.0
2014-12-26 00:00:00-05:00,44.077777770412084,44.22898856454798,43.61658614614531,44.06265640258789,94100,0.0,0.0
2014-12-29 00:00:00-05:00,44.19118490138912,44.50116571969593,43.896325450329705,44.327274322509766,236500,0.0,0.0
2014-12-30 00:00:00-05:00,44.19874581967897,44.607014098528914,43.911448483397315,44.2138671875,236100,0.0,0.0
2014-12-31 00:00:00-05:00,44.23654453247356,44.64481278119287,43.661947018210164,43.69974899291992,214100,0.0,0.0
2015-01-02 00:00:00-05:00,44.08532900525939,44.22897763794232,43.02685659190583,43.56365203857422,287300,0.0,0.0
2015-01-05 00:00:00-05:00,43.37464173953833,43.60145644534102,42.527865491959076,42.98149490356445,230300,0.0,0.0
2015-01-06 00:00:00-05:00,43.0419767678081,43.299034182006096,42.61858723733341,42.72443389892578,179900,0.0,0.0
2015-01-07 00:00:00-05:00,42.996616742964726,43.11002553917026,42.353974588747995,43.05710220336914,231900,0.0,0.0
2015-01-08 00:00:00-05:00,43.40488204180277,44.05508627708237,42.54298447749459,43.56365203857422,338600,0.0,0.0
2015-01-09 00:00:00-05:00,43.639278933232276,43.639278933232276,42.80762083043029,43.09492111206055,133700,0.0,0.0
2015-01-12 00:00:00-05:00,43.20831554158732,44.02484911690016,42.860529891776295,43.90388107299805,151100,0.0,0.0
2015-01-13 00:00:00-05:00,44.244106657878994,45.06820239661723,43.39733031113605,43.69974899291992,254400,0.0,0.0
2015-01-14 00:00:00-05:00,43.25367589101034,43.63926350606456,42.58079097999662,43.3973274230957,179000,0.0,0.0
2015-01-15 00:00:00-05:00,43.56365515592035,43.56365515592035,42.17252128538806,42.346412658691406,130400,0.0,0.0
2015-01-16 00:00:00-05:00,42.19520813625599,43.117588412289194,41.91546718447585,43.02686309814453,157100,0.0,0.0
2015-01-20 00:00:00-05:00,43.02686504955708,43.54853923468076,42.830293045977484,43.2612419128418,165600,0.0,0.0
2015-01-21 00:00:00-05:00,43.125140448097866,43.745101903902565,42.77735775515475,43.30659103393555,292400,0.0,0.0
2015-01-22 00:00:00-05:00,43.609015929296504,44.08532880151481,43.20074775310938,43.971920013427734,218100,0.0,0.0
2015-01-23 00:00:00-05:00,44.12313306788981,45.310132806182956,43.76778820520528,45.06063461303711,249000,0.0,0.0
2015-01-26 00:00:00-05:00,45.71840289832499,46.86760071428081,43.46537136271226,45.12868118286133,659400,0.0,0.0
2015-01-27 00:00:00-05:00,44.607012596916924,46.300568242484445,43.15539594423555,44.20630645751953,675700,0.0,0.0
2015-01-28 00:00:00-05:00,44.52384701953622,45.79401304697158,43.14027506214417,43.37464904785156,394000,0.0,0.0
2015-01-29 00:00:00-05:00,43.374646735402514,44.3272726472443,42.64883843959358,44.28947067260742,281800,0.0,0.0
2015-01-30 00:00:00-05:00,44.055078997353405,44.5011490698867,43.147817490696966,43.200740814208984,325800,0.0,0.0
2015-02-02 00:00:00-05:00,43.420010462127614,44.08533616961857,42.875652802898124,43.92656326293945,241300,0.0,0.0
2015-02-03 00:00:00-05:00,44.24410337259476,44.9018669128418,43.94168182916099,44.9018669128418,280100,0.0,0.0
2015-02-04 00:00:00-05:00,44.84138879526705,45.04552292477549,44.50872448757662,44.856510162353516,167400,0.0,0.0
2015-02-05 00:00:00-05:00,45.105995145326666,45.58230800474061,44.841378492377366,44.95478439331055,122500,0.0,0.0
2015-02-06 00:00:00-05:00,45.0682003823891,45.78644940619707,44.780900196044776,45.33281707763672,234800,0.0,0.0
2015-02-09 00:00:00-05:00,45.105996532938356,46.05861939696691,44.79601577961662,45.38573455810547,170100,0.0,0.0
2015-02-10 00:00:00-05:00,45.66547684577366,45.91497215031706,45.17404259279566,45.81668472290039,185300,0.0,0.0
2015-02-11 00:00:00-05:00,45.59742876194169,45.99057555831296,45.45377725158949,45.589866638183594,150400,0.0,0.0
2015-02-12 00:00:00-05:00,45.62010889386272,46.08130037876807,45.49914087192895,45.9527702331543,140800,0.0,0.0
2015-02-13 00:00:00-05:00,46.05862946362503,46.63322988772758,45.82425547946466,46.50469970703125,150300,0.0,0.0
2015-02-17 00:00:00-05:00,46.72394486897296,47.25318107382081,46.17959018419414,47.19269561767578,228600,0.0,0.0
2015-02-18 00:00:00-05:00,46.98101750961545,47.774870632015734,46.98101750961545,47.66146469116211,203800,0.0,0.0
2015-02-19 00:00:00-05:00,47.44975840566636,48.137764684565234,47.39683506760534,47.653892517089844,167600,0.0,0.0
2015-02-20 00:00:00-05:00,47.77485723424792,47.98655345586542,47.20781903667877,47.880706787109375,135300,0.0,0.0
2015-02-23 00:00:00-05:00,47.8807125705531,48.49311205207118,47.87315044523973,48.48554992675781,188600,0.0,0.0
2015-02-24 00:00:00-05:00,48.40237632055812,48.57627056643508,47.298545577362404,47.40439224243164,249000,0.0,0.0
2015-02-25 00:00:00-05:00,47.55560983100626,48.06216262491586,47.25318827242047,47.87314987182617,161800,0.0,0.0
2015-02-26 00:00:00-05:00,47.888266929119254,48.5309119622616,47.64633085766263,48.38726043701172,135700,0.0,0.0
2015-02-27 00:00:00-05:00,48.198244907539134,48.64431217009919,47.721932032668086,47.812660217285156,179500,0.0,0.0
2015-03-02 00:00:00-05:00,47.63122018803348,48.659450164660704,47.37416269387668,48.59896469116211,165000,0.0,0.0
2015-03-03 00:00:00-05:00,48.5762853780197,48.5762853780197,47.66146419771641,47.88827896118164,150700,0.0,0.0
2015-03-04 00:00:00-05:00,47.64633634043926,47.76730439008765,47.04905533350405,47.1624641418457,148600,0.0,0.0
2015-03-05 00:00:00-05:00,47.2985475915771,47.374151531530345,46.73906862996454,47.200260162353516,100800,0.0,0.0
2015-03-06 00:00:00-05:00,46.81466862400634,47.26073875398525,46.413962584639,46.882713317871094,200400,0.0,0.0
2015-03-09 00:00:00-04:00,47.01879628376845,48.02434519086462,46.78442239121581,47.70680236816406,137300,0.0,0.0
2015-03-10 00:00:00-04:00,47.200254160746304,47.593400943545774,46.98099872501303,47.3741455078125,133900,0.0,0.0
2015-03-11 00:00:00-04:00,47.30611760405443,47.83535395655645,47.11710482702557,47.69926452636719,131400,0.0,0.0
2015-03-12 00:00:00-04:00,48.11507777787672,49.13574531724374,47.91094369318227,48.523345947265625,257800,0.0,0.0
2015-03-13 00:00:00-04:00,48.621841642256385,48.75820727473066,48.01577377012602,48.1142578125,258800,0.13,0.0
2015-03-16 00:00:00-04:00,48.39456216325424,48.75062538024238,48.22031784643892,48.31880187988281,224500,0.0,0.0
2015-03-17 00:00:00-04:00,48.318789103504855,48.58394280029507,48.00817924871124,48.29606246948242,173200,0.0,0.0
2015-03-18 00:00:00-04:00,50.644589431272216,50.743079245249525,48.84911549853091,49.31123733520508,347400,0.0,0.0
2015-03-19 00:00:00-04:00,49.04608742811549,50.33398634523344,49.04608742811549,50.13701248168945,215000,0.0,0.0
2015-03-20 00:00:00-04:00,50.227924859246066,50.788536554367745,50.14458998538646,50.69762420654297,308500,0.0,0.0
2015-03-23 00:00:00-04:00,50.57640576820391,51.462779348897975,50.57640576820391,50.8264045715332,143000,0.0,0.0
2015-03-24 00:00:00-04:00,50.94005419398528,51.05369319012167,49.83397991009124,49.955196380615234,242000,0.0,0.0
2015-03-25 00:00:00-04:00,50.04610715430134,50.432477461628004,49.01579018804352,49.06882095336914,208900,0.0,0.0
2015-03-26 00:00:00-04:00,49.09153512402538,49.220323251938474,48.50061367023078,48.9854736328125,173300,0.0,0.0
2015-03-27 00:00:00-04:00,48.97789225142524,49.409715654016665,48.93243320173535,49.21274185180664,157400,0.0,0.0
2015-03-30 00:00:00-04:00,49.29608458876998,49.75821217180551,49.29608458876998,49.54608917236328,237300,0.0,0.0
2015-03-31 00:00:00-04:00,49.40971386369974,49.69759419502383,48.970313005428416,49.28092575073242,151500,0.0,0.0
2015-04-01 00:00:00-04:00,49.2203183838191,49.250622489728094,48.243032642943334,48.90213394165039,160100,0.0,0.0
2015-04-02 00:00:00-04:00,49.09910144926663,49.52335314766074,48.98546827818682,49.31880187988281,149500,0.0,0.0
2015-04-06 00:00:00-04:00,49.14457485815009,49.720335692921275,49.14457485815009,49.205177307128906,98000,0.0,0.0
2015-04-07 00:00:00-04:00,49.303662272791456,49.46275452305465,48.97790029941875,49.023353576660156,134700,0.0,0.0
2015-04-08 00:00:00-04:00,49.09155269361809,49.66731362914454,49.09155269361809,49.652164459228516,164100,0.0,0.0
2015-04-09 00:00:00-04:00,49.583965145151566,50.402158814282885,49.144569979063945,49.6142692565918,115000,0.0,0.0
2015-04-10 00:00:00-04:00,49.94761839421828,50.083984032200185,49.45518660262142,49.780948638916016,92700,0.0,0.0
2015-04-13 00:00:00-04:00,49.82640243570362,50.05368042797641,49.493068701601494,49.955196380615234,158000,0.0,0.0
2015-04-14 00:00:00-04:00,49.87942108364923,50.06124574528017,49.07638239115905,49.2203254699707,121000,0.0,0.0
2015-04-15 00:00:00-04:00,49.280941559721484,49.57639945715309,48.21274317676187,48.235469818115234,162000,0.0,0.0
2015-04-16 00:00:00-04:00,48.06880652386777,48.705178538513216,47.902136768377865,48.28092956542969,107500,0.0,0.0
2015-04-17 00:00:00-04:00,47.87939607656335,48.13697521857807,46.81877540004184,47.265750885009766,171800,0.0,0.0
2015-04-20 00:00:00-04:00,47.64454121114155,48.371822438470424,47.43999282408805,47.65211868286133,149700,0.0,0.0
2015-04-21 00:00:00-04:00,47.682427133442836,47.720308717871085,47.31121188170277,47.349090576171875,117800,0.0,0.0
2015-04-22 00:00:00-04:00,47.47787840194697,47.674852235820694,46.87938809738387,47.409698486328125,116000,0.0,0.0
2015-04-23 00:00:00-04:00,47.17484758284527,47.83394613282424,47.152120943522995,47.27333450317383,142500,0.0,0.0
2015-04-24 00:00:00-04:00,47.40971875273111,48.29609271418698,46.92486143360237,47.99305725097656,109000,0.0,0.0
2015-04-27 00:00:00-04:00,48.08396041643391,48.46275322793262,47.25061449716085,47.55364990234375,89300,0.0,0.0
2015-04-28 00:00:00-04:00,47.6597004947532,48.03849321936257,47.15969421386719,47.349090576171875,144800,0.0,0.0
2015-04-29 00:00:00-04:00,47.06121192815984,47.18242549636662,45.72028520427027,46.04604721069336,191900,0.0,0.0
2015-04-30 00:00:00-04:00,45.76572892216544,46.2127043751629,45.356632157057525,45.37178421020508,217500,0.0,0.0
2015-05-01 00:00:00-04:00,45.4399805194075,46.379387864248955,45.4399805194075,46.00059509277344,125000,0.0,0.0
2015-05-04 00:00:00-04:00,46.0384685778095,46.51574822500266,45.99301240999519,46.09149932861328,171100,0.0,0.0
2015-05-05 00:00:00-04:00,45.85664763276507,46.21271372890588,45.15209291357025,45.250579833984375,174200,0.0,0.0
2015-05-06 00:00:00-04:00,45.44755609837575,45.44755609837575,44.47784467865601,45.34149169921875,137600,0.0,0.0
2015-05-07 00:00:00-04:00,45.14451834449058,46.40968469421651,45.14451834449058,46.20513916015625,104900,0.0,0.0
2015-05-08 00:00:00-04:00,46.67484206025248,46.94757329646887,46.28847184562618,46.546051025390625,98900,0.0,0.0
2015-05-11 00:00:00-04:00,46.462718415107744,46.697568062006326,46.12937895763741,46.18998718261719,84000,0.0,0.0
2015-05-12 00:00:00-04:00,45.98543628270773,46.40210769215568,45.20512132287564,46.212711334228516,111100,0.0,0.0
2015-05-13 00:00:00-04:00,46.18240902353269,46.62180997823166,45.591493288553295,46.52332305908203,162900,0.0,0.0
2015-05-14 00:00:00-04:00,46.8036328413873,47.07636409296538,46.11423012876912,46.97030258178711,151100,0.0,0.0
2015-05-15 00:00:00-04:00,46.86424267080574,47.349096961295885,46.51575401076089,47.31121826171875,185300,0.0,0.0
2015-05-18 00:00:00-04:00,47.15971188198839,47.902145553576275,46.87182849424281,47.87184143066406,200700,0.0,0.0
2015-05-19 00:00:00-04:00,47.92485174420788,48.62940929635765,47.43999754441185,48.34152603149414,205500,0.0,0.0
2015-05-20 00:00:00-04:00,48.51576317184206,48.74303529326523,47.27332374566058,47.53090286254883,175700,0.0,0.0
2015-05-21 00:00:00-04:00,44.69754161076774,45.41724836723804,41.92477897559645,44.72026824951172,791900,0.0,0.0
2015-05-22 00:00:00-04:00,44.51572077040067,46.03089170443684,44.159657566074436,45.29603576660156,259200,0.0,0.0
2015-05-26 00:00:00-04:00,45.038456413019766,45.038456413019766,44.12177869516533,44.37178039550781,203400,0.0,0.0
2015-05-27 00:00:00-04:00,44.30360318689867,45.606651274441425,44.01571986500815,45.14452362060547,266400,0.0,0.0
2015-05-28 00:00:00-04:00,45.16730817413677,45.67617000618135,44.86350807629504,45.57743453979492,131400,0.15,0.0
2015-05-29 00:00:00-04:00,45.42553998876978,45.90402125897307,44.757181473605456,44.81793975830078,145200,0.0,0.0
2015-06-01 00:00:00-04:00,45.13691447646652,45.13691447646652,44.24830133156011,44.6660270690918,225900,0.0,0.0
2015-06-02 00:00:00-04:00,44.51413749280116,45.638193156106425,44.28628888083766,45.547054290771484,235600,0.0,0.0
2015-06-03 00:00:00-04:00,45.60780799101493,46.76984072072684,45.463504560613686,46.59515380859375,140800,0.0,0.0
2015-06-04 00:00:00-04:00,46.31415953750305,47.33948295255198,46.10150115390173,46.42808532714844,135100,0.0,0.0
2015-06-05 00:00:00-04:00,46.32934062511179,46.68630532426218,45.82047876630411,46.488834381103516,194700,0.0,0.0
2015-06-08 00:00:00-04:00,46.35211442063697,47.187563101189255,46.07869495781084,46.952117919921875,164500,0.0,0.0
2015-06-09 00:00:00-04:00,46.92174886062107,47.49137191566812,46.42807728459857,47.24833297729492,154800,0.0,0.0
2015-06-10 00:00:00-04:00,47.42301946819232,48.51669764428123,47.248335403345415,47.84833908081055,196100,0.0,0.0
2015-06-11 00:00:00-04:00,48.007831481723784,48.16732524544314,47.64327306582837,47.84074401855469,82300,0.0,0.0
2015-06-12 00:00:00-04:00,47.70403112727444,47.96985404940338,47.45339560305067,47.77997970581055,84700,0.0,0.0
2015-06-15 00:00:00-04:00,47.65085649503425,47.969843934326256,46.97490154068567,47.47616958618164,88100,0.0,0.0
2015-06-16 00:00:00-04:00,47.430606086259964,48.60782630001296,47.42300949093934,47.98503875732422,194200,0.0,0.0
2015-06-17 00:00:00-04:00,48.060995734442535,48.31163127332732,47.62808243750766,47.742008209228516,72800,0.0,0.0
2015-06-18 00:00:00-04:00,47.91667676632232,48.2204767944602,47.55211847090793,47.93946075439453,156100,0.0,0.0
2015-06-19 00:00:00-04:00,48.06098714424869,48.152128904236214,47.64326421802193,47.87111282348633,213400,0.0,0.0
2015-06-22 00:00:00-04:00,48.2052906981592,48.47871016782594,47.688832343733594,48.03820037841797,167900,0.0,0.0
2015-06-23 00:00:00-04:00,48.05338041326944,48.866039156692324,47.855909550772985,48.828067779541016,210600,0.0,0.0
2015-06-24 00:00:00-04:00,48.69896626670225,49.35213437211202,48.66098908600233,48.9420051574707,207600,0.0,0.0
2015-06-25 00:00:00-04:00,49.15466226067383,49.579978860492936,48.80529422589327,48.919219970703125,105800,0.0,0.0
2015-06-26 00:00:00-04:00,49.04834410395353,49.24580925841091,48.60783421569253,49.05593490600586,289300,0.0,0.0
2015-06-29 00:00:00-04:00,48.90402979893348,49.08630752517543,47.46098669338454,47.54452896118164,174700,0.0,0.0
2015-06-30 00:00:00-04:00,47.86352201777126,47.86352201777126,47.0736441003281,47.21035385131836,204300,0.0,0.0
2015-07-01 00:00:00-04:00,47.734400677859625,48.152126480310734,47.46098410341717,48.13693618774414,210600,0.0,0.0
2015-07-02 00:00:00-04:00,48.27365104639648,48.27365104639648,47.2711148086287,47.53693771362305,103100,0.0,0.0
2015-07-06 00:00:00-04:00,47.07364096806815,47.96225429037684,47.07364096806815,47.719215393066406,147900,0.0,0.0
2015-07-07 00:00:00-04:00,47.77236169151804,47.77236169151804,46.876155014134,47.643245697021484,169500,0.0,0.0
2015-07-08 00:00:00-04:00,47.27871832445512,47.90150602883638,46.48124654662575,47.119224548339844,208100,0.0,0.0
2015-07-09 00:00:00-04:00,47.628078631013906,47.85592725899295,46.72427781788764,47.61288833618164,181800,0.0,0.0
2015-07-10 00:00:00-04:00,48.159717026336935,48.159717026336935,47.658448993451266,47.76477813720703,130800,0.0,0.0
2015-07-13 00:00:00-04:00,48.1521289179395,48.486306679565566,47.871112837109635,48.00022888183594,140400,0.0,0.0
2015-07-14 00:00:00-04:00,48.15213097431599,48.43314416989454,47.65845656020969,48.07617950439453,106200,0.0,0.0
2015-07-15 00:00:00-04:00,48.04580629109975,48.311632130748634,47.71162846390854,47.79517364501953,122200,0.0,0.0
2015-07-16 00:00:00-04:00,47.97744760996446,48.63821240978338,47.90909562783065,48.402767181396484,136600,0.0,0.0
2015-07-17 00:00:00-04:00,48.486309836222595,48.486309836222595,47.50655758168357,47.80276107788086,153400,0.0,0.0
2015-07-20 00:00:00-04:00,48.053403738827214,48.569862233701905,47.45340006136209,47.84833908081055,258000,0.0,0.0
2015-07-21 00:00:00-04:00,47.886304798818244,48.20529517547466,47.0660492108846,47.18756866455078,109700,0.0,0.0
2015-07-22 00:00:00-04:00,46.92933514753687,47.48376778497916,46.845789987589725,47.10401916503906,257600,0.0,0.0
2015-07-23 00:00:00-04:00,47.4761634580886,48.60781543599863,46.78502119824805,46.97489547729492,246200,0.0,0.0
2015-07-24 00:00:00-04:00,47.03566604894859,47.24832435691279,46.29895277171239,46.45844650268555,149800,0.0,0.0
2015-07-27 00:00:00-04:00,46.34453019996523,47.56732143806177,46.283769019244936,47.46858596801758,236500,0.0,0.0
2015-07-28 00:00:00-04:00,47.33946727723323,48.060987381896155,47.00528661679763,47.23313522338867,234900,0.0,0.0
2015-07-29 00:00:00-04:00,47.15717787588129,47.68882645713536,47.15717787588129,47.33945846557617,113200,0.0,0.0
2015-07-30 00:00:00-04:00,47.111625231079024,47.76479349241558,46.959728061026354,47.453399658203125,94800,0.0,0.0
2015-07-31 00:00:00-04:00,47.52174202399236,48.349594130593516,47.354651704251125,48.03820037841797,95300,0.0,0.0
2015-08-03 00:00:00-04:00,48.13695049344133,48.13695049344133,46.876184808251146,47.36226272583008,132500,0.0,0.0
2015-08-04 00:00:00-04:00,47.56732483507415,48.228086787706445,47.37745047764224,47.68124771118164,138100,0.0,0.0
2015-08-05 00:00:00-04:00,48.60782724056604,50.552138475947224,48.471117494671766,50.31669616699219,282900,0.0,0.0
2015-08-06 00:00:00-04:00,50.544549359540476,50.711633903864715,49.033145508863555,49.24580383300781,142700,0.0,0.0
2015-08-07 00:00:00-04:00,48.98757646069563,49.724289778000475,48.95719587297635,49.519222259521484,103100,0.0,0.0
2015-08-10 00:00:00-04:00,49.71668110881021,50.400229680233544,49.5420000149762,49.83820343017578,181800,0.0,0.0
2015-08-11 00:00:00-04:00,49.397699338560216,49.929345068886796,49.283773597917694,49.80023193359375,95600,0.0,0.0
2015-08-12 00:00:00-04:00,49.36732722367389,49.71669530560854,48.67618186118012,49.67112731933594,112800,0.0,0.0
2015-08-13 00:00:00-04:00,49.716793772319654,50.99568263822297,49.29049941962687,49.77008056640625,193400,0.15,0.0
2015-08-14 00:00:00-04:00,49.64066126257669,50.622665546814666,49.46557860404427,50.493255615234375,73200,0.0,0.0
2015-08-17 00:00:00-04:00,50.188783908864956,51.18601102982768,49.89189941013823,51.09466552734375,146200,0.0,0.0
2015-08-18 00:00:00-04:00,50.94240651894951,51.376315021100176,50.72164523780953,50.85866928100586,153600,0.0,0.0
2015-08-19 00:00:00-04:00,49.83858949941879,50.47803095175692,48.71194999629443,49.61021423339844,196800,0.0,0.0
2015-08-20 00:00:00-04:00,49.11541339692502,49.67112354141384,48.48358299064735,48.666282653808594,233200,0.0,0.0
2015-08-21 00:00:00-04:00,47.7451874316234,49.13826426075903,47.37979094461564,47.64622497558594,294600,0.0,0.0
2015-08-24 00:00:00-04:00,45.76595345884945,47.19709189721555,45.76595345884945,46.161800384521484,203900,0.0,0.0
2015-08-25 00:00:00-04:00,47.36456832778284,47.41024107622001,46.14657706698984,46.527198791503906,190500,0.0,0.0
2015-08-26 00:00:00-04:00,47.296052410482545,47.585322806499306,46.3444981774754,47.326499938964844,130200,0.0,0.0
2015-08-27 00:00:00-04:00,47.547250764681756,48.39223120244894,47.09811714928805,48.0496711730957,185200,0.0,0.0
2015-08-28 00:00:00-04:00,47.73756533947008,48.498808618634634,47.58531610285464,48.194313049316406,99100,0.0,0.0
2015-08-31 00:00:00-04:00,47.866970514806425,48.48357561333802,47.54724687890187,48.25520324707031,133700,0.0,0.0
2015-09-01 00:00:00-04:00,47.41023193763411,48.24760131250543,46.846913520127494,47.21992111206055,188700,0.0,0.0
2015-09-02 00:00:00-04:00,47.72994573204388,48.361776031826906,47.41022210137911,48.33893966674805,109700,0.0,0.0
2015-09-03 00:00:00-04:00,48.6129949019251,48.848978453310856,47.84413758544793,47.87458801269531,112600,0.0,0.0
2015-09-04 00:00:00-04:00,47.303653717041016,47.905036564020506,47.06767017489618,47.303653717041016,62500,0.0,0.0
2015-09-08 00:00:00-04:00,48.08773581335269,48.35417269932113,47.204693739222854,48.06489944458008,107400,0.0,0.0
2015-09-09 00:00:00-04:00,48.514036649383826,48.514036649383826,47.42545846466329,47.46352005004883,132300,0.0,0.0
2015-09-10 00:00:00-04:00,47.44829922285769,47.95833087158203,47.30366112839151,47.57770919799805,105000,0.0,0.0
2015-09-11 00:00:00-04:00,47.24274779537754,48.095339253631934,47.044822963337786,48.05727767944336,115400,0.0,0.0
2015-09-14 00:00:00-04:00,48.31610998826809,49.46558892151937,48.18669712578308,48.62821960449219,131100,0.0,0.0
2015-09-15 00:00:00-04:00,48.70435929476988,49.282903083144554,48.43792522852764,48.79570770263672,142200,0.0,0.0
2015-09-16 00:00:00-04:00,49.20675056963975,49.90709278577948,49.10017700665429,49.32855224609375,254600,0.0,0.0
2015-09-17 00:00:00-04:00,49.34378204860483,50.90433287028262,49.34378204860483,50.3105583190918,218100,0.0,0.0
2015-09-18 00:00:00-04:00,49.56454389237488,50.98045667117091,49.56454389237488,50.50086975097656,218400,0.0,0.0
2015-09-21 00:00:00-04:00,50.80539057147905,52.28220484927472,50.38671012287117,51.779781341552734,203500,0.0,0.0
2015-09-22 00:00:00-04:00,51.33064332450031,51.68842865614504,51.17839696576167,51.37631607055664,208900,0.0,0.0
2015-09-23 00:00:00-04:00,51.475278352918565,51.82544960334068,51.155551726162756,51.581851959228516,121600,0.0,0.0
2015-09-24 00:00:00-04:00,51.406755557640935,51.46004235263553,50.538938720400246,50.988075256347656,160100,0.0,0.0
2015-09-25 00:00:00-04:00,51.45244147172811,52.38115940048578,50.96524613333499,51.39915466308594,381800,0.0,0.0
2015-09-28 00:00:00-04:00,50.94240651894951,51.39915139366187,48.879437618701516,50.85866928100586,211100,0.0,0.0
2015-09-29 00:00:00-04:00,50.950008856304365,51.58945037221126,50.767312110020235,51.26972961425781,265000,0.0,0.0
2015-09-30 00:00:00-04:00,51.840677480671324,52.0690528374682,50.75971318186283,51.4219970703125,397400,0.0,0.0
2015-10-01 00:00:00-04:00,51.338259878373094,51.612307983674675,50.53133787595107,51.27735900878906,195600,0.0,0.0
2015-10-02 00:00:00-04:00,50.95002003379825,51.82545108885979,50.264899825148966,51.696041107177734,193000,0.0,0.0
2015-10-05 00:00:00-04:00,51.924413991211516,52.716107860349446,51.67320226384701,52.678043365478516,247200,0.0,0.0
2015-10-06 00:00:00-04:00,52.70087841586672,52.93686199022009,51.513334868939275,52.13755416870117,144600,0.0,0.0
2015-10-07 00:00:00-04:00,52.327866414292686,52.72371620989675,51.69603884579051,52.2441291809082,219500,0.0,0.0
2015-10-08 00:00:00-04:00,52.1984413490841,53.424043256703314,51.90155699211539,53.393592834472656,226100,0.0,0.0
2015-10-09 00:00:00-04:00,53.492566118619465,53.85035141213526,53.317483405511105,53.42405700683594,182400,0.0,0.0
2015-10-12 00:00:00-04:00,53.5839198169576,54.284262316516745,53.36315854491322,54.04066467285156,146100,0.0,0.0
2015-10-13 00:00:00-04:00,53.698099012528765,54.39082734300109,53.142388890167965,53.25657653808594,176200,0.0,0.0
2015-10-14 00:00:00-04:00,53.363153096645384,53.827511964944854,52.350698134102245,52.47249984741211,165000,0.0,0.0
2015-10-15 00:00:00-04:00,52.76175794309961,53.72092588511806,51.833040422332026,53.69047546386719,166900,0.0,0.0
2015-10-16 00:00:00-04:00,53.76660705438096,54.208129520101146,52.93685472436451,53.606746673583984,144600,0.0,0.0
2015-10-19 00:00:00-04:00,53.53064234885422,54.04828815789076,53.51542003439445,53.736175537109375,132400,0.0,0.0
2015-10-20 00:00:00-04:00,54.06350380371987,54.672500847877274,53.84274832823471,54.39845275878906,267400,0.0,0.0
2015-10-21 00:00:00-04:00,54.44410357384582,54.5735193138823,53.66763817274648,53.903621673583984,188000,0.0,0.0
2015-10-22 00:00:00-04:00,54.246212251739,56.40052689575156,53.819911951724805,55.44136428833008,470000,0.0,0.0
2015-10-23 00:00:00-04:00,56.34721947070671,57.92299267252139,54.63442225969838,56.0655632019043,260700,0.0,0.0
2015-10-26 00:00:00-04:00,56.30155833192439,57.824045055257635,55.547929030065696,57.67179870605469,209800,0.0,0.0
2015-10-27 00:00:00-04:00,57.47387003033081,58.61573499782082,54.794296128730814,57.527156829833984,431300,0.0,0.0
2015-10-28 00:00:00-04:00,57.6108982810494,58.189444866503884,57.03235169559491,57.84688186645508,186100,0.0,0.0
2015-10-29 00:00:00-04:00,57.78597694559137,58.18182087364296,56.50708807429585,56.96383285522461,162800,0.0,0.0
2015-10-30 00:00:00-04:00,56.70499280580165,57.48146396421896,56.164510940695706,56.461395263671875,253500,0.0,0.0
2015-11-02 00:00:00-05:00,56.52228849980362,56.56035297007064,55.51744804767558,56.324363708496094,241400,0.0,0.0
2015-11-03 00:00:00-05:00,56.088379019752956,56.301526109780426,55.6849211982263,55.95896911621094,247600,0.0,0.0
2015-11-04 00:00:00-05:00,55.81435697190758,56.03511821970891,54.96176240879468,55.753456115722656,181400,0.0,0.0
2015-11-05 00:00:00-05:00,55.624041494814946,55.79912998973015,54.83996191251715,55.12162399291992,235300,0.0,0.0
2015-11-06 00:00:00-05:00,54.817137523148126,55.95900259529693,54.58876218558793,55.89048767089844,119700,0.0,0.0
2015-11-09 00:00:00-05:00,55.73061742125706,55.73061742125706,54.862800584220125,55.00743865966797,158600,0.0,0.0
2015-11-10 00:00:00-05:00,54.86279980841862,56.00466466288091,54.86279980841862,55.951377868652344,126300,0.0,0.0
2015-11-11 00:00:00-05:00,55.677330017089844,55.96660035699546,55.25103566189736,55.677330017089844,97500,0.0,0.0
2015-11-12 00:00:00-05:00,54.50502597409446,55.75346467849744,53.82751981650355,54.95416259765625,153400,0.0,0.0
2015-11-13 00:00:00-05:00,54.603966958992466,54.809500028657546,53.50777509991576,53.7056999206543,178400,0.0,0.0
2015-11-16 00:00:00-05:00,53.91125564038299,54.824745368187834,53.690494364467845,54.695335388183594,170800,0.0,0.0
2015-11-17 00:00:00-05:00,54.80950243402171,56.63648701005387,54.80188837693741,55.997039794921875,216000,0.0,0.0
2015-11-18 00:00:00-05:00,55.82958680650557,56.278723421620334,55.30433282263886,55.89048767089844,165100,0.0,0.0
2015-11-19 00:00:00-05:00,56.08080670648816,56.44620613838343,53.91126391412325,54.17008972167969,240500,0.0,0.0
2015-11-20 00:00:00-05:00,54.55832007074597,55.88288793800224,54.08635281931562,55.075965881347656,180000,0.0,0.0
2015-11-23 00:00:00-05:00,54.93893340542648,56.12647702894685,54.93893340542648,56.035125732421875,132900,0.0,0.0
2015-11-24 00:00:00-05:00,55.42613104904257,56.33962662945401,55.42613104904257,56.07319259643555,76600,0.0,0.0
2015-11-25 00:00:00-05:00,56.17214075986724,56.98667081441334,56.17214075986724,56.94099807739258,90500,0.0,0.0
2015-11-27 00:00:00-05:00,56.99427471220999,57.245480528864164,56.34721341137364,57.176971435546875,65200,0.0,0.0
2015-11-30 00:00:00-05:00,57.215040285034135,57.70223545636158,56.11884824563511,56.36244583129883,135900,0.0,0.0
2015-12-01 00:00:00-05:00,56.499491048338655,58.615746957284436,56.05035438275189,56.5223274230957,139300,0.0,0.0
2015-12-02 00:00:00-05:00,57.001886921135615,58.41019144282408,54.50501023341099,56.7582893371582,211400,0.0,0.0
2015-12-03 00:00:00-05:00,56.82681959609367,57.3444653278773,56.25588705991287,56.76591873168945,233200,0.0,0.0
2015-12-04 00:00:00-05:00,56.956225826088975,57.63373192644525,54.10156333318591,56.773529052734375,261300,0.0,0.0
2015-12-07 00:00:00-05:00,56.91053916473476,57.94583030689441,54.9769808788726,55.59358596801758,308000,0.0,0.0
2015-12-08 00:00:00-05:00,54.8551948349396,55.55554314228128,54.741012976842654,55.060733795166016,253300,0.0,0.0
2015-12-09 00:00:00-05:00,55.05313033626587,55.63167702927327,54.84759714428837,54.99222946166992,210900,0.0,0.0
2015-12-10 00:00:00-05:00,55.05325971080465,55.14480110669225,53.97767595370742,54.526912689208984,144200,0.15,0.0
2015-12-11 00:00:00-05:00,53.77168198460327,54.55739298592744,53.046998549572585,53.08513641357422,196300,0.0,0.0
2015-12-14 00:00:00-05:00,53.03172635788787,53.93186238073026,52.1392202340268,52.978328704833984,257800,0.0,0.0
2015-12-15 00:00:00-05:00,52.787644110491236,53.89374713041073,52.45200407333475,53.41316223144531,185500,0.0,0.0
2015-12-16 00:00:00-05:00,53.80219807245901,54.77861589534505,52.29942765258531,53.13854217529297,228100,0.0,0.0
2015-12-17 00:00:00-05:00,52.92494715448864,53.42078598079796,51.589999602068666,51.65865707397461,234900,0.0,0.0
2015-12-18 00:00:00-05:00,51.261985216416676,51.261985216416676,50.05672267049857,50.148258209228516,813700,0.0,0.0
2015-12-21 00:00:00-05:00,49.057419535617996,52.650335254341655,47.48599723254285,48.45478820800781,634000,0.0,0.0
2015-12-22 00:00:00-05:00,48.48529699957117,49.446457973745886,47.653815250264444,49.095558166503906,341900,0.0,0.0
2015-12-23 00:00:00-05:00,49.42359674131596,49.84314839404542,48.706536995314615,49.58378982543945,128600,0.0,0.0
2015-12-24 00:00:00-05:00,49.43121862676871,50.0262230769574,49.171854280328525,49.49987030029297,69700,0.0,0.0
2015-12-28 00:00:00-05:00,49.614285125856824,50.461023840442394,49.30152315924862,50.33134460449219,173400,0.0,0.0
2015-12-29 00:00:00-05:00,50.346599442659624,50.99500145331791,50.14063864206376,50.74326705932617,197200,0.0,0.0
2015-12-30 00:00:00-05:00,50.8958299011632,51.96378910708107,50.40762097615664,51.65865707397461,216200,0.0,0.0
2015-12-31 00:00:00-05:00,51.81121567942409,52.38333600932914,50.49915212498971,50.51441192626953,195300,0.0,0.0
2016-01-04 00:00:00-05:00,49.66003465437813,49.980420585460614,48.74464461702591,49.286251068115234,298400,0.0,0.0
2016-01-05 00:00:00-05:00,49.560884563744956,49.560884563744956,48.6302344401364,49.31678009033203,296900,0.0,0.0
2016-01-06 00:00:00-05:00,48.454794596032414,49.56852476100511,48.454794596032414,49.0040283203125,189000,0.0,0.0
2016-01-07 00:00:00-05:00,48.43189129203751,50.20164692747313,48.33272295950711,49.46933364868164,256200,0.0,0.0
2016-01-08 00:00:00-05:00,49.47698206576102,49.47698206576102,47.768247532460876,47.84453201293945,248200,0.0,0.0
2016-01-11 00:00:00-05:00,48.355605606788494,50.05671246698677,48.05047653671824,48.302207946777344,378100,0.0,0.0
2016-01-12 00:00:00-05:00,48.01997453955363,51.52135162918793,47.27240420600936,50.9339714050293,742400,0.0,0.0
2016-01-13 00:00:00-05:00,50.76615076875111,51.13230455320178,48.111509641891175,48.63785934448242,561400,0.0,0.0
2016-01-14 00:00:00-05:00,48.965867464323864,50.323698606225896,48.523426403281476,49.6142692565918,344200,0.0,0.0
2016-01-15 00:00:00-05:00,48.515804086012935,50.40761792067211,48.05810897405141,49.126068115234375,552800,0.0,0.0
2016-01-19 00:00:00-05:00,49.04979843156101,49.63717290034578,46.82996816270899,47.42497253417969,411000,0.0,0.0
2016-01-20 00:00:00-05:00,46.70028947109951,47.79113277171815,45.51027780407317,47.2495231628418,293100,0.0,0.0
2016-01-21 00:00:00-05:00,47.325801849365234,47.93606304881817,46.5858585081789,47.325801849365234,406300,0.0,0.0
2016-01-22 00:00:00-05:00,48.23356748467623,48.85908851742202,47.88266764212632,48.714149475097656,402300,0.0,0.0
2016-01-25 00:00:00-05:00,48.68363834843952,49.19473124576048,47.15035674652142,47.20375442504883,318700,0.0,0.0
2016-01-26 00:00:00-05:00,47.73772623501686,49.728705636816116,46.814703137317196,49.07267379760742,452400,0.0,0.0
2016-01-27 00:00:00-05:00,49.42359319979154,50.064365490369966,48.18018359078741,48.55397033691406,262100,0.0,0.0
2016-01-28 00:00:00-05:00,48.881973901149095,49.57614370530411,47.84452832622506,48.61498260498047,171300,0.0,0.0
2016-01-29 00:00:00-05:00,48.69888779128828,50.19403129111809,48.69888779128828,50.155887603759766,217000,0.0,0.0
2016-02-01 00:00:00-05:00,49.87364897556613,50.43051548985444,49.02691016967785,50.003334045410156,260000,0.0,0.0
2016-02-02 00:00:00-05:00,49.64480103205272,51.017886651100596,48.5615847757585,48.90485763549805,233200,0.0,0.0
2016-02-03 00:00:00-05:00,49.43883096496766,50.46102248057608,48.080999425351465,49.01927947998047,179400,0.0,0.0
2016-02-04 00:00:00-05:00,48.69126353794544,49.408317177346966,47.85978173998885,49.01927947998047,174600,0.0,0.0
2016-02-05 00:00:00-05:00,48.75991810882536,49.56088907697851,48.56158429734928,48.88197326660156,288700,0.0,0.0
2016-02-08 00:00:00-05:00,48.39375310997723,48.935362595374215,47.81400575921373,48.1649055480957,357000,0.0,0.0
2016-02-09 00:00:00-05:00,47.91317414037915,48.88196496605595,47.8292626886344,47.96657180786133,285600,0.0,0.0
2016-02-10 00:00:00-05:00,48.40138545105767,48.92010525949369,47.86740583977835,48.00471496582031,242200,0.0,0.0
2016-02-11 00:00:00-05:00,47.29528943410361,47.913180553326505,46.77656667202994,47.48599624633789,312200,0.0,0.0
2016-02-12 00:00:00-05:00,48.058098332351534,48.25643206096247,47.37918280562999,47.852134704589844,404700,0.0,0.0
2016-02-16 00:00:00-05:00,48.32510450355495,49.34729603179447,48.28696372353526,48.88959503173828,362500,0.0,0.0
2016-02-17 00:00:00-05:00,49.17183571741711,50.30082242176062,48.92010136970477,49.6753044128418,274000,0.0,0.0
2016-02-18 00:00:00-05:00,49.6371618750328,49.83549856143904,48.485294171505934,49.171836853027344,278700,0.0,0.0
2016-02-19 00:00:00-05:00,49.080298109918886,50.026208006195766,48.73702820588761,49.98043441772461,207800,0.0,0.0
2016-02-22 00:00:00-05:00,50.17113900572499,51.14756264471639,50.17113900572499,50.834800720214844,184900,0.0,0.0
2016-02-23 00:00:00-05:00,50.55256578238406,51.75020448573879,50.55256578238406,51.01789093017578,177000,0.0,0.0
2016-02-24 00:00:00-05:00,50.3618483110123,51.94853025631055,49.96518073464253,51.73493957519531,165500,0.0,0.0
2016-02-25 00:00:00-05:00,52.00191258330184,52.2765307551117,51.15517419020608,52.19261932373047,148800,0.0,0.0
2016-02-26 00:00:00-05:00,52.35282947852741,52.795270658385206,51.895134315185786,52.10110092163086,212000,0.0,0.0
2016-02-29 00:00:00-05:00,52.123996704204636,52.61220576585824,52.05533921308184,52.154510498046875,187400,0.0,0.0
2016-03-01 00:00:00-05:00,52.56643513625543,52.62745690072179,51.87225945876479,52.169761657714844,400100,0.0,0.0
2016-03-02 00:00:00-05:00,52.13161443518799,52.13161443518799,51.22385391361955,51.620521545410156,154100,0.0,0.0
2016-03-03 00:00:00-05:00,51.59000995949987,52.001937413907484,51.132314727906056,51.94853973388672,223300,0.0,0.0
2016-03-04 00:00:00-05:00,51.994305362992534,52.9173255875643,51.872250215986476,52.89443588256836,167500,0.0,0.0
2016-03-07 00:00:00-05:00,52.65032815561001,53.09276930630734,52.24603069097291,52.55116271972656,230800,0.0,0.0
2016-03-08 00:00:00-05:00,52.20026705859956,52.741873688082954,51.582378870862556,51.605262756347656,152200,0.0,0.0
2016-03-09 00:00:00-05:00,51.80360349905284,52.79527547341714,51.58238288894819,52.17738723754883,127900,0.0,0.0
2016-03-10 00:00:00-05:00,52.3833380668443,53.23770655489434,51.35352259654785,51.87987518310547,145500,0.0,0.0
2016-03-11 00:00:00-05:00,52.27743029565289,53.1336875034207,51.948689261961015,53.07252502441406,143900,0.15,0.0
2016-03-14 00:00:00-04:00,53.05723578666692,53.0801702574374,52.3921069704487,52.47620391845703,214600,0.0,0.0
2016-03-15 00:00:00-04:00,52.3921030807257,53.30187590557662,51.55878626313323,51.6505241394043,203600,0.0,0.0
2016-03-16 00:00:00-04:00,51.283551682813666,51.96396802823449,50.75603565867511,51.222389221191406,226400,0.0,0.0
2016-03-17 00:00:00-04:00,51.10007663900151,53.57710443796345,50.282047473757075,53.41655731201172,200400,0.0,0.0
2016-03-18 00:00:00-04:00,53.75294009933133,54.30339072985009,52.65204467106869,52.720848083496094,524800,0.0,0.0
2016-03-21 00:00:00-04:00,52.78964900154821,53.890544256153326,52.46854896254668,52.66732406616211,181300,0.0,0.0
2016-03-22 00:00:00-04:00,52.29271946425963,53.141329833081194,52.185688051324895,52.59852600097656,176900,0.0,0.0
2016-03-23 00:00:00-04:00,52.37681466796104,52.84316830858997,51.38294491483642,52.17803955078125,198800,0.0,0.0
2016-03-24 00:00:00-04:00,52.09392738939461,53.317147305458604,51.788120952185444,53.271278381347656,139100,0.0,0.0
2016-03-28 00:00:00-04:00,53.47006081188512,54.578602737723784,53.29422019059718,54.119895935058594,271800,0.0,0.0
2016-03-29 00:00:00-04:00,54.57861048002661,56.32934684416775,54.57861048002661,55.94709014892578,280400,0.0,0.0
2016-03-30 00:00:00-04:00,55.85535635940891,56.16116293645342,55.174939787691926,55.76361846923828,205400,0.0,0.0
2016-03-31 00:00:00-04:00,55.64126559960178,56.466941193689095,54.5327238756535,54.63975524902344,244200,0.0,0.0
2016-04-01 00:00:00-04:00,54.1657648429136,55.23608460386851,53.67647680923824,54.70856857299805,191400,0.0,0.0
2016-04-04 00:00:00-04:00,54.792667708113605,54.84618340667874,53.768222669074326,53.94405746459961,160800,0.0,0.0
2016-04-05 00:00:00-04:00,53.70705849783761,54.876762895578786,53.29422062226305,53.51593017578125,163300,0.0,0.0
2016-04-06 00:00:00-04:00,53.62295630564303,54.196341215526104,52.170380034051334,53.74528121948242,91400,0.0,0.0
2016-04-07 00:00:00-04:00,53.58474094911933,53.58474094911933,51.948682753699025,52.032779693603516,198900,0.0,0.0
2016-04-08 00:00:00-04:00,52.254486412026175,52.330936580626584,51.589363529151264,52.15510177612305,121100,0.0,0.0
2016-04-11 00:00:00-04:00,52.315663035838966,52.74378876206474,51.673468613724744,51.71169662475586,117600,0.0,0.0
2016-04-12 00:00:00-04:00,51.68109994035178,52.33093510428326,51.24532757557195,52.05570983886719,157300,0.0,0.0
2016-04-13 00:00:00-04:00,52.36917793688183,53.416563595418644,52.063371351717215,53.309532165527344,176600,0.0,0.0
2016-04-14 00:00:00-04:00,53.21013019267043,53.50064901065319,52.30800416907375,52.89668273925781,105300,0.0,0.0
2016-04-15 00:00:00-04:00,52.606173102725926,52.973142156361426,51.97927225371234,52.91197967529297,100500,0.0,0.0
2016-04-18 00:00:00-04:00,52.85080758038222,53.48535508229561,52.07100650332268,53.16426086425781,84700,0.0,0.0
2016-04-19 00:00:00-04:00,53.33245877890867,53.63826531900563,52.155107390838864,52.40739822387695,154600,0.0,0.0
2016-04-20 00:00:00-04:00,52.25449034165306,52.73613752232688,51.87988040439798,52.399749755859375,139500,0.0,0.0
2016-04-21 00:00:00-04:00,52.23155924287162,52.41504083970469,51.67346185183693,52.254493713378906,161300,0.0,0.0
2016-04-22 00:00:00-04:00,52.055713353280574,53.401258538069946,52.0174911838652,52.89668273925781,184500,0.0,0.0
2016-04-25 00:00:00-04:00,52.69790506797665,53.14132420763792,52.376810863162866,52.75906753540039,144100,0.0,0.0
2016-04-26 00:00:00-04:00,53.00371821291596,54.41042014325786,52.85845879277915,54.21165084838867,152900,0.0,0.0
2016-04-27 00:00:00-04:00,54.043461312489555,55.641291731630645,53.1566228506078,55.51132583618164,224400,0.0,0.0
2016-04-28 00:00:00-04:00,55.36607788565231,56.06178811634079,54.777404933572804,54.85385513305664,194800,0.0,0.0
2016-04-29 00:00:00-04:00,54.66269049788797,54.66269049788797,52.90430791100077,52.91960144042969,177600,0.0,0.0
2016-05-02 00:00:00-04:00,52.97312744256328,53.55415918577596,52.49148616167399,53.470062255859375,122800,0.0,0.0
2016-05-03 00:00:00-04:00,53.087814616034514,53.66884062510119,52.132172825468075,52.4150390625,142000,0.0,0.0
2016-05-04 00:00:00-04:00,52.10159404054992,53.02665463742594,51.32943380425139,52.720848083496094,157600,0.0,0.0
2016-05-05 00:00:00-04:00,52.72849443103144,53.133685632829184,51.902818491835184,52.988426208496094,188500,0.0,0.0
2016-05-06 00:00:00-04:00,52.98843848469261,53.584758190229564,52.124540171898836,53.52360153198242,172400,0.0,0.0
2016-05-09 00:00:00-04:00,53.40125833990688,54.99909433456013,53.40125833990688,54.655059814453125,156500,0.0,0.0
2016-05-10 00:00:00-04:00,55.04496083226947,55.04496083226947,54.02815668369652,54.341609954833984,89000,0.0,0.0
2016-05-11 00:00:00-04:00,53.90584207975511,53.90584207975511,52.827875373773566,52.98078155517578,132600,0.0,0.0
2016-05-12 00:00:00-04:00,53.19483613917242,54.50215316565832,52.98841428443735,53.76057434082031,125100,0.0,0.0
2016-05-13 00:00:00-04:00,53.57710402054444,54.364551941457144,53.095456813666964,53.68413543701172,151600,0.0,0.0
2016-05-16 00:00:00-04:00,53.974639447190626,53.98993298000675,52.155099837913916,52.65967559814453,316800,0.0,0.0
2016-05-17 00:00:00-04:00,52.3691803139267,52.774371578731945,51.16889422471415,51.64289474487305,196900,0.0,0.0
2016-05-18 00:00:00-04:00,51.23004201155733,51.60465192569303,50.54962558612197,51.20710754394531,289900,0.0,0.0
2016-05-19 00:00:00-04:00,43.195003398012126,48.14140560532919,42.92742489749957,47.45334243774414,2072400,0.0,0.0
2016-05-20 00:00:00-04:00,47.705635308838154,49.86920953919532,47.16282860134199,47.9044075012207,575900,0.0,0.0
2016-05-23 00:00:00-04:00,47.583312671518286,48.50072636774623,46.45183033558139,46.68118667602539,387200,0.0,0.0
2016-05-24 00:00:00-04:00,46.87996052945128,47.6521206813885,46.0925126762365,47.39982986450195,247100,0.0,0.0
2016-05-25 00:00:00-04:00,47.33102747437175,47.98086273896481,47.02522092845304,47.35396194458008,301400,0.0,0.0
2016-05-26 00:00:00-04:00,46.94875736493693,47.980849059482296,46.94875736493693,47.6521110534668,188400,0.0,0.0
2016-05-27 00:00:00-04:00,47.50685658048938,48.592466996381276,47.41511579994777,48.4395637512207,308300,0.0,0.0
2016-05-31 00:00:00-04:00,48.71478949569681,48.913561674919706,47.91969494603153,48.12611389160156,254300,0.0,0.0
2016-06-01 00:00:00-04:00,48.317764002097825,48.908033732706684,47.19855263333607,47.30587387084961,207400,0.17,0.0
2016-06-02 00:00:00-04:00,47.20622144025459,47.9498055744352,46.95324743815573,47.68916702270508,252700,0.0,0.0
2016-06-03 00:00:00-04:00,47.69683258980354,47.69683258980354,46.29398319632256,46.983909606933594,266700,0.0,0.0
2016-06-06 00:00:00-04:00,46.96090863126514,47.41319305857916,46.087003821539405,46.730934143066406,198500,0.0,0.0
2016-06-07 00:00:00-04:00,46.75394037889304,47.43619939275966,46.73094087975859,47.02224349975586,270900,0.0,0.0
2016-06-08 00:00:00-04:00,47.17555612841425,47.70449776732517,46.761600276596454,47.313541412353516,239400,0.0,0.0
2016-06-09 00:00:00-04:00,47.04524505175332,47.719839586800255,47.04524505175332,47.46686553955078,231000,0.0,0.0
2016-06-10 00:00:00-04:00,47.01457217198631,47.78115574883825,46.27864971575239,46.730934143066406,183200,0.0,0.0
2016-06-13 00:00:00-04:00,46.61594162619336,46.868912649378274,46.24798191338014,46.44729232788086,219500,0.0,0.0
2016-06-14 00:00:00-04:00,46.40130517808603,47.32887357265133,46.22499129793808,46.96857833862305,233700,0.0,0.0
2016-06-15 00:00:00-04:00,47.167889549720044,47.74282726894836,46.79226521075684,46.9532470703125,166600,0.0,0.0
2016-06-16 00:00:00-04:00,46.58527950865244,48.018789830629146,46.493290307723,47.781150817871094,243500,0.0,0.0
2016-06-17 00:00:00-04:00,47.94212500755623,48.233424584774,47.359520004553666,47.643157958984375,351900,0.0,0.0
2016-06-20 00:00:00-04:00,48.16444361000704,49.19933018466035,48.041787440399034,48.977020263671875,222800,0.0,0.0
2016-06-21 00:00:00-04:00,49.168660848803846,49.260652966106065,48.10311034646476,48.73170852661133,313500,0.0,0.0
2016-06-22 00:00:00-04:00,48.63207040182166,49.19167616947355,48.08779665956521,48.26411056518555,282500,0.0,0.0
2016-06-23 00:00:00-04:00,48.731714541890874,48.992353057852064,48.225769531411395,48.892696380615234,198300,0.0,0.0
2016-06-24 00:00:00-04:00,47.39020261174715,49.827938935131755,47.11423202052857,49.605628967285156,447500,0.0,0.0
2016-06-27 00:00:00-04:00,49.13800365308955,49.329649537733864,48.06478845365184,48.808372497558594,358800,0.0,0.0
2016-06-28 00:00:00-04:00,49.34498549361104,49.597953621606976,47.259877290235565,48.2487678527832,319500,0.0,0.0
2016-06-29 00:00:00-04:00,48.72405401388829,48.95402850594055,47.9268063787751,48.486412048339844,165900,0.0,0.0
2016-06-30 00:00:00-04:00,48.486406675287945,48.7470451838735,47.9957937001349,48.72404861450195,243300,0.0,0.0
2016-07-01 00:00:00-04:00,48.632071446827176,49.53664341888672,48.60907487038228,49.20701217651367,121700,0.0,0.0
2016-07-05 00:00:00-04:00,48.9233633201449,49.53663251703502,48.81604208797441,49.3909797668457,159600,0.0,0.0
2016-07-06 00:00:00-04:00,49.229997618642884,50.264884264592176,49.229997618642884,50.073238372802734,173500,0.0,0.0
2016-07-07 00:00:00-04:00,50.326223260731325,51.031478891708794,50.326223260731325,50.885826110839844,293300,0.0,0.0
2016-07-08 00:00:00-04:00,51.12346255895167,52.97859348193382,50.88581766404971,52.80994415283203,220800,0.0,0.0
2016-07-11 00:00:00-04:00,53.108914494378794,53.982819390095614,52.6642945723982,53.898494720458984,207000,0.0,0.0
2016-07-12 00:00:00-04:00,54.2587780080244,54.2587780080244,52.49563950571089,53.170230865478516,279100,0.0,0.0
2016-07-13 00:00:00-04:00,53.131914299966915,53.131914299966915,49.720619179241545,52.288673400878906,262600,0.0,0.0
2016-07-14 00:00:00-04:00,50.71717908020548,51.35343908974412,49.09201957298939,49.1993408203125,621400,0.0,0.0
2016-07-15 00:00:00-04:00,49.674614852782895,49.75127203571333,48.601396746052316,48.892696380615234,271800,0.0,0.0
2016-07-18 00:00:00-04:00,49.06134342714338,49.827926918192496,48.72404774382399,48.938690185546875,255000,0.0,0.0
2016-07-19 00:00:00-04:00,48.693378502801615,48.98468101709406,47.980455698310195,48.279422760009766,243300,0.0,0.0
2016-07-20 00:00:00-04:00,48.394423371184146,49.70527769793987,48.394423371184146,49.237667083740234,234700,0.0,0.0
2016-07-21 00:00:00-04:00,49.07667550417762,49.94291864475628,48.923361136083685,49.015350341796875,169200,0.0,0.0
2016-07-22 00:00:00-04:00,48.87737096121971,49.82793594908747,48.70872455113624,49.38331604003906,143300,0.0,0.0
2016-07-25 00:00:00-04:00,49.176335169445714,49.291323869945955,48.478744266311764,48.808372497558594,181700,0.0,0.0
2016-07-26 00:00:00-04:00,48.67805168161882,49.398642034746715,48.59372702971798,48.938690185546875,161700,0.0,0.0
2016-07-27 00:00:00-04:00,49.12266849651913,49.82792386136221,48.27176040577047,48.578392028808594,340000,0.0,0.0
2016-07-28 00:00:00-04:00,50.962475775929526,50.962475775929526,47.4438543231255,47.93446731567383,268500,0.0,0.0
2016-07-29 00:00:00-04:00,47.91148595497524,49.375663773072915,47.39787622919472,48.003475189208984,411400,0.0,0.0
2016-08-01 00:00:00-04:00,47.89613493752496,48.448075972650415,47.72748563806243,48.14910888671875,225600,0.0,0.0
2016-08-02 00:00:00-04:00,47.972805377342965,48.17978038583414,46.42430608064988,47.144893646240234,194300,0.0,0.0
2016-08-03 00:00:00-04:00,47.275213671266286,47.512855662442774,46.8765927350055,47.382537841796875,181500,0.0,0.0
2016-08-04 00:00:00-04:00,47.5281730534639,47.888468204317405,47.0758887090483,47.42851638793945,197400,0.0,0.0
2016-08-05 00:00:00-04:00,47.48218161786724,47.949798027455486,47.42085645761587,47.48984909057617,276600,0.0,0.0
2016-08-08 00:00:00-04:00,47.060575751020195,47.060575751020195,45.81871089992867,46.002689361572266,310000,0.0,0.0
2016-08-09 00:00:00-04:00,46.14066788790993,46.29398519960069,44.124555035529404,44.2932014465332,362900,0.0,0.0
2016-08-10 00:00:00-04:00,44.11687716685433,44.73781081697071,43.11265471424754,43.67226028442383,275800,0.0,0.0
2016-08-11 00:00:00-04:00,43.66460103854688,45.34342098964331,43.50361918480141,44.070892333984375,231400,0.0,0.0
2016-08-12 00:00:00-04:00,43.978906660815746,44.093895387126175,43.04367652234437,43.41163635253906,196700,0.0,0.0
2016-08-15 00:00:00-04:00,43.42695680724481,44.316193557696856,43.42695680724481,43.61093521118164,244800,0.0,0.0
2016-08-16 00:00:00-04:00,43.641613764421336,43.85625628181251,43.21999328056652,43.62628173828125,232800,0.0,0.0
2016-08-17 00:00:00-04:00,43.511288512538655,43.748930506749765,42.9516827754783,43.503623962402344,220700,0.0,0.0
2016-08-18 00:00:00-04:00,43.48824746906683,43.81886909617466,43.226825785611126,43.57282257080078,237200,0.17,0.0
2016-08-19 00:00:00-04:00,43.380599033833455,43.772733009307245,42.94233371988336,43.54975509643555,210100,0.0,0.0
2016-08-22 00:00:00-04:00,43.38829021958536,43.818867961501276,43.27295600546136,43.595890045166016,117600,0.0,0.0
2016-08-23 00:00:00-04:00,43.849619488346896,44.11873166638024,43.63433209237685,43.918819427490234,130500,0.0,0.0
2016-08-24 00:00:00-04:00,43.92651039627194,43.92651039627194,43.14993296746202,43.3037109375,185300,0.0,0.0
2016-08-25 00:00:00-04:00,43.319095566624014,43.680473410800914,42.88851777213816,43.67278289794922,224100,0.0,0.0
2016-08-26 00:00:00-04:00,44.034137216494216,44.126402789922025,43.38827233636015,43.941871643066406,205400,0.0,0.0
2016-08-29 00:00:00-04:00,43.94189482484533,44.21100411142551,43.7112263699809,43.8880729675293,179100,0.0,0.0
2016-08-30 00:00:00-04:00,43.72659317362479,44.234058363786126,42.826996990958534,43.51899337768555,153200,0.0,0.0
2016-08-31 00:00:00-04:00,43.526676026549076,45.894845508530835,42.81161116960619,43.37289810180664,306500,0.0,0.0
2016-09-01 00:00:00-04:00,43.54206828114004,43.54975585999726,42.66553763787155,42.88082504272461,432400,0.0,0.0
2016-09-02 00:00:00-04:00,43.19606279297734,43.4421063464888,42.826997462710146,43.41904067993164,275000,0.0,0.0
2016-09-06 00:00:00-04:00,43.36522858288755,43.56513791514672,42.47331976767131,43.03460693359375,160300,0.0,0.0
2016-09-07 00:00:00-04:00,42.94233766247933,45.17979870920142,42.6270941106412,45.0721549987793,344300,0.0,0.0
2016-09-08 00:00:00-04:00,45.07984606259972,45.74108935821811,44.86455570605138,45.318199157714844,418800,0.0,0.0
2016-09-09 00:00:00-04:00,45.125967062231275,45.24130126012672,43.872683639324656,44.034149169921875,227700,0.0,0.0
2016-09-12 00:00:00-04:00,44.00338248723962,45.02600313635279,43.52667358701901,44.98755645751953,198800,0.0,0.0
2016-09-13 00:00:00-04:00,44.69540244791519,45.14904589845198,43.988024877706614,44.30326843261719,137300,0.0,0.0
2016-09-14 00:00:00-04:00,44.45703651143144,44.641570642159884,43.78810578704803,44.5416145324707,171800,0.0,0.0
2016-09-15 00:00:00-04:00,44.74921898030706,45.833349411697405,44.74921898030706,45.80259323120117,270700,0.0,0.0
2016-09-16 00:00:00-04:00,45.948680390561044,46.087080268824515,45.302815269688445,45.50272750854492,269700,0.0,0.0
2016-09-19 00:00:00-04:00,45.56424169676797,46.2869973438977,45.47966659172209,45.848731994628906,192700,0.0,0.0
2016-09-20 00:00:00-04:00,45.9563709849233,46.440770559717706,45.49503707885742,45.49503707885742,264400,0.0,0.0
2016-09-21 00:00:00-04:00,45.41045346013319,46.064006038066516,45.28743169488443,46.02556228637695,214700,0.0,0.0
2016-09-22 00:00:00-04:00,46.133210834358366,47.4710752391058,45.6411237214165,47.4403190612793,325200,0.0,0.0
2016-09-23 00:00:00-04:00,47.240412352476966,47.64792442356743,46.97130309776043,47.4710807800293,181500,0.0,0.0
2016-09-26 00:00:00-04:00,47.15582962869846,47.65560429708931,46.97898308068324,47.30960464477539,202000,0.0,0.0
2016-09-27 00:00:00-04:00,47.40956698108403,47.463388830396994,46.9713016749238,47.38650131225586,340300,0.0,0.0
2016-09-28 00:00:00-04:00,47.31729334567738,47.72480240222199,46.14089457280375,47.286537170410156,509400,0.0,0.0
2016-09-29 00:00:00-04:00,47.109698989620796,47.440320579157756,46.41001205356899,46.448455810546875,309300,0.0,0.0
2016-09-30 00:00:00-04:00,46.77138389424073,47.37880221687832,46.279293894849744,47.03280258178711,247900,0.0,0.0
2016-10-03 00:00:00-04:00,47.0558721563328,47.07125024410834,46.49458515134218,46.66373825073242,204200,0.0,0.0
2016-10-04 00:00:00-04:00,46.57916067375469,47.12506956174217,46.171648702196705,46.59453582763672,126800,0.0,0.0
2016-10-05 00:00:00-04:00,46.579171091974686,47.50183305091453,46.579171091974686,46.771392822265625,150000,0.0,0.0
2016-10-06 00:00:00-04:00,46.632997581321476,46.95592871246463,46.087085583848655,46.80215072631836,258500,0.0,0.0
2016-10-07 00:00:00-04:00,46.756017499672126,47.524904466351394,46.21779603638243,46.2716178894043,183700,0.0,0.0
2016-10-10 00:00:00-04:00,46.60223228060207,46.97898519323092,46.49458859127954,46.72525405883789,75900,0.0,0.0
2016-10-11 00:00:00-04:00,47.109713991817486,47.14815776103788,46.509982979378975,46.863670349121094,215600,0.0,0.0
2016-10-12 00:00:00-04:00,46.794448658630465,47.56333541823183,46.77138299442489,47.20195770263672,163100,0.0,0.0
2016-10-13 00:00:00-04:00,46.75601387676282,47.12507924020317,46.340814242990895,46.932857513427734,168800,0.0,0.0
2016-10-14 00:00:00-04:00,47.10969230795913,47.547957528102394,46.640670913367515,46.79444885253906,155900,0.0,0.0
2016-10-17 00:00:00-04:00,46.63298968589666,46.63298968589666,45.71032485830641,45.78721237182617,217900,0.0,0.0
2016-10-18 00:00:00-04:00,46.09476534832851,46.36387456153236,45.65650009649913,45.97943115234375,313300,0.0,0.0
2016-10-19 00:00:00-04:00,45.71033000770608,45.94099550732111,45.248996075405046,45.36433029174805,281800,0.0,0.0
2016-10-20 00:00:00-04:00,44.55699670798426,45.40277112981216,42.48100147895942,44.13410949707031,575900,0.0,0.0
2016-10-21 00:00:00-04:00,44.28788354266988,44.40321774901248,43.59588710382639,43.788108825683594,309100,0.0,0.0
2016-10-24 00:00:00-04:00,44.0956607028426,44.90299426063083,43.096108361141255,43.288330078125,309500,0.0,0.0
2016-10-25 00:00:00-04:00,43.173001552356894,43.40366704078705,42.32722418401856,42.596336364746094,364900,0.0,0.0
2016-10-26 00:00:00-04:00,42.32722473144531,42.442558943687445,41.55833780468674,42.32722473144531,320500,0.0,0.0
2016-10-27 00:00:00-04:00,43.326777149617286,43.98033279720459,42.28878097172156,42.32722473144531,443200,0.0,0.0
2016-10-28 00:00:00-04:00,42.13499341390745,43.21143603970359,42.13499341390745,42.7116584777832,235700,0.0,0.0
2016-10-31 00:00:00-04:00,42.826997774835434,43.58050652958971,42.09655468680642,42.28877639770508,334400,0.0,0.0
2016-11-01 00:00:00-04:00,42.211889943853286,42.28877745691033,41.23540327606161,41.55833435058594,254500,0.0,0.0
2016-11-02 00:00:00-04:00,41.40455639140123,42.365664969967376,41.38918123524631,41.55833435058594,200400,0.0,0.0
2016-11-03 00:00:00-04:00,41.750541719488695,42.05809753217218,40.943211377531576,40.98165512084961,161700,0.0,0.0
2016-11-04 00:00:00-04:00,41.21232879331652,41.51988466778747,40.59721997744482,40.674110412597656,229900,0.0,0.0
2016-11-07 00:00:00-05:00,41.366115463596934,41.44300591498257,40.82789403618077,41.212337493896484,261500,0.0,0.0
2016-11-08 00:00:00-05:00,41.3661171978659,41.48145141324431,40.289677230974775,40.889408111572266,332000,0.0,0.0
2016-11-09 00:00:00-05:00,40.097447516434734,41.82744280449254,40.020557077123286,41.71210861206055,831500,0.0,0.0
2016-11-10 00:00:00-05:00,42.21189334797305,42.63478057003119,41.404559730414704,42.17344665527344,868400,0.0,0.0
2016-11-11 00:00:00-05:00,42.36565491681406,43.17298827769003,41.82743658698996,42.55787658691406,444800,0.0,0.0
2016-11-14 00:00:00-05:00,43.13454167345172,44.864536707409464,43.09609792597775,44.40320587158203,442500,0.0,0.0
2016-11-15 00:00:00-05:00,44.633883454967346,46.133213479670786,44.464730333363306,45.518104553222656,627400,0.0,0.0
2016-11-16 00:00:00-05:00,45.3258876943107,45.825662467462195,44.249444757710364,44.633888244628906,395000,0.0,0.0
2016-11-17 00:00:00-05:00,44.826104627277154,44.86454838475726,44.01877398791212,44.5569953918457,423700,0.0,0.0
2016-11-18 00:00:00-05:00,44.48010990874823,44.86455339260283,43.288335695413195,43.82655715942383,581100,0.0,0.0
2016-11-21 00:00:00-05:00,43.94187473041097,44.90298307593116,43.44209721751252,44.09564971923828,373600,0.0,0.0
2016-11-22 00:00:00-05:00,44.40320994302148,45.90253969654273,43.74965737682846,45.82564926147461,397200,0.0,0.0
2016-11-23 00:00:00-05:00,45.74876467437268,46.54071714107762,44.9414341196743,45.63343048095703,213700,0.0,0.0
2016-11-25 00:00:00-05:00,45.71033112347605,46.286996353125275,45.71033112347605,46.210105895996094,71300,0.0,0.0
2016-11-28 00:00:00-05:00,46.1716568954851,47.46338709798965,45.05677032470703,45.05677032470703,289700,0.0,0.0
2016-11-29 00:00:00-05:00,45.248994928928575,45.348951051688516,44.403220474079234,44.5185546875,238900,0.0,0.0
2016-11-30 00:00:00-05:00,44.749213416168374,46.210096611242825,44.234057722659,45.97943115234375,332400,0.0,0.0
2016-12-01 00:00:00-05:00,45.748781608844034,46.210112687133204,45.05678205833882,45.67189407348633,295800,0.0,0.0
2016-12-02 00:00:00-05:00,45.63343149745991,46.13320910263328,44.787657170473146,45.97943115234375,230600,0.0,0.0
2016-12-05 00:00:00-05:00,46.402316196434526,47.32498092295903,45.748763603892755,47.286537170410156,274800,0.0,0.0
2016-12-06 00:00:00-05:00,47.0943266245652,47.478770107214714,45.210552972968394,45.24899673461914,605400,0.0,0.0
2016-12-07 00:00:00-05:00,45.172098906238936,46.19471974467096,44.58005572605256,44.67232131958008,401000,0.0,0.0
2016-12-08 00:00:00-05:00,44.74922210728906,45.133665591143654,43.672779179267785,43.82655715942383,407000,0.0,0.0
2016-12-09 00:00:00-05:00,43.76484727109122,44.42035481999995,43.26357471591824,44.22755813598633,485800,0.17,0.0
2016-12-12 00:00:00-05:00,44.11188864167396,45.57714189931697,44.11188864167396,45.23011016845703,500100,0.0,0.0
2016-12-13 00:00:00-05:00,45.26866199476623,45.6388312750511,44.03476145197271,44.22755813598633,377900,0.0,0.0
2016-12-14 00:00:00-05:00,44.111888706528156,44.690278847937584,43.18646389190419,43.30214309692383,304500,0.0,0.0
2016-12-15 00:00:00-05:00,43.263579908467364,44.53603935241699,43.109344896220136,43.18646240234375,256800,0.0,0.0
2016-12-16 00:00:00-05:00,43.41782732368016,43.841979583475066,42.41528481638904,43.764862060546875,894800,0.0,0.0
2016-12-19 00:00:00-05:00,43.996211566697305,44.88307766855915,43.68773857523914,44.3046875,174200,0.0,0.0
2016-12-20 00:00:00-05:00,44.34324645996094,44.867653783878474,43.9962117688619,44.34324645996094,291700,0.0,0.0
2016-12-21 00:00:00-05:00,44.18900427809482,44.69027688874529,43.91909006734103,44.2661247253418,181400,0.0,0.0
2016-12-22 00:00:00-05:00,44.2275736620236,44.2275736620236,42.76232011425095,43.07079315185547,284600,0.0,0.0
2016-12-23 00:00:00-05:00,43.225034304178244,43.49495154140652,42.492406005766036,42.530967712402344,191000,0.0,0.0
2016-12-27 00:00:00-05:00,42.4924028967714,43.53350712102971,42.4924028967714,43.07079315185547,240800,0.0,0.0
2016-12-28 00:00:00-05:00,43.07078360962911,43.80341169212597,42.91654859591972,43.649173736572266,221200,0.0,0.0
2016-12-29 00:00:00-05:00,43.68773542821727,44.11188759957152,42.72375188339204,44.034767150878906,202400,0.0,0.0
2016-12-30 00:00:00-05:00,44.073330130949856,44.22756514914262,43.53349874174198,44.11188888549805,402100,0.0,0.0
2017-01-03 00:00:00-05:00,44.420362070396514,44.53604127642369,43.6491752084671,44.150447845458984,292700,0.0,0.0
2017-01-04 00:00:00-05:00,44.22756731725748,46.46401049281982,43.95765308034406,45.92417907714844,412400,0.0,0.0
2017-01-05 00:00:00-05:00,45.61570608379661,46.29434843427736,44.921636700527046,45.92417907714844,409800,0.0,0.0
2017-01-06 00:00:00-05:00,46.194095729047184,46.23265448504582,44.574601500503924,44.6517219543457,248600,0.0,0.0
2017-01-09 00:00:00-05:00,44.69027156464592,46.81103507085407,44.420354444203994,44.536033630371094,182900,0.0,0.0
2017-01-10 00:00:00-05:00,44.497482270836215,45.76993882073947,44.458923516326,45.26866912841797,166500,0.0,0.0
2017-01-11 00:00:00-05:00,45.15298781559942,45.65426042636922,44.26612473587995,45.42290496826172,233700,0.0,0.0
2017-01-12 00:00:00-05:00,45.34578149221834,45.34578149221834,44.26612177921556,44.80595016479492,163400,0.0,0.0
2017-01-13 00:00:00-05:00,44.844515056508676,45.461463928222656,44.80595336177808,45.461463928222656,96900,0.0,0.0
2017-01-17 00:00:00-05:00,45.23010846906045,46.81104087215385,45.23010846906045,45.461463928222656,259700,0.0,0.0
2017-01-18 00:00:00-05:00,45.654258538638985,46.078410684605444,44.80595130486194,46.00129318237305,212300,0.0,0.0
2017-01-19 00:00:00-05:00,45.84705538977156,46.23264878591456,44.65171645009709,44.88307189941406,110800,0.0,0.0
2017-01-20 00:00:00-05:00,44.883074219324165,45.23010888215917,44.49748080325067,45.15298843383789,148000,0.0,0.0
2017-01-23 00:00:00-05:00,44.960186051536176,45.52315201493224,44.63628903499759,45.34577941894531,203200,0.0,0.0
2017-01-24 00:00:00-05:00,45.61570759970208,46.03985981830915,45.2686728965346,45.654266357421875,159400,0.0,0.0
2017-01-25 00:00:00-05:00,46.039856367294036,46.46400855410788,45.538583728976676,46.116973876953125,277400,0.0,0.0
2017-01-26 00:00:00-05:00,45.65426063449854,46.30976825909884,44.96019131516764,45.461463928222656,175700,0.0,0.0
2017-01-27 00:00:00-05:00,45.65425743562149,46.19408876373822,45.114426107504755,45.5771369934082,214400,0.0,0.0
2017-01-30 00:00:00-05:00,45.230119760884094,45.885627549133716,44.57460903078947,45.847068786621094,234100,0.0,0.0
2017-01-31 00:00:00-05:00,46.618240110720315,47.11950973832736,45.23010453465185,46.194087982177734,368200,0.0,0.0
2017-02-01 00:00:00-05:00,44.034766314399434,45.03731153544889,42.91654777711917,43.109344482421875,775100,0.0,0.0
2017-02-02 00:00:00-05:00,42.53095518893396,43.572056240962596,42.45383474021505,42.492393493652344,296700,0.0,0.0
2017-02-03 00:00:00-05:00,42.56951924468964,42.99367146901955,42.45384002812481,42.60807800292969,358300,0.0,0.0
2017-02-06 00:00:00-05:00,42.5695139461675,42.80086940865623,41.99112381902349,42.1068000793457,361600,0.0,0.0
2017-02-07 00:00:00-05:00,42.10680937362886,42.53096458063417,41.60553958456481,42.26104736328125,303500,0.0,0.0
2017-02-08 00:00:00-05:00,42.22249736966423,44.03478603436364,41.99114180806259,43.9962272644043,393000,0.0,0.0
2017-02-09 00:00:00-05:00,44.073339517238665,45.65427232516058,44.073339517238665,45.50003433227539,396900,0.0,0.0
2017-02-10 00:00:00-05:00,45.538589342369185,45.80850654313665,45.03731958410637,45.114437103271484,195600,0.0,0.0
2017-02-13 00:00:00-05:00,45.23010825209712,45.46146371014954,44.18900427809482,44.2661247253418,234900,0.0,0.0
2017-02-14 00:00:00-05:00,43.99620968000907,44.420361863727976,43.91909217091269,44.11188888549805,209200,0.0,0.0
2017-02-15 00:00:00-05:00,43.91909631965004,44.690283250840224,43.91909631965004,44.57460403442383,154700,0.0,0.0
2017-02-16 00:00:00-05:00,44.536043183699896,44.92163663117782,44.11189097984309,44.34324645996094,277500,0.0,0.0
2017-02-17 00:00:00-05:00,44.111891384179685,44.49748483519202,43.91909465867352,44.42036437988281,303600,0.0,0.0
2017-02-21 00:00:00-05:00,44.420366208364555,45.307232358936936,44.304689933405996,44.998756408691406,192100,0.0,0.0
2017-02-22 00:00:00-05:00,44.99875370017793,45.19155042201562,44.44350114173966,44.6517219543457,122600,0.0,0.0
2017-02-23 00:00:00-05:00,44.88308003573181,44.88308003573181,43.80341715407455,44.18901062011719,211100,0.0,0.0
2017-02-24 00:00:00-05:00,43.95765666472606,45.538589342369185,43.80341868455105,45.114437103271484,173000,0.0,0.0
2017-02-27 00:00:00-05:00,45.07588020886017,45.69282921324385,45.03732144768211,45.30723571777344,150100,0.0,0.0
2017-02-28 00:00:00-05:00,45.075874598537894,45.26867132227685,44.266128947203164,44.34324645996094,286800,0.0,0.0
2017-03-01 00:00:00-05:00,44.960189401905,45.422903242383086,44.42035805893597,44.88307189941406,264000,0.0,0.0
2017-03-02 00:00:00-05:00,44.883075919373276,45.384345614148984,44.7288379587329,44.921634674072266,138700,0.0,0.0
2017-03-03 00:00:00-05:00,44.92165245265647,45.11444924429877,43.84198924272134,43.9962272644043,161600,0.0,0.0
2017-03-06 00:00:00-05:00,43.88052259386433,44.651709262003635,43.61060549490936,43.84196090698242,227800,0.0,0.0
2017-03-07 00:00:00-05:00,43.764852938698624,44.13502226692092,43.49493872286288,43.649173736572266,171900,0.0,0.0
2017-03-08 00:00:00-05:00,43.726293361989974,44.30468347804316,43.726293361989974,44.2661247253418,168800,0.0,0.0
2017-03-09 00:00:00-05:00,44.26612471423809,44.343242219621466,42.93968244036533,43.109344482421875,559200,0.0,0.0
2017-03-10 00:00:00-05:00,43.279520665396184,43.39554977982558,42.35127299587103,42.81539535522461,280500,0.17,0.0
2017-03-13 00:00:00-04:00,42.81540596480063,43.47291624610233,42.544668346559114,42.776729583740234,238400,0.0,0.0
2017-03-14 00:00:00-04:00,42.699367524269434,43.49611201374187,42.2739215236041,42.428627014160156,294400,0.0,0.0
2017-03-15 00:00:00-04:00,42.58333671825513,42.915958844286436,41.96450588522649,42.622013092041016,651200,0.0,0.0
2017-03-16 00:00:00-04:00,42.738042195638016,43.163488179367654,41.73244179296307,42.35127258300781,583900,0.0,0.0
2017-03-17 00:00:00-04:00,42.196578605410224,42.6220247349085,41.73245609156102,42.0418701171875,630900,0.0,0.0
2017-03-20 00:00:00-04:00,41.964505144531145,42.041857890737596,40.765519873422456,40.842872619628906,356300,0.0,0.0
2017-03-21 00:00:00-04:00,40.84287909289822,40.84287909289822,39.95331056726208,40.34008026123047,307800,0.0,0.0
2017-03-22 00:00:00-04:00,40.340078523767886,40.572139739990234,39.95330884645781,40.572139739990234,190000,0.0,0.0
2017-03-23 00:00:00-04:00,40.610817866680904,41.34568087538456,40.224048172712514,40.34008026123047,140600,0.0,0.0
2017-03-24 00:00:00-04:00,40.41743301969671,40.53346510821466,40.06933970496144,40.34008026123047,254000,0.0,0.0
2017-03-27 00:00:00-04:00,39.99197727794627,41.098138571333344,39.759916107832574,40.417423248291016,205300,0.0,0.0
2017-03-28 00:00:00-04:00,40.224041827551495,40.30139457381569,39.721240124379854,40.262718200683594,312200,0.0,0.0
2017-03-29 00:00:00-04:00,40.2627215042816,41.15229291340073,40.18536875167053,40.95890808105469,235600,0.0,0.0
2017-03-30 00:00:00-04:00,40.88154644310545,41.07493124737902,39.976506975497756,40.45610046386719,256100,0.0,0.0
2017-03-31 00:00:00-04:00,40.49478406978277,41.15229429228137,39.87595317570409,40.30139923095703,414900,0.0,0.0
2017-04-03 00:00:00-04:00,40.26271565990931,40.26271565990931,39.17976252645959,39.566532135009766,586200,0.0,0.0
2017-04-04 00:00:00-04:00,39.48918281732766,39.64389127588504,38.63829072148969,39.37315368652344,335100,0.0,0.0
2017-04-05 00:00:00-04:00,39.41182411718182,39.95330216502771,38.6382848919214,38.87034606933594,325000,0.0,0.0
2017-04-06 00:00:00-04:00,38.444905091294935,39.25712079340869,38.444905091294935,39.06373596191406,359700,0.0,0.0
2017-04-07 00:00:00-04:00,39.06374114990234,39.450510864257815,38.59961867300328,38.676971435546875,333500,0.0,0.0
2017-04-10 00:00:00-04:00,38.75432067694423,39.83727695907163,38.5996151659133,39.41183090209961,393600,0.0,0.0
2017-04-11 00:00:00-04:00,39.334474701749144,39.87595283601222,39.141089864570795,39.837276458740234,176500,0.0,0.0
2017-04-12 00:00:00-04:00,39.759922386288125,40.30139755178467,39.29579702195322,40.22404479980469,485100,0.0,0.0
2017-04-13 00:00:00-04:00,40.185370062680164,40.726848201077956,39.99198522402513,40.572139739990234,591400,0.0,0.0
2017-04-17 00:00:00-04:00,40.76552070369247,41.190966718129225,40.53345950952861,41.15229034423828,291800,0.0,0.0
2017-04-18 00:00:00-04:00,41.11361017096394,41.73244094848633,41.02078334122215,41.73244094848633,287300,0.0,0.0
2017-04-19 00:00:00-04:00,41.80979368911991,42.467303787777,41.655085257034834,41.73244094848633,498700,0.0,0.0
2017-04-20 00:00:00-04:00,41.7711151965896,42.27391683761639,41.616406772364606,41.809791564941406,313200,0.0,0.0
2017-04-21 00:00:00-04:00,41.80979622255448,42.080536732813165,41.345673848994004,41.848472595214844,278600,0.0,0.0
2017-04-24 00:00:00-04:00,42.1578958087375,42.50598911658803,41.88715820864183,42.23524856567383,294600,0.0,0.0
2017-04-25 00:00:00-04:00,42.31259791959341,42.54465910637364,41.6164114084346,41.848472595214844,208300,0.0,0.0
2017-04-26 00:00:00-04:00,41.84847561429749,42.467309424780225,41.38435320725374,41.50038528442383,349500,0.0,0.0
2017-04-27 00:00:00-04:00,41.655091655177614,42.46731031067502,40.80419957424116,41.2683219909668,523300,0.0,0.0
2017-04-28 00:00:00-04:00,41.30699361994271,41.65508389220657,39.68255956250085,40.10800552368164,425300,0.0,0.0
2017-05-01 00:00:00-04:00,40.30139969553883,40.45610815854654,39.72124517237376,40.14669418334961,383200,0.0,0.0
2017-05-02 00:00:00-04:00,40.26272697802095,40.301403359584555,39.025065063072844,39.14109420776367,522300,0.0,0.0
2017-05-03 00:00:00-04:00,38.9090303553008,39.798601825633874,38.9090303553008,39.60521697998047,499500,0.0,0.0
2017-05-04 00:00:00-04:00,39.798601206618784,40.67270152160587,39.68256912070404,40.610816955566406,361900,0.0,0.0
2017-05-05 00:00:00-04:00,40.224047895907646,40.224047895907646,37.78739766034735,39.60521697998047,1219700,0.0,0.0
2017-05-08 00:00:00-04:00,39.5665279427891,40.05385547333924,39.51238043939464,39.991973876953125,304800,0.0,0.0
2017-05-09 00:00:00-04:00,40.14669529454538,41.2683250430546,40.06933958549119,40.92023468017578,544800,0.0,0.0
2017-05-10 00:00:00-04:00,40.68816417639788,41.30699794932196,40.378750240753966,40.842872619628906,283400,0.0,0.0
2017-05-11 00:00:00-04:00,40.688162066348994,40.688162066348994,38.98637813151501,39.04825973510742,387500,0.0,0.0
2017-05-12 00:00:00-04:00,39.02505408674981,39.06373045743517,38.47584195089109,38.98637771606445,244000,0.0,0.0
2017-05-15 00:00:00-04:00,38.947694233582105,39.95329746887536,38.90901786702874,39.72123336791992,203100,0.0,0.0
2017-05-16 00:00:00-04:00,39.83728242310751,39.991990906176554,39.373159924719246,39.75992965698242,247900,0.0,0.0
2017-05-17 00:00:00-04:00,39.450510864257815,39.56654295889195,38.52226295964094,38.676971435546875,386100,0.0,0.0
2017-05-18 00:00:00-04:00,39.45049924713573,40.99757764898419,38.212837705984114,40.417423248291016,699500,0.0,0.0
2017-05-19 00:00:00-04:00,40.301398150680036,40.301398150680036,38.676966728414,38.94770431518555,794300,0.0,0.0
2017-05-22 00:00:00-04:00,38.909035289417524,40.301405764527026,38.599621267625935,39.798606872558594,369500,0.0,0.0
2017-05-23 00:00:00-04:00,39.72125136228492,40.45611446297416,37.748726266301446,37.90343475341797,382900,0.0,0.0
2017-05-24 00:00:00-04:00,37.826074012669025,38.21284367353142,37.36194864914316,37.43930435180664,483600,0.0,0.0
2017-05-25 00:00:00-04:00,37.555330472442776,38.367546105054366,37.20723721537549,38.05813217163086,536800,0.0,0.0
2017-05-26 00:00:00-04:00,37.98077972521683,39.10241233804932,37.67136576531644,39.06373596191406,266500,0.0,0.0
2017-05-30 00:00:00-04:00,39.02506446703582,39.06374084800872,38.21284866333008,38.21284866333008,253100,0.0,0.0
2017-05-31 00:00:00-04:00,38.27495222002525,38.58550068915065,37.809132477946854,38.50786209106445,325900,0.18,0.0
2017-06-01 00:00:00-04:00,38.77958331909928,39.67240476807572,38.23612511098681,39.01249313354492,333900,0.0,0.0
2017-06-02 00:00:00-04:00,39.20659466579175,39.22988476441276,38.0808601672243,38.50786209106445,373900,0.0,0.0
2017-06-05 00:00:00-04:00,38.391405309960476,38.62431516081941,38.08085686774227,38.11967468261719,322700,0.0,0.0
2017-06-06 00:00:00-04:00,38.04204586713742,38.11968151079371,37.69267954746417,37.84795379638672,328200,0.0,0.0
2017-06-07 00:00:00-04:00,37.84793909022752,38.23612308089652,37.420937292813385,37.886756896972656,410400,0.0,0.0
2017-06-08 00:00:00-04:00,38.08084889230716,38.119666699052296,37.38211948606825,37.886756896972656,401400,0.0,0.0
2017-06-09 00:00:00-04:00,37.925584904919454,39.01250155579439,37.615039405819196,38.85722732543945,393700,0.0,0.0
2017-06-12 00:00:00-04:00,38.74078181654694,39.90533434055204,38.11968476778939,38.236141204833984,291100,0.0,0.0
2017-06-13 00:00:00-04:00,38.31376747787436,38.352588255128026,37.537399318552815,37.599510192871094,366100,0.0,0.0
2017-06-14 00:00:00-04:00,37.731491331685234,38.042039779837914,37.343307252299134,37.53739929199219,473500,0.0,0.0
2017-06-15 00:00:00-04:00,37.30449186798274,37.48305620074504,37.0715819974932,37.22685623168945,355500,0.0,0.0
2017-06-16 00:00:00-04:00,36.916307875507556,36.916307875507556,35.28593581551543,35.59648132324219,764800,0.0,0.0
2017-06-19 00:00:00-04:00,35.67412159154475,35.89150375329167,35.44121170944306,35.86821365356445,337700,0.0,0.0
2017-06-20 00:00:00-04:00,34.93657630968654,35.596488233114286,34.78130204487699,34.89775848388672,356400,0.0,0.0
2017-06-21 00:00:00-04:00,34.89775066874863,34.93656848585544,33.42264992581311,33.46146774291992,394900,0.0,0.0
2017-06-22 00:00:00-04:00,33.383827631701884,34.19901352806114,32.72391594455611,34.043739318847656,661700,0.0,0.0
2017-06-23 00:00:00-04:00,34.043741104979325,34.85893000571731,33.88846984922863,34.74247360229492,433500,0.0,0.0
2017-06-26 00:00:00-04:00,34.9753892435813,35.751757497430425,34.8201150004895,35.67412185668945,329600,0.0,0.0
2017-06-27 00:00:00-04:00,35.324767345719366,35.324767345719366,34.19903240941274,35.05303955078125,794900,0.0,0.0
2017-06-28 00:00:00-04:00,35.169486230277606,35.169486230277606,32.18046921918201,32.37456130981445,1514400,0.0,0.0
2017-06-29 00:00:00-04:00,32.06400898354408,32.413375297636996,31.792281273477315,31.869916915893555,1063400,0.0,0.0
2017-06-30 00:00:00-04:00,31.986385183978733,32.56866160251617,31.481744436601883,32.413387298583984,1236400,0.0,0.0
2017-07-03 00:00:00-04:00,32.60745614680096,33.42264195814921,32.45218195378013,33.22854995727539,159400,0.0,0.0
2017-07-05 00:00:00-04:00,32.879200283207915,32.99565672688814,32.43667053579966,32.68510818481445,953800,0.0,0.0
2017-07-06 00:00:00-04:00,32.49101038676139,32.52983116891834,30.992619413086782,31.404096603393555,746800,0.0,0.0
2017-07-07 00:00:00-04:00,31.32646015800959,31.63700866699219,31.054732433857364,31.637008666992188,337100,0.0,0.0
2017-07-10 00:00:00-04:00,31.36528230392685,31.67582786477541,31.132369431277677,31.59819221496582,324700,0.0,0.0
2017-07-11 00:00:00-04:00,31.559368900030375,32.06400645922695,30.79852544852286,30.977092742919922,648500,0.0,0.0
2017-07-12 00:00:00-04:00,31.171182391916105,31.71463772736305,30.78299831710574,31.36527442932129,1009000,0.0,0.0
2017-07-13 00:00:00-04:00,31.559376972686387,32.529837482773786,31.44292052683172,32.29692459106445,434000,0.0,0.0
2017-07-14 00:00:00-04:00,32.25810676298305,32.646290967018004,31.846632454421332,32.29692459106445,578100,0.0,0.0
2017-07-17 00:00:00-04:00,32.29691073331277,32.91800756256081,32.06400090314934,32.335731506347656,594000,0.0,0.0
2017-07-18 00:00:00-04:00,32.29691073331277,32.45218494062478,32.06400090314934,32.335731506347656,464700,0.0,0.0
2017-07-19 00:00:00-04:00,32.49100962552397,33.21303232490094,32.39784626607173,32.91801452636719,815400,0.0,0.0
2017-07-20 00:00:00-04:00,33.3061873127798,37.226844994282935,33.3061873127798,35.01419448852539,1079100,0.0,0.0
2017-07-21 00:00:00-04:00,35.59647889506168,37.77031210891144,35.40238685536863,37.53739929199219,1105800,0.0,0.0
2017-07-24 00:00:00-04:00,37.4209399313084,37.4209399313084,35.89149395251876,35.984657287597656,828400,0.0,0.0
2017-07-25 00:00:00-04:00,35.984670120825896,36.41167506223928,35.90703447417442,36.02349090576172,574900,0.0,0.0
2017-07-26 00:00:00-04:00,36.178759193570805,36.97842050337882,36.10112355336879,36.72221755981445,858000,0.0,0.0
2017-07-27 00:00:00-04:00,36.955127978943466,37.0715844025483,35.67412212733966,35.90703201293945,661500,0.0,0.0
2017-07-28 00:00:00-04:00,35.90703695050763,36.06231121612918,35.208304236015806,35.55767059326172,374900,0.0,0.0
2017-07-31 00:00:00-04:00,35.67413044838687,36.37286026816608,35.09185411776557,36.178768157958984,474200,0.0,0.0
2017-08-01 00:00:00-04:00,36.17875382442171,37.03276054795327,36.10111819574129,36.60575866699219,365400,0.0,0.0
2017-08-02 00:00:00-04:00,36.489299552150506,36.82313806157764,36.07006008055236,36.68339157104492,395800,0.0,0.0
2017-08-03 00:00:00-04:00,36.722197686163504,36.99392820303267,36.17873961403341,36.256378173828125,274500,0.0,0.0
2017-08-04 00:00:00-04:00,36.3340391091787,36.799861907958984,36.0234935382688,36.799861907958984,153000,0.0,0.0
2017-08-07 00:00:00-04:00,36.489310379427764,37.49858858483461,36.334036125916704,37.07158660888672,336300,0.0,0.0
2017-08-08 00:00:00-04:00,36.95511921285343,37.715962533135624,36.52811736360755,36.68339157104492,173500,0.0,0.0
2017-08-09 00:00:00-04:00,36.605766809963576,37.26567868537304,36.41167473347726,37.07158660888672,628200,0.0,0.0
2017-08-10 00:00:00-04:00,36.99394848652908,36.99394848652908,36.02348816906095,36.10112380981445,345900,0.0,0.0
2017-08-11 00:00:00-04:00,36.217580232554575,36.37285151406159,35.907031746320826,36.10112380981445,185400,0.0,0.0
2017-08-14 00:00:00-04:00,36.295220489509134,36.566948228315916,36.13994622664374,36.37285614013672,344600,0.0,0.0
2017-08-15 00:00:00-04:00,36.101120399487996,36.101120399487996,34.664840449958646,34.85893249511719,360700,0.0,0.0
2017-08-16 00:00:00-04:00,34.7812846883427,35.40237847603281,34.70364907548473,35.01419448852539,201500,0.0,0.0
2017-08-17 00:00:00-04:00,34.78129165223571,35.247114307476664,34.47074617701779,34.54838180541992,169600,0.0,0.0
2017-08-18 00:00:00-04:00,34.31547654384137,34.70366066094001,34.14467458460284,34.39311218261719,221800,0.0,0.0
2017-08-21 00:00:00-04:00,34.3542828944063,35.09183306299215,34.276647281548335,35.01419448852539,198500,0.0,0.0
2017-08-22 00:00:00-04:00,35.16947056790346,35.82938515913354,34.93656075519064,35.712928771972656,262800,0.0,0.0
2017-08-23 00:00:00-04:00,35.441210565687165,35.79057389676015,34.97538785490695,35.20829772949219,176000,0.0,0.0
2017-08-24 00:00:00-04:00,35.348597613170334,36.01114204290962,35.348597613170334,35.69935607910156,241900,0.18,0.0
2017-08-25 00:00:00-04:00,35.93320145982353,36.59574602590561,35.68377382681275,36.24498748779297,135200,0.0,0.0
2017-08-28 00:00:00-04:00,36.36190326807803,36.63471377705317,35.89422428687723,36.595741271972656,240500,0.0,0.0
2017-08-29 00:00:00-04:00,36.28395009619407,36.28395009619407,35.504488212394364,36.08908462524414,268300,0.0,0.0
2017-08-30 00:00:00-04:00,36.05011952582782,36.67368856618682,36.05011952582782,36.51779556274414,143600,0.0,0.0
2017-08-31 00:00:00-04:00,36.67368829908666,37.21931232045632,36.67368829908666,37.18033981323242,164600,0.0,0.0
2017-09-01 00:00:00-04:00,37.2582859562802,38.42747904888362,36.54118228672109,37.88185501098633,278600,0.0,0.0
2017-09-05 00:00:00-04:00,37.842886274307965,38.31056534200907,37.492127716885165,37.998779296875,263100,0.0,0.0
2017-09-06 00:00:00-04:00,38.1546691829882,38.1546691829882,36.79061055112844,38.07672119140625,314400,0.0,0.0
2017-09-07 00:00:00-04:00,38.15466825987635,38.46645129842536,37.998775253895964,38.4274787902832,269600,0.0,0.0
2017-09-08 00:00:00-04:00,38.38849184464435,39.128981114502366,38.03773345645786,38.193626403808594,348500,0.0,0.0
2017-09-11 00:00:00-04:00,38.31054685767431,38.42746433812937,37.99876096297284,38.193626403808594,187400,0.0,0.0
2017-09-12 00:00:00-04:00,38.34953506033799,39.05104915066262,38.11569703022979,38.93413162231445,194000,0.0,0.0
2017-09-13 00:00:00-04:00,39.0120750774673,39.55769910812378,38.89515755380562,38.97310256958008,311300,0.0,0.0
2017-09-14 00:00:00-04:00,39.0510368410038,39.20692980307269,38.15465751257685,39.1679573059082,165900,0.0,0.0
2017-09-15 00:00:00-04:00,39.284890568405714,39.71359412369302,38.34953546469855,39.557701110839844,372200,0.0,0.0
2017-09-18 00:00:00-04:00,39.44077749802234,39.86948399291893,39.284887470872675,39.635643005371094,232500,0.0,0.0
2017-09-19 00:00:00-04:00,39.86948808906472,39.94743311064753,38.81721245722487,39.20694351196289,247300,0.0,0.0
2017-09-20 00:00:00-04:00,39.32386130020896,40.06435084772086,38.97310278050209,40.02537536621094,239100,0.0,0.0
2017-09-21 00:00:00-04:00,39.94742900649376,40.14229451384251,39.32385997766009,39.635643005371094,204900,0.0,0.0
2017-09-22 00:00:00-04:00,39.55769451058125,40.94513584931294,39.47974950386585,40.804832458496094,223600,0.0,0.0
2017-09-25 00:00:00-04:00,40.726878876055366,42.32477496454859,40.5398067365536,42.12990951538086,441200,0.0,0.0
2017-09-26 00:00:00-04:00,42.168892555439484,42.98733002533403,41.50635105195597,42.597599029541016,416200,0.0,0.0
2017-09-27 00:00:00-04:00,42.6365852355957,43.06528887404853,41.81815047611076,42.6365852355957,534500,0.0,0.0
2017-09-28 00:00:00-04:00,42.55862180962365,43.361469650022485,40.03316672534353,43.182193756103516,256800,0.0,0.0
2017-09-29 00:00:00-04:00,43.221174329065526,43.92268843971528,42.948360808191765,43.68885040283203,326700,0.0,0.0
2017-10-02 00:00:00-04:00,43.84473845548912,44.81906597672221,43.182196930415266,44.585227966308594,344800,0.0,0.0
2017-10-03 00:00:00-04:00,44.62419440100394,44.935980354742256,44.27343594640114,44.312408447265625,305400,0.0,0.0
2017-10-04 00:00:00-04:00,44.31241449696493,44.81906599760687,44.234469484594605,44.46830749511719,218800,0.0,0.0
2017-10-05 00:00:00-04:00,44.46830749511719,44.62420049326945,44.078576486442344,44.46830749511719,221500,0.0,0.0
2017-10-06 00:00:00-04:00,44.42934289442754,44.54626340719879,43.41604268625461,44.03961181640625,327800,0.0,0.0
2017-10-09 00:00:00-04:00,44.0396030424591,44.27344104800223,42.98733053080922,43.104248046875,188100,0.0,0.0
2017-10-10 00:00:00-04:00,43.41604747765993,43.532965029922075,42.40274715765893,42.6365852355957,290000,0.0,0.0
2017-10-11 00:00:00-04:00,42.67554198238151,42.71451448540004,41.584294057394416,41.77915954589844,223000,0.0,0.0
2017-10-12 00:00:00-04:00,39.635641218923425,40.49305119665996,38.544396211001754,40.337158203125,446600,0.0,0.0
2017-10-13 00:00:00-04:00,40.298197436984196,41.4284182525823,40.06435936527035,40.96073913574219,249300,0.0,0.0
2017-10-16 00:00:00-04:00,40.999706915910714,41.31149295778714,40.843816868384565,41.19457244873047,204100,0.0,0.0
2017-10-17 00:00:00-04:00,41.233550726937246,41.70122684801739,41.11663020996107,41.662254333496094,200200,0.0,0.0
2017-10-18 00:00:00-04:00,41.7012176314236,42.402734631410326,41.31148662552245,41.818138122558594,208700,0.0,0.0
2017-10-19 00:00:00-04:00,41.623279274745634,41.623279274745634,40.53203109437831,40.765869140625,230600,0.0,0.0
2017-10-20 00:00:00-04:00,41.03867538687936,41.03867538687936,39.557696401213164,39.90845489501953,457200,0.0,0.0
2017-10-23 00:00:00-04:00,39.791544868824914,40.376141521080164,38.97311015035003,39.090030670166016,583200,0.0,0.0
2017-10-24 00:00:00-04:00,37.531106264152015,39.75257235335703,36.47883050604516,39.090030670166016,1273100,0.0,0.0
2017-10-25 00:00:00-04:00,38.03774734684067,38.700291871672434,37.28167118221808,37.686988830566406,587200,0.0,0.0
2017-10-26 00:00:00-04:00,37.60903895984997,38.622338896728415,37.25828048885821,38.58336639404297,473300,0.0,0.0
2017-10-27 00:00:00-04:00,38.77823031918354,38.77823031918354,38.11568887997907,38.622337341308594,299300,0.0,0.0
2017-10-30 00:00:00-04:00,38.66131966213676,39.012078208092866,38.15467107212194,38.89516067504883,401300,0.0,0.0
2017-10-31 00:00:00-04:00,39.05103463818076,39.674606451281356,38.46643829345703,38.46643829345703,330100,0.0,0.0
2017-11-01 00:00:00-04:00,38.817211648098734,39.206942694713,37.64801850825592,37.95980453491211,340500,0.0,0.0
2017-11-02 00:00:00-04:00,37.95980587168815,38.388509443378496,37.21931626236189,38.23261642456055,287200,0.0,0.0
2017-11-03 00:00:00-04:00,38.115701422827506,38.3495394798841,37.725970336595786,37.84288787841797,260500,0.0,0.0
2017-11-06 00:00:00-05:00,37.84287035355876,38.115683771629655,37.60903240479145,37.803897857666016,211100,0.0,0.0
2017-11-07 00:00:00-05:00,37.80390096081353,37.88184595899717,37.258277053294826,37.60903549194336,363400,0.0,0.0
2017-11-08 00:00:00-05:00,37.492112405812506,37.84287081999218,37.18032946141681,37.632415771484375,232300,0.0,0.0
2017-11-09 00:00:00-05:00,37.258277053294826,37.90523183718113,37.258277053294826,37.60903549194336,220300,0.0,0.0
2017-11-10 00:00:00-05:00,37.453153232920556,37.764939261641025,37.453153232920556,37.53110122680664,179100,0.0,0.0
2017-11-13 00:00:00-05:00,37.4921251157011,37.4921251157011,36.90752855169279,37.21931457519531,172500,0.0,0.0
2017-11-14 00:00:00-05:00,37.102387160804334,37.53109360660468,36.71265619073954,37.4141731262207,124900,0.0,0.0
2017-11-15 00:00:00-05:00,37.21930609583869,37.803902526663386,36.51778918948458,37.45314407348633,330200,0.0,0.0
2017-11-16 00:00:00-05:00,37.49212398011852,37.99877550961139,37.21931344787577,37.88185501098633,305100,0.0,0.0
2017-11-17 00:00:00-05:00,37.803907045159164,38.076717556120435,37.57006903956214,37.76493453979492,283000,0.0,0.0
2017-11-20 00:00:00-05:00,37.80391065439903,38.19364169207325,35.42655191926868,38.07672119140625,204100,0.0,0.0
2017-11-21 00:00:00-05:00,37.95980678458626,38.03775180916374,37.06342413488489,37.998779296875,372400,0.0,0.0
2017-11-22 00:00:00-05:00,38.15466554026048,38.77823454632306,37.686986555654876,37.76493453979492,172400,0.0,0.0
2017-11-24 00:00:00-05:00,37.80390927654366,38.03774729594303,37.5700712571443,37.92082977294922,72400,0.0,0.0
2017-11-27 00:00:00-05:00,37.95980228061382,38.46645082707716,37.671402155801665,37.92082977294922,145200,0.0,0.0
2017-11-28 00:00:00-05:00,37.64800939717194,38.21701623071567,37.063412968727,38.11568832397461,435100,0.0,0.0
2017-11-29 00:00:00-05:00,38.23261493106008,39.71359409186033,38.037749408502776,39.67462158203125,485000,0.0,0.0
2017-11-30 00:00:00-05:00,39.752563692021994,39.947429200316215,39.0510466727981,39.32386016845703,272900,0.0,0.0
2017-12-01 00:00:00-05:00,39.479757034326695,39.479757034326695,38.38850889169544,39.20694351196289,449900,0.0,0.0
2017-12-04 00:00:00-05:00,39.67461734597862,41.11662086957539,39.518724349895066,40.64894485473633,464000,0.0,0.0
2017-12-05 00:00:00-05:00,40.99968957264764,41.31147548263563,40.49304118568067,40.84379959106445,271300,0.0,0.0
2017-12-06 00:00:00-05:00,40.76586149452226,41.233540472709194,40.2592129849175,40.882781982421875,215900,0.0,0.0
2017-12-07 00:00:00-05:00,40.92176185463959,42.402741092077086,40.92176185463959,41.311492919921875,233700,0.0,0.0
2017-12-08 00:00:00-05:00,41.31149235738587,42.402740514681625,40.84381627478027,42.28582000732422,478200,0.0,0.0
2017-12-11 00:00:00-05:00,42.42658365914364,42.46568590456378,39.65028246797229,41.566322326660156,319800,0.18,0.0
2017-12-12 00:00:00-05:00,41.683624390259084,42.11375500828394,40.90156763628308,41.057979583740234,201800,0.0,0.0
2017-12-13 00:00:00-05:00,41.17529074496484,41.957347526572455,40.862466838997854,41.64452362060547,181800,0.0,0.0
2017-12-14 00:00:00-05:00,41.37080273035174,41.644521395968496,39.572069842094066,39.92399597167969,396400,0.0,0.0
2017-12-15 00:00:00-05:00,40.0412990715553,41.56631005935078,39.72847523389651,40.9406623840332,815300,0.0,0.0
2017-12-18 00:00:00-05:00,41.409908299529384,45.47660427022179,41.3317008292736,45.046470642089844,737700,0.0,0.0
2017-12-19 00:00:00-05:00,45.046479275425796,45.32020099881597,43.66224109466809,43.99070358276367,405100,0.0,0.0
2017-12-20 00:00:00-05:00,44.30352613000419,45.35930178865738,44.30352613000419,44.8509635925293,331400,0.0,0.0
2017-12-21 00:00:00-05:00,45.20287962092707,45.59390799651175,44.53813257575702,45.554805755615234,257900,0.0,0.0
2017-12-22 00:00:00-05:00,45.63302434508068,46.360337587185406,45.24199584860763,45.78943634033203,275800,0.0,0.0
2017-12-26 00:00:00-05:00,45.71121770251106,46.06314383719922,44.92916095134169,45.554805755615234,187700,0.0,0.0
2017-12-27 00:00:00-05:00,45.63300648527325,45.789418419308234,44.81184756072646,44.92915725708008,124000,0.0,0.0
2017-12-28 00:00:00-05:00,45.007368398616926,45.281090069547254,44.65544224074077,45.046470642089844,137300,0.0,0.0
2017-12-29 00:00:00-05:00,45.20288648943912,45.24198873627717,44.53813934326172,44.53813934326172,206200,0.0,0.0
2018-01-02 00:00:00-05:00,44.53813832413497,46.727896913371524,44.53813832413497,45.71122360229492,306900,0.0,0.0
2018-01-03 00:00:00-05:00,45.67212721088573,46.063155687063485,44.929172509485895,45.86764144897461,196400,0.0,0.0
2018-01-04 00:00:00-05:00,45.906730251819916,46.45417055476141,45.04646606625195,45.0855712890625,297400,0.0,0.0
2018-01-05 00:00:00-05:00,45.24199296009033,47.19713531762769,45.24199296009033,47.11893081665039,264200,0.0,0.0
2018-01-08 00:00:00-05:00,47.31443914706544,48.09649599247148,46.72789651301091,46.9625129699707,274800,0.0,0.0
2018-01-09 00:00:00-05:00,46.962509789572586,47.431745655024656,46.45417466447023,46.532379150390625,154200,0.0,0.0
2018-01-10 00:00:00-05:00,46.21955602022647,46.49327769218779,45.593911172373396,45.98493957519531,124600,0.0,0.0
2018-01-11 00:00:00-05:00,45.98493797990429,46.45417383699802,45.82852602753971,46.02404022216797,267400,0.0,0.0
2018-01-12 00:00:00-05:00,46.02404415882143,46.9625129699707,45.94583966760487,46.9625129699707,233200,0.0,0.0
2018-01-16 00:00:00-05:00,47.627267954524,48.09650091648259,46.37597508378373,46.845211029052734,225300,0.0,0.0
2018-01-17 00:00:00-05:00,47.15802847722033,47.353542693944554,46.29776711695783,46.61058807373047,263400,0.0,0.0
2018-01-18 00:00:00-05:00,46.571482661015864,46.96251106788134,46.14135201012584,46.18045425415039,103000,0.0,0.0
2018-01-19 00:00:00-05:00,46.41507395087995,47.940085441075226,46.41507395087995,47.54905700683594,282400,0.0,0.0
2018-01-22 00:00:00-05:00,47.549052888914936,48.40931715972548,47.31443644535204,48.29200744628906,326700,0.0,0.0
2018-01-23 00:00:00-05:00,48.09650331483083,48.72214828974375,47.8618868221523,48.643943786621094,215500,0.0,0.0
2018-01-24 00:00:00-05:00,48.95675201409661,49.214832177050944,47.431743717765684,48.99585723876953,502100,0.0,0.0
2018-01-25 00:00:00-05:00,49.03496907945305,49.97343797243648,48.52663089228816,49.660614013671875,398000,0.0,0.0
2018-01-26 00:00:00-05:00,50.01252650655054,50.1689384430401,48.83944145784323,50.12983322143555,234400,0.0,0.0
2018-01-29 00:00:00-05:00,50.05163790002446,50.09074312878193,47.43174867201909,47.588157653808594,464200,0.0,0.0
2018-01-30 00:00:00-05:00,44.381729057892535,46.180459330537126,41.840044133872254,44.718013763427734,1088600,0.0,0.0
2018-01-31 00:00:00-05:00,45.00737747346026,45.71122993113045,43.77954828432159,44.18621826171875,535200,0.0,0.0
2018-02-01 00:00:00-05:00,43.795177594141066,44.30351567025409,43.05222309186423,43.6778678894043,375400,0.0,0.0
2018-02-02 00:00:00-05:00,43.247740599284114,44.029797402104116,42.895814441353124,42.974021911621094,414600,0.0,0.0
2018-02-05 00:00:00-05:00,42.4656887264759,43.208643372069474,40.74516296386719,40.74516296386719,453300,0.0,0.0
2018-02-06 00:00:00-05:00,39.8457886300302,42.856705668864755,39.806686392508226,42.73939895629883,372600,0.0,0.0
2018-02-07 00:00:00-05:00,42.42658721453173,43.20864412171204,41.65234956376668,42.7003059387207,213700,0.0,0.0
2018-02-08 00:00:00-05:00,42.81760879301689,42.81760879301689,41.56631913576865,41.64452362060547,242600,0.0,0.0
2018-02-09 00:00:00-05:00,42.11376173293997,42.11376173293997,39.924003068812056,40.78426742553711,439700,0.0,0.0
2018-02-12 00:00:00-05:00,41.05799220354815,41.331710958247534,40.31503746225038,40.8233757019043,301200,0.0,0.0
2018-02-13 00:00:00-05:00,40.706060715848636,40.97978241859906,40.00221130158391,40.74516296386719,158900,0.0,0.0
2018-02-14 00:00:00-05:00,40.315030042356895,42.15286543082395,40.080413583893694,41.761837005615234,263800,0.0,0.0
2018-02-15 00:00:00-05:00,41.91824310884341,42.817609618351945,41.41772723629637,42.661197662353516,202300,0.0,0.0
2018-02-16 00:00:00-05:00,42.504796680758254,42.895825180059845,40.59657867815836,42.465694427490234,164800,0.0,0.0
2018-02-20 00:00:00-05:00,42.27017590076002,42.59081911841083,41.05798827224163,41.33170700073242,200000,0.0,0.0
2018-02-21 00:00:00-05:00,41.56632399175356,41.605426238740094,40.43234092928301,40.47144317626953,394500,0.0,0.0
2018-02-22 00:00:00-05:00,40.74515630373832,41.370804103009,40.47143762903975,40.62784957885742,251700,0.0,0.0
2018-02-23 00:00:00-05:00,40.94067146210629,41.566319276153315,40.51054082743137,41.52721405029297,233500,0.0,0.0
2018-02-26 00:00:00-05:00,41.722729538640124,41.722729538640124,40.471439838409424,40.666954040527344,254600,0.0,0.0
2018-02-27 00:00:00-05:00,40.97978473844906,41.136193739377504,39.33746337890625,39.33746337890625,170100,0.0,0.0
2018-02-28 00:00:00-05:00,39.650285867059644,40.58875475414533,39.33746191026097,39.806697845458984,188300,0.0,0.0
2018-03-01 00:00:00-05:00,39.76758941919965,40.43233952817579,39.298356505001294,39.8848991394043,190000,0.0,0.0
2018-03-02 00:00:00-05:00,39.41566863137482,40.94067718727022,39.33746115202744,40.74516296386719,267100,0.0,0.0
2018-03-05 00:00:00-05:00,40.58875920026044,41.370816194613745,40.182089205199446,40.8233757019043,275000,0.0,0.0
2018-03-06 00:00:00-05:00,40.90157217893515,42.34837912446336,40.78426544279616,42.07465744018555,196200,0.0,0.0
2018-03-07 00:00:00-05:00,41.80093557358896,42.07465425382768,41.17529074496484,41.64452362060547,285000,0.0,0.0
2018-03-08 00:00:00-05:00,41.80093409667939,41.95734604413654,40.97977510166654,41.057979583740234,475500,0.0,0.0
2018-03-09 00:00:00-05:00,41.40990798098592,42.70029990552564,41.292598268159615,42.661197662353516,155300,0.0,0.0
2018-03-12 00:00:00-04:00,42.62210642387301,43.16954691955737,42.23107792457142,42.465694427490234,237700,0.0,0.0
2018-03-13 00:00:00-04:00,42.81761231171495,43.404154946122006,42.50478838004048,42.895816802978516,196400,0.0,0.0
2018-03-14 00:00:00-04:00,43.01313089539736,43.365057108476336,42.42658820136921,42.58300018310547,313800,0.0,0.0
2018-03-15 00:00:00-04:00,42.88116580252248,43.27349118774883,42.37114160444616,42.528072357177734,372000,0.18,0.0
2018-03-16 00:00:00-04:00,42.52807076544418,43.116558821257875,42.331908080172944,42.56730270385742,384500,0.0,0.0
2018-03-19 00:00:00-04:00,42.41037195699943,42.6457665806839,41.806190527179425,42.56730270385742,247900,0.0,0.0
2018-03-20 00:00:00-04:00,42.52806824862623,42.52806824862623,41.42955607883544,41.58648681640625,187900,0.0,0.0
2018-03-21 00:00:00-04:00,41.50802883839725,42.72423698916505,41.50802883839725,42.551612854003906,245300,0.0,0.0
2018-03-22 00:00:00-04:00,42.2534445233905,42.37114334106445,40.76260979435028,40.801841735839844,200100,0.0,0.0
2018-03-23 00:00:00-04:00,40.76259447874892,40.841058332247066,40.17410659790039,40.17410659790039,203500,0.0,0.0
2018-03-26 00:00:00-04:00,40.95877048496659,42.60653589230684,40.527213163349394,42.214210510253906,259800,0.0,0.0
2018-03-27 00:00:00-04:00,42.2534451694639,42.98317066650758,40.487980836591504,40.880306243896484,411600,0.0,0.0
2018-03-28 00:00:00-04:00,40.84107415234134,42.096517247045924,40.84107415234134,40.99800491333008,240100,0.0,0.0
2018-03-29 00:00:00-04:00,41.39032200600701,42.44959919181725,41.39032200600701,42.057273864746094,265600,0.0,0.0
2018-04-02 00:00:00-04:00,41.861120568867,42.17498209804155,41.03723779629052,41.39033126831055,470400,0.0,0.0
2018-04-03 00:00:00-04:00,41.50802660955284,42.551610569122474,40.998002415711696,41.70418930053711,356000,0.0,0.0
2018-04-04 00:00:00-04:00,41.19416010472693,44.018901314626305,41.19416010472693,43.82273864746094,271300,0.0,0.0
2018-04-05 00:00:00-04:00,43.979664395437986,44.99970955045103,43.43040839098345,44.80354690551758,158400,0.0,0.0
2018-04-06 00:00:00-04:00,44.45045489561189,44.960475957657785,43.0380815097511,43.587337493896484,237700,0.0,0.0
2018-04-09 00:00:00-04:00,43.979671702931405,44.33276512112114,43.038090252160416,43.2342529296875,360200,0.0,0.0
2018-04-10 00:00:00-04:00,43.78351184285127,44.80355723299053,43.31272258377318,44.5289306640625,180700,0.0,0.0
2018-04-11 00:00:00-04:00,44.29353871535743,45.19588534873848,44.29353871535743,44.76432800292969,318500,0.0,0.0
2018-04-12 00:00:00-04:00,44.88201796977715,45.274343296447924,44.17583118448788,45.11741256713867,308500,0.0,0.0
2018-04-13 00:00:00-04:00,45.35280624695931,45.35280624695931,44.56815560949218,44.60738754272461,319300,0.0,0.0
2018-04-16 00:00:00-04:00,43.548111220577034,43.70504194974257,41.233391196698214,41.5472526550293,958900,0.0,0.0
2018-04-17 00:00:00-04:00,42.76347511139511,43.901219543275204,42.253450816453984,42.7242431640625,428700,0.0,0.0
2018-04-18 00:00:00-04:00,43.15580057113268,44.16015279023503,42.645776276191555,42.7242431640625,410900,0.0,0.0
2018-04-19 00:00:00-04:00,42.802698583333296,43.893362666527615,42.13574663112537,42.214210510253906,254600,0.0,0.0
2018-04-20 00:00:00-04:00,42.13574996868174,43.03809662295493,41.86112038356832,42.01805114746094,331800,0.0,0.0
2018-04-23 00:00:00-04:00,42.01804332189351,42.99885667204604,41.86111258722814,42.76346206665039,237900,0.0,0.0
2018-04-24 00:00:00-04:00,43.07732340552041,43.62657648537856,42.41036853351369,42.881160736083984,413300,0.0,0.0
2018-04-25 00:00:00-04:00,42.95963538958183,43.50889160050983,42.76347267090794,43.31272888183594,264400,0.0,0.0
2018-04-26 00:00:00-04:00,43.4696575832241,43.587353412894565,42.95963334170255,43.15579605102539,191900,0.0,0.0
2018-04-27 00:00:00-04:00,43.31271894914817,44.25430038149582,43.038089410060806,43.901206970214844,370000,0.0,0.0
2018-04-30 00:00:00-04:00,43.94043890631165,44.17583351609735,43.36764425832467,43.901206970214844,268000,0.0,0.0
2018-05-01 00:00:00-04:00,43.82274565092265,43.90121252625171,42.76346827622486,43.74428176879883,332300,0.0,0.0
2018-05-02 00:00:00-04:00,43.78350728526228,44.175832624723775,43.3127180751904,43.39118194580078,213400,0.0,0.0
2018-05-03 00:00:00-04:00,43.351960826929606,43.82275015446472,42.998867334675495,43.31272888183594,218300,0.0,0.0
2018-05-04 00:00:00-04:00,43.39119429376629,44.25431208212455,43.23426351468246,43.78351974487305,328600,0.0,0.0
2018-05-07 00:00:00-04:00,43.861974882565235,45.23511359364297,43.74427608147663,45.156646728515625,164900,0.0,0.0
2018-05-08 00:00:00-04:00,44.99972026975102,45.431280585969326,44.646629819325334,44.84279251098633,173400,0.0,0.0
2018-05-09 00:00:00-04:00,44.8820173704241,45.04679328705628,40.80183342889379,41.35108947753906,1526300,0.0,0.0
2018-05-10 00:00:00-04:00,41.311859130859375,41.978811005629524,40.84106693113505,41.311859130859375,373100,0.0,0.0
2018-05-11 00:00:00-04:00,41.46879202114349,43.29702975303677,41.42956008126188,42.528072357177734,390700,0.0,0.0
2018-05-14 00:00:00-04:00,42.48884606204671,43.548123545603495,42.41037917865383,43.31272888183594,171500,0.0,0.0
2018-05-15 00:00:00-04:00,43.234256935631706,43.7835130822408,42.76346766322688,43.66581726074219,163700,0.0,0.0
2018-05-16 00:00:00-04:00,43.90121380028104,44.96049120571944,43.90121380028104,44.450469970703125,225400,0.0,0.0
2018-05-17 00:00:00-04:00,44.371992950125396,45.15664358759253,44.371992950125396,44.60738754272461,122100,0.0,0.0
2018-05-18 00:00:00-04:00,44.64662476172154,44.921251301654976,41.62571785642972,44.01890182495117,456000,0.0,0.0
2018-05-21 00:00:00-04:00,43.15579752591934,44.96049391472578,40.370287556978376,44.68586730957031,886200,0.0,0.0
2018-05-22 00:00:00-04:00,44.332770186989656,45.35281562804925,40.605678888083446,40.91954040527344,1130600,0.0,0.0
2018-05-23 00:00:00-04:00,40.76260133970895,42.68499600602297,40.76260133970895,42.09650802612305,571000,0.0,0.0
2018-05-24 00:00:00-04:00,42.01805188811736,43.155796204887295,41.978819944754,43.0380973815918,377100,0.0,0.0
2018-05-25 00:00:00-04:00,43.038087978799474,43.940437445042065,42.68499757246562,43.82273864746094,296900,0.0,0.0
2018-05-29 00:00:00-04:00,43.469650402554514,44.215066180283166,43.27348772563542,43.351951599121094,276100,0.0,0.0
2018-05-30 00:00:00-04:00,43.50888371906878,44.921254439034996,43.50888371906878,44.56816101074219,329900,0.0,0.0
2018-05-31 00:00:00-04:00,44.84278743116108,44.84278743116108,43.97966988970422,44.01890182495117,228900,0.0,0.0
2018-06-01 00:00:00-04:00,44.29451523862813,44.29451523862813,43.41256306519494,43.507057189941406,212500,0.2,0.0
2018-06-04 00:00:00-04:00,43.58580453993397,44.33389033411202,43.58580453993397,43.822044372558594,222200,0.0,0.0
2018-06-05 00:00:00-04:00,43.94015316770319,45.27883228831435,43.74328867949312,45.23945999145508,122300,0.0,0.0
2018-06-06 00:00:00-04:00,45.35757784551067,46.02691892199113,45.12134105542324,45.86942672729492,162700,0.0,0.0
2018-06-07 00:00:00-04:00,45.869439279051875,46.49940522630744,45.51508249499731,45.5544548034668,236500,0.0,0.0
2018-06-08 00:00:00-04:00,45.63320348802832,45.987560280342926,45.08198214486279,45.948184967041016,299800,0.0,0.0
2018-06-11 00:00:00-04:00,45.9481803553827,47.129367541936645,45.9481803553827,46.696266174316406,228900,0.0,0.0
2018-06-12 00:00:00-04:00,46.61752264724144,46.8143871829106,45.869436810915715,46.420658111572266,245500,0.0,0.0
2018-06-13 00:00:00-04:00,46.4993882373804,46.617508123547395,45.790677932118896,46.341896057128906,246200,0.0,0.0
2018-06-14 00:00:00-04:00,46.341896057128906,46.735625005800905,46.1056592887084,46.341896057128906,187700,0.0,0.0
2018-06-15 00:00:00-04:00,46.06630161564946,46.932504376087344,45.948181691992275,46.18442153930664,409400,0.0,0.0
2018-06-18 00:00:00-04:00,45.98754002927299,46.499385833740234,45.86942014921184,46.499385833740234,190200,0.0,0.0
2018-06-19 00:00:00-04:00,46.26315383240238,48.46803545682351,46.184409240210556,48.07430648803711,289600,0.0,0.0
2018-06-20 00:00:00-04:00,48.19242917484522,48.62553046484243,47.46796626823263,48.3892936706543,216400,0.0,0.0
2018-06-21 00:00:00-04:00,48.54678888221478,48.82239799189374,48.03493995976642,48.42866897583008,143800,0.0,0.0
2018-06-22 00:00:00-04:00,48.7436658146381,48.94053037284922,47.20812165980845,47.68059539794922,391900,0.0,0.0
2018-06-25 00:00:00-04:00,47.483716404941624,47.483716404941624,45.6331913218728,46.026920318603516,207700,0.0,0.0
2018-06-26 00:00:00-04:00,46.14504516260753,47.286860050558516,45.90880832466597,47.16874313354492,252800,0.0,0.0
2018-06-27 00:00:00-04:00,47.32623124777336,47.44435116593477,46.61752075054781,46.73563766479492,160700,0.0,0.0
2018-06-28 00:00:00-04:00,46.578155965701754,47.562478762915106,46.42066371736466,47.444358825683594,265300,0.0,0.0
2018-06-29 00:00:00-04:00,47.64121678078149,47.877453618581,45.711943764909115,45.75131607055664,315300,0.0,0.0
2018-07-02 00:00:00-04:00,45.515070040206886,45.90879902499053,45.200088654728226,45.86942672729492,192400,0.0,0.0
2018-07-03 00:00:00-04:00,45.90879244126111,46.77499788591182,45.79067556511329,46.499385833740234,108100,0.0,0.0
2018-07-05 00:00:00-04:00,46.7750189013818,47.75934166442506,45.83006844807733,47.562477111816406,208200,0.0,0.0
2018-07-06 00:00:00-04:00,47.48372700264239,49.60986466029508,47.48372700264239,49.05864334106445,297100,0.0,0.0
2018-07-09 00:00:00-04:00,49.13738340543572,50.1217059656094,49.058635798273386,49.76734924316406,250700,0.0,0.0
2018-07-10 00:00:00-04:00,49.84609116745949,50.279192469876286,48.153058257300394,48.50741195678711,192000,0.0,0.0
2018-07-11 00:00:00-04:00,48.23180191745007,48.82239541031681,47.32622402682221,47.877445220947266,326500,0.0,0.0
2018-07-12 00:00:00-04:00,48.34992137227525,48.62553046484243,47.68058028417609,48.3892936706543,214500,0.0,0.0
2018-07-13 00:00:00-04:00,51.14540099817006,53.32666329129313,50.71230264950741,51.184776306152344,734100,0.0,0.0
2018-07-16 00:00:00-04:00,51.2241431108392,52.310832941513034,50.6492961519973,52.12971496582031,277100,0.0,0.0
2018-07-17 00:00:00-04:00,52.090363511952035,53.429040109994155,51.893498952955866,53.192806243896484,329100,0.0,0.0
2018-07-18 00:00:00-04:00,53.153418927387676,53.153418927387676,51.6966227213138,52.9565544128418,142800,0.0,0.0
2018-07-19 00:00:00-04:00,52.83844527060208,54.45273702198936,52.759700650301845,54.137752532958984,347000,0.0,0.0
2018-07-20 00:00:00-04:00,53.98025513282746,54.41335348292733,53.31091094187841,53.90150451660156,462000,0.0,0.0
2018-07-23 00:00:00-04:00,53.901502889789036,54.555094534635316,53.15342012084916,54.019622802734375,243500,0.0,0.0
2018-07-24 00:00:00-04:00,54.37399199444096,54.37399199444096,51.9958648275112,52.523460388183594,466500,0.0,0.0
2018-07-25 00:00:00-04:00,52.720314592255455,53.350283441933556,51.55488003052764,52.9565544128418,494400,0.0,0.0
2018-07-26 00:00:00-04:00,51.0666514345408,53.12191734894094,50.12170421294833,50.83041763305664,673800,0.0,0.0
2018-07-27 00:00:00-04:00,50.712301222998356,51.02728565451081,49.64923101957945,50.35794448852539,332500,0.0,0.0
2018-07-30 00:00:00-04:00,50.397320897382464,52.641575392028265,50.397320897382464,52.20847702026367,285600,0.0,0.0
2018-07-31 00:00:00-04:00,51.57849224946232,53.82274605417125,51.57849224946232,53.11403274536133,448900,0.0,0.0
2018-08-01 00:00:00-04:00,52.91717529296875,54.058992999739,52.79906139901646,52.91717529296875,424300,0.0,0.0
2018-08-02 00:00:00-04:00,52.75968010370265,55.145676615796866,52.75968010370265,54.68894958496094,349600,0.0,0.0
2018-08-03 00:00:00-04:00,54.96456587653213,55.555159323595895,54.33459712986656,55.16143035888672,244500,0.0,0.0
2018-08-06 00:00:00-04:00,55.27956008911133,55.712664477580994,54.767717094520386,55.27956008911133,196600,0.0,0.0
2018-08-07 00:00:00-04:00,55.279548649888106,55.94889274952728,55.12205945457754,55.358299255371094,169500,0.0,0.0
2018-08-08 00:00:00-04:00,55.27956171755047,55.59454619045921,54.76771870788153,55.24019241333008,192300,0.0,0.0
2018-08-09 00:00:00-04:00,55.47643675094168,56.10640581586596,54.61023379254348,54.846473693847656,230300,0.0,0.0
2018-08-10 00:00:00-04:00,54.57083690077859,55.791393086433686,54.29522181927617,55.082679748535156,195700,0.0,0.0
2018-08-13 00:00:00-04:00,55.12207197106403,55.200816586599736,53.78339548346982,54.33461380004883,200100,0.0,0.0
2018-08-14 00:00:00-04:00,54.53146608905746,56.57885567206303,54.45272149121642,55.98826217651367,313600,0.0,0.0
2018-08-15 00:00:00-04:00,55.71264970861229,56.05125686588232,54.61020738207075,55.55516052246094,253500,0.0,0.0
2018-08-16 00:00:00-04:00,55.83078551986259,56.106394678119116,54.05900463529041,54.37398910522461,211200,0.0,0.0
2018-08-17 00:00:00-04:00,54.29523205028245,55.43704986756032,53.84638118633966,55.397674560546875,204100,0.0,0.0
2018-08-20 00:00:00-04:00,55.555166630527104,56.421369265249744,55.24018221576578,56.26387405395508,290500,0.0,0.0
2018-08-21 00:00:00-04:00,56.50010944484794,56.578854040418115,55.71265147349118,56.0670051574707,196500,0.0,0.0
2018-08-22 00:00:00-04:00,56.106394098160116,56.42137856483839,55.12207139468362,55.51580047607422,146200,0.0,0.0
2018-08-23 00:00:00-04:00,55.47641922612185,56.342627918717795,55.22443288131985,56.106388092041016,263500,0.0,0.0
2018-08-24 00:00:00-04:00,56.185363188876394,56.343295738878766,55.43516851451367,55.67207336425781,215400,0.2,0.0
2018-08-27 00:00:00-04:00,55.8694740930106,55.90896023018028,54.05322022850137,54.211158752441406,278100,0.0,0.0
2018-08-28 00:00:00-04:00,54.32961876784271,55.47464460967689,53.97426155763453,55.07980728149414,254400,0.0,0.0
2018-08-29 00:00:00-04:00,55.23774023268227,56.10638718123497,54.653382669351906,55.75102996826172,211900,0.0,0.0
2018-08-30 00:00:00-04:00,55.829998726096484,55.948451135717704,55.09560101613273,55.474647521972656,192000,0.0,0.0
2018-08-31 00:00:00-04:00,55.27724274637569,56.066917642752486,55.19827646168628,56.02743148803711,197600,0.0,0.0
2018-09-04 00:00:00-04:00,55.83001508172916,56.580209879276296,55.07982630892361,56.501243591308594,221100,0.0,0.0
2018-09-05 00:00:00-04:00,56.38278260626582,56.38278260626582,54.68498056080182,55.4351692199707,197000,0.0,0.0
2018-09-06 00:00:00-04:00,55.47466147046989,56.066917642752486,55.11931017699686,56.02743148803711,204200,0.0,0.0
2018-09-07 00:00:00-04:00,55.86949228353582,56.73813336144126,55.103506761061006,55.63258743286133,265200,0.0,0.0
2018-09-10 00:00:00-04:00,55.908972810338916,56.34329029323846,55.31671676796134,55.55361557006836,240600,0.0,0.0
2018-09-11 00:00:00-04:00,55.514137245997304,58.001607884721764,55.514137245997304,57.21193313598633,333700,0.0,0.0
2018-09-12 00:00:00-04:00,57.17245301339368,57.409351823170184,56.066907160216026,57.21193313598633,159000,0.0,0.0
2018-09-13 00:00:00-04:00,57.29090411863706,57.29090411863706,56.61967577779152,56.935546875,112000,0.0,0.0
2018-09-14 00:00:00-04:00,56.9355410438178,57.014507303847395,56.1063862763979,56.14586639404297,108200,0.0,0.0
2018-09-17 00:00:00-04:00,55.98792722892898,56.145859730243586,54.68496300649789,54.8428955078125,160600,0.0,0.0
2018-09-18 00:00:00-04:00,54.56653036614981,54.88240150783373,53.73737539706306,54.48756408691406,191000,0.0,0.0
2018-09-19 00:00:00-04:00,54.32962366777155,55.11929839535695,53.81633388989303,54.64548873901367,315600,0.0,0.0
2018-09-20 00:00:00-04:00,55.040327946633056,56.38277864334377,54.64549056961348,56.185359954833984,240700,0.0,0.0
2018-09-21 00:00:00-04:00,56.38277142538654,57.29089848122385,56.3038051650397,56.85657501220703,492400,0.0,0.0
2018-09-24 00:00:00-04:00,56.61967939922409,57.21193548509355,55.000849712691846,55.395687103271484,232000,0.0,0.0
2018-09-25 00:00:00-04:00,55.43517509495191,56.30382229729956,54.52705378752878,56.066917419433594,236800,0.0,0.0
2018-09-26 00:00:00-04:00,56.3038051650397,57.409344859374364,55.94844795636972,56.85657501220703,276300,0.0,0.0
2018-09-27 00:00:00-04:00,56.896070553810986,56.896070553810986,54.44807390548098,54.52704620361328,218300,0.0,0.0
2018-09-28 00:00:00-04:00,54.48754594490547,55.67205781327298,54.48754594490547,54.96134948730469,251300,0.0,0.0
2018-10-01 00:00:00-04:00,55.01664095271108,55.830005019190494,54.219073755823,54.440181732177734,257100,0.0,0.0
2018-10-02 00:00:00-04:00,54.41648209599925,54.44806377969031,52.93188992346669,53.208274841308594,205200,0.0,0.0
2018-10-03 00:00:00-04:00,53.579421569282104,54.155886690693336,53.437279897203936,53.705772399902344,197600,0.0,0.0
2018-10-04 00:00:00-04:00,53.697883738293754,53.982167134181594,52.46599303927332,52.82924270629883,252000,0.0,0.0
2018-10-05 00:00:00-04:00,52.98718792242022,54.606023979278255,52.868735475011285,53.816349029541016,345300,0.0,0.0
2018-10-08 00:00:00-04:00,53.753158928768464,55.0877111578002,53.06613974094489,54.44807052612305,219200,0.0,0.0
2018-10-09 00:00:00-04:00,54.51124954223633,55.50624146004597,54.14799986345451,54.51124954223633,202700,0.0,0.0
2018-10-10 00:00:00-04:00,54.463865162968894,54.64548697058148,51.21830165564632,51.27357864379883,332300,0.0,0.0
2018-10-11 00:00:00-04:00,51.28936881363879,52.67919795789343,50.80766676974496,51.51048278808594,339000,0.0,0.0
2018-10-12 00:00:00-04:00,52.529163388420244,53.010865483207304,51.44731280237423,52.45809555053711,265700,0.0,0.0
2018-10-15 00:00:00-04:00,52.402808254312255,53.32672611358324,51.715789166148596,52.82133483886719,193400,0.0,0.0
2018-10-16 00:00:00-04:00,53.121427418019806,53.29515685849334,52.007988951403235,53.15301513671875,344200,0.0,0.0
2018-10-17 00:00:00-04:00,53.121420355025194,53.121420355025194,50.45232173963002,51.328861236572266,266000,0.0,0.0
2018-10-18 00:00:00-04:00,51.23409939423697,52.221192904624296,50.47601230122839,51.55786895751953,334300,0.0,0.0
2018-10-19 00:00:00-04:00,51.56575682690473,52.77395807210452,51.1551226368662,52.07904052734375,267200,0.0,0.0
2018-10-22 00:00:00-04:00,52.41071134392358,53.93478373660495,51.95269857778851,53.247764587402344,390100,0.0,0.0
2018-10-23 00:00:00-04:00,52.55285147648312,53.99795153767886,51.7157922329948,53.8795051574707,284600,0.0,0.0
2018-10-24 00:00:00-04:00,53.79264514815307,54.637596874101135,51.739486016176,51.952701568603516,286700,0.0,0.0
2018-10-25 00:00:00-04:00,54.26642578310679,59.454586355007386,52.91608328080253,58.396419525146484,650000,0.0,0.0
2018-10-26 00:00:00-04:00,57.48831778127319,60.32324692488234,57.132960568666824,59.85734176635742,417600,0.0,0.0
2018-10-29 00:00:00-04:00,60.48118590406231,62.092123108865735,58.0253029867715,58.85445785522461,431400,0.0,0.0
2018-10-30 00:00:00-04:00,58.91764170632079,59.73890428257098,58.44383799591442,59.28089141845703,392100,0.0,0.0
2018-10-31 00:00:00-04:00,59.423030562595024,59.423030562595024,57.788403916347825,58.751808166503906,378500,0.0,0.0
2018-11-01 00:00:00-04:00,58.88605755881718,59.03609771902574,57.93055164456251,58.60967254638672,309900,0.0,0.0
2018-11-02 00:00:00-04:00,59.07555547318138,59.95209476969357,58.19901617666918,59.21769714355469,304700,0.0,0.0
2018-11-05 00:00:00-05:00,59.209811454800175,60.18110795863079,58.56227844399982,59.565162658691406,274500,0.0,0.0
2018-11-06 00:00:00-05:00,59.952114067697266,60.41012693352327,58.830777209771036,59.24140548706055,292800,0.0,0.0
2018-11-07 00:00:00-05:00,59.502003763884986,60.678617702751154,59.08347702202436,59.7704963684082,235800,0.0,0.0
2018-11-08 00:00:00-05:00,59.76259637948826,60.13374454462412,59.375657367316144,59.67573165893555,226800,0.0,0.0
2018-11-09 00:00:00-05:00,59.446723665896954,59.809973385671555,58.704427354982116,58.822879791259766,219200,0.0,0.0
2018-11-12 00:00:00-05:00,58.71231382210536,58.71231382210536,57.07768740396919,57.4172477722168,222800,0.0,0.0
2018-11-13 00:00:00-05:00,57.51201161461478,59.69150951579069,57.219829797727996,59.48619842529297,314300,0.0,0.0
2018-11-14 00:00:00-05:00,59.78627262211817,62.40799246441596,59.78627262211817,61.95787811279297,340600,0.0,0.0
2018-11-15 00:00:00-05:00,61.6104112489348,62.368504186488806,60.71018266342106,61.33402633666992,279700,0.0,0.0
2018-11-16 00:00:00-05:00,61.09713595170424,61.49197331620468,59.288780099323425,60.20479965209961,400900,0.0,0.0
2018-11-19 00:00:00-05:00,60.212706490179585,60.67861175344108,59.25720065769777,59.849456787109375,283900,0.0,0.0
2018-11-20 00:00:00-05:00,59.1545478795664,60.01529060291668,58.22273128447884,59.462520599365234,309300,0.0,0.0
2018-11-21 00:00:00-05:00,59.81787605907085,62.47908274704144,59.81787605907085,62.25007629394531,261400,0.0,0.0
2018-11-23 00:00:00-05:00,61.61043143330472,63.14240262709386,61.594640586604534,62.43169403076172,85800,0.0,0.0
2018-11-26 00:00:00-05:00,63.05552443169112,64.01892854250862,62.73176093323437,63.97154998779297,243800,0.0,0.0
2018-11-27 00:00:00-05:00,63.703041430529744,64.97441787669763,63.63986602363905,64.39006042480469,311500,0.0,0.0
2018-11-28 00:00:00-05:00,64.42954094910327,64.95072902218921,63.023921272824374,64.24002075195312,354900,0.0,0.0
2018-11-29 00:00:00-05:00,63.560911746664246,64.80070072285368,63.45825620968942,64.08209991455078,333400,0.0,0.0
2018-11-30 00:00:00-05:00,63.63199670618106,64.54012392936298,63.43457800656502,64.21635437011719,463200,0.0,0.0
2018-12-03 00:00:00-05:00,64.74541661596035,65.75619910641969,62.38429132733372,65.5982666015625,267200,0.0,0.0
2018-12-04 00:00:00-05:00,65.64566176189328,66.6327552289148,63.766237969590826,64.24794006347656,191100,0.0,0.0
2018-12-06 00:00:00-05:00,63.68726673744425,64.94284663784025,61.78414778935934,64.82439422607422,261700,0.0,0.0
2018-12-07 00:00:00-05:00,65.0060122288039,65.811477662457,61.94207697809383,62.273738861083984,345500,0.0,0.0
2018-12-10 00:00:00-05:00,62.36875856424343,63.714622701126316,60.92789637444458,61.98875427246094,370400,0.2,0.0
2018-12-11 00:00:00-05:00,62.72501697236705,63.00210468282247,60.93581255047633,61.964996337890625,306400,0.0,0.0
2018-12-12 00:00:00-05:00,62.590416048401906,63.184177918954845,61.743316021348704,61.82248306274414,320000,0.0,0.0
2018-12-13 00:00:00-05:00,62.05206655492818,63.04958810578937,61.133718078942046,61.52164077758789,333100,0.0,0.0
2018-12-14 00:00:00-05:00,61.26829521788595,62.534985741645414,58.75866367392863,59.37617492675781,414600,0.0,0.0
2018-12-17 00:00:00-05:00,59.05159202419463,59.985777572267494,57.4523961063366,57.70573425292969,705300,0.0,0.0
2018-12-18 00:00:00-05:00,58.14117691948228,58.64785334247938,56.45488897539119,56.48655700683594,541300,0.0,0.0
2018-12-19 00:00:00-05:00,56.63697115576393,58.331171353608276,56.43905051545446,56.985313415527344,571400,0.0,0.0
2018-12-20 00:00:00-05:00,57.05656813882375,57.507827006099454,55.23569563434465,55.65529251098633,294700,0.0,0.0
2018-12-21 00:00:00-05:00,55.465280955791535,57.2148987748587,53.07440216432234,53.264404296875,1300900,0.0,0.0
2018-12-24 00:00:00-05:00,52.79731145360769,53.7552466190414,51.52270205859509,51.56228256225586,232300,0.0,0.0
2018-12-26 00:00:00-05:00,51.97396793724741,54.11942722517796,51.823546298738314,53.95317459106445,420200,0.0,0.0
2018-12-27 00:00:00-05:00,53.21690578417779,53.834417250940916,50.620184780806476,52.6706428527832,536100,0.0,0.0
2018-12-28 00:00:00-05:00,52.67855494788312,54.776514807700465,52.65480543898897,54.151084899902344,390300,0.0,0.0
2018-12-31 00:00:00-05:00,54.31734941675412,54.855693883320995,53.22482948757115,54.428184509277344,201200,0.0,0.0
2019-01-02 00:00:00-05:00,48.11845734547445,54.56275187146255,48.11845734547445,54.20649719238281,386700,0.0,0.0
2019-01-03 00:00:00-05:00,53.64439846356389,54.67358190865674,52.733962540555424,54.00857162475586,300700,0.0,0.0
2019-01-04 00:00:00-05:00,54.53109185349303,55.655285664605884,53.897749437714964,54.839847564697266,357500,0.0,0.0
2019-01-07 00:00:00-05:00,54.83983951519764,55.44943837147247,52.78938491150035,54.20649719238281,406800,0.0,0.0
2019-01-08 00:00:00-05:00,54.372759029268344,54.681514747682606,52.97939601792536,53.810665130615234,351100,0.0,0.0
2019-01-09 00:00:00-05:00,53.91357856503828,55.9640394387937,53.79482497867188,55.02985382080078,410400,0.0,0.0
2019-01-10 00:00:00-05:00,54.673588028348135,55.251518874094764,53.27231275039195,55.1723518371582,292100,0.0,0.0
2019-01-11 00:00:00-05:00,54.86361148455344,55.6236261234662,54.04817326024571,55.25945281982422,280100,0.0,0.0
2019-01-14 00:00:00-05:00,54.934858454588976,57.57116312171081,54.721106797282005,56.629058837890625,385500,0.0,0.0
2019-01-15 00:00:00-05:00,56.65279077847175,57.80073388589594,50.90518088634093,57.016963958740234,349400,0.0,0.0
2019-01-16 00:00:00-05:00,57.175321999503886,58.24409236992844,56.94573330599562,57.67407989501953,211000,0.0,0.0
2019-01-17 00:00:00-05:00,57.54738889494117,58.560741282659464,57.05654368961533,58.117401123046875,325900,0.0,0.0
2019-01-18 00:00:00-05:00,58.25200590457971,58.99618342533197,57.46823579859665,57.903663635253906,327000,0.0,0.0
2019-01-22 00:00:00-05:00,57.515733443469294,58.117413820149366,55.92444996569738,56.36779022216797,255100,0.0,0.0
2019-01-23 00:00:00-05:00,56.6448887301439,57.98282812913561,56.431131059733325,57.31781768798828,286800,0.0,0.0
2019-01-24 00:00:00-05:00,57.484067574704405,57.753236729065634,56.4390469023723,57.10405731201172,381800,0.0,0.0
2019-01-25 00:00:00-05:00,57.53949378640679,57.89574855386087,56.53405950399563,56.77156066894531,252100,0.0,0.0
2019-01-28 00:00:00-05:00,56.423205420889126,57.143639347918835,55.55235593595321,56.7398796081543,314400,0.0,0.0
2019-01-29 00:00:00-05:00,56.76366378757935,57.10408768981709,55.394055698155526,56.38365936279297,281100,0.0,0.0
2019-01-30 00:00:00-05:00,56.39946207740051,57.11197756659909,55.85320523573026,56.79530334472656,562800,0.0,0.0
2019-01-31 00:00:00-05:00,55.43360686346647,57.14364398956616,50.55684572766254,56.731971740722656,1004300,0.0,0.0
2019-02-01 00:00:00-05:00,57.33363422398344,58.06198053492913,55.37817785694211,57.357383728027344,658500,0.0,0.0
2019-02-04 00:00:00-05:00,56.993225892318414,59.597862243598975,56.54196707401501,59.58203125,437800,0.0,0.0
2019-02-05 00:00:00-05:00,59.14659266544248,61.75122854289187,58.64783491701675,60.286617279052734,506600,0.0,0.0
2019-02-06 00:00:00-05:00,60.23913685207812,61.6008321327504,59.52662721736073,60.95165252685547,348500,0.0,0.0
2019-02-07 00:00:00-05:00,60.80122406320559,61.41873550415038,59.494946608867664,61.41873550415039,275300,0.0,0.0
2019-02-08 00:00:00-05:00,61.34748672499947,62.62209627195577,60.278716357815924,62.155006408691406,361900,0.0,0.0
2019-02-11 00:00:00-05:00,62.36081576775388,63.825432940626555,60.65078504037455,63.25542068481445,454000,0.0,0.0
2019-02-12 00:00:00-05:00,63.34251494945734,64.11044789762504,61.909565597905875,63.025840759277344,316500,0.0,0.0
2019-02-13 00:00:00-05:00,63.239607514290945,64.50630457846077,60.31038414353153,61.53749465942383,401400,0.0,0.0
2019-02-14 00:00:00-05:00,61.57706625053855,61.85415392817784,60.5162145589886,61.268310546875,325600,0.0,0.0
2019-02-15 00:00:00-05:00,61.59289687158462,62.73291548948686,60.381617652473274,61.12580108642578,374500,0.0,0.0
2019-02-19 00:00:00-05:00,60.90413028039922,61.64039519035043,60.37370449582622,60.77745819091797,259100,0.0,0.0
2019-02-20 00:00:00-05:00,60.690385012299465,61.64040162230909,60.28662523501914,60.46079635620117,220100,0.0,0.0
2019-02-21 00:00:00-05:00,60.48453840714399,61.05455071888534,59.890776589089675,60.547874450683594,271600,0.0,0.0
2019-02-22 00:00:00-05:00,60.65081273984665,61.80666876865777,60.65081273984665,61.751251220703125,230600,0.0,0.0
2019-02-25 00:00:00-05:00,61.980834812522495,62.70126287644098,61.14165314420492,61.8779182434082,533100,0.0,0.0
2019-02-26 00:00:00-05:00,62.02040495053403,63.168348214371804,61.61665121916943,61.648319244384766,270400,0.0,0.0
2019-02-27 00:00:00-05:00,61.672061509181724,62.416238874126186,60.286617279052734,60.286617279052734,244600,0.0,0.0
2019-02-28 00:00:00-05:00,60.29454057650053,61.33164269249011,59.91453032847204,60.41328811645508,436000,0.0,0.0
2019-03-01 00:00:00-05:00,60.840799511486516,61.54539646016674,60.04911700375069,61.14955520629883,272800,0.0,0.0
2019-03-04 00:00:00-05:00,61.268319419267,61.90958042896003,60.48455529185784,61.53749465942383,326900,0.0,0.0
2019-03-05 00:00:00-05:00,61.71163834704143,62.677491805188076,61.0782960748544,61.941226959228516,194200,0.0,0.0
2019-03-06 00:00:00-05:00,62.14708105724538,62.74084297817448,61.32373046875,61.32373046875,211900,0.0,0.0
2019-03-07 00:00:00-05:00,61.094131991080864,61.94123195398216,60.761626818366175,61.371219635009766,186300,0.0,0.0
2019-03-08 00:00:00-05:00,61.189136743329634,61.91748314126451,60.32619973964299,61.71956253051758,206000,0.0,0.0
2019-03-11 00:00:00-04:00,61.830407603962726,63.2791881589022,61.57706942277593,63.057518005371094,237600,0.0,0.0
2019-03-12 00:00:00-04:00,63.06543669973093,63.06543669973093,61.458316001991484,61.86207580566406,232600,0.0,0.0
2019-03-13 00:00:00-04:00,62.00457731263168,62.20249795089213,61.236644269771766,61.402896881103516,240400,0.0,0.0
2019-03-14 00:00:00-04:00,61.450523628421614,61.879138195765954,60.3154904377711,60.672672271728516,269000,0.2,0.0
2019-03-15 00:00:00-04:00,60.78377590707427,61.33144486799817,59.53762146279909,59.7916145324707,448500,0.0,0.0
2019-03-18 00:00:00-04:00,59.79957060628057,61.49815710818667,59.79957060628057,61.267974853515625,265400,0.0,0.0
2019-03-19 00:00:00-04:00,61.35528671375601,61.88708397288168,60.86317229230656,61.16478729248047,210500,0.0,0.0
2019-03-20 00:00:00-04:00,61.188581869348276,62.887167949333985,60.78378433248407,62.014060974121094,290300,0.0,0.0
2019-03-21 00:00:00-04:00,62.014075575645194,66.19703288685984,62.014075575645194,65.90335083007812,441900,0.0,0.0
2019-03-22 00:00:00-04:00,65.7128673997281,65.7128673997281,62.657009972244666,62.70463180541992,380900,0.0,0.0
2019-03-25 00:00:00-04:00,62.831616464615934,64.411136130576,62.252191391108916,64.09364318847656,324800,0.0,0.0
2019-03-26 00:00:00-04:00,64.84769410428244,65.64936255007734,64.06984262892416,64.99850463867188,276200,0.0,0.0
2019-03-27 00:00:00-04:00,64.95087797643829,66.18909389730501,64.5302023651528,65.90335083007812,291300,0.0,0.0
2019-03-28 00:00:00-04:00,65.97478554502489,67.9591089137984,65.97478554502489,67.593994140625,259900,0.0,0.0
2019-03-29 00:00:00-04:00,67.91145981702147,68.92743209549806,67.14948060816403,68.6734390258789,480000,0.0,0.0
2019-04-01 00:00:00-04:00,69.26083088659657,71.21340453316654,68.7528445422373,69.18939208984375,398700,0.0,0.0
2019-04-02 00:00:00-04:00,69.19732891944865,69.19732891944865,66.70501910284187,67.6495590209961,476600,0.0,0.0
2019-04-03 00:00:00-04:00,68.10197623473393,68.64964533285,65.65728854195038,65.79222106933594,561300,0.0,0.0
2019-04-04 00:00:00-04:00,64.5778213717189,65.48267235987412,63.93490252636505,65.41123962402344,481900,0.0,0.0
2019-04-05 00:00:00-04:00,65.40329171044954,66.55419670594715,65.28423111126995,66.08589935302734,249900,0.0,0.0
2019-04-08 00:00:00-04:00,65.71284405337488,65.9588981782635,64.78418230233704,65.33979034423828,340400,0.0,0.0
2019-04-09 00:00:00-04:00,65.3398041703907,66.22878328121753,64.19683189299546,64.59369659423828,347600,0.0,0.0
2019-04-10 00:00:00-04:00,64.90323038770681,66.48275576740586,64.80004777752298,65.97476959228516,315300,0.0,0.0
2019-04-11 00:00:00-04:00,66.05413154271594,66.80817170690615,65.9033210876091,66.1890640258789,221600,0.0,0.0
2019-04-12 00:00:00-04:00,66.03036074144156,67.20507704048275,66.03036074144156,66.80821228027344,178600,0.0,0.0
2019-04-15 00:00:00-04:00,66.87963270271506,68.31628080196202,66.87963270271506,68.13372039794922,222800,0.0,0.0
2019-04-16 00:00:00-04:00,67.97497968220308,68.54646577161532,66.75263578111009,66.78438568115234,255800,0.0,0.0
2019-04-17 00:00:00-04:00,67.14154646530261,67.28441795574994,65.53027724594675,66.06208038330078,280500,0.0,0.0
2019-04-18 00:00:00-04:00,65.8398432988967,66.75263320899884,64.27620165786664,64.56987762451172,309700,0.0,0.0
2019-04-22 00:00:00-04:00,64.56989883015966,65.02232443948195,61.87121710101091,62.61732482910156,362500,0.0,0.0
2019-04-23 00:00:00-04:00,62.71256727803766,64.1412766942263,62.46650702385953,63.855533599853516,419300,0.0,0.0
2019-04-24 00:00:00-04:00,64.10952735463421,64.8476960123347,63.45866942407817,64.34764862060547,215300,0.0,0.0
2019-04-25 00:00:00-04:00,63.91902476347877,64.53813269896997,62.450626650077275,63.63328170776367,247800,0.0,0.0
2019-04-26 00:00:00-04:00,63.72852666442439,65.02230325232945,63.44278362999429,64.74449920654297,229300,0.0,0.0
2019-04-29 00:00:00-04:00,64.68895449511369,65.67317738325389,64.68895449511369,65.37950134277344,340500,0.0,0.0
2019-04-30 00:00:00-04:00,65.41124340183455,66.64152035048794,65.34774359585025,66.53833770751953,297000,0.0,0.0
2019-05-01 00:00:00-04:00,66.5303829086405,66.5303829086405,62.64904751135085,62.712547302246094,557100,0.0,0.0
2019-05-02 00:00:00-04:00,62.73634756325036,64.38730551231093,62.069611983345304,63.98250198364258,358200,0.0,0.0
2019-05-03 00:00:00-04:00,64.49844390504808,65.8160313796234,64.25238370689284,65.59378814697266,289300,0.0,0.0
2019-05-06 00:00:00-04:00,64.79212480924505,66.35577260124369,64.4111381115478,65.78428649902344,263900,0.0,0.0
2019-05-07 00:00:00-04:00,65.4271114698957,66.61770551140368,64.68100393273488,65.32392883300781,302600,0.0,0.0
2019-05-08 00:00:00-04:00,65.30803165528631,65.34772053393858,63.490391226255035,64.04600524902344,173600,0.0,0.0
2019-05-09 00:00:00-04:00,63.58567369975444,65.2525045164826,63.157059023051346,64.7762680053711,153000,0.0,0.0
2019-05-10 00:00:00-04:00,64.57782774337801,64.80007101774063,63.51422714448895,64.42701721191406,135600,0.0,0.0
2019-05-13 00:00:00-04:00,63.538028694837,63.919015342520915,61.990253028559565,62.918914794921875,221000,0.0,0.0
2019-05-14 00:00:00-04:00,63.466595972359,64.27620327340422,62.783988269781325,63.74440002441406,204200,0.0,0.0
2019-05-15 00:00:00-04:00,63.40309126253191,64.07776597970717,63.141165208408644,63.641212463378906,153200,0.0,0.0
2019-05-16 00:00:00-04:00,63.89519971181618,64.87148927874135,63.8316999233373,64.1491928100586,200100,0.0,0.0
2019-05-17 00:00:00-04:00,63.80792268487641,64.60165229265512,63.37930796999475,63.65711212158203,373700,0.0,0.0
2019-05-20 00:00:00-04:00,63.14117751346919,64.99850144160894,63.14117751346919,64.06983947753906,562100,0.0,0.0
2019-05-21 00:00:00-04:00,63.14116709422509,68.10197512941959,61.950573165778415,66.72882080078125,824500,0.0,0.0
2019-05-22 00:00:00-04:00,66.72088377968096,67.2209371200045,64.91118192398861,67.08599853515625,413700,0.0,0.0
2019-05-23 00:00:00-04:00,66.506595783682,66.56215660666551,64.07778544229512,65.37950134277344,412600,0.0,0.0
2019-05-24 00:00:00-04:00,65.89541714442332,67.08601133514098,64.88738339411279,65.52236938476562,240300,0.0,0.0
2019-05-28 00:00:00-04:00,65.80810100862097,67.41143157492681,65.80810100862097,66.14939880371094,265900,0.0,0.0
2019-05-29 00:00:00-04:00,65.87953747505402,66.22878033442437,63.60153201123524,64.1015853881836,247700,0.0,0.0
2019-05-30 00:00:00-04:00,64.31588718140019,65.58585290893612,64.20476555872044,65.30010986328125,215200,0.0,0.0
2019-05-31 00:00:00-04:00,64.6713673742143,64.82257613576719,63.342281038227725,63.43778610229492,269400,0.22,0.0
2019-06-03 00:00:00-04:00,63.43780322970912,64.44854569693568,62.474816343364296,64.33712005615234,346800,0.0,0.0
2019-06-04 00:00:00-04:00,64.93400432538337,68.01397474289767,64.55995643641734,67.7195053100586,376600,0.0,0.0
2019-06-05 00:00:00-04:00,67.98214191031042,69.77282117250931,66.92365004472988,69.08042907714844,280000,0.0,0.0
2019-06-06 00:00:00-04:00,69.22370915286156,70.6642097245771,68.6904798504358,70.47320556640625,341300,0.0,0.0
2019-06-07 00:00:00-04:00,70.98253409376422,70.98253409376422,68.73821613207599,70.31401062011719,213200,0.0,0.0
2019-06-10 00:00:00-04:00,70.7358067051333,71.32474557937675,70.00361932148563,70.5368423461914,217900,0.0,0.0
2019-06-11 00:00:00-04:00,70.95867975301047,71.09397411296254,69.02474518176321,69.35104370117188,226600,0.0,0.0
2019-06-12 00:00:00-04:00,69.32714287522371,69.9877060152197,67.69563267584289,67.84684753417969,421000,0.0,0.0
2019-06-13 00:00:00-04:00,68.05376656129563,68.58698955096717,66.35063224640659,67.17036437988281,352700,0.0,0.0
2019-06-14 00:00:00-04:00,66.65308116565943,68.88943931907141,66.65308116565943,68.50743103027344,262600,0.0,0.0
2019-06-17 00:00:00-04:00,68.64271320958088,71.10987038302126,68.64271320958088,70.12300872802734,335500,0.0,0.0
2019-06-18 00:00:00-04:00,70.7596820947681,71.17352525794644,69.42264146247743,71.09394073486328,183400,0.0,0.0
2019-06-19 00:00:00-04:00,71.24517216842776,71.24517216842776,69.51816257337482,69.78875732421875,165900,0.0,0.0
2019-06-20 00:00:00-04:00,69.71712217323595,70.44930968306178,68.65863014399625,69.78079223632812,186100,0.0,0.0
2019-06-21 00:00:00-04:00,69.09635958423137,70.21852176339111,68.00603243908095,69.486328125,412000,0.0,0.0
2019-06-24 00:00:00-04:00,69.49428493206544,70.0593430957197,68.4994629386083,68.77005767822266,377500,0.0,0.0
2019-06-25 00:00:00-04:00,68.77800899659204,68.92126360051562,66.33472652605352,66.46206665039062,349400,0.0,0.0
2019-06-26 00:00:00-04:00,66.51778406869796,67.36935151419478,64.65547400402006,65.43541717529297,340000,0.0,0.0
2019-06-27 00:00:00-04:00,65.73783100195504,66.62123334921077,65.18073315769968,66.4859390258789,365800,0.0,0.0
2019-06-28 00:00:00-04:00,66.55757834894189,69.10432667356082,66.50982882917629,67.88666534423828,607000,0.0,0.0
2019-07-01 00:00:00-04:00,68.83369903575115,69.54201157641691,67.91846188835653,68.99287414550781,317600,0.0,0.0
2019-07-02 00:00:00-04:00,68.92125957190153,69.57386249120468,68.73025546847184,69.49427795410156,189200,0.0,0.0
2019-07-03 00:00:00-04:00,69.82854197915304,69.97179658562959,69.41469871150493,69.57386779785156,134400,0.0,0.0
2019-07-05 00:00:00-04:00,69.19186731251192,69.97180442365257,68.53130399354741,69.25553131103516,289900,0.0,0.0
2019-07-08 00:00:00-04:00,68.88147217229397,69.43060974325616,67.60014105353031,67.62401580810547,353100,0.0,0.0
2019-07-09 00:00:00-04:00,67.249966860916,67.92644460312279,65.45132699384975,65.5945816040039,430000,0.0,0.0
2019-07-10 00:00:00-04:00,66.00045714923175,66.00045714923175,64.6952514451085,65.443359375,413200,0.0,0.0
2019-07-11 00:00:00-04:00,63.55719064071707,66.53369646850018,62.62603867346667,65.84925842285156,548200,0.0,0.0
2019-07-12 00:00:00-04:00,65.88109345074298,66.92366500003786,65.63437952916311,66.33473205566406,274600,0.0,0.0
2019-07-15 00:00:00-04:00,66.36658275160893,66.71676213345603,64.77486712054136,64.93403625488281,306000,0.0,0.0
2019-07-16 00:00:00-04:00,65.06134528956973,65.06134528956973,63.70839007928472,64.4326171875,277400,0.0,0.0
2019-07-17 00:00:00-04:00,63.9232796412209,64.5122125416115,62.506654141191696,62.848873138427734,500100,0.0,0.0
2019-07-18 00:00:00-04:00,62.88863587442006,62.93639143729381,61.32875642650802,61.34467697143555,401700,0.0,0.0
2019-07-19 00:00:00-04:00,61.273059397951464,62.64193509459941,60.85921622245584,60.88309097290039,385300,0.0,0.0
2019-07-22 00:00:00-04:00,60.81945393919923,62.68971862617323,59.74504708258977,62.498714447021484,429200,0.0,0.0
2019-07-23 00:00:00-04:00,63.12741170401058,63.53330069729869,61.949540024788156,62.96824264526367,361000,0.0,0.0
2019-07-24 00:00:00-04:00,63.00803969028318,65.56274165312296,62.331561998824675,65.4751968383789,513200,0.0,0.0
2019-07-25 00:00:00-04:00,63.19108472357275,67.33750143931228,63.19108472357275,66.04821014404297,833100,0.0,0.0
2019-07-26 00:00:00-04:00,66.24717923031955,66.86794713346244,65.06931348382051,65.94475555419922,364800,0.0,0.0
2019-07-29 00:00:00-04:00,65.84130470176149,68.55517607504191,65.54683519143052,68.40396118164062,407900,0.0,0.0
2019-07-30 00:00:00-04:00,68.02988725218032,68.65065499818557,67.4250339811377,67.75929260253906,312700,0.0,0.0
2019-07-31 00:00:00-04:00,67.93439472260184,68.690456896989,66.5416441378492,67.01915740966797,301400,0.0,0.0
2019-08-01 00:00:00-04:00,66.89979241368225,68.35621337692199,65.53091627808503,66.03231048583984,254400,0.0,0.0
2019-08-02 00:00:00-04:00,65.76172393817914,68.30051211301715,65.69009965493416,68.11746215820312,272700,0.0,0.0
2019-08-05 00:00:00-04:00,66.7804115154095,67.45688923453643,65.92883808772179,67.13058471679688,322100,0.0,0.0
2019-08-06 00:00:00-04:00,67.28976279284711,69.71712483994793,66.93958350435702,69.60570526123047,293800,0.0,0.0
2019-08-07 00:00:00-04:00,68.81781488238192,68.81781488238192,63.74023897425343,64.55201721191406,596400,0.0,0.0
2019-08-08 00:00:00-04:00,65.20459741307816,66.45409329564075,64.33710968452024,65.52294158935547,292500,0.0,0.0
2019-08-09 00:00:00-04:00,65.1250205508989,65.57865908210746,64.64750726624423,64.77484130859375,182600,0.0,0.0
2019-08-12 00:00:00-04:00,64.35303215722037,64.66341606859682,63.45371544886176,64.36099243164062,322000,0.0,0.0
2019-08-13 00:00:00-04:00,63.87553146384142,64.44854989647196,60.787600148423834,62.275856018066406,529100,0.0,0.0
2019-08-14 00:00:00-04:00,61.392446100360914,64.34507665037411,60.82738801286185,63.509429931640625,627900,0.0,0.0
2019-08-15 00:00:00-04:00,63.71635419949669,65.68212334077512,63.12742130625869,65.32398986816406,344700,0.0,0.0
2019-08-16 00:00:00-04:00,65.56273822702133,66.52572506697203,62.777236995591586,62.83294677734375,304000,0.0,0.0
2019-08-19 00:00:00-04:00,63.652693467594325,65.1011540555335,62.90458538119431,63.85165786743164,281500,0.0,0.0
2019-08-20 00:00:00-04:00,63.628799308471365,63.628799308471365,60.970638398068175,61.08205795288086,354500,0.0,0.0
2019-08-21 00:00:00-04:00,61.99731091279946,62.99213295545699,61.296952308744956,62.81704330444336,343900,0.0,0.0
2019-08-22 00:00:00-04:00,63.33433702362915,63.90735535637869,61.702826830212295,63.20699691772461,301900,0.0,0.0
2019-08-23 00:00:00-04:00,62.83989051523431,62.83989051523431,60.81279648715871,61.05221939086914,279100,0.22,0.0
2019-08-26 00:00:00-04:00,61.547031646771835,62.145582892766505,60.884633473230984,61.00434494018555,210800,0.0,0.0
2019-08-27 00:00:00-04:00,61.60288853928002,62.337109848586245,61.18788965052267,61.55500030517578,196800,0.0,0.0
2019-08-28 00:00:00-04:00,61.54702628183898,62.105671627226734,60.86068709248968,61.379432678222656,159600,0.0,0.0
2019-08-29 00:00:00-04:00,62.001912790707586,63.055362441761176,61.66671956040876,62.6004638671875,167100,0.0,0.0
2019-08-30 00:00:00-04:00,62.79200841560238,63.047390004982866,61.86624634861228,62.02586364746094,168100,0.0,0.0
2019-09-03 00:00:00-04:00,62.0019204718899,62.377013500490385,61.10009950812009,62.08172607421875,245200,0.0,0.0
2019-09-04 00:00:00-04:00,62.48873953247505,62.48873953247505,61.17192584715912,61.83432388305664,243300,0.0,0.0
2019-09-05 00:00:00-04:00,62.440861372636235,63.566140585373155,61.682698931823,61.78644561767578,254100,0.0,0.0
2019-09-06 00:00:00-04:00,61.89019002535585,62.600470221102974,60.804816809405345,60.91654586791992,159000,0.0,0.0
2019-09-09 00:00:00-04:00,60.932505916596355,62.16951406341364,60.932505916596355,62.08172607421875,191300,0.0,0.0
2019-09-10 00:00:00-04:00,62.04980340357016,62.81594815545615,60.95644776256995,61.85826873779297,313300,0.0,0.0
2019-09-11 00:00:00-04:00,61.85828074375602,62.321155768491366,60.47761979173139,62.17750930786133,291100,0.0,0.0
2019-09-12 00:00:00-04:00,62.40095868853575,62.80796911389413,60.29405898643301,60.49357604980469,213100,0.0,0.0
2019-09-13 00:00:00-04:00,60.613289967337884,61.58693434814515,60.294067491933504,60.748966217041016,181100,0.0,0.0
2019-09-16 00:00:00-04:00,60.48558574074248,61.060195782201866,59.759340802571096,60.086551666259766,206400,0.0,0.0
2019-09-17 00:00:00-04:00,60.26213992943619,60.98837892701637,59.43214815450311,60.41376876831055,250100,0.0,0.0
2019-09-18 00:00:00-04:00,60.525479527687445,60.525479527687445,58.538291737538884,59.671546936035156,296800,0.0,0.0
2019-09-19 00:00:00-04:00,59.99876279106668,60.19029743911429,59.08098321564118,59.31242370605469,233100,0.0,0.0
2019-09-20 00:00:00-04:00,59.224641684346814,61.32355890421087,58.93733663897216,61.25173568725586,607200,0.0,0.0
2019-09-23 00:00:00-04:00,61.26769614313977,62.76008594481072,60.53347482319815,62.25730514526367,274500,0.0,0.0
2019-09-24 00:00:00-04:00,62.64035661354157,63.13516097338728,61.31556687858962,62.47276306152344,350100,0.0,0.0
2019-09-25 00:00:00-04:00,62.784013280983764,63.18304731392065,61.27566512358442,62.384979248046875,298500,0.0,0.0
2019-09-26 00:00:00-04:00,62.34509664034064,63.494310830817454,61.72259826322585,62.87181854248047,293800,0.0,0.0
2019-09-27 00:00:00-04:00,63.27883382883365,63.47036850868473,62.217401568932225,62.656341552734375,249600,0.0,0.0
2019-09-30 00:00:00-04:00,62.9516175677563,63.693821239001814,61.116064356832105,63.05537033081055,250000,0.0,0.0
2019-10-01 00:00:00-04:00,63.191036377926416,64.10881596843413,62.329121314382995,62.62440872192383,253200,0.0,0.0
2019-10-02 00:00:00-04:00,62.20142677668549,62.20142677668549,61.227782765651725,61.882198333740234,240100,0.0,0.0
2019-10-03 00:00:00-04:00,62.0019186242137,62.24133542406556,60.22222391030763,61.07615661621094,246900,0.0,0.0
2019-10-04 00:00:00-04:00,61.299634026285005,61.53905699027474,60.852717654868336,61.483192443847656,121900,0.0,0.0
2019-10-07 00:00:00-04:00,61.37144884919198,61.451254455404545,60.46962784153535,61.30760192871094,251800,0.0,0.0
2019-10-08 00:00:00-04:00,61.06816664725224,61.10807248666127,60.03068179915614,60.557403564453125,188300,0.0,0.0
2019-10-09 00:00:00-04:00,60.8128042165051,61.68270186102534,60.102523891005056,61.50712585449219,141400,0.0,0.0
2019-10-10 00:00:00-04:00,61.387375358721194,61.890161983001846,61.20382316951895,61.770450592041016,168600,0.0,0.0
2019-10-11 00:00:00-04:00,62.440854532075,63.11123498912645,61.85826815328102,62.536624908447266,182200,0.0,0.0
2019-10-14 00:00:00-04:00,62.568543334730585,62.568543334730585,61.35547635336,61.82633972167969,187900,0.0,0.0
2019-10-15 00:00:00-04:00,61.914138447586694,63.17508778770648,60.90857071278934,62.552589416503906,214900,0.0,0.0
2019-10-16 00:00:00-04:00,62.54458684079699,63.17506124597575,62.03382384473891,62.935638427734375,150300,0.0,0.0
2019-10-17 00:00:00-04:00,63.135178260722476,63.8693995721593,62.983543348377566,63.43046569824219,168400,0.0,0.0
2019-10-18 00:00:00-04:00,63.15910508768048,63.797561964179344,62.608436183919615,63.23891067504883,214200,0.0,0.0
2019-10-21 00:00:00-04:00,63.41449996323843,64.37218547948832,63.24690636786959,64.19660949707031,171600,0.0,0.0
2019-10-22 00:00:00-04:00,64.22854534569127,64.71536145160259,63.685858608436014,64.42806243896484,177200,0.0,0.0
2019-10-23 00:00:00-04:00,64.32429306564512,65.09043777558823,63.78160646833831,64.28439331054688,325500,0.0,0.0
2019-10-24 00:00:00-04:00,61.59490012450592,61.59490012450592,54.86718536946937,54.946990966796875,1666800,0.0,0.0
2019-10-25 00:00:00-04:00,54.66766709486247,55.88072797761376,53.981328013576665,54.70757293701172,677700,0.0,0.0
2019-10-28 00:00:00-04:00,54.67564807727826,57.38109849081118,54.67564807727826,56.64687728881836,444600,0.0,0.0
2019-10-29 00:00:00-04:00,56.6229276790407,56.95812089915491,55.89668889447507,56.319664001464844,217800,0.0,0.0
2019-10-30 00:00:00-04:00,56.15206729867709,56.726677256740444,55.68120399296233,56.6628303527832,249200,0.0,0.0
2019-10-31 00:00:00-04:00,56.76659889757091,57.14169199200711,55.71314893110965,55.952571868896484,354500,0.0,0.0
2019-11-01 00:00:00-04:00,56.36754549984412,56.559086220249334,55.83284135512593,56.447357177734375,282700,0.0,0.0
2019-11-04 00:00:00-05:00,56.814484690614805,56.98207830433373,56.0243926832253,56.599002838134766,214300,0.0,0.0
2019-11-05 00:00:00-05:00,56.559094707848914,58.47445348912208,56.19996036977739,58.26696014404297,256600,0.0,0.0
2019-11-06 00:00:00-05:00,58.243005251981835,58.36271058082346,57.43695486805299,57.843971252441406,266400,0.0,0.0
2019-11-07 00:00:00-05:00,58.13127049355536,58.33876987946971,56.31167641848898,56.69475173950195,188200,0.0,0.0
2019-11-08 00:00:00-05:00,56.42341266711057,56.95812292568047,55.80890290446049,56.806488037109375,274600,0.0,0.0
2019-11-11 00:00:00-05:00,56.4633187330018,57.46888625557769,56.23187825065151,57.28532791137695,208100,0.0,0.0
2019-11-12 00:00:00-05:00,57.1576448244681,57.19754457990934,56.42341747678108,57.01399230957031,194600,0.0,0.0
2019-11-13 00:00:00-05:00,56.78255837366378,57.18957489439663,56.27179517025607,56.830440521240234,208700,0.0,0.0
2019-11-14 00:00:00-05:00,56.75860696904365,57.30129353498528,56.60697207761425,56.990047454833984,163900,0.0,0.0
2019-11-15 00:00:00-05:00,57.40504518767708,57.81206166970003,56.870340961334975,57.724273681640625,129100,0.0,0.0
2019-11-18 00:00:00-05:00,57.71627737305429,58.187140658047774,57.47685453813887,57.915794372558594,162000,0.0,0.0
2019-11-19 00:00:00-05:00,57.93974943911986,58.179172331890506,57.23745162311749,57.27735137939453,146900,0.0,0.0
2019-11-20 00:00:00-05:00,57.28532069882073,58.05146525663385,57.157632983573066,57.64445495605469,225700,0.0,0.0
2019-11-21 00:00:00-05:00,57.85994594453219,59.21665948289306,57.580623285314054,58.66599655151367,199200,0.0,0.0
2019-11-22 00:00:00-05:00,58.9772403446668,59.03310487430765,58.22705429910933,58.26696014404297,188700,0.0,0.0
2019-11-25 00:00:00-05:00,58.60214897741999,59.17675906354571,58.362726078608524,58.37070846557617,217900,0.0,0.0
2019-11-26 00:00:00-05:00,58.626077837453295,59.400204815075135,58.330790468932555,58.570213317871094,174900,0.0,0.0
2019-11-27 00:00:00-05:00,58.59417490104836,59.248590683336666,58.195140738951146,58.64206314086914,188600,0.0,0.0
2019-11-29 00:00:00-05:00,58.801674710597915,59.208691263151145,58.522352013268495,58.578216552734375,97500,0.0,0.0
2019-12-02 00:00:00-05:00,58.56224201468286,58.8655118258982,57.9796556414756,58.65801239013672,125300,0.0,0.0
2019-12-03 00:00:00-05:00,58.16320365935155,58.47444974582257,57.29331231223427,57.74821090698242,151100,0.0,0.0
2019-12-04 00:00:00-05:00,58.083410483561345,59.08099586858755,57.867934719458,58.95330810546875,229000,0.0,0.0
2019-12-05 00:00:00-05:00,59.20070278987716,59.320414244650046,58.55426945839214,58.70589828491211,189000,0.0,0.0
2019-12-06 00:00:00-05:00,59.22463718029669,60.63722122742421,59.22463718029669,60.45366287231445,246600,0.0,0.0
2019-12-09 00:00:00-05:00,60.317588176304604,60.50167505878407,59.34911384138133,59.54120635986328,180100,0.22,0.0
2019-12-10 00:00:00-05:00,61.55021225797211,63.59921602890585,60.42165539236342,61.64625549316406,318200,0.0,0.0
2019-12-11 00:00:00-05:00,61.92638307842068,62.23853573121073,61.35810501548208,61.99040985107422,161500,0.0,0.0
2019-12-12 00:00:00-05:00,62.166517933885196,65.26404079755599,61.982430978074106,65.12797546386719,387400,0.0,0.0
2019-12-13 00:00:00-05:00,65.08794888101667,65.08794888101667,62.614737808243454,63.303070068359375,310300,0.0,0.0
2019-12-16 00:00:00-05:00,63.71125100104032,64.37557833776559,63.12696781110974,63.2230110168457,244800,0.0,0.0
2019-12-17 00:00:00-05:00,63.29505061233646,64.40759587892451,63.014914413287514,63.91135025024414,183900,0.0,0.0
2019-12-18 00:00:00-05:00,63.91937336925134,64.21552092153873,63.391111158119145,64.02342224121094,174100,0.0,0.0
2019-12-19 00:00:00-05:00,64.14346258089245,64.23951189139423,63.54316812990593,63.799293518066406,169600,0.0,0.0
2019-12-20 00:00:00-05:00,63.727264582851916,64.84780940046016,63.38309550129759,64.47962951660156,772700,0.0,0.0
2019-12-23 00:00:00-05:00,64.7437630773364,65.12795424870647,62.60671609783995,63.04692840576172,224000,0.0,0.0
2019-12-24 00:00:00-05:00,63.102949756578106,63.89534282856819,62.982895751589545,63.799293518066406,96400,0.0,0.0
2019-12-26 00:00:00-05:00,63.90336830247127,64.22352669428297,63.35910697485884,63.69527053833008,124400,0.0,0.0
2019-12-27 00:00:00-05:00,63.87933879296285,64.26352997197911,62.96689161262483,63.17499542236328,180100,0.0,0.0
2019-12-30 00:00:00-05:00,63.27104644020502,63.46313898160783,62.54268613984702,62.782806396484375,168100,0.0,0.0
2019-12-31 00:00:00-05:00,62.790811697727136,63.11897567152402,62.36660449765789,62.59071350097656,205100,0.0,0.0
2020-01-02 00:00:00-05:00,63.0309421161729,63.49517147287744,62.606734847861745,63.16700744628906,153900,0.0,0.0
2020-01-03 00:00:00-05:00,62.54269075699237,63.687252665971116,62.422630619810384,63.31907272338867,324300,0.0,0.0
2020-01-06 00:00:00-05:00,62.99891187603864,63.36709180391096,61.66225746488027,62.902862548828125,196900,0.0,0.0
2020-01-07 00:00:00-05:00,62.66273573154508,62.670741367156666,61.14999424602502,61.89435958862305,194800,0.0,0.0
2020-01-08 00:00:00-05:00,61.93439065184582,63.046936119150175,61.52619473380736,62.014434814453125,217500,0.0,0.0
2020-01-09 00:00:00-05:00,62.054452616008284,62.45464901477683,60.59773796875128,60.64575958251953,164000,0.0,0.0
2020-01-10 00:00:00-05:00,60.45365933003339,60.86186131466942,59.98143057068931,60.053462982177734,543700,0.0,0.0
2020-01-13 00:00:00-05:00,60.07748058381123,60.83785739468107,59.309104241767514,60.813846588134766,253300,0.0,0.0
2020-01-14 00:00:00-05:00,60.5817119336288,61.24603308582434,60.28556450219707,60.445640563964844,232800,0.0,0.0
2020-01-15 00:00:00-05:00,60.36562235832593,61.366113339231006,59.16503318123983,61.254058837890625,230400,0.0,0.0
2020-01-16 00:00:00-05:00,61.59020244040847,61.99840433853984,60.70176624792216,61.029930114746094,232200,0.0,0.0
2020-01-17 00:00:00-05:00,61.310084953966886,61.310084953966886,60.181534323777136,60.25356674194336,309700,0.0,0.0
2020-01-21 00:00:00-05:00,60.08548080493796,60.49368279896389,59.0449678339736,59.62925720214844,230700,0.0,0.0
2020-01-22 00:00:00-05:00,59.72530275666874,60.36561322364717,59.50919331784857,59.789329528808594,201200,0.0,0.0
2020-01-23 00:00:00-05:00,59.81334690769301,60.253559212225255,59.44516090581385,59.70128631591797,249400,0.0,0.0
2020-01-24 00:00:00-05:00,59.789346901936526,59.789346901936526,56.819889989895486,57.07601547241211,223500,0.0,0.0
2020-01-27 00:00:00-05:00,56.25961758740022,57.48421774547785,56.25961758740022,56.79587936401367,601300,0.0,0.0
2020-01-28 00:00:00-05:00,57.06801662261874,57.164059863140324,56.371672596271,56.70783615112305,293400,0.0,0.0
2020-01-29 00:00:00-05:00,56.48372236265569,57.08401699146662,56.08352594344841,56.291629791259766,454500,0.0,0.0
2020-01-30 00:00:00-05:00,52.553795103954776,53.61831290573844,50.50478534746834,51.72938537597656,1224200,0.0,0.0
2020-01-31 00:00:00-05:00,51.35319159272561,52.073540039740124,49.69637611961726,50.18461608886719,534600,0.0,0.0
2020-02-03 00:00:00-05:00,50.25665482795716,50.624834711257684,49.560311029632174,49.840450286865234,429100,0.0,0.0
2020-02-04 00:00:00-05:00,50.304688973005405,50.680874586345375,49.16012696298737,49.28819274902344,342300,0.0,0.0
2020-02-05 00:00:00-05:00,49.71239360531982,50.040554506823256,49.1841345186739,49.52029800415039,293000,0.0,0.0
2020-02-06 00:00:00-05:00,49.67237662109735,49.71239564911993,47.74343015915026,48.079593658447266,737400,0.0,0.0
2020-02-07 00:00:00-05:00,47.9195114072007,49.25616884052144,47.59935615038117,49.16812515258789,338300,0.0,0.0
2020-02-10 00:00:00-05:00,48.87198275088207,49.65636728489547,48.471786373124864,49.18413543701172,500200,0.0,0.0
2020-02-11 00:00:00-05:00,49.29618993426277,49.67237550639648,49.05607271825966,49.18413543701172,241600,0.0,0.0
2020-02-12 00:00:00-05:00,49.39224129249201,50.03255495214083,49.00805309670272,49.84846496582031,262400,0.0,0.0
2020-02-13 00:00:00-05:00,49.65636999351745,50.37672168082004,49.27218181630482,50.072574615478516,229700,0.0,0.0
2020-02-14 00:00:00-05:00,50.12860122991858,50.12860122991858,49.256172967779435,49.41625213623047,286200,0.0,0.0
2020-02-18 00:00:00-05:00,49.488282985381844,49.848457264173184,49.14411387400958,49.256168365478516,406200,0.0,0.0
2020-02-19 00:00:00-05:00,49.36021895117976,49.7123937118692,48.50379896119483,48.59184265136719,336200,0.0,0.0
2020-02-20 00:00:00-05:00,48.591851236242036,49.41625798266064,48.20766301846001,48.63187026977539,232600,0.0,0.0
2020-02-21 00:00:00-05:00,48.679888096605005,48.679888096605005,47.959533381274625,48.3597297668457,488400,0.0,0.0
2020-02-24 00:00:00-05:00,47.239183902016215,47.87949753786616,46.68691396358119,47.66339111328125,394200,0.0,0.0
2020-02-25 00:00:00-05:00,47.695406124971676,48.215662655920845,46.975051398004545,47.06309509277344,452600,0.0,0.0
2020-02-26 00:00:00-05:00,47.279197146160826,47.903502483060514,44.97406528592645,44.98207092285156,263700,0.0,0.0
2020-02-27 00:00:00-05:00,44.285721651852924,47.10310076610415,43.733448833346245,44.94204330444336,506000,0.0,0.0
2020-02-28 00:00:00-05:00,44.06162121281625,45.79847510490406,43.84551479933494,44.91804122924805,407600,0.0,0.0
2020-03-02 00:00:00-05:00,45.06211090825107,45.43829647523765,44.10163900412415,45.27821731567383,344700,0.0,0.0
2020-03-03 00:00:00-05:00,45.17417255517519,45.31824351626389,42.81301602754075,43.757476806640625,409800,0.0,0.0
2020-03-04 00:00:00-05:00,44.25371938590904,44.25371938590904,42.268745575056954,43.173187255859375,382400,0.0,0.0
2020-03-05 00:00:00-05:00,42.99710849876146,43.07714656919692,41.98060912729651,42.781002044677734,575300,0.0,0.0
2020-03-06 00:00:00-05:00,41.94057985899718,42.356781387620536,40.01163352088229,41.24423599243164,481700,0.0,0.0
2020-03-09 00:00:00-04:00,39.6274418566002,42.837018343885255,39.6274418566002,41.116172790527344,487900,0.0,0.0
2020-03-10 00:00:00-04:00,42.14868465518356,43.26923579460681,40.427838916767044,42.42081832885742,480600,0.0,0.0
2020-03-11 00:00:00-04:00,41.78849827315076,41.81251212814596,39.275265915882976,39.683467864990234,284400,0.0,0.0
2020-03-12 00:00:00-04:00,37.80220267386491,39.08853755280499,36.62038039536952,36.78921127319336,435600,0.22,0.0
2020-03-13 00:00:00-04:00,37.94692035561077,40.39899824253075,35.75210947583136,40.31056213378906,570500,0.0,0.0
2020-03-16 00:00:00-04:00,36.99824835865695,39.12874102473493,36.66058348365986,38.38909912109375,441100,0.0,0.0
2020-03-17 00:00:00-04:00,39.08050466159506,43.823867861762004,35.24561425252671,42.537532806396484,1387400,0.0,0.0
2020-03-18 00:00:00-04:00,40.93764591280035,42.899310476126594,36.395273288569804,36.958045959472656,756200,0.0,0.0
2020-03-19 00:00:00-04:00,36.96609480320176,38.863441631527266,35.40641290091879,37.826332092285156,613000,0.0,0.0
2020-03-20 00:00:00-04:00,38.2845813928647,39.85230429499432,33.468861823307506,33.77436447143555,572500,0.0,0.0
2020-03-23 00:00:00-04:00,34.03967220511633,34.65068055769537,29.931435428606072,32.68098068237305,418100,0.0,0.0
2020-03-24 00:00:00-04:00,34.32105280855162,36.41135074079517,34.32105280855162,35.36620330810547,482400,0.0,0.0
2020-03-25 00:00:00-04:00,35.2777702567963,36.72489783204087,34.103986172989636,34.42557144165039,372100,0.0,0.0
2020-03-26 00:00:00-04:00,35.052663200577875,36.55607097016764,34.16026996219543,35.37424850463867,445200,0.0,0.0
2020-03-27 00:00:00-04:00,34.055759060109665,34.586372739508036,31.804670816203394,32.16645050048828,351900,0.0,0.0
2020-03-30 00:00:00-04:00,32.592547588653865,34.84363555908203,32.02977482933063,34.84363555908203,443400,0.0,0.0
2020-03-31 00:00:00-04:00,34.570280243969954,36.28271591477691,34.570280243969954,35.22148895263672,409600,0.0,0.0
2020-04-01 00:00:00-04:00,33.88692283940285,34.56224951378875,32.83373389873415,33.0668830871582,331800,0.0,0.0
2020-04-02 00:00:00-04:00,32.72921931820611,35.17325908557106,32.72921931820611,35.01246643066406,556900,0.0,0.0
2020-04-03 00:00:00-04:00,33.36434426206512,34.12006565453227,29.818880331831085,32.79353332519531,948200,0.0,0.0
2020-04-06 00:00:00-04:00,33.830642912628505,37.78612518310547,33.830642912628505,37.78612518310547,732800,0.0,0.0
2020-04-07 00:00:00-04:00,38.91971635986934,40.49547774540377,37.91476602722774,40.19801330566406,732100,0.0,0.0
2020-04-08 00:00:00-04:00,40.736650101905965,42.127503545230525,40.061326673050885,41.66120529174805,440400,0.0,0.0
2020-04-09 00:00:00-04:00,42.21593705635216,44.39467092553559,41.85415752007759,43.89621353149414,799900,0.0,0.0
2020-04-13 00:00:00-04:00,43.70328006263368,43.70328006263368,37.71377553441672,38.66244888305664,576300,0.0,0.0
2020-04-14 00:00:00-04:00,39.313652593185324,40.672344143700634,39.18501909175704,39.54679870605469,267400,0.0,0.0
2020-04-15 00:00:00-04:00,38.26046696465053,38.702644471956,36.86961615308578,36.893733978271484,312600,0.0,0.0
2020-04-16 00:00:00-04:00,37.18316015695504,39.78799261791145,36.19428945485872,37.41630935668945,338500,0.0,0.0
2020-04-17 00:00:00-04:00,39.00010374332408,39.79602560484126,38.31673887382511,39.6834716796875,346700,0.0,0.0
2020-04-20 00:00:00-04:00,39.19304750581476,39.49051182816267,37.4002171879314,37.87455368041992,239000,0.0,0.0
2020-04-21 00:00:00-04:00,36.821381405674124,37.79417263999869,35.98526195129004,36.1219367980957,227200,0.0,0.0
2020-04-22 00:00:00-04:00,36.91785446088334,36.94197535467018,36.330963826488286,36.41136169433594,259800,0.0,0.0
2020-04-23 00:00:00-04:00,36.81333980542608,37.19924034924553,36.017417825328856,36.877655029296875,348100,0.0,0.0
2020-04-24 00:00:00-04:00,37.20726770870235,37.44845816148114,36.37918989254477,36.78116989135742,466100,0.0,0.0
2020-04-27 00:00:00-04:00,37.44846015028993,41.58885251782933,37.44846015028993,41.31550598144531,478300,0.0,0.0
2020-04-28 00:00:00-04:00,42.73851970560204,43.65503374846721,41.267274285967,42.52949142456055,271800,0.0,0.0
2020-04-29 00:00:00-04:00,44.36251970979455,46.52517133061203,43.25305388440097,45.890045166015625,436800,0.0,0.0
2020-04-30 00:00:00-04:00,44.78861687998887,46.050834004181574,43.34148929898255,44.61174774169922,313400,0.0,0.0
2020-05-01 00:00:00-04:00,43.35756930317026,44.64390426208207,41.26727422822246,41.83808517456055,292900,0.0,0.0
2020-05-04 00:00:00-04:00,41.17884121248761,42.83499721291263,40.42311668395377,42.537532806396484,257400,0.0,0.0
2020-05-05 00:00:00-04:00,43.20481867714854,43.751508743293314,42.44105594130928,42.51341247558594,214400,0.0,0.0
2020-05-06 00:00:00-04:00,42.61793726938934,43.044038345010016,40.752749482374114,41.88633346557617,217900,0.0,0.0
2020-05-07 00:00:00-04:00,42.794795352759664,43.20481671735005,42.1194687524323,42.12751007080078,283900,0.0,0.0
2020-05-08 00:00:00-04:00,43.02794276539464,44.298198065016976,42.82695275045924,43.7193489074707,247100,0.0,0.0
2020-05-11 00:00:00-04:00,43.23697793166651,43.95250200832825,42.14359158522687,43.212860107421875,208700,0.0,0.0
2020-05-12 00:00:00-04:00,43.212870652845176,43.68720740222079,41.68534469604492,41.68534469604492,216400,0.0,0.0
2020-05-13 00:00:00-04:00,41.162763595834896,41.564743703085504,39.83622801516197,40.51155471801758,277200,0.0,0.0
2020-05-14 00:00:00-04:00,39.38600415089359,40.696456822653424,38.64635931102612,40.09348678588867,480100,0.0,0.0
2020-05-15 00:00:00-04:00,39.57895670625304,41.4763030977292,38.364978263226575,41.21903610229492,373200,0.0,0.0
2020-05-18 00:00:00-04:00,42.4812539873097,44.60370826956059,40.57586931122509,44.21780776977539,319200,0.0,0.0
2020-05-19 00:00:00-04:00,43.92034716333393,45.56846498167347,42.77068381683895,43.78367233276367,375400,0.0,0.0
2020-05-20 00:00:00-04:00,44.29820566708818,45.56042293214407,43.58268158182443,44.828819274902344,476100,0.0,0.0
2020-05-21 00:00:00-04:00,44.925291794295475,47.2728538428139,43.79170816215333,47.015586853027344,351300,0.0,0.0
2020-05-22 00:00:00-04:00,47.06382743296736,47.66679753926544,46.38850079123892,46.7100830078125,208000,0.0,0.0
2020-05-26 00:00:00-04:00,47.83562793148458,49.58826126743268,47.83562793148458,48.28584671020508,338200,0.0,0.0
2020-05-27 00:00:00-04:00,49.491785065298515,50.27966559854189,47.30501260283403,49.877685546875,454600,0.0,0.0
2020-05-28 00:00:00-04:00,48.0687736730993,48.824495040358286,45.15039773892156,46.28398132324219,621800,0.0,0.0
2020-05-29 00:00:00-04:00,45.327277483267444,46.08299897634178,43.5746439807081,44.2982063293457,631900,0.0,0.0
2020-06-01 00:00:00-04:00,43.7997469198753,45.34335194329325,43.188738578789,44.338401794433594,581000,0.0,0.0
2020-06-02 00:00:00-04:00,44.82077209219413,44.98960296402765,43.69522681290907,44.00877380371094,453000,0.0,0.0
2020-06-03 00:00:00-04:00,44.78861744625814,45.27099535726863,44.1454499651086,44.84489440917969,509400,0.0,0.0
2020-06-04 00:00:00-04:00,44.37055918904625,48.478796010562306,44.00877957818017,47.835628509521484,558400,0.0,0.0
2020-06-05 00:00:00-04:00,50.13541594556977,50.75676300117239,48.061570758624754,49.90140151977539,433700,0.22,0.0
2020-06-08 00:00:00-04:00,50.522754679999984,51.46687750206397,49.40917131084416,49.96596145629883,395000,0.0,0.0
2020-06-09 00:00:00-04:00,48.884655942604255,49.49793186439636,47.884044295395164,48.166473388671875,205100,0.0,0.0
2020-06-10 00:00:00-04:00,47.93247021105055,48.101927695937114,46.14105371868752,46.17333221435547,230400,0.0,0.0
2020-06-11 00:00:00-04:00,44.25279660599397,45.70529478081073,43.9542282720849,45.11622619628906,324400,0.0,0.0
2020-06-12 00:00:00-04:00,46.407335674982534,47.00447542971977,44.34156155750507,45.79405975341797,328300,0.0,0.0
2020-06-15 00:00:00-04:00,44.45453891866116,46.673634610941264,43.67987352486257,45.93931579589844,388400,0.0,0.0
2020-06-16 00:00:00-04:00,47.75493696603072,48.31979827285676,46.3589244843692,47.21428298950195,417600,0.0,0.0
2020-06-17 00:00:00-04:00,47.190078387598106,48.19875825158981,46.72205253139422,46.891510009765625,325200,0.0,0.0
2020-06-18 00:00:00-04:00,46.318581443329315,47.31112207848322,45.97159531743241,46.818885803222656,298200,0.0,0.0
2020-06-19 00:00:00-04:00,47.440235522733914,47.55320718312739,45.592333139878185,45.640750885009766,422500,0.0,0.0
2020-06-22 00:00:00-04:00,45.24534016119336,45.33410447473686,44.018785174016585,45.09202194213867,267400,0.0,0.0
2020-06-23 00:00:00-04:00,45.729505476588244,45.761783968643655,44.36577150883482,44.914493560791016,273600,0.0,0.0
2020-06-24 00:00:00-04:00,44.52715832712221,44.65626920966358,42.211230524803625,42.759952545166016,363000,0.0,0.0
2020-06-25 00:00:00-04:00,42.638911245308684,43.94615936178596,42.22737125468956,43.93809127807617,405600,0.0,0.0
2020-06-26 00:00:00-04:00,43.74442974113674,44.11562321045124,42.832585315852874,43.252193450927734,633700,0.0,0.0
2020-06-29 00:00:00-04:00,43.96229862058012,45.00325687949619,43.17149405219123,44.51102066040039,300100,0.0,0.0
2020-06-30 00:00:00-04:00,44.34155581027199,44.914485084016775,43.76055537591342,44.3334846496582,284700,0.0,0.0
2020-07-01 00:00:00-04:00,44.20438945634454,45.50356973365097,43.94616763357833,44.52716827392578,188700,0.0,0.0
2020-07-02 00:00:00-04:00,45.40673078931241,45.99579943016886,44.30928666126614,44.74503707885742,237600,0.0,0.0
2020-07-06 00:00:00-04:00,45.81827567089906,45.95545774061716,43.77670849920111,44.0994873046875,420500,0.0,0.0
2020-07-07 00:00:00-04:00,43.67986690685951,44.16403193506539,43.4297132312803,43.591102600097656,320200,0.0,0.0
2020-07-08 00:00:00-04:00,43.591105203907794,44.502952575683594,43.38129808843906,44.502952575683594,254600,0.0,0.0
2020-07-09 00:00:00-04:00,44.2285840791495,44.64012400031338,43.51847278092497,44.414180755615234,303500,0.0,0.0
2020-07-10 00:00:00-04:00,44.53523074718174,46.48803649880215,44.05913374427915,46.38313293457031,253500,0.0,0.0
2020-07-13 00:00:00-04:00,46.95606047017036,47.71458964223533,46.375063004408965,46.61714553833008,337300,0.0,0.0
2020-07-14 00:00:00-04:00,46.54451986308758,47.19007430453716,45.95545124287444,47.08517074584961,281900,0.0,0.0
2020-07-15 00:00:00-04:00,48.27138014484141,49.304267272484076,48.01315836293074,48.61836624145508,325000,0.0,0.0
2020-07-16 00:00:00-04:00,48.08578012247908,48.77975226795099,47.41601530544345,48.247169494628906,204400,0.0,0.0
2020-07-17 00:00:00-04:00,48.25524053296711,48.67485169495334,47.27077115123635,47.763004302978516,258200,0.0,0.0
2020-07-20 00:00:00-04:00,47.44022579557107,47.746862217124246,46.512239212761926,47.593544006347656,222100,0.0,0.0
2020-07-21 00:00:00-04:00,48.344004478451566,49.304266522943216,47.948600649398294,48.59415817260742,169300,0.0,0.0
2020-07-22 00:00:00-04:00,48.40856327508102,49.60283981255201,47.91632703040958,49.506004333496094,232600,0.0,0.0
2020-07-23 00:00:00-04:00,49.61090065281949,50.66799805798049,47.86790230151909,49.788429260253906,270600,0.0,0.0
2020-07-24 00:00:00-04:00,49.80457280116669,50.27259860899049,49.20743302898175,49.417240142822266,225400,0.0,0.0
2020-07-27 00:00:00-04:00,49.4656554387594,51.047264583612254,49.11866935068247,50.66800308227539,351000,0.0,0.0
2020-07-28 00:00:00-04:00,50.59536498758803,50.59536498758803,49.06217089653407,49.31232452392578,297600,0.0,0.0
2020-07-29 00:00:00-04:00,51.44266250534768,51.44266250534768,46.964125444060734,48.553802490234375,720800,0.0,0.0
2020-07-30 00:00:00-04:00,48.343998699733326,48.578013120011796,46.08455687331916,46.46382141113281,527100,0.0,0.0
2020-07-31 00:00:00-04:00,46.02807466693555,46.48803238244039,43.962297449789325,45.43093490600586,395100,0.0,0.0
2020-08-03 00:00:00-04:00,46.0038613412716,47.36759823427021,45.592321387599426,47.15779113769531,409300,0.0,0.0
2020-08-04 00:00:00-04:00,47.05289361668866,47.496712086611105,46.60100398502881,47.22235107421875,188200,0.0,0.0
2020-08-05 00:00:00-04:00,47.762997711755354,48.28751236141751,46.980264396019805,48.15840148925781,236300,0.0,0.0
2020-08-06 00:00:00-04:00,47.22234280713363,47.22234280713363,43.09079217756516,44.381900787353516,806300,0.0,0.0
2020-08-07 00:00:00-04:00,44.21244786992706,44.454530374178276,42.67925354592593,43.17148971557617,685500,0.0,0.0
2020-08-10 00:00:00-04:00,43.397431898870224,44.49487584103844,43.1634205615738,43.4216423034668,472200,0.0,0.0
2020-08-11 00:00:00-04:00,44.10754267804622,44.77730742902133,43.60723844414958,43.88159942626953,478400,0.0,0.0
2020-08-12 00:00:00-04:00,44.317352888036545,44.559438495383795,42.727675664051404,43.276397705078125,318000,0.0,0.0
2020-08-13 00:00:00-04:00,43.28446431058093,43.52654683141434,42.69539571452933,43.244117736816406,287300,0.0,0.0
2020-08-14 00:00:00-04:00,42.95361306239845,43.461988458630564,41.96914075692426,43.131141662597656,495900,0.0,0.0
2020-08-17 00:00:00-04:00,42.905196049969035,43.010099595319296,40.855561343735054,41.259033203125,453100,0.0,0.0
2020-08-18 00:00:00-04:00,41.51725637772758,41.51725637772758,40.45209087848788,40.734519958496094,466100,0.0,0.0
2020-08-19 00:00:00-04:00,40.79907222390197,41.016947379708554,38.765573847952986,39.4918212890625,590900,0.0,0.0
2020-08-20 00:00:00-04:00,39.10448952190303,39.41112897850974,38.0070456378334,38.08774185180664,363000,0.0,0.0
2020-08-21 00:00:00-04:00,37.795894263842975,38.72011771684973,37.22838771243089,37.6986083984375,387600,0.22,0.0
2020-08-24 00:00:00-04:00,37.893181389015034,38.7930810126458,37.755356918083784,38.49311447143555,312200,0.0,0.0
2020-08-25 00:00:00-04:00,38.5498640824617,38.57418786667102,37.82832136837307,38.29854202270508,346500,0.0,0.0
2020-08-26 00:00:00-04:00,37.99858204810693,38.68769837942331,37.08246738357409,37.14732360839844,297900,0.0,0.0
2020-08-27 00:00:00-04:00,37.13919307732012,37.42294467124017,36.26361142866326,36.80679702758789,329200,0.0,0.0
2020-08-28 00:00:00-04:00,36.952737308303284,37.86885161254205,36.94462835047533,37.836421966552734,325100,0.0,0.0
2020-08-31 00:00:00-04:00,37.844533610784886,38.0309994494679,36.84734512078714,37.366207122802734,315000,0.0,0.0
2020-09-01 00:00:00-04:00,37.147317564135264,38.144506213273445,36.79870652102248,37.7553596496582,326700,0.0,0.0
2020-09-02 00:00:00-04:00,37.82020706486238,37.86074257261935,36.912195609269,37.47970199584961,371000,0.0,0.0
2020-09-03 00:00:00-04:00,37.55267192017651,38.15260802628466,37.17974025315162,37.8931770324707,361500,0.0,0.0
2020-09-04 00:00:00-04:00,38.29042593854734,38.947112322090184,37.74724331064956,38.07963943481445,338800,0.0,0.0
2020-09-08 00:00:00-04:00,37.73912667351841,37.82020076819538,37.15540865514674,37.31755065917969,288000,0.0,0.0
2020-09-09 00:00:00-04:00,37.317564466692204,37.51213927324917,36.27173454601611,37.39052963256836,306100,0.0,0.0
2020-09-10 00:00:00-04:00,37.64185472141026,37.71481988717272,35.53397696574623,35.57451248168945,317900,0.0,0.0
2020-09-11 00:00:00-04:00,36.10148334258447,37.19596091901068,34.89350816778229,35.25022506713867,263700,0.0,0.0
2020-09-14 00:00:00-04:00,35.49343477420723,35.77718954248905,34.415175314188,34.496246337890625,353800,0.0,0.0
2020-09-15 00:00:00-04:00,34.72325775117214,34.72325775117214,33.628780155205206,34.034141540527344,287700,0.0,0.0
2020-09-16 00:00:00-04:00,34.23681152410637,35.34750050652642,33.531483800213735,35.07996368408203,482000,0.0,0.0
2020-09-17 00:00:00-04:00,34.61784794294005,35.12049497725581,33.84766102562134,33.99359130859375,348500,0.0,0.0
2020-09-18 00:00:00-04:00,34.23682116070662,34.34221598353419,32.615375670210476,33.385562896728516,776000,0.0,0.0
2020-09-21 00:00:00-04:00,32.74508001279068,33.62876762729438,32.30728913749656,33.56391143798828,321900,0.0,0.0
2020-09-22 00:00:00-04:00,33.71795835623616,34.107104894268325,33.07748665935202,33.92063903808594,374000,0.0,0.0
2020-09-23 00:00:00-04:00,33.70984153841247,35.26642718485295,33.46662232507797,33.523372650146484,439900,0.0,0.0
2020-09-24 00:00:00-04:00,33.215311870722076,33.91253392663463,32.57484015957805,33.20720291137695,293300,0.0,0.0
2020-09-25 00:00:00-04:00,33.101805552204475,33.30448620410092,32.4532249920068,33.09369659423828,361800,0.0,0.0
2020-09-28 00:00:00-04:00,33.59634373378323,33.91252814847166,32.728870791368884,33.0045166015625,365300,0.0,0.0
2020-09-29 00:00:00-04:00,32.95587389735583,33.07748042795946,31.934361721382736,32.672119140625,372200,0.0,0.0
2020-09-30 00:00:00-04:00,32.785615497622544,33.215300508738196,32.437004588915876,32.89101028442383,415600,0.0,0.0
2020-10-01 00:00:00-04:00,32.93155490866146,34.11521239032325,32.45322839630364,33.815242767333984,293900,0.0,0.0
2020-10-02 00:00:00-04:00,33.18287725627945,34.48003221794899,32.801836633249664,34.31789016723633,299500,0.0,0.0
2020-10-05 00:00:00-04:00,34.32598858666364,35.14481689872209,34.09087833440482,34.869171142578125,310600,0.0,0.0
2020-10-06 00:00:00-04:00,35.18536163578375,35.74475910940995,34.0989932417021,34.301673889160156,337500,0.0,0.0
2020-10-07 00:00:00-04:00,34.59353673788226,35.371832894104685,34.39896501832294,35.136722564697266,404700,0.0,0.0
2020-10-08 00:00:00-04:00,35.51776143129045,36.18255377599586,35.15293560976637,35.84204864501953,272900,0.0,0.0
2020-10-09 00:00:00-04:00,36.15011899842943,36.69330162801498,35.68800738760971,35.86636734008789,322600,0.0,0.0
2020-10-12 00:00:00-04:00,35.69611690461165,36.385233005271516,35.69611690461165,36.271732330322266,316100,0.0,0.0
2020-10-13 00:00:00-04:00,36.125793905949806,36.35279520494122,35.006996045979285,35.2339973449707,349200,0.0,0.0
2020-10-14 00:00:00-04:00,35.24211329613429,35.94744110989097,33.815239752433264,34.455711364746094,335600,0.0,0.0
2020-10-15 00:00:00-04:00,33.91253210165474,35.225902012659674,33.53959730839416,35.088077545166016,259500,0.0,0.0
2020-10-16 00:00:00-04:00,34.96646762925205,35.0880741672211,34.01792055125434,34.139530181884766,264000,0.0,0.0
2020-10-19 00:00:00-04:00,34.54488621162604,34.69081650900427,33.515268265751125,33.62876892089844,228100,0.0,0.0
2020-10-20 00:00:00-04:00,33.912528562618064,35.161039042707905,33.63688274905821,34.8610725402832,299300,0.0,0.0
2020-10-21 00:00:00-04:00,34.93404206761221,35.28265308401748,34.5692162257158,34.82054138183594,253100,0.0,0.0
2020-10-22 00:00:00-04:00,34.83675221671119,36.579804006405915,34.39896125658528,36.539268493652344,348800,0.0,0.0
2020-10-23 00:00:00-04:00,36.895992453658785,37.36621315176804,36.344703807063986,36.93653106689453,490200,0.0,0.0
2020-10-26 00:00:00-04:00,36.32037328428665,37.10677522674487,35.315078952795446,35.639366149902344,406500,0.0,0.0
2020-10-27 00:00:00-04:00,35.47721927371501,35.85015401654761,34.84485664145393,34.942142486572266,352500,0.0,0.0
2020-10-28 00:00:00-04:00,34.32597939317493,34.32597939317493,32.14513770457523,32.915321350097656,754400,0.0,0.0
2020-10-29 00:00:00-04:00,32.50187631731652,35.185369827802525,32.210015622198775,34.39896774291992,498700,0.0,0.0
2020-10-30 00:00:00-04:00,34.50436038708561,34.50436038708561,33.30449112180661,34.0989990234375,266700,0.0,0.0
2020-11-02 00:00:00-05:00,34.609752316376614,34.94214851279643,32.86670029814071,33.42609786987305,399200,0.0,0.0
2020-11-03 00:00:00-05:00,34.001702020139376,34.48813739695914,33.54769937963418,33.73416519165039,314800,0.0,0.0
2020-11-04 00:00:00-05:00,33.40987639691396,34.04224210508102,32.639689336202764,33.839561462402344,195300,0.0,0.0
2020-11-05 00:00:00-05:00,33.969271063597894,34.42327364522251,32.79372292123585,33.685516357421875,333200,0.0,0.0
2020-11-06 00:00:00-05:00,34.001702075762566,34.14763237978112,32.38836595962343,33.15044403076172,287900,0.0,0.0
2020-11-09 00:00:00-05:00,35.3880451823771,36.99327567063272,34.6178580404073,35.4691162109375,670100,0.0,0.0
2020-11-10 00:00:00-05:00,36.73384262534455,36.73384262534455,34.715141962767206,35.67179489135742,559600,0.0,0.0
2020-11-11 00:00:00-05:00,35.306961939071996,36.01228960183229,35.06374582356783,35.769073486328125,578200,0.0,0.0
2020-11-12 00:00:00-05:00,35.42858453495177,36.14202141568996,34.342215934174305,34.650291442871094,265800,0.0,0.0
2020-11-13 00:00:00-05:00,34.99889544285095,36.279838718970325,34.51246308815282,35.96365737915039,316500,0.0,0.0
2020-11-16 00:00:00-05:00,37.033813107990795,37.82832098125332,36.45009177552785,36.7581672668457,307400,0.0,0.0
2020-11-17 00:00:00-05:00,35.631255202087196,37.17162612712212,35.533969366097644,35.6636848449707,267300,0.0,0.0
2020-11-18 00:00:00-05:00,35.68800317402731,36.52304632083646,35.04753168634808,35.09617614746094,236000,0.0,0.0
2020-11-19 00:00:00-05:00,34.97457740329002,35.371832894104685,34.38275019291604,35.136722564697266,231500,0.0,0.0
2020-11-20 00:00:00-05:00,34.92593260769702,35.72044041904643,34.61785714038638,35.323184967041016,259700,0.0,0.0
2020-11-23 00:00:00-05:00,35.39615676958502,36.96085199647697,35.31508572792034,36.35280990600586,201200,0.0,0.0
2020-11-24 00:00:00-05:00,37.33377899626135,40.34966837173353,36.750060766531796,39.19844055175781,497000,0.0,0.0
2020-11-25 00:00:00-05:00,39.068711503355935,39.0849263225419,37.593196976699076,38.35527801513672,326400,0.0,0.0
2020-11-27 00:00:00-05:00,38.50121111153077,38.99574921590596,38.14449124866641,38.61471176147461,140000,0.0,0.0
2020-11-30 00:00:00-05:00,38.28232227318815,38.45257327744547,37.22027455073578,38.11206817626953,344600,0.0,0.0
2020-12-01 00:00:00-05:00,38.33096121201116,38.939003125108606,37.97424440301866,38.71200180053711,228800,0.0,0.0
2020-12-02 00:00:00-05:00,37.70670793377979,39.07683114954385,37.70670793377979,37.94181823730469,230600,0.0,0.0
2020-12-03 00:00:00-05:00,37.90939312767687,38.24178932005817,37.487820033693275,37.674285888671875,264000,0.0,0.0
2020-12-04 00:00:00-05:00,37.86885549094418,39.35247947396005,37.69860447105561,39.19033432006836,400200,0.0,0.0
2020-12-07 00:00:00-05:00,38.58765451118744,39.011158047647825,38.33518035287431,38.555076599121094,163000,0.22,0.0
2020-12-08 00:00:00-05:00,38.10714346326062,38.75868620958804,38.041987635227436,38.62023162841797,178500,0.0,0.0
2020-12-09 00:00:00-05:00,38.929706869488896,39.80929170991861,38.79939834944007,39.49166488647461,183900,0.0,0.0
2020-12-10 00:00:00-05:00,39.20661827130087,39.7848622146084,38.913423284046175,39.288063049316406,133600,0.0,0.0
2020-12-11 00:00:00-05:00,38.85641656142676,39.61383596938322,38.62023134673048,39.09260177612305,156100,0.0,0.0
2020-12-14 00:00:00-05:00,39.7930081085083,40.73774578262448,39.4753812423452,40.273521423339844,271900,0.0,0.0
2020-12-15 00:00:00-05:00,39.6219766594882,40.89248405757288,39.6219766594882,40.84362030029297,240300,0.0,0.0
2020-12-16 00:00:00-05:00,41.04723200783861,41.95939182160369,40.7703259617384,40.79475784301758,234200,0.0,0.0
2020-12-17 00:00:00-05:00,40.78661498507163,42.105989391923956,40.62372852707487,41.88609313964844,189000,0.0,0.0
2020-12-18 00:00:00-05:00,41.88609450341497,42.52134829280468,40.01290794246515,40.48527526855469,1013200,0.0,0.0
2020-12-21 00:00:00-05:00,39.68713570836101,40.99836725594567,39.68713570836101,40.87620162963867,257400,0.0,0.0
2020-12-22 00:00:00-05:00,40.90063854237106,41.26712922492477,40.28981659571343,40.583011627197266,182600,0.0,0.0
2020-12-23 00:00:00-05:00,40.70516251736226,41.83721837116154,40.70516251736226,41.780208587646484,207100,0.0,0.0
2020-12-24 00:00:00-05:00,41.78020434555813,43.400919316529944,41.75577247133239,43.27061080932617,210600,0.0,0.0
2020-12-28 00:00:00-05:00,43.49865788334565,43.824430764392865,42.71680669699287,42.920413970947266,241800,0.0,0.0
2020-12-29 00:00:00-05:00,43.058877461896984,43.09959830671016,41.772080746352785,42.431766510009766,197300,0.0,0.0
2020-12-30 00:00:00-05:00,42.36659675425268,43.42535382793049,42.04082391305948,42.12226867675781,190200,0.0,0.0
2020-12-31 00:00:00-05:00,42.02454639894859,43.57196315560637,41.7313544902311,43.40907669067383,187200,0.0,0.0
2021-01-04 00:00:00-05:00,43.547535971637686,44.09320211521317,42.56207415053367,43.78371810913086,328500,0.0,0.0
2021-01-05 00:00:00-05:00,43.66968493655054,45.06236097785746,42.98556440799987,44.687721252441406,313600,0.0,0.0
2021-01-06 00:00:00-05:00,45.48587317212922,46.81339374295035,44.647012024008426,45.567317962646484,453900,0.0,0.0
2021-01-07 00:00:00-05:00,45.722052351525264,46.870397337986134,45.56731193022936,46.0152473449707,201500,0.0,0.0
2021-01-08 00:00:00-05:00,46.09669019331869,46.21885581263627,45.11123163439951,45.52659225463867,179300,0.0,0.0
2021-01-11 00:00:00-05:00,45.05421495816522,47.008845927857536,45.05421495816522,46.78080368041992,217700,0.0,0.0
2021-01-12 00:00:00-05:00,46.780810084107095,48.71100944060765,46.58534882446192,47.725547790527344,215100,0.0,0.0
2021-01-13 00:00:00-05:00,47.5545228159143,47.94544847821106,46.32473603078079,47.481224060058594,180100,0.0,0.0
2021-01-14 00:00:00-05:00,47.92101301141036,49.69646886998096,47.570808215934456,49.13451385498047,227800,0.0,0.0
2021-01-15 00:00:00-05:00,49.142655131952715,49.98966219525123,48.25492723243422,48.75987243652344,220300,0.0,0.0
2021-01-19 00:00:00-05:00,49.419561260394,50.06296103699784,47.14730317753275,47.65224838256836,434600,0.0,0.0
2021-01-20 00:00:00-05:00,47.92915311372988,48.76801723123352,46.37359359788602,48.08389663696289,526900,0.0,0.0
2021-01-21 00:00:00-05:00,48.16533633196985,48.46667422815891,46.06411087582922,47.40791702270508,328300,0.0,0.0
2021-01-22 00:00:00-05:00,46.87854650082333,47.29390403141627,45.99896146173116,46.398033142089844,237900,0.0,0.0
2021-01-25 00:00:00-05:00,46.26771925157022,47.73369104069453,45.5347318036078,47.570804595947266,325500,0.0,0.0
2021-01-26 00:00:00-05:00,48.19792377249917,48.19792377249917,45.43700908293294,46.23514938354492,353700,0.0,0.0
2021-01-27 00:00:00-05:00,44.85875724407392,48.3119349594565,43.46608109319411,48.222347259521484,1000700,0.0,0.0
2021-01-28 00:00:00-05:00,49.16709187200069,49.16709187200069,45.4125726149294,47.19617462158203,711300,0.0,0.0
2021-01-29 00:00:00-05:00,47.277620389420335,48.85761522464504,45.38000173010566,47.61968231201172,459500,0.0,0.0
2021-02-01 00:00:00-05:00,47.806990784877705,50.168833409284595,47.46492893307773,49.94894027709961,370100,0.0,0.0
2021-02-02 00:00:00-05:00,50.2258455773287,50.9425441190403,48.93090617556905,49.362552642822266,459300,0.0,0.0
2021-02-03 00:00:00-05:00,49.27296447753906,49.8430655143418,48.165340316162464,49.27296447753906,200400,0.0,0.0
2021-02-04 00:00:00-05:00,49.5580083801257,50.79594095716074,49.5580083801257,50.551612854003906,252000,0.0,0.0
2021-02-05 00:00:00-05:00,51.13800712990284,51.13800712990284,49.78605486370044,50.836666107177734,282000,0.0,0.0
2021-02-08 00:00:00-05:00,50.76336808343421,51.17872556389918,49.90821502969959,50.64934539794922,232500,0.0,0.0
2021-02-09 00:00:00-05:00,50.551619368852954,51.37419458721095,50.054817067888365,50.38873291015625,203000,0.0,0.0
2021-02-10 00:00:00-05:00,50.299147050343436,51.154300213216196,49.59874053377853,49.9733772277832,263900,0.0,0.0
2021-02-11 00:00:00-05:00,49.95708818345335,50.7633744734746,49.061217289474996,50.62491989135742,319500,0.0,0.0
2021-02-12 00:00:00-05:00,50.63306103965186,51.51264605244413,50.413167893254574,51.16244125366211,179600,0.0,0.0
2021-02-16 00:00:00-05:00,51.20315121398631,52.80757425811845,50.92624522509648,52.359642028808594,226000,0.0,0.0
2021-02-17 00:00:00-05:00,51.936153211509385,52.359656790788115,51.62666922919012,51.95244216918945,210200,0.0,0.0
2021-02-18 00:00:00-05:00,51.91985742157118,52.221198438796726,51.21944786750189,51.88727951049805,204900,0.0,0.0
2021-02-19 00:00:00-05:00,52.19676225737882,53.076347247770954,51.40676807912001,51.78955078125,192700,0.0,0.0
2021-02-22 00:00:00-05:00,51.838414955171196,53.67088048310544,51.0565606354175,53.45098114013672,289800,0.0,0.0
2021-02-23 00:00:00-05:00,53.450980859011594,53.450980859011594,52.09903175214102,52.49810028076172,220600,0.0,0.0
2021-02-24 00:00:00-05:00,52.237483372024364,53.068204555827045,51.5289309060051,52.93789291381836,167600,0.0,0.0
2021-02-25 00:00:00-05:00,53.100781110506006,53.45098591344052,50.136262440020026,50.144405364990234,261500,0.0,0.0
2021-02-26 00:00:00-05:00,50.266561609923215,51.528926007267124,49.75347044209432,50.48645782470703,263200,0.0,0.0
2021-03-01 00:00:00-05:00,51.203160754039,52.84016200934867,50.592338880045716,52.63655471801758,377600,0.0,0.0
2021-03-02 00:00:00-05:00,52.50624315649953,53.93964006003797,52.10717154505975,53.0274772644043,257500,0.0,0.0
2021-03-03 00:00:00-05:00,53.42655907141013,55.15315136723921,52.832029181678074,53.068214416503906,236100,0.0,0.0
2021-03-04 00:00:00-05:00,53.076344209433444,54.94138763811909,52.15604154159163,53.53242874145508,257700,0.0,0.0
2021-03-05 00:00:00-05:00,54.20839297866191,56.154877817679115,54.20839297866191,55.592926025390625,437400,0.0,0.0
2021-03-08 00:00:00-05:00,56.0815870246315,57.686013308660385,55.38117751776001,57.075191497802734,430900,0.0,0.0
2021-03-09 00:00:00-05:00,56.57683205420868,57.7451336730303,55.50657195508981,55.66179656982422,337900,0.22,0.0
2021-03-10 00:00:00-05:00,56.168336953202676,56.58500563443389,54.15853248074842,56.094810485839844,234100,0.0,0.0
2021-03-11 00:00:00-05:00,56.15198771118982,56.48695193447205,54.78760330138556,55.40034866333008,276900,0.0,0.0
2021-03-12 00:00:00-05:00,55.79251305285835,58.54578468422679,55.71898036209476,58.12911605834961,295800,0.0,0.0
2021-03-15 00:00:00-04:00,58.251660767782,58.5702878529583,56.274531023220476,57.10786819458008,285700,0.0,0.0
2021-03-16 00:00:00-04:00,56.78106696826441,57.34479466371412,54.19119821545637,55.04903793334961,306500,0.0,0.0
2021-03-17 00:00:00-04:00,54.9346757512953,56.18467559529945,54.428143451887934,55.19611358642578,207100,0.0,0.0
2021-03-18 00:00:00-04:00,55.12258523426043,56.09481007224169,53.423236247372486,53.464088439941406,315700,0.0,0.0
2021-03-19 00:00:00-04:00,53.25166713431068,55.498400548451606,52.647093342701986,55.00820541381836,527700,0.0,0.0
2021-03-22 00:00:00-04:00,54.877480714288495,54.975522229708126,52.58990145301829,52.92486572265625,175300,0.0,0.0
2021-03-23 00:00:00-04:00,52.491859910690266,52.99839839034516,50.48205559438575,50.6046028137207,315200,0.0,0.0
2021-03-24 00:00:00-04:00,51.3562318020658,52.165053935085716,50.16342157799726,50.28596878051758,201800,0.0,0.0
2021-03-25 00:00:00-04:00,49.648722824723336,52.483689718183086,49.36277307164346,52.28761291503906,234600,0.0,0.0
2021-03-26 00:00:00-04:00,53.45591269741456,54.13401915030486,52.45917911281321,54.11767578125,219800,0.0,0.0
2021-03-29 00:00:00-04:00,53.741855716688555,54.68957159684654,52.76146556695211,53.398719787597656,235700,0.0,0.0
2021-03-30 00:00:00-04:00,53.66016132227998,55.93957512436409,52.965717731642,53.9052619934082,195500,0.0,0.0
2021-03-31 00:00:00-04:00,53.92160553991414,55.92323840380973,53.49677139037617,53.758209228515625,321200,0.0,0.0
2021-04-01 00:00:00-04:00,53.766371743263235,53.864413264647546,52.87585129840767,52.9984016418457,157400,0.0,0.0
2021-04-05 00:00:00-04:00,53.22715581877238,55.21245131921651,52.51636885529568,55.1552619934082,226300,0.0,0.0
2021-04-06 00:00:00-04:00,55.41669713023291,56.454276629353636,54.38728308214185,55.7108154296875,401300,0.0,0.0
2021-04-07 00:00:00-04:00,55.58826483127811,57.00166076551413,55.58826483127811,56.90362548828125,342000,0.0,0.0
2021-04-08 00:00:00-04:00,56.7157185658887,57.05068907762204,55.596440842574,56.960819244384766,205100,0.0,0.0
2021-04-09 00:00:00-04:00,57.05884173239798,57.58172347813175,56.19283033342951,56.65034484863281,161300,0.0,0.0
2021-04-12 00:00:00-04:00,56.37259099429252,57.900372153586325,55.62095794366278,57.761478424072266,149000,0.0,0.0
2021-04-13 00:00:00-04:00,57.6307549079079,57.94938205487914,54.98369621262023,56.20101547241211,214400,0.0,0.0
2021-04-14 00:00:00-04:00,56.323566785237404,57.80232388941966,55.96408744063953,57.197750091552734,161700,0.0,0.0
2021-04-15 00:00:00-04:00,57.14871930940746,57.93303891797781,55.71898002199243,56.91179656982422,139900,0.0,0.0
2021-04-16 00:00:00-04:00,57.50820416560737,57.77781366752346,56.48696171880632,57.26310348510742,290300,0.0,0.0
2021-04-19 00:00:00-04:00,57.165075921586755,57.46735973744557,55.44938962583136,55.70265579223633,204000,0.0,0.0
2021-04-20 00:00:00-04:00,55.73532663614443,56.87911937932429,53.194475027306446,53.872581481933594,249500,0.0,0.0
2021-04-21 00:00:00-04:00,53.92159451259656,55.31048157495666,53.194470479186236,54.534339904785156,153600,0.0,0.0
2021-04-22 00:00:00-04:00,54.665059875325376,55.31047951250902,54.0849887738286,55.016361236572266,176900,0.0,0.0
2021-04-23 00:00:00-04:00,54.95917490929005,56.8464349881279,54.444471014971676,56.31538772583008,185200,0.0,0.0
2021-04-26 00:00:00-04:00,56.35624434583757,57.52454592152904,54.942842096522234,56.372581481933594,227600,0.0,0.0
2021-04-27 00:00:00-04:00,56.61766988959728,58.09642659609988,56.01309002114966,57.81864547729492,186300,0.0,0.0
2021-04-28 00:00:00-04:00,58.04742050170898,58.79088172756432,57.70427831814526,58.047420501708984,133900,0.0,0.0
2021-04-29 00:00:00-04:00,58.61930918238217,59.370942034126145,57.99839210638265,58.3333625793457,145800,0.0,0.0
2021-04-30 00:00:00-04:00,57.753297083700225,58.709178389468924,57.009829690434536,57.671592712402344,204700,0.0,0.0
2021-05-03 00:00:00-04:00,58.251676635509,58.92161148851934,57.88402558334896,58.014747619628906,182100,0.0,0.0
2021-05-04 00:00:00-04:00,57.99839342696343,58.5131035573171,57.042512089404624,58.07192611694336,310200,0.0,0.0
2021-05-05 00:00:00-04:00,58.18630782886249,58.888923096894516,57.916698340000885,58.25983428955078,157300,0.0,0.0
2021-05-06 00:00:00-04:00,58.54577893180886,58.54577893180886,56.65034732446013,57.352962493896484,145300,0.0,0.0
2021-05-07 00:00:00-04:00,57.401994523798706,58.74186405299544,57.401994523798706,57.88401794433594,237900,0.0,0.0
2021-05-10 00:00:00-04:00,57.933044134278845,58.38238706802416,56.31539336655582,56.388919830322266,323400,0.0,0.0
2021-05-11 00:00:00-04:00,55.55558686623435,57.25493572516207,53.92977070175981,54.28107833862305,238300,0.0,0.0
2021-05-12 00:00:00-04:00,53.94611126844418,55.28598089118745,53.055590826022474,53.30885696411133,193400,0.0,0.0
2021-05-13 00:00:00-04:00,53.3987096050987,54.92649009305751,53.30883979797363,54.73857879638672,211800,0.0,0.0
2021-05-14 00:00:00-04:00,54.975518979429225,56.77290302367385,54.35460188481965,56.029441833496094,161800,0.0,0.0
2021-05-17 00:00:00-04:00,55.71898264246497,56.576828748526076,54.795781760256546,56.35624313354492,148300,0.0,0.0
2021-05-18 00:00:00-04:00,56.53597770409226,56.72388905138885,54.09316758825089,54.24022674560547,232200,0.0,0.0
2021-05-19 00:00:00-04:00,53.66016132227998,54.125847610888414,51.511466423724826,53.9052619934082,375700,0.0,0.0
2021-05-20 00:00:00-04:00,53.692839256780715,53.71734807608638,50.187934733189664,50.75165939331055,442500,0.0,0.0
2021-05-21 00:00:00-04:00,52.042512829960124,52.74512497651449,51.1193088365393,52.181400299072266,268200,0.0,0.0
2021-05-24 00:00:00-04:00,52.173237056743346,53.16179904342145,51.43794121408249,51.544151306152344,263800,0.0,0.0
2021-05-25 00:00:00-04:00,51.73205197551818,53.0310754795186,51.02943674355189,51.13564682006836,227100,0.0,0.0
2021-05-26 00:00:00-04:00,51.13564685663939,51.45427396983237,50.40035112112919,50.91505813598633,190600,0.0,0.0
2021-05-27 00:00:00-04:00,51.30721469665275,52.2630991504671,51.23368512328241,51.5114631652832,218700,0.0,0.0
2021-05-28 00:00:00-04:00,51.18466953227247,51.503296657424215,50.620941741695304,50.931400299072266,183200,0.0,0.0
2021-06-01 00:00:00-04:00,51.42159269697856,51.9281311367843,50.95590644365514,51.707542419433594,285500,0.0,0.0
2021-06-02 00:00:00-04:00,52.581724359372345,53.055582285401385,51.09479581089752,51.33989334106445,556100,0.0,0.0
2021-06-03 00:00:00-04:00,51.356240615044015,52.05885591643531,50.6617938819222,51.315391540527344,198800,0.0,0.0
2021-06-04 00:00:00-04:00,51.290790903799625,51.979698347912695,49.71614397645297,50.85612106323242,282800,0.24,0.0
2021-06-07 00:00:00-04:00,51.17597032292205,51.94688924355855,51.07755274523651,51.52862548828125,147500,0.0,0.0
2021-06-08 00:00:00-04:00,51.348191413685726,52.30773923906512,51.26617677356443,51.63523483276367,133900,0.0,0.0
2021-06-09 00:00:00-04:00,51.627038589577666,52.00429657523954,51.08575444059446,51.44660949707031,192100,0.0,0.0
2021-06-10 00:00:00-04:00,51.60243884896876,52.02890567357254,51.0119489698198,51.45481872558594,185300,0.0,0.0
2021-06-11 00:00:00-04:00,51.48761538242444,52.39795761898537,51.48761538242444,52.307743072509766,110100,0.0,0.0
2021-06-14 00:00:00-04:00,52.60298121992261,52.60298121992261,51.69263912737421,51.9140739440918,157700,0.0,0.0
2021-06-15 00:00:00-04:00,52.14371475997827,52.20112344219094,51.249775543117245,52.176517486572266,464600,0.0,0.0
2021-06-16 00:00:00-04:00,51.89767465730061,52.012492023235396,51.00373542868733,51.72544860839844,117200,0.0,0.0
2021-06-17 00:00:00-04:00,51.67624039551808,51.67624039551808,50.249220076663164,50.77410125732422,121100,0.0,0.0
2021-06-18 00:00:00-04:00,50.06059161643109,50.49525826206737,49.650527798724816,50.134403228759766,297200,0.0,0.0
2021-06-21 00:00:00-04:00,50.39683498392627,51.40559142315766,49.92936256400289,50.55265808105469,197200,0.0,0.0
2021-06-22 00:00:00-04:00,50.56087427714579,51.774662905420726,50.32303649178775,51.51222229003906,153300,0.0,0.0
2021-06-23 00:00:00-04:00,51.35639163662358,52.16011634363845,51.2497772966029,51.339988708496094,352200,0.0,0.0
2021-06-24 00:00:00-04:00,51.64344164580552,52.430763477438106,51.44660962362794,52.307743072509766,114600,0.0,0.0
2021-06-25 00:00:00-04:00,52.602985284098985,53.55433633099794,52.51277074492487,52.775211334228516,529700,0.0,0.0
2021-06-28 00:00:00-04:00,52.52097926590183,52.52918229497842,51.10215870392736,51.52862548828125,143400,0.0,0.0
2021-06-29 00:00:00-04:00,51.84026412637978,52.23392499349701,51.58602657616946,51.75004959106445,74300,0.0,0.0
2021-06-30 00:00:00-04:00,51.83206994736616,52.62759166872572,51.733655501860206,52.086307525634766,166500,0.0,0.0
2021-07-01 00:00:00-04:00,52.53737322683025,53.27548933472688,52.01249205167646,52.84902572631836,104000,0.0,0.0
2021-07-02 00:00:00-04:00,53.127870192087904,53.22628776638928,52.209328065046876,52.94744110107422,101200,0.0,0.0
2021-07-06 00:00:00-04:00,52.81622463911475,52.81622463911475,50.9709373313147,51.4630126953125,104300,0.0,0.0
2021-07-07 00:00:00-04:00,51.20057469457782,52.250337193184194,50.38044696040683,51.34819793701172,141700,0.0,0.0
2021-07-08 00:00:00-04:00,51.0857584075229,51.28258731596165,49.66693777241548,50.462459564208984,110600,0.0,0.0
2021-07-09 00:00:00-04:00,50.913526528335495,52.045300444227664,50.913526528335495,51.92228317260742,74800,0.0,0.0
2021-07-12 00:00:00-04:00,51.561432890466584,53.07867116758926,51.36460397434055,52.93925094604492,144500,0.0,0.0
2021-07-13 00:00:00-04:00,52.82442802265891,53.1196682373775,51.7172537534225,51.97969436645508,71300,0.0,0.0
2021-07-14 00:00:00-04:00,52.07809839250925,52.79161159941086,51.41379396390583,51.59422302246094,88100,0.0,0.0
2021-07-15 00:00:00-04:00,51.15955604503372,52.110903851859,50.89711548649834,51.21696472167969,76800,0.0,0.0
2021-07-16 00:00:00-04:00,51.67625205151937,51.99610452613499,50.339445970664016,50.41325759887695,141900,0.0,0.0
2021-07-19 00:00:00-04:00,49.47010237044874,50.35584178379181,48.879609428220036,49.49470520019531,262700,0.0,0.0
2021-07-20 00:00:00-04:00,49.59312066725827,51.46301073341158,49.59312066725827,50.76590347290039,163300,0.0,0.0
2021-07-21 00:00:00-04:00,50.8397131403861,52.14371619671797,50.14260277803539,50.962730407714844,133700,0.0,0.0
2021-07-22 00:00:00-04:00,50.8643196639417,51.22517472094645,50.07699783309195,51.13496017456055,129100,0.0,0.0
2021-07-23 00:00:00-04:00,51.364591751815055,51.87306998077417,51.085748246539715,51.75004959106445,89400,0.0,0.0
2021-07-26 00:00:00-04:00,51.61063853272603,52.14372281105389,50.74130200871816,51.20877456665039,174400,0.0,0.0
2021-07-27 00:00:00-04:00,51.24978136849713,52.668601914596806,50.83971751834559,52.1683235168457,170000,0.0,0.0
2021-07-28 00:00:00-04:00,51.586037079909715,51.586037079909715,46.33721819252647,46.41102981567383,417100,0.0,0.0
2021-07-29 00:00:00-04:00,47.206540610222476,49.379876634983944,46.42741884987705,48.66636657714844,336800,0.0,0.0
2021-07-30 00:00:00-04:00,48.67458072682323,49.420896854422985,47.38698040919001,47.56740951538086,223900,0.0,0.0
2021-08-02 00:00:00-04:00,47.69042991044818,48.68278373702665,46.61606143175222,47.2065544128418,276200,0.0,0.0
2021-08-03 00:00:00-04:00,47.36237623815214,50.09340307098586,46.8210920634291,49.83095932006836,372200,0.0,0.0
2021-08-04 00:00:00-04:00,49.19125472760242,50.2246172903512,47.993869142165934,48.1332893371582,138000,0.0,0.0
2021-08-05 00:00:00-04:00,48.09229079374476,48.51875759947371,47.46899507985727,47.92826461791992,224100,0.0,0.0
2021-08-06 00:00:00-04:00,48.42854323327296,49.20766522504398,48.00207642589789,48.61717224121094,89800,0.0,0.0
2021-08-09 00:00:00-04:00,48.35472320773669,48.35472320773669,46.30440417964196,46.37821578979492,128600,0.0,0.0
2021-08-10 00:00:00-04:00,46.30441833705607,47.21476076443031,45.92716027139056,46.95232009887695,109200,0.0,0.0
2021-08-11 00:00:00-04:00,46.985125964206006,47.43619566259211,46.402835933043214,46.95232009887695,93800,0.0,0.0
2021-08-12 00:00:00-04:00,47.08353926373447,47.22296262365473,45.877950335382764,46.337223052978516,101700,0.0,0.0
2021-08-13 00:00:00-04:00,46.542242258010276,46.927703239076806,45.902543717975256,46.53404235839844,119000,0.0,0.0
2021-08-16 00:00:00-04:00,46.38642896696743,47.07533643627771,45.45968368751139,46.57505798339844,79200,0.0,0.0
2021-08-17 00:00:00-04:00,46.6488592859389,46.6488592859389,45.06601274994555,45.34485626220703,131100,0.0,0.0
2021-08-18 00:00:00-04:00,45.19723756852337,46.107579806440924,44.35250704760906,44.89379119873047,145200,0.0,0.0
2021-08-19 00:00:00-04:00,44.40172181424402,45.0496235741201,44.04086668232621,44.71337127685547,134600,0.0,0.0
2021-08-20 00:00:00-04:00,44.54854917749983,45.883521435199796,44.28485103137464,45.801116943359375,155200,0.26,0.0
2021-08-23 00:00:00-04:00,46.18842151084867,46.68285788909383,45.75167204873247,46.39443588256836,101100,0.0,0.0
2021-08-24 00:00:00-04:00,46.073055224838264,47.99311073063569,45.99065073131019,46.476844787597656,177100,0.0,0.0
2021-08-25 00:00:00-04:00,46.68285609746843,47.07016096383692,46.14721749414239,46.377952575683594,98700,0.0,0.0
2021-08-26 00:00:00-04:00,46.229622601111544,46.48508154733025,45.240756156394745,45.42204666137695,84100,0.0,0.0
2021-08-27 00:00:00-04:00,45.38909138955448,46.386200271192926,45.059467111948834,45.94944763183594,161500,0.0,0.0
2021-08-30 00:00:00-04:00,46.22961940215875,46.81470255181687,45.57037410345545,46.386192321777344,97400,0.0,0.0
2021-08-31 00:00:00-04:00,46.23786464517904,47.11960587707162,46.04833180635004,46.89710998535156,142900,0.0,0.0
2021-09-01 00:00:00-04:00,46.954802123993304,47.218500307056146,46.130744516039336,46.419166564941406,99400,0.0,0.0
2021-09-02 00:00:00-04:00,46.4109208674515,47.0289640286589,46.18842495219323,46.75702667236328,91100,0.0,0.0
2021-09-03 00:00:00-04:00,46.63341345401942,47.31737953563184,46.303789200825335,47.094886779785156,150400,0.0,0.0
2021-09-07 00:00:00-04:00,46.98776408701536,47.49867891184392,46.649900601374334,46.707584381103516,111200,0.0,0.0
2021-09-08 00:00:00-04:00,46.58397887943844,46.9877685191606,45.28196940105677,45.784645080566406,162000,0.0,0.0
2021-09-09 00:00:00-04:00,45.85055696796208,46.19666273879075,45.09242560709985,45.496212005615234,118500,0.0,0.0
2021-09-10 00:00:00-04:00,45.58686172057934,45.82583915564653,44.82048797607422,44.82048797607422,156200,0.0,0.0
2021-09-13 00:00:00-04:00,45.034746100654736,45.9164874224984,44.606235799945566,45.90824508666992,188800,0.0,0.0
2021-09-14 00:00:00-04:00,46.213153724618785,46.213153724618785,44.96058574097751,45.29020690917969,114300,0.0,0.0
2021-09-15 00:00:00-04:00,45.36436014430441,46.27906437947698,44.680394123324916,46.17193603515625,119500,0.0,0.0
2021-09-16 00:00:00-04:00,46.31203424597569,46.88063281529982,44.911135803224155,45.64454650878906,133700,0.0,0.0
2021-09-17 00:00:00-04:00,45.85056323094164,46.35323885751688,45.06770790153087,46.22138977050781,592800,0.0,0.0
2021-09-20 00:00:00-04:00,45.28196304268267,46.64165611531005,44.532070797237,46.50156784057617,221800,0.0,0.0
2021-09-21 00:00:00-04:00,46.85590969466047,47.465710480922056,46.361473311268234,47.21025466918945,153600,0.0,0.0
2021-09-22 00:00:00-04:00,47.65524642400233,49.30336141328498,45.183073940078344,48.72652053833008,228600,0.0,0.0
2021-09-23 00:00:00-04:00,48.8501312643739,50.877315255766966,48.8501312643739,50.358158111572266,153400,0.0,0.0
2021-09-24 00:00:00-04:00,50.218069345872316,50.67130354370687,49.632989200433535,49.641231536865234,191100,0.0,0.0
2021-09-27 00:00:00-04:00,49.57531062043224,50.926764732223404,48.85838130864657,50.473533630371094,196300,0.0,0.0
2021-09-28 00:00:00-04:00,50.160381871183425,50.58889217169787,48.800688808397844,48.907814025878906,199200,0.0,0.0
2021-09-29 00:00:00-04:00,49.16326938753596,50.448800194713115,47.72116879001275,49.27863693237305,195200,0.0,0.0
2021-09-30 00:00:00-04:00,49.278632761099445,49.286875095621454,47.333856759807944,47.39154052734375,219400,0.0,0.0
2021-10-01 00:00:00-04:00,47.80357461957152,48.14143807185337,46.69109824202955,47.44099044799805,295300,0.0,0.0
2021-10-04 00:00:00-04:00,47.44923400878906,47.96014879636611,47.094889019985466,47.44923400878906,224600,0.0,0.0
2021-10-05 00:00:00-04:00,47.46571003244147,47.59755910472765,46.410917454152056,46.46860122680664,221600,0.0,0.0
2021-10-06 00:00:00-04:00,46.01536508483934,46.69109189758442,45.08417934784985,45.6775016784668,285100,0.0,0.0
2021-10-07 00:00:00-04:00,46.13898255547854,47.877741305761816,45.908244309139945,46.7158203125,429000,0.0,0.0
2021-10-08 00:00:00-04:00,46.99599692126825,48.37217454290042,46.72405958841338,47.49867248535156,144300,0.0,0.0
2021-10-11 00:00:00-04:00,47.614050962521944,48.2238550188608,45.685755897248406,45.784645080566406,179100,0.0,0.0
2021-10-12 00:00:00-04:00,46.04009514107754,46.91359728908169,45.669268609211144,46.732303619384766,116400,0.0,0.0
2021-10-13 00:00:00-04:00,46.72406804478575,47.58108873067437,46.54277436105114,46.91360092163086,100100,0.0,0.0
2021-10-14 00:00:00-04:00,47.32561944342227,48.083750785939905,46.987756015816856,47.55635452270508,85300,0.0,0.0
2021-10-15 00:00:00-04:00,48.248566342820595,48.80892569832755,47.7623722885875,47.77061462402344,150600,0.0,0.0
2021-10-18 00:00:00-04:00,47.7046885988751,48.0672759139785,46.946557200986035,47.44099044799805,124100,0.0,0.0
2021-10-19 00:00:00-04:00,47.5810830876325,47.82005738185934,46.476845873495,47.44923400878906,156700,0.0,0.0
2021-10-20 00:00:00-04:00,47.34210805055292,48.536992156398696,47.34210805055292,47.62228775024414,101700,0.0,0.0
2021-10-21 00:00:00-04:00,47.86126577434666,49.08910980865852,47.655251379264655,49.03966522216797,160800,0.0,0.0
2021-10-22 00:00:00-04:00,48.924300369308355,49.48465980640065,48.28977562014412,48.39690399169922,136600,0.0,0.0
2021-10-25 00:00:00-04:00,48.39689827513208,48.8006878472799,47.8942226797454,48.157920837402344,158400,0.0,0.0
2021-10-26 00:00:00-04:00,48.38040687208943,48.6193842610399,47.4657026991289,47.95189666748047,255300,0.0,0.0
2021-10-27 00:00:00-04:00,45.35613176960381,51.52832153000304,45.35613176960381,50.9102783203125,291800,0.0,0.0
2021-10-28 00:00:00-04:00,51.58600655175889,51.792020959942484,50.03678046556018,50.918521881103516,231900,0.0,0.0
2021-10-29 00:00:00-04:00,50.6053685302321,51.487109761600905,50.11917450273184,50.8937873840332,189900,0.0,0.0
2021-11-01 00:00:00-04:00,51.14100877252499,51.81673566035135,50.34167200424242,51.56951904296875,203300,0.0,0.0
2021-11-02 00:00:00-04:00,51.58600405738261,52.113403557396396,51.000923920879316,51.45415496826172,197500,0.0,0.0
2021-11-03 00:00:00-04:00,51.17396824171341,52.89625164388574,50.836104800713194,51.94034194946289,172000,0.0,0.0
2021-11-04 00:00:00-04:00,52.24524918688117,52.500705011901054,50.20982606130189,50.4570426940918,147900,0.0,0.0
2021-11-05 00:00:00-04:00,51.09156917911439,52.66551900711686,50.36639763960948,51.80849838256836,170300,0.0,0.0
2021-11-08 00:00:00-05:00,51.98979131642744,52.6902389813816,51.33054590055352,51.98155212402344,125500,0.0,0.0
2021-11-09 00:00:00-05:00,52.14636279535686,52.87153749140693,51.553043473777144,51.77553939819336,80800,0.0,0.0
2021-11-10 00:00:00-05:00,51.890906889444764,52.08043975588016,50.88555563454117,51.07508850097656,97000,0.0,0.0
2021-11-11 00:00:00-05:00,51.1986946485942,51.808495453622534,50.696019057930584,51.70137023925781,85700,0.0,0.0
2021-11-12 00:00:00-05:00,51.75081167864769,52.00627064177198,48.90781260312052,51.70137023925781,75100,0.0,0.0
2021-11-15 00:00:00-05:00,51.80849254890039,52.99513418067626,51.4623899184561,52.93745040893555,128800,0.0,0.0
2021-11-16 00:00:00-05:00,52.896253756106574,53.333003231941305,52.21228451161904,52.95393753051758,103400,0.0,0.0
2021-11-17 00:00:00-05:00,52.212286420756065,52.98690252293606,51.81673917739034,52.23700714111328,112000,0.0,0.0
2021-11-18 00:00:00-05:00,52.401818929108025,52.401818929108025,50.457042637875475,50.86083221435547,177200,0.0,0.0
2021-11-19 00:00:00-05:00,50.48176387036834,50.52296926248061,49.49289733027522,49.53409957885742,149300,0.0,0.0
2021-11-22 00:00:00-05:00,50.02029718945729,51.36351196411075,49.36105173499035,50.90203857421875,208400,0.0,0.0
2021-11-23 00:00:00-05:00,51.00917023874544,51.00917023874544,49.1550405100217,50.26751708984375,217800,0.0,0.0
2021-11-24 00:00:00-05:00,50.012054941018505,51.05036928421947,49.29512570449518,50.49824905395508,152300,0.0,0.0
2021-11-26 00:00:00-05:00,49.286884610554154,49.42697288917697,47.54812262722745,47.99311447143555,128300,0.0,0.0
2021-11-29 00:00:00-05:00,48.553469332401555,49.715393495577864,47.366827592187356,47.688209533691406,181100,0.0,0.0
2021-11-30 00:00:00-05:00,47.11961054223084,47.11961054223084,45.64454678637684,46.16370391845703,213500,0.0,0.0
2021-12-01 00:00:00-05:00,47.51515656653518,47.647005644241155,45.44677357061078,45.520938873291016,256200,0.0,0.0
2021-12-02 00:00:00-05:00,45.72695729065543,47.770619747286645,45.72695729065543,47.37507247924805,146900,0.0,0.0
2021-12-03 00:00:00-05:00,47.50692158287386,47.50692158287386,46.12250457255752,46.82295227050781,244900,0.0,0.0
2021-12-06 00:00:00-05:00,47.468666711388785,48.79321840487805,47.10441578517432,47.7584114074707,255000,0.26,0.0
2021-12-07 00:00:00-05:00,47.915707372393456,48.79322174516027,47.832920912145276,48.26340103149414,139400,0.0,0.0
2021-12-08 00:00:00-05:00,48.5200389570624,48.98363054682309,47.501789083576895,48.693885803222656,268100,0.0,0.0
2021-12-09 00:00:00-05:00,48.34618979521278,48.97535113317277,48.08127942575798,48.70216369628906,90700,0.0,0.0
2021-12-10 00:00:00-05:00,48.8594458977472,48.9919010625667,47.19547453434829,47.717018127441406,130000,0.0,0.0
2021-12-13 00:00:00-05:00,47.48522766236021,47.70046614489969,45.26660103627366,45.74674987792969,200400,0.0,0.0
2021-12-14 00:00:00-05:00,45.42389687716194,46.53321034410942,45.01825421510307,45.506683349609375,265500,0.0,0.0
2021-12-15 00:00:00-05:00,45.59773554164394,47.5514484354351,44.943736782995344,47.377601623535156,252200,0.0,0.0
2021-12-16 00:00:00-05:00,47.849479228529816,47.948819824973704,45.87920564417241,46.06133270263672,217900,0.0,0.0
2021-12-17 00:00:00-05:00,46.4255914695845,47.079587216157094,45.11759366047742,46.094451904296875,901300,0.0,0.0
2021-12-20 00:00:00-05:00,45.63912838867738,45.904038725580435,44.38907977580955,45.771583557128906,218700,0.0,0.0
2021-12-21 00:00:00-05:00,46.475257307186226,48.37930179437642,46.35108234640165,48.19717788696289,387100,0.0,0.0
2021-12-22 00:00:00-05:00,47.73357640476093,49.149191600160734,47.72529933840492,48.96706771850586,216600,0.0,0.0
2021-12-23 00:00:00-05:00,49.256812410670626,49.89425389141341,48.47863869601361,48.96706771850586,143200,0.0,0.0
2021-12-27 00:00:00-05:00,48.900838683142226,49.67073533344911,48.28823471583199,49.02501678466797,159600,0.0,0.0
2021-12-28 00:00:00-05:00,49.091237483473215,49.91908298288416,48.95050526440374,49.01673126220703,116700,0.0,0.0
2021-12-29 00:00:00-05:00,49.2485405988197,49.679017570827845,48.95879271776039,49.28993225097656,79900,0.0,0.0
2021-12-30 00:00:00-05:00,49.48861457924387,50.382689444639375,48.52003663304612,48.70216369628906,111600,0.0,0.0
2021-12-31 00:00:00-05:00,48.73527734283916,49.04985960513203,47.92398890469932,48.23857116699219,106000,0.0,0.0
2022-01-03 00:00:00-05:00,48.58625906659409,49.596231749463904,47.799808241584806,48.39585494995117,177100,0.0,0.0
2022-01-04 00:00:00-05:00,48.47863506919549,49.654174198581906,48.47863506919549,49.00017547607422,173500,0.0,0.0
2022-01-05 00:00:00-05:00,49.2154251397677,49.45550113918632,48.0067712335631,48.03988265991211,148300,0.0,0.0
2022-01-06 00:00:00-05:00,48.263399674175524,49.00018178077063,47.46866862602667,48.760108947753906,186500,0.0,0.0
2022-01-07 00:00:00-05:00,48.86773043880641,49.48033764353945,48.23856909917149,48.33790969848633,164300,0.0,0.0
2022-01-10 00:00:00-05:00,48.06472036802251,48.06472036802251,46.73188834427936,47.78325271606445,118300,0.0,0.0
2022-01-11 00:00:00-05:00,47.86603740755086,48.35446648958631,47.038191719896254,47.70874786376953,185400,0.0,0.0
2022-01-12 00:00:00-05:00,47.841199602259366,47.96537455167687,46.615988451720064,46.72360610961914,165700,0.0,0.0
2022-01-13 00:00:00-05:00,46.938849300010276,48.3379073209789,46.65738165081168,47.52661895751953,167300,0.0,0.0
2022-01-14 00:00:00-05:00,47.32792811961711,47.79980298389192,45.80469535402032,47.33620834350586,221000,0.0,0.0
2022-01-18 00:00:00-05:00,46.77328038991719,47.071305336616575,45.97026907886393,46.40074920654297,161300,0.0,0.0
2022-01-19 00:00:00-05:00,46.243459177782775,46.88090071638651,45.87092799834155,46.16895294189453,152800,0.0,0.0
2022-01-20 00:00:00-05:00,46.46697527238319,47.3693271194058,44.82784133299887,44.902347564697266,175300,0.0,0.0
2022-01-21 00:00:00-05:00,44.40563762988658,46.135835066095645,44.26490539323807,44.927181243896484,218300,0.0,0.0
2022-01-24 00:00:00-05:00,44.35597242657364,48.495200768374964,44.35597242657364,48.29651641845703,390700,0.0,0.0
2022-01-25 00:00:00-05:00,47.57628329380514,49.04157025082704,46.193779626024224,47.92397689819336,341800,0.0,0.0
2022-01-26 00:00:00-05:00,47.4852307687809,47.4852307687809,43.685418806522286,44.124176025390625,671200,0.0,0.0
2022-01-27 00:00:00-05:00,43.98342867526324,44.910614674634274,41.52472673229197,41.80619430541992,384400,0.0,0.0
2022-01-28 00:00:00-05:00,41.980051131044604,42.32774793772536,39.272995542524754,40.34919738769531,351700,0.0,0.0
2022-01-31 00:00:00-05:00,39.885605826438194,41.640637815106366,39.81937665502622,41.168766021728516,858200,0.0,0.0
2022-02-01 00:00:00-05:00,41.04458688204498,41.855875201330385,40.721724441265145,40.99491500854492,521100,0.0,0.0
2022-02-02 00:00:00-05:00,42.15390375975645,42.68372768850863,39.902165483978486,40.448543548583984,556800,0.0,0.0
2022-02-03 00:00:00-05:00,39.86076912431186,40.26641172244606,38.71834124841905,38.82596206665039,475900,0.0,0.0
2022-02-04 00:00:00-05:00,38.92530904335127,38.92530904335127,36.88880917782121,37.28617477416992,483000,0.0,0.0
2022-02-07 00:00:00-05:00,37.46000630198572,38.089167449259364,36.50798277918534,36.94674301147461,403700,0.0,0.0
2022-02-08 00:00:00-05:00,36.9136367286507,37.857380240567316,36.9136367286507,37.63386154174805,282900,0.0,0.0
2022-02-09 00:00:00-05:00,37.78287236920129,38.77628771265918,37.50968496558906,37.59246826171875,329200,0.0,0.0
2022-02-10 00:00:00-05:00,36.98814274149699,37.526243660413385,36.673560520069856,36.78118133544922,379900,0.0,0.0
2022-02-11 00:00:00-05:00,36.822577368407295,37.10404504045729,36.110629541576095,36.698402404785156,305700,0.0,0.0
2022-02-14 00:00:00-05:00,36.64872109988452,37.675247763626004,36.37553056580461,37.253047943115234,355000,0.0,0.0
2022-02-15 00:00:00-05:00,37.58419027991937,38.47826185666976,37.46001218076892,38.23818588256836,441600,0.0,0.0
2022-02-16 00:00:00-05:00,38.263022476423316,38.99152428943582,37.92360592595744,38.90874099731445,560700,0.0,0.0
2022-02-17 00:00:00-05:00,38.58588568553476,39.51307191569389,38.45343050979775,39.36405944824219,277400,0.0,0.0
2022-02-18 00:00:00-05:00,39.28955585395376,40.15051613307317,39.28955585395376,39.57930374145508,387300,0.0,0.0
2022-02-22 00:00:00-05:00,39.612410372298214,39.612410372298214,37.104039235400805,37.59246826171875,355900,0.0,0.0
2022-02-23 00:00:00-05:00,37.69180552147317,38.19679179403608,36.65699862129673,36.74806213378906,288400,0.0,0.0
2022-02-24 00:00:00-05:00,36.20168895340364,38.635553964189995,35.90366402188277,38.370643615722656,359300,0.0,0.0
2022-02-25 00:00:00-05:00,37.84910565600642,39.024645010616275,37.74148483292869,38.9253044128418,311500,0.0,0.0
2022-02-28 00:00:00-05:00,38.66039426781817,39.76142739089681,38.23819119839667,38.643836975097656,206900,0.0,0.0
2022-03-01 00:00:00-05:00,38.30441558629867,38.900465417887276,37.228216957692794,37.41862106323242,249800,0.0,0.0
2022-03-02 00:00:00-05:00,37.451732382707256,38.95013073953296,37.451732382707256,38.75144958496094,241100,0.0,0.0
2022-03-03 00:00:00-05:00,39.0412022848546,39.15710017520034,37.6421442174256,38.105735778808594,185600,0.0,0.0
2022-03-04 00:00:00-05:00,37.766311058007645,38.53620763038049,37.73319963786881,38.213348388671875,212400,0.0,0.0
2022-03-07 00:00:00-05:00,38.58588452051215,38.784565699128656,36.292751793942365,36.54938507080078,264500,0.0,0.0
2022-03-08 00:00:00-05:00,36.98241926946009,37.956738207848716,36.29956467322019,36.4161491394043,184700,0.26,0.0
2022-03-09 00:00:00-05:00,37.26554356438863,37.865124276266286,36.79920265774072,37.12397766113281,199300,0.0,0.0
2022-03-10 00:00:00-05:00,36.790883495130956,37.182276886575366,36.04140746400083,36.79920959472656,177100,0.0,0.0
2022-03-11 00:00:00-05:00,37.065695830727385,37.94841184879451,36.52441031372317,37.42377853393555,290500,0.0,0.0
2022-03-14 00:00:00-04:00,37.74021931713436,37.74021931713436,36.76590361117718,37.14896774291992,210800,0.0,0.0
2022-03-15 00:00:00-04:00,37.23223474760748,37.66526493120782,36.65763865341794,36.84917068481445,360700,0.0,0.0
2022-03-16 00:00:00-04:00,37.30718145685182,37.540353505075586,36.5243979762036,37.01572036743164,1776800,0.0,0.0
2022-03-17 00:00:00-04:00,37.03237643371777,38.35644844999852,37.0157210601981,38.031673431396484,537400,0.0,0.0
2022-03-18 00:00:00-04:00,38.081644445542,38.24819502545318,36.04140698917827,36.299560546875,671400,0.0,0.0
2022-03-21 00:00:00-04:00,36.349522146096774,37.5486804540495,36.22460843255083,36.52439880371094,287800,0.0,0.0
2022-03-22 00:00:00-04:00,36.84917368611717,37.62363114992654,36.2329375193863,36.882484436035156,510200,0.0,0.0
2022-03-23 00:00:00-04:00,36.78254688114061,37.040700390739616,35.97478196060502,36.13300323486328,190100,0.0,0.0
2022-03-24 00:00:00-04:00,36.157986730493356,36.39948488106141,35.991439348972456,36.141334533691406,138800,0.0,0.0
2022-03-25 00:00:00-04:00,35.86653062446532,36.96576001416014,35.67499856772784,36.74091720581055,251300,0.0,0.0
2022-03-28 00:00:00-04:00,36.96575783027773,37.415443420410156,36.47443539143406,37.415443420410156,239900,0.0,0.0
2022-03-29 00:00:00-04:00,37.77352894428458,38.92272448194289,37.39879092366902,38.556312561035156,601600,0.0,0.0
2022-03-30 00:00:00-04:00,38.581289295243295,38.581289295243295,37.61529673960768,37.84846878051758,254300,0.0,0.0
2022-03-31 00:00:00-04:00,37.83181524906123,37.92341821494609,36.27457435908161,36.92411804199219,498700,0.0,0.0
2022-04-01 00:00:00-04:00,37.11565431840811,37.473736947822346,36.54938426150598,37.23223876953125,329500,0.0,0.0
2022-04-04 00:00:00-04:00,37.24057072587759,37.39879203854831,36.5077500389045,37.14896774291992,212700,0.0,0.0
2022-04-05 00:00:00-04:00,37.01572066590689,37.290526384335,36.37450308732443,36.807533264160156,220000,0.0,0.0
2022-04-06 00:00:00-04:00,36.274578668003706,37.68192454037923,36.091372714471625,37.290531158447266,267200,0.0,0.0
2022-04-07 00:00:00-04:00,37.59031775251846,37.7735236874762,36.640983683533314,37.615299224853516,235500,0.0,0.0
2022-04-08 00:00:00-04:00,37.72355868481371,38.348120925213564,37.16561794153333,37.46540832519531,493100,0.0,0.0
2022-04-11 00:00:00-04:00,37.282205059054014,38.4647081275551,37.165620607420166,37.290531158447266,227800,0.0,0.0
2022-04-12 00:00:00-04:00,37.69857284405723,38.38975332480996,37.10732142071831,37.19892120361328,258000,0.0,0.0
2022-04-13 00:00:00-04:00,37.05735297668813,37.71522584811742,36.09968977515499,37.62362289428711,221500,0.0,0.0
2022-04-14 00:00:00-04:00,37.83181272256399,38.589614694247764,37.790175879948116,38.53132247924805,298600,0.0,0.0
2022-04-18 00:00:00-04:00,38.45638013892667,38.61460143312999,37.57366434226837,38.081642150878906,339400,0.0,0.0
2022-04-19 00:00:00-04:00,38.33979457378162,39.630555893431755,38.08164103917647,39.430694580078125,297300,0.0,0.0
2022-04-20 00:00:00-04:00,39.28913607863378,40.45498707703908,39.28913607863378,40.305091857910156,231800,0.0,0.0
2022-04-21 00:00:00-04:00,40.74643379005974,41.4209620369596,40.155182400196004,40.92131042480469,348300,0.0,0.0
2022-04-22 00:00:00-04:00,40.59654592580012,40.746441118738105,38.947701980170166,39.147560119628906,569200,0.0,0.0
2022-04-25 00:00:00-04:00,38.739519004283004,39.35575204436339,38.43140248424281,38.7311897277832,721300,0.0,0.0
2022-04-26 00:00:00-04:00,38.414740655564145,39.34741933552629,37.198923802554134,37.2488899230957,478800,0.0,0.0
2022-04-27 00:00:00-04:00,37.49872461034955,38.63126491103745,37.34882938368859,37.87346267700195,1068300,0.0,0.0
2022-04-28 00:00:00-04:00,38.1732468258283,38.4230711034407,36.43279980520907,38.298160552978516,476000,0.0,0.0
2022-04-29 00:00:00-04:00,38.139934373832126,39.18920074036586,37.49871674465882,38.081642150878906,384800,0.0,0.0
2022-05-02 00:00:00-04:00,38.098298754734955,39.18087272882152,37.9733850291262,39.097599029541016,345900,0.0,0.0
2022-05-03 00:00:00-04:00,39.08094413661417,39.3474237896258,38.10662532423137,38.298160552978516,174600,0.0,0.0
2022-05-04 00:00:00-04:00,38.364781561201525,38.806137921742426,37.240570644972024,38.448055267333984,349900,0.0,0.0
2022-05-05 00:00:00-04:00,38.14827004269081,38.864432212805845,36.524407273469436,37.00740051269531,388100,0.0,0.0
2022-05-06 00:00:00-04:00,36.79088292712612,36.874156628549095,35.849874852943636,36.43280029296875,316200,0.0,0.0
2022-05-09 00:00:00-04:00,36.04140830327156,37.60697872881741,36.04140830327156,37.373809814453125,523200,0.0,0.0
2022-05-10 00:00:00-04:00,37.84847947925021,38.081648409383085,36.15799520572161,36.62433624267578,227000,0.0,0.0
2022-05-11 00:00:00-04:00,36.6909489138342,37.5320246211286,35.69997484610658,36.21628189086914,286400,0.0,0.0
2022-05-12 00:00:00-04:00,36.3744991704297,37.315507014467464,35.91648757124422,37.20724868774414,317800,0.0,0.0
2022-05-13 00:00:00-04:00,37.656937889007835,38.76449320396756,37.50704270703019,38.38975524902344,346000,0.0,0.0
2022-05-16 00:00:00-04:00,38.30648869290132,39.00599861349139,37.765200082000256,38.21488571166992,326600,0.0,0.0
2022-05-17 00:00:00-04:00,38.597940451734374,39.21417651775264,37.890104603443916,38.87274932861328,309400,0.0,0.0
2022-05-18 00:00:00-04:00,38.26484911451879,38.26484911451879,35.4834650065924,36.349525451660156,537800,0.0,0.0
2022-05-19 00:00:00-04:00,33.30998700223351,34.176047426696684,32.29403138212526,33.143436431884766,1293700,0.0,0.0
2022-05-20 00:00:00-04:00,33.101793060141354,33.393254118297875,31.219780563143647,32.3106803894043,706300,0.0,0.0
2022-05-23 00:00:00-04:00,32.485566477819596,35.874860896233784,32.294034415767136,35.79158401489258,1082300,0.0,0.0
2022-05-24 00:00:00-04:00,35.24196937624805,36.04140837861527,34.467511849989734,35.983116149902344,584600,0.0,0.0
2022-05-25 00:00:00-04:00,35.85820433780751,38.48136406815622,35.483466325846805,38.07331848144531,479800,0.0,0.0
2022-05-26 00:00:00-04:00,38.43139645329248,39.147558462167346,37.7485420151253,38.889408111572266,449200,0.0,0.0
2022-05-27 00:00:00-04:00,38.881080589115065,39.863725444762466,37.44042405454099,39.755470275878906,512900,0.0,0.0
2022-05-31 00:00:00-04:00,39.53896073076479,39.5556161082235,38.35645752139256,39.48899459838867,457100,0.0,0.0
2022-06-01 00:00:00-04:00,39.763800081999406,39.971987516983695,38.26485118545015,38.306488037109375,272900,0.0,0.0
2022-06-02 00:00:00-04:00,38.20655503440953,38.947701718576134,38.13160743844393,38.897735595703125,276000,0.0,0.0
2022-06-03 00:00:00-04:00,38.77206324418892,38.77206324418892,38.03482663951777,38.36155700683594,221000,0.28,0.0
2022-06-06 00:00:00-04:00,38.638028857817005,38.95638298999126,38.07672336809601,38.621273040771484,226600,0.0,0.0
2022-06-07 00:00:00-04:00,38.47047196888096,38.612894808758135,37.414881114302894,38.05158615112305,310000,0.0,0.0
2022-06-08 00:00:00-04:00,38.02645079164622,38.09347405079472,37.10490334926861,37.222190856933594,298200,0.0,0.0
2022-06-09 00:00:00-04:00,37.1886775881043,37.74160666832705,36.92059095501719,37.456764221191406,238700,0.0,0.0
2022-06-10 00:00:00-04:00,37.02950230908213,37.25570100595176,36.06606377010169,36.166595458984375,280500,0.0,0.0
2022-06-13 00:00:00-04:00,35.87338173962271,36.14146841152382,35.06074221775953,35.772850036621094,326000,0.0,0.0
2022-06-14 00:00:00-04:00,35.79798142068315,36.88708390216565,34.44916858300257,35.152896881103516,283400,0.0,0.0
2022-06-15 00:00:00-04:00,35.353962014165816,36.2084894261624,35.0942516687268,35.44611740112305,334300,0.0,0.0
2022-06-16 00:00:00-04:00,34.84292823160427,34.84292823160427,33.26791640060281,33.53600311279297,279800,0.0,0.0
2022-06-17 00:00:00-04:00,33.301425147056584,34.05542095702622,32.96631518799332,33.510868072509766,737200,0.0,0.0
2022-06-21 00:00:00-04:00,34.357018195504004,34.884815294902005,33.64491348356123,33.653289794921875,547900,0.0,0.0
2022-06-22 00:00:00-04:00,33.06684978136423,35.53827372172736,33.06684978136423,35.20316696166992,577000,0.0,0.0
2022-06-23 00:00:00-04:00,35.40422386478347,36.8619477501663,35.40422386478347,36.62737274169922,537300,0.0,0.0
2022-06-24 00:00:00-04:00,36.96248460092977,38.42020868984496,36.9289761635022,38.11861038208008,1013600,0.0,0.0
2022-06-27 00:00:00-04:00,38.068335197761485,38.31966920039842,37.45676239609043,37.80862808227539,360800,0.0,0.0
2022-06-28 00:00:00-04:00,37.84213349643983,38.19399915457703,36.92896571691475,37.0462532043457,453900,0.0,0.0
2022-06-29 00:00:00-04:00,36.945725794298845,37.17192450681639,36.45144042898532,36.64413070678711,355100,0.0,0.0
2022-06-30 00:00:00-04:00,36.04094017969807,36.66926897670289,34.6837508730044,35.92365264892578,385500,0.0,0.0
2022-07-01 00:00:00-04:00,35.72257714549795,37.063013496657064,35.30369138498162,36.744659423828125,386900,0.0,0.0
2022-07-05 00:00:00-04:00,36.24200449649043,38.21077002637081,36.20011654816225,38.05997085571289,492200,0.0,0.0
2022-07-06 00:00:00-04:00,37.95106381598123,38.64641597907724,36.8535847479397,37.19707107543945,375900,0.0,0.0
2022-07-07 00:00:00-04:00,37.38975487283549,37.82539657537259,36.88708989490238,37.54055404663086,195400,0.0,0.0
2022-07-08 00:00:00-04:00,37.34786501672042,37.850526773142846,36.85357957137198,36.87871170043945,226200,0.0,0.0
2022-07-11 00:00:00-04:00,36.753045062897314,37.063022905377764,35.144524868185385,36.510093688964844,300900,0.0,0.0
2022-07-12 00:00:00-04:00,36.52684049068611,37.49027910926215,36.52684049068611,37.11328125,315800,0.0,0.0
2022-07-13 00:00:00-04:00,37.02950769211196,37.71648019172519,36.40117895252583,37.624324798583984,343600,0.0,0.0
2022-07-14 00:00:00-04:00,37.2389463367317,38.79720194362294,37.11327932488117,38.545867919921875,870200,0.0,0.0
2022-07-15 00:00:00-04:00,39.232848208997474,39.794153684862444,38.98989366160282,39.475799560546875,634200,0.0,0.0
2022-07-18 00:00:00-04:00,39.475808010231056,40.02036098186939,38.830723313128054,39.26636505126953,367400,0.0,0.0
2022-07-19 00:00:00-04:00,39.3668906156024,40.58165693216896,39.28311153442339,40.330326080322266,309700,0.0,0.0
2022-07-20 00:00:00-04:00,40.146011631092705,41.56184761318251,39.81928123394733,41.46969223022461,350900,0.0,0.0
2022-07-21 00:00:00-04:00,41.33565062871299,41.40267069447938,40.171148622897356,40.7156982421875,308600,0.0,0.0
2022-07-22 00:00:00-04:00,40.29682006657416,41.419434344141514,39.95333377545967,40.280067443847656,275400,0.0,0.0
2022-07-25 00:00:00-04:00,40.35545506044757,40.439234135094765,39.74388219682521,39.81090545654297,280300,0.0,0.0
2022-07-26 00:00:00-04:00,39.09880386576582,39.165827136047206,37.959437033590966,38.353187561035156,522100,0.0,0.0
2022-07-27 00:00:00-04:00,38.79720835528304,40.087374337050754,38.31967874468585,39.953330993652344,622700,0.0,0.0
2022-07-28 00:00:00-04:00,40.380589113155104,42.299086718444755,39.68523719671373,41.679134368896484,417200,0.0,0.0
2022-07-29 00:00:00-04:00,41.863456349486334,42.25720690802237,41.34403555132664,42.01425552368164,376200,0.0,0.0
2022-08-01 00:00:00-04:00,41.84669810957196,42.793381049284676,41.3272805373086,42.5504264831543,353100,0.0,0.0
2022-08-02 00:00:00-04:00,42.39962786688019,42.50853908687443,41.57861195304053,41.66238784790039,302200,0.0,0.0
2022-08-03 00:00:00-04:00,42.03100535832434,43.39657414701194,41.603743190346684,43.22901916503906,349000,0.0,0.0
2022-08-04 00:00:00-04:00,43.086596669336664,43.30441589446077,42.131537489604774,42.15666961669922,195400,0.0,0.0
2022-08-05 00:00:00-04:00,41.687516387784605,42.51691173720445,41.41942971230138,42.466644287109375,239800,0.0,0.0
2022-08-08 00:00:00-04:00,42.63418900543804,43.85733456766485,42.63418900543804,43.15360641479492,295200,0.0,0.0
2022-08-09 00:00:00-04:00,43.23740301140976,43.23740301140976,42.21532039505395,43.044715881347656,318200,0.0,0.0
2022-08-10 00:00:00-04:00,43.78195358543698,43.941132275409124,43.12011628134122,43.14524841308594,261000,0.0,0.0
2022-08-11 00:00:00-04:00,43.47196587684495,44.20920574685204,43.27090249147158,43.78194046020508,263500,0.0,0.0
2022-08-12 00:00:00-04:00,44.16731752581352,44.28460503250642,43.09496775923948,43.80707550048828,245400,0.0,0.0
2022-08-15 00:00:00-04:00,43.69816804256049,44.669983004405694,42.902284355809506,43.71492385864258,189000,0.0,0.0
2022-08-16 00:00:00-04:00,43.773568125165355,45.23129218277815,43.18712733886492,44.8878059387207,218900,0.0,0.0
2022-08-17 00:00:00-04:00,44.09191581844381,44.251091256111586,43.530607240419556,44.00813674926758,187800,0.0,0.0
2022-08-18 00:00:00-04:00,43.93273639861643,43.93273639861643,43.1117207104523,43.26251983642578,217700,0.0,0.0
2022-08-19 00:00:00-04:00,43.01957394274776,43.01957394274776,42.29909299161743,42.50015640258789,285000,0.0,0.0
2022-08-22 00:00:00-04:00,42.356945043323904,42.356945043323904,41.194405877809224,41.337615966796875,265600,0.28,0.0
2022-08-23 00:00:00-04:00,41.683002294437614,42.146333330662955,41.05118636860797,41.07645797729492,335200,0.0,0.0
2022-08-24 00:00:00-04:00,40.87428631400169,41.67458727889366,39.9813184818425,40.05713653564453,380400,0.0,0.0
2022-08-25 00:00:00-04:00,40.30985916376542,40.95852397041688,40.09083103298111,40.7900390625,218000,0.0,0.0
2022-08-26 00:00:00-04:00,40.97537063356259,41.22809637539223,39.98131326392816,40.023433685302734,296500,0.0,0.0
2022-08-29 00:00:00-04:00,39.72858803648867,40.08240665049699,39.36634662352924,39.425315856933594,245600,0.0,0.0
2022-08-30 00:00:00-04:00,39.87180084464315,39.87180084464315,39.02095354968229,39.315799713134766,247400,0.0,0.0
2022-08-31 00:00:00-04:00,39.24841205224375,39.7201691798841,38.85247297701735,39.012535095214844,163500,0.0,0.0
2022-09-01 00:00:00-04:00,38.53234483047098,39.05464504387815,38.37228275521436,38.94512939453125,177000,0.0,0.0
2022-09-02 00:00:00-04:00,39.172588978681745,39.56010199086706,38.6081682714008,38.886165618896484,190900,0.0,0.0
2022-09-06 00:00:00-04:00,38.886168621845144,38.886168621845144,38.02689847613302,38.26277542114258,202600,0.0,0.0
2022-09-07 00:00:00-04:00,38.37229435105105,39.812834182191715,37.942660848521996,39.762290954589844,194600,0.0,0.0
2022-09-08 00:00:00-04:00,39.400045184435825,40.276164120988675,38.67556234127029,39.3494987487793,218700,0.0,0.0
2022-09-09 00:00:00-04:00,39.509560159169496,40.04870927568272,39.063074686021416,39.627498626708984,203400,0.0,0.0
2022-09-12 00:00:00-04:00,39.94761548572324,40.52046221221523,39.62749771365818,40.41937255859375,243000,0.0,0.0
2022-09-13 00:00:00-04:00,39.60222035255247,39.60222035255247,37.976350345648584,38.018470764160156,200500,0.0,0.0
2022-09-14 00:00:00-04:00,38.102709635516085,38.355435347129685,37.51301416602984,37.8668327331543,271500,0.0,0.0
2022-09-15 00:00:00-04:00,37.73205031487564,38.347017470367454,36.98229588165388,37.38665771484375,400400,0.0,0.0
2022-09-16 00:00:00-04:00,37.3782360649695,38.338595932582194,36.847512904604095,37.8078727722168,1205000,0.0,0.0
2022-09-19 00:00:00-04:00,37.88368945738234,38.34702056107389,37.78259658075031,38.07744598388672,240400,0.0,0.0
2022-09-20 00:00:00-04:00,37.68150616957249,37.791021843624975,37.04969016428741,37.75732421875,244400,0.0,0.0
2022-09-21 00:00:00-04:00,38.04375021942183,38.51550735936871,37.52987265227566,37.62253952026367,221700,0.0,0.0
2022-09-22 00:00:00-04:00,37.53829444889532,37.605686482127,36.96544770530596,37.10023498535156,240600,0.0,0.0
2022-09-23 00:00:00-04:00,36.78010940551758,36.94016827637597,36.392596425387666,36.78010940551758,305200,0.0,0.0
2022-09-26 00:00:00-04:00,36.6200490092328,37.33610571284437,36.3420484827317,36.443138122558594,475900,0.0,0.0
2022-09-27 00:00:00-04:00,36.535815113317724,37.16763116150405,36.224120096015604,36.2915153503418,443800,0.0,0.0
2022-09-28 00:00:00-04:00,36.47683714361823,37.403502387355516,36.12302178382203,37.176048278808594,314700,0.0,0.0
2022-09-29 00:00:00-04:00,36.63690619690871,36.79696509770487,36.021935778900044,36.45999526977539,339500,0.0,0.0
2022-09-30 00:00:00-04:00,36.24938806446317,37.192902248657155,35.895572655577126,36.611629486083984,477100,0.0,0.0
2022-10-03 00:00:00-04:00,36.982299245018055,37.807871797893704,36.74641907735182,37.28556823730469,244700,0.0,0.0
2022-10-04 00:00:00-04:00,37.79101388930787,38.557617019154534,37.59725740743252,38.24592208862305,370000,0.0,0.0
2022-10-05 00:00:00-04:00,37.883687067920015,39.088349789685054,37.78259419766429,38.82719802856445,258300,0.0,0.0
2022-10-06 00:00:00-04:00,38.80192896043946,39.47586540506209,38.61659523307482,39.408470153808594,223000,0.0,0.0
2022-10-07 00:00:00-04:00,39.206283790409714,39.22313260019904,38.35543657074925,39.113616943359375,296600,0.0,0.0
2022-10-10 00:00:00-04:00,39.189442104819726,39.43374507080361,38.473382019720304,38.99568557739258,265300,0.0,0.0
2022-10-11 00:00:00-04:00,38.82719827015262,39.22313731382887,38.616592942849465,39.029380798339844,310200,0.0,0.0
2022-10-12 00:00:00-04:00,39.012534390244824,39.290531768350746,38.675564560364805,38.99568557739258,232800,0.0,0.0
2022-10-13 00:00:00-04:00,38.54077210297456,39.644345094943795,37.93422777595855,38.96198272705078,202300,0.0,0.0
2022-10-14 00:00:00-04:00,38.94513564723626,39.568528812549665,38.136411984328745,38.20380401611328,177800,0.0,0.0
2022-10-17 00:00:00-04:00,38.48180799003354,38.99568553391553,38.17853578619614,38.692413330078125,430400,0.0,0.0
2022-10-18 00:00:00-04:00,39.34107485241761,39.82125473022461,38.987256239854354,39.82125473022461,440600,0.0,0.0
2022-10-19 00:00:00-04:00,39.54326060373443,40.149805059171854,39.130475904348295,39.9981689453125,330500,0.0,0.0
2022-10-20 00:00:00-04:00,39.99816270585616,40.571009443612716,38.6924103411631,39.02095413208008,226900,0.0,0.0
2022-10-21 00:00:00-04:00,39.2484110162703,39.7033193187465,39.02938287817941,39.501136779785156,251100,0.0,0.0
2022-10-24 00:00:00-04:00,39.888649503832205,40.42780186544058,39.61065213032362,40.30143737792969,234900,0.0,0.0
2022-10-25 00:00:00-04:00,40.360399986902344,41.06803393086984,40.183492304305936,40.94166946411133,279300,0.0,0.0
2022-10-26 00:00:00-04:00,40.2171884841114,40.34354973276419,37.01598543426579,37.563560485839844,402700,0.0,0.0
2022-10-27 00:00:00-04:00,37.52986579847006,38.91986213728015,37.52986579847006,38.355438232421875,302600,0.0,0.0
2022-10-28 00:00:00-04:00,38.59974521806696,39.686469508814895,38.31332183632523,39.56853103637695,283400,0.0,0.0
2022-10-31 00:00:00-04:00,39.3326561939799,40.29301934273602,39.03780997303468,40.225624084472656,256000,0.0,0.0
2022-11-01 00:00:00-04:00,40.3098598913294,40.49519361474134,39.728590322786125,40.0908317565918,241700,0.0,0.0
2022-11-02 00:00:00-04:00,39.87180172653637,40.1497990848572,38.18695912421155,38.22065353393555,263500,0.0,0.0
2022-11-03 00:00:00-04:00,38.01847702605152,38.71768508653719,37.75732524653527,38.28805160522461,157300,0.0,0.0
2022-11-04 00:00:00-04:00,38.63344333568608,38.8945918955365,38.03532495292767,38.66714096069336,190200,0.0,0.0
2022-11-07 00:00:00-05:00,38.86931656352426,39.83810230147881,38.64186243686757,39.686466217041016,180100,0.0,0.0
2022-11-08 00:00:00-05:00,39.49272083272639,40.20035502150127,37.925816328040376,38.25436019897461,237700,0.0,0.0
2022-11-09 00:00:00-05:00,38.069022026260086,38.66714366442347,37.38666274685313,37.52145004272461,257800,0.0,0.0
2022-11-10 00:00:00-05:00,38.759802264419086,40.04870902752816,38.599743375690444,39.425315856933594,268800,0.0,0.0
2022-11-11 00:00:00-05:00,39.30737598047026,40.23403808380542,38.523923949243475,39.39161682128906,203800,0.0,0.0
2022-11-14 00:00:00-05:00,39.3242298236729,39.91392542561413,38.79350346056754,38.80192947387695,221800,0.0,0.0
2022-11-15 00:00:00-05:00,39.61906946122323,39.888643998027,38.55762012425612,38.64186096191406,294400,0.0,0.0
2022-11-16 00:00:00-05:00,38.11956830371294,38.32175085344379,37.3529649591871,37.925811767578125,404700,0.0,0.0
2022-11-17 00:00:00-05:00,37.57198630735252,37.740471199363924,36.88120114232957,37.24344253540039,412700,0.0,0.0
2022-11-18 00:00:00-05:00,38.06059361708227,38.06901641589054,36.92332617661884,37.27714157104492,411200,0.0,0.0
2022-11-21 00:00:00-05:00,37.369812964050176,38.683988261320565,37.150781605450085,38.61659622192383,238500,0.0,0.0
2022-11-22 00:00:00-05:00,39.05465552131536,39.80441003208514,38.36387024980281,39.012535095214844,179800,0.0,0.0
2022-11-23 00:00:00-05:00,39.01253316101732,39.11362282136316,38.304899111431766,38.56604766845703,148600,0.0,0.0
2022-11-25 00:00:00-05:00,38.582904852926355,39.17260055780345,38.06902721315607,38.89459991455078,109800,0.0,0.0
2022-11-28 00:00:00-05:00,38.59132109256799,39.57695247571417,37.58883768412994,39.54325485229492,238700,0.0,0.0
2022-11-29 00:00:00-05:00,39.324230781966364,39.69489503705065,38.641868298488106,38.726112365722656,238400,0.0,0.0
2022-11-30 00:00:00-05:00,38.65028991072344,38.65028991072344,37.260293488672886,38.30489730834961,340100,0.0,0.0
2022-12-01 00:00:00-05:00,38.4396883162321,39.197865627065404,38.2290829720702,38.71768569946289,229400,0.0,0.0
2022-12-02 00:00:00-05:00,38.50707262979513,39.55167634124015,37.87525672406792,39.52640151977539,207000,0.0,0.0
2022-12-05 00:00:00-05:00,39.28064178249529,40.212870418729736,38.56875944857312,39.98405075073242,383800,0.28,0.0
2022-12-06 00:00:00-05:00,39.79760516626846,40.63661063223305,38.83995641398461,40.55186080932617,236100,0.0,0.0
2022-12-07 00:00:00-05:00,40.501008478595445,41.162040840353214,40.153542335508064,40.96712112426758,279900,0.0,0.0
2022-12-08 00:00:00-05:00,41.02644189682756,41.89087051998559,40.67897577473337,41.67900085449219,213000,0.0,0.0
2022-12-09 00:00:00-05:00,41.74680424665291,41.74680424665291,40.61118252585155,41.009498596191406,375200,0.0,0.0
2022-12-12 00:00:00-05:00,41.128141524234344,41.39933445783188,40.17049289185076,40.56880569458008,216700,0.0,0.0
2022-12-13 00:00:00-05:00,41.61119974188744,42.162062148535675,39.67894948598191,39.7975959777832,307600,0.0,0.0
2022-12-14 00:00:00-05:00,39.78065999714585,40.297622664133215,38.51791819592724,38.89928436279297,335300,0.0,0.0
2022-12-15 00:00:00-05:00,38.60265526901021,38.729778370883224,37.72127661930668,37.75517654418945,249900,0.0,0.0
2022-12-16 00:00:00-05:00,37.28906605124256,37.907725168238635,37.26364272254579,37.72975540161133,946600,0.0,0.0
2022-12-19 00:00:00-05:00,37.67043612528619,39.32302055551674,37.67043612528619,39.22979736328125,338100,0.0,0.0
2022-12-20 00:00:00-05:00,39.212839132261635,39.212839132261635,37.373808705215524,37.87382125854492,309000,0.0,0.0
2022-12-21 00:00:00-05:00,38.356875454206445,39.22978050680222,38.246705576971394,38.66196823120117,187700,0.0,0.0
2022-12-22 00:00:00-05:00,38.500966006942704,39.13657517073831,37.619587190589364,38.39079284667969,200100,0.0,0.0
2022-12-23 00:00:00-05:00,38.50943132247917,38.653504383914544,37.90772221577044,38.29756164550781,163200,0.0,0.0
2022-12-27 00:00:00-05:00,38.48401366363564,39.695908653028035,37.96705105842803,38.22977066040039,189500,0.0,0.0
2022-12-28 00:00:00-05:00,38.39078232402388,38.92469478047548,38.187389257768174,38.38230895996094,187200,0.0,0.0
2022-12-29 00:00:00-05:00,38.712827153494366,39.568779215351164,38.63655394141804,39.128089904785156,176000,0.0,0.0
2022-12-30 00:00:00-05:00,38.77215440256989,39.01792402603902,38.08569542308283,38.3060417175293,169000,0.0,0.0
2023-01-03 00:00:00-05:00,38.65350849662098,39.33996425400678,38.16196924196814,38.636558532714844,337700,0.0,0.0
2023-01-04 00:00:00-05:00,38.687407646197585,39.314540133734035,38.339941475299014,38.450111389160156,224300,0.0,0.0
2023-01-05 00:00:00-05:00,38.297556367348555,39.085711715688625,37.78059714240039,38.704345703125,171400,0.0,0.0
2023-01-06 00:00:00-05:00,39.05182208806591,39.873874271659744,39.05182208806591,39.7806510925293,212000,0.0,0.0
2023-01-09 00:00:00-05:00,39.86539428886246,39.96709081608871,39.22130873972284,39.57725143432617,254900,0.0,0.0
2023-01-10 00:00:00-05:00,39.61963356329445,40.47558572155515,39.20436753235854,40.2382926940918,353100,0.0,0.0
2023-01-11 00:00:00-05:00,40.33998472753506,40.90779713623196,40.297611439214315,40.88237380981445,178300,0.0,0.0
2023-01-12 00:00:00-05:00,41.25526528772416,41.25526528772416,40.38236322076573,40.950172424316406,172500,0.0,0.0
2023-01-13 00:00:00-05:00,40.50100756723473,41.238313125902394,40.50100756723473,40.97559356689453,127100,0.0,0.0
2023-01-17 00:00:00-05:00,41.08577203508043,41.08577203508043,39.61963409192325,40.1365966796875,177900,0.0,0.0
2023-01-18 00:00:00-05:00,40.02642365873321,41.00102557974011,39.67895747724706,39.89082717895508,167400,0.0,0.0
2023-01-19 00:00:00-05:00,39.60268596722867,39.789132347311295,39.06030002467036,39.2382698059082,223800,0.0,0.0
2023-01-20 00:00:00-05:00,39.50945778851383,39.84845057624735,38.93317198909172,39.738277435302734,190800,0.0,0.0
2023-01-23 00:00:00-05:00,39.653525716273556,39.865395372933015,38.085688317268946,38.15348815917969,235800,0.0,0.0
2023-01-24 00:00:00-05:00,37.98399901999609,38.71283129494504,37.7975526521138,38.111122131347656,220700,0.0,0.0
2023-01-25 00:00:00-05:00,38.085696807849644,42.729880329224436,38.085696807849644,42.356990814208984,592200,0.0,0.0
2023-01-26 00:00:00-05:00,42.32309111529951,42.73835715964635,40.2721939222757,42.64513397216797,374200,0.0,0.0
2023-01-27 00:00:00-05:00,42.687502422126876,43.5688810709655,41.7807004460885,42.22138977050781,428900,0.0,0.0
2023-01-30 00:00:00-05:00,42.06036713962272,42.32308345729808,40.85694575163951,41.289161682128906,281300,0.0,0.0
2023-01-31 00:00:00-05:00,41.577315501625456,43.31464657931597,41.577315501625456,43.13667678833008,404800,0.0,0.0
2023-02-01 00:00:00-05:00,43.06886329593881,45.15365992942005,42.96716676654017,44.958740234375,481700,0.0,0.0
2023-02-02 00:00:00-05:00,45.212998402493945,45.76386098528178,44.611289154318314,45.73843765258789,447300,0.0,0.0
2023-02-03 00:00:00-05:00,45.48419210307356,45.72996176586339,44.68756308178554,45.39097213745117,335000,0.0,0.0
2023-02-06 00:00:00-05:00,45.2892640760418,45.857076530166665,43.721429652616706,44.229915618896484,297400,0.0,0.0
2023-02-07 00:00:00-05:00,43.91634640871913,44.95874483206014,43.61125355644864,44.46720886230469,254900,0.0,0.0
2023-02-08 00:00:00-05:00,44.323145248356475,45.026554278010344,44.111275526105366,44.831634521484375,243300,0.0,0.0
2023-02-09 00:00:00-05:00,45.00111949748355,45.56893193055067,44.49263355006135,44.88247299194336,319400,0.0,0.0
2023-02-10 00:00:00-05:00,44.950265714699825,45.22145860803857,44.39092996807938,44.78076934814453,281900,0.0,0.0
2023-02-13 00:00:00-05:00,44.78077970649961,45.899451458503286,44.78077970649961,45.76385498046875,266600,0.0,0.0
2023-02-14 00:00:00-05:00,45.44181468466082,45.99267722610283,45.34859149461292,45.83165740966797,241900,0.0,0.0
2023-02-15 00:00:00-05:00,45.34010906394469,46.28928427372332,45.26383585396139,46.18758773803711,238300,0.0,0.0
2023-02-16 00:00:00-05:00,45.72995539638301,46.87405371921719,45.611308881320596,46.58591079711914,262700,0.0,0.0
2023-02-17 00:00:00-05:00,46.814726501307824,47.20456594149803,46.035044388052626,46.10284423828125,350000,0.0,0.0
2023-02-21 00:00:00-05:00,45.44180952459382,45.82317560745021,43.87397513525351,43.907875061035156,275500,0.0,0.0
2023-02-22 00:00:00-05:00,43.9078690644893,44.7044978143124,43.56040295486839,43.933292388916016,302800,0.0,0.0
2023-02-23 00:00:00-05:00,43.890920897486296,43.890920897486296,42.450206518400975,42.84004592895508,245700,0.0,0.0
2023-02-24 00:00:00-05:00,42.55190647756427,43.05191906016622,42.450209934643055,42.79767608642578,230200,0.0,0.0
2023-02-27 00:00:00-05:00,43.12819174423988,43.47565789174184,42.645129130221896,42.89937210083008,226400,0.0,0.0
2023-02-28 00:00:00-05:00,42.96717245308752,43.534981652991306,42.42478658067948,42.746826171875,291000,0.0,0.0
2023-03-01 00:00:00-05:00,42.3400392222985,42.68750539400946,39.25521696947431,42.331565856933594,222700,0.0,0.0
2023-03-02 00:00:00-05:00,42.02647056745072,43.04344569528729,41.71290434093334,42.79767608642578,209100,0.0,0.0
2023-03-03 00:00:00-05:00,42.98412191294932,42.98412191294932,42.03494341446243,42.89937210083008,214500,0.0,0.0
2023-03-06 00:00:00-05:00,43.11124232380345,43.11124232380345,41.7891775668702,42.119693756103516,214100,0.0,0.0
2023-03-07 00:00:00-05:00,42.12821990172308,42.62254083688014,41.67651233579119,42.56288146972656,201600,0.28,0.0
2023-03-08 00:00:00-05:00,42.75038291434225,42.75038291434225,42.23901599658454,42.51174545288086,188600,0.0,0.0
2023-03-09 00:00:00-05:00,42.605491679447816,43.15947189840305,40.815701180568674,42.5713996887207,287900,0.0,0.0
2023-03-10 00:00:00-05:00,42.34128415372437,42.34128415372437,40.849793678405305,40.969112396240234,315000,0.0,0.0
2023-03-13 00:00:00-04:00,40.45775046944274,41.258892852064484,40.2191097534684,41.088436126708984,327000,0.0,0.0
2023-03-14 00:00:00-04:00,42.034465745666296,42.4179925455922,41.14809341943566,42.06855773925781,401400,0.0,0.0
2023-03-15 00:00:00-04:00,41.34411405080697,42.2390109262476,40.61115575698908,41.64241409301758,276000,0.0,0.0
2023-03-16 00:00:00-04:00,41.07990967126056,42.28162472211834,40.66229090836504,41.93218994140625,419900,0.0,0.0
2023-03-17 00:00:00-04:00,41.56571089236593,41.73616760371645,40.363995791572194,40.483314514160156,751700,0.0,0.0
2023-03-20 00:00:00-04:00,40.611159290084444,42.45208468485426,40.577067296375944,41.1054801940918,445000,0.0,0.0
2023-03-21 00:00:00-04:00,41.64242229709267,42.08560851048557,40.875368610221926,41.003211975097656,354100,0.0,0.0
2023-03-22 00:00:00-04:00,40.93501829843044,42.077073933662504,40.93501829843044,41.23331832885742,254900,0.0,0.0
2023-03-23 00:00:00-04:00,41.37820576004949,41.79582451582676,40.7901335541014,41.13956832885742,228100,0.0,0.0
2023-03-24 00:00:00-04:00,40.84127475775945,41.77026051357885,40.57706991743108,41.70207977294922,226700,0.0,0.0
2023-03-27 00:00:00-04:00,42.05151526876072,42.12822063517815,41.31855360103673,41.710601806640625,179300,0.0,0.0
2023-03-28 00:00:00-04:00,41.63389593607696,42.332765598887946,41.63389593607696,42.239017486572266,171000,0.0,0.0
2023-03-29 00:00:00-04:00,42.366853064465126,42.366853064465126,41.25888932125788,41.557186126708984,310000,0.0,0.0
2023-03-30 00:00:00-04:00,41.79583127243205,42.15378747708642,41.07139098733033,41.523101806640625,299400,0.0,0.0
2023-03-31 00:00:00-04:00,41.88106130537846,42.443566279215105,41.76174256110885,42.12822341918945,293500,0.0,0.0
2023-04-03 00:00:00-04:00,42.00037868600457,42.59697563917455,41.65094383862086,42.22197341918945,232600,0.0,0.0
2023-04-04 00:00:00-04:00,42.43503677236582,42.43503677236582,40.85831627203569,40.977638244628906,177600,0.0,0.0
2023-04-05 00:00:00-04:00,40.89240836729682,40.89240836729682,39.96342271107973,40.01456069946289,207900,0.0,0.0
2023-04-06 00:00:00-04:00,40.05716975802963,40.219101827048235,39.545802933935434,39.758872985839844,324900,0.0,0.0
2023-04-10 00:00:00-04:00,39.66512397071412,40.20205819216782,39.57137262218345,40.142398834228516,394000,0.0,0.0
2023-04-11 00:00:00-04:00,40.4748052417855,40.90946689704195,40.22764309899638,40.49184799194336,266500,0.0,0.0
2023-04-12 00:00:00-04:00,40.73047596051528,40.86684067727317,39.716260331636654,40.44070053100586,323500,0.0,0.0
2023-04-13 00:00:00-04:00,40.49183895601034,40.76457166555938,39.801493936939394,40.61968231201172,204000,0.0,0.0
2023-04-14 00:00:00-04:00,40.87536213578245,41.3441156474257,40.30433589915316,40.37251663208008,250000,0.0,0.0
2023-04-17 00:00:00-04:00,40.5941183371207,41.361168783720466,40.057180748666546,40.3640022277832,222400,0.0,0.0
2023-04-18 00:00:00-04:00,40.662289166975235,40.994677937906694,40.44921910856368,40.80717849731445,279900,0.0,0.0
2023-04-19 00:00:00-04:00,40.67081917461256,41.32707543154846,40.50888382801797,41.216278076171875,156200,0.0,0.0
2023-04-20 00:00:00-04:00,40.65376705612961,41.344111952071174,40.508877728424295,41.05433654785156,270800,0.0,0.0
2023-04-21 00:00:00-04:00,41.08843603516783,41.2759387577603,40.628203853090824,41.156620025634766,178000,0.0,0.0
2023-04-24 00:00:00-04:00,41.079909563821566,42.17935188971996,41.079909563821566,42.111167907714844,226300,0.0,0.0
2023-04-25 00:00:00-04:00,41.77025515499443,41.98332522531435,40.91797487371472,41.224796295166016,256100,0.0,0.0
2023-04-26 00:00:00-04:00,40.91797649897779,41.207751936170425,40.64524705823076,40.73899841308594,170400,0.0,0.0
2023-04-27 00:00:00-04:00,40.78161410470339,41.804351191435245,40.52593064581831,41.76173782348633,162900,0.0,0.0
2023-04-28 00:00:00-04:00,41.70207915845948,42.40947018162774,41.38673632891178,41.65946578979492,174600,0.0,0.0
2023-05-01 00:00:00-04:00,41.5316167075637,42.06855418205802,41.43786535871012,41.67650604248047,156900,0.0,0.0
2023-05-02 00:00:00-04:00,41.54866482848347,41.56571082470991,40.329903733419314,41.41230010986328,174200,0.0,0.0
2023-05-03 00:00:00-04:00,41.34411752361552,42.05151176058272,41.23332342118254,41.28445816040039,149700,0.0,0.0
2023-05-04 00:00:00-04:00,41.13956785342419,41.13956785342419,40.48331167403894,40.88388442993164,117700,0.0,0.0
2023-05-05 00:00:00-04:00,41.23332877148156,41.88106047808968,41.173669400525235,41.61685562133789,134600,0.0,0.0
2023-05-08 00:00:00-04:00,41.63389564649236,42.06856046496838,41.25037207290862,41.88105773925781,155300,0.0,0.0
2023-05-09 00:00:00-04:00,41.55718435123866,42.537307957888785,41.29297954946726,42.179351806640625,200700,0.0,0.0
2023-05-10 00:00:00-04:00,42.588450234517715,42.78447432535635,41.08843499416505,41.68503189086914,170400,0.0,0.0
2023-05-11 00:00:00-04:00,41.548670593309915,42.315724273970815,41.26741649333699,41.395259857177734,227300,0.0,0.0
2023-05-12 00:00:00-04:00,41.497530914482404,42.136741205377525,41.497530914482404,41.88105773925781,160000,0.0,0.0
2023-05-15 00:00:00-04:00,41.97480361163312,41.97480361163312,41.344114776589,41.50605010986328,167200,0.0,0.0
2023-05-16 00:00:00-04:00,41.19071198060466,41.51457618143122,40.61116106696863,41.26741409301758,281800,0.0,0.0
2023-05-17 00:00:00-04:00,41.29298557559641,42.06003597643605,40.7560480191745,41.70207977294922,451500,0.0,0.0
2023-05-18 00:00:00-04:00,38.5486400635833,38.70205078756699,34.98610791985818,38.39522933959961,1139700,0.0,0.0
2023-05-19 00:00:00-04:00,38.88102789182834,39.17080333517576,37.696358748822895,38.02874755859375,352400,0.0,0.0
2023-05-22 00:00:00-04:00,38.028756332098915,38.16512108682911,36.844086915781794,36.85261154174805,397100,0.0,0.0
2023-05-23 00:00:00-04:00,36.64806085775517,37.50886271714539,36.520217484518746,36.94635772705078,334500,0.0,0.0
2023-05-24 00:00:00-04:00,37.287267510380325,37.40658624622287,36.503171102734065,36.76737594604492,218200,0.0,0.0
2023-05-25 00:00:00-04:00,36.35827920750843,36.69919264429591,35.795774312643125,35.991798400878906,276400,0.0,0.0
2023-05-26 00:00:00-04:00,35.93214214270823,36.92078729341001,35.77021003439382,36.80998992919922,224700,0.0,0.0
2023-05-30 00:00:00-04:00,36.84407786255369,37.15089929810334,36.24748098800619,36.3071403503418,238800,0.0,0.0
2023-05-31 00:00:00-04:00,35.45486275217409,36.596918599302334,35.02872255923358,35.25883865356445,399500,0.0,0.0
2023-06-01 00:00:00-04:00,35.36963728909933,35.59975339172564,34.84122434113805,35.233272552490234,268700,0.0,0.0
2023-06-02 00:00:00-04:00,35.44779309058737,36.580474632738564,35.41346861394951,36.42601776123047,277200,0.28,0.0
2023-06-05 00:00:00-04:00,36.211490469205124,36.39168904049524,35.73954042724259,36.34020233154297,234100,0.0,0.0
2023-06-06 00:00:00-04:00,36.27156482205629,37.052428746731444,36.08278345344386,36.84648513793945,269900,0.0,0.0
2023-06-07 00:00:00-04:00,37.043843013055394,37.85045186986074,37.03526353033639,37.62734603881836,237600,0.0,0.0
2023-06-08 00:00:00-04:00,37.47288374159779,37.670247822567205,36.29729837743035,36.34020233154297,367000,0.0,0.0
2023-06-09 00:00:00-04:00,36.39169964850057,36.39169964850057,35.38773308149405,35.422054290771484,377100,0.0,0.0
2023-06-12 00:00:00-04:00,35.49070322547842,35.979815645910946,35.04449477162786,35.30192184448242,353700,0.0,0.0
2023-06-13 00:00:00-04:00,35.49927620145967,36.52040809506804,35.130296264445896,36.35736846923828,390700,0.0,0.0
2023-06-14 00:00:00-04:00,36.34020861588041,36.65770513261479,34.92435824514883,35.01016616821289,401500,0.0,0.0
2023-06-15 00:00:00-04:00,35.010166754054616,35.42205068370673,34.5982828244025,35.3534049987793,438600,0.0,0.0
2023-06-16 00:00:00-04:00,35.78244939673017,36.79499856784683,33.69728485564775,33.89464569091797,824800,0.0,0.0
2023-06-20 00:00:00-04:00,33.894645978109814,34.70983432086341,33.825997022636415,34.22930145263672,416200,0.0,0.0
2023-06-21 00:00:00-04:00,34.07484451618823,34.64118530439714,33.84315920191698,34.2722053527832,275500,0.0,0.0
2023-06-22 00:00:00-04:00,34.16065609145274,34.529636047182784,33.62005701878928,34.46098709106445,226600,0.0,0.0
2023-06-23 00:00:00-04:00,34.07484419170487,34.37517845846866,33.928970073013396,34.04051971435547,684300,0.0,0.0
2023-06-26 00:00:00-04:00,34.18640066189835,34.40950324114816,33.49134465341548,33.64580154418945,276700,0.0,0.0
2023-06-27 00:00:00-04:00,33.834575660151955,34.28078399632611,33.379787842269174,33.99761199951172,244100,0.0,0.0
2023-06-28 00:00:00-04:00,34.03194057945732,34.332271575927734,33.69728510528675,34.332271575927734,202800,0.0,0.0
2023-06-29 00:00:00-04:00,34.4609866219744,34.89861225450333,34.22072182555557,34.255043029785156,264600,0.0,0.0
2023-06-30 00:00:00-04:00,34.55538216437219,35.010170099735205,34.323696818046834,34.864295959472656,219200,0.0,0.0
2023-07-03 00:00:00-04:00,34.81280976011375,35.49928305214038,34.81280976011375,35.43063735961914,142300,0.0,0.0
2023-07-05 00:00:00-04:00,35.327663378760555,35.50786527481104,34.62402785585962,34.864295959472656,290900,0.0,0.0
2023-07-06 00:00:00-04:00,34.435248617145376,34.70125516378774,33.783096565959625,34.11775207519531,223200,0.0,0.0
2023-07-07 00:00:00-04:00,34.23788431645233,34.5038908363426,33.9118083236527,34.3065299987793,249300,0.0,0.0
2023-07-10 00:00:00-04:00,34.19498083672947,35.04449375315998,34.19498083672947,34.40950393676758,1000700,0.0,0.0
2023-07-11 00:00:00-04:00,34.39234160616648,35.095977043615385,34.39234160616648,34.778480529785156,271100,0.0,0.0
2023-07-12 00:00:00-04:00,35.344817886067375,37.45572726623857,34.96725848209438,35.02732467651367,191000,0.0,0.0
2023-07-13 00:00:00-04:00,35.05306639601849,35.49927474982044,34.76131490596959,35.02732467651367,189100,0.0,0.0
2023-07-14 00:00:00-04:00,35.06164937875916,35.36198035280289,34.684086698976046,35.344818115234375,225400,0.0,0.0
2023-07-17 00:00:00-04:00,35.138880274355024,35.422049030680235,33.74877166748047,33.74877166748047,371700,0.0,0.0
2023-07-18 00:00:00-04:00,33.69728484437946,34.38375802625552,33.62005640683326,34.057682037353516,366700,0.0,0.0
2023-07-19 00:00:00-04:00,34.074844262997296,34.400920251774195,33.67154311006615,33.83457946777344,477200,0.0,0.0
2023-07-20 00:00:00-04:00,33.89464520185422,33.89464520185422,32.787705370414564,33.465599060058594,537000,0.0,0.0
2023-07-21 00:00:00-04:00,33.73160853849532,34.04051900814426,33.1738472499071,33.29397964477539,422900,0.0,0.0
2023-07-24 00:00:00-04:00,33.50849634504193,34.26361832073168,33.208165414952525,34.023353576660156,431900,0.0,0.0
2023-07-25 00:00:00-04:00,33.80884142244306,34.10059296552105,33.37121247114473,33.63722229003906,604300,0.0,0.0
2023-07-26 00:00:00-04:00,32.882099774440796,33.77451663618985,30.891325712608378,31.7150936126709,1276100,0.0,0.0
2023-07-27 00:00:00-04:00,32.04974889344388,32.4873778377297,31.44908684969886,31.50057029724121,533300,0.0,0.0
2023-07-28 00:00:00-04:00,31.50914938199866,32.04974515836818,31.4061759521892,31.474824905395508,353000,0.0,0.0
2023-07-31 00:00:00-04:00,31.457662810755913,31.93819566530781,31.34610989796735,31.44908332824707,488100,0.0,0.0
2023-08-01 00:00:00-04:00,31.37185814990705,31.852387780995407,30.917066969017927,30.942811965942383,334600,0.0,0.0
2023-08-02 00:00:00-04:00,30.59098388070374,30.668212298634618,29.672825619393016,30.239166259765625,729600,0.0,0.0
2023-08-03 00:00:00-04:00,30.47085840083076,31.157334910618786,30.16194789946126,30.96855354309082,601900,0.0,0.0
2023-08-04 00:00:00-04:00,31.062945406580056,31.09726988804557,30.282081456734566,30.307823181152344,318500,0.0,0.0
2023-08-07 00:00:00-04:00,30.290658586241328,30.462277706868008,29.672834334692734,29.71573829650879,363000,0.0,0.0
2023-08-08 00:00:00-04:00,29.54411550014768,30.12761847366432,29.260943495340165,29.95599937438965,330500,0.0,0.0
2023-08-09 00:00:00-04:00,29.878770708749474,30.024648087664104,29.475466319625415,29.638505935668945,574100,0.0,0.0
2023-08-10 00:00:00-04:00,29.827287814027464,30.17910553678301,29.36392044570336,29.57844352722168,321100,0.0,0.0
2023-08-11 00:00:00-04:00,29.458313061245168,29.7157401213122,29.192303244270388,29.698577880859375,297500,0.0,0.0
2023-08-14 00:00:00-04:00,29.66425315217471,29.66425315217471,29.063587834793744,29.647090911865234,290700,0.0,0.0
2023-08-15 00:00:00-04:00,29.466886586304827,29.767217550092806,29.20087682311976,29.75005531311035,274100,0.0,0.0
2023-08-16 00:00:00-04:00,29.681417205214398,30.101883935068987,29.31243719943267,29.56986427307129,392500,0.0,0.0
2023-08-17 00:00:00-04:00,29.569861492462184,29.775805096024826,28.823322067102353,28.83190155029297,370300,0.0,0.0
2023-08-18 00:00:00-04:00,28.797579187744716,29.526956344071213,28.797579187744716,29.372499465942383,332200,0.0,0.0
2023-08-21 00:00:00-04:00,29.588794359645394,29.597444601551476,29.121602088092196,29.337894439697266,390200,0.28,0.0
2023-08-22 00:00:00-04:00,29.476318404283333,29.75317232205267,28.9658683745788,29.64069938659668,227200,0.0,0.0
2023-08-23 00:00:00-04:00,29.51957382264694,30.151146977750592,29.502270041640962,30.10788917541504,331000,0.0,0.0
2023-08-24 00:00:00-04:00,29.92621150128147,29.92621150128147,29.13890743132901,29.190818786621094,387700,0.0,0.0
2023-08-25 00:00:00-04:00,29.398454871730404,29.79643199086184,28.740927601007133,28.7841854095459,304400,0.0,0.0
2023-08-28 00:00:00-04:00,29.026429913804947,29.242722242969453,28.913956978538877,29.052387237548828,282400,0.0,0.0
2023-08-29 00:00:00-04:00,28.99182593478557,29.12160266847878,28.75823309471289,28.870702743530273,279900,0.0,0.0
2023-08-30 00:00:00-04:00,28.95721561187564,29.277327307602846,28.85339292648405,28.88800048828125,277500,0.0,0.0
2023-08-31 00:00:00-04:00,28.983172688446793,29.26868015283371,28.299688122513658,28.325645446777344,461800,0.0,0.0
2023-09-01 00:00:00-04:00,28.46407183819265,29.069687719566044,28.46407183819265,29.052387237548828,348700,0.0,0.0
2023-09-05 00:00:00-04:00,28.94856427499651,28.94856427499651,28.00552959656493,28.342945098876953,413800,0.0,0.0
2023-09-06 00:00:00-04:00,28.38620624292056,28.446767830578384,27.728675719265656,28.08339500427246,351800,0.0,0.0
2023-09-07 00:00:00-04:00,27.944968102135228,27.953621643451505,27.027889093970646,27.036540985107422,365600,0.0,0.0
2023-09-08 00:00:00-04:00,27.105756058948486,27.26148680821476,26.915419393278377,27.05384635925293,306400,0.0,0.0
2023-09-11 00:00:00-04:00,27.079802051092493,27.149015538340677,26.275195880649743,26.361711502075195,388800,0.0,0.0
2023-09-12 00:00:00-04:00,26.396316637812202,26.638564645942438,25.660922372220014,25.69552993774414,456000,0.0,0.0
2023-09-13 00:00:00-04:00,25.842607704220438,26.180023202995116,25.66092129321751,25.998336791992188,427200,0.0,0.0
2023-09-14 00:00:00-04:00,26.067552001996585,26.491486439111714,25.998338519439347,26.188676834106445,707400,0.0,0.0
2023-09-15 00:00:00-04:00,26.231936534334228,26.353059725002673,25.522497874396702,25.57440757751465,1459700,0.0,0.0
2023-09-18 00:00:00-04:00,25.6609196606582,25.764740696080374,25.21103125746108,25.634963989257812,499200,0.0,0.0
2023-09-19 00:00:00-04:00,25.66091975960314,25.96372932639108,25.444627447637384,25.461931228637695,295200,0.0,0.0
2023-09-20 00:00:00-04:00,25.45328176284743,25.59170872367788,25.055303012825224,25.176427841186523,273900,0.0,0.0
2023-09-21 00:00:00-04:00,25.055306215221115,25.375419634418428,24.99474461838967,25.02935218811035,316700,0.0,0.0
2023-09-22 00:00:00-04:00,24.99474247650346,25.08991163490021,24.51024809319016,24.605417251586914,399900,0.0,0.0
2023-09-25 00:00:00-04:00,24.596764996196665,24.84766325074235,24.276651609164354,24.354516983032227,305500,0.0,0.0
2023-09-26 00:00:00-04:00,24.250695272436634,24.458335699559925,23.65372801309504,23.679683685302734,305800,0.0,0.0
2023-09-27 00:00:00-04:00,23.91328099451681,24.051707962488397,23.5153038741434,23.80946159362793,270000,0.0,0.0
2023-09-28 00:00:00-04:00,23.731593433062915,23.921930079143692,23.53260489622673,23.844064712524414,391300,0.0,0.0
2023-09-29 00:00:00-04:00,24.11227028546843,24.23339346528017,23.792156902877974,24.025753021240234,344500,0.0,0.0
2023-10-02 00:00:00-04:00,23.96519372010355,23.991147746725023,22.68474171763314,22.788562774658203,617900,0.0,0.0
2023-10-03 00:00:00-04:00,22.753951436957134,23.350918703073916,22.71934552380021,23.316312789916992,501300,0.0,0.0
2023-10-04 00:00:00-04:00,23.37687873840332,23.57586731418634,23.169238270171505,23.37687873840332,385100,0.0,0.0
2023-10-05 00:00:00-04:00,23.385530630852113,23.645080803596944,23.03946153361934,23.37687873840332,385600,0.0,0.0
2023-10-06 00:00:00-04:00,23.195190496082304,23.80080971902968,23.14328079560041,23.281707763671875,406000,0.0,0.0
2023-10-09 00:00:00-04:00,23.20384108865979,23.489346900593965,22.901031494140625,22.901031494140625,316800,0.0,0.0
2023-10-10 00:00:00-04:00,22.97024514129505,23.818112342148623,22.97024514129505,23.420133590698242,456500,0.0,0.0
2023-10-11 00:00:00-04:00,23.54990940477203,23.70564015373062,22.67608815242186,22.866426467895508,362100,0.0,0.0
2023-10-12 00:00:00-04:00,22.91833641777354,22.91833641777354,22.20024590653988,22.762605667114258,504700,0.0,0.0
2023-10-13 00:00:00-04:00,22.805864977659404,23.15193239344445,22.00125720459691,22.24350357055664,358800,0.0,0.0
2023-10-16 00:00:00-04:00,22.494401471419955,23.385526431467735,22.32136695387571,23.125974655151367,416400,0.0,0.0
2023-10-17 00:00:00-04:00,22.883728888946727,23.23844817371266,22.641480888300443,22.926986694335938,437400,0.0,0.0
2023-10-18 00:00:00-04:00,22.79721085629405,22.84046866021897,22.34732243468536,22.60687255859375,347400,0.0,0.0
2023-10-19 00:00:00-04:00,22.4511448645038,22.529010236533534,21.73305438370256,21.759008407592773,463100,0.0,0.0
2023-10-20 00:00:00-04:00,21.79361695680127,21.88013422409305,21.585976505408762,21.629234313964844,415900,0.0,0.0
2023-10-23 00:00:00-04:00,21.61192704773577,21.85417502707888,21.283163465222373,21.35237693786621,793000,0.0,0.0
2023-10-24 00:00:00-04:00,21.58597865055155,21.836876935433576,21.300472795241774,21.361034393310547,924700,0.0,0.0
2023-10-25 00:00:00-04:00,22.399232129431148,22.753951402189692,19.656645446033522,22.60687255859375,1409600,0.0,0.0
2023-10-26 00:00:00-04:00,22.278104937965598,22.477093440397635,21.412935814161106,22.269453048706055,597900,0.0,0.0
2023-10-27 00:00:00-04:00,22.32136709799607,22.63282857151491,22.165638011416117,22.51170539855957,447300,0.0,0.0
2023-10-30 00:00:00-04:00,22.45114382068334,22.606872907322952,21.490805377085298,21.542715072631836,585600,0.0,0.0
2023-10-31 00:00:00-04:00,21.47350311279297,21.68114355983335,21.1187838094932,21.47350311279297,436600,0.0,0.0
2023-11-01 00:00:00-04:00,21.386984369282896,21.87148036240704,20.76406307121117,21.283164978027344,486700,0.0,0.0
2023-11-02 00:00:00-04:00,21.715752187864794,22.6933928800864,21.715752187864794,22.468448638916016,600900,0.0,0.0
2023-11-03 00:00:00-04:00,22.918336025470815,23.47204388484389,22.805864735353005,23.221145629882812,432600,0.0,0.0
2023-11-06 00:00:00-05:00,23.013505576549683,23.350921102858386,22.71934785867762,22.762605667114258,421900,0.0,0.0
2023-11-07 00:00:00-05:00,22.6587849283315,23.37687539714728,22.433840707353365,23.350919723510742,465000,0.0,0.0
2023-11-08 00:00:00-05:00,23.255753492810776,23.671036072284686,22.814518536798033,23.039461135864258,485100,0.0,0.0
2023-11-09 00:00:00-05:00,22.97024782119626,23.1432823681327,22.63283226986792,22.684741973876953,277500,0.0,0.0
2023-11-10 00:00:00-05:00,22.771258010133515,23.748900341901418,22.511707854010513,23.264404296875,389500,0.0,0.0
2023-11-13 00:00:00-05:00,23.05676466479033,23.48934937388651,23.05676466479033,23.143281936645508,305700,0.0,0.0
2023-11-14 00:00:00-05:00,23.835415692617463,24.46699059239693,23.835415692617463,24.242046356201172,411100,0.0,0.0
2023-11-15 00:00:00-05:00,24.25934810954395,25.39271943728933,24.24204432739712,25.202381134033203,622100,0.0,0.0
2023-11-16 00:00:00-05:00,24.899574831160656,25.00339423049481,24.32856318428401,24.432382583618164,541500,0.0,0.0
2023-11-17 00:00:00-05:00,24.683281560599905,24.908225784254086,24.397775747919507,24.830360412597656,414600,0.0,0.0
2023-11-20 00:00:00-05:00,24.691936634232448,25.176431059063752,24.492946408698025,25.02935218811035,369400,0.0,0.0
2023-11-21 00:00:00-05:00,24.700586380569153,24.942834413211063,24.432384321337555,24.7871036529541,396300,0.0,0.0
2023-11-22 00:00:00-05:00,24.925527559345692,25.254292823888097,24.70058333891655,25.107213973999023,306900,0.0,0.0
2023-11-24 00:00:00-05:00,25.107213548973235,25.41867337568147,25.020696288706702,25.297550201416016,198000,0.0,0.0
2023-11-27 00:00:00-05:00,25.185082496611447,25.30620568808666,24.951486355755208,25.219688415527344,471000,0.0,0.0
2023-11-28 00:00:00-05:00,25.072607132031745,25.738787921332868,24.432382017052074,25.505191802978516,443800,0.0,0.0
2023-11-29 00:00:00-05:00,25.825306956219464,26.379014844937764,25.505193551691903,25.513845443725586,538600,0.0,0.0
2023-11-30 00:00:00-05:00,25.600362098242826,25.600362098242826,24.85631590303575,25.02069854736328,473000,0.0,0.0
2023-12-01 00:00:00-05:00,25.089910629552,25.90317026373258,24.813056707323604,25.868562698364258,426800,0.0,0.0
2023-12-04 00:00:00-05:00,25.825306456985626,26.647216382140897,25.825306456985626,26.41362190246582,507700,0.0,0.0
2023-12-05 00:00:00-05:00,26.205979554711842,26.526091279742094,25.634966284043117,25.704179763793945,484900,0.0,0.0
2023-12-06 00:00:00-05:00,26.015638918899946,26.257886901432094,25.557100275415404,25.634963989257812,489200,0.0,0.0
2023-12-07 00:00:00-05:00,25.792183867938665,26.945102054287567,25.28559855375741,26.7180118560791,446300,0.28,0.0
2023-12-08 00:00:00-05:00,26.621934144727636,27.084848960621425,26.359907896287986,26.490921020507812,352500,0.0,0.0
2023-12-11 00:00:00-05:00,26.490923650401175,27.00624343395695,26.44725315996659,26.997509002685547,514700,0.0,0.0
2023-12-12 00:00:00-05:00,27.01497764862405,27.01497764862405,26.482189006797334,26.814090728759766,405800,0.0,0.0
2023-12-13 00:00:00-05:00,26.883964607427448,27.521563094078374,25.7135774770675,27.469158172607422,420600,0.0,0.0
2023-12-14 00:00:00-05:00,28.045614331794013,29.277140684230776,28.045614331794013,29.050048828125,585800,0.0,0.0
2023-12-15 00:00:00-05:00,29.24220441517171,29.24220441517171,28.220301007481577,28.307641983032227,802200,0.0,0.0
2023-12-18 00:00:00-05:00,28.34258200850783,28.52600007117165,27.084852200518572,27.460424423217773,419100,0.0,0.0
2023-12-19 00:00:00-05:00,27.600171624783982,28.04561762718568,27.55649946812356,27.932071685791016,285900,0.0,0.0
2023-12-20 00:00:00-05:00,27.98447549587171,28.281439467994364,27.20712784370487,27.215862274169922,454800,0.0,0.0
2023-12-21 00:00:00-05:00,27.5128280353704,27.678778893153122,26.918900052503712,27.242067337036133,507600,0.0,0.0
2023-12-22 00:00:00-05:00,27.338143430821393,27.547766449016052,27.224599156394838,27.233333587646484,326400,0.0,0.0
2023-12-26 00:00:00-05:00,27.495363874361683,27.495363874361683,26.604471747740156,26.62194061279297,243500,0.0,0.0
2023-12-27 00:00:00-05:00,26.569529894022157,26.656872534331487,26.09788063590516,26.10661506652832,274600,0.0,0.0
2023-12-28 00:00:00-05:00,25.940666365021443,26.202692624901523,25.792184373510107,25.984336853027344,241400,0.0,0.0
2023-12-29 00:00:00-05:00,26.080416410504817,26.132821334289137,25.47775395625641,25.626235961914062,288300,0.0,0.0
2024-01-02 00:00:00-05:00,25.521424542394822,26.028009916635185,25.268132688235887,25.460285186767578,397800,0.0,0.0
2024-01-03 00:00:00-05:00,25.32053626969405,25.32053626969405,24.674203355168466,24.726608276367188,498100,0.0,0.0
2024-01-04 00:00:00-05:00,24.770281754131958,25.02357360837767,24.447114446662603,24.569393157958984,401900,0.0,0.0
2024-01-05 00:00:00-05:00,24.359769735898954,24.962432141604467,24.1326795298951,24.150148391723633,346100,0.0,0.0
2024-01-08 00:00:00-05:00,24.123947950452536,24.473316874580817,23.888123301945033,24.464582443237305,641500,0.0,0.0
2024-01-09 00:00:00-05:00,24.289898008754406,24.656735808566037,24.150150434152117,24.569393157958984,357000,0.0,0.0
2024-01-10 00:00:00-05:00,24.49078662730502,24.656735831095308,24.35977181831348,24.639266967773438,374600,0.0,0.0
2024-01-11 00:00:00-05:00,24.613065289706594,25.049776876348876,24.368506201454817,24.944965362548828,382500,0.0,0.0
2024-01-12 00:00:00-05:00,25.206991103052726,25.38167472283374,24.455846706819543,24.621797561645508,422200,0.0,0.0
2024-01-16 00:00:00-05:00,24.28989709785958,25.38167602469875,24.20255445052796,25.14585304260254,417500,0.0,0.0
2024-01-17 00:00:00-05:00,24.85762133250532,24.910027919458166,24.246226144690397,24.516986846923828,405500,0.0,0.0
2024-01-18 00:00:00-05:00,24.613065708149996,25.08471336346238,24.403444342908656,25.05851173400879,359700,0.0,0.0
2024-01-19 00:00:00-05:00,25.189520493878906,25.73977627360479,24.770277836380878,25.652435302734375,366000,0.0,0.0
2024-01-22 00:00:00-05:00,25.72231264668963,26.71801451283266,25.661171626308903,26.47345542907715,414000,0.0,0.0
2024-01-23 00:00:00-05:00,26.875228629813428,27.495358218318078,25.870792418815544,25.94066619873047,523900,0.0,0.0
2024-01-24 00:00:00-05:00,25.565094349494977,28.237770215375235,25.05850902184384,26.779151916503906,689700,0.0,0.0
2024-01-25 00:00:00-05:00,27.21586475078461,27.5652336715675,26.464720321659584,27.303207397460938,428300,0.0,0.0
2024-01-26 00:00:00-05:00,27.617639790416927,28.281441561599983,27.34687742372328,27.495359420776367,364600,0.0,0.0
2024-01-29 00:00:00-05:00,27.408017929943934,27.818527879868743,27.180929375166446,27.739919662475586,361000,0.0,0.0
2024-01-30 00:00:00-05:00,27.390550430718854,28.06308665391939,27.390550430718854,27.97574234008789,279800,0.0,0.0
2024-01-31 00:00:00-05:00,27.949539674048133,28.83169555399858,27.60017076130701,27.827260971069336,452000,0.0,0.0
2024-02-01 00:00:00-05:00,27.993208164076307,28.30764099604695,27.42548351317997,28.176626205444336,282800,0.0,0.0
2024-02-02 00:00:00-05:00,27.932067976607424,28.70941393679004,27.504090893702266,28.4473876953125,443700,0.0,0.0
2024-02-05 00:00:00-05:00,27.958272439184576,28.21156594212338,27.469157627269382,27.827260971069336,500100,0.0,0.0
2024-02-06 00:00:00-05:00,27.932072205148962,28.281442801238658,27.77485577009309,27.879667282104492,363000,0.0,0.0
2024-02-07 00:00:00-05:00,27.967004400790163,28.202829006740817,27.67877488215785,27.993206024169922,282700,0.0,0.0
2024-02-08 00:00:00-05:00,28.036882101749015,29.294613584461903,27.879667332332374,28.464860916137695,543300,0.0,0.0
2024-02-09 00:00:00-05:00,28.464856897850233,29.00637824765969,28.141691307204447,28.657011032104492,419900,0.0,0.0
2024-02-12 00:00:00-05:00,28.709419335367294,29.259676878232767,28.709419335367294,28.988914489746094,313500,0.0,0.0
2024-02-13 00:00:00-05:00,28.150427244317605,28.377519125275636,27.923337029281992,28.124225616455078,372700,0.0,0.0
2024-02-14 00:00:00-05:00,28.464859174129852,28.53473129009064,27.91460168411792,28.508529663085938,237500,0.0,0.0
2024-02-15 00:00:00-05:00,28.726888190308102,28.788027547069657,28.220304472591643,28.473594665527344,334100,0.0,0.0
2024-02-16 00:00:00-05:00,28.377515754462323,28.735619064040648,28.132955040031053,28.491058349609375,289200,0.0,0.0
2024-02-20 00:00:00-05:00,28.150427079998696,28.351314000076744,27.870931944947074,28.080554962158203,374000,0.0,0.0
2024-02-21 00:00:00-05:00,28.115488975497477,28.45612679034635,27.905869292961782,28.10675621032715,350100,0.0,0.0
2024-02-22 00:00:00-05:00,27.940802538518295,28.21156321144466,27.80978941716181,28.11548614501953,402900,0.0,0.0
2024-02-23 00:00:00-05:00,28.194097570129607,28.508530430023885,27.87966637615774,28.080554962158203,433900,0.0,0.0
2024-02-26 00:00:00-05:00,27.949538319407512,28.115487503714935,27.539030075073242,27.539030075073242,436500,0.0,0.0
2024-02-27 00:00:00-05:00,27.7573868144641,28.246503285710368,27.652575309093002,28.229034423828125,306000,0.0,0.0
2024-02-28 00:00:00-05:00,27.94953845742003,29.154863236312764,27.809790898406714,28.875368118286133,297200,0.0,0.0
2024-02-29 00:00:00-05:00,29.347017669386265,29.678919412445946,29.041320887518815,29.320816040039062,373900,0.0,0.0
2024-03-01 00:00:00-05:00,29.26840541192402,29.460559552215923,28.77055453193553,29.137393951416016,282100,0.0,0.0
2024-03-04 00:00:00-05:00,29.154866012143245,29.172334875163692,28.447392053117245,28.464860916137695,331400,0.0,0.0
2024-03-05 00:00:00-05:00,28.27270551087008,28.761823658388593,28.001946475577782,28.38625144958496,405400,0.0,0.0
2024-03-06 00:00:00-05:00,28.52599576175711,28.60460396700127,27.958269464788785,28.167892456054688,346100,0.0,0.0
2024-03-07 00:00:00-05:00,28.25600341339172,28.643674221514093,28.238381554700812,28.502702713012695,311100,0.28,0.0
2024-03-08 00:00:00-05:00,28.837512789465755,29.07540285249108,28.379354523012466,28.59962272644043,280000,0.0,0.0
2024-03-11 00:00:00-04:00,28.62605454306763,29.04015644163235,27.74498013050748,27.780223846435547,388800,0.0,0.0
2024-03-12 00:00:00-04:00,27.93000792680681,28.30886949283332,26.643640788217088,26.678884506225586,602300,0.0,0.0
2024-03-13 00:00:00-04:00,26.617207434565014,27.357308691899707,26.06213233182046,26.150239944458008,554400,0.0,0.0
2024-03-14 00:00:00-04:00,26.273589288749918,26.38812968800255,24.69646993095462,25.048898696899414,566300,0.0,0.0
2024-03-15 00:00:00-04:00,24.91674074206158,26.229539083690128,24.83744405131442,25.850677490234375,1810800,0.0,0.0
2024-03-18 00:00:00-04:00,25.94759169147297,26.414559147021578,25.683268873121808,25.965211868286133,672600,0.0,0.0
2024-03-19 00:00:00-04:00,25.99164735615129,26.49385857855756,25.595163927665823,25.70089340209961,464500,0.0,0.0
2024-03-20 00:00:00-04:00,25.797811894149913,26.74055951049348,25.62159666395862,26.731748580932617,332700,0.0,0.0
2024-03-21 00:00:00-04:00,26.969636260244126,27.233957401718968,26.758179010961687,27.066553115844727,313600,0.0,0.0
2024-03-22 00:00:00-04:00,26.96963814026992,27.25158115896713,26.32645373828984,26.6083984375,279100,0.0,0.0
2024-03-25 00:00:00-04:00,26.82866733797939,27.322067633702865,26.273590534841613,26.361698150634766,293800,0.0,0.0
2024-03-26 00:00:00-04:00,26.69650177143413,27.128228867360736,26.60839584705347,27.092985153198242,401500,0.0,0.0
2024-03-27 00:00:00-04:00,27.17228365885279,27.938816007851113,27.17228365885279,27.718547821044922,243900,0.0,0.0
2024-03-28 00:00:00-04:00,27.82427783383006,28.247194037951626,27.771413938507216,27.78903579711914,285000,0.0,0.0
2024-04-01 00:00:00-04:00,28.009303011792895,28.05335597627404,26.83747466264507,26.969636917114258,295200,0.0,0.0
2024-04-02 00:00:00-04:00,26.70531556022267,26.70531556022267,25.54229975650126,26.458616256713867,555300,0.0,0.0
2024-04-03 00:00:00-04:00,26.405752526714807,27.075368089740795,26.388132347026737,26.881532669067383,545700,0.0,0.0
2024-04-04 00:00:00-04:00,27.28682214150659,27.982870412464305,26.775800019738895,27.02250099182129,405600,0.0,0.0
2024-04-05 00:00:00-04:00,26.88153085826634,27.30444539152698,26.758181206193562,27.137041091918945,356200,0.0,0.0
2024-04-08 00:00:00-04:00,27.392549804363732,27.692114650537587,27.13703792006313,27.27800941467285,366100,0.0,0.0
2024-04-09 00:00:00-04:00,27.31325576005481,27.78022493125976,27.12823128574581,27.401363372802734,280900,0.0,0.0
2024-04-10 00:00:00-04:00,26.8022335699512,26.8022335699512,26.370508116900783,26.57315444946289,355200,0.0,0.0
2024-04-11 00:00:00-04:00,26.784613101237305,27.02250316337891,25.52467871342772,26.87272071838379,260400,0.0,0.0
2024-04-12 00:00:00-04:00,26.881533115189978,27.013693707865762,26.414563895188213,26.78461456298828,304000,0.0,0.0
2024-04-15 00:00:00-04:00,26.78461423840717,27.092990071255787,25.771380799487215,25.850677490234375,340400,0.0,0.0
2024-04-16 00:00:00-04:00,25.639218553134082,26.432183728898437,25.58635465621992,26.308834075927734,380100,0.0,0.0
2024-04-17 00:00:00-04:00,26.308834917722834,26.520292192658392,25.87710943799861,26.079755783081055,313200,0.0,0.0
2024-04-18 00:00:00-04:00,26.326455585721398,27.00488207239003,26.132620166893105,26.203105926513672,311400,0.0,0.0
2024-04-19 00:00:00-04:00,26.22072716457511,26.414562578805505,25.88591855393448,26.0621337890625,217000,0.0,0.0
2024-04-22 00:00:00-04:00,25.991647896983558,26.37932040395679,25.797812483753454,26.044511795043945,219000,0.0,0.0
2024-04-23 00:00:00-04:00,26.159048131048205,27.040120804019057,26.00045478103141,27.0048770904541,273600,0.0,0.0
2024-04-24 00:00:00-04:00,26.828668240276393,26.828668240276393,26.026892102568183,26.352888107299805,242500,0.0,0.0
2024-04-25 00:00:00-04:00,26.176674242482527,26.176674242482527,24.537879841933595,24.74052619934082,479000,0.0,0.0
2024-04-26 00:00:00-04:00,24.934355727028287,25.445377805092416,24.467388290485992,24.485010147094727,413700,0.0,0.0
2024-04-29 00:00:00-04:00,24.77576751916115,25.119385368455916,24.1502049662897,24.61717414855957,637600,0.0,0.0
2024-04-30 00:00:00-04:00,24.31760928665628,24.4938228359612,23.885883822166704,24.009233474731445,474500,0.0,0.0
2024-05-01 00:00:00-04:00,24.114962564602017,24.220690356398254,23.392481478267282,23.5334529876709,475400,0.0,0.0
2024-05-02 00:00:00-04:00,23.788965046739598,23.956369345389913,23.18983528779149,23.736101150512695,370400,0.0,0.0
2024-05-03 00:00:00-04:00,24.255933365255935,24.652415093676204,23.7008565927495,23.780153274536133,308100,0.0,0.0
2024-05-06 00:00:00-04:00,23.788964598514777,24.026854647823026,22.890269977025557,23.04005241394043,312400,0.0,0.0
2024-05-07 00:00:00-04:00,23.21626617617883,23.374859532393472,22.951943355650155,23.128158569335938,276600,0.0,0.0
2024-05-08 00:00:00-04:00,22.960757370716344,23.031243129562622,22.352818330859595,22.546653747558594,523400,0.0,0.0
2024-05-09 00:00:00-04:00,22.608326285137398,23.73609999289134,22.608326285137398,23.709667205810547,800200,0.0,0.0
2024-05-10 00:00:00-04:00,23.709667670571722,23.947557717423376,23.207456469782393,23.374860763549805,456500,0.0,0.0
2024-05-13 00:00:00-04:00,23.72729071039596,24.546688681120145,23.674426813078817,23.859451293945312,472300,0.0,0.0
2024-05-14 00:00:00-04:00,24.493819394886355,24.71408756095732,23.85944768158656,24.485010147094727,531700,0.0,0.0
2024-05-15 00:00:00-04:00,24.749334458820883,24.749334458820883,23.973989473395633,24.58193016052246,449100,0.0,0.0
2024-05-16 00:00:00-04:00,24.61717217083569,25.21630188696895,24.308796383942063,24.39690399169922,456500,0.0,0.0
2024-05-17 00:00:00-04:00,24.43214743444848,24.467391151787474,23.33080647529902,23.480588912963867,305000,0.0,0.0
2024-05-20 00:00:00-04:00,23.251509405571955,23.956368616027063,22.907891569789246,23.612749099731445,375800,0.0,0.0
2024-05-21 00:00:00-04:00,23.665616184864113,23.665616184864113,22.88146024219274,23.286754608154297,454700,0.0,0.0
2024-05-22 00:00:00-04:00,23.29556250213739,23.3836701076484,22.670000015470748,22.87264633178711,509800,0.0,0.0
2024-05-23 00:00:00-04:00,20.590675227583105,22.98719300547329,20.05322019954176,20.16775894165039,2915100,0.0,0.0
2024-05-24 00:00:00-04:00,20.370403829281795,21.189800119794743,20.370403829281795,20.714021682739258,1922500,0.0,0.0
2024-05-28 00:00:00-04:00,20.960720674896095,21.092881245907336,20.564237281349538,20.91666603088379,1137200,0.0,0.0
2024-05-29 00:00:00-04:00,20.326350022124082,20.705211609824232,19.69197818629715,19.841760635375977,1073900,0.0,0.0
2024-05-30 00:00:00-04:00,20.229432924906273,21.11931675326072,20.176569021587024,20.80213165283203,709700,0.0,0.0
2024-05-31 00:00:00-04:00,21.066450960695654,21.23385526679246,20.52899600352398,20.837371826171875,854800,0.0,0.0
2024-06-03 00:00:00-04:00,21.084071159949904,22.044440591142457,20.99596354891599,21.90346908569336,869700,0.0,0.0
2024-06-04 00:00:00-04:00,21.760890744140166,21.796534234890842,21.137113509269167,21.68069076538086,581000,0.28,0.0
2024-06-05 00:00:00-04:00,21.743069658836113,22.08169219259168,21.342071436849373,21.96584701538086,596400,0.0,0.0
2024-06-06 00:00:00-04:00,21.787624962426136,22.054957095846625,21.4579137448617,22.019311904907227,697300,0.0,0.0
2024-06-07 00:00:00-04:00,21.680691444669616,22.47377825985333,21.680691444669616,22.366846084594727,560800,0.0,0.0
2024-06-10 00:00:00-04:00,22.099512803790716,22.660912686836223,21.88564674823025,22.07278060913086,654500,0.0,0.0
2024-06-11 00:00:00-04:00,21.974756347938566,22.411399723749344,21.484646887243418,22.152978897094727,550000,0.0,0.0
2024-06-12 00:00:00-04:00,22.723290244150636,23.801531828136078,21.876735614015825,22.06386947631836,583400,0.0,0.0
2024-06-13 00:00:00-04:00,22.01931168025292,22.01931168025292,21.413358737371695,21.85891342163086,578500,0.0,0.0
2024-06-14 00:00:00-04:00,21.609404107099756,21.88564755998776,21.15493808480611,21.582670211791992,589500,0.0,0.0
2024-06-17 00:00:00-04:00,21.466826933412325,21.48464953045185,20.958894815380564,21.217315673828125,715600,0.0,0.0
2024-06-18 00:00:00-04:00,21.15493798589821,21.62722660285556,20.65591717341447,20.878694534301758,925300,0.0,0.0
2024-06-20 00:00:00-04:00,20.74502645632498,20.771758649272385,20.156894416295064,20.344026565551758,1124400,0.0,0.0
2024-06-21 00:00:00-04:00,20.40640443096573,21.030181675877483,20.308383555081384,20.593538284301758,3257100,0.0,0.0
2024-06-24 00:00:00-04:00,20.78067268878734,21.600493473920846,20.59354051483882,21.466827392578125,756300,0.0,0.0
2024-06-25 00:00:00-04:00,21.199495621170712,21.199495621170712,20.442052213373284,20.64700698852539,754900,0.0,0.0
2024-06-26 00:00:00-04:00,20.513337984732022,20.71829273070972,20.28164934593523,20.691558837890625,618000,0.0,0.0
2024-06-27 00:00:00-04:00,20.91433877887903,20.91433877887903,20.237095373515313,20.57571792602539,419300,0.0,0.0
2024-06-28 00:00:00-04:00,20.71829032979064,21.342067492700515,20.682645143495893,21.26186752319336,723400,0.0,0.0
2024-07-01 00:00:00-04:00,21.074736624517715,21.422270440585674,20.807404488763535,20.941070556640625,428900,0.0,0.0
2024-07-02 00:00:00-04:00,20.92324894952655,21.181671499333433,20.682648996186966,20.807405471801758,400600,0.0,0.0
2024-07-03 00:00:00-04:00,20.967804239850597,20.967804239850597,20.433138274046648,20.504426956176758,191600,0.0,0.0
2024-07-05 00:00:00-04:00,20.557893722737738,20.62918240722546,19.845006877860502,20.11233901977539,414900,0.0,0.0
2024-07-08 00:00:00-04:00,20.210361383617048,20.638093485999477,20.00540663034917,20.03213882446289,391200,0.0,0.0
2024-07-09 00:00:00-04:00,19.9786756277904,19.9786756277904,18.713300033714848,18.829143524169922,979900,0.0,0.0
2024-07-10 00:00:00-04:00,18.90043028841285,19.631141452356314,18.811320704694996,19.550941467285156,766600,0.0,0.0
2024-07-11 00:00:00-04:00,20.130161546392305,20.557893651843607,19.9341180896412,20.29947280883789,579900,0.0,0.0
2024-07-12 00:00:00-04:00,20.48660267689729,20.771757381980322,20.032136728300166,20.584625244140625,846800,0.0,0.0
2024-07-15 00:00:00-04:00,20.57571568881142,21.03909297362265,20.513338304251494,20.593538284301758,554000,0.0,0.0
2024-07-16 00:00:00-04:00,20.958892081179087,22.447044746714095,20.753937340931174,22.161890029907227,644200,0.0,0.0
2024-07-17 00:00:00-04:00,22.063869498477626,22.51833550777583,21.841092142919077,22.509424209594727,417300,0.0,0.0
2024-07-18 00:00:00-04:00,22.215355116637454,22.97279836142181,21.725243981938824,21.939111709594727,479100,0.0,0.0
2024-07-19 00:00:00-04:00,21.930201719628013,21.974756507412295,21.386624470447487,21.78762435913086,460400,0.0,0.0
2024-07-22 00:00:00-04:00,21.96584739055519,22.251002139857864,21.26187181567126,22.03713607788086,425000,0.0,0.0
2024-07-23 00:00:00-04:00,21.814357805348433,22.117335138727405,21.43118048962465,21.90346908569336,563500,0.0,0.0
2024-07-24 00:00:00-04:00,21.850005116709134,22.357937254389352,21.297516484706506,21.538116455078125,385700,0.0,0.0
2024-07-25 00:00:00-04:00,21.555936046678777,22.687643650139886,21.42226998166516,22.482688903808594,548900,0.0,0.0
2024-07-26 00:00:00-04:00,22.634178188196046,23.50746498333227,22.60744599424993,23.436176300048828,372200,0.0,0.0
2024-07-29 00:00:00-04:00,23.45399678082383,23.45399678082383,22.6965535269544,22.73219871520996,479200,0.0,0.0
2024-07-30 00:00:00-04:00,22.696554622672007,23.275777062195022,22.50942247426454,23.213397979736328,783300,0.0,0.0
2024-07-31 00:00:00-04:00,24.799572567093275,28.061032576445648,24.60352912651827,27.4639892578125,1507700,0.0,0.0
2024-08-01 00:00:00-04:00,27.57983831599119,27.57983831599119,25.681774224766674,25.859996795654297,660400,0.0,0.0
2024-08-02 00:00:00-04:00,24.844130660229382,26.02930615798,24.416398533144132,25.779796600341797,632300,0.0,0.0
2024-08-05 00:00:00-04:00,24.34510623255569,24.4965948842083,23.748062923060825,24.24708366394043,562100,0.0,0.0
2024-08-06 00:00:00-04:00,24.104507326949562,24.371841152733808,23.28468665392571,23.489643096923828,471500,0.0,0.0
2024-08-07 00:00:00-04:00,23.703513416365034,24.033222984793497,23.00844738345041,23.284690856933594,368300,0.0,0.0
2024-08-08 00:00:00-04:00,23.320336422125244,23.703513791215105,23.053004243514735,23.355979919433594,343700,0.0,0.0
2024-08-09 00:00:00-04:00,23.400532528933706,23.55202119155993,22.91933264777172,23.543109893798828,302700,0.0,0.0
2024-08-12 00:00:00-04:00,23.480733131564783,23.480733131564783,22.75893499034433,22.981712341308594,361700,0.0,0.0
2024-08-13 00:00:00-04:00,23.222307872321505,23.525285170166462,23.017353141325238,23.462907791137695,321200,0.0,0.0
2024-08-14 00:00:00-04:00,23.667862811388822,23.667862811388822,22.70546482401829,22.73219871520996,387600,0.0,0.0
2024-08-15 00:00:00-04:00,23.730241713540593,23.92628686221077,23.195577452655982,23.917375564575195,512700,0.0,0.0
2024-08-16 00:00:00-04:00,23.890643652380426,24.60353222542406,23.56984540918435,23.65004539489746,261900,0.0,0.0
2024-08-19 00:00:00-04:00,23.62330820000937,24.184706321927244,23.59657430862047,23.979751586914062,360100,0.0,0.0
2024-08-20 00:00:00-04:00,23.96192882852078,24.051040099550594,23.703508012156053,23.988662719726562,208700,0.0,0.0
2024-08-21 00:00:00-04:00,24.345109066621184,24.594620315935185,23.961931744325383,24.300554275512695,251200,0.0,0.0
2024-08-22 00:00:00-04:00,24.140149551591723,24.238172112304017,23.756972304795664,23.89063835144043,215200,0.0,0.0
2024-08-23 00:00:00-04:00,24.113418259174285,24.54115203401858,24.03321828261949,24.48768424987793,562300,0.0,0.0
2024-08-26 00:00:00-04:00,24.345110730744906,24.70155418294671,24.122333360661727,24.131244659423828,423100,0.0,0.0
2024-08-27 00:00:00-04:00,24.086218512947408,24.518419404925687,23.76206698525686,24.320327758789062,319800,0.28,0.0
2024-08-28 00:00:00-04:00,24.194273551123167,24.509419013009317,23.753066469654634,24.023193359375,581000,0.0,0.0
2024-08-29 00:00:00-04:00,24.158255742810287,24.31132713047651,23.663025691932823,23.915142059326172,481000,0.0,0.0
2024-08-30 00:00:00-04:00,24.239291222189745,24.689500939007967,24.104228650627032,24.392362594604492,421000,0.0,0.0
2024-09-03 00:00:00-04:00,24.06821011551323,24.4283775315171,23.53696253287739,23.636009216308594,343800,0.0,0.0
2024-09-04 00:00:00-04:00,23.554974732555053,23.8611175096952,23.257836356791255,23.410907745361328,257900,0.0,0.0
2024-09-05 00:00:00-04:00,23.554974692322823,23.608999383074707,22.960697941810263,23.005718231201172,237700,0.0,0.0
2024-09-06 00:00:00-04:00,22.90667073086301,23.311858443044237,22.141313873524552,22.762603759765625,482200,0.0,0.0
2024-09-09 00:00:00-04:00,22.879660366106872,22.924680656125734,22.294388008791753,22.30339241027832,486300,0.0,0.0
2024-09-10 00:00:00-04:00,22.249364892361072,22.60052966317786,21.925215042071432,22.546504974365234,286000,0.0,0.0
2024-09-11 00:00:00-04:00,22.420445035536726,22.528496130374837,21.96123088794907,22.2403621673584,351100,0.0,0.0
2024-09-12 00:00:00-04:00,22.32140063786409,22.528496714474834,21.961231457341487,22.276378631591797,636400,0.0,0.0
2024-09-13 00:00:00-04:00,22.681568398843854,23.356883045071562,22.66355959609843,23.311861038208008,1153400,0.0,0.0
2024-09-16 00:00:00-04:00,23.50094847839318,23.80709123516826,22.9606964536481,23.221818923950195,750200,0.0,0.0
2024-09-17 00:00:00-04:00,23.356883045071562,23.942155394986116,23.248831946012988,23.311861038208008,854600,0.0,0.0
2024-09-18 00:00:00-04:00,23.36588518717365,24.09522445370313,23.36588518717365,23.491943359375,899800,0.0,0.0
2024-09-19 00:00:00-04:00,24.023193765987465,24.383361240963456,23.545970788260533,24.34734535217285,581500,0.0,0.0
2024-09-20 00:00:00-04:00,24.22128542519658,24.419378824308428,23.690037756074062,24.05020523071289,1158100,0.0,0.0
2024-09-23 00:00:00-04:00,24.077216399660106,24.518421733466383,23.491944088178876,24.446388244628906,556000,0.0,0.0
2024-09-24 00:00:00-04:00,24.518422108203954,25.779009040833433,24.518422108203954,25.679964065551758,475600,0.0,0.0
2024-09-25 00:00:00-04:00,25.643947179228185,25.74299387469442,25.03166163891678,25.310792922973633,628900,0.0,0.0
2024-09-26 00:00:00-04:00,25.62593599319309,26.20220559263083,25.445853138767475,25.89606285095215,404800,0.0,0.0
2024-09-27 00:00:00-04:00,26.112164664766283,26.409303021565346,25.50888355036651,25.968097686767578,464800,0.0,0.0
2024-09-30 00:00:00-04:00,25.82403298601287,26.076149361036094,25.472869910851095,25.986108779907227,418100,0.0,0.0
2024-10-01 00:00:00-04:00,25.8240331760537,26.148184766227867,25.3648189957783,25.995113372802734,333300,0.0,0.0
2024-10-02 00:00:00-04:00,25.634943773921982,25.78801516494634,25.06768021742817,25.670961380004883,554200,0.0,0.0
2024-10-03 00:00:00-04:00,25.40983884564723,25.57191463792124,24.887595580216523,25.15772247314453,459000,0.0,0.0
2024-10-04 00:00:00-04:00,25.562909131502632,26.184199069227482,25.391830662531515,25.60793113708496,360700,0.0,0.0
2024-10-07 00:00:00-04:00,25.38282520716342,25.499878981987937,24.84257318451171,24.95062255859375,308800,0.0,0.0
2024-10-08 00:00:00-04:00,25.031662525869354,25.238760325310885,24.365352272336807,24.64448356628418,247000,0.0,0.0
2024-10-09 00:00:00-04:00,24.60846273076797,25.085685642623318,24.356344674377905,24.680496215820312,214900,0.0,0.0
2024-10-10 00:00:00-04:00,24.311327723209786,24.491412319236193,23.852113549015034,24.05020523071289,415900,0.0,0.0
2024-10-11 00:00:00-04:00,23.942151714552825,24.23028564453125,23.906134114598675,24.23028564453125,321900,0.0,0.0
2024-10-14 00:00:00-04:00,24.131241465930522,24.563444123157232,24.00518328783858,24.464397430419922,317000,0.0,0.0
2024-10-15 00:00:00-04:00,24.31132606382752,24.914607186700536,24.31132606382752,24.563444137573242,452600,0.0,0.0
2024-10-16 00:00:00-04:00,24.905601224430878,25.607928996070143,24.842572139299232,25.40083122253418,400800,0.0,0.0
2024-10-17 00:00:00-04:00,25.454858956583205,25.986106583937342,24.9416201308986,25.364816665649414,441200,0.0,0.0
2024-10-18 00:00:00-04:00,25.445854912764055,25.661955383588822,25.121703347819967,25.18473243713379,497000,0.0,0.0
2024-10-21 00:00:00-04:00,25.1757264279807,25.724982829624885,24.67149202826607,24.78854751586914,391200,0.0,0.0
2024-10-22 00:00:00-04:00,24.518420807898288,24.671492180576227,24.23929126386691,24.599458694458008,457200,0.0,0.0
2024-10-23 00:00:00-04:00,24.482405863685152,24.788548620797094,24.25730099624483,24.545434951782227,345300,0.0,0.0
2024-10-24 00:00:00-04:00,24.626474221626918,25.0586751791554,24.563445129997422,24.923612594604492,334700,0.0,0.0
2024-10-25 00:00:00-04:00,25.202742923987337,25.3378055126057,24.473403571516975,24.761537551879883,396600,0.0,0.0
2024-10-28 00:00:00-04:00,24.977636542451958,25.355812798401125,24.9506233393792,25.0856876373291,544600,0.0,0.0
2024-10-29 00:00:00-04:00,24.725519503747968,24.96863318936464,23.663025899501484,24.12224006652832,868200,0.0,0.0
2024-10-30 00:00:00-04:00,22.789616536168374,25.292783306447756,22.789616536168374,24.968631744384766,1523500,0.0,0.0
2024-10-31 00:00:00-04:00,24.82456318592499,25.373819582832677,24.44638696004677,24.680496215820312,688100,0.0,0.0
2024-11-01 00:00:00-04:00,24.85158043181133,25.319799019567903,24.5814535308376,24.8966007232666,592300,0.0,0.0
2024-11-04 00:00:00-05:00,24.905605125040463,25.508886304576883,24.75253372971289,24.8966007232666,561600,0.0,0.0
2024-11-05 00:00:00-05:00,24.725520144499857,24.923613545653158,24.122240691646464,24.878591537475586,502300,0.0,0.0
2024-11-06 00:00:00-05:00,25.91407323747942,26.63440813409165,25.652950764073825,26.283245086669922,559100,0.0,0.0
2024-11-07 00:00:00-05:00,26.2022050081122,26.724448193899676,25.78801118908698,26.679426193237305,403500,0.0,0.0
2024-11-08 00:00:00-05:00,26.64341316010146,26.913538323315436,26.247228098962246,26.625404357910156,483500,0.0,0.0
2024-11-11 00:00:00-05:00,26.697437683219714,26.922542556969315,26.59839270661134,26.81449317932129,421500,0.0,0.0
2024-11-12 00:00:00-05:00,26.78748015534866,26.958560341418377,26.310257201538988,26.724451065063477,541600,0.0,0.0
2024-11-13 00:00:00-05:00,26.91353604826356,27.08461621979143,26.508348337693878,26.80548667907715,545500,0.0,0.0
2024-11-14 00:00:00-05:00,27.00358060411787,27.174660790026756,25.968098522400965,26.526357650756836,540700,0.0,0.0
2024-11-15 00:00:00-05:00,26.66142345852763,26.679430544315586,26.049137888973085,26.193204879760742,282900,0.0,0.0
2024-11-18 00:00:00-05:00,26.166187041543125,26.472329772109738,25.91407071101558,25.95008659362793,491900,0.0,0.0
2024-11-19 00:00:00-05:00,25.55390508016715,25.679964980109265,24.93261685135204,25.328800201416016,383100,0.0,0.0
2024-11-20 00:00:00-05:00,25.040662322406494,25.09468872141096,23.99617598544477,24.10422706604004,453900,0.0,0.0
2024-11-21 00:00:00-05:00,24.239288850988927,24.383355808884353,23.771070379121994,24.068208694458008,318200,0.0,0.0
2024-11-22 00:00:00-05:00,24.311327745968256,24.563445837158447,24.104231662533813,24.34734535217285,740800,0.0,0.0
2024-11-25 00:00:00-05:00,24.67149308685839,25.797017422184172,24.626472800410895,25.454858779907227,892600,0.0,0.0
2024-11-26 00:00:00-05:00,25.283778905566688,25.283778905566688,24.581451093568162,24.968631744384766,896600,0.0,0.0
2024-11-27 00:00:00-05:00,25.202739566775612,25.869049736960356,24.89659682406725,25.40083122253418,434900,0.0,0.0
2024-11-29 00:00:00-05:00,25.472868902106068,25.788014358405096,24.97763713843887,25.31979751586914,217200,0.0,0.0
2024-12-02 00:00:00-05:00,25.355811341184356,25.643945287745623,24.83356813368862,25.517887115478516,370100,0.0,0.0
2024-12-03 00:00:00-05:00,25.463325302246183,25.463325302246183,24.644861621584262,25.045000076293945,421400,0.28,0.0
2024-12-04 00:00:00-05:00,24.890398884101657,25.345101078491485,24.863116127999827,25.126842498779297,266400,0.0,0.0
2024-12-05 00:00:00-05:00,25.035902462785312,25.035902462785312,24.353849198028314,24.38113021850586,529000,0.0,0.0
2024-12-06 00:00:00-05:00,24.690330519754113,24.908587380042555,24.272005304505768,24.681236267089844,486300,0.0,0.0
2024-12-09 00:00:00-05:00,24.753987315825302,25.181408496912535,24.71761204153881,25.035903930664062,347600,0.0,0.0
2024-12-10 00:00:00-05:00,25.045000076293945,25.326914977894425,24.644861621584262,25.045000076293945,379700,0.0,0.0
2024-12-11 00:00:00-05:00,25.272351195064,25.445136796452246,24.86311848745735,25.045000076293945,381800,0.0,0.0
2024-12-12 00:00:00-05:00,25.008624206386283,25.117753511580432,24.22653576705737,24.24472427368164,414600,0.0,0.0
2024-12-13 00:00:00-05:00,24.344754160318292,24.5084472161029,23.508102113181153,23.599042892456055,324200,0.0,0.0
2024-12-16 00:00:00-05:00,23.55357328448279,23.99918122611976,23.444445729353976,23.653608322143555,356100,0.0,0.0
2024-12-17 00:00:00-05:00,23.51719890442177,23.871866073891752,23.362600083323088,23.408069610595703,328400,0.0,0.0
2024-12-18 00:00:00-05:00,23.56266950621835,24.01737173788532,22.525948973074087,22.6259822845459,443200,0.0,0.0
2024-12-19 00:00:00-05:00,23.499010272452523,23.84458318768656,22.480476562278948,22.926084518432617,635700,0.0,0.0
2024-12-20 00:00:00-05:00,22.744204917295953,23.5444800494973,22.70782790764752,22.880615234375,2593600,0.0,0.0
2024-12-23 00:00:00-05:00,22.971556052341413,23.208001411694646,22.78058022055364,22.8624267578125,520800,0.0,0.0
2024-12-24 00:00:00-05:00,23.007931256464243,23.13524905544686,22.589606053589137,22.90789794921875,185700,0.0,0.0
2024-12-26 00:00:00-05:00,22.735110678930425,23.02611981809253,22.671452646557626,22.87152099609375,318300,0.0,0.0
2024-12-27 00:00:00-05:00,22.726017854969044,23.15343733816016,22.407725938547348,22.516855239868164,250600,0.0,0.0
2024-12-30 00:00:00-05:00,22.28040728857552,22.389536577273113,22.00758666865834,22.17127799987793,474100,0.0,0.0
2024-12-31 00:00:00-05:00,22.34406389337273,22.598697727735917,22.207653592108947,22.553226470947266,444800,0.0,0.0
2025-01-02 00:00:00-05:00,22.753297583063564,22.862425135296544,22.24402989080575,22.316783905029297,406500,0.0,0.0
2025-01-03 00:00:00-05:00,22.325877371417914,22.525947449936105,21.74385910929498,22.034868240356445,841800,0.0,0.0
2025-01-06 00:00:00-05:00,21.989399144392998,22.389537574708402,21.143652756600762,21.416473388671875,707700,0.0,0.0
2025-01-07 00:00:00-05:00,21.3437200560406,21.398285567415485,20.397940408041382,20.725326538085938,543800,0.0,0.0
2025-01-08 00:00:00-05:00,20.643481857550455,20.643481857550455,20.179685376562787,20.206966400146484,556300,0.0,0.0
2025-01-10 00:00:00-05:00,19.825013546182717,20.17968241162247,19.615850968199716,19.979612350463867,525400,0.0,0.0
2025-01-13 00:00:00-05:00,19.71588836195459,19.952333722404752,19.552195286677453,19.888675689697266,453400,0.0,0.0
2025-01-14 00:00:00-05:00,20.02508387324763,20.1342114221004,19.743167280517234,19.91595458984375,329100,0.0,0.0
2025-01-15 00:00:00-05:00,20.497973908517512,20.570726183681817,20.07964702540947,20.106929779052734,350700,0.0,0.0
2025-01-16 00:00:00-05:00,20.11602877258219,20.11602877258219,19.67041903077925,19.86139488220215,516500,0.0,0.0
2025-01-17 00:00:00-05:00,20.106931282866793,20.14330655589395,19.606757835971642,19.67951011657715,589400,0.0,0.0
2025-01-21 00:00:00-05:00,19.688601608318045,20.161492233234693,19.579474069984016,19.925046920776367,721100,0.0,0.0
2025-01-22 00:00:00-05:00,19.806827867502854,19.815922119378595,19.24299639306526,19.7067928314209,652400,0.0,0.0
2025-01-23 00:00:00-05:00,19.54310003335421,19.888674671141704,19.44306499590764,19.64313507080078,544200,0.0,0.0
2025-01-24 00:00:00-05:00,19.72498209189772,20.12511878247394,19.561289020956874,20.00689697265625,673000,0.0,0.0
2025-01-27 00:00:00-05:00,19.997801118758883,20.42522053177593,19.825013809432367,19.91595458984375,940400,0.0,0.0
2025-01-28 00:00:00-05:00,19.870484751063955,20.106930082554708,19.47034636434491,20.015989303588867,875200,0.0,0.0
2025-01-29 00:00:00-05:00,18.379062339911933,19.179339194080875,17.633350999357642,18.470003128051758,2321300,0.0,0.0
2025-01-30 00:00:00-05:00,18.470001815794777,18.5063788222867,17.23321308243884,17.824325561523438,1502900,0.0,0.0
2025-01-31 00:00:00-05:00,17.678822668722347,18.215371423124225,17.305966989839863,17.860702514648438,1579200,0.0,0.0
2025-02-03 00:00:00-05:00,17.506035289750606,17.615164584629543,16.79669920941575,16.88763999938965,1271600,0.0,0.0
2025-02-04 00:00:00-05:00,16.805792551234646,17.333247023041213,16.633006967653174,17.1513671875,822100,0.0,0.0
2025-02-05 00:00:00-05:00,17.169552858516262,17.46056369895814,17.005861537366012,17.43328094482422,727000,0.0,0.0
2025-02-06 00:00:00-05:00,17.669728092600952,18.315404395821883,17.669728092600952,17.960737228393555,895700,0.0,0.0
2025-02-07 00:00:00-05:00,17.851606978455376,17.978924769454615,17.042237646090687,17.205930709838867,937800,0.0,0.0
2025-02-10 00:00:00-05:00,17.39690469516777,17.806137352201336,17.28777714299293,17.74247932434082,718000,0.0,0.0
2025-02-11 00:00:00-05:00,17.59697426481533,17.869794872047677,17.2332128769885,17.851606369018555,1027900,0.0,0.0
2025-02-12 00:00:00-05:00,17.606066574269118,17.951639420947952,17.23321097605606,17.37871551513672,603500,0.0,0.0
2025-02-13 00:00:00-05:00,17.506031553194564,17.8152291323787,17.369621264625312,17.37871551513672,448300,0.0,0.0
2025-02-14 00:00:00-05:00,17.59697763335885,18.106243673803885,17.59697763335885,17.988021850585938,635600,0.0,0.0
2025-02-18 00:00:00-05:00,17.98801919047532,18.115335248120918,17.58788077916619,17.678821563720703,952000,0.0,0.0
2025-02-19 00:00:00-05:00,17.51512907542656,17.715197420396297,17.27868372161619,17.52422332763672,508500,0.0,0.0
2025-02-20 00:00:00-05:00,17.415092217587166,17.68791455175641,17.187741139721666,17.469655990600586,930800,0.0,0.0
2025-02-21 00:00:00-05:00,17.733385830448015,17.897078900257274,16.833075681048342,17.014955520629883,741300,0.0,0.0
2025-02-24 00:00:00-05:00,17.051333379159242,17.051333379159242,16.60572540833004,16.80579376220703,848000,0.0,0.0
2025-02-25 00:00:00-05:00,16.833493011858117,17.34136139657614,16.759621470965588,17.249021530151367,882400,0.28,0.0
2025-02-26 00:00:00-05:00,17.276723275711607,17.285957439022106,16.482604604611133,17.03664207458496,984800,0.0,0.0
2025-02-27 00:00:00-05:00,16.898133062279207,16.999707107533165,16.29792647745535,16.316394805908203,1168600,0.0,0.0
2025-02-28 00:00:00-05:00,16.297926072714016,16.482605830182763,16.1501829712337,16.445669174194336,980800,0.0,0.0
2025-03-03 00:00:00-05:00,16.52877409377815,16.602645640964553,16.10401313776548,16.1317138671875,1135900,0.0,0.0
2025-03-04 00:00:00-05:00,16.02090661445173,16.02090661445173,15.494571647289542,15.531506538391113,873900,0.0,0.0
2025-03-05 00:00:00-05:00,15.642315128754701,16.113246890525776,14.755854823880746,15.11598014831543,818900,0.0,0.0
2025-03-06 00:00:00-05:00,14.977470666370602,15.577679001702155,14.848195891984954,15.522274017333984,1133100,0.0,0.0
2025-03-07 00:00:00-05:00,15.485337148975006,15.79005747922154,15.365294792711426,15.448400497436523,981800,0.0,0.0
2025-03-10 00:00:00-04:00,15.346828866507972,16.085544315638565,15.319126376701865,15.790058135986328,1301500,0.0,0.0
2025-03-11 00:00:00-04:00,16.31639499046698,16.31639499046698,14.848196325355937,15.217554092407227,724000,0.0,0.0
2025-03-12 00:00:00-04:00,15.291423559178233,15.328360211461435,14.709685375609958,14.959002494812012,730800,0.0,0.0
2025-03-13 00:00:00-04:00,14.959003438004641,15.319127014289716,14.54347487980138,14.8204927444458,680800,0.0,0.0
2025-03-14 00:00:00-04:00,14.986704306221874,15.236021443447815,14.59887911601206,15.106746673583984,610700,0.0,0.0
2025-03-17 00:00:00-04:00,15.134446744647063,15.568443615271908,14.98670365373886,15.513038635253906,979700,0.0,0.0
2025-03-18 00:00:00-04:00,15.448401622162015,15.596144716599452,15.10674637673917,15.559209823608398,687500,0.0,0.0
2025-03-19 00:00:00-04:00,15.642315887004266,15.91933375501004,15.559210174355202,15.753122329711914,807900,0.0,0.0
2025-03-20 00:00:00-04:00,15.716186219716825,15.863929306051935,15.623846350448252,15.743886947631836,740400,0.0,0.0
2025-03-21 00:00:00-04:00,15.605379917606989,16.011674334938828,15.503807634201575,15.882399559020996,2247500,0.0,0.0
2025-03-24 00:00:00-04:00,16.104013008278468,16.25175610146332,15.328360888439686,15.411466598510742,857500,0.0,0.0
2025-03-25 00:00:00-04:00,15.356062773413782,15.356062773413782,14.783558684542074,14.811261177062988,790700,0.0,0.0
2025-03-26 00:00:00-04:00,14.829727045142945,15.12521323982407,14.709686439017482,15.106746673583984,725100,0.0,0.0
2025-03-27 00:00:00-04:00,15.15291506802631,15.45763541311282,14.986703650481564,15.226786613464355,761700,0.0,0.0
2025-03-28 00:00:00-04:00,15.171383620532547,15.171383620532547,14.478837211278073,14.700451850891113,570100,0.0,0.0
2025-03-31 00:00:00-04:00,14.109477993406799,14.414198329972612,13.010638125278303,13.361528396606445,2601500,0.0,0.0
2025-04-01 00:00:00-04:00,13.306124401252436,13.684716284106607,12.770555267368255,13.472335815429688,1093600,0.0,0.0
2025-04-02 00:00:00-04:00,13.37076265552053,14.026373311293211,13.37076265552053,13.897098541259766,1138700,0.0,0.0
2025-04-03 00:00:00-04:00,13.352294425538352,13.53697328662512,12.862895223503845,13.37076187133789,1357500,0.0,0.0
2025-04-04 00:00:00-04:00,13.518506379693044,14.414199111822066,13.379996567893059,14.100245475769043,1181000,0.0,0.0
2025-04-07 00:00:00-04:00,13.841693888244563,14.580410227121682,13.250721521637502,14.340327262878418,1536500,0.0,0.0
2025-04-08 00:00:00-04:00,14.386497463022955,14.755855198926401,13.259955047589987,13.352294921875,1080200,0.0,0.0
2025-04-09 00:00:00-04:00,13.167616512296545,14.885132245581168,13.167616512296545,14.331094741821289,1751500,0.0,0.0
2025-04-10 00:00:00-04:00,13.98943720430139,14.054075468399619,13.32459328120366,13.813992500305176,765100,0.0,0.0
2025-04-11 00:00:00-04:00,13.758588068658485,13.961735258359072,13.232253088716986,13.730886459350586,684000,0.0,0.0
2025-04-14 00:00:00-04:00,13.84169472752401,13.989437828134054,13.010639346283345,13.195318222045898,690200,0.0,0.0
2025-04-15 00:00:00-04:00,13.158381524948311,13.352294551067017,12.75208802673774,12.946001052856445,777900,0.0,0.0
2025-04-16 00:00:00-04:00,12.862895997995487,13.066042317113501,12.622813023817844,12.687450408935547,701400,0.0,0.0
2025-04-17 00:00:00-04:00,12.687451086533333,12.992171462102858,12.465836428049748,12.89059829711914,473800,0.0,0.0
2025-04-21 00:00:00-04:00,12.798257238852573,12.955234494330808,12.484303608514395,12.918298721313477,666000,0.0,0.0
2025-04-22 00:00:00-04:00,13.093743763559964,13.463101478499182,12.86289497156839,13.287656784057617,1452100,0.0,0.0
2025-04-23 00:00:00-04:00,13.638548196501448,13.989437614789937,13.213786348416178,13.259955406188965,690000,0.0,0.0
2025-04-24 00:00:00-04:00,13.259956083446818,13.481571622919615,13.09374552961519,13.463103294372559,950700,0.0,0.0
2025-04-25 00:00:00-04:00,13.343060368926158,13.463101849746128,13.08450996133914,13.407698631286621,382100,0.0,0.0
2025-04-28 00:00:00-04:00,13.361528396606445,13.500037320275174,13.186082820633244,13.361528396606445,452300,0.0,0.0
2025-04-29 00:00:00-04:00,13.361529317622473,13.407699255567316,12.946001637355522,13.112212181091309,571200,0.0,0.0
2025-04-30 00:00:00-04:00,13.010640220575219,13.084511775844279,12.493538453073405,12.872130393981934,783500,0.0,0.0
2025-05-01 00:00:00-04:00,12.973703710215334,13.167616751999445,12.853662219528184,13.056809425354004,615300,0.0,0.0
2025-05-02 00:00:00-04:00,13.158381886058232,13.29689081682205,12.95523469106877,13.139913558959961,512900,0.0,0.0
2025-05-05 00:00:00-04:00,13.093745625969719,13.14914885078184,12.69668536546987,12.715153694152832,472600,0.0,0.0
2025-05-06 00:00:00-04:00,12.595112332675736,12.613579780935483,12.299625234954279,12.327327728271484,646300,0.0,0.0
2025-05-07 00:00:00-04:00,12.493537012868886,12.530472786245609,11.76405482821489,11.782523155212402,818200,0.0,0.0
2025-05-08 00:00:00-04:00,11.865628865464604,11.985669468475226,11.551674351453311,11.782523155212402,1106900,0.0,0.0
2025-05-09 00:00:00-04:00,11.874862144335848,12.022606118411158,11.265421443516537,11.283889770507812,926300,0.0,0.0
2025-05-12 00:00:00-04:00,12.004137793756504,12.410431300842365,11.893330473642179,12.068775177001953,1154500,0.0,0.0
2025-05-13 00:00:00-04:00,12.14264621417809,12.179581985999521,11.791756822183633,11.800990104675293,819600,0.0,0.0
2025-05-14 00:00:00-04:00,11.884096927825484,12.1334140715048,11.699418051369515,11.98567008972168,977400,0.0,0.0
2025-05-15 00:00:00-04:00,11.874862995670853,12.022606980338253,11.745588219937128,11.957968711853027,667200,0.0,0.0
2025-05-16 00:00:00-04:00,11.967202245501914,12.641280342365489,11.921032307764529,12.53970718383789,1063200,0.0,0.0
2025-05-19 00:00:00-04:00,12.327327597994463,12.872130084866093,12.308859269311503,12.715153694152832,832900,0.0,0.0
2025-05-20 00:00:00-04:00,12.742855011255838,12.936768054841279,12.521240355906293,12.668983459472656,1067800,0.0,0.0
2025-05-21 00:00:00-04:00,12.484305664783262,12.512007278954373,11.302358972315604,11.42240047454834,1094200,0.0,0.0
2025-05-22 00:00:00-04:00,11.487035192700583,11.967201089809693,11.477801910539432,11.8194580078125,1468700,0.0,0.0
2025-05-23 00:00:00-04:00,11.588610479783817,11.708651967089555,11.413164890406842,11.690183639526367,916700,0.0,0.0
2025-05-27 00:00:00-04:00,11.828692401163117,12.00413709430009,11.570141122009977,11.791756629943848,1136500,0.0,0.0
2025-05-28 00:00:00-04:00,15.420700299476252,16.574944281136556,14.903597727602126,15.466869354248047,3952100,0.0,0.0
2025-05-29 00:00:00-04:00,15.513039836812778,15.559210657070597,14.192585199081492,14.663516998291016,1777400,0.0,0.0
2025-05-30 00:00:00-04:00,14.423432802124225,14.829726299378898,14.03560675079926,14.155648231506348,1333200,0.0,0.0
2025-06-02 00:00:00-04:00,14.044840957462005,14.829726345192396,13.786290549319384,14.4049654006958,1916500,0.0,0.0
2025-06-03 00:00:00-04:00,14.480188382619284,15.326432820503731,14.310940033070347,15.185392379760742,1152800,0.28,0.0
2025-06-04 00:00:00-04:00,14.940921819585888,15.232406522761382,14.790477552219466,15.00674057006836,738300,0.0,0.0
2025-06-05 00:00:00-04:00,14.931518388410167,15.110169660944074,14.762269153694639,14.89390754699707,608300,0.0,0.0
2025-06-06 00:00:00-04:00,15.157185109359622,15.298225547699003,14.959727060943306,15.24180793762207,661300,0.0,0.0
2025-06-09 00:00:00-04:00,15.523891436224822,16.379538840365623,15.486279694166225,16.229095458984375,1163200,0.0,0.0
2025-06-10 00:00:00-04:00,16.370133989532818,16.370133989532818,15.608514236222032,15.655527114868164,844600,0.0,0.0
2025-06-11 00:00:00-04:00,15.730748493320796,15.79656723952632,14.668242032946628,14.687047004699707,1098900,0.0,0.0
2025-06-12 00:00:00-04:00,14.489589744262886,14.762268557676887,14.395563092883013,14.715254783630371,632100,0.0,0.0
2025-06-13 00:00:00-04:00,14.489590112076018,14.743463960343803,13.6903595198497,13.737372398376465,831000,0.0,0.0
2025-06-16 00:00:00-04:00,13.991247345506146,14.057066097983514,13.680957659951057,13.869011878967285,496200,0.0,0.0
2025-06-17 00:00:00-04:00,13.71856821535785,14.104079580415078,13.502305195500606,13.539916038513184,849300,0.0,0.0
2025-06-18 00:00:00-04:00,13.558721404648006,13.840803165119167,13.229625867979452,13.267236709594727,734800,0.0,0.0
2025-06-20 00:00:00-04:00,13.380068582496737,13.511706970092717,13.163806477924576,13.436485290527344,1529500,0.0,0.0
2025-06-23 00:00:00-04:00,13.28604307018131,13.963039141010096,13.16380760623214,13.85960865020752,1183900,0.0,0.0
2025-06-24 00:00:00-04:00,13.96303893652605,13.96303893652605,13.351861625730681,13.596332550048828,691500,0.0,0.0
2025-06-25 00:00:00-04:00,13.66215156761263,13.66215156761263,12.83471212067812,12.900531768798828,648700,0.0,0.0
2025-06-26 00:00:00-04:00,12.919337102835216,13.163808038766346,12.703074972620705,13.041572570800781,990100,0.0,0.0
2025-06-27 00:00:00-04:00,13.069779113068877,13.84080268447688,13.032168272759694,13.79378890991211,922400,0.0,0.0
2025-06-30 00:00:00-04:00,13.869011584040903,14.104079576990749,13.539916035225827,14.019454956054688,982500,0.0,0.0
2025-07-01 00:00:00-04:00,13.859607914823432,15.34523747982007,13.84080294267462,15.016142845153809,1198300,0.0,0.0
2025-07-02 00:00:00-04:00,15.006739602075076,15.664929754583607,14.969128761837823,15.646123886108398,819300,0.0,0.0
2025-07-03 00:00:00-04:00,15.683736284192834,15.7777638371062,15.270016127429866,15.63672161102295,418800,0.0,0.0
2025-07-07 00:00:00-04:00,15.486278282714547,15.580305835864602,14.73406144436693,14.837491035461426,649500,0.0,0.0
2025-07-08 00:00:00-04:00,14.884504943140143,15.11957293137257,14.621229047399526,14.96912956237793,487800,0.0,0.0
2025-07-09 00:00:00-04:00,14.950323690764819,14.978532494982199,14.489590649106143,14.809283256530762,746000,0.0,0.0
2025-07-10 00:00:00-04:00,14.912713824871023,15.476876495456722,14.856298006169087,15.194795608520508,404800,0.0,0.0
2025-07-11 00:00:00-04:00,15.044350231313338,15.2418064672547,14.762268485133582,15.157183647155762,325900,0.0,0.0
2025-07-14 00:00:00-04:00,15.100765614192685,15.147780283387764,14.668241418155471,14.76226806640625,618600,0.0,0.0
2025-07-15 00:00:00-04:00,14.865698915214185,14.99733640538434,14.085272424700573,14.10407829284668,496600,0.0,0.0
2025-07-16 00:00:00-04:00,14.245119677594213,14.58361815334285,13.633943269046382,13.944232940673828,580400,0.0,0.0
2025-07-17 00:00:00-04:00,14.216911268171515,14.480187153680289,13.916024541875771,13.991246223449707,838600,0.0,0.0
2025-07-18 00:00:00-04:00,14.15109314880416,14.18870399125978,13.521110865137585,13.596332550048828,560700,0.0,0.0
2025-07-21 00:00:00-04:00,13.831400216752808,14.066468200792311,13.756178533597224,14.000649452209473,1733400,0.0,0.0
2025-07-22 00:00:00-04:00,13.991246282168651,15.664930049282662,13.991246282168651,15.655527114868164,1313300,0.0,0.0
2025-07-23 00:00:00-04:00,15.664930049282662,15.984622645670175,15.429862069199277,15.655527114868164,1054100,0.0,0.0
2025-07-24 00:00:00-04:00,15.505083944138178,15.505083944138178,14.781075022757783,14.89390754699707,1187700,0.0,0.0
2025-07-25 00:00:00-04:00,15.119573695572566,15.119573695572566,14.602423915979895,14.865700721740723,675900,0.0,0.0
2025-07-28 00:00:00-04:00,14.865700079689157,15.373446902136447,14.809283367544694,15.326432228088379,1124900,0.0,0.0
2025-07-29 00:00:00-04:00,15.298224852432577,15.664930334134409,15.072559802660187,15.345237731933594,1502100,0.0,0.0
2025-07-30 00:00:00-04:00,16.14446849570374,16.14446849570374,11.621760289893123,12.289353370666504,2746300,0.0,0.0
2025-07-31 00:00:00-04:00,12.345771308833434,13.492903385160513,11.527734786959343,13.257835388183594,2093500,0.0,0.0
2025-08-01 00:00:00-04:00,13.13559963098158,13.568124771700136,12.571436092057127,13.248432159423828,1682600,0.0,0.0
2025-08-04 00:00:00-04:00,13.286042713699867,13.972440804328402,13.126196411033156,13.558721542358398,1169300,0.0,0.0
2025-08-05 00:00:00-04:00,13.69976053685324,14.69644909017362,13.596330956401726,14.498991966247559,1180100,0.0,0.0
2025-08-06 00:00:00-04:00,14.480187874658599,14.508396679188243,13.972441050396887,14.367355346679688,971900,0.0,0.0
2025-08-07 00:00:00-04:00,14.461382411151135,14.640033683546203,14.047662259215413,14.574214935302734,800600,0.0,0.0
2025-08-08 00:00:00-04:00,14.555409654551413,14.687048053072072,13.981844076086908,14.27332878112793,642400,0.0,0.0
2025-08-11 00:00:00-04:00,14.43317462683219,14.687047584150426,14.028857405987996,14.386160850524902,1239200,0.0,0.0
2025-08-12 00:00:00-04:00,14.49899267841482,15.081962041850558,14.292132610638049,14.715254783630371,584000,0.0,0.0
2025-08-13 00:00:00-04:00,14.809283229253037,15.467474312368184,14.536604399313097,15.38284969329834,958400,0.0,0.0
2025-08-14 00:00:00-04:00,15.128975568767306,15.128975568767306,14.658839601542532,14.959726333618164,637000,0.0,0.0
2025-08-15 00:00:00-04:00,14.978531061137984,15.081961539940904,14.658838484316455,14.76226806640625,767000,0.0,0.0
2025-08-18 00:00:00-04:00,14.903310639570599,15.006740230375131,14.611825942993164,14.611825942993164,568800,0.0,0.0
2025-08-19 00:00:00-04:00,14.649436792591423,15.110169829210868,14.583618043563845,14.9315185546875,489100,0.0,0.0
2025-08-20 00:00:00-04:00,14.931517850045811,15.157183787101065,14.649436101261612,15.1007661819458,1670100,0.0,0.0
2025-08-21 00:00:00-04:00,14.978531360188756,15.044350104949704,14.677643748324822,14.771671295166016,550800,0.0,0.0
2025-08-22 00:00:00-04:00,15.147780248113769,16.313717140042876,15.034946835734582,16.257301330566406,1259400,0.0,0.0
2025-08-25 00:00:00-04:00,16.229094503670566,16.53938418368273,15.97522063999885,16.388940811157227,1079900,0.0,0.0
2025-08-26 00:00:00-04:00,16.33160362323116,16.608733454150894,15.97802217251902,16.054471969604492,1588800,0.28,0.0
2025-08-27 00:00:00-04:00,16.102254521961825,16.446277703688523,16.00669181820725,16.41761016845703,773400,0.0,0.0
2025-08-28 00:00:00-04:00,16.465390140113662,16.627846185058257,15.958910923238745,16.25515365600586,931600,0.0,0.0
2025-08-29 00:00:00-04:00,16.283823118748902,16.494059604220354,15.815566062919018,15.84423542022705,789700,0.0,0.0
2025-09-02 00:00:00-04:00,15.662665605618704,15.872903902203221,15.423759776013991,15.758228302001953,1177300,0.0,0.0
2025-09-03 00:00:00-04:00,15.796455043392953,16.24559737342491,15.70089234136083,16.1118106842041,852700,0.0,0.0
2025-09-04 00:00:00-04:00,16.13092080731357,16.694738710801307,15.806010556054352,16.408052444458008,546300,0.0,0.0
2025-09-05 00:00:00-04:00,16.541838654844813,17.03876320355414,16.331602187024767,16.89542007446289,760900,0.0,0.0
2025-09-08 00:00:00-04:00,16.914534335111597,17.09610146260134,16.780745824210776,16.790302276611328,620400,0.0,0.0
2025-09-09 00:00:00-04:00,16.63740149753689,16.838083338228067,15.920684022952452,16.102252960205078,1175800,0.0,0.0
2025-09-10 00:00:00-04:00,15.997133734449834,16.23603955812329,15.528878538774674,16.159589767456055,1006500,0.0,0.0
2025-09-11 00:00:00-04:00,16.150033704430587,17.14388282972814,16.150033704430587,17.029207229614258,856500,0.0,0.0
2025-09-12 00:00:00-04:00,17.019651272340955,17.019651272340955,16.513172065777884,16.541839599609375,488800,0.0,0.0
2025-09-15 00:00:00-04:00,16.599177754500893,17.229888995480923,16.350715474310757,17.143882751464844,786700,0.0,0.0
2025-09-16 00:00:00-04:00,17.25855644501682,17.545244531255104,17.029207069650276,17.172550201416016,936400,0.0,0.0
2025-09-17 00:00:00-04:00,17.277669269503168,18.08039299096272,17.153439041930362,17.258556365966797,946000,0.0,0.0
2025-09-18 00:00:00-04:00,17.3350066340532,17.507019125196635,17.086544349369007,17.449682235717773,568300,0.0,0.0
2025-09-19 00:00:00-04:00,17.401900779163565,17.401900779163565,16.91453446202694,17.26811408996582,1340900,0.0,0.0
2025-09-22 00:00:00-04:00,17.16299255433789,17.3063374988276,16.895419213064688,17.105655670166016,764400,0.0,0.0
2025-09-23 00:00:00-04:00,17.239444576079876,17.66947395172032,17.21077522195449,17.35411834716797,826100,0.0,0.0
2025-09-24 00:00:00-04:00,17.306340191316963,17.593026479485154,17.019652080441805,17.57391357421875,556800,0.0,0.0
2025-09-25 00:00:00-04:00,17.459239408513223,17.459239408513223,16.952758366204975,17.382789611816406,1091900,0.0,0.0
2025-09-26 00:00:00-04:00,17.411457891667457,18.00394520845887,17.29678410306719,17.851045608520508,680300,0.0,0.0
2025-09-29 00:00:00-04:00,17.956163911298013,17.956163911298013,17.325450813224936,17.440126419067383,1287500,0.0,0.0
2025-09-30 00:00:00-04:00,17.306338704076605,17.59302496760808,16.81897059790765,17.172550201416016,775500,0.0,0.0
2025-10-01 00:00:00-04:00,17.34456245039114,17.74592430744661,17.038763287435884,17.401899337768555,616000,0.0,0.0
2025-10-02 00:00:00-04:00,17.421013265236056,17.83193159812834,17.344563470003088,17.669475555419922,662100,0.0,0.0
2025-10-03 00:00:00-04:00,17.745926625728245,18.089951640348836,17.69814618378962,17.70770263671875,471900,0.0,0.0
2025-10-06 00:00:00-04:00,17.74592689562324,17.755483348697712,16.952759517512522,17.47835350036621,954800,0.0,0.0
2025-10-07 00:00:00-04:00,17.49746383266757,17.49746383266757,16.656516047992202,16.924089431762695,482800,0.0,0.0
2025-10-08 00:00:00-04:00,16.99098578735499,17.08654667525894,16.4271677997276,16.513174057006836,491600,0.0,0.0
2025-10-09 00:00:00-04:00,16.72340781987879,16.72340781987879,15.968464534824998,15.987577438354492,495300,0.0,0.0
2025-10-10 00:00:00-04:00,16.083140133194295,16.083140133194295,15.29952931555798,15.395092010498047,796900,0.0,0.0
2025-10-13 00:00:00-04:00,15.605329639328708,16.1691475763406,15.442873592686182,16.1118106842041,658400,0.0,0.0
2025-10-14 00:00:00-04:00,15.863348388003358,16.52272902704737,15.796455043392953,16.1118106842041,618800,0.0,0.0
2025-10-15 00:00:00-04:00,16.178703859897155,16.465390140293373,16.02580426732492,16.283823013305664,746700,0.0,0.0
2025-10-16 00:00:00-04:00,16.30293329777214,16.60873246795626,16.22648350522611,16.436721801757812,558600,0.0,0.0
2025-10-17 00:00:00-04:00,16.33160366322144,16.656515757307023,16.264710318446223,16.64695930480957,444200,0.0,0.0
2025-10-20 00:00:00-04:00,16.914532824227145,17.086543483951544,16.79030077682386,17.067432403564453,379100,0.0,0.0
2025-10-21 00:00:00-04:00,17.143882283736506,17.726811249522267,16.809413768655435,17.602581024169922,764000,0.0,0.0
2025-10-22 00:00:00-04:00,17.612137550908482,17.650361534754293,17.201219244002015,17.487905502319336,500100,0.0,0.0
2025-10-23 00:00:00-04:00,17.382788976390664,17.468795222369,17.086544430151115,17.392345428466797,481700,0.0,0.0
2025-10-24 00:00:00-04:00,17.58346722058812,17.659917006745633,17.21077474090858,17.2203311920166,448000,0.0,0.0
2025-10-27 00:00:00-04:00,17.277670457796514,17.526132752737233,17.19166420867446,17.325450897216797,890900,0.0,0.0
2025-10-28 00:00:00-04:00,17.325450344512234,17.507019289389497,17.010094715360605,17.27766990661621,1170900,0.0,0.0
2025-10-29 00:00:00-04:00,16.02580394474507,17.277670017246834,13.025146311177354,14.410799980163574,2424600,0.0,0.0
2025-10-30 00:00:00-04:00,14.286568932870281,14.535031223162777,13.780088811392075,14.02855110168457,2168200,0.0,0.0
2025-10-31 00:00:00-04:00,13.971213298999377,14.353463186669495,13.12070818750297,13.999881744384766,1391000,0.0,0.0
2025-11-03 00:00:00-05:00,13.999881690343498,14.391688028747476,13.474289577775284,14.382131576538086,2443500,0.0,0.0
2025-11-04 00:00:00-05:00,14.372576173175833,14.668819833811357,14.03810761226671,14.59237003326416,1279300,0.0,0.0
2025-11-05 00:00:00-05:00,17.134326623796234,17.42101289413619,16.09269704674389,16.79985809326172,2393900,0.0,0.0
2025-11-06 00:00:00-05:00,16.723408463681587,17.019651188966023,16.322046587644955,16.65651512145996,1425000,0.0,0.0
2025-11-07 00:00:00-05:00,16.64695922002825,17.01965175199606,16.570509423144934,16.73296546936035,1118400,0.0,0.0
2025-11-10 00:00:00-05:00,17.25855660874858,17.44012554948469,16.79030140176121,17.057876586914062,1314800,0.0,0.0
2025-11-11 00:00:00-05:00,17.162994636007927,17.249000884050627,16.81897146654402,16.96231460571289,708500,0.0,0.0
2025-11-12 00:00:00-05:00,17.143883769254174,17.669475893705012,17.067433972557563,17.325450897216797,918700,0.0,0.0
2025-11-13 00:00:00-05:00,17.325452641251132,17.526134516972835,15.968467246257685,16.39849853515625,795200,0.0,0.0
2025-11-14 00:00:00-05:00,16.16914761617865,16.666072209804472,16.00669156913586,16.64695930480957,531300,0.0,0.0
2025-11-17 00:00:00-05:00,16.53228284268827,16.599178006711387,15.872904058822057,15.911128044128418,606500,0.0,0.0
2025-11-18 00:00:00-05:00,15.767784289294264,16.35071507961919,15.614884708669164,16.27426528930664,677600,0.0,0.0
2025-11-19 00:00:00-05:00,16.33160234486988,17.411455872014656,16.21692674686447,17.373231887817383,1154600,0.0,0.0
2025-11-20 00:00:00-05:00,17.612138290738883,17.75548142591894,16.656514959262715,16.828527450561523,832900,0.0,0.0
2025-11-21 00:00:00-05:00,16.92408876468331,17.75548188663126,16.64695893917193,17.58346939086914,1196900,0.0,0.0
2025-11-24 00:00:00-05:00,17.382788734362972,17.774594150494863,17.08654419224816,17.621694564819336,1102500,0.0,0.0
2025-11-25 00:00:00-05:00,17.726812788356245,18.921342001121676,17.726812788356245,18.539093017578125,1382400,0.0,0.0
2025-11-26 00:00:00-05:00,18.29062986636437,18.38619256345344,18.02305650176318,18.128173828125,990200,0.0,0.0
2025-11-28 00:00:00-05:00,18.128173429001567,18.223736123986658,17.774593827075567,17.879711151123047,361800,0.0,0.0
2025-12-01 00:00:00-05:00,17.75548022156854,18.27151766046225,17.726810867394423,18.003942489624023,955100,0.0,0.0
2025-12-02 00:00:00-05:00,18.003941897967465,18.450161260470953,17.75173127571844,18.343456268310547,883200,0.28,0.0
2025-12-03 00:00:00-05:00,18.304656942220486,18.80907637266424,18.28525569676372,18.430761337280273,775000,0.0,0.0
2025-12-04 00:00:00-05:00,18.430761464629917,18.74117399326463,18.256153954721736,18.692672729492188,821800,0.0,0.0
2025-12-05 00:00:00-05:00,18.68297221711517,19.051586634496292,18.605369084497852,18.82847785949707,601800,0.0,0.0
2025-12-08 00:00:00-05:00,18.91578192065194,19.090389434413783,18.712074388066235,18.84787940979004,646400,0.0,0.0
2025-12-09 00:00:00-05:00,18.605368800274732,19.012785702842958,18.362858783274703,18.935182571411133,696400,0.0,0.0
2025-12-10 00:00:00-05:00,18.857579732311184,20.079830458963304,18.634469107056987,19.973125457763672,1092200,0.0,0.0
2025-12-11 00:00:00-05:00,19.982826461516865,20.467846512280843,19.982826461516865,20.380542755126953,1157700,0.0,0.0
2025-12-12 00:00:00-05:00,20.39994425957262,20.884964316479394,20.332039897433738,20.52604866027832,1494200,0.0,0.0
2025-12-15 00:00:00-05:00,20.574548545844593,20.700654788296372,19.914922866867858,19.924623489379883,740700,0.0,0.0
2025-12-16 00:00:00-05:00,20.22533475553976,20.29323726080128,19.779115384928406,20.138031005859375,661800,0.0,0.0
2025-12-17 00:00:00-05:00,20.147733868954173,20.962567723129446,20.099230752512366,20.79766082763672,733100,0.0,0.0
2025-12-18 00:00:00-05:00,20.787959376181387,21.11777315402746,20.370841842422845,20.487247467041016,775600,0.0,0.0
2025-12-19 00:00:00-05:00,20.28353912185823,20.39994475241818,19.97312657397134,20.302940368652344,1185000,0.0,0.0
2025-12-22 00:00:00-05:00,20.24473862238789,20.39024427396863,20.002228586351738,20.186534881591797,525000,0.0,0.0
2025-12-23 00:00:00-05:00,20.031327989142103,20.05072923547615,19.585110424687123,19.75971794128418,800800,0.0,0.0
2025-12-24 00:00:00-05:00,19.788818030721192,20.17683370775402,19.682114875915097,20.147733688354492,227600,0.0,0.0
2025-12-26 00:00:00-05:00,20.079829674745042,20.186532821572754,19.866419680680508,20.17683219909668,266500,0.0,0.0
2025-12-29 00:00:00-05:00,20.099230501106586,20.099230501106586,19.75971794128418,19.75971794128418,587300,0.0,0.0
2025-12-30 00:00:00-05:00,19.701513747016147,20.070130018026262,19.68211435133507,19.730615615844727,621700,0.0,0.0
2025-12-31 00:00:00-05:00,19.662712576613252,19.837320084479316,19.284395692835254,19.439603805541992,428200,0.0,0.0
2026-01-02 00:00:00-05:00,19.400802093319886,19.429903962533544,18.731473903043042,19.109790802001953,842600,0.0,0.0
2026-01-05 00:00:00-05:00,19.003085677532862,19.439604461937463,18.721773160871088,18.84787940979004,791900,0.0,0.0
2026-01-06 00:00:00-05:00,18.70237321921557,19.89552206149243,18.537466333276154,19.827619552612305,717600,0.0,0.0
2026-01-07 00:00:00-05:00,19.992527149231634,20.07013028359673,19.03218766763686,19.109790802001953,580000,0.0,0.0
2026-01-08 00:00:00-05:00,18.993384670509606,19.982825995018782,18.915781538207195,19.58510971069336,485700,0.0,0.0
2026-01-09 00:00:00-05:00,19.662713925801523,20.26413777171384,19.206793879488774,20.16713523864746,955600,0.0,0.0
2026-01-12 00:00:00-05:00,19.92462317020678,20.458144448389803,19.653011294834684,20.157432556152344,485700,0.0,0.0
2026-01-13 00:00:00-05:00,20.244738375223395,20.341740908289776,20.060430232028782,20.16713523864746,385300,0.0,0.0
2026-01-14 00:00:00-05:00,20.17683219909668,20.516346584941076,19.9634240552367,20.17683219909668,456600,0.0,0.0
2026-01-15 00:00:00-05:00,20.225336846947602,20.797660665053904,20.060429952744013,20.661853790283203,746900,0.0,0.0
2026-01-16 00:00:00-05:00,20.89466478485576,21.098372319149302,20.419343504428145,20.516347885131836,627500,0.0,0.0
2026-01-20 00:00:00-05:00,19.837320175338693,20.40964396476345,19.594810157792768,19.827619552612305,920100,0.0,0.0
2026-01-21 00:00:00-05:00,20.079830432605362,20.49694611359218,20.041027941236568,20.2253360748291,1283000,0.0,0.0
2026-01-22 00:00:00-05:00,20.361141357013064,20.89466451899248,20.341740111078252,20.37084197998047,813600,0.0,0.0
2026-01-23 00:00:00-05:00,20.186532821572754,20.458144700289182,19.924623415536956,20.17683219909668,455100,0.0,0.0
2026-01-26 00:00:00-05:00,20.244737830023723,20.38054285282314,19.526906523271936,19.623910903930664,732100,0.0,0.0
2026-01-27 00:00:00-05:00,19.653011799716054,19.662712422321892,19.119488657622412,19.429903030395508,1392400,0.0,0.0
2026-01-28 00:00:00-05:00,19.885821445144366,20.128331462768077,18.265854453409787,19.449302673339844,1689700,0.0,0.0
2026-01-29 00:00:00-05:00,19.507506246063585,19.75001626165282,18.227053659785152,18.42106056213379,1253800,0.0,0.0
2026-01-30 00:00:00-05:00,18.236752300341024,18.54716667222219,17.81963663071596,18.159149169921875,935400,0.0,0.0
2026-02-02 00:00:00-05:00,18.159149764154787,18.37255976744442,17.78083472225718,18.07184600830078,732400,0.0,0.0
2026-02-03 00:00:00-05:00,18.139749944982448,18.73147312614757,17.926339946676208,18.29495620727539,770700,0.0,0.0
2026-02-04 00:00:00-05:00,18.391959733856048,19.556008614567943,18.33375784488186,19.12919044494629,745700,0.0,0.0
2026-02-05 00:00:00-05:00,19.10978954904011,19.740315205690717,18.663570168044362,19.536605834960938,885900,0.0,0.0
2026-02-06 00:00:00-05:00,19.779116930401262,20.487247605384688,19.740316288736288,20.37084197998047,734600,0.0,0.0
2026-02-09 00:00:00-05:00,20.535747563360932,20.564849430411446,20.11863005332624,20.409643173217773,609200,0.0,0.0
2026-02-10 00:00:00-05:00,20.34173904793142,20.981965328682023,20.32233965321515,20.68125343322754,557400,0.0,0.0
2026-02-11 00:00:00-05:00,22.146014403731034,22.592233791582487,21.486386869640366,22.475828170776367,977500,0.0,0.0
2026-02-12 00:00:00-05:00,22.81534280706317,23.164555972847733,22.398225282454924,22.873544692993164,1148500,0.0,0.0
2026-02-13 00:00:00-05:00,22.88324673022939,23.193659274650567,22.262421641387043,23.096654891967773,796700,0.0,0.0
2026-02-17 00:00:00-05:00,22.8444436991729,23.028751836909965,21.670696061942124,21.787099838256836,1164800,0.0,0.0
2026-02-18 00:00:00-05:00,21.670695773368138,22.03931019372902,21.670695773368138,21.8938045501709,728000,0.0,0.0
2026-02-19 00:00:00-05:00,21.622194809304734,21.98110861172069,21.39908417919775,21.913206100463867,639100,0.0,0.0
2026-02-20 00:00:00-05:00,21.932606466230343,22.76683966416295,21.806500221639816,22.107213973999023,659600,0.0,0.0
2026-02-23 00:00:00-05:00,22.194516167535845,22.30122116816683,21.3408817131018,22.00050926208496,692300,0.0,0.0
2026-02-24 00:00:00-05:00,22.04961780101252,22.344266722748873,21.823718296127016,22.10854721069336,660100,0.28,0.0
2026-02-25 00:00:00-05:00,22.2951589519285,22.2951589519285,21.656749839532075,21.81389617919922,487400,0.0,0.0
2026-02-26 00:00:00-05:00,21.794253858358957,22.246049107584962,20.998698422115094,21.244239807128906,867300,0.0,0.0
2026-02-27 00:00:00-05:00,20.988878367792516,21.195132231538388,20.67458382208647,21.146024703979492,768300,0.0,0.0
2026-03-02 00:00:00-05:00,20.723694693523303,21.028165507324196,20.183502485383148,20.596012115478516,584700,0.0,0.0
2026-03-03 00:00:00-05:00,19.987069871723204,20.183501863174094,19.338840740604155,19.71206283569336,425300,0.0,0.0
2026-03-04 00:00:00-05:00,19.810280525642856,20.036178167449325,19.329019599186022,19.4075927734375,512000,0.0,0.0
2026-03-05 00:00:00-05:00,19.201335310237482,19.3683035248192,18.219169782893733,18.415603637695312,728600,0.0,0.0
2026-03-06 00:00:00-05:00,18.140597275273198,18.484355597009763,17.256648643187837,18.052202224731445,749000,0.0,0.0
2026-03-09 00:00:00-04:00,18.071845439694012,18.071845439694012,16.745921594952236,17.305757522583008,956100,0.0,0.0
2026-03-10 00:00:00-04:00,17.30575751188046,17.796840278271333,17.20754058393587,17.32539939880371,800300,0.0,0.0
2026-03-11 00:00:00-04:00,17.266471625226195,17.325401038236368,16.834318225376315,16.89324951171875,588800,0.0,0.0
2026-03-12 00:00:00-04:00,16.559311773956907,16.83431692904911,15.076241568523551,15.184279441833496,1288700,0.0,0.0
2026-03-13 00:00:00-04:00,15.606611809733327,15.812866624370017,14.91909513650028,15.036955833435059,952800,0.0,0.0
2026-03-16 00:00:00-04:00,15.213745005504999,15.459286406897911,14.948560779067032,15.036955833435059,769800,0.0,0.0
2026-03-17 00:00:00-04:00,15.115528278301152,15.59678917703214,14.9780247629497,15.351247787475586,689200,0.0,0.0
2026-03-18 00:00:00-04:00,15.095885130760598,15.262853357374908,14.820879025552486,14.889630317687988,613800,0.0,0.0
2026-03-19 00:00:00-04:00,14.722662207461573,15.282497239750702,14.565515860386068,15.056598663330078,614900,0.0,0.0
2026-03-20 00:00:00-04:00,14.97802527281375,15.213744790012267,14.614624116299513,14.742305755615234,1245000,0.0,0.0
2026-03-23 00:00:00-04:00,15.390535047993243,15.586967980928815,14.94856071472168,14.94856071472168,1146900,0.0,0.0
2026-03-24 00:00:00-04:00,14.69319661637669,15.302139142942288,14.585158743437427,15.125349044799805,998200,0.0,0.0
2026-03-25 00:00:00-04:00,15.469107135711877,16.058406829833984,15.115527881238238,16.058406829833984,979900,0.0,0.0
2026-03-26 00:00:00-04:00,15.852151522071823,16.058407263585142,15.184279578915163,15.361069679260254,1360500,0.0,0.0
2026-03-27 00:00:00-04:00,15.154814749051576,15.22356603787659,14.80123455128623,15.194101333618164,1033800,0.0,0.0
2026-03-30 00:00:00-04:00,15.302139212989061,15.410177086422877,14.869986782587736,15.213744163513184,984400,0.0,0.0
2026-03-31 00:00:00-04:00,15.528038197611068,15.911083110164206,15.282496803153794,15.753936767578125,930200,0.0,0.0
2026-04-01 00:00:00-04:00,15.881617751981656,16.470917483866963,15.79322269853225,16.18608856201172,1008200,0.0,0.0
2026-04-02 00:00:00-04:00,15.832509865499002,16.176266317480387,15.606611296578821,15.675362586975098,577100,0.0,0.0
2026-04-06 00:00:00-04:00,15.46910746655688,15.685184150578458,15.02713315484561,15.243209838867188,873700,0.0,0.0
2026-04-07 00:00:00-04:00,15.1646358798648,15.528037962423639,15.066419885569122,15.459285736083984,599400,0.0,0.0
2026-04-08 00:00:00-04:00,16.549489835678536,16.775387461807778,16.284304688483974,16.372699737548828,842200,0.0,0.0
2026-04-09 00:00:00-04:00,16.22537530302014,16.824495013451305,16.048585204641984,16.392343521118164,948000,0.0,0.0
2026-04-10 00:00:00-04:00,16.520023979636917,16.520023979636917,15.81286546966391,16.07805061340332,548900,0.0,0.0
2026-04-13 00:00:00-04:00,15.891439811315172,16.510203319082162,15.763757233416884,16.441452026367188,645700,0.0,0.0
2026-04-14 00:00:00-04:00,16.392344548317503,16.667349720065502,16.205732557965483,16.5200252532959,468100,0.0,0.0
2026-04-15 00:00:00-04:00,16.765565497925373,16.765565497925373,16.13698015067217,16.27448272705078,594100,0.0,0.0
2026-04-16 00:00:00-04:00,16.156624127676213,16.63788502478446,16.06822907786734,16.549489974975586,591600,0.0,0.0
2026-04-17 00:00:00-04:00,17.030751607835477,17.80666145560558,16.952178434981136,17.551300048828125,984400,0.0,0.0
2026-04-20 00:00:00-04:00,17.403973752055766,17.90487843269605,17.364688102201033,17.64951515197754,806600,0.0,0.0
2026-04-21 00:00:00-04:00,17.68880126187956,17.69862314189156,16.804852667452597,17.070035934448242,720400,0.0,0.0
2026-04-22 00:00:00-04:00,17.286114659264136,17.394151599676984,16.853961277616182,17.256649017333984,643700,0.0,0.0
2026-04-23 00:00:00-04:00,17.128968115510883,17.33522198661565,16.706636619440552,16.961999893188477,717800,0.0,0.0
2026-04-24 00:00:00-04:00,16.942356991474085,17.335222865885292,16.637886172971932,16.81467628479004,965900,0.0,0.0
2026-04-27 00:00:00-04:00,16.824494659132323,17.453081870498135,16.745921491878107,17.187896728515625,1071000,0.0,0.0
2026-04-28 00:00:00-04:00,17.374510291055607,17.374510291055607,16.44145220547644,16.696815490722656,597100,0.0,0.0
2026-04-29 00:00:00-04:00,16.5298461335537,16.834316929557307,16.1369802881729,16.45127296447754,772000,0.0,0.0
2026-04-30 00:00:00-04:00,16.69681399993939,17.276291812156796,16.480738257869135,17.246826171875,920400,0.0,0.0
2026-05-01 00:00:00-04:00,17.10932362039279,17.276291835551568,16.952177285341243,17.266469955444336,730900,0.0,0.0
2026-05-04 00:00:00-04:00,17.266470998619162,17.394151701063,16.038764011022998,16.048585891723633,939600,0.0,0.0
2026-05-05 00:00:00-04:00,16.677171823746924,16.932535110447272,15.989657011860373,16.81467628479004,680500,0.0,0.0
2026-05-06 00:00:00-04:00,17.207541661837123,17.806661400497756,17.070037204768415,17.472726821899414,651800,0.0,0.0
2026-05-07 00:00:00-04:00,17.472726555062543,17.737909837742855,16.971821884816354,17.1191463470459,1002100,0.0,0.0
2026-05-08 00:00:00-04:00,17.20754064250671,17.472725786860117,16.8834260905188,17.403972625732422,652300,0.0,0.0
2026-05-11 00:00:00-04:00,17.394152036281564,17.492368971848524,16.25484007970218,16.48073959350586,924400,0.0,0.0
2026-05-12 00:00:00-04:00,16.38252220650582,16.431629736269986,15.586967673000684,15.871795654296875,863500,0.0,0.0
2026-05-13 00:00:00-04:00,15.979834269449078,15.979834269449078,15.105706575170867,15.596789360046387,941200,0.0,0.0
2026-05-14 00:00:00-04:00,15.704827538810449,16.30394914739509,15.704827538810449,16.028942108154297,757800,0.0,0.0
2026-05-15 00:00:00-04:00,15.812865961413939,16.235197453836612,15.253030952776284,15.47892951965332,796500,0.0,0.0
2026-05-18 00:00:00-04:00,15.29231751544865,15.596789252097222,14.85034319945291,15.459285736083984,1416300,0.0,0.0
2026-05-19 00:00:00-04:00,15.262853439771652,15.272675320605776,14.83070098639735,15.007490158081055,1166400,0.0,0.0
2026-05-20 00:00:00-04:00,15.036955418988502,15.793222427368164,14.703018972431474,15.793222427368164,915700,0.0,0.0
2026-05-21 00:00:00-04:00,15.557503106664662,16.245019769492405,15.38071300060426,16.087871551513672,936800,0.0,0.0
2026-05-22 00:00:00-04:00,16.028941478193634,16.578953661726754,15.793221970965153,16.45127296447754,548000,0.0,0.0
2026-05-26 00:00:00-04:00,16.696815176874917,16.98164409967989,16.117337323810915,16.26466178894043,1778700,0.0,0.0
2026-05-27 00:00:00-04:00,16.853961271124682,18.327209647085454,15.361070070550797,15.93072509765625,3544200,0.0,0.0
2026-05-28 00:00:00-04:00,15.636076468488378,16.96200040667865,15.567325176038816,16.323593139648438,2157300,0.0,0.0
2026-05-29 00:00:00-04:00,16.205731367871532,16.559311560818635,15.822687407733566,16.15662384033203,1174500,0.0,0.0
2026-06-01 00:00:00-04:00,15.940546607759181,16.10751482808686,15.31196124809363,15.419999122619629,1586900,0.0,0.0
2026-06-02 00:00:00-04:00,15.649999618530273,15.890000343322754,15.40999984741211,15.770000457763672,1027400,0.28,0.0
2026-06-03 00:00:00-04:00,15.649999618530273,16.079999923706055,15.529999732971191,15.569999694824219,1057700,0.0,0.0
2026-06-04 00:00:00-04:00,15.819999694824219,15.869999885559082,15.140000343322754,15.390000343322754,1152700,0.0,0.0
2026-06-05 00:00:00-04:00,15.300000190734863,15.619999885559082,14.529999732971191,14.529999732971191,1291600,0.0,0.0
2026-06-08 00:00:00-04:00,14.579999923706055,15.25,14.5,14.680000305175781,1387800,0.0,0.0
2026-06-09 00:00:00-04:00,14.930000305175781,15.210000038146973,14.5,14.65999984741211,1354300,0.0,0.0
2026-06-10 00:00:00-04:00,14.529999732971191,14.899999618530273,14.09000015258789,14.210000038146973,1244000,0.0,0.0
2026-06-11 00:00:00-04:00,13.979999542236328,16.1200008392334,13.979999542236328,16.079999923706055,1567400,0.0,0.0
2026-06-12 00:00:00-04:00,15.729999542236328,16.170000076293945,15.520000457763672,15.949999809265137,1009900,0.0,0.0
2026-06-15 00:00:00-04:00,16.31999969482422,16.690000534057617,16.149999618530273,16.25,1394900,0.0,0.0
2026-06-16 00:00:00-04:00,16.34000015258789,16.559999465942383,15.800000190734863,16.0,1325500,0.0,0.0
2026-06-17 00:00:00-04:00,15.890000343322754,16.260000228881836,15.15999984741211,15.1899995803833,1261700,0.0,0.0
2026-06-18 00:00:00-04:00,15.479999542236328,16.18000030517578,15.40999984741211,15.550000190734863,5887600,0.0,0.0
2026-06-22 00:00:00-04:00,15.5,15.770000457763672,15.140000343322754,15.350000381469727,916200,0.0,0.0
2026-06-23 00:00:00-04:00,15.3100004196167,15.630000114440918,15.149999618530273,15.420000076293945,759800,0.0,0.0
2026-06-24 00:00:00-04:00,15.630000114440918,15.949999809265137,15.520000457763672,15.710000038146973,1058500,0.0,0.0
2026-06-25 00:00:00-04:00,15.710000038146973,16.110000610351562,15.630000114440918,16.049999237060547,977000,0.0,0.0
2026-06-26 00:00:00-04:00,16.0,17.270000457763672,15.699999809265137,17.219999313354492,1346200,0.0,0.0
2026-06-29 00:00:00-04:00,16.889999389648438,17.100000381469727,16.709999084472656,16.959999084472656,874600,0.0,0.0
2026-06-30 00:00:00-04:00,16.899999618530273,17.270000457763672,16.389999389648438,17.110000610351562,721000,0.0,0.0
2026-07-01 00:00:00-04:00,17.040000915527344,17.420000076293945,16.940000534057617,17.149999618530273,900100,0.0,0.0
2026-07-02 00:00:00-04:00,17.18000030517578,17.34000015258789,16.829999923706055,17.209999084472656,871100,0.0,0.0
2026-07-06 00:00:00-04:00,17.360000610351562,17.399999618530273,16.90999984741211,17.219999313354492,727400,0.0,0.0
2026-07-07 00:00:00-04:00,17.100000381469727,17.68000030517578,17.030000686645508,17.31999969482422,684400,0.0,0.0
2026-07-08 00:00:00-04:00,16.940000534057617,17.18000030517578,16.149999618530273,16.540000915527344,1275400,0.0,0.0
2026-07-09 00:00:00-04:00,16.639999389648438,16.8799991607666,16.520000457763672,16.829999923706055,629300,0.0,0.0
2026-07-10 00:00:00-04:00,16.829999923706055,17.149999618530273,16.559999465942383,16.809999465942383,582700,0.0,0.0
2026-07-13 00:00:00-04:00,16.899999618530273,17.200000762939453,16.440000534057617,16.510000228881836,845400,0.0,0.0
2026-07-14 00:00:00-04:00,16.75,17.360000610351562,16.459999084472656,17.329999923706055,609600,0.0,0.0
2026-07-15 00:00:00-04:00,17.360000610351562,18.100000381469727,17.190000534057617,17.209999084472656,537500,0.0,0.0
2026-07-16 00:00:00-04:00,17.110000610351562,17.8700008392334,17.059999465942383,17.459999084472656,766800,0.0,0.0
2026-07-17 00:00:00-04:00,17.280000686645508,17.559999465942383,16.739999771118164,16.959999084472656,479700,0.0,0.0
2026-07-20 00:00:00-04:00,17.1299991607666,17.440000534057617,16.65999984741211,16.790000915527344,449000,0.0,0.0
2026-07-21 00:00:00-04:00,17.06999969482422,17.510000228881836,16.6200008392334,17.06999969482422,1117300,0.0,0.0
2026-07-22 00:00:00-04:00,17.100000381469727,17.389999389648438,16.809999465942383,16.829999923706055,487600,0.0,0.0
2026-07-23 00:00:00-04:00,16.34000015258789,16.729999542236328,16.260000228881836,16.709999084472656,686600,0.0,0.0
2026-07-24 00:00:00-04:00,16.75,17.059999465942383,16.3799991607666,16.790000915527344,555800,0.0,0.0
2026-07-27 00:00:00-04:00,16.969999313354492,17.139999389648438,16.75,16.940000534057617,655500,0.0,0.0
2026-07-28 00:00:00-04:00,17.010000228881836,17.399999618530273,16.899999618530273,17.200000762939453,975800,0.0,0.0
2026-07-29 00:00:00-04:00,14.5,16.059999465942383,13.229999542236328,13.260000228881836,2970500,0.0,0.0
2026-07-30 00:00:00-04:00,13.460000038146973,13.770000457763672,13.010000228881836,13.449999809265137,1728900,0.0,0.0
2026-07-31 00:00:00-04:00,13.40999984741211,13.489999771118164,12.15999984741211,12.25,2020700,0.0,0.0
2026-08-03 00:00:00-04:00,12.25,12.989999771118164,12.25,12.75,981800,0.0,0.0
2026-08-04 00:00:00-04:00,12.829999923706055,13.130000114440918,12.59000015258789,13.100000381469727,910100,0.0,0.0
2026-08-05 00:00:00-04:00,13.350000381469727,13.489999771118164,13.020000457763672,13.149999618530273,885500,0.0,0.0
2026-08-06 00:00:00-04:00,13.289999961853027,13.289999961853027,12.350000381469727,12.40999984741211,1481900,0.0,0.0
2026-08-07 00:00:00-04:00,12.489999771118164,12.880000114440918,12.390000343322754,12.729999542236328,600500,0.0,0.0
2026-08-10 00:00:00-04:00,12.539999961853027,12.609999656677246,11.65999984741211,11.760000228881836,1392600,0.0,0.0
2026-08-11 00:00:00-04:00,11.739999771118164,12.109999656677246,11.609999656677246,11.65999984741211,840800,0.0,0.0
2026-08-12 00:00:00-04:00,11.930000305175781,11.930000305175781,11.270000457763672,11.479999542236328,1556200,0.0,0.0
2026-08-13 00:00:00-04:00,11.539999961853027,11.979999542236328,11.25,11.270000457763672,1205000,0.0,0.0
2026-08-14 00:00:00-04:00,11.180000305175781,11.489999771118164,11.0600004196167,11.479999542236328,1088000,0.0,0.0
2026-08-17 00:00:00-04:00,11.520000457763672,11.680000305175781,11.279999732971191,11.5600004196167,1300000,0.0,0.0
2026-08-18 00:00:00-04:00,11.5600004196167,11.9399995803833,11.34000015258789,11.850000381469727,1230500,0.0,0.0
2026-08-19 00:00:00-04:00,11.9399995803833,12.65999984741211,11.9399995803833,12.569999694824219,1479800,0.0,0.0
2026-08-20 00:00:00-04:00,12.25,12.279999732971191,11.65999984741211,11.960000038146973,1129800,0.0,0.0
2026-08-21 00:00:00-04:00,12.050000190734863,12.579999923706055,12.039999961853027,12.550000190734863,1146424,0.0,0.0
