Date,Open,High,Low,Close,Volume,Dividends,Stock Splits,Capital Gains
2006-08-25 00:00:00-04:00,33.237263198171995,33.256948830809236,33.237263198171995,33.25038528442383,3400,0.0,0.0,0.0
2006-08-28 00:00:00-04:00,33.49317574436326,33.57192075303605,33.49317574436326,33.53254699707031,500,0.0,0.0,0.0
2006-08-29 00:00:00-04:00,33.55223464957648,33.683477997670664,33.42099130148229,33.650665283203125,17600,0.0,0.0,0.0
2006-08-30 00:00:00-04:00,33.65725879805952,33.73600387573242,33.61788500759263,33.73600387573242,4400,0.0,0.0,0.0
2006-08-31 00:00:00-04:00,33.72942728116813,33.86066818237305,33.72942728116813,33.86066818237305,5500,0.0,0.0,0.0
2006-09-01 00:00:00-04:00,33.913171369311186,34.005041014526164,33.913171369311186,33.985355377197266,1200,0.0,0.0,0.0
2006-09-05 00:00:00-04:00,33.9853401224675,33.991901164212095,33.893470518489295,33.95252990722656,4900,0.0,0.0,0.0
2006-09-06 00:00:00-04:00,33.79503117610656,33.79503117610656,33.56535720825195,33.56535720825195,26400,0.0,0.0,0.0
2006-09-07 00:00:00-04:00,33.56536126493451,33.56536126493451,33.36849497925631,33.50630187988281,13100,0.0,0.0,0.0
2006-09-08 00:00:00-04:00,33.50630187386512,33.604732513427734,33.50630187386512,33.604732513427734,500,0.0,0.0,0.0
2006-09-11 00:00:00-04:00,33.57192636008645,33.598175535114315,33.46037112110671,33.545677185058594,3300,0.0,0.0,0.0
2006-09-12 00:00:00-04:00,33.630998885716565,36.223047105365275,33.43413500264732,33.985355377197266,11500,0.0,0.0,0.0
2006-09-13 00:00:00-04:00,34.11002680877553,34.22158456696446,34.11002680877553,34.195335388183594,3200,0.0,0.0,0.0
2006-09-14 00:00:00-04:00,34.09034729003906,34.14940670125791,34.03128787882022,34.09034729003906,10400,0.0,0.0,0.0
2006-09-15 00:00:00-04:00,34.25439428474017,34.32657827369559,34.19533488498206,34.280643463134766,6000,0.0,0.0,0.0
2006-09-18 00:00:00-04:00,34.22159449308599,34.26752931764636,34.15597152709961,34.15597152709961,4600,0.0,0.0,0.0
2006-09-19 00:00:00-04:00,34.155966210839296,34.169090801993775,33.95910235004174,34.05097198486328,5700,0.0,0.0,0.0
2006-09-20 00:00:00-04:00,34.28064192378282,34.300327555065074,34.241268157958984,34.241268157958984,9600,0.0,0.0,0.0
2006-09-21 00:00:00-04:00,34.123150630596434,34.19533461899036,33.96565806471339,33.978782653808594,7100,0.0,0.0,0.0
2006-09-22 00:00:00-04:00,33.87379406970984,33.90004325225944,33.7294285722067,33.89348220825195,3800,0.0,0.0,0.0
2006-09-25 00:00:00-04:00,33.92628023734235,34.136268615722656,33.79503687503992,34.136268615722656,2800,0.0,0.0,0.0
2006-09-26 00:00:00-04:00,34.110037884474465,34.35940015734288,34.110037884474465,34.35283660888672,10300,0.0,0.0,0.0
2006-09-27 00:00:00-04:00,34.35938262481822,34.451252230244094,34.35938262481822,34.39219284057617,16500,0.0,0.0,0.0
2006-09-28 00:00:00-04:00,34.51033024476259,34.51033024476259,34.346276574175825,34.44470977783203,11900,0.0,0.0,0.0
2006-09-29 00:00:00-04:00,34.50375083073153,34.50375083073153,34.300323486328125,34.300323486328125,26300,0.0,0.0,0.0
2006-10-02 00:00:00-04:00,34.32001928283527,34.41845246325052,34.234710693359375,34.234710693359375,5100,0.0,0.0,0.0
2006-10-03 00:00:00-04:00,34.19533536689504,34.42500942293592,34.19533536689504,34.260955810546875,25500,0.0,0.0,0.0
2006-10-04 00:00:00-04:00,34.28064039905598,34.6612434387207,34.28064039905598,34.6612434387207,6100,0.0,0.0,0.0
2006-10-05 00:00:00-04:00,34.77280603186918,34.864675657583945,34.687497449451385,34.81874084472656,17600,0.0,0.0,0.0
2006-10-06 00:00:00-04:00,34.65468416275834,34.792488589147716,34.65468416275834,34.739990234375,13800,0.0,0.0,0.0
2006-10-09 00:00:00-04:00,34.70062579509728,34.969673658064764,34.70062579509728,34.91717529296875,4300,0.0,0.0,0.0
2006-10-10 00:00:00-04:00,34.98934733288264,35.035282135009766,34.95653711754311,35.035282135009766,3100,0.0,0.0,0.0
2006-10-11 00:00:00-04:00,34.917182643893135,35.068111720428696,34.917182643893135,34.97624206542969,19700,0.0,0.0,0.0
2006-10-12 00:00:00-04:00,35.10747804705937,35.31090545654297,35.10747804705937,35.31090545654297,8600,0.0,0.0,0.0
2006-10-13 00:00:00-04:00,35.34370397283001,35.45525920660347,35.3043302121258,35.43557357788086,17300,0.0,0.0,0.0
2006-10-16 00:00:00-04:00,35.53401917130929,35.68494821863928,35.53401917130929,35.65869903564453,16500,0.0,0.0,0.0
2006-10-17 00:00:00-04:00,35.54056549306317,35.553690079123804,35.40932213571571,35.507755279541016,17100,0.0,0.0,0.0
2006-10-18 00:00:00-04:00,35.73087950198041,35.73087950198041,35.53401565551758,35.53401565551758,16500,0.0,0.0,0.0
2006-10-19 00:00:00-04:00,35.48151395785096,35.58650816630756,35.474952914998404,35.54713439941406,14600,0.0,0.0,0.0
2006-10-20 00:00:00-04:00,35.5011942516746,35.5011942516746,35.39620005900502,35.409324645996094,18600,0.0,0.0,0.0
2006-10-23 00:00:00-04:00,35.402768447060296,35.62588144991132,35.402768447060296,35.56682205200195,14400,0.0,0.0,0.0
2006-10-24 00:00:00-04:00,35.57339020788287,35.671823391833925,35.56026561647208,35.652137756347656,17300,0.0,0.0,0.0
2006-10-25 00:00:00-04:00,35.717759673920625,35.84243954254302,35.717759673920625,35.82275390625,3600,0.0,0.0,0.0
2006-10-26 00:00:00-04:00,35.87523554078161,36.01304244995117,35.757119266614644,36.01304244995117,5600,0.0,0.0,0.0
2006-10-27 00:00:00-04:00,35.868675976169754,35.9539845418814,35.691497802734375,35.691497802734375,11300,0.0,0.0,0.0
2006-10-30 00:00:00-05:00,35.74401115982294,35.82931725809327,35.61276773514382,35.750572204589844,22400,0.0,0.0,0.0
2006-10-31 00:00:00-05:00,35.88181535584272,35.99993418682783,35.684951471954236,35.80963134765625,8000,0.0,0.0,0.0
2006-11-01 00:00:00-05:00,35.881795171852346,35.881795171852346,35.54056346353834,35.58649826049805,18300,0.0,0.0,0.0
2006-11-02 00:00:00-05:00,35.47495496494825,35.51432623085746,35.448705785502426,35.46839141845703,16700,0.0,0.0,0.0
2006-11-03 00:00:00-05:00,35.63900858159538,35.64556962482707,35.363397203933246,35.46839141845703,16400,0.0,0.0,0.0
2006-11-06 00:00:00-05:00,35.619313571992386,35.84899009293386,35.619313571992386,35.78336715698242,17200,0.0,0.0,0.0
2006-11-07 00:00:00-05:00,35.80962931430133,35.9474337748724,35.783380130404,35.82275390625,19300,0.0,0.0,0.0
2006-11-08 00:00:00-05:00,35.76370355179645,36.03931254274063,35.76370355179645,35.960567474365234,24500,0.0,0.0,0.0
2006-11-09 00:00:00-05:00,36.00647939777028,36.072102332382286,35.89492416381836,35.89492416381836,18300,0.0,0.0,0.0
2006-11-10 00:00:00-05:00,35.96711703589871,36.072111253986826,35.94086785556178,36.05898666381836,19300,0.0,0.0,0.0
2006-11-13 00:00:00-05:00,36.07211300869786,36.20991745728077,36.052424870857635,36.137733459472656,32700,0.0,0.0,0.0
2006-11-14 00:00:00-05:00,36.22960403479997,36.42646789550781,36.111485217723306,36.42646789550781,27900,0.0,0.0,0.0
2006-11-15 00:00:00-05:00,36.492092351242846,36.61021117317474,36.47896775955487,36.531463623046875,16300,0.0,0.0,0.0
2006-11-16 00:00:00-05:00,36.6692504867072,36.7086217369329,36.63644027709961,36.63644027709961,7000,0.0,0.0,0.0
2006-11-17 00:00:00-05:00,36.56426820770859,36.649574279785156,36.518333398664474,36.649574279785156,7700,0.0,0.0,0.0
2006-11-20 00:00:00-05:00,36.774263256768315,36.88581852650122,36.761138665636246,36.78738784790039,14400,0.0,0.0,0.0
2006-11-21 00:00:00-05:00,36.84645252681045,36.96457136063478,36.84645252681045,36.9580078125,14400,0.0,0.0,0.0
2006-11-22 00:00:00-05:00,37.08924305935306,37.128616829697386,37.00393447523681,37.07611846923828,10400,0.0,0.0,0.0
2006-11-24 00:00:00-05:00,36.990811649562545,37.12205505371094,36.958001424340374,37.12205505371094,5200,0.0,0.0,0.0
2006-11-27 00:00:00-05:00,37.003922972666196,37.003922972666196,36.51832580566406,36.51832580566406,16700,0.0,0.0,0.0
2006-11-28 00:00:00-05:00,36.36743403484435,36.603671834953126,36.36743403484435,36.564300537109375,9700,0.0,0.0,0.0
2006-11-29 00:00:00-05:00,36.74144512652131,36.97768020629883,36.74144512652131,36.97768020629883,7500,0.0,0.0,0.0
2006-11-30 00:00:00-05:00,37.05642827122082,37.28610231178999,36.971119697612565,37.220481872558594,2800,0.0,0.0,0.0
2006-12-01 00:00:00-05:00,37.20080162947354,37.20080162947354,36.912068131044244,37.16143035888672,14000,0.0,0.0,0.0
2006-12-04 00:00:00-05:00,37.28610532358651,37.49609375,37.266419690878834,37.49609375,11900,0.0,0.0,0.0
2006-12-05 00:00:00-05:00,37.51577887804253,37.61421204677576,37.50265679192027,37.58140182495117,21100,0.0,0.0,0.0
2006-12-06 00:00:00-05:00,37.58797429348229,37.66015830539356,37.548603016629045,37.61422348022461,3900,0.0,0.0,0.0
2006-12-07 00:00:00-05:00,37.692955793129585,37.692955793129585,37.482967376708984,37.482967376708984,17900,0.0,0.0,0.0
2006-12-08 00:00:00-05:00,37.5092181032868,37.574838547405356,37.40422389074141,37.489532470703125,4700,0.0,0.0,0.0
2006-12-11 00:00:00-05:00,37.46983896823749,37.54202294838504,37.44359229630494,37.51577377319336,5300,0.0,0.0,0.0
2006-12-12 00:00:00-05:00,37.51578498211694,37.568283348185695,37.35173134304189,37.50922393798828,7000,0.0,0.0,0.0
2006-12-13 00:00:00-05:00,37.64046684654804,37.64046684654804,37.4895378010085,37.56172180175781,19000,0.0,0.0,0.0
2006-12-14 00:00:00-05:00,37.63387991660887,37.791372411596114,37.63387991660887,37.74543762207031,8800,0.0,0.0,0.0
2006-12-15 00:00:00-05:00,37.758583831367524,37.80451864720235,37.633901471307524,37.64702606201172,19600,0.0,0.0,0.0
2006-12-18 00:00:00-05:00,37.653588624770194,37.71264802976547,37.410787457978714,37.423912048339844,26100,0.0,0.0,0.0
2006-12-19 00:00:00-05:00,37.23360569603087,37.437030555424066,37.22704215028701,37.43046951293945,8700,0.0,0.0,0.0
2006-12-20 00:00:00-05:00,37.5092236870143,37.60765687110466,37.5092236870143,37.53547286987305,11000,0.0,0.0,0.0
2006-12-21 00:00:00-05:00,37.594527700728904,37.594527700728904,37.29923068768432,37.31891632080078,8200,0.0,0.0,0.0
2006-12-22 00:00:00-05:00,37.23570932543104,37.321564945325896,37.16966363391323,37.1828727722168,10000,0.364,0.0,0.0
2006-12-26 00:00:00-05:00,37.229088985975984,37.39419937133789,37.229088985975984,37.39419937133789,12100,0.0,0.0,0.0
2006-12-27 00:00:00-05:00,37.60554961746029,37.66498947143555,37.56592472773355,37.66498947143555,23800,0.0,0.0,0.0
2006-12-28 00:00:00-05:00,37.67819020338901,37.67819020338901,37.55931052195554,37.60554122924805,15600,0.0,0.0,0.0
2006-12-29 00:00:00-05:00,37.57253763906693,37.58574677881357,37.42723962123969,37.44044876098633,23700,0.0,0.0,0.0
2007-01-03 00:00:00-05:00,37.55932405677039,37.69141291922741,37.23570898910549,37.3677978515625,25600,0.0,0.0,0.0
2007-01-04 00:00:00-05:00,37.374398437241275,37.41402584890612,37.16305728046609,37.38760757446289,34700,0.0,0.0,0.0
2007-01-05 00:00:00-05:00,37.255506097462224,37.255506097462224,37.017746746809465,37.077186584472656,8900,0.0,0.0,0.0
2007-01-08 00:00:00-05:00,36.997936953471886,37.13002577099089,36.898869710486466,37.06398010253906,23500,0.0,0.0,0.0
2007-01-09 00:00:00-05:00,37.149845123291016,37.20928497626368,36.971525564373,37.149845123291016,15600,0.0,0.0,0.0
2007-01-10 00:00:00-05:00,36.99133451154898,37.281930440556515,36.99133451154898,37.262115478515625,23600,0.0,0.0,0.0
2007-01-11 00:00:00-05:00,37.552713808591044,37.651778547590055,37.51969222892471,37.579132080078125,31300,0.0,0.0,0.0
2007-01-12 00:00:00-05:00,37.59893836797434,37.72442135791526,37.565916793714585,37.70460891723633,12100,0.0,0.0,0.0
2007-01-16 00:00:00-05:00,37.86972806784292,37.86972806784292,37.71122094759219,37.724430084228516,21500,0.0,0.0,0.0
2007-01-17 00:00:00-05:00,37.717823326422454,37.8961428756283,37.717823326422454,37.83009719848633,11200,0.0,0.0,0.0
2007-01-18 00:00:00-05:00,37.77726094624264,37.803679215540015,37.60554471519457,37.645172119140625,9300,0.0,0.0,0.0
2007-01-19 00:00:00-05:00,37.61875580807109,37.863121032714844,37.61875580807109,37.863121032714844,6600,0.0,0.0,0.0
2007-01-22 00:00:00-05:00,37.8235034958005,37.8235034958005,37.6782054885745,37.7508544921875,21600,0.0,0.0,0.0
2007-01-23 00:00:00-05:00,37.83671337713757,38.07447284112415,37.803691789225134,37.95559310913086,15600,0.0,0.0,0.0
2007-01-24 00:00:00-05:00,38.11408315563188,38.31882095336914,38.04804000507649,38.31882095336914,25900,0.0,0.0,0.0
2007-01-25 00:00:00-05:00,38.305614483762476,38.602813720703125,37.98199697700824,38.602813720703125,32000,0.0,0.0,0.0
2007-01-26 00:00:00-05:00,38.067856598017705,38.13390227516069,37.922558627688105,38.127296447753906,30000,0.0,0.0,0.0
2007-01-29 00:00:00-05:00,38.18674353124136,38.285810806029765,38.13390949890355,38.17353439331055,15400,0.0,0.0,0.0
2007-01-30 00:00:00-05:00,38.26598736786012,38.424494468553114,38.213153347219055,38.41788864135742,7900,0.0,0.0,0.0
2007-01-31 00:00:00-05:00,38.33864236762583,38.787742950789436,38.33864236762583,38.74811553955078,19900,0.0,0.0,0.0
2007-02-01 00:00:00-05:00,38.76793324149437,39.03210844357769,38.76793324149437,39.01890182495117,25200,0.0,0.0,0.0
2007-02-02 00:00:00-05:00,39.09155313472629,39.19722373249238,39.0717406849532,39.19062042236328,14300,0.0,0.0,0.0
2007-02-05 00:00:00-05:00,39.19062192409911,39.20383106424925,39.117972912966266,39.16420364379883,18100,0.0,0.0,0.0
2007-02-06 00:00:00-05:00,39.32269208577117,39.41515350341797,39.17739413267781,39.41515350341797,13200,0.0,0.0,0.0
2007-02-07 00:00:00-05:00,39.39534904373642,39.580271916495015,39.36232494269936,39.52083206176758,57300,0.0,0.0,0.0
2007-02-08 00:00:00-05:00,39.415167195305614,39.47460705863864,39.3623306415049,39.44818878173828,24300,0.0,0.0,0.0
2007-02-09 00:00:00-05:00,39.55385758364916,39.55385758364916,38.94625235869452,39.21703338623047,35400,0.0,0.0,0.0
2007-02-12 00:00:00-05:00,39.137775875310425,39.137775875310425,38.866994866342765,38.93964385986328,23300,0.0,0.0,0.0
2007-02-13 00:00:00-05:00,39.13117024400427,39.35572052001953,39.07833369934886,39.35572052001953,8400,0.0,0.0,0.0
2007-02-14 00:00:00-05:00,39.41514704861722,39.6661155121193,39.388728785220316,39.580257415771484,19800,0.0,0.0,0.0
2007-02-15 00:00:00-05:00,39.679353628333466,39.77841840935917,39.62651706294422,39.75860595703125,20600,0.0,0.0,0.0
2007-02-16 00:00:00-05:00,39.771798273826725,39.79161071777344,39.63310360804459,39.79161071777344,19500,0.0,0.0,0.0
2007-02-20 00:00:00-05:00,39.77839580627966,40.02275848388672,39.65291281386191,40.02275848388672,25500,0.0,0.0,0.0
2007-02-21 00:00:00-05:00,39.910480886773385,40.016151428222656,39.804810345324114,40.016151428222656,32800,0.0,0.0,0.0
2007-02-22 00:00:00-05:00,40.115221714048424,40.16145242198706,39.877462347858526,39.95671463012695,36200,0.0,0.0,0.0
2007-02-23 00:00:00-05:00,39.910504889983784,39.910504889983784,39.77181269330312,39.88408660888672,27100,0.0,0.0,0.0
2007-02-26 00:00:00-05:00,40.10203899868812,40.11524814099883,39.73879388360949,39.85767364501953,58300,0.0,0.0,0.0
2007-02-27 00:00:00-05:00,39.448180503760405,39.448180503760405,38.43770555852694,38.63583755493164,41700,0.0,0.0,0.0
2007-02-28 00:00:00-05:00,38.74811023287693,38.99907876424692,38.477329258293636,38.77452850341797,30400,0.0,0.0,0.0
2007-03-01 00:00:00-05:00,38.13390643016887,38.80095146599086,37.91595945092732,38.67546844482422,63400,0.0,0.0,0.0
2007-03-02 00:00:00-05:00,38.56980531352435,38.63584849122514,38.120704650878906,38.120704650878906,79600,0.0,0.0,0.0
2007-03-05 00:00:00-05:00,37.73102492375215,37.935760183526746,37.519683837890625,37.519683837890625,29000,0.0,0.0,0.0
2007-03-06 00:00:00-05:00,37.869729212404955,38.19995008013804,37.76405863550578,38.180137634277344,30900,0.0,0.0,0.0
2007-03-07 00:00:00-05:00,38.16032600230187,38.31883314118873,38.0414462779831,38.087677001953125,12700,0.0,0.0,0.0
2007-03-08 00:00:00-05:00,38.47071721943091,38.58299106467239,38.358443374189434,38.4575080871582,18300,0.0,0.0,0.0
2007-03-09 00:00:00-05:00,38.622624231617415,38.66225163435578,38.404679815018255,38.5301628112793,10900,0.0,0.0,0.0
2007-03-12 00:00:00-04:00,38.56979827182905,38.69528129430539,38.41789445595601,38.62923812866211,16700,0.0,0.0,0.0
2007-03-13 00:00:00-04:00,38.45090968994483,38.49714039910965,37.830092990786355,37.87632369995117,29300,0.0,0.0,0.0
2007-03-14 00:00:00-04:00,37.97540283203125,38.04144600311537,37.321564353002316,37.97540283203125,47900,0.0,0.0,0.0
2007-03-15 00:00:00-04:00,38.127298659143634,38.345245627279,38.087671250559445,38.31222152709961,17000,0.0,0.0,0.0
2007-03-16 00:00:00-04:00,38.351852053217,38.41129191123245,38.067861900408204,38.10088348388672,36400,0.0,0.0,0.0
2007-03-19 00:00:00-04:00,38.404684015055224,38.536770333192266,38.28580431322387,38.48393630981445,17300,0.0,0.0,0.0
2007-03-20 00:00:00-04:00,38.549991181349476,38.867002976087655,38.47073886251138,38.741519927978516,211400,0.0,0.0,0.0
2007-03-21 00:00:00-04:00,38.794352468468894,39.40856102507655,38.708494328979114,39.3425178527832,54000,0.0,0.0,0.0
2007-03-22 00:00:00-04:00,39.43499140437231,39.43499140437231,39.21040341570495,39.368934631347656,31400,0.01,0.0,0.0
2007-03-23 00:00:00-04:00,39.23681654436732,39.540670066663395,39.23681654436732,39.48122024536133,25700,0.0,0.0,0.0
2007-03-26 00:00:00-04:00,39.43498993959389,39.441594356746926,39.07168652078169,39.3557243347168,58400,0.0,0.0,0.0
2007-03-27 00:00:00-04:00,39.190581508919664,39.190581508919664,39.025443381920624,39.14434051513672,18500,0.0,0.0,0.0
2007-03-28 00:00:00-04:00,39.0320521634003,39.07829064254644,38.800859767669586,38.86030960083008,15900,0.0,0.0,0.0
2007-03-29 00:00:00-04:00,39.1377207823891,39.1377207823891,38.847078699743186,38.98579406738281,9900,0.0,0.0,0.0
2007-03-30 00:00:00-04:00,39.0452628541547,39.09150133251539,38.76782946418246,38.97920608520508,15200,0.0,0.0,0.0
2007-04-02 00:00:00-04:00,39.10471026737006,39.28966416937197,39.01883773295149,39.223609924316406,59000,0.0,0.0,0.0
2007-04-03 00:00:00-04:00,39.421775931959466,39.56049136110935,39.302876272743,39.50764846801758,21500,0.0,0.0,0.0
2007-04-04 00:00:00-04:00,39.461394090591455,39.507632548342876,39.38873293703723,39.46799850463867,37800,0.0,0.0,0.0
2007-04-05 00:00:00-04:00,39.46141420519312,39.567102522469696,39.42178014128631,39.53407287597656,55700,0.0,0.0,0.0
2007-04-09 00:00:00-04:00,39.686008361795,39.686008361795,39.53407901977908,39.600135803222656,19300,0.0,0.0,0.0
2007-04-10 00:00:00-04:00,39.64636769984564,39.699210598005834,39.55389073820913,39.66618347167969,26100,0.0,0.0,0.0
2007-04-11 00:00:00-04:00,39.68599665858471,39.68599665858471,39.368929231174455,39.42837905883789,24700,0.0,0.0,0.0
2007-04-12 00:00:00-04:00,39.32269308754152,39.57370376586914,39.223611715433705,39.57370376586914,12000,0.0,0.0,0.0
2007-04-13 00:00:00-04:00,39.63315423279988,39.699208481931315,39.48783186094103,39.692604064941406,17900,0.0,0.0,0.0
2007-04-16 00:00:00-04:00,39.97663709144419,40.02947998046875,39.89737149800345,40.02947998046875,20700,0.0,0.0,0.0
2007-04-17 00:00:00-04:00,40.07572461645101,40.19462428480132,40.02288171929985,40.095542907714844,75000,0.0,0.0,0.0
2007-04-18 00:00:00-04:00,40.04929798262022,40.24085628874975,39.9502141016712,40.16819763183594,11900,0.0,0.0,0.0
2007-04-19 00:00:00-04:00,39.98325620517183,40.17481710289367,39.96344042947947,40.07573318481445,10400,0.0,0.0,0.0
2007-04-20 00:00:00-04:00,40.45223540759063,40.45223540759063,40.240856293553634,40.4059944152832,14300,0.0,0.0,0.0
2007-04-23 00:00:00-04:00,40.52489036810427,40.59755153820686,40.45223171780922,40.49186325073242,23100,0.0,0.0,0.0
2007-04-24 00:00:00-04:00,40.412598187377085,40.53149782729845,40.201221609696354,40.44562530517578,18800,0.0,0.0,0.0
2007-04-25 00:00:00-04:00,40.69004395921002,40.835366354717074,40.458851529820166,40.8221549987793,14500,0.0,0.0,0.0
2007-04-26 00:00:00-04:00,40.81555058071466,40.88821177846818,40.670228185207606,40.8221549987793,25300,0.0,0.0,0.0
2007-04-27 00:00:00-04:00,40.729666079469,40.77590455178347,40.604162014587956,40.7098503112793,23600,0.0,0.0,0.0
2007-04-30 00:00:00-04:00,40.73626946624272,40.73626946624272,40.240855115556606,40.254066467285156,24300,0.0,0.0,0.0
2007-05-01 00:00:00-04:00,40.26068219693244,40.34655474202077,39.98985572686147,40.32673645019531,20900,0.0,0.0,0.0
2007-05-02 00:00:00-04:00,40.359757875214754,40.72306377626116,40.359757875214754,40.68342971801758,21700,0.0,0.0,0.0
2007-05-03 00:00:00-04:00,40.74287743535133,40.92122690849864,40.74287743535133,40.86838150024414,287600,0.0,0.0,0.0
2007-05-04 00:00:00-04:00,40.954258910695124,40.967470264333606,40.7693049993725,40.85517501831055,18300,0.0,0.0,0.0
2007-05-07 00:00:00-04:00,40.888204249177775,40.94104714338972,40.881597312521265,40.90802001953125,24500,0.0,0.0,0.0
2007-05-08 00:00:00-04:00,40.70324940294498,40.85517619444909,40.65040650667787,40.84857177734375,15500,0.0,0.0,0.0
2007-05-09 00:00:00-04:00,40.81555231876791,41.11940595885032,40.77591824926683,41.09298324584961,19700,0.0,0.0,0.0
2007-05-10 00:00:00-04:00,41.00711033759738,41.00711033759738,40.54472297168881,40.59096145629883,23200,0.0,0.0,0.0
2007-05-11 00:00:00-04:00,40.66362269312996,40.91463088989258,40.66362269312996,40.91463088989258,5300,0.0,0.0,0.0
2007-05-14 00:00:00-04:00,41.05334398492311,41.05334398492311,40.762699236125556,40.84857177734375,14800,0.0,0.0,0.0
2007-05-15 00:00:00-04:00,40.85517067358933,41.05994285349732,40.64379407746847,40.663612365722656,28400,0.0,0.0,0.0
2007-05-16 00:00:00-04:00,40.822146729859725,40.82875366639456,40.59095434730011,40.7032470703125,23900,0.0,0.0,0.0
2007-05-17 00:00:00-04:00,40.63060437570448,40.86840380300646,40.60418417696691,40.74950408935547,14400,0.0,0.0,0.0
2007-05-18 00:00:00-04:00,40.78912088091319,41.00049750008793,40.76930511030558,40.94104766845703,14400,0.0,0.0,0.0
2007-05-21 00:00:00-04:00,40.954265671082766,41.21848774785185,40.92784295944416,41.11940383911133,107100,0.0,0.0,0.0
2007-05-22 00:00:00-04:00,41.18544452836464,41.37700534491516,41.10617893937422,41.22507858276367,35200,0.0,0.0,0.0
2007-05-23 00:00:00-04:00,41.41664761075108,41.46949050728566,41.09958267211914,41.09958267211914,37300,0.0,0.0,0.0
2007-05-24 00:00:00-04:00,41.21847911876882,41.25150624149862,40.505081172727145,40.584346771240234,37600,0.0,0.0,0.0
2007-05-25 00:00:00-04:00,40.74949709353507,40.88160814377875,40.65041569570882,40.78913116455078,18600,0.0,0.0,0.0
2007-05-29 00:00:00-04:00,40.98068394162965,41.15242650905182,40.98068394162965,41.07976531982422,17700,0.0,0.0,0.0
2007-05-30 00:00:00-04:00,40.95425515444826,41.56856918334961,40.92122803328527,41.56856918334961,18000,0.0,0.0,0.0
2007-05-31 00:00:00-04:00,41.71390142083922,41.74692854982521,41.48270647832043,41.628028869628906,17100,0.0,0.0,0.0
2007-06-01 00:00:00-04:00,41.812973021966464,41.9384796104717,41.806368605638326,41.89223861694336,8700,0.0,0.0,0.0
2007-06-04 00:00:00-04:00,41.83939204344327,41.9913188036936,41.80636492509452,41.97810745239258,19600,0.0,0.0,0.0
2007-06-05 00:00:00-04:00,41.91866568981201,41.91866568981201,41.62802346473982,41.68747329711914,23800,0.0,0.0,0.0
2007-06-06 00:00:00-04:00,41.54876311423775,41.54876311423775,41.21848678588867,41.21848678588867,10000,0.0,0.0,0.0
2007-06-07 00:00:00-04:00,40.960861522105404,41.10618388591501,40.42581558227539,40.42581558227539,25500,0.0,0.0,0.0
2007-06-08 00:00:00-04:00,40.392800533628424,40.80894694015429,40.201239636765514,40.78913116455078,19000,0.0,0.0,0.0
2007-06-11 00:00:00-04:00,40.78251858307747,40.980683858874634,40.68343468527479,40.83536148071289,13300,0.0,0.0,0.0
2007-06-12 00:00:00-04:00,40.55133104486522,40.69004651119906,40.3399543762207,40.3399543762207,16900,0.0,0.0,0.0
2007-06-13 00:00:00-04:00,40.465448905303546,40.85517501831055,40.465448905303546,40.85517501831055,18900,0.0,0.0,0.0
2007-06-14 00:00:00-04:00,41.040140364383824,41.172251409658394,40.93445203212588,41.01371765136719,105300,0.0,0.0,0.0
2007-06-15 00:00:00-04:00,41.35059081982978,41.443070298383724,41.20527096457559,41.258113861083984,83000,0.0,0.0,0.0
2007-06-18 00:00:00-04:00,41.35719328634544,41.35719328634544,41.09957820916909,41.13920974731445,25400,0.0,0.0,0.0
2007-06-19 00:00:00-04:00,41.079766482056506,41.20527309238528,40.941051036774645,41.152427673339844,26800,0.0,0.0,0.0
2007-06-20 00:00:00-04:00,41.218478165170374,41.23168699811035,40.68342971801758,40.68342971801758,37500,0.0,0.0,0.0
2007-06-21 00:00:00-04:00,40.69003910255115,40.89481131543286,40.41921263767311,40.83536148071289,19700,0.0,0.0,0.0
2007-06-22 00:00:00-04:00,40.70323600741953,40.75608140610323,40.412593874081075,40.57112503051758,37900,0.0,0.0,0.0
2007-06-25 00:00:00-04:00,40.604154476968624,40.66360429030942,40.095528856121184,40.24745559692383,53600,0.0,0.0,0.0
2007-06-26 00:00:00-04:00,40.30693269748032,40.392805268175366,39.95684051513672,39.95684051513672,100400,0.0,0.0,0.0
2007-06-27 00:00:00-04:00,39.81810310509518,40.4059944152832,39.74544192836493,40.4059944152832,36000,0.0,0.0,0.0
2007-06-28 00:00:00-04:00,40.511687589498045,40.64379607872261,40.39278793334961,40.39278793334961,5100,0.0,0.0,0.0
2007-06-29 00:00:00-04:00,40.557926064688225,40.71645725968087,40.22764980201099,40.39278793334961,19600,0.0,0.0,0.0
2007-07-02 00:00:00-04:00,40.59756698745408,40.8221549987793,40.557935439449246,40.8221549987793,17700,0.0,0.0,0.0
2007-07-03 00:00:00-04:00,40.97406951177826,41.07315339166198,40.954253743724614,41.00709915161133,22600,0.0,0.0,0.0
2007-07-05 00:00:00-04:00,41.086372256922104,41.1656378634394,40.901415815304155,41.07976531982422,12100,0.0,0.0,0.0
2007-07-06 00:00:00-04:00,41.09957295111381,41.29773817591206,40.954250610351565,41.28452682495117,9700,0.0,0.0,0.0
2007-07-09 00:00:00-04:00,41.317567532302064,41.34399024291459,41.11279782457588,41.17885208129883,18000,0.0,0.0,0.0
2007-07-10 00:00:00-04:00,41.00709704672632,41.00709704672632,40.485260009765625,40.485260009765625,24700,0.0,0.0,0.0
2007-07-11 00:00:00-04:00,40.49187005304366,40.67682647705078,40.35315462489429,40.67682647705078,33400,0.0,0.0,0.0
2007-07-12 00:00:00-04:00,40.822153047454776,41.23169498271552,40.822153047454776,41.17885208129883,25700,0.0,0.0,0.0
2007-07-13 00:00:00-04:00,41.12598881711859,41.403422118565985,41.106173052660665,41.33076095581055,23900,0.0,0.0,0.0
2007-07-16 00:00:00-04:00,41.26470434164195,41.396812790132095,41.16562048546721,41.1854362487793,14300,0.0,0.0,0.0
2007-07-17 00:00:00-04:00,41.31754721707658,41.33736550019581,41.17222741977599,41.1854362487793,17400,0.0,0.0,0.0
2007-07-18 00:00:00-04:00,40.90803249361574,41.00711641521284,40.709867170230346,40.97408676147461,15600,0.0,0.0,0.0
2007-07-19 00:00:00-04:00,41.14582009321065,41.22508569587782,41.04013178305173,41.11279296875,19500,0.0,0.0,0.0
2007-07-20 00:00:00-04:00,41.086362512763216,41.086362512763216,40.43241448461517,40.47865295410156,13000,0.0,0.0,0.0
2007-07-23 00:00:00-04:00,40.782514435063625,40.782514435063625,40.38618140397237,40.41920852661133,18600,0.0,0.0,0.0
2007-07-24 00:00:00-04:00,40.15498417480855,40.19461570926447,39.42837496548919,39.56709289550781,36000,0.0,0.0,0.0
2007-07-25 00:00:00-04:00,39.77186176037897,39.89076140102227,39.183970492646864,39.441585540771484,32400,0.0,0.0,0.0
2007-07-26 00:00:00-04:00,39.005625624391236,39.012232560653565,38.15351227271821,38.939571380615234,64600,0.0,0.0,0.0
2007-07-27 00:00:00-04:00,38.62250964401881,38.76122507921549,38.02140690502511,38.028011322021484,37600,0.0,0.0,0.0
2007-07-30 00:00:00-04:00,37.994979978850544,38.404521821972885,37.843053206721414,38.239383697509766,28800,0.0,0.0,0.0
2007-07-31 00:00:00-04:00,38.576266098043824,38.73479728321225,37.79681396484375,37.79681396484375,28000,0.0,0.0,0.0
2007-08-01 00:00:00-04:00,37.80342271412002,37.97516779084749,37.15608150756518,37.90911102294922,43700,0.0,0.0,0.0
2007-08-02 00:00:00-04:00,38.19314669158347,38.24599210294968,37.895897552168314,38.09406280517578,13700,0.0,0.0,0.0
2007-08-03 00:00:00-04:00,38.047833671872716,38.047833671872716,36.91168476643193,36.91828918457031,27100,0.0,0.0,0.0
2007-08-06 00:00:00-04:00,36.759749628908075,37.559017592552934,36.47571183690073,37.50617218017578,80400,0.0,0.0,0.0
2007-08-07 00:00:00-04:00,37.2947920251389,37.8958946748461,37.2947920251389,37.757179260253906,30800,0.0,0.0,0.0
2007-08-08 00:00:00-04:00,38.054445585108866,38.47059453687339,37.81004176509871,38.358299255371094,132300,0.0,0.0,0.0
2007-08-09 00:00:00-04:00,37.68453151302874,37.94875360433161,37.288200895883044,37.32122802734375,32300,0.0,0.0,0.0
2007-08-10 00:00:00-04:00,36.79278041337594,37.45993743228166,36.48231988428283,37.26177215576172,37900,0.0,0.0,0.0
2007-08-13 00:00:00-04:00,37.71754814337407,37.78360490771292,37.380667464573584,37.387271881103516,12000,0.0,0.0,0.0
2007-08-14 00:00:00-04:00,37.38726980496513,37.38726980496513,36.607817667705454,36.62763595581055,88700,0.0,0.0,0.0
2007-08-15 00:00:00-04:00,36.49552391920303,36.9513042157691,35.82836703410131,35.93405532836914,54200,0.0,0.0,0.0
2007-08-16 00:00:00-04:00,35.616990017107476,36.1652498081822,34.89038326632741,36.066165924072266,222300,0.0,0.0,0.0
2007-08-17 00:00:00-04:00,36.805992100703065,37.565626087535264,36.02653982217386,36.96452331542969,79700,0.0,0.0,0.0
2007-08-20 00:00:00-04:00,37.03057859391609,37.268375406411096,36.753145199626395,37.189109802246094,23600,0.0,0.0,0.0
2007-08-21 00:00:00-04:00,36.95790631593674,37.45332060296054,36.95790631593674,37.44010925292969,10300,0.0,0.0,0.0
2007-08-22 00:00:00-04:00,37.82984108510319,37.843052437168524,37.51277619495858,37.79681396484375,33200,0.0,0.0,0.0
2007-08-23 00:00:00-04:00,37.91571508326809,37.94213526861506,37.56562053948633,37.73075866699219,24100,0.0,0.0,0.0
2007-08-24 00:00:00-04:00,37.618471630719085,38.08746337890625,37.618471630719085,38.08746337890625,34500,0.0,0.0,0.0
2007-08-27 00:00:00-04:00,38.05443050680588,38.05443050680588,37.651493072509766,37.651493072509766,19700,0.0,0.0,0.0
2007-08-28 00:00:00-04:00,37.47976324167143,37.47976324167143,36.68709945678711,36.68709945678711,21500,0.0,0.0,0.0
2007-08-29 00:00:00-04:00,37.08342000531383,37.49296188354492,36.891859159760834,37.49296188354492,19000,0.0,0.0,0.0
2007-08-30 00:00:00-04:00,37.19570714214179,37.58543316512653,37.189100206944644,37.38066101074219,22200,0.0,0.0,0.0
2007-08-31 00:00:00-04:00,37.74397657806997,37.98177592616835,37.572234004336856,37.8232421875,120300,0.0,0.0,0.0
2007-09-04 00:00:00-04:00,37.81002399953285,38.47057646093777,37.81002399953285,38.265804290771484,19300,0.0,0.0,0.0
2007-09-05 00:00:00-04:00,37.86948648941725,37.922329393705915,37.651502894729155,37.790218353271484,17000,0.0,0.0,0.0
2007-09-06 00:00:00-04:00,37.876078384368725,37.902501087681046,37.59204062328048,37.88268280029297,33100,0.0,0.0,0.0
2007-09-07 00:00:00-04:00,37.35424700520978,37.41369683678593,37.12305461564034,37.208927154541016,19500,0.0,0.0,0.0
2007-09-10 00:00:00-04:00,37.40048473411637,37.40048473411637,36.61442810551432,36.924888610839844,18900,0.0,0.0,0.0
2007-09-11 00:00:00-04:00,37.109835141687036,37.33442306518555,37.03717397234818,37.33442306518555,19800,0.0,0.0,0.0
2007-09-12 00:00:00-04:00,37.21551411538093,37.45991774397412,37.189091420450076,37.30799102783203,11200,0.0,0.0,0.0
2007-09-13 00:00:00-04:00,37.40708502371079,37.638277367568755,37.3146080861676,37.5391960144043,114500,0.0,0.0,0.0
2007-09-14 00:00:00-04:00,37.28158811437003,37.631682708445496,37.26177234256116,37.59204864501953,9100,0.0,0.0,0.0
2007-09-17 00:00:00-04:00,37.52598729958404,37.57222577160392,37.31461070754808,37.46653747558594,23500,0.0,0.0,0.0
2007-09-18 00:00:00-04:00,37.62506772772942,38.543235249106395,37.459929611803844,38.51020812988281,20300,0.0,0.0,0.0
2007-09-19 00:00:00-04:00,38.886732428956826,39.15095448756473,38.70177849981628,38.86691665649414,41600,0.0,0.0,0.0
2007-09-20 00:00:00-04:00,38.860310887852904,38.860310887852904,38.38471220681755,38.4639778137207,17900,0.0,0.0,0.0
2007-09-21 00:00:00-04:00,38.61590461020517,38.648931736430804,38.4639778137207,38.4639778137207,16700,0.0,0.0,0.0
2007-09-24 00:00:00-04:00,38.470580176090465,38.6026886652832,38.21956951097003,38.25920104980469,41400,0.0,0.0,0.0
2007-09-25 00:00:00-04:00,38.120476958136294,38.212953887471095,37.92891616462429,38.193138122558594,27700,0.0,0.0,0.0
2007-09-26 00:00:00-04:00,38.36490195456472,38.516828772906756,38.23939532911932,38.41114044189453,19500,0.0,0.0,0.0
2007-09-27 00:00:00-04:00,38.58287704360671,38.67535400390625,38.49040008330716,38.67535400390625,14500,0.0,0.0,0.0
2007-09-28 00:00:00-04:00,38.68856472587761,38.68856472587761,38.424342683790364,38.556453704833984,16600,0.0,0.0,0.0
2007-10-01 00:00:00-04:00,38.60930755486685,39.18398772415853,38.60930755486685,39.1707763671875,45800,0.0,0.0,0.0
2007-10-02 00:00:00-04:00,39.17737483388721,39.362328751869825,39.164163479773,39.3557243347168,16700,0.0,0.0,0.0
2007-10-03 00:00:00-04:00,39.26325228369083,39.362336198387894,39.084902749121305,39.18398666381836,11000,0.0,0.0,0.0
2007-10-04 00:00:00-04:00,39.26985815995432,39.26985815995432,39.084901692175364,39.19719696044922,27400,0.0,0.0,0.0
2007-10-05 00:00:00-04:00,39.461405663522385,39.7718636109296,39.38874448865866,39.7124137878418,50300,0.0,0.0,0.0
2007-10-08 00:00:00-04:00,39.65296778171958,39.71902454695777,39.507647937811456,39.55388641357422,98900,0.0,0.0,0.0
2007-10-09 00:00:00-04:00,39.57370345911676,39.79168701171875,39.487830921442516,39.79168701171875,18700,0.0,0.0,0.0
2007-10-10 00:00:00-04:00,39.778472900390625,39.818104438255666,39.63315054206455,39.778472900390625,20900,0.0,0.0,0.0
2007-10-11 00:00:00-04:00,39.87755455883799,40.04269268731399,39.39535152606502,39.560489654541016,27800,0.0,0.0,0.0
2007-10-12 00:00:00-04:00,39.53406260661609,39.63975089643909,39.46140395470644,39.52745819091797,20300,0.0,0.0,0.0
2007-10-15 00:00:00-04:00,39.64637246935795,39.7322450239831,39.01224249629957,39.16416931152344,22000,0.0,0.0,0.0
2007-10-16 00:00:00-04:00,39.01884387889246,39.04526658899975,38.76783317248984,38.81407165527344,29300,0.0,0.0,0.0
2007-10-17 00:00:00-04:00,39.05186930987783,39.05186930987783,38.378105350265855,38.70838165283203,24600,0.0,0.0,0.0
2007-10-18 00:00:00-04:00,38.64231767106345,38.78103307846217,38.4903909125114,38.6555290222168,20900,0.0,0.0,0.0
2007-10-19 00:00:00-04:00,38.55644781004195,38.55644781004195,37.79681396484375,37.79681396484375,36900,0.0,0.0,0.0
2007-10-22 00:00:00-04:00,37.51276387682093,38.06762788232418,37.3013873528013,38.04780960083008,144400,0.0,0.0,0.0
2007-10-23 00:00:00-04:00,38.20635446845274,38.318647177383895,37.90910535685899,38.265804290771484,60800,0.0,0.0,0.0
2007-10-24 00:00:00-04:00,38.13370834635377,38.13370834635377,37.526001051499684,38.014808654785156,58600,0.0,0.0,0.0
2007-10-25 00:00:00-04:00,38.1469078083072,38.265807462800836,37.605254946639675,38.06764221191406,94400,0.0,0.0,0.0
2007-10-26 00:00:00-04:00,38.36489316563645,38.42434047589163,37.95534877195321,38.338470458984375,54600,0.0,0.0,0.0
2007-10-29 00:00:00-04:00,38.510204825349746,38.56965464277392,38.2988282566877,38.384700775146484,28200,0.0,0.0,0.0
2007-10-30 00:00:00-04:00,38.345073583626295,38.444157470328754,38.25920104980469,38.25920104980469,29800,0.0,0.0,0.0
2007-10-31 00:00:00-04:00,38.49039039179474,38.73479408530619,38.27240688042496,38.70176696777344,13900,0.0,0.0,0.0
2007-11-01 00:00:00-04:00,38.18654151158538,38.219568633124986,37.73075866699219,37.73075866699219,44000,0.0,0.0,0.0
2007-11-02 00:00:00-04:00,37.9223348186036,37.9223348186036,37.22214796800333,37.48637008666992,60600,0.0,0.0,0.0
2007-11-05 00:00:00-05:00,37.294791240343386,37.44671800357703,37.01736041699699,37.31460952758789,41300,0.0,0.0,0.0
2007-11-06 00:00:00-05:00,37.94213976106415,37.94213976106415,37.13626731688748,37.691131591796875,21900,0.0,0.0,0.0
2007-11-07 00:00:00-05:00,37.74396090974572,37.74396090974572,36.68047122212096,36.70689392089844,41100,0.0,0.0,0.0
2007-11-08 00:00:00-05:00,36.88524798272401,36.98433185565939,36.270934018062825,36.91167068481445,46700,0.0,0.0,0.0
2007-11-09 00:00:00-05:00,36.39644748547762,37.03718431792512,36.36342035922746,36.634246826171875,22600,0.0,0.0,0.0
2007-11-12 00:00:00-05:00,36.68709087600292,36.88525614592273,36.23130798339844,36.23130798339844,18500,0.0,0.0,0.0
2007-11-13 00:00:00-05:00,36.74653985559408,37.222135988395216,36.55497900720337,37.208927154541016,22300,0.0,0.0,0.0
2007-11-14 00:00:00-05:00,37.36746478457963,37.611868569839,36.92489569992596,36.971134185791016,27200,0.0,0.0,0.0
2007-11-15 00:00:00-05:00,37.175892423646125,37.175892423646125,36.27754065599965,36.4228630065918,48300,0.0,0.0,0.0
2007-11-16 00:00:00-05:00,36.706916700080335,36.706916700080335,36.0595752971554,36.37664031982422,38300,0.0,0.0,0.0
2007-11-19 00:00:00-05:00,36.29076704024047,36.29076704024047,35.57737138324649,35.60379409790039,33800,0.0,0.0,0.0
2007-11-20 00:00:00-05:00,35.8085576495384,35.960484452833555,35.00928956793022,35.5377311706543,51200,0.0,0.0,0.0
2007-11-21 00:00:00-05:00,36.07277725620818,36.07277725620818,34.94323293478201,35.14800262451172,52100,0.0,0.0,0.0
2007-11-23 00:00:00-05:00,35.5443284927137,35.722677957850465,35.365979027576934,35.65001678466797,3000,0.0,0.0,0.0
2007-11-26 00:00:00-05:00,35.96047962178648,35.96047962178648,34.844146728515625,34.844146728515625,99500,0.0,0.0,0.0
2007-11-27 00:00:00-05:00,35.32635501459359,35.32635501459359,34.764886276454384,35.167823791503906,89900,0.0,0.0,0.0
2007-11-28 00:00:00-05:00,35.65662638767242,36.211490631103516,35.65662638767242,36.211490631103516,42200,0.0,0.0,0.0
2007-11-29 00:00:00-05:00,36.66066282641298,36.66066282641298,35.83497222221449,36.21809387207031,43700,0.0,0.0,0.0
2007-11-30 00:00:00-05:00,36.7861718132676,36.7861718132676,36.31718009208362,36.442684173583984,24000,0.0,0.0,0.0
2007-12-03 00:00:00-05:00,36.72011490478458,36.72011490478458,36.290754756321846,36.43607711791992,122200,0.0,0.0,0.0
2007-12-04 00:00:00-05:00,36.66067323967619,36.66067323967619,36.072781765668765,36.145442962646484,37500,0.0,0.0,0.0
2007-12-05 00:00:00-05:00,36.67387154429425,36.70689866212841,36.37001802852786,36.60781478881836,35300,0.0,0.0,0.0
2007-12-06 00:00:00-05:00,36.73333057843914,37.26177215576172,36.59461513685599,37.26177215576172,77400,0.0,0.0,0.0
2007-12-07 00:00:00-05:00,37.433495049043266,37.433495049043266,37.2221185292102,37.30799102783203,25400,0.0,0.0,0.0
2007-12-10 00:00:00-05:00,37.578842891504614,37.743981067346915,37.34104351512233,37.704349517822266,62400,0.0,0.0,0.0
2007-12-11 00:00:00-05:00,37.902507272191386,37.902507272191386,36.37662992433287,36.442684173583984,55900,0.0,0.0,0.0
2007-12-12 00:00:00-05:00,37.53919951203996,37.53919951203996,36.171853528741266,36.49552536010742,63000,0.0,0.0,0.0
2007-12-13 00:00:00-05:00,36.19168592689231,36.5087509458262,35.61039879894247,36.42948532104492,24200,0.0,0.0,0.0
2007-12-14 00:00:00-05:00,35.67645058488688,36.34361022983526,35.67645058488688,35.868011474609375,60100,0.0,0.0,0.0
2007-12-17 00:00:00-05:00,35.62360415614479,35.80855808941815,35.352777673933794,35.40562057495117,70900,0.0,0.0,0.0
2007-12-18 00:00:00-05:00,35.570753541721444,35.68965320141074,35.13478896279667,35.55754470825195,34600,0.0,0.0,0.0
2007-12-19 00:00:00-05:00,35.5047040429481,35.71608068403773,35.36598859469709,35.5377311706543,105900,0.0,0.0,0.0
2007-12-20 00:00:00-05:00,35.66579477773152,35.719722747802734,35.26134528790598,35.719722747802734,60400,1.08,0.0,0.0
2007-12-21 00:00:00-05:00,36.056774074183096,36.25899887084961,35.91521440223151,36.25899887084961,50700,0.0,0.0,0.0
2007-12-24 00:00:00-05:00,36.10396217564422,36.58256149291992,36.10396217564422,36.58256149291992,23800,0.0,0.0,0.0
2007-12-26 00:00:00-05:00,36.40055885913552,36.50841226400917,36.27248374441931,36.474708557128906,125700,0.0,0.0,0.0
2007-12-27 00:00:00-05:00,36.56233314636606,36.56233314636606,35.975877960627855,36.00284194946289,87400,0.0,0.0,0.0
2007-12-28 00:00:00-05:00,36.06350963862796,36.191584728453115,35.78039547014263,36.00284194946289,47200,0.0,0.0,0.0
2007-12-31 00:00:00-05:00,36.04329181764438,36.04329181764438,35.652321651678164,35.82084274291992,79600,0.0,0.0,0.0
2008-01-02 00:00:00-05:00,35.49054218219679,35.84106378258607,35.193943421429,35.28831481933594,53900,0.0,0.0,0.0
2008-01-03 00:00:00-05:00,35.3826880429345,35.3826880429345,34.85016079862306,34.89734649658203,49900,0.0,0.0,0.0
2008-01-04 00:00:00-05:00,34.661407938804366,34.661407938804366,33.906434363318546,33.94688034057617,83500,0.0,0.0,0.0
2008-01-07 00:00:00-05:00,34.20303816701535,34.24348157889211,33.67725066976987,34.027774810791016,146800,0.0,0.0,0.0
2008-01-08 00:00:00-05:00,34.074956351336034,34.290663093139145,33.16494369506836,33.16494369506836,128700,0.0,0.0,0.0
2008-01-09 00:00:00-05:00,33.75141625610037,33.75141625610037,32.67962162210111,33.51548767089844,82300,0.0,0.0,0.0
2008-01-10 00:00:00-05:00,33.16494526989314,34.14910764753081,33.16494526989314,33.86599349975586,162100,0.0,0.0,0.0
2008-01-11 00:00:00-05:00,33.72444199279546,33.88622338158447,33.39414207401698,33.57614517211914,75600,0.0,0.0,0.0
2008-01-14 00:00:00-05:00,33.79858608620192,33.8322897866129,33.51547191703669,33.805328369140625,53200,0.0,0.0,0.0
2008-01-15 00:00:00-05:00,33.400878162304124,33.43458186464482,32.98294659613867,33.03013229370117,195600,0.0,0.0,0.0
2008-01-16 00:00:00-05:00,32.908799005008035,33.495251691672074,32.81442760386989,33.07732009887695,124000,0.0,0.0,0.0
2008-01-17 00:00:00-05:00,33.016645793779446,33.124499169411045,32.1201150909844,32.13359451293945,147300,0.0,0.0,0.0
2008-01-18 00:00:00-05:00,32.28190440393611,32.591982638642754,31.681969645482084,31.917898178100586,178600,0.0,0.0,0.0
2008-01-22 00:00:00-05:00,29.92259942731726,32.22796889801456,26.96336998310037,31.98529815673828,342400,0.0,0.0,0.0
2008-01-23 00:00:00-05:00,31.284242926508274,33.19190216064453,31.284242926508274,33.19190216064453,140900,0.0,0.0,0.0
2008-01-24 00:00:00-05:00,33.42109256771242,33.44131426885748,33.03012253606188,33.34694290161133,108100,0.0,0.0,0.0
2008-01-25 00:00:00-05:00,33.63680620134714,33.73117758799869,32.84812626596544,32.99642562866211,36900,0.0,0.0,0.0
2008-01-28 00:00:00-05:00,32.95598656505275,33.710960388183594,32.67961205837095,33.710960388183594,150200,0.0,0.0,0.0
2008-01-29 00:00:00-05:00,33.886205495502686,34.08169048710717,33.62331312748189,34.061466217041016,140300,0.0,0.0,0.0
2008-01-30 00:00:00-05:00,34.04799656349488,34.668155451207944,33.79858609467808,33.84577178955078,159500,0.0,0.0,0.0
2008-01-31 00:00:00-05:00,33.380661364746096,34.78275564547192,33.36717936754138,34.49964141845703,175500,0.0,0.0,0.0
2008-02-01 00:00:00-05:00,34.627711617559314,35.26809225099379,34.587268203116246,35.2613525390625,76400,0.0,0.0,0.0
2008-02-04 00:00:00-05:00,35.2546056570829,35.2546056570829,34.88385983495819,34.910823822021484,158400,0.0,0.0,0.0
2008-02-05 00:00:00-05:00,34.60075362359509,34.620975332818404,34.000816345214844,34.000816345214844,61900,0.0,0.0,0.0
2008-02-06 00:00:00-05:00,34.20978398560896,34.35808337943801,33.67725668179371,33.710960388183594,30400,0.0,0.0,0.0
2008-02-07 00:00:00-05:00,33.58962747979697,33.98059510156265,33.461549795820034,33.85251998901367,94300,0.0,0.0,0.0
2008-02-08 00:00:00-05:00,33.751393651247525,33.967100376514544,33.50198323230009,33.6502799987793,60500,0.0,0.0,0.0
2008-02-11 00:00:00-05:00,33.65703706849498,33.81881589781362,33.367180546918604,33.7379264831543,78400,0.0,0.0,0.0
2008-02-12 00:00:00-05:00,34.007558237367824,34.20978304155449,33.66377375596539,33.90644454956055,48900,0.0,0.0,0.0
2008-02-13 00:00:00-05:00,34.290673158061075,34.37156513855087,33.98733465979421,34.2569694519043,65700,0.0,0.0,0.0
2008-02-14 00:00:00-05:00,34.31089506571941,34.31089506571941,33.724439819157446,33.77162551879883,74300,0.0,0.0,0.0
2008-02-15 00:00:00-05:00,33.73791629334203,33.79858397887019,33.461541852919865,33.77836227416992,115800,0.0,0.0,0.0
2008-02-19 00:00:00-05:00,35.18720641012547,35.322023805238025,33.67725621343508,33.758148193359375,67300,0.0,0.0,0.0
2008-02-20 00:00:00-05:00,33.49526129104952,34.1693458597105,33.44807557695754,34.14912414550781,138400,0.0,0.0,0.0
2008-02-21 00:00:00-05:00,34.22326645820949,34.378305566900615,33.55592174812956,33.5828857421875,111700,0.0,0.0,0.0
2008-02-22 00:00:00-05:00,33.63681441815068,33.91318893432617,33.25258649496592,33.91318893432617,89600,0.0,0.0,0.0
2008-02-25 00:00:00-05:00,33.96036687275493,34.54681947853724,33.68399241978373,34.47941207885742,184900,0.0,0.0,0.0
2008-02-26 00:00:00-05:00,34.418744755298746,34.910825978172745,34.324370794748496,34.77600860595703,136800,0.0,0.0,0.0
2008-02-27 00:00:00-05:00,34.64119338677706,34.94453185025879,34.553561703676195,34.6209716796875,71600,0.0,0.0,0.0
2008-02-28 00:00:00-05:00,34.48615613451492,34.48615613451492,34.108667963043914,34.209781646728516,90100,0.0,0.0,0.0
2008-02-29 00:00:00-05:00,33.805331988624964,33.82555369675116,33.08406192260922,33.18517303466797,54900,0.0,0.0,0.0
2008-03-03 00:00:00-05:00,33.070577378665305,33.26605987548828,32.868350027273635,33.26605987548828,36300,0.0,0.0,0.0
2008-03-04 00:00:00-05:00,32.88858317374454,33.21214342322129,32.67287634076005,33.12451171875,41600,0.0,0.0,0.0
2008-03-05 00:00:00-05:00,33.2728059714599,33.50873447988249,32.95598548463996,33.22562026977539,120200,0.0,0.0,0.0
2008-03-06 00:00:00-05:00,33.04361143669656,33.04361143669656,32.315599186124665,32.40997314453125,84200,0.0,0.0,0.0
2008-03-07 00:00:00-05:00,32.221244817860814,32.625697138945874,31.951612508566235,32.20102310180664,168600,0.0,0.0,0.0
2008-03-10 00:00:00-04:00,32.356038633438395,32.356038633438395,31.70217619653105,31.71565818786621,117800,0.0,0.0,0.0
2008-03-11 00:00:00-04:00,32.21450130836095,32.841400146484375,31.971830458580467,32.841400146484375,66400,0.0,0.0,0.0
2008-03-12 00:00:00-04:00,32.58364081621367,33.16392556374222,32.529659642506815,32.549903869628906,1958600,0.048,0.0,0.0
2008-03-13 00:00:00-04:00,32.145053457899216,32.88053023419971,31.88190166551021,32.75907516479492,92200,0.0,0.0,0.0
2008-03-14 00:00:00-04:00,32.92776651880905,32.98849406096895,31.881905580690397,32.21928024291992,130400,0.0,0.0,0.0
2008-03-17 00:00:00-04:00,31.25436663013411,32.03032883980246,31.25436663013411,31.746932983398438,74100,0.0,0.0,0.0
2008-03-18 00:00:00-04:00,32.04383406901238,32.87377510593286,32.04383406901238,32.85353088378906,172400,0.0,0.0,0.0
2008-03-19 00:00:00-04:00,33.393341216508944,33.393341216508944,32.32723617553711,32.32723617553711,43000,0.0,0.0,0.0
2008-03-20 00:00:00-04:00,32.01010326794932,33.015480775913396,32.01010326794932,33.008731842041016,57500,0.0,0.0,0.0
2008-03-24 00:00:00-04:00,33.40007317944046,33.83191209760319,33.13017256860726,33.636234283447266,58500,0.0,0.0,0.0
2008-03-25 00:00:00-04:00,33.676738927522244,33.899407441728,33.494556299707824,33.81843566894531,119200,0.0,0.0,0.0
2008-03-26 00:00:00-04:00,33.93988769604779,33.93988769604779,33.31237067032784,33.33261489868164,31600,0.0,0.0,0.0
2008-03-27 00:00:00-04:00,33.467556436174426,33.514788670229166,32.948001861572266,32.948001861572266,44500,0.0,0.0,0.0
2008-03-28 00:00:00-04:00,33.055955171110526,33.15041962078691,32.671345866914486,32.68484115600586,18600,0.0,0.0,0.0
2008-03-31 00:00:00-04:00,33.13018421393259,33.13018421393259,32.59713430981155,32.91426467895508,67500,0.0,0.0,0.0
2008-04-01 00:00:00-04:00,33.52828757351982,34.16255348308535,33.22465248587945,34.135562896728516,98200,0.0,0.0,0.0
2008-04-02 00:00:00-04:00,34.38522517600664,34.5269219172954,34.16255923597638,34.23678207397461,52300,0.0,0.0,0.0
2008-04-03 00:00:00-04:00,33.818428317349266,34.466189488975544,33.818428317349266,34.37847137451172,16100,0.0,0.0,0.0
2008-04-04 00:00:00-04:00,34.2367757652944,34.64837061786665,34.2367757652944,34.3919677734375,29600,0.0,0.0,0.0
2008-04-07 00:00:00-04:00,34.60114651656783,34.76983385734512,34.36498526906546,34.459449768066406,41000,0.0,0.0,0.0
2008-04-08 00:00:00-04:00,34.30424475310672,34.4324461569977,34.176043349215746,34.2705078125,41100,0.0,0.0,0.0
2008-04-09 00:00:00-04:00,34.44595275120683,34.44595275120683,33.737466470127046,33.81843566894531,29500,0.0,0.0,0.0
2008-04-10 00:00:00-04:00,33.852177201067335,34.128826934560934,33.66324818693977,34.01411819458008,32100,0.0,0.0,0.0
2008-04-11 00:00:00-04:00,33.70371268820717,33.88589522504715,33.45405628170637,33.52153015136719,27100,0.0,0.0,0.0
2008-04-14 00:00:00-04:00,33.47429766781223,33.58900376013732,33.346093712904064,33.37983322143555,40800,0.0,0.0,0.0
2008-04-15 00:00:00-04:00,33.60249708219401,33.60249708219401,33.24488096356492,33.494537353515625,45500,0.0,0.0,0.0
2008-04-16 00:00:00-04:00,33.93989308515675,34.445955116965145,33.82518692678319,34.40547180175781,42100,0.0,0.0,0.0
2008-04-17 00:00:00-04:00,34.69558822366523,34.69558822366523,34.24350768286164,34.4931640625,85500,0.0,0.0,0.0
2008-04-18 00:00:00-04:00,35.242152143477654,35.242152143477654,34.87778693977432,34.90477752685547,65400,0.0,0.0,0.0
2008-04-21 00:00:00-04:00,34.918266545843295,34.918266545843295,34.601133639536364,34.84404373168945,38200,0.0,0.0,0.0
2008-04-22 00:00:00-04:00,34.729322933225305,34.729322933225305,34.30423045170327,34.57413101196289,35900,0.0,0.0,0.0
2008-04-23 00:00:00-04:00,34.63487676561196,34.6753600692162,34.290753241192874,34.48643112182617,52000,0.0,0.0,0.0
2008-04-24 00:00:00-04:00,34.73608422594301,34.877780922727716,34.122062632579,34.76982116699219,67100,0.0,0.0,0.0
2008-04-25 00:00:00-04:00,34.89801887382883,35.04646190255623,34.547149087264096,35.03296661376953,54800,0.0,0.0,0.0
2008-04-28 00:00:00-04:00,35.093694990829775,35.1814130831226,34.837292219455676,35.012725830078125,54900,0.0,0.0,0.0
2008-04-29 00:00:00-04:00,35.120690513746965,35.120690513746965,34.7765696016309,34.91826629638672,52900,0.0,0.0,0.0
2008-04-30 00:00:00-04:00,35.03971301603485,35.25563247311103,34.64835739135742,34.64835739135742,105000,0.0,0.0,0.0
2008-05-01 00:00:00-04:00,34.79682275826906,35.302884756003,34.64837708193182,35.27589416503906,56400,0.0,0.0,0.0
2008-05-02 00:00:00-04:00,35.70772460075689,35.70772460075689,35.21515801884514,35.35685729980469,50600,0.0,0.0,0.0
2008-05-05 00:00:00-04:00,35.431077802287994,35.53229120742532,35.08695685795597,35.28263473510742,31400,0.0,0.0,0.0
2008-05-06 00:00:00-04:00,35.1139392525992,35.586264076469355,35.01272587106874,35.55252456665039,46400,0.0,0.0,0.0
2008-05-07 00:00:00-04:00,35.653750685249214,35.66724597920526,35.0262336730957,35.0262336730957,33100,0.0,0.0,0.0
2008-05-08 00:00:00-04:00,35.140933990478516,35.28263068222314,34.952002494188825,35.140933990478516,37700,0.0,0.0,0.0
2008-05-09 00:00:00-04:00,34.92501595835626,35.17467500487978,34.904774306894716,35.066715240478516,19800,0.0,0.0,0.0
2008-05-12 00:00:00-04:00,35.309633700210284,35.64700836545686,35.086965185644615,35.586280822753906,118800,0.0,0.0,0.0
2008-05-13 00:00:00-04:00,35.75495849279371,35.75495849279371,35.46481615317389,35.70097732543945,61500,0.0,0.0,0.0
2008-05-14 00:00:00-04:00,35.88990931478155,36.180051679070644,35.88316295527052,35.923648834228516,70600,0.0,0.0,0.0
2008-05-15 00:00:00-04:00,36.13956008233644,36.30149841308594,35.82917356280042,36.30149841308594,185500,0.0,0.0,0.0
2008-05-16 00:00:00-04:00,36.42295591518988,36.42295591518988,36.09233029936989,36.36222839355469,74400,0.0,0.0,0.0
2008-05-19 00:00:00-04:00,36.43646377916278,36.71311090119414,36.26777644685184,36.375736236572266,22100,0.0,0.0,0.0
2008-05-20 00:00:00-04:00,36.22053035499951,36.26776258407565,35.997861925957615,36.207035064697266,62300,0.0,0.0,0.0
2008-05-21 00:00:00-04:00,36.22727559026206,36.33523533537025,35.52553853404053,35.545780181884766,112400,0.0,0.0,0.0
2008-05-22 00:00:00-04:00,35.51879830638131,35.842677621075985,35.51879830638131,35.66724395751953,379800,0.0,0.0,0.0
2008-05-23 00:00:00-04:00,35.57951847878193,35.593013769181404,35.14093312363455,35.269134521484375,120300,0.0,0.0,0.0
2008-05-27 00:00:00-04:00,35.31638303040118,35.52555626706871,35.20167429611103,35.498565673828125,125800,0.0,0.0,0.0
2008-05-28 00:00:00-04:00,35.65374311979886,35.70772171020508,35.40408666949748,35.70772171020508,56700,0.0,0.0,0.0
2008-05-29 00:00:00-04:00,35.83591622476842,36.038340389770234,35.687470635917734,35.91688537597656,42700,0.0,0.0,0.0
2008-05-30 00:00:00-04:00,35.910153541242515,36.024859670677586,35.829181783326526,35.923648834228516,116600,0.0,0.0,0.0
2008-06-02 00:00:00-04:00,35.99112327221421,35.99112327221421,35.41083853481642,35.66724395751953,126100,0.0,0.0,0.0
2008-06-03 00:00:00-04:00,35.77520870190415,35.80894565258943,35.28938837535022,35.572784423828125,40600,0.0,0.0,0.0
2008-06-04 00:00:00-04:00,35.586259526234755,35.88989448407546,35.485046157645925,35.559268951416016,44000,0.0,0.0,0.0
2008-06-05 00:00:00-04:00,35.70097678542687,36.173301696777344,35.68073513495706,36.173301696777344,26000,0.0,0.0,0.0
2008-06-06 00:00:00-04:00,35.70771624625755,35.92363829673307,35.08694839477539,35.08694839477539,34500,0.0,0.0,0.0
2008-06-09 00:00:00-04:00,35.262381506718015,35.28937208439207,34.7833103358378,35.019474029541016,33800,0.0,0.0,0.0
2008-06-10 00:00:00-04:00,34.817065182110134,35.0127431099661,34.72260068561814,34.89803695678711,26800,0.0,0.0,0.0
2008-06-11 00:00:00-04:00,34.92500704057137,34.92500704057137,34.19627946042781,34.203025817871094,23900,0.0,0.0,0.0
2008-06-12 00:00:00-04:00,34.54716115575491,34.65512092979935,34.12206841934563,34.331241607666016,25500,0.0,0.0,0.0
2008-06-13 00:00:00-04:00,34.62137811158309,34.76982116699219,34.42570024994881,34.76982116699219,31200,0.0,0.0,0.0
2008-06-16 00:00:00-04:00,34.776580727717125,34.99250030517578,34.61463975764094,34.99250030517578,49300,0.0,0.0,0.0
2008-06-17 00:00:00-04:00,35.613264414385526,35.613264414385526,34.63488006591797,34.63488006591797,73500,0.0,0.0,0.0
2008-06-18 00:00:00-04:00,34.641613696616425,34.641613696616425,34.047833857043884,34.203025817871094,41000,0.0,0.0,0.0
2008-06-19 00:00:00-04:00,34.209784078831056,34.37847137451172,34.02760149062028,34.37847137451172,31700,0.0,0.0,0.0
2008-06-20 00:00:00-04:00,34.155804886895055,34.155804886895055,33.696975210152736,33.73746109008789,137200,0.0,0.0,0.0
2008-06-23 00:00:00-04:00,33.90614147403575,33.90614147403575,33.40682601928711,33.40682601928711,76900,0.0,0.0,0.0
2008-06-24 00:00:00-04:00,33.46754156342862,33.71045155859902,33.15715771358314,33.33934020996094,97300,0.0,0.0,0.0
2008-06-25 00:00:00-04:00,33.474298798196536,33.90613775276581,33.454057151564605,33.609249114990234,405600,0.0,0.0,0.0
2008-06-26 00:00:00-04:00,33.36633809815046,33.36633809815046,32.65785217285156,32.65785217285156,480600,0.0,0.0,0.0
2008-06-27 00:00:00-04:00,32.664605073107666,32.77931376294102,32.30698886014486,32.428443908691406,476300,0.0,0.0,0.0
2008-06-30 00:00:00-04:00,32.48242866447105,32.74558046160561,32.25976274918955,32.394710540771484,718300,0.0,0.0,0.0
2008-07-01 00:00:00-04:00,32.12480834713403,32.495919875282134,31.915635178122198,32.468929290771484,1092500,0.0,0.0,0.0
2008-07-02 00:00:00-04:00,32.57687636955008,32.705080309071676,31.800916671752926,31.80091667175293,899000,0.0,0.0,0.0
2008-07-03 00:00:00-04:00,32.0033601441395,32.0033601441395,31.369096716098124,31.4770565032959,429100,0.0,0.0,0.0
2008-07-07 00:00:00-04:00,31.625498227146522,31.767197533029712,30.85628445505598,31.119436264038086,903400,0.0,0.0,0.0
2008-07-08 00:00:00-04:00,31.092445636650716,32.03034665097957,30.90351410266764,32.023597717285156,1178500,0.0,0.0,0.0
2008-07-09 00:00:00-04:00,32.023595443804076,32.124808850322474,31.166663676896906,31.30836296081543,606800,0.0,0.0,0.0
2008-07-10 00:00:00-04:00,31.294868706551405,31.477051299950087,30.917008226839627,31.32860565185547,799800,0.0,0.0,0.0
2008-07-11 00:00:00-04:00,30.917014570713118,31.315116784501285,30.505417061241427,30.957500457763672,516200,0.0,0.0,0.0
2008-07-14 00:00:00-04:00,30.606624626772504,31.328606076719232,30.45143261709801,30.49866485595703,788500,0.0,0.0,0.0
2008-07-15 00:00:00-04:00,30.41769380269948,30.782056398090493,29.675468171721445,30.282743453979492,954000,0.0,0.0,0.0
2008-07-16 00:00:00-04:00,30.34346341802433,31.213887673658427,30.06006749896242,31.146413803100586,1660000,0.0,0.0,0.0
2008-07-17 00:00:00-04:00,31.301614218285824,31.983112335205078,31.06545303358937,31.983112335205078,865000,0.0,0.0,0.0
2008-07-18 00:00:00-04:00,31.949359453479573,31.949359453479573,31.564752785577234,31.875139236450195,756100,0.0,0.0,0.0
2008-07-21 00:00:00-04:00,31.767178595047337,31.956107458309443,31.638974660151437,31.90212631225586,811200,0.0,0.0,0.0
2008-07-22 00:00:00-04:00,31.75369152543256,32.42844058193077,31.443305003231217,32.38795471191406,863500,0.0,0.0,0.0
2008-07-23 00:00:00-04:00,32.56338895488383,32.92775407009073,32.35421839071809,32.76581573486328,991900,0.0,0.0,0.0
2008-07-24 00:00:00-04:00,32.6646171625371,32.69160775530657,31.443319866346794,31.605260848999023,759200,0.0,0.0,0.0
2008-07-25 00:00:00-04:00,31.64572331277843,31.767178316370813,31.382569089019803,31.537763595581055,829600,0.0,0.0,0.0
2008-07-28 00:00:00-04:00,31.3488471093277,31.686221708198545,31.045209455551152,31.078948974609375,627400,0.0,0.0,0.0
2008-07-29 00:00:00-04:00,31.22064180058881,31.83466339111328,31.166660635988876,31.83466339111328,629800,0.0,0.0,0.0
2008-07-30 00:00:00-04:00,32.01683236392274,32.286730350412505,31.787417659727055,32.239498138427734,813400,0.0,0.0,0.0
2008-07-31 00:00:00-04:00,31.99660037525686,32.27324997111233,31.89538955688477,31.895389556884766,1057000,0.0,0.0,0.0
2008-08-01 00:00:00-04:00,32.01009232458298,32.15853793145665,31.564758077925184,31.854900360107422,1192100,0.0,0.0,0.0
2008-08-04 00:00:00-04:00,31.861669426137688,31.861669426137688,31.409585962227975,31.510799407958984,357200,0.0,0.0,0.0
2008-08-05 00:00:00-04:00,31.72670094542142,32.38795471191406,31.71320565541585,32.38795471191406,519800,0.0,0.0,0.0
2008-08-06 00:00:00-04:00,32.16528275886326,32.58362898124836,32.1382947557764,32.52964782714844,301400,0.0,0.0,0.0
2008-08-07 00:00:00-04:00,32.286748958999304,32.42169931700458,31.868405165750545,31.96286964416504,364800,0.0,0.0,0.0
2008-08-08 00:00:00-04:00,32.01009492392376,32.846784902477005,31.90213517578432,32.76581573486328,626000,0.0,0.0,0.0
2008-08-11 00:00:00-04:00,32.79955472802179,33.42707160775197,32.65785803233138,33.23814010620117,641600,0.0,0.0,0.0
2008-08-12 00:00:00-04:00,33.21789388336365,33.21789388336365,32.68484154081319,32.813045501708984,700400,0.0,0.0,0.0
2008-08-13 00:00:00-04:00,32.698341369628906,32.887272871398906,32.34747152230017,32.698341369628906,755200,0.0,0.0,0.0
2008-08-14 00:00:00-04:00,32.48242183681534,33.11668764937287,32.48242183681534,33.022220611572266,636900,0.0,0.0,0.0
2008-08-15 00:00:00-04:00,33.15042495727539,33.379839760833,32.98848403607323,33.15042495727539,505800,0.0,0.0,0.0
2008-08-18 00:00:00-04:00,33.27862963838324,33.27862963838324,32.49592068579864,32.77256774902344,477600,0.0,0.0,0.0
2008-08-19 00:00:00-04:00,32.40821278455026,32.4689403333706,32.09108231756824,32.29350662231445,404500,0.0,0.0,0.0
2008-08-20 00:00:00-04:00,32.22601466636198,32.374460286423904,31.962862939134716,32.367713928222656,594200,0.0,0.0,0.0
2008-08-21 00:00:00-04:00,32.27999028850007,32.3744547308879,32.04382918253052,32.30023193359375,1333600,0.0,0.0,0.0
2008-08-22 00:00:00-04:00,32.293484447428696,32.77930450439453,32.293484447428696,32.77930450439453,259400,0.0,0.0,0.0
2008-08-25 00:00:00-04:00,32.59713495650059,32.59713495650059,32.0370918819419,32.11806106567383,474300,0.0,0.0,0.0
2008-08-26 00:00:00-04:00,32.11804288826658,32.27998373804294,31.935862971466594,32.20576095581055,268500,0.0,0.0,0.0
2008-08-27 00:00:00-04:00,32.2395055587691,32.63760756138518,32.2395055587691,32.52964782714844,181800,0.0,0.0,0.0
2008-08-28 00:00:00-04:00,32.630876059612525,33.14368438720703,32.630876059612525,33.14368438720703,249200,0.0,0.0,0.0
2008-08-29 00:00:00-04:00,32.99523643504456,33.1504284399369,32.860286082192644,32.91426467895508,257700,0.0,0.0,0.0
2008-09-02 00:00:00-04:00,33.15716226073426,33.56201316619343,32.57687776468349,32.77930450439453,287700,0.0,0.0,0.0
2008-09-03 00:00:00-04:00,32.745582911126654,32.98174671198945,32.590390880027044,32.87378692626953,457000,0.0,0.0,0.0
2008-09-04 00:00:00-04:00,32.624108354917055,32.65784785915916,31.87513923645019,31.875139236450195,278800,0.0,0.0,0.0
2008-09-05 00:00:00-04:00,31.888628185894856,32.34071123496376,31.463538281411573,32.20576095581055,523100,0.0,0.0,0.0
2008-09-08 00:00:00-04:00,33.04246618374865,33.373091820671625,32.47567680363129,33.069454193115234,461100,0.0,0.0,0.0
2008-09-09 00:00:00-04:00,32.99524226346957,33.02897921415102,31.807682037353516,31.807682037353516,438700,0.0,0.0,0.0
2008-09-10 00:00:00-04:00,31.902139714507108,32.3002418250275,31.544523480535233,32.003353118896484,286500,0.0,0.0,0.0
2008-09-11 00:00:00-04:00,31.767198934716298,32.259765625,31.342106146238553,32.259765625,472500,0.0,0.0,0.0
2008-09-12 00:00:00-04:00,32.09107659702087,32.644370799213974,31.962872586828958,32.610633850097656,580200,0.0,0.0,0.0
2008-09-15 00:00:00-04:00,31.84815151518478,32.23950457461019,31.23413006283913,31.24762535095215,221800,0.0,0.0,0.0
2008-09-16 00:00:00-04:00,30.41768086474366,31.78742027282715,30.41768086474366,31.78742027282715,376100,0.0,0.0,0.0
2008-09-17 00:00:00-04:00,31.58500202825193,31.58500202825193,30.127544272216433,30.141036987304688,669700,0.0,0.0,0.0
2008-09-18 00:00:00-04:00,30.957490058073123,31.83466339111328,29.439304552208533,31.83466339111328,990300,0.0,0.0,0.0
2008-09-19 00:00:00-04:00,33.02897337976657,35.35010966775672,32.320487244748875,32.91426467895508,227600,0.0,0.0,0.0
2008-09-22 00:00:00-04:00,32.792804125874625,32.792804125874625,31.301609282852876,31.335346221923828,125000,0.0,0.0,0.0
2008-09-23 00:00:00-04:00,31.355582736823486,31.740189410409332,30.923743845356064,31.011459350585938,560400,0.0,0.0,0.0
2008-09-24 00:00:00-04:00,31.038466335171528,31.132930820879082,30.741577583810038,30.917011260986328,429200,0.0,0.0,0.0
2008-09-25 00:00:00-04:00,31.08570097539702,31.423075635493767,30.88327669413185,31.29487419128418,301100,0.0,0.0,0.0
2008-09-26 00:00:00-04:00,30.721328485366836,31.220643997192383,30.633612947665902,31.220643997192383,381200,0.0,0.0,0.0
2008-09-29 00:00:00-04:00,30.255744394965287,30.741564484696028,28.81178198822457,28.939983367919922,676500,0.0,0.0,0.0
2008-09-30 00:00:00-04:00,29.655231705585305,29.898141860961914,28.913005944827415,29.898141860961914,205200,0.0,0.0,0.0
2008-10-01 00:00:00-04:00,30.053333888238242,30.053333888238242,29.412321550208695,29.898141860961914,535000,0.0,0.0,0.0
2008-10-02 00:00:00-04:00,29.88464487094146,29.88464487094146,28.352963766067994,28.40694236755371,262200,0.0,0.0,0.0
2008-10-03 00:00:00-04:00,28.778045984717625,29.14915742128074,27.7119413253206,27.772668838500977,210400,0.0,0.0,0.0
2008-10-06 00:00:00-04:00,27.09117887382015,27.131662174693954,25.2963462727771,26.666086196899414,553100,0.0,0.0,0.0
2008-10-07 00:00:00-04:00,26.64584721789498,26.78754393308675,25.01295280456543,25.01295280456543,417600,0.0,0.0,0.0
2008-10-08 00:00:00-04:00,24.338199606021167,25.444787707954088,24.156017041830232,24.554119110107422,100100,0.0,0.0,0.0
2008-10-09 00:00:00-04:00,24.965712566345818,24.965712566345818,22.590595818725994,22.7592830657959,162300,0.0,0.0,0.0
2008-10-10 00:00:00-04:00,22.172261588902973,23.312586937055105,20.721549618030078,22.32745361328125,391500,0.0,0.0,0.0
2008-10-13 00:00:00-04:00,24.830772134520117,24.90499496459961,23.211375462639065,24.90499496459961,314800,0.0,0.0,0.0
2008-10-14 00:00:00-04:00,27.42855228994381,27.42855228994381,23.946846993063506,24.830766677856445,334100,0.0,0.0,0.0
2008-10-15 00:00:00-04:00,24.412424788491702,24.412424788491702,22.40841896177613,22.435409545898438,209800,0.0,0.0,0.0
2008-10-16 00:00:00-04:00,22.43541135336486,23.184383392333984,21.241104936355175,23.184383392333984,294900,0.0,0.0,0.0
2008-10-17 00:00:00-04:00,22.523122521961948,23.953589692763785,22.320698335125595,23.035930633544922,614900,0.0,0.0,0.0
2008-10-20 00:00:00-04:00,23.48801503800545,24.014318466186523,23.008941262802267,24.014318466186523,166400,0.0,0.0,0.0
2008-10-21 00:00:00-04:00,23.79165171899176,23.994078504636203,23.312580484088706,23.33282470703125,132800,0.0,0.0,0.0
2008-10-22 00:00:00-04:00,22.759285456390472,22.786276036507846,21.403039693053028,22.071041107177734,178000,0.0,0.0,0.0
2008-10-23 00:00:00-04:00,22.212735247180575,22.320697555282024,20.438147278154055,21.524492263793945,838600,0.0,0.0,0.0
2008-10-24 00:00:00-04:00,20.040051981836655,21.27484298034695,20.040051981836655,20.923973083496094,282600,0.0,0.0,0.0
2008-10-27 00:00:00-04:00,20.57985069759497,21.092660246464682,20.087284088134766,20.087284088134766,148600,0.0,0.0,0.0
2008-10-28 00:00:00-04:00,20.62707778663606,22.084535598754883,19.837621364489895,22.084535598754883,159800,0.0,0.0,0.0
2008-10-29 00:00:00-04:00,21.91584968187258,22.887487424786297,21.72692076424133,22.13176918029785,285900,0.0,0.0,0.0
2008-10-30 00:00:00-04:00,22.84700393776894,22.954963686084756,22.084536767434066,22.739044189453125,238000,0.0,0.0,0.0
2008-10-31 00:00:00-04:00,22.83351806438623,23.542004365772378,22.475901733221633,23.272106170654297,338800,0.0,0.0,0.0
2008-11-03 00:00:00-05:00,23.36655862490891,23.494760008469807,23.130394930185364,23.319326400756836,293500,0.0,0.0,0.0
2008-11-04 00:00:00-05:00,23.798399047613355,24.14251992688566,23.555488980379575,24.11553192138672,484800,0.0,0.0,0.0
2008-11-05 00:00:00-05:00,23.859131188482113,24.048060133407056,22.921230249084974,22.927976608276367,648600,0.0,0.0,0.0
2008-11-06 00:00:00-05:00,22.833515466415605,22.954970541287302,21.79440096983075,21.86187744140625,483900,0.0,0.0,0.0
2008-11-07 00:00:00-05:00,22.071038817196275,22.455645535092124,21.855119346586783,22.42865753173828,547600,0.0,0.0,0.0
2008-11-10 00:00:00-05:00,22.887492002266637,22.89424093579665,21.62571169837075,21.868621826171875,421200,0.0,0.0,0.0
2008-11-11 00:00:00-05:00,21.625708507447445,21.82138636752163,21.02518221008369,21.38954734802246,416600,0.0,0.0,0.0
2008-11-12 00:00:00-05:00,20.99819547799433,21.07241701416696,20.242475814642294,20.269466400146484,464200,0.0,0.0,0.0
2008-11-13 00:00:00-05:00,20.2762092264004,21.81463887053649,19.48000639749474,21.807889938354492,1019800,0.0,0.0,0.0
2008-11-14 00:00:00-05:00,21.436781775019913,21.68643825111436,20.74853730198098,20.78227424621582,139200,0.0,0.0,0.0
2008-11-17 00:00:00-05:00,20.55286225104946,20.98470266119508,20.282962799072266,20.282962799072266,179000,0.0,0.0,0.0
2008-11-18 00:00:00-05:00,20.31669585830091,20.606838177867303,19.62170382043215,20.289705276489258,369800,0.0,0.0,0.0
2008-11-19 00:00:00-05:00,20.201990191614087,20.377425127485694,18.805259637654554,18.8120059967041,304800,0.0,0.0,0.0
2008-11-20 00:00:00-05:00,18.69055184724471,18.906471367911895,17.30731532662503,17.40178108215332,410300,0.0,0.0,0.0
2008-11-21 00:00:00-05:00,17.806627577845575,18.45438735545396,16.976686529112015,18.373416900634766,443300,0.0,0.0,0.0
2008-11-24 00:00:00-05:00,18.56909225110378,20.033297590178798,18.48137416293446,19.729660034179688,436600,0.0,0.0,0.0
2008-11-25 00:00:00-05:00,20.080532868393913,20.357179889518772,19.47325895097304,20.22897720336914,1362400,0.0,0.0,0.0
2008-11-26 00:00:00-05:00,19.87136156890696,21.241101422313392,19.8511186325333,21.20061683654785,191900,0.0,0.0,0.0
2008-11-28 00:00:00-05:00,21.23434865231628,21.490753969909896,21.011681553869966,21.477258682250977,80700,0.0,0.0,0.0
2008-12-01 00:00:00-05:00,20.991446168671402,20.991446168671402,19.1223907409774,19.17637062072754,336600,0.0,0.0,0.0
2008-12-02 00:00:00-05:00,19.419279850340224,20.10752296447754,19.250592572829568,20.10752296447754,245700,0.0,0.0,0.0
2008-12-03 00:00:00-05:00,19.898350828980085,20.721544268676812,19.50024875653302,20.667564392089844,312700,0.0,0.0,0.0
2008-12-04 00:00:00-05:00,20.431395503873432,21.079153777765008,19.702666802254765,20.07377815246582,291600,0.0,0.0,0.0
2008-12-05 00:00:00-05:00,19.790390828209045,21.011686325073242,19.412531696827646,21.011686325073242,766400,0.0,0.0,0.0
2008-12-08 00:00:00-05:00,21.38955322211452,21.976584389586534,21.328825682447466,21.8483829498291,476300,0.0,0.0,0.0
2008-12-09 00:00:00-05:00,21.720169907508325,22.246475890503703,21.24784636829951,21.376049041748047,525100,0.0,0.0,0.0
2008-12-10 00:00:00-05:00,21.4975051315102,22.030557498431023,21.403039389421206,21.93609046936035,355900,0.0,0.0,0.0
2008-12-11 00:00:00-05:00,21.76740177110456,22.118271562617995,20.714794970527436,20.863239288330078,309700,0.0,0.0,0.0
2008-12-12 00:00:00-05:00,20.46513837822475,21.49750487508405,20.201986663860907,21.416534423828125,680700,0.0,0.0,0.0
2008-12-15 00:00:00-05:00,21.585223883827517,21.585223883827517,20.63382774127327,20.964454650878906,288000,0.0,0.0,0.0
2008-12-16 00:00:00-05:00,22.334196090698242,22.36793560775488,21.2478508219288,22.334196090698242,391300,0.0,0.0,0.0
2008-12-17 00:00:00-05:00,22.131776235052914,22.752546921375863,21.915856667800828,22.388181686401367,422900,0.0,0.0,0.0
2008-12-18 00:00:00-05:00,22.543367929124017,22.543367929124017,21.618962358186025,21.85512351989746,268900,0.0,0.0,0.0
2008-12-19 00:00:00-05:00,22.057546990842297,22.428661052295407,21.90910394022458,22.077791213989258,348300,0.0,0.0,0.0
2008-12-22 00:00:00-05:00,22.06429286765759,22.104776160418158,21.146633813624817,21.63245391845703,341100,0.0,0.0,0.0
2008-12-23 00:00:00-05:00,21.753910231576423,21.81463774827295,21.308574680141337,21.416534423828125,206700,0.0,0.0,0.0
2008-12-24 00:00:00-05:00,21.740390439110882,21.740390439110882,21.289633012630148,21.560087203979492,768600,0.857,0.0,0.0
2008-12-26 00:00:00-05:00,21.740387746575312,21.78199577331543,21.449128914003857,21.78199577331543,105500,0.0,0.0,0.0
2008-12-29 00:00:00-05:00,21.88602216572236,21.88602216572236,21.241091632210452,21.532350540161133,811100,0.0,0.0,0.0
2008-12-30 00:00:00-05:00,21.837471634786993,22.21888270107578,21.587820851230347,22.211946487426758,216200,0.0,0.0,0.0
2008-12-31 00:00:00-05:00,22.267425503154907,22.843006899782072,22.170338352984555,22.697378158569336,217900,0.0,0.0,0.0
2009-01-02 00:00:00-05:00,22.849948653732305,23.46020597561617,22.57949445579259,23.33538055419922,222100,0.0,0.0,0.0
2009-01-05 00:00:00-05:00,23.272965256949146,23.69598175430278,23.08572714563324,23.50181007385254,235800,0.0,0.0,0.0
2009-01-06 00:00:00-05:00,23.716793781538115,24.1398130318183,23.578098555077027,23.94563865661621,383800,0.0,0.0,0.0
2009-01-07 00:00:00-05:00,23.59196633898638,23.59196633898638,23.002512337927197,23.148143768310547,274500,0.0,0.0,0.0
2009-01-08 00:00:00-05:00,23.00945305118539,23.342320044256347,22.88462759810982,23.300710678100586,483100,0.0,0.0,0.0
2009-01-09 00:00:00-05:00,23.34231424996308,23.34231424996308,22.628037503307823,22.67658042907715,611100,0.0,0.0,0.0
2009-01-12 00:00:00-05:00,22.669637611132444,22.669637611132444,21.71958008228045,21.899883270263672,449700,0.0,0.0,0.0
2009-01-13 00:00:00-05:00,21.85134662767024,22.19808199918206,21.705716528301483,22.087127685546875,507200,0.0,0.0,0.0
2009-01-14 00:00:00-05:00,21.643303497661513,21.643303497661513,20.998374367031516,21.150938034057617,333200,0.0,0.0,0.0
2009-01-15 00:00:00-05:00,21.18560916136984,21.6502363335117,20.457462712543883,21.31736946105957,503200,0.0,0.0,0.0
2009-01-16 00:00:00-05:00,21.719587003498912,21.844412429010262,21.0538531643658,21.691848754882812,456900,0.0,0.0,0.0
2009-01-20 00:00:00-05:00,21.60168630880585,21.60168630880585,20.29795749246455,20.346500396728516,697900,0.0,0.0,0.0
2009-01-21 00:00:00-05:00,20.69324886015616,21.338179411651303,20.263294718260834,21.303504943847656,427000,0.0,0.0,0.0
2009-01-22 00:00:00-05:00,20.831938213458432,21.185608426486144,20.388114409555524,20.6932430267334,851600,0.0,0.0,0.0
2009-01-23 00:00:00-05:00,20.187005608343554,21.199475862155413,20.082983568471086,21.01917266845703,890000,0.0,0.0,0.0
2009-01-26 00:00:00-05:00,21.067712818517812,21.629426998455585,20.859671411448645,21.14399528503418,468200,0.0,0.0,0.0
2009-01-27 00:00:00-05:00,21.213350954360426,21.483805151265642,21.005309467924953,21.4213924407959,332400,0.0,0.0,0.0
2009-01-28 00:00:00-05:00,21.851347937551438,22.309038972830304,21.78893522303714,22.23969268798828,481900,0.0,0.0,0.0
2009-01-29 00:00:00-05:00,21.996967525240166,21.996967525240166,21.248016586927182,21.25495147705078,249400,0.0,0.0,0.0
2009-01-30 00:00:00-05:00,21.428324561938062,21.48380237265867,20.457462212979785,20.6238956451416,174100,0.0,0.0,0.0
2009-02-02 00:00:00-05:00,20.24941720471088,20.61695714031222,20.145395170481336,20.55454444885254,223500,0.0,0.0,0.0
2009-02-03 00:00:00-05:00,20.58228351737895,20.90821542509354,20.360372318705604,20.783390045166016,133100,0.0,0.0,0.0
2009-02-04 00:00:00-05:00,20.859676786817126,21.178675192247482,20.679373570303508,20.72098159790039,177300,0.0,0.0,0.0
2009-02-05 00:00:00-05:00,20.561480454720822,21.26188855700082,20.408916824373815,21.01917266845703,284200,0.0,0.0,0.0
2009-02-06 00:00:00-05:00,21.03998032563408,21.892952179260913,21.03998032563408,21.823604583740234,334200,0.0,0.0,0.0
2009-02-09 00:00:00-05:00,21.754258764793317,22.052451183171556,21.622498462824538,21.837474822998047,332000,0.0,0.0,0.0
2009-02-10 00:00:00-05:00,21.684911084891038,21.872149199178672,20.554548829920858,20.665504455566406,329100,0.0,0.0,0.0
2009-02-11 00:00:00-05:00,20.783397355471426,21.033048203138105,20.464400225848927,20.831941604614258,456400,0.0,0.0,0.0
2009-02-12 00:00:00-05:00,20.499073246560837,20.998374938964844,20.18701101150387,20.998374938964844,377600,0.0,0.0,0.0
2009-02-13 00:00:00-05:00,20.929019960394456,21.116258029072753,20.623891402847796,20.686304092407227,188900,0.0,0.0,0.0
2009-02-17 00:00:00-05:00,19.923486682475424,20.041377191004077,19.639162748264308,19.65996742248535,241900,0.0,0.0,0.0
2009-02-18 00:00:00-05:00,19.777855829278973,19.777855829278973,19.209208021285292,19.410314559936523,305000,0.0,0.0,0.0
2009-02-19 00:00:00-05:00,19.653029413138242,19.777854793270446,18.987294493331518,19.04277229309082,209400,0.0,0.0,0.0
2009-02-20 00:00:00-05:00,18.675239436702412,19.153736467484173,18.349306082350154,18.91795539855957,398500,0.0,0.0,0.0
2009-02-23 00:00:00-05:00,19.07744705401566,19.112120183416884,18.120453339278658,18.134323120117188,173100,0.0,0.0,0.0
2009-02-24 00:00:00-05:00,18.286893168984886,19.09132216445551,18.092720151124727,19.021974563598633,170600,0.0,0.0,0.0
2009-02-25 00:00:00-05:00,18.959569438185873,19.195350581785235,18.418659522393927,18.77233123779297,324800,0.0,0.0,0.0
2009-02-26 00:00:00-05:00,18.99423636832992,19.160669828809887,18.383980346570024,18.41865348815918,139300,0.0,0.0,0.0
2009-02-27 00:00:00-05:00,18.078845319458168,18.578146848084465,17.98869438939792,18.134323120117188,221100,0.0,0.0,0.0
2009-03-02 00:00:00-05:00,17.6904996036013,17.849998105140067,17.01783114752801,17.07330894470215,193700,0.0,0.0,0.0
2009-03-03 00:00:00-05:00,17.35764001103857,17.35764001103857,16.684969953613603,16.809795379638672,203800,0.0,0.0,0.0
2009-03-04 00:00:00-05:00,17.163461157267964,17.635023129987758,16.98315797224598,17.316024780273438,164700,0.0,0.0,0.0
2009-03-05 00:00:00-05:00,16.948481470560306,17.01782903910994,16.26887688600773,16.414506912231445,171800,0.0,0.0,0.0
2009-03-06 00:00:00-05:00,16.48386078526052,16.733510275748287,15.838930399667687,16.26194953918457,178500,0.0,0.0,0.0
2009-03-09 00:00:00-04:00,16.14405632019043,16.560139175539994,16.046969174273077,16.14405632019043,99200,0.0,0.0,0.0
2009-03-10 00:00:00-04:00,16.580943362386233,17.316024551056863,16.44918308994217,17.30908966064453,169500,0.0,0.0,0.0
2009-03-11 00:00:00-04:00,17.475533547378053,17.690509972089618,17.184274610831892,17.371511459350586,183000,0.0,0.0,0.0
2009-03-12 00:00:00-04:00,17.440853850084512,18.25915258478758,17.184269460678202,18.217544555664062,71100,0.0,0.0,0.0
2009-03-13 00:00:00-04:00,18.321567081438506,18.467195858959165,17.981765277861438,18.307697296142578,137100,0.0,0.0,0.0
2009-03-16 00:00:00-04:00,18.487994595329116,18.820861399283245,18.12738822969792,18.134323120117188,211200,0.0,0.0,0.0
2009-03-17 00:00:00-04:00,18.22447937530868,18.80006217956543,17.967893664225247,18.80006217956543,117500,0.0,0.0,0.0
2009-03-18 00:00:00-04:00,18.772320610762804,19.729314433662903,18.550409383045466,19.54901123046875,173100,0.0,0.0,0.0
2009-03-19 00:00:00-04:00,19.86800918190969,19.86800918190969,19.389512248970373,19.42418670654297,101500,0.0,0.0,0.0
2009-03-20 00:00:00-04:00,19.56288329439009,19.56288329439009,18.75845428436137,18.862476348876953,90600,0.0,0.0,0.0
2009-03-23 00:00:00-04:00,19.307661022325153,20.370277404785156,19.307661022325153,20.370277404785156,149300,0.041,0.0,0.0
2009-03-24 00:00:00-04:00,20.016069260731246,20.3772200340978,19.800768398593945,19.814659118652344,122300,0.0,0.0,0.0
2009-03-25 00:00:00-04:00,20.078578452807253,20.495290828962197,19.411839710713043,20.134140014648438,340900,0.0,0.0,0.0
2009-03-26 00:00:00-04:00,20.418891850765377,20.724481083274714,20.141084059707815,20.710590362548828,203200,0.0,0.0,0.0
2009-03-27 00:00:00-04:00,20.4675125378155,20.488348623474376,20.092472268802084,20.210540771484375,130900,0.0,0.0,0.0
2009-03-30 00:00:00-04:00,19.682699441350856,19.682699441350856,19.224316288280768,19.37016487121582,99800,0.0,0.0,0.0
2009-03-31 00:00:00-04:00,19.696594654003253,20.009127970737477,19.397950735460682,19.654922485351562,59600,0.0,0.0,0.0
2009-04-01 00:00:00-04:00,19.377109704036027,20.120245967597963,19.335438870715407,20.078575134277344,145400,0.0,0.0,0.0
2009-04-02 00:00:00-04:00,20.48139594034415,21.13424515267356,20.48139594034415,20.891162872314453,72200,0.0,0.0,0.0
2009-04-03 00:00:00-04:00,20.835599691600883,21.37732576047154,20.703640522640388,21.370380401611328,77700,0.0,0.0,0.0
2009-04-06 00:00:00-04:00,21.113413066032898,21.18981070922407,20.800879781935755,21.162029266357422,107500,0.0,0.0,0.0
2009-04-07 00:00:00-04:00,20.766156362096368,20.842554017736166,20.43278694152832,20.43278694152832,87600,0.0,0.0,0.0
2009-04-08 00:00:00-04:00,20.641139489905104,20.773098696407423,20.432783963589554,20.76615333557129,84300,0.0,0.0,0.0
2009-04-09 00:00:00-04:00,21.530122665909193,21.9746150970459,21.26620561609476,21.9746150970459,99100,0.0,0.0,0.0
2009-04-13 00:00:00-04:00,21.759317610203436,22.113523067865103,21.280098305756223,22.01629066467285,319500,0.0,0.0,0.0
2009-04-14 00:00:00-04:00,21.620414208294424,21.9746196850696,21.30093553788478,21.3217716217041,138100,0.0,0.0,0.0
2009-04-15 00:00:00-04:00,21.224535649367226,21.80793268783723,21.0509056099343,21.787097930908203,115800,0.0,0.0,0.0
2009-04-16 00:00:00-04:00,21.9746172474615,22.655246680418326,21.71764553232305,22.4399471282959,84500,0.0,0.0,0.0
2009-04-17 00:00:00-04:00,22.641356432243434,22.940000316634624,22.287152312054733,22.752479553222656,722400,0.0,0.0,0.0
2009-04-20 00:00:00-04:00,22.280209243160737,22.34271351762684,21.412057670204238,21.432893753051758,113900,0.0,0.0,0.0
2009-04-21 00:00:00-04:00,21.196750806710227,22.210749375105387,21.196750806710227,22.20380401611328,157800,0.0,0.0,0.0
2009-04-22 00:00:00-04:00,21.849601576072228,22.724698380357374,21.79404002140085,22.078794479370117,211900,0.0,0.0,0.0
2009-04-23 00:00:00-04:00,22.169090028818065,22.335774756891286,21.78015899664721,22.32883071899414,409100,0.0,0.0,0.0
2009-04-24 00:00:00-04:00,22.62051937434641,23.01639561815834,22.335766240211793,22.79414939880371,471300,0.0,0.0,0.0
2009-04-27 00:00:00-04:00,22.370495632193176,22.79415338995086,22.23853774427864,22.349660873413086,150400,0.0,0.0,0.0
2009-04-28 00:00:00-04:00,22.05796056579455,22.662193691289527,22.037124483987107,22.34271240234375,378600,0.0,0.0,0.0
2009-04-29 00:00:00-04:00,22.620527531744045,23.190034005388274,22.516348419747104,22.940006256103516,348700,0.0,0.0,0.0
2009-04-30 00:00:00-04:00,23.238644715161815,23.433112168216024,22.842768422328394,22.905275344848633,415400,0.0,0.0,0.0
2009-05-01 00:00:00-04:00,22.80804723528854,23.169198116772655,22.71081481515527,22.919170379638672,203500,0.0,0.0,0.0
2009-05-04 00:00:00-04:00,23.21781023087301,24.016509511439182,23.16224734380769,24.00261878967285,258700,0.0,0.0,0.0
2009-05-05 00:00:00-04:00,23.884555198277397,24.079020054871126,23.627583402152112,23.87761116027832,253500,0.0,0.0,0.0
2009-05-06 00:00:00-04:00,24.259585112738986,24.30820130339508,23.76647652215077,24.18318748474121,344700,0.0,0.0,0.0
2009-05-07 00:00:00-04:00,24.572120925617313,24.68324403132671,23.405326990976757,23.53728485107422,2956300,0.0,0.0,0.0
2009-05-08 00:00:00-04:00,23.98178025708269,24.592958739202732,23.801206181361668,24.5582332611084,358100,0.0,0.0,0.0
2009-05-11 00:00:00-04:00,24.134573439251024,24.933272612821536,23.82898554948189,23.870655059814453,266800,0.0,0.0,0.0
2009-05-12 00:00:00-04:00,23.815085589427547,24.34291949411953,23.113619077977518,23.530332565307617,133200,0.0,0.0,0.0
2009-05-13 00:00:00-04:00,23.120579375727832,23.134470098424096,22.446893896573673,22.49551010131836,161500,0.0,0.0,0.0
2009-05-14 00:00:00-04:00,22.50246015071248,23.044185169913888,22.3427181405217,22.891389846801758,97400,0.0,0.0,0.0
2009-05-15 00:00:00-04:00,22.808042511205596,23.016398032533658,22.3774407472097,22.53023338317871,169200,0.0,0.0,0.0
2009-05-18 00:00:00-04:00,22.75248368294655,23.57201784243815,22.75248368294655,23.544239044189453,173600,0.0,0.0,0.0
2009-05-19 00:00:00-04:00,23.558124834509858,23.85676874415142,23.335878573760475,23.523399353027344,130900,0.0,0.0,0.0
2009-05-20 00:00:00-04:00,23.738700234245755,24.15541128722982,23.280317016209576,23.31504249572754,211500,0.0,0.0,0.0
2009-05-21 00:00:00-04:00,23.00945534779682,23.078906309189986,22.585797594899212,22.87749481201172,125400,0.0,0.0,0.0
2009-05-22 00:00:00-04:00,22.974727404704854,23.05806907932109,22.70386232577997,22.787206649780273,86600,0.0,0.0,0.0
2009-05-26 00:00:00-04:00,22.446892384548406,23.634521276543136,22.446892384548406,23.585905075073242,86400,0.0,0.0,0.0
2009-05-27 00:00:00-04:00,23.606748913641436,23.745650870320034,23.0858586279417,23.099746704101562,109100,0.0,0.0,0.0
2009-05-28 00:00:00-04:00,23.308098256402555,23.433112101084888,22.842768356888477,23.405330657958984,110900,0.0,0.0,0.0
2009-05-29 00:00:00-04:00,23.46089311027615,23.86371612548828,23.356716662792813,23.86371612548828,124400,0.0,0.0,0.0
2009-06-01 00:00:00-04:00,24.440165845941653,24.870770294442632,24.16930338118471,24.711030960083008,75800,0.0,0.0,0.0
2009-06-02 00:00:00-04:00,24.662418859295297,24.84993968994347,24.565186424748497,24.67630958557129,102400,0.0,0.0,0.0
2009-06-03 00:00:00-04:00,24.50268033383633,24.50268033383633,23.89844829142308,24.10680389404297,93800,0.0,0.0,0.0
2009-06-04 00:00:00-04:00,24.34988520437926,24.641582489013672,24.079020033723776,24.641582489013672,104900,0.0,0.0,0.0
2009-06-05 00:00:00-04:00,24.88466500888081,25.04440436886561,24.377662830139467,24.565183639526367,122800,0.0,0.0,0.0
2009-06-08 00:00:00-04:00,24.481836731275866,24.66935750076069,24.127632599616277,24.44016456604004,98600,0.0,0.0,0.0
2009-06-09 00:00:00-04:00,24.63462879606443,24.75269594136619,24.363766380951986,24.64851951599121,91300,0.0,0.0,0.0
2009-06-10 00:00:00-04:00,24.780479500173115,24.891602619705473,24.245698659491097,24.5582332611084,79200,0.0,0.0,0.0
2009-06-11 00:00:00-04:00,24.592964719169668,25.05134802987306,24.592964719169668,25.01662254333496,94000,0.0,0.0,0.0
2009-06-12 00:00:00-04:00,24.655465790641898,24.71102867539563,24.377656665641563,24.6901912689209,110200,0.0,0.0,0.0
2009-06-15 00:00:00-04:00,24.391555275583837,24.41239268879784,23.842886182802243,23.967897415161133,80400,0.0,0.0,0.0
2009-06-16 00:00:00-04:00,24.07901080712139,24.155408442694895,23.467835021301234,23.558120727539062,97000,0.0,0.0,0.0
2009-06-17 00:00:00-04:00,23.502561219512472,23.565068136960004,23.044178041358563,23.32198715209961,124400,0.0,0.0,0.0
2009-06-18 00:00:00-04:00,23.377547161598688,23.648409584826002,23.210861166867414,23.572011947631836,67100,0.0,0.0,0.0
2009-06-19 00:00:00-04:00,23.808144859974206,23.8567610482436,23.5233917646605,23.662296295166016,88100,0.0,0.0,0.0
2009-06-22 00:00:00-04:00,23.398379766751912,23.398379766751912,22.72469711303711,22.72469711303711,111000,0.0,0.0,0.0
2009-06-23 00:00:00-04:00,22.808044144084075,22.89138582870508,22.46772807035637,22.70386505126953,86100,0.0,0.0,0.0
2009-06-24 00:00:00-04:00,22.926115110485192,23.23864979135569,22.82193864978491,22.981678009033203,117600,0.0,0.0,0.0
2009-06-25 00:00:00-04:00,22.863602150302075,23.55812230285391,22.821932636754806,23.51645278930664,140900,0.0,0.0,0.0
2009-06-26 00:00:00-04:00,23.433113922631872,23.572015850290306,23.356716272789065,23.48867416381836,120300,0.0,0.0,0.0
2009-06-29 00:00:00-04:00,23.61369211519407,23.856773180155344,23.433117988277825,23.808156967163086,68300,0.0,0.0,0.0
2009-06-30 00:00:00-04:00,23.856768115231215,23.912331003646,23.41227560545031,23.655359268188477,45100,0.0,0.0,0.0
2009-07-01 00:00:00-04:00,23.815093642624028,24.106790797949387,23.815093642624028,23.93316078186035,51100,0.0,0.0,0.0
2009-07-02 00:00:00-04:00,23.606740790381078,23.655356988366382,23.176136394819704,23.19697380065918,58700,0.0,0.0,0.0
2009-07-06 00:00:00-04:00,22.863602282738988,23.07196044921875,22.703862964652874,23.07196044921875,49400,0.0,0.0,0.0
2009-07-07 00:00:00-04:00,23.162246632524887,23.162246632524887,22.502454589883378,22.53023338317871,328100,0.0,0.0,0.0
2009-07-08 00:00:00-04:00,22.641360528875587,22.65525125268434,22.023237891001667,22.363554000854492,173200,0.0,0.0,0.0
2009-07-09 00:00:00-04:00,22.66219249524154,22.752478204232506,22.412164825516346,22.54412269592285,92700,0.0,0.0,0.0
2009-07-10 00:00:00-04:00,22.426060249854807,22.57885290832533,22.22464873484299,22.516345977783203,116000,0.0,0.0,0.0
2009-07-13 00:00:00-04:00,22.669144809750915,23.10669339156649,22.314940581204493,23.099746704101562,88100,0.0,0.0,0.0
2009-07-14 00:00:00-04:00,23.09280161951037,23.349773406982422,22.981678469572334,23.349773406982422,60200,0.0,0.0,0.0
2009-07-15 00:00:00-04:00,23.801213848125155,24.16236476528402,23.662309241620203,24.11374855041504,40900,0.0,0.0,0.0
2009-07-16 00:00:00-04:00,23.898439949323624,24.516562502731524,23.88454922741303,24.405439376831055,70900,0.0,0.0,0.0
2009-07-17 00:00:00-04:00,24.335984468084913,24.405435416984993,24.18318920124408,24.27347755432129,60100,0.0,0.0,0.0
2009-07-20 00:00:00-04:00,24.544344939794822,24.745756441572595,24.440165845941653,24.711030960083008,71700,0.0,0.0,0.0
2009-07-21 00:00:00-04:00,24.891607396214024,24.9193888437742,24.335991691933845,24.669361114501953,261000,0.0,0.0,0.0
2009-07-22 00:00:00-04:00,24.544350448125485,24.877719914133408,24.461008743969753,24.738815307617188,101300,0.0,0.0,0.0
2009-07-23 00:00:00-04:00,24.752695262283215,25.627792047975003,24.752695262283215,25.52361297607422,80500,0.0,0.0,0.0
2009-07-24 00:00:00-04:00,25.287475228561274,25.780583834332926,25.245803071265616,25.766693115234375,69700,0.0,0.0,0.0
2009-07-27 00:00:00-04:00,25.787536822334474,25.97505760192871,25.66946700582651,25.97505760192871,60700,0.0,0.0,0.0
2009-07-28 00:00:00-04:00,25.8014258522355,25.97505589794534,25.57917960567765,25.884767532348633,39200,0.0,0.0,0.0
2009-07-29 00:00:00-04:00,25.683362869032955,25.73197908280112,25.405556311698437,25.55140495300293,22500,0.0,0.0,0.0
2009-07-30 00:00:00-04:00,25.90560212773977,26.25286221698396,25.90560212773977,26.051450729370117,32900,0.0,0.0,0.0
2009-07-31 00:00:00-04:00,26.002838814880803,26.322320163177658,25.940331882538448,26.20425033569336,55400,0.0,0.0,0.0
2009-08-03 00:00:00-04:00,26.461231103315857,26.773765871339467,26.336217196106414,26.73904037475586,105500,0.0,0.0,0.0
2009-08-04 00:00:00-04:00,26.662619926520943,27.169619162015323,26.57927827600519,27.100168228149414,69100,0.0,0.0,0.0
2009-08-05 00:00:00-04:00,27.15574041126145,27.1904685428803,26.73208528898688,27.114070892333984,65100,0.0,0.0,0.0
2009-08-06 00:00:00-04:00,27.197413302710288,27.336317884725528,26.787646242926822,26.89876937866211,63600,0.0,0.0,0.0
2009-08-07 00:00:00-04:00,27.322416732074906,27.836362694532525,27.134896015342402,27.641895294189453,74800,0.0,0.0,0.0
2009-08-10 00:00:00-04:00,27.52383571942192,27.579395956635057,27.266861342985372,27.426603317260742,57900,0.0,0.0,0.0
2009-08-11 00:00:00-04:00,27.336306707494025,27.364088142414747,26.86403291137559,26.995990753173828,59400,0.0,0.0,0.0
2009-08-12 00:00:00-04:00,27.002948677435274,27.634962013368405,27.002948677435274,27.440494537353516,57500,0.0,0.0,0.0
2009-08-13 00:00:00-04:00,27.648852713648072,27.739138440574564,27.287701857788438,27.718303680419922,44500,0.0,0.0,0.0
2009-08-14 00:00:00-04:00,27.704412980197933,27.739138463612697,27.15574133433715,27.440494537353516,52500,0.0,0.0,0.0
2009-08-17 00:00:00-04:00,26.877933724400673,26.877933724400673,26.4890014375749,26.509836196899414,55600,0.0,0.0,0.0
2009-08-18 00:00:00-04:00,26.634842886998808,26.94043340494002,26.544557187955938,26.884870529174805,59100,0.0,0.0,0.0
2009-08-19 00:00:00-04:00,26.565395810290482,27.13490212290023,26.488998169679693,27.079341888427734,48900,0.0,0.0,0.0
2009-08-20 00:00:00-04:00,27.05851199987325,27.41271885940711,26.891828600762494,27.37799072265625,49400,0.0,0.0,0.0
2009-08-21 00:00:00-04:00,27.739131969508257,28.100282741117578,27.641899578956505,28.01694107055664,161900,0.0,0.0,0.0
2009-08-24 00:00:00-04:00,28.26697022931948,28.34336786862483,27.836368484325043,27.919710159301758,94700,0.0,0.0,0.0
2009-08-25 00:00:00-04:00,28.100280761718754,28.419759350851393,28.030829816040786,28.10028076171875,79000,0.0,0.0,0.0
2009-08-26 00:00:00-04:00,28.051672478975494,28.239193264437578,27.829426210883653,28.065563201904297,38200,0.0,0.0,0.0
2009-08-27 00:00:00-04:00,28.11417360290893,28.239187434072846,27.621064962975684,28.14889907836914,56400,0.0,0.0,0.0
2009-08-28 00:00:00-04:00,28.51699605267454,28.51699605267454,28.009996701282674,28.27391242980957,96000,0.0,0.0,0.0
2009-08-31 00:00:00-04:00,27.891931739995815,28.037780349354072,27.773864575101328,27.940547943115234,335100,0.0,0.0,0.0
2009-09-01 00:00:00-04:00,27.732189706530203,28.218354339743,27.086285757290245,27.107120513916016,59300,0.0,0.0,0.0
2009-09-02 00:00:00-04:00,27.058501957875894,27.155734346169595,26.815420987141643,26.870981216430664,41700,0.0,0.0,0.0
2009-09-03 00:00:00-04:00,27.114067498401,27.232134653096033,26.78069814178756,27.211299896240234,244600,0.0,0.0,0.0
2009-09-04 00:00:00-04:00,27.280752479689394,27.66274070739746,27.08628767240841,27.66274070739746,62000,0.0,0.0,0.0
2009-09-08 00:00:00-04:00,27.961380592078903,28.058615640365705,27.85720415727644,28.030834197998047,134700,0.0,0.0,0.0
2009-09-09 00:00:00-04:00,28.12806924346244,28.517001525051672,27.94749514985084,28.447547912597656,65700,0.0,0.0,0.0
2009-09-10 00:00:00-04:00,28.447535746905064,28.82952117919922,28.22528958086544,28.82952117919922,42600,0.0,0.0,0.0
2009-09-11 00:00:00-04:00,28.898974761951152,29.044823311655293,28.655891196394304,28.82952117919922,59700,0.0,0.0,0.0
2009-09-14 00:00:00-04:00,28.537825885560974,29.197620391845703,28.537825885560974,29.197620391845703,44000,0.0,0.0,0.0
2009-09-15 00:00:00-04:00,29.25318706145363,29.787967878157644,29.13511991134985,29.69767951965332,1600600,0.0,0.0,0.0
2009-09-16 00:00:00-04:00,29.69073900464482,30.336643012486086,29.676848282505997,30.288026809692383,147400,0.0,0.0,0.0
2009-09-17 00:00:00-04:00,30.197751876297183,30.55890286443955,29.829656848687986,30.010231018066406,91500,0.0,0.0,0.0
2009-09-18 00:00:00-04:00,30.31580285809564,30.31580285809564,29.857419706639018,30.031049728393555,58000,0.0,0.0,0.0
2009-09-21 00:00:00-04:00,29.774063579239595,29.98241899282746,29.607380308122437,29.871295928955078,102500,0.0,0.0,0.0
2009-09-22 00:00:00-04:00,30.114394563767966,30.260243161526745,30.01021548000646,30.18384552001953,125600,0.0,0.0,0.0
2009-09-23 00:00:00-04:00,30.35053154141373,30.35053154141373,29.746299743652347,29.746299743652344,97300,0.0,0.0,0.0
2009-09-24 00:00:00-04:00,29.86437692444346,29.912993140044076,29.04484264805444,29.15596580505371,126300,0.0,0.0,0.0
2009-09-25 00:00:00-04:00,29.100395813707973,29.260135132856085,28.857312167660197,28.968435287475586,39300,0.0,0.0,0.0
2009-09-28 00:00:00-04:00,29.05178107846152,29.7254638671875,29.044834392844383,29.7254638671875,38000,0.0,0.0,0.0
2009-09-29 00:00:00-04:00,29.767134500662827,29.968545983044674,29.600448496426502,29.746299743652344,101300,0.0,0.0,0.0
2009-09-30 00:00:00-04:00,29.83658556981906,29.8921484545694,29.253188526861294,29.600448608398438,74900,0.0,0.0,0.0
2009-10-01 00:00:00-04:00,29.454605550516558,29.468496274317037,28.565620422363278,28.56562042236328,84800,0.0,0.0,0.0
2009-10-02 00:00:00-04:00,28.16279291271102,28.558669205378656,27.850258300240718,28.225299835205078,128000,0.0,0.0,0.0
2009-10-05 00:00:00-04:00,28.378094210215856,28.97538197274264,28.343368732033078,28.968435287475586,85300,0.0,0.0,0.0
2009-10-06 00:00:00-04:00,29.211526472278834,29.60740285437334,29.04484042484622,29.329593658447266,81000,0.0,0.0,0.0
2009-10-07 00:00:00-04:00,29.33653039926255,29.392090629979744,29.121228212946562,29.37125587463379,73700,0.0,0.0,0.0
2009-10-08 00:00:00-04:00,29.662956450844455,29.961600342197666,29.565724048893966,29.85047721862793,150800,0.0,0.0,0.0
2009-10-09 00:00:00-04:00,29.732398443384163,30.024095535278317,29.732398443384163,30.02409553527832,77100,0.0,0.0,0.0
2009-10-12 00:00:00-04:00,30.156062458960648,30.336639174535843,30.04493934529284,30.149118423461914,60000,0.0,0.0,0.0
2009-10-13 00:00:00-04:00,29.996314102893194,30.107437183050475,29.794905341559083,30.02409553527832,74800,0.0,0.0,0.0
2009-10-14 00:00:00-04:00,30.41997564360275,30.663059234619137,30.274127078623053,30.66305923461914,5517700,0.0,0.0,0.0
2009-10-15 00:00:00-04:00,30.45471538294351,30.767250061035156,30.39915513427433,30.767250061035156,110400,0.0,0.0,0.0
2009-10-16 00:00:00-04:00,30.531103781757228,30.531103781757228,30.20468112755408,30.378311157226562,122800,0.0,0.0,0.0
2009-10-19 00:00:00-04:00,30.454695504166267,30.836683555489277,30.315793648466705,30.73944854736328,68000,0.0,0.0,0.0
2009-10-20 00:00:00-04:00,30.753348129414597,30.753348129414597,30.294964985052022,30.45470428466797,75500,0.0,0.0,0.0
2009-10-21 00:00:00-04:00,30.36442295062607,30.801968754066202,30.100504541848064,30.10744857788086,96000,0.0,0.0,0.0
2009-10-22 00:00:00-04:00,30.100506729905852,30.593615454990154,29.767137339029798,30.489439010620117,78100,0.0,0.0,0.0
2009-10-23 00:00:00-04:00,30.642234721898955,30.642234721898955,29.92687966472384,30.017168045043945,101500,0.0,0.0,0.0
2009-10-26 00:00:00-04:00,30.02410969660374,30.503327709053085,29.496275479241472,29.58656120300293,134000,0.0,0.0,0.0
2009-10-27 00:00:00-04:00,29.66297543760837,29.73242909016071,29.218482658817194,29.25320816040039,173200,0.0,0.0,0.0
2009-10-28 00:00:00-04:00,29.176788960066954,29.197626365165654,28.21140642098681,28.246131896972656,119200,0.0,0.0,0.0
2009-10-29 00:00:00-04:00,28.52393770146359,29.19762298501051,28.52393770146359,29.121225357055664,227300,0.0,0.0,0.0
2009-10-30 00:00:00-04:00,29.010112097395464,29.024002820770246,28.044729342617025,28.176687240600586,383800,0.0,0.0,0.0
2009-11-02 00:00:00-05:00,28.273913337514934,28.69757103294066,27.79469541038864,28.246131896972656,379400,0.0,0.0,0.0
2009-11-03 00:00:00-05:00,28.079457876635463,28.635073625060436,27.954444002066737,28.60729217529297,289500,0.0,0.0,0.0
2009-11-04 00:00:00-05:00,28.836471035935283,29.072607944514747,28.426704125441024,28.461429595947266,433000,0.0,0.0,0.0
2009-11-05 00:00:00-05:00,28.78786044189138,29.13512051320639,28.635065162709864,29.128173828125,167100,0.0,0.0,0.0
2009-11-06 00:00:00-05:00,28.89899459856392,29.280980293057585,28.836487655873313,29.086515426635742,151800,0.0,0.0,0.0
2009-11-09 00:00:00-05:00,29.36430515327575,29.9268673147377,29.36430515327575,29.90603256225586,78700,0.0,0.0,0.0
2009-11-10 00:00:00-05:00,29.843539398690133,30.01022279407148,29.60740238074589,29.8643741607666,165200,0.0,0.0,0.0
2009-11-11 00:00:00-05:00,30.163015580423657,30.343589685148114,29.940769305662215,30.07272720336914,136800,0.0,0.0,0.0
2009-11-12 00:00:00-05:00,30.10744451574338,30.232458342540443,29.586554453883572,29.62128257751465,136000,0.0,0.0,0.0
2009-11-13 00:00:00-05:00,29.767141738563346,30.017169481020172,29.544895445131683,29.8643741607666,265700,0.0,0.0,0.0
2009-11-16 00:00:00-05:00,30.183856878857544,30.621405486177043,30.149131387663807,30.461666107177734,86300,0.0,0.0,0.0
2009-11-17 00:00:00-05:00,30.364419245313258,30.482486389152832,30.1977332576401,30.44081687927246,128700,0.0,0.0,0.0
2009-11-18 00:00:00-05:00,30.406101597495162,30.5102807149649,30.25330891442723,30.426939010620117,93700,0.0,0.0,0.0
2009-11-19 00:00:00-05:00,30.18384364987063,30.18384364987063,29.63517212157206,29.82269287109375,158100,0.0,0.0,0.0
2009-11-20 00:00:00-05:00,29.62821792687464,29.746287683962763,29.496260103666113,29.676834106445312,91300,0.0,0.0,0.0
2009-11-23 00:00:00-05:00,30.128274582030926,30.385246208135282,29.9268631713136,30.02409553527832,87000,0.0,0.0,0.0
2009-11-24 00:00:00-05:00,30.058837164289898,30.058837164289898,29.690742260096464,29.91993522644043,542900,0.0,0.0,0.0
2009-11-25 00:00:00-05:00,30.044944463654264,30.21857452392578,29.95465873986989,30.21857452392578,90700,0.0,0.0,0.0
2009-11-27 00:00:00-05:00,29.114277507513872,29.850469670880965,28.989266343318445,29.54488182067871,47800,0.0,0.0,0.0
2009-11-30 00:00:00-05:00,29.49629066693006,29.80882281675521,29.412946287549918,29.781044006347656,100100,0.0,0.0,0.0
2009-12-01 00:00:00-05:00,30.086613121513675,30.301915324908176,30.003271444134967,30.18384552001953,92200,0.0,0.0,0.0
2009-12-02 00:00:00-05:00,30.16301147642479,30.517215600699917,30.16301147642479,30.385257720947266,53900,0.0,0.0,0.0
2009-12-03 00:00:00-05:00,30.52416643925715,30.71863126732727,30.03105768271673,30.07272720336914,57500,0.0,0.0,0.0
2009-12-04 00:00:00-05:00,30.551944853372127,30.73946297646414,29.996326572234434,30.40609359741211,168900,0.0,0.0,0.0
2009-12-07 00:00:00-05:00,30.350534644138094,30.61445307391583,30.267192958192016,30.399150848388672,84000,0.0,0.0,0.0
2009-12-08 00:00:00-05:00,30.232460885851207,30.32274924599658,29.940763698374894,30.128284454345703,533100,0.0,0.0,0.0
2009-12-09 00:00:00-05:00,30.093559309067157,30.23940790441382,29.912982586784906,30.169954299926758,329700,0.0,0.0,0.0
2009-12-10 00:00:00-05:00,30.385261750155514,30.433877957005,30.225522406309416,30.294973373413086,157300,0.0,0.0,0.0
2009-12-11 00:00:00-05:00,30.454711783853575,30.600563049316406,30.308863167775236,30.600563049316406,143500,0.0,0.0,0.0
2009-12-14 00:00:00-05:00,30.753348353896552,31.02421076171742,30.683897405516174,31.003376007080078,352500,0.0,0.0,0.0
2009-12-15 00:00:00-05:00,30.885304176427006,31.00337130062729,30.732508933924564,30.80890655517578,141200,0.0,0.0,0.0
2009-12-16 00:00:00-05:00,30.92697937195034,31.16311631319891,30.92697937195034,31.031158447265625,109400,0.0,0.0,0.0
2009-12-17 00:00:00-05:00,30.850587106081285,30.9200407181743,30.656122290989654,30.711685180664062,164400,0.0,0.0,0.0
2009-12-18 00:00:00-05:00,30.80197230713053,30.885316645443332,30.517219108023102,30.836700439453125,273500,0.0,0.0,0.0
2009-12-21 00:00:00-05:00,30.989486023898472,31.246460367656567,30.989486023898472,31.204788208007812,73900,0.0,0.0,0.0
2009-12-22 00:00:00-05:00,31.295078909858958,31.4617622621883,31.239516026159762,31.440927505493164,104900,0.0,0.0,0.0
2009-12-23 00:00:00-05:00,31.572876703665013,31.67010907403407,31.433972181973477,31.63538360595703,230400,0.0,0.0,0.0
2009-12-24 00:00:00-05:00,31.67287650902345,31.863847732543945,31.67287650902345,31.863847732543945,53400,0.823,0.0,0.0
2009-12-28 00:00:00-05:00,31.962875774719592,32.02653286222329,31.736540063180765,31.842636108398438,70400,0.0,0.0,0.0
2009-12-29 00:00:00-05:00,31.885072477032324,31.93458324127774,31.757758312362878,31.778976440429688,209000,0.0,0.0,0.0
2009-12-30 00:00:00-05:00,31.701175876831847,31.75068664550781,31.588008020124718,31.750686645507812,155800,0.0,0.0,0.0
2009-12-31 00:00:00-05:00,31.83556406679987,31.83556406679987,31.368746288308323,31.382892608642578,128200,0.0,0.0,0.0
2010-01-04 00:00:00-05:00,31.687029294915057,31.89921868721589,31.630446716097605,31.842636108398438,143700,0.0,0.0,0.0
2010-01-05 00:00:00-05:00,31.84969878367013,31.948720291799738,31.715312836656196,31.941648483276367,156100,0.0,0.0,0.0
2010-01-06 00:00:00-05:00,31.927505834073077,32.17506233095575,31.927505834073077,32.16798782348633,172600,0.0,0.0,0.0
2010-01-07 00:00:00-05:00,32.12554857712705,32.42261583102282,31.984090806650418,32.401397705078125,84800,0.0,0.0,0.0
2010-01-08 00:00:00-05:00,32.31651703917271,32.50748825073242,32.25285996865281,32.50748825073242,70400,0.0,0.0,0.0
2010-01-11 00:00:00-05:00,32.67018313591277,32.67018313591277,32.3801902695154,32.535797119140625,54300,0.0,0.0,0.0
2010-01-12 00:00:00-05:00,32.3731029582668,32.3731029582668,32.00530684314411,32.153839111328125,41000,0.0,0.0,0.0
2010-01-13 00:00:00-05:00,32.25994838282807,32.578233872641576,32.040684445815444,32.57115936279297,75100,0.0,0.0,0.0
2010-01-14 00:00:00-05:00,32.5357955929766,32.71969238088793,32.486284815533736,32.691402435302734,67300,0.0,0.0,0.0
2010-01-15 00:00:00-05:00,32.69140469785008,32.69140469785008,32.1821478681811,32.3236083984375,66200,0.0,0.0,0.0
2010-01-19 00:00:00-05:00,32.39432615352679,32.78334045410156,32.29530462590422,32.78334045410156,55200,0.0,0.0,0.0
2010-01-20 00:00:00-05:00,32.52871464674511,32.52871464674511,32.18213660383246,32.51456832885742,77100,0.0,0.0,0.0
2010-01-21 00:00:00-05:00,32.585291241408235,32.740898011487765,32.02652392897151,32.04774475097656,133900,0.0,0.0,0.0
2010-01-22 00:00:00-05:00,32.01237888897533,32.033599711825765,31.2343504038504,31.28386116027832,141300,0.0,0.0,0.0
2010-01-25 00:00:00-05:00,31.57385335656099,31.651656743385804,31.24142168490361,31.411174774169922,98400,0.0,0.0,0.0
2010-01-26 00:00:00-05:00,31.368742392027485,31.63044523850327,31.234356412746088,31.248502731323242,80300,0.0,0.0,0.0
2010-01-27 00:00:00-05:00,31.276779604428654,31.389947397872945,30.838252043965635,31.37580108642578,112300,0.0,0.0,0.0
2010-01-28 00:00:00-05:00,31.489000417360742,31.51021855671579,30.85950376722755,31.02218246459961,117300,0.0,0.0,0.0
2010-01-29 00:00:00-05:00,31.16362456241527,31.389960241915144,30.548271904274227,30.668514251708984,96600,0.0,0.0,0.0
2010-02-01 00:00:00-05:00,30.68267202364109,31.14241536382654,30.68267202364109,31.135343551635742,180700,0.0,0.0,0.0
2010-02-02 00:00:00-05:00,31.248505516883668,31.70825146815362,31.09997320578462,31.69410514831543,72400,0.0,0.0,0.0
2010-02-03 00:00:00-05:00,31.496056491918505,31.595078023606742,31.29801342854203,31.389963150024414,75600,0.0,0.0,0.0
2010-02-04 00:00:00-05:00,31.149478961452477,31.149478961452477,30.314865112304684,30.314865112304688,121600,0.0,0.0,0.0
2010-02-05 00:00:00-05:00,30.357301266574005,30.39974021911621,29.706586849731902,30.39974021911621,134600,0.0,0.0,0.0
2010-02-08 00:00:00-05:00,30.470471966690546,30.661440508797824,30.173404693603516,30.173404693603516,50500,0.0,0.0,0.0
2010-02-09 00:00:00-05:00,30.597801523312356,30.824140040441424,30.279518632821418,30.562437057495117,61100,0.0,0.0,0.0
2010-02-10 00:00:00-05:00,30.548278055280573,30.78876010043789,30.244138918812943,30.626081466674805,59400,0.0,0.0,0.0
2010-02-11 00:00:00-05:00,30.548266496233463,31.000940473229274,30.392662430458127,30.993865966796875,85800,0.0,0.0,0.0
2010-02-12 00:00:00-05:00,30.59778072760783,31.029233932495117,30.484612895025425,31.029233932495117,56300,0.0,0.0,0.0
2010-02-16 00:00:00-05:00,31.34752261262096,31.64458989083033,31.213136640415676,31.630443572998047,83600,0.0,0.0,0.0
2010-02-17 00:00:00-05:00,31.82848211459524,31.863846555095794,31.658729022805165,31.786043167114258,93500,0.0,0.0,0.0
2010-02-18 00:00:00-05:00,31.786036777763396,32.08310395414872,31.75774684992986,32.061885833740234,78100,0.0,0.0,0.0
2010-02-19 00:00:00-05:00,32.03360997118092,32.28116383260423,31.9133675969648,32.23872756958008,174300,0.0,0.0,0.0
2010-02-22 00:00:00-05:00,32.39431941720303,32.408465732226595,32.182130088116914,32.25993347167969,86600,0.0,0.0,0.0
2010-02-23 00:00:00-05:00,32.16799733235156,32.16799733235156,31.708254041899064,31.75776481628418,154000,0.0,0.0,0.0
2010-02-24 00:00:00-05:00,31.863848948479454,32.019455736130595,31.69409854207281,31.99823760986328,122900,0.0,0.0,0.0
2010-02-25 00:00:00-05:00,31.53848819299537,32.06896287484786,31.46775931466854,32.04774475097656,122200,0.0,0.0,0.0
2010-02-26 00:00:00-05:00,32.02652018966207,32.17505513381998,31.877987943637606,32.12554168701172,60300,0.0,0.0,0.0
2010-03-01 00:00:00-05:00,32.245804252743255,32.56408976418796,32.21043979550165,32.535797119140625,124800,0.0,0.0,0.0
2010-03-02 00:00:00-05:00,32.67725454110274,32.83285867780662,32.61359744486278,32.73383712768555,150000,0.0,0.0,0.0
2010-03-03 00:00:00-05:00,32.79749182726127,32.93188051957794,32.663105833079285,32.719688415527344,88100,0.0,0.0,0.0
2010-03-04 00:00:00-05:00,32.7904100660479,32.86113894717905,32.64187779679216,32.818702697753906,179600,0.0,0.0,0.0
2010-03-05 00:00:00-05:00,33.052114517881975,33.34918179365939,32.95309299200091,33.32796096801758,188100,0.0,0.0,0.0
2010-03-08 00:00:00-05:00,33.28552889566409,33.46942565281823,33.28552889566409,33.42698669433594,109000,0.0,0.0,0.0
2010-03-09 00:00:00-05:00,33.31380981954984,33.58258442091999,33.257227255023075,33.441123962402344,77800,0.0,0.0,0.0
2010-03-10 00:00:00-05:00,33.4623513109197,33.731123266572936,33.4411304842165,33.69575881958008,120800,0.0,0.0,0.0
2010-03-11 00:00:00-05:00,33.58259706259032,33.87966440711736,33.45528287181228,33.85137176513672,72000,0.0,0.0,0.0
2010-03-12 00:00:00-05:00,34.0352516402513,34.04232614630077,33.78769789118997,33.89379119873047,86000,0.0,0.0,0.0
2010-03-15 00:00:00-04:00,33.87966422528795,33.87966422528795,33.533086108222264,33.80186080932617,111800,0.0,0.0,0.0
2010-03-16 00:00:00-04:00,33.91503062377001,34.275752384305164,33.851373525071445,34.268680572509766,113200,0.0,0.0,0.0
2010-03-17 00:00:00-04:00,34.41720194048741,34.707194698156975,34.37476298882816,34.55866241455078,134500,0.0,0.0,0.0
2010-03-18 00:00:00-04:00,34.59402607481135,34.59402607481135,34.282815197429656,34.360618591308594,164100,0.0,0.0,0.0
2010-03-19 00:00:00-04:00,34.07769775390625,34.4667120263577,33.95745540896144,34.07769775390625,60900,0.0,0.0,0.0
2010-03-22 00:00:00-04:00,33.84428197992486,34.3889029506302,33.773553105031645,34.353538513183594,69300,0.0,0.0,0.0
2010-03-23 00:00:00-04:00,34.43278534017515,34.65917968095995,34.319589519183374,34.652103424072266,72000,0.012,0.0,0.0
2010-03-24 00:00:00-04:00,34.531830431909235,34.63087642756364,34.43985799360115,34.48230743408203,98200,0.0,0.0,0.0
2010-03-25 00:00:00-04:00,34.6945638577681,34.78653363602755,34.2134807914798,34.22055435180664,128000,0.0,0.0,0.0
2010-03-26 00:00:00-04:00,34.298366046819,34.54598375994745,34.07197440549092,34.26299285888672,80700,0.0,0.0,0.0
2010-03-29 00:00:00-04:00,34.425720090956474,34.55306575765807,34.347897439216396,34.510616302490234,63000,0.0,0.0,0.0
2010-03-30 00:00:00-04:00,34.53183696071366,34.645032791263205,34.34081849063603,34.48938751220703,84500,0.0,0.0,0.0
2010-03-31 00:00:00-04:00,34.37619400024414,34.616735493736016,34.31252117259036,34.37619400024414,73000,0.0,0.0,0.0
2010-04-01 00:00:00-04:00,34.68746728439999,34.81481288612176,34.50352513680219,34.71576690673828,79300,0.0,0.0,0.0
2010-04-05 00:00:00-04:00,34.87849497247337,35.23223224947371,34.821898411529965,35.22515869140625,945500,0.0,0.0,0.0
2010-04-06 00:00:00-04:00,35.12611725508497,35.52230132963072,35.10489118051888,35.4727783203125,148600,0.0,0.0,0.0
2010-04-07 00:00:00-04:00,35.44447083238196,35.44447083238196,34.970464220002555,35.168556213378906,103300,0.0,0.0,0.0
2010-04-08 00:00:00-04:00,35.019990423033754,35.24638206440987,34.836048226466126,35.22515869140625,54200,0.0,0.0,0.0
2010-04-09 00:00:00-04:00,35.26761112930618,35.46570587158203,35.19686474200875,35.46570587158203,97700,0.0,0.0,0.0
2010-04-12 00:00:00-04:00,35.54352187436409,35.61426824844014,35.45154942902428,35.53644561767578,71500,0.0,0.0,0.0
2010-04-13 00:00:00-04:00,35.44447477035588,35.59304648069585,35.28883220061117,35.55767059326172,42900,0.0,0.0,0.0
2010-04-14 00:00:00-04:00,35.71330510750649,36.01044573990755,35.64255875154459,35.99629592895508,98600,0.0,0.0,0.0
2010-04-15 00:00:00-04:00,35.98215544806365,36.07412789370268,35.88310944451447,35.93263244628906,132200,0.0,0.0,0.0
2010-04-16 00:00:00-04:00,35.883110137687375,35.90433351062899,35.13318614106934,35.310054779052734,180500,0.0,0.0,0.0
2010-04-19 00:00:00-04:00,35.239308901786686,35.444474473660236,34.871421805721866,35.345428466796875,89200,0.0,0.0,0.0
2010-04-20 00:00:00-04:00,35.571818920444265,35.93263244628906,35.508146104048194,35.93263244628906,42600,0.0,0.0,0.0
2010-04-21 00:00:00-04:00,36.00337972490243,36.15194873395785,35.854810715847016,36.09535217285156,39900,0.0,0.0,0.0
2010-04-22 00:00:00-04:00,35.80528564713272,36.533983534193794,35.69916339032916,36.512760162353516,98600,0.0,0.0,0.0
2010-04-23 00:00:00-04:00,36.59766293451692,36.90895080566406,36.4773935407106,36.90895080566406,93400,0.0,0.0,0.0
2010-04-26 00:00:00-04:00,36.972608496098935,37.092880539471494,36.71791999604033,36.7320671081543,66100,0.0,0.0,0.0
2010-04-27 00:00:00-04:00,36.54813659326947,36.62595922866139,35.557671104501736,35.60719680786133,133000,0.0,0.0,0.0
2010-04-28 00:00:00-04:00,35.85481643676758,36.038758663214026,35.55060211322786,35.85481643676758,79200,0.0,0.0,0.0
2010-04-29 00:00:00-04:00,36.109489746586775,36.51274989091705,36.08119012622667,36.41370391845703,107000,0.0,0.0,0.0
2010-04-30 00:00:00-04:00,36.46325247997584,36.512775500941245,35.72747802734375,35.72747802734375,83800,0.0,0.0,0.0
2010-05-03 00:00:00-04:00,35.8901810212694,36.314667340078415,35.8901810212694,36.2580680847168,75600,0.0,0.0,0.0
2010-05-04 00:00:00-04:00,35.7840625000902,35.84065905828684,35.111961166648044,35.28175354003906,109700,0.0,0.0,0.0
2010-05-05 00:00:00-04:00,35.00583496258884,35.40202162050332,34.60257474774769,34.89263916015625,120800,0.0,0.0,0.0
2010-05-06 00:00:00-04:00,34.772373323674536,35.041211694938134,25.087045532912448,33.633338928222656,286400,0.0,0.0,0.0
2010-05-07 00:00:00-04:00,33.350346579510145,33.9304754376256,32.487226849669646,32.95416259765625,185400,0.0,0.0,0.0
2010-05-10 00:00:00-04:00,34.545978876216914,36.16609332441178,33.661635808922405,34.75822067260742,118800,0.0,0.0,0.0
2010-05-11 00:00:00-04:00,34.362047021777464,35.225167045986446,34.241777614496876,34.69456100463867,157100,0.0,0.0,0.0
2010-05-12 00:00:00-04:00,35.04121518371111,35.465701552202425,34.94924543118581,35.42325210571289,95300,0.0,0.0,0.0
2010-05-13 00:00:00-04:00,35.35957980481117,35.51522507875789,34.93509612888554,34.977542877197266,122400,0.0,0.0,0.0
2010-05-14 00:00:00-04:00,34.73700023324455,34.73700023324455,33.88803291009989,34.12857437133789,108300,0.0,0.0,0.0
2010-05-17 00:00:00-04:00,34.32666567011123,34.468161120614496,33.449396036032006,34.255916595458984,164300,0.0,0.0,0.0
2010-05-18 00:00:00-04:00,34.630886870369125,34.72285933641113,33.53430163255147,33.61212158203125,465300,0.0,0.0,0.0
2010-05-19 00:00:00-04:00,33.35741916005174,33.8243521577869,32.784363922412865,33.34326934814453,245200,0.0,0.0,0.0
2010-05-20 00:00:00-04:00,32.55089500710633,32.6004206965584,31.79389763708994,31.800973892211914,285600,0.0,0.0,0.0
2010-05-21 00:00:00-04:00,31.277447723763462,32.50137831333536,31.107655351148306,32.40940856933594,265700,0.0,0.0,0.0
2010-05-24 00:00:00-04:00,32.31743822433002,32.60750268694396,31.97785075825525,31.98492431640625,132900,0.0,0.0,0.0
2010-05-25 00:00:00-04:00,31.065220896047176,32.02031087449476,30.775156312319936,31.992013931274414,256200,0.0,0.0,0.0
2010-05-26 00:00:00-04:00,32.154710032032305,32.69946561021288,31.935392010021786,32.048587799072266,208700,0.0,0.0,0.0
2010-05-27 00:00:00-04:00,32.98246660988386,33.39280319213867,32.61457947714553,33.39280319213867,119100,0.0,0.0,0.0
2010-05-28 00:00:00-04:00,33.30789368178987,33.44938639270008,32.84803427493031,33.067352294921875,77700,0.0,0.0,0.0
2010-06-01 00:00:00-04:00,32.64995742848483,33.10274079003164,32.19009780883789,32.19009780883789,196300,0.0,0.0,0.0
2010-06-02 00:00:00-04:00,32.48723257706447,33.10273742675781,32.23254398617231,33.10273742675781,73200,0.0,0.0,0.0
2010-06-03 00:00:00-04:00,33.26545924653058,33.38572864478623,32.93294528862104,33.32205581665039,63900,0.0,0.0,0.0
2010-06-04 00:00:00-04:00,32.48014408447978,32.86218084336397,31.836342597678733,31.935388565063477,421800,0.0,0.0,0.0
2010-06-07 00:00:00-04:00,32.09105429674273,32.154727130617296,31.355279927259286,31.362356185913086,163400,0.0,0.0,0.0
2010-06-08 00:00:00-04:00,31.482610244583604,31.680702209472656,30.959078010347476,31.680702209472656,118800,0.0,0.0,0.0
2010-06-09 00:00:00-04:00,31.942469675991028,32.48014902303299,31.58165622702813,31.680702209472656,147000,0.0,0.0,0.0
2010-06-10 00:00:00-04:00,32.38819768237039,32.81268421051141,32.26792825361864,32.79145812988281,81700,0.0,0.0,0.0
2010-06-11 00:00:00-04:00,32.5013909671337,33.08859633981435,32.458944206854625,33.081520080566406,153500,0.0,0.0,0.0
2010-06-14 00:00:00-04:00,33.44232530990333,33.6474935955669,33.11688763534825,33.23008346557617,135200,0.0,0.0,0.0
2010-06-15 00:00:00-04:00,33.50599766849031,34.0790503703476,33.36450220796701,34.05782699584961,55300,0.0,0.0,0.0
2010-06-16 00:00:00-04:00,33.895125231872704,34.12151700321006,33.68995684572236,33.90927505493164,306100,0.0,0.0,0.0
2010-06-17 00:00:00-04:00,34.10735727966879,34.10735727966879,33.569677653517736,33.937564849853516,59300,0.0,0.0,0.0
2010-06-18 00:00:00-04:00,34.01537935214891,34.01537935214891,33.74653825410609,33.89510726928711,70300,0.0,0.0,0.0
2010-06-21 00:00:00-04:00,34.3903374639993,34.411560836362476,33.5555172995664,33.70408630371094,109500,0.0,0.0,0.0
2010-06-22 00:00:00-04:00,33.71116007589962,33.86680262642752,32.9117131572572,32.95416259765625,444100,0.0,0.0,0.0
2010-06-23 00:00:00-04:00,32.90463809153579,33.06735960288519,32.54382728089399,32.84804153442383,60300,0.0,0.0,0.0
2010-06-24 00:00:00-04:00,32.642875059083785,32.73484750555471,32.2113151550293,32.2113151550293,60700,0.0,0.0,0.0
2010-06-25 00:00:00-04:00,32.374028697719766,32.66409310578454,32.105190357718804,32.57919692993164,52400,0.0,0.0,0.0
2010-06-28 00:00:00-04:00,32.62872656587775,32.74192238965698,32.39526136005866,32.50845718383789,112900,0.0,0.0,0.0
2010-06-29 00:00:00-04:00,32.0273692457766,32.0273692457766,31.143026167526084,31.31281852722168,116700,0.0,0.0,0.0
2010-06-30 00:00:00-04:00,31.27037377840152,31.68778384587389,30.952009710193604,30.99445915222168,116100,0.0,0.0,0.0
2010-07-01 00:00:00-04:00,30.93785876326085,31.07227794322582,30.166711470196585,30.760990142822266,227100,0.0,0.0,0.0
2010-07-02 00:00:00-04:00,30.909568454952527,30.987391103215774,30.407262069182924,30.54168128967285,94800,0.0,0.0,0.0
2010-07-06 00:00:00-04:00,31.022760124850464,31.270377854086387,30.315285524978833,30.57705307006836,87100,0.0,0.0,0.0
2010-07-07 00:00:00-04:00,30.63364568613217,31.758530262887188,30.562899314784485,31.709007263183594,68700,0.0,0.0,0.0
2010-07-08 00:00:00-04:00,32.03445163585733,32.13349765612342,31.67364074791637,32.020301818847656,79200,0.0,0.0,0.0
2010-07-09 00:00:00-04:00,32.06274913436627,32.444786071777344,31.984926495397186,32.444786071777344,65400,0.0,0.0,0.0
2010-07-12 00:00:00-04:00,32.30329403009087,32.47308914207372,32.055678969701034,32.31744384765625,92700,0.0,0.0,0.0
2010-07-13 00:00:00-04:00,32.72070498372715,33.07444233490258,32.63580877510955,32.961246490478516,79500,0.0,0.0,0.0
2010-07-14 00:00:00-04:00,32.8905013275367,32.99662091756959,32.58628697826564,32.86220169067383,166800,0.0,0.0,0.0
2010-07-15 00:00:00-04:00,32.88342457208041,32.89050083059017,32.317445337384044,32.81975173950195,113500,0.0,0.0,0.0
2010-07-16 00:00:00-04:00,32.557978040035,32.63580066977408,31.680708439523347,31.72315788269043,204000,0.0,0.0,0.0
2010-07-19 00:00:00-04:00,31.836355808868753,32.126420276064174,31.546291341673335,32.027374267578125,43700,0.0,0.0,0.0
2010-07-20 00:00:00-04:00,31.53214532939862,32.48723503933631,31.48262231918269,32.42356491088867,37100,0.0,0.0,0.0
2010-07-21 00:00:00-04:00,32.7136164049574,32.74898958407432,31.822197177927706,31.8858699798584,36500,0.0,0.0,0.0
2010-07-22 00:00:00-04:00,32.30328484384129,32.87634014766879,32.30328484384129,32.77021789550781,128200,0.0,0.0,0.0
2010-07-23 00:00:00-04:00,32.75607466469087,33.18763461863119,32.607505640849574,33.173484802246094,74500,0.0,0.0,0.0
2010-07-26 00:00:00-04:00,33.32205198907168,33.810211181640625,33.166409415019025,33.810211181640625,138500,0.0,0.0,0.0
2010-07-27 00:00:00-04:00,34.02247188039355,34.036621703843345,33.5343151159887,33.67580795288086,100100,0.0,0.0,0.0
2010-07-28 00:00:00-04:00,33.668719092050736,33.67579265116009,33.1734862915451,33.28668212890625,77100,0.0,0.0,0.0
2010-07-29 00:00:00-04:00,33.5555086159524,33.5555086159524,32.74898828925204,33.06027603149414,42300,0.0,0.0,0.0
2010-07-30 00:00:00-04:00,32.59336344574196,33.20886575900794,32.508467226381654,33.081520080566406,100300,0.0,0.0,0.0
2010-08-02 00:00:00-04:00,33.64041229065261,33.83143073152686,33.4210969205682,33.803131103515625,408700,0.0,0.0,0.0
2010-08-03 00:00:00-04:00,33.6191931374797,33.725312707635794,33.37157540951265,33.45647430419922,440100,0.0,0.0,0.0
2010-08-04 00:00:00-04:00,33.555538501761944,33.70410759978044,33.44941617528995,33.67580795288086,296300,0.0,0.0,0.0
2010-08-05 00:00:00-04:00,33.49185819639925,33.661653341228124,33.4281853544387,33.59798049926758,127700,0.0,0.0,0.0
2010-08-06 00:00:00-04:00,33.19470774596334,33.59797076069343,33.053214981554454,33.5272216796875,133700,0.0,0.0,0.0
2010-08-09 00:00:00-04:00,33.85265520705852,33.85265520705852,33.56259075748711,33.78898239135742,56800,0.0,0.0,0.0
2010-08-10 00:00:00-04:00,33.41402766746664,33.6121197074616,33.17348617655777,33.371578216552734,219800,0.0,0.0,0.0
2010-08-11 00:00:00-04:00,32.727777761845374,32.73485402002893,32.26792083557828,32.31744384765625,100000,0.0,0.0,0.0
2010-08-12 00:00:00-04:00,31.65948875396803,32.19716826935608,31.5179932924023,32.0556755065918,107200,0.0,0.0,0.0
2010-08-13 00:00:00-04:00,31.93540561559125,32.23254637519114,31.93540561559125,32.020301818847656,152400,0.0,0.0,0.0
2010-08-16 00:00:00-04:00,31.758536951172776,32.11935053791538,31.687790564926043,32.020301818847656,121500,0.0,0.0,0.0
2010-08-17 00:00:00-04:00,32.24669503590252,32.74192511947503,32.21839540289793,32.52260971069336,62700,0.0,0.0,0.0
2010-08-18 00:00:00-04:00,32.52969125447599,32.8197558169701,32.30329953247094,32.642887115478516,57500,0.0,0.0,0.0
2010-08-19 00:00:00-04:00,32.466007747502616,32.52260700880968,31.892955070175823,32.027374267578125,91300,0.0,0.0,0.0
2010-08-20 00:00:00-04:00,31.822201789447245,31.928324040977312,31.609959985188073,31.9000244140625,90800,0.0,0.0,0.0
2010-08-23 00:00:00-04:00,32.0768943315539,32.20423995902059,31.709007263183594,31.709007263183594,86000,0.0,0.0,0.0
2010-08-24 00:00:00-04:00,31.326970849353692,31.503839479169468,30.980309846243397,31.26329803466797,126200,0.0,0.0,0.0
2010-08-25 00:00:00-04:00,31.051056036781162,31.532138922966425,30.87418740800132,31.447242736816406,138600,0.0,0.0,0.0
2010-08-26 00:00:00-04:00,31.631181553839788,31.73730379932372,31.192548156854446,31.2420711517334,124700,0.0,0.0,0.0
2010-08-27 00:00:00-04:00,31.553365293659716,31.91417884199121,30.994462424685686,31.907102584838867,81700,0.0,0.0,0.0
2010-08-30 00:00:00-04:00,31.82928215828855,31.9141783512016,31.37649616554923,31.39064598083496,139100,0.0,0.0,0.0
2010-08-31 00:00:00-04:00,31.30573947896877,31.617027216344038,31.107647527802733,31.383562088012695,151800,0.0,0.0,0.0
2010-09-01 00:00:00-04:00,31.871730665660735,32.45893588784458,31.83635747489337,32.444786071777344,133400,0.0,0.0,0.0
2010-09-02 00:00:00-04:00,32.49431998910624,32.833907592337624,32.42357358381725,32.79145812988281,176200,0.0,0.0,0.0
2010-09-03 00:00:00-04:00,33.2300741429272,33.35034349807733,32.98953273382623,33.29374694824219,92700,0.0,0.0,0.0
2010-09-07 00:00:00-04:00,33.1734953396444,33.1734953396444,32.71363830566406,32.71363830566406,43400,0.0,0.0,0.0
2010-09-08 00:00:00-04:00,32.80559799558194,33.046139478893586,32.80559799558194,32.90464401245117,54600,0.0,0.0,0.0
2010-09-09 00:00:00-04:00,33.314980987486145,33.314980987486145,32.89757084090751,33.03199005126953,71700,0.0,0.0,0.0
2010-09-10 00:00:00-04:00,33.08858761079689,33.20178343968278,32.975391781911014,33.10273742675781,45700,0.0,0.0,0.0
2010-09-13 00:00:00-04:00,33.498910539676665,33.64040595428027,33.43523773804507,33.61918258666992,79500,0.0,0.0,0.0
2010-09-14 00:00:00-04:00,33.55551037517831,33.73945252823759,33.35741841052976,33.56966018676758,92800,0.0,0.0,0.0
2010-09-15 00:00:00-04:00,33.449392948441194,33.7040841960772,33.322047324623185,33.64748764038086,93800,0.0,0.0,0.0
2010-09-16 00:00:00-04:00,33.55552131208987,33.61919413559447,33.406952290179646,33.5272216796875,72200,0.0,0.0,0.0
2010-09-17 00:00:00-04:00,33.73946292084015,33.73946292084015,33.42817506639357,33.58382034301758,77800,0.0,0.0,0.0
2010-09-20 00:00:00-04:00,33.704094938937075,34.21347759656997,33.59797535113146,34.178104400634766,51100,0.0,0.0,0.0
2010-09-21 00:00:00-04:00,34.12150709862039,34.248852770382854,33.83144255711746,33.937564849853516,132500,0.0,0.0,0.0
2010-09-22 00:00:00-04:00,33.859730556024154,34.03659918391914,33.56258985778401,33.633338928222656,126400,0.0,0.0,0.0
2010-09-23 00:00:00-04:00,33.371566866915416,33.718230517808266,33.251297511765294,33.29374694824219,57900,0.0,0.0,0.0
2010-09-24 00:00:00-04:00,33.6828597786624,34.135643005371094,33.6828597786624,34.135643005371094,39700,0.0,0.0,0.0
2010-09-27 00:00:00-04:00,34.114417595357004,34.17809040148109,33.9375489893235,33.97999572753906,349800,0.0,0.0,0.0
2010-09-28 00:00:00-04:00,34.11443034592711,34.31959595451986,33.640420901215734,34.27714920043945,82700,0.0,0.0,0.0
2010-09-29 00:00:00-04:00,34.20638758602677,34.411555818289294,34.07196841599311,34.284210205078125,87900,0.0,0.0,0.0
2010-09-30 00:00:00-04:00,34.49646462665959,34.75823220456365,34.10028052829973,34.27714920043945,67800,0.0,0.0,0.0
2010-10-01 00:00:00-04:00,34.560132896720575,34.588432528241505,34.192248482154135,34.41864013671875,159300,0.0,0.0,0.0
2010-10-04 00:00:00-04:00,34.3549654036623,34.47523478273226,33.987078310763955,34.1710205078125,75100,0.0,0.0,0.0
2010-10-05 00:00:00-04:00,34.51060231489595,34.9209387854646,34.42570613777171,34.89263916015625,51300,0.0,0.0,0.0
2010-10-06 00:00:00-04:00,34.87848892239081,34.92801191667642,34.62379769532154,34.76529312133789,132900,0.0,0.0,0.0
2010-10-07 00:00:00-04:00,34.949235766035436,34.949235766035436,34.574272506076674,34.78651428222656,70100,0.0,0.0,0.0
2010-10-08 00:00:00-04:00,34.82897167114875,35.11196256984458,34.68040266379399,35.012916564941406,88300,0.0,0.0,0.0
2010-10-11 00:00:00-04:00,35.06244868716823,35.23931737015652,35.03414905017764,35.126121520996094,62600,0.0,0.0,0.0
2010-10-12 00:00:00-04:00,34.99876705003013,35.30298132415453,34.821898411529965,35.22515869140625,70700,0.0,0.0,0.0
2010-10-13 00:00:00-04:00,35.49399185180664,35.67793672008708,35.28882631244886,35.49399185180664,38200,0.0,0.0,0.0
2010-10-14 00:00:00-04:00,35.46570004409452,35.5505962346622,35.12611258302255,35.310054779052734,39100,0.0,0.0,0.0
2010-10-15 00:00:00-04:00,35.69915360556094,35.69915360556094,35.14732449855571,35.402015686035156,111400,0.0,0.0,0.0
2010-10-18 00:00:00-04:00,35.47984085161519,35.62133356703973,35.40909179510236,35.585960388183594,175700,0.0,0.0,0.0
2010-10-19 00:00:00-04:00,35.18270722776695,35.50107129855935,34.913866157008805,35.06951141357422,91300,0.0,0.0,0.0
2010-10-20 00:00:00-04:00,35.18270356437236,35.60718984749634,35.168553751721475,35.4586181640625,40800,0.0,0.0,0.0
2010-10-21 00:00:00-04:00,35.63549394055787,35.81943884321119,35.22516008636442,35.42325210571289,103700,0.0,0.0,0.0
2010-10-22 00:00:00-04:00,35.57182483503971,35.57182483503971,35.416182245926805,35.50815200805664,84000,0.0,0.0,0.0
2010-10-25 00:00:00-04:00,35.74160613261884,35.9609241627919,35.60011071633947,35.62841033935547,37500,0.0,0.0,0.0
2010-10-26 00:00:00-04:00,35.42324548634546,35.60719035462589,35.317123239352824,35.49399185180664,35400,0.0,0.0,0.0
2010-10-27 00:00:00-04:00,35.253460815845976,35.416179650924114,35.083665723398404,35.40910339355469,67100,0.0,0.0,0.0
2010-10-28 00:00:00-04:00,35.58596942249863,35.67086561306631,35.13318614106934,35.310054779052734,743800,0.0,0.0,0.0
2010-10-29 00:00:00-04:00,35.23930281497588,35.50814115894018,35.23930281497588,35.4586181640625,46400,0.0,0.0,0.0
2010-11-01 00:00:00-04:00,35.649638808563694,35.812357615989285,35.22515519778396,35.43739700317383,81100,0.0,0.0,0.0
2010-11-02 00:00:00-04:00,35.74868223458417,35.85480447905066,35.63548643326029,35.812355041503906,54800,0.0,0.0,0.0
2010-11-03 00:00:00-04:00,35.87603981321864,35.89018963045324,35.46570590862194,35.85481643676758,98500,0.0,0.0,0.0
2010-11-04 00:00:00-04:00,36.378331101301896,36.640098563434584,36.236838385209225,36.63302230834961,47000,0.0,0.0,0.0
2010-11-05 00:00:00-04:00,36.682557159021535,36.880651883440684,36.58351114621268,36.7674560546875,74900,0.0,0.0,0.0
2010-11-08 00:00:00-05:00,36.68255886259776,36.746231687903546,36.484466827780444,36.69670867919922,43600,0.0,0.0,0.0
2010-11-09 00:00:00-05:00,36.82405663685515,36.82405663685515,36.088282320292,36.19440460205078,44200,0.0,0.0,0.0
2010-11-10 00:00:00-05:00,36.22269581013578,36.4207878112793,35.90433173772578,36.4207878112793,45200,0.0,0.0,0.0
2010-11-11 00:00:00-05:00,36.031680147128164,36.41371706350062,36.031680147128164,36.34296798706055,25000,0.0,0.0,0.0
2010-11-12 00:00:00-05:00,36.09535247877217,36.222698115842185,35.692092194317546,35.833587646484375,40700,0.0,0.0,0.0
2010-11-15 00:00:00-05:00,36.038754328076614,36.15902641070224,35.78406574489559,35.81943893432617,50300,0.0,0.0,0.0
2010-11-16 00:00:00-05:00,35.55059308529129,35.5647428989326,34.9633879637814,35.168556213378906,65700,0.0,0.0,0.0
2010-11-17 00:00:00-05:00,35.21100606815258,35.394948250049566,35.09781025649266,35.295902252197266,110300,0.0,0.0,0.0
2010-11-18 00:00:00-05:00,35.60720149323064,35.90433955967904,35.60720149323064,35.76284408569336,37900,0.0,0.0,0.0
2010-11-19 00:00:00-05:00,35.66378438151333,35.88310241699219,35.49398933811024,35.88310241699219,52400,0.0,0.0,0.0
2010-11-22 00:00:00-05:00,35.66380052404764,35.96801486952449,35.59305413157473,35.95386505126953,34300,0.0,0.0,0.0
2010-11-23 00:00:00-05:00,35.54352962481872,35.61427601432139,35.37373451168983,35.45155715942383,74000,0.0,0.0,0.0
2010-11-24 00:00:00-05:00,35.74160683750576,36.08119422399315,35.74160683750576,36.05997085571289,37000,0.0,0.0,0.0
2010-11-26 00:00:00-05:00,35.87604522705078,35.98216752292371,35.72747617187036,35.87604522705078,19600,0.0,0.0,0.0
2010-11-29 00:00:00-05:00,35.578889881998734,35.85480447905066,35.37372164872395,35.812355041503906,117500,0.0,0.0,0.0
2010-11-30 00:00:00-05:00,35.43031786145649,35.75575542501382,35.37371861624622,35.585960388183594,58700,0.0,0.0,0.0
2010-12-01 00:00:00-05:00,36.14487058025599,36.3641886363108,36.11657095390036,36.321739196777344,67100,0.0,0.0,0.0
2010-12-02 00:00:00-05:00,36.406644950840494,36.96555057373471,36.406644950840494,36.95140075683594,110500,0.0,0.0,0.0
2010-12-03 00:00:00-05:00,36.81698400836626,37.17779491762548,36.78868437267485,37.14242172241211,82600,0.0,0.0,0.0
2010-12-06 00:00:00-05:00,37.007995998505784,37.17778838521689,36.95847299414826,37.128265380859375,58200,0.0,0.0,0.0
2010-12-07 00:00:00-05:00,37.54568208520844,37.54568208520844,37.13534816289015,37.14242172241211,125000,0.0,0.0,0.0
2010-12-08 00:00:00-05:00,37.23438814635039,37.33343415639465,37.029219869086496,37.163639068603516,47900,0.0,0.0,0.0
2010-12-09 00:00:00-05:00,37.390037659225875,37.44663693192797,37.16364596602125,37.30514144897461,37600,0.0,0.0,0.0
2010-12-10 00:00:00-05:00,37.42540229906106,37.6234942963421,37.354653229459934,37.609344482421875,74500,0.0,0.0,0.0
2010-12-13 00:00:00-05:00,37.79328837818198,37.814514449424586,37.538599812481245,37.54567337036133,74200,0.0,0.0,0.0
2010-12-14 00:00:00-05:00,37.63764914081612,37.729621594189865,37.41833104394071,37.51030349731445,71900,0.0,0.0,0.0
2010-12-15 00:00:00-05:00,37.48907932740998,37.66594797309755,37.24146160416657,37.255611419677734,83900,0.0,0.0,0.0
2010-12-16 00:00:00-05:00,37.312208177102036,37.56689674280276,37.16363647360847,37.54567337036133,58900,0.0,0.0,0.0
2010-12-17 00:00:00-05:00,37.59517774356752,37.729599565893906,37.53150495899182,37.67300033569336,47400,0.0,0.0,0.0
2010-12-20 00:00:00-05:00,37.75084243878177,37.85696200205436,37.630570361844676,37.79328918457031,162800,0.0,0.0,0.0
2010-12-21 00:00:00-05:00,37.98430514357412,38.11165077018273,37.89233540120206,38.09042739868164,73100,0.0,0.0,0.0
2010-12-22 00:00:00-05:00,38.18947481058339,38.3451200708203,38.11872843709452,38.28852081298828,53700,0.0,0.0,0.0
2010-12-23 00:00:00-05:00,38.267300857376725,38.30267404727943,38.125805398964474,38.16117858886719,49400,0.0,0.0,0.0
2010-12-27 00:00:00-05:00,38.10423642004319,38.25561467714393,37.95285816294246,38.22677993774414,75700,1.001,0.0,0.0
2010-12-28 00:00:00-05:00,38.30606779936285,38.35652721010183,38.111437465156094,38.219566345214844,80700,0.0,0.0,0.0
2010-12-29 00:00:00-05:00,38.327696354322185,38.34211372311121,38.23398758194141,38.27723693847656,94200,0.0,0.0,0.0
2010-12-30 00:00:00-05:00,38.32049342023988,38.37816290198062,38.24840931789619,38.30607604980469,52200,0.0,0.0,0.0
2010-12-31 00:00:00-05:00,38.28443958266854,38.35652366282014,38.20514544460294,38.21235275268555,66500,0.0,0.0,0.0
2011-01-03 00:00:00-05:00,38.565575826279,38.76741347402179,38.50790635559151,38.680912017822266,193100,0.0,0.0,0.0
2011-01-04 00:00:00-05:00,38.80345752723726,38.861124246992006,38.20514915452085,38.435821533203125,82500,0.0,0.0,0.0
2011-01-05 00:00:00-05:00,38.40698093972873,38.601611245146024,38.284437460298165,38.579986572265625,93500,0.0,0.0,0.0
2011-01-06 00:00:00-05:00,38.666491208769074,38.666491208769074,38.428611537934145,38.49348831176758,111200,0.0,0.0,0.0
2011-01-07 00:00:00-05:00,38.6520765444888,38.7241633814718,38.09702027396219,38.435821533203125,78600,0.0,0.0,0.0
2011-01-10 00:00:00-05:00,38.277252781321025,38.50792527775625,38.06099765964213,38.46467590332031,81000,0.0,0.0,0.0
2011-01-11 00:00:00-05:00,38.644874014481914,38.70254074136764,38.48628570334015,38.61603927612305,59200,0.0,0.0,0.0
2011-01-12 00:00:00-05:00,38.86112790487628,38.97646410507367,38.78904381093987,38.94042205810547,84300,0.0,0.0,0.0
2011-01-13 00:00:00-05:00,39.00529608891347,39.01250339786552,38.8178730581793,38.89716720581055,70000,0.0,0.0,0.0
2011-01-14 00:00:00-05:00,38.882736819114015,39.19270324707031,38.7890280849548,39.19270324707031,156200,0.0,0.0,0.0
2011-01-18 00:00:00-05:00,39.127843166176795,39.351308261759236,39.08459380884805,39.34410095214844,163400,0.0,0.0,0.0
2011-01-19 00:00:00-05:00,39.33687469842475,39.34408475489928,38.6664824374978,38.716941833496094,116200,0.0,0.0,0.0
2011-01-20 00:00:00-05:00,38.71694395248653,38.796238079061034,38.4574369018176,38.6736946105957,55400,0.0,0.0,0.0
2011-01-21 00:00:00-05:00,38.91880129240841,38.94042597279688,38.6088347076234,38.65929412841797,52400,0.0,0.0,0.0
2011-01-24 00:00:00-05:00,38.69531930415985,39.005285753769925,38.65927726928609,38.95482635498047,64100,0.0,0.0,0.0
2011-01-25 00:00:00-05:00,38.839506798034705,39.00530242919922,38.68091847699379,39.00530242919922,104300,0.0,0.0,0.0
2011-01-26 00:00:00-05:00,39.17109253726651,39.351305513100485,39.03413166557213,39.300846099853516,84700,0.0,0.0,0.0
2011-01-27 00:00:00-05:00,39.33689026077086,39.64685681586325,39.32247289194889,39.596397399902344,81300,0.0,0.0,0.0
2011-01-28 00:00:00-05:00,39.654069723771705,39.668487094629135,38.81788146286717,38.86113357543945,74900,0.0,0.0,0.0
2011-01-31 00:00:00-05:00,38.99088621629239,39.279228126772885,38.969261535447636,39.12063980102539,63300,0.0,0.0,0.0
2011-02-01 00:00:00-05:00,39.48105477836064,39.75497924176579,39.387343271174124,39.711727142333984,84400,0.0,0.0,0.0
2011-02-02 00:00:00-05:00,39.62523241929748,39.76219329933209,39.56035563405331,39.58918762207031,36200,0.0,0.0,0.0
2011-02-03 00:00:00-05:00,39.61801084463712,39.855893238000704,39.42338054547541,39.81264114379883,88000,0.0,0.0,0.0
2011-02-04 00:00:00-05:00,39.86310146811873,39.93518829345703,39.66847116445213,39.93518829345703,62900,0.0,0.0,0.0
2011-02-07 00:00:00-05:00,40.057736132717515,40.367702640839056,40.057736132717515,40.24515914916992,63900,0.0,0.0,0.0
2011-02-08 00:00:00-05:00,40.38212069440423,40.38932800292969,40.11540628165737,40.38932800292969,94100,0.0,0.0,0.0
2011-02-09 00:00:00-05:00,40.28840276669713,40.346072225040366,40.14423187067018,40.22352600097656,696400,0.0,0.0,0.0
2011-02-10 00:00:00-05:00,40.06495462163341,40.29562703670529,39.98566046335893,40.26679229736328,49600,0.0,0.0,0.0
2011-02-11 00:00:00-05:00,40.1802777907286,40.61278774118151,40.165860425736014,40.56232833862305,54600,0.0,0.0,0.0
2011-02-14 00:00:00-05:00,40.69208526611328,40.69208526611328,40.51907962161039,40.69208526611328,179000,0.0,0.0,0.0
2011-02-15 00:00:00-05:00,40.576745703615636,40.66324714373998,40.461409533506114,40.56232833862305,63800,0.0,0.0,0.0
2011-02-16 00:00:00-05:00,40.756955970923485,40.95158626082468,40.72812124282753,40.901126861572266,49100,0.0,0.0,0.0
2011-02-17 00:00:00-05:00,40.82906653503865,41.20390999402646,40.82906653503865,41.18228530883789,38900,0.0,0.0,0.0
2011-02-18 00:00:00-05:00,41.38409953534732,41.38409953534732,41.08134311530737,41.21109390258789,70800,0.0,0.0,0.0
2011-02-22 00:00:00-05:00,40.80742241169969,40.901133919266435,40.15144735839545,40.20911407470703,70700,0.0,0.0,0.0
2011-02-23 00:00:00-05:00,40.209113911558106,40.29561811042173,39.40176063765139,39.711727142333984,130100,0.0,0.0,0.0
2011-02-24 00:00:00-05:00,39.668484009337476,39.93520122470696,39.31526807521567,39.70452880859375,79300,0.0,0.0,0.0
2011-02-25 00:00:00-05:00,40.00006226414077,40.39653015136719,39.971227536021864,40.39653015136719,85400,0.0,0.0,0.0
2011-02-28 00:00:00-05:00,40.70652057087262,40.70652057087262,40.367719190576686,40.57676696777344,82200,0.0,0.0,0.0
2011-03-01 00:00:00-05:00,40.69930152678335,40.69930152678335,39.791029255389994,39.80544662475586,243700,0.0,0.0,0.0
2011-03-02 00:00:00-05:00,39.72614709646537,40.079362973755806,39.72614709646537,39.877525329589844,309200,0.0,0.0,0.0
2011-03-03 00:00:00-05:00,40.46863942959607,40.677687213926696,40.34609588350533,40.627227783203125,68600,0.0,0.0,0.0
2011-03-04 00:00:00-05:00,40.756975772707804,40.756975772707804,40.079373082394454,40.324462890625,88600,0.0,0.0,0.0
2011-03-07 00:00:00-05:00,40.51186914700739,40.569535857446816,39.73334793234099,39.93518829345703,40600,0.0,0.0,0.0
2011-03-08 00:00:00-05:00,40.036118413104354,40.59838206047992,39.88474016186201,40.49746322631836,60300,0.0,0.0,0.0
2011-03-09 00:00:00-05:00,40.4253648794861,40.50465625706656,40.18748249725164,40.39653015136719,95200,0.0,0.0,0.0
2011-03-10 00:00:00-05:00,39.93519812845799,39.93519812845799,39.56035479387829,39.567562103271484,90100,0.0,0.0,0.0
2011-03-11 00:00:00-05:00,39.4161741503461,40.00727236896412,39.4161741503461,39.93518829345703,98100,0.0,0.0,0.0
2011-03-14 00:00:00-04:00,39.68289779296776,39.80544404973407,39.37293124623349,39.6396484375,55900,0.0,0.0,0.0
2011-03-15 00:00:00-04:00,38.63765362728545,39.459426951864394,38.464650743039236,39.2359619140625,99800,0.0,0.0,0.0
2011-03-16 00:00:00-04:00,39.228762960416894,39.408975953251954,38.52953841810264,38.70254135131836,97900,0.0,0.0,0.0
2011-03-17 00:00:00-04:00,39.43060639235064,39.45944113336514,38.92600942392589,39.12063980102539,77800,0.0,0.0,0.0
2011-03-18 00:00:00-04:00,39.64686409862443,39.68290615238396,39.329690175775106,39.44502639770508,52000,0.0,0.0,0.0
2011-03-21 00:00:00-04:00,40.079372960619004,40.12983238423383,39.86311789515084,40.10820770263672,69700,0.0,0.0,0.0
2011-03-22 00:00:00-04:00,40.2019114271299,40.2019114271299,39.82706810323726,39.891944885253906,44400,0.0,0.0,0.0
2011-03-23 00:00:00-04:00,39.81840100796194,40.02747891567246,39.551648048258606,39.919334411621094,55600,0.008,0.0,0.0
2011-03-24 00:00:00-04:00,40.29424285888672,40.35192067683048,39.847250770741475,40.29424285888672,51100,0.0,0.0,0.0
2011-03-25 00:00:00-04:00,40.4240091525584,40.71239269868242,40.28702848077561,40.4744758605957,66100,0.0,0.0,0.0
2011-03-28 00:00:00-04:00,40.66913468531597,40.6979735902179,40.36633443453372,40.37354278564453,177700,0.0,0.0,0.0
2011-03-29 00:00:00-04:00,40.3014417491547,40.64028920109314,40.17166944833439,40.62586975097656,41500,0.0,0.0,0.0
2011-03-30 00:00:00-04:00,40.7917085016902,41.080089369626286,40.7917085016902,41.05125045776367,74000,0.0,0.0,0.0
2011-03-31 00:00:00-04:00,41.02960913811271,41.16658979900797,40.92146462935443,41.10170364379883,132700,0.0,0.0,0.0
2011-04-01 00:00:00-04:00,41.49102435964162,41.51265491350376,41.26752972149122,41.39009094238281,83200,0.0,0.0,0.0
2011-04-04 00:00:00-04:00,41.548694617195885,41.57753076672151,41.31077781956472,41.404502868652344,46300,0.0,0.0,0.0
2011-04-05 00:00:00-04:00,41.3972993636163,41.72894127118026,41.382882661322924,41.548702239990234,50600,0.0,0.0,0.0
2011-04-06 00:00:00-04:00,41.78660067846349,41.79381177713837,41.46938109247689,41.649620056152344,72100,0.0,0.0,0.0
2011-04-07 00:00:00-04:00,41.72894448759068,41.72894448759068,41.33241913845485,41.462188720703125,40900,0.0,0.0,0.0
2011-04-08 00:00:00-04:00,41.757779495420586,41.757779495420586,41.04403443666486,41.1954345703125,47000,0.0,0.0,0.0
2011-04-11 00:00:00-04:00,41.28194673072074,41.30357728474372,40.88542140987154,40.98635482788086,48900,0.0,0.0,0.0
2011-04-12 00:00:00-04:00,40.79170231578136,40.84216902877283,40.5465771025815,40.64751052856445,44700,0.0,0.0,0.0
2011-04-13 00:00:00-04:00,40.89983433308881,40.94309268399949,40.53935632618668,40.697967529296875,71300,0.0,0.0,0.0
2011-04-14 00:00:00-04:00,40.4384306069966,40.734022518805304,40.34470553733156,40.71239471435547,90000,0.0,0.0,0.0
2011-04-15 00:00:00-04:00,40.74123004323852,41.08008030729829,40.74123004323852,41.04403305053711,36900,0.0,0.0,0.0
2011-04-18 00:00:00-04:00,40.62587465654653,40.62587465654653,40.22214100544714,40.481685638427734,57300,0.0,0.0,0.0
2011-04-19 00:00:00-04:00,40.640304202536434,40.74123764038086,40.48169569316515,40.74123764038086,102500,0.0,0.0,0.0
2011-04-20 00:00:00-04:00,41.27473480998701,41.382879320061164,41.23147645591152,41.3179931640625,57000,0.0,0.0,0.0
2011-04-21 00:00:00-04:00,41.57752672824837,41.57752672824837,41.35403215243158,41.51985168457031,61100,0.0,0.0,0.0
2011-04-25 00:00:00-04:00,41.527061462402344,41.570319809320594,41.354033575186676,41.527061462402344,114700,0.0,0.0,0.0
2011-04-26 00:00:00-04:00,41.72894228402827,41.966856380854516,41.67126447253741,41.945228576660156,90900,0.0,0.0,0.0
2011-04-27 00:00:00-04:00,42.02452404933866,42.111037995464585,41.793818359517005,42.08219909667969,89800,0.0,0.0,0.0
2011-04-28 00:00:00-04:00,42.060575513336154,42.34174792909823,42.03894771219416,42.28407287597656,77900,0.0,0.0,0.0
2011-04-29 00:00:00-04:00,42.34176606146761,42.356185518480245,42.17594643116757,42.29850769042969,55000,0.0,0.0,0.0
2011-05-02 00:00:00-04:00,42.550823119888804,42.550823119888804,42.20476457260123,42.24802017211914,60000,0.0,0.0,0.0
2011-05-03 00:00:00-04:00,42.17593959129441,42.19756739819078,41.70731694018812,41.95244216918945,43900,0.0,0.0,0.0
2011-05-04 00:00:00-04:00,42.04615501938236,42.04615501938236,41.44776295072395,41.59916305541992,53000,0.0,0.0,0.0
2011-05-05 00:00:00-04:00,41.39730453491211,41.779413198923436,41.26753494645565,41.39730453491211,58500,0.0,0.0,0.0
2011-05-06 00:00:00-04:00,41.844293381508,42.024532409426044,41.41892916561225,41.591957092285156,52300,0.0,0.0,0.0
2011-05-09 00:00:00-04:00,41.57751893711763,41.84427455860617,41.51984390424718,41.779388427734375,36600,0.0,0.0,0.0
2011-05-10 00:00:00-04:00,41.94521855658242,42.32011599102743,41.93800745675397,42.24081039428711,45200,0.0,0.0,0.0
2011-05-11 00:00:00-04:00,42.19755831237669,42.19755831237669,41.66405235545373,41.80103302001953,49800,0.0,0.0,0.0
2011-05-12 00:00:00-04:00,41.66405253875733,42.02453057889146,41.49102186939211,41.974063873291016,39500,0.0,0.0,0.0
2011-05-13 00:00:00-04:00,41.99568468165216,42.04615137884786,41.55590110589354,41.62799835205078,37500,0.0,0.0,0.0
2011-05-16 00:00:00-04:00,41.4982320548289,41.90196569072565,41.375668093768,41.4477653503418,44000,0.0,0.0,0.0
2011-05-17 00:00:00-04:00,41.253107008063836,41.41171547254902,41.05844854006784,41.3179931640625,85800,0.0,0.0,0.0
2011-05-18 00:00:00-04:00,41.37566494427044,41.82265690008664,41.310778793407685,41.7866096496582,49500,0.0,0.0,0.0
2011-05-19 00:00:00-04:00,42.017309765585225,42.02452086484939,41.64241236047643,41.88032913208008,35700,0.0,0.0,0.0
2011-05-20 00:00:00-04:00,41.79382161719543,41.829868868371925,41.483810306665426,41.613582611083984,372600,0.0,0.0,0.0
2011-05-23 00:00:00-04:00,40.97913937633203,41.22426452769498,40.96471992622492,41.05844497680664,84400,0.0,0.0,0.0
2011-05-24 00:00:00-04:00,41.17380592766952,41.253111543746144,40.89263347083744,40.97193908691406,45000,0.0,0.0,0.0
2011-05-25 00:00:00-04:00,40.871004296991394,41.231482382077594,40.80611813166669,41.12334060668945,41200,0.0,0.0,0.0
2011-05-26 00:00:00-04:00,41.00797589206652,41.390081671885405,40.89983139766595,41.354034423828125,34500,0.0,0.0,0.0
2011-05-27 00:00:00-04:00,41.519853857929284,41.685673398747845,41.45496771150213,41.62799835205078,40400,0.0,0.0,0.0
2011-05-31 00:00:00-04:00,42.06058263358283,42.14709660302541,41.779410170222334,42.06779098510742,256400,0.0,0.0,0.0
2011-06-01 00:00:00-04:00,42.0245198960576,42.0245198960576,41.04401943610401,41.0800666809082,104100,0.0,0.0,0.0
2011-06-02 00:00:00-04:00,41.159384075999036,41.195431331143226,40.79890602409861,40.97914505004883,62400,0.0,0.0,0.0
2011-06-03 00:00:00-04:00,40.43121708913992,40.806111819435735,40.35911983313757,40.41679763793945,119000,0.0,0.0,0.0
2011-06-06 00:00:00-04:00,40.4240104614095,40.4240104614095,39.890504459104285,39.912132263183594,66200,0.0,0.0,0.0
2011-06-07 00:00:00-04:00,40.12121184273647,40.25819252455146,39.94097280076592,39.94818115234375,58700,0.0,0.0,0.0
2011-06-08 00:00:00-04:00,39.88329603904639,39.897715492811855,39.59491246419631,39.645381927490234,60000,0.0,0.0,0.0
2011-06-09 00:00:00-04:00,39.703052491615736,40.00585548590577,39.60932742787962,39.84724426269531,39200,0.0,0.0,0.0
2011-06-10 00:00:00-04:00,39.66700951636163,39.695848423735036,39.212806351033976,39.31373977661133,121900,0.0,0.0,0.0
2011-06-13 00:00:00-04:00,39.38583158529818,39.50118444857177,39.111867503687435,39.277687072753906,73200,0.0,0.0,0.0
2011-06-14 00:00:00-04:00,39.703045101494595,40.027475838478445,39.703045101494595,39.876075744628906,33000,0.0,0.0,0.0
2011-06-15 00:00:00-04:00,39.53000984757535,39.68140991323219,39.0758069003766,39.198368072509766,50300,0.0,0.0,0.0
2011-06-16 00:00:00-04:00,39.169531929214365,39.4579126137662,38.88114849443427,39.198368072509766,43300,0.0,0.0,0.0
2011-06-17 00:00:00-04:00,39.60933354637257,39.60933354637257,39.277694346821406,39.37862777709961,73400,0.0,0.0,0.0
2011-06-20 00:00:00-04:00,39.29931817022575,39.73189350644296,39.29931817022575,39.652587890625,151500,0.0,0.0,0.0
2011-06-21 00:00:00-04:00,39.90493027602804,40.27261953073357,39.84004409874059,40.236572265625,75900,0.0,0.0,0.0
2011-06-22 00:00:00-04:00,40.05631616432549,40.40958306255908,40.005849464577835,40.0274772644043,70200,0.0,0.0,0.0
2011-06-23 00:00:00-04:00,39.54443390780721,39.897703543684905,39.27047261900198,39.876075744628906,116700,0.0,0.0,0.0
2011-06-24 00:00:00-04:00,39.94096243579371,39.96979858485137,39.47954829789665,39.51559829711914,22600,0.0,0.0,0.0
2011-06-27 00:00:00-04:00,39.53724975336755,39.83284177234769,39.45073575397177,39.73911666870117,38500,0.0,0.0,0.0
2011-06-28 00:00:00-04:00,39.89770637557931,40.193298234650086,39.85444802416811,40.17887878417969,48500,0.0,0.0,0.0
2011-06-29 00:00:00-04:00,40.40237806288518,40.62587268023458,40.29423355432772,40.54656982421875,38200,0.0,0.0,0.0
2011-06-30 00:00:00-04:00,40.683547752972906,40.90704510554364,40.60424215205333,40.79890060424805,79100,0.0,0.0,0.0
2011-07-01 00:00:00-04:00,40.88541110937262,41.56311145994856,40.82052496410957,41.527061462402344,44200,0.0,0.0,0.0
2011-07-05 00:00:00-04:00,41.64242304988443,41.64242304988443,41.23868939476814,41.38288116455078,294600,0.0,0.0,0.0
2011-07-06 00:00:00-04:00,41.38288813441494,41.46940211076384,41.18822962495763,41.4405632019043,200100,0.0,0.0,0.0
2011-07-07 00:00:00-04:00,41.8010410547062,41.95244119994244,41.757782691683104,41.85871887207031,89600,0.0,0.0,0.0
2011-07-08 00:00:00-04:00,41.40450027147697,41.53427256200306,41.18821403734305,41.527061462402344,50900,0.0,0.0,0.0
2011-07-11 00:00:00-04:00,41.094502387503496,41.094502387503496,40.539365797153536,40.61867141723633,44000,0.0,0.0,0.0
2011-07-12 00:00:00-04:00,40.44563695593744,40.81332611475703,40.39517024790013,40.4744758605957,71800,0.0,0.0,0.0
2011-07-13 00:00:00-04:00,40.63308128332964,41.0296065399519,40.51051733114956,40.53935623168945,73300,0.0,0.0,0.0
2011-07-14 00:00:00-04:00,40.640306306544986,40.82054538352126,40.07075291347481,40.121219635009766,73500,0.0,0.0,0.0
2011-07-15 00:00:00-04:00,40.32307454833993,40.35191345214844,40.09236881833033,40.35191345214844,26900,0.0,0.0,0.0
2011-07-18 00:00:00-04:00,40.17887550361307,40.17887550361307,39.59490018327325,39.818397521972656,43900,0.0,0.0,0.0
2011-07-19 00:00:00-04:00,40.06352978524139,40.51052179191396,40.06352978524139,40.481685638427734,64700,0.0,0.0,0.0
2011-07-20 00:00:00-04:00,40.58982838775478,40.647506196586406,40.43842826491571,40.575408935546875,60500,0.0,0.0,0.0
2011-07-21 00:00:00-04:00,40.70518323070909,41.044033498466874,40.66913597355451,40.95751953125,45100,0.0,0.0,0.0
2011-07-22 00:00:00-04:00,40.964714372828176,41.10169500493248,40.80610319338113,41.007972717285156,46600,0.0,0.0,0.0
2011-07-25 00:00:00-04:00,40.560997153562546,40.95752528869156,40.55378880121012,40.73402786254883,42800,0.0,0.0,0.0
2011-07-26 00:00:00-04:00,40.676343107555056,40.72681256633636,40.49610407694683,40.53215408325195,35100,0.0,0.0,0.0
2011-07-27 00:00:00-04:00,40.366331374660696,40.366331374660696,39.56606970078475,39.594905853271484,70500,0.0,0.0,0.0
2011-07-28 00:00:00-04:00,39.630951041567194,39.91933178299981,39.32814810029981,39.35698699951172,307000,0.0,0.0,0.0
2011-07-29 00:00:00-04:00,38.84510891838095,39.46513150035432,38.70812552222524,39.21279525756836,139400,0.0,0.0,0.0
2011-08-01 00:00:00-04:00,39.73190090804604,39.73190090804604,38.578369213473046,38.895591735839844,110300,0.0,0.0,0.0
2011-08-02 00:00:00-04:00,38.62161835722869,38.81627683576949,37.71321487426758,37.71321487426758,464800,0.0,0.0,0.0
2011-08-03 00:00:00-04:00,37.77089274959928,37.886245625090034,36.94900316794893,37.871826171875,257000,0.0,0.0,0.0
2011-08-04 00:00:00-04:00,37.31668989734663,37.31668989734663,35.75221633911133,35.75221633911133,206500,0.0,0.0,0.0
2011-08-05 00:00:00-04:00,36.1343229791174,36.23525640430184,34.541010481038185,35.406158447265625,433400,0.0,0.0,0.0
2011-08-08 00:00:00-04:00,34.122846265357516,34.66356322519135,32.5944176787292,32.60883712768555,467700,0.0,0.0,0.0
2011-08-09 00:00:00-04:00,33.409110246226696,34.61310577392578,32.4430288331849,34.61310577392578,218100,0.0,0.0,0.0
2011-08-10 00:00:00-04:00,33.83446988526816,34.56984543495378,33.373058422774264,33.38747787475586,409900,0.0,0.0,0.0
2011-08-11 00:00:00-04:00,33.54609016920806,35.51430021022153,33.50283455856287,35.103355407714844,114500,0.0,0.0,0.0
2011-08-12 00:00:00-04:00,35.53592501554507,35.6440667748887,34.98799686737918,35.182655334472656,89100,0.0,0.0,0.0
2011-08-15 00:00:00-04:00,35.49266131644068,36.13431167602539,35.49266131644068,36.13431167602539,138400,0.0,0.0,0.0
2011-08-16 00:00:00-04:00,35.658496756575275,36.07665271683214,35.38453535181726,35.64407730102539,75700,0.0,0.0,0.0
2011-08-17 00:00:00-04:00,35.889202544913566,36.14874724435163,35.398952057137215,35.64407730102539,66700,0.0,0.0,0.0
2011-08-18 00:00:00-04:00,34.555426133816546,34.555426133816546,33.67585881070472,33.95703125,96300,0.0,0.0,0.0
2011-08-19 00:00:00-04:00,33.47396831838372,34.27422946462698,33.243262749225146,33.31535720825195,134400,0.0,0.0,0.0
2011-08-22 00:00:00-04:00,34.17331601097383,34.17331601097383,33.16397649579291,33.35863494873047,96600,0.0,0.0,0.0
2011-08-23 00:00:00-04:00,33.55329187446963,34.48332574609727,33.272119483100525,34.45448684692383,55300,0.0,0.0,0.0
2011-08-24 00:00:00-04:00,34.31750431756511,35.03125196387337,34.31750431756511,34.966365814208984,109200,0.0,0.0,0.0
2011-08-25 00:00:00-04:00,35.31964488708421,35.348481044451646,34.17332443728316,34.303096771240234,26700,0.0,0.0,0.0
2011-08-26 00:00:00-04:00,34.03634464147524,35.117779039956396,33.58935252683406,35.00242614746094,51000,0.0,0.0,0.0
2011-08-29 00:00:00-04:00,35.55035426316266,36.30735778808594,35.52872370515008,36.30735778808594,64400,0.0,0.0,0.0
2011-08-30 00:00:00-04:00,36.091057390885545,36.617354926870604,35.85314059709883,36.41548538208008,93400,0.0,0.0,0.0
2011-08-31 00:00:00-04:00,36.71830175119674,37.042732611257044,36.32177636678073,36.63899612426758,154100,0.0,0.0,0.0
2011-09-01 00:00:00-04:00,36.65340283530276,36.855269633496285,36.06221914039698,36.069427490234375,96800,0.0,0.0,0.0
2011-09-02 00:00:00-04:00,35.290794584107324,35.53591971907216,34.96636385397317,35.03125,63600,0.0,0.0,0.0
2011-09-06 00:00:00-04:00,33.78400616683516,34.735668079966054,33.78400616683516,34.721248626708984,65500,0.0,0.0,0.0
2011-09-07 00:00:00-04:00,35.3124414073287,35.95409211360153,35.19708850227101,35.88920593261719,27500,0.0,0.0,0.0
2011-09-08 00:00:00-04:00,35.68012200833319,36.08385570276318,35.39173844068647,35.47825241088867,36000,0.0,0.0,0.0
2011-09-09 00:00:00-04:00,35.096142118483066,35.25475333581323,34.35355823776308,34.548213958740234,36000,0.0,0.0,0.0
2011-09-12 00:00:00-04:00,34.03633074019734,34.69961166381836,33.928188994654924,34.69961166381836,60600,0.0,0.0,0.0
2011-09-13 00:00:00-04:00,34.87264475292228,35.261961695433605,34.63473067709592,35.139400482177734,56300,0.0,0.0,0.0
2011-09-14 00:00:00-04:00,35.34126453561198,36.05500945740805,34.80054751900267,35.68011474609375,66700,0.0,0.0,0.0
2011-09-15 00:00:00-04:00,36.105483254695685,36.19199721770158,35.636860683807626,36.148738861083984,53300,0.0,0.0,0.0
2011-09-16 00:00:00-04:00,36.3434008239392,36.48759260958895,35.99013108660878,36.24967575073242,34700,0.0,0.0,0.0
2011-09-19 00:00:00-04:00,35.579165066474886,36.026159610433744,35.44218446442629,35.8603401184082,33600,0.0,0.0,0.0
2011-09-20 00:00:00-04:00,36.02617894605901,36.314559749921656,35.586395263671875,35.586395263671875,79200,0.0,0.0,0.0
2011-09-21 00:00:00-04:00,35.608005379777,35.67289150970479,34.37517166137695,34.37517166137695,43400,0.0,0.0,0.0
2011-09-22 00:00:00-04:00,33.315388327894894,33.76959154466795,32.98374910622626,33.40190505981445,127600,0.0,0.0,0.0
2011-09-23 00:00:00-04:00,33.200032661028594,33.82726378876309,33.135146492626426,33.65423583984375,116000,0.0,0.0,0.0
2011-09-26 00:00:00-04:00,34.00029876996152,34.44008255004883,33.416323180795246,34.44008255004883,38200,0.0,0.0,0.0
2011-09-27 00:00:00-04:00,35.14661272797334,35.514299158718856,34.6779901248419,34.85102081298828,73100,0.0,0.0,0.0
2011-09-28 00:00:00-04:00,35.009622039422624,35.009622039422624,33.88492976357071,33.899349212646484,42400,0.0,0.0,0.0
2011-09-29 00:00:00-04:00,34.56264233027333,34.67799522258488,33.70470536559547,34.274261474609375,41700,0.0,0.0,0.0
2011-09-30 00:00:00-04:00,33.74074283248231,34.0940125096224,33.4235231582846,33.452362060546875,61500,0.0,0.0,0.0
2011-10-03 00:00:00-04:00,33.17119425077742,33.54609181270364,32.10417938232422,32.10417938232422,139600,0.0,0.0,0.0
2011-10-04 00:00:00-04:00,31.76533447492654,33.01258850097656,31.38322577891982,33.01258850097656,361000,0.0,0.0,0.0
2011-10-05 00:00:00-04:00,33.12792442120751,33.74794694022555,32.731399223067385,33.647010803222656,294600,0.0,0.0,0.0
2011-10-06 00:00:00-04:00,33.58934869094425,34.44007720728164,33.42352909880792,34.41844940185547,463500,0.0,0.0,0.0
2011-10-07 00:00:00-04:00,34.58426358431537,34.63473028923548,33.81284080884613,33.94982147216797,125000,0.0,0.0,0.0
2011-10-10 00:00:00-04:00,34.62031122549595,35.139400482177734,34.613100124581386,35.139400482177734,47100,0.0,0.0,0.0
2011-10-11 00:00:00-04:00,34.915902485777515,35.261961067324755,34.851016329848086,35.05288314819336,76200,0.0,0.0,0.0
2011-10-12 00:00:00-04:00,35.39893590603734,35.93965286641609,35.39172755666624,35.55033874511719,50400,0.0,0.0,0.0
2011-10-13 00:00:00-04:00,35.34847648641766,35.622440572803825,35.02404844358819,35.50708770751953,44000,0.0,0.0,0.0
2011-10-14 00:00:00-04:00,35.90360239951861,36.08384137014895,35.57917170233831,36.01895523071289,51900,0.0,0.0,0.0
2011-10-17 00:00:00-04:00,35.78826474407344,35.87477871659765,35.14661417657879,35.161033630371094,41800,0.0,0.0,0.0
2011-10-18 00:00:00-04:00,35.23312077429753,36.27850757847315,34.88706220640618,36.033382415771484,47100,0.0,0.0,0.0
2011-10-19 00:00:00-04:00,35.98291132127635,36.22082810466651,35.49987215533199,35.56475830078125,82700,0.0,0.0,0.0
2011-10-20 00:00:00-04:00,35.64406615257961,35.88198296939423,35.20428527189372,35.83151626586914,57700,0.0,0.0,0.0
2011-10-21 00:00:00-04:00,36.21362966982622,36.67504119873047,36.21362966982622,36.67504119873047,61100,0.0,0.0,0.0
2011-10-24 00:00:00-04:00,36.81202890256676,37.54740464330202,36.71830381545139,37.46088790893555,112800,0.0,0.0,0.0
2011-10-25 00:00:00-04:00,37.29505832507392,37.29505832507392,36.559682780892075,36.624568939208984,69800,0.0,0.0,0.0
2011-10-26 00:00:00-04:00,37.107608795166016,37.25900890569914,36.422699997221656,37.107608795166016,59800,0.0,0.0,0.0
2011-10-27 00:00:00-04:00,38.22509943308357,38.73697769349561,37.84299351337173,38.43417739868164,94200,0.0,0.0,0.0
2011-10-28 00:00:00-04:00,38.318808765934,38.448581053306036,38.17461702993967,38.362064361572266,143300,0.0,0.0,0.0
2011-10-31 00:00:00-04:00,38.01602441151093,38.1025383952676,37.56182118388596,37.590660095214844,81200,0.0,0.0,0.0
2011-11-01 00:00:00-04:00,36.4010730171593,37.006676223186076,36.22083400048739,36.487586975097656,70600,0.0,0.0,0.0
2011-11-02 00:00:00-04:00,36.934577907283916,37.388780986337046,36.81201669957144,37.22296142578125,95800,0.0,0.0,0.0
2011-11-03 00:00:00-04:00,37.641114568898665,38.00159259254312,36.99225577647609,37.92228698730469,89200,0.0,0.0,0.0
2011-11-04 00:00:00-04:00,37.61228550347392,37.958346916877595,37.3166935567902,37.90066909790039,84400,0.0,0.0,0.0
2011-11-07 00:00:00-05:00,37.915082863160464,38.01601628099487,37.38157411859801,37.9799690246582,39900,0.0,0.0,0.0
2011-11-08 00:00:00-05:00,38.174626998331156,38.39091328368634,37.68437661807043,38.35486602783203,39200,0.0,0.0,0.0
2011-11-09 00:00:00-05:00,37.48252437535005,37.51136054112052,36.775984684480946,36.826454162597656,45600,0.0,0.0,0.0
2011-11-10 00:00:00-05:00,37.39598780796078,37.4031989082544,36.7615484935688,37.0571403503418,61600,0.0,0.0,0.0
2011-11-11 00:00:00-05:00,37.48971907905256,38.0015972756538,37.48971907905256,37.893455505371094,35400,0.0,0.0,0.0
2011-11-14 00:00:00-05:00,37.698781550507434,37.79250382958497,37.316673084981396,37.43202590942383,38000,0.0,0.0,0.0
2011-11-15 00:00:00-05:00,37.309460504128054,37.88622456090956,37.17247990008868,37.79249954223633,38200,0.0,0.0,0.0
2011-11-16 00:00:00-05:00,37.34551869965113,37.842980079146784,37.20853805541992,37.20853805541992,34800,0.0,0.0,0.0
2011-11-17 00:00:00-05:00,37.16528289796527,37.280635753071174,36.41548796466236,36.5813102722168,59300,0.0,0.0,0.0
2011-11-18 00:00:00-05:00,36.77596565031724,36.85527125315815,36.53805159202349,36.68224334716797,41900,0.0,0.0,0.0
2011-11-21 00:00:00-05:00,36.11269020424968,36.17757636154337,35.68732600648644,35.997337341308594,91500,0.0,0.0,0.0
2011-11-22 00:00:00-05:00,35.8964006735213,36.10547857808127,35.62964496760867,35.78104782104492,57000,0.0,0.0,0.0
2011-11-23 00:00:00-05:00,35.42778297250213,35.44941077583079,34.88706588745117,34.88706588745117,65400,0.0,0.0,0.0
2011-11-25 00:00:00-05:00,34.706825335894514,35.24754239721459,34.68519753351505,34.86543655395508,34400,0.0,0.0,0.0
2011-11-28 00:00:00-05:00,35.90361209657032,36.03338441049209,35.600811864238985,35.82430648803711,45700,0.0,0.0,0.0
2011-11-29 00:00:00-05:00,35.96849843801602,36.20641526483594,35.82430667178236,35.997337341308594,41900,0.0,0.0,0.0
2011-11-30 00:00:00-05:00,37.237385906756316,37.68437794560073,37.03551631644801,37.64833068847656,348200,0.0,0.0,0.0
2011-12-01 00:00:00-05:00,37.46808427832213,37.83577062898931,37.35993977800473,37.5329704284668,226300,0.0,0.0,0.0
2011-12-02 00:00:00-05:00,37.93670932715454,38.073692746717306,37.489717313861156,37.540184020996094,141800,0.0,0.0,0.0
2011-12-05 00:00:00-05:00,38.16021582279593,38.362082699547926,37.79252658273487,37.9943962097168,131900,0.0,0.0,0.0
2011-12-06 00:00:00-05:00,37.95833709460287,38.138576106922486,37.74204807963607,37.93670654296875,101200,0.0,0.0,0.0
2011-12-07 00:00:00-05:00,37.691579214376546,38.08089611871233,37.43203461148602,37.97275161743164,49300,0.0,0.0,0.0
2011-12-08 00:00:00-05:00,37.7276269113136,37.742043610390425,36.95620149972368,37.021087646484375,86100,0.0,0.0,0.0
2011-12-09 00:00:00-05:00,37.10760209754271,37.85739416447348,37.10760209754271,37.763671875,63600,0.0,0.0,0.0
2011-12-12 00:00:00-05:00,37.35995480055953,37.35995480055953,36.86970430238611,37.20134353637695,85400,0.0,0.0,0.0
2011-12-13 00:00:00-05:00,37.482498419782566,37.56180125852436,36.50920630545868,36.660606384277344,53200,0.0,0.0,0.0
2011-12-14 00:00:00-05:00,36.43710923184399,36.602928746919716,36.184773034810966,36.25687026977539,71800,0.0,0.0,0.0
2011-12-15 00:00:00-05:00,36.718303845566815,36.74714275704596,36.39387296700134,36.588531494140625,78100,0.0,0.0,0.0
2011-12-16 00:00:00-05:00,36.81921820937726,37.1436489198543,36.624559783091044,36.74712371826172,67300,0.0,0.0,0.0
2011-12-19 00:00:00-05:00,36.941796337596905,37.02109920820077,36.112695620084686,36.177581787109375,174100,0.0,0.0,0.0
2011-12-20 00:00:00-05:00,36.8336443805527,37.41761976599903,36.82643603021689,37.35273361206055,71700,0.0,0.0,0.0
2011-12-21 00:00:00-05:00,37.28063722072401,37.65553470213431,37.12923710810517,37.576229095458984,58600,0.0,0.0,0.0
2011-12-22 00:00:00-05:00,37.720423936754734,38.145788157094486,37.66995722842877,38.06648254394531,98800,0.0,0.0,0.0
2011-12-23 00:00:00-05:00,38.242545114567534,38.301483154296875,38.073102465826295,38.301483154296875,49200,1.129,0.0,0.0
2011-12-27 00:00:00-05:00,38.24256448508375,38.41200721965064,38.14679152717312,38.308868408203125,41700,0.0,0.0,0.0
2011-12-28 00:00:00-05:00,38.353069323665025,38.38253554610866,37.73423368720226,37.77106857299805,51900,0.0,0.0,0.0
2011-12-29 00:00:00-05:00,37.88156564811128,38.24255420142739,37.88156564811128,38.21308517456055,49700,0.0,0.0,0.0
2011-12-30 00:00:00-05:00,38.24257300397414,38.32361146254121,38.0510298558067,38.06576156616211,110900,0.0,0.0,0.0
2012-01-03 00:00:00-05:00,38.8245466744557,38.93505128649603,38.411988816005234,38.463558197021484,269400,0.0,0.0,0.0
2012-01-04 00:00:00-05:00,38.30148783097116,38.50039671354376,38.16151137468283,38.41936111450195,183300,0.0,0.0,0.0
2012-01-05 00:00:00-05:00,38.257284525700456,38.758246686297255,37.96996857101246,38.684574127197266,208100,0.0,0.0,0.0
2012-01-06 00:00:00-05:00,38.6256503263884,38.817193416118236,38.470942121954124,38.60354995727539,69300,0.0,0.0,0.0
2012-01-09 00:00:00-05:00,38.80244741143647,38.80244741143647,38.529865968568465,38.684574127197266,148600,0.0,0.0,0.0
2012-01-10 00:00:00-05:00,39.13398112873121,39.207653714614835,39.04557683599265,39.14134979248047,73400,0.0,0.0,0.0
2012-01-11 00:00:00-05:00,39.03084296187806,39.33289354317296,38.99400807349026,39.296058654785156,54100,0.0,0.0,0.0
2012-01-12 00:00:00-05:00,39.41391587736504,39.42128172790382,39.008726650035705,39.3991813659668,46900,0.0,0.0,0.0
2012-01-13 00:00:00-05:00,39.04556773344269,39.19291006053878,38.78035210673396,39.170806884765625,131700,0.0,0.0,0.0
2012-01-17 00:00:00-05:00,39.57599681250605,39.63493205391382,39.09713497833331,39.18553924560547,114600,0.0,0.0,0.0
2012-01-18 00:00:00-05:00,39.22975059250531,39.73807874339667,39.10451142313617,39.730712890625,392500,0.0,0.0,0.0
2012-01-19 00:00:00-05:00,39.93698071303492,40.040119488512744,39.71596864982232,39.96644973754883,104600,0.0,0.0,0.0
2012-01-20 00:00:00-05:00,39.91489526263198,39.97383052335806,39.8264909663819,39.95909881591797,209200,0.0,0.0,0.0
2012-01-23 00:00:00-05:00,40.03276859440605,40.24641488647216,39.78228741309591,39.95909881591797,156500,0.0,0.0,0.0
2012-01-24 00:00:00-05:00,39.738071831095304,40.06222550309412,39.60546402169962,40.025390625,100100,0.0,0.0,0.0
2012-01-25 00:00:00-05:00,40.01065569966404,40.53371827004877,39.7970094744688,40.496883392333984,109300,0.0,0.0,0.0
2012-01-26 00:00:00-05:00,40.732627071525144,40.76946194660788,40.07695673996155,40.2169303894043,89500,0.0,0.0,0.0
2012-01-27 00:00:00-05:00,40.07695034149172,40.430570144406474,40.07695034149172,40.3421630859375,42300,0.0,0.0,0.0
2012-01-30 00:00:00-05:00,40.0474967956543,40.15800144595701,39.7454462549792,40.0474967956543,65600,0.0,0.0,0.0
2012-01-31 00:00:00-05:00,40.356901988830906,40.42320588474012,39.870674355603576,40.05485153198242,54100,0.0,0.0,0.0
2012-02-01 00:00:00-05:00,40.40110820820819,40.902070386081654,40.40110820820819,40.76946258544922,192500,0.0,0.0,0.0
2012-02-02 00:00:00-05:00,40.828401320150526,40.9683777940922,40.717896683709384,40.843135833740234,190300,0.0,0.0,0.0
2012-02-03 00:00:00-05:00,41.36619986202167,41.60194645101836,41.27779278340716,41.59457778930664,173200,0.0,0.0,0.0
2012-02-06 00:00:00-05:00,41.40302658081055,41.43986145114747,41.270418799341236,41.40302658081055,73400,0.0,0.0,0.0
2012-02-07 00:00:00-05:00,41.34409418090891,41.55037454151696,41.182020167249334,41.46196746826172,54800,0.0,0.0,0.0
2012-02-08 00:00:00-05:00,41.5577429117111,41.74192011000982,41.388300226514794,41.59457778930664,112600,0.0,0.0,0.0
2012-02-09 00:00:00-05:00,41.71244779050642,41.73455096357545,41.35146208412138,41.705081939697266,63200,0.0,0.0,0.0
2012-02-10 00:00:00-05:00,41.263050929476826,41.39565871348624,41.13044595578793,41.299888610839844,54000,0.0,0.0,0.0
2012-02-13 00:00:00-05:00,41.712447905701666,41.76401729247052,41.30725866238036,41.52827072143555,72400,0.0,0.0,0.0
2012-02-14 00:00:00-05:00,41.403039685576864,41.45460908243525,41.15255855355557,41.41777420043945,88000,0.0,0.0,0.0
2012-02-15 00:00:00-05:00,41.675602775534365,41.675602775534365,41.25567912356653,41.31461715698242,125100,0.0,0.0,0.0
2012-02-16 00:00:00-05:00,41.336725816427425,41.903991855544675,41.299890943304625,41.867156982421875,83900,0.0,0.0,0.0
2012-02-17 00:00:00-05:00,42.058707346158975,42.08080771182401,41.85979562421012,41.940834045410156,94400,0.0,0.0,0.0
2012-02-21 00:00:00-05:00,42.110273193407615,42.110273193407615,41.59457649218888,41.7271842956543,74600,0.0,0.0,0.0
2012-02-22 00:00:00-05:00,41.62403861315257,41.74927773436222,41.35145720027475,41.40302658081055,123600,0.0,0.0,0.0
2012-02-23 00:00:00-05:00,41.43249537868902,41.72717715012227,41.255684067572716,41.69770812988281,102200,0.0,0.0,0.0
2012-02-24 00:00:00-05:00,41.793486201011035,41.911359486203,41.66824706500993,41.705081939697266,112700,0.0,0.0,0.0
2012-02-27 00:00:00-05:00,41.425133812276606,41.85242624795871,41.27779149616826,41.7271842956543,134100,0.0,0.0,0.0
2012-02-28 00:00:00-05:00,41.73454166072971,41.83768041099242,41.535630009371566,41.690338134765625,108000,0.0,0.0,0.0
2012-02-29 00:00:00-05:00,41.76401912533596,41.9334618050585,41.47670315492292,41.50617218017578,63400,0.0,0.0,0.0
2012-03-01 00:00:00-05:00,41.682974131118165,41.867151281976085,41.601935735089434,41.74927520751953,131400,0.0,0.0,0.0
2012-03-02 00:00:00-05:00,41.72718792022339,41.845061221284766,41.42513741060854,41.54301071166992,72400,0.0,0.0,0.0
2012-03-05 00:00:00-05:00,41.43249408644734,41.439859936117244,41.19674474220491,41.35145568847656,62200,0.0,0.0,0.0
2012-03-06 00:00:00-05:00,40.93153247922408,40.93153247922408,40.437936235941876,40.52634048461914,135800,0.0,0.0,0.0
2012-03-07 00:00:00-05:00,40.651600540379015,40.98312013365029,40.60739699116896,40.946285247802734,61100,0.0,0.0,0.0
2012-03-08 00:00:00-05:00,41.182026748137496,41.4325078750792,41.01994989825718,41.38093566894531,43600,0.0,0.0,0.0
2012-03-09 00:00:00-05:00,41.38829728585806,41.8082210433177,41.38829728585806,41.71244812011719,30800,0.0,0.0,0.0
2012-03-12 00:00:00-04:00,41.719826405840486,41.83033105626852,41.594584429636285,41.65352249145508,39200,0.0,0.0,0.0
2012-03-13 00:00:00-04:00,42.021875325684945,42.44179916381836,41.86716713486134,42.44179916381836,402800,0.0,0.0,0.0
2012-03-14 00:00:00-04:00,42.375497234154665,42.5523058004174,42.13238194264155,42.242889404296875,129700,0.0,0.0,0.0
2012-03-15 00:00:00-04:00,42.250235028197515,42.59648895263672,42.132361770351004,42.59648895263672,43100,0.0,0.0,0.0
2012-03-16 00:00:00-04:00,42.596503039692735,42.692275971591066,42.493364256258104,42.55229949951172,78100,0.0,0.0,0.0
2012-03-19 00:00:00-04:00,42.44917146532437,42.81752596248,42.44917146532437,42.618614196777344,54900,0.0,0.0,0.0
2012-03-20 00:00:00-04:00,42.32392833076967,42.51547141485245,42.13975109940019,42.43443298339844,47600,0.0,0.0,0.0
2012-03-21 00:00:00-04:00,42.52284058248582,42.52284058248582,42.25025625339287,42.32392883300781,86500,0.0,0.0,0.0
2012-03-22 00:00:00-04:00,41.974685228509045,42.09993745736646,41.7462806333628,41.982051849365234,79200,0.006,0.0,0.0
2012-03-23 00:00:00-04:00,42.004158674636415,42.203091184793074,41.63576576189034,42.14414978027344,88700,0.0,0.0,0.0
2012-03-26 00:00:00-04:00,42.57883417187283,42.65251159667969,42.43884312988075,42.65251159667969,41800,0.0,0.0,0.0
2012-03-27 00:00:00-04:00,42.63778712259766,42.755672720654005,42.53463757562514,42.549373626708984,189400,0.0,0.0,0.0
2012-03-28 00:00:00-04:00,42.527270655591884,42.5641093777346,42.018886733933584,42.3357048034668,55700,0.0,0.0,0.0
2012-03-29 00:00:00-04:00,42.055732442202626,42.32097295433328,41.78311968792853,42.26203155517578,68400,0.0,0.0,0.0
2012-03-30 00:00:00-04:00,42.53463727577469,42.53463727577469,42.136772331158895,42.3357048034668,68800,0.0,0.0,0.0
2012-04-02 00:00:00-04:00,42.26939831141541,42.73357412770569,42.195720859579005,42.57884979248047,105600,0.0,0.0,0.0
2012-04-03 00:00:00-04:00,42.490441171639716,42.6599044006559,42.19572850031339,42.52728271484375,93000,0.0,0.0,0.0
2012-04-04 00:00:00-04:00,42.0483585432572,42.17361357040794,41.84942607233378,42.004150390625,47400,0.0,0.0,0.0
2012-04-05 00:00:00-04:00,41.87152066293343,41.9894062286756,41.679954861968916,41.77573776245117,59800,0.0,0.0,0.0
2012-04-09 00:00:00-04:00,41.11263713365559,41.34104168823099,41.05369574543187,41.237892150878906,56100,0.0,0.0,0.0
2012-04-10 00:00:00-04:00,41.142116031314,41.21579348142149,40.31691678552899,40.361122131347656,77100,0.0,0.0,0.0
2012-04-11 00:00:00-04:00,40.78110202626678,40.98003457403093,40.7368966671739,40.81794357299805,53900,0.0,0.0,0.0
2012-04-12 00:00:00-04:00,40.891601521196,41.53997364760312,40.891601521196,41.5326042175293,31700,0.0,0.0,0.0
2012-04-13 00:00:00-04:00,41.3557929204913,41.40736770810149,41.03897476196289,41.03897476196289,57200,0.0,0.0,0.0
2012-04-16 00:00:00-04:00,41.27472691052685,41.36314038968833,40.90633413497122,41.10526657104492,49200,0.0,0.0,0.0
2012-04-17 00:00:00-04:00,41.43683182828984,41.79048865111526,41.37052099834666,41.66523361206055,61300,0.0,0.0,0.0
2012-04-18 00:00:00-04:00,41.39262033556358,41.61365548068909,41.363148233383015,41.42209243774414,35700,0.0,0.0,0.0
2012-04-19 00:00:00-04:00,41.458931293568234,41.67996643940499,41.09790506723052,41.31894302368164,58300,0.0,0.0,0.0
2012-04-20 00:00:00-04:00,41.53260465394019,41.628387571607874,41.3631442984445,41.407352447509766,34800,0.0,0.0,0.0
2012-04-23 00:00:00-04:00,40.84739709311621,41.002124222004824,40.71477544584843,40.994754791259766,38800,0.0,0.0,0.0
2012-04-24 00:00:00-04:00,41.08317182752757,41.296840367724585,41.01686099817727,41.20105743408203,57700,0.0,0.0,0.0
2012-04-25 00:00:00-04:00,41.79785137204392,41.85679557565573,41.51050540597218,41.83469009399414,78200,0.0,0.0,0.0
2012-04-26 00:00:00-04:00,41.70943427020064,42.232551384251686,41.70943427020064,42.15150451660156,36500,0.0,0.0,0.0
2012-04-27 00:00:00-04:00,42.34306728444224,42.34306728444224,41.89362764047087,42.23991775512695,69900,0.0,0.0,0.0
2012-04-30 00:00:00-04:00,42.23992496148873,42.23992496148873,41.93784013036538,42.01152038574219,71100,0.0,0.0,0.0
2012-05-01 00:00:00-04:00,42.0778429513529,42.615696317917426,41.95995732047047,42.29151153564453,60000,0.0,0.0,0.0
2012-05-02 00:00:00-04:00,42.04835180799975,42.2620202955754,41.91573018196065,42.225181579589844,86200,0.0,0.0,0.0
2012-05-03 00:00:00-04:00,42.29151145917001,42.31361413660327,41.73892203841752,41.790496826171875,77900,0.0,0.0,0.0
2012-05-04 00:00:00-04:00,41.5768239557826,41.613662684578415,41.142120210516424,41.245269775390625,66800,0.0,0.0,0.0
2012-05-07 00:00:00-04:00,41.068431733826536,41.377880345420785,41.068431733826536,41.289466857910156,86100,0.0,0.0,0.0
2012-05-08 00:00:00-04:00,41.03159338190048,41.15684840863688,40.63373125198406,41.097904205322266,74900,0.0,0.0,0.0
2012-05-09 00:00:00-04:00,40.6558340529596,41.171584591154904,40.47900425306446,40.994754791259766,57500,0.0,0.0,0.0
2012-05-10 00:00:00-04:00,41.282104403238165,41.282104403238165,40.92844758282381,41.03159713745117,51000,0.0,0.0,0.0
2012-05-11 00:00:00-04:00,40.68529535905768,41.3336645618647,40.68529535905768,41.002113342285156,54000,0.0,0.0,0.0
2012-05-14 00:00:00-04:00,40.54531497911787,40.795822222174735,40.45690148469025,40.50847625732422,66800,0.0,0.0,0.0
2012-05-15 00:00:00-04:00,40.493755407901524,40.626377104636504,40.11062637406884,40.191673278808594,66800,0.0,0.0,0.0
2012-05-16 00:00:00-04:00,40.368499759203836,40.47901595680443,39.79380485134324,39.81591033935547,47800,0.0,0.0,0.0
2012-05-17 00:00:00-04:00,39.860111039590656,39.860111039590656,38.8065071105957,38.8065071105957,141100,0.0,0.0,0.0
2012-05-18 00:00:00-04:00,38.93175903941787,38.968597764697485,38.25391468969175,38.29075622558594,70000,0.0,0.0,0.0
2012-05-21 00:00:00-04:00,38.43074081721857,39.204365216294434,38.386532664757496,39.196998596191406,202600,0.0,0.0,0.0
2012-05-22 00:00:00-04:00,39.31488444213568,39.528552964468105,38.990696943254946,39.226470947265625,101300,0.0,0.0,0.0
2012-05-23 00:00:00-04:00,38.83596452818254,39.366451008037394,38.629665479622865,39.336978912353516,60500,0.0,0.0,0.0
2012-05-24 00:00:00-04:00,39.432770149136104,39.55065574616403,39.071743927267505,39.47697830200195,57200,0.0,0.0,0.0
2012-05-25 00:00:00-04:00,39.580127216797024,39.62433255834349,39.43276952020879,39.521183013916016,38100,0.0,0.0,0.0
2012-05-29 00:00:00-04:00,39.904308324109955,40.08850472568185,39.71274530314537,40.022193908691406,157000,0.0,0.0,0.0
2012-05-30 00:00:00-04:00,39.66117031131368,39.66117031131368,39.18962516503992,39.23383331298828,56500,0.0,0.0,0.0
2012-05-31 00:00:00-04:00,39.189632292230456,39.410670261557115,38.70335381881796,39.174896240234375,66600,0.0,0.0,0.0
2012-06-01 00:00:00-04:00,38.371802379970994,38.59283753807203,38.06235091013792,38.08445358276367,268100,0.0,0.0,0.0
2012-06-04 00:00:00-04:00,38.106544404848364,38.1802218256638,37.495011131749166,37.75288772583008,318500,0.0,0.0,0.0
2012-06-05 00:00:00-04:00,37.59081302211938,38.298126737564985,37.5392382393649,38.23918533325195,62100,0.0,0.0,0.0
2012-06-06 00:00:00-04:00,38.58547580666251,39.13806521749363,38.57073975176653,39.123329162597656,90100,0.0,0.0,0.0
2012-06-07 00:00:00-04:00,39.62434019876806,39.6685483594531,38.97597070574311,39.034912109375,43900,0.0,0.0,0.0
2012-06-08 00:00:00-04:00,38.95385821424884,39.381195258836584,38.74755912271783,39.344356536865234,186500,0.0,0.0,0.0
2012-06-11 00:00:00-04:00,39.734859610327426,39.734859610327426,38.622311445022596,38.65915298461914,110500,0.0,0.0,0.0
2012-06-12 00:00:00-04:00,38.79913701238951,39.10121905380416,38.585468472931346,39.086483001708984,225900,0.0,0.0,0.0
2012-06-13 00:00:00-04:00,38.99069652949553,39.17489294804518,38.62230369239622,38.76229476928711,45800,0.0,0.0,0.0
2012-06-14 00:00:00-04:00,38.82124000013116,39.07911669796666,38.732826497457495,39.06438064575195,34500,0.0,0.0,0.0
2012-06-15 00:00:00-04:00,39.14542387614593,39.42540041026545,39.093849103512625,39.381195068359375,68500,0.0,0.0,0.0
2012-06-18 00:00:00-04:00,39.226466895512026,39.624328986638716,39.1085813109904,39.55065155029297,81700,0.0,0.0,0.0
2012-06-19 00:00:00-04:00,39.7717055597334,40.221145442502895,39.69802808839413,40.073787689208984,101200,0.0,0.0,0.0
2012-06-20 00:00:00-04:00,40.07378419590667,40.24324461370711,39.808540825222444,40.05168151855469,82100,0.0,0.0,0.0
2012-06-21 00:00:00-04:00,40.02957104033078,40.07377638642009,39.07911675080639,39.13069152832031,43200,0.0,0.0,0.0
2012-06-22 00:00:00-04:00,39.26332465200724,39.46225719933765,39.13806957674792,39.31489944458008,60100,0.0,0.0,0.0
2012-06-25 00:00:00-04:00,38.86545179457892,38.917026576850496,38.50442550806301,38.68125534057617,57300,0.0,0.0,0.0
2012-06-26 00:00:00-04:00,38.76229457412559,39.03490448523453,38.59283420718683,38.91701889038086,82800,0.0,0.0,0.0
2012-06-27 00:00:00-04:00,39.03489695812811,39.373817626651494,39.012794291672066,39.336978912353516,56900,0.0,0.0,0.0
2012-06-28 00:00:00-04:00,39.086487020881,39.535926818847656,38.94649872750403,39.535926818847656,75000,0.0,0.0,0.0
2012-06-29 00:00:00-04:00,40.30217704268144,40.49374008178711,40.19902749773113,40.49374008178711,113800,0.0,0.0,0.0
2012-07-02 00:00:00-04:00,40.61899204196518,40.70740552944633,40.383220868272716,40.70003890991211,94800,0.0,0.0,0.0
2012-07-03 00:00:00-04:00,40.70004214041462,41.08316822011434,40.677936658829175,41.046329498291016,28600,0.0,0.0,0.0
2012-07-05 00:00:00-04:00,41.04633013744683,41.07580223961014,40.73688149657515,40.884239196777344,44700,0.0,0.0,0.0
2012-07-06 00:00:00-04:00,40.567424456996285,40.618999234710905,40.39059464010716,40.58952713012695,94100,0.0,0.0,0.0
2012-07-09 00:00:00-04:00,40.530567890257146,40.530567890257146,40.213752720621166,40.38321304321289,85700,0.0,0.0,0.0
2012-07-10 00:00:00-04:00,40.58217608204212,40.619014821601034,39.830653990454415,40.00011444091797,69400,0.0,0.0,0.0
2012-07-11 00:00:00-04:00,40.022197848075876,40.1179807732931,39.86747353007334,40.03693389892578,96600,0.0,0.0,0.0
2012-07-12 00:00:00-04:00,39.69801666302949,39.96325998049658,39.469612070629594,39.82326889038086,43700,0.0,0.0,0.0
2012-07-13 00:00:00-04:00,39.97799023449341,40.44216600537315,39.97799023449341,40.3979606628418,54500,0.0,0.0,0.0
2012-07-16 00:00:00-04:00,40.316916732273995,40.375858130159216,40.08114551950399,40.2948112487793,54300,0.0,0.0,0.0
2012-07-17 00:00:00-04:00,40.3242837399682,40.6411018371582,40.08114590410993,40.6411018371582,33200,0.0,0.0,0.0
2012-07-18 00:00:00-04:00,40.456893659059794,40.96527466694971,40.456893659059794,40.8326530456543,50900,0.0,0.0,0.0
2012-07-19 00:00:00-04:00,40.98739219748237,40.98739219748237,40.655838046743064,40.84003448486328,30100,0.0,0.0,0.0
2012-07-20 00:00:00-04:00,40.60426263498927,40.700045568288466,40.4348022518381,40.464271545410156,59800,0.0,0.0,0.0
2012-07-23 00:00:00-04:00,39.87483293220219,40.1621788452253,39.76431678675458,40.08113479614258,42900,0.0,0.0,0.0
2012-07-24 00:00:00-04:00,40.16955962384244,40.1842956761883,39.4106711970255,39.64644241333008,46000,0.0,0.0,0.0
2012-07-25 00:00:00-04:00,39.76433917518636,39.904327495816176,39.491726346243254,39.668556213378906,42200,0.0,0.0,0.0
2012-07-26 00:00:00-04:00,40.221126556396484,40.28743737371128,39.91904456876557,40.221126556396484,24000,0.0,0.0,0.0
2012-07-27 00:00:00-04:00,40.50111790352938,41.097912625990126,40.471645795833446,40.950557708740234,62800,0.0,0.0,0.0
2012-07-30 00:00:00-04:00,40.987392108364446,41.06843899065946,40.86213706919545,41.00949478149414,53000,0.0,0.0,0.0
2012-07-31 00:00:00-04:00,40.921081120239684,41.05370277973459,40.76635678770048,40.81056213378906,33600,0.0,0.0,0.0
2012-08-01 00:00:00-04:00,40.97265226642193,41.009490988435665,40.61899547598432,40.65583419799805,29400,0.0,0.0,0.0
2012-08-02 00:00:00-04:00,40.32428340629391,40.6116293965735,40.01483474310499,40.361122131347656,56100,0.0,0.0,0.0
2012-08-03 00:00:00-04:00,41.08316109329418,41.18631343136537,40.89896470551636,41.10526657104492,47800,0.0,0.0,0.0
2012-08-06 00:00:00-04:00,41.23053372174933,41.39999412270193,41.21579766810804,41.245269775390625,130200,0.0,0.0,0.0
2012-08-07 00:00:00-04:00,41.51051338139506,41.66523772968178,41.422099869604764,41.45893859863281,78100,0.0,0.0,0.0
2012-08-08 00:00:00-04:00,41.31895738252498,41.56946190707615,41.31895738252498,41.517887115478516,37100,0.0,0.0,0.0
2012-08-09 00:00:00-04:00,41.53997028424243,41.687327957033055,41.50313156869823,41.64311981201172,37000,0.0,0.0,0.0
2012-08-10 00:00:00-04:00,41.495777193422136,41.77575659223632,41.44420241082674,41.74628448486328,99800,0.0,0.0,0.0
2012-08-13 00:00:00-04:00,41.72418144389539,41.79785890106729,41.47367415465013,41.70207595825195,57700,0.0,0.0,0.0
2012-08-14 00:00:00-04:00,41.9010048272775,41.9010048272775,41.55471743589831,41.66523361206055,70200,0.0,0.0,0.0
2012-08-15 00:00:00-04:00,41.66524176261478,41.812599503605135,41.62840303002097,41.790496826171875,94600,0.0,0.0,0.0
2012-08-16 00:00:00-04:00,41.86415832510413,42.173609744226056,41.761008788934845,42.122032165527344,94900,0.0,0.0,0.0
2012-08-17 00:00:00-04:00,42.239925193432114,42.3062332077138,42.15150888649445,42.276763916015625,49900,0.0,0.0,0.0
2012-08-20 00:00:00-04:00,42.17361436853605,42.284130536286575,42.070462010442114,42.276763916015625,57700,0.0,0.0,0.0
2012-08-21 00:00:00-04:00,42.45360203755422,42.57885709991007,42.19572810125559,42.232566833496094,96700,0.0,0.0,0.0
2012-08-22 00:00:00-04:00,42.10729892660093,42.210448462770216,41.923102523266046,42.122032165527344,91900,0.0,0.0,0.0
2012-08-23 00:00:00-04:00,42.12202503084865,42.12202503084865,41.68732429079794,41.77573776245117,71000,0.0,0.0,0.0
2012-08-24 00:00:00-04:00,41.72417796017963,42.0704653527125,41.68733923466949,41.982051849365234,59300,0.0,0.0,0.0
2012-08-27 00:00:00-04:00,42.17361830524853,42.17361830524853,41.849430770777765,41.87153625488281,135200,0.0,0.0,0.0
2012-08-28 00:00:00-04:00,41.83468640523038,41.97467747115758,41.67996210031366,41.849422454833984,155100,0.0,0.0,0.0
2012-08-29 00:00:00-04:00,41.92312208264712,42.00416617701007,41.74629221627484,41.94522476196289,57600,0.0,0.0,0.0
2012-08-30 00:00:00-04:00,41.72417782117208,41.75364711511326,41.525245331342546,41.66523361206055,52900,0.0,0.0,0.0
2012-08-31 00:00:00-04:00,41.952575690603425,41.98941722316797,41.64312705348442,41.83469009399414,44100,0.0,0.0,0.0
2012-09-04 00:00:00-04:00,41.85681123408444,42.03363828984134,41.5547291041023,41.94522476196289,56200,0.0,0.0,0.0
2012-09-05 00:00:00-04:00,41.959948806356834,42.02625963593649,41.8199577157917,41.937843322753906,54800,0.0,0.0,0.0
2012-09-06 00:00:00-04:00,42.17361377612836,42.77777781197725,42.136772243447986,42.740936279296875,48900,0.0,0.0,0.0
2012-09-07 00:00:00-04:00,42.785163847033985,43.03567120561739,42.66727819656036,42.9693603515625,111800,0.0,0.0,0.0
2012-09-10 00:00:00-04:00,42.851452187356166,43.06512069489765,42.79251079839439,42.829349517822266,61000,0.0,0.0,0.0
2012-09-11 00:00:00-04:00,42.873570010180124,43.10197464834322,42.81462860038602,42.99882507324219,34300,0.0,0.0,0.0
2012-09-12 00:00:00-04:00,43.168274365706395,43.19774646831549,43.02091666327534,43.16090774536133,41600,0.0,0.0,0.0
2012-09-13 00:00:00-04:00,43.20512072328106,43.76507952934451,42.954613428066345,43.647193908691406,79600,0.0,0.0,0.0
2012-09-14 00:00:00-04:00,43.890323629730986,44.207141703454894,43.890323629730986,44.008209228515625,68000,0.0,0.0,0.0
2012-09-17 00:00:00-04:00,43.860843378815375,44.015570482098845,43.5071866481646,43.59560012817383,88200,0.0,0.0,0.0
2012-09-18 00:00:00-04:00,43.55877676238834,43.55877676238834,43.30826947190585,43.42615509033203,33100,0.0,0.0,0.0
2012-09-19 00:00:00-04:00,43.48509995970715,43.639824309231265,43.37458096112427,43.56614685058594,57900,0.0,0.0,0.0
2012-09-20 00:00:00-04:00,43.32300235351596,43.40404923724016,43.10196718647747,43.3819465637207,378300,0.0,0.0,0.0
2012-09-21 00:00:00-04:00,43.55876993513982,43.684024966056455,43.33036816620884,43.3451042175293,55900,0.0,0.0,0.0
2012-09-24 00:00:00-04:00,43.12407336415564,43.40405276414933,43.0061877447817,43.28616714477539,65200,0.0,0.0,0.0
2012-09-25 00:00:00-04:00,43.470355857980266,43.470355857980266,42.659892720467056,42.6819953918457,76600,0.0,0.0,0.0
2012-09-26 00:00:00-04:00,42.763049527367706,42.763049527367706,42.32834578256606,42.45359802246094,99700,0.0,0.0,0.0
2012-09-27 00:00:00-04:00,42.645160338804615,42.88093155584533,42.43885841593303,42.78514862060547,62500,0.0,0.0,0.0
2012-09-28 00:00:00-04:00,42.59358189571675,42.77777831884379,42.44622419509225,42.6819953918457,58000,0.0,0.0,0.0
2012-10-01 00:00:00-04:00,42.81462457224719,43.028293135205345,42.56411728030674,42.667266845703125,48000,0.0,0.0,0.0
2012-10-02 00:00:00-04:00,42.78515616986685,42.87356968920366,42.6377984305621,42.83673095703125,41200,0.0,0.0,0.0
2012-10-03 00:00:00-04:00,42.91777038574219,43.087230772738316,42.7335739463184,42.91777038574219,66500,0.0,0.0,0.0
2012-10-04 00:00:00-04:00,43.19036504139461,43.29351456126264,43.043007379891584,43.27141189575195,97100,0.0,0.0,0.0
2012-10-05 00:00:00-04:00,43.5293041551723,43.65455638558021,43.278796883741855,43.367210388183594,39100,0.0,0.0,0.0
2012-10-08 00:00:00-04:00,43.16090748720267,43.33773448057077,43.16090748720267,43.24932098388672,36100,0.0,0.0,0.0
2012-10-09 00:00:00-04:00,43.227215655756055,43.30826253242783,42.88092828808719,42.910400390625,47900,0.0,0.0,0.0
2012-10-10 00:00:00-04:00,42.97670272684836,42.97670272684836,42.571468423535336,42.637779235839844,51800,0.0,0.0,0.0
2012-10-11 00:00:00-04:00,42.807247726093394,43.04301892348363,42.807247726093394,42.81461715698242,90900,0.0,0.0,0.0
2012-10-12 00:00:00-04:00,42.821990779614296,42.89567104748111,42.505172654324085,42.55674743652344,49300,0.0,0.0,0.0
2012-10-15 00:00:00-04:00,42.75566876839257,42.910395885162984,42.497794924798704,42.88829040527344,80400,0.0,0.0,0.0
2012-10-16 00:00:00-04:00,43.0872268507228,43.34510352881164,43.07249079963649,43.322998046875,65000,0.0,0.0,0.0
2012-10-17 00:00:00-04:00,43.337738294936315,43.71350060749136,43.337738294936315,43.66929244995117,40500,0.0,0.0,0.0
2012-10-18 00:00:00-04:00,43.62508053878846,43.85348511717161,43.60297786722745,43.735599517822266,64800,0.0,0.0,0.0
2012-10-19 00:00:00-04:00,43.580871391775396,43.63244616132571,43.03564878573963,43.14616775512695,82900,0.0,0.0,0.0
2012-10-22 00:00:00-04:00,43.116695655208446,43.25668391390013,42.866188427129444,43.14616775512695,55700,0.0,0.0,0.0
2012-10-23 00:00:00-04:00,42.56412116596271,42.75568426052729,42.29151117386943,42.61569595336914,48900,0.0,0.0,0.0
2012-10-24 00:00:00-04:00,42.79988825612415,42.79988825612415,42.3872871864534,42.45359802246094,50400,0.0,0.0,0.0
2012-10-25 00:00:00-04:00,42.718845810675106,42.80725933101149,42.32098075323868,42.52728271484375,73600,0.0,0.0,0.0
2012-10-26 00:00:00-04:00,42.57885307297065,42.72621079861126,42.239932271427634,42.45359802246094,48800,0.0,0.0,0.0
2012-10-31 00:00:00-04:00,42.57148734691723,42.718845085386086,42.424132419063454,42.62306213378906,94300,0.0,0.0,0.0
2012-11-01 00:00:00-04:00,42.67461463144083,43.286147942963616,42.67461463144083,43.27141189575195,72800,0.0,0.0,0.0
2012-11-02 00:00:00-04:00,43.49246225254692,43.49246225254692,42.89566758931969,42.90303421020508,42500,0.0,0.0,0.0
2012-11-05 00:00:00-05:00,42.85882983457559,43.07249839709401,42.718841540485,43.02092361450195,60700,0.0,0.0,0.0
2012-11-06 00:00:00-05:00,43.14617551724116,43.57350980048151,43.14617551724116,43.46299362182617,73400,0.0,0.0,0.0
2012-11-07 00:00:00-05:00,42.939873241339306,42.96934534631972,42.298870416395815,42.57884979248047,127400,0.0,0.0,0.0
2012-11-08 00:00:00-05:00,42.600944444935,42.63778316391715,42.055724658525385,42.06309127807617,60300,0.0,0.0,0.0
2012-11-09 00:00:00-05:00,41.79048138487136,42.42411746957506,41.59154892963085,42.06309127807617,98800,0.0,0.0,0.0
2012-11-12 00:00:00-05:00,42.31359869078443,42.31359869078443,41.952572497674936,42.02625274658203,80400,0.0,0.0,0.0
2012-11-13 00:00:00-05:00,41.76101714347767,42.2546622540771,41.70207293352362,41.8568000793457,55500,0.0,0.0,0.0
2012-11-14 00:00:00-05:00,42.02625604802718,42.02625604802718,41.12737661504635,41.193687438964844,90300,0.0,0.0,0.0
2012-11-15 00:00:00-05:00,41.15685592678217,41.370524486907144,40.90634863816337,41.08317565917969,95700,0.0,0.0,0.0
2012-11-16 00:00:00-05:00,41.14210904925934,41.41471894113104,40.81792438894203,41.392616271972656,104300,0.0,0.0,0.0
2012-11-19 00:00:00-05:00,41.85679220328487,42.06309127807617,41.85679220328487,42.06309127807617,92200,0.0,0.0,0.0
2012-11-20 00:00:00-05:00,42.026248634137524,42.21044502245971,41.87889096135701,42.166236877441406,107800,0.0,0.0,0.0
2012-11-21 00:00:00-05:00,42.23255582006856,42.343074798583984,42.0999341700958,42.343074798583984,141600,0.0,0.0,0.0
2012-11-23 00:00:00-05:00,42.57147590930164,42.740936279296875,42.475695794052804,42.740936279296875,55600,0.0,0.0,0.0
2012-11-26 00:00:00-05:00,42.645164170436715,42.740944303667725,42.527278551324436,42.667266845703125,268700,0.0,0.0,0.0
2012-11-27 00:00:00-05:00,42.70410975551652,42.81462876389835,42.51991328195689,42.52728271484375,130800,0.0,0.0,0.0
2012-11-28 00:00:00-05:00,42.37991682480651,42.829356583569435,42.15151222969014,42.82198715209961,109200,0.0,0.0,0.0
2012-11-29 00:00:00-05:00,43.03564414975414,43.13879367774305,42.80723961591166,42.99143600463867,90300,0.0,0.0,0.0
2012-11-30 00:00:00-05:00,43.10195960524919,43.17563704443131,42.94723529659826,43.14616775512695,86800,0.0,0.0,0.0
2012-12-03 00:00:00-05:00,43.39668262555522,43.41878529907941,42.90303470213617,42.961978912353516,188300,0.0,0.0,0.0
2012-12-04 00:00:00-05:00,42.95461690793526,43.08723859324091,42.81462860038602,42.99882507324219,132000,0.0,0.0,0.0
2012-12-05 00:00:00-05:00,43.124058530918695,43.330360401823285,42.84408203784245,43.21247482299805,88800,0.0,0.0,0.0
2012-12-06 00:00:00-05:00,43.160918427735616,43.37458419799805,43.13144631783215,43.37458419799805,44400,0.0,0.0,0.0
2012-12-07 00:00:00-05:00,43.477730603552665,43.55141087294181,43.345111739882,43.51457214355469,96200,0.0,0.0,0.0
2012-12-10 00:00:00-05:00,43.514568237028925,43.735603404123104,43.477726700334365,43.68402862548828,141400,0.0,0.0,0.0
2012-12-11 00:00:00-05:00,43.81664232201951,43.927158480167485,43.706123353257404,43.82400894165039,87100,0.0,0.0,0.0
2012-12-12 00:00:00-05:00,43.978740853604904,44.07452378905254,43.72823358362889,43.75770568847656,102200,0.0,0.0,0.0
2012-12-13 00:00:00-05:00,43.86085200761182,43.89769354125958,43.44088438167994,43.529300689697266,105500,0.0,0.0,0.0
2012-12-14 00:00:00-05:00,43.44089102197241,43.58824874724504,43.38194961823226,43.41141891479492,68100,0.0,0.0,0.0
2012-12-17 00:00:00-05:00,43.50719883634148,43.87559171863161,43.50719883634148,43.86822509765625,137100,0.0,0.0,0.0
2012-12-18 00:00:00-05:00,43.96401298558923,44.45766099653492,43.93454368587011,44.4355583190918,150600,0.0,0.0,0.0
2012-12-19 00:00:00-05:00,44.52396013378381,44.52396013378381,44.28818893432617,44.28818893432617,174900,0.0,0.0,0.0
2012-12-20 00:00:00-05:00,44.46503469012496,44.67870330810547,44.3103103021869,44.67870330810547,107100,0.0,0.0,0.0
2012-12-21 00:00:00-05:00,44.059788221574465,44.39134237822355,44.01558287443102,44.23661804199219,131700,0.0,0.0,0.0
2012-12-24 00:00:00-05:00,44.24410908220792,44.26663858123506,44.048871565972405,44.1615104675293,66000,1.13,0.0,0.0
2012-12-26 00:00:00-05:00,44.304208995821064,44.32673564306832,43.87618551095587,43.898712158203125,111400,0.0,0.0,0.0
2012-12-27 00:00:00-05:00,43.95126292820936,43.95126292820936,43.38056607614452,43.838626861572266,142300,0.0,0.0,0.0
2012-12-28 00:00:00-05:00,43.658407179934194,43.763535326173944,43.41811345580702,43.43313217163086,122900,0.0,0.0,0.0
2012-12-31 00:00:00-05:00,43.41810001921159,44.19905581320617,43.33549854000671,44.1615104675293,334600,0.0,0.0,0.0
2013-01-02 00:00:00-05:00,45.182773684815295,45.22032190884515,44.85237051085472,45.20530319213867,192100,0.0,0.0,0.0
2013-01-03 00:00:00-05:00,45.24284362792969,45.453099909883875,45.1452234122251,45.24284362792969,206600,0.0,0.0,0.0
2013-01-04 00:00:00-05:00,45.45310701105569,45.59578339426675,45.23534276980753,45.55823516845703,159800,0.0,0.0,0.0
2013-01-07 00:00:00-05:00,45.40805833093815,45.43809290429514,45.2804006521919,45.37051010131836,448200,0.0,0.0,0.0
2013-01-08 00:00:00-05:00,45.295412627850226,45.33295798735276,45.07764553239726,45.20530319213867,71700,0.0,0.0,0.0
2013-01-09 00:00:00-05:00,45.34797641252345,45.52068735674664,45.34797641252345,45.50566864013672,102500,0.0,0.0,0.0
2013-01-10 00:00:00-05:00,45.75346620556456,45.8060302734375,45.51317250542343,45.8060302734375,839600,0.0,0.0,0.0
2013-01-11 00:00:00-05:00,45.80604385429197,45.88113458365186,45.56575008290708,45.70842361450195,88300,0.0,0.0,0.0
2013-01-14 00:00:00-05:00,45.670877739291974,45.76849797799075,45.54322292790161,45.738460540771484,148400,0.0,0.0,0.0
2013-01-15 00:00:00-05:00,45.55072980447973,45.97124532226875,45.535711086216445,45.94120788574219,110900,0.0,0.0,0.0
2013-01-16 00:00:00-05:00,45.88863694119838,45.97123844702913,45.806035435367626,45.89614486694336,69400,0.0,0.0,0.0
2013-01-17 00:00:00-05:00,46.06885620743682,46.44431551756924,46.06885620743682,46.35420608520508,67700,0.0,0.0,0.0
2013-01-18 00:00:00-05:00,46.451841368277215,46.5644774791189,46.256600859573275,46.53444290161133,113800,0.0,0.0,0.0
2013-01-22 00:00:00-05:00,46.57196230604146,46.99998559056058,46.57196230604146,46.97745895385742,127600,0.0,0.0,0.0
2013-01-23 00:00:00-05:00,46.97747609016532,46.97747609016532,46.759708974176604,46.894874572753906,101700,0.0,0.0,0.0
2013-01-24 00:00:00-05:00,46.76719815188798,47.225258845148105,46.76719815188798,47.02251052856445,90900,0.0,0.0,0.0
2013-01-25 00:00:00-05:00,47.27783940643565,47.2928581237793,47.04505644892768,47.2928581237793,95700,0.0,0.0,0.0
2013-01-28 00:00:00-05:00,47.46555511621079,47.46555511621079,47.04504261237649,47.24028015136719,160600,0.0,0.0,0.0
2013-01-29 00:00:00-05:00,47.24028727156706,47.43552483998456,47.13515912976325,47.41299819946289,113700,0.0,0.0,0.0
2013-01-30 00:00:00-05:00,47.48809551712622,47.48809551712622,47.21776435145802,47.247798919677734,98000,0.0,0.0,0.0
2013-01-31 00:00:00-05:00,47.17270618477819,47.43552654875529,47.13516082771391,47.36794662475586,90600,0.0,0.0,0.0
2013-02-01 00:00:00-05:00,47.74340785464177,47.78846113912948,47.5706940490147,47.735897064208984,121200,0.0,0.0,0.0
2013-02-04 00:00:00-05:00,47.585715950661864,47.60073466800551,47.27783940643565,47.2928581237793,225100,0.0,0.0,0.0
2013-02-05 00:00:00-05:00,47.55567904926856,47.82600735462013,47.503112108878966,47.71337127685547,102800,0.0,0.0,0.0
2013-02-06 00:00:00-05:00,47.6307670436486,47.9611701965332,47.548165539295674,47.9611701965332,120800,0.0,0.0,0.0
2013-02-07 00:00:00-05:00,47.99871470724244,48.013733422726055,47.518127269875,47.84102249145508,353000,0.0,0.0,0.0
2013-02-08 00:00:00-05:00,47.98369783545959,48.18644332885742,47.96116833044992,48.18644332885742,136600,0.0,0.0,0.0
2013-02-11 00:00:00-05:00,48.17894675323513,48.2240000421351,48.07381286404344,48.16392517089844,178700,0.0,0.0,0.0
2013-02-12 00:00:00-05:00,48.21648500260106,48.404214661883444,48.17143171767074,48.359161376953125,114900,0.0,0.0,0.0
2013-02-13 00:00:00-05:00,48.38921235428762,48.55441541734594,48.306610822758465,48.40422821044922,70800,0.0,0.0,0.0
2013-02-14 00:00:00-05:00,48.27656753624578,48.56191460121666,48.254040890202745,48.52437210083008,89500,0.0,0.0,0.0
2013-02-15 00:00:00-05:00,48.54687946358108,48.62948095229906,48.33662321195463,48.47929382324219,93300,0.0,0.0,0.0
2013-02-19 00:00:00-05:00,48.6445198446942,48.824738755883075,48.60697734143513,48.809722900390625,219200,0.0,0.0,0.0
2013-02-20 00:00:00-05:00,48.772165286725134,48.82472936442182,47.92362925274864,47.95366668701172,137700,0.0,0.0,0.0
2013-02-21 00:00:00-05:00,47.82599167989223,48.02873999085164,47.35291515217996,47.56317138671875,111100,0.0,0.0,0.0
2013-02-22 00:00:00-05:00,47.7884571570512,48.05878829956055,47.780949231771274,48.05878829956055,78500,0.0,0.0,0.0
2013-02-25 00:00:00-05:00,48.321612808647345,48.32912359910031,47.09010671086741,47.105125427246094,210300,0.0,0.0,0.0
2013-02-26 00:00:00-05:00,47.23277149722964,47.47306517128619,46.93991089647959,47.428009033203125,84600,0.0,0.0,0.0
2013-02-27 00:00:00-05:00,47.39046272663556,48.20896106799831,47.39046272663556,48.11885452270508,65800,0.0,0.0,0.0
2013-02-28 00:00:00-05:00,48.0963330517873,48.41922824155633,48.03625819577129,48.0662956237793,147800,0.0,0.0,0.0
2013-03-01 00:00:00-05:00,47.886090699765084,48.208983138150316,47.60074076275472,48.14140319824219,150400,0.0,0.0,0.0
2013-03-04 00:00:00-05:00,48.11887454250534,48.351657520099245,47.97619814769341,48.344146728515625,321100,0.0,0.0,0.0
2013-03-05 00:00:00-05:00,48.63699130009797,48.959886501361076,48.63699130009797,48.87728500366211,158700,0.0,0.0,0.0
2013-03-06 00:00:00-05:00,49.07253659271434,49.0950632373839,48.88480691506122,48.952392578125,128800,0.0,0.0,0.0
2013-03-07 00:00:00-05:00,48.997432556973344,49.11758226797829,48.967395129222105,49.03498077392578,131500,0.0,0.0,0.0
2013-03-08 00:00:00-05:00,49.37290175717238,49.440481686437465,49.06502235748558,49.41044998168945,263200,0.0,0.0,0.0
2013-03-11 00:00:00-04:00,49.35038038145015,49.635727439450136,49.30532709046471,49.605690002441406,185700,0.0,0.0,0.0
2013-03-12 00:00:00-04:00,49.583154372282486,49.73334153011163,49.493047806639275,49.65824508666992,105200,0.0,0.0,0.0
2013-03-13 00:00:00-04:00,49.6807757882423,49.853483852626304,49.53058863545829,49.78590393066406,94000,0.0,0.0,0.0
2013-03-14 00:00:00-04:00,49.92858064084817,50.176385176309275,49.92107557908616,50.16136932373047,94600,0.0,0.0,0.0
2013-03-15 00:00:00-04:00,50.09378712693461,50.19140449808103,49.98865896445226,50.15386199951172,144000,0.0,0.0,0.0
2013-03-18 00:00:00-04:00,49.57565024494881,50.07125933881198,49.560634391674945,49.88352966308594,122600,0.0,0.0,0.0
2013-03-19 00:00:00-04:00,49.9811303563426,50.003656993265146,49.35787239495722,49.65073013305664,116100,0.0,0.0,0.0
2013-03-20 00:00:00-04:00,49.957200380847496,50.16000110204123,49.86706354330882,50.06986999511719,140800,0.018,0.0,0.0
2013-03-21 00:00:00-04:00,49.897107409127734,50.002264183934436,49.57412424918875,49.67176818847656,111800,0.0,0.0,0.0
2013-03-22 00:00:00-04:00,49.867063732793085,49.91212928642635,49.7619069539057,49.874576568603516,66000,0.0,0.0,0.0
2013-03-25 00:00:00-04:00,50.092388015699854,50.19754476321073,49.55157861100795,49.75437927246094,165900,0.0,0.0,0.0
2013-03-26 00:00:00-04:00,49.979722377804656,50.1299446773541,49.919631165739524,50.09239196777344,119400,0.0,0.0,0.0
2013-03-27 00:00:00-04:00,49.8445198322788,50.16750293267191,49.68678469914914,50.1524772644043,90600,0.0,0.0,0.0
2013-03-28 00:00:00-04:00,50.129951541477276,50.54307151772545,50.08488599156445,50.467960357666016,184900,0.0,0.0,0.0
2013-04-01 00:00:00-04:00,50.528051117334385,50.54307678928193,49.98724727013301,50.11493682861328,349700,0.0,0.0,0.0
2013-04-02 00:00:00-04:00,50.355291518252464,50.37031145824715,49.92715159572539,50.02479553222656,200000,0.0,0.0,0.0
2013-04-03 00:00:00-04:00,50.17502367889854,50.17502367889854,49.28869822158639,49.42390060424805,155300,0.0,0.0,0.0
2013-04-04 00:00:00-04:00,49.491498568898145,49.769416167510684,49.45394012319415,49.746883392333984,125600,0.0,0.0,0.0
2013-04-05 00:00:00-04:00,49.198562701846406,49.68679385951433,48.950690705253,49.67176818847656,128200,0.0,0.0,0.0
2013-04-08 00:00:00-04:00,49.76189392624453,50.09238984800373,49.544067589686264,50.084877014160156,127000,0.0,0.0,0.0
2013-04-09 00:00:00-04:00,50.20506498429242,50.38533865336888,49.93466594190661,50.21257781982422,87500,0.0,0.0,0.0
2013-04-10 00:00:00-04:00,50.370313702619214,50.783433703559155,50.370313702619214,50.77592086791992,89000,0.0,0.0,0.0
2013-04-11 00:00:00-04:00,50.903604731883895,51.113923991976115,50.73084964578979,50.978721618652344,102900,0.0,0.0,0.0
2013-04-12 00:00:00-04:00,50.76089289272756,50.888582425310965,50.57311214577069,50.8284912109375,105400,0.0,0.0,0.0
2013-04-15 00:00:00-04:00,50.573121891801,50.58814183298208,49.33376757692493,49.356300354003906,125500,0.0,0.0,0.0
2013-04-16 00:00:00-04:00,49.84453057429313,50.220092133333544,49.679282571417005,50.19755935668945,127000,0.0,0.0,0.0
2013-04-17 00:00:00-04:00,49.79193865075027,49.829491358077924,49.11592688210889,49.45392990112305,84800,0.0,0.0,0.0
2013-04-18 00:00:00-04:00,49.58913430295706,49.58913430295706,49.085883305199644,49.258644104003906,118500,0.0,0.0,0.0
2013-04-19 00:00:00-04:00,49.44643766576488,49.852044848909195,49.33376804867789,49.84453201293945,62000,0.0,0.0,0.0
2013-04-22 00:00:00-04:00,49.874574457221414,50.099907946463155,49.401363241646386,49.93466567993164,76500,0.0,0.0,0.0
2013-04-23 00:00:00-04:00,50.23510726269052,50.49800491333008,50.05483933618933,50.49800491333008,81600,0.0,0.0,0.0
2013-04-24 00:00:00-04:00,50.5656136427631,50.828505616889544,50.52805519048136,50.73086166381836,73100,0.0,0.0,0.0
2013-04-25 00:00:00-04:00,50.986239109417944,51.26415674748065,50.8735752175419,51.0087776184082,126900,0.0,0.0,0.0
2013-04-26 00:00:00-04:00,50.92614062964262,51.05383016163102,50.62569028978895,50.753379821777344,62700,0.0,0.0,0.0
2013-04-29 00:00:00-04:00,50.91863718498179,51.12143790667808,50.80596757043289,51.01628112792969,128100,0.0,0.0,0.0
2013-04-30 00:00:00-04:00,51.07636205289103,51.33174111246101,50.836002931278436,51.32423400878906,105700,0.0,0.0,0.0
2013-05-01 00:00:00-04:00,51.166497618638594,51.166497618638594,50.715819262372065,50.74586486816406,338500,0.0,0.0,0.0
2013-05-02 00:00:00-04:00,50.9636939103831,51.28667702648012,50.85102431535137,51.24161148071289,78000,0.0,0.0,0.0
2013-05-03 00:00:00-04:00,51.722339434344136,52.01527699797743,51.722339434344136,51.85002899169922,123500,0.0,0.0,0.0
2013-05-06 00:00:00-04:00,51.85003196407257,52.07537120929978,51.804966407273156,52.02279281616211,353400,0.0,0.0,0.0
2013-05-07 00:00:00-04:00,52.18050710824318,52.360774993896484,52.02277199196993,52.360774993896484,250500,0.0,0.0,0.0
2013-05-08 00:00:00-04:00,52.24061988803959,52.55609025086928,52.24061988803959,52.518531799316406,269600,0.0,0.0,0.0
2013-05-09 00:00:00-04:00,52.51101382751488,52.57861214958394,52.20305063422977,52.27064895629883,118900,0.0,0.0,0.0
2013-05-10 00:00:00-04:00,52.42839962754143,52.54857635498047,52.24061883479324,52.54857635498047,75400,0.0,0.0,0.0
2013-05-13 00:00:00-04:00,52.443418073845116,52.526042078747146,52.23310450886352,52.42839813232422,159800,0.0,0.0,0.0
2013-05-14 00:00:00-04:00,52.480984974193724,53.014281808588414,52.480984974193724,52.9992561340332,94500,0.0,0.0,0.0
2013-05-15 00:00:00-04:00,52.90912014427854,53.44992976622449,52.80396335452407,53.367305755615234,113800,0.0,0.0,0.0
2013-05-16 00:00:00-04:00,53.31471692348822,53.46493924212456,52.97670811063527,53.06684494018555,109600,0.0,0.0,0.0
2013-05-17 00:00:00-04:00,53.277168077507916,53.697795229965664,53.247122462244484,53.675262451171875,127900,0.0,0.0,0.0
2013-05-20 00:00:00-04:00,53.60765437916441,53.86303346660174,53.53253748934014,53.66773986816406,368300,0.0,0.0,0.0
2013-05-21 00:00:00-04:00,53.73534540161842,53.85552211353896,53.47245347184135,53.6527214050293,85800,0.0,0.0,0.0
2013-05-22 00:00:00-04:00,53.81795851600209,54.17849430947623,52.85652209258692,53.006744384765625,189900,0.0,0.0,0.0
2013-05-23 00:00:00-04:00,52.39083531464587,52.999243181277414,52.285678540922255,52.879066467285156,151700,0.0,0.0,0.0
2013-05-24 00:00:00-04:00,52.57860655662897,52.74385452270508,52.285669064262535,52.74385452270508,97300,0.0,0.0,0.0
2013-05-28 00:00:00-04:00,53.39733070093653,53.5024931918833,52.81145568461946,53.044307708740234,119100,0.0,0.0,0.0
2013-05-29 00:00:00-04:00,52.95416565917163,52.95416565917163,52.32322515945875,52.66122817993164,110100,0.0,0.0,0.0
2013-05-30 00:00:00-04:00,52.74386219807161,53.10439805778218,52.713816587993364,52.94666290283203,66000,0.0,0.0,0.0
2013-05-31 00:00:00-04:00,52.6837808726494,53.089388088963,52.27066081975169,52.28568649291992,96200,0.0,0.0,0.0
2013-06-03 00:00:00-04:00,52.34576732241608,52.36078726198436,51.74486658863083,52.25563049316406,201000,0.0,0.0,0.0
2013-06-04 00:00:00-04:00,52.29320187993377,52.48848979572336,51.67728105414736,51.970218658447266,104100,0.0,0.0,0.0
2013-06-05 00:00:00-04:00,51.7974430325455,51.8500214149859,51.19654805188577,51.24912643432617,139500,0.0,0.0,0.0
2013-06-06 00:00:00-04:00,51.18904498650327,51.72985458374024,50.97873141660333,51.729854583740234,112100,0.0,0.0,0.0
2013-06-07 00:00:00-04:00,52.18803684126883,52.39083756197378,51.827495222597726,52.35327911376953,126200,0.0,0.0,0.0
2013-06-10 00:00:00-04:00,52.571102327953646,52.571102327953646,52.2030536263828,52.44341278076172,113800,0.0,0.0,0.0
2013-06-11 00:00:00-04:00,52.015288684248894,52.35329187803732,51.7298638923968,51.92515182495117,81100,0.0,0.0,0.0
2013-06-12 00:00:00-04:00,52.34576607191908,52.34576607191908,51.40686227944307,51.47446060180664,101600,0.0,0.0,0.0
2013-06-13 00:00:00-04:00,51.399355273896504,52.428396010178034,51.35428972054309,52.35327911376953,65900,0.0,0.0,0.0
2013-06-14 00:00:00-04:00,52.338253187950436,52.57109949446976,52.007757219512186,52.14295959472656,97300,0.0,0.0,0.0
2013-06-17 00:00:00-04:00,52.53355619459748,52.668758594038614,52.20306016693806,52.47346496582031,98900,0.0,0.0,0.0
2013-06-18 00:00:00-04:00,52.54105489665866,52.939154925672824,52.45843090295893,52.84901809692383,126600,0.0,0.0,0.0
2013-06-19 00:00:00-04:00,52.85652580675994,52.879058579108786,52.06784439086914,52.06784439086914,122600,0.0,0.0,0.0
2013-06-20 00:00:00-04:00,51.59463402654369,51.59463402654369,50.640704730855234,50.760887145996094,182700,0.0,0.0,0.0
2013-06-21 00:00:00-04:00,50.9937536379448,51.324249680055324,50.20507198495024,50.73086166381836,167500,0.0,0.0,0.0
2013-06-24 00:00:00-04:00,50.092399588738346,50.407869904155284,49.54407722379667,50.02479553222656,230800,0.0,0.0,0.0
2013-06-25 00:00:00-04:00,50.65574286464831,50.790945249649184,50.19755732273505,50.66324996948242,207200,0.0,0.0,0.0
2013-06-26 00:00:00-04:00,51.23409521615074,51.24160805014686,50.81346820218066,51.12142562866211,94100,0.0,0.0,0.0
2013-06-27 00:00:00-04:00,51.52703631382682,51.880065038395216,51.466945098876096,51.78242111206055,75400,0.0,0.0,0.0
2013-06-28 00:00:00-04:00,51.62469546083062,51.92514012958697,51.42940184164721,51.57962417602539,130300,0.0,0.0,0.0
2013-07-01 00:00:00-04:00,51.90261332231802,52.27817493207519,51.88008054263105,52.06034851074219,175500,0.0,0.0,0.0
2013-07-02 00:00:00-04:00,52.05283268378567,52.27065333801015,51.669758301440396,51.8875846862793,74900,0.0,0.0,0.0
2013-07-03 00:00:00-04:00,51.66976357302072,51.90260992201876,51.53456117314105,51.80496597290039,51800,0.0,0.0,0.0
2013-07-05 00:00:00-04:00,52.24810541638338,52.368287827227434,51.71480886214162,52.360774993896484,284800,0.0,0.0,0.0
2013-07-08 00:00:00-04:00,52.65372085571289,52.74385767822341,52.52603132178325,52.65372085571289,169100,0.0,0.0,0.0
2013-07-09 00:00:00-04:00,53.021774713990716,53.13444432051451,52.7814155610266,53.036800384521484,124200,0.0,0.0,0.0
2013-07-10 00:00:00-04:00,52.99923941118429,53.172000230363416,52.796438713604765,53.08186340332031,147100,0.0,0.0,0.0
2013-07-11 00:00:00-04:00,53.8780776352105,53.8780776352105,53.427399063986236,53.71282958984375,131800,0.0,0.0,0.0
2013-07-12 00:00:00-04:00,53.72783431334496,53.983219146728516,53.51752076268465,53.983219146728516,204800,0.0,0.0,0.0
2013-07-15 00:00:00-04:00,54.11090597725685,54.18601713719951,53.90809954173607,54.15597152709961,85800,0.0,0.0,0.0
2013-07-16 00:00:00-04:00,54.30619479078532,54.30619479078532,53.652715722595254,53.78791809082031,81500,0.0,0.0,0.0
2013-07-17 00:00:00-04:00,54.00576274259014,54.09589386486508,53.84051471093194,53.89309310913086,187900,0.0,0.0,0.0
2013-07-18 00:00:00-04:00,54.11089908811085,54.47143490217957,54.06583354400562,54.44890213012695,73200,0.0,0.0,0.0
2013-07-19 00:00:00-04:00,54.41886309537977,54.4864671503148,54.216062391802936,54.47895431518555,97200,0.0,0.0,0.0
2013-07-22 00:00:00-04:00,54.531550285361156,54.71181827229773,54.43390631964885,54.62919998168945,95800,0.0,0.0,0.0
2013-07-23 00:00:00-04:00,54.78690390456566,54.78690390456566,54.478940777548345,54.539031982421875,90100,0.0,0.0,0.0
2013-07-24 00:00:00-04:00,54.76438938200005,54.76438938200005,54.005753426891424,54.103397369384766,90000,0.0,0.0,0.0
2013-07-25 00:00:00-04:00,54.02075655861714,54.38129806518555,53.98320385270372,54.38129806518555,70500,0.0,0.0,0.0
2013-07-26 00:00:00-04:00,54.170995552948455,54.36628341674805,53.930636410060195,54.36628341674805,71700,0.0,0.0,0.0
2013-07-29 00:00:00-04:00,54.186003565265715,54.3888099499897,54.035781283006465,54.14844512939453,462000,0.0,0.0,0.0
2013-07-30 00:00:00-04:00,54.41886180017317,54.486465853499176,54.201041162136235,54.36628341674805,60300,0.0,0.0,0.0
2013-07-31 00:00:00-04:00,54.48646545410156,54.914605353314606,54.456419845134015,54.48646545410156,84400,0.0,0.0,0.0
2013-08-01 00:00:00-04:00,55.13243785760052,55.47044096753677,54.9972354675031,55.44039535522461,146900,0.0,0.0,0.0
2013-08-02 00:00:00-04:00,55.40284263779536,55.46292813180508,55.13995069333221,55.44039535522461,137500,0.0,0.0,0.0
2013-08-05 00:00:00-04:00,55.41036097245024,55.447919428105735,55.252625773805526,55.36529541015625,85100,0.0,0.0,0.0
2013-08-06 00:00:00-04:00,55.31270722145999,55.365285611702994,54.89958720482585,54.952171325683594,82000,0.0,0.0,0.0
2013-08-07 00:00:00-04:00,54.771896779302466,54.8019423919102,54.539050444860784,54.71931838989258,95500,0.0,0.0,0.0
2013-08-08 00:00:00-04:00,54.98220656413829,55.169987332090415,54.794425796186154,55.05732345581055,83700,0.0,0.0,0.0
2013-08-09 00:00:00-04:00,54.974699459462464,55.2375913884726,54.862029852568334,55.05732345581055,69900,0.0,0.0,0.0
2013-08-12 00:00:00-04:00,54.91462135413187,55.087376492764534,54.74937332196801,54.98221969604492,117100,0.0,0.0,0.0
2013-08-13 00:00:00-04:00,55.11742847307878,55.14747409426928,54.719334020883174,55.004764556884766,54200,0.0,0.0,0.0
2013-08-14 00:00:00-04:00,55.01976431387774,55.01976431387774,54.74935955299862,54.76438522338867,67900,0.0,0.0,0.0
2013-08-15 00:00:00-04:00,54.41886618854724,54.41886618854724,53.84801675978768,53.983219146728516,133600,0.0,0.0,0.0
2013-08-16 00:00:00-04:00,53.863029888584194,54.088369081859916,53.71280758014287,53.81045150756836,100000,0.0,0.0,0.0
2013-08-19 00:00:00-04:00,53.765379435089145,53.85551051696829,53.374792311569394,53.38230514526367,470100,0.0,0.0,0.0
2013-08-20 00:00:00-04:00,53.41988101280019,54.04330887812223,53.40485534050911,53.93064498901367,110500,0.0,0.0,0.0
2013-08-21 00:00:00-04:00,53.64518686137389,53.923104349311394,53.397314971911676,53.494964599609375,92300,0.0,0.0,0.0
2013-08-22 00:00:00-04:00,53.667739107321545,54.32873105247392,53.615160723558425,54.04330062866211,67600,0.0,0.0,0.0
2013-08-23 00:00:00-04:00,54.26862753969212,54.26862753969212,53.88555327013449,54.14844512939453,94500,0.0,0.0,0.0
2013-08-26 00:00:00-04:00,54.276145432808256,54.3362309129457,53.96066944167365,54.058319091796875,92700,0.0,0.0,0.0
2013-08-27 00:00:00-04:00,53.412366602472915,53.51001054702752,52.901602641312785,52.93164825439453,165500,0.0,0.0,0.0
2013-08-28 00:00:00-04:00,52.87907939067034,53.17201700772355,52.76640975396932,52.9992561340332,68400,0.0,0.0,0.0
2013-08-29 00:00:00-04:00,52.90911486930635,53.35227476328693,52.879069256569835,53.17951965332031,69200,0.0,0.0,0.0
2013-08-30 00:00:00-04:00,53.23210526569889,53.23210526569889,52.75889396415994,52.89409637451172,82500,0.0,0.0,0.0
2013-09-03 00:00:00-04:00,53.457424698566,53.66773823018113,52.81145843396871,53.07435607910156,127900,0.0,0.0,0.0
2013-09-04 00:00:00-04:00,53.171992553576885,53.62266516249793,52.9166077791333,53.54755401611328,98800,0.0,0.0,0.0
2013-09-05 00:00:00-04:00,53.585114821917664,53.80294119078083,53.55507494331461,53.697784423828125,64700,0.0,0.0,0.0
2013-09-06 00:00:00-04:00,53.99822924458715,54.01325491296088,53.3297302672913,53.705291748046875,77100,0.0,0.0,0.0
2013-09-09 00:00:00-04:00,54.0207671110256,54.50899822817372,54.013260006744176,54.48646545410156,71200,0.0,0.0,0.0
2013-09-10 00:00:00-04:00,54.95968734158792,54.95968734158792,54.74186090937514,54.92964172363281,129000,0.0,0.0,0.0
2013-09-11 00:00:00-04:00,54.907095403080284,55.05732345581055,54.71931463512816,55.05732345581055,73400,0.0,0.0,0.0
2013-09-12 00:00:00-04:00,55.1249255641751,55.1249255641751,54.70429844889603,54.71931838989258,52400,0.0,0.0,0.0
2013-09-13 00:00:00-04:00,54.83196876988615,54.92961267864759,54.689253592716426,54.91459274291992,72900,0.0,0.0,0.0
2013-09-16 00:00:00-04:00,55.808452783761005,55.808452783761005,55.230084744489254,55.34275436401367,101900,0.0,0.0,0.0
2013-09-17 00:00:00-04:00,55.43289291869528,55.62067371350033,55.43289291869528,55.605648040771484,120200,0.0,0.0,0.0
2013-09-18 00:00:00-04:00,55.5155190451569,56.274149359073384,55.3502710225247,56.15397262573242,96500,0.0,0.0,0.0
2013-09-19 00:00:00-04:00,56.326708768967514,56.334221603086334,55.90608174812741,55.95866012573242,157600,0.0,0.0,0.0
2013-09-20 00:00:00-04:00,56.093868964832346,56.10138179981879,55.42536991638952,55.515506744384766,97300,0.0,0.0,0.0
2013-09-23 00:00:00-04:00,55.42537878946332,55.42537878946332,55.01225875828275,55.222572326660156,83600,0.0,0.0,0.0
2013-09-24 00:00:00-04:00,55.32021735799144,55.69577890729129,55.16248219495924,55.395328521728516,223200,0.0,0.0,0.0
2013-09-25 00:00:00-04:00,55.46291814190121,55.62065901078162,55.245097520447146,55.35776138305664,79700,0.0,0.0,0.0
2013-09-26 00:00:00-04:00,55.425380068511636,55.60564802690731,55.21506649528084,55.40284729003906,60500,0.0,0.0,0.0
2013-09-27 00:00:00-04:00,55.10238372695181,55.260118869245254,55.00473979999312,55.13994216918945,53100,0.0,0.0,0.0
2013-09-30 00:00:00-04:00,54.67426845440557,55.124941311030476,54.456441998736665,55.004764556884766,122400,0.0,0.0,0.0
2013-10-01 00:00:00-04:00,54.982207702478,55.56808852433458,54.982207702478,55.500484466552734,53600,0.0,0.0,0.0
2013-10-02 00:00:00-04:00,55.18500404912839,55.56056552409933,55.07233446051444,55.54553985595703,75000,0.0,0.0,0.0
2013-10-03 00:00:00-04:00,55.45540583514764,55.48545143922906,54.764374133114075,55.10988998413086,90000,0.0,0.0,0.0
2013-10-04 00:00:00-04:00,55.260137960294514,55.68827798889272,55.17751394331805,55.61316680908203,65900,0.0,0.0,0.0
2013-10-07 00:00:00-04:00,55.154960615458755,55.34274136033903,55.012245415553416,55.08735656738281,438600,0.0,0.0,0.0
2013-10-08 00:00:00-04:00,54.98219507863247,55.109890329431856,54.358767414529154,54.38881301879883,76400,0.0,0.0,0.0
2013-10-09 00:00:00-04:00,54.456412623378895,54.62917341937804,54.05080555202773,54.43387985229492,169100,0.0,0.0,0.0
2013-10-10 00:00:00-04:00,54.907105133175925,55.56809722109505,54.907105133175925,55.53805160522461,85100,0.0,0.0,0.0
2013-10-11 00:00:00-04:00,55.43286372506228,55.928601782348075,55.43286372506228,55.91358184814453,76800,0.0,0.0,0.0
2013-10-14 00:00:00-04:00,55.710806323431086,56.08636792312624,55.462934292284636,56.06383514404297,56600,0.0,0.0,0.0
2013-10-15 00:00:00-04:00,55.883565680104375,56.041300860066805,55.49297841776544,55.605648040771484,103400,0.0,0.0,0.0
2013-10-16 00:00:00-04:00,56.011243282792556,56.42436323537884,55.96617773546091,56.394317626953125,119800,0.0,0.0,0.0
2013-10-17 00:00:00-04:00,56.199041329440945,57.100386937093106,56.199041329440945,57.07785415649414,151200,0.0,0.0,0.0
2013-10-18 00:00:00-04:00,57.303193836881555,57.33323945476867,56.96518493361317,57.29568099975586,182700,0.0,0.0,0.0
2013-10-21 00:00:00-04:00,57.385804464563904,57.385804464563904,57.08535408640732,57.22806930541992,103200,0.0,0.0,0.0
2013-10-22 00:00:00-04:00,57.45341448637283,57.78391054268274,57.40834892619075,57.5735969543457,120600,0.0,0.0,0.0
2013-10-23 00:00:00-04:00,57.41584182677656,57.49095297787126,57.160457036318384,57.34072494506836,83300,0.0,0.0,0.0
2013-10-24 00:00:00-04:00,57.415826191370876,57.49093732201141,57.22053266721595,57.46089172363281,85000,0.0,0.0,0.0
2013-10-25 00:00:00-04:00,57.460935970343805,57.746360778808594,57.38582478186532,57.746360778808594,77700,0.0,0.0,0.0
2013-10-28 00:00:00-04:00,57.79143057892675,57.89658738619513,57.648715313084146,57.828983306884766,127700,0.0,0.0,0.0
2013-10-29 00:00:00-04:00,57.911577295380546,58.11438369750976,57.87402458689926,58.114383697509766,82900,0.0,0.0,0.0
2013-10-30 00:00:00-04:00,58.21204927163404,58.21956210837042,57.468438891962236,57.73133087158203,118900,0.0,0.0,0.0
2013-10-31 00:00:00-04:00,57.671225394355936,57.79891493425883,57.340729426970626,57.498470306396484,67800,0.0,0.0,0.0
2013-11-01 00:00:00-04:00,57.626169414848356,57.716300525927316,57.22056222314833,57.63368225097656,74500,0.0,0.0,0.0
2013-11-04 00:00:00-05:00,57.83646361467195,58.09184265136718,57.79890517722243,58.09184265136719,88900,0.0,0.0,0.0
2013-11-05 00:00:00-05:00,57.88154345668361,57.926614738881995,57.58860591015888,57.791412353515625,137600,0.0,0.0,0.0
2013-11-06 00:00:00-05:00,58.02424150495342,58.15193101706064,57.69374560951102,57.926597595214844,88800,0.0,0.0,0.0
2013-11-07 00:00:00-05:00,58.151957396012655,58.151957396012655,57.06283103650893,57.10038375854492,96400,0.0,0.0,0.0
2013-11-08 00:00:00-05:00,57.167951204597,57.88151550292969,57.04776881759567,57.88151550292969,162000,0.0,0.0,0.0
2013-11-11 00:00:00-05:00,57.88906352518787,58.091864263269464,57.85150507376549,58.04679870605469,78100,0.0,0.0,0.0
2013-11-12 00:00:00-05:00,58.03176539322687,58.06181100131919,57.77638058974903,57.97918701171875,55300,0.0,0.0,0.0
2013-11-13 00:00:00-05:00,57.783918899742396,58.49748378203106,57.783918899742396,58.48246383666992,95600,0.0,0.0,0.0
2013-11-14 00:00:00-05:00,58.580080560196464,58.97817482918528,58.52750217996423,58.933109283447266,100200,0.0,0.0,0.0
2013-11-15 00:00:00-05:00,59.083362149430066,59.13594055175782,58.85051002716482,59.13594055175781,138100,0.0,0.0,0.0
2013-11-18 00:00:00-05:00,59.241068119895424,59.28613366233112,58.655187415165194,58.71527862548828,129500,0.0,0.0,0.0
2013-11-19 00:00:00-05:00,58.7077837576435,58.797914861299425,58.309683704243625,58.40733337402344,100300,0.0,0.0,0.0
2013-11-20 00:00:00-05:00,58.5650623381494,58.715284648754334,58.08434406747704,58.25709915161133,114200,0.0,0.0,0.0
2013-11-21 00:00:00-05:00,58.362249307484504,58.842967523730785,58.362249307484504,58.76034927368164,121300,0.0,0.0,0.0
2013-11-22 00:00:00-05:00,58.812948661035385,59.10588624963378,58.70027903527865,59.09837341308594,71500,0.0,0.0,0.0
2013-11-25 00:00:00-05:00,59.188482867069695,59.26359400594061,59.000702154586115,59.07581329345703,120500,0.0,0.0,0.0
2013-11-26 00:00:00-05:00,59.06080903221534,59.248589812754695,59.02325631447626,59.09085464477539,78100,0.0,0.0,0.0
2013-11-27 00:00:00-05:00,59.188506880703066,59.33121638327336,59.11338998074357,59.31619644165039,96700,0.0,0.0,0.0
2013-11-29 00:00:00-05:00,59.338730699989476,59.38379625659772,59.12090429202457,59.16596984863281,113000,0.0,0.0,0.0
2013-12-02 00:00:00-05:00,59.09083322898619,59.496440255624236,58.99318932151525,59.07581329345703,204900,0.0,0.0,0.0
2013-12-03 00:00:00-05:00,58.95564692705657,59.09084930605427,58.655196559215675,58.90306854248047,134600,0.0,0.0,0.0
2013-12-04 00:00:00-05:00,58.75284136988158,59.09835725863817,58.384792708255986,58.933109283447266,110600,0.0,0.0,0.0
2013-12-05 00:00:00-05:00,58.790404828782265,58.89556733908546,58.55755849241699,58.64018249511719,118300,0.0,0.0,0.0
2013-12-06 00:00:00-05:00,59.09085256943684,59.39130295387057,59.09085256943684,59.35374450683594,105400,0.0,0.0,0.0
2013-12-09 00:00:00-05:00,59.398823001009916,59.63918219161601,59.376290222299204,59.473934173583984,250600,0.0,0.0,0.0
2013-12-10 00:00:00-05:00,59.40632755261796,59.58660123578289,59.25610521392875,59.31619644165039,84500,0.0,0.0,0.0
2013-12-11 00:00:00-05:00,59.331215017929956,59.331215017929956,58.324712764521315,58.392311096191406,88000,0.0,0.0,0.0
2013-12-12 00:00:00-05:00,58.3247252580744,58.56508448430146,58.18952283515818,58.36227798461914,80600,0.0,0.0,0.0
2013-12-13 00:00:00-05:00,58.49746046531964,58.677734121495305,58.309679704763845,58.46741485595703,506600,0.0,0.0,0.0
2013-12-16 00:00:00-05:00,58.865519000004674,59.03827410265728,58.782895001131024,58.88053894042969,128900,0.0,0.0,0.0
2013-12-17 00:00:00-05:00,58.95563627880346,58.97816904946431,58.527496444408115,58.79790115356445,118300,0.0,0.0,0.0
2013-12-18 00:00:00-05:00,58.888049762053235,59.443879228601006,58.14443952823529,59.41383361816406,119400,0.0,0.0,0.0
2013-12-19 00:00:00-05:00,59.35373453753175,59.368760206067606,59.11337541647939,59.338714599609375,132000,0.0,0.0,0.0
2013-12-20 00:00:00-05:00,59.39128216597585,59.826934784388676,59.38376933307565,59.75933074951172,84500,0.0,0.0,0.0
2013-12-23 00:00:00-05:00,60.21001197458885,60.21001197458885,59.93209444983123,60.12738800048828,114800,0.0,0.0,0.0
2013-12-24 00:00:00-05:00,60.176978756716125,60.37525125942343,60.039710045043684,60.29899215698242,70200,1.205,0.0,0.0
2013-12-26 00:00:00-05:00,60.45150208511583,60.52776699531155,60.32948870155506,60.43625259399414,74400,0.0,0.0,0.0
2013-12-27 00:00:00-05:00,60.901442782064464,60.901442782064464,60.36762330090777,60.42100524902344,93600,0.0,0.0,0.0
2013-12-30 00:00:00-05:00,60.48201503187795,60.59640659438317,60.45913788301622,60.51251983642578,443100,0.0,0.0,0.0
2013-12-31 00:00:00-05:00,60.65741583479546,60.89382079585854,60.65741583479546,60.84043884277344,153400,0.0,0.0,0.0
2014-01-02 00:00:00-05:00,60.672657443276414,60.672657443276414,59.98631979800159,60.13121032714844,319000,0.0,0.0,0.0
2014-01-03 00:00:00-05:00,60.32186838472373,60.39050564861008,60.09309108089435,60.245609283447266,198400,0.0,0.0,0.0
2014-01-06 00:00:00-05:00,60.54302649099475,60.54302649099475,59.93294201778886,60.00157928466797,174000,0.0,0.0,0.0
2014-01-07 00:00:00-05:00,60.20747237879285,60.52014223459838,60.1845952319185,60.38287353515625,167600,0.0,0.0,0.0
2014-01-08 00:00:00-05:00,60.42864210685206,60.66505292286972,60.26086856587096,60.64216995239258,126900,0.0,0.0,0.0
2014-01-09 00:00:00-05:00,60.86331258345757,60.924322188766176,60.5125160802274,60.81755828857422,106000,0.0,0.0,0.0
2014-01-10 00:00:00-05:00,60.88616391458886,61.08444213867188,60.77177822588109,61.084442138671875,95200,0.0,0.0,0.0
2014-01-13 00:00:00-05:00,61.00822326297293,61.16836915085453,60.23037097637695,60.36001205444336,156700,0.0,0.0,0.0
2014-01-14 00:00:00-05:00,60.4820124765223,61.069219757414615,60.43625818073195,61.06159210205078,100500,0.0,0.0,0.0
2014-01-15 00:00:00-05:00,61.191216120259796,61.336112440860475,61.11495704243642,61.25985336303711,110000,0.0,0.0,0.0
2014-01-16 00:00:00-05:00,61.12259592826315,61.17597787436905,60.92431763492876,61.16835021972656,143900,0.0,0.0,0.0
2014-01-17 00:00:00-05:00,61.12259012854192,61.13783961818417,60.86330225906211,60.96244430541992,109800,0.0,0.0,0.0
2014-01-21 00:00:00-05:00,61.38949336712179,61.39712102023703,60.86329584786704,61.21409225463867,140600,0.0,0.0,0.0
2014-01-22 00:00:00-05:00,61.358977368774596,61.53437844922967,61.23696403218312,61.51150131225586,130600,0.0,0.0,0.0
2014-01-23 00:00:00-05:00,61.13783982827574,61.19122176949984,60.5353831669207,60.848052978515625,203800,0.0,0.0,0.0
2014-01-24 00:00:00-05:00,60.421009976852446,60.48964142200174,59.34573745727538,59.34573745727539,258300,0.0,0.0,0.0
2014-01-27 00:00:00-05:00,59.38386562403372,59.59739341776927,58.697522131172285,59.063568115234375,174500,0.0,0.0,0.0
2014-01-28 00:00:00-05:00,59.185575047793904,59.59738105810797,59.185575047793904,59.521121978759766,124900,0.0,0.0,0.0
2014-01-29 00:00:00-05:00,59.04068000186729,59.46774132820899,58.92628847127228,59.033058166503906,313700,0.0,0.0,0.0
2014-01-30 00:00:00-05:00,59.437260265137304,59.71941955931536,59.277114385636914,59.61265563964844,131100,0.0,0.0,0.0
2014-01-31 00:00:00-05:00,58.850032703747445,59.612635193058246,58.81190607019906,59.269466400146484,130800,0.0,0.0,0.0
2014-02-03 00:00:00-05:00,59.223718092196066,59.261844729593946,57.59937090231515,57.70613479614258,531800,0.0,0.0,0.0
2014-02-04 00:00:00-05:00,57.95779737037265,58.17132516661528,57.58412372694805,58.09506607055664,166000,0.0,0.0,0.0
2014-02-05 00:00:00-05:00,57.77475899708768,58.11030009406699,57.39345780009723,58.003536224365234,243900,0.0,0.0,0.0
2014-02-06 00:00:00-05:00,58.11791989719077,58.76613068088266,58.11791989719077,58.75088119506836,86500,0.0,0.0,0.0
2014-02-07 00:00:00-05:00,59.17797171589014,59.4601368254595,58.89581242451797,59.437259674072266,173600,0.0,0.0,0.0
2014-02-10 00:00:00-05:00,59.48298912791762,59.55162055340865,59.2313289313943,59.54399871826172,463100,0.0,0.0,0.0
2014-02-11 00:00:00-05:00,59.65078027859047,60.17697796948389,59.521139224317054,60.032081604003906,118100,0.0,0.0,0.0
2014-02-12 00:00:00-05:00,60.24561010219175,60.4362607670721,60.10834139075003,60.19985580444336,195100,0.0,0.0,0.0
2014-02-13 00:00:00-05:00,59.94818772083521,60.66503598922264,59.86430097376026,60.62690353393555,114900,0.0,0.0,0.0
2014-02-14 00:00:00-05:00,60.565895669428095,60.977701761914425,60.527769031243565,60.94719696044922,121200,0.0,0.0,0.0
2014-02-18 00:00:00-05:00,61.076828729881136,61.282734653960084,60.89380576707381,61.24460220336914,190000,0.0,0.0,0.0
2014-02-19 00:00:00-05:00,61.16836538812948,61.618304032479,60.99297001522838,61.06922912597656,137200,0.0,0.0,0.0
2014-02-20 00:00:00-05:00,61.16072316377592,61.61828935567213,60.97007252321777,61.549652099609375,98700,0.0,0.0,0.0
2014-02-21 00:00:00-05:00,61.71742322541076,61.80893762391671,61.580154536749625,61.679290771484375,459900,0.0,0.0,0.0
2014-02-24 00:00:00-05:00,61.69454871088238,62.34275972790028,61.69454871088238,61.94620895385742,114200,0.0,0.0,0.0
2014-02-25 00:00:00-05:00,61.969096219489,62.18262404178094,61.72506359141296,61.915714263916016,118700,0.0,0.0,0.0
2014-02-26 00:00:00-05:00,62.06821708812619,62.358003943942755,61.93857605932894,62.12922668457031,93900,0.0,0.0,0.0
2014-02-27 00:00:00-05:00,62.15211226623324,62.41902201416679,62.02247121983639,62.39614486694336,85300,0.0,0.0,0.0
2014-02-28 00:00:00-05:00,62.304619631629215,62.731680972297966,62.13685197508253,62.46477127075195,446900,0.0,0.0,0.0
2014-03-03 00:00:00-05:00,61.89282745472013,62.2283686295849,61.67167201094796,62.03009033203125,349300,0.0,0.0,0.0
2014-03-04 00:00:00-05:00,62.59441080043084,62.93757957734179,62.59441080043084,62.86132049560547,161500,0.0,0.0,0.0
2014-03-05 00:00:00-05:00,62.89182127103885,62.90707075913316,62.67066587540628,62.76980209350586,97300,0.0,0.0,0.0
2014-03-06 00:00:00-05:00,62.92995192370966,63.021466312710245,62.82318804563981,62.86132049560547,117000,0.0,0.0,0.0
2014-03-07 00:00:00-05:00,63.12824127451846,63.15874607620787,62.65543139382268,62.88420867919922,162600,0.0,0.0,0.0
2014-03-10 00:00:00-04:00,62.91470425975747,62.91470425975747,62.42663914065255,62.65542221069336,188800,0.0,0.0,0.0
2014-03-11 00:00:00-04:00,62.78507121377217,62.85370265258881,62.19024213791106,62.327510833740234,145200,0.0,0.0,0.0
2014-03-12 00:00:00-04:00,62.007238509030515,62.312280825644486,61.816587788421565,62.30465316772461,845200,0.0,0.0,0.0
2014-03-13 00:00:00-04:00,62.49528919274096,62.53342165517531,61.58016827628544,61.75556945800781,183400,0.0,0.0,0.0
2014-03-14 00:00:00-04:00,61.63353338961941,62.068216578875486,61.57252379367585,61.84706115722656,154300,0.0,0.0,0.0
2014-03-17 00:00:00-04:00,62.21310779114173,62.48001747866937,62.16734768885498,62.335121154785156,119400,0.0,0.0,0.0
2014-03-18 00:00:00-04:00,62.419025639829755,62.89184137663034,62.4037761468604,62.815582275390625,103400,0.0,0.0,0.0
2014-03-19 00:00:00-04:00,62.83081719910216,62.937581079720566,62.167350953949104,62.46477127075195,118400,0.0,0.0,0.0
2014-03-20 00:00:00-04:00,62.35802937359584,62.7393307795736,62.21313879569874,62.708831787109375,118500,0.0,0.0,0.0
2014-03-21 00:00:00-04:00,63.044378992321384,63.257906868822666,62.64782805284734,62.701210021972656,104800,0.0,0.0,0.0
2014-03-24 00:00:00-04:00,62.899462763329126,63.00622665806338,62.083478243176806,62.327510833740234,107100,0.0,0.0,0.0
2014-03-25 00:00:00-04:00,62.593711896607424,62.77678324854096,62.20469836773244,62.49455261230469,157800,0.019,0.0,0.0
2014-03-26 00:00:00-04:00,62.78441498990886,62.92934504074326,62.02163505002106,62.044517517089844,197500,0.0,0.0,0.0
2014-03-27 00:00:00-04:00,62.082655007411105,62.19707315523714,61.74702999233441,61.96061325073242,163100,0.0,0.0,0.0
2014-03-28 00:00:00-04:00,62.16656285554416,62.70813589495825,62.158933426947094,62.40302276611328,95900,0.0,0.0,0.0
2014-03-31 00:00:00-04:00,62.784434726819526,63.20396615346132,62.700528441491166,63.18108367919922,144800,0.0,0.0,0.0
2014-04-01 00:00:00-04:00,63.40228245794148,63.70738983484659,63.3336292244527,63.62348937988281,686000,0.0,0.0,0.0
2014-04-02 00:00:00-04:00,63.80655274462398,63.989618328292494,63.585345830397436,63.92097091674805,375200,0.0,0.0,0.0
2014-04-03 00:00:00-04:00,64.04300331025713,64.04300331025713,63.54719518344126,63.776031494140625,217100,0.0,0.0,0.0
2014-04-04 00:00:00-04:00,64.28710103945043,64.32524236938868,63.04377166543235,63.16581344604492,181100,0.0,0.0,0.0
2014-04-07 00:00:00-04:00,62.99036670871646,63.10478485975149,62.00637992109338,62.151309967041016,436700,0.0,0.0,0.0
2014-04-08 00:00:00-04:00,62.105548548996154,62.54796236239775,61.83094727306067,62.4259147644043,333700,0.0,0.0,0.0
2014-04-09 00:00:00-04:00,62.63185097348811,63.00561145275758,62.372502810644306,62.997982025146484,391400,0.0,0.0,0.0
2014-04-10 00:00:00-04:00,62.99037288255339,63.12004408397966,61.724155307545395,61.792808532714844,204200,0.0,0.0,0.0
2014-04-11 00:00:00-04:00,61.40376108461698,61.731756562944014,60.93083561228246,61.05288314819336,582700,0.0,0.0,0.0
2014-04-14 00:00:00-04:00,61.40377412115463,61.70888720616315,61.083408000692316,61.57158660888672,1031900,0.0,0.0,0.0
2014-04-15 00:00:00-04:00,61.67076273649818,62.00638780365425,61.03765393056275,61.922481536865234,213500,0.0,0.0,0.0
2014-04-16 00:00:00-04:00,62.50981881171166,62.68526077270508,62.19708203717936,62.68526077270508,198500,0.0,0.0,0.0
2014-04-17 00:00:00-04:00,62.67000578501198,62.875953818467444,62.52507572693814,62.71577072143555,562400,0.0,0.0,0.0
2014-04-21 00:00:00-04:00,62.84545892188047,62.92936520772152,62.62425197007691,62.89885330200195,627400,0.0,0.0,0.0
2014-04-22 00:00:00-04:00,63.12001982962336,63.44038590517905,62.98271925159274,63.30308532714844,168800,0.0,0.0,0.0
2014-04-23 00:00:00-04:00,63.310728042620894,63.47091111402147,63.21156875638677,63.295475006103516,123200,0.0,0.0,0.0
2014-04-24 00:00:00-04:00,63.63109620840342,63.63109620840342,63.03612883298632,63.24970626831055,441500,0.0,0.0,0.0
2014-04-25 00:00:00-04:00,63.07426668924516,63.120031617286216,62.700500378415434,62.814918518066406,287300,0.0,0.0,0.0
2014-04-28 00:00:00-04:00,63.066625803503996,63.15053203603414,62.17417495155304,62.80727767944336,185200,0.0,0.0,0.0
2014-04-29 00:00:00-04:00,62.967517708860555,63.081930101155436,62.830217018554706,63.07430648803711,164100,0.0,0.0,0.0
2014-04-30 00:00:00-04:00,63.036122987344065,63.44039535522462,62.982728633464525,63.44039535522461,145400,0.0,0.0,0.0
2014-05-01 00:00:00-04:00,63.28023707298595,63.60823275226836,63.12768337917801,63.409908294677734,180400,0.0,0.0,0.0
2014-05-02 00:00:00-04:00,63.402259856481,63.882809041396875,63.32597721989757,63.44039535522461,321500,0.0,0.0,0.0
2014-05-05 00:00:00-04:00,63.12005205983098,63.48618906138436,62.853080193880714,63.38702392578125,258200,0.0,0.0,0.0
2014-05-06 00:00:00-04:00,63.34885815224819,63.356481759383485,62.891185664043626,62.9140739440918,620200,0.0,0.0,0.0
2014-05-07 00:00:00-04:00,63.08188791365564,63.44039535522462,62.73863932722261,63.44039535522461,131900,0.0,0.0,0.0
2014-05-08 00:00:00-04:00,63.379367928497636,63.859922905322385,63.01323689996692,63.17341995239258,162900,0.0,0.0,0.0
2014-05-09 00:00:00-04:00,63.20393184136144,63.20393184136144,62.79965949673271,63.17341995239258,102300,0.0,0.0,0.0
2014-05-12 00:00:00-04:00,63.41752773461283,63.87519456348747,63.41752773461283,63.829429626464844,149600,0.0,0.0,0.0
2014-05-13 00:00:00-04:00,63.920950072438124,64.05062124277028,63.768390619504935,63.82178497314453,121800,0.0,0.0,0.0
2014-05-14 00:00:00-04:00,63.80656081725538,63.85995519506193,63.47093568844241,63.539588928222656,456200,0.0,0.0,0.0
2014-05-15 00:00:00-04:00,63.32598716947163,63.341246027004985,62.471677373172575,62.9751091003418,601700,0.0,0.0,0.0
2014-05-16 00:00:00-04:00,63.05137440655993,63.1276512145996,62.60133134589521,63.12765121459961,123000,0.0,0.0,0.0
2014-05-19 00:00:00-04:00,62.93697697178182,63.394643789999996,62.93697697178182,63.371761322021484,138400,0.0,0.0,0.0
2014-05-20 00:00:00-04:00,63.21920426091433,63.25734558870759,62.63949565139393,62.85307312011719,324000,0.0,0.0,0.0
2014-05-21 00:00:00-04:00,63.13531291112406,63.27261357624766,62.93699425448515,63.18108367919922,90800,0.0,0.0,0.0
2014-05-22 00:00:00-04:00,63.21916944390174,63.56242374635014,63.1810339566606,63.45563507080078,91300,0.0,0.0,0.0
2014-05-23 00:00:00-04:00,63.54718377741287,63.84466743619749,63.47853638825399,63.82178497314453,184500,0.0,0.0,0.0
2014-05-27 00:00:00-04:00,64.2260646604753,64.2260646604753,63.98960475590938,64.16504669189453,136600,0.0,0.0,0.0
2014-05-28 00:00:00-04:00,64.23369988005707,64.30235310277959,63.98961052508119,64.17267608642578,122700,0.0,0.0,0.0
2014-05-29 00:00:00-04:00,64.34811198467705,64.48541259765625,64.14215815543389,64.48541259765625,156300,0.0,0.0,0.0
2014-05-30 00:00:00-04:00,64.48543931053405,64.6227399803896,64.36339168419528,64.52357482910156,177400,0.0,0.0,0.0
2014-06-02 00:00:00-04:00,64.70661741924818,64.76764120521018,64.36336298787329,64.71424102783203,292600,0.0,0.0,0.0
2014-06-03 00:00:00-04:00,64.59220685603167,64.78290184488161,64.47778869881186,64.72187805175781,164400,0.0,0.0,0.0
2014-06-04 00:00:00-04:00,64.6684815296394,64.98122409430052,64.59220470055466,64.97359466552734,137600,0.0,0.0,0.0
2014-06-05 00:00:00-04:00,65.19482205304227,65.4617939485994,64.79817310574238,65.43128204345703,145800,0.0,0.0,0.0
2014-06-06 00:00:00-04:00,65.58382973250875,65.78214835081502,65.46941156376293,65.72113037109375,264700,0.0,0.0,0.0
2014-06-09 00:00:00-04:00,65.75163460542731,65.92707656851927,65.57619846188501,65.72875213623047,439500,0.0,0.0,0.0
2014-06-10 00:00:00-04:00,65.6753177632385,65.6753177632385,65.37783420578722,65.55327606201172,115700,0.0,0.0,0.0
2014-06-11 00:00:00-04:00,65.34735498823747,65.37023745493323,65.09563621548611,65.1948013305664,141600,0.0,0.0,0.0
2014-06-12 00:00:00-04:00,65.17953127899803,65.17953127899803,64.65321717673883,64.82102966308594,153000,0.0,0.0,0.0
2014-06-13 00:00:00-04:00,64.98121642058229,65.13377006073648,64.72186824886214,65.07274627685547,100100,0.0,0.0,0.0
2014-06-16 00:00:00-04:00,64.98885898838859,65.24057780567155,64.9202115761569,65.1337890625,113900,0.0,0.0,0.0
2014-06-17 00:00:00-04:00,65.12614216040882,65.5609264465494,64.9659590886253,65.49227905273438,146900,0.0,0.0,0.0
2014-06-18 00:00:00-04:00,65.46179140785293,65.9347171898778,65.3397496115711,65.91183471679688,176800,0.0,0.0,0.0
2014-06-19 00:00:00-04:00,66.06436928956605,66.06436928956605,65.72874426275015,65.95758056640625,165200,0.0,0.0,0.0
2014-06-20 00:00:00-04:00,66.30846994032864,66.30846994032864,66.01861561653689,66.12540435791016,280200,0.0,0.0,0.0
2014-06-23 00:00:00-04:00,66.20929729869707,66.25506223020012,65.9804610020842,66.09487915039062,124500,0.0,0.0,0.0
2014-06-24 00:00:00-04:00,66.04149087912177,66.30846270341762,65.6448420376971,65.69061279296875,342700,0.0,0.0,0.0
2014-06-25 00:00:00-04:00,65.59908069589326,65.94995880126953,65.52280385899401,65.94995880126953,99000,0.0,0.0,0.0
2014-06-26 00:00:00-04:00,66.03386879853264,66.04149822851849,65.54569003133653,66.010986328125,93300,0.0,0.0,0.0
2014-06-27 00:00:00-04:00,65.87367410072146,66.20166969782854,65.87367410072146,66.17878723144531,128500,0.0,0.0,0.0
2014-06-30 00:00:00-04:00,66.19407631583096,66.33137700844772,66.02626371157136,66.31612396240234,135600,0.0,0.0,0.0
2014-07-01 00:00:00-04:00,66.43049401682495,66.90341961653947,66.3389641597855,66.69747161865234,398900,0.0,0.0,0.0
2014-07-02 00:00:00-04:00,66.73559390333777,66.73559390333777,66.39234536831788,66.453369140625,229200,0.0,0.0,0.0
2014-07-03 00:00:00-04:00,66.69748308416933,66.76613048874962,66.55255302621175,66.7356185913086,184000,0.0,0.0,0.0
2014-07-07 00:00:00-04:00,66.66696198105508,66.66696198105508,66.2550601518024,66.33133697509766,437000,0.0,0.0,0.0
2014-07-08 00:00:00-04:00,66.2703363750386,66.33898961370845,65.82029888645529,66.01862335205078,117000,0.0,0.0,0.0
2014-07-09 00:00:00-04:00,66.23218345094358,66.30846028087718,66.02622960861882,66.25506591796875,109100,0.0,0.0,0.0
2014-07-10 00:00:00-04:00,65.40838366467719,66.25506991295592,65.40075423535907,66.0872573852539,138000,0.0,0.0,0.0
2014-07-11 00:00:00-04:00,66.11777492794066,66.19405176898586,65.85842668492704,66.12540435791016,81500,0.0,0.0,0.0
2014-07-14 00:00:00-04:00,66.5754224436296,66.5754224436296,66.23979745712012,66.29319763183594,155700,0.0,0.0,0.0
2014-07-15 00:00:00-04:00,66.29319773153264,66.62881689899861,65.98045520826061,66.27030944824219,173000,0.0,0.0,0.0
2014-07-16 00:00:00-04:00,66.57541666400414,66.57541666400414,66.22453867199972,66.36946868896484,134100,0.0,0.0,0.0
2014-07-17 00:00:00-04:00,66.07962078842252,66.33896898116271,65.43888846438581,65.5456771850586,188000,0.0,0.0,0.0
2014-07-18 00:00:00-04:00,65.66010623003234,66.13302612304688,65.63722376031225,66.13302612304688,203100,0.0,0.0,0.0
2014-07-21 00:00:00-04:00,65.89655674205663,66.04148678893375,65.67534986718326,65.9652099609375,111400,0.0,0.0,0.0
2014-07-22 00:00:00-04:00,66.2397975235234,66.36184508948492,66.20166202382161,66.27793884277344,110400,0.0,0.0,0.0
2014-07-23 00:00:00-04:00,66.38472748666707,66.38472748666707,66.07961439161738,66.29319763183594,171300,0.0,0.0,0.0
2014-07-24 00:00:00-04:00,66.45338245587732,66.56017116903838,66.34659374271624,66.48389434814453,255800,0.0,0.0,0.0
2014-07-25 00:00:00-04:00,66.27797324035411,66.43052695743155,66.14067256716389,66.22457885742188,121500,0.0,0.0,0.0
2014-07-28 00:00:00-04:00,66.23217394852128,66.36947455052271,65.94231388899145,66.27030944824219,213300,0.0,0.0,0.0
2014-07-29 00:00:00-04:00,66.36186070398504,66.50679076777837,65.9194469025999,65.94995880126953,175700,0.0,0.0,0.0
2014-07-30 00:00:00-04:00,66.21692119731028,66.21692119731028,65.56093001833518,65.76688385009766,88000,0.0,0.0,0.0
2014-07-31 00:00:00-04:00,65.3092161908214,65.43125794689533,64.59220123291016,64.59220123291016,220400,0.0,0.0,0.0
2014-08-01 00:00:00-04:00,64.45492740394936,64.81343503188057,64.07353730096742,64.52357482910156,511900,0.0,0.0,0.0
2014-08-04 00:00:00-04:00,64.69136800703231,64.90494546953018,64.22607175535511,64.79815673828125,374900,0.0,0.0,0.0
2014-08-05 00:00:00-04:00,64.5845951297777,64.86682588567336,64.111675152313,64.25659942626953,201400,0.0,0.0,0.0
2014-08-06 00:00:00-04:00,63.82180361490848,64.50830680475892,63.82180361490848,64.21082305908203,259200,0.0,0.0,0.0
2014-08-07 00:00:00-04:00,64.41676392227116,64.5388115066555,63.61584847305812,63.760772705078125,183900,0.0,0.0,0.0
2014-08-08 00:00:00-04:00,63.85231151559125,64.50830276486069,63.692128417916074,64.47016143798828,415700,0.0,0.0,0.0
2014-08-11 00:00:00-04:00,64.76002519731362,64.98885571276895,64.63797760009766,64.63797760009766,295300,0.0,0.0,0.0
2014-08-12 00:00:00-04:00,64.59220311086413,64.79052751724265,64.39387870448562,64.57695007324219,112500,0.0,0.0,0.0
2014-08-13 00:00:00-04:00,64.80579354590043,65.05751236373887,64.6456104307896,65.01937103271484,126600,0.0,0.0,0.0
2014-08-14 00:00:00-04:00,65.08802387063714,65.40076066885081,65.08802387063714,65.35499572753906,104800,0.0,0.0,0.0
2014-08-15 00:00:00-04:00,65.68298564226974,65.72112696972762,64.9125762201066,65.33210754394531,230000,0.0,0.0,0.0
2014-08-18 00:00:00-04:00,65.76687995075142,65.93469244977892,65.69822673771814,65.91943359375,139100,0.0,0.0,0.0
2014-08-19 00:00:00-04:00,66.00332062619053,66.22452741781734,66.00332062619053,66.18638610839844,178400,0.0,0.0,0.0
2014-08-20 00:00:00-04:00,66.0567564887299,66.51442339169724,65.99573268312082,66.46865844726562,158700,0.0,0.0,0.0
2014-08-21 00:00:00-04:00,66.54491989369566,66.65170861902175,66.37710737688353,66.58306121826172,167500,0.0,0.0,0.0
2014-08-22 00:00:00-04:00,66.57543574831574,66.59069460686915,66.2703225922911,66.42288208007812,200100,0.0,0.0,0.0
2014-08-25 00:00:00-04:00,66.78901856883488,66.82715989872833,66.60595298835611,66.7813949584961,409500,0.0,0.0,0.0
2014-08-26 00:00:00-04:00,66.82714088270603,66.92630016484284,66.72035217285156,66.72035217285156,239900,0.0,0.0,0.0
2014-08-27 00:00:00-04:00,66.78899761440454,66.85002139526844,66.72797965308868,66.84239196777344,109000,0.0,0.0,0.0
2014-08-28 00:00:00-04:00,66.6288220918771,66.89579388892356,66.50678033589101,66.85765838623047,105100,0.0,0.0,0.0
2014-08-29 00:00:00-04:00,67.00258056567051,67.11699870936002,66.79663256266822,67.08648681640625,96000,0.0,0.0,0.0
2014-09-02 00:00:00-04:00,67.23141675208328,67.33820546748684,66.88816814107875,67.109375,134100,0.0,0.0,0.0
2014-09-03 00:00:00-04:00,67.34583499673904,67.36108803344166,66.97969810084231,67.08648681640625,152100,0.0,0.0,0.0
2014-09-04 00:00:00-04:00,67.13985829365502,67.34581204601906,66.71270357696896,66.88814544677734,175800,0.0,0.0,0.0
2014-09-05 00:00:00-04:00,66.85767332275317,67.17803955078125,66.66697830803885,67.17803955078125,91800,0.0,0.0,0.0
2014-09-08 00:00:00-04:00,67.12461665331016,67.28479969925077,66.84238605643526,67.04833984375,127800,0.0,0.0,0.0
2014-09-09 00:00:00-04:00,66.98732214196696,66.98732214196696,66.46100221505003,66.53728485107422,176100,0.0,0.0,0.0
2014-09-10 00:00:00-04:00,66.62120808413952,66.68223188603193,66.30847128365357,66.64409637451172,115800,0.0,0.0,0.0
2014-09-11 00:00:00-04:00,66.37711664809524,66.81190103895099,66.37711664809524,66.7813949584961,63500,0.0,0.0,0.0
2014-09-12 00:00:00-04:00,66.75848807323656,66.75848807323656,66.09487334651985,66.27030944824219,85300,0.0,0.0,0.0
2014-09-15 00:00:00-04:00,66.30846994032864,66.30846994032864,65.97284485626982,66.12540435791016,134500,0.0,0.0,0.0
2014-09-16 00:00:00-04:00,65.97282374291188,66.57542048755415,65.94994127987641,66.41523742675781,105500,0.0,0.0,0.0
2014-09-17 00:00:00-04:00,66.47627843222371,66.68222647245315,66.14828279811786,66.3847427368164,183100,0.0,0.0,0.0
2014-09-18 00:00:00-04:00,66.57542610510298,66.64407931955031,66.43049606758524,66.55254364013672,136800,0.0,0.0,0.0
2014-09-19 00:00:00-04:00,66.78137429396949,66.81950979251258,66.27793682899694,66.41523742675781,144400,0.0,0.0,0.0
2014-09-22 00:00:00-04:00,66.38473358635606,66.39999244326214,65.82027809135612,65.88130187988281,364800,0.0,0.0,0.0
2014-09-23 00:00:00-04:00,65.59906791407717,65.89655159370503,65.37023162841797,65.37023162841797,190400,0.0,0.0,0.0
2014-09-24 00:00:00-04:00,65.41600210638825,65.77450956998044,65.20242467774996,65.69822692871094,243000,0.0,0.0,0.0
2014-09-25 00:00:00-04:00,65.53044211659238,65.58383649156993,64.79054447793885,64.85919189453125,186500,0.0,0.0,0.0
2014-09-26 00:00:00-04:00,64.92784849167685,65.400768460373,64.82868334762067,65.24058532714844,201500,0.0,0.0,0.0
2014-09-29 00:00:00-04:00,64.67608242093463,65.24053769056195,64.60742923136638,65.15663146972656,125600,0.0,0.0,0.0
2014-09-30 00:00:00-04:00,65.21769187365256,65.25583320256816,64.65323628691007,64.76002502441406,163800,0.0,0.0,0.0
2014-10-01 00:00:00-04:00,64.64560768687197,64.72188452613236,63.84468632576337,63.98961639404297,686600,0.0,0.0,0.0
2014-10-02 00:00:00-04:00,63.951467314850525,64.30235120811705,63.28022306333231,64.1040267944336,543700,0.0,0.0,0.0
2014-10-03 00:00:00-04:00,64.5616720645086,64.83627321663695,64.29470033870247,64.73711395263672,219600,0.0,0.0,0.0
2014-10-06 00:00:00-04:00,64.96595592134999,65.15665087649276,64.49303615710674,64.67610168457031,143800,0.0,0.0,0.0
2014-10-07 00:00:00-04:00,64.3862578457242,64.58457644102508,63.75314909571595,63.760772705078125,130900,0.0,0.0,0.0
2014-10-08 00:00:00-04:00,63.814183239218394,64.7371464225298,63.3717694033848,64.70663452148438,200200,0.0,0.0,0.0
2014-10-09 00:00:00-04:00,64.59221014751887,64.68374584186903,63.24971572813078,63.28785705566406,486200,0.0,0.0,0.0
2014-10-10 00:00:00-04:00,63.16581596444107,63.554835431031584,62.532712926893915,62.55559539794922,295400,0.0,0.0,0.0
2014-10-13 00:00:00-04:00,62.57085543667644,62.87596866382104,61.46482653527187,61.495338439941406,204200,0.0,0.0,0.0
2014-10-14 00:00:00-04:00,61.853824546298874,62.54795710758377,61.7165297394154,61.869083404541016,434100,0.0,0.0,0.0
2014-10-15 00:00:00-04:00,61.14443749388139,61.8309347248499,60.007891291534165,61.58684539794922,601800,0.0,0.0,0.0
2014-10-16 00:00:00-04:00,60.61812102382074,62.17419275512362,60.48082040577787,61.8614501953125,301600,0.0,0.0,0.0
2014-10-17 00:00:00-04:00,62.6013432318401,62.87594444855865,62.18944140676226,62.51743698120117,218500,0.0,0.0,0.0
2014-10-20 00:00:00-04:00,62.41064757983543,63.310728042620894,62.41064757983543,63.295475006103516,190800,0.0,0.0,0.0
2014-10-21 00:00:00-04:00,63.70737376829214,64.63034255517941,63.62347333448747,64.59220123291016,429500,0.0,0.0,0.0
2014-10-22 00:00:00-04:00,64.71424148109725,64.95070719846912,64.0658797544682,64.08113861083984,503800,0.0,0.0,0.0
2014-10-23 00:00:00-04:00,64.71424476520126,65.15665850965323,64.51592617869426,64.7752685546875,190900,0.0,0.0,0.0
2014-10-24 00:00:00-04:00,64.82870038490498,65.27874381804335,64.55409899305327,65.22534942626953,102600,0.0,0.0,0.0
2014-10-27 00:00:00-04:00,65.01934797561319,65.21004292400914,64.70661128640876,65.1490249633789,280900,0.0,0.0,0.0
2014-10-28 00:00:00-04:00,65.40838938934075,66.010986328125,65.30160064773848,66.010986328125,618400,0.0,0.0,0.0
2014-10-29 00:00:00-04:00,66.11775422871504,66.25505482743222,65.37785688115846,65.85840606689453,399900,0.0,0.0,0.0
2014-10-30 00:00:00-04:00,65.67536863454941,66.39238382561572,65.5533268387906,66.2169418334961,172600,0.0,0.0,0.0
2014-10-31 00:00:00-04:00,67.12463004985312,67.12463004985312,66.63645138778173,67.06360626220703,360800,0.0,0.0,0.0
2014-11-03 00:00:00-05:00,67.20853813256905,67.42974500414645,67.0178431556453,67.14751434326172,334200,0.0,0.0,0.0
2014-11-04 00:00:00-05:00,66.99498778379228,67.1017765484934,66.53732081799446,66.7737808227539,508800,0.0,0.0,0.0
2014-11-05 00:00:00-05:00,67.27718158857958,67.30769348144531,66.9720742990193,67.30769348144531,151700,0.0,0.0,0.0
2014-11-06 00:00:00-05:00,67.23906681586614,67.46027374267578,66.94158304315151,67.46027374267578,194700,0.0,0.0,0.0
2014-11-07 00:00:00-05:00,67.31534549636088,67.62045870784654,67.31534549636088,67.53655242919922,182100,0.0,0.0,0.0
2014-11-10 00:00:00-05:00,67.74250222399876,67.79589660090076,67.53655414724838,67.71961975097656,283500,0.0,0.0,0.0
2014-11-11 00:00:00-05:00,67.72722053707469,67.81112678236892,67.56703747411701,67.70433807373047,154300,0.0,0.0,0.0
2014-11-12 00:00:00-05:00,67.44499373753966,67.78061873776241,67.36108748748399,67.74247741699219,138500,0.0,0.0,0.0
2014-11-13 00:00:00-05:00,67.78823680638895,67.89502550319253,67.33819373881884,67.58228302001953,135800,0.0,0.0,0.0
2014-11-14 00:00:00-05:00,67.58230216237143,67.6356965258969,67.30770091579778,67.4373779296875,118200,0.0,0.0,0.0
2014-11-17 00:00:00-05:00,67.3305737394941,67.70434005018798,67.3153207033354,67.66619873046875,108400,0.0,0.0,0.0
2014-11-18 00:00:00-05:00,67.72721079842105,68.2611542648363,67.72721079842105,68.14673614501953,249800,0.0,0.0,0.0
2014-11-19 00:00:00-05:00,68.07810795118523,68.08573737986916,67.71960045717721,67.986572265625,140100,0.0,0.0,0.0
2014-11-20 00:00:00-05:00,67.696706356283,68.29930308867341,67.66619446634004,68.26879119873047,295800,0.0,0.0,0.0
2014-11-21 00:00:00-05:00,68.93242292396285,68.99344089422634,68.45949728224012,68.65019226074219,279400,0.0,0.0,0.0
2014-11-24 00:00:00-05:00,68.87903779851173,68.95531463623047,68.73410773316135,68.95531463623047,218000,0.0,0.0,0.0
2014-11-25 00:00:00-05:00,68.9705449141318,69.11547493165203,68.6806906986391,68.83324432373047,160400,0.0,0.0,0.0
2014-11-26 00:00:00-05:00,68.8942546575536,68.9400195722409,68.75695409394513,68.92476654052734,128900,0.0,0.0,0.0
2014-11-28 00:00:00-05:00,68.92478377419522,69.00106059092818,68.77223014072929,68.88664245605469,111000,0.0,0.0,0.0
2014-12-01 00:00:00-05:00,68.64256321718042,68.64256321718042,68.1391314972764,68.21540832519531,189300,0.0,0.0,0.0
2014-12-02 00:00:00-05:00,68.28404402554175,68.65018088419187,68.22302606539002,68.58915710449219,148900,0.0,0.0,0.0
2014-12-03 00:00:00-05:00,68.65783654756856,69.05447962808869,68.61206578552958,68.98583221435547,176500,0.0,0.0,0.0
2014-12-04 00:00:00-05:00,68.88665959449797,69.06973098366146,68.68071155612597,68.87140655517578,164400,0.0,0.0,0.0
2014-12-05 00:00:00-05:00,68.94767755694953,69.18413747350765,68.85614187011299,69.04683685302734,184100,0.0,0.0,0.0
2014-12-08 00:00:00-05:00,68.87901899266112,69.21463815090031,68.41372284420078,68.67306518554688,216700,0.0,0.0,0.0
2014-12-09 00:00:00-05:00,68.07047977187563,68.72647098155834,67.97132047536044,68.71884155273438,341900,0.0,0.0,0.0
2014-12-10 00:00:00-05:00,68.5434219534166,68.58918689829677,67.47552862299199,67.53655242919922,332800,0.0,0.0,0.0
2014-12-11 00:00:00-05:00,67.81112860909467,68.41372537810071,67.74247539766445,67.87977600097656,243400,0.0,0.0,0.0
2014-12-12 00:00:00-05:00,67.42977425263796,67.59758683624943,66.70512953427487,66.74327087402344,202600,0.0,0.0,0.0
2014-12-15 00:00:00-05:00,67.04073014031987,67.17803076574104,66.10251404956627,66.43050384521484,320900,0.0,0.0,0.0
2014-12-16 00:00:00-05:00,66.20166401014346,67.29243943057226,66.0643634040913,66.14826965332031,224900,0.0,0.0,0.0
2014-12-17 00:00:00-05:00,66.2855541589161,67.64330103367018,66.17876547120827,67.56702423095703,207300,0.0,0.0,0.0
2014-12-18 00:00:00-05:00,68.35270074814716,68.87902069091797,68.0780995449231,68.87902069091797,244300,0.0,0.0,0.0
2014-12-19 00:00:00-05:00,69.10785091452094,69.46635836305332,68.91715595845463,69.2909164428711,221500,0.0,0.0,0.0
2014-12-22 00:00:00-05:00,69.3467573870973,69.517333984375,69.1839358848061,69.517333984375,189100,1.472,0.0,0.0
2014-12-23 00:00:00-05:00,69.73443742099435,70.02131089937116,69.61037954841684,69.90501403808594,430700,0.0,0.0,0.0
2014-12-24 00:00:00-05:00,69.97478884979147,70.11435099214684,69.85848607859454,69.9825439453125,116000,0.0,0.0,0.0
2014-12-26 00:00:00-05:00,70.23839400915699,70.33919249189496,70.15311163089211,70.18412017822266,236800,0.0,0.0,0.0
2014-12-29 00:00:00-05:00,70.19187075468966,70.58729773484656,70.17636648202236,70.40896606445312,285600,0.0,0.0,0.0
2014-12-30 00:00:00-05:00,70.31592441318361,70.31592441318361,70.02129001140655,70.02904510498047,364200,0.0,0.0,0.0
2014-12-31 00:00:00-05:00,70.23063572071395,70.23063572071395,69.27696034038908,69.3389892578125,245000,0.0,0.0,0.0
2015-01-02 00:00:00-05:00,69.77317984897016,69.77317984897016,68.78849592533672,69.3389892578125,302200,0.0,0.0,0.0
2015-01-05 00:00:00-05:00,68.92806501999348,69.02885758447286,67.90461144035851,68.14496612548828,541800,0.0,0.0,0.0
2015-01-06 00:00:00-05:00,68.18372898446235,68.33104026955462,67.04397276366815,67.43939971923828,360500,0.0,0.0,0.0
2015-01-07 00:00:00-05:00,67.85810364721031,68.26128583609403,67.67977784149289,68.19925689697266,325400,0.0,0.0,0.0
2015-01-08 00:00:00-05:00,68.80399659670604,69.37775517974508,68.64117513354182,69.34674072265625,238500,0.0,0.0,0.0
2015-01-09 00:00:00-05:00,69.41651541293012,69.42427050567301,68.54037922586478,68.80399322509766,274200,0.0,0.0,0.0
2015-01-12 00:00:00-05:00,68.92804896899143,68.92804896899143,67.98212880656742,68.24574279785156,216100,0.0,0.0,0.0
2015-01-13 00:00:00-05:00,68.64894677353875,69.14516637576114,67.4549165071273,68.0906982421875,229700,0.0,0.0,0.0
2015-01-14 00:00:00-05:00,67.37738971680335,67.6952776568898,66.81914113231464,67.61774444580078,312400,0.0,0.0,0.0
2015-01-15 00:00:00-05:00,67.89685142295144,67.98213970802054,67.04397448766366,67.05947875976562,226700,0.0,0.0,0.0
2015-01-16 00:00:00-05:00,66.90443381853288,68.02868024142622,66.90443381853288,68.01317596435547,191400,0.0,0.0,0.0
2015-01-20 00:00:00-05:00,68.16821898868085,68.30778109601476,67.34635653182733,67.81156158447266,427900,0.0,0.0,0.0
2015-01-21 00:00:00-05:00,67.64873908950233,68.38531325210931,67.45490316087911,68.33103942871094,352600,0.0,0.0,0.0
2015-01-22 00:00:00-05:00,68.67995487075501,69.37776547024976,68.18373531453736,69.37001037597656,261400,0.0,0.0,0.0
2015-01-23 00:00:00-05:00,69.1839242619033,69.26920663081046,68.82726093729433,68.88928985595703,252100,0.0,0.0,0.0
2015-01-26 00:00:00-05:00,68.8195340740284,69.30799865722656,68.48613592236468,69.30799865722656,195700,0.0,0.0,0.0
2015-01-27 00:00:00-05:00,68.67995859614598,69.19943754795749,68.42409370988513,68.87379455566406,238000,0.0,0.0,0.0
2015-01-28 00:00:00-05:00,69.22267827539996,69.30796654785263,67.9278558342037,68.02864837646484,502600,0.0,0.0,0.0
2015-01-29 00:00:00-05:00,68.12943108191887,68.63339959210448,67.57118285144753,68.5636215209961,249700,0.0,0.0,0.0
2015-01-30 00:00:00-05:00,68.0984334711588,68.53262401758805,67.6409776465401,67.69525146484375,456400,0.0,0.0,0.0
2015-02-02 00:00:00-05:00,67.9743844213699,68.4706039428711,67.16802622007962,68.4706039428711,635100,0.0,0.0,0.0
2015-02-03 00:00:00-05:00,68.85053356061374,69.6258773803711,68.7729944463149,69.6258773803711,314800,0.0,0.0,0.0
2015-02-04 00:00:00-05:00,69.31572529811388,69.78868541016233,69.2459412917873,69.37775421142578,224800,0.0,0.0,0.0
2015-02-05 00:00:00-05:00,69.78868572616932,70.37794265909233,69.78868572616932,70.37019348144531,238900,0.0,0.0,0.0
2015-02-06 00:00:00-05:00,70.57954281708325,70.63381664465967,69.90499751940548,70.10658264160156,209800,0.0,0.0,0.0
2015-02-09 00:00:00-05:00,69.84295654296875,70.11432563401286,69.68788426565602,69.84295654296875,161300,0.0,0.0,0.0
2015-02-10 00:00:00-05:00,70.15312962540463,70.55630591356088,69.78871698905654,70.5252914428711,223000,0.0,0.0,0.0
2015-02-11 00:00:00-05:00,70.47874209247883,70.51750572745568,69.97476751455656,70.33917999267578,180300,0.0,0.0,0.0
2015-02-12 00:00:00-05:00,70.64933028721731,71.02149200439453,70.5485318057871,71.02149200439453,177800,0.0,0.0,0.0
2015-02-13 00:00:00-05:00,71.09128807327873,71.26186468731551,70.88194189590456,71.23085021972656,257000,0.0,0.0,0.0
2015-02-17 00:00:00-05:00,71.22309712041066,71.44794758017959,70.99049156467589,71.35490417480469,235100,0.0,0.0,0.0
2015-02-18 00:00:00-05:00,71.30060961197228,71.61074829101562,71.16104750217295,71.61074829101562,208500,0.0,0.0,0.0
2015-02-19 00:00:00-05:00,71.44017996860084,71.71930422042075,71.33163230571577,71.50996398925781,181900,0.0,0.0,0.0
2015-02-20 00:00:00-05:00,71.51771594864262,71.90538787841797,71.05251081599305,71.90538787841797,172200,0.0,0.0,0.0
2015-02-23 00:00:00-05:00,71.80456979098521,71.8821029663086,71.56421517286213,71.8821029663086,669900,0.0,0.0,0.0
2015-02-24 00:00:00-05:00,71.87437936636523,71.98292704245922,71.64953483403104,71.85111999511719,486000,0.0,0.0,0.0
2015-02-25 00:00:00-05:00,71.84336746096857,71.92864984642841,71.63402129870012,71.74256896972656,188800,0.0,0.0,0.0
2015-02-26 00:00:00-05:00,71.71930118454253,71.77357501368766,71.28511055138152,71.47119140625,294000,0.0,0.0,0.0
2015-02-27 00:00:00-05:00,71.47895309425206,71.56424139297681,71.2928663068139,71.31613159179688,493200,0.0,0.0,0.0
2015-03-02 00:00:00-05:00,71.37037877549449,71.68051147460938,71.25407605562538,71.68051147460938,335900,0.0,0.0,0.0
2015-03-03 00:00:00-05:00,71.51770482121015,71.51770482121015,71.0757591266447,71.42466735839844,254800,0.0,0.0,0.0
2015-03-04 00:00:00-05:00,71.17658263101244,71.17658263101244,70.73463678101683,71.0602798461914,184900,0.0,0.0,0.0
2015-03-05 00:00:00-05:00,71.21534002822968,71.24635449581861,71.02150404235239,71.23085021972656,163100,0.0,0.0,0.0
2015-03-06 00:00:00-05:00,70.92846057647947,71.10678635582889,70.16862097310877,70.29267883300781,180800,0.0,0.0,0.0
2015-03-09 00:00:00-04:00,70.47875007996483,70.51751371933486,70.30041840957139,70.40896606445312,165500,0.0,0.0,0.0
2015-03-10 00:00:00-04:00,69.85072339863653,69.85847849331552,69.35450381645383,69.36225891113281,254400,0.0,0.0,0.0
2015-03-11 00:00:00-04:00,69.51731630867619,69.52506548628811,69.23819211417538,69.37775421142578,173000,0.0,0.0,0.0
2015-03-12 00:00:00-04:00,69.65690855747526,70.34697022341547,69.65690855747526,70.30044555664062,165200,0.0,0.0,0.0
2015-03-13 00:00:00-04:00,70.19186478416255,70.19186478416255,69.37775744179763,69.78868865966797,162200,0.0,0.0,0.0
2015-03-16 00:00:00-04:00,70.02905235754972,70.63381958007812,70.02905235754972,70.63381958007812,171500,0.0,0.0,0.0
2015-03-17 00:00:00-04:00,70.4787743599969,70.64159589841174,70.1918949358914,70.5795669555664,195800,0.0,0.0,0.0
2015-03-18 00:00:00-04:00,70.44000299885947,71.79685503318414,70.34696550236525,71.51773071289062,205500,0.0,0.0,0.0
2015-03-19 00:00:00-04:00,71.37816084980115,71.3859159454739,70.85868183241782,71.14556121826172,191200,0.0,0.0,0.0
2015-03-20 00:00:00-04:00,71.47122527478587,71.95194078601658,71.4479658963307,71.89766693115234,337600,0.0,0.0,0.0
2015-03-23 00:00:00-04:00,71.85111468632462,72.18451278552403,71.80459594726562,71.80459594726562,197000,0.0,0.0,0.0
2015-03-24 00:00:00-04:00,71.78131769830232,71.8045770617143,71.37813568115234,71.37813568115234,173300,0.0,0.0,0.0
2015-03-25 00:00:00-04:00,71.499922137585,71.56972071640527,70.45289611816406,70.45289611816406,205300,0.027,0.0,0.0
2015-03-26 00:00:00-04:00,70.24351155993058,70.5149604055276,69.91777294521414,70.22024536132812,255000,0.0,0.0,0.0
2015-03-27 00:00:00-04:00,70.22799797253938,70.65455872466389,70.1659508357116,70.62353515625,157900,0.0,0.0,0.0
2015-03-30 00:00:00-04:00,71.01907393174722,71.56197155307395,70.98805036522279,71.4533920288086,220200,0.0,0.0,0.0
2015-03-31 00:00:00-04:00,71.12768087467208,71.44566811627156,71.00359247788045,71.28279876708984,196400,0.0,0.0,0.0
2015-04-01 00:00:00-04:00,71.06560832809323,71.06560832809323,70.53046806258361,70.98805236816406,243000,0.0,0.0,0.0
2015-04-02 00:00:00-04:00,70.98028582823831,71.4533848149769,70.871706314935,71.31378173828125,290300,0.0,0.0,0.0
2015-04-06 00:00:00-04:00,71.02681634131257,71.94974210315951,70.96476922133354,71.77912139892578,172800,0.0,0.0,0.0
2015-04-07 00:00:00-04:00,71.7946616675198,71.9265074173714,71.49994659423828,71.49994659423828,189600,0.0,0.0,0.0
2015-04-08 00:00:00-04:00,71.65504828789093,71.87220735471215,71.39135682593398,71.7713851928711,137300,0.0,0.0,0.0
2015-04-09 00:00:00-04:00,71.7636048580069,72.07383453297147,71.52317967055033,72.01178741455078,152200,0.0,0.0,0.0
2015-04-10 00:00:00-04:00,72.13588959045674,72.13588959045674,71.91097319928225,72.10486602783203,132700,0.0,0.0,0.0
2015-04-13 00:00:00-04:00,72.10487176813788,72.15140415720964,71.75586109867965,71.76361846923828,125800,0.0,0.0,0.0
2015-04-14 00:00:00-04:00,71.8023965399991,71.97302318264096,71.45338588446627,71.93424224853516,126200,0.0,0.0,0.0
2015-04-15 00:00:00-04:00,72.12814833079715,72.59349003982574,72.12814833079715,72.39959716796875,304500,0.0,0.0,0.0
2015-04-16 00:00:00-04:00,72.27550233374627,72.42285687950441,71.97302995411073,72.21345520019531,165900,0.0,0.0,0.0
2015-04-17 00:00:00-04:00,71.84892282266605,71.98852588959004,71.3758238690425,71.6084976196289,429700,0.0,0.0,0.0
2015-04-20 00:00:00-04:00,71.96528797648284,72.13591467167483,71.94202177570968,71.9730453491211,191900,0.0,0.0,0.0
2015-04-21 00:00:00-04:00,72.2289499740947,72.24446471303449,71.70156127578667,71.79463195800781,176900,0.0,0.0,0.0
2015-04-22 00:00:00-04:00,71.90321725531864,72.03506296123373,71.53094633071838,72.0195541381836,203100,0.0,0.0,0.0
2015-04-23 00:00:00-04:00,71.79464149055951,72.36081119425114,71.79464149055951,72.14364624023438,134700,0.0,0.0,0.0
2015-04-24 00:00:00-04:00,72.23671693481299,72.25998312917264,72.05058146279572,72.14364624023438,140000,0.0,0.0,0.0
2015-04-27 00:00:00-04:00,72.36080270710042,72.37631152914119,71.55420786677732,71.6084976196289,143900,0.0,0.0,0.0
2015-04-28 00:00:00-04:00,71.60847264698556,71.74031829833984,71.0810841244312,71.74031829833984,380500,0.0,0.0,0.0
2015-04-29 00:00:00-04:00,71.4456228774881,71.69380543106679,71.20519177576521,71.4843978881836,247400,0.0,0.0,0.0
2015-04-30 00:00:00-04:00,71.39134371582675,71.49992322929812,70.79415047459455,71.07335662841797,166400,0.0,0.0,0.0
2015-05-01 00:00:00-04:00,71.29827612034899,71.86444582271656,71.29051874986725,71.81015014648438,139300,0.0,0.0,0.0
2015-05-04 00:00:00-04:00,71.94198569335424,72.18241087028096,71.93422832460668,72.08158874511719,146800,0.0,0.0,0.0
2015-05-05 00:00:00-04:00,72.02734689926739,72.17470150063605,71.23626044079323,71.28279876708984,143300,0.0,0.0,0.0
2015-05-06 00:00:00-04:00,71.50768134245772,71.57748584598495,70.67006872011274,71.01907348632812,161700,0.0,0.0,0.0
2015-05-07 00:00:00-04:00,70.99580299234985,71.38358867228372,70.78639541158722,71.27500915527344,100400,0.0,0.0,0.0
2015-05-08 00:00:00-04:00,71.83342039538556,72.11262655408905,71.83342039538556,72.02731323242188,200300,0.0,0.0,0.0
2015-05-11 00:00:00-04:00,71.93425060413777,72.16692440151948,71.81015633429675,71.89546966552734,469300,0.0,0.0,0.0
2015-05-12 00:00:00-04:00,71.57750111136477,71.71710423105222,71.212981525673,71.58525848388672,172300,0.0,0.0,0.0
2015-05-13 00:00:00-04:00,71.77911731656663,71.98076156932157,71.48439647199775,71.56970977783203,100000,0.0,0.0,0.0
2015-05-14 00:00:00-04:00,71.91100389909721,72.22123374064621,71.81793317148988,72.20571899414062,109700,0.0,0.0,0.0
2015-05-15 00:00:00-04:00,72.22120870010427,72.33753967285156,72.07384824510436,72.33753967285156,134700,0.0,0.0,0.0
2015-05-18 00:00:00-04:00,72.26774639413017,72.7330880706985,72.19794188821767,72.6943130493164,116400,0.0,0.0,0.0
2015-05-19 00:00:00-04:00,72.72532869110215,72.74084343293887,72.43837105566585,72.5934829711914,129400,0.0,0.0,0.0
2015-05-20 00:00:00-04:00,72.67104166219382,72.91922428665329,72.49266354434445,72.65553283691406,144600,0.0,0.0,0.0
2015-05-21 00:00:00-04:00,72.64001495257206,72.87268280559488,72.63225758232937,72.74083709716797,159500,0.0,0.0,0.0
2015-05-22 00:00:00-04:00,72.59347462120841,72.79512482190928,72.57020842826978,72.63225555419922,167500,0.0,0.0,0.0
2015-05-26 00:00:00-04:00,72.46161531440562,72.46161531440562,71.69380150586197,71.84115600585938,316800,0.0,0.0,0.0
2015-05-27 00:00:00-04:00,71.98852316839766,72.39957498404169,71.82565391599941,72.35304260253906,173100,0.0,0.0,0.0
2015-05-28 00:00:00-04:00,72.28323607068052,72.3375258199459,71.9885211342597,72.24446105957031,109200,0.0,0.0,0.0
2015-05-29 00:00:00-04:00,72.25997906133799,72.27549380146435,71.87219339813389,71.92648315429688,165200,0.0,0.0,0.0
2015-06-01 00:00:00-04:00,72.1824223891762,72.1824223891762,71.66279102580063,71.96526336669922,128700,0.0,0.0,0.0
2015-06-02 00:00:00-04:00,71.7946350095059,72.15915446727456,71.65503193881023,71.95750427246094,233800,0.0,0.0,0.0
2015-06-03 00:00:00-04:00,72.13589478687446,72.32203025889171,71.94200194435733,72.14364624023438,133200,0.0,0.0,0.0
2015-06-04 00:00:00-04:00,71.87219014545407,71.99628439229035,71.37582499238772,71.43011474609375,139000,0.0,0.0,0.0
2015-06-05 00:00:00-04:00,71.41461945660292,71.5929975738078,71.08888087264056,71.42237091064453,135600,0.0,0.0,0.0
2015-06-08 00:00:00-04:00,71.40684732825903,71.46113708103306,71.04232788085938,71.04232788085938,117400,0.0,0.0,0.0
2015-06-09 00:00:00-04:00,71.08110951841212,71.19744639469593,70.8484357658445,70.99579620361328,122100,0.0,0.0,0.0
2015-06-10 00:00:00-04:00,71.17420427979545,71.82568751124775,71.17420427979545,71.7093505859375,299800,0.0,0.0,0.0
2015-06-11 00:00:00-04:00,71.86444538984311,72.04282348986888,71.73259376100764,71.94200134277344,168600,0.0,0.0,0.0
2015-06-12 00:00:00-04:00,71.68605499177887,71.74034474571167,71.40684885237036,71.52318572998047,248900,0.0,0.0,0.0
2015-06-15 00:00:00-04:00,71.07336354394026,71.29827996291264,70.80967210474937,71.1198959350586,163300,0.0,0.0,0.0
2015-06-16 00:00:00-04:00,71.04235628038522,71.51545542245663,71.02684745216689,71.49994659423828,191400,0.0,0.0,0.0
2015-06-17 00:00:00-04:00,71.65502410798497,71.79462716342411,71.25948113138428,71.6240005493164,381400,0.0,0.0,0.0
2015-06-18 00:00:00-04:00,71.75586013611515,72.44612409521349,71.75586013611515,72.28324890136719,167200,0.0,0.0,0.0
2015-06-19 00:00:00-04:00,72.27550204957612,72.42285659475489,72.1203842163086,72.1203842163086,123700,0.0,0.0,0.0
2015-06-22 00:00:00-04:00,72.57021994029674,72.59348613692616,72.36856970760752,72.51593017578125,118900,0.0,0.0,0.0
2015-06-23 00:00:00-04:00,72.57019253867004,72.66326320718592,72.33751882594953,72.43834686279297,178400,0.0,0.0,0.0
2015-06-24 00:00:00-04:00,72.36854566211336,72.4848825237464,71.8489143862428,71.8876953125,125800,0.0,0.0,0.0
2015-06-25 00:00:00-04:00,72.05055663594777,72.0660654544636,71.4921444951711,71.56194305419922,114600,0.0,0.0,0.0
2015-06-26 00:00:00-04:00,71.63953399658203,71.75586497554663,71.40686020437217,71.63953399658203,131000,0.0,0.0,0.0
2015-06-29 00:00:00-04:00,71.01908278540171,71.28278017516325,70.11942291259766,70.11942291259766,250500,0.0,0.0,0.0
2015-06-30 00:00:00-04:00,70.69330954229406,70.94149206671482,70.07285027267311,70.24347686767578,216900,0.0,0.0,0.0
2015-07-01 00:00:00-04:00,70.74762280001475,70.82517875521123,70.46065925693365,70.67781829833984,194600,0.0,0.0,0.0
2015-07-02 00:00:00-04:00,70.84066912525337,71.00354428101879,70.49942182785644,70.74760437011719,149500,0.0,0.0,0.0
2015-07-06 00:00:00-04:00,70.19698388863924,70.7166154162143,70.07288959821695,70.39862823486328,370900,0.0,0.0,0.0
2015-07-07 00:00:00-04:00,70.47617972103477,70.93376403584867,69.58427137100058,70.89498901367188,216300,0.0,0.0,0.0
2015-07-08 00:00:00-04:00,70.37535212193953,70.53046996311818,69.46793494032168,69.61529541015625,260600,0.0,0.0,0.0
2015-07-09 00:00:00-04:00,70.30556151743431,70.50721177530217,69.67734454429622,69.71612548828125,172100,0.0,0.0,0.0
2015-07-10 00:00:00-04:00,70.38309062087035,70.52269368192789,70.13490805867241,70.40635681152344,125800,0.0,0.0,0.0
2015-07-13 00:00:00-04:00,70.7941570682919,71.05009705265797,70.77089087282957,71.01907348632812,135300,0.0,0.0,0.0
2015-07-14 00:00:00-04:00,70.97254095208307,71.31378834674182,70.94151738581586,71.25174713134766,129400,0.0,0.0,0.0
2015-07-15 00:00:00-04:00,71.26724742391768,71.26724742391768,70.83292938245313,70.96477508544922,162000,0.0,0.0,0.0
2015-07-16 00:00:00-04:00,71.3060438095926,71.3137952640561,71.15868333481473,71.29828643798828,113000,0.0,0.0,0.0
2015-07-17 00:00:00-04:00,71.29828154670817,71.29828154670817,70.6002660787264,70.79415893554688,124700,0.0,0.0,0.0
2015-07-20 00:00:00-04:00,70.80964111507329,70.82514993294525,70.42185557975995,70.44512176513672,126300,0.0,0.0,0.0
2015-07-21 00:00:00-04:00,70.45289939308553,70.63128340915088,70.04960489005153,70.13491821289062,136600,0.0,0.0,0.0
2015-07-22 00:00:00-04:00,69.99528880046758,70.41409788672634,69.99528880046758,70.35205078125,126800,0.0,0.0,0.0
2015-07-23 00:00:00-04:00,70.42187449262397,70.50718780667611,69.89448578627406,69.99530792236328,130900,0.0,0.0,0.0
2015-07-24 00:00:00-04:00,70.06509972867983,70.11939539341263,69.35157564111773,69.4834213256836,320700,0.0,0.0,0.0
2015-07-27 00:00:00-04:00,69.21197375399869,69.34382535792508,68.8707264421449,69.0568618774414,378600,0.0,0.0,0.0
2015-07-28 00:00:00-04:00,69.39039154955712,69.97207024579174,68.95607334985395,69.88675689697266,112600,0.0,0.0,0.0
2015-07-29 00:00:00-04:00,69.90222978127679,70.60800241002454,69.83243121384739,70.56147003173828,111900,0.0,0.0,0.0
2015-07-30 00:00:00-04:00,70.45288627016262,70.8174056876433,70.30553176309293,70.80965423583984,104200,0.0,0.0,0.0
2015-07-31 00:00:00-04:00,71.03457856120801,71.25949496737154,70.8639578311108,70.9027328491211,113300,0.0,0.0,0.0
2015-08-03 00:00:00-04:00,70.91047573187555,70.91047573187555,70.35982088465795,70.61576080322266,139800,0.0,0.0,0.0
2015-08-04 00:00:00-04:00,70.70109155122475,70.91049322534838,70.32105730549122,70.49168395996094,220700,0.0,0.0,0.0
2015-08-05 00:00:00-04:00,70.88719701008006,71.22844425736437,70.53043502779238,70.685546875,128300,0.0,0.0,0.0
2015-08-06 00:00:00-04:00,70.77088737837711,70.82517713748862,70.04960576895847,70.42188262939453,294100,0.0,0.0,0.0
2015-08-07 00:00:00-04:00,70.42960670452659,70.49941117747188,70.13489182922049,70.35205078125,177500,0.0,0.0,0.0
2015-08-10 00:00:00-04:00,70.77088062752638,71.52318572998047,70.77088062752638,71.52318572998047,117500,0.0,0.0,0.0
2015-08-11 00:00:00-04:00,70.9492465096871,71.0268024359077,70.59247859822418,70.88719940185547,277000,0.0,0.0,0.0
2015-08-12 00:00:00-04:00,70.46841021264856,71.15866821019922,69.97980241396404,71.05784606933594,467500,0.0,0.0,0.0
2015-08-13 00:00:00-04:00,71.04233275927317,71.18193583558414,70.86395466668337,70.9725341796875,112600,0.0,0.0,0.0
2015-08-14 00:00:00-04:00,70.85620091714861,71.37583231552594,70.85620091714861,71.32929992675781,139900,0.0,0.0,0.0
2015-08-17 00:00:00-04:00,71.15089608316647,71.73257444925513,70.93373710656883,71.72482299804688,133100,0.0,0.0,0.0
2015-08-18 00:00:00-04:00,71.68605601087403,71.7791266977131,71.49216318448056,71.57747650146484,107300,0.0,0.0,0.0
2015-08-19 00:00:00-04:00,71.32927851072203,71.48439037147138,70.63902067125258,71.01129150390625,144500,0.0,0.0,0.0
2015-08-20 00:00:00-04:00,70.45289511534703,70.53820843300609,69.58425903320312,69.58425903320312,239800,0.0,0.0,0.0
2015-08-21 00:00:00-04:00,69.1111548373631,69.25851526893715,67.91677439752807,67.9400405883789,532100,0.0,0.0,0.0
2015-08-24 00:00:00-04:00,64.01564790444205,66.98608703662823,51.0170728653086,65.06266784667969,1431900,0.0,0.0,0.0
2015-08-25 00:00:00-04:00,66.17174235315441,67.5832818669788,64.10872579470619,64.15525817871094,647800,0.0,0.0,0.0
2015-08-26 00:00:00-04:00,64.79122220713494,66.22602782008725,64.36465565757175,66.03213500976562,354000,0.0,0.0,0.0
2015-08-27 00:00:00-04:00,66.69137008686178,67.9710638319484,66.62932888392825,67.83921813964844,336500,0.0,0.0,0.0
2015-08-28 00:00:00-04:00,67.66859143453131,68.18822275093525,67.52898837310975,68.07964324951172,237500,0.0,0.0,0.0
2015-08-31 00:00:00-04:00,67.80044209573924,68.110671801317,67.42817118275751,67.77717590332031,152600,0.0,0.0,0.0
2015-09-01 00:00:00-04:00,67.10243258481526,67.10243258481526,65.44271032005558,65.81498718261719,433600,0.0,0.0,0.0
2015-09-02 00:00:00-04:00,66.46643894238234,66.94729514036672,65.73740615354262,66.65258026123047,289000,0.0,0.0,0.0
2015-09-03 00:00:00-04:00,66.8542427523745,67.73839354856162,66.8542427523745,67.05589294433594,175200,0.0,0.0,0.0
2015-09-04 00:00:00-04:00,66.38892108959594,66.52076682820186,65.79173362128957,66.0864486694336,154500,0.0,0.0,0.0
2015-09-08 00:00:00-04:00,67.09466742732272,67.6918546589834,66.90077462368578,67.68409729003906,184300,0.0,0.0,0.0
2015-09-09 00:00:00-04:00,68.10292293465481,68.30457315602891,66.78445391775236,66.92405700683594,175200,0.0,0.0,0.0
2015-09-10 00:00:00-04:00,66.67585465834998,67.53673913334819,66.61380754442578,67.08690643310547,171100,0.0,0.0,0.0
2015-09-11 00:00:00-04:00,66.8232281318537,67.21101379394531,66.5595308047188,67.21101379394531,133500,0.0,0.0,0.0
2015-09-14 00:00:00-04:00,67.28080064486444,67.28855801355314,66.8309679351371,67.00159454345703,177800,0.0,0.0,0.0
2015-09-15 00:00:00-04:00,67.10243016274507,67.92453981206197,67.06365514578073,67.80044555664062,146900,0.0,0.0,0.0
2015-09-16 00:00:00-04:00,67.93229362828288,68.63806641697843,67.90902743386697,68.57601928710938,164600,0.0,0.0,0.0
2015-09-17 00:00:00-04:00,68.57600859592124,69.38260340704868,68.2657789120816,68.41313934326172,217000,0.0,0.0,0.0
2015-09-18 00:00:00-04:00,67.4747239998233,67.99435551166206,67.08693822970938,67.24205017089844,474400,0.0,0.0,0.0
2015-09-21 00:00:00-04:00,67.62979648762109,67.99431584562006,67.24976831140714,67.42039489746094,343300,0.0,0.0,0.0
2015-09-22 00:00:00-04:00,66.6215595734842,66.68360668243555,65.88476346824734,66.24928283691406,352600,0.0,0.0,0.0
2015-09-23 00:00:00-04:00,66.31457101352977,66.50334887832575,65.88196857550837,66.03141021728516,144800,1.193,0.0,0.0
2015-09-24 00:00:00-04:00,65.64602369212857,66.1258237755053,65.08756913626993,65.96064758300781,226100,0.0,0.0,0.0
2015-09-25 00:00:00-04:00,66.52693357370465,66.55839654595061,65.67745132590841,66.01567077636719,205300,0.0,0.0,0.0
2015-09-28 00:00:00-04:00,65.7639966641627,65.7639966641627,64.0257073284601,64.14369201660156,582300,0.0,0.0,0.0
2015-09-29 00:00:00-04:00,64.30099661480106,64.62348767399801,63.797600913427864,64.15941619873047,369500,0.0,0.0,0.0
2015-09-30 00:00:00-04:00,64.91452215914104,65.520174166249,64.62350002672018,65.47297668457031,314200,0.0,0.0,0.0
2015-10-01 00:00:00-04:00,65.55949047030487,65.70107089631396,64.74147089791349,65.37858581542969,328500,0.0,0.0,0.0
2015-10-02 00:00:00-04:00,64.717883864985,66.44044494628906,64.48978170345991,66.44044494628906,246700,0.0,0.0,0.0
2015-10-05 00:00:00-04:00,66.9202338665023,67.78544488620999,66.91236662060076,67.72251892089844,196800,0.0,0.0,0.0
2015-10-06 00:00:00-04:00,67.64384826152079,67.88767881750867,67.37642197443073,67.5966567993164,245900,0.0,0.0,0.0
2015-10-07 00:00:00-04:00,67.96635547756364,68.46188395182604,67.59667293286535,68.32817077636719,192600,0.0,0.0,0.0
2015-10-08 00:00:00-04:00,68.19444844787554,69.39001772869995,68.1708527122323,69.24057006835938,194300,0.0,0.0,0.0
2015-10-09 00:00:00-04:00,69.35856613780675,69.44508785000752,68.933824823626,69.12259674072266,164000,0.0,0.0,0.0
2015-10-12 00:00:00-04:00,69.1619413486277,69.1619413486277,68.78439143501272,68.99676513671875,90500,0.0,0.0,0.0
2015-10-13 00:00:00-04:00,68.69782227707354,69.21695229977699,68.45399175177546,68.53264617919922,139500,0.0,0.0,0.0
2015-10-14 00:00:00-04:00,68.57984969261517,68.79221726550803,68.13151281566472,68.30455017089844,149300,0.0,0.0,0.0
2015-10-15 00:00:00-04:00,68.31244280516188,68.96528625488281,67.99781894979448,68.96528625488281,247700,0.0,0.0,0.0
2015-10-16 00:00:00-04:00,69.06752310940988,69.1068533340864,68.64278188689248,69.05966186523438,137200,0.0,0.0,0.0
2015-10-19 00:00:00-04:00,68.77649452097594,68.99672935597718,68.59558390596824,68.88661193847656,151800,0.0,0.0,0.0
2015-10-20 00:00:00-04:00,68.80796402977404,69.35068392442147,68.80796402977404,69.05966186523438,158000,0.0,0.0,0.0
2015-10-21 00:00:00-04:00,69.25630234115614,69.30349381093107,68.39108538894986,68.4461441040039,100000,0.0,0.0,0.0
2015-10-22 00:00:00-04:00,68.77650853221537,69.53160212074079,68.77650853221537,69.28776550292969,245600,0.0,0.0,0.0
2015-10-23 00:00:00-04:00,69.79116063688245,69.86981508641237,69.3113606935151,69.72036743164062,353800,0.0,0.0,0.0
2015-10-26 00:00:00-04:00,69.62597496775837,69.6810336797377,69.28775545104263,69.46866607666016,163100,0.0,0.0,0.0
2015-10-27 00:00:00-04:00,69.08326196616467,69.1461879292445,68.6821164527183,68.97314453125,137100,0.0,0.0,0.0
2015-10-28 00:00:00-04:00,69.13047173544312,70.12940216064453,69.06754575570804,70.12940216064453,205100,0.0,0.0,0.0
2015-10-29 00:00:00-04:00,70.0035455561852,70.01927404959946,69.54734123480421,69.74398040771484,159500,0.0,0.0,0.0
2015-10-30 00:00:00-04:00,69.696767779916,70.0113915613037,69.46866568843366,69.60237884521484,181000,0.0,0.0,0.0
2015-11-02 00:00:00-05:00,69.6889292676451,70.61706650488459,69.6889292676451,70.51481628417969,250800,0.0,0.0,0.0
2015-11-03 00:00:00-05:00,70.4439766714165,70.72713740487575,70.23160912179605,70.48330688476562,229000,0.0,0.0,0.0
2015-11-04 00:00:00-05:00,70.62490730294982,70.68783326179482,70.08218140957366,70.26309204101562,417700,0.0,0.0,0.0
2015-11-05 00:00:00-05:00,70.29457914416741,70.29457914416741,69.64960284703713,70.01927947998047,231600,0.0,0.0,0.0
2015-11-06 00:00:00-05:00,69.9012905399721,70.08219520607753,69.46081474229393,69.9642105102539,182900,0.0,0.0,0.0
2015-11-09 00:00:00-05:00,69.86983572042358,69.86983572042358,68.89450105517642,69.29564666748047,157200,0.0,0.0,0.0
2015-11-10 00:00:00-05:00,69.10685471698994,69.58665466308594,69.02033302173002,69.58665466308594,181400,0.0,0.0,0.0
2015-11-11 00:00:00-05:00,69.68892233400628,69.68892233400628,69.2012610212156,69.3113784790039,133900,0.0,0.0,0.0
2015-11-12 00:00:00-05:00,68.94953620921999,68.94953620921999,68.11578235298155,68.12364959716797,418100,0.0,0.0,0.0
2015-11-13 00:00:00-05:00,67.98209907148427,68.16300976155281,67.5416292187284,67.6281509399414,368500,0.0,0.0,0.0
2015-11-16 00:00:00-05:00,67.54160067248726,68.57198764295926,67.54160067248726,68.55625915527344,376700,0.0,0.0,0.0
2015-11-17 00:00:00-05:00,68.69783930733345,69.11471927782577,68.26523684878617,68.39108276367188,845700,0.0,0.0,0.0
2015-11-18 00:00:00-05:00,68.58773143478088,69.56306591550651,68.58773143478088,69.5551986694336,460400,0.0,0.0,0.0
2015-11-19 00:00:00-05:00,69.50799232753401,69.61024250080932,69.29561873564407,69.42147064208984,213500,0.0,0.0,0.0
2015-11-20 00:00:00-05:00,69.7597093833896,69.90128981672288,69.40575529958097,69.53947448730469,173400,0.0,0.0,0.0
2015-11-23 00:00:00-05:00,69.62599436477743,70.03500719709842,69.54733989731606,69.75184631347656,230100,0.0,0.0,0.0
2015-11-24 00:00:00-05:00,69.47653275346401,70.12937604798812,69.27202639594873,69.97206115722656,299500,0.0,0.0,0.0
2015-11-25 00:00:00-05:00,70.00351779862152,70.12150245577527,69.75968724119964,70.03498077392578,185900,0.0,0.0,0.0
2015-11-27 00:00:00-05:00,70.01140361538768,70.1608452865408,69.7990299759824,70.05072784423828,138900,0.0,0.0,0.0
2015-11-30 00:00:00-05:00,70.26308284417,70.27881133134765,69.9563263361396,70.03498077392578,652600,0.0,0.0,0.0
2015-12-01 00:00:00-05:00,70.27882989726554,70.69570392851413,70.18444694736806,70.65637969970703,179700,0.0,0.0,0.0
2015-12-02 00:00:00-05:00,70.69570082646334,70.69570082646334,69.65744641649486,69.7361068725586,275800,0.0,0.0,0.0
2015-12-03 00:00:00-05:00,70.01926193513829,70.01926193513829,68.5562722626792,68.8315658569336,228700,0.0,0.0,0.0
2015-12-04 00:00:00-05:00,68.91020792061195,69.97205787947614,68.91020792061195,69.88553619384766,226400,0.0,0.0,0.0
2015-12-07 00:00:00-05:00,69.64172829573522,69.64172829573522,68.85517162557912,69.1855239868164,190200,0.0,0.0,0.0
2015-12-08 00:00:00-05:00,68.54840984891527,68.91809241623778,68.26524898887891,68.54054260253906,427100,0.0,0.0,0.0
2015-12-09 00:00:00-05:00,68.4068184347483,69.15404469483599,67.69891639832589,67.98994445800781,240000,0.0,0.0,0.0
2015-12-10 00:00:00-05:00,67.95847282896815,68.54839011741241,67.8404881710895,68.0921859741211,270700,0.0,0.0,0.0
2015-12-11 00:00:00-05:00,67.36855936049496,67.58879420051686,66.69212035131378,66.84156799316406,257000,0.0,0.0,0.0
2015-12-14 00:00:00-05:00,66.77866278900598,67.10901515169057,65.97637162139921,66.58202362060547,559300,0.0,0.0,0.0
2015-12-15 00:00:00-05:00,66.99889607655327,67.68320252637402,66.99889607655327,67.42363739013672,505000,0.0,0.0,0.0
2015-12-16 00:00:00-05:00,67.8090691456106,68.4776413056551,67.42365794762424,68.39898681640625,370500,0.0,0.0,0.0
2015-12-17 00:00:00-05:00,68.52480245115521,68.52480245115521,67.3449677354043,67.35282897949219,288000,0.0,0.0,0.0
2015-12-18 00:00:00-05:00,67.21913575093039,67.21913575093039,66.4247117931569,66.43257904052734,358500,0.0,0.0,0.0
2015-12-21 00:00:00-05:00,66.89664226166337,67.09328141469477,66.48762946282565,66.93596649169922,538800,0.0,0.0,0.0
2015-12-22 00:00:00-05:00,67.16407934425791,67.81692287670081,66.84945544902443,67.6281509399414,486500,0.0,0.0,0.0
2015-12-23 00:00:00-05:00,68.02231887765218,68.79008395179639,68.02231887765218,68.7584228515625,301000,0.538,0.0,0.0
2015-12-24 00:00:00-05:00,68.82965162818871,68.98795711976773,68.62385750850451,68.77424621582031,126400,0.0,0.0,0.0
2015-12-28 00:00:00-05:00,68.40225155499718,68.54472351074219,67.9194302626801,68.54472351074219,403700,0.0,0.0,0.0
2015-12-29 00:00:00-05:00,68.89295575842284,69.2095606198178,68.7742281805578,69.08291625976562,360800,0.0,0.0,0.0
2015-12-30 00:00:00-05:00,69.03544965955524,69.0987718597748,68.5130505658499,68.58428955078125,301800,0.0,0.0,0.0
2015-12-31 00:00:00-05:00,68.26765226257048,68.60800137916804,68.03019714355469,68.03019714355469,322200,0.0,0.0,0.0
2016-01-04 00:00:00-05:00,67.08041681197139,67.3257827758789,66.5421902172403,67.3257827758789,452100,0.0,0.0,0.0
2016-01-05 00:00:00-05:00,67.50781923419484,67.58696894508942,67.00917062069674,67.47615814208984,255400,0.0,0.0,0.0
2016-01-06 00:00:00-05:00,66.53426718391509,66.68465587733978,65.75859148240522,66.17017364501953,418600,0.0,0.0,0.0
2016-01-07 00:00:00-05:00,65.00666150098508,65.54488810682231,64.47635167958671,64.65840148925781,398300,0.0,0.0,0.0
2016-01-08 00:00:00-05:00,65.03040844222195,65.03040844222195,63.605689254836626,63.661094665527344,583500,0.0,0.0,0.0
2016-01-11 00:00:00-05:00,64.00145243434136,64.13600758697001,62.8221050847804,63.41573715209961,726600,0.0,0.0,0.0
2016-01-12 00:00:00-05:00,64.07266737414417,64.07266737414417,62.7745927682374,63.59776306152344,542000,0.0,0.0,0.0
2016-01-13 00:00:00-05:00,63.771898690870565,64.0093538763753,61.90393641702435,62.054325103759766,540200,0.0,0.0,0.0
2016-01-14 00:00:00-05:00,62.31554211092038,63.027895790135666,61.413215775687725,62.65589141845703,382100,0.0,0.0,0.0
2016-01-15 00:00:00-05:00,60.85915019002603,61.72189847561988,60.55046204310131,61.52402114868164,502900,0.0,0.0,0.0
2016-01-19 00:00:00-05:00,62.09391111302241,62.19681120163483,60.534642639976525,61.080780029296875,451500,0.0,0.0,0.0
2016-01-20 00:00:00-05:00,60.24177672795757,60.946219561872454,58.6983359207816,60.42382049560547,606600,0.0,0.0,0.0
2016-01-21 00:00:00-05:00,60.49505697814779,61.46069930531192,60.13096341915319,60.716678619384766,432300,0.0,0.0,0.0
2016-01-22 00:00:00-05:00,61.77729738515584,62.173051997389415,61.42111461090393,61.919769287109375,339100,0.0,0.0,0.0
2016-01-25 00:00:00-05:00,61.59524357753596,61.682310069631214,60.5425349285557,60.66126251220703,334700,0.0,0.0,0.0
2016-01-26 00:00:00-05:00,60.94621193769448,61.919770967249676,60.92246762651396,61.872276306152344,275900,0.0,0.0,0.0
2016-01-27 00:00:00-05:00,61.62691175887844,62.55297614817227,61.136173841406695,61.484439849853516,407600,0.0,0.0,0.0
2016-01-28 00:00:00-05:00,62.014758874288354,62.109742174077375,61.16784407706595,61.650665283203125,309600,0.0,0.0,0.0
2016-01-29 00:00:00-05:00,61.95141824734409,63.360309600830085,61.943507503767684,63.36030960083008,257200,0.0,0.0,0.0
2016-02-01 00:00:00-05:00,62.877502196889075,63.69275582878318,62.671708083223415,63.471134185791016,284200,0.0,0.0,0.0
2016-02-02 00:00:00-05:00,62.80626584022995,62.80626584022995,61.82479593511551,62.03059005737305,418700,0.0,0.0,0.0
2016-02-03 00:00:00-05:00,62.58463481186931,62.885406146464796,61.25489905887755,62.735023498535156,585900,0.0,0.0,0.0
2016-02-04 00:00:00-05:00,62.53715840046917,63.550289450323795,62.386769684440395,62.95665740966797,266000,0.0,0.0,0.0
2016-02-05 00:00:00-05:00,62.82999781438337,63.03579189622169,61.99891678169466,62.08598327636719,331900,0.0,0.0,0.0
2016-02-08 00:00:00-05:00,61.45277070603757,61.51609288814107,60.07554645833258,60.84331130981445,329100,0.0,0.0,0.0
2016-02-09 00:00:00-05:00,60.115126221043624,61.15991820859529,60.115126221043624,60.803741455078125,344800,0.0,0.0,0.0
2016-02-10 00:00:00-05:00,61.14408813783568,61.61107568586137,60.75625030521852,60.79582214355469,359900,0.0,0.0,0.0
2016-02-11 00:00:00-05:00,59.77479523641992,60.186383561235736,59.102013364063694,59.624412536621094,407500,0.0,0.0,0.0
2016-02-12 00:00:00-05:00,60.13095094708708,61.01743732816438,59.94099044238988,61.001609802246094,273700,0.0,0.0,0.0
2016-02-16 00:00:00-05:00,61.903952026890124,62.3155403137207,61.32615352252491,62.3155403137207,267000,0.0,0.0,0.0
2016-02-17 00:00:00-05:00,62.76668465306935,63.39197163365593,62.69544568188765,63.20201110839844,383800,0.0,0.0,0.0
2016-02-18 00:00:00-05:00,63.281162112157624,63.399889707386414,62.869579959265664,63.194095611572266,221200,0.0,0.0,0.0
2016-02-19 00:00:00-05:00,62.87748425520706,63.154511229899406,62.46589614531973,63.09910583496094,202200,0.0,0.0,0.0
2016-02-22 00:00:00-05:00,63.756092331179765,64.2230800353198,63.66110901769481,64.2072525024414,241600,0.0,0.0,0.0
2016-02-23 00:00:00-05:00,63.969751054250295,64.18345580688155,63.47110260562144,63.542335510253906,223700,0.0,0.0,0.0
2016-02-24 00:00:00-05:00,62.91707229679354,63.93020323025826,62.56089552881309,63.87479782104492,234700,0.0,0.0,0.0
2016-02-25 00:00:00-05:00,64.04102589922661,64.60299682617188,63.724420944102405,64.60299682617188,130000,0.0,0.0,0.0
2016-02-26 00:00:00-05:00,64.95916868758921,65.07789629157601,64.54758650433668,64.67422485351562,209200,0.0,0.0,0.0
2016-02-29 00:00:00-05:00,64.66631922338232,64.92751878945822,64.17558723240826,64.22307586669922,264300,0.0,0.0,0.0
2016-03-01 00:00:00-05:00,64.72171480211539,65.48947981301654,64.46843205984523,65.43407440185547,194700,0.0,0.0,0.0
2016-03-02 00:00:00-05:00,65.3549251037402,66.17809553117537,65.26785859438495,66.16226196289062,160200,0.0,0.0,0.0
2016-03-03 00:00:00-05:00,66.08312593819382,66.88255221767784,66.05146483379721,66.85089111328125,433400,0.0,0.0,0.0
2016-03-04 00:00:00-05:00,66.86669790114789,67.37326329111042,66.57383733183939,67.0645751953125,321200,0.0,0.0,0.0
2016-03-07 00:00:00-05:00,66.77172865133385,67.49991579751794,66.68466214051433,67.3257827758789,201100,0.0,0.0,0.0
2016-03-08 00:00:00-05:00,66.93002527531063,67.10415828958912,66.11477165276753,66.20975494384766,198400,0.0,0.0,0.0
2016-03-09 00:00:00-05:00,66.53427138248874,66.81921522025529,66.21767248606979,66.621337890625,184300,0.0,0.0,0.0
2016-03-10 00:00:00-05:00,66.77171652482795,67.08040462940421,65.96437375998546,66.72422790527344,222500,0.0,0.0,0.0
2016-03-11 00:00:00-05:00,67.38116589777187,68.09352527848428,67.38116589777187,68.07769775390625,156900,0.0,0.0,0.0
2016-03-14 00:00:00-04:00,67.87982271629097,68.03812212221816,67.59487895463384,67.88773345947266,225100,0.0,0.0,0.0
2016-03-15 00:00:00-04:00,67.44924307501405,67.44924307501405,67.06794685899371,67.29036712646484,197400,0.308,0.0,0.0
2016-03-16 00:00:00-04:00,67.05207821400825,68.08474485251574,66.9170321105541,68.02119445800781,409100,0.0,0.0,0.0
2016-03-17 00:00:00-04:00,68.02912554785732,68.91086739066415,67.90997009819462,68.7361068725586,180400,0.0,0.0,0.0
2016-03-18 00:00:00-04:00,69.0300191888934,69.28421463982878,68.79965361453046,68.96646881103516,209200,0.0,0.0,0.0
2016-03-21 00:00:00-04:00,68.82353696291648,69.06184803478969,68.64877631827643,68.95063781738281,317300,0.0,0.0,0.0
2016-03-22 00:00:00-04:00,68.61697039632656,69.17302729500967,68.51370554366379,68.98237609863281,219600,0.0,0.0,0.0
2016-03-23 00:00:00-04:00,68.76789023167976,68.76789023167976,68.18006428681697,68.18800354003906,275000,0.0,0.0,0.0
2016-03-24 00:00:00-04:00,67.71934594357612,68.10858154296875,67.55253068669356,68.10858154296875,298200,0.0,0.0,0.0
2016-03-28 00:00:00-04:00,68.30715055666576,68.46602650893985,67.98146546037518,68.27537536621094,170600,0.0,0.0,0.0
2016-03-29 00:00:00-04:00,68.06889070891967,68.96651770568492,67.93384454510388,68.95857238769531,161200,0.0,0.0,0.0
2016-03-30 00:00:00-04:00,69.34778307827371,69.48282312101841,68.9188270067618,69.16507720947266,320000,0.0,0.0,0.0
2016-03-31 00:00:00-04:00,69.18098277507369,69.3160289193057,69.00622822815767,69.20481872558594,407800,0.0,0.0,0.0
2016-04-01 00:00:00-04:00,68.71230253440322,69.46694389526307,68.44222240457975,69.41133880615234,853300,0.0,0.0,0.0
2016-04-04 00:00:00-04:00,69.4510512406483,69.4510512406483,68.72023985154047,68.81555938720703,215200,0.0,0.0,0.0
2016-04-05 00:00:00-04:00,68.32305580167088,68.52958549307286,67.95765012399907,68.02119445800781,283600,0.0,0.0,0.0
2016-04-06 00:00:00-04:00,68.02916123006338,68.6487626207011,67.80674083962944,68.64082336425781,247700,0.0,0.0,0.0
2016-04-07 00:00:00-04:00,68.25952068176741,68.60109655305882,67.52076384667203,67.87028503417969,201700,0.0,0.0,0.0
2016-04-08 00:00:00-04:00,68.40250107514092,68.60903685817405,67.89410996344402,68.0688705444336,109100,0.0,0.0,0.0
2016-04-11 00:00:00-04:00,68.42633638112773,68.7917421428199,68.11653571229088,68.14036560058594,155800,0.0,0.0,0.0
2016-04-12 00:00:00-04:00,68.23565816652531,68.85525920411521,67.94174221206703,68.74404907226562,300200,0.0,0.0,0.0
2016-04-13 00:00:00-04:00,69.14918081483574,69.61785125732422,69.0141347346882,69.61785125732422,204900,0.0,0.0,0.0
2016-04-14 00:00:00-04:00,69.48283676464172,69.53844185554338,69.18097536217522,69.33985137939453,326000,0.0,0.0,0.0
2016-04-15 00:00:00-04:00,69.26833632161464,69.47487205609912,69.19684667919617,69.45104217529297,183100,0.0,0.0,0.0
2016-04-18 00:00:00-04:00,69.12536941721721,69.90384674072266,69.12536941721721,69.90384674072266,177000,0.0,0.0,0.0
2016-04-19 00:00:00-04:00,70.12627711693167,70.55523332863643,70.07067201877557,70.44402313232422,157900,0.0,0.0,0.0
2016-04-20 00:00:00-04:00,70.48371328953108,70.77762322722673,70.15802209743764,70.42810821533203,289500,0.0,0.0,0.0
2016-04-21 00:00:00-04:00,70.46784048639688,70.55522077659708,69.77674348040446,69.84029388427734,228000,0.0,0.0,0.0
2016-04-22 00:00:00-04:00,69.96739053725061,70.40428590180797,69.92767002206371,70.27719116210938,201000,0.0,0.0,0.0
2016-04-25 00:00:00-04:00,70.04680902223943,70.12624397341922,69.65757351910965,69.91970825195312,258100,0.0,0.0,0.0
2016-04-26 00:00:00-04:00,70.11829815857836,70.46781921386719,70.03886320796678,70.46781921386719,153600,0.0,0.0,0.0
2016-04-27 00:00:00-04:00,70.50753580319143,71.16685131109527,70.50753580319143,71.0556411743164,255000,0.0,0.0,0.0
2016-04-28 00:00:00-04:00,70.53137657062345,71.02388300989696,70.11036583631652,70.21363067626953,268300,0.0,0.0,0.0
2016-04-29 00:00:00-04:00,70.0388869805479,70.1262672740287,69.32396006138693,69.8879623413086,911900,0.0,0.0,0.0
2016-05-02 00:00:00-04:00,70.08653947299796,70.37250412572246,69.79262344537943,70.32484436035156,242300,0.0,0.0,0.0
2016-05-03 00:00:00-04:00,69.82441182632253,69.82441182632253,69.22864040469946,69.57815551757812,196600,0.0,0.0,0.0
2016-05-04 00:00:00-04:00,69.22861625538845,69.50664160972772,68.86321063818566,69.06974029541016,271100,0.0,0.0,0.0
2016-05-05 00:00:00-04:00,69.22070340094231,69.3875186917682,68.71231221161553,68.8791275024414,174000,0.0,0.0,0.0
2016-05-06 00:00:00-04:00,68.52165794703882,69.03799438476562,68.45810754167239,69.03799438476562,348200,0.0,0.0,0.0
2016-05-09 00:00:00-04:00,69.03002887316214,69.09357925993591,68.68050780640485,68.91087341308594,228800,0.0,0.0,0.0
2016-05-10 00:00:00-04:00,69.10947916954017,69.86412048339844,69.061819399128,69.86412048339844,428600,0.0,0.0,0.0
2016-05-11 00:00:00-04:00,69.67347178806686,69.79262726852042,69.26834557872459,69.27629089355469,165700,0.0,0.0,0.0
2016-05-12 00:00:00-04:00,69.58611430678398,69.70526982627963,68.72820183901712,69.14127349853516,470900,0.0,0.0,0.0
2016-05-13 00:00:00-04:00,69.02211600845355,69.33986203120311,68.54550000457986,68.72026062011719,163500,0.0,0.0,0.0
2016-05-16 00:00:00-04:00,68.80764344129437,69.55433965245469,68.80764344129437,69.39546966552734,232500,0.0,0.0,0.0
2016-05-17 00:00:00-04:00,69.19688675024183,69.5940678216768,68.72027067662029,68.93474578857422,178400,0.0,0.0,0.0
2016-05-18 00:00:00-04:00,68.79170882577327,69.32392960826739,68.31509310920393,68.74404907226562,164700,0.0,0.0,0.0
2016-05-19 00:00:00-04:00,68.33892441494471,68.70433000730519,68.03706920225504,68.58517456054688,567000,0.0,0.0,0.0
2016-05-20 00:00:00-04:00,68.87115048347785,69.21272622474785,68.87115048347785,69.17301177978516,147600,0.0,0.0,0.0
2016-05-23 00:00:00-04:00,69.14918911213924,69.26039926642984,68.99031313422489,69.05386352539062,146800,0.0,0.0,0.0
2016-05-24 00:00:00-04:00,69.41928859499808,69.98328483817724,69.3716288185465,69.89590454101562,408900,0.0,0.0,0.0
2016-05-25 00:00:00-04:00,70.15010700749842,70.59495385324843,70.15010700749842,70.44402313232422,166700,0.0,0.0,0.0
2016-05-26 00:00:00-04:00,70.46783670104013,70.6584818419177,70.25336167511531,70.39634704589844,318300,0.0,0.0,0.0
2016-05-27 00:00:00-04:00,70.44400954503884,70.76969475413448,70.44400954503884,70.74586486816406,109500,0.0,0.0,0.0
2016-05-31 00:00:00-04:00,70.9206346986497,71.12717050483909,70.5790588140099,70.89680480957031,196600,0.0,0.0,0.0
2016-06-01 00:00:00-04:00,70.6187819683633,71.12717315600925,70.40430083765268,71.09539794921875,207000,0.0,0.0,0.0
2016-06-02 00:00:00-04:00,70.93651050966258,71.49256134033203,70.84118491276232,71.49256134033203,1304300,0.0,0.0,0.0
2016-06-03 00:00:00-04:00,71.3654743487111,71.44491539174406,70.7776482053715,71.32575988769531,215500,0.0,0.0,0.0
2016-06-06 00:00:00-04:00,71.48463757251535,71.9294844316371,71.38931800738318,71.7864990234375,311700,0.0,0.0,0.0
2016-06-07 00:00:00-04:00,71.85000589166388,72.29485251868306,71.8102914470806,72.04065704345703,123300,0.0,0.0,0.0
2016-06-08 00:00:00-04:00,72.19159116924305,72.42195679606056,72.10421089491577,72.3266372680664,135700,0.0,0.0,0.0
2016-06-09 00:00:00-04:00,72.03271011999713,72.27102102416187,71.78645996339215,72.21541595458984,116900,0.0,0.0,0.0
2016-06-10 00:00:00-04:00,71.57992565160737,71.64347603536166,71.03181419759842,71.23834991455078,129900,0.0,0.0,0.0
2016-06-13 00:00:00-04:00,71.0556607404247,71.43695707187426,70.52343978778643,70.60287475585938,199400,0.0,0.0,0.0
2016-06-14 00:00:00-04:00,70.35297141791075,70.65635243329135,69.85797556963834,70.25716400146484,171700,0.447,0.0,0.0
2016-06-15 00:00:00-04:00,70.38491834030683,70.91982946156894,70.28112543331387,70.3609619140625,330500,0.0,0.0,0.0
2016-06-16 00:00:00-04:00,70.00968776664197,70.44879150390625,69.47477049628432,70.44879150390625,192700,0.0,0.0,0.0
2016-06-17 00:00:00-04:00,70.46474804519441,70.7681290793194,70.23321800949411,70.56853485107422,152300,0.0,0.0,0.0
2016-06-20 00:00:00-04:00,71.6543391945984,71.79804730515214,71.16732871389598,71.19926452636719,306900,0.0,0.0,0.0
2016-06-21 00:00:00-04:00,71.34298275869818,71.55854190954449,71.0156452027774,71.38290405273438,195300,0.0,0.0,0.0
2016-06-22 00:00:00-04:00,71.51862934354983,71.82999595688258,71.33499991180089,71.36693572998047,822300,0.0,0.0,0.0
2016-06-23 00:00:00-04:00,72.08546791302192,72.45272064208984,71.98966046977795,72.45272064208984,188900,0.0,0.0,0.0
2016-06-24 00:00:00-04:00,69.57856669360508,70.80806817992936,69.22727881433129,69.37098693847656,670300,0.0,0.0,0.0
2016-06-27 00:00:00-04:00,68.61253703319458,68.61253703319458,67.04771848597501,67.2712631225586,747300,0.0,0.0,0.0
2016-06-28 00:00:00-04:00,68.09357219770882,68.67638397216797,67.88599248091995,68.67638397216797,318400,0.0,0.0,0.0
2016-06-29 00:00:00-04:00,69.39493805546834,69.98574151198721,69.23526506735377,69.84203338623047,327500,0.0,0.0,0.0
2016-06-30 00:00:00-04:00,70.00169392123438,71.11942291259766,69.7222631961768,71.11942291259766,504000,0.0,0.0,0.0
2016-07-01 00:00:00-04:00,70.99967537482685,71.48668589056713,70.99967537482685,71.27910614013672,314700,0.0,0.0,0.0
2016-07-05 00:00:00-04:00,70.92781389026834,70.95177031821645,69.86597704764058,70.2012939453125,288000,0.0,0.0,0.0
2016-07-06 00:00:00-04:00,69.8899156932671,70.59248518388245,69.59451404265656,70.56853485107422,390200,0.0,0.0,0.0
2016-07-07 00:00:00-04:00,70.75217354243551,71.19926272344429,70.32902860625705,70.63241577148438,239400,0.0,0.0,0.0
2016-07-08 00:00:00-04:00,71.2870857805656,72.04554152304773,71.22321415625693,71.93376922607422,228000,0.0,0.0,0.0
2016-07-11 00:00:00-04:00,72.23715722884369,72.396830200323,72.07747816623095,72.22917175292969,285600,0.0,0.0,0.0
2016-07-12 00:00:00-04:00,72.75609078500028,73.27503703159923,72.75609078500028,73.11536407470703,873200,0.0,0.0,0.0
2016-07-13 00:00:00-04:00,73.31496345945529,73.35487865591196,72.78005231609608,73.10738372802734,308200,0.0,0.0,0.0
2016-07-14 00:00:00-04:00,73.57044984856265,73.77802959687867,73.24311231886686,73.3069839477539,220700,0.0,0.0,0.0
2016-07-15 00:00:00-04:00,73.5225455880876,73.61036755801814,73.16327832283282,73.31497192382812,261900,0.0,0.0,0.0
2016-07-18 00:00:00-04:00,73.23515242283247,73.5225626470418,73.13934495400576,73.4427261352539,239500,0.0,0.0,0.0
2016-07-19 00:00:00-04:00,73.29103005750545,73.32295978559496,73.0275641172568,73.25909423828125,185000,0.0,0.0,0.0
2016-07-20 00:00:00-04:00,73.31497023258213,73.66625201306687,72.96368236096355,73.60238647460938,262100,0.0,0.0,0.0
2016-07-21 00:00:00-04:00,73.54651908260003,73.84191478532877,73.28305311167813,73.4427261352539,271400,0.0,0.0,0.0
2016-07-22 00:00:00-04:00,73.48261113921357,73.94567120643956,73.39478919228684,73.92171478271484,182800,0.0,0.0,0.0
2016-07-25 00:00:00-04:00,73.84189176277827,73.91374886477844,73.56246101307435,73.79399108886719,173400,0.0,0.0,0.0
2016-07-26 00:00:00-04:00,73.73809154574184,74.1851806640625,73.7221205965833,74.1851806640625,227000,0.0,0.0,0.0
2016-07-27 00:00:00-04:00,74.23308722691677,74.33687403164714,73.41075389910267,73.77002716064453,304200,0.0,0.0,0.0
2016-07-28 00:00:00-04:00,73.61835392559782,74.06544316619372,73.41077416769227,73.93770599365234,159000,0.0,0.0,0.0
2016-07-29 00:00:00-04:00,73.83389895386932,74.18518065057206,73.5464827803919,74.09735870361328,197700,0.0,0.0,0.0
2016-08-01 00:00:00-04:00,74.10536963458244,74.14529093005274,73.6183590672904,73.75408172607422,267100,0.0,0.0,0.0
2016-08-02 00:00:00-04:00,73.72212100020369,73.7540568075632,72.70019952922875,73.0355224609375,256800,0.0,0.0,0.0
2016-08-03 00:00:00-04:00,72.94773610748774,73.4427261352539,72.74814178245032,73.4427261352539,225400,0.0,0.0,0.0
2016-08-04 00:00:00-04:00,73.4507081300941,73.73812443180701,73.35490066581141,73.51457977294922,209400,0.0,0.0,0.0
2016-08-05 00:00:00-04:00,73.92172574702094,74.18519162687925,73.78600311477878,74.13729095458984,356800,0.0,0.0,0.0
2016-08-08 00:00:00-04:00,74.24106515539613,74.52049584814203,74.22510029772448,74.29695129394531,185600,0.0,0.0,0.0
2016-08-09 00:00:00-04:00,74.33687326010035,74.43268068041026,74.0574425647785,74.17720031738281,199700,0.0,0.0,0.0
2016-08-10 00:00:00-04:00,74.3049392199118,74.35283988563943,73.88180042963123,73.95365142822266,212400,0.0,0.0,0.0
2016-08-11 00:00:00-04:00,74.2969783027418,74.60036552898238,74.20117693962119,74.54447937011719,176800,0.0,0.0,0.0
2016-08-12 00:00:00-04:00,74.48061121009945,74.66423455874035,74.2969817703238,74.47262573242188,236600,0.0,0.0,0.0
2016-08-15 00:00:00-04:00,74.60036226733408,75.0873728123526,74.60036226733408,74.91970825195312,226600,0.0,0.0,0.0
2016-08-16 00:00:00-04:00,74.83188715525513,74.83188715525513,74.42471313476562,74.42471313476562,191400,0.0,0.0,0.0
2016-08-17 00:00:00-04:00,74.46463012695312,74.53648723400863,73.96165474210032,74.46463012695312,210200,0.0,0.0,0.0
2016-08-18 00:00:00-04:00,74.54446756019824,74.99954223632812,74.54446756019824,74.99954223632812,164500,0.0,0.0,0.0
2016-08-19 00:00:00-04:00,74.81593317461117,75.04746331364268,74.58440303557967,74.9915771484375,171800,0.0,0.0,0.0
2016-08-22 00:00:00-04:00,74.83988351810837,74.9915771484375,74.60037399200125,74.9915771484375,187500,0.0,0.0,0.0
2016-08-23 00:00:00-04:00,75.29492950439453,75.51847407967009,75.28695012037244,75.29492950439453,282700,0.0,0.0,0.0
2016-08-24 00:00:00-04:00,75.2470491954071,75.25503467272267,74.55245885617954,74.6961669921875,149200,0.0,0.0,0.0
2016-08-25 00:00:00-04:00,74.58439797323337,75.07939403940695,74.58439797323337,74.82391357421875,210200,0.0,0.0,0.0
2016-08-26 00:00:00-04:00,74.99955759799498,75.49454757344216,74.2331162017981,74.5604476928711,241100,0.0,0.0,0.0
2016-08-29 00:00:00-04:00,74.68018949298096,75.23905098782362,74.68018949298096,75.11929321289062,244800,0.0,0.0,0.0
2016-08-30 00:00:00-04:00,75.17517947987643,75.26299534397351,74.75203456325305,75.00751495361328,165400,0.0,0.0,0.0
2016-08-31 00:00:00-04:00,74.92769708861275,74.95164742941967,74.37682097665005,74.78398895263672,264800,0.0,0.0,0.0
2016-09-01 00:00:00-04:00,74.87979642363887,75.0314900369624,74.23311285717028,74.6961669921875,259600,0.0,0.0,0.0
2016-09-02 00:00:00-04:00,75.11132808813474,75.31890177355127,74.99955576794595,75.28697204589844,237500,0.0,0.0,0.0
2016-09-06 00:00:00-04:00,75.46260904857634,75.50253034438727,74.97560456826342,75.43067932128906,202800,0.0,0.0,0.0
2016-09-07 00:00:00-04:00,75.3907480087626,75.75001525878906,75.28696118103208,75.75001525878906,505200,0.0,0.0,0.0
2016-09-08 00:00:00-04:00,75.57436715957141,75.66218302272618,75.34283710655231,75.41468811035156,169800,0.0,0.0,0.0
2016-09-09 00:00:00-04:00,74.92768846117664,74.92768846117664,73.28303360970472,73.3069839477539,529100,0.0,0.0,0.0
2016-09-12 00:00:00-04:00,72.85988485570334,74.57639657987887,72.82794904558695,74.41671752929688,322600,0.0,0.0,0.0
2016-09-13 00:00:00-04:00,73.8977871878981,73.8977871878981,72.84392959164589,73.17925262451172,442200,0.0,0.0,0.0
2016-09-14 00:00:00-04:00,73.23514397553403,73.56247546344899,72.67627627521051,72.90780639648438,336700,0.0,0.0,0.0
2016-09-15 00:00:00-04:00,72.89981745266965,73.7780372126872,72.78006575006218,73.65827941894531,185500,0.0,0.0,0.0
2016-09-16 00:00:00-04:00,73.40277015579049,73.47462114915172,73.01156111038375,73.37083435058594,628700,0.0,0.0,0.0
2016-09-19 00:00:00-04:00,73.79400207599005,74.10536868503831,73.45069964920167,73.65827941894531,162500,0.0,0.0,0.0
2016-09-20 00:00:00-04:00,74.01384962606524,74.01384962606524,73.3556635864955,73.41184997558594,247500,0.493,0.0,0.0
2016-09-21 00:00:00-04:00,73.7329144414265,74.60781762223598,73.6365922969928,74.56768798828125,233200,0.0,0.0,0.0
2016-09-22 00:00:00-04:00,74.97705481436397,75.29811640441169,74.88073266303527,75.16969299316406,345200,0.0,0.0,0.0
2016-09-23 00:00:00-04:00,75.00915476529724,75.22587807104043,74.76033020019531,74.76033020019531,181500,0.0,0.0,0.0
2016-09-26 00:00:00-04:00,74.47139698233305,74.62390557715676,74.19849331144788,74.22257232666016,251800,0.0,0.0,0.0
2016-09-27 00:00:00-04:00,74.1904380554431,74.54361314757351,74.0459578926495,74.4874267578125,258900,0.0,0.0,0.0
2016-09-28 00:00:00-04:00,74.63993075180313,75.12152926334622,74.08609521926438,75.09745025634766,306400,0.0,0.0,0.0
2016-09-29 00:00:00-04:00,75.06535124601194,75.32220422241095,74.24663429744574,74.47940826416016,269800,0.0,0.0,0.0
2016-09-30 00:00:00-04:00,74.88071560921415,75.36231400846067,74.63991334766295,75.10546112060547,220500,0.0,0.0,0.0
2016-10-03 00:00:00-04:00,74.90482155043969,74.97706470442998,74.52756739612781,74.70415496826172,468600,0.0,0.0,0.0
2016-10-04 00:00:00-04:00,74.85666235369303,74.85666235369303,73.91753810972989,74.15834045410156,358200,0.0,0.0,0.0
2016-10-05 00:00:00-04:00,74.50348677605623,74.91284830953323,74.50348677605623,74.68810272216797,237700,0.0,0.0,0.0
2016-10-06 00:00:00-04:00,74.4553021944477,74.76834145429247,74.26265793926956,74.69609832763672,164700,0.0,0.0,0.0
2016-10-07 00:00:00-04:00,74.80046429515713,74.96902346039579,73.96569072169632,74.28675842285156,157200,0.0,0.0,0.0
2016-10-10 00:00:00-04:00,74.28674246798356,75.01716536047519,74.28674246798356,74.58372497558594,177800,0.0,0.0,0.0
2016-10-11 00:00:00-04:00,74.3750549612702,74.46334261161246,73.20315688986855,73.47606658935547,248100,0.0,0.0,0.0
2016-10-12 00:00:00-04:00,73.67672891201836,73.89344608469456,73.38776859921215,73.69277954101562,164400,0.0,0.0,0.0
2016-10-13 00:00:00-04:00,73.17908060800073,73.49211995587116,72.52892290455563,73.25934600830078,187400,0.0,0.0,0.0
2016-10-14 00:00:00-04:00,73.62858585171433,73.88543883482399,73.17106628417969,73.17106628417969,144400,0.0,0.0,0.0
2016-10-17 00:00:00-04:00,73.25133404188627,73.45200063274537,72.99448105054095,73.0265884399414,173500,0.0,0.0,0.0
2016-10-18 00:00:00-04:00,73.70081852069126,73.7971406801034,73.22724834892834,73.52423095703125,194600,0.0,0.0,0.0
2016-10-19 00:00:00-04:00,73.62056261857947,74.03794644885443,73.38778862951625,73.9095230102539,433800,0.0,0.0,0.0
2016-10-20 00:00:00-04:00,73.81318479901415,73.99780072396798,73.4760664566017,73.74897003173828,322200,0.0,0.0,0.0
2016-10-21 00:00:00-04:00,73.40382049661586,73.69278081441526,73.12288855538229,73.64462280273438,167200,0.0,0.0,0.0
2016-10-24 00:00:00-04:00,74.04593949850408,74.18239125061879,73.71684349461557,73.87738037109375,161600,0.0,0.0,0.0
2016-10-25 00:00:00-04:00,73.69277072975055,73.76501386124264,73.28341543876815,73.46802520751953,242300,0.0,0.0,0.0
2016-10-26 00:00:00-04:00,73.21923741392213,73.62859903412118,73.14699424618853,73.51622009277344,217000,0.0,0.0,0.0
2016-10-27 00:00:00-04:00,73.75701272054825,73.75701272054825,72.9061883225479,72.93026733398438,160400,0.0,0.0,0.0
2016-10-28 00:00:00-04:00,73.00249158021059,73.50817522722802,72.6894522386557,72.97039031982422,250300,0.0,0.0,0.0
2016-10-31 00:00:00-04:00,73.17103261613335,73.43590773156565,73.0987894945752,73.29142761230469,193500,0.0,0.0,0.0
2016-11-01 00:00:00-04:00,73.33158145696588,73.53224799857888,72.30416974372439,72.80181884765625,242800,0.0,0.0,0.0
2016-11-02 00:00:00-04:00,72.60918842254317,72.7616969700607,71.98310972578756,72.07140350341797,356300,0.0,0.0,0.0
2016-11-03 00:00:00-04:00,72.23995607674011,72.52088801448939,71.85467361650045,71.9750747680664,213300,0.0,0.0,0.0
2016-11-04 00:00:00-04:00,72.00718220966405,72.44865105781892,71.78243665927864,71.838623046875,450700,0.0,0.0,0.0
2016-11-07 00:00:00-05:00,73.04263761318335,73.35567699875975,72.81789201572933,73.34764862060547,223900,0.0,0.0,0.0
2016-11-08 00:00:00-05:00,73.13091756441344,73.80515422920509,72.92222263889633,73.62054443359375,191200,0.0,0.0,0.0
2016-11-09 00:00:00-05:00,72.88207696705197,74.69609776062444,72.78575484019407,74.44727325439453,671500,0.0,0.0,0.0
2016-11-10 00:00:00-05:00,74.95295426833499,75.57101056216375,74.44727685653912,74.98506164550781,363200,0.0,0.0,0.0
2016-11-11 00:00:00-05:00,74.73624082740852,75.20178863367953,74.44728054240281,75.11349487304688,301900,0.0,0.0,0.0
2016-11-14 00:00:00-05:00,75.5870824659193,76.221189564902,75.45063066741685,76.15697479248047,528600,0.0,0.0,0.0
2016-11-15 00:00:00-05:00,76.21316013607208,76.71884380709388,76.03657870013532,76.7108154296875,397700,0.0,0.0,0.0
2016-11-16 00:00:00-05:00,76.51015587222572,76.54226326093563,76.05263629986163,76.27738189697266,282600,0.0,0.0,0.0
2016-11-17 00:00:00-05:00,76.50212231981048,76.79108267479727,76.36567051991611,76.77503204345703,361700,0.0,0.0,0.0
2016-11-18 00:00:00-05:00,76.86332398112044,76.87937461207554,76.53422786989307,76.7108154296875,267700,0.0,0.0,0.0
2016-11-21 00:00:00-05:00,76.9355533389866,77.32083580594696,76.9275249623803,77.30477905273438,694200,0.0,0.0,0.0
2016-11-22 00:00:00-05:00,77.55361457740845,77.7221737535194,77.32084063215311,77.657958984375,770200,0.0,0.0,0.0
2016-11-23 00:00:00-05:00,77.52151056747638,77.90678695139957,77.45729579553662,77.87467956542969,339600,0.0,0.0,0.0
2016-11-25 00:00:00-05:00,78.07532461953491,78.17164675090095,77.97098023678038,78.14756774902344,181600,0.0,0.0,0.0
2016-11-28 00:00:00-05:00,78.10744535427213,78.11547373088962,77.55360984480677,77.62584686279297,304000,0.0,0.0,0.0
2016-11-29 00:00:00-05:00,77.5616232537381,77.77834653069934,77.37701347958516,77.53754425048828,340700,0.0,0.0,0.0
2016-11-30 00:00:00-05:00,78.01114013306778,78.10745617038697,77.64191436767578,77.64191436767578,349800,0.0,0.0,0.0
2016-12-01 00:00:00-05:00,77.95492351276617,78.05123951274267,77.32081664288023,77.43318939208984,702100,0.0,0.0,0.0
2016-12-02 00:00:00-05:00,77.53756135098085,77.87467971854088,77.44124531673954,77.60177612304688,323300,0.0,0.0,0.0
2016-12-05 00:00:00-05:00,77.98704581528598,78.29205674668786,77.90677430146633,78.23587036132812,441100,0.0,0.0,0.0
2016-12-06 00:00:00-05:00,78.36430263165452,78.78972088194496,78.12350643450658,78.78169250488281,547700,0.0,0.0,0.0
2016-12-07 00:00:00-05:00,78.87797426911516,80.01776448637011,78.87797426911516,79.91341400146484,333600,0.0,0.0,0.0
2016-12-08 00:00:00-05:00,80.0980459063667,80.6278023152394,79.84119301518625,80.34687042236328,444900,0.0,0.0,0.0
2016-12-09 00:00:00-05:00,80.4592415224424,80.53148464989754,80.08198750669722,80.46726989746094,344600,0.0,0.0,0.0
2016-12-12 00:00:00-05:00,80.53150940315649,80.6840118322488,79.86529492052574,80.07398986816406,337300,0.0,0.0,0.0
2016-12-13 00:00:00-05:00,80.42713932585875,80.50741083350202,79.9375125237447,80.29068756103516,459300,0.0,0.0,0.0
2016-12-14 00:00:00-05:00,80.19437489135089,80.37095629349717,79.14287811120425,79.31946563720703,336300,0.0,0.0,0.0
2016-12-15 00:00:00-05:00,79.3676460399804,79.95359516670432,79.0626350332735,79.52818298339844,323600,0.0,0.0,0.0
2016-12-16 00:00:00-05:00,79.64857481616798,79.76896985478479,78.99038873501354,79.19105529785156,295000,0.0,0.0,0.0
2016-12-19 00:00:00-05:00,79.23117787991407,79.5121098180965,78.9823533237892,79.30342102050781,405800,0.0,0.0,0.0
2016-12-20 00:00:00-05:00,79.56829441265222,79.84120409206292,79.4880290212456,79.69672393798828,255500,0.0,0.0,0.0
2016-12-21 00:00:00-05:00,79.68869561836745,79.80106839118801,79.55224384049345,79.56027221679688,403500,0.0,0.0,0.0
2016-12-22 00:00:00-05:00,79.6039061460506,79.6039061460506,78.97392490458122,79.17584228515625,259500,0.614,0.0,0.0
2016-12-23 00:00:00-05:00,79.20813879280102,79.32929043670764,79.13545150367422,79.30506134033203,317200,0.0,0.0,0.0
2016-12-27 00:00:00-05:00,79.38584057389886,79.68468052484474,79.32122553120305,79.55545043945312,314500,0.0,0.0,0.0
2016-12-28 00:00:00-05:00,79.66852246596112,79.83005390820308,78.60239892588736,78.658935546875,306700,0.0,0.0,0.0
2016-12-29 00:00:00-05:00,78.73966217041016,78.99004379219849,78.49736512735798,78.73966217041016,269700,0.0,0.0,0.0
2016-12-30 00:00:00-05:00,78.89313169092114,78.96581896482289,78.25507225122082,78.49737548828125,371500,0.0,0.0,0.0
2017-01-03 00:00:00-05:00,79.23236754621523,79.51505060608798,78.66700142646971,79.12737274169922,914100,0.0,0.0,0.0
2017-01-04 00:00:00-05:00,79.426174986975,80.20154273238651,79.40194590031079,80.16923522949219,1030600,0.0,0.0,0.0
2017-01-05 00:00:00-05:00,79.87042107493593,79.9996511279755,79.3615916056558,79.77349853515625,497500,0.0,0.0,0.0
2017-01-06 00:00:00-05:00,79.83003643054792,80.07233970289154,79.57966090128019,79.87042236328125,305500,0.0,0.0,0.0
2017-01-09 00:00:00-05:00,79.74118990604052,79.76541899826705,79.23235432117313,79.24043273925781,432200,0.0,0.0,0.0
2017-01-10 00:00:00-05:00,79.43429268732899,79.73313261537278,79.27276125499834,79.40198516845703,325600,0.0,0.0,0.0
2017-01-11 00:00:00-05:00,79.4504359051265,79.67658233642578,79.17582512281444,79.67658233642578,274200,0.0,0.0,0.0
2017-01-12 00:00:00-05:00,79.57967530321339,79.59583214404199,78.73162602059138,79.42621612548828,536300,0.0,0.0,0.0
2017-01-13 00:00:00-05:00,79.49887942910166,79.82194834080248,79.44234283170604,79.60387420654297,282000,0.0,0.0,0.0
2017-01-17 00:00:00-05:00,79.46657524088424,79.70080005759975,79.10312655130717,79.28888702392578,323400,0.0,0.0,0.0
2017-01-18 00:00:00-05:00,79.41814122768537,79.62005859712704,79.0546862654729,79.57159423828125,408900,0.0,0.0,0.0
2017-01-19 00:00:00-05:00,79.5958277533858,79.71697324277112,78.82045964914602,79.02237701416016,319900,0.0,0.0,0.0
2017-01-20 00:00:00-05:00,79.27273467712402,79.60387585098847,79.03850986535302,79.35350036621094,299300,0.0,0.0,0.0
2017-01-23 00:00:00-05:00,79.28085015760918,79.35353746315982,78.8285509956286,79.15969848632812,300400,0.0,0.0,0.0
2017-01-24 00:00:00-05:00,79.49080495765716,80.3711676316922,79.377731757253,80.26616668701172,360100,0.0,0.0,0.0
2017-01-25 00:00:00-05:00,80.62155501686433,80.95270241120339,80.58116908417921,80.92039489746094,576200,0.0,0.0,0.0
2017-01-26 00:00:00-05:00,80.90424629239718,81.04154861825339,80.54079750935927,80.66194915771484,288000,0.0,0.0,0.0
2017-01-27 00:00:00-05:00,80.77501702480808,80.77501702480808,80.21772317658049,80.33887481689453,375600,0.0,0.0,0.0
2017-01-30 00:00:00-05:00,79.95118806671972,79.95926648567203,79.23236283066937,79.87042236328125,413000,0.0,0.0,0.0
2017-01-31 00:00:00-05:00,79.75734799795627,80.20964086032355,79.43427902682475,80.20156860351562,399400,0.0,0.0,0.0
2017-02-01 00:00:00-05:00,80.54890089834952,80.67004642222999,79.81391852264414,80.16121673583984,423900,0.0,0.0,0.0
2017-02-02 00:00:00-05:00,80.0804045424857,80.4842391532274,79.84617972881225,80.33078002929688,284400,0.0,0.0,0.0
2017-02-03 00:00:00-05:00,80.8396146727846,81.14653294058665,80.63769735429484,81.08999633789062,322300,0.0,0.0,0.0
2017-02-06 00:00:00-05:00,80.79924832158557,81.07385296255164,80.63771074275678,80.72655487060547,403700,0.0,0.0,0.0
2017-02-07 00:00:00-05:00,80.79924255124828,80.96885237538426,80.43578764636135,80.56501770019531,314300,0.0,0.0,0.0
2017-02-08 00:00:00-05:00,80.56502641675051,80.76694377619098,80.1854207950778,80.75886535644531,327400,0.0,0.0,0.0
2017-02-09 00:00:00-05:00,80.8476882885572,81.34844542699683,80.78307327159199,81.2192153930664,306200,0.0,0.0,0.0
2017-02-10 00:00:00-05:00,81.57460894642234,81.84921358312178,81.42922820874956,81.76844787597656,237600,0.0,0.0,0.0
2017-02-13 00:00:00-05:00,82.05112807799189,82.34188954322383,82.01882672588013,82.1642074584961,289700,0.0,0.0,0.0
2017-02-14 00:00:00-05:00,82.03496516094653,82.42264911074957,81.89766286786043,82.38226318359375,440600,0.0,0.0,0.0
2017-02-15 00:00:00-05:00,82.32574494821378,82.79419469480403,82.23690081827326,82.68919372558594,223800,0.0,0.0,0.0
2017-02-16 00:00:00-05:00,82.76188269958644,83.01225823658126,82.39035552268082,82.62458038330078,265200,0.0,0.0,0.0
2017-02-17 00:00:00-05:00,82.36610511783879,82.6568603515625,82.1399525729009,82.6568603515625,210000,0.0,0.0,0.0
2017-02-21 00:00:00-05:00,82.76995791683062,83.2626305525596,82.73765040330234,83.21417236328125,312200,0.0,0.0,0.0
2017-02-22 00:00:00-05:00,83.10110381212915,83.1899479388125,82.7861132400804,82.99610900878906,250100,0.0,0.0,0.0
2017-02-23 00:00:00-05:00,83.2707110674483,83.35955519138035,82.61650084761082,82.80226135253906,297100,0.0,0.0,0.0
2017-02-24 00:00:00-05:00,82.34998432334172,82.97189331054688,82.28536928222412,82.97189331054688,405600,0.0,0.0,0.0
2017-02-27 00:00:00-05:00,82.97995030044159,83.28686860826089,82.82649730856028,83.15763854980469,259700,0.0,0.0,0.0
2017-02-28 00:00:00-05:00,82.98802819508504,83.27878966274541,82.73765266094405,82.89110565185547,248200,0.0,0.0,0.0
2017-03-01 00:00:00-05:00,83.68260921201662,84.2479752068461,83.58568668631992,84.0299072265625,327700,0.0,0.0,0.0
2017-03-02 00:00:00-05:00,83.9895171137096,83.9895171137096,83.23838452257671,83.27877044677734,320900,0.0,0.0,0.0
2017-03-03 00:00:00-05:00,83.31916941549323,83.44839330151828,82.97994362036833,83.26262664794922,277100,0.0,0.0,0.0
2017-03-06 00:00:00-05:00,82.91534073374844,82.98802801949559,82.52765672367879,82.80226135253906,481700,0.0,0.0,0.0
2017-03-07 00:00:00-05:00,82.69729027829553,82.72959780190605,82.37422120422038,82.44691467285156,388400,0.0,0.0,0.0
2017-03-08 00:00:00-05:00,82.55993194035449,82.72954170277433,82.10763924056825,82.15609741210938,235600,0.0,0.0,0.0
2017-03-09 00:00:00-05:00,82.19650809938415,82.41458227743529,81.64729268781252,81.99459075927734,699100,0.0,0.0,0.0
2017-03-10 00:00:00-05:00,82.51150383925867,82.68918592033913,81.9542100153323,82.41458129882812,227400,0.0,0.0,0.0
2017-03-13 00:00:00-04:00,82.43073697926215,82.64881116796401,82.34189285231376,82.55996704101562,252000,0.0,0.0,0.0
2017-03-14 00:00:00-04:00,82.28534493600107,82.28534493600107,81.76843708405974,82.17227172851562,182800,0.0,0.0,0.0
2017-03-15 00:00:00-04:00,82.48725449882474,83.32723121972144,82.37418130197587,83.13339233398438,484500,0.0,0.0,0.0
2017-03-16 00:00:00-04:00,83.28688654815689,83.30303722792857,82.89112403040926,83.01227569580078,227800,0.0,0.0,0.0
2017-03-17 00:00:00-04:00,83.22225434155716,83.24648343723261,82.82649806745853,82.98802947998047,519000,0.0,0.0,0.0
2017-03-20 00:00:00-04:00,82.93147629215703,82.95570538298931,82.57609986121116,82.70532989501953,173900,0.0,0.0,0.0
2017-03-21 00:00:00-04:00,83.02838350983816,83.0606848503078,81.2272787583676,81.30804443359375,616400,0.0,0.0,0.0
2017-03-22 00:00:00-04:00,81.21923488310799,81.65537710924272,80.96078091525355,81.53422546386719,214500,0.0,0.0,0.0
2017-03-23 00:00:00-04:00,81.48575499351236,82.14804357148273,81.39691087775788,81.56652069091797,229700,0.0,0.0,0.0
2017-03-24 00:00:00-04:00,81.88454921956318,82.07115103413317,81.25173590101157,81.58436584472656,245700,0.452,0.0,0.0
2017-03-27 00:00:00-04:00,80.84610435727602,81.53570861507899,80.53780617421823,81.39778900146484,316600,0.0,0.0,0.0
2017-03-28 00:00:00-04:00,81.27606947181255,82.31453293151561,81.21116395814849,82.12793731689453,189900,0.0,0.0,0.0
2017-03-29 00:00:00-04:00,82.09550604136119,82.4443655314258,81.86834287382742,82.39568328857422,297900,0.0,0.0,0.0
2017-03-30 00:00:00-04:00,82.39568106744024,82.8094460769984,82.24964672228629,82.72831726074219,249900,0.0,0.0,0.0
2017-03-31 00:00:00-04:00,82.68775939941406,82.96360483452797,82.5660630659736,82.68775939941406,294400,0.0,0.0,0.0
2017-04-03 00:00:00-04:00,82.79321989130793,82.87434870472407,81.77909424927687,82.30643463134766,611800,0.0,0.0,0.0
2017-04-04 00:00:00-04:00,82.20906485654626,82.34698442867476,82.06303054790126,82.24962615966797,344400,0.0,0.0,0.0
2017-04-05 00:00:00-04:00,82.58226020251395,82.97979562564527,81.77907461993796,81.87642669677734,215900,0.0,0.0,0.0
2017-04-06 00:00:00-04:00,81.93320010821232,82.52545193897272,81.69792232282688,82.3550796508789,211200,0.0,0.0,0.0
2017-04-07 00:00:00-04:00,82.24153312599667,82.47681101151213,82.00625524048122,82.22530364990234,176900,0.0,0.0,0.0
2017-04-10 00:00:00-04:00,82.28208621397862,82.72830391600718,82.1035991331672,82.42000579833984,200000,0.0,0.0,0.0
2017-04-11 00:00:00-04:00,82.31453247095357,82.59037780761719,81.81963876406243,82.59037780761719,203100,0.0,0.0,0.0
2017-04-12 00:00:00-04:00,82.50113140857106,82.50113140857106,81.7709598836246,81.87642669677734,215800,0.0,0.0,0.0
2017-04-13 00:00:00-04:00,81.77909048560993,81.97380086679398,81.24362920018952,81.2679672241211,263400,0.0,0.0,0.0
2017-04-17 00:00:00-04:00,81.53569956428669,82.07926940917969,81.36532720348731,82.07926940917969,195300,0.0,0.0,0.0
2017-04-18 00:00:00-04:00,81.76285770482744,81.99002083864839,81.46268050216312,81.84398651123047,279900,0.0,0.0,0.0
2017-04-19 00:00:00-04:00,82.12793921544723,82.29831155045603,81.6898362726829,81.81964111328125,214600,0.0,0.0,0.0
2017-04-20 00:00:00-04:00,82.16041312765569,82.64719846366897,81.96570270708997,82.51738739013672,341600,0.0,0.0,0.0
2017-04-21 00:00:00-04:00,82.42000369514206,82.4930239489429,82.03869771100256,82.19284057617188,222800,0.0,0.0,0.0
2017-04-24 00:00:00-04:00,83.11772718004792,83.29621426629856,82.91490207107783,83.15829467773438,368900,0.0,0.0,0.0
2017-04-25 00:00:00-04:00,83.50715117464215,83.70186153927804,83.255650029082,83.5639419555664,307900,0.0,0.0,0.0
2017-04-26 00:00:00-04:00,83.4585005263163,83.86415085341852,83.32057471090464,83.47472381591797,333400,0.0,0.0,0.0
2017-04-27 00:00:00-04:00,83.58826202116599,83.66939080652544,83.15827388800426,83.5314712524414,188900,0.0,0.0,0.0
2017-04-28 00:00:00-04:00,83.6369744234172,83.65320390138412,82.9554849023811,83.01227569580078,189500,0.0,0.0,0.0
2017-05-01 00:00:00-04:00,83.19886302589396,83.23130959669747,82.75264530570601,82.93924713134766,374900,0.0,0.0,0.0
2017-05-02 00:00:00-04:00,82.97171084094278,83.03661637541914,82.57417527430675,82.7770004272461,312000,0.0,0.0,0.0
2017-05-03 00:00:00-04:00,82.46060180664062,82.63908894916635,82.21720912324498,82.46060180664062,251600,0.0,0.0,0.0
2017-05-04 00:00:00-04:00,82.58229814833845,82.71210304034521,82.11174226163116,82.46060180664062,238800,0.0,0.0,0.0
2017-05-05 00:00:00-04:00,82.67151523313116,83.0609359741211,82.56604221557595,83.0609359741211,303300,0.0,0.0,0.0
2017-05-08 00:00:00-04:00,83.10151213153115,83.23131699547761,82.79322016364304,82.96359252929688,197600,0.0,0.0,0.0
2017-05-09 00:00:00-04:00,83.0771539437998,83.15828273779307,82.75263257809651,82.84999084472656,220200,0.0,0.0,0.0
2017-05-10 00:00:00-04:00,82.85001808837643,83.32056772416074,82.77699781696,83.2800064086914,171900,0.0,0.0,0.0
2017-05-11 00:00:00-04:00,82.95546931584101,82.95546931584101,82.28208847057795,82.76886749267578,161800,0.0,0.0,0.0
2017-05-12 00:00:00-04:00,82.64719170879478,82.72832052825532,82.24154142175988,82.29833221435547,411000,0.0,0.0,0.0
2017-05-15 00:00:00-04:00,82.5579592044734,83.10152917634514,82.5579592044734,82.94738006591797,163600,0.0,0.0,0.0
2017-05-16 00:00:00-04:00,83.06092403255181,83.10149152419933,82.59037455398357,82.75263214111328,228600,0.0,0.0,0.0
2017-05-17 00:00:00-04:00,81.9575664041552,82.18473572306736,81.23550951937331,81.3004150390625,248300,0.0,0.0,0.0
2017-05-18 00:00:00-04:00,81.12191740914882,81.64926385604055,80.83796353458567,81.29228973388672,326300,0.0,0.0,0.0
2017-05-19 00:00:00-04:00,81.40591452840276,82.209106729923,81.38969123683678,81.91703796386719,476900,0.0,0.0,0.0
2017-05-22 00:00:00-04:00,82.16039309689904,82.46869122650853,82.12794652615914,82.4037857055664,156400,0.0,0.0,0.0
2017-05-23 00:00:00-04:00,82.57416116333256,82.64718142457328,82.21718697444771,82.53359985351562,191200,0.0,0.0,0.0
2017-05-24 00:00:00-04:00,82.54983015113937,82.75265528664586,82.50926264814531,82.72831726074219,153300,0.0,0.0,0.0
2017-05-25 00:00:00-04:00,83.00415616127707,83.39358314346457,82.97981813546508,83.16641998291016,164200,0.0,0.0,0.0
2017-05-26 00:00:00-04:00,83.09340466271232,83.17453348349292,82.9635997874098,83.13397216796875,135100,0.0,0.0,0.0
2017-05-30 00:00:00-04:00,82.9879305544286,83.11773541837506,82.7688759487796,82.96359252929688,160900,0.0,0.0,0.0
2017-05-31 00:00:00-04:00,83.1177355752139,83.15830307699781,82.45246939818718,83.08528900146484,165700,0.0,0.0,0.0
2017-06-01 00:00:00-04:00,83.31245984559737,84.05885490535029,83.12585798579299,84.0426254272461,329600,0.0,0.0,0.0
2017-06-02 00:00:00-04:00,84.09940816144825,84.09940816144825,83.70998121945038,83.94525909423828,317000,0.0,0.0,0.0
2017-06-05 00:00:00-04:00,83.8803466070954,83.9209141023814,83.59639270928572,83.60450744628906,298900,0.0,0.0,0.0
2017-06-06 00:00:00-04:00,83.33677354253643,83.5558219151326,83.13394845357573,83.35299682617188,213600,0.0,0.0,0.0
2017-06-07 00:00:00-04:00,83.49905700782548,83.61263859765536,83.20698829405372,83.36113739013672,226800,0.0,0.0,0.0
2017-06-08 00:00:00-04:00,83.40168434999164,83.77488179459831,83.21508253282286,83.5639419555664,168300,0.0,0.0,0.0
2017-06-09 00:00:00-04:00,83.70186673585383,84.18053722455984,83.50715635912947,83.9209213256836,171700,0.0,0.0,0.0
2017-06-12 00:00:00-04:00,83.92090750144914,84.22108465992386,83.79921121489413,84.0750503540039,175600,0.0,0.0,0.0
2017-06-13 00:00:00-04:00,84.25356577985362,84.67544555664062,84.13998419142612,84.67544555664062,127900,0.0,0.0,0.0
2017-06-14 00:00:00-04:00,84.73224450388246,84.73224450388246,84.09131622766657,84.35904693603516,148400,0.0,0.0,0.0
2017-06-15 00:00:00-04:00,83.83167476100586,84.14808143293696,83.65318767638195,84.058837890625,168900,0.0,0.0,0.0
2017-06-16 00:00:00-04:00,84.14807841231848,84.1967544555664,83.85600977336922,84.1967544555664,171100,0.0,0.0,0.0
2017-06-19 00:00:00-04:00,84.56998684509075,84.71602122491416,84.43206720573905,84.62677764892578,156400,0.0,0.0,0.0
2017-06-20 00:00:00-04:00,84.50506362807715,84.52128691470602,83.84790600957254,83.88847351074219,601800,0.0,0.0,0.0
2017-06-21 00:00:00-04:00,84.07835453652542,84.11095326888157,83.3774973347994,83.58938598632812,901900,0.463,0.0,0.0
2017-06-22 00:00:00-04:00,83.58120959546383,83.71975572067575,83.32042603266872,83.45082092285156,156100,0.0,0.0,0.0
2017-06-23 00:00:00-04:00,83.58120482759462,83.79309340326931,83.38561872104809,83.69529724121094,130900,0.0,0.0,0.0
2017-06-26 00:00:00-04:00,83.9398045140621,84.23318685248786,83.82571207329339,84.02944946289062,174500,0.0,0.0,0.0
2017-06-27 00:00:00-04:00,84.0375919363871,84.21687559777767,83.50787353515625,83.50787353515625,174000,0.0,0.0,0.0
2017-06-28 00:00:00-04:00,83.91536852937483,84.42878458323842,83.91536852937483,84.20059967041016,1630600,0.0,0.0,0.0
2017-06-29 00:00:00-04:00,84.3798579404791,84.45320039884521,83.19817763149543,83.69529724121094,180000,0.0,0.0,0.0
2017-06-30 00:00:00-04:00,83.93981114671791,84.15984480913774,83.68717875327809,83.83386993408203,383400,0.0,0.0,0.0
2017-07-03 00:00:00-04:00,84.12725623710261,84.59992231510697,84.12725623710261,84.33099365234375,126300,0.0,0.0,0.0
2017-07-05 00:00:00-04:00,84.2983971167419,84.48583206180798,83.93166602920678,84.1435546875,237300,0.0,0.0,0.0
2017-07-06 00:00:00-04:00,83.86648004480986,83.98871753075586,83.23081403002546,83.33676147460938,194600,0.0,0.0,0.0
2017-07-07 00:00:00-04:00,83.54863771300472,84.06205998607389,83.45899896917071,83.94796752929688,347000,0.0,0.0,0.0
2017-07-10 00:00:00-04:00,83.85831550829272,84.23319158008299,83.61382814002548,84.05390167236328,211200,0.0,0.0,0.0
2017-07-11 00:00:00-04:00,84.05388137228042,84.08648009468118,83.53231424900932,83.95608520507812,144100,0.0,0.0,0.0
2017-07-12 00:00:00-04:00,84.3473026645229,84.64068508424016,84.3473026645229,84.44509887695312,388200,0.0,0.0,0.0
2017-07-13 00:00:00-04:00,84.50213690794676,84.69772309624227,84.3391432363898,84.62437438964844,387100,0.0,0.0,0.0
2017-07-14 00:00:00-04:00,84.66513351349904,85.13780588574677,84.63253477566401,84.96666717529297,266000,0.0,0.0,0.0
2017-07-17 00:00:00-04:00,85.05628473077927,85.39041080512419,84.86884360304566,85.28446960449219,184100,0.0,0.0,0.0
2017-07-18 00:00:00-04:00,85.06444674251951,85.06444674251951,84.71401812572152,85.00740051269531,197200,0.0,0.0,0.0
2017-07-19 00:00:00-04:00,85.12963760386006,85.55341489330137,85.12963760386006,85.52896118164062,164300,0.0,0.0,0.0
2017-07-20 00:00:00-04:00,85.65119833798215,85.68379706680494,85.32521726732604,85.45561218261719,358000,0.0,0.0,0.0
2017-07-21 00:00:00-04:00,85.23557535314909,85.48006271924162,85.12963414388072,85.44746398925781,160700,0.0,0.0,0.0
2017-07-24 00:00:00-04:00,85.43932162701066,85.48007159811613,85.30893291110387,85.39042663574219,170000,0.0,0.0,0.0
2017-07-25 00:00:00-04:00,85.66749797310369,86.00977528804601,85.53710306213239,85.80603790283203,186000,0.0,0.0,0.0
2017-07-26 00:00:00-04:00,85.84679843983501,85.84679843983501,85.39857983524153,85.49637603759766,147100,0.0,0.0,0.0
2017-07-27 00:00:00-04:00,85.60230291645466,85.60230291645466,84.93404452292901,85.365966796875,194700,0.0,0.0,0.0
2017-07-28 00:00:00-04:00,85.10517773103906,85.26816514630362,84.92588784370525,85.17852020263672,116800,0.0,0.0,0.0
2017-07-31 00:00:00-04:00,85.3985756480045,85.4719181329959,85.08889701542,85.25188446044922,279900,0.0,0.0,0.0
2017-08-01 00:00:00-04:00,85.53712934433574,85.56157684326172,85.18670068539184,85.56157684326172,192100,0.0,0.0,0.0
2017-08-02 00:00:00-04:00,85.5452354452513,85.56968293127757,85.06441208897714,85.39854431152344,346500,0.0,0.0,0.0
2017-08-03 00:00:00-04:00,85.34152010744074,85.55340873691398,85.11333522227194,85.21927642822266,179200,0.0,0.0,0.0
2017-08-04 00:00:00-04:00,85.39039993685167,85.40670240722564,85.16221509218153,85.23555755615234,142600,0.0,0.0,0.0
2017-08-07 00:00:00-04:00,85.39855361963843,85.5126460452435,85.26001370534242,85.43115234375,169100,0.0,0.0,0.0
2017-08-08 00:00:00-04:00,85.36598580731203,85.84680317253148,85.0726034016424,85.1948471069336,190800,0.0,0.0,0.0
2017-08-09 00:00:00-04:00,84.92590623606151,84.99110370331564,84.64882632659047,84.90145874023438,323100,0.0,0.0,0.0
2017-08-10 00:00:00-04:00,84.65696903816416,84.71401526606267,83.76867688694847,83.78497314453125,210900,0.0,0.0,0.0
2017-08-11 00:00:00-04:00,83.64641628610471,84.03759478232013,83.57307381544815,83.75235748291016,177800,0.0,0.0,0.0
2017-08-14 00:00:00-04:00,84.26580186298465,84.78736918372641,84.26580186298465,84.55103302001953,214800,0.0,0.0,0.0
2017-08-15 00:00:00-04:00,84.66511362786734,84.66511362786734,84.24134257069171,84.30653381347656,191100,0.0,0.0,0.0
2017-08-16 00:00:00-04:00,84.56732177734375,84.75476293109628,84.4287818301545,84.56732177734375,174100,0.0,0.0,0.0
2017-08-17 00:00:00-04:00,84.31469021631037,84.50213137192776,83.16561444058459,83.17375946044922,216700,0.0,0.0,0.0
2017-08-18 00:00:00-04:00,82.96187895979484,83.38565005280397,82.71739157156907,82.95372772216797,274800,0.0,0.0,0.0
2017-08-21 00:00:00-04:00,82.9292727301861,83.04336517635834,82.67663412717157,82.97001647949219,217800,0.0,0.0,0.0
2017-08-22 00:00:00-04:00,83.13302251437037,83.72793232695771,83.13302251437037,83.64643859863281,149000,0.0,0.0,0.0
2017-08-23 00:00:00-04:00,83.25525239179734,83.79311588349218,83.25525239179734,83.60567474365234,178100,0.0,0.0,0.0
2017-08-24 00:00:00-04:00,83.85832073531871,83.98056442707198,83.55678712467031,83.57308959960938,164400,0.0,0.0,0.0
2017-08-25 00:00:00-04:00,83.85831507695531,84.17614492352469,83.85831507695531,83.9642562866211,141200,0.0,0.0,0.0
2017-08-28 00:00:00-04:00,84.14355633895244,84.20875380702576,83.63014026741385,83.85017395019531,278200,0.0,0.0,0.0
2017-08-29 00:00:00-04:00,83.3530312782949,83.57307111830579,83.14929390961798,83.524169921875,271400,0.0,0.0,0.0
2017-08-30 00:00:00-04:00,83.4752927162518,83.84201757092349,83.35304902550378,83.73607635498047,139400,0.0,0.0,0.0
2017-08-31 00:00:00-04:00,84.04576789851973,84.29840655624196,84.02947163878282,84.19245910644531,142800,0.0,0.0,0.0
2017-09-01 00:00:00-04:00,84.42877495083772,84.8199534836088,84.42877495083772,84.73030853271484,212100,0.0,0.0,0.0
2017-09-05 00:00:00-04:00,84.64068175170685,84.6732804879001,83.44270462129123,83.72793579101562,488400,0.0,0.0,0.0
2017-09-06 00:00:00-04:00,83.90721880435142,84.0213112628223,83.72792887887641,83.89092254638672,155000,0.0,0.0,0.0
2017-09-07 00:00:00-04:00,83.93163991477053,84.03758731973905,83.29598035524221,83.49971771240234,138900,0.0,0.0,0.0
2017-09-08 00:00:00-04:00,83.40194691854884,83.8827704608791,83.30415693660362,83.71163177490234,182100,0.0,0.0,0.0
2017-09-11 00:00:00-04:00,84.20059019410648,84.87699983641599,84.20059019410648,84.7466049194336,137100,0.0,0.0,0.0
2017-09-12 00:00:00-04:00,84.90960846433502,85.23558335964911,84.87700973128909,85.21113586425781,139200,0.0,0.0,0.0
2017-09-13 00:00:00-04:00,85.10520947672799,85.16225571510694,84.97481452181974,85.12150573730469,126900,0.0,0.0,0.0
2017-09-14 00:00:00-04:00,85.01556449962199,85.12150573730469,84.85257702356034,85.12150573730469,329100,0.0,0.0,0.0
2017-09-15 00:00:00-04:00,85.04811583748301,85.43114303208186,85.01551711692458,85.39854431152344,150800,0.0,0.0,0.0
2017-09-18 00:00:00-04:00,85.52897810550259,85.71641929322426,85.39043813320635,85.56157684326172,153000,0.0,0.0,0.0
2017-09-19 00:00:00-04:00,85.67563584518382,85.67563584518382,85.39040477319125,85.58599090576172,156200,0.0,0.0,0.0
2017-09-20 00:00:00-04:00,85.62941009597394,85.62941009597394,85.3101117037501,85.5884780883789,144000,0.483,0.0,0.0
2017-09-21 00:00:00-04:00,85.56392014012262,85.60485214891627,85.36742401123047,85.36742401123047,126700,0.0,0.0,0.0
2017-09-22 00:00:00-04:00,85.33465592095733,85.56389509125422,85.26915723050138,85.52295684814453,234000,0.0,0.0,0.0
2017-09-25 00:00:00-04:00,85.45747093207702,85.77676928790561,85.27735887584795,85.74402618408203,433100,0.0,0.0,0.0
2017-09-26 00:00:00-04:00,85.85043812969336,86.05511683851938,85.80131723839062,85.8995590209961,176300,0.0,0.0,0.0
2017-09-27 00:00:00-04:00,86.2270689022799,86.32531695704608,85.678531317344,86.17794799804688,191200,0.0,0.0,0.0
2017-09-28 00:00:00-04:00,86.07150931304464,86.24343872070312,85.77677140097293,86.24343872070312,145300,0.0,0.0,0.0
2017-09-29 00:00:00-04:00,86.25163132851478,86.54636925325913,86.19432152349783,86.48905944824219,151600,0.0,0.0,0.0
2017-10-02 00:00:00-04:00,86.49723839347128,86.89840698242188,86.31712009948951,86.89840698242188,229600,0.0,0.0,0.0
2017-10-03 00:00:00-04:00,87.02121257286912,87.02121257286912,86.6609759969317,86.97209167480469,297100,0.0,0.0,0.0
2017-10-04 00:00:00-04:00,86.97208750580366,87.27500802441297,86.89839991593988,87.25863647460938,206800,0.0,0.0,0.0
2017-10-05 00:00:00-04:00,87.3650731703731,87.67618260842231,87.2750140245142,87.53700256347656,183500,0.0,0.0,0.0
2017-10-06 00:00:00-04:00,87.31594626837052,87.43056585589281,87.14401688708709,87.25863647460938,170200,0.0,0.0,0.0
2017-10-09 00:00:00-04:00,87.34053316989893,87.40603188154962,86.79199551400148,86.86567687988281,175200,0.0,0.0,0.0
2017-10-10 00:00:00-04:00,87.17676834115747,87.3159483799004,86.99665005746698,87.10308074951172,923500,0.0,0.0,0.0
2017-10-11 00:00:00-04:00,87.07853048645977,87.1112798369886,86.89022328249403,87.09490203857422,175200,0.0,0.0,0.0
2017-10-12 00:00:00-04:00,87.01301649808204,87.20950632043373,86.86564756974356,87.11945343017578,265000,0.0,0.0,0.0
2017-10-13 00:00:00-04:00,87.34870988416921,87.65981935165485,87.22590137853274,87.43058013916016,147600,0.0,0.0,0.0
2017-10-16 00:00:00-04:00,87.5451801425623,87.6352392767766,87.36506187413369,87.52880859375,174600,0.0,0.0,0.0
2017-10-17 00:00:00-04:00,87.52063929354023,87.52063929354023,87.26683338287819,87.43058013916016,125400,0.0,0.0,0.0
2017-10-18 00:00:00-04:00,87.61069015840633,87.65162215887888,87.3814509676017,87.53700256347656,147700,0.0,0.0,0.0
2017-10-19 00:00:00-04:00,87.1358412258897,87.60250854492188,86.98028337077899,87.60250854492188,160100,0.0,0.0,0.0
2017-10-20 00:00:00-04:00,88.01184351095743,88.21652221679688,87.91359548348709,88.21652221679688,174000,0.0,0.0,0.0
2017-10-23 00:00:00-04:00,88.35571915865397,88.47033875617097,87.89724076858595,87.93817901611328,270900,0.0,0.0,0.0
2017-10-24 00:00:00-04:00,88.05277730525329,88.23288931040828,87.98727862357978,88.10189819335938,137400,0.0,0.0,0.0
2017-10-25 00:00:00-04:00,87.92179836115245,87.92179836115245,86.81653442313088,87.3077621459961,206200,0.0,0.0,0.0
2017-10-26 00:00:00-04:00,87.52063101254744,87.72530975380863,87.3650731703731,87.53700256347656,270400,0.0,0.0,0.0
2017-10-27 00:00:00-04:00,87.3978387707516,87.40602767088869,86.84930114127918,87.3650894165039,145100,0.0,0.0,0.0
2017-10-30 00:00:00-04:00,87.39782104423446,87.39782104423446,86.84109462754333,86.9065933227539,187400,0.0,0.0,0.0
2017-10-31 00:00:00-04:00,87.15219225262908,87.31593896847048,87.0212011262545,87.19313049316406,168900,0.0,0.0,0.0
2017-11-01 00:00:00-04:00,87.69257228363001,87.85631280029787,87.19315558760263,87.2504653930664,208000,0.0,0.0,0.0
2017-11-02 00:00:00-04:00,86.95572328622106,87.11128114198836,86.49724486454902,86.88204193115234,193500,0.0,0.0,0.0
2017-11-03 00:00:00-04:00,86.78380513020709,86.99667281628314,86.72649532006747,86.91480255126953,168400,0.0,0.0,0.0
2017-11-06 00:00:00-05:00,86.93936030388518,87.3978387707516,86.93936030388518,87.3650894165039,193900,0.0,0.0,0.0
2017-11-07 00:00:00-05:00,87.42238416153464,87.65981225419486,86.96390577366641,87.11127471923828,293200,0.0,0.0,0.0
2017-11-08 00:00:00-05:00,87.01301222888779,87.2668118305688,86.83289396461151,87.19313049316406,162900,0.0,0.0,0.0
2017-11-09 00:00:00-05:00,86.79196037884205,87.20950044240935,86.53815453551664,87.02938842773438,415800,0.0,0.0,0.0
2017-11-10 00:00:00-05:00,86.94754566023431,87.07035418090514,86.83292603995508,86.91480255126953,133700,0.0,0.0,0.0
2017-11-13 00:00:00-05:00,86.70193572960339,87.23410182694877,86.58731610818143,87.18497467041016,173300,0.0,0.0,0.0
2017-11-14 00:00:00-05:00,86.89841403575016,87.25046175357132,86.8001659820675,87.21771240234375,417600,0.0,0.0,0.0
2017-11-15 00:00:00-05:00,86.80838156535228,87.07037020940498,86.34990299983556,86.78382110595703,191800,0.0,0.0,0.0
2017-11-16 00:00:00-05:00,87.06214624271266,87.54519131937737,87.05396359041117,87.34870147705078,180000,0.0,0.0,0.0
2017-11-17 00:00:00-05:00,87.22589895519765,87.73350451611921,87.22589895519765,87.62706756591797,451000,0.0,0.0,0.0
2017-11-20 00:00:00-05:00,87.70894807521124,87.87269484609229,87.5370186505116,87.83175659179688,175800,0.0,0.0,0.0
2017-11-21 00:00:00-05:00,88.14283643097983,88.22470665992266,88.03639951168587,88.10189819335938,178400,0.0,0.0,0.0
2017-11-22 00:00:00-05:00,88.18380552751493,88.2902362452938,88.06099700927734,88.06099700927734,118800,0.0,0.0,0.0
2017-11-24 00:00:00-05:00,88.27385382568283,88.34754142607562,88.11829597197583,88.17560577392578,65200,0.0,0.0,0.0
2017-11-27 00:00:00-05:00,88.17561662728556,88.17561662728556,87.92181693688174,88.06099700927734,161300,0.0,0.0,0.0
2017-11-28 00:00:00-05:00,88.24928155217573,89.18261605678563,88.17559396165437,89.16624450683594,192100,0.0,0.0,0.0
2017-11-29 00:00:00-05:00,89.26449826891084,89.90309498966509,89.26449826891084,89.72297668457031,164800,0.0,0.0,0.0
2017-11-30 00:00:00-05:00,90.02590478159237,90.68087931016802,89.8294149215397,90.16508483886719,163900,0.0,0.0,0.0
2017-12-01 00:00:00-05:00,90.25514030139354,90.34519945154689,88.82238904424436,90.15689849853516,218600,0.0,0.0,0.0
2017-12-04 00:00:00-05:00,90.91829883193343,91.28671806551664,90.54987335205078,90.54987335205078,308600,0.0,0.0,0.0
2017-12-05 00:00:00-05:00,90.73817940435748,90.73817940435748,89.82940531018613,89.85396575927734,225000,0.0,0.0,0.0
2017-12-06 00:00:00-05:00,89.69839653511383,89.91945304147623,89.60015475121816,89.60833740234375,215500,0.0,0.0,0.0
2017-12-07 00:00:00-05:00,89.5674039131437,90.21418938029063,89.51009412472807,90.12413024902344,187300,0.0,0.0,0.0
2017-12-08 00:00:00-05:00,90.43524199309846,90.83641052246094,90.18144238725873,90.83641052246094,154900,0.0,0.0,0.0
2017-12-11 00:00:00-05:00,90.91011589242923,91.06567374388518,90.70543713895555,90.8528060913086,269600,0.0,0.0,0.0
2017-12-12 00:00:00-05:00,91.04109461539424,91.11478220465905,90.79548389254259,90.80367279052734,196900,0.0,0.0,0.0
2017-12-13 00:00:00-05:00,90.95920832121611,91.07382788757768,90.66447050877267,90.69721984863281,212300,0.0,0.0,0.0
2017-12-14 00:00:00-05:00,90.80366653692134,90.80366653692134,90.0668219265145,90.07500457763672,308000,0.0,0.0,0.0
2017-12-15 00:00:00-05:00,90.51712708946906,91.27034962574164,90.51712708946906,90.90192413330078,332400,0.0,0.0,0.0
2017-12-18 00:00:00-05:00,91.43411084747093,91.79434752271057,91.43411084747093,91.71247100830078,224400,0.0,0.0,0.0
2017-12-19 00:00:00-05:00,91.88438827420376,91.94988072778278,91.38497161865234,91.38497161865234,190000,0.0,0.0,0.0
2017-12-20 00:00:00-05:00,91.8762041678338,91.9007646199946,91.25397897912637,91.43409729003906,216200,0.0,0.0,0.0
2017-12-21 00:00:00-05:00,91.75861765730544,92.02219691444762,91.57740573972795,91.80803680419922,238200,0.674,0.0,0.0
2017-12-22 00:00:00-05:00,91.85745334388017,91.98100749183295,91.73390548015237,91.93982696533203,184700,0.0,0.0,0.0
2017-12-26 00:00:00-05:00,91.94808023967778,92.29403318957539,91.94808023967778,92.09634399414062,209700,0.0,0.0,0.0
2017-12-27 00:00:00-05:00,92.24459195484516,92.24459195484516,91.89864534840562,91.99748992919922,187700,0.0,0.0,0.0
2017-12-28 00:00:00-05:00,92.21163454928238,92.38461411944682,91.91510712075012,92.32695007324219,271300,0.0,0.0,0.0
2017-12-29 00:00:00-05:00,92.55758709975913,92.56581943413998,91.8409781024683,91.89863586425781,208800,0.0,0.0,0.0
2018-01-02 00:00:00-05:00,92.27754955610293,92.42581330029607,91.98102206771664,92.3516845703125,345400,0.0,0.0,0.0
2018-01-03 00:00:00-05:00,92.5905493188965,92.78823220580911,92.47522749361967,92.72233581542969,359100,0.0,0.0,0.0
2018-01-04 00:00:00-05:00,93.01061118753067,93.2247712831116,92.88705704453302,93.07650756835938,398000,0.0,0.0,0.0
2018-01-05 00:00:00-05:00,93.34835011255574,93.48837524567854,93.04358398379458,93.43071746826172,346200,0.0,0.0,0.0
2018-01-08 00:00:00-05:00,93.57895045999645,93.84252968214497,93.31537123784793,93.76016235351562,288800,0.0,0.0,0.0
2018-01-09 00:00:00-05:00,93.97432175602779,94.11435313569638,93.66956199349995,93.73545837402344,223400,0.0,0.0,0.0
2018-01-10 00:00:00-05:00,93.57895417772295,93.90019117109662,93.32361356356044,93.63661193847656,246100,0.0,0.0,0.0
2018-01-11 00:00:00-05:00,93.91666958362684,94.75683277474221,93.91666958362684,94.72388458251953,319800,0.0,0.0,0.0
2018-01-12 00:00:00-05:00,94.92981580461678,95.29223967200313,94.8474484577269,95.25105285644531,628200,0.0,0.0,0.0
2018-01-16 00:00:00-05:00,95.53932803135072,95.62993398522245,94.20496086383044,94.34498596191406,397000,0.0,0.0,0.0
2018-01-17 00:00:00-05:00,94.74859296025272,95.53109837616235,94.55914871264383,95.29222869873047,233200,0.0,0.0,0.0
2018-01-18 00:00:00-05:00,95.13571933551744,95.28398304559113,94.7485859656459,94.88037872314453,415900,0.0,0.0,0.0
2018-01-19 00:00:00-05:00,95.0698382331053,95.65465454897169,94.97099993332401,95.63818359375,254100,0.0,0.0,0.0
2018-01-22 00:00:00-05:00,95.65465605315755,96.32184600830078,95.58876594700908,96.32184600830078,264400,0.0,0.0,0.0
2018-01-23 00:00:00-05:00,96.27240973357902,96.61836260197772,96.02530772383705,96.54422760009766,211700,0.0,0.0,0.0
2018-01-24 00:00:00-05:00,96.75838566121274,97.02196490324492,96.12414398605026,96.51951599121094,264600,0.0,0.0,0.0
2018-01-25 00:00:00-05:00,96.85724211755864,96.85724211755864,96.05003328676936,96.37950897216797,173200,0.0,0.0,0.0
2018-01-26 00:00:00-05:00,96.65130907102554,97.0466811031886,96.44538757774224,97.01373291015625,222000,0.0,0.0,0.0
2018-01-29 00:00:00-05:00,97.08786976117311,97.17023710320719,96.1900487655932,96.35478973388672,295300,0.0,0.0,0.0
2018-01-30 00:00:00-05:00,95.61345562623153,95.95940217736957,95.20161269843166,95.3498764038086,323600,0.0,0.0,0.0
2018-01-31 00:00:00-05:00,95.75351177404329,95.85235637109929,94.83098105419981,95.26753997802734,398700,0.0,0.0,0.0
2018-02-01 00:00:00-05:00,94.92156033563599,95.53932475399257,94.6497487675698,95.14395904541016,209900,0.0,0.0,0.0
2018-02-02 00:00:00-05:00,94.48501292771094,94.53443207289973,93.06003977815105,93.10945892333984,603500,0.0,0.0,0.0
2018-02-05 00:00:00-05:00,92.32695328087154,93.23301283521224,89.7570571899414,89.7570571899414,685100,0.0,0.0,0.0
2018-02-06 00:00:00-05:00,87.99436077833278,91.28910417513588,87.54133104758262,90.91844177246094,1207500,0.0,0.0,0.0
2018-02-07 00:00:00-05:00,90.9266783509101,92.13749752755058,90.63838956700144,90.89373016357422,706000,0.0,0.0,0.0
2018-02-08 00:00:00-05:00,91.0420076359739,91.0420076359739,87.86257934570312,87.86257934570312,859100,0.0,0.0,0.0
2018-02-09 00:00:00-05:00,88.79336578114803,89.56762645658848,86.32230743418724,88.96633911132812,935300,0.0,0.0,0.0
2018-02-12 00:00:00-05:00,89.46053880021553,90.48190770161085,88.86748386255839,89.93827819824219,477000,0.0,0.0,0.0
2018-02-13 00:00:00-05:00,89.60057182256807,90.30894236237289,89.2958119913162,90.11125946044922,576900,0.0,0.0,0.0
2018-02-14 00:00:00-05:00,89.64999041628931,91.84099841738367,89.61704850302985,91.7092056274414,241500,0.0,0.0,0.0
2018-02-15 00:00:00-05:00,92.31870065978642,92.54933166503906,91.30556441902824,92.54933166503906,239600,0.0,0.0,0.0
2018-02-16 00:00:00-05:00,92.26929918371921,93.16712015482081,92.22811865593762,92.5575942993164,213900,0.0,0.0,0.0
2018-02-20 00:00:00-05:00,92.2363433575411,92.6399476605616,91.643288545791,91.91510009765625,217100,0.0,0.0,0.0
2018-02-21 00:00:00-05:00,92.0551557000403,93.00239592459778,91.39620433924573,91.41268157958984,198900,0.0,0.0,0.0
2018-02-22 00:00:00-05:00,91.73390389636387,92.32695248469325,91.09142359494679,91.25616455078125,291700,0.0,0.0,0.0
2018-02-23 00:00:00-05:00,91.79979121209892,92.73056030273438,91.58563740234229,92.73056030273438,175200,0.0,0.0,0.0
2018-02-26 00:00:00-05:00,92.9529565846087,93.15063944958884,92.25282479612596,93.10945892333984,221800,0.0,0.0,0.0
2018-02-27 00:00:00-05:00,93.1588767513945,93.57895833223478,91.84098052978516,91.84098052978516,482600,0.0,0.0,0.0
2018-02-28 00:00:00-05:00,92.16222979353617,92.24459714004814,90.79491424560547,90.79491424560547,185200,0.0,0.0,0.0
2018-03-01 00:00:00-05:00,90.77842667486026,91.44561027517278,89.45229180899153,90.1030044555664,322800,0.0,0.0,0.0
2018-03-02 00:00:00-05:00,89.55113169505158,90.86078925438188,89.20518512665015,90.72076416015625,325000,0.0,0.0,0.0
2018-03-05 00:00:00-05:00,90.39951350313335,92.17043917029005,90.39951350313335,91.98922729492188,250700,0.0,0.0,0.0
2018-03-06 00:00:00-05:00,92.31048577800627,92.64820003983495,91.75861769007788,92.56582641601562,199100,0.0,0.0,0.0
2018-03-07 00:00:00-05:00,91.86570742197729,92.5493683760338,91.70920505595262,92.36815643310547,329600,0.0,0.0,0.0
2018-03-08 00:00:00-05:00,92.61522803346084,92.672885784774,92.01393466900339,92.54933166503906,313700,0.0,0.0,0.0
2018-03-09 00:00:00-05:00,93.07651522041463,93.86725300269342,92.78822638586902,93.83430480957031,255400,0.0,0.0,0.0
2018-03-12 00:00:00-04:00,93.98256485266886,94.18024771943365,93.54601230829348,93.7025146484375,181500,0.0,0.0,0.0
2018-03-13 00:00:00-04:00,94.1473182453309,94.2955819860411,93.18360078860167,93.34010314941406,282400,0.0,0.0,0.0
2018-03-14 00:00:00-04:00,93.74370226805176,93.83430823138809,92.62348879791679,92.77999114990234,278600,0.0,0.0,0.0
2018-03-15 00:00:00-04:00,92.9447143283796,93.00237837447655,92.17045385241352,92.40108489990234,277700,0.0,0.0,0.0
2018-03-16 00:00:00-04:00,92.4834456765456,93.19181600602508,92.4834456765456,92.91999816894531,151700,0.0,0.0,0.0
2018-03-19 00:00:00-04:00,92.60700585026656,92.72232137335662,91.47032157228256,91.98100280761719,213400,0.0,0.0,0.0
2018-03-20 00:00:00-04:00,92.21163906589648,92.51640512798924,91.86569247707229,92.03866577148438,234600,0.0,0.0,0.0
2018-03-21 00:00:00-04:00,92.0880998818146,92.98591463042436,91.981016676924,92.30225372314453,181200,0.0,0.0,0.0
2018-03-22 00:00:00-04:00,91.612133408629,91.93485652676846,90.17229131898401,90.22193908691406,308500,0.516,0.0,0.0
2018-03-23 00:00:00-04:00,90.20537596239889,90.51154556148248,88.39315699428307,88.45935821533203,382300,0.0,0.0,0.0
2018-03-26 00:00:00-04:00,89.54336436336872,90.51153341643897,88.88137118159463,90.40396118164062,679600,0.0,0.0,0.0
2018-03-27 00:00:00-04:00,90.70186595826912,91.04941287379025,89.12134506441113,89.50199890136719,296700,0.0,0.0,0.0
2018-03-28 00:00:00-04:00,89.70890004224202,90.07299421507213,89.12964869492127,89.39444732666016,241300,0.0,0.0,0.0
2018-03-29 00:00:00-04:00,89.80818140221753,90.92530025617731,89.80818140221753,90.51982879638672,185400,0.0,0.0,0.0
2018-04-02 00:00:00-04:00,90.40399911455722,90.51157139449217,87.83048430975636,88.64143371582031,500700,0.0,0.0,0.0
2018-04-03 00:00:00-04:00,89.07171256436504,89.85783162410733,88.6496876299251,89.66751098632812,226700,0.0,0.0,0.0
2018-04-04 00:00:00-04:00,88.53382903348114,90.87564512169213,88.46763412634162,90.75979614257812,182600,0.0,0.0,0.0
2018-04-05 00:00:00-04:00,91.21493655554869,91.75280419796664,90.86738324808414,91.4714584350586,217400,0.0,0.0,0.0
2018-04-06 00:00:00-04:00,90.82600839263092,91.28112763347674,89.00551248935778,89.67578887939453,211200,0.0,0.0,0.0
2018-04-09 00:00:00-04:00,90.21364652944014,91.01631897442414,89.70887957966977,89.74197387695312,273800,0.0,0.0,0.0
2018-04-10 00:00:00-04:00,90.80944871011535,91.38869994965573,90.60257462027154,91.1239013671875,331200,0.0,0.0,0.0
2018-04-11 00:00:00-04:00,90.60257627896,91.2728526353663,90.34605442311224,90.75152587890625,335300,0.0,0.0,0.0
2018-04-12 00:00:00-04:00,91.18182585981192,91.44662444228014,90.87564993405645,91.1239013671875,230800,0.0,0.0,0.0
2018-04-13 00:00:00-04:00,91.62866668354151,91.65349056203672,90.58601959367323,90.88391876220703,231500,0.0,0.0,0.0
2018-04-16 00:00:00-04:00,91.38042384283956,91.98449896716211,91.04942403416815,91.76934814453125,190600,0.0,0.0,0.0
2018-04-17 00:00:00-04:00,92.27410984645249,92.47270718140123,91.94311007934095,92.2079086303711,204000,0.0,0.0,0.0
2018-04-18 00:00:00-04:00,92.53889661609811,93.01884590164138,92.47269540844498,92.48924255371094,190200,0.0,0.0,0.0
2018-04-19 00:00:00-04:00,92.41479892704028,92.58029568301555,91.70315151241283,92.05897521972656,233000,0.0,0.0,0.0
2018-04-20 00:00:00-04:00,92.14173173377279,92.25758073584417,91.19010951964594,91.51283264160156,194800,0.0,0.0,0.0
2018-04-23 00:00:00-04:00,91.67007330363487,92.04245056553675,91.30597277554362,91.66179656982422,192800,0.0,0.0,0.0
2018-04-24 00:00:00-04:00,92.23273113173317,92.35685683170966,90.46188966440165,90.99976348876953,231600,0.0,0.0,0.0
2018-04-25 00:00:00-04:00,90.92529873915316,91.48799652251974,90.3626009557866,91.22319793701172,315000,0.0,0.0,0.0
2018-04-26 00:00:00-04:00,91.52936578559056,91.91829005475275,91.10734090700012,91.68659210205078,202400,0.0,0.0,0.0
2018-04-27 00:00:00-04:00,91.65350113239897,91.92657014063485,91.28112397213779,91.71969604492188,120500,0.0,0.0,0.0
2018-04-30 00:00:00-04:00,91.9679400950853,92.22446193290193,90.908745820273,90.92529296875,165200,0.0,0.0,0.0
2018-05-01 00:00:00-04:00,90.68531814707067,90.71841875727225,89.91575263474381,90.67704772949219,278700,0.0,0.0,0.0
2018-05-02 00:00:00-04:00,90.59428873117979,90.89218156145029,89.99021371414533,90.09778594970703,172500,0.0,0.0,0.0
2018-05-03 00:00:00-04:00,89.8330099132472,89.90748787444092,88.69106711908272,89.69233703613281,322900,0.0,0.0,0.0
2018-05-04 00:00:00-04:00,89.31997994282041,90.99979693512753,89.14620642430219,90.71844482421875,397700,0.0,0.0,0.0
2018-05-07 00:00:00-04:00,90.9418724289548,91.11564594747301,90.61087254512586,90.71844482421875,155400,0.0,0.0,0.0
2018-05-08 00:00:00-04:00,90.71015031383567,90.801175415547,90.14745255475471,90.62739562988281,127700,0.0,0.0,0.0
2018-05-09 00:00:00-04:00,90.91702515418429,91.41352169555564,90.74325168036911,91.18182373046875,127000,0.0,0.0,0.0
2018-05-10 00:00:00-04:00,91.54591966548617,92.05896967940747,91.22319659144901,91.91829681396484,283600,0.0,0.0,0.0
2018-05-11 00:00:00-04:00,91.81900564625874,92.02587975946138,91.55420703389126,91.6286849975586,225500,0.0,0.0,0.0
2018-05-14 00:00:00-04:00,91.85209748799328,92.05069484997408,91.52109767582773,91.7031478881836,465900,0.0,0.0,0.0
2018-05-15 00:00:00-04:00,91.43835565321831,91.53765749775523,91.07425520321297,91.4466323852539,397900,0.0,0.0,0.0
2018-05-16 00:00:00-04:00,91.504547673301,92.16654096369635,91.504547673301,91.9844970703125,263000,0.0,0.0,0.0
2018-05-17 00:00:00-04:00,91.92655661867288,92.51408451977596,91.85208498555289,92.2079086303711,159800,0.0,0.0,0.0
2018-05-18 00:00:00-04:00,92.1334544448643,92.19965567801877,91.81900805732617,91.89348602294922,233900,0.0,0.0,0.0
2018-05-21 00:00:00-04:00,92.35687143482943,92.56374552973527,92.1582740714428,92.43134307861328,185600,0.0,0.0,0.0
2018-05-22 00:00:00-04:00,92.62991487243447,92.82023543879427,92.18306622364587,92.25753784179688,162000,0.0,0.0,0.0
2018-05-23 00:00:00-04:00,91.97620645842922,92.3237533569336,91.85208076230761,92.3237533569336,158100,0.0,0.0,0.0
2018-05-24 00:00:00-04:00,92.00104318292041,92.2658417587545,91.53764725353476,92.2244644165039,232300,0.0,0.0,0.0
2018-05-25 00:00:00-04:00,91.91001992838143,92.08379340539463,91.7196929888168,91.92656707763672,129700,0.0,0.0,0.0
2018-05-29 00:00:00-04:00,91.35560988930997,91.63695565361098,90.51983670208578,90.84255981445312,264900,0.0,0.0,0.0
2018-05-30 00:00:00-04:00,91.29766797041835,92.15826487696187,91.18181899389283,91.9348373413086,461100,0.0,0.0,0.0
2018-05-31 00:00:00-04:00,91.78590095710193,91.78590095710193,90.73498328652283,90.95840454101562,181900,0.0,0.0,0.0
2018-06-01 00:00:00-04:00,91.54592682139659,91.819002155634,91.46317844192072,91.60385131835938,344800,0.0,0.0,0.0
2018-06-04 00:00:00-04:00,91.85210201951729,92.100353469213,91.59558015124922,91.82727813720703,174100,0.0,0.0,0.0
2018-06-05 00:00:00-04:00,91.80241958955415,92.05894136095749,91.67001718283356,92.02584075927734,166900,0.0,0.0,0.0
2018-06-06 00:00:00-04:00,92.23272747443632,92.63819885253906,91.9182811851539,92.63819885253906,421200,0.0,0.0,0.0
2018-06-07 00:00:00-04:00,92.71266174316406,93.07676203933435,92.43958652103633,92.71266174316406,276100,0.0,0.0,0.0
2018-06-08 00:00:00-04:00,92.59685567920319,93.15955352783203,92.47272994681651,93.15955352783203,208300,0.0,0.0,0.0
2018-06-11 00:00:00-04:00,93.17608646766287,93.50708626577615,93.17608646766287,93.25883483886719,192400,0.0,0.0,0.0
2018-06-12 00:00:00-04:00,93.39953283296077,93.64777799659089,93.20092912609991,93.44918060302734,293200,0.0,0.0,0.0
2018-06-13 00:00:00-04:00,93.55671849512579,93.57327195459635,92.92782592773438,92.92782592773438,175500,0.0,0.0,0.0
2018-06-14 00:00:00-04:00,93.22574480058617,93.39124155055647,92.94439274968104,93.14299011230469,167300,0.0,0.0,0.0
2018-06-15 00:00:00-04:00,92.82026154734119,93.12643746132535,92.38996623485961,93.0850601196289,217700,0.0,0.0,0.0
2018-06-18 00:00:00-04:00,92.58029020743997,93.25056655007901,92.50581856564463,93.20091247558594,147300,0.0,0.0,0.0
2018-06-19 00:00:00-04:00,92.41480189507085,92.96094625796667,92.31550005031853,92.886474609375,183700,0.0,0.0,0.0
2018-06-20 00:00:00-04:00,93.1512680053711,93.25056984456934,92.79544430653117,93.1512680053711,172200,0.0,0.0,0.0
2018-06-21 00:00:00-04:00,93.12644257755193,93.18436707113166,92.50582029778502,92.65476989746094,155900,0.0,0.0,0.0
2018-06-22 00:00:00-04:00,93.33320417601804,93.40802732246023,92.88424626808046,92.90918731689453,257100,0.526,0.0,0.0
2018-06-25 00:00:00-04:00,92.64314989820312,92.71797305353522,91.62052237366206,92.09442138671875,681800,0.0,0.0,0.0
2018-06-26 00:00:00-04:00,92.25235101469521,92.41863519505684,91.94473003834587,92.16089630126953,209600,0.0,0.0,0.0
2018-06-27 00:00:00-04:00,92.36877318744924,92.70965109736412,91.39603424072266,91.39603424072266,187700,0.0,0.0,0.0
2018-06-28 00:00:00-04:00,91.38772058680529,91.92813323980332,90.98865111662772,91.73690795898438,405100,0.0,0.0,0.0
2018-06-29 00:00:00-04:00,92.11104177362229,92.65145442104884,91.81173650252742,91.83667755126953,187800,0.0,0.0,0.0
2018-07-02 00:00:00-04:00,91.27131675649032,91.86992725212323,91.08009783560966,91.85330200195312,368900,0.0,0.0,0.0
2018-07-03 00:00:00-04:00,92.19418725228886,92.47686729195829,91.7868019600692,91.88656616210938,122200,0.0,0.0,0.0
2018-07-05 00:00:00-04:00,92.26069260795234,92.52674102783203,91.8449915554469,92.52674102783203,146100,0.0,0.0,0.0
2018-07-06 00:00:00-04:00,92.42695395421856,93.32486958931342,92.26899189583425,93.14196014404297,141900,0.0,0.0,0.0
2018-07-09 00:00:00-04:00,93.52440874300596,94.03156446795398,93.46621085701653,93.95674133300781,334900,0.0,0.0,0.0
2018-07-10 00:00:00-04:00,94.13965526783005,94.19785315658955,93.84035002761141,94.15628051757812,169600,0.0,0.0,0.0
2018-07-11 00:00:00-04:00,93.71565096172465,93.8403625523098,93.20849514494805,93.30826568603516,179500,0.0,0.0,0.0
2018-07-12 00:00:00-04:00,93.82371874818861,93.82371874818861,93.29162195115447,93.54935455322266,272000,0.0,0.0,0.0
2018-07-13 00:00:00-04:00,93.49116508903705,93.83204300012336,93.45791458643352,93.5327377319336,131900,0.0,0.0,0.0
2018-07-16 00:00:00-04:00,93.62417979516006,93.62417979516006,93.15028090854108,93.3581314086914,169000,0.0,0.0,0.0
2018-07-17 00:00:00-04:00,93.24175372959442,93.84036430108262,93.20849688194562,93.72396850585938,160400,0.0,0.0,0.0
2018-07-18 00:00:00-04:00,93.59922083018019,94.09806066641778,93.58258924121976,94.05648803710938,173300,0.0,0.0,0.0
2018-07-19 00:00:00-04:00,93.8736082899057,94.29761876738289,93.6241851382533,94.0731430053711,138500,0.0,0.0,0.0
2018-07-20 00:00:00-04:00,93.9235037161848,93.9235037161848,93.56600053104951,93.6075668334961,120400,0.0,0.0,0.0
2018-07-23 00:00:00-04:00,93.64079223491103,93.87359009143339,93.38305967977038,93.70730590820312,147400,0.0,0.0,0.0
2018-07-24 00:00:00-04:00,93.9899992635165,94.06482239933,93.14196566573327,93.33319091796875,212000,0.0,0.0,0.0
2018-07-25 00:00:00-04:00,93.29993626221082,93.74889411689084,92.87591945338623,93.67406463623047,228400,0.0,0.0,0.0
2018-07-26 00:00:00-04:00,93.79045728595938,94.58029298925352,93.79045728595938,94.447265625,187500,0.0,0.0,0.0
2018-07-27 00:00:00-04:00,94.45558582625445,94.69669317788833,93.8736069382376,94.11470794677734,136800,0.0,0.0,0.0
2018-07-30 00:00:00-04:00,94.18122950988064,94.54704846614429,94.07314951966396,94.12303161621094,638100,0.0,0.0,0.0
2018-07-31 00:00:00-04:00,94.47219469032063,94.89621143124329,94.38073997476687,94.77981567382812,164600,0.0,0.0,0.0
2018-08-01 00:00:00-04:00,94.55536753237514,94.55536753237514,93.85698644109858,93.88192749023438,411200,0.0,0.0,0.0
2018-08-02 00:00:00-04:00,93.38305361303246,94.25602807477176,93.24171682378861,94.19783020019531,225600,0.0,0.0,0.0
2018-08-03 00:00:00-04:00,94.15625867414636,94.63015747070312,93.96503345938821,94.63015747070312,353900,0.0,0.0,0.0
2018-08-06 00:00:00-04:00,94.72163328808469,94.91285854545443,94.45558489289249,94.78814697265625,497700,0.0,0.0,0.0
2018-08-07 00:00:00-04:00,94.85464532824604,95.09575265465654,94.77150640195464,94.82970428466797,188700,0.0,0.0,0.0
2018-08-08 00:00:00-04:00,94.8214112750139,94.83803652591773,94.48884916908581,94.73826599121094,493800,0.0,0.0,0.0
2018-08-09 00:00:00-04:00,94.80476613874082,95.04587347252061,94.59691564511274,94.62185668945312,155100,0.0,0.0,0.0
2018-08-10 00:00:00-04:00,94.08974682781803,94.30591308714851,93.79044165123517,93.94841003417969,156600,0.0,0.0,0.0
2018-08-13 00:00:00-04:00,94.00661546947305,94.00661546947305,93.18352933923366,93.37474822998047,197400,0.0,0.0,0.0
2018-08-14 00:00:00-04:00,93.70729982040018,94.38073327522658,93.70729982040018,94.19783020019531,154000,0.0,0.0,0.0
2018-08-15 00:00:00-04:00,93.64910725205146,93.64910725205146,92.82602116695001,93.2417221069336,181900,0.0,0.0,0.0
2018-08-16 00:00:00-04:00,93.71563282242815,94.31424326689576,93.71563282242815,94.0481948852539,250500,0.0,0.0,0.0
2018-08-17 00:00:00-04:00,93.96505649677039,94.76320804326791,93.93180599683602,94.596923828125,173000,0.0,0.0,0.0
2018-08-20 00:00:00-04:00,94.79645069236132,95.2204674769918,94.75488439933869,95.16226959228516,184200,0.0,0.0,0.0
2018-08-21 00:00:00-04:00,95.29530638583333,95.76088950957045,95.29530638583333,95.5779800415039,169300,0.0,0.0,0.0
2018-08-22 00:00:00-04:00,95.39507530966726,95.50316164239709,95.17891533039689,95.21216583251953,154800,0.0,0.0,0.0
2018-08-23 00:00:00-04:00,95.16225837011429,95.16225837011429,94.74655743034805,94.86295318603516,164400,0.0,0.0,0.0
2018-08-24 00:00:00-04:00,95.12901895688142,95.28698737271465,94.91285899563967,95.24541473388672,140600,0.0,0.0,0.0
2018-08-27 00:00:00-04:00,95.5696627523247,96.02693641534978,95.5696627523247,95.70269012451172,148500,0.0,0.0,0.0
2018-08-28 00:00:00-04:00,95.89392465077235,95.96875414558028,95.41171620584618,95.66944885253906,113100,0.0,0.0,0.0
2018-08-29 00:00:00-04:00,95.76920027719711,96.15164444348314,95.46157924768501,95.97705078125,134700,0.0,0.0,0.0
2018-08-30 00:00:00-04:00,95.77751975940643,95.83571765291151,95.0625134431471,95.2204818725586,552100,0.0,0.0,0.0
2018-08-31 00:00:00-04:00,95.14564968406903,95.36180964334429,94.92948338169971,95.3036117553711,165100,0.0,0.0,0.0
2018-09-04 00:00:00-04:00,95.14566103108152,95.24542522630821,94.75490101819084,95.07914733886719,171200,0.0,0.0,0.0
2018-09-05 00:00:00-04:00,95.00429995248568,95.42831673160744,94.76319896404314,95.29529571533203,185000,0.0,0.0,0.0
2018-09-06 00:00:00-04:00,95.37844015416891,95.62785695275623,94.78814548482342,94.91285705566406,173200,0.0,0.0,0.0
2018-09-07 00:00:00-04:00,94.6301614462863,94.76318879137506,94.13963738323055,94.37242889404297,152600,0.0,0.0,0.0
2018-09-10 00:00:00-04:00,94.80477291404021,95.0375644686453,94.63849504449205,94.68006134033203,135500,0.0,0.0,0.0
2018-09-11 00:00:00-04:00,94.52209716073739,95.07081919249322,94.28930561132013,94.87128448486328,151800,0.0,0.0,0.0
2018-09-12 00:00:00-04:00,94.7299475975103,95.05419387583962,94.52209709380722,94.91285705566406,207800,0.0,0.0,0.0
2018-09-13 00:00:00-04:00,95.30361262238937,95.39506735333553,95.03756422593526,95.24541473388672,153400,0.0,0.0,0.0
2018-09-14 00:00:00-04:00,95.2287999860249,95.65281684507272,95.0292652524532,95.61124420166016,355900,0.0,0.0,0.0
2018-09-17 00:00:00-04:00,95.61954203995123,95.71099676380622,95.1789000121555,95.25372314453125,212400,0.0,0.0,0.0
2018-09-18 00:00:00-04:00,95.37012772604666,95.82740138758014,95.17059301151124,95.73594665527344,155200,0.0,0.0,0.0
2018-09-19 00:00:00-04:00,95.69436017461739,96.15163377001092,95.64447808897202,95.65279388427734,209500,0.0,0.0,0.0
2018-09-20 00:00:00-04:00,95.99368724266529,96.33456515381164,95.86897565704845,96.23479461669922,250600,0.0,0.0,0.0
2018-09-21 00:00:00-04:00,96.55904619520929,96.66712619231626,96.35951145320603,96.41770935058594,196600,0.0,0.0,0.0
2018-09-24 00:00:00-04:00,96.41768995541202,96.41768995541202,95.46989219268457,95.56965637207031,182100,0.0,0.0,0.0
2018-09-25 00:00:00-04:00,95.77751358717919,95.77751358717919,95.05419786352824,95.09576416015625,207000,0.0,0.0,0.0
2018-09-26 00:00:00-04:00,95.20384424125476,95.27035158011584,94.41400854000129,94.43894958496094,160000,0.0,0.0,0.0
2018-09-27 00:00:00-04:00,94.53039124359942,94.83801222279372,94.29759973203313,94.33917236328125,167800,0.0,0.0,0.0
2018-09-28 00:00:00-04:00,94.14747907928667,94.86744075570843,94.03027660982782,94.65814971923828,169000,0.781,0.0,0.0
2018-10-01 00:00:00-04:00,95.05999281486748,95.0683598577779,94.27305646150336,94.44886016845703,255400,0.0,0.0,0.0
2018-10-02 00:00:00-04:00,94.49909354402313,94.90930860481588,94.20608734849691,94.42375183105469,287900,0.0,0.0,0.0
2018-10-03 00:00:00-04:00,94.83395169377991,95.00138835213555,94.45723038982676,94.61628723144531,256100,0.0,0.0,0.0
2018-10-04 00:00:00-04:00,94.43212489876898,94.53258051567435,93.68704926712607,94.11399841308594,386500,0.0,0.0,0.0
2018-10-05 00:00:00-04:00,94.13909951313458,94.39025129535004,93.28519495030132,93.65354919433594,231400,0.0,0.0,0.0
2018-10-08 00:00:00-04:00,93.41915017068173,94.0470233217468,93.23497941149634,93.93819427490234,141500,0.0,0.0,0.0
2018-10-09 00:00:00-04:00,93.712163749263,93.92145480184787,93.35218288333476,93.36054992675781,527200,0.0,0.0,0.0
2018-10-10 00:00:00-04:00,93.19310693067081,93.21822083162722,90.98299422773437,91.04159545898438,575300,0.0,0.0,0.0
2018-10-11 00:00:00-04:00,90.63141591542662,91.08348543883456,88.71430875371884,89.02405548095703,1026900,0.0,0.0,0.0
2018-10-12 00:00:00-04:00,90.25464200060753,90.25464200060753,88.36265610173986,89.40911102294922,1059100,0.0,0.0,0.0
2018-10-15 00:00:00-04:00,89.49283469874106,90.43045431010836,89.44260051452169,89.76072692871094,379400,0.0,0.0,0.0
2018-10-16 00:00:00-04:00,90.2797886074878,91.28438952807403,89.76912429700042,91.21741485595703,341700,0.0,0.0,0.0
2018-10-17 00:00:00-04:00,91.15041861935906,91.30110840244379,90.18768508043101,90.94950103759766,205500,0.0,0.0,0.0
2018-10-18 00:00:00-04:00,90.6062725249885,91.11693674522925,89.62678568278093,89.93653869628906,236800,0.0,0.0,0.0
2018-10-19 00:00:00-04:00,90.20443302188846,90.88253390840413,89.74399020570172,89.96165466308594,309700,0.0,0.0,0.0
2018-10-22 00:00:00-04:00,90.19606760341676,90.25466884094942,89.25844780289408,89.28356170654297,180800,0.0,0.0,0.0
2018-10-23 00:00:00-04:00,88.08641354306913,89.08264093287026,87.32459109509047,88.65568542480469,459500,0.0,0.0,0.0
2018-10-24 00:00:00-04:00,88.56358805335422,88.74776517135183,86.26138685249407,86.32836151123047,447300,0.0,0.0,0.0
2018-10-25 00:00:00-04:00,86.72182754817764,87.8268903108004,86.45393528704176,87.23249816894531,429100,0.0,0.0,0.0
2018-10-26 00:00:00-04:00,86.1274330126507,86.82228068968215,84.86331992741573,85.83442687988281,470700,0.0,0.0,0.0
2018-10-29 00:00:00-04:00,86.68835269011973,87.45854219657423,84.90518891347904,85.79258728027344,573000,0.0,0.0,0.0
2018-10-30 00:00:00-04:00,85.92653009889375,87.4752825396065,85.92653009889375,87.38319396972656,531800,0.0,0.0,0.0
2018-10-31 00:00:00-04:00,88.17850451682703,88.86497888820158,87.90223880483273,88.00270080566406,583100,0.0,0.0,0.0
2018-11-01 00:00:00-04:00,88.14500876934784,89.52633081040963,88.14500876934784,89.43424224853516,547400,0.0,0.0,0.0
2018-11-02 00:00:00-04:00,90.02862162823791,90.19605188141638,88.47986943164558,89.16634368896484,360300,0.0,0.0,0.0
2018-11-05 00:00:00-05:00,89.2668028164462,90.08722641839881,89.0072839976395,89.91142272949219,461400,0.0,0.0,0.0
2018-11-06 00:00:00-05:00,89.86119203739489,90.71510300193458,89.86119203739489,90.65650177001953,182700,0.0,0.0,0.0
2018-11-07 00:00:00-05:00,91.23414538905071,91.81178426827326,90.53092423179244,91.73644256591797,206000,0.0,0.0,0.0
2018-11-08 00:00:00-05:00,91.48529796180675,91.90388003988022,91.27600692277002,91.5606460571289,195000,0.0,0.0,0.0
2018-11-09 00:00:00-05:00,90.9997473299346,91.20903838302742,90.24630464844532,90.78208923339844,179300,0.0,0.0,0.0
2018-11-12 00:00:00-05:00,90.73183386720629,90.75695415284326,89.63515104874438,89.76072692871094,225000,0.0,0.0,0.0
2018-11-13 00:00:00-05:00,89.9448909829199,90.67321948434355,89.56816339768531,89.84442901611328,234100,0.0,0.0,0.0
2018-11-14 00:00:00-05:00,90.39698611983356,90.73184666423448,88.88171469208085,89.36727142333984,294900,0.0,0.0,0.0
2018-11-15 00:00:00-05:00,88.70591199593561,89.9867721152529,88.21198821640512,89.77748107910156,816900,0.0,0.0,0.0
2018-11-16 00:00:00-05:00,89.50961372135315,90.22957559706383,89.36729731005292,89.99517059326172,218600,0.0,0.0,0.0
2018-11-19 00:00:00-05:00,89.82772911433088,90.14584923896642,88.74778643491331,88.99893188476562,295600,0.0,0.0,0.0
2018-11-20 00:00:00-05:00,87.94411237225242,88.30409327715397,87.2492644695495,87.47529602050781,447400,0.0,0.0,0.0
2018-11-21 00:00:00-05:00,87.90221816558672,88.7477555763166,87.75152839324925,88.08639526367188,298800,0.0,0.0,0.0
2018-11-23 00:00:00-05:00,87.55898342692372,88.33754623559665,87.47526830076576,87.92733764648438,141200,0.0,0.0,0.0
2018-11-26 00:00:00-05:00,88.63058182868035,89.1077651977539,88.48825905140437,89.1077651977539,282600,0.0,0.0,0.0
2018-11-27 00:00:00-05:00,88.79799110965558,89.05750992299792,88.45475716817587,88.88170623779297,341100,0.0,0.0,0.0
2018-11-28 00:00:00-05:00,89.1579709223332,90.19605255126953,88.34592077557193,90.19605255126953,252400,0.0,0.0,0.0
2018-11-29 00:00:00-05:00,89.91980320799024,90.229549851609,89.29193010393426,89.6770248413086,331100,0.0,0.0,0.0
2018-11-30 00:00:00-05:00,89.54307671654277,90.1039751641431,89.434247676384,90.01188659667969,219900,0.0,0.0,0.0
2018-12-03 00:00:00-05:00,90.98298249185014,91.19227348889736,90.05372995399613,90.85740661621094,460300,0.0,0.0,0.0
2018-12-04 00:00:00-05:00,90.74858905799243,90.92439275126834,88.11989431405809,88.27058410644531,605200,0.0,0.0,0.0
2018-12-06 00:00:00-05:00,87.04832299924549,87.99431610107422,85.75908956217982,87.99431610107422,954500,0.0,0.0,0.0
2018-12-07 00:00:00-05:00,87.87712559112454,88.4882518699083,86.01024664678827,86.31999969482422,617200,0.0,0.0,0.0
2018-12-10 00:00:00-05:00,86.31164434134905,86.52093543159823,84.42802452910647,85.78423309326172,1067900,0.0,0.0,0.0
2018-12-11 00:00:00-05:00,86.7720618018001,86.9562389290388,85.10610700123652,85.50794219970703,728500,0.0,0.0,0.0
2018-12-12 00:00:00-05:00,86.47904899421843,86.92274491917136,85.91814422607422,85.91814422607422,366200,0.0,0.0,0.0
2018-12-13 00:00:00-05:00,86.14419999559507,86.47069353225052,85.03914347451753,85.32377624511719,390900,0.0,0.0,0.0
2018-12-14 00:00:00-05:00,84.7545232223295,85.25682059176135,84.0680486604592,84.28571319580078,550100,0.0,0.0,0.0
2018-12-17 00:00:00-05:00,83.97593361496722,84.33591445397346,82.10068771242693,82.49415588378906,1009500,0.0,0.0,0.0
2018-12-18 00:00:00-05:00,83.14714468836387,83.57410020127995,81.92488577279268,82.40206909179688,1602200,0.0,0.0,0.0
2018-12-19 00:00:00-05:00,82.45228647030319,83.38153908774676,80.71935712181073,81.02073669433594,1345500,0.0,0.0,0.0
2018-12-20 00:00:00-05:00,80.79470828021435,81.25514469842693,78.98643077631398,79.8654556274414,1274200,0.0,0.0,0.0
2018-12-21 00:00:00-05:00,80.00778832845525,81.08773099375396,78.18276998033949,78.43392181396484,1066400,0.0,0.0,0.0
2018-12-24 00:00:00-05:00,77.96448199536819,78.02359056137489,76.11542613807468,76.14075469970703,1419500,0.794,0.0,0.0
2018-12-26 00:00:00-05:00,76.63044422647671,79.29005209955565,75.64258545648948,79.26471710205078,1350400,0.0,0.0,0.0
2018-12-27 00:00:00-05:00,78.31066401836148,79.94864654541016,77.25526423374744,79.94864654541016,1859600,0.0,0.0,0.0
2018-12-28 00:00:00-05:00,80.19347453350488,80.7507220926867,79.45046919906642,79.73754119873047,1468200,0.0,0.0,0.0
2018-12-31 00:00:00-05:00,80.2019083601002,80.42987823486328,79.34070529520338,80.42987823486328,1399800,0.0,0.0,0.0
2019-01-02 00:00:00-05:00,79.43356485927184,80.71692741861479,79.0620622892523,80.40453338623047,742300,0.0,0.0,0.0
2019-01-03 00:00:00-05:00,79.99085598262408,80.35391375399179,78.93545623349112,79.25630187988281,625100,0.0,0.0,0.0
2019-01-04 00:00:00-05:00,80.32011608381421,81.87366739795253,80.21035686183828,81.62036895751953,470200,0.0,0.0,0.0
2019-01-07 00:00:00-05:00,81.64570769912865,83.10638353011458,81.26576643272564,82.4646987915039,616000,0.0,0.0,0.0
2019-01-08 00:00:00-05:00,83.17391486107002,83.29211907447687,82.38025247821268,83.23301696777344,365100,0.0,0.0,0.0
2019-01-09 00:00:00-05:00,83.56231054974761,84.17866024088863,83.3174570965384,83.90003967285156,530900,0.0,0.0,0.0
2019-01-10 00:00:00-05:00,83.26680679024128,84.37286347822787,83.15704111231128,84.3559799194336,316200,0.0,0.0,0.0
2019-01-11 00:00:00-05:00,83.97602216520534,84.64303538663631,83.8831464988259,84.48261260986328,575800,0.0,0.0,0.0
2019-01-14 00:00:00-05:00,83.81559901532516,84.22087523423562,83.57075201412057,83.83248901367188,540200,0.0,0.0,0.0
2019-01-15 00:00:00-05:00,83.9506832300304,84.52482071409882,83.9506832300304,84.42350006103516,573400,0.0,0.0,0.0
2019-01-16 00:00:00-05:00,84.54171807309959,85.14118420790562,84.54171807309959,84.87100219726562,858300,0.0,0.0,0.0
2019-01-17 00:00:00-05:00,84.61769433999832,85.8841734855182,84.61769433999832,85.6224365234375,497600,0.0,0.0,0.0
2019-01-18 00:00:00-05:00,86.11215392046317,86.93958996009873,86.06149680595496,86.77916717529297,398200,0.0,0.0,0.0
2019-01-22 00:00:00-05:00,86.29788111223989,86.3738732043833,85.2087083635849,85.65619659423828,1356700,0.0,0.0,0.0
2019-01-23 00:00:00-05:00,85.99394628900919,86.25568973412031,85.01453894460859,85.75753784179688,518100,0.0,0.0,0.0
2019-01-24 00:00:00-05:00,85.67311198814846,86.23880458171665,85.58868131534905,86.1628189086914,339600,0.0,0.0,0.0
2019-01-25 00:00:00-05:00,86.8044921509204,87.26042548762403,86.8044921509204,87.00713348388672,450000,0.0,0.0,0.0
2019-01-28 00:00:00-05:00,86.32321488798353,86.89735234586766,86.23033923732243,86.86357879638672,513800,0.0,0.0,0.0
2019-01-29 00:00:00-05:00,87.02401704081038,87.17599481971159,86.7116164837226,87.00713348388672,223700,0.0,0.0,0.0
2019-01-30 00:00:00-05:00,87.30263481649496,88.08785218423039,86.73694231545072,87.77545166015625,405100,0.0,0.0,0.0
2019-01-31 00:00:00-05:00,87.66567391748674,88.44244612264067,87.52214118337798,88.34112548828125,1009400,0.0,0.0,0.0
2019-02-01 00:00:00-05:00,88.49310629666155,88.74640467054698,88.23136936751979,88.54376983642578,398000,0.0,0.0,0.0
2019-02-04 00:00:00-05:00,88.60288859681646,89.05037689208984,88.16383885838663,89.05037689208984,321800,0.0,0.0,0.0
2019-02-05 00:00:00-05:00,89.11790551036073,89.38808743117701,88.88149069320701,89.29521179199219,330000,0.0,0.0,0.0
2019-02-06 00:00:00-05:00,89.22769371646648,89.44721861152898,89.08416093346865,89.27835083007812,309000,0.0,0.0,0.0
2019-02-07 00:00:00-05:00,88.88152564301319,89.26147334589294,88.23984735478332,88.92374420166016,354600,0.0,0.0,0.0
2019-02-08 00:00:00-05:00,88.54380220383136,88.92374346190273,88.08786882915717,88.91529846191406,350900,0.0,0.0,0.0
2019-02-11 00:00:00-05:00,89.11791843830937,89.30366330197911,88.78863437584812,89.10102844238281,506100,0.0,0.0,0.0
2019-02-12 00:00:00-05:00,89.74271224616356,90.38439681132228,89.63295304016306,90.1733169555664,276800,0.0,0.0,0.0
2019-02-13 00:00:00-05:00,90.46040447403745,90.7474764973584,90.19022245060759,90.48573303222656,281100,0.0,0.0,0.0
2019-02-14 00:00:00-05:00,89.92004619239755,90.49418383420273,89.649864151645,90.11424255371094,203200,0.0,0.0,0.0
2019-02-15 00:00:00-05:00,90.57858110806004,91.06828788933144,90.49415045927252,91.00918579101562,372600,0.0,0.0,0.0
2019-02-19 00:00:00-05:00,90.86566479545918,91.60021862071966,90.77278913728773,91.4060287475586,316600,0.0,0.0,0.0
2019-02-20 00:00:00-05:00,91.41447480868864,92.1490351358964,91.22028491958632,91.89573669433594,369800,0.0,0.0,0.0
2019-02-21 00:00:00-05:00,91.78597178776192,91.85351889354793,91.27093637902514,91.6086654663086,276600,0.0,0.0,0.0
2019-02-22 00:00:00-05:00,91.86198457193139,92.09839305375554,91.7268903299473,92.0477294921875,286900,0.0,0.0,0.0
2019-02-25 00:00:00-05:00,92.5627485738791,92.59652212837554,91.78597614540166,91.85352325439453,397800,0.0,0.0,0.0
2019-02-26 00:00:00-05:00,91.70997670502004,92.03926075984627,91.55799895343519,91.57488250732422,312500,0.0,0.0,0.0
2019-02-27 00:00:00-05:00,91.45669737823376,91.78598150173138,91.28783603754424,91.65933227539062,257900,0.0,0.0,0.0
2019-02-28 00:00:00-05:00,91.5918221069535,91.71846493382291,91.26253143214488,91.4905014038086,231300,0.0,0.0,0.0
2019-03-01 00:00:00-05:00,92.20813419327129,92.41076907482132,91.48201888926644,91.98860931396484,399100,0.0,0.0,0.0
2019-03-04 00:00:00-05:00,92.19124798083136,92.3601093036498,90.74746241330004,91.6086654663086,572100,0.0,0.0,0.0
2019-03-05 00:00:00-05:00,91.67622424986631,91.69310780764016,91.20340089078233,91.37226867675781,342600,0.0,0.0,0.0
2019-03-06 00:00:00-05:00,91.2962749342654,91.30471993382538,90.32531255922616,90.38441467285156,616300,0.0,0.0,0.0
2019-03-07 00:00:00-05:00,90.3421774180402,90.3421774180402,89.44720089933772,89.70049285888672,705600,0.0,0.0,0.0
2019-03-08 00:00:00-05:00,89.12639124438651,89.52322255975741,88.93220130812959,89.48101043701172,278900,0.0,0.0,0.0
2019-03-11 00:00:00-04:00,89.7427204798822,90.67991564075577,89.7427204798822,90.67147064208984,346600,0.0,0.0,0.0
2019-03-12 00:00:00-04:00,90.83190641762344,91.15274555476735,90.78124286001835,90.94166564941406,382200,0.0,0.0,0.0
2019-03-13 00:00:00-04:00,91.23717296982153,91.67622276459724,91.22028941232121,91.35537719726562,276200,0.0,0.0,0.0
2019-03-14 00:00:00-04:00,91.35537685640743,91.3807118550343,91.00920917494055,91.16963195800781,176600,0.0,0.0,0.0
2019-03-15 00:00:00-04:00,91.25405334475492,91.8113008665567,91.21183479298584,91.47357177734375,324700,0.0,0.0,0.0
2019-03-18 00:00:00-04:00,91.58332678602596,92.00548648804201,91.53266968311071,91.86195373535156,364900,0.0,0.0,0.0
2019-03-19 00:00:00-04:00,92.20812967724311,92.30100533541456,91.1696203237209,91.4060287475586,391100,0.0,0.0,0.0
2019-03-20 00:00:00-04:00,91.37226193518687,91.42291904641827,90.25776039656766,90.59548950195312,385100,0.0,0.0,0.0
2019-03-21 00:00:00-04:00,90.46885504346984,92.08150228338191,90.46885504346984,91.87042236328125,362600,0.0,0.0,0.0
2019-03-22 00:00:00-04:00,91.389136971769,91.49045762643289,90.00445356626086,90.1226577758789,452100,0.0,0.0,0.0
2019-03-25 00:00:00-04:00,90.09733936389708,90.66303192240672,89.69206958291738,90.16488647460938,342000,0.0,0.0,0.0
2019-03-26 00:00:00-04:00,90.70526582242064,91.20341135449364,90.39286521376,90.96700286865234,297400,0.0,0.0,0.0
2019-03-27 00:00:00-04:00,91.00076036915479,91.27094236838205,90.33374714945224,90.78968048095703,229600,0.0,0.0,0.0
2019-03-28 00:00:00-04:00,90.97806180382952,91.32591821748171,90.4435414142848,91.06290435791016,259500,0.522,0.0,0.0
2019-03-29 00:00:00-04:00,91.58042119162995,91.88585946084933,91.17316800831418,91.52951049804688,277100,0.0,0.0,0.0
2019-04-01 00:00:00-04:00,92.12342216071927,92.78520292714269,92.08099766109939,92.73429870605469,567400,0.0,0.0,0.0
2019-04-02 00:00:00-04:00,92.77673286982825,92.8021849847993,92.34402749610761,92.55613708496094,685200,0.0,0.0,0.0
2019-04-03 00:00:00-04:00,93.02275957263687,93.24335530723721,92.64944470993932,92.89549255371094,414800,0.0,0.0,0.0
2019-04-04 00:00:00-04:00,92.9379271993462,93.38759843865924,92.91247508739569,93.37911224365234,379100,0.0,0.0,0.0
2019-04-05 00:00:00-04:00,93.59121861656037,94.03241011889529,93.54031439439478,94.0069580078125,397500,0.0,0.0,0.0
2019-04-08 00:00:00-04:00,93.87968752000724,94.01543426513672,93.65909177696838,94.01543426513672,196000,0.0,0.0,0.0
2019-04-09 00:00:00-04:00,93.7269860972732,93.7269860972732,92.9633902832834,93.12459564208984,228000,0.0,0.0,0.0
2019-04-10 00:00:00-04:00,93.26031293823264,93.76089477539062,93.12456621035399,93.76089477539062,229300,0.0,0.0,0.0
2019-04-11 00:00:00-04:00,93.82029710531252,94.19360550922089,93.7524204962129,94.01543426513672,214900,0.0,0.0,0.0
2019-04-12 00:00:00-04:00,94.6178287329861,94.91478729248047,94.31239692485677,94.91478729248047,379700,0.0,0.0,0.0
2019-04-15 00:00:00-04:00,94.90628863966174,94.96567904915062,94.46509719225648,94.55842590332031,242400,0.0,0.0,0.0
2019-04-16 00:00:00-04:00,94.77054796100334,94.86387668440423,94.4057192621826,94.59237670898438,225900,0.0,0.0,0.0
2019-04-17 00:00:00-04:00,94.96569072841196,94.98265664475139,94.13421842024063,94.20209503173828,278800,0.0,0.0,0.0
2019-04-18 00:00:00-04:00,94.40571498461004,94.53298200830562,94.023920386593,94.33784484863281,317900,0.0,0.0,0.0
2019-04-22 00:00:00-04:00,94.2021053388851,94.21907773015153,93.70152983872673,93.922119140625,238900,0.0,0.0,0.0
2019-04-23 00:00:00-04:00,94.15119477590285,94.90630430968189,93.93059901577756,94.85540008544922,242200,0.0,0.0,0.0
2019-04-24 00:00:00-04:00,94.84689818525752,95.16082261987533,94.73660355999301,94.8808364868164,164900,0.0,0.0,0.0
2019-04-25 00:00:00-04:00,94.5669237272007,94.5669237272007,93.72697169739465,94.20209503173828,334500,0.0,0.0,0.0
2019-04-26 00:00:00-04:00,94.21059363386642,94.70268942242788,94.05787447441875,94.67723083496094,202100,0.0,0.0,0.0
2019-04-29 00:00:00-04:00,94.75356843587002,94.95719176992274,94.64327381181418,94.6856918334961,181200,0.0,0.0,0.0
2019-04-30 00:00:00-04:00,94.7281330517973,94.9826606460309,94.0833181615458,94.85540008544922,189300,0.0,0.0,0.0
2019-05-01 00:00:00-04:00,95.02509950897311,95.05055162493592,93.95606532703724,93.97303771972656,254900,0.0,0.0,0.0
2019-05-02 00:00:00-04:00,93.76938059146639,94.28692837585342,93.3281956058438,93.91361999511719,271400,0.0,0.0,0.0
2019-05-03 00:00:00-04:00,94.3802546301593,94.95719281052203,94.3802546301593,94.8808364868164,233700,0.0,0.0,0.0
2019-05-06 00:00:00-04:00,93.65062159675729,94.5499706384408,93.43851201185272,94.40573120117188,192400,0.0,0.0,0.0
2019-05-07 00:00:00-04:00,93.56575070948776,94.0493601576266,92.43732650614086,93.02275085449219,258400,0.0,0.0,0.0
2019-05-08 00:00:00-04:00,92.88701970253857,93.36214303706097,92.62399945115371,92.75126647949219,322300,0.0,0.0,0.0
2019-05-09 00:00:00-04:00,92.0640275435259,92.75974658328042,91.51254143898485,92.59854125976562,503700,0.0,0.0,0.0
2019-05-10 00:00:00-04:00,92.25071110504874,93.25186868709436,91.24106732644887,93.0312728881836,279800,0.0,0.0,0.0
2019-05-13 00:00:00-04:00,91.59737529638947,91.59737529638947,90.35017027007653,90.7574234008789,387500,0.0,0.0,0.0
2019-05-14 00:00:00-04:00,90.98652299120279,92.03010496569203,90.94410495934036,91.56346130371094,230400,0.0,0.0,0.0
2019-05-15 00:00:00-04:00,91.02044275957402,91.95372342035532,90.901661937642,91.6991958618164,239500,0.0,0.0,0.0
2019-05-16 00:00:00-04:00,91.86889182782416,92.76823429315513,91.86889182782416,92.3270492553711,204200,0.0,0.0,0.0
2019-05-17 00:00:00-04:00,91.70768186219382,92.5646062560111,91.63132553132453,91.77555847167969,191000,0.0,0.0,0.0
2019-05-20 00:00:00-04:00,91.25800413149301,91.6737434800855,90.92711377522996,91.20709991455078,221000,0.0,0.0,0.0
2019-05-21 00:00:00-04:00,91.59737364435689,92.32703090546072,91.59737364435689,92.1912841796875,144300,0.0,0.0,0.0
2019-05-22 00:00:00-04:00,91.86888045174656,91.96220916467539,91.48708587926993,91.72464752197266,182500,0.0,0.0,0.0
2019-05-23 00:00:00-04:00,90.89317210733638,90.89317210733638,90.1126106021347,90.57925415039062,329000,0.0,0.0,0.0
2019-05-24 00:00:00-04:00,90.96956582709102,91.1392509170108,90.55383282563764,90.74897003173828,169200,0.0,0.0,0.0
2019-05-28 00:00:00-04:00,90.92713099964315,91.0289459258838,89.74780228123872,89.77325439453125,326800,0.0,0.0,0.0
2019-05-29 00:00:00-04:00,89.30660723182157,89.41690186811836,88.61936788438375,89.09449768066406,406500,0.0,0.0,0.0
2019-05-30 00:00:00-04:00,89.30660466096549,89.82415246873686,88.72966643950248,89.05207061767578,230600,0.0,0.0,0.0
2019-05-31 00:00:00-04:00,88.19516172821976,88.45818201195124,87.88124368919132,88.09335327148438,454900,0.0,0.0,0.0
2019-06-03 00:00:00-04:00,88.15273075567909,89.21327851146668,88.11030625621967,89.09449768066406,411200,0.0,0.0,0.0
2019-06-04 00:00:00-04:00,89.78173533874582,91.03742679665429,89.77324914378781,91.02045440673828,252900,0.0,0.0,0.0
2019-06-05 00:00:00-04:00,91.35982250484103,91.68222667949001,90.56228855278304,91.63980865478516,349000,0.0,0.0,0.0
2019-06-06 00:00:00-04:00,91.71618457148966,92.34402713961182,91.41923244285559,92.1404037475586,227200,0.0,0.0,0.0
2019-06-07 00:00:00-04:00,92.4203872680664,92.91248305152446,92.29312022433473,92.4203872680664,202900,0.0,0.0,0.0
2019-06-10 00:00:00-04:00,92.87006048676793,93.1415604983031,92.57310836056868,92.68340301513672,225600,0.0,0.0,0.0
2019-06-11 00:00:00-04:00,93.20941777722219,93.35365071243567,92.39491791163661,92.59854125976562,200800,0.0,0.0,0.0
2019-06-12 00:00:00-04:00,92.58158709010539,92.76823807361298,92.32705301784993,92.4882583618164,240400,0.0,0.0,0.0
2019-06-13 00:00:00-04:00,92.79369044611734,93.18397125052545,92.68338933475923,93.09912872314453,199100,0.0,0.0,0.0
2019-06-14 00:00:00-04:00,93.07366334122644,93.15851233548004,92.64944426223622,92.92094421386719,212100,0.0,0.0,0.0
2019-06-17 00:00:00-04:00,93.03127816308177,93.13308663521978,92.71735360348882,92.79371643066406,216100,0.0,0.0,0.0
2019-06-18 00:00:00-04:00,93.17550022659037,94.07484281478374,93.14156191549823,93.54032897949219,197700,0.0,0.0,0.0
2019-06-19 00:00:00-04:00,93.60821401139926,94.09182366003536,93.50639906897581,93.93061828613281,158100,0.0,0.0,0.0
2019-06-20 00:00:00-04:00,94.62631923255184,94.84691499524682,93.92211391480227,94.72813415527344,207000,0.0,0.0,0.0
2019-06-21 00:00:00-04:00,94.6602727289785,94.72814935501748,94.20211521282242,94.48210144042969,221000,0.0,0.0,0.0
2019-06-24 00:00:00-04:00,94.57541173456327,94.60935004096257,94.09180219624595,94.10028839111328,280200,0.0,0.0,0.0
2019-06-25 00:00:00-04:00,94.21905320316709,94.21905320316709,93.63362884521484,93.63362884521484,181600,0.0,0.0,0.0
2019-06-26 00:00:00-04:00,93.82028888001865,93.94755589265539,93.32819321679351,93.35364532470703,168500,0.0,0.0,0.0
2019-06-27 00:00:00-04:00,93.58911000661676,94.10099732465433,93.49526443223772,94.0498046875,199400,0.606,0.0,0.0
2019-06-28 00:00:00-04:00,94.29724228432569,95.07360016683049,94.16927041799947,94.98828125,311600,0.0,0.0,0.0
2019-07-01 00:00:00-04:00,95.90112337724179,96.25090612643335,95.06504633977544,95.5769271850586,298500,0.0,0.0,0.0
2019-07-02 00:00:00-04:00,95.61959064545034,95.66224358747768,95.16742910466678,95.44895935058594,252800,0.0,0.0,0.0
2019-07-03 00:00:00-04:00,95.77314936978678,96.47272136124529,95.77314936978678,96.44712829589844,247600,0.0,0.0,0.0
2019-07-05 00:00:00-04:00,96.02910115717157,96.47273605380808,95.55134650748819,96.4300765991211,171200,0.0,0.0,0.0
2019-07-08 00:00:00-04:00,96.14000335080142,96.38741384318323,95.77315420815508,95.94377899169922,193400,0.0,0.0,0.0
2019-07-09 00:00:00-04:00,95.55132215816084,96.00348362337537,95.40629046345377,95.96083068847656,381600,0.0,0.0,0.0
2019-07-10 00:00:00-04:00,96.24239090575793,96.35330289070677,95.76463622880692,95.90966796875,150900,0.0,0.0,0.0
2019-07-11 00:00:00-04:00,96.07175088033698,96.13147020549818,95.5257437620294,96.01203155517578,216500,0.0,0.0,0.0
2019-07-12 00:00:00-04:00,96.08027412961745,96.69452719246065,96.0376146836661,96.64334106445312,189900,0.0,0.0,0.0
2019-07-15 00:00:00-04:00,96.64334613616964,96.66041251901284,96.18265143317238,96.44712829589844,302400,0.0,0.0,0.0
2019-07-16 00:00:00-04:00,96.31915991306084,96.59216346807709,96.16559500655681,96.33621978759766,161300,0.0,0.0,0.0
2019-07-17 00:00:00-04:00,96.22533300168693,96.22533300168693,95.34660284187957,95.36366271972656,165800,0.0,0.0,0.0
2019-07-18 00:00:00-04:00,95.21861382897497,95.88405959679851,94.77497897781376,95.84140014648438,162900,0.0,0.0,0.0
2019-07-19 00:00:00-04:00,95.97791833905953,96.19120260203522,95.3551254272461,95.3551254272461,196100,0.0,0.0,0.0
2019-07-22 00:00:00-04:00,95.57695108407096,95.61107735014551,95.18450878759307,95.33807373046875,176000,0.0,0.0,0.0
2019-07-23 00:00:00-04:00,95.66224891786759,96.30210166419604,95.5172171908403,96.25091552734375,158700,0.0,0.0,0.0
2019-07-24 00:00:00-04:00,96.14002583745136,97.07847538427914,96.14002583745136,97.06140899658203,165600,0.0,0.0,0.0
2019-07-25 00:00:00-04:00,96.90783945356117,96.90783945356117,96.17414754039422,96.37889862060547,192400,0.0,0.0,0.0
2019-07-26 00:00:00-04:00,96.57510281306762,96.9163589043094,96.3020992418579,96.84810638427734,127900,0.0,0.0,0.0
2019-07-29 00:00:00-04:00,96.90783492623548,96.90783492623548,96.51539266211486,96.66043090820312,532600,0.0,0.0,0.0
2019-07-30 00:00:00-04:00,96.25089500656998,96.8992808071103,96.13998956406226,96.87368774414062,252300,0.0,0.0,0.0
2019-07-31 00:00:00-04:00,96.82252025525452,96.9419589194109,95.23568484984087,95.93525695800781,264400,0.0,0.0,0.0
2019-08-01 00:00:00-04:00,95.84995362356118,96.41302724406626,94.28871114007305,94.61290740966797,353600,0.0,0.0,0.0
2019-08-02 00:00:00-04:00,94.1863183059044,94.3654762800051,93.39290070121947,93.8109359741211,297800,0.0,0.0,0.0
2019-08-05 00:00:00-04:00,92.65066541513416,92.65919860657382,90.8334861735653,91.5330581665039,357400,0.0,0.0,0.0
2019-08-06 00:00:00-04:00,91.95964665241554,92.44593452775473,91.20035517177928,92.35208892822266,290300,0.0,0.0,0.0
2019-08-07 00:00:00-04:00,91.40510228474226,92.73599398923659,90.74818962542416,92.5141830444336,235100,0.0,0.0,0.0
2019-08-08 00:00:00-04:00,93.00046459223996,94.17779128877098,92.90661900314126,94.1351318359375,180100,0.0,0.0,0.0
2019-08-09 00:00:00-04:00,93.87065666998616,93.89624973681464,92.95780040256672,93.3502426147461,178300,0.0,0.0,0.0
2019-08-12 00:00:00-04:00,92.9151594159603,92.94075248608176,91.83167171541115,92.13880157470703,218000,0.0,0.0,0.0
2019-08-13 00:00:00-04:00,91.9596407884229,93.82801295770523,91.74635653198132,93.1284408569336,191500,0.0,0.0,0.0
2019-08-14 00:00:00-04:00,91.86578938995535,91.86578938995535,90.26189422607422,90.26189422607422,347700,0.0,0.0,0.0
2019-08-15 00:00:00-04:00,90.53489720165234,90.65433585621385,89.69882011080328,90.21070098876953,320900,0.0,0.0,0.0
2019-08-16 00:00:00-04:00,90.58607574240234,91.75487563138793,90.45810390640979,91.60131072998047,223100,0.0,0.0,0.0
2019-08-19 00:00:00-04:00,92.41180376328101,92.9748773330533,92.41180376328101,92.63362121582031,168800,0.0,0.0,0.0
2019-08-20 00:00:00-04:00,92.539754979999,92.539754979999,91.84871621570372,91.89990234375,151000,0.0,0.0,0.0
2019-08-21 00:00:00-04:00,92.57387485246353,92.94072393231046,92.32646440243495,92.55680847167969,177900,0.0,0.0,0.0
2019-08-22 00:00:00-04:00,92.81275119506836,93.1540072092849,92.30939710959261,92.79568481445312,316400,0.0,0.0,0.0
2019-08-23 00:00:00-04:00,92.36914385838229,92.86396490051673,90.09980273132409,90.4666519165039,281000,0.0,0.0,0.0
2019-08-26 00:00:00-04:00,91.09796151789456,91.23446655273438,90.64579998059476,91.23446655273438,255300,0.0,0.0,0.0
2019-08-27 00:00:00-04:00,91.64397873941886,91.70369807151332,90.47518516715333,90.56903076171875,162900,0.0,0.0,0.0
2019-08-28 00:00:00-04:00,90.39840409387325,91.31979370117188,90.2533723526094,91.31979370117188,198800,0.0,0.0,0.0
2019-08-29 00:00:00-04:00,92.03641013521354,92.60801682801056,91.84872547714636,92.40325927734375,180400,0.0,0.0,0.0
2019-08-30 00:00:00-04:00,92.9066130901776,93.18814983955554,92.48004462466615,92.69332885742188,132000,0.0,0.0,0.0
2019-09-03 00:00:00-04:00,92.0961112503098,92.42030738697056,91.57569730253887,92.36058807373047,256800,0.0,0.0,0.0
2019-09-04 00:00:00-04:00,93.09431667913177,93.5550114644304,92.9492784347258,93.54647827148438,160400,0.0,0.0,0.0
2019-09-05 00:00:00-04:00,94.27162840759142,94.89442121484154,94.10100362942545,94.54463195800781,184000,0.0,0.0,0.0
2019-09-06 00:00:00-04:00,94.71526341053257,95.04799281656358,94.58729807234972,94.78351593017578,153100,0.0,0.0,0.0
2019-09-09 00:00:00-04:00,95.0906435531114,95.6878433227539,95.08211036112438,95.6878433227539,138600,0.0,0.0,0.0
2019-09-10 00:00:00-04:00,95.4916206431351,96.31916453966161,95.47456076777883,96.29357147216797,147900,0.0,0.0,0.0
2019-09-11 00:00:00-04:00,96.4471371445958,97.24055478773145,95.90113000404207,97.20642852783203,316100,0.0,0.0,0.0
2019-09-12 00:00:00-04:00,97.41116382191959,97.62444803010307,96.8310305153038,97.32585144042969,202400,0.0,0.0,0.0
2019-09-13 00:00:00-04:00,97.6074064695162,97.90600311520936,97.35146276811138,97.36852264404297,342400,0.0,0.0,0.0
2019-09-16 00:00:00-04:00,97.37794542100296,97.53214670696691,96.9324786703801,97.49787902832031,219100,0.471,0.0,0.0
2019-09-17 00:00:00-04:00,97.3779456579222,97.62638142679586,97.06098106748004,97.55784606933594,149200,0.0,0.0,0.0
2019-09-18 00:00:00-04:00,97.48072765781825,97.54926300048828,96.71828994431169,97.54926300048828,180300,0.0,0.0,0.0
2019-09-19 00:00:00-04:00,97.69493305887943,97.7634684277564,97.06955925568899,97.12096405029297,314800,0.0,0.0,0.0
2019-09-20 00:00:00-04:00,97.28369781448961,97.51500298017666,96.5126980245742,96.79539489746094,173800,0.0,0.0,0.0
2019-09-23 00:00:00-04:00,96.42703645569689,97.22374199297546,96.40990588469673,96.95817565917969,223300,0.0,0.0,0.0
2019-09-24 00:00:00-04:00,97.22374207574084,97.29227743158236,96.11007195482668,96.39276885986328,297800,0.0,0.0,0.0
2019-09-25 00:00:00-04:00,96.35851164414444,97.1980469117922,96.23857149858894,97.11238098144531,160500,0.0,0.0,0.0
2019-09-26 00:00:00-04:00,97.10379409732332,97.10379409732332,96.46128993717002,96.82109069824219,159800,0.0,0.0,0.0
2019-09-27 00:00:00-04:00,96.99245289944594,97.23232013244406,96.09294423981106,96.57268524169922,203100,0.0,0.0,0.0
2019-09-30 00:00:00-04:00,96.68404435718627,97.06098229208018,96.6412081242605,96.8039779663086,177300,0.0,0.0,0.0
2019-10-01 00:00:00-04:00,97.09525599360519,97.27516296644929,95.2534153856216,95.27054595947266,365900,0.0,0.0,0.0
2019-10-02 00:00:00-04:00,94.85933173822028,94.85933173822028,93.18881674216426,93.65142059326172,416700,0.0,0.0,0.0
2019-10-03 00:00:00-04:00,93.48009626620608,94.06263376976999,92.5206208086032,94.02836608886719,293700,0.0,0.0,0.0
2019-10-04 00:00:00-04:00,94.2168276407002,95.15059736211713,94.11402460609368,95.14202880859375,331000,0.0,0.0,0.0
2019-10-07 00:00:00-04:00,94.8850344131327,95.45043478392408,94.56806328036576,94.73939514160156,182300,0.0,0.0,0.0
2019-10-08 00:00:00-04:00,94.14828374207484,94.14828374207484,93.09457397460938,93.09457397460938,249900,0.0,0.0,0.0
2019-10-09 00:00:00-04:00,93.71138000488281,94.09687991578008,93.37727833920097,93.71138000488281,203300,0.0,0.0,0.0
2019-10-10 00:00:00-04:00,93.72851952521478,94.61945296605836,93.68568329583783,94.31105041503906,279400,0.0,0.0,0.0
2019-10-11 00:00:00-04:00,95.176278656856,96.25568744239293,95.176278656856,95.53607940673828,197700,0.0,0.0,0.0
2019-10-14 00:00:00-04:00,95.3305015746871,95.39046837996091,94.97926929690954,95.23626708984375,106500,0.0,0.0,0.0
2019-10-15 00:00:00-04:00,95.48469489054597,96.21286504688494,95.36476129001443,95.93016815185547,250900,0.0,0.0,0.0
2019-10-16 00:00:00-04:00,95.8701982890359,96.23856109612193,95.74169613945963,95.82736206054688,768100,0.0,0.0,0.0
2019-10-17 00:00:00-04:00,96.27282209699374,96.54695694700119,95.98155667831286,96.25569152832031,166600,0.0,0.0,0.0
2019-10-18 00:00:00-04:00,96.0072529842945,96.58979034046641,95.99868443226383,96.40132141113281,207900,0.0,0.0,0.0
2019-10-21 00:00:00-04:00,96.97532860179571,97.1466670307804,96.8296958390783,97.0267333984375,154100,0.0,0.0,0.0
2019-10-22 00:00:00-04:00,97.07809091360163,97.43789165961488,96.67545394434822,97.0438232421875,461700,0.0,0.0,0.0
2019-10-23 00:00:00-04:00,96.93246581962545,97.42076873779297,96.77826455410462,97.42076873779297,456500,0.0,0.0,0.0
2019-10-24 00:00:00-04:00,97.65207170070241,97.6692088064598,96.80396797065495,97.25800323486328,172900,0.0,0.0,0.0
2019-10-25 00:00:00-04:00,97.14664480314137,97.68634602519808,97.0609788761962,97.39508056640625,168400,0.0,0.0,0.0
2019-10-28 00:00:00-04:00,97.78914570146831,98.13181593337465,97.59210819395757,97.60924530029297,190800,0.0,0.0,0.0
2019-10-29 00:00:00-04:00,97.48074558626404,98.0804136051914,97.38651110673383,97.83197784423828,154100,0.0,0.0,0.0
2019-10-30 00:00:00-04:00,97.90051319951318,97.90051319951318,97.12950679239856,97.83197784423828,178700,0.0,0.0,0.0
2019-10-31 00:00:00-04:00,97.56641653172771,97.63495189052843,96.54697431121465,97.17234802246094,161600,0.0,0.0,0.0
2019-11-01 00:00:00-04:00,97.73773339159771,98.47447204589844,97.73773339159771,98.47447204589844,247600,0.0,0.0,0.0
2019-11-04 00:00:00-05:00,99.03132504282024,99.10842895507812,98.67152421466086,99.10842895507812,214800,0.0,0.0,0.0
2019-11-05 00:00:00-05:00,99.26262887876693,99.7252327382785,99.09129048493408,99.23692321777344,300400,0.0,0.0,0.0
2019-11-06 00:00:00-05:00,99.29691878797874,99.3740161805454,98.75721089644053,99.05704498291016,269100,0.0,0.0,0.0
2019-11-07 00:00:00-05:00,99.69095182151254,99.982217248514,99.1426821058352,99.28831481933594,344800,0.0,0.0,0.0
2019-11-08 00:00:00-05:00,99.15980629869688,99.58814239501953,98.68863397838588,99.58814239501953,138800,0.0,0.0,0.0
2019-11-11 00:00:00-05:00,99.13412093058041,99.33115190212257,98.95422052947586,99.22835540771484,157300,0.0,0.0,0.0
2019-11-12 00:00:00-05:00,99.38257248186835,99.57104146609397,99.03990219563013,99.15983581542969,168700,0.0,0.0,0.0
2019-11-13 00:00:00-05:00,98.81715008347481,99.29689102357875,98.64581823508195,99.099853515625,150000,0.0,0.0,0.0
2019-11-14 00:00:00-05:00,98.97992039438704,99.37398887631376,98.97992039438704,99.21978759765625,175000,0.0,0.0,0.0
2019-11-15 00:00:00-05:00,99.65667823672023,99.74234414923454,99.37397484312184,99.70807647705078,180000,0.0,0.0,0.0
2019-11-18 00:00:00-05:00,99.63097812618393,99.80230994950945,99.48533888687813,99.65667724609375,175500,0.0,0.0,0.0
2019-11-19 00:00:00-05:00,99.80231907754053,99.8537173220611,99.27117991922867,99.6395492553711,182500,0.0,0.0,0.0
2019-11-20 00:00:00-05:00,99.41681696367387,99.63954704224302,98.83427957378038,99.28831481933594,161900,0.0,0.0,0.0
2019-11-21 00:00:00-05:00,99.37400611052523,99.37400611052523,98.80003712660444,98.83430480957031,170000,0.0,0.0,0.0
2019-11-22 00:00:00-05:00,99.14269402312136,99.37399268202009,98.97992418500179,99.31402587890625,298800,0.0,0.0,0.0
2019-11-25 00:00:00-05:00,99.60528939395667,100.13642859393387,99.51962346773871,100.07646179199219,234500,0.0,0.0,0.0
2019-11-26 00:00:00-05:00,100.15356923203753,100.3334696442057,99.88799635473946,100.29920196533203,226300,0.0,0.0,0.0
2019-11-27 00:00:00-05:00,100.52192205850878,100.75322723388672,100.35915876994035,100.75322723388672,126400,0.0,0.0,0.0
2019-11-29 00:00:00-05:00,100.5647662260853,100.59903390424998,100.12786149934975,100.24779510498047,106100,0.0,0.0,0.0
2019-12-02 00:00:00-05:00,100.29063566936986,100.35917102866006,99.40826416015625,99.40826416015625,243600,0.0,0.0,0.0
2019-12-03 00:00:00-05:00,98.70579223484579,98.70579223484579,98.00332114777368,98.60298919677734,306600,0.0,0.0,0.0
2019-12-04 00:00:00-05:00,98.92851404390215,99.60527936802687,98.85997869546985,99.28831481933594,202600,0.0,0.0,0.0
2019-12-05 00:00:00-05:00,99.485362478338,99.64813232421875,99.19409700243737,99.64813232421875,183100,0.0,0.0,0.0
2019-12-06 00:00:00-05:00,100.18783037501974,100.56476830673866,100.18783037501974,100.29920196533203,162300,0.0,0.0,0.0
2019-12-09 00:00:00-05:00,100.26491953432483,100.37628457236036,100.04218292236328,100.04218292236328,209600,0.0,0.0,0.0
2019-12-10 00:00:00-05:00,100.10215833588313,100.39343032058534,99.90512736424995,100.09358978271484,236100,0.0,0.0,0.0
2019-12-11 00:00:00-05:00,100.16212461352222,100.49622629054004,100.13642549004255,100.35059356689453,235600,0.0,0.0,0.0
2019-12-12 00:00:00-05:00,100.40198208497064,101.59275595401122,100.40198208497064,101.42999267578125,206900,0.0,0.0,0.0
2019-12-13 00:00:00-05:00,101.43001997168196,101.69558634122684,100.78751563047945,101.07878112792969,178400,0.0,0.0,0.0
2019-12-16 00:00:00-05:00,101.56705301571262,101.80692018378612,101.44711943167587,101.52422332763672,270200,0.0,0.0,0.0
2019-12-17 00:00:00-05:00,101.61845066205294,101.77265190726565,101.50707910191116,101.64414978027344,192100,0.0,0.0,0.0
2019-12-18 00:00:00-05:00,101.8154897322494,101.8840250769098,101.54992344155318,101.76409149169922,246000,0.0,0.0,0.0
2019-12-19 00:00:00-05:00,101.90116044580303,102.20956297541372,101.80692597642806,102.09819793701172,484300,0.0,0.0,0.0
2019-12-20 00:00:00-05:00,102.3723520492948,102.77498912401798,102.32095379665499,102.62935638427734,156900,0.0,0.0,0.0
2019-12-23 00:00:00-05:00,102.8520640609475,102.8520640609475,102.50940040359467,102.56079864501953,293900,0.0,0.0,0.0
2019-12-24 00:00:00-05:00,102.75407545946193,102.75407545946193,102.49525301897543,102.59015655517578,134400,0.844,0.0,0.0
2019-12-26 00:00:00-05:00,102.78857060298586,102.9093557064018,102.59014075407158,102.90072631835938,142200,0.0,0.0,0.0
2019-12-27 00:00:00-05:00,103.0215202900181,103.0215202900181,102.54700267157322,102.6505355834961,208800,0.0,0.0,0.0
2019-12-30 00:00:00-05:00,102.79721117192157,102.84034495223622,102.29681192774632,102.40034484863281,309600,0.0,0.0,0.0
2019-12-31 00:00:00-05:00,102.31406803230446,102.91800022043932,102.31406803230446,102.83172607421875,211500,0.0,0.0,0.0
2020-01-02 00:00:00-05:00,103.27172176838258,103.42701785784175,102.19327853110919,102.79721069335938,465700,0.0,0.0,0.0
2020-01-03 00:00:00-05:00,101.97759097435723,102.3226941304348,101.80504268746606,102.07249450683594,259900,0.0,0.0,0.0
2020-01-06 00:00:00-05:00,101.65836824471165,102.07248673463594,101.41679802854001,102.00347137451172,306900,0.0,0.0,0.0
2020-01-07 00:00:00-05:00,101.99483638136542,102.2105250028512,101.66698546403863,101.89993286132812,194500,0.0,0.0,0.0
2020-01-08 00:00:00-05:00,101.95168985381954,102.50385216482158,101.84816353444039,102.1242446899414,202700,0.0,0.0,0.0
2020-01-09 00:00:00-05:00,102.486613089505,102.52974686733565,102.15013934386992,102.46073150634766,190200,0.0,0.0,0.0
2020-01-10 00:00:00-05:00,102.58152337844187,102.64191593722188,102.06387193428537,102.22779083251953,183600,0.0,0.0,0.0
2020-01-13 00:00:00-05:00,102.33131615625962,102.9697526705728,102.2795529903759,102.93524169921875,322400,0.0,0.0,0.0
2020-01-14 00:00:00-05:00,102.76270214444716,103.47016066149828,102.76270214444716,103.32349395751953,180900,0.0,0.0,0.0
2020-01-15 00:00:00-05:00,103.15095732739988,103.8843041415699,103.05605377691427,103.52194213867188,222900,0.0,0.0,0.0
2020-01-16 00:00:00-05:00,103.94465969457804,104.61760711669922,103.91877153178604,104.61760711669922,219600,0.0,0.0,0.0
2020-01-17 00:00:00-05:00,104.81605529785156,104.91095883114765,104.66075920539387,104.81605529785156,264400,0.0,0.0,0.0
2020-01-21 00:00:00-05:00,104.40194852689093,104.61763720279345,104.16900107083046,104.30704498291016,244300,0.0,0.0,0.0
2020-01-22 00:00:00-05:00,104.48820471360892,104.81604907497996,104.19486474202861,104.3329086303711,201600,0.0,0.0,0.0
2020-01-23 00:00:00-05:00,104.08270471821977,104.79016316100176,103.3752462754378,104.68663024902344,170000,0.0,0.0,0.0
2020-01-24 00:00:00-05:00,104.80742744525094,104.80742744525094,103.10779989914982,103.69447326660156,210100,0.0,0.0,0.0
2020-01-27 00:00:00-05:00,102.32271005691229,102.53839874024571,101.99486562787214,102.15016174316406,259900,0.0,0.0,0.0
2020-01-28 00:00:00-05:00,102.55563417891362,103.34073738476047,102.4089609050852,102.93524169921875,167400,0.0,0.0,0.0
2020-01-29 00:00:00-05:00,103.23721365695245,103.29760621277165,102.52112579345703,102.52112579345703,216600,0.0,0.0,0.0
2020-01-30 00:00:00-05:00,101.8740489614031,102.83170694558856,101.51169366530434,102.78856658935547,241600,0.0,0.0,0.0
2020-01-31 00:00:00-05:00,102.40896183428278,102.40896183428278,100.83874882604715,101.11483001708984,239300,0.0,0.0,0.0
2020-02-03 00:00:00-05:00,101.58072803526973,102.44348266307941,101.58072803526973,101.80504608154297,416300,0.0,0.0,0.0
2020-02-04 00:00:00-05:00,102.85761206539783,103.31487098401782,102.83173047865264,102.86624145507812,387000,0.0,0.0,0.0
2020-02-05 00:00:00-05:00,103.70308929914545,104.61761355420713,103.70308929914545,104.54859161376953,197900,0.0,0.0,0.0
2020-02-06 00:00:00-05:00,104.80744137580547,104.94547870174999,104.17762756347656,104.17762756347656,183900,0.0,0.0,0.0
2020-02-07 00:00:00-05:00,103.84977438727303,103.84977438727303,103.2976119655199,103.40113830566406,196700,0.0,0.0,0.0
2020-02-10 00:00:00-05:00,103.21134217993935,103.84978539588457,103.1509496143549,103.84115600585938,173200,0.0,0.0,0.0
2020-02-11 00:00:00-05:00,104.31564131801487,105.03172249255829,104.31564131801487,104.72113037109375,190200,0.0,0.0,0.0
2020-02-12 00:00:00-05:00,105.1784139347351,105.42860697034283,104.95409590104725,105.16978454589844,188800,0.0,0.0,0.0
2020-02-13 00:00:00-05:00,104.61762778496562,105.06625729424631,104.36742815356652,104.9541015625,187500,0.0,0.0,0.0
2020-02-14 00:00:00-05:00,105.01449671231667,105.06625988481505,104.47095707190132,104.8419418334961,217500,0.0,0.0,0.0
2020-02-18 00:00:00-05:00,104.66937820540612,104.73840014682429,103.95329037335554,104.45368957519531,295500,0.0,0.0,0.0
2020-02-19 00:00:00-05:00,104.76427984226393,105.0403610206692,104.5744727979301,104.62623596191406,376300,0.0,0.0,0.0
2020-02-20 00:00:00-05:00,104.41919602684048,105.02312824157366,104.01370028122003,104.82469177246094,224200,0.0,0.0,0.0
2020-02-21 00:00:00-05:00,104.41055479496066,104.41055479496066,103.68584411823201,103.84976959228516,209100,0.0,0.0,0.0
2020-02-24 00:00:00-05:00,101.39955458284251,101.76190996188609,100.64033284832799,100.976806640625,384300,0.0,0.0,0.0
2020-02-25 00:00:00-05:00,101.35641154591033,101.45993788344545,97.3704829934307,97.44812774658203,566300,0.0,0.0,0.0
2020-02-26 00:00:00-05:00,97.87085985730772,98.63871073585794,96.25750678251347,96.2661361694336,425800,0.0,0.0,0.0
2020-02-27 00:00:00-05:00,94.66142580423715,96.01595012041292,92.18531799316406,92.18531799316406,675500,0.0,0.0,0.0
2020-02-28 00:00:00-05:00,89.72647644508044,90.85668284012155,88.00096728267505,90.45118713378906,1522800,0.0,0.0,0.0
2020-03-02 00:00:00-05:00,91.08099747661272,94.1869125366211,89.9076507633637,94.1869125366211,856500,0.0,0.0,0.0
2020-03-03 00:00:00-05:00,94.22143341255142,95.77439439694264,91.26218473506378,92.04729461669922,721100,0.0,0.0,0.0
2020-03-04 00:00:00-05:00,93.69514778379751,95.394775390625,92.72886684920779,95.394775390625,461100,0.0,0.0,0.0
2020-03-05 00:00:00-05:00,93.22062031820785,93.61748657261977,91.27079343149354,91.94374084472656,348900,0.0,0.0,0.0
2020-03-06 00:00:00-05:00,89.36412322369758,90.710018296013,87.70763596818702,89.72647857666016,593500,0.0,0.0,0.0
2020-03-09 00:00:00-04:00,83.77347082317571,84.45504775095343,80.64167397687127,81.30599212646484,2076100,0.0,0.0,0.0
2020-03-10 00:00:00-04:00,84.32383335452224,84.94149397860602,80.4264738651135,84.93279266357422,1398900,0.779,0.0,0.0
2020-03-11 00:00:00-04:00,82.44474641148545,82.87102455916019,78.88667188531139,79.78271484375,836900,0.0,0.0,0.0
2020-03-12 00:00:00-04:00,74.11065157840713,76.2507164898731,71.16153717041016,71.16153717041016,2409100,0.0,0.0,0.0
2020-03-13 00:00:00-04:00,75.94626034271707,76.84230332909343,70.80487820000555,76.49432373046875,1812000,0.0,0.0,0.0
2020-03-16 00:00:00-04:00,69.0127889472163,72.15329322644331,67.22939773725001,67.57737731933594,1355200,0.0,0.0,0.0
2020-03-17 00:00:00-04:00,68.7865897470624,71.90969751285306,66.02016281862043,71.68350982666016,1597200,0.0,0.0,0.0
2020-03-18 00:00:00-04:00,66.7596451386654,67.89057744033944,61.766157633463536,65.24594116210938,1825900,0.0,0.0,0.0
2020-03-19 00:00:00-04:00,64.75875461697564,67.08150784883645,61.992327256808885,65.48080444335938,1325100,0.0,0.0,0.0
2020-03-20 00:00:00-04:00,66.2115727581447,66.98582395864196,62.00103180084999,62.322914123535156,1517600,0.0,0.0,0.0
2020-03-23 00:00:00-04:00,61.940131668680465,61.940131668680465,58.86052970733902,59.75657272338867,2128200,0.0,0.0,0.0
2020-03-24 00:00:00-04:00,62.453399056121015,66.83792593182083,62.453399056121015,66.68133544921875,1413100,0.0,0.0,0.0
2020-03-25 00:00:00-04:00,67.50777524681187,71.47473157939054,65.42860585494377,68.72570037841797,1549900,0.0,0.0,0.0
2020-03-26 00:00:00-04:00,69.5956421030857,73.35380651116603,69.24766256513874,72.96233367919922,1493300,0.0,0.0,0.0
2020-03-27 00:00:00-04:00,70.39599984027345,72.82314898075872,69.6652486859726,70.8918685913086,1188800,0.0,0.0,0.0
2020-03-30 00:00:00-04:00,71.1267686930366,72.62307649367546,69.76095408657615,72.39688873291016,966500,0.0,0.0,0.0
2020-03-31 00:00:00-04:00,72.09239592159518,72.3968755611754,70.2394075031414,70.71788024902344,712100,0.0,0.0,0.0
2020-04-01 00:00:00-04:00,68.05587149787242,68.14286476148916,66.13328519499134,66.88143920898438,891800,0.0,0.0,0.0
2020-04-02 00:00:00-04:00,66.56823909402259,69.2824719471326,66.00277972380516,67.52518463134766,743800,0.0,0.0,0.0
2020-04-03 00:00:00-04:00,67.08151756430613,67.91666469096981,65.36772336845235,65.82009887695312,678300,0.0,0.0,0.0
2020-04-06 00:00:00-04:00,68.36033930553099,71.86621965083707,68.36033930553099,71.32685089111328,885400,0.0,0.0,0.0
2020-04-07 00:00:00-04:00,73.91929485731715,75.25031085441502,72.21420190493639,72.23159790039062,1021300,0.0,0.0,0.0
2020-04-08 00:00:00-04:00,73.23203123682117,76.28554258333912,72.675266505004,75.88536834716797,801100,0.0,0.0,0.0
2020-04-09 00:00:00-04:00,77.31207625785777,79.89580939525132,77.31207625785777,78.78227996826172,742900,0.0,0.0,0.0
2020-04-13 00:00:00-04:00,78.46042034163592,78.70400412391878,75.65919357106252,76.66832733154297,1446900,0.0,0.0,0.0
2020-04-14 00:00:00-04:00,78.22550010834802,78.81706333153963,77.19896412213781,78.16460418701172,1093100,0.0,0.0,0.0
2020-04-15 00:00:00-04:00,75.67657487439567,76.02455448316003,74.31946170108952,74.9458236694336,804500,0.0,0.0,0.0
2020-04-16 00:00:00-04:00,75.04151254445657,75.10240847359142,73.62349690763891,74.50214385986328,779300,0.0,0.0,0.0
2020-04-17 00:00:00-04:00,76.73790915939588,77.75574403227924,76.19854043771359,77.54695892333984,612400,0.0,0.0,0.0
2020-04-20 00:00:00-04:00,76.02455052348127,77.21637846434713,75.2676954116259,75.57218170166016,949500,0.0,0.0,0.0
2020-04-21 00:00:00-04:00,73.8148937156177,75.01542306840143,73.45821941835295,73.88449096679688,787700,0.0,0.0,0.0
2020-04-22 00:00:00-04:00,75.61568082711825,75.61568082711825,74.52824867082458,75.13721466064453,783000,0.0,0.0,0.0
2020-04-23 00:00:00-04:00,75.34601114572907,76.66832592696537,75.1633233123638,75.37210845947266,641100,0.0,0.0,0.0
2020-04-24 00:00:00-04:00,75.85925478835587,76.8248949496264,75.10240635293076,76.42472076416016,909600,0.0,0.0,0.0
2020-04-27 00:00:00-04:00,76.96408736168229,78.97365954944979,76.96408736168229,78.73877716064453,679500,0.0,0.0,0.0
2020-04-28 00:00:00-04:00,80.21767712514526,81.10502528919396,79.33033559825427,80.13068389892578,631800,0.0,0.0,0.0
2020-04-29 00:00:00-04:00,81.77490316584363,82.84493939357668,81.42692352706769,82.24467468261719,634200,0.0,0.0,0.0
2020-04-30 00:00:00-04:00,80.96584147106923,80.96584147106923,79.4434365818571,79.6522216796875,467900,0.0,0.0,0.0
2020-05-01 00:00:00-04:00,77.76444449071995,77.99933354320245,76.47692858976289,76.94669342041016,492200,0.0,0.0,0.0
2020-05-04 00:00:00-04:00,76.0854396435603,76.9814825291707,75.47648039231773,76.90319061279297,1009300,0.0,0.0,0.0
2020-05-05 00:00:00-04:00,77.81666313046237,78.55612250299187,77.12941166573741,77.1903076171875,2978500,0.0,0.0,0.0
2020-05-06 00:00:00-04:00,77.58176965712724,77.8862493712637,75.67658615885061,75.68528747558594,608000,0.0,0.0,0.0
2020-05-07 00:00:00-04:00,76.71180341900384,78.05152044200419,76.71180341900384,76.9640884399414,760200,0.0,0.0,0.0
2020-05-08 00:00:00-04:00,77.92972840613716,79.3912372789712,77.8862284712933,79.20854949951172,892000,0.0,0.0,0.0
2020-05-11 00:00:00-04:00,78.33862506219693,78.72139671615996,77.30338739511055,78.02544403076172,718800,0.0,0.0,0.0
2020-05-12 00:00:00-04:00,78.31250515780665,78.53869288713221,75.94625854492188,75.94625854492188,456600,0.0,0.0,0.0
2020-05-13 00:00:00-04:00,75.42428323937972,75.68526958245846,73.04063407875033,73.65829467773438,592400,0.0,0.0,0.0
2020-05-14 00:00:00-04:00,72.48386465791594,74.9371109008789,71.26593953196343,74.9371109008789,621800,0.0,0.0,0.0
2020-05-15 00:00:00-04:00,74.3368538896212,75.18070224060286,73.71919326833202,75.06761169433594,331000,0.0,0.0,0.0
2020-05-18 00:00:00-04:00,77.45995977464287,79.72181708763434,77.45995977464287,79.23464965820312,443500,0.0,0.0,0.0
2020-05-19 00:00:00-04:00,78.9997732592295,79.53044070996555,78.19072342754664,78.19942474365234,321400,0.0,0.0,0.0
2020-05-20 00:00:00-04:00,79.39991764296468,80.26986308575327,79.30422975044239,79.66090393066406,422600,0.0,0.0,0.0
2020-05-21 00:00:00-04:00,79.62612822933838,80.07850370656983,78.87797440228238,79.39994049072266,314300,0.0,0.0,0.0
2020-05-22 00:00:00-04:00,79.37385370477713,79.39995101708514,78.53870652512217,79.31295776367188,423700,0.0,0.0,0.0
2020-05-26 00:00:00-04:00,81.64439961371309,82.5404425898005,81.64439961371309,81.97498321533203,699100,0.0,0.0,0.0
2020-05-27 00:00:00-04:00,83.59308234905899,83.97586059570312,82.10547594118184,83.97586059570312,586800,0.0,0.0,0.0
2020-05-28 00:00:00-04:00,84.66311484676869,84.81970533749349,82.93192477059254,83.10591125488281,512300,0.0,0.0,0.0
2020-05-29 00:00:00-04:00,82.65355575390282,83.42780701713056,81.85320054037527,82.91453552246094,393300,0.0,0.0,0.0
2020-06-01 00:00:00-04:00,83.16678155607867,84.33251188045365,82.82750337026704,84.08892822265625,370600,0.0,0.0,0.0
2020-06-02 00:00:00-04:00,84.50650123437312,85.18505762946904,84.21941764039957,85.08936309814453,429200,0.0,0.0,0.0
2020-06-03 00:00:00-04:00,86.22031478246788,87.73401837051287,86.22031478246788,87.42083740234375,493800,0.0,0.0,0.0
2020-06-04 00:00:00-04:00,86.87277679377819,88.21249394758473,86.5856931242856,87.96891021728516,330600,0.0,0.0,0.0
2020-06-05 00:00:00-04:00,91.28339005736485,92.13593964688472,90.50043770722581,90.7701187133789,596300,0.0,0.0,0.0
2020-06-08 00:00:00-04:00,91.77054886735952,93.29295349121094,91.44867328038312,93.29295349121094,2071300,0.0,0.0,0.0
2020-06-09 00:00:00-04:00,91.89235801818992,91.89235801818992,90.2394665677694,90.75273132324219,893100,0.0,0.0,0.0
2020-06-10 00:00:00-04:00,90.50045842579706,90.50045842579706,88.20380209771339,88.27339935302734,378100,0.0,0.0,0.0
2020-06-11 00:00:00-04:00,84.6543989872077,85.47214992462644,81.94886780722146,82.20985412597656,907300,0.0,0.0,0.0
2020-06-12 00:00:00-04:00,85.17638706550282,85.46346410358544,82.10547315513224,83.94976043701172,415700,0.0,0.0,0.0
2020-06-15 00:00:00-04:00,81.59222006522201,85.54177492373668,81.10505252507112,85.04590606689453,501400,0.0,0.0,0.0
2020-06-16 00:00:00-04:00,88.0297947439764,88.22118383217348,85.24596492529189,86.70747375488281,488500,0.0,0.0,0.0
2020-06-17 00:00:00-04:00,86.95978303710896,86.99458166623464,85.5156764327726,85.6983642578125,400400,0.0,0.0,0.0
2020-06-18 00:00:00-04:00,84.94148254665541,86.08110908757126,84.7761907690907,85.57654571533203,313900,0.0,0.0,0.0
2020-06-19 00:00:00-04:00,86.9945810950974,86.9945810950974,84.21945183427265,84.48043823242188,526300,0.0,0.0,0.0
2020-06-22 00:00:00-04:00,84.42821690171185,84.9414815819827,83.48867413015827,84.71529388427734,340100,0.0,0.0,0.0
2020-06-23 00:00:00-04:00,85.65484728227933,85.7679378265833,84.60221384986092,84.62831115722656,264900,0.0,0.0,0.0
2020-06-24 00:00:00-04:00,83.7583649573982,83.96715005209563,81.00063887809647,81.68789672851562,431400,0.0,0.0,0.0
2020-06-25 00:00:00-04:00,81.30244158147943,82.64273508051747,80.741796022188,82.63397979736328,446900,0.65,0.0,0.0
2020-06-26 00:00:00-04:00,82.1697229534545,82.25732259787844,80.47902375071706,80.79438781738281,410900,0.0,0.0,0.0
2020-06-29 00:00:00-04:00,81.53020976251216,82.78290370496117,80.8031202211879,82.67778015136719,503900,0.0,0.0,0.0
2020-06-30 00:00:00-04:00,82.5814276242277,84.17576493648322,82.27482558022152,83.83412170410156,384300,0.0,0.0,0.0
2020-07-01 00:00:00-04:00,83.89543245413748,84.5524396228347,82.94058524367367,83.3873519897461,371400,0.0,0.0,0.0
2020-07-02 00:00:00-04:00,84.65756790590352,85.38465748390763,83.60635905062314,83.70272064208984,402300,0.0,0.0,0.0
2020-07-06 00:00:00-04:00,85.16568432799382,85.5774100541158,84.1495096266353,84.6663589477539,330700,0.0,0.0,0.0
2020-07-07 00:00:00-04:00,83.99178743386322,83.99178743386322,83.05445754758425,83.22090148925781,484100,0.0,0.0,0.0
2020-07-08 00:00:00-04:00,83.27347143018095,83.7640413567576,82.6164642223474,83.51875305175781,252500,0.0,0.0,0.0
2020-07-09 00:00:00-04:00,83.5800768770685,83.5800768770685,81.10096817228883,81.98573303222656,343100,0.0,0.0,0.0
2020-07-10 00:00:00-04:00,81.93318358733148,83.70272686823412,81.90690436650816,83.65016174316406,381400,0.0,0.0,0.0
2020-07-13 00:00:00-04:00,84.27211322824283,85.27952551385508,83.55378568851816,83.66767120361328,1853300,0.0,0.0,0.0
2020-07-14 00:00:00-04:00,83.42239670382128,85.09557155551849,83.17710840305418,84.99044799804688,476200,0.0,0.0,0.0
2020-07-15 00:00:00-04:00,86.57601746415612,87.31186221040397,85.9452895768455,86.9789810180664,676100,0.0,0.0,0.0
2020-07-16 00:00:00-04:00,86.61982091301206,87.71483283806066,86.2518985102171,87.19799041748047,316800,0.0,0.0,0.0
2020-07-17 00:00:00-04:00,87.41699981689453,87.84624265459807,86.9439538253053,87.41699981689453,318900,0.0,0.0,0.0
2020-07-20 00:00:00-04:00,87.16295940217292,87.41700300043124,86.33075291542093,86.57603454589844,462400,0.0,0.0,0.0
2020-07-21 00:00:00-04:00,87.11039902991772,88.02144983964038,87.03155468848576,87.4870834350586,398900,0.0,0.0,0.0
2020-07-22 00:00:00-04:00,87.11915810535122,88.32805571481488,86.96147609904827,88.29301452636719,313000,0.0,0.0,0.0
2020-07-23 00:00:00-04:00,88.15284074963718,89.23909743006111,88.05647916212502,88.4944839477539,318900,0.0,0.0,0.0
2020-07-24 00:00:00-04:00,88.34557049687321,88.5645729059797,87.72360445702157,87.8988037109375,324100,0.0,0.0,0.0
2020-07-27 00:00:00-04:00,87.9075478185645,88.2229117582795,87.23302347626517,88.17911529541016,292300,0.0,0.0,0.0
2020-07-28 00:00:00-04:00,87.9250899571661,88.38937399693566,87.58344673230083,87.60972595214844,218600,0.0,0.0,0.0
2020-07-29 00:00:00-04:00,87.91633325042172,89.25662701023988,87.91633325042172,89.06390380859375,238200,0.0,0.0,0.0
2020-07-30 00:00:00-04:00,87.92509035872436,88.5470564038433,87.4257651290698,88.4244155883789,299400,0.0,0.0,0.0
2020-07-31 00:00:00-04:00,88.28426064014646,88.38938421511278,87.08413157221125,88.3455810546875,252400,0.0,0.0,0.0
2020-08-03 00:00:00-04:00,88.47697556609015,88.81861879845366,87.78492713341389,88.5645751953125,404900,0.0,0.0,0.0
2020-08-04 00:00:00-04:00,88.3105384959373,89.2478686370822,88.3105384959373,89.03762817382812,279500,0.0,0.0,0.0
2020-08-05 00:00:00-04:00,89.69460465497129,89.86104858472031,89.29164112074555,89.56320190429688,276200,0.0,0.0,0.0
2020-08-06 00:00:00-04:00,89.35297409843834,89.72089650541052,88.98505169146617,89.33545684814453,336000,0.0,0.0,0.0
2020-08-07 00:00:00-04:00,89.04637196446325,90.36914825439453,89.04637196446325,90.36914825439453,231600,0.0,0.0,0.0
2020-08-10 00:00:00-04:00,90.57063566702953,91.69192693096532,90.57063566702953,91.54300689697266,387400,0.0,0.0,0.0
2020-08-11 00:00:00-04:00,92.54166622770859,93.03222953190331,90.98236999644071,91.12252807617188,389900,0.0,0.0,0.0
2020-08-12 00:00:00-04:00,91.91969005813719,92.12117521224164,91.17508321487155,91.4729232788086,259100,0.0,0.0,0.0
2020-08-13 00:00:00-04:00,91.10500086844613,91.55176764790946,90.6757580241744,90.96483612060547,190500,0.0,0.0,0.0
2020-08-14 00:00:00-04:00,90.69327139987125,91.57804295338852,90.50054822153851,91.17507934570312,201500,0.0,0.0,0.0
2020-08-17 00:00:00-04:00,91.34151021858548,91.77075969784097,90.79838859054982,90.9911117553711,243800,0.0,0.0,0.0
2020-08-18 00:00:00-04:00,91.1049965157329,91.18383417005938,90.4742685474302,90.61443328857422,432400,0.0,0.0,0.0
2020-08-19 00:00:00-04:00,90.66698938034527,91.06995297558055,90.09758183016102,90.20270538330078,274100,0.0,0.0,0.0
2020-08-20 00:00:00-04:00,89.49314256161536,90.03626422783496,89.26537819777529,89.65081787109375,195200,0.0,0.0,0.0
2020-08-21 00:00:00-04:00,89.44058944940834,89.65959187542717,89.09018423109346,89.38803100585938,230700,0.0,0.0,0.0
2020-08-24 00:00:00-04:00,89.93114948442664,91.09623718261719,89.58949958886488,91.09623718261719,491500,0.0,0.0,0.0
2020-08-25 00:00:00-04:00,91.42914109782315,91.55178192960366,90.36917008976346,90.87725067138672,368100,0.0,0.0,0.0
2020-08-26 00:00:00-04:00,90.81591300426201,90.81591300426201,90.22022621301623,90.43047332763672,350000,0.0,0.0,0.0
2020-08-27 00:00:00-04:00,90.60567410202891,91.52548686460263,90.60567410202891,91.07872009277344,230200,0.0,0.0,0.0
2020-08-28 00:00:00-04:00,91.49045604434635,91.84961654925439,90.92104839744835,91.79705810546875,217200,0.0,0.0,0.0
2020-08-31 00:00:00-04:00,91.62183879693993,91.74448628693268,90.88599395751953,90.88599395751953,241900,0.0,0.0,0.0
2020-09-01 00:00:00-04:00,90.65825107560003,91.32402038574219,90.1852049881378,91.32402038574219,212000,0.0,0.0,0.0
2020-09-02 00:00:00-04:00,91.52549521889225,93.24247340678613,91.15756607022507,92.96215057373047,334800,0.0,0.0,0.0
2020-09-03 00:00:00-04:00,92.99718454536405,93.72426745117335,90.59691337248317,91.1488037109375,395400,0.0,0.0,0.0
2020-09-04 00:00:00-04:00,92.12992705373989,92.25256786176918,89.95742701143004,91.2276382446289,362200,0.0,0.0,0.0
2020-09-08 00:00:00-04:00,90.35164221819316,90.53560345785482,89.2653920339618,89.49315643310547,401800,0.0,0.0,0.0
2020-09-09 00:00:00-04:00,90.1939485353853,91.26268132765082,90.05379047333336,90.57063293457031,267500,0.0,0.0,0.0
2020-09-10 00:00:00-04:00,90.9298041121471,91.25392340443203,89.19530206885148,89.23910522460938,387500,0.0,0.0,0.0
2020-09-11 00:00:00-04:00,89.60703166777957,89.98371610045311,88.9149832131736,89.77347564697266,361400,0.0,0.0,0.0
2020-09-14 00:00:00-04:00,90.56186970296515,91.51672363877071,90.30782611790538,91.26268005371094,256000,0.0,0.0,0.0
2020-09-15 00:00:00-04:00,91.6743856025586,91.9547083449215,91.03489579597561,91.20133972167969,239700,0.0,0.0,0.0
2020-09-16 00:00:00-04:00,91.56052271602152,93.11106348909058,91.42912661950976,91.99852752685547,297400,0.0,0.0,0.0
2020-09-17 00:00:00-04:00,90.95606164855126,91.91967069469447,90.5180569290842,91.70066833496094,1115000,0.0,0.0,0.0
2020-09-18 00:00:00-04:00,91.82333279043097,91.93721164081441,90.19395427934565,90.46551513671875,230200,0.0,0.0,0.0
2020-09-21 00:00:00-04:00,88.89744573508125,88.89744573508125,87.03154124925582,87.86375427246094,515000,0.0,0.0,0.0
2020-09-22 00:00:00-04:00,88.08278230622342,88.7485448986432,87.67105665778617,88.32806396484375,431200,0.0,0.0,0.0
2020-09-23 00:00:00-04:00,88.47696285848613,89.02884645840305,86.14677429199219,86.14677429199219,2178600,0.0,0.0,0.0
2020-09-24 00:00:00-04:00,86.05043398410172,87.45204813829997,85.05177679809802,86.36579132080078,1452300,0.0,0.0,0.0
2020-09-25 00:00:00-04:00,86.0078178986344,87.93869098010954,85.89319528523542,87.74472045898438,550900,0.634,0.0,0.0
2020-09-28 00:00:00-04:00,88.7674819077104,89.86958115332328,88.60877934727495,89.42874145507812,404800,0.0,0.0,0.0
2020-09-29 00:00:00-04:00,89.41112006463517,89.58745327147959,88.33547001351457,88.82920837402344,400400,0.0,0.0,0.0
2020-09-30 00:00:00-04:00,89.23479777626116,90.15174543186534,88.68815396426193,89.37586975097656,409000,0.0,0.0,0.0
2020-10-01 00:00:00-04:00,89.71087867867237,90.09000108859293,88.91736587573632,89.63153076171875,259200,0.0,0.0,0.0
2020-10-02 00:00:00-04:00,88.16794669054336,91.01577432838734,88.16794669054336,90.66310119628906,331700,0.0,0.0,0.0
2020-10-05 00:00:00-04:00,91.30673195172328,92.38238207788797,91.30673195172328,92.23249816894531,331900,0.0,0.0,0.0
2020-10-06 00:00:00-04:00,92.72621813425162,93.59908555758058,91.27144582204981,91.3684310913086,314700,0.0,0.0,0.0
2020-10-07 00:00:00-04:00,92.28537468876193,93.21995936113038,92.11786018869361,92.97308349609375,277300,0.0,0.0,0.0
2020-10-08 00:00:00-04:00,93.49327272935533,94.51601720799762,93.39628746931004,94.45429992675781,345000,0.0,0.0,0.0
2020-10-09 00:00:00-04:00,95.04504816844187,95.22138136919413,94.11928204779142,94.27798461914062,179200,0.0,0.0,0.0
2020-10-12 00:00:00-04:00,94.63066149242819,94.97451595617977,94.27798835028584,94.74527740478516,229600,0.0,0.0,0.0
2020-10-13 00:00:00-04:00,94.23390541714873,94.3661586915251,93.28169664033706,93.6520004272461,413500,0.0,0.0,0.0
2020-10-14 00:00:00-04:00,93.61672161617977,94.39259708857999,93.50210571253389,93.51091766357422,250800,0.0,0.0,0.0
2020-10-15 00:00:00-04:00,92.55872157749243,94.21627670019448,92.40883094259127,94.09284210205078,237600,0.0,0.0,0.0
2020-10-16 00:00:00-04:00,94.30442208258611,94.58655920436347,93.7842344970227,93.90766906738281,221000,0.0,0.0,0.0
2020-10-19 00:00:00-04:00,94.10165365371952,94.5072254064282,92.75267840186692,92.85848236083984,280200,0.0,0.0,0.0
2020-10-20 00:00:00-04:00,93.49327669613464,94.4631226110574,93.33457414811606,93.46682739257812,238100,0.0,0.0,0.0
2020-10-21 00:00:00-04:00,93.44036943757595,93.9605569638364,93.25521087646484,93.25521087646484,165700,0.0,0.0,0.0
2020-10-22 00:00:00-04:00,93.58145443123867,94.56011913948807,93.18470137726956,94.44550323486328,244600,0.0,0.0,0.0
2020-10-23 00:00:00-04:00,94.85990237158191,95.22139422661964,94.30444666019856,95.080322265625,254200,0.0,0.0,0.0
2020-10-26 00:00:00-04:00,94.03991134710034,94.08399127327115,91.95032911825467,92.8320083618164,1052600,0.0,0.0,0.0
2020-10-27 00:00:00-04:00,92.79676192219604,92.92019650680848,91.57122802734375,91.57122802734375,209100,0.0,0.0,0.0
2020-10-28 00:00:00-04:00,89.93128913687575,90.58372993930053,88.86445798470844,88.89090728759766,548000,0.0,0.0,0.0
2020-10-29 00:00:00-04:00,88.76749098261224,90.64546586752142,88.22966595763569,89.9665756225586,345300,0.0,0.0,0.0
2020-10-30 00:00:00-04:00,89.49928339488147,90.20462292314402,88.63523456891036,89.82550048828125,352600,0.0,0.0,0.0
2020-11-02 00:00:00-05:00,90.96286152672945,92.32064860161879,90.55728981241393,92.22366333007812,335900,0.0,0.0,0.0
2020-11-03 00:00:00-05:00,93.45803127980231,94.4807827754448,93.43158196986002,93.9870376586914,303400,0.0,0.0,0.0
2020-11-04 00:00:00-05:00,94.03993054072326,94.9039726088253,92.75267266291546,93.08771514892578,403500,0.0,0.0,0.0
2020-11-05 00:00:00-05:00,94.41905554221194,95.92673342451153,94.41905554221194,95.39772033691406,312900,0.0,0.0,0.0
2020-11-06 00:00:00-05:00,95.38006962539258,95.70629339717134,94.44549169364727,94.70999145507812,326600,0.0,0.0,0.0
2020-11-09 00:00:00-05:00,100.0529894113852,102.10729746823326,98.95970202323302,99.06550598144531,696200,0.0,0.0,0.0
2020-11-10 00:00:00-05:00,99.06549966043491,100.37038142839086,98.93324640277827,100.11470031738281,500700,0.0,0.0,0.0
2020-11-11 00:00:00-05:00,100.76714236528493,100.76714236528493,99.12721809543265,99.61214447021484,394800,0.0,0.0,0.0
2020-11-12 00:00:00-05:00,99.03024214323442,99.1360461058783,97.11699922385314,97.8840560913086,309600,0.0,0.0,0.0
2020-11-13 00:00:00-05:00,98.62463919000902,100.40562827458282,98.35132078129034,100.14994049072266,263300,0.0,0.0,0.0
2020-11-16 00:00:00-05:00,102.27481545002789,102.75092315673828,101.32260003660711,102.75092315673828,1526500,0.0,0.0,0.0
2020-11-17 00:00:00-05:00,101.87806265458187,102.67156877447098,100.94347786787546,102.23954772949219,399300,0.0,0.0,0.0
2020-11-18 00:00:00-05:00,102.56577518097976,102.91844831714052,100.92585081551073,100.9434814453125,359300,0.0,0.0,0.0
2020-11-19 00:00:00-05:00,100.68776147436462,101.17268772274852,99.8501689289871,101.11978912353516,350200,0.0,0.0,0.0
2020-11-20 00:00:00-05:00,101.08454023038982,101.31377874805214,100.44091133618856,100.66133117675781,375900,0.0,0.0,0.0
2020-11-23 00:00:00-05:00,101.39312919401443,102.63630035467781,101.39312919401443,102.34534454345703,438700,0.0,0.0,0.0
2020-11-24 00:00:00-05:00,103.54443886221377,104.83169007813989,103.4210042748428,104.54955291748047,807100,0.0,0.0,0.0
2020-11-25 00:00:00-05:00,104.22333111304093,104.23214979136138,103.26230370321247,103.85302734375,814600,0.0,0.0,0.0
2020-11-27 00:00:00-05:00,104.01171898468512,104.01171898468512,103.20938750889512,103.5003433227539,242600,0.0,0.0,0.0
2020-11-30 00:00:00-05:00,103.18294115822265,103.27992643228626,101.79870474175493,101.87805938720703,414100,0.0,0.0,0.0
2020-12-01 00:00:00-05:00,103.24464224250526,103.74719916255057,102.94487451640204,103.006591796875,593900,0.0,0.0,0.0
2020-12-02 00:00:00-05:00,102.73328691894174,103.52679977209462,102.41588850436099,103.39454650878906,352300,0.0,0.0,0.0
2020-12-03 00:00:00-05:00,103.53562308994576,104.43493321270047,103.42981912922374,103.86184692382812,338000,0.0,0.0,0.0
2020-12-04 00:00:00-05:00,104.3732074911459,105.41358947753906,104.3732074911459,105.41358947753906,246600,0.0,0.0,0.0
2020-12-07 00:00:00-05:00,105.14028427231969,105.22845088025169,104.46139399189425,104.76116180419922,296700,0.0,0.0,0.0
2020-12-08 00:00:00-05:00,104.18806571564227,105.23726648138783,104.18806571564227,105.02566528320312,206400,0.0,0.0,0.0
2020-12-09 00:00:00-05:00,105.51057946993913,105.69573134952374,104.18806027860869,104.74352264404297,271100,0.0,0.0,0.0
2020-12-10 00:00:00-05:00,104.27622377428236,104.93748335025695,104.05580391562415,104.80523681640625,246600,0.0,0.0,0.0
2020-12-11 00:00:00-05:00,104.09988936739136,104.54954775729523,103.30637654011399,103.96763610839844,390100,0.0,0.0,0.0
2020-12-14 00:00:00-05:00,105.14027329536977,105.32542517070087,103.05950927734375,103.05950927734375,334400,0.0,0.0,0.0
2020-12-15 00:00:00-05:00,103.9059285425024,105.02566528320312,103.33283551768302,105.02566528320312,480300,0.0,0.0,0.0
2020-12-16 00:00:00-05:00,105.0961827084367,105.12263874107927,104.26740863933114,104.6641616821289,322500,0.0,0.0,0.0
2020-12-17 00:00:00-05:00,105.21080738834449,105.31660461425781,104.69061302977671,105.31660461425781,357700,0.0,0.0,0.0
2020-12-18 00:00:00-05:00,105.3430766226338,105.413605875045,103.80894934743944,104.48784637451172,238600,0.0,0.0,0.0
2020-12-21 00:00:00-05:00,103.01542153313875,103.97645561121206,102.16901008621964,103.76485443115234,339300,0.0,0.0,0.0
2020-12-22 00:00:00-05:00,103.98528362221238,103.98528362221238,103.32402398932908,103.37692260742188,821800,0.0,0.0,0.0
2020-12-23 00:00:00-05:00,103.91473896225845,104.84931701275463,103.91473896225845,104.29386138916016,327400,0.0,0.0,0.0
2020-12-24 00:00:00-05:00,104.54141534969183,104.55915832519531,103.7251030856468,104.55915832519531,131600,0.749,0.0,0.0
2020-12-28 00:00:00-05:00,105.21576559875395,105.46420787802133,104.36396059717534,104.42607116699219,284800,0.0,0.0,0.0
2020-12-29 00:00:00-05:00,104.91408745597874,105.09155107344219,103.52103021422857,103.85820770263672,281900,0.0,0.0,0.0
2020-12-30 00:00:00-05:00,104.16874917750884,105.10040768149602,104.11550671332095,104.76323699951172,376400,0.0,0.0,0.0
2020-12-31 00:00:00-05:00,104.74550292988225,105.60617606782223,104.2486115826329,105.55294036865234,305800,0.0,0.0,0.0
2021-01-04 00:00:00-05:00,105.98770613877933,106.19178758564763,103.1039886523713,103.6452407836914,752800,0.0,0.0,0.0
2021-01-05 00:00:00-05:00,103.61863991105491,105.29563227477477,103.53878635542313,104.71888732910156,405800,0.0,0.0,0.0
2021-01-06 00:00:00-05:00,105.35772887773898,108.73833777819888,105.35772887773898,108.05511474609375,602400,0.0,0.0,0.0
2021-01-07 00:00:00-05:00,108.95128954702223,109.22634967824946,108.50764068011662,108.64960479736328,357400,0.0,0.0,0.0
2021-01-08 00:00:00-05:00,109.06663325532698,109.07550812792923,107.40739086455488,108.53425598144531,390200,0.0,0.0,0.0
2021-01-11 00:00:00-05:00,107.52273067241966,108.70283818450233,107.22992082003032,108.56086730957031,268200,0.0,0.0,0.0
2021-01-12 00:00:00-05:00,108.50764217498649,109.74098550041181,108.48102432573256,109.66112518310547,284500,0.0,0.0,0.0
2021-01-13 00:00:00-05:00,109.61676036804442,109.96280593484029,109.10212606938336,109.45704650878906,337000,0.0,0.0,0.0
2021-01-14 00:00:00-05:00,109.83858798772837,110.87672471827801,109.7232417186266,110.23786926269531,276600,0.0,0.0,0.0
2021-01-15 00:00:00-05:00,109.36832526266348,109.90070257190814,108.26807115140711,109.55465698242188,305900,0.0,0.0,0.0
2021-01-19 00:00:00-05:00,110.30885205373768,110.30885205373768,109.28845832391828,109.74098205566406,362500,0.0,0.0,0.0
2021-01-20 00:00:00-05:00,110.16687259016241,110.52178621235237,109.70547405004602,110.44193267822266,500000,0.0,0.0,0.0
2021-01-21 00:00:00-05:00,110.39758715793053,110.4330798811528,109.44817881275503,109.55465698242188,365100,0.0,0.0,0.0
2021-01-22 00:00:00-05:00,108.72057127022387,109.42153716996927,108.24142976522538,109.20858764648438,320900,0.0,0.0,0.0
2021-01-25 00:00:00-05:00,108.76494236999427,109.7054756678456,108.072851319157,108.9690170288086,340100,0.0,0.0,0.0
2021-01-26 00:00:00-05:00,109.45704339330761,109.46591826566484,108.15271470810481,108.51651000976562,237300,0.0,0.0,0.0
2021-01-27 00:00:00-05:00,107.00810332212596,107.67357660991225,105.89010630317259,106.27164459228516,275000,0.0,0.0,0.0
2021-01-28 00:00:00-05:00,106.97260913903307,107.99300285360118,106.97260913903307,107.26541900634766,366900,0.0,0.0,0.0
2021-01-29 00:00:00-05:00,106.96374486116406,107.4251367056233,104.81647919361346,105.27787780761719,343500,0.0,0.0,0.0
2021-02-01 00:00:00-05:00,106.31601931654451,107.0968389228805,105.58843541054775,106.91050720214844,363300,0.0,0.0,0.0
2021-02-02 00:00:00-05:00,107.73570590418748,108.65849650264754,107.38078540177277,107.85105895996094,347300,0.0,0.0,0.0
2021-02-03 00:00:00-05:00,107.9486493748053,108.77382979776392,107.58485404165411,108.6673583984375,264900,0.0,0.0,0.0
2021-02-04 00:00:00-05:00,108.77382882094469,109.95393646287607,108.66735742257441,109.945068359375,344700,0.0,0.0,0.0
2021-02-05 00:00:00-05:00,110.58392164972425,111.13404871914261,110.45083239623548,110.81462097167969,318300,0.0,0.0,0.0
2021-02-08 00:00:00-05:00,111.38247066547963,112.06569363308647,111.30261712797798,112.012451171875,277800,0.0,0.0,0.0
2021-02-09 00:00:00-05:00,111.96809764513183,112.1721723228466,111.46233823271398,111.95034790039062,298500,0.0,0.0,0.0
2021-02-10 00:00:00-05:00,112.53596896000113,113.05060325089438,111.85274593978735,112.74004364013672,285600,0.0,0.0,0.0
2021-02-11 00:00:00-05:00,112.9441102357144,113.04171351147986,111.59541411761543,112.64242553710938,262300,0.0,0.0,0.0
2021-02-12 00:00:00-05:00,112.40287974564335,113.3167953491211,112.40287974564335,113.3167953491211,226200,0.0,0.0,0.0
2021-02-16 00:00:00-05:00,113.99114851851934,114.07100207048583,113.44102144997431,113.70720672607422,247100,0.0,0.0,0.0
2021-02-17 00:00:00-05:00,113.25469038653762,113.67172143469308,112.72231306168713,113.48538970947266,226000,0.0,0.0,0.0
2021-02-18 00:00:00-05:00,113.06835728828904,113.23694603410337,112.46499452224,112.85540771484375,206600,0.0,0.0,0.0
2021-02-19 00:00:00-05:00,113.51200756539168,114.7009901348381,113.46763996767508,114.4081802368164,204400,0.0,0.0,0.0
2021-02-22 00:00:00-05:00,114.07986865757611,115.6592574371129,114.07986865757611,115.01152038574219,402200,0.0,0.0,0.0
2021-02-23 00:00:00-05:00,114.92281270863229,115.66813959738278,113.21032094616902,115.33984375,445100,0.0,0.0,0.0
2021-02-24 00:00:00-05:00,115.39306883554596,117.55807739435419,115.39306883554596,117.29188537597656,387100,0.0,0.0,0.0
2021-02-25 00:00:00-05:00,117.1942714469613,117.3273606745225,113.56522065565167,114.05323028564453,408800,0.0,0.0,0.0
2021-02-26 00:00:00-05:00,114.05324857892916,114.46141150739518,112.28753469433617,113.18370056152344,309100,0.0,0.0,0.0
2021-03-01 00:00:00-05:00,114.94054923464309,116.45783440581549,114.94054923464309,115.74799346923828,314900,0.0,0.0,0.0
2021-03-02 00:00:00-05:00,115.7746137943557,116.15615889079595,115.11802208373628,115.48180389404297,331900,0.0,0.0,0.0
2021-03-03 00:00:00-05:00,115.68588991938624,116.75951266085937,115.15350583100813,115.4285659790039,446100,0.0,0.0,0.0
2021-03-04 00:00:00-05:00,115.2866001646935,115.74799882568419,111.79952620330614,113.66285705566406,448100,0.0,0.0,0.0
2021-03-05 00:00:00-05:00,114.85182335311565,116.72402215413749,112.37626180906956,116.40459442138672,513900,0.0,0.0,0.0
2021-03-08 00:00:00-05:00,117.096680114022,119.19957135856313,116.68851720937882,118.08158111572266,472900,0.0,0.0,0.0
2021-03-09 00:00:00-05:00,118.61393735350092,118.74704011772091,117.34510827694298,117.56693267822266,527100,0.0,0.0,0.0
2021-03-10 00:00:00-05:00,118.07274339131727,119.91831119237808,118.01062603674424,119.38594055175781,407300,0.0,0.0,0.0
2021-03-11 00:00:00-05:00,120.13124691314606,120.96530899968573,119.5012595267949,120.20223236083984,520100,0.0,0.0,0.0
2021-03-12 00:00:00-05:00,120.2643207127034,121.6041488647461,120.25545261003982,121.6041488647461,483500,0.0,0.0,0.0
2021-03-15 00:00:00-04:00,121.77275969241644,122.61568992745339,121.17827176793584,122.56245422363281,341400,0.0,0.0,0.0
2021-03-16 00:00:00-04:00,122.70441203371104,122.70441203371104,120.84996280206735,121.1605224609375,335400,0.0,0.0,0.0
2021-03-17 00:00:00-04:00,120.93868910778193,122.18978221647339,120.29983362841136,122.18090057373047,249400,0.0,0.0,0.0
2021-03-18 00:00:00-04:00,122.03005353359791,123.02382264085345,120.84107784611878,121.19599151611328,433500,0.0,0.0,0.0
2021-03-19 00:00:00-04:00,121.08952643302369,121.67514620421164,119.78519764223664,120.94755554199219,469400,0.0,0.0,0.0
2021-03-22 00:00:00-04:00,121.15162945023764,121.15162945023764,119.88280015998163,120.63700866699219,349500,0.0,0.0,0.0
2021-03-23 00:00:00-04:00,119.91828875209814,120.04250989890662,117.80652925635417,118.205810546875,293900,0.0,0.0,0.0
2021-03-24 00:00:00-04:00,118.80030564052338,119.77633866688697,117.72666931152344,117.72666931152344,476200,0.0,0.0,0.0
2021-03-25 00:00:00-04:00,117.28382684266727,119.91230757220958,116.46409804270091,119.72518920898438,466000,0.553,0.0,0.0
2021-03-26 00:00:00-04:00,120.40233990897497,121.06167945244503,119.08363363053272,121.04386901855469,302500,0.0,0.0,0.0
2021-03-29 00:00:00-04:00,120.61623331237729,120.92809280388315,119.45792913423041,120.08163452148438,468200,0.0,0.0,0.0
2021-03-30 00:00:00-04:00,120.3221898257662,120.99044846658317,119.91233213968896,120.86570739746094,333000,0.0,0.0,0.0
2021-03-31 00:00:00-04:00,120.94588921639628,121.12408877265705,120.05487783933775,120.17070007324219,483600,0.0,0.0,0.0
2021-04-01 00:00:00-04:00,120.37564834880826,121.39140082435611,119.98360114846429,121.34684753417969,819800,0.0,0.0,0.0
2021-04-05 00:00:00-04:00,122.39824723258374,122.51408307995604,121.8280004078964,122.27350616455078,604500,0.0,0.0,0.0
2021-04-06 00:00:00-04:00,122.22002035869268,122.76353780427986,122.01509156320189,122.55860900878906,598700,0.0,0.0,0.0
2021-04-07 00:00:00-04:00,122.5853406922416,122.8971865009999,121.70323457906002,122.11310577392578,526200,0.0,0.0,0.0
2021-04-08 00:00:00-04:00,122.23788359537973,122.23788359537973,120.99937801504734,121.81910705566406,410300,0.0,0.0,0.0
2021-04-09 00:00:00-04:00,122.05070692216411,122.3269182110429,121.6230253650535,122.22000122070312,698900,0.0,0.0,0.0
2021-04-12 00:00:00-04:00,122.42493976892875,122.62096333071989,122.02398742735691,122.57642364501953,372400,0.0,0.0,0.0
2021-04-13 00:00:00-04:00,122.2824001023322,122.3358586069334,121.2488236941959,122.11310577392578,297000,0.0,0.0,0.0
2021-04-14 00:00:00-04:00,122.25565406600266,123.36049926475776,122.1398182581001,122.7991714477539,338700,0.0,0.0,0.0
2021-04-15 00:00:00-04:00,123.29818074775649,123.30708596864723,122.4160744323189,123.22689819335938,273200,0.0,0.0,0.0
2021-04-16 00:00:00-04:00,123.9307549489214,124.23369551937259,123.44069602863091,123.8772964477539,285000,0.0,0.0,0.0
2021-04-19 00:00:00-04:00,123.8416571653115,123.99312744464962,122.9506459251443,123.30704498291016,280300,0.0,0.0,0.0
2021-04-20 00:00:00-04:00,123.2268818192966,123.2268818192966,121.63196376757341,122.13984680175781,346900,0.0,0.0,0.0
2021-04-21 00:00:00-04:00,122.06855859123786,123.95749835894254,121.78342842477055,123.94859313964844,290300,0.0,0.0,0.0
2021-04-22 00:00:00-04:00,124.18023460228459,124.18023460228459,122.62988371557694,122.86154174804688,282000,0.0,0.0,0.0
2021-04-23 00:00:00-04:00,123.20015176977795,124.6435859068777,122.95066966202627,124.21590423583984,224500,0.0,0.0,0.0
2021-04-26 00:00:00-04:00,124.91088457920883,125.276202499338,124.6346732332712,124.87523651123047,370700,0.0,0.0,0.0
2021-04-27 00:00:00-04:00,124.92872295782155,125.31185136017727,124.60795828795716,125.1247329711914,417900,0.0,0.0,0.0
2021-04-28 00:00:00-04:00,125.12470197288458,125.48111462652311,124.91086797645404,125.25836181640625,272000,0.0,0.0,0.0
2021-04-29 00:00:00-04:00,126.086998169884,126.44341083037959,125.26726944437337,126.27411651611328,378300,0.0,0.0,0.0
2021-04-30 00:00:00-04:00,125.66823268550553,126.09592791517775,125.22272701807913,125.57913970947266,337300,0.0,0.0,0.0
2021-05-03 00:00:00-04:00,126.45234503133456,127.19188617614365,125.89100345974015,126.47016906738281,553900,0.0,0.0,0.0
2021-05-04 00:00:00-04:00,125.9712113627012,126.53253936767578,125.2405754001141,126.53253936767578,596800,0.0,0.0,0.0
2021-05-05 00:00:00-04:00,126.93351562173915,126.95132606438695,126.4612669764176,126.75530242919922,299600,0.0,0.0,0.0
2021-05-06 00:00:00-04:00,126.90675644059576,127.51265130662043,125.95338124278922,127.49482727050781,392300,0.0,0.0,0.0
2021-05-07 00:00:00-04:00,127.53045364855888,129.1253579175505,126.96020695176394,129.0718994140625,229400,0.0,0.0,0.0
2021-05-10 00:00:00-04:00,129.56199777685802,130.5777504394497,128.9293735696723,129.0006561279297,424100,0.0,0.0,0.0
2021-05-11 00:00:00-04:00,127.57496939241011,128.22541731810475,126.1226304691528,127.19184112548828,397400,0.0,0.0,0.0
2021-05-12 00:00:00-04:00,126.91566751757158,127.28098545894599,123.91296341410354,124.03770446777344,385400,0.0,0.0,0.0
2021-05-13 00:00:00-04:00,124.20697523925327,126.58598747904821,124.10896344811657,126.1226577758789,609000,0.0,0.0,0.0
2021-05-14 00:00:00-04:00,126.93349290533051,128.30564451032245,126.78200899963004,128.091796875,415400,0.0,0.0,0.0
2021-05-17 00:00:00-04:00,127.97592911676638,128.51052762129254,127.35221046786016,128.27886962890625,302800,0.0,0.0,0.0
2021-05-18 00:00:00-04:00,128.42146334889964,128.57293363879756,127.08494639547295,127.12948608398438,256700,0.0,0.0,0.0
2021-05-19 00:00:00-04:00,125.6236801619283,126.14046831483947,124.27824448246477,126.10482025146484,405200,0.0,0.0,0.0
2021-05-20 00:00:00-04:00,126.3721663154016,127.17407125019,125.87320203635488,126.76421356201172,322000,0.0,0.0,0.0
2021-05-21 00:00:00-04:00,127.3879326260419,127.94927429828478,126.61275686590336,126.96025085449219,286100,0.0,0.0,0.0
2021-05-24 00:00:00-04:00,127.66412064975981,128.1987329630095,127.16515640846325,127.75322723388672,296300,0.0,0.0,0.0
2021-05-25 00:00:00-04:00,128.20761925205147,128.35908954609647,126.58598570728721,126.62162017822266,330000,0.0,0.0,0.0
2021-05-26 00:00:00-04:00,126.95130555442893,127.53937636498478,126.77310598643624,127.47701263427734,364600,0.0,0.0,0.0
2021-05-27 00:00:00-04:00,128.2254180908203,128.51945340234096,127.86010025568093,128.2254180908203,291300,0.0,0.0,0.0
2021-05-28 00:00:00-04:00,128.84023702282929,128.84023702282929,127.77993142022255,128.3769073486328,533500,0.0,0.0,0.0
2021-06-01 00:00:00-04:00,129.36592931615223,129.6599646686735,128.88477561357087,129.4193878173828,474600,0.0,0.0,0.0
2021-06-02 00:00:00-04:00,129.72236325775344,129.79364581047278,128.88481025799737,129.63327026367188,380300,0.0,0.0,0.0
2021-06-03 00:00:00-04:00,129.1342452593994,129.63322294630302,128.43925761875911,129.3391876220703,451300,0.0,0.0,0.0
2021-06-04 00:00:00-04:00,129.95402558388898,129.95402558388898,128.98281276939576,129.6421661376953,320400,0.0,0.0,0.0
2021-06-07 00:00:00-04:00,129.99857975136402,130.01640378918216,129.20558001542182,129.4105224609375,314600,0.0,0.0,0.0
2021-06-08 00:00:00-04:00,129.5263456646625,129.91839292498562,128.73334592292065,129.8292999267578,353700,0.0,0.0,0.0
2021-06-09 00:00:00-04:00,129.93616015960964,129.93616015960964,129.02732496214793,129.06297302246094,223600,0.0,0.0,0.0
2021-06-10 00:00:00-04:00,129.67777533117936,129.77578711552385,128.43927019941856,128.6263885498047,202900,0.0,0.0,0.0
2021-06-11 00:00:00-04:00,128.84915133267984,129.21446924764498,128.58184520963815,129.1610107421875,233900,0.0,0.0,0.0
2021-06-14 00:00:00-04:00,129.16994266441765,129.18776670183962,127.66413100254951,128.15419006347656,277200,0.0,0.0,0.0
2021-06-15 00:00:00-04:00,128.27891257863243,128.71551305989718,127.64628850135131,128.35910034179688,515500,0.0,0.0,0.0
2021-06-16 00:00:00-04:00,128.24327404788966,128.35910988935768,126.87112236946695,127.3790054321289,291800,0.0,0.0,0.0
2021-06-17 00:00:00-04:00,127.24533149882265,127.50373240959176,124.26935678777085,125.16927337646484,378100,0.0,0.0,0.0
2021-06-18 00:00:00-04:00,123.97532810002906,124.08224511949851,122.56752842874184,122.62098693847656,386100,0.0,0.0,0.0
2021-06-21 00:00:00-04:00,123.40506606243773,125.24054718017578,123.40506606243773,125.24054718017578,259800,0.0,0.0,0.0
2021-06-22 00:00:00-04:00,125.15144305395435,125.70386566461596,124.47426581946348,125.27618408203125,245300,0.0,0.0,0.0
2021-06-23 00:00:00-04:00,125.51674541357623,125.64148643975389,125.05342937106047,125.09796905517578,230200,0.0,0.0,0.0
2021-06-24 00:00:00-04:00,125.73373376155945,125.96653593025516,125.05322565567137,125.83222961425781,426500,0.69,0.0,0.0
2021-06-25 00:00:00-04:00,126.18142851319398,126.95148320341815,126.01129808607821,126.82612609863281,350900,0.0,0.0,0.0
2021-06-28 00:00:00-04:00,126.82613298361629,126.82613298361629,125.47406601839644,125.98444366455078,455300,0.0,0.0,0.0
2021-06-29 00:00:00-04:00,126.39637267852412,126.74558284372357,125.53677106877711,125.70690155029297,352600,0.0,0.0,0.0
2021-06-30 00:00:00-04:00,125.56361671740908,125.96654937129627,125.42036118602638,125.80538177490234,501300,0.0,0.0,0.0
2021-07-01 00:00:00-04:00,126.31578023646566,127.20222939212606,126.13668690211924,126.94256591796875,376500,0.0,0.0,0.0
2021-07-02 00:00:00-04:00,126.96939526493027,127.13952569204602,126.38736940043425,126.82612609863281,281200,0.0,0.0,0.0
2021-07-06 00:00:00-04:00,126.76347705170879,127.02314050703134,124.50703509906603,125.36662292480469,363500,0.0,0.0,0.0
2021-07-07 00:00:00-04:00,125.22338685937082,125.85017259283178,124.54286492340957,125.7337646484375,256400,0.0,0.0,0.0
2021-07-08 00:00:00-04:00,123.74594144117958,125.09802236852303,123.0922944762944,124.16678619384766,368400,0.0,0.0,0.0
2021-07-09 00:00:00-04:00,125.4740731446043,126.59333801269533,125.33975316269265,126.59333801269531,238400,0.0,0.0,0.0
2021-07-12 00:00:00-04:00,126.10980297582356,127.08579862329557,125.47406820698976,126.95149230957031,288800,0.0,0.0,0.0
2021-07-13 00:00:00-04:00,126.60227992890468,126.60227992890468,124.93681335449219,124.93681335449219,1752400,0.0,0.0,0.0
2021-07-14 00:00:00-04:00,125.50989201684104,126.12772845148145,124.41748833937,124.82938385009766,242500,0.0,0.0,0.0
2021-07-15 00:00:00-04:00,124.13994530953772,125.22340006967141,124.05936149164256,124.74883270263672,224000,0.0,0.0,0.0
2021-07-16 00:00:00-04:00,125.25020774571519,125.26810614454017,123.5668291789751,123.71904754638672,233400,0.0,0.0,0.0
2021-07-19 00:00:00-04:00,121.87453405224133,121.95511785723467,120.15534456453244,121.03284454345703,598000,0.0,0.0,0.0
2021-07-20 00:00:00-04:00,121.48056033219792,124.3190151049029,121.34625397974526,123.8802719116211,265900,0.0,0.0,0.0
2021-07-21 00:00:00-04:00,124.66819386185244,125.83223205369939,124.62342053468502,125.12486267089844,288600,0.0,0.0,0.0
2021-07-22 00:00:00-04:00,125.05322914213787,125.05322914213787,123.78174588461084,124.30108642578125,175100,0.0,0.0,0.0
2021-07-23 00:00:00-04:00,124.82044284148483,125.2144263564945,124.22051836650358,125.14279174804688,226400,0.0,0.0,0.0
2021-07-26 00:00:00-04:00,125.11589738216982,126.04713338275448,125.11589738216982,125.83222961425781,248200,0.0,0.0,0.0
2021-07-27 00:00:00-04:00,125.25918167221731,125.96655112664068,124.56971062015221,125.82329559326172,238100,0.0,0.0,0.0
2021-07-28 00:00:00-04:00,126.06502671089243,126.31575459550129,124.82040480208939,125.66209411621094,202200,0.0,0.0,0.0
2021-07-29 00:00:00-04:00,126.4948577791246,127.488765651247,126.33367651350596,127.02314758300781,195500,0.0,0.0,0.0
2021-07-30 00:00:00-04:00,126.48586512926795,127.6499031943007,126.26201218071934,126.29783630371094,198700,0.0,0.0,0.0
2021-08-02 00:00:00-04:00,127.07686330123605,128.1155444504799,126.14564087760849,126.30680847167969,258900,0.0,0.0,0.0
2021-08-03 00:00:00-04:00,126.5037906757426,127.31861877441406,125.044264923496,127.31861877441406,204000,0.0,0.0,0.0
2021-08-04 00:00:00-04:00,126.63808188982244,127.02311606115428,125.6441879272461,125.6441879272461,251400,0.0,0.0,0.0
2021-08-05 00:00:00-04:00,126.27096362930837,126.92461035437543,126.27096362930837,126.87983703613281,175000,0.0,0.0,0.0
2021-08-06 00:00:00-04:00,127.64994321050787,128.18719592060452,127.4708635281103,127.88275909423828,276400,0.0,0.0,0.0
2021-08-09 00:00:00-04:00,127.58724800131617,127.90063397214105,126.96044873386347,127.5693359375,189700,0.0,0.0,0.0
2021-08-10 00:00:00-04:00,127.86480076767609,128.9751025945938,127.55140118968536,128.616943359375,178200,0.0,0.0,0.0
2021-08-11 00:00:00-04:00,128.95721701930825,129.834716796875,128.4378765125727,129.834716796875,223600,0.0,0.0,0.0
2021-08-12 00:00:00-04:00,129.87056764067194,129.87056764067194,128.80503869661902,129.76312255859375,208400,0.0,0.0,0.0
2021-08-13 00:00:00-04:00,129.90638269698107,129.91533189889387,129.41390333370285,129.63775634765625,206400,0.0,0.0,0.0
2021-08-16 00:00:00-04:00,129.0199148390668,129.65566338571466,128.35731868772177,129.46762084960938,300600,0.0,0.0,0.0
2021-08-17 00:00:00-04:00,128.5811473405822,128.8945332908669,127.13953371315091,128.28565979003906,398500,0.0,0.0,0.0
2021-08-18 00:00:00-04:00,127.99018788570275,128.68860812221945,127.09477592474263,127.1395492553711,273400,0.0,0.0,0.0
2021-08-19 00:00:00-04:00,126.16352571178801,127.11267376099909,125.58151346747337,126.31575775146484,290600,0.0,0.0,0.0
2021-08-20 00:00:00-04:00,126.33365856806945,127.47083547856302,125.97549928208613,127.30965423583984,296100,0.0,0.0,0.0
2021-08-23 00:00:00-04:00,128.01703248028565,128.4915996647611,127.91853663089073,128.0707550048828,305300,0.0,0.0,0.0
2021-08-24 00:00:00-04:00,128.64381630066887,129.5123668709892,128.39310208066922,129.09152221679688,241900,0.0,0.0,0.0
2021-08-25 00:00:00-04:00,129.2974444821979,130.68533535479423,128.81392817412544,130.0943603515625,250100,0.0,0.0,0.0
2021-08-26 00:00:00-04:00,130.04066085098657,130.17498082798397,128.8587242982336,128.93035888671875,324200,0.0,0.0,0.0
2021-08-27 00:00:00-04:00,129.23482569640527,130.85551935696236,129.23482569640527,130.61375427246094,216600,0.0,0.0,0.0
2021-08-30 00:00:00-04:00,130.90926763667738,130.90926763667738,129.9153594970703,129.9153594970703,220700,0.0,0.0,0.0
2021-08-31 00:00:00-04:00,129.95111675239,130.53312894758412,129.79889838846074,130.45254516601562,175900,0.0,0.0,0.0
2021-09-01 00:00:00-04:00,130.6764060407084,130.6764060407084,129.62877582805737,130.34510803222656,250900,0.0,0.0,0.0
2021-09-02 00:00:00-04:00,130.69433208562,131.33901610915427,130.54210003326824,131.28529357910156,274800,0.0,0.0,0.0
2021-09-03 00:00:00-04:00,131.10620285060543,131.10620285060543,130.318236041984,130.5958251953125,172200,0.0,0.0,0.0
2021-09-07 00:00:00-04:00,130.43468364593463,130.43468364593463,129.13633878694594,129.27064514160156,230200,0.0,0.0,0.0
2021-09-08 00:00:00-04:00,128.9393038448614,129.3690976987322,128.51845919066906,129.09152221679688,240200,0.0,0.0,0.0
2021-09-09 00:00:00-04:00,128.9034976238994,129.88844247404342,128.57218594429307,128.93035888671875,345000,0.0,0.0,0.0
2021-09-10 00:00:00-04:00,129.36016048023197,129.74518104557004,127.80213882916043,127.89168548583984,182600,0.0,0.0,0.0
2021-09-13 00:00:00-04:00,128.8587348828526,129.15422246103773,128.07971720840018,128.6617431640625,236800,0.0,0.0,0.0
2021-09-14 00:00:00-04:00,129.16315527193922,129.16315527193922,127.01417236515711,127.40814208984375,181800,0.0,0.0,0.0
2021-09-15 00:00:00-04:00,127.24698393338666,128.71545888299661,127.1842985430424,128.47369384765625,186400,0.0,0.0,0.0
2021-09-16 00:00:00-04:00,128.55431299187032,128.822925673236,127.64098888651682,128.23196411132812,189900,0.0,0.0,0.0
2021-09-17 00:00:00-04:00,127.99018141409897,128.3393915147001,126.81719399061568,126.8530044555664,370200,0.0,0.0,0.0
2021-09-20 00:00:00-04:00,124.79354271068897,125.42929112337535,123.29820659011426,124.81145477294922,400900,0.0,0.0,0.0
2021-09-21 00:00:00-04:00,125.60838986776942,125.80538159390238,124.16677605174313,124.34585571289062,333900,0.0,0.0,0.0
2021-09-22 00:00:00-04:00,125.42035548656523,126.68287592298555,125.42035548656523,125.8411865234375,199800,0.0,0.0,0.0
2021-09-23 00:00:00-04:00,126.63809960816033,128.50055801661193,126.58437707973695,127.6767807006836,277000,0.0,0.0,0.0
2021-09-24 00:00:00-04:00,127.10499719308777,128.20181602444632,126.97013432279877,127.77027130126953,136700,0.574,0.0,0.0
2021-09-27 00:00:00-04:00,128.06693560971866,129.4694214726024,128.06693560971866,128.67828369140625,238800,0.0,0.0,0.0
2021-09-28 00:00:00-04:00,128.57041490835917,128.831141573486,127.06903482497461,127.23985290527344,497100,0.0,0.0,0.0
2021-09-29 00:00:00-04:00,127.73432364969509,128.345658133143,127.21288403362969,127.7433090209961,258600,0.0,0.0,0.0
2021-09-30 00:00:00-04:00,128.20180188422466,128.20180188422466,125.51369476318358,125.5136947631836,299500,0.0,0.0,0.0
2021-10-01 00:00:00-04:00,126.32284119189603,128.0849479923404,125.35188606325826,127.30279541015625,306300,0.0,0.0,0.0
2021-10-04 00:00:00-04:00,127.15893744460202,128.28272611161367,126.64648322774549,127.11398315429688,375000,0.0,0.0,0.0
2021-10-05 00:00:00-04:00,127.81520868346612,128.5614059023607,126.88920804609464,127.8961181640625,215600,0.0,0.0,0.0
2021-10-06 00:00:00-04:00,126.79936355200402,128.00407587261924,125.666589096877,127.90518188476562,235700,0.0,0.0,0.0
2021-10-07 00:00:00-04:00,128.84913650384487,129.7661382966073,128.75024253974794,128.903076171875,174800,0.0,0.0,0.0
2021-10-08 00:00:00-04:00,129.10085215274043,129.42450384909475,128.65133666992188,128.65133666992188,168300,0.0,0.0,0.0
2021-10-11 00:00:00-04:00,128.9389994139097,129.69418201537215,128.1118927001953,128.1118927001953,168900,0.0,0.0,0.0
2021-10-12 00:00:00-04:00,128.3456628462501,129.0199361079381,128.0489809649324,128.30970764160156,309600,0.0,0.0,0.0
2021-10-13 00:00:00-04:00,128.42657866191112,128.7861855601699,127.01509346409148,128.39060974121094,352900,0.0,0.0,0.0
2021-10-14 00:00:00-04:00,129.62232716560132,130.71914645680508,129.34362965553183,130.61126708984375,194000,0.0,0.0,0.0
2021-10-15 00:00:00-04:00,131.26749095342134,131.8428701551988,130.70111083984375,130.70111083984375,216000,0.0,0.0,0.0
2021-10-18 00:00:00-04:00,130.18864368274646,131.2405080380694,129.93691616445315,130.76402282714844,272800,0.0,0.0,0.0
2021-10-19 00:00:00-04:00,131.51924637845892,131.51924637845892,130.85397218050295,131.32147216796875,278000,0.0,0.0,0.0
2021-10-20 00:00:00-04:00,131.40236923512947,132.8408105493321,131.22256578561962,132.8048553466797,238100,0.0,0.0,0.0
2021-10-21 00:00:00-04:00,132.51715764597412,132.6070662289721,131.6810654402129,132.22048950195312,209900,0.0,0.0,0.0
2021-10-22 00:00:00-04:00,132.47218921965623,133.02059853714096,132.02267383542682,132.59805297851562,217000,0.0,0.0,0.0
2021-10-25 00:00:00-04:00,132.98465503674103,133.11951790865376,132.39129132382132,132.74191284179688,233500,0.0,0.0,0.0
2021-10-26 00:00:00-04:00,133.02960602884446,133.02960602884446,132.1485595703125,132.1485595703125,239700,0.0,0.0,0.0
2021-10-27 00:00:00-04:00,132.14856945279027,132.24746340988702,130.13473510742188,130.13473510742188,300400,0.0,0.0,0.0
2021-10-28 00:00:00-04:00,130.55725716873584,131.7439707212656,130.55725716873584,131.7349853515625,174300,0.0,0.0,0.0
2021-10-29 00:00:00-04:00,131.50126956760323,131.92381523941202,130.4943455088915,130.9888153076172,200600,0.0,0.0,0.0
2021-11-01 00:00:00-04:00,131.3214604311192,132.3193716388649,131.25852167849166,132.175537109375,317500,0.0,0.0,0.0
2021-11-02 00:00:00-04:00,132.5621471369939,132.7149807941737,131.96878325514717,132.6071014404297,274200,0.0,0.0,0.0
2021-11-03 00:00:00-04:00,132.21148732395136,133.7758060919522,132.21148732395136,133.57801818847656,215300,0.0,0.0,0.0
2021-11-04 00:00:00-04:00,133.75781805029882,133.88368182931072,132.24745270215598,132.72393798828125,334700,0.0,0.0,0.0
2021-11-05 00:00:00-04:00,133.80281335326703,134.85467819702856,133.76684442359655,134.23434448242188,255600,0.0,0.0,0.0
2021-11-08 00:00:00-05:00,135.03442647854482,135.16029024467417,134.0724706341537,134.41409301757812,226300,0.0,0.0,0.0
2021-11-09 00:00:00-05:00,134.35119874572106,134.6748504638672,133.89268414277456,134.6748504638672,245400,0.0,0.0,0.0
2021-11-10 00:00:00-05:00,134.40513554623476,135.12436309545825,133.86571145478604,134.03652954101562,182100,0.0,0.0,0.0
2021-11-11 00:00:00-05:00,134.3421845930816,134.85463880524068,133.93762342029055,134.72877502441406,149200,0.0,0.0,0.0
2021-11-12 00:00:00-05:00,134.98948495793155,135.2142426842805,134.4590600160975,135.08837890625,239300,0.0,0.0,0.0
2021-11-15 00:00:00-05:00,135.3670962621069,135.618823829794,135.0883851453386,135.4749755859375,182200,0.0,0.0,0.0
2021-11-16 00:00:00-05:00,135.618823829794,136.12227896516816,135.39406609306457,135.4749755859375,204000,0.0,0.0,0.0
2021-11-17 00:00:00-05:00,135.21425723836595,135.21425723836595,134.21633227723783,134.6658477783203,220500,0.0,0.0,0.0
2021-11-18 00:00:00-05:00,134.81870374664524,134.90859862173875,133.47015715711467,134.11744689941406,183900,0.0,0.0,0.0
2021-11-19 00:00:00-05:00,133.80277909874152,133.8747032215421,133.01162746605905,133.27235412597656,178600,0.0,0.0,0.0
2021-11-22 00:00:00-05:00,133.73085081352585,135.142335958072,133.39821375928494,134.09945678710938,343600,0.0,0.0,0.0
2021-11-23 00:00:00-05:00,134.31521350661572,135.05242544322226,133.88368250754928,134.98948669433594,310200,0.0,0.0,0.0
2021-11-24 00:00:00-05:00,134.6298608256259,135.19625461322198,134.41408849746523,135.07937622070312,218300,0.0,0.0,0.0
2021-11-26 00:00:00-05:00,131.94176744450826,131.99572082070878,130.46735734518074,131.29446411132812,309400,0.0,0.0,0.0
2021-11-29 00:00:00-05:00,132.49024082578848,132.69702790579726,130.94390586275617,131.82496643066406,274700,0.0,0.0,0.0
2021-11-30 00:00:00-05:00,130.75505726281483,130.8179822928587,127.91411630534836,128.04896545410156,446500,0.0,0.0,0.0
2021-12-01 00:00:00-05:00,129.73917177528102,130.98882441634572,126.27791037976039,126.28689575195312,487900,0.0,0.0,0.0
2021-12-02 00:00:00-05:00,127.06004097543466,130.46736211032228,126.96114702597232,129.83804321289062,409800,0.0,0.0,0.0
2021-12-03 00:00:00-05:00,130.78204130540843,130.78204130540843,128.3816301698741,129.514404296875,672600,0.0,0.0,0.0
2021-12-06 00:00:00-05:00,130.88991469452498,132.55312746438813,130.53030779634452,131.4922637939453,259800,0.0,0.0,0.0
2021-12-07 00:00:00-05:00,133.09258499843293,134.099509362957,132.55317445991915,133.38926696777344,293900,0.0,0.0,0.0
2021-12-08 00:00:00-05:00,133.68588051129933,134.15338037989568,133.34425812720195,133.67689514160156,279600,0.0,0.0,0.0
2021-12-09 00:00:00-05:00,133.25438790160052,133.4881310440973,132.67002318629582,132.7059783935547,369100,0.0,0.0,0.0
2021-12-10 00:00:00-05:00,133.50611458017693,133.50611458017693,132.27444639775595,133.28135681152344,278800,0.0,0.0,0.0
2021-12-13 00:00:00-05:00,133.13752201137632,133.13752201137632,131.5822019360804,132.0676727294922,316100,0.0,0.0,0.0
2021-12-14 00:00:00-05:00,131.46529396248798,132.7419162845895,131.33044480520127,131.4922637939453,302700,0.0,0.0,0.0
2021-12-15 00:00:00-05:00,131.75302454765918,132.74195063260967,130.6292355524013,132.6071014404297,393500,0.0,0.0,0.0
2021-12-16 00:00:00-05:00,133.1824487674183,134.21632890669468,132.30140224849694,132.8138427734375,270800,0.0,0.0,0.0
2021-12-17 00:00:00-05:00,132.30137470913735,132.91270906330445,131.17758621857615,131.45628356933594,291100,0.0,0.0,0.0
2021-12-20 00:00:00-05:00,129.78412185196242,129.78412185196242,127.93212009919917,129.47845458984375,660000,0.0,0.0,0.0
2021-12-21 00:00:00-05:00,130.73707777314982,132.1305784751018,130.62919845004657,131.74398803710938,304500,0.0,0.0,0.0
2021-12-22 00:00:00-05:00,131.90580109028323,132.61602939178485,131.53719516709262,132.46319580078125,276700,0.0,0.0,0.0
2021-12-23 00:00:00-05:00,133.09256164863714,133.62300043792246,132.93972800363164,133.20045471191406,276000,0.0,0.0,0.0
2021-12-27 00:00:00-05:00,133.49521011069552,134.85159301757812,132.84414521156464,134.85159301757812,308300,0.856,0.0,0.0
2021-12-28 00:00:00-05:00,134.73403301491578,135.63828827004946,134.72499542958693,135.28562927246094,286800,0.0,0.0,0.0
2021-12-29 00:00:00-05:00,135.5479045580101,136.04524788157127,135.19524543727485,135.85536193847656,298900,0.0,0.0,0.0
2021-12-30 00:00:00-05:00,136.08139917490112,136.60586895902586,135.61118250674755,135.73777770996094,422000,0.0,0.0,0.0
2021-12-31 00:00:00-05:00,135.60215170463476,136.4883181714662,135.60215170463476,135.9367218017578,252600,0.0,0.0,0.0
2022-01-03 00:00:00-05:00,136.15371311932606,136.63296727513278,135.18615342502682,135.9457244873047,439600,0.0,0.0,0.0
2022-01-04 00:00:00-05:00,136.7143536100622,138.36914237517803,136.6148849805359,137.89892578125,938300,0.0,0.0,0.0
2022-01-05 00:00:00-05:00,138.17021618410251,138.91169837446145,136.171805848208,136.22605895996094,455300,0.0,0.0,0.0
2022-01-06 00:00:00-05:00,137.13031574410084,137.51011512609944,136.036174517852,136.8680877685547,410000,0.0,0.0,0.0
2022-01-07 00:00:00-05:00,136.97661570254587,137.7362007890878,136.71438768543936,137.21173095703125,379700,0.0,0.0,0.0
2022-01-10 00:00:00-05:00,136.8409852978702,137.15746644145125,135.18619609131218,136.5244903564453,683200,0.0,0.0,0.0
2022-01-11 00:00:00-05:00,136.9223673545197,137.67290108184017,135.77395899605645,137.627685546875,372900,0.0,0.0,0.0
2022-01-12 00:00:00-05:00,138.02551365535723,138.51380539400344,137.17551155675145,137.91700744628906,411700,0.0,0.0,0.0
2022-01-13 00:00:00-05:00,138.35109182330922,139.26438491321966,137.71811573139883,137.98939514160156,374100,0.0,0.0,0.0
2022-01-14 00:00:00-05:00,137.16650821229226,137.83564839903346,136.1537465472724,137.7994842529297,415100,0.0,0.0,0.0
2022-01-18 00:00:00-05:00,136.9765835231261,137.05797698324224,134.92393400835405,135.67445373535156,622700,0.0,0.0,0.0
2022-01-19 00:00:00-05:00,136.1808622024779,136.2531904888942,133.67607100167945,133.7484130859375,629300,0.0,0.0,0.0
2022-01-20 00:00:00-05:00,134.08300386867475,135.41226055187627,131.67768093737257,131.8404541015625,476900,0.0,0.0,0.0
2022-01-21 00:00:00-05:00,131.7771344727478,132.31969322733167,129.8601174561447,130.23086547851562,949100,0.0,0.0,0.0
2022-01-24 00:00:00-05:00,128.40424609258093,131.23456945345163,126.18882347942487,131.02658081054688,1213700,0.0,0.0,0.0
2022-01-25 00:00:00-05:00,129.19096622965566,131.34309852440126,127.28298675941846,130.29415893554688,573500,0.0,0.0,0.0
2022-01-26 00:00:00-05:00,131.53297538524367,132.51861030112676,128.1600933516516,129.34466552734375,819100,0.0,0.0,0.0
2022-01-27 00:00:00-05:00,130.8366939478666,132.274456479684,128.1420171741353,128.8111572265625,1185400,0.0,0.0,0.0
2022-01-28 00:00:00-05:00,128.57606987288125,130.60159301757812,127.22872443993505,130.60159301757812,625100,0.0,0.0,0.0
2022-01-31 00:00:00-05:00,129.9776768247156,132.38298571459663,129.59789121052384,132.26544189453125,748800,0.0,0.0,0.0
2022-02-01 00:00:00-05:00,132.3377974216287,133.49524335323125,131.45161710067995,133.3053436279297,587600,0.0,0.0,0.0
2022-02-02 00:00:00-05:00,133.26008182434708,134.47179425520596,132.82604320015952,134.23667907714844,600400,0.0,0.0,0.0
2022-02-03 00:00:00-05:00,133.8478629396919,134.32711710752017,132.59998630761996,132.68136596679688,559200,0.0,0.0,0.0
2022-02-04 00:00:00-05:00,132.50055405086687,133.49524059552922,131.05373976732957,132.34683227539062,544100,0.0,0.0,0.0
2022-02-07 00:00:00-05:00,132.71752382528186,133.74837407909533,132.3196493768209,132.90740966796875,511900,0.0,0.0,0.0
2022-02-08 00:00:00-05:00,133.06117193391182,134.39042842921714,132.85319706258653,134.24575805664062,380900,0.0,0.0,0.0
2022-02-09 00:00:00-05:00,135.3489646904708,136.44311998178745,135.27663638825916,136.28939819335938,283800,0.0,0.0,0.0
2022-02-10 00:00:00-05:00,134.92392559347803,136.8590311857773,133.4952007097671,134.19146728515625,579100,0.0,0.0,0.0
2022-02-11 00:00:00-05:00,134.31810755682045,135.32183172612307,132.44630582359588,133.0159912109375,775800,0.0,0.0,0.0
2022-02-14 00:00:00-05:00,133.04313955872908,133.5314315436642,130.90004426380384,131.64154052734375,510600,0.0,0.0,0.0
2022-02-15 00:00:00-05:00,132.72663430321282,133.8659913785888,132.57291250876213,133.63088989257812,354700,0.0,0.0,0.0
2022-02-16 00:00:00-05:00,133.2420337329743,134.47182158295936,132.97075436353722,134.0648956298828,314000,0.0,0.0,0.0
2022-02-17 00:00:00-05:00,133.18773610347017,133.2691295540187,131.4967833739191,131.8132781982422,288100,0.0,0.0,0.0
2022-02-18 00:00:00-05:00,131.32498575836146,132.7717996737986,130.9994533172801,131.46063232421875,474600,0.0,0.0,0.0
2022-02-22 00:00:00-05:00,131.37016729266008,131.84038376320032,129.30846696515448,130.24888610839844,598000,0.0,0.0,0.0
2022-02-23 00:00:00-05:00,131.08991948153624,131.27980540763275,127.80746763771633,128.05162048339844,533100,0.0,0.0,0.0
2022-02-24 00:00:00-05:00,125.73669360299479,128.74786520126423,124.78722284353037,128.42233276367188,1504100,0.0,0.0,0.0
2022-02-25 00:00:00-05:00,129.04631322723574,132.39205594084942,128.8021603698503,132.29258728027344,487600,0.0,0.0,0.0
2022-02-28 00:00:00-05:00,130.4117037145506,132.09361916631133,129.90532294160607,131.4696807861328,647600,0.0,0.0,0.0
2022-03-01 00:00:00-05:00,131.29786411103552,131.56914345504703,127.70796953974066,128.58509826660156,476300,0.0,0.0,0.0
2022-03-02 00:00:00-05:00,129.60691654935798,132.2111762838161,129.44414341703376,131.68670654296875,484300,0.0,0.0,0.0
2022-03-03 00:00:00-05:00,132.4462762338207,132.77180869702536,130.76436080690337,132.01223754882812,375200,0.0,0.0,0.0
2022-03-04 00:00:00-05:00,130.5111805786733,131.3430938720703,129.62501417016114,131.3430938720703,464400,0.0,0.0,0.0
2022-03-07 00:00:00-05:00,131.0175641320686,131.07181724832188,127.59044224292674,127.68991088867188,538600,0.0,0.0,0.0
2022-03-08 00:00:00-05:00,128.21434156475996,129.87818165581442,127.21966910152574,127.24679565429688,500300,0.0,0.0,0.0
2022-03-09 00:00:00-05:00,129.41699933725818,130.35743246862245,129.1547714012627,129.47125244140625,426100,0.0,0.0,0.0
2022-03-10 00:00:00-05:00,128.1420549504874,129.7968303988818,127.97024419518507,129.61598205566406,334500,0.0,0.0,0.0
2022-03-11 00:00:00-05:00,130.3665210914883,130.7824847158709,128.61226311543732,128.67556762695312,310400,0.0,0.0,0.0
2022-03-14 00:00:00-04:00,129.308524355347,130.16756424009722,127.91597708718633,128.53990173339844,337900,0.0,0.0,0.0
2022-03-15 00:00:00-04:00,129.0191566388681,130.23990697440183,128.57608031390643,130.11331176757812,478500,0.0,0.0,0.0
2022-03-16 00:00:00-04:00,131.00854035045705,132.4101253275014,129.51651050705587,131.98513793945312,449000,0.0,0.0,0.0
2022-03-17 00:00:00-04:00,131.52394364411714,133.52235412597656,131.25266426769682,133.52235412597656,308600,0.0,0.0,0.0
2022-03-18 00:00:00-04:00,133.18773374904586,134.1462557894257,132.45528929192795,134.00157165527344,306800,0.0,0.0,0.0
2022-03-21 00:00:00-04:00,134.40851756653515,135.3037353495364,133.48617322627706,134.1734161376953,461700,0.0,0.0,0.0
2022-03-22 00:00:00-04:00,134.6345588419837,135.43030784904892,134.34520434713065,134.83349609375,636400,0.0,0.0,0.0
2022-03-23 00:00:00-04:00,134.6391163405737,134.87530437827735,133.70341582357682,133.74884033203125,641600,0.686,0.0,0.0
2022-03-24 00:00:00-04:00,134.23028267688815,135.09330657941274,133.64888512559378,135.04788208007812,243900,0.0,0.0,0.0
2022-03-25 00:00:00-04:00,135.24777555996448,136.66493161020006,135.2386823406586,136.64675903320312,658800,0.0,0.0,0.0
2022-03-28 00:00:00-04:00,136.36516117615375,136.59226989746094,135.35679789908517,136.59226989746094,708800,0.0,0.0,0.0
2022-03-29 00:00:00-04:00,137.40980421536554,138.61802382298322,137.01010465952584,138.4181671142578,434200,0.0,0.0,0.0
2022-03-30 00:00:00-04:00,138.3001008450524,138.63621724135342,137.15546427539917,137.70960998535156,442400,0.0,0.0,0.0
2022-03-31 00:00:00-04:00,137.3644054067496,138.1819910225893,135.95632896914813,135.9654083251953,317900,0.0,0.0,0.0
2022-04-01 00:00:00-04:00,136.61950695151967,136.85569500576653,135.42038024169315,136.5831756591797,549300,0.0,0.0,0.0
2022-04-04 00:00:00-04:00,136.59223268924927,136.59223268924927,135.28408459300547,136.1470947265625,652200,0.0,0.0,0.0
2022-04-05 00:00:00-04:00,136.0199171888875,137.01012149895163,134.7935387200094,135.20233154296875,612200,0.0,0.0,0.0
2022-04-06 00:00:00-04:00,134.61186862893283,135.2386908896104,134.09406797551375,134.99342346191406,355800,0.0,0.0,0.0
2022-04-07 00:00:00-04:00,134.69363728357322,135.42946728434208,133.33098502685587,134.9843292236328,373500,0.0,0.0,0.0
2022-04-08 00:00:00-04:00,135.20234159146113,136.46506530293766,134.85713196073922,135.90184020996094,312400,0.0,0.0,0.0
2022-04-11 00:00:00-04:00,135.32045927775823,136.4469096030316,134.79356540945287,134.9570770263672,308000,0.0,0.0,0.0
2022-04-12 00:00:00-04:00,135.42035596820307,136.4377983107281,134.42107233778574,134.84803771972656,467100,0.0,0.0,0.0
2022-04-13 00:00:00-04:00,134.9388305423833,136.31057526495454,134.75714644700395,136.19247436523438,251200,0.0,0.0,0.0
2022-04-14 00:00:00-04:00,136.2379834766646,137.06466256496913,135.63841311405142,135.65658569335938,328700,0.0,0.0,0.0
2022-04-18 00:00:00-04:00,135.50212399935833,136.374213554136,135.26592210449533,135.76556396484375,483500,0.0,0.0,0.0
2022-04-19 00:00:00-04:00,136.00176273545074,137.99122305104095,135.91999307900775,137.7641143798828,314100,0.0,0.0,0.0
2022-04-20 00:00:00-04:00,138.34548591241656,139.753562180161,138.14564307219968,139.14491271972656,420600,0.0,0.0,0.0
2022-04-21 00:00:00-04:00,140.17149037180155,140.52577938417946,137.55519375017104,137.69146728515625,367700,0.0,0.0,0.0
2022-04-22 00:00:00-04:00,137.264465294986,137.264465294986,133.91233960605766,134.04859924316406,427800,0.0,0.0,0.0
2022-04-25 00:00:00-04:00,133.23105236754586,133.88512653872343,130.63292826026134,133.5762481689453,785500,0.0,0.0,0.0
2022-04-26 00:00:00-04:00,133.11291858280444,133.79424452130712,131.09619269590752,131.13253784179688,438400,0.0,0.0,0.0
2022-04-27 00:00:00-04:00,131.5140983660303,132.76772885440383,130.5511597801732,131.53225708007812,465400,0.0,0.0,0.0
2022-04-28 00:00:00-04:00,132.41344832540562,133.65801339786202,130.58749941078224,133.21287536621094,481800,0.0,0.0,0.0
2022-04-29 00:00:00-04:00,132.72230167240386,133.39453441038037,129.09764259906297,129.2611541748047,450300,0.0,0.0,0.0
2022-05-02 00:00:00-04:00,129.36109935631328,130.3603830989297,126.79932063864528,129.32476806640625,920700,0.0,0.0,0.0
2022-05-03 00:00:00-04:00,129.47012562505788,131.6140322089596,129.47012562505788,130.76010131835938,539600,0.0,0.0,0.0
2022-05-04 00:00:00-04:00,131.18706966404042,134.5028510602641,130.33313875456085,134.3574981689453,841100,0.0,0.0,0.0
2022-05-05 00:00:00-04:00,133.2400914714569,133.6398048843739,129.56092883552157,130.6328887939453,1093900,0.0,0.0,0.0
2022-05-06 00:00:00-04:00,130.19685261678222,130.6874011982489,128.3073069985781,130.18775939941406,661700,0.0,0.0,0.0
2022-05-09 00:00:00-04:00,128.47084521636296,128.8978106728631,126.15433374977204,126.57221984863281,632700,0.0,0.0,0.0
2022-05-10 00:00:00-04:00,128.03478273747382,128.41632362990717,124.4010441105513,125.89995574951172,767500,0.0,0.0,0.0
2022-05-11 00:00:00-04:00,126.21791609990751,128.38907442105906,124.83709151115106,124.99152374267578,694600,0.0,0.0,0.0
2022-05-12 00:00:00-04:00,124.59181377448914,126.02714226634964,123.22916172214717,125.20955657958984,767000,0.0,0.0,0.0
2022-05-13 00:00:00-04:00,126.34510383499872,128.31640553450686,126.34510383499872,127.74408721923828,404500,0.0,0.0,0.0
2022-05-16 00:00:00-04:00,127.48972698081816,128.62527039598496,126.66304804778939,127.7350082397461,434400,0.0,0.0,0.0
2022-05-17 00:00:00-04:00,129.55190797852893,130.5148468017578,128.8433298308089,130.5148468017578,439000,0.0,0.0,0.0
2022-05-18 00:00:00-04:00,129.44286465913683,129.47919594782087,125.30039080687264,125.75460815429688,420400,0.0,0.0,0.0
2022-05-19 00:00:00-04:00,124.56459233942203,126.64491607782502,124.03769842012383,125.2731704711914,487300,0.0,0.0,0.0
2022-05-20 00:00:00-04:00,126.31783702873753,126.56311825805969,122.48424181292562,125.01876831054688,894000,0.0,0.0,0.0
2022-05-23 00:00:00-04:00,126.34510128217498,127.41704758768991,125.27314111504644,126.98100280761719,711100,0.0,0.0,0.0
2022-05-24 00:00:00-04:00,126.18158440613365,126.84475177068671,123.96501520410226,126.53587341308594,727300,0.0,0.0,0.0
2022-05-25 00:00:00-04:00,126.13615185313654,128.47082160593956,126.09980670602918,128.1528778076172,387800,0.0,0.0,0.0
2022-05-26 00:00:00-04:00,129.16123024546062,131.15979753940582,129.11581960282663,130.60565185546875,454300,0.0,0.0,0.0
2022-05-27 00:00:00-04:00,131.1688977455944,133.24920729927936,131.09622129957023,133.23104858398438,371300,0.0,0.0,0.0
2022-05-31 00:00:00-04:00,132.47704532596487,133.14019883258683,131.56861054805518,132.10458374023438,697300,0.0,0.0,0.0
2022-06-01 00:00:00-04:00,132.57700372340824,132.67693212606815,129.35205675932983,130.91456604003906,420900,0.0,0.0,0.0
2022-06-02 00:00:00-04:00,130.9599332669285,132.27716064453125,129.83346938991573,132.27716064453125,361500,0.0,0.0,0.0
2022-06-03 00:00:00-04:00,131.3869108166487,131.84112815185208,130.7328367450268,130.9326934814453,1065600,0.0,0.0,0.0
2022-06-06 00:00:00-04:00,132.0409892389939,132.1136518168012,131.00537423507137,131.23248291015625,480500,0.0,0.0,0.0
2022-06-07 00:00:00-04:00,130.42399691726328,132.89492693477425,130.24229885957394,132.78591918945312,270000,0.0,0.0,0.0
2022-06-08 00:00:00-04:00,132.17724005797152,132.1954126320145,130.39670206529757,130.6692352294922,238800,0.0,0.0,0.0
2022-06-09 00:00:00-04:00,130.17869830865445,130.28770603947228,127.6350783171989,127.6714096069336,241700,0.0,0.0,0.0
2022-06-10 00:00:00-04:00,125.71826470661091,125.80911371195454,124.20118057633432,124.31018829345703,447000,0.0,0.0,0.0
2022-06-13 00:00:00-04:00,121.58489464337801,121.8210965323855,118.44171840276745,119.01402282714844,1228200,0.0,0.0,0.0
2022-06-14 00:00:00-04:00,119.7589527296471,120.2858465391261,117.31526107563457,118.37812805175781,1016300,0.0,0.0,0.0
2022-06-15 00:00:00-04:00,119.51367973458633,120.45845968643809,117.14266435877876,118.98678588867188,766800,0.0,0.0,0.0
2022-06-16 00:00:00-04:00,116.56126046087178,116.56126046087178,113.95405716618575,114.64446258544922,726600,0.0,0.0,0.0
2022-06-17 00:00:00-04:00,114.93516324164219,115.8981088040115,113.37266127012111,114.73531341552734,863000,0.0,0.0,0.0
2022-06-21 00:00:00-04:00,116.34325759732845,117.1426708373976,116.0343861450935,116.66120147705078,623500,0.0,0.0,0.0
2022-06-22 00:00:00-04:00,115.34396513767278,117.44244726183537,115.33487884924578,116.55218505859375,791700,0.0,0.0,0.0
2022-06-23 00:00:00-04:00,117.03768353032218,117.42096316213767,115.53193416260005,116.76390838623047,770500,0.582,0.0,0.0
2022-06-24 00:00:00-04:00,117.76772226388145,120.43243768611569,117.5760755241108,120.4233169555664,872800,0.0,0.0,0.0
2022-06-27 00:00:00-04:00,120.83398077030088,121.36327559819958,119.96703786719009,120.84310150146484,763500,0.0,0.0,0.0
2022-06-28 00:00:00-04:00,121.70090930571232,122.74124345158216,119.5289780139856,119.63849639892578,472500,0.0,0.0,0.0
2022-06-29 00:00:00-04:00,119.65674512243996,119.81188109201189,118.28788358821517,118.92669677734375,472400,0.0,0.0,0.0
2022-06-30 00:00:00-04:00,117.58521683851332,119.27347112118426,116.90078603951099,118.19664001464844,538900,0.0,0.0,0.0
2022-07-01 00:00:00-04:00,118.18751194610195,120.04917162102672,117.34794512350528,119.75714111328125,508700,0.0,0.0,0.0
2022-07-05 00:00:00-04:00,118.05973995467431,118.7259292602539,116.26197432214421,118.7259292602539,706900,0.0,0.0,0.0
2022-07-06 00:00:00-04:00,118.79893646902266,119.44687046225432,117.42095404792249,118.70768737792969,786300,0.0,0.0,0.0
2022-07-07 00:00:00-04:00,119.81190686924973,120.51459317360464,119.42862722817867,120.14043426513672,419300,0.0,0.0,0.0
2022-07-08 00:00:00-04:00,120.13128662169292,120.48719006044533,119.19133615717297,119.68412017822266,303700,0.0,0.0,0.0
2022-07-11 00:00:00-04:00,118.90845696628462,119.50162480556517,118.68031334736419,118.99058532714844,298300,0.0,0.0,0.0
2022-07-12 00:00:00-04:00,118.53429039245543,120.28643160101782,118.46128276816778,119.03620910644531,1090800,0.0,0.0,0.0
2022-07-13 00:00:00-04:00,117.64908644774299,118.9996926202885,116.94640028188397,118.31526184082031,436900,0.0,0.0,0.0
2022-07-14 00:00:00-04:00,116.32584782146203,117.19279062662241,115.75092155313999,117.02853393554688,381000,0.0,0.0,0.0
2022-07-15 00:00:00-04:00,118.48865717487296,119.2369748694252,117.53045126651378,119.21871948242188,326300,0.0,0.0,0.0
2022-07-18 00:00:00-04:00,120.1586739050878,120.51457737691607,118.59817942275643,118.87194061279297,673800,0.0,0.0,0.0
2022-07-19 00:00:00-04:00,120.1769228233703,122.30322280847022,120.11303593261373,122.01119232177734,383400,0.0,0.0,0.0
2022-07-20 00:00:00-04:00,121.85606030236077,122.65913024204984,121.22638172917551,122.26671600341797,504300,0.0,0.0,0.0
2022-07-21 00:00:00-04:00,121.66444614471548,122.70478057861328,120.7062400786769,122.70478057861328,314900,0.0,0.0,0.0
2022-07-22 00:00:00-04:00,122.94202608222746,123.48044164416423,121.5640437309705,122.26671600341797,444600,0.0,0.0,0.0
2022-07-25 00:00:00-04:00,122.44921497747328,123.32529244731023,121.99292781969504,122.99676513671875,704900,0.0,0.0,0.0
2022-07-26 00:00:00-04:00,122.71386151608071,122.91462896670653,121.99292005480304,122.39445495605469,290100,0.0,0.0,0.0
2022-07-27 00:00:00-04:00,122.97852571866673,124.75805700487454,122.38535790645133,124.37476348876953,273900,0.0,0.0,0.0
2022-07-28 00:00:00-04:00,124.68504223567453,125.94438541365169,123.56256572026925,125.88963317871094,307500,0.0,0.0,0.0
2022-07-29 00:00:00-04:00,126.13604601426007,127.45015549628675,125.92615778234183,127.18550109863281,543100,0.0,0.0,0.0
2022-08-01 00:00:00-04:00,126.6470927691067,126.97562015847954,125.94440647868488,126.72010040283203,373000,0.0,0.0,0.0
2022-08-02 00:00:00-04:00,126.55578887229503,127.14897048294137,125.54284483405802,125.57022094726562,464400,0.0,0.0,0.0
2022-08-03 00:00:00-04:00,126.52846145974532,126.72010825074099,125.5976454028611,126.4280776977539,334300,0.0,0.0,0.0
2022-08-04 00:00:00-04:00,126.23643491877873,126.501075402457,125.75277153755897,125.83489990234375,259700,0.0,0.0,0.0
2022-08-05 00:00:00-04:00,124.96793251567414,126.31853864175278,124.84929339538515,126.21815490722656,255000,0.0,0.0,0.0
2022-08-08 00:00:00-04:00,126.93907584864229,128.09803504820889,126.8569335884207,127.10333251953125,240800,0.0,0.0,0.0
2022-08-09 00:00:00-04:00,127.21289816250058,127.44104182055729,126.6562270798509,127.0577621459961,199500,0.0,0.0,0.0
2022-08-10 00:00:00-04:00,128.84638460124856,129.6038230409015,128.7642562453873,129.3939208984375,234500,0.0,0.0,0.0
2022-08-11 00:00:00-04:00,130.2425977986227,131.58408305726877,130.2425977986227,130.42510986328125,287000,0.0,0.0,0.0
2022-08-12 00:00:00-04:00,131.04567806652017,132.4601571242578,130.79927910091013,132.4236602783203,208600,0.0,0.0,0.0
2022-08-15 00:00:00-04:00,131.56585118874224,132.52405710543658,131.27383461805073,132.38717651367188,271400,0.0,0.0,0.0
2022-08-16 00:00:00-04:00,132.00390613256266,133.62828775505017,131.95828854383643,133.05337524414062,237600,0.0,0.0,0.0
2022-08-17 00:00:00-04:00,131.9491459597541,132.62445611468587,131.3012258511087,131.98565673828125,241600,0.0,0.0,0.0
2022-08-18 00:00:00-04:00,132.22289281371644,132.52404401062225,131.6844773062693,132.4236602783203,264800,0.0,0.0,0.0
2022-08-19 00:00:00-04:00,131.7027455728042,131.7027455728042,130.55289290401547,130.93617248535156,173900,0.0,0.0,0.0
2022-08-22 00:00:00-04:00,129.54907396258963,129.54907396258963,128.06157316563292,128.3170928955078,231200,0.0,0.0,0.0
2022-08-23 00:00:00-04:00,128.53615596296393,129.15670009388612,128.0433578121396,128.24412536621094,161800,0.0,0.0,0.0
2022-08-24 00:00:00-04:00,128.1802105068508,129.09278493643893,127.90643539301824,128.74600219726562,217200,0.0,0.0,0.0
2022-08-25 00:00:00-04:00,129.1931865934688,130.607666015625,128.9467875643779,130.607666015625,345000,0.0,0.0,0.0
2022-08-26 00:00:00-04:00,130.64416784969688,130.77192772181348,126.82959922544637,126.84785461425781,261900,0.0,0.0,0.0
2022-08-29 00:00:00-04:00,126.00828544054191,127.3315156470824,125.47899057296944,126.25468444824219,290300,0.0,0.0,0.0
2022-08-30 00:00:00-04:00,126.53756447868614,126.53756447868614,124.38388842564198,124.73979187011719,332200,0.0,0.0,0.0
2022-08-31 00:00:00-04:00,125.09570647925625,125.34210547812368,123.81809390253478,123.9276123046875,276400,0.0,0.0,0.0
2022-09-01 00:00:00-04:00,123.19755170709239,124.04623926829073,122.0933304871103,123.94586944580078,305800,0.0,0.0,0.0
2022-09-02 00:00:00-04:00,125.30560646508533,125.9626612405565,122.85991340899557,123.33444213867188,407300,0.0,0.0,0.0
2022-09-06 00:00:00-04:00,123.77246860655615,123.83634157278209,122.26671251262938,122.87813568115234,541900,0.0,0.0,0.0
2022-09-07 00:00:00-04:00,122.67740456532322,125.67066225373713,122.67740456532322,125.53376770019531,334900,0.0,0.0,0.0
2022-09-08 00:00:00-04:00,124.85844121636822,126.36418346825519,124.51165847420579,126.29117584228516,327900,0.0,0.0,0.0
2022-09-09 00:00:00-04:00,127.01210231262,128.33534637416426,126.84784559933576,127.94293212890625,234600,0.0,0.0,0.0
2022-09-12 00:00:00-04:00,128.69127086976152,129.57646932427528,128.5270002048583,129.22056579589844,257800,0.0,0.0,0.0
2022-09-13 00:00:00-04:00,126.83872374394042,127.27675556693069,124.15575271916138,124.6029052734375,315600,0.0,0.0,0.0
2022-09-14 00:00:00-04:00,124.65764630142203,124.71239852765885,123.17014583969254,124.11921691894531,292700,0.0,0.0,0.0
2022-09-15 00:00:00-04:00,123.73595415305559,124.77628836665444,122.86901129585316,123.13365173339844,315800,0.0,0.0,0.0
2022-09-16 00:00:00-04:00,122.10245880765777,122.17546643141031,120.8431016662921,121.84693908691406,478600,0.0,0.0,0.0
2022-09-19 00:00:00-04:00,120.71533524886856,123.1427863888591,120.71533524886856,123.13365173339844,418200,0.0,0.0,0.0
2022-09-20 00:00:00-04:00,122.24847182260216,122.24847182260216,120.085661042175,120.96173858642578,386400,0.0,0.0,0.0
2022-09-21 00:00:00-04:00,121.60055868293146,122.42187020731217,118.91758728027344,118.91758728027344,342900,0.0,0.0,0.0
2022-09-22 00:00:00-04:00,119.0453372153211,119.09096872392638,117.3844589153833,117.4757080078125,641700,0.0,0.0,0.0
2022-09-23 00:00:00-04:00,116.15804295729941,116.19474750109096,113.82736393228109,115.4239730834961,1135900,0.704,0.0,0.0
2022-09-26 00:00:00-04:00,114.68988659522392,115.451490063537,112.7354170567181,113.17585754394531,960100,0.0,0.0,0.0
2022-09-27 00:00:00-04:00,114.29532337801224,114.77247541433042,111.92793996943895,112.6069564819336,676800,0.0,0.0,0.0
2022-09-28 00:00:00-04:00,113.35020077387715,115.60747749114417,112.76294213201948,115.0936279296875,948400,0.0,0.0,0.0
2022-09-29 00:00:00-04:00,114.08429532181088,114.08429532181088,111.90959823122472,112.50603485107422,694500,0.0,0.0,0.0
2022-09-30 00:00:00-04:00,112.5152117227333,113.59797131493568,111.55173665315425,111.7352523803711,840000,0.0,0.0,0.0
2022-10-03 00:00:00-04:00,113.20338808197656,115.5157180779182,112.2582619361214,114.93763732910156,859100,0.0,0.0,0.0
2022-10-04 00:00:00-04:00,116.67188210064693,118.71811635642275,116.47918852509984,118.6630630493164,670700,0.0,0.0,0.0
2022-10-05 00:00:00-04:00,117.42429839194006,118.51623556810551,116.24060337759435,117.8555679321289,416000,0.0,0.0,0.0
2022-10-06 00:00:00-04:00,117.52525354842348,118.05745889881975,116.02040235126367,116.14886474609375,647200,0.0,0.0,0.0
2022-10-07 00:00:00-04:00,115.2588089763808,115.46985135753675,112.90977412125605,113.56126403808594,561000,0.0,0.0,0.0
2022-10-10 00:00:00-04:00,114.09345822862907,114.44214789004762,112.68954269897768,113.21257019042969,567300,0.0,0.0,0.0
2022-10-11 00:00:00-04:00,112.87305123146562,114.65317585549798,112.3316680360374,113.26761627197266,564100,0.0,0.0,0.0
2022-10-12 00:00:00-04:00,113.26763755703244,113.44197539791895,112.35921580426711,112.41427612304688,471100,0.0,0.0,0.0
2022-10-13 00:00:00-04:00,110.51484608730713,115.81852976823018,109.93675831541302,115.37808227539062,748400,0.0,0.0,0.0
2022-10-14 00:00:00-04:00,116.19475667419223,116.73613998701273,112.52438601338719,112.7537841796875,445000,0.0,0.0,0.0
2022-10-17 00:00:00-04:00,114.61647538506695,115.70840563148862,114.61647538506695,115.07527160644531,465000,0.0,0.0,0.0
2022-10-18 00:00:00-04:00,117.11233182694609,117.80053322361299,115.68088972349996,116.79117584228516,575800,0.0,0.0,0.0
2022-10-19 00:00:00-04:00,115.91029305833825,116.57096082825339,114.37791514797581,115.15786743164062,328700,0.0,0.0,0.0
2022-10-20 00:00:00-04:00,115.15787526195466,116.12135032537296,113.45115240718155,113.75395965576172,338200,0.0,0.0,0.0
2022-10-21 00:00:00-04:00,113.93745182507914,116.58929342198857,113.4236022978558,116.45166015625,470200,0.0,0.0,0.0
2022-10-24 00:00:00-04:00,117.07563645689868,117.97488728574321,116.28651326163364,117.59867095947266,387400,0.0,0.0,0.0
2022-10-25 00:00:00-04:00,117.31419334762197,120.07614858267011,117.31419334762197,120.0210952758789,552100,0.0,0.0,0.0
2022-10-26 00:00:00-04:00,120.222967745919,121.29654924142396,119.67240667067809,120.15872955322266,642600,0.0,0.0,0.0
2022-10-27 00:00:00-04:00,120.90199315092708,122.17744627549708,120.68177989286421,120.892822265625,632900,0.0,0.0,0.0
2022-10-28 00:00:00-04:00,121.05798041874525,123.60890063150914,120.74600230686922,123.48043823242188,472300,0.0,0.0,0.0
2022-10-31 00:00:00-04:00,122.89315926400361,123.7648833575311,122.6454193650175,122.9573974609375,550200,0.0,0.0,0.0
2022-11-01 00:00:00-04:00,124.09521695699091,124.18696780781946,122.9206996561205,123.68228912353516,561000,0.0,0.0,0.0
2022-11-02 00:00:00-04:00,123.15010870196927,124.9669381250966,121.05798469790061,121.12222290039062,572000,0.0,0.0,0.0
2022-11-03 00:00:00-04:00,119.86512438901634,121.79206042522608,119.15857417506356,121.02128601074219,320200,0.0,0.0,0.0
2022-11-04 00:00:00-04:00,122.38849933817693,123.70064996980435,120.93870142263289,122.73717498779297,464800,0.0,0.0,0.0
2022-11-07 00:00:00-05:00,123.33362025998795,123.60890083028947,122.3150919508183,123.50796508789062,490600,0.0,0.0,0.0
2022-11-08 00:00:00-05:00,123.7648870942311,124.98528686066511,122.81976789188802,124.00345611572266,472100,0.0,0.0,0.0
2022-11-09 00:00:00-05:00,123.31524709313962,124.09520626541253,121.7828694029553,121.99391174316406,350700,0.0,0.0,0.0
2022-11-10 00:00:00-05:00,125.73767856561018,127.95825037183414,125.43487141003216,127.80226135253906,1105900,0.0,0.0,0.0
2022-11-11 00:00:00-05:00,128.44457829903936,128.65563462883497,127.49945926136758,128.2610626220703,461200,0.0,0.0,0.0
2022-11-14 00:00:00-05:00,127.76559909863057,128.9217607380725,126.84800649551262,126.86634826660156,396300,0.0,0.0,0.0
2022-11-15 00:00:00-05:00,128.50883283309003,128.820810923756,126.58188297643474,127.64629364013672,465600,0.0,0.0,0.0
2022-11-16 00:00:00-05:00,127.07740080437121,127.35266737590291,126.2974415147606,126.50848388671875,447700,0.0,0.0,0.0
2022-11-17 00:00:00-05:00,125.0495087230121,125.9395745961861,124.47142094935143,125.85699462890625,325000,0.0,0.0,0.0
2022-11-18 00:00:00-05:00,127.05902332319143,127.49946376374007,126.13226002089446,127.26089477539062,1061300,0.0,0.0,0.0
2022-11-21 00:00:00-05:00,126.82045609876864,127.58204549560948,126.54517556909097,127.44441223144531,492100,0.0,0.0,0.0
2022-11-22 00:00:00-05:00,128.15098004216077,129.06857260038674,127.89405524596562,129.01351928710938,413800,0.0,0.0,0.0
2022-11-23 00:00:00-05:00,128.7015617390791,129.4723503360111,128.58228419539662,129.4264678955078,496500,0.0,0.0,0.0
2022-11-25 00:00:00-05:00,129.49069807659274,130.07795693856585,129.42647385801348,129.9862060546875,208300,0.0,0.0,0.0
2022-11-28 00:00:00-05:00,129.08690024993953,129.3530099034724,127.57287829502401,127.77474975585938,324000,0.0,0.0,0.0
2022-11-29 00:00:00-05:00,127.82982537821317,128.6648380209494,127.82065449251962,128.4079132080078,575400,0.0,0.0,0.0
2022-11-30 00:00:00-05:00,128.49049039675336,131.0046991561303,127.27927544791798,130.98634338378906,489600,0.0,0.0,0.0
2022-12-01 00:00:00-05:00,131.56444464155834,132.13334763008817,130.47250709800983,130.83953857421875,438800,0.0,0.0,0.0
2022-12-02 00:00:00-05:00,129.44477826800073,131.07809176726101,129.19702437726906,130.8211669921875,558600,0.0,0.0,0.0
2022-12-05 00:00:00-05:00,129.97700363423215,129.97700363423215,127.96748733166194,128.3895721435547,329400,0.0,0.0,0.0
2022-12-06 00:00:00-05:00,128.33447800997183,128.70150938197582,126.5727022219238,127.44441223144531,639700,0.0,0.0,0.0
2022-12-07 00:00:00-05:00,127.26093366585306,128.3436863300347,127.0131797167415,127.30681610107422,512700,0.0,0.0,0.0
2022-12-08 00:00:00-05:00,127.84815883264949,128.5730507137585,127.40771837325858,127.77474975585938,349900,0.0,0.0,0.0
2022-12-09 00:00:00-05:00,127.43522958916691,128.14176561514998,126.985604298802,127.05901336669922,585400,0.0,0.0,0.0
2022-12-12 00:00:00-05:00,127.19667273397631,128.77493301444207,126.71953469670132,128.7382354736328,563500,0.0,0.0,0.0
2022-12-13 00:00:00-05:00,131.58275348540226,131.6286359087845,128.25190236837057,129.197021484375,637400,0.0,0.0,0.0
2022-12-14 00:00:00-05:00,129.26128262543725,130.22475778647444,127.62796869586536,128.41709899902344,510800,0.0,0.0,0.0
2022-12-15 00:00:00-05:00,126.90305824198292,127.26091879271893,125.49914269668383,125.99463653564453,693900,0.0,0.0,0.0
2022-12-16 00:00:00-05:00,124.60906812041738,125.00362618686518,123.44372168931316,124.48977661132812,1173600,0.0,0.0,0.0
2022-12-19 00:00:00-05:00,124.45307550966561,124.98528084091485,122.83810374550228,123.47124481201172,563800,0.0,0.0,0.0
2022-12-20 00:00:00-05:00,123.44372086065121,124.25120676041793,123.13174276350524,123.7281723022461,418100,0.0,0.0,0.0
2022-12-21 00:00:00-05:00,124.72834170799455,125.86616144760168,124.53565512389963,125.47160339355469,626800,0.0,0.0,0.0
2022-12-22 00:00:00-05:00,124.59557377827952,124.74358586325825,122.4124449280758,124.40130615234375,434400,1.103,0.0,0.0
2022-12-23 00:00:00-05:00,124.30880516792953,125.38185746132058,123.91102446680678,125.37261199951172,383300,0.0,0.0,0.0
2022-12-27 00:00:00-05:00,125.49289322534672,125.98317096693906,124.96560540030718,125.75190734863281,501300,0.0,0.0,0.0
2022-12-28 00:00:00-05:00,125.87216873506672,126.20517479426434,123.85554264692233,123.88329315185547,567100,0.0,0.0,0.0
2022-12-29 00:00:00-05:00,124.61406168918788,126.12189048762475,124.46604962455378,125.77962493896484,738900,0.0,0.0,0.0
2022-12-30 00:00:00-05:00,125.09511816769235,125.40038785160564,124.05906162729215,125.10437774658203,418600,0.0,0.0,0.0
2023-01-03 00:00:00-05:00,125.80739670547533,126.35317540647372,124.01278893521365,124.9378433227539,565000,0.0,0.0,0.0
2023-01-04 00:00:00-05:00,125.73337489203422,127.39847540382323,125.65936885648716,126.84343719482422,413200,0.0,0.0,0.0
2023-01-05 00:00:00-05:00,126.17741307556048,126.232928195704,125.24311322368659,125.77040100097656,501700,0.0,0.0,0.0
2023-01-06 00:00:00-05:00,126.85268529577975,129.3133187078851,126.70467323807526,129.04505920410156,357900,0.0,0.0,0.0
2023-01-09 00:00:00-05:00,129.5076139609388,130.41416330640666,128.8970746789012,128.95257568359375,534600,0.0,0.0,0.0
2023-01-10 00:00:00-05:00,128.80459684577647,129.8314079307697,128.24955848597025,129.7666473388672,297000,0.0,0.0,0.0
2023-01-11 00:00:00-05:00,130.1551293382835,131.3114471435547,130.1551293382835,131.3114471435547,475900,0.0,0.0,0.0
2023-01-12 00:00:00-05:00,131.73699700424706,132.21801511656216,130.74718204714912,131.7277374267578,592800,0.0,0.0,0.0
2023-01-13 00:00:00-05:00,130.58071311955953,131.98678597440494,130.27544340213285,131.74627685546875,289800,0.0,0.0,0.0
2023-01-17 00:00:00-05:00,131.69998170287147,132.24577449034217,131.32072015150857,131.45947265625,365000,0.0,0.0,0.0
2023-01-18 00:00:00-05:00,131.97746904239196,132.00521953665685,129.0727996826172,129.0727996826172,488700,0.0,0.0,0.0
2023-01-19 00:00:00-05:00,128.31429029854948,128.45304279977464,127.28747944385735,127.78700256347656,425400,0.0,0.0,0.0
2023-01-20 00:00:00-05:00,128.21255035287808,129.90538754775136,127.45399894078359,129.85914611816406,288900,0.0,0.0,0.0
2023-01-23 00:00:00-05:00,130.14590941093587,131.7462496151474,129.8406397566278,131.12646484375,638300,0.0,0.0,0.0
2023-01-24 00:00:00-05:00,130.90443442025244,131.65374029155984,129.51685291186016,131.21896362304688,296800,0.0,0.0,0.0
2023-01-25 00:00:00-05:00,130.19217544888926,131.74626023403434,129.84989568544708,131.7370147705078,361800,0.0,0.0,0.0
2023-01-26 00:00:00-05:00,132.33827184581818,132.89331009684065,131.60748512667402,132.81005859375,374300,0.0,0.0,0.0
2023-01-27 00:00:00-05:00,132.56953586526768,133.6795982557381,132.2920167388478,133.13381958007812,314000,0.0,0.0,0.0
2023-01-30 00:00:00-05:00,132.38452948426064,133.42984542366418,131.88500634259012,131.9497528076172,444300,0.0,0.0,0.0
2023-01-31 00:00:00-05:00,132.33826818042763,134.068115234375,131.82024002193273,134.068115234375,418400,0.0,0.0,0.0
2023-02-01 00:00:00-05:00,133.25411121622423,135.65924458550208,132.53256979391966,134.8822021484375,342300,0.0,0.0,0.0
2023-02-02 00:00:00-05:00,135.48346898513674,136.6675374472848,134.7804186315298,136.093994140625,453600,0.0,0.0,0.0
2023-02-03 00:00:00-05:00,134.98393912678765,135.5019673429945,134.4011503259498,134.78042602539062,390600,0.0,0.0,0.0
2023-02-06 00:00:00-05:00,134.00336877964432,134.0958798573273,133.17082554133228,133.82760620117188,492300,0.0,0.0,0.0
2023-02-07 00:00:00-05:00,133.503853545494,135.01168257128828,132.5880446370889,134.66017150878906,307900,0.0,0.0,0.0
2023-02-08 00:00:00-05:00,134.05887412453197,134.61391237819922,133.4575944457334,133.68885803222656,252700,0.0,0.0,0.0
2023-02-09 00:00:00-05:00,134.48439429521002,134.5768912530892,131.8202334806297,132.04225158691406,313300,0.0,0.0,0.0
2023-02-10 00:00:00-05:00,131.74623717192486,133.1245732175201,131.74623717192486,132.96731567382812,264900,0.0,0.0,0.0
2023-02-13 00:00:00-05:00,133.02281976653896,134.4011417289511,132.79155617658157,134.33639526367188,220600,0.0,0.0,0.0
2023-02-14 00:00:00-05:00,134.03116333675237,134.90071693804853,132.83784908756112,133.7351531982422,343100,0.0,0.0,0.0
2023-02-15 00:00:00-05:00,133.0505659751368,134.51215351033343,132.86555793218218,134.4751434326172,327400,0.0,0.0,0.0
2023-02-16 00:00:00-05:00,133.20781946576358,134.34563230477525,132.78228827622289,133.4205780029297,317000,0.0,0.0,0.0
2023-02-17 00:00:00-05:00,132.85631997845246,133.44835428139035,132.23653517031522,133.235595703125,233700,0.0,0.0,0.0
2023-02-21 00:00:00-05:00,132.17178560639246,132.44004518878452,130.04415752784982,130.27542114257812,409200,0.0,0.0,0.0
2023-02-22 00:00:00-05:00,130.45118035347394,130.95070353759525,129.6001319672459,130.0996551513672,499900,0.0,0.0,0.0
2023-02-23 00:00:00-05:00,130.60845086920975,131.02472258313776,129.18385899372578,130.40493774414062,322300,0.0,0.0,0.0
2023-02-24 00:00:00-05:00,129.05435140399862,130.07191702523943,128.49932715940423,129.7666473388672,286700,0.0,0.0,0.0
2023-02-27 00:00:00-05:00,130.75644615197223,131.24672385875203,129.42436554667992,129.84063720703125,261400,0.0,0.0,0.0
2023-02-28 00:00:00-05:00,129.82211920078282,130.34014735883457,129.2948455810547,129.2948455810547,198600,0.0,0.0,0.0
2023-03-01 00:00:00-05:00,128.94332977487255,129.42436200589253,128.2957945303513,128.86932373046875,392800,0.0,0.0,0.0
2023-03-02 00:00:00-05:00,128.2773043042577,129.7481375542139,127.72228007994792,129.58163452148438,361900,0.0,0.0,0.0
2023-03-03 00:00:00-05:00,130.10885864514265,131.27443589079724,129.59083058716544,131.0709228515625,296200,0.0,0.0,0.0
2023-03-06 00:00:00-05:00,131.18194762726358,131.6537343525681,130.33089936766612,130.55291748046875,406000,0.0,0.0,0.0
2023-03-07 00:00:00-05:00,130.53440735029207,130.64540934475914,128.1570111239314,128.30502319335938,356700,0.0,0.0,0.0
2023-03-08 00:00:00-05:00,128.36056196415373,128.9896063867321,127.87954376977193,128.49932861328125,501600,0.0,0.0,0.0
2023-03-09 00:00:00-05:00,128.536305900156,129.00809267731486,125.21536399585764,125.50212860107422,547000,0.0,0.0,0.0
2023-03-10 00:00:00-05:00,124.96558211145911,125.23385576321651,121.66314559740482,122.37542724609375,515800,0.0,0.0,0.0
2023-03-13 00:00:00-04:00,120.23856693441203,122.21818278538662,119.22101556375236,120.4143295288086,601700,0.0,0.0,0.0
2023-03-14 00:00:00-04:00,122.60669597991017,123.16173422984441,120.61783479552906,121.8851547241211,377100,0.0,0.0,0.0
2023-03-15 00:00:00-04:00,119.58178755323631,119.85004712148934,118.10169485090128,119.6650390625,670700,0.0,0.0,0.0
2023-03-16 00:00:00-04:00,118.53646525886843,121.2283768371408,117.99993203564097,120.94161224365234,568000,0.0,0.0,0.0
2023-03-17 00:00:00-04:00,120.3033350096948,120.3033350096948,118.11095340488636,118.58273315429688,332800,0.0,0.0,0.0
2023-03-20 00:00:00-04:00,119.2395136082245,120.91387402861909,119.22102268207553,120.33108520507812,487800,0.0,0.0,0.0
2023-03-21 00:00:00-04:00,121.68165120514976,122.21818445820554,121.13587248944496,121.77416229248047,362400,0.0,0.0,0.0
2023-03-22 00:00:00-04:00,121.73716252544945,121.9314160414842,118.71223073887823,118.7307357788086,295700,0.0,0.0,0.0
2023-03-23 00:00:00-04:00,119.30177932858425,120.21325691598246,117.17188789031636,117.87874603271484,445100,0.694,0.0,0.0
2023-03-24 00:00:00-04:00,117.00450041325745,119.20879364013672,116.5394586899869,119.20879364013672,535200,0.0,0.0,0.0
2023-03-27 00:00:00-04:00,120.42720392421039,120.85504856558619,119.68313430857062,120.15748596191406,707900,0.0,0.0,0.0
2023-03-28 00:00:00-04:00,120.05516745472276,120.91084248310811,119.9435619876997,120.44580078125,377900,0.0,0.0,0.0
2023-03-29 00:00:00-04:00,121.59912435715007,122.34317981863234,121.42240621786615,122.25947570800781,599400,0.0,0.0,0.0
2023-03-30 00:00:00-04:00,123.12443274108742,123.56157303080049,122.41756034481351,122.87330627441406,440100,0.0,0.0,0.0
2023-03-31 00:00:00-04:00,123.39417887830021,124.7335014176267,123.39417887830021,124.69630432128906,355400,0.0,0.0,0.0
2023-04-03 00:00:00-04:00,124.71487829074758,125.30083536754955,124.13823113068611,124.54747009277344,432400,0.0,0.0,0.0
2023-04-04 00:00:00-04:00,124.78928838763869,124.78928838763869,122.35247441495586,122.98492431640625,464300,0.0,0.0,0.0
2023-04-05 00:00:00-04:00,122.5384929045077,123.18025274716693,122.31526777038151,123.15235137939453,370000,0.0,0.0,0.0
2023-04-06 00:00:00-04:00,123.19887272637203,123.477886436565,122.78963369549082,123.31047821044922,328900,0.0,0.0,0.0
2023-04-10 00:00:00-04:00,122.94774065471317,124.18475341796875,122.60361429968385,124.18475341796875,353200,0.0,0.0,0.0
2023-04-11 00:00:00-04:00,124.58467921182537,125.78449484759358,124.58467921182537,125.28224182128906,578500,0.0,0.0,0.0
2023-04-12 00:00:00-04:00,126.14722534209324,126.14722534209324,124.54748064132306,124.74279022216797,288500,0.0,0.0,0.0
2023-04-13 00:00:00-04:00,124.910202235772,125.45894803033376,124.14752704310277,125.1427230834961,365000,0.0,0.0,0.0
2023-04-14 00:00:00-04:00,125.26361708403165,125.69146166374334,123.82199926444385,124.51956176757812,246000,0.0,0.0,0.0
2023-04-17 00:00:00-04:00,124.40797058534291,125.57057502327694,124.09174558429254,125.561279296875,1125700,0.0,0.0,0.0
2023-04-18 00:00:00-04:00,125.8030581444587,126.05418460140928,125.1613126086097,125.6635513305664,275900,0.0,0.0,0.0
2023-04-19 00:00:00-04:00,125.15201384282193,125.97049173575994,124.91949300432324,125.75657653808594,282300,0.0,0.0,0.0
2023-04-20 00:00:00-04:00,125.07760886542485,125.71007294311482,124.90089075265932,125.3287353515625,252100,0.0,0.0,0.0
2023-04-21 00:00:00-04:00,125.514768556836,125.514768556836,124.40796689405077,125.2357406616211,245600,0.0,0.0,0.0
2023-04-24 00:00:00-04:00,125.1613497609153,125.74729274513594,125.00322306897387,125.45896911621094,311100,0.0,0.0,0.0
2023-04-25 00:00:00-04:00,124.76139781314659,124.9102145764597,123.66390611559478,123.70110321044922,281100,0.0,0.0,0.0
2023-04-26 00:00:00-04:00,123.27324974673584,123.68248872060201,122.16646240262081,122.30596923828125,323100,0.0,0.0,0.0
2023-04-27 00:00:00-04:00,122.73381873843124,124.38936614990234,122.46408658949147,124.38936614990234,287500,0.0,0.0,0.0
2023-04-28 00:00:00-04:00,124.09174113116268,125.59847188723137,124.09174113116268,125.5519790649414,265700,0.0,0.0,0.0
2023-05-01 00:00:00-04:00,125.31946563720703,126.1751408206646,125.17994458619661,125.31946563720703,392900,0.0,0.0,0.0
2023-05-02 00:00:00-04:00,124.8730072267646,124.8730072267646,121.96185548438555,123.37557220458984,484200,0.0,0.0,0.0
2023-05-03 00:00:00-04:00,123.71968436434554,124.63116202330875,122.7058827829047,122.79889678955078,469600,0.0,0.0,0.0
2023-05-04 00:00:00-04:00,122.33388491463722,122.48270168471302,120.94805535320944,121.50611114501953,615400,0.0,0.0,0.0
2023-05-05 00:00:00-04:00,122.65940711816486,124.04522234407946,122.65940711816486,123.80340576171875,475800,0.0,0.0,0.0
2023-05-08 00:00:00-04:00,124.07313320095227,124.12895013217852,123.1430497011192,123.48719024658203,334500,0.0,0.0,0.0
2023-05-09 00:00:00-04:00,122.91051839080257,123.31975736669554,122.45478659742362,123.00353240966797,252100,0.0,0.0,0.0
2023-05-10 00:00:00-04:00,123.9522425884859,124.02665097786465,121.5991322681857,122.72452545166016,384600,0.0,0.0,0.0
2023-05-11 00:00:00-04:00,122.20367591820171,122.23157728908357,121.4317048759238,122.01766204833984,546500,0.0,0.0,0.0
2023-05-12 00:00:00-04:00,122.64080304765581,122.6687044155186,121.19917087630746,122.00833892822266,474700,0.0,0.0,0.0
2023-05-15 00:00:00-04:00,122.12927413261026,122.71523133669564,121.61772531888091,122.53851318359375,273000,0.0,0.0,0.0
2023-05-16 00:00:00-04:00,122.06415461885344,122.06415461885344,120.49231134942599,120.538818359375,362400,0.0,0.0,0.0
2023-05-17 00:00:00-04:00,121.27357344128859,122.25945957037398,120.66902491064457,122.05484008789062,353000,0.0,0.0,0.0
2023-05-18 00:00:00-04:00,121.79441805600467,122.74310709513554,121.3851790904209,122.65009307861328,380400,0.0,0.0,0.0
2023-05-19 00:00:00-04:00,122.99424510208009,123.19886460403039,121.83164074642957,122.25017547607422,309200,0.0,0.0,0.0
2023-05-22 00:00:00-04:00,122.38967377680858,122.9291238632001,121.48749172445771,122.40827941894531,464800,0.0,0.0,0.0
2023-05-23 00:00:00-04:00,122.11993653940353,122.76169626825401,121.39447272207978,121.48747253417969,384900,0.0,0.0,0.0
2023-05-24 00:00:00-04:00,121.00387172412654,121.16198421961734,119.75754902046381,119.8505630493164,388300,0.0,0.0,0.0
2023-05-25 00:00:00-04:00,119.74824572030582,120.02727359726687,118.66004977291031,119.48782348632812,415200,0.0,0.0,0.0
2023-05-26 00:00:00-04:00,119.75752974337621,120.50159927858104,119.40410771291204,120.38068389892578,361000,0.0,0.0,0.0
2023-05-30 00:00:00-04:00,120.67832321194552,120.90154834086032,119.83194389741689,120.2597885131836,488400,0.0,0.0,0.0
2023-05-31 00:00:00-04:00,119.64592612643604,119.85984133132641,118.38101215465375,118.97626495361328,322200,0.0,0.0,0.0
2023-06-01 00:00:00-04:00,119.36691253406907,120.07378507425173,118.51123742032765,119.85985565185547,422800,0.0,0.0,0.0
2023-06-02 00:00:00-04:00,120.9759644443412,123.13375072722332,120.67833092011053,122.90122985839844,368200,0.0,0.0,0.0
2023-06-05 00:00:00-04:00,122.9942498135078,123.07795392425356,122.15716613020541,122.49199676513672,337100,0.0,0.0,0.0
2023-06-06 00:00:00-04:00,122.52921757526758,123.89644159148936,122.24087974037816,123.72901916503906,329100,0.0,0.0,0.0
2023-06-07 00:00:00-04:00,124.06383691705453,125.61707465175603,123.57089379971595,125.43106079101562,240100,0.0,0.0,0.0
2023-06-08 00:00:00-04:00,125.17062065730929,125.35663449146325,124.31494566664436,125.17991638183594,206100,0.0,0.0,0.0
2023-06-09 00:00:00-04:00,125.13341925373382,125.58916524654302,124.69629309533953,124.96601104736328,236300,0.0,0.0,0.0
2023-06-12 00:00:00-04:00,124.98459627287303,125.49613072563001,124.6311600834529,125.34732818603516,254600,0.0,0.0,0.0
2023-06-13 00:00:00-04:00,125.58916058955687,126.94708860042353,125.35663973914416,126.77037048339844,325800,0.0,0.0,0.0
2023-06-14 00:00:00-04:00,127.05869750929256,127.69114742741426,125.76588211365262,126.342529296875,392600,0.0,0.0,0.0
2023-06-15 00:00:00-04:00,126.10070746700733,127.99807133435587,125.96118644361863,127.81205749511719,414100,0.0,0.0,0.0
2023-06-16 00:00:00-04:00,128.3050232777004,128.6491638427812,127.66326335551993,127.94229125976562,299900,0.0,0.0,0.0
2023-06-20 00:00:00-04:00,127.28192010045306,127.53303240248825,126.25882267456197,126.61225891113281,409200,0.0,0.0,0.0
2023-06-21 00:00:00-04:00,126.24954506006833,127.17031868350868,125.63568651647572,126.80758666992188,324200,0.0,0.0,0.0
2023-06-22 00:00:00-04:00,126.68668244866438,126.77038655936047,125.57057087159028,126.01702117919922,289100,0.0,0.0,0.0
2023-06-23 00:00:00-04:00,125.18827391831596,125.71207195834158,124.7205950579465,124.93573760986328,246700,0.764,0.0,0.0
2023-06-26 00:00:00-04:00,125.03861706364006,126.20781425015268,124.72059885429101,125.94591522216797,479200,0.0,0.0,0.0
2023-06-27 00:00:00-04:00,126.15169924900833,127.75116733302598,125.87110333288862,127.61085510253906,449700,0.0,0.0,0.0
2023-06-28 00:00:00-04:00,127.4986047320003,127.4986047320003,126.69419654586297,127.25541687011719,518700,0.0,0.0,0.0
2023-06-29 00:00:00-04:00,127.22735221551999,128.38718657324154,126.9373936260896,128.37783813476562,686400,0.0,0.0,0.0
2023-06-30 00:00:00-04:00,129.17290018801893,129.66863861229223,128.7239182293966,129.43479919433594,307800,0.0,0.0,0.0
2023-07-03 00:00:00-04:00,129.2009721026771,130.39822889504237,129.06065987506173,130.20179748535156,206400,0.0,0.0,0.0
2023-07-05 00:00:00-04:00,129.65928139585984,130.21115329266692,129.07001574288768,129.75282287597656,624500,0.0,0.0,0.0
2023-07-06 00:00:00-04:00,128.62101513204053,128.94839599259572,127.65759797059673,128.87356567382812,430700,0.0,0.0,0.0
2023-07-07 00:00:00-04:00,128.5836254520806,130.5011116108219,128.23754766678144,129.44415283203125,359600,0.0,0.0,0.0
2023-07-10 00:00:00-04:00,129.29448173621682,130.54787181267116,129.07935347670127,130.3514404296875,411900,0.0,0.0,0.0
2023-07-11 00:00:00-04:00,130.72560107500848,132.1941196727294,130.72560107500848,132.13800048828125,264100,0.0,0.0,0.0
2023-07-12 00:00:00-04:00,133.1481700903525,133.28846803194227,132.49340830313247,132.59629821777344,320200,0.0,0.0,0.0
2023-07-13 00:00:00-04:00,132.91434508855107,133.25107445731336,132.56825300771703,133.08270263671875,374300,0.0,0.0,0.0
2023-07-14 00:00:00-04:00,133.20431296706022,133.20431296706022,131.60484478622803,132.04446411132812,295700,0.0,0.0,0.0
2023-07-17 00:00:00-04:00,131.73578313678001,132.54955409102962,131.4458245155524,132.2315216064453,482100,0.0,0.0,0.0
2023-07-18 00:00:00-04:00,132.2502209437064,133.51295951245956,131.9228400488666,133.11074829101562,371000,0.0,0.0,0.0
2023-07-19 00:00:00-04:00,133.26977335903416,134.2051311450765,133.09205309609777,133.9338836669922,268200,0.0,0.0,0.0
2023-07-20 00:00:00-04:00,133.93387002565836,134.31737010425826,133.2323517575771,134.27059936523438,256700,0.0,0.0,0.0
2023-07-21 00:00:00-04:00,134.69151799046156,134.72892602114666,133.91516933379754,134.39219665527344,200700,0.0,0.0,0.0
2023-07-24 00:00:00-04:00,134.55121256211032,135.0375882961383,134.2612396825914,134.73828125,199200,0.0,0.0,0.0
2023-07-25 00:00:00-04:00,134.46701555594305,135.03758431425902,134.2799468735695,134.6540985107422,944000,0.0,0.0,0.0
2023-07-26 00:00:00-04:00,134.4483215141999,135.28078929988249,134.2238305271613,134.91600036621094,317300,0.0,0.0,0.0
2023-07-27 00:00:00-04:00,135.2153276839657,135.2714468710334,133.12948368752527,133.3820343017578,291500,0.0,0.0,0.0
2023-07-28 00:00:00-04:00,134.5137740587824,134.61666396559244,133.2042791288583,133.812255859375,237100,0.0,0.0,0.0
2023-07-31 00:00:00-04:00,134.17708450778983,134.6260522921574,133.859066255214,134.28933715820312,234800,0.0,0.0,0.0
2023-08-01 00:00:00-04:00,133.5784507134031,134.12095997275264,133.27914362656458,133.69068908691406,245700,0.0,0.0,0.0
2023-08-02 00:00:00-04:00,132.8208213869803,133.51299136890233,132.44668393711527,133.03594970703125,274600,0.0,0.0,0.0
2023-08-03 00:00:00-04:00,132.58695842262847,132.8862797474336,131.81995823213506,132.4560089111328,351800,0.0,0.0,0.0
2023-08-04 00:00:00-04:00,132.6805275474444,133.5410551269023,131.8012888131813,131.9883575439453,270200,0.0,0.0,0.0
2023-08-07 00:00:00-04:00,132.57761317577706,133.2978283701324,132.156690768581,133.1294708251953,226900,0.0,0.0,0.0
2023-08-08 00:00:00-04:00,131.80124860300583,132.51211527200826,130.95941816275106,132.30633544921875,214900,0.0,0.0,0.0
2023-08-09 00:00:00-04:00,132.35311187894152,132.7740199809619,131.717075506542,131.80125427246094,214300,0.0,0.0,0.0
2023-08-10 00:00:00-04:00,132.5121333862254,133.1575325302517,131.2026382189451,131.4364776611328,290600,0.0,0.0,0.0
2023-08-11 00:00:00-04:00,131.1184265288042,131.95090852615044,131.06230735424714,131.5861053466797,198300,0.0,0.0,0.0
2023-08-14 00:00:00-04:00,131.2213322751542,131.37099294031705,130.69753421951077,131.17457580566406,325900,0.0,0.0,0.0
2023-08-15 00:00:00-04:00,130.42627584133103,130.42627584133103,129.10741810071357,129.22901916503906,358800,0.0,0.0,0.0
2023-08-16 00:00:00-04:00,129.07000926955035,129.7060456306813,128.38718789828144,128.40589904785156,320900,0.0,0.0,0.0
2023-08-17 00:00:00-04:00,128.9296881974288,129.07934883885568,127.37699115557956,127.41441345214844,298800,0.0,0.0,0.0
2023-08-18 00:00:00-04:00,126.7128954658466,127.8259732956486,126.43228533080357,127.62019348144531,319800,0.0,0.0,0.0
2023-08-21 00:00:00-04:00,127.6389170697422,127.86339378171517,126.3761784751913,127.2179946899414,357300,0.0,0.0,0.0
2023-08-22 00:00:00-04:00,127.49861436179145,127.68568305986332,126.6287384931652,126.73162841796875,336800,0.0,0.0,0.0
2023-08-23 00:00:00-04:00,126.95608484588475,127.78855255075234,126.71289700452073,127.7137222290039,249200,0.0,0.0,0.0
2023-08-24 00:00:00-04:00,127.44249282715397,128.7332910831486,126.84386444091797,126.84386444091797,378200,0.0,0.0,0.0
2023-08-25 00:00:00-04:00,127.30221550109903,127.72312370029773,126.24525651022522,127.19932556152344,390100,0.0,0.0,0.0
2023-08-28 00:00:00-04:00,127.69504858796995,128.61169521943617,127.4705575818768,128.12530517578125,857400,0.0,0.0,0.0
2023-08-29 00:00:00-04:00,128.2188365163143,129.44415283203125,127.95693749947826,129.44415283203125,453900,0.0,0.0,0.0
2023-08-30 00:00:00-04:00,129.35998816165258,129.95861659000775,129.2664466715484,129.62188720703125,335700,0.0,0.0,0.0
2023-08-31 00:00:00-04:00,129.8837537907226,129.99599213285398,129.079345703125,129.079345703125,221300,0.0,0.0,0.0
2023-09-01 00:00:00-04:00,129.865059715612,130.15501831918687,129.18225259050746,129.51898193359375,271200,0.0,0.0,0.0
2023-09-05 00:00:00-04:00,129.19160275198328,129.29449267131002,127.51731872558594,127.51731872558594,289700,0.0,0.0,0.0
2023-09-06 00:00:00-04:00,127.46121500666,127.8634120212683,126.85322385601066,127.58280181884766,248500,0.0,0.0,0.0
2023-09-07 00:00:00-04:00,127.18992879842038,127.62019959575733,126.76902071190219,127.24604797363281,235800,0.0,0.0,0.0
2023-09-08 00:00:00-04:00,127.38635894632172,127.82597817778077,127.04028118759115,127.46118927001953,273400,0.0,0.0,0.0
2023-09-11 00:00:00-04:00,127.89144090611818,128.3404228311568,127.45182169144975,127.62019348144531,232000,0.0,0.0,0.0
2023-09-12 00:00:00-04:00,127.40508666894337,128.13466457937358,127.34895321454918,127.48926544189453,220400,0.0,0.0,0.0
2023-09-13 00:00:00-04:00,127.63892946409221,127.78857586246367,126.44165837013077,126.85321807861328,568600,0.0,0.0,0.0
2023-09-14 00:00:00-04:00,127.69505016261711,128.5462149089753,127.69505016261711,128.4620361328125,437300,0.0,0.0,0.0
2023-09-15 00:00:00-04:00,128.08788790923205,128.62103438567635,127.64826864092962,127.78856658935547,242700,0.0,0.0,0.0
2023-09-18 00:00:00-04:00,127.60147702194011,127.95691746302833,127.02155990010039,127.50794982910156,237300,0.0,0.0,0.0
2023-09-19 00:00:00-04:00,127.53601340387452,127.88209114580853,126.89061438167657,127.45182037353516,336100,0.0,0.0,0.0
2023-09-20 00:00:00-04:00,128.0037184805813,128.63040648332287,127.06836069635327,127.09642028808594,253100,0.0,0.0,0.0
2023-09-21 00:00:00-04:00,126.50586436159867,126.76916242089067,125.06712341308594,125.06712341308594,391300,0.722,0.0,0.0
2023-09-22 00:00:00-04:00,125.30222375798158,125.49970449532991,124.50291677878184,124.5687484741211,323800,0.0,0.0,0.0
2023-09-25 00:00:00-04:00,124.04214149540725,124.95428633149852,124.04214149540725,124.91666412353516,442700,0.0,0.0,0.0
2023-09-26 00:00:00-04:00,124.28663031963515,124.54992838466151,122.93251778597484,123.03595733642578,433700,0.0,0.0,0.0
2023-09-27 00:00:00-04:00,123.6659992366227,123.6659992366227,122.208461427874,122.97014617919922,391800,0.0,0.0,0.0
2023-09-28 00:00:00-04:00,123.10178289546515,124.08915776446821,122.97013386950925,123.51554107666016,392800,0.0,0.0,0.0
2023-09-29 00:00:00-04:00,124.2678055606121,124.62514475902641,122.77264578093137,123.14879608154297,732400,0.0,0.0,0.0
2023-10-02 00:00:00-04:00,122.92312131216353,122.9513307946627,120.6568638936063,121.1552505493164,601300,0.0,0.0,0.0
2023-10-03 00:00:00-04:00,120.50639028994816,120.95777065683795,119.42498865185875,120.00801086425781,556400,0.0,0.0,0.0
2023-10-04 00:00:00-04:00,120.32773396139552,120.92015458071455,119.11467606764654,120.78850555419922,769900,0.0,0.0,0.0
2023-10-05 00:00:00-04:00,120.60984318872522,120.95778405365607,119.80114505198,120.46879577636719,726000,0.0,0.0,0.0
2023-10-06 00:00:00-04:00,119.84813910394021,121.98274714102726,119.03943392350193,121.33390045166016,519000,0.0,0.0,0.0
2023-10-09 00:00:00-04:00,120.72269675026776,122.4153231112272,120.72269675026776,122.26487731933594,443900,0.0,0.0,0.0
2023-10-10 00:00:00-04:00,122.58461656710857,123.94812775989412,122.58461656710857,123.26167297363281,333700,0.0,0.0,0.0
2023-10-11 00:00:00-04:00,123.48733179270369,123.87286614518798,122.72563276774447,123.67539978027344,247400,0.0,0.0,0.0
2023-10-12 00:00:00-04:00,123.87287998875748,123.87287998875748,121.21167533866947,121.98277282714844,333200,0.0,0.0,0.0
2023-10-13 00:00:00-04:00,122.47175835910458,122.85729274595714,121.30571377435737,121.86051940917969,297300,0.0,0.0,0.0
2023-10-16 00:00:00-04:00,122.63161879190311,123.60018266056252,122.19904946138735,123.34628295898438,334600,0.0,0.0,0.0
2023-10-17 00:00:00-04:00,122.68804351694504,124.82265208870571,122.36832645472042,124.1738052368164,358600,0.0,0.0,0.0
2023-10-18 00:00:00-04:00,123.47792212355853,123.51554433120448,121.82290370383762,121.96395111083984,426800,0.0,0.0,0.0
2023-10-19 00:00:00-04:00,121.72887706602128,122.33070332219333,120.01743230484423,120.16789245605469,470900,0.0,0.0,0.0
2023-10-20 00:00:00-04:00,119.98922269727503,120.22431130254961,118.58809661865234,118.58809661865234,431600,0.0,0.0,0.0
2023-10-23 00:00:00-04:00,118.07087920327841,119.10527463411977,117.70414161391963,117.76996612548828,540600,0.0,0.0,0.0
2023-10-24 00:00:00-04:00,118.4658340663603,119.16169421720033,118.04267034034918,118.7197265625,485300,0.0,0.0,0.0
2023-10-25 00:00:00-04:00,118.19314625287284,118.58809337709803,117.52549549306318,117.72296905517578,528700,0.0,0.0,0.0
2023-10-26 00:00:00-04:00,118.03326712547943,119.14288547278564,118.03326712547943,118.31537628173828,757400,0.0,0.0,0.0
2023-10-27 00:00:00-04:00,118.50345400218777,118.50345400218777,116.52871126919496,116.85783386230469,640300,0.0,0.0,0.0
2023-10-30 00:00:00-04:00,117.61011735804942,118.28717363270724,116.7920064971155,117.73236083984375,465100,0.0,0.0,0.0
2023-10-31 00:00:00-04:00,117.97685300392227,118.75734881716865,117.61952094242432,118.66331481933594,321000,0.0,0.0,0.0
2023-11-01 00:00:00-04:00,118.68212435814102,119.60367479885643,118.12731872267376,119.38739013671875,457600,0.0,0.0,0.0
2023-11-02 00:00:00-04:00,120.56285539203755,122.17085353355785,120.50642206979352,122.02039337158203,398600,0.0,0.0,0.0
2023-11-03 00:00:00-04:00,123.58137478985874,124.88846684527782,123.54376692688874,124.21141052246094,335900,0.0,0.0,0.0
2023-11-06 00:00:00-05:00,124.23023634509458,124.4841360833963,122.97016473061704,123.3086929321289,333400,0.0,0.0,0.0
2023-11-07 00:00:00-05:00,123.14879650063007,123.17700597968859,122.55636874306747,122.67861938476562,319800,0.0,0.0,0.0
2023-11-08 00:00:00-05:00,122.76326357099224,122.82908091435007,121.7288680439232,122.20845794677734,349300,0.0,0.0,0.0
2023-11-09 00:00:00-05:00,122.81966503029403,122.81966503029403,121.15523404621966,121.24927520751953,373400,0.0,0.0,0.0
2023-11-10 00:00:00-05:00,121.72886441968494,122.65040763993831,121.20226829382587,122.49996185302734,332200,0.0,0.0,0.0
2023-11-13 00:00:00-05:00,122.12381784980411,122.58459665816993,121.80410080661267,122.18023681640625,383400,0.0,0.0,0.0
2023-11-14 00:00:00-05:00,124.35245901465977,126.44944510655768,124.24901946670062,125.96045684814453,539300,0.0,0.0,0.0
2023-11-15 00:00:00-05:00,126.03569303108968,127.25815656211327,125.87583451260741,126.4212417602539,751400,0.0,0.0,0.0
2023-11-16 00:00:00-05:00,126.42122630138324,126.87259231888507,125.72535899837324,125.9980697631836,404800,0.0,0.0,0.0
2023-11-17 00:00:00-05:00,126.66571745381852,126.76915699759142,126.2801687589679,126.71273803710938,546600,0.0,0.0,0.0
2023-11-20 00:00:00-05:00,126.39301597942077,127.15470061283538,125.79118984387503,126.93842315673828,391700,0.0,0.0,0.0
2023-11-21 00:00:00-05:00,126.78794900267285,126.89138853086475,126.30837356214604,126.58106994628906,421300,0.0,0.0,0.0
2023-11-22 00:00:00-05:00,127.06068374736881,127.44623250054455,126.59991926795017,127.26756286621094,325000,0.0,0.0,0.0
2023-11-24 00:00:00-05:00,127.14532501124437,127.84117808559458,127.10770279990847,127.72834014892578,158600,0.0,0.0,0.0
2023-11-27 00:00:00-05:00,127.34278342092668,127.66250045390065,126.95723469657473,127.40861511230469,322900,0.0,0.0,0.0
2023-11-28 00:00:00-05:00,127.37098146754586,127.90699028234985,126.92901381807609,127.2769546508789,356000,0.0,0.0,0.0
2023-11-29 00:00:00-05:00,127.7847428145109,128.58404969372472,127.5214447634289,127.71892547607422,392200,0.0,0.0,0.0
2023-11-30 00:00:00-05:00,128.0386426192271,129.01660476015064,127.58726223233839,128.93197631835938,461800,0.0,0.0,0.0
2023-12-01 00:00:00-05:00,128.86614327086772,131.151211615784,128.7909275558479,131.1324005126953,390500,0.0,0.0,0.0
2023-12-04 00:00:00-05:00,130.3143139838731,131.555574325898,130.22968553187195,131.14183044433594,500400,0.0,0.0,0.0
2023-12-05 00:00:00-05:00,130.69986223758852,130.80330179475658,129.83473791794168,129.9851837158203,266500,0.0,0.0,0.0
2023-12-06 00:00:00-05:00,130.6622433740319,131.40513139872613,130.12624881764353,130.32371520996094,267900,0.0,0.0,0.0
2023-12-07 00:00:00-05:00,130.58699796256013,131.0101688794535,130.25788256445952,130.8502960205078,294200,0.0,0.0,0.0
2023-12-08 00:00:00-05:00,130.92551996650994,131.63078566347255,130.69984412662902,131.3298797607422,326900,0.0,0.0,0.0
2023-12-11 00:00:00-05:00,131.4333003099163,132.36424171222782,131.33925915777772,132.25140380859375,616900,0.0,0.0,0.0
2023-12-12 00:00:00-05:00,132.3172354848238,132.47709396452714,131.6401793656889,132.25140380859375,254400,0.0,0.0,0.0
2023-12-13 00:00:00-05:00,132.26082948565818,135.29818427298906,131.90350460083613,135.2793731689453,322400,0.0,0.0,0.0
2023-12-14 00:00:00-05:00,136.35136668198476,137.893547082924,136.19150818081837,137.10365295410156,352800,0.0,0.0,0.0
2023-12-15 00:00:00-05:00,136.7275308176066,136.80276089518682,135.3169991474855,135.82479858398438,352700,0.0,0.0,0.0
2023-12-18 00:00:00-05:00,136.2667297147297,136.28552646757254,135.5520513440462,135.78713989257812,343500,0.0,0.0,0.0
2023-12-19 00:00:00-05:00,136.33256503664643,136.9626007080078,136.08807807943202,136.9626007080078,531000,0.0,0.0,0.0
2023-12-20 00:00:00-05:00,136.53003094211397,137.07543810933498,134.63990978445725,134.64932250976562,304100,0.0,0.0,0.0
2023-12-21 00:00:00-05:00,135.67666687213665,136.1126134062117,134.93744060898908,136.0841827392578,318300,1.114,0.0,0.0
2023-12-22 00:00:00-05:00,136.43484969902195,137.06982535347825,135.98941664182266,136.55804443359375,245300,0.0,0.0,0.0
2023-12-26 00:00:00-05:00,136.7381437432763,137.71430206272805,136.47278115902787,137.3636474609375,387200,0.0,0.0,0.0
2023-12-27 00:00:00-05:00,137.4868363856147,137.73324033141876,137.05087536946618,137.6100311279297,355300,0.0,0.0,0.0
2023-12-28 00:00:00-05:00,137.42998688877,137.97019861252255,137.02247092412318,137.89437866210938,307900,0.0,0.0,0.0
2023-12-29 00:00:00-05:00,137.6669093227625,137.96071703330546,136.9087387932382,137.4299774169922,230900,0.0,0.0,0.0
2024-01-02 00:00:00-05:00,136.64333545466468,138.26395574112925,136.64333545466468,137.77113342285156,763700,0.0,0.0,0.0
2024-01-03 00:00:00-05:00,137.02243713428675,137.11720120305168,135.95150048291265,136.00836181640625,400400,0.0,0.0,0.0
2024-01-04 00:00:00-05:00,136.15052487470285,136.89922317494413,135.82830102200018,135.88516235351562,868000,0.0,0.0,0.0
2024-01-05 00:00:00-05:00,135.60086614072475,137.16461088930518,135.26915569772868,136.42538452148438,437100,0.0,0.0,0.0
2024-01-08 00:00:00-05:00,136.44431422641716,137.59105627620622,136.00835326176497,137.53419494628906,355500,0.0,0.0,0.0
2024-01-09 00:00:00-05:00,136.65284995098386,136.89925392996412,136.17898613366924,136.5865020751953,462600,0.0,0.0,0.0
2024-01-10 00:00:00-05:00,136.58649889430012,137.20253051916833,136.33062285095596,136.94664001464844,342000,0.0,0.0,0.0
2024-01-11 00:00:00-05:00,136.70967566363205,136.72863426051262,135.26912598532724,136.16946411132812,458000,0.0,0.0,0.0
2024-01-12 00:00:00-05:00,136.87081253328049,137.12670302370933,135.53451320247694,135.97047424316406,335100,0.0,0.0,0.0
2024-01-16 00:00:00-05:00,135.24071853643375,135.32601054527933,134.5488814738393,134.86163330078125,377100,0.0,0.0,0.0
2024-01-17 00:00:00-05:00,133.87599420512848,134.9279724088507,133.19362918319104,133.69593811035156,471100,0.0,0.0,0.0
2024-01-18 00:00:00-05:00,133.96127574046125,134.0560398051485,132.79556060930923,133.85702514648438,336200,0.0,0.0,0.0
2024-01-19 00:00:00-05:00,134.21717271208541,135.070136194649,133.27893168079294,134.71946716308594,398700,0.0,0.0,0.0
2024-01-22 00:00:00-05:00,135.08905880751885,135.9230635568142,134.89004414945597,135.43972778320312,406300,0.0,0.0,0.0
2024-01-23 00:00:00-05:00,135.83777767258277,136.09366813420732,134.92795295412512,135.3070526123047,324400,0.0,0.0,0.0
2024-01-24 00:00:00-05:00,135.99890916398047,136.16002111893823,134.2835245398814,134.35934448242188,352000,0.0,0.0,0.0
2024-01-25 00:00:00-05:00,135.49658919030992,136.10313415527344,134.9374334881599,136.10313415527344,277900,0.0,0.0,0.0
2024-01-26 00:00:00-05:00,136.38745891824578,136.68125210990416,135.95149793434513,136.11260986328125,400200,0.0,0.0,0.0
2024-01-29 00:00:00-05:00,136.04629062559678,136.77604487712682,135.70510813433884,136.6623077392578,310400,0.0,0.0,0.0
2024-01-30 00:00:00-05:00,136.3021785575413,137.13616893964462,136.0462880785949,136.7665557861328,309600,0.0,0.0,0.0
2024-01-31 00:00:00-05:00,136.84234285622267,137.24038658277402,135.23120935508516,135.28807067871094,432100,0.0,0.0,0.0
2024-02-01 00:00:00-05:00,135.68614534243636,136.90872192382812,134.53940315806403,136.90872192382812,470200,0.0,0.0,0.0
2024-02-02 00:00:00-05:00,136.1410760060718,137.1551515691971,135.23126552779814,136.52964782714844,521800,0.0,0.0,0.0
2024-02-05 00:00:00-05:00,135.63876345393396,135.68615272406214,134.56784114714645,134.97535705566406,488000,0.0,0.0,0.0
2024-02-06 00:00:00-05:00,135.08907911535337,136.07472386926864,134.899536496885,135.8946533203125,449500,0.0,0.0,0.0
2024-02-07 00:00:00-05:00,136.4633149536035,136.62442692516615,135.4776700601678,136.23585510253906,581500,0.0,0.0,0.0
2024-02-08 00:00:00-05:00,136.10315963152175,136.45381421186735,135.47765595211445,136.3495635986328,648300,0.0,0.0,0.0
2024-02-09 00:00:00-05:00,136.32113683990755,136.67180589149177,135.83780096168167,136.65284729003906,370200,0.0,0.0,0.0
2024-02-12 00:00:00-05:00,136.671816306992,138.25451981127773,136.671816306992,137.89437866210938,520700,0.0,0.0,0.0
2024-02-13 00:00:00-05:00,136.2737159677665,136.3305917589363,134.27401058288146,135.25018310546875,4829900,0.0,0.0,0.0
2024-02-14 00:00:00-05:00,136.131572519241,136.70968685144447,135.61031952116025,136.45379638671875,338900,0.0,0.0,0.0
2024-02-15 00:00:00-05:00,137.12670028735315,138.78522348490472,137.09826961800337,138.69044494628906,429300,0.0,0.0,0.0
2024-02-16 00:00:00-05:00,138.03651773767925,138.80418923318152,137.85646164291614,137.97018432617188,392900,0.0,0.0,0.0
2024-02-20 00:00:00-05:00,137.4205042118619,138.48195451337037,137.27835085404405,137.9796600341797,390200,0.0,0.0,0.0
2024-02-21 00:00:00-05:00,137.83751252078628,138.51039105788894,137.46789931361224,138.43458557128906,352600,0.0,0.0,0.0
2024-02-22 00:00:00-05:00,138.75680428229737,139.6287119571515,138.41562176073043,139.30648803710938,695400,0.0,0.0,0.0
2024-02-23 00:00:00-05:00,139.46757370996605,140.09307729180503,139.24958598645745,139.72344970703125,299900,0.0,0.0,0.0
2024-02-26 00:00:00-05:00,139.6192251821892,140.0551717431142,139.03162428621414,139.0505828857422,283200,0.0,0.0,0.0
2024-02-27 00:00:00-05:00,139.63816784527384,139.97935032730263,139.24959609551277,139.9319610595703,259200,0.0,0.0,0.0
2024-02-28 00:00:00-05:00,139.6192454792693,140.5006252596006,139.45811905161867,140.16891479492188,342900,0.0,0.0,0.0
2024-02-29 00:00:00-05:00,140.98393760813417,141.07871614254606,140.09308590606275,140.7754364013672,378100,0.0,0.0,0.0
2024-03-01 00:00:00-05:00,140.97450851696138,141.57158165119853,140.1689341123931,141.50523376464844,259900,0.0,0.0,0.0
2024-03-04 00:00:00-05:00,141.59047747558543,142.53820494051217,141.50518547442366,142.27284240722656,350600,0.0,0.0,0.0
2024-03-05 00:00:00-05:00,142.02647196673993,142.9836717260317,141.39149615083227,141.83692932128906,285100,0.0,0.0,0.0
2024-03-06 00:00:00-05:00,142.6519516454567,143.1732046783904,142.22547714984717,142.73724365234375,370300,0.0,0.0,0.0
2024-03-07 00:00:00-05:00,143.43856319142722,143.9977189468446,143.22057545395344,143.72286987304688,248500,0.0,0.0,0.0
2024-03-08 00:00:00-05:00,144.2441238817264,144.623223561779,143.63757885481638,143.79869079589844,414200,0.0,0.0,0.0
2024-03-11 00:00:00-04:00,143.5238556941206,144.20622065472452,143.08789467883375,144.0924835205078,470600,0.0,0.0,0.0
2024-03-12 00:00:00-04:00,144.1872656027611,144.40523888518004,143.35326075013296,144.06405639648438,298900,0.0,0.0,0.0
2024-03-13 00:00:00-04:00,143.93137955292863,144.6421752211671,143.60915565400916,144.07354736328125,209800,0.0,0.0,0.0
2024-03-14 00:00:00-04:00,143.79870627111765,144.00720750229138,141.5904992036328,142.50979614257812,469300,0.0,0.0,0.0
2024-03-15 00:00:00-04:00,141.9506301184741,143.2679708237283,141.9506301184741,142.92678833007812,286100,0.0,0.0,0.0
2024-03-18 00:00:00-04:00,143.07843213987783,143.70393580562356,142.53822048459514,143.23007202148438,372300,0.0,0.0,0.0
2024-03-19 00:00:00-04:00,143.1921543746702,144.2251739501953,143.18268230503992,144.2251739501953,299000,0.0,0.0,0.0
2024-03-20 00:00:00-04:00,144.05457700966753,145.54251609514392,143.84607580710173,145.33401489257812,248400,0.0,0.0,0.0
2024-03-21 00:00:00-04:00,145.85111003939892,146.74625496131537,145.52733854485078,146.38438415527344,206700,0.733,0.0,0.0
2024-03-22 00:00:00-04:00,146.63194780527326,146.78431596530743,145.39398193359375,145.39398193359375,449600,0.0,0.0,0.0
2024-03-25 00:00:00-04:00,145.63206834468195,145.97488947854546,145.1464111261375,145.22259521484375,388400,0.0,0.0,0.0
2024-03-26 00:00:00-04:00,145.7177940113477,145.84158044925246,145.12737091809916,145.17498779296875,476200,0.0,0.0,0.0
2024-03-27 00:00:00-04:00,145.98441402729978,147.69851960803805,145.9272795963799,147.66995239257812,466000,0.0,0.0,0.0
2024-03-28 00:00:00-04:00,147.94612259398772,148.81270030270616,147.88898815704013,148.46987915039062,361800,0.0,0.0,0.0
2024-04-01 00:00:00-04:00,148.61272478555887,148.62225687941552,147.34619140625,147.34619140625,390900,0.0,0.0,0.0
2024-04-02 00:00:00-04:00,146.80336680584693,146.81288436694078,145.86060515496297,146.19390869140625,367800,0.0,0.0,0.0
2024-04-03 00:00:00-04:00,145.97488705250788,146.67006140141288,145.97488705250788,146.43199157714844,320600,0.0,0.0,0.0
2024-04-04 00:00:00-04:00,147.5747389749765,147.9080425754095,145.00358751513613,145.2511749267578,263500,0.0,0.0,0.0
2024-04-05 00:00:00-04:00,145.251160325908,146.40342467126905,144.99404084658084,146.15582275390625,239300,0.0,0.0,0.0
2024-04-08 00:00:00-04:00,146.56531546135255,147.12715677982735,146.30819597316105,146.5843505859375,284500,0.0,0.0,0.0
2024-04-09 00:00:00-04:00,147.20334054914446,147.47949516131888,145.78443911666784,146.8605194091797,228600,0.0,0.0,0.0
2024-04-10 00:00:00-04:00,144.7083615356773,145.21306837681593,143.7275005378832,144.2988739013672,382500,0.0,0.0,0.0
2024-04-11 00:00:00-04:00,144.7464498323149,144.7464498323149,143.07996110069286,143.889404296875,234900,0.0,0.0,0.0
2024-04-12 00:00:00-04:00,143.16567295222646,143.59419575048932,141.54680097510587,142.00389099121094,373400,0.0,0.0,0.0
2024-04-15 00:00:00-04:00,143.43233988097612,143.70850908514623,140.4326651377123,140.88975524902344,348600,0.0,0.0,0.0
2024-04-16 00:00:00-04:00,140.7564222766058,140.82308881238112,139.385137552502,139.8136749267578,357700,0.0,0.0,0.0
2024-04-17 00:00:00-04:00,140.55643783251472,140.88020932407204,139.43274064390494,139.9564971923828,269900,0.0,0.0,0.0
2024-04-18 00:00:00-04:00,140.72786792875684,141.26114214121574,139.9089069508714,140.26124572753906,360200,0.0,0.0,0.0
2024-04-19 00:00:00-04:00,140.55642551616094,141.54678955962254,140.48975899281922,141.3182373046875,436700,0.0,0.0,0.0
2024-04-22 00:00:00-04:00,141.69916695696114,142.92760089698942,140.93734058819635,142.24195861816406,418600,0.0,0.0,0.0
2024-04-23 00:00:00-04:00,142.16577762464246,143.40374368451987,142.12769284415793,143.0133056640625,414600,0.0,0.0,0.0
2024-04-24 00:00:00-04:00,142.55619319903778,143.3561042389306,142.1276704655686,143.20375061035156,452900,0.0,0.0,0.0
2024-04-25 00:00:00-04:00,142.44195557931565,143.43231977006778,141.38492485530688,143.13711547851562,251700,0.0,0.0,0.0
2024-04-26 00:00:00-04:00,143.10852851069868,143.6037178030572,142.86094112983372,142.91807556152344,279200,0.0,0.0,0.0
2024-04-29 00:00:00-04:00,143.30852750010015,144.1655731201172,143.30852750010015,144.1655731201172,180500,0.0,0.0,0.0
2024-04-30 00:00:00-04:00,143.21330684339117,143.27044128586482,141.89915654397166,141.937255859375,187600,0.0,0.0,0.0
2024-05-01 00:00:00-04:00,141.65157689022936,143.42281735727533,141.20400435878108,141.64205932617188,287900,0.0,0.0,0.0
2024-05-02 00:00:00-04:00,142.7085757436882,142.87997904210286,141.48014184649642,142.5085906982422,219800,0.0,0.0,0.0
2024-05-03 00:00:00-04:00,143.66086428828237,144.11795431077977,142.68953527617427,143.43231201171875,196700,0.0,0.0,0.0
2024-05-06 00:00:00-04:00,144.29889550951526,144.55601501464844,143.81323824926852,144.55601501464844,214100,0.0,0.0,0.0
2024-05-07 00:00:00-04:00,145.02262931905358,145.58448523113873,145.02262931905358,145.2321319580078,321800,0.0,0.0,0.0
2024-05-08 00:00:00-04:00,144.73694075140963,145.38448372179508,144.6226573508603,145.19403076171875,236900,0.0,0.0,0.0
2024-05-09 00:00:00-04:00,145.47019314214174,146.67007446289062,145.1559392024518,146.67007446289062,231400,0.0,0.0,0.0
2024-05-10 00:00:00-04:00,147.1367048542576,147.193853831752,146.71771406705946,146.96530151367188,183700,0.0,0.0,0.0
2024-05-13 00:00:00-04:00,147.32714956127592,147.9651750034475,146.56532314966063,146.67007446289062,181600,0.0,0.0,0.0
2024-05-14 00:00:00-04:00,147.20335111546575,147.52712262349812,146.67959454033667,147.23191833496094,158800,0.0,0.0,0.0
2024-05-15 00:00:00-04:00,148.33656311035156,148.38417998548377,147.8889906392433,148.33656311035156,227400,0.0,0.0,0.0
2024-05-16 00:00:00-04:00,148.3460728686534,148.6793764464135,147.90803251399495,147.9365997314453,324700,0.0,0.0,0.0
2024-05-17 00:00:00-04:00,148.07945946677498,148.21277801304393,147.7556879302121,148.1651611328125,214300,0.0,0.0,0.0
2024-05-20 00:00:00-04:00,148.35559015055097,148.49844076816223,147.72709683720143,147.83184814453125,203900,0.0,0.0,0.0
2024-05-21 00:00:00-04:00,147.7556685269502,148.05087280273438,147.4794993762535,148.05087280273438,210000,0.0,0.0,0.0
2024-05-22 00:00:00-04:00,147.46046919101178,147.83185757147672,146.7938619942432,147.08908081054688,145400,0.0,0.0,0.0
2024-05-23 00:00:00-04:00,147.29854756912835,147.29854756912835,144.78453092772799,144.8892822265625,307900,0.0,0.0,0.0
2024-05-24 00:00:00-04:00,145.65113607485162,145.94634037357997,145.30831489844394,145.8892059326172,146300,0.0,0.0,0.0
2024-05-28 00:00:00-04:00,145.88920035491228,146.01300132601907,144.19414419487808,144.55601501464844,193900,0.0,0.0,0.0
2024-05-29 00:00:00-04:00,143.33707683368758,143.33707683368758,142.70856904109513,142.90855407714844,257700,0.0,0.0,0.0
2024-05-30 00:00:00-04:00,143.26090370280056,144.2703174604615,143.02283387200774,144.07986450195312,243800,0.0,0.0,0.0
2024-05-31 00:00:00-04:00,144.51793399842987,146.50820922851562,144.18464488648297,146.50820922851562,256900,0.0,0.0,0.0
2024-06-03 00:00:00-04:00,146.5653254159127,146.5748429788516,144.31794545874436,145.35592651367188,430000,0.0,0.0,0.0
2024-06-04 00:00:00-04:00,144.75601056010058,145.31786654329846,144.1656018832108,144.61317443847656,284700,0.0,0.0,0.0
2024-06-05 00:00:00-04:00,145.01310088791993,145.21308594852727,144.0989208324778,145.13690185546875,209700,0.0,0.0,0.0
2024-06-06 00:00:00-04:00,144.87026457459453,145.42258835045564,144.31794079873345,144.65122985839844,342100,0.0,0.0,0.0
2024-06-07 00:00:00-04:00,143.86084432619992,144.9369100805556,143.556107968083,144.07986450195312,391900,0.0,0.0,0.0
2024-06-10 00:00:00-04:00,143.67038432703424,144.56552926238263,143.23234395269145,144.3750762939453,241000,0.0,0.0,0.0
2024-06-11 00:00:00-04:00,143.75610574053172,143.75610574053172,142.81334389613968,143.51803588867188,233400,0.0,0.0,0.0
2024-06-12 00:00:00-04:00,145.27974687507333,145.3940157563674,143.85132773637406,144.18463134765625,496200,0.0,0.0,0.0
2024-06-13 00:00:00-04:00,143.96559581058168,143.97512790439,142.765728971828,143.87037658691406,177900,0.0,0.0,0.0
2024-06-14 00:00:00-04:00,142.88954413681682,143.1656988026982,141.75632918902647,142.7562255859375,318400,0.0,0.0,0.0
2024-06-17 00:00:00-04:00,142.53715552341643,143.95605688032595,142.08959763041017,143.71798706054688,233400,0.0,0.0,0.0
2024-06-18 00:00:00-04:00,143.6703992488336,144.53697705545184,143.6703992488336,144.2703399658203,328100,0.0,0.0,0.0
2024-06-20 00:00:00-04:00,144.33698074393445,144.88928995200735,144.0798612638805,144.59408569335938,302100,0.0,0.0,0.0
2024-06-21 00:00:00-04:00,144.68932408908796,144.85120983191968,143.77512953651123,144.60362243652344,245000,0.0,0.0,0.0
2024-06-24 00:00:00-04:00,144.85124160013333,146.55581558548505,144.67982372678009,145.82257080078125,199900,0.0,0.0,0.0
2024-06-25 00:00:00-04:00,145.76540661203427,145.76540661203427,143.93701747893996,144.3655548095703,201200,0.0,0.0,0.0
2024-06-26 00:00:00-04:00,143.65135646527747,143.67039159164267,142.93714689955146,143.4894561767578,234100,0.0,0.0,0.0
2024-06-27 00:00:00-04:00,143.5402204393634,143.77969360351562,143.1283189965549,143.77969360351562,330400,0.883,0.0,0.0
2024-06-28 00:00:00-04:00,144.1340880459114,144.78544794095035,143.4252423222397,144.09576416015625,416700,0.0,0.0,0.0
2024-07-01 00:00:00-04:00,144.59390416933593,144.8429656326943,142.57274993138637,142.74517822265625,391800,0.0,0.0,0.0
2024-07-02 00:00:00-04:00,142.49612539093226,143.25286887596863,142.49612539093226,143.20497131347656,243500,0.0,0.0,0.0
2024-07-03 00:00:00-04:00,143.3965380811777,143.9616912813033,143.06128439702934,143.1953887939453,183600,0.0,0.0,0.0
2024-07-05 00:00:00-04:00,143.20496509592797,143.20496509592797,142.07465867486638,142.7643280029297,247300,0.0,0.0,0.0
2024-07-08 00:00:00-04:00,143.29115583173328,143.77969043024217,142.77390023974456,143.35821533203125,227900,0.0,0.0,0.0
2024-07-09 00:00:00-04:00,143.24327173719288,144.08622201282634,142.81222293398326,143.1953887939453,200200,0.0,0.0,0.0
2024-07-10 00:00:00-04:00,143.6360032934297,144.67052913350574,143.40611840648984,144.6513671875,268100,0.0,0.0,0.0
2024-07-11 00:00:00-04:00,145.36981567855238,147.19939455543943,145.1782400291415,146.9982452392578,267200,0.0,0.0,0.0
2024-07-12 00:00:00-04:00,147.53464236957038,148.83737706704298,147.51548042241077,148.11895751953125,223600,0.0,0.0,0.0
2024-07-15 00:00:00-04:00,148.34884312261772,149.18221974074916,148.16684116444782,148.37757873535156,219100,0.0,0.0,0.0
2024-07-16 00:00:00-04:00,148.86609904093552,151.29913992110215,148.57872832500232,151.24166870117188,258600,0.0,0.0,0.0
2024-07-17 00:00:00-04:00,150.638227568738,152.16128834136921,150.5807563351076,151.28001403808594,264400,0.0,0.0,0.0
2024-07-18 00:00:00-04:00,151.18422334170089,153.02337577547075,150.35086127759945,150.60948181152344,269800,0.0,0.0,0.0
2024-07-19 00:00:00-04:00,150.64777695058513,150.83935255197818,149.12471657124877,149.5174560546875,217500,0.0,0.0,0.0
2024-07-22 00:00:00-04:00,149.88148194515816,150.76274153404165,148.95232479482027,150.6669464111328,220200,0.0,0.0,0.0
2024-07-23 00:00:00-04:00,150.35083598059774,150.56155891550478,149.8048301571679,149.8910369873047,206800,0.0,0.0,0.0
2024-07-24 00:00:00-04:00,149.66115565002653,150.2646180915521,148.50209909104825,148.5595703125,277100,0.0,0.0,0.0
2024-07-25 00:00:00-04:00,148.6841154447023,150.99264050526924,148.58832032214494,149.1534881591797,340700,0.0,0.0,0.0
2024-07-26 00:00:00-04:00,150.09221187242233,151.65358167529575,149.85273869363968,151.3662109375,184600,0.0,0.0,0.0
2024-07-29 00:00:00-04:00,151.66315735240215,151.80683541506448,150.63820511780057,151.4811553955078,285200,0.0,0.0,0.0
2024-07-30 00:00:00-04:00,151.84515235086235,152.86051625723448,151.82599040462446,152.4390411376953,259700,0.0,0.0,0.0
2024-07-31 00:00:00-04:00,153.25327112474884,154.12494244612012,152.43905641528477,152.84136962890625,222500,0.0,0.0,0.0
2024-08-01 00:00:00-04:00,153.02335926100122,153.94294268678573,150.72442262096405,151.65357971191406,398600,0.0,0.0,0.0
2024-08-02 00:00:00-04:00,150.63818502518234,150.8585108469209,147.6783003988728,149.1917724609375,339300,0.0,0.0,0.0
2024-08-05 00:00:00-04:00,147.03654297686347,147.03654297686347,145.0249622752918,145.66676330566406,419200,0.0,0.0,0.0
2024-08-06 00:00:00-04:00,146.1456928371736,148.89484014467388,145.66674649837387,147.1131591796875,389600,0.0,0.0,0.0
2024-08-07 00:00:00-04:00,148.4542054425063,149.2684200779263,146.25104932573674,146.3276824951172,402300,0.0,0.0,0.0
2024-08-08 00:00:00-04:00,146.9024296991879,148.68411076214542,146.61505895684962,148.52127075195312,225600,0.0,0.0,0.0
2024-08-09 00:00:00-04:00,148.72240879874622,149.00020585464588,147.3143054223775,148.7511444091797,137600,0.0,0.0,0.0
2024-08-12 00:00:00-04:00,148.91399866369972,148.9427342740638,147.7645157840085,147.99441528320312,160600,0.0,0.0,0.0
2024-08-13 00:00:00-04:00,148.63622846964597,149.49834078521323,148.00401569482025,149.32591247558594,179400,0.0,0.0,0.0
2024-08-14 00:00:00-04:00,149.6898811079223,150.37956495112934,149.45998162142624,149.94850158691406,129100,0.0,0.0,0.0
2024-08-15 00:00:00-04:00,151.19376813734934,151.82598077656627,150.54240816939117,151.62481689453125,188500,0.0,0.0,0.0
2024-08-16 00:00:00-04:00,151.45240948559555,152.12293142623554,151.3566143728118,152.06546020507812,247500,0.0,0.0,0.0
2024-08-19 00:00:00-04:00,152.23790524691285,153.22454833984375,152.23790524691285,153.22454833984375,152400,0.0,0.0,0.0
2024-08-20 00:00:00-04:00,153.1957719484588,153.26283145303515,152.38157192613411,152.55398559570312,145600,0.0,0.0,0.0
2024-08-21 00:00:00-04:00,153.3490314125753,154.0099796821888,152.83177581077626,153.9141845703125,161100,0.0,0.0,0.0
2024-08-22 00:00:00-04:00,154.07703522229005,154.40271520824484,153.5310294079409,154.08660888671875,227800,0.0,0.0,0.0
2024-08-23 00:00:00-04:00,154.6326298264225,156.16526417412922,154.383582956841,155.88748168945312,189800,0.0,0.0,0.0
2024-08-26 00:00:00-04:00,156.35683826806326,157.14231738297735,155.92578942962018,156.0790557861328,337600,0.0,0.0,0.0
2024-08-27 00:00:00-04:00,155.78208261398999,155.99282016124303,155.37018118389304,155.8395538330078,125700,0.0,0.0,0.0
2024-08-28 00:00:00-04:00,155.66714232599773,156.3376789301774,155.05409156330902,155.6479949951172,130100,0.0,0.0,0.0
2024-08-29 00:00:00-04:00,155.98327304989897,156.76875222720824,154.77633328312723,156.0120086669922,161300,0.0,0.0,0.0
2024-08-30 00:00:00-04:00,156.29935674757888,157.52545828638412,155.65757036525767,157.46798706054688,109100,0.0,0.0,0.0
2024-09-03 00:00:00-04:00,156.67293953431346,157.23809276219052,155.43726428893106,155.9449462890625,281900,0.0,0.0,0.0
2024-09-04 00:00:00-04:00,155.8299763630028,156.5771461109139,155.149880735735,155.561767578125,228900,0.0,0.0,0.0
2024-09-05 00:00:00-04:00,155.8491363908402,156.13650711860944,153.92377736246624,154.59429931640625,190300,0.0,0.0,0.0
2024-09-06 00:00:00-04:00,154.64221944297165,155.60968593083302,152.96590700533142,153.18621826171875,378100,0.0,0.0,0.0
2024-09-09 00:00:00-04:00,153.94296088172396,155.18820984942522,153.55022131927814,154.58474731445312,357400,0.0,0.0,0.0
2024-09-10 00:00:00-04:00,154.84335588540978,154.84335588540978,153.5885187320954,154.55599975585938,174400,0.0,0.0,0.0
2024-09-11 00:00:00-04:00,154.03871600556533,154.4410291680007,151.3949375311548,154.31651306152344,324100,0.0,0.0,0.0
2024-09-12 00:00:00-04:00,154.56556539045326,155.6096649169922,153.78008636707222,155.6096649169922,183800,0.0,0.0,0.0
2024-09-13 00:00:00-04:00,156.0694471052151,157.40093196007226,156.0694471052151,157.19976806640625,210700,0.0,0.0,0.0
2024-09-16 00:00:00-04:00,157.87029306523803,158.77071453908755,157.621246225862,158.47377014160156,239300,0.0,0.0,0.0
2024-09-17 00:00:00-04:00,158.8665084098812,159.80523915308996,158.5408137870564,159.01976013183594,217500,0.0,0.0,0.0
2024-09-18 00:00:00-04:00,159.06765583204663,160.25544801509102,158.32050071221812,158.45460510253906,327700,0.0,0.0,0.0
2024-09-19 00:00:00-04:00,160.47577897532415,160.47577897532415,159.06767539563162,159.9872589111328,286900,0.0,0.0,0.0
2024-09-20 00:00:00-04:00,159.55619057558485,159.55619057558485,158.74197595182628,159.2592315673828,202600,0.0,0.0,0.0
2024-09-23 00:00:00-04:00,159.85313974658445,160.35123343089103,159.5945046229327,160.29376220703125,207300,0.0,0.0,0.0
2024-09-24 00:00:00-04:00,160.59069644136727,160.94512665986937,160.102176453203,160.4278564453125,197700,0.0,0.0,0.0
2024-09-25 00:00:00-04:00,160.6769326141759,160.6769326141759,159.00062032809896,159.3167266845703,171000,0.0,0.0,0.0
2024-09-26 00:00:00-04:00,160.01933407415262,160.70273137665612,160.00971413834338,160.34658813476562,250900,0.8,0.0,0.0
2024-09-27 00:00:00-04:00,160.8567281898214,161.95400306604824,160.71235571410418,161.02035522460938,234500,0.0,0.0,0.0
2024-09-30 00:00:00-04:00,161.01075574453407,161.51127153548518,159.97122972652505,161.38613891601562,281700,0.0,0.0,0.0
2024-10-01 00:00:00-04:00,161.31875020054224,161.31875020054224,160.03859372478615,160.86636352539062,294100,0.0,0.0,0.0
2024-10-02 00:00:00-04:00,160.346592860035,161.05886467788113,159.84609181855697,160.4717254638672,354300,0.0,0.0,0.0
2024-10-03 00:00:00-04:00,160.25998531446234,160.25998531446234,159.18196488783929,159.61509704589844,263000,0.0,0.0,0.0
2024-10-04 00:00:00-04:00,160.56798394963647,160.91447789289262,159.54769793132252,160.86636352539062,251000,0.0,0.0,0.0
2024-10-07 00:00:00-04:00,160.42362804648204,160.42362804648204,158.63333555617547,159.30709838867188,157100,0.0,0.0,0.0
2024-10-08 00:00:00-04:00,159.50922750789718,159.80760712856087,158.97983720336757,159.47071838378906,190600,0.0,0.0,0.0
2024-10-09 00:00:00-04:00,159.50921909537476,160.72199207612198,159.2204594275035,160.40435791015625,203300,0.0,0.0,0.0
2024-10-10 00:00:00-04:00,160.16373208304913,160.3081192647588,159.23971874258712,159.5862274169922,206700,0.0,0.0,0.0
2024-10-11 00:00:00-04:00,159.94234789433492,161.4342605745618,159.94234789433492,161.15512084960938,131800,0.0,0.0,0.0
2024-10-14 00:00:00-04:00,161.18400688317965,162.5700267962879,160.79898911265553,162.45452880859375,192600,0.0,0.0,0.0
2024-10-15 00:00:00-04:00,162.51229996997577,163.88871482109468,162.27166933817222,162.44493103027344,351900,0.0,0.0,0.0
2024-10-16 00:00:00-04:00,162.95506695238043,163.9464639814158,162.5026801891979,163.7828369140625,253100,0.0,0.0,0.0
2024-10-17 00:00:00-04:00,164.03306056376618,164.0426805001747,163.3881723381762,163.66729736328125,252500,0.0,0.0,0.0
2024-10-18 00:00:00-04:00,163.93682910668508,164.3218322080932,163.29192614708984,164.17745971679688,244700,0.0,0.0,0.0
2024-10-21 00:00:00-04:00,163.95604719509447,164.39881392111496,162.56039277928033,162.78176879882812,309000,0.0,0.0,0.0
2024-10-22 00:00:00-04:00,161.91552953457716,162.03102753005922,160.8471290155867,161.78077697753906,231800,0.0,0.0,0.0
2024-10-23 00:00:00-04:00,161.54014352767695,162.26203536062656,161.0300078073467,161.8289031982422,296800,0.0,0.0,0.0
2024-10-24 00:00:00-04:00,162.21391354824019,162.21391354824019,161.12625843818654,161.5112762451172,228500,0.0,0.0,0.0
2024-10-25 00:00:00-04:00,162.32942790382245,162.61818761638514,160.39476279743192,160.50064086914062,172800,0.0,0.0,0.0
2024-10-28 00:00:00-04:00,161.1551354397768,162.0887834415531,161.1551354397768,161.7711639404297,517700,0.0,0.0,0.0
2024-10-29 00:00:00-04:00,160.7989946681909,161.338004878621,160.29847889268,160.62574768066406,354800,0.0,0.0,0.0
2024-10-30 00:00:00-04:00,160.57764407823828,161.78079730544417,160.08676284883273,160.80865478515625,162800,0.0,0.0,0.0
2024-10-31 00:00:00-04:00,160.68348839585644,161.39574555710797,159.74022057621397,159.75946044921875,213300,0.0,0.0,0.0
2024-11-01 00:00:00-04:00,160.18297667133888,160.85673941658573,159.0472072846265,159.09532165527344,278100,0.0,0.0,0.0
2024-11-04 00:00:00-05:00,159.20117673908672,160.12520457563386,158.69104111364558,159.17230224609375,327600,0.0,0.0,0.0
2024-11-05 00:00:00-05:00,159.15308980057293,161.26100158691406,158.63331946328475,161.26100158691406,277900,0.0,0.0,0.0
2024-11-06 00:00:00-05:00,164.91858128125176,165.17846643653286,163.48443233279806,164.78382873535156,575600,0.0,0.0,0.0
2024-11-07 00:00:00-05:00,164.69723464217213,165.2554994853804,164.15822436236516,164.45660400390625,298600,0.0,0.0,0.0
2024-11-08 00:00:00-05:00,164.58170610242735,165.89073711921947,164.33144088542574,165.39984130859375,359800,0.0,0.0,0.0
2024-11-11 00:00:00-05:00,165.83297547280787,167.1997701858441,165.83297547280787,166.36236572265625,162100,0.0,0.0,0.0
2024-11-12 00:00:00-05:00,166.0158616174365,166.27574678118503,164.6587161776976,164.99559020996094,357800,0.0,0.0,0.0
2024-11-13 00:00:00-05:00,165.47685979923284,165.86187759594398,164.83197151253478,165.00521850585938,225600,0.0,0.0,0.0
2024-11-14 00:00:00-05:00,165.1014831674609,165.2843647922779,163.6962085428434,163.81170654296875,491800,0.0,0.0,0.0
2024-11-15 00:00:00-05:00,163.6095845013785,164.31223656136578,163.05131964095926,163.48446655273438,241700,0.0,0.0,0.0
2024-11-18 00:00:00-05:00,163.54219970719558,164.47584769691562,163.36893802189235,164.1870880126953,229900,0.0,0.0,0.0
2024-11-19 00:00:00-05:00,162.89728355408397,164.13893089096337,162.52190043484833,163.74429321289062,238900,0.0,0.0,0.0
2024-11-20 00:00:00-05:00,163.94643026672122,164.47582048572053,163.2245385190654,164.3795623779297,192800,0.0,0.0,0.0
2024-11-21 00:00:00-05:00,164.80309975207584,166.87251720367334,164.38920744959987,166.60301208496094,226900,0.0,0.0,0.0
2024-11-22 00:00:00-05:00,166.71850869301514,167.9216616737233,166.71850869301514,167.6136474609375,174800,0.0,0.0,0.0
2024-11-25 00:00:00-05:00,168.53768314631142,169.85633417386214,168.53768314631142,169.1825714111328,258800,0.0,0.0,0.0
2024-11-26 00:00:00-05:00,169.16331953090244,169.38469558068016,168.3162950803763,169.2884521484375,220300,0.0,0.0,0.0
2024-11-27 00:00:00-05:00,169.71194769975475,170.20282881066663,169.2306865250439,169.35580444335938,151500,0.0,0.0,0.0
2024-11-29 00:00:00-05:00,169.56757427688655,170.14509360811175,169.46169622239282,169.5771942138672,94400,0.0,0.0,0.0
2024-12-02 00:00:00-05:00,169.4424376936913,169.57719024289813,167.91203059478661,168.35479736328125,420800,0.0,0.0,0.0
2024-12-03 00:00:00-05:00,168.50881421497638,168.96118625945317,167.5944061279297,167.5944061279297,403000,0.0,0.0,0.0
2024-12-04 00:00:00-05:00,167.60402839456756,167.7580208148339,166.5933769481403,167.30564880371094,436700,0.0,0.0,0.0
2024-12-05 00:00:00-05:00,167.21900691625606,167.63289917178645,166.622247747784,166.718505859375,492600,0.0,0.0,0.0
2024-12-06 00:00:00-05:00,167.0842583869564,167.53664508583788,165.87148546116788,166.0543670654297,203900,0.0,0.0,0.0
2024-12-09 00:00:00-05:00,166.391228576711,166.50674124209377,164.9570797211106,165.06295776367188,237200,0.0,0.0,0.0
2024-12-10 00:00:00-05:00,164.7068219616522,164.7068219616522,162.83952622860213,163.49404907226562,240000,0.0,0.0,0.0
2024-12-11 00:00:00-05:00,164.1678335562162,164.1678335562162,163.0994330047628,163.2438201904297,277800,0.0,0.0,0.0
2024-12-12 00:00:00-05:00,163.25340380582892,163.60953234810256,162.63739013671875,162.63739013671875,221500,0.0,0.0,0.0
2024-12-13 00:00:00-05:00,162.62779084643194,162.9935393706028,161.73263737899063,161.90589904785156,252800,0.0,0.0,0.0
2024-12-16 00:00:00-05:00,162.1946683022654,162.4834280023172,161.11664775479565,161.21290588378906,257600,0.0,0.0,0.0
2024-12-17 00:00:00-05:00,160.3658624827115,160.98187624979266,159.6054762260514,159.923095703125,257000,0.0,0.0,0.0
2024-12-18 00:00:00-05:00,160.06746747020452,160.1925853868191,155.22598129338414,155.29335021972656,315900,0.0,0.0,0.0
2024-12-19 00:00:00-05:00,156.07300243785053,156.98741047414458,154.8602294921875,154.8602294921875,432900,0.0,0.0,0.0
2024-12-20 00:00:00-05:00,154.7447227777277,157.96916384757182,154.60033561264703,157.19915771484375,242700,0.0,0.0,0.0
2024-12-23 00:00:00-05:00,156.79242048177906,157.41222935881953,155.8723937579953,157.2379150390625,294200,1.0,0.0,0.0
2024-12-24 00:00:00-05:00,157.2863262482472,158.49689150517156,157.04421319686233,158.45814514160156,238800,0.0,0.0,0.0
2024-12-26 00:00:00-05:00,157.964263747472,158.84555893449124,157.59624712489028,158.70997619628906,351300,0.0,0.0,0.0
2024-12-27 00:00:00-05:00,157.82865612214138,158.91331785672452,156.98610743741398,157.62527465820312,307400,0.0,0.0,0.0
2024-12-30 00:00:00-05:00,156.66649882480144,156.8020815263812,155.00076004687511,156.28880310058594,382600,0.0,0.0,0.0
2024-12-31 00:00:00-05:00,156.72462393363048,157.31538037665666,155.99828477142165,156.66651916503906,266200,0.0,0.0,0.0
2025-01-02 00:00:00-05:00,157.69307399443747,157.7318055804996,155.52373573975902,156.1338653564453,421000,0.0,0.0,0.0
2025-01-03 00:00:00-05:00,156.80210899821628,157.38317148790088,155.76585798662853,157.21853637695312,551700,0.0,0.0,0.0
2025-01-06 00:00:00-05:00,157.84801293474686,158.4871800892535,156.6180746313519,156.79238891601562,297000,0.0,0.0,0.0
2025-01-07 00:00:00-05:00,157.43157422583704,158.04170379006385,156.08542637044948,156.637451171875,560900,0.0,0.0,0.0
2025-01-08 00:00:00-05:00,156.35659970912116,156.98610248533325,155.165407679081,156.86019897460938,307000,0.0,0.0,0.0
2025-01-10 00:00:00-05:00,155.58185469584063,155.94987129532797,154.0420190991582,154.1388702392578,367700,0.0,0.0,0.0
2025-01-13 00:00:00-05:00,153.83863624682644,155.64963711281874,153.3059845870029,155.60121154785156,360400,0.0,0.0,0.0
2025-01-14 00:00:00-05:00,156.45345333325272,157.68339174502012,156.1822879038342,157.42190551757812,367200,0.0,0.0,0.0
2025-01-15 00:00:00-05:00,159.80429677604022,160.12388778447647,158.43879036578676,158.71963500976562,342100,0.0,0.0,0.0
2025-01-16 00:00:00-05:00,158.72931106795497,160.52095356470826,158.4968919954476,160.39505004882812,467800,0.0,0.0,0.0
2025-01-17 00:00:00-05:00,160.99551426383746,161.6153231393204,160.55969891072152,161.02456665039062,403900,0.0,0.0,0.0
2025-01-21 00:00:00-05:00,161.73150453091213,162.95174888594963,161.73150453091213,162.71932983398438,375800,0.0,0.0,0.0
2025-01-22 00:00:00-05:00,162.8645664387223,162.8645664387223,161.24725341796875,161.24725341796875,333900,0.0,0.0,0.0
2025-01-23 00:00:00-05:00,161.29571603346622,161.70246418207915,160.5112721198979,161.35382080078125,359800,0.0,0.0,0.0
2025-01-24 00:00:00-05:00,161.42160117454313,161.9348944216771,160.98580065198007,161.45066833496094,218200,0.0,0.0,0.0
2025-01-27 00:00:00-05:00,160.97611480129123,162.11888122558594,160.6565238239698,162.11888122558594,287200,0.0,0.0,0.0
2025-01-28 00:00:00-05:00,161.79931067781618,161.79931067781618,160.16262415075622,160.6177978515625,198600,0.0,0.0,0.0
2025-01-29 00:00:00-05:00,160.60811221718936,161.3247721780668,159.881773054003,160.12388610839844,255100,0.0,0.0,0.0
2025-01-30 00:00:00-05:00,161.31508413957525,162.27384232492318,160.74368613167067,161.72183227539062,284100,0.0,0.0,0.0
2025-01-31 00:00:00-05:00,161.56690307204278,162.27386913126364,160.44349482902763,160.68560791015625,175500,0.0,0.0,0.0
2025-02-03 00:00:00-05:00,158.6615351590659,160.47253615227157,157.57687335916629,159.84304809570312,311100,0.0,0.0,0.0
2025-02-04 00:00:00-05:00,159.49439712687672,160.23041548798312,159.17480612369144,159.64935302734375,195200,0.0,0.0,0.0
2025-02-05 00:00:00-05:00,160.64684840105818,161.04390255427526,159.57186591656762,160.8599090576172,425600,0.0,0.0,0.0
2025-02-06 00:00:00-05:00,161.38287543920825,161.38287543920825,159.58155374023647,160.39505004882812,175800,0.0,0.0,0.0
2025-02-07 00:00:00-05:00,160.61780369699392,160.61780369699392,159.32006651480256,159.5621795654297,274500,0.0,0.0,0.0
2025-02-10 00:00:00-05:00,160.42410648760014,160.42410648760014,159.27166074333795,159.93988037109375,219400,0.0,0.0,0.0
2025-02-11 00:00:00-05:00,159.32975865527365,159.959246668675,158.88426414520248,159.80429077148438,187400,0.0,0.0,0.0
2025-02-12 00:00:00-05:00,158.10950687545963,158.86489843804435,157.80928904640783,158.44847106933594,233400,0.0,0.0,0.0
2025-02-13 00:00:00-05:00,158.77776957566456,160.02708145921957,158.57440284502792,159.82369995117188,196800,0.0,0.0,0.0
2025-02-14 00:00:00-05:00,160.3175740461617,160.92770367372037,159.73651158042745,159.76556396484375,188500,0.0,0.0,0.0
2025-02-18 00:00:00-05:00,160.17229817225896,161.07296634293607,159.82365481222377,161.0148468017578,245700,0.0,0.0,0.0
2025-02-19 00:00:00-05:00,160.48222404354277,161.7896256754444,160.43379847701127,161.6734161376953,279600,0.0,0.0,0.0
2025-02-20 00:00:00-05:00,161.27633378378573,161.61529794394139,160.27882926121063,161.43128967285156,151000,0.0,0.0,0.0
2025-02-21 00:00:00-05:00,161.48941102128177,161.61531454125347,159.31039348126447,159.63966369628906,278300,0.0,0.0,0.0
2025-02-24 00:00:00-05:00,160.15294069444266,160.5984352227143,159.45565390600513,159.91082763671875,208000,0.0,0.0,0.0
2025-02-25 00:00:00-05:00,160.28851506958938,160.83086070367446,159.49439196585658,160.4047393798828,361900,0.0,0.0,0.0
2025-02-26 00:00:00-05:00,160.52094965515525,160.82116746810397,159.2522796572584,159.71713256835938,180100,0.0,0.0,0.0
2025-02-27 00:00:00-05:00,159.28131430735698,160.4725062245502,158.73898350855052,158.76803588867188,190400,0.0,0.0,0.0
2025-02-28 00:00:00-05:00,159.16514544492156,160.83088462527928,158.56469495508395,160.68560791015625,215500,0.0,0.0,0.0
2025-03-03 00:00:00-05:00,161.03422374380335,162.03172828493155,158.6034141456747,159.3975372314453,383700,0.0,0.0,0.0
2025-03-04 00:00:00-05:00,158.5646783975905,158.5646783975905,156.08544307010337,156.36630249023438,549400,0.0,0.0,0.0
2025-03-05 00:00:00-05:00,156.27913465730018,158.03203086321156,155.53343706547165,157.4606475830078,285400,0.0,0.0,0.0
2025-03-06 00:00:00-05:00,156.41469901007784,157.08293334763897,155.35908972946436,156.09510803222656,369100,0.0,0.0,0.0
2025-03-07 00:00:00-05:00,155.57215392521266,157.8383284262455,155.37846644927438,157.48968505859375,260500,0.0,0.0,0.0
2025-03-10 00:00:00-04:00,156.44375625785827,158.13854754688793,154.55527749127808,155.66900634765625,346000,0.0,0.0,0.0
2025-03-11 00:00:00-04:00,155.93046644425957,155.93046644425957,153.12196128065548,153.72239685058594,567300,0.0,0.0,0.0
2025-03-12 00:00:00-04:00,154.26473876137467,154.26473876137467,152.037310605236,152.62806701660156,349000,0.0,0.0,0.0
2025-03-13 00:00:00-04:00,152.80238354019457,153.6739845898739,151.15601779224053,151.66929626464844,340800,0.0,0.0,0.0
2025-03-14 00:00:00-04:00,152.75397565217565,154.7780521702747,152.33754826039177,154.5262451171875,237100,0.0,0.0,0.0
2025-03-17 00:00:00-04:00,154.23570530092522,157.12170374456508,154.23570530092522,156.73431396484375,276200,0.0,0.0,0.0
2025-03-18 00:00:00-04:00,156.17259181165505,156.685870280211,155.57215619426677,156.14353942871094,263400,0.0,0.0,0.0
2025-03-19 00:00:00-04:00,156.27911483352844,157.76084540401803,155.92079227570224,157.1119842529297,163300,0.0,0.0,0.0
2025-03-20 00:00:00-04:00,156.42439516498118,157.40252651510957,156.04669941815865,156.6277618408203,255600,0.0,0.0,0.0
2025-03-21 00:00:00-04:00,155.7658466468138,156.07575844067756,154.45844505714626,155.60121154785156,573200,0.0,0.0,0.0
2025-03-24 00:00:00-04:00,156.83114578829907,158.14824132231573,156.83114578829907,157.9351806640625,237400,0.0,0.0,0.0
2025-03-25 00:00:00-04:00,157.99330372437487,158.15793883801499,156.7536859932183,157.3928680419922,212000,0.0,0.0,0.0
2025-03-26 00:00:00-04:00,157.69307129857427,158.7002550704589,157.12168805512619,157.45095825195312,152100,0.0,0.0,0.0
2025-03-27 00:00:00-04:00,157.4646055870554,157.98124824479635,156.50933353599987,156.99671936035156,228900,1.054,0.0,0.0
2025-03-28 00:00:00-04:00,157.01620071487426,157.25989359873634,154.7352388916452,155.05691528320312,283900,0.0,0.0,0.0
2025-03-31 00:00:00-04:00,154.442811000811,157.26964262386576,154.24785966022685,156.4898223876953,333800,0.0,0.0,0.0
2025-04-01 00:00:00-04:00,156.20714247241963,157.04544660887862,154.9106945129055,156.5775604248047,292800,0.0,0.0,0.0
2025-04-02 00:00:00-04:00,155.50532132511623,158.18594338313864,155.50532132511623,157.8935089111328,238700,0.0,0.0,0.0
2025-04-03 00:00:00-04:00,153.9554220428389,154.7157426671475,150.76791488780148,150.93362426757812,472000,0.0,0.0,0.0
2025-04-04 00:00:00-04:00,147.77538132641942,148.00931699245868,141.8097689872349,141.95599365234375,859100,0.0,0.0,0.0
2025-04-07 00:00:00-04:00,139.07066011980197,145.53340048206366,135.8636681525742,140.454833984375,1100900,0.0,0.0,0.0
2025-04-08 00:00:00-04:00,144.48065364056282,144.6561053962855,136.58499740867623,138.2908477783203,987900,0.0,0.0,0.0
2025-04-09 00:00:00-04:00,136.77996551889834,148.65267711564476,136.0586291409369,148.02882385253906,899100,0.0,0.0,0.0
2025-04-10 00:00:00-04:00,145.37743141732645,145.9038015208658,140.34760654424466,143.8860321044922,854900,0.0,0.0,0.0
2025-04-11 00:00:00-04:00,143.7885510587635,146.6153975777944,142.09245802117894,145.95254516601562,356000,0.0,0.0,0.0
2025-04-14 00:00:00-04:00,147.77539677238087,148.87687868739292,146.79086782877846,148.3310089111328,627100,0.0,0.0,0.0
2025-04-15 00:00:00-04:00,148.3115078503982,149.22779562601826,147.5414447537295,147.58042907714844,361500,0.0,0.0,0.0
2025-04-16 00:00:00-04:00,147.34647429033947,148.4772128827899,145.26046372266958,146.0597686767578,509500,0.0,0.0,0.0
2025-04-17 00:00:00-04:00,146.35221115908337,148.7403986651836,146.35221115908337,147.51219177246094,310600,0.0,0.0,0.0
2025-04-21 00:00:00-04:00,146.8883340694822,147.02480149786518,143.4278919315438,144.96803283691406,327900,0.0,0.0,0.0
2025-04-22 00:00:00-04:00,146.41069649814585,148.7111581500638,146.41069649814585,148.4089813232422,436400,0.0,0.0,0.0
2025-04-23 00:00:00-04:00,150.72892555832968,152.3080506680292,148.69164176848096,149.2472686767578,370900,0.0,0.0,0.0
2025-04-24 00:00:00-04:00,149.57870199206104,151.7231965795426,148.75015504003852,151.4015350341797,278100,0.0,0.0,0.0
2025-04-25 00:00:00-04:00,150.81666042490667,150.9141435326842,149.53971203172472,150.57296752929688,229800,0.0,0.0,0.0
2025-04-28 00:00:00-04:00,150.75819605688355,151.60624268393542,149.96863335254753,151.08961486816406,204200,0.0,0.0,0.0
2025-04-29 00:00:00-04:00,150.4657377036186,152.16184556253322,150.28052872850435,151.7914276123047,221100,0.0,0.0,0.0
2025-04-30 00:00:00-04:00,150.62170966543422,152.23007683314273,148.82811864269883,151.74269104003906,331800,0.0,0.0,0.0
2025-05-01 00:00:00-04:00,151.88890844188668,153.01963212372408,151.07984627914817,151.75242614746094,415200,0.0,0.0,0.0
2025-05-02 00:00:00-04:00,153.45829115765375,154.71575489450456,153.0586460919415,154.3453369140625,244500,0.0,0.0,0.0
2025-05-05 00:00:00-04:00,153.54601345613438,154.74497825685282,153.24383666580826,153.99440002441406,198000,0.0,0.0,0.0
2025-05-06 00:00:00-04:00,153.11712540351235,153.99441389793574,152.6102400045524,152.951416015625,220300,0.0,0.0,0.0
2025-05-07 00:00:00-04:00,153.46805216680315,154.54029206596303,153.0683922174291,153.69224548339844,220700,0.0,0.0,0.0
2025-05-08 00:00:00-04:00,154.9107036043143,156.46058690577945,154.44281739278105,155.01792907714844,262300,0.0,0.0,0.0
2025-05-09 00:00:00-04:00,155.45656826254154,155.62227764718625,154.78397348885565,155.21287536621094,235000,0.0,0.0,0.0
2025-05-12 00:00:00-04:00,158.9560173677214,158.9560173677214,157.14294153498912,158.1079559326172,321500,0.0,0.0,0.0
2025-05-13 00:00:00-04:00,158.234674715006,158.5855930839682,157.69854736328125,157.69854736328125,179900,0.0,0.0,0.0
2025-05-14 00:00:00-04:00,157.43533861637692,157.52307935493576,156.03168015925905,156.38258361816406,441200,0.0,0.0,0.0
2025-05-15 00:00:00-04:00,156.44110797575829,158.45887756347656,156.44110797575829,158.45887756347656,361700,0.0,0.0,0.0
2025-05-16 00:00:00-04:00,158.38089169313423,160.08674206087895,158.0787148649473,160.00875854492188,275500,0.0,0.0,0.0
2025-05-19 00:00:00-04:00,158.85853027801343,160.20371985780113,158.52711150073756,159.91128540039062,261200,0.0,0.0,0.0
2025-05-20 00:00:00-04:00,159.63835831003578,160.3401950924483,159.15097248190682,159.62860107421875,315800,0.0,0.0,0.0
2025-05-21 00:00:00-04:00,158.73182367794948,158.91703268498662,156.31439397149717,156.35337829589844,293300,0.0,0.0,0.0
2025-05-22 00:00:00-04:00,155.98295872197875,156.5288284491024,154.66701108607845,155.74900817871094,279400,0.0,0.0,0.0
2025-05-23 00:00:00-04:00,154.38433475815765,155.83673496044543,154.32585084045942,155.47607421875,300400,0.0,0.0,0.0
2025-05-27 00:00:00-04:00,156.9187121953601,158.04945070716988,156.10965006400477,157.990966796875,234100,0.0,0.0,0.0
2025-05-28 00:00:00-04:00,157.8934928541382,158.1664277005648,156.14865830920857,156.28512573242188,224400,0.0,0.0,0.0
2025-05-29 00:00:00-04:00,156.743274138667,157.14293405899164,155.73926059412833,157.0941925048828,418700,0.0,0.0,0.0
2025-05-30 00:00:00-04:00,156.72377974527615,157.75703528181597,156.06094218365985,157.337890625,334200,0.0,0.0,0.0
2025-06-02 00:00:00-04:00,157.06496873027518,157.32814638002907,155.3493610195703,157.2989044189453,345200,0.0,0.0,0.0
2025-06-03 00:00:00-04:00,157.367138071526,158.5953449999704,156.6750436532705,158.45887756347656,260400,0.0,0.0,0.0
2025-06-04 00:00:00-04:00,158.83903031906746,158.83903031906746,157.59132385253906,157.59132385253906,197600,0.0,0.0,0.0
2025-06-05 00:00:00-04:00,157.8837561789481,158.04946556497234,156.87974262761438,157.25990295410156,562500,0.0,0.0,0.0
2025-06-06 00:00:00-04:00,158.56609503011296,158.88777144427746,157.8350163271485,158.44912719726562,241500,0.0,0.0,0.0
2025-06-09 00:00:00-04:00,158.91701650966792,159.1412098182869,157.84476177482136,158.3614044189453,202600,0.0,0.0,0.0
2025-06-10 00:00:00-04:00,158.64408992533214,159.3849110429066,158.47838052563137,159.24844360351562,357800,0.0,0.0,0.0
2025-06-11 00:00:00-04:00,159.41413344470106,159.41413344470106,158.1371850883897,158.58558654785156,345700,0.0,0.0,0.0
2025-06-12 00:00:00-04:00,158.12744234790665,159.44338989257812,157.942233373222,159.44338989257812,525600,0.0,0.0,0.0
2025-06-13 00:00:00-04:00,158.2736629731526,158.97549972854313,157.14293919954295,157.48410034179688,504900,0.0,0.0,0.0
2025-06-16 00:00:00-04:00,158.41989957126594,159.3849140272297,158.3126740901771,158.72207641601562,356900,0.0,0.0,0.0
2025-06-17 00:00:00-04:00,158.26391757429136,158.8097872904894,157.3086455709448,157.4256134033203,297500,0.0,0.0,0.0
2025-06-18 00:00:00-04:00,157.56206891231452,158.68305021799878,157.43534385427205,157.63031005859375,423000,0.0,0.0,0.0
2025-06-20 00:00:00-04:00,158.20542883061526,158.87802359391935,157.6888010882755,157.91299438476562,424200,0.0,0.0,0.0
2025-06-23 00:00:00-04:00,158.2444158643088,159.53112149859277,157.51333717405672,159.4141387939453,637300,0.0,0.0,0.0
2025-06-24 00:00:00-04:00,160.01850190894555,160.63259787389148,159.57985768431746,160.3206787109375,238500,0.0,0.0,0.0
2025-06-25 00:00:00-04:00,160.05750574597937,160.05750574597937,158.72207331347866,158.80979919433594,303900,0.0,0.0,0.0
2025-06-26 00:00:00-04:00,159.24843297200454,160.04775283067093,158.88777223637106,159.91128540039062,239900,0.0,0.0,0.0
2025-06-27 00:00:00-04:00,159.9989882211126,161.0809851459418,159.52134484703822,160.3401641845703,227200,0.0,0.0,0.0
2025-06-30 00:00:00-04:00,160.54988040808252,161.31421581783377,160.0109221185469,161.15744018554688,271200,0.864,0.0,0.0
2025-07-01 00:00:00-04:00,160.93203385218018,164.00897777970167,160.71645055546955,163.17605590820312,384800,0.0,0.0,0.0
2025-07-02 00:00:00-04:00,163.27404944808362,163.7640087994005,162.34312967105606,163.64642333984375,429100,0.0,0.0,0.0
2025-07-03 00:00:00-04:00,164.08737976260954,164.54794273780175,163.67581571182828,164.0579833984375,223400,0.0,0.0,0.0
2025-07-07 00:00:00-04:00,163.56802855256478,163.96000500624788,161.764981722741,162.54891967773438,254700,0.0,0.0,0.0
2025-07-08 00:00:00-04:00,162.5489223718,163.53863489805414,162.45092451866182,163.04867553710938,217700,0.0,0.0,0.0
2025-07-09 00:00:00-04:00,163.68561147826614,163.68561147826614,162.59790113374154,163.57781982421875,248300,0.0,0.0,0.0
2025-07-10 00:00:00-04:00,163.71502280085113,165.39067538829667,163.38183908227413,164.92031860351562,252500,0.0,0.0,0.0
2025-07-11 00:00:00-04:00,163.8914044302984,164.2147793992438,163.342652344466,163.77381896972656,185800,0.0,0.0,0.0
2025-07-14 00:00:00-04:00,163.51902930606684,164.067781387774,162.98008598091556,163.8914031982422,300100,0.0,0.0,0.0
2025-07-15 00:00:00-04:00,163.91100515596773,164.2343801212925,161.3240203857422,161.3240203857422,349100,0.0,0.0,0.0
2025-07-16 00:00:00-04:00,161.98056344072592,162.33333476938398,160.295102087401,162.17654418945312,366900,0.0,0.0,0.0
2025-07-17 00:00:00-04:00,162.15695475136752,163.60724530453314,161.95118018188214,163.45045471191406,263500,0.0,0.0,0.0
2025-07-18 00:00:00-04:00,164.1559940061059,164.3421809619151,163.30345452173617,163.80322265625,227100,0.0,0.0,0.0
2025-07-21 00:00:00-04:00,164.13638529593572,164.4401577061933,163.06827748168394,163.1074676513672,206800,0.0,0.0,0.0
2025-07-22 00:00:00-04:00,163.5484175826749,165.9100251304313,163.5484175826749,165.81204223632812,299200,0.0,0.0,0.0
2025-07-23 00:00:00-04:00,166.37059120374644,166.89975566080665,166.0668188073171,166.8017578125,339900,0.0,0.0,0.0
2025-07-24 00:00:00-04:00,166.14524702077324,166.9389789112864,165.98845641336007,166.01785278320312,291800,0.0,0.0,0.0
2025-07-25 00:00:00-04:00,166.53718509312458,167.24272777457594,165.7630558758402,167.14474487304688,126200,0.0,0.0,0.0
2025-07-28 00:00:00-04:00,166.948772717109,166.95858147530686,165.92966367367396,166.01785278320312,174400,0.0,0.0,0.0
2025-07-29 00:00:00-04:00,166.39020238206965,166.46859767430098,165.59647060774032,165.9198455810547,155200,0.0,0.0,0.0
2025-07-30 00:00:00-04:00,165.9590408160003,166.0962288434988,163.7444298142748,164.59695434570312,195600,0.0,0.0,0.0
2025-07-31 00:00:00-04:00,163.81299936357425,165.3710664326648,163.6170186235254,163.97958374023438,209400,0.0,0.0,0.0
2025-08-01 00:00:00-04:00,163.20547497949477,163.20547497949477,161.14763957088422,162.4117431640625,197900,0.0,0.0,0.0
2025-08-04 00:00:00-04:00,163.15645848252987,164.4303557434385,162.9212726189803,164.234375,174600,0.0,0.0,0.0
2025-08-05 00:00:00-04:00,164.5087619431234,164.69494889507,163.391655183817,164.15599060058594,216000,0.0,0.0,0.0
2025-08-06 00:00:00-04:00,164.39114584990406,164.59693534358095,163.666015625,163.666015625,200800,0.0,0.0,0.0
2025-08-07 00:00:00-04:00,164.94971799484634,165.19469767196946,163.4210472019775,164.0775909423828,177900,0.0,0.0,0.0
2025-08-08 00:00:00-04:00,164.50874765809354,165.11629243600706,164.11677122688164,164.58714294433594,240000,0.0,0.0,0.0
2025-08-11 00:00:00-04:00,164.76353587639582,165.29268541544496,163.6268265526626,163.8522186279297,234200,0.0,0.0,0.0
2025-08-12 00:00:00-04:00,164.3911565806782,165.9688262939453,164.11678053944678,165.9688262939453,302100,0.0,0.0,0.0
2025-08-13 00:00:00-04:00,166.45876985028082,168.28141906685553,166.16480622855215,168.16383361816406,253400,0.0,0.0,0.0
2025-08-14 00:00:00-04:00,167.20354898107354,167.39952974983953,166.37061202335033,167.25253295898438,176700,0.0,0.0,0.0
2025-08-15 00:00:00-04:00,167.78168744395282,167.78168744395282,166.56658282650417,166.72337341308594,300400,0.0,0.0,0.0
2025-08-18 00:00:00-04:00,166.58618442058727,166.801767737792,166.14522398171331,166.29220581054688,915700,0.0,0.0,0.0
2025-08-19 00:00:00-04:00,166.38038123206877,168.10504762794622,166.26279577866694,167.4582977294922,177200,0.0,0.0,0.0
2025-08-20 00:00:00-04:00,167.47792131685628,168.23244800741517,167.20354525622142,167.6641082763672,228400,0.0,0.0,0.0
2025-08-21 00:00:00-04:00,167.26233033583102,167.51710382265443,166.66457931272288,167.14474487304688,171300,0.0,0.0,0.0
2025-08-22 00:00:00-04:00,167.879692778181,170.86843309904611,167.879692778181,170.4176788330078,247500,0.0,0.0,0.0
2025-08-25 00:00:00-04:00,169.86892510096322,170.16288877065344,169.006591796875,169.006591796875,185500,0.0,0.0,0.0
2025-08-26 00:00:00-04:00,168.88900073267226,169.32996117496972,168.56562575435458,169.0457763671875,166300,0.0,0.0,0.0
2025-08-27 00:00:00-04:00,168.85961479293937,169.97672162684307,168.85961479293937,169.81993103027344,174900,0.0,0.0,0.0
2025-08-28 00:00:00-04:00,170.025692932646,170.025692932646,168.6342101346421,169.2809600830078,222600,0.0,0.0,0.0
2025-08-29 00:00:00-04:00,169.2025770849553,170.10410058498266,168.9379948227858,169.32997131347656,138000,0.0,0.0,0.0
2025-09-02 00:00:00-04:00,167.97766334274183,168.52641542753364,167.29172323675206,168.29124450683594,162300,0.0,0.0,0.0
2025-09-03 00:00:00-04:00,167.83069221907766,168.57542510272995,167.16433967907395,167.96788024902344,281100,0.0,0.0,0.0
2025-09-04 00:00:00-04:00,168.47742899864377,169.13398774062037,167.99727836502154,169.07518005371094,137900,0.0,0.0,0.0
2025-09-05 00:00:00-04:00,169.4083715946613,170.52547845933404,168.40885020446734,169.34957885742188,237300,0.0,0.0,0.0
2025-09-08 00:00:00-04:00,169.27115938484118,169.27115938484118,167.67388714018134,168.94778442382812,154100,0.0,0.0,0.0
2025-09-09 00:00:00-04:00,168.67343046506417,168.7322232016032,168.11486956319442,168.2422637939453,160600,0.0,0.0,0.0
2025-09-10 00:00:00-04:00,168.27164802956725,169.1241725526638,167.830687584944,168.438232421875,154200,0.0,0.0,0.0
2025-09-11 00:00:00-04:00,168.63421196325376,171.11340517316603,168.51662649950245,170.93702697753906,197500,0.0,0.0,0.0
2025-09-12 00:00:00-04:00,170.64305001437236,171.26040360977765,169.91790475869593,169.96690368652344,168800,0.0,0.0,0.0
2025-09-15 00:00:00-04:00,170.16287718495832,170.30987396216887,168.89878863423547,169.14376831054688,222200,0.0,0.0,0.0
2025-09-16 00:00:00-04:00,169.27115419664574,169.56511783185434,168.18344388925766,168.68319702148438,258800,0.0,0.0,0.0
2025-09-17 00:00:00-04:00,168.83019988161595,170.91743166597632,168.1932586561146,168.88900756835938,406800,0.0,0.0,0.0
2025-09-18 00:00:00-04:00,169.07516160780307,170.2020770554921,168.58520227029626,169.67291259765625,162900,0.0,0.0,0.0
2025-09-19 00:00:00-04:00,169.99628482349877,169.99628482349877,168.85959054254835,169.17315673828125,214300,0.0,0.0,0.0
2025-09-22 00:00:00-04:00,168.90859208270328,169.49654932037072,168.42844145923607,169.18296813964844,264000,0.0,0.0,0.0
2025-09-23 00:00:00-04:00,169.4377499667822,171.06441863538086,169.4377499667822,170.13348388671875,241000,0.0,0.0,0.0
2025-09-24 00:00:00-04:00,170.32947848636843,170.87823057525193,169.85910673671998,170.006103515625,185400,0.0,0.0,0.0
2025-09-25 00:00:00-04:00,169.5063465465658,169.81992773361762,168.3500495621536,168.8302001953125,250700,0.0,0.0,0.0
2025-09-26 00:00:00-04:00,169.4965446248896,171.005612896283,169.4965446248896,170.99581909179688,330200,0.0,0.0,0.0
2025-09-29 00:00:00-04:00,171.65861274858466,171.65861274858466,170.555575318648,171.3927001953125,333200,0.873,0.0,0.0
2025-09-30 00:00:00-04:00,171.18590978439954,171.98363250415744,170.5359079284654,171.93438720703125,349700,0.0,0.0,0.0
2025-10-01 00:00:00-04:00,171.68815956403282,172.13133714128085,171.29421225171527,171.51087951660156,408800,0.0,0.0,0.0
2025-10-02 00:00:00-04:00,171.40254762583265,172.03284830439202,170.76240389969783,171.638916015625,341000,0.0,0.0,0.0
2025-10-03 00:00:00-04:00,172.05255371237462,173.35255734728113,172.05255371237462,172.60406494140625,324800,0.0,0.0,0.0
2025-10-06 00:00:00-04:00,173.03740430608707,173.04726238173615,172.2889269069183,172.41696166992188,405600,0.0,0.0,0.0
2025-10-07 00:00:00-04:00,172.7124070612873,173.037407985978,171.3631730934495,171.8063507080078,373900,0.0,0.0,0.0
2025-10-08 00:00:00-04:00,172.1215106158297,172.36772207432958,171.10712060901446,171.78665161132812,192000,0.0,0.0,0.0
2025-10-09 00:00:00-04:00,172.06240601221614,172.41695108005766,170.14194479533523,170.35861206054688,270300,0.0,0.0,0.0
2025-10-10 00:00:00-04:00,170.81165766036085,171.018466862572,166.9510639343585,166.96090698242188,625200,0.0,0.0,0.0
2025-10-13 00:00:00-04:00,168.26090292583362,169.08816975181333,167.81771031490186,168.61544799804688,165900,0.0,0.0,0.0
2025-10-14 00:00:00-04:00,167.4237756833801,170.998770525907,167.19726537105282,170.50634765625,219400,0.0,0.0,0.0
2025-10-15 00:00:00-04:00,171.4025445469705,172.0820905063076,169.69876563870497,170.94952392578125,179700,0.0,0.0,0.0
2025-10-16 00:00:00-04:00,171.01845849052256,171.01845849052256,168.32983380051678,168.76316833496094,203900,0.0,0.0,0.0
2025-10-17 00:00:00-04:00,168.74346904970443,169.4722603226194,168.3298356334728,169.1768035888672,256000,0.0,0.0,0.0
2025-10-20 00:00:00-04:00,170.0927169799146,171.13665107593943,169.9843833457486,170.91012573242188,179400,0.0,0.0,0.0
2025-10-21 00:00:00-04:00,170.97906600750295,172.2199662044732,170.83134516056117,171.6881561279297,363100,0.0,0.0,0.0
2025-10-22 00:00:00-04:00,171.6783317128857,172.2593871439894,170.6737847619989,171.2252960205078,299800,0.0,0.0,0.0
2025-10-23 00:00:00-04:00,171.80634613260435,172.48589213635552,171.06771178549292,171.99346923828125,251400,0.0,0.0,0.0
2025-10-24 00:00:00-04:00,172.88967650545342,173.22452045788341,172.31846416025024,172.33816528320312,277200,0.0,0.0,0.0
2025-10-27 00:00:00-04:00,173.04725146867938,173.04725146867938,172.0033023618515,172.6631622314453,229200,0.0,0.0,0.0
2025-10-28 00:00:00-04:00,171.95408552000976,171.95408552000976,170.81166076660156,170.81166076660156,289300,0.0,0.0,0.0
2025-10-29 00:00:00-04:00,170.78211233738105,171.33362357629878,169.2949855743484,169.8465118408203,470800,0.0,0.0,0.0
2025-10-30 00:00:00-04:00,169.34424466206886,171.27454918305313,169.1571215420052,169.5707550048828,389500,0.0,0.0,0.0
2025-10-31 00:00:00-04:00,169.24576676809173,170.2207545502207,168.64501019339735,169.73818969726562,269700,0.0,0.0,0.0
2025-11-03 00:00:00-05:00,169.3836284235675,169.3836284235675,167.38439272410483,169.31468200683594,293000,0.0,0.0,0.0
2025-11-04 00:00:00-05:00,168.06391625278079,168.78286444884273,167.74877343643502,168.3790740966797,325100,0.0,0.0,0.0
2025-11-05 00:00:00-05:00,168.76316247769188,170.1419404689304,168.58588243450234,169.39346313476562,416600,0.0,0.0,0.0
2025-11-06 00:00:00-05:00,169.53135498928197,170.47681356705456,169.01923096684038,169.1177215576172,439100,0.0,0.0,0.0
2025-11-07 00:00:00-05:00,168.96999453611156,170.90028381347656,168.66467972686107,170.90028381347656,390800,0.0,0.0,0.0
2025-11-10 00:00:00-05:00,171.4715136359882,172.33818280337636,170.41772135040898,171.88514709472656,490500,0.0,0.0,0.0
2025-11-11 00:00:00-05:00,172.21012606805309,173.3525507288902,172.06240521861437,172.81088256835938,271900,0.0,0.0,0.0
2025-11-12 00:00:00-05:00,172.9389209067356,174.05178639319362,172.9389209067356,173.35255432128906,194400,0.0,0.0,0.0
2025-11-13 00:00:00-05:00,172.64348429228508,173.33287339687521,171.12681323463138,171.2942352294922,254700,0.0,0.0,0.0
2025-11-14 00:00:00-05:00,170.92981082288352,171.97374482099264,170.3881427028593,171.20556640625,561600,0.0,0.0,0.0
2025-11-17 00:00:00-05:00,171.0480090578271,171.20558799034617,168.1525750674483,168.70408630371094,312600,0.0,0.0,0.0
2025-11-18 00:00:00-05:00,168.2017902354904,169.8858829920566,167.93589271673213,168.9896697998047,483500,0.0,0.0,0.0
2025-11-19 00:00:00-05:00,168.90105664408287,168.99954723623824,167.4927343470989,167.9457550048828,242000,0.0,0.0,0.0
2025-11-20 00:00:00-05:00,169.4722727952092,170.08287240302914,166.20257741547243,166.3306121826172,368100,0.0,0.0,0.0
2025-11-21 00:00:00-05:00,167.0790754070201,170.36847163159334,166.91165343289614,169.4821014404297,364800,0.0,0.0,0.0
2025-11-24 00:00:00-05:00,169.71847514458554,170.51619782232413,168.80256075445874,170.1518096923828,516100,0.0,0.0,0.0
2025-11-25 00:00:00-05:00,170.713176764434,172.673025424258,170.69349066718922,172.3283233642578,399800,0.0,0.0,0.0
2025-11-26 00:00:00-05:00,172.62376174467968,174.5146637801342,172.5449722814249,173.7957305908203,333900,0.0,0.0,0.0
2025-11-28 00:00:00-05:00,174.10102522599536,175.1646604071864,173.81542657924226,174.84950256347656,171300,0.0,0.0,0.0
2025-12-01 00:00:00-05:00,173.89422575080235,174.84951232745448,173.50027842416617,173.60861206054688,247100,0.0,0.0,0.0
2025-12-02 00:00:00-05:00,173.9533188858739,173.9533188858739,172.49573627848991,172.9881591796875,2158600,0.0,0.0,0.0
2025-12-03 00:00:00-05:00,173.43134116629025,174.38664273817432,173.09648219309074,174.23890686035156,335100,0.0,0.0,0.0
2025-12-04 00:00:00-05:00,174.10103516819026,175.11542511578517,173.92377014164543,174.6131591796875,273800,0.0,0.0,0.0
2025-12-05 00:00:00-05:00,174.3866457079673,175.5389134423513,174.19952260940383,174.6427001953125,305700,0.0,0.0,0.0
2025-12-08 00:00:00-05:00,174.98739628612043,174.98739628612043,173.85482961578106,173.9828643798828,495000,0.0,0.0,0.0
2025-12-09 00:00:00-05:00,173.91391654026899,175.13513074446985,173.91391654026899,174.14044189453125,414900,0.0,0.0,0.0
2025-12-10 00:00:00-05:00,174.25861290762393,177.12451770426938,174.25861290762393,176.77981567382812,445600,0.0,0.0,0.0
2025-12-11 00:00:00-05:00,176.77980207810742,178.68054705435702,176.77980207810742,178.345703125,535600,0.0,0.0,0.0
2025-12-12 00:00:00-05:00,179.02525449598272,179.16313229623248,176.84875386150054,177.14419555664062,301800,0.0,0.0,0.0
2025-12-15 00:00:00-05:00,178.10936020937672,178.10936020937672,176.61239045904907,177.52828979492188,293800,0.0,0.0,0.0
2025-12-16 00:00:00-05:00,177.5184541001539,177.8336119669835,175.35179636213996,175.7358856201172,310200,0.0,0.0,0.0
2025-12-17 00:00:00-05:00,176.04117040368223,176.70101522510578,175.1745013713395,175.588134765625,284200,0.0,0.0,0.0
2025-12-18 00:00:00-05:00,176.37602701681865,177.06541605685146,175.223759258288,175.469970703125,332200,0.0,0.0,0.0
2025-12-19 00:00:00-05:00,175.7260140335501,176.47450639594416,175.7260140335501,175.86390686035156,335200,0.0,0.0,0.0
2025-12-22 00:00:00-05:00,176.38959142633877,177.24099827286338,176.25099101440742,177.1519012451172,265600,0.931,0.0,0.0
2025-12-23 00:00:00-05:00,177.05290414823398,177.2707069654967,176.4391044484824,176.8747100830078,392900,0.0,0.0,0.0
2025-12-24 00:00:00-05:00,177.08259367689263,177.81520448721207,176.7856035840852,177.45880126953125,351900,0.0,0.0,0.0
2025-12-26 00:00:00-05:00,177.4686993898842,177.67660756524526,176.96380111588192,177.6072998046875,200300,0.0,0.0,0.0
2025-12-29 00:00:00-05:00,177.40930990674474,177.8350209124686,176.9737042660275,177.1123046875,206800,0.0,0.0,0.0
2025-12-30 00:00:00-05:00,177.16180362912607,177.4588088409173,176.9736998247812,177.0529022216797,192200,0.0,0.0,0.0
2025-12-31 00:00:00-05:00,177.02320818645924,177.02320818645924,175.5183928157192,175.59759521484375,226800,0.0,0.0,0.0
2026-01-02 00:00:00-05:00,176.1222979247345,177.60730891939943,174.89469850385183,177.22120666503906,336700,0.0,0.0,0.0
2026-01-05 00:00:00-05:00,177.85479291078252,179.73581571245577,177.61720084350992,179.1121063232422,423400,0.0,0.0,0.0
2026-01-06 00:00:00-05:00,178.69632038007893,180.9040324630403,178.69632038007893,180.73573303222656,381300,0.0,0.0,0.0
2026-01-07 00:00:00-05:00,180.87432091925598,180.93371893703775,178.23100338378578,178.33990478515625,250000,0.0,0.0,0.0
2026-01-08 00:00:00-05:00,177.99340208747185,181.01292731041102,177.99340208747185,180.54762268066406,394900,0.0,0.0,0.0
2026-01-09 00:00:00-05:00,180.79513541718612,181.82475150929872,180.6664447354069,181.300048828125,225200,0.0,0.0,0.0
2026-01-12 00:00:00-05:00,180.71592280950273,181.6366374380641,180.46842098872884,181.4683380126953,226800,0.0,0.0,0.0
2026-01-13 00:00:00-05:00,181.93363780123227,182.5078438229,181.0426222063774,181.60693359375,238000,0.0,0.0,0.0
2026-01-14 00:00:00-05:00,181.71583495805498,183.18104146795778,181.71583495805498,182.92364501953125,366000,0.0,0.0,0.0
2026-01-15 00:00:00-05:00,183.34933411756032,184.29974769551046,183.0622386705454,183.74534606933594,266300,0.0,0.0,0.0
2026-01-16 00:00:00-05:00,183.48794805073217,183.77505862522406,182.8642537284631,183.4186553955078,228000,0.0,0.0,0.0
2026-01-20 00:00:00-05:00,181.5574375977357,182.5672492704719,180.60702394581122,180.89413452148438,404200,0.0,0.0,0.0
2026-01-21 00:00:00-05:00,182.12173657641233,184.0720369206224,182.1019322020561,183.567138671875,487600,0.0,0.0,0.0
2026-01-22 00:00:00-05:00,184.1710502618953,184.705662644421,183.45824382273565,183.7552490234375,275200,0.0,0.0,0.0
2026-01-23 00:00:00-05:00,183.54734863256823,184.00275864045983,182.15144981082065,182.84445190429688,258700,0.0,0.0,0.0
2026-01-26 00:00:00-05:00,183.45824904044852,184.18095013453808,183.14145456198546,183.4186553955078,191300,0.0,0.0,0.0
2026-01-27 00:00:00-05:00,183.73543886541853,184.08194743971657,183.15133822308673,183.98294067382812,204900,0.0,0.0,0.0
2026-01-28 00:00:00-05:00,183.94334567351012,184.79475249240699,183.07213448031942,183.45823669433594,303900,0.0,0.0,0.0
2026-01-29 00:00:00-05:00,184.75514159743378,185.67585616250693,182.8741339317825,183.83444213867188,345900,0.0,0.0,0.0
2026-01-30 00:00:00-05:00,182.89395198752447,183.4384439113632,181.1713338665861,183.0028533935547,302000,0.0,0.0,0.0
2026-02-02 00:00:00-05:00,182.58702779826513,184.17104542284733,182.28012797125135,183.8938446044922,465300,0.0,0.0,0.0
2026-02-03 00:00:00-05:00,184.01265963627716,186.12138010661164,183.71566951902992,185.16107177734375,412600,0.0,0.0,0.0
2026-02-04 00:00:00-05:00,185.7649708656054,187.705391838118,185.7649708656054,187.21038818359375,357900,0.0,0.0,0.0
2026-02-05 00:00:00-05:00,186.27978254842242,186.7153881899546,184.8343652020941,185.23037719726562,380100,0.0,0.0,0.0
2026-02-06 00:00:00-05:00,186.61637417328265,189.39829224129613,186.61637417328265,189.19039916992188,329800,0.0,0.0,0.0
2026-02-09 00:00:00-05:00,188.9428948576975,189.75469296955396,188.24987767874876,189.2596893310547,276100,0.0,0.0,0.0
2026-02-10 00:00:00-05:00,189.28939698538312,189.91310643239586,189.16070630578852,189.57650756835938,250400,0.0,0.0,0.0
2026-02-11 00:00:00-05:00,190.3883041319063,191.0219082085924,189.5368972376425,190.36849975585938,290700,0.0,0.0,0.0
2026-02-12 00:00:00-05:00,190.85359599608694,192.23960010029128,188.03206929772094,188.17068481445312,369400,0.0,0.0,0.0
2026-02-13 00:00:00-05:00,188.13108100915647,191.091208195736,187.5469803431994,190.46749877929688,311100,0.0,0.0,0.0
2026-02-17 00:00:00-05:00,190.5665136991805,191.68521169399168,188.61619807811385,190.17050170898438,331000,0.0,0.0,0.0
2026-02-18 00:00:00-05:00,190.72489020932562,191.70500282273065,190.10119591562403,191.11099243164062,204900,0.0,0.0,0.0
2026-02-19 00:00:00-05:00,190.70510304556447,191.21000130914487,189.62598365296455,190.4279022216797,351700,0.0,0.0,0.0
2026-02-20 00:00:00-05:00,190.08139093515615,191.98220303175032,189.97248953401376,191.5070037841797,356600,0.0,0.0,0.0
2026-02-23 00:00:00-05:00,190.86349819950502,192.22971308948158,189.11119617819259,189.89329528808594,346500,0.0,0.0,0.0
2026-02-24 00:00:00-05:00,190.00219006418163,191.7347027558482,189.88339402791573,191.5268096923828,201000,0.0,0.0,0.0
2026-02-25 00:00:00-05:00,191.98221679247303,192.04161481438786,189.92299976365277,191.48721313476562,249700,0.0,0.0,0.0
2026-02-26 00:00:00-05:00,191.6753043611017,192.84350566558612,191.37829916470864,192.53660583496094,381200,0.0,0.0,0.0
2026-02-27 00:00:00-05:00,191.59609849256165,192.58610572503758,190.77439067684924,192.3881072998047,287500,0.0,0.0,0.0
2026-03-02 00:00:00-05:00,191.58620385850904,192.98210257550335,190.8535930682047,192.3881072998047,360300,0.0,0.0,0.0
2026-03-03 00:00:00-05:00,189.17060577371106,190.17050775641673,186.38868754423657,189.4379119873047,484500,0.0,0.0,0.0
2026-03-04 00:00:00-05:00,190.18040893021796,190.56651117409768,188.76469063178394,189.9329071044922,227600,0.0,0.0,0.0
2026-03-05 00:00:00-05:00,188.60627380723807,189.5269883954912,186.56686131035494,187.64596557617188,265800,0.0,0.0,0.0
2026-03-06 00:00:00-05:00,185.90356968185475,186.11147786174004,183.86415705980767,185.5669708251953,243200,0.0,0.0,0.0
2026-03-09 00:00:00-04:00,183.7948477797887,185.83427549130482,181.44853533097063,185.5471649169922,669000,0.0,0.0,0.0
2026-03-10 00:00:00-04:00,185.33927347307485,186.5965718688411,184.10176434678422,184.25025939941406,641900,0.0,0.0,0.0
2026-03-11 00:00:00-04:00,183.96316011229334,184.53735104142467,182.97315283180006,183.7948455810547,368500,0.0,0.0,0.0
2026-03-12 00:00:00-04:00,182.41873693587505,183.5671490122421,181.24064095576878,181.2703399658203,380700,0.0,0.0,0.0
2026-03-13 00:00:00-04:00,182.468249265729,183.23055914248116,181.12183868758183,181.38914489746094,243900,0.0,0.0,0.0
2026-03-16 00:00:00-04:00,182.9236504260845,183.80475630618943,182.29994100201378,182.89395141601562,276100,0.0,0.0,0.0
2026-03-17 00:00:00-04:00,183.94335454193853,184.95316619124893,183.94335454193853,184.0819549560547,196300,0.0,0.0,0.0
2026-03-18 00:00:00-04:00,183.25035766009395,183.64635453840643,181.55743852673595,181.61683654785156,238900,0.0,0.0,0.0
2026-03-19 00:00:00-04:00,180.2902242211032,182.77513702608107,180.2110218268876,181.7356414794922,376500,0.0,0.0,0.0
2026-03-20 00:00:00-04:00,181.73563357835494,182.2801254671579,178.3992989571876,179.20120239257812,312200,0.0,0.0,0.0
2026-03-23 00:00:00-04:00,181.6168309544973,183.15134524674596,180.8644308663506,181.33963012695312,307200,0.0,0.0,0.0
2026-03-24 00:00:00-04:00,180.42882688865592,183.82454461007097,180.3595191279843,182.98304748535156,531700,0.0,0.0,0.0
2026-03-25 00:00:00-04:00,184.01264220767686,184.63635160744832,182.59693909517486,183.4087371826172,282000,0.0,0.0,0.0
2026-03-26 00:00:00-04:00,182.5474380419568,184.52745256168356,182.31974060195557,182.5276336669922,283000,0.0,0.0,0.0
2026-03-27 00:00:00-04:00,182.23798266818673,183.07411570584705,180.83446387657844,181.13308715820312,229800,0.999,0.0,0.0
2026-03-30 00:00:00-04:00,182.78546049782042,182.94471308834272,180.03814446790363,180.6254425048828,382100,0.0,0.0,0.0
2026-03-31 00:00:00-04:00,182.24793517616322,184.14915441566737,181.16295191162953,183.43246459960938,630200,0.0,0.0,0.0
2026-04-01 00:00:00-04:00,183.7012350166085,184.33829097078979,183.33292636360463,183.80076599121094,701400,0.0,0.0,0.0
2026-04-02 00:00:00-04:00,182.6261974838318,185.1346119104984,182.2877648358007,184.3780975341797,357300,0.0,0.0,0.0
2026-04-06 00:00:00-04:00,184.07947707525597,185.22419719810608,183.8903636668729,185.21424865722656,316800,0.0,0.0,0.0
2026-04-07 00:00:00-04:00,184.59708589001465,185.48299204518622,184.17901935271465,185.03506469726562,421900,0.0,0.0,0.0
2026-04-08 00:00:00-04:00,187.08559126954756,188.71804809570312,187.06567899925207,188.71804809570312,322200,0.0,0.0,0.0
2026-04-09 00:00:00-04:00,188.10090145634408,189.81299214814868,188.07104064567633,189.28543090820312,320200,0.0,0.0,0.0
2026-04-10 00:00:00-04:00,189.3650565844782,189.85279326329993,187.98145005865402,188.200439453125,195400,0.0,0.0,0.0
2026-04-13 00:00:00-04:00,187.4837573388851,189.3252398096701,187.38421117782138,189.26551818847656,315400,0.0,0.0,0.0
2026-04-14 00:00:00-04:00,189.36505902496705,190.0220120282355,188.28006057888277,189.72340393066406,324700,0.0,0.0,0.0
2026-04-15 00:00:00-04:00,189.42479132282045,189.59400765052052,188.23031329936518,188.80763244628906,283000,0.0,0.0,0.0
2026-04-16 00:00:00-04:00,188.85739698253462,190.0319778709552,188.85739698253462,189.82293701171875,225300,0.0,0.0,0.0
2026-04-17 00:00:00-04:00,190.08175975800825,192.44085499603838,190.0021258645432,191.64453125,295300,0.0,0.0,0.0
2026-04-20 00:00:00-04:00,191.32600872065464,192.7693369505802,190.71881357982377,192.25172424316406,185100,0.0,0.0,0.0
2026-04-21 00:00:00-04:00,192.89871682923757,193.62537035838045,191.37575480074472,191.70423889160156,415100,0.0,0.0,0.0
2026-04-22 00:00:00-04:00,192.59014675085007,192.92859457360973,190.69889126485688,191.0771484375,310300,0.0,0.0,0.0
2026-04-23 00:00:00-04:00,191.93319355492415,192.81909967788124,190.88801965537425,192.48065185546875,226000,0.0,0.0,0.0
2026-04-24 00:00:00-04:00,192.6200064606044,192.6200064606044,191.4653530572429,191.73410034179688,290300,0.0,0.0,0.0
2026-04-27 00:00:00-04:00,191.63458079208252,192.759373453071,191.48526154759966,191.55494689941406,424200,0.0,0.0,0.0
2026-04-28 00:00:00-04:00,191.8535639097391,192.38112514133573,190.39032345572986,191.26626586914062,275600,0.0,0.0,0.0
2026-04-29 00:00:00-04:00,191.25632530097437,191.79383509550456,190.31069749861615,190.92784118652344,258500,0.0,0.0,0.0
2026-04-30 00:00:00-04:00,190.64911616308905,193.94389041813955,190.38035369124123,193.80453491210938,271600,0.0,0.0,0.0
2026-05-01 00:00:00-04:00,194.28233401518057,194.28233401518057,192.80914498419,192.8987274169922,316800,0.0,0.0,0.0
2026-05-04 00:00:00-04:00,192.4408448879267,193.61541058046387,191.4852534051514,191.8834228515625,251900,0.0,0.0,0.0
2026-05-05 00:00:00-04:00,192.38112888554775,193.53578234232685,191.90332553590284,192.84896850585938,250700,0.0,0.0,0.0
2026-05-06 00:00:00-04:00,193.2769867877732,193.84437257914612,192.6299822920857,192.99827575683594,210500,0.0,0.0,0.0
2026-05-07 00:00:00-04:00,192.34130210385973,192.51051842582416,190.28083024124686,190.62921142578125,371300,0.0,0.0,0.0
2026-05-08 00:00:00-04:00,191.24637502968918,191.59475622287323,190.40027821024847,190.84820556640625,273000,0.0,0.0,0.0
2026-05-11 00:00:00-04:00,191.56489051156746,191.75401910321253,190.94774684503017,191.3260040283203,427600,0.0,0.0,0.0
2026-05-12 00:00:00-04:00,191.44544123797712,192.08249715425018,189.9622885505645,191.75401306152344,379200,0.0,0.0,0.0
2026-05-13 00:00:00-04:00,191.68434354634812,191.68434354634812,190.3903194402738,191.0771484375,322800,0.0,0.0,0.0
2026-05-14 00:00:00-04:00,191.50516841855242,192.62997623643963,191.2463696661356,192.0128173828125,292900,0.0,0.0,0.0
2026-05-15 00:00:00-04:00,191.19659438543212,191.2961253558569,189.64377151158055,189.79307556152344,234400,0.0,0.0,0.0
2026-05-18 00:00:00-04:00,190.07178107686278,191.19658884923442,189.68357536964058,190.94773864746094,213500,0.0,0.0,0.0
2026-05-19 00:00:00-04:00,190.18127678746626,190.87805431842588,189.05646900909576,190.290771484375,210200,0.0,0.0,0.0
2026-05-20 00:00:00-04:00,190.569495200465,191.87346792145985,189.80303227101012,191.58480834960938,243100,0.0,0.0,0.0
2026-05-21 00:00:00-04:00,190.95768892030765,191.81373422972027,189.79307178807377,191.73410034179688,220100,0.0,0.0,0.0
2026-05-22 00:00:00-04:00,192.6399258886096,193.91403776551022,192.28158097394308,193.47605895996094,143100,0.0,0.0,0.0
2026-05-26 00:00:00-04:00,194.28233126513615,195.038845634389,193.55569289500633,194.18280029296875,232900,0.0,0.0,0.0
2026-05-27 00:00:00-04:00,194.3122018762864,194.8696239085247,193.82445000377226,193.93394470214844,242600,0.0,0.0,0.0
2026-05-28 00:00:00-04:00,193.97376503102709,194.4217075788538,192.9684156080243,193.73487854003906,222800,0.0,0.0,0.0
2026-05-29 00:00:00-04:00,194.0733094640349,194.35202049344358,193.4760628646666,193.65524291992188,217600,0.0,0.0,0.0
2026-06-01 00:00:00-04:00,192.66977859098515,193.6154063239289,192.4707014664619,193.09780883789062,307700,0.0,0.0,0.0
2026-06-02 00:00:00-04:00,193.69504647287775,195.04879222745276,193.69504647287775,194.79994201660156,307700,0.0,0.0,0.0
2026-06-03 00:00:00-04:00,194.45155398576037,195.54648576177397,194.05338454925555,194.48141479492188,367500,0.0,0.0,0.0
2026-06-04 00:00:00-04:00,195.34741644621292,196.34281729434647,195.2279732047926,196.25323486328125,260000,0.0,0.0,0.0
2026-06-05 00:00:00-04:00,195.61617130027716,196.1935055923158,194.20270397367682,194.49136352539062,288800,0.0,0.0,0.0
2026-06-08 00:00:00-04:00,195.0886161425247,195.34741489308166,193.9140352529877,194.0633544921875,265800,0.0,0.0,0.0
2026-06-09 00:00:00-04:00,194.77008061973632,195.92474923987479,193.09781449838664,195.47682189941406,393300,0.0,0.0,0.0
2026-06-10 00:00:00-04:00,195.576357114869,196.14374289674825,193.54574603935828,193.55569458007812,243700,0.0,0.0,0.0
2026-06-11 00:00:00-04:00,194.6207714664067,196.5817122856833,194.20270494703047,195.9446563720703,374400,0.0,0.0,0.0
2026-06-12 00:00:00-04:00,196.6712954246377,198.42319539625348,196.38262068182252,198.09471130371094,311600,0.0,0.0,0.0
2026-06-15 00:00:00-04:00,199.02044672495072,199.69731200679115,198.0947160440672,198.31370544433594,245300,0.0,0.0,0.0
2026-06-16 00:00:00-04:00,198.85123085574605,199.97602348119358,198.15445330267866,198.3336181640625,261000,0.0,0.0,0.0
2026-06-17 00:00:00-04:00,197.84586902947646,198.53269805153997,194.54114607964104,194.92935180664062,261900,0.0,0.0,0.0
2026-06-18 00:00:00-04:00,196.32290776722277,196.32290776722277,194.6307293394781,194.9691619873047,236100,0.0,0.0,0.0
2026-06-22 00:00:00-04:00,195.1582820507215,196.7011563571645,195.1582820507215,195.98446655273438,354600,0.0,0.0,0.0
2026-06-23 00:00:00-04:00,195.17819922950616,196.85046535616738,194.69044734825755,196.21340942382812,309600,0.0,0.0,0.0
2026-06-24 00:00:00-04:00,196.33286087985067,197.7264159359046,196.2233661834028,197.29840087890625,152900,0.0,0.0,0.0
2026-06-25 00:00:00-04:00,197.9254972281695,200.46377238029157,197.81600252941564,198.9010009765625,301500,0.0,0.0,0.0
2026-06-26 00:00:00-04:00,198.5800018310547,199.44000244140625,198.22999572753906,199.08999633789062,151400,0.919,0.0,0.0
2026-06-29 00:00:00-04:00,199.0,199.57000732421875,198.17999267578125,198.72999572753906,253700,0.0,0.0,0.0
2026-06-30 00:00:00-04:00,198.47000122070312,198.6999969482422,197.44000244140625,197.60000610351562,242600,0.0,0.0,0.0
2026-07-01 00:00:00-04:00,197.6199951171875,199.5,197.36000061035156,198.25,383100,0.0,0.0,0.0
2026-07-02 00:00:00-04:00,199.39999389648438,200.38999938964844,198.72000122070312,200.16000366210938,548000,0.0,0.0,0.0
2026-07-06 00:00:00-04:00,199.80999755859375,200.52999877929688,199.25999450683594,200.0500030517578,405200,0.0,0.0,0.0
2026-07-07 00:00:00-04:00,200.97000122070312,201.6999969482422,200.5800018310547,200.6999969482422,288100,0.0,0.0,0.0
2026-07-08 00:00:00-04:00,200.39999389648438,200.39999389648438,199.0500030517578,199.3699951171875,188000,0.0,0.0,0.0
2026-07-09 00:00:00-04:00,199.9600067138672,200.9499969482422,199.3800048828125,200.10000610351562,215200,0.0,0.0,0.0
2026-07-10 00:00:00-04:00,200.8000030517578,201.72999572753906,200.3300018310547,201.35000610351562,193100,0.0,0.0,0.0
2026-07-13 00:00:00-04:00,201.99000549316406,203.3699951171875,201.99000549316406,202.27999877929688,302800,0.0,0.0,0.0
2026-07-14 00:00:00-04:00,202.8699951171875,203.39999389648438,201.4499969482422,201.7899932861328,226900,0.0,0.0,0.0
2026-07-15 00:00:00-04:00,202.08999633789062,202.27999877929688,200.7899932861328,201.1199951171875,219900,0.0,0.0,0.0
2026-07-16 00:00:00-04:00,201.30999755859375,203.47000122070312,201.30999755859375,203.41000366210938,405500,0.0,0.0,0.0
2026-07-17 00:00:00-04:00,203.32000732421875,205.41000366210938,202.3699951171875,202.8000030517578,300300,0.0,0.0,0.0
2026-07-20 00:00:00-04:00,203.07000732421875,203.10000610351562,201.50999450683594,201.52999877929688,185100,0.0,0.0,0.0
2026-07-21 00:00:00-04:00,201.89999389648438,202.14999389648438,201.0,201.94000244140625,220700,0.0,0.0,0.0
2026-07-22 00:00:00-04:00,202.66000366210938,203.6999969482422,202.25,202.75,288600,0.0,0.0,0.0
2026-07-23 00:00:00-04:00,202.52999877929688,203.36000061035156,201.94000244140625,202.4499969482422,337500,0.0,0.0,0.0
2026-07-24 00:00:00-04:00,202.97999572753906,205.47999572753906,202.97999572753906,204.77999877929688,149500,0.0,0.0,0.0
2026-07-27 00:00:00-04:00,205.24000549316406,206.25999450683594,204.92999267578125,205.47000122070312,183600,0.0,0.0,0.0
2026-07-28 00:00:00-04:00,206.52000427246094,208.1300048828125,206.36000061035156,207.4600067138672,308100,0.0,0.0,0.0
2026-07-29 00:00:00-04:00,207.94000244140625,208.11000061035156,205.6999969482422,205.9199981689453,276300,0.0,0.0,0.0
2026-07-30 00:00:00-04:00,206.00999450683594,206.4199981689453,203.25,205.22000122070312,226800,0.0,0.0,0.0
2026-07-31 00:00:00-04:00,205.00999450683594,205.35000610351562,203.77999877929688,204.74000549316406,281100,0.0,0.0,0.0
2026-08-03 00:00:00-04:00,205.27999877929688,206.13999938964844,204.8000030517578,205.55999755859375,551000,0.0,0.0,0.0
2026-08-04 00:00:00-04:00,204.67999267578125,207.6199951171875,203.67999267578125,207.3800048828125,371100,0.0,0.0,0.0
2026-08-05 00:00:00-04:00,207.99000549316406,208.24000549316406,206.1999969482422,206.75999450683594,224800,0.0,0.0,0.0
2026-08-06 00:00:00-04:00,208.00999450683594,208.0800018310547,205.97999572753906,206.63999938964844,282400,0.0,0.0,0.0
2026-08-07 00:00:00-04:00,206.63999938964844,207.6999969482422,205.7100067138672,207.10000610351562,196500,0.0,0.0,0.0
2026-08-10 00:00:00-04:00,207.14999389648438,207.94000244140625,206.89999389648438,207.6999969482422,157600,0.0,0.0,0.0
2026-08-11 00:00:00-04:00,207.52000427246094,208.9499969482422,207.47999572753906,208.63999938964844,161000,0.0,0.0,0.0
2026-08-12 00:00:00-04:00,208.72000122070312,209.07000732421875,207.64999389648438,208.85000610351562,174400,0.0,0.0,0.0
2026-08-13 00:00:00-04:00,209.60000610351562,210.3300018310547,209.39999389648438,210.30999755859375,241300,0.0,0.0,0.0
2026-08-14 00:00:00-04:00,210.5399932861328,211.07000732421875,210.2899932861328,211.00999450683594,211000,0.0,0.0,0.0
2026-08-17 00:00:00-04:00,210.41000366210938,210.72999572753906,209.6999969482422,209.72000122070312,218500,0.0,0.0,0.0
2026-08-18 00:00:00-04:00,210.36000061035156,210.8699951171875,208.89999389648438,208.9600067138672,192900,0.0,0.0,0.0
2026-08-19 00:00:00-04:00,210.0800018310547,211.0500030517578,208.8000030517578,208.97000122070312,315700,0.0,0.0,0.0
2026-08-20 00:00:00-04:00,208.25999450683594,209.8699951171875,207.7899932861328,207.9199981689453,262100,0.0,0.0,0.0
2026-08-21 00:00:00-04:00,209.0800018310547,209.42990112304688,208.63999938964844,208.63999938964844,169811,0.0,0.0,0.0
