Date,Open,High,Low,Close,Volume,Dividends,Stock Splits
2001-01-04 00:00:00+09:00,683.4734103904577,689.6680967458897,645.0667724609375,645.0667724609375,21000,0.0,0.0
2001-01-05 00:00:00+09:00,646.7186109099525,647.5445795171375,598.8135344550451,622.3530883789062,78750,0.0,0.0
2001-01-08 00:00:00+09:00,622.3530883789062,622.3530883789062,622.3530883789062,622.3530883789062,0,0.0,0.0
2001-01-09 00:00:00+09:00,622.3529485622198,623.5919011946564,611.6156347714959,618.6361694335938,30875,0.0,0.0
2001-01-10 00:00:00+09:00,603.3561863830543,607.0729659939631,574.0349731445312,574.0349731445312,37750,0.0,0.0
2001-01-11 00:00:00+09:00,578.164794921875,586.8372684210772,571.9701878728811,578.164794921875,22875,0.0,0.0
2001-01-12 00:00:00+09:00,578.164794921875,640.1110229492188,578.164794921875,640.1110229492188,24375,0.0,0.0
2001-01-15 00:00:00+09:00,656.6300989601032,660.7598638629896,627.7218627929688,627.7218627929688,21500,0.0,0.0
2001-01-16 00:00:00+09:00,627.7217813114474,651.6743201165693,619.4622919621557,628.134765625,15750,0.0,0.0
2001-01-17 00:00:00+09:00,651.6741943359375,651.6741943359375,640.9368799464597,651.6741943359375,23750,0.0,0.0
2001-01-18 00:00:00+09:00,689.6679285208178,722.7058801038013,688.8419600390707,712.7944946289062,40125,0.0,0.0
2001-01-19 00:00:00+09:00,811.9083852473154,838.3387451171875,768.1330820206686,838.3387451171875,82750,0.0,0.0
2001-01-22 00:00:00+09:00,953.9713962563732,1003.5283038264841,933.3226650766622,999.3986206054688,177125,0.0,0.0
2001-01-23 00:00:00+09:00,999.3991127956922,999.3991127956922,941.5825740037304,949.8421020507812,77750,0.0,0.0
2001-01-24 00:00:00+09:00,912.6744493831101,920.9338992588057,846.5984565340304,879.6364135742188,80250,0.0,0.0
2001-01-25 00:00:00+09:00,854.8577988045431,865.1821679747976,805.7137794989,838.3387451171875,59500,0.0,0.0
2001-01-26 00:00:00+09:00,858.9877715311104,941.5827525925138,856.9229285120601,916.8043212890625,47875,0.0,0.0
2001-01-29 00:00:00+09:00,935.3879102294727,987.0097604492968,935.3879102294727,945.7122802734375,66000,0.0,0.0
2001-01-30 00:00:00+09:00,962.2316308417516,962.2316308417516,912.6746826171875,912.6746826171875,41875,0.0,0.0
2001-01-31 00:00:00+09:00,953.9719347227253,953.9719347227253,904.4149204116605,920.9338989257812,32125,0.0,0.0
2001-02-01 00:00:00+09:00,892.0256993474904,908.544677734375,871.3769566717092,908.544677734375,49125,0.0,0.0
2001-02-02 00:00:00+09:00,896.1554636363871,931.2582631702535,871.3769566717092,908.544677734375,19000,0.0,0.0
2001-02-05 00:00:00+09:00,925.0635966783258,970.4908433997113,916.8041473999721,949.8421020507812,31250,0.0,0.0
2001-02-06 00:00:00+09:00,960.1665974934896,962.2314403892185,912.6745019733596,929.1934814453125,22750,0.0,0.0
2001-02-07 00:00:00+09:00,931.2583243410414,933.3232460054776,904.4149728530294,929.1934814453125,13500,0.0,0.0
2001-02-08 00:00:00+09:00,912.6744180012784,912.6744180012784,879.6363833283826,889.9607543945312,17625,0.0,0.0
2001-02-09 00:00:00+09:00,906.4794328671228,906.4794328671228,867.2468076789419,902.3496704101562,20000,0.0,0.0
2001-02-12 00:00:00+09:00,902.3496704101564,902.3496704101564,902.3496704101564,902.3496704101562,0,0.0,0.0
2001-02-13 00:00:00+09:00,941.5825142570803,941.5825142570803,867.2470816252501,900.2850341796875,29750,0.0,0.0
2001-02-14 00:00:00+09:00,900.2852620618121,920.9340073271629,896.1555760237115,916.8043212890625,25125,0.0,0.0
2001-02-15 00:00:00+09:00,923.3026312736012,923.3026312736012,898.3484910962288,914.9845581054688,31875,10.0,0.0
2001-02-16 00:00:00+09:00,914.9848267769844,914.9848267769844,885.8716414668975,898.3487548828125,18750,0.0,0.0
2001-02-19 00:00:00+09:00,877.5532007379834,877.5532007379834,835.9630024027899,873.3941650390625,15875,0.0,0.0
2001-02-20 00:00:00+09:00,869.2351293401415,873.3941650390624,844.2809944736239,873.3941650390625,29000,0.0,0.0
2001-02-21 00:00:00+09:00,852.5992033764145,867.1557910067818,850.5197248550852,856.7582397460938,7750,0.0,0.0
2001-02-22 00:00:00+09:00,838.0425918616471,840.1221496507293,813.5043652396067,831.8040771484375,18375,0.0,0.0
2001-02-23 00:00:00+09:00,815.5838984632874,831.3881405491954,815.1679869179982,830.9722290039062,12500,0.0,0.0
2001-02-26 00:00:00+09:00,815.1681982165398,815.1681982165398,773.577984831278,773.993896484375,44500,0.0,0.0
2001-02-27 00:00:00+09:00,769.4187366638766,773.9936842665229,744.464599609375,744.464599609375,26375,0.0,0.0
2001-02-28 00:00:00+09:00,731.9875707456316,744.464599609375,707.0334336911299,744.464599609375,24750,0.0,0.0
2001-03-01 00:00:00+09:00,707.44946164668,740.3056853690343,707.0335500391783,715.3516235351562,14750,0.0,0.0
2001-03-02 00:00:00+09:00,715.3514197404364,727.8284471028255,715.3514197404364,719.5103759765625,12875,0.0,0.0
2001-03-05 00:00:00+09:00,719.9266537421566,719.9266537421566,707.0337083312189,719.0949096679688,9125,0.0,0.0
2001-03-06 00:00:00+09:00,715.3517209024111,749.039772425084,713.2721625818518,740.3057861328125,11250,0.0,0.0
2001-03-07 00:00:00+09:00,753.1986157163112,769.418769803192,748.6236679166193,754.8621826171875,18750,0.0,0.0
2001-03-08 00:00:00+09:00,761.5165835740321,773.5777803444907,761.5165835740321,761.9324951171875,5000,0.0,0.0
2001-03-09 00:00:00+09:00,763.1802940257559,768.5869858881247,763.1802940257559,766.5075073242188,32625,0.0,0.0
2001-03-12 00:00:00+09:00,769.4187440103273,771.4982223984679,715.351512648516,729.9080200195312,8750,0.0,0.0
2001-03-13 00:00:00+09:00,707.0336226475888,711.1926598226878,665.4434095506718,680.0,23125,0.0,0.0
2001-03-14 00:00:00+09:00,680.0,680.0,680.0,680.0,0,0.0,0.0
2001-03-15 00:00:00+09:00,669.6023962364998,707.0335693359375,669.6023962364998,707.0335693359375,22875,0.0,0.0
2001-03-16 00:00:00+09:00,698.7154224959336,723.6695617265788,688.31787109375,688.31787109375,16875,0.0,0.0
2001-03-19 00:00:00+09:00,688.3177984694921,702.8743847620914,672.0976453781172,673.7612915039062,18375,0.0,0.0
2001-03-20 00:00:00+09:00,673.7612915039062,673.7612915039062,673.7612915039062,673.7612915039062,0,0.0,0.0
2001-03-21 00:00:00+09:00,665.4431992378933,685.8223876953124,665.4431992378933,685.8223876953125,18750,0.0,0.0
2001-03-22 00:00:00+09:00,723.2536472788212,731.9876316720195,719.0946901960825,728.2445068359375,15125,0.0,0.0
2001-03-23 00:00:00+09:00,740.7215977061886,761.5167021395899,686.6543579101562,686.6543579101562,36250,0.0,0.0
2001-03-26 00:00:00+09:00,731.9877319335938,748.2078888936362,719.5106209953029,731.9877319335938,22125,0.0,0.0
2001-03-27 00:00:00+09:00,731.9875959226106,740.3055890088683,711.19249421644,713.27197265625,22875,0.0,0.0
2001-03-28 00:00:00+09:00,719.5104907224763,725.3331731702508,713.6878876017198,717.846923828125,17750,0.0,0.0
2001-03-29 00:00:00+09:00,717.847013513832,717.847013513832,694.9723510742188,694.9723510742188,15625,0.0,0.0
2001-03-30 00:00:00+09:00,698.2996467461794,712.0244125344346,694.5565215923799,699.5473022460938,23500,0.0,0.0
2001-04-02 00:00:00+09:00,707.0333806818182,707.0333806818182,686.23828125,686.23828125,9750,0.0,0.0
2001-04-03 00:00:00+09:00,686.2382992140774,686.2382992140774,670.0181466172974,685.8223876953125,31875,0.0,0.0
2001-04-04 00:00:00+09:00,685.8226363929269,698.2997484993783,670.8501335960012,682.4954223632812,14500,0.0,0.0
2001-04-05 00:00:00+09:00,697.8836204177277,713.2719507853143,694.1404958792303,700.794921875,13500,0.0,0.0
2001-04-06 00:00:00+09:00,727.8284818091558,729.4921278445411,699.9630453325249,702.4584350585938,21500,0.0,0.0
2001-04-09 00:00:00+09:00,677.9204417489325,685.4066927987034,673.3455722506562,680.0,40750,0.0,0.0
2001-04-10 00:00:00+09:00,686.2383201392694,692.476834456951,673.7612915039062,673.7612915039062,21625,0.0,0.0
2001-04-11 00:00:00+09:00,680.4159005268154,682.0794677734375,677.9204306663303,682.0794677734375,16875,0.0,0.0
2001-04-12 00:00:00+09:00,665.443359375,677.9203906324692,663.3638409442501,665.443359375,68125,0.0,0.0
2001-04-13 00:00:00+09:00,669.6024144249348,673.7614513994066,664.6115541901621,665.0274658203125,34375,0.0,0.0
2001-04-16 00:00:00+09:00,665.443359375,665.443359375,656.7094136966625,665.443359375,57250,0.0,0.0
2001-04-17 00:00:00+09:00,665.443359375,665.443359375,628.0121862755623,665.443359375,59125,0.0,0.0
2001-04-18 00:00:00+09:00,657.1254359575873,663.3639526367188,644.648362935803,663.3639526367188,25750,0.0,0.0
2001-04-19 00:00:00+09:00,665.4432770697463,665.4432770697463,649.2230829123075,661.2842407226562,46625,0.0,0.0
2001-04-20 00:00:00+09:00,660.8684091678261,661.284281097118,645.0641256128739,652.9662475585938,39125,0.0,0.0
2001-04-23 00:00:00+09:00,657.1253662109375,661.2843636677526,655.0458476507713,657.1253662109375,16625,0.0,0.0
2001-04-24 00:00:00+09:00,657.1251938991886,659.2047119140625,648.8071615032004,659.2047119140625,23125,0.0,0.0
2001-04-25 00:00:00+09:00,663.3636864187374,663.3636864187374,652.966136350533,655.045654296875,14000,0.0,0.0
2001-04-26 00:00:00+09:00,663.3636864187374,663.3636864187374,652.966136350533,655.045654296875,14000,0.0,0.0
2001-04-27 00:00:00+09:00,659.2047226821833,659.2047226821833,652.9661685356549,653.382080078125,30625,0.0,0.0
2001-04-30 00:00:00+09:00,653.382080078125,653.382080078125,653.382080078125,653.382080078125,0,0.0,0.0
2001-05-01 00:00:00+09:00,661.2842120026324,663.3637300858625,653.7980024319158,659.62060546875,32875,0.0,0.0
2001-05-02 00:00:00+09:00,669.6023962364998,675.8409118652344,660.4525389393093,665.443359375,128875,0.0,0.0
2001-05-03 00:00:00+09:00,665.443359375,665.443359375,665.443359375,665.443359375,0,0.0,0.0
2001-05-04 00:00:00+09:00,665.443359375,665.443359375,665.443359375,665.443359375,0,0.0,0.0
2001-05-07 00:00:00+09:00,698.7154416450128,790.2139282226562,686.2384113512541,790.2139282226562,2125,0.0,0.0
2001-05-08 00:00:00+09:00,856.7584551842268,873.3945255191841,790.2140945173571,833.8837890625,2625,0.0,0.0
2001-05-09 00:00:00+09:00,860.9174395528418,862.9969184689406,833.8837376813427,852.599365234375,750,0.0,0.0
2001-05-10 00:00:00+09:00,831.8042383186763,840.1223124326766,752.7828515438088,768.5870971679688,875,0.0,0.0
2001-05-11 00:00:00+09:00,765.6760219438165,765.6760219438165,719.9267594125181,751.5353393554688,875,0.0,0.0
2001-05-14 00:00:00+09:00,748.6236356729611,748.6236356729611,736.1466068092177,744.464599609375,125,0.0,0.0
2001-05-15 00:00:00+09:00,744.4645329092132,769.4186677279538,742.3850547272381,759.0211181640625,29500,0.0,0.0
2001-05-16 00:00:00+09:00,769.0028251248166,769.4187366638766,744.464599609375,744.464599609375,24750,0.0,0.0
2001-05-17 00:00:00+09:00,769.0028472651546,769.0028472651546,744.4646210432337,748.6236572265625,15875,0.0,0.0
2001-05-18 00:00:00+09:00,749.0396089458742,761.5166388379413,736.1466674804688,736.1466674804688,22875,0.0,0.0
2001-05-21 00:00:00+09:00,736.1466674804688,738.2261460201395,728.2445062410816,736.1466674804688,14500,0.0,0.0
2001-05-22 00:00:00+09:00,742.385146775696,742.385146775696,707.4493695631678,713.27197265625,22625,0.0,0.0
2001-05-23 00:00:00+09:00,707.0335994112319,719.5106311994402,707.0335994112319,717.43115234375,29750,0.0,0.0
2001-05-24 00:00:00+09:00,719.5104656015058,719.9263771423269,713.2719511432182,717.0150756835938,12875,0.0,0.0
2001-05-25 00:00:00+09:00,707.0335868940174,727.8286923909003,707.0335868940174,727.4127807617188,19125,0.0,0.0
2001-05-28 00:00:00+09:00,709.11308874015,713.2721258399907,702.8745727539062,702.8745727539062,37750,0.0,0.0
2001-05-29 00:00:00+09:00,698.715495612938,707.0335693359375,696.6360168457031,707.0335693359375,19000,0.0,0.0
2001-05-30 00:00:00+09:00,707.033516984854,707.033516984854,687.0702367202381,692.4769287109375,28375,0.0,0.0
2001-05-31 00:00:00+09:00,692.061025988093,692.4769375814783,674.1772241076512,677.9203491210938,32875,0.0,0.0
2001-06-01 00:00:00+09:00,677.9203491210938,690.397458941577,677.9203491210938,677.9203491210938,27500,0.0,0.0
2001-06-04 00:00:00+09:00,686.6542825659358,707.0334731552871,682.0793347079318,683.7429809570312,10000,0.0,0.0
2001-06-05 00:00:00+09:00,702.4584518108576,702.4584518108576,677.9202274927994,685.8223876953125,14625,0.0,0.0
2001-06-06 00:00:00+09:00,682.0794486364076,682.0794486364076,669.6024169921875,669.6024169921875,24125,0.0,0.0
2001-06-07 00:00:00+09:00,668.7704865190007,669.1863980840714,657.5411519066587,664.6114501953125,20125,0.0,0.0
2001-06-08 00:00:00+09:00,657.9571130147689,702.87453688111,653.3822041692488,662.1161499023438,69750,0.0,0.0
2001-06-11 00:00:00+09:00,665.443359375,665.443359375,659.6207157016033,665.443359375,15250,0.0,0.0
2001-06-12 00:00:00+09:00,664.195560664797,664.195560664797,632.1710849475123,636.7460327148438,37875,0.0,0.0
2001-06-13 00:00:00+09:00,638.4095964035101,644.6481106410859,638.4095964035101,640.4890747070312,23250,0.0,0.0
2001-06-14 00:00:00+09:00,630.0916712777342,634.2507081803889,628.0121924899223,629.2598876953125,11875,0.0,0.0
2001-06-15 00:00:00+09:00,627.1802911442919,628.8438977654898,617.6145629882812,617.6145629882812,25125,0.0,0.0
2001-06-18 00:00:00+09:00,617.1986914626875,617.1986914626875,607.217051087863,613.45556640625,6250,0.0,0.0
2001-06-19 00:00:00+09:00,603.0580975625828,613.4556509688342,603.0580975625828,605.5535278320312,15625,0.0,0.0
2001-06-20 00:00:00+09:00,604.7216616162018,623.8531601128705,594.7400205736396,605.1375732421875,10375,0.0,0.0
2001-06-21 00:00:00+09:00,613.45556640625,613.45556640625,598.8989777786626,613.45556640625,10750,0.0,0.0
2001-06-22 00:00:00+09:00,623.0213358287075,630.0916748046875,622.6054638669265,630.0916748046875,22875,0.0,0.0
2001-06-25 00:00:00+09:00,636.330172803686,636.330172803686,622.6054077148438,622.6054077148438,13250,0.0,0.0
2001-06-26 00:00:00+09:00,623.021182583506,640.4890699142122,619.2780978670739,619.6939697265625,19500,0.0,0.0
2001-06-27 00:00:00+09:00,624.2690206486851,632.171142578125,623.8531090567377,632.171142578125,7250,0.0,0.0
2001-06-28 00:00:00+09:00,624.2689808796506,648.3912963867188,623.8530693141987,648.3912963867188,8875,0.0,0.0
2001-06-29 00:00:00+09:00,647.9754261005172,655.8775876934695,632.171142578125,632.171142578125,16000,0.0,0.0
2001-07-02 00:00:00+09:00,633.0030870242426,633.0030870242426,617.6147121459,623.4373168945312,16500,0.0,0.0
2001-07-03 00:00:00+09:00,615.1191263456923,617.6145560813374,610.5442181044378,612.2078247070312,26250,0.0,0.0
2001-07-04 00:00:00+09:00,615.1192817796865,623.8532285661535,615.1192817796865,623.4373168945312,7625,0.0,0.0
2001-07-05 00:00:00+09:00,623.8530741144818,623.8530741144818,614.7032179216866,620.9417724609375,13125,0.0,0.0
2001-07-06 00:00:00+09:00,617.1986914626875,617.1986914626875,608.048834620675,613.45556640625,12125,0.0,0.0
2001-07-09 00:00:00+09:00,607.2169576154965,607.2169576154965,563.547238118576,578.9356079101562,22500,0.0,0.0
2001-07-10 00:00:00+09:00,588.9172506111562,590.9967686319837,569.7857562138556,587.6695556640625,23125,0.0,0.0
2001-07-11 00:00:00+09:00,581.43115234375,582.2629756331429,571.0335992074439,581.43115234375,4750,0.0,0.0
2001-07-12 00:00:00+09:00,582.2629214018536,590.5809552034631,582.2629214018536,582.6788330078125,5000,0.0,0.0
2001-07-13 00:00:00+09:00,584.7583695027279,586.4219763146248,569.7858685321407,582.262939453125,30000,0.0,0.0
2001-07-16 00:00:00+09:00,582.2629600616086,589.7492108118689,573.9449257077175,586.4219970703125,6875,0.0,0.0
2001-07-17 00:00:00+09:00,578.1038595275072,578.1038595275072,540.6726892163925,548.99072265625,36250,0.0,0.0
2001-07-18 00:00:00+09:00,565.6266920586579,565.6266920586579,541.9202529234942,546.9110717773438,18875,0.0,0.0
2001-07-19 00:00:00+09:00,541.5045751344836,569.7858921068619,536.9296264648438,536.9296264648438,36375,0.0,0.0
2001-07-20 00:00:00+09:00,536.9296264648438,536.9296264648438,536.9296264648438,536.9296264648438,0,0.0,0.0
2001-07-23 00:00:00+09:00,541.5044611825114,544.8316742438026,490.76440250255746,492.4280090332031,45375,0.0,0.0
2001-07-24 00:00:00+09:00,490.7645444813623,499.08257954100844,482.4465094217161,490.3486328125,43125,0.0,0.0
2001-07-25 00:00:00+09:00,486.60550811954215,499.08258056640625,479.53516838843643,499.08258056640625,33500,0.0,0.0
2001-07-26 00:00:00+09:00,515.7185768815777,515.7185768815777,496.58707911248786,497.00299072265625,25250,0.0,0.0
2001-07-27 00:00:00+09:00,490.7644279540768,499.0824610386861,479.11918163562365,485.3576965332031,70750,0.0,0.0
2001-07-30 00:00:00+09:00,485.35748806614106,485.35748806614106,479.11897584808,484.5256652832031,24125,0.0,0.0
2001-07-31 00:00:00+09:00,483.6941243133514,485.35773104857776,480.7828224425835,482.030517578125,24125,0.0,0.0
2001-08-01 00:00:00+09:00,482.44646156814974,482.44646156814974,462.4831397416287,463.7308349609375,60375,0.0,0.0
2001-08-02 00:00:00+09:00,472.0488535959403,474.96015532133805,468.3057287127081,469.13751220703125,69000,0.0,0.0
2001-08-03 00:00:00+09:00,477.45558143937535,484.52592015960255,472.0488891601562,472.04888916015625,64000,0.0,0.0
2001-08-06 00:00:00+09:00,479.11921479756984,482.03051666280953,469.96935793944255,475.7919616699219,61500,0.0,0.0
2001-08-07 00:00:00+09:00,474.12838956842177,476.20790805127336,470.8011758612657,472.46478271484375,30750,0.0,0.0
2001-08-08 00:00:00+09:00,475.79201485953325,478.2874450683594,474.1284079414883,478.2874450683594,25625,0.0,0.0
2001-08-09 00:00:00+09:00,478.28746093595237,480.3669795683777,477.8715492767635,479.53515625,24750,0.0,0.0
2001-08-10 00:00:00+09:00,478.2873801215729,481.6145935058594,478.2873801215729,481.6145935058594,15750,0.0,0.0
2001-08-13 00:00:00+09:00,482.4464043790087,482.4464043790087,476.2078496949502,477.0396728515625,15000,0.0,0.0
2001-08-14 00:00:00+09:00,477.03958900296556,482.4463195800781,476.2077659925617,482.4463195800781,14125,0.0,0.0
2001-08-15 00:00:00+09:00,489.0335418576762,489.0335418576762,480.60189718025373,482.7098083496094,16875,10.0,0.0
2001-08-16 00:00:00+09:00,476.3861381512417,476.3861381512417,455.3071058454794,459.52288818359375,20625,0.0,0.0
2001-08-17 00:00:00+09:00,459.1013007542541,459.52285081023615,442.65964241914975,453.19915771484375,30375,0.0,0.0
2001-08-20 00:00:00+09:00,442.659788400012,451.09139537614044,442.659788400012,444.7677001953125,12125,0.0,0.0
2001-08-21 00:00:00+09:00,444.7675143841947,450.66961669921875,443.08119369346554,450.66961669921875,28375,0.0,0.0
2001-08-22 00:00:00+09:00,449.8267319521995,451.0914631373334,445.18935746998903,448.9835510253906,18250,0.0,0.0
2001-08-23 00:00:00+09:00,446.87557217747514,446.87557217747514,442.65974896247127,443.5029296875,22750,0.0,0.0
2001-08-24 00:00:00+09:00,442.6596923437554,442.6596923437554,426.2180321543069,436.33599853515625,15750,0.0,0.0
2001-08-27 00:00:00+09:00,436.3360303882526,436.3360303882526,432.1202074047161,434.2281188964844,16625,0.0,0.0
2001-08-28 00:00:00+09:00,434.2281188964844,434.2281188964844,425.796513134479,434.2281188964844,15375,0.0,0.0
2001-08-29 00:00:00+09:00,425.796490745444,426.2180408575777,419.8943469198502,422.00225830078125,37625,0.0,0.0
2001-08-30 00:00:00+09:00,413.1491441702145,421.5807511522447,413.1491441702145,419.47283935546875,28375,0.0,0.0
2001-08-31 00:00:00+09:00,415.25703052159014,419.4728136517411,413.1491188539792,413.5707092285156,21250,0.0,0.0
2001-09-03 00:00:00+09:00,413.14908957459494,413.14908957459494,396.7074279785156,396.7074279785156,20250,0.0,0.0
2001-09-04 00:00:00+09:00,392.07007126029305,392.07007126029305,379.84423218746457,387.854248046875,26250,0.0,0.0
2001-09-05 00:00:00+09:00,383.63837774541327,386.16783893385434,380.265736024118,381.9520568847656,12125,0.0,0.0
2001-09-06 00:00:00+09:00,380.2658628095875,424.1102600097657,379.4226819956061,424.1102600097656,32875,0.0,0.0
2001-09-07 00:00:00+09:00,425.79648301717276,425.79648301717276,402.60953865790924,417.3648376464844,15125,0.0,0.0
2001-09-10 00:00:00+09:00,400.92317984561157,400.92317984561157,394.5994464134835,395.442626953125,5125,0.0,0.0
2001-09-11 00:00:00+09:00,384.059952565963,400.08002187741124,381.95208150806087,392.07000732421875,17875,0.0,0.0
2001-09-12 00:00:00+09:00,375.2068554709899,379.42267909855894,375.2068554709899,378.5794982910156,24500,0.0,0.0
2001-09-13 00:00:00+09:00,375.20681476920925,379.4226379394531,370.9910318040347,379.4226379394531,19375,0.0,0.0
2001-09-14 00:00:00+09:00,387.85418479828803,392.07000732421875,387.85418479828803,392.07000732421875,25875,0.0,0.0
2001-09-17 00:00:00+09:00,366.77516640235683,387.4326091068483,358.3435612377751,384.0599670410156,22750,0.0,0.0
2001-09-18 00:00:00+09:00,367.19679625656,391.6484739696662,367.19679625656,383.6384582519531,15750,0.0,0.0
2001-09-19 00:00:00+09:00,383.6384650385268,392.07007126029305,375.6284089740465,387.854248046875,15625,0.0,0.0
2001-09-20 00:00:00+09:00,362.55943870005586,398.39377611484167,362.55943870005586,388.2758483886719,19750,0.0,0.0
2001-09-21 00:00:00+09:00,388.2757932432373,388.2757932432373,362.5593872070313,362.55938720703125,9125,0.0,0.0
2001-09-24 00:00:00+09:00,362.5593872070313,362.5593872070313,362.5593872070313,362.55938720703125,0,0.0,0.0
2001-09-25 00:00:00+09:00,381.53050253192555,387.8541963033403,362.98093111366387,372.67730712890625,8375,0.0,0.0
2001-09-26 00:00:00+09:00,366.77520590166216,385.32477946647526,366.77520590166216,383.6384582519531,17250,0.0,0.0
2001-09-27 00:00:00+09:00,383.216838664009,383.216838664009,377.3146947608818,381.530517578125,62000,0.0,0.0
2001-09-28 00:00:00+09:00,381.53051757812494,381.53051757812494,381.53051757812494,381.530517578125,0,0.0,0.0
2001-10-01 00:00:00+09:00,392.07000732421875,396.28578964508625,381.95208150806087,392.07000732421875,54125,0.0,0.0
2001-10-02 00:00:00+09:00,393.7563710337912,434.2281188964844,392.4916402207573,434.2281188964844,50000,0.0,0.0
2001-10-03 00:00:00+09:00,442.659617038521,472.59184037028047,442.659617038521,443.0812072753906,62500,0.0,0.0
2001-10-04 00:00:00+09:00,451.0913022334508,461.209228515625,448.9833908733982,461.209228515625,48125,0.0,0.0
2001-10-05 00:00:00+09:00,462.8956468566986,462.8956468566986,442.6597900390625,442.6597900390625,58125,0.0,0.0
2001-10-08 00:00:00+09:00,442.6597900390625,442.6597900390625,442.6597900390625,442.6597900390625,0,0.0,0.0
2001-10-09 00:00:00+09:00,453.19930717144086,455.30721896674135,444.7677001953125,444.7677001953125,16500,0.0,0.0
2001-10-10 00:00:00+09:00,446.45402324363766,446.45402324363766,436.3360948348196,442.6597900390625,13500,0.0,0.0
2001-10-11 00:00:00+09:00,443.08134691648667,451.09136291614914,437.1792023553713,446.8755798339844,7250,0.0,0.0
2001-10-12 00:00:00+09:00,438.44390869140625,446.87555479341154,434.6497161915858,438.44390869140625,24625,0.0,0.0
2001-10-15 00:00:00+09:00,446.8756288707294,446.8756288707294,434.6497882422604,436.7576599121094,11875,0.0,0.0
2001-10-16 00:00:00+09:00,432.1202699310508,432.1202699310508,416.94337736339645,419.47283935546875,48250,0.0,0.0
2001-10-17 00:00:00+09:00,417.36482540274886,419.47273668358366,402.6095268470324,403.4526672363281,57250,0.0,0.0
2001-10-18 00:00:00+09:00,400.5016679282148,401.3448486328125,396.70743516766277,401.3448486328125,18875,0.0,0.0
2001-10-19 00:00:00+09:00,400.9232794279208,413.57070922851557,400.50168905338444,413.5707092285156,12125,0.0,0.0
2001-10-22 00:00:00+09:00,417.78659328068784,425.37506103515625,415.67868110388207,425.37506103515625,7125,0.0,0.0
2001-10-23 00:00:00+09:00,448.98348832889246,451.0914001464844,434.2281860158971,451.0914001464844,29750,0.0,0.0
2001-10-24 00:00:00+09:00,455.3070445463586,463.7386482924831,448.9833115829718,461.6307373046875,23375,0.0,0.0
2001-10-25 00:00:00+09:00,463.73883056640625,463.73883056640625,459.9445973380511,463.73883056640625,20250,0.0,0.0
2001-10-26 00:00:00+09:00,467.9545142502175,476.38611878881227,446.87548280119984,475.5429382324219,30625,0.0,0.0
2001-10-29 00:00:00+09:00,480.6019009555787,480.6019009555787,468.37606432335093,475.5429382324219,12000,0.0,0.0
2001-10-30 00:00:00+09:00,463.7387591660368,463.7387591660368,434.2281188964844,434.2281188964844,13500,0.0,0.0
2001-10-31 00:00:00+09:00,430.0123594255031,456.5719516524557,421.58075241815476,442.6597900390625,11500,0.0,0.0
2001-11-01 00:00:00+09:00,451.51309411433147,451.51309411433147,430.01246101243873,430.4340515136719,7625,0.0,0.0
2001-11-02 00:00:00+09:00,430.43397340262516,440.97349279034364,425.79659934585635,426.6397399902344,3750,0.0,0.0
2001-11-05 00:00:00+09:00,435.07133942977964,438.0224321433274,427.90446316199586,435.9145202636719,16625,0.0,0.0
2001-11-06 00:00:00+09:00,434.2281188964844,438.0223515406537,426.63965360814575,434.2281188964844,10250,0.0,0.0
2001-11-07 00:00:00+09:00,435.91444702485927,442.6597317424089,428.7475719611958,438.44390869140625,14375,0.0,0.0
2001-11-08 00:00:00+09:00,438.86551276871234,440.5518340008612,422.0023004472234,433.8065490722656,10625,0.0,0.0
2001-11-09 00:00:00+09:00,433.8065490722656,433.8065490722656,433.8065490722656,433.8065490722656,0,0.0,0.0
2001-11-12 00:00:00+09:00,413.14919502586775,413.14919502586775,386.589599609375,386.589599609375,30875,0.0,0.0
2001-11-13 00:00:00+09:00,389.9621503511565,401.3448486328125,386.58950794290337,401.3448486328125,5625,0.0,0.0
2001-11-14 00:00:00+09:00,405.5604562983867,405.5604562983867,400.5014948719784,402.6094055175781,4625,0.0,0.0
2001-11-15 00:00:00+09:00,400.50171359463246,419.4728393554688,400.50171359463246,419.47283935546875,17250,0.0,0.0
2001-11-16 00:00:00+09:00,414.835328763,417.78638018224996,411.88427734375006,411.88427734375,9750,0.0,0.0
2001-11-19 00:00:00+09:00,416.10017016638346,416.10017016638346,413.1491179611481,414.4138488769531,7000,0.0,0.0
2001-11-20 00:00:00+09:00,415.25701954497,415.25701954497,400.5016784667969,400.5016784667969,8250,0.0,0.0
2001-11-21 00:00:00+09:00,400.5016155661976,404.7174381278672,400.0800252690179,403.4526672363281,7000,0.0,0.0
2001-11-22 00:00:00+09:00,407.66849453967205,413.14904785156256,400.50162022451246,413.1490478515625,5125,0.0,0.0
2001-11-23 00:00:00+09:00,413.14904785156256,413.14904785156256,413.14904785156256,413.1490478515625,0,0.0,0.0
2001-11-26 00:00:00+09:00,410.6196419730687,421.5807511522447,410.6196419730687,419.47283935546875,5875,0.0,0.0
2001-11-27 00:00:00+09:00,421.5806579589844,423.6885692897922,419.05115632100205,421.5806579589844,4000,0.0,0.0
2001-11-28 00:00:00+09:00,425.3749465217343,425.3749465217343,409.77646494070325,415.25701904296875,7625,0.0,0.0
2001-11-29 00:00:00+09:00,421.580719689116,421.580719689116,405.5606475163211,406.82537841796875,3500,0.0,0.0
2001-11-30 00:00:00+09:00,405.13904078309224,415.6785583496094,400.50166752764954,415.6785583496094,10875,0.0,0.0
2001-12-03 00:00:00+09:00,421.5806552371911,421.5806552371911,408.9332275390625,408.9332275390625,9750,0.0,0.0
2001-12-04 00:00:00+09:00,400.9233264091496,404.7175598144531,388.2758951264962,404.7175598144531,9000,0.0,0.0
2001-12-05 00:00:00+09:00,404.7174428352172,413.14904785156256,400.50162022451246,413.1490478515625,4500,0.0,0.0
2001-12-06 00:00:00+09:00,417.36483260279346,417.36483260279346,405.13899520911747,408.9332275390625,5375,0.0,0.0
2001-12-07 00:00:00+09:00,408.93322524085784,417.36483025720315,400.50162022451246,413.1490478515625,4375,0.0,0.0
2001-12-10 00:00:00+09:00,408.511694345902,408.511694345902,400.5016784667969,400.5016784667969,2500,0.0,0.0
2001-12-11 00:00:00+09:00,400.5016784667969,400.9232688301892,392.07007222429934,400.5016784667969,14000,0.0,0.0
2001-12-12 00:00:00+09:00,400.50162022451246,413.14904785156256,392.07001520816715,413.1490478515625,15375,0.0,0.0
2001-12-13 00:00:00+09:00,412.3059864199846,412.3059864199846,404.7175598144531,404.7175598144531,6000,0.0,0.0
2001-12-14 00:00:00+09:00,408.9332847092944,408.9332847092944,396.7074456064055,400.5016784667969,46500,0.0,0.0
2001-12-17 00:00:00+09:00,400.5016884347086,404.29592138953296,394.5995438155295,400.92327880859375,11000,0.0,0.0
2001-12-18 00:00:00+09:00,400.9232779162086,401.76641845703125,396.7074545968827,401.76641845703125,12000,0.0,0.0
2001-12-19 00:00:00+09:00,400.50162247533154,411.04113885626134,394.5994788281877,408.9332275390625,45000,0.0,0.0
2001-12-20 00:00:00+09:00,408.9333091385778,411.0412208763943,394.5995575675125,408.51171875,7625,0.0,0.0
2001-12-21 00:00:00+09:00,395.8643140560601,408.9332939768426,392.070081109681,401.76641845703125,14750,0.0,0.0
2001-12-24 00:00:00+09:00,401.76641845703125,401.76641845703125,401.76641845703125,401.76641845703125,0,0.0,0.0
2001-12-25 00:00:00+09:00,393.33478050099455,394.17796117931425,389.11895751953125,389.11895751953125,9625,0.0,0.0
2001-12-26 00:00:00+09:00,389.962009257309,391.64832985130056,379.8440856933594,379.8440856933594,5125,0.0,0.0
2001-12-27 00:00:00+09:00,379.00102627980476,384.05998967671866,379.00102627980476,380.6873474121094,9500,0.0,0.0
2001-12-28 00:00:00+09:00,400.501612171017,400.501612171017,392.07000732421875,392.07000732421875,3375,0.0,0.0
2001-12-31 00:00:00+09:00,392.07000732421875,392.07000732421875,392.07000732421875,392.07000732421875,0,0.0,0.0
2002-01-01 00:00:00+09:00,392.07000732421875,392.07000732421875,392.07000732421875,392.07000732421875,0,0.0,0.0
2002-01-02 00:00:00+09:00,392.07000732421875,392.07000732421875,392.07000732421875,392.07000732421875,0,0.0,0.0
2002-01-03 00:00:00+09:00,392.07000732421875,392.07000732421875,392.07000732421875,392.07000732421875,0,0.0,0.0
2002-01-04 00:00:00+09:00,400.5014948719784,402.6094055175781,396.28567358077913,402.6094055175781,1875,0.0,0.0
2002-01-07 00:00:00+09:00,403.0311804420811,403.0311804420811,387.8542490005156,400.5016784667969,7250,0.0,0.0
2002-01-08 00:00:00+09:00,400.5016774820593,400.5016774820593,387.854248046875,387.854248046875,8750,0.0,0.0
2002-01-09 00:00:00+09:00,392.0700258337643,398.39371971613747,392.0700258337643,394.5994873046875,5750,0.0,0.0
2002-01-10 00:00:00+09:00,400.5017560268336,400.5017560268336,388.27591455632285,393.7564697265625,3875,0.0,0.0
2002-01-11 00:00:00+09:00,393.7563623415605,393.7563623415605,382.37366466032734,387.0110778808594,19000,0.0,0.0
2002-01-14 00:00:00+09:00,387.0110778808594,387.0110778808594,387.0110778808594,387.0110778808594,0,0.0,0.0
2002-01-15 00:00:00+09:00,387.0109966452424,387.0109966452424,379.4225331172782,386.1678161621094,7625,0.0,0.0
2002-01-16 00:00:00+09:00,396.2858041482854,396.2858041482854,381.9520954866775,385.3247375488281,7250,0.0,0.0
2002-01-17 00:00:00+09:00,381.1089591665368,381.1089591665368,370.9910318040347,379.4226379394531,6500,0.0,0.0
2002-01-18 00:00:00+09:00,379.4226014122138,379.4226014122138,362.5593907648083,373.0989074707031,8250,0.0,0.0
2002-01-21 00:00:00+09:00,375.6283909809633,379.00103330811584,366.7751948209208,370.5694274902344,7250,0.0,0.0
2002-01-22 00:00:00+09:00,374.78517925589296,374.78517925589296,368.46144594080835,369.30462646484375,49000,0.0,0.0
2002-01-23 00:00:00+09:00,366.7751697249806,367.6183503516096,362.5593872070313,362.55938720703125,17625,0.0,0.0
2002-01-24 00:00:00+09:00,362.5593649466253,366.7751472057342,362.5593649466253,365.9320068359375,7500,0.0,0.0
2002-01-25 00:00:00+09:00,361.7162755352223,365.9320990619091,361.7162755352223,364.6673278808594,12000,0.0,0.0
2002-01-28 00:00:00+09:00,361.71616903752425,364.24567044980654,354.1277050057384,355.81402587890625,17125,0.0,0.0
2002-01-29 00:00:00+09:00,353.7061970120832,353.7061970120832,334.7350547786663,337.6861267089844,23500,0.0,0.0
2002-01-30 00:00:00+09:00,337.26452401637766,337.26452401637766,320.8228840992883,324.1955261230469,25250,0.0,0.0
2002-01-31 00:00:00+09:00,324.1955261230469,324.1955261230469,324.1955261230469,324.1955261230469,0,0.0,0.0
2002-02-01 00:00:00+09:00,320.40133410784034,321.6660850771465,308.1754951821983,309.86181640625,12000,0.0,0.0
2002-02-04 00:00:00+09:00,309.0186557942242,317.87185227176286,307.7539249274527,309.86181640625,9000,0.0,0.0
2002-02-05 00:00:00+09:00,304.3813273456692,316.18559853613544,303.53816655367444,315.3424377441406,8875,0.0,0.0
2002-02-06 00:00:00+09:00,309.86186306024035,309.86186306024035,299.7439341925361,303.1165771484375,12250,0.0,0.0
2002-02-07 00:00:00+09:00,297.2144681579295,303.11659365210767,295.5281465881643,296.3713073730469,19750,0.0,0.0
2002-02-08 00:00:00+09:00,287.93960745485805,288.7827680290035,283.7238045841311,285.4101257324219,43750,0.0,0.0
2002-02-11 00:00:00+09:00,285.4101257324219,285.4101257324219,285.4101257324219,285.4101257324219,0,0.0,0.0
2002-02-12 00:00:00+09:00,294.68477141166306,303.5379638671875,290.89056043252793,303.5379638671875,14750,0.0,0.0
2002-02-13 00:00:00+09:00,303.5380889447227,314.0776062011719,303.5380889447227,314.0776062011719,23875,0.0,0.0
2002-02-14 00:00:00+09:00,318.29342105913634,326.72502660800706,318.29342105913634,326.3034362792969,12625,0.0,0.0
2002-02-15 00:00:00+09:00,334.7474472144018,334.7474472144018,323.1302490234375,323.1302490234375,25875,10.0,0.0
2002-02-18 00:00:00+09:00,322.69992769058626,323.13020410886065,309.7919223762793,314.0946044921875,10625,0.0,0.0
2002-02-19 00:00:00+09:00,313.66428189235364,313.66428189235364,304.6286836060138,305.0589599609375,10000,0.0,0.0
2002-02-20 00:00:00+09:00,300.75634765625,300.75634765625,296.4536857008758,300.75634765625,12875,0.0,0.0
2002-02-21 00:00:00+09:00,300.3261413574219,300.3261413574219,293.01160456597285,300.3261413574219,8250,0.0,0.0
2002-02-22 00:00:00+09:00,301.1866760253906,301.1866760253906,296.8840133283707,301.1866760253906,4500,0.0,0.0
2002-02-25 00:00:00+09:00,301.1866495763239,316.2459779517976,301.1866495763239,306.7801208496094,11500,0.0,0.0
2002-02-26 00:00:00+09:00,308.931396484375,309.7919288221199,301.61688187189736,308.931396484375,9000,0.0,0.0
2002-02-27 00:00:00+09:00,309.7919916300519,314.09467470782175,308.07092660562927,313.6643981933594,16250,0.0,0.0
2002-02-28 00:00:00+09:00,313.664363172106,313.664363172106,305.4892949605047,311.94329833984375,16875,0.0,0.0
2002-03-01 00:00:00+09:00,314.0946251167959,322.69994888025184,309.7919427183577,321.83941650390625,11250,0.0,0.0
2002-03-04 00:00:00+09:00,321.8394319906324,335.60797119140625,321.8394319906324,335.60797119140625,15250,0.0,0.0
2002-03-05 00:00:00+09:00,335.6079566509285,339.91061855328184,331.3052742318648,337.75927734375,19625,0.0,0.0
2002-03-06 00:00:00+09:00,337.75929197743545,337.75929197743545,332.59609747091196,335.60797119140625,7250,0.0,0.0
2002-03-07 00:00:00+09:00,335.6079667493308,335.6079667493308,324.8513014114254,330.0144958496094,16625,0.0,0.0
2002-03-08 00:00:00+09:00,335.6079689354068,338.1895661713147,333.456627647128,334.7474365234375,45875,0.0,0.0
2002-03-11 00:00:00+09:00,344.21330450687356,348.5159872265789,334.7474476602877,339.05010986328125,47000,0.0,0.0
2002-03-12 00:00:00+09:00,344.21327328900605,344.21327328900605,331.3052673339844,331.3052673339844,12000,0.0,0.0
2002-03-13 00:00:00+09:00,331.3052673339844,339.91061147623543,331.3052673339844,331.3052673339844,12000,0.0,0.0
2002-03-14 00:00:00+09:00,339.9106894754065,339.9106894754065,329.1540222167969,329.1540222167969,6500,0.0,0.0
2002-03-15 00:00:00+09:00,342.06202567580766,342.06202567580766,327.00269495413534,335.1777648925781,17250,0.0,0.0
2002-03-18 00:00:00+09:00,335.60794966346486,335.60794966346486,331.3052673339844,331.3052673339844,6000,0.0,0.0
2002-03-19 00:00:00+09:00,331.3053496741334,333.0264148269823,331.3053496741334,331.7356262207031,2625,0.0,0.0
2002-03-20 00:00:00+09:00,331.3053933604439,333.0264587402344,329.15407189406454,333.0264587402344,4500,0.0,0.0
2002-03-21 00:00:00+09:00,333.0264587402344,333.0264587402344,333.0264587402344,333.0264587402344,0,0.0,0.0
2002-03-22 00:00:00+09:00,333.4566362038608,333.4566362038608,318.3973083496094,318.3973083496094,18500,0.0,0.0
2002-03-25 00:00:00+09:00,318.3972587567834,323.1301966652291,318.3972587567834,318.8275146484375,12125,0.0,0.0
2002-03-26 00:00:00+09:00,318.827566539186,320.97890789772316,318.827566539186,319.2578430175781,2125,0.0,0.0
2002-03-27 00:00:00+09:00,327.00262429900266,335.1776924710666,324.85130352743494,334.7474365234375,4375,0.0,0.0
2002-03-28 00:00:00+09:00,334.7474799078447,339.9106750488281,334.7474799078447,339.9106750488281,4750,0.0,0.0
2002-03-29 00:00:00+09:00,338.61982211894383,339.050098583284,334.7474365234375,334.7474365234375,3500,0.0,0.0
2002-04-01 00:00:00+09:00,339.050098583284,339.050098583284,334.7474365234375,334.7474365234375,5875,0.0,0.0
2002-04-02 00:00:00+09:00,342.06202567580766,342.06202567580766,334.74750885198404,335.1777648925781,7500,0.0,0.0
2002-04-03 00:00:00+09:00,334.74748411036074,341.6317443847656,334.74748411036074,341.6317443847656,9625,0.0,0.0
2002-04-04 00:00:00+09:00,341.63168105642416,341.63168105642416,335.60795443293944,340.7711486816406,9750,0.0,0.0
2002-04-05 00:00:00+09:00,340.3409718282055,340.7712483998621,322.7000427246094,322.7000427246094,18875,0.0,0.0
2002-04-08 00:00:00+09:00,322.2696988070659,322.2696988070659,308.0709031770323,316.2459716796875,49000,0.0,0.0
2002-04-09 00:00:00+09:00,318.3973795916245,322.7000427246094,317.10657039337093,322.7000427246094,10375,0.0,0.0
2002-04-10 00:00:00+09:00,323.13019274506513,324.85125732421875,320.54857535962657,324.85125732421875,8875,0.0,0.0
2002-04-11 00:00:00+09:00,330.0144790485081,331.3052673339844,324.85128487318343,331.3052673339844,5750,0.0,0.0
2002-04-12 00:00:00+09:00,335.60794746560777,335.60794746560777,325.2815386658749,334.317138671875,6000,0.0,0.0
2002-04-15 00:00:00+09:00,337.7593123658077,339.91065379841086,323.5605163574219,323.5605163574219,9375,0.0,0.0
2002-04-16 00:00:00+09:00,323.56052505794315,327.43293153407257,322.6999925651047,327.0026550292969,5000,0.0,0.0
2002-04-17 00:00:00+09:00,331.3052841202932,335.17769020634563,330.0144957694163,333.88690185546875,6375,0.0,0.0
2002-04-18 00:00:00+09:00,337.75932538835696,337.75932538835696,324.4210613354037,332.59613037109375,8500,0.0,0.0
2002-04-19 00:00:00+09:00,332.59615879712754,332.59615879712754,330.01456106785423,331.7356262207031,5250,0.0,0.0
2002-04-22 00:00:00+09:00,332.1658618206393,339.9106750488281,331.30532929714207,339.9106750488281,22875,0.0,0.0
2002-04-23 00:00:00+09:00,339.91064006517473,339.91064006517473,337.3290427603814,338.1895751953125,13375,0.0,0.0
2002-04-24 00:00:00+09:00,339.4803568129433,340.3408892306972,335.60797119140625,335.60797119140625,34375,0.0,0.0
2002-04-25 00:00:00+09:00,331.73556505315804,339.91063328017583,331.73556505315804,335.60797119140625,10625,0.0,0.0
2002-04-26 00:00:00+09:00,336.0382684347337,339.9106750488281,331.7356058172475,339.9106750488281,8500,0.0,0.0
2002-04-29 00:00:00+09:00,339.9106750488281,339.9106750488281,339.9106750488281,339.9106750488281,0,0.0,0.0
2002-04-30 00:00:00+09:00,339.9106750488281,339.9106750488281,337.32907747833644,339.9106750488281,7750,0.0,0.0
2002-05-01 00:00:00+09:00,338.61979810963385,339.48033046058845,331.30526286816496,333.45660400390625,10875,0.0,0.0
2002-05-02 00:00:00+09:00,333.4566063149564,339.05007689328215,332.1657975212236,334.317138671875,5625,0.0,0.0
2002-05-03 00:00:00+09:00,334.317138671875,334.317138671875,334.317138671875,334.317138671875,0,0.0,0.0
2002-05-06 00:00:00+09:00,334.317138671875,334.317138671875,334.317138671875,334.317138671875,0,0.0,0.0
2002-05-07 00:00:00+09:00,334.3171478218673,338.1895537923405,334.3171478218673,337.75927734375,7875,0.0,0.0
2002-05-08 00:00:00+09:00,338.189568444668,338.61982439518937,335.1776947241737,335.60797119140625,5250,0.0,0.0
2002-05-09 00:00:00+09:00,339.0501008624219,339.0501008624219,335.60797119140625,335.60797119140625,5375,0.0,0.0
2002-05-10 00:00:00+09:00,338.61980045646794,338.61980045646794,334.317138671875,334.317138671875,9000,0.0,0.0
2002-05-13 00:00:00+09:00,336.0382360628299,339.05010986328125,331.73557385983634,339.05010986328125,5750,0.0,0.0
2002-05-14 00:00:00+09:00,339.0501076302436,339.0501076302436,333.4566365448356,338.1895751953125,5625,0.0,0.0
2002-05-15 00:00:00+09:00,339.48042548441424,353.2489674703443,339.48042548441424,351.0976257324219,39500,0.0,0.0
2002-05-16 00:00:00+09:00,357.1213549654156,357.1213549654156,351.09760663359555,355.83056640625,19750,0.0,0.0
2002-05-17 00:00:00+09:00,355.40027267088504,373.4714757581115,355.40027267088504,369.1687927246094,24750,0.0,0.0
2002-05-20 00:00:00+09:00,374.33194838627674,395.84527922495266,370.0293068385949,389.39129638671875,48250,0.0,0.0
2002-05-21 00:00:00+09:00,387.23985431548385,400.1478576660156,378.6345324262665,400.1478576660156,32750,0.0,0.0
2002-05-22 00:00:00+09:00,400.14799811553934,400.14799811553934,387.239990234375,387.239990234375,27000,0.0,0.0
2002-05-23 00:00:00+09:00,395.8451762047012,400.1478576660156,387.23985431548385,400.1478576660156,21500,0.0,0.0
2002-05-24 00:00:00+09:00,402.2993208405206,404.45062119253623,396.7058496517472,404.0203857421875,14750,0.0,0.0
2002-05-27 00:00:00+09:00,399.7175813132019,404.45049809391855,395.8451762047012,400.1478576660156,14375,0.0,0.0
2002-05-28 00:00:00+09:00,404.45049809391855,404.45049809391855,395.8451762047012,400.1478576660156,8125,0.0,0.0
2002-05-29 00:00:00+09:00,403.5900695761605,404.4505814256737,399.28738722833464,400.5782165527344,11375,0.0,0.0
2002-05-30 00:00:00+09:00,404.0203566195631,408.75327449963254,402.2992918419541,408.322998046875,14000,0.0,0.0
2002-05-31 00:00:00+09:00,408.7532128173022,411.3348301108508,404.4505310058594,404.4505310058594,21375,0.0,0.0
2002-06-03 00:00:00+09:00,411.76516184858855,421.66131591796875,409.6138614727195,421.66131591796875,10375,0.0,0.0
2002-06-04 00:00:00+09:00,421.66132817828804,447.47730274016754,421.23105167723367,446.6167907714844,57875,0.0,0.0
2002-06-05 00:00:00+09:00,464.68780583255017,529.227777725032,463.82725317794745,499.53936767578125,106250,0.0,0.0
2002-06-06 00:00:00+09:00,537.4028550847274,537.8331314378964,516.3198061803806,517.1803588867188,74500,0.0,0.0
2002-06-07 00:00:00+09:00,512.0170950798874,516.3197762957153,494.80645228339387,503.4117736816406,32000,0.0,0.0
2002-06-10 00:00:00+09:00,499.1090940056919,499.1090940056919,451.77976851029825,473.2930908203125,21500,0.0,0.0
2002-06-11 00:00:00+09:00,451.77998116948766,472.863037109375,451.77998116948766,472.863037109375,13125,0.0,0.0
2002-06-12 00:00:00+09:00,468.9906311035156,468.9906311035156,451.7799815529633,468.9906311035156,8125,0.0,0.0
2002-06-13 00:00:00+09:00,451.77992384878115,452.21020029094365,436.7205766404538,442.74432373046875,22750,0.0,0.0
2002-06-14 00:00:00+09:00,511.5870454988742,511.5870454988742,447.47728548395185,451.77996826171875,54625,0.0,0.0
2002-06-17 00:00:00+09:00,451.78001294001376,451.78001294001376,430.2666789904893,432.8482971191406,17875,0.0,0.0
2002-06-18 00:00:00+09:00,434.99955985452664,438.8719661939982,425.96395874023443,425.9639587402344,11000,0.0,0.0
2002-06-19 00:00:00+09:00,438.44168863692414,447.4772897292172,421.2310394294252,421.66131591796875,12125,0.0,0.0
2002-06-20 00:00:00+09:00,413.05599196123933,415.20729234047826,409.61386211434774,413.91650390625,11875,0.0,0.0
2002-06-21 00:00:00+09:00,413.0560927319295,438.87207288177854,413.0560927319295,426.8246154785156,27500,0.0,0.0
2002-06-24 00:00:00+09:00,430.26657571931884,432.4179168045991,425.9638935487584,431.9876403808594,9500,0.0,0.0
2002-06-25 00:00:00+09:00,430.2666152081867,438.87193930566605,430.2666152081867,431.5574035644531,12875,0.0,0.0
2002-06-26 00:00:00+09:00,434.56909905496286,441.02307891845703,430.26641845703125,430.26641845703125,28250,0.0,0.0
2002-06-27 00:00:00+09:00,438.8720550235641,438.8720550235641,423.812744140625,423.812744140625,20250,0.0,0.0
2002-06-28 00:00:00+09:00,424.2429193551401,430.2666674717787,423.81268387307284,428.1153259277344,9625,0.0,0.0
2002-07-01 00:00:00+09:00,425.9640622901368,428.97595741602834,424.2429969468135,426.8246154785156,5875,0.0,0.0
2002-07-02 00:00:00+09:00,425.9640449571643,427.6851102304554,421.6614022906529,423.812744140625,9375,0.0,0.0
2002-07-03 00:00:00+09:00,421.66127037596584,438.8719177246094,413.0559467016441,438.8719177246094,26250,0.0,0.0
2002-07-04 00:00:00+09:00,430.26654959097016,430.6968259885809,428.9757614315537,429.8362731933594,10375,0.0,0.0
2002-07-05 00:00:00+09:00,429.8363640331747,429.8363640331747,418.219186076469,421.66131591796875,10000,0.0,0.0
2002-07-08 00:00:00+09:00,417.78888400215277,421.66129009504647,415.20726626241634,415.6375427246094,22750,0.0,0.0
2002-07-09 00:00:00+09:00,415.637560763278,421.6613083951457,415.2072842824109,418.6494140625,10375,0.0,0.0
2002-07-10 00:00:00+09:00,418.6493957209942,424.24286662693856,418.6493957209942,423.3823547363281,2875,0.0,0.0
2002-07-11 00:00:00+09:00,416.4981354180363,418.64943586757323,415.2073059082032,415.2073059082031,11875,0.0,0.0
2002-07-12 00:00:00+09:00,414.3467803954676,416.92835726392406,413.91650390625,413.91650390625,4375,0.0,0.0
2002-07-15 00:00:00+09:00,430.2665728787366,430.2665728787366,412.19537353515625,412.19537353515625,18500,0.0,0.0
2002-07-16 00:00:00+09:00,417.3585799580197,417.3585799580197,396.2755271049367,413.0559387207031,12500,0.0,0.0
2002-07-17 00:00:00+09:00,408.7532128173022,413.05589462874497,402.2992311335528,404.4505310058594,10000,0.0,0.0
2002-07-18 00:00:00+09:00,395.8452929469245,414.77704771994473,394.55450454121694,414.3467712402344,31875,0.0,0.0
2002-07-19 00:00:00+09:00,408.7532652957809,409.18354173884995,404.02034752228207,404.880859375,6000,0.0,0.0
2002-07-22 00:00:00+09:00,402.2992248535156,408.753206436516,402.2992248535156,402.2992248535156,13250,0.0,0.0
2002-07-23 00:00:00+09:00,408.7533084956323,421.66131591796875,408.7533084956323,421.66131591796875,4375,0.0,0.0
2002-07-24 00:00:00+09:00,421.66131591796875,421.66131591796875,421.66131591796875,421.66131591796875,0,0.0,0.0
2002-07-25 00:00:00+09:00,550.7412719726562,550.7412719726562,520.622617317139,550.7412719726562,200000,0.0,0.0
2002-07-26 00:00:00+09:00,555.4742490602922,555.4742490602922,512.0173067427195,533.5306396484375,88375,0.0,0.0
2002-07-29 00:00:00+09:00,524.9253540039062,542.1360462374258,524.9253540039062,524.9253540039062,23125,0.0,0.0
2002-07-30 00:00:00+09:00,533.5305089772586,546.0082373652187,525.7857389307627,537.8331909179688,20250,0.0,0.0
2002-07-31 00:00:00+09:00,539.9845534077198,552.8925587108424,538.2634887695312,538.2634887695312,31375,0.0,0.0
2002-08-01 00:00:00+09:00,537.8332998238358,548.5899658203125,537.8332998238358,548.5899658203125,15000,0.0,0.0
2002-08-02 00:00:00+09:00,548.5899092179167,550.7412504019259,537.8332443312909,542.566162109375,21875,0.0,0.0
2002-08-05 00:00:00+09:00,542.9964199202095,545.5780374591177,535.681884765625,535.681884765625,18875,0.0,0.0
2002-08-06 00:00:00+09:00,527.076638796625,535.6819634682523,524.925297370362,526.6463623046875,13250,0.0,0.0
2002-08-07 00:00:00+09:00,529.658330654499,533.5306965222403,529.2280541024953,531.8096313476562,9625,0.0,0.0
2002-08-08 00:00:00+09:00,540.4147915646586,544.287155951359,533.5304924658901,539.1239624023438,23500,0.0,0.0
2002-08-09 00:00:00+09:00,550.7413724230527,625.177490234375,541.2754937362237,625.177490234375,133500,0.0,0.0
2002-08-12 00:00:00+09:00,645.4000854492188,686.2754159876495,645.4000854492188,645.4000854492188,142125,0.0,0.0
2002-08-13 00:00:00+09:00,628.1894329172792,645.4000854492188,626.0380910924287,645.4000854492188,39125,0.0,0.0
2002-08-14 00:00:00+09:00,645.3999114939007,650.1328294061577,626.037922355768,641.0972290039062,68750,0.0,0.0
2002-08-15 00:00:00+09:00,463.95997556262,472.656499082366,456.5679202037622,468.3082580566406,88125,10.0,0.0
2002-08-16 00:00:00+09:00,468.30816688339945,468.30816688339945,436.1309739223592,438.30511474609375,68750,0.0,0.0
2002-08-19 00:00:00+09:00,438.3051005742799,438.3051005742799,408.73688585141406,430.47821044921875,38750,0.0,0.0
2002-08-20 00:00:00+09:00,417.4334411621094,421.78168112045915,408.73687830883983,417.4334411621094,23375,0.0,0.0
2002-08-21 00:00:00+09:00,408.73692770949896,413.0852096616747,400.0404052734375,400.0404052734375,28250,0.0,0.0
2002-08-22 00:00:00+09:00,391.343923236155,391.343923236155,363.08021203419486,382.64739990234375,42250,0.0,0.0
2002-08-23 00:00:00+09:00,382.64739990234375,382.64739990234375,382.64739990234375,382.64739990234375,0,0.0,0.0
2002-08-26 00:00:00+09:00,370.9069924942971,413.0851745605469,370.9069924942971,413.0851745605469,28375,0.0,0.0
2002-08-27 00:00:00+09:00,421.78142700282234,430.0431484421954,416.1286811412145,423.95556640625,65750,0.0,0.0
2002-08-28 00:00:00+09:00,434.39162502331163,467.43844604492193,430.47818023545216,467.4384460449219,82875,0.0,0.0
2002-08-29 00:00:00+09:00,478.3090434824655,496.1369193773421,450.04534386399433,464.82940673828125,92625,0.0,0.0
2002-08-30 00:00:00+09:00,481.78772095629597,484.3966979980469,461.3508654454775,484.3966979980469,41000,0.0,0.0
2002-09-02 00:00:00+09:00,478.3091343470982,482.65741579211317,447.87128863684904,456.56781005859375,26625,0.0,0.0
2002-09-03 00:00:00+09:00,430.47815131563755,439.1747131347656,418.7378592090627,439.1747131347656,21250,0.0,0.0
2002-09-04 00:00:00+09:00,417.43344747955973,434.82649051275575,417.43344747955973,433.9568176269531,26000,0.0,0.0
2002-09-05 00:00:00+09:00,447.43646496172425,463.0902039673845,446.13199707832416,461.7857360839844,30750,0.0,0.0
2002-09-06 00:00:00+09:00,453.0892530369884,482.657470703125,446.1320351080833,482.657470703125,69625,0.0,0.0
2002-09-09 00:00:00+09:00,478.30923517995774,487.8754314946792,468.7430388652363,480.918212890625,27625,0.0,0.0
2002-09-10 00:00:00+09:00,463.525031857654,471.7867583926135,460.9160961390352,461.35089111328125,33125,0.0,0.0
2002-09-11 00:00:00+09:00,460.91613088812886,466.1340441870378,456.56784907156043,457.002685546875,13500,0.0,0.0
2002-09-12 00:00:00+09:00,443.957894138228,482.657470703125,443.957894138228,482.657470703125,18750,0.0,0.0
2002-09-13 00:00:00+09:00,478.3092158613981,478.3092158613981,460.9161700537551,469.1778564453125,38250,0.0,0.0
2002-09-16 00:00:00+09:00,469.1778564453125,469.1778564453125,469.1778564453125,469.1778564453125,0,0.0,0.0
2002-09-17 00:00:00+09:00,477.87421436745075,477.87421436745075,468.308063210019,472.2214660644531,18750,0.0,0.0
2002-09-18 00:00:00+09:00,460.91601949364525,463.95979114864923,443.95777426945455,463.0901184082031,11875,0.0,0.0
2002-09-19 00:00:00+09:00,463.0902328591299,476.5698733895337,449.1757973193239,465.2643737792969,8125,0.0,0.0
2002-09-20 00:00:00+09:00,450.48015478034057,465.26425964895566,450.48015478034057,459.61151123046875,11250,0.0,0.0
2002-09-23 00:00:00+09:00,459.6115112304688,459.6115112304688,459.6115112304688,459.61151123046875,0,0.0,0.0
2002-09-24 00:00:00+09:00,477.00459197738985,477.00459197738985,443.95777426945455,463.0901184082031,16625,0.0,0.0
2002-09-25 00:00:00+09:00,460.91602804571784,467.0035714686772,456.5677471993645,463.52496337890625,14625,0.0,0.0
2002-09-26 00:00:00+09:00,471.7866681915001,500.9200407785297,468.30806025289456,495.70208740234375,94750,0.0,0.0
2002-09-27 00:00:00+09:00,504.39865338578056,532.662353515625,504.39865338578056,532.662353515625,104375,0.0,0.0
2002-09-30 00:00:00+09:00,538.7500657843199,584.8416530469116,534.8366205233231,561.3610229492188,135000,0.0,0.0
2002-10-01 00:00:00+09:00,560.9260137870658,560.9260137870658,543.5329751689688,551.35986328125,34000,0.0,0.0
2002-10-02 00:00:00+09:00,547.8813573379078,556.5778782625147,524.8355250523463,538.75,31625,0.0,0.0
2002-10-03 00:00:00+09:00,569.6227490408652,600.06059667984,567.8834446463035,591.3640747070312,180250,0.0,0.0
2002-10-04 00:00:00+09:00,592.6685102908343,652.2397343888189,587.015760949937,643.543212890625,175375,0.0,0.0
2002-10-07 00:00:00+09:00,643.5431461667706,643.5431461667706,621.8018239413276,626.5848999023438,66500,0.0,0.0
2002-10-08 00:00:00+09:00,626.1499708073421,713.1152468343771,626.1499708073421,689.1998291015625,178500,0.0,0.0
2002-10-09 00:00:00+09:00,702.6795027019045,744.8576364621147,695.7222864721082,740.9442749023438,184375,0.0,0.0
2002-10-10 00:00:00+09:00,767.0340200947911,800.0808483829079,656.5881177313598,702.244873046875,226625,0.0,0.0
2002-10-11 00:00:00+09:00,741.3791223653534,741.3791223653534,702.679591812353,713.1154174804688,62750,0.0,0.0
2002-10-14 00:00:00+09:00,713.1154174804688,713.1154174804688,713.1154174804688,713.1154174804688,0,0.0,0.0
2002-10-15 00:00:00+09:00,687.0257537332725,687.0257537332725,600.0604695004096,656.153076171875,204000,0.0,0.0
2002-10-16 00:00:00+09:00,617.8883145472913,660.5012817382812,617.8883145472913,660.5012817382812,140625,0.0,0.0
2002-10-17 00:00:00+09:00,651.805031632896,660.9363914459245,643.9781814133671,652.2398681640625,106625,0.0,0.0
2002-10-18 00:00:00+09:00,652.2396496918826,676.1551118075744,652.2396496918826,669.6326904296875,79625,0.0,0.0
2002-10-21 00:00:00+09:00,656.5879882519039,669.6327492163084,652.2397069515798,657.8924560546875,48750,0.0,0.0
2002-10-22 00:00:00+09:00,653.5440505570836,653.5440505570836,608.7569441353834,613.105224609375,87500,0.0,0.0
2002-10-23 00:00:00+09:00,587.015754222342,604.4087970193938,573.9709513904107,590.92919921875,75375,0.0,0.0
2002-10-24 00:00:00+09:00,587.0156509374652,641.3689519501935,580.9280662954596,617.4534912109375,92875,0.0,0.0
2002-10-25 00:00:00+09:00,652.2396482751889,695.7222914935348,652.2396482751889,682.677490234375,126000,0.0,0.0
2002-10-28 00:00:00+09:00,695.7222992187903,696.5919719975884,665.2844569216244,686.5909423828125,74000,0.0,0.0
2002-10-29 00:00:00+09:00,673.9809773682032,687.0257787722115,652.2396555176159,686.5909423828125,49125,0.0,0.0
2002-10-30 00:00:00+09:00,673.9810003999096,682.2426847394128,652.239677806364,654.413818359375,51375,0.0,0.0
2002-10-31 00:00:00+09:00,652.6745829909113,655.2835187548343,634.8467032203878,646.1521606445312,26625,0.0,0.0
2002-11-01 00:00:00+09:00,630.498423567675,636.5860094824287,591.3640552438925,621.3670654296875,37625,0.0,0.0
2002-11-04 00:00:00+09:00,621.3670654296875,621.3670654296875,621.3670654296875,621.3670654296875,0,0.0,0.0
2002-11-05 00:00:00+09:00,619.6276171010784,637.0206564323944,619.6276171010784,634.8465576171875,22000,0.0,0.0
2002-11-06 00:00:00+09:00,634.4118781823885,634.4118781823885,600.0605859053766,600.4954223632812,57750,0.0,0.0
2002-11-07 00:00:00+09:00,600.0605570542733,600.0605570542733,567.4485707085877,590.92919921875,64375,0.0,0.0
2002-11-08 00:00:00+09:00,566.5788792627983,587.0157349806516,566.5788792627983,578.3192138671875,27125,0.0,0.0
2002-11-11 00:00:00+09:00,526.1400327770696,556.57787665968,510.92109010162307,511.3559265136719,138500,0.0,0.0
2002-11-12 00:00:00+09:00,493.9628285115188,506.1379988760078,479.1787641574074,497.4414367675781,124625,0.0,0.0
2002-11-13 00:00:00+09:00,532.2275171522051,543.5330137914541,526.1399739374388,532.662353515625,67750,0.0,0.0
2002-11-14 00:00:00+09:00,540.4892836986343,540.4892836986343,513.0952127232342,520.0524291992188,51875,0.0,0.0
2002-11-15 00:00:00+09:00,513.0952345651782,556.577880859375,513.0952345651782,556.577880859375,65625,0.0,0.0
2002-11-18 00:00:00+09:00,573.9708083581634,603.9738515417422,564.4046164695161,599.1907348632812,76250,0.0,0.0
2002-11-19 00:00:00+09:00,607.0177844111652,608.7570887202058,571.7968203177362,587.8854370117188,51625,0.0,0.0
2002-11-20 00:00:00+09:00,587.015649250063,595.2773327342069,565.2743289074681,585.711181640625,35875,0.0,0.0
2002-11-21 00:00:00+09:00,573.9711234337711,595.7124541810223,565.7094359958666,587.0159301757812,50000,0.0,0.0
2002-11-22 00:00:00+09:00,582.6674228449675,607.8873534730812,578.3191832525612,606.5828857421875,44750,0.0,0.0
2002-11-25 00:00:00+09:00,606.5828038983875,621.8017440890825,602.2345648926718,613.105224609375,58875,0.0,0.0
2002-11-26 00:00:00+09:00,621.8018606306937,621.8018606306937,594.4077880340567,597.0167236328125,18750,0.0,0.0
2002-11-27 00:00:00+09:00,596.5819289396038,597.0167238940643,572.2316283536209,578.3192138671875,34125,0.0,0.0
2002-11-28 00:00:00+09:00,570.0573889632584,578.3191136911721,565.7091498938671,577.88427734375,36625,0.0,0.0
2002-11-29 00:00:00+09:00,565.7093143734505,600.0606079101562,565.2744778996,600.0606079101562,44375,0.0,0.0
2002-12-02 00:00:00+09:00,600.0606079101562,600.0606079101562,600.0606079101562,600.0606079101562,0,0.0,0.0
2002-12-03 00:00:00+09:00,575.7101826410913,575.7101826410913,561.7957501685003,570.0574340820312,32625,0.0,0.0
2002-12-04 00:00:00+09:00,563.970051154075,564.4048461914062,552.2297143120093,564.4048461914062,17875,0.0,0.0
2002-12-05 00:00:00+09:00,555.7082227359496,560.9261354531552,547.8813743942832,552.2296142578125,20125,0.0,0.0
2002-12-06 00:00:00+09:00,534.8366126027395,540.4893621773226,513.0952872243215,521.7918090820312,40750,0.0,0.0
2002-12-09 00:00:00+09:00,521.7916697580151,521.7916697580151,478.30903061151383,520.9219970703125,31375,0.0,0.0
2002-12-10 00:00:00+09:00,520.4873411704466,521.7918090820312,517.8783638789901,521.7918090820312,22500,0.0,0.0
2002-12-11 00:00:00+09:00,521.7918708733216,521.7918708733216,493.09332461021575,501.3550109863281,33875,0.0,0.0
2002-12-12 00:00:00+09:00,504.83338492846923,517.4433476072529,497.8761698599366,504.3985900878906,13500,0.0,0.0
2002-12-13 00:00:00+09:00,521.7918900639319,521.7918900639319,509.18192104611865,510.48638916015625,64125,0.0,0.0
2002-12-16 00:00:00+09:00,500.05043957228685,500.05043957228685,483.52702876674766,486.57080078125,12875,0.0,0.0
2002-12-17 00:00:00+09:00,490.9191064279287,495.70218289788727,483.9618892104305,491.35394287109375,14625,0.0,0.0
2002-12-18 00:00:00+09:00,478.30919054688974,500.0505173899302,478.30919054688974,479.1788635253906,16375,0.0,0.0
2002-12-19 00:00:00+09:00,473.5261220202457,473.5261220202457,447.87134925271306,459.1768493652344,33125,0.0,0.0
2002-12-20 00:00:00+09:00,460.9161211183529,491.3539687842922,460.9161211183529,477.87432861328125,28125,0.0,0.0
2002-12-23 00:00:00+09:00,477.87432861328125,477.87432861328125,477.87432861328125,477.87432861328125,0,0.0,0.0
2002-12-24 00:00:00+09:00,486.57072129923745,486.57072129923745,463.09009745712393,469.6125183105469,14375,0.0,0.0
2002-12-25 00:00:00+09:00,470.04740918497095,497.8762753558085,470.04740918497095,490.4842224121094,38875,0.0,0.0
2002-12-26 00:00:00+09:00,512.2256217279934,520.9221437117401,508.31217646823535,519.61767578125,30875,0.0,0.0
2002-12-27 00:00:00+09:00,517.443598019753,530.4884033203125,517.0088029687589,530.4884033203125,27500,0.0,0.0
2002-12-30 00:00:00+09:00,526.1401625323213,530.4884033203125,521.7918802760371,530.4884033203125,15375,0.0,0.0
2002-12-31 00:00:00+09:00,530.4884033203125,530.4884033203125,530.4884033203125,530.4884033203125,0,0.0,0.0
2003-01-01 00:00:00+09:00,530.4884033203125,530.4884033203125,530.4884033203125,530.4884033203125,0,0.0,0.0
2003-01-02 00:00:00+09:00,530.4884033203125,530.4884033203125,530.4884033203125,530.4884033203125,0,0.0,0.0
2003-01-03 00:00:00+09:00,530.4884033203125,530.4884033203125,530.4884033203125,530.4884033203125,0,0.0,0.0
2003-01-06 00:00:00+09:00,542.6634615405346,542.6634615405346,521.7918090820312,521.7918090820312,6875,0.0,0.0
2003-01-07 00:00:00+09:00,539.1848373625917,539.1848373625917,526.1400756835938,526.1400756835938,15000,0.0,0.0
2003-01-08 00:00:00+09:00,526.140144471479,526.140144471479,519.6177213109484,523.9660034179688,15000,0.0,0.0
2003-01-09 00:00:00+09:00,519.6177213109484,523.9660034179688,519.6177213109484,523.9660034179688,20000,0.0,0.0
2003-01-10 00:00:00+09:00,506.5728912054452,514.3997820205936,506.5728912054452,510.9211730957031,9625,0.0,0.0
2003-01-13 00:00:00+09:00,510.9211730957031,510.9211730957031,510.9211730957031,510.9211730957031,0,0.0,0.0
2003-01-14 00:00:00+09:00,508.74700487083305,510.9211456993815,491.3539611790201,503.96392822265625,22125,0.0,0.0
2003-01-15 00:00:00+09:00,498.31118655399854,521.3569801779994,498.31118655399854,519.61767578125,17250,0.0,0.0
2003-01-16 00:00:00+09:00,502.2245083884374,516.1389401428596,495.70208740234375,495.70208740234375,20875,0.0,0.0
2003-01-17 00:00:00+09:00,495.70203472901636,495.70203472901636,479.61346435546875,479.61346435546875,29375,0.0,0.0
2003-01-20 00:00:00+09:00,479.6133967307264,493.52786651295503,470.0472479990117,478.3089294433594,37625,0.0,0.0
2003-01-21 00:00:00+09:00,479.1789328422003,500.0505897259809,479.1789328422003,499.6157531738281,24375,0.0,0.0
2003-01-22 00:00:00+09:00,508.31216967829744,520.9221367533606,505.703233852167,515.7042236328125,24625,0.0,0.0
2003-01-23 00:00:00+09:00,520.0524240574096,520.0524240574096,510.92106715589216,515.2693481445312,19625,0.0,0.0
2003-01-24 00:00:00+09:00,508.7469206794938,508.7469206794938,491.3538798660145,498.31109619140625,41375,0.0,0.0
2003-01-27 00:00:00+09:00,501.3548593234284,504.39867251452273,491.3538713951631,497.8762512207031,48500,0.0,0.0
2003-01-28 00:00:00+09:00,495.70215459687876,495.70215459687876,484.3966979980469,484.3966979980469,10125,0.0,0.0
2003-01-29 00:00:00+09:00,485.26629115224875,487.0055952203533,480.04837894793513,480.48321533203125,18750,0.0,0.0
2003-01-30 00:00:00+09:00,484.83150031035035,488.3101087733193,481.78772827232353,482.2225646972656,11875,0.0,0.0
2003-01-31 00:00:00+09:00,479.1789240860084,485.7013063759302,470.4823590750523,476.5699462890625,23375,0.0,0.0
2003-02-03 00:00:00+09:00,478.30923517995774,487.0057584350255,473.0913212269171,480.918212890625,32625,0.0,0.0
2003-02-04 00:00:00+09:00,482.6575175416386,489.17989961586585,479.6137033011444,480.918212890625,37750,0.0,0.0
2003-02-05 00:00:00+09:00,481.3528845379569,500.05043584370253,481.3528845379569,484.3966979980469,26875,0.0,0.0
2003-02-06 00:00:00+09:00,487.0055942558505,487.0055942558505,480.9180507636808,483.9618225097656,23375,0.0,0.0
2003-02-07 00:00:00+09:00,484.83135513003185,490.4841025567405,484.83135513003185,489.6144714355469,12125,0.0,0.0
2003-02-10 00:00:00+09:00,490.48422373887956,498.7459495069063,490.48422373887956,493.09320068359375,12875,0.0,0.0
2003-02-11 00:00:00+09:00,493.09320068359375,493.09320068359375,493.09320068359375,493.09320068359375,0,0.0,0.0
2003-02-12 00:00:00+09:00,495.7021331589181,513.0952159257197,495.7021331589181,509.6166076660156,56375,0.0,0.0
2003-02-13 00:00:00+09:00,518.3129957220033,518.3129957220033,500.05028629632784,502.22442626953125,35625,0.0,0.0
2003-02-14 00:00:00+09:00,500.0505429202666,509.1819023192814,498.3112383427539,501.3550109863281,22500,0.0,0.0
2003-02-17 00:00:00+09:00,510.44645654703055,520.1440694558496,510.44645654703055,513.5320434570312,15375,10.0,0.0
2003-02-18 00:00:00+09:00,522.3481128165697,522.3481128165697,509.1241019785607,520.1441040039062,23500,0.0,0.0
2003-02-19 00:00:00+09:00,513.5319785440498,515.735986931725,498.10400390625,498.10400390625,22000,0.0,0.0
2003-02-20 00:00:00+09:00,498.1040022769503,498.5448123606362,493.2551754323326,495.8999938964844,24750,0.0,0.0
2003-02-21 00:00:00+09:00,496.3407146538497,502.07111859657635,496.3407146538497,496.7815246582031,21875,0.0,0.0
2003-02-24 00:00:00+09:00,499.86707132383253,519.7030575431373,499.86707132383253,511.7686462402344,12625,0.0,0.0
2003-02-25 00:00:00+09:00,582.2967290065893,582.2967290065893,555.4079474961746,564.2239379882812,133875,0.0,0.0
2003-02-26 00:00:00+09:00,565.1056199840976,565.1056199840976,551.8816528320312,551.8816528320312,21625,0.0,0.0
2003-02-27 00:00:00+09:00,550.5590930690423,550.5590930690423,533.8086909708368,541.7431030273438,37000,0.0,0.0
2003-02-28 00:00:00+09:00,533.3681355276054,564.2241339876712,533.3681355276054,558.0529174804688,25875,0.0,0.0
2003-03-03 00:00:00+09:00,564.2239379882812,564.2239379882812,561.1383097875749,564.2239379882812,27625,0.0,0.0
2003-03-04 00:00:00+09:00,564.2239549417369,573.039945698741,562.0199467429959,570.8359375,29375,0.0,0.0
2003-03-05 00:00:00+09:00,573.0399991882414,595.07999915702,566.8687840633165,592.4351806640625,66875,0.0,0.0
2003-03-06 00:00:00+09:00,595.0799058888709,597.7247239673004,583.6190976122718,587.5863037109375,33125,0.0,0.0
2003-03-07 00:00:00+09:00,578.7703328097467,581.8559189724944,564.2239379882812,564.2239379882812,21250,0.0,0.0
2003-03-10 00:00:00+09:00,528.960066815,538.2168696657812,522.3480827950001,523.6704711914062,45125,0.0,0.0
2003-03-11 00:00:00+09:00,510.00557121916427,524.5519674189218,498.10399343661834,515.295166015625,38375,0.0,0.0
2003-03-12 00:00:00+09:00,508.68322182287517,524.111239350933,493.6960144042969,493.6960144042969,46250,0.0,0.0
2003-03-13 00:00:00+09:00,506.92010708654436,524.1113258518452,506.92010708654436,519.7033081054688,24375,0.0,0.0
2003-03-14 00:00:00+09:00,509.1239761148767,523.2295617680392,509.1239761148767,510.00555419921875,73875,0.0,0.0
2003-03-17 00:00:00+09:00,513.0912659974094,524.1112670898438,511.3280675041387,524.1112670898438,14375,0.0,0.0
2003-03-18 00:00:00+09:00,529.400831492069,538.6576335478275,524.5520043917406,530.2824096679688,33125,0.0,0.0
2003-03-19 00:00:00+09:00,535.5720054321282,535.5720054321282,520.1440300140384,528.9600219726562,12250,0.0,0.0
2003-03-20 00:00:00+09:00,537.7761535821189,550.1185455292823,537.7761535821189,548.3553466796875,22875,0.0,0.0
2003-03-21 00:00:00+09:00,548.3553466796875,548.3553466796875,548.3553466796875,548.3553466796875,0,0.0,0.0
2003-03-24 00:00:00+09:00,572.1584165250329,572.1584165250329,564.2240446018681,567.3096313476562,30375,0.0,0.0
2003-03-25 00:00:00+09:00,540.8615429742326,562.901539828186,540.8615429742326,545.7103271484375,25000,0.0,0.0
2003-03-26 00:00:00+09:00,572.1583114333238,572.1583114333238,556.2895284637411,571.2767333984375,50875,0.0,0.0
2003-03-27 00:00:00+09:00,569.0727599185842,581.8559574877978,566.4279836148636,580.5335693359375,41000,0.0,0.0
2003-03-28 00:00:00+09:00,592.8760046723611,592.8760046723611,573.4808227411712,580.9744262695312,34375,0.0,0.0
2003-03-31 00:00:00+09:00,580.9744717363479,590.2312743465224,577.4480747456118,584.06005859375,19125,0.0,0.0
2003-04-01 00:00:00+09:00,580.9742528096644,581.8558307061622,575.243849349596,576.1254272460938,20750,0.0,0.0
2003-04-02 00:00:00+09:00,567.3095496706597,590.6719360351562,567.3095496706597,590.6719360351562,19125,0.0,0.0
2003-04-03 00:00:00+09:00,595.0800837173606,612.712069382687,582.2968836005065,612.2713012695312,70250,0.0,0.0
2003-04-04 00:00:00+09:00,617.1198698211502,639.1598651719056,616.2382498289016,638.7190551757812,100625,0.0,0.0
2003-04-07 00:00:00+09:00,639.1600242929198,659.8776368509758,639.1600242929198,652.384033203125,47875,0.0,0.0
2003-04-08 00:00:00+09:00,652.3840568110326,652.8248669328497,625.9360380335442,630.3440551757812,26625,0.0,0.0
2003-04-09 00:00:00+09:00,625.9360221375363,639.1600311904491,621.5280471452094,634.7520141601562,30375,0.0,0.0
2003-04-10 00:00:00+09:00,625.9359539267153,625.9359539267153,606.5407735905243,614.9159545898438,19500,0.0,0.0
2003-04-11 00:00:00+09:00,606.0998858032739,636.9558715820312,606.0998858032739,636.9558715820312,58125,0.0,0.0
2003-04-14 00:00:00+09:00,638.2782958315545,663.403921111121,638.2782958315545,643.5679321289062,53500,0.0,0.0
2003-04-15 00:00:00+09:00,645.7719464043045,670.0159534310584,645.7719464043045,655.0287475585938,36875,0.0,0.0
2003-04-16 00:00:00+09:00,661.2001050118974,667.8120892468282,655.0288888981171,663.4041137695312,38500,0.0,0.0
2003-04-17 00:00:00+09:00,662.9632005640019,678.3912174314437,662.9632005640019,675.7463989257812,35625,0.0,0.0
2003-04-18 00:00:00+09:00,679.7135329276789,683.2399291992188,676.6279466995713,683.2399291992188,45125,0.0,0.0
2003-04-21 00:00:00+09:00,705.2799072265625,709.6879234619119,700.8718909912131,705.2799072265625,37125,0.0,0.0
2003-04-22 00:00:00+09:00,700.8720834388422,709.6881183302752,693.3784790039062,693.3784790039062,56000,0.0,0.0
2003-04-23 00:00:00+09:00,684.121481200049,705.2798567235365,684.121481200049,697.7862548828125,34000,0.0,0.0
2003-04-24 00:00:00+09:00,714.0960489158468,718.503981749458,700.8719981872248,705.7208251953125,44625,0.0,0.0
2003-04-25 00:00:00+09:00,711.8920216160736,748.9192303410497,709.6880551274644,740.5440063476562,61625,0.0,0.0
2003-04-28 00:00:00+09:00,766.9920291458237,789.0320304665424,766.9920291458237,786.8280639648438,96250,0.0,0.0
2003-04-29 00:00:00+09:00,786.8280639648436,786.8280639648436,786.8280639648436,786.8280639648438,0,0.0,0.0
2003-04-30 00:00:00+09:00,811.0719810704175,832.6711709249988,802.2560315389566,819.4472045898438,164375,0.0,0.0
2003-05-01 00:00:00+09:00,793.4400634765625,828.2633066189268,793.4400634765625,793.4400634765625,66875,0.0,0.0
2003-05-02 00:00:00+09:00,771.40001021755,789.0319936359082,771.40001021755,771.8408203125,48500,0.0,0.0
2003-05-05 00:00:00+09:00,771.8408203125,771.8408203125,771.8408203125,771.8408203125,0,0.0,0.0
2003-05-06 00:00:00+09:00,758.6165904550166,813.27585225159,758.6165904550166,800.4926147460938,44625,0.0,0.0
2003-05-07 00:00:00+09:00,806.6640888851321,811.0721063698039,784.6240855377139,791.6768798828125,25000,0.0,0.0
2003-05-08 00:00:00+09:00,793.439780875428,813.2758090276756,793.439780875428,804.4597778320312,30000,0.0,0.0
2003-05-09 00:00:00+09:00,793.4400398164229,806.6640068496572,793.4400398164229,805.782470703125,20625,0.0,0.0
2003-05-12 00:00:00+09:00,807.1049360441941,815.4801612414518,802.2561922571033,811.0721435546875,19375,0.0,0.0
2003-05-13 00:00:00+09:00,802.2560834362123,815.4800506268145,793.880859375,793.880859375,28375,0.0,0.0
2003-05-14 00:00:00+09:00,780.6567636105706,780.6567636105706,750.6824340820311,750.6824340820312,53500,0.0,0.0
2003-05-15 00:00:00+09:00,740.5441641323716,740.9849743392015,714.0962243301764,729.0834350585938,96250,0.0,0.0
2003-05-16 00:00:00+09:00,731.287332638878,771.400132819412,731.287332638878,762.1433715820312,21500,0.0,0.0
2003-05-19 00:00:00+09:00,749.3598601262007,758.1758921109914,710.5695043601281,713.6550903320312,62500,0.0,0.0
2003-05-20 00:00:00+09:00,710.1288594257052,744.9520173010011,696.4640403032004,709.6880493164062,49625,0.0,0.0
2003-05-21 00:00:00+09:00,709.2471815684763,727.3199742013448,706.1615951300731,714.0960083007812,25625,0.0,0.0
2003-05-22 00:00:00+09:00,727.3200333087037,727.3200333087037,709.6880493164062,709.6880493164062,24000,0.0,0.0
2003-05-23 00:00:00+09:00,727.3201045790802,739.6625366210938,723.7937074350676,739.6625366210938,26625,0.0,0.0
2003-05-26 00:00:00+09:00,747.1559819030749,771.3999465942394,747.1559819030749,764.7879638671875,71250,0.0,0.0
2003-05-27 00:00:00+09:00,762.5839591746158,762.5839591746158,722.9119763641082,727.7608032226562,45125,0.0,0.0
2003-05-28 00:00:00+09:00,754.2088676200173,754.2088676200173,736.5767994074137,740.5440063476562,18250,0.0,0.0
2003-05-29 00:00:00+09:00,753.7679479430458,758.1759643554688,740.5438987057769,758.1759643554688,28500,0.0,0.0
2003-05-30 00:00:00+09:00,749.3601357940274,760.8209479599905,731.7281494140624,731.7281494140625,15875,0.0,0.0
2003-06-02 00:00:00+09:00,755.9719684071263,755.9719684071263,744.9519686225445,749.3599853515625,32000,0.0,0.0
2003-06-03 00:00:00+09:00,753.7680206455626,762.1432442293823,743.1888306809143,750.6824340820312,67750,0.0,0.0
2003-06-04 00:00:00+09:00,758.1761449035312,766.5512855980345,749.3601099792812,753.7681274414062,21500,0.0,0.0
2003-06-05 00:00:00+09:00,758.1761562397626,761.7025534470012,753.7681387117291,758.6168823242188,10250,0.0,0.0
2003-06-06 00:00:00+09:00,755.9719141112972,758.1759643554688,752.0047077477085,758.1759643554688,19750,0.0,0.0
2003-06-09 00:00:00+09:00,748.9192439801025,753.3272611135307,720.7080688476562,720.7080688476562,47625,0.0,0.0
2003-06-10 00:00:00+09:00,720.7080498210836,725.1160668381409,707.4839987699119,709.6880493164062,56500,0.0,0.0
2003-06-11 00:00:00+09:00,712.332806562777,748.9192038822737,712.332806562777,736.1360473632812,41625,0.0,0.0
2003-06-12 00:00:00+09:00,719.8264007392512,736.136037825608,719.8264007392512,722.9119873046875,18750,0.0,0.0
2003-06-13 00:00:00+09:00,745.8335637641118,745.8335637641118,722.9119448028785,724.234375,50625,0.0,0.0
2003-06-16 00:00:00+09:00,722.9118987503662,736.5766736130921,716.7407263754418,721.1487426757812,20000,0.0,0.0
2003-06-17 00:00:00+09:00,727.319967265373,746.2743798644366,727.319967265373,735.6951904296875,36625,0.0,0.0
2003-06-18 00:00:00+09:00,747.1560190250166,753.7680020805803,736.576745245003,749.3599853515625,48125,0.0,0.0
2003-06-19 00:00:00+09:00,758.1759942626927,766.991943359375,753.7679776763898,766.991943359375,54750,0.0,0.0
2003-06-20 00:00:00+09:00,780.2159915090707,811.0719393977026,778.0119411825035,802.6967163085938,64375,0.0,0.0
2003-06-23 00:00:00+09:00,815.4798927907697,836.6382698309048,802.6966541149068,828.703857421875,111000,0.0,0.0
2003-06-24 00:00:00+09:00,837.5200530372323,868.8168146627021,833.1120359429024,857.7968139648438,134125,0.0,0.0
2003-06-25 00:00:00+09:00,859.560022968492,881.1592134565375,859.560022968492,879.3960571289062,74375,0.0,0.0
2003-06-26 00:00:00+09:00,881.1591374555923,947.7199435823469,879.3959812800352,927.8839111328125,104125,0.0,0.0
2003-06-27 00:00:00+09:00,910.2519364586816,927.8839187383902,881.5999547446647,903.6399536132812,90125,0.0,0.0
2003-06-30 00:00:00+09:00,903.6402942139141,943.3122903154315,903.6402942139141,934.496337890625,53250,0.0,0.0
2003-07-01 00:00:00+09:00,919.0681973883288,969.7601905328095,919.0681973883288,965.3521728515625,82125,0.0,0.0
2003-07-02 00:00:00+09:00,991.7999942527471,1022.6560277043145,991.7999942527471,1000.6160278320312,86625,0.0,0.0
2003-07-03 00:00:00+09:00,1013.8401323315029,1013.8401323315029,960.944091796875,960.944091796875,49375,0.0,0.0
2003-07-04 00:00:00+09:00,908.0476830527505,978.5756739446343,886.0076911537802,969.7596435546875,61250,0.0,0.0
2003-07-07 00:00:00+09:00,978.5759543366656,991.7999196347607,947.7199232065491,982.98388671875,45375,0.0,0.0
2003-07-08 00:00:00+09:00,969.760134429239,982.9841026319891,947.7201313740289,974.1681518554688,45875,0.0,0.0
2003-07-09 00:00:00+09:00,956.5360818065642,969.7600488422217,936.700047177146,954.33203125,35750,0.0,0.0
2003-07-10 00:00:00+09:00,941.108005232069,991.7999877929688,938.9039548136398,991.7999877929688,46375,0.0,0.0
2003-07-11 00:00:00+09:00,989.5961613186051,1029.268149622322,978.5761598966872,1002.8201293945312,65125,0.0,0.0
2003-07-14 00:00:00+09:00,1055.7159825124916,1097.5919300392973,1027.0639166390854,1077.7559814453125,78125,0.0,0.0
2003-07-15 00:00:00+09:00,1079.9600056805307,1102.0000057964598,1051.3080223450083,1073.3480224609375,87750,0.0,0.0
2003-07-16 00:00:00+09:00,1038.0841589072895,1084.3682179373375,1035.880192128882,1071.1441650390625,54125,0.0,0.0
2003-07-17 00:00:00+09:00,1068.940227124525,1084.3682472178002,1053.51220703125,1053.51220703125,54750,0.0,0.0
2003-07-18 00:00:00+09:00,1038.0842201198473,1079.9602639864352,1035.8802532114787,1075.55224609375,48375,0.0,0.0
2003-07-21 00:00:00+09:00,1075.55224609375,1075.55224609375,1075.55224609375,1075.55224609375,0,0.0,0.0
2003-07-22 00:00:00+09:00,1093.1841430689174,1093.1841430689174,1064.5321552528742,1066.7362060546875,38250,0.0,0.0
2003-07-23 00:00:00+09:00,1068.9401727805596,1077.7562078359304,1057.9201709993167,1066.7362060546875,61625,0.0,0.0
2003-07-24 00:00:00+09:00,1102.0000654397552,1132.8561009024413,1068.9400634765625,1068.9400634765625,70625,0.0,0.0
2003-07-25 00:00:00+09:00,1051.3081402050946,1051.3081402050946,1013.8401189923632,1027.0640869140625,87625,0.0,0.0
2003-07-28 00:00:00+09:00,1027.0639317441205,1031.4719484106981,994.0039328586756,1013.8399658203125,69375,0.0,0.0
2003-07-29 00:00:00+09:00,1011.6361083984375,1035.8800765598912,1005.0240406490102,1011.6361083984375,31625,0.0,0.0
2003-07-30 00:00:00+09:00,1013.8399658203125,1031.4719484106981,1013.8399658203125,1013.8399658203125,38500,0.0,0.0
2003-07-31 00:00:00+09:00,1027.0639317441205,1031.4719484106981,1013.8399658203125,1013.8399658203125,20875,0.0,0.0
2003-08-01 00:00:00+09:00,1035.8799403896485,1040.287956951172,996.2079594877827,1031.471923828125,57625,0.0,0.0
2003-08-04 00:00:00+09:00,1013.8399416579539,1040.287956951172,1013.8399416579539,1031.471923828125,20875,0.0,0.0
2003-08-05 00:00:00+09:00,1031.471923828125,1035.8799403896485,1013.8399416579539,1031.471923828125,40000,0.0,0.0
2003-08-06 00:00:00+09:00,1031.472140109281,1053.512143462368,1031.472140109281,1049.1041259765625,42125,0.0,0.0
2003-08-07 00:00:00+09:00,1051.3077304477076,1051.3077304477076,1031.4717022205054,1042.49169921875,13750,0.0,0.0
2003-08-08 00:00:00+09:00,1044.6962344674241,1046.9002012607534,1007.2282104492189,1007.2282104492188,35875,0.0,0.0
2003-08-11 00:00:00+09:00,991.7999910371495,1013.839990837975,987.391974261799,996.2080078125,18500,0.0,0.0
2003-08-12 00:00:00+09:00,996.2080045539007,1009.4319707607696,991.7999877929688,991.7999877929688,17000,0.0,0.0
2003-08-13 00:00:00+09:00,987.3921771818535,987.3921771818535,965.3521728515625,965.3521728515625,42875,0.0,0.0
2003-08-14 00:00:00+09:00,965.3521170030091,978.5761692816986,956.5361662264887,974.1681518554688,23375,0.0,0.0
2003-08-15 00:00:00+09:00,950.0289916992188,950.0289916992188,950.0289916992188,950.0289916992188,53500,10.0,0.0
2003-08-18 00:00:00+09:00,978.8848709957548,987.7636795128992,941.150146484375,941.150146484375,55375,0.0,0.0
2003-08-19 00:00:00+09:00,952.2487222758087,952.2487222758087,910.0745040709713,921.1729736328125,87500,0.0,0.0
2003-08-20 00:00:00+09:00,892.3167000973144,907.8545697241125,886.1015014418488,896.756103515625,104125,0.0,0.0
2003-08-21 00:00:00+09:00,896.7561104768351,981.1044373811923,894.5363664131602,945.5892944335938,102500,0.0,0.0
2003-08-22 00:00:00+09:00,994.4225577258115,1003.3013645836849,976.6650286846427,989.983154296875,116250,0.0,0.0
2003-08-25 00:00:00+09:00,976.6650497939561,1021.0589156936813,958.9075203689819,1009.96044921875,86250,0.0,0.0
2003-08-26 00:00:00+09:00,1021.0589258091859,1098.748191903363,1012.1801186714479,1089.869384765625,151875,0.0,0.0
2003-08-27 00:00:00+09:00,1087.6495711984444,1087.6495711984444,1052.1345170291388,1058.7935791015625,103250,0.0,0.0
2003-08-28 00:00:00+09:00,1065.4528429475422,1065.4528429475422,1047.6953125,1047.6953125,29500,0.0,0.0
2003-08-29 00:00:00+09:00,1029.937818700564,1080.990752306825,1027.7180743940212,1065.452880859375,40625,0.0,0.0
2003-09-01 00:00:00+09:00,1067.6726382545778,1076.5514469445773,1065.4529784193755,1074.331787109375,21875,0.0,0.0
2003-09-02 00:00:00+09:00,1072.1120180760222,1076.5514223194748,1061.0135498046875,1061.0135498046875,19000,0.0,0.0
2003-09-03 00:00:00+09:00,1058.7934856831891,1058.7934856831891,1027.7177525209627,1036.5965576171875,25750,0.0,0.0
2003-09-04 00:00:00+09:00,1045.4756468789021,1045.4756468789021,994.4227112507183,1005.5211791992188,35375,0.0,0.0
2003-09-05 00:00:00+09:00,1003.3016626184175,1043.2561359983265,1001.0819179072764,1027.71826171875,35250,0.0,0.0
2003-09-08 00:00:00+09:00,1027.7179786437243,1027.7179786437243,1001.0816421689732,1009.96044921875,22500,0.0,0.0
2003-09-09 00:00:00+09:00,1009.9604211014308,1009.9604211014308,981.1044260048768,987.7634887695312,33250,0.0,0.0
2003-09-10 00:00:00+09:00,987.7635162688874,1021.0589156936813,987.7635162688874,1009.96044921875,40750,0.0,0.0
2003-09-11 00:00:00+09:00,1001.0816142988401,1007.7407617380717,981.1044260048768,987.7634887695312,17000,0.0,0.0
2003-09-12 00:00:00+09:00,992.2032546505229,1005.5213850453187,963.3472490120602,985.544189453125,40250,0.0,0.0
2003-09-15 00:00:00+09:00,985.5441894531251,985.5441894531251,985.5441894531251,985.544189453125,0,0.0,0.0
2003-09-16 00:00:00+09:00,1012.1798445037566,1016.6192468701311,976.664794921875,976.664794921875,19750,0.0,0.0
2003-09-17 00:00:00+09:00,987.7632585005326,998.8617220791903,976.664794921875,976.664794921875,10375,0.0,0.0
2003-09-18 00:00:00+09:00,981.1045590855579,989.9832824179147,981.1045590855579,983.32421875,10000,0.0,0.0
2003-09-19 00:00:00+09:00,998.8620371927929,1014.3999080395976,985.5439105667226,1007.7408447265625,54375,0.0,0.0
2003-09-22 00:00:00+09:00,1021.0588872673806,1025.498290668676,987.7634887695312,987.7634887695312,42125,0.0,0.0
2003-09-23 00:00:00+09:00,987.7634887695312,987.7634887695312,987.7634887695312,987.7634887695312,0,0.0,0.0
2003-09-24 00:00:00+09:00,992.2030825533203,998.8621465957063,981.1046142578124,981.1046142578125,23750,0.0,0.0
2003-09-25 00:00:00+09:00,932.2713074851769,954.4682433776811,901.1955633658347,925.6122436523438,57125,0.0,0.0
2003-09-26 00:00:00+09:00,907.8546463837847,945.589366939318,901.1954983567286,932.271240234375,22750,0.0,0.0
2003-09-29 00:00:00+09:00,932.2711687498556,954.4681013391379,916.7332990024424,945.5892944335938,26875,0.0,0.0
2003-09-30 00:00:00+09:00,974.4453411358312,976.6650004488394,956.6877279334649,967.7861938476562,11250,0.0,0.0
2003-10-01 00:00:00+09:00,963.3470458984375,985.5439816594651,958.9076418113139,963.3470458984375,18500,0.0,0.0
2003-10-02 00:00:00+09:00,1105.4073387808423,1140.9224853515625,1065.4528729790454,1140.9224853515625,218250,0.0,0.0
2003-10-03 00:00:00+09:00,1309.6192385068118,1318.498046875,1269.6647701991496,1318.498046875,492750,0.0,0.0
2003-10-06 00:00:00+09:00,1318.4979857027113,1358.4524521566686,1256.346499358124,1327.376708984375,296250,0.0,0.0
2003-10-07 00:00:00+09:00,1274.1042347723169,1305.179896184693,1274.1042347723169,1287.42236328125,68500,0.0,0.0
2003-10-08 00:00:00+09:00,1251.9072974743642,1325.1571736226886,1251.9072974743642,1287.42236328125,41250,0.0,0.0
2003-10-09 00:00:00+09:00,1256.3465214253283,1287.4222651434543,1256.3465214253283,1278.54345703125,32500,0.0,0.0
2003-10-10 00:00:00+09:00,1271.884361209179,1402.846311851268,1245.2480222188876,1362.891845703125,131625,0.0,0.0
2003-10-13 00:00:00+09:00,1362.891845703125,1362.891845703125,1362.891845703125,1362.891845703125,0,0.0,0.0
2003-10-14 00:00:00+09:00,1407.2859791995309,1425.0434289506338,1362.8921007979634,1367.3314208984375,96875,0.0,0.0
2003-10-15 00:00:00+09:00,1411.7248333260718,1518.2701740616492,1393.9673047616675,1496.0732421875,114375,0.0,0.0
2003-10-16 00:00:00+09:00,1509.3915895821617,1540.4673326492766,1464.9977193003333,1522.709716796875,49750,0.0,0.0
2003-10-17 00:00:00+09:00,1553.785688612196,1642.5734422471787,1553.785688612196,1598.1795654296875,73250,0.0,0.0
2003-10-20 00:00:00+09:00,1642.5736262023747,1642.5736262023747,1562.6646728515625,1562.6646728515625,30000,0.0,0.0
2003-10-21 00:00:00+09:00,1553.78545986399,1553.78545986399,1402.8463178406914,1522.709716796875,55875,0.0,0.0
2003-10-22 00:00:00+09:00,1478.3158194825933,1487.1946272464363,1451.6795655402364,1469.43701171875,33125,0.0,0.0
2003-10-23 00:00:00+09:00,1336.255376609185,1385.088645891001,1336.255376609185,1376.2098388671875,66375,0.0,0.0
2003-10-24 00:00:00+09:00,1362.8917993553248,1425.0431137614485,1362.8917993553248,1398.4068603515625,21375,0.0,0.0
2003-10-27 00:00:00+09:00,1464.9976513220265,1464.9976513220265,1385.088722392477,1411.7249755859375,19500,0.0,0.0
2003-10-28 00:00:00+09:00,1385.088645891001,1411.7248976132832,1376.2098388671875,1376.2098388671875,23500,0.0,0.0
2003-10-29 00:00:00+09:00,1398.4072745793103,1425.0435358792286,1376.210333712972,1402.8466796875,30000,0.0,0.0
2003-10-30 00:00:00+09:00,1433.9223460956077,1433.9223460956077,1402.8466796875,1402.8466796875,9500,0.0,0.0
2003-10-31 00:00:00+09:00,1411.7251348573955,1420.603943373316,1385.0888786588205,1389.5281982421875,14125,0.0,0.0
2003-11-03 00:00:00+09:00,1389.5281982421875,1389.5281982421875,1389.5281982421875,1389.5281982421875,0,0.0,0.0
2003-11-04 00:00:00+09:00,1456.1188321976842,1460.5583205939754,1425.0430908203125,1425.0430908203125,16875,0.0,0.0
2003-11-05 00:00:00+09:00,1380.6493574532506,1487.1946272464363,1380.6493574532506,1469.43701171875,32000,0.0,0.0
2003-11-06 00:00:00+09:00,1531.5882993163088,1531.5882993163088,1482.7551169328403,1496.0732421875,39125,0.0,0.0
2003-11-07 00:00:00+09:00,1451.6793118794167,1464.9974365234375,1398.4066439541903,1464.9974365234375,28250,0.0,0.0
2003-11-10 00:00:00+09:00,1487.1945256159856,1487.1945256159856,1425.0430448655038,1442.8006591796875,8250,0.0,0.0
2003-11-11 00:00:00+09:00,1420.6038696620662,1442.800805125536,1362.8918713268804,1433.9219970703125,23500,0.0,0.0
2003-11-12 00:00:00+09:00,1371.7705111211626,1433.9219096968773,1371.7705111211626,1411.7249755859375,19000,0.0,0.0
2003-11-13 00:00:00+09:00,1389.5280303958161,1425.0430908203125,1385.0887113486915,1425.0430908203125,16250,0.0,0.0
2003-11-14 00:00:00+09:00,1442.800805125536,1442.800805125536,1398.4069341985964,1433.9219970703125,20125,0.0,0.0
2003-11-17 00:00:00+09:00,1411.7249987476607,1411.7249987476607,1376.2099374573063,1385.0887451171875,17750,0.0,0.0
2003-11-18 00:00:00+09:00,1358.4524161191491,1371.7705430256308,1336.2554814919558,1349.5736083984375,12000,0.0,0.0
2003-11-19 00:00:00+09:00,1287.4224863773634,1320.7178955078125,1287.4224863773634,1320.7178955078125,16875,0.0,0.0
2003-11-20 00:00:00+09:00,1320.717511798506,1416.164306640625,1320.717511798506,1416.164306640625,21500,0.0,0.0
2003-11-21 00:00:00+09:00,1420.6038696620662,1438.3614857725133,1389.528126143373,1433.9219970703125,20250,0.0,0.0
2003-11-24 00:00:00+09:00,1433.9219970703125,1433.9219970703125,1433.9219970703125,1433.9219970703125,0,0.0,0.0
2003-11-25 00:00:00+09:00,1487.1946392674085,1487.1946392674085,1411.7250266884814,1438.3614501953125,12500,0.0,0.0
2003-11-26 00:00:00+09:00,1416.1643223829926,1464.9975923978366,1416.1643223829926,1442.8006591796875,8125,0.0,0.0
2003-11-27 00:00:00+09:00,1416.1644777702822,1433.9220093583135,1407.2857543135615,1420.6038818359375,8500,0.0,0.0
2003-11-28 00:00:00+09:00,1402.8463382262082,1433.9219970703125,1385.0888067903502,1433.9219970703125,27250,0.0,0.0
2003-12-01 00:00:00+09:00,1345.1342552164333,1433.9219970703125,1345.1342552164333,1433.9219970703125,16250,0.0,0.0
2003-12-02 00:00:00+09:00,1420.603736720974,1451.6794773315778,1420.603736720974,1429.4825439453125,18375,0.0,0.0
2003-12-03 00:00:00+09:00,1385.0886512854079,1420.6037101698216,1385.0886512854079,1416.164306640625,11500,0.0,0.0
2003-12-04 00:00:00+09:00,1389.5281982421875,1398.407006758108,1376.2100701429,1389.5281982421875,15125,0.0,0.0
2003-12-05 00:00:00+09:00,1376.2098388671875,1398.4067717521423,1376.2098388671875,1376.2098388671875,8750,0.0,0.0
2003-12-08 00:00:00+09:00,1376.2100701429,1389.5281982421875,1362.8919420436125,1389.5281982421875,12125,0.0,0.0
2003-12-09 00:00:00+09:00,1389.5280527652108,1398.4068603515625,1367.3311184739161,1398.4068603515625,7000,0.0,0.0
2003-12-10 00:00:00+09:00,1411.7248976132832,1411.7248976132832,1371.7704353552808,1376.2098388671875,16250,0.0,0.0
2003-12-11 00:00:00+09:00,1376.209972860977,1380.6493768051232,1354.013037814832,1362.891845703125,7750,0.0,0.0
2003-12-12 00:00:00+09:00,1376.2100099985546,1393.967541579747,1340.6949468361697,1380.6494140625,46500,0.0,0.0
2003-12-15 00:00:00+09:00,1358.452537785652,1393.9676025001477,1358.452537785652,1389.5281982421875,21875,0.0,0.0
2003-12-16 00:00:00+09:00,1345.1342045380816,1371.7705430256308,1345.1342045380816,1349.5736083984375,35875,0.0,0.0
2003-12-17 00:00:00+09:00,1349.5736442004168,1358.4524521566686,1307.3995180946904,1327.376708984375,32250,0.0,0.0
2003-12-18 00:00:00+09:00,1305.1798343227179,1320.7177066297509,1298.5207703838728,1318.498046875,24625,0.0,0.0
2003-12-19 00:00:00+09:00,1300.7403877364536,1316.2782595369756,1291.8616643322905,1307.3995361328125,19000,0.0,0.0
2003-12-22 00:00:00+09:00,1331.8164554860252,1331.8164554860252,1291.8619787563664,1302.96044921875,24375,0.0,0.0
2003-12-23 00:00:00+09:00,1302.96044921875,1302.96044921875,1302.96044921875,1302.96044921875,0,0.0,0.0
2003-12-24 00:00:00+09:00,1316.2785388626612,1316.2785388626612,1276.324063378769,1291.8619384765625,45250,0.0,0.0
2003-12-25 00:00:00+09:00,1256.3467248945187,1371.7708256735148,1256.3467248945187,1367.3314208984375,69125,0.0,0.0
2003-12-26 00:00:00+09:00,1389.5280303958161,1433.9218982637283,1389.5280303958161,1425.0430908203125,70625,0.0,0.0
2003-12-29 00:00:00+09:00,1447.2406740292852,1518.27099609375,1425.0437301371228,1518.27099609375,44500,0.0,0.0
2003-12-30 00:00:00+09:00,1531.5884893042135,1571.5430393735573,1531.5884893042135,1544.9066162109375,25000,0.0,0.0
2003-12-31 00:00:00+09:00,1544.9066162109375,1544.9066162109375,1544.9066162109375,1544.9066162109375,0,0.0,0.0
2004-01-01 00:00:00+09:00,1544.9066162109375,1544.9066162109375,1544.9066162109375,1544.9066162109375,0,0.0,0.0
2004-01-02 00:00:00+09:00,1544.9066162109375,1544.9066162109375,1544.9066162109375,1544.9066162109375,0,0.0,0.0
2004-01-05 00:00:00+09:00,1553.7860724513612,1553.7860724513612,1509.3921846670366,1518.27099609375,10125,0.0,0.0
2004-01-06 00:00:00+09:00,1513.831505705772,1540.4679399859122,1509.3921846670366,1518.27099609375,35250,0.0,0.0
2004-01-07 00:00:00+09:00,1531.588919500015,1682.5281851034722,1531.588919500015,1629.2554931640625,88875,0.0,0.0
2004-01-08 00:00:00+09:00,1629.2550521462283,1642.5731791887347,1598.179309480931,1611.4974365234375,46375,0.0,0.0
2004-01-09 00:00:00+09:00,1611.4976946050947,1611.4976946050947,1553.785688612196,1598.1795654296875,75625,0.0,0.0
2004-01-12 00:00:00+09:00,1598.1795654296875,1598.1795654296875,1598.1795654296875,1598.1795654296875,0,0.0,0.0
2004-01-13 00:00:00+09:00,1584.8611824230657,1624.8155635501978,1571.5430553806884,1593.739990234375,30625,0.0,0.0
2004-01-14 00:00:00+09:00,1638.1340445265223,1664.7703016126477,1620.376426902977,1642.5733642578125,53500,0.0,0.0
2004-01-15 00:00:00+09:00,1638.1337581941923,1638.1337581941923,1584.861083984375,1584.861083984375,54750,0.0,0.0
2004-01-16 00:00:00+09:00,1562.6644978455345,1624.8158237805021,1562.6644978455345,1598.1795654296875,13250,0.0,0.0
2004-01-19 00:00:00+09:00,1638.1339477624185,1642.5732672314793,1602.6187146132029,1615.93701171875,19000,0.0,0.0
2004-01-20 00:00:00+09:00,1638.1340893782478,1700.28541406396,1615.9371514156655,1686.96728515625,45375,0.0,0.0
2004-01-21 00:00:00+09:00,1664.7697236072136,1700.2847771743407,1620.3758643110211,1695.845458984375,45000,0.0,0.0
2004-01-22 00:00:00+09:00,1686.967367593344,1726.9219256181318,1669.2097486158373,1709.164306640625,33750,0.0,0.0
2004-01-23 00:00:00+09:00,1744.6791016192385,1744.6791016192385,1718.0428466796875,1718.0428466796875,61000,0.0,0.0
2004-01-26 00:00:00+09:00,1726.9217545886338,1726.9217545886338,1664.770263671875,1664.770263671875,72125,0.0,0.0
2004-01-27 00:00:00+09:00,1664.7704511055833,1664.7704511055833,1629.2553820185058,1633.6947021484375,87250,0.0,0.0
2004-01-28 00:00:00+09:00,1642.5729755161044,1673.6487143281315,1620.3760434145354,1651.4517822265625,31875,0.0,0.0
2004-01-29 00:00:00+09:00,1651.451542876874,1678.087789798627,1633.6939320296203,1669.208984375,28875,0.0,0.0
2004-01-30 00:00:00+09:00,1691.4063840034498,1722.4821269604288,1678.0882568359375,1678.0882568359375,49000,0.0,0.0
2004-02-02 00:00:00+09:00,1731.3612456879057,1731.3612456879057,1686.967367593344,1709.164306640625,13250,0.0,0.0
2004-02-03 00:00:00+09:00,1731.361313280903,1757.9975734378474,1695.8462432885729,1744.679443359375,60125,0.0,0.0
2004-02-04 00:00:00+09:00,1771.3159595548777,1908.9369260163699,1740.2402082847673,1749.1190185546875,66500,0.0,0.0
2004-02-05 00:00:00+09:00,1704.7249032659945,1722.482352026542,1669.2096670465053,1686.96728515625,52250,0.0,0.0
2004-02-06 00:00:00+09:00,1642.5732299676488,1678.0882929619784,1642.5732299676488,1655.891357421875,54125,0.0,0.0
2004-02-09 00:00:00+09:00,1633.6944218817716,1664.7701655077522,1633.6944218817716,1655.891357421875,27250,0.0,0.0
2004-02-10 00:00:00+09:00,1651.4521354323379,1678.0883919114124,1651.4521354323379,1664.770263671875,13125,0.0,0.0
2004-02-11 00:00:00+09:00,1664.770263671875,1664.770263671875,1664.770263671875,1664.770263671875,0,0.0,0.0
2004-02-12 00:00:00+09:00,1691.4064204162046,1691.4064204162046,1647.0125493359978,1655.891357421875,17125,0.0,0.0
2004-02-13 00:00:00+09:00,1633.6941688056463,1664.7699076176734,1629.2548501249935,1651.4517822265625,32625,0.0,0.0
2004-02-16 00:00:00+09:00,1655.891455062454,1686.9672005208333,1655.891455062454,1664.770263671875,28375,0.0,0.0
2004-02-17 00:00:00+09:00,1368.5942179021413,1413.173833012584,1368.5942179021413,1395.3419189453125,47750,10.0,0.0
2004-02-18 00:00:00+09:00,1422.0897868780758,1480.043340874992,1417.6318081046402,1462.21142578125,31250,0.0,0.0
2004-02-19 00:00:00+09:00,1506.7913343419889,1533.5392121462455,1493.41748046875,1493.41748046875,43125,0.0,0.0
2004-02-20 00:00:00+09:00,1493.4170032848012,1506.790852884762,1471.127197265625,1471.127197265625,19625,0.0,0.0
2004-02-23 00:00:00+09:00,1453.2952664429977,1506.79083423857,1453.2952664429977,1497.8748779296875,18125,0.0,0.0
2004-02-24 00:00:00+09:00,1493.41748046875,1511.249399004921,1484.5015212006645,1493.41748046875,19000,0.0,0.0
2004-02-25 00:00:00+09:00,1493.4170032848012,1497.8748964655467,1462.2112408464097,1471.127197265625,16625,0.0,0.0
2004-02-26 00:00:00+09:00,1457.7535262116996,1484.501228687687,1457.7535262116996,1480.0433349609375,15625,0.0,0.0
2004-02-27 00:00:00+09:00,1488.9594397726414,1520.1650390625,1471.1275229860692,1520.1650390625,21250,0.0,0.0
2004-03-01 00:00:00+09:00,1524.623208100013,1551.3709150609116,1524.623208100013,1542.4549560546875,28500,0.0,0.0
2004-03-02 00:00:00+09:00,1560.2866352468297,1560.2866352468297,1524.6229747384516,1537.996826171875,44375,0.0,0.0
2004-03-03 00:00:00+09:00,1537.997052873884,1569.202824190126,1537.997052873884,1560.286865234375,46000,0.0,0.0
2004-03-04 00:00:00+09:00,1573.660653052256,1618.2402759152535,1569.2027587890625,1569.2027587890625,47125,0.0,0.0
2004-03-05 00:00:00+09:00,1591.4919884074097,1636.0715949731205,1587.0339257162168,1627.1556396484375,49500,0.0,0.0
2004-03-08 00:00:00+09:00,1595.9502325065607,1658.3617634661193,1595.9502325065607,1631.6138916015625,35750,0.0,0.0
2004-03-09 00:00:00+09:00,1631.6141193610008,1667.2779534921108,1600.4085195829261,1653.9039306640625,32750,0.0,0.0
2004-03-10 00:00:00+09:00,1671.7357418167694,1827.7644110530011,1667.2778478616926,1809.9324951171875,66250,0.0,0.0
2004-03-11 00:00:00+09:00,1729.6894637684607,1805.4748623734706,1729.6894637684607,1801.0169677734375,40125,0.0,0.0
2004-03-12 00:00:00+09:00,1747.5212001011078,1796.5587158203125,1743.0631359080598,1796.5587158203125,47625,0.0,0.0
2004-03-15 00:00:00+09:00,1751.979164243104,1863.42822265625,1751.979164243104,1863.42822265625,42000,0.0,0.0
2004-03-16 00:00:00+09:00,1818.8478180601137,1952.586630712441,1818.8478180601137,1876.80126953125,50000,0.0,0.0
2004-03-17 00:00:00+09:00,1876.801793884527,2028.37255859375,1872.3439002403845,2028.37255859375,50375,0.0,0.0
2004-03-18 00:00:00+09:00,2050.662327543218,2139.821559175532,2050.662327543218,2095.241943359375,73875,0.0,0.0
2004-03-19 00:00:00+09:00,2072.9519978590433,2104.1577608706175,2010.5404718358952,2014.99853515625,30625,0.0,0.0
2004-03-22 00:00:00+09:00,1961.5034265364932,2006.083049866868,1957.0455322265625,1957.0455322265625,31250,0.0,0.0
2004-03-23 00:00:00+09:00,1939.213623046875,1957.04554047731,1894.6339995285562,1939.213623046875,28500,0.0,0.0
2004-03-24 00:00:00+09:00,1983.7928640310608,1997.1667144961277,1939.2132491090144,1943.671142578125,15000,0.0,0.0
2004-03-25 00:00:00+09:00,1948.1295097857321,2046.2047119140623,1934.7556572359056,2046.2047119140625,20375,0.0,0.0
2004-03-26 00:00:00+09:00,2095.242683044209,2099.7005781765033,2019.457275390625,2019.457275390625,19750,0.0,0.0
2004-03-29 00:00:00+09:00,1997.1674458055772,2014.9993663270634,1957.0458797189292,1965.961669921875,25000,0.0,0.0
2004-03-30 00:00:00+09:00,1970.418922299066,2014.9985351562498,1970.418922299066,2014.99853515625,29750,0.0,0.0
2004-03-31 00:00:00+09:00,2019.456368983247,2023.9144321723945,1983.7927137586805,2006.08251953125,22625,0.0,0.0
2004-04-01 00:00:00+09:00,2006.0828204487646,2006.0828204487646,1872.3439657521803,1916.923583984375,60625,0.0,0.0
2004-04-02 00:00:00+09:00,1939.2132816861917,2006.0827051926121,1939.2132816861917,1997.166748046875,76875,0.0,0.0
2004-04-05 00:00:00+09:00,2032.8306876344702,2041.7466460129417,1952.5874023437498,1952.58740234375,37875,0.0,0.0
2004-04-06 00:00:00+09:00,1952.5872105003994,1988.250870452539,1939.2133592755652,1979.3350830078125,89125,0.0,0.0
2004-04-07 00:00:00+09:00,2006.082893963484,2006.082893963484,1974.8771260458345,2001.625,42500,0.0,0.0
2004-04-08 00:00:00+09:00,2001.624626399825,2023.9144321723945,1992.7086700792527,2006.08251953125,58375,0.0,0.0
2004-04-09 00:00:00+09:00,1970.4197350811453,1988.251485544834,1961.503774820402,1965.961669921875,36875,0.0,0.0
2004-04-12 00:00:00+09:00,1921.3813673947177,2014.998662338349,1921.3813673947177,1997.166748046875,48875,0.0,0.0
2004-04-13 00:00:00+09:00,2006.0827854574811,2006.0827854574811,1916.9235505482598,1979.3350830078125,66250,0.0,0.0
2004-04-14 00:00:00+09:00,1957.0450182618156,2006.0825230237517,1957.0450182618156,1988.2506103515625,36250,0.0,0.0
2004-04-15 00:00:00+09:00,1965.9615097531066,2001.625347890512,1921.3818821391335,1948.1297607421875,66000,0.0,0.0
2004-04-16 00:00:00+09:00,1961.5032808110955,1997.1669428142916,1939.2134708018784,1983.7930908203125,57250,0.0,0.0
2004-04-19 00:00:00+09:00,1965.9609500391482,1988.2507575001714,1939.2132491090144,1943.671142578125,43500,0.0,0.0
2004-04-20 00:00:00+09:00,1939.2136148713057,1957.0455322265625,1916.9238032061182,1957.0455322265625,27625,0.0,0.0
2004-04-21 00:00:00+09:00,1957.0452432744364,1957.0452432744364,1916.9235201778497,1925.8394775390625,11500,0.0,0.0
2004-04-22 00:00:00+09:00,1903.5499582437735,1957.04554047731,1903.5499582437735,1939.213623046875,23125,0.0,0.0
2004-04-23 00:00:00+09:00,1916.924101742291,1916.924101742291,1876.8023664734046,1890.1763916015625,42125,0.0,0.0
2004-04-26 00:00:00+09:00,1867.8861002729143,1881.259951933797,1841.1382268933978,1872.343994140625,50375,0.0,0.0
2004-04-27 00:00:00+09:00,1854.5120785542808,1908.0076552555631,1841.1382268933978,1872.343994140625,48875,0.0,0.0
2004-04-28 00:00:00+09:00,1881.260146484614,1943.6715173756,1881.260146484614,1939.213623046875,52750,0.0,0.0
2004-04-29 00:00:00+09:00,1939.213623046875,1939.213623046875,1939.213623046875,1939.213623046875,0,0.0,0.0
2004-04-30 00:00:00+09:00,1939.2133849677557,1939.2133849677557,1850.0541488772842,1921.3814697265625,47750,0.0,0.0
2004-05-03 00:00:00+09:00,1921.3814697265625,1921.3814697265625,1921.3814697265625,1921.3814697265625,0,0.0,0.0
2004-05-04 00:00:00+09:00,1921.3814697265625,1921.3814697265625,1921.3814697265625,1921.3814697265625,0,0.0,0.0
2004-05-05 00:00:00+09:00,1921.3814697265625,1921.3814697265625,1921.3814697265625,1921.3814697265625,0,0.0,0.0
2004-05-06 00:00:00+09:00,1921.381902338802,1921.381902338802,1850.0545654296873,1850.0545654296875,26500,0.0,0.0
2004-05-07 00:00:00+09:00,1858.969983326999,1876.8017273289565,1836.68017578125,1836.68017578125,28375,0.0,0.0
2004-05-10 00:00:00+09:00,1867.8864949584795,1867.8864949584795,1787.643027922187,1832.22265625,56000,0.0,0.0
2004-05-11 00:00:00+09:00,1787.6423204463292,1867.8857557255456,1609.323877706238,1827.7640380859375,96500,0.0,0.0
2004-05-12 00:00:00+09:00,1850.053782931567,1850.053782931567,1751.9786086200374,1818.8480224609375,22625,0.0,0.0
2004-05-13 00:00:00+09:00,1778.7264333795292,1818.8479786837709,1760.8945220947267,1783.184326171875,20875,0.0,0.0
2004-05-14 00:00:00+09:00,1738.60498046875,1787.6424888178515,1716.315173026843,1738.60498046875,34375,0.0,0.0
2004-05-17 00:00:00+09:00,1604.8662166323807,1609.324110322151,1533.5388972495946,1587.0343017578125,109000,0.0,0.0
2004-05-18 00:00:00+09:00,1600.407993856346,1702.9410581572417,1600.407993856346,1658.3614501953125,25375,0.0,0.0
2004-05-19 00:00:00+09:00,1769.8111958732572,1796.5589035961666,1729.689464231115,1787.6429443359375,32500,0.0,0.0
2004-05-20 00:00:00+09:00,1760.8948209222665,1827.764244501593,1725.2311623581734,1792.1005859375,24625,0.0,0.0
2004-05-21 00:00:00+09:00,1769.8110920440915,1805.4747569349568,1765.3530276466283,1778.72705078125,25125,0.0,0.0
2004-05-24 00:00:00+09:00,1801.0167800133606,1823.3065908053193,1774.2689050283539,1796.5587158203125,21250,0.0,0.0
2004-05-25 00:00:00+09:00,1774.26918441908,1796.5589987209726,1743.0634103848731,1751.9793701171875,8375,0.0,0.0
2004-05-26 00:00:00+09:00,1809.932258606923,1814.3903220372022,1769.810708080798,1805.474365234375,18125,0.0,0.0
2004-05-27 00:00:00+09:00,1805.4747569349568,1827.7645687489687,1769.8110920440915,1778.72705078125,16375,0.0,0.0
2004-05-28 00:00:00+09:00,1756.4370874252538,1809.9324951171875,1756.4370874252538,1809.9324951171875,20625,0.0,0.0
2004-05-31 00:00:00+09:00,1805.4741737043003,1818.8480224609375,1783.184369090667,1818.8480224609375,14625,0.0,0.0
2004-06-01 00:00:00+09:00,1836.680616419739,1836.680616419739,1818.8486980819857,1823.3067626953125,5125,0.0,0.0
2004-06-02 00:00:00+09:00,1827.7646754891925,1827.7646754891925,1796.5589031156262,1801.0169677734375,7625,0.0,0.0
2004-06-03 00:00:00+09:00,1792.1010089949411,1796.5589035961666,1738.605423491344,1787.6429443359375,19375,0.0,0.0
2004-06-04 00:00:00+09:00,1769.8108469832925,1787.6425919307287,1765.3527832031248,1765.352783203125,2875,0.0,0.0
2004-06-07 00:00:00+09:00,1769.8111572265625,1805.4748234309272,1765.353092664908,1769.8111572265625,15000,0.0,0.0
2004-06-08 00:00:00+09:00,1774.2690904744827,1801.0169682551705,1769.8111958732572,1787.6429443359375,15625,0.0,0.0
2004-06-09 00:00:00+09:00,1783.1847144118287,1787.6426081747597,1756.43701171875,1756.43701171875,17125,0.0,0.0
2004-06-10 00:00:00+09:00,1743.0632714223657,1805.4748145151343,1725.2315234371274,1774.26904296875,32250,0.0,0.0
2004-06-11 00:00:00+09:00,1738.6050807530983,1796.5585494333193,1738.6050807530983,1765.352783203125,74625,0.0,0.0
2004-06-14 00:00:00+09:00,1765.3531312142534,1801.0169682551705,1751.9792773527988,1787.6429443359375,42250,0.0,0.0
2004-06-15 00:00:00+09:00,1805.4744366418176,1818.8482873461353,1787.6425223309018,1792.1005859375,120000,0.0,0.0
2004-06-16 00:00:00+09:00,1805.4749373470443,1872.3443794710088,1801.0170425618942,1850.0545654296875,43250,0.0,0.0
2004-06-17 00:00:00+09:00,1872.3444714692143,1912.4662067381007,1854.5125513368662,1890.1763916015625,48500,0.0,0.0
2004-06-18 00:00:00+09:00,1912.4658447272705,1952.5874023437498,1894.6339279703275,1952.58740234375,57625,0.0,0.0
2004-06-21 00:00:00+09:00,1961.5029114010017,2014.9984793598462,1952.586955064907,1988.2506103515625,100625,0.0,0.0
2004-06-22 00:00:00+09:00,1983.7929826216266,2010.54068515073,1961.503173828125,1961.503173828125,64125,0.0,0.0
2004-06-23 00:00:00+09:00,1961.503210481116,1970.4191681766706,1899.091676669981,1912.4656982421875,29500,0.0,0.0
2004-06-24 00:00:00+09:00,2006.0829993569994,2019.4568520078267,1974.8772297998935,2010.5408935546875,96250,0.0,0.0
2004-06-25 00:00:00+09:00,1988.2514992911729,2028.3732357130111,1988.2514992911729,2019.457275390625,34750,0.0,0.0
2004-06-28 00:00:00+09:00,2028.37255859375,2028.37255859375,2006.0827502575548,2028.37255859375,45625,0.0,0.0
2004-06-29 00:00:00+09:00,2006.0825161002904,2037.2882781400615,2006.0825161002904,2023.9144287109375,39125,0.0,0.0
2004-06-30 00:00:00+09:00,2014.9992851392933,2068.494874490526,2014.9992851392933,2055.120849609375,37750,0.0,0.0
2004-07-01 00:00:00+09:00,2072.952417013715,2072.952417013715,2041.746647692279,2046.2047119140625,18125,0.0,0.0
2004-07-02 00:00:00+09:00,2001.6250068507877,2023.9148168600047,1983.7930908203123,1983.7930908203125,24375,0.0,0.0
2004-07-05 00:00:00+09:00,2006.0827051926121,2006.0827051926121,1974.8769402114017,1997.166748046875,29625,0.0,0.0
2004-07-06 00:00:00+09:00,2001.624626399825,2023.9144321723945,2001.624626399825,2006.08251953125,16500,0.0,0.0
2004-07-07 00:00:00+09:00,2006.0829278443764,2046.2046544243667,1965.961201264386,2037.2886962890625,71250,0.0,0.0
2004-07-08 00:00:00+09:00,2037.288285171221,2037.288285171221,1988.2506103515625,1988.2506103515625,22500,0.0,0.0
2004-07-09 00:00:00+09:00,2032.830680957874,2064.0364501511517,2028.3727868121605,2050.66259765625,51625,0.0,0.0
2004-07-12 00:00:00+09:00,2072.9521227384867,2135.36365252145,2068.4942292073056,2117.53173828125,60750,0.0,0.0
2004-07-13 00:00:00+09:00,2117.53176453293,2117.53176453293,2068.4942548510526,2072.9521484375,49625,0.0,0.0
2004-07-14 00:00:00+09:00,2072.9524892803765,2130.9059657218227,2072.9524892803765,2099.7001953125,43750,0.0,0.0
2004-07-15 00:00:00+09:00,2055.1205718871156,2121.9900070251924,2037.2888245516224,2099.7001953125,36250,0.0,0.0
2004-07-16 00:00:00+09:00,2068.494370394703,2117.5318828157574,2068.494370394703,2090.7841796875,17000,0.0,0.0
2004-07-19 00:00:00+09:00,2090.7841796875,2090.7841796875,2090.7841796875,2090.7841796875,0,0.0,0.0
2004-07-20 00:00:00+09:00,2072.9521354512967,2104.157900534154,2046.204433984698,2095.241943359375,16625,0.0,0.0
2004-07-21 00:00:00+09:00,2077.4103604177567,2095.2422776120293,2037.288801817292,2059.57861328125,34125,0.0,0.0
2004-07-22 00:00:00+09:00,2037.2886962890625,2059.5785065984446,1974.8771593996903,2037.2886962890625,35125,0.0,0.0
2004-07-23 00:00:00+09:00,2041.746363717822,2046.2044273195595,1970.4190466674022,1997.166748046875,42000,0.0,0.0
2004-07-26 00:00:00+09:00,2019.4568273298146,2046.20470236237,1970.4193115234377,1970.4193115234375,23750,0.0,0.0
2004-07-27 00:00:00+09:00,1930.297407505674,1974.8770250926768,1930.297407505674,1961.503173828125,24625,0.0,0.0
2004-07-28 00:00:00+09:00,2028.3725130280857,2028.3725130280857,1997.1667480468752,1997.166748046875,23125,0.0,0.0
2004-07-29 00:00:00+09:00,2064.0364501511517,2068.494514354626,2028.3727868121605,2050.66259765625,44125,0.0,0.0
2004-07-30 00:00:00+09:00,2086.325999254581,2095.241956485215,2059.5782976204187,2072.9521484375,27000,0.0,0.0
2004-08-02 00:00:00+09:00,2095.2423179280136,2099.700212283476,2064.036547266468,2077.410400390625,37625,0.0,0.0
2004-08-03 00:00:00+09:00,2086.326250949439,2086.326250949439,1970.4193031413765,1974.877197265625,56625,0.0,0.0
2004-08-04 00:00:00+09:00,1930.2974435755484,1930.2974435755484,1814.390503706582,1912.4656982421875,75750,0.0,0.0
2004-08-05 00:00:00+09:00,1957.0455491627702,1961.503443511279,1908.0078610403268,1934.7557373046875,56250,0.0,0.0
2004-08-06 00:00:00+09:00,1916.9235201778497,1948.1292859132236,1894.6337118036888,1925.8394775390625,25875,0.0,0.0
2004-08-09 00:00:00+09:00,1916.923583984375,1934.755499300352,1903.549732526266,1916.923583984375,20250,0.0,0.0
2004-08-10 00:00:00+09:00,1916.923245562524,1916.923245562524,1867.8857421875002,1867.8857421875,37000,0.0,0.0
2004-08-11 00:00:00+09:00,1876.8014492794264,1903.5493164062502,1854.5116450359287,1903.54931640625,54000,0.0,0.0
2004-08-12 00:00:00+09:00,1894.6343279515247,1983.7935904433612,1894.6343279515247,1965.961669921875,47500,0.0,0.0
2004-08-13 00:00:00+09:00,1899.0918221306824,2032.8306876344702,1899.0918221306824,1952.58740234375,46250,0.0,0.0
2004-08-16 00:00:00+09:00,1997.1674409876896,1997.1674409876896,1903.5502836202186,1908.0081787109375,40625,0.0,0.0
2004-08-17 00:00:00+09:00,1895.9834485735212,1940.7264208112445,1817.6832471575055,1879.204833984375,71100,10.0,1.25
2004-08-18 00:00:00+09:00,1901.5761718750002,1929.5405273437502,1868.0189453125001,1901.576171875,22500,0.0,0.0
2004-08-19 00:00:00+09:00,1901.5761227579512,1901.5761227579512,1884.797509910087,1890.390380859375,4600,0.0,0.0
2004-08-20 00:00:00+09:00,1845.6476048060827,1890.390577043806,1840.0547332763672,1879.204833984375,7800,0.0,0.0
2004-08-23 00:00:00+09:00,1856.8327569524083,1879.204235951835,1817.6826687034118,1828.868408203125,18000,0.0,0.0
2004-08-24 00:00:00+09:00,1789.7186710858587,1828.8687670158617,1652.6933353308475,1661.0826416015625,159800,0.0,0.0
2004-08-25 00:00:00+09:00,1672.2680541199522,1733.7896213283786,1661.082314627511,1722.6038818359375,145700,0.0,0.0
2004-08-26 00:00:00+09:00,1778.5331036603009,1812.09033203125,1750.56874668451,1812.09033203125,67700,0.0,0.0
2004-08-27 00:00:00+09:00,1784.1259781175356,1789.7188495222929,1733.7901354747212,1756.16162109375,60600,0.0,0.0
2004-08-30 00:00:00+09:00,1728.197192225809,1744.9758057425645,1689.0470940200464,1739.3829345703125,51600,0.0,0.0
2004-08-31 00:00:00+09:00,1739.3824910745993,1739.3824910745993,1711.4181423434964,1722.6038818359375,52100,0.0,0.0
2004-09-01 00:00:00+09:00,1728.1974264840098,1812.0905054395444,1722.6045545536408,1795.3118896484375,62100,0.0,0.0
2004-09-02 00:00:00+09:00,1789.7181396484375,1800.9038780212404,1761.7537937164307,1789.7181396484375,58200,0.0,0.0
2004-09-03 00:00:00+09:00,1789.7181396484375,1789.7181396484375,1761.7537937164307,1789.7181396484375,20700,0.0,0.0
2004-09-06 00:00:00+09:00,1812.0900465968102,1935.1331979089393,1767.3470824833087,1884.79736328125,48100,0.0,0.0
2004-09-07 00:00:00+09:00,1884.797661760384,1890.3905331602664,1756.1616195630877,1784.1259765625,88500,0.0,0.0
2004-09-08 00:00:00+09:00,1800.9045907621473,1812.0903335619123,1767.3473623628527,1784.1259765625,54000,0.0,0.0
2004-09-09 00:00:00+09:00,1784.125533864468,1800.904143900811,1767.346923828125,1767.346923828125,27000,0.0,0.0
2004-09-10 00:00:00+09:00,1767.3468275581624,1778.5325669730876,1761.7539578506999,1772.939697265625,81500,0.0,0.0
2004-09-13 00:00:00+09:00,1772.9397938402394,1795.3112738886966,1767.346923828125,1767.346923828125,25500,0.0,0.0
2004-09-14 00:00:00+09:00,1784.1252704620363,1800.9038780212404,1772.9395320892336,1789.7181396484375,16100,0.0,0.0
2004-09-15 00:00:00+09:00,1784.125508045015,1784.125508045015,1761.7540283203127,1761.7540283203125,13100,0.0,0.0
2004-09-16 00:00:00+09:00,1772.9397938402394,1778.5326638523536,1761.7540538160108,1767.346923828125,9000,0.0,0.0
2004-09-17 00:00:00+09:00,1789.7183779761906,1789.7183779761906,1739.3825485956102,1761.7540283203125,28100,0.0,0.0
2004-09-20 00:00:00+09:00,1761.7540283203127,1761.7540283203127,1761.7540283203127,1761.7540283203125,0,0.0,0.0
2004-09-21 00:00:00+09:00,1789.7188479623824,1795.311719362265,1772.940233762735,1784.1259765625,37600,0.0,0.0
2004-09-22 00:00:00+09:00,1789.7181396484375,1789.7181396484375,1761.7537937164307,1789.7181396484375,12000,0.0,0.0
2004-09-23 00:00:00+09:00,1789.7181396484375,1789.7181396484375,1789.7181396484375,1789.7181396484375,0,0.0,0.0
2004-09-24 00:00:00+09:00,1789.7184191775245,1789.7184191775245,1711.4182383385078,1717.0111083984375,30600,0.0,0.0
2004-09-27 00:00:00+09:00,1744.9758316949506,1750.5687029503829,1683.4542478851927,1689.047119140625,19600,0.0,0.0
2004-09-28 00:00:00+09:00,1694.6399903960576,1711.4186041623552,1683.4542478851927,1689.047119140625,11800,0.0,0.0
2004-09-29 00:00:00+09:00,1717.0114257812502,1733.7900390625,1689.0470703125002,1705.82568359375,27200,0.0,0.0
2004-09-30 00:00:00+09:00,1705.8251775352699,1761.7538718806886,1694.6394386661862,1728.1966552734375,14500,0.0,0.0
2004-10-01 00:00:00+09:00,1756.1609245300294,1795.311008834839,1756.1609245300294,1789.7181396484375,28600,0.0,0.0
2004-10-04 00:00:00+09:00,1817.6829335121176,1817.6829335121176,1772.9399689948964,1806.4971923828125,36300,0.0,0.0
2004-10-05 00:00:00+09:00,1817.6829833984375,1828.8687248347355,1800.9043712439905,1817.6829833984375,29300,0.0,0.0
2004-10-06 00:00:00+09:00,1800.9045877659576,1840.0546875,1800.9045877659576,1840.0546875,22800,0.0,0.0
2004-10-07 00:00:00+09:00,1840.0544455522547,1868.0187988281248,1834.4615748970807,1868.018798828125,38300,0.0,0.0
2004-10-08 00:00:00+09:00,1851.2403564453123,1873.6118411153464,1845.6474852778038,1851.2403564453125,7800,0.0,0.0
2004-10-11 00:00:00+09:00,1851.2403564453123,1851.2403564453123,1851.2403564453123,1851.2403564453125,0,0.0,0.0
2004-10-12 00:00:00+09:00,1845.6476048060827,1884.7977055140905,1828.8689902169365,1879.204833984375,31500,0.0,0.0
2004-10-13 00:00:00+09:00,1873.6116222528747,1895.9831043096256,1856.8330107103118,1884.79736328125,41500,0.0,0.0
2004-10-14 00:00:00+09:00,1862.4256334419708,1884.7971125223548,1789.7183264307228,1856.832763671875,65500,0.0,0.0
2004-10-15 00:00:00+09:00,1789.7188937883436,1840.0547376761408,1778.5331507021665,1823.276123046875,84600,0.0,0.0
2004-10-18 00:00:00+09:00,1823.2755640541636,1840.0541735393244,1761.7539959419064,1834.4613037109375,32600,0.0,0.0
2004-10-19 00:00:00+09:00,1823.27599990263,1912.7619385481578,1806.4973864065935,1907.1690673828125,55300,0.0,0.0
2004-10-20 00:00:00+09:00,1851.24033203125,1901.5761718750002,1800.9044921875002,1901.576171875,38100,0.0,0.0
2004-10-21 00:00:00+09:00,1856.8330107103118,1890.3902337954378,1823.2757876251856,1884.79736328125,47100,0.0,0.0
2004-10-22 00:00:00+09:00,1856.8329110360362,1862.4257812500002,1789.7184684684685,1862.42578125,53700,0.0,0.0
2004-10-25 00:00:00+09:00,1761.7540426815258,1761.7540426815258,1677.8609930300247,1711.418212890625,132800,0.0,0.0
2004-10-26 00:00:00+09:00,1733.7900633980607,1778.5330327760753,1700.23283636455,1739.3829345703125,62100,0.0,0.0
2004-10-27 00:00:00+09:00,1717.0111840032762,1778.5327573714717,1717.0111840032762,1733.789794921875,39700,0.0,0.0
2004-10-28 00:00:00+09:00,1711.4186483640283,1789.7188479623824,1711.4186483640283,1784.1259765625,37200,0.0,0.0
2004-10-29 00:00:00+09:00,1767.3473623628527,1789.7188479623824,1744.975876763323,1784.1259765625,56300,0.0,0.0
2004-11-01 00:00:00+09:00,1750.5681659436507,1756.1610354834067,1666.6751228473095,1669.4715576171875,56800,0.0,0.0
2004-11-02 00:00:00+09:00,1669.471890569447,1868.0187988281248,1641.507537293577,1868.018798828125,148700,0.0,0.0
2004-11-03 00:00:00+09:00,1868.0187988281248,1868.0187988281248,1868.0187988281248,1868.018798828125,0,0.0,0.0
2004-11-04 00:00:00+09:00,1789.7183063880127,1800.9040458029376,1767.3468275581624,1772.939697265625,67600,0.0,0.0
2004-11-05 00:00:00+09:00,1778.5325669730876,1778.5325669730876,1772.939697265625,1772.939697265625,18300,0.0,0.0
2004-11-08 00:00:00+09:00,1772.940233762735,1789.7188479623824,1772.940233762735,1784.1259765625,56100,0.0,0.0
2004-11-09 00:00:00+09:00,1778.532428434002,1901.5755524137128,1728.1966049877565,1873.6112060546875,116700,0.0,0.0
2004-11-10 00:00:00+09:00,1845.6470241316829,1901.575721832643,1823.2755450512989,1856.832763671875,34100,0.0,0.0
2004-11-11 00:00:00+09:00,1689.046732983558,1750.5683027279924,1683.4538630067914,1711.418212890625,498600,0.0,0.0
2004-11-12 00:00:00+09:00,1728.196758233701,1761.7539768401807,1722.6038884659545,1750.5682373046875,199800,0.0,0.0
2004-11-15 00:00:00+09:00,1733.7896786644346,1761.7540283203127,1711.4181989397323,1761.7540283203125,134300,0.0,0.0
2004-11-16 00:00:00+09:00,1756.161107072434,1761.7539768401807,1739.3824977691943,1750.5682373046875,79200,0.0,0.0
2004-11-17 00:00:00+09:00,1722.6037858388954,1750.568133011605,1722.6037858388954,1728.1966552734375,55800,0.0,0.0
2004-11-18 00:00:00+09:00,1728.196848518297,1744.9754586980864,1717.0111083984375,1717.0111083984375,61200,0.0,0.0
2004-11-19 00:00:00+09:00,1739.3829345703125,1750.5686769148163,1728.197192225809,1739.3829345703125,71800,0.0,0.0
2004-11-22 00:00:00+09:00,1733.7896280014477,1750.5682373046875,1711.4181489304613,1750.5682373046875,46700,0.0,0.0
2004-11-23 00:00:00+09:00,1750.5682373046875,1750.5682373046875,1750.5682373046875,1750.5682373046875,0,0.0,0.0
2004-11-24 00:00:00+09:00,1750.5682305670405,1750.5682305670405,1717.0110120897168,1722.6038818359375,35000,0.0,0.0
2004-11-25 00:00:00+09:00,1733.7896927976922,1733.7896927976922,1711.418212890625,1711.418212890625,29800,0.0,0.0
2004-11-26 00:00:00+09:00,1717.0111083984375,1733.7897185782267,1694.6396281587186,1717.0111083984375,46100,0.0,0.0
2004-11-29 00:00:00+09:00,1717.0111840032762,1733.789794921875,1705.8254433908771,1733.789794921875,17600,0.0,0.0
2004-11-30 00:00:00+09:00,1717.0110120897168,1744.9753608208198,1700.2324028510552,1722.6038818359375,39700,0.0,0.0
2004-12-01 00:00:00+09:00,1722.6038818359375,1733.7896213283786,1722.6038818359375,1722.6038818359375,38500,0.0,0.0
2004-12-02 00:00:00+09:00,1722.6043210535572,1744.9758057425645,1717.0114498813055,1739.3829345703125,27500,0.0,0.0
2004-12-03 00:00:00+09:00,1733.7896280014477,1761.7539768401807,1722.6038884659545,1750.5682373046875,26500,0.0,0.0
2004-12-06 00:00:00+09:00,1739.3826652280745,1750.5684058404738,1733.789794921875,1733.789794921875,27600,0.0,0.0
2004-12-07 00:00:00+09:00,1733.7896927976922,1739.3825627744588,1705.8253429138583,1711.418212890625,34800,0.0,0.0
2004-12-08 00:00:00+09:00,1694.6398431011214,1700.232713870432,1666.6754892545682,1683.4541015625,82500,0.0,0.0
2004-12-09 00:00:00+09:00,1677.8609588366596,1677.8609588366596,1610.7465204831933,1663.8787841796875,110600,0.0,0.0
2004-12-10 00:00:00+09:00,1619.1361325581868,1633.1183098687065,1602.357519785563,1610.746826171875,135800,0.0,0.0
2004-12-13 00:00:00+09:00,1616.3396482682517,1633.1182605340123,1574.393117603851,1613.543212890625,99800,0.0,0.0
2004-12-14 00:00:00+09:00,1602.3572487454003,1605.1536837344847,1582.782203821809,1591.1715087890625,32300,0.0,0.0
2004-12-15 00:00:00+09:00,1591.1717064166892,1633.1182364628232,1568.8002237254177,1621.9324951171875,64300,0.0,0.0
2004-12-16 00:00:00+09:00,1621.9324465832078,1644.303928605045,1596.7645293086407,1624.7288818359375,40200,0.0,0.0
2004-12-17 00:00:00+09:00,1624.7289054897005,1635.9146466634677,1610.7467290224913,1616.339599609375,40700,0.0,0.0
2004-12-20 00:00:00+09:00,1607.950677386785,1658.286524678893,1605.1542414261123,1649.897216796875,29200,0.0,0.0
2004-12-21 00:00:00+09:00,1663.8790008911342,1675.0647420735957,1627.5253420481347,1630.32177734375,56100,0.0,0.0
2004-12-22 00:00:00+09:00,1633.1182126393653,1655.489695004288,1627.5253420481347,1630.32177734375,29100,0.0,0.0
2004-12-23 00:00:00+09:00,1630.32177734375,1630.32177734375,1630.32177734375,1630.32177734375,0,0.0,0.0
2004-12-24 00:00:00+09:00,1649.89697265625,1733.7900390625,1638.71123046875,1705.82568359375,117100,0.0,0.0
2004-12-27 00:00:00+09:00,1733.7900633980607,1739.3829345703125,1711.4185787090535,1739.3829345703125,73300,0.0,0.0
2004-12-28 00:00:00+09:00,1739.3831703447477,1851.240608952127,1739.3831703447477,1795.3118896484375,120200,0.0,0.0
2004-12-29 00:00:00+09:00,1795.31162109375,1940.7262695312502,1784.1258789062501,1901.576171875,150800,0.0,0.0
2004-12-30 00:00:00+09:00,1912.761462089343,1974.2830295834447,1901.5757225449609,1963.0972900390625,79600,0.0,0.0
2004-12-31 00:00:00+09:00,1963.0972900390627,1963.0972900390627,1963.0972900390627,1963.0972900390625,0,0.0,0.0
2005-01-03 00:00:00+09:00,1963.0972900390627,1963.0972900390627,1963.0972900390627,1963.0972900390625,0,0.0,0.0
2005-01-04 00:00:00+09:00,1935.1340781025503,1968.6913164511495,1907.169712812051,1946.31982421875,64100,0.0,0.0
2005-01-05 00:00:00+09:00,1929.5400637005448,1929.5400637005448,1800.904059453842,1828.868408203125,102200,0.0,0.0
2005-01-06 00:00:00+09:00,1828.8689477615596,1828.8689477615596,1778.5331051626176,1784.1259765625,93800,0.0,0.0
2005-01-07 00:00:00+09:00,1817.683203426408,1823.2760748215662,1784.125975055459,1812.09033203125,54300,0.0,0.0
2005-01-10 00:00:00+09:00,1812.09033203125,1812.09033203125,1812.09033203125,1812.09033203125,0,0.0,0.0
2005-01-11 00:00:00+09:00,1812.0902582727529,1851.2403564453123,1784.1259024352105,1851.2403564453125,49100,0.0,0.0
2005-01-12 00:00:00+09:00,1800.9047615788063,1817.6833773699132,1789.7190177180685,1795.3118896484375,75000,0.0,0.0
2005-01-13 00:00:00+09:00,1789.7184038765822,1800.904143900811,1756.1611838038964,1767.346923828125,62200,0.0,0.0
2005-01-14 00:00:00+09:00,1744.975418526786,1772.9397681826638,1733.7896786644346,1761.7540283203125,79000,0.0,0.0
2005-01-17 00:00:00+09:00,1761.7546580662236,1806.4976335091753,1744.9760422751167,1795.3118896484375,82300,0.0,0.0
2005-01-18 00:00:00+09:00,1800.9045892409335,1812.09033203125,1772.9402322651426,1812.09033203125,65300,0.0,0.0
2005-01-19 00:00:00+09:00,1800.9045877659576,1851.240430281155,1800.9045877659576,1840.0546875,49600,0.0,0.0
2005-01-20 00:00:00+09:00,1840.0546141102955,1873.6118411153464,1817.6831294402614,1851.2403564453125,59700,0.0,0.0
2005-01-21 00:00:00+09:00,1851.2402077073318,1868.0188198617789,1812.0901126802885,1817.6829833984375,37000,0.0,0.0
2005-01-24 00:00:00+09:00,1834.461742942787,1868.0189699478378,1823.27600060777,1851.2403564453125,21800,0.0,0.0
2005-01-25 00:00:00+09:00,1840.0547332763672,1890.390577043806,1828.8689902169365,1879.204833984375,57300,0.0,0.0
2005-01-26 00:00:00+09:00,1879.2053475215519,1974.2841895092492,1879.2053475215519,1946.31982421875,104600,0.0,0.0
2005-01-27 00:00:00+09:00,1923.9474377935333,1974.2832719218525,1923.9474377935333,1935.1331787109375,71200,0.0,0.0
2005-01-28 00:00:00+09:00,1912.762031662632,1985.4693603515625,1912.762031662632,1985.4693603515625,44600,0.0,0.0
2005-01-31 00:00:00+09:00,1991.061568976684,2181.2191345531087,1991.061568976684,2158.84765625,79800,0.0,0.0
2005-02-01 00:00:00+09:00,2130.8833453466023,2147.6619543650795,2074.954648618345,2114.104736328125,93800,0.0,0.0
2005-02-02 00:00:00+09:00,2125.2906290690103,2153.254979451497,2119.6977589925127,2147.662109375,49600,0.0,0.0
2005-02-03 00:00:00+09:00,2136.4762221054993,2192.404919019256,2114.1047433399967,2142.069091796875,88500,0.0,0.0
2005-02-04 00:00:00+09:00,2086.140425728463,2119.6976443728886,2069.36181640625,2069.36181640625,35200,0.0,0.0
2005-02-07 00:00:00+09:00,2074.9543987202583,2114.10448171498,2069.361529721012,2086.14013671875,27600,0.0,0.0
2005-02-08 00:00:00+09:00,2069.36181640625,2091.733295502534,2041.3974675358954,2069.36181640625,26300,0.0,0.0
2005-02-09 00:00:00+09:00,2097.3264192280017,2125.290771484375,2069.3620669716283,2125.290771484375,20600,0.0,0.0
2005-02-10 00:00:00+09:00,2097.326171875,2125.290520833333,2058.1760833333333,2097.326171875,50100,0.0,0.0
2005-02-11 00:00:00+09:00,2097.326171875,2097.326171875,2097.326171875,2097.326171875,0,0.0,0.0
2005-02-14 00:00:00+09:00,2125.290520833333,2125.290520833333,2097.326171875,2097.326171875,20500,0.0,0.0
2005-02-15 00:00:00+09:00,2070.671569982752,2311.969341010552,2070.671569982752,2160.456787109375,76100,10.0,0.0
2005-02-16 00:00:00+09:00,2216.572771389466,2216.572771389466,2182.903311570892,2194.12646484375,20000,0.0,0.0
2005-02-17 00:00:00+09:00,2138.0104942122057,2188.514679114856,2138.0104942122057,2143.6220703125,34500,0.0,0.0
2005-02-18 00:00:00+09:00,2143.6220114243088,2233.4072265625,2143.6220114243088,2233.4072265625,40600,0.0,0.0
2005-02-21 00:00:00+09:00,2222.184356924807,2222.184356924807,2149.233860359094,2182.9033203125,52700,0.0,0.0
2005-02-22 00:00:00+09:00,2160.456787109375,2182.903091391031,2154.845211038961,2160.456787109375,19300,0.0,0.0
2005-02-23 00:00:00+09:00,2138.0104642427887,2239.0188326322113,2093.1178560697117,2188.5146484375,52600,0.0,0.0
2005-02-24 00:00:00+09:00,2188.5141477946995,2239.0183204361156,2143.6215498912184,2216.572021484375,17100,0.0,0.0
2005-02-25 00:00:00+09:00,2239.0180645751952,2244.629638671875,2188.5138977050783,2244.629638671875,57300,0.0,0.0
2005-02-28 00:00:00+09:00,2250.2419147071746,2306.357673178675,2250.2419147071746,2295.134521484375,58300,0.0,0.0
2005-03-01 00:00:00+09:00,2300.7455937029367,2328.803466796875,2289.5224444653613,2328.803466796875,42100,0.0,0.0
2005-03-02 00:00:00+09:00,2328.803713886058,2356.8615899569745,2306.357413029325,2323.192138671875,29600,0.0,0.0
2005-03-03 00:00:00+09:00,2295.134791068936,2306.3579440814983,2244.6306025124068,2261.46533203125,53300,0.0,0.0
2005-03-04 00:00:00+09:00,2205.3493432066493,2255.8535266388626,2205.3493432066493,2239.018798828125,88500,0.0,0.0
2005-03-07 00:00:00+09:00,2255.8535266388626,2255.8535266388626,2188.5146153959117,2239.018798828125,57200,0.0,0.0
2005-03-08 00:00:00+09:00,2239.0190779351824,2239.0190779351824,2194.12646484375,2194.12646484375,9500,0.0,0.0
2005-03-09 00:00:00+09:00,2177.291515320617,2227.7956999543426,2154.845211038961,2160.456787109375,54200,0.0,0.0
2005-03-10 00:00:00+09:00,2132.39867843668,2177.2912821932414,2104.340801088829,2138.01025390625,50000,0.0,0.0
2005-03-11 00:00:00+09:00,2188.514901387323,2210.961208068218,2177.291748046875,2177.291748046875,52500,0.0,0.0
2005-03-14 00:00:00+09:00,2194.126473630302,2233.407510242609,2182.9033203125,2182.9033203125,14200,0.0,0.0
2005-03-15 00:00:00+09:00,2210.961194753037,2222.184348025895,2154.8454283887468,2194.12646484375,26700,0.0,0.0
2005-03-16 00:00:00+09:00,2199.7372972705693,2272.687768863726,2160.4562741050236,2216.572021484375,26800,0.0,0.0
2005-03-17 00:00:00+09:00,2222.183837890625,2244.6301392834594,2205.349111845999,2222.183837890625,16000,0.0,0.0
2005-03-18 00:00:00+09:00,2244.6303747650377,2244.6303747650377,2205.3493432066493,2239.018798828125,9300,0.0,0.0
2005-03-21 00:00:00+09:00,2239.018798828125,2239.018798828125,2239.018798828125,2239.018798828125,0,0.0,0.0
2005-03-22 00:00:00+09:00,2216.5724771329674,2295.1345396136294,2216.5724771329674,2267.07666015625,35100,0.0,0.0
2005-03-23 00:00:00+09:00,2227.7949163818357,2244.629638671875,2182.9023236083985,2244.629638671875,24200,0.0,0.0
2005-03-24 00:00:00+09:00,2244.6303821630986,2244.6303821630986,2216.5725023860596,2227.795654296875,11500,0.0,0.0
2005-03-25 00:00:00+09:00,2233.407449499845,2261.46533203125,2216.5727199810017,2261.46533203125,8800,0.0,0.0
2005-03-28 00:00:00+09:00,2255.8535266388626,2255.8535266388626,2233.4072228912123,2239.018798828125,3700,0.0,0.0
2005-03-29 00:00:00+09:00,2250.2422312080403,2261.465384480898,2188.514888207321,2194.12646484375,10000,0.0,0.0
2005-03-30 00:00:00+09:00,2166.0685816616046,2244.630654571611,2143.622275115889,2194.12646484375,18300,0.0,0.0
2005-03-31 00:00:00+09:00,2182.90301138763,2283.911376953125,2160.4567079286317,2283.911376953125,37300,0.0,0.0
2005-04-01 00:00:00+09:00,2267.077110512743,2328.8044575811587,2250.2423794940837,2311.9697265625,53600,0.0,0.0
2005-04-04 00:00:00+09:00,2340.027360301907,2351.25051310911,2289.5231726694915,2317.5810546875,59300,0.0,0.0
2005-04-05 00:00:00+09:00,2300.746097331525,2300.746097331525,2261.465066401475,2295.134521484375,28200,0.0,0.0
2005-04-06 00:00:00+09:00,2300.7461341341636,2300.7461341341636,2216.5724950804747,2239.018798828125,50600,0.0,0.0
2005-04-07 00:00:00+09:00,2261.464619387856,2261.464619387856,2194.1257225326344,2216.572021484375,33500,0.0,0.0
2005-04-08 00:00:00+09:00,2194.1259703502706,2227.7954225807093,2182.9028196067907,2205.34912109375,34800,0.0,0.0
2005-04-11 00:00:00+09:00,2205.3491529658945,2205.3491529658945,2149.2333984375,2149.2333984375,100000,0.0,0.0
2005-04-12 00:00:00+09:00,2149.2336464127948,2171.6799508139725,2138.0104942122057,2143.6220703125,27100,0.0,0.0
2005-04-13 00:00:00+09:00,2171.6797099866367,2171.6797099866367,2104.3408042506167,2132.398681640625,49800,0.0,0.0
2005-04-14 00:00:00+09:00,2104.3410376104384,2143.6220703125,2098.729461510144,2143.6220703125,24300,0.0,0.0
2005-04-15 00:00:00+09:00,2081.894518229167,2143.6218489583334,2081.894518229167,2104.3408203125,46500,0.0,0.0
2005-04-18 00:00:00+09:00,2070.6713834195525,2081.8945345491975,1924.7704187341637,2076.282958984375,87800,0.0,0.0
2005-04-19 00:00:00+09:00,2065.059785311671,2132.398691354443,2031.3903322902852,2115.56396484375,51200,0.0,0.0
2005-04-20 00:00:00+09:00,2104.3405735746346,2138.0100227518287,2081.8942741231717,2109.9521484375,29000,0.0,0.0
2005-04-21 00:00:00+09:00,2048.22507147495,2115.5639779344,2025.7787693217997,2093.11767578125,28700,0.0,0.0
2005-04-22 00:00:00+09:00,2104.341048993033,2132.3989296462732,2104.341048993033,2126.787353515625,26200,0.0,0.0
2005-04-25 00:00:00+09:00,2104.3408138366212,2149.233417865136,2104.3408138366212,2115.56396484375,21000,0.0,0.0
2005-04-26 00:00:00+09:00,2098.729235129382,2138.01026359437,2098.729235129382,2121.175537109375,15300,0.0,0.0
2005-04-27 00:00:00+09:00,2149.23340807463,2149.23340807463,2098.729228772615,2132.398681640625,15600,0.0,0.0
2005-04-28 00:00:00+09:00,2115.56395520662,2149.23340807463,2115.56395520662,2132.398681640625,25100,0.0,0.0
2005-04-29 00:00:00+09:00,2132.398681640625,2132.398681640625,2132.398681640625,2132.398681640625,0,0.0,0.0
2005-05-02 00:00:00+09:00,2104.34081062438,2143.621839089368,2104.34081062438,2121.175537109375,10000,0.0,0.0
2005-05-03 00:00:00+09:00,2121.175537109375,2121.175537109375,2121.175537109375,2121.175537109375,0,0.0,0.0
2005-05-04 00:00:00+09:00,2121.175537109375,2121.175537109375,2121.175537109375,2121.175537109375,0,0.0,0.0
2005-05-05 00:00:00+09:00,2121.175537109375,2121.175537109375,2121.175537109375,2121.175537109375,0,0.0,0.0
2005-05-06 00:00:00+09:00,2121.1759770645886,2188.514896971401,2121.1759770645886,2182.9033203125,43100,0.0,0.0
2005-05-09 00:00:00+09:00,2205.349346831815,2233.4072265625,2194.126194939541,2233.4072265625,63700,0.0,0.0
2005-05-10 00:00:00+09:00,2233.407428816253,2289.523193359375,2227.795852361941,2289.523193359375,49500,0.0,0.0
2005-05-11 00:00:00+09:00,2278.2998303865133,2278.2998303865133,2233.4072228912123,2239.018798828125,16200,0.0,0.0
2005-05-12 00:00:00+09:00,2227.79592023577,2250.242226736886,2194.1264604840962,2199.738037109375,13000,0.0,0.0
2005-05-13 00:00:00+09:00,2199.738041480179,2222.184348025895,2177.291734934463,2194.12646484375,23000,0.0,0.0
2005-05-16 00:00:00+09:00,2177.2914963942308,2216.572528545673,2154.8451923076923,2188.5146484375,23100,0.0,0.0
2005-05-17 00:00:00+09:00,2182.9028415185803,2216.57229408699,2104.3407855256237,2166.068115234375,30100,0.0,0.0
2005-05-18 00:00:00+09:00,2132.39867843668,2171.679706723671,2126.7871029671096,2138.01025390625,32700,0.0,0.0
2005-05-19 00:00:00+09:00,2160.4565493431787,2194.1260020602153,2138.0102475318213,2149.2333984375,42200,0.0,0.0
2005-05-20 00:00:00+09:00,2182.9028511545366,2182.9028511545366,2149.2333984375,2149.2333984375,12200,0.0,0.0
2005-05-23 00:00:00+09:00,2182.9033247170987,2188.514901387323,2160.457018036203,2177.291748046875,25100,0.0,0.0
2005-05-24 00:00:00+09:00,2188.514433132382,2205.3491595410924,2138.01025390625,2138.01025390625,34100,0.0,0.0
2005-05-25 00:00:00+09:00,2143.62182937582,2166.068131254101,2132.39867843668,2138.01025390625,20100,0.0,0.0
2005-05-26 00:00:00+09:00,2126.7871061626233,2149.23340807463,2115.56395520662,2132.398681640625,15700,0.0,0.0
2005-05-27 00:00:00+09:00,2132.398906757305,2166.0683631797892,2132.398906757305,2160.456787109375,23300,0.0,0.0
2005-05-30 00:00:00+09:00,2177.291730608259,2205.349613734654,2166.068577357701,2199.738037109375,65700,0.0,0.0
2005-05-31 00:00:00+09:00,2205.3488720085047,2216.572021484375,2188.5141477946995,2216.572021484375,42700,0.0,0.0
2005-06-01 00:00:00+09:00,2171.6794260092797,2210.96044921875,2171.6794260092797,2210.96044921875,14200,0.0,0.0
2005-06-02 00:00:00+09:00,2216.572771389466,2216.572771389466,2194.12646484375,2194.12646484375,22200,0.0,0.0
2005-06-03 00:00:00+09:00,2160.457000732422,2199.738037109375,2154.845424107143,2199.738037109375,34000,0.0,0.0
2005-06-06 00:00:00+09:00,2188.514883858817,2199.738037109375,2160.457000732422,2199.738037109375,43600,0.0,0.0
2005-06-07 00:00:00+09:00,2199.738050289203,2199.738050289203,2166.068590335797,2182.9033203125,25100,0.0,0.0
2005-06-08 00:00:00+09:00,2188.5146484375,2205.3493765024036,2171.679920372596,2188.5146484375,24100,0.0,0.0
2005-06-09 00:00:00+09:00,2205.349613734654,2210.961190359933,2171.68015398298,2199.738037109375,24000,0.0,0.0
2005-06-10 00:00:00+09:00,2210.960926430652,2244.6303821630986,2182.9030466536133,2227.795654296875,46100,0.0,0.0
2005-06-13 00:00:00+09:00,2227.7961230955816,2261.465585913147,2227.7961230955816,2250.242431640625,21800,0.0,0.0
2005-06-14 00:00:00+09:00,2272.688740185669,2272.688740185669,2250.242431640625,2250.242431640625,19800,0.0,0.0
2005-06-15 00:00:00+09:00,2267.076678512688,2267.076678512688,2222.1840710173874,2239.018798828125,21700,0.0,0.0
2005-06-16 00:00:00+09:00,2244.6303747650377,2261.4651025757753,2227.7956469542996,2239.018798828125,41100,0.0,0.0
2005-06-17 00:00:00+09:00,2255.8534976293763,2283.911376953125,2244.630345899877,2283.911376953125,33700,0.0,0.0
2005-06-20 00:00:00+09:00,2295.1352169330303,2351.2509924081655,2283.912061838003,2334.416259765625,61200,0.0,0.0
2005-06-21 00:00:00+09:00,2340.027099609375,2362.473402723134,2334.4155238309354,2340.027099609375,34800,0.0,0.0
2005-06-22 00:00:00+09:00,2306.3571922019673,2311.968766878858,2261.464594786844,2272.687744140625,82600,0.0,0.0
2005-06-23 00:00:00+09:00,2278.299318817515,2317.5803415557484,2267.0761694637345,2272.687744140625,37200,0.0,0.0
2005-06-24 00:00:00+09:00,2255.853755524969,2267.076908537531,2227.795872993564,2261.46533203125,18600,0.0,0.0
2005-06-27 00:00:00+09:00,2233.4072265625,2267.0766822393216,2227.7956506163628,2233.4072265625,15800,0.0,0.0
2005-06-28 00:00:00+09:00,2255.8530177224447,2289.5224657481526,2250.241443051493,2278.29931640625,14200,0.0,0.0
2005-06-29 00:00:00+09:00,2295.1340428481867,2295.1340428481867,2244.6298707561727,2272.687744140625,20100,0.0,0.0
2005-06-30 00:00:00+09:00,2255.8527868652345,2272.6875091552733,2239.0180645751952,2244.629638671875,28300,0.0,0.0
2005-07-01 00:00:00+09:00,2239.0180645751952,2267.0759350585936,2239.0180645751952,2244.629638671875,17200,0.0,0.0
2005-07-04 00:00:00+09:00,2255.8537264195884,2317.581067192264,2255.8537264195884,2300.746337890625,41000,0.0,0.0
2005-07-05 00:00:00+09:00,2295.134040419104,2295.134040419104,2255.8530177224447,2278.29931640625,29200,0.0,0.0
2005-07-06 00:00:00+09:00,2278.29931640625,2289.5224657481526,2261.464592393396,2278.29931640625,45700,0.0,0.0
2005-07-07 00:00:00+09:00,2278.299811939202,2278.299811939202,2250.2419324818225,2267.07666015625,23800,0.0,0.0
2005-07-08 00:00:00+09:00,2255.8530201099534,2289.522468171296,2255.8530201099534,2272.687744140625,32200,0.0,0.0
2005-07-11 00:00:00+09:00,2295.134995543841,2340.027611593598,2295.134995543841,2311.9697265625,44500,0.0,0.0
2005-07-12 00:00:00+09:00,2340.027072035846,2407.36598058364,2283.911314912684,2384.919677734375,73000,0.0,0.0
2005-07-13 00:00:00+09:00,2328.8039239847435,2384.919681189195,2323.1923482642983,2379.30810546875,75600,0.0,0.0
2005-07-14 00:00:00+09:00,2379.308102022059,2407.36598058364,2373.6965263097427,2384.919677734375,59500,0.0,0.0
2005-07-15 00:00:00+09:00,2384.91944812593,2407.365748814174,2356.861572265625,2356.861572265625,51100,0.0,0.0
2005-07-18 00:00:00+09:00,2356.861572265625,2356.861572265625,2356.861572265625,2356.861572265625,0,0.0,0.0
2005-07-19 00:00:00+09:00,2362.4741315818915,2379.3088641109784,2345.639399052804,2351.2509765625,31500,0.0,0.0
2005-07-20 00:00:00+09:00,2323.1923687948565,2356.8618234150717,2311.969217254785,2345.638671875,45200,0.0,0.0
2005-07-21 00:00:00+09:00,2340.027096104964,2373.6965507251793,2334.4155203349283,2345.638671875,33800,0.0,0.0
2005-07-22 00:00:00+09:00,2412.9773420988076,2412.9773420988076,2323.192138671875,2323.192138671875,106600,0.0,0.0
2005-07-25 00:00:00+09:00,2356.8620484264184,2384.9199299553043,2345.638895814864,2373.69677734375,60200,0.0,0.0
2005-07-26 00:00:00+09:00,2373.696529748305,2379.30810546875,2356.861802586969,2379.30810546875,27200,0.0,0.0
2005-07-27 00:00:00+09:00,2373.69677734375,2390.5315062610816,2345.638895814864,2373.69677734375,78700,0.0,0.0
2005-07-28 00:00:00+09:00,2390.5307733168793,2396.14234790213,2362.472900390625,2362.472900390625,41600,0.0,0.0
2005-07-29 00:00:00+09:00,2368.085205078125,2379.308357708827,2362.473628762774,2368.085205078125,15600,0.0,0.0
2005-08-01 00:00:00+09:00,2368.085201037973,2396.143082566859,2368.085201037973,2373.69677734375,43000,0.0,0.0
2005-08-02 00:00:00+09:00,2401.7541532494147,2401.7541532494147,2379.3078527517564,2396.142578125,20500,0.0,0.0
2005-08-03 00:00:00+09:00,2412.978031896489,2429.8127623515807,2390.5317246230334,2407.366455078125,54500,0.0,0.0
2005-08-04 00:00:00+09:00,2401.754144712936,2435.423595339753,2379.307844295058,2412.977294921875,34100,0.0,0.0
2005-08-05 00:00:00+09:00,2362.4728646354765,2452.258056640625,2356.8612901351544,2452.258056640625,70800,0.0,0.0
2005-08-08 00:00:00+09:00,2373.6962472575983,2463.4814480994933,2356.861522099743,2457.869873046875,59500,0.0,0.0
2005-08-09 00:00:00+09:00,2441.0353837446733,2469.09326171875,2424.200656960227,2469.09326171875,77600,0.0,0.0
2005-08-10 00:00:00+09:00,2474.7052874660703,2542.044206852902,2474.7052874660703,2519.597900390625,42500,0.0,0.0
2005-08-11 00:00:00+09:00,2519.597159866738,2553.2666096645116,2513.9855849004425,2536.431884765625,55000,0.0,0.0
2005-08-12 00:00:00+09:00,2564.48972767797,2631.8286264353783,2553.2665778850687,2603.770751953125,96700,0.0,0.0
2005-08-15 00:00:00+09:00,2575.713154167529,2626.21733366101,2530.8205501733237,2542.043701171875,106000,0.0,0.0
2005-08-16 00:00:00+09:00,2609.756872432748,2779.0383992932507,2588.5966815751854,2736.718017578125,97500,20.0,0.0
2005-08-17 00:00:00+09:00,2743.770321925268,2743.770321925268,2630.916015625,2630.916015625,52800,0.0,0.0
2005-08-18 00:00:00+09:00,2645.023572767103,2666.18376134924,2574.489610826647,2609.756591796875,64000,0.0,0.0
2005-08-19 00:00:00+09:00,2581.543072040264,2595.649864783654,2553.3294865534854,2567.436279296875,29800,0.0,0.0
2005-08-22 00:00:00+09:00,2567.4360045555177,2602.7029826400712,2553.329213321696,2588.59619140625,27300,0.0,0.0
2005-08-23 00:00:00+09:00,2623.8633452868853,2623.8633452868853,2567.4361765710382,2581.54296875,45500,0.0,0.0
2005-08-24 00:00:00+09:00,2595.649044906166,2630.916015625,2588.595650762399,2630.916015625,16300,0.0,0.0
2005-08-25 00:00:00+09:00,2637.9693367250507,2637.9693367250507,2616.8091548796624,2623.862548828125,8200,0.0,0.0
2005-08-26 00:00:00+09:00,2616.808884712115,2616.808884712115,2567.4351321703766,2574.488525390625,17700,0.0,0.0
2005-08-29 00:00:00+09:00,2567.4361765710382,2609.7565531079235,2525.115800034153,2581.54296875,32000,0.0,0.0
2005-08-30 00:00:00+09:00,2602.7029826400712,2616.809773873893,2553.329213321696,2588.59619140625,27500,0.0,0.0
2005-08-31 00:00:00+09:00,2609.7560144919717,2609.7560144919717,2553.328857421875,2553.328857421875,15100,0.0,0.0
2005-09-01 00:00:00+09:00,2602.7029826400712,2616.809773873893,2574.4894001724283,2588.59619140625,13600,0.0,0.0
2005-09-02 00:00:00+09:00,2581.543001033058,2588.596397210744,2560.3828125,2560.3828125,24900,0.0,0.0
2005-09-05 00:00:00+09:00,2553.32935298103,2602.703125,2553.32935298103,2602.703125,17200,0.0,0.0
2005-09-06 00:00:00+09:00,2595.64972899729,2616.80991700542,2560.38274898374,2602.703125,24600,0.0,0.0
2005-09-07 00:00:00+09:00,2609.7554914918665,2616.808884712115,2567.4351321703766,2574.488525390625,28700,0.0,0.0
2005-09-08 00:00:00+09:00,2574.489637586805,2574.489637586805,2539.22265625,2539.22265625,18000,0.0,0.0
2005-09-09 00:00:00+09:00,2567.435646689399,2567.435646689399,2518.0618842530644,2553.328857421875,78600,0.0,0.0
2005-09-12 00:00:00+09:00,2588.596364839481,2595.6497609289618,2539.2225922131147,2581.54296875,20300,0.0,0.0
2005-09-13 00:00:00+09:00,2574.489610826647,2609.756591796875,2574.489610826647,2609.756591796875,24300,0.0,0.0
2005-09-14 00:00:00+09:00,2623.8633452868853,2623.8633452868853,2581.54296875,2581.54296875,25400,0.0,0.0
2005-09-15 00:00:00+09:00,2588.5962011979864,2645.0233663467166,2581.5428055543953,2637.969970703125,31100,0.0,0.0
2005-09-16 00:00:00+09:00,2673.2369586614177,2694.3971456692916,2645.023375984252,2687.34375,41600,0.0,0.0
2005-09-19 00:00:00+09:00,2687.34375,2687.34375,2687.34375,2687.34375,0,0.0,0.0
2005-09-20 00:00:00+09:00,2750.8248114831667,2757.8782084356876,2729.664620625604,2736.718017578125,29400,0.0,0.0
2005-09-21 00:00:00+09:00,2743.7710598380386,2750.8244558787533,2687.3438915123206,2701.45068359375,40000,0.0,0.0
2005-09-22 00:00:00+09:00,2694.397135851855,2715.557322782629,2623.863179415943,2637.969970703125,37200,0.0,0.0
2005-09-23 00:00:00+09:00,2637.969970703125,2637.969970703125,2637.969970703125,2637.969970703125,0,0.0,0.0
2005-09-26 00:00:00+09:00,2736.718017578125,2736.718017578125,2687.3442389104785,2736.718017578125,40400,0.0,0.0
2005-09-27 00:00:00+09:00,2729.6641240157483,2736.7175196850394,2687.34375,2687.34375,25000,0.0,0.0
2005-09-28 00:00:00+09:00,2694.3972875530353,2708.5040796344647,2673.2370994308912,2701.45068359375,13800,0.0,0.0
2005-09-29 00:00:00+09:00,2729.6642814271095,2800.1982421875,2701.4506971229534,2800.1982421875,49000,0.0,0.0
2005-09-30 00:00:00+09:00,2877.7854802058296,2955.3728338388296,2842.5185012817383,2934.212646484375,101000,0.0,0.0
2005-10-03 00:00:00+09:00,2898.9455773207724,2997.693115234375,2793.144643841912,2997.693115234375,86900,0.0,0.0
2005-10-04 00:00:00+09:00,2983.5864652325454,3025.906840625915,2920.1059021424912,3011.800048828125,58900,0.0,0.0
2005-10-05 00:00:00+09:00,2962.4266878915573,2962.4266878915573,2898.946116008167,2955.373291015625,63600,0.0,0.0
2005-10-06 00:00:00+09:00,2891.8927167727625,2955.37328860436,2856.625732421875,2856.625732421875,36400,0.0,0.0
2005-10-07 00:00:00+09:00,2863.6784087245906,2983.5861253460635,2828.4114332476865,2905.998779296875,64300,0.0,0.0
2005-10-10 00:00:00+09:00,2905.998779296875,2905.998779296875,2905.998779296875,2905.998779296875,0,0.0,0.0
2005-10-11 00:00:00+09:00,2941.266497263761,2976.533481643422,2920.106306635964,2955.373291015625,44400,0.0,0.0
2005-10-12 00:00:00+09:00,2934.2120061910377,3025.9061313845077,2934.2120061910377,2990.63916015625,62900,0.0,0.0
2005-10-13 00:00:00+09:00,2955.3728816369658,3025.906840625915,2905.9991103447014,3011.800048828125,67100,0.0,0.0
2005-10-14 00:00:00+09:00,2948.319120623117,2990.639490775602,2927.158935546875,2927.158935546875,19100,0.0,0.0
2005-10-17 00:00:00+09:00,3004.746293956435,3117.6006148562074,2983.586108787728,3096.4404296875,55600,0.0,0.0
2005-10-18 00:00:00+09:00,3040.0134886259193,3061.1736753216915,2983.5863241038605,2997.693115234375,39600,0.0,0.0
2005-10-19 00:00:00+09:00,2997.693115234375,3082.333862017463,2976.532928538603,2997.693115234375,49500,0.0,0.0
2005-10-20 00:00:00+09:00,3032.960205078125,3047.0669967296512,3004.7466217750725,3032.960205078125,25600,0.0,0.0
2005-10-21 00:00:00+09:00,2969.4797497979525,3089.3874831627154,2969.4797497979525,3068.227294921875,35100,0.0,0.0
2005-10-24 00:00:00+09:00,3061.173220985814,3216.347900390625,3040.0130374306127,3216.347900390625,58600,0.0,0.0
2005-10-25 00:00:00+09:00,3159.921394230769,3244.5621458619503,3138.7612063229735,3209.295166015625,77400,0.0,0.0
2005-10-26 00:00:00+09:00,3209.294862561009,3308.0423967936554,3209.294862561009,3251.615234375,25500,0.0,0.0
2005-10-27 00:00:00+09:00,3293.9355763402477,3449.1102715853986,3237.5084144329203,3272.775390625,68900,0.0,0.0
2005-10-28 00:00:00+09:00,3251.61579657516,3308.04296875,3237.50900353145,3308.04296875,88400,0.0,0.0
2005-10-31 00:00:00+09:00,3357.416958512931,3477.32470703125,3357.416958512931,3477.32470703125,82100,0.0,0.0
2005-11-01 00:00:00+09:00,3526.697814234435,3653.658935546875,3526.697814234435,3653.658935546875,26600,0.0,0.0
2005-11-02 00:00:00+09:00,3667.7650182038833,3695.9785952669904,3618.3912583434467,3632.498046875,73900,0.0,0.0
2005-11-03 00:00:00+09:00,3632.498046875,3632.498046875,3632.498046875,3632.498046875,0,0.0,0.0
2005-11-04 00:00:00+09:00,3667.76642578125,3667.76642578125,3526.6984863281245,3526.698486328125,55000,0.0,0.0
2005-11-07 00:00:00+09:00,3526.6982720822703,3547.858461714764,3385.6303411989797,3456.164306640625,35400,0.0,0.0
2005-11-08 00:00:00+09:00,3435.003066190976,3561.9641651466995,3364.4691223266846,3519.643798828125,42600,0.0,0.0
2005-11-09 00:00:00+09:00,3498.485213183198,3505.5386107904224,3406.791044289284,3484.37841796875,32200,0.0,0.0
2005-11-10 00:00:00+09:00,3413.843711344401,3435.003899637858,3272.7757893880207,3385.630126953125,57000,0.0,0.0
2005-11-11 00:00:00+09:00,3413.8433450838415,3512.590879858994,3406.7899497427593,3470.2705078125,36900,0.0,0.0
2005-11-14 00:00:00+09:00,3505.537746196546,3505.537746196546,3343.3096412417763,3350.363037109375,25700,0.0,0.0
2005-11-15 00:00:00+09:00,3300.9895722281453,3371.523537446695,3293.93617570629,3308.04296875,30700,0.0,0.0
2005-11-16 00:00:00+09:00,3293.9363848023227,3399.7373393462944,3251.6160029847338,3378.5771484375,30100,0.0,0.0
2005-11-17 00:00:00+09:00,3385.629693864562,3484.3772266022784,3385.629693864562,3463.217041015625,39400,0.0,0.0
2005-11-18 00:00:00+09:00,3526.697067987351,3554.91064453125,3470.2699148995534,3554.91064453125,45100,0.0,0.0
2005-11-21 00:00:00+09:00,3554.9112825920247,3561.964677993993,3427.9501653565953,3449.1103515625,57300,0.0,0.0
2005-11-22 00:00:00+09:00,3470.271139361901,3533.751708984375,3470.271139361901,3533.751708984375,56500,0.0,0.0
2005-11-23 00:00:00+09:00,3533.751708984375,3533.751708984375,3533.751708984375,3533.751708984375,0,0.0,0.0
2005-11-24 00:00:00+09:00,3547.8583224826384,3547.8583224826384,3484.377756076389,3491.43115234375,27700,0.0,0.0
2005-11-25 00:00:00+09:00,3491.4302212824086,3547.8573763738414,3456.163249350263,3519.643798828125,36600,0.0,0.0
2005-11-28 00:00:00+09:00,3491.431049676968,3561.9650102765027,3491.431049676968,3505.537841796875,54700,0.0,0.0
2005-11-29 00:00:00+09:00,3526.6976986291274,3808.833514519458,3505.5375124373527,3738.299560546875,82000,0.0,0.0
2005-11-30 00:00:00+09:00,3604.2854086108478,4443.639544862689,3604.2854086108478,4189.71728515625,106700,0.0,0.0
2005-12-01 00:00:00+09:00,4154.449925915948,4154.449925915948,3822.9403392978675,3886.4208984375,132100,0.0,0.0
2005-12-02 00:00:00+09:00,3921.68833016739,3935.795122721949,3844.100971117316,3858.207763671875,89400,0.0,0.0
2005-12-05 00:00:00+09:00,3978.1145570816534,3999.2747408959176,3879.3670326150877,3935.794189453125,94900,0.0,0.0
2005-12-06 00:00:00+09:00,3964.008115480272,3985.168301150096,3921.687744140625,3921.687744140625,54300,0.0,0.0
2005-12-07 00:00:00+09:00,3978.114948381696,3985.1683436802455,3928.741181291852,3949.9013671875,39900,0.0,0.0
2005-12-08 00:00:00+09:00,3935.7941935911012,3942.8475882032717,3703.0321713894773,3745.3525390625,74700,0.0,0.0
2005-12-09 00:00:00+09:00,3604.2854196648846,3787.6737189041937,3604.2854196648846,3752.40673828125,120800,0.0,0.0
2005-12-12 00:00:00+09:00,3914.634765625,3942.8483495213964,3886.4211817286036,3914.634765625,44000,0.0,0.0
2005-12-13 00:00:00+09:00,3886.420969645182,3907.5811564127603,3829.9938049316406,3893.474365234375,43400,0.0,0.0
2005-12-14 00:00:00+09:00,3893.4744811210135,3893.4744811210135,3745.3531693392356,3759.4599609375,80800,0.0,0.0
2005-12-15 00:00:00+09:00,3724.1924389367814,3759.4594127903497,3667.765280771073,3681.8720703125,69100,0.0,0.0
2005-12-16 00:00:00+09:00,3731.2462062192767,3794.7267654933285,3703.032624319698,3766.51318359375,37500,0.0,0.0
2005-12-19 00:00:00+09:00,3822.9398797963745,3822.9398797963745,3724.1923552259886,3745.3525390625,26900,0.0,0.0
2005-12-20 00:00:00+09:00,3787.6733915231525,3865.2607421875,3752.406413948449,3865.2607421875,54600,0.0,0.0
2005-12-21 00:00:00+09:00,3907.5810848173774,3928.741271197255,3872.3141075175818,3886.4208984375,37300,0.0,0.0
2005-12-22 00:00:00+09:00,3844.100805884009,3971.0619334177927,3844.100805884009,3914.634765625,61300,0.0,0.0
2005-12-23 00:00:00+09:00,3914.634765625,3914.634765625,3914.634765625,3914.634765625,0,0.0,0.0
2005-12-26 00:00:00+09:00,3914.634552001953,3949.9015299479165,3844.100596110026,3893.474365234375,50800,0.0,0.0
2005-12-27 00:00:00+09:00,3900.5277197622036,3907.5811152771444,3865.2607421875,3865.2607421875,26700,0.0,0.0
2005-12-28 00:00:00+09:00,3872.3141075175818,3907.5810848173774,3794.726757458031,3886.4208984375,25800,0.0,0.0
2005-12-29 00:00:00+09:00,3914.6340119735055,4203.823191236413,3900.5272227411683,4055.701904296875,112100,0.0,0.0
2005-12-30 00:00:00+09:00,3985.168701171875,4090.96964014104,3964.008513378042,3985.168701171875,61000,0.0,0.0
2006-01-02 00:00:00+09:00,3985.168701171875,3985.168701171875,3985.168701171875,3985.168701171875,0,0.0,0.0
2006-01-03 00:00:00+09:00,3985.168701171875,3985.168701171875,3985.168701171875,3985.168701171875,0,0.0,0.0
2006-01-04 00:00:00+09:00,3992.221020034171,4055.7015662891313,3985.167626005842,3999.2744140625,21700,0.0,0.0
2006-01-05 00:00:00+09:00,4013.3822848969858,4048.649264553374,3942.8483255842093,3985.168701171875,41000,0.0,0.0
2006-01-06 00:00:00+09:00,4020.434596147487,4027.487990175816,3971.060837949184,3999.2744140625,42100,0.0,0.0
2006-01-09 00:00:00+09:00,3999.2744140625,3999.2744140625,3999.2744140625,3999.2744140625,0,0.0,0.0
2006-01-10 00:00:00+09:00,3999.274612670682,4041.5949789423294,3971.0610351562505,3971.06103515625,85400,0.0,0.0
2006-01-11 00:00:00+09:00,3971.0617269608115,4006.328704997764,3886.4209796721266,3942.84814453125,55100,0.0,0.0
2006-01-12 00:00:00+09:00,3942.8479298104485,3992.2216963733704,3914.6343489173505,3921.687744140625,49900,0.0,0.0
2006-01-13 00:00:00+09:00,3851.154001635174,3985.1685181755925,3844.1006060277837,3942.84814453125,54200,0.0,0.0
2006-01-16 00:00:00+09:00,3914.634480277337,3921.687875737296,3858.2073165976635,3886.4208984375,44900,0.0,0.0
2006-01-17 00:00:00+09:00,3766.512602353144,3822.9397574445766,3442.056460577405,3519.643798828125,75900,0.0,0.0
2006-01-18 00:00:00+09:00,3533.750992971137,3695.9790824688134,3449.1102506245225,3463.217041015625,93200,0.0,0.0
2006-01-19 00:00:00+09:00,3357.4159889741713,3695.9789458455166,3357.4159889741713,3618.3916015625,73800,0.0,0.0
2006-01-20 00:00:00+09:00,3660.7130288085937,3667.76642578125,3385.6305468749997,3526.698486328125,93500,0.0,0.0
2006-01-23 00:00:00+09:00,3526.697836631586,3561.964814997902,3371.523131819796,3413.843505859375,60000,0.0,0.0
2006-01-24 00:00:00+09:00,3350.3632269965274,3576.071907552083,3350.3632269965274,3491.43115234375,56700,0.0,0.0
2006-01-25 00:00:00+09:00,3526.6983123596556,3660.7128482293224,3519.6449157349366,3533.751708984375,51800,0.0,0.0
2006-01-26 00:00:00+09:00,3540.803991983103,3653.6583024845563,3540.803991983103,3639.551513671875,41400,0.0,0.0
2006-01-27 00:00:00+09:00,3695.9794455135566,3837.04736328125,3681.8726537367875,3837.04736328125,56700,0.0,0.0
2006-01-30 00:00:00+09:00,3942.8479718889507,3999.2751342773436,3914.634390694754,3949.9013671875,69100,0.0,0.0
2006-01-31 00:00:00+09:00,3985.168725365991,3992.2221213400903,3879.3677857545044,3914.634765625,51200,0.0,0.0
2006-02-01 00:00:00+09:00,3900.528279772544,3921.688469355397,3815.887521441133,3822.94091796875,33800,0.0,0.0
2006-02-02 00:00:00+09:00,3808.8336080848626,3893.474354931193,3808.8336080848626,3844.1005859375,30000,0.0,0.0
2006-02-03 00:00:00+09:00,3773.566800285788,3879.367738611558,3766.5134043974035,3837.04736328125,21400,0.0,0.0
2006-02-06 00:00:00+09:00,3822.940954634558,3886.4215239919586,3773.567178467691,3851.154541015625,37800,0.0,0.0
2006-02-07 00:00:00+09:00,3844.1005859375,3865.260772649083,3815.88700365539,3844.1005859375,21900,0.0,0.0
2006-02-08 00:00:00+09:00,3808.8331761853447,3829.9933604974854,3681.8720703125,3681.8720703125,51200,0.0,0.0
2006-02-09 00:00:00+09:00,3766.5128075610633,3787.672991873204,3674.8186755417864,3681.8720703125,36600,0.0,0.0
2006-02-10 00:00:00+09:00,3738.2993598510034,3766.5129399253506,3646.605224609375,3646.605224609375,40100,0.0,0.0
2006-02-13 00:00:00+09:00,3625.4451269915726,3688.9256836898685,3583.124755859375,3583.124755859375,40800,0.0,0.0
2006-02-14 00:00:00+09:00,3477.323494466146,3618.3913847081803,3286.8818426393996,3597.231201171875,91200,0.0,0.0
2006-02-15 00:00:00+09:00,3540.583273303826,3823.829935168132,3469.77160783775,3724.693603515625,70000,20.0,0.0
2006-02-16 00:00:00+09:00,3653.880784696691,3682.2054419424016,3526.4198270909924,3611.393798828125,101500,0.0,0.0
2006-02-17 00:00:00+09:00,3491.0146003412738,3547.663924484743,3285.660800321199,3306.904296875,165600,0.0,0.0
2006-02-20 00:00:00+09:00,3342.3099184782604,3462.6897248641303,3257.3359374999995,3257.3359375,70600,0.0,0.0
2006-02-21 00:00:00+09:00,3193.605775582268,3462.6900759639225,3193.605775582268,3391.87841796875,38100,0.0,0.0
2006-02-22 00:00:00+09:00,3398.959716796875,3448.527879333496,3356.472720336914,3398.959716796875,42500,0.0,0.0
2006-02-23 00:00:00+09:00,3363.553364027208,3498.095498588296,3356.472199050308,3448.52734375,40600,0.0,0.0
2006-02-24 00:00:00+09:00,3483.933033130787,3491.014197832272,3377.715562608507,3441.446044921875,41900,0.0,0.0
2006-02-27 00:00:00+09:00,3441.4461861116342,3568.9071559676204,3384.79686617564,3526.420166015625,77600,0.0,0.0
2006-02-28 00:00:00+09:00,3512.2577182861783,3823.8289674889843,3406.04024696704,3816.747802734375,106400,0.0,0.0
2006-03-01 00:00:00+09:00,3533.5014603411564,3646.8001043601116,3413.121651071017,3455.608642578125,111000,0.0,0.0
2006-03-02 00:00:00+09:00,3512.257917419938,3512.257917419938,3420.2027703907866,3427.283935546875,33900,0.0,0.0
2006-03-03 00:00:00+09:00,3363.55323627783,3420.2025539414562,3229.0111068267165,3299.82275390625,49600,0.0,0.0
2006-03-06 00:00:00+09:00,3335.2291615694185,3356.4726594138097,3243.174004243723,3278.579833984375,36800,0.0,0.0
2006-03-07 00:00:00+09:00,3250.254772418478,3292.7417629076085,3250.254772418478,3257.3359375,12700,0.0,0.0
2006-03-08 00:00:00+09:00,3221.929603809873,3250.254259667542,3129.8744722724477,3243.173095703125,48100,0.0,0.0
2006-03-09 00:00:00+09:00,3207.768638127967,3384.7978124175897,3186.525137213212,3356.47314453125,36400,0.0,0.0
2006-03-10 00:00:00+09:00,3292.742277863738,3321.066942619555,3229.0117821631497,3271.498779296875,126200,0.0,0.0
2006-03-13 00:00:00+09:00,3434.365472737149,3590.151123046875,3398.959643121302,3590.151123046875,96900,0.0,0.0
2006-03-14 00:00:00+09:00,3604.313075612185,3653.8812318583255,3540.582589010005,3583.069580078125,67000,0.0,0.0
2006-03-15 00:00:00+09:00,3476.851604158916,3611.3937232607886,3476.851604158916,3568.90673828125,33000,0.0,0.0
2006-03-16 00:00:00+09:00,3639.719969241205,3646.801136496538,3434.366118836546,3547.664794921875,34000,0.0,0.0
2006-03-17 00:00:00+09:00,3597.231998633201,3597.231998633201,3512.258014413519,3561.826171875,16300,0.0,0.0
2006-03-20 00:00:00+09:00,3611.393798828125,3675.124277630974,3568.9068129595585,3611.393798828125,32200,0.0,0.0
2006-03-21 00:00:00+09:00,3611.393798828125,3611.393798828125,3611.393798828125,3611.393798828125,0,0.0,0.0
2006-03-22 00:00:00+09:00,3575.9879772709864,3646.799620385263,3533.50099140242,3611.393798828125,46600,0.0,0.0
2006-03-23 00:00:00+09:00,3646.8001560946823,3646.8001560946823,3533.50151046844,3561.826171875,40400,0.0,0.0
2006-03-24 00:00:00+09:00,3568.9073372266403,3611.3943293364814,3554.74500652336,3561.826171875,19300,0.0,0.0
2006-03-27 00:00:00+09:00,3611.3940331835547,3618.4751979545026,3512.2577263902804,3533.501220703125,43800,0.0,0.0
2006-03-28 00:00:00+09:00,3568.9073372266403,3583.069667929921,3519.3391797651593,3561.826171875,36700,0.0,0.0
2006-03-29 00:00:00+09:00,3568.907044557866,3568.907044557866,3533.501220703125,3533.501220703125,29700,0.0,0.0
2006-03-30 00:00:00+09:00,3547.66384117172,3583.069667929921,3533.50151046844,3561.826171875,45900,0.0,0.0
2006-03-31 00:00:00+09:00,3632.6379169979205,3660.9625791187623,3590.150923816658,3618.4755859375,56800,0.0,0.0
2006-04-03 00:00:00+09:00,3660.9623970363455,3682.2058925704055,3583.069580078125,3583.069580078125,76600,0.0,0.0
2006-04-04 00:00:00+09:00,3540.582263399435,3618.4750731942227,3533.5010988726362,3604.312744140625,89000,0.0,0.0
2006-04-05 00:00:00+09:00,3611.3944189453127,3639.7190810546876,3540.582763671875,3540.582763671875,74200,0.0,0.0
2006-04-06 00:00:00+09:00,3575.989596302291,3590.1519313371514,3547.66492623257,3554.74609375,35500,0.0,0.0
2006-04-07 00:00:00+09:00,3554.744825983622,3554.744825983622,3498.095506047628,3526.420166015625,48100,0.0,0.0
2006-04-10 00:00:00+09:00,3505.176799336418,3519.339129838787,3441.4463120757555,3455.608642578125,79000,0.0,0.0
2006-04-11 00:00:00+09:00,3434.3655426584774,3491.0148711971738,3398.9597123217923,3476.8525390625,98000,0.0,0.0
2006-04-12 00:00:00+09:00,3540.5826069699447,3554.7449373978247,3519.339111328125,3519.339111328125,79100,0.0,0.0
2006-04-13 00:00:00+09:00,3554.744591960634,3554.744591960634,3441.445959547546,3462.689453125,50000,0.0,0.0
2006-04-14 00:00:00+09:00,3469.771061533505,3491.0145578286083,3427.2840689432987,3434.365234375,30700,0.0,0.0
2006-04-17 00:00:00+09:00,3462.689779502467,3462.689779502467,3363.553466796875,3363.553466796875,52200,0.0,0.0
2006-04-18 00:00:00+09:00,3370.6349205701986,3391.8784179687505,3335.2290915726126,3391.87841796875,52700,0.0,0.0
2006-04-19 00:00:00+09:00,3391.8787739645986,3406.041107050046,3377.7164408791514,3384.797607421875,62900,0.0,0.0
2006-04-20 00:00:00+09:00,3363.5535317278923,3377.715862387799,3313.985374418218,3328.147705078125,109300,0.0,0.0
2006-04-21 00:00:00+09:00,3328.147838292861,3342.3101695196387,3292.7420102259152,3335.22900390625,111200,0.0,0.0
2006-04-24 00:00:00+09:00,3257.3362487122254,3264.417414470295,3207.768088405735,3221.930419921875,197000,0.0,0.0
2006-04-25 00:00:00+09:00,3186.5242866847825,3257.3359374999995,3151.1184612771735,3257.3359375,130600,0.0,0.0
2006-04-26 00:00:00+09:00,3257.336446918967,3271.4987792968755,3214.849449785241,3271.498779296875,116800,0.0,0.0
2006-04-27 00:00:00+09:00,3257.3360481345317,3257.3360481345317,3221.930221524374,3250.2548828125,95000,0.0,0.0
2006-04-28 00:00:00+09:00,3243.173250159439,3469.7705078125005,3200.68626434949,3469.7705078125,98300,0.0,0.0
2006-05-01 00:00:00+09:00,3292.742165880636,3321.066829673158,3250.2551701918537,3278.579833984375,106200,0.0,0.0
2006-05-02 00:00:00+09:00,3257.336070956481,3299.823063186348,3243.1737402131916,3264.417236328125,64700,0.0,0.0
2006-05-03 00:00:00+09:00,3264.4172363281255,3264.4172363281255,3264.4172363281255,3264.417236328125,0,0.0,0.0
2006-05-04 00:00:00+09:00,3264.4172363281255,3264.4172363281255,3264.4172363281255,3264.417236328125,0,0.0,0.0
2006-05-05 00:00:00+09:00,3264.4172363281255,3264.4172363281255,3264.4172363281255,3264.417236328125,0,0.0,0.0
2006-05-08 00:00:00+09:00,3271.4978620333013,3292.741354643907,3236.092041015625,3236.092041015625,33000,0.0,0.0
2006-05-09 00:00:00+09:00,3236.092395447848,3250.254725406044,3221.930065489652,3229.01123046875,59000,0.0,0.0
2006-05-10 00:00:00+09:00,3221.9298829207664,3229.011047498614,3193.605224609375,3193.605224609375,55100,0.0,0.0
2006-05-11 00:00:00+09:00,3151.1188093312003,3151.1188093312003,3023.657823785219,3094.469482421875,138500,0.0,0.0
2006-05-12 00:00:00+09:00,3080.306814767264,3080.306814767264,3037.81982421875,3037.81982421875,41200,0.0,0.0
2006-05-15 00:00:00+09:00,3009.4955373364824,3087.3883630087207,3009.4955373364824,3044.9013671875,33700,0.0,0.0
2006-05-16 00:00:00+09:00,3030.738490681476,3087.3878082643073,2938.683349609375,2938.683349609375,45400,0.0,0.0
2006-05-17 00:00:00+09:00,2938.683264335377,3002.4137447667467,2938.683264335377,2959.9267578125,63500,0.0,0.0
2006-05-18 00:00:00+09:00,2910.3589746811813,2917.4401400696997,2853.7096515730314,2889.115478515625,45000,0.0,0.0
2006-05-19 00:00:00+09:00,2889.1152689435844,3200.6865234375005,2853.7094445692755,3200.6865234375,53700,0.0,0.0
2006-05-22 00:00:00+09:00,3059.062947494034,3115.7122613365154,2959.92664826969,2967.0078125,66700,0.0,0.0
2006-05-23 00:00:00+09:00,2931.602364676339,3023.657511393229,2931.602364676339,2974.08935546875,31700,0.0,0.0
2006-05-24 00:00:00+09:00,2938.683264335377,2981.170251289623,2896.1962773811306,2959.9267578125,42600,0.0,0.0
2006-05-25 00:00:00+09:00,2995.3331840729043,3037.820179591669,2981.170852233316,3030.739013671875,35600,0.0,0.0
2006-05-26 00:00:00+09:00,3044.90088776396,3129.8748660271403,2988.25156892184,3122.793701171875,43400,0.0,0.0
2006-05-29 00:00:00+09:00,3144.0369401041667,3193.605090060764,3051.981804470486,3186.52392578125,55000,0.0,0.0
2006-05-30 00:00:00+09:00,3151.118384505502,3186.524209050508,3066.144405597489,3136.9560546875,51500,0.0,0.0
2006-05-31 00:00:00+09:00,3101.5497728669243,3221.9295585718046,3066.1439535419595,3151.117919921875,68300,0.0,0.0
2006-06-01 00:00:00+09:00,3136.955895996094,3186.5240478515625,3009.4949340820312,3115.71240234375,54000,0.0,0.0
2006-06-02 00:00:00+09:00,3115.71210059691,3151.117919921875,3030.7381342169942,3151.117919921875,53400,0.0,0.0
2006-06-05 00:00:00+09:00,3087.388138382523,3122.793965657552,3059.0634765625,3059.0634765625,40000,0.0,0.0
2006-06-06 00:00:00+09:00,3051.981848650814,3094.4688349429366,3044.900684268793,3073.225341796875,22500,0.0,0.0
2006-06-07 00:00:00+09:00,3037.820179591669,3094.4695069500217,2959.927354473934,3030.739013671875,23100,0.0,0.0
2006-06-08 00:00:00+09:00,2853.7096515730314,2974.089463177849,2804.141493853401,2889.115478515625,60600,0.0,0.0
2006-06-09 00:00:00+09:00,2889.1150059665874,2974.0889767303106,2825.3845278937947,2967.0078125,58100,0.0,0.0
2006-06-12 00:00:00+09:00,2860.79051433868,2988.2514778488194,2860.79051433868,2924.52099609375,41500,0.0,0.0
2006-06-13 00:00:00+09:00,2867.8716789781324,2952.8456546515586,2867.8716789781324,2924.52099609375,41400,0.0,0.0
2006-06-14 00:00:00+09:00,2896.1962773811306,2974.089086797249,2882.0339483963817,2959.9267578125,19900,0.0,0.0
2006-06-15 00:00:00+09:00,3066.1440510299967,3129.874527841244,2981.170081948334,3002.41357421875,43800,0.0,0.0
2006-06-16 00:00:00+09:00,3044.900421791888,3080.3062406499334,2981.169947847407,2995.332275390625,26100,0.0,0.0
2006-06-19 00:00:00+09:00,2959.9267578125,3016.576073751495,2959.9267578125,2959.9267578125,29400,0.0,0.0
2006-06-20 00:00:00+09:00,2924.5212589679377,2938.6835895198406,2853.7096062084233,2860.790771484375,25300,0.0,0.0
2006-06-21 00:00:00+09:00,2839.5468334709244,2874.9526543371458,2683.761221659552,2747.49169921875,96800,0.0,0.0
2006-06-22 00:00:00+09:00,2747.491857816496,2775.8165161445013,2719.1671994884914,2768.7353515625,102100,0.0,0.0
2006-06-23 00:00:00+09:00,2662.517908009383,2712.086060552111,2591.706261519772,2641.2744140625,180200,0.0,0.0
2006-06-26 00:00:00+09:00,2605.8681640625,2627.1116545304008,2549.218856148098,2605.8681640625,224200,0.0,0.0
2006-06-27 00:00:00+09:00,2634.1934061253323,2662.51806640625,2570.462920493268,2662.51806640625,119100,0.0,0.0
2006-06-28 00:00:00+09:00,2634.1933207247694,2789.9789472192447,2627.1121558841114,2683.761474609375,128500,0.0,0.0
2006-06-29 00:00:00+09:00,2641.2742204337283,2697.9235334725217,2641.2742204337283,2669.598876953125,109200,0.0,0.0
2006-06-30 00:00:00+09:00,2669.599214945211,2775.8166903409087,2662.518049918831,2726.24853515625,145400,0.0,0.0
2006-07-03 00:00:00+09:00,2712.0861339720072,2712.0861339720072,2669.599144928059,2683.761474609375,85400,0.0,0.0
2006-07-04 00:00:00+09:00,2705.0053927103677,2719.167724609375,2669.59956296285,2719.167724609375,53000,0.0,0.0
2006-07-05 00:00:00+09:00,2712.0866487758367,2712.0866487758367,2683.7619840366633,2697.92431640625,35800,0.0,0.0
2006-07-06 00:00:00+09:00,2705.0050088205644,2705.0050088205644,2620.0310294858873,2634.193359375,58400,0.0,0.0
2006-07-07 00:00:00+09:00,2634.1934412098462,2634.1934412098462,2535.05712890625,2535.05712890625,60200,0.0,0.0
2006-07-10 00:00:00+09:00,2464.244738632374,2577.5433473051266,2457.1635755903267,2520.89404296875,95200,0.0,0.0
2006-07-11 00:00:00+09:00,2520.894396456866,2556.3002166318224,2506.732068386884,2513.813232421875,30600,0.0,0.0
2006-07-12 00:00:00+09:00,2506.7322632879273,2520.8945924590453,2414.6771236756585,2485.48876953125,50500,0.0,0.0
2006-07-13 00:00:00+09:00,2485.488903392445,2556.300553061745,2457.164243524725,2492.570068359375,45200,0.0,0.0
2006-07-14 00:00:00+09:00,2492.570606884058,2492.570606884058,2428.840108412591,2443.00244140625,25900,0.0,0.0
2006-07-17 00:00:00+09:00,2443.00244140625,2443.00244140625,2443.00244140625,2443.00244140625,0,0.0,0.0
2006-07-18 00:00:00+09:00,2414.677073627437,2414.677073627437,2287.216113729214,2315.540771484375,55700,0.0,0.0
2006-07-19 00:00:00+09:00,2315.5405049384394,2315.5405049384394,2195.160723336135,2237.647705078125,74500,0.0,0.0
2006-07-20 00:00:00+09:00,2273.053879285215,2372.190185546875,2230.5668908873604,2372.190185546875,65800,0.0,0.0
2006-07-21 00:00:00+09:00,2258.891549819263,2372.190185546875,2223.4857261543843,2372.190185546875,71900,0.0,0.0
2006-07-24 00:00:00+09:00,2301.378505277318,2308.45966990894,2103.1058955918875,2138.51171875,143200,0.0,0.0
2006-07-25 00:00:00+09:00,2173.917323142738,2195.160814899833,2106.6462659119366,2120.80859375,81000,0.0,0.0
2006-07-26 00:00:00+09:00,2152.6743489583337,2152.6743489583337,2018.1322021484375,2018.1322021484375,100800,0.0,0.0
2006-07-27 00:00:00+09:00,2007.5100701964727,2173.9174305125825,2007.5100701964727,2145.5927734375,120100,0.0,0.0
2006-07-28 00:00:00+09:00,2081.8620329626897,2131.4301766046583,2042.915634386857,2099.56494140625,57400,0.0,0.0
2006-07-31 00:00:00+09:00,2159.7547743055557,2322.621527777778,2131.430121527778,2294.296875,103900,0.0,0.0
2006-08-01 00:00:00+09:00,2209.323438768263,2265.972757711039,2166.836449561181,2180.998779296875,104100,0.0,0.0
2006-08-02 00:00:00+09:00,2159.7550925230366,2223.485570663061,2152.6739282852564,2209.3232421875,54600,0.0,0.0
2006-08-03 00:00:00+09:00,2209.323277407787,2209.323277407787,2138.511633901127,2159.755126953125,43500,0.0,0.0
2006-08-04 00:00:00+09:00,2180.9989800347225,2230.567138671875,2159.7554834759426,2230.567138671875,32800,0.0,0.0
2006-08-07 00:00:00+09:00,2251.810542103522,2251.810542103522,2173.917724609375,2173.917724609375,25600,0.0,0.0
2006-08-08 00:00:00+09:00,2209.323438768263,2209.323438768263,2159.755284693334,2180.998779296875,17700,0.0,0.0
2006-08-09 00:00:00+09:00,2195.1611328125,2195.1611328125,2159.755308089718,2195.1611328125,13000,0.0,0.0
2006-08-10 00:00:00+09:00,2209.3237076518694,2273.05419921875,2195.1613761925623,2273.05419921875,29600,0.0,0.0
2006-08-11 00:00:00+09:00,2294.2972781680046,2322.621935923165,2273.053784851634,2315.540771484375,56200,0.0,0.0
2006-08-14 00:00:00+09:00,2350.9464239630256,2365.1087518182244,2336.7840961078264,2358.027587890625,51000,0.0,0.0
2006-08-15 00:00:00+09:00,2350.903677926937,2550.3742930237677,2343.779727387764,2529.00244140625,97100,20.0,0.0
2006-08-16 00:00:00+09:00,2600.2428168107117,2650.1104872700953,2585.994910965174,2614.49072265625,109200,0.0,0.0
2006-08-17 00:00:00+09:00,2650.1099772135417,2650.1099772135417,2550.3746554904515,2564.62255859375,54500,0.0,0.0
2006-08-18 00:00:00+09:00,2585.994329188897,2628.738037109375,2529.0027186282605,2628.738037109375,23500,0.0,0.0
2006-08-21 00:00:00+09:00,2614.490145967531,2614.490145967531,2536.1266811020196,2557.49853515625,29500,0.0,0.0
2006-08-22 00:00:00+09:00,2543.250195716038,2585.993896484375,2514.7543952038136,2585.993896484375,24600,0.0,0.0
2006-08-23 00:00:00+09:00,2585.9943605427957,2771.217097110599,2557.4985549169796,2728.473388671875,48200,0.0,0.0
2006-08-24 00:00:00+09:00,2707.1016766436687,2749.845387327516,2600.2423999340504,2742.721435546875,65300,0.0,0.0
2006-08-25 00:00:00+09:00,2735.597222222222,2735.597222222222,2685.729564525463,2692.853515625,27800,0.0,0.0
2006-08-28 00:00:00+09:00,2657.2336624948603,2707.101318359375,2585.994154116982,2707.101318359375,48600,0.0,0.0
2006-08-29 00:00:00+09:00,2714.22578928009,2714.22578928009,2650.1102194545756,2685.72998046875,38500,0.0,0.0
2006-08-30 00:00:00+09:00,2671.481564170436,2707.101318359375,2607.3660066303455,2707.101318359375,55000,0.0,0.0
2006-08-31 00:00:00+09:00,2678.605515008224,2721.3492200349506,2678.605515008224,2707.101318359375,35500,0.0,0.0
2006-09-01 00:00:00+09:00,2671.4817170173887,2678.6056682627686,2621.614058299731,2650.10986328125,32600,0.0,0.0
2006-09-04 00:00:00+09:00,2635.8616960081335,2650.109597067637,2600.241943359375,2600.241943359375,47200,0.0,0.0
2006-09-05 00:00:00+09:00,2600.2425438133446,2642.986256862331,2600.2425438133446,2635.8623046875,17300,0.0,0.0
2006-09-06 00:00:00+09:00,2664.3577204165254,2664.3577204165254,2607.3661114236584,2621.614013671875,17700,0.0,0.0
2006-09-07 00:00:00+09:00,2585.994515019422,2621.6142741794692,2550.374755859375,2550.374755859375,20600,0.0,0.0
2006-09-08 00:00:00+09:00,2543.250703938802,2600.2423163519966,2536.126752387153,2564.62255859375,53700,0.0,0.0
2006-09-11 00:00:00+09:00,2564.622602215418,2564.622602215418,2457.763327123109,2472.01123046875,33600,0.0,0.0
2006-09-12 00:00:00+09:00,2479.134521484375,2493.382421033136,2365.151325094289,2479.134521484375,60900,0.0,0.0
2006-09-13 00:00:00+09:00,2422.1434102255917,2464.8871174648666,2386.5236541928625,2407.8955078125,57700,0.0,0.0
2006-09-14 00:00:00+09:00,2372.2752481499724,2436.390795397269,2365.1512984558285,2429.266845703125,18800,0.0,0.0
2006-09-15 00:00:00+09:00,2365.1520697294773,2429.2676378847946,2336.6562616604474,2386.52392578125,38400,0.0,0.0
2006-09-18 00:00:00+09:00,2386.52392578125,2386.52392578125,2386.52392578125,2386.52392578125,0,0.0,0.0
2006-09-19 00:00:00+09:00,2436.39111328125,2464.8869157757676,2407.8953107867324,2436.39111328125,22200,0.0,0.0
2006-09-20 00:00:00+09:00,2415.01973385028,2436.391589902052,2386.52392578125,2386.52392578125,24200,0.0,0.0
2006-09-21 00:00:00+09:00,2436.3907726199127,2457.7626215025434,2415.018923737282,2450.638671875,16900,0.0,0.0
2006-09-22 00:00:00+09:00,2457.76318359375,2486.258988620924,2450.6392323369564,2457.76318359375,21000,0.0,0.0
2006-09-25 00:00:00+09:00,2457.76318359375,2479.1350373641303,2429.267378566576,2457.76318359375,12000,0.0,0.0
2006-09-26 00:00:00+09:00,2450.6396055116757,2593.11865234375,2429.2677484868645,2593.11865234375,22200,0.0,0.0
2006-09-27 00:00:00+09:00,2585.993896484375,2600.241796740487,2514.7543952038136,2585.993896484375,38400,0.0,0.0
2006-09-28 00:00:00+09:00,2600.2425438133446,2642.986256862331,2600.2425438133446,2635.8623046875,38900,0.0,0.0
2006-09-29 00:00:00+09:00,2650.109542339354,2813.9604011399056,2650.109542339354,2785.464599609375,120500,0.0,0.0
2006-10-02 00:00:00+09:00,2792.5888671875,2821.0846719547194,2778.3409648038905,2792.5888671875,33000,0.0,0.0
2006-10-03 00:00:00+09:00,2778.341036498092,2799.712890625,2756.9691823711833,2799.712890625,24800,0.0,0.0
2006-10-04 00:00:00+09:00,2813.9610327743903,2920.8203125,2806.837080792683,2920.8203125,89900,0.0,0.0
2006-10-05 00:00:00+09:00,2956.439797168205,2992.059553760593,2892.324235301907,2942.19189453125,48300,0.0,0.0
2006-10-06 00:00:00+09:00,2942.191994919974,2949.3159464815235,2920.820140235325,2927.944091796875,33100,0.0,0.0
2006-10-09 00:00:00+09:00,2927.944091796875,2927.944091796875,2927.944091796875,2927.944091796875,0,0.0,0.0
2006-10-10 00:00:00+09:00,2913.6961605053593,2984.9356754321407,2906.572209012681,2949.31591796875,53700,0.0,0.0
2006-10-11 00:00:00+09:00,2977.811811583719,2977.811811583719,2878.076487750772,2885.200439453125,32200,0.0,0.0
2006-10-12 00:00:00+09:00,2813.960839607865,2949.31591796875,2742.721324681084,2949.31591796875,21600,0.0,0.0
2006-10-13 00:00:00+09:00,2870.952648628049,2920.8203125,2856.7047446646343,2920.8203125,36400,0.0,0.0
2006-10-16 00:00:00+09:00,2920.8201548015104,2977.811767578125,2892.3243484132026,2977.811767578125,26100,0.0,0.0
2006-10-17 00:00:00+09:00,2977.8115504988705,2977.8115504988705,2942.1917951101277,2956.439697265625,8400,0.0,0.0
2006-10-18 00:00:00+09:00,2920.8199418768822,2956.439697265625,2913.695990799134,2956.439697265625,8500,0.0,0.0
2006-10-19 00:00:00+09:00,2920.8200965525184,2935.0679994625307,2885.2003392774877,2899.4482421875,18100,0.0,0.0
2006-10-20 00:00:00+09:00,2878.0764308660277,2942.191994919974,2878.0764308660277,2927.944091796875,8700,0.0,0.0
2006-10-23 00:00:00+09:00,2899.4482855506767,2942.191994919974,2899.4482855506767,2927.944091796875,9400,0.0,0.0
2006-10-24 00:00:00+09:00,2913.695831607087,2913.695831607087,2821.08447265625,2821.08447265625,35900,0.0,0.0
2006-10-25 00:00:00+09:00,2821.0845252403847,2835.332426883013,2771.2168694911857,2778.3408203125,37000,0.0,0.0
2006-10-26 00:00:00+09:00,2742.721066205929,2813.9605744190703,2742.721066205929,2778.3408203125,17400,0.0,0.0
2006-10-27 00:00:00+09:00,2785.464771133814,2806.8366235977564,2749.8450170272436,2778.3408203125,15100,0.0,0.0
2006-10-30 00:00:00+09:00,2742.721218888048,2756.96912132383,2657.2338042733554,2721.349365234375,32900,0.0,0.0
2006-10-31 00:00:00+09:00,2756.969562771954,2828.209086357793,2721.3498009790346,2813.961181640625,20300,0.0,0.0
2006-11-01 00:00:00+09:00,2821.084353469488,2835.3322542445867,2692.8532464936025,2714.22509765625,38800,0.0,0.0
2006-11-02 00:00:00+09:00,2707.10154679122,2742.721303985841,2657.23388671875,2657.23388671875,27800,0.0,0.0
2006-11-03 00:00:00+09:00,2657.23388671875,2657.23388671875,2657.23388671875,2657.23388671875,0,0.0,0.0
2006-11-06 00:00:00+09:00,2635.862315048906,2721.3497414829244,2550.3748886148874,2685.72998046875,58100,0.0,0.0
2006-11-07 00:00:00+09:00,2692.8532484522407,2692.8532484522407,2642.985595703125,2642.985595703125,31500,0.0,0.0
2006-11-08 00:00:00+09:00,2650.10944763688,2671.4812980210486,2536.126245587982,2585.993896484375,43500,0.0,0.0
2006-11-09 00:00:00+09:00,2564.6225873161766,2593.1183938419117,2543.250732421875,2543.250732421875,32400,0.0,0.0
2006-11-10 00:00:00+09:00,2550.37458380484,2593.1182919133007,2550.37458380484,2557.49853515625,19700,0.0,0.0
2006-11-13 00:00:00+09:00,2536.126220703125,2557.4980708775893,2457.7627700634216,2536.126220703125,29300,0.0,0.0
2006-11-14 00:00:00+09:00,2500.5069946289063,2756.9692504882814,2479.1351399739583,2564.62255859375,68400,0.0,0.0
2006-11-15 00:00:00+09:00,2593.1186018318967,2714.22578928009,2571.7467452233923,2685.72998046875,51000,0.0,0.0
2006-11-16 00:00:00+09:00,2671.482421875,2735.598,2628.738703125,2671.482421875,127500,0.0,0.0
2006-11-17 00:00:00+09:00,2664.3577554912467,2742.721218888048,2593.1182433123363,2721.349365234375,77300,0.0,0.0
2006-11-20 00:00:00+09:00,2728.4730841896753,2728.4730841896753,2507.630615234375,2507.630615234375,32700,0.0,0.0
2006-11-21 00:00:00+09:00,2514.755176586109,2621.614461710165,2514.755176586109,2593.11865234375,37500,0.0,0.0
2006-11-22 00:00:00+09:00,2564.6223958333335,2707.101417824074,2529.0026403356483,2692.853515625,79800,0.0,0.0
2006-11-23 00:00:00+09:00,2692.853515625,2692.853515625,2692.853515625,2692.853515625,0,0.0,0.0
2006-11-24 00:00:00+09:00,2564.622518012735,2707.10154679122,2564.622518012735,2657.23388671875,70600,0.0,0.0
2006-11-27 00:00:00+09:00,2600.24189334674,2664.3574468813176,2593.11794295401,2642.985595703125,41700,0.0,0.0
2006-11-28 00:00:00+09:00,2628.737859143709,2721.3492200349506,2571.7462524414063,2707.101318359375,107800,0.0,0.0
2006-11-29 00:00:00+09:00,2756.969308810764,2885.200439453125,2735.5974537037036,2885.200439453125,114900,0.0,0.0
2006-11-30 00:00:00+09:00,2849.5807756696427,3034.8035260881693,2835.3328717912946,2992.059814453125,182600,0.0,0.0
2006-12-01 00:00:00+09:00,3027.6793555390063,3027.6793555390063,2970.687744140625,2970.687744140625,54600,0.0,0.0
2006-12-04 00:00:00+09:00,2956.4400724085367,2956.4400724085367,2870.952648628049,2920.8203125,23900,0.0,0.0
2006-12-05 00:00:00+09:00,2899.4482855506767,2963.5638496046226,2899.4482855506767,2927.944091796875,20900,0.0,0.0
2006-12-06 00:00:00+09:00,2920.819968806887,2956.4397245240443,2892.3241642331614,2935.06787109375,19000,0.0,0.0
2006-12-07 00:00:00+09:00,2906.572209012681,2956.4398694614283,2899.448257520003,2949.31591796875,19400,0.0,0.0
2006-12-08 00:00:00+09:00,2970.6881843153483,2977.8121367957206,2885.2007545508777,2892.32470703125,26800,0.0,0.0
2006-12-11 00:00:00+09:00,2935.0679156963643,2984.935574458196,2906.5721106896035,2963.563720703125,50300,0.0,0.0
2006-12-12 00:00:00+09:00,2935.068057995664,2984.935719175202,2906.5722516073565,2977.811767578125,31900,0.0,0.0
2006-12-13 00:00:00+09:00,2942.1919384414346,2984.9356469902204,2935.067987016637,2970.687744140625,22300,0.0,0.0
2006-12-14 00:00:00+09:00,2963.563720703125,2984.935574458196,2935.0679156963643,2963.563720703125,11000,0.0,0.0
2006-12-15 00:00:00+09:00,2992.059598415018,2992.059598415018,2942.1919384414346,2970.687744140625,20400,0.0,0.0
2006-12-18 00:00:00+09:00,2949.3161028180803,2999.183766392299,2892.3244873046874,2992.059814453125,29500,0.0,0.0
2006-12-19 00:00:00+09:00,2942.191950917537,2992.0596111025798,2878.0763878224816,2899.4482421875,43200,0.0,0.0
2006-12-20 00:00:00+09:00,2935.068057995664,2977.811767578125,2920.8201548015104,2977.811767578125,16600,0.0,0.0
2006-12-21 00:00:00+09:00,2942.1919384414346,2984.9356469902204,2920.8200841670414,2970.687744140625,17400,0.0,0.0
2006-12-22 00:00:00+09:00,2970.687744140625,2999.183549839816,2956.4398412910296,2970.687744140625,21300,0.0,0.0
2006-12-25 00:00:00+09:00,2970.6876085069443,3091.794777199074,2970.6876085069443,3077.546875,48200,0.0,0.0
2006-12-26 00:00:00+09:00,3070.422863006592,3191.530029296875,3013.431255340576,3191.530029296875,28000,0.0,0.0
2006-12-27 00:00:00+09:00,3184.4064074064554,3255.6459243506715,3098.9189870733962,3248.52197265625,49300,0.0,0.0
2006-12-28 00:00:00+09:00,3255.645823915973,3291.265581289233,3220.0260665427127,3262.769775390625,56800,0.0,0.0
2006-12-29 00:00:00+09:00,3262.770474977969,3319.7620989950515,3262.770474977969,3284.142333984375,36100,0.0,0.0
2007-01-04 00:00:00+09:00,3298.3893050655242,3312.63720703125,3191.5300403225806,3312.63720703125,25500,0.0,0.0
2007-01-05 00:00:00+09:00,3291.26488815929,3291.26488815929,3134.5379887231334,3148.785888671875,31300,0.0,0.0
2007-01-09 00:00:00+09:00,3148.787212579901,3205.778836337003,3098.919541792436,3134.539306640625,55000,0.0,0.0
2007-01-10 00:00:00+09:00,3098.9191786151064,3098.9191786151064,3006.3078008633906,3049.051513671875,45700,0.0,0.0
2007-01-11 00:00:00+09:00,3027.6792359583583,3027.6792359583583,2899.448115376593,2935.06787109375,43800,0.0,0.0
2007-01-12 00:00:00+09:00,2906.5724085365855,2942.1921684451218,2821.0849847560976,2920.8203125,43600,0.0,0.0
2007-01-15 00:00:00+09:00,2935.0682164634145,2963.564024390244,2892.3245045731705,2920.8203125,71600,0.0,0.0
2007-01-16 00:00:00+09:00,2927.9442644817073,2935.0682164634145,2892.3245045731705,2920.8203125,58000,0.0,0.0
2007-01-17 00:00:00+09:00,2892.324809763691,2892.324809763691,2849.5810933632424,2878.076904296875,53400,0.0,0.0
2007-01-18 00:00:00+09:00,2885.1999030743455,2892.3238534523066,2856.7041015625,2856.7041015625,39000,0.0,0.0
2007-01-19 00:00:00+09:00,2856.7044787095188,2970.6876998051603,2842.4565760725636,2942.19189453125,76000,0.0,0.0
2007-01-22 00:00:00+09:00,2977.8116955654227,2984.9356469902204,2942.1919384414346,2970.687744140625,53900,0.0,0.0
2007-01-23 00:00:00+09:00,2977.8113732852844,3091.794583745965,2977.8113732852844,3034.802978515625,96500,0.0,0.0
2007-01-24 00:00:00+09:00,3063.298559739463,3113.166210711966,3056.174609600534,3084.67041015625,76100,0.0,0.0
2007-01-25 00:00:00+09:00,3091.795067543631,3091.795067543631,2984.935791015625,2984.935791015625,42500,0.0,0.0
2007-01-26 00:00:00+09:00,3013.4315688869965,3056.175279083975,2970.687858690018,3006.3076171875,89700,0.0,0.0
2007-01-29 00:00:00+09:00,3098.9192699148207,3155.910888671875,3056.1755558470304,3155.910888671875,104400,0.0,0.0
2007-01-30 00:00:00+09:00,3155.9103370949074,3284.141456886574,3155.9103370949074,3269.8935546875,116300,0.0,0.0
2007-01-31 00:00:00+09:00,3277.0183809822397,3298.3902399886456,3155.9111799459397,3284.142333984375,81400,0.0,0.0
2007-02-01 00:00:00+09:00,3248.5210470448374,3277.016845703125,3198.653399392833,3277.016845703125,59900,0.0,0.0
2007-02-02 00:00:00+09:00,3277.017560878863,3277.017560878863,3205.778048685844,3227.14990234375,38300,0.0,0.0
2007-02-05 00:00:00+09:00,3262.769498622912,3262.769498622912,3049.050972512241,3091.794677734375,60800,0.0,0.0
2007-02-06 00:00:00+09:00,3077.5467759936637,3148.7862846972207,3063.2988742529524,3091.794677734375,51900,0.0,0.0
2007-02-07 00:00:00+09:00,3077.5471640065634,3084.671115775097,2977.8118392470915,2984.935791015625,32000,0.0,0.0
2007-02-08 00:00:00+09:00,2984.935306912821,3006.3071587522923,2906.571850168093,2913.69580078125,70100,0.0,0.0
2007-02-09 00:00:00+09:00,2949.3160035915284,3013.4315688869965,2906.57229339455,3006.3076171875,67100,0.0,0.0
2007-02-13 00:00:00+09:00,2999.183549839816,3056.1751612381972,2963.5637927158273,2970.687744140625,30700,0.0,0.0
2007-02-14 00:00:00+09:00,2963.563720703125,2992.059525709886,2949.3158181997446,2963.563720703125,42700,0.0,0.0
2007-02-15 00:00:00+09:00,3010.14922949686,3067.4854052968,2974.314119621897,2995.815185546875,77600,25.0,0.0
2007-02-16 00:00:00+09:00,2981.480741716867,2995.814783744352,2959.97967867564,2974.313720703125,32000,0.0,0.0
2007-02-19 00:00:00+09:00,2959.97967867564,2974.313720703125,2959.97967867564,2974.313720703125,35800,0.0,0.0
2007-02-20 00:00:00+09:00,2995.8156145706917,2995.8156145706917,2945.646453561135,2952.8134765625,77300,0.0,0.0
2007-02-21 00:00:00+09:00,2945.646240234375,2974.3143301636637,2924.145172787409,2945.646240234375,66000,0.0,0.0
2007-02-22 00:00:00+09:00,3010.148825771837,3010.148825771837,2952.8126576618974,2974.313720703125,47900,0.0,0.0
2007-02-23 00:00:00+09:00,3010.149013601619,3010.149013601619,2967.1468848358813,2988.64794921875,34100,0.0,0.0
2007-02-26 00:00:00+09:00,2967.147002213226,3002.982110935608,2931.3118934908443,2959.97998046875,68800,0.0,0.0
2007-02-27 00:00:00+09:00,2995.8154907226562,2995.8154907226562,2924.145263671875,2981.4814453125,80000,0.0,0.0
2007-02-28 00:00:00+09:00,2909.811279296875,2959.9804392847523,2866.809142164409,2909.811279296875,111400,0.0,0.0
2007-03-01 00:00:00+09:00,2873.9758549904336,2888.3098991549746,2759.303501674107,2809.47265625,79100,0.0,0.0
2007-03-02 00:00:00+09:00,2795.138760770531,2795.138760770531,2716.301513671875,2716.301513671875,70300,0.0,0.0
2007-03-05 00:00:00+09:00,2716.3012547348485,2716.3012547348485,2594.461884469697,2601.62890625,46900,0.0,0.0
2007-03-06 00:00:00+09:00,2565.793739297945,2623.1299122431506,2558.6267176797946,2615.962890625,72500,0.0,0.0
2007-03-07 00:00:00+09:00,2723.4682765151515,2723.4682765151515,2594.461884469697,2601.62890625,78900,0.0,0.0
2007-03-08 00:00:00+09:00,2623.130432799622,2623.130432799622,2558.6272254356973,2608.79638671875,66100,0.0,0.0
2007-03-09 00:00:00+09:00,2594.462340637878,2615.963409759186,2594.462340637878,2608.79638671875,75000,0.0,0.0
2007-03-12 00:00:00+09:00,2615.9634719764326,2623.130495187327,2572.961332711067,2594.46240234375,44600,0.0,0.0
2007-03-13 00:00:00+09:00,2594.4623120732667,2594.4623120732667,2558.627197265625,2558.627197265625,36200,0.0,0.0
2007-03-14 00:00:00+09:00,2558.626858104359,2565.7938801158557,2515.6247260353784,2522.791748046875,36800,0.0,0.0
2007-03-15 00:00:00+09:00,2529.958643419989,2537.125665072737,2486.9565135035023,2494.12353515625,90500,0.0,0.0
2007-03-16 00:00:00+09:00,2501.2910177728645,2501.2910177728645,2436.7878110108136,2443.954833984375,67500,0.0,0.0
2007-03-19 00:00:00+09:00,2436.7874127450073,2451.1214563493895,2393.78528193186,2422.453369140625,52300,0.0,0.0
2007-03-20 00:00:00+09:00,2422.4536437082716,2436.7876889373147,2379.451508021142,2415.28662109375,64800,0.0,0.0
2007-03-22 00:00:00+09:00,2458.288697344425,2486.956787109375,2422.4535851382384,2486.956787109375,73500,0.0,0.0
2007-03-23 00:00:00+09:00,2529.958983667346,2537.1260062839674,2458.2887575011323,2472.622802734375,42200,0.0,0.0
2007-03-26 00:00:00+09:00,2544.2931820301524,2551.460205078125,2494.1240206943467,2551.460205078125,41400,0.0,0.0
2007-03-27 00:00:00+09:00,2558.626888438168,2558.626888438168,2508.45773376291,2515.624755859375,48100,0.0,0.0
2007-03-28 00:00:00+09:00,2501.2908932008604,2508.457915817482,2451.1217348845107,2472.622802734375,68800,0.0,0.0
2007-03-29 00:00:00+09:00,2436.78759765625,2465.4556870404413,2279.1131060431985,2436.78759765625,126700,0.0,0.0
2007-03-30 00:00:00+09:00,2422.4531945516896,2465.455322265625,2343.615960409475,2465.455322265625,137700,0.0,0.0
2007-04-02 00:00:00+09:00,2436.7880709134615,2443.9550946514423,2307.7816436298076,2329.28271484375,158500,0.0,0.0
2007-04-03 00:00:00+09:00,2329.2821920142983,2343.616236272848,2271.9460149801002,2279.113037109375,108200,0.0,0.0
2007-04-04 00:00:00+09:00,2271.9460149801002,2286.2800592386498,2250.444948592276,2279.113037109375,78300,0.0,0.0
2007-04-05 00:00:00+09:00,2250.444948592276,2329.2821920142983,2250.444948592276,2279.113037109375,73700,0.0,0.0
2007-04-06 00:00:00+09:00,2264.7781580720844,2264.7781580720844,2243.277099609375,2243.277099609375,38700,0.0,0.0
2007-04-09 00:00:00+09:00,2264.7791748046875,2271.9461975097656,2228.944061279297,2236.111083984375,49900,0.0,0.0
2007-04-10 00:00:00+09:00,2243.2780458486764,2264.7791133807723,2236.1110233379777,2250.445068359375,61200,0.0,0.0
2007-04-11 00:00:00+09:00,2236.111176425971,2243.2781994273364,2207.44308442051,2214.610107421875,73500,0.0,0.0
2007-04-12 00:00:00+09:00,2243.2780133474143,2243.2780133474143,2200.27587890625,2200.27587890625,59200,0.0,0.0
2007-04-13 00:00:00+09:00,2214.609984951332,2236.1110527663936,2185.94189453125,2185.94189453125,50100,0.0,0.0
2007-04-16 00:00:00+09:00,2200.2757843219683,2228.9438727170427,2146.5231185812036,2164.440673828125,65600,0.0,0.0
2007-04-17 00:00:00+09:00,2171.6070166015625,2200.2750960286457,2150.10595703125,2150.10595703125,67100,0.0,0.0
2007-04-18 00:00:00+09:00,2178.7746935289388,2264.7789577471863,2164.4406494925643,2228.94384765625,107100,0.0,0.0
2007-04-19 00:00:00+09:00,2236.1111454133065,2243.278168315272,2207.4430538054435,2221.777099609375,56600,0.0,0.0
2007-04-20 00:00:00+09:00,2228.943751116983,2250.444816240298,2185.9416208703533,2193.108642578125,44100,0.0,0.0
2007-04-23 00:00:00+09:00,2214.60970770144,2243.2777945325265,2178.7745991625816,2193.108642578125,66900,0.0,0.0
2007-04-24 00:00:00+09:00,2200.2755862455638,2271.94580078125,2185.9415433384265,2271.94580078125,80200,0.0,0.0
2007-04-25 00:00:00+09:00,2279.112851686116,2279.112851686116,2207.442636224288,2264.77880859375,67400,0.0,0.0
2007-04-26 00:00:00+09:00,2271.9458970727387,2314.9480276167023,2250.444831800757,2307.781005859375,133100,0.0,0.0
2007-04-27 00:00:00+09:00,2336.44921875,2365.1173073236196,2322.11517446319,2336.44921875,120900,0.0,0.0
2007-05-01 00:00:00+09:00,2336.4494346895626,2336.4494346895626,2171.60791015625,2171.60791015625,140600,0.0,0.0
2007-05-02 00:00:00+09:00,2178.7748711069025,2185.9418937092278,2092.7705998789984,2128.605712890625,101200,0.0,0.0
2007-05-07 00:00:00+09:00,2150.10595703125,2157.272976888021,2132.188407389323,2150.10595703125,141800,0.0,0.0
2007-05-08 00:00:00+09:00,2099.9372413024385,2103.520751953125,2092.770220001065,2103.520751953125,96700,0.0,0.0
2007-05-09 00:00:00+09:00,2035.4342664171766,2053.3518215792997,2035.4342664171766,2049.768310546875,133300,0.0,0.0
2007-05-10 00:00:00+09:00,2024.6843582614065,2039.0184068154695,2017.517333984375,2017.517333984375,146100,0.0,0.0
2007-05-11 00:00:00+09:00,1960.180494245128,1963.7640052035288,1938.6794284947246,1942.262939453125,205300,0.0,0.0
2007-05-14 00:00:00+09:00,1942.2630448671143,1949.430067172897,1910.011444491092,1917.178466796875,148000,0.0,0.0
2007-05-15 00:00:00+09:00,1895.67724609375,1906.427778680293,1895.67724609375,1895.67724609375,148000,0.0,0.0
2007-05-16 00:00:00+09:00,1849.091615647536,1877.7597027118388,1849.091615647536,1863.4256591796875,97600,0.0,0.0
2007-05-17 00:00:00+09:00,1859.8425918727246,1884.9271740367112,1831.1744979710256,1845.508544921875,110200,0.0,0.0
2007-05-18 00:00:00+09:00,1806.0892765250749,1813.2562974636664,1781.0047032400046,1795.3387451171875,91100,0.0,0.0
2007-05-21 00:00:00+09:00,1791.755555168031,1827.5906662713915,1781.0050218370227,1806.089599609375,97100,0.0,0.0
2007-05-22 00:00:00+09:00,1791.7553663714941,1852.675048828125,1788.1718556387511,1852.675048828125,102900,0.0,0.0
2007-05-23 00:00:00+09:00,1856.2588053385418,1892.0939174107143,1852.6752941313246,1881.3433837890625,111600,0.0,0.0
2007-05-24 00:00:00+09:00,1838.3412331835184,1877.759856117278,1838.3412331835184,1856.2587890625,70000,0.0,0.0
2007-05-25 00:00:00+09:00,1813.2568803701383,1899.2611592809749,1809.6733687488534,1831.1744384765625,75600,0.0,0.0
2007-05-28 00:00:00+09:00,1870.5928501674107,1895.6774286179316,1863.4258277529761,1881.3433837890625,103700,0.0,0.0
2007-05-29 00:00:00+09:00,1917.1783948466727,1974.5145711411526,1910.0113728098627,1963.7640380859375,112200,0.0,0.0
2007-05-30 00:00:00+09:00,2010.3502619982607,2039.0183584260433,1978.0986535170052,2028.267822265625,177700,0.0,0.0
2007-05-31 00:00:00+09:00,2049.768523238877,2114.271728515625,2049.768523238877,2114.271728515625,141000,0.0,0.0
2007-06-01 00:00:00+09:00,2103.520976033244,2110.6879980980934,2028.2672443523275,2049.768310546875,130900,0.0,0.0
2007-06-04 00:00:00+09:00,1942.263010211732,1945.8465213006837,1849.0917218989923,1867.00927734375,358200,0.0,0.0
2007-06-05 00:00:00+09:00,1852.6756637363396,1856.2591756584602,1806.090008748772,1824.007568359375,208800,0.0,0.0
2007-06-06 00:00:00+09:00,1834.75732421875,1852.6748762130737,1834.75732421875,1834.75732421875,131500,0.0,0.0
2007-06-07 00:00:00+09:00,1820.423903612708,1834.7579500978475,1820.423903612708,1831.1744384765625,114500,0.0,0.0
2007-06-08 00:00:00+09:00,1798.922984904531,1831.1745922036162,1798.922984904531,1824.007568359375,125700,0.0,0.0
2007-06-11 00:00:00+09:00,1863.4256591796875,1863.4256591796875,1856.2586374136117,1863.4256591796875,76300,0.0,0.0
2007-06-12 00:00:00+09:00,1852.6752778867037,1874.1763449414818,1849.0917667109075,1856.2587890625,88000,0.0,0.0
2007-06-13 00:00:00+09:00,1856.2586374136117,1863.4256591796875,1852.6751265305738,1863.4256591796875,35100,0.0,0.0
2007-06-14 00:00:00+09:00,1852.6751265305738,1863.4256591796875,1841.9245938814602,1863.4256591796875,60300,0.0,0.0
2007-06-15 00:00:00+09:00,1899.261137549557,1920.76220703125,1877.7600680678638,1920.76220703125,96100,0.0,0.0
2007-06-18 00:00:00+09:00,1949.4299940123176,1967.3475491043425,1945.8464829939126,1963.7640380859375,70300,0.0,0.0
2007-06-19 00:00:00+09:00,1935.09619140625,1949.4302372685186,1931.5126799406828,1935.09619140625,80200,0.0,0.0
2007-06-20 00:00:00+09:00,1899.2614424856088,1913.5954911081415,1888.510906018709,1906.428466796875,90600,0.0,0.0
2007-06-21 00:00:00+09:00,1899.2611393784032,1917.1786972970674,1884.9270930434718,1892.0941162109375,86600,0.0,0.0
2007-06-22 00:00:00+09:00,1884.9268949962798,1892.0939174107143,1881.3433837890625,1881.3433837890625,26300,0.0,0.0
2007-06-25 00:00:00+09:00,1673.5000632761878,1677.083575188985,1648.415479886609,1659.166015625,405500,0.0,0.0
2007-06-26 00:00:00+09:00,1494.324234008789,1501.4912567138672,1469.2396545410156,1490.74072265625,677800,0.0,0.0
2007-06-27 00:00:00+09:00,1444.1549693114634,1458.489013671875,1428.387520515011,1458.489013671875,773500,0.0,0.0
2007-06-28 00:00:00+09:00,1462.0724358731838,1487.1570119788512,1419.0703054063256,1479.989990234375,512100,0.0,0.0
2007-06-29 00:00:00+09:00,1451.3220977783203,1451.3220977783203,1431.2544342041017,1433.404541015625,345500,0.0,0.0
2007-07-02 00:00:00+09:00,1433.404868044254,1444.1554045545859,1427.6712485720768,1431.2547607421875,346700,0.0,0.0
2007-07-03 00:00:00+09:00,1429.8208930189176,1444.1549370592074,1399.0026983322941,1436.9879150390625,576700,0.0,0.0
2007-07-04 00:00:00+09:00,1419.0703722895407,1422.6538833306759,1403.302923708546,1404.736328125,300600,0.0,0.0
2007-07-05 00:00:00+09:00,1403.3030241270747,1419.787176095881,1388.9689789368083,1392.552490234375,392300,0.0,0.0
2007-07-06 00:00:00+09:00,1391.8359279813455,1393.26933264456,1358.1509183958033,1360.301025390625,473500,0.0,0.0
2007-07-09 00:00:00+09:00,1361.017424749559,1361.017424749559,1329.4825291787424,1333.0660400390625,282600,0.0,0.0
2007-07-10 00:00:00+09:00,1333.0660482116764,1354.567113505413,1323.032217741266,1348.83349609375,236500,0.0,0.0
2007-07-11 00:00:00+09:00,1345.2499769641506,1361.017424749559,1333.0660400390625,1333.0660400390625,305900,0.0,0.0
2007-07-12 00:00:00+09:00,1334.4997166712546,1342.3834421725348,1279.3136381622928,1281.4637451171875,355000,0.0,0.0
2007-07-13 00:00:00+09:00,1282.8970362908592,1282.8970362908592,1244.9118167805711,1262.1126708984375,358400,0.0,0.0
2007-07-17 00:00:00+09:00,1221.9773804359866,1227.7109986433109,1208.3600371935913,1213.376953125,405600,0.0,0.0
2007-07-18 00:00:00+09:00,1146.7238217852685,1160.3411671689685,1141.7069050649577,1148.1572265625,584700,0.0,0.0
2007-07-19 00:00:00+09:00,1164.6412105249508,1198.3262178447494,1158.1908899743512,1187.57568359375,500000,0.0,0.0
2007-07-20 00:00:00+09:00,1153.1739256440067,1160.3409481775307,1146.723605363835,1147.4403076171875,390600,0.0,0.0
2007-07-23 00:00:00+09:00,1101.5714020816672,1105.1549134742556,1087.2373565113137,1092.2542724609375,421800,0.0,0.0
2007-07-24 00:00:00+09:00,1056.4192233704334,1098.704660398151,1056.4192233704334,1093.687744140625,535800,0.0,0.0
2007-07-25 00:00:00+09:00,1075.7701742445436,1091.5376251661824,1075.0534719299235,1090.8209228515625,254000,0.0,0.0
2007-07-26 00:00:00+09:00,1076.4868414846408,1092.9709941838064,1046.3853452513818,1053.5523681640625,424500,0.0,0.0
2007-07-27 00:00:00+09:00,1040.6517206007436,1077.9202395203295,1040.6517206007436,1066.4530029296875,298700,0.0,0.0
2007-07-30 00:00:00+09:00,1038.501499720982,1088.670654296875,1029.9010732222575,1088.670654296875,294100,0.0,0.0
2007-07-31 00:00:00+09:00,1075.7701407301975,1107.3050415910427,1075.0534384379055,1104.438232421875,285100,0.0,0.0
2007-08-01 00:00:00+09:00,1102.2878837923956,1102.2878837923956,1046.3851172541597,1049.9686279296875,235200,0.0,0.0
2007-08-02 00:00:00+09:00,1049.968807844873,1062.8694484873356,1012.7002904333144,1042.0850830078125,373000,0.0,0.0
2007-08-03 00:00:00+09:00,1027.7509678807753,1033.4845855537503,981.882026496975,997.6494750976562,427500,0.0,0.0
2007-08-06 00:00:00+09:00,974.7149693080357,1014.133589390346,974.7149693080357,1003.383056640625,306800,0.0,0.0
2007-08-07 00:00:00+09:00,966.8313381893857,970.4148494502804,951.7805908936281,954.6473999023438,449300,0.0,0.0
2007-08-08 00:00:00+09:00,949.6306711675213,974.7152549342105,911.6454443208205,925.9794921875,561900,0.0,0.0
2007-08-09 00:00:00+09:00,900.1779408347569,913.0785801142358,888.7107059196644,891.5775146484375,816400,0.0,0.0
2007-08-10 00:00:00+09:00,903.0447340745193,1024.8841029575894,881.543668977507,978.2984619140625,964400,0.0,0.0
2007-08-13 00:00:00+09:00,973.9984106040862,975.43181518187,948.197128203978,951.7806396484375,487900,0.0,0.0
2007-08-14 00:00:00+09:00,951.7806671533533,956.7975833205774,920.2457655308025,951.06396484375,452800,0.0,0.0
2007-08-15 00:00:00+09:00,954.7162111794075,962.7513131862733,942.2983262597061,958.3685302734375,742600,25.0,0.0
2007-08-16 00:00:00+09:00,943.7593730278843,993.4309189767204,923.3063835195401,976.6302490234375,294100,0.0,0.0
2007-08-17 00:00:00+09:00,976.6302164389317,985.3957830786229,913.8103221878112,916.732177734375,354000,0.0,0.0
2007-08-20 00:00:00+09:00,928.4193484552193,937.1849127207288,887.5133818828414,889.7047729492188,303300,0.0,0.0
2007-08-21 00:00:00+09:00,876.556654939434,920.3844876864057,848.0685636539024,897.0096435546875,365700,0.0,0.0
2007-08-22 00:00:00+09:00,878.0174372192176,897.7399586875362,865.5995533317579,866.3300170898438,221300,0.0,0.0
2007-08-23 00:00:00+09:00,910.8884447932903,932.0718969977854,902.8533422329646,922.5758666992188,324500,0.0,0.0
2007-08-24 00:00:00+09:00,926.9585534237367,926.9585534237367,882.4002620456059,890.4353637695312,175400,0.0,0.0
2007-08-27 00:00:00+09:00,927.6891064606432,930.6109619140625,916.7321485103206,930.6109619140625,175100,0.0,0.0
2007-08-28 00:00:00+09:00,916.7320587381322,924.0366966563643,897.0095363589054,899.200927734375,140500,0.0,0.0
2007-08-29 00:00:00+09:00,891.8962879086015,891.8962879086015,877.2870121033828,880.9393310546875,168200,0.0,0.0
2007-08-30 00:00:00+09:00,894.8182122777196,894.8182122777196,869.9824414879706,872.904296875,130700,0.0,0.0
2007-08-31 00:00:00+09:00,876.5564318817316,881.669677734375,867.7908675629143,881.669677734375,159000,0.0,0.0
2007-09-03 00:00:00+09:00,910.8881636501393,948.8722731207145,892.6265725585166,925.4974365234375,267900,0.0,0.0
2007-09-04 00:00:00+09:00,926.2281487266191,934.2632509632065,902.8533058565467,907.966552734375,219200,0.0,0.0
2007-09-05 00:00:00+09:00,908.6969478283899,912.3492667505296,860.4863380561441,861.947265625,338200,0.0,0.0
2007-09-06 00:00:00+09:00,850.9901026948969,867.7907656665559,838.5722213680186,858.2947387695312,245900,0.0,0.0
2007-09-07 00:00:00+09:00,861.2166696243927,883.8610434652377,840.7636868004038,869.2517700195312,233500,0.0,0.0
2007-09-10 00:00:00+09:00,854.6426201342347,895.5485916962151,848.0684461332021,878.7479248046875,220400,0.0,0.0
2007-09-11 00:00:00+09:00,883.8610383506134,884.5915020186717,848.0683186157538,859.7557373046875,225300,0.0,0.0
2007-09-12 00:00:00+09:00,862.6776937572981,862.6776937572981,818.8498685029053,821.041259765625,209800,0.0,0.0
2007-09-13 00:00:00+09:00,823.9631006431752,826.884955609995,807.8928983256665,810.0842895507812,91300,0.0,0.0
2007-09-14 00:00:00+09:00,810.8148176483295,820.3108470442108,789.6313674575173,792.55322265625,160200,0.0,0.0
2007-09-18 00:00:00+09:00,794.0141798486194,817.3890223096644,785.9790777526352,796.93603515625,206400,0.0,0.0
2007-09-19 00:00:00+09:00,802.7797536168164,813.7367111275099,799.1274344465852,807.1625366210938,91200,0.0,0.0
2007-09-20 00:00:00+09:00,815.1975205819817,815.1975205819817,797.6663911071005,807.8928833007812,229100,0.0,0.0
2007-09-21 00:00:00+09:00,793.2837149958225,807.8929915150826,770.6393363909694,778.6744384765625,129200,0.0,0.0
2007-09-25 00:00:00+09:00,792.553049486737,798.3967586073765,755.2994038426599,785.2484130859375,98100,0.0,0.0
2007-09-26 00:00:00+09:00,770.6394414340749,801.3189263063318,764.0652661043055,794.7447509765625,271600,0.0,0.0
2007-09-27 00:00:00+09:00,803.5103022944819,814.467260962134,787.4400962485923,810.81494140625,230100,0.0,0.0
2007-09-28 00:00:00+09:00,821.7718350056505,910.1579612595915,821.7718350056505,901.3923950195312,527000,0.0,0.0
2007-10-01 00:00:00+09:00,921.1148924770125,986.1261735479516,921.1148924770125,970.0559692382812,741900,0.0,0.0
2007-10-02 00:00:00+09:00,997.083112670154,1033.6063036104526,935.7241518904523,958.3685302734375,937800,0.0,0.0
2007-10-03 00:00:00+09:00,949.6028030534645,964.2120769465947,938.6458476336169,961.2902221679688,354000,0.0,0.0
2007-10-04 00:00:00+09:00,961.2904340636055,967.134144908977,916.0016750119768,929.1500244140625,433300,0.0,0.0
2007-10-05 00:00:00+09:00,948.8724549500208,971.5168322429004,948.1419911663795,960.5598754882812,273200,0.0,0.0
2007-10-09 00:00:00+09:00,989.7784281017283,1015.3446605619206,978.8214713330746,1014.6141967773438,422500,0.0,0.0
2007-10-10 00:00:00+09:00,1037.2587011239707,1048.9461231084663,1016.8057126511038,1042.3719482421875,817100,0.0,0.0
2007-10-11 00:00:00+09:00,1043.8325548901437,1048.945800435442,1016.8053998649965,1031.4146728515625,236500,0.0,0.0
2007-10-12 00:00:00+09:00,1018.9968476764897,1018.9968476764897,986.8564453125,986.8564453125,236500,0.0,0.0
2007-10-15 00:00:00+09:00,989.7784555254192,1005.8486592313669,986.1261365013402,1000.7354125976562,163900,0.0,0.0
2007-10-16 00:00:00+09:00,985.395687811389,985.395687811389,975.8996582031251,975.899658203125,163900,0.0,0.0
2007-10-17 00:00:00+09:00,975.8997167009164,1004.3878072333534,962.020903364601,966.4036865234375,269200,0.0,0.0
2007-10-18 00:00:00+09:00,969.3256495704707,996.3528153836639,969.3256495704707,991.9700317382812,205900,0.0,0.0
2007-10-19 00:00:00+09:00,988.3173919301521,1007.3094482421875,988.3173919301521,1007.3094482421875,205900,0.0,0.0
2007-10-22 00:00:00+09:00,986.1260337017952,1036.528030979887,970.7862953997673,1029.953857421875,387700,0.0,0.0
2007-10-23 00:00:00+09:00,997.8133961028823,997.8133961028823,968.5948486328125,968.5948486328125,387700,0.0,0.0
2007-10-24 00:00:00+09:00,969.3255290316123,971.5169205817969,924.0367703277992,937.1851196289062,777900,0.0,0.0
2007-10-25 00:00:00+09:00,943.7590080184877,948.8722534179688,943.7590080184877,948.8722534179688,777900,0.0,0.0
2007-10-26 00:00:00+09:00,956.1768897029415,956.1768897029415,948.8722534179688,948.8722534179688,777900,0.0,0.0
2007-10-29 00:00:00+09:00,970.0558744449485,978.0909758145979,949.6028891403863,956.1770629882812,163600,0.0,0.0
2007-10-30 00:00:00+09:00,956.9075011098912,1005.8485717773436,956.9075011098912,1005.8485717773438,163600,0.0,0.0
2007-10-31 00:00:00+09:00,1005.8485717773436,1021.1883103447542,991.9697606925438,1005.8485717773438,260100,0.0,0.0
2007-11-01 00:00:00+09:00,978.0912618850276,980.2826538085939,978.0912618850276,980.2826538085938,260100,0.0,0.0
2007-11-02 00:00:00+09:00,975.1690218135783,975.1690218135783,968.5948486328125,968.5948486328125,260100,0.0,0.0
2007-11-05 00:00:00+09:00,969.3253029371878,977.3604034136829,929.149800554712,932.0716552734375,234100,0.0,0.0
2007-11-06 00:00:00+09:00,922.5757358816742,922.5757358816742,912.3492431640625,912.3492431640625,234100,0.0,0.0
2007-11-07 00:00:00+09:00,929.1499135641591,929.1499135641591,921.8452758789062,921.8452758789062,234100,0.0,0.0
2007-11-08 00:00:00+09:00,886.0525362881748,886.0525362881748,883.8611450195312,883.8611450195312,234100,0.0,0.0
2007-11-09 00:00:00+09:00,873.6346734121516,878.0174560546875,873.6346734121516,878.0174560546875,234100,0.0,0.0
2007-11-12 00:00:00+09:00,848.0684913117005,849.5294189453125,848.0684913117005,849.5294189453125,234100,0.0,0.0
2007-11-13 00:00:00+09:00,858.2950315804318,858.2950315804318,847.3380737304688,847.3380737304688,234100,0.0,0.0
2007-11-14 00:00:00+09:00,856.8340922463389,872.9042968749999,856.8340922463389,872.904296875,234100,0.0,0.0
2007-11-15 00:00:00+09:00,854.6426557200823,861.2168299948522,841.4943071705426,848.0684814453125,248000,0.0,0.0
2007-11-16 00:00:00+09:00,816.6586010610457,816.6586010610457,812.2758178710938,812.2758178710938,248000,0.0,0.0
2007-11-19 00:00:00+09:00,825.4241600953779,825.4241600953779,820.3109130859375,820.3109130859375,248000,0.0,0.0
2007-11-20 00:00:00+09:00,794.7446220290493,829.806884765625,794.7446220290493,829.806884765625,248000,0.0,0.0
2007-11-21 00:00:00+09:00,830.5372529742754,830.5372529742754,815.927978515625,815.927978515625,248000,0.0,0.0
2007-11-22 00:00:00+09:00,817.3890052934127,817.3890052934127,803.5101928710938,803.5101928710938,248000,0.0,0.0
2007-11-26 00:00:00+09:00,803.5098995297773,818.1191704303186,800.588045349669,813.7363891601562,192500,0.0,0.0
2007-11-27 00:00:00+09:00,813.0061533644393,864.8690795898438,813.0061533644393,864.8690795898438,248000,0.0,0.0
2007-11-28 00:00:00+09:00,861.9473204515723,933.5327758789062,861.9473204515723,933.5327758789062,248000,0.0,0.0
2007-11-29 00:00:00+09:00,920.38447265625,920.38447265625,913.079833984375,913.079833984375,248000,0.0,0.0
2007-11-30 00:00:00+09:00,956.1771924861524,966.4036865234375,956.1771924861524,966.4036865234375,248000,0.0,0.0
2007-12-03 00:00:00+09:00,966.4036647415447,972.2473754882811,966.4036647415447,972.2473754882812,248000,0.0,0.0
2007-12-04 00:00:00+09:00,972.2474927400287,972.2474927400287,943.7593994140625,943.7593994140625,248000,0.0,0.0
2007-12-05 00:00:00+09:00,936.4545573542669,963.4817169658954,936.4545573542669,949.6029052734375,228100,0.0,0.0
2007-12-06 00:00:00+09:00,954.7162093424726,967.1340942382812,954.7162093424726,967.1340942382812,228100,0.0,0.0
2007-12-07 00:00:00+09:00,969.325487555527,972.9778066495569,956.9076026358255,958.3685302734375,215800,0.0,0.0
2007-12-10 00:00:00+09:00,986.1261596679688,986.1261596679688,986.1261596679688,986.1261596679688,215800,0.0,0.0
2007-12-11 00:00:00+09:00,1005.1182329136691,1017.5361180586781,1002.926841417491,1015.3447265625,239200,0.0,0.0
2007-12-12 00:00:00+09:00,975.899625386586,990.5089012157265,974.438697803672,989.0479736328125,174700,0.0,0.0
2007-12-13 00:00:00+09:00,964.2123413085938,964.2123413085938,964.2123413085938,964.2123413085938,174700,0.0,0.0
2007-12-14 00:00:00+09:00,965.673331693519,973.7084350585938,965.673331693519,973.7084350585938,174700,0.0,0.0
2007-12-17 00:00:00+09:00,975.8996749938241,975.8996749938241,924.0367431640625,924.0367431640625,174700,0.0,0.0
2007-12-18 00:00:00+09:00,909.4274134085587,950.333385417297,909.4274134085587,943.0287475585938,186500,0.0,0.0
2007-12-19 00:00:00+09:00,946.6811447262578,946.6811447262578,936.4546508789062,936.4546508789062,174700,0.0,0.0
2007-12-20 00:00:00+09:00,936.4544682540293,936.4544682540293,927.6889038085938,927.6889038085938,174700,0.0,0.0
2007-12-21 00:00:00+09:00,927.6889038085938,927.6889038085938,927.6889038085938,927.6889038085938,174700,0.0,0.0
2007-12-25 00:00:00+09:00,918.9236450195312,918.9236450195312,918.9236450195312,918.9236450195312,174700,0.0,0.0
2007-12-26 00:00:00+09:00,902.1228283064167,924.0367431640625,902.1228283064167,924.0367431640625,174700,0.0,0.0
2007-12-27 00:00:00+09:00,910.8884080931341,910.8884080931341,907.966552734375,907.966552734375,174700,0.0,0.0
2007-12-28 00:00:00+09:00,889.7048573485916,905.0445962683949,863.4081620575002,866.3300170898438,120900,0.0,0.0
2008-01-04 00:00:00+09:00,880.93910379161,880.93910379161,829.8066516644022,840.0331420898438,114300,0.0,0.0
2008-01-07 00:00:00+09:00,815.1975298200334,825.4240221296037,815.1975298200334,818.119384765625,174700,0.0,0.0
2008-01-08 00:00:00+09:00,820.0827967980408,820.0827967980408,799.8577270507812,799.8577270507812,174700,0.0,0.0
2008-01-09 00:00:00+09:00,796.6584121694005,796.6584121694005,781.5962524414062,781.5962524414062,174700,0.0,0.0
2008-01-10 00:00:00+09:00,787.4398193359375,787.4398193359375,787.4398193359375,787.4398193359375,174700,0.0,0.0
2008-01-11 00:00:00+09:00,747.9949488802337,750.1863403320312,747.9949488802337,750.1863403320312,174700,0.0,0.0
2008-01-15 00:00:00+09:00,750.9168804415423,750.9168804415423,734.1162109375,734.1162109375,174700,0.0,0.0
2008-01-16 00:00:00+09:00,717.3156421215504,718.0461061155642,672.0268744926948,674.94873046875,252100,0.0,0.0
2008-01-17 00:00:00+09:00,650.112846620075,658.8784130913568,637.6949607857589,658.14794921875,214600,0.0,0.0
2008-01-18 00:00:00+09:00,656.686890856425,707.8193517684936,656.686890856425,701.2451782226562,142000,0.0,0.0
2008-01-21 00:00:00+09:00,678.600869615343,681.5227248128256,653.7651004367405,657.4174194335938,123500,0.0,0.0
2008-01-22 00:00:00+09:00,644.9996121518882,656.6870343426359,618.7029122227059,632.5817260742188,163900,0.0,0.0
2008-01-23 00:00:00+09:00,642.8081763304281,650.8432785345584,634.0426102895585,644.2691040039062,280400,0.0,0.0
2008-01-24 00:00:00+09:00,657.417381130584,682.2531488621838,655.9564536169605,678.600830078125,96600,0.0,0.0
2008-01-25 00:00:00+09:00,693.9405743264812,715.1240234375,686.6359367019919,715.1240234375,96600,0.0,0.0
2008-01-28 00:00:00+09:00,707.8193843379901,707.8193843379901,688.0968627929688,688.0968627929688,96600,0.0,0.0
2008-01-29 00:00:00+09:00,669.1047904082634,685.9054565429688,669.1047904082634,685.9054565429688,96600,0.0,0.0
2008-01-30 00:00:00+09:00,680.0617485671747,682.2531398085297,657.4173724065062,668.3743286132812,138100,0.0,0.0
2008-01-31 00:00:00+09:00,661.0697337093516,693.9406044462806,661.0697337093516,683.714111328125,100700,0.0,0.0
2008-02-01 00:00:00+09:00,668.3744311201847,671.2962865567756,664.722111824446,665.4525756835938,87400,0.0,0.0
2008-02-04 00:00:00+09:00,677.8703513093952,679.3312787906655,672.0266413843143,676.409423828125,48600,0.0,0.0
2008-02-05 00:00:00+09:00,671.2962646484375,671.2962646484375,671.2962646484375,671.2962646484375,48600,0.0,0.0
2008-02-06 00:00:00+09:00,657.4175221579414,664.7221612930298,654.4956665039062,654.4956665039062,113400,0.0,0.0
2008-02-07 00:00:00+09:00,657.4174342361399,662.5306809468655,657.4174342361399,659.6088256835938,103500,0.0,0.0
2008-02-08 00:00:00+09:00,658.8784130913568,658.8784130913568,658.14794921875,658.14794921875,103500,0.0,0.0
2008-02-12 00:00:00+09:00,658.8783158392832,661.8001708984375,658.8783158392832,661.8001708984375,103500,0.0,0.0
2008-02-13 00:00:00+09:00,659.6087796040717,662.530634663226,657.4173883097061,661.8001708984375,71800,0.0,0.0
2008-02-14 00:00:00+09:00,666.9136405870753,677.14013671875,665.4527125682646,677.14013671875,68700,0.0,0.0
2008-02-15 00:00:00+09:00,683.8962280799036,704.165380833095,683.1455187186743,697.4089965820312,112900,25.0,0.0
2008-02-18 00:00:00+09:00,701.1627194695724,713.174072265625,701.1627194695724,713.174072265625,112900,0.0,0.0
2008-02-19 00:00:00+09:00,704.9161614526677,711.6725463867188,704.9161614526677,711.6725463867188,112900,0.0,0.0
2008-02-20 00:00:00+09:00,707.1683410307321,707.1683410307321,679.39208984375,679.39208984375,112900,0.0,0.0
2008-02-21 00:00:00+09:00,695.1569755318574,704.9161987304688,695.1569755318574,704.9161987304688,112900,0.0,0.0
2008-02-22 00:00:00+09:00,694.4063716123852,704.1655962945052,694.4063716123852,700.4120483398438,21100,0.0,0.0
2008-02-25 00:00:00+09:00,710.9218455325574,721.431777779079,710.1711360863774,719.9303588867188,55200,0.0,0.0
2008-02-26 00:00:00+09:00,707.1684346582344,712.4234017947607,698.9106291579791,700.4120483398438,54000,0.0,0.0
2008-02-27 00:00:00+09:00,715.4261087494219,715.4261087494219,706.4175953129129,710.171142578125,30600,0.0,0.0
2008-02-28 00:00:00+09:00,700.4119040631233,709.4204172986618,700.4119040631233,705.6668701171875,18700,0.0,0.0
2008-02-29 00:00:00+09:00,693.6554945659534,698.1597510241739,683.1455628301056,692.90478515625,52400,0.0,0.0
2008-03-03 00:00:00+09:00,688.4005725111205,688.4005725111205,676.3892211914062,676.3892211914062,51500,0.0,0.0
2008-03-04 00:00:00+09:00,682.3947357492349,682.3947357492349,655.3692016601562,655.3692016601562,51500,0.0,0.0
2008-03-05 00:00:00+09:00,660.624509538923,672.6358642578125,660.624509538923,672.6358642578125,51500,0.0,0.0
2008-03-06 00:00:00+09:00,677.8906342016126,698.159789377076,672.6356680450109,692.1541137695312,31700,0.0,0.0
2008-03-07 00:00:00+09:00,692.154315676008,692.154315676008,672.6358642578125,672.6358642578125,31700,0.0,0.0
2008-03-10 00:00:00+09:00,673.3863821255959,673.3863821255959,660.624321371822,664.3778686523438,31300,0.0,0.0
2008-03-11 00:00:00+09:00,665.1287675585065,679.3922512871878,662.1259288787842,672.6358642578125,72800,0.0,0.0
2008-03-12 00:00:00+09:00,687.6497908485127,701.9132690429688,687.6497908485127,701.9132690429688,72800,0.0,0.0
2008-03-13 00:00:00+09:00,671.134269534538,678.6413642720609,653.1172421644833,668.8821411132812,103200,0.0,0.0
2008-03-14 00:00:00+09:00,675.6385648920295,675.6385648920295,668.1314697265625,668.1314697265625,54600,0.0,0.0
2008-03-17 00:00:00+09:00,652.3666307127778,652.3666307127778,650.114501953125,650.114501953125,54600,0.0,0.0
2008-03-18 00:00:00+09:00,649.3637165086999,657.6215209960938,647.8622975109919,657.6215209960938,32500,0.0,0.0
2008-03-19 00:00:00+09:00,689.9020020436433,708.6697387695312,689.9020020436433,708.6697387695312,73200,0.0,0.0
2008-03-21 00:00:00+09:00,703.4147418083029,709.4204172986618,702.6640323720079,705.6668701171875,93300,0.0,0.0
2008-03-24 00:00:00+09:00,705.6668321080466,711.6725072749236,703.4147039204677,706.4175415039062,74800,0.0,0.0
2008-03-25 00:00:00+09:00,728.1881792278231,731.9417265434305,722.1825035228513,730.4403076171875,211500,0.0,0.0
2008-03-26 00:00:00+09:00,751.4602132759842,765.7236938476562,747.7066657571231,765.7236938476562,203000,0.0,0.0
2008-03-27 00:00:00+09:00,758.216445559547,758.216445559547,756.7150268554688,756.7150268554688,203000,0.0,0.0
2008-03-28 00:00:00+09:00,863.315839138047,904.6048575316057,863.315839138047,898.5991821289062,294700,0.0,0.0
2008-03-31 00:00:00+09:00,888.8402181403733,888.8402181403733,885.086669921875,885.086669921875,294700,0.0,0.0
2008-04-01 00:00:00+09:00,904.6049958432333,904.6049958432333,891.0922241210938,891.0922241210938,294700,0.0,0.0
2008-04-02 00:00:00+09:00,891.0921714365186,905.3556518554688,891.0921714365186,905.3556518554688,294700,0.0,0.0
2008-04-03 00:00:00+09:00,907.6077494946574,907.6077494946574,902.352783203125,902.352783203125,294700,0.0,0.0
2008-04-04 00:00:00+09:00,888.8400112080857,888.8400112080857,884.3357543945312,884.3357543945312,294700,0.0,0.0
2008-04-07 00:00:00+09:00,887.3385021049435,893.3441772460938,887.3385021049435,893.3441772460938,294700,0.0,0.0
2008-04-08 00:00:00+09:00,897.8487431573623,898.5994528088316,872.3246150074037,875.3274536132812,78700,0.0,0.0
2008-04-09 00:00:00+09:00,875.3271944228917,876.82861328125,875.3271944228917,876.82861328125,78700,0.0,0.0
2008-04-10 00:00:00+09:00,855.8088531225972,855.8088531225972,854.3074340820312,854.3074340820312,78700,0.0,0.0
2008-04-11 00:00:00+09:00,873.0752259617328,873.0752259617328,870.0723876953125,870.0723876953125,78700,0.0,0.0
2008-04-14 00:00:00+09:00,870.8230434181417,870.8230434181417,848.3017578125,848.3017578125,78700,0.0,0.0
2008-04-15 00:00:00+09:00,846.800308469742,851.3045654296875,846.800308469742,851.3045654296875,78700,0.0,0.0
2008-04-16 00:00:00+09:00,851.3044512580423,893.3441772460938,851.3044512580423,893.3441772460938,78700,0.0,0.0
2008-04-17 00:00:00+09:00,891.8429107408701,891.8429107408701,890.3414916992189,890.3414916992188,78700,0.0,0.0
2008-04-18 00:00:00+09:00,885.0864499707684,897.8485107421875,885.0864499707684,897.8485107421875,78700,0.0,0.0
2008-04-21 00:00:00+09:00,892.5937197657074,892.5937197657074,889.5908813476562,889.5908813476562,78700,0.0,0.0
2008-04-22 00:00:00+09:00,881.3329772427551,881.3329772427551,878.3301391601562,878.3301391601562,78700,0.0,0.0
2008-04-23 00:00:00+09:00,895.5964659869318,897.0978850413944,885.0865326056937,886.5879516601562,58400,0.0,0.0
2008-04-24 00:00:00+09:00,887.3388080367911,887.3388080367911,875.3274536132812,875.3274536132812,58400,0.0,0.0
2008-04-25 00:00:00+09:00,877.5794373333807,886.5879516601562,877.5794373333807,886.5879516601562,58400,0.0,0.0
2008-04-28 00:00:00+09:00,882.0838404765055,882.0838404765055,875.3274536132812,875.3274536132812,58400,0.0,0.0
2008-04-30 00:00:00+09:00,875.3272627406559,875.3272627406559,873.0751342773438,873.0751342773438,58400,0.0,0.0
2008-05-01 00:00:00+09:00,871.5737529383297,871.5737529383297,846.0496292519359,848.3017578125,63200,0.0,0.0
2008-05-02 00:00:00+09:00,832.5367431640625,832.5367431640625,832.5367431640625,832.5367431640625,63200,0.0,0.0
2008-05-07 00:00:00+09:00,845.29881562127,864.8172607421875,845.29881562127,864.8172607421875,63200,0.0,0.0
2008-05-08 00:00:00+09:00,870.0722284186377,882.083579285504,868.5708095602794,876.82861328125,80500,0.0,0.0
2008-05-09 00:00:00+09:00,877.5793227104292,877.5793227104292,876.82861328125,876.82861328125,80500,0.0,0.0
2008-05-12 00:00:00+09:00,906.1061401367188,906.1061401367188,906.1061401367188,906.1061401367188,80500,0.0,0.0
2008-05-13 00:00:00+09:00,930.1291122436523,930.1291122436523,920.3698883056641,924.8741455078125,107200,0.0,0.0
2008-05-14 00:00:00+09:00,950.3982172817523,969.1659545898438,950.3982172817523,969.1659545898438,107200,0.0,0.0
2008-05-15 00:00:00+09:00,983.4293829725436,989.43505859375,983.4293829725436,989.43505859375,107200,0.0,0.0
2008-05-16 00:00:00+09:00,988.6844634663761,993.188720703125,988.6844634663761,993.188720703125,107200,0.0,0.0
2008-05-19 00:00:00+09:00,992.4382037213741,992.4382037213741,983.4296875000001,983.4296875,107200,0.0,0.0
2008-05-20 00:00:00+09:00,982.6786038574592,985.6814414551902,981.1771850585938,981.1771850585938,28500,0.0,0.0
2008-05-21 00:00:00+09:00,920.3697969020384,921.8712158203125,920.3697969020384,921.8712158203125,28500,0.0,0.0
2008-05-22 00:00:00+09:00,904.6049423597345,905.3556518554688,904.6049423597345,905.3556518554688,28500,0.0,0.0
2008-05-23 00:00:00+09:00,921.8715223969007,921.8715223969007,915.8658447265626,915.8658447265625,28500,0.0,0.0
2008-05-26 00:00:00+09:00,907.6079107152731,907.6079107152731,901.6022338867188,901.6022338867188,28500,0.0,0.0
2008-05-27 00:00:00+09:00,913.6134418163424,918.868408203125,913.6134418163424,918.868408203125,28500,0.0,0.0
2008-05-28 00:00:00+09:00,916.6161660192065,921.1204223632812,916.6161660192065,921.1204223632812,28500,0.0,0.0
2008-05-29 00:00:00+09:00,939.1376646733379,942.1405029296875,939.1376646733379,942.1405029296875,28500,0.0,0.0
2008-05-30 00:00:00+09:00,948.146049281529,948.146049281529,945.8939208984375,945.8939208984375,28500,0.0,0.0
2008-06-02 00:00:00+09:00,966.1632161043128,966.1632161043128,956.4039916992188,956.4039916992188,28500,0.0,0.0
2008-06-03 00:00:00+09:00,923.3726196289062,923.3726196289062,923.3726196289062,923.3726196289062,28500,0.0,0.0
2008-06-04 00:00:00+09:00,912.8627468128109,912.8627468128109,905.3556518554688,905.3556518554688,28500,0.0,0.0
2008-06-05 00:00:00+09:00,906.8570711490938,918.1177135888591,906.8570711490938,911.361328125,42000,0.0,0.0
2008-06-06 00:00:00+09:00,900.8515242831494,901.6022338867188,900.8515242831494,901.6022338867188,41900,0.0,0.0
2008-06-09 00:00:00+09:00,888.0893707146189,888.0893707146189,886.5879516601562,886.5879516601562,41900,0.0,0.0
2008-06-10 00:00:00+09:00,886.5878259776673,886.5878259776673,862.5651245117188,862.5651245117188,41900,0.0,0.0
2008-06-11 00:00:00+09:00,862.5652461911383,862.5652461911383,820.5255126953125,820.5255126953125,41900,0.0,0.0
2008-06-12 00:00:00+09:00,818.2732474270476,822.0267944335938,818.2732474270476,822.0267944335938,41900,0.0,0.0
2008-06-13 00:00:00+09:00,814.5198364816232,820.5255126953125,814.5198364816232,820.5255126953125,41900,0.0,0.0
2008-06-16 00:00:00+09:00,797.2534344187457,807.7633666992188,797.2534344187457,807.7633666992188,41900,0.0,0.0
2008-06-17 00:00:00+09:00,807.0126182905863,807.0126182905863,802.5083618164062,802.5083618164062,41900,0.0,0.0
2008-06-18 00:00:00+09:00,827.281967052515,833.28764376433,817.5227423958157,828.7833862304688,106700,0.0,0.0
2008-06-19 00:00:00+09:00,813.0183480545129,813.0183480545129,806.261962890625,806.261962890625,106700,0.0,0.0
2008-06-20 00:00:00+09:00,801.0068424892964,801.0068424892964,797.2532958984375,797.2532958984375,106700,0.0,0.0
2008-06-23 00:00:00+09:00,787.4942852414375,788.2449947602568,770.2279663085938,770.2279663085938,61700,0.0,0.0
2008-06-24 00:00:00+09:00,807.763359528576,811.5169067382812,807.763359528576,811.5169067382812,61700,0.0,0.0
2008-06-25 00:00:00+09:00,808.5142117260611,842.296142578125,808.5142117260611,842.296142578125,61700,0.0,0.0
2008-06-26 00:00:00+09:00,843.7974321691993,846.049560546875,843.7974321691993,846.049560546875,61700,0.0,0.0
2008-06-27 00:00:00+09:00,843.0468139108781,849.052490234375,843.0468139108781,849.052490234375,61700,0.0,0.0
2008-06-30 00:00:00+09:00,847.5510483994844,854.3074340820312,847.5510483994844,854.3074340820312,61700,0.0,0.0
2008-07-01 00:00:00+09:00,854.3071989689316,854.3071989689316,807.0125122070312,807.0125122070312,61700,0.0,0.0
2008-07-02 00:00:00+09:00,807.012639778615,807.012639778615,791.2477416992188,791.2477416992188,61700,0.0,0.0
2008-07-03 00:00:00+09:00,789.7463547122323,806.261962890625,789.7463547122323,806.261962890625,61700,0.0,0.0
2008-07-04 00:00:00+09:00,807.0126723532792,807.0126723532792,806.261962890625,806.261962890625,61700,0.0,0.0
2008-07-07 00:00:00+09:00,820.5254081418161,840.794562780269,819.7746987107623,837.041015625,37300,0.0,0.0
2008-07-08 00:00:00+09:00,819.7748413085938,825.780517801697,819.0241317469558,819.7748413085938,44700,0.0,0.0
2008-07-09 00:00:00+09:00,820.5254886177556,820.5254886177556,789.7463989257812,789.7463989257812,44700,0.0,0.0
2008-07-10 00:00:00+09:00,799.5055486352404,815.2704467773438,799.5055486352404,815.2704467773438,44700,0.0,0.0
2008-07-11 00:00:00+09:00,816.0212782837136,821.2762451171875,816.0212782837136,821.2762451171875,44700,0.0,0.0
2008-07-14 00:00:00+09:00,834.7889627962626,834.7889627962626,823.5283203125,823.5283203125,44700,0.0,0.0
2008-07-15 00:00:00+09:00,832.5366524064851,835.5394897460938,828.0323963970723,835.5394897460938,41500,0.0,0.0
2008-07-16 00:00:00+09:00,825.0296489966679,832.5367431640625,825.0296489966679,832.5367431640625,41500,0.0,0.0
2008-07-17 00:00:00+09:00,832.5368351251499,841.5453491210938,832.5368351251499,841.5453491210938,41500,0.0,0.0
2008-07-18 00:00:00+09:00,851.3044583485741,852.0551677474706,848.3016207529884,849.8030395507812,21200,0.0,0.0
2008-07-22 00:00:00+09:00,846.049560546875,854.3073645983529,833.2874997400455,846.049560546875,45000,0.0,0.0
2008-07-23 00:00:00+09:00,851.3043592138198,851.3043592138198,850.5536499023438,850.5536499023438,45000,0.0,0.0
2008-07-24 00:00:00+09:00,855.0579752854898,855.0579752854898,852.8058471679688,852.8058471679688,45000,0.0,0.0
2008-07-25 00:00:00+09:00,843.7974236601142,843.7974236601142,837.791748046875,837.791748046875,45000,0.0,0.0
2008-07-28 00:00:00+09:00,846.8003616672695,846.8003616672695,843.0468139648436,843.0468139648438,45000,0.0,0.0
2008-07-29 00:00:00+09:00,834.7889102402553,837.791748046875,834.7889102402553,837.791748046875,45000,0.0,0.0
2008-07-30 00:00:00+09:00,853.5567628574962,853.5567628574962,847.5510864257812,847.5510864257812,45000,0.0,0.0
2008-07-31 00:00:00+09:00,833.2873617413874,835.5394897460938,833.2873617413874,835.5394897460938,45000,0.0,0.0
2008-08-01 00:00:00+09:00,836.290199080996,836.290199080996,835.5394897460938,835.5394897460938,45000,0.0,0.0
2008-08-04 00:00:00+09:00,846.8003388792014,854.3074340820312,846.8003388792014,854.3074340820312,45000,0.0,0.0
2008-08-05 00:00:00+09:00,874.5767211914062,874.5767211914062,874.5767211914062,874.5767211914062,45000,0.0,0.0
2008-08-06 00:00:00+09:00,873.825772756402,910.6105346679688,873.825772756402,910.6105346679688,45000,0.0,0.0
2008-08-07 00:00:00+09:00,904.605018439466,909.8599853515625,904.605018439466,909.8599853515625,45000,0.0,0.0
2008-08-08 00:00:00+09:00,915.8654874403431,929.378256927168,915.1147780244085,924.123291015625,56900,0.0,0.0
2008-08-11 00:00:00+09:00,906.1061501088009,914.3639526367188,906.1061501088009,914.3639526367188,56900,0.0,0.0
2008-08-12 00:00:00+09:00,899.3498915542436,899.3498915542436,898.5991821289062,898.5991821289062,56900,0.0,0.0
2008-08-13 00:00:00+09:00,898.5991549147773,898.5991549147773,873.8257446289062,873.8257446289062,56900,0.0,0.0
2008-08-14 00:00:00+09:00,873.8260252663804,885.086669921875,873.8260252663804,885.086669921875,56900,0.0,0.0
2008-08-15 00:00:00+09:00,853.6406316791141,862.0773315429688,853.6406316791141,862.0773315429688,56900,25.0,0.0
2008-08-18 00:00:00+09:00,880.484770594234,880.484770594234,866.6792602539062,866.6792602539062,59700,0.0,0.0
2008-08-19 00:00:00+09:00,854.4075074660341,858.2423706054688,854.4075074660341,858.2423706054688,59700,0.0,0.0
2008-08-20 00:00:00+09:00,866.6791678323441,866.6791678323441,862.0773315429688,862.0773315429688,59700,0.0,0.0
2008-08-21 00:00:00+09:00,856.1152087722598,864.3782348632812,856.1152087722598,864.3782348632812,59700,0.0,0.0
2008-08-22 00:00:00+09:00,865.1452355509654,878.9507446289062,865.1452355509654,878.9507446289062,59700,0.0,0.0
2008-08-25 00:00:00+09:00,885.0862003226903,885.0862003226903,882.018310546875,882.018310546875,59700,0.0,0.0
2008-08-26 00:00:00+09:00,875.8827942096634,926.5029907226562,875.8827942096634,926.5029907226562,59700,0.0,0.0
2008-08-27 00:00:00+09:00,907.3288473266086,908.86279296875,907.3288473266086,908.86279296875,59700,0.0,0.0
2008-08-28 00:00:00+09:00,926.5028830880445,926.5028830880445,924.2019653320312,924.2019653320312,59700,0.0,0.0
2008-08-29 00:00:00+09:00,924.9690964375645,928.0369873046874,924.9690964375645,928.0369873046875,59700,0.0,0.0
2008-09-01 00:00:00+09:00,928.0370024330596,928.0370024330596,897.3580932617188,897.3580932617188,59700,0.0,0.0
2008-09-02 00:00:00+09:00,897.3579488153507,897.3579488153507,891.22216796875,891.22216796875,59700,0.0,0.0
2008-09-03 00:00:00+09:00,918.0661145757819,925.73583984375,918.0661145757819,925.73583984375,59700,0.0,0.0
2008-09-04 00:00:00+09:00,925.7358147173667,959.4826049804688,925.7358147173667,959.4826049804688,59700,0.0,0.0
2008-09-05 00:00:00+09:00,952.5800985179228,977.8901977539064,952.5800985179228,977.8901977539062,59700,0.0,0.0
2008-09-08 00:00:00+09:00,973.2883278930956,973.2883278930956,964.0846557617188,964.0846557617188,59700,0.0,0.0
2008-09-09 00:00:00+09:00,945.6773597906443,945.6773597906443,928.0369873046874,928.0369873046875,59700,0.0,0.0
2008-09-10 00:00:00+09:00,956.4149095866532,975.5892261381097,940.3084836834296,967.1525268554688,100300,0.0,0.0
2008-09-11 00:00:00+09:00,980.9580757555111,989.394775390625,980.9580757555111,989.394775390625,100300,0.0,0.0
2008-09-12 00:00:00+09:00,1012.4038647775122,1013.1708374023438,1012.4038647775122,1013.1708374023438,100300,0.0,0.0
2008-09-16 00:00:00+09:00,1013.170942143459,1013.170942143459,977.8901977539064,977.8901977539062,100,0.0,0.0
2008-09-17 00:00:00+09:00,971.7542789395295,971.7542789395295,961.0166625976564,961.0166625976562,100,0.0,0.0
2008-09-18 00:00:00+09:00,961.0168487266969,961.0168487266969,913.4645385742188,913.4645385742188,100,0.0,0.0
2008-09-19 00:00:00+09:00,955.6480690913972,955.6480690913972,937.24072265625,937.24072265625,100,0.0,0.0
2008-09-22 00:00:00+09:00,951.8130516027395,951.8130516027395,941.8424072265625,941.8424072265625,100,0.0,0.0
2008-09-24 00:00:00+09:00,1016.2390091507523,1035.413330078125,1016.2390091507523,1035.413330078125,100,0.0,0.0
2008-09-25 00:00:00+09:00,996.297804815119,1012.4042358398438,996.297804815119,1012.4042358398438,100,0.0,0.0
2008-09-26 00:00:00+09:00,1007.0353351056134,1035.413330078125,1007.0353351056134,1035.413330078125,100,0.0,0.0
2008-09-29 00:00:00+09:00,1035.4132252008142,1089.101318359375,1035.4132252008142,1089.101318359375,100,0.0,0.0
2008-09-30 00:00:00+09:00,1040.7819790335768,1040.7819790335768,1022.3746337890625,1022.3746337890625,100,0.0,0.0
2008-10-01 00:00:00+09:00,1022.3746860790181,1033.1123046875,1022.3746860790181,1033.1123046875,100,0.0,0.0
2008-10-02 00:00:00+09:00,1023.1419138768961,1049.218994140625,1023.1419138768961,1049.218994140625,100,0.0,0.0
2008-10-03 00:00:00+09:00,1058.4225259230366,1058.4225259230366,1052.2867431640625,1052.2867431640625,100,0.0,0.0
2008-10-06 00:00:00+09:00,1046.9177264659577,1046.9177264659577,1008.569091796875,1008.569091796875,100,0.0,0.0
2008-10-07 00:00:00+09:00,1056.8883444290434,1069.9268798828125,1056.8883444290434,1069.9268798828125,100,0.0,0.0
2008-10-08 00:00:00+09:00,1069.9267800246612,1069.9267800246612,969.453369140625,969.453369140625,100,0.0,0.0
2008-10-09 00:00:00+09:00,1026.2094903255716,1026.2094903255716,985.5599365234375,985.5599365234375,100,0.0,0.0
2008-10-10 00:00:00+09:00,985.5599410632425,985.5599410632425,928.0369873046874,928.0369873046875,100,0.0,0.0
2008-10-14 00:00:00+09:00,967.1526606133643,967.1526606133643,937.24072265625,937.24072265625,100,0.0,0.0
2008-10-15 00:00:00+09:00,977.8900483429244,977.8900483429244,972.521240234375,972.521240234375,100,0.0,0.0
2008-10-16 00:00:00+09:00,972.5212970244277,992.4625854492188,972.5212970244277,992.4625854492188,100,0.0,0.0
2008-10-17 00:00:00+09:00,1023.1414904449507,1059.9561767578125,1023.1414904449507,1059.9561767578125,100,0.0,0.0
2008-10-20 00:00:00+09:00,1037.7141967590699,1037.7141967590699,1024.6756591796875,1024.6756591796875,100,0.0,0.0
2008-10-21 00:00:00+09:00,986.3269512919953,986.3269512919953,960.2498779296876,960.2498779296875,100,0.0,0.0
2008-10-22 00:00:00+09:00,960.2498779296876,960.2498779296876,960.2498779296876,960.2498779296875,100,0.0,0.0
2008-10-23 00:00:00+09:00,923.4352557842549,977.1233520507812,923.4352557842549,977.1233520507812,100,0.0,0.0
2008-10-24 00:00:00+09:00,966.3854691202607,970.9873046875,966.3854691202607,970.9873046875,100,0.0,0.0
2008-10-27 00:00:00+09:00,970.9873031136684,970.9873031136684,951.81298828125,951.81298828125,100,0.0,0.0
2008-10-28 00:00:00+09:00,929.5710369140625,958.7160034179688,929.5710369140625,958.7160034179688,100,0.0,0.0
2008-10-29 00:00:00+09:00,959.48279296875,997.064453125,959.48279296875,997.064453125,100,0.0,0.0
2008-10-30 00:00:00+09:00,997.0644575826237,1092.1690673828125,997.0644575826237,1092.1690673828125,100,0.0,0.0
2008-10-31 00:00:00+09:00,1094.47004821823,1094.47004821823,1025.4425048828125,1025.4425048828125,100,0.0,0.0
2008-11-04 00:00:00+09:00,1026.2096912576583,1048.451904296875,1026.2096912576583,1048.451904296875,140900,0.0,0.0
2008-11-05 00:00:00+09:00,1050.7524849963836,1050.7524849963836,1043.8497314453125,1043.8497314453125,140900,0.0,0.0
2008-11-06 00:00:00+09:00,1036.946928253854,1036.946928253854,1032.3450927734375,1032.3450927734375,140900,0.0,0.0
2008-11-07 00:00:00+09:00,1023.9086083067416,1023.9086083067416,980.1911621093751,980.191162109375,140900,0.0,0.0
2008-11-10 00:00:00+09:00,1018.5397701964554,1022.3746337890625,1018.5397701964554,1022.3746337890625,140900,0.0,0.0
2008-11-11 00:00:00+09:00,1044.616849309547,1059.1893310546875,1044.616849309547,1059.1893310546875,140900,0.0,0.0
2008-11-12 00:00:00+09:00,1103.673723317156,1148.9251129458648,1079.130596738873,1138.9544677734375,264700,0.0,0.0
2008-11-13 00:00:00+09:00,1168.099280682845,1220.25341796875,1168.099280682845,1220.25341796875,264700,0.0,0.0
2008-11-14 00:00:00+09:00,1221.0203930346995,1221.0203930346995,1181.1378173828125,1181.1378173828125,264700,0.0,0.0
2008-11-17 00:00:00+09:00,1181.1376380678666,1210.2825927734375,1181.1376380678666,1210.2825927734375,264700,0.0,0.0
2008-11-18 00:00:00+09:00,1234.8262222290039,1234.8262222290039,1227.156494140625,1227.156494140625,264700,0.0,0.0
2008-11-19 00:00:00+09:00,1204.9139342622411,1244.7965087890625,1204.9139342622411,1244.7965087890625,264700,0.0,0.0
2008-11-20 00:00:00+09:00,1246.3306602772561,1246.3306602772561,1231.7581787109375,1231.7581787109375,264700,0.0,0.0
2008-11-21 00:00:00+09:00,1232.5250345241805,1250.1654052734375,1232.5250345241805,1250.1654052734375,264700,0.0,0.0
2008-11-25 00:00:00+09:00,1250.9324726427037,1250.9324726427037,1216.418701171875,1216.418701171875,22300,0.0,0.0
2008-11-26 00:00:00+09:00,1217.1855150718466,1217.1855150718466,1183.438720703125,1183.438720703125,22300,0.0,0.0
2008-11-27 00:00:00+09:00,1181.4912357131575,1183.438720703125,1181.4912357131575,1183.438720703125,22300,0.0,0.0
2008-11-28 00:00:00+09:00,1184.206007139513,1228.6904296875,1184.206007139513,1228.6904296875,22300,0.0,0.0
2008-12-01 00:00:00+09:00,1228.6903496993216,1228.6903496993216,1165.798583984375,1165.798583984375,22300,0.0,0.0
2008-12-02 00:00:00+09:00,1166.5654952910327,1166.5654952910327,1137.4205322265625,1137.4205322265625,22300,0.0,0.0
2008-12-03 00:00:00+09:00,1147.3910590277778,1290.81494140625,1147.3910590277778,1290.81494140625,22300,0.0,0.0
2008-12-04 00:00:00+09:00,1329.9302984233204,1329.9302984233204,1309.989013671875,1309.989013671875,22300,0.0,0.0
2008-12-05 00:00:00+09:00,1310.7563084117467,1316.89208984375,1310.7563084117467,1316.89208984375,22300,0.0,0.0
2008-12-08 00:00:00+09:00,1318.426053225149,1352.1728515625,1318.426053225149,1352.1728515625,22300,0.0,0.0
2008-12-09 00:00:00+09:00,1286.9798389586688,1309.989013671875,1286.9798389586688,1309.989013671875,22300,0.0,0.0
2008-12-10 00:00:00+09:00,1311.5232767103976,1311.5232767103976,1298.4847412109375,1298.4847412109375,22300,0.0,0.0
2008-12-11 00:00:00+09:00,1247.0978289311477,1247.0978289311477,1239.4281005859375,1239.4281005859375,22300,0.0,0.0
2008-12-12 00:00:00+09:00,1240.1948224872563,1297.7177734375,1240.1948224872563,1297.7177734375,22300,0.0,0.0
2008-12-15 00:00:00+09:00,1322.2607551430756,1322.2607551430756,1300.7855224609375,1300.7855224609375,22300,0.0,0.0
2008-12-16 00:00:00+09:00,1288.5140674003135,1288.5140674003135,1283.9122314453125,1283.9122314453125,58500,0.0,0.0
2008-12-17 00:00:00+09:00,1271.6407084630655,1271.6407084630655,1258.6021728515625,1258.6021728515625,55700,0.0,0.0
2008-12-18 00:00:00+09:00,1338.3673538700227,1338.3673538700227,1331.464599609375,1331.464599609375,119900,0.0,0.0
2008-12-19 00:00:00+09:00,1332.998235741344,1332.998235741344,1243.262451171875,1243.262451171875,128400,0.0,0.0
2008-12-22 00:00:00+09:00,1269.339853645597,1269.339853645597,1267.805908203125,1267.805908203125,36900,0.0,0.0
2008-12-24 00:00:00+09:00,1271.6407806236707,1271.6407806236707,1171.934326171875,1171.934326171875,181900,0.0,0.0
2008-12-25 00:00:00+09:00,1144.2425712174932,1144.2425712174932,1143.556396484375,1143.556396484375,173100,0.0,0.0
2008-12-26 00:00:00+09:00,1164.2644921875,1169.63330078125,1092.93603515625,1092.93603515625,169100,0.0,0.0
2008-12-29 00:00:00+09:00,1094.46998046875,1103.67365234375,1080.66447265625,1092.93603515625,173100,0.0,0.0
2008-12-30 00:00:00+09:00,1105.9746377828756,1120.547119140625,1094.470047237284,1120.547119140625,33300,0.0,0.0
2009-01-05 00:00:00+09:00,1150.4591261014168,1150.4591261014168,1109.8095703125,1109.8095703125,43600,0.0,0.0
2009-01-06 00:00:00+09:00,1078.3634475776025,1078.3634475776025,1032.3450927734375,1032.3450927734375,244200,0.0,0.0
2009-01-07 00:00:00+09:00,969.4537098601262,973.2885742187501,969.4537098601262,973.28857421875,282300,0.0,0.0
2009-01-08 00:00:00+09:00,1008.5692018772961,1008.5692018772961,991.6958007812501,991.69580078125,154700,0.0,0.0
2009-01-09 00:00:00+09:00,992.462539027428,992.462539027428,961.0166625976564,961.0166625976562,167400,0.0,0.0
2009-01-13 00:00:00+09:00,963.3176759380016,963.3176759380016,955.64794921875,955.64794921875,153800,0.0,0.0
2009-01-14 00:00:00+09:00,954.1140038748997,955.64794921875,954.1140038748997,955.64794921875,110100,0.0,0.0
2009-01-15 00:00:00+09:00,970.2202663406576,971.7542114257812,970.2202663406576,971.7542114257812,217000,0.0,0.0
2009-01-16 00:00:00+09:00,974.0554188544876,974.0554188544876,964.8517456054688,964.8517456054688,154300,0.0,0.0
2009-01-19 00:00:00+09:00,920.3674060600902,924.2022702520072,912.697677676256,914.9985961914062,314900,0.0,0.0
2009-01-20 00:00:00+09:00,899.6586767578125,899.6586767578125,882.018310546875,882.018310546875,116800,0.0,0.0
2009-01-21 00:00:00+09:00,887.3873436992255,887.3873436992255,885.08642578125,885.08642578125,268800,0.0,0.0
2009-01-22 00:00:00+09:00,885.8536178367348,898.1251831054688,885.8536178367348,898.1251831054688,82600,0.0,0.0
2009-01-23 00:00:00+09:00,898.1250491430751,898.1250491430751,862.0773315429688,862.0773315429688,86700,0.0,0.0
2009-01-26 00:00:00+09:00,862.8442556176559,862.8442556176559,850.5726928710938,850.5726928710938,85100,0.0,0.0
2009-01-27 00:00:00+09:00,864.3782348632812,864.3782348632812,864.3782348632812,864.3782348632812,60200,0.0,0.0
2009-01-28 00:00:00+09:00,865.1452496027542,905.02783203125,865.1452496027542,905.02783203125,238000,0.0,0.0
2009-01-29 00:00:00+09:00,927.270006998698,927.270006998698,862.8442993164062,862.8442993164062,111700,0.0,0.0
2009-01-30 00:00:00+09:00,863.6112869473646,863.6112869473646,832.1654052734375,832.1654052734375,128200,0.0,0.0
2009-02-02 00:00:00+09:00,832.1652510168377,832.1652510168377,827.5634155273438,827.5634155273438,133300,0.0,0.0
2009-02-03 00:00:00+09:00,833.6993303190167,833.6993303190167,806.8552856445312,806.8552856445312,137500,0.0,0.0
2009-02-04 00:00:00+09:00,807.6223770015496,835.2333984375,807.6223770015496,835.2333984375,120500,0.0,0.0
2009-02-05 00:00:00+09:00,852.1066813693577,862.8442993164062,852.1066813693577,862.8442993164062,152900,0.0,0.0
2009-02-06 00:00:00+09:00,859.7763791139099,867.4461059570312,859.7763791139099,867.4461059570312,122200,0.0,0.0
2009-02-09 00:00:00+09:00,849.038720431102,849.038720431102,826.029541015625,826.029541015625,108900,0.0,0.0
2009-02-10 00:00:00+09:00,855.9414541295674,865.1451256793478,827.5634668510783,829.097412109375,87400,0.0,0.0
2009-02-12 00:00:00+09:00,849.0388329383886,849.0388329383886,809.15625,809.15625,79700,0.0,0.0
2009-02-13 00:00:00+09:00,823.7286009257703,823.7286009257703,819.8937377929688,819.8937377929688,132600,0.0,0.0
2009-02-16 00:00:00+09:00,820.6608276367188,820.6608276367188,820.6608276367188,820.6608276367188,69300,0.0,0.0
2009-02-17 00:00:00+09:00,828.5140451641591,828.5140451641591,826.1580810546875,826.1580810546875,71500,25.0,0.0
2009-02-18 00:00:00+09:00,840.2938598969095,855.2149658203125,840.2938598969095,855.2149658203125,118100,0.0,0.0
2009-02-19 00:00:00+09:00,836.3672083074397,836.3672083074397,829.29931640625,829.29931640625,50300,0.0,0.0
2009-02-20 00:00:00+09:00,804.954439051011,804.954439051011,801.02783203125,801.02783203125,58400,0.0,0.0
2009-02-23 00:00:00+09:00,801.8129323521476,807.3101806640625,801.8129323521476,807.3101806640625,72900,0.0,0.0
2009-02-24 00:00:00+09:00,807.3101950620994,807.3101950620994,765.6881713867188,765.6881713867188,118500,0.0,0.0
2009-02-25 00:00:00+09:00,744.4846650496773,744.4846650496773,722.4956665039062,722.4956665039062,117700,0.0,0.0
2009-02-26 00:00:00+09:00,723.2809257467043,743.6992797851562,723.2809257467043,743.6992797851562,60400,0.0,0.0
2009-02-27 00:00:00+09:00,736.6313610216127,753.1231079101562,736.6313610216127,753.1231079101562,42100,0.0,0.0
2009-03-02 00:00:00+09:00,753.1231348791788,753.1231348791788,709.1451416015625,709.1451416015625,91000,0.0,0.0
2009-03-03 00:00:00+09:00,709.1452021544997,709.1452021544997,695.7947387695312,695.7947387695312,52000,0.0,0.0
2009-03-04 00:00:00+09:00,716.9983044743144,716.9983044743144,712.286376953125,712.286376953125,56100,0.0,0.0
2009-03-05 00:00:00+09:00,718.5689537926058,718.5689537926058,709.930419921875,709.930419921875,71500,0.0,0.0
2009-03-06 00:00:00+09:00,694.2239291878633,694.2239291878633,675.376220703125,675.376220703125,124100,0.0,0.0
2009-03-09 00:00:00+09:00,675.3763268512229,675.3763268512229,632.1836547851562,632.1836547851562,130600,0.0,0.0
2009-03-10 00:00:00+09:00,592.1321905924478,592.1321905924478,588.9909057617188,588.9909057617188,153600,0.0,0.0
2009-03-11 00:00:00+09:00,592.9175118001302,592.9175118001302,588.9909057617188,588.9909057617188,85700,0.0,0.0
2009-03-12 00:00:00+09:00,549.7249425843705,549.7249425843705,540.3010864257812,540.3010864257812,274900,0.0,0.0
2009-03-13 00:00:00+09:00,539.515775282118,539.515775282118,530.0919189453125,530.0919189453125,166900,0.0,0.0
2009-03-16 00:00:00+09:00,557.5781610038842,559.1488037109375,557.5781610038842,559.1488037109375,139500,0.0,0.0
2009-03-17 00:00:00+09:00,592.9174622553413,592.9174622553413,592.1321411132812,592.1321411132812,211500,0.0,0.0
2009-03-18 00:00:00+09:00,585.8497234407018,585.8497234407018,574.855224609375,574.855224609375,118400,0.0,0.0
2009-03-19 00:00:00+09:00,574.8553035470669,575.640625,574.8553035470669,575.640625,71600,0.0,0.0
2009-03-23 00:00:00+09:00,592.9175118001302,592.9175118001302,588.9909057617188,588.9909057617188,109500,0.0,0.0
2009-03-24 00:00:00+09:00,606.2681023649467,607.8387451171875,606.2681023649467,607.8387451171875,126200,0.0,0.0
2009-03-25 00:00:00+09:00,606.2680457746478,613.3359375,606.2680457746478,613.3359375,99300,0.0,0.0
2009-03-26 00:00:00+09:00,613.3358271702081,616.4771118164062,613.3358271702081,616.4771118164062,91200,0.0,0.0
2009-03-27 00:00:00+09:00,642.3928572297244,642.3928572297244,630.613037109375,630.613037109375,140000,0.0,0.0
2009-03-30 00:00:00+09:00,614.1212844122024,614.1212844122024,577.211181640625,577.211181640625,222800,0.0,0.0
2009-03-31 00:00:00+09:00,577.2111200882217,577.2111200882217,556.0074462890625,556.0074462890625,230700,0.0,0.0
2009-04-01 00:00:00+09:00,563.860621984552,563.860621984552,554.436767578125,554.436767578125,95400,0.0,0.0
2009-04-02 00:00:00+09:00,555.2221762647906,566.2166748046875,555.2221762647906,566.2166748046875,76000,0.0,0.0
2009-04-03 00:00:00+09:00,567.787251448431,567.787251448431,560.7193603515625,560.7193603515625,112300,0.0,0.0
2009-04-06 00:00:00+09:00,555.2221749045632,555.2221749045632,552.8662109375,552.8662109375,99700,0.0,0.0
2009-04-07 00:00:00+09:00,539.515735899896,542.657021116198,536.3744506835938,536.3744506835938,156900,0.0,0.0
2009-04-08 00:00:00+09:00,557.578068817011,563.0753173828125,557.578068817011,563.0753173828125,141500,0.0,0.0
2009-04-09 00:00:00+09:00,555.2222181512825,555.2222181512825,552.0809326171875,552.0809326171875,134800,0.0,0.0
2009-04-10 00:00:00+09:00,541.8716792288543,543.4423217773438,541.8716792288543,543.4423217773438,108900,0.0,0.0
2009-04-13 00:00:00+09:00,547.3688717734319,548.9395141601562,547.3688717734319,548.9395141601562,80100,0.0,0.0
2009-04-14 00:00:00+09:00,547.3690257663343,548.1543471806332,543.4424186948397,545.0130615234375,68000,0.0,0.0
2009-04-15 00:00:00+09:00,541.0863266538513,547.368896484375,541.0863266538513,547.368896484375,126900,0.0,0.0
2009-04-16 00:00:00+09:00,547.3690043160451,552.0809326171875,547.3690043160451,552.0809326171875,177100,0.0,0.0
2009-04-17 00:00:00+09:00,552.8662109375,552.8662109375,552.8662109375,552.8662109375,107000,0.0,0.0
2009-04-20 00:00:00+09:00,562.2900255367035,567.001953125,562.2900255367035,567.001953125,127200,0.0,0.0
2009-04-21 00:00:00+09:00,559.1487967111013,561.5047607421875,559.1487967111013,561.5047607421875,93800,0.0,0.0
2009-04-22 00:00:00+09:00,556.7927743032469,556.7927743032469,553.6514892578125,553.6514892578125,64300,0.0,0.0
2009-04-23 00:00:00+09:00,548.939519174376,554.436767578125,548.939519174376,554.436767578125,70400,0.0,0.0
2009-04-24 00:00:00+09:00,555.2220718932666,555.2220718932666,545.7982177734375,545.7982177734375,53600,0.0,0.0
2009-04-27 00:00:00+09:00,542.6570434570312,545.0130074662513,540.3010794478112,542.6570434570312,180300,0.0,0.0
2009-04-28 00:00:00+09:00,539.515735899896,539.515735899896,536.3744506835938,536.3744506835938,75500,0.0,0.0
2009-04-30 00:00:00+09:00,534.0185546875,534.0185546875,534.0185546875,534.0185546875,99300,0.0,0.0
2009-05-01 00:00:00+09:00,526.9504886838807,526.9504886838807,523.8092041015625,523.8092041015625,162300,0.0,0.0
2009-05-07 00:00:00+09:00,534.8038080754427,536.3744506835938,534.8038080754427,536.3744506835938,90700,0.0,0.0
2009-05-08 00:00:00+09:00,537.1597941021843,542.6570434570312,537.1597941021843,542.6570434570312,75500,0.0,0.0
2009-05-11 00:00:00+09:00,542.6571004968499,563.8607788085938,542.6571004968499,563.8607788085938,93800,0.0,0.0
2009-05-12 00:00:00+09:00,563.8607571454115,563.8607571454115,557.5781860351562,557.5781860351562,81900,0.0,0.0
2009-05-13 00:00:00+09:00,563.8606368409883,570.9285278320312,559.9340307348532,570.9285278320312,50500,0.0,0.0
2009-05-14 00:00:00+09:00,567.0020500731073,568.5726928710938,567.0020500731073,568.5726928710938,49800,0.0,0.0
2009-05-15 00:00:00+09:00,577.2111523771939,577.2111523771939,573.2845458984375,573.2845458984375,51900,0.0,0.0
2009-05-18 00:00:00+09:00,567.0019961289659,567.0019961289659,566.2166748046875,566.2166748046875,51600,0.0,0.0
2009-05-19 00:00:00+09:00,567.7873859033612,567.7873859033612,563.8607788085938,563.8607788085938,48200,0.0,0.0
2009-05-20 00:00:00+09:00,562.290121679148,568.5726928710938,562.290121679148,568.5726928710938,33900,0.0,0.0
2009-05-21 00:00:00+09:00,560.7194931327798,563.8607788085938,560.7194931327798,563.8607788085938,36700,0.0,0.0
2009-05-22 00:00:00+09:00,562.2899729482546,562.2899729482546,556.792724609375,556.792724609375,50700,0.0,0.0
2009-05-25 00:00:00+09:00,556.792724609375,556.792724609375,556.792724609375,556.792724609375,56200,0.0,0.0
2009-05-26 00:00:00+09:00,554.436797108496,558.3634033203125,554.436797108496,558.3634033203125,50900,0.0,0.0
2009-05-27 00:00:00+09:00,578.78173828125,578.78173828125,578.78173828125,578.78173828125,124200,0.0,0.0
2009-05-28 00:00:00+09:00,578.7817316828548,581.1376953125,578.7817316828548,581.1376953125,130100,0.0,0.0
2009-05-29 00:00:00+09:00,581.9230148925781,588.9909057617188,581.9230148925781,588.9909057617188,123800,0.0,0.0
2009-06-01 00:00:00+09:00,606.2679008396193,614.9064331054688,606.2679008396193,614.9064331054688,152200,0.0,0.0
2009-06-02 00:00:00+09:00,615.6919940388034,662.811279296875,615.6919940388034,662.811279296875,189700,0.0,0.0
2009-06-03 00:00:00+09:00,689.5120665785846,689.5120665785846,667.5230712890625,667.5230712890625,277000,0.0,0.0
2009-06-04 00:00:00+09:00,673.8056932009524,677.7322998046875,673.8056932009524,677.7322998046875,70300,0.0,0.0
2009-06-05 00:00:00+09:00,677.7322843309859,677.7322843309859,669.09375,669.09375,96700,0.0,0.0
2009-06-08 00:00:00+09:00,673.8055783293968,675.376220703125,673.8055783293968,675.376220703125,84500,0.0,0.0
2009-06-09 00:00:00+09:00,677.7321842637173,677.7321842637173,675.376220703125,675.376220703125,40800,0.0,0.0
2009-06-10 00:00:00+09:00,678.5176751046478,680.0883178710938,678.5176751046478,680.0883178710938,51000,0.0,0.0
2009-06-11 00:00:00+09:00,676.1617610780933,678.5177254024072,673.0204753123414,676.9470825195312,37300,0.0,0.0
2009-06-12 00:00:00+09:00,701.2918814804774,704.4331665039062,699.721238968763,704.4331665039062,123600,0.0,0.0
2009-06-15 00:00:00+09:00,758.6202805739183,772.7560621995193,755.4789957682292,765.6881713867188,156000,0.0,0.0
2009-06-16 00:00:00+09:00,735.846202833828,735.846202833828,724.8517024713161,725.6370239257812,79400,0.0,0.0
2009-06-17 00:00:00+09:00,713.0718806543391,727.9929882891767,707.5746304730833,725.6370239257812,81400,0.0,0.0
2009-06-18 00:00:00+09:00,714.6424527375594,722.4956665039062,712.2864886076554,722.4956665039062,34300,0.0,0.0
2009-06-19 00:00:00+09:00,713.0718017852749,714.6424445204848,698.1506958007812,698.1506958007812,53500,0.0,0.0
2009-06-22 00:00:00+09:00,702.0772275445182,709.1451190969798,698.150621126484,702.862548828125,52500,0.0,0.0
2009-06-23 00:00:00+09:00,685.585369985038,690.297296926516,684.800048828125,684.800048828125,52200,0.0,0.0
2009-06-24 00:00:00+09:00,684.0148855946975,688.7268136240525,680.0882789035684,686.370849609375,32800,0.0,0.0
2009-06-25 00:00:00+09:00,687.1562679064328,691.8681966006484,680.8736963141455,687.9415893554688,67100,0.0,0.0
2009-06-26 00:00:00+09:00,688.7266794489718,695.0092489308324,675.376219300018,683.2294311523438,66000,0.0,0.0
2009-06-29 00:00:00+09:00,683.2296742608072,718.5691401708489,683.2296742608072,696.5801391601562,104100,0.0,0.0
2009-06-30 00:00:00+09:00,708.3597818089826,708.3597818089826,694.2239990234375,694.2239990234375,65500,0.0,0.0
2009-07-01 00:00:00+09:00,694.2240960183585,705.2185952765678,692.6534532671857,695.7947387695312,48700,0.0,0.0
2009-07-02 00:00:00+09:00,703.6478950867861,706.0038590212285,698.1506459064207,701.2919311523438,41800,0.0,0.0
2009-07-03 00:00:00+09:00,700.506578203299,706.0038271353876,691.8680441671596,705.218505859375,48800,0.0,0.0
2009-07-06 00:00:00+09:00,706.789134877973,714.6423474877282,706.0038136169974,709.930419921875,47100,0.0,0.0
2009-07-07 00:00:00+09:00,718.5690220424108,742.128662109375,718.5690220424108,742.128662109375,108200,0.0,0.0
2009-07-08 00:00:00+09:00,749.9818983569588,761.76171875,735.0607925257732,761.76171875,166400,0.0,0.0
2009-07-09 00:00:00+09:00,757.8350171213119,757.8350171213119,727.2074879319532,731.1340942382812,68800,0.0,0.0
2009-07-10 00:00:00+09:00,726.4221141540926,738.9872534259472,720.9248657226562,720.9248657226562,58000,0.0,0.0
2009-07-13 00:00:00+09:00,719.3542198663812,740.5578922860234,707.5744018554688,707.5744018554688,43300,0.0,0.0
2009-07-14 00:00:00+09:00,711.5010243466025,724.851485068338,710.715703127677,716.2129516601562,40000,0.0,0.0
2009-07-15 00:00:00+09:00,724.066323578749,724.066323578749,713.0718240883992,717.7837524414062,43200,0.0,0.0
2009-07-16 00:00:00+09:00,725.6368062872635,732.704697257594,716.2129516601562,716.2129516601562,38800,0.0,0.0
2009-07-17 00:00:00+09:00,719.3542233136744,726.4221141540926,718.5689021091835,720.9248657226562,36400,0.0,0.0
2009-07-21 00:00:00+09:00,726.4222915747018,742.1287195006413,726.4222915747018,736.6314697265625,44400,0.0,0.0
2009-07-22 00:00:00+09:00,737.4167093117865,745.2699224034988,737.4167093117865,743.6992797851562,52000,0.0,0.0
2009-07-23 00:00:00+09:00,738.2020949517656,753.1232011263226,738.2020949517656,749.1965942382812,53300,0.0,0.0
2009-07-24 00:00:00+09:00,749.9818183193688,750.767139595096,742.913926837825,747.6258544921875,40200,0.0,0.0
2009-07-27 00:00:00+09:00,747.6258974927707,753.1231467390411,740.5580056047088,746.840576171875,45100,0.0,0.0
2009-07-28 00:00:00+09:00,746.0552255900668,746.8405468801616,740.5579765594031,742.9139404296875,23100,0.0,0.0
2009-07-29 00:00:00+09:00,731.1341388384166,750.7671715676973,730.3488175292454,743.6992797851562,38200,0.0,0.0
2009-07-30 00:00:00+09:00,746.05524371267,750.7671715676973,738.2020306209577,743.6992797851562,35200,0.0,0.0
2009-07-31 00:00:00+09:00,741.3433407738096,744.4846261160715,733.4901274181548,742.128662109375,46500,0.0,0.0
2009-08-03 00:00:00+09:00,742.1286078775005,744.4845717120322,738.2020014866142,739.7726440429688,28000,0.0,0.0
2009-08-04 00:00:00+09:00,742.9140731650905,748.41132317794,741.3434303042764,746.0553588867188,41400,0.0,0.0
2009-08-05 00:00:00+09:00,749.1965151423547,749.9818364370532,744.4845873741638,748.4111938476562,20800,0.0,0.0
2009-08-06 00:00:00+09:00,752.337811540785,753.908454153605,748.4112050087349,751.552490234375,37900,0.0,0.0
2009-08-07 00:00:00+09:00,749.9819189815198,749.9819189815198,731.1342058343403,741.3433837890625,48600,0.0,0.0
2009-08-10 00:00:00+09:00,742.9140265513275,746.0553120758574,735.8461341211352,741.3433837890625,48300,0.0,0.0
2009-08-11 00:00:00+09:00,741.3433517600764,746.0552798432973,738.987387718466,745.2699584960938,26300,0.0,0.0
2009-08-12 00:00:00+09:00,746.0552687872024,746.8405901227679,742.128662109375,742.128662109375,22600,0.0,0.0
2009-08-13 00:00:00+09:00,742.9139944544834,746.8406011905007,742.12867310728,745.2699584960938,52600,0.0,0.0
2009-08-14 00:00:00+09:00,742.1286371668139,743.6992797851562,738.2020306209577,743.6992797851562,70800,0.0,0.0
2009-08-17 00:00:00+09:00,724.0662904050027,724.8516117611904,708.35986328125,708.35986328125,99400,0.0,0.0
2009-08-18 00:00:00+09:00,706.789097033049,716.9982728790818,706.789097033049,716.2129516601562,39500,0.0,0.0
2009-08-19 00:00:00+09:00,722.4957134385313,722.4957134385313,711.5012134514233,713.857177734375,38500,0.0,0.0
2009-08-20 00:00:00+09:00,716.9983023973172,723.2808724073703,710.715732387264,720.1395874023438,31200,0.0,0.0
2009-08-21 00:00:00+09:00,711.5009765625,713.8569400610513,706.7890495653974,711.5009765625,34200,0.0,0.0
2009-08-24 00:00:00+09:00,712.2865063131956,726.4222914439977,711.50118491704,723.281005859375,47900,0.0,0.0
2009-08-25 00:00:00+09:00,714.6425328475109,715.4278543121785,695.7948176954886,696.5801391601562,85300,0.0,0.0
2009-08-26 00:00:00+09:00,690.2974243164062,690.2974243164062,668.3084278649166,690.2974243164062,99600,0.0,0.0
2009-08-27 00:00:00+09:00,683.2295325998559,690.2974243164062,680.0882473925003,690.2974243164062,29600,0.0,0.0
2009-08-28 00:00:00+09:00,691.082770631414,691.082770631414,681.6589146682583,688.726806640625,19900,0.0,0.0
2009-08-31 00:00:00+09:00,683.2295325998559,694.2240308256008,667.5231065630777,690.2974243164062,59900,0.0,0.0
2009-09-02 00:00:00+09:00,668.3083300213481,676.9468630768532,668.3083300213481,675.376220703125,30400,0.0,0.0
2009-09-03 00:00:00+09:00,668.3083925494026,675.3762838924632,665.1671075080422,667.5230712890625,34200,0.0,0.0
2009-09-04 00:00:00+09:00,664.3818569388442,665.1671782827435,654.958000812052,657.31396484375,32400,0.0,0.0
2009-09-07 00:00:00+09:00,657.3139899156765,668.3084891496304,654.9580257941149,655.7433471679688,29600,0.0,0.0
2009-09-08 00:00:00+09:00,655.7433471679688,667.5231677757766,654.9580257941149,655.7433471679688,14900,0.0,0.0
2009-09-09 00:00:00+09:00,655.743247831985,667.523066655314,654.1726053222077,662.0258178710938,23700,0.0,0.0
2009-09-10 00:00:00+09:00,666.7378367164921,681.6589426029625,664.3818726291547,679.302978515625,29800,0.0,0.0
2009-09-11 00:00:00+09:00,682.4441937133932,682.4441937133932,667.5230893629279,668.3084106445312,38100,0.0,0.0
2009-09-14 00:00:00+09:00,671.449754030447,682.444252926852,653.3873629863531,676.1616821289062,49000,0.0,0.0
2009-09-15 00:00:00+09:00,687.1560080009594,687.1560080009594,667.522979200932,671.4495849609375,27600,0.0,0.0
2009-09-16 00:00:00+09:00,675.3763045992494,681.6588748745912,659.6698789108948,660.4552001953125,35800,0.0,0.0
2009-09-17 00:00:00+09:00,668.3084329554033,677.7322886492515,664.3818264162999,674.5910034179688,20300,0.0,0.0
2009-09-18 00:00:00+09:00,676.1616710898757,676.1616710898757,658.0992803406688,673.0203857421875,22000,0.0,0.0
2009-09-21 00:00:00+09:00,673.0203857421875,673.0203857421875,673.0203857421875,673.0203857421875,0,0.0,0.0
2009-09-24 00:00:00+09:00,667.5232005654146,674.5910932772838,655.7433793789662,665.167236328125,48000,0.0,0.0
2009-09-25 00:00:00+09:00,676.1616729368646,684.0148863275367,651.8167114257812,651.8167114257812,56400,0.0,0.0
2009-09-28 00:00:00+09:00,663.596376731179,663.596376731179,645.5339901455966,647.8899536132812,27900,0.0,0.0
2009-09-29 00:00:00+09:00,645.5341354635158,654.1726701230033,624.3304594811375,632.968994140625,53200,0.0,0.0
2009-09-30 00:00:00+09:00,647.1047696200284,691.082763671875,647.1047696200284,691.082763671875,99500,0.0,0.0
2009-10-01 00:00:00+09:00,691.082644440407,698.935856309048,673.0202571425326,675.376220703125,42000,0.0,0.0
2009-10-02 00:00:00+09:00,683.229402240954,683.229402240954,667.522979200932,671.4495849609375,37700,0.0,0.0
2009-10-05 00:00:00+09:00,675.376201317966,689.5119822757839,674.5908801536428,682.444091796875,30800,0.0,0.0
2009-10-06 00:00:00+09:00,684.8001874406762,684.8001874406762,659.6699053327613,672.2350463867188,32200,0.0,0.0
2009-10-07 00:00:00+09:00,664.3816978870739,664.3816978870739,640.0367420543324,647.8899536132812,55900,0.0,0.0
2009-10-08 00:00:00+09:00,651.0314547655058,655.7433832680306,641.6075977604563,643.9635620117188,60400,0.0,0.0
2009-10-09 00:00:00+09:00,643.9634927981544,643.9634927981544,630.6130301425829,632.968994140625,42400,0.0,0.0
2009-10-13 00:00:00+09:00,640.0369369240473,640.0369369240473,629.0424373940637,629.8277587890625,53300,0.0,0.0
2009-10-14 00:00:00+09:00,628.2571123231132,630.6130764943249,618.0479342478626,624.3305053710938,62000,0.0,0.0
2009-10-15 00:00:00+09:00,623.5452231032339,636.8956875777363,621.189258784204,631.3984375,51400,0.0,0.0
2009-10-16 00:00:00+09:00,629.8276684233356,633.7542748349524,621.1891343177786,625.9010620117188,25800,0.0,0.0
2009-10-19 00:00:00+09:00,620.4038876076564,623.5451731145307,614.1213165939081,621.189208984375,53500,0.0,0.0
2009-10-20 00:00:00+09:00,629.0424480600461,649.4608046762274,618.8332697519555,646.3195190429688,57300,0.0,0.0
2009-10-21 00:00:00+09:00,646.319374056389,647.1046952885353,634.5395555741948,640.0368041992188,39600,0.0,0.0
2009-10-22 00:00:00+09:00,632.1836343151346,641.6074897334968,632.1836343151346,639.2515258789062,23000,0.0,0.0
2009-10-23 00:00:00+09:00,632.9690406655366,636.8956476175559,622.7598625902859,624.3305053710938,43000,0.0,0.0
2009-10-26 00:00:00+09:00,620.4037541507008,630.6129298519149,613.3358632806295,618.0477905273438,69500,0.0,0.0
2009-10-27 00:00:00+09:00,614.121224709698,619.618473524235,599.2001207845263,603.9120483398438,42300,0.0,0.0
2009-10-28 00:00:00+09:00,611.7652493744894,617.2624980851716,596.8441457312092,600.770751953125,38100,0.0,0.0
2009-10-29 00:00:00+09:00,601.5562099210515,610.1947455726594,595.273638538064,596.0589599609375,43100,0.0,0.0
2009-10-30 00:00:00+09:00,611.7653409883573,611.7653409883573,599.2001991965553,604.6974487304688,27600,0.0,0.0
2009-11-02 00:00:00+09:00,604.6974014362115,609.4093292396107,599.200152332246,599.9854736328125,33600,0.0,0.0
2009-11-04 00:00:00+09:00,596.8441477390314,602.3413964682068,590.5615777628311,592.9175415039062,29000,0.0,0.0
2009-11-05 00:00:00+09:00,593.7028785468116,596.8441636184878,577.9964531884302,580.3524169921875,36500,0.0,0.0
2009-11-06 00:00:00+09:00,577.2112612664616,577.9965827103616,560.7195109445628,564.6461181640625,55400,0.0,0.0
2009-11-09 00:00:00+09:00,559.9340662073206,559.9340662073206,551.2955322265625,551.2955322265625,47000,0.0,0.0
2009-11-10 00:00:00+09:00,554.4367625136915,557.5780472871402,545.7982293867076,548.9395141601562,80400,0.0,0.0
2009-11-11 00:00:00+09:00,554.4368105191711,565.4313081781914,552.8661679964539,553.6514892578125,28000,0.0,0.0
2009-11-12 00:00:00+09:00,561.5047892194724,563.8607533700435,552.0809326171875,552.0809326171875,21700,0.0,0.0
2009-11-13 00:00:00+09:00,575.6404870368767,575.6404870368767,557.5780979484072,567.001953125,50100,0.0,0.0
2009-11-16 00:00:00+09:00,559.9340593486812,565.4313081781914,553.6514892578125,553.6514892578125,19500,0.0,0.0
2009-11-17 00:00:00+09:00,556.0074962269176,559.1487815163352,550.5102469704368,552.8662109375,15800,0.0,0.0
2009-11-18 00:00:00+09:00,553.6514295399618,556.7927142465714,545.7982177734375,545.7982177734375,25300,0.0,0.0
2009-11-19 00:00:00+09:00,549.7249425843705,552.0809066240178,537.945122386134,540.3010864257812,26200,0.0,0.0
2009-11-20 00:00:00+09:00,541.8717221206246,549.7249354846915,540.3010794478112,542.6570434570312,24800,0.0,0.0
2009-11-24 00:00:00+09:00,545.0129482364514,545.7982694875126,534.8037719726562,534.8037719726562,27300,0.0,0.0
2009-11-25 00:00:00+09:00,535.5892082348205,541.0864581727145,531.6626011363247,537.1598510742188,19000,0.0,0.0
2009-11-26 00:00:00+09:00,537.1598473804485,549.724990009231,537.1598473804485,545.0130615234375,29800,0.0,0.0
2009-11-27 00:00:00+09:00,549.7249937894052,549.7249937894052,535.5892082348205,537.1598510742188,22300,0.0,0.0
2009-11-30 00:00:00+09:00,526.1653229344049,541.8717504846857,524.5946801793768,533.2332153320312,52200,0.0,0.0
2009-12-01 00:00:00+09:00,526.9505095337793,549.7248236566996,526.9505095337793,545.7982177734375,41500,0.0,0.0
2009-12-02 00:00:00+09:00,545.0129620587385,551.2955322265625,534.0184642650463,551.2955322265625,25700,0.0,0.0
2009-12-03 00:00:00+09:00,562.2899895562066,565.4312744140625,557.5780622694227,565.4312744140625,29100,0.0,0.0
2009-12-04 00:00:00+09:00,565.4312643856233,565.4312643856233,553.6514463775894,554.436767578125,23600,0.0,0.0
2009-12-07 00:00:00+09:00,559.1486947813386,562.2899795834809,554.436767578125,554.436767578125,18000,0.0,0.0
2009-12-08 00:00:00+09:00,556.0074281598082,557.5780706122371,554.4367857073794,555.2221069335938,16900,0.0,0.0
2009-12-09 00:00:00+09:00,553.651575384235,556.0075395348063,550.51028985014,552.0809326171875,16200,0.0,0.0
2009-12-10 00:00:00+09:00,550.5103114235299,556.0075613236221,545.0130615234375,545.0130615234375,24300,0.0,0.0
2009-12-11 00:00:00+09:00,545.0130615234375,551.2956328378287,545.0130615234375,545.0130615234375,27300,0.0,0.0
2009-12-14 00:00:00+09:00,549.7248583500929,555.2221069335938,545.0129309928063,555.2221069335938,23400,0.0,0.0
2009-12-15 00:00:00+09:00,557.5780523802674,557.5780523802674,541.8716283695557,554.436767578125,42500,0.0,0.0
2009-12-16 00:00:00+09:00,552.8662789432451,563.8607788085938,552.8662789432451,563.8607788085938,29000,0.0,0.0
2009-12-17 00:00:00+09:00,561.5047677715173,564.6460531856237,554.4368755897779,559.1488037109375,15200,0.0,0.0
2009-12-18 00:00:00+09:00,553.6515542362513,563.860731832097,553.6515542362513,559.1488037109375,15800,0.0,0.0
2009-12-21 00:00:00+09:00,559.1487312963453,562.2900163036282,554.4368037854211,556.0074462890625,9600,0.0,0.0
2009-12-22 00:00:00+09:00,556.7928175492721,560.719424161044,551.2955682927912,552.8662109375,20600,0.0,0.0
2009-12-24 00:00:00+09:00,561.5047858239558,567.7873568541539,559.1488216876315,559.9341430664062,33900,0.0,0.0
2009-12-25 00:00:00+09:00,559.1488680567629,565.4314396079625,559.1488680567629,564.6461181640625,11200,0.0,0.0
2009-12-28 00:00:00+09:00,562.2900820858829,570.1432955228365,561.5047607421875,561.5047607421875,18100,0.0,0.0
2009-12-29 00:00:00+09:00,562.2900820858829,567.7873314917504,561.5047607421875,561.5047607421875,11100,0.0,0.0
2009-12-30 00:00:00+09:00,563.0754752762626,567.0020824957624,558.3635466128629,564.6461181640625,21300,0.0,0.0
2010-01-04 00:00:00+09:00,563.0753240505187,566.2166089824602,560.7193603515625,560.7193603515625,12100,0.0,0.0
2010-01-05 00:00:00+09:00,561.5046583829453,563.860621984552,554.436767578125,554.436767578125,24600,0.0,0.0
2010-01-06 00:00:00+09:00,559.9341464524249,559.9341464524249,549.7249684666164,552.0809326171875,26200,0.0,0.0
2010-01-07 00:00:00+09:00,552.8661566066335,553.6514778518133,549.7248716259139,550.5101928710938,17200,0.0,0.0
2010-01-08 00:00:00+09:00,552.0808267887234,561.5046815845479,551.2955055557379,560.7193603515625,28300,0.0,0.0
2010-01-12 00:00:00+09:00,563.0754104785705,563.0754104785705,558.3634823574109,559.1488037109375,13400,0.0,0.0
2010-01-13 00:00:00+09:00,561.5047892194724,563.0754319865199,552.0809326171875,552.0809326171875,39400,0.0,0.0
2010-01-14 00:00:00+09:00,556.0074329536502,560.7193603515625,553.6514692546941,560.7193603515625,16600,0.0,0.0
2010-01-15 00:00:00+09:00,557.5780458006435,560.7193305657175,553.651439844301,556.792724609375,32300,0.0,0.0
2010-01-18 00:00:00+09:00,557.5781610038842,563.0754104785705,556.7928396503577,559.1488037109375,19400,0.0,0.0
2010-01-19 00:00:00+09:00,563.8606319851345,568.5725592719184,563.0753107706706,565.4312744140625,17000,0.0,0.0
2010-01-20 00:00:00+09:00,577.2111523771939,579.5671162644478,565.4313329409247,573.2845458984375,35600,0.0,0.0
2010-01-21 00:00:00+09:00,574.069794457806,579.567042831547,566.2165824953189,570.1431884765625,25400,0.0,0.0
2010-01-22 00:00:00+09:00,567.0020101480551,567.7873314917504,557.5781540237107,561.5047607421875,24900,0.0,0.0
2010-01-25 00:00:00+09:00,557.5780706122371,557.5780706122371,553.6514644811649,555.2221069335938,23100,0.0,0.0
2010-01-26 00:00:00+09:00,556.0075395348063,559.9341464524249,552.0809326171875,552.0809326171875,20200,0.0,0.0
2010-01-27 00:00:00+09:00,550.5101813996368,551.2955026284523,547.368896484375,547.368896484375,27500,0.0,0.0
2010-01-28 00:00:00+09:00,547.3689506312779,549.7249145507812,546.5836293247768,549.7249145507812,16000,0.0,0.0
2010-01-29 00:00:00+09:00,549.7249354846915,552.8662208303183,542.6570434570312,542.6570434570312,18700,0.0,0.0
2010-02-01 00:00:00+09:00,542.6569844832679,542.6569844832679,534.0184507215951,534.8037719726562,33900,0.0,0.0
2010-02-02 00:00:00+09:00,534.8038725479789,541.8717651367188,534.0185511492301,541.8717651367188,34300,0.0,0.0
2010-02-03 00:00:00+09:00,541.8717221206246,549.7249354846915,540.3010794478112,542.6570434570312,18000,0.0,0.0
2010-02-04 00:00:00+09:00,542.657119104984,547.3690477802805,537.9451904296875,537.9451904296875,31500,0.0,0.0
2010-02-05 00:00:00+09:00,534.8037605229298,534.8037605229298,530.0918331174414,531.6624755859375,23700,0.0,0.0
2010-02-08 00:00:00+09:00,531.6624026702383,531.6624026702383,527.7357970375186,528.5211181640625,15700,0.0,0.0
2010-02-09 00:00:00+09:00,528.5213264658626,528.5213264658626,526.95068359375,526.95068359375,16500,0.0,0.0
2010-02-10 00:00:00+09:00,526.9506155857346,532.4478649286558,526.9506155857346,529.3065795898438,16500,0.0,0.0
2010-02-12 00:00:00+09:00,533.2330789469986,545.7982177734375,530.8771154170414,545.7982177734375,26700,0.0,0.0
2010-02-15 00:00:00+09:00,541.8716118901754,545.7982177734375,533.2330789469986,545.7982177734375,25600,0.0,0.0
2010-02-16 00:00:00+09:00,538.7304578316875,541.871743300094,535.5891723632812,535.5891723632812,12300,0.0,0.0
2010-02-17 00:00:00+09:00,544.3562247721354,545.153232421875,535.589140625,537.9801635742188,29800,10.0,0.0
2010-02-18 00:00:00+09:00,537.9802352950552,538.7772430510479,535.5892120270772,537.1832275390625,15500,0.0,0.0
2010-02-19 00:00:00+09:00,537.9802168661089,537.9802168661089,533.9951782226562,533.9951782226562,23900,0.0,0.0
2010-02-22 00:00:00+09:00,536.3861482747396,541.1681941731771,536.3861482747396,537.9801635742188,9300,0.0,0.0
2010-02-23 00:00:00+09:00,537.9802352950552,540.3712585630333,536.3862197830698,537.1832275390625,7600,0.0,0.0
2010-02-24 00:00:00+09:00,534.7920339146833,540.3710864294416,530.8069964041417,531.60400390625,26900,0.0,0.0
2010-02-25 00:00:00+09:00,536.386099901028,536.386099901028,530.0100392781331,532.4010620117188,20300,0.0,0.0
2010-02-26 00:00:00+09:00,530.807046855995,537.1831074788898,530.0100392781331,532.4010620117188,24300,0.0,0.0
2010-03-01 00:00:00+09:00,533.9951675801625,539.574221569806,533.1981598673564,534.7921752929688,18300,0.0,0.0
2010-03-02 00:00:00+09:00,534.7921329752604,537.9801635742188,532.4011100260417,537.9801635742188,19500,0.0,0.0
2010-03-03 00:00:00+09:00,532.4010289247138,539.5740966796875,530.807013868053,539.5740966796875,17400,0.0,0.0
2010-03-04 00:00:00+09:00,531.6041472700305,533.9951704211701,530.0101318359375,530.0101318359375,21800,0.0,0.0
2010-03-05 00:00:00+09:00,534.7920339146833,534.7920339146833,530.0099889020333,531.60400390625,13700,0.0,0.0
2010-03-08 00:00:00+09:00,535.5890414167916,535.5890414167916,531.60400390625,531.60400390625,20100,0.0,0.0
2010-03-09 00:00:00+09:00,531.6039949630322,533.9950174291328,527.6189575195312,527.6189575195312,21400,0.0,0.0
2010-03-10 00:00:00+09:00,528.4159754581423,529.212982962604,526.024952944757,526.8219604492188,24200,0.0,0.0
2010-03-11 00:00:00+09:00,526.8219201604586,530.8069573780112,523.6338903864164,525.2279052734375,39100,0.0,0.0
2010-03-12 00:00:00+09:00,525.227985364819,529.2130231900452,522.039955104638,528.416015625,50900,0.0,0.0
2010-03-15 00:00:00+09:00,532.4010534502262,534.792076145362,526.8220004949095,528.416015625,35400,0.0,0.0
2010-03-16 00:00:00+09:00,529.2130126953125,531.6040353430323,527.6189975968326,529.2130126953125,12400,0.0,0.0
2010-03-17 00:00:00+09:00,530.807046855995,532.4010620117188,529.2130317002714,532.4010620117188,17400,0.0,0.0
2010-03-18 00:00:00+09:00,532.4010830899258,534.792105918174,528.4160450428456,530.8070678710938,26400,0.0,0.0
2010-03-19 00:00:00+09:00,533.1980695895805,534.7920847453044,531.6040544338568,532.4010620117188,14300,0.0,0.0
2010-03-23 00:00:00+09:00,534.7921540712354,540.3712078394897,532.4011310276978,536.3861694335938,29200,0.0,0.0
2010-03-24 00:00:00+09:00,537.980010446194,541.9650475606102,532.4009584860112,540.3710327148438,55600,0.0,0.0
2010-03-25 00:00:00+09:00,539.5742508070406,541.9652740750186,533.9951965150918,537.1832275390625,47900,0.0,0.0
2010-03-26 00:00:00+09:00,536.3859956004275,540.3710327148438,533.1979659088945,540.3710327148438,32400,0.0,0.0
2010-03-29 00:00:00+09:00,541.1681498061131,545.9501953125,540.3711422217153,545.9501953125,13100,0.0,0.0
2010-03-30 00:00:00+09:00,551.5291516355347,565.0782781930551,546.7471069681745,562.687255859375,55700,0.0,0.0
2010-03-31 00:00:00+09:00,562.6873966700593,565.8754272460938,558.7023584500165,565.8754272460938,28400,0.0,0.0
2010-04-01 00:00:00+09:00,562.6873273700687,565.8753575534686,558.7022896408189,561.8903198242188,14300,0.0,0.0
2010-04-02 00:00:00+09:00,561.0933649553572,562.6873801967076,557.9053344726562,557.9053344726562,22600,0.0,0.0
2010-04-05 00:00:00+09:00,562.6873273700687,566.6723650993185,557.905282094969,561.8903198242188,27800,0.0,0.0
2010-04-06 00:00:00+09:00,564.2814357138087,564.2814357138087,557.9053742933137,559.4993896484375,23900,0.0,0.0
2010-04-07 00:00:00+09:00,561.093333259246,561.8903408348984,558.7023105322891,560.2963256835938,21800,0.0,0.0
2010-04-08 00:00:00+09:00,561.0933837890625,561.8903914364902,556.3113379044967,561.0933837890625,19000,0.0,0.0
2010-04-09 00:00:00+09:00,558.7023105322891,561.093333259246,558.7023105322891,560.2963256835938,22700,0.0,0.0
2010-04-12 00:00:00+09:00,563.4843331080784,569.0633859111288,561.0933104781998,566.67236328125,41700,0.0,0.0
2010-04-13 00:00:00+09:00,569.8604525216288,572.2514753993419,566.6724220180113,571.4544677734375,20200,0.0,0.0
2010-04-14 00:00:00+09:00,575.4395385742188,605.725830078125,574.6425309030633,605.725830078125,77600,0.0,0.0
2010-04-15 00:00:00+09:00,604.1317902225776,604.9287978613936,589.7856527238883,593.7706909179688,69000,0.0,0.0
2010-04-16 00:00:00+09:00,595.3647110380873,597.7557339739832,581.8155810680104,584.2066040039062,43300,0.0,0.0
2010-04-19 00:00:00+09:00,574.6424455721952,581.8155135474377,573.8454380193906,575.439453125,15200,0.0,0.0
2010-04-20 00:00:00+09:00,574.6425435941513,582.6126204817263,574.6425435941513,581.8156127929688,13700,0.0,0.0
2010-04-21 00:00:00+09:00,582.612588713309,585.8006192945036,581.8155810680104,584.2066040039062,21400,0.0,0.0
2010-04-22 00:00:00+09:00,586.5976508620689,586.5976508620689,576.2365510506465,577.83056640625,21100,0.0,0.0
2010-04-23 00:00:00+09:00,578.6276501713967,587.3947357800542,577.8306423887915,585.8007202148438,27000,0.0,0.0
2010-04-26 00:00:00+09:00,592.9737490699405,603.3348495241195,592.1767413426959,602.537841796875,45200,0.0,0.0
2010-04-27 00:00:00+09:00,602.5378178301906,609.7108870900738,599.3497870480203,608.9138793945312,51000,0.0,0.0
2010-04-28 00:00:00+09:00,605.7258194912122,608.116842462888,599.34975823341,606.5228271484375,39500,0.0,0.0
2010-04-30 00:00:00+09:00,605.7258620066875,606.5228697198543,602.5378311540208,603.3348388671875,22100,0.0,0.0
2010-05-06 00:00:00+09:00,602.5375986328125,604.1316134440104,596.1615393880209,597.7555541992188,30200,0.0,0.0
2010-05-07 00:00:00+09:00,549.9353308651034,580.2216244489787,541.965253606189,570.6575317382812,71100,0.0,0.0
2010-05-10 00:00:00+09:00,565.8754121350385,581.0185569668212,564.2813968895877,576.2365112304688,19600,0.0,0.0
2010-05-11 00:00:00+09:00,578.6275820379387,583.4096281704838,573.0485282166363,581.8156127929688,33900,0.0,0.0
2010-05-12 00:00:00+09:00,583.4094879150391,586.5975179036459,573.8453979492188,573.8453979492188,27700,0.0,0.0
2010-05-13 00:00:00+09:00,577.0336090171961,581.815655500764,575.4395935226735,578.6276245117188,14800,0.0,0.0
2010-05-14 00:00:00+09:00,576.236502899765,577.8305181221709,569.063434398938,572.25146484375,40500,0.0,0.0
2010-05-17 00:00:00+09:00,566.6724587464944,571.4545048118656,557.9053742933137,559.4993896484375,38200,0.0,0.0
2010-05-18 00:00:00+09:00,556.3113722108251,557.9053876039793,545.9502721553226,553.9203491210938,23600,0.0,0.0
2010-05-19 00:00:00+09:00,550.7323156511902,558.702392578125,545.9502694950294,558.702392578125,24900,0.0,0.0
2010-05-20 00:00:00+09:00,550.7321441909747,565.8752856376151,545.9500995236145,562.687255859375,11200,0.0,0.0
2010-05-21 00:00:00+09:00,553.9202585385714,554.7172661048139,545.9501828761458,551.5292358398438,47900,0.0,0.0
2010-05-24 00:00:00+09:00,557.9053474195076,557.9053474195076,547.5442481102882,552.3262939453125,21000,0.0,0.0
2010-05-25 00:00:00+09:00,554.7173595677613,556.3113749688181,546.7472825624774,549.1383056640625,19600,0.0,0.0
2010-05-26 00:00:00+09:00,547.5441297623555,553.1231820306764,542.7620849609375,542.7620849609375,19700,0.0,0.0
2010-05-27 00:00:00+09:00,542.7622176226447,545.1532406077665,541.9652099609375,541.9652099609375,15500,0.0,0.0
2010-05-28 00:00:00+09:00,545.9501953125,549.935233234489,543.5591725593065,545.9501953125,26800,0.0,0.0
2010-05-31 00:00:00+09:00,549.9352416992188,556.311302472543,546.7472113125566,549.9352416992188,16100,0.0,0.0
2010-06-01 00:00:00+09:00,552.3262939453125,553.9203092236539,551.5292863061418,552.3262939453125,6700,0.0,0.0
2010-06-02 00:00:00+09:00,553.1232720858809,553.9202796825465,549.9352416992188,549.9352416992188,9300,0.0,0.0
2010-06-03 00:00:00+09:00,552.3263520989807,557.1083984375,552.3263520989807,557.1083984375,19600,0.0,0.0
2010-06-04 00:00:00+09:00,556.3113907144134,557.1083984375,555.5143829913269,557.1083984375,4800,0.0,0.0
2010-06-07 00:00:00+09:00,553.9203116293384,554.7173192719705,547.5442504882812,547.5442504882812,12000,0.0,0.0
2010-06-08 00:00:00+09:00,553.9204058730811,554.7174136513157,545.1533203125,545.1533203125,10900,0.0,0.0
2010-06-09 00:00:00+09:00,545.950235203017,549.1382657735455,544.3562199177527,547.5442504882812,7300,0.0,0.0
2010-06-10 00:00:00+09:00,543.5592122751206,549.9352734161777,543.5592122751206,547.5442504882812,7700,0.0,0.0
2010-06-11 00:00:00+09:00,555.5143672682897,555.5143672682897,549.1383056640625,549.1383056640625,28200,0.0,0.0
2010-06-14 00:00:00+09:00,553.9203675451538,561.0934370529328,549.1383212066345,557.1083984375,43700,0.0,0.0
2010-06-15 00:00:00+09:00,549.9352416992188,553.1232720858809,549.1382341025533,549.9352416992188,31000,0.0,0.0
2010-06-16 00:00:00+09:00,551.5293366270038,553.9203597626699,551.5293366270038,553.1233520507812,15900,0.0,0.0
2010-06-17 00:00:00+09:00,552.3262644892154,552.3262644892154,549.9352416992188,549.9352416992188,14400,0.0,0.0
2010-06-18 00:00:00+09:00,549.1382657735455,550.7322810588098,546.7472428456491,547.5442504882812,16300,0.0,0.0
2010-06-21 00:00:00+09:00,552.3263443388925,553.9203597626699,547.5442980675601,553.1233520507812,11900,0.0,0.0
2010-06-22 00:00:00+09:00,556.311239132936,556.311239132936,553.9202166151726,554.7172241210938,5500,0.0,0.0
2010-06-23 00:00:00+09:00,553.9202585385714,554.7172661048139,551.5292358398438,551.5292358398438,19400,0.0,0.0
2010-06-24 00:00:00+09:00,553.9203092236539,555.5143245019955,552.3262939453125,552.3262939453125,4900,0.0,0.0
2010-06-25 00:00:00+09:00,552.3263337279395,555.514364514248,550.7323183347853,553.9203491210938,15800,0.0,0.0
2010-06-28 00:00:00+09:00,555.5143245019955,559.499362697849,552.3262939453125,552.3262939453125,16800,0.0,0.0
2010-06-29 00:00:00+09:00,530.0099814810404,530.0099814810404,487.768584460747,490.15960693359375,157000,0.0,0.0
2010-06-30 00:00:00+09:00,478.20455401423845,479.7985691942859,466.2494401638825,467.04644775390625,78900,0.0,0.0
2010-07-01 00:00:00+09:00,466.2494230270386,472.6254835128784,457.4823398590088,459.07635498046875,61100,0.0,0.0
2010-07-02 00:00:00+09:00,448.7152537782196,450.3092688893323,438.35415555598723,440.74517822265625,81700,0.0,0.0
2010-07-05 00:00:00+09:00,443.933264916344,453.4973567996405,442.3392496024613,450.309326171875,25500,0.0,0.0
2010-07-06 00:00:00+09:00,457.48235339916215,458.27936098348124,451.1062927246094,451.1062927246094,30400,0.0,0.0
2010-07-07 00:00:00+09:00,451.9034075291037,455.88844639620334,439.94829092780463,443.1363220214844,34800,0.0,0.0
2010-07-08 00:00:00+09:00,446.3243531151641,449.51238420884386,442.3393142480644,443.1363220214844,35800,0.0,0.0
2010-07-09 00:00:00+09:00,444.7302725732854,451.10633382881633,444.7302725732854,450.309326171875,20500,0.0,0.0
2010-07-12 00:00:00+09:00,455.8883810348782,455.8883810348782,446.3242891250556,447.9183044433594,25000,0.0,0.0
2010-07-13 00:00:00+09:00,456.68534581484306,457.48235339916215,449.51227755597114,451.1062927246094,16100,0.0,0.0
2010-07-14 00:00:00+09:00,454.29434092257037,458.2793790008385,451.1063104599558,456.68536376953125,19500,0.0,0.0
2010-07-15 00:00:00+09:00,457.48238555745587,457.48238555745587,448.7153015136719,448.7153015136719,28800,0.0,0.0
2010-07-16 00:00:00+09:00,452.7003099714007,452.7003099714007,445.5272416796003,446.3242492675781,18100,0.0,0.0
2010-07-21 00:00:00+09:00,445.5273561219911,446.32436391469594,442.3393249511719,442.3393249511719,15400,0.0,0.0
2010-07-22 00:00:00+09:00,442.3393249511719,443.93334053658145,440.74530936576224,442.3393249511719,16900,0.0,0.0
2010-07-23 00:00:00+09:00,439.9481441682156,440.74515167576675,427.19602404739777,428.7900390625,80700,0.0,0.0
2010-07-26 00:00:00+09:00,433.5720545259633,433.5720545259633,421.6169427283724,424.0079650878906,40600,0.0,0.0
2010-07-27 00:00:00+09:00,423.21105250984033,424.8050677735309,414.4439685595423,416.8349914550781,47700,0.0,0.0
2010-07-28 00:00:00+09:00,420.02305138881667,420.8200590764615,416.83502063823744,419.2260437011719,34800,0.0,0.0
2010-07-29 00:00:00+09:00,420.02301247975646,420.02301247975646,415.240966796875,415.240966796875,34100,0.0,0.0
2010-07-30 00:00:00+09:00,415.24093722192475,416.0379447789726,412.84991455078125,412.84991455078125,31000,0.0,0.0
2010-08-02 00:00:00+09:00,412.8499461942506,412.8499461942506,409.6619157217081,410.45892333984375,34900,0.0,0.0
2010-08-03 00:00:00+09:00,410.4588823540266,414.4439200467841,410.4588823540266,411.2558898925781,16000,0.0,0.0
2010-08-04 00:00:00+09:00,412.84995563440674,413.6469632707666,411.25594036168707,412.0529479980469,24100,0.0,0.0
2010-08-05 00:00:00+09:00,413.64695156924785,417.63198963831576,412.0529363416207,415.240966796875,23500,0.0,0.0
2010-08-06 00:00:00+09:00,416.83502063823744,420.8200590764615,416.83502063823744,419.2260437011719,26800,0.0,0.0
2010-08-09 00:00:00+09:00,427.1960609310963,454.29431852747183,423.2110230492764,437.5571594238281,49800,0.0,0.0
2010-08-10 00:00:00+09:00,444.7302372373384,450.3092903926455,438.35417648841593,439.15118408203125,28700,0.0,0.0
2010-08-11 00:00:00+09:00,441.5421943254368,444.730224609375,426.3990504767305,444.730224609375,35900,0.0,0.0
2010-08-12 00:00:00+09:00,435.1661787960507,435.1661787960507,428.79011756826975,434.3691711425781,27400,0.0,0.0
2010-08-13 00:00:00+09:00,440.74518972928405,440.74518972928405,432.7751139656442,437.5571594238281,32100,0.0,0.0
2010-08-16 00:00:00+09:00,437.55719111515924,439.1512063833383,434.3691605788011,435.1661682128906,31000,0.0,0.0
2010-08-17 00:00:00+09:00,433.5721255964851,433.5721255964851,413.64693600105835,427.9930725097656,41500,0.0,0.0
2010-08-18 00:00:00+09:00,409.66196743554303,412.0529905917816,400.89488252933495,408.8649597167969,74600,0.0,0.0
2010-08-19 00:00:00+09:00,406.47383598432145,408.06785102739724,403.28580589816994,407.2708435058594,26500,0.0,0.0
2010-08-20 00:00:00+09:00,406.4738980991634,411.25594395915357,404.08287516916835,404.8798828125,32200,0.0,0.0
2010-08-23 00:00:00+09:00,402.48883894378065,410.45891496246935,402.48883894378065,406.473876953125,29100,0.0,0.0
2010-08-24 00:00:00+09:00,402.4888823188797,403.2858900066399,398.50384388007893,400.8948669433594,28900,0.0,0.0
2010-08-25 00:00:00+09:00,397.70676893528884,397.70676893528884,392.1277160644531,392.1277160644531,24800,0.0,0.0
2010-08-26 00:00:00+09:00,392.127764073068,397.7068176269531,390.533748771958,397.7068176269531,33600,0.0,0.0
2010-08-27 00:00:00+09:00,390.5337512033706,394.518789480956,390.5337512033706,392.9247741699219,20500,0.0,0.0
2010-08-30 00:00:00+09:00,394.518789480956,396.1128047919902,391.3307588588877,392.9247741699219,20500,0.0,0.0
2010-08-31 00:00:00+09:00,391.33068928953077,392.9247043171867,388.9396667480469,388.9396667480469,15700,0.0,0.0
2010-09-01 00:00:00+09:00,387.3456925973755,391.33073058706043,386.5486849994385,388.1427001953125,24200,0.0,0.0
2010-09-02 00:00:00+09:00,381.766603239999,390.5336859866378,376.98455810546875,376.98455810546875,57500,0.0,0.0
2010-09-03 00:00:00+09:00,373.7966069315464,380.17266845703125,372.99959924086085,380.17266845703125,23500,0.0,0.0
2010-09-06 00:00:00+09:00,380.1726927930104,380.1726927930104,373.796630859375,373.796630859375,37600,0.0,0.0
2010-09-07 00:00:00+09:00,372.9994992052661,386.5486263131497,366.6234393897915,380.9695739746094,55200,0.0,0.0
2010-09-08 00:00:00+09:00,376.984548451288,378.57856345531036,373.79651844324326,375.3905334472656,12000,0.0,0.0
2010-09-09 00:00:00+09:00,376.9845938241947,399.3008065664303,375.39057862832067,388.1427001953125,33900,0.0,0.0
2010-09-10 00:00:00+09:00,385.75166499952553,397.7067785842216,383.36064228258635,393.72174072265625,30600,0.0,0.0
2010-09-13 00:00:00+09:00,392.12776528635334,399.30083416354273,390.53374998031126,395.3157958984375,9200,0.0,0.0
2010-09-14 00:00:00+09:00,394.5187777052942,398.5038158639336,390.5337395466549,396.11279296875,19500,0.0,0.0
2010-09-16 00:00:00+09:00,387.34573767320165,388.14274536388723,377.7816453849744,380.17266845703125,19400,0.0,0.0
2010-09-17 00:00:00+09:00,385.7517111306662,385.7517111306662,356.2624274285285,362.63848876953125,92100,0.0,0.0
2010-09-21 00:00:00+09:00,363.43546803225917,363.43546803225917,357.05940718958794,357.8564147949219,33300,0.0,0.0
2010-09-22 00:00:00+09:00,363.43547758453434,363.43547758453434,355.4654013217156,359.450439453125,9600,0.0,0.0
2010-09-24 00:00:00+09:00,358.65341288931415,358.65341288931415,356.26239013671875,356.26239013671875,25800,0.0,0.0
2010-09-27 00:00:00+09:00,355.4653815375434,358.6534118652344,349.0893208821614,358.6534118652344,23400,0.0,0.0
2010-09-28 00:00:00+09:00,356.26234994952597,357.0593574438202,349.88628999517204,354.6683349609375,16600,0.0,0.0
2010-09-29 00:00:00+09:00,350.6833788180728,354.6684172137327,350.6833788180728,353.07440185546875,35000,0.0,0.0
2010-09-30 00:00:00+09:00,350.6833013490189,351.4803088520848,342.7132263183594,342.7132263183594,30900,0.0,0.0
2010-10-01 00:00:00+09:00,344.3072198275862,346.6982421875,341.9161974676724,346.6982421875,14700,0.0,0.0
2010-10-04 00:00:00+09:00,346.6982638336891,346.6982638336891,342.7132263183594,342.7132263183594,12200,0.0,0.0
2010-10-05 00:00:00+09:00,338.7282348485385,338.7282348485385,319.6000521747386,329.9611511230469,40900,0.0,0.0
2010-10-06 00:00:00+09:00,323.585094698626,325.97611756585724,319.60005658657394,320.3970642089844,25700,0.0,0.0
2010-10-07 00:00:00+09:00,320.3970854187012,320.3970854187012,315.61503936767576,318.8030700683594,40900,0.0,0.0
2010-10-08 00:00:00+09:00,315.61505126953125,319.6000897956617,314.02103585907906,315.61505126953125,54200,0.0,0.0
2010-10-12 00:00:00+09:00,315.61504885389184,315.61504885389184,302.06591796875,302.06591796875,51100,0.0,0.0
2010-10-13 00:00:00+09:00,302.0658596554318,302.86286720069677,294.0957842027819,294.8927917480469,47200,0.0,0.0
2010-10-14 00:00:00+09:00,295.6897783997238,298.877808355516,292.50174844393166,296.4867858886719,46800,0.0,0.0
2010-10-15 00:00:00+09:00,298.08089440818725,301.26892536442455,294.0958557128906,294.0958557128906,38700,0.0,0.0
2010-10-18 00:00:00+09:00,290.9077515713004,290.9077515713004,254.24540479793103,274.17059326171875,156300,0.0,0.0
2010-10-19 00:00:00+09:00,275.764674126924,276.5616818556145,259.82451955311336,266.9975891113281,100800,0.0,0.0
2010-10-20 00:00:00+09:00,266.997549154379,267.794556763795,263.0125111072987,265.4035339355469,26200,0.0,0.0
2010-10-21 00:00:00+09:00,269.38853194073937,269.38853194073937,259.02743455840323,261.41845703125,51900,0.0,0.0
2010-10-22 00:00:00+09:00,261.4185350104944,266.9975891113281,261.4185350104944,266.9975891113281,31000,0.0,0.0
2010-10-25 00:00:00+09:00,266.99756100547353,266.99756100547353,261.4185074919263,262.21551513671875,35200,0.0,0.0
2010-10-26 00:00:00+09:00,266.99757314828724,266.99757314828724,258.230488656851,259.0274963378906,33800,0.0,0.0
2010-10-27 00:00:00+09:00,259.02743455840323,262.21546452219894,258.2304270674543,261.41845703125,35100,0.0,0.0
2010-10-28 00:00:00+09:00,264.6065119925262,277.35863305240696,264.6065119925262,275.7646179199219,85600,0.0,0.0
2010-10-29 00:00:00+09:00,264.6064643972391,278.9525980091376,264.6064643972391,270.1855163574219,40900,0.0,0.0
2010-11-01 00:00:00+09:00,272.57662030388326,276.5616586124196,263.01252836339614,270.98260498046875,26600,0.0,0.0
2010-11-02 00:00:00+09:00,266.2006011236282,270.9826478503999,262.2155621846517,267.79461669921875,21900,0.0,0.0
2010-11-04 00:00:00+09:00,266.2005415449629,273.37361002970744,262.21550349788265,265.4035339355469,38600,0.0,0.0
2010-11-05 00:00:00+09:00,266.2004792430056,286.9226722379701,266.2004792430056,270.1855163574219,62100,0.0,0.0
2010-11-08 00:00:00+09:00,276.5616490290715,290.11077880859375,275.76464139498194,290.11077880859375,50200,0.0,0.0
2010-11-09 00:00:00+09:00,288.5167820142663,299.67488960597825,288.5167820142663,293.298828125,44300,0.0,0.0
2010-11-10 00:00:00+09:00,300.4718700062145,307.6449385209517,294.89281671697444,306.8479309082031,43100,0.0,0.0
2010-11-11 00:00:00+09:00,310.0359856414795,322.7881084442139,307.6449626159668,318.8030700683594,62300,0.0,0.0
2010-11-12 00:00:00+09:00,321.9910435267857,334.7431640625,321.9910435267857,334.7431640625,89700,0.0,0.0
2010-11-15 00:00:00+09:00,341.91626529417175,341.91626529417175,329.16414351163854,329.9611511230469,80800,0.0,0.0
2010-11-16 00:00:00+09:00,328.3671082296489,328.3671082296489,318.8030176986883,322.7880554199219,41600,0.0,0.0
2010-11-17 00:00:00+09:00,318.0060224676851,319.60003761789903,314.81799216725716,317.2090148925781,16500,0.0,0.0
2010-11-18 00:00:00+09:00,323.5851148127326,323.5851148127326,314.81803042125466,321.194091796875,40200,0.0,0.0
2010-11-19 00:00:00+09:00,325.9761057886584,325.9761057886584,321.9910678205819,323.5850830078125,26300,0.0,0.0
2010-11-22 00:00:00+09:00,325.1791135655952,339.52525092878324,325.1791135655952,333.9461975097656,35000,0.0,0.0
2010-11-24 00:00:00+09:00,327.5701480727598,335.5402246682041,318.8030638177711,330.7581787109375,59100,0.0,0.0
2010-11-25 00:00:00+09:00,326.7732238769531,331.5552710556402,324.3822002876095,326.7732238769531,22000,0.0,0.0
2010-11-26 00:00:00+09:00,326.77314682006835,326.77314682006835,318.8030700683594,318.8030700683594,27100,0.0,0.0
2010-11-29 00:00:00+09:00,318.8030025501943,319.6000100565698,306.05088244818654,307.6448974609375,54400,0.0,0.0
2010-11-30 00:00:00+09:00,304.45686391194664,307.64489390055337,282.1406539916992,286.9226989746094,296300,0.0,0.0
2010-12-01 00:00:00+09:00,290.110783663663,290.110783663663,277.35866130482066,280.54669189453125,121500,0.0,0.0
2010-12-02 00:00:00+09:00,293.29885099216597,293.29885099216597,286.9227890140754,289.3138122558594,76400,0.0,0.0
2010-12-03 00:00:00+09:00,288.51680450859806,290.907827750382,286.1257812668141,289.3138122558594,57100,0.0,0.0
2010-12-06 00:00:00+09:00,294.8927899624439,299.6748352050781,291.7047598006877,299.6748352050781,50500,0.0,0.0
2010-12-07 00:00:00+09:00,301.2688459703685,311.62994384765625,300.47183844134634,311.62994384765625,81300,0.0,0.0
2010-12-08 00:00:00+09:00,316.4119890217891,317.2089965508112,306.84789867352345,311.62994384765625,72300,0.0,0.0
2010-12-09 00:00:00+09:00,310.83295627516145,313.2239790157396,308.44193353458326,312.4269714355469,40000,0.0,0.0
2010-12-10 00:00:00+09:00,310.8329615099677,326.7731133822737,307.64493113550645,323.5850830078125,130000,0.0,0.0
2010-12-13 00:00:00+09:00,325.97609073340647,387.3456726074219,322.7880605061849,387.3456726074219,727200,0.0,0.0
2010-12-14 00:00:00+09:00,416.0379514063238,451.1062844750561,400.09780001144554,421.61700439453125,1611100,0.0,0.0
2010-12-15 00:00:00+09:00,418.4289754643614,427.1960587598051,388.93969528877784,393.72174072265625,414300,0.0,0.0
2010-12-16 00:00:00+09:00,390.5337229891234,419.22599651485496,379.3756166180056,388.1427001953125,726600,0.0,0.0
2010-12-17 00:00:00+09:00,394.51882449063385,402.4889017530709,380.96969314449086,385.7517395019531,137700,0.0,0.0
2010-12-20 00:00:00+09:00,392.12769098950037,392.12769098950037,373.79651844324326,375.3905334472656,95800,0.0,0.0
2010-12-21 00:00:00+09:00,374.59355060068214,376.9845732640907,361.84142972916953,364.2324523925781,118400,0.0,0.0
2010-12-22 00:00:00+09:00,368.21747958920406,370.60850218393915,361.0444118049988,365.0294494628906,54500,0.0,0.0
2010-12-24 00:00:00+09:00,360.2474146202305,368.21749016492583,355.46536929341323,364.2324523925781,95400,0.0,0.0
2010-12-27 00:00:00+09:00,357.85644276377917,369.014550110534,355.46541976090316,362.63848876953125,92800,0.0,0.0
2010-12-28 00:00:00+09:00,359.4504593705709,361.8414823819051,356.262428688792,360.2474670410156,39500,0.0,0.0
2010-12-29 00:00:00+09:00,374.59364318847656,393.72182922363277,372.202619934082,382.563720703125,435700,0.0,0.0
2010-12-30 00:00:00+09:00,382.56368612526825,382.56368612526825,369.0145555749983,371.40557861328125,87800,0.0,0.0
2011-01-04 00:00:00+09:00,384.15763648081634,384.15763648081634,372.2025233123262,376.18756103515625,82500,0.0,0.0
2011-01-05 00:00:00+09:00,374.5935355382036,380.1725881951556,374.5935355382036,376.98455810546875,42200,0.0,0.0
2011-01-06 00:00:00+09:00,375.3906131142064,380.172659141139,374.593605443051,378.5786437988281,54700,0.0,0.0
2011-01-07 00:00:00+09:00,378.5786027667903,380.1726179363347,374.59356484292937,379.3756103515625,29700,0.0,0.0
2011-01-11 00:00:00+09:00,379.3756280429121,396.90979572556773,377.78161279903435,384.9546813964844,84400,0.0,0.0
2011-01-12 00:00:00+09:00,391.33073058706043,400.09781416436726,387.3456925973755,388.1427001953125,106900,0.0,0.0
2011-01-13 00:00:00+09:00,393.72177007356635,397.70680823220573,388.1427166514713,396.11279296875,79000,0.0,0.0
2011-01-14 00:00:00+09:00,396.11273437249855,396.11273437249855,387.34565172039095,388.9396667480469,51500,0.0,0.0
2011-01-17 00:00:00+09:00,390.5337442614368,390.5337442614368,384.95469077198777,386.5487060546875,31000,0.0,0.0
2011-01-18 00:00:00+09:00,384.15763648081634,384.9546440253823,375.3905534905902,376.18756103515625,56900,0.0,0.0
2011-01-19 00:00:00+09:00,369.8114946523608,370.60850218393915,362.63842686815553,365.0294494628906,97100,0.0,0.0
2011-01-20 00:00:00+09:00,363.4354240068423,366.62345404199004,358.65337895412074,365.8264465332031,55700,0.0,0.0
2011-01-21 00:00:00+09:00,365.8265329088483,366.62354060581754,357.0594482421875,357.0594482421875,56700,0.0,0.0
2011-01-24 00:00:00+09:00,357.05938036327234,357.05938036327234,343.5102520905589,348.29229736328125,46800,0.0,0.0
2011-01-25 00:00:00+09:00,348.29236095277224,367.42054553599087,347.4953532618048,361.84149169921875,78400,0.0,0.0
2011-01-26 00:00:00+09:00,362.6384518597577,366.6234897922825,350.6833380621833,353.8713684082031,48800,0.0,0.0
2011-01-27 00:00:00+09:00,353.07440185546875,358.65345560939267,351.4803864972048,353.07440185546875,28000,0.0,0.0
2011-01-28 00:00:00+09:00,355.46532417385055,357.0593390804597,346.6982421875,346.6982421875,35300,0.0,0.0
2011-01-31 00:00:00+09:00,339.525239119293,341.9162619299923,335.5402011014609,337.13421630859375,46400,0.0,0.0
2011-02-01 00:00:00+09:00,337.1342988002895,341.1193377932007,335.540283203125,335.540283203125,20000,0.0,0.0
2011-02-02 00:00:00+09:00,338.72825960457186,344.30731329217656,337.93125193491403,341.9162902832031,35500,0.0,0.0
2011-02-03 00:00:00+09:00,343.510381329304,349.8864440917969,342.71337348399237,349.8864440917969,40100,0.0,0.0
2011-02-04 00:00:00+09:00,350.68339998759916,353.87143089657735,350.68339998759916,351.48040771484375,28800,0.0,0.0
2011-02-07 00:00:00+09:00,354.6684120932778,363.4354964371566,353.87140442565243,362.63848876953125,45100,0.0,0.0
2011-02-08 00:00:00+09:00,365.82649701989214,369.8115351137908,362.6384665447733,366.6235046386719,41300,0.0,0.0
2011-02-09 00:00:00+09:00,366.623543031754,371.40558924521173,366.623543031754,370.60858154296875,33100,0.0,0.0
2011-02-10 00:00:00+09:00,371.40554921621896,374.5935796815942,365.8264959018122,369.0145263671875,31300,0.0,0.0
2011-02-14 00:00:00+09:00,369.8115724742922,373.7966109707824,366.6235416771,372.9996032714844,43900,0.0,0.0
2011-02-15 00:00:00+09:00,372.20257819914247,372.20257819914247,367.4205322265625,367.4205322265625,26500,0.0,0.0
2011-02-16 00:00:00+09:00,365.02947149213577,365.02947149213577,358.6534108547185,361.04443359375,23800,0.0,0.0
2011-02-17 00:00:00+09:00,364.23248521081626,364.23248521081626,357.85642420056126,359.450439453125,33200,0.0,0.0
2011-02-18 00:00:00+09:00,359.450439453125,362.6384699582525,357.0594165742794,359.450439453125,25900,0.0,0.0
2011-02-21 00:00:00+09:00,361.84145892599355,366.6235046386719,360.2474436884341,366.6235046386719,26600,0.0,0.0
2011-02-22 00:00:00+09:00,367.4204720576257,370.60850218393915,362.63842686815553,365.0294494628906,44700,0.0,0.0
2011-02-23 00:00:00+09:00,402.4887913133132,428.7900390625,391.3306862075976,428.7900390625,580900,0.0,0.0
2011-02-24 00:00:00+09:00,431.1810821654305,450.3092632596455,398.50377279614645,401.6918029785156,768400,0.0,0.0
2011-02-25 00:00:00+09:00,393.7218073294865,396.9098381580654,376.98464547944764,384.15771484375,175200,0.0,0.0
2011-02-28 00:00:00+09:00,384.95461135928105,386.5486263131497,374.59351415913477,380.9695739746094,97500,0.0,0.0
2011-03-01 00:00:00+09:00,384.9547146011448,385.75172229183045,376.98463769428884,380.17266845703125,60400,0.0,0.0
2011-03-02 00:00:00+09:00,382.5636009653662,386.54863847542214,375.3905334472656,375.3905334472656,93100,0.0,0.0
2011-03-03 00:00:00+09:00,376.187612720246,380.1726509905876,374.5935974121094,374.5935974121094,27600,0.0,0.0
2011-03-04 00:00:00+09:00,376.9846203743144,378.57863568245097,374.5935974121094,374.5935974121094,29100,0.0,0.0
2011-03-07 00:00:00+09:00,376.1875409492768,378.57856345531036,374.59352594525444,375.3905334472656,30900,0.0,0.0
2011-03-08 00:00:00+09:00,374.59352594525444,378.57856345531036,374.59352594525444,375.3905334472656,16500,0.0,0.0
2011-03-09 00:00:00+09:00,376.1875291130034,380.9695739746094,374.59351415913477,380.9695739746094,36800,0.0,0.0
2011-03-10 00:00:00+09:00,384.15770161322536,412.8499780822629,383.36069393352983,389.73675537109375,380200,0.0,0.0
2011-03-11 00:00:00+09:00,387.3457015430953,387.3457015430953,369.0145263671875,369.0145263671875,133000,0.0,0.0
2011-03-14 00:00:00+09:00,305.2539395904541,330.75818519592286,305.2539395904541,318.8030700683594,162000,0.0,0.0
2011-03-15 00:00:00+09:00,317.2090091705322,317.2090091705322,255.04241943359375,255.04241943359375,217100,0.0,0.0
2011-03-16 00:00:00+09:00,263.8094815572103,290.90773646036786,263.0124740600586,286.9226989746094,126600,0.0,0.0
2011-03-17 00:00:00+09:00,278.9526434816482,295.6898020905471,270.1855604007964,287.7197265625,102500,0.0,0.0
2011-03-18 00:00:00+09:00,294.0958436858558,307.64497469577327,294.0958436858558,297.28387451171875,112600,0.0,0.0
2011-03-22 00:00:00+09:00,321.194080024738,329.9611640948921,314.8180188828077,324.3821105957031,82400,0.0,0.0
2011-03-23 00:00:00+09:00,334.7432014123717,334.7432014123717,319.60005658657394,320.3970642089844,72400,0.0,0.0
2011-03-24 00:00:00+09:00,326.77309499946153,326.77309499946153,318.0060119628906,318.0060119628906,42100,0.0,0.0
2011-03-25 00:00:00+09:00,321.9910876674793,326.77313352392696,309.23896538361873,324.3821105957031,73700,0.0,0.0
2011-03-28 00:00:00+09:00,327.5701812520295,329.1641967325747,317.209080628486,325.9761657714844,49400,0.0,0.0
2011-03-29 00:00:00+09:00,321.99106034322,325.9760982187549,309.2389391415083,317.2090148925781,78700,0.0,0.0
2011-03-30 00:00:00+09:00,314.02098459215017,324.3820830685409,311.62996186682926,317.2090148925781,75300,0.0,0.0
2011-03-31 00:00:00+09:00,321.1940812214766,322.78809651289833,318.0060506386332,321.9910888671875,35300,0.0,0.0
2011-04-01 00:00:00+09:00,318.80300173722685,321.19402425025606,307.6448966764239,310.0359191894531,67600,0.0,0.0
2011-04-04 00:00:00+09:00,311.6299765846946,315.6150146484375,306.05092329545454,306.8479309082031,29600,0.0,0.0
2011-04-05 00:00:00+09:00,307.6449827163938,309.2389981708829,301.2689208984375,301.2689208984375,37500,0.0,0.0
2011-04-06 00:00:00+09:00,301.26888447691374,303.65990736958764,287.71975475176157,292.5018005371094,69600,0.0,0.0
2011-04-07 00:00:00+09:00,288.51671099919145,306.8478832449964,288.51671099919145,296.4867858886719,50600,0.0,0.0
2011-04-08 00:00:00+09:00,294.8927400716146,301.2687993164063,292.5017178548177,298.8777770996094,43100,0.0,0.0
2011-04-11 00:00:00+09:00,300.4719117332318,308.44198896753505,300.4719117332318,303.6599426269531,35500,0.0,0.0
2011-04-12 00:00:00+09:00,302.86292566787597,306.05095646437996,300.471902570498,302.06591796875,27500,0.0,0.0
2011-04-13 00:00:00+09:00,302.0659073679071,306.0509457236842,301.26889969675165,302.8629150390625,26600,0.0,0.0
2011-04-14 00:00:00+09:00,302.8629243061805,308.44197817497854,302.8629243061805,304.4569396972656,38000,0.0,0.0
2011-04-15 00:00:00+09:00,303.65989316742997,304.45690076104523,299.67485519935343,300.47186279296875,47700,0.0,0.0
2011-04-18 00:00:00+09:00,302.8629150390625,305.2539380525288,301.26889969675165,302.8629150390625,13700,0.0,0.0
2011-04-19 00:00:00+09:00,302.8628653668343,302.8628653668343,298.8778276646391,299.6748352050781,19800,0.0,0.0
2011-04-20 00:00:00+09:00,300.4718920255962,306.84795339483964,300.4718920255962,302.8629150390625,19400,0.0,0.0
2011-04-21 00:00:00+09:00,306.84796278389337,306.84796278389337,303.65993200172306,304.4569396972656,12100,0.0,0.0
2011-04-22 00:00:00+09:00,305.25387494181103,310.03591998006397,303.6598599290601,307.6448974609375,18700,0.0,0.0
2011-04-25 00:00:00+09:00,310.0359935660637,310.0359935660637,303.65993200172306,304.4569396972656,17400,0.0,0.0
2011-04-26 00:00:00+09:00,303.659933367002,305.25394876525394,302.06591796875,302.06591796875,16400,0.0,0.0
2011-04-27 00:00:00+09:00,305.25394739280824,306.84796278389337,304.4569396972656,304.4569396972656,12500,0.0,0.0
2011-04-28 00:00:00+09:00,302.86294404271376,306.0509750326371,302.86294404271376,305.25396728515625,14800,0.0,0.0
2011-05-02 00:00:00+09:00,307.6448966764239,314.0209567111684,307.6448966764239,310.0359191894531,27100,0.0,0.0
2011-05-06 00:00:00+09:00,314.8180435643051,315.61505126953125,310.8330050381747,315.61505126953125,18200,0.0,0.0
2011-05-09 00:00:00+09:00,316.41200731747114,318.80303004279205,313.2239770170432,317.2090148925781,20300,0.0,0.0
2011-05-10 00:00:00+09:00,318.8030700683594,321.1940930938721,317.20905471801757,318.8030700683594,12700,0.0,0.0
2011-05-11 00:00:00+09:00,321.991100769043,321.991100769043,318.0060623931885,318.8030700683594,17400,0.0,0.0
2011-05-12 00:00:00+09:00,318.8030899314215,320.3971053810786,317.20907448176433,319.60009765625,13300,0.0,0.0
2011-05-13 00:00:00+09:00,318.0060330254004,320.3970558301027,314.81800261913077,316.4120178222656,35900,0.0,0.0
2011-05-16 00:00:00+09:00,315.61499974236415,318.80303004279205,314.81799216725716,317.2090148925781,19900,0.0,0.0
2011-05-17 00:00:00+09:00,318.0060358939411,332.3521728515625,317.20902828518433,332.3521728515625,61300,0.0,0.0
2011-05-18 00:00:00+09:00,334.7431967914968,337.1342196257218,329.16414351163854,329.9611511230469,38800,0.0,0.0
2011-05-19 00:00:00+09:00,334.7431924309529,374.59357248225683,331.5551620268486,339.5252380371094,280300,0.0,0.0
2011-05-20 00:00:00+09:00,344.30726353083975,370.6085128283344,334.74317287720527,364.2324523925781,208300,0.0,0.0
2011-05-23 00:00:00+09:00,362.6384699582525,364.23248521081626,348.2923326851788,359.450439453125,38500,0.0,0.0
2011-05-24 00:00:00+09:00,354.6684007886926,355.4654084309144,340.3222632287006,345.10430908203125,39600,0.0,0.0
2011-05-25 00:00:00+09:00,340.3222882600757,344.30732676429204,334.74323435417284,336.3372497558594,17500,0.0,0.0
2011-05-26 00:00:00+09:00,334.74320631760816,335.5402139516977,330.75816814716046,331.55517578125,13900,0.0,0.0
2011-05-27 00:00:00+09:00,331.5552199533924,333.94624317421017,324.3821502909392,325.9761657714844,18400,0.0,0.0
2011-05-30 00:00:00+09:00,326.77312882817165,337.1342280349185,323.58509830301875,333.9461975097656,18000,0.0,0.0
2011-05-31 00:00:00+09:00,337.93118129996367,345.1042488275572,337.1341737968977,342.7132263183594,23400,0.0,0.0
2011-06-01 00:00:00+09:00,346.6983268076698,346.6983268076698,337.9312426814988,340.322265625,16200,0.0,0.0
2011-06-02 00:00:00+09:00,335.54017159598214,336.3371791294643,331.5551339285714,334.7431640625,16200,0.0,0.0
2011-06-03 00:00:00+09:00,334.7433025080983,336.3373182343273,326.7732238769531,326.7732238769531,17300,0.0,0.0
2011-06-06 00:00:00+09:00,334.74321700865966,334.74321700865966,329.16416339184866,330.7581787109375,18500,0.0,0.0
2011-06-07 00:00:00+09:00,333.14918987847744,336.33722040363034,330.7581669846127,333.9461975097656,11000,0.0,0.0
2011-06-08 00:00:00+09:00,338.7282728583892,338.7282728583892,334.74323435417284,336.3372497558594,7300,0.0,0.0
2011-06-09 00:00:00+09:00,336.3372910017073,337.1342988002895,333.94626760596054,335.540283203125,10000,0.0,0.0
2011-06-10 00:00:00+09:00,338.7282315157266,341.9162619299923,335.5402011014609,337.13421630859375,33100,0.0,0.0
2011-06-13 00:00:00+09:00,337.9312239121602,338.7282315157266,336.33720870502736,337.13421630859375,15100,0.0,0.0
2011-06-14 00:00:00+09:00,337.13417228208766,347.4952697753906,337.13417228208766,347.4952697753906,36500,0.0,0.0
2011-06-15 00:00:00+09:00,338.7282017299107,341.1192243303571,334.7431640625,334.7431640625,54100,0.0,0.0
2011-06-16 00:00:00+09:00,334.7433025080983,334.7433025080983,325.9762160138386,326.7732238769531,31400,0.0,0.0
2011-06-17 00:00:00+09:00,326.77314682006835,332.35220054626467,318.0060623931885,318.8030700683594,48700,0.0,0.0
2011-06-20 00:00:00+09:00,318.803083502306,321.99111433732907,313.2240295410156,313.2240295410156,65800,0.0,0.0
2011-06-21 00:00:00+09:00,313.2240163421631,318.8030700683594,313.2240163421631,318.8030700683594,24600,0.0,0.0
2011-06-22 00:00:00+09:00,321.991176698266,327.57023174006764,320.39716097203694,326.7732238769531,16400,0.0,0.0
2011-06-23 00:00:00+09:00,327.57015317249534,328.3671608444479,321.194091796875,321.194091796875,25800,0.0,0.0
2011-06-24 00:00:00+09:00,322.7881071407801,324.38212248468517,321.194091796875,321.194091796875,17500,0.0,0.0
2011-06-27 00:00:00+09:00,322.78809651289833,325.17911945003095,321.9910888671875,321.9910888671875,45700,0.0,0.0
2011-06-28 00:00:00+09:00,320.39716097203694,326.7732238769531,318.8031452458079,326.7732238769531,49400,0.0,0.0
2011-06-29 00:00:00+09:00,330.758157634049,332.3521728515625,328.36713480777877,332.3521728515625,29500,0.0,0.0
2011-06-30 00:00:00+09:00,332.3521623383299,333.149169921875,329.9611395876944,333.149169921875,12400,0.0,0.0
2011-07-01 00:00:00+09:00,333.94626760596054,335.540283203125,333.94626760596054,335.540283203125,36000,0.0,0.0
2011-07-04 00:00:00+09:00,337.1342257151884,341.11926384420957,335.54021046357997,338.7282409667969,31700,0.0,0.0
2011-07-05 00:00:00+09:00,341.1192708709224,347.4953320086966,336.33722501759166,345.10430908203125,36200,0.0,0.0
2011-07-06 00:00:00+09:00,345.10422728089077,346.6982421875,343.5102123742816,346.6982421875,24400,0.0,0.0
2011-07-07 00:00:00+09:00,348.29227727487546,349.0892847743603,346.6982622759058,347.4952697753906,14700,0.0,0.0
2011-07-08 00:00:00+09:00,348.29242840117365,350.6834519371085,347.49542055586204,349.8864440917969,27900,0.0,0.0
2011-07-11 00:00:00+09:00,353.87137676825233,357.8564147949219,353.07436916291846,357.8564147949219,25900,0.0,0.0
2011-07-12 00:00:00+09:00,356.26238911946615,358.6534118652344,354.66837395562067,358.6534118652344,30300,0.0,0.0
2011-07-13 00:00:00+09:00,358.6534504314045,364.2325041047819,357.85644276377917,362.63848876953125,21100,0.0,0.0
2011-07-14 00:00:00+09:00,365.02950677320325,372.9995833403038,363.4354914597832,372.20257568359375,31600,0.0,0.0
2011-07-15 00:00:00+09:00,369.81155908635236,369.81155908635236,358.6534517001262,360.2474670410156,47400,0.0,0.0
2011-07-19 00:00:00+09:00,359.4504300055897,364.2324756375931,357.05940718958794,357.8564147949219,25400,0.0,0.0
2011-07-20 00:00:00+09:00,356.2623700881753,358.6533927062167,355.4653625488281,355.4653625488281,21600,0.0,0.0
2011-07-21 00:00:00+09:00,355.4654048039363,356.2624124380258,352.2773742675781,352.2773742675781,20700,0.0,0.0
2011-07-22 00:00:00+09:00,354.6684711055668,355.46547890580405,349.08941650390625,349.08941650390625,40300,0.0,0.0
2011-07-25 00:00:00+09:00,355.4654048039363,356.2624124380258,347.49532846304083,352.2773742675781,90500,0.0,0.0
2011-07-26 00:00:00+09:00,350.683349609375,353.87138006036935,350.683349609375,350.683349609375,36800,0.0,0.0
2011-07-27 00:00:00+09:00,350.68329977332996,351.4803072728148,346.6982622759058,347.4952697753906,43200,0.0,0.0
2011-07-28 00:00:00+09:00,346.69841271055043,349.8864440917969,345.9014048652388,349.8864440917969,30900,0.0,0.0
2011-07-29 00:00:00+09:00,349.88635493536196,349.88635493536196,345.10430908203125,345.10430908203125,18200,0.0,0.0
2011-08-01 00:00:00+09:00,345.10431151200237,345.9013191598361,338.7282503293326,340.322265625,36200,0.0,0.0
2011-08-02 00:00:00+09:00,342.7132966783312,345.10431967841254,338.7282583448622,344.30731201171875,16300,0.0,0.0
2011-08-03 00:00:00+09:00,341.1193053047612,342.71332075011054,337.9312744140625,337.9312744140625,26400,0.0,0.0
2011-08-04 00:00:00+09:00,341.11926384420957,342.713279095818,338.7282409667969,338.7282409667969,14100,0.0,0.0
2011-08-05 00:00:00+09:00,334.7431967914968,334.7431967914968,328.3671359002302,329.9611511230469,46800,0.0,0.0
2011-08-08 00:00:00+09:00,328.36705508474574,333.14909957627117,326.7730402542373,329.1640625,31400,0.0,0.0
2011-08-09 00:00:00+09:00,318.80297614532765,328.3670654296875,316.4119538242377,328.3670654296875,65400,0.0,0.0
2011-08-10 00:00:00+09:00,334.74323435417284,338.7282728583892,333.1492189524863,336.3372497558594,25200,0.0,0.0
2011-08-11 00:00:00+09:00,328.3671418313419,338.7282409667969,327.57013420553767,338.7282409667969,23700,0.0,0.0
2011-08-12 00:00:00+09:00,341.1192626953125,341.9162703184324,337.931232202833,341.1192626953125,32100,0.0,0.0
2011-08-15 00:00:00+09:00,345.90127472692006,348.29229736328125,344.3072596360126,348.29229736328125,36200,0.0,0.0
2011-08-16 00:00:00+09:00,348.29227883982105,349.08928634288696,340.3222038091615,342.7132263183594,71400,0.0,0.0
2011-08-17 00:00:00+09:00,336.26225603757985,336.26225603757985,328.1984129671343,331.4239501953125,147700,5.0,0.0
2011-08-18 00:00:00+09:00,332.23030996905567,333.03669421655337,329.0047729790648,329.8111572265625,27600,0.0,0.0
2011-08-19 00:00:00+09:00,326.5856202365717,329.8111572265625,324.9728517415763,329.8111572265625,26300,0.0,0.0
2011-08-22 00:00:00+09:00,323.36009521484374,329.00478515624997,322.5537109375,322.5537109375,26300,0.0,0.0
2011-08-23 00:00:00+09:00,327.39193157121247,329.81108377494064,326.5855475033031,329.00469970703125,26700,0.0,0.0
2011-08-24 00:00:00+09:00,330.617523561041,336.262212987693,328.1983709496188,334.6494445800781,44700,0.0,0.0
2011-08-25 00:00:00+09:00,334.6494690234141,338.6813903369492,334.6494690234141,336.2622375488281,39000,0.0,0.0
2011-08-26 00:00:00+09:00,338.6813903369492,339.48777459965623,324.97285787092983,336.2622375488281,38100,0.0,0.0
2011-08-29 00:00:00+09:00,332.2302797474147,333.8430480957031,330.6175113991263,333.8430480957031,21900,0.0,0.0
2011-08-30 00:00:00+09:00,331.4239260143198,337.875,330.6175417661098,337.875,19400,0.0,0.0
2011-08-31 00:00:00+09:00,337.875,338.68138424821,335.4558472553699,337.875,16700,0.0,0.0
2011-09-01 00:00:00+09:00,337.06858479228,337.8749689664242,327.3919747025495,333.8430480957031,18100,0.0,0.0
2011-09-02 00:00:00+09:00,333.84305489345746,343.51966518022437,333.84305489345746,340.29412841796875,43700,0.0,0.0
2011-09-05 00:00:00+09:00,342.7133360109129,353.1963321712467,339.4877987308102,345.9388732910156,48800,0.0,0.0
2011-09-06 00:00:00+09:00,355.6154357216575,356.4218199296431,347.55159364180133,354.8090515136719,41400,0.0,0.0
2011-09-07 00:00:00+09:00,351.58350752890806,352.38989172048815,343.5196656131074,344.3260498046875,28300,0.0,0.0
2011-09-08 00:00:00+09:00,350.77705103323,351.58343505859375,345.9387468810475,351.58343505859375,21700,0.0,0.0
2011-09-09 00:00:00+09:00,346.74517394191,357.2281675727119,346.74517394191,356.4217834472656,56400,0.0,0.0
2011-09-12 00:00:00+09:00,353.19625659699136,394.3218481185588,353.19625659699136,379.00054931640625,249100,0.0,0.0
2011-09-13 00:00:00+09:00,371.7430511406337,379.80689172936763,358.84090619865947,360.45367431640625,96800,0.0,0.0
2011-09-14 00:00:00+09:00,372.5494824786519,382.2260924131623,366.0984091889783,381.4197082519531,77200,0.0,0.0
2011-09-15 00:00:00+09:00,386.258009182677,395.12823486328125,379.8069359604193,395.12823486328125,108100,0.0,0.0
2011-09-16 00:00:00+09:00,395.1282597931338,404.8048702370473,395.1282597931338,400.77294921875,89100,0.0,0.0
2011-09-20 00:00:00+09:00,395.12823486328125,398.3537714744101,374.9686310437261,395.12823486328125,37800,0.0,0.0
2011-09-21 00:00:00+09:00,395.93459918047927,397.54736740524703,387.8707580566406,387.8707580566406,23700,0.0,0.0
2011-09-22 00:00:00+09:00,387.0643973804175,390.28993402525435,376.5814032846979,381.4197082519531,39900,0.0,0.0
2011-09-26 00:00:00+09:00,379.00053535411564,379.00053535411564,370.13031005859375,370.13031005859375,30800,0.0,0.0
2011-09-27 00:00:00+09:00,362.87288951669564,376.5814208984375,345.1324371403239,376.5814208984375,91200,0.0,0.0
2011-09-28 00:00:00+09:00,376.5813993492905,395.12823486328125,352.3898747658243,395.12823486328125,73000,0.0,0.0
2011-09-29 00:00:00+09:00,395.1282158996833,399.1601364700882,379.80691773214454,391.9026794433594,62200,0.0,0.0
2011-09-30 00:00:00+09:00,386.25805638034717,388.677209134295,378.1942138671875,378.1942138671875,27200,0.0,0.0
2011-10-03 00:00:00+09:00,384.64524767772264,408.03038852186086,383.0324793436441,401.5793151855469,100400,0.0,0.0
2011-10-04 00:00:00+09:00,401.57932615674235,406.41763129116094,380.6133372409285,390.2899475097656,57100,0.0,0.0
2011-10-05 00:00:00+09:00,388.6772025350376,388.6772025350376,371.7431335449219,371.7431335449219,26200,0.0,0.0
2011-10-06 00:00:00+09:00,371.74307659133467,395.9346000137643,371.74307659133467,391.9026794433594,35600,0.0,0.0
2011-10-07 00:00:00+09:00,398.35379467980334,398.35379467980334,376.5814212863728,380.61334228515625,32700,0.0,0.0
2011-10-11 00:00:00+09:00,384.6452942527676,388.6772155761719,379.00060440000163,388.6772155761719,37400,0.0,0.0
2011-10-12 00:00:00+09:00,391.90276480591564,397.5474548339844,389.48361193674333,397.5474548339844,32200,0.0,0.0
2011-10-13 00:00:00+09:00,397.54737563654476,398.353759765625,395.12822324930414,398.353759765625,27700,0.0,0.0
2011-10-14 00:00:00+09:00,399.9665098248106,400.7728939171994,398.35374164003315,399.1601257324219,32100,0.0,0.0
2011-10-17 00:00:00+09:00,399.1601556271923,399.1601556271923,391.0963140993702,395.12823486328125,13300,0.0,0.0
2011-10-18 00:00:00+09:00,396.74104610528576,397.54743034533715,394.3218933851316,395.9346618652344,19300,0.0,0.0
2011-10-19 00:00:00+09:00,396.7410282004527,403.19210182972836,395.1282597931338,400.77294921875,29400,0.0,0.0
2011-10-20 00:00:00+09:00,400.7729263604856,416.09422535615806,399.96654220281863,411.25592041015625,67000,0.0,0.0
2011-10-21 00:00:00+09:00,411.2559438663229,412.0623280699824,396.7410282004527,400.77294921875,33800,0.0,0.0
2011-10-24 00:00:00+09:00,403.192138671875,424.1581298828125,402.3857543945312,423.35174560546875,65400,0.0,0.0
2011-10-25 00:00:00+09:00,424.9644642911216,426.5772326565528,415.2878540985344,416.09423828125,43600,0.0,0.0
2011-10-26 00:00:00+09:00,411.2559345482433,428.99638662679496,405.6112452505223,428.19000244140625,62900,0.0,0.0
2011-10-27 00:00:00+09:00,432.221869473997,435.44740581335515,429.8027172194783,434.6410217285156,63200,0.0,0.0
2011-10-28 00:00:00+09:00,433.02830755373856,436.2538442952934,422.5453131436853,428.19000244140625,43600,0.0,0.0
2011-10-31 00:00:00+09:00,431.4154538501068,434.640989953659,414.48138930645774,430.60906982421875,29600,0.0,0.0
2011-11-01 00:00:00+09:00,430.6091601421378,431.41554433716055,415.28786043670596,418.5133972167969,34000,0.0,0.0
2011-11-02 00:00:00+09:00,414.48146991581876,419.3197750121124,406.41762808866275,416.09423828125,21200,0.0,0.0
2011-11-04 00:00:00+09:00,413.6751281015972,416.09428089751293,406.4176697138499,408.8368225097656,25100,0.0,0.0
2011-11-07 00:00:00+09:00,408.83684084443706,411.255993748842,401.5793821312222,408.03045654296875,24100,0.0,0.0
2011-11-08 00:00:00+09:00,399.966541015625,405.6112301025391,399.966541015625,403.19207763671875,10600,0.0,0.0
2011-11-09 00:00:00+09:00,407.2240108406234,407.2240108406234,397.5474006820343,403.99847412109375,12700,0.0,0.0
2011-11-10 00:00:00+09:00,399.16019882544,399.96658306549136,393.5155091450802,395.9346618652344,12000,0.0,0.0
2011-11-11 00:00:00+09:00,393.5154370857008,399.1601257324219,387.06436434659093,399.1601257324219,15800,0.0,0.0
2011-11-14 00:00:00+09:00,403.1920913578004,418.51339082939677,403.1920913578004,416.09423828125,28800,0.0,0.0
2011-11-15 00:00:00+09:00,418.5134399414062,418.5134399414062,403.192138671875,407.22406005859375,41900,0.0,0.0
2011-11-16 00:00:00+09:00,402.3857357856455,404.80488850579974,393.5155091450802,395.9346618652344,33900,0.0,0.0
2011-11-17 00:00:00+09:00,399.96656501509057,403.19210182972836,389.4835703675176,400.77294921875,16800,0.0,0.0
2011-11-18 00:00:00+09:00,395.12828391157313,407.2240477047846,391.9027469000501,402.3857421875,42500,0.0,0.0
2011-11-21 00:00:00+09:00,395.9346618652344,401.57935154559414,393.5155091450802,395.9346618652344,13100,0.0,0.0
2011-11-22 00:00:00+09:00,391.09630260390304,400.7729121528656,390.28991847482285,398.353759765625,16500,0.0,0.0
2011-11-24 00:00:00+09:00,403.1921217490036,441.09218119340994,402.3857375055056,436.2538757324219,99700,0.0,0.0
2011-11-25 00:00:00+09:00,434.64106941223145,434.64106941223145,424.96445933255285,425.7708435058594,30100,0.0,0.0
2011-11-28 00:00:00+09:00,441.0921701616946,464.4773126382744,431.41555948173055,455.6070861816406,163800,0.0,0.0
2011-11-29 00:00:00+09:00,457.2198852539062,462.86457519531245,447.54327392578125,459.6390380859375,47900,0.0,0.0
2011-11-30 00:00:00+09:00,461.25172784593366,478.9921789169311,459.6389595667521,464.4772644042969,82600,0.0,0.0
2011-12-01 00:00:00+09:00,469.31561215273985,470.92838057938155,447.54323839307665,461.25177001953125,51600,0.0,0.0
2011-12-02 00:00:00+09:00,474.96030352519597,497.5390615875143,468.509229793105,485.44329833984375,177200,0.0,0.0
2011-12-05 00:00:00+09:00,488.6689036833934,488.6689036833934,465.2837581275875,471.7348327636719,66200,0.0,0.0
2011-12-06 00:00:00+09:00,471.73481508982263,471.73481508982263,443.5113646143632,448.34967041015625,46600,0.0,0.0
2011-12-07 00:00:00+09:00,447.5432202513789,459.63898296087564,443.5112993482133,458.0262145996094,26400,0.0,0.0
2011-12-08 00:00:00+09:00,450.76875697391137,458.0262145996094,446.73683607074577,458.0262145996094,36600,0.0,0.0
2011-12-09 00:00:00+09:00,443.5112626211984,453.9942561013358,435.44742148263117,451.5751037597656,59800,0.0,0.0
2011-12-12 00:00:00+09:00,451.5751474250219,463.6709103024778,451.5751474250219,460.44537353515625,32600,0.0,0.0
2011-12-13 00:00:00+09:00,462.0581612797107,477.37946156647246,458.83262437723454,475.7666931152344,51400,0.0,0.0
2011-12-14 00:00:00+09:00,478.1858702459696,479.79863877968285,461.2518006419808,469.3156433105469,36100,0.0,0.0
2011-12-15 00:00:00+09:00,483.8303877667683,495.9261474609375,474.15378001143296,495.9261474609375,122100,0.0,0.0
2011-12-16 00:00:00+09:00,495.92623593626905,495.92623593626905,475.76663284942885,479.7985534667969,55400,0.0,0.0
2011-12-19 00:00:00+09:00,475.76668083566557,479.79860185969665,472.54114401644074,474.9602966308594,21500,0.0,0.0
2011-12-20 00:00:00+09:00,471.7347775363592,471.7347775363592,462.86455095020546,466.090087890625,30900,0.0,0.0
2011-12-21 00:00:00+09:00,470.9283748751889,473.3475274858491,464.47730124676167,466.8964538574219,18500,0.0,0.0
2011-12-22 00:00:00+09:00,464.4772565857438,495.92623750040354,464.4772565857438,487.8623962402344,67300,0.0,0.0
2011-12-26 00:00:00+09:00,483.8304740841649,485.4432423311122,475.76663284942885,479.7985534667969,54300,0.0,0.0
2011-12-27 00:00:00+09:00,479.79856513680136,480.6049492798884,467.7028029904954,476.5730285644531,31300,0.0,0.0
2011-12-28 00:00:00+09:00,472.5410890335525,475.7666254774675,466.0900161457224,473.34747314453125,26000,0.0,0.0
2011-12-29 00:00:00+09:00,468.5092094381442,470.12197780109824,459.6389834418971,462.0581359863281,35600,0.0,0.0
2011-12-30 00:00:00+09:00,466.0901062431205,469.3156433105469,462.86456917569404,469.3156433105469,18600,0.0,0.0
2012-01-04 00:00:00+09:00,472.54118048178185,481.4114074191532,468.5092591466131,477.3794860839844,39900,0.0,0.0
2012-01-05 00:00:00+09:00,471.73474616405224,473.3475145270063,456.41344671598904,462.0581359863281,34400,0.0,0.0
2012-01-06 00:00:00+09:00,466.090062877969,466.8964470697994,457.21983676783464,460.44537353515625,13100,0.0,0.0
2012-01-10 00:00:00+09:00,460.44536227522224,470.12197234055094,458.8325939310008,467.70281982421875,18400,0.0,0.0
2012-01-11 00:00:00+09:00,466.8964542232148,474.9602962650665,466.8964542232148,470.9283752441406,13700,0.0,0.0
2012-01-12 00:00:00+09:00,474.9602582189772,474.9602582189772,458.8325754271613,464.4772644042969,29800,0.0,0.0
2012-01-13 00:00:00+09:00,460.44537353515625,466.8964470697994,457.21983676783464,460.44537353515625,26000,0.0,0.0
2012-01-16 00:00:00+09:00,466.8963919184349,466.8963919184349,459.63893504923647,462.8644714355469,8400,0.0,0.0
2012-01-17 00:00:00+09:00,461.25176443254804,466.8964538574219,461.25176443254804,466.8964538574219,7700,0.0,0.0
2012-01-18 00:00:00+09:00,467.70277601501255,467.70277601501255,462.8644714355469,462.8644714355469,5800,0.0,0.0
2012-01-19 00:00:00+09:00,459.63895817948736,478.18579333409826,455.6070374937024,456.4134216308594,46800,0.0,0.0
2012-01-20 00:00:00+09:00,462.8646051390558,474.9603700817141,460.44545215052415,471.7348327636719,21000,0.0,0.0
2012-01-23 00:00:00+09:00,471.7347838094846,471.7347838094846,467.7028625803437,468.5092468261719,15700,0.0,0.0
2012-01-24 00:00:00+09:00,475.7666343499806,498.3453898784543,474.9602502239637,487.8623962402344,137100,0.0,0.0
2012-01-25 00:00:00+09:00,488.6687973484849,495.9262547348485,478.99218750000006,478.9921875,72500,0.0,0.0
2012-01-26 00:00:00+09:00,476.5730350378788,482.21772411616166,475.7666508838384,478.9921875,11300,0.0,0.0
2012-01-27 00:00:00+09:00,476.57291970957885,483.0239913807745,461.2516244904892,463.6707763671875,68000,0.0,0.0
2012-01-30 00:00:00+09:00,471.7347122320608,479.7985534667969,466.0900233677456,479.7985534667969,23900,0.0,0.0
2012-01-31 00:00:00+09:00,478.9922243051193,481.41137695312494,474.9603032251099,481.411376953125,24700,0.0,0.0
2012-02-01 00:00:00+09:00,481.4114197711555,481.4114197711555,472.54119260619285,474.1539611816406,24200,0.0,0.0
2012-02-02 00:00:00+09:00,474.1538761351919,478.99218099371427,474.1538761351919,476.5730285644531,9900,0.0,0.0
2012-02-03 00:00:00+09:00,477.3794860839844,477.3794860839844,473.3475647488156,477.3794860839844,9500,0.0,0.0
2012-02-06 00:00:00+09:00,478.99218031326654,478.99218031326654,472.5411071777344,472.5411071777344,15300,0.0,0.0
2012-02-07 00:00:00+09:00,469.3157164375737,470.92848522258254,467.7029476525649,470.1221008300781,17100,0.0,0.0
2012-02-08 00:00:00+09:00,468.50927116757344,474.1539611816406,466.0901183044018,474.1539611816406,15300,0.0,0.0
2012-02-09 00:00:00+09:00,473.34756464482996,473.34756464482996,467.7028747768337,469.3156433105469,12100,0.0,0.0
2012-02-10 00:00:00+09:00,463.67092265949384,465.28369108613555,461.25177001953125,461.25177001953125,37400,0.0,0.0
2012-02-13 00:00:00+09:00,458.02622095966507,462.05814191881706,456.41345257600426,460.44537353515625,17100,0.0,0.0
2012-02-14 00:00:00+09:00,458.8325607844762,459.6389448983329,448.34956730433873,451.5751037597656,50000,0.0,0.0
2012-02-15 00:00:00+09:00,449.1559886126451,462.058135502775,449.1559886126451,458.0262145996094,44000,0.0,0.0
2012-02-16 00:00:00+09:00,463.67091704320825,466.8964538574219,462.05814863610146,466.8964538574219,21900,0.0,0.0
2012-02-17 00:00:00+09:00,466.0900078218573,466.8963919184349,460.44531914581404,462.8644714355469,40000,0.0,0.0
2012-02-20 00:00:00+09:00,462.8645626607223,462.8645626607223,443.5113405285667,450.768798828125,65300,0.0,0.0
2012-02-21 00:00:00+09:00,447.5431974728902,466.09003268347846,445.1240450541178,464.4772644042969,29300,0.0,0.0
2012-02-22 00:00:00+09:00,462.8645455053297,478.1858457920915,459.63900860285355,475.7666931152344,78500,0.0,0.0
2012-02-23 00:00:00+09:00,508.0221517396327,514.4732266823581,479.7986988652086,489.4753112792969,190100,0.0,0.0
2012-02-24 00:00:00+09:00,481.4113650710729,496.732664796953,481.4113650710729,484.63690185546875,80100,0.0,0.0
2012-02-27 00:00:00+09:00,490.2816097005208,490.2816097005208,479.79861475626626,483.8305358886719,55900,0.0,0.0
2012-02-28 00:00:00+09:00,481.41138320922846,483.8305358886718,477.3794620768229,483.8305358886719,28000,0.0,0.0
2012-02-29 00:00:00+09:00,483.0241010229742,483.0241010229742,471.7347230357928,472.5411071777344,52100,0.0,0.0
2012-03-01 00:00:00+09:00,472.54108059447816,474.960232884211,453.99424637319316,462.8644714355469,70400,0.0,0.0
2012-03-02 00:00:00+09:00,461.25181257805855,475.7667297570884,461.25181257805855,474.1539611816406,31000,0.0,0.0
2012-03-05 00:00:00+09:00,474.96033328288314,480.60502315211943,474.1539490158494,477.3794860839844,27700,0.0,0.0
2012-03-06 00:00:00+09:00,479.79863888508567,483.0241759532207,476.57310181695067,477.3794860839844,33500,0.0,0.0
2012-03-07 00:00:00+09:00,475.7667175499169,477.3794860839844,474.96033328288314,477.3794860839844,20400,0.0,0.0
2012-03-08 00:00:00+09:00,480.60502315211943,480.60502315211943,476.57310181695067,477.3794860839844,26200,0.0,0.0
2012-03-09 00:00:00+09:00,479.7985734610722,493.50710413138853,477.3794209898399,491.08795166015625,116700,0.0,0.0
2012-03-12 00:00:00+09:00,488.66869164443597,499.9580673589939,488.66869164443597,495.9261474609375,62800,0.0,0.0
2012-03-13 00:00:00+09:00,496.7326472662633,500.7645681044635,493.5071105957032,493.5071105957031,28800,0.0,0.0
2012-03-14 00:00:00+09:00,494.31351935669346,499.95820881101133,494.31351935669346,495.1199035644531,30300,0.0,0.0
2012-03-15 00:00:00+09:00,496.73272705078125,499.9582642394227,491.8944212678191,496.73272705078125,37500,0.0,0.0
2012-03-16 00:00:00+09:00,495.11986655377325,499.15178729118185,482.2177201940658,492.7007141113281,38000,0.0,0.0
2012-03-19 00:00:00+09:00,490.281573925143,497.53903143390335,490.281573925143,493.5071105957031,25900,0.0,0.0
2012-03-21 00:00:00+09:00,491.08795166015625,493.50710413138853,490.2815675030788,491.08795166015625,41600,0.0,0.0
2012-03-22 00:00:00+09:00,491.8942799853978,511.24749755859375,490.2815118542981,511.24749755859375,62800,0.0,0.0
2012-03-23 00:00:00+09:00,512.8603646682084,531.4072017552662,508.0220593411498,525.7625122070312,164400,0.0,0.0
2012-03-26 00:00:00+09:00,533.8262513939891,536.2454035906386,511.24749755859375,511.24749755859375,147500,0.0,0.0
2012-03-27 00:00:00+09:00,519.3114531596393,591.886035122943,512.0539949633089,591.0796508789062,516900,0.0,0.0
2012-03-28 00:00:00+09:00,578.9837499723744,578.9837499723744,561.2433008088756,570.113525390625,188100,0.0,0.0
2012-03-29 00:00:00+09:00,564.46892381205,611.2392060707626,564.46892381205,587.8540649414062,192500,0.0,0.0
2012-03-30 00:00:00+09:00,578.1774664938039,601.5626080953664,573.3391613348599,584.6285400390625,73000,0.0,0.0
2012-04-02 00:00:00+09:00,588.6603684120989,611.2391222690014,586.2412162131451,606.4008178710938,124900,0.0,0.0
2012-04-03 00:00:00+09:00,606.4008650683198,606.4008650683198,591.0795666157958,597.5306396484375,71400,0.0,0.0
2012-04-04 00:00:00+09:00,604.7880735511933,620.1093714144902,602.3689212569885,603.981689453125,111000,0.0,0.0
2012-04-05 00:00:00+09:00,594.3051023897917,597.5306389020836,578.177419828332,593.4987182617188,75900,0.0,0.0
2012-04-06 00:00:00+09:00,588.6604638350638,612.8519897460938,585.4349270469264,612.8519897460938,62700,0.0,0.0
2012-04-09 00:00:00+09:00,607.20726038198,607.20726038198,588.6604250715078,590.273193359375,64200,0.0,0.0
2012-04-10 00:00:00+09:00,582.2093505859375,594.3051127172243,581.4029664438517,582.2093505859375,54600,0.0,0.0
2012-04-11 00:00:00+09:00,573.3392331462261,596.7243776768036,561.2434687338584,585.4349975585938,144000,0.0,0.0
2012-04-12 00:00:00+09:00,582.2093874595905,589.4668451980065,580.5966190732759,584.6285400390625,25200,0.0,0.0
2012-04-13 00:00:00+09:00,591.0795265451417,641.0753391587825,591.0795265451417,630.5923461914062,202800,0.0,0.0
2012-04-16 00:00:00+09:00,622.5285054472706,636.2370347123012,618.4965850752028,630.5923461914062,81600,0.0,0.0
2012-04-17 00:00:00+09:00,630.5924553580476,630.5924553580476,619.3030763618676,621.7222290039062,38400,0.0,0.0
2012-04-18 00:00:00+09:00,624.9477769476343,634.6243876874687,598.3370974130899,602.3690185546875,89900,0.0,0.0
2012-04-19 00:00:00+09:00,604.7882201179625,619.3031374007936,600.7562986505094,609.6265258789062,32100,0.0,0.0
2012-04-20 00:00:00+09:00,609.6264411966214,618.4966671928685,609.6264411966214,616.0775146484375,17400,0.0,0.0
2012-04-23 00:00:00+09:00,616.0774266669091,620.1093469984987,604.7880497384579,606.4008178710938,29000,0.0,0.0
2012-04-24 00:00:00+09:00,596.7242783766526,597.5306625366211,584.6285159771259,587.0476684570312,52900,0.0,0.0
2012-04-25 00:00:00+09:00,591.8860357722755,608.820104915624,591.8860357722755,607.2073364257812,29500,0.0,0.0
2012-04-26 00:00:00+09:00,608.0136703883521,609.6264387448199,591.0796026454404,595.9179077148438,36400,0.0,0.0
2012-04-27 00:00:00+09:00,594.3050793883621,608.0136090350408,589.4667748071814,599.9497680664062,37000,0.0,0.0
2012-05-01 00:00:00+09:00,601.5625595424486,608.0136325670326,591.8859500055728,593.4987182617188,29400,0.0,0.0
2012-05-02 00:00:00+09:00,600.7562127842472,600.7562127842472,585.4349133978033,595.9179077148438,25100,0.0,0.0
2012-05-07 00:00:00+09:00,583.8220796786848,583.8220796786848,568.5007820075591,571.726318359375,29500,0.0,0.0
2012-05-08 00:00:00+09:00,568.500830440198,578.1774403200311,568.500830440198,570.9199829101562,26800,0.0,0.0
2012-05-09 00:00:00+09:00,567.6943545796622,568.5007386060538,541.0836817087406,549.1475219726562,53800,0.0,0.0
2012-05-10 00:00:00+09:00,533.0197805370805,548.3410752877681,530.6006287343404,545.1155395507812,41400,0.0,0.0
2012-05-11 00:00:00+09:00,545.1156547114534,545.9220388160562,512.8602905273438,512.8602905273438,44500,0.0,0.0
2012-05-14 00:00:00+09:00,504.7965935494833,526.56897058756,504.7965935494833,514.4732055664062,41200,0.0,0.0
2012-05-15 00:00:00+09:00,508.8284728614527,509.63485712906197,486.249713368393,505.6029357910156,70200,0.0,0.0
2012-05-16 00:00:00+09:00,501.57095282506714,501.57095282506714,494.3134953083057,497.5390319824219,34200,0.0,0.0
2012-05-17 00:00:00+09:00,495.1197649555822,511.24744459582917,491.08784504552045,499.95806884765625,52500,0.0,0.0
2012-05-18 00:00:00+09:00,495.1198678377554,509.6347825300674,488.66879464117227,500.7645568847656,46500,0.0,0.0
2012-05-21 00:00:00+09:00,508.82842278028056,565.2753159571738,504.79650183907387,552.3731689453125,107200,0.0,0.0
2012-05-22 00:00:00+09:00,548.3412835536859,559.6306629209677,533.8263672243237,534.6327514648438,59300,0.0,0.0
2012-05-23 00:00:00+09:00,558.8242027362783,564.4688916528064,533.0199105464358,537.8582153320312,87800,0.0,0.0
2012-05-24 00:00:00+09:00,548.3412591107023,556.4051011564479,536.2454960420838,541.0838012695312,43800,0.0,0.0
2012-05-25 00:00:00+09:00,541.0837377222573,541.0837377222573,524.1496714150034,528.9879760742188,24000,0.0,0.0
2012-05-28 00:00:00+09:00,532.2134761172587,539.4709326097668,528.9879398983662,530.6007080078125,19100,0.0,0.0
2012-05-29 00:00:00+09:00,536.2454705245578,536.2454705245578,524.956092197725,531.4071655273438,11500,0.0,0.0
2012-05-30 00:00:00+09:00,534.6326910692775,548.3412216095154,530.6007703221487,538.6646118164062,25000,0.0,0.0
2012-05-31 00:00:00+09:00,532.2135133498015,537.0518180166179,529.7943610163933,533.0198974609375,15700,0.0,0.0
2012-06-01 00:00:00+09:00,524.1498299421092,527.3753673571376,512.86044898951,515.2796020507812,26100,0.0,0.0
2012-06-04 00:00:00+09:00,507.21565543010735,513.6667289490912,503.18373448074243,506.4092712402344,19300,0.0,0.0
2012-06-05 00:00:00+09:00,503.990221857456,508.8285279872876,503.990221857456,507.21575927734375,18600,0.0,0.0
2012-06-06 00:00:00+09:00,504.7965028604884,509.6348079997263,503.9901186706154,506.4092712402344,23800,0.0,0.0
2012-06-07 00:00:00+09:00,514.4730848147545,528.1816152878749,512.0539323783215,522.5369262695312,26400,0.0,0.0
2012-06-08 00:00:00+09:00,527.3751926422119,527.3751926422119,510.4411268234253,516.0858154296875,38200,0.0,0.0
2012-06-11 00:00:00+09:00,524.1497315203173,549.9540259951636,524.1497315203173,524.9561157226562,43100,0.0,0.0
2012-06-12 00:00:00+09:00,524.9561279858548,533.019970197619,522.5369753223255,525.7625122070312,48100,0.0,0.0
2012-06-13 00:00:00+09:00,528.1816419914587,541.0837889714028,528.1816419914587,540.2774047851562,25700,0.0,0.0
2012-06-14 00:00:00+09:00,540.2774047851562,546.7284782751283,536.2454838539237,540.2774047851562,29600,0.0,0.0
2012-06-15 00:00:00+09:00,540.2774166989254,545.9221061271232,533.8263430666995,537.0518798828125,27200,0.0,0.0
2012-06-18 00:00:00+09:00,544.3093504224505,548.3412715366908,537.8582766396659,541.8901977539062,23600,0.0,0.0
2012-06-19 00:00:00+09:00,546.728476860687,549.9540135973282,526.5688722566794,528.181640625,44300,0.0,0.0
2012-06-20 00:00:00+09:00,535.4390963336614,537.8582488773376,506.4092658095472,512.053955078125,146200,0.0,0.0
2012-06-21 00:00:00+09:00,519.3115238195667,519.3115238195667,503.99022109818196,515.2796020507812,89400,0.0,0.0
2012-06-22 00:00:00+09:00,517.6985908059513,548.3411865234375,512.0539021211512,548.3411865234375,90000,0.0,0.0
2012-06-25 00:00:00+09:00,560.4369888736703,572.5327512234618,549.1476106805317,570.9199829101562,94800,0.0,0.0
2012-06-26 00:00:00+09:00,570.9201196506398,570.9201196506398,538.6647456590782,543.5030517578125,141700,0.0,0.0
2012-06-27 00:00:00+09:00,536.2453963908742,536.2453963908742,520.1177152964119,530.6007080078125,113500,0.0,0.0
2012-06-28 00:00:00+09:00,538.6645485550437,538.6645485550437,524.9560196247506,530.6007080078125,92200,0.0,0.0
2012-06-29 00:00:00+09:00,538.6646118164062,552.3731423566442,535.4390752187032,538.6646118164062,120500,0.0,0.0
2012-07-02 00:00:00+09:00,554.7922835695163,554.7922835695163,544.3092898392782,545.9220581054688,118700,0.0,0.0
2012-07-03 00:00:00+09:00,545.9220342299517,553.179491110409,545.1156501321232,548.3411865234375,63100,0.0,0.0
2012-07-04 00:00:00+09:00,548.3410752877681,549.1474592220148,544.3091556165346,545.1155395507812,52300,0.0,0.0
2012-07-05 00:00:00+09:00,546.7285400390625,549.1476928710937,544.3093872070312,544.3093872070312,37900,0.0,0.0
2012-07-06 00:00:00+09:00,544.3092424384322,555.5986193186368,544.3092424384322,550.7603149414062,78800,0.0,0.0
2012-07-09 00:00:00+09:00,558.8243536698191,558.8243536698191,549.9541258337902,551.56689453125,52800,0.0,0.0
2012-07-10 00:00:00+09:00,556.4051392305138,562.8562133085487,553.9859864512507,559.6306762695312,60300,0.0,0.0
2012-07-11 00:00:00+09:00,553.1796021039323,558.0179076616927,552.3732178443056,555.5987548828125,37400,0.0,0.0
2012-07-12 00:00:00+09:00,558.8241932148836,559.6305773320768,549.1475838085653,553.1795043945312,74700,0.0,0.0
2012-07-13 00:00:00+09:00,556.4051166098908,595.1115595044919,554.7923481559491,586.2413330078125,223900,0.0,0.0
2012-07-17 00:00:00+09:00,591.0795620302611,604.7880921182754,572.5327272053006,573.339111328125,174800,0.0,0.0
2012-07-18 00:00:00+09:00,584.6286003577022,598.337133055745,578.9839104232141,588.4632568359375,132900,0.0,0.0
2012-07-19 00:00:00+09:00,603.9817987834936,603.9817987834936,589.4668823908329,591.0796508789062,79400,0.0,0.0
2012-07-20 00:00:00+09:00,588.6605224609375,595.9179809570312,587.04775390625,588.6605224609375,70000,0.0,0.0
2012-07-23 00:00:00+09:00,583.0158202445889,584.6285887653207,564.4689822561718,579.790283203125,84600,0.0,0.0
2012-07-24 00:00:00+09:00,552.3732788799799,563.6626597621985,549.1477414850602,551.56689453125,132500,0.0,0.0
2012-07-25 00:00:00+09:00,548.3413476256368,548.3413476256368,508.8285152232012,514.4732055664062,296100,0.0,0.0
2012-07-26 00:00:00+09:00,518.5051390843362,526.5689826159744,515.2796016716809,519.3115234375,61900,0.0,0.0
2012-07-27 00:00:00+09:00,533.8263555254255,543.5029661996024,528.9880501883371,541.8901977539062,58000,0.0,0.0
2012-07-30 00:00:00+09:00,549.1476928710937,551.566845703125,540.2774658203125,544.3093872070312,38800,0.0,0.0
2012-07-31 00:00:00+09:00,545.1156725104245,545.1156725104245,531.4071422845706,537.8582153320312,41500,0.0,0.0
2012-08-01 00:00:00+09:00,539.4710077492588,541.8901602503765,531.4071660788662,535.4390869140625,29700,0.0,0.0
2012-08-02 00:00:00+09:00,535.4390982824427,535.4390982824427,528.181640625,528.181640625,43800,0.0,0.0
2012-08-03 00:00:00+09:00,528.9879853684263,528.9879853684263,502.3773092751975,513.6666870117188,129900,0.0,0.0
2012-08-06 00:00:00+09:00,509.6347663915326,519.3113758799794,506.40922989538365,513.6666870117188,88100,0.0,0.0
2012-08-07 00:00:00+09:00,520.1178351354815,535.4391357053639,519.3114508949614,534.6327514648438,69500,0.0,0.0
2012-08-08 00:00:00+09:00,539.4710569079646,541.8902096295249,528.1816775406828,534.6327514648438,86400,0.0,0.0
2012-08-09 00:00:00+09:00,534.6326656832097,537.8582021277539,530.6007451275293,533.0198974609375,64000,0.0,0.0
2012-08-10 00:00:00+09:00,537.8582153320312,539.4709835938963,534.6326788083009,537.8582153320312,40700,0.0,0.0
2012-08-13 00:00:00+09:00,540.2773913555695,540.2773913555695,525.7624763639274,531.4071655273438,66800,0.0,0.0
2012-08-14 00:00:00+09:00,531.4071660788662,538.6646235822195,531.4071660788662,535.4390869140625,94000,0.0,0.0
2012-08-15 00:00:00+09:00,535.4390373461174,535.4390373461174,525.7624282374527,532.2135009765625,147000,0.0,0.0
2012-08-16 00:00:00+09:00,525.6124327171506,528.0878444881889,519.0113346610482,523.962158203125,248600,15.0,0.0
2012-08-17 00:00:00+09:00,528.0878694938176,535.5141051585745,526.4375949016494,533.8638305664062,67100,0.0,0.0
2012-08-20 00:00:00+09:00,533.8638823054387,539.6398439378005,531.3884701772837,536.3392944335938,60200,0.0,0.0
2012-08-21 00:00:00+09:00,536.3392067244997,547.0659908589897,535.5140694833851,543.7654418945312,84200,0.0,0.0
2012-08-22 00:00:00+09:00,549.5413956180696,575.945786999118,548.7162583874118,562.7435913085938,354000,0.0,0.0
2012-08-23 00:00:00+09:00,545.415897268215,552.0169973864384,523.1371843692107,528.9131469726562,355100,0.0,0.0
2012-08-24 00:00:00+09:00,535.5140812298723,546.2408655996541,534.6889439706583,540.4649047851562,175900,0.0,0.0
2012-08-27 00:00:00+09:00,540.4648929300728,545.4157163767604,536.3392067244997,543.7654418945312,107000,0.0,0.0
2012-08-28 00:00:00+09:00,548.7162846512815,556.9676573528046,533.8638137885401,555.3173828125,130000,0.0,0.0
2012-08-29 00:00:00+09:00,556.1426234294458,561.0934479703608,548.7163866180734,560.268310546875,103300,0.0,0.0
2012-08-30 00:00:00+09:00,561.0933222603605,642.78190888356,556.1424988286515,612.2518310546875,1492300,0.0,0.0
2012-08-31 00:00:00+09:00,604.0005474668561,604.0005474668561,552.8420311513573,571.8201904296875,367700,0.0,0.0
2012-09-03 00:00:00+09:00,563.5686993902129,583.3719919017285,563.5686993902129,570.9949340820312,113000,0.0,0.0
2012-09-04 00:00:00+09:00,565.219060975502,572.6452968131363,542.1152161473062,547.0660400390625,74100,0.0,0.0
2012-09-05 00:00:00+09:00,538.8146579501865,561.0933650936092,538.8146579501865,549.5414428710938,66700,0.0,0.0
2012-09-06 00:00:00+09:00,542.1151356278289,544.5905472060381,528.9129405440461,535.5140380859375,50200,0.0,0.0
2012-09-07 00:00:00+09:00,540.4649938813674,548.7163678337546,529.7382077432638,533.0387573242188,66000,0.0,0.0
2012-09-10 00:00:00+09:00,510.75995919089644,527.2627042374521,509.1096846862409,524.7872924804688,91800,0.0,0.0
2012-09-11 00:00:00+09:00,528.0879548122066,533.8639168179651,512.4103436537192,527.2628173828125,59700,0.0,0.0
2012-09-12 00:00:00+09:00,527.2628205398033,548.7163938325027,519.836583630792,526.4376831054688,100400,0.0,0.0
2012-09-13 00:00:00+09:00,527.2627381790517,544.5906215933867,525.6124635681625,532.2135620117188,54900,0.0,0.0
2012-09-14 00:00:00+09:00,548.7163948976468,549.5415323335831,539.6398831023473,542.1152954101562,78000,0.0,0.0
2012-09-18 00:00:00+09:00,547.8911522837461,552.8419759489607,536.3392303982455,537.1643676757812,50100,0.0,0.0
2012-09-19 00:00:00+09:00,540.464935066164,540.464935066164,530.5632874008297,532.2135620117188,36700,0.0,0.0
2012-09-20 00:00:00+09:00,529.7382328428071,535.5141948831492,524.7874082367996,526.4376831054688,31400,0.0,0.0
2012-09-21 00:00:00+09:00,530.5632547518102,549.5414116091845,529.7381174971417,541.2900390625,67300,0.0,0.0
2012-09-24 00:00:00+09:00,541.29005406346,547.0660150062104,535.5140931207097,537.1643676757812,51500,0.0,0.0
2012-09-25 00:00:00+09:00,528.9129787421076,530.5632532467632,517.3610572095187,524.7872924804688,145200,0.0,0.0
2012-09-26 00:00:00+09:00,525.6124698414523,547.8911773543552,525.6124698414523,547.0660400390625,95600,0.0,0.0
2012-09-27 00:00:00+09:00,549.5414428710938,554.4922666807432,544.5906190614443,549.5414428710938,71600,0.0,0.0
2012-09-28 00:00:00+09:00,553.6671233034419,561.093358936424,542.115201207692,551.1917114257812,101500,0.0,0.0
2012-10-01 00:00:00+09:00,550.3666190715751,576.7710145892519,546.2409322719382,571.8201904296875,119800,0.0,0.0
2012-10-02 00:00:00+09:00,604.8256255603228,605.6507628393955,552.8419769787398,553.6671142578125,252600,0.0,0.0
2012-10-03 00:00:00+09:00,555.3173620784984,567.694420668658,548.7162641637466,561.0933227539062,56100,0.0,0.0
2012-10-04 00:00:00+09:00,557.7928067194507,567.694454176009,550.366571127032,552.016845703125,71000,0.0,0.0
2012-10-05 00:00:00+09:00,551.1917209597399,568.519604403085,549.541446346088,565.2190551757812,64500,0.0,0.0
2012-10-09 00:00:00+09:00,566.8692481421322,582.5468547137486,562.7435622022331,570.9949340820312,85900,0.0,0.0
2012-10-10 00:00:00+09:00,558.6179477780364,570.9950071822765,558.6179477780364,567.6944580078125,53300,0.0,0.0
2012-10-11 00:00:00+09:00,562.7436291331976,591.6234341473647,558.6179427026024,585.8474731445312,128500,0.0,0.0
2012-10-12 00:00:00+09:00,577.5961707946689,585.0224072763147,562.7436978313774,566.869384765625,106300,0.0,0.0
2012-10-15 00:00:00+09:00,565.2189532704762,575.1205991671852,557.7927188479443,559.4429931640625,57300,0.0,0.0
2012-10-16 00:00:00+09:00,561.0934084937686,561.9185458592007,548.7163480122884,554.4923095703125,62200,0.0,0.0
2012-10-17 00:00:00+09:00,560.2682370837457,560.2682370837457,542.1152161473062,547.0660400390625,66000,0.0,0.0
2012-10-18 00:00:00+09:00,548.7163443517203,573.4704651495423,548.7163443517203,571.8201904296875,60900,0.0,0.0
2012-10-19 00:00:00+09:00,569.3447875976562,575.1207492109659,566.8693754776665,569.3447875976562,29100,0.0,0.0
2012-10-22 00:00:00+09:00,567.6944028448432,574.2955005523414,562.7435795642197,566.0441284179688,37600,0.0,0.0
2012-10-23 00:00:00+09:00,566.8692910268177,577.5960752820558,565.2190165260118,575.94580078125,36300,0.0,0.0
2012-10-24 00:00:00+09:00,567.6945128509964,575.9458865842957,566.8693754776665,569.3447875976562,29900,0.0,0.0
2012-10-25 00:00:00+09:00,567.6945036300505,572.645327789615,564.3939541903409,571.8201904296875,26200,0.0,0.0
2012-10-26 00:00:00+09:00,567.6944979745371,568.5196353262443,548.716338885272,556.9677124023438,35600,0.0,0.0
2012-10-29 00:00:00+09:00,552.0168143056774,560.2681867168236,542.9403046534167,543.7654418945312,48300,0.0,0.0
2012-10-30 00:00:00+09:00,542.9403934420072,550.3666298264724,536.3392944335938,536.3392944335938,72000,0.0,0.0
2012-10-31 00:00:00+09:00,536.3391493591494,544.5905208877517,528.0877778305471,542.9402465820312,63100,0.0,0.0
2012-11-01 00:00:00+09:00,542.9404682360197,552.0169806229441,539.6399182771381,548.7164306640625,71800,0.0,0.0
2012-11-02 00:00:00+09:00,556.9677692570098,557.7929066929461,537.9896082304747,542.1152954101562,100400,0.0,0.0
2012-11-05 00:00:00+09:00,540.4649938813674,542.9404060670835,529.7382077432638,533.0387573242188,67000,0.0,0.0
2012-11-06 00:00:00+09:00,535.514169509935,536.3393069051737,532.21361992898,533.0387573242188,30100,0.0,0.0
2012-11-07 00:00:00+09:00,533.8638305664062,537.1643797507426,531.3884186781539,533.8638305664062,37000,0.0,0.0
2012-11-08 00:00:00+09:00,532.213435546875,532.213435546875,515.710693359375,515.710693359375,85000,0.0,0.0
2012-11-09 00:00:00+09:00,514.8856652170567,515.7108025010584,500.8583313890279,502.50860595703125,135600,0.0,0.0
2012-11-12 00:00:00+09:00,503.3337445326255,504.15888181874453,467.85284122950594,468.677978515625,253500,0.0,0.0
2012-11-13 00:00:00+09:00,476.1041763228208,490.95664629476323,475.27903910215736,487.6560974121094,136200,0.0,0.0
2012-11-14 00:00:00+09:00,488.48123463277284,488.48123463277284,482.70527408812853,487.6560974121094,56100,0.0,0.0
2012-11-15 00:00:00+09:00,482.7053102451188,490.13154578735146,481.05503568017826,486.005859375,79600,0.0,0.0
2012-11-16 00:00:00+09:00,486.0058522132566,486.0058522132566,469.503106807034,471.15338134765625,132700,0.0,0.0
2012-11-19 00:00:00+09:00,476.10422683088746,485.18073722107766,475.2790895226883,481.88018798828125,142600,0.0,0.0
2012-11-20 00:00:00+09:00,486.8310118374759,487.656149145675,479.40477606368387,481.88018798828125,131000,0.0,0.0
2012-11-21 00:00:00+09:00,486.00580416261846,486.83094135134957,481.0549810302319,484.35552978515625,113200,0.0,0.0
2012-11-22 00:00:00+09:00,486.00594985783596,507.45952319621244,484.3556749856532,494.25732421875,371800,0.0,0.0
2012-11-26 00:00:00+09:00,519.0113006844008,521.4867122933885,496.7325962035124,499.2080078125,336900,0.0,0.0
2012-11-27 00:00:00+09:00,499.20808103437633,500.85835568242385,490.9567077941387,495.90753173828125,177600,0.0,0.0
2012-11-28 00:00:00+09:00,495.08241837020796,511.5851656492149,495.08241837020796,505.8092041015625,152600,0.0,0.0
2012-11-29 00:00:00+09:00,509.93470071932165,511.5849748316819,503.3336042698806,507.45928955078125,59100,0.0,0.0
2012-11-30 00:00:00+09:00,507.4593928909926,509.9348045636316,501.6834323215016,504.1588439941406,75900,0.0,0.0
2012-12-03 00:00:00+09:00,509.1097106933594,514.8856717547103,504.98402422096586,509.1097106933594,84600,0.0,0.0
2012-12-04 00:00:00+09:00,514.8856785973837,532.2135620117188,511.5851293756057,532.2135620117188,143700,0.0,0.0
2012-12-05 00:00:00+09:00,530.5632562592274,530.5632562592274,518.1861974040354,523.962158203125,119500,0.0,0.0
2012-12-06 00:00:00+09:00,527.2626314163208,532.213454246521,523.962082862854,528.0877685546875,85500,0.0,0.0
2012-12-07 00:00:00+09:00,532.2135351338518,542.1151822991327,523.9621624961176,539.6397705078125,118900,0.0,0.0
2012-12-10 00:00:00+09:00,543.7654781194153,543.7654781194153,532.213555974238,533.8638305664062,62800,0.0,0.0
2012-12-11 00:00:00+09:00,534.6889322422705,547.0659908589897,533.8637950011558,543.7654418945312,94000,0.0,0.0
2012-12-12 00:00:00+09:00,548.7164021387298,559.4431889474569,547.0661272450795,556.1426391601562,103800,0.0,0.0
2012-12-13 00:00:00+09:00,565.2190253168559,573.4703979492188,565.2190253168559,573.4703979492188,117300,0.0,0.0
2012-12-14 00:00:00+09:00,576.7710270985464,576.7710270985464,556.9677300307851,568.5196533203125,152700,0.0,0.0
2012-12-17 00:00:00+09:00,568.5195945694061,568.5195945694061,551.1917114257812,551.1917114257812,74800,0.0,0.0
2012-12-18 00:00:00+09:00,552.8419860108884,553.6671233034419,534.68896557471,551.1917114257812,138400,0.0,0.0
2012-12-19 00:00:00+09:00,553.6672556023848,556.142668071546,547.0661556846217,548.7164306640625,82200,0.0,0.0
2012-12-20 00:00:00+09:00,561.0933596588844,575.9458309439725,558.6179477780364,567.6944580078125,171600,0.0,0.0
2012-12-21 00:00:00+09:00,565.2190179416313,567.6944296990399,558.617919921875,558.617919921875,56500,0.0,0.0
2012-12-25 00:00:00+09:00,561.9186304995887,570.1700053967927,558.6180805407072,564.39404296875,59300,0.0,0.0
2012-12-26 00:00:00+09:00,531.3883920064786,544.5905880811738,521.4867449504574,541.2900390625,257700,0.0,0.0
2012-12-27 00:00:00+09:00,547.0659323463324,549.541343804913,540.4648351234505,542.9402465820312,75100,0.0,0.0
2012-12-28 00:00:00+09:00,542.9404328460926,546.2409825898378,536.3393333586021,542.1152954101562,54500,0.0,0.0
2013-01-04 00:00:00+09:00,545.4157163767604,548.7162653412189,542.1151674123021,543.7654418945312,72600,0.0,0.0
2013-01-07 00:00:00+09:00,547.891162255567,553.6671233034419,545.4157503779063,551.1917114257812,80700,0.0,0.0
2013-01-08 00:00:00+09:00,554.4922515368853,556.9676633741035,549.5414278624488,553.6671142578125,63300,0.0,0.0
2013-01-09 00:00:00+09:00,553.6669781927526,562.743486031978,550.3664298875797,557.7926635742188,72600,0.0,0.0
2013-01-10 00:00:00+09:00,557.7927102692502,564.3938074321999,552.8418873970379,561.9183959960938,56200,0.0,0.0
2013-01-11 00:00:00+09:00,564.3939976643042,564.3939976643042,559.4431731233892,560.268310546875,46200,0.0,0.0
2013-01-15 00:00:00+09:00,560.2682795420786,575.945889720723,560.2682795420786,568.5196533203125,73800,0.0,0.0
2013-01-16 00:00:00+09:00,566.0443179481907,568.519730417352,560.268355520148,564.39404296875,59200,0.0,0.0
2013-01-17 00:00:00+09:00,566.044034337151,566.044034337151,556.9675264979255,557.7926635742188,48500,0.0,0.0
2013-01-18 00:00:00+09:00,561.0933991608797,561.0933991608797,556.1425750506365,556.9677124023438,38200,0.0,0.0
2013-01-21 00:00:00+09:00,557.7927737965304,561.9184599932502,556.9676365571863,561.0933227539062,37400,0.0,0.0
2013-01-22 00:00:00+09:00,565.2190885076606,575.1207367734881,565.2190885076606,572.6453247070312,70300,0.0,0.0
2013-01-23 00:00:00+09:00,570.994978708918,571.8201159613876,557.7927826694055,558.617919921875,41500,0.0,0.0
2013-01-24 00:00:00+09:00,556.9677766069814,561.0934638411072,554.492364266506,556.1426391601562,27600,0.0,0.0
2013-01-25 00:00:00+09:00,567.6944580078125,570.1698698886605,563.5687715397324,567.6944580078125,43600,0.0,0.0
2013-01-28 00:00:00+09:00,567.6944146925404,569.3446891538558,561.918454077936,562.7435913085938,26900,0.0,0.0
2013-01-29 00:00:00+09:00,562.7436978313774,568.519659539324,562.7436978313774,566.869384765625,28300,0.0,0.0
2013-01-30 00:00:00+09:00,567.6945036300505,574.2956025094697,566.0442289101957,571.8201904296875,38600,0.0,0.0
2013-01-31 00:00:00+09:00,572.6452390214384,598.2244932140387,572.6452390214384,596.57421875,86300,0.0,0.0
2013-02-01 00:00:00+09:00,596.57426400912,596.57426400912,583.3720672952253,584.1972045898438,51000,0.0,0.0
2013-02-04 00:00:00+09:00,593.273761166095,594.0988985251578,587.497799652656,588.3229370117188,48300,0.0,0.0
2013-02-05 00:00:00+09:00,588.3229823205464,598.22463139186,585.8475700527181,592.4486694335938,49500,0.0,0.0
2013-02-06 00:00:00+09:00,597.3994386129539,597.3994386129539,589.9732024975996,590.79833984375,48900,0.0,0.0
2013-02-07 00:00:00+09:00,594.0987870790726,594.0987870790726,581.7217290149252,585.0222778320312,34300,0.0,0.0
2013-02-08 00:00:00+09:00,588.3229917299498,591.6235414731752,582.5470296793051,589.9732666015625,39000,0.0,0.0
2013-02-12 00:00:00+09:00,577.5961334272175,585.0223694284246,575.9458587602826,576.77099609375,56200,0.0,0.0
2013-02-13 00:00:00+09:00,575.1205991671852,577.5960106413625,559.4429931640625,559.4429931640625,36600,0.0,0.0
2013-02-14 00:00:00+09:00,558.6180515006317,561.0934638411072,556.1426391601562,556.1426391601562,48300,0.0,0.0
2013-02-15 00:00:00+09:00,555.3173393466841,557.7927509633855,545.4156928798784,550.3665161132812,60700,0.0,0.0
2013-02-18 00:00:00+09:00,552.8796607994241,560.4189289012344,552.8796607994241,554.5550537109375,53800,10.0,0.0
2013-02-19 00:00:00+09:00,554.555042630425,559.5812212645376,553.7173461914062,553.7173461914062,41600,0.0,0.0
2013-02-20 00:00:00+09:00,557.068159391349,568.7959101153774,556.2304629110613,560.4189453125,75400,0.0,0.0
2013-02-21 00:00:00+09:00,567.1204611545139,567.9581575520833,557.90580078125,565.445068359375,42600,0.0,0.0
2013-02-22 00:00:00+09:00,565.4450793732378,566.2827757871241,554.5550259927162,557.068115234375,63700,0.0,0.0
2013-02-25 00:00:00+09:00,561.256608476152,565.4450906289591,557.9058227539062,557.9058227539062,66200,0.0,0.0
2013-02-26 00:00:00+09:00,554.5550258998113,554.5550258998113,547.0157581760978,547.8534545898438,70100,0.0,0.0
2013-02-27 00:00:00+09:00,552.0420265021961,552.0420265021961,544.5027575514833,545.3404541015625,48000,0.0,0.0
2013-02-28 00:00:00+09:00,544.5027121870329,562.9320347533633,544.5027121870329,560.4189453125,56100,0.0,0.0
2013-03-01 00:00:00+09:00,564.607405130842,569.633583811532,562.094315790497,567.9581909179688,40100,0.0,0.0
2013-03-04 00:00:00+09:00,569.6336059570312,573.8220883537741,567.9582129983341,569.6336059570312,36600,0.0,0.0
2013-03-05 00:00:00+09:00,572.9843807529455,573.8220772160346,567.9582019744109,568.7958984375,24900,0.0,0.0
2013-03-06 00:00:00+09:00,569.6335726006087,576.3351440429688,569.6335726006087,576.3351440429688,32200,0.0,0.0
2013-03-07 00:00:00+09:00,577.1728236888823,577.1728236888823,569.6335560354717,570.4712524414062,29400,0.0,0.0
2013-03-08 00:00:00+09:00,567.9581852880788,573.8220603574248,567.9581852880788,572.1466674804688,65500,0.0,0.0
2013-03-11 00:00:00+09:00,576.3351384943182,582.199013449929,574.659745649858,580.5236206054688,44400,0.0,0.0
2013-03-12 00:00:00+09:00,580.5236037896605,581.3613001876253,574.6597290039062,574.6597290039062,59400,0.0,0.0
2013-03-13 00:00:00+09:00,572.1466563831676,574.659745649858,567.120477849787,571.3089599609375,46800,0.0,0.0
2013-03-14 00:00:00+09:00,567.1205050703408,581.3613449317821,567.1205050703408,578.0105590820312,94800,0.0,0.0
2013-03-15 00:00:00+09:00,583.8744062943892,589.73828125,582.199013449929,589.73828125,120500,0.0,0.0
2013-03-18 00:00:00+09:00,582.1989460907648,583.8743387413857,573.8219828376604,575.4973754882812,49100,0.0,0.0
2013-03-19 00:00:00+09:00,578.01050339302,580.5235925382071,573.822021484375,573.822021484375,69200,0.0,0.0
2013-03-21 00:00:00+09:00,579.6859297641488,583.0367154853288,576.3351440429688,576.3351440429688,38900,0.0,0.0
2013-03-22 00:00:00+09:00,578.0105595314801,582.1990418469256,568.7958984375,568.7958984375,47000,0.0,0.0
2013-03-25 00:00:00+09:00,578.0105595314801,578.0105595314801,568.7958984375,568.7958984375,98100,0.0,0.0
2013-03-26 00:00:00+09:00,570.4711975364185,579.6858571148335,570.4711975364185,575.4973754882812,76100,0.0,0.0
2013-03-27 00:00:00+09:00,575.4973496288784,590.5758828069276,575.4973496288784,587.22509765625,64700,0.0,0.0
2013-03-28 00:00:00+09:00,593.92687355704,602.3038393335851,591.4137838240765,598.1153564453125,73500,0.0,0.0
2013-03-29 00:00:00+09:00,602.3037609217226,603.1414573903203,598.952975047332,601.466064453125,80700,0.0,0.0
2013-04-01 00:00:00+09:00,603.1414240056819,603.1414240056819,588.9005848277699,589.73828125,114500,0.0,0.0
2013-04-02 00:00:00+09:00,586.3875951522436,699.4766313601763,583.874505458734,653.4033203125,448800,0.0,0.0
2013-04-03 00:00:00+09:00,645.026121821577,669.3193134226494,637.4868554626236,667.6439208984375,176900,0.0,0.0
2013-04-04 00:00:00+09:00,663.455473022461,670.1570434570312,653.4031173706055,670.1570434570312,103800,0.0,0.0
2013-04-05 00:00:00+09:00,670.1570887653374,686.9110159844709,666.8063033215108,682.7225341796875,109100,0.0,0.0
2013-04-08 00:00:00+09:00,691.099537924288,738.0105368621792,690.2618415146828,736.3351440429688,183100,0.0,0.0
2013-04-09 00:00:00+09:00,739.6858955162797,753.0890374508896,715.3927007597995,724.6073608398438,127500,0.0,0.0
2013-04-10 00:00:00+09:00,728.7959253506398,748.9006405327264,725.4451394869586,744.712158203125,90300,0.0,0.0
2013-04-11 00:00:00+09:00,739.6859296813896,745.549804548626,730.4712691757323,736.3351440429688,69700,0.0,0.0
2013-04-12 00:00:00+09:00,725.4451404470335,732.1467121832648,714.5550863756578,726.2828369140625,62800,0.0,0.0
2013-04-15 00:00:00+09:00,727.958263890152,729.6336569025575,709.5289407536925,719.581298828125,52000,0.0,0.0
2013-04-16 00:00:00+09:00,708.6913014319051,717.0682671698709,696.1258528249564,705.3405151367188,66800,0.0,0.0
2013-04-17 00:00:00+09:00,705.3403443088421,728.7958426944093,704.5026479379289,724.6073608398438,66000,0.0,0.0
2013-04-18 00:00:00+09:00,724.6074278419235,724.6074278419235,709.5288917712245,711.2042846679688,67500,0.0,0.0
2013-04-19 00:00:00+09:00,722.0943052141854,749.7382867363061,707.0157698384832,745.5498046875,80700,0.0,0.0
2013-04-22 00:00:00+09:00,745.5498588670171,782.4085035750494,743.8744659257429,768.1676635742188,100400,0.0,0.0
2013-04-23 00:00:00+09:00,768.1676246561029,787.4346425046202,758.9529639459425,779.0576782226562,117300,0.0,0.0
2013-04-24 00:00:00+09:00,787.4346368963069,805.8639581853694,783.2461547851562,801.6754760742188,75800,0.0,0.0
2013-04-25 00:00:00+09:00,804.1884408346036,831.8324184882932,800.8376556644595,824.2931518554688,115300,0.0,0.0
2013-04-26 00:00:00+09:00,824.2933535645551,825.9687465596049,800.0001551363314,802.5132446289062,116000,0.0,0.0
2013-04-30 00:00:00+09:00,802.5131724964489,825.968672318892,802.5131724964489,810.89013671875,49900,0.0,0.0
2013-05-01 00:00:00+09:00,810.0524568058894,819.2671176382212,802.5131888521635,816.7540283203125,59000,0.0,0.0
2013-05-02 00:00:00+09:00,814.2407963450362,837.6962925360455,810.890011174892,824.2931518554688,88500,0.0,0.0
2013-05-07 00:00:00+09:00,836.8587689868664,869.5289311395068,835.1833760559617,860.3142700195312,94800,0.0,0.0
2013-05-08 00:00:00+09:00,860.3142425900414,867.8535105387369,840.2095280601865,844.3980102539062,75600,0.0,0.0
2013-05-09 00:00:00+09:00,844.3980772526172,867.0158828933123,837.6965052109298,840.2095947265625,52600,0.0,0.0
2013-05-10 00:00:00+09:00,862.8273092159931,862.8273092159931,836.0210238811273,842.7225952148438,99000,0.0,0.0
2013-05-13 00:00:00+09:00,850.2618073474748,855.287985518987,845.2356291759627,847.7487182617188,45900,0.0,0.0
2013-05-14 00:00:00+09:00,847.7487062988281,849.4240989990234,836.0209573974608,837.6963500976562,84400,0.0,0.0
2013-05-15 00:00:00+09:00,837.6964382204611,878.7435636932637,837.6964382204611,872.0419921875,108700,0.0,0.0
2013-05-16 00:00:00+09:00,854.4503790295435,868.6912186800358,820.9425210283849,836.0210571289062,156700,0.0,0.0
2013-05-17 00:00:00+09:00,831.8325805664062,848.5865096815403,830.9948841106495,831.8325805664062,80500,0.0,0.0
2013-05-20 00:00:00+09:00,832.6702268645091,836.8587088909906,820.9424771903612,823.45556640625,98500,0.0,0.0
2013-05-21 00:00:00+09:00,820.942539052338,823.4556284576003,800.0001273418192,805.0263061523438,79500,0.0,0.0
2013-05-22 00:00:00+09:00,800.0001383125162,812.5655855111422,795.8116559129743,805.864013671875,63300,0.0,0.0
2013-05-23 00:00:00+09:00,803.350915904603,817.5917559154249,755.6022170447882,758.9530029296875,101800,0.0,0.0
2013-05-24 00:00:00+09:00,743.8743297674499,777.3821824596773,737.1727592290044,753.0889892578125,130300,0.0,0.0
2013-05-27 00:00:00+09:00,737.1728680770857,753.0891004560227,722.932028580142,743.0367431640625,69900,0.0,0.0
2013-05-28 00:00:00+09:00,743.0367603826961,754.7645108284207,728.7959205557447,730.4713134765625,50500,0.0,0.0
2013-05-29 00:00:00+09:00,748.0629488037648,766.4922711707109,732.9844123217181,758.9530029296875,51000,0.0,0.0
2013-05-30 00:00:00+09:00,752.2514780668739,757.2776572076325,733.822154550759,734.6598510742188,50600,0.0,0.0
2013-05-31 00:00:00+09:00,737.1728515625,752.251387162642,730.4712801846591,737.1728515625,45300,0.0,0.0
2013-06-03 00:00:00+09:00,732.1466787143721,740.5236430017219,712.8796608534676,714.5550537109375,59900,0.0,0.0
2013-06-04 00:00:00+09:00,714.5551950095092,717.0682847926611,681.0473312341512,701.98974609375,94200,0.0,0.0
2013-06-05 00:00:00+09:00,693.6125641432195,712.0418834803583,681.047119140625,681.047119140625,49700,0.0,0.0
2013-06-06 00:00:00+09:00,670.1571208200637,676.0209956272392,653.403192799562,657.5916748046875,53800,0.0,0.0
2013-06-07 00:00:00+09:00,646.7016379616477,655.0786021839489,631.6231023615057,645.0262451171875,65100,0.0,0.0
2013-06-10 00:00:00+09:00,654.2409165415598,674.3456310063452,654.2409165415598,673.5079345703125,30100,0.0,0.0
2013-06-11 00:00:00+09:00,686.073375348347,699.4765182122951,681.8848932033632,686.9110717773438,37700,0.0,0.0
2013-06-12 00:00:00+09:00,671.8324704931761,682.7225230074046,661.7801143261959,681.8848266601562,41300,0.0,0.0
2013-06-13 00:00:00+09:00,681.8848424727687,686.0733243061395,658.4293442058921,669.3193969726562,35800,0.0,0.0
2013-06-14 00:00:00+09:00,683.5601829847908,683.5601829847908,658.4292939044676,660.9423828125,71100,0.0,0.0
2013-06-17 00:00:00+09:00,661.7802385818236,681.8849546906386,660.9425420772897,677.6964721679688,28000,0.0,0.0
2013-06-18 00:00:00+09:00,689.4240533864277,691.0994459827494,674.3455200195312,674.3455200195312,16600,0.0,0.0
2013-06-19 00:00:00+09:00,681.8848378187308,683.5602305406442,670.9947851262941,682.7225341796875,30900,0.0,0.0
2013-06-20 00:00:00+09:00,683.5602698359929,715.3927333822769,683.5602698359929,708.691162109375,72300,0.0,0.0
2013-06-21 00:00:00+09:00,703.6650219298245,716.23046875,684.3980034722223,716.23046875,69700,0.0,0.0
2013-06-24 00:00:00+09:00,727.958185184583,727.958185184583,701.9895962999776,704.502685546875,57900,0.0,0.0
2013-06-25 00:00:00+09:00,712.041936856564,720.4189008195824,697.8010981194327,717.068115234375,84300,0.0,0.0
2013-06-26 00:00:00+09:00,730.4714123506161,738.848378088582,701.9897288415325,705.3405151367188,86200,0.0,0.0
2013-06-27 00:00:00+09:00,718.7436219298556,739.68603515625,707.8535670521305,739.68603515625,55400,0.0,0.0
2013-06-28 00:00:00+09:00,747.2251150366726,762.303648748175,747.2251150366726,753.0889892578125,78800,0.0,0.0
2013-07-01 00:00:00+09:00,770.6807352062042,800.0001110020924,756.4398955339157,799.1624145507812,107400,0.0,0.0
2013-07-02 00:00:00+09:00,811.727793440034,811.727793440034,787.4345983835212,794.1361694335938,65000,0.0,0.0
2013-07-03 00:00:00+09:00,799.1624483588382,799.1624483588382,779.8954291636041,792.4608764648438,36500,0.0,0.0
2013-07-04 00:00:00+09:00,791.6231190074574,791.6231190074574,775.7068869850852,783.2461547851562,31800,0.0,0.0
2013-07-05 00:00:00+09:00,779.8954567449091,792.4609044905305,779.8954567449091,789.9478149414062,28500,0.0,0.0
2013-07-08 00:00:00+09:00,791.6231636802991,793.2985566193049,785.7592883937783,786.5969848632812,25000,0.0,0.0
2013-07-09 00:00:00+09:00,785.7593045708493,795.811662411841,784.0839115973507,792.4608764648438,43600,0.0,0.0
2013-07-10 00:00:00+09:00,793.2984795492204,833.507906178959,789.947693996742,817.5916748046875,143100,0.0,0.0
2013-07-11 00:00:00+09:00,805.026311391142,820.9425443947131,795.8116501785483,810.052490234375,49100,0.0,0.0
2013-07-12 00:00:00+09:00,812.5655855111422,818.429460870501,801.675531272333,805.864013671875,35200,0.0,0.0
2013-07-16 00:00:00+09:00,820.9425164661268,823.4556058022476,800.8378017771604,803.3508911132812,92300,0.0,0.0
2013-07-17 00:00:00+09:00,803.3509184433977,817.5917584992244,802.5132219695256,810.052490234375,38800,0.0,0.0
2013-07-18 00:00:00+09:00,813.4032259854404,816.7540116743608,806.7016546075995,810.89013671875,139800,0.0,0.0
2013-07-19 00:00:00+09:00,810.8901087443035,816.7539834976196,796.6492700576782,804.1885375976562,37500,0.0,0.0
2013-07-22 00:00:00+09:00,808.3770639272836,818.4294211989182,808.3770639272836,816.7540283203125,36000,0.0,0.0
2013-07-23 00:00:00+09:00,820.1048305534782,825.968705746404,817.5917411850814,822.617919921875,40500,0.0,0.0
2013-07-24 00:00:00+09:00,820.9423666853246,826.806240733077,820.1046703927885,824.2931518554688,19300,0.0,0.0
2013-07-25 00:00:00+09:00,829.3194747212934,829.3194747212934,823.4555996475066,825.9686889648438,33200,0.0,0.0
2013-07-26 00:00:00+09:00,828.481756070391,835.1833274036196,825.9686668204303,833.5079345703125,57800,0.0,0.0
2013-07-29 00:00:00+09:00,833.5079792347032,833.5079792347032,820.942532311567,827.6441040039062,62300,0.0,0.0
2013-07-30 00:00:00+09:00,821.7801194458008,837.6963500976562,821.7801194458008,837.6963500976562,69000,0.0,0.0
2013-07-31 00:00:00+09:00,837.6964727233949,837.6964727233949,828.4818115234375,828.4818115234375,26600,0.0,0.0
2013-08-01 00:00:00+09:00,829.3194192455661,832.6702047778715,812.5654915840396,830.9948120117188,34600,0.0,0.0
2013-08-02 00:00:00+09:00,833.5079567315227,836.0210460483011,830.1571709758181,835.183349609375,39500,0.0,0.0
2013-08-05 00:00:00+09:00,836.8586765601864,852.7749076459156,834.345587441387,848.58642578125,58400,0.0,0.0
2013-08-06 00:00:00+09:00,848.5864541628903,874.5550425923568,846.9110613609892,873.7173461914062,73100,0.0,0.0
2013-08-07 00:00:00+09:00,872.0420041646665,872.0420041646665,845.2357177734375,845.2357177734375,48300,0.0,0.0
2013-08-08 00:00:00+09:00,840.2095726539086,855.288109351586,837.6964832042956,838.5341796875,38700,0.0,0.0
2013-08-09 00:00:00+09:00,844.397971457302,854.4503282603652,843.5602750570467,846.0733642578125,33300,0.0,0.0
2013-08-12 00:00:00+09:00,846.0734033154149,850.2618855100458,830.9948674147442,835.183349609375,102800,0.0,0.0
2013-08-13 00:00:00+09:00,835.1833494277228,845.2357066926502,835.1833494277228,844.3980102539062,89000,0.0,0.0
2013-08-14 00:00:00+09:00,842.722628729138,844.3980216291959,836.0210571289062,836.0210571289062,83300,0.0,0.0
2013-08-15 00:00:00+09:00,831.8325644212144,831.8325644212144,805.0262783572881,807.5393676757812,190300,0.0,0.0
2013-08-16 00:00:00+09:00,794.8422697401538,825.3154558004792,791.4563601778955,821.0830688476562,278300,10.0,0.0
2013-08-19 00:00:00+09:00,809.2323853797519,822.7760236287854,804.1535210363643,821.0830688476562,68700,0.0,0.0
2013-08-20 00:00:00+09:00,816.0041831818107,821.0830473924859,804.9999773920146,806.6929321289062,52400,0.0,0.0
2013-08-21 00:00:00+09:00,799.9211075153756,804.1534943276263,791.4563338908742,795.688720703125,47500,0.0,0.0
2013-08-22 00:00:00+09:00,788.9168994457691,793.1492862453708,779.6056484866452,782.1450805664062,34300,0.0,0.0
2013-08-23 00:00:00+09:00,784.6845238615338,811.771799766139,784.6845238615338,804.1535034179688,61700,0.0,0.0
2013-08-26 00:00:00+09:00,811.7717861881374,819.3900824088812,808.3858767566958,814.3112182617188,33000,0.0,0.0
2013-08-27 00:00:00+09:00,805.8465302454172,810.9253949318378,794.8423234248389,796.5352783203125,50500,0.0,0.0
2013-08-28 00:00:00+09:00,785.5309545871872,791.4562958394613,775.373226726146,777.9126586914062,45200,0.0,0.0
2013-08-29 00:00:00+09:00,770.2943312121976,788.9168315272177,770.2943312121976,787.223876953125,43400,0.0,0.0
2013-08-30 00:00:00+09:00,789.7634348452669,791.4563896895227,777.9127509354773,784.6845703125,34100,0.0,0.0
2013-09-02 00:00:00+09:00,783.837957896357,786.3773897253949,777.0661396855894,778.7590942382812,16300,0.0,0.0
2013-09-03 00:00:00+09:00,784.6845126461674,786.3774673660081,778.7591711267248,782.1450805664062,14900,0.0,0.0
2013-09-04 00:00:00+09:00,778.7591486821678,784.6844900308365,778.7591486821678,783.8380126953125,18200,0.0,0.0
2013-09-05 00:00:00+09:00,781.2985940010856,783.8380260509266,770.2943884517745,773.6802978515625,26300,0.0,0.0
2013-09-06 00:00:00+09:00,777.9126619563873,777.9126619563873,768.6014113780192,775.3732299804688,20600,0.0,0.0
2013-09-09 00:00:00+09:00,785.5309799537781,789.7633666992188,779.6056385101613,789.7633666992188,24800,0.0,0.0
2013-09-10 00:00:00+09:00,791.4563875420149,804.1535488394803,789.7634327023528,800.7676391601562,27400,0.0,0.0
2013-09-11 00:00:00+09:00,804.1534943276263,807.5394037774269,791.4563338908742,795.688720703125,14400,0.0,0.0
2013-09-12 00:00:00+09:00,795.6886757026284,804.153448848401,790.6098118151648,799.0745849609375,23200,0.0,0.0
2013-09-13 00:00:00+09:00,809.2324169559419,809.2324169559419,795.6887781784366,798.2282104492188,41200,0.0,0.0
2013-09-17 00:00:00+09:00,793.9957407216016,798.2281273992221,782.9915353597884,783.8380126953125,13700,0.0,0.0
2013-09-18 00:00:00+09:00,786.3773251551073,787.2238023619481,777.9125530866993,781.2984619140625,15500,0.0,0.0
2013-09-19 00:00:00+09:00,782.9915691174959,804.1535034179688,780.4521370014392,804.1535034179688,27400,0.0,0.0
2013-09-20 00:00:00+09:00,804.1535366330538,804.1535366330538,788.9169433073749,794.84228515625,10300,0.0,0.0
2013-09-24 00:00:00+09:00,792.3027664443193,801.6140169046693,790.6098118151648,799.0745849609375,19800,0.0,0.0
2013-09-25 00:00:00+09:00,800.7675917174117,800.7675917174117,788.0704311722096,790.60986328125,22000,0.0,0.0
2013-09-26 00:00:00+09:00,787.2238706931089,798.2280753372062,783.8379615718483,792.302734375,13900,0.0,0.0
2013-09-27 00:00:00+09:00,800.7675034232763,802.4604579759681,778.7590942382812,778.7590942382812,24600,0.0,0.0
2013-09-30 00:00:00+09:00,783.8379678049395,797.3816043976814,783.8379678049395,787.223876953125,29700,0.0,0.0
2013-10-01 00:00:00+09:00,793.995695249496,797.3816043976814,783.8379678049395,787.223876953125,19200,0.0,0.0
2013-10-02 00:00:00+09:00,787.2239092306941,787.2239092306941,772.8337947608857,777.9126586914062,26400,0.0,0.0
2013-10-03 00:00:00+09:00,777.9126619563873,781.298571257612,774.5267526551626,775.3732299804688,12600,0.0,0.0
2013-10-04 00:00:00+09:00,769.4478857421875,770.2943630642361,761.82958984375,761.82958984375,15600,0.0,0.0
2013-10-07 00:00:00+09:00,760.9830770993366,764.3689862299232,755.05773612081,757.59716796875,17400,0.0,0.0
2013-10-08 00:00:00+09:00,751.6719009900553,755.9042878199542,744.9000820622169,747.4395141601562,14300,0.0,0.0
2013-10-09 00:00:00+09:00,744.053672660036,744.9001501033352,727.9706012373504,742.3607177734375,30800,0.0,0.0
2013-10-10 00:00:00+09:00,744.9000820622169,755.9042878199542,741.5141725982977,747.4395141601562,19300,0.0,0.0
2013-10-11 00:00:00+09:00,751.6718078203648,763.5224894751905,749.132376037188,756.7506713867188,24700,0.0,0.0
2013-10-15 00:00:00+09:00,769.4478957050978,769.4478957050978,751.6718717119107,754.2113037109375,23600,0.0,0.0
2013-10-16 00:00:00+09:00,755.9042616835585,755.9042616835585,749.1324429898648,751.671875,7200,0.0,0.0
2013-10-17 00:00:00+09:00,753.364875068492,756.7507846193615,744.9001011913178,748.2860107421875,21200,0.0,0.0
2013-10-18 00:00:00+09:00,750.8254534040178,752.518408203125,737.2818150111607,740.667724609375,24600,0.0,0.0
2013-10-21 00:00:00+09:00,747.4395141601562,747.4395141601562,741.5141725982977,747.4395141601562,10800,0.0,0.0
2013-10-22 00:00:00+09:00,747.4395560266751,753.3648979204312,744.9001237864937,746.5930786132812,14200,0.0,0.0
2013-10-23 00:00:00+09:00,749.1324537410293,749.1324537410293,727.9705200195312,727.9705200195312,45100,0.0,0.0
2013-10-24 00:00:00+09:00,743.20719785179,743.20719785179,722.8917391405795,726.2776489257812,29700,0.0,0.0
2013-10-25 00:00:00+09:00,721.1987339195008,727.1240756301071,713.5804374344357,718.6593017578125,46100,0.0,0.0
2013-10-28 00:00:00+09:00,719.5057148105102,727.1240106143862,717.8127601874266,721.1986694335938,13100,0.0,0.0
2013-10-29 00:00:00+09:00,716.1198922149406,722.0452341127001,715.2734148009749,716.9663696289062,19700,0.0,0.0
2013-10-30 00:00:00+09:00,719.505779145042,723.7381660811892,716.9663469833536,718.6593017578125,20000,0.0,0.0
2013-10-31 00:00:00+09:00,718.6593017578125,718.6593017578125,718.6593017578125,718.6593017578125,0,0.0,0.0
2013-11-01 00:00:00+09:00,712.7339293394066,721.1987028470005,694.1114276227,695.8043823242188,40300,0.0,0.0
2013-11-05 00:00:00+09:00,694.1114515668891,697.4973610867276,675.4889492077774,678.0283813476562,70000,0.0,0.0
2013-11-06 00:00:00+09:00,675.488975333209,682.260794634795,670.4101108570195,673.7960205078125,50500,0.0,0.0
2013-11-07 00:00:00+09:00,677.1819005558147,687.3396290641518,677.1819005558147,680.5678100585938,35000,0.0,0.0
2013-11-08 00:00:00+09:00,677.1819337168979,678.028411134044,670.410114379729,671.256591796875,36600,0.0,0.0
2013-11-11 00:00:00+09:00,671.2565726077918,677.181914358428,665.3312308571556,670.4100952148438,45300,0.0,0.0
2013-11-12 00:00:00+09:00,669.563528213501,679.721255569458,663.6381872558594,677.1818237304688,28000,0.0,0.0
2013-11-13 00:00:00+09:00,682.260667936972,686.4930542144966,675.4888498929325,676.3353271484375,29000,0.0,0.0
2013-11-14 00:00:00+09:00,678.8747878044504,681.4142196790307,667.024105723076,669.5635375976562,59300,0.0,0.0
2013-11-15 00:00:00+09:00,676.3354527459073,677.1819301586055,669.5636334443212,673.7960205078125,45000,0.0,0.0
2013-11-18 00:00:00+09:00,678.874800832648,680.5677554481907,674.642414293791,675.4888916015625,27200,0.0,0.0
2013-11-19 00:00:00+09:00,681.4142101287841,681.4142101287841,677.1818237304688,677.1818237304688,25600,0.0,0.0
2013-11-20 00:00:00+09:00,681.4142874342886,681.4142874342886,678.0283779315095,680.5678100585938,16600,0.0,0.0
2013-11-21 00:00:00+09:00,684.8001323260339,685.6466096218634,681.4142231427161,683.107177734375,29800,0.0,0.0
2013-11-22 00:00:00+09:00,685.6466549389983,686.4931322907748,678.8748361247859,679.7213134765625,30400,0.0,0.0
2013-11-25 00:00:00+09:00,679.721332682899,683.107242185678,679.721332682899,680.5678100585938,28600,0.0,0.0
2013-11-26 00:00:00+09:00,680.5677874922457,684.8001742303815,679.7213101446184,682.2607421875,44600,0.0,0.0
2013-11-27 00:00:00+09:00,679.7212270604501,683.95361328125,679.7212270604501,683.95361328125,28900,0.0,0.0
2013-11-28 00:00:00+09:00,681.4143172220969,681.4143172220969,672.9495430951142,673.7960205078125,69400,0.0,0.0
2013-11-29 00:00:00+09:00,672.9495115328561,673.7959889058534,663.6382604298858,667.024169921875,68400,0.0,0.0
2013-12-02 00:00:00+09:00,666.1776925488776,671.2565567868616,666.1776925488776,667.024169921875,38000,0.0,0.0
2013-12-03 00:00:00+09:00,666.1778262019617,667.024303744785,655.1736181452584,659.406005859375,114300,0.0,0.0
2013-12-04 00:00:00+09:00,659.4057841061625,660.2522613643218,656.019875073525,657.7128295898438,52000,0.0,0.0
2013-12-05 00:00:00+09:00,659.4059208888634,661.0988757563572,647.5552368164062,647.5552368164062,92800,0.0,0.0
2013-12-06 00:00:00+09:00,650.9410658431927,651.7875431719875,645.862201870424,646.7086791992188,47100,0.0,0.0
2013-12-09 00:00:00+09:00,646.7086759365833,651.7875398837292,646.7086759365833,649.2481079101562,28300,0.0,0.0
2013-12-10 00:00:00+09:00,645.0157924843337,647.5552247382091,639.0904505586246,641.6298828125,90500,0.0,0.0
2013-12-11 00:00:00+09:00,641.6298409965826,645.8622278105443,641.6298409965826,642.476318359375,37200,0.0,0.0
2013-12-12 00:00:00+09:00,643.3227377593832,645.8621696189598,636.5509194671791,639.9368286132812,62500,0.0,0.0
2013-12-13 00:00:00+09:00,633.1650948660714,639.9369140624999,621.3144112723214,622.160888671875,152600,0.0,0.0
2013-12-16 00:00:00+09:00,622.1608833460926,623.0073607384003,609.4637224614786,611.1566772460938,72700,0.0,0.0
2013-12-17 00:00:00+09:00,613.6961358361664,613.6961358361664,601.8454518338128,606.92431640625,66600,0.0,0.0
2013-12-18 00:00:00+09:00,602.6918495220845,607.7707134225515,602.6918495220845,606.0777587890625,73400,0.0,0.0
2013-12-19 00:00:00+09:00,608.6172555546273,612.8496425890822,601.8454362994993,603.5383911132812,180700,0.0,0.0
2013-12-20 00:00:00+09:00,603.5383107903299,608.6171745557464,600.9988789076216,602.6918334960938,67700,0.0,0.0
2013-12-24 00:00:00+09:00,601.8452844864282,602.6917616797988,594.2269897460938,594.2269897460938,127400,0.0,0.0
2013-12-25 00:00:00+09:00,594.2270892750133,597.6129986156117,593.3806119398638,595.9200439453125,120300,0.0,0.0
2013-12-26 00:00:00+09:00,598.4594346357314,612.8495483398438,597.6129573590189,612.8495483398438,121700,0.0,0.0
2013-12-27 00:00:00+09:00,615.3890694754464,625.5467982700892,612.8496372767856,622.160888671875,141600,0.0,0.0
2013-12-30 00:00:00+09:00,630.6257133073705,631.4721907748972,623.8538935671571,629.7792358398438,115900,0.0,0.0
2014-01-06 00:00:00+09:00,634.8579190520622,636.5508735028677,627.2396240234375,627.2396240234375,121800,0.0,0.0
2014-01-07 00:00:00+09:00,628.0861984315895,628.9326757879663,613.6960833731839,615.3890380859375,163000,0.0,0.0
2014-01-08 00:00:00+09:00,623.8537529371062,623.8537529371062,607.7706846795688,612.8495483398438,137100,0.0,0.0
2014-01-09 00:00:00+09:00,613.6961358361664,614.5426132649059,605.2313615487709,606.92431640625,100200,0.0,0.0
2014-01-10 00:00:00+09:00,606.92431640625,609.4637486924687,601.8454518338128,606.92431640625,93000,0.0,0.0
2014-01-14 00:00:00+09:00,605.2313760527483,605.2313760527483,595.0736466644504,596.7666015625,164600,0.0,0.0
2014-01-15 00:00:00+09:00,601.8454293581309,608.6172485351562,598.4595197696182,608.6172485351562,110000,0.0,0.0
2014-01-16 00:00:00+09:00,612.8495803582864,620.4678762467181,607.7707164326653,619.6213989257812,160000,0.0,0.0
2014-01-17 00:00:00+09:00,620.4679022241983,620.4679022241983,611.1566513040534,615.3890380859375,77600,0.0,0.0
2014-01-20 00:00:00+09:00,622.1609574900377,630.625732421875,619.6215250104865,630.625732421875,128800,0.0,0.0
2014-01-21 00:00:00+09:00,635.7044291477177,637.3973836860606,628.0861337251753,634.011474609375,99500,0.0,0.0
2014-01-22 00:00:00+09:00,638.243838456277,638.243838456277,630.6255433022897,635.7044067382812,82800,0.0,0.0
2014-01-23 00:00:00+09:00,636.551027722118,636.551027722118,618.7750016820056,620.4679565429688,111400,0.0,0.0
2014-01-24 00:00:00+09:00,620.4678894890679,621.3143668280708,601.8453880310059,609.4636840820312,130400,0.0,0.0
2014-01-27 00:00:00+09:00,604.3846765136718,604.3846765136718,592.5339965820312,592.5339965820312,169600,0.0,0.0
2014-01-28 00:00:00+09:00,592.5340830850945,596.7664693928451,588.3016967773438,588.3016967773438,115300,0.0,0.0
2014-01-29 00:00:00+09:00,605.2312718884699,613.696044921875,601.8453626751078,613.696044921875,70900,0.0,0.0
2014-01-30 00:00:00+09:00,608.6172712637291,609.4637486924687,600.1524969763337,606.92431640625,68300,0.0,0.0
2014-01-31 00:00:00+09:00,613.6961588826213,613.6961588826213,598.4595645931217,605.2313842773438,44200,0.0,0.0
2014-02-03 00:00:00+09:00,608.6170622035435,608.6170622035435,592.5339965820312,592.5339965820312,41000,0.0,0.0
2014-02-04 00:00:00+09:00,588.3017120130485,589.1481892965204,553.5961433906959,559.521484375,171200,0.0,0.0
2014-02-05 00:00:00+09:00,575.6045660144555,576.4510433174179,559.5214972581692,565.4468383789062,72300,0.0,0.0
2014-02-06 00:00:00+09:00,573.0652082429109,578.1440727177372,564.6004341182002,571.3722534179688,49700,0.0,0.0
2014-02-07 00:00:00+09:00,584.0693166259412,586.6087484373583,575.6045439212173,583.2228393554688,41000,0.0,0.0
2014-02-10 00:00:00+09:00,589.148292694529,591.6877249906261,586.608860398432,590.8412475585938,21700,0.0,0.0
2014-02-12 00:00:00+09:00,595.07350870478,600.1523722214638,592.5340769464382,593.3805541992188,30300,0.0,0.0
2014-02-13 00:00:00+09:00,595.9199859575606,599.3058949686831,592.5340769464382,593.3805541992188,42700,0.0,0.0
2014-02-14 00:00:00+09:00,594.227030376535,600.1523711352754,573.0650990953194,577.2974853515625,147200,0.0,0.0
2014-02-17 00:00:00+09:00,580.6835371680526,591.687744140625,575.6046724114807,591.687744140625,33700,0.0,0.0
2014-02-18 00:00:00+09:00,592.5463349047325,601.13396294683,588.2525208836837,596.8401489257812,54100,10.0,0.0
2014-02-19 00:00:00+09:00,594.263910700517,594.263910700517,589.9700963168427,591.6876220703125,20400,0.0,0.0
2014-02-20 00:00:00+09:00,591.6876537686303,592.5464166913714,577.0886840820312,577.0886840820312,70200,0.0,0.0
2014-02-21 00:00:00+09:00,578.8061771836392,591.6876202960347,578.8061771836392,590.828857421875,48100,0.0,0.0
2014-02-24 00:00:00+09:00,585.6762819331685,592.5463849470473,585.6762819331685,591.6876220703125,41500,0.0,0.0
2014-02-25 00:00:00+09:00,593.4052005343967,593.4052005343967,585.6763339572483,587.3938598632812,43200,0.0,0.0
2014-02-26 00:00:00+09:00,588.252610808109,588.252610808109,577.0886926467873,581.3825073242188,49600,0.0,0.0
2014-02-27 00:00:00+09:00,581.3825552217629,582.2413182279989,574.512451171875,574.512451171875,56100,0.0,0.0
2014-02-28 00:00:00+09:00,576.2297877406215,577.0885504645271,569.3596859493771,571.9359741210938,39300,0.0,0.0
2014-03-03 00:00:00+09:00,571.0772741680917,573.6535626229853,566.7834600766023,572.7947998046875,21200,0.0,0.0
2014-03-04 00:00:00+09:00,571.9359874526955,577.9473266601562,568.5009364770036,577.9473266601562,28200,0.0,0.0
2014-03-05 00:00:00+09:00,582.2411403797711,582.2411403797711,575.3710384283874,577.9473266601562,25400,0.0,0.0
2014-03-06 00:00:00+09:00,582.2412163150468,585.6762677387344,578.8061648913592,584.8175048828125,25300,0.0,0.0
2014-03-07 00:00:00+09:00,585.6763271556181,587.3938530417049,580.5237494973575,583.9588012695312,19500,0.0,0.0
2014-03-10 00:00:00+09:00,587.3938478726227,587.3938478726227,578.8062185177598,581.3825073242188,19800,0.0,0.0
2014-03-11 00:00:00+09:00,585.6762713185167,588.2525599020292,583.9587455961749,586.5350341796875,15400,0.0,0.0
2014-03-12 00:00:00+09:00,586.5350832064476,586.5350832064476,580.5237426757812,580.5237426757812,17700,0.0,0.0
2014-03-13 00:00:00+09:00,579.6648521480022,585.676191355463,577.9473266601562,577.9473266601562,24000,0.0,0.0
2014-03-14 00:00:00+09:00,575.3711336361963,576.2298965222205,562.4896903458338,565.0659790039062,95400,0.0,0.0
2014-03-17 00:00:00+09:00,565.0659719111358,568.5010234121154,561.6309204101562,561.6309204101562,39500,0.0,0.0
2014-03-18 00:00:00+09:00,566.7833977776605,573.6534995689049,565.0658723298494,571.9359741210938,13900,0.0,0.0
2014-03-19 00:00:00+09:00,571.9360240589489,571.9360240589489,566.783447265625,566.783447265625,19700,0.0,0.0
2014-03-20 00:00:00+09:00,565.0660055991624,566.7835314520474,547.8907470703125,547.8907470703125,68000,0.0,0.0
2014-03-24 00:00:00+09:00,555.6195087197386,564.2071363661024,553.9019831904658,556.478271484375,50100,0.0,0.0
2014-03-25 00:00:00+09:00,558.1958192767519,575.3710752544981,558.1958192767519,566.783447265625,36200,0.0,0.0
2014-03-26 00:00:00+09:00,571.9361116536458,582.2412668185764,571.9361116536458,579.6649780273438,55400,0.0,0.0
2014-03-27 00:00:00+09:00,583.9587526723981,590.8288556450145,576.2298868282046,589.9700927734375,63900,0.0,0.0
2014-03-28 00:00:00+09:00,591.6876238394475,592.54638671875,589.1113352015399,592.54638671875,33100,0.0,0.0
2014-03-31 00:00:00+09:00,592.5463884853248,593.4051513671875,589.9700998397363,593.4051513671875,35700,0.0,0.0
2014-04-01 00:00:00+09:00,585.676358770062,600.2753295898438,584.8175957806632,600.2753295898438,51800,0.0,0.0
2014-04-02 00:00:00+09:00,600.2752129970453,604.5690271100427,600.2752129970453,602.8515014648438,47500,0.0,0.0
2014-04-03 00:00:00+09:00,603.7102642874432,605.4277899326422,601.1339758196448,602.8515014648438,29300,0.0,0.0
2014-04-04 00:00:00+09:00,602.8516284699135,605.4279174804688,602.8516284699135,605.4279174804688,29200,0.0,0.0
2014-04-07 00:00:00+09:00,605.4277862548828,607.1453118896484,598.5576837158203,601.1339721679688,31800,0.0,0.0
2014-04-08 00:00:00+09:00,601.1340842123334,603.710373144672,590.8289284829791,595.9815063476562,39500,0.0,0.0
2014-04-09 00:00:00+09:00,592.5464392891765,595.9814911111428,585.6763356452441,588.2526245117188,32900,0.0,0.0
2014-04-10 00:00:00+09:00,592.5464409919939,601.134070571588,587.3938632442374,589.1113891601562,32600,0.0,0.0
2014-04-11 00:00:00+09:00,582.2412198738333,591.6876113467126,579.6649312903207,586.5350341796875,32700,0.0,0.0
2014-04-14 00:00:00+09:00,589.1114025280867,601.1340842123334,589.1114025280867,595.9815063476562,20400,0.0,0.0
2014-04-15 00:00:00+09:00,605.4277862548828,605.4277862548828,597.6989208984374,601.1339721679688,28600,0.0,0.0
2014-04-16 00:00:00+09:00,601.9927349853515,603.7102606201172,599.416446533203,601.1339721679688,18100,0.0,0.0
2014-04-17 00:00:00+09:00,602.8516185580405,603.7103815474394,598.5578036110459,600.2753295898438,16700,0.0,0.0
2014-04-18 00:00:00+09:00,601.1340909154504,601.9928539024725,597.6990389673621,599.4165649414062,12800,0.0,0.0
2014-04-21 00:00:00+09:00,599.4164501744458,605.4277899326422,599.4164501744458,602.8515014648438,17600,0.0,0.0
2014-04-22 00:00:00+09:00,605.4278633322131,610.5804408924872,601.9928116253636,608.8629150390625,48100,0.0,0.0
2014-04-23 00:00:00+09:00,608.8628594044889,611.4391479492188,606.2865708597591,611.4391479492188,27200,0.0,0.0
2014-04-24 00:00:00+09:00,608.0040784004407,610.5803668682393,602.8515014648438,602.8515014648438,23100,0.0,0.0
2014-04-25 00:00:00+09:00,604.5691706730769,614.0155639648438,604.5691706730769,614.0155639648438,34200,0.0,0.0
2014-04-28 00:00:00+09:00,607.1453650905662,626.8969116210938,607.1453650905662,626.8969116210938,77100,0.0,0.0
2014-04-30 00:00:00+09:00,626.8969009989532,626.8969009989532,620.8855608523879,621.7443237304688,47300,0.0,0.0
2014-05-01 00:00:00+09:00,620.8855731092629,627.7556762695312,616.591758634095,627.7556762695312,52700,0.0,0.0
2014-05-02 00:00:00+09:00,623.4619190859696,626.8969709817601,623.4619190859696,626.0382080078125,15500,0.0,0.0
2014-05-07 00:00:00+09:00,626.0381893062327,626.0381893062327,615.7330339267062,616.591796875,32800,0.0,0.0
2014-05-08 00:00:00+09:00,617.4505649095765,621.7443796864164,617.4505649095765,619.1680908203125,15000,0.0,0.0
2014-05-09 00:00:00+09:00,620.8856167310485,622.6031426417844,618.3093278649445,619.1680908203125,11700,0.0,0.0
2014-05-12 00:00:00+09:00,620.0268537756805,625.1794315078884,619.1680908203125,619.1680908203125,17400,0.0,0.0
2014-05-13 00:00:00+09:00,622.6031942300863,622.6031942300863,613.1568009383195,614.0155639648438,40400,0.0,0.0
2014-05-14 00:00:00+09:00,614.0155046345801,618.3093193523044,613.1567416910352,614.874267578125,28300,0.0,0.0
2014-05-15 00:00:00+09:00,617.4505512510409,617.4505512510409,610.5804477600697,612.2979736328125,15300,0.0,0.0
2014-05-16 00:00:00+09:00,609.7217207856711,611.4392467597153,595.981512993318,599.4165649414062,62100,0.0,0.0
2014-05-19 00:00:00+09:00,599.416446533203,604.5690234374999,599.416446533203,601.1339721679688,24700,0.0,0.0
2014-05-20 00:00:00+09:00,601.1339721679688,603.7102606201172,601.1339721679688,601.1339721679688,15500,0.0,0.0
2014-05-21 00:00:00+09:00,601.9927257510398,601.9927257510398,596.8401489257812,596.8401489257812,24900,0.0,0.0
2014-05-22 00:00:00+09:00,599.4165666004448,601.9928555686415,598.5578036110459,600.2753295898438,13600,0.0,0.0
2014-05-23 00:00:00+09:00,596.8401489257812,596.8401489257812,589.1112836878934,596.8401489257812,53000,0.0,0.0
2014-05-26 00:00:00+09:00,596.8400898198971,601.1339034157238,589.9699880665746,597.6988525390625,42800,0.0,0.0
2014-05-27 00:00:00+09:00,597.6989208984374,601.9927349853515,597.6989208984374,601.1339721679688,21500,0.0,0.0
2014-05-28 00:00:00+09:00,600.2752129970453,602.8515014648438,599.4164501744458,602.8515014648438,28700,0.0,0.0
2014-05-29 00:00:00+09:00,599.4164501744458,604.5690271100427,599.4164501744458,602.8515014648438,14400,0.0,0.0
2014-05-30 00:00:00+09:00,601.1339758196448,604.5690271100427,601.1339758196448,602.8515014648438,19500,0.0,0.0
2014-06-02 00:00:00+09:00,601.1340435773725,607.1453840131463,601.1340435773725,606.28662109375,23700,0.0,0.0
2014-06-03 00:00:00+09:00,609.7216762391861,609.7216762391861,606.2866245420639,608.004150390625,17600,0.0,0.0
2014-06-04 00:00:00+09:00,609.7216865261729,613.15673828125,608.8629235874037,613.15673828125,16400,0.0,0.0
2014-06-05 00:00:00+09:00,614.874267578125,614.874267578125,613.1567416910352,614.874267578125,14200,0.0,0.0
2014-06-06 00:00:00+09:00,616.5917934652147,616.5917934652147,614.0155046345801,614.874267578125,20100,0.0,0.0
2014-06-09 00:00:00+09:00,618.3092041015625,618.3092041015625,616.5916785346137,618.3092041015625,20300,0.0,0.0
2014-06-10 00:00:00+09:00,619.1679668850369,620.8854924519857,618.3092041015625,618.3092041015625,18600,0.0,0.0
2014-06-11 00:00:00+09:00,619.1680350962265,623.4618494866303,619.1680350962265,621.7443237304688,22100,0.0,0.0
2014-06-12 00:00:00+09:00,621.7443864493534,625.1794383081897,620.8856234846444,622.6031494140625,32200,0.0,0.0
2014-06-13 00:00:00+09:00,622.6030919050088,626.0381434465537,620.8855661342363,624.3206176757812,51500,0.0,0.0
2014-06-16 00:00:00+09:00,624.3206803877275,626.89696930267,624.3206803877275,625.179443359375,24100,0.0,0.0
2014-06-17 00:00:00+09:00,626.8969809603528,631.1907958984375,626.8969809603528,631.1907958984375,38900,0.0,0.0
2014-06-18 00:00:00+09:00,632.0495098761793,637.2020874023438,631.1907469551519,637.2020874023438,46300,0.0,0.0
2014-06-19 00:00:00+09:00,637.2021500804382,639.7784390969359,632.0495720474428,638.0609130859375,59600,0.0,0.0
2014-06-20 00:00:00+09:00,640.6370258050431,641.4957885742188,635.4844491899892,641.4957885742188,54300,0.0,0.0
2014-06-23 00:00:00+09:00,641.4959089263834,643.2134347869627,638.9196201355144,640.6371459960938,44800,0.0,0.0
2014-06-24 00:00:00+09:00,640.6371356036212,641.49589851998,634.62579518911,635.4845581054688,52600,0.0,0.0
2014-06-25 00:00:00+09:00,635.4846240694397,642.3547281134337,635.4846240694397,638.0609130859375,43200,0.0,0.0
2014-06-26 00:00:00+09:00,639.7784472786806,642.354736328125,639.7784472786806,642.354736328125,31000,0.0,0.0
2014-06-27 00:00:00+09:00,643.2134347869627,643.2134347869627,635.4845684143557,640.6371459960938,53300,0.0,0.0
2014-06-30 00:00:00+09:00,641.4958620754414,648.3659650160084,641.4958620754414,647.5072021484375,57100,0.0,0.0
2014-07-01 00:00:00+09:00,649.2247437643349,656.9536097615294,649.2247437643349,655.236083984375,70100,0.0,0.0
2014-07-02 00:00:00+09:00,661.2474655287086,676.7051984891201,659.5299396442185,675.846435546875,180200,0.0,0.0
2014-07-03 00:00:00+09:00,676.705308162508,676.705308162508,658.6712834525935,668.9764404296875,66600,0.0,0.0
2014-07-04 00:00:00+09:00,668.9764404296875,672.4114927553854,662.1063357782914,668.9764404296875,49300,0.0,0.0
2014-07-07 00:00:00+09:00,669.8352097551484,675.8465513811561,669.8352097551484,672.4114990234375,31400,0.0,0.0
2014-07-08 00:00:00+09:00,673.270026967005,676.705078125,671.5525013880076,676.705078125,48300,0.0,0.0
2014-07-09 00:00:00+09:00,676.7050649957987,676.7050649957987,669.8349628131002,670.6937255859375,44900,0.0,0.0
2014-07-10 00:00:00+09:00,671.5525238156474,671.5525238156474,658.6710815429688,658.6710815429688,68100,0.0,0.0
2014-07-11 00:00:00+09:00,652.6598374387052,654.3773633267017,638.0608673907341,645.7897338867188,84800,0.0,0.0
2014-07-14 00:00:00+09:00,645.7895868798638,662.1060791015625,645.7895868798638,662.1060791015625,33200,0.0,0.0
2014-07-15 00:00:00+09:00,667.2588417962426,668.1176047843973,662.106263867314,662.9650268554688,41000,0.0,0.0
2014-07-16 00:00:00+09:00,663.8237092949245,663.8237092949245,652.6597918035479,653.5185546875,51800,0.0,0.0
2014-07-17 00:00:00+09:00,660.3886559737356,660.3886559737356,649.2247385125412,652.6597900390625,44200,0.0,0.0
2014-07-18 00:00:00+09:00,648.3659560403455,649.2247188960281,641.4958531948848,643.21337890625,78800,0.0,0.0
2014-07-22 00:00:00+09:00,649.224783946925,649.224783946925,643.2134433548238,644.9309692382812,33300,0.0,0.0
2014-07-23 00:00:00+09:00,652.6597721354167,652.6597721354167,643.2133806966145,644.0721435546875,39000,0.0,0.0
2014-07-24 00:00:00+09:00,647.5072580634675,647.5072580634675,643.2134433548238,644.9309692382812,38800,0.0,0.0
2014-07-25 00:00:00+09:00,646.6484321289063,647.5071949869791,643.2133806966145,644.0721435546875,45900,0.0,0.0
2014-07-28 00:00:00+09:00,645.7897965429946,649.2248486522659,644.0722704883591,646.6485595703125,42400,0.0,0.0
2014-07-29 00:00:00+09:00,650.9422642758018,652.6597900390625,649.2247385125412,652.6597900390625,42300,0.0,0.0
2014-07-30 00:00:00+09:00,642.3547214616458,642.3547214616458,632.0495655023681,634.6258544921875,205100,0.0,0.0
2014-07-31 00:00:00+09:00,633.767052336112,633.767052336112,612.2979787474903,614.874267578125,190500,0.0,0.0
2014-08-01 00:00:00+09:00,611.439207267493,613.1567331306039,609.721681404382,610.5804443359375,86200,0.0,0.0
2014-08-04 00:00:00+09:00,614.0155130881046,621.7443796864164,613.1567501327366,619.1680908203125,65700,0.0,0.0
2014-08-05 00:00:00+09:00,622.6031340700288,623.4618970135737,614.0155046345801,614.874267578125,75500,0.0,0.0
2014-08-06 00:00:00+09:00,614.0154908605888,614.8742537848693,607.1453874663445,608.004150390625,121400,0.0,0.0
2014-08-07 00:00:00+09:00,609.7216779657749,609.7216779657749,605.4278633322131,608.8629150390625,60600,0.0,0.0
2014-08-08 00:00:00+09:00,608.862906369296,609.7216692837801,601.9928030534223,604.569091796875,91800,0.0,0.0
2014-08-11 00:00:00+09:00,609.721681404382,611.439207267493,607.1453926097156,610.5804443359375,72700,0.0,0.0
2014-08-12 00:00:00+09:00,613.15673828125,614.0155012200192,611.4392124037115,613.15673828125,68400,0.0,0.0
2014-08-13 00:00:00+09:00,615.7330339267062,616.591796875,611.4392191852368,616.591796875,96200,0.0,0.0
2014-08-14 00:00:00+09:00,616.5918530444164,616.5918530444164,612.2980379117952,614.0155639648438,115300,0.0,0.0
2014-08-15 00:00:00+09:00,612.2980297679633,613.1567927830656,605.4279256471445,609.7217407226562,508300,0.0,0.0
2014-08-18 00:00:00+09:00,601.0730739023494,605.3973406210713,596.7488071836275,601.9379272460938,346800,5.0,0.0
2014-08-19 00:00:00+09:00,601.937973527428,601.937973527428,597.6137064762253,601.0731201171875,108300,0.0,0.0
2014-08-20 00:00:00+09:00,601.0731221487484,601.0731221487484,596.74885508293,597.6137084960938,92500,0.0,0.0
2014-08-21 00:00:00+09:00,599.3434595113529,601.938019942138,596.7488990805678,600.2083129882812,101300,0.0,0.0
2014-08-22 00:00:00+09:00,599.3434448242188,601.9380051914231,597.6137379127491,599.3434448242188,88300,0.0,0.0
2014-08-25 00:00:00+09:00,596.748810701592,599.3433707481207,594.1542506550634,595.0191040039062,101700,0.0,0.0
2014-08-26 00:00:00+09:00,593.2894944272562,594.154347917675,584.6409595230688,586.3706665039062,165700,0.0,0.0
2014-08-27 00:00:00+09:00,587.2354421741637,590.6948556773989,585.5057354225462,588.9651489257812,77700,0.0,0.0
2014-08-28 00:00:00+09:00,586.3705460636128,587.2353993763909,581.1814261869436,582.9111328125,64500,0.0,0.0
2014-08-29 00:00:00+09:00,582.9111476417825,585.5057076461227,580.3165876374421,583.7760009765625,35800,0.0,0.0
2014-09-01 00:00:00+09:00,583.7760724519428,593.2894602993078,582.0463655706037,591.5597534179688,59500,0.0,0.0
2014-09-02 00:00:00+09:00,595.8839111328125,599.3433242598535,590.694791442251,595.8839111328125,52300,0.0,0.0
2014-09-03 00:00:00+09:00,598.478563955604,598.478563955604,592.4245900427584,594.154296875,40000,0.0,0.0
2014-09-04 00:00:00+09:00,593.2894897460938,596.7489036804733,591.559782778904,593.2894897460938,31000,0.0,0.0
2014-09-05 00:00:00+09:00,596.7488571233624,596.7488571233624,592.4245900427584,594.154296875,25700,0.0,0.0
2014-09-08 00:00:00+09:00,595.0191335484601,596.7488403320312,593.2894267648891,596.7488403320312,24800,0.0,0.0
2014-09-09 00:00:00+09:00,596.7487644145727,599.3433242598535,595.8839111328125,595.8839111328125,28000,0.0,0.0
2014-09-10 00:00:00+09:00,595.0191022398844,600.2082223175578,595.0191022398844,598.478515625,30100,0.0,0.0
2014-09-11 00:00:00+09:00,600.2082223175578,600.2082223175578,597.6136622787211,598.478515625,26800,0.0,0.0
2014-09-12 00:00:00+09:00,600.2082667069469,602.8028269376686,600.2082667069469,601.0731201171875,58900,0.0,0.0
2014-09-16 00:00:00+09:00,603.6677856445312,605.3974927667218,601.9380785223406,603.6677856445312,45100,0.0,0.0
2014-09-17 00:00:00+09:00,605.3973871683903,605.3973871683903,599.3434132967063,601.0731201171875,37400,0.0,0.0
2014-09-18 00:00:00+09:00,598.478591368484,600.2082982799536,593.2894706340752,599.3434448242188,63500,0.0,0.0
2014-09-19 00:00:00+09:00,596.7489571557687,604.5326392056265,596.7489571557687,603.6677856445312,46700,0.0,0.0
2014-09-22 00:00:00+09:00,603.6676487751636,603.6676487751636,601.0730886801414,602.8027954101562,31300,0.0,0.0
2014-09-24 00:00:00+09:00,605.3973999023438,607.1271067592075,596.7488656180245,605.3973999023438,86400,0.0,0.0
2014-09-25 00:00:00+09:00,607.9919852243343,614.0459594726562,605.3974248321963,614.0459594726562,85600,0.0,0.0
2014-09-26 00:00:00+09:00,616.640486136495,620.9647532202011,609.7216588025652,619.2350463867188,101600,0.0,0.0
2014-09-29 00:00:00+09:00,620.9647532202011,620.9647532202011,614.0459258862713,619.2350463867188,45400,0.0,0.0
2014-09-30 00:00:00+09:00,618.3702856753052,619.2351392217043,612.3163108505121,617.5054321289062,40800,0.0,0.0
2014-10-01 00:00:00+09:00,616.640507258422,619.2350675975177,605.3974124556737,609.7216796875,135500,0.0,0.0
2014-10-02 00:00:00+09:00,603.6677015873423,605.3974084686814,588.9651930959601,591.5597534179688,97300,0.0,0.0
2014-10-03 00:00:00+09:00,594.1542147122897,608.8567207532051,594.1542147122897,607.1270141601562,82200,0.0,0.0
2014-10-06 00:00:00+09:00,607.1270985523415,620.9647532202011,606.2622451356003,619.2350463867188,100600,0.0,0.0
2014-10-07 00:00:00+09:00,619.2350463867188,625.2890203039074,615.7756327197538,619.2350463867188,100800,0.0,0.0
2014-10-08 00:00:00+09:00,614.0460231013744,614.9108766550384,606.2623411183993,610.5866088867188,65100,0.0,0.0
2014-10-09 00:00:00+09:00,616.6405931592822,622.6945681271853,609.7217646245356,618.3703002929688,60400,0.0,0.0
2014-10-10 00:00:00+09:00,608.8567356418919,614.0458555479307,606.2621756888725,607.9918823242188,56700,0.0,0.0
2014-10-14 00:00:00+09:00,605.3974927667218,608.8569070111032,601.0732249612453,603.6677856445312,67700,0.0,0.0
2014-10-15 00:00:00+09:00,612.3162841796875,613.1811376884159,603.6677490924038,612.3162841796875,46200,0.0,0.0
2014-10-16 00:00:00+09:00,605.3972972321752,609.7215636409765,595.0190578510523,595.8839111328125,52600,0.0,0.0
2014-10-17 00:00:00+09:00,595.0192014080936,599.3434688601874,585.5058130134876,586.3706665039062,61000,0.0,0.0
2014-10-20 00:00:00+09:00,592.4245439573776,598.4785173992778,592.4245439573776,595.0191040039062,28200,0.0,0.0
2014-10-21 00:00:00+09:00,595.8840399647745,596.7488934335188,583.7760914023553,585.5057983398438,52300,0.0,0.0
2014-10-22 00:00:00+09:00,591.5597681198677,594.1543285063584,588.1003542712135,592.4246215820312,29600,0.0,0.0
2014-10-23 00:00:00+09:00,590.6948276548032,592.4245343243634,583.7760009765625,583.7760009765625,35600,0.0,0.0
2014-10-24 00:00:00+09:00,584.640909297671,598.478563955604,584.640909297671,594.154296875,47400,0.0,0.0
2014-10-27 00:00:00+09:00,601.0731065256797,628.7484150275815,596.7488395722576,625.2890014648438,152700,0.0,0.0
2014-10-28 00:00:00+09:00,629.6132332878581,635.6672066848568,627.018673260573,633.9375,139500,0.0,0.0
2014-10-29 00:00:00+09:00,632.2079174737707,633.0727709860469,624.4242358632866,630.4782104492188,46400,0.0,0.0
2014-10-30 00:00:00+09:00,627.018826406333,631.3430941746525,610.5866088867188,610.5866088867188,68600,0.0,0.0
2014-10-31 00:00:00+09:00,608.8569033700138,635.6673636036365,608.8569033700138,628.74853515625,118300,0.0,0.0
2014-11-04 00:00:00+09:00,630.4781408043547,631.3429942210959,619.2350463867188,619.2350463867188,65000,0.0,0.0
2014-11-05 00:00:00+09:00,619.235153859812,621.829714560342,616.6405931592822,618.3703002929688,47000,0.0,0.0
2014-11-06 00:00:00+09:00,619.2350675975177,620.099921043883,607.1271193484042,609.7216796875,52000,0.0,0.0
2014-11-07 00:00:00+09:00,618.3703002929688,619.235153859812,611.4514717582223,618.3703002929688,39200,0.0,0.0
2014-11-10 00:00:00+09:00,618.3702141511525,618.3702141511525,607.9919727947695,609.7216796875,38900,0.0,0.0
2014-11-11 00:00:00+09:00,611.4513844219687,614.9107981952188,607.127117205406,613.1810913085938,54800,0.0,0.0
2014-11-12 00:00:00+09:00,613.1811376884159,620.9648192669712,612.3162841796875,612.3162841796875,48300,0.0,0.0
2014-11-13 00:00:00+09:00,615.7757395924389,619.235153859812,611.4514717582223,618.3703002929688,28500,0.0,0.0
2014-11-14 00:00:00+09:00,622.6944600536837,622.6944600536837,612.3162190527889,619.2350463867188,70400,0.0,0.0
2014-11-17 00:00:00+09:00,619.2350974076202,620.0999508956197,611.451416015625,611.451416015625,35000,0.0,0.0
2014-11-18 00:00:00+09:00,610.5866088867188,617.50543731603,607.992048225727,610.5866088867188,43000,0.0,0.0
2014-11-19 00:00:00+09:00,614.9107088656039,614.9107088656039,607.9918823242188,607.9918823242188,27400,0.0,0.0
2014-11-20 00:00:00+09:00,608.8568136160713,608.8568136160713,605.3973999023438,605.3973999023438,37200,0.0,0.0
2014-11-21 00:00:00+09:00,609.7217236535024,615.775698214601,607.1271631273173,612.3162841796875,42200,0.0,0.0
2014-11-25 00:00:00+09:00,614.0459447519063,614.0459447519063,610.5865309786561,613.1810913085938,19800,0.0,0.0
2014-11-26 00:00:00+09:00,610.5864812059323,622.6944284253134,610.5864812059323,620.9647216796875,59600,0.0,0.0
2014-11-27 00:00:00+09:00,621.8297466690042,622.6946002805049,616.640625,616.640625,16300,0.0,0.0
2014-11-28 00:00:00+09:00,618.3701615612488,621.8295750525004,615.77560144281,620.9647216796875,23200,0.0,0.0
2014-12-01 00:00:00+09:00,620.9647532202011,624.424166887166,619.2350463867188,619.2350463867188,39100,0.0,0.0
2014-12-02 00:00:00+09:00,622.6945681271853,622.6945681271853,618.3703002929688,618.3703002929688,16900,0.0,0.0
2014-12-03 00:00:00+09:00,618.3702856753052,620.0999927681033,616.6405785825073,617.5054321289062,26100,0.0,0.0
2014-12-04 00:00:00+09:00,619.2351220635024,620.0999755859375,617.5054150186323,620.0999755859375,22800,0.0,0.0
2014-12-05 00:00:00+09:00,620.0999755859375,620.9648291083726,614.9108544513272,620.0999755859375,29300,0.0,0.0
2014-12-08 00:00:00+09:00,620.0998403999242,622.6944004015976,614.9107203965776,615.7755737304688,22000,0.0,0.0
2014-12-09 00:00:00+09:00,615.7756516385314,618.370211968469,613.1810913085938,613.1810913085938,23600,0.0,0.0
2014-12-10 00:00:00+09:00,612.3162378652812,616.6405050818439,611.4513844219687,613.1810913085938,32000,0.0,0.0
2014-12-11 00:00:00+09:00,612.3162400265957,615.7756538120567,609.7216796875,609.7216796875,31100,0.0,0.0
2014-12-12 00:00:00+09:00,615.7755588794392,618.370118818538,612.3161456273075,614.9107055664062,48700,0.0,0.0
2014-12-15 00:00:00+09:00,609.7217553330548,613.1811695477105,606.2623411183993,610.5866088867188,48600,0.0,0.0
2014-12-16 00:00:00+09:00,606.26220703125,608.8567671184023,606.26220703125,606.26220703125,38500,0.0,0.0
2014-12-17 00:00:00+09:00,605.3974338498514,607.1271408037081,597.6137525574961,600.2083129882812,73100,0.0,0.0
2014-12-18 00:00:00+09:00,605.3973536688659,608.8567671184023,604.5325003064818,606.26220703125,35900,0.0,0.0
2014-12-19 00:00:00+09:00,608.8568555516266,611.451416015625,606.2622950876282,611.451416015625,46400,0.0,0.0
2014-12-22 00:00:00+09:00,607.992048225727,612.3163159940466,607.992048225727,610.5866088867188,28800,0.0,0.0
2014-12-24 00:00:00+09:00,609.7216204807863,618.3701541046273,601.0730868569455,606.26220703125,122200,0.0,0.0
2014-12-25 00:00:00+09:00,606.2621608636318,612.3161339393029,605.3973075671074,607.1270141601562,63200,0.0,0.0
2014-12-26 00:00:00+09:00,612.3162378652812,618.370211968469,607.127117205406,613.1810913085938,36400,0.0,0.0
2014-12-29 00:00:00+09:00,620.9647491623683,629.6132832732649,616.6404821069201,626.1538696289062,174600,0.0,0.0
2014-12-30 00:00:00+09:00,627.0187439622905,646.0455196411463,627.0187439622905,641.7212524414062,157600,0.0,0.0
2015-01-05 00:00:00+09:00,648.6401005795127,657.2886352539062,645.1806867097554,657.2886352539062,168400,0.0,0.0
2015-01-06 00:00:00+09:00,649.5049164023176,651.2346232369442,637.3969685599309,644.3157958984375,56600,0.0,0.0
2015-01-07 00:00:00+09:00,644.3158288796743,668.5317258040111,644.3158288796743,664.2074584960938,127100,0.0,0.0
2015-01-08 00:00:00+09:00,670.2614157116367,670.2614157116367,664.2074416342413,666.802001953125,84500,0.0,0.0
2015-01-09 00:00:00+09:00,665.9371297095919,672.85595703125,657.2885955575193,672.85595703125,78400,0.0,0.0
2015-01-13 00:00:00+09:00,672.8559590815266,672.8559590815266,661.6128646495731,669.3965454101562,59200,0.0,0.0
2015-01-14 00:00:00+09:00,659.0183355301773,670.2614304932905,657.2886286127753,667.6668701171875,51900,0.0,0.0
2015-01-15 00:00:00+09:00,667.6668385744712,670.2613988279988,663.3425714852582,669.3965454101562,36900,0.0,0.0
2015-01-16 00:00:00+09:00,661.612860083105,666.8019805543452,648.6400589050049,651.234619140625,43800,0.0,0.0
2015-01-19 00:00:00+09:00,648.64013671875,655.55896484375,638.26189453125,648.64013671875,43700,0.0,0.0
2015-01-20 00:00:00+09:00,648.6400778108244,648.6400778108244,640.8563968770945,645.1806640625,42700,0.0,0.0
2015-01-21 00:00:00+09:00,643.450933737833,643.450933737833,631.3429860599706,633.0726928710938,59300,0.0,0.0
2015-01-22 00:00:00+09:00,633.0726466575716,641.7211800818554,632.2077933151432,633.9375,35300,0.0,0.0
2015-01-23 00:00:00+09:00,634.8025194251019,639.9916408372962,631.3431051503057,636.5322265625,27200,0.0,0.0
2015-01-26 00:00:00+09:00,636.5321360907698,639.1266964280962,633.9375757534433,634.8024291992188,37400,0.0,0.0
2015-01-27 00:00:00+09:00,633.9375129844439,640.8563398655837,632.2078062641589,638.2617797851562,65400,0.0,0.0
2015-01-28 00:00:00+09:00,639.9915288118708,646.9103561503775,638.2618219772442,644.3157958984375,43600,0.0,0.0
2015-01-29 00:00:00+09:00,648.6401268345141,648.6401268345141,640.8564453125,640.8564453125,57100,0.0,0.0
2015-01-30 00:00:00+09:00,641.721328098713,642.586181640625,639.126767472977,642.586181640625,24500,0.0,0.0
2015-02-02 00:00:00+09:00,642.586152317392,647.7752733320682,640.8564453125,640.8564453125,38500,0.0,0.0
2015-02-03 00:00:00+09:00,647.7753028920971,647.7753028920971,640.856474556801,642.586181640625,33800,0.0,0.0
2015-02-04 00:00:00+09:00,642.5860576910507,646.9103245664952,641.7212043159618,646.0454711914062,27000,0.0,0.0
2015-02-05 00:00:00+09:00,647.775177941584,647.775177941584,643.4509110661396,646.0454711914062,23100,0.0,0.0
2015-02-06 00:00:00+09:00,647.7752095676909,647.7752095676909,644.3157958984375,644.3157958984375,16500,0.0,0.0
2015-02-09 00:00:00+09:00,648.6400778108244,648.6400778108244,644.3158106254189,645.1806640625,20900,0.0,0.0
2015-02-10 00:00:00+09:00,645.1807422663611,647.7753028920971,641.721328098713,642.586181640625,32100,0.0,0.0
2015-02-12 00:00:00+09:00,647.7752561671759,648.6401096467049,643.4509887695312,643.4509887695312,33800,0.0,0.0
2015-02-13 00:00:00+09:00,648.6401564340091,648.6401564340091,642.586181640625,642.586181640625,45000,0.0,0.0
2015-02-16 00:00:00+09:00,642.586152317392,644.315859322284,639.9915918100539,640.8564453125,52500,0.0,0.0
2015-02-17 00:00:00+09:00,643.4510058198381,644.315859322284,639.9915918100539,640.8564453125,75800,0.0,0.0
2015-02-18 00:00:00+09:00,651.3765633765687,666.2801994161402,649.6231944307368,659.2667236328125,73900,10.0,0.0
2015-02-19 00:00:00+09:00,664.5267228668811,670.6635131835938,661.8966698740043,670.6635131835938,53600,0.0,0.0
2015-02-20 00:00:00+09:00,670.6636841138619,673.2937377770535,666.2802613418759,672.4170532226562,31400,0.0,0.0
2015-02-23 00:00:00+09:00,670.663611284313,675.0470335802889,668.9102423659227,674.1703491210938,28000,0.0,0.0
2015-02-24 00:00:00+09:00,675.0471555724624,680.3072632782219,674.1704709548359,678.5538940429688,69300,0.0,0.0
2015-02-25 00:00:00+09:00,675.9237232697316,719.7579465686765,675.0470388037527,718.0045776367188,211800,0.0,0.0
2015-02-26 00:00:00+09:00,714.4979248046875,714.4979248046875,697.84091796875,705.7310791015625,104300,0.0,0.0
2015-02-27 00:00:00+09:00,700.4708489951847,701.3475334119497,689.0739515772406,696.964111328125,62700,0.0,0.0
2015-03-02 00:00:00+09:00,696.964111328125,701.3475334119497,696.964111328125,696.964111328125,22700,0.0,0.0
2015-03-03 00:00:00+09:00,696.9642212979514,703.9776977386855,694.3341676326761,703.1010131835938,49800,0.0,0.0
2015-03-04 00:00:00+09:00,698.7175540757803,707.484399170834,696.9641850567696,703.9776611328125,49000,0.0,0.0
2015-03-05 00:00:00+09:00,703.9776007775033,711.8677606865912,703.9776007775033,708.3610229492188,36400,0.0,0.0
2015-03-06 00:00:00+09:00,710.1144423886955,727.6481323242188,708.3610733951431,727.6481323242188,101400,0.0,0.0
2015-03-09 00:00:00+09:00,727.6481567823499,733.7849484660566,722.3880496248872,728.5248413085938,45900,0.0,0.0
2015-03-10 00:00:00+09:00,727.6480329283553,731.1547704364438,717.1278204040899,719.7578735351562,30400,0.0,0.0
2015-03-11 00:00:00+09:00,710.1144174429087,720.6346310346555,710.1144174429087,718.0045776367188,29400,0.0,0.0
2015-03-12 00:00:00+09:00,718.0045896644546,723.2646965484432,711.867798299801,716.251220703125,25900,0.0,0.0
2015-03-13 00:00:00+09:00,726.771533291796,728.5249024915349,721.5114256925791,724.1414794921875,81200,0.0,0.0
2015-03-16 00:00:00+09:00,718.8813233607024,727.6481687675401,717.1279542793347,722.3880615234375,28100,0.0,0.0
2015-03-17 00:00:00+09:00,725.8946779110752,729.4014154855248,721.5112559430131,726.7713623046875,36600,0.0,0.0
2015-03-18 00:00:00+09:00,729.4013918067227,731.1547605370273,725.8946543461135,730.278076171875,25000,0.0,0.0
2015-03-19 00:00:00+09:00,726.7714478274427,731.1548703113234,724.1413943371141,727.6481323242188,21900,0.0,0.0
2015-03-20 00:00:00+09:00,730.278183517456,732.0315525054931,701.3475952148438,701.3475952148438,81000,0.0,0.0
2015-03-23 00:00:00+09:00,711.8678113822477,729.4015013177711,711.8678113822477,727.6481323242188,33200,0.0,0.0
2015-03-24 00:00:00+09:00,735.5382695491845,744.305114239878,735.5382695491845,739.9216918945312,76400,0.0,0.0
2015-03-25 00:00:00+09:00,742.5516849153877,745.1817381087125,740.7983161198378,744.3050537109375,31300,0.0,0.0
2015-03-26 00:00:00+09:00,740.7984495162964,740.7984495162964,725.0181275147659,729.4015502929688,44000,0.0,0.0
2015-03-27 00:00:00+09:00,730.2782834295152,744.3052372528913,727.6482295876323,735.5383911132812,53700,0.0,0.0
2015-03-30 00:00:00+09:00,727.648193359375,731.154931640625,712.7445556640625,714.4979248046875,62400,0.0,0.0
2015-03-31 00:00:00+09:00,723.2646476931689,726.7713853789539,710.1143813714748,718.8812255859375,78400,0.0,0.0
2015-04-01 00:00:00+09:00,723.264709840338,739.0450307823089,718.8812873564572,727.6481323242188,147400,0.0,0.0
2015-04-02 00:00:00+09:00,726.7715449736712,740.7984987970473,726.7715449736712,735.5383911132812,52800,0.0,0.0
2015-04-03 00:00:00+09:00,733.7848881597893,739.9216793391424,732.0315192514028,737.2916259765625,27700,0.0,0.0
2015-04-06 00:00:00+09:00,738.1684449551643,739.9218141830863,732.9083372713983,735.5383911132812,36100,0.0,0.0
2015-04-07 00:00:00+09:00,735.5382931646473,736.4149776618639,727.6481326896987,732.0315551757812,37000,0.0,0.0
2015-04-08 00:00:00+09:00,732.908203125,739.9216787529905,732.0315186715012,732.908203125,37800,0.0,0.0
2015-04-09 00:00:00+09:00,739.0450927734375,741.675146484375,734.661669921875,740.7984619140625,52500,0.0,0.0
2015-04-10 00:00:00+09:00,743.428457141596,778.4958371954449,742.5517726402499,775.8657836914062,153400,0.0,0.0
2015-04-13 00:00:00+09:00,771.4823479608658,775.8657703924616,759.2087651523975,764.4688720703125,40900,0.0,0.0
2015-04-14 00:00:00+09:00,762.7154948361854,801.2896118164062,762.7154948361854,801.2896118164062,107200,0.0,0.0
2015-04-15 00:00:00+09:00,805.673032766985,805.673032766985,786.3859743111921,788.1393432617188,48100,0.0,0.0
2015-04-16 00:00:00+09:00,789.0161501481228,793.3995732045013,774.1125117564361,783.7560424804688,31500,0.0,0.0
2015-04-17 00:00:00+09:00,783.7559448924145,795.1528434199328,782.0025758881809,784.6326293945312,28700,0.0,0.0
2015-04-20 00:00:00+09:00,786.3859966409617,786.3859966409617,759.2087771360901,762.7155151367188,54400,0.0,0.0
2015-04-21 00:00:00+09:00,767.9756235186974,783.7559445499035,767.9756235186974,780.2492065429688,27300,0.0,0.0
2015-04-22 00:00:00+09:00,784.6326781816011,788.1394164081112,780.2492553984638,782.0026245117188,19500,0.0,0.0
2015-04-23 00:00:00+09:00,789.0159438885256,797.7827877095092,788.1392595064273,796.0294189453125,62200,0.0,0.0
2015-04-24 00:00:00+09:00,797.7830319858981,803.0431398891018,784.6327622278887,800.4130859375,51800,0.0,0.0
2015-04-27 00:00:00+09:00,805.6731201171875,818.823388671875,797.782958984375,802.1663818359375,64200,0.0,0.0
2015-04-28 00:00:00+09:00,809.1798218959866,817.0699826728705,807.4264528344568,811.8098754882812,44500,0.0,0.0
2015-04-30 00:00:00+09:00,812.6864505106718,815.3165037485703,802.1662375590772,814.4398193359375,62000,0.0,0.0
2015-05-01 00:00:00+09:00,807.4265517171224,810.9332902696398,787.2628050401476,789.0161743164062,63400,0.0,0.0
2015-05-07 00:00:00+09:00,792.5227909297734,809.1797964913504,792.5227909297734,797.7828979492188,39600,0.0,0.0
2015-05-08 00:00:00+09:00,797.7828866954482,810.0564695676858,797.7828866954482,808.3031005859375,30000,0.0,0.0
2015-05-11 00:00:00+09:00,813.5632573761854,832.8503173570864,813.5632573761854,831.9736328125,74200,0.0,0.0
2015-05-12 00:00:00+09:00,832.8502437277021,832.8502437277021,817.0699233202299,829.343505859375,35500,0.0,0.0
2015-05-13 00:00:00+09:00,831.9735842151802,837.2336911754447,831.9735842151802,834.6036376953125,36000,0.0,0.0
2015-05-14 00:00:00+09:00,836.3569950744184,849.5072622925696,831.973572668368,840.7404174804688,43200,0.0,0.0
2015-05-15 00:00:00+09:00,846.8772705833978,855.6441160345717,846.0005860382804,849.50732421875,31800,0.0,0.0
2015-05-18 00:00:00+09:00,853.8906264886623,862.657470703125,853.8906264886623,862.657470703125,38700,0.0,0.0
2015-05-19 00:00:00+09:00,865.28759765625,874.9311271134118,862.6575441679331,865.28759765625,65600,0.0,0.0
2015-05-20 00:00:00+09:00,862.657483993038,870.5476439076085,846.8771641638971,869.6709594726562,64400,0.0,0.0
2015-05-21 00:00:00+09:00,872.3010864257812,875.8078244616638,868.7943483898987,872.3010864257812,52700,0.0,0.0
2015-05-22 00:00:00+09:00,875.8077518668717,885.4512806662067,872.301014121659,878.4378051757812,79300,0.0,0.0
2015-05-25 00:00:00+09:00,885.4512820036515,894.2181263799253,875.8077531897503,887.2046508789062,99800,0.0,0.0
2015-05-26 00:00:00+09:00,886.3280149673446,888.958068424221,876.6844856254645,884.5746459960938,52400,0.0,0.0
2015-05-27 00:00:00+09:00,885.451305934361,885.451305934361,879.314514705113,883.6979370117188,36600,0.0,0.0
2015-05-28 00:00:00+09:00,883.6980962418505,883.6980962418505,874.0545654296875,874.0545654296875,55000,0.0,0.0
2015-05-29 00:00:00+09:00,874.9311405618392,889.8347772247162,874.9311405618392,881.0679321289062,47300,0.0,0.0
2015-06-01 00:00:00+09:00,881.0678830817119,888.0813587679345,878.4378296993784,879.3145141601562,29000,0.0,0.0
2015-06-02 00:00:00+09:00,879.3145373646241,879.3145373646241,858.2741097507148,867.0409545898438,89100,0.0,0.0
2015-06-03 00:00:00+09:00,863.5342400966547,866.1642936197917,852.1373414963942,854.7673950195312,68500,0.0,0.0
2015-06-04 00:00:00+09:00,853.8906984670867,863.5342279158937,853.0140139717406,856.520751953125,54600,0.0,0.0
2015-06-05 00:00:00+09:00,855.6440562989762,871.4243770094081,855.6440562989762,867.0409545898438,57100,0.0,0.0
2015-06-08 00:00:00+09:00,874.0543608778105,894.2181024025745,872.3009920495703,890.7113647460938,82500,0.0,0.0
2015-06-09 00:00:00+09:00,890.711412150268,891.5880966110458,873.1777229347115,879.3145141601562,54100,0.0,0.0
2015-06-10 00:00:00+09:00,883.6979124643123,889.8347035230922,881.9445435903751,882.8212280273438,36000,0.0,0.0
2015-06-11 00:00:00+09:00,888.9581787833828,893.3416017556874,883.6980712166171,886.328125,37900,0.0,0.0
2015-06-12 00:00:00+09:00,892.4647469520569,900.3549067974091,891.5880625247955,897.724853515625,81700,0.0,0.0
2015-06-15 00:00:00+09:00,902.108290249464,913.5051879882812,898.601552483674,913.5051879882812,59200,0.0,0.0
2015-06-16 00:00:00+09:00,917.0119745219637,917.0119745219637,907.3684451531859,910.8751831054688,41000,0.0,0.0
2015-06-17 00:00:00+09:00,910.8752560835907,910.8752560835907,889.8348266841622,891.5881958007812,62500,0.0,0.0
2015-06-18 00:00:00+09:00,889.8346900367164,894.2181121551239,875.8077392578125,875.8077392578125,55000,0.0,0.0
2015-06-19 00:00:00+09:00,881.944615712792,902.108359411991,867.9176635742188,867.9176635742188,137800,0.0,0.0
2015-06-22 00:00:00+09:00,868.7943853193957,889.834814429048,867.9177007731602,888.9581298828125,38200,0.0,0.0
2015-06-23 00:00:00+09:00,895.0949584722285,902.9851197124343,891.5882201432482,896.8483276367188,57500,0.0,0.0
2015-06-24 00:00:00+09:00,902.9851678701547,920.5188604501577,900.3551139831543,911.7520141601562,86200,0.0,0.0
2015-06-25 00:00:00+09:00,913.505224515565,913.505224515565,903.861695274038,912.6285400390625,35500,0.0,0.0
2015-06-26 00:00:00+09:00,917.0119997442337,920.5187377929688,910.8752081589472,920.5187377929688,48300,0.0,0.0
2015-06-29 00:00:00+09:00,886.3279664412788,908.2450773819633,875.8077531897503,887.2046508789062,89800,0.0,0.0
2015-06-30 00:00:00+09:00,885.4512820036515,901.2316018809443,885.4512820036515,887.2046508789062,77000,0.0,0.0
2015-07-01 00:00:00+09:00,891.5881709862892,896.8482781897482,875.8078493759124,881.9446411132812,130300,0.0,0.0
2015-07-02 00:00:00+09:00,886.3280388793945,892.4648304443359,876.6845092773438,876.6845092773438,137200,0.0,0.0
2015-07-03 00:00:00+09:00,879.3145749506826,883.6979975576153,868.7943606940444,874.93115234375,134500,0.0,0.0
2015-07-06 00:00:00+09:00,876.6844607778228,896.8482033757127,875.807776317045,879.3145141601562,116400,0.0,0.0
2015-07-07 00:00:00+09:00,884.5746112804878,901.2316158536586,881.0678734756098,898.6015625,96000,0.0,0.0
2015-07-08 00:00:00+09:00,897.724861391129,897.724861391129,868.794275037704,869.6709594726562,172800,0.0,0.0
2015-07-09 00:00:00+09:00,838.9870471631066,854.7673677994032,789.892716294628,827.5901489257812,281000,0.0,0.0
2015-07-10 00:00:00+09:00,840.7404438057331,873.1777706261837,837.2337057710898,867.9176635742188,171400,0.0,0.0
2015-07-13 00:00:00+09:00,868.7943483898987,885.4513540603408,868.7943483898987,872.3010864257812,67500,0.0,0.0
2015-07-14 00:00:00+09:00,883.6979117936004,883.6979117936004,871.4243296853559,878.4378051757812,68400,0.0,0.0
2015-07-15 00:00:00+09:00,882.8212146472645,885.451267918309,870.5476327157236,875.8077392578125,84500,0.0,0.0
2015-07-16 00:00:00+09:00,876.6844607778228,882.8212520032675,876.6844607778228,879.3145141601562,51000,0.0,0.0
2015-07-17 00:00:00+09:00,882.8212273572972,882.8212273572972,874.9310674305686,878.4378051757812,45500,0.0,0.0
2015-07-21 00:00:00+09:00,879.3144902794695,884.5745969012809,869.6709614728153,882.8212280273438,100800,0.0,0.0
2015-07-22 00:00:00+09:00,875.8078857421875,891.5882080078126,875.8078857421875,885.451416015625,55300,0.0,0.0
2015-07-23 00:00:00+09:00,892.4648196225997,907.3684560995979,892.4648196225997,895.9715576171875,86500,0.0,0.0
2015-07-24 00:00:00+09:00,903.861730298809,905.6150993197573,893.3415161731197,894.2182006835938,65700,0.0,0.0
2015-07-27 00:00:00+09:00,898.6015244731753,902.108262129656,887.2046270896132,890.7113647460938,43700,0.0,0.0
2015-07-28 00:00:00+09:00,884.5746468346533,898.601598617958,873.1777485107182,893.3414916992188,60300,0.0,0.0
2015-07-29 00:00:00+09:00,897.7249757045676,902.1083984375,889.8348147852892,902.1083984375,50100,0.0,0.0
2015-07-30 00:00:00+09:00,902.1083984375,906.4918211704324,895.9716066113946,902.1083984375,44500,0.0,0.0
2015-07-31 00:00:00+09:00,905.6150761770444,910.8751831054688,902.1083382247616,910.8751831054688,68100,0.0,0.0
2015-08-03 00:00:00+09:00,916.1354000224582,931.0390381089479,913.5053462424894,930.162353515625,129400,0.0,0.0
2015-08-04 00:00:00+09:00,931.9157348288629,943.3126346903637,924.9022579910164,932.7924194335938,101400,0.0,0.0
2015-08-05 00:00:00+09:00,936.2989366063532,942.4357273893536,925.7787238354953,929.2854614257812,82200,0.0,0.0
2015-08-06 00:00:00+09:00,933.668957312827,939.8057485815499,929.2855349780251,931.9155883789062,75500,0.0,0.0
2015-08-07 00:00:00+09:00,931.9157225875425,937.1758301468326,931.0390379943276,934.5457763671875,60800,0.0,0.0
2015-08-10 00:00:00+09:00,934.5456797940012,948.5726318359374,934.5456797940012,948.5726318359375,118800,0.0,0.0
2015-08-11 00:00:00+09:00,950.3259499706573,951.2026344263498,930.1622074897301,933.6689453125,171100,0.0,0.0
2015-08-12 00:00:00+09:00,929.2855182926829,933.6689405487805,896.848193597561,898.6015625,282200,0.0,0.0
2015-08-13 00:00:00+09:00,898.6016351637694,907.3684803848794,886.3280518542155,888.0814208984375,192600,0.0,0.0
2015-08-14 00:00:00+09:00,885.4512806662067,885.4512806662067,874.9310674305686,878.4378051757812,291900,0.0,0.0
2015-08-17 00:00:00+09:00,877.5611934796051,880.191247006517,868.7943483898987,872.3010864257812,820400,0.0,0.0
2015-08-18 00:00:00+09:00,869.6443693500992,884.6993126076875,864.330859965068,879.3858032226562,525100,10.0,0.0
2015-08-19 00:00:00+09:00,874.0721204163598,876.7288745817591,859.017180145764,864.3306884765625,221700,0.0,0.0
2015-08-20 00:00:00+09:00,860.7883911132812,876.7289168746383,859.9028063487615,860.7883911132812,103600,0.0,0.0
2015-08-21 00:00:00+09:00,841.3055581049531,856.3604996710418,837.7632189129323,838.6488037109375,190400,0.0,0.0
2015-08-24 00:00:00+09:00,806.7678358677456,823.5939488002232,774.0011948939732,774.8867797851562,204000,0.0,0.0
2015-08-25 00:00:00+09:00,730.6074866683073,810.3101215775771,726.1795625066811,776.6578979492188,307800,0.0,0.0
2015-08-26 00:00:00+09:00,815.623573787759,840.41994736654,806.7677260810516,822.708251953125,312100,0.0,0.0
2015-08-27 00:00:00+09:00,841.3055356010716,863.4451549589945,823.5938401147333,845.7334594726562,184100,0.0,0.0
2015-08-28 00:00:00+09:00,865.2164008246527,882.9280978732638,851.0470431857639,876.72900390625,151400,0.0,0.0
2015-08-31 00:00:00+09:00,876.7289810333557,884.6992444972954,851.9326058122103,883.8136596679688,143600,0.0,0.0
2015-09-01 00:00:00+09:00,876.728982925415,877.6145677566528,850.1614379882812,850.1614379882812,104100,0.0,0.0
2015-09-02 00:00:00+09:00,827.1362560560854,881.1569323081424,827.1362560560854,866.1019897460938,112300,0.0,0.0
2015-09-03 00:00:00+09:00,878.5002134671859,878.5002134671859,865.2164400780651,866.9876098632812,94200,0.0,0.0
2015-09-04 00:00:00+09:00,872.3009862083483,872.3009862083483,840.419934935759,848.3901977539062,75000,0.0,0.0
2015-09-07 00:00:00+09:00,828.0218396868024,849.2758762135226,818.2804062787225,843.0767822265625,67900,0.0,0.0
2015-09-08 00:00:00+09:00,839.5343724300986,851.0469745836759,821.8226768092105,824.4794311523438,43500,0.0,0.0
2015-09-09 00:00:00+09:00,843.0767916953289,855.4749798084955,829.7930187169361,844.8479614257812,49000,0.0,0.0
2015-09-10 00:00:00+09:00,829.7930323067358,843.0768055026814,820.051598629709,835.9921264648438,34400,0.0,0.0
2015-09-11 00:00:00+09:00,833.3352634131663,865.2163149358804,833.3352634131663,860.7883911132812,70900,0.0,0.0
2015-09-14 00:00:00+09:00,847.5046997070312,857.2461330369972,843.0767754661377,847.5046997070312,44300,0.0,0.0
2015-09-15 00:00:00+09:00,854.5893866104094,876.7290080251869,853.7038017538183,866.1019897460938,72800,0.0,0.0
2015-09-16 00:00:00+09:00,876.7289168746383,876.7289168746383,845.733450116444,860.7883911132812,41600,0.0,0.0
2015-09-17 00:00:00+09:00,866.9875814471192,870.5299209014486,851.0470539026369,861.674072265625,37700,0.0,0.0
2015-09-18 00:00:00+09:00,847.5046516909896,856.3604996710418,838.6488037109375,838.6488037109375,52200,0.0,0.0
2015-09-24 00:00:00+09:00,825.3650785025634,858.1317178851759,825.3650785025634,847.5046997070312,50800,0.0,0.0
2015-09-25 00:00:00+09:00,852.818212890625,867.8731553819445,828.907421875,836.877685546875,97200,0.0,0.0
2015-09-28 00:00:00+09:00,839.5343818389547,864.3307559860968,837.763212257016,859.90283203125,49400,0.0,0.0
2015-09-29 00:00:00+09:00,850.1614399742408,851.0470248075474,816.5092163085938,816.5092163085938,99100,0.0,0.0
2015-09-30 00:00:00+09:00,826.2506099744143,872.3010191048211,826.2506099744143,859.90283203125,133300,0.0,0.0
2015-10-01 00:00:00+09:00,870.5299542476043,881.1569730176667,852.8182562975005,879.3858032226562,67100,0.0,0.0
2015-10-02 00:00:00+09:00,879.3856492600999,887.3559119422156,867.8730476081549,884.6991577148438,87100,0.0,0.0
2015-10-05 00:00:00+09:00,890.0128406513471,907.724538972767,885.5849160709922,905.953369140625,140300,0.0,0.0
2015-10-06 00:00:00+09:00,910.3812496265535,927.2073622169275,910.3812496265535,926.32177734375,122000,0.0,0.0
2015-10-07 00:00:00+09:00,927.2073974609375,929.864152181456,914.8092087651847,927.2073974609375,76600,0.0,0.0
2015-10-08 00:00:00+09:00,914.8091047184641,921.893783167397,903.2965022389482,907.7244262695312,56000,0.0,0.0
2015-10-09 00:00:00+09:00,915.6946890527718,924.550537109375,907.7244258018288,924.550537109375,79300,0.0,0.0
2015-10-13 00:00:00+09:00,914.809220575129,922.7794848395782,905.0677864741352,912.1524658203125,51700,0.0,0.0
2015-10-14 00:00:00+09:00,912.1523569144455,912.1523569144455,899.7541695389093,903.2965087890625,34700,0.0,0.0
2015-10-15 00:00:00+09:00,905.9532720472351,923.6649684704461,905.9532720472351,921.893798828125,66200,0.0,0.0
2015-10-16 00:00:00+09:00,918.3515602482175,921.008315003034,909.495711065496,912.1524658203125,27400,0.0,0.0
2015-10-19 00:00:00+09:00,909.4956434461806,920.1226616753472,907.7244737413195,916.580322265625,24400,0.0,0.0
2015-10-20 00:00:00+09:00,921.0082385357649,937.8343505859375,918.3514840015272,937.8343505859375,122500,0.0,0.0
2015-10-21 00:00:00+09:00,937.8342767613753,948.4612940617875,933.4063528862035,946.6901245117188,86700,0.0,0.0
2015-10-22 00:00:00+09:00,947.5757907801482,974.1433363160402,944.919036226559,973.2577514648438,135400,0.0,0.0
2015-10-23 00:00:00+09:00,1017.5368812121645,1052.0746865796793,1005.1386946699798,1014.880126953125,398900,0.0,0.0
2015-10-26 00:00:00+09:00,1018.4226137490226,1023.736123038148,987.4271428957915,990.969482421875,153600,0.0,0.0
2015-10-27 00:00:00+09:00,991.8549194335938,1018.4224619184222,988.3125804356166,991.8549194335938,110900,0.0,0.0
2015-10-28 00:00:00+09:00,999.8252145435052,1006.0243079906306,969.7153320860392,986.5414428710938,114200,0.0,0.0
2015-10-29 00:00:00+09:00,993.6261590795491,1012.2234401318402,987.4270653954521,1010.4522705078125,108400,0.0,0.0
2015-10-30 00:00:00+09:00,1009.5668723366477,1026.3929868755918,1002.4821925307765,1022.8506469726562,104600,0.0,0.0
2015-11-02 00:00:00+09:00,1024.6216715634741,1035.2486897646509,1008.6811442617087,1029.9351806640625,105200,0.0,0.0
2015-11-04 00:00:00+09:00,1033.477735605961,1071.5578921021533,1029.0498104319852,1053.84619140625,161200,0.0,0.0
2015-11-05 00:00:00+09:00,1062.7017137480946,1168.971885122904,1062.7017137480946,1161.88720703125,368600,0.0,0.0
2015-11-06 00:00:00+09:00,1166.3151627580612,1230.077267327978,1156.573730115435,1223.878173828125,474200,0.0,0.0
2015-11-09 00:00:00+09:00,1214.136872246925,1259.301701192653,1214.136872246925,1248.6746826171875,253700,0.0,0.0
2015-11-10 00:00:00+09:00,1227.420699256007,1245.1323976579697,1199.967566732965,1207.05224609375,208200,0.0,0.0
2015-11-11 00:00:00+09:00,1205.281077625044,1270.814361786876,1204.395492703938,1259.3017578125,202600,0.0,0.0
2015-11-12 00:00:00+09:00,1256.6450674719072,1265.5009171369666,1224.764008677694,1242.4757080078125,161300,0.0,0.0
2015-11-13 00:00:00+09:00,1236.2762646484375,1247.788865966797,1225.649248046875,1239.818603515625,69900,0.0,0.0
2015-11-16 00:00:00+09:00,1222.1069621690974,1229.1916402106574,1205.2808518203924,1210.5943603515625,189200,0.0,0.0
2015-11-17 00:00:00+09:00,1225.6495351127262,1282.3269702624477,1225.6495351127262,1271.699951171875,261800,0.0,0.0
2015-11-18 00:00:00+09:00,1290.2972497599694,1337.2332512955072,1288.5260798907038,1315.0936279296875,272600,0.0,0.0
2015-11-19 00:00:00+09:00,1371.7709824005,1371.7709824005,1284.983663952954,1294.72509765625,305200,0.0,0.0
2015-11-20 00:00:00+09:00,1285.8692951278788,1326.606201171875,1276.1278610738798,1326.606201171875,152500,0.0,0.0
2015-11-24 00:00:00+09:00,1326.606020949957,1388.5969565083662,1323.9492665688822,1349.6312255859375,167900,0.0,0.0
2015-11-25 00:00:00+09:00,1339.0044445766966,1349.631463978099,1250.4459495650103,1278.78466796875,267600,0.0,0.0
2015-11-26 00:00:00+09:00,1266.3862528327768,1298.2673053516437,1249.5601417811524,1276.127685546875,194500,0.0,0.0
2015-11-27 00:00:00+09:00,1279.6698706678958,1312.4365040344787,1278.7842859823124,1281.4410400390625,91800,0.0,0.0
2015-11-30 00:00:00+09:00,1284.0980174330582,1312.4367323005465,1277.0133387161861,1311.5511474609375,97100,0.0,0.0
2015-12-01 00:00:00+09:00,1308.8942778010032,1331.9194816053512,1269.0429635242474,1323.94921875,126400,0.0,0.0
2015-12-02 00:00:00+09:00,1328.3772400770142,1335.4619186907585,1301.809695275474,1308.0087890625,107700,0.0,0.0
2015-12-03 00:00:00+09:00,1326.6060540276603,1361.1438618427999,1308.0087728964315,1310.66552734375,136800,0.0,0.0
2015-12-04 00:00:00+09:00,1284.9836826298442,1307.123305004583,1265.500814940074,1298.2674560546875,101100,0.0,0.0
2015-12-07 00:00:00+09:00,1298.2674560546875,1315.9791539544788,1277.8990034699277,1298.2674560546875,95600,0.0,0.0
2015-12-08 00:00:00+09:00,1298.2674155889258,1309.780018864953,1282.3268879759648,1284.983642578125,57700,0.0,0.0
2015-12-09 00:00:00+09:00,1280.5557576439842,1295.6107008528002,1249.5602863317163,1252.217041015625,122400,0.0,0.0
2015-12-10 00:00:00+09:00,1250.4459330534044,1270.8143866371354,1222.1072150238654,1229.19189453125,163900,0.0,0.0
2015-12-11 00:00:00+09:00,1230.9628097210475,1257.5303523768973,1195.5394195132474,1210.5943603515625,230300,0.0,0.0
2015-12-14 00:00:00+09:00,1195.539598341112,1235.3909182858156,1187.5693343521712,1227.420654296875,132200,0.0,0.0
2015-12-15 00:00:00+09:00,1239.8187736522566,1244.246697843872,1191.1116075444895,1191.9971923828125,168800,0.0,0.0
2015-12-16 00:00:00+09:00,1197.310620867584,1238.93310546875,1197.310620867584,1238.93310546875,141300,0.0,0.0
2015-12-17 00:00:00+09:00,1251.3313883807643,1281.441273168412,1240.7043702204182,1256.6448974609375,107800,0.0,0.0
2015-12-18 00:00:00+09:00,1253.9880626470972,1308.0087348374032,1253.9880626470972,1269.9285888671875,185000,0.0,0.0
2015-12-21 00:00:00+09:00,1243.3612910492031,1260.1874053867634,1210.5946473392169,1236.276611328125,99500,0.0,0.0
2015-12-22 00:00:00+09:00,1239.818866436298,1261.0729041466345,1230.9630173903245,1243.3612060546875,80400,0.0,0.0
2015-12-24 00:00:00+09:00,1308.894537601891,1362.0296338509527,1300.0386882270473,1327.4918212890625,434700,0.0,0.0
2015-12-25 00:00:00+09:00,1327.4918212890625,1327.4918212890625,1327.4918212890625,1327.4918212890625,0,0.0,0.0
2015-12-28 00:00:00+09:00,1336.3474345960115,1336.3474345960115,1230.9628456517269,1245.1322021484375,572500,0.0,0.0
2015-12-29 00:00:00+09:00,1231.8486046091534,1253.1026423594192,1201.738717796277,1249.560302734375,311800,0.0,0.0
2015-12-30 00:00:00+09:00,1246.903636644319,1264.6153360284711,1219.4505025988828,1254.8739013671875,168100,0.0,0.0
2016-01-04 00:00:00+09:00,1254.8735155455204,1298.267165694942,1246.0176685762506,1251.3311767578125,205400,0.0,0.0
2016-01-05 00:00:00+09:00,1251.3311607292296,1292.0680562660623,1240.7041445022298,1281.4410400390625,168600,0.0,0.0
2016-01-06 00:00:00+09:00,1277.8989824118073,1315.0935473884504,1265.5007940862597,1288.5260009765625,214800,0.0,0.0
2016-01-07 00:00:00+09:00,1212.3655356950658,1328.3771391837827,1212.3655356950658,1317.7501220703125,574300,0.0,0.0
2016-01-08 00:00:00+09:00,1319.5214220859737,1404.53756740158,1319.5214220859737,1336.3475341796875,792600,0.0,0.0
2016-01-12 00:00:00+09:00,1324.8347130257305,1394.7959044221427,1298.2671719891182,1318.6356201171875,387100,0.0,0.0
2016-01-13 00:00:00+09:00,1333.6908663236177,1353.1737342247595,1288.5260361891526,1335.4620361328125,225100,0.0,0.0
2016-01-14 00:00:00+09:00,1314.207782192888,1321.2924602640087,1259.3015271417028,1284.097900390625,211000,0.0,0.0
2016-01-15 00:00:00+09:00,1299.1528054942255,1325.7203475288723,1133.5484601449275,1161.0015869140625,458500,0.0,0.0
2016-01-18 00:00:00+09:00,1134.4343879924952,1184.0271481233146,1126.4641229714705,1169.8577880859375,280600,0.0,0.0
2016-01-19 00:00:00+09:00,1163.6583893244167,1176.942160892047,1129.1205832485778,1153.0313720703125,221100,0.0,0.0
2016-01-20 00:00:00+09:00,1152.1459872717007,1175.171195318637,1122.921684750589,1127.349609375,230500,0.0,0.0
2016-01-21 00:00:00+09:00,1118.4937129348348,1150.3747688854714,1091.9261663093043,1095.468505859375,255300,0.0,0.0
2016-01-22 00:00:00+09:00,1133.5487082362083,1146.8324821608514,1095.4685563188982,1139.747802734375,292200,0.0,0.0
2016-01-25 00:00:00+09:00,1151.2602898199525,1213.2512285025655,1134.434177891815,1191.9971923828125,274800,0.0,0.0
2016-01-26 00:00:00+09:00,1186.6836812454842,1269.9286559000182,1185.7980964087337,1225.6494140625,362100,0.0,0.0
2016-01-27 00:00:00+09:00,1239.8186902474984,1261.0727249374554,1211.4799773275554,1238.93310546875,287700,0.0,0.0
2016-01-28 00:00:00+09:00,1237.1620803185917,1306.2377011237816,1237.1620803185917,1294.72509765625,284700,0.0,0.0
2016-01-29 00:00:00+09:00,1319.5214220859737,1341.661043261913,1286.7547827455837,1336.3475341796875,274800,0.0,0.0
2016-02-01 00:00:00+09:00,1358.48718713831,1413.3934489392066,1319.5214529570287,1410.7366943359375,263600,0.0,0.0
2016-02-02 00:00:00+09:00,1403.6519537610984,1450.5879496912803,1377.969993723829,1427.562744140625,292400,0.0,0.0
2016-02-03 00:00:00+09:00,1375.3131493621502,1429.3338203931169,1365.5717168811561,1416.050048828125,291700,0.0,0.0
2016-02-04 00:00:00+09:00,1396.5674093778684,1396.5674093778684,1310.6656727198765,1326.606201171875,226600,0.0,0.0
2016-02-05 00:00:00+09:00,1326.6060116095932,1347.8600465085453,1300.038467985903,1331.033935546875,209300,0.0,0.0
2016-02-08 00:00:00+09:00,1313.322189138419,1344.3176555037896,1281.4411380197519,1332.8050537109375,158800,0.0,0.0
2016-02-09 00:00:00+09:00,1272.585323904611,1285.8690955528846,1247.788950161167,1266.38623046875,149100,0.0,0.0
2016-02-10 00:00:00+09:00,1270.814147776803,1280.5555802684719,1208.8232137389102,1253.988037109375,202700,0.0,0.0
2016-02-12 00:00:00+09:00,1227.4206634387044,1246.9035311123348,1169.8576453120697,1206.1666259765625,243500,0.0,0.0
2016-02-15 00:00:00+09:00,1261.9583797918747,1286.75475497375,1239.8187590937716,1274.3565673828125,201200,0.0,0.0
2016-02-16 00:00:00+09:00,1271.699709463968,1291.1825740936388,1242.4754125194618,1244.24658203125,203200,0.0,0.0
2016-02-17 00:00:00+09:00,1254.9882885150844,1295.2696529824016,1237.0854598629433,1293.4793701171875,153000,15.0,0.0
2016-02-18 00:00:00+09:00,1328.39013671875,1371.35693359375,1296.1650390625,1314.9630126953125,269600,0.0,0.0
2016-02-19 00:00:00+09:00,1307.8016311453973,1311.3821968706416,1254.9882866980474,1283.6328125,165500,0.0,0.0
2016-02-22 00:00:00+09:00,1280.0521310562951,1320.3334918238008,1265.7298694500707,1305.1160888671875,115800,0.0,0.0
2016-02-23 00:00:00+09:00,1358.8248280471346,1405.3721871106727,1323.9143087494808,1347.18798828125,244900,0.0,0.0
2016-02-24 00:00:00+09:00,1326.5997330707494,1360.6151108417941,1299.7454874620298,1344.5025634765625,131600,0.0,0.0
2016-02-25 00:00:00+09:00,1358.8248303747862,1399.1061988641572,1344.5025660230099,1373.1470947265625,159000,0.0,0.0
2016-02-26 00:00:00+09:00,1375.8326416015625,1400.8966064453125,1360.615234375,1397.3160400390625,143200,0.0,0.0
2016-02-29 00:00:00+09:00,1400.8963585023675,1419.6943288081502,1377.6226809809225,1379.4129638671875,129800,0.0,0.0
2016-03-01 00:00:00+09:00,1379.4129751979715,1460.870847192141,1379.4129751979715,1446.548583984375,313100,0.0,0.0
2016-03-02 00:00:00+09:00,1450.129269528781,1459.0806847727856,1400.8964856867544,1416.1138916015625,161500,0.0,0.0
2016-03-03 00:00:00+09:00,1411.6380615234375,1439.3874463726618,1393.7352325884542,1411.6380615234375,104700,0.0,0.0
2016-03-04 00:00:00+09:00,1407.1623511635958,1421.4846142797646,1367.7761275941314,1393.7352294921875,178300,0.0,0.0
2016-03-07 00:00:00+09:00,1398.210942401192,1435.8068832340025,1383.8886792267879,1426.85546875,97900,0.0,0.0
2016-03-08 00:00:00+09:00,1421.4846142797646,1421.4846142797646,1365.9858447046101,1393.7352294921875,106100,0.0,0.0
2016-03-09 00:00:00+09:00,1389.259765625,1413.4285888671875,1369.566650390625,1403.58203125,66000,0.0,0.0
2016-03-10 00:00:00+09:00,1414.3236114125193,1452.814697039569,1412.5333283600985,1450.1292724609375,112000,0.0,0.0
2016-03-11 00:00:00+09:00,1432.226440582085,1459.0806863429991,1426.8555914299022,1434.0167236328125,125900,0.0,0.0
2016-03-14 00:00:00+09:00,1446.5487107748363,1513.684325445698,1443.863286188002,1504.73291015625,193400,0.0,0.0
2016-03-15 00:00:00+09:00,1505.6279353585946,1548.5947254282812,1504.7327938988096,1541.43359375,179300,0.0,0.0
2016-03-16 00:00:00+09:00,1541.4337159619254,1554.860838923266,1525.3211684083162,1543.2239990234375,101900,0.0,0.0
2016-03-17 00:00:00+09:00,1543.22412109375,1593.35205078125,1542.3289794921875,1580.820068359375,128600,0.0,0.0
2016-03-18 00:00:00+09:00,1596.9324932413203,1600.5130593696642,1553.0705581691093,1572.763671875,87200,0.0,0.0
2016-03-22 00:00:00+09:00,1593.35205078125,1611.2548828125,1582.6103515625,1611.2548828125,119500,0.0,0.0
2016-03-23 00:00:00+09:00,1619.3110354255723,1639.0041491786749,1598.7227801382376,1622.8916015625,173300,0.0,0.0
2016-03-24 00:00:00+09:00,1622.8916015625,1634.528441507515,1584.4005155905268,1622.8916015625,263700,0.0,0.0
2016-03-25 00:00:00+09:00,1622.891600953502,1640.7944316314224,1604.0936287416853,1614.8353271484375,127200,0.0,0.0
2016-03-28 00:00:00+09:00,1636.3187301499142,1699.873779296875,1625.5770317025408,1699.873779296875,174300,0.0,0.0
2016-03-29 00:00:00+09:00,1691.8173561633473,1764.3238142846337,1503.8376499229755,1525.321044921875,952200,0.0,0.0
2016-03-30 00:00:00+09:00,1566.4976863185457,1658.69726442758,1548.5948556177623,1642.584716796875,806400,0.0,0.0
2016-03-31 00:00:00+09:00,1643.4797392189182,1758.9529888699205,1634.52832451729,1663.1728515625,559500,0.0,0.0
2016-04-01 00:00:00+09:00,1611.2546348141223,1639.0040201914767,1572.7635518713405,1586.190673828125,394700,0.0,0.0
2016-04-04 00:00:00+09:00,1585.2955291556113,1613.9400559387732,1550.3850121386329,1565.6024169921875,227600,0.0,0.0
2016-04-05 00:00:00+09:00,1564.7073968291763,1597.827633489748,1532.4823016999712,1556.651123046875,174000,0.0,0.0
2016-04-06 00:00:00+09:00,1530.6920144956498,1545.014278958767,1492.2009287510223,1504.73291015625,305500,0.0,0.0
2016-04-07 00:00:00+09:00,1502.0473670064005,1544.1190155459124,1480.5639720075008,1525.321044921875,168400,0.0,0.0
2016-04-08 00:00:00+09:00,1495.7813719241203,1516.369625397642,1457.2902893431885,1494.88623046875,174000,0.0,0.0
2016-04-11 00:00:00+09:00,1485.039670323919,1507.4182066458586,1459.080568190469,1469.822265625,104400,0.0,0.0
2016-04-12 00:00:00+09:00,1468.9271174539463,1471.6125418002973,1426.8554693611154,1430.43603515625,210900,0.0,0.0
2016-04-13 00:00:00+09:00,1438.4924299462737,1476.9835155017745,1394.6304952434937,1418.79931640625,398100,0.0,0.0
2016-04-14 00:00:00+09:00,1429.5411376953125,1440.2828369140625,1379.4132080078125,1429.5411376953125,306300,0.0,0.0
2016-04-15 00:00:00+09:00,1416.1138919861571,1454.6049775458314,1394.630495394711,1420.589599609375,218000,0.0,0.0
2016-04-18 00:00:00+09:00,1397.3156777733632,1424.169918858053,1373.1468607971424,1412.5330810546875,177100,0.0,0.0
2016-04-19 00:00:00+09:00,1432.226314484127,1463.5562651134671,1407.1623539806546,1409.8477783203125,197800,0.0,0.0
2016-04-20 00:00:00+09:00,1426.8553429665221,1440.282463508867,1408.057374207239,1412.5330810546875,124500,0.0,0.0
2016-04-21 00:00:00+09:00,1432.2263246041412,1501.1522164757155,1429.5409002455085,1469.822265625,228000,0.0,0.0
2016-04-22 00:00:00+09:00,1476.983516139948,1503.8377618879472,1403.5819110954174,1425.96044921875,219700,0.0,0.0
2016-04-25 00:00:00+09:00,1414.3236005017059,1414.3236005017059,1317.648316416779,1328.3900146484375,439100,0.0,0.0
2016-04-26 00:00:00+09:00,1342.71240234375,1361.5103759765625,1314.9630126953125,1323.019287109375,262000,0.0,0.0
2016-04-27 00:00:00+09:00,1318.5434583429524,1364.1956758415884,1318.5434583429524,1332.86572265625,187800,0.0,0.0
2016-04-28 00:00:00+09:00,1339.1317121292373,1360.6151085805084,1316.753174159163,1320.333740234375,186000,0.0,0.0
2016-05-02 00:00:00+09:00,1276.4716853729667,1310.4870598779967,1276.4716853729667,1306.906494140625,117700,0.0,0.0
2016-05-06 00:00:00+09:00,1315.858154296875,1333.760986328125,1300.6407470703125,1318.5435791015625,137900,0.0,0.0
2016-05-09 00:00:00+09:00,1320.3338623046875,1329.2852783203125,1283.633056640625,1287.213623046875,228100,0.0,0.0
2016-05-10 00:00:00+09:00,1289.8990478515625,1322.1241455078125,1286.3184814453125,1315.858154296875,130400,0.0,0.0
2016-05-11 00:00:00+09:00,1322.1240199522056,1322.1240199522056,1272.8912365416631,1285.4232177734375,164000,0.0,0.0
2016-05-12 00:00:00+09:00,1276.4716795161733,1286.3182352487665,1242.456305167215,1275.5765380859375,249000,0.0,0.0
2016-05-13 00:00:00+09:00,1270.20581063284,1280.0523673044124,1235.2952915245378,1271.1009521484375,191700,0.0,0.0
2016-05-16 00:00:00+09:00,1246.9323764702492,1259.4643601533671,1212.9169921875,1212.9169921875,220300,0.0,0.0
2016-05-17 00:00:00+09:00,1217.3924579109341,1244.2467033060282,1216.4973163977643,1236.1904296875,165100,0.0,0.0
2016-05-18 00:00:00+09:00,1246.0369853444342,1262.1495325687158,1219.182739970632,1226.3438720703125,150800,0.0,0.0
2016-05-19 00:00:00+09:00,1226.3437522948866,1249.6174293457384,1214.7069137694607,1237.9805908203125,109200,0.0,0.0
2016-05-20 00:00:00+09:00,1233.5050049713334,1251.4078352321656,1228.1341558930837,1234.400146484375,86100,0.0,0.0
2016-05-23 00:00:00+09:00,1230.8194569378024,1230.8194569378024,1177.1109715441528,1225.4486083984375,199700,0.0,0.0
2016-05-24 00:00:00+09:00,1211.1264642089118,1236.1904265133091,1194.1187755023566,1204.8604736328125,151600,0.0,0.0
2016-05-25 00:00:00+09:00,1225.448731966005,1244.2467037492672,1203.0701941287878,1240.6661376953125,152700,0.0,0.0
2016-05-26 00:00:00+09:00,1252.3028527247368,1253.197994149129,1228.1340342661465,1233.5048828125,77900,0.0,0.0
2016-05-27 00:00:00+09:00,1235.29516405394,1235.29516405394,1212.9166284732526,1225.4486083984375,125000,0.0,0.0
2016-05-30 00:00:00+09:00,1237.0855719042477,1246.9321285547157,1229.0292982811375,1243.3515625,64500,0.0,0.0
2016-05-31 00:00:00+09:00,1246.9321289938182,1248.7224120218066,1222.7633081159768,1247.8272705078125,321500,0.0,0.0
2016-06-01 00:00:00+09:00,1246.93200718596,1263.0445528638832,1239.7708757735495,1248.7222900390625,100800,0.0,0.0
2016-06-02 00:00:00+09:00,1248.7221692766464,1271.1007027762278,1237.9804731968472,1253.1978759765625,155600,0.0,0.0
2016-06-03 00:00:00+09:00,1261.2543961554347,1286.3183586056493,1260.3592546393556,1278.2620849609375,127800,0.0,0.0
2016-06-06 00:00:00+09:00,1263.0445514395672,1263.0445514395672,1230.81946012006,1241.5611572265625,133700,0.0,0.0
2016-06-07 00:00:00+09:00,1235.295161694552,1242.4562930666943,1212.9166261566072,1213.811767578125,144400,0.0,0.0
2016-06-08 00:00:00+09:00,1217.3924577365844,1235.2952879974166,1214.7070331974596,1234.400146484375,69800,0.0,0.0
2016-06-09 00:00:00+09:00,1234.400021910056,1241.5611532916953,1209.336062074319,1221.8680419921875,78900,0.0,0.0
2016-06-10 00:00:00+09:00,1226.343869337395,1227.2390108478603,1195.9090579815763,1199.4896240234375,91800,0.0,0.0
2016-06-13 00:00:00+09:00,1193.223385624734,1199.489374896582,1173.530276484641,1183.3768310546875,125500,0.0,0.0
2016-06-14 00:00:00+09:00,1179.7963782868917,1181.5866611067504,1132.3538835606357,1140.41015625,103000,0.0,0.0
2016-06-15 00:00:00+09:00,1142.20068359375,1164.5792236328125,1136.829833984375,1161.893798828125,82700,0.0,0.0
2016-06-16 00:00:00+09:00,1157.4177135209163,1160.9982787599602,1119.8217785109562,1123.40234375,99600,0.0,0.0
2016-06-17 00:00:00+09:00,1127.8781757504921,1153.83727662094,1123.4024687038632,1136.82958984375,107900,0.0,0.0
2016-06-20 00:00:00+09:00,1152.9423828125,1198.5946044921875,1152.9423828125,1186.957763671875,201500,0.0,0.0
2016-06-21 00:00:00+09:00,1171.740236302426,1197.699340086055,1164.5791042241835,1190.5382080078125,74200,0.0,0.0
2016-06-22 00:00:00+09:00,1186.9575240490262,1220.9728980413813,1160.1032814234827,1209.3360595703125,137600,0.0,0.0
2016-06-23 00:00:00+09:00,1220.0778776421605,1225.448726700013,1171.740236121488,1188.7479248046875,159400,0.0,0.0
2016-06-24 00:00:00+09:00,1195.0140380859375,1198.5946044921875,1074.169921875,1108.185302734375,200100,0.0,0.0
2016-06-27 00:00:00+09:00,1108.1850746241155,1205.7554891104069,1108.1850746241155,1186.0623779296875,163500,0.0,0.0
2016-06-28 00:00:00+09:00,1220.0780029296875,1315.858154296875,1212.9168701171875,1315.858154296875,565100,0.0,0.0
2016-06-29 00:00:00+09:00,1342.7122669107112,1345.3976914445325,1186.0625024377948,1210.2313232421875,814500,0.0,0.0
2016-06-30 00:00:00+09:00,1231.7145922997754,1233.5048751374204,1191.4332284527625,1195.908935546875,322900,0.0,0.0
2016-07-01 00:00:00+09:00,1202.1750467011423,1207.5458957556523,1172.6353769013376,1181.5867919921875,153600,0.0,0.0
2016-07-04 00:00:00+09:00,1191.433229540215,1208.4409165133661,1184.272098183099,1201.27978515625,96300,0.0,0.0
2016-07-05 00:00:00+09:00,1201.2797816500733,1205.7554887352076,1175.3206805562936,1184.2720947265625,122100,0.0,0.0
2016-07-06 00:00:00+09:00,1168.1595442030166,1169.0546856161989,1135.9344533284507,1160.103271484375,199800,0.0,0.0
2016-07-07 00:00:00+09:00,1172.6352531584992,1183.3769501339968,1155.627566280628,1169.0546875,154700,0.0,0.0
2016-07-08 00:00:00+09:00,1172.6353750375602,1186.9576391601563,1160.9985354379507,1163.6839599609375,102000,0.0,0.0
2016-07-11 00:00:00+09:00,1163.6839599609375,1163.6839599609375,1163.6839599609375,1163.6839599609375,0,0.0,0.0
2016-07-12 00:00:00+09:00,1214.7069053421476,1224.5534609491954,1182.4818142645372,1195.908935546875,128200,0.0,0.0
2016-07-13 00:00:00+09:00,1202.1750464182328,1202.1750464182328,1169.9499520987567,1178.9013671875,146300,0.0,0.0
2016-07-14 00:00:00+09:00,1178.9014892578125,1205.7557373046875,1171.7403564453125,1177.1112060546875,117500,0.0,0.0
2016-07-15 00:00:00+09:00,1177.1110807444136,1178.9013637569526,1135.0394299497464,1146.67626953125,282900,0.0,0.0
2016-07-19 00:00:00+09:00,1155.6278076171875,1180.6917724609375,1144.8861083984375,1176.216064453125,191500,0.0,0.0
2016-07-20 00:00:00+09:00,1172.6353751321099,1174.4256581475788,1155.6276864851557,1164.5791015625,99000,0.0,0.0
2016-07-21 00:00:00+09:00,1179.7965054590072,1179.7965054590072,1143.9908452022846,1148.466552734375,130700,0.0,0.0
2016-07-22 00:00:00+09:00,1155.6276844978333,1165.474241065979,1142.2005619049073,1145.7811279296875,112700,0.0,0.0
2016-07-25 00:00:00+09:00,1132.3538694666865,1135.9344350618383,1075.0648199442614,1077.750244140625,422300,0.0,0.0
2016-07-26 00:00:00+09:00,1077.750364670942,1082.2260721654225,1058.9523931941233,1064.3232421875,201600,0.0,0.0
2016-07-27 00:00:00+09:00,1065.2183804157896,1070.5892293926759,1029.4127205698808,1036.5738525390625,316900,0.0,0.0
2016-07-28 00:00:00+09:00,1031.2031870586936,1034.7837536804252,997.1878041522438,1014.1954956054688,276700,0.0,0.0
2016-07-29 00:00:00+09:00,1004.3487578549592,1032.0981442128057,999.8730503778872,1029.4127197265625,154500,0.0,0.0
2016-08-01 00:00:00+09:00,1011.5098251900855,1018.670956695856,990.026430672774,1003.4535522460938,287800,0.0,0.0
2016-08-02 00:00:00+09:00,1004.3487592874114,1044.6301266385108,1004.3487592874114,1041.9447021484375,208700,0.0,0.0
2016-08-03 00:00:00+09:00,1033.8884876392506,1035.6787707347298,1012.4050904934999,1015.0905151367188,195000,0.0,0.0
2016-08-04 00:00:00+09:00,1019.5662841796875,1048.2108154296875,1012.4051513671875,1045.525390625,255100,0.0,0.0
2016-08-05 00:00:00+09:00,1055.3716994593035,1064.3231133648108,1030.3077405238832,1035.6785888671875,331900,0.0,0.0
2016-08-08 00:00:00+09:00,1043.734861382144,1047.3154269443469,1024.9368921805788,1035.6785888671875,251100,0.0,0.0
2016-08-09 00:00:00+09:00,1042.8399658203125,1077.75048828125,1041.0496826171875,1076.8553466796875,342100,0.0,0.0
2016-08-10 00:00:00+09:00,1074.1697986753575,1085.8066381610072,1059.8475346930193,1064.3232421875,283900,0.0,0.0
2016-08-12 00:00:00+09:00,1074.1697996008972,1080.4357900985692,1063.4281016048883,1072.3795166015625,224200,0.0,0.0
2016-08-15 00:00:00+09:00,1069.6940931105455,1093.8629136243403,1067.0086686090128,1081.3309326171875,226800,0.0,0.0
2016-08-16 00:00:00+09:00,1083.1212155169067,1087.5969230190426,1075.064942013062,1080.435791015625,367200,0.0,0.0
2016-08-17 00:00:00+09:00,1080.435683420907,1080.435683420907,1010.6424387703955,1024.238525390625,588700,15.0,0.0
2016-08-18 00:00:00+09:00,1022.4256632231983,1038.7409663597386,1009.735983005889,1012.4552001953125,178000,0.0,0.0
2016-08-19 00:00:00+09:00,1026.0513775898187,1026.0513775898187,982.5438986814164,987.075927734375,225700,0.0,0.0
2016-08-22 00:00:00+09:00,990.7016361858828,1025.1450599508082,987.0760126316801,1022.4258422851562,117200,0.0,0.0
2016-08-23 00:00:00+09:00,1022.4257554604974,1051.4307414310078,1021.5193496489189,1029.677001953125,211300,0.0,0.0
2016-08-24 00:00:00+09:00,1020.6130763144388,1023.3322941021328,990.7016806498061,993.4208984375,228100,0.0,0.0
2016-08-25 00:00:00+09:00,990.701460469931,1010.6423864812197,979.8245917365009,1004.2975463867188,132300,0.0,0.0
2016-08-26 00:00:00+09:00,1002.4848118180279,1003.3912176153317,978.9182610881285,982.5438842773438,303600,0.0,0.0
2016-08-29 00:00:00+09:00,982.5439630472434,985.2631806571528,954.4453810781803,960.7902221679688,240900,0.0,0.0
2016-08-30 00:00:00+09:00,955.3518198939732,960.7902553013394,933.598078264509,951.7261962890625,190300,0.0,0.0
2016-08-31 00:00:00+09:00,955.3517482245147,972.5734590558864,951.7261248915943,971.6670532226562,81300,0.0,0.0
2016-09-01 00:00:00+09:00,976.199128528843,1020.613016456339,974.3863167767003,1017.893798828125,236100,0.0,0.0
2016-09-02 00:00:00+09:00,999.7657876858243,1002.4850056033741,980.7312622629754,988.888916015625,112200,0.0,0.0
2016-09-05 00:00:00+09:00,986.1696377840909,1001.5785383744674,968.0415194424717,997.0465087890625,117800,0.0,0.0
2016-09-06 00:00:00+09:00,989.7951687587781,1055.0563886769394,989.7951687587781,1048.7115478515625,220300,0.0,0.0
2016-09-07 00:00:00+09:00,1046.8987337212136,1076.8101261132483,1031.4898346101654,1074.997314453125,272400,0.0,0.0
2016-09-08 00:00:00+09:00,1074.9973689121027,1085.874239423861,1049.6180043846668,1076.8101806640625,156800,0.0,0.0
2016-09-09 00:00:00+09:00,1070.4653113062395,1080.4357756791171,1061.4012527854416,1067.74609375,121000,0.0,0.0
2016-09-12 00:00:00+09:00,1057.7757370072572,1075.9038558934142,1045.9924597312552,1071.371826171875,82200,0.0,0.0
2016-09-13 00:00:00+09:00,1074.9972679208647,1094.9381953190596,1069.5588331759027,1079.529296875,123900,0.0,0.0
2016-09-14 00:00:00+09:00,1085.8741819782022,1104.9087043668017,1076.8101236979167,1101.2830810546875,197300,0.0,0.0
2016-09-15 00:00:00+09:00,1096.7511324570926,1100.3767560354631,1076.8102027760547,1095.8447265625,125500,0.0,0.0
2016-09-16 00:00:00+09:00,1092.2190279025967,1101.28308622544,1063.2140412694987,1091.3126220703125,157500,0.0,0.0
2016-09-20 00:00:00+09:00,1082.248597256858,1098.563902743142,1058.6820448877806,1090.40625,114100,0.0,0.0
2016-09-21 00:00:00+09:00,1087.6870324189526,1093.1254675810474,1074.9973503740648,1090.40625,131600,0.0,0.0
2016-09-23 00:00:00+09:00,1063.2139926401132,1083.154920038308,1052.337123150189,1079.529296875,226200,0.0,0.0
2016-09-26 00:00:00+09:00,1069.5589514810936,1132.100957966005,1068.6525455900078,1122.1304931640625,293800,0.0,0.0
2016-09-27 00:00:00+09:00,1110.3471941418118,1135.7265585793389,1016.9873892466228,1044.1795654296875,612000,0.0,0.0
2016-09-28 00:00:00+09:00,1044.1794007385854,1044.1794007385854,979.8245939222317,1012.4552001953125,427900,0.0,0.0
2016-09-29 00:00:00+09:00,997.0464859721817,997.0464859721817,966.2286854966779,969.8543090820312,458600,0.0,0.0
2016-09-30 00:00:00+09:00,960.7902613503068,960.7902613503068,939.0365195838848,941.7557373046875,404600,0.0,0.0
2016-10-03 00:00:00+09:00,945.381308431761,959.8838021373298,939.0364674355747,956.2581787109375,312500,0.0,0.0
2016-10-04 00:00:00+09:00,957.1645398884579,960.7901631456111,929.0659596455201,934.50439453125,413600,0.0,0.0
2016-10-05 00:00:00+09:00,942.6620274454556,946.2876506279381,933.5979694892493,939.9428100585938,334300,0.0,0.0
2016-10-06 00:00:00+09:00,933.598095165478,933.598095165478,901.8738880482044,905.49951171875,855900,0.0,0.0
2016-10-07 00:00:00+09:00,910.9379472245682,910.9379472245682,900.967482130568,905.49951171875,458900,0.0,0.0
2016-10-11 00:00:00+09:00,912.7507861278854,912.7507861278854,892.8098553485273,898.248291015625,418900,0.0,0.0
2016-10-12 00:00:00+09:00,894.6225248637952,909.1250176680715,893.7161190635279,895.5289306640625,429300,0.0,0.0
2016-10-13 00:00:00+09:00,905.4994336796645,929.9723913466826,903.6866220006262,927.253173828125,508800,0.0,0.0
2016-10-14 00:00:00+09:00,934.5043481068261,945.3812173379433,921.8146673371892,939.036376953125,390000,0.0,0.0
2016-10-17 00:00:00+09:00,942.6620497944472,966.2286010393083,942.6620497944472,950.8197021484375,313900,0.0,0.0
2016-10-18 00:00:00+09:00,951.7261538298234,951.7261538298234,935.4108483355978,938.1300659179688,174300,0.0,0.0
2016-10-19 00:00:00+09:00,939.9429099616103,942.6621276374877,916.3763567706732,920.9083862304688,210800,0.0,0.0
2016-10-20 00:00:00+09:00,919.0955613080193,926.3468083400353,918.1891554290173,924.5339965820312,183000,0.0,0.0
2016-10-21 00:00:00+09:00,918.1892153193612,920.0020271956088,906.4059381237524,908.21875,303400,0.0,0.0
2016-10-24 00:00:00+09:00,908.218682399309,910.031494140625,902.7802471753611,910.031494140625,216700,0.0,0.0
2016-10-25 00:00:00+09:00,906.4059243159165,910.0315480131801,900.967488770021,903.6867065429688,320300,0.0,0.0
2016-10-26 00:00:00+09:00,905.4994582674849,914.563516908801,904.5930524033532,911.8442993164062,175700,0.0,0.0
2016-10-27 00:00:00+09:00,909.1251559381237,912.7507796906187,906.4059381237524,908.21875,211000,0.0,0.0
2016-10-28 00:00:00+09:00,913.6570837220149,913.6570837220149,905.4994311887826,910.9378662109375,175200,0.0,0.0
2016-10-31 00:00:00+09:00,913.6571406174444,939.9429115280653,911.844328830505,937.2236938476562,325600,0.0,0.0
2016-11-01 00:00:00+09:00,943.5684789394703,949.0069139765853,923.6275504700483,927.253173828125,238300,0.0,0.0
2016-11-02 00:00:00+09:00,915.4699835590757,920.0020131806552,901.8738946943369,903.6867065429688,360700,0.0,0.0
2016-11-04 00:00:00+09:00,903.6866661376953,910.0315073242188,901.8738543701172,906.4058837890625,152900,0.0,0.0
2016-11-07 00:00:00+09:00,910.0314603739117,916.3763012330924,906.4058370258084,910.9378662109375,190000,0.0,0.0
2016-11-08 00:00:00+09:00,913.6571649774775,916.3763827303866,904.5931058011136,905.49951171875,171300,0.0,0.0
2016-11-09 00:00:00+09:00,907.3123082020244,911.8443377135229,869.2432603054359,884.6521606445312,418800,0.0,0.0
2016-11-10 00:00:00+09:00,901.8738880482044,914.5635708951138,892.8098288718405,905.49951171875,193600,0.0,0.0
2016-11-11 00:00:00+09:00,906.4059097429744,906.4059097429744,886.4649797286289,890.9970092773438,242500,0.0,0.0
2016-11-14 00:00:00+09:00,889.1841171465219,898.2481754252835,886.4648996628933,896.4353637695312,142800,0.0,0.0
2016-11-15 00:00:00+09:00,900.9673929089121,901.8737987367882,890.9969288022742,896.4353637695312,93900,0.0,0.0
2016-11-16 00:00:00+09:00,896.4354321583207,903.6866793345256,892.8098085702184,902.7802734375,240000,0.0,0.0
2016-11-17 00:00:00+09:00,903.6866324593376,912.7506909594313,895.5289798092533,907.312255859375,205000,0.0,0.0
2016-11-18 00:00:00+09:00,906.4058500093657,909.1250675593938,900.0610090593001,907.312255859375,176700,0.0,0.0
2016-11-21 00:00:00+09:00,910.9378934522746,912.7507051805378,907.3122699957481,911.8442993164062,143000,0.0,0.0
2016-11-22 00:00:00+09:00,916.3763510342815,931.7852511011289,911.8443216028558,930.8788452148438,230800,0.0,0.0
2016-11-24 00:00:00+09:00,951.726036287297,971.666962761888,947.1940075430717,962.6029052734375,540400,0.0,0.0
2016-11-25 00:00:00+09:00,966.228578131592,966.228578131592,936.3171868761112,939.9428100585938,266000,0.0,0.0
2016-11-28 00:00:00+09:00,938.1300714612007,938.1300714612007,920.001954138279,928.1596069335938,232600,0.0,0.0
2016-11-29 00:00:00+09:00,921.8147440672863,929.0659908249444,912.7506856202136,917.28271484375,266700,0.0,0.0
2016-11-30 00:00:00+09:00,915.4699031543355,922.7211499119935,915.4699031543355,917.28271484375,158100,0.0,0.0
2016-12-01 00:00:00+09:00,917.28271484375,921.8147440672863,910.9378739307991,917.28271484375,216700,0.0,0.0
2016-12-02 00:00:00+09:00,915.4698953960666,916.3763012330924,907.3122428628343,910.9378662109375,253300,0.0,0.0
2016-12-05 00:00:00+09:00,908.2186955566407,909.1251014404297,901.8738543701172,906.4058837890625,243700,0.0,0.0
2016-12-06 00:00:00+09:00,910.0314474417739,914.5634765625,910.0314474417739,914.5634765625,119400,0.0,0.0
2016-12-07 00:00:00+09:00,914.5634729442837,932.6915893554688,910.9378496620467,932.6915893554688,327200,0.0,0.0
2016-12-08 00:00:00+09:00,939.0364924377559,941.7557100799502,929.0660277497102,940.8493041992188,274300,0.0,0.0
2016-12-09 00:00:00+09:00,940.8492626811183,941.7556685218515,929.9723925923192,935.4108276367188,178200,0.0,0.0
2016-12-12 00:00:00+09:00,940.8493722431967,952.6326495448939,940.8493722431967,947.1942138671875,181100,0.0,0.0
2016-12-13 00:00:00+09:00,952.6326574437759,986.169677734375,951.7262514899759,986.169677734375,379000,0.0,0.0
2016-12-14 00:00:00+09:00,992.5143900180082,1011.5489125662987,978.9183024835148,987.9823608398438,298800,0.0,0.0
2016-12-15 00:00:00+09:00,997.0464191961726,1004.2976658812356,980.7311141547806,987.9823608398438,192100,0.0,0.0
2016-12-16 00:00:00+09:00,989.7951618893045,994.3271910188344,958.977363808502,965.3222045898438,200100,0.0,0.0
2016-12-19 00:00:00+09:00,964.4158411096643,978.9183349609375,956.2581883183232,978.9183349609375,107700,0.0,0.0
2016-12-20 00:00:00+09:00,981.6376817805868,987.0761176907287,975.2928398854215,977.1056518554688,101100,0.0,0.0
2016-12-21 00:00:00+09:00,983.4502078470094,988.8886421761173,976.1989620748656,979.8245849609375,128800,0.0,0.0
2016-12-22 00:00:00+09:00,970.7606867376363,970.7606867376363,944.4749165085126,960.7902221679688,197400,0.0,0.0
2016-12-26 00:00:00+09:00,929.0660400390625,942.6621284298781,921.8147928972942,929.0660400390625,316500,0.0,0.0
2016-12-27 00:00:00+09:00,929.0660259770412,940.8493024040671,924.5339965820312,924.5339965820312,141600,0.0,0.0
2016-12-28 00:00:00+09:00,906.4058370258084,922.721142092273,897.3417786555503,910.9378662109375,469600,0.0,0.0
2016-12-29 00:00:00+09:00,908.2185293344351,928.1594551282051,908.2185293344351,919.0953979492188,210000,0.0,0.0
2016-12-30 00:00:00+09:00,916.3762334314098,922.7210738211426,909.1249872717151,912.7506103515625,213300,0.0,0.0
2017-01-04 00:00:00+09:00,920.9083470444735,931.7852172851562,913.6571002173516,931.7852172851562,220500,0.0,0.0
2017-01-05 00:00:00+09:00,932.6915829026734,939.9428294169799,929.0659596455201,934.50439453125,237500,0.0,0.0
2017-01-06 00:00:00+09:00,933.5980212653419,939.9428621865627,922.7211511146777,925.4403686523438,300900,0.0,0.0
2017-01-10 00:00:00+09:00,932.6916512726359,945.3813336028759,929.0660277497102,940.8493041992188,168200,0.0,0.0
2017-01-11 00:00:00+09:00,940.8491884916446,944.4748115686835,938.1299711838652,939.036376953125,128900,0.0,0.0
2017-01-12 00:00:00+09:00,938.1300081901363,939.036413995151,915.4698630647707,920.0018920898438,255200,0.0,0.0
2017-01-13 00:00:00+09:00,919.0955482721329,929.9724186658859,916.3763306736946,928.1596069335938,111300,0.0,0.0
2017-01-16 00:00:00+09:00,928.1596607669617,932.6916903605504,920.9084134172198,921.8148193359375,98300,0.0,0.0
2017-01-17 00:00:00+09:00,912.7507383047816,914.5635500988328,900.9674616434487,902.7802734375,420000,0.0,0.0
2017-01-18 00:00:00+09:00,902.7802136777052,910.9378662109375,902.7802136777052,910.9378662109375,206100,0.0,0.0
2017-01-19 00:00:00+09:00,910.9379132080078,913.657130859375,905.4994779052735,906.4058837890625,138900,0.0,0.0
2017-01-20 00:00:00+09:00,910.9378792594125,910.9378792594125,904.593038309347,907.312255859375,120600,0.0,0.0
2017-01-23 00:00:00+09:00,907.3122765286511,910.937900011283,904.593058916677,910.031494140625,93300,0.0,0.0
2017-01-24 00:00:00+09:00,905.4994977801379,909.1251213948732,897.3418446469834,900.9674682617188,308000,0.0,0.0
2017-01-25 00:00:00+09:00,873.7752877206269,877.4009113211274,852.9279520177489,860.17919921875,863600,0.0,0.0
2017-01-26 00:00:00+09:00,852.0215454101562,856.5535749070187,848.3959218126662,852.0215454101562,454700,0.0,0.0
2017-01-27 00:00:00+09:00,852.927886390686,870.1495971679688,852.927886390686,870.1495971679688,315000,0.0,0.0
2017-01-30 00:00:00+09:00,881.9328962320217,891.9033606293004,879.2136786691275,889.1841430664062,303200,0.0,0.0
2017-01-31 00:00:00+09:00,890.0906234007165,893.7162471212897,884.6521878198567,885.55859375,173700,0.0,0.0
2017-02-01 00:00:00+09:00,891.9033671954801,891.9033671954801,883.745714446741,887.371337890625,127400,0.0,0.0
2017-02-02 00:00:00+09:00,890.9970019606293,890.9970019606293,881.9329429376321,884.6521606445312,134100,0.0,0.0
2017-02-03 00:00:00+09:00,884.6520802173497,890.9969209566136,884.6520802173497,890.0905151367188,78200,0.0,0.0
2017-02-06 00:00:00+09:00,892.8097390933913,901.8737973582987,886.464898307956,888.2777099609375,139000,0.0,0.0
2017-02-07 00:00:00+09:00,888.2777437515961,894.6225847783932,886.464932029654,887.371337890625,83100,0.0,0.0
2017-02-08 00:00:00+09:00,886.4649060837766,897.3417760970744,886.4649060837766,894.62255859375,111200,0.0,0.0
2017-02-09 00:00:00+09:00,894.622653051433,894.622653051433,884.6521878198567,885.55859375,103900,0.0,0.0
2017-02-10 00:00:00+09:00,889.1841157874283,892.8097390933913,883.7456808284837,888.2777099609375,133600,0.0,0.0
2017-02-13 00:00:00+09:00,891.9033346301504,897.3417695974074,887.3713054907695,896.4353637695312,129900,0.0,0.0
2017-02-14 00:00:00+09:00,896.4354380651174,900.0610616771097,892.809814453125,892.809814453125,73400,0.0,0.0
2017-02-15 00:00:00+09:00,894.6225442361929,894.6225442361929,887.3712976770342,890.0905151367188,150300,0.0,0.0
2017-02-16 00:00:00+09:00,894.6691292979814,894.6691292979814,886.427550829525,889.1747436523438,116800,10.0,0.0
2017-02-17 00:00:00+09:00,888.259133842202,893.7535202371022,886.4276717105686,891.9220581054688,62800,0.0,0.0
2017-02-20 00:00:00+09:00,897.4164420639147,900.1636352539062,893.7535178105926,900.1636352539062,80100,0.0,0.0
2017-02-21 00:00:00+09:00,896.5006919814034,900.1636161570169,891.0063057179831,895.5849609375,95000,0.0,0.0
2017-02-22 00:00:00+09:00,898.3320517403739,900.1635136195592,894.6691279820034,897.4163208007812,110700,0.0,0.0
2017-02-23 00:00:00+09:00,900.163633649342,909.3209442663241,898.3321715259456,905.6580200195312,139100,0.0,0.0
2017-02-24 00:00:00+09:00,906.5737327085723,906.5737327085723,897.4164222771726,898.3321533203125,72400,0.0,0.0
2017-02-27 00:00:00+09:00,904.7422698726499,906.5737319574124,898.3321525759814,901.079345703125,85000,0.0,0.0
2017-02-28 00:00:00+09:00,906.5736694335938,911.152324329723,900.1635525790127,906.5736694335938,126900,0.0,0.0
2017-03-01 00:00:00+09:00,911.152322671793,914.8152465820312,903.8264748513162,914.8152465820312,97600,0.0,0.0
2017-03-02 00:00:00+09:00,914.8153083525508,919.3939635495105,909.3209221161992,912.068115234375,85800,0.0,0.0
2017-03-03 00:00:00+09:00,915.7310393919428,916.6467704313347,910.2366531555912,912.068115234375,60100,0.0,0.0
2017-03-06 00:00:00+09:00,912.0681350493957,916.6467903458284,908.4052108122495,913.8995971679688,61000,0.0,0.0
2017-03-07 00:00:00+09:00,913.8995540380714,930.3827123273352,911.1523609898608,923.9725952148438,137700,0.0,0.0
2017-03-08 00:00:00+09:00,926.7198288114944,932.2142151483215,922.1411735308052,924.8883666992188,73100,0.0,0.0
2017-03-09 00:00:00+09:00,927.6355598676323,931.2984840921836,923.9726356430809,924.8883666992188,48400,0.0,0.0
2017-03-10 00:00:00+09:00,926.719788932421,927.6355199491527,916.6467477483731,921.2254028320312,84200,0.0,0.0
2017-03-13 00:00:00+09:00,923.0568424735482,933.1298834132397,922.1411114790308,930.3826904296875,99000,0.0,0.0
2017-03-14 00:00:00+09:00,932.2142143588428,932.2142143588428,920.3097106391326,927.6355590820312,63900,0.0,0.0
2017-03-15 00:00:00+09:00,927.6355213012695,928.551252319336,915.7310180664062,915.7310180664062,81000,0.0,0.0
2017-03-16 00:00:00+09:00,915.7309565444293,924.8882661098736,912.983763674796,918.4781494140625,82100,0.0,0.0
2017-03-17 00:00:00+09:00,917.5625151692071,937.708598336595,917.5625151692071,935.8771362304688,165300,0.0,0.0
2017-03-21 00:00:00+09:00,934.9613264174689,940.4557122730073,922.1410927545456,923.0568237304688,74800,0.0,0.0
2017-03-22 00:00:00+09:00,920.3096731567382,929.4669833374023,915.7310180664062,915.7310180664062,88000,0.0,0.0
2017-03-23 00:00:00+09:00,913.8995546981781,926.719788932421,912.9838236814464,921.2254028320312,84300,0.0,0.0
2017-03-24 00:00:00+09:00,924.8882856823149,927.6354786100842,917.5624378749302,923.0568237304688,66500,0.0,0.0
2017-03-27 00:00:00+09:00,920.3096318958761,923.0568248269086,914.8152460338113,917.5624389648438,85500,0.0,0.0
2017-03-28 00:00:00+09:00,919.3939727783203,932.214207458496,870.8602272033692,879.101806640625,429200,0.0,0.0
2017-03-29 00:00:00+09:00,869.9444542246416,891.0062673269224,869.9444542246416,886.4276123046875,186600,0.0,0.0
2017-03-30 00:00:00+09:00,887.3433667247832,891.922021867842,870.8602082097717,874.5231323242188,175900,0.0,0.0
2017-03-31 00:00:00+09:00,874.523049907724,895.5848615808943,874.523049907724,880.9331665039062,115600,0.0,0.0
2017-04-03 00:00:00+09:00,874.5232378426244,876.354700120829,862.6187330342956,864.4501953125,158300,0.0,0.0
2017-04-04 00:00:00+09:00,863.5343228828666,866.2815158506806,858.9556679365099,859.8713989257812,115300,0.0,0.0
2017-04-05 00:00:00+09:00,860.7872314453125,867.1973491262883,859.8715003480303,860.7872314453125,67400,0.0,0.0
2017-04-06 00:00:00+09:00,860.7872125146223,863.5344057460519,856.2085571289062,856.2085571289062,93400,0.0,0.0
2017-04-07 00:00:00+09:00,857.1242731813525,862.6186595478996,837.8939208984375,837.8939208984375,192900,0.0,0.0
2017-04-10 00:00:00+09:00,836.9781507584491,842.4725368684609,827.8208405750963,831.4837646484375,130800,0.0,0.0
2017-04-11 00:00:00+09:00,826.9051293006311,839.7253638634315,826.9051293006311,833.3152465820312,88900,0.0,0.0
2017-04-12 00:00:00+09:00,830.5680131062422,833.3152060933633,825.0736271320003,832.3994750976562,75300,0.0,0.0
2017-04-13 00:00:00+09:00,831.4837815952922,847.0512092242789,829.6523195212937,844.3040161132812,85700,0.0,0.0
2017-04-14 00:00:00+09:00,846.1354781872797,852.5455954462742,840.6410919652843,844.3040161132812,60400,0.0,0.0
2017-04-17 00:00:00+09:00,843.3882411188973,861.702860904324,843.3882411188973,859.8713989257812,64800,0.0,0.0
2017-04-18 00:00:00+09:00,864.4501953125,865.3659264516023,855.2928839214777,864.4501953125,50200,0.0,0.0
2017-04-19 00:00:00+09:00,860.7871083426929,873.6073418712011,860.7871083426929,866.281494140625,86200,0.0,0.0
2017-04-20 00:00:00+09:00,866.2815140993787,870.860169036479,864.4500521245385,868.1129760742188,42100,0.0,0.0
2017-04-21 00:00:00+09:00,869.9445770231849,880.9333506276884,867.1973836220591,878.1861572265625,69000,0.0,0.0
2017-04-24 00:00:00+09:00,881.8488558739731,891.9218957645377,880.0173940756886,888.2589721679688,72800,0.0,0.0
2017-04-25 00:00:00+09:00,888.2590531714169,891.0062461193697,880.9332053102092,890.0905151367188,72300,0.0,0.0
2017-04-26 00:00:00+09:00,890.0905769277283,891.0063079739502,882.7647285579527,887.3433837890625,68200,0.0,0.0
2017-04-27 00:00:00+09:00,891.0062880096909,899.2478672410241,885.5119018554688,885.5119018554688,154000,0.0,0.0
2017-04-28 00:00:00+09:00,883.6804011074852,889.1747870211068,875.4388222370526,876.3545532226562,84200,0.0,0.0
2017-05-01 00:00:00+09:00,872.6916109048791,877.2702657364893,864.450032207981,866.281494140625,92800,0.0,0.0
2017-05-02 00:00:00+09:00,866.2815523724964,880.0175177906649,866.2815523724964,877.2703247070312,70000,0.0,0.0
2017-05-08 00:00:00+09:00,897.4163208007812,906.5736301967077,887.3432804652623,897.4163208007812,143600,0.0,0.0
2017-05-09 00:00:00+09:00,904.7422255478897,920.3096525056975,903.8264945503715,916.646728515625,147700,0.0,0.0
2017-05-10 00:00:00+09:00,916.6467085371505,919.3939014698292,912.0680536493525,914.8152465820312,67600,0.0,0.0
2017-05-11 00:00:00+09:00,920.3096745143714,920.3096745143714,906.5737092231121,910.2366333007812,83400,0.0,0.0
2017-05-12 00:00:00+09:00,914.8152460338113,919.3939009188654,906.5736672407138,917.5624389648438,127000,0.0,0.0
2017-05-15 00:00:00+09:00,919.3939208984375,922.1411138891699,913.8995349169727,919.3939208984375,72300,0.0,0.0
2017-05-16 00:00:00+09:00,922.1411331827032,924.8883262309139,918.4782091184225,923.9725952148438,69900,0.0,0.0
2017-05-17 00:00:00+09:00,924.8883268989578,932.2141750328109,915.7310167316414,921.2254028320312,79300,0.0,0.0
2017-05-18 00:00:00+09:00,914.8152837443234,931.2984420099868,912.9838217148052,929.4669799804688,102100,0.0,0.0
2017-05-19 00:00:00+09:00,924.8883068799022,933.1298858520994,919.3939208984375,919.3939208984375,36500,0.0,0.0
2017-05-22 00:00:00+09:00,925.8040572469841,926.7197882630543,922.1411331827032,923.9725952148438,36000,0.0,0.0
2017-05-23 00:00:00+09:00,923.9726356430809,927.6355598676323,921.2254424746674,924.8883666992188,43500,0.0,0.0
2017-05-24 00:00:00+09:00,927.6354780640494,927.6354780640494,923.9725541625132,925.8040161132812,22400,0.0,0.0
2017-05-25 00:00:00+09:00,923.9726356430809,933.1299462044593,923.056904586943,924.8883666992188,52600,0.0,0.0
2017-05-26 00:00:00+09:00,923.9725945514182,929.4669806438944,923.9725945514182,926.7197875976562,44900,0.0,0.0
2017-05-29 00:00:00+09:00,931.2985193903176,945.0344857530066,929.4670572086256,942.2872924804688,106400,0.0,0.0
2017-05-30 00:00:00+09:00,947.7815989345809,948.6973299480443,929.4669786653136,934.9613647460938,84000,0.0,0.0
2017-05-31 00:00:00+09:00,935.8771200151585,937.7085820895522,920.3096923828125,920.3096923828125,66400,0.0,0.0
2017-06-01 00:00:00+09:00,920.3097114185296,931.2984840921836,920.3097114185296,924.8883666992188,61500,0.0,0.0
2017-06-02 00:00:00+09:00,929.4670401762418,935.8771576946986,926.7198469540459,932.2142333984375,52000,0.0,0.0
2017-06-05 00:00:00+09:00,931.2985193903176,945.9502168438526,930.3827882994716,942.2872924804688,76100,0.0,0.0
2017-06-06 00:00:00+09:00,946.8658483310008,946.8658483310008,926.7197664516178,930.3826904296875,57300,0.0,0.0
2017-06-07 00:00:00+09:00,929.4669998454016,934.9613860513842,922.141151570758,931.2984619140625,36800,0.0,0.0
2017-06-08 00:00:00+09:00,936.7927861830767,941.3714410520067,929.4669383927887,934.0455932617188,48800,0.0,0.0
2017-06-09 00:00:00+09:00,930.3826289752515,937.7084764474976,929.4668980412207,933.1298217773438,36900,0.0,0.0
2017-06-12 00:00:00+09:00,933.1299415321201,942.2872520476463,930.3827483774622,941.3715209960938,38200,0.0,0.0
2017-06-13 00:00:00+09:00,937.708617332035,944.1187348333283,936.7928862604217,940.455810546875,47100,0.0,0.0
2017-06-14 00:00:00+09:00,945.034423828125,949.6130789823311,942.2872307356014,945.034423828125,56800,0.0,0.0
2017-06-15 00:00:00+09:00,951.4444985022913,956.0231534517728,942.2871886033279,952.3602294921875,90700,0.0,0.0
2017-06-16 00:00:00+09:00,953.2759564513873,971.590576171875,945.0343775771678,971.590576171875,135800,0.0,0.0
2017-06-19 00:00:00+09:00,970.6748463418247,976.1692322645142,961.5175364706754,966.09619140625,68900,0.0,0.0
2017-06-20 00:00:00+09:00,971.5906409998469,972.5063720469722,956.9389442458436,957.8546752929688,59300,0.0,0.0
2017-06-21 00:00:00+09:00,957.854658259902,961.5175823832668,945.034423828125,945.034423828125,62800,0.0,0.0
2017-06-22 00:00:00+09:00,946.8658659407236,948.6973279638197,940.455748859887,943.2029418945312,35500,0.0,0.0
2017-06-23 00:00:00+09:00,934.9613231636628,942.2871709455524,934.9613231636628,939.5399780273438,56600,0.0,0.0
2017-06-26 00:00:00+09:00,938.6242887999473,939.5400198134106,934.0456337326304,934.9613647460938,49200,0.0,0.0
2017-06-27 00:00:00+09:00,934.0455544101446,938.6242090886258,919.393859439005,922.1410522460938,101800,0.0,0.0
2017-06-28 00:00:00+09:00,900.1636154065925,914.815312096832,888.2591118457728,898.3321533203125,323400,0.0,0.0
2017-06-29 00:00:00+09:00,898.3321707325597,908.4052124023438,896.5007086107807,908.4052124023438,137800,0.0,0.0
2017-06-30 00:00:00+09:00,906.5737119468797,906.5737119468797,894.6692086586884,899.2478637695312,192100,0.0,0.0
2017-07-03 00:00:00+09:00,899.2478221518411,910.2365939092974,894.6691672529009,903.8264770507812,133200,0.0,0.0
2017-07-04 00:00:00+09:00,905.6579809247112,911.1523670577226,897.4164017251941,899.2478637695312,93200,0.0,0.0
2017-07-05 00:00:00+09:00,900.1636146607437,901.9950767455063,895.5849594488377,901.079345703125,91700,0.0,0.0
2017-07-06 00:00:00+09:00,900.1636161570169,902.910809288727,895.5849609375,895.5849609375,121600,0.0,0.0
2017-07-07 00:00:00+09:00,896.5005911798605,896.5005911798605,888.2590127114042,889.1747436523438,185000,0.0,0.0
2017-07-10 00:00:00+09:00,895.5848193611066,895.5848193611066,888.2589721679688,888.2589721679688,85900,0.0,0.0
2017-07-11 00:00:00+09:00,890.0905951633669,896.500712618247,888.2591330334011,894.6692504882812,63200,0.0,0.0
2017-07-12 00:00:00+09:00,897.41644368323,901.0793679431615,892.8377883583155,894.6692504882812,69300,0.0,0.0
2017-07-13 00:00:00+09:00,901.9949951171875,904.742187995717,898.3320712791482,901.9949951171875,64100,0.0,0.0
2017-07-14 00:00:00+09:00,907.4894821429277,907.4894821429277,902.9108268344366,905.6580200195312,72000,0.0,0.0
2017-07-17 00:00:00+09:00,905.6580200195312,905.6580200195312,905.6580200195312,905.6580200195312,0,0.0,0.0
2017-07-18 00:00:00+09:00,909.3208417998313,920.3096133019441,904.7421870072843,907.4893798828125,208200,0.0,0.0
2017-07-19 00:00:00+09:00,908.4052124023438,915.7310608894594,906.5737502805648,908.4052124023438,60600,0.0,0.0
2017-07-20 00:00:00+09:00,914.8152877210734,914.8152877210734,909.3209016086345,912.9838256835938,45500,0.0,0.0
2017-07-21 00:00:00+09:00,915.7310180664062,916.6467490844726,912.0680939941406,915.7310180664062,56500,0.0,0.0
2017-07-24 00:00:00+09:00,918.4781699418545,920.3096318958761,912.9837840797896,917.5624389648438,86000,0.0,0.0
2017-07-25 00:00:00+09:00,912.0680536493525,916.6467085371505,910.2365916942333,914.8152465820312,63500,0.0,0.0
2017-07-26 00:00:00+09:00,916.6467490844726,916.6467490844726,912.0680939941406,915.7310180664062,56700,0.0,0.0
2017-07-27 00:00:00+09:00,917.562480102539,927.6355213012695,915.7310180664062,915.7310180664062,133300,0.0,0.0
2017-07-28 00:00:00+09:00,924.8882450531825,924.8882450531825,914.815204760524,922.1410522460938,89100,0.0,0.0
2017-07-31 00:00:00+09:00,922.1411145007337,922.1411145007337,914.8152665205888,916.646728515625,126700,0.0,0.0
2017-08-01 00:00:00+09:00,916.6467490844726,917.562480102539,913.8995560302734,915.7310180664062,93200,0.0,0.0
2017-08-02 00:00:00+09:00,915.731019417285,915.731019417285,909.3209022813639,910.2366333007812,156800,0.0,0.0
2017-08-03 00:00:00+09:00,911.1524055850122,912.0681366459016,907.4894813414543,908.4052124023438,113500,0.0,0.0
2017-08-04 00:00:00+09:00,908.4051712619466,912.9838263590331,907.4894402425294,910.2366333007812,88900,0.0,0.0
2017-08-07 00:00:00+09:00,912.9838661086823,915.7310592865418,908.4052108122495,913.8995971679688,107300,0.0,0.0
2017-08-08 00:00:00+09:00,912.983846273767,913.8995773131589,909.3209221161992,912.068115234375,91400,0.0,0.0
2017-08-09 00:00:00+09:00,911.1524063897206,911.1524063897206,905.6580200195312,905.6580200195312,157400,0.0,0.0
2017-08-10 00:00:00+09:00,906.5737510812295,909.3209442663241,902.9108268344366,905.6580200195312,87700,0.0,0.0
2017-08-11 00:00:00+09:00,905.6580200195312,905.6580200195312,905.6580200195312,905.6580200195312,0,0.0,0.0
2017-08-14 00:00:00+09:00,906.5737119468797,906.5737119468797,898.3321327473626,899.2478637695312,142400,0.0,0.0
2017-08-15 00:00:00+09:00,908.4052124023438,909.3209434632332,901.9950949761176,908.4052124023438,210600,0.0,0.0
2017-08-16 00:00:00+09:00,878.8033690128027,888.0539307918848,877.8783128348945,883.4286499023438,367500,10.0,0.0
2017-08-17 00:00:00+09:00,884.3537430612664,891.7541927939967,878.8034057617188,878.8034057617188,217300,0.0,0.0
2017-08-18 00:00:00+09:00,876.9531655158424,877.8782215976103,864.0023803710938,864.0023803710938,178000,0.0,0.0
2017-08-21 00:00:00+09:00,864.0024363532306,864.0024363532306,847.3514258025259,849.2015380859375,132000,0.0,0.0
2017-08-22 00:00:00+09:00,846.4263842720131,851.9767212180592,842.7261596413159,847.3514404296875,127700,0.0,0.0
2017-08-23 00:00:00+09:00,855.6768768876303,856.6019329707522,848.2764282226562,848.2764282226562,178800,0.0,0.0
2017-08-24 00:00:00+09:00,848.2764965873619,854.7518896910822,847.3514404296875,847.3514404296875,70500,0.0,0.0
2017-08-25 00:00:00+09:00,848.2765186723456,851.0516872176204,842.7261815817959,844.5762939453125,79400,0.0,0.0
2017-08-28 00:00:00+09:00,844.5762038901693,851.0515964720215,844.5762038901693,848.2764282226562,140300,0.0,0.0
2017-08-29 00:00:00+09:00,843.6512012357026,849.2015380859375,836.2507521020561,849.2015380859375,165700,0.0,0.0
2017-08-30 00:00:00+09:00,846.4264284909426,848.2765409029447,839.9510350489354,841.8011474609375,78200,0.0,0.0
2017-08-31 00:00:00+09:00,842.7262036669385,843.6512598729396,839.9510350489354,841.8011474609375,47200,0.0,0.0
2017-09-01 00:00:00+09:00,842.7261498916006,846.426374479489,840.8760375976562,840.8760375976562,50300,0.0,0.0
2017-09-04 00:00:00+09:00,840.87596620953,841.8010222779674,833.4755176620314,834.4005737304688,93000,0.0,0.0
2017-09-05 00:00:00+09:00,837.1757564968533,838.1008125813802,832.5504760742188,832.5504760742188,85300,0.0,0.0
2017-09-06 00:00:00+09:00,832.5505887807951,833.4756449905515,825.1501391027435,826.0751953125,145900,0.0,0.0
2017-09-07 00:00:00+09:00,827.925287769959,838.1009058319362,827.925287769959,836.2507934570312,104600,0.0,0.0
2017-09-08 00:00:00+09:00,833.4755176620314,838.1007980042181,833.4755176620314,834.4005737304688,95700,0.0,0.0
2017-09-11 00:00:00+09:00,837.1758538951044,851.0516967773438,837.1758538951044,851.0516967773438,92100,0.0,0.0
2017-09-12 00:00:00+09:00,855.6769336016595,860.3022143238306,851.0516528794883,856.6019897460938,93400,0.0,0.0
2017-09-13 00:00:00+09:00,859.3771216764358,862.1522899918602,857.5270094661529,861.2272338867188,53700,0.0,0.0
2017-09-14 00:00:00+09:00,863.0773315429688,869.5527241697648,862.1522754534265,863.0773315429688,85600,0.0,0.0
2017-09-15 00:00:00+09:00,868.6276607799326,868.6276607799326,852.9017073898806,864.0023803710938,96300,0.0,0.0
2017-09-18 00:00:00+09:00,864.0023803710938,864.0023803710938,864.0023803710938,864.0023803710938,0,0.0,0.0
2017-09-19 00:00:00+09:00,864.0024950649649,867.7027198832303,859.3772140421332,864.9275512695312,77000,0.0,0.0
2017-09-20 00:00:00+09:00,864.9275532759892,872.3280029296875,863.0774408625647,872.3280029296875,76500,0.0,0.0
2017-09-21 00:00:00+09:00,870.4778758215526,876.9532691592262,869.5528196304564,874.1781005859375,49300,0.0,0.0
2017-09-22 00:00:00+09:00,875.1030636664785,886.2037367785268,870.477783203125,870.477783203125,95200,0.0,0.0
2017-09-25 00:00:00+09:00,868.6276607799326,874.1779972705392,863.0773242893259,864.0023803710938,93100,0.0,0.0
2017-09-26 00:00:00+09:00,858.4521292054158,862.1523539002667,845.5013427734375,845.5013427734375,153300,0.0,0.0
2017-09-27 00:00:00+09:00,841.801148108182,876.953283963249,841.801148108182,872.3280029296875,202400,0.0,0.0
2017-09-28 00:00:00+09:00,875.103076631554,891.7540865463193,873.2529644188023,884.3536376953125,146000,0.0,0.0
2017-09-29 00:00:00+09:00,884.3537282222459,886.2038406243845,875.103166211553,880.6535034179688,55800,0.0,0.0
2017-10-02 00:00:00+09:00,878.8033520584991,879.7284082185606,871.4029027780065,877.8782958984375,59500,0.0,0.0
2017-10-03 00:00:00+09:00,880.6535034179688,883.4286720211766,876.9532786136915,880.6535034179688,40400,0.0,0.0
2017-10-04 00:00:00+09:00,880.653505452474,890.8291236877441,880.653505452474,888.053955078125,73300,0.0,0.0
2017-10-05 00:00:00+09:00,869.5527356399773,896.3793625905723,869.5527356399773,892.6791381835938,140200,0.0,0.0
2017-10-06 00:00:00+09:00,888.0538794503639,892.6791600725012,876.0281498328068,889.9039916992188,85500,0.0,0.0
2017-10-09 00:00:00+09:00,889.9039916992188,889.9039916992188,889.9039916992188,889.9039916992188,0,0.0,0.0
2017-10-10 00:00:00+09:00,883.4287421869908,891.754248657863,876.9533482652014,887.1289672851562,80800,0.0,0.0
2017-10-11 00:00:00+09:00,884.3537302652994,888.9790112813313,879.7284492492676,888.053955078125,42300,0.0,0.0
2017-10-12 00:00:00+09:00,888.0539307918848,891.7541555035177,876.9532566569862,883.4286499023438,65900,0.0,0.0
2017-10-13 00:00:00+09:00,886.2038087482695,886.2038087482695,874.1780785669255,876.9532470703125,53000,0.0,0.0
2017-10-16 00:00:00+09:00,873.253039218095,884.3537134454435,873.253039218095,882.5036010742188,62800,0.0,0.0
2017-10-17 00:00:00+09:00,882.5035766987454,882.5035766987454,874.1780712581912,877.8782958984375,71200,0.0,0.0
2017-10-18 00:00:00+09:00,881.5784693761849,889.9039743335676,879.7283571634332,884.3536376953125,96600,0.0,0.0
2017-10-19 00:00:00+09:00,888.0538621208159,888.0538621208159,878.8033010570574,884.3536376953125,52900,0.0,0.0
2017-10-20 00:00:00+09:00,882.5036178588866,889.9040674845377,879.7284492492676,888.053955078125,67200,0.0,0.0
2017-10-23 00:00:00+09:00,888.0539381878931,889.9040505591179,881.5785448886064,882.5036010742188,49200,0.0,0.0
2017-10-24 00:00:00+09:00,879.7285066378319,881.5786191649356,871.403000265865,873.2531127929688,107100,0.0,0.0
2017-10-25 00:00:00+09:00,873.2529881143163,875.1031003772703,864.927482931023,865.8525390625,68600,0.0,0.0
2017-10-26 00:00:00+09:00,866.7776877545296,875.1031938268783,866.7776877545296,869.5528564453125,38700,0.0,0.0
2017-10-27 00:00:00+09:00,874.1780858910952,876.9532544177337,869.5528050133646,876.0281982421875,40800,0.0,0.0
2017-10-30 00:00:00+09:00,876.9532786136915,880.6535034179688,868.6277728040678,880.6535034179688,73700,0.0,0.0
2017-10-31 00:00:00+09:00,878.8034503742799,879.7285066378319,869.5528877387612,873.2531127929688,54200,0.0,0.0
2017-11-01 00:00:00+09:00,874.1781690565206,875.1032253200725,869.5528877387612,873.2531127929688,43500,0.0,0.0
2017-11-02 00:00:00+09:00,872.3278953884665,873.2529514811371,869.5527271104544,870.477783203125,34500,0.0,0.0
2017-11-03 00:00:00+09:00,870.477783203125,870.477783203125,870.477783203125,870.477783203125,0,0.0,0.0
2017-11-06 00:00:00+09:00,869.5528322923631,874.1781133151948,864.9275512695312,864.9275512695312,64500,0.0,0.0
2017-11-07 00:00:00+09:00,864.9275752940076,871.4029689058344,864.0025190637466,869.5528564453125,43500,0.0,0.0
2017-11-08 00:00:00+09:00,867.7027439847906,873.2530813663564,866.7776877545296,869.5528564453125,50700,0.0,0.0
2017-11-09 00:00:00+09:00,869.5528196304564,877.8783253503224,866.7776510571676,874.1781005859375,89400,0.0,0.0
2017-11-10 00:00:00+09:00,870.477783203125,875.1030636664785,868.6276710177837,870.477783203125,35400,0.0,0.0
2017-11-13 00:00:00+09:00,869.5528416724721,871.4029541015625,866.7776730288366,871.4029541015625,51200,0.0,0.0
2017-11-14 00:00:00+09:00,866.7776541874326,870.4778789651805,857.5270922430631,858.4521484375,73700,0.0,0.0
2017-11-15 00:00:00+09:00,858.4522138275247,860.3023263573253,841.8012010593184,842.7262573242188,93700,0.0,0.0
2017-11-16 00:00:00+09:00,841.8011084307384,844.5762769200704,837.1758276151849,839.0259399414062,69700,0.0,0.0
2017-11-17 00:00:00+09:00,839.0259788429344,846.4264284909426,839.0259788429344,841.8011474609375,49700,0.0,0.0
2017-11-20 00:00:00+09:00,839.0260083870119,842.7262333413097,837.175895909863,838.1009521484375,60400,0.0,0.0
2017-11-21 00:00:00+09:00,838.1008125813802,839.0258686659071,832.5504760742188,832.5504760742188,92800,0.0,0.0
2017-11-22 00:00:00+09:00,832.5506036931818,835.3257723721591,824.22509765625,824.22509765625,157000,0.0,0.0
2017-11-23 00:00:00+09:00,824.22509765625,824.22509765625,824.22509765625,824.22509765625,0,0.0,0.0
2017-11-24 00:00:00+09:00,824.2250672050144,852.9018091616423,823.3000110128652,851.0516967773438,191500,0.0,0.0
2017-11-27 00:00:00+09:00,847.3513734266493,847.3513734266493,832.5504760742188,832.5504760742188,93700,0.0,0.0
2017-11-28 00:00:00+09:00,837.1757419357807,839.0258540726554,833.4755176620314,834.4005737304688,47400,0.0,0.0
2017-11-29 00:00:00+09:00,839.0259546437975,842.72617936108,836.2507861058357,837.1758422851562,39300,0.0,0.0
2017-11-30 00:00:00+09:00,836.2508102249313,850.1266533149468,832.5505854009272,841.8011474609375,300700,0.0,0.0
2017-12-01 00:00:00+09:00,841.8011369376347,859.3772046319369,841.8011369376347,858.4521484375,151800,0.0,0.0
2017-12-04 00:00:00+09:00,857.5270975505177,862.1523785513295,849.2015917490563,850.1266479492188,65300,0.0,0.0
2017-12-05 00:00:00+09:00,846.4263818547589,847.3514380097914,837.1758203044336,839.9509887695312,73600,0.0,0.0
2017-12-06 00:00:00+09:00,839.0260083870119,848.2765707727563,837.175895909863,838.1009521484375,65100,0.0,0.0
2017-12-07 00:00:00+09:00,841.8011771027352,842.7262333413097,837.175895909863,838.1009521484375,46600,0.0,0.0
2017-12-08 00:00:00+09:00,835.3257834327142,844.5763458184585,835.3257834327142,838.1009521484375,84500,0.0,0.0
2017-12-11 00:00:00+09:00,838.1008764594661,840.8760449245638,836.2507641494011,839.9509887695312,50200,0.0,0.0
2017-12-12 00:00:00+09:00,839.9509887695312,844.5762695446938,838.1008764594661,839.9509887695312,47100,0.0,0.0
2017-12-13 00:00:00+09:00,842.7261572346288,842.7261572346288,839.0259326144987,839.9509887695312,38300,0.0,0.0
2017-12-14 00:00:00+09:00,839.0259788429344,842.7262036669385,839.0259788429344,841.8011474609375,50700,0.0,0.0
2017-12-15 00:00:00+09:00,843.6512133896613,843.6512133896613,836.2507641494011,839.9509887695312,107900,0.0,0.0
2017-12-18 00:00:00+09:00,841.8011231817594,841.8011231817594,836.2507861058357,837.1758422851562,71500,0.0,0.0
2017-12-19 00:00:00+09:00,838.1009521484375,840.8761208641608,836.2508396712886,838.1009521484375,54900,0.0,0.0
2017-12-20 00:00:00+09:00,838.1009521484375,839.9510646255864,837.175895909863,838.1009521484375,47800,0.0,0.0
2017-12-21 00:00:00+09:00,839.0258686659071,839.950924750434,830.7003639051649,832.5504760742188,163000,0.0,0.0
2017-12-22 00:00:00+09:00,832.5505297932852,835.3256982259295,831.6254736490705,833.4755859375,61000,0.0,0.0
2017-12-25 00:00:00+09:00,836.2508008245086,843.6512503893273,834.4006884333039,835.3257446289062,113100,0.0,0.0
2017-12-26 00:00:00+09:00,835.3257079943686,843.6512133896613,834.4006518393361,839.9509887695312,133900,0.0,0.0
2017-12-27 00:00:00+09:00,832.550572934358,863.0774272752844,832.550572934358,851.0516967773438,212100,0.0,0.0
2017-12-28 00:00:00+09:00,855.6769216162527,875.1031003772703,853.8268093532986,865.8525390625,190500,0.0,0.0
2017-12-29 00:00:00+09:00,863.0774262927828,878.8033815414186,856.6020329551092,874.1781005859375,126100,0.0,0.0
2018-01-01 00:00:00+09:00,874.1781005859375,874.1781005859375,874.1781005859375,874.1781005859375,0,0.0,0.0
2018-01-02 00:00:00+09:00,874.1781005859375,874.1781005859375,874.1781005859375,874.1781005859375,0,0.0,0.0
2018-01-03 00:00:00+09:00,874.1781005859375,874.1781005859375,874.1781005859375,874.1781005859375,0,0.0,0.0
2018-01-04 00:00:00+09:00,877.8783105932797,881.5785352954642,869.5528050133646,876.0281982421875,100200,0.0,0.0
2018-01-05 00:00:00+09:00,876.0282815836243,878.8034503742799,869.5528877387612,873.2531127929688,57800,0.0,0.0
2018-01-08 00:00:00+09:00,873.2531127929688,873.2531127929688,873.2531127929688,873.2531127929688,0,0.0,0.0
2018-01-09 00:00:00+09:00,877.8782613748165,877.8782613748165,862.1523072722118,866.777587890625,108100,0.0,0.0
2018-01-10 00:00:00+09:00,866.7776510571676,878.8033815414186,865.8525948660714,874.1781005859375,123500,0.0,0.0
2018-01-11 00:00:00+09:00,873.2530813663564,873.2530813663564,867.7027439847906,869.5528564453125,50600,0.0,0.0
2018-01-12 00:00:00+09:00,869.552792795275,888.0539160462382,867.7026804701786,885.2787475585938,161400,0.0,0.0
2018-01-15 00:00:00+09:00,888.9789599760859,896.3794091746381,887.1288476764478,894.529296875,144400,0.0,0.0
2018-01-16 00:00:00+09:00,894.5293431710164,900.0796803571861,888.9790059848467,896.3794555664062,70600,0.0,0.0
2018-01-17 00:00:00+09:00,901.0046430992957,901.9296992010403,890.8290259801043,892.6791381835938,86400,0.0,0.0
2018-01-18 00:00:00+09:00,889.9040111457512,892.6791795796777,877.8782812654032,879.7283935546875,110500,0.0,0.0
2018-01-19 00:00:00+09:00,876.0282371119449,889.9040803608142,874.1781246787623,878.8034057617188,53300,0.0,0.0
2018-01-22 00:00:00+09:00,878.8033763317692,884.3537134454435,876.9532639605444,882.5036010742188,52400,0.0,0.0
2018-01-23 00:00:00+09:00,878.8033374100454,881.5785058439718,874.1780566868346,879.7283935546875,43800,0.0,0.0
2018-01-24 00:00:00+09:00,879.7283527591685,892.6791381835938,879.7283527591685,892.6791381835938,42800,0.0,0.0
2018-01-25 00:00:00+09:00,892.6792360941569,895.4544047037759,886.2038426717122,888.053955078125,37800,0.0,0.0
2018-01-26 00:00:00+09:00,888.0538794503639,896.379384570211,888.0538794503639,889.9039916992188,29900,0.0,0.0
2018-01-29 00:00:00+09:00,892.6792139229622,894.5293262834242,889.904045382269,890.8291015625,29800,0.0,0.0
2018-01-30 00:00:00+09:00,892.6791944594228,892.6791944594228,875.1031274182528,877.8782958984375,46000,0.0,0.0
2018-01-31 00:00:00+09:00,876.0281959671817,877.8783083134693,868.6277465820312,868.6277465820312,53800,0.0,0.0
2018-02-01 00:00:00+09:00,868.6276607799326,873.2529411887714,863.0773242893259,864.0023803710938,61900,0.0,0.0
2018-02-02 00:00:00+09:00,864.9274437220533,868.6276680802225,862.1522754534265,863.0773315429688,38500,0.0,0.0
2018-02-05 00:00:00+09:00,860.3022438429958,860.3022438429958,847.3514573765422,852.9017944335938,84600,0.0,0.0
2018-02-06 00:00:00+09:00,838.1009058319362,838.1009058319362,824.2250630201492,836.2507934570312,168400,0.0,0.0
2018-02-07 00:00:00+09:00,860.3022467681717,860.3022467681717,837.1758422851562,837.1758422851562,75000,0.0,0.0
2018-02-08 00:00:00+09:00,845.5013281143389,850.1266089027105,841.8011034836416,847.3514404296875,39600,0.0,0.0
2018-02-09 00:00:00+09:00,832.5504464512927,851.9766235351562,832.5504464512927,851.9766235351562,76000,0.0,0.0
2018-02-12 00:00:00+09:00,851.9766235351562,851.9766235351562,851.9766235351562,851.9766235351562,0,0.0,0.0
2018-02-13 00:00:00+09:00,860.3022438429958,860.3022438429958,851.0516820812433,852.9017944335938,79100,0.0,0.0
2018-02-14 00:00:00+09:00,853.8268187944666,857.5270433612899,844.5762573774084,849.2015380859375,55000,0.0,0.0
2018-02-15 00:00:00+09:00,849.201557735624,852.9017823880667,837.1758276151849,839.0259399414062,70700,0.0,0.0
2018-02-16 00:00:00+09:00,848.3797049617135,853.0565500827814,844.6382288648592,847.4443359375,62700,10.0,0.0
2018-02-19 00:00:00+09:00,847.4442439832185,859.6040399785627,845.573506137781,853.0564575195312,48500,0.0,0.0
2018-02-20 00:00:00+09:00,858.6686248282268,861.4747314453125,854.9271493387791,861.4747314453125,36100,0.0,0.0
2018-02-21 00:00:00+09:00,860.5394810267858,861.4748500279018,851.185791015625,851.185791015625,38900,0.0,0.0
2018-02-22 00:00:00+09:00,859.6040536240622,874.569956625134,853.0564710610932,872.69921875,64800,0.0,0.0
2018-02-23 00:00:00+09:00,874.5699315246187,875.5053004353401,863.3455045959605,866.151611328125,33600,0.0,0.0
2018-02-26 00:00:00+09:00,869.8930914195904,877.3760427436299,868.0223535885806,876.440673828125,33400,0.0,0.0
2018-02-27 00:00:00+09:00,878.311416821602,881.1175235846105,873.6345722165883,875.5053100585938,31100,0.0,0.0
2018-02-28 00:00:00+09:00,876.440694500268,882.9882770632369,872.69921875,872.69921875,33600,0.0,0.0
2018-03-01 00:00:00+09:00,868.0224260224811,868.9577950160398,862.4102120611288,863.3455810546875,43300,0.0,0.0
2018-03-02 00:00:00+09:00,859.6041207355001,863.3455967778744,854.9272756825322,860.5394897460938,41000,0.0,0.0
2018-03-05 00:00:00+09:00,857.7333567356419,874.5699984163851,857.7333567356419,865.21630859375,41000,0.0,0.0
2018-03-06 00:00:00+09:00,866.1516863981033,876.4407453078,866.1516863981033,874.5700073242188,38400,0.0,0.0
2018-03-07 00:00:00+09:00,872.6992832119182,882.9883422851562,871.7639142052602,882.9883422851562,43700,0.0,0.0
2018-03-08 00:00:00+09:00,883.9236303476188,884.8589992686215,872.6992032955854,875.5053100585938,20100,0.0,0.0
2018-03-09 00:00:00+09:00,872.6992868838103,878.3115009473718,859.6041207355001,860.5394897460938,47200,0.0,0.0
2018-03-12 00:00:00+09:00,864.2809396114865,868.0224155405406,860.5394636824324,865.21630859375,23400,0.0,0.0
2018-03-13 00:00:00+09:00,866.1515955017933,882.0528666935109,865.2162266081629,880.18212890625,40100,0.0,0.0
2018-03-14 00:00:00+09:00,880.18212890625,882.0528666935109,876.4406533317282,880.18212890625,21500,0.0,0.0
2018-03-15 00:00:00+09:00,882.052938280522,882.052938280522,871.7638796155319,878.3114624023438,31000,0.0,0.0
2018-03-16 00:00:00+09:00,877.376063437835,879.246801312969,872.69921875,872.69921875,21200,0.0,0.0
2018-03-19 00:00:00+09:00,869.8931884765625,873.6346645560316,863.3456053374916,869.8931884765625,28300,0.0,0.0
2018-03-20 00:00:00+09:00,869.8931170942446,871.7638549804688,866.1516413217962,871.7638549804688,14700,0.0,0.0
2018-03-21 00:00:00+09:00,871.7638549804688,871.7638549804688,871.7638549804688,871.7638549804688,0,0.0,0.0
2018-03-22 00:00:00+09:00,869.893132631694,870.828501591513,866.1516567924178,868.957763671875,13500,0.0,0.0
2018-03-23 00:00:00+09:00,861.4747934876495,864.2809003068276,849.3149972712115,850.2503662109375,45000,0.0,0.0
2018-03-26 00:00:00+09:00,844.6381372150622,853.0564575195312,843.7027682923434,853.0564575195312,42600,0.0,0.0
2018-03-27 00:00:00+09:00,858.6687602381552,869.8931884765625,858.6687602381552,869.8931884765625,35700,0.0,0.0
2018-03-28 00:00:00+09:00,861.4748414391503,880.1822212749624,861.4748414391503,874.5700073242188,38200,0.0,0.0
2018-03-29 00:00:00+09:00,879.2468274872878,880.1821964526998,862.4101861098717,868.0223999023438,33700,0.0,0.0
2018-03-30 00:00:00+09:00,873.634587687567,876.440694500268,867.0870051245981,872.69921875,21900,0.0,0.0
2018-04-02 00:00:00+09:00,871.7638757639918,873.6346136948158,867.0870309369317,868.0223999023438,26600,0.0,0.0
2018-04-03 00:00:00+09:00,862.4101451645549,887.6651060316298,860.5394073225494,875.5053100585938,104400,0.0,0.0
2018-04-04 00:00:00+09:00,888.6005816763186,915.72628364328,887.6652126429751,911.0494384765625,224900,0.0,0.0
2018-04-05 00:00:00+09:00,911.9847205126006,916.6615652331781,911.0493515684851,915.7261962890625,111700,0.0,0.0
2018-04-06 00:00:00+09:00,914.790872670968,923.2091935851181,904.5018137758958,918.5323486328125,131700,0.0,0.0
2018-04-09 00:00:00+09:00,916.6615241300975,923.2091064453125,904.5017284018412,923.2091064453125,66700,0.0,0.0
2018-04-10 00:00:00+09:00,921.3384643677742,930.6921543613557,919.4677263690579,927.8860473632812,116900,0.0,0.0
2018-04-11 00:00:00+09:00,930.6921282646769,932.5628662109375,925.0799144258949,932.5628662109375,92000,0.0,0.0
2018-04-12 00:00:00+09:00,931.627481689453,935.3689575195312,929.756743774414,935.3689575195312,85100,0.0,0.0
2018-04-13 00:00:00+09:00,935.3689627127128,935.3689627127128,918.5323213838839,934.43359375,69400,0.0,0.0
2018-04-16 00:00:00+09:00,930.6921127319335,935.3689575195312,925.0798989868164,935.3689575195312,66100,0.0,0.0
2018-04-17 00:00:00+09:00,935.3689409829126,949.3994750976562,934.4335720419297,949.3994750976562,127800,0.0,0.0
2018-04-18 00:00:00+09:00,952.2055987548828,965.3007641601562,934.4335885620117,935.3689575195312,138000,0.0,0.0
2018-04-19 00:00:00+09:00,934.4335897963057,934.4335897963057,919.4676864562248,924.14453125,67900,0.0,0.0
2018-04-20 00:00:00+09:00,930.6920666878949,949.3994449127772,926.9505910429184,943.7872314453125,66200,0.0,0.0
2018-04-23 00:00:00+09:00,943.7872665977102,951.2702181663739,941.9165287055442,948.464111328125,35200,0.0,0.0
2018-04-24 00:00:00+09:00,954.076314610759,958.7531592902236,940.9811495082585,950.3348388671875,70400,0.0,0.0
2018-04-25 00:00:00+09:00,940.0457602108227,956.8824006922105,935.3689156326593,954.0762939453125,86300,0.0,0.0
2018-04-26 00:00:00+09:00,954.0763794064173,963.4300694005979,952.2056414075812,960.6239624023438,72900,0.0,0.0
2018-04-27 00:00:00+09:00,965.3007502032152,972.7837017551782,963.4300123152245,970.9129638671875,72600,0.0,0.0
2018-04-30 00:00:00+09:00,970.9129638671875,970.9129638671875,970.9129638671875,970.9129638671875,0,0.0,0.0
2018-05-01 00:00:00+09:00,972.7837524414062,980.2667043832632,970.913014455942,972.7837524414062,82000,0.0,0.0
2018-05-02 00:00:00+09:00,977.4606355031332,990.5558019117875,977.4606355031332,987.7496948242188,122900,0.0,0.0
2018-05-03 00:00:00+09:00,987.7496948242188,987.7496948242188,987.7496948242188,987.7496948242188,0,0.0,0.0
2018-05-04 00:00:00+09:00,987.7496948242188,987.7496948242188,987.7496948242188,987.7496948242188,0,0.0,0.0
2018-05-07 00:00:00+09:00,989.6202849335091,995.2324982696159,986.8141782654557,992.4263916015625,71900,0.0,0.0
2018-05-08 00:00:00+09:00,990.5557106236049,994.2971863955543,979.3312833077567,982.1373901367188,75300,0.0,0.0
2018-05-09 00:00:00+09:00,982.1374174932312,984.9435244003546,965.3007760504901,966.2361450195312,64400,0.0,0.0
2018-05-10 00:00:00+09:00,966.2360639172066,968.106801698266,955.9470061213796,958.7531127929688,35500,0.0,0.0
2018-05-11 00:00:00+09:00,958.7532155984974,962.4946915618086,946.593418717736,951.270263671875,50600,0.0,0.0
2018-05-14 00:00:00+09:00,951.2702517726834,967.1715244178513,950.334882793556,964.3654174804688,51500,0.0,0.0
2018-05-15 00:00:00+09:00,968.1068790682142,968.1068790682142,955.9470825195312,955.9470825195312,39600,0.0,0.0
2018-05-16 00:00:00+09:00,956.8823750119093,963.4299572456174,955.0116372308498,958.7531127929688,37500,0.0,0.0
2018-05-17 00:00:00+09:00,959.6885074391084,961.5592452703738,951.2701871984145,954.0762939453125,36400,0.0,0.0
2018-05-18 00:00:00+09:00,958.7532244035076,962.4947004011798,949.399534409327,960.6239624023438,36300,0.0,0.0
2018-05-21 00:00:00+09:00,963.4300641605363,966.236171143528,957.8178501945525,961.559326171875,25200,0.0,0.0
2018-05-22 00:00:00+09:00,962.4946652765144,963.4300342417977,955.011713554248,955.9470825195312,27100,0.0,0.0
2018-05-23 00:00:00+09:00,950.334863567632,956.8824462890625,941.9165429257928,956.8824462890625,37900,0.0,0.0
2018-05-24 00:00:00+09:00,960.6239312052842,967.1715139885723,958.7531932672018,966.2361450195312,30100,0.0,0.0
2018-05-25 00:00:00+09:00,966.2361398250499,969.9776156811005,963.4300329330121,967.1715087890625,25400,0.0,0.0
2018-05-28 00:00:00+09:00,968.1068829576135,968.1068829576135,956.8824553291195,966.2361450195312,20000,0.0,0.0
2018-05-29 00:00:00+09:00,968.1068933969788,968.1068933969788,956.8824656474486,964.3654174804688,24000,0.0,0.0
2018-05-30 00:00:00+09:00,957.8178554040895,960.6239624023438,950.334903408745,960.6239624023438,30400,0.0,0.0
2018-05-31 00:00:00+09:00,960.6239483126957,960.6239483126957,948.4641514986109,952.2056274414062,24600,0.0,0.0
2018-06-01 00:00:00+09:00,949.3994750976562,954.0763198025708,944.7226303927417,949.3994750976562,30200,0.0,0.0
2018-06-04 00:00:00+09:00,948.4641546790509,948.4641546790509,928.8214059135084,929.7567749023438,74600,0.0,0.0
2018-06-05 00:00:00+09:00,928.8214022538426,928.8214022538426,916.661605446894,919.4677124023438,54600,0.0,0.0
2018-06-06 00:00:00+09:00,921.3384643677742,928.8214163626394,915.7262503716254,927.8860473632812,41300,0.0,0.0
2018-06-07 00:00:00+09:00,930.6921320112925,943.7872976878333,926.9506561037094,942.8519287109375,47500,0.0,0.0
2018-06-08 00:00:00+09:00,941.9164684546922,947.5286817721977,936.3042551371866,937.2396240234375,38400,0.0,0.0
2018-06-11 00:00:00+09:00,942.8518925107759,950.3348440386392,937.2396788648784,949.3994750976562,29200,0.0,0.0
2018-06-12 00:00:00+09:00,949.3995049277669,957.8178256611166,948.4641359573947,955.01171875,40800,0.0,0.0
2018-06-13 00:00:00+09:00,955.947126015173,971.8483991484977,955.947126015173,969.9776611328125,48200,0.0,0.0
2018-06-14 00:00:00+09:00,969.0421705887957,969.0421705887957,952.2055305592606,958.7531127929688,32900,0.0,0.0
2018-06-15 00:00:00+09:00,958.7531385234759,965.3007209329045,950.3348182827818,954.0762939453125,51500,0.0,0.0
2018-06-18 00:00:00+09:00,954.0762998851787,955.9470377280908,939.1103971418818,941.91650390625,43300,0.0,0.0
2018-06-19 00:00:00+09:00,947.52880859375,949.3995466166399,941.9165945250802,947.52880859375,27500,0.0,0.0
2018-06-20 00:00:00+09:00,949.3994188215765,959.6884765625,944.7225743938841,959.6884765625,30000,0.0,0.0
2018-06-21 00:00:00+09:00,959.6885074391084,967.1714587641698,952.2055561140472,954.0762939453125,29500,0.0,0.0
2018-06-22 00:00:00+09:00,954.076314610759,960.6238971620094,949.3994699312946,950.3348388671875,83400,0.0,0.0
2018-06-25 00:00:00+09:00,944.7225493935538,958.7530823053393,944.7225493935538,953.140869140625,36700,0.0,0.0
2018-06-26 00:00:00+09:00,946.5933915807847,968.1068777530752,940.0458088326963,967.1715087890625,76500,0.0,0.0
2018-06-27 00:00:00+09:00,1023.2936413777293,1071.9328272567438,983.0727761316211,1012.0692138671875,577600,0.0,0.0
2018-06-28 00:00:00+09:00,1010.1985229605954,1012.0692609660779,990.5557739030282,1003.6509399414062,118900,0.0,0.0
2018-06-29 00:00:00+09:00,1003.6509049090553,1010.1984876997016,988.6850013875783,998.9740600585938,82700,0.0,0.0
2018-07-02 00:00:00+09:00,1000.8447669116256,1027.0350972607148,1000.8447669116256,1004.5862426757812,87900,0.0,0.0
2018-07-03 00:00:00+09:00,1018.6167619732064,1018.6167619732064,991.4910630776848,996.1679077148438,82300,0.0,0.0
2018-07-04 00:00:00+09:00,995.2326189167346,1013.0046299688192,994.2972499139934,1003.6509399414062,61100,0.0,0.0
2018-07-05 00:00:00+09:00,1003.6508030184322,1008.3276473941005,982.1373188903576,984.008056640625,43600,0.0,0.0
2018-07-06 00:00:00+09:00,984.0081668016387,1010.1984982374238,984.0081668016387,997.1033325195312,67700,0.0,0.0
2018-07-09 00:00:00+09:00,1000.8447927933524,1007.3923755499444,996.1679479672152,999.909423828125,24800,0.0,0.0
2018-07-10 00:00:00+09:00,1004.586156300911,1004.586156300911,986.8141479492188,986.8141479492188,33600,0.0,0.0
2018-07-11 00:00:00+09:00,986.8142348516554,992.4264485095796,982.1373901367188,982.1373901367188,35300,0.0,0.0
2018-07-12 00:00:00+09:00,983.0727917575098,985.8788986797481,963.4300433018411,965.30078125,42600,0.0,0.0
2018-07-13 00:00:00+09:00,985.8788842317099,1004.5862634391427,974.6544567072502,1000.8447875976562,86700,0.0,0.0
2018-07-16 00:00:00+09:00,1000.8447875976561,1000.8447875976561,1000.8447875976561,1000.8447875976562,0,0.0,0.0
2018-07-17 00:00:00+09:00,994.2971843243533,1009.2630873809758,986.8142327960421,1004.5862426757812,47900,0.0,0.0
2018-07-18 00:00:00+09:00,1003.6508634205645,1014.8752905976817,996.167911969153,1006.4569702148438,43500,0.0,0.0
2018-07-19 00:00:00+09:00,1009.2630316098831,1012.0691382779365,986.8141782654557,992.4263916015625,40600,0.0,0.0
2018-07-20 00:00:00+09:00,991.4911499023438,998.0387329677366,984.0081978276091,991.4911499023438,27000,0.0,0.0
2018-07-23 00:00:00+09:00,994.2971985483214,1013.9399465911386,993.3618295939015,1013.0045776367188,67700,0.0,0.0
2018-07-24 00:00:00+09:00,1013.939886012999,1028.9057883895746,1000.8447214334954,1001.7800903320312,62900,0.0,0.0
2018-07-25 00:00:00+09:00,1005.5216779468889,1017.6814749825256,1000.8448329331824,1003.6509399414062,37000,0.0,0.0
2018-07-26 00:00:00+09:00,1010.1984759487639,1013.0045828263993,1006.4570001119166,1012.0692138671875,38500,0.0,0.0
2018-07-27 00:00:00+09:00,1007.3924538688555,1022.3583584760065,1007.3924538688555,1018.6168823242188,50900,0.0,0.0
2018-07-30 00:00:00+09:00,1027.0349984958589,1027.0349984958589,1010.1983591762546,1011.1337280273438,73300,0.0,0.0
2018-07-31 00:00:00+09:00,1011.1338591046774,1026.0997626621934,1005.5216452706089,1020.487548828125,82600,0.0,0.0
2018-08-01 00:00:00+09:00,1027.0352143092011,1027.9705833568416,1013.0046785945946,1016.7461547851562,243000,0.0,0.0
2018-08-02 00:00:00+09:00,1014.8752915231805,1025.1643497782543,993.3618060807537,995.2325439453125,279400,0.0,0.0
2018-08-03 00:00:00+09:00,998.0387171891537,1005.521669145586,992.4265032218295,994.2972412109375,94700,0.0,0.0
2018-08-06 00:00:00+09:00,994.2972569303693,1000.8448399957621,991.4911499023438,991.4911499023438,107000,0.0,0.0
2018-08-07 00:00:00+09:00,994.2971142670954,995.2324831422291,976.5251056395556,984.008056640625,124700,0.0,0.0
2018-08-08 00:00:00+09:00,982.137373803367,1003.6508591342979,981.2020048759352,996.1679077148438,139900,0.0,0.0
2018-08-09 00:00:00+09:00,996.1680160869251,996.1680160869251,986.8143257950292,987.7496948242188,68000,0.0,0.0
2018-08-10 00:00:00+09:00,987.7496037946429,991.4910795665922,977.460545421782,982.1373901367188,125300,0.0,0.0
2018-08-13 00:00:00+09:00,974.654481521162,977.4605884737181,956.8824708216398,963.4300537109375,161100,0.0,0.0
2018-08-14 00:00:00+09:00,960.6238198519884,991.4909922522957,957.8177132701422,986.8141479492188,267500,0.0,0.0
2018-08-15 00:00:00+09:00,992.4265032218295,1005.521669145586,987.7496582490593,994.2972412109375,243700,0.0,0.0
2018-08-16 00:00:00+09:00,977.3006481260766,981.0776554618295,957.4713596133736,959.35986328125,441900,10.0,0.0
2018-08-17 00:00:00+09:00,957.4714233398438,983.9104764498197,953.6944157527043,982.02197265625,103100,0.0,0.0
2018-08-20 00:00:00+09:00,974.4679867043105,982.0220021051192,965.0254674532998,970.6909790039062,100500,0.0,0.0
2018-08-21 00:00:00+09:00,968.8023566479952,969.7466084575937,948.973068646428,950.861572265625,95300,0.0,0.0
2018-08-22 00:00:00+09:00,945.1961152449898,956.527137605569,945.1961152449898,955.5828857421875,51600,0.0,0.0
2018-08-23 00:00:00+09:00,955.5828667534722,985.79892578125,955.5828667534722,977.3006591796875,63900,0.0,0.0
2018-08-24 00:00:00+09:00,977.3007588743477,984.8547744018789,975.4122549924649,983.9105224609375,45800,0.0,0.0
2018-08-27 00:00:00+09:00,983.9104247814581,993.3529432534491,979.1891655454626,992.40869140625,80600,0.0,0.0
2018-08-28 00:00:00+09:00,999.9626297909989,999.9626297909989,984.8546013900018,994.297119140625,128900,0.0,0.0
2018-08-29 00:00:00+09:00,991.464363815438,995.2413709156873,981.0775942897525,994.297119140625,94800,0.0,0.0
2018-08-30 00:00:00+09:00,994.2971719796317,994.2971719796317,983.9104019019718,991.4644165039062,40400,0.0,0.0
2018-08-31 00:00:00+09:00,987.6874433117378,993.3529544588414,967.858154296875,967.858154296875,67900,0.0,0.0
2018-09-03 00:00:00+09:00,960.3040854061352,968.8023516486674,956.527078187232,963.1368408203125,34100,0.0,0.0
2018-09-04 00:00:00+09:00,963.1369099099616,967.8581692722653,956.5271468027363,965.9696655273438,25400,0.0,0.0
2018-09-05 00:00:00+09:00,959.359909327419,966.9139243614932,956.5271536896412,961.2484130859375,37800,0.0,0.0
2018-09-06 00:00:00+09:00,954.6386041115588,961.2483669491265,945.1960857721764,959.35986328125,48100,0.0,0.0
2018-09-07 00:00:00+09:00,950.8615804842203,956.5270913907797,945.1960695776609,953.6943359375,36500,0.0,0.0
2018-09-10 00:00:00+09:00,961.2484050280942,961.2484050280942,953.6943900573431,958.4156494140625,34000,0.0,0.0
2018-09-11 00:00:00+09:00,955.5828746876505,981.0776747040206,951.8058672778179,980.1334228515625,70200,0.0,0.0
2018-09-12 00:00:00+09:00,979.1891670302291,979.1891670302291,948.9731078740407,957.4713745117188,37700,0.0,0.0
2018-09-13 00:00:00+09:00,954.6386270438676,966.913901179941,954.6386270438676,960.3041381835938,26100,0.0,0.0
2018-09-14 00:00:00+09:00,960.3041531567503,974.467931226909,954.638641928687,958.4156494140625,56000,0.0,0.0
2018-09-17 00:00:00+09:00,958.4156494140625,958.4156494140625,958.4156494140625,958.4156494140625,0,0.0,0.0
2018-09-18 00:00:00+09:00,958.415618202217,959.3598700428103,945.1960924339105,954.6386108398438,59100,0.0,0.0
2018-09-19 00:00:00+09:00,954.6386041115588,965.9696261188177,948.9730931079293,959.35986328125,77800,0.0,0.0
2018-09-20 00:00:00+09:00,953.6944079789959,984.8547203189037,938.586377753586,979.189208984375,148700,0.0,0.0
2018-09-21 00:00:00+09:00,982.0218232013426,995.2413477444377,970.6908021644041,993.3528442382812,89200,0.0,0.0
2018-09-24 00:00:00+09:00,993.3528442382812,993.3528442382812,993.3528442382812,993.3528442382812,0,0.0,0.0
2018-09-25 00:00:00+09:00,991.4645479250087,1016.9593505859375,985.7990362225801,1016.9593505859375,129100,0.0,0.0
2018-09-26 00:00:00+09:00,1016.9593062781063,1032.067336826342,1004.6840314576649,1030.1788330078125,138100,0.0,0.0
2018-09-27 00:00:00+09:00,1029.234578526791,1029.234578526791,1002.7955251334422,1007.5167846679688,59500,0.0,0.0
2018-09-28 00:00:00+09:00,1007.5166938845852,1023.5689748555673,1006.5724420627627,1011.293701171875,132000,0.0,0.0
2018-10-01 00:00:00+09:00,1009.4052573605069,1009.4052573605069,995.2414791936147,1003.73974609375,63100,0.0,0.0
2018-10-02 00:00:00+09:00,992.4087998754135,1025.4576181395803,965.9697452640798,1016.9593505859375,159400,0.0,0.0
2018-10-03 00:00:00+09:00,1038.6770276271147,1073.6143458291178,969.7466430664062,969.7466430664062,441700,0.0,0.0
2018-10-04 00:00:00+09:00,963.1368871745458,973.5236575264281,911.203035415134,922.5340576171875,377400,0.0,0.0
2018-10-05 00:00:00+09:00,916.8685601913941,925.3668269696872,902.7047822275723,913.091552734375,164100,0.0,0.0
2018-10-08 00:00:00+09:00,913.091552734375,913.091552734375,913.091552734375,913.091552734375,0,0.0,0.0
2018-10-09 00:00:00+09:00,913.0915777314968,932.920867423701,909.3145701710771,929.1438598632812,87300,0.0,0.0
2018-10-10 00:00:00+09:00,928.199552274757,936.6978187757467,914.0357747731076,916.8685302734375,67400,0.0,0.0
2018-10-11 00:00:00+09:00,906.4818115234375,911.2030709584554,897.9835445404053,906.4818115234375,87600,0.0,0.0
2018-10-12 00:00:00+09:00,901.76056614926,901.76056614926,892.3180471319902,897.039306640625,73400,0.0,0.0
2018-10-15 00:00:00+09:00,899.87197632744,902.7047317618392,887.5967027783774,888.5409545898438,60600,0.0,0.0
2018-10-16 00:00:00+09:00,888.5409844234633,894.2064954824865,882.8754733644402,884.7639770507812,51600,0.0,0.0
2018-10-17 00:00:00+09:00,893.2622920330906,910.2588261309719,891.3737882444372,901.7605590820312,78400,0.0,0.0
2018-10-18 00:00:00+09:00,905.53759765625,917.812872702685,901.7605899496546,905.53759765625,68300,0.0,0.0
2018-10-19 00:00:00+09:00,897.0392630802645,912.147292774248,894.2065075126426,910.2587890625,38500,0.0,0.0
2018-10-22 00:00:00+09:00,906.4817965501559,913.0915596500008,894.2065222218725,908.3703002929688,42700,0.0,0.0
2018-10-23 00:00:00+09:00,890.4295018925508,895.1507611814826,874.3772203101825,875.3214721679688,110600,0.0,0.0
2018-10-24 00:00:00+09:00,873.4329127362851,905.5374738530783,873.4329127362851,897.9834594726562,84500,0.0,0.0
2018-10-25 00:00:00+09:00,879.0984795991143,887.5967463191917,873.432968452396,875.3214721679688,61700,0.0,0.0
2018-10-26 00:00:00+09:00,888.5409968960403,888.5409968960403,864.9347004854121,867.7674560546875,70400,0.0,0.0
2018-10-29 00:00:00+09:00,865.8789360656403,874.3772026137219,860.213425033586,862.1019287109375,41300,0.0,0.0
2018-10-30 00:00:00+09:00,862.1019394510294,881.9312283102535,862.1019394510294,880.042724609375,85600,0.0,0.0
2018-10-31 00:00:00+09:00,880.0427178349286,889.4852362666338,879.0984659917581,884.7639770507812,50200,0.0,0.0
2018-11-01 00:00:00+09:00,886.6525038208789,895.1507706306636,882.8754963498634,885.708251953125,50100,0.0,0.0
2018-11-02 00:00:00+09:00,881.9312133789062,888.5409762200758,879.0984578755479,881.9312133789062,54300,0.0,0.0
2018-11-05 00:00:00+09:00,880.9869466928335,895.1507239708534,880.9869466928335,883.8197021484375,51700,0.0,0.0
2018-11-06 00:00:00+09:00,886.6524969527729,894.2065118362896,886.6524969527729,890.4295043945312,30800,0.0,0.0
2018-11-07 00:00:00+09:00,894.206504982735,905.5375272211646,890.4294975699252,895.1507568359375,40900,0.0,0.0
2018-11-08 00:00:00+09:00,897.9835055852611,903.6490166615089,897.9835055852611,899.8720092773438,26500,0.0,0.0
2018-11-09 00:00:00+09:00,899.8720323094782,904.5932916605248,897.9835285690596,900.8162841796875,24300,0.0,0.0
2018-11-12 00:00:00+09:00,900.8162083326523,904.5932154954726,898.9277047512421,902.7047119140625,29500,0.0,0.0
2018-11-13 00:00:00+09:00,896.0950224984175,896.0950224984175,876.2657332755864,885.708251953125,60400,0.0,0.0
2018-11-14 00:00:00+09:00,890.4295101042717,891.3737619707662,877.2099839733494,878.1542358398438,35800,0.0,0.0
2018-11-15 00:00:00+09:00,879.0984877063382,882.875495172316,870.6002209078881,878.1542358398438,32200,0.0,0.0
2018-11-16 00:00:00+09:00,877.2099690580573,883.8197320111319,876.265717207618,880.042724609375,26000,0.0,0.0
2018-11-19 00:00:00+09:00,873.4329765073716,885.7082507717994,873.4329765073716,878.1542358398438,36800,0.0,0.0
2018-11-20 00:00:00+09:00,877.2099839733494,882.875495172316,871.5444727743826,878.1542358398438,34800,0.0,0.0
2018-11-21 00:00:00+09:00,868.7116997731305,868.7116997731305,862.101936840074,864.9346923828125,42500,0.0,0.0
2018-11-22 00:00:00+09:00,864.9347017323187,877.2099758835416,856.4364350122413,875.3214721679688,45200,0.0,0.0
2018-11-23 00:00:00+09:00,875.3214721679688,875.3214721679688,875.3214721679688,875.3214721679688,0,0.0,0.0
2018-11-26 00:00:00+09:00,878.1542031281914,882.8754622847946,865.8789293210232,866.8231811523438,38100,0.0,0.0
2018-11-27 00:00:00+09:00,868.7117320093615,882.8755102486447,867.7674801267427,876.2657470703125,51000,0.0,0.0
2018-11-28 00:00:00+09:00,880.0427576914554,898.9277954101562,880.0427576914554,898.9277954101562,58100,0.0,0.0
2018-11-29 00:00:00+09:00,905.5375272211646,905.5375272211646,888.5409938635203,895.1507568359375,38500,0.0,0.0
2018-11-30 00:00:00+09:00,895.1507868362685,900.8162981453588,882.8755123332395,891.373779296875,33000,0.0,0.0
2018-12-03 00:00:00+09:00,889.4852525340916,892.3180081154104,878.1542302088166,890.4295043945312,30300,0.0,0.0
2018-12-04 00:00:00+09:00,889.4852182506094,891.3737218986998,868.7116781216142,871.54443359375,47400,0.0,0.0
2018-12-05 00:00:00+09:00,867.7674573056778,878.1542277413279,864.9347017323187,875.3214721679688,26800,0.0,0.0
2018-12-06 00:00:00+09:00,873.4329521850188,873.4329521850188,864.9346856232187,869.6559448242188,29600,0.0,0.0
2018-12-07 00:00:00+09:00,868.7117171748993,880.9869914393272,865.8789615754158,878.1542358398438,28300,0.0,0.0
2018-12-10 00:00:00+09:00,876.2657530737705,876.2657530737705,863.0462266265368,863.990478515625,31000,0.0,0.0
2018-12-11 00:00:00+09:00,873.4329341396344,873.4329341396344,856.4364013671875,856.4364013671875,40800,0.0,0.0
2018-12-12 00:00:00+09:00,859.2691501818205,863.9904092487535,856.4363947416606,861.1576538085938,24700,0.0,0.0
2018-12-13 00:00:00+09:00,861.1576782624186,869.6559448242188,859.2691745820185,869.6559448242188,35300,0.0,0.0
2018-12-14 00:00:00+09:00,870.600195259019,870.600195259019,859.2691731949103,862.1019287109375,46400,0.0,0.0
2018-12-17 00:00:00+09:00,857.3805984530903,860.213353734323,850.7708361302141,851.715087890625,38200,0.0,0.0
2018-12-18 00:00:00+09:00,850.7708489798644,851.7151007545368,840.3840794584676,842.2725830078125,60900,0.0,0.0
2018-12-19 00:00:00+09:00,840.384138978984,840.384138978984,832.8301242465886,834.7186279296875,46500,0.0,0.0
2018-12-20 00:00:00+09:00,830.9416778994279,830.9416778994279,804.5026245117188,804.5026245117188,60600,0.0,0.0
2018-12-21 00:00:00+09:00,800.725581150429,800.725581150429,770.509521484375,770.509521484375,75100,0.0,0.0
2018-12-24 00:00:00+09:00,770.509521484375,770.509521484375,770.509521484375,770.509521484375,0,0.0,0.0
2018-12-25 00:00:00+09:00,755.4014225596005,755.4014225596005,725.1853656572165,732.7393798828125,95000,0.0,0.0
2018-12-26 00:00:00+09:00,727.0739203559028,775.2307644314236,726.1296685112848,764.843994140625,65000,0.0,0.0
2018-12-27 00:00:00+09:00,802.6140987942465,813.0008694845251,786.5618168183616,811.1123657226562,44400,0.0,0.0
2018-12-28 00:00:00+09:00,809.2238294653233,811.1123331513568,792.2272962910225,799.7813110351562,50500,0.0,0.0
2018-12-31 00:00:00+09:00,799.7813110351562,799.7813110351562,799.7813110351562,799.7813110351562,0,0.0,0.0
2019-01-04 00:00:00+09:00,760.122767804617,788.4503243687641,755.401508377259,783.7290649414062,131400,0.0,0.0
2019-01-07 00:00:00+09:00,800.7255917851796,800.7255917851796,783.7290579972866,788.4503173828125,72200,0.0,0.0
2019-01-08 00:00:00+09:00,791.2830200195312,797.8927827165918,786.5617609502023,791.2830200195312,41400,0.0,0.0
2019-01-09 00:00:00+09:00,793.171587809056,826.2204039677666,793.171587809056,813.9451293945312,60300,0.0,0.0
2019-01-10 00:00:00+09:00,813.9451373679101,820.5549006644012,797.8928550764316,816.7778930664062,61700,0.0,0.0
2019-01-11 00:00:00+09:00,813.0008450855928,814.8893487907858,800.7255710018383,802.6140747070312,78100,0.0,0.0
2019-01-15 00:00:00+09:00,808.279500974338,829.997291304256,807.3352492208633,829.0530395507812,66300,0.0,0.0
2019-01-16 00:00:00+09:00,819.6106696412003,820.5549215647501,795.0601196289062,795.0601196289062,112100,0.0,0.0
2019-01-17 00:00:00+09:00,798.837027878948,809.2237977449863,789.3945098189131,796.0042724609375,47200,0.0,0.0
2019-01-18 00:00:00+09:00,792.2273098707484,801.6698284627715,789.3945542931414,790.3388061523438,34600,0.0,0.0
2019-01-21 00:00:00+09:00,792.2272881964371,798.8370510300189,789.3945326963308,796.9485473632812,43900,0.0,0.0
2019-01-22 00:00:00+09:00,797.892769507642,803.5582802970455,794.1157623147064,800.7255249023438,27400,0.0,0.0
2019-01-23 00:00:00+09:00,801.6698830937547,801.6698830937547,789.3946080876077,795.0601196289062,36300,0.0,0.0
2019-01-24 00:00:00+09:00,795.0600436965436,804.5025620302318,791.2830363630684,796.9485473632812,33900,0.0,0.0
2019-01-25 00:00:00+09:00,795.060037026557,811.1123180591596,793.1715333756625,801.6697998046875,28800,0.0,0.0
2019-01-28 00:00:00+09:00,800.7255917851796,800.7255917851796,787.5060655057073,788.4503173828125,42200,0.0,0.0
2019-01-29 00:00:00+09:00,787.5059980119978,794.11576058524,785.6174944196429,793.1715087890625,32800,0.0,0.0
2019-01-30 00:00:00+09:00,794.1158428030303,795.0600946969697,779.0078125,779.0078125,52800,0.0,0.0
2019-01-31 00:00:00+09:00,784.6732924876056,788.4502999123354,775.2307739257812,775.2307739257812,52100,0.0,0.0
2019-02-01 00:00:00+09:00,775.2308342852715,778.0635900743773,766.7325669179543,767.6768188476562,32000,0.0,0.0
2019-02-04 00:00:00+09:00,773.3422567319353,786.5617824880368,772.3980048922139,784.6732788085938,42100,0.0,0.0
2019-02-05 00:00:00+09:00,784.6732325720701,785.617484356152,779.9519736516605,782.7847290039062,26400,0.0,0.0
2019-02-06 00:00:00+09:00,779.9519549223543,783.7289619679831,769.565185546875,769.565185546875,54700,0.0,0.0
2019-02-07 00:00:00+09:00,769.5652383888884,770.5094902151324,761.066971952692,766.7324829101562,33600,0.0,0.0
2019-02-08 00:00:00+09:00,759.178466796875,764.8439777431203,755.4014594993781,759.178466796875,42100,0.0,0.0
2019-02-12 00:00:00+09:00,758.2341984722549,762.9554574913847,753.512939453125,753.512939453125,69100,0.0,0.0
2019-02-13 00:00:00+09:00,753.5129476825842,759.1784585674156,753.5129476825842,756.345703125,53600,0.0,0.0
2019-02-14 00:00:00+09:00,760.1227948195916,763.8998024957139,755.4015352244389,757.2900390625,35400,0.0,0.0
2019-02-15 00:00:00+09:00,756.3457180209393,758.2342216864098,751.624458857263,754.4572143554688,116100,0.0,0.0
2019-02-18 00:00:00+09:00,768.8005499588816,768.8005499588816,761.1507932428729,763.063232421875,80300,10.0,0.0
2019-02-19 00:00:00+09:00,764.9757065007716,775.4941224651571,764.9757065007716,774.5379028320312,34800,0.0,0.0
2019-02-20 00:00:00+09:00,776.4503420982832,781.231440263913,771.6692439326533,774.5379028320312,33200,0.0,0.0
2019-02-21 00:00:00+09:00,778.3627192799638,786.9686952916587,778.3627192799638,784.1000366210938,30600,0.0,0.0
2019-02-22 00:00:00+09:00,780.2752256731947,782.1876649518053,770.7130292801407,781.2314453125,33100,0.0,0.0
2019-02-25 00:00:00+09:00,764.0194033998432,771.6691596291282,757.3258666992188,757.3258666992188,159000,0.0,0.0
2019-02-26 00:00:00+09:00,757.3259170649903,757.3259170649903,743.9388427734375,743.9388427734375,101300,0.0,0.0
2019-02-27 00:00:00+09:00,744.8950377635467,752.5447942489233,742.9825986422026,745.8512573242188,99500,0.0,0.0
2019-02-28 00:00:00+09:00,745.8513053136927,756.3697211578601,743.9388660692986,751.588623046875,91300,0.0,0.0
2019-03-01 00:00:00+09:00,752.5447989622951,764.0194337622285,747.7637011289895,762.1069946289062,55800,0.0,0.0
2019-03-04 00:00:00+09:00,764.0194715299232,764.0194715299232,752.5448361627654,754.457275390625,53900,0.0,0.0
2019-03-05 00:00:00+09:00,752.5447695212596,752.5447695212596,745.8512328164961,747.763671875,56900,0.0,0.0
2019-03-06 00:00:00+09:00,746.8074649142236,747.7636844595684,742.0263671875,742.0263671875,74100,0.0,0.0
2019-03-07 00:00:00+09:00,741.0701786343071,741.0701786343071,734.376641536965,737.2453002929688,75300,0.0,0.0
2019-03-08 00:00:00+09:00,732.464173009156,734.3766121031747,721.9457579920532,722.9019775390625,104500,0.0,0.0
2019-03-11 00:00:00+09:00,722.9019831386181,732.4641786827798,722.9019831386181,729.5955200195312,20000,0.0,0.0
2019-03-12 00:00:00+09:00,735.332817994725,749.6761109335038,733.4203789362211,747.763671875,41900,0.0,0.0
2019-03-13 00:00:00+09:00,742.9825930576892,747.7636908251131,737.2452757367804,739.15771484375,15100,0.0,0.0
2019-03-14 00:00:00+09:00,740.1139773037767,740.1139773037767,733.4204400413395,738.2015380859375,19500,0.0,0.0
2019-03-15 00:00:00+09:00,737.2453067302704,743.9388438860575,734.3766479492188,734.3766479492188,46500,0.0,0.0
2019-03-18 00:00:00+09:00,735.3328189399299,738.201477531373,726.7268431656004,728.6392822265625,46200,0.0,0.0
2019-03-19 00:00:00+09:00,729.5955457014345,729.5955457014345,717.1646910564559,718.1209106445312,63600,0.0,0.0
2019-03-20 00:00:00+09:00,719.0771248109879,719.0771248109879,709.5149290023311,711.4273681640625,67500,0.0,0.0
2019-03-22 00:00:00+09:00,714.2960196209079,723.8582153320312,714.2960196209079,723.8582153320312,35200,0.0,0.0
2019-03-25 00:00:00+09:00,714.2960333573191,716.2084725363213,707.6024962308114,708.5587158203125,53100,0.0,0.0
2019-03-26 00:00:00+09:00,705.6899899753398,724.8143799475713,705.6899899753398,720.989501953125,64900,0.0,0.0
2019-03-27 00:00:00+09:00,727.683135269205,734.3766726501306,724.8144763916654,732.4642333984375,49500,0.0,0.0
2019-03-28 00:00:00+09:00,723.8582106306746,723.8582106306746,706.646258462442,707.6024780273438,64000,0.0,0.0
2019-03-29 00:00:00+09:00,707.6024231205479,711.4273010833616,703.777545157734,704.7337646484375,35300,0.0,0.0
2019-04-01 00:00:00+09:00,705.6900623341933,722.9020150740516,705.6900623341933,715.2522583007812,59600,0.0,0.0
2019-04-02 00:00:00+09:00,707.6024231205479,713.3397400647685,703.777545157734,704.7337646484375,61800,0.0,0.0
2019-04-03 00:00:00+09:00,703.7776231408757,716.20847789744,699.9527447542405,715.2522583007812,108000,0.0,0.0
2019-04-04 00:00:00+09:00,714.2960439517798,722.9020203849337,707.6025067259933,721.94580078125,36900,0.0,0.0
2019-04-05 00:00:00+09:00,727.6831467665636,740.1140020989753,727.6831467665636,736.2891235351562,71100,0.0,0.0
2019-04-08 00:00:00+09:00,740.1139165923352,741.0701361228162,726.7268431656004,728.6392822265625,34200,0.0,0.0
2019-04-09 00:00:00+09:00,723.8582478237923,723.8582478237923,709.5149536132812,709.5149536132812,56200,0.0,0.0
2019-04-10 00:00:00+09:00,702.821445694889,714.2960815429688,701.8652260408824,714.2960815429688,30700,0.0,0.0
2019-04-11 00:00:00+09:00,715.2522087998277,729.5955017570435,714.2959892693467,728.6392822265625,44600,0.0,0.0
2019-04-12 00:00:00+09:00,726.7268620829184,731.5079598597797,715.2522274184512,720.0333251953125,47500,0.0,0.0
2019-04-15 00:00:00+09:00,726.7268431656004,729.5955017570435,718.1208673912708,728.6392822265625,51000,0.0,0.0
2019-04-16 00:00:00+09:00,724.8144229721738,725.7706425275461,717.1646665291958,720.0333251953125,36500,0.0,0.0
2019-04-17 00:00:00+09:00,721.9457214517366,722.9019409503481,718.1208434572903,720.989501953125,26600,0.0,0.0
2019-04-18 00:00:00+09:00,722.9019910657728,722.9019910657728,704.7338193326383,707.6024780273438,68900,0.0,0.0
2019-04-19 00:00:00+09:00,709.5149290023311,716.2084660683909,706.6462702597341,711.4273681640625,29700,0.0,0.0
2019-04-22 00:00:00+09:00,714.2960568518441,724.8144726823264,711.4273979889853,716.20849609375,35200,0.0,0.0
2019-04-23 00:00:00+09:00,721.945838775022,721.945838775022,708.5587636189289,714.2960815429688,57600,0.0,0.0
2019-04-24 00:00:00+09:00,715.2522583007812,722.9020150740516,715.2522583007812,715.2522583007812,43600,0.0,0.0
2019-04-25 00:00:00+09:00,717.1646651135997,741.0701539507196,717.1646651135997,739.15771484375,128700,0.0,0.0
2019-04-26 00:00:00+09:00,736.2890860354073,746.8075015501988,729.5955488896309,743.9388427734375,53400,0.0,0.0
2019-05-07 00:00:00+09:00,738.2015071363217,744.8950441181277,732.464189723345,742.9826049804688,67600,0.0,0.0
2019-05-08 00:00:00+09:00,732.4642152075675,742.9826308306526,731.5079956054688,731.5079956054688,81300,0.0,0.0
2019-05-09 00:00:00+09:00,732.4642044656604,732.4642044656604,718.1209106445312,718.1209106445312,64500,0.0,0.0
2019-05-10 00:00:00+09:00,719.0771586365862,739.1577707793632,719.0771586365862,732.4642333984375,55600,0.0,0.0
2019-05-13 00:00:00+09:00,734.3766121031747,736.2890511971933,722.9019775390625,722.9019775390625,49000,0.0,0.0
2019-05-14 00:00:00+09:00,717.1646478607898,728.6392822265625,709.5148916169414,728.6392822265625,41500,0.0,0.0
2019-05-15 00:00:00+09:00,734.3766544117648,734.3766544117648,723.8582387886795,731.5079956054688,35000,0.0,0.0
2019-05-16 00:00:00+09:00,733.42041015625,734.376629726206,724.814434026646,733.42041015625,27100,0.0,0.0
2019-05-17 00:00:00+09:00,736.2890499154317,742.9825867328448,733.4203912793976,742.0263671875,54300,0.0,0.0
2019-05-20 00:00:00+09:00,746.8075068577081,751.5886048529558,744.8950676596089,750.6323852539062,46200,0.0,0.0
2019-05-21 00:00:00+09:00,745.8513001820241,749.6761786444961,740.1139824883163,744.8950805664062,32000,0.0,0.0
2019-05-22 00:00:00+09:00,748.7199407347064,749.6761603269601,743.9388427734375,743.9388427734375,26500,0.0,0.0
2019-05-23 00:00:00+09:00,745.851263686957,755.4134593752514,742.9826049804688,742.9826049804688,66900,0.0,0.0
2019-05-24 00:00:00+09:00,743.9388660692986,754.4572819134661,743.9388660692986,751.588623046875,38400,0.0,0.0
2019-05-27 00:00:00+09:00,751.5885683257004,753.5010074308549,746.8074705628143,748.7199096679688,26000,0.0,0.0
2019-05-28 00:00:00+09:00,752.5447690559156,762.1069643425219,752.5447690559156,757.3258666992188,44300,0.0,0.0
2019-05-29 00:00:00+09:00,669.353704169245,685.6094369847839,664.5726062823219,676.0472412109375,464500,0.0,0.0
2019-05-30 00:00:00+09:00,668.3974301634717,683.6969421557686,667.4412106639531,682.74072265625,181000,0.0,0.0
2019-05-31 00:00:00+09:00,678.9159496410473,683.6970478779562,671.2661924619932,672.222412109375,107300,0.0,0.0
2019-06-03 00:00:00+09:00,669.3537259172198,669.3537259172198,644.4920160974373,648.31689453125,171800,0.0,0.0
2019-06-04 00:00:00+09:00,651.1854734927031,668.3974243339198,651.1854734927031,666.4849853515625,76700,0.0,0.0
2019-06-05 00:00:00+09:00,673.1785698632539,682.7407654579024,671.2661307443242,681.7845458984375,62400,0.0,0.0
2019-06-06 00:00:00+09:00,684.653215536881,703.7776070323247,684.653215536881,695.171630859375,102600,0.0,0.0
2019-06-07 00:00:00+09:00,698.0403025041176,699.9527416890603,687.5218869869321,689.434326171875,52900,0.0,0.0
2019-06-10 00:00:00+09:00,697.0840700089194,705.690046181869,689.434313410742,695.171630859375,77500,0.0,0.0
2019-06-11 00:00:00+09:00,693.2591672460402,700.9089235742723,685.6094109178081,697.0840454101562,87300,0.0,0.0
2019-06-12 00:00:00+09:00,690.390520415885,706.6462528910513,690.390520415885,700.908935546875,73200,0.0,0.0
2019-06-13 00:00:00+09:00,699.9527034527233,710.4711183953189,698.9964839124873,706.646240234375,75600,0.0,0.0
2019-06-14 00:00:00+09:00,716.2084420245627,716.2084420245627,700.9089292443317,703.777587890625,111800,0.0,0.0
2019-06-17 00:00:00+09:00,703.7776254507212,704.7338450505183,696.1278686523438,696.1278686523438,39300,0.0,0.0
2019-06-18 00:00:00+09:00,694.215424134232,701.8651808740032,689.434326171875,689.434326171875,56300,0.0,0.0
2019-06-19 00:00:00+09:00,699.9527159895123,705.6900333336886,695.1716182026987,700.908935546875,57900,0.0,0.0
2019-06-20 00:00:00+09:00,701.8651551042377,704.7338137763259,700.908935546875,700.908935546875,33700,0.0,0.0
2019-06-21 00:00:00+09:00,701.8651431153014,708.5586799025045,696.1278258691273,697.0840454101562,90600,0.0,0.0
2019-06-24 00:00:00+09:00,694.2153442382813,697.0840026855469,688.47802734375,688.47802734375,35700,0.0,0.0
2019-06-25 00:00:00+09:00,688.4781362990702,703.7776504390496,686.5656970315728,694.2154541015625,77400,0.0,0.0
2019-06-26 00:00:00+09:00,695.1716737353112,703.7776504390496,694.2154541015625,694.2154541015625,59100,0.0,0.0
2019-06-27 00:00:00+09:00,699.9527159895123,700.908935546875,696.1278377600614,700.908935546875,32500,0.0,0.0
2019-06-28 00:00:00+09:00,698.9965220965889,698.9965220965889,689.434326171875,689.434326171875,46900,0.0,0.0
2019-07-01 00:00:00+09:00,701.8651061763272,706.6462036298444,694.2153502506997,704.7337646484375,115000,0.0,0.0
2019-07-02 00:00:00+09:00,706.6462465369183,710.471124731976,700.9089292443317,703.777587890625,138500,0.0,0.0
2019-07-03 00:00:00+09:00,702.8213670518663,730.5517339151372,701.865147504857,722.9019775390625,229800,0.0,0.0
2019-07-04 00:00:00+09:00,725.7706349166399,745.851245368879,725.7706349166399,742.0263671875,102900,0.0,0.0
2019-07-05 00:00:00+09:00,742.0263854116394,755.4134593752514,740.1139462739804,742.9826049804688,175400,0.0,0.0
2019-07-08 00:00:00+09:00,742.9825945242468,744.8950336349914,720.0333251953125,720.0333251953125,157100,0.0,0.0
2019-07-09 00:00:00+09:00,713.3397400647685,717.1646180275823,704.7337646484375,704.7337646484375,151300,0.0,0.0
2019-07-10 00:00:00+09:00,698.9965220965889,699.9527416890603,689.434326171875,689.434326171875,142600,0.0,0.0
2019-07-11 00:00:00+09:00,689.4343430149099,701.8651980207267,689.4343430149099,699.9527587890625,63200,0.0,0.0
2019-07-12 00:00:00+09:00,701.8651487930962,703.777587890625,697.084051049274,703.777587890625,58500,0.0,0.0
2019-07-16 00:00:00+09:00,703.7776005993151,703.7776005993151,696.1278440710616,698.040283203125,66100,0.0,0.0
2019-07-17 00:00:00+09:00,697.0840636370933,698.9965027691567,691.3467462409033,698.040283203125,48400,0.0,0.0
2019-07-18 00:00:00+09:00,694.2154252579444,694.2154252579444,679.8721313476562,679.8721313476562,102800,0.0,0.0
2019-07-19 00:00:00+09:00,681.7845810041756,696.1278751346982,680.8283613954741,693.2592163085938,54900,0.0,0.0
2019-07-22 00:00:00+09:00,696.127862223196,705.6900581328553,691.3467642683663,698.9965209960938,46300,0.0,0.0
2019-07-23 00:00:00+09:00,698.996552270306,703.7776504390496,693.2592344678138,694.2154541015625,82900,0.0,0.0
2019-07-24 00:00:00+09:00,694.215424134232,695.1716437267033,688.4781065794036,689.434326171875,59800,0.0,0.0
2019-07-25 00:00:00+09:00,687.5218323093935,689.4342713422429,685.609393276544,686.5656127929688,45200,0.0,0.0
2019-07-26 00:00:00+09:00,685.609455431922,687.5218946381477,676.0472594007933,677.0034790039062,134900,0.0,0.0
2019-07-29 00:00:00+09:00,677.0034418372469,685.6094177928051,677.0034418372469,684.6531982421875,92400,0.0,0.0
2019-07-30 00:00:00+09:00,687.5219412113422,697.0841378902204,687.5219412113422,692.3030395507812,93300,0.0,0.0
2019-07-31 00:00:00+09:00,690.390515545893,701.865150153304,684.6531982421875,684.6531982421875,148300,0.0,0.0
2019-08-01 00:00:00+09:00,682.7407347272698,691.3467103750925,680.8282956944203,686.5656127929688,57200,0.0,0.0
2019-08-02 00:00:00+09:00,679.872156054412,681.784595311949,673.1786186530325,677.959716796875,151100,0.0,0.0
2019-08-05 00:00:00+09:00,676.0472412109375,677.0034607883222,667.4412650144758,676.0472412109375,101500,0.0,0.0
2019-08-06 00:00:00+09:00,665.5287834316243,686.5656127929688,658.8352468166511,686.5656127929688,100700,0.0,0.0
2019-08-07 00:00:00+09:00,688.4781362990702,697.0841130028086,685.6094773978241,694.2154541015625,71200,0.0,0.0
2019-08-08 00:00:00+09:00,691.3467525602863,696.1278504341471,686.5656546864254,695.171630859375,49100,0.0,0.0
2019-08-09 00:00:00+09:00,694.2154424355631,694.2154424355631,686.5656854941244,690.3905639648438,50900,0.0,0.0
2019-08-13 00:00:00+09:00,687.5218751872767,688.4780947633368,678.9158990027349,685.6094360351562,65000,0.0,0.0
2019-08-14 00:00:00+09:00,689.4343805471178,693.2592592186691,686.5657215434544,692.3030395507812,62400,0.0,0.0
2019-08-15 00:00:00+09:00,678.915880938482,684.6531982421875,678.915880938482,684.6531982421875,82200,0.0,0.0
2019-08-16 00:00:00+09:00,678.9158690377568,683.6969667070367,678.9158690377568,680.8283081054688,89800,0.0,0.0
2019-08-19 00:00:00+09:00,682.740842871903,692.3030395507812,679.8721838682396,692.3030395507812,173700,0.0,0.0
2019-08-20 00:00:00+09:00,693.259197099982,703.7776125042575,693.259197099982,701.8651733398438,88700,0.0,0.0
2019-08-21 00:00:00+09:00,699.9526915258291,702.8213500976562,698.0402524779443,702.8213500976562,58400,0.0,0.0
2019-08-22 00:00:00+09:00,702.8213993599575,702.8213993599575,694.2154230412641,698.9965209960938,62700,0.0,0.0
2019-08-23 00:00:00+09:00,696.1278258691273,698.9964844922143,694.2153867870692,697.0840454101562,63200,0.0,0.0
2019-08-26 00:00:00+09:00,694.2154112846029,697.0840700089194,692.3029721350584,695.171630859375,109500,0.0,0.0
2019-08-27 00:00:00+09:00,698.0403014051278,702.8213993599575,696.127862223196,698.9965209960938,106500,0.0,0.0
2019-08-28 00:00:00+09:00,696.1278264625348,697.0840460043789,682.7407528767168,687.5218505859375,339200,0.0,0.0
2019-08-29 00:00:00+09:00,691.4007420608564,691.4007420608564,671.0369053381664,672.976318359375,332500,10.0,0.0
2019-08-30 00:00:00+09:00,672.9763174836912,678.7945565397462,672.9763174836912,675.8854370117188,67400,0.0,0.0
2019-09-02 00:00:00+09:00,672.0065738348451,674.9156932020956,660.3700963658434,662.3095092773438,59600,0.0,0.0
2019-09-03 00:00:00+09:00,659.4003750415559,659.4003750415559,638.0668334960938,638.0668334960938,165900,0.0,0.0
2019-09-04 00:00:00+09:00,636.1274452149961,636.1274452149961,620.6121416731669,621.5818481445312,116300,0.0,0.0
2019-09-05 00:00:00+09:00,623.5212382685187,639.0365412425409,622.5515318326424,632.2485961914062,83700,0.0,0.0
2019-09-06 00:00:00+09:00,635.1577181816101,635.1577181816101,620.6121215820312,620.6121215820312,76100,0.0,0.0
2019-09-09 00:00:00+09:00,620.6120997299383,629.3394573823906,614.7938612949702,628.3697509765625,77600,0.0,0.0
2019-09-10 00:00:00+09:00,626.430376021019,639.0365600585938,626.430376021019,639.0365600585938,79400,0.0,0.0
2019-09-11 00:00:00+09:00,640.0062035732582,657.4609182161653,640.0062035732582,650.6729736328125,98500,0.0,0.0
2019-09-12 00:00:00+09:00,657.4609570097714,665.2186084199161,656.4912505835033,661.3397827148438,84400,0.0,0.0
2019-09-13 00:00:00+09:00,665.2186286445941,665.2186286445941,656.4912705428429,662.3095092773438,102800,0.0,0.0
2019-09-17 00:00:00+09:00,660.3700970818015,662.3095099954044,656.4912712545956,659.400390625,45700,0.0,0.0
2019-09-18 00:00:00+09:00,660.370077550764,663.2791968351286,654.5518389820347,655.5215454101562,46900,0.0,0.0
2019-09-19 00:00:00+09:00,655.5215839586759,668.1277682655735,654.55187747353,663.2792358398438,55600,0.0,0.0
2019-09-20 00:00:00+09:00,661.3398446488977,665.2186707172198,658.4307250976562,658.4307250976562,60300,0.0,0.0
2019-09-24 00:00:00+09:00,658.4306628150662,668.1277270686018,656.4912499643591,664.2489013671875,46200,0.0,0.0
2019-09-25 00:00:00+09:00,660.3700963658434,665.2186286445941,660.3700963658434,662.3095092773438,27300,0.0,0.0
2019-09-26 00:00:00+09:00,664.2489200658191,674.9156910449783,660.3700942552158,671.036865234375,88000,0.0,0.0
2019-09-27 00:00:00+09:00,671.0368482601008,672.9762611163438,654.5518389820347,655.5215454101562,64200,0.0,0.0
2019-09-30 00:00:00+09:00,650.6730399263822,650.6730399263822,629.339497633714,630.3092041015625,143400,0.0,0.0
2019-10-01 00:00:00+09:00,630.3092004302749,645.8245038254817,630.3092004302749,644.8547973632812,43400,0.0,0.0
2019-10-02 00:00:00+09:00,645.8245403756099,658.4307250976562,644.8548338585293,658.4307250976562,66200,0.0,0.0
2019-10-03 00:00:00+09:00,650.6729764368779,650.6729764368779,631.2788489722914,633.21826171875,90800,0.0,0.0
2019-10-04 00:00:00+09:00,628.369796583118,628.369796583118,605.0968411541137,609.9453735351562,167600,0.0,0.0
2019-10-07 00:00:00+09:00,608.0059432983398,608.9756497469815,596.3694659146396,597.3391723632812,98900,0.0,0.0
2019-10-08 00:00:00+09:00,595.399775637856,612.8544921875,595.399775637856,612.8544921875,122100,0.0,0.0
2019-10-09 00:00:00+09:00,612.8544748334007,625.4606586511763,599.2785845681038,600.248291015625,242500,0.0,0.0
2019-10-10 00:00:00+09:00,598.3088823721531,598.3088823721531,581.8238726471506,582.7935791015625,210100,0.0,0.0
2019-10-11 00:00:00+09:00,582.7935589599609,587.6420910644531,581.8238525390625,581.8238525390625,92500,0.0,0.0
2019-10-15 00:00:00+09:00,583.7633257054571,590.5512713531949,581.8239126632462,584.7330322265625,69900,0.0,0.0
2019-10-16 00:00:00+09:00,585.7026568956611,590.5511888236053,584.7329505100723,586.67236328125,84700,0.0,0.0
2019-10-17 00:00:00+09:00,583.7633303687686,583.7633303687686,570.1874389648438,570.1874389648438,166800,0.0,0.0
2019-10-18 00:00:00+09:00,570.1873798271534,572.1267926837085,561.4600219726562,561.4600219726562,128100,0.0,0.0
2019-10-21 00:00:00+09:00,562.429706631974,570.1873577579323,561.4600002412293,569.2176513671875,72800,0.0,0.0
2019-10-23 00:00:00+09:00,572.1268102285024,576.00563606056,570.1873973124736,574.0662231445312,62200,0.0,0.0
2019-10-24 00:00:00+09:00,576.005596102401,577.9450088838905,569.2176513671875,569.2176513671875,77900,0.0,0.0
2019-10-25 00:00:00+09:00,576.0056382665094,576.0056382665094,564.3691607257718,565.3388671875,89300,0.0,0.0
2019-10-28 00:00:00+09:00,567.2782793793662,571.1571052212764,565.3388664584111,568.2479858398438,48000,0.0,0.0
2019-10-29 00:00:00+09:00,567.278238585698,575.0358897116562,567.278238585698,569.2176513671875,54800,0.0,0.0
2019-10-30 00:00:00+09:00,569.2176518897487,570.1873582813838,562.4297071483037,566.3085327148438,138100,0.0,0.0
2019-10-31 00:00:00+09:00,566.3086185923794,568.2480316697505,552.7327270507812,552.7327270507812,198800,0.0,0.0
2019-11-01 00:00:00+09:00,550.7932922894022,562.4297702955163,550.7932922894022,557.5812377929688,86900,0.0,0.0
2019-11-05 00:00:00+09:00,552.732682472203,570.1873987607988,552.732682472203,568.2479858398438,104700,0.0,0.0
2019-11-06 00:00:00+09:00,562.4297515439316,565.3388709484692,547.8841545212437,550.7932739257812,241200,0.0,0.0
2019-11-07 00:00:00+09:00,552.7326653765134,557.581197528939,552.7326653765134,555.6417846679688,77000,0.0,0.0
2019-11-08 00:00:00+09:00,558.5509241615854,566.3085758860518,550.793272437119,556.6115112304688,132900,0.0,0.0
2019-11-11 00:00:00+09:00,556.6115304491511,566.3085954395544,556.6115304491511,560.4903564453125,87500,0.0,0.0
2019-11-12 00:00:00+09:00,562.4297470769784,568.2479858398438,562.4297470769784,568.2479858398438,49000,0.0,0.0
2019-11-13 00:00:00+09:00,570.1874002390895,570.1874002390895,562.4297485351562,562.4297485351562,47000,0.0,0.0
2019-11-14 00:00:00+09:00,563.3993942816088,565.3388069985851,558.5508624891681,559.5205688476562,55700,0.0,0.0
2019-11-15 00:00:00+09:00,557.5811956346649,568.2479663337629,557.5811956346649,564.369140625,63100,0.0,0.0
2019-11-18 00:00:00+09:00,564.3692007211538,569.2177333733974,564.3692007211538,567.2783203125,37100,0.0,0.0
2019-11-19 00:00:00+09:00,567.2782793793662,569.2176923003213,565.3388664584111,568.2479858398438,37600,0.0,0.0
2019-11-20 00:00:00+09:00,566.3085327148438,569.2176518897487,564.3691199315737,566.3085327148438,51100,0.0,0.0
2019-11-21 00:00:00+09:00,567.2782786552286,576.005636788386,563.3994528182699,571.1571044921875,84700,0.0,0.0
2019-11-22 00:00:00+09:00,575.035928883272,578.914754710478,573.0965159696691,576.975341796875,91700,0.0,0.0
2019-11-25 00:00:00+09:00,581.8238935008869,581.8238935008869,576.005654565878,580.8541870117188,62300,0.0,0.0
2019-11-26 00:00:00+09:00,580.8541676240809,584.7329934512868,576.975341796875,576.975341796875,74900,0.0,0.0
2019-11-27 00:00:00+09:00,578.9147740333825,582.7935999900551,578.9147740333825,580.8541870117188,51500,0.0,0.0
2019-11-28 00:00:00+09:00,582.7935589599609,582.7935589599609,579.8844396972656,581.8238525390625,36400,0.0,0.0
2019-11-29 00:00:00+09:00,582.7935763136597,594.4300537109375,582.7935763136597,594.4300537109375,105500,0.0,0.0
2019-12-02 00:00:00+09:00,596.3694423295875,625.4606346383479,596.3694423295875,613.8241577148438,158800,0.0,0.0
2019-12-03 00:00:00+09:00,602.1876861270111,602.1876861270111,587.64208984375,587.64208984375,106200,0.0,0.0
2019-12-04 00:00:00+09:00,582.793596000547,595.3997802734375,581.823889518017,595.3997802734375,68300,0.0,0.0
2019-12-05 00:00:00+09:00,598.308859839228,599.2785662571198,587.6420892424185,590.5512084960938,57300,0.0,0.0
2019-12-06 00:00:00+09:00,588.6117950638915,593.4603271484375,588.6117950638915,593.4603271484375,24700,0.0,0.0
2019-12-09 00:00:00+09:00,592.4906207315282,593.4603271484375,590.5512078977098,593.4603271484375,38200,0.0,0.0
2019-12-10 00:00:00+09:00,593.4603479604252,594.430054411341,591.5209350585938,591.5209350585938,27100,0.0,0.0
2019-12-11 00:00:00+09:00,591.5209350585938,593.4603479604252,589.5815221567623,591.5209350585938,40900,0.0,0.0
2019-12-12 00:00:00+09:00,591.5209350585938,592.4906415095095,586.6724028040152,591.5209350585938,41200,0.0,0.0
2019-12-13 00:00:00+09:00,591.5209350585938,594.430054411341,587.6421092549309,591.5209350585938,69600,0.0,0.0
2019-12-16 00:00:00+09:00,589.58154296875,591.5209559390419,588.611836483604,589.58154296875,42300,0.0,0.0
2019-12-17 00:00:00+09:00,588.611836483604,589.58154296875,582.7935975727282,589.58154296875,71700,0.0,0.0
2019-12-18 00:00:00+09:00,590.5512279118449,595.3997601607107,587.6421085625254,594.4300537109375,56300,0.0,0.0
2019-12-19 00:00:00+09:00,594.4300737909074,600.2483126860876,591.5209543433174,595.3997802734375,68700,0.0,0.0
2019-12-20 00:00:00+09:00,594.4300335653467,598.3088592329835,592.4906207315282,593.4603271484375,37400,0.0,0.0
2019-12-23 00:00:00+09:00,593.4603486665981,595.3997615707373,586.6724035021108,588.61181640625,47000,0.0,0.0
2019-12-24 00:00:00+09:00,588.6117760524277,589.5814824380165,582.7935377388945,586.67236328125,44600,0.0,0.0
2019-12-25 00:00:00+09:00,593.4603501000936,593.4603501000936,581.8238726471506,582.7935791015625,84400,0.0,0.0
2019-12-26 00:00:00+09:00,581.8238318560527,584.732951015333,580.854125469626,583.7632446289062,72400,0.0,0.0
2019-12-27 00:00:00+09:00,583.7633017071643,600.2483118882635,583.7633017071643,598.3088989257812,100600,0.0,0.0
2019-12-30 00:00:00+09:00,593.4603295898438,593.4603295898438,581.8238525390625,581.8238525390625,100200,0.0,0.0
2020-01-06 00:00:00+09:00,581.8238935008869,583.7633064792232,579.8844805225506,580.8541870117188,51600,0.0,0.0
2020-01-07 00:00:00+09:00,580.8541683506321,583.7632877246754,567.2782779384304,574.0662231445312,211000,0.0,0.0
2020-01-08 00:00:00+09:00,572.1268109514272,573.0965174106669,563.3994528182699,571.1571044921875,75700,0.0,0.0
2020-01-09 00:00:00+09:00,572.1267883300782,584.7329718017578,572.1267883300782,581.8238525390625,73100,0.0,0.0
2020-01-10 00:00:00+09:00,578.9147756747009,584.7330146262054,575.0359497070312,575.0359497070312,58100,0.0,0.0
2020-01-14 00:00:00+09:00,573.0964774562888,575.0358902395587,565.3388263232088,566.3085327148438,105700,0.0,0.0
2020-01-15 00:00:00+09:00,595.399758778019,611.8847683858795,587.6421071978494,600.248291015625,247400,0.0,0.0
2020-01-16 00:00:00+09:00,605.0968636775362,631.2789395097373,599.2786246037138,602.187744140625,247800,0.0,0.0
2020-01-17 00:00:00+09:00,602.1877217254881,615.7636123924074,598.308895820654,609.9453735351562,109100,0.0,0.0
2020-01-20 00:00:00+09:00,610.9151027513586,611.8848092636624,600.2483311160175,602.187744140625,70400,0.0,0.0
2020-01-21 00:00:00+09:00,603.1574124695825,605.096825371414,589.5815221567623,591.5209350585938,71400,0.0,0.0
2020-01-22 00:00:00+09:00,587.64208984375,590.5512091004023,583.7632641682137,587.64208984375,67700,0.0,0.0
2020-01-23 00:00:00+09:00,584.7329913006713,590.551230020081,583.7632848474364,585.7026977539062,48600,0.0,0.0
2020-01-24 00:00:00+09:00,585.7026574017598,586.6723637881865,580.854125469626,583.7632446289062,96000,0.0,0.0
2020-01-27 00:00:00+09:00,581.8238959878179,581.8238959878179,572.1268310546875,572.1268310546875,84900,0.0,0.0
2020-01-28 00:00:00+09:00,571.1571221200373,580.8541870117188,567.2782961633648,580.8541870117188,60300,0.0,0.0
2020-01-29 00:00:00+09:00,577.9450865788247,586.6724452687733,577.9450865788247,584.7330322265625,49500,0.0,0.0
2020-01-30 00:00:00+09:00,581.823853772096,583.763266618003,567.2782574277936,576.005615234375,79000,0.0,0.0
2020-01-31 00:00:00+09:00,576.005615234375,579.884440926189,572.126789542561,576.005615234375,30900,0.0,0.0
2020-02-03 00:00:00+09:00,566.3085736492282,570.1873994961406,564.3691607257718,565.3388671875,75100,0.0,0.0
2020-02-04 00:00:00+09:00,563.3994311359859,580.8541467305604,561.4600182921444,578.9147338867188,95600,0.0,0.0
2020-02-05 00:00:00+09:00,578.9147930999301,584.7330322265625,573.0965539732975,584.7330322265625,50300,0.0,0.0
2020-02-06 00:00:00+09:00,584.7329505100723,590.5511888236053,583.7632441244834,586.67236328125,66700,0.0,0.0
2020-02-07 00:00:00+09:00,586.6724259467276,588.6118389250639,576.9753610550462,580.8541870117188,30600,0.0,0.0
2020-02-10 00:00:00+09:00,579.884440926189,579.884440926189,574.066202388468,576.005615234375,29300,0.0,0.0
2020-02-12 00:00:00+09:00,576.0056146209563,580.8541467305604,574.0662017771148,578.9147338867188,22200,0.0,0.0
2020-02-13 00:00:00+09:00,579.8844604492188,582.7935798160208,574.0662217156146,579.8844604492188,27500,0.0,0.0
2020-02-14 00:00:00+09:00,574.0662432151138,576.9753626908661,571.1571237393615,575.0359497070312,43400,0.0,0.0
2020-02-17 00:00:00+09:00,572.1267515080021,572.1267515080021,557.58115613068,559.5205688476562,85300,0.0,0.0
2020-02-18 00:00:00+09:00,557.581178375352,560.4902975668756,548.8538208007812,548.8538208007812,61300,0.0,0.0
2020-02-19 00:00:00+09:00,548.853839654573,557.581197528939,548.853839654573,555.6417846679688,41500,0.0,0.0
2020-02-20 00:00:00+09:00,555.641846666838,562.429792437637,551.7630205120956,552.7327270507812,28000,0.0,0.0
2020-02-21 00:00:00+09:00,551.7629589460283,559.5206103899092,551.7629589460283,555.6417846679688,32800,0.0,0.0
2020-02-25 00:00:00+09:00,545.9447631835938,554.6721217424789,533.3385785985374,545.9447631835938,105700,0.0,0.0
2020-02-26 00:00:00+09:00,538.187093614023,540.1265065639834,529.459735339201,536.2476806640625,72700,0.0,0.0
2020-02-27 00:00:00+09:00,529.4596787220138,529.4596787220138,512.9746704101562,512.9746704101562,82100,0.0,0.0
2020-02-28 00:00:00+09:00,477.095585690269,502.30795403975475,458.6711626656448,459.640869140625,205000,0.0,0.0
2020-03-02 00:00:00+09:00,451.88319157321695,496.48968687872764,450.91348515353195,487.7623291015625,152400,0.0,0.0
2020-03-03 00:00:00+09:00,493.5805933223748,504.24736449437114,468.36822509765625,468.36822509765625,111900,0.0,0.0
2020-03-04 00:00:00+09:00,463.5196709720277,485.82291873846424,461.58025812277236,476.1258544921875,113700,0.0,0.0
2020-03-05 00:00:00+09:00,483.883515081098,488.73204729633943,476.1258635367117,480.9743957519531,57800,0.0,0.0
2020-03-06 00:00:00+09:00,477.09560375371257,477.09560375371257,458.6711800315163,469.33795166015625,96300,0.0,0.0
2020-03-09 00:00:00+09:00,455.76202868353283,456.7317351275404,428.6102482513224,435.398193359375,135400,0.0,0.0
2020-03-10 00:00:00+09:00,412.1252355904415,454.7923188045107,407.2767034070245,449.94378662109375,143500,0.0,0.0
2020-03-11 00:00:00+09:00,450.9134950742617,459.6408530434409,441.2164306640625,441.2164306640625,57700,0.0,0.0
2020-03-12 00:00:00+09:00,431.51936173161147,437.33760031675683,412.1252331144604,416.0040588378906,110100,0.0,0.0
2020-03-13 00:00:00+09:00,394.6705225061487,403.39788049768515,378.18551296657984,392.7311096191406,167800,0.0,0.0
2020-03-16 00:00:00+09:00,397.5796501399818,422.7920181976392,396.6099436762258,400.48876953125,116800,0.0,0.0
2020-03-17 00:00:00+09:00,384.97345767400964,442.186137781734,384.97345767400964,438.30731201171875,163600,0.0,0.0
2020-03-18 00:00:00+09:00,442.18612731529385,474.1864391604796,439.2770080566406,439.2770080566406,125300,0.0,0.0
2020-03-19 00:00:00+09:00,451.8832259845136,471.2773558550936,448.0044000103976,464.4894104003906,126100,0.0,0.0
2020-03-23 00:00:00+09:00,466.4288163015494,495.5200106654714,448.97409968319613,490.6714782714844,115700,0.0,0.0
2020-03-24 00:00:00+09:00,508.1261811890354,513.9444199049403,492.6108779466221,503.27764892578125,84000,0.0,0.0
2020-03-25 00:00:00+09:00,542.0659251965974,542.0659251965974,504.2473722759046,515.8838500976562,96100,0.0,0.0
2020-03-26 00:00:00+09:00,512.9747092817082,523.6414801741446,500.3685254997381,520.7323608398438,63100,0.0,0.0
2020-03-27 00:00:00+09:00,526.5505968104295,532.3688354492188,511.0352937736581,532.3688354492188,81600,0.0,0.0
2020-03-30 00:00:00+09:00,522.6717946845794,522.6717946845794,500.36854556074763,518.79296875,82700,0.0,0.0
2020-03-31 00:00:00+09:00,521.7020641968982,524.6111835139812,486.7926323919013,489.7017517089844,102500,0.0,0.0
2020-04-01 00:00:00+09:00,484.85324421866994,504.2473739874167,473.2167663574219,473.2167663574219,83800,0.0,0.0
2020-04-02 00:00:00+09:00,475.15617194665555,482.9138237335397,462.54998779296875,462.54998779296875,58800,0.0,0.0
2020-04-03 00:00:00+09:00,448.0043800057208,454.79232515732264,418.91318649885585,423.76171875,116900,0.0,0.0
2020-04-06 00:00:00+09:00,423.7617053438233,445.0952465739471,415.03434756786356,439.2770080566406,116600,0.0,0.0
2020-04-07 00:00:00+09:00,454.7923367657239,466.4288144654866,446.0649784909019,459.640869140625,89400,0.0,0.0
2020-04-08 00:00:00+09:00,461.58025463531436,499.39880491005647,455.76201613150783,493.58056640625,109000,0.0,0.0
2020-04-09 00:00:00+09:00,491.6411659378327,491.6411659378327,467.3985048955333,483.8835144042969,71600,0.0,0.0
2020-04-10 00:00:00+09:00,484.85322290537306,487.76234224280535,465.45909398915813,475.1561584472656,48700,0.0,0.0
2020-04-13 00:00:00+09:00,475.1561703889266,476.12587685910813,464.48939921693034,468.36822509765625,38100,0.0,0.0
2020-04-14 00:00:00+09:00,467.39853863676717,478.0653102654071,466.42883212507263,469.33795166015625,63600,0.0,0.0
2020-04-15 00:00:00+09:00,467.39848874409995,492.61085535685226,460.6105438868205,465.4590759277344,126800,0.0,0.0
2020-04-16 00:00:00+09:00,464.48939028943437,473.21674835332766,456.7317386770847,463.5196838378906,84600,0.0,0.0
2020-04-17 00:00:00+09:00,470.3076581718508,475.1561907303235,460.6105930549054,469.33795166015625,56500,0.0,0.0
2020-04-20 00:00:00+09:00,471.2773445082007,477.0955833292896,466.4288121572933,468.36822509765625,34100,0.0,0.0
2020-04-21 00:00:00+09:00,463.5197039068616,464.4894104003906,453.8226389715716,464.4894104003906,46500,0.0,0.0
2020-04-22 00:00:00+09:00,458.6711544315191,460.61056734666295,448.9740898557999,451.8832092285156,51100,0.0,0.0
2020-04-23 00:00:00+09:00,451.883216586003,462.54998779296875,451.883216586003,462.54998779296875,20300,0.0,0.0
2020-04-24 00:00:00+09:00,469.33793156783776,469.33793156783776,456.73174745547846,468.36822509765625,42100,0.0,0.0
2020-04-27 00:00:00+09:00,468.3682363745066,469.3379428680356,462.5499974133326,464.4894104003906,47700,0.0,0.0
2020-04-28 00:00:00+09:00,464.48939099763567,474.18645552785773,460.6105651855469,460.6105651855469,55200,0.0,0.0
2020-04-30 00:00:00+09:00,476.1258784200161,482.9138237335397,462.54998779296875,462.54998779296875,81900,0.0,0.0
2020-05-01 00:00:00+09:00,464.48937862435565,472.24703004188143,454.79231435244844,470.3076171875,88200,0.0,0.0
2020-05-07 00:00:00+09:00,470.3076493615646,472.2470623486226,460.6105844262746,464.4894104003906,45200,0.0,0.0
2020-05-08 00:00:00+09:00,462.54997268707336,487.7623401710648,459.6408533619974,483.8835144042969,57500,0.0,0.0
2020-05-11 00:00:00+09:00,493.5806009392989,515.8838500976562,493.5806009392989,515.8838500976562,59100,0.0,0.0
2020-05-12 00:00:00+09:00,517.8232541165722,517.8232541165722,506.18677649597515,511.0353088378906,36700,0.0,0.0
2020-05-13 00:00:00+09:00,506.18672581115607,513.944376781442,501.33819395472733,512.9746704101562,30700,0.0,0.0
2020-05-14 00:00:00+09:00,513.9444119911494,513.9444119911494,491.641163923609,492.6108703613281,37000,0.0,0.0
2020-05-15 00:00:00+09:00,495.52001626359345,508.12620063037764,491.64119030458295,507.156494140625,44600,0.0,0.0
2020-05-18 00:00:00+09:00,504.2473575367647,506.18677045036765,491.6411735983456,494.55029296875,49700,0.0,0.0
2020-05-19 00:00:00+09:00,507.1564754515655,510.0655948136204,497.45941091138263,500.3685302734375,25600,0.0,0.0
2020-05-20 00:00:00+09:00,500.3685281808036,509.09588623046875,500.3685281808036,509.09588623046875,32700,0.0,0.0
2020-05-21 00:00:00+09:00,509.09588623046875,510.06559268043156,504.2473539806548,509.09588623046875,18500,0.0,0.0
2020-05-22 00:00:00+09:00,512.0050048828125,518.7929500233043,509.0958855368874,512.0050048828125,50700,0.0,0.0
2020-05-25 00:00:00+09:00,523.6415003666648,523.6415003666648,515.8838485093809,521.7020874023438,34000,0.0,0.0
2020-05-26 00:00:00+09:00,523.6415195816998,528.4900521704192,519.7626935107241,525.5809326171875,36200,0.0,0.0
2020-05-27 00:00:00+09:00,528.4900258832273,547.8841552734375,521.7020805966538,547.8841552734375,67400,0.0,0.0
2020-05-28 00:00:00+09:00,548.8538409305418,550.7932537960207,538.1870701704075,549.8235473632812,72600,0.0,0.0
2020-05-29 00:00:00+09:00,545.9447462047231,545.9447462047231,533.3385620117188,533.3385620117188,45300,0.0,0.0
2020-06-01 00:00:00+09:00,533.3385847591386,533.3385847591386,520.7324000284681,525.5809326171875,38400,0.0,0.0
2020-06-02 00:00:00+09:00,526.5506159142603,539.1568000890032,525.58090943928,536.2476806640625,25800,0.0,0.0
2020-06-03 00:00:00+09:00,542.0658569335938,543.0355632966234,535.2779123923859,542.0658569335938,35800,0.0,0.0
2020-06-04 00:00:00+09:00,549.8235442171392,564.369140625,546.914424935567,564.369140625,76600,0.0,0.0
2020-06-05 00:00:00+09:00,563.3994750976562,564.3691815952426,552.7327036242067,563.3994750976562,27900,0.0,0.0
2020-06-08 00:00:00+09:00,568.2479449764427,569.2176513671875,563.3994130227188,569.2176513671875,35200,0.0,0.0
2020-06-09 00:00:00+09:00,571.1571245613745,573.0965375480006,565.3388856014964,572.1268310546875,42300,0.0,0.0
2020-06-10 00:00:00+09:00,570.1873577579323,572.1267705394218,567.278238585698,569.2176513671875,27500,0.0,0.0
2020-06-11 00:00:00+09:00,565.3388509547457,567.278263822515,544.0053094092835,546.9144287109375,91400,0.0,0.0
2020-06-12 00:00:00+09:00,529.4597104390463,559.520609749688,525.5808847215441,558.5509033203125,112100,0.0,0.0
2020-06-15 00:00:00+09:00,552.7327105044462,554.6721235237601,536.2476998402785,540.1265258789062,50600,0.0,0.0
2020-06-16 00:00:00+09:00,548.853839026557,558.5509033203125,547.8841325971815,558.5509033203125,42700,0.0,0.0
2020-06-17 00:00:00+09:00,558.5508836866259,559.5205900819152,552.7326453148902,554.6720581054688,21700,0.0,0.0
2020-06-18 00:00:00+09:00,554.6721174510704,561.4600629443528,544.0053459616269,560.4903564453125,33600,0.0,0.0
2020-06-19 00:00:00+09:00,561.4600637950068,561.4600637950068,553.7024117909307,557.5812377929688,36600,0.0,0.0
2020-06-22 00:00:00+09:00,557.5812361121383,567.2783010880015,557.5812361121383,563.3994750976562,30100,0.0,0.0
2020-06-23 00:00:00+09:00,567.2783203125,571.1571464342949,562.4297876602564,567.2783203125,33500,0.0,0.0
2020-06-24 00:00:00+09:00,571.1571279347561,572.1268344337965,560.4903564453125,560.4903564453125,31800,0.0,0.0
2020-06-25 00:00:00+09:00,562.4297277706186,564.369140625,557.5811956346649,564.369140625,50800,0.0,0.0
2020-06-26 00:00:00+09:00,571.1570819091797,581.8238525390625,566.3085498046875,581.8238525390625,57500,0.0,0.0
2020-06-29 00:00:00+09:00,576.9753846668062,580.8542107822133,568.2480259071402,570.1874389648438,55900,0.0,0.0
2020-06-30 00:00:00+09:00,580.8541654877315,593.4603493797857,577.9450461280267,585.7026977539062,90900,0.0,0.0
2020-07-01 00:00:00+09:00,585.7027254203612,585.7027254203612,554.6721174510704,560.4903564453125,85300,0.0,0.0
2020-07-02 00:00:00+09:00,560.4903187853224,573.0965024258228,544.9750158431682,546.9144287109375,77600,0.0,0.0
2020-07-03 00:00:00+09:00,562.4297442484061,579.8844604492188,560.4903313372047,579.8844604492188,119700,0.0,0.0
2020-07-06 00:00:00+09:00,579.8844185821281,586.67236328125,569.2176483406508,586.67236328125,68400,0.0,0.0
2020-07-07 00:00:00+09:00,586.6724000789728,606.0665290072034,582.7935742933267,603.1574096679688,106200,0.0,0.0
2020-07-08 00:00:00+09:00,603.1574103581886,615.7635941759643,596.3694652255402,600.248291015625,74000,0.0,0.0
2020-07-09 00:00:00+09:00,600.248336564249,600.248336564249,584.7330322265625,584.7330322265625,44800,0.0,0.0
2020-07-10 00:00:00+09:00,582.7936247996795,586.6724509214744,566.3086137820512,567.2783203125,98700,0.0,0.0
2020-07-13 00:00:00+09:00,569.2177324359919,578.9147977245098,567.2783193782884,570.1874389648438,104000,0.0,0.0
2020-07-14 00:00:00+09:00,568.2480137416294,568.2480137416294,539.1568184988839,543.03564453125,160900,0.0,0.0
2020-07-15 00:00:00+09:00,523.6414539625439,554.6720586418058,523.6414539625439,551.762939453125,206900,0.0,0.0
2020-07-16 00:00:00+09:00,552.732701188427,598.3089063741394,551.7629946951139,572.1268310546875,204500,0.0,0.0
2020-07-17 00:00:00+09:00,575.0359303291464,576.005636788386,562.4297463590301,571.1571044921875,54000,0.0,0.0
2020-07-20 00:00:00+09:00,569.2177333733974,574.066266025641,563.3994941907051,567.2783203125,36400,0.0,0.0
2020-07-21 00:00:00+09:00,574.0662217156146,579.8844604492188,570.1873958932117,579.8844604492188,66900,0.0,0.0
2020-07-22 00:00:00+09:00,583.7633064792232,586.6724259467276,579.8844805225506,580.8541870117188,42100,0.0,0.0
2020-07-27 00:00:00+09:00,576.9753210428771,578.9147338867188,567.2782568236692,578.9147338867188,52400,0.0,0.0
2020-07-28 00:00:00+09:00,578.9147126967724,585.7026574017598,571.1570616053584,583.7632446289062,49000,0.0,0.0
2020-07-29 00:00:00+09:00,580.8541690845846,581.8238755438242,568.2479851144684,571.1571044921875,43600,0.0,0.0
2020-07-30 00:00:00+09:00,574.066226091056,576.0056390170394,559.5206291461814,562.4297485351562,71300,0.0,0.0
2020-07-31 00:00:00+09:00,546.914456775701,547.8841632593458,517.8232622663551,518.79296875,179400,0.0,0.0
2020-08-03 00:00:00+09:00,524.6112044925445,552.7326923488916,524.6112044925445,530.429443359375,105200,0.0,0.0
2020-08-04 00:00:00+09:00,538.1871111312514,548.8538827032222,530.4294590789091,545.9447631835938,98200,0.0,0.0
2020-08-05 00:00:00+09:00,562.4297523160951,562.4297523160951,533.3385582307799,547.8841552734375,64200,0.0,0.0
2020-08-06 00:00:00+09:00,548.8538409305418,555.641785959718,544.9750151995839,549.8235473632812,44000,0.0,0.0
2020-08-07 00:00:00+09:00,552.7326831850343,565.3388671875,549.8235637998499,565.3388671875,99400,0.0,0.0
2020-08-11 00:00:00+09:00,565.3388439798275,580.8541467305604,565.3388439798275,578.9147338867188,88200,0.0,0.0
2020-08-12 00:00:00+09:00,577.9450482536765,583.7632869944853,573.0965159696691,576.975341796875,73600,0.0,0.0
2020-08-13 00:00:00+09:00,585.70272196107,585.70272196107,569.2177115747485,572.1268310546875,76500,0.0,0.0
2020-08-14 00:00:00+09:00,572.126812419597,572.126812419597,562.4297478023157,565.3388671875,83400,0.0,0.0
2020-08-17 00:00:00+09:00,565.3388483259413,568.2479676140679,558.5509033203125,558.5509033203125,76000,0.0,0.0
2020-08-18 00:00:00+09:00,558.5509401483051,572.1268310546875,555.641820668366,572.1268310546875,128900,0.0,0.0
2020-08-19 00:00:00+09:00,567.2782772288604,579.8844611672794,566.3085707720588,576.975341796875,73900,0.0,0.0
2020-08-20 00:00:00+09:00,573.0964959655146,582.7935601950495,570.187376696654,576.005615234375,101200,0.0,0.0
2020-08-21 00:00:00+09:00,576.0056353400736,580.8541676240809,572.1268095128677,576.975341796875,60800,0.0,0.0
2020-08-24 00:00:00+09:00,578.9147345032355,585.7026794639099,574.066202388468,576.005615234375,114400,0.0,0.0
2020-08-25 00:00:00+09:00,580.8541676240809,583.7632869944853,576.0056353400736,576.975341796875,112500,0.0,0.0
2020-08-26 00:00:00+09:00,576.9753024931458,579.8844216653802,569.2176513671875,569.2176513671875,185000,0.0,0.0
2020-08-27 00:00:00+09:00,582.793555977674,601.2179778804624,574.066198234248,596.3694458007812,254100,0.0,0.0
2020-08-28 00:00:00+09:00,582.5691746456522,585.5263785778636,553.9828699676084,559.8972778320312,449500,10.0,0.0
2020-08-31 00:00:00+09:00,564.8259510523836,573.6975628490179,559.8972778320312,559.8972778320312,99100,0.0,0.0
2020-09-01 00:00:00+09:00,556.940080358627,559.897284325133,548.068468459109,555.954345703125,77900,0.0,0.0
2020-09-02 00:00:00+09:00,559.897284325133,561.868753636137,551.0256724256151,555.954345703125,57800,0.0,0.0
2020-09-03 00:00:00+09:00,561.868753636137,561.868753636137,549.054203114611,555.954345703125,46200,0.0,0.0
2020-09-04 00:00:00+09:00,551.0256453001626,559.897256762956,550.0399106931857,553.9828491210938,84600,0.0,0.0
2020-09-07 00:00:00+09:00,553.9828385300201,555.9543077062835,548.0684310012299,551.025634765625,47900,0.0,0.0
2020-09-08 00:00:00+09:00,552.0114031642729,553.9828724612881,546.0969952732271,549.05419921875,62700,0.0,0.0
2020-09-09 00:00:00+09:00,545.1112670898438,552.0114097112341,544.1255324296451,545.1112670898438,79700,0.0,0.0
2020-09-10 00:00:00+09:00,548.0684814453125,554.9686241973219,545.1112774087371,548.0684814453125,73200,0.0,0.0
2020-09-11 00:00:00+09:00,551.0256580118668,553.9828619010182,545.1112502335641,546.0969848632812,57800,0.0,0.0
2020-09-14 00:00:00+09:00,545.1112334380279,548.0684372360641,540.1825604413007,547.0827026367188,93000,0.0,0.0
2020-09-15 00:00:00+09:00,547.0827259410511,547.0827259410511,540.1825834517045,542.154052734375,62600,0.0,0.0
2020-09-16 00:00:00+09:00,547.0827131373908,550.0399169921875,541.1683054277973,550.0399169921875,64100,0.0,0.0
2020-09-17 00:00:00+09:00,550.0399479941716,560.8830294062432,549.054213320347,558.9115600585938,118400,0.0,0.0
2020-09-18 00:00:00+09:00,560.8830266510327,570.7403733408576,556.9400879751028,569.754638671875,92900,0.0,0.0
2020-09-23 00:00:00+09:00,560.8830150008415,561.8687496493492,549.05419921875,549.05419921875,77500,0.0,0.0
2020-09-24 00:00:00+09:00,554.9685982657479,564.8259445937364,549.0541904689549,563.8402099609375,78100,0.0,0.0
2020-09-25 00:00:00+09:00,567.7831654991244,568.7689001614492,556.9400842135508,562.8544921875,66300,0.0,0.0
2020-09-28 00:00:00+09:00,563.8401869008611,569.7545944557653,561.8687177158931,568.7688598632812,74700,0.0,0.0
2020-09-29 00:00:00+09:00,567.783173076923,576.65478515625,561.8687650240385,576.65478515625,89600,0.0,0.0
2020-09-30 00:00:00+09:00,577.6404906146294,577.6404906146294,556.9400634765625,556.9400634765625,60300,0.0,0.0
2020-10-02 00:00:00+09:00,565.8116961744746,565.8116961744746,558.9115535382005,562.8544921875,65800,0.0,0.0
2020-10-05 00:00:00+09:00,561.8687549079816,576.6547747739812,561.8687549079816,573.6975708007812,82400,0.0,0.0
2020-10-06 00:00:00+09:00,573.6975476136605,579.6119553210178,566.7974052884103,578.626220703125,46300,0.0,0.0
2020-10-07 00:00:00+09:00,578.6262081883535,588.4835541540835,571.7260660123425,586.5120849609375,75400,0.0,0.0
2020-10-08 00:00:00+09:00,586.5121082370564,586.5121082370564,576.6547618801311,581.5834350585938,55600,0.0,0.0
2020-10-09 00:00:00+09:00,581.5834286879209,589.4693056870791,573.6975516887626,585.5263671875,46100,0.0,0.0
2020-10-12 00:00:00+09:00,581.58341008051,599.3266327609323,581.58341008051,597.3551635742188,83800,0.0,0.0
2020-10-13 00:00:00+09:00,595.3837449309442,596.3694796079822,583.5549288064884,594.3980102539062,64900,0.0,0.0
2020-10-14 00:00:00+09:00,601.2981062573282,623.9700020670307,597.3551678556407,604.2553100585938,192800,0.0,0.0
2020-10-15 00:00:00+09:00,598.3409408473368,626.92724609375,596.369471519998,626.92724609375,176200,0.0,0.0
2020-10-16 00:00:00+09:00,620.0271157186539,620.0271157186539,597.3552180055711,601.2981567382812,74200,0.0,0.0
2020-10-19 00:00:00+09:00,602.2838389078776,625.9414692414113,602.2838389078776,615.098388671875,122400,0.0,0.0
2020-10-20 00:00:00+09:00,613.1269385643255,620.0270809597439,602.2838576572393,603.2695922851562,46000,0.0,0.0
2020-10-21 00:00:00+09:00,599.3266808326548,612.1412315741425,596.3694768153883,605.2410888671875,51600,0.0,0.0
2020-10-22 00:00:00+09:00,605.2410551789519,611.1554628842837,596.3694436209543,607.2125244140625,47900,0.0,0.0
2020-10-23 00:00:00+09:00,610.1697364443825,621.0128173828125,607.2125325520833,621.0128173828125,55300,0.0,0.0
2020-10-26 00:00:00+09:00,611.1554502829528,619.0413270607972,611.1554502829528,615.098388671875,32200,0.0,0.0
2020-10-27 00:00:00+09:00,615.0984033049093,624.9557495117188,608.1982609601428,624.9557495117188,57200,0.0,0.0
2020-10-28 00:00:00+09:00,624.9557369624342,632.8416137695312,615.098390953563,632.8416137695312,84800,0.0,0.0
2020-10-29 00:00:00+09:00,621.9985584588096,626.927231663713,616.0841506129256,617.0698852539062,47000,0.0,0.0
2020-10-30 00:00:00+09:00,620.0270744422813,620.0270744422813,603.2695859438413,607.2125244140625,63500,0.0,0.0
2020-11-02 00:00:00+09:00,611.155481323435,623.9700317382812,607.2125427342515,623.9700317382812,67200,0.0,0.0
2020-11-04 00:00:00+09:00,625.9415217296619,630.870195129108,619.0413789704372,629.8844604492188,85600,0.0,0.0
2020-11-05 00:00:00+09:00,625.9415189302885,640.7275390625,620.0271108774039,640.7275390625,79300,0.0,0.0
2020-11-06 00:00:00+09:00,640.7275390625,640.7275390625,630.8701923076923,640.7275390625,62200,0.0,0.0
2020-11-09 00:00:00+09:00,640.7275456762167,640.7275456762167,632.8416681909708,636.7846069335938,39900,0.0,0.0
2020-11-10 00:00:00+09:00,640.7275427784913,651.5706242716657,635.7988693725028,647.627685546875,122600,0.0,0.0
2020-11-11 00:00:00+09:00,654.527779458195,668.3280639648438,647.6276372048708,668.3280639648438,145200,0.0,0.0
2020-11-12 00:00:00+09:00,668.3280660695043,693.9571659482758,665.3708622373383,686.0712890625,198800,0.0,0.0
2020-11-13 00:00:00+09:00,684.0998657592042,687.0570697898636,650.5848867450645,658.4707641601562,130100,0.0,0.0
2020-11-16 00:00:00+09:00,660.4422116314106,683.1141084486082,660.4422116314106,681.1426391601562,108500,0.0,0.0
2020-11-17 00:00:00+09:00,680.1569148786473,687.0570574933582,676.2139762416697,684.099853515625,73100,0.0,0.0
2020-11-18 00:00:00+09:00,686.0712934092173,686.0712934092173,661.4279279850357,664.3851318359375,54900,0.0,0.0
2020-11-19 00:00:00+09:00,661.4279702056741,661.4279702056741,629.8844604492188,629.8844604492188,73800,0.0,0.0
2020-11-20 00:00:00+09:00,634.8131103515625,635.7988449949655,624.9557639175321,634.8131103515625,44200,0.0,0.0
2020-11-24 00:00:00+09:00,640.7275182119809,651.5705992894143,634.8131103515625,634.8131103515625,44100,0.0,0.0
2020-11-25 00:00:00+09:00,648.6134046788056,648.6134046788056,620.027099609375,620.027099609375,73400,0.0,0.0
2020-11-26 00:00:00+09:00,621.9985584588096,625.9414970227324,615.0984159719449,617.0698852539062,48800,0.0,0.0
2020-11-27 00:00:00+09:00,616.0841295796056,618.0555987942603,607.2125181136593,611.1554565429688,71000,0.0,0.0
2020-11-30 00:00:00+09:00,616.0841636287356,616.0841636287356,607.2125516724818,609.1840209960938,31800,0.0,0.0
2020-12-01 00:00:00+09:00,606.2268105657154,617.0698917303055,606.2268105657154,613.126953125,41000,0.0,0.0
2020-12-02 00:00:00+09:00,618.0556223799542,620.0270916698424,606.226806640625,606.226806640625,54300,0.0,0.0
2020-12-03 00:00:00+09:00,606.2267939045571,618.0556093953777,605.241059280322,614.1126708984375,36500,0.0,0.0
2020-12-04 00:00:00+09:00,613.1269362742024,619.0413440196128,610.1697324014973,614.1126708984375,30100,0.0,0.0
2020-12-07 00:00:00+09:00,620.0271061523438,620.0271061523438,612.1412288085937,616.0841674804688,35500,0.0,0.0
2020-12-08 00:00:00+09:00,613.1269766685449,613.1269766685449,607.2125685334785,608.1983032226562,43400,0.0,0.0
2020-12-09 00:00:00+09:00,609.1839873283141,613.1269257576234,608.1982527209866,611.1554565429688,24800,0.0,0.0
2020-12-10 00:00:00+09:00,607.2125372635691,610.1697411788138,598.3409255178351,599.32666015625,32100,0.0,0.0
2020-12-11 00:00:00+09:00,600.3123987709604,609.1840105754574,599.3266641260162,606.226806640625,36000,0.0,0.0
2020-12-14 00:00:00+09:00,609.1840209960938,618.0556329523475,608.1982863342878,609.1840209960938,37500,0.0,0.0
2020-12-15 00:00:00+09:00,601.2981019476459,606.2267749144299,595.3836943875051,597.3551635742188,46300,0.0,0.0
2020-12-16 00:00:00+09:00,596.3694665787068,604.2553438227227,594.3979972677027,602.2838745117188,26700,0.0,0.0
2020-12-17 00:00:00+09:00,601.2981529931722,603.2696223472481,593.4122755768683,594.3980102539062,20600,0.0,0.0
2020-12-18 00:00:00+09:00,595.3837306004954,597.3551999071195,584.5406494140625,584.5406494140625,60600,0.0,0.0
2020-12-21 00:00:00+09:00,583.5548937925894,585.5263630283752,575.6690168494463,578.626220703125,38500,0.0,0.0
2020-12-22 00:00:00+09:00,579.6119891826922,581.5834585336538,572.7118464543269,576.65478515625,45000,0.0,0.0
2020-12-23 00:00:00+09:00,576.6547409475666,578.6262101473874,569.754598748194,575.6690063476562,27700,0.0,0.0
2020-12-24 00:00:00+09:00,572.7118025479251,579.6119447472977,571.7260679480147,575.6690063476562,30500,0.0,0.0
2020-12-25 00:00:00+09:00,585.526362827846,611.1554628842837,578.6262205049588,607.2125244140625,102200,0.0,0.0
2020-12-28 00:00:00+09:00,606.2268157958985,606.2268157958985,583.5549186197917,591.4407958984375,65600,0.0,0.0
2020-12-29 00:00:00+09:00,598.3409128560648,608.1982590316178,589.4693012980672,607.2125244140625,44000,0.0,0.0
2020-12-30 00:00:00+09:00,605.2410784782247,606.2268131337268,598.3409358897107,602.2838745117188,24000,0.0,0.0
2021-01-04 00:00:00+09:00,606.226798516145,606.226798516145,585.52637124974,592.426513671875,32800,0.0,0.0
2021-01-05 00:00:00+09:00,595.3837280273438,595.3837280273438,588.4835854839805,595.3837280273438,24000,0.0,0.0
2021-01-06 00:00:00+09:00,599.3266765816131,658.4707565074302,598.3409419161828,644.6704711914062,591900,0.0,0.0
2021-01-07 00:00:00+09:00,642.6989768946227,648.6133846574567,629.8844267418158,631.8558959960938,191900,0.0,0.0
2021-01-08 00:00:00+09:00,631.8559078896515,652.5563354492188,619.0413574956335,652.5563354492188,128700,0.0,0.0
2021-01-12 00:00:00+09:00,651.5706204927884,671.2853140024039,640.7275390625,640.7275390625,142000,0.0,0.0
2021-01-13 00:00:00+09:00,676.2139494882989,679.171153349035,648.6133801214296,653.5420532226562,191900,0.0,0.0
2021-01-14 00:00:00+09:00,652.5563186024109,658.4707263238829,637.770299298731,653.5420532226562,224800,0.0,0.0
2021-01-15 00:00:00+09:00,658.4707113502584,663.3993843394071,641.7132231871531,643.6846923828125,105300,0.0,0.0
2021-01-18 00:00:00+09:00,640.7274969692888,663.3993930158944,634.8130893049569,657.4849853515625,206000,0.0,0.0
2021-01-19 00:00:00+09:00,656.4992725064295,662.4136803668479,634.8131103515625,634.8131103515625,125400,0.0,0.0
2021-01-20 00:00:00+09:00,634.813078121777,637.7702819018474,595.3836943875051,597.3551635742188,252400,0.0,0.0
2021-01-21 00:00:00+09:00,599.32665609401,603.2695946209442,588.4835751449407,592.426513671875,174900,0.0,0.0
2021-01-22 00:00:00+09:00,588.4835728664025,605.2410615409901,588.4835728664025,603.2695922851562,68100,0.0,0.0
2021-01-25 00:00:00+09:00,601.2981359216551,601.2981359216551,594.3979933782919,595.3837280273438,50000,0.0,0.0
2021-01-26 00:00:00+09:00,595.3837319232048,603.2696091672208,593.4122626122008,602.2838745117188,26200,0.0,0.0
2021-01-27 00:00:00+09:00,606.2267792594374,611.1554522615467,602.28384085775,604.2553100585938,35000,0.0,0.0
2021-01-28 00:00:00+09:00,606.2268272805329,621.9985821366118,600.3124192095033,612.1412353515625,99300,0.0,0.0
2021-01-29 00:00:00+09:00,617.0698598640778,623.9700020670307,602.28384085775,604.2553100585938,53100,0.0,0.0
2021-02-01 00:00:00+09:00,604.2553615691555,623.9700552581982,602.2838922002513,619.0413818359375,72500,0.0,0.0
2021-02-02 00:00:00+09:00,617.0699124670332,621.9985858892938,615.098443098129,619.0413818359375,30600,0.0,0.0
2021-02-03 00:00:00+09:00,622.9842739762931,629.884416251347,617.0698663119612,628.898681640625,44400,0.0,0.0
2021-02-04 00:00:00+09:00,621.998545649676,628.8986879944425,621.998545649676,624.9557495117188,21300,0.0,0.0
2021-02-05 00:00:00+09:00,629.8844576322115,641.7132737379808,627.91298828125,640.7275390625,55400,0.0,0.0
2021-02-08 00:00:00+09:00,639.741770738473,642.698974609375,632.841628373035,642.698974609375,40500,0.0,0.0
2021-02-09 00:00:00+09:00,640.7275235528191,659.4564819335938,636.7845849463401,659.4564819335938,55900,0.0,0.0
2021-02-10 00:00:00+09:00,656.499276578701,656.499276578701,641.7132568359375,641.7132568359375,29000,0.0,0.0
2021-02-12 00:00:00+09:00,640.7275456762167,643.6847497331838,636.7846069335938,636.7846069335938,26200,0.0,0.0
2021-02-15 00:00:00+09:00,633.8273505933357,650.5848388671875,631.8558813846472,650.5848388671875,29400,0.0,0.0
2021-02-16 00:00:00+09:00,646.6419405222669,649.5991445185576,638.7560631988246,644.6704711914062,30400,0.0,0.0
2021-02-17 00:00:00+09:00,643.6846923828125,649.5990999697908,640.7274885893233,643.6846923828125,22600,0.0,0.0
2021-02-18 00:00:00+09:00,640.7275076403447,640.7275076403447,625.9414882332599,631.8558959960938,75900,0.0,0.0
2021-02-19 00:00:00+09:00,636.7845478208046,636.7845478208046,621.9985289085569,625.9414672851562,24600,0.0,0.0
2021-02-22 00:00:00+09:00,624.9557495117188,628.8986879944425,621.012811028995,624.9557495117188,32100,0.0,0.0
2021-02-24 00:00:00+09:00,623.9700486388388,625.9415179868288,617.0699059208737,622.9843139648438,50800,0.0,0.0
2021-02-25 00:00:00+09:00,632.8416158008122,632.8416158008122,619.0413313440966,621.99853515625,28000,0.0,0.0
2021-02-26 00:00:00+09:00,612.1412039364086,615.0984078201593,603.2695922851562,603.2695922851562,74600,0.0,0.0
2021-03-01 00:00:00+09:00,605.2410632905505,621.9985520135789,605.2410632905505,621.0128173828125,33700,0.0,0.0
2021-03-02 00:00:00+09:00,623.9700043643522,624.9557389684034,616.0841275319433,621.99853515625,45000,0.0,0.0
2021-03-03 00:00:00+09:00,620.0271072031736,633.827392578125,620.0271072031736,633.827392578125,34900,0.0,0.0
2021-03-04 00:00:00+09:00,635.7988345046498,635.7988345046498,621.0128150975648,631.8558959960938,30600,0.0,0.0
2021-03-05 00:00:00+09:00,631.855926983173,640.7275390625,623.9700495793269,640.7275390625,45500,0.0,0.0
2021-03-08 00:00:00+09:00,650.5848345676205,650.5848345676205,637.7702847958341,643.6846923828125,37000,0.0,0.0
2021-03-09 00:00:00+09:00,649.5991084657867,657.4849853515625,640.7274969692888,657.4849853515625,40500,0.0,0.0
2021-03-10 00:00:00+09:00,657.4850218419999,657.4850218419999,635.7988592025337,644.6704711914062,41300,0.0,0.0
2021-03-11 00:00:00+09:00,644.6704269806422,646.6418961763017,637.7702847958341,643.6846923828125,33900,0.0,0.0
2021-03-12 00:00:00+09:00,641.7132231871531,643.6846923828125,633.8273464045152,643.6846923828125,28400,0.0,0.0
2021-03-15 00:00:00+09:00,642.6989826740803,657.4850022141281,642.6989826740803,656.499267578125,41200,0.0,0.0
2021-03-16 00:00:00+09:00,656.4992612013176,660.4421997070312,650.5848534427472,660.4421997070312,29300,0.0,0.0
2021-03-17 00:00:00+09:00,661.4279626818671,680.1569213867188,659.4564933445143,680.1569213867188,71900,0.0,0.0
2021-03-18 00:00:00+09:00,681.1426430950875,689.0285202944517,676.2139698454848,688.0427856445312,70200,0.0,0.0
2021-03-19 00:00:00+09:00,686.0713013206067,706.771728515625,677.1996896655988,706.771728515625,130000,0.0,0.0
2021-03-22 00:00:00+09:00,706.771745394062,706.771745394062,695.9286642234418,705.7860107421875,49200,0.0,0.0
2021-03-23 00:00:00+09:00,703.8145534349525,703.8145534349525,676.2139827120131,680.1569213867188,34300,0.0,0.0
2021-03-24 00:00:00+09:00,675.2282545795941,676.2139892578125,654.527826337008,676.2139892578125,33000,0.0,0.0
2021-03-25 00:00:00+09:00,683.1140789794922,691.9856903948103,679.1711405726841,690.0142211914062,38500,0.0,0.0
2021-03-26 00:00:00+09:00,694.9429089183539,699.87158203125,686.0712973151409,699.87158203125,33200,0.0,0.0
2021-03-29 00:00:00+09:00,703.8145545054291,703.8145545054291,685.0855957720913,697.900146484375,41300,0.0,0.0
2021-03-30 00:00:00+09:00,697.9001399693865,703.8145479352287,690.0142626815967,701.8430786132812,36100,0.0,0.0
2021-03-31 00:00:00+09:00,697.9001043911638,700.8573082233297,684.099819841056,686.0712890625,35900,0.0,0.0
2021-04-01 00:00:00+09:00,690.0142718934944,690.0142718934944,678.1854558038917,687.0570678710938,25800,0.0,0.0
2021-04-02 00:00:00+09:00,689.028534452794,697.900146484375,687.0570651124426,697.900146484375,20100,0.0,0.0
2021-04-05 00:00:00+09:00,699.8715861172856,715.6433401706329,696.914382232283,706.771728515625,77100,0.0,0.0
2021-04-06 00:00:00+09:00,704.8002424744842,707.7574462890625,694.9428964258901,707.7574462890625,47400,0.0,0.0
2021-04-07 00:00:00+09:00,707.7574442796746,718.6005249023438,700.8573020652489,718.6005249023438,44600,0.0,0.0
2021-04-08 00:00:00+09:00,709.7289132254464,709.7289132254464,688.0427519880022,690.0142211914062,62800,0.0,0.0
2021-04-09 00:00:00+09:00,692.9714230136361,709.7289111946202,691.9856884147547,700.8572998046875,43100,0.0,0.0
2021-04-12 00:00:00+09:00,706.771728515625,706.771728515625,699.8715861172856,706.771728515625,17700,0.0,0.0
2021-04-13 00:00:00+09:00,705.7860210986396,708.7432250976562,697.9001437679286,708.7432250976562,27900,0.0,0.0
2021-04-14 00:00:00+09:00,691.9856884147547,704.8002382002131,686.0712808214662,700.8572998046875,67400,0.0,0.0
2021-04-15 00:00:00+09:00,700.8573439523076,710.7146905620447,696.9144053084127,701.8430786132812,47900,0.0,0.0
2021-04-16 00:00:00+09:00,704.8002382002131,706.771707397976,694.942892211399,700.8572998046875,40400,0.0,0.0
2021-04-19 00:00:00+09:00,699.8715843015133,700.8573189272901,688.042768792192,689.0285034179688,33200,0.0,0.0
2021-04-20 00:00:00+09:00,687.0570470255121,693.957189535094,681.1426391601562,681.1426391601562,41500,0.0,0.0
2021-04-21 00:00:00+09:00,675.2282126225774,676.2139472395446,661.4279279850357,664.3851318359375,46200,0.0,0.0
2021-04-22 00:00:00+09:00,674.2424926757812,685.085573698345,671.2852887605366,674.2424926757812,30300,0.0,0.0
2021-04-23 00:00:00+09:00,673.2567412216298,680.1568835181911,671.2852719940408,675.2282104492188,26900,0.0,0.0
2021-04-26 00:00:00+09:00,679.1711594337642,682.1283633209938,670.2995477720749,678.1854248046875,19000,0.0,0.0
2021-04-27 00:00:00+09:00,680.1568771827376,684.0998156011883,676.213938764287,679.171142578125,21700,0.0,0.0
2021-04-28 00:00:00+09:00,677.199712354617,677.199712354617,655.5135498046875,655.5135498046875,63000,0.0,0.0
2021-04-30 00:00:00+09:00,660.4421828791566,665.3708558857174,658.4707136765322,661.4279174804688,39400,0.0,0.0
2021-05-06 00:00:00+09:00,641.7132811029273,657.4850360916322,641.7132811029273,654.52783203125,118000,0.0,0.0
2021-05-07 00:00:00+09:00,657.4850257030955,661.4279643879717,647.6276789909051,651.5706176757812,65600,0.0,0.0
2021-05-10 00:00:00+09:00,654.5278112533244,694.9429321289062,654.5278112533244,694.9429321289062,188400,0.0,0.0
2021-05-11 00:00:00+09:00,688.042756117199,689.0284907248168,662.4136563191372,668.3280639648438,64400,0.0,0.0
2021-05-12 00:00:00+09:00,668.3280964303524,671.2853003968584,645.6561993538065,648.6134033203125,58100,0.0,0.0
2021-05-13 00:00:00+09:00,643.6847261349727,655.5135419291835,641.7132568359375,641.7132568359375,30600,0.0,0.0
2021-05-14 00:00:00+09:00,649.5991418365248,664.3851617569313,647.627672513804,655.5135498046875,33700,0.0,0.0
2021-05-17 00:00:00+09:00,664.3851462916324,674.2424926757812,664.3851462916324,674.2424926757812,31600,0.0,0.0
2021-05-18 00:00:00+09:00,680.1568728807734,680.1568728807734,668.3280577002382,672.27099609375,27800,0.0,0.0
2021-05-19 00:00:00+09:00,672.2710066078353,681.1426181319856,664.3851296974794,675.2282104492188,35400,0.0,0.0
2021-05-20 00:00:00+09:00,676.2139684340533,682.1283763212316,670.299560546875,670.299560546875,19000,0.0,0.0
2021-05-21 00:00:00+09:00,670.299560546875,678.1854377297794,666.3566219554227,670.299560546875,26300,0.0,0.0
2021-05-24 00:00:00+09:00,670.2995709130216,675.2282442285585,663.3994282712699,673.2567749023438,20300,0.0,0.0
2021-05-25 00:00:00+09:00,682.1283484714925,682.1283484714925,666.3565947496082,668.3280639648438,19900,0.0,0.0
2021-05-26 00:00:00+09:00,668.3281118320654,676.2139892578125,666.3566424756286,676.2139892578125,14700,0.0,0.0
2021-05-27 00:00:00+09:00,673.256788104022,682.128400245949,665.3709106445312,665.3709106445312,21600,0.0,0.0
2021-05-28 00:00:00+09:00,669.3138027664519,678.1854142906021,669.3138027664519,675.2282104492188,34200,0.0,0.0
2021-05-31 00:00:00+09:00,675.2282018988392,677.1996711014635,660.4421828791566,661.4279174804688,25400,0.0,0.0
2021-06-01 00:00:00+09:00,665.3709040825778,671.2853121188674,664.3851694098629,669.3138427734375,18800,0.0,0.0
2021-06-02 00:00:00+09:00,668.3280989677144,684.099853515625,668.3280989677144,684.099853515625,34600,0.0,0.0
2021-06-03 00:00:00+09:00,685.0855649148616,689.0285034179688,682.1283610375312,689.0285034179688,24900,0.0,0.0
2021-06-04 00:00:00+09:00,684.0998638486931,690.0142718934944,678.1854558038917,687.0570678710938,29700,0.0,0.0
2021-06-07 00:00:00+09:00,690.014244463804,690.014244463804,683.1141020191659,685.0855712890625,20000,0.0,0.0
2021-06-08 00:00:00+09:00,686.0713099292201,693.9571870548433,685.0855752885171,691.9857177734375,26500,0.0,0.0
2021-06-09 00:00:00+09:00,690.0142254215656,700.8573061067616,690.0142254215656,696.9143676757812,36500,0.0,0.0
2021-06-10 00:00:00+09:00,697.9001150499597,697.9001150499597,684.0998302890848,689.0285034179688,35600,0.0,0.0
2021-06-11 00:00:00+09:00,692.9714313375539,693.9571659482758,686.0712890625,686.0712890625,27800,0.0,0.0
2021-06-14 00:00:00+09:00,693.9571974734042,698.8858707509143,690.0142588513963,694.9429321289062,28000,0.0,0.0
2021-06-15 00:00:00+09:00,698.8858496757365,699.8715843015133,687.0570341664152,689.0285034179688,24800,0.0,0.0
2021-06-16 00:00:00+09:00,689.0284865897042,693.9571595982143,688.0427519880022,690.0142211914062,15300,0.0,0.0
2021-06-17 00:00:00+09:00,689.0285202944517,691.9857242442133,688.0427856445312,688.0427856445312,18200,0.0,0.0
2021-06-18 00:00:00+09:00,690.9999948535445,693.9571988258136,666.3566284179688,666.3566284179688,61200,0.0,0.0
2021-06-21 00:00:00+09:00,665.3708601419904,673.2567370029326,664.3851255343727,668.3280639648438,40100,0.0,0.0
2021-06-22 00:00:00+09:00,685.0855586131979,693.9571701635846,680.1568855296497,692.971435546875,42400,0.0,0.0
2021-06-23 00:00:00+09:00,693.9571765468526,696.9143804241829,685.0855649148616,689.0285034179688,27000,0.0,0.0
2021-06-24 00:00:00+09:00,689.0285409580578,693.9572143554688,686.0713369196112,693.9572143554688,16300,0.0,0.0
2021-06-25 00:00:00+09:00,696.9143949651248,698.8858642578125,693.957191026093,698.8858642578125,25600,0.0,0.0
2021-06-28 00:00:00+09:00,699.8715964423286,709.7289428710938,698.8858617994521,709.7289428710938,31300,0.0,0.0
2021-06-29 00:00:00+09:00,700.8573400619182,703.8145440284242,687.0570548848902,694.9429321289062,47000,0.0,0.0
2021-06-30 00:00:00+09:00,694.9429347673135,698.8858734042913,683.1141188563805,684.099853515625,43800,0.0,0.0
2021-07-01 00:00:00+09:00,689.0284865897042,692.9714249965123,686.0712827845982,690.0142211914062,15500,0.0,0.0
2021-07-02 00:00:00+09:00,690.0142295687806,703.8145141601562,690.0142295687806,703.8145141601562,24700,0.0,0.0
2021-07-05 00:00:00+09:00,697.9000960080432,703.8145036013317,697.9000960080432,700.8572998046875,23200,0.0,0.0
2021-07-06 00:00:00+09:00,701.8430759962828,713.6718918838607,698.8858720243884,712.6861572265625,56400,0.0,0.0
2021-07-07 00:00:00+09:00,700.8573542668269,711.7004356971154,697.9001502403846,704.80029296875,23600,0.0,0.0
2021-07-08 00:00:00+09:00,704.8002891756047,708.7432278563074,696.9144118141994,697.900146484375,36700,0.0,0.0
2021-07-09 00:00:00+09:00,691.985739463617,720.5720449400343,691.0000047920164,715.6433715820312,99400,0.0,0.0
2021-07-12 00:00:00+09:00,719.5862998276496,724.5149731141403,710.7146879119662,712.6861572265625,68200,0.0,0.0
2021-07-13 00:00:00+09:00,712.686138639369,718.6005464289074,693.9571806391643,695.9286499023438,71400,0.0,0.0
2021-07-14 00:00:00+09:00,710.7146543305496,747.1868349272629,705.7859812769397,743.243896484375,281600,0.0,0.0
2021-07-15 00:00:00+09:00,741.2724769248806,741.2724769248806,721.5577833896444,722.5435180664062,74800,0.0,0.0
2021-07-16 00:00:00+09:00,722.5434820671184,736.343766854212,722.5434820671184,735.3580322265625,35500,0.0,0.0
2021-07-19 00:00:00+09:00,726.4864463492615,728.457915674497,711.7004264099957,719.5863037109375,39500,0.0,0.0
2021-07-20 00:00:00+09:00,714.6576397235576,716.6291090745192,704.80029296875,704.80029296875,51600,0.0,0.0
2021-07-21 00:00:00+09:00,717.6147987515319,719.5862679788712,703.8145141601562,703.8145141601562,37100,0.0,0.0
2021-07-26 00:00:00+09:00,718.6005600487626,737.329518403943,714.657621447672,734.372314453125,53800,0.0,0.0
2021-07-27 00:00:00+09:00,739.3009764675036,760.0014038085938,735.3580379263436,760.0014038085938,74100,0.0,0.0
2021-07-28 00:00:00+09:00,747.1868859099326,752.1155592998398,740.2867431640625,740.2867431640625,32500,0.0,0.0
2021-07-29 00:00:00+09:00,740.2867412860577,768.873046875,740.2867412860577,768.873046875,74800,0.0,0.0
2021-07-30 00:00:00+09:00,760.0013891312828,761.9728583637894,745.2153698874836,750.14404296875,46900,0.0,0.0
2021-08-02 00:00:00+09:00,749.158349672542,761.972900390625,748.1726150019203,761.972900390625,47900,0.0,0.0
2021-08-03 00:00:00+09:00,749.1583316540592,757.0442088293651,737.3295158911003,745.2153930664062,101100,0.0,0.0
2021-08-04 00:00:00+09:00,739.3009748116907,745.2153826101843,736.3437709124439,742.2581787109375,60000,0.0,0.0
2021-08-05 00:00:00+09:00,735.3580362793617,750.1440557755955,735.3580362793617,742.2581787109375,39600,0.0,0.0
2021-08-06 00:00:00+09:00,743.2438922356091,744.2296268406961,733.3865461847389,736.34375,42900,0.0,0.0
2021-08-10 00:00:00+09:00,735.3580258789062,742.2581682128906,734.3722912597656,739.3009643554688,32800,0.0,0.0
2021-08-11 00:00:00+09:00,742.2582125200254,744.2296818759883,737.3295391301182,740.2867431640625,27500,0.0,0.0
2021-08-12 00:00:00+09:00,743.2439092477589,743.2439092477589,735.3580322265625,735.3580322265625,25700,0.0,0.0
2021-08-13 00:00:00+09:00,736.3437479869671,747.1868286132812,735.3580133845749,747.1868286132812,48300,0.0,0.0
2021-08-16 00:00:00+09:00,739.3010019466577,746.2011446314932,725.5007165769867,744.2296752929688,88800,0.0,0.0
2021-08-17 00:00:00+09:00,748.1725995569421,749.1583342072148,734.372314453125,734.372314453125,39500,0.0,0.0
2021-08-18 00:00:00+09:00,738.315256970994,745.215399559508,734.372318348986,741.2724609375,62700,0.0,0.0
2021-08-19 00:00:00+09:00,739.3009942552821,743.2439328913102,730.4293823242188,730.4293823242188,35200,0.0,0.0
2021-08-20 00:00:00+09:00,727.4721427128233,739.3009580414871,714.6575927734375,714.6575927734375,133600,0.0,0.0
2021-08-23 00:00:00+09:00,714.6575885230784,729.4436075959698,707.7574462890625,707.7574462890625,108300,0.0,0.0
2021-08-24 00:00:00+09:00,707.7574504983836,721.5577350484914,707.7574504983836,714.6575927734375,95300,0.0,0.0
2021-08-25 00:00:00+09:00,715.6433611984569,720.5720344849476,709.728953254668,712.6861572265625,119200,0.0,0.0
2021-08-26 00:00:00+09:00,713.671887957184,716.6290919128077,702.8288067865639,705.7860107421875,265600,0.0,0.0
2021-08-27 00:00:00+09:00,699.8716119828816,700.8573466476463,684.0998573466477,691.0,694700,0.0,0.0
2021-08-30 00:00:00+09:00,702.0,723.0,691.0,723.0,479300,10.0,0.0
2021-08-31 00:00:00+09:00,722.0,735.0,711.0,714.0,114200,0.0,0.0
2021-09-01 00:00:00+09:00,718.0,725.0,713.0,713.0,57900,0.0,0.0
2021-09-02 00:00:00+09:00,713.0,714.0,708.0,711.0,35200,0.0,0.0
2021-09-03 00:00:00+09:00,712.0,728.0,707.0,718.0,87400,0.0,0.0
2021-09-06 00:00:00+09:00,720.0,722.0,713.0,721.0,34900,0.0,0.0
2021-09-07 00:00:00+09:00,722.0,725.0,715.0,722.0,53700,0.0,0.0
2021-09-08 00:00:00+09:00,721.0,726.0,719.0,725.0,36800,0.0,0.0
2021-09-09 00:00:00+09:00,721.0,729.0,721.0,727.0,44900,0.0,0.0
2021-09-10 00:00:00+09:00,729.0,737.0,727.0,736.0,63500,0.0,0.0
2021-09-13 00:00:00+09:00,736.0,745.0,733.0,745.0,46000,0.0,0.0
2021-09-14 00:00:00+09:00,745.0,745.0,739.0,745.0,33300,0.0,0.0
2021-09-15 00:00:00+09:00,736.0,738.0,728.0,731.0,27100,0.0,0.0
2021-09-16 00:00:00+09:00,725.0,729.0,720.0,726.0,27000,0.0,0.0
2021-09-17 00:00:00+09:00,730.0,747.0,723.0,747.0,64500,0.0,0.0
2021-09-21 00:00:00+09:00,721.0,736.0,721.0,729.0,32300,0.0,0.0
2021-09-22 00:00:00+09:00,721.0,728.0,711.0,711.0,43900,0.0,0.0
2021-09-24 00:00:00+09:00,720.0,731.0,720.0,731.0,37800,0.0,0.0
2021-09-27 00:00:00+09:00,730.0,731.0,725.0,730.0,36200,0.0,0.0
2021-09-28 00:00:00+09:00,730.0,731.0,722.0,730.0,31500,0.0,0.0
2021-09-29 00:00:00+09:00,721.0,728.0,719.0,728.0,32900,0.0,0.0
2021-09-30 00:00:00+09:00,727.0,739.0,726.0,730.0,34800,0.0,0.0
2021-10-01 00:00:00+09:00,724.0,724.0,712.0,719.0,29700,0.0,0.0
2021-10-04 00:00:00+09:00,722.0,728.0,718.0,723.0,24300,0.0,0.0
2021-10-05 00:00:00+09:00,702.0,718.0,702.0,711.0,66000,0.0,0.0
2021-10-06 00:00:00+09:00,715.0,721.0,697.0,698.0,49800,0.0,0.0
2021-10-07 00:00:00+09:00,702.0,702.0,693.0,696.0,43300,0.0,0.0
2021-10-08 00:00:00+09:00,705.0,716.0,703.0,711.0,28200,0.0,0.0
2021-10-11 00:00:00+09:00,710.0,719.0,705.0,717.0,17200,0.0,0.0
2021-10-12 00:00:00+09:00,712.0,716.0,695.0,695.0,61100,0.0,0.0
2021-10-13 00:00:00+09:00,720.0,739.0,693.0,701.0,138800,0.0,0.0
2021-10-14 00:00:00+09:00,695.0,699.0,674.0,675.0,79300,0.0,0.0
2021-10-15 00:00:00+09:00,687.0,705.0,687.0,705.0,55600,0.0,0.0
2021-10-18 00:00:00+09:00,708.0,711.0,697.0,699.0,29500,0.0,0.0
2021-10-19 00:00:00+09:00,700.0,705.0,699.0,702.0,21700,0.0,0.0
2021-10-20 00:00:00+09:00,702.0,702.0,685.0,692.0,47500,0.0,0.0
2021-10-21 00:00:00+09:00,689.0,689.0,676.0,685.0,33100,0.0,0.0
2021-10-22 00:00:00+09:00,682.0,688.0,681.0,687.0,18500,0.0,0.0
2021-10-25 00:00:00+09:00,685.0,688.0,681.0,688.0,18700,0.0,0.0
2021-10-26 00:00:00+09:00,690.0,700.0,690.0,700.0,21600,0.0,0.0
2021-10-27 00:00:00+09:00,700.0,710.0,694.0,710.0,33900,0.0,0.0
2021-10-28 00:00:00+09:00,706.0,712.0,703.0,706.0,36100,0.0,0.0
2021-10-29 00:00:00+09:00,707.0,713.0,700.0,713.0,20700,0.0,0.0
2021-11-01 00:00:00+09:00,716.0,718.0,707.0,715.0,33600,0.0,0.0
2021-11-02 00:00:00+09:00,715.0,725.0,714.0,724.0,29700,0.0,0.0
2021-11-04 00:00:00+09:00,724.0,724.0,713.0,719.0,21100,0.0,0.0
2021-11-05 00:00:00+09:00,683.0,712.0,679.0,688.0,70300,0.0,0.0
2021-11-08 00:00:00+09:00,689.0,708.0,688.0,706.0,41200,0.0,0.0
2021-11-09 00:00:00+09:00,705.0,707.0,695.0,698.0,31500,0.0,0.0
2021-11-10 00:00:00+09:00,698.0,703.0,696.0,699.0,11300,0.0,0.0
2021-11-11 00:00:00+09:00,698.0,701.0,690.0,690.0,10000,0.0,0.0
2021-11-12 00:00:00+09:00,690.0,713.0,690.0,713.0,33800,0.0,0.0
2021-11-15 00:00:00+09:00,714.0,719.0,710.0,719.0,30500,0.0,0.0
2021-11-16 00:00:00+09:00,719.0,723.0,716.0,721.0,24500,0.0,0.0
2021-11-17 00:00:00+09:00,721.0,721.0,705.0,706.0,11800,0.0,0.0
2021-11-18 00:00:00+09:00,706.0,707.0,697.0,705.0,13800,0.0,0.0
2021-11-19 00:00:00+09:00,709.0,715.0,702.0,712.0,15100,0.0,0.0
2021-11-22 00:00:00+09:00,718.0,718.0,710.0,715.0,15700,0.0,0.0
2021-11-24 00:00:00+09:00,715.0,717.0,706.0,717.0,21300,0.0,0.0
2021-11-25 00:00:00+09:00,720.0,721.0,708.0,715.0,13700,0.0,0.0
2021-11-26 00:00:00+09:00,714.0,715.0,704.0,711.0,30200,0.0,0.0
2021-11-29 00:00:00+09:00,701.0,717.0,697.0,697.0,30400,0.0,0.0
2021-11-30 00:00:00+09:00,697.0,714.0,695.0,695.0,28600,0.0,0.0
2021-12-01 00:00:00+09:00,695.0,720.0,695.0,720.0,44200,0.0,0.0
2021-12-02 00:00:00+09:00,716.0,720.0,708.0,708.0,26300,0.0,0.0
2021-12-03 00:00:00+09:00,707.0,717.0,707.0,716.0,19800,0.0,0.0
2021-12-06 00:00:00+09:00,717.0,720.0,714.0,720.0,20900,0.0,0.0
2021-12-07 00:00:00+09:00,720.0,740.0,719.0,740.0,45400,0.0,0.0
2021-12-08 00:00:00+09:00,740.0,741.0,732.0,741.0,27000,0.0,0.0
2021-12-09 00:00:00+09:00,740.0,740.0,733.0,737.0,16300,0.0,0.0
2021-12-10 00:00:00+09:00,737.0,737.0,727.0,734.0,25500,0.0,0.0
2021-12-13 00:00:00+09:00,739.0,739.0,727.0,734.0,12700,0.0,0.0
2021-12-14 00:00:00+09:00,727.0,734.0,725.0,730.0,13100,0.0,0.0
2021-12-15 00:00:00+09:00,724.0,739.0,723.0,736.0,17300,0.0,0.0
2021-12-16 00:00:00+09:00,739.0,740.0,732.0,740.0,20100,0.0,0.0
2021-12-17 00:00:00+09:00,736.0,739.0,732.0,736.0,21500,0.0,0.0
2021-12-20 00:00:00+09:00,732.0,737.0,721.0,721.0,16100,0.0,0.0
2021-12-21 00:00:00+09:00,728.0,737.0,721.0,735.0,34800,0.0,0.0
2021-12-22 00:00:00+09:00,732.0,732.0,708.0,729.0,40400,0.0,0.0
2021-12-23 00:00:00+09:00,729.0,740.0,722.0,740.0,22200,0.0,0.0
2021-12-24 00:00:00+09:00,745.0,745.0,732.0,732.0,24000,0.0,0.0
2021-12-27 00:00:00+09:00,732.0,732.0,726.0,732.0,14300,0.0,0.0
2021-12-28 00:00:00+09:00,737.0,751.0,732.0,751.0,60100,0.0,0.0
2021-12-29 00:00:00+09:00,751.0,755.0,745.0,755.0,29200,0.0,0.0
2021-12-30 00:00:00+09:00,753.0,756.0,750.0,750.0,19400,0.0,0.0
2022-01-04 00:00:00+09:00,750.0,750.0,739.0,748.0,18200,0.0,0.0
2022-01-05 00:00:00+09:00,750.0,753.0,745.0,753.0,19900,0.0,0.0
2022-01-06 00:00:00+09:00,747.0,747.0,728.0,728.0,29200,0.0,0.0
2022-01-07 00:00:00+09:00,727.0,733.0,711.0,711.0,22800,0.0,0.0
2022-01-11 00:00:00+09:00,710.0,718.0,701.0,717.0,36100,0.0,0.0
2022-01-12 00:00:00+09:00,718.0,718.0,704.0,715.0,31800,0.0,0.0
2022-01-13 00:00:00+09:00,712.0,712.0,701.0,701.0,12900,0.0,0.0
2022-01-14 00:00:00+09:00,700.0,700.0,691.0,695.0,21000,0.0,0.0
2022-01-17 00:00:00+09:00,692.0,701.0,692.0,700.0,11500,0.0,0.0
2022-01-18 00:00:00+09:00,704.0,715.0,701.0,710.0,22100,0.0,0.0
2022-01-19 00:00:00+09:00,704.0,707.0,687.0,687.0,23600,0.0,0.0
2022-01-20 00:00:00+09:00,685.0,702.0,685.0,695.0,17600,0.0,0.0
2022-01-21 00:00:00+09:00,690.0,705.0,687.0,705.0,12100,0.0,0.0
2022-01-24 00:00:00+09:00,694.0,705.0,692.0,704.0,10800,0.0,0.0
2022-01-25 00:00:00+09:00,710.0,710.0,693.0,695.0,14500,0.0,0.0
2022-01-26 00:00:00+09:00,695.0,703.0,694.0,694.0,5500,0.0,0.0
2022-01-27 00:00:00+09:00,694.0,696.0,670.0,670.0,30700,0.0,0.0
2022-01-28 00:00:00+09:00,675.0,689.0,672.0,672.0,29200,0.0,0.0
2022-01-31 00:00:00+09:00,670.0,690.0,670.0,690.0,12900,0.0,0.0
2022-02-01 00:00:00+09:00,690.0,695.0,685.0,688.0,7500,0.0,0.0
2022-02-02 00:00:00+09:00,688.0,705.0,688.0,705.0,14800,0.0,0.0
2022-02-03 00:00:00+09:00,701.0,703.0,696.0,699.0,6700,0.0,0.0
2022-02-04 00:00:00+09:00,699.0,711.0,698.0,708.0,14800,0.0,0.0
2022-02-07 00:00:00+09:00,707.0,720.0,705.0,720.0,15700,0.0,0.0
2022-02-08 00:00:00+09:00,720.0,730.0,718.0,729.0,16500,0.0,0.0
2022-02-09 00:00:00+09:00,730.0,733.0,725.0,730.0,14000,0.0,0.0
2022-02-10 00:00:00+09:00,726.0,735.0,725.0,735.0,14500,0.0,0.0
2022-02-14 00:00:00+09:00,720.0,732.0,720.0,722.0,12600,0.0,0.0
2022-02-15 00:00:00+09:00,725.0,726.0,710.0,710.0,11600,0.0,0.0
2022-02-16 00:00:00+09:00,715.0,715.0,707.0,710.0,6700,0.0,0.0
2022-02-17 00:00:00+09:00,706.0,707.0,700.0,702.0,10100,0.0,0.0
2022-02-18 00:00:00+09:00,704.0,721.0,702.0,721.0,11700,0.0,0.0
2022-02-21 00:00:00+09:00,713.0,720.0,710.0,712.0,9700,0.0,0.0
2022-02-22 00:00:00+09:00,707.0,708.0,695.0,697.0,9900,0.0,0.0
2022-02-24 00:00:00+09:00,693.0,706.0,693.0,706.0,18700,0.0,0.0
2022-02-25 00:00:00+09:00,719.0,719.0,703.0,709.0,12700,0.0,0.0
2022-02-28 00:00:00+09:00,709.0,717.0,706.0,713.0,13600,0.0,0.0
2022-03-01 00:00:00+09:00,717.0,720.0,715.0,717.0,11100,0.0,0.0
2022-03-02 00:00:00+09:00,717.0,717.0,703.0,703.0,12300,0.0,0.0
2022-03-03 00:00:00+09:00,703.0,713.0,703.0,708.0,13600,0.0,0.0
2022-03-04 00:00:00+09:00,704.0,708.0,694.0,694.0,20400,0.0,0.0
2022-03-07 00:00:00+09:00,694.0,703.0,683.0,697.0,22600,0.0,0.0
2022-03-08 00:00:00+09:00,687.0,700.0,680.0,685.0,17400,0.0,0.0
2022-03-09 00:00:00+09:00,680.0,686.0,660.0,660.0,42700,0.0,0.0
2022-03-10 00:00:00+09:00,664.0,699.0,664.0,690.0,35300,0.0,0.0
2022-03-11 00:00:00+09:00,673.0,688.0,673.0,683.0,23200,0.0,0.0
2022-03-14 00:00:00+09:00,688.0,698.0,683.0,692.0,14300,0.0,0.0
2022-03-15 00:00:00+09:00,695.0,709.0,694.0,709.0,15400,0.0,0.0
2022-03-16 00:00:00+09:00,710.0,716.0,704.0,713.0,17600,0.0,0.0
2022-03-17 00:00:00+09:00,717.0,726.0,710.0,726.0,23600,0.0,0.0
2022-03-18 00:00:00+09:00,718.0,725.0,711.0,711.0,35100,0.0,0.0
2022-03-22 00:00:00+09:00,714.0,714.0,697.0,704.0,27400,0.0,0.0
2022-03-23 00:00:00+09:00,710.0,724.0,705.0,722.0,23800,0.0,0.0
2022-03-24 00:00:00+09:00,715.0,737.0,713.0,737.0,33000,0.0,0.0
2022-03-25 00:00:00+09:00,740.0,740.0,721.0,725.0,16900,0.0,0.0
2022-03-28 00:00:00+09:00,725.0,725.0,714.0,722.0,11800,0.0,0.0
2022-03-29 00:00:00+09:00,722.0,732.0,718.0,732.0,19900,0.0,0.0
2022-03-30 00:00:00+09:00,732.0,732.0,711.0,727.0,24200,0.0,0.0
2022-03-31 00:00:00+09:00,719.0,731.0,718.0,726.0,18100,0.0,0.0
2022-04-01 00:00:00+09:00,721.0,730.0,719.0,728.0,9900,0.0,0.0
2022-04-04 00:00:00+09:00,728.0,735.0,728.0,731.0,12300,0.0,0.0
2022-04-05 00:00:00+09:00,735.0,743.0,731.0,741.0,25600,0.0,0.0
2022-04-06 00:00:00+09:00,739.0,742.0,728.0,734.0,23700,0.0,0.0
2022-04-07 00:00:00+09:00,730.0,734.0,714.0,718.0,16300,0.0,0.0
2022-04-08 00:00:00+09:00,718.0,721.0,708.0,715.0,22100,0.0,0.0
2022-04-11 00:00:00+09:00,715.0,725.0,712.0,718.0,27400,0.0,0.0
2022-04-12 00:00:00+09:00,722.0,722.0,706.0,709.0,31100,0.0,0.0
2022-04-13 00:00:00+09:00,690.0,694.0,682.0,691.0,73200,0.0,0.0
2022-04-14 00:00:00+09:00,693.0,699.0,688.0,691.0,24600,0.0,0.0
2022-04-15 00:00:00+09:00,690.0,694.0,685.0,685.0,78900,0.0,0.0
2022-04-18 00:00:00+09:00,689.0,691.0,681.0,685.0,21300,0.0,0.0
2022-04-19 00:00:00+09:00,689.0,698.0,687.0,693.0,20600,0.0,0.0
2022-04-20 00:00:00+09:00,695.0,701.0,688.0,699.0,21000,0.0,0.0
2022-04-21 00:00:00+09:00,696.0,700.0,692.0,700.0,17200,0.0,0.0
2022-04-22 00:00:00+09:00,690.0,698.0,690.0,695.0,32300,0.0,0.0
2022-04-25 00:00:00+09:00,693.0,698.0,690.0,691.0,38500,0.0,0.0
2022-04-26 00:00:00+09:00,693.0,694.0,686.0,688.0,16300,0.0,0.0
2022-04-27 00:00:00+09:00,685.0,712.0,683.0,712.0,55200,0.0,0.0
2022-04-28 00:00:00+09:00,708.0,712.0,700.0,709.0,38900,0.0,0.0
2022-05-02 00:00:00+09:00,709.0,712.0,704.0,710.0,42600,0.0,0.0
2022-05-06 00:00:00+09:00,715.0,735.0,711.0,735.0,48800,0.0,0.0
2022-05-09 00:00:00+09:00,727.0,728.0,708.0,708.0,29200,0.0,0.0
2022-05-10 00:00:00+09:00,704.0,711.0,701.0,701.0,28500,0.0,0.0
2022-05-11 00:00:00+09:00,700.0,704.0,698.0,698.0,24500,0.0,0.0
2022-05-12 00:00:00+09:00,695.0,704.0,694.0,702.0,25100,0.0,0.0
2022-05-13 00:00:00+09:00,699.0,714.0,699.0,714.0,23800,0.0,0.0
2022-05-16 00:00:00+09:00,715.0,715.0,700.0,706.0,15900,0.0,0.0
2022-05-17 00:00:00+09:00,708.0,710.0,701.0,706.0,13900,0.0,0.0
2022-05-18 00:00:00+09:00,704.0,709.0,702.0,709.0,11800,0.0,0.0
2022-05-19 00:00:00+09:00,702.0,711.0,701.0,711.0,18800,0.0,0.0
2022-05-20 00:00:00+09:00,714.0,728.0,712.0,728.0,43900,0.0,0.0
2022-05-23 00:00:00+09:00,730.0,730.0,720.0,728.0,23600,0.0,0.0
2022-05-24 00:00:00+09:00,720.0,723.0,711.0,711.0,14700,0.0,0.0
2022-05-25 00:00:00+09:00,720.0,720.0,710.0,713.0,15400,0.0,0.0
2022-05-26 00:00:00+09:00,716.0,721.0,714.0,714.0,15700,0.0,0.0
2022-05-27 00:00:00+09:00,721.0,724.0,717.0,724.0,16700,0.0,0.0
2022-05-30 00:00:00+09:00,728.0,743.0,722.0,743.0,78200,0.0,0.0
2022-05-31 00:00:00+09:00,740.0,740.0,727.0,735.0,18000,0.0,0.0
2022-06-01 00:00:00+09:00,732.0,740.0,731.0,740.0,17500,0.0,0.0
2022-06-02 00:00:00+09:00,740.0,740.0,733.0,740.0,13300,0.0,0.0
2022-06-03 00:00:00+09:00,743.0,766.0,742.0,761.0,89100,0.0,0.0
2022-06-06 00:00:00+09:00,758.0,760.0,753.0,760.0,29900,0.0,0.0
2022-06-07 00:00:00+09:00,757.0,759.0,753.0,758.0,20200,0.0,0.0
2022-06-08 00:00:00+09:00,759.0,763.0,753.0,763.0,26800,0.0,0.0
2022-06-09 00:00:00+09:00,762.0,762.0,755.0,761.0,19000,0.0,0.0
2022-06-10 00:00:00+09:00,763.0,763.0,748.0,751.0,36800,0.0,0.0
2022-06-13 00:00:00+09:00,745.0,760.0,722.0,741.0,95600,0.0,0.0
2022-06-14 00:00:00+09:00,730.0,737.0,725.0,730.0,22200,0.0,0.0
2022-06-15 00:00:00+09:00,725.0,728.0,715.0,715.0,25300,0.0,0.0
2022-06-16 00:00:00+09:00,724.0,734.0,724.0,730.0,17400,0.0,0.0
2022-06-17 00:00:00+09:00,720.0,723.0,706.0,708.0,57100,0.0,0.0
2022-06-20 00:00:00+09:00,709.0,713.0,705.0,710.0,18900,0.0,0.0
2022-06-21 00:00:00+09:00,718.0,728.0,718.0,725.0,22600,0.0,0.0
2022-06-22 00:00:00+09:00,729.0,729.0,718.0,723.0,13000,0.0,0.0
2022-06-23 00:00:00+09:00,726.0,728.0,721.0,727.0,20600,0.0,0.0
2022-06-24 00:00:00+09:00,749.0,749.0,736.0,744.0,33200,0.0,0.0
2022-06-27 00:00:00+09:00,749.0,749.0,738.0,745.0,22300,0.0,0.0
2022-06-28 00:00:00+09:00,748.0,752.0,745.0,751.0,28200,0.0,0.0
2022-06-29 00:00:00+09:00,750.0,760.0,742.0,760.0,45000,0.0,0.0
2022-06-30 00:00:00+09:00,755.0,758.0,744.0,744.0,26700,0.0,0.0
2022-07-01 00:00:00+09:00,742.0,746.0,727.0,734.0,34900,0.0,0.0
2022-07-04 00:00:00+09:00,740.0,745.0,733.0,744.0,16700,0.0,0.0
2022-07-05 00:00:00+09:00,736.0,751.0,736.0,747.0,27100,0.0,0.0
2022-07-06 00:00:00+09:00,743.0,745.0,739.0,740.0,22000,0.0,0.0
2022-07-07 00:00:00+09:00,742.0,747.0,740.0,746.0,30200,0.0,0.0
2022-07-08 00:00:00+09:00,748.0,749.0,735.0,735.0,42300,0.0,0.0
2022-07-11 00:00:00+09:00,742.0,745.0,741.0,745.0,30500,0.0,0.0
2022-07-12 00:00:00+09:00,745.0,755.0,729.0,751.0,76000,0.0,0.0
2022-07-13 00:00:00+09:00,726.0,748.0,725.0,748.0,74600,0.0,0.0
2022-07-14 00:00:00+09:00,746.0,748.0,741.0,745.0,20400,0.0,0.0
2022-07-15 00:00:00+09:00,741.0,745.0,734.0,740.0,29100,0.0,0.0
2022-07-19 00:00:00+09:00,744.0,744.0,736.0,744.0,24100,0.0,0.0
2022-07-20 00:00:00+09:00,749.0,752.0,745.0,747.0,32500,0.0,0.0
2022-07-21 00:00:00+09:00,748.0,753.0,748.0,753.0,22800,0.0,0.0
2022-07-22 00:00:00+09:00,753.0,753.0,747.0,751.0,19900,0.0,0.0
2022-07-25 00:00:00+09:00,753.0,756.0,746.0,748.0,33800,0.0,0.0
2022-07-26 00:00:00+09:00,748.0,750.0,742.0,745.0,18700,0.0,0.0
2022-07-27 00:00:00+09:00,742.0,746.0,738.0,738.0,26100,0.0,0.0
2022-07-28 00:00:00+09:00,745.0,751.0,735.0,750.0,55200,0.0,0.0
2022-07-29 00:00:00+09:00,748.0,748.0,739.0,742.0,28400,0.0,0.0
2022-08-01 00:00:00+09:00,746.0,750.0,743.0,750.0,25300,0.0,0.0
2022-08-02 00:00:00+09:00,750.0,750.0,737.0,737.0,59400,0.0,0.0
2022-08-03 00:00:00+09:00,736.0,736.0,728.0,728.0,104300,0.0,0.0
2022-08-04 00:00:00+09:00,730.0,730.0,725.0,725.0,64800,0.0,0.0
2022-08-05 00:00:00+09:00,725.0,735.0,725.0,735.0,80500,0.0,0.0
2022-08-08 00:00:00+09:00,729.0,731.0,726.0,730.0,76600,0.0,0.0
2022-08-09 00:00:00+09:00,736.0,736.0,726.0,729.0,174200,0.0,0.0
2022-08-10 00:00:00+09:00,729.0,732.0,724.0,729.0,61500,0.0,0.0
2022-08-12 00:00:00+09:00,732.0,745.0,732.0,745.0,90000,0.0,0.0
2022-08-15 00:00:00+09:00,745.0,745.0,738.0,739.0,34200,0.0,0.0
2022-08-16 00:00:00+09:00,741.0,741.0,737.0,738.0,28000,0.0,0.0
2022-08-17 00:00:00+09:00,744.0,744.0,738.0,740.0,70900,0.0,0.0
2022-08-18 00:00:00+09:00,740.0,741.0,736.0,738.0,94900,0.0,0.0
2022-08-19 00:00:00+09:00,738.0,741.0,738.0,738.0,39400,0.0,0.0
2022-08-22 00:00:00+09:00,736.0,739.0,736.0,739.0,44700,0.0,0.0
2022-08-23 00:00:00+09:00,736.0,742.0,736.0,740.0,46800,0.0,0.0
2022-08-24 00:00:00+09:00,740.0,741.0,738.0,740.0,42700,0.0,0.0
2022-08-25 00:00:00+09:00,738.0,741.0,737.0,740.0,115400,0.0,0.0
2022-08-26 00:00:00+09:00,738.0,739.0,731.0,732.0,241000,0.0,0.0
2022-08-29 00:00:00+09:00,728.0,730.0,723.0,723.0,731000,0.0,0.0
2022-08-30 00:00:00+09:00,720.0,721.0,704.0,706.0,464500,0.0,0.0
2022-08-31 00:00:00+09:00,700.0,700.0,695.0,697.0,95200,0.0,0.0
2022-09-01 00:00:00+09:00,693.0,695.0,681.0,684.0,98500,0.0,0.0
2022-09-02 00:00:00+09:00,683.0,684.0,671.0,675.0,70000,0.0,0.0
2022-09-05 00:00:00+09:00,675.0,688.0,674.0,683.0,65700,0.0,0.0
2022-09-06 00:00:00+09:00,684.0,688.0,676.0,682.0,70000,0.0,0.0
2022-09-07 00:00:00+09:00,677.0,683.0,670.0,683.0,78200,0.0,0.0
2022-09-08 00:00:00+09:00,689.0,693.0,684.0,693.0,71400,0.0,0.0
2022-09-09 00:00:00+09:00,690.0,694.0,686.0,688.0,58300,0.0,0.0
2022-09-12 00:00:00+09:00,693.0,695.0,688.0,692.0,33300,0.0,0.0
2022-09-13 00:00:00+09:00,695.0,705.0,691.0,705.0,63400,0.0,0.0
2022-09-14 00:00:00+09:00,688.0,692.0,685.0,686.0,57700,0.0,0.0
2022-09-15 00:00:00+09:00,686.0,693.0,684.0,693.0,27500,0.0,0.0
2022-09-16 00:00:00+09:00,692.0,700.0,690.0,690.0,42300,0.0,0.0
2022-09-20 00:00:00+09:00,695.0,695.0,689.0,694.0,36100,0.0,0.0
2022-09-21 00:00:00+09:00,690.0,692.0,687.0,690.0,29200,0.0,0.0
2022-09-22 00:00:00+09:00,688.0,697.0,687.0,695.0,27100,0.0,0.0
2022-09-26 00:00:00+09:00,687.0,692.0,686.0,687.0,64600,0.0,0.0
2022-09-27 00:00:00+09:00,687.0,688.0,681.0,682.0,37700,0.0,0.0
2022-09-28 00:00:00+09:00,680.0,680.0,662.0,673.0,71800,0.0,0.0
2022-09-29 00:00:00+09:00,679.0,684.0,678.0,683.0,64400,0.0,0.0
2022-09-30 00:00:00+09:00,682.0,682.0,671.0,672.0,33500,0.0,0.0
2022-10-03 00:00:00+09:00,670.0,676.0,664.0,676.0,27600,0.0,0.0
2022-10-04 00:00:00+09:00,676.0,695.0,676.0,695.0,60100,0.0,0.0
2022-10-05 00:00:00+09:00,698.0,699.0,692.0,692.0,38600,0.0,0.0
2022-10-06 00:00:00+09:00,693.0,695.0,691.0,693.0,30800,0.0,0.0
2022-10-07 00:00:00+09:00,690.0,696.0,690.0,696.0,29500,0.0,0.0
2022-10-11 00:00:00+09:00,696.0,696.0,664.0,666.0,129300,0.0,0.0
2022-10-12 00:00:00+09:00,687.0,691.0,643.0,645.0,225000,0.0,0.0
2022-10-13 00:00:00+09:00,641.0,641.0,610.0,614.0,179700,0.0,0.0
2022-10-14 00:00:00+09:00,620.0,623.0,607.0,614.0,104000,0.0,0.0
2022-10-17 00:00:00+09:00,610.0,617.0,608.0,611.0,59000,0.0,0.0
2022-10-18 00:00:00+09:00,614.0,617.0,608.0,616.0,53800,0.0,0.0
2022-10-19 00:00:00+09:00,614.0,615.0,610.0,610.0,38800,0.0,0.0
2022-10-20 00:00:00+09:00,608.0,608.0,602.0,603.0,56800,0.0,0.0
2022-10-21 00:00:00+09:00,602.0,605.0,600.0,602.0,45000,0.0,0.0
2022-10-24 00:00:00+09:00,609.0,614.0,605.0,609.0,46200,0.0,0.0
2022-10-25 00:00:00+09:00,615.0,615.0,606.0,611.0,28800,0.0,0.0
2022-10-26 00:00:00+09:00,614.0,619.0,611.0,616.0,45200,0.0,0.0
2022-10-27 00:00:00+09:00,614.0,619.0,611.0,615.0,32400,0.0,0.0
2022-10-28 00:00:00+09:00,612.0,617.0,607.0,608.0,124800,0.0,0.0
2022-10-31 00:00:00+09:00,609.0,615.0,609.0,611.0,24500,0.0,0.0
2022-11-01 00:00:00+09:00,615.0,619.0,612.0,616.0,29900,0.0,0.0
2022-11-02 00:00:00+09:00,614.0,617.0,612.0,612.0,19200,0.0,0.0
2022-11-04 00:00:00+09:00,611.0,619.0,606.0,616.0,58500,0.0,0.0
2022-11-07 00:00:00+09:00,618.0,626.0,614.0,626.0,35500,0.0,0.0
2022-11-08 00:00:00+09:00,626.0,626.0,622.0,624.0,30700,0.0,0.0
2022-11-09 00:00:00+09:00,624.0,624.0,615.0,615.0,30400,0.0,0.0
2022-11-10 00:00:00+09:00,612.0,614.0,610.0,610.0,23300,0.0,0.0
2022-11-11 00:00:00+09:00,619.0,625.0,617.0,624.0,44200,0.0,0.0
2022-11-14 00:00:00+09:00,626.0,626.0,621.0,625.0,24500,0.0,0.0
2022-11-15 00:00:00+09:00,620.0,629.0,618.0,623.0,31200,0.0,0.0
2022-11-16 00:00:00+09:00,623.0,625.0,617.0,625.0,21700,0.0,0.0
2022-11-17 00:00:00+09:00,621.0,628.0,621.0,628.0,16900,0.0,0.0
2022-11-18 00:00:00+09:00,628.0,640.0,627.0,637.0,51300,0.0,0.0
2022-11-21 00:00:00+09:00,637.0,638.0,631.0,635.0,21600,0.0,0.0
2022-11-22 00:00:00+09:00,638.0,639.0,634.0,638.0,23000,0.0,0.0
2022-11-24 00:00:00+09:00,640.0,642.0,634.0,641.0,37400,0.0,0.0
2022-11-25 00:00:00+09:00,642.0,643.0,640.0,642.0,20100,0.0,0.0
2022-11-28 00:00:00+09:00,643.0,648.0,643.0,645.0,28600,0.0,0.0
2022-11-29 00:00:00+09:00,645.0,646.0,641.0,645.0,26300,0.0,0.0
2022-11-30 00:00:00+09:00,645.0,645.0,636.0,636.0,24100,0.0,0.0
2022-12-01 00:00:00+09:00,635.0,635.0,628.0,631.0,20300,0.0,0.0
2022-12-02 00:00:00+09:00,625.0,628.0,619.0,625.0,40000,0.0,0.0
2022-12-05 00:00:00+09:00,629.0,629.0,623.0,626.0,24000,0.0,0.0
2022-12-06 00:00:00+09:00,622.0,624.0,619.0,620.0,21700,0.0,0.0
2022-12-07 00:00:00+09:00,618.0,622.0,616.0,616.0,16200,0.0,0.0
2022-12-08 00:00:00+09:00,616.0,618.0,611.0,611.0,32400,0.0,0.0
2022-12-09 00:00:00+09:00,611.0,618.0,611.0,618.0,20800,0.0,0.0
2022-12-12 00:00:00+09:00,618.0,618.0,614.0,616.0,19300,0.0,0.0
2022-12-13 00:00:00+09:00,616.0,620.0,615.0,616.0,21000,0.0,0.0
2022-12-14 00:00:00+09:00,616.0,617.0,614.0,615.0,19500,0.0,0.0
2022-12-15 00:00:00+09:00,615.0,618.0,615.0,615.0,24200,0.0,0.0
2022-12-16 00:00:00+09:00,613.0,615.0,605.0,605.0,82500,0.0,0.0
2022-12-19 00:00:00+09:00,603.0,608.0,603.0,604.0,27200,0.0,0.0
2022-12-20 00:00:00+09:00,605.0,608.0,595.0,597.0,79400,0.0,0.0
2022-12-21 00:00:00+09:00,597.0,600.0,595.0,597.0,31900,0.0,0.0
2022-12-22 00:00:00+09:00,596.0,598.0,593.0,598.0,37500,0.0,0.0
2022-12-23 00:00:00+09:00,600.0,603.0,597.0,599.0,34800,0.0,0.0
2022-12-26 00:00:00+09:00,599.0,602.0,595.0,598.0,25300,0.0,0.0
2022-12-27 00:00:00+09:00,599.0,602.0,598.0,600.0,25800,0.0,0.0
2022-12-28 00:00:00+09:00,598.0,600.0,596.0,600.0,33600,0.0,0.0
2022-12-29 00:00:00+09:00,600.0,607.0,597.0,607.0,23000,0.0,0.0
2022-12-30 00:00:00+09:00,607.0,613.0,604.0,604.0,34000,0.0,0.0
2023-01-04 00:00:00+09:00,606.0,606.0,600.0,603.0,19100,0.0,0.0
2023-01-05 00:00:00+09:00,601.0,603.0,598.0,598.0,34500,0.0,0.0
2023-01-06 00:00:00+09:00,598.0,602.0,596.0,601.0,20500,0.0,0.0
2023-01-10 00:00:00+09:00,607.0,607.0,603.0,605.0,44400,0.0,0.0
2023-01-11 00:00:00+09:00,600.0,602.0,585.0,592.0,99600,0.0,0.0
2023-01-12 00:00:00+09:00,592.0,592.0,578.0,583.0,80200,0.0,0.0
2023-01-13 00:00:00+09:00,579.0,582.0,565.0,565.0,84200,0.0,0.0
2023-01-16 00:00:00+09:00,560.0,563.0,552.0,555.0,60300,0.0,0.0
2023-01-17 00:00:00+09:00,555.0,555.0,551.0,552.0,37900,0.0,0.0
2023-01-18 00:00:00+09:00,552.0,560.0,550.0,559.0,40700,0.0,0.0
2023-01-19 00:00:00+09:00,553.0,557.0,551.0,551.0,35800,0.0,0.0
2023-01-20 00:00:00+09:00,551.0,563.0,551.0,562.0,36600,0.0,0.0
2023-01-23 00:00:00+09:00,563.0,563.0,559.0,562.0,30400,0.0,0.0
2023-01-24 00:00:00+09:00,563.0,566.0,562.0,565.0,36500,0.0,0.0
2023-01-25 00:00:00+09:00,565.0,566.0,561.0,566.0,29200,0.0,0.0
2023-01-26 00:00:00+09:00,567.0,570.0,565.0,569.0,30200,0.0,0.0
2023-01-27 00:00:00+09:00,569.0,572.0,566.0,570.0,30600,0.0,0.0
2023-01-30 00:00:00+09:00,570.0,576.0,570.0,575.0,108400,0.0,0.0
2023-01-31 00:00:00+09:00,577.0,585.0,575.0,584.0,28800,0.0,0.0
2023-02-01 00:00:00+09:00,584.0,590.0,580.0,581.0,29500,0.0,0.0
2023-02-02 00:00:00+09:00,583.0,583.0,574.0,574.0,21400,0.0,0.0
2023-02-03 00:00:00+09:00,573.0,575.0,570.0,573.0,13100,0.0,0.0
2023-02-06 00:00:00+09:00,571.0,574.0,565.0,566.0,37000,0.0,0.0
2023-02-07 00:00:00+09:00,568.0,571.0,553.0,559.0,116300,0.0,0.0
2023-02-08 00:00:00+09:00,558.0,562.0,558.0,560.0,30000,0.0,0.0
2023-02-09 00:00:00+09:00,560.0,565.0,559.0,561.0,36900,0.0,0.0
2023-02-10 00:00:00+09:00,561.0,564.0,560.0,560.0,10800,0.0,0.0
2023-02-13 00:00:00+09:00,560.0,560.0,551.0,555.0,50600,0.0,0.0
2023-02-14 00:00:00+09:00,556.0,557.0,553.0,553.0,16100,0.0,0.0
2023-02-15 00:00:00+09:00,553.0,554.0,550.0,554.0,40700,0.0,0.0
2023-02-16 00:00:00+09:00,551.0,555.0,551.0,554.0,26100,0.0,0.0
2023-02-17 00:00:00+09:00,553.0,555.0,552.0,553.0,21000,0.0,0.0
2023-02-20 00:00:00+09:00,553.0,559.0,553.0,558.0,31200,0.0,0.0
2023-02-21 00:00:00+09:00,558.0,564.0,558.0,562.0,38200,0.0,0.0
2023-02-22 00:00:00+09:00,558.0,561.0,554.0,557.0,22300,0.0,0.0
2023-02-24 00:00:00+09:00,560.0,561.0,556.0,556.0,27600,0.0,0.0
2023-02-27 00:00:00+09:00,555.0,557.0,553.0,557.0,17900,0.0,0.0
2023-02-28 00:00:00+09:00,557.0,563.0,557.0,560.0,20300,0.0,0.0
2023-03-01 00:00:00+09:00,560.0,565.0,560.0,564.0,19900,0.0,0.0
2023-03-02 00:00:00+09:00,564.0,567.0,559.0,560.0,29400,0.0,0.0
2023-03-03 00:00:00+09:00,565.0,578.0,565.0,573.0,70100,0.0,0.0
2023-03-06 00:00:00+09:00,570.0,571.0,560.0,566.0,52200,0.0,0.0
2023-03-07 00:00:00+09:00,568.0,576.0,568.0,576.0,42400,0.0,0.0
2023-03-08 00:00:00+09:00,574.0,578.0,571.0,578.0,21900,0.0,0.0
2023-03-09 00:00:00+09:00,578.0,588.0,578.0,588.0,43100,0.0,0.0
2023-03-10 00:00:00+09:00,586.0,586.0,580.0,580.0,35200,0.0,0.0
2023-03-13 00:00:00+09:00,572.0,575.0,566.0,575.0,27700,0.0,0.0
2023-03-14 00:00:00+09:00,569.0,569.0,558.0,563.0,37100,0.0,0.0
2023-03-15 00:00:00+09:00,565.0,570.0,564.0,569.0,20600,0.0,0.0
2023-03-16 00:00:00+09:00,560.0,563.0,557.0,560.0,34800,0.0,0.0
2023-03-17 00:00:00+09:00,565.0,565.0,557.0,560.0,48500,0.0,0.0
2023-03-20 00:00:00+09:00,558.0,559.0,550.0,550.0,56800,0.0,0.0
2023-03-22 00:00:00+09:00,558.0,558.0,550.0,552.0,27100,0.0,0.0
2023-03-23 00:00:00+09:00,551.0,556.0,551.0,556.0,16700,0.0,0.0
2023-03-24 00:00:00+09:00,557.0,557.0,553.0,555.0,22000,0.0,0.0
2023-03-27 00:00:00+09:00,555.0,557.0,555.0,556.0,15400,0.0,0.0
2023-03-28 00:00:00+09:00,556.0,557.0,551.0,554.0,18300,0.0,0.0
2023-03-29 00:00:00+09:00,555.0,558.0,554.0,556.0,39400,0.0,0.0
2023-03-30 00:00:00+09:00,559.0,566.0,557.0,566.0,28700,0.0,0.0
2023-03-31 00:00:00+09:00,567.0,568.0,563.0,567.0,19100,0.0,0.0
2023-04-03 00:00:00+09:00,570.0,571.0,567.0,571.0,26000,0.0,0.0
2023-04-04 00:00:00+09:00,574.0,576.0,567.0,576.0,42800,0.0,0.0
2023-04-05 00:00:00+09:00,574.0,575.0,565.0,568.0,37900,0.0,0.0
2023-04-06 00:00:00+09:00,567.0,570.0,562.0,562.0,37900,0.0,0.0
2023-04-07 00:00:00+09:00,562.0,570.0,562.0,563.0,38800,0.0,0.0
2023-04-10 00:00:00+09:00,565.0,567.0,563.0,567.0,21900,0.0,0.0
2023-04-11 00:00:00+09:00,571.0,580.0,570.0,577.0,81200,0.0,0.0
2023-04-12 00:00:00+09:00,569.0,569.0,561.0,562.0,94200,0.0,0.0
2023-04-13 00:00:00+09:00,562.0,565.0,559.0,562.0,65000,0.0,0.0
2023-04-14 00:00:00+09:00,562.0,565.0,561.0,563.0,32400,0.0,0.0
2023-04-17 00:00:00+09:00,568.0,568.0,560.0,564.0,53500,0.0,0.0
2023-04-18 00:00:00+09:00,565.0,570.0,565.0,569.0,38800,0.0,0.0
2023-04-19 00:00:00+09:00,569.0,569.0,563.0,568.0,41100,0.0,0.0
2023-04-20 00:00:00+09:00,564.0,571.0,564.0,570.0,43500,0.0,0.0
2023-04-21 00:00:00+09:00,570.0,571.0,566.0,567.0,26300,0.0,0.0
2023-04-24 00:00:00+09:00,570.0,579.0,570.0,576.0,63400,0.0,0.0
2023-04-25 00:00:00+09:00,579.0,580.0,574.0,579.0,47800,0.0,0.0
2023-04-26 00:00:00+09:00,573.0,576.0,567.0,569.0,56100,0.0,0.0
2023-04-27 00:00:00+09:00,569.0,573.0,568.0,573.0,150600,0.0,0.0
2023-04-28 00:00:00+09:00,576.0,579.0,574.0,579.0,47800,0.0,0.0
2023-05-01 00:00:00+09:00,579.0,580.0,576.0,579.0,29600,0.0,0.0
2023-05-02 00:00:00+09:00,580.0,580.0,576.0,580.0,23600,0.0,0.0
2023-05-08 00:00:00+09:00,580.0,584.0,579.0,579.0,32500,0.0,0.0
2023-05-09 00:00:00+09:00,581.0,584.0,580.0,584.0,36500,0.0,0.0
2023-05-10 00:00:00+09:00,585.0,585.0,577.0,578.0,31000,0.0,0.0
2023-05-11 00:00:00+09:00,578.0,581.0,577.0,581.0,17500,0.0,0.0
2023-05-12 00:00:00+09:00,582.0,585.0,581.0,585.0,42200,0.0,0.0
2023-05-15 00:00:00+09:00,585.0,593.0,585.0,589.0,40200,0.0,0.0
2023-05-16 00:00:00+09:00,592.0,592.0,582.0,582.0,32400,0.0,0.0
2023-05-17 00:00:00+09:00,587.0,587.0,582.0,583.0,25200,0.0,0.0
2023-05-18 00:00:00+09:00,585.0,585.0,578.0,579.0,30900,0.0,0.0
2023-05-19 00:00:00+09:00,580.0,581.0,576.0,576.0,26000,0.0,0.0
2023-05-22 00:00:00+09:00,580.0,580.0,576.0,576.0,26400,0.0,0.0
2023-05-23 00:00:00+09:00,576.0,578.0,570.0,573.0,51000,0.0,0.0
2023-05-24 00:00:00+09:00,571.0,577.0,571.0,575.0,20300,0.0,0.0
2023-05-25 00:00:00+09:00,575.0,576.0,571.0,573.0,21900,0.0,0.0
2023-05-26 00:00:00+09:00,575.0,576.0,570.0,571.0,22900,0.0,0.0
2023-05-29 00:00:00+09:00,573.0,573.0,565.0,566.0,40300,0.0,0.0
2023-05-30 00:00:00+09:00,565.0,565.0,561.0,562.0,37200,0.0,0.0
2023-05-31 00:00:00+09:00,561.0,562.0,553.0,556.0,71000,0.0,0.0
2023-06-01 00:00:00+09:00,558.0,558.0,555.0,555.0,26100,0.0,0.0
2023-06-02 00:00:00+09:00,555.0,559.0,554.0,558.0,25900,0.0,0.0
2023-06-05 00:00:00+09:00,561.0,568.0,561.0,566.0,27900,0.0,0.0
2023-06-06 00:00:00+09:00,566.0,566.0,561.0,561.0,22800,0.0,0.0
2023-06-07 00:00:00+09:00,563.0,567.0,556.0,557.0,56100,0.0,0.0
2023-06-08 00:00:00+09:00,556.0,562.0,555.0,556.0,40300,0.0,0.0
2023-06-09 00:00:00+09:00,557.0,562.0,557.0,560.0,38900,0.0,0.0
2023-06-12 00:00:00+09:00,564.0,564.0,561.0,563.0,24500,0.0,0.0
2023-06-13 00:00:00+09:00,565.0,572.0,564.0,570.0,51200,0.0,0.0
2023-06-14 00:00:00+09:00,572.0,572.0,567.0,570.0,19700,0.0,0.0
2023-06-15 00:00:00+09:00,570.0,572.0,568.0,568.0,22300,0.0,0.0
2023-06-16 00:00:00+09:00,571.0,573.0,569.0,570.0,28000,0.0,0.0
2023-06-19 00:00:00+09:00,570.0,572.0,567.0,572.0,34800,0.0,0.0
2023-06-20 00:00:00+09:00,572.0,576.0,570.0,576.0,24100,0.0,0.0
2023-06-21 00:00:00+09:00,573.0,581.0,573.0,578.0,30100,0.0,0.0
2023-06-22 00:00:00+09:00,581.0,581.0,577.0,579.0,24500,0.0,0.0
2023-06-23 00:00:00+09:00,582.0,584.0,573.0,574.0,42900,0.0,0.0
2023-06-26 00:00:00+09:00,576.0,583.0,575.0,582.0,29600,0.0,0.0
2023-06-27 00:00:00+09:00,581.0,583.0,575.0,583.0,18500,0.0,0.0
2023-06-28 00:00:00+09:00,584.0,590.0,584.0,589.0,42300,0.0,0.0
2023-06-29 00:00:00+09:00,590.0,592.0,588.0,592.0,40200,0.0,0.0
2023-06-30 00:00:00+09:00,592.0,593.0,589.0,590.0,26200,0.0,0.0
2023-07-03 00:00:00+09:00,594.0,596.0,592.0,595.0,42400,0.0,0.0
2023-07-04 00:00:00+09:00,595.0,596.0,592.0,592.0,35000,0.0,0.0
2023-07-05 00:00:00+09:00,594.0,595.0,590.0,590.0,32000,0.0,0.0
2023-07-06 00:00:00+09:00,589.0,592.0,587.0,592.0,43900,0.0,0.0
2023-07-07 00:00:00+09:00,592.0,600.0,589.0,597.0,51500,0.0,0.0
2023-07-10 00:00:00+09:00,601.0,610.0,601.0,608.0,114300,0.0,0.0
2023-07-11 00:00:00+09:00,625.0,632.0,613.0,616.0,350600,0.0,0.0
2023-07-12 00:00:00+09:00,566.0,582.0,560.0,577.0,391500,0.0,0.0
2023-07-13 00:00:00+09:00,578.0,581.0,570.0,579.0,114900,0.0,0.0
2023-07-14 00:00:00+09:00,582.0,586.0,576.0,586.0,65200,0.0,0.0
2023-07-18 00:00:00+09:00,589.0,593.0,586.0,591.0,73700,0.0,0.0
2023-07-19 00:00:00+09:00,591.0,592.0,584.0,592.0,52900,0.0,0.0
2023-07-20 00:00:00+09:00,592.0,592.0,587.0,589.0,38100,0.0,0.0
2023-07-21 00:00:00+09:00,588.0,592.0,585.0,591.0,49100,0.0,0.0
2023-07-24 00:00:00+09:00,593.0,593.0,585.0,586.0,38600,0.0,0.0
2023-07-25 00:00:00+09:00,590.0,595.0,588.0,592.0,54200,0.0,0.0
2023-07-26 00:00:00+09:00,593.0,593.0,586.0,590.0,42500,0.0,0.0
2023-07-27 00:00:00+09:00,590.0,595.0,587.0,595.0,42100,0.0,0.0
2023-07-28 00:00:00+09:00,594.0,594.0,586.0,594.0,181400,0.0,0.0
2023-07-31 00:00:00+09:00,599.0,599.0,592.0,593.0,63700,0.0,0.0
2023-08-01 00:00:00+09:00,592.0,594.0,591.0,591.0,34100,0.0,0.0
2023-08-02 00:00:00+09:00,590.0,591.0,587.0,587.0,50100,0.0,0.0
2023-08-03 00:00:00+09:00,586.0,587.0,578.0,582.0,101300,0.0,0.0
2023-08-04 00:00:00+09:00,580.0,582.0,578.0,582.0,56300,0.0,0.0
2023-08-07 00:00:00+09:00,579.0,588.0,578.0,588.0,74800,0.0,0.0
2023-08-08 00:00:00+09:00,589.0,589.0,581.0,583.0,217800,0.0,0.0
2023-08-09 00:00:00+09:00,582.0,582.0,570.0,572.0,291800,0.0,0.0
2023-08-10 00:00:00+09:00,573.0,579.0,573.0,579.0,74100,0.0,0.0
2023-08-14 00:00:00+09:00,582.0,585.0,577.0,579.0,94800,0.0,0.0
2023-08-15 00:00:00+09:00,579.0,580.0,575.0,579.0,81900,0.0,0.0
2023-08-16 00:00:00+09:00,578.0,579.0,574.0,578.0,96600,0.0,0.0
2023-08-17 00:00:00+09:00,577.0,577.0,571.0,572.0,111500,0.0,0.0
2023-08-18 00:00:00+09:00,571.0,571.0,566.0,569.0,119700,0.0,0.0
2023-08-21 00:00:00+09:00,568.0,572.0,567.0,571.0,140900,0.0,0.0
2023-08-22 00:00:00+09:00,571.0,571.0,565.0,569.0,132000,0.0,0.0
2023-08-23 00:00:00+09:00,568.0,569.0,563.0,565.0,147600,0.0,0.0
2023-08-24 00:00:00+09:00,565.0,565.0,560.0,562.0,203600,0.0,0.0
2023-08-25 00:00:00+09:00,562.0,562.0,554.0,555.0,352900,0.0,0.0
2023-08-28 00:00:00+09:00,558.0,558.0,550.0,554.0,464500,0.0,0.0
2023-08-29 00:00:00+09:00,553.0,556.0,551.0,555.0,923500,0.0,0.0
2023-08-30 00:00:00+09:00,545.0,549.0,543.0,543.0,730600,0.0,0.0
2023-08-31 00:00:00+09:00,543.0,546.0,541.0,543.0,187400,0.0,0.0
2023-09-01 00:00:00+09:00,541.0,544.0,540.0,544.0,129300,0.0,0.0
2023-09-04 00:00:00+09:00,544.0,551.0,543.0,549.0,212000,0.0,0.0
2023-09-05 00:00:00+09:00,549.0,549.0,541.0,547.0,138300,0.0,0.0
2023-09-06 00:00:00+09:00,547.0,548.0,544.0,546.0,61700,0.0,0.0
2023-09-07 00:00:00+09:00,545.0,546.0,543.0,544.0,76200,0.0,0.0
2023-09-08 00:00:00+09:00,542.0,543.0,536.0,538.0,196600,0.0,0.0
2023-09-11 00:00:00+09:00,536.0,537.0,517.0,517.0,272400,0.0,0.0
2023-09-12 00:00:00+09:00,518.0,524.0,514.0,523.0,127700,0.0,0.0
2023-09-13 00:00:00+09:00,525.0,534.0,524.0,532.0,134800,0.0,0.0
2023-09-14 00:00:00+09:00,532.0,533.0,527.0,527.0,59100,0.0,0.0
2023-09-15 00:00:00+09:00,527.0,528.0,518.0,519.0,135800,0.0,0.0
2023-09-19 00:00:00+09:00,518.0,518.0,511.0,513.0,145400,0.0,0.0
2023-09-20 00:00:00+09:00,511.0,512.0,503.0,505.0,145200,0.0,0.0
2023-09-21 00:00:00+09:00,504.0,506.0,500.0,502.0,104000,0.0,0.0
2023-09-22 00:00:00+09:00,500.0,511.0,497.0,509.0,161300,0.0,0.0
2023-09-25 00:00:00+09:00,510.0,515.0,508.0,513.0,78400,0.0,0.0
2023-09-26 00:00:00+09:00,515.0,515.0,512.0,512.0,62400,0.0,0.0
2023-09-27 00:00:00+09:00,508.0,511.0,504.0,511.0,76500,0.0,0.0
2023-09-28 00:00:00+09:00,510.0,512.0,506.0,511.0,59800,0.0,0.0
2023-09-29 00:00:00+09:00,511.0,515.0,507.0,511.0,51900,0.0,0.0
2023-10-02 00:00:00+09:00,513.0,516.0,507.0,508.0,69900,0.0,0.0
2023-10-03 00:00:00+09:00,490.0,492.0,463.0,463.0,479700,0.0,0.0
2023-10-04 00:00:00+09:00,456.0,471.0,450.0,463.0,258600,0.0,0.0
2023-10-05 00:00:00+09:00,467.0,475.0,465.0,475.0,120300,0.0,0.0
2023-10-06 00:00:00+09:00,475.0,485.0,473.0,484.0,99600,0.0,0.0
2023-10-10 00:00:00+09:00,484.0,489.0,478.0,483.0,154500,0.0,0.0
2023-10-11 00:00:00+09:00,490.0,497.0,475.0,477.0,170000,0.0,0.0
2023-10-12 00:00:00+09:00,474.0,474.0,461.0,468.0,160400,0.0,0.0
2023-10-13 00:00:00+09:00,464.0,466.0,454.0,455.0,131900,0.0,0.0
2023-10-16 00:00:00+09:00,453.0,459.0,450.0,456.0,90700,0.0,0.0
2023-10-17 00:00:00+09:00,459.0,465.0,458.0,465.0,74300,0.0,0.0
2023-10-18 00:00:00+09:00,454.0,457.0,439.0,445.0,268500,0.0,0.0
2023-10-19 00:00:00+09:00,438.0,441.0,429.0,440.0,243400,0.0,0.0
2023-10-20 00:00:00+09:00,440.0,446.0,435.0,439.0,83200,0.0,0.0
2023-10-23 00:00:00+09:00,436.0,439.0,426.0,428.0,147900,0.0,0.0
2023-10-24 00:00:00+09:00,428.0,445.0,426.0,442.0,152500,0.0,0.0
2023-10-25 00:00:00+09:00,442.0,449.0,441.0,447.0,74900,0.0,0.0
2023-10-26 00:00:00+09:00,443.0,448.0,443.0,446.0,70900,0.0,0.0
2023-10-27 00:00:00+09:00,444.0,450.0,444.0,446.0,57000,0.0,0.0
2023-10-30 00:00:00+09:00,444.0,445.0,427.0,428.0,305000,0.0,0.0
2023-10-31 00:00:00+09:00,430.0,433.0,421.0,431.0,145000,0.0,0.0
2023-11-01 00:00:00+09:00,435.0,437.0,430.0,431.0,76000,0.0,0.0
2023-11-02 00:00:00+09:00,431.0,433.0,428.0,433.0,84500,0.0,0.0
2023-11-06 00:00:00+09:00,435.0,438.0,432.0,432.0,93300,0.0,0.0
2023-11-07 00:00:00+09:00,431.0,435.0,428.0,432.0,104900,0.0,0.0
2023-11-08 00:00:00+09:00,434.0,434.0,426.0,431.0,76700,0.0,0.0
2023-11-09 00:00:00+09:00,431.0,435.0,429.0,435.0,56000,0.0,0.0
2023-11-10 00:00:00+09:00,434.0,434.0,428.0,431.0,59200,0.0,0.0
2023-11-13 00:00:00+09:00,429.0,433.0,427.0,429.0,74500,0.0,0.0
2023-11-14 00:00:00+09:00,429.0,432.0,429.0,432.0,53500,0.0,0.0
2023-11-15 00:00:00+09:00,432.0,439.0,432.0,439.0,85300,0.0,0.0
2023-11-16 00:00:00+09:00,439.0,448.0,439.0,442.0,82800,0.0,0.0
2023-11-17 00:00:00+09:00,442.0,448.0,441.0,447.0,60800,0.0,0.0
2023-11-20 00:00:00+09:00,450.0,461.0,450.0,457.0,103800,0.0,0.0
2023-11-21 00:00:00+09:00,459.0,471.0,459.0,469.0,113800,0.0,0.0
2023-11-22 00:00:00+09:00,474.0,482.0,468.0,468.0,161000,0.0,0.0
2023-11-24 00:00:00+09:00,470.0,472.0,465.0,468.0,65000,0.0,0.0
2023-11-27 00:00:00+09:00,468.0,477.0,468.0,471.0,58600,0.0,0.0
2023-11-28 00:00:00+09:00,473.0,475.0,468.0,472.0,73500,0.0,0.0
2023-11-29 00:00:00+09:00,472.0,473.0,467.0,468.0,46200,0.0,0.0
2023-11-30 00:00:00+09:00,466.0,475.0,466.0,471.0,90000,0.0,0.0
2023-12-01 00:00:00+09:00,471.0,472.0,466.0,469.0,47800,0.0,0.0
2023-12-04 00:00:00+09:00,468.0,471.0,467.0,470.0,45000,0.0,0.0
2023-12-05 00:00:00+09:00,472.0,478.0,465.0,466.0,139100,0.0,0.0
2023-12-06 00:00:00+09:00,466.0,469.0,459.0,459.0,137200,0.0,0.0
2023-12-07 00:00:00+09:00,459.0,460.0,452.0,454.0,86800,0.0,0.0
2023-12-08 00:00:00+09:00,450.0,456.0,449.0,453.0,81600,0.0,0.0
2023-12-11 00:00:00+09:00,455.0,459.0,453.0,455.0,61000,0.0,0.0
2023-12-12 00:00:00+09:00,454.0,455.0,444.0,445.0,60200,0.0,0.0
2023-12-13 00:00:00+09:00,442.0,453.0,442.0,451.0,70900,0.0,0.0
2023-12-14 00:00:00+09:00,451.0,452.0,443.0,445.0,60600,0.0,0.0
2023-12-15 00:00:00+09:00,445.0,452.0,445.0,452.0,58600,0.0,0.0
2023-12-18 00:00:00+09:00,449.0,451.0,446.0,451.0,55900,0.0,0.0
2023-12-19 00:00:00+09:00,452.0,454.0,447.0,450.0,55200,0.0,0.0
2023-12-20 00:00:00+09:00,450.0,453.0,446.0,446.0,48400,0.0,0.0
2023-12-21 00:00:00+09:00,445.0,445.0,438.0,440.0,104600,0.0,0.0
2023-12-22 00:00:00+09:00,440.0,444.0,438.0,440.0,107300,0.0,0.0
2023-12-25 00:00:00+09:00,441.0,441.0,422.0,424.0,185200,0.0,0.0
2023-12-26 00:00:00+09:00,426.0,430.0,423.0,423.0,97200,0.0,0.0
2023-12-27 00:00:00+09:00,424.0,430.0,419.0,428.0,201300,0.0,0.0
2023-12-28 00:00:00+09:00,428.0,439.0,427.0,439.0,59000,0.0,0.0
2023-12-29 00:00:00+09:00,441.0,442.0,437.0,442.0,47600,0.0,0.0
2024-01-04 00:00:00+09:00,441.0,458.0,434.0,454.0,221400,0.0,0.0
2024-01-05 00:00:00+09:00,447.0,449.0,443.0,448.0,133600,0.0,0.0
2024-01-09 00:00:00+09:00,450.0,456.0,448.0,455.0,78700,0.0,0.0
2024-01-10 00:00:00+09:00,453.0,458.0,449.0,454.0,96800,0.0,0.0
2024-01-11 00:00:00+09:00,454.0,454.0,446.0,446.0,95900,0.0,0.0
2024-01-12 00:00:00+09:00,442.0,445.0,428.0,433.0,258000,0.0,0.0
2024-01-15 00:00:00+09:00,431.0,433.0,424.0,425.0,69800,0.0,0.0
2024-01-16 00:00:00+09:00,431.0,433.0,417.0,420.0,228500,0.0,0.0
2024-01-17 00:00:00+09:00,420.0,431.0,420.0,424.0,172300,0.0,0.0
2024-01-18 00:00:00+09:00,421.0,423.0,418.0,419.0,135200,0.0,0.0
2024-01-19 00:00:00+09:00,419.0,419.0,413.0,413.0,149700,0.0,0.0
2024-01-22 00:00:00+09:00,413.0,415.0,412.0,413.0,93400,0.0,0.0
2024-01-23 00:00:00+09:00,413.0,417.0,413.0,414.0,57800,0.0,0.0
2024-01-24 00:00:00+09:00,413.0,427.0,413.0,424.0,129900,0.0,0.0
2024-01-25 00:00:00+09:00,424.0,426.0,415.0,415.0,93700,0.0,0.0
2024-01-26 00:00:00+09:00,415.0,418.0,414.0,415.0,80200,0.0,0.0
2024-01-29 00:00:00+09:00,415.0,416.0,412.0,412.0,59600,0.0,0.0
2024-01-30 00:00:00+09:00,413.0,415.0,411.0,411.0,198300,0.0,0.0
2024-01-31 00:00:00+09:00,412.0,412.0,409.0,411.0,89000,0.0,0.0
2024-02-01 00:00:00+09:00,411.0,411.0,409.0,409.0,47700,0.0,0.0
2024-02-02 00:00:00+09:00,409.0,411.0,409.0,409.0,28500,0.0,0.0
2024-02-05 00:00:00+09:00,410.0,417.0,410.0,415.0,67400,0.0,0.0
2024-02-06 00:00:00+09:00,415.0,422.0,414.0,417.0,62900,0.0,0.0
2024-02-07 00:00:00+09:00,417.0,420.0,414.0,417.0,37600,0.0,0.0
2024-02-08 00:00:00+09:00,416.0,417.0,411.0,413.0,37400,0.0,0.0
2024-02-09 00:00:00+09:00,412.0,416.0,411.0,411.0,24200,0.0,0.0
2024-02-13 00:00:00+09:00,413.0,413.0,411.0,411.0,31000,0.0,0.0
2024-02-14 00:00:00+09:00,411.0,412.0,410.0,410.0,29500,0.0,0.0
2024-02-15 00:00:00+09:00,410.0,411.0,408.0,408.0,57100,0.0,0.0
2024-02-16 00:00:00+09:00,408.0,410.0,408.0,408.0,39900,0.0,0.0
2024-02-19 00:00:00+09:00,408.0,413.0,408.0,413.0,74500,0.0,0.0
2024-02-20 00:00:00+09:00,413.0,414.0,410.0,413.0,30300,0.0,0.0
2024-02-21 00:00:00+09:00,413.0,413.0,409.0,412.0,30400,0.0,0.0
2024-02-22 00:00:00+09:00,412.0,412.0,409.0,412.0,31000,0.0,0.0
2024-02-26 00:00:00+09:00,412.0,412.0,410.0,410.0,32700,0.0,0.0
2024-02-27 00:00:00+09:00,410.0,411.0,409.0,409.0,27200,0.0,0.0
2024-02-28 00:00:00+09:00,408.0,413.0,408.0,410.0,45800,0.0,0.0
2024-02-29 00:00:00+09:00,409.0,411.0,407.0,407.0,69800,0.0,0.0
2024-03-01 00:00:00+09:00,407.0,410.0,407.0,408.0,37900,0.0,0.0
2024-03-04 00:00:00+09:00,408.0,410.0,406.0,409.0,53400,0.0,0.0
2024-03-05 00:00:00+09:00,407.0,412.0,406.0,412.0,84000,0.0,0.0
2024-03-06 00:00:00+09:00,407.0,415.0,407.0,413.0,64300,0.0,0.0
2024-03-07 00:00:00+09:00,413.0,420.0,412.0,419.0,49300,0.0,0.0
2024-03-08 00:00:00+09:00,417.0,419.0,414.0,414.0,48400,0.0,0.0
2024-03-11 00:00:00+09:00,414.0,417.0,413.0,417.0,34600,0.0,0.0
2024-03-12 00:00:00+09:00,416.0,420.0,415.0,420.0,40100,0.0,0.0
2024-03-13 00:00:00+09:00,420.0,423.0,417.0,419.0,41100,0.0,0.0
2024-03-14 00:00:00+09:00,418.0,428.0,418.0,426.0,68700,0.0,0.0
2024-03-15 00:00:00+09:00,425.0,425.0,409.0,411.0,152900,0.0,0.0
2024-03-18 00:00:00+09:00,414.0,422.0,414.0,421.0,81200,0.0,0.0
2024-03-19 00:00:00+09:00,418.0,422.0,417.0,420.0,48000,0.0,0.0
2024-03-21 00:00:00+09:00,422.0,425.0,420.0,424.0,54500,0.0,0.0
2024-03-22 00:00:00+09:00,423.0,428.0,422.0,426.0,63100,0.0,0.0
2024-03-25 00:00:00+09:00,427.0,428.0,422.0,424.0,71700,0.0,0.0
2024-03-26 00:00:00+09:00,427.0,427.0,420.0,421.0,21700,0.0,0.0
2024-03-27 00:00:00+09:00,426.0,426.0,420.0,420.0,36100,0.0,0.0
2024-03-28 00:00:00+09:00,424.0,425.0,416.0,416.0,44500,0.0,0.0
2024-03-29 00:00:00+09:00,418.0,425.0,417.0,424.0,20900,0.0,0.0
2024-04-01 00:00:00+09:00,423.0,428.0,422.0,425.0,49100,0.0,0.0
2024-04-02 00:00:00+09:00,428.0,430.0,424.0,425.0,46300,0.0,0.0
2024-04-03 00:00:00+09:00,420.0,420.0,407.0,410.0,109500,0.0,0.0
2024-04-04 00:00:00+09:00,408.0,412.0,408.0,410.0,39100,0.0,0.0
2024-04-05 00:00:00+09:00,409.0,414.0,408.0,414.0,32700,0.0,0.0
2024-04-08 00:00:00+09:00,412.0,414.0,409.0,411.0,42400,0.0,0.0
2024-04-09 00:00:00+09:00,411.0,414.0,410.0,412.0,40100,0.0,0.0
2024-04-10 00:00:00+09:00,412.0,413.0,409.0,409.0,54900,0.0,0.0
2024-04-11 00:00:00+09:00,408.0,411.0,408.0,409.0,47400,0.0,0.0
2024-04-12 00:00:00+09:00,409.0,410.0,405.0,408.0,81400,0.0,0.0
2024-04-15 00:00:00+09:00,407.0,408.0,405.0,405.0,40800,0.0,0.0
2024-04-16 00:00:00+09:00,405.0,406.0,403.0,403.0,91600,0.0,0.0
2024-04-17 00:00:00+09:00,403.0,404.0,402.0,402.0,50300,0.0,0.0
2024-04-18 00:00:00+09:00,402.0,404.0,400.0,400.0,75200,0.0,0.0
2024-04-19 00:00:00+09:00,400.0,403.0,400.0,400.0,64500,0.0,0.0
2024-04-22 00:00:00+09:00,401.0,403.0,400.0,400.0,33200,0.0,0.0
2024-04-23 00:00:00+09:00,400.0,403.0,400.0,400.0,32600,0.0,0.0
2024-04-24 00:00:00+09:00,401.0,402.0,400.0,400.0,32900,0.0,0.0
2024-04-25 00:00:00+09:00,402.0,402.0,400.0,402.0,29700,0.0,0.0
2024-04-26 00:00:00+09:00,400.0,401.0,395.0,395.0,192000,0.0,0.0
2024-04-30 00:00:00+09:00,396.0,396.0,387.0,389.0,166100,0.0,0.0
2024-05-01 00:00:00+09:00,387.0,389.0,383.0,383.0,175900,0.0,0.0
2024-05-02 00:00:00+09:00,383.0,385.0,381.0,382.0,87200,0.0,0.0
2024-05-07 00:00:00+09:00,386.0,391.0,386.0,391.0,58200,0.0,0.0
2024-05-08 00:00:00+09:00,390.0,392.0,385.0,386.0,53700,0.0,0.0
2024-05-09 00:00:00+09:00,387.0,388.0,385.0,388.0,27800,0.0,0.0
2024-05-10 00:00:00+09:00,389.0,392.0,385.0,388.0,46900,0.0,0.0
2024-05-13 00:00:00+09:00,384.0,388.0,378.0,380.0,134400,0.0,0.0
2024-05-14 00:00:00+09:00,383.0,383.0,380.0,383.0,48200,0.0,0.0
2024-05-15 00:00:00+09:00,382.0,382.0,378.0,380.0,80900,0.0,0.0
2024-05-16 00:00:00+09:00,380.0,381.0,377.0,378.0,55700,0.0,0.0
2024-05-17 00:00:00+09:00,378.0,386.0,378.0,384.0,51800,0.0,0.0
2024-05-20 00:00:00+09:00,386.0,392.0,386.0,387.0,53800,0.0,0.0
2024-05-21 00:00:00+09:00,387.0,391.0,385.0,386.0,21500,0.0,0.0
2024-05-22 00:00:00+09:00,386.0,389.0,385.0,386.0,27700,0.0,0.0
2024-05-23 00:00:00+09:00,387.0,389.0,385.0,386.0,50800,0.0,0.0
2024-05-24 00:00:00+09:00,387.0,389.0,385.0,385.0,50400,0.0,0.0
2024-05-27 00:00:00+09:00,388.0,388.0,383.0,385.0,31800,0.0,0.0
2024-05-28 00:00:00+09:00,386.0,388.0,385.0,385.0,24200,0.0,0.0
2024-05-29 00:00:00+09:00,386.0,386.0,380.0,380.0,38100,0.0,0.0
2024-05-30 00:00:00+09:00,380.0,384.0,380.0,383.0,31300,0.0,0.0
2024-05-31 00:00:00+09:00,383.0,385.0,382.0,385.0,24700,0.0,0.0
2024-06-03 00:00:00+09:00,386.0,389.0,385.0,387.0,55100,0.0,0.0
2024-06-04 00:00:00+09:00,388.0,394.0,387.0,394.0,97400,0.0,0.0
2024-06-05 00:00:00+09:00,394.0,396.0,391.0,391.0,46900,0.0,0.0
2024-06-06 00:00:00+09:00,391.0,393.0,387.0,390.0,60200,0.0,0.0
2024-06-07 00:00:00+09:00,391.0,393.0,388.0,392.0,20600,0.0,0.0
2024-06-10 00:00:00+09:00,394.0,397.0,393.0,394.0,69700,0.0,0.0
2024-06-11 00:00:00+09:00,398.0,398.0,395.0,397.0,18700,0.0,0.0
2024-06-12 00:00:00+09:00,398.0,400.0,395.0,396.0,86100,0.0,0.0
2024-06-13 00:00:00+09:00,398.0,398.0,393.0,393.0,19900,0.0,0.0
2024-06-14 00:00:00+09:00,391.0,395.0,391.0,395.0,34200,0.0,0.0
2024-06-17 00:00:00+09:00,398.0,398.0,384.0,389.0,100300,0.0,0.0
2024-06-18 00:00:00+09:00,386.0,388.0,380.0,380.0,81900,0.0,0.0
2024-06-19 00:00:00+09:00,384.0,384.0,376.0,378.0,106000,0.0,0.0
2024-06-20 00:00:00+09:00,376.0,379.0,376.0,376.0,49300,0.0,0.0
2024-06-21 00:00:00+09:00,376.0,378.0,373.0,373.0,96400,0.0,0.0
2024-06-24 00:00:00+09:00,378.0,378.0,375.0,375.0,49900,0.0,0.0
2024-06-25 00:00:00+09:00,379.0,382.0,377.0,380.0,94200,0.0,0.0
2024-06-26 00:00:00+09:00,380.0,380.0,376.0,378.0,44200,0.0,0.0
2024-06-27 00:00:00+09:00,378.0,380.0,377.0,377.0,37600,0.0,0.0
2024-06-28 00:00:00+09:00,380.0,380.0,376.0,379.0,37000,0.0,0.0
2024-07-01 00:00:00+09:00,377.0,378.0,373.0,373.0,106200,0.0,0.0
2024-07-02 00:00:00+09:00,375.0,375.0,373.0,375.0,33500,0.0,0.0
2024-07-03 00:00:00+09:00,374.0,377.0,373.0,377.0,93700,0.0,0.0
2024-07-04 00:00:00+09:00,377.0,378.0,375.0,378.0,65000,0.0,0.0
2024-07-05 00:00:00+09:00,376.0,378.0,376.0,377.0,32300,0.0,0.0
2024-07-08 00:00:00+09:00,378.0,378.0,375.0,376.0,28500,0.0,0.0
2024-07-09 00:00:00+09:00,375.0,377.0,370.0,370.0,175200,0.0,0.0
2024-07-10 00:00:00+09:00,371.0,379.0,370.0,379.0,110800,0.0,0.0
2024-07-11 00:00:00+09:00,376.0,378.0,373.0,374.0,55000,0.0,0.0
2024-07-12 00:00:00+09:00,374.0,380.0,374.0,378.0,59300,0.0,0.0
2024-07-16 00:00:00+09:00,378.0,380.0,378.0,380.0,33800,0.0,0.0
2024-07-17 00:00:00+09:00,380.0,383.0,379.0,380.0,50400,0.0,0.0
2024-07-18 00:00:00+09:00,381.0,383.0,380.0,381.0,37100,0.0,0.0
2024-07-19 00:00:00+09:00,382.0,384.0,381.0,384.0,34000,0.0,0.0
2024-07-22 00:00:00+09:00,385.0,388.0,385.0,385.0,35900,0.0,0.0
2024-07-23 00:00:00+09:00,388.0,389.0,386.0,388.0,42900,0.0,0.0
2024-07-24 00:00:00+09:00,389.0,390.0,385.0,386.0,32800,0.0,0.0
2024-07-25 00:00:00+09:00,388.0,389.0,385.0,386.0,36500,0.0,0.0
2024-07-26 00:00:00+09:00,388.0,389.0,386.0,387.0,26000,0.0,0.0
2024-07-29 00:00:00+09:00,388.0,394.0,388.0,392.0,62600,0.0,0.0
2024-07-30 00:00:00+09:00,394.0,394.0,374.0,374.0,243600,0.0,0.0
2024-07-31 00:00:00+09:00,377.0,384.0,376.0,378.0,71700,0.0,0.0
2024-08-01 00:00:00+09:00,377.0,380.0,376.0,376.0,47900,0.0,0.0
2024-08-02 00:00:00+09:00,374.0,377.0,373.0,376.0,87400,0.0,0.0
2024-08-05 00:00:00+09:00,375.0,375.0,358.0,358.0,187200,0.0,0.0
2024-08-06 00:00:00+09:00,361.0,375.0,361.0,371.0,97300,0.0,0.0
2024-08-07 00:00:00+09:00,366.0,380.0,366.0,379.0,56500,0.0,0.0
2024-08-08 00:00:00+09:00,379.0,385.0,378.0,384.0,64500,0.0,0.0
2024-08-09 00:00:00+09:00,386.0,386.0,382.0,384.0,47000,0.0,0.0
2024-08-13 00:00:00+09:00,383.0,387.0,382.0,385.0,72400,0.0,0.0
2024-08-14 00:00:00+09:00,387.0,390.0,385.0,389.0,85900,0.0,0.0
2024-08-15 00:00:00+09:00,390.0,395.0,389.0,394.0,70600,0.0,0.0
2024-08-16 00:00:00+09:00,396.0,404.0,396.0,402.0,125300,0.0,0.0
2024-08-19 00:00:00+09:00,404.0,406.0,402.0,403.0,82300,0.0,0.0
2024-08-20 00:00:00+09:00,405.0,410.0,405.0,409.0,62800,0.0,0.0
2024-08-21 00:00:00+09:00,410.0,410.0,407.0,410.0,25300,0.0,0.0
2024-08-22 00:00:00+09:00,410.0,410.0,406.0,406.0,53900,0.0,0.0
2024-08-23 00:00:00+09:00,409.0,410.0,406.0,406.0,43700,0.0,0.0
2024-08-26 00:00:00+09:00,409.0,411.0,406.0,408.0,82600,0.0,0.0
2024-08-27 00:00:00+09:00,408.0,409.0,406.0,406.0,63400,0.0,0.0
2024-08-28 00:00:00+09:00,410.0,414.0,407.0,414.0,209800,0.0,0.0
2024-08-29 00:00:00+09:00,370.0,377.0,363.0,375.0,444000,0.0,0.0
2024-08-30 00:00:00+09:00,368.0,369.0,364.0,364.0,228500,0.0,0.0
2024-09-02 00:00:00+09:00,363.0,364.0,360.0,360.0,127700,0.0,0.0
2024-09-03 00:00:00+09:00,361.0,364.0,360.0,362.0,68700,0.0,0.0
2024-09-04 00:00:00+09:00,361.0,362.0,358.0,358.0,91400,0.0,0.0
2024-09-05 00:00:00+09:00,366.0,366.0,358.0,359.0,138700,0.0,0.0
2024-09-06 00:00:00+09:00,360.0,361.0,358.0,359.0,41000,0.0,0.0
2024-09-09 00:00:00+09:00,356.0,356.0,350.0,351.0,115700,0.0,0.0
2024-09-10 00:00:00+09:00,353.0,355.0,352.0,352.0,28900,0.0,0.0
2024-09-11 00:00:00+09:00,352.0,353.0,345.0,346.0,106500,0.0,0.0
2024-09-12 00:00:00+09:00,348.0,349.0,333.0,337.0,191900,0.0,0.0
2024-09-13 00:00:00+09:00,337.0,339.0,331.0,331.0,83600,0.0,0.0
2024-09-17 00:00:00+09:00,331.0,335.0,330.0,335.0,73300,0.0,0.0
2024-09-18 00:00:00+09:00,336.0,342.0,330.0,330.0,66200,0.0,0.0
2024-09-19 00:00:00+09:00,332.0,334.0,328.0,330.0,77100,0.0,0.0
2024-09-20 00:00:00+09:00,332.0,336.0,331.0,334.0,56100,0.0,0.0
2024-09-24 00:00:00+09:00,336.0,340.0,335.0,335.0,39300,0.0,0.0
2024-09-25 00:00:00+09:00,336.0,336.0,324.0,324.0,208100,0.0,0.0
2024-09-26 00:00:00+09:00,325.0,326.0,320.0,322.0,141800,0.0,0.0
2024-09-27 00:00:00+09:00,323.0,338.0,320.0,325.0,366600,0.0,0.0
2024-09-30 00:00:00+09:00,322.0,323.0,315.0,319.0,143700,0.0,0.0
2024-10-01 00:00:00+09:00,317.0,317.0,314.0,314.0,102600,0.0,0.0
2024-10-02 00:00:00+09:00,314.0,314.0,302.0,302.0,232100,0.0,0.0
2024-10-03 00:00:00+09:00,303.0,312.0,302.0,307.0,148300,0.0,0.0
2024-10-04 00:00:00+09:00,307.0,312.0,306.0,309.0,79800,0.0,0.0
2024-10-07 00:00:00+09:00,309.0,314.0,306.0,311.0,99300,0.0,0.0
2024-10-08 00:00:00+09:00,311.0,314.0,303.0,305.0,160100,0.0,0.0
2024-10-09 00:00:00+09:00,257.0,272.0,254.0,256.0,1388400,0.0,0.0
2024-10-10 00:00:00+09:00,248.0,251.0,230.0,231.0,731100,0.0,0.0
2024-10-11 00:00:00+09:00,230.0,255.0,229.0,236.0,812600,0.0,0.0
