Date,Open,High,Low,Close,Volume,Dividends,Stock Splits
2005-12-06 00:00:00+09:00,422628845.49410343,492949792.00000006,409971076.6681798,492949792.0,3211200,0.0,0.0
2005-12-07 00:00:00+09:00,471853528.63486505,497169067.2530469,457086131.1075923,464118208.0,1653300,0.0,0.0
2005-12-08 00:00:00+09:00,457086110.06314254,492246544.41097385,428957726.53166246,490840160.0,756600,0.0,0.0
2005-12-09 00:00:00+09:00,490840160.0,490840160.0,490840160.0,490840160.0,0,0.0,0.0
2005-12-12 00:00:00+09:00,483104812.0,495762580.0,469743851.83486325,472556672.0,420000,0.0,0.0
2005-12-13 00:00:00+09:00,476775843.58585095,480995098.8388231,467634141.0392716,475369408.0,156600,0.0,0.0
2005-12-14 00:00:00+09:00,476775901.4039508,519671651.1762286,472556645.63931406,504904256.0,574800,0.0,0.0
2005-12-15 00:00:00+09:00,492246470.8343512,504201045.56832236,474666256.28816956,479588704.0,384600,0.0,0.0
2005-12-16 00:00:00+09:00,480995035.34801763,485917481.9918675,477478972.59979695,478885408.0,104100,0.0,0.0
2005-12-19 00:00:00+09:00,481698411.53528273,511233205.7039633,478182398.9468356,488027296.0,335700,0.0,0.0
2005-12-20 00:00:00+09:00,492246453.9429167,509123475.80958337,486620814.32375,506310656.0,337500,0.0,0.0
2005-12-21 00:00:00+09:00,527407052.87006927,568193181.1238229,503497950.30815774,520374976.0,900300,0.0,0.0
2005-12-22 00:00:00+09:00,520374976.0,520374976.0,520374976.0,520374976.0,0,0.0,0.0
2005-12-23 00:00:00+09:00,520374976.0,520374976.0,520374976.0,520374976.0,0,0.0,0.0
2005-12-26 00:00:00+09:00,520374976.0,520374976.0,520374976.0,520374976.0,0,0.0,0.0
2005-12-27 00:00:00+09:00,574522061.4891444,608276112.6220115,561161100.0839161,603353664.0,366000,0.0,0.0
2005-12-28 00:00:00+09:00,617417844.6772554,673674560.0,616011408.7675794,673674560.0,554700,0.0,0.0
2005-12-29 00:00:00+09:00,710241332.9741749,738369684.748792,639920376.2807592,667345536.0,630000,0.0,0.0
2005-12-30 00:00:00+09:00,667345525.1348367,673674408.0439276,639920365.8621094,649765312.0,170700,0.0,0.0
2006-01-02 00:00:00+09:00,649765312.0,649765312.0,649765312.0,649765312.0,0,0.0,0.0
2006-01-03 00:00:00+09:00,649765312.0,649765312.0,649765312.0,649765312.0,0,0.0,0.0
2006-01-04 00:00:00+09:00,656797499.9904622,666642447.8227072,618121003.8356113,620933824.0,209400,0.0,0.0
2006-01-05 00:00:00+09:00,615308117.7336736,623043385.2329644,583663701.1331632,594211840.0,176700,0.0,0.0
2006-01-06 00:00:00+09:00,588586200.2526315,616714555.8563652,588586200.2526315,601243968.0,106200,0.0,0.0
2006-01-09 00:00:00+09:00,601243968.0,601243968.0,601243968.0,601243968.0,0,0.0,0.0
2006-01-10 00:00:00+09:00,607572712.0107725,618824041.3612982,601947021.5832212,608275904.0,101100,0.0,0.0
2006-01-11 00:00:00+09:00,609682405.8975914,678596928.0,609682405.8975914,678596928.0,214500,0.0,0.0
2006-01-12 00:00:00+09:00,692661168.660375,752433995.6824822,672268132.5510536,738369792.0,837000,0.0,0.0
2006-01-13 00:00:00+09:00,724305545.3009404,759466026.6666666,679300168.2962962,683519424.0,532500,0.0,0.0
2006-01-16 00:00:00+09:00,699693296.2539108,759466071.7714286,686332284.7289464,738369792.0,778800,0.0,0.0
2006-01-17 00:00:00+09:00,738369792.0,738369792.0,738369792.0,738369792.0,0,0.0,0.0
2006-01-18 00:00:00+09:00,656094080.2253522,669455035.7519971,599134144.0,599134144.0,357000,0.0,0.0
2006-01-19 00:00:00+09:00,592102187.2434245,669455168.0,592102187.2434245,669455168.0,256800,0.0,0.0
2006-01-20 00:00:00+09:00,690551565.5392549,703209333.8577214,604760059.0504869,629372352.0,216000,0.0,0.0
2006-01-23 00:00:00+09:00,587179721.4441704,603353551.771748,559051367.9003958,559754560.0,235500,0.0,0.0
2006-01-24 00:00:00+09:00,598431163.7908134,630075584.0,587179780.0467092,630075584.0,151500,0.0,0.0
2006-01-25 00:00:00+09:00,644139732.1651367,669455268.1651367,612495312.1651367,641326912.0,193500,0.0,0.0
2006-01-26 00:00:00+09:00,662423180.1135646,675080947.8864353,655391104.0746106,668752064.0,114000,0.0,0.0
2006-01-27 00:00:00+09:00,696880368.2011869,710241378.6445581,683519409.2624009,695473984.0,207000,0.0,0.0
2006-01-30 00:00:00+09:00,699693291.279658,710241431.0903834,663126372.2660834,668752064.0,145800,0.0,0.0
2006-01-31 00:00:00+09:00,669455204.6984717,682112971.4984716,646952542.5015283,675080896.0,68100,0.0,0.0
2006-02-01 00:00:00+09:00,668048786.3989633,675080861.5384614,652578148.985652,658203840.0,66900,0.0,0.0
2006-02-02 00:00:00+09:00,663126346.1754438,701802891.6294386,658907090.4171598,701099648.0,111300,0.0,0.0
2006-02-03 00:00:00+09:00,702506250.9547774,766498294.6843601,694067737.429795,731337856.0,622800,0.0,0.0
2006-02-06 00:00:00+09:00,773530197.6494899,857915308.2474494,738369717.7321454,752433920.0,1820400,0.0,0.0
2006-02-07 00:00:00+09:00,752433920.0,773530197.6494899,724305515.4642907,752433920.0,374400,0.0,0.0
2006-02-08 00:00:00+09:00,738369762.0266056,752433965.1381652,698286832.0880184,703209280.0,269100,0.0,0.0
2006-02-09 00:00:00+09:00,724305554.6705621,731337681.9374268,699693263.7502966,701099648.0,177600,0.0,0.0
2006-02-10 00:00:00+09:00,703209185.2507988,703209185.2507988,649062111.0009233,688441792.0,184800,0.0,0.0
2006-02-13 00:00:00+09:00,660313585.3651878,663126405.6213365,618121024.0,618121024.0,146100,0.0,0.0
2006-02-14 00:00:00+09:00,611088966.7162961,632888440.2684563,547800122.6894505,628669184.0,169500,0.0,0.0
2006-02-15 00:00:00+09:00,642030087.7551147,642030087.7551147,601243964.6324544,619527424.0,82200,0.0,0.0
2006-02-16 00:00:00+09:00,611792176.7832167,637810907.3632703,591399087.055578,603353664.0,60000,0.0,0.0
2006-02-17 00:00:00+09:00,601243771.2676057,618823981.3294619,591398826.8505887,599134144.0,89100,0.0,0.0
2006-02-20 00:00:00+09:00,571005967.2361202,583663734.602158,548503252.5283018,559051392.0,84600,0.0,0.0
2006-02-21 00:00:00+09:00,576631665.7146853,625153112.2011719,576631665.7146853,624449920.0,84900,0.0,0.0
2006-02-22 00:00:00+09:00,617417766.2148724,627965905.4354876,594915052.0426979,597727872.0,44400,0.0,0.0
2006-02-23 00:00:00+09:00,598431187.5071414,618824224.7804167,597024751.6072425,601947200.0,107700,0.0,0.0
2006-02-24 00:00:00+09:00,606166562.9145582,624450026.8137931,596321664.3957866,611792256.0,166200,0.0,0.0
2006-02-27 00:00:00+09:00,625856251.7570411,639920402.4675921,611792049.541906,623746624.0,102900,0.0,0.0
2006-02-28 00:00:00+09:00,630075513.4644911,630075513.4644911,604759980.1311578,607572800.0,70200,0.0,0.0
2006-03-01 00:00:00+09:00,593508597.64662,611088863.4644911,578741203.2021756,607572800.0,30300,0.0,0.0
2006-03-02 00:00:00+09:00,606869573.206289,607572765.2571429,587179680.7365681,590695744.0,29700,0.0,0.0
2006-03-03 00:00:00+09:00,590695763.8022927,594211827.183596,576631561.7816628,587882944.0,24900,0.0,0.0
2006-03-06 00:00:00+09:00,581554088.8070352,595618240.0,570302706.0471605,595618240.0,15000,0.0,0.0
2006-03-07 00:00:00+09:00,589992655.6510948,593508668.0279484,587179783.9441032,591399040.0,11100,0.0,0.0
2006-03-08 00:00:00+09:00,594211928.1514107,594211928.1514107,581554159.6334251,586476608.0,7500,0.0,0.0
2006-03-09 00:00:00+09:00,584366995.2907802,595618328.2124169,584366995.2907802,594915136.0,20100,0.0,0.0
2006-03-10 00:00:00+09:00,597727916.0061716,631481963.9971948,597727916.0061716,620933824.0,99900,0.0,0.0
2006-03-13 00:00:00+09:00,626559432.561873,630778688.0,613901666.2474917,630778688.0,71400,0.0,0.0
2006-03-14 00:00:00+09:00,628669132.0312585,628669132.0312585,615308172.1204907,621637056.0,34500,0.0,0.0
2006-03-15 00:00:00+09:00,624449820.3175764,626559448.0889196,616714501.3211234,625856256.0,42600,0.0,0.0
2006-03-16 00:00:00+09:00,625856327.9409765,625856327.9409765,599837548.1005461,609682496.0,29100,0.0,0.0
2006-03-17 00:00:00+09:00,609682614.005488,620230756.1163096,597728035.7783568,618824320.0,26700,0.0,0.0
2006-03-20 00:00:00+09:00,608275990.2357508,628669075.8602628,606869606.0579115,625856256.0,60600,0.0,0.0
2006-03-21 00:00:00+09:00,625856256.0,625856256.0,625856256.0,625856256.0,0,0.0,0.0
2006-03-22 00:00:00+09:00,627262565.4451406,632888256.0,623746553.9148594,632888256.0,53100,0.0,0.0
2006-03-23 00:00:00+09:00,630778898.2271311,630778898.2271311,618824320.0,618824320.0,19500,0.0,0.0
2006-03-24 00:00:00+09:00,618824107.8283648,618824107.8283648,607572777.2693489,615308096.0,43500,0.0,0.0
2006-03-27 00:00:00+09:00,608275957.3079966,610385584.9651395,590695744.0,590695744.0,72000,0.0,0.0
2006-03-28 00:00:00+09:00,-166133191.63836357,-171055660.3313393,-160595418.58375147,-166748496.0,330000,6000.0,0.0
2006-03-29 00:00:00+09:00,-166748544.11814043,-185823108.7660701,-164902619.2339299,-175362864.0,510000,0.0,0.0
2006-03-30 00:00:00+09:00,-175362827.5,-179669980.91112366,-172286282.91112366,-177208752.0,172800,0.0,0.0
2006-03-31 00:00:00+09:00,-178439391.04700777,-180900620.2196225,-175978150.6077628,-179670000.0,80400,0.0,0.0
2006-04-03 00:00:00+09:00,-182131203.6187312,-183977127.94166893,-180285279.29579347,-181515888.0,150000,0.0,0.0
2006-04-04 00:00:00+09:00,-182131247.00266063,-184592476.26397002,-182131247.00266063,-183361856.0,159300,0.0,0.0
2006-04-05 00:00:00+09:00,-184592432.29377216,-193206738.28972957,-181515888.0,-181515888.0,360000,0.0,0.0
2006-04-06 00:00:00+09:00,-182746506.46153846,-191976128.0,-182131202.11451697,-191976128.0,195900,0.0,0.0
2006-04-07 00:00:00+09:00,-193206749.11996567,-199975153.70564526,-187668987.1073603,-192591456.0,157800,0.0,0.0
2006-04-10 00:00:00+09:00,-189514930.80002418,-193822096.0,-188284321.82857144,-193822096.0,52200,0.0,0.0
2006-04-11 00:00:00+09:00,-191360821.1425092,-191360821.1425092,-186438363.60784316,-188284288.0,82800,0.0,0.0
2006-04-12 00:00:00+09:00,-185823087.06532654,-187669011.73396677,-183977162.39668632,-187053696.0,54300,0.0,0.0
2006-04-13 00:00:00+09:00,-190130220.87717122,-190130220.87717122,-186438371.92809993,-187668992.0,87900,0.0,0.0
2006-04-14 00:00:00+09:00,-185207763.84841722,-187053688.44247663,-184592459.40594062,-186438384.0,36900,0.0,0.0
2006-04-17 00:00:00+09:00,-183361812.3229377,-183361812.3229377,-179669963.67706227,-181515888.0,69300,0.0,0.0
2006-04-18 00:00:00+09:00,-174132190.7082491,-181515888.0,-173516886.35614583,-181515888.0,16800,0.0,0.0
2006-04-19 00:00:00+09:00,-182131203.6187312,-182131203.6187312,-177208735.00202128,-181515888.0,43200,0.0,0.0
2006-04-20 00:00:00+09:00,-180900608.72017193,-181515913.15755454,-177208759.56261742,-177824064.0,34800,0.0,0.0
2006-04-21 00:00:00+09:00,-177824065.6345277,-177824065.6345277,-171055682.96121696,-173516912.0,42900,0.0,0.0
2006-04-24 00:00:00+09:00,-163671966.83246586,-171670968.79120877,-163671966.83246586,-167979120.0,55800,0.0,0.0
2006-04-25 00:00:00+09:00,-167979138.21276596,-174132216.44303834,-167979138.21276596,-173516912.0,22800,0.0,0.0
2006-04-26 00:00:00+09:00,-172286288.0,-173516908.12522557,-171670983.5707019,-172286288.0,22200,0.0,0.0
2006-04-27 00:00:00+09:00,-171670992.0,-172901612.18565083,-169825067.3548387,-171670992.0,9300,0.0,0.0
2006-04-28 00:00:00+09:00,-171670968.37483296,-171670968.37483296,-169209739.60887274,-171055664.0,27900,0.0,0.0
2006-05-01 00:00:00+09:00,-172286288.0,-172901603.69592747,-171055679.1414038,-172286288.0,26100,0.0,0.0
2006-05-02 00:00:00+09:00,-172901588.39112723,-172901588.39112723,-169209739.60887274,-171055664.0,28200,0.0,0.0
2006-05-03 00:00:00+09:00,-171055664.0,-171055664.0,-171055664.0,-171055664.0,0,0.0,0.0
2006-05-04 00:00:00+09:00,-171055664.0,-171055664.0,-171055664.0,-171055664.0,0,0.0,0.0
2006-05-05 00:00:00+09:00,-171055664.0,-171055664.0,-171055664.0,-171055664.0,0,0.0,0.0
2006-05-08 00:00:00+09:00,-173516909.7142857,-180900608.0,-172901605.27935266,-180900608.0,38700,0.0,0.0
2006-05-09 00:00:00+09:00,-180285284.37494266,-180285284.37494266,-175978119.98899093,-178439360.0,29100,0.0,0.0
2006-05-10 00:00:00+09:00,-178439368.93474206,-178439368.93474206,-174132204.33312377,-174747520.0,13500,0.0,0.0
2006-05-11 00:00:00+09:00,-174747528.25045115,-174747528.25045115,-172286288.0,-172286288.0,16800,0.0,0.0
2006-05-12 00:00:00+09:00,-170440355.3983817,-174747520.0,-169209746.59788692,-174747520.0,51000,0.0,0.0
2006-05-15 00:00:00+09:00,-173516904.4161454,-175362828.9312108,-172901600.0,-172901600.0,17700,0.0,0.0
2006-05-16 00:00:00+09:00,-174747530.60096952,-174747530.60096952,-163671983.12485096,-164902592.0,70500,0.0,0.0
2006-05-17 00:00:00+09:00,-163056675.79501843,-166133220.6741573,-158134217.50835234,-164287296.0,68400,0.0,0.0
2006-05-18 00:00:00+09:00,-159980100.26347888,-159980100.26347888,-153827012.11747348,-155057632.0,60000,0.0,0.0
2006-05-19 00:00:00+09:00,-155673000.3717019,-166133245.51129,-154442391.24937278,-163672016.0,30000,0.0,0.0
2006-05-22 00:00:00+09:00,-163056667.4206469,-166133212.1417786,-162441362.9830724,-164902592.0,27000,0.0,0.0
2006-05-23 00:00:00+09:00,-163056689.03830016,-163056689.03830016,-159980155.17591876,-161826080.0,22200,0.0,0.0
2006-05-24 00:00:00+09:00,-159364799.63839668,-163671963.99796697,-159364799.63839668,-162441344.0,38100,0.0,0.0
2006-05-25 00:00:00+09:00,-160595404.57142857,-161210708.87937826,-155057632.0,-155057632.0,24000,0.0,0.0
2006-05-26 00:00:00+09:00,-159980160.0,-159980160.0,-158749539.65796039,-159980160.0,52500,0.0,0.0
2006-05-29 00:00:00+09:00,-158134235.12025627,-161210769.07540825,-158134235.12025627,-159980160.0,30000,0.0,0.0
2006-05-30 00:00:00+09:00,-157518888.417006,-158749508.51764706,-155057659.48235294,-156903584.0,33900,0.0,0.0
2006-05-31 00:00:00+09:00,-151981120.0,-156288284.8644823,-147673966.40214723,-151981120.0,42600,0.0,0.0
2006-06-01 00:00:00+09:00,-153827044.58002684,-154442360.28445548,-151365815.5622009,-151981120.0,24900,0.0,0.0
2006-06-02 00:00:00+09:00,-151365815.5622009,-151981120.0,-143366812.80429444,-151981120.0,100200,0.0,0.0
2006-06-05 00:00:00+09:00,-150135172.04933545,-153211716.29268292,-150135172.04933545,-151365792.0,7200,0.0,0.0
2006-06-06 00:00:00+09:00,-150135168.8351748,-150750484.430648,-144597396.07568112,-145828016.0,27300,0.0,0.0
2006-06-07 00:00:00+09:00,-147058628.1556499,-147673932.45199087,-144597388.4370321,-145212704.0,14100,0.0,0.0
2006-06-08 00:00:00+09:00,-142136200.47160643,-144597429.6246623,-139059655.58031398,-141520896.0,41700,0.0,0.0
2006-06-09 00:00:00+09:00,-143982120.45151448,-143982120.45151448,-139059651.0395092,-143366816.0,23700,0.0,0.0
2006-06-12 00:00:00+09:00,-142751488.0,-142751488.0,-140290259.13906804,-142751488.0,30000,0.0,0.0
2006-06-13 00:00:00+09:00,-142136200.47160643,-142136200.47160643,-141520896.0,-141520896.0,14700,0.0,0.0
2006-06-14 00:00:00+09:00,-140290251.63636366,-143366795.99796697,-136598402.9090909,-142136176.0,22500,0.0,0.0
2006-06-15 00:00:00+09:00,-147058628.1556499,-148289236.74833187,-144597388.4370321,-145212704.0,38700,0.0,0.0
2006-06-16 00:00:00+09:00,-149519876.4,-151365800.8,-147058647.6222095,-147673952.0,48000,0.0,0.0
2006-06-19 00:00:00+09:00,-150135188.4948823,-150750504.17092904,-148289264.0,-148289264.0,34200,0.0,0.0
2006-06-20 00:00:00+09:00,-149519886.53038785,-153827040.0,-148904582.11090875,-153827040.0,19200,0.0,0.0
2006-06-21 00:00:00+09:00,-154442362.500236,-158134211.71325654,-154442362.500236,-157518896.0,60000,0.0,0.0
2006-06-22 00:00:00+09:00,-158749480.3809524,-159364784.68890205,-155057632.0,-155057632.0,41100,0.0,0.0
2006-06-23 00:00:00+09:00,-148904582.11090875,-153827040.0,-148904582.11090875,-153827040.0,55500,0.0,0.0
2006-06-26 00:00:00+09:00,-151365811.05545437,-155057660.1055874,-150750506.63597524,-153827040.0,33300,0.0,0.0
2006-06-27 00:00:00+09:00,-153827036.32857758,-155057656.4047935,-153827036.32857758,-154442352.0,15000,0.0,0.0
2006-06-28 00:00:00+09:00,-156903580.06981602,-156903580.06981602,-155057655.59840643,-155672960.0,27900,0.0,0.0
2006-06-29 00:00:00+09:00,-156288287.10674626,-157518896.0,-153827046.78697944,-157518896.0,34200,0.0,0.0
2006-06-30 00:00:00+09:00,-159364837.83230755,-159980153.61207378,-156288304.0,-156288304.0,28200,0.0,0.0
2006-07-03 00:00:00+09:00,-158749515.40229887,-160595440.0,-158749515.40229887,-160595440.0,12000,0.0,0.0
2006-07-04 00:00:00+09:00,-160595442.91395015,-163056672.0,-158749518.28275532,-163056672.0,40500,0.0,0.0
2006-07-05 00:00:00+09:00,-163056651.18951213,-167979120.0,-163056651.18951213,-167979120.0,56400,0.0,0.0
2006-07-06 00:00:00+09:00,-166133195.20145124,-173516892.7659602,-166133195.20145124,-171055664.0,111900,0.0,0.0
2006-07-07 00:00:00+09:00,-169209744.49628362,-169825048.8888889,-165517895.60739475,-166133200.0,34800,0.0,0.0
2006-07-10 00:00:00+09:00,-158749545.71078822,-163672016.0,-158134241.14962366,-163672016.0,16200,0.0,0.0
2006-07-11 00:00:00+09:00,-166133200.0,-166748504.39260525,-164287275.55555555,-166133200.0,31800,0.0,0.0
2006-07-12 00:00:00+09:00,-167363840.0,-167363840.0,-163056674.9385045,-167363840.0,30000,0.0,0.0
2006-07-13 00:00:00+09:00,-164902600.46917573,-164902600.46917573,-164287296.0,-164287296.0,8100,0.0,0.0
2006-07-14 00:00:00+09:00,-161826015.91058093,-161826015.91058093,-158749472.0,-158749472.0,27600,0.0,0.0
2006-07-17 00:00:00+09:00,-158749472.0,-158749472.0,-158749472.0,-158749472.0,0,0.0,0.0
2006-07-18 00:00:00+09:00,-156288265.37700427,-157518874.0991587,-145828023.63892278,-146443328.0,29400,0.0,0.0
2006-07-19 00:00:00+09:00,-146443331.97779053,-147673952.0,-144597407.57779053,-147673952.0,36600,0.0,0.0
2006-07-20 00:00:00+09:00,-147673982.93334505,-150750528.0,-145212753.63999954,-150750528.0,10800,0.0,0.0
2006-07-21 00:00:00+09:00,-150750514.9202019,-153211744.0,-145828045.4939759,-153211744.0,7200,0.0,0.0
2006-07-24 00:00:00+09:00,-151365832.50667867,-151365832.50667867,-147058678.42666635,-150750528.0,6900,0.0,0.0
2006-07-25 00:00:00+09:00,-153827017.15815327,-153827017.15815327,-148289244.4052602,-148904560.0,10200,0.0,0.0
2006-07-26 00:00:00+09:00,-149519864.32811227,-153211712.830041,-148904560.0,-148904560.0,13200,0.0,0.0
2006-07-27 00:00:00+09:00,-148289244.4052602,-150135168.65622458,-147673940.07714793,-148904560.0,7200,0.0,0.0
2006-07-28 00:00:00+09:00,-148289267.88231698,-150750508.11768302,-148289267.88231698,-149519888.0,24900,0.0,0.0
2006-07-31 00:00:00+09:00,-151365811.88764676,-153211736.42286196,-150135191.77529356,-152596432.0,27300,0.0,0.0
2006-08-01 00:00:00+09:00,-153211740.14222774,-153211740.14222774,-151365815.5622009,-151981120.0,14400,0.0,0.0
2006-08-02 00:00:00+09:00,-153827035.5285904,-156903580.06981602,-152596426.72540325,-155672960.0,31800,0.0,0.0
2006-08-03 00:00:00+09:00,-157518888.417006,-158134204.10064107,-155672963.89935893,-156903584.0,8100,0.0,0.0
2006-08-04 00:00:00+09:00,-155672970.65058705,-160595440.0,-155672970.65058705,-160595440.0,38400,0.0,0.0
2006-08-07 00:00:00+09:00,-163056648.3656694,-164902572.72930574,-161826039.63433063,-162441344.0,43800,0.0,0.0
2006-08-08 00:00:00+09:00,-161826053.1359352,-163056661.96994716,-156903584.0,-156903584.0,26700,0.0,0.0
2006-08-09 00:00:00+09:00,-159364813.57519954,-159364813.57519954,-153827040.0,-153827040.0,24300,0.0,0.0
2006-08-10 00:00:00+09:00,-156288276.48100945,-156288276.48100945,-152596427.51899055,-154442352.0,39900,0.0,0.0
2006-08-11 00:00:00+09:00,-153211735.58052087,-153827040.0,-148289266.42480046,-153827040.0,65100,0.0,0.0
2006-08-14 00:00:00+09:00,-155672960.80958703,-155672960.80958703,-153211731.92378408,-154442352.0,67200,0.0,0.0
2006-08-15 00:00:00+09:00,-154442360.28445548,-154442360.28445548,-150750511.1244018,-151981120.0,60000,0.0,0.0
2006-08-16 00:00:00+09:00,-153827048.45329207,-153827048.45329207,-145212741.04068384,-153211744.0,46200,0.0,0.0
2006-08-17 00:00:00+09:00,-153211735.58052087,-155057660.1055874,-150750506.63597524,-153827040.0,51000,0.0,0.0
2006-08-18 00:00:00+09:00,-155057647.61713317,-158134192.0,-155057647.61713317,-158134192.0,70800,0.0,0.0
2006-08-21 00:00:00+09:00,-157518902.63155243,-161210752.0,-156903598.15902123,-161210752.0,63300,0.0,0.0
2006-08-22 00:00:00+09:00,-156288243.63151115,-159980091.81755766,-156288243.63151115,-158749472.0,26100,0.0,0.0
2006-08-23 00:00:00+09:00,-156288304.0,-156903608.51313534,-153827063.41419688,-156288304.0,22800,0.0,0.0
2006-08-24 00:00:00+09:00,-156288280.21117482,-156288280.21117482,-153827040.0,-153827040.0,22500,0.0,0.0
2006-08-25 00:00:00+09:00,-156288276.48100945,-156288276.48100945,-153827036.32857758,-154442352.0,50400,0.0,0.0
2006-08-28 00:00:00+09:00,-153827044.58002684,-153827044.58002684,-151981120.0,-151981120.0,23700,0.0,0.0
2006-08-29 00:00:00+09:00,-151981120.0,-152596435.70442864,-150750511.1244018,-151981120.0,13500,0.0,0.0
2006-08-30 00:00:00+09:00,-153211740.14222774,-153211740.14222774,-151981120.0,-151981120.0,22500,0.0,0.0
2006-08-31 00:00:00+09:00,-151981096.3420184,-151981096.3420184,-150750487.6579816,-151365792.0,28200,0.0,0.0
2006-09-01 00:00:00+09:00,-150750499.65762487,-150750499.65762487,-149519879.60900378,-150135184.0,6900,0.0,0.0
2006-09-04 00:00:00+09:00,-147673955.16938645,-150135184.0,-147673955.16938645,-150135184.0,6300,0.0,0.0
2006-09-05 00:00:00+09:00,-150135184.0,-150135184.0,-148289259.56038266,-150135184.0,10800,0.0,0.0
2006-09-06 00:00:00+09:00,-148904572.02220947,-149519876.4,-147673952.0,-147673952.0,27000,0.0,0.0
2006-09-07 00:00:00+09:00,-148289264.82568765,-148289264.82568765,-145212731.49483946,-147058656.0,17400,0.0,0.0
2006-09-08 00:00:00+09:00,-144597400.3470215,-145212715.96067083,-143982096.0,-143982096.0,25500,0.0,0.0
2006-09-11 00:00:00+09:00,-142136204.24249145,-142751508.730422,-139059659.26957804,-140905584.0,69000,0.0,0.0
2006-09-12 00:00:00+09:00,-141520914.5908852,-141520914.5908852,-135367824.0,-135367824.0,49200,0.0,0.0
2006-09-13 00:00:00+09:00,-137213700.0666797,-140290244.26666668,-135367775.800013,-138444320.0,52500,0.0,0.0
2006-09-14 00:00:00+09:00,-139059624.33334637,-143366788.46665365,-138444320.0,-138444320.0,65100,0.0,0.0
2006-09-15 00:00:00+09:00,-135983091.39998698,-139674939.9333203,-135367775.800013,-138444320.0,20100,0.0,0.0
2006-09-18 00:00:00+09:00,-138444320.0,-138444320.0,-138444320.0,-138444320.0,0,0.0,0.0
2006-09-19 00:00:00+09:00,-138444356.75675675,-138444356.75675675,-135367811.73995197,-136598432.0,9000,0.0,0.0
2006-09-20 00:00:00+09:00,-136598416.67156947,-136598416.67156947,-131060643.02272204,-133521872.0,9900,0.0,0.0
2006-09-21 00:00:00+09:00,-131675941.26031263,-131675941.26031263,-126138167.87179534,-128599408.0,21600,0.0,0.0
2006-09-22 00:00:00+09:00,-124907559.0743218,-128599408.0,-124907559.0743218,-128599408.0,33000,0.0,0.0
2006-09-25 00:00:00+09:00,-127984068.4013205,-127984068.4013205,-124292220.16602638,-125522840.0,28200,0.0,0.0
2006-09-26 00:00:00+09:00,-124907535.71632653,-127368764.11764705,-124907535.71632653,-125522840.0,18000,0.0,0.0
2006-09-27 00:00:00+09:00,-125522883.73722872,-126753504.0,-125522883.73722872,-126753504.0,12900,0.0,0.0
2006-09-28 00:00:00+09:00,-126753479.2442054,-129214708.02242303,-125522859.22178237,-127984088.0,49800,0.0,0.0
2006-09-29 00:00:00+09:00,-127984088.0,-129214708.02242303,-126753479.2442054,-127984088.0,49800,0.0,0.0
2006-10-02 00:00:00+09:00,-128599426.30184527,-132291275.75293528,-127368806.06260513,-131675960.0,112200,0.0,0.0
2006-10-03 00:00:00+09:00,-131060608.0,-131675912.26323724,-129214683.94366197,-131060608.0,25500,0.0,0.0
2006-10-04 00:00:00+09:00,-131060628.34285715,-131060628.34285715,-127984084.01588589,-129214704.0,58500,0.0,0.0
2006-10-05 00:00:00+09:00,-127984112.99614064,-129214733.25891192,-126753504.0,-126753504.0,28800,0.0,0.0
2006-10-06 00:00:00+09:00,-126138164.41221103,-126753480.06070037,-119985086.79371709,-124292240.0,33300,0.0,0.0
2006-10-09 00:00:00+09:00,-124292240.0,-124292240.0,-124292240.0,-124292240.0,0,0.0,0.0
2006-10-10 00:00:00+09:00,-121831029.59788206,-122446334.072631,-116908560.0,-116908560.0,14700,0.0,0.0
2006-10-11 00:00:00+09:00,-121831036.80000001,-124292266.11112306,-118754491.71112305,-119985112.0,70500,0.0,0.0
2006-10-12 00:00:00+09:00,-121831016.40813445,-122446320.8162689,-119985091.91710211,-121215712.0,48900,0.0,0.0
2006-10-13 00:00:00+09:00,-120600399.76402467,-123061640.0,-118754475.22035782,-123061640.0,78000,0.0,0.0
2006-10-16 00:00:00+09:00,-121830991.76470588,-126753459.8339736,-121215687.48103242,-125522840.0,130500,0.0,0.0
2006-10-17 00:00:00+09:00,-124907544.0,-125522848.32447949,-122446304.1688272,-124907544.0,104400,0.0,0.0
2006-10-18 00:00:00+09:00,-124292240.38376065,-125522860.41791046,-123676936.0,-123676936.0,78900,0.0,0.0
2006-10-19 00:00:00+09:00,-123676944.42567919,-124292248.85135837,-122446324.30769151,-123061640.0,67800,0.0,0.0
2006-10-20 00:00:00+09:00,-123061631.61623937,-123676936.0,-121831011.58208956,-123676936.0,74400,0.0,0.0
2006-10-23 00:00:00+09:00,-126138156.05122072,-129214700.28985508,-125522851.71014494,-127368776.0,387300,0.0,0.0
2006-10-24 00:00:00+09:00,-132291248.32697126,-136598401.37142858,-128599399.64125697,-129214704.0,600000,0.0,0.0
2006-10-25 00:00:00+09:00,-130445323.98411413,-130445323.98411413,-127368779.65714286,-129214704.0,101100,0.0,0.0
2006-10-26 00:00:00+09:00,-129830016.79747353,-129830016.79747353,-126138167.87179534,-128599408.0,78000,0.0,0.0
2006-10-27 00:00:00+09:00,-129214708.02242303,-129214708.02242303,-127368783.62210271,-127984088.0,51300,0.0,0.0
2006-10-30 00:00:00+09:00,-126753459.8339736,-127368764.11764705,-125522840.0,-125522840.0,59100,0.0,0.0
2006-10-31 00:00:00+09:00,-125522855.639662,-126753475.62696609,-123676931.29201992,-126138160.0,90000,0.0,0.0
2006-11-01 00:00:00+09:00,-123676936.0,-124907556.03414981,-121831011.58208956,-123676936.0,73200,0.0,0.0
2006-11-02 00:00:00+09:00,-123061635.67066152,-124292244.47872679,-121831015.59596738,-122446320.0,52800,0.0,0.0
2006-11-03 00:00:00+09:00,-122446320.0,-122446320.0,-122446320.0,-122446320.0,0,0.0,0.0
2006-11-06 00:00:00+09:00,-122446324.30769151,-124292248.85135837,-121215715.45633315,-123061640.0,42900,0.0,0.0
2006-11-07 00:00:00+09:00,-123061644.15958363,-124292253.05253758,-121831024.0,-121831024.0,52200,0.0,0.0
2006-11-08 00:00:00+09:00,-123061640.0,-123676944.42567919,-121831019.88201234,-123061640.0,64800,0.0,0.0
2006-11-09 00:00:00+09:00,-121215723.73432927,-121831028.20202848,-119985103.53230079,-120600408.0,24300,0.0,0.0
2006-11-10 00:00:00+09:00,-121831016.40813445,-122446320.8162689,-119985091.91710211,-121215712.0,17400,0.0,0.0
2006-11-13 00:00:00+09:00,-121831016.40813445,-123061636.49103233,-120600396.32523656,-121215712.0,27000,0.0,0.0
2006-11-14 00:00:00+09:00,-120600403.84041637,-122446328.44647698,-119985099.39393939,-121831024.0,37800,0.0,0.0
2006-11-15 00:00:00+09:00,-122446332.6697277,-122446332.6697277,-119985103.53230079,-120600408.0,20100,0.0,0.0
2006-11-16 00:00:00+09:00,-120600416.51112305,-120600416.51112305,-118754491.71112305,-119985112.0,17400,0.0,0.0
2006-11-17 00:00:00+09:00,-118139182.16393442,-118139182.16393442,-111370787.76358223,-112601408.0,43200,0.0,0.0
2006-11-20 00:00:00+09:00,-107063624.0,-110755473.10344827,-104602395.01991093,-107063624.0,66600,0.0,0.0
2006-11-21 00:00:00+09:00,-103371777.18518518,-106448321.9283827,-99064623.55801234,-99679928.0,67800,0.0,0.0
2006-11-22 00:00:00+09:00,-100910542.22013047,-105833000.0,-100295226.54767507,-105833000.0,72900,0.0,0.0
2006-11-23 00:00:00+09:00,-105833000.0,-105833000.0,-105833000.0,-105833000.0,0,0.0,0.0
2006-11-24 00:00:00+09:00,-105832995.59276213,-107678920.0,-99064613.61064222,-107678920.0,32100,0.0,0.0
2006-11-27 00:00:00+09:00,-105833012.25628626,-108294252.69788076,-103371783.08132201,-106448328.0,54300,0.0,0.0
2006-11-28 00:00:00+09:00,-104602403.30211926,-107063632.4770835,-104602403.30211926,-106448328.0,45300,0.0,0.0
2006-11-29 00:00:00+09:00,-106448303.88399738,-107678912.55936837,-103987064.0,-103987064.0,73200,0.0,0.0
2006-11-30 00:00:00+09:00,-105833012.25628626,-107063632.4770835,-105217707.77920276,-106448328.0,39600,0.0,0.0
2006-12-01 00:00:00+09:00,-107063620.07828185,-107063620.07828185,-103987075.5158917,-105833000.0,57600,0.0,0.0
2006-12-04 00:00:00+09:00,-105833012.25628626,-106448328.0,-105217707.77920276,-106448328.0,26700,0.0,0.0
2006-12-05 00:00:00+09:00,-107063636.77192982,-108909561.54385965,-105217712.0,-105217712.0,57900,0.0,0.0
2006-12-06 00:00:00+09:00,-105217696.41060087,-105833000.82120173,-102141151.82433854,-104602392.0,59400,0.0,0.0
2006-12-07 00:00:00+09:00,-103987072.77926703,-103987072.77926703,-102756464.0,-102756464.0,30000,0.0,0.0
2006-12-08 00:00:00+09:00,-103987064.0,-105217683.94199869,-103371759.6623145,-103987064.0,36000,0.0,0.0
2006-12-11 00:00:00+09:00,-104602404.6298604,-119369802.40035221,-103987088.87833633,-112601408.0,630000,0.0,0.0
2006-12-12 00:00:00+09:00,-113216688.66591717,-113832004.2879887,-106448306.95615438,-109524840.0,221400,0.0,0.0
2006-12-13 00:00:00+09:00,-108909544.56239016,-108909544.56239016,-105217695.59417355,-105833000.0,210000,0.0,0.0
2006-12-14 00:00:00+09:00,-105833016.50176637,-105833016.50176637,-103987091.72983655,-105217712.0,150000,0.0,0.0
2006-12-15 00:00:00+09:00,-105833012.25628626,-107063632.4770835,-105217707.77920276,-106448328.0,196800,0.0,0.0
2006-12-18 00:00:00+09:00,-107063620.07828185,-107063620.07828185,-105833000.0,-105833000.0,141000,0.0,0.0
2006-12-19 00:00:00+09:00,-106448312.87105834,-106448312.87105834,-102141148.34373786,-102756464.0,180000,0.0,0.0
2006-12-20 00:00:00+09:00,-101525835.38263032,-103987064.0,-100910531.04494481,-103987064.0,150000,0.0,0.0
2006-12-21 00:00:00+09:00,-103987068.35702787,-103987068.35702787,-100910535.27306685,-102141144.0,106200,0.0,0.0
2006-12-22 00:00:00+09:00,-101525852.59259258,-101525852.59259258,-99679928.0,-99679928.0,87600,0.0,0.0
2006-12-25 00:00:00+09:00,-99064615.21960671,-100295224.0,-97218690.78238812,-100295224.0,231000,0.0,0.0
2006-12-26 00:00:00+09:00,-99064610.91603896,-103371763.9935613,-99064610.91603896,-102141144.0,205500,0.0,0.0
2006-12-27 00:00:00+09:00,-103987069.10612358,-103987069.10612358,-100910536.0,-100910536.0,77100,0.0,0.0
2006-12-28 00:00:00+09:00,-100910548.15060492,-100910548.15060492,-99064623.55801234,-99679928.0,60000,0.0,0.0
2006-12-29 00:00:00+09:00,-100295220.3654727,-101525840.36789908,-100295220.3654727,-100910536.0,51300,0.0,0.0
2007-01-04 00:00:00+09:00,-101525852.59259258,-101525852.59259258,-99679928.0,-99679928.0,30000,0.0,0.0
2007-01-05 00:00:00+09:00,-99679924.52830188,-99679924.52830188,-97218695.57944244,-97834000.0,120000,0.0,0.0
2007-01-09 00:00:00+09:00,-98449299.56278141,-100295224.0,-97833995.17258477,-100295224.0,90000,0.0,0.0
2007-01-10 00:00:00+09:00,-99064623.55801234,-100295232.44198766,-99064623.55801234,-99679928.0,38700,0.0,0.0
2007-01-11 00:00:00+09:00,-100295232.44198766,-100295232.44198766,-98449307.84939507,-99679928.0,27000,0.0,0.0
2007-01-12 00:00:00+09:00,-99679915.27950554,-102756459.63009472,-99064610.91603896,-102141144.0,75900,0.0,0.0
2007-01-15 00:00:00+09:00,-102756471.56506696,-105217700.57142857,-101525851.42857142,-103371776.0,240000,0.0,0.0
2007-01-16 00:00:00+09:00,-103371787.22807017,-105833016.50176637,-102756482.72630379,-105217712.0,120000,0.0,0.0
2007-01-17 00:00:00+09:00,-106448311.18733664,-110755464.37990108,-105832995.54080711,-110140160.0,205500,0.0,0.0
2007-01-18 00:00:00+09:00,-108909552.45039116,-110140172.61780323,-108294248.0,-108294248.0,98400,0.0,0.0
2007-01-19 00:00:00+09:00,-108909542.69962552,-113216696.0,-107678922.64239192,-113216696.0,210000,0.0,0.0
2007-01-22 00:00:00+09:00,-115062612.99887575,-118139157.3093494,-109524840.0,-109524840.0,360000,0.0,0.0
2007-01-23 00:00:00+09:00,-109524852.98008907,-110755473.10344827,-105833003.87664078,-107063624.0,210000,0.0,0.0
2007-01-24 00:00:00+09:00,-108294240.1565637,-108294240.1565637,-105833000.0,-105833000.0,128700,0.0,0.0
2007-01-25 00:00:00+09:00,-108294252.69788076,-108909557.17496426,-105833012.25628626,-106448328.0,66300,0.0,0.0
2007-01-26 00:00:00+09:00,-106448319.57163507,-107063624.0,-105833003.87664078,-107063624.0,54600,0.0,0.0
2007-01-29 00:00:00+09:00,-107678919.94713879,-110140160.00000001,-107063615.56723772,-110140160.0,90000,0.0,0.0
2007-01-30 00:00:00+09:00,-110755464.43427262,-111986084.46130736,-107678920.0,-107678920.0,120000,0.0,0.0
2007-01-31 00:00:00+09:00,-107678928.42836493,-108294244.1233592,-106448319.57163507,-107063624.0,70500,0.0,0.0
2007-02-01 00:00:00+09:00,-107063619.52542374,-108909544.00000001,-106448315.1227746,-108909544.0,90000,0.0,0.0
2007-02-02 00:00:00+09:00,-109524840.0,-110140155.62207153,-108294231.28911296,-109524840.0,134700,0.0,0.0
2007-02-05 00:00:00+09:00,-109524856.90078232,-109524856.90078232,-108294248.0,-108294248.0,69000,0.0,0.0
2007-02-06 00:00:00+09:00,-108294239.59735088,-109524848.40264913,-108294239.59735088,-108909544.0,66900,0.0,0.0
2007-02-07 00:00:00+09:00,-109524867.71112305,-109524867.71112305,-100295243.71112305,-101525864.0,420000,0.0,0.0
2007-02-08 00:00:00+09:00,-90450303.17166014,-92911537.7887966,-85527839.5707019,-86143144.0,1440000,0.0,0.0
2007-02-09 00:00:00+09:00,-86758446.3829801,-86758446.3829801,-84297211.98370571,-85527832.0,300000,0.0,0.0
2007-02-13 00:00:00+09:00,-85527835.53262897,-87989064.4002474,-85527835.53262897,-87373760.0,166500,0.0,0.0
2007-02-14 00:00:00+09:00,-87373756.39112723,-87989060.76596019,-85527832.0,-85527832.0,150000,0.0,0.0
2007-02-15 00:00:00+09:00,-84912535.47429384,-85527845.58014013,-79374761.4216225,-80605376.0,387300,0.0,0.0
2007-02-16 00:00:00+09:00,-79990061.1370307,-83066600.0,-79374751.1111111,-83066600.0,210000,0.0,0.0
2007-02-19 00:00:00+09:00,-83066609.44159982,-85527844.19171518,-81835994.88319963,-84297224.0,172200,0.0,0.0
2007-02-20 00:00:00+09:00,-83066622.755645,-83681932.95012544,-81836008.0,-81836008.0,150000,0.0,0.0
2007-02-21 00:00:00+09:00,-80605381.31917222,-80605381.31917222,-73221682.09502468,-78144152.0,420000,0.0,0.0
2007-02-22 00:00:00+09:00,-79990071.52746879,-80605376.0,-79374761.4216225,-80605376.0,100200,0.0,0.0
2007-02-23 00:00:00+09:00,-80605362.00101651,-81835981.99898349,-79990057.63534713,-81220672.0,90000,0.0,0.0
2007-02-26 00:00:00+09:00,-82451296.0,-83681916.14177857,-81835991.56242548,-82451296.0,150000,0.0,0.0
2007-02-27 00:00:00+09:00,-82451300.68422377,-82451300.68422377,-80605376.0,-80605376.0,76200,0.0,0.0
2007-02-28 00:00:00+09:00,-75067598.78697945,-78759448.0,-74452294.3403526,-78759448.0,178800,0.0,0.0
2007-03-01 00:00:00+09:00,-79990068.15988341,-79990068.15988341,-77528833.47343142,-78759448.0,99600,0.0,0.0
2007-03-02 00:00:00+09:00,-78759456.51313533,-78759456.51313533,-76913531.70709844,-78144152.0,39300,0.0,0.0
2007-03-05 00:00:00+09:00,-76913510.31735066,-77528820.29268293,-75067586.02466772,-75682896.0,132900,0.0,0.0
2007-03-06 00:00:00+09:00,-74452291.46478479,-76913520.42286198,-74452291.46478479,-76298216.0,158400,0.0,0.0
2007-03-07 00:00:00+09:00,-77528820.29268293,-77528820.29268293,-75067586.02466772,-75682896.0,120000,0.0,0.0
2007-03-08 00:00:00+09:00,-75682902.02431054,-75682902.02431054,-74452287.60900377,-75067592.0,120000,0.0,0.0
2007-03-09 00:00:00+09:00,-75067595.88764678,-76298216.0,-74452291.46478479,-76298216.0,120000,0.0,0.0
2007-03-12 00:00:00+09:00,-76298216.0,-76298216.0,-75682905.94382338,-76298216.0,72300,0.0,0.0
2007-03-13 00:00:00+09:00,-76298215.58052088,-78759444.52506651,-76298215.58052088,-76913520.0,240000,0.0,0.0
2007-03-14 00:00:00+09:00,-76298216.0,-76913520.42286198,-75067595.88764678,-76298216.0,120000,0.0,0.0
2007-03-15 00:00:00+09:00,-76913520.0,-76913520.0,-76298215.58052088,-76913520.0,95700,0.0,0.0
2007-03-16 00:00:00+09:00,-76913520.42286198,-76913520.42286198,-75682905.94382338,-76298216.0,79500,0.0,0.0
2007-03-19 00:00:00+09:00,-75067590.38889526,-75067590.38889526,-72606361.61110474,-73836976.0,117600,0.0,0.0
2007-03-20 00:00:00+09:00,-73836971.70731707,-75682896.0,-72606357.38996641,-75682896.0,150000,0.0,0.0
2007-03-22 00:00:00+09:00,-75682905.94382338,-76913520.42286198,-75067595.88764678,-76298216.0,145200,0.0,0.0
2007-03-23 00:00:00+09:00,-76298212.0486211,-76298212.0486211,-75067592.0,-75067592.0,36300,0.0,0.0
2007-03-26 00:00:00+09:00,-75067592.0,-75682902.02431054,-74452287.60900377,-75067592.0,111600,0.0,0.0
2007-03-27 00:00:00+09:00,19159510.0,19159510.0,18845420.14353818,19159510.0,90000,2000.0,0.0
2007-03-28 00:00:00+09:00,19159508.36626468,19473599.63373532,18845418.536585364,19316554.0,131100,0.0,0.0
2007-03-29 00:00:00+09:00,19002463.629263762,19159507.820736237,18845418.0,18845418.0,102900,0.0,0.0
2007-03-30 00:00:00+09:00,19002464.170320686,19473599.63373532,19002464.170320686,19316554.0,51300,0.0,0.0
2007-04-02 00:00:00+09:00,19473601.508778583,19473601.508778583,19002466.0,19002466.0,81300,0.0,0.0
2007-04-03 00:00:00+09:00,19316556.34718184,19473602.0,19002466.47933703,19473602.0,47700,0.0,0.0
2007-04-04 00:00:00+09:00,19473599.63373532,19473599.63373532,19002464.170320686,19316554.0,57600,0.0,0.0
2007-04-05 00:00:00+09:00,19316556.34718184,19473602.0,19002466.47933703,19473602.0,58200,0.0,0.0
2007-04-06 00:00:00+09:00,19159510.694363683,19473602.0,19159510.694363683,19473602.0,45600,0.0,0.0
2007-04-09 00:00:00+09:00,19316555.647126634,19316555.647126634,19159510.0,19159510.0,60000,0.0,0.0
2007-04-10 00:00:00+09:00,19002465.79066482,19159510.0,18845420.14353818,19159510.0,89100,0.0,0.0
2007-04-11 00:00:00+09:00,19002463.629263762,19159507.820736237,18845418.0,18845418.0,53400,0.0,0.0
2007-04-12 00:00:00+09:00,18845420.351143315,19002466.0,18531330.491221417,19002466.0,69000,0.0,0.0
2007-04-13 00:00:00+09:00,19002463.629263762,19002463.629263762,18688372.370736238,18845418.0,23100,0.0,0.0
2007-04-16 00:00:00+09:00,18688375.755237035,18845421.41294207,17746104.684589934,18060196.0,88500,0.0,0.0
2007-04-17 00:00:00+09:00,18060193.70152663,18060193.70152663,16175651.800073117,16332696.0,210000,0.0,0.0
2007-04-18 00:00:00+09:00,16646786.067499047,16803830.256030362,16018604.999999998,16018605.0,107700,0.0,0.0
2007-04-19 00:00:00+09:00,16175651.465622086,16175651.465622086,15704516.0,15704516.0,57600,0.0,0.0
2007-04-20 00:00:00+09:00,15704521.443385469,15861565.694498794,14934999.43687957,14997818.0,157800,0.0,0.0
2007-04-23 00:00:00+09:00,14385338.78347097,14762247.210655436,14385338.78347097,14558088.0,210000,0.0,0.0
2007-04-24 00:00:00+09:00,14401040.46272657,14652313.193977103,14401040.46272657,14479564.0,64200,0.0,0.0
2007-04-25 00:00:00+09:00,14558087.049582934,14558087.049582934,13992724.445715636,14024133.0,133800,0.0,0.0
2007-04-26 00:00:00+09:00,14322520.0,14322520.0,14008430.128386648,14322520.0,78000,0.0,0.0
2007-04-27 00:00:00+09:00,14228291.352530627,14353927.0,14134064.257480755,14353927.0,42300,0.0,0.0
2007-05-01 00:00:00+09:00,14416743.150143674,15217673.325151656,14149766.904404722,14856470.0,30000,0.0,0.0
2007-05-02 00:00:00+09:00,14840769.890383167,15374723.995332778,14668020.667219294,15343314.0,71700,0.0,0.0
2007-05-07 00:00:00+09:00,15673107.099672966,15688812.09554894,15547471.44603949,15578880.0,38400,0.0,0.0
2007-05-08 00:00:00+09:00,15704515.53950473,15704515.53950473,15531764.915314548,15641697.0,50100,0.0,0.0
2007-05-09 00:00:00+09:00,15468947.532401308,15531764.63297283,15233379.810779925,15390424.0,33600,0.0,0.0
2007-05-10 00:00:00+09:00,15516062.446940567,15547471.0,15406130.354545455,15547471.0,16500,0.0,0.0
2007-05-11 00:00:00+09:00,15092040.609647036,15516062.548794119,15092040.609647036,15468949.0,31200,0.0,0.0
2007-05-14 00:00:00+09:00,17117924.0,17117924.0,17117924.0,17117924.0,295800,0.0,0.0
2007-05-15 00:00:00+09:00,16018606.16235487,16332695.999999998,16018606.16235487,16332696.0,215100,0.0,0.0
2007-05-16 00:00:00+09:00,15673106.01043097,15704516.0,15547470.36552886,15704516.0,83700,0.0,0.0
2007-05-17 00:00:00+09:00,15704517.091424914,15704517.091424914,15578880.0,15578880.0,61200,0.0,0.0
2007-05-18 00:00:00+09:00,14762245.07046373,15154857.0,14463858.796271442,15154857.0,141000,0.0,0.0
2007-05-21 00:00:00+09:00,14652313.447222589,15107743.932556279,14526677.798321558,14683722.0,110100,0.0,0.0
2007-05-22 00:00:00+09:00,14369633.875838926,14369633.875838926,13804271.231543625,14039839.0,330000,0.0,0.0
2007-05-23 00:00:00+09:00,14055543.764558004,14102657.317469604,13537294.682530398,13819976.0,270000,0.0,0.0
2007-05-24 00:00:00+09:00,13835678.009715373,14039837.195399968,13835678.009715373,13867088.0,96300,0.0,0.0
2007-05-25 00:00:00+09:00,13898497.345071085,14102656.542398095,13819975.240464445,14024133.0,99900,0.0,0.0
2007-05-28 00:00:00+09:00,14071248.56048981,14291112.785263734,13898499.330560291,14055545.0,336600,0.0,0.0
2007-05-29 00:00:00+09:00,13945612.332127582,14134066.55283201,13898498.776951475,14071248.0,83700,0.0,0.0
2007-05-30 00:00:00+09:00,13945612.33676357,14134066.557530647,13945612.33676357,14102658.0,140100,0.0,0.0
2007-05-31 00:00:00+09:00,14071243.467402954,14134062.0,14071243.467402954,14134062.0,95400,0.0,0.0
2007-06-01 00:00:00+09:00,14102653.452597046,14149766.992597045,14008426.372597046,14134062.0,122700,0.0,0.0
2007-06-04 00:00:00+09:00,14102653.452597046,14134062.0,14055539.912597045,14134062.0,303900,0.0,0.0
2007-06-05 00:00:00+09:00,14086948.46,14212584.087402955,14055539.912597045,14134062.0,315600,0.0,0.0
2007-06-06 00:00:00+09:00,14118357.007402955,14369629.700000001,13992721.38,14134062.0,386700,0.0,0.0
2007-06-07 00:00:00+09:00,14086953.558771279,14134067.115824025,14024135.003437063,14055545.0,284400,0.0,0.0
2007-06-08 00:00:00+09:00,13977020.894294217,14134066.557530647,13977020.894294217,14102658.0,84900,0.0,0.0
2007-06-11 00:00:00+09:00,14024132.099565042,14039837.094594596,13945610.0,13945610.0,128100,0.0,0.0
2007-06-12 00:00:00+09:00,13914199.292597046,14134062.0,13867085.752597047,14134062.0,48900,0.0,0.0
2007-06-13 00:00:00+09:00,14055543.997160945,14071247.556530332,14039839.0,14039839.0,28500,0.0,0.0
2007-06-14 00:00:00+09:00,14008430.44346967,14039839.0,13929906.895456508,14039839.0,42600,0.0,0.0
2007-06-15 00:00:00+09:00,13961317.885894505,14102658.557052746,13961317.885894505,14055545.0,87900,0.0,0.0
2007-06-18 00:00:00+09:00,14055544.440135699,14086952.997655902,14039839.442479795,14071248.0,355500,0.0,0.0
2007-06-19 00:00:00+09:00,14165472.557033744,14196882.546683915,14071245.463665912,14149769.0,775500,0.0,0.0
2007-06-20 00:00:00+09:00,14165472.557033744,14212586.10371766,14071245.463665912,14149769.0,1282800,0.0,0.0
2007-06-21 00:00:00+09:00,14165474.003571164,14196883.996428834,14134065.448504983,14181179.0,397800,0.0,0.0
2007-06-22 00:00:00+09:00,14401040.46272657,14479564.0,14291109.811009942,14479564.0,312300,0.0,0.0
2007-06-25 00:00:00+09:00,14353929.444451699,14526680.106656544,14353929.444451699,14401043.0,339000,0.0,0.0
2007-06-26 00:00:00+09:00,14291111.44417612,14322520.0,14243997.891544543,14322520.0,487200,0.0,0.0
2007-06-27 00:00:00+09:00,14275405.004779356,14338223.54787056,14243996.452129442,14291110.0,278700,0.0,0.0
2007-06-28 00:00:00+09:00,14322520.003188804,14448155.664303811,14322520.003188804,14338225.0,91200,0.0,0.0
2007-06-29 00:00:00+09:00,14369633.549425261,14416747.102046328,14291111.440987326,14306815.0,199500,0.0,0.0
2007-07-02 00:00:00+09:00,14306812.919420347,14448153.556728972,14275404.36817109,14432450.0,270000,0.0,0.0
2007-07-03 00:00:00+09:00,14291111.44417612,14369633.55263158,14291111.44417612,14322520.0,161100,0.0,0.0
2007-07-04 00:00:00+09:00,14369631.995105434,14369631.995105434,14306813.452475064,14353927.0,90000,0.0,0.0
2007-07-05 00:00:00+09:00,14338222.987366097,15374721.0,14338222.987366097,15374721.0,240000,0.0,0.0
2007-07-06 00:00:00+09:00,15610287.88506085,15861559.158417413,14966401.832330456,15170561.0,447600,0.0,0.0
2007-07-09 00:00:00+09:00,15641698.270417523,16803832.0,15484652.627796113,16803832.0,600000,0.0,0.0
2007-07-10 00:00:00+09:00,16646788.490254968,17903149.37031123,16489742.841076134,17117924.0,887400,0.0,0.0
2007-07-11 00:00:00+09:00,16489742.370146608,18531330.0,16332696.725452831,18531330.0,477000,0.0,0.0
2007-07-12 00:00:00+09:00,18845421.185445357,19159511.05927227,17746104.470363867,18217240.0,900000,0.0,0.0
2007-07-13 00:00:00+09:00,18845418.0,19473599.07926376,18374282.55,18845418.0,504300,0.0,0.0
2007-07-17 00:00:00+09:00,18374282.91891892,18374282.91891892,17432012.0,17432012.0,334200,0.0,0.0
2007-07-18 00:00:00+09:00,17746104.470363867,18217240.0,17589060.252346177,18217240.0,270300,0.0,0.0
2007-07-19 00:00:00+09:00,17589057.632416926,17746101.82704253,17274966.367583074,17432012.0,137700,0.0,0.0
2007-07-20 00:00:00+09:00,16489742.152548594,17117923.285242822,16489742.152548594,16803832.0,291000,0.0,0.0
2007-07-23 00:00:00+09:00,16175650.626322577,16489740.44117647,16018604.999999998,16018605.0,259500,0.0,0.0
2007-07-24 00:00:00+09:00,16175654.117359096,16489744.0,16175654.117359096,16489744.0,361500,0.0,0.0
2007-07-25 00:00:00+09:00,15861559.373677421,16018604.999999998,15704515.185146106,16018605.0,101400,0.0,0.0
2007-07-26 00:00:00+09:00,16018605.831150945,16175651.465622086,15704516.0,15704516.0,62100,0.0,0.0
2007-07-27 00:00:00+09:00,15233382.0,15311904.105894608,15076336.350419307,15233382.0,103200,0.0,0.0
2007-07-30 00:00:00+09:00,15076335.07108847,15547470.542059986,15076335.07108847,15484652.0,38400,0.0,0.0
2007-07-31 00:00:00+09:00,15861560.720681414,16332696.201867906,15704516.518813508,16175652.0,78900,0.0,0.0
2007-08-01 00:00:00+09:00,16018609.695121951,16175655.367475279,15421838.44064601,15453247.0,66900,0.0,0.0
2007-08-02 00:00:00+09:00,15861562.648941275,15861562.648941275,15249086.448941274,15311905.0,51300,0.0,0.0
2007-08-03 00:00:00+09:00,15468949.391750632,15468949.391750632,14919290.350038191,15060631.0,85200,0.0,0.0
2007-08-06 00:00:00+09:00,14872176.954282742,14872176.954282742,14338224.34075063,14448155.0,105000,0.0,0.0
2007-08-07 00:00:00+09:00,12877705.0,12877705.0,12877705.0,12877705.0,15000,0.0,0.0
2007-08-08 00:00:00+09:00,11307252.0,11307252.0,11307252.0,11307252.0,13800,0.0,0.0
2007-08-09 00:00:00+09:00,9736801.0,9736801.0,9736801.0,9736801.0,76200,0.0,0.0
2007-08-10 00:00:00+09:00,8951576.0,8951576.0,8951576.0,8951576.0,573600,0.0,0.0
2007-08-13 00:00:00+09:00,8904459.81293821,8920164.0879676,8449028.6481296,8825937.0,638400,0.0,0.0
2007-08-14 00:00:00+09:00,8982983.749381546,8982983.749381546,8480438.977735674,8747416.0,300000,0.0,0.0
2007-08-15 00:00:00+09:00,8668894.395480227,8982985.011760002,8244872.38700565,8339099.5,231000,0.0,0.0
2007-08-16 00:00:00+09:00,8166349.169891881,8354803.3870347375,8056417.782857143,8244872.0,170700,0.0,0.0
2007-08-17 00:00:00+09:00,8480437.561704464,8637482.462104162,8119233.5,8119233.5,161400,0.0,0.0
2007-08-20 00:00:00+09:00,8527552.635193225,8527552.635193225,7663804.449529319,7710918.0,171600,0.0,0.0
2007-08-21 00:00:00+09:00,7522464.350106038,8072122.0,7428237.242250413,8072122.0,79200,0.0,0.0
2007-08-22 00:00:00+09:00,7930781.19426007,8433326.0,7867963.363128492,8433326.0,163200,0.0,0.0
2007-08-23 00:00:00+09:00,8511848.250618452,8951574.476498766,8511848.250618452,8747416.0,243900,0.0,0.0
2007-08-24 00:00:00+09:00,8668892.603251314,8716006.150008114,8323393.5,8323393.5,87300,0.0,0.0
2007-08-27 00:00:00+09:00,8433325.144886363,8464734.41671523,8087826.030351595,8291984.5,70200,0.0,0.0
2007-08-28 00:00:00+09:00,8166347.952736338,8276280.042282004,8087825.853227353,8213461.5,18000,0.0,0.0
2007-08-29 00:00:00+09:00,7899371.7098912075,8166347.999999999,7899371.7098912075,8166348.0,62700,0.0,0.0
2007-08-30 00:00:00+09:00,8103530.276407652,8166348.100933953,7962189.632051704,8087826.0,100800,0.0,0.0
2007-08-31 00:00:00+09:00,7820849.62186424,7977894.555362126,7820849.62186424,7946486.0,81900,0.0,0.0
2007-09-03 00:00:00+09:00,8009303.829620004,8087826.655816823,7852258.896122117,7946486.0,27900,0.0,0.0
2007-09-04 00:00:00+09:00,7930780.098339902,7962189.369013264,7852258.0,7852258.0,37800,0.0,0.0
2007-09-05 00:00:00+09:00,7852258.32043998,7852258.32043998,7506758.485620626,7773735.5,90000,0.0,0.0
2007-09-06 00:00:00+09:00,7758031.090511067,7758031.090511067,7459644.809290385,7648099.0,33000,0.0,0.0
2007-09-07 00:00:00+09:00,7459646.055548508,7616691.719974072,7224078.277805967,7412532.5,60000,0.0,0.0
2007-09-10 00:00:00+09:00,7239781.228885292,7334008.313344122,7224076.235545086,7263338.0,90000,0.0,0.0
2007-09-11 00:00:00+09:00,7074884.9461604655,7255486.646872796,6996362.123770196,7106293.5,77700,0.0,0.0
2007-09-12 00:00:00+09:00,7184814.850000001,7286894.426298523,7004213.186298523,7067031.0,120000,0.0,0.0
2007-09-13 00:00:00+09:00,6933543.338785466,6972804.385105765,6540930.0,6540930.0,103500,0.0,0.0
2007-09-14 00:00:00+09:00,6517373.7393026855,6517373.7393026855,6124761.088637313,6297511.0,105000,0.0,0.0
2007-09-18 00:00:00+09:00,5967716.290440455,5991273.065744099,5669330.709559545,5818523.5,137400,0.0,0.0
2007-09-19 00:00:00+09:00,5653625.6380146295,5669330.273491727,5590807.455554077,5645773.5,121500,0.0,0.0
2007-09-20 00:00:00+09:00,5496580.846578429,5637921.5,5418058.381160181,5637921.5,111300,0.0,0.0
2007-09-21 00:00:00+09:00,5449466.590084738,5504432.63226605,5355239.5,5355239.5,30000,0.0,0.0
2007-09-25 00:00:00+09:00,5339535.579065728,5496580.5,5103967.838216472,5496580.5,72900,0.0,0.0
2007-09-26 00:00:00+09:00,5559398.446153846,6124761.0,5496580.264799441,6124761.0,84300,0.0,0.0
2007-09-27 00:00:00+09:00,6061944.236114188,6713681.49869473,6061944.236114188,6705829.0,89700,0.0,0.0
2007-09-28 00:00:00+09:00,6752942.083969061,6894282.737253732,6218988.744525548,6454556.5,89700,0.0,0.0
2007-10-01 00:00:00+09:00,6281806.197764607,6281806.197764607,6109057.0,6109057.0,85800,0.0,0.0
2007-10-02 00:00:00+09:00,6171876.5616508,6266103.684729438,6124763.00011148,6132615.5,43200,0.0,0.0
2007-10-03 00:00:00+09:00,6124761.5,6752941.92703476,6124761.5,6595897.0,129900,0.0,0.0
2007-10-04 00:00:00+09:00,6752942.083969061,6815760.631359407,6454556.5,6454556.5,120000,0.0,0.0
2007-10-05 00:00:00+09:00,6611601.048370564,6697976.3663137285,6548783.223508378,6564487.5,44400,0.0,0.0
2007-10-09 00:00:00+09:00,6627306.390014736,7192669.0,6611601.393806878,7192669.0,300000,0.0,0.0
2007-10-10 00:00:00+09:00,7318304.159760035,7318304.159760035,6909987.226182215,6933544.0,179100,0.0,0.0
2007-10-11 00:00:00+09:00,6760793.904613596,6894282.046373614,6690123.585053176,6847168.5,114600,0.0,0.0
2007-10-12 00:00:00+09:00,6658715.386267354,6674420.383516819,6462409.390711064,6548784.0,132900,0.0,0.0
2007-10-15 00:00:00+09:00,6485966.053124645,6643010.990574869,6438852.5,6438852.5,66000,0.0,0.0
2007-10-16 00:00:00+09:00,6077649.059200091,6187580.456297858,6038388.0,6038388.0,125400,0.0,0.0
2007-10-17 00:00:00+09:00,6038386.681919352,6187579.105650954,5967716.0,5967716.0,107400,0.0,0.0
2007-10-18 00:00:00+09:00,6595896.771878942,6595896.771878942,6281806.209776617,6564487.5,360000,0.0,0.0
2007-10-19 00:00:00+09:00,6321068.6171883885,6438852.5,6297511.840626067,6438852.5,81600,0.0,0.0
2007-10-22 00:00:00+09:00,6124762.603773585,6242546.5,6124762.603773585,6242546.5,57900,0.0,0.0
2007-10-23 00:00:00+09:00,6391738.49586389,6391738.49586389,6250397.846463183,6376033.5,33000,0.0,0.0
2007-10-24 00:00:00+09:00,6360329.002340522,6376033.278763785,6281806.1824328145,6368181.5,20400,0.0,0.0
2007-10-25 00:00:00+09:00,6493817.479469214,6493817.479469214,6250397.947497079,6289659.0,24900,0.0,0.0
2007-10-26 00:00:00+09:00,6281806.501941124,6305363.277222022,6226841.17221618,6289659.0,22500,0.0,0.0
2007-10-29 00:00:00+09:00,6297511.840626067,6517374.609277228,6297511.840626067,6438852.5,40200,0.0,0.0
2007-10-30 00:00:00+09:00,6438851.819878811,6485965.36802696,6289658.677777777,6360329.0,47100,0.0,0.0
2007-10-31 00:00:00+09:00,6360329.446750737,6430999.773936857,6328920.172813881,6399590.5,21000,0.0,0.0
2007-11-01 00:00:00+09:00,6407442.548148148,6430999.322222223,6289658.677777777,6360329.0,20400,0.0,0.0
2007-11-02 00:00:00+09:00,6297511.175434367,6360329.0,6266101.903703704,6360329.0,18000,0.0,0.0
2007-11-05 00:00:00+09:00,6470260.2901697755,6470260.2901697755,6203284.0,6203284.0,72300,0.0,0.0
2007-11-06 00:00:00+09:00,6132614.2206453765,6281806.655132192,6124761.722395006,6140466.0,33600,0.0,0.0
2007-11-07 00:00:00+09:00,6140465.678297389,6218988.5,6109057.124732913,6218988.5,30000,0.0,0.0
2007-11-08 00:00:00+09:00,6046238.456362238,6109057.0,5991272.769850968,6109057.0,29700,0.0,0.0
2007-11-09 00:00:00+09:00,6046237.909530359,6061942.903467261,5991272.227990277,6014829.0,22800,0.0,0.0
2007-11-12 00:00:00+09:00,5755705.177862254,5834228.0,5740000.9009929905,5834228.0,63000,0.0,0.0
2007-11-13 00:00:00+09:00,5889193.597560976,5889193.597560976,5763557.587295625,5794966.5,17700,0.0,0.0
2007-11-14 00:00:00+09:00,5818522.862242065,5881341.042649015,5818522.862242065,5826375.0,22800,0.0,0.0
2007-11-15 00:00:00+09:00,5936307.087606392,5991272.774157168,5904898.175212783,5967716.0,13200,0.0,0.0
2007-11-16 00:00:00+09:00,5849932.723449936,5999125.881232264,5849932.723449936,5873489.5,20400,0.0,0.0
2007-11-19 00:00:00+09:00,5849932.723449936,5944159.829650192,5849932.723449936,5873489.5,30300,0.0,0.0
2007-11-20 00:00:00+09:00,5834227.910466357,5834227.910466357,5551546.61778343,5794966.5,36600,0.0,0.0
2007-11-21 00:00:00+09:00,5794965.90644497,5826374.815932256,5700738.818535295,5755704.5,17400,0.0,0.0
2007-11-22 00:00:00+09:00,5692886.729358951,5873488.409753953,5685034.232334599,5842079.5,29400,0.0,0.0
2007-11-26 00:00:00+09:00,5881340.906778305,5881340.906778305,5747852.411290322,5842079.5,12600,0.0,0.0
2007-11-27 00:00:00+09:00,5771409.725609756,5794966.5,5771409.725609756,5794966.5,18300,0.0,0.0
2007-11-28 00:00:00+09:00,5810672.164323557,5881342.5,5810672.164323557,5881342.5,35700,0.0,0.0
2007-11-29 00:00:00+09:00,5920602.726699573,6046238.7415576875,5920602.726699573,5952012.0,72900,0.0,0.0
2007-11-30 00:00:00+09:00,5967716.0,6014829.548314336,5920602.451685663,5967716.0,27600,0.0,0.0
2007-12-03 00:00:00+09:00,5983420.090469642,6022681.496968451,5936306.546450196,6014829.0,41100,0.0,0.0
2007-12-04 00:00:00+09:00,5889193.5,5936307.048,5873488.864184052,5889193.5,47400,0.0,0.0
2007-12-05 00:00:00+09:00,5849931.772721628,5897045.318164883,5826375.0,5826375.0,15600,0.0,0.0
2007-12-06 00:00:00+09:00,5810670.903655892,5904897.997447891,5810670.903655892,5897045.5,60300,0.0,0.0
2007-12-07 00:00:00+09:00,5889193.914394146,5936307.465709299,5857785.0,5857785.0,14100,0.0,0.0
2007-12-10 00:00:00+09:00,5952010.77779119,6046237.5,5952010.77779119,6046237.5,69000,0.0,0.0
2007-12-11 00:00:00+09:00,6014830.861252849,6038388.0,5983421.9420031905,6038388.0,70200,0.0,0.0
2007-12-12 00:00:00+09:00,5999126.138188669,5999126.138188669,5975569.360629614,5983421.5,23100,0.0,0.0
2007-12-13 00:00:00+09:00,5936307.414121194,5967716.328242387,5826375.675525215,5904898.5,43800,0.0,0.0
2007-12-14 00:00:00+09:00,5842080.917374215,5849933.056855793,5810672.0,5810672.0,29100,0.0,0.0
2007-12-17 00:00:00+09:00,5794966.7118414575,5952012.0,5653626.06033313,5952012.0,91800,0.0,0.0
2007-12-18 00:00:00+09:00,5692887.128431052,5810670.997574813,5653625.718900518,5802818.5,30000,0.0,0.0
2007-12-19 00:00:00+09:00,5653624.810126582,5732147.257117968,5582954.5,5582954.5,44100,0.0,0.0
2007-12-20 00:00:00+09:00,5520138.139443291,5520138.139443291,5355240.694998847,5512286.0,96900,0.0,0.0
2007-12-21 00:00:00+09:00,5308126.550326711,5355240.10065342,5261013.0,5261013.0,127200,0.0,0.0
2007-12-25 00:00:00+09:00,5339535.090576172,5370944.0,5261012.277844881,5370944.0,112800,0.0,0.0
2007-12-26 00:00:00+09:00,5237457.378589408,5339536.999749511,5237457.378589408,5331684.5,124800,0.0,0.0
2007-12-27 00:00:00+09:00,5347389.264010022,5527991.370716212,5221753.219032818,5237457.5,58500,0.0,0.0
2007-12-28 00:00:00+09:00,5292422.606589438,5292422.606589438,5119672.671543544,5198195.5,53400,0.0,0.0
2008-01-04 00:00:00+09:00,5009742.075047458,5339537.0,4836992.112821307,5339537.0,106200,0.0,0.0
2008-01-07 00:00:00+09:00,5135376.407333784,5229603.497376605,5041149.317290962,5096115.0,74100,0.0,0.0
2008-01-08 00:00:00+09:00,5103967.5,5174637.817571779,5025444.685288363,5103967.5,60600,0.0,0.0
2008-01-09 00:00:00+09:00,5072557.770387944,5096114.540775887,4994035.322244061,5049001.0,113100,0.0,0.0
2008-01-10 00:00:00+09:00,5166786.608909683,5300275.139650177,5064707.355665725,5292423.0,108900,0.0,0.0
2008-01-11 00:00:00+09:00,5166785.638174919,5229603.821917808,5080411.039907273,5158933.5,102600,0.0,0.0
2008-01-15 00:00:00+09:00,4962626.132514336,4970478.269047619,4789876.25319995,4946921.5,115800,0.0,0.0
2008-01-16 00:00:00+09:00,4601423.120884801,4774173.038495228,4522900.659801422,4555880.0,118200,0.0,0.0
2008-01-17 00:00:00+09:00,4585719.136998088,4617128.051546392,4554309.863001912,4570014.5,141600,0.0,0.0
2008-01-18 00:00:00+09:00,4568445.119573213,4829140.140598419,4507197.344742539,4813435.5,82200,0.0,0.0
2008-01-21 00:00:00+09:00,4667382.657731648,4711355.3556440445,4667382.657731648,4708214.5,28500,0.0,0.0
2008-01-22 00:00:00+09:00,4566873.009926376,4711354.5,4538604.954815941,4711354.5,75300,0.0,0.0
2008-01-23 00:00:00+09:00,4632832.945837073,4679946.5,4585719.391674147,4679946.5,33000,0.0,0.0
2008-01-24 00:00:00+09:00,4711354.5,4742763.410184059,4679945.589815941,4711354.5,19500,0.0,0.0
2008-01-25 00:00:00+09:00,4727059.998566727,4789877.830413217,4711355.360881161,4719207.5,50700,0.0,0.0
2008-01-28 00:00:00+09:00,4750616.274319855,4789877.325221044,4727059.5,4727059.5,21000,0.0,0.0
2008-01-29 00:00:00+09:00,4821288.015649319,4899810.5,4805583.375,4899810.5,33600,0.0,0.0
2008-01-30 00:00:00+09:00,4915515.140649319,4946924.0625,4852696.9375,4899810.5,37800,0.0,0.0
2008-01-31 00:00:00+09:00,4931219.02259404,5025446.139964933,4931219.02259404,5017594.0,32100,0.0,0.0
2008-02-01 00:00:00+09:00,5025446.139964933,5025446.139964933,4962628.301349622,5017594.0,27300,0.0,0.0
2008-02-04 00:00:00+09:00,5119672.917221069,5119672.917221069,4986184.749445598,5088264.0,32400,0.0,0.0
2008-02-05 00:00:00+09:00,4994036.888888889,5088264.0,4931218.694998847,5088264.0,25200,0.0,0.0
2008-02-06 00:00:00+09:00,4789878.734350681,4978332.984350681,4789878.734350681,4899810.5,17700,0.0,0.0
2008-02-07 00:00:00+09:00,4813433.864736902,4829138.5,4813433.864736902,4829138.5,7800,0.0,0.0
2008-02-08 00:00:00+09:00,4821286.947933703,4868400.5,4821286.947933703,4868400.5,9300,0.0,0.0
2008-02-12 00:00:00+09:00,4554309.321629429,4554309.321629429,4491491.5,4491491.5,77700,0.0,0.0
2008-02-13 00:00:00+09:00,4287332.9125101315,4287332.9125101315,4240219.364021009,4255924.0,102600,0.0,0.0
2008-02-14 00:00:00+09:00,4224515.859813648,4255925.140186353,4208811.579075241,4240220.5,54900,0.0,0.0
2008-02-15 00:00:00+09:00,4164838.8741118116,4240220.5,4164838.8741118116,4240220.5,47700,0.0,0.0
2008-02-18 00:00:00+09:00,4334445.910355667,4535463.5,4334445.910355667,4535463.5,142200,0.0,0.0
2008-02-19 00:00:00+09:00,4719206.820233689,4774172.864491781,4631261.796426845,4648536.5,177300,0.0,0.0
2008-02-20 00:00:00+09:00,4632832.998748766,4648537.277350506,4570014.805998119,4624980.5,90900,0.0,0.0
2008-02-21 00:00:00+09:00,4557450.855604524,4559021.283406785,4554310.0,4554310.0,71400,0.0,0.0
2008-02-22 00:00:00+09:00,4554309.45269813,4601423.0,4554309.45269813,4601423.0,37200,0.0,0.0
2008-02-25 00:00:00+09:00,4634403.633360986,4648537.484733096,4599853.5,4599853.5,82500,0.0,0.0
2008-02-26 00:00:00+09:00,4617127.941634667,4648536.855435275,4599852.877292794,4645396.0,114900,0.0,0.0
2008-02-27 00:00:00+09:00,4695650.326540082,4695650.326540082,4632832.5,4632832.5,87900,0.0,0.0
2008-02-28 00:00:00+09:00,4642255.066146655,4711354.962899031,4617127.863641051,4632832.5,69000,0.0,0.0
2008-02-29 00:00:00+09:00,4585719.274940998,4585719.274940998,4554310.0,4554310.0,34500,0.0,0.0
2008-03-03 00:00:00+09:00,4570013.865183429,4617127.41018532,4554309.230366858,4585718.5,15900,0.0,0.0
2008-03-04 00:00:00+09:00,4563732.152176981,4577866.0,4563732.152176981,4577866.0,42600,0.0,0.0
2008-03-05 00:00:00+09:00,4524470.747718412,4585718.5,4524470.747718412,4585718.5,33900,0.0,0.0
2008-03-06 00:00:00+09:00,4538605.568400611,4711355.136939087,4538605.568400611,4695650.5,69300,0.0,0.0
2008-03-07 00:00:00+09:00,4664241.41327004,4664241.41327004,4585718.950371009,4632832.5,58500,0.0,0.0
2008-03-10 00:00:00+09:00,4601423.670096528,4679946.5,4560592.1867504455,4679946.5,94800,0.0,0.0
2008-03-11 00:00:00+09:00,4565303.468966892,4672094.0,4565303.468966892,4672094.0,13800,0.0,0.0
2008-03-12 00:00:00+09:00,4640685.085048264,4708214.560608177,4640685.085048264,4679946.5,52200,0.0,0.0
2008-03-13 00:00:00+09:00,4585718.950371009,4632832.5,4571584.741703169,4632832.5,15000,0.0,0.0
2008-03-14 00:00:00+09:00,4585718.723864603,4624979.773650935,4570014.088281367,4601423.0,30300,0.0,0.0
2008-03-17 00:00:00+09:00,4397265.442966247,4507196.83641306,4163268.085735413,4444379.0,68100,0.0,0.0
2008-03-18 00:00:00+09:00,4350151.885932494,4444379.0,4350151.885932494,4444379.0,28200,0.0,0.0
2008-03-19 00:00:00+09:00,4397264.725327617,4420821.5,4365855.4527992,4420821.5,11400,0.0,0.0
2008-03-21 00:00:00+09:00,4304607.564505949,4412968.5,4304607.564505949,4412968.5,45900,0.0,0.0
2008-03-24 00:00:00+09:00,4450660.095006961,4664241.5,4397264.833620668,4664241.5,86100,0.0,0.0
2008-03-25 00:00:00+09:00,4662671.5,4683087.421684715,4596712.4513527425,4662671.5,78300,0.0,0.0
2008-03-26 00:00:00+09:00,-221479.1194693683,-229818.29586965003,-217146.00149532256,-221560.875,42900,2000.0,0.0
2008-03-27 00:00:00+09:00,-220743.3326652672,-221969.68451340756,-220743.3326652672,-220906.84375,10200,0.0,0.0
2008-03-28 00:00:00+09:00,-219108.1716557662,-221560.875,-219108.1716557662,-221560.875,18300,0.0,0.0
2008-03-31 00:00:00+09:00,-218290.59974543453,-218290.59974543453,-217473.02571857857,-217554.78125,12000,0.0,0.0
2008-04-01 00:00:00+09:00,-212649.3731129452,-214202.765625,-212567.6175820625,-214202.765625,32100,0.0,0.0
2008-04-02 00:00:00+09:00,-219026.44758262622,-219925.75854873765,-215020.351155735,-219108.203125,42300,0.0,0.0
2008-04-03 00:00:00+09:00,-216655.49999999997,-220743.33326740382,-215429.14814851442,-216655.5,24900,0.0,0.0
2008-04-04 00:00:00+09:00,-212649.43130804476,-213467.0055532565,-212649.43130804476,-213385.25,27000,0.0,0.0
2008-04-07 00:00:00+09:00,-213385.1896800265,-214693.29687499997,-211750.06036446997,-214693.296875,30600,0.0,0.0
2008-04-08 00:00:00+09:00,-214202.80040421488,-214611.578125,-213385.22625,-214611.578125,12300,0.0,0.0
2008-04-09 00:00:00+09:00,-212567.6175820625,-214611.5432794136,-210523.7105973529,-214202.765625,34500,0.0,0.0
2008-04-10 00:00:00+09:00,-210932.51161201304,-210932.51161201304,-210114.9375,-210114.9375,23700,0.0,0.0
2008-04-11 00:00:00+09:00,-206027.07259766906,-206844.6465836194,-206027.07259766906,-206108.828125,13200,0.0,0.0
2008-04-14 00:00:00+09:00,-203574.37086703302,-204473.7003870053,-202756.796875,-202756.796875,17700,0.0,0.0
2008-04-15 00:00:00+09:00,-203983.1565217689,-208479.78558567376,-203165.60121025282,-206844.65625,45000,0.0,0.0
2008-04-16 00:00:00+09:00,-208398.0575161108,-208398.0575161108,-206027.109375,-206027.109375,15300,0.0,0.0
2008-04-17 00:00:00+09:00,-208479.80848897525,-210932.5121182573,-207662.234375,-207662.234375,38700,0.0,0.0
2008-04-18 00:00:00+09:00,-207662.234375,-207825.74545526633,-207662.234375,-207662.234375,26100,0.0,0.0
2008-04-21 00:00:00+09:00,-208479.7965116279,-210932.5,-207743.97798005925,-210932.5,23400,0.0,0.0
2008-04-22 00:00:00+09:00,-210114.951948583,-210114.951948583,-203165.63701285425,-204555.5,29100,0.0,0.0
2008-04-23 00:00:00+09:00,-205209.51980493558,-207825.73437500003,-205209.51980493558,-207825.734375,8100,0.0,0.0
2008-04-24 00:00:00+09:00,-205209.54043502433,-205209.54043502433,-201939.28125000003,-201939.28125,30000,0.0,0.0
2008-04-25 00:00:00+09:00,-202756.796875,-205209.5001384582,-202756.796875,-202756.796875,16800,0.0,0.0
2008-04-28 00:00:00+09:00,-206027.0822258423,-207662.21156151607,-205209.50820168463,-206844.65625,20400,0.0,0.0
2008-04-30 00:00:00+09:00,-207662.222444623,-210932.5,-207662.222444623,-210932.5,21300,0.0,0.0
2008-05-01 00:00:00+09:00,-209951.42995386844,-209951.42995386844,-206844.681958687,-206926.4375,19200,0.0,0.0
2008-05-02 00:00:00+09:00,-208479.80241275037,-208479.80241275037,-206844.67294510003,-208398.046875,24900,0.0,0.0
2008-05-07 00:00:00+09:00,-210932.48630577084,-214938.56341999004,-210114.91229184475,-210441.953125,37200,0.0,0.0
2008-05-08 00:00:00+09:00,-210932.4882517665,-214202.765625,-210360.18082294593,-214202.765625,32100,0.0,0.0
2008-05-09 00:00:00+09:00,-217473.03027559628,-220825.06327203976,-217473.03027559628,-217718.296875,52500,0.0,0.0
2008-05-12 00:00:00+09:00,-242245.35937500003,-242245.35937500003,-239629.1445837005,-242245.359375,234300,0.0,0.0
2008-05-13 00:00:00+09:00,-243062.89202871357,-245188.57320107621,-241427.76274139519,-242163.5625,160200,0.0,0.0
2008-05-14 00:00:00+09:00,-240773.69633367113,-240773.69633367113,-238157.48202655782,-239302.078125,62700,0.0,0.0
2008-05-15 00:00:00+09:00,-237912.2610477867,-241182.53891485767,-237339.9535325432,-239547.390625,46200,0.0,0.0
2008-05-16 00:00:00+09:00,-239547.3466289165,-239547.3466289165,-238729.79134678704,-238811.546875,27600,0.0,0.0
2008-05-19 00:00:00+09:00,-239547.390625,-239547.390625,-238729.83519271555,-239547.390625,59700,0.0,0.0
2008-05-20 00:00:00+09:00,-239547.37044768417,-239547.37044768417,-238239.26315356785,-239383.859375,59700,0.0,0.0
2008-05-21 00:00:00+09:00,-237666.96825879157,-239547.3642587205,-237094.6608065403,-237258.171875,29100,0.0,0.0
2008-05-22 00:00:00+09:00,-235459.54790317707,-237012.921875,-234641.9737909654,-237012.921875,21600,0.0,0.0
2008-05-23 00:00:00+09:00,-237830.50100003998,-237994.01208339995,-237585.234375,-237585.234375,46800,0.0,0.0
2008-05-26 00:00:00+09:00,-237585.22024262877,-237666.97577944567,-234641.96477929174,-236685.890625,30300,0.0,0.0
2008-05-27 00:00:00+09:00,-237094.62917912006,-237912.203125,-237094.62917912006,-237912.203125,24600,0.0,0.0
2008-05-28 00:00:00+09:00,-237094.64905176545,-238321.000717055,-236277.09375,-236277.09375,20400,0.0,0.0
2008-05-29 00:00:00+09:00,-237912.203125,-237912.203125,-235050.72238337994,-237912.203125,18600,0.0,0.0
2008-05-30 00:00:00+09:00,-236767.62693105926,-237912.22306617227,-236277.09375,-236277.09375,27600,0.0,0.0
2008-06-02 00:00:00+09:00,-236522.36704992273,-237830.47428249568,-236440.61151742702,-237748.71875,4200,0.0,0.0
2008-06-03 00:00:00+09:00,-236440.62757062796,-237830.49043006173,-236358.87203258145,-237094.671875,21900,0.0,0.0
2008-06-04 00:00:00+09:00,-237094.6748516563,-237094.6748516563,-236358.875,-236358.875,15300,0.0,0.0
2008-06-05 00:00:00+09:00,-236440.63309530236,-237012.921875,-234723.7293309222,-237012.921875,13200,0.0,0.0
2008-06-06 00:00:00+09:00,-236358.85508013086,-236358.85508013086,-233742.640625,-233742.640625,15900,0.0,0.0
2008-06-09 00:00:00+09:00,-233987.91535989495,-234641.95964010508,-233987.91535989495,-234314.9375,13800,0.0,0.0
2008-06-10 00:00:00+09:00,-233660.86830404762,-233824.39808240134,-232189.25000000003,-232189.25,13500,0.0,0.0
2008-06-11 00:00:00+09:00,-232189.25000000003,-232189.25000000003,-232189.25000000003,-232189.25,6300,0.0,0.0
2008-06-12 00:00:00+09:00,-229736.53125,-230390.59418181848,-229736.53125,-229736.53125,12000,0.0,0.0
2008-06-13 00:00:00+09:00,-226466.2729750033,-226466.2729750033,-224831.125,-224831.125,6000,0.0,0.0
2008-06-16 00:00:00+09:00,-223196.04356310656,-223196.04356310656,-215837.93223685032,-219925.765625,31500,0.0,0.0
2008-06-17 00:00:00+09:00,-215837.93223685032,-219925.76562499997,-215837.93223685032,-219925.765625,18000,0.0,0.0
2008-06-18 00:00:00+09:00,-219026.41000900036,-219026.41000900036,-216737.21778995378,-216982.484375,17400,0.0,0.0
2008-06-19 00:00:00+09:00,-216900.76662776826,-216900.76662776826,-216655.49999999997,-216655.5,5400,0.0,0.0
2008-06-20 00:00:00+09:00,-213630.46321719576,-213793.97428280424,-213630.46321719576,-213712.21875,6300,0.0,0.0
2008-06-23 00:00:00+09:00,-203083.84145564472,-208479.78125,-203083.84145564472,-208479.78125,40200,0.0,0.0
2008-06-24 00:00:00+09:00,-212567.609375,-212567.609375,-210932.48010783503,-212567.609375,15000,0.0,0.0
2008-06-25 00:00:00+09:00,-228673.72797732265,-228919.01331216047,-204882.51008426864,-204964.265625,48600,0.0,0.0
2008-06-26 00:00:00+09:00,-203002.0625,-203002.0625,-203002.0625,-203002.0625,4500,0.0,0.0
2008-06-27 00:00:00+09:00,-199568.3330489029,-201939.28125000003,-198832.51444031793,-201939.28125,13500,0.0,0.0
2008-06-30 00:00:00+09:00,-199323.06948442655,-199404.84375,-199323.06948442655,-199404.84375,7500,0.0,0.0
2008-07-01 00:00:00+09:00,-200304.1278770353,-206762.92796496834,-200304.1278770353,-206027.109375,12000,0.0,0.0
2008-07-02 00:00:00+09:00,-204391.98499509052,-204391.98499509052,-201939.28125000003,-201939.28125,31800,0.0,0.0
2008-07-03 00:00:00+09:00,-198668.98079856066,-198668.98079856066,-198260.203125,-198260.203125,15000,0.0,0.0
2008-07-04 00:00:00+09:00,-199486.53125,-199895.3088751837,-198832.46833706586,-199486.53125,12900,0.0,0.0
2008-07-07 00:00:00+09:00,-201121.71874999997,-201121.71874999997,-198014.95176031822,-201121.71875,89700,0.0,0.0
2008-07-08 00:00:00+09:00,-201121.70709742166,-201939.28125000003,-199895.3552248764,-201939.28125,13800,0.0,0.0
2008-07-09 00:00:00+09:00,-201121.70709742166,-201939.28125000003,-201121.70709742166,-201939.28125,9000,0.0,0.0
2008-07-10 00:00:00+09:00,-201857.50406833185,-201939.25960356163,-201612.21875,-201612.21875,10800,0.0,0.0
2008-07-11 00:00:00+09:00,-201612.20768851152,-201775.71875000003,-201612.20768851152,-201775.71875,13500,0.0,0.0
2008-07-14 00:00:00+09:00,-201285.22984746023,-201285.22984746023,-199323.0592526459,-201121.71875,42000,0.0,0.0
2008-07-15 00:00:00+09:00,-197033.8258019375,-200712.88052409416,-196379.7628965443,-200631.125,50700,0.0,0.0
2008-07-16 00:00:00+09:00,-197851.40625,-197851.40625,-197851.40625,-197851.40625,2700,0.0,0.0
2008-07-17 00:00:00+09:00,-197851.38332398477,-199486.53125,-197442.60569880108,-199486.53125,17400,0.0,0.0
2008-07-18 00:00:00+09:00,-198668.98991346307,-198668.98991346307,-196216.28633428452,-198587.234375,45000,0.0,0.0
2008-07-22 00:00:00+09:00,-196216.28572684262,-196216.28572684262,-185587.89734575758,-194581.15625,42300,0.0,0.0
2008-07-23 00:00:00+09:00,-194581.15513869675,-194581.15513869675,-189675.74802354173,-190166.28125,10800,0.0,0.0
2008-07-24 00:00:00+09:00,-186160.22126157602,-186814.265625,-183952.78410973027,-186814.265625,32400,0.0,0.0
2008-07-25 00:00:00+09:00,-181500.050703604,-184770.32812499997,-179864.9213492269,-184770.328125,47700,0.0,0.0
2008-07-28 00:00:00+09:00,-186814.22716094973,-186814.22716094973,-185996.671875,-185996.671875,29100,0.0,0.0
2008-07-29 00:00:00+09:00,-187223.015625,-187223.015625,-187223.015625,-187223.015625,25800,0.0,0.0
2008-07-30 00:00:00+09:00,-181500.09210526317,-187141.31866926898,-179946.71792863545,-186405.5,54900,0.0,0.0
2008-07-31 00:00:00+09:00,-183952.77065483484,-185996.6965663253,-181663.578125,-181663.578125,3600,0.0,0.0
2008-08-01 00:00:00+09:00,-178229.7699487954,-178229.7699487954,-176594.640625,-176594.640625,33000,0.0,0.0
2008-08-04 00:00:00+09:00,-175777.109375,-175777.109375,-175777.109375,-175777.109375,13500,0.0,0.0
2008-08-05 00:00:00+09:00,-175368.33162275204,-175777.109375,-175368.33162275204,-175777.109375,18900,0.0,0.0
2008-08-06 00:00:00+09:00,-172752.07498757838,-174468.95984627178,-171689.234375,-171689.234375,43500,0.0,0.0
2008-08-07 00:00:00+09:00,-163513.56171152773,-168418.96875,-163513.56171152773,-168418.96875,28500,0.0,0.0
2008-08-08 00:00:00+09:00,-179946.67664485422,-182317.62449753846,-179047.34708043977,-181908.828125,32400,0.0,0.0
2008-08-11 00:00:00+09:00,-180682.47285873664,-185587.87953103395,-180682.47285873664,-181500.046875,38700,0.0,0.0
2008-08-12 00:00:00+09:00,-181091.29642585985,-181500.07413907544,-180682.5,-180682.5,16500,0.0,0.0
2008-08-13 00:00:00+09:00,-179864.92187499997,-180682.47719825746,-178311.52933552704,-179864.921875,41700,0.0,0.0
2008-08-14 00:00:00+09:00,-175777.0670511433,-175777.0670511433,-171689.234375,-171689.234375,25200,0.0,0.0
2008-08-15 00:00:00+09:00,-159425.7299210497,-161060.859375,-157872.3560041648,-161060.859375,63600,0.0,0.0
2008-08-18 00:00:00+09:00,-163513.56704673482,-163677.07812499997,-161551.4153949095,-163677.078125,42600,0.0,0.0
2008-08-19 00:00:00+09:00,-155501.39710791296,-159425.71875,-155501.39710791296,-159425.71875,31800,0.0,0.0
2008-08-20 00:00:00+09:00,-159834.53125,-159834.53125,-159834.53125,-159834.53125,1500,0.0,0.0
2008-08-21 00:00:00+09:00,-163431.81145566882,-163431.81145566882,-161878.4375,-161878.4375,6000,0.0,0.0
2008-08-22 00:00:00+09:00,-160406.81507847706,-161060.859375,-160406.81507847706,-161060.859375,24900,0.0,0.0
2008-08-25 00:00:00+09:00,-164331.1112706025,-166783.8144238951,-163595.29283955874,-163840.578125,64200,0.0,0.0
2008-08-26 00:00:00+09:00,-165148.71472635376,-165966.27011506417,-164331.140625,-164331.140625,19800,0.0,0.0
2008-08-27 00:00:00+09:00,-164331.140625,-164412.89616387105,-164331.140625,-164331.140625,18300,0.0,0.0
2008-08-28 00:00:00+09:00,-164331.14109848486,-166783.8446969697,-161878.4375,-161878.4375,24900,0.0,0.0
2008-08-29 00:00:00+09:00,-159098.69302948925,-162368.95163434272,-159016.9375,-159016.9375,20100,0.0,0.0
2008-09-01 00:00:00+09:00,-159016.94818605532,-159016.94818605532,-156237.21321501667,-156318.96875,29100,0.0,0.0
2008-09-02 00:00:00+09:00,-157463.56001546694,-159425.73033542163,-156645.99528636681,-158608.15625,33000,0.0,0.0
2008-09-03 00:00:00+09:00,-156564.25490355847,-158362.90496673435,-154602.09375,-154602.09375,33000,0.0,0.0
2008-09-04 00:00:00+09:00,-153702.75753637825,-154929.109375,-153702.75753637825,-154929.109375,30000,0.0,0.0
2008-09-05 00:00:00+09:00,-152885.18526644647,-153702.75,-150596.00214123228,-153702.75,32400,0.0,0.0
2008-09-08 00:00:00+09:00,-156155.46121362175,-157708.85393181493,-154929.109375,-154929.109375,39600,0.0,0.0
2008-09-09 00:00:00+09:00,-153784.50288087956,-159425.71875,-153784.50288087956,-159425.71875,74700,0.0,0.0
2008-09-10 00:00:00+09:00,-156973.0153846154,-159425.71875,-156973.0153846154,-159425.71875,57900,0.0,0.0
2008-09-11 00:00:00+09:00,-158608.14035247563,-158608.14035247563,-156809.5,-156809.5,21300,0.0,0.0
2008-09-12 00:00:00+09:00,-163350.04039208707,-163350.04039208707,-159425.71875,-159425.71875,63300,0.0,0.0
2008-09-16 00:00:00+09:00,-163104.7893436575,-167601.41884631864,-161060.86344014906,-166538.578125,166200,0.0,0.0
2008-09-17 00:00:00+09:00,-165475.71682622627,-166456.80188641485,-163595.30223481136,-165966.25,37800,0.0,0.0
2008-09-18 00:00:00+09:00,-187958.85182786803,-190493.31102461903,-186405.47783594023,-186732.5,237300,0.0,0.0
2008-09-19 00:00:00+09:00,-181500.057379285,-188367.63460301765,-175940.58742969536,-188040.59375,90900,0.0,0.0
2008-09-22 00:00:00+09:00,-183952.76442307694,-191310.87500000003,-183952.76442307694,-191310.875,30900,0.0,0.0
2008-09-24 00:00:00+09:00,-178229.8147346735,-183952.796875,-178229.8147346735,-183952.796875,39900,0.0,0.0
2008-09-25 00:00:00+09:00,-183789.28577279727,-188040.63056800683,-183789.28577279727,-183952.796875,22200,0.0,0.0
2008-09-26 00:00:00+09:00,-183135.22265134018,-183952.796875,-180682.51869300686,-183952.796875,33600,0.0,0.0
2008-09-29 00:00:00+09:00,-179456.143129559,-179456.143129559,-170054.125,-170054.125,16800,0.0,0.0
2008-09-30 00:00:00+09:00,-156155.45230050618,-161060.859375,-155337.887573531,-161060.859375,64500,0.0,0.0
2008-10-01 00:00:00+09:00,-160243.29277600878,-160243.29277600878,-158608.14472399125,-159425.71875,30900,0.0,0.0
2008-10-02 00:00:00+09:00,-154520.3026131203,-154520.3026131203,-152067.599397039,-154111.515625,36000,0.0,0.0
2008-10-03 00:00:00+09:00,-153702.72086155543,-155337.859375,-151250.0177695485,-155337.859375,18600,0.0,0.0
2008-10-06 00:00:00+09:00,-144709.52380784604,-144709.52380784604,-138986.5420524733,-139150.0625,70800,0.0,0.0
2008-10-07 00:00:00+09:00,-123043.96079082925,-133263.5625,-123043.96079082925,-133263.5625,107100,0.0,0.0
2008-10-08 00:00:00+09:00,-125823.68874167975,-125823.68874167975,-118547.33371603377,-119364.8984375,115500,0.0,0.0
2008-10-09 00:00:00+09:00,-119364.89843750001,-123452.74075747408,-119364.89843750001,-119364.8984375,72300,0.0,0.0
2008-10-10 00:00:00+09:00,-112006.78100473114,-116094.62307395285,-112006.78100473114,-114459.484375,93600,0.0,0.0
2008-10-14 00:00:00+09:00,-129175.70504536672,-130810.84375000001,-128603.41632288198,-130810.84375,130500,0.0,0.0
2008-10-15 00:00:00+09:00,-134898.71405955395,-137351.41795154585,-132446.01016756205,-136533.84375,50700,0.0,0.0
2008-10-16 00:00:00+09:00,-130810.83021456003,-132445.96875,-128358.12708956003,-132445.96875,57600,0.0,0.0
2008-10-17 00:00:00+09:00,-128358.14843749999,-128358.14843749999,-123452.74137165514,-128358.1484375,65400,0.0,0.0
2008-10-20 00:00:00+09:00,-122798.67496617402,-125087.8671875,-121981.11032555209,-125087.8671875,142200,0.0,0.0
2008-10-21 00:00:00+09:00,-130810.8566251752,-134081.125,-130810.8566251752,-134081.125,33900,0.0,0.0
2008-10-22 00:00:00+09:00,-134081.08239881776,-138986.48808063593,-134081.08239881776,-134898.65625,24300,0.0,0.0
2008-10-23 00:00:00+09:00,-133263.5625,-133263.5625,-132037.2106691524,-133263.5625,17400,0.0,0.0
2008-10-24 00:00:00+09:00,-143891.9409846743,-148797.34827634096,-142256.81145833334,-147162.21875,64200,0.0,0.0
2008-10-27 00:00:00+09:00,-145281.79435889953,-145281.79435889953,-138986.515625,-138986.515625,20400,0.0,0.0
2008-10-28 00:00:00+09:00,-130810.83588434577,-133672.32610631245,-130810.83588434577,-132037.1875,19500,0.0,0.0
2008-10-29 00:00:00+09:00,-138168.96982339045,-139804.10871662793,-129175.7199450673,-133263.5625,45000,0.0,0.0
2008-10-30 00:00:00+09:00,-133263.53333956003,-134898.671875,-130810.83021456003,-132445.96875,29700,0.0,0.0
2008-10-31 00:00:00+09:00,-131873.670730412,-138986.50417912006,-131873.670730412,-137351.375,39600,0.0,0.0
2008-11-04 00:00:00+09:00,-138168.96875,-138168.96875,-138168.96875,-138168.96875,13500,0.0,0.0
2008-11-05 00:00:00+09:00,-138659.5,-140621.66088223827,-138332.47786445418,-138659.5,42900,0.0,0.0
2008-11-06 00:00:00+09:00,-145527.06054050702,-146344.62519510023,-143891.921875,-143891.921875,74100,0.0,0.0
2008-11-07 00:00:00+09:00,-141439.23613129722,-144709.5138687028,-141439.23613129722,-143074.375,37800,0.0,0.0
2008-11-10 00:00:00+09:00,-142256.79230935973,-143074.35696247907,-142093.28125,-142093.28125,24300,0.0,0.0
2008-11-11 00:00:00+09:00,-141439.23663409683,-142093.2996689605,-139068.29789708386,-140621.671875,14700,0.0,0.0
2008-11-12 00:00:00+09:00,-139885.8492824613,-139885.8492824613,-135879.7720539319,-139804.09375,21000,0.0,0.0
2008-11-13 00:00:00+09:00,-138986.515625,-139068.28051137744,-135798.00317118215,-138986.515625,24000,0.0,0.0
2008-11-14 00:00:00+09:00,-137841.8986055667,-139804.05896539625,-137433.1116886494,-139068.25,15300,0.0,0.0
2008-11-17 00:00:00+09:00,-138250.7064981683,-145527.06094906988,-138250.7064981683,-138986.515625,38400,0.0,0.0
2008-11-18 00:00:00+09:00,-136533.8461093508,-136779.12211658215,-135716.28125,-135716.28125,16200,0.0,0.0
2008-11-19 00:00:00+09:00,-139068.28759447488,-142992.609375,-138005.44693696225,-142992.609375,183900,0.0,0.0
2008-11-20 00:00:00+09:00,-136533.8088900807,-136533.8088900807,-135879.7646659516,-136125.03125,114300,0.0,0.0
2008-11-21 00:00:00+09:00,-133263.5515214445,-134081.1162225494,-130974.3684870865,-131301.390625,50100,0.0,0.0
2008-11-25 00:00:00+09:00,-138904.7600949432,-138986.515625,-138904.7600949432,-138986.515625,92400,0.0,0.0
2008-11-26 00:00:00+09:00,-138659.5,-138659.5,-138659.5,-138659.5,900,0.0,0.0
2008-11-27 00:00:00+09:00,-138659.5,-138659.5,-138659.5,-138659.5,7500,0.0,0.0
2008-11-28 00:00:00+09:00,-138087.2019064737,-138659.5,-137760.17041460678,-138659.5,36300,0.0,0.0
2008-12-01 00:00:00+09:00,-138577.7265625,-138577.7265625,-137351.375,-137351.375,4200,0.0,0.0
2008-12-02 00:00:00+09:00,-136533.8461093508,-136533.8461093508,-135716.28125,-135716.28125,26400,0.0,0.0
2008-12-03 00:00:00+09:00,-133263.55364255852,-134081.11835667636,-132118.95742900076,-132609.5,55200,0.0,0.0
2008-12-04 00:00:00+09:00,-130810.85009417853,-130810.85009417853,-126723.0078125,-126723.0078125,38100,0.0,0.0
2008-12-05 00:00:00+09:00,-128766.9296875,-130402.05906503201,-128358.14266495648,-128766.9296875,10800,0.0,0.0
2008-12-08 00:00:00+09:00,-126722.9786838997,-127949.33015088143,-126722.9786838997,-127131.765625,30000,0.0,0.0
2008-12-09 00:00:00+09:00,-127131.80667689901,-127540.59375,-125169.64556739423,-127540.59375,27600,0.0,0.0
2008-12-10 00:00:00+09:00,-127949.36139657244,-129993.28724488876,-127949.36139657244,-128358.1484375,38400,0.0,0.0
2008-12-11 00:00:00+09:00,-128358.16175215991,-129175.7265625,-128358.16175215991,-129175.7265625,51600,0.0,0.0
2008-12-12 00:00:00+09:00,-127050.02668024057,-127050.02668024057,-126886.51562500001,-126886.515625,46800,0.0,0.0
2008-12-15 00:00:00+09:00,-128603.418621011,-129584.494376266,-128358.14266495648,-128766.9296875,62400,0.0,0.0
2008-12-16 00:00:00+09:00,-129175.70735372248,-129420.98330977702,-128766.9296875,-128766.9296875,46500,0.0,0.0
2008-12-17 00:00:00+09:00,-130075.02918569904,-130075.02918569904,-129584.48665912429,-129666.2421875,49800,0.0,0.0
2008-12-18 00:00:00+09:00,-129584.49206060526,-131628.40842415622,-129584.49206060526,-130810.84375,86100,0.0,0.0
2008-12-19 00:00:00+09:00,-133672.33414402805,-133672.33414402805,-130810.84375000001,-130810.84375,121800,0.0,0.0
2008-12-22 00:00:00+09:00,-136615.56593376398,-138986.50417912006,-136533.80105412006,-137351.375,137700,0.0,0.0
2008-12-24 00:00:00+09:00,-135716.26026043107,-135716.26026043107,-132445.9919724771,-133672.34375,20100,0.0,0.0
2008-12-25 00:00:00+09:00,-138986.52326905937,-141848.01376002794,-138986.52326905937,-140212.875,91200,0.0,0.0
2008-12-26 00:00:00+09:00,-139804.08600663717,-142256.7892699115,-138168.94737901413,-138577.734375,43200,0.0,0.0
2008-12-29 00:00:00+09:00,-138168.9524406238,-145527.0625,-138168.9524406238,-145527.0625,93600,0.0,0.0
2008-12-30 00:00:00+09:00,-144709.49588591384,-144709.49588591384,-142256.7925658136,-143891.921875,28500,0.0,0.0
2009-01-05 00:00:00+09:00,-145527.0625,-147162.20118752387,-143891.92381247616,-145527.0625,26700,0.0,0.0
2009-01-06 00:00:00+09:00,-146344.65625,-146344.65625,-145527.0914219164,-146344.65625,60600,0.0,0.0
2009-01-07 00:00:00+09:00,-148715.60454339735,-150432.49910306328,-144709.52659383282,-146344.65625,55200,0.0,0.0
2009-01-08 00:00:00+09:00,-146344.63053280918,-146344.63053280918,-143891.92712325012,-146262.875,30600,0.0,0.0
2009-01-09 00:00:00+09:00,-145118.3071112515,-146753.44615508267,-143401.421875,-143401.421875,16500,0.0,0.0
2009-01-13 00:00:00+09:00,-145935.84754596394,-146344.62519510023,-143891.921875,-143891.921875,69000,0.0,0.0
2009-01-14 00:00:00+09:00,-146262.9007028239,-146344.65625,-146262.9007028239,-146344.65625,17400,0.0,0.0
2009-01-15 00:00:00+09:00,-145527.08039111304,-146344.64515722607,-144709.515625,-144709.515625,5700,0.0,0.0
2009-01-16 00:00:00+09:00,-143810.16828154807,-145527.0625,-143810.16828154807,-145527.0625,15900,0.0,0.0
2009-01-19 00:00:00+09:00,-147979.7824995056,-152067.625,-147162.21774193548,-152067.625,131400,0.0,0.0
2009-01-20 00:00:00+09:00,-152885.18526644647,-153702.75,-152639.91865327687,-153702.75,17700,0.0,0.0
2009-01-21 00:00:00+09:00,-154356.8267598143,-154356.8267598143,-148061.546875,-148061.546875,39600,0.0,0.0
2009-01-22 00:00:00+09:00,-155337.8888234286,-155337.8888234286,-152067.62053289294,-153702.75,19800,0.0,0.0
2009-01-23 00:00:00+09:00,-152231.11063561472,-152394.6216885344,-149206.109375,-149206.109375,58200,0.0,0.0
2009-01-26 00:00:00+09:00,-151250.04865268306,-152885.1875,-151250.04865268306,-152885.1875,8700,0.0,0.0
2009-01-27 00:00:00+09:00,-159425.72833608402,-160161.546875,-159425.72833608402,-160161.546875,16200,0.0,0.0
2009-01-28 00:00:00+09:00,-157790.6053586416,-158608.16075463966,-156973.03125,-156973.03125,13800,0.0,0.0
2009-01-29 00:00:00+09:00,-156318.97757687978,-156973.03125,-156318.97757687978,-156973.03125,9300,0.0,0.0
2009-01-30 00:00:00+09:00,-158608.16479180788,-158608.16479180788,-157790.609375,-157790.609375,20400,0.0,0.0
2009-02-02 00:00:00+09:00,-156155.42395356236,-156155.42395356236,-153702.72086155543,-155337.859375,19500,0.0,0.0
2009-02-03 00:00:00+09:00,-162696.00760589188,-163922.359375,-161060.8594386524,-163922.359375,39000,0.0,0.0
2009-02-04 00:00:00+09:00,-167683.15353349032,-170626.390001415,-165966.25,-165966.25,65100,0.0,0.0
2009-02-05 00:00:00+09:00,-175858.83189460158,-188040.59375000003,-175858.83189460158,-188040.59375,104100,0.0,0.0
2009-02-06 00:00:00+09:00,-193354.8340884259,-198669.01973684214,-186405.50000000003,-186405.5,113100,0.0,0.0
2009-02-09 00:00:00+09:00,-181091.2781597997,-183135.18523236,-180028.4375,-180028.4375,36000,0.0,0.0
2009-02-10 00:00:00+09:00,-181908.8661130064,-182235.90702186144,-175531.83972369586,-179783.203125,15600,0.0,0.0
2009-02-12 00:00:00+09:00,-178229.77833692063,-178638.57472159,-172506.81607797297,-172915.59375,10800,0.0,0.0
2009-02-13 00:00:00+09:00,-179864.93702337507,-182317.640625,-179864.93702337507,-182317.640625,16200,0.0,0.0
2009-02-16 00:00:00+09:00,-178229.769522588,-181500.046875,-177820.99187077704,-181500.046875,5100,0.0,0.0
2009-02-17 00:00:00+09:00,-181500.05868793224,-183952.76218371512,-176431.140625,-176431.140625,13200,0.0,0.0
2009-02-18 00:00:00+09:00,-176758.171875,-176758.171875,-176758.171875,-176758.171875,18600,0.0,0.0
2009-02-19 00:00:00+09:00,-177003.421875,-177003.421875,-177003.421875,-177003.421875,0,0.0,0.0
2009-02-20 00:00:00+09:00,-179047.36388065448,-179047.36388065448,-177412.234375,-177412.234375,10200,0.0,0.0
2009-02-23 00:00:00+09:00,-177412.234375,-179047.36388065448,-177412.234375,-177412.234375,40200,0.0,0.0
2009-02-24 00:00:00+09:00,-174468.94396829605,-174550.69949162006,-174141.921875,-174141.921875,18000,0.0,0.0
2009-02-25 00:00:00+09:00,-179537.87715036006,-179537.87715036006,-176594.640625,-176594.640625,26700,0.0,0.0
2009-02-26 00:00:00+09:00,-177412.234375,-177412.234375,-177412.234375,-177412.234375,12300,0.0,0.0
2009-02-27 00:00:00+09:00,-174959.5538705041,-179047.38753092167,-174959.5538705041,-175777.109375,12600,0.0,0.0
2009-03-02 00:00:00+09:00,-177412.27255256378,-179864.97669516766,-177412.27255256378,-178229.828125,33000,0.0,0.0
2009-03-03 00:00:00+09:00,-180355.49648860138,-183952.796875,-179864.96318199317,-183952.796875,39300,0.0,0.0
2009-03-04 00:00:00+09:00,-184688.5729638985,-195398.6973899126,-184688.5729638985,-193681.8125,33000,0.0,0.0
2009-03-05 00:00:00+09:00,-187223.0383990622,-188449.39013811143,-187223.0383990622,-188040.59375,24600,0.0,0.0
2009-03-06 00:00:00+09:00,-184034.51639247724,-188040.59375000003,-184034.51639247724,-188040.59375,10800,0.0,0.0
2009-03-09 00:00:00+09:00,-182317.62089126336,-182317.62089126336,-180764.22838909883,-181500.046875,9600,0.0,0.0
2009-03-10 00:00:00+09:00,-182971.67572361557,-188040.59375000003,-182971.67572361557,-188040.59375,24000,0.0,0.0
2009-03-11 00:00:00+09:00,-182317.6314428653,-191310.87129167878,-182317.6314428653,-188040.59375,9300,0.0,0.0
2009-03-12 00:00:00+09:00,-184525.03125000003,-184525.03125000003,-184525.03125000003,-184525.03125,900,0.0,0.0
2009-03-13 00:00:00+09:00,-187631.81971153847,-191310.87500000003,-187631.81971153847,-191310.875,5700,0.0,0.0
2009-03-16 00:00:00+09:00,-186160.20326064117,-191310.8769751354,-186078.4477231186,-190820.34375,48000,0.0,0.0
2009-03-17 00:00:00+09:00,-186487.20869711236,-190656.79687500003,-186405.453166917,-190656.796875,43500,0.0,0.0
2009-03-18 00:00:00+09:00,-188122.33433111032,-190656.79314283654,-185587.8755193841,-185996.671875,47400,0.0,0.0
2009-03-19 00:00:00+09:00,-193027.7660910287,-193436.5625,-189185.19960761664,-193436.5625,55800,0.0,0.0
2009-03-23 00:00:00+09:00,-210932.5066034349,-212567.63607599132,-205127.769842527,-212404.125,153900,0.0,0.0
2009-03-24 00:00:00+09:00,-210114.90611793214,-215837.88662197074,-208479.7768507672,-212567.609375,97200,0.0,0.0
2009-03-25 00:00:00+09:00,-214284.512882532,-215756.13109424454,-212404.0983195476,-212567.609375,115200,0.0,0.0
2009-03-26 00:00:00+09:00,8706.383788863375,8843.404317099343,8517.5166015625,8517.5166015625,126000,2000.0,0.0
2009-03-27 00:00:00+09:00,8424.936831011559,8517.517986250488,8406.419921875,8406.419921875,88500,0.0,0.0
2009-03-30 00:00:00+09:00,7854.632875880033,7924.99560546875,7854.632875880033,7924.99560546875,70800,0.0,0.0
2009-03-31 00:00:00+09:00,7776.86474609375,7776.86474609375,7595.404794714494,7776.86474609375,62100,0.0,0.0
2009-04-01 00:00:00+09:00,7739.831660563304,7887.962697992168,7687.985839843749,7687.98583984375,24900,0.0,0.0
2009-04-02 00:00:00+09:00,7669.469739693833,7850.9296875,7628.7335562725375,7850.9296875,96900,0.0,0.0
2009-04-03 00:00:00+09:00,7706.502862515833,7776.86474609375,7706.502862515833,7776.86474609375,69600,0.0,0.0
2009-04-06 00:00:00+09:00,7702.799650096521,7813.89771789786,7702.799650096521,7776.86474609375,53400,0.0,0.0
2009-04-07 00:00:00+09:00,7610.217674854429,7728.72216796875,7610.217674854429,7728.72216796875,56400,0.0,0.0
2009-04-08 00:00:00+09:00,7454.680179947668,7776.86474609375,7454.680179947668,7776.86474609375,80700,0.0,0.0
2009-04-09 00:00:00+09:00,7536.151799592736,8350.870317443747,7536.151799592736,8295.3212890625,60900,0.0,0.0
2009-04-10 00:00:00+09:00,8180.519749716764,8295.321014734105,7962.02685546875,7962.02685546875,88200,0.0,0.0
2009-04-13 00:00:00+09:00,7754.645518490318,8258.2900390625,7754.645518490318,8258.2900390625,109500,0.0,0.0
2009-04-14 00:00:00+09:00,7850.930851404035,8295.323179740322,7813.898722450078,8184.22509765625,91800,0.0,0.0
2009-04-15 00:00:00+09:00,8147.191914831831,8217.55379835387,7999.060875344019,8213.8505859375,38700,0.0,0.0
2009-04-16 00:00:00+09:00,7887.963241104507,7962.028341113077,7873.150390625,7873.150390625,82500,0.0,0.0
2009-04-17 00:00:00+09:00,7843.523417252355,7924.9957856992,7647.250616195851,7776.86474609375,56400,0.0,0.0
2009-04-20 00:00:00+09:00,7654.655959646904,7887.96169954798,7599.10693359375,7599.10693359375,64800,0.0,0.0
2009-04-21 00:00:00+09:00,7450.977853838055,7484.3076171875,7447.2746409782385,7484.3076171875,60300,0.0,0.0
2009-04-22 00:00:00+09:00,7591.7016069388055,7869.44677734375,7591.7016069388055,7869.44677734375,8100,0.0,0.0
2009-04-23 00:00:00+09:00,7895.368193137855,7980.543762724078,7895.368193137855,7962.02685546875,29700,0.0,0.0
2009-04-24 00:00:00+09:00,8480.485689057547,8591.583751151702,8443.452719155845,8554.55078125,214500,0.0,0.0
2009-04-27 00:00:00+09:00,8776.745856099076,8795.261915030691,8702.68077276177,8739.712890625,136800,0.0,0.0
2009-04-28 00:00:00+09:00,8721.197388111037,8810.076171875,8721.197388111037,8810.076171875,73500,0.0,0.0
2009-04-30 00:00:00+09:00,8813.779636378122,8887.8447265625,8813.779636378122,8887.8447265625,41100,0.0,0.0
2009-05-01 00:00:00+09:00,8813.779636378122,8887.8447265625,8795.262728123833,8887.8447265625,79800,0.0,0.0
2009-05-07 00:00:00+09:00,9195.217513418713,9332.238933952669,9176.701448864571,9258.173828125,126300,0.0,0.0
2009-05-08 00:00:00+09:00,9332.237634388173,9547.02734375,9332.237634388173,9547.02734375,45900,0.0,0.0
2009-05-11 00:00:00+09:00,9924.763328037736,10109.926535155537,9739.599273308746,10072.8935546875,62100,0.0,0.0
2009-05-12 00:00:00+09:00,10369.154296875,10395.07678635901,10276.5722820671,10369.154296875,179400,0.0,0.0
2009-05-13 00:00:00+09:00,10295.087073146226,10517.283203125,10295.087073146226,10517.283203125,98400,0.0,0.0
2009-05-14 00:00:00+09:00,10332.119543987772,10332.119543987772,10209.911847935908,10221.021484375,113700,0.0,0.0
2009-05-15 00:00:00+09:00,9961.793199812537,9998.826171875,9861.804768571588,9998.826171875,77700,0.0,0.0
2009-05-18 00:00:00+09:00,9887.727788880813,9887.727788880813,9554.43359375,9554.43359375,162900,0.0,0.0
2009-05-19 00:00:00+09:00,10002.52999393508,10072.891882292142,9739.59765625,9739.59765625,64200,0.0,0.0
2009-05-20 00:00:00+09:00,9750.706143578116,9943.276570180828,9739.59650687664,9887.7275390625,57600,0.0,0.0
2009-05-21 00:00:00+09:00,9743.299150479788,9961.792049967768,9739.595938462087,9776.62890625,117900,0.0,0.0
2009-05-22 00:00:00+09:00,9706.267229749816,9961.79225466541,9706.267229749816,9721.080078125,76200,0.0,0.0
2009-05-25 00:00:00+09:00,9906.243935750257,9961.79296875,9787.739445032274,9961.79296875,77100,0.0,0.0
2009-05-26 00:00:00+09:00,9924.7607421875,9998.825836215066,9824.772314303156,9924.7607421875,63900,0.0,0.0
2009-05-27 00:00:00+09:00,10146.958106660277,10480.252341759217,10043.266453836908,10183.990234375,109200,0.0,0.0
2009-05-28 00:00:00+09:00,10476.547931091098,11294.9697265625,10276.571073852816,11294.9697265625,150300,0.0,0.0
2009-05-29 00:00:00+09:00,11961.559394620352,12220.788524649948,11961.559394620352,12202.2724609375,237900,0.0,0.0
2009-06-01 00:00:00+09:00,13016.990258048274,13479.8994483209,12924.409098082553,13109.572265625,202800,0.0,0.0
2009-06-02 00:00:00+09:00,13720.613092565804,13868.744150731076,12220.788989329865,12591.1162109375,317700,0.0,0.0
2009-06-03 00:00:00+09:00,12831.828907060426,13628.031572580523,12813.312841968233,13387.3193359375,75300,0.0,0.0
2009-06-04 00:00:00+09:00,12979.957904167217,13146.605006299416,12702.212733946884,13072.5390625,162300,0.0,0.0
2009-06-05 00:00:00+09:00,13072.537580223812,13331.766658906177,12850.341469242043,13146.603515625,42300,0.0,0.0
2009-06-08 00:00:00+09:00,13146.604433507535,13276.218558092794,12257.819927526427,12961.4404296875,174600,0.0,0.0
2009-06-09 00:00:00+09:00,12961.4404296875,12961.4404296875,12720.728241854602,12961.4404296875,37500,0.0,0.0
2009-06-10 00:00:00+09:00,14442.7490234375,14442.7490234375,14146.487787545015,14442.7490234375,237600,0.0,0.0
2009-06-11 00:00:00+09:00,15387.080352750569,15924.0537109375,15368.563445495241,15924.0537109375,442500,0.0,0.0
2009-06-12 00:00:00+09:00,15590.75958318857,15905.538531056674,15368.563476562502,15368.5634765625,131400,0.0,0.0
2009-06-15 00:00:00+09:00,15535.21177193638,15924.054988953325,15442.630618672976,15775.9248046875,111600,0.0,0.0
2009-06-16 00:00:00+09:00,14887.140052279134,15072.304050839148,14701.976053719121,14776.0419921875,145800,0.0,0.0
2009-06-17 00:00:00+09:00,15035.272594926106,15294.502572660402,15035.272594926106,15257.46875,78300,0.0,0.0
2009-06-18 00:00:00+09:00,15257.469203947678,15553.731317934782,15183.404946867538,15331.53515625,66300,0.0,0.0
2009-06-19 00:00:00+09:00,15238.950211178468,15368.563476562502,15146.367369936432,15368.5634765625,53100,0.0,0.0
2009-06-22 00:00:00+09:00,15442.631474514897,15905.540656930467,15368.56553066625,15738.8935546875,43500,0.0,0.0
2009-06-23 00:00:00+09:00,15275.984322684151,15553.7294921875,15275.984322684151,15553.7294921875,22800,0.0,0.0
2009-06-24 00:00:00+09:00,15201.91639659295,15368.563476562502,14813.073209997328,15368.5634765625,81600,0.0,0.0
2009-06-25 00:00:00+09:00,15572.24727921774,15627.79631624798,15035.272124444044,15516.6982421875,44100,0.0,0.0
2009-06-26 00:00:00+09:00,15553.727432383246,15924.0537109375,15405.597260005898,15924.0537109375,120000,0.0,0.0
2009-06-29 00:00:00+09:00,15998.120866358555,16257.349111619105,15553.728620070817,15590.7607421875,64800,0.0,0.0
2009-06-30 00:00:00+09:00,15461.14778712675,16053.67022936498,15442.630878074271,16035.1533203125,36300,0.0,0.0
2009-07-01 00:00:00+09:00,15831.475209698,16479.546729231508,15831.475209698,16257.3505859375,45600,0.0,0.0
2009-07-02 00:00:00+09:00,16405.48312440267,16405.48312440267,15720.377757189624,15961.0908203125,69600,0.0,0.0
2009-07-03 00:00:00+09:00,15738.890035508213,15757.405245913928,15090.816985989648,15627.7919921875,68400,0.0,0.0
2009-07-06 00:00:00+09:00,16516.58108698868,16516.58108698868,15738.89456017207,16053.671875,87900,0.0,0.0
2009-07-07 00:00:00+09:00,15979.603676939576,16294.38264267755,15738.892344577427,16072.1865234375,58500,0.0,0.0
2009-07-08 00:00:00+09:00,15479.664420685956,15553.730368466968,15035.272124444044,15516.6982421875,67800,0.0,0.0
2009-07-09 00:00:00+09:00,14479.779861546143,14776.041918724854,14035.388470999933,14461.2646484375,164700,0.0,0.0
2009-07-10 00:00:00+09:00,14424.232146401424,14424.232146401424,13442.866429436663,14072.421875,103800,0.0,0.0
2009-07-13 00:00:00+09:00,13146.604687973228,13331.767847766325,12591.114360982965,12628.146484375,106800,0.0,0.0
2009-07-14 00:00:00+09:00,12591.114095965837,13702.0947265625,12591.114095965837,13702.0947265625,70200,0.0,0.0
2009-07-15 00:00:00+09:00,13720.612532879044,14590.880239121218,13720.612532879044,13757.6455078125,32400,0.0,0.0
2009-07-16 00:00:00+09:00,14053.905780498799,14553.847092848559,14053.905780498799,14442.7490234375,77400,0.0,0.0
2009-07-17 00:00:00+09:00,14442.7490234375,14442.7490234375,14072.42184286364,14442.7490234375,23700,0.0,0.0
2009-07-21 00:00:00+09:00,14442.746178629577,14776.040321213335,14276.099107337697,14627.91015625,29100,0.0,0.0
2009-07-22 00:00:00+09:00,14664.943665898943,14683.460573985387,14109.453375523983,14646.4267578125,35100,0.0,0.0
2009-07-23 00:00:00+09:00,14627.911534558585,14627.911534558585,13887.257249510736,14516.8134765625,26100,0.0,0.0
2009-07-24 00:00:00+09:00,14516.81439743832,14664.944585755813,14220.552325581395,14331.650390625,49800,0.0,0.0
2009-07-27 00:00:00+09:00,14257.5830078125,14405.714876379945,13887.256726837424,14257.5830078125,40200,0.0,0.0
2009-07-28 00:00:00+09:00,14257.58364466867,14331.649582260761,13887.2573471519,14183.5185546875,20700,0.0,0.0
2009-07-29 00:00:00+09:00,14090.9375,14109.45356071856,13813.192351166957,14090.9375,29700,0.0,0.0
2009-07-30 00:00:00+09:00,13942.808787563426,14053.90686555198,13794.677734375,13794.677734375,34200,0.0,0.0
2009-07-31 00:00:00+09:00,13831.708411885518,14257.583741688897,13831.708411885518,14090.9375,32700,0.0,0.0
2009-08-03 00:00:00+09:00,14257.584223083059,15368.564855926463,14239.069009350276,15127.853515625,126900,0.0,0.0
2009-08-04 00:00:00+09:00,15553.728657390724,16109.21896658325,15313.015625,15313.015625,161400,0.0,0.0
2009-08-05 00:00:00+09:00,15331.531281950789,16368.445876042626,15331.531281950789,16349.9306640625,161100,0.0,0.0
2009-08-06 00:00:00+09:00,16201.79887641026,16294.381717652295,15072.303131208917,15368.5634765625,210000,0.0,0.0
2009-08-07 00:00:00+09:00,15516.696401129555,15516.696401129555,14516.813853221438,14813.07421875,102300,0.0,0.0
2009-08-10 00:00:00+09:00,14868.622415532414,15257.465606806054,14516.813039289831,15183.4013671875,60000,0.0,0.0
2009-08-11 00:00:00+09:00,15183.404946867538,15331.535156249998,14961.208785182755,15331.53515625,56400,0.0,0.0
2009-08-12 00:00:00+09:00,15405.599504739474,15498.1806640625,15053.788386956765,15498.1806640625,75600,0.0,0.0
2009-08-13 00:00:00+09:00,15479.660137612143,16035.15035421571,15294.497862225362,15627.7919921875,118200,0.0,0.0
2009-08-14 00:00:00+09:00,15701.861229399945,15775.927180296985,15405.600816256081,15664.8291015625,47100,0.0,0.0
2009-08-17 00:00:00+09:00,15461.14833409371,15646.310650281288,15238.952198491032,15553.7294921875,56400,0.0,0.0
2009-08-18 00:00:00+09:00,15257.467981282245,15479.66412516122,14979.722801433527,15201.9189453125,70500,0.0,0.0
2009-08-19 00:00:00+09:00,15183.4013671875,15442.629596296,14998.237377697555,15183.4013671875,54300,0.0,0.0
2009-08-20 00:00:00+09:00,15127.855221227583,15257.468512858064,14998.240234375,14998.240234375,27900,0.0,0.0
2009-08-21 00:00:00+09:00,15035.27270549219,15164.8876953125,14868.625587961284,15164.8876953125,41700,0.0,0.0
2009-08-24 00:00:00+09:00,15183.403730137283,15331.53392764925,14961.207586258308,15201.9189453125,29400,0.0,0.0
2009-08-25 00:00:00+09:00,15183.403479998107,15183.403479998107,14905.658304725106,14942.6904296875,55500,0.0,0.0
2009-08-26 00:00:00+09:00,14850.106055499466,15220.432310635695,14739.008009436431,14961.2041015625,90000,0.0,0.0
2009-08-27 00:00:00+09:00,14850.108195525898,14998.238379882874,14813.074378020232,14905.6572265625,38400,0.0,0.0
2009-08-28 00:00:00+09:00,14850.106055499466,14979.719312425237,14813.072243330687,14961.2041015625,36600,0.0,0.0
2009-08-31 00:00:00+09:00,14850.108035857476,14998.238218621758,14479.780036113962,14813.07421875,90000,0.0,0.0
2009-09-02 00:00:00+09:00,14387.19998873197,14590.879217578242,13998.35674579327,14442.7490234375,98400,0.0,0.0
2009-09-03 00:00:00+09:00,14498.295874805293,14498.295874805293,14072.41972365975,14127.96875,57000,0.0,0.0
2009-09-04 00:00:00+09:00,14257.58552035703,14479.781667142968,14072.422347239093,14368.68359375,48000,0.0,0.0
2009-09-07 00:00:00+09:00,14553.845872004229,14776.0419921875,14331.649751820958,14776.0419921875,97500,0.0,0.0
2009-09-08 00:00:00+09:00,14683.461145838433,15220.434549039586,14683.461145838433,14757.525390625,58200,0.0,0.0
2009-09-09 00:00:00+09:00,15053.788747800532,15201.9189453125,14887.141639891302,15201.9189453125,55500,0.0,0.0
2009-09-10 00:00:00+09:00,15183.402313238332,15590.7607421875,14998.238312211146,15590.7607421875,99000,0.0,0.0
2009-09-11 00:00:00+09:00,15701.859421538922,15831.47439687976,15220.435034193171,15294.5009765625,101400,0.0,0.0
2009-09-14 00:00:00+09:00,15368.564067686197,15479.662125272416,15035.269894927544,15072.3037109375,96000,0.0,0.0
2009-09-15 00:00:00+09:00,15146.367552156442,15331.531541646389,15146.367552156442,15183.4013671875,44700,0.0,0.0
2009-09-16 00:00:00+09:00,15090.821824443208,15368.567021796287,14739.01237127741,14887.142578125,109800,0.0,0.0
2009-09-17 00:00:00+09:00,14924.173056769423,14979.722090101346,14831.59189962354,14868.6240234375,24300,0.0,0.0
2009-09-18 00:00:00+09:00,14850.108809141502,14868.6240234375,14146.487437733478,14868.6240234375,90000,0.0,0.0
2009-09-21 00:00:00+09:00,14868.6240234375,14868.6240234375,14868.6240234375,14868.6240234375,0,0.0,0.0
2009-09-24 00:00:00+09:00,14664.94207829317,14850.106053446514,14627.909961351163,14683.458984375,40200,0.0,0.0
2009-09-25 00:00:00+09:00,14979.721346147564,14979.721346147564,14516.813888186041,14535.3291015625,59700,0.0,0.0
2009-09-28 00:00:00+09:00,14127.971790417143,14313.134968862483,13887.259573677093,14035.390625,85200,0.0,0.0
2009-09-29 00:00:00+09:00,14035.389718133956,14516.814968118873,14035.389718133956,14442.7490234375,16800,0.0,0.0
2009-09-30 00:00:00+09:00,14572.361244670903,14572.361244670903,14313.131334962301,14387.197265625,8100,0.0,0.0
2009-10-01 00:00:00+09:00,14090.937404113769,14239.06843168703,14090.937404113769,14183.5185546875,34500,0.0,0.0
2009-10-02 00:00:00+09:00,14090.93878501813,14090.93878501813,13776.16063843096,14072.421875,36600,0.0,0.0
2009-10-05 00:00:00+09:00,13924.290944446437,14257.584288210968,13924.290944446437,14109.4541015625,25800,0.0,0.0
2009-10-06 00:00:00+09:00,14109.452834466823,14257.5830078125,13998.354780652124,14257.5830078125,24600,0.0,0.0
2009-10-07 00:00:00+09:00,14313.134044050597,14590.879217578242,14294.618829296758,14442.7490234375,15900,0.0,0.0
2009-10-08 00:00:00+09:00,14590.879217578242,14590.879217578242,14442.7490234375,14442.7490234375,2400,0.0,0.0
2009-10-09 00:00:00+09:00,14516.815488422004,14516.815488422004,14183.520420632061,14368.68359375,44400,0.0,0.0
2009-10-13 00:00:00+09:00,14479.781341861308,14850.109375,14479.781341861308,14850.109375,51000,0.0,0.0
2009-10-14 00:00:00+09:00,14850.108035857476,15053.787249061097,14813.07421875,14813.07421875,12600,0.0,0.0
2009-10-15 00:00:00+09:00,14813.073388207607,15183.4013671875,14813.073388207607,15183.4013671875,19800,0.0,0.0
2009-10-16 00:00:00+09:00,14887.142158564813,15109.338310185185,14813.076209617322,14998.240234375,3900,0.0,0.0
2009-10-19 00:00:00+09:00,15109.339068184127,15127.855980155475,14739.0126953125,14739.0126953125,11100,0.0,0.0
2009-10-20 00:00:00+09:00,14813.076952753512,14961.208858079914,14739.0126953125,14739.0126953125,16500,0.0,0.0
2009-10-21 00:00:00+09:00,14813.074990105577,14998.238999619309,14739.010742477656,14868.6240234375,12600,0.0,0.0
2009-10-22 00:00:00+09:00,14942.689188182418,14942.689188182418,14739.009974978797,14813.07421875,19800,0.0,0.0
2009-10-23 00:00:00+09:00,14998.238218621758,14998.238218621758,14776.0420968644,14813.07421875,38700,0.0,0.0
2009-10-26 00:00:00+09:00,14831.593792459238,15331.535156249998,14831.593792459238,15331.53515625,67800,0.0,0.0
2009-10-27 00:00:00+09:00,15368.563661455666,15368.563661455666,14905.656230563472,15183.4013671875,11700,0.0,0.0
2009-10-28 00:00:00+09:00,15035.270502166644,15035.270502166644,14905.6572265625,14905.6572265625,20400,0.0,0.0
2009-10-29 00:00:00+09:00,14887.141500225058,14887.141500225058,14479.781341861308,14850.109375,34500,0.0,0.0
2009-10-30 00:00:00+09:00,15035.27066607344,15127.853515625,14627.912230845468,15127.853515625,29100,0.0,0.0
2009-11-02 00:00:00+09:00,14776.040895509886,15016.75390625,14553.844791818008,15016.75390625,67800,0.0,0.0
2009-11-04 00:00:00+09:00,15313.018214690606,15313.018214690606,14998.240884654631,15146.37109375,10500,0.0,0.0
2009-11-05 00:00:00+09:00,15201.91695478724,15368.564040875854,15072.30368464398,15350.048828125,45600,0.0,0.0
2009-11-06 00:00:00+09:00,15257.466956975613,15498.179995091636,15257.466956975613,15479.6630859375,52200,0.0,0.0
2009-11-09 00:00:00+09:00,13998.3564453125,14146.487483884548,13998.3564453125,13998.3564453125,462000,0.0,0.0
2009-11-10 00:00:00+09:00,14053.903954635438,14368.68121199735,13961.321959617346,13979.8388671875,80400,0.0,0.0
2009-11-11 00:00:00+09:00,14127.970574306177,14127.970574306177,13776.16031125992,13998.3564453125,37200,0.0,0.0
2009-11-12 00:00:00+09:00,13813.193203082672,13924.291269467758,13590.9970703125,13590.9970703125,71400,0.0,0.0
2009-11-13 00:00:00+09:00,13146.605656691214,13313.252767067816,12739.245488474384,12998.474609375,162900,0.0,0.0
2009-11-16 00:00:00+09:00,12850.341924687562,12887.37489370069,12220.786537129965,12480.015625,147000,0.0,0.0
2009-11-17 00:00:00+09:00,12368.920226550897,12480.018309880365,11813.42980990357,12035.6259765625,67200,0.0,0.0
2009-11-18 00:00:00+09:00,11850.45865466111,11998.589673913044,11498.6484375,11498.6484375,56100,0.0,0.0
2009-11-19 00:00:00+09:00,10832.061376307085,10932.0498046875,10146.956922222944,10932.0498046875,265500,0.0,0.0
2009-11-20 00:00:00+09:00,11165.35619811631,12054.140771100692,11109.807162304785,11591.232421875,103800,0.0,0.0
2009-11-24 00:00:00+09:00,11850.458877614044,12017.105959553668,11591.23064855967,11813.4267578125,55800,0.0,0.0
2009-11-25 00:00:00+09:00,12202.270710467152,12202.270710467152,11906.008647901714,12146.7216796875,32100,0.0,0.0
2009-11-26 00:00:00+09:00,11554.198607819904,11887.492798430094,11554.198607819904,11720.845703125,11700,0.0,0.0
2009-11-27 00:00:00+09:00,11591.232941664912,11702.331018269972,11313.487750152262,11517.1669921875,40200,0.0,0.0
2009-11-30 00:00:00+09:00,11406.066605966123,11998.58984375,11406.066605966123,11998.58984375,10800,0.0,0.0
2009-12-01 00:00:00+09:00,11998.58984375,11998.58984375,11720.84470847801,11998.58984375,59100,0.0,0.0
2009-12-02 00:00:00+09:00,12442.982655986872,12572.596776116427,12146.721446714637,12480.015625,71400,0.0,0.0
2009-12-03 00:00:00+09:00,12405.95172699024,12739.245960082018,12405.95172699024,12517.0498046875,30900,0.0,0.0
2009-12-04 00:00:00+09:00,12498.53343206243,12591.115443725832,12035.625068967502,12535.56640625,31200,0.0,0.0
2009-12-07 00:00:00+09:00,12387.434624068233,12405.950686260783,12035.624356743801,12109.689453125,92700,0.0,0.0
2009-12-08 00:00:00+09:00,12035.623967315767,12035.623967315767,11850.4599609375,11850.4599609375,85500,0.0,0.0
2009-12-09 00:00:00+09:00,11794.91169363593,12035.624748019596,11628.264585652325,11906.009765625,43800,0.0,0.0
2009-12-10 00:00:00+09:00,12017.108609876817,12035.625521472308,11702.331284086407,11961.5595703125,40800,0.0,0.0
2009-12-11 00:00:00+09:00,11813.42936321504,12072.657649441135,11776.396387635137,11961.5595703125,42600,0.0,0.0
2009-12-14 00:00:00+09:00,12554.080956201298,12554.080956201298,11850.459617122062,12146.7216796875,114300,0.0,0.0
2009-12-15 00:00:00+09:00,12146.72194443141,12405.9501953125,12146.72194443141,12405.9501953125,7800,0.0,0.0
2009-12-16 00:00:00+09:00,12405.951400870723,12517.04947564751,12220.788225446428,12442.984375,48900,0.0,0.0
2009-12-17 00:00:00+09:00,12424.467725231994,12442.983787617042,12220.787648552452,12239.3037109375,20400,0.0,0.0
2009-12-18 00:00:00+09:00,12165.237507415737,12480.015625,11850.459389831474,12480.015625,20700,0.0,0.0
2009-12-21 00:00:00+09:00,12442.98473598414,12702.2138671875,12442.98473598414,12702.2138671875,50400,0.0,0.0
2009-12-22 00:00:00+09:00,12776.277830135308,13183.637130588133,12776.277830135308,13072.5390625,31200,0.0,0.0
2009-12-24 00:00:00+09:00,13109.573356694005,13313.253451270062,13109.573356694005,13239.1875,50100,0.0,0.0
2009-12-25 00:00:00+09:00,13331.76953125,13331.76953125,13072.540396716446,13331.76953125,55800,0.0,0.0
2009-12-28 00:00:00+09:00,13183.63891090334,13313.25390625,13091.05774006842,13313.25390625,9900,0.0,0.0
2009-12-29 00:00:00+09:00,13313.252004815833,13702.09524009797,13313.252004815833,13628.029296875,33600,0.0,0.0
2009-12-30 00:00:00+09:00,13702.0947265625,13739.126849175087,13553.963693279295,13702.0947265625,14100,0.0,0.0
2010-01-04 00:00:00+09:00,13646.54658592242,13887.2587890625,13516.93160548383,13887.2587890625,14100,0.0,0.0
2010-01-05 00:00:00+09:00,14072.421875,14257.585041904274,13887.258708095726,14072.421875,34800,0.0,0.0
2010-01-06 00:00:00+09:00,14220.551523483546,14220.551523483546,13887.2573471519,14183.5185546875,21000,0.0,0.0
2010-01-07 00:00:00+09:00,14146.487819850514,14257.585041904274,13794.676700838085,14072.421875,45900,0.0,0.0
2010-01-08 00:00:00+09:00,13850.2236328125,13998.354652412021,13646.544434425397,13850.2236328125,13800,0.0,0.0
2010-01-12 00:00:00+09:00,13850.22464446699,13998.355674886365,13498.41440078328,13572.4794921875,16200,0.0,0.0
2010-01-13 00:00:00+09:00,13516.932217357551,13739.12836804075,13516.932217357551,13720.6123046875,11100,0.0,0.0
2010-01-14 00:00:00+09:00,13813.194471821167,14035.390625,13776.161497087674,14035.390625,10500,0.0,0.0
2010-01-15 00:00:00+09:00,13850.225735670469,14146.487819850514,13850.225735670469,14072.421875,20700,0.0,0.0
2010-01-18 00:00:00+09:00,13850.224804268573,14202.035899622359,13850.224804268573,14165.0029296875,2100,0.0,0.0
2010-01-19 00:00:00+09:00,14109.455286561264,14109.455286561264,14035.390187016588,14053.90625,24600,0.0,0.0
2010-01-20 00:00:00+09:00,14109.45451233879,14220.55257936508,13979.840383345114,13998.3564453125,35400,0.0,0.0
2010-01-21 00:00:00+09:00,13998.35765026651,14257.585930567775,13998.35765026651,14035.390625,14400,0.0,0.0
2010-01-22 00:00:00+09:00,14016.870155144035,14387.197265625,14016.870155144035,14387.197265625,30900,0.0,0.0
2010-01-25 00:00:00+09:00,14257.5830078125,14442.746995910922,14257.5830078125,14257.5830078125,18900,0.0,0.0
2010-01-26 00:00:00+09:00,14405.71623141631,14479.780477444925,14257.584348915223,14424.2314453125,11400,0.0,0.0
2010-01-27 00:00:00+09:00,14405.7158203125,14405.7158203125,14405.7158203125,14405.7158203125,600,0.0,0.0
2010-01-28 00:00:00+09:00,14424.23154642069,14479.780578942493,14331.650390625,14331.650390625,19500,0.0,0.0
2010-01-29 00:00:00+09:00,14257.583942038735,14405.7158203125,14165.00278953404,14405.7158203125,3600,0.0,0.0
2010-02-01 00:00:00+09:00,14368.682770326142,14405.716589482885,13461.382172148438,13998.3564453125,33000,0.0,0.0
2010-02-02 00:00:00+09:00,14257.58512503016,14350.16798043859,13831.70975390625,13887.2587890625,20700,0.0,0.0
2010-02-03 00:00:00+09:00,13850.22420821257,14072.42032303743,13702.094030069939,13961.322265625,22200,0.0,0.0
2010-02-04 00:00:00+09:00,13850.225406740452,14146.487483884548,13739.127339714163,13998.3564453125,35400,0.0,0.0
2010-02-05 00:00:00+09:00,13479.900109447944,13887.25943706483,13479.900109447944,13813.1943359375,22500,0.0,0.0
2010-02-08 00:00:00+09:00,13739.127596866792,13961.323735078175,13498.415396341463,13665.0625,17700,0.0,0.0
2010-02-09 00:00:00+09:00,13813.191513620777,13850.2236328125,13702.093460823857,13850.2236328125,900,0.0,0.0
2010-02-10 00:00:00+09:00,13961.323138670938,13979.840047804872,13813.192951265255,13924.291015625,2700,0.0,0.0
2010-02-12 00:00:00+09:00,13998.354927146762,13998.354927146762,13702.093729744112,13979.8388671875,9000,0.0,0.0
2010-02-15 00:00:00+09:00,13905.774035407157,14109.4541015625,13813.192880654606,14109.4541015625,6600,0.0,0.0
2010-02-16 00:00:00+09:00,14220.552917090023,14220.552917090023,13998.356777760491,14072.421875,35400,0.0,0.0
2010-02-17 00:00:00+09:00,13887.258202372883,14146.4873046875,13887.258202372883,14146.4873046875,15600,0.0,0.0
2010-02-18 00:00:00+09:00,14072.421159717758,14202.0361328125,13942.807034233978,14202.0361328125,5700,0.0,0.0
2010-02-19 00:00:00+09:00,14183.5185546875,14183.5185546875,13998.355405929115,14183.5185546875,10200,0.0,0.0
2010-02-22 00:00:00+09:00,14202.036337496993,14294.618341383137,14072.421362534196,14146.4873046875,14700,0.0,0.0
2010-02-23 00:00:00+09:00,14146.487535525715,14331.650698708467,14109.454563844769,14313.1337890625,10500,0.0,0.0
2010-02-24 00:00:00+09:00,14257.584755346576,14313.1337890625,14220.552631276618,14313.1337890625,12600,0.0,0.0
2010-02-25 00:00:00+09:00,14146.486928104388,14405.716023518262,14146.486928104388,14350.1669921875,24000,0.0,0.0
2010-02-26 00:00:00+09:00,14424.231237147247,14424.231237147247,14257.584143154962,14350.1669921875,8100,0.0,0.0
2010-03-01 00:00:00+09:00,14257.584652986972,14405.71653864727,13702.095167426749,14276.1015625,60000,0.0,0.0
2010-03-02 00:00:00+09:00,14368.68359375,14405.717415029034,13998.357247514125,14368.68359375,21000,0.0,0.0
2010-03-03 00:00:00+09:00,14146.488294575094,14368.68359375,14109.455320907093,14368.68359375,4800,0.0,0.0
2010-03-04 00:00:00+09:00,14257.585041904274,14442.749056419554,14072.421875,14072.421875,21000,0.0,0.0
2010-03-05 00:00:00+09:00,14146.48672855529,14442.747942270002,14146.48672855529,14405.7158203125,6000,0.0,0.0
2010-03-08 00:00:00+09:00,14405.716591330418,14590.87890625,14276.101614709132,14590.87890625,23400,0.0,0.0
2010-03-09 00:00:00+09:00,14590.878096992641,14813.07421875,14442.74791422836,14813.07421875,38400,0.0,0.0
2010-03-10 00:00:00+09:00,14627.911914100117,14850.108035857476,14572.362883660779,14813.07421875,27300,0.0,0.0
2010-03-11 00:00:00+09:00,14961.206257599104,14961.206257599104,14572.363040342882,14905.6572265625,25500,0.0,0.0
2010-03-12 00:00:00+09:00,14905.657476531216,14905.657476531216,14701.9765625,14701.9765625,15600,0.0,0.0
2010-03-15 00:00:00+09:00,14942.690531036435,14979.72265625,14739.011299528784,14979.72265625,30300,0.0,0.0
2010-03-16 00:00:00+09:00,14813.072243330687,14979.719312425237,14776.04012638356,14961.2041015625,23400,0.0,0.0
2010-03-17 00:00:00+09:00,14942.691196469907,14998.240234375,14813.076209617322,14998.240234375,42900,0.0,0.0
2010-03-18 00:00:00+09:00,15035.271176354361,15238.952096102972,15035.271176354361,15053.7880859375,59100,0.0,0.0
2010-03-19 00:00:00+09:00,14998.239359672034,15035.271484375,14813.075345713192,15035.271484375,29400,0.0,0.0
2010-03-23 00:00:00+09:00,14998.239817899817,15109.337890625,14905.65865570285,15109.337890625,37200,0.0,0.0
2010-03-24 00:00:00+09:00,15016.754682144392,15090.818923720653,14813.073779755108,15072.3037109375,56700,0.0,0.0
2010-03-25 00:00:00+09:00,14961.208107512306,15016.757145417398,14850.110031702121,14998.240234375,67800,0.0,0.0
2010-03-26 00:00:00+09:00,14479.781341861308,14887.141500225058,14479.781341861308,14850.109375,219000,0.0,0.0
2010-03-29 00:00:00+09:00,-1014.4966065414309,-1030.4102788009043,-1007.8658895313696,-1010.5181884765625,39000,2000.0,0.0
2010-03-30 00:00:00+09:00,-1007.865922407898,-1007.865922407898,-985.3215931088106,-1005.2136840820312,40200,0.0,0.0
2010-03-31 00:00:00+09:00,-999.9090414186237,-1006.5397583492219,-990.6260862804594,-1002.5613403320312,26400,0.0,0.0
2010-04-01 00:00:00+09:00,-998.5830773174391,-998.5830773174391,-986.6478214132467,-997.2569580078125,16500,0.0,0.0
2010-04-02 00:00:00+09:00,-995.9303903719972,-999.9088074583111,-990.6258544921875,-990.6258544921875,20400,0.0,0.0
2010-04-05 00:00:00+09:00,-993.2784294980988,-1005.2136840820312,-993.2784294980988,-1005.2136840820312,34200,0.0,0.0
2010-04-06 00:00:00+09:00,-1005.2136840820312,-1007.865922407898,-991.9522496293214,-1005.2136840820312,116700,0.0,0.0
2010-04-07 00:00:00+09:00,-1010.5182331640785,-1013.1705322265625,-999.9090976199877,-1013.1705322265625,56100,0.0,0.0
2010-04-08 00:00:00+09:00,-1009.1920776367188,-1021.1272712234031,-1009.1920776367188,-1009.1920776367188,16800,0.0,0.0
2010-04-09 00:00:00+09:00,-1018.4750200732351,-1029.0840943951034,-1005.2136468179788,-1021.1272583007812,48900,0.0,0.0
2010-04-12 00:00:00+09:00,-1026.4318767943596,-1030.4102949214696,-1017.1489213997176,-1027.758056640625,21000,0.0,0.0
2010-04-13 00:00:00+09:00,-1033.0625412250731,-1033.0625412250731,-1010.5182121335997,-1026.431884765625,33300,0.0,0.0
2010-04-14 00:00:00+09:00,-1027.758080058646,-1043.6717529296875,-1007.8659282640002,-1043.6717529296875,99900,0.0,0.0
2010-04-15 00:00:00+09:00,-1044.997721879652,-1058.2591552734375,-1037.0408861257165,-1058.2591552734375,56400,0.0,0.0
2010-04-16 00:00:00+09:00,-1059.585320099277,-1111.3047517707662,-1058.25914035509,-1100.695556640625,88500,0.0,0.0
2010-04-19 00:00:00+09:00,-1087.434202589252,-1087.434202589252,-1066.2159345651592,-1067.5421142578125,63900,0.0,0.0
2010-04-20 00:00:00+09:00,-1086.10810546875,-1100.695597550273,-1050.30234375,-1074.1728515625,106800,0.0,0.0
2010-04-21 00:00:00+09:00,-1086.1080974721626,-1100.6955894462835,-1050.3023360170364,-1075.4990234375,36000,0.0,0.0
2010-04-22 00:00:00+09:00,-1076.8250093689257,-1087.4342041015625,-1071.5205334142795,-1087.4342041015625,44100,0.0,0.0
2010-04-23 00:00:00+09:00,-1106.000293676404,-1106.000293676404,-1074.172947095788,-1098.04345703125,47700,0.0,0.0
2010-04-26 00:00:00+09:00,-1098.0434992701125,-1153.7413579287413,-1092.7389008320583,-1149.762939453125,116100,0.0,0.0
2010-04-27 00:00:00+09:00,-1137.8275710963567,-1149.7628253386263,-1116.6093008617606,-1148.4366455078125,40800,0.0,0.0
2010-04-28 00:00:00+09:00,-1125.8922688146483,-1153.7411941916891,-1103.3479411228418,-1136.5013427734375,100500,0.0,0.0
2010-04-30 00:00:00+09:00,-1156.3934967393093,-1206.7868740267352,-1156.3934967393093,-1185.568603515625,68100,0.0,0.0
2010-05-06 00:00:00+09:00,-1161.698046875,-1235.961808487773,-1161.698046875,-1193.525390625,113100,0.0,0.0
2010-05-07 00:00:00+09:00,-1140.479734849463,-1159.0457656213719,-1060.911378431787,-1100.695556640625,215100,0.0,0.0
2010-05-10 00:00:00+09:00,-1082.129775830543,-1119.2617203737232,-1082.129775830543,-1099.36962890625,28800,0.0,0.0
2010-05-11 00:00:00+09:00,-1106.0001621855504,-1127.2184311872472,-1060.9113860863238,-1079.4774169921875,132900,0.0,0.0
2010-05-12 00:00:00+09:00,-1062.23759765625,-1080.803507706523,-1054.28076171875,-1074.1728515625,84000,0.0,0.0
2010-05-13 00:00:00+09:00,-1074.17281090383,-1087.4342441015967,-1060.9113777060634,-1080.803466796875,65100,0.0,0.0
2010-05-14 00:00:00+09:00,-1064.8897947684638,-1080.8034660298192,-1055.6069008071242,-1060.911376953125,87000,0.0,0.0
2010-05-17 00:00:00+09:00,-1062.23759765625,-1062.23759765625,-1033.062492081523,-1034.388671875,149100,0.0,0.0
2010-05-18 00:00:00+09:00,-1030.4102749571082,-1060.9114395367574,-994.604512506861,-1001.2352294921875,136800,0.0,0.0
2010-05-19 00:00:00+09:00,-995.9306316215897,-1001.2352294921875,-981.3431392420503,-1001.2352294921875,46200,0.0,0.0
2010-05-20 00:00:00+09:00,-998.5829020484327,-1029.084065757307,-998.5829020484327,-1015.8226928710938,11700,0.0,0.0
2010-05-21 00:00:00+09:00,-952.1680450548263,-1005.2136601933605,-901.7747895908141,-989.2999877929688,158400,0.0,0.0
2010-05-24 00:00:00+09:00,-1003.887466998364,-1021.1272583007812,-1002.5613478845908,-1021.1272583007812,19800,0.0,0.0
2010-05-25 00:00:00+09:00,-1007.8659709728541,-1007.8659709728541,-954.8204127234977,-968.081787109375,119700,0.0,0.0
2010-05-26 00:00:00+09:00,-968.0816935324558,-993.2783813476562,-932.2759315163889,-993.2783813476562,54300,0.0,0.0
2010-05-27 00:00:00+09:00,-944.2111855217446,-993.2783813476562,-944.2111855217446,-993.2783813476562,43200,0.0,0.0
2010-05-28 00:00:00+09:00,-1010.5181839789129,-1034.3886922618794,-1007.8658850455249,-1021.1272583007812,116100,0.0,0.0
2010-05-31 00:00:00+09:00,-1029.0839212854721,-1047.6499499902206,-1015.8225502610068,-1039.693115234375,48900,0.0,0.0
2010-06-01 00:00:00+09:00,-1044.997802734375,-1047.6501624653604,-1031.736489726199,-1044.997802734375,22800,0.0,0.0
2010-06-02 00:00:00+09:00,-1055.6069583894584,-1055.6069583894584,-1021.1272545012367,-1031.7364501953125,41700,0.0,0.0
2010-06-03 00:00:00+09:00,-1034.3886796538568,-1056.9330078424186,-1034.3886796538568,-1052.95458984375,14700,0.0,0.0
2010-06-04 00:00:00+09:00,-1052.9546143804391,-1052.9546143804391,-1038.3671218492866,-1048.9761962890625,10200,0.0,0.0
2010-06-07 00:00:00+09:00,-1014.4967152636339,-1031.736569196196,-1005.2137590193802,-1022.4535522460938,31500,0.0,0.0
2010-06-08 00:00:00+09:00,-1003.8875042132538,-1018.475057828897,-983.9954132400331,-1005.2136840820312,52200,0.0,0.0
2010-06-09 00:00:00+09:00,-993.2783933921326,-1007.865885771672,-983.9953774715073,-1001.2352294921875,63600,0.0,0.0
2010-06-10 00:00:00+09:00,-994.6045080783291,-1011.8442993164062,-985.3215529048786,-1011.8442993164062,20400,0.0,0.0
2010-06-11 00:00:00+09:00,-1030.4102909564972,-1030.4102909564972,-993.2784088149674,-1018.4750366210938,7800,0.0,0.0
2010-06-14 00:00:00+09:00,-999.909053401633,-1029.084098975387,-999.909053401633,-1010.5181884765625,16800,0.0,0.0
2010-06-15 00:00:00+09:00,-1013.1704829123009,-1026.4318561675573,-1011.844303092686,-1021.1272583007812,36300,0.0,0.0
2010-06-16 00:00:00+09:00,-1039.693269637227,-1074.1728515625,-1039.693269637227,-1074.1728515625,31200,0.0,0.0
2010-06-17 00:00:00+09:00,-1060.9113854897696,-1067.54216284314,-1034.3886403113206,-1059.5853271484375,27900,0.0,0.0
2010-06-18 00:00:00+09:00,-1063.5637449957887,-1063.5637449957887,-1044.9977141003646,-1059.5853271484375,22500,0.0,0.0
2010-06-21 00:00:00+09:00,-1059.5852705225577,-1068.8681640625,-1047.6500176183424,-1068.8681640625,27900,0.0,0.0
2010-06-22 00:00:00+09:00,-1063.56396484375,-1066.2162034863327,-1060.911604789465,-1063.56396484375,20100,0.0,0.0
2010-06-23 00:00:00+09:00,-1060.9113113561207,-1063.5636706768,-1051.62841796875,-1051.62841796875,33300,0.0,0.0
2010-06-24 00:00:00+09:00,-1059.5853350363195,-1060.9113933875233,-1050.302319519502,-1058.2591552734375,5100,0.0,0.0
2010-06-25 00:00:00+09:00,-1076.8250392944701,-1076.8250392944701,-1033.0624436882558,-1042.345458984375,72300,0.0,0.0
2010-06-28 00:00:00+09:00,-1042.3455493027993,-1042.3455493027993,-1010.51820428592,-1027.758056640625,14700,0.0,0.0
2010-06-29 00:00:00+09:00,-1023.7796141191878,-1027.758032151501,-1010.5181802075824,-1011.8442993164062,18300,0.0,0.0
2010-06-30 00:00:00+09:00,-993.2783933921326,-1002.561348606916,-974.7124222567239,-1001.2352294921875,22500,0.0,0.0
2010-07-01 00:00:00+09:00,-1002.5613641738892,-1018.4750366210938,-1001.2352450385697,-1018.4750366210938,11700,0.0,0.0
2010-07-02 00:00:00+09:00,-1021.1272583007812,-1021.1272583007812,-1015.8227211398471,-1021.1272583007812,15000,0.0,0.0
2010-07-05 00:00:00+09:00,-1002.5612963390455,-1019.8011474609375,-1002.5612963390455,-1019.8011474609375,15000,0.0,0.0
2010-07-06 00:00:00+09:00,-1005.2136911451959,-1023.7796630859375,-997.2568546999987,-1023.7796630859375,13500,0.0,0.0
2010-07-07 00:00:00+09:00,-1079.4774163851937,-1079.4774163851937,-1048.9761319477159,-1059.5853271484375,72300,0.0,0.0
2010-07-08 00:00:00+09:00,-1066.2159830901305,-1066.2159830901305,-1051.628491453735,-1059.5853271484375,9300,0.0,0.0
2010-07-09 00:00:00+09:00,-1039.693229545769,-1060.911376953125,-1037.0408700610922,-1060.911376953125,12900,0.0,0.0
2010-07-12 00:00:00+09:00,-1042.3454676187694,-1070.194392326141,-1042.3454676187694,-1060.911376953125,11400,0.0,0.0
2010-07-13 00:00:00+09:00,-1047.6501711474477,-1058.2592459242458,-1043.6717529296875,-1043.6717529296875,3900,0.0,0.0
2010-07-14 00:00:00+09:00,-1048.9762198551061,-1064.889892578125,-1048.9762198551061,-1064.889892578125,13800,0.0,0.0
2010-07-15 00:00:00+09:00,-1064.889811264491,-1067.542170790255,-1055.6069171593517,-1058.2591552734375,8700,0.0,0.0
2010-07-16 00:00:00+09:00,-1055.6069740491466,-1055.6069740491466,-1041.0193601063093,-1048.9761962890625,5400,0.0,0.0
2010-07-21 00:00:00+09:00,-1050.3025152982414,-1055.6071139268804,-1046.3240966796875,-1046.3240966796875,6600,0.0,0.0
2010-07-22 00:00:00+09:00,-1046.3240717107599,-1050.302490234375,-1043.6718331655825,-1050.302490234375,6000,0.0,0.0
2010-07-23 00:00:00+09:00,-1060.9115658267824,-1060.9115658267824,-1043.6718331655825,-1050.302490234375,21900,0.0,0.0
2010-07-26 00:00:00+09:00,-1050.3023117007256,-1059.5853271484375,-1043.6716557590325,-1059.5853271484375,13500,0.0,0.0
2010-07-27 00:00:00+09:00,-1037.0409178490752,-1055.6069494506505,-1037.0409178490752,-1052.95458984375,12000,0.0,0.0
2010-07-28 00:00:00+09:00,-1058.2591631712169,-1063.563760850655,-1043.6716713173612,-1056.9329833984375,3900,0.0,0.0
2010-07-29 00:00:00+09:00,-1044.997745987773,-1054.28076171875,-1037.040910050273,-1054.28076171875,9600,0.0,0.0
2010-07-30 00:00:00+09:00,-1052.954581925273,-1054.28076171875,-1039.693269637227,-1054.28076171875,5100,0.0,0.0
2010-08-02 00:00:00+09:00,-1044.997802734375,-1054.2808189694485,-1042.3455644150774,-1044.997802734375,7800,0.0,0.0
2010-08-03 00:00:00+09:00,-1050.302303249447,-1062.2375566954636,-1050.302303249447,-1060.911376953125,15600,0.0,0.0
2010-08-04 00:00:00+09:00,-1046.3239094512408,-1058.2591631712169,-1037.040893865144,-1056.9329833984375,14700,0.0,0.0
2010-08-05 00:00:00+09:00,-1042.345458984375,-1042.345458984375,-1015.8226535332084,-1042.345458984375,12000,0.0,0.0
2010-08-06 00:00:00+09:00,-1034.3887280454967,-1044.997802734375,-1034.3887280454967,-1044.997802734375,1500,0.0,0.0
2010-08-09 00:00:00+09:00,-1034.3887122668027,-1047.650146484375,-1034.3887122668027,-1047.650146484375,9300,0.0,0.0
2010-08-10 00:00:00+09:00,-1044.9979166696025,-1047.6502766897725,-1027.7581835970027,-1046.3240966796875,5400,0.0,0.0
2010-08-11 00:00:00+09:00,-1013.1704829123009,-1046.3239464033627,-1007.8658850455249,-1021.1272583007812,19200,0.0,0.0
2010-08-12 00:00:00+09:00,-995.9306309040418,-1021.1272583007812,-970.7340035073022,-1021.1272583007812,50400,0.0,0.0
2010-08-13 00:00:00+09:00,-1025.1058301947303,-1025.1058301947303,-994.6046610594738,-1006.5399169921875,2100,0.0,0.0
2010-08-16 00:00:00+09:00,-987.9738383767057,-1023.7796630859375,-973.386345364407,-1023.7796630859375,20400,0.0,0.0
2010-08-17 00:00:00+09:00,-991.9522611383809,-1013.1705322265625,-991.9522611383809,-1013.1705322265625,1800,0.0,0.0
2010-08-18 00:00:00+09:00,-1015.8227705832016,-1015.8227705832016,-1013.1705322265625,-1013.1705322265625,600,0.0,0.0
2010-08-19 00:00:00+09:00,-1015.8226928710938,-1017.1488726538031,-999.9090211253019,-1015.8226928710938,8700,0.0,0.0
2010-08-20 00:00:00+09:00,-1007.8658569981978,-1015.8226928710938,-1007.8658569981978,-1015.8226928710938,4500,0.0,0.0
2010-08-23 00:00:00+09:00,-1013.1704629436135,-1015.8227011188865,-1002.561328125,-1014.49658203125,11100,0.0,0.0
2010-08-24 00:00:00+09:00,-1007.8658651813865,-1018.475,-1007.8658651813865,-1014.49658203125,26100,0.0,0.0
2010-08-25 00:00:00+09:00,-1006.5397704116942,-1011.844307596238,-994.6045162170891,-1010.5181884765625,29400,0.0,0.0
2010-08-26 00:00:00+09:00,-1010.5181640625,-1010.5181640625,-976.0385214313865,-994.6044921875,10800,0.0,0.0
2010-08-27 00:00:00+09:00,-991.9521972976404,-994.6044961894258,-968.0816893890942,-983.995361328125,27600,0.0,0.0
2010-08-30 00:00:00+09:00,-991.9522015431671,-994.6045004463043,-968.0816935324558,-993.2783813476562,10200,0.0,0.0
2010-08-31 00:00:00+09:00,-994.6044961894258,-994.6044961894258,-981.3431231421804,-983.995361328125,5400,0.0,0.0
2010-09-01 00:00:00+09:00,-991.9519732856832,-991.9519732856832,-973.3860673534358,-990.6258544921875,8400,0.0,0.0
2010-09-02 00:00:00+09:00,-1007.8658774530049,-1007.8658774530049,-989.2999671766763,-1002.5613403320312,10800,0.0,0.0
2010-09-03 00:00:00+09:00,-983.9955137420883,-999.909188146035,-981.3432751453307,-998.5830688476562,4500,0.0,0.0
2010-09-06 00:00:00+09:00,-994.6046502466695,-998.5830688476562,-973.3864379433574,-998.5830688476562,7500,0.0,0.0
2010-09-07 00:00:00+09:00,-981.3432751453307,-998.5830688476562,-977.364856544344,-998.5830688476562,2700,0.0,0.0
2010-09-08 00:00:00+09:00,-981.3429907842902,-995.9304809570312,-981.3429907842902,-995.9304809570312,2100,0.0,0.0
2010-09-09 00:00:00+09:00,-991.9522015431671,-993.2783813476562,-986.6476644427339,-993.2783813476562,4800,0.0,0.0
2010-09-10 00:00:00+09:00,-987.9737793128827,-990.6260782046681,-981.3431231421804,-983.995361328125,20100,0.0,0.0
2010-09-13 00:00:00+09:00,-985.3215532205706,-991.9522094726562,-981.3431351869826,-991.9522094726562,2400,0.0,0.0
2010-09-14 00:00:00+09:00,-982.6692464409487,-993.2783813476562,-982.6692464409487,-993.2783813476562,4500,0.0,0.0
2010-09-16 00:00:00+09:00,-994.6045083969955,-994.6045083969955,-981.3431351869826,-991.9522094726562,8700,0.0,0.0
2010-09-17 00:00:00+09:00,-986.6476602199104,-991.9521972976404,-981.3431231421804,-983.995361328125,30600,0.0,0.0
2010-09-21 00:00:00+09:00,-986.647586213974,-986.647586213974,-976.0384521484375,-976.0384521484375,47400,0.0,0.0
2010-09-22 00:00:00+09:00,-978.6908284391635,-993.2783813476562,-976.0385295360263,-993.2783813476562,8700,0.0,0.0
2010-09-24 00:00:00+09:00,-1011.8444525312583,-1011.8444525312583,-993.2785393730816,-997.2569580078125,33900,0.0,0.0
2010-09-27 00:00:00+09:00,-997.2567910686136,-997.2567910686136,-987.9737753376365,-994.6044921875,5100,0.0,0.0
2010-09-28 00:00:00+09:00,-990.62607421875,-994.6044921875,-983.9953573688865,-994.6044921875,8100,0.0,0.0
2010-09-29 00:00:00+09:00,-994.60459995959,-994.60459995959,-977.3648071289062,-977.3648071289062,11400,0.0,0.0
2010-09-30 00:00:00+09:00,-980.017045591567,-980.017045591567,-977.3648071289062,-977.3648071289062,4200,0.0,0.0
2010-10-01 00:00:00+09:00,-981.3431273423006,-993.2783813476562,-981.3431273423006,-993.2783813476562,6600,0.0,0.0
2010-10-04 00:00:00+09:00,-1006.5397959063131,-1006.5397959063131,-968.0817334032017,-986.647705078125,40500,0.0,0.0
2010-10-05 00:00:00+09:00,-1023.7796677706533,-1039.693340733867,-1005.2136957449555,-1013.1705322265625,99000,0.0,0.0
2010-10-06 00:00:00+09:00,-1026.4318760185965,-1047.650146484375,-1013.1705025068673,-1047.650146484375,39600,0.0,0.0
2010-10-07 00:00:00+09:00,-1047.6500003994,-1058.2590734471103,-1037.0408059400204,-1051.62841796875,18900,0.0,0.0
2010-10-08 00:00:00+09:00,-1051.628564608478,-1060.9114592902613,-1046.323966639112,-1047.650146484375,18300,0.0,0.0
2010-10-12 00:00:00+09:00,-1047.6502766897725,-1047.6502766897725,-1035.7150208341106,-1046.3240966796875,10500,0.0,0.0
2010-10-13 00:00:00+09:00,-1042.3455078125,-1042.3455078125,-1026.4318359375,-1034.388671875,10500,0.0,0.0
2010-10-14 00:00:00+09:00,-1025.1057262431282,-1026.4319061272925,-1005.2136957449555,-1013.1705322265625,29400,0.0,0.0
2010-10-15 00:00:00+09:00,-1013.1705275903931,-1026.4319014304403,-1007.8659294896986,-1023.7796630859375,17700,0.0,0.0
2010-10-18 00:00:00+09:00,-1019.8011797934771,-1023.7795977622271,-1014.49658203125,-1014.49658203125,12900,0.0,0.0
2010-10-19 00:00:00+09:00,-1022.4533855521219,-1026.431803394737,-1018.4749677095066,-1019.8011474609375,3600,0.0,0.0
2010-10-20 00:00:00+09:00,-1017.1489054866238,-1019.8012044318167,-1002.5613523468259,-1010.5181884765625,5100,0.0,0.0
2010-10-21 00:00:00+09:00,-1013.1704629436135,-1015.8227011188865,-1001.2352090373636,-1014.49658203125,8400,0.0,0.0
2010-10-22 00:00:00+09:00,-1013.1704829123009,-1021.1272583007812,-1011.844303092686,-1021.1272583007812,19200,0.0,0.0
2010-10-25 00:00:00+09:00,-1029.0840943951034,-1029.0840943951034,-1021.1272583007812,-1021.1272583007812,14100,0.0,0.0
2010-10-26 00:00:00+09:00,-1033.0626608139407,-1046.3240966796875,-1031.7366022155568,-1046.3240966796875,11100,0.0,0.0
2010-10-27 00:00:00+09:00,-1034.3887130485796,-1034.3887130485796,-1025.1056969480944,-1027.758056640625,12900,0.0,0.0
2010-10-28 00:00:00+09:00,-1027.7580157309771,-1055.6069415122272,-1013.1704629436135,-1014.49658203125,24300,0.0,0.0
2010-10-29 00:00:00+09:00,-1025.1056763479423,-1025.1056763479423,-1007.8658850455249,-1021.1272583007812,12300,0.0,0.0
2010-11-01 00:00:00+09:00,-1023.7795498038123,-1050.3022945491412,-1021.1271903411066,-1042.345458984375,31500,0.0,0.0
2010-11-02 00:00:00+09:00,-1023.7797649784488,-1055.6071139268804,-1021.1274049582788,-1046.3240966796875,26700,0.0,0.0
2010-11-04 00:00:00+09:00,-1046.323770393692,-1051.6283673681435,-1034.3885182599236,-1039.693115234375,19500,0.0,0.0
2010-11-05 00:00:00+09:00,-1046.323901642534,-1074.1728267813087,-1041.0193040026843,-1058.2591552734375,44100,0.0,0.0
2010-11-08 00:00:00+09:00,-1060.9116671177562,-1072.846923828125,-1055.6071895209545,-1072.846923828125,57000,0.0,0.0
2010-11-09 00:00:00+09:00,-1066.2160891415028,-1066.2160891415028,-1055.607014297225,-1062.2376708984375,9900,0.0,0.0
2010-11-10 00:00:00+09:00,-1062.2375168988713,-1068.8681725387937,-1039.693190593797,-1067.5421142578125,32700,0.0,0.0
2010-11-11 00:00:00+09:00,-1064.8899509871974,-1064.8899509871974,-1047.6502188661216,-1055.6070556640625,22500,0.0,0.0
2010-11-12 00:00:00+09:00,-1060.911532588227,-1060.911532588227,-1052.954695790286,-1055.6070556640625,7500,0.0,0.0
2010-11-15 00:00:00+09:00,-1054.2808179000083,-1064.889892578125,-1054.2808179000083,-1064.889892578125,9300,0.0,0.0
2010-11-16 00:00:00+09:00,-1067.5423835134752,-1070.1946221560577,-1063.56396484375,-1063.56396484375,42600,0.0,0.0
2010-11-17 00:00:00+09:00,-1063.56396484375,-1066.2162034863327,-1054.2809474771573,-1063.56396484375,33300,0.0,0.0
2010-11-18 00:00:00+09:00,-1063.5637696191247,-1075.4990234375,-1062.2375898354117,-1075.4990234375,15600,0.0,0.0
2010-11-19 00:00:00+09:00,-1079.477449324727,-1082.1296875,-1066.216015625,-1074.1728515625,33600,0.0,0.0
2010-11-22 00:00:00+09:00,-1075.4988852319518,-1083.4557200883862,-1066.2158707622232,-1078.151123046875,17700,0.0,0.0
2010-11-24 00:00:00+09:00,-1074.17281090383,-1083.4558262834344,-1066.2159752675054,-1080.803466796875,26100,0.0,0.0
2010-11-25 00:00:00+09:00,-1082.129695341599,-1111.304801127742,-1082.129695341599,-1092.73876953125,60600,0.0,0.0
2010-11-26 00:00:00+09:00,-1109.978711998981,-1109.978711998981,-1092.73885879725,-1098.04345703125,41700,0.0,0.0
2010-11-29 00:00:00+09:00,-1107.3264553061663,-1137.8276214717932,-1107.3264553061663,-1120.5877685546875,101400,0.0,0.0
2010-11-30 00:00:00+09:00,-1135.1751864680489,-1153.7410946469843,-1127.2183513325524,-1132.5228271484375,64500,0.0,0.0
2010-12-01 00:00:00+09:00,-1129.8707275390625,-1137.8275636484925,-1115.2832351423353,-1129.8707275390625,33900,0.0,0.0
2010-12-02 00:00:00+09:00,-1147.1106192233626,-1164.3503504484643,-1145.7844393553978,-1163.0242919921875,43200,0.0,0.0
2010-12-03 00:00:00+09:00,-1164.350285050273,-1167.0026446372271,-1152.415031144023,-1153.7412109375,15600,0.0,0.0
2010-12-06 00:00:00+09:00,-1155.0673280691315,-1206.7867588571273,-1148.436550873144,-1204.1343994140625,99900,0.0,0.0
2010-12-07 00:00:00+09:00,-1197.5038982322526,-1204.1345548726097,-1189.547061699148,-1198.830078125,44100,0.0,0.0
2010-12-08 00:00:00+09:00,-1197.5037436297494,-1208.1128171669852,-1180.263892896526,-1204.1343994140625,61500,0.0,0.0
2010-12-09 00:00:00+09:00,-1201.4824424209014,-1204.1346810726757,-1177.6119303198238,-1178.9381103515625,36000,0.0,0.0
2010-12-10 00:00:00+09:00,-1178.9380604308344,-1186.8948974609375,-1167.0028048856798,-1186.8948974609375,27900,0.0,0.0
2010-12-13 00:00:00+09:00,-1172.3072767437461,-1228.0051357064171,-1172.3072767437461,-1226.6790771484375,51900,0.0,0.0
2010-12-14 00:00:00+09:00,-1233.3096186726239,-1245.244873046875,-1224.0266025776443,-1245.244873046875,117600,0.0,0.0
2010-12-15 00:00:00+09:00,-1247.8972362232755,-1291.659839975557,-1241.2665791556171,-1283.7030029296875,144300,0.0,0.0
2010-12-16 00:00:00+09:00,-1294.3120607999242,-1299.6165373191673,-1265.1369542973482,-1286.355224609375,119700,0.0,0.0
2010-12-17 00:00:00+09:00,-1291.6598835646564,-1315.5303955078125,-1291.6598835646564,-1315.5303955078125,120900,0.0,0.0
2010-12-20 00:00:00+09:00,-1326.1393713937766,-1326.1393713937766,-1308.8995196212143,-1311.5517578125,87300,0.0,0.0
2010-12-21 00:00:00+09:00,-1315.5303295388837,-1326.1395263671875,-1308.8996725799661,-1326.1395263671875,79800,0.0,0.0
2010-12-22 00:00:00+09:00,-1324.8130121805582,-1324.8130121805582,-1307.5731627426885,-1320.8345947265625,104700,0.0,0.0
2010-12-24 00:00:00+09:00,-1311.5518156833768,-1316.8564137116903,-1299.616561178437,-1302.2689208984375,132900,0.0,0.0
2010-12-27 00:00:00+09:00,-1287.6813423878436,-1355.314453125,-1286.355283902752,-1355.314453125,117900,0.0,0.0
2010-12-28 00:00:00+09:00,-1376.5326891812413,-1405.7077962818494,-1368.5758528275924,-1400.4031982421875,135600,0.0,0.0
2010-12-29 00:00:00+09:00,-1413.6645750116882,-1429.5782470703125,-1381.8372308944397,-1429.5782470703125,45300,0.0,0.0
2010-12-30 00:00:00+09:00,-1411.0120432450071,-1429.5780726560606,-1392.4461352456215,-1397.750732421875,51300,0.0,0.0
2011-01-04 00:00:00+09:00,-1424.273754204644,-1437.5351890346553,-1405.7078425719817,-1432.2305908203125,56400,0.0,0.0
2011-01-05 00:00:00+09:00,-1450.7965423783157,-1450.7965423783157,-1426.9260318744036,-1445.4920654296875,70800,0.0,0.0
2011-01-06 00:00:00+09:00,-1434.882829221638,-1448.1442640516493,-1403.0554827589644,-1432.2305908203125,69000,0.0,0.0
2011-01-07 00:00:00+09:00,-1424.273754204644,-1432.2305908203125,-1418.9691559903013,-1432.2305908203125,54900,0.0,0.0
2011-01-11 00:00:00+09:00,-1429.5784021096626,-1442.8397159889319,-1424.2738037109375,-1424.2738037109375,26400,0.0,0.0
2011-01-12 00:00:00+09:00,-1432.2305908203125,-1445.4920256503237,-1418.9691559903013,-1432.2305908203125,59400,0.0,0.0
2011-01-13 00:00:00+09:00,-1432.2305415875346,-1453.4488123038384,-1424.2737052453817,-1440.1873779296875,76500,0.0,0.0
2011-01-14 00:00:00+09:00,-1437.5351890346553,-1445.4920256503237,-1432.2305908203125,-1432.2305908203125,8100,0.0,0.0
2011-01-17 00:00:00+09:00,-1432.230492895776,-1448.1441650390625,-1421.6214186041464,-1448.1441650390625,44100,0.0,0.0
2011-01-18 00:00:00+09:00,-1432.2305908203125,-1432.2305908203125,-1405.7078425719817,-1432.2305908203125,41400,0.0,0.0
2011-01-19 00:00:00+09:00,-1429.5782699502631,-1493.2329592035337,-1413.6645976369455,-1485.276123046875,69300,0.0,0.0
2011-01-20 00:00:00+09:00,-1511.7988605713874,-1538.3216071283944,-1479.9715161383056,-1506.4942626953125,140700,0.0,0.0
2011-01-21 00:00:00+09:00,-1506.494271856842,-1511.7988697651763,-1445.4919422635808,-1485.276123046875,86400,0.0,0.0
2011-01-24 00:00:00+09:00,-1482.6239013671875,-1487.9284997691939,-1445.4920767882313,-1482.6239013671875,47400,0.0,0.0
2011-01-25 00:00:00+09:00,-1506.4943583240076,-1551.583139603564,-1493.2330449095493,-1530.3648681640625,68700,0.0,0.0
2011-01-26 00:00:00+09:00,-1554.2355746542482,-1559.5401735382125,-1535.6696606779337,-1538.3218994140625,62400,0.0,0.0
2011-01-27 00:00:00+09:00,-1538.3215663678884,-1572.80126953125,-1538.3215663678884,-1572.80126953125,73500,0.0,0.0
2011-01-28 00:00:00+09:00,-1580.7581946843004,-1583.4104329959757,-1540.9740129507331,-1578.1058349609375,91800,0.0,0.0
2011-01-31 00:00:00+09:00,-1564.8442484898185,-1586.0623940981213,-1540.9737436217279,-1583.41015625,64800,0.0,0.0
2011-02-01 00:00:00+09:00,-1591.367335018652,-1670.9357017695847,-1583.4104983435589,-1665.631103515625,122700,0.0,0.0
2011-02-02 00:00:00+09:00,-1692.1537684376212,-1737.2424231946848,-1676.2400970147335,-1718.676513671875,159900,0.0,0.0
2011-02-03 00:00:00+09:00,-1745.1993164791195,-1747.8516760782188,-1700.1106602346106,-1729.28564453125,96300,0.0,0.0
2011-02-04 00:00:00+09:00,-1737.2421006616553,-1745.1989348958484,-1708.0671227440498,-1710.7193603515625,102900,0.0,0.0
2011-02-07 00:00:00+09:00,-1700.1106770557246,-1700.1106770557246,-1660.3264967924213,-1686.8492431640625,46800,0.0,0.0
2011-02-08 00:00:00+09:00,-1678.8924488666657,-1697.4583596473938,-1657.6741783946293,-1660.3265380859375,55800,0.0,0.0
2011-02-09 00:00:00+09:00,-1676.240094702962,-1676.240094702962,-1562.1920353884366,-1639.108154296875,131700,0.0,0.0
2011-02-10 00:00:00+09:00,-1607.281083324509,-1644.4130300104925,-1594.019647777008,-1633.8038330078125,60600,0.0,0.0
2011-02-14 00:00:00+09:00,-1660.32611733889,-1721.3284321932686,-1657.673758319722,-1710.7193603515625,68700,0.0,0.0
2011-02-15 00:00:00+09:00,-1697.4583999433203,-1710.7198344796166,-1670.9356522824162,-1673.587890625,37500,0.0,0.0
2011-02-16 00:00:00+09:00,-1670.9354248046875,-1697.4581688548394,-1633.803486005137,-1670.9354248046875,47400,0.0,0.0
2011-02-17 00:00:00+09:00,-1684.1968575355997,-1684.1968575355997,-1609.9329799364987,-1670.9354248046875,44700,0.0,0.0
2011-02-18 00:00:00+09:00,-1647.065138643011,-1668.2834095630815,-1604.6287182145593,-1615.23779296875,52200,0.0,0.0
2011-02-21 00:00:00+09:00,-1604.6288227648865,-1631.1515720843097,-1591.3673873993266,-1617.89013671875,74100,0.0,0.0
2011-02-22 00:00:00+09:00,-1599.3241133243366,-1617.8900244180697,-1564.8445294612072,-1596.671875,97500,0.0,0.0
2011-02-23 00:00:00+09:00,-1564.8445385108619,-1591.367286142677,-1548.930865649435,-1575.45361328125,122700,0.0,0.0
2011-02-24 00:00:00+09:00,-1551.5833359181197,-1564.8447724221767,-1511.799147817655,-1538.3218994140625,42600,0.0,0.0
2011-02-25 00:00:00+09:00,-1501.189754012227,-1591.3671875,-1498.537394425273,-1591.3671875,103500,0.0,0.0
2011-02-28 00:00:00+09:00,-1591.3671875,-1591.3671875,-1572.8012774497272,-1591.3671875,21600,0.0,0.0
2011-03-01 00:00:00+09:00,-1607.2807780801877,-1607.2807780801877,-1570.1488384460606,-1604.6285400390625,21600,0.0,0.0
2011-03-02 00:00:00+09:00,-1591.3671070100868,-1604.6285400390625,-1564.8443623638104,-1604.6285400390625,36300,0.0,0.0
2011-03-03 00:00:00+09:00,-1607.2807780801877,-1609.933016121313,-1591.3671070100868,-1604.6285400390625,28500,0.0,0.0
2011-03-04 00:00:00+09:00,-1615.2379699816051,-1649.7175577700868,-1594.0196967362385,-1625.8470458984375,111600,0.0,0.0
2011-03-07 00:00:00+09:00,-1620.5420505220025,-1644.412554761713,-1612.5852157754323,-1631.151123046875,62400,0.0,0.0
2011-03-08 00:00:00+09:00,-1644.412554761713,-1647.0647925400153,-1607.2806188071647,-1631.151123046875,74100,0.0,0.0
2011-03-09 00:00:00+09:00,-1620.5423418230687,-1625.8468183331813,-1591.367235370711,-1623.194580078125,103800,0.0,0.0
2011-03-10 00:00:00+09:00,-1596.6720635847246,-1604.6289009092136,-1564.8447142867678,-1586.0628662109375,92700,0.0,0.0
2011-03-11 00:00:00+09:00,-1559.5399239558353,-1583.4104329959757,-1546.2784895740838,-1578.1058349609375,61800,0.0,0.0
2011-03-14 00:00:00+09:00,-1312.8779296875,-1365.9235430747271,-1312.8779296875,-1312.8779296875,400500,0.0,0.0
2011-03-15 00:00:00+09:00,-1127.218505859375,-1127.218505859375,-1127.218505859375,-1127.218505859375,114000,0.0,0.0
2011-03-16 00:00:00+09:00,-1071.5206552289935,-1167.0026902074676,-976.0385595446764,-1047.650146484375,618000,0.0,0.0
2011-03-17 00:00:00+09:00,-983.9952839283869,-1103.3478747888455,-942.8849882215179,-1087.4342041015625,209100,0.0,0.0
2011-03-18 00:00:00+09:00,-1103.348019109094,-1178.9379647610126,-1103.348019109094,-1163.0242919921875,319200,0.0,0.0
2011-03-22 00:00:00+09:00,-1292.985880964271,-1320.8348076311938,-1254.5278798471775,-1286.355224609375,183000,0.0,0.0
2011-03-23 00:00:00+09:00,-1323.4871745276357,-1347.3576854193868,-1279.724571226092,-1324.8133544921875,145800,0.0,0.0
2011-03-24 00:00:00+09:00,-1323.4869129703566,-1323.4869129703566,-1279.7243183175008,-1307.5732421875,96300,0.0,0.0
2011-03-25 00:00:00+09:00,-1323.486878850357,-1336.748311298077,-1274.4198094759654,-1292.9857177734375,130500,0.0,0.0
2011-03-28 00:00:00+09:00,-1275.7459222346542,-1291.6595932871103,-1221.3742532759884,-1263.8106689453125,133800,0.0,0.0
2011-03-29 00:00:00+09:00,101.24671953053881,103.87798671629895,99.18746421805328,102.5051498413086,117900,2000.0,0.0
2011-03-30 00:00:00+09:00,100.90350542736395,102.9627606401673,100.67470278391258,101.47551727294922,36000,0.0,0.0
2011-03-31 00:00:00+09:00,100.67470344723061,102.39074946920663,99.5306692746087,99.8738784790039,46800,0.0,0.0
2011-04-01 00:00:00+09:00,97.929022875579,99.3018595959193,94.95453633223303,98.27223205566406,202800,0.0,0.0
2011-04-04 00:00:00+09:00,101.47551906335138,101.47551906335138,99.4162638142152,100.78910064697266,39900,0.0,0.0
2011-04-05 00:00:00+09:00,101.13230157376438,101.13230157376438,95.29774551231812,98.27223205566406,31500,0.0,0.0
2011-04-06 00:00:00+09:00,95.0689502148605,98.38663572022372,93.92491603504976,98.04342651367188,76800,0.0,0.0
2011-04-07 00:00:00+09:00,96.44178305591343,98.04342246233472,96.09857386354363,96.89939880371094,39000,0.0,0.0
2011-04-08 00:00:00+09:00,95.29774551231812,99.75946485342408,95.29774551231812,98.27223205566406,39000,0.0,0.0
2011-04-11 00:00:00+09:00,98.27224347869365,98.95866191865213,95.4121631542286,98.1578369140625,54000,0.0,0.0
2011-04-12 00:00:00+09:00,97.92904368142922,97.92904368142922,94.9545565061284,95.98418426513672,39000,0.0,0.0
2011-04-13 00:00:00+09:00,94.38253440974017,98.04342922281329,94.38253440974017,97.01380157470703,24000,0.0,0.0
2011-04-14 00:00:00+09:00,96.32739451456347,97.12821960449219,96.32739451456347,97.12821960449219,6300,0.0,0.0
2011-04-15 00:00:00+09:00,97.24261581875592,98.1578369140625,95.98417502955593,98.1578369140625,15900,0.0,0.0
2011-04-18 00:00:00+09:00,98.04343217405864,98.38664140042513,96.78500183535293,97.47142028808594,35700,0.0,0.0
2011-04-19 00:00:00+09:00,99.53067861429808,99.53067861429808,97.47142319469191,97.92903900146484,36600,0.0,0.0
2011-04-20 00:00:00+09:00,97.92903313341085,98.15783578612978,95.98417392660077,97.01380157470703,41100,0.0,0.0
2011-04-21 00:00:00+09:00,96.78499224828323,98.15782901776242,95.64095811574612,96.89939880371094,19800,0.0,0.0
2011-04-22 00:00:00+09:00,97.9290272727049,97.9290272727049,96.09857473875742,96.55619049072266,21600,0.0,0.0
2011-04-25 00:00:00+09:00,97.01379570991058,97.70021410048521,96.32737731933594,96.32737731933594,33900,0.0,0.0
2011-04-26 00:00:00+09:00,97.70021326996492,97.70021326996492,95.86977122660154,96.89939880371094,18900,0.0,0.0
2011-04-27 00:00:00+09:00,95.41215899211737,97.81462342717069,94.49693793673497,95.52656555175781,45900,0.0,0.0
2011-04-28 00:00:00+09:00,95.06895446777344,97.12820979920535,95.06895446777344,95.06895446777344,20700,0.0,0.0
2011-05-02 00:00:00+09:00,96.09858001180872,100.1026840209961,95.86977736022814,100.1026840209961,45900,0.0,0.0
2011-05-06 00:00:00+09:00,99.53067343680087,102.5051498413086,98.15783656181051,102.5051498413086,73500,0.0,0.0
2011-05-09 00:00:00+09:00,104.10680596776685,107.08128254721798,104.10680596776685,106.16606140136719,49800,0.0,0.0
2011-05-10 00:00:00+09:00,112.57262491817711,112.57262491817711,109.59814848278205,110.74217224121094,77400,0.0,0.0
2011-05-11 00:00:00+09:00,111.65741630186822,112.11502166684221,107.76770785609673,109.25495147705078,54300,0.0,0.0
2011-05-12 00:00:00+09:00,106.05163717411126,107.31006734938214,103.42037027166742,104.1067886352539,49500,0.0,0.0
2011-05-13 00:00:00+09:00,103.30597484302434,103.42038140724493,100.78910374757065,102.5051498413086,46800,0.0,0.0
2011-05-16 00:00:00+09:00,100.90351566723886,102.27635261509245,96.55620215700739,99.18746948242188,28500,0.0,0.0
2011-05-17 00:00:00+09:00,97.92902953802293,99.9882847586315,97.92902953802293,98.38663482666016,21900,0.0,0.0
2011-05-18 00:00:00+09:00,98.38663510198678,100.3314942428354,98.38663510198678,99.8738784790039,18600,0.0,0.0
2011-05-19 00:00:00+09:00,101.47551727294923,103.3059698423012,101.36112118818035,101.47551727294922,41400,0.0,0.0
2011-05-20 00:00:00+09:00,101.58994674802948,103.30599314580024,101.58994674802948,101.70435333251953,9300,0.0,0.0
2011-05-23 00:00:00+09:00,101.70433789839704,101.70433789839704,100.10268785425842,100.21709442138672,15300,0.0,0.0
2011-05-24 00:00:00+09:00,100.10269268499766,101.58993623377913,99.5306807695809,101.2467269897461,4500,0.0,0.0
2011-05-25 00:00:00+09:00,104.45000429662954,104.45000429662954,100.90350570678712,102.96276092529297,30300,0.0,0.0
2011-05-26 00:00:00+09:00,102.27636339875305,103.64920049135377,100.90352630615234,100.90352630615234,6300,0.0,0.0
2011-05-27 00:00:00+09:00,99.6450871590911,100.67471488929785,97.24262245527537,98.50105285644531,10200,0.0,0.0
2011-05-30 00:00:00+09:00,98.38663482666016,98.38663482666016,97.92902953802293,98.38663482666016,14400,0.0,0.0
2011-05-31 00:00:00+09:00,97.47141863653427,99.53067395984132,97.24261598080487,99.41626739501953,22800,0.0,0.0
2011-06-01 00:00:00+09:00,99.41627603783685,100.67471693853733,99.41627603783685,100.56031036376953,10800,0.0,0.0
2011-06-02 00:00:00+09:00,102.16193843887869,102.16193843887869,98.61545023690155,100.6747055053711,25500,0.0,0.0
2011-06-03 00:00:00+09:00,99.53066899608058,99.53066899608058,97.92902953802293,98.38663482666016,7800,0.0,0.0
2011-06-06 00:00:00+09:00,99.3018787622388,99.3018787622388,96.55620479161391,96.67060089111328,18000,0.0,0.0
2011-06-07 00:00:00+09:00,96.4417936783795,98.6154556274414,96.32738711035061,98.6154556274414,21300,0.0,0.0
2011-06-08 00:00:00+09:00,99.30186635176197,99.30186635176197,97.35700721635587,98.38663482666016,5400,0.0,0.0
2011-06-09 00:00:00+09:00,97.35702040592176,98.38664815571616,97.01381115599028,97.81463623046875,23400,0.0,0.0
2011-06-10 00:00:00+09:00,96.89940840211322,99.30187298667872,96.89940840211322,97.47142028808594,11400,0.0,0.0
2011-06-13 00:00:00+09:00,98.61544974246839,98.61544974246839,96.44178792312186,97.7002182006836,10200,0.0,0.0
2011-06-14 00:00:00+09:00,98.6154556274414,98.6154556274414,97.24261870675272,98.6154556274414,9300,0.0,0.0
2011-06-15 00:00:00+09:00,98.84424386450154,98.84424386450154,96.55618615523869,98.27223205566406,25800,0.0,0.0
2011-06-16 00:00:00+09:00,98.15782901776242,98.15782901776242,96.89939880371094,96.89939880371094,7500,0.0,0.0
2011-06-17 00:00:00+09:00,97.24262237548828,98.3866462032805,96.78500656002245,97.24262237548828,28500,0.0,0.0
2011-06-20 00:00:00+09:00,97.24260799608074,98.61544476555994,96.78499224828323,96.89939880371094,8100,0.0,0.0
2011-06-21 00:00:00+09:00,96.89940280777492,98.04342651367188,96.89940280777492,98.04342651367188,3000,0.0,0.0
2011-06-22 00:00:00+09:00,97.92903716709706,99.07306095172797,97.70022403103928,98.6154556274414,15000,0.0,0.0
2011-06-23 00:00:00+09:00,98.84425395243876,102.16193954055622,98.61545130033501,101.58992767333984,11700,0.0,0.0
2011-06-24 00:00:00+09:00,106.39487266540527,106.39487266540527,101.81874561859877,104.33561706542969,41100,0.0,0.0
2011-06-27 00:00:00+09:00,102.73397354662563,105.13643832520218,102.73397354662563,104.22120666503906,2400,0.0,0.0
2011-06-28 00:00:00+09:00,103.07718082410355,104.22120466649685,102.16194918149088,102.39076232910156,15900,0.0,0.0
2011-06-29 00:00:00+09:00,103.53479291856348,103.76360608108527,100.67472265228255,102.73397827148438,21000,0.0,0.0
2011-06-30 00:00:00+09:00,102.73396116626436,103.19156646728516,101.13231119094966,103.19156646728516,9000,0.0,0.0
2011-07-01 00:00:00+09:00,103.19156646728516,103.7635888044321,102.84835725456257,103.19156646728516,28200,0.0,0.0
2011-07-04 00:00:00+09:00,104.79320432775881,106.16604101993944,103.19155453760625,104.90760040283203,29400,0.0,0.0
2011-07-05 00:00:00+09:00,105.25081812105803,105.47963123760702,104.3355970766029,104.56439971923828,19500,0.0,0.0
2011-07-06 00:00:00+09:00,105.25082217234474,105.93724060058594,104.67881030678176,105.93724060058594,17100,0.0,0.0
2011-07-07 00:00:00+09:00,105.25083637372073,105.47964952995062,103.877999332003,105.02203369140625,19200,0.0,0.0
2011-07-08 00:00:00+09:00,109.82695299118633,110.2845687866211,105.59403568667955,110.2845687866211,101400,0.0,0.0
2011-07-11 00:00:00+09:00,108.56851196289062,108.6829080450568,106.50925679693852,108.56851196289062,24600,0.0,0.0
2011-07-12 00:00:00+09:00,107.53887683336625,107.53887683336625,105.25080871582031,105.25080871582031,12600,0.0,0.0
2011-07-13 00:00:00+09:00,103.64918552521736,106.39485931396484,103.64918552521736,106.39485931396484,13500,0.0,0.0
2011-07-14 00:00:00+09:00,105.93723747906078,105.93723747906078,104.22119145902248,104.45000457763672,25500,0.0,0.0
2011-07-15 00:00:00+09:00,105.25082492476359,105.25082492476359,103.64918537495426,105.13642883300781,8700,0.0,0.0
2011-07-19 00:00:00+09:00,103.87797288369656,104.90760040283203,102.73394928948787,104.90760040283203,14100,0.0,0.0
2011-07-20 00:00:00+09:00,103.76357773292334,105.47962361343522,103.64917118291825,104.79320526123047,13200,0.0,0.0
2011-07-21 00:00:00+09:00,103.1915554568108,104.79320526123047,102.9627528307135,104.79320526123047,23700,0.0,0.0
2011-07-22 00:00:00+09:00,105.25080871582031,105.25080871582031,103.64916941266829,105.25080871582031,24000,0.0,0.0
2011-07-25 00:00:00+09:00,106.62366660933971,106.62366660933971,103.76359660427131,104.67881774902344,27600,0.0,0.0
2011-07-26 00:00:00+09:00,104.67879777877285,105.9372279219675,104.33558860572768,104.90760040283203,9600,0.0,0.0
2011-07-27 00:00:00+09:00,104.90760040283203,105.022006951818,104.1067859816685,104.90760040283203,3300,0.0,0.0
2011-07-28 00:00:00+09:00,103.30597302949734,103.30597302949734,102.0475427408192,103.19156646728516,18000,0.0,0.0
2011-07-29 00:00:00+09:00,103.19156646728516,103.19156646728516,101.81872961639483,103.19156646728516,11100,0.0,0.0
2011-08-01 00:00:00+09:00,102.04753987503938,103.19156356937796,102.04753987503938,102.96276092529297,18300,0.0,0.0
2011-08-02 00:00:00+09:00,104.56439389503622,104.56439389503622,103.42037027166742,104.1067886352539,18000,0.0,0.0
2011-08-03 00:00:00+09:00,102.96277235539122,102.96277235539122,101.13231957776821,102.8483657836914,9300,0.0,0.0
2011-08-04 00:00:00+09:00,104.45000854670866,106.39485728535124,104.10679932965914,105.59403228759766,52500,0.0,0.0
2011-08-05 00:00:00+09:00,102.84834502940836,103.649169921875,101.81871751362814,103.649169921875,36900,0.0,0.0
2011-08-08 00:00:00+09:00,103.6491927453002,103.6491927453002,100.90351876529225,102.39076232910156,25800,0.0,0.0
2011-08-09 00:00:00+09:00,100.67471021598553,100.67471021598553,94.03932832691768,100.21709442138672,35100,0.0,0.0
2011-08-10 00:00:00+09:00,102.96277807862967,102.96277807862967,101.13232519926001,102.27635955810547,6600,0.0,0.0
2011-08-11 00:00:00+09:00,101.81873691264566,101.81873691264566,98.95866691761641,100.4458999633789,12000,0.0,0.0
2011-08-12 00:00:00+09:00,101.58993133126873,101.58993133126873,98.84425751150471,100.21709442138672,8700,0.0,0.0
2011-08-15 00:00:00+09:00,100.56031325679498,102.27635955810548,99.75948815821161,102.27635955810547,3600,0.0,0.0
2011-08-16 00:00:00+09:00,102.84835797078148,102.84835797078148,100.90350924311457,101.58992767333984,23400,0.0,0.0
2011-08-17 00:00:00+09:00,101.01791580612345,101.81873032544358,100.2170908128893,101.58992767333984,2700,0.0,0.0
2011-08-18 00:00:00+09:00,100.21708858095366,101.81872805783782,99.53067016601562,99.53067016601562,6300,0.0,0.0
2011-08-19 00:00:00+09:00,98.61546138241039,99.3018798828125,97.4714270571018,99.3018798828125,11400,0.0,0.0
2011-08-22 00:00:00+09:00,97.70021982298744,99.07305668454657,95.29775531525894,95.75537109375,18900,0.0,0.0
2011-08-23 00:00:00+09:00,96.09857473875742,96.67058657327888,95.29774979129664,96.55619049072266,19200,0.0,0.0
2011-08-24 00:00:00+09:00,96.32737737778332,97.81462071623524,94.38252876127962,96.55619049072266,7500,0.0,0.0
2011-08-25 00:00:00+09:00,97.58583161860892,97.92904086172958,97.24262237548828,97.24262237548828,32700,0.0,0.0
2011-08-26 00:00:00+09:00,97.24261946387338,97.47142212779809,96.78500366210938,96.78500366210938,8700,0.0,0.0
2011-08-29 00:00:00+09:00,96.78500003414555,98.1578369140625,96.78500003414555,98.1578369140625,17700,0.0,0.0
2011-08-30 00:00:00+09:00,99.53066899608058,99.53066899608058,98.38663482666016,98.38663482666016,10800,0.0,0.0
2011-08-31 00:00:00+09:00,98.38664063464093,99.07305908203124,98.38664063464093,99.07305908203125,7500,0.0,0.0
2011-09-01 00:00:00+09:00,99.64508918737246,100.78911303939002,99.64508918737246,100.56031036376953,11400,0.0,0.0
2011-09-02 00:00:00+09:00,99.98829546131068,99.98829546131068,98.8442611694336,98.8442611694336,11400,0.0,0.0
2011-09-05 00:00:00+09:00,98.72984878938985,98.72984878938985,98.04343034943136,98.1578369140625,2100,0.0,0.0
2011-09-06 00:00:00+09:00,97.81462951445243,97.92903608121273,97.24261762847972,97.47142028808594,15600,0.0,0.0
2011-09-07 00:00:00+09:00,98.27224032552185,98.27224032552185,96.44178771972658,96.44178771972656,5100,0.0,0.0
2011-09-08 00:00:00+09:00,97.24262328427012,97.24262328427012,96.55620479161391,96.67060089111328,3300,0.0,0.0
2011-09-09 00:00:00+09:00,96.32737826133989,96.32737826133989,95.64095986405265,96.21298217773438,4200,0.0,0.0
2011-09-12 00:00:00+09:00,95.5265711715531,95.5265711715531,94.03932770438816,94.72574615478516,16800,0.0,0.0
2011-09-13 00:00:00+09:00,94.72575007847378,96.09858703613281,94.72575007847378,96.09858703613281,11400,0.0,0.0
2011-09-14 00:00:00+09:00,96.09858048991727,97.01380157470703,95.98417392660077,97.01380157470703,33600,0.0,0.0
2011-09-15 00:00:00+09:00,97.01380818326724,98.38664514092629,96.09858703613281,96.09858703613281,19500,0.0,0.0
2011-09-16 00:00:00+09:00,96.09858807378116,97.24262237548828,94.95455377207404,97.24262237548828,17400,0.0,0.0
2011-09-20 00:00:00+09:00,97.24261946387338,97.24261946387338,94.95455092896793,96.78500366210938,42000,0.0,0.0
2011-09-21 00:00:00+09:00,95.6409589867922,96.67058657327888,95.6409589867922,96.55619049072266,5700,0.0,0.0
2011-09-22 00:00:00+09:00,96.09858600548282,96.55620181109953,95.18336486816406,95.18336486816406,26700,0.0,0.0
2011-09-26 00:00:00+09:00,96.67058598658483,96.67058598658483,92.09447039035875,93.81051635742188,23700,0.0,0.0
2011-09-27 00:00:00+09:00,93.81051281903919,94.95453643798828,93.58169971611899,94.95453643798828,10800,0.0,0.0
2011-09-28 00:00:00+09:00,95.5265587213758,95.5265587213758,93.81051281903919,94.95453643798828,7800,0.0,0.0
2011-09-29 00:00:00+09:00,93.35290636054869,94.95454587052794,92.2088721540412,94.26812744140625,21300,0.0,0.0
2011-09-30 00:00:00+09:00,93.58171478546289,95.18336486816406,92.89529631399516,95.18336486816406,18900,0.0,0.0
2011-10-03 00:00:00+09:00,95.6409589867922,96.67058657327888,94.6113314003055,96.55619049072266,39000,0.0,0.0
2011-10-04 00:00:00+09:00,97.24261841064902,97.24261841064902,93.581712984017,95.86978149414062,22800,0.0,0.0
2011-10-05 00:00:00+09:00,94.95454587052794,96.67059194333214,94.26812744140625,94.26812744140625,18900,0.0,0.0
2011-10-06 00:00:00+09:00,95.5265596640954,96.09857147921494,94.0393163760889,94.84014129638672,5100,0.0,0.0
2011-10-07 00:00:00+09:00,95.52657891040981,96.09859084077604,95.52657891040981,95.98418426513672,900,0.0,0.0
2011-10-11 00:00:00+09:00,94.72574906254735,96.6705979070677,94.26813325693064,95.18336486816406,9600,0.0,0.0
2011-10-12 00:00:00+09:00,95.4121563477663,96.55619049072266,95.4121563477663,96.55619049072266,1200,0.0,0.0
2011-10-13 00:00:00+09:00,96.55620388924699,97.24262237548828,95.8697854030057,97.24262237548828,16800,0.0,0.0
2011-10-14 00:00:00+09:00,96.55618961134114,96.89939880371094,94.72573709406444,96.89939880371094,11100,0.0,0.0
2011-10-17 00:00:00+09:00,96.8994054853046,97.01380157470703,96.8994054853046,97.01380157470703,3300,0.0,0.0
2011-10-18 00:00:00+09:00,96.8994054853046,97.01380157470703,96.8994054853046,97.01380157470703,2100,0.0,0.0
2011-10-19 00:00:00+09:00,96.7850026138414,97.24261841064902,95.86978149414062,95.86978149414062,9600,0.0,0.0
2011-10-20 00:00:00+09:00,95.41216460518216,96.09858305557914,94.72574615478516,94.72574615478516,9000,0.0,0.0
2011-10-21 00:00:00+09:00,94.95455274677869,96.09858703613281,94.95455274677869,96.09858703613281,7500,0.0,0.0
2011-10-24 00:00:00+09:00,96.7850056375231,97.7002267858165,96.32738982641901,97.58583068847656,16800,0.0,0.0
2011-10-25 00:00:00+09:00,98.38663641256828,98.38663641256828,96.44178771972658,96.44178771972656,19200,0.0,0.0
2011-10-26 00:00:00+09:00,96.44178481885895,96.44178481885895,96.21298217773438,96.21298217773438,2700,0.0,0.0
2011-10-27 00:00:00+09:00,96.09858807378116,97.24262237548828,95.64097225831533,97.24262237548828,7200,0.0,0.0
2011-10-28 00:00:00+09:00,97.35701847391857,97.81463428938439,96.21299464612633,97.24262237548828,7200,0.0,0.0
2011-10-31 00:00:00+09:00,97.81463344891867,98.8442611694336,97.81463344891867,98.8442611694336,17400,0.0,0.0
2011-11-01 00:00:00+09:00,100.56030162149486,100.67470818631665,99.30187130411194,99.41626739501953,20100,0.0,0.0
2011-11-02 00:00:00+09:00,99.53067016601562,99.98828593394559,97.92903068913147,99.53067016601562,9300,0.0,0.0
2011-11-04 00:00:00+09:00,101.13230484333693,101.13230484333693,99.53066544246379,99.75946807861328,7800,0.0,0.0
2011-11-07 00:00:00+09:00,99.75947153853485,102.96276092529297,99.75947153853485,102.96276092529297,17400,0.0,0.0
2011-11-08 00:00:00+09:00,102.50514875566886,102.50514875566886,100.2170908128893,101.58992767333984,9900,0.0,0.0
2011-11-09 00:00:00+09:00,100.4458999633789,101.58993424573944,96.32738911557865,100.4458999633789,9300,0.0,0.0
2011-11-10 00:00:00+09:00,98.8442611694336,98.8442611694336,98.72985459807146,98.8442611694336,1200,0.0,0.0
2011-11-11 00:00:00+09:00,98.84425733596811,98.84425733596811,97.01380463473797,98.72985076904297,2400,0.0,0.0
2011-11-14 00:00:00+09:00,97.47142028808592,98.72985062679163,97.47142028808592,97.47142028808594,1500,0.0,0.0
2011-11-15 00:00:00+09:00,97.35700059282856,98.38662813308379,97.35700059282856,98.27223205566406,5100,0.0,0.0
2011-11-16 00:00:00+09:00,98.3866384388487,98.3866384388487,97.01380157470703,97.01380157470703,1200,0.0,0.0
2011-11-17 00:00:00+09:00,95.41215628987425,96.32737731933594,95.41215628987425,96.32737731933594,5100,0.0,0.0
2011-11-18 00:00:00+09:00,96.09858890231564,96.09858890231564,94.153739999169,95.41217041015625,7500,0.0,0.0
2011-11-21 00:00:00+09:00,95.64096453064872,96.09858030913978,94.61133688447937,95.75537109375,4200,0.0,0.0
2011-11-22 00:00:00+09:00,96.09858897187142,96.67060089111328,95.52657705262956,96.67060089111328,7200,0.0,0.0
2011-11-24 00:00:00+09:00,96.09857473875742,96.55619049072266,95.86977209973152,96.55619049072266,6600,0.0,0.0
2011-11-25 00:00:00+09:00,96.55619049072266,97.1282023252441,95.6409589867922,96.55619049072266,21000,0.0,0.0
2011-11-28 00:00:00+09:00,94.72573380898106,96.6705823403249,94.72573380898106,94.95453643798828,3000,0.0,0.0
2011-11-29 00:00:00+09:00,94.26812306947814,96.556191376378,94.26812306947814,96.21298217773438,18300,0.0,0.0
2011-11-30 00:00:00+09:00,105.13641599443059,110.97097207458232,101.93312681206257,107.19567108154297,297300,0.0,0.0
2011-12-01 00:00:00+09:00,108.79733271343693,108.79733271343693,105.36524019881746,107.53890228271484,88200,0.0,0.0
2011-12-02 00:00:00+09:00,109.14053032725764,109.36933297919668,105.93724083054077,107.42448425292969,60900,0.0,0.0
2011-12-05 00:00:00+09:00,107.42448401974652,107.53889058242471,105.93724060058594,105.93724060058594,21600,0.0,0.0
2011-12-06 00:00:00+09:00,105.93723719405244,105.93723719405244,102.96276092529297,102.96276092529297,39300,0.0,0.0
2011-12-07 00:00:00+09:00,103.19155716786325,104.79320699884039,103.19155716786325,104.1067886352539,10500,0.0,0.0
2011-12-08 00:00:00+09:00,104.1068058427927,104.67881774902342,102.96277155641648,104.67881774902344,19500,0.0,0.0
2011-12-09 00:00:00+09:00,103.30596160888672,103.87797340888305,102.7339498088904,103.30596160888672,25800,0.0,0.0
2011-12-12 00:00:00+09:00,103.64919853210449,104.67882633209229,103.53479195191176,104.33561706542969,18900,0.0,0.0
2011-12-13 00:00:00+09:00,104.67880395742563,108.22530244619477,104.4500013198614,107.08126831054688,81300,0.0,0.0
2011-12-14 00:00:00+09:00,107.31008335538087,107.31008335538087,104.33560682748123,106.85247802734375,16500,0.0,0.0
2011-12-15 00:00:00+09:00,106.96686915579573,106.96686915579573,105.02202041715316,105.59403228759766,16800,0.0,0.0
2011-12-16 00:00:00+09:00,105.59404755188734,106.39487266540527,104.10681437895983,104.33561706542969,14100,0.0,0.0
2011-12-19 00:00:00+09:00,104.33560198305412,105.93724150464718,104.33560198305412,105.59403228759766,35700,0.0,0.0
2011-12-20 00:00:00+09:00,105.25082307054814,105.59403228759766,105.25082307054814,105.59403228759766,9300,0.0,0.0
2011-12-21 00:00:00+09:00,106.39486222539205,106.85247802734375,105.70844375942177,106.85247802734375,13200,0.0,0.0
2011-12-22 00:00:00+09:00,106.39485457898756,106.6236572265625,105.70843616234893,106.6236572265625,23100,0.0,0.0
2011-12-26 00:00:00+09:00,105.70844191393633,107.42448804890282,105.70844191393633,107.3100814819336,46200,0.0,0.0
2011-12-27 00:00:00+09:00,106.62366089716853,106.62366089716853,105.36523058131318,105.4796371459961,19800,0.0,0.0
2011-12-28 00:00:00+09:00,105.47963820902045,106.50926587980075,105.36523164318454,106.39485931396484,17400,0.0,0.0
2011-12-29 00:00:00+09:00,106.85246599126387,108.56851196289062,106.39485024085894,108.56851196289062,8100,0.0,0.0
2011-12-30 00:00:00+09:00,106.96686201495301,108.3396987915039,106.85246593284936,108.3396987915039,23100,0.0,0.0
2012-01-04 00:00:00+09:00,108.45411903594506,112.00061798095703,107.53889789403524,112.00061798095703,69900,0.0,0.0
2012-01-05 00:00:00+09:00,112.80141807122114,112.80141807122114,110.51336027322488,111.65739440917969,42000,0.0,0.0
2012-01-06 00:00:00+09:00,111.7717960824067,112.68702762652025,110.51336580164293,110.85657501220703,25500,0.0,0.0
2012-01-10 00:00:00+09:00,111.65739841604548,112.80142211914064,111.65739841604548,112.80142211914062,25200,0.0,0.0
2012-01-11 00:00:00+09:00,112.80143369432014,114.40308380126952,112.11501521246035,114.40308380126953,29100,0.0,0.0
2012-01-12 00:00:00+09:00,114.40307612837182,114.40307612837182,108.9117286417926,114.17426300048828,92100,0.0,0.0
2012-01-13 00:00:00+09:00,112.8014275731531,118.75039091775584,112.8014275731531,118.06397247314453,90300,0.0,0.0
2012-01-16 00:00:00+09:00,118.7504128844635,119.66563415527342,118.063994312877,119.66563415527344,82800,0.0,0.0
2012-01-17 00:00:00+09:00,119.20799606848155,119.43679870496439,117.14874091839596,117.83515930175781,53700,0.0,0.0
2012-01-18 00:00:00+09:00,117.83515755455042,119.20799430091834,117.83515755455042,118.52157592773438,27000,0.0,0.0
2012-01-19 00:00:00+09:00,119.4367969340086,119.4367969340086,118.52157592773438,118.52157592773438,16800,0.0,0.0
2012-01-20 00:00:00+09:00,118.52157768511968,118.97918295808537,116.91992780799978,117.83515930175781,26400,0.0,0.0
2012-01-23 00:00:00+09:00,117.83516336899643,119.20800018310545,117.14874496194192,119.20800018310547,52200,0.0,0.0
2012-01-24 00:00:00+09:00,118.06397563347268,121.0384521484375,117.8351729704491,121.0384521484375,50700,0.0,0.0
2012-01-25 00:00:00+09:00,119.8944161767778,122.41127663603943,119.8944161767778,121.49605560302734,63900,0.0,0.0
2012-01-26 00:00:00+09:00,121.496079446556,123.09771918712632,121.496079446556,122.41130065917969,33600,0.0,0.0
2012-01-27 00:00:00+09:00,121.72486805229693,126.30099453396267,121.49606539408364,123.5553207397461,144000,0.0,0.0
2012-01-30 00:00:00+09:00,124.01293262821703,129.2754669189453,124.01293262821703,129.2754669189453,535200,0.0,0.0
2012-01-31 00:00:00+09:00,126.98742016417856,129.96189678482733,126.98742016417856,128.13145446777344,178500,0.0,0.0
2012-02-01 00:00:00+09:00,128.5890563374566,132.02114868164062,128.36025367248254,132.02114868164062,59100,0.0,0.0
2012-02-02 00:00:00+09:00,131.56352179262248,133.8515794891672,130.8771034362678,133.1651611328125,53700,0.0,0.0
2012-02-03 00:00:00+09:00,133.62278460799254,133.85158724873716,126.30098489111607,128.81785583496094,80100,0.0,0.0
2012-02-06 00:00:00+09:00,128.3602277877483,130.19068016016118,125.84335708491965,129.04664611816406,51600,0.0,0.0
2012-02-07 00:00:00+09:00,130.1907002942435,130.1907002942435,126.52979498325618,128.58905029296875,45600,0.0,0.0
2012-02-08 00:00:00+09:00,128.58903852978264,128.58903852978264,125.38575976809389,127.21620178222656,80400,0.0,0.0
2012-02-09 00:00:00+09:00,125.61459635272206,126.98743347133104,124.24175923411308,125.84339904785156,43200,0.0,0.0
2012-02-10 00:00:00+09:00,124.69937897205197,126.30101883554511,124.47056579589844,124.47056579589844,27900,0.0,0.0
2012-02-13 00:00:00+09:00,124.69935280167667,128.81786342110178,124.69935280167667,128.58905029296875,33300,0.0,0.0
2012-02-14 00:00:00+09:00,128.36024584097387,129.50428004387368,125.84337478415992,129.2754669189453,47100,0.0,0.0
2012-02-15 00:00:00+09:00,129.50429544800423,132.24996948242188,129.50429544800423,132.24996948242188,74700,0.0,0.0
2012-02-16 00:00:00+09:00,134.3092250082351,134.3092250082351,131.3347378216725,132.24996948242188,51000,0.0,0.0
2012-02-17 00:00:00+09:00,133.1651800473531,133.1651800473531,129.5042851181121,131.79234313964844,36000,0.0,0.0
2012-02-20 00:00:00+09:00,131.56352408118568,132.707547712402,130.87710571289062,130.87710571289062,41400,0.0,0.0
2012-02-21 00:00:00+09:00,131.56354911063156,134.0804099572608,131.56354911063156,132.93638610839844,101100,0.0,0.0
2012-02-22 00:00:00+09:00,135.22443319267992,137.0548858642578,133.85159630747503,137.0548858642578,73800,0.0,0.0
2012-02-23 00:00:00+09:00,137.2836947579027,143.69026368863325,137.2836947579027,143.00384521484375,127500,0.0,0.0
2012-02-24 00:00:00+09:00,143.46146327775094,147.80877685546875,142.54624212294584,147.80877685546875,139500,0.0,0.0
2012-02-27 00:00:00+09:00,149.63921229614806,154.67294377505033,148.723991247415,153.07130432128906,136200,0.0,0.0
2012-02-28 00:00:00+09:00,154.21534729003906,154.67295260356823,150.55444193832014,154.21534729003906,99300,0.0,0.0
2012-02-29 00:00:00+09:00,155.3593568350518,158.79144874211417,153.3001016908144,155.13055419921875,137700,0.0,0.0
2012-03-01 00:00:00+09:00,155.13058170940403,156.96103454241296,150.0968495110234,151.9272918701172,80700,0.0,0.0
2012-03-02 00:00:00+09:00,152.61371219722508,152.84252535028284,148.26639845002632,148.72401428222656,107700,0.0,0.0
2012-03-05 00:00:00+09:00,148.72400295093402,150.78325832806735,148.72400295093402,149.86802673339844,57900,0.0,0.0
2012-03-06 00:00:00+09:00,149.18161010742188,150.32564437785808,148.26638897542168,149.18161010742188,38100,0.0,0.0
2012-03-07 00:00:00+09:00,147.1223623481445,152.15610502044026,146.89355967173657,151.9272918701172,63600,0.0,0.0
2012-03-08 00:00:00+09:00,151.9272755244387,151.9272755244387,148.72399650370406,151.01205444335938,91500,0.0,0.0
2012-03-09 00:00:00+09:00,153.3000934042974,153.75770912514076,151.0120357479061,152.38487243652344,65400,0.0,0.0
2012-03-12 00:00:00+09:00,153.3001157151522,155.13056839101168,153.07131305838763,154.21534729003906,135900,0.0,0.0
2012-03-13 00:00:00+09:00,153.30010807924046,156.50339748395942,153.30010807924046,153.9865264892578,64200,0.0,0.0
2012-03-14 00:00:00+09:00,154.67294898849647,156.274598970157,153.5289252574978,155.5881805419922,91800,0.0,0.0
2012-03-15 00:00:00+09:00,155.58816994479815,156.27458832621065,153.75771743639382,155.13055419921875,80700,0.0,0.0
2012-03-16 00:00:00+09:00,153.98653415936022,155.35937104777625,153.3001157151522,154.21534729003906,67800,0.0,0.0
2012-03-19 00:00:00+09:00,154.2153378297768,155.58817463397682,153.98652471313437,154.67294311523438,120900,0.0,0.0
2012-03-21 00:00:00+09:00,154.67294021167584,155.58817171323733,154.4441375732422,154.4441375732422,110400,0.0,0.0
2012-03-22 00:00:00+09:00,154.67293845363935,155.81697258063122,153.52891480056076,155.13055419921875,146700,0.0,0.0
2012-03-23 00:00:00+09:00,153.98653415936022,154.67295260356823,153.98653415936022,154.21534729003906,54900,0.0,0.0
2012-03-26 00:00:00+09:00,154.21533960853944,154.4441422539073,153.52892119852206,153.9865264892578,93000,0.0,0.0
2012-03-27 00:00:00+09:00,153.98652572244336,160.16429138183594,153.52892043398637,160.16429138183594,237300,0.0,0.0
2012-03-28 00:00:00+09:00,165.16941673880385,166.42070401756038,162.91710651054746,164.6688995361328,113700,20.0,100.0
2012-03-29 00:00:00+09:00,164.91917900194593,165.66994914693834,160.41455813199153,162.16635131835938,73800,0.0,0.0
2012-03-30 00:00:00+09:00,160.1643081459491,164.41867650112258,160.1643081459491,160.66482543945312,45000,0.0,0.0
2012-04-02 00:00:00+09:00,161.16531372070312,161.91608379788678,160.91504939108043,161.16531372070312,31500,0.0,0.0
2012-04-03 00:00:00+09:00,162.66688092941388,162.66688092941388,150.40429332537033,156.1602020263672,84600,0.0,0.0
2012-04-04 00:00:00+09:00,156.1601997514254,156.6607170307818,152.15609588410607,154.15814208984375,40500,0.0,0.0
2012-04-05 00:00:00+09:00,152.656600181669,152.656600181669,147.6514732615119,151.15505981445312,42000,0.0,0.0
2012-04-06 00:00:00+09:00,149.65352814315833,151.15506859762428,147.90173476489622,150.90481567382812,43200,0.0,0.0
2012-04-09 00:00:00+09:00,150.4042735211623,150.90479074190554,149.15299765306813,149.65350341796875,49200,0.0,0.0
2012-04-10 00:00:00+09:00,149.9037677562617,151.4053079626488,148.40222754987457,149.65350341796875,84900,0.0,0.0
2012-04-11 00:00:00+09:00,148.90276040512225,148.90276040512225,140.3940348395236,142.1458282470703,81000,0.0,0.0
2012-04-12 00:00:00+09:00,140.64426252824495,147.15094059066405,140.64426252824495,146.14991760253906,51900,0.0,0.0
2012-04-13 00:00:00+09:00,147.6514724718718,147.6514724718718,146.40018502060246,147.1509552001953,33000,0.0,0.0
2012-04-16 00:00:00+09:00,147.40121609962495,148.40225069725008,147.15096317814087,147.9017333984375,42600,0.0,0.0
2012-04-17 00:00:00+09:00,149.1530267970239,150.65456729680653,146.65045166015625,146.65045166015625,26100,0.0,0.0
2012-04-18 00:00:00+09:00,146.90069355475725,148.151969475758,146.90069355475725,147.4011993408203,24900,0.0,0.0
2012-04-19 00:00:00+09:00,147.40118467151188,147.6514489954803,146.1499088750376,146.40016174316406,20400,0.0,0.0
2012-04-20 00:00:00+09:00,146.65041461129053,147.15093180338542,145.89964455106917,146.40016174316406,18900,0.0,0.0
2012-04-23 00:00:00+09:00,146.40019957552252,146.40019957552252,144.8986590670556,145.64942932128906,25500,0.0,0.0
2012-04-24 00:00:00+09:00,144.8986526226982,145.6494228435412,144.3981353235214,145.399169921875,41700,0.0,0.0
2012-04-25 00:00:00+09:00,143.1468491204556,145.14889526367188,143.1468491204556,145.14889526367188,42300,0.0,0.0
2012-04-26 00:00:00+09:00,145.14889756933314,147.6514724718718,144.64839175350048,147.1509552001953,23700,0.0,0.0
2012-04-27 00:00:00+09:00,147.1509552001953,147.90172537978813,145.3991619330933,147.1509552001953,48300,0.0,0.0
2012-05-01 00:00:00+09:00,145.14888945082947,145.89965958843004,142.64632614410863,143.89761352539062,33000,0.0,0.0
2012-05-02 00:00:00+09:00,143.8976054224729,143.8976054224729,140.64426070550516,143.14683532714844,18300,0.0,0.0
2012-05-07 00:00:00+09:00,139.64326327874886,139.64326327874886,136.64018234802307,139.1427459716797,45600,0.0,0.0
2012-05-08 00:00:00+09:00,139.14272419993162,139.14272419993162,136.13964373909968,138.89247131347656,49500,0.0,0.0
2012-05-09 00:00:00+09:00,136.3899127884349,136.6401656835266,132.8863149779352,136.1396484375,39900,0.0,0.0
2012-05-10 00:00:00+09:00,132.63606208284352,136.1396484375,128.13144123613384,136.1396484375,44100,0.0,0.0
2012-05-11 00:00:00+09:00,132.8863121742426,132.8863121742426,128.13143853276162,129.13246154785156,43800,0.0,0.0
2012-05-14 00:00:00+09:00,124.12732725005249,127.6309250907664,121.37451101277465,122.37553405761719,59100,0.0,0.0
2012-05-15 00:00:00+09:00,120.1232230523623,120.3734759484403,115.11808493989945,119.12220001220703,78300,0.0,0.0
2012-05-16 00:00:00+09:00,119.12219551337046,119.12219551337046,114.86782770565775,115.86885070800781,32700,0.0,0.0
2012-05-17 00:00:00+09:00,113.86679432125682,123.37654061611782,109.86267976525471,122.62577056884766,80400,0.0,0.0
2012-05-18 00:00:00+09:00,118.62169146597348,122.12528954729626,118.62169146597348,121.37451934814453,23100,0.0,0.0
2012-05-21 00:00:00+09:00,119.37243965422711,125.87911733240065,119.37243965422711,122.1252670288086,29100,0.0,0.0
2012-05-22 00:00:00+09:00,123.62682074814545,123.62682074814545,121.87501610989088,123.37655639648438,6000,0.0,0.0
2012-05-23 00:00:00+09:00,124.62785305918733,124.8781059736232,121.37451934814453,121.37451934814453,12300,0.0,0.0
2012-05-24 00:00:00+09:00,121.37451629473706,122.37553938314203,119.62271157022361,120.37348175048828,25800,0.0,0.0
2012-05-25 00:00:00+09:00,123.37656481431732,123.37656481431732,118.62169073429972,119.87297821044922,34500,0.0,0.0
2012-05-28 00:00:00+09:00,120.62373193496751,121.374502026978,119.87296184295701,120.12321472167969,6600,0.0,0.0
2012-05-29 00:00:00+09:00,120.12323108507148,124.87810516357422,119.87297817225893,124.87810516357422,33600,0.0,0.0
2012-05-30 00:00:00+09:00,124.62783767237808,124.62783767237808,122.87604457591871,123.87706756591797,14100,0.0,0.0
2012-05-31 00:00:00+09:00,120.62373890358108,122.62578496070863,120.62373890358108,121.1242446899414,15600,0.0,0.0
2012-06-01 00:00:00+09:00,120.12324436455016,121.87503785958475,117.87093353271484,117.87093353271484,21600,0.0,0.0
2012-06-04 00:00:00+09:00,121.62475968673976,121.62475968673976,113.11603546142578,113.11603546142578,41100,0.0,0.0
2012-06-05 00:00:00+09:00,113.36628747421125,117.12013805282751,112.61551735848799,115.86885070800781,26400,0.0,0.0
2012-06-06 00:00:00+09:00,115.86885866810763,117.3703990027088,112.86577799890533,114.1170654296875,19500,0.0,0.0
2012-06-07 00:00:00+09:00,113.86680690745655,117.62065755873707,113.86680690745655,115.36834716796875,29100,0.0,0.0
2012-06-08 00:00:00+09:00,116.8698719585492,117.12012481689453,115.36833189679415,117.12012481689453,20400,0.0,0.0
2012-06-11 00:00:00+09:00,118.3714287515141,119.87296902550437,117.12014137124116,119.37245178222656,13500,0.0,0.0
2012-06-12 00:00:00+09:00,119.37244462966919,120.12321472167969,117.8709044456482,120.12321472167969,4200,0.0,0.0
2012-06-13 00:00:00+09:00,120.37347882610996,124.37759399414062,118.87193850205934,124.37759399414062,25800,0.0,0.0
2012-06-14 00:00:00+09:00,124.3775935848477,124.3775935848477,122.37553600742059,123.62682342529297,7500,0.0,0.0
2012-06-15 00:00:00+09:00,123.62682877061178,124.62785187468535,122.37554129863682,124.12733459472656,16200,0.0,0.0
2012-06-18 00:00:00+09:00,125.12836496495788,126.88015820239215,125.12836496495788,125.87913513183594,36000,0.0,0.0
2012-06-19 00:00:00+09:00,125.37861602899194,127.13040924072266,125.12836312898568,127.13040924072266,29400,0.0,0.0
2012-06-20 00:00:00+09:00,127.1304120168591,132.38580322265625,127.1304120168591,132.38580322265625,12900,0.0,0.0
2012-06-21 00:00:00+09:00,132.38579992808255,136.1396506959473,132.38579992808255,135.63914489746094,23700,0.0,0.0
2012-06-22 00:00:00+09:00,136.3899108543741,145.899658203125,136.3899108543741,145.899658203125,51300,0.0,0.0
2012-06-25 00:00:00+09:00,145.14888719134325,145.14888719134325,143.6473469395161,144.3981170654297,51600,0.0,0.0
2012-06-26 00:00:00+09:00,141.8955377661052,143.39707784828622,140.3939976839242,142.8965606689453,18600,0.0,0.0
2012-06-27 00:00:00+09:00,142.64633185672974,145.14889526367188,140.39402135372876,145.14889526367188,33300,0.0,0.0
2012-06-28 00:00:00+09:00,145.14888875698068,145.14888875698068,143.14684270351157,144.8986358642578,7200,0.0,0.0
2012-06-29 00:00:00+09:00,143.64735485822894,145.89966536013065,142.64633178710938,142.64633178710938,25500,0.0,0.0
2012-07-02 00:00:00+09:00,142.64632546222273,145.14888875698068,142.64632546222273,144.8986358642578,21300,0.0,0.0
2012-07-03 00:00:00+09:00,146.14991760253906,146.14991760253906,145.39914749748465,146.14991760253906,21600,0.0,0.0
2012-07-04 00:00:00+09:00,146.14993211268614,147.1509552001953,144.14787448182398,147.1509552001953,27900,0.0,0.0
2012-07-05 00:00:00+09:00,147.40119310838807,149.65350341796875,147.40119310838807,149.65350341796875,37200,0.0,0.0
2012-07-06 00:00:00+09:00,147.15097746394764,148.90277099609375,146.65046011654354,148.90277099609375,26400,0.0,0.0
2012-07-09 00:00:00+09:00,156.41043876824128,157.4114732380258,152.40633525663208,154.6586456298828,120000,0.0,0.0
2012-07-10 00:00:00+09:00,154.65865936920017,155.15917664855655,152.9068660752187,154.15814208984375,29400,0.0,0.0
2012-07-11 00:00:00+09:00,151.65557861328125,152.90686608382066,150.15403823097154,151.65557861328125,45900,0.0,0.0
2012-07-12 00:00:00+09:00,151.4053241627625,151.4053241627625,147.90172615436592,148.65249633789062,16800,0.0,0.0
2012-07-13 00:00:00+09:00,147.65148128397044,148.90275735407428,146.40019375802208,146.9007110595703,9900,0.0,0.0
2012-07-17 00:00:00+09:00,148.40222362179287,151.40530395507812,146.6504191234816,151.40530395507812,9600,0.0,0.0
2012-07-18 00:00:00+09:00,149.4032440185547,151.4053013583554,148.15195674919897,149.4032440185547,28800,0.0,0.0
2012-07-19 00:00:00+09:00,149.4032777169262,149.4032777169262,142.1458282470703,142.1458282470703,28200,0.0,0.0
2012-07-20 00:00:00+09:00,141.64530377626286,142.39607391738113,135.38887829638173,136.1396484375,45900,0.0,0.0
2012-07-23 00:00:00+09:00,135.1386216107537,135.1386216107537,127.63092041015625,127.63092041015625,48600,0.0,0.0
2012-07-24 00:00:00+09:00,127.88118134491685,131.63503218141972,127.38067553727888,128.38169860839844,36600,0.0,0.0
2012-07-25 00:00:00+09:00,129.13247185166094,132.13555259239723,129.13247185166094,131.8852996826172,18000,0.0,0.0
2012-07-26 00:00:00+09:00,132.63605545790483,133.63707844411545,130.38374514704893,133.38682556152344,16500,0.0,0.0
2012-07-27 00:00:00+09:00,133.63710268147167,142.1458282470703,133.63710268147167,142.1458282470703,15300,0.0,0.0
2012-07-30 00:00:00+09:00,144.6483814112962,144.6483814112962,143.39709404949258,144.3981170654297,13800,0.0,0.0
2012-07-31 00:00:00+09:00,144.64837551779738,145.14888127745203,143.14683532714844,143.14683532714844,6600,0.0,0.0
2012-08-01 00:00:00+09:00,143.146872299677,143.39712524414062,141.89558466566794,143.39712524414062,4500,0.0,0.0
2012-08-02 00:00:00+09:00,144.8986658226133,144.8986658226133,141.39506732089524,143.39712524414062,10800,0.0,0.0
2012-08-03 00:00:00+09:00,142.14581216022154,142.39607651572308,140.64427185058594,140.64427185058594,8700,0.0,0.0
2012-08-06 00:00:00+09:00,138.1417163448291,142.3960846160925,138.1417163448291,141.39505004882812,3600,0.0,0.0
2012-08-07 00:00:00+09:00,142.39607256949986,144.8986358642578,141.89555532821103,144.8986358642578,16800,0.0,0.0
2012-08-08 00:00:00+09:00,145.89965889099238,145.89965889099238,143.14684270351157,144.8986358642578,17700,0.0,0.0
2012-08-09 00:00:00+09:00,143.89762001959147,145.89966617298464,143.89762001959147,144.1478729248047,15000,0.0,0.0
2012-08-10 00:00:00+09:00,145.14889756933314,147.1509552001953,144.39812738974032,147.1509552001953,10800,0.0,0.0
2012-08-13 00:00:00+09:00,146.90069268098313,146.90069268098313,144.14786505063785,145.899658203125,6600,0.0,0.0
2012-08-14 00:00:00+09:00,146.6504379285188,147.1509552001953,145.14889756933314,147.1509552001953,18000,0.0,0.0
2012-08-15 00:00:00+09:00,148.9027346192908,149.15299895977628,146.65042428997796,147.65145874023438,21600,0.0,0.0
2012-08-16 00:00:00+09:00,147.65145874023438,147.65145874023438,143.14683808160868,147.65145874023438,14700,0.0,0.0
2012-08-17 00:00:00+09:00,143.6473714913849,145.64942932128906,143.6473714913849,145.64942932128906,8700,0.0,0.0
2012-08-20 00:00:00+09:00,144.14786017044642,147.40119347373462,144.14786017044642,146.14991760253906,10500,0.0,0.0
2012-08-21 00:00:00+09:00,147.15094644778878,149.15300395957036,145.6494061779134,147.4011993408203,11100,0.0,0.0
2012-08-22 00:00:00+09:00,147.4011993408203,147.4011993408203,145.8996590709449,147.4011993408203,8100,0.0,0.0
2012-08-23 00:00:00+09:00,149.15303539771858,149.15303539771858,147.40123040972694,148.90277099609375,16200,0.0,0.0
2012-08-24 00:00:00+09:00,149.4032680485036,149.4032680485036,146.9007045631232,149.15301513671875,46200,0.0,0.0
2012-08-27 00:00:00+09:00,149.65353265972152,149.65353265972152,146.65045166015625,146.65045166015625,21300,0.0,0.0
2012-08-28 00:00:00+09:00,148.40223294192728,148.40223294192728,145.1488880726529,145.899658203125,17700,0.0,0.0
2012-08-29 00:00:00+09:00,146.40018187732716,146.40018187732716,142.8965839625031,143.64735412597656,11100,0.0,0.0
2012-08-30 00:00:00+09:00,144.6483893851921,144.6483893851921,141.8955616198088,142.64633178710938,8100,0.0,0.0
2012-08-31 00:00:00+09:00,140.14376758399018,143.14684823610537,140.14376758399018,141.14479064941406,13800,0.0,0.0
2012-09-03 00:00:00+09:00,142.14580557936364,142.14580557936364,140.39401245117188,140.39401245117188,9000,0.0,0.0
2012-09-04 00:00:00+09:00,142.64633178710938,142.89658469092836,140.64427418902665,142.64633178710938,26700,0.0,0.0
2012-09-05 00:00:00+09:00,140.89454422104,143.64736064140686,140.89454422104,141.39505004882812,21900,0.0,0.0
2012-09-06 00:00:00+09:00,140.6442932394987,140.6442932394987,135.13864841882815,136.89044189453125,18300,0.0,0.0
2012-09-07 00:00:00+09:00,137.6411960153146,137.6411960153146,132.6360691131282,132.88632202148438,21300,0.0,0.0
2012-09-10 00:00:00+09:00,133.13656702710858,134.8883716491495,133.13656702710858,134.6381072998047,5700,0.0,0.0
2012-09-11 00:00:00+09:00,133.13656122308882,133.88733132670743,132.8863083404968,133.38682556152344,10500,0.0,0.0
2012-09-12 00:00:00+09:00,131.63502101585155,133.63707844411545,131.63502101585155,133.38682556152344,7500,0.0,0.0
2012-09-13 00:00:00+09:00,134.638131947402,135.88941955566406,133.1365913998256,135.88941955566406,12300,0.0,0.0
2012-09-14 00:00:00+09:00,135.8893819117284,137.14066917336018,135.13861184591775,136.64015197753906,24900,0.0,0.0
2012-09-18 00:00:00+09:00,136.64018895681514,137.14070628809253,136.38993601909903,136.89044189453125,9300,0.0,0.0
2012-09-19 00:00:00+09:00,136.3899121493849,143.89761352539062,136.3899121493849,143.89761352539062,17400,0.0,0.0
2012-09-20 00:00:00+09:00,141.39505305791656,142.89659348492398,139.64325971168935,142.39608764648438,20100,0.0,0.0
2012-09-21 00:00:00+09:00,142.64633258183798,144.1478729248047,142.64633258183798,144.1478729248047,17100,0.0,0.0
2012-09-24 00:00:00+09:00,144.1478657302461,144.8986358642578,143.64734848895728,144.8986358642578,12600,0.0,0.0
2012-09-25 00:00:00+09:00,147.4011991590158,147.4011991590158,142.8965783549456,144.8986358642578,30300,0.0,0.0
2012-09-26 00:00:00+09:00,141.6452849043556,143.14682498653661,140.8945148632651,142.8965606689453,10800,0.0,0.0
2012-09-27 00:00:00+09:00,140.39402992519305,142.64634056570418,140.39402992519305,142.39608764648438,25200,0.0,0.0
2012-09-28 00:00:00+09:00,140.39402201099134,142.39607961942397,140.39402201099134,141.6453094482422,12300,0.0,0.0
2012-10-01 00:00:00+09:00,141.89556089648633,144.39812428945004,141.14479073301285,143.64735412597656,8700,0.0,0.0
2012-10-02 00:00:00+09:00,146.65043789823778,146.65043789823778,144.14787445205968,144.6483917236328,13200,0.0,0.0
2012-10-03 00:00:00+09:00,144.14786417540614,145.39915153720978,143.89761128538262,144.3981170654297,11100,0.0,0.0
2012-10-04 00:00:00+09:00,143.64735412597656,143.64735412597656,142.1458137990296,143.64735412597656,17400,0.0,0.0
2012-10-05 00:00:00+09:00,141.6453087159898,142.64633178710938,141.6453087159898,142.64633178710938,8100,0.0,0.0
2012-10-09 00:00:00+09:00,141.39505800728676,142.1458282470703,138.14172412017297,142.1458282470703,9000,0.0,0.0
2012-10-10 00:00:00+09:00,142.14581216022154,142.14581216022154,140.1437660512697,140.64427185058594,8700,0.0,0.0
2012-10-11 00:00:00+09:00,141.89555426926407,141.89555426926407,140.14376112159118,140.89453125,10800,0.0,0.0
2012-10-12 00:00:00+09:00,141.6453223911111,142.39609263089466,141.14480507930716,142.1458282470703,11100,0.0,0.0
2012-10-15 00:00:00+09:00,142.64633105995978,144.39812428945004,142.3960781574165,143.64735412597656,21000,0.0,0.0
2012-10-16 00:00:00+09:00,142.64633178710938,143.89761921789153,142.64633178710938,142.64633178710938,8700,0.0,0.0
2012-10-17 00:00:00+09:00,143.64733071003582,143.89759502762712,141.6452849043556,142.8965606689453,16200,0.0,0.0
2012-10-18 00:00:00+09:00,142.6463078071957,143.14682498653661,142.3960549454461,142.8965606689453,15900,0.0,0.0
2012-10-19 00:00:00+09:00,142.8965854870512,144.1478729248047,142.8965854870512,144.1478729248047,26400,0.0,0.0
2012-10-22 00:00:00+09:00,143.6473343704051,146.40016174316406,142.64631144205728,146.40016174316406,20700,0.0,0.0
2012-10-23 00:00:00+09:00,146.40016174316406,146.65041461129053,146.40016174316406,146.40016174316406,4500,0.0,0.0
2012-10-24 00:00:00+09:00,145.14888407043605,147.90171162487712,145.14888407043605,147.65145874023438,24300,0.0,0.0
2012-10-25 00:00:00+09:00,148.9027565402182,148.9027565402182,146.9007102566568,147.9017333984375,31200,0.0,0.0
2012-10-26 00:00:00+09:00,151.40530271731575,161.4155665944836,151.40530271731575,161.16531372070312,264000,0.0,0.0
2012-10-29 00:00:00+09:00,162.4166145073295,164.919189453125,159.4135337370501,164.919189453125,150900,0.0,0.0
2012-10-30 00:00:00+09:00,163.16736268481247,163.16736268481247,157.66171916742144,157.91197204589844,90300,0.0,0.0
2012-10-31 00:00:00+09:00,157.91199673504784,163.16738819562931,157.91199673504784,161.6658477783203,32400,0.0,0.0
2012-11-01 00:00:00+09:00,161.66582535446543,162.41659545898438,161.16531958868126,162.41659545898438,24900,0.0,0.0
2012-11-02 00:00:00+09:00,162.41661222148596,162.41661222148596,160.41456604003906,160.41456604003906,34800,0.0,0.0
2012-11-05 00:00:00+09:00,159.41352997270212,160.16430014754349,158.16225398519566,159.91404724121094,46500,0.0,0.0
2012-11-06 00:00:00+09:00,160.1643145962973,161.91611946619022,160.1643145962973,160.9150848388672,32100,0.0,0.0
2012-11-07 00:00:00+09:00,160.66483190995882,161.6658550814371,157.9120038685876,160.9150848388672,37500,0.0,0.0
2012-11-08 00:00:00+09:00,157.66173822074478,161.1653362220426,157.66173822074478,160.41456604003906,46200,0.0,0.0
2012-11-09 00:00:00+09:00,158.6627453042397,159.66377974981424,157.91197519798015,158.9130096435547,23400,0.0,0.0
2012-11-12 00:00:00+09:00,158.16224601225628,162.4166024846666,157.6617287689785,159.16326904296875,38400,0.0,0.0
2012-11-13 00:00:00+09:00,157.6617366709083,159.41352992641495,155.9099434154017,157.41148376464844,52200,0.0,0.0
2012-11-14 00:00:00+09:00,156.9109522082483,160.6648027395461,156.9109522082483,158.9130096435547,34200,0.0,0.0
2012-11-15 00:00:00+09:00,158.91302569732736,163.41764678995227,158.91302569732736,162.91712951660156,44700,0.0,0.0
2012-11-16 00:00:00+09:00,161.91611215176798,162.4166179869748,160.6648246520624,161.6658477783203,45600,0.0,0.0
2012-11-19 00:00:00+09:00,161.9160992606135,163.9181453537339,161.9160992606135,163.6678924560547,35100,0.0,0.0
2012-11-20 00:00:00+09:00,163.91815707677011,169.42381286621094,163.4176512456167,169.42381286621094,114600,0.0,0.0
2012-11-21 00:00:00+09:00,169.423804834954,169.423804834954,165.66995400002773,168.67303466796875,86400,0.0,0.0
2012-11-22 00:00:00+09:00,170.17456860634778,171.92636177819534,169.17353411742644,170.9253387451172,121500,0.0,0.0
2012-11-26 00:00:00+09:00,170.6750666086928,170.6750666086928,161.41557247157334,162.41659545898438,44700,0.0,0.0
2012-11-27 00:00:00+09:00,162.66687887541545,165.66995964569486,162.66687887541545,164.919189453125,24600,0.0,0.0
2012-11-28 00:00:00+09:00,162.41661067206758,163.66789811541776,157.66173671668685,159.91404724121094,44400,0.0,0.0
2012-11-29 00:00:00+09:00,160.16428028209663,163.41762494012053,160.16428028209663,162.66685485839844,19500,0.0,0.0
2012-11-30 00:00:00+09:00,161.4155731201172,161.91609034375506,160.91505589647934,161.4155731201172,66900,0.0,0.0
2012-12-03 00:00:00+09:00,161.4155914025177,165.16944236536696,160.66482120994786,164.919189453125,18300,0.0,0.0
2012-12-04 00:00:00+09:00,165.66995964569486,165.66995964569486,164.16841926055514,164.919189453125,25800,0.0,0.0
2012-12-05 00:00:00+09:00,164.16841699339042,165.41969299316406,163.91815262876062,165.41969299316406,18000,0.0,0.0
2012-12-06 00:00:00+09:00,166.17046317536577,168.17252081318497,165.41969299316406,165.41969299316406,63300,0.0,0.0
2012-12-07 00:00:00+09:00,165.16941673880385,167.17147409364586,163.16735938396187,164.6688995361328,54000,0.0,0.0
2012-12-10 00:00:00+09:00,163.91814700585502,166.6709747314453,163.16737684940705,166.6709747314453,56700,0.0,0.0
2012-12-11 00:00:00+09:00,166.67098273717767,167.92227020997535,164.66892507187018,167.4217529296875,26100,0.0,0.0
2012-12-12 00:00:00+09:00,168.92330054386522,170.1745880702124,167.67201301751805,169.17355346679688,43200,0.0,0.0
2012-12-13 00:00:00+09:00,169.42379846757837,170.9253387451172,168.9232812231177,170.9253387451172,35100,0.0,0.0
2012-12-14 00:00:00+09:00,170.9253582948518,171.17561121778343,167.67201301751805,169.17355346679688,49800,0.0,0.0
2012-12-17 00:00:00+09:00,167.92225578982382,170.17456617393842,167.42173855251735,168.92327880859375,23400,0.0,0.0
2012-12-18 00:00:00+09:00,169.6740634940475,170.42483368649903,166.67098272424133,169.92431640625,38100,0.0,0.0
2012-12-19 00:00:00+09:00,170.17457580566406,171.17559888109096,168.17251819896657,170.17457580566406,40500,0.0,0.0
2012-12-20 00:00:00+09:00,169.17354127439347,170.17457580566406,168.17251819896657,170.17457580566406,36300,0.0,0.0
2012-12-21 00:00:00+09:00,170.17458077429652,171.17560387895057,168.67304038939344,169.92431640625,50400,0.0,0.0
2012-12-25 00:00:00+09:00,171.17558408847447,175.1796875,171.17558408847447,175.1796875,149700,0.0,0.0
2012-12-26 00:00:00+09:00,181.43612687032572,191.19613900690052,180.184839444458,186.44125366210938,161100,0.0,0.0
2012-12-27 00:00:00+09:00,187.44228164490306,187.69253453900737,185.189971230435,186.1909942626953,73500,0.0,0.0
2012-12-28 00:00:00+09:00,186.1910030279557,187.1920261073409,177.93253111945765,185.9407501220703,81300,0.0,0.0
2013-01-04 00:00:00+09:00,186.19100149054276,187.44228892132492,182.93766791752148,185.4402313232422,72600,0.0,0.0
2013-01-07 00:00:00+09:00,189.19408833659878,194.1992153114488,187.692547952975,192.4474334716797,148800,0.0,0.0
2013-01-08 00:00:00+09:00,194.4494685071783,203.708974644749,192.1971580611492,199.9551239013672,224100,0.0,0.0
2013-01-09 00:00:00+09:00,199.45458397900714,200.20535408546723,197.2022736596268,198.20330810546875,45900,0.0,0.0
2013-01-10 00:00:00+09:00,200.455614097004,204.7099703045311,200.455614097004,203.4586944580078,69000,0.0,0.0
2013-01-11 00:00:00+09:00,207.46280924324117,207.46280924324117,203.4586944580078,203.4586944580078,73800,0.0,0.0
2013-01-15 00:00:00+09:00,203.70896319007133,205.71100917006984,197.70280233839046,198.20330810546875,117300,0.0,0.0
2013-01-16 00:00:00+09:00,196.95205149717228,196.95205149717228,189.19408533432903,191.44639587402344,98700,0.0,0.0
2013-01-17 00:00:00+09:00,191.44638452063546,191.69663741381277,186.44124646618747,187.1920166015625,61800,0.0,0.0
2013-01-18 00:00:00+09:00,190.19511144039998,193.1982036634916,190.19511144039998,192.4474334716797,62400,0.0,0.0
2013-01-21 00:00:00+09:00,195.95103024056232,198.45360531381456,192.44744346736053,197.7028350830078,120300,0.0,0.0
2013-01-22 00:00:00+09:00,198.45360278282985,203.95923579740366,197.20230380631764,203.20846557617188,141600,0.0,0.0
2013-01-23 00:00:00+09:00,202.7079401426183,202.7079401426183,198.95408939923647,199.9551239013672,52500,0.0,0.0
2013-01-24 00:00:00+09:00,198.95406175438163,200.45560184309394,194.19917716956482,200.20533752441406,48900,0.0,0.0
2013-01-25 00:00:00+09:00,202.7079387225183,202.7079387225183,200.4556282922681,201.95716857910156,56700,0.0,0.0
2013-01-28 00:00:00+09:00,202.70795846865542,205.9613037109375,201.45668241163403,205.9613037109375,49200,0.0,0.0
2013-01-29 00:00:00+09:00,207.71305936597832,211.9674386633928,206.21151912258165,209.214599609375,69900,0.0,0.0
2013-01-30 00:00:00+09:00,209.71512914638998,217.97360051846914,209.71512914638998,214.97052001953125,108600,0.0,0.0
2013-01-31 00:00:00+09:00,212.968463822976,216.22180886206488,209.71514169557443,210.46591186523438,83700,0.0,0.0
2013-02-01 00:00:00+09:00,210.46590155522074,211.96744182098524,208.71409694126675,210.21563720703125,73200,0.0,0.0
2013-02-04 00:00:00+09:00,211.96747159173415,215.97156425502197,211.71720720839514,213.71925354003906,133200,0.0,0.0
2013-02-05 00:00:00+09:00,215.220766964684,215.4710313165662,210.2156403088451,211.2166748046875,228600,0.0,0.0
2013-02-06 00:00:00+09:00,212.71820878509115,213.2187145623281,207.9633237104397,209.214599609375,122700,0.0,0.0
2013-02-07 00:00:00+09:00,209.21462371042676,210.21565829190342,205.4607726694999,206.46180725097656,100200,0.0,0.0
2013-02-08 00:00:00+09:00,206.46177481901162,206.46177481901162,203.2084301240292,203.4586944580078,85500,0.0,0.0
2013-02-12 00:00:00+09:00,213.71922033956503,213.71922033956503,208.21358805490112,209.214599609375,117300,0.0,0.0
2013-02-13 00:00:00+09:00,209.71517485111903,209.71517485111903,203.45874814426196,204.2095184326172,99000,0.0,0.0
2013-02-14 00:00:00+09:00,201.7069238760251,207.71308560842968,201.7069238760251,205.9613037109375,45300,0.0,0.0
2013-02-15 00:00:00+09:00,205.96126838259988,205.96126838259988,187.9427748202365,198.4535675048828,117900,0.0,0.0
2013-02-18 00:00:00+09:00,202.20742443121654,204.70997619628906,200.95612563699473,204.70997619628906,43200,0.0,0.0
2013-02-19 00:00:00+09:00,232.989015230078,233.48952103558332,220.72642824585688,221.7274627685547,761100,0.0,0.0
2013-02-20 00:00:00+09:00,225.23104015490262,226.98284477111392,217.97360316491782,219.4751434326172,351900,0.0,0.0
2013-02-21 00:00:00+09:00,219.2248977462595,224.73055350040408,219.2248977462595,221.22694396972656,141300,0.0,0.0
2013-02-22 00:00:00+09:00,220.2259265947626,221.47720258797395,215.7213055251767,219.9756622314453,153900,0.0,0.0
2013-02-25 00:00:00+09:00,219.97565360682296,223.97976870447184,219.97565360682296,222.7284698486328,135300,0.0,0.0
2013-02-26 00:00:00+09:00,219.7253937231591,223.47924454366688,219.7253937231591,221.7274627685547,101400,0.0,0.0
2013-02-27 00:00:00+09:00,222.72847210899675,225.23104693438555,222.22796630859375,222.22796630859375,132000,0.0,0.0
2013-02-28 00:00:00+09:00,222.72849110697888,226.98287096419267,222.72849110697888,224.73056030273438,177900,0.0,0.0
2013-03-01 00:00:00+09:00,227.48334946759903,231.23720011887954,226.2320735544009,230.7366943359375,209400,0.0,0.0
2013-03-04 00:00:00+09:00,232.73876299873328,243.7500516754224,230.7367167607048,234.99107360839844,386700,0.0,0.0
2013-03-05 00:00:00+09:00,240.2464762363116,241.24751085785937,228.9849226627345,230.98696899414062,238500,0.0,0.0
2013-03-06 00:00:00+09:00,234.9910991265772,237.24340998082556,233.99006444301435,235.24136352539062,152700,0.0,0.0
2013-03-07 00:00:00+09:00,234.74077913098355,236.4925836843927,230.48642282891606,231.48745727539062,167400,0.0,0.0
2013-03-08 00:00:00+09:00,231.73772200301687,233.48952673255897,231.23721618529956,232.23825073242188,139500,0.0,0.0
2013-03-11 00:00:00+09:00,236.49256225235055,246.00230844114324,235.24128649141775,245.0012969970703,308700,0.0,0.0
2013-03-12 00:00:00+09:00,248.00441364408846,250.0064597384992,240.746953592437,241.2474822998047,255300,0.0,0.0
2013-03-13 00:00:00+09:00,241.74802500807377,257.26393616018174,241.74802500807377,250.5070037841797,310500,0.0,0.0
2013-03-14 00:00:00+09:00,257.7644254345903,274.7818745063134,257.7644254345903,268.27520751953125,383400,0.0,0.0
2013-03-15 00:00:00+09:00,275.28236612116746,278.28544656216815,268.2751936999562,274.7818603515625,235500,0.0,0.0
2013-03-18 00:00:00+09:00,279.7869611545498,287.79519020479864,276.283375264868,278.78594970703125,265200,0.0,0.0
2013-03-19 00:00:00+09:00,282.79010449011054,285.54294386492415,269.02599926279635,276.0331726074219,349800,0.0,0.0
2013-03-21 00:00:00+09:00,277.7849633372556,283.5408603457534,276.78392880511745,283.2906188964844,147600,0.0,0.0
2013-03-22 00:00:00+09:00,283.2905964335156,283.79110220405437,275.28236663478185,279.7869873046875,195000,0.0,0.0
2013-03-25 00:00:00+09:00,280.2875321025394,283.2906127218106,275.2823824626295,281.2885437011719,258300,0.0,0.0
2013-03-26 00:00:00+09:00,279.78699761255825,281.78906659184435,274.7818709877157,280.0372619628906,219600,0.0,0.0
2013-03-27 00:00:00+09:00,274.6667108877303,287.70954352765045,274.6667108877303,278.5028381347656,180900,8.0,3.0
2013-03-28 00:00:00+09:00,289.2439845377604,289.2439845377604,272.3650252278646,287.70953369140625,202700,0.0,0.0
2013-03-29 00:00:00+09:00,287.70954352765045,288.47676897705753,270.83058364069495,278.5028381347656,150000,0.0,0.0
2013-04-01 00:00:00+09:00,276.2011256092839,278.50280165602794,253.18436514184359,263.1582946777344,212100,0.0,0.0
2013-04-02 00:00:00+09:00,249.34825453647346,266.99443870367,230.9348449707031,263.925537109375,233200,0.0,0.0
2013-04-03 00:00:00+09:00,266.9944287390805,275.4339078084193,261.6238511495013,266.2272033691406,121000,0.0,0.0
2013-04-04 00:00:00+09:00,260.8566401554988,281.5717262854943,257.02051309438855,279.2700500488281,115000,0.0,0.0
2013-04-05 00:00:00+09:00,297.6834641927083,299.2179150390625,284.6406319986979,287.70953369140625,455600,0.0,0.0
2013-04-08 00:00:00+09:00,305.3556860351562,346.78585449218747,299.21788330078124,345.25140380859375,927700,0.0,0.0
2013-04-09 00:00:00+09:00,374.4059464888139,375.17317178899594,316.09682367498226,337.5791320800781,845200,0.0,0.0
2013-04-10 00:00:00+09:00,337.57918920272436,351.3892469428358,319.93300431258194,329.13970947265625,350600,0.0,0.0
2013-04-11 00:00:00+09:00,329.9069278492647,338.34640739889704,313.79519416360296,326.07080078125,263400,0.0,0.0
2013-04-12 00:00:00+09:00,319.933000409432,328.3724800365393,317.6313241474936,320.7002258300781,189700,0.0,0.0
2013-04-15 00:00:00+09:00,315.329654351851,322.2346832792638,311.493527169955,316.8641052246094,133700,0.0,0.0
2013-04-16 00:00:00+09:00,301.5196223572223,317.63135790302806,301.5196223572223,315.3296813964844,214900,0.0,0.0
2013-04-17 00:00:00+09:00,321.4674243018741,332.97580464680993,318.3985228765579,322.2346496582031,162900,0.0,0.0
2013-04-18 00:00:00+09:00,317.63130550957163,333.74303839773836,317.63130550957163,332.2085876464844,163800,0.0,0.0
2013-04-19 00:00:00+09:00,336.8119577102145,342.9497610397856,336.04473229401805,339.880859375,198700,0.0,0.0
2013-04-22 00:00:00+09:00,346.0186435749437,352.923671938967,342.1825167060419,351.38922119140625,324100,0.0,0.0
2013-04-23 00:00:00+09:00,360.5959293531335,371.3370846955673,350.62199939230214,352.9236755371094,459000,0.0,0.0
2013-04-24 00:00:00+09:00,363.6648692372081,363.6648692372081,345.25145813659,349.08758544921875,234100,0.0,0.0
2013-04-25 00:00:00+09:00,349.0875715217334,351.38924781748113,337.579190042995,342.94976806640625,232300,0.0,0.0
2013-04-26 00:00:00+09:00,342.1824723344794,346.01859870594217,331.4413184943836,332.97576904296875,228700,0.0,0.0
2013-04-30 00:00:00+09:00,329.90687907825816,339.1135826804421,329.90687907825816,337.5791320800781,171700,0.0,0.0
2013-05-01 00:00:00+09:00,355.22534540648104,360.5959229828209,351.38921856623824,356.7597961425781,447700,0.0,0.0
2013-05-02 00:00:00+09:00,359.06148653252177,366.7337405182594,354.4581341410792,362.8976135253906,296800,0.0,0.0
2013-05-07 00:00:00+09:00,383.6126942788401,385.14714505595543,375.9404403932633,380.5437927246094,389600,0.0,0.0
2013-05-08 00:00:00+09:00,405.8622343377416,405.8622343377416,378.2421200916949,382.0782470703125,678000,0.0,0.0
2013-05-09 00:00:00+09:00,381.31104490929044,386.68162300660435,368.2682123872423,372.1043395996094,351900,0.0,0.0
2013-05-10 00:00:00+09:00,379.77653407651513,380.5437593978818,361.3631263637144,366.73370361328125,303500,0.0,0.0
2013-05-13 00:00:00+09:00,369.0354444503784,375.94047355651855,364.43209171295166,368.2682189941406,309800,0.0,0.0
2013-05-14 00:00:00+09:00,370.5698675111282,372.10431830827577,361.3631627282431,362.8976135253906,242900,0.0,0.0
2013-05-15 00:00:00+09:00,360.5958990148596,361.3631243319125,335.2774635521141,340.6480407714844,538500,0.0,0.0
2013-05-16 00:00:00+09:00,339.88085822610293,352.15646484375,312.26074333639707,326.07080078125,433500,0.0,0.0
2013-05-17 00:00:00+09:00,327.60523872944844,359.8287048339844,327.60523872944844,359.8287048339844,333000,0.0,0.0
2013-05-20 00:00:00+09:00,366.7337332849564,366.7337332849564,355.2253525333364,359.8287048339844,224700,0.0,0.0
2013-05-21 00:00:00+09:00,356.75983978899995,359.0615161747354,333.7430759316451,335.27752685546875,358700,0.0,0.0
2013-05-22 00:00:00+09:00,336.04475245454387,349.8548107745936,334.5103015300939,342.18255615234375,189600,0.0,0.0
2013-05-23 00:00:00+09:00,341.41531163148017,341.41531163148017,313.02797111380653,313.7951965332031,361700,0.0,0.0
2013-05-24 00:00:00+09:00,319.9329933498217,336.04472682787025,304.5884852754897,317.6313171386719,281100,0.0,0.0
2013-05-27 00:00:00+09:00,303.82125574305985,316.09686203570874,291.54564945041096,309.19183349609375,220700,0.0,0.0
2013-05-28 00:00:00+09:00,299.21788932703714,309.9590443285206,298.45066396978837,303.05401611328125,173300,0.0,0.0
2013-05-29 00:00:00+09:00,306.1229231133518,319.93297979515717,303.82124699971763,318.3985290527344,166000,0.0,0.0
2013-05-30 00:00:00+09:00,310.72628268947847,310.72628268947847,292.3128733449168,295.38177490234375,219700,0.0,0.0
2013-05-31 00:00:00+09:00,302.2868106322301,313.7951917476703,296.14900737066193,298.45068359375,141900,0.0,0.0
2013-06-03 00:00:00+09:00,289.24402226628484,298.4507285453178,281.5717670337574,283.8734436035156,188600,0.0,0.0
2013-06-04 00:00:00+09:00,283.87338713398134,296.14899306409944,269.29610509196607,292.3128662109375,234900,0.0,0.0
2013-06-05 00:00:00+09:00,297.68344745685783,305.35570125729237,291.5456444165103,293.8473205566406,145300,0.0,0.0
2013-06-06 00:00:00+09:00,291.5456049859861,291.5456049859861,264.6927203162242,271.5977478027344,308700,0.0,0.0
2013-06-07 00:00:00+09:00,259.3221433822718,276.2010994604078,255.48601700087727,271.5977478027344,255600,0.0,0.0
2013-06-10 00:00:00+09:00,299.21790184912743,299.21790184912743,289.24397178748984,295.38177490234375,136400,0.0,0.0
2013-06-11 00:00:00+09:00,296.14900673314145,296.14900673314145,286.17507645456413,291.545654296875,133600,0.0,0.0
2013-06-12 00:00:00+09:00,284.6406319986979,290.7784353841146,280.80450488281247,287.70953369140625,124200,0.0,0.0
2013-06-13 00:00:00+09:00,276.9683939331737,281.5717467409272,270.83059018950223,274.6667175292969,165600,0.0,0.0
2013-06-14 00:00:00+09:00,278.50282110561983,283.10617352058875,276.20114489813534,277.735595703125,108200,0.0,0.0
2013-06-17 00:00:00+09:00,276.20113508668663,280.8044873381314,274.66668433620504,280.0372619628906,52000,0.0,0.0
2013-06-18 00:00:00+09:00,283.8733691603668,288.4767210926971,281.57169319420166,284.6405944824219,94200,0.0,0.0
2013-06-19 00:00:00+09:00,290.7784353841146,295.38178792317706,286.94230826822917,287.70953369140625,115300,0.0,0.0
2013-06-20 00:00:00+09:00,286.175068618816,286.175068618816,281.57171630859375,281.57171630859375,68200,0.0,0.0
2013-06-21 00:00:00+09:00,271.59778900146483,279.27004292805987,268.5288874308268,276.2011413574219,122400,0.0,0.0
2013-06-24 00:00:00+09:00,283.10617352058875,283.8733989230835,276.20114489813534,277.735595703125,50800,0.0,0.0
2013-06-25 00:00:00+09:00,282.338954722514,282.338954722514,263.9255446319153,273.89947509765625,130400,0.0,0.0
2013-06-26 00:00:00+09:00,274.6666852165671,280.03726286046646,257.0205015294692,260.85662841796875,177700,0.0,0.0
2013-06-27 00:00:00+09:00,266.9944296847568,273.89945803867295,257.0204998402113,273.1322326660156,107900,0.0,0.0
2013-06-28 00:00:00+09:00,276.96836046192743,280.8044873381314,273.13223358572344,280.0372619628906,150500,0.0,0.0
2013-07-01 00:00:00+09:00,283.10618115234377,287.70953369140625,280.80450488281247,287.70953369140625,63200,0.0,0.0
2013-07-02 00:00:00+09:00,294.61453610751295,297.68343752529955,292.312860044173,296.14898681640625,89100,0.0,0.0
2013-07-03 00:00:00+09:00,299.21792256463436,299.21792256463436,289.24399181247986,297.6834716796875,97100,0.0,0.0
2013-07-04 00:00:00+09:00,294.614576690051,303.0540567514848,292.31290030966,300.75238037109375,154900,0.0,0.0
2013-07-05 00:00:00+09:00,310.72631487386485,310.72631487386485,298.4507073726751,302.2868347167969,156000,0.0,0.0
2013-07-08 00:00:00+09:00,304.58851453993054,306.89019097222223,295.3818088107639,296.916259765625,93300,0.0,0.0
2013-07-09 00:00:00+09:00,296.14899306409944,299.21789454662894,292.3128662109375,292.3128662109375,80700,0.0,0.0
2013-07-10 00:00:00+09:00,302.28678592046106,302.28678592046106,293.0800817807516,294.6145324707031,88000,0.0,0.0
2013-07-11 00:00:00+09:00,291.54568142361114,296.916259765625,291.54568142361114,296.916259765625,40000,0.0,0.0
2013-07-12 00:00:00+09:00,297.68344745685783,297.68344745685783,292.31286979655374,293.8473205566406,43000,0.0,0.0
2013-07-16 00:00:00+09:00,299.9851135886395,299.9851135886395,295.38176146195957,296.14898681640625,92800,0.0,0.0
2013-07-17 00:00:00+09:00,293.8473169522023,293.8473169522023,290.7784154696728,292.3128662109375,56700,0.0,0.0
2013-07-18 00:00:00+09:00,291.545654296875,293.84733051500825,290.0112034847862,291.545654296875,149700,0.0,0.0
2013-07-19 00:00:00+09:00,295.3817914967828,296.91624236170117,288.4767626046502,289.2439880371094,66400,0.0,0.0
2013-07-22 00:00:00+09:00,289.2439780787418,293.84733051500825,288.4767526726974,291.545654296875,22200,0.0,0.0
2013-07-23 00:00:00+09:00,287.7094934857081,290.01116943359375,286.9422681697462,290.01116943359375,35700,0.0,0.0
2013-07-24 00:00:00+09:00,291.5456066282569,291.5456066282569,283.8733538222501,290.77838134765625,33100,0.0,0.0
2013-07-25 00:00:00+09:00,292.31285148395614,292.31285148395614,285.40782349614614,286.175048828125,47700,0.0,0.0
2013-07-26 00:00:00+09:00,285.4078604656717,289.24398762246835,282.3389587402344,282.3389587402344,48200,0.0,0.0
2013-07-29 00:00:00+09:00,281.571725040502,281.571725040502,263.9255406374187,265.4599914550781,104200,0.0,0.0
2013-07-30 00:00:00+09:00,268.528874362935,282.3389307587431,268.528874362935,276.9683532714844,58200,0.0,0.0
2013-07-31 00:00:00+09:00,277.7355849019597,279.2700356472744,270.8305565480436,273.1322326660156,25200,0.0,0.0
2013-08-01 00:00:00+09:00,278.5028147684456,283.10616707866785,273.89946245822335,281.57171630859375,40100,0.0,0.0
2013-08-02 00:00:00+09:00,287.70953369140625,287.70953369140625,281.57173030598955,287.70953369140625,38400,0.0,0.0
2013-08-05 00:00:00+09:00,286.1750296640522,294.61450775065964,284.64057910285084,290.77838134765625,43600,0.0,0.0
2013-08-06 00:00:00+09:00,291.5456643344869,291.5456643344869,276.9683811177626,289.2439880371094,51900,0.0,0.0
2013-08-07 00:00:00+09:00,288.47672726156935,288.47672726156935,278.50279786156824,280.8044738769531,29600,0.0,0.0
2013-08-08 00:00:00+09:00,279.27005304074754,280.03727846118915,273.89947509765625,273.89947509765625,61700,0.0,0.0
2013-08-09 00:00:00+09:00,275.43392593853946,276.20115135898106,272.36502425677304,273.89947509765625,50700,0.0,0.0
2013-08-12 00:00:00+09:00,289.2439654918199,289.2439654918199,273.1322326660156,273.1322326660156,68000,0.0,0.0
2013-08-13 00:00:00+09:00,273.1322326660156,276.201134156645,268.5288804300715,273.1322326660156,42600,0.0,0.0
2013-08-14 00:00:00+09:00,273.8994236315711,275.4338741841289,270.06329725017656,271.5977478027344,70800,0.0,0.0
2013-08-15 00:00:00+09:00,270.06329725017656,271.5977478027344,269.29607197389765,271.5977478027344,38200,0.0,0.0
2013-08-16 00:00:00+09:00,268.5288830951155,270.06333385565904,265.45998157402846,267.76165771484375,66100,0.0,0.0
2013-08-19 00:00:00+09:00,267.7617018250213,269.2961528383452,266.22725081169744,266.9944763183594,29900,0.0,0.0
2013-08-20 00:00:00+09:00,263.925537109375,266.99443870367,261.6238609136537,263.925537109375,30700,0.0,0.0
2013-08-21 00:00:00+09:00,263.15826031189863,266.2271613067895,260.8565845657304,261.6238098144531,43400,0.0,0.0
2013-08-22 00:00:00+09:00,258.554952284869,260.85662841796875,250.88269850786995,260.85662841796875,48400,0.0,0.0
2013-08-23 00:00:00+09:00,264.69275530646826,264.69275530646826,260.08940304026885,260.85662841796875,54700,0.0,0.0
2013-08-26 00:00:00+09:00,261.6238980363604,262.3911235437984,257.78777049917034,260.0894470214844,16700,0.0,0.0
2013-08-27 00:00:00+09:00,259.3221532109958,259.3221532109958,255.4860266842059,257.0204772949219,24800,0.0,0.0
2013-08-28 00:00:00+09:00,253.18442267340583,257.7877758129223,246.27939296413112,255.48609924316406,53500,0.0,0.0
2013-08-29 00:00:00+09:00,255.48604987107015,255.48604987107015,250.11547224615276,253.95159912109375,24700,0.0,0.0
2013-08-30 00:00:00+09:00,256.2532445948928,256.2532445948928,246.27931591305568,247.8137664794922,34200,0.0,0.0
2013-09-02 00:00:00+09:00,245.51211999622356,257.78772599603474,243.21044387125897,253.95159912109375,44700,0.0,0.0
2013-09-03 00:00:00+09:00,257.0205584644566,263.9255883933524,256.2533329168015,259.3222351074219,47100,0.0,0.0
2013-09-04 00:00:00+09:00,253.95165627383622,259.3222351074219,253.95165627383622,259.3222351074219,20100,0.0,0.0
2013-09-05 00:00:00+09:00,256.2533247664168,257.7877758129223,254.71887371991133,255.48609924316406,45300,0.0,0.0
2013-09-06 00:00:00+09:00,255.48604987107015,257.02050062104655,251.64992299612916,253.95159912109375,29900,0.0,0.0
2013-09-09 00:00:00+09:00,264.69276250794877,266.99443870367,260.8566355150799,263.925537109375,84700,0.0,0.0
2013-09-10 00:00:00+09:00,276.2011413574219,276.2011413574219,267.7616620381673,276.2011413574219,94100,0.0,0.0
2013-09-11 00:00:00+09:00,276.2011548735637,280.0372820245854,274.666704013155,275.4339294433594,49200,0.0,0.0
2013-09-12 00:00:00+09:00,275.43392239422866,275.43392239422866,270.06334452024646,272.3650207519531,24400,0.0,0.0
2013-09-13 00:00:00+09:00,270.0633647215433,276.2011684652147,270.0633647215433,274.6667175292969,51200,0.0,0.0
2013-09-17 00:00:00+09:00,275.4339194956405,279.2700465081146,274.6666940931457,277.735595703125,27300,0.0,0.0
2013-09-18 00:00:00+09:00,277.73559214274087,279.27004292805987,275.4339159647624,276.2011413574219,54200,0.0,0.0
2013-09-19 00:00:00+09:00,278.50282110561983,280.80449731310426,275.4339194956405,277.735595703125,63400,0.0,0.0
2013-09-20 00:00:00+09:00,280.03731598725193,286.9423456965266,280.03731598725193,283.8734436035156,63800,0.0,0.0
2013-09-24 00:00:00+09:00,281.5717198648427,286.17507223320524,280.0372690753885,283.1061706542969,43500,0.0,0.0
2013-09-25 00:00:00+09:00,283.87338146938845,283.87338146938845,273.8994518501937,276.9683532714844,57700,0.0,0.0
2013-09-26 00:00:00+09:00,272.3650082104827,280.0372619628906,270.8305574600011,280.0372619628906,32400,0.0,0.0
2013-09-27 00:00:00+09:00,280.0372546927751,280.0372546927751,276.20112791616174,276.9683532714844,19800,0.0,0.0
2013-09-30 00:00:00+09:00,275.43392593853946,276.20115135898106,272.36502425677304,273.89947509765625,32000,0.0,0.0
2013-10-01 00:00:00+09:00,272.3649865169363,276.2011130875974,270.8305358886719,270.8305358886719,48700,0.0,0.0
2013-10-02 00:00:00+09:00,275.433915184434,275.433915184434,268.528886670061,269.2961120605469,64100,0.0,0.0
2013-10-03 00:00:00+09:00,264.6927561937567,270.06333385565904,261.62385467266967,267.76165771484375,61600,0.0,0.0
2013-10-04 00:00:00+09:00,263.15834905123637,264.6928000661124,259.32222151404636,260.0894470214844,56900,0.0,0.0
2013-10-07 00:00:00+09:00,259.3221630418157,262.39106437958867,253.951585700713,254.71881103515625,49000,0.0,0.0
2013-10-08 00:00:00+09:00,253.95157607348997,259.3221532109958,249.3482242413421,257.0204772949219,87600,0.0,0.0
2013-10-09 00:00:00+09:00,257.0205085222111,263.925537109375,251.64993073219475,263.925537109375,39500,0.0,0.0
2013-10-10 00:00:00+09:00,273.8994570685395,273.8994570685395,263.925527259321,266.2272033691406,51900,0.0,0.0
2013-10-11 00:00:00+09:00,270.0633374510328,270.83056284151866,266.2272104986033,269.2961120605469,52800,0.0,0.0
2013-10-15 00:00:00+09:00,268.5288830951155,269.29610847538726,263.92553081348495,267.76165771484375,41900,0.0,0.0
2013-10-16 00:00:00+09:00,268.5288794789603,268.5288794789603,262.3910765194412,266.2272033691406,24300,0.0,0.0
2013-10-17 00:00:00+09:00,267.7617018250213,272.36505486499306,264.6927997983735,266.9944763183594,35300,0.0,0.0
2013-10-18 00:00:00+09:00,266.99443233457197,267.76165771484375,265.45998157402846,267.76165771484375,28700,0.0,0.0
2013-10-21 00:00:00+09:00,269.29607197389765,272.3649730790133,268.52884669761875,271.5977478027344,54400,0.0,0.0
2013-10-22 00:00:00+09:00,270.0633105745397,272.3649865169363,269.29608526040744,270.8305358886719,35100,0.0,0.0
2013-10-23 00:00:00+09:00,270.83057993108577,275.4339325644753,270.0633544921875,270.0633544921875,30400,0.0,0.0
2013-10-24 00:00:00+09:00,264.6927666462643,272.3650207519531,263.1583158251265,272.3650207519531,53200,0.0,0.0
2013-10-25 00:00:00+09:00,273.13223537674605,273.13223537674605,267.76165771484375,267.76165771484375,43500,0.0,0.0
2013-10-28 00:00:00+09:00,271.59778461620255,271.59778461620255,263.92553081348495,267.76165771484375,47300,0.0,0.0
2013-10-29 00:00:00+09:00,276.96835952930235,276.96835952930235,269.2961058027289,273.1322326660156,147000,0.0,0.0
2013-10-30 00:00:00+09:00,273.1322326660156,278.50281027461705,269.2961058027289,273.1322326660156,96400,0.0,0.0
2013-10-31 00:00:00+09:00,270.8306072126116,273.1322837611607,268.5289306640625,268.5289306640625,42900,0.0,0.0
2013-11-01 00:00:00+09:00,269.2961112574527,269.2961112574527,260.85663198727616,262.3910827636719,113000,0.0,0.0
2013-11-05 00:00:00+09:00,267.7617018250213,267.7617018250213,262.3911232783877,266.9944763183594,50100,0.0,0.0
2013-11-06 00:00:00+09:00,263.9255406374187,266.99444227273756,262.3910898197593,265.4599914550781,49300,0.0,0.0
2013-11-07 00:00:00+09:00,264.69276250794877,266.99443870367,263.15831171080123,263.925537109375,37300,0.0,0.0
2013-11-08 00:00:00+09:00,262.3910350631759,263.9254855606213,258.5549088195622,261.6238098144531,63500,0.0,0.0
2013-11-11 00:00:00+09:00,267.7616568172679,267.7616568172679,258.554952284869,260.85662841796875,69600,0.0,0.0
2013-11-12 00:00:00+09:00,263.92553081348495,270.06333385565904,262.39108005294145,267.76165771484375,176600,0.0,0.0
2013-11-13 00:00:00+09:00,263.925537109375,270.0633402979651,263.925537109375,263.925537109375,48300,0.0,0.0
2013-11-14 00:00:00+09:00,264.6927561937567,270.06333385565904,264.6927561937567,267.76165771484375,90000,0.0,0.0
2013-11-15 00:00:00+09:00,268.5288936991087,273.89947157309086,266.22721746740206,272.3650207519531,146300,0.0,0.0
2013-11-18 00:00:00+09:00,274.6666834113303,276.201134156645,270.8305565480436,273.1322326660156,101300,0.0,0.0
2013-11-19 00:00:00+09:00,273.1322562477805,273.1322562477805,269.29612905328923,270.0633544921875,58100,0.0,0.0
2013-11-20 00:00:00+09:00,270.06338169642856,273.8995092773437,267.76170514787947,268.5289306640625,71200,0.0,0.0
2013-11-21 00:00:00+09:00,267.76165771484375,270.06333385565904,265.45998157402846,267.76165771484375,56500,0.0,0.0
2013-11-22 00:00:00+09:00,267.7616612795751,271.5977882320046,266.99443588908923,269.2961120605469,102400,0.0,0.0
2013-11-25 00:00:00+09:00,268.5288830951155,269.29610847538726,266.99443233457197,267.76165771484375,133100,0.0,0.0
2013-11-26 00:00:00+09:00,270.06338169642856,270.8306072126116,266.99447963169644,268.5289306640625,78300,0.0,0.0
2013-11-27 00:00:00+09:00,270.06334799544817,274.66670051809785,268.52889715456496,273.89947509765625,115900,0.0,0.0
2013-11-28 00:00:00+09:00,272.3649865169363,273.89943714520075,270.0633105745397,270.8305358886719,57800,0.0,0.0
2013-11-29 00:00:00+09:00,270.8305358886719,273.1322118310685,270.0633105745397,270.8305358886719,56900,0.0,0.0
2013-12-02 00:00:00+09:00,270.83052252645547,273.8994236315711,268.52884669761875,271.5977478027344,99200,0.0,0.0
2013-12-03 00:00:00+09:00,273.8994644034622,273.8994644034622,269.2961120605469,269.2961120605469,82700,0.0,0.0
2013-12-04 00:00:00+09:00,266.9944287390805,268.5288794789603,264.69275262926084,266.2272033691406,169100,0.0,0.0
2013-12-05 00:00:00+09:00,265.4600049889606,268.5289067807405,264.6927795410156,264.6927795410156,56400,0.0,0.0
2013-12-06 00:00:00+09:00,266.22721330509626,266.22721330509626,253.1843815293423,263.925537109375,119900,0.0,0.0
2013-12-09 00:00:00+09:00,264.69276604624844,265.4599914550781,262.3910898197593,265.4599914550781,130700,0.0,0.0
2013-12-10 00:00:00+09:00,266.9944287390805,267.7616541090204,262.3910765194412,266.2272033691406,154000,0.0,0.0
2013-12-11 00:00:00+09:00,263.15832864512566,268.5289067807405,262.3911031971807,264.6927795410156,104600,0.0,0.0
2013-12-12 00:00:00+09:00,264.6927108093441,264.6927108093441,260.8565845657304,261.6238098144531,60200,0.0,0.0
2013-12-13 00:00:00+09:00,260.08940659907825,263.92553354006765,257.7877304344847,262.3910827636719,100000,0.0,0.0
2013-12-16 00:00:00+09:00,262.3911029270717,264.69277926853727,257.02052479698546,257.7877502441406,103600,0.0,0.0
2013-12-17 00:00:00+09:00,258.55499286186404,258.55499286186404,247.81383588837414,251.64996337890625,135600,0.0,0.0
2013-12-18 00:00:00+09:00,252.41720517852602,260.8566862027321,252.41720517852602,259.3222351074219,95600,0.0,0.0
2013-12-19 00:00:00+09:00,258.5550095597668,260.08946065507695,256.2533329168015,259.3222351074219,97500,0.0,0.0
2013-12-20 00:00:00+09:00,257.02054168067275,259.3222181733355,257.02054168067275,258.55499267578125,48200,0.0,0.0
2013-12-24 00:00:00+09:00,257.0205502896696,258.55500133617505,253.95164819665857,255.48609924316406,238200,0.0,0.0
2013-12-25 00:00:00+09:00,253.18437013944956,256.2532715956853,250.88269404727274,252.41714477539062,255500,0.0,0.0
2013-12-26 00:00:00+09:00,260.85661863099034,264.69274537556373,257.02049188641695,263.1582946777344,118800,0.0,0.0
2013-12-27 00:00:00+09:00,265.4599586897464,271.59776120280407,264.6927333756142,270.8305358886719,97900,0.0,0.0
2013-12-30 00:00:00+09:00,270.83059018950223,277.73561940113257,270.83059018950223,274.6667175292969,126800,0.0,0.0
2014-01-06 00:00:00+09:00,276.20114489813534,279.2700465081146,276.20114489813534,277.735595703125,135000,0.0,0.0
2014-01-07 00:00:00+09:00,277.7356057339724,279.27005659438106,274.666704013155,275.4339294433594,88800,0.0,0.0
2014-01-08 00:00:00+09:00,276.2011218461834,280.8044738769531,276.2011218461834,280.8044738769531,104300,0.0,0.0
2014-01-09 00:00:00+09:00,281.5717262854943,281.5717262854943,277.73559922438403,279.2700500488281,86400,0.0,0.0
2014-01-10 00:00:00+09:00,283.8734436035156,284.6406691267684,278.5028649407464,283.8734436035156,139700,0.0,0.0
2014-01-14 00:00:00+09:00,278.5028381347656,279.2700635841727,270.83058364069495,278.5028381347656,157500,0.0,0.0
2014-01-15 00:00:00+09:00,283.873409602953,283.873409602953,279.27005701479703,282.3389587402344,47500,0.0,0.0
2014-01-16 00:00:00+09:00,282.33899255701016,283.8734436035156,280.03731598725193,283.8734436035156,80500,0.0,0.0
2014-01-17 00:00:00+09:00,283.1061706542969,284.64062144375106,280.8044944701156,283.1061706542969,73600,0.0,0.0
2014-01-20 00:00:00+09:00,285.40782349614614,286.175048828125,283.87337283218835,286.175048828125,55800,0.0,0.0
2014-01-21 00:00:00+09:00,287.709537172191,289.2439880371094,286.94231173973185,289.2439880371094,72500,0.0,0.0
2014-01-22 00:00:00+09:00,290.0112034847862,291.545654296875,288.4767526726974,291.545654296875,54800,0.0,0.0
2014-01-23 00:00:00+09:00,293.08007069744133,295.381746645327,290.01116943359375,290.01116943359375,74500,0.0,0.0
2014-01-24 00:00:00+09:00,290.0112477895376,290.0112477895376,281.5717670337574,283.8734436035156,87700,0.0,0.0
2014-01-27 00:00:00+09:00,272.3650207519531,276.20114780479753,269.2961191096776,272.3650207519531,76500,0.0,0.0
2014-01-28 00:00:00+09:00,272.3650207519531,276.9683732153664,272.3650207519531,272.3650207519531,34500,0.0,0.0
2014-01-29 00:00:00+09:00,276.96838723595147,282.33896538180096,275.43393633713737,278.5028381347656,43500,0.0,0.0
2014-01-30 00:00:00+09:00,273.132246162522,273.89947157309086,270.06334452024646,272.3650207519531,36600,0.0,0.0
2014-01-31 00:00:00+09:00,273.1322326660156,277.7355849019597,263.9255281941275,273.1322326660156,70200,0.0,0.0
2014-02-03 00:00:00+09:00,266.99443509285913,269.2961112574527,260.08940659907825,262.3910827636719,104800,0.0,0.0
2014-02-04 00:00:00+09:00,240.1415694762613,252.41717686162931,240.1415694762613,246.2793731689453,125500,0.0,0.0
2014-02-05 00:00:00+09:00,249.34825134277344,256.2532798414964,247.04657517653246,249.34825134277344,96000,0.0,0.0
2014-02-06 00:00:00+09:00,253.1843920107241,253.1843920107241,247.81381399837542,248.58103942871094,67800,0.0,0.0
2014-02-07 00:00:00+09:00,251.64992388556985,260.85662841796875,251.64992388556985,260.85662841796875,79100,0.0,0.0
2014-02-10 00:00:00+09:00,268.52888586925485,268.52888586925485,260.85663198727616,262.3910827636719,84900,0.0,0.0
2014-02-12 00:00:00+09:00,264.69281394100756,264.69281394100756,257.0205584644566,259.3222351074219,52800,0.0,0.0
2014-02-13 00:00:00+09:00,259.3221667626661,260.8566174535694,253.18436399905266,256.2532653808594,56900,0.0,0.0
2014-02-14 00:00:00+09:00,257.0204698781111,257.0204698781111,245.51209062983745,247.8137664794922,74200,0.0,0.0
2014-02-17 00:00:00+09:00,249.34829875735417,250.88274982663017,243.97772001488806,250.1155242919922,52300,0.0,0.0
2014-02-18 00:00:00+09:00,249.3482950571421,255.48609924316406,246.27939296413112,255.48609924316406,31300,0.0,0.0
2014-02-19 00:00:00+09:00,252.41713136615172,255.48603265935722,250.882680719549,253.18435668945312,25900,0.0,0.0
2014-02-20 00:00:00+09:00,251.64994115005305,252.41716658038857,246.27936313770437,248.58103942871094,57300,0.0,0.0
2014-02-21 00:00:00+09:00,246.2793848921613,253.1844143751191,245.5121593940549,251.64996337890625,26400,0.0,0.0
2014-02-24 00:00:00+09:00,253.18437013944956,255.48604623162637,250.1154686832138,252.41714477539062,21800,0.0,0.0
2014-02-25 00:00:00+09:00,260.08937851635375,260.08937851635375,253.95157607348997,257.0204772949219,33400,0.0,0.0
2014-02-26 00:00:00+09:00,257.02049695974426,257.02049695974426,251.64991941133167,252.41714477539062,49300,0.0,0.0
2014-02-27 00:00:00+09:00,250.11547673152043,252.4171528977614,247.81380056527945,249.34825134277344,29700,0.0,0.0
2014-02-28 00:00:00+09:00,252.41717510223387,252.41717510223387,243.97769508361816,245.51214599609375,57100,0.0,0.0
2014-03-03 00:00:00+09:00,243.97764399675918,243.97764399675918,238.60706692764813,243.21041870117188,47700,0.0,0.0
2014-03-04 00:00:00+09:00,245.51213770736882,249.34826485904648,243.97768684669776,248.58103942871094,36800,0.0,0.0
2014-03-05 00:00:00+09:00,249.348286884587,251.64996337890625,248.58106138648057,251.64996337890625,29500,0.0,0.0
2014-03-06 00:00:00+09:00,252.41714837111735,254.71882449608196,251.64992299612916,253.95159912109375,31600,0.0,0.0
2014-03-07 00:00:00+09:00,257.02049188641695,263.1582946777344,253.18436514184359,263.1582946777344,54000,0.0,0.0
2014-03-10 00:00:00+09:00,264.6928000661124,264.6928000661124,257.78777049917034,260.0894470214844,66800,0.0,0.0
2014-03-11 00:00:00+09:00,257.7877269071691,261.62385379566865,257.7877269071691,260.85662841796875,23500,0.0,0.0
2014-03-12 00:00:00+09:00,257.02048703848595,257.02048703848595,253.951585700713,254.71881103515625,27700,0.0,0.0
2014-03-13 00:00:00+09:00,255.48603265935722,255.48603265935722,252.41713136615172,253.18435668945312,40400,0.0,0.0
2014-03-14 00:00:00+09:00,247.8138240921163,250.11550047687282,246.2793731689453,246.2793731689453,74900,0.0,0.0
2014-03-17 00:00:00+09:00,243.97766737282848,245.51211811102237,240.14154052734378,240.14154052734375,54400,0.0,0.0
2014-03-18 00:00:00+09:00,241.67599221934444,249.34824594059344,241.67599221934444,247.04656982421875,33500,0.0,0.0
2014-03-19 00:00:00+09:00,246.2793731689453,249.3482750152873,243.21047132260333,246.2793731689453,25200,0.0,0.0
2014-03-20 00:00:00+09:00,246.27940771989762,247.04663328911846,239.37437759690982,240.90882873535156,41700,0.0,0.0
2014-03-24 00:00:00+09:00,243.97769337238563,248.58104607752497,237.83988976553317,244.7449188232422,55500,0.0,0.0
2014-03-25 00:00:00+09:00,249.34824594059344,250.88269668484327,243.97766833571913,247.04656982421875,91200,0.0,0.0
2014-03-26 00:00:00+09:00,245.51209062983745,249.34821704592866,240.908738930528,247.8137664794922,71000,0.0,0.0
2014-03-27 00:00:00+09:00,247.02707165072425,254.10746542415265,243.09351955437512,253.3207550048828,49400,8.0,0.0
2014-03-28 00:00:00+09:00,252.5340576171875,253.3207680770541,248.60050531785436,252.5340576171875,22300,0.0,0.0
2014-03-31 00:00:00+09:00,253.32081306271436,258.04107666015625,253.32081306271436,258.04107666015625,41600,0.0,0.0
2014-04-01 00:00:00+09:00,258.04107666015625,258.8277872597299,248.60054946527248,258.04107666015625,22300,0.0,0.0
2014-04-02 00:00:00+09:00,260.40121051823115,261.9746317298217,256.46765748925486,258.8277893066406,52200,0.0,0.0
2014-04-03 00:00:00+09:00,257.2543660605826,262.76134025759814,257.2543660605826,258.04107666015625,30400,0.0,0.0
2014-04-04 00:00:00+09:00,260.40112073493725,261.18783106948393,258.0409897312974,259.6144104003906,32800,0.0,0.0
2014-04-07 00:00:00+09:00,258.04105292426215,258.04105292426215,254.8942108154297,254.8942108154297,20800,0.0,0.0
2014-04-08 00:00:00+09:00,254.10747853692075,257.2543203763872,250.96063669745422,252.5340576171875,52000,0.0,0.0
2014-04-09 00:00:00+09:00,250.9606454237452,253.32077688541054,246.2403825004146,250.17393493652344,73300,0.0,0.0
2014-04-10 00:00:00+09:00,255.68092609273975,255.68092609273975,244.66697850720635,250.96066284179688,67700,0.0,0.0
2014-04-11 00:00:00+09:00,244.66693115234375,250.17390387924536,242.30679998367162,244.66693115234375,89200,0.0,0.0
2014-04-14 00:00:00+09:00,243.09353854271671,247.02709094632056,243.09353854271671,243.8802490234375,25400,0.0,0.0
2014-04-15 00:00:00+09:00,244.66695950415826,247.8138014270413,243.09353854271671,243.8802490234375,31000,0.0,0.0
2014-04-16 00:00:00+09:00,245.45369788061214,248.6005401611328,244.66698731048197,248.6005401611328,33700,0.0,0.0
2014-04-17 00:00:00+09:00,249.38725073126298,250.17396130139315,247.81382959100264,248.6005401611328,24200,0.0,0.0
2014-04-18 00:00:00+09:00,247.81378616669954,250.17391746352524,247.0270757344243,249.38720703125,16200,0.0,0.0
2014-04-21 00:00:00+09:00,247.81382959100264,250.96067187152332,247.81382959100264,248.6005401611328,38000,0.0,0.0
2014-04-22 00:00:00+09:00,250.17392839704243,250.17392839704243,247.8137969970703,247.8137969970703,15200,0.0,0.0
2014-04-23 00:00:00+09:00,250.17393922805786,252.53407073020935,248.60051822662354,251.7473602294922,14600,0.0,0.0
2014-04-24 00:00:00+09:00,249.3872029085337,254.10746542415265,248.6004924892639,253.3207550048828,27800,0.0,0.0
2014-04-25 00:00:00+09:00,250.96064972877502,253.3207812309265,247.0270972251892,251.7473602294922,61000,0.0,0.0
2014-04-28 00:00:00+09:00,248.60048310013062,252.53403504791748,244.66693115234375,244.66693115234375,96300,0.0,0.0
2014-04-30 00:00:00+09:00,250.96066284179688,250.96066284179688,248.6005312163254,250.96066284179688,46500,0.0,0.0
2014-05-01 00:00:00+09:00,251.74735576923075,255.680908203125,249.38722430889422,255.680908203125,61100,0.0,0.0
2014-05-02 00:00:00+09:00,256.467655461009,259.6144978593035,254.89423426186167,258.04107666015625,43300,0.0,0.0
2014-05-07 00:00:00+09:00,253.3207550048828,261.1878591975811,253.3207550048828,253.3207550048828,102700,0.0,0.0
2014-05-08 00:00:00+09:00,258.8277544960699,261.97459649602206,255.68091249611766,257.25433349609375,99500,0.0,0.0
2014-05-09 00:00:00+09:00,257.2543680950501,261.18792112402645,257.2543680950501,258.8277893066406,63700,0.0,0.0
2014-05-12 00:00:00+09:00,262.76131608751086,262.76131608751086,254.8942108154297,254.8942108154297,68700,0.0,0.0
2014-05-13 00:00:00+09:00,258.827700065844,261.18783106948393,258.0409897312974,259.6144104003906,23500,0.0,0.0
2014-05-14 00:00:00+09:00,259.6144999124359,259.6144999124359,258.0410787008454,258.8277893066406,18300,0.0,0.0
2014-05-15 00:00:00+09:00,258.8277544960699,259.6144649960579,254.10749149614153,257.25433349609375,88400,0.0,0.0
2014-05-16 00:00:00+09:00,252.53407073020935,256.46762323379517,251.7473602294922,251.7473602294922,57200,0.0,0.0
2014-05-19 00:00:00+09:00,253.32074201365373,257.25429390827566,253.32074201365373,254.10745239257812,31700,0.0,0.0
2014-05-20 00:00:00+09:00,253.3207550048828,256.4675966819621,253.3207550048828,253.3207550048828,33900,0.0,0.0
2014-05-21 00:00:00+09:00,252.53407073020935,254.10749173164368,249.3872287273407,251.7473602294922,41100,0.0,0.0
2014-05-22 00:00:00+09:00,249.38721577772097,255.680899456654,248.60050531785436,252.5340576171875,53000,0.0,0.0
2014-05-23 00:00:00+09:00,255.680908203125,255.680908203125,253.32077674278847,255.680908203125,40600,0.0,0.0
2014-05-26 00:00:00+09:00,254.89423019315566,256.4676513671875,253.32080901912386,256.4676513671875,13600,0.0,0.0
2014-05-27 00:00:00+09:00,256.46765748925486,260.40121051823115,255.6809468834596,258.8277893066406,39300,0.0,0.0
2014-05-28 00:00:00+09:00,258.8277326969942,261.1878639981826,257.25431182953525,260.4011535644531,21600,0.0,0.0
2014-05-29 00:00:00+09:00,260.40121051823115,261.18792112402645,258.8277893066406,258.8277893066406,28700,0.0,0.0
2014-05-30 00:00:00+09:00,258.8277046479375,262.7612563903073,257.25428395098953,261.1878356933594,33500,0.0,0.0
2014-06-02 00:00:00+09:00,261.1879091883552,266.6948831772663,261.1879091883552,265.9081726074219,101000,0.0,0.0
2014-06-03 00:00:00+09:00,267.48159374711076,267.48159374711076,265.12146203757743,265.9081726074219,30200,0.0,0.0
2014-06-04 00:00:00+09:00,263.54801279253667,267.481565222276,262.7613023065888,266.6948547363281,29900,0.0,0.0
2014-06-05 00:00:00+09:00,266.6948547363281,266.6948547363281,261.9745918206409,266.6948547363281,39300,0.0,0.0
2014-06-06 00:00:00+09:00,265.90818684895834,272.2018717447917,264.334765625,271.4151611328125,100900,0.0,0.0
2014-06-09 00:00:00+09:00,272.2018464652214,291.08289939922525,271.41513592630463,284.7892150878906,481600,0.0,0.0
2014-06-10 00:00:00+09:00,291.0828568487942,291.8695672727099,277.70877964222797,280.8556213378906,185300,0.0,0.0
2014-06-11 00:00:00+09:00,282.42902854636867,283.2157389322917,270.62837275752315,276.1353454589844,92300,0.0,0.0
2014-06-12 00:00:00+09:00,269.8417031806812,272.201834695381,256.46762459738216,269.05499267578125,92300,0.0,0.0
2014-06-13 00:00:00+09:00,275.34863507306136,276.1353454589844,269.84166237160014,276.1353454589844,49200,0.0,0.0
2014-06-16 00:00:00+09:00,278.495502985651,280.8556343668853,274.56195068359375,274.56195068359375,36800,0.0,0.0
2014-06-17 00:00:00+09:00,275.3486980091442,279.2822508378463,275.3486980091442,276.922119140625,31300,0.0,0.0
2014-06-18 00:00:00+09:00,276.9220907843484,279.28222223989684,276.1353802991656,277.70880126953125,55500,0.0,0.0
2014-06-19 00:00:00+09:00,276.9221232786017,278.49554443359375,275.34870212360966,278.49554443359375,34200,0.0,0.0
2014-06-20 00:00:00+09:00,276.1353802991656,277.70880126953125,273.7752488436172,277.70880126953125,35200,0.0,0.0
2014-06-23 00:00:00+09:00,276.922119140625,277.7088297063654,270.62843461470175,276.922119140625,57400,0.0,0.0
2014-06-24 00:00:00+09:00,277.7088255092076,277.7088255092076,271.415141078404,275.34869384765625,32000,0.0,0.0
2014-06-25 00:00:00+09:00,274.5620035807292,274.5620035807292,269.84173990885415,271.4151611328125,60100,0.0,0.0
2014-06-26 00:00:00+09:00,274.56194406851176,274.56194406851176,270.62839186122653,272.2018127441406,21900,0.0,0.0
2014-06-27 00:00:00+09:00,274.56196621008087,274.56196621008087,268.2682821708813,269.05499267578125,19600,0.0,0.0
2014-06-30 00:00:00+09:00,269.8416879211251,276.13537160441666,269.05497746071364,274.56195068359375,31700,0.0,0.0
2014-07-01 00:00:00+09:00,274.5619874434038,278.4955402721058,273.7752768776634,276.922119140625,41300,0.0,0.0
2014-07-02 00:00:00+09:00,276.9220558449074,276.9220558449074,275.34863507306136,276.1353454589844,41900,0.0,0.0
2014-07-03 00:00:00+09:00,274.5619593288,277.70880126953125,273.7752488436172,277.70880126953125,30900,0.0,0.0
2014-07-04 00:00:00+09:00,277.70876623083046,277.70876623083046,275.34863507306136,276.1353454589844,66000,0.0,0.0
2014-07-07 00:00:00+09:00,276.9220820648281,276.9220820648281,273.7752402231823,274.56195068359375,30100,0.0,0.0
2014-07-08 00:00:00+09:00,273.7752768776634,276.922119140625,272.98856631192297,276.922119140625,49200,0.0,0.0
2014-07-09 00:00:00+09:00,273.7752291657204,274.5619395943575,270.6283874511719,270.6283874511719,84300,0.0,0.0
2014-07-10 00:00:00+09:00,273.77529296875,273.77529296875,271.4151611328125,271.4151611328125,48500,0.0,0.0
2014-07-11 00:00:00+09:00,270.62841368558117,272.988545200281,267.4815716659814,269.05499267578125,29500,0.0,0.0
2014-07-14 00:00:00+09:00,267.4816080729167,271.4151611328125,267.4816080729167,271.4151611328125,19900,0.0,0.0
2014-07-15 00:00:00+09:00,270.62844643995993,271.4151570400761,262.7613404387983,269.84173583984375,41200,0.0,0.0
2014-07-16 00:00:00+09:00,267.48160403949527,272.20186764019223,267.48160403949527,269.84173583984375,20100,0.0,0.0
2014-07-17 00:00:00+09:00,268.2682561652605,272.2018083084461,268.2682561652605,270.6283874511719,25200,0.0,0.0
2014-07-18 00:00:00+09:00,265.9081506561815,269.05499267578125,265.12144015128155,269.05499267578125,11300,0.0,0.0
2014-07-22 00:00:00+09:00,267.4815716659814,270.62841368558117,266.6948611610814,269.05499267578125,22300,0.0,0.0
2014-07-23 00:00:00+09:00,269.84173990885415,271.4151611328125,269.05502929687503,271.4151611328125,22200,0.0,0.0
2014-07-24 00:00:00+09:00,270.62839838153656,275.3486611440052,269.8416879211251,274.56195068359375,85100,0.0,0.0
2014-07-25 00:00:00+09:00,279.2822508378463,279.2822508378463,273.7752768776634,276.922119140625,77500,0.0,0.0
2014-07-28 00:00:00+09:00,276.92211495535713,276.92211495535713,273.77527273995537,275.34869384765625,18000,0.0,0.0
2014-07-29 00:00:00+09:00,273.7752768776634,276.922119140625,273.7752768776634,276.922119140625,34000,0.0,0.0
2014-07-30 00:00:00+09:00,273.7752336270547,276.1353649514259,269.8416814197695,272.2018127441406,60000,0.0,0.0
2014-07-31 00:00:00+09:00,272.20186764019223,272.20186764019223,265.90818283926296,269.84173583984375,21100,0.0,0.0
2014-08-01 00:00:00+09:00,266.6948547363281,267.481565222276,265.90814425038025,266.6948547363281,25300,0.0,0.0
2014-08-04 00:00:00+09:00,269.84169668011964,269.84169668011964,266.6948547363281,266.6948547363281,15000,0.0,0.0
2014-08-05 00:00:00+09:00,254.10751415204396,260.4011987130853,243.8802767403518,248.6005401611328,170800,0.0,0.0
2014-08-06 00:00:00+09:00,247.8137969970703,250.96063886369978,247.02708653041296,247.8137969970703,43100,0.0,0.0
2014-08-07 00:00:00+09:00,248.6004924892639,253.3207550048828,248.6004924892639,253.3207550048828,26600,0.0,0.0
2014-08-08 00:00:00+09:00,251.74735591096697,252.53406639818877,247.02709298763637,250.17393493652344,32000,0.0,0.0
2014-08-11 00:00:00+09:00,253.32075008112022,253.32075008112022,245.45364604133388,246.2403564453125,72200,0.0,0.0
2014-08-12 00:00:00+09:00,247.02714538574216,247.8138560398369,244.667013423458,247.0271453857422,54300,0.0,0.0
2014-08-13 00:00:00+09:00,247.02714538574216,247.8138560398369,245.45372407755272,247.0271453857422,26400,0.0,0.0
2014-08-14 00:00:00+09:00,247.8137772532698,247.8137772532698,245.45364604133388,246.2403564453125,24500,0.0,0.0
2014-08-15 00:00:00+09:00,244.66694861191968,246.24036950331467,244.66694861191968,245.4536590576172,17000,0.0,0.0
2014-08-18 00:00:00+09:00,247.02707994901215,248.60050084040714,245.45365905761716,245.4536590576172,22900,0.0,0.0
2014-08-19 00:00:00+09:00,247.0270757344243,249.38720703125,246.24036530214906,249.38720703125,26600,0.0,0.0
2014-08-20 00:00:00+09:00,249.38722444930167,250.9606454237452,248.6005139620799,250.17393493652344,23900,0.0,0.0
2014-08-21 00:00:00+09:00,250.17393922805786,251.7473602294922,250.17393922805786,251.7473602294922,36800,0.0,0.0
2014-08-22 00:00:00+09:00,251.7473602294922,251.7473602294922,250.96064972877502,251.7473602294922,20200,0.0,0.0
2014-08-25 00:00:00+09:00,251.74735591096697,253.32077688541054,250.17393493652344,250.17393493652344,54100,0.0,0.0
2014-08-26 00:00:00+09:00,250.96067187152332,250.96067187152332,247.02711902087248,248.6005401611328,58500,0.0,0.0
2014-08-27 00:00:00+09:00,249.38727734802634,249.38727734802634,245.45372407755272,247.0271453857422,64900,0.0,0.0
2014-08-28 00:00:00+09:00,247.02708653041296,247.8137969970703,245.45366559709822,247.8137969970703,28600,0.0,0.0
2014-08-29 00:00:00+09:00,247.8138560398369,249.38727734802634,245.45372407755272,247.0271453857422,25600,0.0,0.0
2014-09-01 00:00:00+09:00,247.81378616669954,249.38720703125,246.24036530214906,249.38720703125,22100,0.0,0.0
2014-09-02 00:00:00+09:00,250.96064972877502,251.7473602294922,249.3872287273407,251.7473602294922,38200,0.0,0.0
2014-09-03 00:00:00+09:00,252.5340576171875,254.10747853692075,250.1739262375876,252.5340576171875,66300,0.0,0.0
2014-09-04 00:00:00+09:00,251.74735591096697,254.1074873726323,249.38722444930167,250.17393493652344,50100,0.0,0.0
2014-09-05 00:00:00+09:00,249.3872287273407,253.3207812309265,249.3872287273407,251.7473602294922,21200,0.0,0.0
2014-09-08 00:00:00+09:00,251.7473341663432,254.10746542415265,251.7473341663432,253.3207550048828,36400,0.0,0.0
2014-09-09 00:00:00+09:00,254.10747853692075,254.89418899678736,251.74734715732086,252.5340576171875,49300,0.0,0.0
2014-09-10 00:00:00+09:00,254.89420223236084,254.89420223236084,250.17393922805786,251.7473602294922,75100,0.0,0.0
2014-09-11 00:00:00+09:00,254.1075050090921,254.1075050090921,249.38724175814923,250.96066284179688,31700,0.0,0.0
2014-09-12 00:00:00+09:00,249.38724175814923,254.1075050090921,249.38724175814923,250.96066284179688,69500,0.0,0.0
2014-09-16 00:00:00+09:00,251.7473602294922,252.53407073020935,249.3872287273407,251.7473602294922,33800,0.0,0.0
2014-09-17 00:00:00+09:00,250.17393493652344,251.74735591096697,249.38722444930167,250.17393493652344,38300,0.0,0.0
2014-09-18 00:00:00+09:00,248.60051822662354,252.53407073020935,248.60051822662354,251.7473602294922,22400,0.0,0.0
2014-09-19 00:00:00+09:00,251.7473602294922,253.3207812309265,250.96064972877502,251.7473602294922,30200,0.0,0.0
2014-09-22 00:00:00+09:00,250.96063669745422,252.5340576171875,249.38721577772097,252.5340576171875,37300,0.0,0.0
2014-09-24 00:00:00+09:00,250.96062374707336,253.3207550048828,250.17391332780355,253.3207550048828,22600,0.0,0.0
2014-09-25 00:00:00+09:00,254.10746542415265,254.10746542415265,250.96062374707336,253.3207550048828,48000,0.0,0.0
2014-09-26 00:00:00+09:00,253.3207812309265,253.3207812309265,250.17393922805786,251.7473602294922,17300,0.0,0.0
2014-09-29 00:00:00+09:00,252.53403163472933,254.10745239257812,252.53403163472933,254.10745239257812,17800,0.0,0.0
2014-09-30 00:00:00+09:00,252.53407073020935,253.3207812309265,250.17393922805786,251.7473602294922,27200,0.0,0.0
2014-10-01 00:00:00+09:00,252.53405979701452,252.53405979701452,246.24037606375558,247.8137969970703,40600,0.0,0.0
2014-10-02 00:00:00+09:00,247.02712267381523,247.02712267381523,236.01317452912284,238.37330627441406,85000,0.0,0.0
2014-10-03 00:00:00+09:00,238.37328430573405,244.66696837981283,238.37328430573405,241.52012634277344,42300,0.0,0.0
2014-10-06 00:00:00+09:00,247.02706684929115,247.8137772532698,245.45364604133388,246.2403564453125,18700,0.0,0.0
2014-10-07 00:00:00+09:00,245.45370151028774,246.24041209205149,236.79988511088658,238.37330627441406,88800,0.0,0.0
2014-10-08 00:00:00+09:00,241.5201506865652,242.30686127512078,238.37330833234284,239.16001892089844,67800,0.0,0.0
2014-10-09 00:00:00+09:00,243.09351037322898,245.4536415419011,242.30679998367162,244.66693115234375,36300,0.0,0.0
2014-10-10 00:00:00+09:00,247.81380821676817,247.81380821676817,240.73341369628906,240.73341369628906,55600,0.0,0.0
2014-10-14 00:00:00+09:00,237.58658735090273,239.16000845918686,233.6530345801924,235.22645568847656,48500,0.0,0.0
2014-10-15 00:00:00+09:00,237.58655873616536,237.58655873616536,232.86629597981772,236.0131378173828,35200,0.0,0.0
2014-10-16 00:00:00+09:00,228.14606337823966,232.07961619510584,227.3593528148664,230.50619506835938,40600,0.0,0.0
2014-10-17 00:00:00+09:00,230.5061711506035,233.6530130775742,227.3593292236328,227.3593292236328,29300,0.0,0.0
2014-10-20 00:00:00+09:00,229.71948180948212,235.22645568847656,229.71948180948212,235.22645568847656,41000,0.0,0.0
2014-10-21 00:00:00+09:00,235.22644720562434,235.22644720562434,232.07960510253906,232.07960510253906,14500,0.0,0.0
2014-10-22 00:00:00+09:00,236.0131378173828,236.0131378173828,233.65300643920898,236.0131378173828,13200,0.0,0.0
2014-10-23 00:00:00+09:00,236.01313341383965,237.58655430326525,234.43971252441406,234.43971252441406,18800,0.0,0.0
2014-10-24 00:00:00+09:00,240.73342956747098,240.73342956747098,235.22645568847656,235.22645568847656,26600,0.0,0.0
2014-10-27 00:00:00+09:00,228.93275943879158,229.71946995232693,217.91881224929645,219.4922332763672,148500,0.0,0.0
2014-10-28 00:00:00+09:00,219.49223579155222,221.8523673592033,212.41184108859892,214.77197265625,99700,0.0,0.0
2014-10-29 00:00:00+09:00,217.1321084872159,218.70552956321023,213.98526633522727,216.34539794921875,39500,0.0,0.0
2014-10-30 00:00:00+09:00,214.7719871520996,220.27896118164062,210.83843427385602,220.27896118164062,150500,0.0,0.0
2014-10-31 00:00:00+09:00,218.7055013722387,228.14602661132812,214.77194918928475,228.14602661132812,154500,0.0,0.0
2014-11-04 00:00:00+09:00,239.94671901332893,242.3068506757551,233.6530345801924,235.22645568847656,276000,0.0,0.0
2014-11-05 00:00:00+09:00,238.37326919555665,238.37326919555665,231.29287506103515,236.0131378173828,94100,0.0,0.0
2014-11-06 00:00:00+09:00,235.2264185209532,236.79983938062512,232.86628723144528,232.8662872314453,60000,0.0,0.0
2014-11-07 00:00:00+09:00,232.86629597981772,236.0131378173828,232.86629597981772,236.0131378173828,51500,0.0,0.0
2014-11-10 00:00:00+09:00,236.01312895078917,236.01312895078917,231.29286637177336,232.8662872314453,70800,0.0,0.0
2014-11-11 00:00:00+09:00,235.2264143731507,236.79983520507812,233.65299354122328,236.79983520507812,98100,0.0,0.0
2014-11-12 00:00:00+09:00,234.43971252441406,237.58655430326525,234.43971252441406,234.43971252441406,50200,0.0,0.0
2014-11-13 00:00:00+09:00,234.4397451343345,236.0131662426186,233.6530345801924,235.22645568847656,26500,0.0,0.0
2014-11-14 00:00:00+09:00,236.7998482767741,236.7998482767741,234.43971689860027,236.0131378173828,43800,0.0,0.0
2014-11-17 00:00:00+09:00,232.8663246468322,234.4397457593108,229.719482421875,229.719482421875,36400,0.0,0.0
2014-11-18 00:00:00+09:00,231.29290291776624,235.22645568847656,231.29290291776624,235.22645568847656,34400,0.0,0.0
2014-11-19 00:00:00+09:00,236.01313341383965,236.01313341383965,233.65300207970125,234.43971252441406,41900,0.0,0.0
2014-11-20 00:00:00+09:00,236.01315773139564,236.01315773139564,232.07960510253906,232.07960510253906,25100,0.0,0.0
2014-11-21 00:00:00+09:00,233.65299766128126,235.2264185209532,230.5061559419374,232.8662872314453,57400,0.0,0.0
2014-11-25 00:00:00+09:00,236.01317113759566,236.01317113759566,231.29290771484375,231.29290771484375,64800,0.0,0.0
2014-11-26 00:00:00+09:00,231.2928551742711,231.2928551742711,225.78588243202654,228.93272399902344,125800,0.0,0.0
2014-11-27 00:00:00+09:00,232.07957879428207,232.07957879428207,227.35931617473733,228.14602661132812,29400,0.0,0.0
2014-11-28 00:00:00+09:00,228.14602661132812,230.50615792110048,224.2124744283742,228.14602661132812,55300,0.0,0.0
2014-12-01 00:00:00+09:00,226.57259282377578,228.93272399902344,226.57259282377578,228.93272399902344,40400,0.0,0.0
2014-12-02 00:00:00+09:00,229.71945847405328,229.71945847405328,226.57261657714844,226.57261657714844,31900,0.0,0.0
2014-12-03 00:00:00+09:00,225.78589530155577,228.93273704791892,225.78589530155577,228.14602661132812,55700,0.0,0.0
2014-12-04 00:00:00+09:00,228.93273704791892,229.71944748450971,227.35931617473733,228.14602661132812,80100,0.0,0.0
2014-12-05 00:00:00+09:00,228.14602661132812,228.14602661132812,226.57260573814656,228.14602661132812,32500,0.0,0.0
2014-12-08 00:00:00+09:00,228.14602661132812,228.14602661132812,226.57260573814656,228.14602661132812,67000,0.0,0.0
2014-12-09 00:00:00+09:00,225.78590393066406,227.3593248639788,225.78590393066406,225.78590393066406,38300,0.0,0.0
2014-12-10 00:00:00+09:00,228.9327479998271,228.9327479998271,226.57261657714844,226.57261657714844,87100,0.0,0.0
2014-12-11 00:00:00+09:00,226.57262541118422,228.1460464209841,224.21249389648438,224.21249389648438,69400,0.0,0.0
2014-12-12 00:00:00+09:00,227.35932705137466,227.35932705137466,224.21248515446982,226.57261657714844,70400,0.0,0.0
2014-12-15 00:00:00+09:00,224.2125049496708,224.99921549335386,222.63908386230472,222.6390838623047,62500,0.0,0.0
2014-12-16 00:00:00+09:00,220.27896118164062,221.85238233293805,219.4922506059919,220.27896118164062,41900,0.0,0.0
2014-12-17 00:00:00+09:00,219.49222680796748,221.8523582790209,215.55867435621178,217.13209533691406,77400,0.0,0.0
2014-12-18 00:00:00+09:00,220.27894137198467,225.78591490628426,219.49223086708471,224.21249389648438,81500,0.0,0.0
2014-12-19 00:00:00+09:00,224.99918486496497,228.14602661132812,222.63905355519262,228.14602661132812,72600,0.0,0.0
2014-12-22 00:00:00+09:00,228.14606337823966,230.50619506835938,227.3593528148664,230.50619506835938,79100,0.0,0.0
2014-12-24 00:00:00+09:00,229.719482421875,229.719482421875,224.99921908443923,229.719482421875,91700,0.0,0.0
2014-12-25 00:00:00+09:00,229.71943439077265,229.71943439077265,228.1460136072742,228.93272399902344,47600,0.0,0.0
2014-12-26 00:00:00+09:00,228.9327629994538,232.07960510253906,226.57263142213984,232.07960510253906,33600,0.0,0.0
2014-12-29 00:00:00+09:00,234.43972562539457,234.43972562539457,230.50617318201546,233.65301513671875,78800,0.0,0.0
2014-12-30 00:00:00+09:00,234.43971252441406,236.01313341383965,232.07958119027566,234.43971252441406,33500,0.0,0.0
2015-01-05 00:00:00+09:00,238.37327139718192,243.09353419712613,235.22642953055245,242.30682373046875,102800,0.0,0.0
2015-01-06 00:00:00+09:00,240.7333872848967,240.7333872848967,236.0131247891144,236.79983520507812,52300,0.0,0.0
2015-01-07 00:00:00+09:00,233.6530345801924,238.3732979050448,233.6530345801924,235.22645568847656,33700,0.0,0.0
2015-01-08 00:00:00+09:00,236.79988511088658,239.94672743794155,236.01317452912284,238.37330627441406,29000,0.0,0.0
2015-01-09 00:00:00+09:00,237.58659978147412,239.9467315673828,236.01317859086834,239.9467315673828,27500,0.0,0.0
2015-01-13 00:00:00+09:00,241.52009770086042,241.52009770086042,234.439703957187,236.79983520507812,56600,0.0,0.0
2015-01-14 00:00:00+09:00,234.4397451343345,237.58658735090273,234.4397451343345,235.22645568847656,15300,0.0,0.0
2015-01-15 00:00:00+09:00,234.4397451343345,236.79987679676069,233.6530345801924,235.22645568847656,27600,0.0,0.0
2015-01-16 00:00:00+09:00,234.439736679853,234.439736679853,230.5061840509964,232.07960510253906,20200,0.0,0.0
2015-01-19 00:00:00+09:00,232.07960510253906,234.439736679853,230.5061840509964,232.07960510253906,17700,0.0,0.0
2015-01-20 00:00:00+09:00,234.43971689860027,238.37326919555665,232.07958552042643,236.0131378173828,15600,0.0,0.0
2015-01-21 00:00:00+09:00,237.58658735090273,237.58658735090273,235.22645568847656,235.22645568847656,19300,0.0,0.0
2015-01-22 00:00:00+09:00,235.22644720562434,235.22644720562434,229.7194735252251,232.07960510253906,33700,0.0,0.0
2015-01-23 00:00:00+09:00,231.29290563173262,232.8663267584791,230.50619506835938,230.50619506835938,32800,0.0,0.0
2015-01-26 00:00:00+09:00,231.29289457676774,232.8663156283104,229.7194735252251,232.07960510253906,13700,0.0,0.0
2015-01-27 00:00:00+09:00,232.07961828530242,233.65303942621972,229.71948657392645,231.29290771484375,18900,0.0,0.0
2015-01-28 00:00:00+09:00,228.93273508226548,235.2264185209532,228.93273508226548,232.8662872314453,29200,0.0,0.0
2015-01-29 00:00:00+09:00,231.29290563173262,232.07961619510584,229.71948450498613,230.50619506835938,16200,0.0,0.0
2015-01-30 00:00:00+09:00,230.5061559419374,232.86628723144528,229.71944551210143,232.8662872314453,29700,0.0,0.0
2015-02-02 00:00:00+09:00,232.07961619510584,232.07961619510584,229.71948450498613,230.50619506835938,22100,0.0,0.0
2015-02-03 00:00:00+09:00,234.4397457593108,234.4397457593108,229.719482421875,229.719482421875,41000,0.0,0.0
2015-02-04 00:00:00+09:00,232.07957680160933,232.86628723144528,230.5061559419374,232.8662872314453,23400,0.0,0.0
2015-02-05 00:00:00+09:00,230.5061971443851,233.65303942621972,230.5061971443851,231.29290771484375,17100,0.0,0.0
2015-02-06 00:00:00+09:00,232.86630464804293,234.43972562539457,231.29288367069128,233.65301513671875,28800,0.0,0.0
2015-02-09 00:00:00+09:00,233.6530345801924,235.22645568847656,232.0796134719083,235.22645568847656,24200,0.0,0.0
2015-02-10 00:00:00+09:00,239.94668563740365,239.94668563740365,234.43971252441406,234.43971252441406,50800,0.0,0.0
2015-02-12 00:00:00+09:00,239.1599796549479,239.1599796549479,236.0131378173828,236.0131378173828,27300,0.0,0.0
2015-02-13 00:00:00+09:00,237.5865478515625,237.5865478515625,232.86628531146522,237.5865478515625,36200,0.0,0.0
2015-02-16 00:00:00+09:00,238.37325827491205,238.37325827491205,236.0131270048634,237.5865478515625,18800,0.0,0.0
2015-02-17 00:00:00+09:00,237.58655430326525,237.58655430326525,231.29287074556285,234.43971252441406,75800,0.0,0.0
2015-02-18 00:00:00+09:00,235.22645568847656,236.0131662426186,234.4397451343345,235.22645568847656,38700,0.0,0.0
2015-02-19 00:00:00+09:00,235.22645568847656,236.79987679676069,234.4397451343345,235.22645568847656,57300,0.0,0.0
2015-02-20 00:00:00+09:00,236.0131765666761,239.94672950945403,236.0131765666761,239.16001892089844,37100,0.0,0.0
2015-02-23 00:00:00+09:00,239.9467315673828,241.5201527579886,238.37331037677703,239.9467315673828,33500,0.0,0.0
2015-02-24 00:00:00+09:00,239.15999269173815,241.52012419856453,239.15999269173815,240.73341369628906,37900,0.0,0.0
2015-02-25 00:00:00+09:00,243.09354520311544,243.09354520311544,240.73341369628906,240.73341369628906,31000,0.0,0.0
2015-02-26 00:00:00+09:00,242.30682806199596,244.66695950415826,242.30682806199596,243.8802490234375,49200,0.0,0.0
2015-02-27 00:00:00+09:00,244.66699304078753,244.66699304078753,239.16001892089844,239.16001892089844,66800,0.0,0.0
2015-03-02 00:00:00+09:00,238.37325603700555,240.7333872848967,236.79983520507812,236.79983520507812,34100,0.0,0.0
2015-03-03 00:00:00+09:00,237.5865478515625,239.15996869826157,237.5865478515625,237.5865478515625,21500,0.0,0.0
2015-03-04 00:00:00+09:00,237.58654562104184,239.1599664529693,236.79983520507812,236.79983520507812,22800,0.0,0.0
2015-03-05 00:00:00+09:00,236.79983742821295,238.37325827491205,236.79983742821295,237.5865478515625,11800,0.0,0.0
2015-03-06 00:00:00+09:00,238.37331037677703,241.5201527579886,238.37331037677703,239.9467315673828,46900,0.0,0.0
2015-03-09 00:00:00+09:00,239.15999269173815,241.52012419856453,239.15999269173815,240.73341369628906,31100,0.0,0.0
2015-03-10 00:00:00+09:00,242.30683470083997,242.30683470083997,238.3732821894627,240.73341369628906,81700,0.0,0.0
2015-03-11 00:00:00+09:00,239.15999269173815,240.73341369628906,236.7998611849118,240.73341369628906,51100,0.0,0.0
2015-03-12 00:00:00+09:00,242.30683470083997,242.30683470083997,239.15999269173815,240.73341369628906,32600,0.0,0.0
2015-03-13 00:00:00+09:00,243.09354736129313,243.88025787055298,240.7334158335136,241.52012634277344,53600,0.0,0.0
2015-03-16 00:00:00+09:00,245.4536415419011,247.02706232101588,243.09351037322898,244.66693115234375,37600,0.0,0.0
2015-03-17 00:00:00+09:00,245.453669984879,247.02709094632056,243.8802490234375,243.8802490234375,28300,0.0,0.0
2015-03-18 00:00:00+09:00,244.66695513044087,244.66695513044087,242.30682373046875,242.30682373046875,46500,0.0,0.0
2015-03-19 00:00:00+09:00,243.09351037322898,247.02706232101588,241.52008959411424,244.66693115234375,33200,0.0,0.0
2015-03-20 00:00:00+09:00,245.4536415419011,245.4536415419011,242.30679998367162,244.66693115234375,28700,0.0,0.0
2015-03-23 00:00:00+09:00,244.66698731048197,248.6005401611328,243.8802767403518,248.6005401611328,64400,0.0,0.0
2015-03-24 00:00:00+09:00,248.6005312163254,250.96066284179688,248.6005312163254,250.96066284179688,55600,0.0,0.0
2015-03-25 00:00:00+09:00,251.74734933035717,251.74734933035717,247.8137969970703,247.8137969970703,78500,0.0,0.0
2015-03-26 00:00:00+09:00,247.02708653041296,248.6005074637277,243.8802446637835,247.8137969970703,67500,0.0,0.0
2015-03-27 00:00:00+09:00,249.4282404581706,251.04266272650824,245.39218478732639,247.00660705566406,23900,8.0,0.0
2015-03-30 00:00:00+09:00,246.19939592149524,249.4282404581706,246.19939592149524,247.00660705566406,32200,0.0,0.0
2015-03-31 00:00:00+09:00,247.81382416271774,247.81382416271774,246.19940185546875,246.19940185546875,21200,0.0,0.0
2015-04-01 00:00:00+09:00,245.39219070184427,247.00661300909323,243.77776839459528,246.19940185546875,25500,0.0,0.0
2015-04-02 00:00:00+09:00,250.23543019248143,250.23543019248143,245.39216380165922,247.8137969970703,41200,0.0,0.0
2015-04-03 00:00:00+09:00,246.19937486679626,248.62100806220735,246.19937486679626,247.8137969970703,16300,0.0,0.0
2015-04-06 00:00:00+09:00,248.62100219726562,249.42821324336063,247.00658010507559,248.62100219726562,16800,0.0,0.0
2015-04-07 00:00:00+09:00,247.8138156631618,251.04266016691633,247.00660453722315,249.42823791503906,31900,0.0,0.0
2015-04-08 00:00:00+09:00,250.23541621672803,251.84983825683597,249.42820519667407,251.84983825683594,20000,0.0,0.0
2015-04-09 00:00:00+09:00,251.84983825683597,251.84983825683597,249.42820519667407,251.84983825683594,46200,0.0,0.0
2015-04-10 00:00:00+09:00,251.04263785500197,256.693115234375,248.62100469241352,256.693115234375,217700,0.0,0.0
2015-04-13 00:00:00+09:00,255.07871839735245,321.2700313991971,255.07871839735245,290.59600830078125,1604800,0.0,0.0
2015-04-14 00:00:00+09:00,288.1743611422452,291.40320552479136,278.4878279946067,284.1383056640625,405100,0.0,0.0
2015-04-15 00:00:00+09:00,288.1743908263089,288.1743908263089,276.06622314453125,276.06622314453125,117200,0.0,0.0
2015-04-16 00:00:00+09:00,275.25902677360557,277.6806604402355,267.99412577371567,272.0301818847656,84600,0.0,0.0
2015-04-17 00:00:00+09:00,272.03016725060536,280.10227903845714,267.99411135667947,276.06622314453125,97400,0.0,0.0
2015-04-20 00:00:00+09:00,274.4517899712047,274.4517899712047,261.5364116196186,267.1868896484375,99400,0.0,0.0
2015-04-21 00:00:00+09:00,266.3796250072878,270.4156799316406,265.5724140224172,270.4156799316406,56600,0.0,0.0
2015-04-22 00:00:00+09:00,272.0301444938591,272.83735560511684,266.3796667150549,268.8013000488281,51600,0.0,0.0
2015-04-23 00:00:00+09:00,267.9940889375704,270.4157222713436,266.3796667150549,268.8013000488281,27800,0.0,0.0
2015-04-24 00:00:00+09:00,273.64452387112294,276.06615682573465,268.8012579618995,270.4156799316406,71300,0.0,0.0
2015-04-27 00:00:00+09:00,272.0301019013818,272.0301019013818,269.6084689467701,270.4156799316406,22000,0.0,0.0
2015-04-28 00:00:00+09:00,272.03012313385926,272.03012313385926,267.9940678944845,269.6084899902344,46800,0.0,0.0
2015-04-30 00:00:00+09:00,270.4157222713436,270.4157222713436,266.3796667150549,268.8013000488281,39200,0.0,0.0
2015-05-01 00:00:00+09:00,267.1868896484375,267.1868896484375,263.1508339135668,267.1868896484375,36600,0.0,0.0
2015-05-07 00:00:00+09:00,267.99407958984375,268.8012906729457,264.765235257436,267.99407958984375,85400,0.0,0.0
2015-05-08 00:00:00+09:00,266.379638671875,272.03011585582385,259.1147394353693,266.379638671875,71700,0.0,0.0
2015-05-11 00:00:00+09:00,272.83736767725645,272.83736767725645,260.72920047264444,267.1868896484375,72400,0.0,0.0
2015-05-12 00:00:00+09:00,270.41575488557896,296.2465135612164,270.41575488557896,284.945556640625,413800,0.0,0.0
2015-05-13 00:00:00+09:00,280.9095153808594,284.94557163633147,277.68067037648166,280.9095153808594,87200,0.0,0.0
2015-05-14 00:00:00+09:00,284.1383010643116,284.1383010643116,277.6806124037591,278.4878234863281,66800,0.0,0.0
2015-05-15 00:00:00+09:00,278.4878140826558,280.9094472485919,275.2589698614076,277.68060302734375,71300,0.0,0.0
2015-05-18 00:00:00+09:00,281.7166866775205,282.5238978141323,275.25899758462606,280.1022644042969,76800,0.0,0.0
2015-05-19 00:00:00+09:00,281.71671180617034,285.7527678492387,280.90950059755664,284.945556640625,104500,0.0,0.0
2015-05-20 00:00:00+09:00,286.5599271267821,286.5599271267821,282.5238718151373,285.7527160644531,47600,0.0,0.0
2015-05-21 00:00:00+09:00,288.98161268369336,288.98161268369336,283.33113422339767,284.945556640625,60500,0.0,0.0
2015-05-22 00:00:00+09:00,288.17440147507966,288.17440147507966,279.2950781803293,284.945556640625,55100,0.0,0.0
2015-05-25 00:00:00+09:00,285.75273978097096,285.75273978097096,280.90947300502233,282.5238952636719,73900,0.0,0.0
2015-05-26 00:00:00+09:00,283.3310546875,284.94547665153135,282.52384370548435,283.3310546875,50500,0.0,0.0
2015-05-27 00:00:00+09:00,283.33109456842595,285.7527278553356,280.9094612815163,284.1383056640625,64200,0.0,0.0
2015-05-28 00:00:00+09:00,284.1382656695157,285.752687633547,280.909421741453,283.3310546875,44800,0.0,0.0
2015-05-29 00:00:00+09:00,282.5238718151373,285.7527160644531,282.5238718151373,285.7527160644531,50200,0.0,0.0
2015-06-01 00:00:00+09:00,287.36714761223595,288.17435870103435,285.7527254346391,286.5599365234375,49200,0.0,0.0
2015-06-02 00:00:00+09:00,287.3671381891111,288.17434925144005,284.94550500212415,285.7527160644531,74300,0.0,0.0
2015-06-03 00:00:00+09:00,285.7527678492387,285.7527678492387,282.523923014784,284.945556640625,51300,0.0,0.0
2015-06-04 00:00:00+09:00,284.94547665153135,287.36710959757835,280.909421741453,283.3310546875,48700,0.0,0.0
2015-06-05 00:00:00+09:00,284.1382656695157,285.752687633547,283.3310546875,283.3310546875,44300,0.0,0.0
2015-06-08 00:00:00+09:00,286.5599946602763,289.7888396705329,285.7527834077121,288.98162841796875,159800,0.0,0.0
2015-06-09 00:00:00+09:00,290.5959705824263,290.5959705824263,286.5599154354481,287.36712646484375,107800,0.0,0.0
2015-06-10 00:00:00+09:00,287.36712646484375,290.5959705824263,286.5599154354481,287.36712646484375,160400,0.0,0.0
2015-06-11 00:00:00+09:00,289.7887971666124,294.6320639716254,288.9815860324436,290.59600830078125,97500,0.0,0.0
2015-06-12 00:00:00+09:00,290.5959940871147,294.6320495605469,288.9815718977419,294.6320495605469,168200,0.0,0.0
2015-06-15 00:00:00+09:00,297.05370712280273,310.77629685401917,297.05370712280273,309.9690856933594,336800,0.0,0.0
2015-06-16 00:00:00+09:00,307.54742431640625,309.96905757874015,301.89694670429384,307.54742431640625,151400,0.0,0.0
2015-06-17 00:00:00+09:00,307.5474077589968,308.35461880298374,302.70414149507565,303.5113525390625,105300,0.0,0.0
2015-06-18 00:00:00+09:00,303.51138559295407,304.31859672485024,296.2464854058887,301.0897521972656,135200,0.0,0.0
2015-06-19 00:00:00+09:00,303.51136668737365,304.31857776898903,297.0536780344508,299.4753112792969,61200,0.0,0.0
2015-06-22 00:00:00+09:00,301.0897521972656,301.0897521972656,299.4753299334733,301.0897521972656,39900,0.0,0.0
2015-06-23 00:00:00+09:00,302.7041508601262,304.3185729980469,301.8969397911659,304.3185729980469,41100,0.0,0.0
2015-06-24 00:00:00+09:00,304.3185613224563,306.7401944364281,303.51135028446566,305.9329833984375,66200,0.0,0.0
2015-06-25 00:00:00+09:00,305.1257983792213,305.1257983792213,299.4753206314579,300.28253173828125,65600,0.0,0.0
2015-06-26 00:00:00+09:00,300.2825199881977,303.51136428914606,300.2825199881977,301.8969421386719,50600,0.0,0.0
2015-06-29 00:00:00+09:00,297.0536853094786,297.86089641086306,292.2104187011719,292.2104187011719,123600,0.0,0.0
2015-06-30 00:00:00+09:00,290.5959825229905,297.05367102350135,288.9815603978628,296.2464599609375,88700,0.0,0.0
2015-07-01 00:00:00+09:00,296.24645094255027,305.9329833984375,296.24645094255027,305.9329833984375,86300,0.0,0.0
2015-07-02 00:00:00+09:00,310.7762824600337,318.0411825694891,309.16186021348807,314.005126953125,182300,0.0,0.0
2015-07-03 00:00:00+09:00,318.041184351259,322.0772399902344,315.6195509678738,322.0772399902344,204300,0.0,0.0
2015-07-06 00:00:00+09:00,321.27000056732413,322.07721162402595,306.7402015466914,309.1618347167969,180900,0.0,0.0
2015-07-07 00:00:00+09:00,321.2700214759976,333.37818811454025,316.4267548205806,329.3421325683594,314200,0.0,0.0
2015-07-08 00:00:00+09:00,338.22147505829855,338.22147505829855,318.04119611687264,320.46282958984375,303000,0.0,0.0
2015-07-09 00:00:00+09:00,307.5474535946919,318.04119873046875,287.36717448742866,318.04119873046875,279600,0.0,0.0
2015-07-10 00:00:00+09:00,323.6916220966895,326.92046620737966,317.23393387530916,321.2699890136719,158900,0.0,0.0
2015-07-13 00:00:00+09:00,321.27000778198243,326.92048530578614,321.27000778198243,322.8844299316406,87100,0.0,0.0
2015-07-14 00:00:00+09:00,322.8844229924358,331.7637446247278,322.8844229924358,330.1493225097656,105300,0.0,0.0
2015-07-15 00:00:00+09:00,330.9565335672467,332.5709556822089,329.34211145228454,330.1493225097656,115600,0.0,0.0
2015-07-16 00:00:00+09:00,332.57097409806164,342.25750732421875,332.57097409806164,342.25750732421875,227100,0.0,0.0
2015-07-17 00:00:00+09:00,347.10082363074935,351.136879719479,339.835922671036,343.8719787597656,224200,0.0,0.0
2015-07-21 00:00:00+09:00,350.32966850173307,350.32966850173307,338.22150023554417,343.8719787597656,98800,0.0,0.0
2015-07-22 00:00:00+09:00,343.87190809527647,343.87190809527647,323.69163179860533,332.5709533691406,151100,0.0,0.0
2015-07-23 00:00:00+09:00,336.6070251464844,344.67913606126814,324.49885877430864,336.6070251464844,124600,0.0,0.0
2015-07-24 00:00:00+09:00,336.6070325514849,336.6070325514849,327.727710349887,329.3421325683594,53900,0.0,0.0
2015-07-27 00:00:00+09:00,329.3421137767472,329.3421137767472,325.30605846085575,327.7276916503906,72900,0.0,0.0
2015-07-28 00:00:00+09:00,322.0772482661878,337.41426008838715,317.2339813749669,333.3782043457031,123800,0.0,0.0
2015-07-29 00:00:00+09:00,334.18538729039636,335.7998094512195,326.1132764862805,330.95654296875,31200,0.0,0.0
2015-07-30 00:00:00+09:00,331.7637684009693,332.57097951630016,322.88444613233025,326.9205017089844,69000,0.0,0.0
2015-07-31 00:00:00+09:00,326.9204992406508,330.9565547868317,323.6916548037061,329.3421325683594,61700,0.0,0.0
2015-08-03 00:00:00+09:00,327.72774615691077,329.3421685517724,321.27005657746423,324.4989013671875,78700,0.0,0.0
2015-08-04 00:00:00+09:00,326.1132670701152,326.92047812721944,316.4267343848643,319.65557861328125,107900,0.0,0.0
2015-08-05 00:00:00+09:00,318.04114271815575,326.92046396155604,318.04114271815575,323.6916198730469,50300,0.0,0.0
2015-08-06 00:00:00+09:00,324.4989013671875,328.5349573543416,322.07726777489506,324.4989013671875,65100,0.0,0.0
2015-08-07 00:00:00+09:00,326.1132857051209,332.57097453096486,323.6916523954294,331.7637634277344,102200,0.0,0.0
2015-08-10 00:00:00+09:00,330.1493412212734,334.9926078406564,326.9204968083514,331.7637634277344,111800,0.0,0.0
2015-08-11 00:00:00+09:00,336.6070134201596,339.8358576735904,328.5349027865826,338.221435546875,128900,0.0,0.0
2015-08-12 00:00:00+09:00,334.18538729039636,336.6070205316311,328.53490972751524,330.95654296875,53300,0.0,0.0
2015-08-13 00:00:00+09:00,331.76377949347864,335.7998352050781,328.53493492419904,335.7998352050781,45800,0.0,0.0
2015-08-14 00:00:00+09:00,335.7998164817331,338.22144977366867,332.57097209248565,334.1853942871094,68800,0.0,0.0
2015-08-17 00:00:00+09:00,336.60700862847483,338.22143073220855,328.53489810980636,332.5709533691406,44000,0.0,0.0
2015-08-18 00:00:00+09:00,334.99259837080797,334.99259837080797,329.34212080792685,330.95654296875,37100,0.0,0.0
2015-08-19 00:00:00+09:00,327.72767498368336,333.3781521385744,322.88440885091956,323.6916198730469,35400,0.0,0.0
2015-08-20 00:00:00+09:00,320.4627943772536,324.4988497220553,314.0051058255709,314.81231689453125,91700,0.0,0.0
2015-08-21 00:00:00+09:00,302.70419694990386,314.8123648279,302.70419694990386,308.35467529296875,71500,0.0,0.0
2015-08-24 00:00:00+09:00,293.0176132586824,305.125779095818,286.55992481221006,288.1743469238281,112800,0.0,0.0
2015-08-25 00:00:00+09:00,275.25899085220027,293.82484654017856,270.4157241509885,276.8734130859375,133100,0.0,0.0
2015-08-26 00:00:00+09:00,286.5599365234375,293.82483632262324,280.9094589018486,286.5599365234375,111100,0.0,0.0
2015-08-27 00:00:00+09:00,299.4753211401299,305.9330100056853,282.5238878680471,289.7887878417969,194800,0.0,0.0
2015-08-28 00:00:00+09:00,298.6681213378906,301.0897547541438,294.63206564413537,298.6681213378906,37000,0.0,0.0
2015-08-31 00:00:00+09:00,301.0897358604099,302.7041580366052,295.4392582437266,297.0536804199219,57600,0.0,0.0
2015-09-01 00:00:00+09:00,295.4392585002201,298.66810285541374,286.5599365234375,286.5599365234375,46700,0.0,0.0
2015-09-02 00:00:00+09:00,282.5238834727894,296.2464720986106,280.9094612815163,284.1383056640625,58500,0.0,0.0
2015-09-03 00:00:00+09:00,284.945556640625,291.4032463095344,284.13834543201136,284.945556640625,34100,0.0,0.0
2015-09-04 00:00:00+09:00,287.3671576052296,287.3671576052296,274.4517797353316,276.8734130859375,44700,0.0,0.0
2015-09-07 00:00:00+09:00,273.6445997200336,287.367190266466,273.6445997200336,284.945556640625,106800,0.0,0.0
2015-09-08 00:00:00+09:00,284.9454933766569,288.981548523635,284.1382823472612,287.36712646484375,88100,0.0,0.0
2015-09-09 00:00:00+09:00,290.5959984564012,301.89695395192797,290.5959984564012,300.28253173828125,155300,0.0,0.0
2015-09-10 00:00:00+09:00,298.6680978377235,302.70415321390897,292.2104092358268,301.8969421386719,82900,0.0,0.0
2015-09-11 00:00:00+09:00,304.31862040928434,330.9565898350307,301.08977563040594,316.4267883300781,269000,0.0,0.0
2015-09-14 00:00:00+09:00,321.2700407475008,325.30609653578597,319.6556184321867,320.46282958984375,134000,0.0,0.0
2015-09-15 00:00:00+09:00,322.077211784594,324.4988449559067,318.04115649907277,319.65557861328125,77200,0.0,0.0
2015-09-16 00:00:00+09:00,319.6555928183944,320.4628039113701,312.3906929816127,315.6195373535156,33100,0.0,0.0
2015-09-17 00:00:00+09:00,316.42672005879507,319.6555641410277,312.39066495600434,313.1978759765625,28300,0.0,0.0
2015-09-18 00:00:00+09:00,312.3906908410741,314.00511301596333,306.74021322896164,307.54742431640625,42800,0.0,0.0
2015-09-24 00:00:00+09:00,302.70415321390897,306.7402085900944,301.0897310634348,301.8969421386719,57200,0.0,0.0
2015-09-25 00:00:00+09:00,305.1257771704481,311.5834655761719,300.2825108661553,311.5834655761719,57000,0.0,0.0
2015-09-28 00:00:00+09:00,305.93299513596753,309.9690504807692,301.8969397911659,304.3185729980469,38300,0.0,0.0
2015-09-29 00:00:00+09:00,301.0897504317859,301.0897504317859,293.01763916015625,293.01763916015625,48500,0.0,0.0
2015-09-30 00:00:00+09:00,293.017627371174,302.7041605074112,293.017627371174,294.6320495605469,49300,0.0,0.0
2015-10-01 00:00:00+09:00,296.24646461201223,309.9690528910428,288.9815649348784,301.8969421386719,78200,0.0,0.0
2015-10-02 00:00:00+09:00,307.5474077589968,307.5474077589968,298.6680862751413,303.5113525390625,24800,0.0,0.0
2015-10-05 00:00:00+09:00,301.8969397911659,308.35462834284857,300.2825176532452,304.3185729980469,40700,0.0,0.0
2015-10-06 00:00:00+09:00,308.35461880298374,308.35461880298374,303.5113525390625,303.5113525390625,23000,0.0,0.0
2015-10-07 00:00:00+09:00,305.12578643962024,305.93299751485733,300.2825199881977,301.8969421386719,30700,0.0,0.0
2015-10-08 00:00:00+09:00,302.70416017562627,306.7402156446346,302.70416017562627,305.12579345703125,29800,0.0,0.0
2015-10-09 00:00:00+09:00,308.35462834284857,314.81231689453125,305.93299513596753,314.81231689453125,54100,0.0,0.0
2015-10-13 00:00:00+09:00,309.9690830910853,314.00513886050044,309.16187193720225,312.3907165527344,45700,0.0,0.0
2015-10-14 00:00:00+09:00,309.1618513997396,309.9690625,302.70416259765625,302.70416259765625,26500,0.0,0.0
2015-10-15 00:00:00+09:00,301.8969282084845,309.1618275503999,301.0897171704939,305.9329833984375,14100,0.0,0.0
2015-10-16 00:00:00+09:00,306.7402156446346,309.1618489260396,301.08973798802293,305.12579345703125,28100,0.0,0.0
2015-10-19 00:00:00+09:00,305.12577462703626,306.74019671501,302.70414149507565,303.5113525390625,19900,0.0,0.0
2015-10-20 00:00:00+09:00,306.74021809895834,306.74021809895834,301.0897403971354,302.70416259765625,16100,0.0,0.0
2015-10-21 00:00:00+09:00,302.70415779173845,307.54742431640625,300.28252452940455,307.54742431640625,70400,0.0,0.0
2015-10-22 00:00:00+09:00,305.9329904899896,309.1618347167969,305.9329904899896,309.1618347167969,24100,0.0,0.0
2015-10-23 00:00:00+09:00,307.5474641011023,310.776308868568,307.5474641011023,308.35467529296875,58600,0.0,0.0
2015-10-26 00:00:00+09:00,314.81235001438347,316.42677232214953,311.58350539885134,312.3907165527344,23300,0.0,0.0
2015-10-27 00:00:00+09:00,317.2339813749669,333.3782043457031,317.2339813749669,333.3782043457031,250700,0.0,0.0
2015-10-28 00:00:00+09:00,331.7637423172738,337.4142196803417,326.1132649542059,332.5709533691406,112900,0.0,0.0
2015-10-29 00:00:00+09:00,332.5709535845588,349.5223856847427,330.9565314797794,343.064697265625,156500,0.0,0.0
2015-10-30 00:00:00+09:00,345.4863446916853,345.4863446916853,336.6070227486747,339.0286560058594,80900,0.0,0.0
2015-11-02 00:00:00+09:00,334.1854159853874,354.36569472846634,333.37820483566423,351.9440612792969,143500,0.0,0.0
2015-11-04 00:00:00+09:00,358.40169280296146,363.2449589219204,343.87189444608464,347.1007385253906,109500,0.0,0.0
2015-11-05 00:00:00+09:00,350.3295965102112,350.3295965102112,322.88442074673844,332.5709533691406,137000,0.0,0.0
2015-11-06 00:00:00+09:00,330.9565683511587,338.22146863203784,330.9565683511587,335.7998352050781,30200,0.0,0.0
2015-11-09 00:00:00+09:00,339.0286797743577,339.8358909166776,330.9565683511587,335.7998352050781,51500,0.0,0.0
2015-11-10 00:00:00+09:00,339.02869580194107,341.4503293433835,334.99263989953704,339.8359069824219,88700,0.0,0.0
2015-11-11 00:00:00+09:00,341.45029379779896,346.29356037649114,339.02866050845284,344.67913818359375,36400,0.0,0.0
2015-11-12 00:00:00+09:00,339.83587160490157,345.4863492800424,339.83587160490157,344.67913818359375,35800,0.0,0.0
2015-11-13 00:00:00+09:00,336.60700884650737,344.6791193704044,336.60700884650737,343.064697265625,52600,0.0,0.0
2015-11-16 00:00:00+09:00,339.028623323914,344.67910037931256,339.028623323914,341.45025634765625,21400,0.0,0.0
2015-11-17 00:00:00+09:00,343.0647675420197,346.2936124130034,342.25755632427376,343.8719787597656,36400,0.0,0.0
2015-11-18 00:00:00+09:00,344.679140630758,344.679140630758,339.0286629154997,342.25750732421875,22700,0.0,0.0
2015-11-19 00:00:00+09:00,345.4864011952575,346.2936124130034,343.0647675420197,343.8719787597656,25600,0.0,0.0
2015-11-20 00:00:00+09:00,341.4502892630441,341.4502892630441,334.9926005772182,339.0286560058594,34000,0.0,0.0
2015-11-24 00:00:00+09:00,338.22145671935743,339.0286678332461,331.763767808248,337.41424560546875,57100,0.0,0.0
2015-11-25 00:00:00+09:00,340.6430806038763,340.6430806038763,332.57096968909246,336.6070251464844,29900,0.0,0.0
2015-11-26 00:00:00+09:00,336.60704893985036,337.41426008838715,330.1493597515559,333.3782043457031,30500,0.0,0.0
2015-11-27 00:00:00+09:00,334.9926266427767,334.9926266427767,330.1493597515559,333.3782043457031,19900,0.0,0.0
2015-11-30 00:00:00+09:00,333.37817862695795,333.37817862695795,328.534912109375,328.534912109375,29500,0.0,0.0
2015-12-01 00:00:00+09:00,329.34211145228454,330.1493225097656,327.7276893373224,330.1493225097656,21900,0.0,0.0
2015-12-02 00:00:00+09:00,330.14934367759554,331.76376589606787,328.53492145912315,329.3421325683594,32600,0.0,0.0
2015-12-03 00:00:00+09:00,329.34211145228454,330.9565335672467,328.53490039480346,330.1493225097656,24700,0.0,0.0
2015-12-04 00:00:00+09:00,326.9204992406508,330.9565547868317,325.3060770221785,329.3421325683594,51200,0.0,0.0
2015-12-07 00:00:00+09:00,329.34213505497684,330.9565572856385,326.1132905936535,326.9205017089844,28000,0.0,0.0
2015-12-08 00:00:00+09:00,326.92046396155604,326.92046396155604,322.07719782879224,323.6916198730469,44300,0.0,0.0
2015-12-09 00:00:00+09:00,322.88444613233025,326.9205017089844,319.65560167100693,326.9205017089844,54400,0.0,0.0
2015-12-10 00:00:00+09:00,329.34211853027347,329.34211853027347,322.8844299316406,322.8844299316406,54800,0.0,0.0
2015-12-11 00:00:00+09:00,329.3421325683594,329.3421325683594,324.49886591294234,329.3421325683594,62900,0.0,0.0
2015-12-14 00:00:00+09:00,325.30604191730146,329.34209702793794,320.46277578453765,323.6916198730469,49400,0.0,0.0
2015-12-15 00:00:00+09:00,322.0772141318285,322.0772141318285,313.19789243897105,317.23394775390625,61200,0.0,0.0
2015-12-16 00:00:00+09:00,318.84835593065424,322.0772000413444,317.23393387530916,321.2699890136719,35100,0.0,0.0
2015-12-17 00:00:00+09:00,321.27005657746423,324.4989013671875,320.46284538003346,324.4989013671875,41700,0.0,0.0
2015-12-18 00:00:00+09:00,323.69164100646975,326.113274230957,322.07721885681156,322.8844299316406,34600,0.0,0.0
2015-12-21 00:00:00+09:00,320.46278967038546,322.077211784594,318.848367556177,319.65557861328125,27900,0.0,0.0
2015-12-22 00:00:00+09:00,319.6555669583268,322.88441106901695,318.04114490298167,321.2699890136719,26300,0.0,0.0
2015-12-24 00:00:00+09:00,322.0772141318285,322.0772141318285,311.583470312997,317.23394775390625,69300,0.0,0.0
2015-12-25 00:00:00+09:00,317.23394775390625,317.23394775390625,317.23394775390625,317.23394775390625,0,0.0,0.0
2015-12-28 00:00:00+09:00,317.2339732234639,322.0772399902344,314.8123398400787,322.0772399902344,15200,0.0,0.0
2015-12-29 00:00:00+09:00,322.07719782879224,325.30604191730146,322.07719782879224,323.6916198730469,20700,0.0,0.0
2015-12-30 00:00:00+09:00,323.6916523954294,331.7637634277344,323.6916523954294,331.7637634277344,36400,0.0,0.0
2016-01-04 00:00:00+09:00,330.9565190721925,330.9565190721925,322.07719782879224,323.6916198730469,33100,0.0,0.0
2016-01-05 00:00:00+09:00,328.534929012595,328.534929012595,321.2700288624393,322.0772399902344,28200,0.0,0.0
2016-01-06 00:00:00+09:00,326.92050675700483,326.92050675700483,318.8483954790541,322.0772399902344,35300,0.0,0.0
2016-01-07 00:00:00+09:00,321.27001500434585,326.1132815622003,315.6195373535156,315.6195373535156,25500,0.0,0.0
2016-01-08 00:00:00+09:00,314.8123262605399,319.6555928183944,312.3906929816127,315.6195373535156,42600,0.0,0.0
2016-01-12 00:00:00+09:00,314.8123291015625,314.8123291015625,299.4753181966146,302.70416259765625,97300,0.0,0.0
2016-01-13 00:00:00+09:00,302.7041508601262,311.58347261868994,302.7041508601262,304.3185729980469,30400,0.0,0.0
2016-01-14 00:00:00+09:00,302.7041392464751,306.7401944364281,296.24645094255027,305.9329833984375,52400,0.0,0.0
2016-01-15 00:00:00+09:00,310.77627612698467,310.77627612698467,297.86089841781126,300.28253173828125,41500,0.0,0.0
2016-01-18 00:00:00+09:00,288.98158352434143,294.63206141448217,284.1383167613636,293.01763916015625,61500,0.0,0.0
2016-01-19 00:00:00+09:00,292.21040931765066,293.01762039311376,288.98156501579814,291.4031982421875,12400,0.0,0.0
2016-01-20 00:00:00+09:00,288.98157472801756,296.2464746513476,281.7166748046875,281.7166748046875,34000,0.0,0.0
2016-01-21 00:00:00+09:00,268.80131602992674,280.10227225941316,268.80131602992674,272.8373718261719,103600,0.0,0.0
2016-01-22 00:00:00+09:00,276.8734596295064,293.8248959333537,276.0662483769422,288.98162841796875,30600,0.0,0.0
2016-01-25 00:00:00+09:00,304.3185729980469,304.3185729980469,289.7887737567608,293.8248291015625,31300,0.0,0.0
2016-01-26 00:00:00+09:00,288.98157472801756,288.98157472801756,281.7166748046875,281.7166748046875,18300,0.0,0.0
2016-01-27 00:00:00+09:00,284.13836090258377,289.7888396705329,284.13836090258377,288.98162841796875,10700,0.0,0.0
2016-01-28 00:00:00+09:00,288.1743469238281,293.0176132586824,286.55992481221006,288.1743469238281,13600,0.0,0.0
2016-01-29 00:00:00+09:00,288.1743765341269,302.70417703164594,286.5599542566248,298.6681213378906,28600,0.0,0.0
2016-02-01 00:00:00+09:00,314.00508976461896,323.6916220966895,308.3546125709112,321.2699890136719,147500,0.0,0.0
2016-02-02 00:00:00+09:00,315.61950903823697,320.46277516158585,312.39066495600434,313.1978759765625,40600,0.0,0.0
2016-02-03 00:00:00+09:00,302.70416259765625,307.54742919921875,300.282529296875,302.70416259765625,32700,0.0,0.0
2016-02-04 00:00:00+09:00,298.6680931486291,303.5113595240123,296.2464599609375,296.2464599609375,19400,0.0,0.0
2016-02-05 00:00:00+09:00,300.28251276096375,300.28251276096375,282.5238695331648,288.1743469238281,32800,0.0,0.0
2016-02-08 00:00:00+09:00,288.17434933529887,297.86088208606526,282.52387189735185,296.2464599609375,20900,0.0,0.0
2016-02-09 00:00:00+09:00,299.47532817745997,299.47532817745997,288.17437239717844,293.01763916015625,70200,0.0,0.0
2016-02-10 00:00:00+09:00,299.47530899681874,299.47530899681874,278.48782103477754,291.4031982421875,97400,0.0,0.0
2016-02-12 00:00:00+09:00,272.0301302396334,280.1022409292368,262.3435974121094,262.3435974121094,81500,0.0,0.0
2016-02-15 00:00:00+09:00,276.06619023862095,280.10224565146626,268.8012904954993,278.4878234863281,56400,0.0,0.0
2016-02-16 00:00:00+09:00,277.6806284877232,288.1743731689453,274.4517839704241,282.5238952636719,74900,0.0,0.0
2016-02-17 00:00:00+09:00,282.5238629117038,297.86087261262486,281.71665187481324,295.4392395019531,75500,0.0,0.0
2016-02-18 00:00:00+09:00,299.47533408717106,308.3546566611842,298.66812294407896,306.740234375,34000,0.0,0.0
2016-02-19 00:00:00+09:00,299.4753299334733,303.51138559295407,297.860907669681,301.0897521972656,25200,0.0,0.0
2016-02-22 00:00:00+09:00,301.8969397911659,301.8969397911659,293.0176180326022,293.8248291015625,50100,0.0,0.0
2016-02-23 00:00:00+09:00,294.63202283561577,294.63202283561577,277.68059138479947,279.2950134277344,106300,0.0,0.0
2016-02-24 00:00:00+09:00,275.25902677360557,286.5599838845454,270.41575944034565,272.0301818847656,85900,0.0,0.0
2016-02-25 00:00:00+09:00,283.3310546875,283.3310546875,278.487788795406,283.3310546875,41300,0.0,0.0
2016-02-26 00:00:00+09:00,285.7527278553356,287.36715004660863,281.71667237715286,284.1383056640625,32900,0.0,0.0
2016-02-29 00:00:00+09:00,284.94551921505644,288.98157472801756,281.7166748046875,281.7166748046875,40900,0.0,0.0
2016-03-01 00:00:00+09:00,281.7166841343471,284.9455286516462,279.2950507463728,282.5238952636719,32300,0.0,0.0
2016-03-02 00:00:00+09:00,288.981548523635,290.5959705824263,283.3310713178656,287.36712646484375,33900,0.0,0.0
2016-03-03 00:00:00+09:00,287.3671291330473,295.4392395019531,285.75270705926613,295.4392395019531,30100,0.0,0.0
2016-03-04 00:00:00+09:00,293.82483846586047,294.6320495605469,288.9815718977419,294.6320495605469,23200,0.0,0.0
2016-03-07 00:00:00+09:00,297.86088208606526,297.86088208606526,293.82482677324595,296.2464599609375,39500,0.0,0.0
2016-03-08 00:00:00+09:00,298.66808364951544,298.66808364951544,291.4031843175002,295.4392395019531,27100,0.0,0.0
2016-03-09 00:00:00+09:00,297.0536615757343,297.0536615757343,289.788762243719,295.4392395019531,34800,0.0,0.0
2016-03-10 00:00:00+09:00,293.82483146857686,294.63204254404,289.7887760912613,291.4031982421875,77800,0.0,0.0
2016-03-11 00:00:00+09:00,286.55994099148074,294.63205200532525,284.9455187887118,292.2104187011719,69400,0.0,0.0
2016-03-14 00:00:00+09:00,296.24646461201223,305.93299751485733,293.01762031106387,301.8969421386719,54500,0.0,0.0
2016-03-15 00:00:00+09:00,302.7041744610579,305.9330189886425,300.28254106536946,301.0897521972656,37500,0.0,0.0
2016-03-16 00:00:00+09:00,301.0897167601872,301.0897167601872,295.4392395019531,295.4392395019531,33600,0.0,0.0
2016-03-17 00:00:00+09:00,298.66809792135564,298.66809792135564,290.5959871667244,291.4031982421875,47300,0.0,0.0
2016-03-18 00:00:00+09:00,294.63206141448217,294.63206141448217,284.9455278885266,293.01763916015625,53400,0.0,0.0
2016-03-22 00:00:00+09:00,299.4753324766417,299.4753324766417,295.4392767828864,298.6681213378906,38900,0.0,0.0
2016-03-23 00:00:00+09:00,301.8969633291618,301.8969633291618,298.6681188015771,301.0897521972656,43400,0.0,0.0
2016-03-24 00:00:00+09:00,304.31856358304935,306.74019671501,300.282508363115,303.5113525390625,118600,0.0,0.0
2016-03-25 00:00:00+09:00,308.3546566611842,308.3546566611842,301.8969675164474,306.740234375,51500,0.0,0.0
2016-03-28 00:00:00+09:00,308.35462366009506,309.1618347167969,302.7041462631823,309.1618347167969,74600,0.0,0.0
2016-03-29 00:00:00+09:00,310.82846929671916,313.32843017578125,306.66186783161567,313.32843017578125,27300,12.0,0.0
2016-03-30 00:00:00+09:00,310.8285209841845,310.8285209841845,306.6619188262195,307.4952392578125,13600,0.0,0.0
2016-03-31 00:00:00+09:00,307.4952226118608,307.4952226118608,302.49530029296875,302.49530029296875,40800,0.0,0.0
2016-04-01 00:00:00+09:00,303.32860256119426,303.32860256119426,293.3287585207153,294.1620788574219,44100,0.0,0.0
2016-04-04 00:00:00+09:00,294.1620715297548,296.6620324775997,291.6621105819099,294.9953918457031,26700,0.0,0.0
2016-04-05 00:00:00+09:00,292.4954347135035,294.1620753671417,282.4955907916743,284.1622314453125,46300,0.0,0.0
2016-04-06 00:00:00+09:00,279.9956443584071,285.82888694920723,279.9956443584071,282.49560546875,23700,0.0,0.0
2016-04-07 00:00:00+09:00,282.49562032003433,284.1622611478811,276.6623774225705,280.8289794921875,57100,0.0,0.0
2016-04-08 00:00:00+09:00,275.8290434634373,288.3288490584571,274.16240271743465,285.8288879394531,51300,0.0,0.0
2016-04-11 00:00:00+09:00,289.9954812442555,289.9954812442555,276.66235566980697,283.32891845703125,58500,0.0,0.0
2016-04-12 00:00:00+09:00,281.66229248046875,284.1622536563309,276.6623701287445,281.66229248046875,53000,0.0,0.0
2016-04-13 00:00:00+09:00,284.99554443359375,284.99554443359375,280.82894290678684,284.99554443359375,16900,0.0,0.0
2016-04-14 00:00:00+09:00,289.99547490658966,289.99547490658966,282.49559193486755,287.4955139160156,28000,0.0,0.0
2016-04-15 00:00:00+09:00,284.9955517721316,287.4955127525889,284.1622314453125,284.1622314453125,12100,0.0,0.0
2016-04-18 00:00:00+09:00,279.16233784443625,282.49561949033995,276.66237661000844,277.4956970214844,26600,0.0,0.0
2016-04-19 00:00:00+09:00,284.9955591538373,284.9955591538373,280.82895741182216,283.32891845703125,21500,0.0,0.0
2016-04-20 00:00:00+09:00,284.16223880543424,289.9954812442555,283.32891845703125,283.32891845703125,37700,0.0,0.0
2016-04-21 00:00:00+09:00,288.3288416308026,289.1621619823367,284.9955602246661,286.6622009277344,44000,0.0,0.0
2016-04-22 00:00:00+09:00,285.8289117045786,289.9955139160156,284.1622708200038,289.9955139160156,50900,0.0,0.0
2016-04-25 00:00:00+09:00,293.3287806919643,293.3287806919643,286.6622174944196,291.6621398925781,45800,0.0,0.0
2016-04-26 00:00:00+09:00,287.4955127525889,288.328833079408,283.3289111184934,284.1622314453125,34500,0.0,0.0
2016-04-27 00:00:00+09:00,283.32894824800036,287.495550428118,279.99566650390625,279.99566650390625,47900,0.0,0.0
2016-04-28 00:00:00+09:00,282.49560344039133,282.49560344039133,274.9957201632128,275.82904052734375,97300,0.0,0.0
2016-05-02 00:00:00+09:00,269.9958116736779,271.6624524864784,267.4958504544772,270.8291320800781,71000,0.0,0.0
2016-05-06 00:00:00+09:00,273.3290794349509,277.49568125560563,271.662438706689,275.82904052734375,47900,0.0,0.0
2016-05-09 00:00:00+09:00,276.6623774225705,281.6622999061109,276.6623774225705,280.8289794921875,43000,0.0,0.0
2016-05-10 00:00:00+09:00,295.828726941889,295.828726941889,284.16224193573,293.3287658691406,204000,0.0,0.0
2016-05-11 00:00:00+09:00,295.82871838763657,295.82871838763657,289.1621557197462,290.82879638671875,36300,0.0,0.0
2016-05-12 00:00:00+09:00,289.1621786934989,291.6621398925781,286.6622174944196,291.6621398925781,24000,0.0,0.0
2016-05-13 00:00:00+09:00,289.16216842966446,289.9954887997788,279.16232398829277,282.49560546875,84100,0.0,0.0
2016-05-16 00:00:00+09:00,279.99566650390625,282.4956278119768,277.4957051958356,279.99566650390625,34100,0.0,0.0
2016-05-17 00:00:00+09:00,282.4955981086282,284.16223880543424,276.66235566980697,283.32891845703125,37600,0.0,0.0
2016-05-18 00:00:00+09:00,279.1622997900683,283.3289012794723,276.66233889642587,278.3289794921875,39800,0.0,0.0
2016-05-19 00:00:00+09:00,283.32894824800036,283.32894824800036,274.99574388776506,279.99566650390625,64600,0.0,0.0
2016-05-20 00:00:00+09:00,279.9956443584071,284.1622462089786,277.49568324806415,282.49560546875,33000,0.0,0.0
2016-05-23 00:00:00+09:00,284.1622215773531,284.1622215773531,277.4956591943067,278.3289794921875,51500,0.0,0.0
2016-05-24 00:00:00+09:00,278.32899419945403,279.1623145413686,273.3290721479668,276.662353515625,84000,0.0,0.0
2016-05-25 00:00:00+09:00,279.1623145413686,281.6622755671122,274.9957128317959,276.662353515625,55200,0.0,0.0
2016-05-26 00:00:00+09:00,280.82894038582987,280.82894038582987,274.9956983006643,278.3289794921875,36100,0.0,0.0
2016-05-27 00:00:00+09:00,277.49568125560563,278.3290016197366,275.82904052734375,275.82904052734375,36300,0.0,0.0
2016-05-30 00:00:00+09:00,276.6623774225705,281.6622999061109,276.6623774225705,280.8289794921875,33500,0.0,0.0
2016-05-31 00:00:00+09:00,281.6622850986357,282.49560546875,279.9956443584071,282.49560546875,17800,0.0,0.0
2016-06-01 00:00:00+09:00,282.49559193486755,289.16215457639834,282.49559193486755,287.4955139160156,51500,0.0,0.0
2016-06-02 00:00:00+09:00,289.1621534062271,289.1621534062271,283.3289111184934,284.1622314453125,56600,0.0,0.0
2016-06-03 00:00:00+09:00,284.16222412823237,286.6621850443165,282.4955835175096,284.99554443359375,29300,0.0,0.0
2016-06-06 00:00:00+09:00,278.32902563185917,281.6623073759533,278.32902563185917,279.99566650390625,50800,0.0,0.0
2016-06-07 00:00:00+09:00,282.49561287242284,283.3289332643769,279.9956516965607,281.66229248046875,15700,0.0,0.0
2016-06-08 00:00:00+09:00,281.66227776022515,286.6621998506434,281.66227776022515,283.32891845703125,30500,0.0,0.0
2016-06-09 00:00:00+09:00,283.32892682044917,285.8288879394531,280.8289657014452,285.8288879394531,25900,0.0,0.0
2016-06-10 00:00:00+09:00,289.99546626576205,289.99546626576205,280.82894290678684,284.99554443359375,76100,0.0,0.0
2016-06-13 00:00:00+09:00,280.82895522519766,282.4955959090267,275.82903317371046,276.662353515625,50000,0.0,0.0
2016-06-14 00:00:00+09:00,275.82903950075854,276.66235986178805,270.82911733458167,272.4957580566406,41000,0.0,0.0
2016-06-15 00:00:00+09:00,269.1624450683594,271.662405858468,269.1624450683594,269.1624450683594,45800,0.0,0.0
2016-06-16 00:00:00+09:00,269.16246472872217,269.9957850529597,259.1626208378718,259.9959411621094,107500,0.0,0.0
2016-06-17 00:00:00+09:00,262.49589475199053,267.4958165567904,260.8292541503906,260.8292541503906,64200,0.0,0.0
2016-06-20 00:00:00+09:00,264.16253065026325,270.82909293796706,263.3292103643003,268.3291320800781,34200,0.0,0.0
2016-06-21 00:00:00+09:00,266.6625300480769,271.6624524864784,265.8292096416767,270.8291320800781,22600,0.0,0.0
2016-06-22 00:00:00+09:00,268.3291467666626,269.16246709823605,264.9958654403686,266.6625061035156,27400,0.0,0.0
2016-06-23 00:00:00+09:00,263.32922589337386,270.82910890932436,262.49590555826825,269.99578857421875,59900,0.0,0.0
2016-06-24 00:00:00+09:00,272.4957525893221,273.32907293363195,249.99610329295604,255.829345703125,159000,0.0,0.0
2016-06-27 00:00:00+09:00,257.4959874781765,264.162550260783,257.4959874781765,259.1626281738281,41400,0.0,0.0
2016-06-28 00:00:00+09:00,258.32932259272604,267.49584694279054,254.162720615424,257.4960021972656,26300,0.0,0.0
2016-06-29 00:00:00+09:00,261.66257445119055,263.3292150527905,256.66265264639077,260.8292541503906,34300,0.0,0.0
2016-06-30 00:00:00+09:00,264.99586310753455,264.99586310753455,259.1626208378718,259.9959411621094,38100,0.0,0.0
2016-07-01 00:00:00+09:00,263.3292320514547,266.66251346982756,261.6625913422683,265.8291931152344,24500,0.0,0.0
2016-07-04 00:00:00+09:00,269.1624766125227,273.32907841767013,267.49583589046375,272.4957580566406,54800,0.0,0.0
2016-07-05 00:00:00+09:00,269.9958116736779,271.6624524864784,266.6625300480769,270.8291320800781,33700,0.0,0.0
2016-07-06 00:00:00+09:00,267.4958338244208,268.329154179014,264.99587276064113,265.8291931152344,31300,0.0,0.0
2016-07-07 00:00:00+09:00,272.49574094398,273.3290612526772,265.8291784744025,267.4958190917969,106300,0.0,0.0
2016-07-08 00:00:00+09:00,268.32919194895754,268.32919194895754,259.9959872300458,261.6626281738281,52300,0.0,0.0
2016-07-11 00:00:00+09:00,261.6626281738281,261.6626281738281,261.6626281738281,261.6626281738281,0,0.0,0.0
2016-07-12 00:00:00+09:00,271.6624158454664,280.82893907951586,271.6624158454664,274.9956970214844,60600,0.0,0.0
2016-07-13 00:00:00+09:00,279.9956187855114,279.9956187855114,274.1623767274799,274.9956970214844,31600,0.0,0.0
2016-07-14 00:00:00+09:00,270.8291329149055,276.66237577768806,270.8291329149055,274.16241455078125,42800,0.0,0.0
2016-07-15 00:00:00+09:00,277.495696186657,279.1623370045949,274.16241455078125,274.16241455078125,14900,0.0,0.0
2016-07-19 00:00:00+09:00,274.16239979908187,275.82904052734375,270.82911834255805,275.82904052734375,59400,0.0,0.0
2016-07-20 00:00:00+09:00,274.99573411207933,274.99573411207933,269.9958116736779,270.8291320800781,64400,0.0,0.0
2016-07-21 00:00:00+09:00,274.9957201632128,275.82904052734375,270.82911834255805,275.82904052734375,96300,0.0,0.0
2016-07-22 00:00:00+09:00,274.16239979908187,275.82904052734375,273.3290794349509,275.82904052734375,22400,0.0,0.0
2016-07-25 00:00:00+09:00,278.3290174329603,279.16233784443625,276.66237661000844,277.4956970214844,34300,0.0,0.0
2016-07-26 00:00:00+09:00,277.495703720465,279.1623445836509,272.495781130907,273.3291015625,26300,0.0,0.0
2016-07-27 00:00:00+09:00,274.99572660294046,274.99572660294046,269.9958043010688,271.6624450683594,54600,0.0,0.0
2016-07-28 00:00:00+09:00,272.49576545200466,272.49576545200466,269.9958043010688,271.6624450683594,21700,0.0,0.0
2016-07-29 00:00:00+09:00,271.66245332387444,274.9957349597502,267.49585127902975,274.16241455078125,45000,0.0,0.0
2016-08-01 00:00:00+09:00,272.4957261218375,272.4957261218375,268.3291248049899,269.1624450683594,32300,0.0,0.0
2016-08-02 00:00:00+09:00,270.8291227712571,270.8291227712571,264.9958801269531,264.9958801269531,37100,0.0,0.0
2016-08-03 00:00:00+09:00,262.49589601149694,267.4958178402874,260.8292554019001,264.16253662109375,42400,0.0,0.0
2016-08-04 00:00:00+09:00,264.16253662109375,264.99585692589216,261.66257570669853,264.16253662109375,26500,0.0,0.0
2016-08-05 00:00:00+09:00,269.1624820157417,269.1624820157417,263.3292393714377,264.9958801269531,21500,0.0,0.0
2016-08-08 00:00:00+09:00,267.49585208377323,277.4956970214844,267.49585208377323,277.4956970214844,42500,0.0,0.0
2016-08-09 00:00:00+09:00,279.16232398829277,282.49560546875,276.6623628779499,282.49560546875,101800,0.0,0.0
2016-08-10 00:00:00+09:00,285.8289095560709,285.8289095560709,278.32902563185917,279.99566650390625,82100,0.0,0.0
2016-08-12 00:00:00+09:00,286.66220731932157,286.66220731932157,280.8289647285214,282.49560546875,44800,0.0,0.0
2016-08-15 00:00:00+09:00,283.32892583886434,284.99556657909295,280.8289647285214,282.49560546875,30300,0.0,0.0
2016-08-16 00:00:00+09:00,284.9955569347703,284.9955569347703,275.82903317371046,276.662353515625,33600,0.0,0.0
2016-08-17 00:00:00+09:00,274.995742425686,275.829062857279,269.1624994045351,273.3291015625,43600,0.0,0.0
2016-08-18 00:00:00+09:00,271.6624524864784,274.1624137056791,270.8291320800781,270.8291320800781,22600,0.0,0.0
2016-08-19 00:00:00+09:00,273.32909329927884,273.32909329927884,270.8291320800781,270.8291320800781,26100,0.0,0.0
2016-08-22 00:00:00+09:00,270.8290955514619,277.4956579034979,270.8290955514619,274.9956970214844,17400,0.0,0.0
2016-08-23 00:00:00+09:00,275.82903950075854,276.66235986178805,271.6624376956111,272.4957580566406,20400,0.0,0.0
2016-08-24 00:00:00+09:00,274.1623767274799,274.9956970214844,271.6624158454664,274.9956970214844,37600,0.0,0.0
2016-08-25 00:00:00+09:00,275.82905536871914,276.66237577768806,273.32909414181233,274.16241455078125,40000,0.0,0.0
2016-08-26 00:00:00+09:00,274.1624062192952,274.99572660294046,271.6624450683594,271.6624450683594,25100,0.0,0.0
2016-08-29 00:00:00+09:00,274.9956970214844,275.8290173154889,273.3290564334754,274.9956970214844,13200,0.0,0.0
2016-08-30 00:00:00+09:00,273.3290564334754,276.66233760949336,273.3290564334754,274.9956970214844,25900,0.0,0.0
2016-08-31 00:00:00+09:00,277.4956591943067,279.1622997900683,275.8290185985451,278.3289794921875,34700,0.0,0.0
2016-09-01 00:00:00+09:00,278.3290036181785,283.32892583886434,278.3290036181785,282.49560546875,48000,0.0,0.0
2016-09-02 00:00:00+09:00,282.49561287242284,282.49561287242284,279.9956516965607,281.66229248046875,62000,0.0,0.0
2016-09-05 00:00:00+09:00,281.6622632121482,285.82886473895513,281.6622632121482,284.99554443359375,42300,0.0,0.0
2016-09-06 00:00:00+09:00,284.99554443359375,284.99554443359375,282.4955835175096,284.99554443359375,30700,0.0,0.0
2016-09-07 00:00:00+09:00,284.16222412823237,284.99554443359375,282.4955835175096,284.99554443359375,26800,0.0,0.0
2016-09-08 00:00:00+09:00,284.99556947365784,294.9954140165932,283.32892871650193,292.4954528808594,135400,0.0,0.0
2016-09-09 00:00:00+09:00,292.4954455115578,294.16208622672343,290.82880479639226,293.3287658691406,72700,0.0,0.0
2016-09-12 00:00:00+09:00,291.66213250228145,294.9954140165932,289.99549174512555,292.4954528808594,83800,0.0,0.0
2016-09-13 00:00:00+09:00,293.3287806919643,293.3287806919643,290.82881949288503,291.6621398925781,12400,0.0,0.0
2016-09-14 00:00:00+09:00,291.6621623190404,291.6621623190404,287.495560000197,289.1622009277344,39200,0.0,0.0
2016-09-15 00:00:00+09:00,289.1621619823367,289.9954823338708,284.9955602246661,286.6622009277344,40400,0.0,0.0
2016-09-16 00:00:00+09:00,287.4955525891534,291.66215480059043,285.8289117045786,289.9955139160156,32000,0.0,0.0
2016-09-20 00:00:00+09:00,288.3288730314408,292.49547524287783,288.3288730314408,289.9955139160156,24800,0.0,0.0
2016-09-21 00:00:00+09:00,290.82879638671875,290.82879638671875,286.66219471928724,290.82879638671875,49500,0.0,0.0
2016-09-23 00:00:00+09:00,289.9955139160156,291.66215480059043,289.1621934737282,289.9955139160156,50300,0.0,0.0
2016-09-26 00:00:00+09:00,289.1621786934989,293.3287806919643,289.1621786934989,291.6621398925781,23300,0.0,0.0
2016-09-27 00:00:00+09:00,290.82879638671875,290.82879638671875,286.66219471928724,290.82879638671875,40900,0.0,0.0
2016-09-28 00:00:00+09:00,289.9955213915031,290.8288418552718,288.3288804639657,289.1622009277344,41000,0.0,0.0
2016-09-29 00:00:00+09:00,289.1621557197462,291.66211672020506,286.66219471928724,290.82879638671875,54500,0.0,0.0
2016-09-30 00:00:00+09:00,287.4955065953249,289.16214721326884,284.9955456684091,288.3288269042969,21400,0.0,0.0
2016-10-03 00:00:00+09:00,289.1621557197462,291.66211672020506,289.1621557197462,290.82879638671875,18100,0.0,0.0
2016-10-04 00:00:00+09:00,291.6621398925781,291.6621398925781,289.1621786934989,291.6621398925781,30100,0.0,0.0
2016-10-05 00:00:00+09:00,290.82881949288503,291.6621398925781,289.99549909319194,291.6621398925781,18700,0.0,0.0
2016-10-06 00:00:00+09:00,292.4954528808594,293.3287732594373,292.4954528808594,292.4954528808594,41100,0.0,0.0
2016-10-07 00:00:00+09:00,292.4954538264745,295.8287353515625,292.4954538264745,295.8287353515625,26700,0.0,0.0
2016-10-11 00:00:00+09:00,298.3286510649182,299.1619713192894,295.82869030180433,297.4953308105469,72600,0.0,0.0
2016-10-12 00:00:00+09:00,295.82871953083503,296.66203986754164,294.1620788574219,294.1620788574219,24000,0.0,0.0
2016-10-13 00:00:00+09:00,292.4954455115578,295.828726941889,292.4954455115578,293.3287658691406,32500,0.0,0.0
2016-10-14 00:00:00+09:00,295.828726941889,295.828726941889,291.66212515397507,293.3287658691406,44700,0.0,0.0
2016-10-17 00:00:00+09:00,295.82869030180433,297.4953308105469,294.1620497930618,297.4953308105469,56600,0.0,0.0
2016-10-18 00:00:00+09:00,297.4953308105469,298.3286510649182,296.6620105561756,297.4953308105469,18900,0.0,0.0
2016-10-19 00:00:00+09:00,295.82869030180433,298.3286510649182,295.82869030180433,297.4953308105469,34700,0.0,0.0
2016-10-20 00:00:00+09:00,298.3286983605587,302.49530029296875,297.4953779740767,302.49530029296875,83300,0.0,0.0
2016-10-21 00:00:00+09:00,301.66197990648675,302.49530029296875,300.82865952000475,302.49530029296875,25400,0.0,0.0
2016-10-24 00:00:00+09:00,301.66194219903633,303.3285827636719,300.82862191671853,303.3285827636719,30600,0.0,0.0
2016-10-25 00:00:00+09:00,305.82855958365354,305.82855958365354,304.1619189319715,304.9952392578125,33800,0.0,0.0
2016-10-26 00:00:00+09:00,304.1619419856682,306.6619031526737,304.1619419856682,305.8285827636719,23300,0.0,0.0
2016-10-27 00:00:00+09:00,307.4952171079574,310.82849859422254,307.4952171079574,309.99517822265625,84500,0.0,0.0
2016-10-28 00:00:00+09:00,311.6618189657888,311.6618189657888,307.4952171079574,309.99517822265625,47100,0.0,0.0
2016-10-31 00:00:00+09:00,309.9951550260066,310.8284753352163,306.6618737891678,309.1618347167969,35500,0.0,0.0
2016-11-01 00:00:00+09:00,309.16183593750003,312.4951171875,309.16183593750003,312.4951171875,31900,0.0,0.0
2016-11-02 00:00:00+09:00,313.32843626284534,313.32843626284534,308.3285144075872,309.1618347167969,40800,0.0,0.0
2016-11-04 00:00:00+09:00,307.4952235416755,307.4952235416755,304.1619419856682,305.8285827636719,55100,0.0,0.0
2016-11-07 00:00:00+09:00,305.82857636482487,310.82849859422254,305.82857636482487,309.99517822265625,36600,0.0,0.0
2016-11-08 00:00:00+09:00,305.8285408448637,307.49518139442705,294.16205699792073,296.6620178222656,164400,0.0,0.0
2016-11-09 00:00:00+09:00,296.6620622907366,299.99534388950894,283.3289358956473,291.6621398925781,121300,0.0,0.0
2016-11-10 00:00:00+09:00,303.3285827636719,303.3285827636719,295.82870022281185,303.3285827636719,95500,0.0,0.0
2016-11-11 00:00:00+09:00,302.49529190063475,304.99525299072263,297.49536972045894,299.9953308105469,46700,0.0,0.0
2016-11-14 00:00:00+09:00,301.66197990648675,304.16194106593275,301.66197990648675,302.49530029296875,58500,0.0,0.0
2016-11-15 00:00:00+09:00,300.82866689776847,303.32862811852556,299.99534649084944,301.6619873046875,17700,0.0,0.0
2016-11-16 00:00:00+09:00,303.3285827636719,304.1619030459897,301.66194219903633,303.3285827636719,44400,0.0,0.0
2016-11-17 00:00:00+09:00,303.32859860613047,304.9952392578125,302.4952782802895,304.9952392578125,19700,0.0,0.0
2016-11-18 00:00:00+09:00,307.4952235416755,307.4952235416755,304.99526237467006,305.8285827636719,30300,0.0,0.0
2016-11-21 00:00:00+09:00,309.9951635350518,311.66180419921875,308.32852287088485,311.66180419921875,42000,0.0,0.0
2016-11-22 00:00:00+09:00,312.49512566460504,314.9950866699219,312.49512566460504,314.9950866699219,36500,0.0,0.0
2016-11-24 00:00:00+09:00,314.995095080278,317.49505615234375,314.995095080278,317.49505615234375,48600,0.0,0.0
2016-11-25 00:00:00+09:00,319.16165008142315,319.16165008142315,314.1617286702259,315.828369140625,54400,0.0,0.0
2016-11-28 00:00:00+09:00,318.32837650969896,318.32837650969896,314.1617747229228,317.49505615234375,15500,0.0,0.0
2016-11-29 00:00:00+09:00,317.4950859413855,317.4950859413855,314.16180419921875,314.16180419921875,36800,0.0,0.0
2016-11-30 00:00:00+09:00,314.16181231046977,316.6617736816406,312.4951713963559,316.6617736816406,19900,0.0,0.0
2016-12-01 00:00:00+09:00,319.99504049410996,320.8283609120633,315.8284384043429,318.3283996582031,79500,0.0,0.0
2016-12-02 00:00:00+09:00,319.1617350528115,319.1617350528115,315.82845322458365,316.6617736816406,31800,0.0,0.0
2016-12-05 00:00:00+09:00,318.3284145957545,318.3284145957545,312.4951713963559,316.6617736816406,58900,0.0,0.0
2016-12-06 00:00:00+09:00,317.49505615234375,319.1616968670542,316.6617357949885,317.49505615234375,27400,0.0,0.0
2016-12-07 00:00:00+09:00,318.32836414542044,326.66156739530055,318.32836414542044,325.8282470703125,87300,0.0,0.0
2016-12-08 00:00:00+09:00,329.1615452994628,330.82818603515625,324.9949434602291,330.82818603515625,116200,0.0,0.0
2016-12-09 00:00:00+09:00,329.99488130727207,332.4948425292969,327.4949200852473,332.4948425292969,87600,0.0,0.0
2016-12-12 00:00:00+09:00,341.66136033464187,341.66136033464187,330.8281952508606,336.66143798828125,108000,0.0,0.0
2016-12-13 00:00:00+09:00,338.32804930443854,340.82801025989005,336.6614086674709,339.99468994140625,71600,0.0,0.0
2016-12-14 00:00:00+09:00,339.99468135127313,339.99468135127313,334.161439269266,337.4947204589844,21500,0.0,0.0
2016-12-15 00:00:00+09:00,338.3280862282879,339.9947270471464,334.1614841811415,335.828125,47700,0.0,0.0
2016-12-16 00:00:00+09:00,335.8280859375,336.66140625,331.66148437500004,333.328125,55300,0.0,0.0
2016-12-19 00:00:00+09:00,333.3281629366385,333.3281629366385,330.82820171461367,332.4948425292969,47300,0.0,0.0
2016-12-20 00:00:00+09:00,333.3281176940461,335.82807857675147,331.6614771055759,334.16143798828125,42700,0.0,0.0
2016-12-21 00:00:00+09:00,334.16143798828125,335.82807857675147,332.49479739981103,334.16143798828125,49300,0.0,0.0
2016-12-22 00:00:00+09:00,334.16143798828125,334.9947582825164,328.32819592863547,334.16143798828125,59300,0.0,0.0
2016-12-26 00:00:00+09:00,334.9947582825164,334.9947582825164,329.16151622287055,334.16143798828125,36500,0.0,0.0
2016-12-27 00:00:00+09:00,334.994765625,336.66140625,332.4948046875,333.328125,48100,0.0,0.0
2016-12-28 00:00:00+09:00,332.49479739981103,334.16143798828125,331.6614771055759,334.16143798828125,34000,0.0,0.0
2016-12-29 00:00:00+09:00,332.4948425292969,334.9948037513217,330.82820171461367,332.4948425292969,57000,0.0,0.0
2016-12-30 00:00:00+09:00,332.49479739981103,334.9947582825164,331.6614771055759,334.16143798828125,32400,0.0,0.0
2017-01-04 00:00:00+09:00,337.49476664775125,340.828048293655,335.82812582479943,339.1614074707031,64600,0.0,0.0
2017-01-05 00:00:00+09:00,339.16136718750005,354.1611328125,338.32804687500004,354.1611328125,150000,0.0,0.0
2017-01-06 00:00:00+09:00,347.4946011629971,357.49444580078125,347.4946011629971,357.49444580078125,119400,0.0,0.0
2017-01-10 00:00:00+09:00,358.3277440954138,363.32766610604745,357.49442376030817,359.994384765625,146700,0.0,0.0
2017-01-11 00:00:00+09:00,359.99439212949534,359.99439212949534,357.4944310730405,359.16107177734375,34900,0.0,0.0
2017-01-12 00:00:00+09:00,358.32777362003503,359.16109402380255,352.49453079366236,356.6611328125,47600,0.0,0.0
2017-01-13 00:00:00+09:00,356.6611328125,356.6611328125,353.3278511974299,356.6611328125,25100,0.0,0.0
2017-01-16 00:00:00+09:00,356.66113194879495,356.66113194879495,352.49452994004736,353.3278503417969,28900,0.0,0.0
2017-01-17 00:00:00+09:00,350.8278789381715,353.3278400707476,333.3281510101392,344.16131591796875,74400,0.0,0.0
2017-01-18 00:00:00+09:00,339.9946911265549,343.3279724121094,335.82808951961186,343.3279724121094,27800,0.0,0.0
2017-01-19 00:00:00+09:00,349.9945436041039,349.9945436041039,341.6613401849586,345.82794189453125,25400,0.0,0.0
2017-01-20 00:00:00+09:00,345.8279502905157,349.9945521012448,343.32798920407816,348.3279113769531,30000,0.0,0.0
2017-01-23 00:00:00+09:00,347.4946124223027,347.4946124223027,341.6613695279235,342.49468994140625,42900,0.0,0.0
2017-01-24 00:00:00+09:00,341.66133176933215,343.3279724121094,339.1613708051663,343.3279724121094,30300,0.0,0.0
2017-01-25 00:00:00+09:00,348.3279328357854,348.3279328357854,341.6613695279235,342.49468994140625,45400,0.0,0.0
2017-01-26 00:00:00+09:00,344.9946299283698,348.3279113769531,344.9946299283698,348.3279113769531,25500,0.0,0.0
2017-01-27 00:00:00+09:00,348.3279113769531,349.1612317390989,345.8279502905157,348.3279113769531,20200,0.0,0.0
2017-01-30 00:00:00+09:00,349.9945521012448,349.9945521012448,347.49459101480727,348.3279113769531,16200,0.0,0.0
2017-01-31 00:00:00+09:00,348.3279040206873,350.8278650543286,344.9946226424989,349.1612243652344,34900,0.0,0.0
2017-02-01 00:00:00+09:00,349.1612243652344,350.8278650543286,345.827942987046,349.1612243652344,31400,0.0,0.0
2017-02-02 00:00:00+09:00,351.66120028781665,351.66120028781665,347.4945983886719,347.4945983886719,20900,0.0,0.0
2017-02-03 00:00:00+09:00,347.49459101480727,348.3279113769531,345.8279502905157,348.3279113769531,18500,0.0,0.0
2017-02-06 00:00:00+09:00,349.1611865815662,351.66114734468005,343.32794480096726,349.9945068359375,44700,0.0,0.0
2017-02-07 00:00:00+09:00,339.1614163900919,344.9946594238281,336.66145508991923,344.9946594238281,96100,0.0,0.0
2017-02-08 00:00:00+09:00,344.9946594238281,345.827979857219,341.6613776902646,344.9946594238281,29400,0.0,0.0
2017-02-09 00:00:00+09:00,344.1613168693561,347.4945983886719,339.1613945903824,347.4945983886719,36600,0.0,0.0
2017-02-10 00:00:00+09:00,352.49452162355254,352.49452162355254,348.32791971310866,350.827880859375,59500,0.0,0.0
2017-02-13 00:00:00+09:00,351.6611560433751,354.9944371433123,349.9945154934065,352.4944763183594,32200,0.0,0.0
2017-02-14 00:00:00+09:00,353.3278420056413,353.3278420056413,350.827880859375,350.827880859375,9800,0.0,0.0
2017-02-15 00:00:00+09:00,350.8278270903088,354.9944283621652,349.9945068359375,349.9945068359375,19800,0.0,0.0
2017-02-16 00:00:00+09:00,350.8278724633906,352.49451318768223,348.3279113769531,348.3279113769531,12300,0.0,0.0
2017-02-17 00:00:00+09:00,348.3279187685008,349.1612391483298,345.827957629014,347.4945983886719,23000,0.0,0.0
2017-02-20 00:00:00+09:00,346.66127065266147,348.3279113769531,345.8279502905157,348.3279113769531,17200,0.0,0.0
2017-02-21 00:00:00+09:00,348.3279113769531,349.1612317390989,346.66127065266147,348.3279113769531,28900,0.0,0.0
2017-02-22 00:00:00+09:00,349.16122326218937,349.16122326218937,345.82794189453125,345.82794189453125,12900,0.0,0.0
2017-02-23 00:00:00+09:00,345.8279502905157,348.3279113769531,345.8279502905157,348.3279113769531,19100,0.0,0.0
2017-02-24 00:00:00+09:00,348.3279040206873,349.9945447097815,346.6612633315931,349.1612243652344,38800,0.0,0.0
2017-02-27 00:00:00+09:00,346.66127800884294,349.99455952815873,346.66127800884294,347.4945983886719,21500,0.0,0.0
2017-02-28 00:00:00+09:00,349.994566990779,349.994566990779,345.8279650027935,346.6612854003906,43900,0.0,0.0
2017-03-01 00:00:00+09:00,348.32786632719495,349.9945068359375,346.6612258184524,349.9945068359375,43300,0.0,0.0
2017-03-02 00:00:00+09:00,354.1611486073121,355.8277893066406,349.99454685899076,355.8277893066406,61300,0.0,0.0
2017-03-03 00:00:00+09:00,355.8277893066406,355.8277893066406,353.3278282576478,355.8277893066406,18500,0.0,0.0
2017-03-06 00:00:00+09:00,357.49440797317857,360.8276891664017,355.827767376567,358.3277282714844,42600,0.0,0.0
2017-03-07 00:00:00+09:00,358.3277440954138,359.994384765625,357.49442376030817,359.994384765625,22800,0.0,0.0
2017-03-08 00:00:00+09:00,359.1610644305194,361.6610254358362,358.3277440954138,359.994384765625,46100,0.0,0.0
2017-03-09 00:00:00+09:00,361.6609975641424,366.6609191894531,359.9943570223721,366.6609191894531,54200,0.0,0.0
2017-03-10 00:00:00+09:00,373.3275135487049,373.3275135487049,368.3275914922491,369.9942321777344,94100,0.0,0.0
2017-03-13 00:00:00+09:00,373.3275135487049,373.3275135487049,369.16091183499174,369.9942321777344,30100,0.0,0.0
2017-03-14 00:00:00+09:00,371.6608569114996,371.6608569114996,365.8276147626644,368.32757568359375,36100,0.0,0.0
2017-03-15 00:00:00+09:00,370.82758142313827,370.82758142313827,362.4943773462138,363.32769775390625,33700,0.0,0.0
2017-03-16 00:00:00+09:00,361.6610422352133,364.99432373046875,359.9944014875856,364.99432373046875,25700,0.0,0.0
2017-03-17 00:00:00+09:00,364.1609716459353,365.82761224843387,359.1610498384396,361.6610107421875,48000,0.0,0.0
2017-03-21 00:00:00+09:00,361.6610107421875,366.66093254968314,361.6610107421875,361.6610107421875,30600,0.0,0.0
2017-03-22 00:00:00+09:00,359.16109402380255,361.66105523510515,355.8278124087325,356.6611328125,53700,0.0,0.0
2017-03-23 00:00:00+09:00,356.6610876748728,359.1610485697901,356.6610876748728,358.3277282714844,40200,0.0,0.0
2017-03-24 00:00:00+09:00,358.32776710563115,365.8276506031909,356.66112632839565,360.8277282714844,87700,0.0,0.0
2017-03-27 00:00:00+09:00,363.32767460264006,364.1609949572333,359.9943931842672,362.4943542480469,87500,0.0,0.0
2017-03-28 00:00:00+09:00,362.4943563147,369.1609191894531,360.8277155960117,369.1609191894531,97700,0.0,0.0
2017-03-29 00:00:00+09:00,372.60296815384265,372.60296815384265,365.71884864984554,370.02142333984375,84100,14.0,0.0
2017-03-30 00:00:00+09:00,365.7188829386009,367.43991297595903,363.1373378825637,364.8583679199219,39400,0.0,0.0
2017-03-31 00:00:00+09:00,363.9978412711707,364.8583562623555,353.6716613769531,353.6716613769531,82600,0.0,0.0
2017-04-03 00:00:00+09:00,354.53215659536966,355.3926715385623,351.09009682259904,352.8111267089844,47200,0.0,0.0
2017-04-04 00:00:00+09:00,351.95061745964676,351.95061745964676,342.48495293139223,345.0664978027344,75200,0.0,0.0
2017-04-05 00:00:00+09:00,341.62447466169084,344.20601981026783,334.74035426548545,337.3218994140625,73200,0.0,0.0
2017-04-06 00:00:00+09:00,339.0429008111243,339.90341578780226,332.15878099770043,334.7403259277344,64000,0.0,0.0
2017-04-07 00:00:00+09:00,333.87978946461396,339.0428789924173,333.01927454331343,336.4613342285156,53600,0.0,0.0
2017-04-10 00:00:00+09:00,344.20598475777325,344.20598475777325,340.7639249101955,342.4849548339844,61300,0.0,0.0
2017-04-11 00:00:00+09:00,340.7639088350184,341.62442375631895,336.4613342285156,336.4613342285156,35500,0.0,0.0
2017-04-12 00:00:00+09:00,333.8797822468021,334.74029714950007,328.7166928306145,332.15875244140625,37200,0.0,0.0
2017-04-13 00:00:00+09:00,325.27466505563604,331.2982699640737,325.27466505563604,329.5772399902344,32400,0.0,0.0
2017-04-14 00:00:00+09:00,327.85621001639504,330.43775497715404,326.99569502947537,329.5772399902344,21500,0.0,0.0
2017-04-17 00:00:00+09:00,329.5772254356971,335.600830078125,329.5772254356971,335.600830078125,26100,0.0,0.0
2017-04-18 00:00:00+09:00,339.0428949864066,343.3454697958788,339.0428949864066,342.4849548339844,29000,0.0,0.0
2017-04-19 00:00:00+09:00,339.90343151670515,344.20600659919506,339.90343151670515,340.7639465332031,27300,0.0,0.0
2017-04-20 00:00:00+09:00,339.90342945682073,344.2060045132362,339.90342945682073,343.3454895019531,27300,0.0,0.0
2017-04-21 00:00:00+09:00,345.92706298828125,347.64809315240205,341.62448757797927,345.92706298828125,26300,0.0,0.0
2017-04-24 00:00:00+09:00,351.090129280559,351.090129280559,345.92703914408014,350.2296142578125,29800,0.0,0.0
2017-04-25 00:00:00+09:00,351.0901184082031,351.9506334043017,348.5085734199075,351.0901184082031,35800,0.0,0.0
2017-04-26 00:00:00+09:00,352.8111394872806,353.6716544616399,349.36907958984375,349.36907958984375,91600,0.0,0.0
2017-04-27 00:00:00+09:00,351.95061176579173,352.8111267089844,349.36906693621376,352.8111267089844,22600,0.0,0.0
2017-04-28 00:00:00+09:00,351.9506464287786,352.81116145672183,347.6480712890625,347.6480712890625,31000,0.0,0.0
2017-05-01 00:00:00+09:00,345.0665028019464,352.81113752817464,345.0665028019464,351.95062255859375,23000,0.0,0.0
2017-05-02 00:00:00+09:00,353.6716593866763,356.2532043457031,352.811144400334,356.2532043457031,41500,0.0,0.0
2017-05-08 00:00:00+09:00,358.8347133338874,367.4398623347,358.8347133338874,363.997802734375,73200,0.0,0.0
2017-05-09 00:00:00+09:00,363.13732835358263,363.9978433496812,349.36908841600604,351.0901184082031,172800,0.0,0.0
2017-05-10 00:00:00+09:00,355.3927001953125,355.3927001953125,351.09012513241527,355.3927001953125,101600,0.0,0.0
2017-05-11 00:00:00+09:00,354.53217437301856,356.2532043457031,352.811144400334,356.2532043457031,54800,0.0,0.0
2017-05-12 00:00:00+09:00,356.25319164221366,359.69525146484375,355.3926766865561,359.69525146484375,46300,0.0,0.0
2017-05-15 00:00:00+09:00,357.9742323328837,360.555777277592,357.1137173513143,358.8347473144531,43500,0.0,0.0
2017-05-16 00:00:00+09:00,358.8347887626061,358.8347887626061,356.25324351970966,357.9742736816406,52200,0.0,0.0
2017-05-17 00:00:00+09:00,357.9742363328771,357.9742363328771,352.8111463857683,353.6716613769531,41900,0.0,0.0
2017-05-18 00:00:00+09:00,348.5085754394531,350.2296054416232,345.9270304361979,348.5085754394531,95500,0.0,0.0
2017-05-19 00:00:00+09:00,350.2296034121046,352.8111484004002,347.648058423809,351.0901184082031,26300,0.0,0.0
2017-05-22 00:00:00+09:00,356.2532023697448,359.6952622960226,354.532172406606,358.8347473144531,36700,0.0,0.0
2017-05-23 00:00:00+09:00,360.5557949038979,363.13733997480887,359.6952798802609,362.2768249511719,50700,0.0,0.0
2017-05-24 00:00:00+09:00,363.99782941057964,369.1609191894531,363.99782941057964,369.1609191894531,66500,0.0,0.0
2017-05-25 00:00:00+09:00,372.60298797536615,373.46350295914294,369.16092804025885,370.8819580078125,98400,0.0,0.0
2017-05-26 00:00:00+09:00,370.0214668954482,370.88198193473994,366.57940673828125,366.57940673828125,32400,0.0,0.0
2017-05-29 00:00:00+09:00,367.43990205652574,369.160932042739,365.7188720703125,365.7188720703125,27100,0.0,0.0
2017-05-30 00:00:00+09:00,365.7188916989895,367.439921777573,363.1373465811143,366.57940673828125,51500,0.0,0.0
2017-05-31 00:00:00+09:00,367.4399040909175,370.8819640824015,363.1373291015625,363.1373291015625,44200,0.0,0.0
2017-06-01 00:00:00+09:00,363.997861620406,366.57940673828125,363.997861620406,366.57940673828125,28800,0.0,0.0
2017-06-02 00:00:00+09:00,369.1609606163524,370.02147567606414,367.4399304969288,368.3004455566406,49600,0.0,0.0
2017-06-05 00:00:00+09:00,369.1609191894531,370.0214341525987,367.439889263162,369.1609191894531,34200,0.0,0.0
2017-06-06 00:00:00+09:00,370.0214470358456,370.0214470358456,365.7188720703125,365.7188720703125,26700,0.0,0.0
2017-06-07 00:00:00+09:00,365.7188720703125,367.43990205652574,361.4162971047794,365.7188720703125,50300,0.0,0.0
2017-06-08 00:00:00+09:00,366.5793870634191,368.30041704963236,364.8583570772059,365.7188720703125,32600,0.0,0.0
2017-06-09 00:00:00+09:00,367.43987852584485,370.8819382778434,366.5793635878452,370.02142333984375,71200,0.0,0.0
2017-06-12 00:00:00+09:00,370.02142333984375,370.8819382778434,366.5793635878452,370.02142333984375,71800,0.0,0.0
2017-06-13 00:00:00+09:00,370.02142333984375,372.60296815384265,367.43987852584485,370.02142333984375,40300,0.0,0.0
2017-06-14 00:00:00+09:00,370.02147567606414,370.88199073577596,368.3004455566406,368.3004455566406,35200,0.0,0.0
2017-06-15 00:00:00+09:00,370.02142333984375,372.60296815384265,366.5793635878452,370.02142333984375,23400,0.0,0.0
2017-06-16 00:00:00+09:00,371.7425057954877,371.7425057954877,367.4399304969288,368.3004455566406,32500,0.0,0.0
2017-06-19 00:00:00+09:00,370.02144302403565,371.7424729915893,370.02144302403565,370.8819580078125,25300,0.0,0.0
2017-06-20 00:00:00+09:00,371.7424818219544,375.1845418388244,370.02145181351943,372.6029968261719,86600,0.0,0.0
2017-06-21 00:00:00+09:00,373.4634830918423,374.32399802984196,370.02142333984375,370.02142333984375,36800,0.0,0.0
2017-06-22 00:00:00+09:00,372.6029771169027,372.6029771169027,370.0214322408041,371.7424621582031,59000,0.0,0.0
2017-06-23 00:00:00+09:00,372.6030208551995,372.6030208551995,368.3004455566406,368.3004455566406,60200,0.0,0.0
2017-06-26 00:00:00+09:00,368.3004455566406,370.88199073577596,366.57941543721705,368.3004455566406,30200,0.0,0.0
2017-06-27 00:00:00+09:00,368.3004368168647,369.1609518561565,365.7188916989895,366.57940673828125,45500,0.0,0.0
2017-06-28 00:00:00+09:00,366.57940673828125,370.0214668954482,365.7188916989895,366.57940673828125,31500,0.0,0.0
2017-06-29 00:00:00+09:00,368.30040422630753,370.0214341525987,365.7188593368708,369.1609191894531,33400,0.0,0.0
2017-06-30 00:00:00+09:00,369.1609518561565,369.1609518561565,365.7188916989895,366.57940673828125,29300,0.0,0.0
2017-07-03 00:00:00+09:00,365.7188325345375,367.4398623347,363.997802734375,363.997802734375,37400,0.0,0.0
2017-07-04 00:00:00+09:00,365.71888504571984,365.71888504571984,362.2768249511719,362.2768249511719,55500,0.0,0.0
2017-07-05 00:00:00+09:00,362.27682080592706,368.3004259024627,361.41630579213626,367.4399108886719,55100,0.0,0.0
2017-07-06 00:00:00+09:00,367.43987852584485,370.02142333984375,364.85833371184594,370.02142333984375,53400,0.0,0.0
2017-07-07 00:00:00+09:00,364.8583570772059,366.5793870634191,363.99784208409926,365.7188720703125,60600,0.0,0.0
2017-07-10 00:00:00+09:00,365.7188720703125,367.43990205652574,363.13732709099264,365.7188720703125,102200,0.0,0.0
2017-07-11 00:00:00+09:00,364.85837665969774,367.439921777573,363.997861620406,366.57940673828125,50400,0.0,0.0
2017-07-12 00:00:00+09:00,370.02147567606414,370.02147567606414,367.4399304969288,368.3004455566406,101900,0.0,0.0
2017-07-13 00:00:00+09:00,369.1609409162535,371.7424859576259,365.71888086109027,367.4399108886719,61400,0.0,0.0
2017-07-14 00:00:00+09:00,367.43987852584485,370.8819382778434,367.43987852584485,370.02142333984375,25400,0.0,0.0
2017-07-17 00:00:00+09:00,370.02142333984375,370.02142333984375,370.02142333984375,370.02142333984375,0,0.0,0.0
2017-07-18 00:00:00+09:00,370.02147567606414,370.88199073577596,367.4399304969288,368.3004455566406,51300,0.0,0.0
2017-07-19 00:00:00+09:00,370.02144302403565,372.60298797536615,369.16092804025885,370.8819580078125,38400,0.0,0.0
2017-07-20 00:00:00+09:00,374.3239995595571,383.78966391623555,372.60296967652465,382.0686340332031,168300,0.0,0.0
2017-07-21 00:00:00+09:00,382.9291598145633,382.9291598145633,380.34761491693706,381.2081298828125,37700,0.0,0.0
2017-07-24 00:00:00+09:00,380.3476324913486,384.65020751953125,378.6266024800755,384.65020751953125,65000,0.0,0.0
2017-07-25 00:00:00+09:00,382.9291775082582,384.65020751953125,382.06866250262163,384.65020751953125,36700,0.0,0.0
2017-07-26 00:00:00+09:00,382.9291707034564,384.6502006841461,377.76608076138734,380.3476257324219,44200,0.0,0.0
2017-07-27 00:00:00+09:00,380.3476257324219,382.9291707034564,378.6265957517322,380.3476257324219,36300,0.0,0.0
2017-07-28 00:00:00+09:00,382.0686557131116,382.0686557131116,376.9055657710425,380.3476257324219,23400,0.0,0.0
2017-07-31 00:00:00+09:00,378.6265798985273,379.4870948528422,373.46349017263833,374.3240051269531,25400,0.0,0.0
2017-08-01 00:00:00+09:00,374.3240552429759,378.62663059059633,372.60302510392773,375.1845703125,40100,0.0,0.0
2017-08-02 00:00:00+09:00,375.1845289706093,376.0450439453125,370.8819540970931,376.0450439453125,31700,0.0,0.0
2017-08-03 00:00:00+09:00,377.7660700193108,381.2081298828125,373.46349518993367,381.2081298828125,48200,0.0,0.0
2017-08-04 00:00:00+09:00,351.95062255859375,359.69525728482193,351.95062255859375,351.95062255859375,213000,0.0,0.0
2017-08-07 00:00:00+09:00,351.95061873470445,359.6952533767884,351.95061873470445,357.11370849609375,92400,0.0,0.0
2017-08-08 00:00:00+09:00,357.1137104219603,357.97422538683253,352.8111355975994,354.53216552734375,35500,0.0,0.0
2017-08-09 00:00:00+09:00,353.67164865516753,357.11370849609375,350.2295888142413,357.11370849609375,61000,0.0,0.0
2017-08-10 00:00:00+09:00,360.5557813064315,360.5557813064315,351.0901164033987,353.6716613769531,84800,0.0,0.0
2017-08-11 00:00:00+09:00,353.6716613769531,353.6716613769531,353.6716613769531,353.6716613769531,0,0.0,0.0
2017-08-14 00:00:00+09:00,349.3690904405382,351.0901204427083,345.9270304361979,348.5085754394531,37200,0.0,0.0
2017-08-15 00:00:00+09:00,346.7875346667661,352.8111394872806,346.7875346667661,349.36907958984375,50200,0.0,0.0
2017-08-16 00:00:00+09:00,349.369099235066,351.090129280559,347.6480691895731,350.2296142578125,35300,0.0,0.0
2017-08-17 00:00:00+09:00,352.8111267089844,352.8111267089844,349.36906693621376,352.8111267089844,28400,0.0,0.0
2017-08-18 00:00:00+09:00,349.36907958984375,350.22959456420296,347.64804964112534,349.36907958984375,34300,0.0,0.0
2017-08-21 00:00:00+09:00,351.95064430330547,351.95064430330547,348.5085842123196,350.2296142578125,12800,0.0,0.0
2017-08-22 00:00:00+09:00,348.5085842123196,351.95064430330547,347.6480691895731,350.2296142578125,29000,0.0,0.0
2017-08-23 00:00:00+09:00,352.8111504448785,352.8111504448785,348.5085754394531,348.5085754394531,19200,0.0,0.0
2017-08-24 00:00:00+09:00,350.2296034121046,352.8111484004002,349.36908841600604,351.0901184082031,28000,0.0,0.0
2017-08-25 00:00:00+09:00,352.8111484004002,352.8111484004002,344.2059984394148,351.0901184082031,63700,0.0,0.0
2017-08-28 00:00:00+09:00,352.8111463857683,353.6716613769531,351.0901164033987,353.6716613769531,23800,0.0,0.0
2017-08-29 00:00:00+09:00,353.6716701701536,357.1137302204714,351.95064014499474,355.3927001953125,35600,0.0,0.0
2017-08-30 00:00:00+09:00,355.39268049221596,355.39268049221596,352.8111355975994,354.53216552734375,20400,0.0,0.0
2017-08-31 00:00:00+09:00,355.3926893593609,357.1137193320454,355.3926893593609,356.2532043457031,26300,0.0,0.0
2017-09-01 00:00:00+09:00,357.11373480935,362.2768249511719,356.253219785713,362.2768249511719,44100,0.0,0.0
2017-09-04 00:00:00+09:00,364.8583521854392,364.8583521854392,357.9742323328837,358.8347473144531,48200,0.0,0.0
2017-09-05 00:00:00+09:00,357.97424523305085,360.5557902707892,353.6716701701536,355.3927001953125,66000,0.0,0.0
2017-09-06 00:00:00+09:00,350.2295926194319,352.81113752817464,347.6480477106892,351.95062255859375,43500,0.0,0.0
2017-09-07 00:00:00+09:00,352.8111463857683,355.3926913593227,352.8111463857683,353.6716613769531,23100,0.0,0.0
2017-09-08 00:00:00+09:00,353.67164865516753,357.11370849609375,351.95061873470445,357.11370849609375,67000,0.0,0.0
2017-09-11 00:00:00+09:00,363.9978262431313,363.9978262431313,357.9742215535287,359.69525146484375,76500,0.0,0.0
2017-09-12 00:00:00+09:00,362.2768249511719,367.43991509299383,359.6952798802609,362.2768249511719,50100,0.0,0.0
2017-09-13 00:00:00+09:00,363.13732709099264,366.5793870634191,363.13732709099264,365.7188720703125,33900,0.0,0.0
2017-09-14 00:00:00+09:00,367.4399040909175,368.3004190887885,362.2768141036915,363.1373291015625,22700,0.0,0.0
2017-09-15 00:00:00+09:00,365.7188829386009,367.43991297595903,362.27682286388466,364.8583679199219,40100,0.0,0.0
2017-09-18 00:00:00+09:00,364.8583679199219,364.8583679199219,364.8583679199219,364.8583679199219,0,0.0,0.0
2017-09-19 00:00:00+09:00,370.02144302403565,370.8819580078125,366.57938308892835,370.8819580078125,48900,0.0,0.0
2017-09-20 00:00:00+09:00,369.1609648258314,375.1845703125,369.1609648258314,375.1845703125,47000,0.0,0.0
2017-09-21 00:00:00+09:00,376.90560045154814,378.62663059059633,371.74251003440367,375.1845703125,88400,0.0,0.0
2017-09-22 00:00:00+09:00,376.0450350355828,376.0450350355828,370.88194530969383,374.3240051269531,46300,0.0,0.0
2017-09-25 00:00:00+09:00,376.0450116937811,378.6265563964844,375.18449679287994,378.6265563964844,60100,0.0,0.0
2017-09-26 00:00:00+09:00,377.76604149558324,378.6265563964844,373.4634669910778,378.6265563964844,39500,0.0,0.0
2017-09-27 00:00:00+09:00,378.6265563964844,379.48707129738546,377.76604149558324,378.6265563964844,30300,0.0,0.0
2017-09-28 00:00:00+09:00,377.766059325622,382.0686340332031,375.1845145010733,382.0686340332031,51500,0.0,0.0
2017-09-29 00:00:00+09:00,380.3476237436359,382.9291687011719,379.48710875779057,382.9291687011719,36200,0.0,0.0
2017-10-02 00:00:00+09:00,382.92919703892295,385.5107421875,382.0686819893973,385.5107421875,47200,0.0,0.0
2017-10-03 00:00:00+09:00,387.23175048828125,391.5343254937066,386.37123548719615,387.23175048828125,92700,0.0,0.0
2017-10-04 00:00:00+09:00,387.2317288829162,389.8132737421356,384.65018402369674,388.9527587890625,69300,0.0,0.0
2017-10-05 00:00:00+09:00,388.9528002009423,391.5343453350194,387.23177011155764,388.09228515625,52500,0.0,0.0
2017-10-06 00:00:00+09:00,390.67380845362516,390.67380845362516,388.0922634638435,389.81329345703125,37900,0.0,0.0
2017-10-09 00:00:00+09:00,389.81329345703125,389.81329345703125,389.81329345703125,389.81329345703125,0,0.0,0.0
2017-10-10 00:00:00+09:00,389.81328070241983,393.2553405761719,388.09225076554384,393.2553405761719,78100,0.0,0.0
2017-10-11 00:00:00+09:00,394.1158466045673,394.1158466045673,390.6737868088942,391.5343017578125,33300,0.0,0.0
2017-10-12 00:00:00+09:00,393.255351417943,393.255351417943,389.81329144929583,392.39483642578125,34300,0.0,0.0
2017-10-13 00:00:00+09:00,392.39481860135504,392.39481860135504,387.2317288829162,388.9527587890625,44300,0.0,0.0
2017-10-16 00:00:00+09:00,392.39481670673075,394.1158466045673,390.6737868088942,391.5343017578125,38200,0.0,0.0
2017-10-17 00:00:00+09:00,392.39481670673075,392.39481670673075,389.81327185997594,391.5343017578125,28400,0.0,0.0
2017-10-18 00:00:00+09:00,391.5343017578125,392.39481670673075,388.0922419621394,391.5343017578125,44300,0.0,0.0
2017-10-19 00:00:00+09:00,389.81328263471835,394.1158574982362,387.2317377166076,390.6737976074219,49800,0.0,0.0
2017-10-20 00:00:00+09:00,391.534323450219,391.534323450219,388.0922634638435,389.81329345703125,44900,0.0,0.0
2017-10-23 00:00:00+09:00,391.5343214336194,393.255351417943,389.81329144929583,392.39483642578125,40200,0.0,0.0
2017-10-24 00:00:00+09:00,390.67381316410484,396.6974182128906,389.8132981571355,396.6974182128906,72200,0.0,0.0
2017-10-25 00:00:00+09:00,400.99997139389006,400.99997139389006,395.8368816334537,398.4184265136719,115100,0.0,0.0
2017-10-26 00:00:00+09:00,396.69740737981095,400.1394673136922,396.69740737981095,397.55792236328125,30900,0.0,0.0
2017-10-27 00:00:00+09:00,400.139454526451,400.9999694824219,397.5579096585384,400.9999694824219,44400,0.0,0.0
2017-10-30 00:00:00+09:00,401.86052164454367,405.3025817871094,400.13949157326084,405.3025817871094,96900,0.0,0.0
2017-10-31 00:00:00+09:00,406.16305171695217,411.3261413574219,404.44202183679556,411.3261413574219,63400,0.0,0.0
2017-11-01 00:00:00+09:00,415.62874484310026,415.62874484310026,410.46565484504936,413.90771484375,62600,0.0,0.0
2017-11-02 00:00:00+09:00,413.90768617765673,413.90768617765673,406.16305171695217,411.3261413574219,57500,0.0,0.0
2017-11-03 00:00:00+09:00,411.3261413574219,411.3261413574219,411.3261413574219,411.3261413574219,0,0.0,0.0
2017-11-06 00:00:00+09:00,408.7446419296751,410.4656720009579,403.58155171582655,405.3025817871094,63700,0.0,0.0
2017-11-07 00:00:00+09:00,394.1158969311004,405.3025926955203,394.1158969311004,404.44207763671875,147900,0.0,0.0
2017-11-08 00:00:00+09:00,404.4420690259498,415.6287645521995,404.4420690259498,414.76824951171875,70400,0.0,0.0
2017-11-09 00:00:00+09:00,414.76820818978064,419.93129791828414,407.0235735970254,415.62872314453125,128200,0.0,0.0
2017-11-10 00:00:00+09:00,419.9312992211079,427.6759338378906,417.349754348847,427.6759338378906,147200,0.0,0.0
2017-11-13 00:00:00+09:00,429.3969585520114,429.3969585520114,419.9312941350332,420.79180908203125,61300,0.0,0.0
2017-11-14 00:00:00+09:00,419.0707899625184,423.37336480812945,419.0707899625184,419.9313049316406,31600,0.0,0.0
2017-11-15 00:00:00+09:00,418.21028984212575,418.21028984212575,410.46565484504936,413.90771484375,79200,0.0,0.0
2017-11-16 00:00:00+09:00,412.1866633255289,418.210268008783,411.3261483707783,415.62872314453125,26900,0.0,0.0
2017-11-17 00:00:00+09:00,418.2102718713149,418.2102718713149,409.6051222443331,410.46563720703125,36700,0.0,0.0
2017-11-20 00:00:00+09:00,409.6051398453742,415.62874484310026,407.0235948463487,413.90771484375,38600,0.0,0.0
2017-11-21 00:00:00+09:00,419.0707791880352,425.95489876401933,416.48923434704113,420.79180908203125,44900,0.0,0.0
2017-11-22 00:00:00+09:00,425.95490392305,427.6759338378906,420.79181417852817,427.6759338378906,43200,0.0,0.0
2017-11-23 00:00:00+09:00,427.6759338378906,427.6759338378906,427.6759338378906,427.6759338378906,0,0.0,0.0
2017-11-24 00:00:00+09:00,423.37337653793975,431.97852646757264,421.65234655201317,431.1180114746094,51400,0.0,0.0
2017-11-27 00:00:00+09:00,430.25749648164606,431.97852646757264,428.5364664957195,431.1180114746094,37800,0.0,0.0
2017-11-28 00:00:00+09:00,432.8390267439715,439.7231464536171,430.2574818528543,437.1416015625,98400,0.0,0.0
2017-11-29 00:00:00+09:00,442.3047270001105,463.81760282696416,440.58369693396224,456.0729675292969,144200,0.0,0.0
2017-11-30 00:00:00+09:00,460.37554269466756,462.95708779389,450.909877330852,456.0729675292969,113700,0.0,0.0
2017-12-01 00:00:00+09:00,454.35190902217744,455.2124240013861,446.6072742092994,453.49139404296875,134900,0.0,0.0
2017-12-04 00:00:00+09:00,450.90982583411653,460.3754901168938,450.0493108993186,457.7939453125,60100,0.0,0.0
2017-12-05 00:00:00+09:00,457.793956824469,484.4699204740151,456.072926911595,483.6094055175781,172900,0.0,0.0
2017-12-06 00:00:00+09:00,488.772545875313,492.21460605753356,470.70172991865536,472.4227600097656,165300,0.0,0.0
2017-12-07 00:00:00+09:00,471.5622165107028,475.86479147886615,465.53861155527414,469.8411865234375,115900,0.0,0.0
2017-12-08 00:00:00+09:00,471.56221800481813,494.7961229065154,471.56221800481813,493.93560791015625,173900,0.0,0.0
2017-12-11 00:00:00+09:00,499.09868694802987,499.09868694802987,481.8883873980978,494.7961120605469,141300,0.0,0.0
2017-12-12 00:00:00+09:00,499.0987032691905,512.866943359375,498.2381882635539,512.866943359375,125100,0.0,0.0
2017-12-13 00:00:00+09:00,515.4484396754084,515.4484396754084,500.8196859617491,509.4248352050781,130700,0.0,0.0
2017-12-14 00:00:00+09:00,509.42492226693145,514.5880126953125,505.1223469099472,514.5880126953125,84900,0.0,0.0
2017-12-15 00:00:00+09:00,510.2853737202373,512.8669186125825,502.54073904320165,505.1222839355469,101600,0.0,0.0
2017-12-18 00:00:00+09:00,507.7039098415245,521.4721514643455,495.65669842155614,505.9828796386719,183100,0.0,0.0
2017-12-19 00:00:00+09:00,507.703841718147,509.4248716900729,490.49354199888774,501.68023681640625,136600,0.0,0.0
2017-12-20 00:00:00+09:00,496.51714201554006,496.51714201554006,488.77250721807064,494.7961120605469,97700,0.0,0.0
2017-12-21 00:00:00+09:00,488.77253709544897,489.6330521255466,482.7489318847656,482.7489318847656,96400,0.0,0.0
2017-12-22 00:00:00+09:00,482.74894492555205,493.93564061901407,482.74894492555205,491.3540954589844,71700,0.0,0.0
2017-12-25 00:00:00+09:00,494.7961229065154,498.238182891952,488.7725179320013,493.93560791015625,82400,0.0,0.0
2017-12-26 00:00:00+09:00,492.2145908288788,494.7961358856736,487.9120157342208,490.4935607910156,62400,0.0,0.0
2017-12-27 00:00:00+09:00,491.3540395364449,499.95918909049817,488.77249467022887,498.2381591796875,52800,0.0,0.0
2017-12-28 00:00:00+09:00,498.2381870108591,500.81973202127807,487.0514919657103,488.77252197265625,97700,0.0,0.0
2017-12-29 00:00:00+09:00,488.77248435418517,495.65660385213147,483.60939473072546,484.46990966796875,79400,0.0,0.0
2018-01-01 00:00:00+09:00,484.46990966796875,484.46990966796875,484.46990966796875,484.46990966796875,0,0.0,0.0
2018-01-02 00:00:00+09:00,484.46990966796875,484.46990966796875,484.46990966796875,484.46990966796875,0,0.0,0.0
2018-01-03 00:00:00+09:00,484.46990966796875,484.46990966796875,484.46990966796875,484.46990966796875,0,0.0,0.0
2018-01-04 00:00:00+09:00,493.075078232153,504.2617728517306,488.77250337846925,499.9591979980469,162800,0.0,0.0
2018-01-05 00:00:00+09:00,503.40130615234375,505.98285131209934,498.2382158328325,503.40130615234375,95100,0.0,0.0
2018-01-08 00:00:00+09:00,503.40130615234375,503.40130615234375,503.40130615234375,503.40130615234375,0,0.0,0.0
2018-01-09 00:00:00+09:00,506.843309446241,524.9141235351562,506.843309446241,524.9141235351562,183800,0.0,0.0
2018-01-10 00:00:00+09:00,526.6351391601562,526.6351391601562,513.7274151611329,516.3089599609375,136100,0.0,0.0
2018-01-11 00:00:00+09:00,513.7274976239157,516.3090428381062,508.5644071955346,514.5880126953125,82900,0.0,0.0
2018-01-12 00:00:00+09:00,515.4484725459929,516.3089875252016,504.26177781628024,506.84332275390625,81200,0.0,0.0
2018-01-15 00:00:00+09:00,506.84331386377704,512.8669186125825,502.54073904320165,505.1222839355469,88600,0.0,0.0
2018-01-16 00:00:00+09:00,505.98278470097216,506.8432996409398,495.6566054213605,496.5171203613281,88500,0.0,0.0
2018-01-17 00:00:00+09:00,494.79612907477184,494.79612907477184,486.19097900390625,486.19097900390625,77000,0.0,0.0
2018-01-18 00:00:00+09:00,490.49351422867176,494.7960889148882,483.60939473072546,484.46990966796875,76500,0.0,0.0
2018-01-19 00:00:00+09:00,485.3304639968197,490.493554039339,485.3304639968197,486.19097900390625,36300,0.0,0.0
2018-01-22 00:00:00+09:00,489.63301724227017,492.2145621486442,484.4699274295221,487.9119873046875,55900,0.0,0.0
2018-01-23 00:00:00+09:00,491.35405215056045,497.3776569930367,491.35405215056045,494.7961120605469,80100,0.0,0.0
2018-01-24 00:00:00+09:00,500.81972465129815,514.5879645042548,500.81972465129815,511.1459045410156,149500,0.0,0.0
2018-01-25 00:00:00+09:00,512.0064166479617,512.0064166479617,499.9592068444803,501.68023681640625,102300,0.0,0.0
2018-01-26 00:00:00+09:00,503.40126879461883,505.1222987734038,499.09869384765625,499.09869384765625,53100,0.0,0.0
2018-01-29 00:00:00+09:00,506.84337066598926,517.1695513926309,501.6802803026685,510.2854309082031,117900,0.0,0.0
2018-01-30 00:00:00+09:00,512.0063984661729,512.8669134215781,494.7960993580662,498.2381591796875,117500,0.0,0.0
2018-01-31 00:00:00+09:00,493.935601045042,497.3776609826381,487.9119961542488,489.6330261230469,88400,0.0,0.0
2018-02-01 00:00:00+09:00,492.2146380158509,505.9828796386719,492.2146380158509,505.9828796386719,89700,0.0,0.0
2018-02-02 00:00:00+09:00,502.54077570826126,502.54077570826126,493.0751104123865,497.377685546875,89300,0.0,0.0
2018-02-05 00:00:00+09:00,422.512882696722,430.2575180211018,411.3261872281733,417.34979248046875,995700,0.0,0.0
2018-02-06 00:00:00+09:00,395.8368835449219,400.13945836606234,375.1845244034477,395.8368835449219,579100,0.0,0.0
2018-02-07 00:00:00+09:00,413.0472237723214,419.9313441685268,382.92919703892295,385.5107421875,418100,0.0,0.0
2018-02-08 00:00:00+09:00,390.673832484654,391.5343475341797,382.0686819893973,385.5107421875,210100,0.0,0.0
2018-02-09 00:00:00+09:00,370.0214439134919,382.9291687011719,366.5793839701106,382.9291687011719,206600,0.0,0.0
2018-02-12 00:00:00+09:00,382.9291687011719,382.9291687011719,382.9291687011719,382.9291687011719,0,0.0,0.0
2018-02-13 00:00:00+09:00,395.83690686561084,395.83690686561084,376.0450615223303,379.48712158203125,194300,0.0,0.0
2018-02-14 00:00:00+09:00,374.324013995906,380.34761881882866,370.02143912238984,376.0450439453125,127600,0.0,0.0
2018-02-15 00:00:00+09:00,378.62660047743054,391.5343254937066,376.04505547417534,387.23175048828125,129300,0.0,0.0
2018-02-16 00:00:00+09:00,384.6501767388706,400.1394456008385,384.6501767388706,399.2789306640625,115100,0.0,0.0
2018-02-19 00:00:00+09:00,399.27893900427017,419.93129791828414,399.27893900427017,415.62872314453125,219900,0.0,0.0
2018-02-20 00:00:00+09:00,411.32616783961777,418.21028780346074,409.605137848657,416.4892578125,119800,0.0,0.0
2018-02-21 00:00:00+09:00,413.0471712375784,414.76820111773503,407.0235666570304,411.3261413574219,131400,0.0,0.0
2018-02-22 00:00:00+09:00,410.46565004635056,410.46565004635056,401.86050015020066,407.0235900878906,109200,0.0,0.0
2018-02-23 00:00:00+09:00,410.46563341602774,418.210268008783,407.884088551776,415.62872314453125,118800,0.0,0.0
2018-02-26 00:00:00+09:00,421.6523633906409,426.8154535546079,418.2103032813296,422.51287841796875,112400,0.0,0.0
2018-02-27 00:00:00+09:00,424.2338907292736,425.09440572061084,418.2102857899127,419.07080078125,128100,0.0,0.0
2018-02-28 00:00:00+09:00,415.62874484310026,419.0708048418009,413.04719984407484,413.90771484375,96600,0.0,0.0
2018-03-01 00:00:00+09:00,413.04719299829304,413.9077079837062,409.6051330566406,409.6051330566406,76600,0.0,0.0
2018-03-02 00:00:00+09:00,404.4420538651316,412.18668893914474,400.13947882401317,408.74462890625,104700,0.0,0.0
2018-03-05 00:00:00+09:00,408.74464409983057,412.1867042606712,401.8605237781492,402.7210388183594,101000,0.0,0.0
2018-03-06 00:00:00+09:00,405.3025926955203,407.88413787192485,402.7210475191157,404.44207763671875,104500,0.0,0.0
2018-03-07 00:00:00+09:00,403.58155171582655,407.8841268940336,400.13949157326084,405.3025817871094,80400,0.0,0.0
2018-03-08 00:00:00+09:00,404.44204914493275,407.88410913765557,401.8605041503906,401.8605041503906,71700,0.0,0.0
2018-03-09 00:00:00+09:00,404.4420538651316,410.46565892269734,402.7210238486842,408.74462890625,98000,0.0,0.0
2018-03-12 00:00:00+09:00,413.90772571563724,414.76824073791505,410.4656656265259,413.0472106933594,111400,0.0,0.0
2018-03-13 00:00:00+09:00,411.32616783961777,417.3497728079804,411.32616783961777,416.4892578125,80400,0.0,0.0
2018-03-14 00:00:00+09:00,416.4892839704241,423.3734043666294,416.4892839704241,421.6523742675781,74500,0.0,0.0
2018-03-15 00:00:00+09:00,419.931296014982,420.7918109658324,414.76820630987976,418.21026611328125,82000,0.0,0.0
2018-03-16 00:00:00+09:00,413.0471712375784,415.62871605781334,411.3261413574219,411.3261413574219,91200,0.0,0.0
2018-03-19 00:00:00+09:00,411.32618922046106,413.0472193008814,400.1394936977288,402.7210388183594,98800,0.0,0.0
2018-03-20 00:00:00+09:00,399.27895130643265,413.0471910066545,397.5579213439049,412.1866760253906,92900,0.0,0.0
2018-03-21 00:00:00+09:00,412.1866760253906,412.1866760253906,412.1866760253906,412.1866760253906,0,0.0,0.0
2018-03-22 00:00:00+09:00,412.1866671324276,412.1866671324276,404.442032468144,410.46563720703125,68900,0.0,0.0
2018-03-23 00:00:00+09:00,396.69739850915,400.9999733302904,394.1158536164657,395.8368835449219,114000,0.0,0.0
2018-03-26 00:00:00+09:00,393.2553405761719,394.9763705130479,385.5107058602298,393.2553405761719,123200,0.0,0.0
2018-03-27 00:00:00+09:00,394.11586916676424,403.58153414675206,394.11586916676424,401.8605041503906,133300,0.0,0.0
2018-03-28 00:00:00+09:00,399.1873620309051,405.42466456263793,397.4052755932671,403.642578125,112300,16.0,0.0
2018-03-29 00:00:00+09:00,406.3157203826566,407.2067636291098,397.40528791812466,401.8605041503906,80000,0.0,0.0
2018-03-30 00:00:00+09:00,400.96946090393743,405.4246771362034,400.96946090393743,401.8605041503906,48500,0.0,0.0
2018-04-02 00:00:00+09:00,403.64258158365885,406.31571126302083,400.07840867784284,400.9694519042969,72900,0.0,0.0
2018-04-03 00:00:00+09:00,397.4052561395179,398.2962993147186,384.03960851150725,386.7127380371094,124800,0.0,0.0
2018-04-04 00:00:00+09:00,391.16795307881125,397.405255291913,386.71273721231,395.6231689453125,85000,0.0,0.0
2018-04-05 00:00:00+09:00,393.8410949707031,397.40526777586786,391.16796536682955,393.8410949707031,106200,0.0,0.0
2018-04-06 00:00:00+09:00,392.05902304425337,400.9694553861682,390.27693657587037,398.29632568359375,99900,0.0,0.0
2018-04-09 00:00:00+09:00,393.8411095126363,399.18736891778525,392.05902304425337,398.29632568359375,55700,0.0,0.0
2018-04-10 00:00:00+09:00,394.732137089282,402.75152587890625,391.1679642938934,402.75152587890625,88700,0.0,0.0
2018-04-11 00:00:00+09:00,399.18736545138887,403.64258158365885,395.6231925455729,400.9694519042969,47800,0.0,0.0
2018-04-12 00:00:00+09:00,400.0784121519767,400.9694553861682,397.40528244940225,398.29632568359375,27400,0.0,0.0
2018-04-13 00:00:00+09:00,399.18737441103104,401.8605041503906,397.40528791812466,401.8605041503906,43800,0.0,0.0
2018-04-16 00:00:00+09:00,400.0784338023096,400.0784338023096,393.84113082543615,397.4053039550781,40200,0.0,0.0
2018-04-17 00:00:00+09:00,393.84112005364403,394.73216331168396,386.7127739893247,390.2769470214844,60600,0.0,0.0
2018-04-18 00:00:00+09:00,389.38588233200454,392.9500551679954,388.49483912300684,391.16796875,52200,0.0,0.0
2018-04-19 00:00:00+09:00,391.1679473183372,392.9500336386941,388.49481783780186,392.0589904785156,78700,0.0,0.0
2018-04-20 00:00:00+09:00,392.0589904785156,395.62316311922945,388.49481783780186,392.0589904785156,87500,0.0,0.0
2018-04-23 00:00:00+09:00,393.84110399508853,396.51423366021356,391.1679743299635,394.7321472167969,52000,0.0,0.0
2018-04-24 00:00:00+09:00,395.6231779977177,398.29630757878334,392.0590052229635,396.51422119140625,126300,0.0,0.0
2018-04-25 00:00:00+09:00,394.7321741078466,398.2963472374886,392.05904426061517,397.4053039550781,75700,0.0,0.0
2018-04-26 00:00:00+09:00,414.335097192039,463.34247427926937,414.335097192039,442.8484802246094,996000,0.0,0.0
2018-04-27 00:00:00+09:00,438.3932800292969,441.06640978557306,425.02763124791585,438.3932800292969,246900,0.0,0.0
2018-04-30 00:00:00+09:00,438.3932800292969,438.3932800292969,438.3932800292969,438.3932800292969,0,0.0,0.0
2018-05-01 00:00:00+09:00,432.15595050335907,436.6111664879298,421.46343214038933,435.7201232910156,94400,0.0,0.0
2018-05-02 00:00:00+09:00,438.39327101697745,438.39327101697745,429.482838679234,437.5022277832031,91300,0.0,0.0
2018-05-03 00:00:00+09:00,437.5022277832031,437.5022277832031,437.5022277832031,437.5022277832031,0,0.0,0.0
2018-05-04 00:00:00+09:00,437.5022277832031,437.5022277832031,437.5022277832031,437.5022277832031,0,0.0,0.0
2018-05-07 00:00:00+09:00,436.611181096992,441.06639723063483,430.37387850989217,440.17535400390625,91900,0.0,0.0
2018-05-08 00:00:00+09:00,436.6111818078446,457.10517605596795,433.9380521233068,455.3230895996094,232100,0.0,0.0
2018-05-09 00:00:00+09:00,454.43204776969503,455.323091000616,436.6111831512756,446.41265869140625,122200,0.0,0.0
2018-05-10 00:00:00+09:00,448.1947526335716,456.2141418457031,445.52162289619446,456.2141418457031,136600,0.0,0.0
2018-05-11 00:00:00+09:00,456.21413282778866,459.77830574050574,451.7589166868923,455.3230895996094,69600,0.0,0.0
2018-05-14 00:00:00+09:00,454.4320607739825,460.66936356891955,453.541017517563,459.7783203125,101200,0.0,0.0
2018-05-15 00:00:00+09:00,459.77827826071916,459.77827826071916,448.1947169867088,452.6499328613281,55500,0.0,0.0
2018-05-16 00:00:00+09:00,451.7589180769321,451.7589180769321,443.7395289986434,446.41265869140625,54300,0.0,0.0
2018-05-17 00:00:00+09:00,443.73951663553834,449.9768190782065,441.06638701725194,448.1947326660156,60600,0.0,0.0
2018-05-18 00:00:00+09:00,449.97680333655654,453.540976036252,448.1947169867088,452.6499328613281,50000,0.0,0.0
2018-05-21 00:00:00+09:00,452.6499486964929,453.54099190258836,447.3036894599202,448.1947326660156,40500,0.0,0.0
2018-05-22 00:00:00+09:00,446.4126496582031,447.3036928710938,442.84847680664063,445.5216064453125,45100,0.0,0.0
2018-05-23 00:00:00+09:00,449.0857823495646,472.2529060422009,447.30369591166954,466.9066467285156,297600,0.0,0.0
2018-05-24 00:00:00+09:00,464.2335205078125,466.01560695889816,451.75891535021293,464.2335205078125,146300,0.0,0.0
2018-05-25 00:00:00+09:00,462.45140778549074,464.2334941353385,451.75888968640425,452.6499328613281,57600,0.0,0.0
2018-05-28 00:00:00+09:00,454.43204078448593,454.43204078448593,446.4126518294656,451.7589111328125,36100,0.0,0.0
2018-05-29 00:00:00+09:00,448.1947541863795,449.08579743525894,441.0664081953436,447.3037109375,51300,0.0,0.0
2018-05-30 00:00:00+09:00,438.3932585493788,443.739517799981,438.3932585493788,439.2843017578125,33800,0.0,0.0
2018-05-31 00:00:00+09:00,439.28431425075183,441.0664007183005,434.8290980818801,437.5022277832031,44500,0.0,0.0
2018-06-01 00:00:00+09:00,438.3932662237258,450.8678713601733,436.61117977566187,449.0857849121094,81700,0.0,0.0
2018-06-04 00:00:00+09:00,452.64996130785306,452.64996130785306,445.5216154604853,446.41265869140625,48200,0.0,0.0
2018-06-05 00:00:00+09:00,446.4126821089764,447.30372538663903,433.93807622169965,436.6112060546875,32700,0.0,0.0
2018-06-06 00:00:00+09:00,433.9380514168064,442.84848368409195,432.1559649633493,440.17535400390625,31200,0.0,0.0
2018-06-07 00:00:00+09:00,444.630579229798,444.630579229798,438.3932765151515,441.06640625,37300,0.0,0.0
2018-06-08 00:00:00+09:00,439.2843094477578,449.0857849121094,439.2843094477578,449.0857849121094,57600,0.0,0.0
2018-06-11 00:00:00+09:00,441.06639723063483,446.41265659100617,439.2843107771777,440.17535400390625,88800,0.0,0.0
2018-06-12 00:00:00+09:00,438.393259564568,455.3230805640127,438.393259564568,454.4320373535156,147300,0.0,0.0
2018-06-13 00:00:00+09:00,452.6499519130989,474.03498901135555,449.97682227581686,469.57977294921875,143300,0.0,0.0
2018-06-14 00:00:00+09:00,472.252909537698,476.70812566541207,464.2335205078125,464.2335205078125,139000,0.0,0.0
2018-06-15 00:00:00+09:00,466.01559561270255,467.7976820203993,455.323077166522,457.10516357421875,30700,0.0,0.0
2018-06-18 00:00:00+09:00,461.5603977832979,461.5603977832979,452.64996539365893,458.88726806640625,43000,0.0,0.0
2018-06-19 00:00:00+09:00,455.3230805640127,457.1051669850069,449.97682130103016,454.4320373535156,45800,0.0,0.0
2018-06-20 00:00:00+09:00,454.4320373535156,456.2141237745098,443.73951882755057,454.4320373535156,85000,0.0,0.0
2018-06-21 00:00:00+09:00,452.64997592368144,456.21414896245057,449.08580288491225,450.8678894042969,17800,0.0,0.0
2018-06-22 00:00:00+09:00,452.6499564916707,457.9962158203125,448.19474038446924,457.9962158203125,39000,0.0,0.0
2018-06-25 00:00:00+09:00,461.5603878397337,461.5603878397337,440.1753505653059,442.8484802246094,61300,0.0,0.0
2018-06-26 00:00:00+09:00,440.17533822527867,444.63055419921875,438.39325183570264,444.63055419921875,23800,0.0,0.0
2018-06-27 00:00:00+09:00,441.0663814200667,446.4126405887948,440.17533822527867,444.63055419921875,24300,0.0,0.0
2018-06-28 00:00:00+09:00,442.8484871858492,444.6305736533979,434.8290980818801,437.5022277832031,29000,0.0,0.0
2018-06-29 00:00:00+09:00,445.5216260460334,445.5216260460334,433.9380637688365,438.3932800292969,27600,0.0,0.0
2018-07-02 00:00:00+09:00,441.0663835688772,441.0663835688772,424.1365627854253,426.8096923828125,40300,0.0,0.0
2018-07-03 00:00:00+09:00,441.06642244300065,441.06642244300065,427.70077327806126,436.6112060546875,129000,0.0,0.0
2018-07-04 00:00:00+09:00,429.4828209126166,436.6111664879298,429.4828209126166,435.7201232910156,33800,0.0,0.0
2018-07-05 00:00:00+09:00,434.82906602304195,434.82906602304195,422.3544616699219,422.3544616699219,24800,0.0,0.0
2018-07-06 00:00:00+09:00,422.3544996123953,432.1559753417969,422.3544996123953,432.1559753417969,31500,0.0,0.0
2018-07-09 00:00:00+09:00,431.26493055555557,441.06640625,427.70075757575756,441.06640625,36100,0.0,0.0
2018-07-10 00:00:00+09:00,445.5215891853708,446.4126323637415,434.8290710449219,434.8290710449219,68500,0.0,0.0
2018-07-11 00:00:00+09:00,432.155962871575,434.8290925388219,425.9186603146657,433.93804931640625,23500,0.0,0.0
2018-07-12 00:00:00+09:00,431.2649230957031,433.93805278431284,428.59179340709335,431.2649230957031,20400,0.0,0.0
2018-07-13 00:00:00+09:00,432.1559788874076,432.1559788874076,425.91867609934195,429.48284912109375,36400,0.0,0.0
2018-07-16 00:00:00+09:00,429.48284912109375,429.48284912109375,429.48284912109375,429.48284912109375,0,0.0,0.0
2018-07-17 00:00:00+09:00,429.48283663662994,433.93805278431284,425.0276204889471,431.2649230957031,23400,0.0,0.0
2018-07-18 00:00:00+09:00,433.93807622169965,441.06642244300065,431.26494638871173,436.6112060546875,23900,0.0,0.0
2018-07-19 00:00:00+09:00,436.6111721325114,439.2843017578125,431.26491288190925,439.2843017578125,46100,0.0,0.0
2018-07-20 00:00:00+09:00,441.0663893800345,441.0663893800345,425.9186547952656,430.3738708496094,82800,0.0,0.0
2018-07-23 00:00:00+09:00,429.48284912109375,430.37389237653167,426.8097193547799,429.48284912109375,16600,0.0,0.0
2018-07-24 00:00:00+09:00,432.15595386646413,433.93804027416087,430.3738674587674,433.0469970703125,21900,0.0,0.0
2018-07-25 00:00:00+09:00,436.61117898365313,436.61117898365313,431.2649196491594,433.93804931640625,24400,0.0,0.0
2018-07-26 00:00:00+09:00,437.5022277832031,438.39327101697745,433.04701161433144,437.5022277832031,16600,0.0,0.0
2018-07-27 00:00:00+09:00,439.28431425075183,439.28431425075183,435.7201413156544,437.5022277832031,16100,0.0,0.0
2018-07-30 00:00:00+09:00,433.9380368971873,438.39325288175803,430.37386410953076,435.7201232910156,33500,0.0,0.0
2018-07-31 00:00:00+09:00,431.2649196491594,434.8290925388219,429.4828332043282,433.93804931640625,20100,0.0,0.0
2018-08-01 00:00:00+09:00,433.9380436930844,433.9380436930844,428.59178442787186,430.3738708496094,17600,0.0,0.0
2018-08-02 00:00:00+09:00,430.3738651793287,430.3738651793287,424.1365627854253,426.8096923828125,36400,0.0,0.0
2018-08-03 00:00:00+09:00,415.2261442719486,420.572403640257,412.55301458779445,416.1171875,35500,0.0,0.0
2018-08-06 00:00:00+09:00,417.00820344069905,419.6813329499343,412.55298759197365,413.44403076171875,27500,0.0,0.0
2018-08-07 00:00:00+09:00,413.44406478782537,413.44406478782537,404.53363235705325,410.77093505859375,45400,0.0,0.0
2018-08-08 00:00:00+09:00,411.6619821648849,427.7007606907895,411.6619821648849,423.24554443359375,46200,0.0,0.0
2018-08-09 00:00:00+09:00,426.8097318649292,427.7007751464844,419.68138561248776,427.7007751464844,26300,0.0,0.0
2018-08-10 00:00:00+09:00,427.7007751464844,430.3739049911499,425.91868858337403,427.7007751464844,58700,0.0,0.0
2018-08-13 00:00:00+09:00,421.4634559826973,421.4634559826973,414.3351100041316,417.00823974609375,24200,0.0,0.0
2018-08-14 00:00:00+09:00,417.89927395610283,417.89927395610283,412.55301458779445,416.1171875,22400,0.0,0.0
2018-08-15 00:00:00+09:00,414.3350840138865,415.22612720531424,403.64256571675395,405.4246520996094,35400,0.0,0.0
2018-08-16 00:00:00+09:00,403.64256571675395,407.2067384824648,398.2963065681877,405.4246520996094,34800,0.0,0.0
2018-08-17 00:00:00+09:00,411.66196925951084,411.66196925951084,407.20675314198365,409.8798828125,8900,0.0,0.0
2018-08-20 00:00:00+09:00,409.87987492822595,410.7709181345916,399.18735645183745,400.0783996582031,13700,0.0,0.0
2018-08-21 00:00:00+09:00,400.07841924204575,402.75154899199265,392.9500732421875,392.9500732421875,26400,0.0,0.0
2018-08-22 00:00:00+09:00,392.9500594991722,406.3157077814569,392.9500594991722,403.642578125,20800,0.0,0.0
2018-08-23 00:00:00+09:00,405.4246666949728,409.8798828125,404.53362347146737,409.8798828125,13300,0.0,0.0
2018-08-24 00:00:00+09:00,413.44405920917666,413.44405920917666,405.42467012968837,407.2067565917969,28700,0.0,0.0
2018-08-27 00:00:00+09:00,408.98883616898536,415.2261386813664,408.98883616898536,412.5530090332031,22400,0.0,0.0
2018-08-28 00:00:00+09:00,412.5530033817998,413.44404658564815,406.31570095486114,408.98883056640625,20400,0.0,0.0
2018-08-29 00:00:00+09:00,408.98883958899455,413.44405570652174,407.20675314198365,409.8798828125,17900,0.0,0.0
2018-08-30 00:00:00+09:00,412.5530250915794,412.5530250915794,405.4246790856774,408.0978088378906,32900,0.0,0.0
2018-08-31 00:00:00+09:00,406.3156952910371,407.2067384824648,401.8604793338985,405.4246520996094,14600,0.0,0.0
2018-09-03 00:00:00+09:00,405.42464302499917,406.31568619648266,403.64255668203214,404.5335998535156,30400,0.0,0.0
2018-09-04 00:00:00+09:00,407.2067293679662,408.98881571093324,402.7515135105486,404.5335998535156,37900,0.0,0.0
2018-09-05 00:00:00+09:00,403.64255668203214,408.0977725394497,401.8604703390651,404.5335998535156,39200,0.0,0.0
2018-09-06 00:00:00+09:00,404.5335998535156,406.31568619648266,402.7515135105486,404.5335998535156,34300,0.0,0.0
2018-09-07 00:00:00+09:00,404.53362689863405,409.87988628495964,403.6425836675798,407.2067565917969,43200,0.0,0.0
2018-09-10 00:00:00+09:00,414.3350897894965,414.3350897894965,406.31570095486114,408.98883056640625,77700,0.0,0.0
2018-09-11 00:00:00+09:00,408.98884857243934,412.55302154474816,408.98884857243934,410.77093505859375,32100,0.0,0.0
2018-09-12 00:00:00+09:00,410.77093505859375,412.55302154474816,405.42467560013046,410.77093505859375,37700,0.0,0.0
2018-09-13 00:00:00+09:00,410.77092260109424,415.2261386813664,408.98883616898536,412.5530090332031,30000,0.0,0.0
2018-09-14 00:00:00+09:00,417.00823974609375,422.35449923001806,415.22615325145233,417.00823974609375,52900,0.0,0.0
2018-09-17 00:00:00+09:00,417.00823974609375,417.00823974609375,417.00823974609375,417.00823974609375,0,0.0,0.0
2018-09-18 00:00:00+09:00,418.790328176398,425.02763093647206,415.22615517064145,423.24554443359375,36600,0.0,0.0
2018-09-19 00:00:00+09:00,428.59179130890084,428.59179130890084,422.35448873267984,425.0276184082031,21800,0.0,0.0
2018-09-20 00:00:00+09:00,425.9186343422419,425.9186343422419,420.57237533376184,422.3544616699219,22500,0.0,0.0
2018-09-21 00:00:00+09:00,422.3544674159094,428.5917696773258,422.3544674159094,425.91864013671875,31200,0.0,0.0
2018-09-24 00:00:00+09:00,425.91864013671875,425.91864013671875,425.91864013671875,425.91864013671875,0,0.0,0.0
2018-09-25 00:00:00+09:00,429.4828352831636,441.06639723063483,427.70074882970647,440.17535400390625,53600,0.0,0.0
2018-09-26 00:00:00+09:00,440.17535400390625,441.06639723063483,435.7201378702635,440.17535400390625,36600,0.0,0.0
2018-09-27 00:00:00+09:00,440.17533927558634,440.17533927558634,434.82908009410147,435.7201232910156,29600,0.0,0.0
2018-09-28 00:00:00+09:00,437.5022096848439,440.17533927558634,433.04699370027316,435.7201232910156,22000,0.0,0.0
2018-10-01 00:00:00+09:00,435.7201627770249,438.3932926100128,434.82911949936226,436.6112060546875,13100,0.0,0.0
2018-10-02 00:00:00+09:00,440.17533927558634,442.84846886632874,433.04699370027316,435.7201232910156,50800,0.0,0.0
2018-10-03 00:00:00+09:00,434.82909601384944,435.720139243386,431.2649230957031,431.2649230957031,15800,0.0,0.0
2018-10-04 00:00:00+09:00,430.3738833484927,431.2649265852391,426.8097104015073,428.591796875,23500,0.0,0.0
2018-10-05 00:00:00+09:00,428.59179130890084,428.59179130890084,420.572402282331,425.0276184082031,39000,0.0,0.0
2018-10-08 00:00:00+09:00,425.0276184082031,425.0276184082031,425.0276184082031,425.0276184082031,0,0.0,0.0
2018-10-09 00:00:00+09:00,425.0276093683323,425.0276093683323,419.6813501309948,424.1365661621094,38800,0.0,0.0
2018-10-10 00:00:00+09:00,427.70072649712347,431.2648992179328,420.5723810555047,425.91864013671875,49600,0.0,0.0
2018-10-11 00:00:00+09:00,416.11721438144116,422.3545173807347,413.44408452460107,418.79034423828125,40900,0.0,0.0
2018-10-12 00:00:00+09:00,417.00821257560483,418.79029895413305,412.5529966292843,414.3350830078125,42400,0.0,0.0
2018-10-15 00:00:00+09:00,414.335095465312,415.2261386813664,408.98883616898536,412.5530090332031,31500,0.0,0.0
2018-10-16 00:00:00+09:00,412.5530033817998,412.5530033817998,408.0977873625579,408.98883056640625,25700,0.0,0.0
2018-10-17 00:00:00+09:00,414.33512781021443,419.6813875238946,411.66199795337434,418.79034423828125,23400,0.0,0.0
2018-10-18 00:00:00+09:00,422.3544717111895,422.3544717111895,414.3350830078125,414.3350830078125,23600,0.0,0.0
2018-10-19 00:00:00+09:00,415.22612957314493,416.11717276965385,410.77091359060046,411.6619567871094,22300,0.0,0.0
2018-10-22 00:00:00+09:00,412.55298759197365,417.00820344069905,407.20672857350314,413.44403076171875,27900,0.0,0.0
2018-10-23 00:00:00+09:00,408.9888271975827,418.79030235918054,408.9888271975827,411.6619567871094,109400,0.0,0.0
2018-10-24 00:00:00+09:00,409.87989533936616,409.87989533936616,396.51424657829983,408.0978088378906,75400,0.0,0.0
2018-10-25 00:00:00+09:00,400.969437159849,403.6425667409147,396.51422119140625,396.51422119140625,82700,0.0,0.0
2018-10-26 00:00:00+09:00,397.4052768819219,398.29632010363025,391.1679743299635,394.7321472167969,59600,0.0,0.0
2018-10-29 00:00:00+09:00,397.40529308580375,400.0784228599235,389.38590376344445,390.2769470214844,42400,0.0,0.0
2018-10-30 00:00:00+09:00,393.84113082543615,401.86052036713056,390.2769576957942,397.4053039550781,52900,0.0,0.0
2018-10-31 00:00:00+09:00,400.07841958125084,409.87989533936616,399.18737633051313,408.0978088378906,30600,0.0,0.0
2018-11-01 00:00:00+09:00,407.2067510002759,408.9888374379139,403.642578125,403.642578125,37200,0.0,0.0
2018-11-02 00:00:00+09:00,408.0977885154945,408.0977885154945,400.0783996582031,400.0783996582031,34100,0.0,0.0
2018-11-05 00:00:00+09:00,398.2963472374886,402.751563649541,396.5142606726676,397.4053039550781,33600,0.0,0.0
2018-11-06 00:00:00+09:00,392.95004945952314,393.8410926555765,387.6037902832031,387.6037902832031,60600,0.0,0.0
2018-11-07 00:00:00+09:00,389.38591633367975,396.5142626281178,386.7127864732655,388.494873046875,39700,0.0,0.0
2018-11-08 00:00:00+09:00,400.9694497687553,401.8604929904636,394.7321472167969,394.7321472167969,42300,0.0,0.0
2018-11-09 00:00:00+09:00,395.62320142521827,401.8605041503906,394.7321581787651,401.8605041503906,22800,0.0,0.0
2018-11-12 00:00:00+09:00,403.6425667409147,403.6425667409147,393.8410916103406,396.51422119140625,67100,0.0,0.0
2018-11-13 00:00:00+09:00,392.9500336386941,394.732119959051,390.27690415815874,392.0589904785156,28300,0.0,0.0
2018-11-14 00:00:00+09:00,390.27691987136313,392.95004945952314,386.71274708714975,387.6037902832031,30800,0.0,0.0
2018-11-15 00:00:00+09:00,385.8217307312848,391.1679902795243,384.93068747324486,390.2769470214844,26000,0.0,0.0
2018-11-16 00:00:00+09:00,386.7127539005591,390.27692674756884,382.2575378417969,382.2575378417969,30600,0.0,0.0
2018-11-19 00:00:00+09:00,382.25755034900106,384.0396368308146,380.4754638671875,380.4754638671875,20200,0.0,0.0
2018-11-20 00:00:00+09:00,379.5844421386719,383.1486153042932,378.6933988472665,379.5844421386719,21200,0.0,0.0
2018-11-21 00:00:00+09:00,377.8023376464844,379.58442414481686,375.12920789898567,377.8023376464844,24000,0.0,0.0
2018-11-22 00:00:00+09:00,377.8023430654936,382.2575593752282,375.12921327965284,381.36651611328125,46500,0.0,0.0
2018-11-23 00:00:00+09:00,381.36651611328125,381.36651611328125,381.36651611328125,381.36651611328125,0,0.0,0.0
2018-11-26 00:00:00+09:00,376.9112960152004,378.69338252118246,368.89190673828125,368.89190673828125,76300,0.0,0.0
2018-11-27 00:00:00+09:00,370.6739932442633,373.34712300323633,368.0008634852902,368.89190673828125,40500,0.0,0.0
2018-11-28 00:00:00+09:00,369.7829135801734,369.7829135801734,357.3083092666254,365.32769775390625,54700,0.0,0.0
2018-11-29 00:00:00+09:00,368.89188055861325,369.7829237483683,356.41727590204175,357.3083190917969,99800,0.0,0.0
2018-11-30 00:00:00+09:00,356.4173028020575,362.6546056010936,355.5262595450524,359.9814758300781,114900,0.0,0.0
2018-12-03 00:00:00+09:00,359.98143876238566,367.1097840844131,359.0903955971322,365.32769775390625,53200,0.0,0.0
2018-12-04 00:00:00+09:00,366.2187659352871,366.2187659352871,360.8725065785676,361.7635498046875,41100,0.0,0.0
2018-12-05 00:00:00+09:00,357.30835856727106,360.8725317200618,357.30835856727106,358.19940185546875,51700,0.0,0.0
2018-12-06 00:00:00+09:00,357.3083224655995,359.0904088619366,352.8531064747566,354.63519287109375,75600,0.0,0.0
2018-12-07 00:00:00+09:00,355.5262383355035,360.87249755859375,354.6351951316551,360.87249755859375,35000,0.0,0.0
2018-12-10 00:00:00+09:00,363.54563975748295,363.54563975748295,356.4172938798853,359.0904235839844,68400,0.0,0.0
2018-12-11 00:00:00+09:00,359.0903963470459,359.0903963470459,354.63518051147463,356.4172668457031,38800,0.0,0.0
2018-12-12 00:00:00+09:00,359.0904235839844,360.87251005338385,357.30833711458496,359.0904235839844,26200,0.0,0.0
2018-12-13 00:00:00+09:00,359.0904235839844,362.65459652278327,359.0904235839844,359.0904235839844,41700,0.0,0.0
2018-12-14 00:00:00+09:00,360.8724918508173,360.8724918508173,356.41727590204175,357.3083190917969,50800,0.0,0.0
2018-12-17 00:00:00+09:00,356.4172792674309,357.3083224655995,351.07102007841945,354.63519287109375,49800,0.0,0.0
2018-12-18 00:00:00+09:00,353.74415077130817,353.74415077130817,344.8337187619553,345.7247619628906,57500,0.0,0.0
2018-12-19 00:00:00+09:00,356.41727821499694,368.8918829525218,348.3978894551595,363.5456237792969,132300,0.0,0.0
2018-12-20 00:00:00+09:00,359.09043233708815,359.09043233708815,344.833740234375,344.833740234375,47300,0.0,0.0
2018-12-21 00:00:00+09:00,344.833717531271,344.833717531271,322.5576375873905,330.5770263671875,78200,0.0,0.0
2018-12-24 00:00:00+09:00,330.5770263671875,330.5770263671875,330.5770263671875,330.5770263671875,0,0.0,0.0
2018-12-25 00:00:00+09:00,330.57702862774886,330.57702862774886,312.75616455078125,312.75616455078125,92400,0.0,0.0
2018-12-26 00:00:00+09:00,319.88450572254897,331.4680672111092,319.88450572254897,324.3397216796875,52300,0.0,0.0
2018-12-27 00:00:00+09:00,338.5964196935877,348.39789500050733,335.92329006442776,343.0516357421875,46800,0.0,0.0
2018-12-28 00:00:00+09:00,343.9426969779554,345.72478349079455,339.4874806958575,344.833740234375,20000,0.0,0.0
2018-12-31 00:00:00+09:00,344.833740234375,344.833740234375,344.833740234375,344.833740234375,0,0.0,0.0
2019-01-04 00:00:00+09:00,340.3785185253651,345.7247779786431,334.1412158298741,341.2695617675781,66300,0.0,0.0
2019-01-07 00:00:00+09:00,351.07101776044993,354.63519052959157,347.5068449913083,348.39788818359375,42400,0.0,0.0
2019-01-08 00:00:00+09:00,351.0710167635111,363.5456214200826,348.3978871942458,357.3083190917969,128000,0.0,0.0
2019-01-09 00:00:00+09:00,358.1993769002078,361.7635498046875,356.41729044796796,361.7635498046875,73000,0.0,0.0
2019-01-10 00:00:00+09:00,362.65458058375935,363.5456237792969,358.1993646060719,363.5456237792969,60400,0.0,0.0
2019-01-11 00:00:00+09:00,364.4366773256383,364.4366773256383,351.9620722338072,355.5262451171875,74900,0.0,0.0
2019-01-15 00:00:00+09:00,355.5262492551642,368.0008544921875,355.5262492551642,368.0008544921875,46000,0.0,0.0
2019-01-16 00:00:00+09:00,372.45607064826726,372.45607064826726,366.2187680297556,368.0008544921875,41000,0.0,0.0
2019-01-17 00:00:00+09:00,369.78294095461945,371.56502741705134,367.1098112609716,368.0008544921875,23200,0.0,0.0
2019-01-18 00:00:00+09:00,369.7829284667969,373.34710127129614,368.89188526567204,369.7829284667969,38600,0.0,0.0
2019-01-21 00:00:00+09:00,369.78296793424164,372.4560978229229,368.8919246380146,370.67401123046875,21200,0.0,0.0
2019-01-22 00:00:00+09:00,373.34709788053226,373.34709788053226,369.7829251084031,372.4560546875,16100,0.0,0.0
2019-01-23 00:00:00+09:00,366.2187523362739,372.4560546875,366.2187523362739,372.4560546875,20400,0.0,0.0
2019-01-24 00:00:00+09:00,372.456081653151,375.12921142578125,371.56503839560753,375.12921142578125,20900,0.0,0.0
2019-01-25 00:00:00+09:00,376.9112924260201,376.9112924260201,371.5650329589844,371.5650329589844,44800,0.0,0.0
2019-01-28 00:00:00+09:00,371.5650114944677,375.1291842665969,371.5650114944677,372.4560546875,14800,0.0,0.0
2019-01-29 00:00:00+09:00,372.4560637189551,375.12919336287104,370.6739772896778,373.34710693359375,19200,0.0,0.0
2019-01-30 00:00:00+09:00,373.34714111915,374.2381844153771,368.8919246380146,370.67401123046875,31000,0.0,0.0
2019-01-31 00:00:00+09:00,370.6739912853194,372.4560777818835,361.76355880249923,362.65460205078125,41300,0.0,0.0
2019-02-01 00:00:00+09:00,359.090411150897,362.65458396629055,357.3083247432002,360.87249755859375,33400,0.0,0.0
2019-02-04 00:00:00+09:00,365.32773372631715,371.5650364972543,364.43669047332617,368.89190673828125,37000,0.0,0.0
2019-02-05 00:00:00+09:00,375.12916857130983,381.3664706615691,375.12916857130983,376.9112548828125,66600,0.0,0.0
2019-02-06 00:00:00+09:00,376.02025114815194,379.58442414481686,374.23816464981945,377.8023376464844,26900,0.0,0.0
2019-02-07 00:00:00+09:00,377.80233414446724,380.4754638671875,372.45607469902666,380.4754638671875,27800,0.0,0.0
2019-02-08 00:00:00+09:00,375.12916857130983,378.69334119431517,372.45603910405583,376.9112548828125,34800,0.0,0.0
2019-02-12 00:00:00+09:00,381.3664889705882,382.2575321691176,376.02022977941175,378.693359375,70500,0.0,0.0
2019-02-13 00:00:00+09:00,377.8023376464844,378.69338089565065,374.23816464981945,377.8023376464844,24000,0.0,0.0
2019-02-14 00:00:00+09:00,380.4754673939831,382.25755389231557,376.91129439731816,377.8023376464844,13000,0.0,0.0
2019-02-15 00:00:00+09:00,376.02024083655095,388.49484598278724,375.1291976118198,385.82171630859375,50100,0.0,0.0
2019-02-18 00:00:00+09:00,385.8216883572665,392.0589904785156,384.0396020369096,392.0589904785156,41800,0.0,0.0
2019-02-19 00:00:00+09:00,394.7321597421521,395.62320299213434,391.1679867422229,392.9500732421875,36100,0.0,0.0
2019-02-20 00:00:00+09:00,392.9500732421875,392.9500732421875,389.38590024225834,392.9500732421875,25100,0.0,0.0
2019-02-21 00:00:00+09:00,392.9500517694119,393.8410949707031,392.05900856812076,393.8410949707031,20700,0.0,0.0
2019-02-22 00:00:00+09:00,390.27693110825516,394.7321472167969,390.27693110825516,394.7321472167969,24000,0.0,0.0
2019-02-25 00:00:00+09:00,395.62318479498856,396.5142280039863,390.27692554100224,391.16796875,38300,0.0,0.0
2019-02-26 00:00:00+09:00,392.0590244878075,392.0590244878075,388.49485153791835,389.3858947753906,19800,0.0,0.0
2019-02-27 00:00:00+09:00,390.27692554100224,392.0590119589977,388.49483912300684,391.16796875,45600,0.0,0.0
2019-02-28 00:00:00+09:00,391.16796306741645,392.0590062634698,387.6037902832031,387.6037902832031,18500,0.0,0.0
2019-03-01 00:00:00+09:00,387.6037969087299,410.7709204021253,387.6037969087299,406.3157043457031,109500,0.0,0.0
2019-03-04 00:00:00+09:00,425.9186710858586,441.9574494949495,418.79032512626264,441.06640625,276300,0.0,0.0
2019-03-05 00:00:00+09:00,437.5022222060687,441.0663950957312,431.2649196491594,433.93804931640625,64400,0.0,0.0
2019-03-06 00:00:00+09:00,430.3738651793287,430.3738651793287,425.0276059845544,426.8096923828125,41500,0.0,0.0
2019-03-07 00:00:00+09:00,425.9186343422419,425.9186343422419,420.57237533376184,422.3544616699219,27000,0.0,0.0
2019-03-08 00:00:00+09:00,417.8993009526679,418.79034423828125,410.770954667761,418.79034423828125,65700,0.0,0.0
2019-03-11 00:00:00+09:00,422.35449009635977,422.35449009635977,411.66197135974306,416.1171875,54800,0.0,0.0
2019-03-12 00:00:00+09:00,420.57241467927633,426.8097174393503,417.00824167351976,423.24554443359375,26400,0.0,0.0
2019-03-13 00:00:00+09:00,425.02762897198016,425.02762897198016,414.3351100041316,417.00823974609375,17900,0.0,0.0
2019-03-14 00:00:00+09:00,417.0082251134753,417.0082251134753,410.77092260109424,412.5530090332031,14900,0.0,0.0
2019-03-15 00:00:00+09:00,410.7709020539003,416.1171610828013,404.5335998535156,404.5335998535156,44200,0.0,0.0
2019-03-18 00:00:00+09:00,408.0977873625579,411.6619601779514,403.642571343316,408.98883056640625,30800,0.0,0.0
2019-03-19 00:00:00+09:00,412.5530159781224,412.5530159781224,405.42467012968837,407.2067565917969,18900,0.0,0.0
2019-03-20 00:00:00+09:00,408.9888238722278,417.00821257560483,408.0977806829637,414.3350830078125,51000,0.0,0.0
2019-03-22 00:00:00+09:00,416.11717730610314,427.70073898700105,410.7709180687656,424.1365661621094,62500,0.0,0.0
2019-03-25 00:00:00+09:00,423.2455479896675,423.2455479896675,415.22615865933693,420.5724182128906,36700,0.0,0.0
2019-03-26 00:00:00+09:00,422.35449923001806,432.1559749505459,416.11719649877307,417.00823974609375,57600,0.0,0.0
2019-03-27 00:00:00+09:00,423.4950353898446,429.9818302426431,419.78829547395975,429.0551452636719,36400,18.0,0.0
2019-03-28 00:00:00+09:00,425.34840948850115,425.34840948850115,412.3748196566078,419.7882995605469,29700,0.0,0.0
2019-03-29 00:00:00+09:00,417.0082537048066,420.7149937377382,410.5214586471763,413.301513671875,26100,0.0,0.0
2019-04-01 00:00:00+09:00,414.2281896325926,422.568354524524,414.2281896325926,419.7882995605469,23200,0.0,0.0
2019-04-02 00:00:00+09:00,424.4217056072756,429.0551303409795,417.93491098009014,420.7149658203125,16700,0.0,0.0
2019-04-03 00:00:00+09:00,418.86160174046125,418.86160174046125,405.8880123060222,406.814697265625,46200,0.0,0.0
2019-04-04 00:00:00+09:00,406.8147021677699,410.5214420508475,402.18127731392286,409.5947570800781,39800,0.0,0.0
2019-04-05 00:00:00+09:00,415.15486979166667,417.00823974609375,412.37481486002605,417.00823974609375,20300,0.0,0.0
2019-04-08 00:00:00+09:00,419.7882847141575,420.7149696693764,410.5214351619686,411.4481201171875,14700,0.0,0.0
2019-04-09 00:00:00+09:00,414.2281730668847,421.6416526743458,410.5214332631542,416.08154296875,23000,0.0,0.0
2019-04-10 00:00:00+09:00,416.08152777931906,416.08152777931906,404.96130877408115,407.7413635253906,43900,0.0,0.0
2019-04-11 00:00:00+09:00,406.8147253049775,406.8147253049775,391.06107990592375,399.4012451171875,27700,0.0,0.0
2019-04-12 00:00:00+09:00,408.6680882125749,408.6680882125749,398.4745531324426,401.2546081542969,19800,0.0,0.0
2019-04-15 00:00:00+09:00,405.88801523503037,414.2281799316406,404.0346453024504,414.2281799316406,33300,0.0,0.0
2019-04-16 00:00:00+09:00,414.22817498284417,414.22817498284417,407.7413802963119,411.4481201171875,17400,0.0,0.0
2019-04-17 00:00:00+09:00,411.4481458599065,411.4481458599065,405.88803578071855,408.6680908203125,18200,0.0,0.0
2019-04-18 00:00:00+09:00,408.66809535192505,408.66809535192505,397.54787507024,399.4012451171875,37400,0.0,0.0
2019-04-19 00:00:00+09:00,398.47454347990157,399.40122846473855,385.5009536921838,395.6944885253906,69100,0.0,0.0
2019-04-22 00:00:00+09:00,391.0610401826746,395.6944648293888,387.3543004653033,393.8410949707031,93400,0.0,0.0
2019-04-23 00:00:00+09:00,401.25460181917464,416.08156170163835,401.25460181917464,415.1548767089844,145900,0.0,0.0
2019-04-24 00:00:00+09:00,415.15488151330374,418.8616215268154,409.59477149303626,417.9349365234375,67200,0.0,0.0
2019-04-25 00:00:00+09:00,421.64166463216145,422.568349609375,410.52144490559897,417.00823974609375,83500,0.0,0.0
2019-04-26 00:00:00+09:00,414.2281917163304,419.7883016722543,409.59476675306047,415.1548767089844,39800,0.0,0.0
2019-05-07 00:00:00+09:00,415.15485801781733,419.7882827724805,410.5214332631542,416.08154296875,48400,0.0,0.0
2019-05-08 00:00:00+09:00,430.90851319141876,445.735472785102,427.2017732929979,433.6885681152344,222300,0.0,0.0
2019-05-09 00:00:00+09:00,433.68855703646994,433.68855703646994,416.08154296875,416.08154296875,120300,0.0,0.0
2019-05-10 00:00:00+09:00,422.56834362399195,431.83519326486896,417.00823383946573,430.90850830078125,85500,0.0,0.0
2019-05-13 00:00:00+09:00,429.98182735233513,430.90851232507725,421.64166259765625,421.64166259765625,34300,0.0,0.0
2019-05-14 00:00:00+09:00,414.22818281571944,422.5683475703983,410.521442924751,421.64166259765625,56000,0.0,0.0
2019-05-15 00:00:00+09:00,421.64166259765625,424.4217175158825,412.3748128702352,421.64166259765625,37900,0.0,0.0
2019-05-16 00:00:00+09:00,417.0082466942923,418.8616166796003,409.59476675306047,415.1548767089844,33800,0.0,0.0
2019-05-17 00:00:00+09:00,418.8616027832031,418.8616027832031,410.5214381260155,418.8616027832031,39600,0.0,0.0
2019-05-20 00:00:00+09:00,419.7882906706437,427.2017704175866,419.7882906706437,426.27508544921875,29300,0.0,0.0
2019-05-21 00:00:00+09:00,422.568354524524,423.49503951251637,417.9349295845621,419.7882995605469,21300,0.0,0.0
2019-05-22 00:00:00+09:00,422.56833571379406,424.4217056072756,417.93491098009014,420.7149658203125,23100,0.0,0.0
2019-05-23 00:00:00+09:00,422.568354524524,424.42172450050873,417.9349295845621,419.7882995605469,19700,0.0,0.0
2019-05-24 00:00:00+09:00,419.7882995605469,421.64166953653165,414.2281896325926,419.7882995605469,41300,0.0,0.0
2019-05-27 00:00:00+09:00,425.3484143708881,427.2017843681469,420.71498937774123,422.568359375,17100,0.0,0.0
2019-05-28 00:00:00+09:00,422.568354524524,424.42172450050873,418.8616145725545,419.7882995605469,18200,0.0,0.0
2019-05-29 00:00:00+09:00,415.15486979166667,417.9349247233073,410.52144490559897,417.00823974609375,22700,0.0,0.0
2019-05-30 00:00:00+09:00,411.4481436554092,414.2281986801079,407.74140362247755,413.301513671875,26200,0.0,0.0
2019-05-31 00:00:00+09:00,405.88803578071855,410.5214608467085,404.0346657543226,408.6680908203125,43600,0.0,0.0
2019-06-03 00:00:00+09:00,404.03466796875,406.8147230235808,402.18129793219606,404.03466796875,19300,0.0,0.0
2019-06-04 00:00:00+09:00,406.814695341093,417.00822984850083,404.9613254306552,411.4481201171875,41500,0.0,0.0
2019-06-05 00:00:00+09:00,415.15487462058496,422.568354524524,415.15487462058496,419.7882995605469,39400,0.0,0.0
2019-06-06 00:00:00+09:00,421.64166463216145,424.4217195638021,416.0815547688802,417.00823974609375,20700,0.0,0.0
2019-06-07 00:00:00+09:00,418.86161251151407,425.3484073955419,415.15487257778386,424.4217224121094,30900,0.0,0.0
2019-06-10 00:00:00+09:00,431.83520719648186,431.83520719648186,422.5683572566432,427.2017822265625,52400,0.0,0.0
2019-06-11 00:00:00+09:00,426.2750972325786,428.1284672205464,422.5683572566432,427.2017822265625,20900,0.0,0.0
2019-06-12 00:00:00+09:00,426.27508247848107,427.2017674403908,418.8616027832031,418.8616027832031,21700,0.0,0.0
2019-06-13 00:00:00+09:00,417.0082466942923,419.7883016722543,410.52145174571444,415.1548767089844,34100,0.0,0.0
2019-06-14 00:00:00+09:00,417.00823974609375,417.9349247233073,412.37481486002605,417.00823974609375,32900,0.0,0.0
2019-06-17 00:00:00+09:00,417.00823974609375,420.7149796549479,414.22818481445313,417.00823974609375,22100,0.0,0.0
2019-06-18 00:00:00+09:00,417.00822984850083,417.9349148037197,408.66806525153083,411.4481201171875,31400,0.0,0.0
2019-06-19 00:00:00+09:00,414.2281730668847,417.0082279196826,413.3014881159521,416.08154296875,35300,0.0,0.0
2019-06-20 00:00:00+09:00,417.9349247233073,417.9349247233073,415.15486979166667,417.00823974609375,18900,0.0,0.0
2019-06-21 00:00:00+09:00,417.00822238264413,440.1753458483466,415.15485250538796,429.9818115234375,141900,0.0,0.0
2019-06-24 00:00:00+09:00,432.76188314062915,437.39530801365515,428.12845826760315,433.6885681152344,39100,0.0,0.0
2019-06-25 00:00:00+09:00,437.3953129146762,440.17536786964234,434.61525795971005,436.4686279296875,39000,0.0,0.0
2019-06-26 00:00:00+09:00,434.61524316036343,438.32198297409786,427.2017635328945,428.1284484863281,24400,0.0,0.0
2019-06-27 00:00:00+09:00,429.9818468114293,433.6885868701485,426.2751067527101,432.76190185546875,22000,0.0,0.0
2019-06-28 00:00:00+09:00,431.8351795708955,439.2486590485074,431.8351795708955,434.615234375,32200,0.0,0.0
2019-07-01 00:00:00+09:00,448.51552361524256,448.51552361524256,440.17535891991776,442.9554138183594,56100,0.0,0.0
2019-07-02 00:00:00+09:00,452.2222713166219,454.0756412810343,449.44221637000334,453.1489562988281,131500,0.0,0.0
2019-07-03 00:00:00+09:00,451.2955814565651,454.0756363731353,448.5155265399949,450.368896484375,33400,0.0,0.0
2019-07-04 00:00:00+09:00,450.3688915560704,454.07563140426856,447.5888366699219,447.5888366699219,29100,0.0,0.0
2019-07-05 00:00:00+09:00,447.58884846080434,452.2222733931108,446.66216347434306,448.5155334472656,37100,0.0,0.0
2019-07-08 00:00:00+09:00,447.58883864909535,450.3688935475369,442.02872885221217,442.9554138183594,34900,0.0,0.0
2019-07-09 00:00:00+09:00,444.80876681170884,446.6621366734243,434.61523257227384,439.2486572265625,40700,0.0,0.0
2019-07-10 00:00:00+09:00,442.02872885221217,442.9554138183594,437.3953040214762,442.9554138183594,48400,0.0,0.0
2019-07-11 00:00:00+09:00,438.32201226552326,447.5888624191284,438.32201226552326,444.8088073730469,25800,0.0,0.0
2019-07-12 00:00:00+09:00,444.8088073730469,447.5888624191284,442.02875232696533,444.8088073730469,16300,0.0,0.0
2019-07-16 00:00:00+09:00,441.10204388606496,443.8820987845066,440.17535891991776,442.9554138183594,18100,0.0,0.0
2019-07-17 00:00:00+09:00,442.9554138183594,445.73546871680094,440.17535891991776,442.9554138183594,17900,0.0,0.0
2019-07-18 00:00:00+09:00,443.8821246016653,443.8821246016653,438.3220144813939,440.1753845214844,53700,0.0,0.0
2019-07-19 00:00:00+09:00,439.2486883081205,451.29559326171875,438.32200331168985,451.29559326171875,33400,0.0,0.0
2019-07-22 00:00:00+09:00,458.7090572234123,468.902591828377,455.0023173670615,459.6357421875,132300,0.0,0.0
2019-07-23 00:00:00+09:00,462.41581321888634,462.41581321888634,449.44222326885745,451.29559326171875,36800,0.0,0.0
2019-07-24 00:00:00+09:00,454.0756392382417,457.7823791503906,451.29558430413,457.7823791503906,19100,0.0,0.0
2019-07-25 00:00:00+09:00,463.3424790179143,463.3424790179143,452.2222595214844,452.2222595214844,31200,0.0,0.0
2019-07-26 00:00:00+09:00,451.2955814565651,453.14895140094524,447.5888415678048,450.368896484375,10600,0.0,0.0
2019-07-29 00:00:00+09:00,451.2955884066495,451.2955884066495,446.66216347434306,448.5155334472656,10700,0.0,0.0
2019-07-30 00:00:00+09:00,452.22227825814934,452.22227825814934,445.73548328313495,451.29559326171875,14000,0.0,0.0
2019-07-31 00:00:00+09:00,449.44220274021853,473.53601154691063,446.6621478779079,456.8556823730469,98000,0.0,0.0
2019-08-01 00:00:00+09:00,456.8556823730469,459.6357372353575,452.22225760252917,456.8556823730469,14100,0.0,0.0
2019-08-02 00:00:00+09:00,455.9290063175155,456.85569128970553,449.44221151218494,450.368896484375,37300,0.0,0.0
2019-08-05 00:00:00+09:00,450.3689126068691,450.3689126068691,430.9085274942266,442.02874755859375,39700,0.0,0.0
2019-08-06 00:00:00+09:00,402.18126870476056,425.3483924780763,397.54784395009744,416.08154296875,118900,0.0,0.0
2019-08-07 00:00:00+09:00,416.08156603112064,416.08156603112064,405.8880310058594,405.8880310058594,46100,0.0,0.0
2019-08-08 00:00:00+09:00,402.1812764058858,402.1812764058858,391.06105678175993,397.5478515625,81700,0.0,0.0
2019-08-09 00:00:00+09:00,400.32788947610294,403.10794426413145,389.20767032398896,393.8410949707031,80100,0.0,0.0
2019-08-13 00:00:00+09:00,394.76780563282176,394.76780563282176,387.3543257148345,391.0610656738281,70200,0.0,0.0
2019-08-14 00:00:00+09:00,393.84109146293554,404.0346255949174,392.91440654184623,403.1079406738281,29100,0.0,0.0
2019-08-15 00:00:00+09:00,391.0610615765607,402.18128133703163,391.0610615765607,400.3279113769531,33700,0.0,0.0
2019-08-16 00:00:00+09:00,403.10796137456293,408.66807118662587,397.5478515625,397.5478515625,27900,0.0,0.0
2019-08-19 00:00:00+09:00,404.0346443422379,407.7413841985887,400.3279044858871,402.1812744140625,27600,0.0,0.0
2019-08-20 00:00:00+09:00,405.8880103858741,415.15485993806305,405.8880103858741,411.4481201171875,28500,0.0,0.0
2019-08-21 00:00:00+09:00,409.59476886000107,411.4481388548427,408.66808386258026,410.5214538574219,11700,0.0,0.0
2019-08-22 00:00:00+09:00,412.37481689453125,413.3015018763167,406.81470700381846,412.37481689453125,18500,0.0,0.0
2019-08-23 00:00:00+09:00,410.5214440806234,412.37481403132597,404.03464925316433,404.9613342285156,33800,0.0,0.0
2019-08-26 00:00:00+09:00,397.5478584950646,399.40122846473855,394.76780354055364,395.6944885253906,24700,0.0,0.0
2019-08-27 00:00:00+09:00,395.6945072944176,399.40124740958777,391.0610821504548,394.767822265625,15600,0.0,0.0
2019-08-28 00:00:00+09:00,393.84109678722564,397.5478365216936,389.2076721191406,389.2076721191406,22800,0.0,0.0
2019-08-29 00:00:00+09:00,390.1343737908129,393.84111368431235,387.35431887068836,392.9144287109375,15500,0.0,0.0
2019-08-30 00:00:00+09:00,393.8411372368325,396.6211923232101,389.2077120928697,394.767822265625,31700,0.0,0.0
2019-09-02 00:00:00+09:00,396.62117145679616,403.10796631707086,396.62117145679616,400.3279113769531,13100,0.0,0.0
2019-09-03 00:00:00+09:00,402.18127930246175,407.7413891545695,401.25459432711045,404.9613342285156,15300,0.0,0.0
2019-09-04 00:00:00+09:00,402.1812557527389,408.66805020036367,402.1812557527389,403.1079406738281,22800,0.0,0.0
2019-09-05 00:00:00+09:00,407.7413967677525,421.64167165756226,404.96134178979054,415.1548767089844,32200,0.0,0.0
2019-09-06 00:00:00+09:00,418.8616237212724,418.8616237212724,412.37482866364206,413.301513671875,15300,0.0,0.0
2019-09-09 00:00:00+09:00,415.15485913825756,429.05513343976173,414.22817418482396,428.1284484863281,31300,0.0,0.0
2019-09-10 00:00:00+09:00,433.6885582069298,433.6885582069298,420.71496885885927,428.1284484863281,66900,0.0,0.0
2019-09-11 00:00:00+09:00,429.0551265848094,430.9084964620656,423.4950169530408,429.9818115234375,31800,0.0,0.0
2019-09-12 00:00:00+09:00,431.83519326486896,437.3953030493952,428.12845340851817,430.90850830078125,37300,0.0,0.0
2019-09-13 00:00:00+09:00,433.6885729747213,437.3953129146762,428.128463064789,436.4686279296875,45500,0.0,0.0
2019-09-17 00:00:00+09:00,435.54193312121976,435.54193312121976,429.0551383726058,430.90850830078125,19700,0.0,0.0
2019-09-18 00:00:00+09:00,429.0551373642103,430.9085072880298,418.8616027832031,418.8616027832031,35700,0.0,0.0
2019-09-19 00:00:00+09:00,422.56836154032703,423.4950465437049,416.0815665166817,417.9349365234375,58700,0.0,0.0
2019-09-20 00:00:00+09:00,418.8616166796003,418.8616166796003,414.2281917163304,415.1548767089844,30800,0.0,0.0
2019-09-24 00:00:00+09:00,418.86160970052083,419.78829467773437,414.22818481445313,417.00823974609375,48900,0.0,0.0
2019-09-25 00:00:00+09:00,416.0815596085774,422.568354524524,416.0815596085774,419.7882995605469,67200,0.0,0.0
2019-09-26 00:00:00+09:00,422.568359375,426.27509936951753,419.7883043791118,422.568359375,43200,0.0,0.0
2019-09-27 00:00:00+09:00,422.568349609375,424.4217195638021,416.0815547688802,417.00823974609375,41400,0.0,0.0
2019-09-30 00:00:00+09:00,417.0082279196826,417.9349128706152,414.2281730668847,416.08154296875,17400,0.0,0.0
2019-10-01 00:00:00+09:00,417.00823383946573,432.7618782289567,417.00823383946573,430.90850830078125,52900,0.0,0.0
2019-10-02 00:00:00+09:00,428.1284553859545,429.9818253226902,424.421715512483,426.27508544921875,25500,0.0,0.0
2019-10-03 00:00:00+09:00,422.56836154032703,422.56836154032703,416.0815665166817,417.9349365234375,24100,0.0,0.0
2019-10-04 00:00:00+09:00,419.7882995605469,420.71498454853923,412.3748196566078,419.7882995605469,25400,0.0,0.0
2019-10-07 00:00:00+09:00,421.6416538122929,429.05513343976173,420.71496885885927,428.1284484863281,28600,0.0,0.0
2019-10-08 00:00:00+09:00,427.2017822265625,429.9818372085141,425.3484122385948,427.2017822265625,27100,0.0,0.0
2019-10-09 00:00:00+09:00,428.1284590818282,445.7354736328125,428.1284590818282,445.7354736328125,70000,0.0,0.0
2019-10-10 00:00:00+09:00,447.5888646818462,447.5888646818462,437.3953294613487,440.1753845214844,59300,0.0,0.0
2019-10-11 00:00:00+09:00,442.0287378396198,442.0287378396198,431.8352030047439,436.4686279296875,23400,0.0,0.0
2019-10-15 00:00:00+09:00,443.8821154076034,448.5155404118582,440.17537540419966,446.66217041015625,35400,0.0,0.0
2019-10-16 00:00:00+09:00,450.3688985146504,450.3688985146504,442.9554187037097,445.7354736328125,23400,0.0,0.0
2019-10-17 00:00:00+09:00,444.8088025746855,445.73548758004944,439.24869254250194,442.02874755859375,25700,0.0,0.0
2019-10-18 00:00:00+09:00,442.9554325639577,447.5888575907773,440.1753775478659,442.02874755859375,64200,0.0,0.0
2019-10-21 00:00:00+09:00,442.9554304067525,448.5155404118582,442.9554304067525,446.66217041015625,16600,0.0,0.0
2019-10-23 00:00:00+09:00,447.58881978650186,448.51550471359604,442.9553951510308,443.882080078125,26800,0.0,0.0
2019-10-24 00:00:00+09:00,445.73546871680094,446.66215368294814,439.24867395377055,442.9554138183594,38400,0.0,0.0
2019-10-25 00:00:00+09:00,442.9554325639577,443.8821175693216,439.24869254250194,442.02874755859375,35000,0.0,0.0
2019-10-28 00:00:00+09:00,440.17536090745983,440.17536090745983,433.6885661151394,438.3219909667969,27100,0.0,0.0
2019-10-29 00:00:00+09:00,440.1753775478659,445.73548758004944,440.1753775478659,442.02874755859375,26300,0.0,0.0
2019-10-30 00:00:00+09:00,442.0287479945591,454.0756530761719,438.3220079694475,454.0756530761719,83600,0.0,0.0
2019-10-31 00:00:00+09:00,454.0756392382417,459.635749106465,450.3688993260928,457.7823791503906,35900,0.0,0.0
2019-11-01 00:00:00+09:00,455.0023124648398,457.78236732715044,450.36888769432204,456.8556823730469,13300,0.0,0.0
2019-11-05 00:00:00+09:00,463.34248697590493,467.04922687171216,454.0756372363868,462.4158020019531,76000,0.0,0.0
2019-11-06 00:00:00+09:00,463.34248697590493,467.975911845664,461.4891170280013,462.4158020019531,46700,0.0,0.0
2019-11-07 00:00:00+09:00,462.41579707976314,465.1958519720262,459.6357421875,459.6357421875,19500,0.0,0.0
2019-11-08 00:00:00+09:00,461.4891101585891,464.2691650390625,457.7823703179579,464.2691650390625,48700,0.0,0.0
2019-11-11 00:00:00+09:00,467.04923663753095,467.9759216308594,447.58885177763386,467.9759216308594,91300,0.0,0.0
2019-11-12 00:00:00+09:00,460.5624302547527,461.4891152250842,437.39530599646537,438.3219909667969,140600,0.0,0.0
2019-11-13 00:00:00+09:00,436.4686060938342,438.3219759710904,427.2017567075532,429.9818115234375,94600,0.0,0.0
2019-11-14 00:00:00+09:00,431.835205078125,432.761890067563,429.0551501098109,431.835205078125,40700,0.0,0.0
2019-11-15 00:00:00+09:00,430.90851801975515,439.24868288465365,430.90851801975515,436.4686279296875,33900,0.0,0.0
2019-11-18 00:00:00+09:00,442.02874975689383,442.02874975689383,433.68858466714113,437.39532470703125,22800,0.0,0.0
2019-11-19 00:00:00+09:00,438.3219978996649,438.3219978996649,433.6885729747213,436.4686279296875,22100,0.0,0.0
2019-11-20 00:00:00+09:00,435.5419616699219,436.4686466947515,433.6885916202626,435.5419616699219,22300,0.0,0.0
2019-11-21 00:00:00+09:00,433.6885916202626,435.5419616699219,430.90853654577376,435.5419616699219,22200,0.0,0.0
2019-11-22 00:00:00+09:00,434.61525795971005,439.24868288465365,434.61525795971005,436.4686279296875,27200,0.0,0.0
2019-11-25 00:00:00+09:00,438.32200971700377,438.32200971700377,434.61526967711364,437.39532470703125,27000,0.0,0.0
2019-11-26 00:00:00+09:00,438.32197411380594,439.2486590485074,434.615234375,434.615234375,27000,0.0,0.0
2019-11-27 00:00:00+09:00,432.76188314062915,435.54193806444476,432.76188314062915,433.6885681152344,26600,0.0,0.0
2019-11-28 00:00:00+09:00,436.46862303904993,436.46862303904993,431.83519816602393,433.6885681152344,19800,0.0,0.0
2019-11-29 00:00:00+09:00,432.761906595433,438.32201674441075,431.8352215706034,435.5419616699219,32800,0.0,0.0
2019-12-02 00:00:00+09:00,435.5419616699219,436.4686466947515,434.61527664509225,435.5419616699219,18400,0.0,0.0
2019-12-03 00:00:00+09:00,435.54194294469875,436.4686279296875,430.90851801975515,436.4686279296875,37900,0.0,0.0
2019-12-04 00:00:00+09:00,432.7618627105584,441.1020270882779,432.7618627105584,439.2486572265625,24400,0.0,0.0
2019-12-05 00:00:00+09:00,437.3953294613487,444.8088096217105,437.3953294613487,440.1753845214844,30500,0.0,0.0
2019-12-06 00:00:00+09:00,441.1020695415296,444.8088096217105,437.3953294613487,440.1753845214844,31600,0.0,0.0
2019-12-09 00:00:00+09:00,444.80879350142044,449.4422184337269,441.10205355557525,448.5155334472656,43200,0.0,0.0
2019-12-10 00:00:00+09:00,449.4422302246094,450.3689152353818,447.5888602030646,449.4422302246094,63900,0.0,0.0
2019-12-11 00:00:00+09:00,450.3688935475369,450.3688935475369,441.10204388606496,442.9554138183594,34100,0.0,0.0
2019-12-12 00:00:00+09:00,447.58883864909535,447.58883864909535,441.10204388606496,442.9554138183594,20600,0.0,0.0
2019-12-13 00:00:00+09:00,443.8821036800773,449.44221353828283,442.9554187037097,445.7354736328125,42700,0.0,0.0
2019-12-16 00:00:00+09:00,448.515545213837,452.22228525692657,444.80880517074746,449.4422302246094,33900,0.0,0.0
2019-12-17 00:00:00+09:00,450.36888960541273,453.1489444795202,449.44220464737685,452.2222595214844,24100,0.0,0.0
2019-12-18 00:00:00+09:00,453.148970267699,453.148970267699,446.66217519229224,449.4422302246094,39500,0.0,0.0
2019-12-19 00:00:00+09:00,449.44221151218494,451.2955814565651,447.5888415678048,450.368896484375,20400,0.0,0.0
2019-12-20 00:00:00+09:00,450.368896484375,455.00232134532536,447.5888415678048,450.368896484375,43500,0.0,0.0
2019-12-23 00:00:00+09:00,452.22228525692657,455.00234028924376,449.4422302246094,449.4422302246094,21700,0.0,0.0
2019-12-24 00:00:00+09:00,450.3689082652881,452.22227825814934,449.44222326885745,451.29559326171875,16600,0.0,0.0
2019-12-25 00:00:00+09:00,454.07564825101065,454.07564825101065,450.3689082652881,451.29559326171875,31700,0.0,0.0
2019-12-26 00:00:00+09:00,451.29559326171875,452.22227825814934,448.51553827242685,451.29559326171875,24500,0.0,0.0
2019-12-27 00:00:00+09:00,454.07564612908095,456.85570110538146,453.1489611369808,455.92901611328125,32400,0.0,0.0
2019-12-30 00:00:00+09:00,457.7823840012733,464.2691789162711,457.7823840012733,460.56243896484375,55400,0.0,0.0
2020-01-06 00:00:00+09:00,455.92902308872766,459.6357631138393,454.0756530761719,454.0756530761719,31800,0.0,0.0
2020-01-07 00:00:00+09:00,460.56242914452326,460.56242914452326,449.4422095273517,455.0023193359375,51500,0.0,0.0
2020-01-08 00:00:00+09:00,452.22227825814934,455.9290182438719,450.3689082652881,451.29559326171875,37200,0.0,0.0
2020-01-09 00:00:00+09:00,457.7823791503906,458.7090641284278,455.0023242162789,457.7823791503906,42800,0.0,0.0
2020-01-10 00:00:00+09:00,459.63574620627577,460.56243117846583,448.5155265399949,450.368896484375,62600,0.0,0.0
2020-01-14 00:00:00+09:00,456.8556921582422,463.34248697590493,455.0023222103386,462.4158020019531,71300,0.0,0.0
2020-01-15 00:00:00+09:00,459.6357609296086,460.5624459314828,455.92902092211176,458.7090759277344,35300,0.0,0.0
2020-01-16 00:00:00+09:00,461.4891190625395,462.41580404057675,457.7823791503906,457.7823791503906,18900,0.0,0.0
2020-01-17 00:00:00+09:00,457.7823791503906,459.635749106465,455.92900919431617,457.7823791503906,25100,0.0,0.0
2020-01-20 00:00:00+09:00,458.70906210614584,465.19585692380855,458.70906210614584,462.4158020019531,37200,0.0,0.0
2020-01-21 00:00:00+09:00,463.34248497372585,471.6826497032529,463.34248497372585,467.0492248535156,47500,0.0,0.0
2020-01-22 00:00:00+09:00,467.9759078409911,476.31607253518695,467.9759078409911,471.6826477050781,58400,0.0,0.0
2020-01-23 00:00:00+09:00,472.60935624751556,474.46272627201563,469.8293012107655,473.5360412597656,28000,0.0,0.0
2020-01-24 00:00:00+09:00,468.90260175119835,470.75597171859437,461.48912188161415,465.19586181640625,59100,0.0,0.0
2020-01-27 00:00:00+09:00,463.34248901861395,463.34248901861395,457.7823791503906,457.7823791503906,38200,0.0,0.0
2020-01-28 00:00:00+09:00,455.0023193359375,455.0023193359375,450.3688944954493,455.0023193359375,40500,0.0,0.0
2020-01-29 00:00:00+09:00,456.85568047335823,462.4157901748596,455.0023105728578,461.4891052246094,27300,0.0,0.0
2020-01-30 00:00:00+09:00,461.48912113868386,461.48912113868386,451.2955863344157,453.1489562988281,54200,0.0,0.0
2020-01-31 00:00:00+09:00,450.3688993260928,460.5624340845023,450.3688993260928,457.7823791503906,22300,0.0,0.0
2020-02-03 00:00:00+09:00,449.44222326885745,455.9290182438719,448.51553827242685,451.29559326171875,23800,0.0,0.0
2020-02-04 00:00:00+09:00,450.3689109108665,458.7090759277344,450.3689109108665,458.7090759277344,26900,0.0,0.0
2020-02-05 00:00:00+09:00,458.7090485043839,471.6826377550129,458.7090485043839,466.1225280761719,49600,0.0,0.0
2020-02-06 00:00:00+09:00,468.90259280701287,474.46270260314344,468.90259280701287,471.6826477050781,33700,0.0,0.0
2020-02-07 00:00:00+09:00,475.3893737792969,475.3893737792969,468.90257920531036,475.3893737792969,50200,0.0,0.0
2020-02-10 00:00:00+09:00,473.5360176371217,477.24275750120876,470.7559627390564,471.6826477050781,54900,0.0,0.0
2020-02-12 00:00:00+09:00,439.2486590485074,440.17534398320896,430.908494636194,434.615234375,210400,0.0,0.0
2020-02-13 00:00:00+09:00,435.5419616699219,441.1020718188996,434.61527664509225,435.5419616699219,79600,0.0,0.0
2020-02-14 00:00:00+09:00,435.5419360558024,438.3219909667969,433.6885661151394,438.3219909667969,43300,0.0,0.0
2020-02-17 00:00:00+09:00,436.4686250954416,436.4686250954416,427.2017753057295,429.0551452636719,65200,0.0,0.0
2020-02-18 00:00:00+09:00,421.6416596619608,421.6416596619608,408.66807013390047,414.2281799316406,129300,0.0,0.0
2020-02-19 00:00:00+09:00,412.37482866364206,417.0082537048066,412.37482866364206,413.301513671875,56300,0.0,0.0
2020-02-20 00:00:00+09:00,413.30151588630247,416.0815709258964,407.7414058071145,408.6680908203125,68300,0.0,0.0
2020-02-21 00:00:00+09:00,407.74139886515945,410.5214538574219,407.74139886515945,410.5214538574219,54000,0.0,0.0
2020-02-25 00:00:00+09:00,397.5478584950646,399.40122846473855,389.20769363153175,395.6944885253906,154900,0.0,0.0
2020-02-26 00:00:00+09:00,393.8411145243001,404.9613342285156,390.13437462289494,404.9613342285156,59900,0.0,0.0
2020-02-27 00:00:00+09:00,404.9613159906296,404.9613159906296,385.5009323846726,389.2076721191406,99100,0.0,0.0
2020-02-28 00:00:00+09:00,383.6475916828601,383.6475916828601,361.407151585303,365.1138916015625,119800,0.0,0.0
2020-03-02 00:00:00+09:00,364.1872049720542,384.5742749704898,363.2605199721253,381.7942199707031,120200,0.0,0.0
2020-03-03 00:00:00+09:00,391.0610744798954,391.0610744798954,372.5273742675781,372.5273742675781,80400,0.0,0.0
2020-03-04 00:00:00+09:00,370.6739973313738,379.01416227132967,367.8939423513885,374.3807373046875,44700,0.0,0.0
2020-03-05 00:00:00+09:00,383.64759215558774,384.5742771607945,375.30742710872715,377.1607971191406,38800,0.0,0.0
2020-03-06 00:00:00+09:00,373.4540638047822,373.4540638047822,363.2605285644531,363.2605285644531,84400,0.0,0.0
2020-03-09 00:00:00+09:00,352.1402853113031,354.9203401953397,331.75321616170135,332.6799011230469,102400,0.0,0.0
2020-03-10 00:00:00+09:00,332.67991145704156,351.2136112596623,317.852951614945,350.28692626953125,116700,0.0,0.0
2020-03-11 00:00:00+09:00,347.5068755771803,360.48046559872836,341.02008056640625,341.02008056640625,57800,0.0,0.0
2020-03-12 00:00:00+09:00,326.1931222098214,336.3866572788783,319.7063271658761,324.3397521972656,136900,0.0,0.0
2020-03-13 00:00:00+09:00,294.6858449025197,316.9262860272382,291.9057897619299,308.58612060546875,122400,0.0,0.0
2020-03-16 00:00:00+09:00,309.51277996244886,328.04647936139787,308.5860949925014,311.36614990234375,93600,0.0,0.0
2020-03-17 00:00:00+09:00,303.95268245308193,338.24002772980157,296.53920239325066,336.38665771484375,117900,0.0,0.0
2020-03-18 00:00:00+09:00,343.80012654622396,362.3338260904948,343.80012654622396,347.5068664550781,93500,0.0,0.0
2020-03-19 00:00:00+09:00,351.2136112596623,362.33383114123467,345.65350131887607,350.28692626953125,71800,0.0,0.0
2020-03-23 00:00:00+09:00,342.8734415690104,359.5537711588542,330.8265368652344,347.5068664550781,113900,0.0,0.0
2020-03-24 00:00:00+09:00,350.28692217954654,366.04056682783306,344.72681230368073,359.55377197265625,77400,0.0,0.0
2020-03-25 00:00:00+09:00,375.3074017036252,379.9408264160156,361.4071275664539,379.9408264160156,102900,0.0,0.0
2020-03-26 00:00:00+09:00,372.5273604369516,379.0141552704309,361.40714072241576,376.2341003417969,81100,0.0,0.0
2020-03-27 00:00:00+09:00,383.64760417439874,392.91445451677555,377.160808934735,390.1343994140625,147800,0.0,0.0
2020-03-30 00:00:00+09:00,382.29246806323044,382.29246806323044,361.7074890136719,361.7074890136719,127800,23.0,0.0
2020-03-31 00:00:00+09:00,368.5691516419307,368.5691516419307,347.98417242788673,351.9051208496094,67300,0.0,0.0
2020-04-01 00:00:00+09:00,342.10275005940514,347.00393559034217,329.35966767896883,330.33990478515625,88800,0.0,0.0
2020-04-02 00:00:00+09:00,338.18182353421423,338.18182353421423,304.853759765625,304.853759765625,122200,0.0,0.0
2020-04-03 00:00:00+09:00,303.87350349296077,313.67587457337885,287.20947265625,287.20947265625,103100,0.0,0.0
2020-04-06 00:00:00+09:00,281.32805760287306,301.91303742747357,274.46639766133956,300.93280029296875,85700,0.0,0.0
2020-04-07 00:00:00+09:00,305.83398037269467,311.7154030721696,287.2094751576908,298.9723205566406,142400,0.0,0.0
2020-04-08 00:00:00+09:00,298.9723162651062,314.6561099052429,290.15018234252926,313.6758728027344,125800,0.0,0.0
2020-04-09 00:00:00+09:00,317.59681696785145,317.59681696785145,298.9723122691194,306.814208984375,82400,0.0,0.0
2020-04-10 00:00:00+09:00,322.49802891801045,322.49802891801045,309.7549457084842,321.5177917480469,76200,0.0,0.0
2020-04-13 00:00:00+09:00,316.61658411026,317.59682121276853,307.7944501876831,313.6758728027344,48400,0.0,0.0
2020-04-14 00:00:00+09:00,312.69565533988083,313.67589250395565,305.8339951913568,309.75494384765625,40700,0.0,0.0
2020-04-15 00:00:00+09:00,317.59682992788464,317.59682992788464,305.833984375,305.833984375,39300,0.0,0.0
2020-04-16 00:00:00+09:00,305.833975982666,313.6758728027344,300.9327904701233,313.6758728027344,32800,0.0,0.0
2020-04-17 00:00:00+09:00,315.6363414068642,323.4782380877801,309.7549188961773,311.71539306640625,23600,0.0,0.0
2020-04-20 00:00:00+09:00,309.75492982094335,316.61658965874904,309.75492982094335,315.6363525390625,17300,0.0,0.0
2020-04-21 00:00:00+09:00,311.71541817580595,312.69565533988083,302.8932836991322,309.75494384765625,38100,0.0,0.0
2020-04-22 00:00:00+09:00,306.8142341049538,309.754945613947,300.93281108696743,304.853759765625,23300,0.0,0.0
2020-04-23 00:00:00+09:00,305.83396925793346,316.6165771484375,305.83396925793346,316.6165771484375,17800,0.0,0.0
2020-04-24 00:00:00+09:00,326.4189479579867,326.4189479579867,312.69562882461787,316.6165771484375,55000,0.0,0.0
2020-04-27 00:00:00+09:00,319.55729259144175,324.4584780606357,312.6956329345703,323.4782409667969,24200,0.0,0.0
2020-04-28 00:00:00+09:00,323.4782606253595,323.4782606253595,315.63636339807806,319.55731201171875,19600,0.0,0.0
2020-04-30 00:00:00+09:00,324.45847669003615,329.3596621385261,324.45847669003615,328.3794250488281,38000,0.0,0.0
2020-05-01 00:00:00+09:00,328.37944815092,328.37944815092,313.67589077102804,314.6561279296875,32600,0.0,0.0
2020-05-07 00:00:00+09:00,316.6165881608969,321.517773736143,313.67587681574923,320.53753662109375,32100,0.0,0.0
2020-05-08 00:00:00+09:00,321.51776943987574,336.2213259691384,321.51776943987574,335.2410888671875,71100,0.0,0.0
2020-05-11 00:00:00+09:00,347.98417387709105,352.8853594246557,344.06322543903934,347.0039367675781,86700,0.0,0.0
2020-05-12 00:00:00+09:00,338.18181281215635,338.18181281215635,329.3596785648827,334.2608642578125,49200,0.0,0.0
2020-05-13 00:00:00+09:00,331.3201582216313,339.1620554576462,329.35968391262753,336.2213439941406,14500,0.0,0.0
2020-05-14 00:00:00+09:00,335.24111212753667,335.24111212753667,321.5177917480469,321.5177917480469,34700,0.0,0.0
2020-05-15 00:00:00+09:00,323.4782589454305,325.4387332420695,316.6165989071941,324.45849609375,14700,0.0,0.0
2020-05-18 00:00:00+09:00,324.4584944588797,329.35968017578125,321.51778302873885,329.35968017578125,12700,0.0,0.0
2020-05-19 00:00:00+09:00,333.2806091308594,334.26084621653837,326.41894953110636,333.2806091308594,25200,0.0,0.0
2020-05-20 00:00:00+09:00,333.2806132643642,340.14227294921875,333.2806132643642,340.14227294921875,20700,0.0,0.0
2020-05-21 00:00:00+09:00,344.0632185735622,353.8655894730939,341.1225073037027,349.94464111328125,38600,0.0,0.0
2020-05-22 00:00:00+09:00,351.90513882107206,353.86561313205294,347.98419019911023,352.8853759765625,20500,0.0,0.0
2020-05-25 00:00:00+09:00,360.7272574123989,365.6284429750674,356.80630896226415,363.66796875,43200,0.0,0.0
2020-05-26 00:00:00+09:00,368.56916375411186,372.4901123046875,365.6284523411801,372.4901123046875,27300,0.0,0.0
2020-05-27 00:00:00+09:00,372.4901197404426,393.0751000418881,364.6482224827491,386.21343994140625,139100,0.0,0.0
2020-05-28 00:00:00+09:00,387.19365475224515,399.9367370605469,381.31223214841356,399.9367370605469,97700,0.0,0.0
2020-05-29 00:00:00+09:00,393.07508730345137,398.95651005612143,387.19366455078125,387.19366455078125,52500,0.0,0.0
2020-06-01 00:00:00+09:00,387.19365903742744,387.19365903742744,378.37152503404303,385.2331848144531,34100,0.0,0.0
2020-06-02 00:00:00+09:00,391.1146100079572,400.91698118610145,387.19366153669944,396.99603271484375,62400,0.0,0.0
2020-06-03 00:00:00+09:00,396.99603271484375,397.9762698326582,386.21342441888504,396.99603271484375,55900,0.0,0.0
2020-06-04 00:00:00+09:00,396.0157995131409,403.8576965332031,392.09485100310985,403.8576965332031,32100,0.0,0.0
2020-06-05 00:00:00+09:00,400.9169851506798,403.8576965332031,395.03556238563317,403.8576965332031,11900,0.0,0.0
2020-06-08 00:00:00+09:00,408.7588919025578,429.3438720703125,405.81818045002143,429.3438720703125,88100,0.0,0.0
2020-06-09 00:00:00+09:00,425.4229234669307,429.3438720703125,416.6007891093215,429.3438720703125,59900,0.0,0.0
2020-06-10 00:00:00+09:00,427.3834011755257,429.34387549284463,419.54150390625,419.54150390625,59300,0.0,0.0
2020-06-11 00:00:00+09:00,418.5612664512764,418.5612664512764,399.93676044993157,402.8774719238281,32900,0.0,0.0
2020-06-12 00:00:00+09:00,379.351756688579,391.1146018572171,376.41104539641947,383.272705078125,78200,0.0,0.0
2020-06-15 00:00:00+09:00,383.27271516991675,383.27271516991675,362.68773558278565,370.5296325683594,53300,0.0,0.0
2020-06-16 00:00:00+09:00,374.4505834334936,386.21342898637823,372.4901091746795,382.29248046875,51600,0.0,0.0
2020-06-17 00:00:00+09:00,380.33199519814605,380.33199519814605,369.5493870868584,378.37152099609375,27800,0.0,0.0
2020-06-18 00:00:00+09:00,378.3715280079655,379.3517651271571,368.56915681604926,375.4308166503906,39900,0.0,0.0
2020-06-19 00:00:00+09:00,373.47033987533695,374.45057698787065,363.66796875,363.66796875,44300,0.0,0.0
2020-06-22 00:00:00+09:00,364.6482058625337,364.6482058625337,359.74702029986526,363.66796875,29700,0.0,0.0
2020-06-23 00:00:00+09:00,367.5889336462046,377.3913052101034,366.60869648981475,369.5494079589844,48800,0.0,0.0
2020-06-24 00:00:00+09:00,369.54938849501724,375.4308111235851,369.54938849501724,373.4703369140625,28300,0.0,0.0
2020-06-25 00:00:00+09:00,370.529635719631,370.529635719631,356.8063158781632,360.7272644042969,48800,0.0,0.0
2020-06-26 00:00:00+09:00,368.56915681604926,375.4308166503906,363.66797122009115,375.4308166503906,17000,0.0,0.0
2020-06-29 00:00:00+09:00,375.43081975942005,375.43081975942005,362.6877371044005,365.6284484863281,44000,0.0,0.0
2020-06-30 00:00:00+09:00,366.6086730957031,373.47033275257456,365.6284360018644,366.6086730957031,38400,0.0,0.0
2020-07-01 00:00:00+09:00,378.371535130551,386.2134322317023,360.72726665296057,372.4901123046875,210900,0.0,0.0
2020-07-02 00:00:00+09:00,375.4308287738121,375.4308287738121,352.88537430436645,357.78656005859375,82800,0.0,0.0
2020-07-03 00:00:00+09:00,356.80630896226415,363.66796875,353.86559762466305,363.66796875,20700,0.0,0.0
2020-07-06 00:00:00+09:00,361.707506994299,365.62845557960304,358.766795555321,362.687744140625,34500,0.0,0.0
2020-07-07 00:00:00+09:00,366.60867718073325,375.4308111235851,363.6679658664493,373.4703369140625,20400,0.0,0.0
2020-07-08 00:00:00+09:00,373.47035107421874,376.4110625,367.58892822265625,367.58892822265625,19400,0.0,0.0
2020-07-09 00:00:00+09:00,367.58891018954193,371.509858564897,361.70748762650925,366.6086730957031,37300,0.0,0.0
2020-07-10 00:00:00+09:00,365.62844603477754,365.62844603477754,353.8656005859375,353.8656005859375,56000,0.0,0.0
2020-07-13 00:00:00+09:00,358.76678466796875,360.7272589011271,350.9248877353356,358.76678466796875,42900,0.0,0.0
2020-07-14 00:00:00+09:00,359.747010626187,359.747010626187,352.8853510229627,354.8458251953125,22000,0.0,0.0
2020-07-15 00:00:00+09:00,356.8063061331201,373.4703369140625,356.8063061331201,373.4703369140625,32100,0.0,0.0
2020-07-16 00:00:00+09:00,377.3912797188067,377.3912797188067,368.5691459071982,371.5098571777344,20500,0.0,0.0
2020-07-17 00:00:00+09:00,374.4505780406834,380.3320007324219,367.5889182336552,380.3320007324219,53800,0.0,0.0
2020-07-20 00:00:00+09:00,377.3912908887738,379.3517651271571,370.5296310544325,375.4308166503906,38800,0.0,0.0
2020-07-21 00:00:00+09:00,380.3320007324219,380.3320007324219,377.3912893865526,380.3320007324219,145200,0.0,0.0
2020-07-22 00:00:00+09:00,379.35176102658534,379.35176102658534,368.56915283203125,368.56915283203125,45800,0.0,0.0
2020-07-27 00:00:00+09:00,358.76677634499293,367.58891018954193,346.0236941250888,366.6086730957031,103700,0.0,0.0
2020-07-28 00:00:00+09:00,361.70750313750966,362.68774027338367,355.8260803222656,355.8260803222656,35100,0.0,0.0
2020-07-29 00:00:00+09:00,353.8656021289611,354.8458392539721,345.04346800386236,348.96441650390625,46400,0.0,0.0
2020-07-30 00:00:00+09:00,356.80630939122943,356.80630939122943,342.1027526855469,342.1027526855469,49500,0.0,0.0
2020-07-31 00:00:00+09:00,342.1027557463069,342.1027557463069,329.35967315403764,332.3003845214844,55200,0.0,0.0
2020-08-03 00:00:00+09:00,343.08298568279423,344.0632227847451,328.37942915353165,335.2410888671875,68300,0.0,0.0
2020-08-04 00:00:00+09:00,301.9130262169471,318.5770568847656,298.9723149226262,318.5770568847656,99600,0.0,0.0
2020-08-05 00:00:00+09:00,319.5573004789131,338.1818057215491,314.6561148887457,337.2015686035156,48000,0.0,0.0
2020-08-06 00:00:00+09:00,336.2213289191924,336.2213289191924,324.45848359257343,325.438720703125,22500,0.0,0.0
2020-08-07 00:00:00+09:00,325.43872175244,343.08298979925905,324.45848463872784,342.1027526855469,44600,0.0,0.0
2020-08-11 00:00:00+09:00,349.94465750702153,355.8260803222656,342.1027604200295,355.8260803222656,96700,0.0,0.0
2020-08-12 00:00:00+09:00,351.90512231514276,352.8853594246557,343.08298832952636,347.0039367675781,38700,0.0,0.0
2020-08-13 00:00:00+09:00,350.9248782032344,350.9248782032344,344.0632185735622,349.94464111328125,23600,0.0,0.0
2020-08-14 00:00:00+09:00,349.9446425004439,349.9446425004439,344.06321993741125,345.04345703125,14600,0.0,0.0
2020-08-17 00:00:00+09:00,343.08298979925905,347.9841753678199,336.22133000327386,342.1027526855469,55600,0.0,0.0
2020-08-18 00:00:00+09:00,341.1225226077041,343.0829968755645,337.2015740719834,339.16204833984375,26400,0.0,0.0
2020-08-19 00:00:00+09:00,338.1818057215491,339.16204283958257,335.2410943674487,337.2015686035156,15100,0.0,0.0
2020-08-20 00:00:00+09:00,335.24110139639845,342.1027613665002,333.28062711922655,334.2608642578125,30200,0.0,0.0
2020-08-21 00:00:00+09:00,338.18182373046875,340.1422980709352,335.24111221976904,338.18182373046875,12900,0.0,0.0
2020-08-24 00:00:00+09:00,335.2410943674487,337.2015686035156,328.3794345412144,337.2015686035156,34500,0.0,0.0
2020-08-25 00:00:00+09:00,343.08300958163494,343.08300958163494,336.2213493900023,338.18182373046875,45300,0.0,0.0
2020-08-26 00:00:00+09:00,343.08300958163494,343.08300958163494,334.2608750495358,338.18182373046875,27400,0.0,0.0
2020-08-27 00:00:00+09:00,338.18181120591356,339.16204833984375,334.26086267019286,339.16204833984375,12400,0.0,0.0
2020-08-28 00:00:00+09:00,340.1422743769417,347.0039340905976,333.28061466328586,335.2410888671875,42200,0.0,0.0
2020-08-31 00:00:00+09:00,335.24109980412305,344.0632340094947,335.24109980412305,339.16204833984375,22600,0.0,0.0
2020-09-01 00:00:00+09:00,340.1422963169643,344.06324497767855,340.1422963169643,343.0830078125,25000,0.0,0.0
2020-09-02 00:00:00+09:00,345.04348214285716,345.04348214285716,338.18182198660713,343.0830078125,28100,0.0,0.0
2020-09-03 00:00:00+09:00,343.0829913117165,344.06322842975,337.2015686035156,337.2015686035156,27500,0.0,0.0
2020-09-04 00:00:00+09:00,337.2015865602355,341.12253524116846,337.2015865602355,338.18182373046875,8700,0.0,0.0
2020-09-07 00:00:00+09:00,338.1817960338432,349.94464111328125,338.1817960338432,349.94464111328125,27800,0.0,0.0
2020-09-08 00:00:00+09:00,349.9446477687105,368.56915283203125,348.9644106601147,368.56915283203125,54400,0.0,0.0
2020-09-09 00:00:00+09:00,367.58891018954193,367.58891018954193,356.8063021573154,366.6086730957031,52900,0.0,0.0
2020-09-10 00:00:00+09:00,374.4505865799753,374.4505865799753,366.60868947882403,372.4901123046875,61700,0.0,0.0
2020-09-11 00:00:00+09:00,371.50987285116446,371.50987285116446,357.7865530096966,360.7272644042969,39000,0.0,0.0
2020-09-14 00:00:00+09:00,367.5889243250308,367.5889243250308,359.74702727276343,360.7272644042969,19100,0.0,0.0
2020-09-15 00:00:00+09:00,362.68774753146704,362.68774753146704,350.9249016655816,352.8853759765625,33300,0.0,0.0
2020-09-16 00:00:00+09:00,356.80630352568176,362.6877261112699,355.8260664280837,361.7074890136719,35500,0.0,0.0
2020-09-17 00:00:00+09:00,363.66798128695103,363.66798128695103,358.766795555321,362.687744140625,16600,0.0,0.0
2020-09-18 00:00:00+09:00,364.64822411230716,381.312255859375,362.68774978912273,381.312255859375,56400,0.0,0.0
2020-09-23 00:00:00+09:00,377.39129638671875,380.3320077871347,371.50987358588674,377.39129638671875,31700,0.0,0.0
2020-09-24 00:00:00+09:00,378.3715311413476,378.3715311413476,363.6679742317097,365.6284484863281,30000,0.0,0.0
2020-09-25 00:00:00+09:00,373.47034393794956,373.47034393794956,364.6482098291791,370.5296325683594,43900,0.0,0.0
2020-09-28 00:00:00+09:00,372.49009838993686,378.37152099609375,360.727253177623,378.37152099609375,57800,0.0,0.0
2020-09-29 00:00:00+09:00,378.3715461095174,384.2529691060384,372.4901231129964,376.41107177734375,53100,0.0,0.0
2020-09-30 00:00:00+09:00,379.35176826865677,380.33200539596595,364.64821135901894,365.6284484863281,23600,0.0,0.0
2020-10-02 00:00:00+09:00,373.47033987533695,373.47033987533695,352.88536051212935,363.66796875,34100,0.0,0.0
2020-10-05 00:00:00+09:00,362.6877301804563,372.49010126641457,362.6877301804563,368.56915283203125,18400,0.0,0.0
2020-10-06 00:00:00+09:00,370.5296380293997,373.47034944233144,365.6284523411801,372.4901123046875,8700,0.0,0.0
2020-10-07 00:00:00+09:00,370.52962008755566,372.4900942679131,369.54938299737694,371.5098571777344,14600,0.0,0.0
2020-10-08 00:00:00+09:00,375.4308346112569,380.33202044169104,373.47036027908325,376.41107177734375,45700,0.0,0.0
2020-10-09 00:00:00+09:00,376.4110537695822,378.3715280079655,370.5296310544325,375.4308166503906,37300,0.0,0.0
2020-10-12 00:00:00+09:00,381.31224029541016,392.0948486328125,377.391291809082,392.0948486328125,86000,0.0,0.0
2020-10-13 00:00:00+09:00,391.11462189430415,391.11462189430415,379.3517761230469,379.3517761230469,18500,0.0,0.0
2020-10-14 00:00:00+09:00,382.29247804672,383.27271516991675,367.58892119876924,370.5296325683594,50100,0.0,0.0
2020-10-15 00:00:00+09:00,372.49010276280325,372.49010276280325,361.7074945249326,363.66796875,62500,0.0,0.0
2020-10-16 00:00:00+09:00,363.66798128695103,365.62845557960304,358.766795555321,362.687744140625,19400,0.0,0.0
2020-10-19 00:00:00+09:00,365.6284360018644,368.5691472833807,362.687724720348,366.6086730957031,30100,0.0,0.0
2020-10-20 00:00:00+09:00,366.60869108072916,368.56916536458334,364.648216796875,367.58892822265625,11400,0.0,0.0
2020-10-21 00:00:00+09:00,362.68774581282105,364.648220114512,354.84584860605736,357.78656005859375,128300,0.0,0.0
2020-10-22 00:00:00+09:00,357.78656005859375,359.7470343602847,353.86561145521193,357.78656005859375,51400,0.0,0.0
2020-10-23 00:00:00+09:00,360.72725191607384,361.7074890136719,355.8260664280837,361.7074890136719,29600,0.0,0.0
2020-10-26 00:00:00+09:00,364.64822562319057,364.64822562319057,359.7470397949219,359.7470397949219,11000,0.0,0.0
2020-10-27 00:00:00+09:00,357.78656005859375,359.7470343602847,355.82608575690284,357.78656005859375,15100,0.0,0.0
2020-10-28 00:00:00+09:00,356.8063049316406,356.8063049316406,353.865593627259,356.8063049316406,7500,0.0,0.0
2020-10-29 00:00:00+09:00,353.8656005859375,356.80631194814754,350.9248892237275,353.8656005859375,18800,0.0,0.0
2020-10-30 00:00:00+09:00,357.7865538845173,357.7865538845173,336.22133693805324,339.16204833984375,42000,0.0,0.0
2020-11-02 00:00:00+09:00,339.1620591517857,349.94466796874997,337.2015848214286,343.0830078125,39900,0.0,0.0
2020-11-04 00:00:00+09:00,350.9248907539282,356.80631350399403,346.0237051288733,348.96441650390625,41500,0.0,0.0
2020-11-05 00:00:00+09:00,347.0039340905976,361.7074906198602,335.2410888671875,335.2410888671875,121300,0.0,0.0
2020-11-06 00:00:00+09:00,350.9248962402344,363.66797906460044,349.9446590998985,350.9248962402344,72600,0.0,0.0
2020-11-09 00:00:00+09:00,353.86558955451744,372.4900942679131,353.86558955451744,371.5098571777344,66600,0.0,0.0
2020-11-10 00:00:00+09:00,385.23318941631015,385.23318941631015,362.68773558278565,370.5296325683594,145700,0.0,0.0
2020-11-11 00:00:00+09:00,370.5296380293997,372.4901123046875,364.6482152035362,372.4901123046875,65600,0.0,0.0
2020-11-12 00:00:00+09:00,372.4900942679131,376.41104262862797,371.5098571777344,371.5098571777344,36600,0.0,0.0
2020-11-13 00:00:00+09:00,369.54938994062707,370.5296270492229,363.6679672890521,368.56915283203125,28100,0.0,0.0
2020-11-16 00:00:00+09:00,371.50987679036456,373.47035107421874,366.60869108072916,367.58892822265625,81600,0.0,0.0
2020-11-17 00:00:00+09:00,367.5889227409465,368.56915986825567,363.6679742317097,365.6284484863281,40900,0.0,0.0
2020-11-18 00:00:00+09:00,368.56914869685806,369.5493857944561,357.7865406232798,361.7074890136719,81000,0.0,0.0
2020-11-19 00:00:00+09:00,361.7074960177062,365.6284444840228,358.76678466796875,358.76678466796875,24800,0.0,0.0
2020-11-20 00:00:00+09:00,361.7074930718605,369.54938994062707,359.7470188546688,368.56915283203125,43500,0.0,0.0
2020-11-24 00:00:00+09:00,373.4703313580918,383.272702259879,369.54938299737694,371.5098571777344,85500,0.0,0.0
2020-11-25 00:00:00+09:00,377.3912811279297,377.3912811279297,365.6284360018644,366.6086730957031,79600,0.0,0.0
2020-11-26 00:00:00+09:00,366.6087001164754,376.41107177734375,366.6087001164754,376.41107177734375,55200,0.0,0.0
2020-11-27 00:00:00+09:00,379.351756688579,384.2529421755115,375.43080829903295,383.272705078125,57400,0.0,0.0
2020-11-30 00:00:00+09:00,385.23319509405843,389.1541436446341,372.4901123046875,372.4901123046875,86400,0.0,0.0
2020-12-01 00:00:00+09:00,376.41107005141384,381.312255859375,374.4505957282294,381.312255859375,47600,0.0,0.0
2020-12-02 00:00:00+09:00,383.27271759815704,383.27271759815704,377.3912948217148,382.29248046875,44700,0.0,0.0
2020-12-03 00:00:00+09:00,382.29247347999166,388.1738961489146,380.33199925701734,385.2331848144531,56900,0.0,0.0
2020-12-04 00:00:00+09:00,382.2924679807385,386.21341637028456,379.351756688579,383.272705078125,44600,0.0,0.0
2020-12-07 00:00:00+09:00,385.23318941631015,385.23318941631015,369.54939544516265,370.5296325683594,99000,0.0,0.0
2020-12-08 00:00:00+09:00,372.49011071935877,381.3122449206067,370.52963645241476,377.39129638671875,72300,0.0,0.0
2020-12-09 00:00:00+09:00,379.35177984092445,386.21343994140625,376.41106836928935,386.21343994140625,58500,0.0,0.0
2020-12-10 00:00:00+09:00,386.21344343821204,386.21344343821204,371.50988594690955,376.41107177734375,124600,0.0,0.0
2020-12-11 00:00:00+09:00,374.4505865799753,375.43082371761926,367.5889266164679,372.4901123046875,90100,0.0,0.0
2020-12-14 00:00:00+09:00,374.45057259198916,378.37152099609375,374.45057259198916,378.37152099609375,45600,0.0,0.0
2020-12-15 00:00:00+09:00,378.3715389754421,382.2924875658612,377.39130182783737,379.3517761230469,58200,0.0,0.0
2020-12-16 00:00:00+09:00,382.29248046875,385.2331918569712,379.35176908052887,382.29248046875,56700,0.0,0.0
2020-12-17 00:00:00+09:00,382.29248205407873,382.29248205407873,375.43082211977475,377.39129638671875,65800,0.0,0.0
2020-12-18 00:00:00+09:00,377.3912838950676,379.3517580971199,374.45057259198916,378.37152099609375,41900,0.0,0.0
2020-12-21 00:00:00+09:00,381.31224333934296,386.21342898637823,377.3912948217148,382.29248046875,56000,0.0,0.0
2020-12-22 00:00:00+09:00,381.31223936554034,381.31223936554034,371.5098681736241,375.4308166503906,74700,0.0,0.0
2020-12-23 00:00:00+09:00,375.4308346112569,376.41107177734375,370.52964878082275,376.41107177734375,30300,0.0,0.0
2020-12-24 00:00:00+09:00,378.3715461095174,378.3715461095174,373.47036027908325,376.41107177734375,31800,0.0,0.0
2020-12-25 00:00:00+09:00,378.37151959119245,383.272705078125,375.43080829903295,383.272705078125,47100,0.0,0.0
2020-12-28 00:00:00+09:00,384.2529531744462,387.19366455078125,377.3912932963311,387.19366455078125,49200,0.0,0.0
2020-12-29 00:00:00+09:00,387.19365757314404,391.1146060042645,380.33199781868325,390.1343688964844,60000,0.0,0.0
2020-12-30 00:00:00+09:00,392.0948540986474,398.95651404537375,389.15414269290756,394.0553283691406,38200,0.0,0.0
2021-01-04 00:00:00+09:00,398.9564999599083,399.9367370605469,387.19365475224515,399.9367370605469,67900,0.0,0.0
2021-01-05 00:00:00+09:00,398.9565124511719,398.9565124511719,393.0750896631939,398.9565124511719,51000,0.0,0.0
2021-01-06 00:00:00+09:00,396.99605067962494,398.9565250039688,393.07510203093733,397.9762878417969,27500,0.0,0.0
2021-01-07 00:00:00+09:00,400.91697968273627,406.7984023675686,398.95650545445886,401.897216796875,43900,0.0,0.0
2021-01-08 00:00:00+09:00,404.8379237994026,416.60076904296875,402.87744959214155,416.60076904296875,93100,0.0,0.0
2021-01-12 00:00:00+09:00,417.5810295889311,421.5019782235689,414.6403181129527,419.54150390625,106900,0.0,0.0
2021-01-13 00:00:00+09:00,416.60077454613855,419.541485895876,415.6205374295594,418.5612487792969,32100,0.0,0.0
2021-01-14 00:00:00+09:00,416.60076904296875,419.5414803538603,414.6402948357077,416.60076904296875,65500,0.0,0.0
2021-01-15 00:00:00+09:00,416.6007634877595,418.56123766887833,412.67981512552177,414.6402893066406,37700,0.0,0.0
2021-01-18 00:00:00+09:00,414.6402962820871,414.6402962820871,407.7786365327381,411.6995849609375,37100,0.0,0.0
2021-01-19 00:00:00+09:00,409.7391107468378,417.5810076032366,409.7391107468378,411.6995849609375,35000,0.0,0.0
2021-01-20 00:00:00+09:00,411.69960293803814,416.6007886873005,408.75889148848074,412.6798400878906,65000,0.0,0.0
2021-01-21 00:00:00+09:00,418.5612432502298,418.5612432502298,413.66005773207723,416.60076904296875,40200,0.0,0.0
2021-01-22 00:00:00+09:00,416.60077306959363,424.44266997443304,414.6402988433838,423.4624328613281,46500,0.0,0.0
2021-01-25 00:00:00+09:00,423.4624231216755,424.44266021223495,413.66005221608117,414.6402893066406,89000,0.0,0.0
2021-01-26 00:00:00+09:00,413.6600535999645,415.62052778764206,408.7588681307706,409.7391052246094,67400,0.0,0.0
2021-01-27 00:00:00+09:00,411.69960077933985,411.69960077933985,397.9762807533619,400.9169921875,183600,0.0,0.0
2021-01-28 00:00:00+09:00,397.9762807533619,402.8774664769254,397.9762807533619,400.9169921875,167000,0.0,0.0
2021-01-29 00:00:00+09:00,401.8972183039159,402.8774554217303,394.05532136140044,396.99603271484375,97300,0.0,0.0
2021-02-01 00:00:00+09:00,397.9762628592697,402.87744836246264,397.9762628592697,399.9367370605469,70400,0.0,0.0
2021-02-02 00:00:00+09:00,402.87745940569533,404.8379336607109,397.9762737681565,403.8576965332031,50100,0.0,0.0
2021-02-03 00:00:00+09:00,407.77865433862826,416.6007886873005,406.7984171887758,412.6798400878906,73300,0.0,0.0
2021-02-04 00:00:00+09:00,414.64030573918274,420.521728515625,413.66006860977564,420.521728515625,68300,0.0,0.0
2021-02-05 00:00:00+09:00,421.50195172189296,429.3438484981142,421.50195172189296,426.40313720703125,63000,0.0,0.0
2021-02-08 00:00:00+09:00,431.3043308045657,450.90907311386417,431.3043308045657,440.12646484375,160900,0.0,0.0
2021-02-09 00:00:00+09:00,450.9090659892664,455.8102514891498,437.1857465895931,443.0671691894531,141900,0.0,0.0
2021-02-10 00:00:00+09:00,441.1067059165553,450.9090771591454,439.1462316680373,446.9881286621094,73400,0.0,0.0
2021-02-12 00:00:00+09:00,448.9486068165328,459.7312152771919,448.9486068165328,453.84979248046875,95900,0.0,0.0
2021-02-15 00:00:00+09:00,458.75097106147734,458.75097106147734,449.9288370026028,456.7904968261719,92400,0.0,0.0
2021-02-16 00:00:00+09:00,455.81026835212543,456.79050548836653,445.027659853473,448.9486083984375,111200,0.0,0.0
2021-02-17 00:00:00+09:00,448.9485889781605,454.8300115411932,443.0671664151279,452.8695373535156,72600,0.0,0.0
2021-02-18 00:00:00+09:00,455.81025004647756,455.81025004647756,446.0078790777361,447.9683532714844,89500,0.0,0.0
2021-02-19 00:00:00+09:00,447.9683728754915,448.94861001526283,442.0869500368636,444.04742431640625,53800,0.0,0.0
2021-02-22 00:00:00+09:00,448.94859036835857,454.83001294960343,445.027641980862,447.9683532714844,71100,0.0,0.0
2021-02-24 00:00:00+09:00,453.84979472913244,467.5731146561472,450.9090833162007,465.6126403808594,162100,0.0,0.0
2021-02-25 00:00:00+09:00,469.53359056838013,469.53359056838013,453.84979631139873,460.7114562988281,97900,0.0,0.0
2021-02-26 00:00:00+09:00,458.75096698835785,458.75096698835785,449.9288330078125,449.9288330078125,73300,0.0,0.0
2021-03-01 00:00:00+09:00,455.8102759668383,462.67193603515625,453.84980166160454,462.67193603515625,92800,0.0,0.0
2021-03-02 00:00:00+09:00,462.67192508012823,465.61263646834936,458.7509765625,458.7509765625,65000,0.0,0.0
2021-03-03 00:00:00+09:00,461.6916739548309,464.63238525390625,456.790488456372,464.63238525390625,55400,0.0,0.0
2021-03-04 00:00:00+09:00,464.63239777062967,464.63239777062967,456.7905007618426,463.65216064453125,66900,0.0,0.0
2021-03-05 00:00:00+09:00,464.6324032432155,465.6126403808594,455.81026900442026,465.6126403808594,84600,0.0,0.0
2021-03-08 00:00:00+09:00,469.53358732859294,471.4940615971883,466.59287592569984,470.5138244628906,60600,0.0,0.0
2021-03-09 00:00:00+09:00,471.4940691496197,484.2371520996094,468.55335769962204,484.2371520996094,130600,0.0,0.0
2021-03-10 00:00:00+09:00,489.13831965386504,489.13831965386504,475.41500006437786,483.25689697265625,86300,0.0,0.0
2021-03-11 00:00:00+09:00,480.31618013401385,486.19760274789974,479.3359430316995,481.2964172363281,59500,0.0,0.0
2021-03-12 00:00:00+09:00,483.2568900200629,487.1778384177916,478.355704522902,486.1976013183594,87700,0.0,0.0
2021-03-15 00:00:00+09:00,486.1976093367034,501.8814031862745,484.23713510550704,499.9209289550781,138400,0.0,0.0
2021-03-16 00:00:00+09:00,500.9011660706763,501.8814031862745,496.9802176082835,499.9209289550781,67100,0.0,0.0
2021-03-17 00:00:00+09:00,498.9407043457031,498.9407043457031,495.999992925198,498.9407043457031,41100,0.0,0.0
2021-03-18 00:00:00+09:00,498.94069183947994,499.9209289550781,493.05926914589077,499.9209289550781,89800,0.0,0.0
2021-03-19 00:00:00+09:00,497.96046560562075,503.8418884277344,495.0197541945639,503.8418884277344,110100,0.0,0.0
2021-03-22 00:00:00+09:00,503.84188140337886,511.6837783902019,500.9011700333202,506.7825927734375,126700,0.0,0.0
2021-03-23 00:00:00+09:00,506.78259029577276,510.7035387700147,492.0790335173654,495.0197448730469,173500,0.0,0.0
2021-03-24 00:00:00+09:00,489.13832117299563,489.13832117299563,475.41500154088754,478.355712890625,152300,0.0,0.0
2021-03-25 00:00:00+09:00,486.1976078959345,506.78258726249624,486.1976078959345,504.8221130371094,152800,0.0,0.0
2021-03-26 00:00:00+09:00,504.8221255647533,505.8023627017722,495.99999133158286,503.8418884277344,143400,0.0,0.0
2021-03-29 00:00:00+09:00,507.7628458498024,507.7628458498024,488.15810276679844,496.0,292900,0.0,0.0
2021-03-30 00:00:00+09:00,474.0,480.0,466.0,478.0,235800,10.0,0.0
2021-03-31 00:00:00+09:00,480.0,492.0,477.0,483.0,139700,0.0,0.0
2021-04-01 00:00:00+09:00,483.0,483.0,459.0,462.0,130600,0.0,0.0
2021-04-02 00:00:00+09:00,463.0,463.0,446.0,451.0,92500,0.0,0.0
2021-04-05 00:00:00+09:00,455.0,458.0,449.0,458.0,44800,0.0,0.0
2021-04-06 00:00:00+09:00,466.0,467.0,453.0,457.0,63700,0.0,0.0
2021-04-07 00:00:00+09:00,457.0,464.0,454.0,460.0,60900,0.0,0.0
2021-04-08 00:00:00+09:00,460.0,461.0,446.0,447.0,113600,0.0,0.0
2021-04-09 00:00:00+09:00,447.0,461.0,447.0,461.0,104300,0.0,0.0
2021-04-12 00:00:00+09:00,462.0,462.0,455.0,458.0,51700,0.0,0.0
2021-04-13 00:00:00+09:00,457.0,462.0,457.0,457.0,20800,0.0,0.0
2021-04-14 00:00:00+09:00,456.0,456.0,452.0,453.0,29500,0.0,0.0
2021-04-15 00:00:00+09:00,454.0,462.0,454.0,460.0,55000,0.0,0.0
2021-04-16 00:00:00+09:00,458.0,460.0,455.0,457.0,10800,0.0,0.0
2021-04-19 00:00:00+09:00,461.0,461.0,456.0,456.0,23800,0.0,0.0
2021-04-20 00:00:00+09:00,455.0,457.0,452.0,454.0,36300,0.0,0.0
2021-04-21 00:00:00+09:00,452.0,453.0,435.0,441.0,86300,0.0,0.0
2021-04-22 00:00:00+09:00,445.0,453.0,444.0,451.0,55800,0.0,0.0
2021-04-23 00:00:00+09:00,454.0,456.0,450.0,452.0,42700,0.0,0.0
2021-04-26 00:00:00+09:00,450.0,451.0,443.0,445.0,38500,0.0,0.0
2021-04-27 00:00:00+09:00,445.0,454.0,445.0,450.0,33600,0.0,0.0
2021-04-28 00:00:00+09:00,450.0,451.0,445.0,445.0,23600,0.0,0.0
2021-04-30 00:00:00+09:00,448.0,454.0,447.0,450.0,28700,0.0,0.0
2021-05-06 00:00:00+09:00,454.0,459.0,454.0,458.0,36500,0.0,0.0
2021-05-07 00:00:00+09:00,461.0,467.0,461.0,465.0,66400,0.0,0.0
2021-05-10 00:00:00+09:00,469.0,473.0,465.0,465.0,76900,0.0,0.0
2021-05-11 00:00:00+09:00,462.0,465.0,450.0,450.0,81600,0.0,0.0
2021-05-12 00:00:00+09:00,447.0,449.0,438.0,440.0,61000,0.0,0.0
2021-05-13 00:00:00+09:00,435.0,444.0,433.0,438.0,69400,0.0,0.0
2021-05-14 00:00:00+09:00,438.0,445.0,437.0,442.0,48700,0.0,0.0
2021-05-17 00:00:00+09:00,440.0,444.0,433.0,433.0,65700,0.0,0.0
2021-05-18 00:00:00+09:00,433.0,444.0,433.0,444.0,47600,0.0,0.0
2021-05-19 00:00:00+09:00,440.0,445.0,437.0,439.0,27000,0.0,0.0
2021-05-20 00:00:00+09:00,438.0,444.0,438.0,443.0,17200,0.0,0.0
2021-05-21 00:00:00+09:00,441.0,443.0,440.0,440.0,25300,0.0,0.0
2021-05-24 00:00:00+09:00,441.0,445.0,441.0,445.0,30600,0.0,0.0
2021-05-25 00:00:00+09:00,445.0,446.0,438.0,441.0,44400,0.0,0.0
2021-05-26 00:00:00+09:00,440.0,441.0,426.0,428.0,105200,0.0,0.0
2021-05-27 00:00:00+09:00,428.0,429.0,423.0,424.0,57600,0.0,0.0
2021-05-28 00:00:00+09:00,426.0,434.0,426.0,434.0,42000,0.0,0.0
2021-05-31 00:00:00+09:00,433.0,433.0,421.0,425.0,51100,0.0,0.0
2021-06-01 00:00:00+09:00,428.0,434.0,428.0,434.0,31300,0.0,0.0
2021-06-02 00:00:00+09:00,434.0,437.0,429.0,430.0,54400,0.0,0.0
2021-06-03 00:00:00+09:00,431.0,434.0,429.0,430.0,22700,0.0,0.0
2021-06-04 00:00:00+09:00,429.0,429.0,425.0,428.0,22600,0.0,0.0
2021-06-07 00:00:00+09:00,427.0,429.0,425.0,427.0,43300,0.0,0.0
2021-06-08 00:00:00+09:00,428.0,429.0,425.0,428.0,28900,0.0,0.0
2021-06-09 00:00:00+09:00,427.0,433.0,427.0,433.0,55400,0.0,0.0
2021-06-10 00:00:00+09:00,432.0,433.0,428.0,430.0,47000,0.0,0.0
2021-06-11 00:00:00+09:00,432.0,434.0,429.0,432.0,29200,0.0,0.0
2021-06-14 00:00:00+09:00,435.0,435.0,426.0,428.0,22600,0.0,0.0
2021-06-15 00:00:00+09:00,427.0,428.0,423.0,423.0,46300,0.0,0.0
2021-06-16 00:00:00+09:00,423.0,426.0,419.0,422.0,64200,0.0,0.0
2021-06-17 00:00:00+09:00,422.0,428.0,420.0,426.0,31700,0.0,0.0
2021-06-18 00:00:00+09:00,428.0,428.0,420.0,424.0,35800,0.0,0.0
2021-06-21 00:00:00+09:00,421.0,422.0,416.0,418.0,37100,0.0,0.0
2021-06-22 00:00:00+09:00,424.0,427.0,422.0,426.0,23000,0.0,0.0
2021-06-23 00:00:00+09:00,424.0,425.0,422.0,423.0,29800,0.0,0.0
2021-06-24 00:00:00+09:00,424.0,427.0,422.0,426.0,18700,0.0,0.0
2021-06-25 00:00:00+09:00,429.0,429.0,424.0,428.0,50200,0.0,0.0
2021-06-28 00:00:00+09:00,432.0,433.0,428.0,431.0,36200,0.0,0.0
2021-06-29 00:00:00+09:00,430.0,430.0,425.0,429.0,18200,0.0,0.0
2021-06-30 00:00:00+09:00,431.0,433.0,429.0,431.0,44200,0.0,0.0
2021-07-01 00:00:00+09:00,429.0,429.0,425.0,427.0,39400,0.0,0.0
2021-07-02 00:00:00+09:00,425.0,429.0,425.0,426.0,43300,0.0,0.0
2021-07-05 00:00:00+09:00,435.0,435.0,430.0,431.0,123100,0.0,0.0
2021-07-06 00:00:00+09:00,433.0,435.0,431.0,434.0,17500,0.0,0.0
2021-07-07 00:00:00+09:00,430.0,433.0,428.0,430.0,12900,0.0,0.0
2021-07-08 00:00:00+09:00,432.0,432.0,424.0,424.0,32900,0.0,0.0
2021-07-09 00:00:00+09:00,421.0,427.0,418.0,426.0,69400,0.0,0.0
2021-07-12 00:00:00+09:00,433.0,433.0,426.0,431.0,50700,0.0,0.0
2021-07-13 00:00:00+09:00,432.0,438.0,431.0,438.0,35600,0.0,0.0
2021-07-14 00:00:00+09:00,436.0,437.0,432.0,435.0,17700,0.0,0.0
2021-07-15 00:00:00+09:00,437.0,437.0,430.0,430.0,25800,0.0,0.0
2021-07-16 00:00:00+09:00,430.0,441.0,429.0,440.0,36500,0.0,0.0
2021-07-19 00:00:00+09:00,439.0,439.0,431.0,431.0,25900,0.0,0.0
2021-07-20 00:00:00+09:00,433.0,440.0,430.0,440.0,62500,0.0,0.0
2021-07-21 00:00:00+09:00,455.0,455.0,434.0,440.0,181900,0.0,0.0
2021-07-26 00:00:00+09:00,441.0,446.0,438.0,441.0,46000,0.0,0.0
2021-07-27 00:00:00+09:00,443.0,444.0,441.0,443.0,20700,0.0,0.0
2021-07-28 00:00:00+09:00,443.0,443.0,440.0,443.0,11800,0.0,0.0
2021-07-29 00:00:00+09:00,442.0,442.0,438.0,441.0,13000,0.0,0.0
2021-07-30 00:00:00+09:00,439.0,439.0,434.0,434.0,16900,0.0,0.0
2021-08-02 00:00:00+09:00,438.0,448.0,438.0,448.0,44600,0.0,0.0
2021-08-03 00:00:00+09:00,448.0,448.0,442.0,448.0,28200,0.0,0.0
2021-08-04 00:00:00+09:00,447.0,454.0,445.0,450.0,59900,0.0,0.0
2021-08-05 00:00:00+09:00,466.0,524.0,460.0,490.0,1006000,0.0,0.0
2021-08-06 00:00:00+09:00,486.0,487.0,471.0,487.0,136200,0.0,0.0
2021-08-10 00:00:00+09:00,486.0,504.0,485.0,498.0,253100,0.0,0.0
2021-08-11 00:00:00+09:00,458.0,471.0,456.0,457.0,535900,0.0,0.0
2021-08-12 00:00:00+09:00,454.0,476.0,451.0,470.0,236200,0.0,0.0
2021-08-13 00:00:00+09:00,468.0,469.0,461.0,461.0,135700,0.0,0.0
2021-08-16 00:00:00+09:00,458.0,460.0,453.0,457.0,169000,0.0,0.0
2021-08-17 00:00:00+09:00,460.0,468.0,458.0,460.0,500300,0.0,0.0
2021-08-18 00:00:00+09:00,465.0,465.0,457.0,458.0,1011500,0.0,0.0
2021-08-19 00:00:00+09:00,455.0,463.0,446.0,459.0,221800,0.0,0.0
2021-08-20 00:00:00+09:00,456.0,458.0,448.0,456.0,101500,0.0,0.0
2021-08-23 00:00:00+09:00,457.0,466.0,456.0,465.0,121700,0.0,0.0
2021-08-24 00:00:00+09:00,467.0,480.0,466.0,480.0,135800,0.0,0.0
2021-08-25 00:00:00+09:00,480.0,482.0,476.0,478.0,66000,0.0,0.0
2021-08-26 00:00:00+09:00,480.0,486.0,480.0,485.0,52400,0.0,0.0
2021-08-27 00:00:00+09:00,480.0,483.0,476.0,479.0,33800,0.0,0.0
2021-08-30 00:00:00+09:00,483.0,495.0,482.0,495.0,74400,0.0,0.0
2021-08-31 00:00:00+09:00,490.0,497.0,489.0,496.0,70900,0.0,0.0
2021-09-01 00:00:00+09:00,496.0,496.0,491.0,491.0,45300,0.0,0.0
2021-09-02 00:00:00+09:00,490.0,490.0,482.0,482.0,43000,0.0,0.0
2021-09-03 00:00:00+09:00,485.0,490.0,483.0,489.0,34600,0.0,0.0
2021-09-06 00:00:00+09:00,491.0,494.0,484.0,487.0,43700,0.0,0.0
2021-09-07 00:00:00+09:00,488.0,490.0,482.0,485.0,57800,0.0,0.0
2021-09-08 00:00:00+09:00,483.0,488.0,483.0,487.0,47900,0.0,0.0
2021-09-09 00:00:00+09:00,487.0,490.0,485.0,490.0,46900,0.0,0.0
2021-09-10 00:00:00+09:00,492.0,500.0,491.0,500.0,125100,0.0,0.0
2021-09-13 00:00:00+09:00,500.0,507.0,496.0,507.0,70700,0.0,0.0
2021-09-14 00:00:00+09:00,505.0,507.0,503.0,505.0,81400,0.0,0.0
2021-09-15 00:00:00+09:00,504.0,504.0,493.0,496.0,55500,0.0,0.0
2021-09-16 00:00:00+09:00,494.0,495.0,484.0,494.0,67700,0.0,0.0
2021-09-17 00:00:00+09:00,494.0,502.0,491.0,501.0,70300,0.0,0.0
2021-09-21 00:00:00+09:00,491.0,494.0,483.0,486.0,92800,0.0,0.0
2021-09-22 00:00:00+09:00,486.0,487.0,479.0,484.0,86100,0.0,0.0
2021-09-24 00:00:00+09:00,490.0,499.0,488.0,499.0,135200,0.0,0.0
2021-09-27 00:00:00+09:00,499.0,505.0,497.0,497.0,96800,0.0,0.0
2021-09-28 00:00:00+09:00,497.0,501.0,492.0,501.0,85900,0.0,0.0
2021-09-29 00:00:00+09:00,492.0,501.0,492.0,501.0,48900,0.0,0.0
2021-09-30 00:00:00+09:00,500.0,500.0,491.0,493.0,26000,0.0,0.0
2021-10-01 00:00:00+09:00,489.0,489.0,482.0,486.0,68600,0.0,0.0
2021-10-04 00:00:00+09:00,490.0,490.0,478.0,479.0,57200,0.0,0.0
2021-10-05 00:00:00+09:00,479.0,484.0,472.0,480.0,63000,0.0,0.0
2021-10-06 00:00:00+09:00,484.0,489.0,479.0,482.0,41700,0.0,0.0
2021-10-07 00:00:00+09:00,480.0,483.0,476.0,479.0,44300,0.0,0.0
2021-10-08 00:00:00+09:00,485.0,489.0,484.0,489.0,45200,0.0,0.0
2021-10-11 00:00:00+09:00,488.0,491.0,485.0,491.0,38900,0.0,0.0
2021-10-12 00:00:00+09:00,491.0,491.0,485.0,486.0,12200,0.0,0.0
2021-10-13 00:00:00+09:00,489.0,489.0,479.0,479.0,38200,0.0,0.0
2021-10-14 00:00:00+09:00,480.0,484.0,476.0,480.0,47100,0.0,0.0
2021-10-15 00:00:00+09:00,480.0,487.0,479.0,487.0,16500,0.0,0.0
2021-10-18 00:00:00+09:00,487.0,489.0,485.0,489.0,25300,0.0,0.0
2021-10-19 00:00:00+09:00,489.0,492.0,487.0,490.0,36100,0.0,0.0
2021-10-20 00:00:00+09:00,493.0,498.0,490.0,493.0,69500,0.0,0.0
2021-10-21 00:00:00+09:00,496.0,510.0,493.0,503.0,183500,0.0,0.0
2021-10-22 00:00:00+09:00,499.0,506.0,495.0,505.0,82700,0.0,0.0
2021-10-25 00:00:00+09:00,503.0,505.0,495.0,495.0,47100,0.0,0.0
2021-10-26 00:00:00+09:00,502.0,502.0,492.0,494.0,40700,0.0,0.0
2021-10-27 00:00:00+09:00,494.0,494.0,486.0,486.0,32300,0.0,0.0
2021-10-28 00:00:00+09:00,484.0,490.0,481.0,489.0,56600,0.0,0.0
2021-10-29 00:00:00+09:00,489.0,489.0,483.0,485.0,30600,0.0,0.0
2021-11-01 00:00:00+09:00,494.0,494.0,486.0,488.0,40900,0.0,0.0
2021-11-02 00:00:00+09:00,490.0,497.0,490.0,496.0,35900,0.0,0.0
2021-11-04 00:00:00+09:00,497.0,498.0,494.0,494.0,69100,0.0,0.0
2021-11-05 00:00:00+09:00,494.0,498.0,493.0,496.0,50900,0.0,0.0
2021-11-08 00:00:00+09:00,498.0,500.0,487.0,492.0,88300,0.0,0.0
2021-11-09 00:00:00+09:00,501.0,505.0,483.0,490.0,207100,0.0,0.0
2021-11-10 00:00:00+09:00,484.0,505.0,484.0,503.0,175900,0.0,0.0
2021-11-11 00:00:00+09:00,499.0,499.0,488.0,488.0,55900,0.0,0.0
2021-11-12 00:00:00+09:00,490.0,512.0,489.0,512.0,186200,0.0,0.0
2021-11-15 00:00:00+09:00,511.0,512.0,504.0,508.0,58000,0.0,0.0
2021-11-16 00:00:00+09:00,508.0,509.0,498.0,499.0,58000,0.0,0.0
2021-11-17 00:00:00+09:00,499.0,499.0,493.0,493.0,32300,0.0,0.0
2021-11-18 00:00:00+09:00,493.0,495.0,487.0,492.0,56300,0.0,0.0
2021-11-19 00:00:00+09:00,492.0,492.0,486.0,492.0,35800,0.0,0.0
2021-11-22 00:00:00+09:00,492.0,497.0,487.0,494.0,21300,0.0,0.0
2021-11-24 00:00:00+09:00,497.0,498.0,491.0,494.0,45900,0.0,0.0
2021-11-25 00:00:00+09:00,495.0,495.0,487.0,487.0,42400,0.0,0.0
2021-11-26 00:00:00+09:00,485.0,485.0,472.0,472.0,120200,0.0,0.0
2021-11-29 00:00:00+09:00,464.0,473.0,459.0,461.0,72700,0.0,0.0
2021-11-30 00:00:00+09:00,469.0,475.0,458.0,458.0,52400,0.0,0.0
2021-12-01 00:00:00+09:00,458.0,472.0,456.0,465.0,106600,0.0,0.0
2021-12-02 00:00:00+09:00,465.0,468.0,460.0,460.0,49100,0.0,0.0
2021-12-03 00:00:00+09:00,460.0,473.0,460.0,472.0,33100,0.0,0.0
2021-12-06 00:00:00+09:00,472.0,473.0,468.0,469.0,30700,0.0,0.0
2021-12-07 00:00:00+09:00,472.0,485.0,472.0,485.0,44800,0.0,0.0
2021-12-08 00:00:00+09:00,486.0,486.0,480.0,483.0,35100,0.0,0.0
2021-12-09 00:00:00+09:00,483.0,483.0,477.0,479.0,26800,0.0,0.0
2021-12-10 00:00:00+09:00,478.0,479.0,473.0,479.0,47600,0.0,0.0
2021-12-13 00:00:00+09:00,483.0,483.0,473.0,479.0,25700,0.0,0.0
2021-12-14 00:00:00+09:00,477.0,480.0,473.0,474.0,31300,0.0,0.0
2021-12-15 00:00:00+09:00,474.0,478.0,474.0,477.0,27100,0.0,0.0
2021-12-16 00:00:00+09:00,480.0,485.0,479.0,485.0,54900,0.0,0.0
2021-12-17 00:00:00+09:00,483.0,487.0,479.0,479.0,48900,0.0,0.0
2021-12-20 00:00:00+09:00,479.0,480.0,470.0,470.0,37400,0.0,0.0
2021-12-21 00:00:00+09:00,471.0,476.0,467.0,474.0,38400,0.0,0.0
2021-12-22 00:00:00+09:00,475.0,477.0,474.0,476.0,20700,0.0,0.0
2021-12-23 00:00:00+09:00,480.0,483.0,477.0,481.0,42800,0.0,0.0
2021-12-24 00:00:00+09:00,480.0,480.0,474.0,476.0,43700,0.0,0.0
2021-12-27 00:00:00+09:00,479.0,479.0,473.0,475.0,23800,0.0,0.0
2021-12-28 00:00:00+09:00,478.0,482.0,477.0,482.0,26400,0.0,0.0
2021-12-29 00:00:00+09:00,479.0,487.0,479.0,487.0,24800,0.0,0.0
2021-12-30 00:00:00+09:00,483.0,491.0,483.0,491.0,30000,0.0,0.0
2022-01-04 00:00:00+09:00,494.0,495.0,490.0,491.0,51300,0.0,0.0
2022-01-05 00:00:00+09:00,491.0,493.0,489.0,492.0,21100,0.0,0.0
2022-01-06 00:00:00+09:00,490.0,493.0,488.0,488.0,27900,0.0,0.0
2022-01-07 00:00:00+09:00,490.0,493.0,486.0,493.0,39200,0.0,0.0
2022-01-11 00:00:00+09:00,494.0,494.0,487.0,493.0,44400,0.0,0.0
2022-01-12 00:00:00+09:00,493.0,493.0,490.0,492.0,35300,0.0,0.0
2022-01-13 00:00:00+09:00,493.0,498.0,492.0,494.0,44000,0.0,0.0
2022-01-14 00:00:00+09:00,494.0,495.0,488.0,492.0,47800,0.0,0.0
2022-01-17 00:00:00+09:00,493.0,502.0,493.0,502.0,58900,0.0,0.0
2022-01-18 00:00:00+09:00,502.0,502.0,489.0,489.0,39300,0.0,0.0
2022-01-19 00:00:00+09:00,488.0,489.0,477.0,477.0,59700,0.0,0.0
2022-01-20 00:00:00+09:00,480.0,487.0,478.0,483.0,20800,0.0,0.0
2022-01-21 00:00:00+09:00,480.0,483.0,465.0,483.0,97300,0.0,0.0
2022-01-24 00:00:00+09:00,483.0,492.0,481.0,492.0,36700,0.0,0.0
2022-01-25 00:00:00+09:00,489.0,491.0,484.0,487.0,54300,0.0,0.0
2022-01-26 00:00:00+09:00,488.0,491.0,485.0,486.0,21000,0.0,0.0
2022-01-27 00:00:00+09:00,489.0,492.0,478.0,487.0,91800,0.0,0.0
2022-01-28 00:00:00+09:00,488.0,490.0,485.0,487.0,45000,0.0,0.0
2022-01-31 00:00:00+09:00,488.0,497.0,488.0,496.0,30500,0.0,0.0
2022-02-01 00:00:00+09:00,497.0,500.0,495.0,498.0,24300,0.0,0.0
2022-02-02 00:00:00+09:00,498.0,501.0,495.0,500.0,45100,0.0,0.0
2022-02-03 00:00:00+09:00,499.0,504.0,497.0,501.0,51000,0.0,0.0
2022-02-04 00:00:00+09:00,500.0,505.0,500.0,503.0,48900,0.0,0.0
2022-02-07 00:00:00+09:00,507.0,510.0,505.0,507.0,90600,0.0,0.0
2022-02-08 00:00:00+09:00,540.0,564.0,538.0,558.0,754000,0.0,0.0
2022-02-09 00:00:00+09:00,570.0,588.0,561.0,577.0,438400,0.0,0.0
2022-02-10 00:00:00+09:00,590.0,592.0,574.0,590.0,258800,0.0,0.0
2022-02-14 00:00:00+09:00,571.0,592.0,566.0,589.0,156800,0.0,0.0
2022-02-15 00:00:00+09:00,586.0,594.0,577.0,580.0,147900,0.0,0.0
2022-02-16 00:00:00+09:00,585.0,586.0,572.0,582.0,129100,0.0,0.0
2022-02-17 00:00:00+09:00,576.0,584.0,575.0,581.0,78500,0.0,0.0
2022-02-18 00:00:00+09:00,573.0,579.0,573.0,578.0,48000,0.0,0.0
2022-02-21 00:00:00+09:00,571.0,579.0,570.0,572.0,99200,0.0,0.0
2022-02-22 00:00:00+09:00,565.0,571.0,563.0,571.0,78300,0.0,0.0
2022-02-24 00:00:00+09:00,568.0,574.0,561.0,566.0,88500,0.0,0.0
2022-02-25 00:00:00+09:00,566.0,579.0,562.0,575.0,108400,0.0,0.0
2022-02-28 00:00:00+09:00,580.0,582.0,572.0,578.0,127800,0.0,0.0
2022-03-01 00:00:00+09:00,584.0,586.0,576.0,579.0,118100,0.0,0.0
2022-03-02 00:00:00+09:00,572.0,578.0,570.0,574.0,61000,0.0,0.0
2022-03-03 00:00:00+09:00,575.0,581.0,575.0,577.0,53300,0.0,0.0
2022-03-04 00:00:00+09:00,578.0,579.0,564.0,568.0,110000,0.0,0.0
2022-03-07 00:00:00+09:00,561.0,561.0,547.0,550.0,130100,0.0,0.0
2022-03-08 00:00:00+09:00,540.0,546.0,528.0,532.0,162300,0.0,0.0
2022-03-09 00:00:00+09:00,533.0,546.0,533.0,541.0,84900,0.0,0.0
2022-03-10 00:00:00+09:00,555.0,564.0,552.0,564.0,120900,0.0,0.0
2022-03-11 00:00:00+09:00,555.0,572.0,554.0,568.0,117300,0.0,0.0
2022-03-14 00:00:00+09:00,565.0,576.0,565.0,569.0,78700,0.0,0.0
2022-03-15 00:00:00+09:00,569.0,575.0,567.0,573.0,44000,0.0,0.0
2022-03-16 00:00:00+09:00,575.0,575.0,570.0,573.0,54100,0.0,0.0
2022-03-17 00:00:00+09:00,576.0,579.0,571.0,573.0,65700,0.0,0.0
2022-03-18 00:00:00+09:00,573.0,582.0,572.0,582.0,54900,0.0,0.0
2022-03-22 00:00:00+09:00,585.0,588.0,583.0,586.0,84000,0.0,0.0
2022-03-23 00:00:00+09:00,590.0,594.0,586.0,589.0,82300,0.0,0.0
2022-03-24 00:00:00+09:00,582.0,588.0,577.0,588.0,70500,0.0,0.0
2022-03-25 00:00:00+09:00,586.0,586.0,577.0,584.0,70800,0.0,0.0
2022-03-28 00:00:00+09:00,584.0,584.0,571.0,571.0,126900,0.0,0.0
2022-03-29 00:00:00+09:00,571.0,575.0,566.0,569.0,164200,0.0,0.0
2022-03-30 00:00:00+09:00,544.0,545.0,535.0,544.0,145500,0.0,0.0
2022-03-31 00:00:00+09:00,542.0,542.0,522.0,522.0,124000,0.0,0.0
2022-04-01 00:00:00+09:00,521.0,537.0,516.0,531.0,119300,0.0,0.0
2022-04-04 00:00:00+09:00,531.0,535.0,527.0,533.0,93200,0.0,0.0
2022-04-05 00:00:00+09:00,534.0,538.0,530.0,533.0,75200,0.0,0.0
2022-04-06 00:00:00+09:00,530.0,531.0,521.0,524.0,53100,0.0,0.0
2022-04-07 00:00:00+09:00,523.0,523.0,513.0,521.0,52500,0.0,0.0
2022-04-08 00:00:00+09:00,524.0,526.0,518.0,526.0,92500,0.0,0.0
2022-04-11 00:00:00+09:00,526.0,531.0,521.0,523.0,93100,0.0,0.0
2022-04-12 00:00:00+09:00,522.0,524.0,518.0,520.0,39500,0.0,0.0
2022-04-13 00:00:00+09:00,520.0,521.0,516.0,520.0,36200,0.0,0.0
2022-04-14 00:00:00+09:00,524.0,528.0,521.0,525.0,33600,0.0,0.0
2022-04-15 00:00:00+09:00,525.0,532.0,523.0,532.0,48900,0.0,0.0
2022-04-18 00:00:00+09:00,529.0,529.0,523.0,525.0,48700,0.0,0.0
2022-04-19 00:00:00+09:00,530.0,530.0,524.0,525.0,23600,0.0,0.0
2022-04-20 00:00:00+09:00,527.0,529.0,524.0,527.0,50900,0.0,0.0
2022-04-21 00:00:00+09:00,527.0,535.0,527.0,531.0,53600,0.0,0.0
2022-04-22 00:00:00+09:00,527.0,528.0,524.0,526.0,23600,0.0,0.0
2022-04-25 00:00:00+09:00,519.0,521.0,513.0,514.0,48500,0.0,0.0
2022-04-26 00:00:00+09:00,514.0,517.0,511.0,512.0,29800,0.0,0.0
2022-04-27 00:00:00+09:00,509.0,517.0,507.0,517.0,56800,0.0,0.0
2022-04-28 00:00:00+09:00,519.0,528.0,514.0,526.0,41200,0.0,0.0
2022-05-02 00:00:00+09:00,526.0,530.0,523.0,527.0,32400,0.0,0.0
2022-05-06 00:00:00+09:00,527.0,535.0,524.0,530.0,48300,0.0,0.0
2022-05-09 00:00:00+09:00,536.0,537.0,527.0,530.0,99100,0.0,0.0
2022-05-10 00:00:00+09:00,520.0,525.0,503.0,521.0,138800,0.0,0.0
2022-05-11 00:00:00+09:00,518.0,522.0,516.0,520.0,39300,0.0,0.0
2022-05-12 00:00:00+09:00,515.0,521.0,510.0,510.0,85700,0.0,0.0
2022-05-13 00:00:00+09:00,515.0,525.0,515.0,522.0,88000,0.0,0.0
2022-05-16 00:00:00+09:00,532.0,533.0,519.0,523.0,52700,0.0,0.0
2022-05-17 00:00:00+09:00,523.0,524.0,520.0,525.0,34800,0.0,0.0
2022-05-18 00:00:00+09:00,522.0,525.0,520.0,525.0,61000,0.0,0.0
2022-05-19 00:00:00+09:00,515.0,521.0,510.0,516.0,94000,0.0,0.0
2022-05-20 00:00:00+09:00,513.0,517.0,510.0,517.0,57800,0.0,0.0
2022-05-23 00:00:00+09:00,522.0,525.0,520.0,523.0,64800,0.0,0.0
2022-05-24 00:00:00+09:00,525.0,525.0,514.0,515.0,64900,0.0,0.0
2022-05-25 00:00:00+09:00,512.0,517.0,512.0,517.0,60200,0.0,0.0
2022-05-26 00:00:00+09:00,521.0,523.0,519.0,520.0,42700,0.0,0.0
2022-05-27 00:00:00+09:00,524.0,524.0,512.0,522.0,101900,0.0,0.0
2022-05-30 00:00:00+09:00,524.0,533.0,520.0,533.0,192900,0.0,0.0
2022-05-31 00:00:00+09:00,531.0,539.0,527.0,530.0,122100,0.0,0.0
2022-06-01 00:00:00+09:00,531.0,539.0,531.0,538.0,81000,0.0,0.0
2022-06-02 00:00:00+09:00,534.0,537.0,531.0,537.0,28200,0.0,0.0
2022-06-03 00:00:00+09:00,540.0,543.0,535.0,536.0,36100,0.0,0.0
2022-06-06 00:00:00+09:00,536.0,537.0,531.0,532.0,57900,0.0,0.0
2022-06-07 00:00:00+09:00,536.0,538.0,533.0,536.0,67000,0.0,0.0
2022-06-08 00:00:00+09:00,540.0,540.0,533.0,536.0,62500,0.0,0.0
2022-06-09 00:00:00+09:00,535.0,542.0,535.0,541.0,73800,0.0,0.0
2022-06-10 00:00:00+09:00,539.0,539.0,533.0,538.0,91300,0.0,0.0
2022-06-13 00:00:00+09:00,531.0,534.0,529.0,532.0,54600,0.0,0.0
2022-06-14 00:00:00+09:00,525.0,532.0,524.0,532.0,87400,0.0,0.0
2022-06-15 00:00:00+09:00,530.0,534.0,523.0,523.0,77600,0.0,0.0
2022-06-16 00:00:00+09:00,530.0,532.0,525.0,530.0,58300,0.0,0.0
2022-06-17 00:00:00+09:00,521.0,534.0,516.0,528.0,134300,0.0,0.0
2022-06-20 00:00:00+09:00,532.0,532.0,523.0,525.0,58700,0.0,0.0
2022-06-21 00:00:00+09:00,526.0,536.0,526.0,532.0,55000,0.0,0.0
2022-06-22 00:00:00+09:00,535.0,536.0,528.0,533.0,26900,0.0,0.0
2022-06-23 00:00:00+09:00,535.0,538.0,531.0,538.0,46400,0.0,0.0
2022-06-24 00:00:00+09:00,536.0,537.0,533.0,536.0,34700,0.0,0.0
2022-06-27 00:00:00+09:00,537.0,537.0,530.0,532.0,27000,0.0,0.0
2022-06-28 00:00:00+09:00,530.0,534.0,530.0,534.0,28500,0.0,0.0
2022-06-29 00:00:00+09:00,533.0,540.0,530.0,540.0,73300,0.0,0.0
2022-06-30 00:00:00+09:00,540.0,541.0,532.0,534.0,58500,0.0,0.0
2022-07-01 00:00:00+09:00,536.0,536.0,526.0,530.0,56900,0.0,0.0
2022-07-04 00:00:00+09:00,535.0,543.0,531.0,543.0,78200,0.0,0.0
2022-07-05 00:00:00+09:00,540.0,540.0,536.0,536.0,51000,0.0,0.0
2022-07-06 00:00:00+09:00,533.0,534.0,525.0,530.0,67300,0.0,0.0
2022-07-07 00:00:00+09:00,530.0,536.0,527.0,533.0,48200,0.0,0.0
2022-07-08 00:00:00+09:00,534.0,536.0,531.0,534.0,66000,0.0,0.0
2022-07-11 00:00:00+09:00,532.0,539.0,532.0,538.0,78900,0.0,0.0
2022-07-12 00:00:00+09:00,538.0,538.0,531.0,535.0,44800,0.0,0.0
2022-07-13 00:00:00+09:00,538.0,538.0,533.0,537.0,22100,0.0,0.0
2022-07-14 00:00:00+09:00,536.0,539.0,534.0,536.0,27600,0.0,0.0
2022-07-15 00:00:00+09:00,537.0,537.0,529.0,530.0,41700,0.0,0.0
2022-07-19 00:00:00+09:00,534.0,536.0,531.0,536.0,28000,0.0,0.0
2022-07-20 00:00:00+09:00,539.0,544.0,538.0,544.0,79700,0.0,0.0
2022-07-21 00:00:00+09:00,548.0,550.0,544.0,550.0,203300,0.0,0.0
2022-07-22 00:00:00+09:00,551.0,563.0,551.0,563.0,107200,0.0,0.0
2022-07-25 00:00:00+09:00,557.0,559.0,548.0,551.0,68900,0.0,0.0
2022-07-26 00:00:00+09:00,552.0,558.0,552.0,555.0,30800,0.0,0.0
2022-07-27 00:00:00+09:00,557.0,563.0,555.0,558.0,47000,0.0,0.0
2022-07-28 00:00:00+09:00,564.0,570.0,557.0,570.0,109500,0.0,0.0
2022-07-29 00:00:00+09:00,569.0,569.0,561.0,564.0,73300,0.0,0.0
2022-08-01 00:00:00+09:00,565.0,565.0,556.0,561.0,65900,0.0,0.0
2022-08-02 00:00:00+09:00,556.0,558.0,552.0,556.0,29200,0.0,0.0
2022-08-03 00:00:00+09:00,555.0,555.0,541.0,550.0,102200,0.0,0.0
2022-08-04 00:00:00+09:00,553.0,553.0,543.0,545.0,81100,0.0,0.0
2022-08-05 00:00:00+09:00,541.0,551.0,541.0,549.0,44300,0.0,0.0
2022-08-08 00:00:00+09:00,543.0,548.0,543.0,544.0,63100,0.0,0.0
2022-08-09 00:00:00+09:00,550.0,551.0,542.0,547.0,83100,0.0,0.0
2022-08-10 00:00:00+09:00,541.0,545.0,537.0,545.0,103400,0.0,0.0
2022-08-12 00:00:00+09:00,548.0,549.0,544.0,548.0,65200,0.0,0.0
2022-08-15 00:00:00+09:00,548.0,552.0,545.0,552.0,44500,0.0,0.0
2022-08-16 00:00:00+09:00,554.0,556.0,551.0,554.0,48400,0.0,0.0
2022-08-17 00:00:00+09:00,554.0,556.0,551.0,554.0,52200,0.0,0.0
2022-08-18 00:00:00+09:00,550.0,553.0,545.0,553.0,60600,0.0,0.0
2022-08-19 00:00:00+09:00,554.0,555.0,552.0,552.0,39400,0.0,0.0
2022-08-22 00:00:00+09:00,550.0,555.0,549.0,551.0,42900,0.0,0.0
2022-08-23 00:00:00+09:00,551.0,551.0,548.0,548.0,42300,0.0,0.0
2022-08-24 00:00:00+09:00,549.0,549.0,547.0,549.0,44100,0.0,0.0
2022-08-25 00:00:00+09:00,548.0,549.0,545.0,546.0,61100,0.0,0.0
2022-08-26 00:00:00+09:00,546.0,548.0,546.0,548.0,36100,0.0,0.0
2022-08-29 00:00:00+09:00,544.0,549.0,543.0,546.0,41600,0.0,0.0
2022-08-30 00:00:00+09:00,547.0,552.0,547.0,551.0,46900,0.0,0.0
2022-08-31 00:00:00+09:00,549.0,550.0,547.0,548.0,41500,0.0,0.0
2022-09-01 00:00:00+09:00,548.0,550.0,545.0,546.0,38500,0.0,0.0
2022-09-02 00:00:00+09:00,548.0,548.0,542.0,546.0,55700,0.0,0.0
2022-09-05 00:00:00+09:00,543.0,545.0,542.0,543.0,31100,0.0,0.0
2022-09-06 00:00:00+09:00,544.0,547.0,543.0,547.0,24600,0.0,0.0
2022-09-07 00:00:00+09:00,549.0,550.0,545.0,550.0,40800,0.0,0.0
2022-09-08 00:00:00+09:00,554.0,555.0,542.0,548.0,84500,0.0,0.0
2022-09-09 00:00:00+09:00,550.0,552.0,549.0,552.0,53200,0.0,0.0
2022-09-12 00:00:00+09:00,562.0,562.0,552.0,559.0,97600,0.0,0.0
2022-09-13 00:00:00+09:00,559.0,559.0,553.0,556.0,27100,0.0,0.0
2022-09-14 00:00:00+09:00,548.0,554.0,547.0,553.0,59300,0.0,0.0
2022-09-15 00:00:00+09:00,553.0,556.0,552.0,556.0,26500,0.0,0.0
2022-09-16 00:00:00+09:00,555.0,557.0,551.0,551.0,32600,0.0,0.0
2022-09-20 00:00:00+09:00,554.0,560.0,553.0,560.0,45100,0.0,0.0
2022-09-21 00:00:00+09:00,560.0,560.0,554.0,559.0,50600,0.0,0.0
2022-09-22 00:00:00+09:00,554.0,561.0,553.0,558.0,51200,0.0,0.0
2022-09-26 00:00:00+09:00,560.0,560.0,545.0,545.0,74100,0.0,0.0
2022-09-27 00:00:00+09:00,551.0,554.0,548.0,554.0,43600,0.0,0.0
2022-09-28 00:00:00+09:00,554.0,554.0,540.0,549.0,88600,0.0,0.0
2022-09-29 00:00:00+09:00,553.0,555.0,544.0,546.0,63000,0.0,0.0
2022-09-30 00:00:00+09:00,543.0,545.0,539.0,543.0,61900,0.0,0.0
2022-10-03 00:00:00+09:00,543.0,543.0,535.0,539.0,42600,0.0,0.0
2022-10-04 00:00:00+09:00,545.0,549.0,544.0,549.0,32100,0.0,0.0
2022-10-05 00:00:00+09:00,550.0,552.0,546.0,549.0,27500,0.0,0.0
2022-10-06 00:00:00+09:00,549.0,555.0,549.0,554.0,38800,0.0,0.0
2022-10-07 00:00:00+09:00,553.0,561.0,551.0,561.0,50300,0.0,0.0
2022-10-11 00:00:00+09:00,559.0,559.0,548.0,550.0,69200,0.0,0.0
2022-10-12 00:00:00+09:00,550.0,554.0,548.0,550.0,40800,0.0,0.0
2022-10-13 00:00:00+09:00,550.0,551.0,544.0,547.0,44600,0.0,0.0
2022-10-14 00:00:00+09:00,549.0,553.0,548.0,552.0,40500,0.0,0.0
2022-10-17 00:00:00+09:00,552.0,555.0,550.0,550.0,30700,0.0,0.0
2022-10-18 00:00:00+09:00,556.0,556.0,551.0,551.0,32200,0.0,0.0
2022-10-19 00:00:00+09:00,551.0,555.0,548.0,551.0,34200,0.0,0.0
2022-10-20 00:00:00+09:00,551.0,553.0,548.0,551.0,34200,0.0,0.0
2022-10-21 00:00:00+09:00,550.0,554.0,549.0,551.0,22300,0.0,0.0
2022-10-24 00:00:00+09:00,551.0,554.0,549.0,552.0,45400,0.0,0.0
2022-10-25 00:00:00+09:00,551.0,554.0,551.0,552.0,34100,0.0,0.0
2022-10-26 00:00:00+09:00,555.0,556.0,551.0,554.0,26300,0.0,0.0
2022-10-27 00:00:00+09:00,554.0,556.0,551.0,554.0,24900,0.0,0.0
2022-10-28 00:00:00+09:00,556.0,564.0,545.0,545.0,198300,0.0,0.0
2022-10-31 00:00:00+09:00,553.0,555.0,550.0,554.0,25600,0.0,0.0
2022-11-01 00:00:00+09:00,558.0,558.0,553.0,555.0,14400,0.0,0.0
2022-11-02 00:00:00+09:00,553.0,557.0,552.0,556.0,47300,0.0,0.0
2022-11-04 00:00:00+09:00,551.0,554.0,549.0,549.0,53600,0.0,0.0
2022-11-07 00:00:00+09:00,549.0,550.0,544.0,548.0,72700,0.0,0.0
2022-11-08 00:00:00+09:00,545.0,546.0,538.0,545.0,138100,0.0,0.0
2022-11-09 00:00:00+09:00,547.0,547.0,543.0,546.0,45000,0.0,0.0
2022-11-10 00:00:00+09:00,548.0,548.0,544.0,544.0,42200,0.0,0.0
2022-11-11 00:00:00+09:00,548.0,549.0,542.0,546.0,49800,0.0,0.0
2022-11-14 00:00:00+09:00,545.0,545.0,540.0,542.0,33100,0.0,0.0
2022-11-15 00:00:00+09:00,541.0,545.0,540.0,543.0,30100,0.0,0.0
2022-11-16 00:00:00+09:00,543.0,543.0,541.0,543.0,20700,0.0,0.0
2022-11-17 00:00:00+09:00,542.0,547.0,542.0,547.0,29600,0.0,0.0
2022-11-18 00:00:00+09:00,548.0,549.0,543.0,543.0,38700,0.0,0.0
2022-11-21 00:00:00+09:00,543.0,545.0,541.0,543.0,44600,0.0,0.0
2022-11-22 00:00:00+09:00,544.0,547.0,542.0,544.0,47300,0.0,0.0
2022-11-24 00:00:00+09:00,546.0,548.0,545.0,548.0,42900,0.0,0.0
2022-11-25 00:00:00+09:00,548.0,551.0,547.0,551.0,43700,0.0,0.0
2022-11-28 00:00:00+09:00,554.0,555.0,551.0,555.0,37800,0.0,0.0
2022-11-29 00:00:00+09:00,554.0,555.0,550.0,553.0,30300,0.0,0.0
2022-11-30 00:00:00+09:00,553.0,554.0,548.0,548.0,28600,0.0,0.0
2022-12-01 00:00:00+09:00,549.0,554.0,546.0,552.0,40500,0.0,0.0
2022-12-02 00:00:00+09:00,551.0,551.0,544.0,547.0,38800,0.0,0.0
2022-12-05 00:00:00+09:00,546.0,549.0,546.0,549.0,30100,0.0,0.0
2022-12-06 00:00:00+09:00,548.0,550.0,546.0,549.0,28500,0.0,0.0
2022-12-07 00:00:00+09:00,550.0,554.0,549.0,550.0,26500,0.0,0.0
2022-12-08 00:00:00+09:00,552.0,552.0,545.0,549.0,38100,0.0,0.0
2022-12-09 00:00:00+09:00,551.0,554.0,549.0,554.0,38600,0.0,0.0
2022-12-12 00:00:00+09:00,556.0,556.0,552.0,555.0,38200,0.0,0.0
2022-12-13 00:00:00+09:00,556.0,558.0,553.0,557.0,18600,0.0,0.0
2022-12-14 00:00:00+09:00,558.0,558.0,555.0,558.0,18000,0.0,0.0
2022-12-15 00:00:00+09:00,558.0,560.0,556.0,560.0,34700,0.0,0.0
2022-12-16 00:00:00+09:00,559.0,564.0,556.0,558.0,50700,0.0,0.0
2022-12-19 00:00:00+09:00,556.0,565.0,556.0,562.0,49300,0.0,0.0
2022-12-20 00:00:00+09:00,562.0,565.0,537.0,540.0,314400,0.0,0.0
2022-12-21 00:00:00+09:00,538.0,542.0,535.0,537.0,89900,0.0,0.0
2022-12-22 00:00:00+09:00,540.0,545.0,539.0,545.0,54900,0.0,0.0
2022-12-23 00:00:00+09:00,540.0,543.0,536.0,543.0,50000,0.0,0.0
2022-12-26 00:00:00+09:00,543.0,550.0,543.0,548.0,29700,0.0,0.0
2022-12-27 00:00:00+09:00,551.0,553.0,549.0,551.0,21400,0.0,0.0
2022-12-28 00:00:00+09:00,550.0,559.0,549.0,559.0,44400,0.0,0.0
2022-12-29 00:00:00+09:00,555.0,555.0,546.0,551.0,77700,0.0,0.0
2022-12-30 00:00:00+09:00,554.0,558.0,552.0,553.0,17100,0.0,0.0
2023-01-04 00:00:00+09:00,554.0,556.0,552.0,553.0,56400,0.0,0.0
2023-01-05 00:00:00+09:00,555.0,556.0,547.0,552.0,57800,0.0,0.0
2023-01-06 00:00:00+09:00,552.0,559.0,551.0,558.0,55100,0.0,0.0
2023-01-10 00:00:00+09:00,563.0,563.0,555.0,555.0,56400,0.0,0.0
2023-01-11 00:00:00+09:00,560.0,563.0,558.0,563.0,26400,0.0,0.0
2023-01-12 00:00:00+09:00,560.0,560.0,554.0,554.0,49400,0.0,0.0
2023-01-13 00:00:00+09:00,553.0,557.0,553.0,557.0,36200,0.0,0.0
2023-01-16 00:00:00+09:00,555.0,556.0,551.0,556.0,36600,0.0,0.0
2023-01-17 00:00:00+09:00,556.0,561.0,555.0,561.0,55500,0.0,0.0
2023-01-18 00:00:00+09:00,560.0,566.0,558.0,564.0,52400,0.0,0.0
2023-01-19 00:00:00+09:00,563.0,568.0,561.0,564.0,42200,0.0,0.0
2023-01-20 00:00:00+09:00,564.0,567.0,563.0,564.0,29800,0.0,0.0
2023-01-23 00:00:00+09:00,570.0,570.0,564.0,568.0,39400,0.0,0.0
2023-01-24 00:00:00+09:00,569.0,573.0,567.0,572.0,40700,0.0,0.0
2023-01-25 00:00:00+09:00,569.0,577.0,569.0,574.0,40700,0.0,0.0
2023-01-26 00:00:00+09:00,577.0,577.0,573.0,576.0,31500,0.0,0.0
2023-01-27 00:00:00+09:00,578.0,582.0,575.0,582.0,74200,0.0,0.0
2023-01-30 00:00:00+09:00,582.0,582.0,573.0,579.0,196800,0.0,0.0
2023-01-31 00:00:00+09:00,578.0,588.0,575.0,582.0,99600,0.0,0.0
2023-02-01 00:00:00+09:00,584.0,590.0,582.0,584.0,47900,0.0,0.0
2023-02-02 00:00:00+09:00,584.0,585.0,575.0,575.0,28600,0.0,0.0
2023-02-03 00:00:00+09:00,575.0,579.0,573.0,574.0,35000,0.0,0.0
2023-02-06 00:00:00+09:00,575.0,575.0,572.0,573.0,25400,0.0,0.0
2023-02-07 00:00:00+09:00,572.0,576.0,572.0,575.0,26000,0.0,0.0
2023-02-08 00:00:00+09:00,575.0,575.0,571.0,575.0,37800,0.0,0.0
2023-02-09 00:00:00+09:00,573.0,575.0,572.0,575.0,31500,0.0,0.0
2023-02-10 00:00:00+09:00,574.0,577.0,573.0,577.0,41600,0.0,0.0
2023-02-13 00:00:00+09:00,577.0,584.0,576.0,578.0,37700,0.0,0.0
2023-02-14 00:00:00+09:00,582.0,582.0,556.0,569.0,202400,0.0,0.0
2023-02-15 00:00:00+09:00,569.0,570.0,564.0,567.0,66600,0.0,0.0
2023-02-16 00:00:00+09:00,571.0,571.0,563.0,568.0,38800,0.0,0.0
2023-02-17 00:00:00+09:00,568.0,570.0,566.0,570.0,35400,0.0,0.0
2023-02-20 00:00:00+09:00,571.0,582.0,571.0,580.0,85300,0.0,0.0
2023-02-21 00:00:00+09:00,585.0,586.0,581.0,584.0,38800,0.0,0.0
2023-02-22 00:00:00+09:00,582.0,585.0,580.0,583.0,48700,0.0,0.0
2023-02-24 00:00:00+09:00,585.0,588.0,584.0,584.0,65300,0.0,0.0
2023-02-27 00:00:00+09:00,588.0,599.0,587.0,594.0,128500,0.0,0.0
2023-02-28 00:00:00+09:00,597.0,599.0,590.0,590.0,50300,0.0,0.0
2023-03-01 00:00:00+09:00,590.0,594.0,586.0,594.0,65400,0.0,0.0
2023-03-02 00:00:00+09:00,595.0,598.0,592.0,592.0,45900,0.0,0.0
2023-03-03 00:00:00+09:00,596.0,597.0,592.0,592.0,49800,0.0,0.0
2023-03-06 00:00:00+09:00,598.0,598.0,591.0,594.0,79200,0.0,0.0
2023-03-07 00:00:00+09:00,594.0,596.0,591.0,595.0,55900,0.0,0.0
2023-03-08 00:00:00+09:00,594.0,606.0,594.0,606.0,119000,0.0,0.0
2023-03-09 00:00:00+09:00,609.0,616.0,608.0,613.0,85500,0.0,0.0
2023-03-10 00:00:00+09:00,611.0,614.0,605.0,606.0,112000,0.0,0.0
2023-03-13 00:00:00+09:00,598.0,603.0,592.0,603.0,92600,0.0,0.0
2023-03-14 00:00:00+09:00,595.0,595.0,580.0,580.0,140800,0.0,0.0
2023-03-15 00:00:00+09:00,589.0,598.0,589.0,598.0,62200,0.0,0.0
2023-03-16 00:00:00+09:00,582.0,587.0,581.0,583.0,88600,0.0,0.0
2023-03-17 00:00:00+09:00,587.0,590.0,581.0,586.0,56200,0.0,0.0
2023-03-20 00:00:00+09:00,586.0,586.0,573.0,575.0,100200,0.0,0.0
2023-03-22 00:00:00+09:00,565.0,572.0,557.0,571.0,204600,0.0,0.0
2023-03-23 00:00:00+09:00,570.0,574.0,564.0,573.0,65700,0.0,0.0
2023-03-24 00:00:00+09:00,569.0,572.0,566.0,567.0,98100,0.0,0.0
2023-03-27 00:00:00+09:00,571.0,573.0,564.0,568.0,103100,0.0,0.0
2023-03-28 00:00:00+09:00,568.0,570.0,558.0,561.0,156600,0.0,0.0
2023-03-29 00:00:00+09:00,561.0,565.0,560.0,563.0,228700,0.0,0.0
2023-03-30 00:00:00+09:00,533.0,542.0,532.0,542.0,165100,0.0,0.0
2023-03-31 00:00:00+09:00,546.0,553.0,544.0,549.0,80900,0.0,0.0
2023-04-03 00:00:00+09:00,552.0,552.0,545.0,545.0,47300,0.0,0.0
2023-04-04 00:00:00+09:00,550.0,551.0,546.0,550.0,71400,0.0,0.0
2023-04-05 00:00:00+09:00,547.0,547.0,537.0,538.0,101500,0.0,0.0
2023-04-06 00:00:00+09:00,538.0,540.0,534.0,535.0,73300,0.0,0.0
2023-04-07 00:00:00+09:00,537.0,540.0,536.0,539.0,41100,0.0,0.0
2023-04-10 00:00:00+09:00,540.0,545.0,539.0,543.0,76600,0.0,0.0
2023-04-11 00:00:00+09:00,545.0,548.0,543.0,548.0,54700,0.0,0.0
2023-04-12 00:00:00+09:00,548.0,550.0,546.0,547.0,45900,0.0,0.0
2023-04-13 00:00:00+09:00,547.0,549.0,544.0,549.0,44800,0.0,0.0
2023-04-14 00:00:00+09:00,550.0,553.0,548.0,550.0,49000,0.0,0.0
2023-04-17 00:00:00+09:00,553.0,553.0,546.0,551.0,38200,0.0,0.0
2023-04-18 00:00:00+09:00,553.0,553.0,550.0,552.0,38900,0.0,0.0
2023-04-19 00:00:00+09:00,552.0,552.0,548.0,552.0,36800,0.0,0.0
2023-04-20 00:00:00+09:00,551.0,557.0,551.0,556.0,42500,0.0,0.0
2023-04-21 00:00:00+09:00,554.0,557.0,552.0,556.0,31300,0.0,0.0
2023-04-24 00:00:00+09:00,558.0,560.0,556.0,558.0,51700,0.0,0.0
2023-04-25 00:00:00+09:00,559.0,561.0,558.0,559.0,56100,0.0,0.0
2023-04-26 00:00:00+09:00,559.0,559.0,555.0,555.0,53900,0.0,0.0
2023-04-27 00:00:00+09:00,556.0,560.0,556.0,560.0,161800,0.0,0.0
2023-04-28 00:00:00+09:00,562.0,563.0,558.0,563.0,75700,0.0,0.0
2023-05-01 00:00:00+09:00,564.0,567.0,560.0,561.0,51200,0.0,0.0
2023-05-02 00:00:00+09:00,563.0,564.0,558.0,561.0,36800,0.0,0.0
2023-05-08 00:00:00+09:00,560.0,564.0,559.0,563.0,35900,0.0,0.0
2023-05-09 00:00:00+09:00,565.0,567.0,562.0,565.0,57700,0.0,0.0
2023-05-10 00:00:00+09:00,565.0,566.0,562.0,562.0,44000,0.0,0.0
2023-05-11 00:00:00+09:00,562.0,562.0,558.0,560.0,27500,0.0,0.0
2023-05-12 00:00:00+09:00,558.0,560.0,556.0,557.0,40300,0.0,0.0
2023-05-15 00:00:00+09:00,564.0,564.0,557.0,563.0,61600,0.0,0.0
2023-05-16 00:00:00+09:00,560.0,560.0,555.0,555.0,47300,0.0,0.0
2023-05-17 00:00:00+09:00,555.0,559.0,555.0,555.0,35100,0.0,0.0
2023-05-18 00:00:00+09:00,557.0,560.0,554.0,557.0,54000,0.0,0.0
2023-05-19 00:00:00+09:00,557.0,560.0,557.0,558.0,27900,0.0,0.0
2023-05-22 00:00:00+09:00,556.0,562.0,555.0,557.0,66400,0.0,0.0
2023-05-23 00:00:00+09:00,556.0,559.0,551.0,553.0,74000,0.0,0.0
2023-05-24 00:00:00+09:00,552.0,554.0,551.0,552.0,31700,0.0,0.0
2023-05-25 00:00:00+09:00,551.0,553.0,548.0,552.0,63200,0.0,0.0
2023-05-26 00:00:00+09:00,550.0,550.0,544.0,544.0,69200,0.0,0.0
2023-05-29 00:00:00+09:00,547.0,548.0,545.0,545.0,39600,0.0,0.0
2023-05-30 00:00:00+09:00,545.0,550.0,541.0,550.0,93900,0.0,0.0
2023-05-31 00:00:00+09:00,547.0,547.0,538.0,538.0,114800,0.0,0.0
2023-06-01 00:00:00+09:00,539.0,544.0,539.0,541.0,42600,0.0,0.0
2023-06-02 00:00:00+09:00,542.0,549.0,542.0,549.0,43500,0.0,0.0
2023-06-05 00:00:00+09:00,554.0,555.0,550.0,552.0,55800,0.0,0.0
2023-06-06 00:00:00+09:00,552.0,552.0,549.0,549.0,54600,0.0,0.0
2023-06-07 00:00:00+09:00,550.0,553.0,536.0,545.0,198800,0.0,0.0
2023-06-08 00:00:00+09:00,545.0,549.0,545.0,545.0,40300,0.0,0.0
2023-06-09 00:00:00+09:00,546.0,553.0,546.0,553.0,69500,0.0,0.0
2023-06-12 00:00:00+09:00,557.0,562.0,556.0,558.0,107700,0.0,0.0
2023-06-13 00:00:00+09:00,560.0,564.0,560.0,563.0,61400,0.0,0.0
2023-06-14 00:00:00+09:00,564.0,567.0,564.0,567.0,53100,0.0,0.0
2023-06-15 00:00:00+09:00,568.0,574.0,566.0,571.0,59100,0.0,0.0
2023-06-16 00:00:00+09:00,574.0,576.0,571.0,574.0,72100,0.0,0.0
2023-06-19 00:00:00+09:00,575.0,575.0,570.0,572.0,67600,0.0,0.0
2023-06-20 00:00:00+09:00,571.0,574.0,569.0,570.0,63400,0.0,0.0
2023-06-21 00:00:00+09:00,569.0,579.0,567.0,579.0,85900,0.0,0.0
2023-06-22 00:00:00+09:00,579.0,584.0,578.0,584.0,63900,0.0,0.0
2023-06-23 00:00:00+09:00,584.0,584.0,573.0,576.0,61500,0.0,0.0
2023-06-26 00:00:00+09:00,576.0,578.0,571.0,576.0,48600,0.0,0.0
2023-06-27 00:00:00+09:00,574.0,579.0,572.0,578.0,37500,0.0,0.0
2023-06-28 00:00:00+09:00,579.0,584.0,579.0,583.0,45000,0.0,0.0
2023-06-29 00:00:00+09:00,584.0,586.0,580.0,582.0,38900,0.0,0.0
2023-06-30 00:00:00+09:00,582.0,582.0,578.0,581.0,39700,0.0,0.0
2023-07-03 00:00:00+09:00,584.0,588.0,583.0,585.0,51300,0.0,0.0
2023-07-04 00:00:00+09:00,584.0,592.0,584.0,592.0,51600,0.0,0.0
2023-07-05 00:00:00+09:00,588.0,591.0,586.0,589.0,88400,0.0,0.0
2023-07-06 00:00:00+09:00,587.0,589.0,583.0,586.0,64100,0.0,0.0
2023-07-07 00:00:00+09:00,586.0,588.0,581.0,584.0,51000,0.0,0.0
2023-07-10 00:00:00+09:00,581.0,586.0,580.0,581.0,70400,0.0,0.0
2023-07-11 00:00:00+09:00,581.0,583.0,578.0,580.0,61500,0.0,0.0
2023-07-12 00:00:00+09:00,583.0,583.0,578.0,579.0,63200,0.0,0.0
2023-07-13 00:00:00+09:00,579.0,582.0,576.0,577.0,44700,0.0,0.0
2023-07-14 00:00:00+09:00,577.0,579.0,572.0,576.0,75700,0.0,0.0
2023-07-18 00:00:00+09:00,579.0,582.0,578.0,582.0,45800,0.0,0.0
2023-07-19 00:00:00+09:00,587.0,590.0,582.0,587.0,68400,0.0,0.0
2023-07-20 00:00:00+09:00,596.0,612.0,590.0,610.0,349400,0.0,0.0
2023-07-21 00:00:00+09:00,608.0,608.0,600.0,604.0,115800,0.0,0.0
2023-07-24 00:00:00+09:00,604.0,608.0,601.0,608.0,75100,0.0,0.0
2023-07-25 00:00:00+09:00,609.0,613.0,606.0,606.0,91200,0.0,0.0
2023-07-26 00:00:00+09:00,606.0,606.0,601.0,605.0,50300,0.0,0.0
2023-07-27 00:00:00+09:00,603.0,605.0,602.0,604.0,31100,0.0,0.0
2023-07-28 00:00:00+09:00,601.0,603.0,593.0,603.0,239400,0.0,0.0
2023-07-31 00:00:00+09:00,605.0,611.0,605.0,607.0,64300,0.0,0.0
2023-08-01 00:00:00+09:00,607.0,610.0,604.0,608.0,45900,0.0,0.0
2023-08-02 00:00:00+09:00,608.0,614.0,605.0,610.0,71500,0.0,0.0
2023-08-03 00:00:00+09:00,608.0,608.0,601.0,602.0,50100,0.0,0.0
2023-08-04 00:00:00+09:00,604.0,607.0,602.0,602.0,26300,0.0,0.0
2023-08-07 00:00:00+09:00,603.0,608.0,602.0,608.0,39100,0.0,0.0
2023-08-08 00:00:00+09:00,609.0,613.0,607.0,611.0,43800,0.0,0.0
2023-08-09 00:00:00+09:00,612.0,612.0,607.0,612.0,51700,0.0,0.0
2023-08-10 00:00:00+09:00,612.0,618.0,609.0,617.0,73400,0.0,0.0
2023-08-14 00:00:00+09:00,599.0,599.0,580.0,583.0,183000,0.0,0.0
2023-08-15 00:00:00+09:00,580.0,583.0,575.0,580.0,83500,0.0,0.0
2023-08-16 00:00:00+09:00,576.0,578.0,570.0,570.0,105400,0.0,0.0
2023-08-17 00:00:00+09:00,570.0,572.0,565.0,572.0,79200,0.0,0.0
2023-08-18 00:00:00+09:00,595.0,597.0,579.0,582.0,171300,0.0,0.0
2023-08-21 00:00:00+09:00,580.0,585.0,576.0,576.0,68100,0.0,0.0
2023-08-22 00:00:00+09:00,578.0,585.0,576.0,584.0,56400,0.0,0.0
2023-08-23 00:00:00+09:00,585.0,592.0,585.0,591.0,58200,0.0,0.0
2023-08-24 00:00:00+09:00,592.0,596.0,591.0,595.0,51700,0.0,0.0
2023-08-25 00:00:00+09:00,590.0,595.0,588.0,591.0,56900,0.0,0.0
2023-08-28 00:00:00+09:00,594.0,601.0,592.0,601.0,90900,0.0,0.0
2023-08-29 00:00:00+09:00,603.0,603.0,597.0,601.0,50800,0.0,0.0
2023-08-30 00:00:00+09:00,603.0,607.0,601.0,606.0,62600,0.0,0.0
2023-08-31 00:00:00+09:00,607.0,612.0,607.0,608.0,57400,0.0,0.0
2023-09-01 00:00:00+09:00,604.0,611.0,604.0,610.0,64200,0.0,0.0
2023-09-04 00:00:00+09:00,615.0,618.0,613.0,618.0,77600,0.0,0.0
2023-09-05 00:00:00+09:00,618.0,620.0,615.0,619.0,46300,0.0,0.0
2023-09-06 00:00:00+09:00,622.0,629.0,622.0,626.0,81300,0.0,0.0
2023-09-07 00:00:00+09:00,628.0,632.0,626.0,629.0,71600,0.0,0.0
2023-09-08 00:00:00+09:00,627.0,632.0,626.0,630.0,60400,0.0,0.0
2023-09-11 00:00:00+09:00,635.0,635.0,620.0,621.0,122900,0.0,0.0
2023-09-12 00:00:00+09:00,626.0,628.0,622.0,628.0,62300,0.0,0.0
2023-09-13 00:00:00+09:00,627.0,628.0,624.0,627.0,43100,0.0,0.0
2023-09-14 00:00:00+09:00,626.0,630.0,625.0,628.0,55900,0.0,0.0
2023-09-15 00:00:00+09:00,636.0,644.0,630.0,639.0,172400,0.0,0.0
2023-09-19 00:00:00+09:00,640.0,655.0,638.0,655.0,105500,0.0,0.0
2023-09-20 00:00:00+09:00,655.0,660.0,649.0,649.0,63500,0.0,0.0
2023-09-21 00:00:00+09:00,650.0,656.0,648.0,650.0,56400,0.0,0.0
2023-09-22 00:00:00+09:00,651.0,660.0,646.0,658.0,70100,0.0,0.0
2023-09-25 00:00:00+09:00,655.0,658.0,651.0,651.0,44900,0.0,0.0
2023-09-26 00:00:00+09:00,651.0,653.0,645.0,652.0,53200,0.0,0.0
2023-09-27 00:00:00+09:00,651.0,660.0,644.0,660.0,80500,0.0,0.0
2023-09-28 00:00:00+09:00,655.0,657.0,649.0,653.0,85700,0.0,0.0
2023-09-29 00:00:00+09:00,652.0,654.0,637.0,639.0,76400,0.0,0.0
2023-10-02 00:00:00+09:00,645.0,654.0,641.0,641.0,68300,0.0,0.0
2023-10-03 00:00:00+09:00,640.0,640.0,622.0,622.0,75100,0.0,0.0
2023-10-04 00:00:00+09:00,619.0,621.0,606.0,606.0,125800,0.0,0.0
2023-10-05 00:00:00+09:00,612.0,629.0,612.0,629.0,68700,0.0,0.0
2023-10-06 00:00:00+09:00,631.0,641.0,631.0,639.0,41800,0.0,0.0
2023-10-10 00:00:00+09:00,653.0,653.0,644.0,648.0,75300,0.0,0.0
2023-10-11 00:00:00+09:00,649.0,649.0,640.0,642.0,46000,0.0,0.0
2023-10-12 00:00:00+09:00,640.0,642.0,636.0,642.0,30200,0.0,0.0
2023-10-13 00:00:00+09:00,633.0,639.0,623.0,623.0,64800,0.0,0.0
2023-10-16 00:00:00+09:00,623.0,626.0,621.0,625.0,36900,0.0,0.0
2023-10-17 00:00:00+09:00,629.0,633.0,622.0,629.0,90800,0.0,0.0
2023-10-18 00:00:00+09:00,629.0,632.0,628.0,632.0,34100,0.0,0.0
2023-10-19 00:00:00+09:00,624.0,631.0,624.0,627.0,33700,0.0,0.0
2023-10-20 00:00:00+09:00,626.0,631.0,622.0,627.0,47100,0.0,0.0
2023-10-23 00:00:00+09:00,627.0,629.0,620.0,620.0,38400,0.0,0.0
2023-10-24 00:00:00+09:00,622.0,625.0,611.0,619.0,82800,0.0,0.0
2023-10-25 00:00:00+09:00,620.0,625.0,620.0,623.0,57000,0.0,0.0
2023-10-26 00:00:00+09:00,620.0,623.0,614.0,615.0,65000,0.0,0.0
2023-10-27 00:00:00+09:00,615.0,624.0,614.0,624.0,72800,0.0,0.0
2023-10-30 00:00:00+09:00,621.0,621.0,605.0,606.0,209200,0.0,0.0
2023-10-31 00:00:00+09:00,606.0,609.0,597.0,609.0,95500,0.0,0.0
2023-11-01 00:00:00+09:00,618.0,620.0,610.0,614.0,66900,0.0,0.0
2023-11-02 00:00:00+09:00,614.0,617.0,610.0,617.0,92200,0.0,0.0
2023-11-06 00:00:00+09:00,615.0,627.0,614.0,625.0,94900,0.0,0.0
2023-11-07 00:00:00+09:00,625.0,630.0,622.0,625.0,42300,0.0,0.0
2023-11-08 00:00:00+09:00,629.0,629.0,612.0,621.0,60900,0.0,0.0
2023-11-09 00:00:00+09:00,617.0,629.0,617.0,629.0,52200,0.0,0.0
2023-11-10 00:00:00+09:00,628.0,628.0,622.0,624.0,53600,0.0,0.0
2023-11-13 00:00:00+09:00,625.0,630.0,620.0,620.0,45700,0.0,0.0
2023-11-14 00:00:00+09:00,590.0,594.0,573.0,577.0,263300,0.0,0.0
2023-11-15 00:00:00+09:00,575.0,575.0,567.0,573.0,187500,0.0,0.0
2023-11-16 00:00:00+09:00,572.0,578.0,571.0,572.0,70400,0.0,0.0
2023-11-17 00:00:00+09:00,572.0,579.0,572.0,579.0,72500,0.0,0.0
2023-11-20 00:00:00+09:00,581.0,583.0,575.0,576.0,75000,0.0,0.0
2023-11-21 00:00:00+09:00,578.0,585.0,577.0,580.0,95200,0.0,0.0
2023-11-22 00:00:00+09:00,582.0,590.0,581.0,588.0,44100,0.0,0.0
2023-11-24 00:00:00+09:00,588.0,593.0,588.0,591.0,71100,0.0,0.0
2023-11-27 00:00:00+09:00,593.0,598.0,591.0,593.0,53500,0.0,0.0
2023-11-28 00:00:00+09:00,591.0,595.0,591.0,595.0,44600,0.0,0.0
2023-11-29 00:00:00+09:00,594.0,596.0,588.0,588.0,65500,0.0,0.0
2023-11-30 00:00:00+09:00,589.0,590.0,583.0,590.0,51200,0.0,0.0
2023-12-01 00:00:00+09:00,593.0,593.0,588.0,591.0,44900,0.0,0.0
2023-12-04 00:00:00+09:00,592.0,598.0,592.0,597.0,57600,0.0,0.0
2023-12-05 00:00:00+09:00,598.0,598.0,591.0,591.0,41700,0.0,0.0
2023-12-06 00:00:00+09:00,591.0,600.0,591.0,600.0,54600,0.0,0.0
2023-12-07 00:00:00+09:00,599.0,599.0,595.0,596.0,26000,0.0,0.0
2023-12-08 00:00:00+09:00,596.0,596.0,586.0,588.0,101600,0.0,0.0
2023-12-11 00:00:00+09:00,590.0,591.0,586.0,591.0,66900,0.0,0.0
2023-12-12 00:00:00+09:00,598.0,598.0,590.0,592.0,50300,0.0,0.0
2023-12-13 00:00:00+09:00,595.0,596.0,591.0,595.0,27100,0.0,0.0
2023-12-14 00:00:00+09:00,598.0,598.0,588.0,591.0,49700,0.0,0.0
2023-12-15 00:00:00+09:00,586.0,593.0,586.0,593.0,29800,0.0,0.0
2023-12-18 00:00:00+09:00,590.0,592.0,585.0,590.0,41200,0.0,0.0
2023-12-19 00:00:00+09:00,591.0,594.0,589.0,594.0,38900,0.0,0.0
2023-12-20 00:00:00+09:00,594.0,597.0,594.0,595.0,44100,0.0,0.0
2023-12-21 00:00:00+09:00,595.0,595.0,592.0,593.0,19300,0.0,0.0
2023-12-22 00:00:00+09:00,594.0,598.0,594.0,598.0,31200,0.0,0.0
2023-12-25 00:00:00+09:00,598.0,601.0,597.0,600.0,30100,0.0,0.0
2023-12-26 00:00:00+09:00,599.0,602.0,597.0,599.0,34400,0.0,0.0
2023-12-27 00:00:00+09:00,601.0,607.0,600.0,607.0,66400,0.0,0.0
2023-12-28 00:00:00+09:00,607.0,613.0,605.0,609.0,91200,0.0,0.0
2023-12-29 00:00:00+09:00,609.0,614.0,607.0,614.0,62900,0.0,0.0
2024-01-04 00:00:00+09:00,620.0,627.0,617.0,624.0,105800,0.0,0.0
2024-01-05 00:00:00+09:00,629.0,633.0,625.0,626.0,88800,0.0,0.0
2024-01-09 00:00:00+09:00,629.0,636.0,628.0,634.0,126500,0.0,0.0
2024-01-10 00:00:00+09:00,636.0,639.0,630.0,631.0,130300,0.0,0.0
2024-01-11 00:00:00+09:00,639.0,642.0,635.0,639.0,174200,0.0,0.0
2024-01-12 00:00:00+09:00,644.0,646.0,641.0,645.0,104800,0.0,0.0
2024-01-15 00:00:00+09:00,646.0,648.0,645.0,647.0,11000,0.0,0.0
2024-01-16 00:00:00+09:00,652.0,652.0,643.0,647.0,94200,0.0,0.0
2024-01-17 00:00:00+09:00,649.0,652.0,642.0,642.0,66700,0.0,0.0
2024-01-18 00:00:00+09:00,642.0,644.0,638.0,640.0,65000,0.0,0.0
2024-01-19 00:00:00+09:00,641.0,642.0,637.0,639.0,55900,0.0,0.0
2024-01-22 00:00:00+09:00,645.0,652.0,645.0,648.0,119600,0.0,0.0
2024-01-23 00:00:00+09:00,651.0,651.0,642.0,643.0,64100,0.0,0.0
2024-01-24 00:00:00+09:00,645.0,646.0,642.0,643.0,61400,0.0,0.0
2024-01-25 00:00:00+09:00,643.0,652.0,642.0,652.0,58900,0.0,0.0
2024-01-26 00:00:00+09:00,654.0,657.0,651.0,657.0,78400,0.0,0.0
2024-01-29 00:00:00+09:00,660.0,663.0,655.0,660.0,90000,0.0,0.0
2024-01-30 00:00:00+09:00,659.0,666.0,659.0,661.0,191800,0.0,0.0
2024-01-31 00:00:00+09:00,661.0,676.0,661.0,676.0,100400,0.0,0.0
2024-02-01 00:00:00+09:00,675.0,675.0,666.0,668.0,54100,0.0,0.0
2024-02-02 00:00:00+09:00,666.0,667.0,656.0,656.0,89700,0.0,0.0
2024-02-05 00:00:00+09:00,660.0,663.0,654.0,663.0,85300,0.0,0.0
2024-02-06 00:00:00+09:00,657.0,661.0,654.0,656.0,58600,0.0,0.0
2024-02-07 00:00:00+09:00,655.0,658.0,653.0,658.0,57000,0.0,0.0
2024-02-08 00:00:00+09:00,658.0,658.0,649.0,652.0,96200,0.0,0.0
2024-02-09 00:00:00+09:00,651.0,658.0,649.0,652.0,68400,0.0,0.0
2024-02-13 00:00:00+09:00,652.0,652.0,637.0,638.0,212800,0.0,0.0
2024-02-14 00:00:00+09:00,642.0,655.0,640.0,652.0,186600,0.0,0.0
2024-02-15 00:00:00+09:00,650.0,653.0,636.0,636.0,81100,0.0,0.0
2024-02-16 00:00:00+09:00,641.0,644.0,639.0,640.0,47400,0.0,0.0
2024-02-19 00:00:00+09:00,641.0,648.0,641.0,646.0,64300,0.0,0.0
2024-02-20 00:00:00+09:00,649.0,656.0,647.0,649.0,90700,0.0,0.0
2024-02-21 00:00:00+09:00,649.0,649.0,642.0,642.0,46300,0.0,0.0
2024-02-22 00:00:00+09:00,644.0,645.0,641.0,644.0,48100,0.0,0.0
2024-02-26 00:00:00+09:00,644.0,649.0,643.0,645.0,58400,0.0,0.0
2024-02-27 00:00:00+09:00,648.0,656.0,648.0,651.0,87200,0.0,0.0
2024-02-28 00:00:00+09:00,654.0,665.0,653.0,665.0,104100,0.0,0.0
2024-02-29 00:00:00+09:00,667.0,673.0,662.0,662.0,92800,0.0,0.0
2024-03-01 00:00:00+09:00,662.0,662.0,653.0,655.0,106900,0.0,0.0
2024-03-04 00:00:00+09:00,660.0,660.0,645.0,648.0,88900,0.0,0.0
2024-03-05 00:00:00+09:00,647.0,648.0,639.0,646.0,80800,0.0,0.0
2024-03-06 00:00:00+09:00,646.0,650.0,645.0,648.0,60800,0.0,0.0
2024-03-07 00:00:00+09:00,649.0,652.0,645.0,649.0,71900,0.0,0.0
2024-03-08 00:00:00+09:00,645.0,659.0,645.0,658.0,112500,0.0,0.0
2024-03-11 00:00:00+09:00,656.0,657.0,644.0,652.0,144600,0.0,0.0
2024-03-12 00:00:00+09:00,650.0,654.0,644.0,653.0,62900,0.0,0.0
2024-03-13 00:00:00+09:00,654.0,657.0,643.0,647.0,82300,0.0,0.0
2024-03-14 00:00:00+09:00,649.0,655.0,648.0,653.0,61400,0.0,0.0
2024-03-15 00:00:00+09:00,651.0,657.0,651.0,654.0,84000,0.0,0.0
2024-03-18 00:00:00+09:00,654.0,659.0,654.0,657.0,83700,0.0,0.0
2024-03-19 00:00:00+09:00,656.0,665.0,653.0,665.0,124500,0.0,0.0
2024-03-21 00:00:00+09:00,670.0,683.0,669.0,678.0,202200,0.0,0.0
2024-03-22 00:00:00+09:00,681.0,682.0,675.0,682.0,170900,0.0,0.0
2024-03-25 00:00:00+09:00,682.0,682.0,670.0,675.0,275500,0.0,0.0
2024-03-26 00:00:00+09:00,645.0,659.0,640.0,656.0,458900,0.0,0.0
2024-03-27 00:00:00+09:00,656.0,665.0,654.0,657.0,473700,0.0,0.0
2024-03-28 00:00:00+09:00,605.0,610.0,599.0,602.0,519700,0.0,0.0
2024-03-29 00:00:00+09:00,608.0,622.0,608.0,619.0,156900,0.0,0.0
2024-04-01 00:00:00+09:00,627.0,631.0,619.0,622.0,194300,0.0,0.0
2024-04-02 00:00:00+09:00,627.0,629.0,620.0,624.0,109000,0.0,0.0
2024-04-03 00:00:00+09:00,620.0,621.0,609.0,613.0,118100,0.0,0.0
2024-04-04 00:00:00+09:00,618.0,618.0,602.0,602.0,100500,0.0,0.0
2024-04-05 00:00:00+09:00,599.0,605.0,594.0,605.0,126300,0.0,0.0
2024-04-08 00:00:00+09:00,610.0,611.0,601.0,607.0,82500,0.0,0.0
2024-04-09 00:00:00+09:00,611.0,614.0,605.0,613.0,72500,0.0,0.0
2024-04-10 00:00:00+09:00,615.0,617.0,612.0,613.0,58400,0.0,0.0
2024-04-11 00:00:00+09:00,609.0,615.0,605.0,608.0,60300,0.0,0.0
2024-04-12 00:00:00+09:00,606.0,611.0,603.0,604.0,101700,0.0,0.0
2024-04-15 00:00:00+09:00,604.0,609.0,602.0,607.0,47100,0.0,0.0
2024-04-16 00:00:00+09:00,605.0,606.0,593.0,596.0,107800,0.0,0.0
2024-04-17 00:00:00+09:00,600.0,601.0,589.0,590.0,76400,0.0,0.0
2024-04-18 00:00:00+09:00,590.0,597.0,588.0,597.0,41600,0.0,0.0
2024-04-19 00:00:00+09:00,594.0,596.0,583.0,587.0,70700,0.0,0.0
2024-04-22 00:00:00+09:00,592.0,600.0,588.0,597.0,63000,0.0,0.0
2024-04-23 00:00:00+09:00,600.0,602.0,598.0,599.0,33700,0.0,0.0
2024-04-24 00:00:00+09:00,602.0,603.0,600.0,603.0,39300,0.0,0.0
2024-04-25 00:00:00+09:00,600.0,604.0,598.0,598.0,71800,0.0,0.0
2024-04-26 00:00:00+09:00,597.0,605.0,596.0,597.0,192000,0.0,0.0
2024-04-30 00:00:00+09:00,607.0,607.0,598.0,607.0,56100,0.0,0.0
2024-05-01 00:00:00+09:00,600.0,601.0,590.0,590.0,89700,0.0,0.0
2024-05-02 00:00:00+09:00,590.0,591.0,578.0,578.0,115400,0.0,0.0
2024-05-07 00:00:00+09:00,577.0,578.0,568.0,574.0,146900,0.0,0.0
2024-05-08 00:00:00+09:00,576.0,578.0,568.0,569.0,69900,0.0,0.0
2024-05-09 00:00:00+09:00,569.0,578.0,566.0,577.0,54900,0.0,0.0
2024-05-10 00:00:00+09:00,577.0,577.0,572.0,573.0,55100,0.0,0.0
2024-05-13 00:00:00+09:00,573.0,575.0,566.0,572.0,85500,0.0,0.0
2024-05-14 00:00:00+09:00,576.0,586.0,566.0,567.0,245000,0.0,0.0
2024-05-15 00:00:00+09:00,573.0,580.0,568.0,580.0,96900,0.0,0.0
2024-05-16 00:00:00+09:00,581.0,584.0,572.0,583.0,70400,0.0,0.0
2024-05-17 00:00:00+09:00,580.0,593.0,577.0,588.0,84900,0.0,0.0
2024-05-20 00:00:00+09:00,588.0,599.0,588.0,593.0,75700,0.0,0.0
2024-05-21 00:00:00+09:00,591.0,598.0,591.0,594.0,31700,0.0,0.0
2024-05-22 00:00:00+09:00,595.0,595.0,582.0,582.0,60800,0.0,0.0
2024-05-23 00:00:00+09:00,582.0,585.0,579.0,584.0,38000,0.0,0.0
2024-05-24 00:00:00+09:00,577.0,583.0,576.0,581.0,20500,0.0,0.0
2024-05-27 00:00:00+09:00,582.0,582.0,577.0,582.0,34300,0.0,0.0
2024-05-28 00:00:00+09:00,580.0,582.0,577.0,579.0,24600,0.0,0.0
2024-05-29 00:00:00+09:00,579.0,579.0,570.0,570.0,42200,0.0,0.0
2024-05-30 00:00:00+09:00,569.0,577.0,566.0,577.0,86800,0.0,0.0
2024-05-31 00:00:00+09:00,579.0,583.0,577.0,582.0,52500,0.0,0.0
2024-06-03 00:00:00+09:00,580.0,582.0,575.0,578.0,45800,0.0,0.0
2024-06-04 00:00:00+09:00,578.0,581.0,573.0,578.0,63200,0.0,0.0
2024-06-05 00:00:00+09:00,578.0,584.0,576.0,578.0,51700,0.0,0.0
2024-06-06 00:00:00+09:00,578.0,578.0,570.0,572.0,36700,0.0,0.0
2024-06-07 00:00:00+09:00,574.0,579.0,570.0,579.0,49900,0.0,0.0
2024-06-10 00:00:00+09:00,580.0,589.0,580.0,589.0,79800,0.0,0.0
2024-06-11 00:00:00+09:00,588.0,588.0,583.0,585.0,20300,0.0,0.0
2024-06-12 00:00:00+09:00,583.0,586.0,582.0,585.0,22100,0.0,0.0
2024-06-13 00:00:00+09:00,586.0,586.0,578.0,580.0,24200,0.0,0.0
2024-06-14 00:00:00+09:00,587.0,594.0,585.0,593.0,84600,0.0,0.0
2024-06-17 00:00:00+09:00,595.0,595.0,582.0,588.0,48500,0.0,0.0
2024-06-18 00:00:00+09:00,595.0,595.0,590.0,592.0,37800,0.0,0.0
2024-06-19 00:00:00+09:00,592.0,603.0,592.0,603.0,57800,0.0,0.0
2024-06-20 00:00:00+09:00,606.0,606.0,597.0,599.0,27200,0.0,0.0
2024-06-21 00:00:00+09:00,603.0,605.0,599.0,604.0,68600,0.0,0.0
2024-06-24 00:00:00+09:00,607.0,607.0,601.0,604.0,46000,0.0,0.0
2024-06-25 00:00:00+09:00,603.0,607.0,602.0,604.0,110500,0.0,0.0
2024-06-26 00:00:00+09:00,607.0,607.0,598.0,600.0,48700,0.0,0.0
2024-06-27 00:00:00+09:00,603.0,604.0,600.0,603.0,42800,0.0,0.0
2024-06-28 00:00:00+09:00,604.0,604.0,599.0,604.0,49500,0.0,0.0
2024-07-01 00:00:00+09:00,604.0,605.0,601.0,603.0,38100,0.0,0.0
2024-07-02 00:00:00+09:00,601.0,601.0,597.0,597.0,64400,0.0,0.0
2024-07-03 00:00:00+09:00,599.0,602.0,597.0,601.0,27000,0.0,0.0
2024-07-04 00:00:00+09:00,602.0,606.0,601.0,605.0,83700,0.0,0.0
2024-07-05 00:00:00+09:00,606.0,607.0,601.0,603.0,49900,0.0,0.0
2024-07-08 00:00:00+09:00,605.0,606.0,601.0,604.0,50400,0.0,0.0
2024-07-09 00:00:00+09:00,606.0,610.0,604.0,610.0,75100,0.0,0.0
2024-07-10 00:00:00+09:00,607.0,610.0,602.0,604.0,81400,0.0,0.0
2024-07-11 00:00:00+09:00,608.0,618.0,608.0,617.0,84400,0.0,0.0
2024-07-12 00:00:00+09:00,617.0,627.0,614.0,627.0,87100,0.0,0.0
2024-07-16 00:00:00+09:00,630.0,630.0,623.0,627.0,66400,0.0,0.0
2024-07-17 00:00:00+09:00,629.0,631.0,624.0,626.0,25800,0.0,0.0
2024-07-18 00:00:00+09:00,623.0,630.0,623.0,627.0,59200,0.0,0.0
2024-07-19 00:00:00+09:00,625.0,626.0,610.0,616.0,112200,0.0,0.0
2024-07-22 00:00:00+09:00,606.0,609.0,601.0,609.0,88400,0.0,0.0
2024-07-23 00:00:00+09:00,619.0,621.0,614.0,619.0,181000,0.0,0.0
2024-07-24 00:00:00+09:00,616.0,619.0,608.0,609.0,45600,0.0,0.0
2024-07-25 00:00:00+09:00,601.0,611.0,599.0,607.0,100700,0.0,0.0
2024-07-26 00:00:00+09:00,608.0,620.0,601.0,617.0,61500,0.0,0.0
2024-07-29 00:00:00+09:00,620.0,624.0,617.0,624.0,50100,0.0,0.0
2024-07-30 00:00:00+09:00,615.0,628.0,615.0,622.0,172400,0.0,0.0
2024-07-31 00:00:00+09:00,614.0,627.0,612.0,627.0,41600,0.0,0.0
2024-08-01 00:00:00+09:00,612.0,613.0,590.0,595.0,129800,0.0,0.0
2024-08-02 00:00:00+09:00,576.0,580.0,565.0,565.0,144800,0.0,0.0
2024-08-05 00:00:00+09:00,549.0,556.0,501.0,508.0,220100,0.0,0.0
2024-08-06 00:00:00+09:00,558.0,569.0,546.0,569.0,105600,0.0,0.0
2024-08-07 00:00:00+09:00,563.0,582.0,550.0,561.0,154100,0.0,0.0
2024-08-08 00:00:00+09:00,560.0,562.0,550.0,550.0,56600,0.0,0.0
2024-08-09 00:00:00+09:00,564.0,568.0,556.0,568.0,54000,0.0,0.0
2024-08-13 00:00:00+09:00,573.0,573.0,560.0,569.0,60500,0.0,0.0
2024-08-14 00:00:00+09:00,566.0,572.0,561.0,568.0,38400,0.0,0.0
2024-08-15 00:00:00+09:00,568.0,568.0,560.0,567.0,35100,0.0,0.0
2024-08-16 00:00:00+09:00,577.0,583.0,571.0,583.0,56000,0.0,0.0
2024-08-19 00:00:00+09:00,582.0,582.0,568.0,572.0,34000,0.0,0.0
2024-08-20 00:00:00+09:00,580.0,581.0,571.0,580.0,39500,0.0,0.0
2024-08-21 00:00:00+09:00,577.0,577.0,570.0,576.0,18700,0.0,0.0
2024-08-22 00:00:00+09:00,580.0,580.0,571.0,574.0,14300,0.0,0.0
2024-08-23 00:00:00+09:00,570.0,577.0,570.0,572.0,26200,0.0,0.0
2024-08-26 00:00:00+09:00,573.0,574.0,571.0,574.0,11600,0.0,0.0
2024-08-27 00:00:00+09:00,575.0,583.0,571.0,579.0,35600,0.0,0.0
2024-08-28 00:00:00+09:00,582.0,582.0,574.0,582.0,15800,0.0,0.0
2024-08-29 00:00:00+09:00,581.0,581.0,573.0,574.0,19800,0.0,0.0
2024-08-30 00:00:00+09:00,574.0,577.0,574.0,574.0,14100,0.0,0.0
2024-09-02 00:00:00+09:00,575.0,578.0,570.0,576.0,26500,0.0,0.0
2024-09-03 00:00:00+09:00,581.0,581.0,574.0,576.0,19800,0.0,0.0
2024-09-04 00:00:00+09:00,570.0,575.0,563.0,566.0,67200,0.0,0.0
2024-09-05 00:00:00+09:00,568.0,574.0,562.0,571.0,25300,0.0,0.0
2024-09-06 00:00:00+09:00,571.0,571.0,556.0,561.0,52900,0.0,0.0
2024-09-09 00:00:00+09:00,555.0,568.0,553.0,568.0,40100,0.0,0.0
2024-09-10 00:00:00+09:00,573.0,573.0,555.0,556.0,69000,0.0,0.0
2024-09-11 00:00:00+09:00,557.0,557.0,539.0,546.0,60900,0.0,0.0
2024-09-12 00:00:00+09:00,552.0,558.0,551.0,558.0,37700,0.0,0.0
2024-09-13 00:00:00+09:00,548.0,554.0,545.0,547.0,43400,0.0,0.0
2024-09-17 00:00:00+09:00,546.0,548.0,539.0,547.0,46000,0.0,0.0
2024-09-18 00:00:00+09:00,548.0,554.0,546.0,553.0,28400,0.0,0.0
2024-09-19 00:00:00+09:00,557.0,562.0,554.0,559.0,31700,0.0,0.0
2024-09-20 00:00:00+09:00,562.0,574.0,562.0,572.0,44900,0.0,0.0
2024-09-24 00:00:00+09:00,575.0,575.0,568.0,568.0,25800,0.0,0.0
2024-09-25 00:00:00+09:00,565.0,572.0,563.0,569.0,27000,0.0,0.0
2024-09-26 00:00:00+09:00,573.0,578.0,568.0,578.0,53800,0.0,0.0
2024-09-27 00:00:00+09:00,569.0,573.0,563.0,567.0,37100,0.0,0.0
2024-09-30 00:00:00+09:00,549.0,560.0,548.0,556.0,65400,0.0,0.0
2024-10-01 00:00:00+09:00,557.0,565.0,553.0,562.0,56600,0.0,0.0
2024-10-02 00:00:00+09:00,565.0,573.0,564.0,573.0,39300,0.0,0.0
2024-10-03 00:00:00+09:00,578.0,581.0,573.0,575.0,58500,0.0,0.0
2024-10-04 00:00:00+09:00,575.0,584.0,575.0,581.0,31900,0.0,0.0
2024-10-07 00:00:00+09:00,585.0,586.0,575.0,581.0,31400,0.0,0.0
2024-10-08 00:00:00+09:00,578.0,581.0,575.0,575.0,15900,0.0,0.0
2024-10-09 00:00:00+09:00,577.0,579.0,573.0,579.0,22600,0.0,0.0
2024-10-10 00:00:00+09:00,582.0,582.0,573.0,576.0,30500,0.0,0.0
2024-10-11 00:00:00+09:00,578.0,578.0,572.0,572.0,23200,0.0,0.0
