Date,Open,High,Low,Close,Volume,Dividends,Stock Splits
2000-01-04 00:00:00+09:00,665.3031616210938,665.3031616210938,665.3031616210938,665.3031616210938,1500,0.0,0.0
2000-01-05 00:00:00+09:00,610.3812892913818,610.3812892913818,599.1472778320312,599.1472778320312,1000,0.0,0.0
2000-01-06 00:00:00+09:00,501.78576660156256,586.6649510018268,501.78576660156256,501.7857666015625,0,0.0,0.0
2000-01-07 00:00:00+09:00,501.78576660156256,586.6649510018268,501.78576660156256,501.7857666015625,0,0.0,0.0
2000-01-10 00:00:00+09:00,501.78576660156256,501.78576660156256,501.78576660156256,501.7857666015625,0,0.0,0.0
2000-01-11 00:00:00+09:00,580.4239501953125,580.4239501953125,580.4239501953125,580.4239501953125,500,0.0,0.0
2000-01-12 00:00:00+09:00,580.4239501953125,580.4239501953125,580.4239501953125,580.4239501953125,500,0.0,0.0
2000-01-13 00:00:00+09:00,536.736083984375,549.2183184956394,536.736083984375,536.736083984375,0,0.0,0.0
2000-01-14 00:00:00+09:00,549.2183227539062,549.2183227539062,549.2183227539062,549.2183227539062,1000,0.0,0.0
2000-01-17 00:00:00+09:00,550.466552734375,580.4239161484905,550.466552734375,550.466552734375,0,0.0,0.0
2000-01-18 00:00:00+09:00,565.4453125,580.4239962748344,565.4453125,565.4453125,0,0.0,0.0
2000-01-19 00:00:00+09:00,579.1756876361655,579.1756876361655,572.9345703125,572.9345703125,2500,0.0,0.0
2000-01-20 00:00:00+09:00,572.9345703125,572.9345703125,572.9345703125,572.9345703125,1000,0.0,0.0
2000-01-21 00:00:00+09:00,572.9345703125,572.9345703125,572.9345703125,572.9345703125,3500,0.0,0.0
2000-01-24 00:00:00+09:00,572.9345685091886,572.9345685091886,549.2183227539062,549.2183227539062,3000,0.0,0.0
2000-01-25 00:00:00+09:00,549.2183227539062,549.2183227539062,549.2183227539062,549.2183227539062,7000,0.0,0.0
2000-01-26 00:00:00+09:00,549.2183227539062,549.2183227539062,549.2183227539062,549.2183227539062,1500,0.0,0.0
2000-01-27 00:00:00+09:00,549.2183515176006,549.2183515176006,542.9772338867188,542.9772338867188,1500,0.0,0.0
2000-01-28 00:00:00+09:00,537.9842529296875,542.9771462283389,537.9842529296875,537.9842529296875,0,0.0,0.0
2000-01-31 00:00:00+09:00,539.2325887136958,550.4666009785645,518.0127877689439,547.9701538085938,609500,0.0,0.0
2000-02-01 00:00:00+09:00,554.2112165971236,554.2112165971236,542.9772054498845,549.2183227539062,13000,0.0,0.0
2000-02-02 00:00:00+09:00,549.2183227539062,549.2183227539062,549.2183227539062,549.2183227539062,1500,0.0,0.0
2000-02-03 00:00:00+09:00,524.2537231445312,524.2537231445312,524.2537231445312,524.2537231445312,500,0.0,0.0
2000-02-04 00:00:00+09:00,524.2538494731104,536.736083984375,524.2538494731104,536.736083984375,564500,0.0,0.0
2000-02-07 00:00:00+09:00,574.1827875181685,574.1827875181685,536.736083984375,536.736083984375,9500,0.0,0.0
2000-02-08 00:00:00+09:00,536.736083984375,536.736083984375,536.736083984375,536.736083984375,1000,0.0,0.0
2000-02-09 00:00:00+09:00,524.2537231445312,536.7359546479726,524.2537231445312,524.2537231445312,0,0.0,0.0
2000-02-10 00:00:00+09:00,524.2538748952813,524.2538748952813,500.53762817382807,500.5376281738281,10000,0.0,0.0
2000-02-11 00:00:00+09:00,500.53762817382807,500.53762817382807,500.53762817382807,500.5376281738281,0,0.0,0.0
2000-02-14 00:00:00+09:00,503.034075197139,503.034075197139,500.53762817382807,500.5376281738281,2000,0.0,0.0
2000-02-15 00:00:00+09:00,504.2822613525391,505.53048477172854,499.2893676757813,499.28936767578125,16000,0.0,0.0
2000-02-16 00:00:00+09:00,499.2893676757813,499.2893676757813,499.2893676757813,499.28936767578125,500,0.0,0.0
2000-02-17 00:00:00+09:00,499.2893676757813,499.2893676757813,499.2893676757813,499.28936767578125,3500,0.0,0.0
2000-02-18 00:00:00+09:00,499.2893676757813,499.2893676757813,499.2893676757813,499.28936767578125,1500,0.0,0.0
2000-02-21 00:00:00+09:00,500.53762817382807,500.53762817382807,500.53762817382807,500.5376281738281,500,0.0,0.0
2000-02-22 00:00:00+09:00,511.7716991010918,518.0128173828125,511.7716991010918,518.0128173828125,3500,0.0,0.0
2000-02-23 00:00:00+09:00,518.0128173828125,518.0128173828125,511.7716991010918,518.0128173828125,4000,0.0,0.0
2000-02-24 00:00:00+09:00,518.0128173828125,518.0128173828125,511.7716991010918,518.0128173828125,3500,0.0,0.0
2000-02-25 00:00:00+09:00,518.012752580054,518.012752580054,505.530517578125,505.530517578125,8000,0.0,0.0
2000-02-28 00:00:00+09:00,505.530517578125,505.530517578125,505.530517578125,505.530517578125,1000,0.0,0.0
2000-02-29 00:00:00+09:00,506.77874107831786,506.77874107831786,505.530517578125,505.530517578125,1500,0.0,0.0
2000-03-01 00:00:00+09:00,508.02693161010745,508.02693161010745,499.2893676757813,499.28936767578125,3000,0.0,0.0
2000-03-02 00:00:00+09:00,499.28943214514067,500.5376557255035,488.055419921875,488.055419921875,5000,0.0,0.0
2000-03-03 00:00:00+09:00,486.80715744216724,486.80715744216724,480.5660400390625,480.5660400390625,7000,0.0,0.0
2000-03-06 00:00:00+09:00,486.8071899414063,486.8071899414063,486.8071899414063,486.80718994140625,1500,0.0,0.0
2000-03-07 00:00:00+09:00,484.31069946289057,485.5589229151145,484.31069946289057,484.3106994628906,2500,0.0,0.0
2000-03-08 00:00:00+09:00,484.31069946289057,484.31069946289057,481.8142525584427,484.3106994628906,2000,0.0,0.0
2000-03-09 00:00:00+09:00,484.31069946289057,484.31069946289057,484.31069946289057,484.3106994628906,2500,0.0,0.0
2000-03-10 00:00:00+09:00,484.3106863387508,484.3106863387508,481.8142395019531,481.8142395019531,4000,0.0,0.0
2000-03-13 00:00:00+09:00,485.55889892578125,485.55889892578125,483.0624521446718,485.55889892578125,4000,0.0,0.0
2000-03-14 00:00:00+09:00,483.0625,484.3107235142119,483.0625,483.0625,1500,0.0,0.0
2000-03-15 00:00:00+09:00,483.0625,483.0625,481.81427648578807,483.0625,11000,0.0,0.0
2000-03-16 00:00:00+09:00,481.81423980712896,499.2893676757813,481.81423980712896,499.28936767578125,7000,0.0,0.0
2000-03-17 00:00:00+09:00,499.2894255809295,499.2894255809295,486.8071899414063,486.80718994140625,7000,0.0,0.0
2000-03-20 00:00:00+09:00,486.8071899414063,486.8071899414063,486.8071899414063,486.80718994140625,0,0.0,0.0
2000-03-21 00:00:00+09:00,493.048250579834,499.2893676757813,493.048250579834,499.28936767578125,3500,0.0,0.0
2000-03-22 00:00:00+09:00,500.5376235773534,506.77874107831786,500.5376235773534,505.530517578125,4500,0.0,0.0
2000-03-23 00:00:00+09:00,499.2893676757813,499.2893676757813,498.04114425659185,499.28936767578125,3500,0.0,0.0
2000-03-24 00:00:00+09:00,499.2893676757813,499.2893676757813,499.2893676757813,499.28936767578125,14500,0.0,0.0
2000-03-27 00:00:00+09:00,501.7858516854835,505.5305222204498,500.53762817382807,500.5376281738281,7000,0.0,0.0
2000-03-28 00:00:00+09:00,490.99743652343756,490.99743652343756,490.99743652343756,490.9974365234375,500,15.0,0.0
2000-03-29 00:00:00+09:00,483.3654531503652,489.72552490234375,483.3654531503652,489.72552490234375,1500,0.0,0.0
2000-03-30 00:00:00+09:00,489.72555060135693,489.72555060135693,483.365478515625,483.365478515625,1500,0.0,0.0
2000-03-31 00:00:00+09:00,483.36550231763573,483.36550231763573,455.3811837624042,456.6531982421875,3000,0.0,0.0
2000-04-03 00:00:00+09:00,457.9251708984375,457.9251708984375,457.9251708984375,457.9251708984375,2000,0.0,0.0
2000-04-04 00:00:00+09:00,459.19722720175395,459.19722720175395,456.65319824218744,456.6531982421875,2000,0.0,0.0
2000-04-05 00:00:00+09:00,459.1971852620443,459.1971852620443,457.9251708984375,457.9251708984375,1500,0.0,0.0
2000-04-06 00:00:00+09:00,464.28509521484375,502.44551399962546,464.28509521484375,464.28509521484375,0,0.0,0.0
2000-04-07 00:00:00+09:00,459.1971130371094,501.1735804338535,459.1971130371094,459.1971130371094,0,0.0,0.0
2000-04-10 00:00:00+09:00,483.365478515625,483.365478515625,483.365478515625,483.365478515625,1000,0.0,0.0
2000-04-11 00:00:00+09:00,457.9251708984375,498.6296305338542,457.9251708984375,457.9251708984375,0,0.0,0.0
2000-04-12 00:00:00+09:00,470.6452941894531,470.6452941894531,470.6452941894531,470.6452941894531,500,0.0,0.0
2000-04-13 00:00:00+09:00,470.6452941894531,470.6452941894531,470.6452941894531,470.6452941894531,1000,0.0,0.0
2000-04-14 00:00:00+09:00,468.1012878417969,469.3733022109322,468.1012878417969,468.1012878417969,0,0.0,0.0
2000-04-17 00:00:00+09:00,468.1012878417969,468.1012878417969,468.1012878417969,468.1012878417969,8500,0.0,0.0
2000-04-18 00:00:00+09:00,468.1011569330601,468.1011569330601,465.55712890625,465.55712890625,1500,0.0,0.0
2000-04-19 00:00:00+09:00,465.55712890625,465.55712890625,465.55712890625,465.55712890625,3000,0.0,0.0
2000-04-20 00:00:00+09:00,457.9251708984375,463.0132283528646,457.9251708984375,457.9251708984375,0,0.0,0.0
2000-04-21 00:00:00+09:00,457.9251708984375,457.9251708984375,457.9251708984375,457.9251708984375,500,0.0,0.0
2000-04-24 00:00:00+09:00,445.20501708984375,464.2852321079799,445.20501708984375,445.20501708984375,0,0.0,0.0
2000-04-25 00:00:00+09:00,454.1091003417969,454.1091003417969,454.1091003417969,454.1091003417969,6000,0.0,0.0
2000-04-26 00:00:00+09:00,454.1092185974121,454.1092185974121,447.7491455078125,447.7491455078125,1500,0.0,0.0
2000-04-27 00:00:00+09:00,446.47703142438615,446.47703142438615,445.20501708984375,445.20501708984375,3500,0.0,0.0
2000-04-28 00:00:00+09:00,419.7647705078125,447.74908854166665,419.7647705078125,419.7647705078125,0,0.0,0.0
2000-05-01 00:00:00+09:00,445.20501708984375,445.20501708984375,445.20501708984375,445.20501708984375,1500,0.0,0.0
2000-05-02 00:00:00+09:00,446.4768981933594,446.4768981933594,446.4768981933594,446.4768981933594,500,0.0,0.0
2000-05-03 00:00:00+09:00,446.4768981933594,446.4768981933594,446.4768981933594,446.4768981933594,0,0.0,0.0
2000-05-04 00:00:00+09:00,446.4768981933594,446.4768981933594,446.4768981933594,446.4768981933594,0,0.0,0.0
2000-05-05 00:00:00+09:00,446.4768981933594,446.4768981933594,446.4768981933594,446.4768981933594,0,0.0,0.0
2000-05-08 00:00:00+09:00,445.20501708984375,445.20501708984375,445.20501708984375,445.20501708984375,500,0.0,0.0
2000-05-09 00:00:00+09:00,445.20501708984375,445.20501708984375,445.20501708984375,445.20501708984375,0,0.0,0.0
2000-05-10 00:00:00+09:00,433.7568359375,433.7568359375,433.7568359375,433.7568359375,500,0.0,0.0
2000-05-11 00:00:00+09:00,432.4848022460937,432.4848022460937,432.4848022460937,432.48480224609375,500,0.0,0.0
2000-05-12 00:00:00+09:00,421.0367736816406,445.20504769961997,421.0367736816406,421.0367736816406,0,0.0,0.0
2000-05-15 00:00:00+09:00,432.48484039306646,432.48484039306646,407.0445556640625,407.0445556640625,13000,0.0,0.0
2000-05-16 00:00:00+09:00,419.7647705078125,419.7647705078125,419.7647705078125,419.7647705078125,500,0.0,0.0
2000-05-17 00:00:00+09:00,419.7647038386419,419.7647038386419,413.40463256835943,413.4046325683594,1000,0.0,0.0
2000-05-18 00:00:00+09:00,413.40463256835943,413.40463256835943,413.40463256835943,413.4046325683594,500,0.0,0.0
2000-05-19 00:00:00+09:00,412.13269163037916,412.13269163037916,381.6043441022029,387.96441650390625,10000,0.0,0.0
2000-05-22 00:00:00+09:00,390.5084228515625,407.0446101384365,390.5084228515625,390.5084228515625,0,0.0,0.0
2000-05-23 00:00:00+09:00,390.5084228515625,419.76475420526265,390.5084228515625,390.5084228515625,0,0.0,0.0
2000-05-24 00:00:00+09:00,419.7647705078125,419.7647705078125,419.7647705078125,419.7647705078125,1000,0.0,0.0
2000-05-25 00:00:00+09:00,419.7647705078125,419.7647705078125,419.7647705078125,419.7647705078125,7500,0.0,0.0
2000-05-26 00:00:00+09:00,407.0445556640625,417.2206695556641,407.0445556640625,407.0445556640625,0,0.0,0.0
2000-05-29 00:00:00+09:00,418.4926895845854,418.4926895845854,412.13261831430293,413.4046325683594,3000,0.0,0.0
2000-05-30 00:00:00+09:00,413.40463256835943,413.40463256835943,413.40463256835943,413.4046325683594,0,0.0,0.0
2000-05-31 00:00:00+09:00,400.68450927734375,400.68450927734375,400.68450927734375,400.68450927734375,500,0.0,0.0
2000-06-01 00:00:00+09:00,400.6845348727319,400.6845348727319,394.324462890625,394.324462890625,3000,0.0,0.0
2000-06-02 00:00:00+09:00,395.59639737403995,395.59639737403995,375.2441711425781,375.2441711425781,14000,0.0,0.0
2000-06-05 00:00:00+09:00,376.5162353515625,381.6042925860431,376.5162353515625,376.5162353515625,15500,0.0,0.0
2000-06-06 00:00:00+09:00,379.0602135609772,379.0602135609772,375.2441711425781,375.2441711425781,7500,0.0,0.0
2000-06-07 00:00:00+09:00,372.70021461953917,373.9722290039062,372.70021461953917,373.97222900390625,2500,0.0,0.0
2000-06-08 00:00:00+09:00,377.78830066118087,387.9644165039063,377.78830066118087,387.96441650390625,7000,0.0,0.0
2000-06-09 00:00:00+09:00,382.8763427734375,384.14835720125626,382.8763427734375,382.8763427734375,4000,0.0,0.0
2000-06-12 00:00:00+09:00,384.1483730628843,387.9644165039063,384.1483730628843,387.96441650390625,3000,0.0,0.0
2000-06-13 00:00:00+09:00,394.32444184401936,394.32444184401936,368.8841552734375,368.8841552734375,38500,0.0,0.0
2000-06-14 00:00:00+09:00,387.9643188476563,387.9643188476563,381.604248046875,381.604248046875,2500,0.0,0.0
2000-06-15 00:00:00+09:00,413.4046788369456,445.2050387474799,381.60431892641134,394.324462890625,38500,0.0,0.0
2000-06-16 00:00:00+09:00,400.68454476289975,413.404689041087,381.6043283456188,382.8763427734375,32500,0.0,0.0
2000-06-19 00:00:00+09:00,394.324462890625,394.324462890625,381.60431892641134,394.324462890625,25000,0.0,0.0
2000-06-20 00:00:00+09:00,400.68456130731306,400.68456130731306,387.9644165039063,387.96441650390625,8500,0.0,0.0
2000-06-21 00:00:00+09:00,407.0445612980769,413.40463256835943,400.6844900277945,413.4046325683594,4000,0.0,0.0
2000-06-22 00:00:00+09:00,413.4047027132404,432.48491976154384,413.4047027132404,426.1248474121094,9500,0.0,0.0
2000-06-23 00:00:00+09:00,426.1247751089243,432.4848463792068,413.40463256835943,413.4046325683594,16500,0.0,0.0
2000-06-26 00:00:00+09:00,413.4047027132404,426.1248474121094,413.4047027132404,426.1248474121094,1000,0.0,0.0
2000-06-27 00:00:00+09:00,432.4848463792068,432.4848463792068,407.0445612980769,413.4046325683594,19000,0.0,0.0
2000-06-28 00:00:00+09:00,407.0445556640625,407.0445556640625,407.0445556640625,407.0445556640625,500,0.0,0.0
2000-06-29 00:00:00+09:00,419.7647705078125,419.7647705078125,419.7647705078125,419.7647705078125,3000,0.0,0.0
2000-06-30 00:00:00+09:00,419.7647705078125,419.7647705078125,419.7647705078125,419.7647705078125,2500,0.0,0.0
2000-07-03 00:00:00+09:00,419.764696204144,438.8449096679687,407.0445538949275,438.84490966796875,4000,0.0,0.0
2000-07-04 00:00:00+09:00,445.2050272623698,470.64531453450525,445.2050272623698,457.9251708984375,10000,0.0,0.0
2000-07-05 00:00:00+09:00,457.9251511032517,483.3654372756546,457.9251511032517,470.6452941894531,4500,0.0,0.0
2000-07-06 00:00:00+09:00,477.0053405761719,477.0053405761719,470.6452693684896,477.0053405761719,2500,0.0,0.0
2000-07-07 00:00:00+09:00,477.0053405761719,477.0053405761719,464.2851981608073,477.0053405761719,6500,0.0,0.0
2000-07-10 00:00:00+09:00,470.6453343441612,496.08562268708886,470.6453343441612,483.365478515625,9500,0.0,0.0
2000-07-11 00:00:00+09:00,489.72552490234375,489.72552490234375,477.00538139838676,489.72552490234375,4000,0.0,0.0
2000-07-12 00:00:00+09:00,489.72552490234375,496.0855966543222,489.72552490234375,489.72552490234375,2500,0.0,0.0
2000-07-13 00:00:00+09:00,483.365478515625,483.365478515625,483.365478515625,483.365478515625,1000,0.0,0.0
2000-07-14 00:00:00+09:00,470.6452941894531,477.00536573255386,464.28522264635245,470.6452941894531,7500,0.0,0.0
2000-07-17 00:00:00+09:00,470.6452276767829,521.5257928310297,470.6452276767829,496.08551025390625,36500,0.0,0.0
2000-07-18 00:00:00+09:00,496.08557954126474,508.8057226064254,496.08557954126474,498.6296081542969,7500,0.0,0.0
2000-07-19 00:00:00+09:00,496.08557954126474,508.8057226064254,496.08557954126474,498.6296081542969,7500,0.0,0.0
2000-07-20 00:00:00+09:00,498.6296081542969,498.6296081542969,498.6296081542969,498.6296081542969,0,0.0,0.0
2000-07-21 00:00:00+09:00,470.6452941894531,496.08558036185605,470.6452941894531,470.6452941894531,0,0.0,0.0
2000-07-24 00:00:00+09:00,470.6452941894531,470.6452941894531,470.6452941894531,470.6452941894531,3500,0.0,0.0
2000-07-25 00:00:00+09:00,451.565079560151,489.7255088187553,451.565079560151,470.6452941894531,29500,0.0,0.0
2000-07-26 00:00:00+09:00,470.6452941894531,489.7255088187553,470.6452941894531,470.6452941894531,8000,0.0,0.0
2000-07-27 00:00:00+09:00,457.9251708984375,457.9251708984375,457.9251708984375,457.9251708984375,2000,0.0,0.0
2000-07-28 00:00:00+09:00,445.2050824232505,454.10918407171545,445.2050824232505,451.5651550292969,2500,0.0,0.0
2000-07-31 00:00:00+09:00,457.9251708984375,457.9251708984375,457.9251708984375,457.9251708984375,1000,0.0,0.0
2000-08-01 00:00:00+09:00,445.20501708984375,445.20501708984375,445.20501708984375,445.20501708984375,1000,0.0,0.0
2000-08-02 00:00:00+09:00,464.2853002413898,464.2853002413898,451.5651550292969,451.5651550292969,1500,0.0,0.0
2000-08-03 00:00:00+09:00,445.20501708984375,464.2852321079799,445.20501708984375,445.20501708984375,0,0.0,0.0
2000-08-04 00:00:00+09:00,445.20501708984375,464.2852321079799,445.20501708984375,445.20501708984375,0,0.0,0.0
2000-08-07 00:00:00+09:00,445.20501708984375,445.20501708984375,445.20501708984375,445.20501708984375,1000,0.0,0.0
2000-08-08 00:00:00+09:00,451.5650887625558,451.5650887625558,438.84494541713167,445.20501708984375,2000,0.0,0.0
2000-08-09 00:00:00+09:00,451.5651550292969,451.5651550292969,432.4849372111576,451.5651550292969,3000,0.0,0.0
2000-08-10 00:00:00+09:00,438.8449096679687,451.5650519771852,438.8449096679687,438.84490966796875,0,0.0,0.0
2000-08-11 00:00:00+09:00,451.5651550292969,451.5651550292969,451.5651550292969,451.5651550292969,3000,0.0,0.0
2000-08-14 00:00:00+09:00,445.2050824232505,451.5651550292969,445.2050824232505,451.5651550292969,1000,0.0,0.0
2000-08-15 00:00:00+09:00,451.5650990804037,483.36545817057294,451.5650990804037,457.9251708984375,26000,0.0,0.0
2000-08-16 00:00:00+09:00,457.92516043526786,457.92516043526786,438.84494541713167,445.20501708984375,4000,0.0,0.0
2000-08-17 00:00:00+09:00,432.4848022460937,457.92508473115805,432.4848022460937,432.48480224609375,0,0.0,0.0
2000-08-18 00:00:00+09:00,438.84489266403955,438.84489266403955,432.4848217558651,433.7568359375,5000,0.0,0.0
2000-08-21 00:00:00+09:00,427.3967895507812,438.84491784232,427.3967895507812,427.39678955078125,0,0.0,0.0
2000-08-22 00:00:00+09:00,432.4848022460937,432.4848022460937,432.4848022460937,432.48480224609375,1000,0.0,0.0
2000-08-23 00:00:00+09:00,428.6687927246094,445.2049776071611,428.6687927246094,428.6687927246094,0,0.0,0.0
2000-08-24 00:00:00+09:00,429.9408569335938,445.205029369106,429.9408569335938,429.94085693359375,0,0.0,0.0
2000-08-25 00:00:00+09:00,445.20501708984375,445.20501708984375,445.20501708984375,445.20501708984375,6500,0.0,0.0
2000-08-28 00:00:00+09:00,438.8449096679687,451.5650519771852,438.8449096679687,438.84490966796875,0,0.0,0.0
2000-08-29 00:00:00+09:00,438.8449096679687,451.5650519771852,438.8449096679687,438.84490966796875,0,0.0,0.0
2000-08-30 00:00:00+09:00,438.8449096679687,451.5650519771852,438.8449096679687,438.84490966796875,0,0.0,0.0
2000-08-31 00:00:00+09:00,438.8449096679687,438.8449096679687,438.8449096679687,438.84490966796875,500,0.0,0.0
2000-09-01 00:00:00+09:00,432.4848385133605,438.8449096679687,432.4848385133605,438.84490966796875,1000,0.0,0.0
2000-09-04 00:00:00+09:00,432.4848022460937,445.2049434886259,432.4848022460937,432.48480224609375,0,0.0,0.0
2000-09-05 00:00:00+09:00,426.1248474121094,432.48491976154384,426.1248474121094,426.1248474121094,1500,0.0,0.0
2000-09-06 00:00:00+09:00,419.7647705078125,432.4849150686553,419.7647705078125,419.7647705078125,0,0.0,0.0
2000-09-07 00:00:00+09:00,419.7647705078125,432.4849150686553,419.7647705078125,419.7647705078125,0,0.0,0.0
2000-09-08 00:00:00+09:00,419.7647705078125,432.4849150686553,419.7647705078125,419.7647705078125,0,0.0,0.0
2000-09-11 00:00:00+09:00,419.7647705078125,432.4849150686553,419.7647705078125,419.7647705078125,0,0.0,0.0
2000-09-12 00:00:00+09:00,413.40463256835943,432.4848463792068,413.40463256835943,413.4046325683594,0,0.0,0.0
2000-09-13 00:00:00+09:00,407.0445556640625,432.48484039306646,407.0445556640625,407.0445556640625,0,0.0,0.0
2000-09-14 00:00:00+09:00,407.0445556640625,407.0445556640625,407.0445556640625,407.0445556640625,500,0.0,0.0
2000-09-15 00:00:00+09:00,407.0445556640625,407.0445556640625,407.0445556640625,407.0445556640625,0,0.0,0.0
2000-09-18 00:00:00+09:00,438.84494541713167,457.92516043526786,419.76473039899554,445.20501708984375,19000,0.0,0.0
2000-09-19 00:00:00+09:00,432.48487374441964,445.20501708984375,407.0445870535714,445.20501708984375,10000,0.0,0.0
2000-09-20 00:00:00+09:00,419.7647705078125,419.7647705078125,419.7647705078125,419.7647705078125,500,0.0,0.0
2000-09-21 00:00:00+09:00,407.0446259469697,419.7647705078125,407.0446259469697,419.7647705078125,1000,0.0,0.0
2000-09-22 00:00:00+09:00,400.68450927734375,400.68450927734375,400.68450927734375,400.68450927734375,500,0.0,0.0
2000-09-25 00:00:00+09:00,419.7647218446474,508.80572344805745,407.04457875844594,470.6452941894531,14000,0.0,0.0
2000-09-26 00:00:00+09:00,464.2852321079799,464.2852321079799,445.20501708984375,445.20501708984375,2500,0.0,0.0
2000-09-27 00:00:00+09:00,445.20501708984375,445.20501708984375,445.20501708984375,445.20501708984375,500,0.0,0.0
2000-09-28 00:00:00+09:00,438.8449096679687,438.8449096679687,438.8449096679687,438.84490966796875,500,0.0,0.0
2000-09-29 00:00:00+09:00,394.324462890625,438.844966765373,394.324462890625,394.324462890625,0,0.0,0.0
2000-10-02 00:00:00+09:00,413.40463256835943,413.40463256835943,413.40463256835943,413.4046325683594,500,0.0,0.0
2000-10-03 00:00:00+09:00,413.40462684631353,419.7646980285645,407.0445556640625,407.0445556640625,2500,0.0,0.0
2000-10-04 00:00:00+09:00,407.0445556640625,438.84491157531744,407.0445556640625,407.0445556640625,0,0.0,0.0
2000-10-05 00:00:00+09:00,407.0445556640625,413.40462684631353,407.0445556640625,407.0445556640625,4000,0.0,0.0
2000-10-06 00:00:00+09:00,407.0445556640625,407.0445556640625,407.0445556640625,407.0445556640625,8500,0.0,0.0
2000-10-09 00:00:00+09:00,407.0445556640625,407.0445556640625,407.0445556640625,407.0445556640625,0,0.0,0.0
2000-10-10 00:00:00+09:00,394.32448890560966,394.32448890560966,387.9644165039063,387.96441650390625,3500,0.0,0.0
2000-10-11 00:00:00+09:00,400.68456130731306,400.68456130731306,387.9644165039063,387.96441650390625,1000,0.0,0.0
2000-10-12 00:00:00+09:00,381.604248046875,394.3243896484375,381.604248046875,381.604248046875,1500,0.0,0.0
2000-10-13 00:00:00+09:00,381.604248046875,400.68446044921876,381.604248046875,381.604248046875,0,0.0,0.0
2000-10-16 00:00:00+09:00,381.604248046875,381.604248046875,381.604248046875,381.604248046875,0,0.0,0.0
2000-10-17 00:00:00+09:00,419.7647705078125,457.92520419034093,419.7647705078125,419.7647705078125,0,0.0,0.0
2000-10-18 00:00:00+09:00,419.7647705078125,419.7647705078125,419.7647705078125,419.7647705078125,1000,0.0,0.0
2000-10-19 00:00:00+09:00,407.0445556640625,407.0445556640625,407.0445556640625,407.0445556640625,500,0.0,0.0
2000-10-20 00:00:00+09:00,400.68450927734375,432.484867156498,400.68450927734375,400.68450927734375,0,0.0,0.0
2000-10-23 00:00:00+09:00,413.40463256835943,432.4848463792068,413.40463256835943,413.4046325683594,0,0.0,0.0
2000-10-24 00:00:00+09:00,413.40463256835943,413.40463256835943,413.40463256835943,413.4046325683594,500,0.0,0.0
2000-10-25 00:00:00+09:00,407.04463036380594,457.9252091592817,407.04463036380594,426.1248474121094,18500,0.0,0.0
2000-10-26 00:00:00+09:00,426.1247751089243,426.1247751089243,413.40463256835943,413.4046325683594,1500,0.0,0.0
2000-10-27 00:00:00+09:00,413.40463256835943,413.40463256835943,413.40463256835943,413.4046325683594,0,0.0,0.0
2000-10-30 00:00:00+09:00,407.0445556640625,407.0445556640625,407.0445556640625,407.0445556640625,500,0.0,0.0
2000-10-31 00:00:00+09:00,400.68450927734375,419.76472400483635,400.68450927734375,400.68450927734375,0,0.0,0.0
2000-11-01 00:00:00+09:00,400.6845348727319,413.4046788369456,394.324462890625,394.324462890625,2500,0.0,0.0
2000-11-02 00:00:00+09:00,413.40462684631353,426.1247692108155,407.0445556640625,407.0445556640625,1500,0.0,0.0
2000-11-03 00:00:00+09:00,407.0445556640625,407.0445556640625,407.0445556640625,407.0445556640625,0,0.0,0.0
2000-11-06 00:00:00+09:00,407.0445556640625,407.0445556640625,407.0445556640625,407.0445556640625,1000,0.0,0.0
2000-11-07 00:00:00+09:00,407.0445556640625,407.0445556640625,407.0445556640625,407.0445556640625,2000,0.0,0.0
2000-11-08 00:00:00+09:00,407.0445556640625,407.0445556640625,407.0445556640625,407.0445556640625,1000,0.0,0.0
2000-11-09 00:00:00+09:00,400.6845348727319,407.0446068548387,394.324462890625,394.324462890625,7000,0.0,0.0
2000-11-10 00:00:00+09:00,400.68450927734375,400.68450927734375,400.68450927734375,400.68450927734375,500,0.0,0.0
2000-11-13 00:00:00+09:00,387.9644165039063,407.0446337090164,387.9644165039063,387.96441650390625,0,0.0,0.0
2000-11-14 00:00:00+09:00,381.604248046875,400.68446044921876,381.604248046875,381.604248046875,0,0.0,0.0
2000-11-15 00:00:00+09:00,400.6844844818115,426.1247692108155,394.32441329956055,407.0445556640625,13500,0.0,0.0
2000-11-16 00:00:00+09:00,400.6844844818115,407.0445556640625,400.6844844818115,407.0445556640625,2500,0.0,0.0
2000-11-17 00:00:00+09:00,394.324462890625,394.324462890625,394.324462890625,394.324462890625,500,0.0,0.0
2000-11-20 00:00:00+09:00,381.604248046875,387.9643188476563,381.604248046875,381.604248046875,2500,0.0,0.0
2000-11-21 00:00:00+09:00,382.8763427734375,394.32447262380606,382.8763427734375,382.8763427734375,0,0.0,0.0
2000-11-22 00:00:00+09:00,382.87626220703123,387.9643188476563,381.604248046875,381.604248046875,5500,0.0,0.0
2000-11-23 00:00:00+09:00,381.604248046875,381.604248046875,381.604248046875,381.604248046875,0,0.0,0.0
2000-11-24 00:00:00+09:00,387.96439090851817,407.0446068548387,381.60431892641134,394.324462890625,14000,0.0,0.0
2000-11-27 00:00:00+09:00,394.324462890625,394.324462890625,394.324462890625,394.324462890625,500,0.0,0.0
2000-11-28 00:00:00+09:00,394.32448890560966,394.32448890560966,387.9644165039063,387.96441650390625,1500,0.0,0.0
2000-11-29 00:00:00+09:00,381.6043441022029,387.9644165039063,381.6043441022029,387.96441650390625,1500,0.0,0.0
2000-11-30 00:00:00+09:00,381.604248046875,394.3243896484375,381.604248046875,381.604248046875,0,0.0,0.0
2000-12-01 00:00:00+09:00,381.6043441022029,387.9644165039063,381.6043441022029,387.96441650390625,1000,0.0,0.0
2000-12-04 00:00:00+09:00,381.604248046875,394.3243896484375,381.604248046875,381.604248046875,0,0.0,0.0
2000-12-05 00:00:00+09:00,394.324462890625,394.324462890625,387.96439090851817,394.324462890625,2000,0.0,0.0
2000-12-06 00:00:00+09:00,394.32448890560966,394.32448890560966,384.1483730628843,387.96441650390625,5500,0.0,0.0
2000-12-07 00:00:00+09:00,390.5084228515625,390.5084228515625,387.96439403819727,390.5084228515625,3000,0.0,0.0
2000-12-08 00:00:00+09:00,394.32448890560966,394.32448890560966,387.9644165039063,387.96441650390625,2500,0.0,0.0
2000-12-11 00:00:00+09:00,387.9644165039063,387.9644165039063,387.9644165039063,387.96441650390625,1000,0.0,0.0
2000-12-12 00:00:00+09:00,381.6043441022029,387.9644165039063,381.6043441022029,387.96441650390625,5500,0.0,0.0
2000-12-13 00:00:00+09:00,381.604248046875,390.50834716796874,381.604248046875,381.604248046875,0,0.0,0.0
2000-12-14 00:00:00+09:00,390.5084454645876,390.5084454645876,381.6043441022029,387.96441650390625,14000,0.0,0.0
2000-12-15 00:00:00+09:00,387.96439090851817,407.0446068548387,387.96439090851817,394.324462890625,17500,0.0,0.0
2000-12-18 00:00:00+09:00,394.324462890625,407.0446068548387,394.324462890625,394.324462890625,0,0.0,0.0
2000-12-19 00:00:00+09:00,407.0445556640625,407.0445556640625,407.0445556640625,407.0445556640625,3000,0.0,0.0
2000-12-20 00:00:00+09:00,407.0445556640625,407.0445556640625,407.0445556640625,407.0445556640625,3500,0.0,0.0
2000-12-21 00:00:00+09:00,394.324462890625,413.4046788369456,394.324462890625,394.324462890625,0,0.0,0.0
2000-12-22 00:00:00+09:00,400.6844844818115,407.0445556640625,394.32441329956055,407.0445556640625,3500,0.0,0.0
2000-12-25 00:00:00+09:00,407.04458085317464,407.04458085317464,400.68450927734375,400.68450927734375,14500,0.0,0.0
2000-12-26 00:00:00+09:00,394.324462890625,394.324462890625,394.324462890625,394.324462890625,500,0.0,0.0
2000-12-27 00:00:00+09:00,387.9644165039063,400.68456130731306,387.9644165039063,387.96441650390625,0,0.0,0.0
2000-12-28 00:00:00+09:00,387.96439090851817,394.324462890625,381.60431892641134,394.324462890625,4000,0.0,0.0
2000-12-29 00:00:00+09:00,381.604248046875,394.3243896484375,381.604248046875,381.604248046875,0,0.0,0.0
2001-01-01 00:00:00+09:00,381.604248046875,381.604248046875,381.604248046875,381.604248046875,0,0.0,0.0
2001-01-02 00:00:00+09:00,381.604248046875,381.604248046875,381.604248046875,381.604248046875,0,0.0,0.0
2001-01-03 00:00:00+09:00,381.604248046875,381.604248046875,381.604248046875,381.604248046875,0,0.0,0.0
2001-01-04 00:00:00+09:00,394.324462890625,394.324462890625,394.324462890625,394.324462890625,500,0.0,0.0
2001-01-05 00:00:00+09:00,394.324462890625,394.324462890625,387.96439090851817,394.324462890625,1500,0.0,0.0
2001-01-08 00:00:00+09:00,394.324462890625,394.324462890625,394.324462890625,394.324462890625,0,0.0,0.0
2001-01-09 00:00:00+09:00,387.9644165039063,394.32448890560966,387.9644165039063,387.96441650390625,0,0.0,0.0
2001-01-10 00:00:00+09:00,387.9644165039063,394.32448890560966,387.9644165039063,387.96441650390625,0,0.0,0.0
2001-01-11 00:00:00+09:00,387.9644165039063,387.9644165039063,387.9644165039063,387.96441650390625,500,0.0,0.0
2001-01-12 00:00:00+09:00,381.6043441022029,387.9644165039063,381.6043441022029,387.96441650390625,2000,0.0,0.0
2001-01-15 00:00:00+09:00,385.42038754322493,389.23643098424697,385.42038754322493,387.96441650390625,11500,0.0,0.0
2001-01-16 00:00:00+09:00,384.1483730628843,387.9644165039063,384.1483730628843,387.96441650390625,8000,0.0,0.0
2001-01-17 00:00:00+09:00,385.42038754322493,387.9644165039063,385.42038754322493,387.96441650390625,5000,0.0,0.0
2001-01-18 00:00:00+09:00,387.9644165039063,387.9644165039063,387.9644165039063,387.96441650390625,1000,0.0,0.0
2001-01-19 00:00:00+09:00,387.9643188476563,387.9643188476563,368.8841064453125,381.604248046875,32500,0.0,0.0
2001-01-22 00:00:00+09:00,387.9644165039063,387.9644165039063,387.9644165039063,387.96441650390625,2000,0.0,0.0
2001-01-23 00:00:00+09:00,381.6043441022029,387.9644165039063,381.6043441022029,387.96441650390625,1500,0.0,0.0
2001-01-24 00:00:00+09:00,381.6043441022029,387.9644165039063,381.6043441022029,387.96441650390625,1000,0.0,0.0
2001-01-25 00:00:00+09:00,386.6924020235656,394.32448890560966,375.2442717004995,387.96441650390625,9000,0.0,0.0
2001-01-26 00:00:00+09:00,381.604248046875,387.9643188476563,381.604248046875,381.604248046875,0,0.0,0.0
2001-01-29 00:00:00+09:00,385.42029052734375,385.42029052734375,381.604248046875,381.604248046875,2500,0.0,0.0
2001-01-30 00:00:00+09:00,381.604248046875,385.42029052734375,381.604248046875,381.604248046875,0,0.0,0.0
2001-01-31 00:00:00+09:00,381.6043362759128,385.4203796386719,381.6043362759128,385.4203796386719,1000,0.0,0.0
2001-02-01 00:00:00+09:00,381.604248046875,381.604248046875,381.604248046875,381.604248046875,500,0.0,0.0
2001-02-02 00:00:00+09:00,385.4203796386719,385.4203796386719,385.4203796386719,385.4203796386719,2000,0.0,0.0
2001-02-05 00:00:00+09:00,385.4203796386719,385.4203796386719,385.4203796386719,385.4203796386719,1500,0.0,0.0
2001-02-06 00:00:00+09:00,385.42039881254493,386.6924133300781,385.42039881254493,386.6924133300781,1000,0.0,0.0
2001-02-07 00:00:00+09:00,387.9644165039063,387.9644165039063,387.9644165039063,387.96441650390625,4500,0.0,0.0
2001-02-08 00:00:00+09:00,387.96442784761126,387.96442784761126,386.6924133300781,386.6924133300781,1000,0.0,0.0
2001-02-09 00:00:00+09:00,387.9644165039063,394.32448890560966,381.6043441022029,387.96441650390625,7500,0.0,0.0
2001-02-12 00:00:00+09:00,387.9644165039063,387.9644165039063,387.9644165039063,387.96441650390625,0,0.0,0.0
2001-02-13 00:00:00+09:00,394.324462890625,394.324462890625,394.324462890625,394.324462890625,500,0.0,0.0
2001-02-14 00:00:00+09:00,394.324462890625,394.324462890625,387.96439090851817,394.324462890625,6000,0.0,0.0
2001-02-15 00:00:00+09:00,390.50837059021,419.7646980285645,390.50837059021,407.0445556640625,18500,0.0,0.0
2001-02-16 00:00:00+09:00,400.68450927734375,407.04458085317464,400.68450927734375,400.68450927734375,2500,0.0,0.0
2001-02-19 00:00:00+09:00,400.68450927734375,400.68450927734375,394.3244377015129,400.68450927734375,3500,0.0,0.0
2001-02-20 00:00:00+09:00,400.68450927734375,400.68450927734375,400.68450927734375,400.68450927734375,2500,0.0,0.0
2001-02-21 00:00:00+09:00,400.68450927734375,400.68450927734375,400.68450927734375,400.68450927734375,1500,0.0,0.0
2001-02-22 00:00:00+09:00,400.68450927734375,400.68450927734375,400.68450927734375,400.68450927734375,2000,0.0,0.0
2001-02-23 00:00:00+09:00,394.32441875751203,419.7647038386419,394.32441875751203,413.4046325683594,9000,0.0,0.0
2001-02-26 00:00:00+09:00,419.7647705078125,426.12484278823393,413.4046982273911,419.7647705078125,3500,0.0,0.0
2001-02-27 00:00:00+09:00,419.7647750626749,426.1248474121094,419.7647750626749,426.1248474121094,1500,0.0,0.0
2001-02-28 00:00:00+09:00,426.1248474121094,432.48491976154384,426.1248474121094,426.1248474121094,2000,0.0,0.0
2001-03-01 00:00:00+09:00,419.7647705078125,426.12484278823393,419.7647705078125,419.7647705078125,2500,0.0,0.0
2001-03-02 00:00:00+09:00,423.58081387606535,423.58081387606535,419.7647705078125,419.7647705078125,1000,0.0,0.0
2001-03-05 00:00:00+09:00,413.40463256835943,413.40463256835943,413.40463256835943,413.4046325683594,500,0.0,0.0
2001-03-06 00:00:00+09:00,419.7647705078125,419.7647705078125,419.7647705078125,419.7647705078125,500,0.0,0.0
2001-03-07 00:00:00+09:00,413.40463256835943,413.40463256835943,413.40463256835943,413.4046325683594,2000,0.0,0.0
2001-03-08 00:00:00+09:00,413.40463256835943,413.40463256835943,413.40463256835943,413.4046325683594,500,0.0,0.0
2001-03-09 00:00:00+09:00,407.0445612980769,413.40463256835943,407.0445612980769,413.4046325683594,1000,0.0,0.0
2001-03-12 00:00:00+09:00,413.40465242900547,413.40465242900547,394.3244377015129,400.68450927734375,3500,0.0,0.0
2001-03-13 00:00:00+09:00,394.324462890625,394.324462890625,387.96439090851817,394.324462890625,2500,0.0,0.0
2001-03-14 00:00:00+09:00,394.324462890625,394.324462890625,394.324462890625,394.324462890625,0,0.0,0.0
2001-03-15 00:00:00+09:00,400.6845348727319,419.76475081905244,387.96439090851817,394.324462890625,15000,0.0,0.0
2001-03-16 00:00:00+09:00,387.9644165039063,419.76477851242316,387.9644165039063,387.96441650390625,0,0.0,0.0
2001-03-19 00:00:00+09:00,387.9644165039063,407.0446337090164,387.9644165039063,387.96441650390625,1500,0.0,0.0
2001-03-20 00:00:00+09:00,387.9644165039063,387.9644165039063,387.9644165039063,387.96441650390625,0,0.0,0.0
2001-03-21 00:00:00+09:00,407.0446259469697,419.7647705078125,394.3244813861269,419.7647705078125,10500,0.0,0.0
2001-03-22 00:00:00+09:00,426.1248474121094,426.1248474121094,426.1248474121094,426.1248474121094,500,0.0,0.0
2001-03-23 00:00:00+09:00,419.7647038386419,419.7647038386419,400.6844900277945,413.4046325683594,13500,0.0,0.0
2001-03-26 00:00:00+09:00,419.76466100356157,432.4848022460937,407.0445197610294,432.48480224609375,3000,0.0,0.0
2001-03-27 00:00:00+09:00,440.9140981820914,440.9140981820914,421.4620056152344,421.4620056152344,1500,13.0,0.0
2001-03-28 00:00:00+09:00,414.9779747596154,421.4620056152344,414.9779747596154,421.4620056152344,1500,0.0,0.0
2001-03-29 00:00:00+09:00,404.6035613029234,404.6035613029234,402.00994873046875,402.00994873046875,1000,0.0,0.0
2001-03-30 00:00:00+09:00,404.6035461425781,413.68118980603344,404.6035461425781,404.6035461425781,0,0.0,0.0
2001-04-02 00:00:00+09:00,408.49398016160535,408.49398016160535,402.00994873046875,402.00994873046875,2000,0.0,0.0
2001-04-03 00:00:00+09:00,413.68119768136603,413.68119768136603,405.9003601074219,405.9003601074219,1000,0.0,0.0
2001-04-04 00:00:00+09:00,402.00994873046875,414.97801159274195,402.00994873046875,402.00994873046875,0,0.0,0.0
2001-04-05 00:00:00+09:00,402.00994873046875,414.97801159274195,402.00994873046875,402.00994873046875,0,0.0,0.0
2001-04-06 00:00:00+09:00,414.97802734375,414.97802734375,414.97802734375,414.97802734375,500,0.0,0.0
2001-04-09 00:00:00+09:00,408.4939044034934,414.97793463212025,408.4939044034934,409.79071044921875,3500,0.0,0.0
2001-04-10 00:00:00+09:00,402.00994873046875,402.00994873046875,402.00994873046875,402.00994873046875,3500,0.0,0.0
2001-04-11 00:00:00+09:00,402.00993366730523,404.6035461425781,402.00993366730523,404.6035461425781,2000,0.0,0.0
2001-04-12 00:00:00+09:00,396.8226642973104,407.1971130371094,396.8226642973104,407.1971130371094,3000,0.0,0.0
2001-04-13 00:00:00+09:00,408.49392700195307,408.49392700195307,408.49392700195307,408.4939270019531,1500,0.0,0.0
2001-04-16 00:00:00+09:00,408.49392700195307,427.94601876395086,408.49392700195307,408.4939270019531,14500,0.0,0.0
2001-04-17 00:00:00+09:00,408.4939956665039,414.97802734375,408.4939956665039,414.97802734375,1000,0.0,0.0
2001-04-18 00:00:00+09:00,408.49392700195307,421.46198817661826,408.49392700195307,408.4939270019531,0,0.0,0.0
2001-04-19 00:00:00+09:00,408.4939956665039,414.97802734375,408.4939956665039,414.97802734375,2000,0.0,0.0
2001-04-20 00:00:00+09:00,408.4939956665039,414.97802734375,408.4939956665039,414.97802734375,2500,0.0,0.0
2001-04-23 00:00:00+09:00,408.4939956665039,421.4620590209961,408.4939956665039,414.97802734375,5500,0.0,0.0
2001-04-24 00:00:00+09:00,408.4939956665039,414.97802734375,408.4939956665039,414.97802734375,2500,0.0,0.0
2001-04-25 00:00:00+09:00,414.9779747596154,434.4300673264724,414.9779747596154,421.4620056152344,13000,0.0,0.0
2001-04-26 00:00:00+09:00,414.9779747596154,434.4300673264724,414.9779747596154,421.4620056152344,13000,0.0,0.0
2001-04-27 00:00:00+09:00,408.49392700195307,427.94601876395086,408.49392700195307,408.4939270019531,0,0.0,0.0
2001-04-30 00:00:00+09:00,408.49392700195307,408.49392700195307,408.49392700195307,408.4939270019531,0,0.0,0.0
2001-05-01 00:00:00+09:00,421.4620590209961,421.4620590209961,414.97802734375,414.97802734375,1000,0.0,0.0
2001-05-02 00:00:00+09:00,414.97802734375,414.97802734375,414.97802734375,414.97802734375,500,0.0,0.0
2001-05-03 00:00:00+09:00,414.97802734375,414.97802734375,414.97802734375,414.97802734375,0,0.0,0.0
2001-05-04 00:00:00+09:00,414.97802734375,414.97802734375,414.97802734375,414.97802734375,0,0.0,0.0
2001-05-07 00:00:00+09:00,408.4939956665039,427.9460906982422,408.4939956665039,414.97802734375,4500,0.0,0.0
2001-05-08 00:00:00+09:00,408.49392700195307,427.94601876395086,408.49392700195307,408.4939270019531,0,0.0,0.0
2001-05-09 00:00:00+09:00,408.49392700195307,427.94601876395086,408.49392700195307,408.4939270019531,0,0.0,0.0
2001-05-10 00:00:00+09:00,408.4939956665039,414.97802734375,408.4939956665039,414.97802734375,1000,0.0,0.0
2001-05-11 00:00:00+09:00,414.9779747596154,421.4620056152344,414.9779747596154,421.4620056152344,4000,0.0,0.0
2001-05-14 00:00:00+09:00,414.97802734375,434.4301223754883,414.97802734375,414.97802734375,0,0.0,0.0
2001-05-15 00:00:00+09:00,421.461971507353,447.3980928308824,421.461971507353,440.9140625,13000,0.0,0.0
2001-05-16 00:00:00+09:00,434.4300842285156,447.3981464442922,434.4300842285156,434.4300842285156,0,0.0,0.0
2001-05-17 00:00:00+09:00,440.9140625,440.9140625,440.9140625,440.9140625,500,0.0,0.0
2001-05-18 00:00:00+09:00,434.4300842285156,434.4300842285156,434.4300842285156,434.4300842285156,1000,0.0,0.0
2001-05-21 00:00:00+09:00,434.4300705177196,447.39813232421875,434.4300705177196,447.39813232421875,2000,0.0,0.0
2001-05-22 00:00:00+09:00,453.88216322746825,453.88216322746825,447.39813232421875,447.39813232421875,2000,0.0,0.0
2001-05-23 00:00:00+09:00,440.9141014209692,447.39813232421875,440.9141014209692,447.39813232421875,1500,0.0,0.0
2001-05-24 00:00:00+09:00,440.9140625,453.88212316176475,440.9140625,440.9140625,0,0.0,0.0
2001-05-25 00:00:00+09:00,453.88216322746825,453.88216322746825,447.39813232421875,447.39813232421875,14500,0.0,0.0
2001-05-28 00:00:00+09:00,440.9140981820914,447.39812903771036,414.9779747596154,421.4620056152344,24000,0.0,0.0
2001-05-29 00:00:00+09:00,414.97802734375,414.97802734375,414.97802734375,414.97802734375,2500,0.0,0.0
2001-05-30 00:00:00+09:00,414.97802734375,414.97802734375,408.4939956665039,414.97802734375,4000,0.0,0.0
2001-05-31 00:00:00+09:00,408.49398016160535,414.97801159274195,402.00994873046875,402.00994873046875,10500,0.0,0.0
2001-06-01 00:00:00+09:00,408.49392700195307,408.49392700195307,408.49392700195307,408.4939270019531,500,0.0,0.0
2001-06-04 00:00:00+09:00,427.9461059570313,427.9461059570313,427.9461059570313,427.94610595703125,500,0.0,0.0
2001-06-05 00:00:00+09:00,427.9461059570313,427.9461059570313,427.9461059570313,427.94610595703125,1000,0.0,0.0
2001-06-06 00:00:00+09:00,427.9461059570313,429.24291233871924,427.9461059570313,427.94610595703125,6500,0.0,0.0
2001-06-07 00:00:00+09:00,414.97802734375,427.9460906982422,414.97802734375,414.97802734375,0,0.0,0.0
2001-06-08 00:00:00+09:00,414.97802734375,427.9460906982422,414.97802734375,414.97802734375,0,0.0,0.0
2001-06-11 00:00:00+09:00,414.97802734375,414.97802734375,408.4939956665039,414.97802734375,3000,0.0,0.0
2001-06-12 00:00:00+09:00,408.4939439039964,421.4620056152344,408.4939439039964,421.4620056152344,1500,0.0,0.0
2001-06-13 00:00:00+09:00,408.49398016160535,408.49398016160535,402.00994873046875,402.00994873046875,2500,0.0,0.0
2001-06-14 00:00:00+09:00,402.00994873046875,402.00994873046875,402.00994873046875,402.00994873046875,1500,0.0,0.0
2001-06-15 00:00:00+09:00,408.4940102317117,453.88223359079075,402.0099783232718,427.94610595703125,20500,0.0,0.0
2001-06-18 00:00:00+09:00,414.97802734375,434.4301223754883,414.97802734375,414.97802734375,0,0.0,0.0
2001-06-19 00:00:00+09:00,421.4620056152344,421.4620056152344,421.4620056152344,421.4620056152344,500,0.0,0.0
2001-06-20 00:00:00+09:00,421.4620056152344,434.4300673264724,421.4620056152344,421.4620056152344,11000,0.0,0.0
2001-06-21 00:00:00+09:00,414.97802734375,427.9460906982422,414.97802734375,414.97802734375,0,0.0,0.0
2001-06-22 00:00:00+09:00,427.9461059570313,427.9461059570313,427.9461059570313,427.94610595703125,500,0.0,0.0
2001-06-25 00:00:00+09:00,424.05563445589434,447.3981464442922,424.05563445589434,434.4300842285156,9500,0.0,0.0
2001-06-26 00:00:00+09:00,414.97802734375,434.4301223754883,414.97802734375,414.97802734375,0,0.0,0.0
2001-06-27 00:00:00+09:00,414.97802734375,434.4301223754883,414.97802734375,414.97802734375,0,0.0,0.0
2001-06-28 00:00:00+09:00,408.4939439039964,427.9460364708534,408.4939439039964,421.4620056152344,2000,0.0,0.0
2001-06-29 00:00:00+09:00,414.9779747596154,421.4620056152344,414.9779747596154,421.4620056152344,1000,0.0,0.0
2001-07-02 00:00:00+09:00,418.8683932729868,421.4620056152344,418.8683932729868,421.4620056152344,2500,0.0,0.0
2001-07-03 00:00:00+09:00,427.94607445501515,434.43010588615175,395.5259172993322,402.00994873046875,17000,0.0,0.0
2001-07-04 00:00:00+09:00,402.0098964146205,408.49392700195307,402.0098964146205,408.4939270019531,1500,0.0,0.0
2001-07-05 00:00:00+09:00,405.90031476702006,408.49392700195307,405.90031476702006,408.4939270019531,1000,0.0,0.0
2001-07-06 00:00:00+09:00,408.49392700195307,421.46198817661826,408.49392700195307,408.4939270019531,0,0.0,0.0
2001-07-09 00:00:00+09:00,421.4619740518826,421.4619740518826,416.2747497558594,416.2747497558594,2000,0.0,0.0
2001-07-10 00:00:00+09:00,420.16526766690345,427.9461059570313,420.16526766690345,427.94610595703125,2500,0.0,0.0
2001-07-11 00:00:00+09:00,427.9460531206273,434.4300842285156,427.9460531206273,434.4300842285156,3000,0.0,0.0
2001-07-12 00:00:00+09:00,434.4300321691177,440.9140625,434.4300321691177,440.9140625,3000,0.0,0.0
2001-07-13 00:00:00+09:00,434.4300842285156,434.4300842285156,434.4300842285156,434.4300842285156,2500,0.0,0.0
2001-07-16 00:00:00+09:00,427.9460906982422,447.39818572998047,414.97802734375,414.97802734375,41000,0.0,0.0
2001-07-17 00:00:00+09:00,414.97802734375,414.97802734375,414.97802734375,414.97802734375,1000,0.0,0.0
2001-07-18 00:00:00+09:00,421.4620590209961,421.4620590209961,414.97802734375,414.97802734375,1000,0.0,0.0
2001-07-19 00:00:00+09:00,402.00994873046875,414.97801159274195,402.00994873046875,402.00994873046875,0,0.0,0.0
2001-07-20 00:00:00+09:00,402.00994873046875,402.00994873046875,402.00994873046875,402.00994873046875,0,0.0,0.0
2001-07-23 00:00:00+09:00,402.00994873046875,402.00994873046875,402.00994873046875,402.00994873046875,1500,0.0,0.0
2001-07-24 00:00:00+09:00,395.52588219275844,421.4620056152344,395.52588219275844,421.4620056152344,2500,0.0,0.0
2001-07-25 00:00:00+09:00,421.4620056152344,447.39812903771036,414.9779747596154,421.4620056152344,35500,0.0,0.0
2001-07-26 00:00:00+09:00,408.49392700195307,416.2747637067522,408.49392700195307,408.4939270019531,2000,0.0,0.0
2001-07-27 00:00:00+09:00,402.00994873046875,408.49398016160535,402.00994873046875,402.00994873046875,2000,0.0,0.0
2001-07-30 00:00:00+09:00,402.00994873046875,402.00994873046875,402.00994873046875,402.00994873046875,1500,0.0,0.0
2001-07-31 00:00:00+09:00,402.00994873046875,402.00994873046875,402.00994873046875,402.00994873046875,3000,0.0,0.0
2001-08-01 00:00:00+09:00,402.00994873046875,402.00994873046875,402.00994873046875,402.00994873046875,500,0.0,0.0
2001-08-02 00:00:00+09:00,402.0098693847656,402.0098693847656,389.04180908203125,389.04180908203125,1500,0.0,0.0
2001-08-03 00:00:00+09:00,408.49392700195307,408.49392700195307,402.0098964146205,408.4939270019531,6500,0.0,0.0
2001-08-06 00:00:00+09:00,402.0099639892578,414.97802734375,402.0099639892578,414.97802734375,2500,0.0,0.0
2001-08-07 00:00:00+09:00,402.0099639892578,414.97802734375,402.0099639892578,414.97802734375,1500,0.0,0.0
2001-08-08 00:00:00+09:00,408.4940102317117,427.9461059570313,395.52594641483194,427.94610595703125,5500,0.0,0.0
2001-08-09 00:00:00+09:00,414.97795758928567,414.97795758928567,408.49392700195307,408.4939270019531,2000,0.0,0.0
2001-08-10 00:00:00+09:00,408.4939122726489,414.977942626183,408.4939122726489,411.0875244140625,10000,0.0,0.0
2001-08-13 00:00:00+09:00,414.97802734375,414.97802734375,414.97802734375,414.97802734375,1000,0.0,0.0
2001-08-14 00:00:00+09:00,409.79071044921875,421.4619648607472,409.79071044921875,409.79071044921875,0,0.0,0.0
2001-08-15 00:00:00+09:00,414.97799090485074,453.8821775521805,414.97799090485074,434.4300842285156,26500,0.0,0.0
2001-08-16 00:00:00+09:00,429.24291233871924,429.24291233871924,427.9461059570313,427.94610595703125,2500,0.0,0.0
2001-08-17 00:00:00+09:00,414.97802734375,434.4301223754883,414.97802734375,414.97802734375,0,0.0,0.0
2001-08-20 00:00:00+09:00,408.49392700195307,408.49392700195307,408.49392700195307,408.4939270019531,1500,0.0,0.0
2001-08-21 00:00:00+09:00,402.00994873046875,414.97801159274195,402.00994873046875,402.00994873046875,0,0.0,0.0
2001-08-22 00:00:00+09:00,402.00994873046875,414.97801159274195,402.00994873046875,402.00994873046875,0,0.0,0.0
2001-08-23 00:00:00+09:00,402.00994873046875,408.49398016160535,402.00994873046875,402.00994873046875,1500,0.0,0.0
2001-08-24 00:00:00+09:00,402.0099130483774,421.4620056152344,402.0099130483774,421.4620056152344,8000,0.0,0.0
2001-08-27 00:00:00+09:00,414.97801159274195,414.97801159274195,389.0418858681956,402.00994873046875,11000,0.0,0.0
2001-08-28 00:00:00+09:00,405.90031476702006,408.49392700195307,402.0098964146205,408.4939270019531,1500,0.0,0.0
2001-08-29 00:00:00+09:00,402.00994873046875,414.97801159274195,402.00994873046875,402.00994873046875,0,0.0,0.0
2001-08-30 00:00:00+09:00,402.01000276159067,408.49403506419696,389.041938156378,395.5259704589844,11500,0.0,0.0
2001-08-31 00:00:00+09:00,389.04180908203125,395.5258392333984,389.04180908203125,389.04180908203125,12500,0.0,0.0
2001-09-03 00:00:00+09:00,392.9323120117188,392.9323120117188,389.0418930809097,392.93231201171875,1000,0.0,0.0
2001-09-04 00:00:00+09:00,395.5259704589843,402.01000276159067,395.5259704589843,395.5259704589844,1000,0.0,0.0
2001-09-05 00:00:00+09:00,398.1195298717868,402.00994873046875,395.5259172993322,402.00994873046875,1500,0.0,0.0
2001-09-06 00:00:00+09:00,402.00994873046875,402.00994873046875,402.00994873046875,402.00994873046875,1000,0.0,0.0
2001-09-07 00:00:00+09:00,391.6354675292969,402.0099170002716,391.6354675292969,391.6354675292969,0,0.0,0.0
2001-09-10 00:00:00+09:00,402.00994873046875,402.00994873046875,402.00994873046875,402.00994873046875,2000,0.0,0.0
2001-09-11 00:00:00+09:00,395.5259172993322,402.00994873046875,395.5259172993322,402.00994873046875,2000,0.0,0.0
2001-09-12 00:00:00+09:00,389.04180908203125,389.04180908203125,389.04180908203125,389.04180908203125,500,0.0,0.0
2001-09-13 00:00:00+09:00,389.04180908203125,389.04180908203125,389.04180908203125,389.04180908203125,3000,0.0,0.0
2001-09-14 00:00:00+09:00,389.04180908203125,389.04180908203125,369.58971862792964,389.04180908203125,4000,0.0,0.0
2001-09-17 00:00:00+09:00,402.0099783232718,440.914169773911,402.0099783232718,427.94610595703125,26500,0.0,0.0
2001-09-18 00:00:00+09:00,427.9460906982422,427.9460906982422,414.97802734375,414.97802734375,3000,0.0,0.0
2001-09-19 00:00:00+09:00,402.00994873046875,427.94607445501515,402.00994873046875,402.00994873046875,0,0.0,0.0
2001-09-20 00:00:00+09:00,402.00994873046875,402.00994873046875,402.00994873046875,402.00994873046875,1500,0.0,0.0
2001-09-21 00:00:00+09:00,389.04180908203125,389.04180908203125,389.04180908203125,389.04180908203125,500,0.0,0.0
2001-09-24 00:00:00+09:00,389.04180908203125,389.04180908203125,389.04180908203125,389.04180908203125,0,0.0,0.0
2001-09-25 00:00:00+09:00,402.0098693847656,427.94598999023435,389.04180908203125,389.04180908203125,14500,0.0,0.0
2001-09-26 00:00:00+09:00,382.5578002929688,402.0098918332892,382.5578002929688,382.55780029296875,0,0.0,0.0
2001-09-27 00:00:00+09:00,382.5578002929688,408.4939223467294,382.5578002929688,382.55780029296875,0,0.0,0.0
2001-09-28 00:00:00+09:00,382.5578002929688,382.5578002929688,382.5578002929688,382.55780029296875,0,0.0,0.0
2001-10-01 00:00:00+09:00,382.55790585377173,395.5259704589843,382.55790585377173,395.5259704589844,2000,0.0,0.0
2001-10-02 00:00:00+09:00,389.04180908203125,402.0098693847656,376.07374877929686,389.04180908203125,3500,0.0,0.0
2001-10-03 00:00:00+09:00,369.5897906073208,389.0418848498114,369.5897906073208,376.0738220214844,10000,0.0,0.0
2001-10-04 00:00:00+09:00,389.04180908203125,408.4938995361328,389.04180908203125,389.04180908203125,0,0.0,0.0
2001-10-05 00:00:00+09:00,382.5578002929688,408.4939223467294,382.5578002929688,382.55780029296875,0,0.0,0.0
2001-10-08 00:00:00+09:00,382.5578002929688,382.5578002929688,382.5578002929688,382.55780029296875,0,0.0,0.0
2001-10-09 00:00:00+09:00,382.5578002929688,408.4939223467294,382.5578002929688,382.55780029296875,0,0.0,0.0
2001-10-10 00:00:00+09:00,382.5578002929688,408.4939223467294,382.5578002929688,382.55780029296875,0,0.0,0.0
2001-10-11 00:00:00+09:00,382.5578002929688,408.4939223467294,382.5578002929688,382.55780029296875,0,0.0,0.0
2001-10-12 00:00:00+09:00,382.5578002929688,408.4939223467294,382.5578002929688,382.55780029296875,0,0.0,0.0
2001-10-15 00:00:00+09:00,395.5259704589843,414.97806736680326,389.041938156378,395.5259704589844,23500,0.0,0.0
2001-10-16 00:00:00+09:00,376.0738220214844,402.0099476781385,376.0738220214844,376.0738220214844,0,0.0,0.0
2001-10-17 00:00:00+09:00,402.0098918332892,402.0098918332892,376.0737697795286,382.55780029296875,5000,0.0,0.0
2001-10-18 00:00:00+09:00,381.2610168457031,381.2610168457031,381.2610168457031,381.2610168457031,500,0.0,0.0
2001-10-19 00:00:00+09:00,369.5897827148437,402.0099390933388,369.5897827148437,369.58978271484375,0,0.0,0.0
2001-10-22 00:00:00+09:00,369.5897827148437,376.0738139905427,363.1057514391447,369.58978271484375,10500,0.0,0.0
2001-10-23 00:00:00+09:00,389.04180908203125,408.4938995361328,389.04180908203125,389.04180908203125,0,0.0,0.0
2001-10-24 00:00:00+09:00,389.04180908203125,389.04180908203125,389.04180908203125,389.04180908203125,1000,0.0,0.0
2001-10-25 00:00:00+09:00,394.22905521716103,402.0098918332892,382.5578002929688,382.55780029296875,10500,0.0,0.0
2001-10-26 00:00:00+09:00,376.0738220214844,395.5259162639749,376.0738220214844,376.0738220214844,0,0.0,0.0
2001-10-29 00:00:00+09:00,389.04180908203125,389.04180908203125,389.04180908203125,389.04180908203125,500,0.0,0.0
2001-10-30 00:00:00+09:00,389.04183080640894,395.52586131984907,382.5578002929688,382.55780029296875,4000,0.0,0.0
2001-10-31 00:00:00+09:00,376.07374877929686,389.04180908203125,376.07374877929686,389.04180908203125,6000,0.0,0.0
2001-11-01 00:00:00+09:00,376.0738220214844,376.0738220214844,376.0738220214844,376.0738220214844,2000,0.0,0.0
2001-11-02 00:00:00+09:00,395.5259704589843,395.5259704589843,395.5259704589843,395.5259704589844,500,0.0,0.0
2001-11-05 00:00:00+09:00,376.0737384389766,377.37054443359375,376.0737384389766,377.37054443359375,1000,0.0,0.0
2001-11-06 00:00:00+09:00,369.5897827148437,376.0738139905427,369.5897827148437,369.58978271484375,1000,0.0,0.0
2001-11-07 00:00:00+09:00,376.0738220214844,376.0738220214844,376.0738220214844,376.0738220214844,1000,0.0,0.0
2001-11-08 00:00:00+09:00,369.5897827148437,389.0418765419408,369.5897827148437,369.58978271484375,0,0.0,0.0
2001-11-09 00:00:00+09:00,369.5897827148437,369.5897827148437,369.5897827148437,369.58978271484375,0,0.0,0.0
2001-11-12 00:00:00+09:00,364.40252685546875,364.40252685546875,364.40252685546875,364.40252685546875,500,0.0,0.0
2001-11-13 00:00:00+09:00,369.5897827148437,369.5897827148437,369.5897827148437,369.58978271484375,1500,0.0,0.0
2001-11-14 00:00:00+09:00,369.5897827148437,369.5897827148437,369.5897827148437,369.58978271484375,1500,0.0,0.0
2001-11-15 00:00:00+09:00,369.58974347795754,382.55780465262274,363.10571289062494,363.105712890625,41000,0.0,0.0
2001-11-16 00:00:00+09:00,363.10571289062494,363.10571289062494,363.10571289062494,363.105712890625,1500,0.0,0.0
2001-11-19 00:00:00+09:00,369.58974347795754,369.58974347795754,363.10571289062494,363.105712890625,1500,0.0,0.0
2001-11-20 00:00:00+09:00,363.10571289062494,363.10571289062494,363.10571289062494,363.105712890625,1000,0.0,0.0
2001-11-21 00:00:00+09:00,369.58974347795754,369.58974347795754,363.10571289062494,363.105712890625,1000,0.0,0.0
2001-11-22 00:00:00+09:00,366.9961270607124,382.5578002929688,366.9961270607124,382.55780029296875,10000,0.0,0.0
2001-11-23 00:00:00+09:00,382.5578002929688,382.5578002929688,382.5578002929688,382.55780029296875,0,0.0,0.0
2001-11-26 00:00:00+09:00,376.0738220214844,382.55785343564787,376.0738220214844,376.0738220214844,0,0.0,0.0
2001-11-27 00:00:00+09:00,376.0737697795286,382.5578002929688,376.0737697795286,382.55780029296875,2000,0.0,0.0
2001-11-28 00:00:00+09:00,376.0738220214844,376.0738220214844,376.0738220214844,376.0738220214844,2000,0.0,0.0
2001-11-29 00:00:00+09:00,376.0737384389766,377.37054443359375,376.0737384389766,377.37054443359375,1000,0.0,0.0
2001-11-30 00:00:00+09:00,369.5897827148437,389.0418765419408,369.5897827148437,369.58978271484375,0,0.0,0.0
2001-12-03 00:00:00+09:00,369.5897906073208,376.0738220214844,369.5897906073208,376.0738220214844,1500,0.0,0.0
2001-12-04 00:00:00+09:00,382.55784526624177,389.0418765419408,369.5897827148437,369.58978271484375,6500,0.0,0.0
2001-12-05 00:00:00+09:00,363.10571289062494,376.07377406529014,363.10571289062494,363.105712890625,0,0.0,0.0
2001-12-06 00:00:00+09:00,369.58974347795754,369.58974347795754,356.6216823032924,363.105712890625,10500,0.0,0.0
2001-12-07 00:00:00+09:00,356.6216823032924,363.10571289062494,356.6216823032924,363.105712890625,4500,0.0,0.0
2001-12-10 00:00:00+09:00,356.6217041015625,356.6217041015625,356.6217041015625,356.6217041015625,2000,0.0,0.0
2001-12-11 00:00:00+09:00,350.1376647949218,356.62169562445746,343.65363396538623,350.1376647949219,5500,0.0,0.0
2001-12-12 00:00:00+09:00,350.1376647949218,350.1376647949218,343.65363396538623,350.1376647949219,6500,0.0,0.0
2001-12-13 00:00:00+09:00,343.6535949707031,363.10568525206367,343.6535949707031,343.6535949707031,0,0.0,0.0
2001-12-14 00:00:00+09:00,343.6535855806791,344.95039156400236,337.1695556640625,337.1695556640625,6000,0.0,0.0
2001-12-17 00:00:00+09:00,376.0737881130642,376.0737881130642,343.65363396538623,350.1376647949219,24000,0.0,0.0
2001-12-18 00:00:00+09:00,343.6535949707031,343.6535949707031,343.6535949707031,343.6535949707031,1000,0.0,0.0
2001-12-19 00:00:00+09:00,343.65363396538623,350.1376647949218,343.65363396538623,350.1376647949219,2000,0.0,0.0
2001-12-20 00:00:00+09:00,337.1695556640625,350.13761549729566,337.1695556640625,337.1695556640625,0,0.0,0.0
2001-12-21 00:00:00+09:00,350.1376647949218,350.1376647949218,350.1376647949218,350.1376647949219,500,0.0,0.0
2001-12-24 00:00:00+09:00,350.1376647949218,350.1376647949218,350.1376647949218,350.1376647949219,0,0.0,0.0
2001-12-25 00:00:00+09:00,350.13761549729566,351.43442148061894,324.2014958308293,337.1695556640625,17500,0.0,0.0
2001-12-26 00:00:00+09:00,337.16963134765626,338.4664376220703,324.2015686035156,324.2015686035156,7500,0.0,0.0
2001-12-27 00:00:00+09:00,311.2334289550781,324.20148849487305,298.2653694152832,311.2334289550781,15000,0.0,0.0
2001-12-28 00:00:00+09:00,298.265380859375,311.2334408967391,285.2973208220109,298.265380859375,13000,0.0,0.0
2001-12-31 00:00:00+09:00,298.265380859375,298.265380859375,298.265380859375,298.265380859375,0,0.0,0.0
2002-01-01 00:00:00+09:00,298.265380859375,298.265380859375,298.265380859375,298.265380859375,0,0.0,0.0
2002-01-02 00:00:00+09:00,298.265380859375,298.265380859375,298.265380859375,298.265380859375,0,0.0,0.0
2002-01-03 00:00:00+09:00,298.265380859375,298.265380859375,298.265380859375,298.265380859375,0,0.0,0.0
2002-01-04 00:00:00+09:00,298.265380859375,304.74941087805706,298.265380859375,298.265380859375,0,0.0,0.0
2002-01-07 00:00:00+09:00,324.2015686035156,324.2015686035156,311.233505859375,324.2015686035156,5000,0.0,0.0
2002-01-08 00:00:00+09:00,343.6536709654565,343.6536709654565,330.68560791015625,330.68560791015625,2000,0.0,0.0
2002-01-09 00:00:00+09:00,317.7175598144531,317.7175598144531,317.7175598144531,317.7175598144531,500,0.0,0.0
2002-01-10 00:00:00+09:00,330.68560791015625,330.68560791015625,330.68560791015625,330.68560791015625,500,0.0,0.0
2002-01-11 00:00:00+09:00,320.3111497802734,337.16963134765626,317.7175372314453,324.2015686035156,5000,0.0,0.0
2002-01-14 00:00:00+09:00,324.2015686035156,324.2015686035156,324.2015686035156,324.2015686035156,0,0.0,0.0
2002-01-15 00:00:00+09:00,337.16956487691624,356.62165515827684,337.16956487691624,343.6535949707031,25000,0.0,0.0
2002-01-16 00:00:00+09:00,330.68560791015625,350.13770249310664,330.68560791015625,330.68560791015625,0,0.0,0.0
2002-01-17 00:00:00+09:00,330.68560791015625,350.13770249310664,330.68560791015625,330.68560791015625,0,0.0,0.0
2002-01-18 00:00:00+09:00,350.1376647949218,350.1376647949218,337.16960313585065,350.1376647949219,2000,0.0,0.0
2002-01-21 00:00:00+09:00,337.1695556640625,363.1056753305288,337.1695556640625,337.1695556640625,0,0.0,0.0
2002-01-22 00:00:00+09:00,337.1695556640625,356.62164541391223,337.1695556640625,337.1695556640625,0,0.0,0.0
2002-01-23 00:00:00+09:00,337.16956487691624,343.6535949707031,330.6855347831294,343.6535949707031,2000,0.0,0.0
2002-01-24 00:00:00+09:00,337.1695556640625,350.13761549729566,337.1695556640625,337.1695556640625,0,0.0,0.0
2002-01-25 00:00:00+09:00,343.65363396538623,356.62169562445746,343.65363396538623,350.1376647949219,14500,0.0,0.0
2002-01-28 00:00:00+09:00,350.1376647949218,350.1376647949218,350.1376647949218,350.1376647949219,1000,0.0,0.0
2002-01-29 00:00:00+09:00,343.6535949707031,363.10568525206367,343.6535949707031,343.6535949707031,0,0.0,0.0
2002-01-30 00:00:00+09:00,343.6535949707031,363.10568525206367,343.6535949707031,343.6535949707031,0,0.0,0.0
2002-01-31 00:00:00+09:00,343.6535949707031,343.6535949707031,343.6535949707031,343.6535949707031,0,0.0,0.0
2002-02-01 00:00:00+09:00,337.1695556640625,343.6535855806791,337.1695556640625,337.1695556640625,2500,0.0,0.0
2002-02-04 00:00:00+09:00,363.1056753305288,363.1056753305288,337.1695556640625,337.1695556640625,2500,0.0,0.0
2002-02-05 00:00:00+09:00,331.98236083984375,350.1376461982727,331.98236083984375,331.98236083984375,0,0.0,0.0
2002-02-06 00:00:00+09:00,350.13762506448995,350.13762506448995,343.6535949707031,343.6535949707031,1500,0.0,0.0
2002-02-07 00:00:00+09:00,337.1695556640625,356.62164541391223,337.1695556640625,337.1695556640625,0,0.0,0.0
2002-02-08 00:00:00+09:00,343.6535949707031,350.13762506448995,343.6535949707031,343.6535949707031,7000,0.0,0.0
2002-02-11 00:00:00+09:00,343.6535949707031,343.6535949707031,343.6535949707031,343.6535949707031,0,0.0,0.0
2002-02-12 00:00:00+09:00,350.1376647949218,350.1376647949218,350.1376647949218,350.1376647949219,500,0.0,0.0
2002-02-13 00:00:00+09:00,356.6217041015625,356.6217041015625,356.6217041015625,356.6217041015625,1500,0.0,0.0
2002-02-14 00:00:00+09:00,356.62169562445746,363.10572645399304,350.1376647949218,350.1376647949219,1500,0.0,0.0
2002-02-15 00:00:00+09:00,356.62169562445746,369.5897572835286,337.16960313585065,350.1376647949219,27000,0.0,0.0
2002-02-18 00:00:00+09:00,343.6535949707031,356.62165515827684,343.6535949707031,343.6535949707031,0,0.0,0.0
2002-02-19 00:00:00+09:00,343.6535949707031,356.62165515827684,343.6535949707031,343.6535949707031,0,0.0,0.0
2002-02-20 00:00:00+09:00,356.62169562445746,356.62169562445746,350.1376647949218,350.1376647949219,2500,0.0,0.0
2002-02-21 00:00:00+09:00,356.62165515827684,356.62165515827684,343.6535949707031,343.6535949707031,14500,0.0,0.0
2002-02-22 00:00:00+09:00,350.1376647949218,350.1376647949218,350.1376647949218,350.1376647949219,1000,0.0,0.0
2002-02-25 00:00:00+09:00,343.6535949707031,350.13762506448995,337.16956487691624,343.6535949707031,14000,0.0,0.0
2002-02-26 00:00:00+09:00,343.6535949707031,343.6535949707031,343.6535949707031,343.6535949707031,6000,0.0,0.0
2002-02-27 00:00:00+09:00,337.1695556640625,343.6535855806791,337.1695556640625,337.1695556640625,0,0.0,0.0
2002-02-28 00:00:00+09:00,343.6535949707031,343.6535949707031,343.6535949707031,343.6535949707031,3500,0.0,0.0
2002-03-01 00:00:00+09:00,343.6535949707031,350.13762506448995,343.6535949707031,343.6535949707031,1500,0.0,0.0
2002-03-04 00:00:00+09:00,350.1376647949218,363.10572645399304,350.1376647949218,350.1376647949219,4000,0.0,0.0
2002-03-05 00:00:00+09:00,350.1376647949218,350.1376647949218,350.1376647949218,350.1376647949219,5000,0.0,0.0
2002-03-06 00:00:00+09:00,350.1376731178977,356.6217041015625,350.1376731178977,356.6217041015625,6500,0.0,0.0
2002-03-07 00:00:00+09:00,369.5897827148437,369.5897827148437,369.5897827148437,369.58978271484375,1000,0.0,0.0
2002-03-08 00:00:00+09:00,363.1057514391447,376.0738139905427,356.6217201634457,369.58978271484375,7500,0.0,0.0
2002-03-11 00:00:00+09:00,369.5897392660885,382.5578002929688,369.5897392660885,382.55780029296875,7000,0.0,0.0
2002-03-12 00:00:00+09:00,369.5897392660885,382.5578002929688,369.5897392660885,382.55780029296875,6000,0.0,0.0
2002-03-13 00:00:00+09:00,376.0738220214844,376.0738220214844,363.1057591931573,376.0738220214844,6500,0.0,0.0
2002-03-14 00:00:00+09:00,376.0738220214844,376.0738220214844,376.0738220214844,376.0738220214844,8500,0.0,0.0
2002-03-15 00:00:00+09:00,376.07387355116543,402.01000276159067,376.07387355116543,395.5259704589844,20500,0.0,0.0
2002-03-18 00:00:00+09:00,389.0418848498114,453.88219899144667,376.0738220214844,376.0738220214844,17500,0.0,0.0
2002-03-19 00:00:00+09:00,389.04180908203125,389.04180908203125,389.04180908203125,389.04180908203125,1000,0.0,0.0
2002-03-20 00:00:00+09:00,389.04180908203125,389.04180908203125,382.557778930664,389.04180908203125,4500,0.0,0.0
2002-03-21 00:00:00+09:00,389.04180908203125,389.04180908203125,389.04180908203125,389.04180908203125,0,0.0,0.0
2002-03-22 00:00:00+09:00,382.557778930664,395.5258392333984,382.557778930664,389.04180908203125,7000,0.0,0.0
2002-03-25 00:00:00+09:00,389.04180908203125,414.97792968749997,382.557778930664,389.04180908203125,23500,0.0,0.0
2002-03-26 00:00:00+09:00,369.2600402832031,389.0418281555176,369.2600402832031,369.2600402832031,0,10.0,0.0
2002-03-27 00:00:00+09:00,362.6661376953125,362.6661376953125,362.6661376953125,362.6661376953125,1500,0.0,0.0
2002-03-28 00:00:00+09:00,357.3909912109375,389.04185390120506,357.3909912109375,357.3909912109375,0,0.0,0.0
2002-03-29 00:00:00+09:00,357.3909912109375,389.04185390120506,357.3909912109375,357.3909912109375,0,0.0,0.0
2002-04-01 00:00:00+09:00,357.3909912109375,389.04185390120506,357.3909912109375,357.3909912109375,0,0.0,0.0
2002-04-02 00:00:00+09:00,389.0418395996094,389.0418395996094,389.0418395996094,389.0418395996094,500,0.0,0.0
2002-04-03 00:00:00+09:00,357.3909912109375,357.3909912109375,357.3909912109375,357.3909912109375,500,0.0,0.0
2002-04-04 00:00:00+09:00,356.07220458984375,369.26006401909723,356.07220458984375,356.07220458984375,0,0.0,0.0
2002-04-05 00:00:00+09:00,349.4782409667969,369.26002819133254,349.4782409667969,349.4782409667969,0,0.0,0.0
2002-04-08 00:00:00+09:00,349.4782409667969,369.26002819133254,349.4782409667969,349.4782409667969,0,0.0,0.0
2002-04-09 00:00:00+09:00,349.4782409667969,369.26002819133254,349.4782409667969,349.4782409667969,0,0.0,0.0
2002-04-10 00:00:00+09:00,349.4782409667969,369.26002819133254,349.4782409667969,349.4782409667969,0,0.0,0.0
2002-04-11 00:00:00+09:00,349.4782368586613,356.07216585599457,342.8843078613281,342.8843078613281,2000,0.0,0.0
2002-04-12 00:00:00+09:00,342.88431189195165,356.0721700416421,342.88431189195165,349.4782409667969,7500,0.0,0.0
2002-04-15 00:00:00+09:00,342.88434836647724,362.6661376953125,342.88434836647724,362.6661376953125,23000,0.0,0.0
2002-04-16 00:00:00+09:00,342.8843659045649,342.8843659045649,336.2904357910156,336.2904357910156,6000,0.0,0.0
2002-04-17 00:00:00+09:00,336.2904357910156,336.2904357910156,336.2904357910156,336.2904357910156,500,0.0,0.0
2002-04-18 00:00:00+09:00,342.8843078613281,356.07216585599457,342.8843078613281,342.8843078613281,0,0.0,0.0
2002-04-19 00:00:00+09:00,336.2904357910156,356.07222613166357,336.2904357910156,336.2904357910156,0,0.0,0.0
2002-04-22 00:00:00+09:00,336.2904357910156,336.2904357910156,336.2904357910156,336.2904357910156,5500,0.0,0.0
2002-04-23 00:00:00+09:00,336.2904357910156,356.07222613166357,336.2904357910156,336.2904357910156,0,0.0,0.0
2002-04-24 00:00:00+09:00,336.2904357910156,362.6661562452129,336.2904357910156,336.2904357910156,0,0.0,0.0
2002-04-25 00:00:00+09:00,356.07222613166357,382.4479465858609,336.2904357910156,336.2904357910156,9000,0.0,0.0
2002-04-26 00:00:00+09:00,336.2903788639949,342.8843078613281,336.2903788639949,342.8843078613281,2500,0.0,0.0
2002-04-29 00:00:00+09:00,342.8843078613281,342.8843078613281,342.8843078613281,342.8843078613281,0,0.0,0.0
2002-04-30 00:00:00+09:00,342.8843078613281,349.4782368586613,342.8843078613281,342.8843078613281,0,0.0,0.0
2002-05-01 00:00:00+09:00,342.8843078613281,349.4782368586613,342.8843078613281,342.8843078613281,0,0.0,0.0
2002-05-02 00:00:00+09:00,342.8843078613281,349.4782368586613,342.8843078613281,342.8843078613281,0,0.0,0.0
2002-05-03 00:00:00+09:00,342.8843078613281,342.8843078613281,342.8843078613281,342.8843078613281,0,0.0,0.0
2002-05-06 00:00:00+09:00,342.8843078613281,342.8843078613281,342.8843078613281,342.8843078613281,0,0.0,0.0
2002-05-07 00:00:00+09:00,342.8843078613281,342.8843078613281,342.8843078613281,342.8843078613281,3500,0.0,0.0
2002-05-08 00:00:00+09:00,329.6964537422612,349.4782409667969,329.6964537422612,349.4782409667969,2000,0.0,0.0
2002-05-09 00:00:00+09:00,329.6965026855469,356.07222290039067,329.6965026855469,329.6965026855469,0,0.0,0.0
2002-05-10 00:00:00+09:00,336.2904357910156,356.07222613166357,336.2904357910156,336.2904357910156,0,0.0,0.0
2002-05-13 00:00:00+09:00,342.8843078613281,342.8843078613281,336.2903788639949,342.8843078613281,4500,0.0,0.0
2002-05-14 00:00:00+09:00,349.4782368586613,349.4782368586613,342.8843078613281,342.8843078613281,1000,0.0,0.0
2002-05-15 00:00:00+09:00,341.5655260769826,362.6660991164873,341.5655260769826,349.4782409667969,21000,0.0,0.0
2002-05-16 00:00:00+09:00,336.2904357910156,356.07222613166357,336.2904357910156,336.2904357910156,0,0.0,0.0
2002-05-17 00:00:00+09:00,336.2904357910156,356.07222613166357,336.2904357910156,336.2904357910156,0,0.0,0.0
2002-05-20 00:00:00+09:00,346.8406982421875,356.0721997163142,346.8406982421875,346.8406982421875,0,0.0,0.0
2002-05-21 00:00:00+09:00,349.4782409667969,349.4782409667969,349.4782409667969,349.4782409667969,500,0.0,0.0
2002-05-22 00:00:00+09:00,346.8406982421875,346.8406982421875,346.8406982421875,346.8406982421875,500,0.0,0.0
2002-05-23 00:00:00+09:00,336.2904357910156,356.07222613166357,336.2904357910156,336.2904357910156,0,0.0,0.0
2002-05-24 00:00:00+09:00,349.4782524108887,369.2600402832031,349.4782524108887,369.2600402832031,10500,0.0,0.0
2002-05-27 00:00:00+09:00,356.07216585599457,356.07216585599457,342.8843078613281,342.8843078613281,1500,0.0,0.0
2002-05-28 00:00:00+09:00,336.29038281710643,349.4782409667969,336.29038281710643,349.4782409667969,3000,0.0,0.0
2002-05-29 00:00:00+09:00,342.8843659045649,349.47829601811424,336.2904357910156,336.2904357910156,4500,0.0,0.0
2002-05-30 00:00:00+09:00,342.8843078613281,342.8843078613281,342.8843078613281,342.8843078613281,500,0.0,0.0
2002-05-31 00:00:00+09:00,329.6965026855469,356.07222290039067,329.6965026855469,329.6965026855469,0,0.0,0.0
2002-06-03 00:00:00+09:00,329.6965026855469,356.07222290039067,329.6965026855469,329.6965026855469,0,0.0,0.0
2002-06-04 00:00:00+09:00,356.07216585599457,356.07216585599457,329.6964498666616,342.8843078613281,2500,0.0,0.0
2002-06-05 00:00:00+09:00,342.8843078613281,344.20309366079476,342.8843078613281,342.8843078613281,2000,0.0,0.0
2002-06-06 00:00:00+09:00,323.10260009765625,349.4783225546078,323.10260009765625,323.10260009765625,0,0.0,0.0
2002-06-07 00:00:00+09:00,323.10260009765625,349.4783225546078,323.10260009765625,323.10260009765625,0,0.0,0.0
2002-06-10 00:00:00+09:00,329.6965026855469,329.6965026855469,329.6965026855469,329.6965026855469,500,0.0,0.0
2002-06-11 00:00:00+09:00,336.2904357910156,356.07222613166357,336.2904357910156,336.2904357910156,0,0.0,0.0
2002-06-12 00:00:00+09:00,336.2904357910156,336.2904357910156,336.2904357910156,336.2904357910156,500,0.0,0.0
2002-06-13 00:00:00+09:00,342.8843078613281,342.8843078613281,342.8843078613281,342.8843078613281,500,0.0,0.0
2002-06-14 00:00:00+09:00,336.2903788639949,342.8843078613281,336.2903788639949,342.8843078613281,1000,0.0,0.0
2002-06-17 00:00:00+09:00,329.6964498666616,362.6660948533278,329.6964498666616,342.8843078613281,20500,0.0,0.0
2002-06-18 00:00:00+09:00,323.10260009765625,349.4783225546078,323.10260009765625,323.10260009765625,0,0.0,0.0
2002-06-19 00:00:00+09:00,323.10260009765625,349.4783225546078,323.10260009765625,323.10260009765625,0,0.0,0.0
2002-06-20 00:00:00+09:00,336.2904327392578,336.2904327392578,329.6965026855469,329.6965026855469,4500,0.0,0.0
2002-06-21 00:00:00+09:00,324.4213615866268,336.2904357910156,324.4213615866268,336.2904357910156,1000,0.0,0.0
2002-06-24 00:00:00+09:00,336.2904357910156,336.2904357910156,336.2904357910156,336.2904357910156,500,0.0,0.0
2002-06-25 00:00:00+09:00,336.2904357910156,356.07222613166357,329.6965056774663,336.2904357910156,13500,0.0,0.0
2002-06-26 00:00:00+09:00,316.508544921875,342.88425699869794,316.508544921875,316.508544921875,0,0.0,0.0
2002-06-27 00:00:00+09:00,316.508544921875,342.88425699869794,316.508544921875,316.508544921875,0,0.0,0.0
2002-06-28 00:00:00+09:00,316.5086454503676,336.2904357910156,316.5086454503676,336.2904357910156,3500,0.0,0.0
2002-07-01 00:00:00+09:00,329.6965026855469,329.6965026855469,323.102572631836,329.6965026855469,1000,0.0,0.0
2002-07-02 00:00:00+09:00,356.07216585599457,356.07216585599457,342.8843078613281,342.8843078613281,4500,0.0,0.0
2002-07-03 00:00:00+09:00,342.8843078613281,356.07216585599457,342.8843078613281,342.8843078613281,0,0.0,0.0
2002-07-04 00:00:00+09:00,342.8843078613281,356.07216585599457,342.8843078613281,342.8843078613281,0,0.0,0.0
2002-07-05 00:00:00+09:00,342.8843078613281,356.07216585599457,342.8843078613281,342.8843078613281,0,0.0,0.0
2002-07-08 00:00:00+09:00,342.8843627929688,342.8843627929688,323.102572631836,329.6965026855469,6000,0.0,0.0
2002-07-09 00:00:00+09:00,329.6965026855469,329.6965026855469,329.6965026855469,329.6965026855469,1000,0.0,0.0
2002-07-10 00:00:00+09:00,329.6965026855469,329.6965026855469,329.6965026855469,329.6965026855469,1000,0.0,0.0
2002-07-11 00:00:00+09:00,336.2904327392578,336.2904327392578,329.6965026855469,329.6965026855469,2000,0.0,0.0
2002-07-12 00:00:00+09:00,329.6965026855469,329.6965026855469,329.6965026855469,329.6965026855469,500,0.0,0.0
2002-07-15 00:00:00+09:00,329.6965026855469,362.66615295410156,329.6965026855469,329.6965026855469,22000,0.0,0.0
2002-07-16 00:00:00+09:00,329.6965026855469,329.6965026855469,329.6965026855469,329.6965026855469,2000,0.0,0.0
2002-07-17 00:00:00+09:00,329.6965026855469,356.07222290039067,329.6965026855469,329.6965026855469,0,0.0,0.0
2002-07-18 00:00:00+09:00,329.6965026855469,329.6965026855469,329.6965026855469,329.6965026855469,500,0.0,0.0
2002-07-19 00:00:00+09:00,342.8843078613281,342.8843078613281,342.8843078613281,342.8843078613281,1000,0.0,0.0
2002-07-22 00:00:00+09:00,349.4782409667969,349.4782409667969,349.4782409667969,349.4782409667969,500,0.0,0.0
2002-07-23 00:00:00+09:00,342.8843078613281,369.260023850661,342.8843078613281,342.8843078613281,37500,0.0,0.0
2002-07-24 00:00:00+09:00,356.07220458984375,356.07220458984375,356.07220458984375,356.07220458984375,2000,0.0,0.0
2002-07-25 00:00:00+09:00,356.0722431383635,390.3606813665022,356.0722431383635,375.8540344238281,29000,0.0,0.0
2002-07-26 00:00:00+09:00,356.07220458984375,356.07220458984375,356.07220458984375,356.07220458984375,500,0.0,0.0
2002-07-29 00:00:00+09:00,349.4782368586613,349.4782368586613,342.8843078613281,342.8843078613281,3000,0.0,0.0
2002-07-30 00:00:00+09:00,356.07216585599457,356.07216585599457,342.8843078613281,342.8843078613281,12500,0.0,0.0
2002-07-31 00:00:00+09:00,342.8843078613281,342.8843078613281,342.8843078613281,342.8843078613281,3000,0.0,0.0
2002-08-01 00:00:00+09:00,342.8843078613281,342.8843078613281,342.8843078613281,342.8843078613281,1000,0.0,0.0
2002-08-02 00:00:00+09:00,356.0721945762634,356.0721945762634,337.60919189453125,337.60919189453125,1500,0.0,0.0
2002-08-05 00:00:00+09:00,336.2904357910156,356.07222613166357,336.2904357910156,336.2904357910156,0,0.0,0.0
2002-08-06 00:00:00+09:00,336.2904357910156,356.07222613166357,336.2904357910156,336.2904357910156,0,0.0,0.0
2002-08-07 00:00:00+09:00,336.2904357910156,336.2904357910156,336.2904357910156,336.2904357910156,1500,0.0,0.0
2002-08-08 00:00:00+09:00,336.2904357910156,336.2904357910156,336.2904357910156,336.2904357910156,1000,0.0,0.0
2002-08-09 00:00:00+09:00,342.8843078613281,342.8843078613281,336.2903788639949,342.8843078613281,2500,0.0,0.0
2002-08-12 00:00:00+09:00,342.8843078613281,342.8843078613281,342.8843078613281,342.8843078613281,500,0.0,0.0
2002-08-13 00:00:00+09:00,336.2904357910156,356.07222613166357,336.2904357910156,336.2904357910156,0,0.0,0.0
2002-08-14 00:00:00+09:00,336.2903788639949,342.8843078613281,336.2903788639949,342.8843078613281,5500,0.0,0.0
2002-08-15 00:00:00+09:00,356.0721700416421,356.0721700416421,349.4782409667969,349.4782409667969,13000,0.0,0.0
2002-08-16 00:00:00+09:00,342.8843078613281,342.8843078613281,342.8843078613281,342.8843078613281,1000,0.0,0.0
2002-08-19 00:00:00+09:00,349.47827487521704,356.07220458984375,349.47827487521704,356.07220458984375,10000,0.0,0.0
2002-08-20 00:00:00+09:00,342.8843078613281,342.8843078613281,342.8843078613281,342.8843078613281,500,0.0,0.0
2002-08-21 00:00:00+09:00,342.8843078613281,356.07216585599457,342.8843078613281,342.8843078613281,0,0.0,0.0
2002-08-22 00:00:00+09:00,356.07220458984375,356.07220458984375,356.07220458984375,356.07220458984375,10500,0.0,0.0
2002-08-23 00:00:00+09:00,356.07220458984375,356.07220458984375,356.07220458984375,356.07220458984375,0,0.0,0.0
2002-08-26 00:00:00+09:00,342.8843078613281,362.6660948533278,342.8843078613281,342.8843078613281,0,0.0,0.0
2002-08-27 00:00:00+09:00,349.4782409667969,349.4782409667969,349.4782409667969,349.4782409667969,1000,0.0,0.0
2002-08-28 00:00:00+09:00,342.8843078613281,342.8843078613281,342.8843078613281,342.8843078613281,1500,0.0,0.0
2002-08-29 00:00:00+09:00,342.8843078613281,342.8843078613281,342.8843078613281,342.8843078613281,1000,0.0,0.0
2002-08-30 00:00:00+09:00,342.8843078613281,342.8843078613281,342.8843078613281,342.8843078613281,1000,0.0,0.0
2002-09-02 00:00:00+09:00,342.8843078613281,369.260023850661,342.8843078613281,342.8843078613281,0,0.0,0.0
2002-09-03 00:00:00+09:00,369.2600402832031,369.2600402832031,369.2600402832031,369.2600402832031,500,0.0,0.0
2002-09-04 00:00:00+09:00,336.2904357910156,356.07222613166357,336.2904357910156,336.2904357910156,0,0.0,0.0
2002-09-05 00:00:00+09:00,336.2904357910156,336.2904357910156,336.2904357910156,336.2904357910156,500,0.0,0.0
2002-09-06 00:00:00+09:00,329.6965056774663,342.8843659045649,329.6965056774663,336.2904357910156,2500,0.0,0.0
2002-09-09 00:00:00+09:00,329.6965026855469,356.07222290039067,329.6965026855469,329.6965026855469,0,0.0,0.0
2002-09-10 00:00:00+09:00,329.6965026855469,356.07222290039067,329.6965026855469,329.6965026855469,0,0.0,0.0
2002-09-11 00:00:00+09:00,329.6965026855469,356.07222290039067,329.6965026855469,329.6965026855469,0,0.0,0.0
2002-09-12 00:00:00+09:00,316.508544921875,342.88425699869794,316.508544921875,316.508544921875,0,0.0,0.0
2002-09-13 00:00:00+09:00,309.9147033691406,342.88435266373006,309.9147033691406,309.9147033691406,0,0.0,0.0
2002-09-16 00:00:00+09:00,309.9147033691406,309.9147033691406,309.9147033691406,309.9147033691406,0,0.0,0.0
2002-09-17 00:00:00+09:00,329.6965026855469,342.8843627929688,323.102572631836,329.6965026855469,18500,0.0,0.0
2002-09-18 00:00:00+09:00,329.6965026855469,329.6965026855469,329.6965026855469,329.6965026855469,500,0.0,0.0
2002-09-19 00:00:00+09:00,323.102572631836,329.6965026855469,323.102572631836,329.6965026855469,1000,0.0,0.0
2002-09-20 00:00:00+09:00,316.508544921875,316.508544921875,316.508544921875,316.508544921875,500,0.0,0.0
2002-09-23 00:00:00+09:00,316.508544921875,316.508544921875,316.508544921875,316.508544921875,0,0.0,0.0
2002-09-24 00:00:00+09:00,309.9147033691406,329.69649294589425,309.9147033691406,309.9147033691406,0,0.0,0.0
2002-09-25 00:00:00+09:00,342.8843627929688,342.8843627929688,329.6965026855469,329.6965026855469,7000,0.0,0.0
2002-09-26 00:00:00+09:00,323.10260009765625,342.8843919403699,323.10260009765625,323.10260009765625,0,0.0,0.0
2002-09-27 00:00:00+09:00,323.10247294108075,323.10247294108075,309.91461690266925,316.508544921875,1500,0.0,0.0
2002-09-30 00:00:00+09:00,323.10260009765625,323.10260009765625,323.10260009765625,323.10260009765625,500,0.0,0.0
2002-10-01 00:00:00+09:00,323.10260009765625,323.10260009765625,323.10260009765625,323.10260009765625,1000,0.0,0.0
2002-10-02 00:00:00+09:00,329.6965307118941,329.6965307118941,316.5086694834184,323.10260009765625,3000,0.0,0.0
2002-10-03 00:00:00+09:00,316.508544921875,316.508544921875,316.508544921875,316.508544921875,500,0.0,0.0
2002-10-04 00:00:00+09:00,303.32073974609375,329.69645624575406,303.32073974609375,303.32073974609375,0,0.0,0.0
2002-10-07 00:00:00+09:00,303.32073974609375,329.69645624575406,303.32073974609375,303.32073974609375,0,0.0,0.0
2002-10-08 00:00:00+09:00,303.32073974609375,303.32073974609375,303.32073974609375,303.32073974609375,1500,0.0,0.0
2002-10-09 00:00:00+09:00,303.32073974609375,303.32073974609375,303.32073974609375,303.32073974609375,2000,0.0,0.0
2002-10-10 00:00:00+09:00,303.32076476500913,303.32076476500913,292.7704772949219,292.7704772949219,4000,0.0,0.0
2002-10-11 00:00:00+09:00,296.7268007610916,296.7268007610916,287.49530029296875,287.49530029296875,1500,0.0,0.0
2002-10-14 00:00:00+09:00,287.49530029296875,287.49530029296875,287.49530029296875,287.49530029296875,0,0.0,0.0
2002-10-15 00:00:00+09:00,290.13283284505206,332.33397216796874,290.13283284505206,316.508544921875,25000,0.0,0.0
2002-10-16 00:00:00+09:00,290.1329040527344,327.0589100230824,290.1329040527344,290.1329040527344,0,0.0,0.0
2002-10-17 00:00:00+09:00,290.1329040527344,327.0589100230824,290.1329040527344,290.1329040527344,0,0.0,0.0
2002-10-18 00:00:00+09:00,290.13288149626356,316.5085979959239,290.13288149626356,303.32073974609375,2000,0.0,0.0
2002-10-21 00:00:00+09:00,283.5389709472656,309.91468917491824,283.5389709472656,283.5389709472656,0,0.0,0.0
2002-10-22 00:00:00+09:00,283.5389709472656,309.91468917491824,283.5389709472656,283.5389709472656,0,0.0,0.0
2002-10-23 00:00:00+09:00,283.5389709472656,296.7268300610919,283.5389709472656,283.5389709472656,2500,0.0,0.0
2002-10-24 00:00:00+09:00,290.1329040527344,290.1329040527344,290.1329040527344,290.1329040527344,1000,0.0,0.0
2002-10-25 00:00:00+09:00,290.13283284505206,320.46490173339845,290.13283284505206,316.508544921875,11500,0.0,0.0
2002-10-28 00:00:00+09:00,303.32073974609375,303.32073974609375,303.32073974609375,303.32073974609375,500,0.0,0.0
2002-10-29 00:00:00+09:00,296.72686767578125,316.50865885416664,296.72686767578125,296.72686767578125,0,0.0,0.0
2002-10-30 00:00:00+09:00,303.32073974609375,303.32073974609375,303.32073974609375,303.32073974609375,1000,0.0,0.0
2002-10-31 00:00:00+09:00,303.32073974609375,303.32073974609375,303.32073974609375,303.32073974609375,500,0.0,0.0
2002-11-01 00:00:00+09:00,290.1329040527344,290.1329040527344,290.1329040527344,290.1329040527344,500,0.0,0.0
2002-11-04 00:00:00+09:00,290.1329040527344,290.1329040527344,290.1329040527344,290.1329040527344,0,0.0,0.0
2002-11-05 00:00:00+09:00,296.72683369029653,296.72683369029653,290.1329040527344,290.1329040527344,6000,0.0,0.0
2002-11-06 00:00:00+09:00,290.1329040527344,290.1329040527344,290.1329040527344,290.1329040527344,1000,0.0,0.0
2002-11-07 00:00:00+09:00,276.94504139035246,283.5389709472656,276.94504139035246,283.5389709472656,1000,0.0,0.0
2002-11-08 00:00:00+09:00,276.94509664395963,276.94509664395963,270.3511657714844,270.3511657714844,3500,0.0,0.0
2002-11-11 00:00:00+09:00,275.6261912027995,276.9449768066406,275.6261912027995,276.9449768066406,2000,0.0,0.0
2002-11-12 00:00:00+09:00,265.0759582519531,290.1328896290034,265.0759582519531,265.0759582519531,0,0.0,0.0
2002-11-13 00:00:00+09:00,266.394775390625,290.1329236927599,266.394775390625,266.394775390625,0,0.0,0.0
2002-11-14 00:00:00+09:00,290.1329040527344,290.1329040527344,290.1329040527344,290.1329040527344,1000,0.0,0.0
2002-11-15 00:00:00+09:00,290.1329040527344,308.5959070379084,276.94504477761006,290.1329040527344,26500,0.0,0.0
2002-11-18 00:00:00+09:00,283.5389709472656,303.32075961800507,283.5389709472656,283.5389709472656,0,0.0,0.0
2002-11-19 00:00:00+09:00,283.53892669677737,283.53892669677737,259.800783996582,263.75714111328125,4500,0.0,0.0
2002-11-20 00:00:00+09:00,263.75716265510107,263.75716265510107,224.19358825683594,224.19358825683594,10000,0.0,0.0
2002-11-21 00:00:00+09:00,237.38146169562086,250.5693206787109,237.38146169562086,250.56932067871094,3500,0.0,0.0
2002-11-22 00:00:00+09:00,243.97534754887926,251.8880615234375,243.97534754887926,251.8880615234375,5500,0.0,0.0
2002-11-25 00:00:00+09:00,243.9753875732422,251.8881028458879,230.78752878549938,243.9753875732422,22000,0.0,0.0
2002-11-26 00:00:00+09:00,243.9753875732422,243.9753875732422,243.9753875732422,243.9753875732422,1500,0.0,0.0
2002-11-27 00:00:00+09:00,243.9753875732422,243.9753875732422,243.9753875732422,243.9753875732422,2500,0.0,0.0
2002-11-28 00:00:00+09:00,243.9753875732422,243.9753875732422,243.9753875732422,243.9753875732422,3000,0.0,0.0
2002-11-29 00:00:00+09:00,243.9753875732422,247.93174520956504,237.38145817937078,243.9753875732422,10000,0.0,0.0
2002-12-02 00:00:00+09:00,243.9753875732422,243.9753875732422,243.9753875732422,243.9753875732422,0,0.0,0.0
2002-12-03 00:00:00+09:00,257.1632995605469,257.1632995605469,257.1632995605469,257.1632995605469,500,0.0,0.0
2002-12-04 00:00:00+09:00,250.5693206787109,257.16325017025594,250.5693206787109,250.56932067871094,0,0.0,0.0
2002-12-05 00:00:00+09:00,250.5693206787109,257.16325017025594,250.5693206787109,250.56932067871094,0,0.0,0.0
2002-12-06 00:00:00+09:00,250.5693206787109,250.5693206787109,250.5693206787109,250.56932067871094,1500,0.0,0.0
2002-12-09 00:00:00+09:00,257.16323694416894,257.16323694416894,254.5256652832031,254.52566528320312,1000,0.0,0.0
2002-12-10 00:00:00+09:00,257.1632995605469,257.1632995605469,257.1632995605469,257.1632995605469,3000,0.0,0.0
2002-12-11 00:00:00+09:00,257.1632995605469,257.1632995605469,250.56936880258414,257.1632995605469,2000,0.0,0.0
2002-12-12 00:00:00+09:00,250.5693206787109,257.16325017025594,250.5693206787109,250.56932067871094,5500,0.0,0.0
2002-12-13 00:00:00+09:00,257.16325017025594,257.16325017025594,250.5693206787109,250.56932067871094,3000,0.0,0.0
2002-12-16 00:00:00+09:00,250.56928405761718,274.3074267578125,250.56928405761718,263.75714111328125,19500,0.0,0.0
2002-12-17 00:00:00+09:00,257.1632995605469,257.1632995605469,257.1632995605469,257.1632995605469,500,0.0,0.0
2002-12-18 00:00:00+09:00,257.1632995605469,257.1632995605469,257.1632995605469,257.1632995605469,1000,0.0,0.0
2002-12-19 00:00:00+09:00,257.16325017025594,257.16325017025594,250.5693206787109,250.56932067871094,1000,0.0,0.0
2002-12-20 00:00:00+09:00,250.5693206787109,263.757179661801,250.5693206787109,250.56932067871094,0,0.0,0.0
2002-12-23 00:00:00+09:00,250.5693206787109,250.5693206787109,250.5693206787109,250.56932067871094,0,0.0,0.0
2002-12-24 00:00:00+09:00,250.5693206787109,263.757179661801,250.5693206787109,250.56932067871094,0,0.0,0.0
2002-12-25 00:00:00+09:00,263.7571855024858,290.1329040527344,261.11961364746094,290.1329040527344,13500,0.0,0.0
2002-12-26 00:00:00+09:00,288.8141174316406,288.8141174316406,288.8141174316406,288.8141174316406,1000,0.0,0.0
2002-12-27 00:00:00+09:00,290.1329040527344,290.1329040527344,290.1329040527344,290.1329040527344,500,0.0,0.0
2002-12-30 00:00:00+09:00,290.1329040527344,290.1329040527344,290.1329040527344,290.1329040527344,500,0.0,0.0
2002-12-31 00:00:00+09:00,290.1329040527344,290.1329040527344,290.1329040527344,290.1329040527344,0,0.0,0.0
2003-01-01 00:00:00+09:00,290.1329040527344,290.1329040527344,290.1329040527344,290.1329040527344,0,0.0,0.0
2003-01-02 00:00:00+09:00,290.1329040527344,290.1329040527344,290.1329040527344,290.1329040527344,0,0.0,0.0
2003-01-03 00:00:00+09:00,290.1329040527344,290.1329040527344,290.1329040527344,290.1329040527344,0,0.0,0.0
2003-01-06 00:00:00+09:00,290.1329040527344,315.18983667547053,290.1329040527344,290.1329040527344,0,0.0,0.0
2003-01-07 00:00:00+09:00,316.508544921875,316.508544921875,316.508544921875,316.508544921875,500,0.0,0.0
2003-01-08 00:00:00+09:00,309.9147033691406,309.9147033691406,309.9147033691406,309.9147033691406,1000,0.0,0.0
2003-01-09 00:00:00+09:00,303.32073974609375,315.18981217094085,303.32073974609375,303.32073974609375,0,0.0,0.0
2003-01-10 00:00:00+09:00,303.32073974609375,315.18981217094085,303.32073974609375,303.32073974609375,0,0.0,0.0
2003-01-13 00:00:00+09:00,303.32073974609375,303.32073974609375,303.32073974609375,303.32073974609375,0,0.0,0.0
2003-01-14 00:00:00+09:00,315.1898594276578,342.8843659045649,315.1898594276578,336.2904357910156,7000,0.0,0.0
2003-01-15 00:00:00+09:00,349.4782524108887,375.8539695739746,349.4782524108887,369.2600402832031,19000,0.0,0.0
2003-01-16 00:00:00+09:00,369.2600402832031,369.2600402832031,369.2600402832031,369.2600402832031,2500,0.0,0.0
2003-01-17 00:00:00+09:00,369.2600674715909,369.2600674715909,362.6661376953125,362.6661376953125,1500,0.0,0.0
2003-01-20 00:00:00+09:00,356.0721700416421,356.0721700416421,349.4782409667969,349.4782409667969,1500,0.0,0.0
2003-01-21 00:00:00+09:00,336.2904327392578,349.4782928466797,329.6965026855469,329.6965026855469,2500,0.0,0.0
2003-01-22 00:00:00+09:00,323.10260009765625,336.290461326132,323.10260009765625,323.10260009765625,0,0.0,0.0
2003-01-23 00:00:00+09:00,323.10260009765625,323.10260009765625,323.10260009765625,323.10260009765625,1500,0.0,0.0
2003-01-24 00:00:00+09:00,336.2903788639949,360.0285232543945,329.6964498666616,342.8843078613281,14500,0.0,0.0
2003-01-27 00:00:00+09:00,329.6965026855469,356.07222290039067,329.6965026855469,329.6965026855469,0,0.0,0.0
2003-01-28 00:00:00+09:00,336.2904357910156,342.8843659045649,336.2904357910156,336.2904357910156,3000,0.0,0.0
2003-01-29 00:00:00+09:00,316.508544921875,342.88425699869794,316.508544921875,316.508544921875,0,0.0,0.0
2003-01-30 00:00:00+09:00,316.508544921875,342.88425699869794,316.508544921875,316.508544921875,0,0.0,0.0
2003-01-31 00:00:00+09:00,316.508544921875,342.88425699869794,316.508544921875,316.508544921875,0,0.0,0.0
2003-02-03 00:00:00+09:00,316.50864257812503,329.6965026855469,316.50864257812503,329.6965026855469,1500,0.0,0.0
2003-02-04 00:00:00+09:00,329.69640096028644,329.69640096028644,316.508544921875,316.508544921875,1000,0.0,0.0
2003-02-05 00:00:00+09:00,316.508544921875,329.69640096028644,316.508544921875,316.508544921875,0,0.0,0.0
2003-02-06 00:00:00+09:00,316.508544921875,329.69640096028644,316.508544921875,316.508544921875,0,0.0,0.0
2003-02-07 00:00:00+09:00,316.508544921875,329.69640096028644,316.508544921875,316.508544921875,0,0.0,0.0
2003-02-10 00:00:00+09:00,323.10260009765625,329.6965307118941,323.10260009765625,323.10260009765625,2500,0.0,0.0
2003-02-11 00:00:00+09:00,323.10260009765625,323.10260009765625,323.10260009765625,323.10260009765625,0,0.0,0.0
2003-02-12 00:00:00+09:00,329.6965307118941,329.6965307118941,323.10260009765625,323.10260009765625,2000,0.0,0.0
2003-02-13 00:00:00+09:00,323.10260009765625,329.6965307118941,323.10260009765625,323.10260009765625,0,0.0,0.0
2003-02-14 00:00:00+09:00,329.6965026855469,329.6965026855469,329.6965026855469,329.6965026855469,6500,0.0,0.0
2003-02-17 00:00:00+09:00,327.05889818446354,356.07218753953697,325.7401123046875,325.7401123046875,22500,0.0,0.0
2003-02-18 00:00:00+09:00,323.10260009765625,342.8843919403699,323.10260009765625,323.10260009765625,0,0.0,0.0
2003-02-19 00:00:00+09:00,323.10260009765625,342.8843919403699,323.10260009765625,323.10260009765625,0,0.0,0.0
2003-02-20 00:00:00+09:00,323.10260009765625,342.8843919403699,323.10260009765625,323.10260009765625,0,0.0,0.0
2003-02-21 00:00:00+09:00,329.69640096028644,329.69640096028644,309.91461690266925,316.508544921875,10000,0.0,0.0
2003-02-24 00:00:00+09:00,309.9146688710088,309.9146688710088,296.72681062117863,303.32073974609375,5000,0.0,0.0
2003-02-25 00:00:00+09:00,329.6965307118941,329.6965307118941,316.5086694834184,323.10260009765625,11500,0.0,0.0
2003-02-26 00:00:00+09:00,303.32073974609375,329.69645624575406,303.32073974609375,303.32073974609375,0,0.0,0.0
2003-02-27 00:00:00+09:00,303.32073974609375,329.69645624575406,303.32073974609375,303.32073974609375,0,0.0,0.0
2003-02-28 00:00:00+09:00,303.32073974609375,327.058884595788,303.32073974609375,303.32073974609375,0,0.0,0.0
2003-03-03 00:00:00+09:00,303.32073974609375,329.69645624575406,303.32073974609375,303.32073974609375,0,0.0,0.0
2003-03-04 00:00:00+09:00,329.6965026855469,329.6965026855469,329.6965026855469,329.6965026855469,1000,0.0,0.0
2003-03-05 00:00:00+09:00,316.508544921875,316.508544921875,316.508544921875,316.508544921875,1000,0.0,0.0
2003-03-06 00:00:00+09:00,316.508544921875,329.69640096028644,316.508544921875,316.508544921875,0,0.0,0.0
2003-03-07 00:00:00+09:00,316.508544921875,316.508544921875,316.508544921875,316.508544921875,2000,0.0,0.0
2003-03-10 00:00:00+09:00,304.6395255710768,316.5085979959239,303.32073974609375,303.32073974609375,8500,0.0,0.0
2003-03-11 00:00:00+09:00,296.72686767578125,296.72686767578125,296.72686767578125,296.72686767578125,2000,0.0,0.0
2003-03-12 00:00:00+09:00,292.77050944010415,296.72686767578125,292.77050944010415,296.72686767578125,1000,0.0,0.0
2003-03-13 00:00:00+09:00,303.3207735102227,309.9147033691406,303.3207735102227,309.9147033691406,4000,0.0,0.0
2003-03-14 00:00:00+09:00,316.508544921875,316.508544921875,316.508544921875,316.508544921875,500,0.0,0.0
2003-03-17 00:00:00+09:00,316.50865885416664,338.9280221896701,296.72686767578125,296.72686767578125,20000,0.0,0.0
2003-03-18 00:00:00+09:00,296.72686767578125,296.72686767578125,296.72686767578125,296.72686767578125,500,0.0,0.0
2003-03-19 00:00:00+09:00,298.0456237792969,316.5086270222622,298.0456237792969,298.0456237792969,0,0.0,0.0
2003-03-20 00:00:00+09:00,307.277099609375,307.277099609375,307.277099609375,307.277099609375,1500,0.0,0.0
2003-03-21 00:00:00+09:00,307.277099609375,307.277099609375,307.277099609375,307.277099609375,0,0.0,0.0
2003-03-24 00:00:00+09:00,323.10260009765625,323.10260009765625,323.10260009765625,323.10260009765625,1000,0.0,0.0
2003-03-25 00:00:00+09:00,323.10247294108075,323.10247294108075,303.32068888346356,316.508544921875,22500,0.0,0.0
2003-03-26 00:00:00+09:00,296.305908203125,296.305908203125,296.305908203125,296.305908203125,500,10.0,0.0
2003-03-27 00:00:00+09:00,303.0401333895597,303.0401333895597,296.305908203125,296.305908203125,2500,0.0,0.0
2003-03-28 00:00:00+09:00,296.30596516927085,303.0401916503906,296.30596516927085,303.0401916503906,1500,0.0,0.0
2003-03-31 00:00:00+09:00,297.6528015136719,304.38702779226173,297.6528015136719,297.6528015136719,0,0.0,0.0
2003-04-01 00:00:00+09:00,297.6528015136719,297.6528015136719,289.571729979364,297.6528015136719,4500,0.0,0.0
2003-04-02 00:00:00+09:00,297.6528015136719,297.6528015136719,297.6528015136719,297.6528015136719,1000,0.0,0.0
2003-04-03 00:00:00+09:00,289.5716857910156,297.65275609216025,289.5716857910156,289.5716857910156,0,0.0,0.0
2003-04-04 00:00:00+09:00,296.305908203125,296.305908203125,296.305908203125,296.305908203125,1000,0.0,0.0
2003-04-07 00:00:00+09:00,289.5716857910156,297.65275609216025,289.5716857910156,289.5716857910156,0,0.0,0.0
2003-04-08 00:00:00+09:00,289.5716857910156,297.65275609216025,289.5716857910156,289.5716857910156,0,0.0,0.0
2003-04-09 00:00:00+09:00,297.6528015136719,297.6528015136719,296.3059562579539,297.6528015136719,6500,0.0,0.0
2003-04-10 00:00:00+09:00,303.0401916503906,303.0401916503906,303.0401916503906,303.0401916503906,500,0.0,0.0
2003-04-11 00:00:00+09:00,296.305908203125,316.508583762429,296.305908203125,296.305908203125,0,0.0,0.0
2003-04-14 00:00:00+09:00,316.5085754394531,316.5085754394531,316.5085754394531,316.5085754394531,2500,0.0,0.0
2003-04-15 00:00:00+09:00,323.2428004488032,350.17970048620344,316.5085754394531,316.5085754394531,27000,0.0,0.0
2003-04-16 00:00:00+09:00,309.7744181315104,309.7744181315104,289.571738688151,303.0401916503906,6500,0.0,0.0
2003-04-17 00:00:00+09:00,303.0401916503906,323.24287109375,303.0401916503906,303.0401916503906,0,0.0,0.0
2003-04-18 00:00:00+09:00,303.0401916503906,323.24287109375,303.0401916503906,303.0401916503906,0,0.0,0.0
2003-04-21 00:00:00+09:00,303.0401916503906,323.24287109375,303.0401916503906,303.0401916503906,0,0.0,0.0
2003-04-22 00:00:00+09:00,303.0401916503906,303.0401916503906,303.0401916503906,303.0401916503906,500,0.0,0.0
2003-04-23 00:00:00+09:00,304.38702392578125,323.2428572663163,304.38702392578125,304.38702392578125,0,0.0,0.0
2003-04-24 00:00:00+09:00,323.2428283691406,323.2428283691406,323.2428283691406,323.2428283691406,2500,0.0,0.0
2003-04-25 00:00:00+09:00,336.7112795511881,336.7112795511881,323.2428283691406,323.2428283691406,11000,0.0,0.0
2003-04-28 00:00:00+09:00,311.1213073730469,311.1213073730469,311.1213073730469,311.1213073730469,500,0.0,0.0
2003-04-29 00:00:00+09:00,311.1213073730469,311.1213073730469,311.1213073730469,311.1213073730469,0,0.0,0.0
2003-04-30 00:00:00+09:00,319.20226544319314,319.20226544319314,316.5085754394531,316.5085754394531,2000,0.0,0.0
2003-05-01 00:00:00+09:00,309.7743835449219,311.1212286907693,309.7743835449219,309.7743835449219,11000,0.0,0.0
2003-05-02 00:00:00+09:00,316.5086446126302,336.71132405598956,303.0401916503906,303.0401916503906,8000,0.0,0.0
2003-05-05 00:00:00+09:00,303.0401916503906,303.0401916503906,303.0401916503906,303.0401916503906,0,0.0,0.0
2003-05-06 00:00:00+09:00,298.99965576171877,303.0401916503906,298.99965576171877,303.0401916503906,2500,0.0,0.0
2003-05-07 00:00:00+09:00,303.0401916503906,303.0401916503906,303.0401916503906,303.0401916503906,500,0.0,0.0
2003-05-08 00:00:00+09:00,309.7743835449219,309.7743835449219,309.7743835449219,309.7743835449219,500,0.0,0.0
2003-05-09 00:00:00+09:00,316.5085754394531,320.54911044506315,316.5085754394531,316.5085754394531,3500,0.0,0.0
2003-05-12 00:00:00+09:00,309.7743835449219,309.7743835449219,309.7743835449219,309.7743835449219,500,0.0,0.0
2003-05-13 00:00:00+09:00,311.1213073730469,319.2023802918273,311.1213073730469,311.1213073730469,0,0.0,0.0
2003-05-14 00:00:00+09:00,311.1213073730469,319.2023802918273,311.1213073730469,311.1213073730469,0,0.0,0.0
2003-05-15 00:00:00+09:00,317.8554372479839,336.7112682711694,309.77436680947585,334.017578125,23000,0.0,0.0
2003-05-16 00:00:00+09:00,315.1617431640625,315.1617431640625,315.1617431640625,315.1617431640625,1000,0.0,0.0
2003-05-19 00:00:00+09:00,309.7743835449219,323.24283500339675,309.7743835449219,309.7743835449219,0,0.0,0.0
2003-05-20 00:00:00+09:00,309.7743835449219,323.24283500339675,309.7743835449219,309.7743835449219,0,0.0,0.0
2003-05-21 00:00:00+09:00,309.774327771417,312.468017578125,309.774327771417,312.468017578125,1000,0.0,0.0
2003-05-22 00:00:00+09:00,315.1617304375831,316.5085754394531,315.1617304375831,316.5085754394531,4000,0.0,0.0
2003-05-23 00:00:00+09:00,323.2428078573258,336.7112581847144,323.2428078573258,328.63018798828125,9500,0.0,0.0
2003-05-26 00:00:00+09:00,316.5085754394531,328.63018045628326,316.5085754394531,316.5085754394531,0,0.0,0.0
2003-05-27 00:00:00+09:00,316.50862354343224,317.85546875,316.50862354343224,317.85546875,3500,0.0,0.0
2003-05-28 00:00:00+09:00,311.1213073730469,311.1213073730469,311.1213073730469,311.1213073730469,1000,0.0,0.0
2003-05-29 00:00:00+09:00,311.121172674771,312.468017578125,311.121172674771,312.468017578125,2500,0.0,0.0
2003-05-30 00:00:00+09:00,311.1213073730469,323.24291675121754,311.1213073730469,311.1213073730469,0,0.0,0.0
2003-06-02 00:00:00+09:00,316.5085754394531,323.2428004488032,316.5085754394531,316.5085754394531,0,0.0,0.0
2003-06-03 00:00:00+09:00,323.2428283691406,323.2428283691406,323.2428283691406,323.2428283691406,500,0.0,0.0
2003-06-04 00:00:00+09:00,323.2428283691406,323.2428283691406,323.2428283691406,323.2428283691406,500,0.0,0.0
2003-06-05 00:00:00+09:00,317.85546875,328.6302304025424,317.85546875,317.85546875,0,0.0,0.0
2003-06-06 00:00:00+09:00,324.58972619628906,336.7113342285156,324.58972619628906,336.7113342285156,21500,0.0,0.0
2003-06-09 00:00:00+09:00,350.1796875,350.1796875,350.1796875,350.1796875,3000,0.0,0.0
2003-06-10 00:00:00+09:00,350.1796875,350.1796875,350.1796875,350.1796875,1000,0.0,0.0
2003-06-11 00:00:00+09:00,350.17974508033603,363.64819681419516,350.17974508033603,356.9139709472656,1500,0.0,0.0
2003-06-12 00:00:00+09:00,363.648193359375,363.648193359375,363.648193359375,363.648193359375,15500,0.0,0.0
2003-06-13 00:00:00+09:00,363.648193359375,377.11664496527777,363.648193359375,363.648193359375,0,0.0,0.0
2003-06-16 00:00:00+09:00,377.1167249177632,390.5851793791119,370.3824976870888,383.8509521484375,20000,0.0,0.0
2003-06-17 00:00:00+09:00,377.11663818359375,377.11663818359375,377.11663818359375,377.11663818359375,2500,0.0,0.0
2003-06-18 00:00:00+09:00,363.648193359375,383.8508707682292,363.648193359375,363.648193359375,0,0.0,0.0
2003-06-19 00:00:00+09:00,363.648193359375,383.8508707682292,363.648193359375,363.648193359375,0,0.0,0.0
2003-06-20 00:00:00+09:00,351.52658691406253,363.648193359375,351.52658691406253,363.648193359375,10000,0.0,0.0
2003-06-23 00:00:00+09:00,366.3419189453125,373.07614539651314,366.3419189453125,366.3419189453125,0,0.0,0.0
2003-06-24 00:00:00+09:00,373.0761885793586,383.8509521484375,373.0761885793586,383.8509521484375,3000,0.0,0.0
2003-06-25 00:00:00+09:00,391.93202482524674,404.0536338404605,383.8509521484375,383.8509521484375,7000,0.0,0.0
2003-06-26 00:00:00+09:00,377.11663818359375,404.05354091099326,377.11663818359375,377.11663818359375,0,0.0,0.0
2003-06-27 00:00:00+09:00,377.11663818359375,377.11663818359375,377.11663818359375,377.11663818359375,1000,0.0,0.0
2003-06-30 00:00:00+09:00,366.3419189453125,366.3419189453125,366.3419189453125,366.3419189453125,1000,0.0,0.0
2003-07-01 00:00:00+09:00,366.3419189453125,366.3419189453125,366.3419189453125,366.3419189453125,2500,0.0,0.0
2003-07-02 00:00:00+09:00,367.68876423555264,382.50406242819395,366.3419189453125,366.3419189453125,2500,0.0,0.0
2003-07-03 00:00:00+09:00,383.8509521484375,386.54464304070723,383.8509521484375,383.8509521484375,3000,0.0,0.0
2003-07-04 00:00:00+09:00,378.4634704589844,390.58507627439667,378.4634704589844,378.4634704589844,0,0.0,0.0
2003-07-07 00:00:00+09:00,378.4634704589844,390.58507627439667,378.4634704589844,378.4634704589844,0,0.0,0.0
2003-07-08 00:00:00+09:00,378.4634704589844,390.58507627439667,378.4634704589844,378.4634704589844,0,0.0,0.0
2003-07-09 00:00:00+09:00,378.4634704589844,390.58507627439667,378.4634704589844,378.4634704589844,0,0.0,0.0
2003-07-10 00:00:00+09:00,390.5850830078125,397.3193085769127,383.85085743871224,390.5850830078125,6500,0.0,0.0
2003-07-11 00:00:00+09:00,389.2381896972656,389.2381896972656,389.2381896972656,389.2381896972656,500,0.0,0.0
2003-07-14 00:00:00+09:00,397.31933593750006,404.053561970339,397.31933593750006,397.3193359375,1500,0.0,0.0
2003-07-15 00:00:00+09:00,404.05368477957586,505.0671059744698,404.05368477957586,471.3959655761719,42000,0.0,0.0
2003-07-16 00:00:00+09:00,460.6210412979126,464.6615767478943,430.9904479980469,430.9904479980469,9000,0.0,0.0
2003-07-17 00:00:00+09:00,417.52200317382807,417.52200317382807,410.7877773161857,417.5220031738281,3000,0.0,0.0
2003-07-18 00:00:00+09:00,430.9904479980469,430.9904479980469,430.9904479980469,430.9904479980469,500,0.0,0.0
2003-07-21 00:00:00+09:00,430.9904479980469,430.9904479980469,430.9904479980469,430.9904479980469,0,0.0,0.0
2003-07-22 00:00:00+09:00,430.99044471153843,437.72467041015625,430.99044471153843,437.72467041015625,1000,0.0,0.0
2003-07-23 00:00:00+09:00,417.52200317382807,417.52200317382807,417.52200317382807,417.5220031738281,500,0.0,0.0
2003-07-24 00:00:00+09:00,417.52199978298614,430.9904513888889,417.52199978298614,424.2562255859375,4000,0.0,0.0
2003-07-25 00:00:00+09:00,484.86420754825366,518.5353330724379,457.92730712890625,457.92730712890625,25500,0.0,0.0
2003-07-28 00:00:00+09:00,457.92740700461644,457.92740700461644,444.4589538574218,444.4589538574219,3000,0.0,0.0
2003-07-29 00:00:00+09:00,451.1931457519531,464.6615978639517,451.1931457519531,451.1931457519531,0,0.0,0.0
2003-07-30 00:00:00+09:00,451.1931457519531,451.1931457519531,451.1931457519531,451.1931457519531,500,0.0,0.0
2003-07-31 00:00:00+09:00,444.4589538574218,444.4589538574218,444.4589538574218,444.4589538574219,1000,0.0,0.0
2003-08-01 00:00:00+09:00,471.3957573385799,478.1299824434168,457.92730712890625,457.92730712890625,6500,0.0,0.0
2003-08-04 00:00:00+09:00,471.3957696898371,472.74261474609375,471.3957696898371,472.74261474609375,1000,0.0,0.0
2003-08-05 00:00:00+09:00,451.1931457519531,464.6615978639517,451.1931457519531,451.1931457519531,0,0.0,0.0
2003-08-06 00:00:00+09:00,451.1931457519531,464.6615978639517,451.1931457519531,451.1931457519531,0,0.0,0.0
2003-08-07 00:00:00+09:00,451.1931457519531,464.6615978639517,451.1931457519531,451.1931457519531,0,0.0,0.0
2003-08-08 00:00:00+09:00,451.1931457519531,451.1931457519531,451.1931457519531,451.1931457519531,500,0.0,0.0
2003-08-11 00:00:00+09:00,437.72467041015625,457.9273475060096,437.72467041015625,437.72467041015625,0,0.0,0.0
2003-08-12 00:00:00+09:00,437.72462458768996,445.8056945800781,437.72462458768996,445.8056945800781,2000,0.0,0.0
2003-08-13 00:00:00+09:00,447.15264448686077,451.19318043101913,444.4589538574218,444.4589538574219,2500,0.0,0.0
2003-08-14 00:00:00+09:00,451.1930820240694,457.92730712890625,451.1930820240694,457.92730712890625,1500,0.0,0.0
2003-08-15 00:00:00+09:00,457.92730712890625,457.92730712890625,457.92730712890625,457.92730712890625,0,0.0,0.0
2003-08-18 00:00:00+09:00,451.1931457519531,451.1931457519531,451.1931457519531,451.1931457519531,500,0.0,0.0
2003-08-19 00:00:00+09:00,437.72467041015625,457.9273475060096,437.72467041015625,437.72467041015625,0,0.0,0.0
2003-08-20 00:00:00+09:00,437.72467041015625,439.0715155498798,432.337289851262,437.72467041015625,2500,0.0,0.0
2003-08-21 00:00:00+09:00,430.9904527368013,433.68414306640625,430.9904527368013,433.68414306640625,1000,0.0,0.0
2003-08-22 00:00:00+09:00,437.7246785608138,437.7246785608138,433.68414306640625,433.68414306640625,1000,0.0,0.0
2003-08-25 00:00:00+09:00,445.8057474833049,471.3958054959418,444.45890232474505,449.8462829589844,6500,0.0,0.0
2003-08-26 00:00:00+09:00,444.4589538574218,444.4589538574218,444.4589538574218,444.4589538574219,500,0.0,0.0
2003-08-27 00:00:00+09:00,430.99044471153843,437.72467041015625,430.99044471153843,437.72467041015625,9000,0.0,0.0
2003-08-28 00:00:00+09:00,430.9904479980469,444.45889949798584,430.9904479980469,430.9904479980469,0,0.0,0.0
2003-08-29 00:00:00+09:00,444.4589538574218,444.4589538574218,444.4589538574218,444.4589538574219,500,0.0,0.0
2003-09-01 00:00:00+09:00,432.3372802734375,451.19311181184287,432.3372802734375,432.3372802734375,0,0.0,0.0
2003-09-02 00:00:00+09:00,432.3372802734375,435.0309704932097,432.3372802734375,432.3372802734375,3500,0.0,0.0
2003-09-03 00:00:00+09:00,430.9904351635514,444.45888626241236,430.9904351635514,432.3372802734375,6000,0.0,0.0
2003-09-04 00:00:00+09:00,432.3372802734375,432.3372802734375,432.3372802734375,432.3372802734375,500,0.0,0.0
2003-09-05 00:00:00+09:00,418.868896484375,437.7247310528034,418.868896484375,418.868896484375,0,0.0,0.0
2003-09-08 00:00:00+09:00,421.5624694824219,437.72460888749873,421.5624694824219,421.5624694824219,0,0.0,0.0
2003-09-09 00:00:00+09:00,421.56253526475695,424.2562255859375,421.56253526475695,424.2562255859375,2500,0.0,0.0
2003-09-10 00:00:00+09:00,418.86883845402645,437.72467041015625,418.86883845402645,437.72467041015625,2000,0.0,0.0
2003-09-11 00:00:00+09:00,430.99037121815286,437.7245957684365,417.5219221175856,422.9093017578125,8000,0.0,0.0
2003-09-12 00:00:00+09:00,417.5219221175856,422.9093017578125,404.0534730170183,422.9093017578125,6500,0.0,0.0
2003-09-15 00:00:00+09:00,422.9093017578125,422.9093017578125,422.9093017578125,422.9093017578125,0,0.0,0.0
2003-09-16 00:00:00+09:00,437.72472728382456,478.1300867254083,424.25627413662994,444.4589538574219,14500,0.0,0.0
2003-09-17 00:00:00+09:00,417.52200317382807,444.45890660439767,417.52200317382807,417.5220031738281,0,0.0,0.0
2003-09-18 00:00:00+09:00,417.52200317382807,444.45890660439767,417.52200317382807,417.5220031738281,0,0.0,0.0
2003-09-19 00:00:00+09:00,417.52200317382807,444.45890660439767,417.52200317382807,417.5220031738281,0,0.0,0.0
2003-09-22 00:00:00+09:00,417.5219964981079,430.9904479980469,417.5219964981079,430.9904479980469,1500,0.0,0.0
2003-09-23 00:00:00+09:00,430.9904479980469,430.9904479980469,430.9904479980469,430.9904479980469,0,0.0,0.0
2003-09-24 00:00:00+09:00,437.72467374801636,437.72467374801636,430.9904479980469,430.9904479980469,1500,0.0,0.0
2003-09-25 00:00:00+09:00,404.05354499816895,430.9904479980469,404.05354499816895,430.9904479980469,9500,0.0,0.0
2003-09-26 00:00:00+09:00,424.2562255859375,424.2562255859375,424.2562255859375,424.2562255859375,500,0.0,0.0
2003-09-29 00:00:00+09:00,424.2562255859375,437.72467719184027,424.2562255859375,424.2562255859375,0,0.0,0.0
2003-09-30 00:00:00+09:00,424.2562255859375,437.72467719184027,424.2562255859375,424.2562255859375,0,0.0,0.0
2003-10-01 00:00:00+09:00,425.6030707465278,430.9904513888889,424.2562255859375,424.2562255859375,1500,0.0,0.0
2003-10-02 00:00:00+09:00,425.60305786132807,425.60305786132807,424.25621274151376,425.6030578613281,14500,0.0,0.0
2003-10-03 00:00:00+09:00,424.2562255859375,437.72467719184027,424.2562255859375,424.2562255859375,0,0.0,0.0
2003-10-06 00:00:00+09:00,424.2562255859375,437.72467719184027,424.2562255859375,424.2562255859375,0,0.0,0.0
2003-10-07 00:00:00+09:00,432.33729314804077,432.33729314804077,430.9904479980469,430.9904479980469,2500,0.0,0.0
2003-10-08 00:00:00+09:00,424.2562255859375,430.9904513888889,424.2562255859375,424.2562255859375,0,0.0,0.0
2003-10-09 00:00:00+09:00,426.9498291015625,430.99036376182966,426.9498291015625,426.9498291015625,1500,0.0,0.0
2003-10-10 00:00:00+09:00,430.99050071022725,444.4589538574218,430.99050071022725,444.4589538574219,1000,0.0,0.0
2003-10-13 00:00:00+09:00,444.4589538574218,444.4589538574218,444.4589538574218,444.4589538574219,0,0.0,0.0
2003-10-14 00:00:00+09:00,437.72472728382456,444.4589538574218,430.99050071022725,444.4589538574219,2500,0.0,0.0
2003-10-15 00:00:00+09:00,444.4589538574218,451.19318043101913,437.72472728382456,444.4589538574219,16000,0.0,0.0
2003-10-16 00:00:00+09:00,437.72467041015625,437.72467041015625,437.72467041015625,437.72467041015625,500,0.0,0.0
2003-10-17 00:00:00+09:00,437.72467041015625,437.72467041015625,437.72467041015625,437.72467041015625,500,0.0,0.0
2003-10-20 00:00:00+09:00,444.4589538574218,451.19318043101913,444.4589538574218,444.4589538574219,2500,0.0,0.0
2003-10-21 00:00:00+09:00,451.19318043101913,451.19318043101913,444.4589538574218,444.4589538574219,2500,0.0,0.0
2003-10-22 00:00:00+09:00,451.1931457519531,451.1931457519531,451.1931457519531,451.1931457519531,500,0.0,0.0
2003-10-23 00:00:00+09:00,444.45889949798584,444.45889949798584,430.9904479980469,430.9904479980469,4500,0.0,0.0
2003-10-24 00:00:00+09:00,437.72467041015625,444.458896108774,435.0309801307091,437.72467041015625,9500,0.0,0.0
2003-10-27 00:00:00+09:00,437.72467041015625,437.72467041015625,437.72467041015625,437.72467041015625,1500,0.0,0.0
2003-10-28 00:00:00+09:00,430.9904513888889,430.9904513888889,424.2562255859375,424.2562255859375,2000,0.0,0.0
2003-10-29 00:00:00+09:00,424.2562255859375,424.2562255859375,424.2562255859375,424.2562255859375,500,0.0,0.0
2003-10-30 00:00:00+09:00,430.9904479980469,430.9904479980469,430.9904479980469,430.9904479980469,500,0.0,0.0
2003-10-31 00:00:00+09:00,424.2562255859375,424.2562255859375,424.2562255859375,424.2562255859375,500,0.0,0.0
2003-11-03 00:00:00+09:00,424.2562255859375,424.2562255859375,424.2562255859375,424.2562255859375,0,0.0,0.0
2003-11-04 00:00:00+09:00,424.2562255859375,424.2562255859375,424.2562255859375,424.2562255859375,500,0.0,0.0
2003-11-05 00:00:00+09:00,430.99044471153843,437.72467041015625,424.25621901292067,437.72467041015625,2500,0.0,0.0
2003-11-06 00:00:00+09:00,430.9904351635514,432.3372802734375,430.9904351635514,432.3372802734375,1000,0.0,0.0
2003-11-07 00:00:00+09:00,430.9904351635514,432.3372802734375,430.9904351635514,432.3372802734375,2000,0.0,0.0
2003-11-10 00:00:00+09:00,430.9904479980469,437.72467374801636,430.9904479980469,430.9904479980469,0,0.0,0.0
2003-11-11 00:00:00+09:00,430.9904479980469,430.9904479980469,430.9904479980469,430.9904479980469,500,0.0,0.0
2003-11-12 00:00:00+09:00,424.2562255859375,433.68414171006947,424.2562255859375,424.2562255859375,0,0.0,0.0
2003-11-13 00:00:00+09:00,424.2562222480774,430.9904479980469,424.2562222480774,430.9904479980469,4000,0.0,0.0
2003-11-14 00:00:00+09:00,424.2562222480774,430.9904479980469,424.2562222480774,430.9904479980469,1000,0.0,0.0
2003-11-17 00:00:00+09:00,430.9904479980469,435.03098344802856,424.2562222480774,430.9904479980469,25500,0.0,0.0
2003-11-18 00:00:00+09:00,430.9904383405854,430.9904383405854,425.60305786132807,425.6030578613281,3000,0.0,0.0
2003-11-19 00:00:00+09:00,425.60305786132807,425.60305786132807,424.25621274151376,425.6030578613281,2000,0.0,0.0
2003-11-20 00:00:00+09:00,430.9904479980469,430.9904479980469,430.9904479980469,430.9904479980469,500,0.0,0.0
2003-11-21 00:00:00+09:00,451.1931717789567,451.1931717789567,444.4589453344947,448.4994812011719,2000,0.0,0.0
2003-11-24 00:00:00+09:00,448.4994812011719,448.4994812011719,448.4994812011719,448.4994812011719,0,0.0,0.0
2003-11-25 00:00:00+09:00,448.4994812011719,449.8463264900643,444.4589453344947,448.4994812011719,12500,0.0,0.0
2003-11-26 00:00:00+09:00,444.4589538574218,451.19318043101913,444.4589538574218,444.4589538574219,0,0.0,0.0
2003-11-27 00:00:00+09:00,447.152587890625,453.88681361186934,447.152587890625,447.152587890625,0,0.0,0.0
2003-11-28 00:00:00+09:00,447.152587890625,447.152587890625,447.152587890625,447.152587890625,500,0.0,0.0
2003-12-01 00:00:00+09:00,437.72467041015625,449.8462766676683,437.72467041015625,437.72467041015625,0,0.0,0.0
2003-12-02 00:00:00+09:00,457.92730712890625,457.92730712890625,457.92730712890625,457.92730712890625,500,0.0,0.0
2003-12-03 00:00:00+09:00,443.1120910644531,443.1120910644531,443.1120910644531,443.1120910644531,500,0.0,0.0
2003-12-04 00:00:00+09:00,424.2562255859375,443.1120578342014,424.2562255859375,424.2562255859375,0,0.0,0.0
2003-12-05 00:00:00+09:00,424.2562779840433,428.2968139648437,424.2562779840433,428.29681396484375,2500,0.0,0.0
2003-12-08 00:00:00+09:00,424.2562779840433,428.2968139648437,424.2562779840433,428.29681396484375,1500,0.0,0.0
2003-12-09 00:00:00+09:00,425.6031233109768,428.2968139648437,424.2562779840433,428.29681396484375,2000,0.0,0.0
2003-12-10 00:00:00+09:00,430.9904479980469,430.9904479980469,430.9904479980469,430.9904479980469,1500,0.0,0.0
2003-12-11 00:00:00+09:00,428.2968139648437,444.45895788804535,428.2968139648437,428.29681396484375,0,0.0,0.0
2003-12-12 00:00:00+09:00,428.2967576980591,430.9904479980469,428.2967576980591,430.9904479980469,2000,0.0,0.0
2003-12-15 00:00:00+09:00,444.45890232474505,455.23366359322375,430.99045073914675,449.8462829589844,15500,0.0,0.0
2003-12-16 00:00:00+09:00,451.19318043101913,451.19318043101913,444.4589538574218,444.4589538574219,7500,0.0,0.0
2003-12-17 00:00:00+09:00,430.9904479980469,430.9904479980469,430.9904479980469,430.9904479980469,2500,0.0,0.0
2003-12-18 00:00:00+09:00,430.9904351635514,432.3372802734375,430.9904351635514,432.3372802734375,4500,0.0,0.0
2003-12-19 00:00:00+09:00,432.33729654947916,432.33729654947916,424.2562255859375,424.2562255859375,5500,0.0,0.0
2003-12-22 00:00:00+09:00,424.2562255859375,437.72467719184027,424.2562255859375,424.2562255859375,0,0.0,0.0
2003-12-23 00:00:00+09:00,424.2562255859375,424.2562255859375,424.2562255859375,424.2562255859375,0,0.0,0.0
2003-12-24 00:00:00+09:00,430.9904479980469,430.9904479980469,430.9904479980469,430.9904479980469,2500,0.0,0.0
2003-12-25 00:00:00+09:00,430.9904479980469,441.76520919799805,424.2562222480774,430.9904479980469,5000,0.0,0.0
2003-12-26 00:00:00+09:00,437.72467041015625,437.72467041015625,437.72467041015625,437.72467041015625,500,0.0,0.0
2003-12-29 00:00:00+09:00,430.99045488911287,430.99045488911287,417.52200317382807,417.5220031738281,6000,0.0,0.0
2003-12-30 00:00:00+09:00,412.1346740722656,430.99050883374184,412.1346740722656,412.1346740722656,0,0.0,0.0
2003-12-31 00:00:00+09:00,412.1346740722656,412.1346740722656,412.1346740722656,412.1346740722656,0,0.0,0.0
2004-01-01 00:00:00+09:00,412.1346740722656,412.1346740722656,412.1346740722656,412.1346740722656,0,0.0,0.0
2004-01-02 00:00:00+09:00,412.1346740722656,412.1346740722656,412.1346740722656,412.1346740722656,0,0.0,0.0
2004-01-05 00:00:00+09:00,412.1346740722656,430.99050883374184,412.1346740722656,412.1346740722656,0,0.0,0.0
2004-01-06 00:00:00+09:00,430.9904479980469,430.9904479980469,430.9904479980469,430.9904479980469,500,0.0,0.0
2004-01-07 00:00:00+09:00,424.25622903147047,430.99045488911287,417.52200317382807,417.5220031738281,8000,0.0,0.0
2004-01-08 00:00:00+09:00,410.7877830577121,429.64361572265625,410.7877830577121,429.64361572265625,5000,0.0,0.0
2004-01-09 00:00:00+09:00,417.52200317382807,417.52200317382807,417.52200317382807,417.5220031738281,500,0.0,0.0
2004-01-12 00:00:00+09:00,417.52200317382807,417.52200317382807,417.52200317382807,417.5220031738281,0,0.0,0.0
2004-01-13 00:00:00+09:00,430.9904479980469,430.9904479980469,430.9904479980469,430.9904479980469,1500,0.0,0.0
2004-01-14 00:00:00+09:00,428.29674810095673,429.6435932207711,424.25621274151376,425.6030578613281,6000,0.0,0.0
2004-01-15 00:00:00+09:00,430.9904479980469,443.11205434799194,430.9904479980469,430.9904479980469,16000,0.0,0.0
2004-01-16 00:00:00+09:00,437.72467374801636,437.72467374801636,430.9904479980469,430.9904479980469,3000,0.0,0.0
2004-01-19 00:00:00+09:00,432.337289851262,437.72467041015625,430.99044471153843,437.72467041015625,6500,0.0,0.0
2004-01-20 00:00:00+09:00,430.9904527368013,437.7246785608138,430.9904527368013,433.68414306640625,2500,0.0,0.0
2004-01-21 00:00:00+09:00,444.4589538574218,444.4589538574218,444.4589538574218,444.4589538574219,1500,0.0,0.0
2004-01-22 00:00:00+09:00,444.45891969595385,451.1931457519531,444.45891969595385,451.1931457519531,6000,0.0,0.0
2004-01-23 00:00:00+09:00,463.314699352297,483.51737519614716,457.9273191272703,472.74261474609375,27500,0.0,0.0
2004-01-26 00:00:00+09:00,464.6617374965122,484.864421735491,457.9275094168526,471.3959655761719,4500,0.0,0.0
2004-01-27 00:00:00+09:00,457.92744553257046,484.8643540933099,457.92744553257046,478.130126953125,11000,0.0,0.0
2004-01-28 00:00:00+09:00,478.13012695312506,478.13012695312506,471.3958998129402,478.130126953125,16000,0.0,0.0
2004-01-29 00:00:00+09:00,490.2516174316406,490.2516174316406,478.130011506133,490.2516174316406,12000,0.0,0.0
2004-01-30 00:00:00+09:00,484.8643105996622,498.332763671875,484.8643105996622,498.332763671875,10500,0.0,0.0
2004-02-02 00:00:00+09:00,498.332763671875,505.0669902079814,498.332763671875,498.332763671875,3500,0.0,0.0
2004-02-03 00:00:00+09:00,510.45429438897276,515.8416748046875,498.33268845361454,515.8416748046875,12500,0.0,0.0
2004-02-04 00:00:00+09:00,510.45429438897276,517.1885199086162,510.45429438897276,515.8416748046875,9000,0.0,0.0
2004-02-05 00:00:00+09:00,513.147959206321,522.5758744673295,511.8011141690341,518.5353393554688,12000,0.0,0.0
2004-02-06 00:00:00+09:00,518.5354040045487,518.5354040045487,511.80117797851557,511.8011779785156,11500,0.0,0.0
2004-02-09 00:00:00+09:00,511.80116508263615,513.1480102539062,511.80116508263615,513.1480102539062,23500,0.0,0.0
2004-02-10 00:00:00+09:00,518.5353393554688,518.5353393554688,515.8416492808949,518.5353393554688,5000,0.0,0.0
2004-02-11 00:00:00+09:00,518.5353393554688,518.5353393554688,518.5353393554688,518.5353393554688,0,0.0,0.0
2004-02-12 00:00:00+09:00,514.494804243608,518.5353393554688,511.8011141690341,518.5353393554688,4500,0.0,0.0
2004-02-13 00:00:00+09:00,521.2290472317236,521.2290472317236,518.5353570651514,519.8822021484375,8500,0.0,0.0
2004-02-16 00:00:00+09:00,472.74262756347656,538.738037109375,472.74262756347656,538.738037109375,20500,0.0,0.0
2004-02-17 00:00:00+09:00,537.3911920166015,542.7785723876952,532.0038116455078,538.738037109375,27500,0.0,0.0
2004-02-18 00:00:00+09:00,538.7380514705883,579.1434053308824,538.7380514705883,572.4091796875,28000,0.0,0.0
2004-02-19 00:00:00+09:00,579.1434127144191,624.9361476732337,572.4091869851817,619.5487670898438,29500,0.0,0.0
2004-02-20 00:00:00+09:00,612.814491965554,616.8550270774148,585.8775912198154,592.61181640625,13000,0.0,0.0
2004-02-23 00:00:00+09:00,591.2650767614773,612.8146011992533,591.2650767614773,610.1209106445312,14500,0.0,0.0
2004-02-24 00:00:00+09:00,612.8145751953125,620.8956465165694,610.1208847548936,612.8145751953125,27000,0.0,0.0
2004-02-25 00:00:00+09:00,599.3461568196615,612.814609781901,599.3461568196615,606.0803833007812,9000,0.0,0.0
2004-02-26 00:00:00+09:00,606.0803833007812,606.0803833007812,606.0803833007812,606.0803833007812,500,0.0,0.0
2004-02-27 00:00:00+09:00,585.8775912198154,592.61181640625,585.8775912198154,592.61181640625,5500,0.0,0.0
2004-03-01 00:00:00+09:00,592.61181640625,592.61181640625,592.61181640625,592.61181640625,2000,0.0,0.0
2004-03-02 00:00:00+09:00,585.8776384436566,622.2424573815387,572.4091869851817,619.5487670898438,23500,0.0,0.0
2004-03-03 00:00:00+09:00,619.5488362630208,619.5488362630208,606.0803833007812,606.0803833007812,1000,0.0,0.0
2004-03-04 00:00:00+09:00,599.3461303710938,599.3461303710938,599.3461303710938,599.3461303710938,500,0.0,0.0
2004-03-05 00:00:00+09:00,592.61181640625,592.61181640625,592.61181640625,592.61181640625,500,0.0,0.0
2004-03-08 00:00:00+09:00,592.61181640625,592.61181640625,585.8775912198154,592.61181640625,2000,0.0,0.0
2004-03-09 00:00:00+09:00,568.3686267205004,571.0623168945312,568.3686267205004,571.0623168945312,1000,0.0,0.0
2004-03-10 00:00:00+09:00,568.368611180505,579.1433715820312,568.368611180505,579.1433715820312,13500,0.0,0.0
2004-03-11 00:00:00+09:00,577.7965209960937,592.61181640625,577.7965209960937,592.61181640625,1500,0.0,0.0
2004-03-12 00:00:00+09:00,579.1433715820312,579.1433715820312,567.0217661303143,579.1433715820312,4500,0.0,0.0
2004-03-15 00:00:00+09:00,622.2424072265625,623.5892522638494,592.61181640625,592.61181640625,10000,0.0,0.0
2004-03-16 00:00:00+09:00,585.8775634765625,592.6117883441092,585.8775634765625,585.8775634765625,2000,0.0,0.0
2004-03-17 00:00:00+09:00,579.1433513334013,585.8775763489059,565.674901302392,568.3685913085938,3000,0.0,0.0
2004-03-18 00:00:00+09:00,565.6749952362806,569.7155309165397,552.20654296875,552.20654296875,4000,0.0,0.0
2004-03-19 00:00:00+09:00,558.9407691025152,565.6749952362806,552.20654296875,552.20654296875,1500,0.0,0.0
2004-03-22 00:00:00+09:00,567.0217991727942,572.4091796875,565.6749540441177,572.4091796875,2500,0.0,0.0
2004-03-23 00:00:00+09:00,579.1434053308824,579.1434053308824,572.4091796875,572.4091796875,3500,0.0,0.0
2004-03-24 00:00:00+09:00,583.1839166456654,585.8776067918348,583.1839166456654,584.53076171875,9500,0.0,0.0
2004-03-25 00:00:00+09:00,583.1839166456654,585.8776067918348,583.1839166456654,584.53076171875,16500,0.0,0.0
2004-03-26 00:00:00+09:00,594.0908883955958,594.0908883955958,591.3594360351562,591.3594360351562,23000,12.0,0.0
2004-03-29 00:00:00+09:00,591.359371624784,592.72509765625,591.359371624784,592.72509765625,1500,0.0,0.0
2004-03-30 00:00:00+09:00,594.0908203125,594.0908203125,592.725094288793,594.0908203125,9000,0.0,0.0
2004-03-31 00:00:00+09:00,594.0908203125,594.0908203125,594.0908203125,594.0908203125,2000,0.0,0.0
2004-04-01 00:00:00+09:00,594.0908203125,594.0908203125,594.0908203125,594.0908203125,500,0.0,0.0
2004-04-02 00:00:00+09:00,594.0908743642289,600.9195051040475,594.0908743642289,596.8223266601562,5000,0.0,0.0
2004-04-05 00:00:00+09:00,600.9194504310344,600.9194504310344,594.0908203125,594.0908203125,4000,0.0,0.0
2004-04-06 00:00:00+09:00,600.9194946289062,600.9194946289062,600.9194946289062,600.9194946289062,3500,0.0,0.0
2004-04-07 00:00:00+09:00,600.9194946289062,600.9194946289062,600.9194946289062,600.9194946289062,500,0.0,0.0
2004-04-08 00:00:00+09:00,594.0908743642289,600.9195051040475,594.0908743642289,596.8223266601562,5000,0.0,0.0
2004-04-09 00:00:00+09:00,595.4566040039062,595.4566040039062,594.0908778479339,595.4566040039062,9500,0.0,0.0
2004-04-12 00:00:00+09:00,595.4565463362069,595.4565463362069,594.0908203125,594.0908203125,1500,0.0,0.0
2004-04-13 00:00:00+09:00,594.0908203125,594.0908203125,592.725094288793,594.0908203125,3500,0.0,0.0
2004-04-14 00:00:00+09:00,595.4566040039062,595.4566040039062,594.0908778479339,595.4566040039062,3000,0.0,0.0
2004-04-15 00:00:00+09:00,600.9194768324784,632.3311767578125,600.9194768324784,632.3311767578125,22000,0.0,0.0
2004-04-16 00:00:00+09:00,632.331136667352,648.7198486328125,632.331136667352,648.7198486328125,12500,0.0,0.0
2004-04-19 00:00:00+09:00,654.1827968597413,658.2799751281739,654.1827968597413,655.5485229492188,24500,0.0,0.0
2004-04-20 00:00:00+09:00,661.0114067925347,669.2057630750868,655.5485026041666,663.7428588867188,10500,0.0,0.0
2004-04-21 00:00:00+09:00,669.2059936523438,669.2059936523438,667.8402671346859,669.2059936523438,13500,0.0,0.0
2004-04-22 00:00:00+09:00,665.1086411496426,669.2058196372175,641.8912963867188,641.8912963867188,11000,0.0,0.0
2004-04-23 00:00:00+09:00,641.8912963867188,645.9884748742935,641.8912963867188,641.8912963867188,7500,0.0,0.0
2004-04-26 00:00:00+09:00,643.2570225492436,643.2570225492436,641.8912963867188,641.8912963867188,1500,0.0,0.0
2004-04-27 00:00:00+09:00,641.8912963867188,641.8912963867188,641.8912963867188,641.8912963867188,500,0.0,0.0
2004-04-28 00:00:00+09:00,641.8912963867188,641.8912963867188,641.8912963867188,641.8912963867188,2000,0.0,0.0
2004-04-29 00:00:00+09:00,641.8912963867188,641.8912963867188,641.8912963867188,641.8912963867188,0,0.0,0.0
2004-04-30 00:00:00+09:00,641.8912783536044,641.8912783536044,587.2622333873402,600.9194946289062,19500,0.0,0.0
2004-05-03 00:00:00+09:00,600.9194946289062,600.9194946289062,600.9194946289062,600.9194946289062,0,0.0,0.0
2004-05-04 00:00:00+09:00,600.9194946289062,600.9194946289062,600.9194946289062,600.9194946289062,0,0.0,0.0
2004-05-05 00:00:00+09:00,600.9194946289062,600.9194946289062,600.9194946289062,600.9194946289062,0,0.0,0.0
2004-05-06 00:00:00+09:00,599.5538949819711,621.405517578125,599.5538949819711,621.405517578125,3500,0.0,0.0
2004-05-07 00:00:00+09:00,621.4054211032005,641.8913141066027,614.5767901020665,635.0626831054688,36000,0.0,0.0
2004-05-10 00:00:00+09:00,629.5997348951257,629.5997348951257,614.5767477284307,628.2340087890625,7000,0.0,0.0
2004-05-11 00:00:00+09:00,607.7481171981148,628.2340087890625,600.9194866677989,628.2340087890625,24500,0.0,0.0
2004-05-12 00:00:00+09:00,622.7712630208333,629.5998952907986,607.7482720269097,614.576904296875,9500,0.0,0.0
2004-05-13 00:00:00+09:00,594.0908203125,621.4053407866379,594.0908203125,594.0908203125,0,0.0,0.0
2004-05-14 00:00:00+09:00,600.9194817341549,600.9194817341549,580.4335903113996,581.79931640625,2500,0.0,0.0
2004-05-17 00:00:00+09:00,581.7992166137695,600.9193786621095,546.2903442382812,546.2903442382812,7500,0.0,0.0
2004-05-18 00:00:00+09:00,546.2903442382812,546.2903442382812,546.2903442382812,546.2903442382812,500,0.0,0.0
2004-05-19 00:00:00+09:00,546.2903442382812,546.2903442382812,546.2903442382812,546.2903442382812,500,0.0,0.0
2004-05-20 00:00:00+09:00,559.9477786109561,573.6050415039062,559.9477786109561,573.6050415039062,4500,0.0,0.0
2004-05-21 00:00:00+09:00,587.2622333873402,600.9194946289062,583.1650550148704,600.9194946289062,3000,0.0,0.0
2004-05-24 00:00:00+09:00,587.2622333873402,606.3823991255327,580.4336027665572,600.9194946289062,13500,0.0,0.0
2004-05-25 00:00:00+09:00,587.2622333873402,600.9194946289062,587.2622333873402,600.9194946289062,5500,0.0,0.0
2004-05-26 00:00:00+09:00,587.26220703125,600.9194676598837,587.26220703125,587.26220703125,0,0.0,0.0
2004-05-27 00:00:00+09:00,600.9194946289062,602.2852207530628,592.7251378839667,600.9194946289062,15500,0.0,0.0
2004-05-28 00:00:00+09:00,602.2851764547413,602.2851764547413,594.0908203125,594.0908203125,1000,0.0,0.0
2004-05-31 00:00:00+09:00,588.6279296875,600.9194641821346,588.6279296875,588.6279296875,0,0.0,0.0
2004-06-01 00:00:00+09:00,588.6279296875,600.9194641821346,588.6279296875,588.6279296875,0,0.0,0.0
2004-06-02 00:00:00+09:00,600.9194946289062,600.9194946289062,600.9194946289062,600.9194946289062,500,0.0,0.0
2004-06-03 00:00:00+09:00,594.0908203125,594.0908203125,594.0908203125,594.0908203125,1500,0.0,0.0
2004-06-04 00:00:00+09:00,587.26220703125,595.4565634084303,587.26220703125,587.26220703125,0,0.0,0.0
2004-06-07 00:00:00+09:00,595.4565867036919,602.2852172851562,591.3594083548132,602.2852172851562,10000,0.0,0.0
2004-06-08 00:00:00+09:00,600.9194673810686,611.8452758789062,600.9194673810686,611.8452758789062,24000,0.0,0.0
2004-06-09 00:00:00+09:00,626.8682861328125,626.8682861328125,626.8682861328125,626.8682861328125,500,0.0,0.0
2004-06-10 00:00:00+09:00,628.2340838894028,645.988525390625,626.868357620078,645.988525390625,23000,0.0,0.0
2004-06-11 00:00:00+09:00,645.9884831064755,662.377197265625,640.5255783867591,662.377197265625,24000,0.0,0.0
2004-06-14 00:00:00+09:00,667.840087890625,667.840087890625,662.3771832862027,667.840087890625,2000,0.0,0.0
2004-06-15 00:00:00+09:00,676.0345275878907,684.2288854980469,667.8401696777344,682.8631591796875,26500,0.0,0.0
2004-06-16 00:00:00+09:00,682.8631591796875,684.2288854980469,681.4974328613282,682.8631591796875,8000,0.0,0.0
2004-06-17 00:00:00+09:00,681.4974328613282,682.8631591796875,681.4974328613282,682.8631591796875,13000,0.0,0.0
2004-06-18 00:00:00+09:00,682.8631591796875,682.8631591796875,681.4974328613282,682.8631591796875,34000,0.0,0.0
2004-06-21 00:00:00+09:00,682.8631591796875,682.8631591796875,682.8631591796875,682.8631591796875,4500,0.0,0.0
2004-06-22 00:00:00+09:00,681.4974365234375,681.4974365234375,681.4974365234375,681.4974365234375,500,0.0,0.0
2004-06-23 00:00:00+09:00,669.2058281652706,669.2058281652706,662.377197265625,662.377197265625,1000,0.0,0.0
2004-06-24 00:00:00+09:00,648.7199451077369,648.7199451077369,635.0626831054688,635.0626831054688,2000,0.0,0.0
2004-06-25 00:00:00+09:00,594.0908970986643,635.0626831054688,594.0908970986643,635.0626831054688,8000,0.0,0.0
2004-06-28 00:00:00+09:00,641.8912963867188,641.8912963867188,641.8912963867188,641.8912963867188,500,0.0,0.0
2004-06-29 00:00:00+09:00,635.0626831054688,635.0626831054688,635.0626831054688,635.0626831054688,500,0.0,0.0
2004-06-30 00:00:00+09:00,614.576904296875,635.0628011067708,614.576904296875,614.576904296875,0,0.0,0.0
2004-07-01 00:00:00+09:00,614.576904296875,635.0628011067708,614.576904296875,614.576904296875,0,0.0,0.0
2004-07-02 00:00:00+09:00,621.405517578125,633.6970552884616,621.405517578125,621.405517578125,0,0.0,0.0
2004-07-05 00:00:00+09:00,609.1138916015625,626.8683323881551,609.1138916015625,609.1138916015625,0,0.0,0.0
2004-07-06 00:00:00+09:00,600.9194946289062,617.3082081187855,600.9194946289062,600.9194946289062,0,0.0,0.0
2004-07-07 00:00:00+09:00,598.1880493164062,614.5767629963078,598.1880493164062,598.1880493164062,0,0.0,0.0
2004-07-08 00:00:00+09:00,614.57677313622,641.8912963867188,614.57677313622,641.8912963867188,8000,0.0,0.0
2004-07-09 00:00:00+09:00,635.0626831054688,641.8913141066027,635.0626831054688,635.0626831054688,0,0.0,0.0
2004-07-12 00:00:00+09:00,641.8914632991869,669.2059936523438,641.8914632991869,669.2059936523438,4500,0.0,0.0
2004-07-13 00:00:00+09:00,666.4743758054125,669.2058281652706,662.377197265625,662.377197265625,2000,0.0,0.0
2004-07-14 00:00:00+09:00,676.0344777404663,678.7659301757812,669.2058466521787,678.7659301757812,5000,0.0,0.0
2004-07-15 00:00:00+09:00,614.5767809681057,662.377197265625,614.5767809681057,662.377197265625,54000,0.0,0.0
2004-07-16 00:00:00+09:00,656.9142456054688,671.9372325112071,656.9142456054688,656.9142456054688,0,0.0,0.0
2004-07-19 00:00:00+09:00,656.9142456054688,656.9142456054688,656.9142456054688,656.9142456054688,0,0.0,0.0
2004-07-20 00:00:00+09:00,656.9142629158597,656.9142629158597,650.0856323242188,650.0856323242188,2500,0.0,0.0
2004-07-21 00:00:00+09:00,663.7428588867188,663.7428588867188,663.7428588867188,663.7428588867188,500,0.0,0.0
2004-07-22 00:00:00+09:00,662.3771533966064,662.3771533966064,655.5485229492188,655.5485229492188,1000,0.0,0.0
2004-07-23 00:00:00+09:00,678.7660792759486,681.4975323112643,656.9144549934232,669.2059936523438,25500,0.0,0.0
2004-07-26 00:00:00+09:00,648.7198486328125,662.3771086040297,648.7198486328125,648.7198486328125,0,0.0,0.0
2004-07-27 00:00:00+09:00,655.5485663659795,662.377197265625,648.7199354663338,662.377197265625,5000,0.0,0.0
2004-07-28 00:00:00+09:00,669.2058281652706,669.2058281652706,662.377197265625,662.377197265625,3000,0.0,0.0
2004-07-29 00:00:00+09:00,662.3773610640545,670.5717201700015,662.3773610640545,669.2059936523438,9000,0.0,0.0
2004-07-30 00:00:00+09:00,670.5715193931503,678.7658760456125,669.2057932844066,676.034423828125,5500,0.0,0.0
2004-08-02 00:00:00+09:00,678.7658865083524,678.7658865083524,671.937255859375,671.937255859375,7500,0.0,0.0
2004-08-03 00:00:00+09:00,673.3029716106377,682.8630543718434,673.3029716106377,676.034423828125,4500,0.0,0.0
2004-08-04 00:00:00+09:00,686.9602397431224,686.9602397431224,671.9372523928752,673.302978515625,2500,0.0,0.0
2004-08-05 00:00:00+09:00,674.6687622070312,674.6687622070312,674.6687622070312,674.6687622070312,500,0.0,0.0
2004-08-06 00:00:00+09:00,669.2058001473757,673.302978515625,669.2058001473757,673.302978515625,3000,0.0,0.0
2004-08-09 00:00:00+09:00,669.2059936523438,669.2059936523438,669.2059936523438,669.2059936523438,1000,0.0,0.0
2004-08-10 00:00:00+09:00,662.377197265625,662.377197265625,662.377197265625,662.377197265625,500,0.0,0.0
2004-08-11 00:00:00+09:00,667.8402671346859,669.2059936523438,667.8402671346859,669.2059936523438,2000,0.0,0.0
2004-08-12 00:00:00+09:00,670.5717201700015,670.5717201700015,662.3773610640545,669.2059936523438,7000,0.0,0.0
2004-08-13 00:00:00+09:00,667.8402671346859,670.5717201700015,667.8402671346859,669.2059936523438,4000,0.0,0.0
2004-08-16 00:00:00+09:00,620.0398390166613,669.2059936523438,620.0398390166613,669.2059936523438,28500,0.0,0.0
2004-08-17 00:00:00+09:00,669.2059936523438,669.2059936523438,669.2059936523438,669.2059936523438,2500,0.0,0.0
2004-08-18 00:00:00+09:00,669.2058959960938,682.8631591796875,669.2058959960938,682.8631591796875,6500,0.0,0.0
2004-08-19 00:00:00+09:00,669.2058959960938,682.8631591796875,669.2058959960938,682.8631591796875,12500,0.0,0.0
2004-08-20 00:00:00+09:00,682.8630543718434,682.8630543718434,676.034423828125,676.034423828125,1000,0.0,0.0
2004-08-23 00:00:00+09:00,676.0345275878907,682.8631591796875,676.0345275878907,682.8631591796875,7000,0.0,0.0
2004-08-24 00:00:00+09:00,681.4974147683323,689.6917724609375,681.4974147683323,689.6917724609375,3000,0.0,0.0
2004-08-25 00:00:00+09:00,689.6916470131855,691.057373046875,686.9601949458066,691.057373046875,5000,0.0,0.0
2004-08-26 00:00:00+09:00,691.057373046875,697.8860032153224,689.6916470131855,691.057373046875,6000,0.0,0.0
2004-08-27 00:00:00+09:00,697.8861016039577,723.8348999023438,696.520375377727,723.8348999023438,9500,0.0,0.0
2004-08-30 00:00:00+09:00,722.4690789116753,737.4920654296875,722.4690789116753,737.4920654296875,9000,0.0,0.0
2004-08-31 00:00:00+09:00,723.8348899147727,751.1494140625,723.8348899147727,751.1494140625,11500,0.0,0.0
2004-09-01 00:00:00+09:00,751.1493292488358,760.7094116210938,738.8577947702186,760.7094116210938,6500,0.0,0.0
2004-09-02 00:00:00+09:00,760.7093473044775,762.0750732421875,760.7093473044775,762.0750732421875,4000,0.0,0.0
2004-09-03 00:00:00+09:00,759.3437395181127,763.44091796875,759.3437395181127,763.44091796875,6500,0.0,0.0
2004-09-06 00:00:00+09:00,751.1494140625,752.5151402698864,751.1494140625,751.1494140625,1500,0.0,0.0
2004-09-07 00:00:00+09:00,744.3206176757812,744.3206176757812,744.3206176757812,744.3206176757812,2000,0.0,0.0
2004-09-08 00:00:00+09:00,740.2235346999124,740.2235346999124,730.6634521484375,730.6634521484375,2000,0.0,0.0
2004-09-09 00:00:00+09:00,723.8348118708684,723.8348118708684,710.1775512695312,710.1775512695312,4000,0.0,0.0
2004-09-10 00:00:00+09:00,695.1547518955188,730.6636390257418,682.8632140427493,729.2979125976562,15500,0.0,0.0
2004-09-13 00:00:00+09:00,723.8348999023438,723.8348999023438,723.8348999023438,723.8348999023438,500,0.0,0.0
2004-09-14 00:00:00+09:00,723.8350068853142,729.2979125976562,723.8350068853142,729.2979125976562,1000,0.0,0.0
2004-09-15 00:00:00+09:00,704.7146436577796,711.5432739257812,682.863026800174,711.5432739257812,33000,0.0,0.0
2004-09-16 00:00:00+09:00,696.5202873361775,711.5432739257812,696.5202873361775,711.5432739257812,4000,0.0,0.0
2004-09-17 00:00:00+09:00,685.5944789073747,711.5432739257812,685.5944789073747,711.5432739257812,5500,0.0,0.0
2004-09-20 00:00:00+09:00,711.5432739257812,711.5432739257812,711.5432739257812,711.5432739257812,0,0.0,0.0
2004-09-21 00:00:00+09:00,710.1776376400353,723.8348999023438,710.1776376400353,723.8348999023438,4000,0.0,0.0
2004-09-22 00:00:00+09:00,730.6634521484375,730.6634521484375,727.9319999908732,730.6634521484375,3000,0.0,0.0
2004-09-23 00:00:00+09:00,730.6634521484375,730.6634521484375,730.6634521484375,730.6634521484375,0,0.0,0.0
2004-09-24 00:00:00+09:00,755.2465215665158,756.6122476452979,717.0061913606162,730.6634521484375,6000,0.0,0.0
2004-09-27 00:00:00+09:00,723.8349795386904,730.6636114211309,717.00634765625,717.00634765625,4500,0.0,0.0
2004-09-28 00:00:00+09:00,717.00634765625,717.00634765625,717.00634765625,717.00634765625,500,0.0,0.0
2004-09-29 00:00:00+09:00,717.0062420819256,757.97802734375,717.0062420819256,757.97802734375,10000,0.0,0.0
2004-09-30 00:00:00+09:00,755.2466422097724,778.4639892578125,751.1494633189419,778.4639892578125,20000,0.0,0.0
2004-10-01 00:00:00+09:00,773.0009765625,792.1211420605124,773.0009765625,773.0009765625,0,0.0,0.0
2004-10-04 00:00:00+09:00,773.0009765625,781.1953332045053,773.0009765625,773.0009765625,0,0.0,0.0
2004-10-05 00:00:00+09:00,773.0009765625,773.0009765625,773.0009765625,773.0009765625,500,0.0,0.0
2004-10-06 00:00:00+09:00,751.1494140625,771.6353071732955,751.1494140625,751.1494140625,0,0.0,0.0
2004-10-07 00:00:00+09:00,751.1494140625,751.1494140625,737.4921519886364,751.1494140625,3000,0.0,0.0
2004-10-08 00:00:00+09:00,744.3206176757812,751.1492471957425,744.3206176757812,744.3206176757812,0,0.0,0.0
2004-10-11 00:00:00+09:00,744.3206176757812,744.3206176757812,744.3206176757812,744.3206176757812,0,0.0,0.0
2004-10-12 00:00:00+09:00,744.3207655898085,764.8066582207207,744.3207655898085,757.97802734375,26500,0.0,0.0
2004-10-13 00:00:00+09:00,774.3667061324668,774.3667061324668,771.63525390625,771.63525390625,1000,0.0,0.0
2004-10-14 00:00:00+09:00,757.97802734375,778.4639199746621,757.97802734375,757.97802734375,0,0.0,0.0
2004-10-15 00:00:00+09:00,783.9268944455866,785.2926207425302,771.6353577730948,778.4639892578125,8000,0.0,0.0
2004-10-18 00:00:00+09:00,767.5380755669248,771.63525390625,757.977992775166,771.63525390625,2500,0.0,0.0
2004-10-19 00:00:00+09:00,764.8067016601561,764.8067016601561,764.8067016601561,764.8067016601562,1000,0.0,0.0
2004-10-20 00:00:00+09:00,771.63525390625,771.63525390625,771.63525390625,771.63525390625,500,0.0,0.0
2004-10-21 00:00:00+09:00,762.0752491542271,764.8067016601561,762.0752491542271,764.8067016601562,1000,0.0,0.0
2004-10-22 00:00:00+09:00,759.3436889648438,762.0751410834223,759.3436889648438,759.3436889648438,2000,0.0,0.0
2004-10-25 00:00:00+09:00,759.3437966482979,785.2925954546247,759.3437966482979,764.8067016601562,8000,0.0,0.0
2004-10-26 00:00:00+09:00,764.8067016601561,764.8067016601561,764.8067016601561,764.8067016601562,500,0.0,0.0
2004-10-27 00:00:00+09:00,757.97802734375,771.6352890976914,757.97802734375,757.97802734375,0,0.0,0.0
2004-10-28 00:00:00+09:00,767.5380755669248,771.63525390625,757.977992775166,771.63525390625,4000,0.0,0.0
2004-10-29 00:00:00+09:00,764.8067016601561,764.8067016601561,757.9780703953334,764.8067016601562,3500,0.0,0.0
2004-11-01 00:00:00+09:00,760.7094796945382,760.7094796945382,756.6123011683558,757.97802734375,1500,0.0,0.0
2004-11-02 00:00:00+09:00,751.1494140625,751.1494140625,751.1494140625,751.1494140625,500,0.0,0.0
2004-11-03 00:00:00+09:00,751.1494140625,751.1494140625,751.1494140625,751.1494140625,0,0.0,0.0
2004-11-04 00:00:00+09:00,736.12646484375,757.9780853214866,736.12646484375,736.12646484375,0,0.0,0.0
2004-11-05 00:00:00+09:00,730.6634521484375,747.052165093823,730.6634521484375,730.6634521484375,0,0.0,0.0
2004-11-08 00:00:00+09:00,730.6636114211309,730.6636114211309,717.00634765625,717.00634765625,2000,0.0,0.0
2004-11-09 00:00:00+09:00,703.3489209688627,710.1775512695312,696.5202906681941,710.1775512695312,3000,0.0,0.0
2004-11-10 00:00:00+09:00,703.3489553414139,703.3489553414139,689.6916940726486,696.5203247070312,1500,0.0,0.0
2004-11-11 00:00:00+09:00,682.8631591796875,710.1776855468751,682.8631591796875,682.8631591796875,0,0.0,0.0
2004-11-12 00:00:00+09:00,710.1777157738095,717.00634765625,710.1777157738095,717.00634765625,1500,0.0,0.0
2004-11-15 00:00:00+09:00,722.4691659871814,723.8348921988775,696.5203679649576,703.3489990234375,10000,0.0,0.0
2004-11-16 00:00:00+09:00,689.6917442465727,723.8348999023438,689.6917442465727,723.8348999023438,3500,0.0,0.0
2004-11-17 00:00:00+09:00,696.5203247070312,710.1775859757967,696.5203247070312,696.5203247070312,0,0.0,0.0
2004-11-18 00:00:00+09:00,696.5203565037893,696.5203565037893,684.2288208007812,684.2288208007812,2000,0.0,0.0
2004-11-19 00:00:00+09:00,682.8631591796875,682.8631591796875,682.8631591796875,682.8631591796875,500,0.0,0.0
2004-11-22 00:00:00+09:00,682.8631591796875,682.8631591796875,682.8631591796875,682.8631591796875,500,0.0,0.0
2004-11-23 00:00:00+09:00,682.8631591796875,682.8631591796875,682.8631591796875,682.8631591796875,0,0.0,0.0
2004-11-24 00:00:00+09:00,671.9374466876594,671.9374466876594,669.2059936523438,669.2059936523438,2000,0.0,0.0
2004-11-25 00:00:00+09:00,621.4054211032005,635.0626831054688,617.3082425025201,635.0626831054688,15000,0.0,0.0
2004-11-26 00:00:00+09:00,614.5767477284307,628.2340087890625,614.5767477284307,628.2340087890625,1500,0.0,0.0
2004-11-29 00:00:00+09:00,628.2341688368056,628.2341688368056,614.576904296875,614.576904296875,1000,0.0,0.0
2004-11-30 00:00:00+09:00,587.26227217191,609.1138916015625,587.26227217191,609.1138916015625,2000,0.0,0.0
2004-12-01 00:00:00+09:00,574.9706559806034,594.0908203125,573.6049299568965,594.0908203125,4000,0.0,0.0
2004-12-02 00:00:00+09:00,621.405517578125,621.405517578125,621.405517578125,621.405517578125,500,0.0,0.0
2004-12-03 00:00:00+09:00,594.0908203125,618.6738887392241,594.0908203125,594.0908203125,0,0.0,0.0
2004-12-06 00:00:00+09:00,594.0908203125,618.6738887392241,594.0908203125,594.0908203125,0,0.0,0.0
2004-12-07 00:00:00+09:00,587.26220703125,614.5767282885174,587.26220703125,587.26220703125,0,0.0,0.0
2004-12-08 00:00:00+09:00,587.2622333873402,600.9194946289062,580.4336027665572,600.9194946289062,5500,0.0,0.0
2004-12-09 00:00:00+09:00,618.6739501953125,618.6739501953125,618.6739501953125,618.6739501953125,500,0.0,0.0
2004-12-10 00:00:00+09:00,607.7481689453125,628.2340622805477,607.7481689453125,607.7481689453125,0,0.0,0.0
2004-12-13 00:00:00+09:00,607.7481689453125,628.2340622805477,607.7481689453125,607.7481689453125,0,0.0,0.0
2004-12-14 00:00:00+09:00,607.7482534555288,621.405517578125,607.7482534555288,621.405517578125,1000,0.0,0.0
2004-12-15 00:00:00+09:00,655.5485309103261,656.9142570163892,628.2340087890625,628.2340087890625,8000,0.0,0.0
2004-12-16 00:00:00+09:00,640.5255160861545,640.5255160861545,639.1597900390625,639.1597900390625,1000,0.0,0.0
2004-12-17 00:00:00+09:00,621.405517578125,641.8914137620192,621.405517578125,621.405517578125,0,0.0,0.0
2004-12-20 00:00:00+09:00,639.1597900390625,639.1597900390625,639.1597900390625,639.1597900390625,500,0.0,0.0
2004-12-21 00:00:00+09:00,635.0626831054688,635.0626831054688,635.0626831054688,635.0626831054688,500,0.0,0.0
2004-12-22 00:00:00+09:00,635.0626831054688,635.0626831054688,635.0626831054688,635.0626831054688,500,0.0,0.0
2004-12-23 00:00:00+09:00,635.0626831054688,635.0626831054688,635.0626831054688,635.0626831054688,0,0.0,0.0
2004-12-24 00:00:00+09:00,635.0626831054688,650.0856713079637,635.0626831054688,635.0626831054688,9500,0.0,0.0
2004-12-27 00:00:00+09:00,648.7198486328125,648.7198486328125,648.7198486328125,648.7198486328125,500,0.0,0.0
2004-12-28 00:00:00+09:00,644.6229163345025,669.2059936523438,641.8914632991869,669.2059936523438,2500,0.0,0.0
2004-12-29 00:00:00+09:00,682.8631131154186,723.8348999023438,682.8631131154186,723.8348999023438,2000,0.0,0.0
2004-12-30 00:00:00+09:00,723.8347869873047,846.7501281738281,723.8347869873047,819.4356079101562,13500,0.0,0.0
2004-12-31 00:00:00+09:00,819.4356079101562,819.4356079101562,819.4356079101562,819.4356079101562,0,0.0,0.0
2005-01-03 00:00:00+09:00,819.4356079101562,819.4356079101562,819.4356079101562,819.4356079101562,0,0.0,0.0
2005-01-04 00:00:00+09:00,790.7554931640625,819.4357442114637,790.7554931640625,790.7554931640625,0,0.0,0.0
2005-01-05 00:00:00+09:00,792.1210937499999,793.4868197737069,792.1210937499999,792.12109375,2000,0.0,0.0
2005-01-06 00:00:00+09:00,778.4639641898018,778.4639641898018,764.8067016601561,764.8067016601562,1000,0.0,0.0
2005-01-07 00:00:00+09:00,770.26953125,771.6352573692376,770.26953125,770.26953125,2000,0.0,0.0
2005-01-10 00:00:00+09:00,770.26953125,770.26953125,770.26953125,770.26953125,0,0.0,0.0
2005-01-11 00:00:00+09:00,757.97802734375,760.7094796945382,757.97802734375,757.97802734375,1500,0.0,0.0
2005-01-12 00:00:00+09:00,751.1494140625,751.1494140625,751.1494140625,751.1494140625,1000,0.0,0.0
2005-01-13 00:00:00+09:00,730.6634521484375,751.1493433301694,730.6634521484375,730.6634521484375,0,0.0,0.0
2005-01-14 00:00:00+09:00,736.1264359384212,737.4921621646521,723.8348999023438,723.8348999023438,2500,0.0,0.0
2005-01-17 00:00:00+09:00,747.0521477593315,757.9779561360676,730.6634351942274,737.4920654296875,6500,0.0,0.0
2005-01-18 00:00:00+09:00,723.8348999023438,723.8348999023438,723.8348999023438,723.8348999023438,500,0.0,0.0
2005-01-19 00:00:00+09:00,711.5432739257812,733.3948907833868,711.5432739257812,711.5432739257812,0,0.0,0.0
2005-01-20 00:00:00+09:00,711.5432739257812,733.3948907833868,711.5432739257812,711.5432739257812,0,0.0,0.0
2005-01-21 00:00:00+09:00,711.5432739257812,733.3948907833868,711.5432739257812,711.5432739257812,0,0.0,0.0
2005-01-24 00:00:00+09:00,695.1545985801548,696.5203247070312,695.1545985801548,696.5203247070312,1500,0.0,0.0
2005-01-25 00:00:00+09:00,695.154541015625,699.2517190569745,695.154541015625,695.154541015625,9500,0.0,0.0
2005-01-26 00:00:00+09:00,696.5203247070312,696.5203247070312,696.5203247070312,696.5203247070312,4500,0.0,0.0
2005-01-27 00:00:00+09:00,689.6917724609375,703.3490352819463,689.6917724609375,689.6917724609375,0,0.0,0.0
2005-01-28 00:00:00+09:00,695.1545985801548,696.5203247070312,695.1545985801548,696.5203247070312,1000,0.0,0.0
2005-01-31 00:00:00+09:00,695.1545985801548,696.5203247070312,695.1545985801548,696.5203247070312,1000,0.0,0.0
2005-02-01 00:00:00+09:00,695.1545795440675,696.5203056335449,655.5485229492188,655.5485229492188,11000,0.0,0.0
2005-02-02 00:00:00+09:00,676.0345275878907,682.8631591796875,676.0345275878907,682.8631591796875,1000,0.0,0.0
2005-02-03 00:00:00+09:00,669.2057596633566,684.2287461047789,655.5484992620636,665.1085815429688,7000,0.0,0.0
2005-02-04 00:00:00+09:00,665.1085815429688,665.1085815429688,665.1085815429688,665.1085815429688,500,0.0,0.0
2005-02-07 00:00:00+09:00,655.5485229492188,658.2799751281739,655.5485229492188,655.5485229492188,3500,0.0,0.0
2005-02-08 00:00:00+09:00,655.5485229492188,656.9142490386963,655.5485229492188,655.5485229492188,4000,0.0,0.0
2005-02-09 00:00:00+09:00,641.8912963867188,656.914284174493,641.8912963867188,641.8912963867188,0,0.0,0.0
2005-02-10 00:00:00+09:00,655.5485229492188,656.9142490386963,655.5485229492188,655.5485229492188,3500,0.0,0.0
2005-02-11 00:00:00+09:00,655.5485229492188,655.5485229492188,655.5485229492188,655.5485229492188,0,0.0,0.0
2005-02-14 00:00:00+09:00,655.5485229492188,682.8630447387695,655.5485229492188,655.5485229492188,0,0.0,0.0
2005-02-15 00:00:00+09:00,695.1546109127364,696.520337063842,667.840087890625,667.840087890625,6000,0.0,0.0
2005-02-16 00:00:00+09:00,676.034423828125,696.5203154592804,676.034423828125,676.034423828125,0,0.0,0.0
2005-02-17 00:00:00+09:00,674.6687622070312,677.4002146856022,674.6687622070312,674.6687622070312,2000,0.0,0.0
2005-02-18 00:00:00+09:00,684.2288208007812,684.2288208007812,684.2288208007812,684.2288208007812,500,0.0,0.0
2005-02-21 00:00:00+09:00,696.5203247070312,696.5203247070312,696.5203247070312,696.5203247070312,500,0.0,0.0
2005-02-22 00:00:00+09:00,707.4461669921875,723.8348812854427,707.4461669921875,707.4461669921875,0,0.0,0.0
2005-02-23 00:00:00+09:00,707.4461669921875,707.4461669921875,707.4461669921875,707.4461669921875,2500,0.0,0.0
2005-02-24 00:00:00+09:00,696.5203177928925,699.2517700195312,696.5203177928925,699.2517700195312,2500,0.0,0.0
2005-02-25 00:00:00+09:00,696.5204520089285,717.00634765625,696.5204520089285,717.00634765625,9500,0.0,0.0
2005-02-28 00:00:00+09:00,696.5203247070312,723.834847244562,696.5203247070312,696.5203247070312,0,0.0,0.0
2005-03-01 00:00:00+09:00,696.5203247070312,723.834847244562,696.5203247070312,696.5203247070312,0,0.0,0.0
2005-03-02 00:00:00+09:00,696.5203247070312,723.834847244562,696.5203247070312,696.5203247070312,0,0.0,0.0
2005-03-03 00:00:00+09:00,696.5203247070312,723.834847244562,696.5203247070312,696.5203247070312,0,0.0,0.0
2005-03-04 00:00:00+09:00,696.5203247070312,696.5203247070312,696.5203247070312,696.5203247070312,2000,0.0,0.0
2005-03-07 00:00:00+09:00,703.3489990234375,703.3489990234375,703.3489990234375,703.3489990234375,500,0.0,0.0
2005-03-08 00:00:00+09:00,703.3489990234375,703.3489990234375,703.3489990234375,703.3489990234375,500,0.0,0.0
2005-03-09 00:00:00+09:00,701.9832692700763,704.7147216796875,701.9832692700763,704.7147216796875,1000,0.0,0.0
2005-03-10 00:00:00+09:00,700.6174688485953,710.1775512695312,700.6174688485953,710.1775512695312,2000,0.0,0.0
2005-03-11 00:00:00+09:00,723.8348049587673,737.4920654296875,723.8348049587673,737.4920654296875,2000,0.0,0.0
2005-03-14 00:00:00+09:00,740.2234399638045,744.3206176757812,738.8577140598122,744.3206176757812,3500,0.0,0.0
2005-03-15 00:00:00+09:00,790.7552984115181,793.4867502195026,744.3206176757812,744.3206176757812,12000,0.0,0.0
2005-03-16 00:00:00+09:00,738.8578491210938,740.2235752747371,738.8578491210938,738.8578491210938,2500,0.0,0.0
2005-03-17 00:00:00+09:00,744.3206176757812,744.3206176757812,744.3206176757812,744.3206176757812,1000,0.0,0.0
2005-03-18 00:00:00+09:00,744.3206176757812,744.3206176757812,744.3206176757812,744.3206176757812,500,0.0,0.0
2005-03-21 00:00:00+09:00,744.3206176757812,744.3206176757812,744.3206176757812,744.3206176757812,0,0.0,0.0
2005-03-22 00:00:00+09:00,744.3206176757812,744.3206176757812,744.3206176757812,744.3206176757812,500,0.0,0.0
2005-03-23 00:00:00+09:00,732.0290845398509,744.3206176757812,730.6633586358587,744.3206176757812,8500,0.0,0.0
2005-03-24 00:00:00+09:00,744.3206176757812,744.3206176757812,744.3206176757812,744.3206176757812,9500,0.0,0.0
2005-03-25 00:00:00+09:00,723.8348217545268,742.9549868574766,723.8348217545268,730.6634521484375,11500,0.0,0.0
2005-03-28 00:00:00+09:00,738.9508666992188,745.8569495655667,732.044783832871,738.9508666992188,17500,12.0,0.0
2005-03-29 00:00:00+09:00,745.85693359375,752.7630163122107,741.7132839626736,745.85693359375,25500,0.0,0.0
2005-03-30 00:00:00+09:00,745.85693359375,747.2381501374421,744.4757170500578,745.85693359375,5000,0.0,0.0
2005-03-31 00:00:00+09:00,743.0945005063656,745.85693359375,743.0945005063656,745.85693359375,7000,0.0,0.0
2005-04-01 00:00:00+09:00,744.4757170500578,745.85693359375,744.4757170500578,745.85693359375,7500,0.0,0.0
2005-04-04 00:00:00+09:00,773.4811227780963,773.4811227780963,752.7628784179688,752.7628784179688,19500,0.0,0.0
2005-04-05 00:00:00+09:00,732.0447998046875,752.7630488557636,732.0447998046875,732.0447998046875,0,0.0,0.0
2005-04-06 00:00:00+09:00,732.0447998046875,752.7630488557636,732.0447998046875,732.0447998046875,0,0.0,0.0
2005-04-07 00:00:00+09:00,732.0447998046875,732.0447998046875,732.0447998046875,732.0447998046875,500,0.0,0.0
2005-04-08 00:00:00+09:00,718.2324829101562,718.2324829101562,718.2324829101562,718.2324829101562,1000,0.0,0.0
2005-04-11 00:00:00+09:00,697.5142822265625,732.0446922377785,697.5142822265625,697.5142822265625,0,0.0,0.0
2005-04-12 00:00:00+09:00,732.044723955173,732.044723955173,704.4203947493174,711.3264770507812,4000,0.0,0.0
2005-04-13 00:00:00+09:00,697.5142822265625,732.0446922377785,697.5142822265625,697.5142822265625,0,0.0,0.0
2005-04-14 00:00:00+09:00,703.0392117500305,707.182861328125,703.0392117500305,707.182861328125,4000,0.0,0.0
2005-04-15 00:00:00+09:00,718.2325892857143,727.9011049107144,718.2325892857143,725.138671875,8500,0.0,0.0
2005-04-18 00:00:00+09:00,711.326446231049,722.3761774346381,697.5142822265625,697.5142822265625,2000,0.0,0.0
2005-04-19 00:00:00+09:00,690.6082153320312,697.5142974853516,690.6082153320312,690.6082153320312,5500,0.0,0.0
2005-04-20 00:00:00+09:00,690.6082002243194,697.5142822265625,690.6082002243194,697.5142822265625,1000,0.0,0.0
2005-04-21 00:00:00+09:00,690.6082853823604,691.989501953125,690.6082853823604,691.989501953125,4000,0.0,0.0
2005-04-22 00:00:00+09:00,697.5142822265625,697.5142822265625,697.5142822265625,697.5142822265625,500,0.0,0.0
2005-04-25 00:00:00+09:00,656.0777815561446,696.133056640625,656.0777815561446,696.133056640625,14000,0.0,0.0
2005-04-26 00:00:00+09:00,665.7463989257812,696.1331640219788,665.7463989257812,665.7463989257812,0,0.0,0.0
2005-04-27 00:00:00+09:00,665.7463989257812,696.1331640219788,665.7463989257812,665.7463989257812,0,0.0,0.0
2005-04-28 00:00:00+09:00,665.7463989257812,696.1331640219788,665.7463989257812,665.7463989257812,0,0.0,0.0
2005-04-29 00:00:00+09:00,665.7463989257812,665.7463989257812,665.7463989257812,665.7463989257812,0,0.0,0.0
2005-05-02 00:00:00+09:00,662.9839477539062,696.1331451416016,662.9839477539062,662.9839477539062,0,0.0,0.0
2005-05-03 00:00:00+09:00,662.9839477539062,662.9839477539062,662.9839477539062,662.9839477539062,0,0.0,0.0
2005-05-04 00:00:00+09:00,662.9839477539062,662.9839477539062,662.9839477539062,662.9839477539062,0,0.0,0.0
2005-05-05 00:00:00+09:00,662.9839477539062,662.9839477539062,662.9839477539062,662.9839477539062,0,0.0,0.0
2005-05-06 00:00:00+09:00,696.1330959875608,711.3264770507812,696.1330959875608,711.3264770507812,2500,0.0,0.0
2005-05-09 00:00:00+09:00,711.3264770507812,711.3264770507812,711.3264770507812,711.3264770507812,500,0.0,0.0
2005-05-10 00:00:00+09:00,704.4204711914062,732.0448033949908,704.4204711914062,704.4204711914062,0,0.0,0.0
2005-05-11 00:00:00+09:00,711.3264770507812,712.7076935110741,711.3264770507812,711.3264770507812,1500,0.0,0.0
2005-05-12 00:00:00+09:00,691.9894317626953,693.3706481933593,690.6082153320312,690.6082153320312,3500,0.0,0.0
2005-05-13 00:00:00+09:00,693.3706481933593,693.3706481933593,690.6082153320312,690.6082153320312,3000,0.0,0.0
2005-05-16 00:00:00+09:00,708.5640040806361,709.9452204628595,690.6081911117311,696.133056640625,8500,0.0,0.0
2005-05-17 00:00:00+09:00,678.1773681640625,704.4204842437309,678.1773681640625,678.1773681640625,0,0.0,0.0
2005-05-18 00:00:00+09:00,682.321044921875,698.895645203378,682.321044921875,682.321044921875,0,0.0,0.0
2005-05-19 00:00:00+09:00,683.7021961212158,685.0834126790365,662.9839477539062,662.9839477539062,3500,0.0,0.0
2005-05-20 00:00:00+09:00,662.9839113379727,662.9839113379727,654.696612446248,657.4590454101562,1500,0.0,0.0
2005-05-23 00:00:00+09:00,635.3595282372008,649.1716918945312,621.5473645798703,649.1716918945312,8000,0.0,0.0
2005-05-24 00:00:00+09:00,649.1716918945312,649.1716918945312,649.1716918945312,649.1716918945312,1000,0.0,0.0
2005-05-25 00:00:00+09:00,656.0778649648031,725.138692855835,656.0778649648031,662.9839477539062,6500,0.0,0.0
2005-05-26 00:00:00+09:00,635.3595269097223,635.3595269097223,621.54736328125,621.54736328125,2000,0.0,0.0
2005-05-27 00:00:00+09:00,621.5474400895365,621.5474400895365,611.8789243548105,614.641357421875,2000,0.0,0.0
2005-05-30 00:00:00+09:00,616.0225830078125,621.5474492231292,616.0225830078125,616.0225830078125,0,0.0,0.0
2005-05-31 00:00:00+09:00,621.54736328125,624.3097960069445,616.0224978298611,621.54736328125,8000,0.0,0.0
2005-06-01 00:00:00+09:00,614.641357421875,624.3098731566012,614.641357421875,614.641357421875,0,0.0,0.0
2005-06-02 00:00:00+09:00,621.54736328125,621.54736328125,621.54736328125,621.54736328125,1500,0.0,0.0
2005-06-03 00:00:00+09:00,621.54736328125,621.54736328125,621.54736328125,621.54736328125,500,0.0,0.0
2005-06-06 00:00:00+09:00,621.54736328125,622.9285796440972,621.54736328125,621.54736328125,8500,0.0,0.0
2005-06-07 00:00:00+09:00,614.641357421875,614.641357421875,614.641357421875,614.641357421875,500,0.0,0.0
2005-06-08 00:00:00+09:00,620.1662235560043,620.1662235560043,614.641357421875,614.641357421875,2000,0.0,0.0
2005-06-09 00:00:00+09:00,606.3540649414062,621.5474469786624,606.3540649414062,606.3540649414062,0,0.0,0.0
2005-06-10 00:00:00+09:00,617.4037904889396,617.4037904889396,614.641357421875,614.641357421875,1000,0.0,0.0
2005-06-13 00:00:00+09:00,614.6414362077478,618.7850863394855,614.6414362077478,617.4038696289062,10500,0.0,0.0
2005-06-14 00:00:00+09:00,614.6413265689388,628.4534912109375,614.6413265689388,628.4534912109375,10000,0.0,0.0
2005-06-15 00:00:00+09:00,633.978310546875,635.3595269097223,618.7849305555555,621.54736328125,15000,0.0,0.0
2005-06-16 00:00:00+09:00,618.785007022472,618.785007022472,614.641357421875,614.641357421875,1500,0.0,0.0
2005-06-17 00:00:00+09:00,616.0224978298611,621.54736328125,616.0224978298611,621.54736328125,1000,0.0,0.0
2005-06-20 00:00:00+09:00,647.7904570489867,647.7904570489867,646.4092407226562,646.4092407226562,2500,0.0,0.0
2005-06-21 00:00:00+09:00,647.790554499222,656.077853703903,647.790554499222,651.9342041015625,9000,0.0,0.0
2005-06-22 00:00:00+09:00,646.40924996252,650.5528990007413,646.40924996252,647.7904663085938,2000,0.0,0.0
2005-06-23 00:00:00+09:00,649.1717010951598,650.5529174804688,649.1717010951598,650.5529174804688,1000,0.0,0.0
2005-06-24 00:00:00+09:00,649.1716733753171,650.5528897016476,642.2655917436648,646.4092407226562,12000,0.0,0.0
2005-06-27 00:00:00+09:00,640.8844018500554,640.8844018500554,622.9285888671875,622.9285888671875,3500,0.0,0.0
2005-06-28 00:00:00+09:00,628.4534544003776,628.4534544003776,622.9285888671875,622.9285888671875,1000,0.0,0.0
2005-06-29 00:00:00+09:00,621.54736328125,640.8843923611112,621.54736328125,621.54736328125,0,0.0,0.0
2005-06-30 00:00:00+09:00,642.2656993865967,665.7463808695476,642.2656993865967,662.9839477539062,3500,0.0,0.0
2005-07-01 00:00:00+09:00,628.4534912109375,669.8899851369333,628.4534912109375,628.4534912109375,0,0.0,0.0
2005-07-04 00:00:00+09:00,676.7961133321127,676.7961133321127,662.9839477539062,662.9839477539062,2000,0.0,0.0
2005-07-05 00:00:00+09:00,639.503173828125,669.8899337076471,639.503173828125,639.503173828125,0,0.0,0.0
2005-07-06 00:00:00+09:00,646.4092407226562,679.5584325545873,646.4092407226562,646.4092407226562,0,0.0,0.0
2005-07-07 00:00:00+09:00,646.4092407226562,679.5584325545873,646.4092407226562,646.4092407226562,0,0.0,0.0
2005-07-08 00:00:00+09:00,649.1716918945312,678.1772355749251,649.1716918945312,649.1716918945312,0,0.0,0.0
2005-07-11 00:00:00+09:00,650.5529539730675,656.0778198242188,650.5529539730675,656.0778198242188,1000,0.0,0.0
2005-07-12 00:00:00+09:00,656.0778289282022,657.4590454101562,656.0778289282022,657.4590454101562,1000,0.0,0.0
2005-07-13 00:00:00+09:00,658.8402800619851,660.2214965820312,658.8402800619851,660.2214965820312,2000,0.0,0.0
2005-07-14 00:00:00+09:00,678.1773681640625,678.1773681640625,676.7961515282905,678.1773681640625,2500,0.0,0.0
2005-07-15 00:00:00+09:00,770.7188586401799,772.100075232725,703.0392456054688,703.0392456054688,40000,0.0,0.0
2005-07-18 00:00:00+09:00,703.0392456054688,703.0392456054688,703.0392456054688,703.0392456054688,0,0.0,0.0
2005-07-19 00:00:00+09:00,686.4646606445312,686.4646606445312,686.4646606445312,686.4646606445312,500,0.0,0.0
2005-07-20 00:00:00+09:00,686.4646606445312,686.4646606445312,679.5585775394555,686.4646606445312,3500,0.0,0.0
2005-07-21 00:00:00+09:00,686.4646552590764,712.7077708524816,686.4646552590764,704.4204711914062,4500,0.0,0.0
2005-07-22 00:00:00+09:00,705.8016606618667,707.1828772189349,700.2767944335938,700.2767944335938,9000,0.0,0.0
2005-07-25 00:00:00+09:00,689.2270142834595,690.6082307449494,683.7021484375,683.7021484375,33500,0.0,0.0
2005-07-26 00:00:00+09:00,662.9839477539062,690.6082789103191,662.9839477539062,662.9839477539062,0,0.0,0.0
2005-07-27 00:00:00+09:00,669.889892578125,683.7020553116946,669.889892578125,669.889892578125,0,0.0,0.0
2005-07-28 00:00:00+09:00,690.6082307449494,690.6082307449494,683.7021484375,683.7021484375,3500,0.0,0.0
2005-07-29 00:00:00+09:00,689.2269989013671,690.6082153320312,689.2269989013671,690.6082153320312,2000,0.0,0.0
2005-08-01 00:00:00+09:00,690.6082153320312,690.6082153320312,683.7021331787109,690.6082153320312,4000,0.0,0.0
2005-08-02 00:00:00+09:00,689.2269989013671,690.6082153320312,689.2269989013671,690.6082153320312,1000,0.0,0.0
2005-08-03 00:00:00+09:00,683.7021331787109,693.3706481933593,683.7021331787109,690.6082153320312,6000,0.0,0.0
2005-08-04 00:00:00+09:00,690.6082153320312,691.9894317626953,690.6082153320312,690.6082153320312,7500,0.0,0.0
2005-08-05 00:00:00+09:00,679.5585417525039,680.9397583007812,679.5585417525039,680.9397583007812,1000,0.0,0.0
2005-08-08 00:00:00+09:00,676.7961604420731,679.55859375,676.7961604420731,679.55859375,1500,0.0,0.0
2005-08-09 00:00:00+09:00,679.55859375,679.55859375,679.55859375,679.55859375,3000,0.0,0.0
2005-08-10 00:00:00+09:00,678.1772674560547,690.6082153320312,678.1772674560547,690.6082153320312,3000,0.0,0.0
2005-08-11 00:00:00+09:00,691.9894317626953,691.9894317626953,690.6082153320312,690.6082153320312,5000,0.0,0.0
2005-08-12 00:00:00+09:00,680.9397583007812,718.2326051042724,680.9397583007812,680.9397583007812,0,0.0,0.0
2005-08-15 00:00:00+09:00,716.851318359375,718.2325347723989,690.608206511922,716.851318359375,11500,0.0,0.0
2005-08-16 00:00:00+09:00,718.2324312470009,719.6136474609375,715.4699988191279,719.6136474609375,12000,0.0,0.0
2005-08-17 00:00:00+09:00,718.2325593522452,718.2325593522452,711.3264770507812,711.3264770507812,2500,0.0,0.0
2005-08-18 00:00:00+09:00,705.8016448020935,707.182861328125,705.8016448020935,707.182861328125,3000,0.0,0.0
2005-08-19 00:00:00+09:00,707.1829044117648,708.564121021944,704.4204711914062,704.4204711914062,5500,0.0,0.0
2005-08-22 00:00:00+09:00,697.5143847195608,732.0447998046875,697.5143847195608,732.0447998046875,5500,0.0,0.0
2005-08-23 00:00:00+09:00,730.6634297297551,732.0446460430438,716.8512665968675,718.2324829101562,3500,0.0,0.0
2005-08-24 00:00:00+09:00,718.2325868348817,718.2325868348817,715.4701538085938,715.4701538085938,1000,0.0,0.0
2005-08-25 00:00:00+09:00,697.51432506038,704.4204074867204,693.3706756045757,694.7518920898438,13500,0.0,0.0
2005-08-26 00:00:00+09:00,694.7518920898438,716.851355854133,694.7518920898438,694.7518920898438,0,0.0,0.0
2005-08-29 00:00:00+09:00,694.7518920898438,716.851355854133,694.7518920898438,694.7518920898438,0,0.0,0.0
2005-08-30 00:00:00+09:00,694.7518920898438,696.1331085751118,694.7518920898438,694.7518920898438,11000,0.0,0.0
2005-08-31 00:00:00+09:00,704.4204711914062,705.8016878015856,704.4204711914062,704.4204711914062,2500,0.0,0.0
2005-09-01 00:00:00+09:00,704.4204711914062,705.8016878015856,703.039254581227,704.4204711914062,12500,0.0,0.0
2005-09-02 00:00:00+09:00,709.9452696807624,712.7077026367188,709.9452696807624,712.7077026367188,1500,0.0,0.0
2005-09-05 00:00:00+09:00,711.3264770507812,718.2325593522452,711.3264770507812,711.3264770507812,0,0.0,0.0
2005-09-06 00:00:00+09:00,711.3265542423024,712.7077708524816,703.039254581227,704.4204711914062,7000,0.0,0.0
2005-09-07 00:00:00+09:00,697.5142822265625,705.8015806292543,697.5142822265625,697.5142822265625,0,0.0,0.0
2005-09-08 00:00:00+09:00,705.8016878015856,705.8016878015856,704.4204711914062,704.4204711914062,1000,0.0,0.0
2005-09-09 00:00:00+09:00,708.5640441301957,711.3264770507812,704.4203947493174,711.3264770507812,2000,0.0,0.0
2005-09-12 00:00:00+09:00,718.2325892857143,725.138671875,718.2325892857143,725.138671875,5500,0.0,0.0
2005-09-13 00:00:00+09:00,725.1386472994077,732.0447296546402,725.1386472994077,730.6635131835938,6000,0.0,0.0
2005-09-14 00:00:00+09:00,732.0447998046875,732.0447998046875,725.1387167876621,732.0447998046875,10000,0.0,0.0
2005-09-15 00:00:00+09:00,732.0447998046875,734.8072330114977,730.6635832012824,732.0447998046875,14500,0.0,0.0
2005-09-16 00:00:00+09:00,732.0447998046875,737.5696662183078,732.0447998046875,732.0447998046875,7500,0.0,0.0
2005-09-19 00:00:00+09:00,732.0447998046875,732.0447998046875,732.0447998046875,732.0447998046875,0,0.0,0.0
2005-09-20 00:00:00+09:00,737.5696343315972,745.85693359375,732.0447681568287,745.85693359375,4500,0.0,0.0
2005-09-21 00:00:00+09:00,732.0447998046875,752.7630488557636,732.0447998046875,732.0447998046875,0,0.0,0.0
2005-09-22 00:00:00+09:00,745.8569447315522,758.2878938104114,745.8569447315522,756.9066772460938,22500,0.0,0.0
2005-09-23 00:00:00+09:00,756.9066772460938,756.9066772460938,756.9066772460938,756.9066772460938,0,0.0,0.0
2005-09-26 00:00:00+09:00,751.381708096591,759.6690063476562,751.381708096591,759.6690063476562,27500,0.0,0.0
2005-09-27 00:00:00+09:00,761.0502684447142,767.9563507355011,759.6690519865568,766.5751342773438,6500,0.0,0.0
2005-09-28 00:00:00+09:00,787.293423158336,792.8182892857631,787.293423158336,791.4370727539062,9500,0.0,0.0
2005-09-29 00:00:00+09:00,796.9619591572031,805.2492585591843,796.9619591572031,803.8680419921875,12000,0.0,0.0
2005-09-30 00:00:00+09:00,808.0115966796875,812.1552458934294,805.2491638705261,808.0115966796875,7000,0.0,0.0
2005-10-03 00:00:00+09:00,806.6303802751067,808.0115966796875,806.6303802751067,808.0115966796875,4000,0.0,0.0
2005-10-04 00:00:00+09:00,821.823760725494,823.2049771300748,805.2491638705261,808.0115966796875,8000,0.0,0.0
2005-10-05 00:00:00+09:00,799.7243133544921,801.1055297851562,780.3872833251953,801.1055297851562,12500,0.0,0.0
2005-10-06 00:00:00+09:00,787.2933959960938,823.2050245853892,787.2933959960938,787.2933959960938,0,0.0,0.0
2005-10-07 00:00:00+09:00,787.2933959960938,808.0116432591487,787.2933959960938,787.2933959960938,0,0.0,0.0
2005-10-10 00:00:00+09:00,787.2933959960938,787.2933959960938,787.2933959960938,787.2933959960938,0,0.0,0.0
2005-10-11 00:00:00+09:00,787.2934050818876,788.6746215820312,787.2934050818876,788.6746215820312,2000,0.0,0.0
2005-10-12 00:00:00+09:00,787.2933959960938,787.2933959960938,785.91217951189,787.2933959960938,4500,0.0,0.0
2005-10-13 00:00:00+09:00,773.4811769309619,779.0060424804688,773.4811769309619,779.0060424804688,4000,0.0,0.0
2005-10-14 00:00:00+09:00,777.6248504638671,779.0060668945312,772.0999847412108,773.481201171875,6500,0.0,0.0
2005-10-17 00:00:00+09:00,759.6689598713446,773.4811227780963,751.3816621272936,752.7628784179688,36500,0.0,0.0
2005-10-18 00:00:00+09:00,752.762991400326,752.762991400326,750.0005584043614,751.3817749023438,6500,0.0,0.0
2005-10-19 00:00:00+09:00,756.9066862512808,759.6691194127818,756.9066862512808,758.2879028320312,4500,0.0,0.0
2005-10-20 00:00:00+09:00,754.1442441174584,756.9066772460938,752.7630275531407,756.9066772460938,3000,0.0,0.0
2005-10-21 00:00:00+09:00,756.9066190702421,766.5751342773438,754.1441861539273,766.5751342773438,3000,0.0,0.0
2005-10-24 00:00:00+09:00,755.5254875501573,765.1940038442178,754.1442709367201,761.0503540039062,8500,0.0,0.0
2005-10-25 00:00:00+09:00,763.8126554731889,765.1938718483665,751.381708096591,759.6690063476562,7500,0.0,0.0
2005-10-26 00:00:00+09:00,747.2382202148438,765.1940369667716,747.2382202148438,747.2382202148438,0,0.0,0.0
2005-10-27 00:00:00+09:00,759.6690063476562,763.8126554731889,759.6690063476562,759.6690063476562,6000,0.0,0.0
2005-10-28 00:00:00+09:00,752.7629244717684,759.6690063476562,752.7629244717684,759.6690063476562,1000,0.0,0.0
2005-10-31 00:00:00+09:00,758.2879028320312,759.6691194127818,756.9066862512808,758.2879028320312,3000,0.0,0.0
2005-11-01 00:00:00+09:00,759.6689598713446,759.6689598713446,752.7628784179688,752.7628784179688,9000,0.0,0.0
2005-11-02 00:00:00+09:00,758.2877435806694,759.6689598713446,751.3816621272936,752.7628784179688,14000,0.0,0.0
2005-11-03 00:00:00+09:00,752.7628784179688,752.7628784179688,752.7628784179688,752.7628784179688,0,0.0,0.0
2005-11-04 00:00:00+09:00,767.9563354492187,777.6248504638671,766.5751190185547,773.481201171875,11000,0.0,0.0
2005-11-07 00:00:00+09:00,779.0060668945312,780.3872833251953,772.0999847412108,773.481201171875,8500,0.0,0.0
2005-11-08 00:00:00+09:00,773.481201171875,780.3872833251953,772.0999847412108,773.481201171875,5000,0.0,0.0
2005-11-09 00:00:00+09:00,777.624865404212,794.199462890625,777.624865404212,794.199462890625,1000,0.0,0.0
2005-11-10 00:00:00+09:00,784.5309326171874,791.4370147705077,773.481201171875,773.481201171875,6500,0.0,0.0
2005-11-11 00:00:00+09:00,780.3873381597836,781.7685546875,780.3873381597836,781.7685546875,1000,0.0,0.0
2005-11-14 00:00:00+09:00,780.3872954677528,787.2933777285294,780.3872954677528,784.5309448242188,5000,0.0,0.0
2005-11-15 00:00:00+09:00,784.5310594512194,828.7299923780487,784.5310594512194,792.818359375,23500,0.0,0.0
2005-11-16 00:00:00+09:00,794.1994110743204,798.3430601755778,787.2933292388916,795.5806274414062,9000,0.0,0.0
2005-11-17 00:00:00+09:00,794.1994875826059,795.5807040827495,785.912188581744,788.6746215820312,7500,0.0,0.0
2005-11-18 00:00:00+09:00,774.8623657226562,794.199394457268,774.8623657226562,774.8623657226562,0,0.0,0.0
2005-11-21 00:00:00+09:00,780.3872519753196,783.1496847256747,759.6690063476562,759.6690063476562,14500,0.0,0.0
2005-11-22 00:00:00+09:00,761.0502684447142,767.9563507355011,761.0502684447142,766.5751342773438,5000,0.0,0.0
2005-11-23 00:00:00+09:00,766.5751342773438,766.5751342773438,766.5751342773438,766.5751342773438,0,0.0,0.0
2005-11-24 00:00:00+09:00,765.1938903366311,766.5751067451808,761.0502411109813,762.4314575195312,6000,0.0,0.0
2005-11-25 00:00:00+09:00,799.724310159252,801.1055265843976,762.4314666803232,763.8126831054688,6000,0.0,0.0
2005-11-28 00:00:00+09:00,763.812701361029,770.7187836518158,763.812701361029,766.5751342773438,8000,0.0,0.0
2005-11-29 00:00:00+09:00,765.1939178191864,766.5751342773438,765.1939178191864,766.5751342773438,1000,0.0,0.0
2005-11-30 00:00:00+09:00,766.5751433887069,767.9563598632812,766.5751433887069,767.9563598632812,1000,0.0,0.0
2005-12-01 00:00:00+09:00,767.9563598632812,801.1055552530631,767.9563598632812,767.9563598632812,0,0.0,0.0
2005-12-02 00:00:00+09:00,801.1055297851562,801.1055297851562,773.481201171875,773.481201171875,4500,0.0,0.0
2005-12-05 00:00:00+09:00,779.006081861413,795.5806793478262,779.006081861413,794.199462890625,2000,0.0,0.0
2005-12-06 00:00:00+09:00,792.8182619329084,794.1994784171121,779.0060970908717,787.2933959960938,12000,0.0,0.0
2005-12-07 00:00:00+09:00,780.3872588678454,783.1496916425989,777.624826093092,779.0060424804688,14500,0.0,0.0
2005-12-08 00:00:00+09:00,773.481201171875,794.1994476318359,773.481201171875,773.481201171875,0,0.0,0.0
2005-12-09 00:00:00+09:00,788.6746215820312,794.1994875826059,787.2934050818876,788.6746215820312,3000,0.0,0.0
2005-12-12 00:00:00+09:00,801.1055209202838,828.7298492278798,798.3430880895243,827.3486328125,32500,0.0,0.0
2005-12-13 00:00:00+09:00,828.7298492278798,828.7298492278798,816.2989014894616,827.3486328125,27500,0.0,0.0
2005-12-14 00:00:00+09:00,823.2049711327464,828.7298367108185,814.9176727656383,816.2988891601562,5000,0.0,0.0
2005-12-15 00:00:00+09:00,828.7297652939618,830.1109815694518,814.9176025390625,814.9176025390625,10000,0.0,0.0
2005-12-16 00:00:00+09:00,813.5365600585938,814.9177766291516,801.1056109235727,813.5365600585938,4500,0.0,0.0
2005-12-19 00:00:00+09:00,801.1054170644633,802.4866333007812,787.2932547012828,802.4866333007812,6000,0.0,0.0
2005-12-20 00:00:00+09:00,802.4867092768351,802.4867092768351,794.1994110743204,795.5806274414062,13000,0.0,0.0
2005-12-21 00:00:00+09:00,801.1055297851562,803.8679626464843,794.1994476318359,801.1055297851562,18500,0.0,0.0
2005-12-22 00:00:00+09:00,802.486818586077,816.2989841383331,799.7243854756258,812.1553344726562,30000,0.0,0.0
2005-12-23 00:00:00+09:00,812.1553344726562,812.1553344726562,812.1553344726562,812.1553344726562,0,0.0,0.0
2005-12-26 00:00:00+09:00,821.8238705326764,830.1111700674597,820.4426539435458,824.5863037109375,17000,0.0,0.0
2005-12-27 00:00:00+09:00,824.5860736950024,828.729722306535,816.298776471937,817.6799926757812,8500,0.0,0.0
2005-12-28 00:00:00+09:00,816.2989910951594,817.6802076621564,803.8680419921875,803.8680419921875,31000,0.0,0.0
2005-12-29 00:00:00+09:00,814.9176727656383,817.6801055546744,814.9176727656383,816.2988891601562,11000,0.0,0.0
2005-12-30 00:00:00+09:00,816.2989014894616,830.1110656432596,802.4867373356636,827.3486328125,11500,0.0,0.0
2006-01-02 00:00:00+09:00,827.3486328125,827.3486328125,827.3486328125,827.3486328125,0,0.0,0.0
2006-01-03 00:00:00+09:00,827.3486328125,827.3486328125,827.3486328125,827.3486328125,0,0.0,0.0
2006-01-04 00:00:00+09:00,828.7298283811476,854.9729396132172,828.7298283811476,842.5419921875,8000,0.0,0.0
2006-01-05 00:00:00+09:00,842.5420738306492,859.1166720043669,842.5420738306492,854.9730224609375,33000,0.0,0.0
2006-01-06 00:00:00+09:00,856.3541929804564,896.4094697488971,856.3541929804564,875.6912231445312,25000,0.0,0.0
2006-01-09 00:00:00+09:00,875.6912231445312,875.6912231445312,875.6912231445312,875.6912231445312,0,0.0,0.0
2006-01-10 00:00:00+09:00,877.072525751023,889.5034749348957,870.1664428710936,870.1664428710938,15500,0.0,0.0
2006-01-11 00:00:00+09:00,870.166366949314,871.5475834047892,849.4481201171875,849.4481201171875,16000,0.0,0.0
2006-01-12 00:00:00+09:00,856.3543199388079,925.4151521919375,856.3543199388079,924.033935546875,25500,0.0,0.0
2006-01-13 00:00:00+09:00,925.4150334800162,926.7962499478967,903.3155699939263,906.0780029296875,7000,0.0,0.0
2006-01-16 00:00:00+09:00,925.414967767873,980.6636225599848,911.602804069845,969.6138916015625,22000,0.0,0.0
2006-01-17 00:00:00+09:00,955.8017700195312,959.9454193115233,937.8459564208983,939.2271728515625,12500,0.0,0.0
2006-01-18 00:00:00+09:00,939.2271897230692,939.2271897230692,842.542037839812,849.4481201171875,35000,0.0,0.0
2006-01-19 00:00:00+09:00,856.3540414663461,897.79052734375,841.160663311298,897.79052734375,36500,0.0,0.0
2006-01-20 00:00:00+09:00,939.2272986209754,939.2272986209754,908.8405330773556,911.6029663085938,3000,0.0,0.0
2006-01-23 00:00:00+09:00,901.9343478479117,901.9343478479117,885.3597503376898,886.740966796875,4500,0.0,0.0
2006-01-24 00:00:00+09:00,885.359732055664,897.7906799316405,883.978515625,883.978515625,4500,0.0,0.0
2006-01-25 00:00:00+09:00,897.7906799316405,904.6967620849608,883.978515625,883.978515625,8500,0.0,0.0
2006-01-26 00:00:00+09:00,889.5032301682692,897.79052734375,889.5032301682692,897.79052734375,10500,0.0,0.0
2006-01-27 00:00:00+09:00,899.1718667101504,925.4149780273438,899.1718667101504,925.4149780273438,18000,0.0,0.0
2006-01-30 00:00:00+09:00,918.5088961017666,925.4149780273438,918.5088961017666,925.4149780273438,11000,0.0,0.0
2006-01-31 00:00:00+09:00,937.8459564208983,939.2271728515624,937.8459564208983,939.2271728515625,1000,0.0,0.0
2006-02-01 00:00:00+09:00,940.6083892822265,953.039337158203,939.2271728515624,939.2271728515625,9000,0.0,0.0
2006-02-02 00:00:00+09:00,953.03953409538,966.8517012561827,951.6583173792998,959.9456176757812,8000,0.0,0.0
2006-02-03 00:00:00+09:00,906.0780029296875,959.9454451770317,906.0780029296875,906.0780029296875,0,0.0,0.0
2006-02-06 00:00:00+09:00,966.8515014648436,966.8515014648436,939.2271728515624,939.2271728515625,3500,0.0,0.0
2006-02-07 00:00:00+09:00,911.6029663085938,912.9841829242129,911.6029663085938,911.6029663085938,2000,0.0,0.0
2006-02-08 00:00:00+09:00,925.4149780273438,925.4149780273438,925.4149780273438,925.4149780273438,500,0.0,0.0
2006-02-09 00:00:00+09:00,924.033935546875,925.4151521919375,924.033935546875,924.033935546875,3000,0.0,0.0
2006-02-10 00:00:00+09:00,925.4151521919375,925.4151521919375,922.6527189018124,924.033935546875,6500,0.0,0.0
2006-02-13 00:00:00+09:00,924.0337921142577,925.4150085449218,878.4536499023437,883.978515625,13500,0.0,0.0
2006-02-14 00:00:00+09:00,877.0724586387734,877.0724586387734,850.829345703125,850.829345703125,4500,0.0,0.0
2006-02-15 00:00:00+09:00,849.4481942313057,897.790774390811,849.4481942313057,870.1664428710938,18500,0.0,0.0
2006-02-16 00:00:00+09:00,870.1665128051951,872.9289461791799,870.1665128051951,871.5477294921875,3000,0.0,0.0
2006-02-17 00:00:00+09:00,861.8789765625,863.2601928710939,861.8789765625,863.2601928710938,2000,0.0,0.0
2006-02-20 00:00:00+09:00,863.2602210806198,864.6414374343487,820.442514115021,821.82373046875,9000,0.0,0.0
2006-02-21 00:00:00+09:00,799.7243287194294,808.0116274626359,780.3872983186142,794.199462890625,47500,0.0,0.0
2006-02-22 00:00:00+09:00,792.8183798702,794.1995965598694,718.2326786280559,748.6194458007812,84000,0.0,0.0
2006-02-23 00:00:00+09:00,758.2878824869791,758.2878824869791,734.8072012442129,745.85693359375,98000,0.0,0.0
2006-02-24 00:00:00+09:00,748.6193344383909,794.1994784171121,748.6193344383909,787.2933959960938,63500,0.0,0.0
2006-02-27 00:00:00+09:00,792.8182736301093,799.7243561530196,787.2934076117809,798.3431396484375,51500,0.0,0.0
2006-02-28 00:00:00+09:00,798.3432259908536,801.1056592987804,787.2934927591463,792.818359375,17500,0.0,0.0
2006-03-01 00:00:00+09:00,787.2932963791288,799.7242431640625,779.0059985225065,799.7242431640625,22000,0.0,0.0
2006-03-02 00:00:00+09:00,792.8182619329084,794.1994784171121,761.0502827962239,787.2933959960938,18000,0.0,0.0
2006-03-03 00:00:00+09:00,787.2934749576596,792.8183414485904,769.3376588621339,790.055908203125,36000,0.0,0.0
2006-03-06 00:00:00+09:00,772.0999275759204,784.5308745315256,772.0999275759204,783.149658203125,4500,0.0,0.0
2006-03-07 00:00:00+09:00,773.4811700994318,774.8623864746094,756.9065735973011,759.6690063476562,13500,0.0,0.0
2006-03-08 00:00:00+09:00,767.9564298838644,770.7188630848855,767.9564298838644,769.337646484375,4500,0.0,0.0
2006-03-09 00:00:00+09:00,769.3376869864474,770.7189036596725,738.9509201754925,747.2382202148438,123000,0.0,0.0
2006-03-10 00:00:00+09:00,745.8569089104147,752.762991400326,743.0944759144502,751.3817749023438,49000,0.0,0.0
2006-03-13 00:00:00+09:00,752.7628784179688,756.9065272899942,741.7131480925673,752.7628784179688,75500,0.0,0.0
2006-03-14 00:00:00+09:00,752.7629607162751,766.5751251330875,752.7629607162751,765.1939086914062,28000,0.0,0.0
2006-03-15 00:00:00+09:00,772.0999514103783,777.6248168945312,765.193869555187,777.6248168945312,29500,0.0,0.0
2006-03-16 00:00:00+09:00,776.2436340332031,777.6248504638671,745.8568725585938,773.481201171875,36500,0.0,0.0
2006-03-17 00:00:00+09:00,769.337655453699,772.1000886869259,763.8127889872451,770.7188720703125,7500,0.0,0.0
2006-03-20 00:00:00+09:00,772.0999847412108,774.862417602539,772.0999847412108,773.481201171875,24000,0.0,0.0
2006-03-21 00:00:00+09:00,773.481201171875,773.481201171875,773.481201171875,773.481201171875,0,0.0,0.0
2006-03-22 00:00:00+09:00,773.481231154057,788.6746124802974,772.1000146698533,787.2933959960938,26000,0.0,0.0
2006-03-23 00:00:00+09:00,788.6746396901929,791.4370727539062,787.293423158336,791.4370727539062,4000,0.0,0.0
2006-03-24 00:00:00+09:00,788.6746215820312,792.8182710824623,787.2934050818876,788.6746215820312,19000,0.0,0.0
2006-03-27 00:00:00+09:00,791.4370545823186,791.4370545823186,777.6248895808819,788.6746215820312,17500,0.0,0.0
2006-03-28 00:00:00+09:00,781.6951192764037,783.0910034179688,781.6951192764037,783.0910034179688,1500,12.0,0.0
2006-03-29 00:00:00+09:00,783.0910746983119,784.4869589669364,781.6951904296875,781.6951904296875,7500,0.0,0.0
2006-03-30 00:00:00+09:00,784.486949033995,784.486949033995,774.7157592773438,774.7157592773438,3000,0.0,0.0
2006-03-31 00:00:00+09:00,781.6950483763345,785.8827004212078,780.2991643613768,784.48681640625,20000,0.0,0.0
2006-04-03 00:00:00+09:00,781.6952606471239,788.6746826171875,781.6952606471239,788.6746826171875,20000,0.0,0.0
2006-04-04 00:00:00+09:00,794.2582486780678,802.6335553425114,794.2582486780678,801.2376708984375,32000,0.0,0.0
2006-04-05 00:00:00+09:00,802.6334328487002,813.8005066970298,802.6334328487002,809.6128540039062,36500,0.0,0.0
2006-04-06 00:00:00+09:00,811.0086976142778,816.5922342587824,811.0086976142778,815.1963500976562,15500,0.0,0.0
2006-04-07 00:00:00+09:00,812.4046020507812,813.8004862467449,812.4046020507812,812.4046020507812,5500,0.0,0.0
2006-04-10 00:00:00+09:00,812.404530965239,813.8004150390625,808.2168787437688,813.8004150390625,4000,0.0,0.0
2006-04-11 00:00:00+09:00,812.4046224659886,813.8005066970298,805.4252013107825,809.6128540039062,37000,0.0,0.0
2006-04-12 00:00:00+09:00,808.2168579101562,811.008625985839,805.4250898344735,808.2168579101562,23000,0.0,0.0
2006-04-13 00:00:00+09:00,808.2168579101562,809.6127419479976,808.2168579101562,808.2168579101562,3000,0.0,0.0
2006-04-14 00:00:00+09:00,805.4251607611105,808.2169290826395,805.4251607611105,806.821044921875,14000,0.0,0.0
2006-04-17 00:00:00+09:00,795.6540018896227,798.4457703173056,794.2581176757812,794.2581176757812,18000,0.0,0.0
2006-04-18 00:00:00+09:00,783.090983253601,792.8621719929507,783.090983253601,785.8827514648438,22000,0.0,0.0
2006-04-19 00:00:00+09:00,792.8622436523438,798.4457805794729,787.2787067252145,792.8622436523438,14000,0.0,0.0
2006-04-20 00:00:00+09:00,792.8622436523438,794.258127884126,791.4663594205614,792.8622436523438,15000,0.0,0.0
2006-04-21 00:00:00+09:00,794.2581176757812,795.6540018896227,785.8828123927326,794.2581176757812,9000,0.0,0.0
2006-04-24 00:00:00+09:00,794.2581387906462,795.6540230415964,774.7157592773438,774.7157592773438,37000,0.0,0.0
2006-04-25 00:00:00+09:00,770.5281854950222,791.466451405213,770.5281854950222,788.6746826171875,11500,0.0,0.0
2006-04-26 00:00:00+09:00,791.4665212530839,795.6541748046875,791.4665212530839,795.6541748046875,3000,0.0,0.0
2006-04-27 00:00:00+09:00,788.6745504102943,790.0704345703125,788.6745504102943,790.0704345703125,1000,0.0,0.0
2006-04-28 00:00:00+09:00,795.6541045872511,795.6541045872511,788.6746826171875,788.6746826171875,1000,0.0,0.0
2006-05-01 00:00:00+09:00,795.6541748046875,795.6541748046875,788.6747522186815,795.6541748046875,37000,0.0,0.0
2006-05-02 00:00:00+09:00,795.6539815445079,797.0498657226562,794.2580973663597,797.0498657226562,50000,0.0,0.0
2006-05-03 00:00:00+09:00,797.0498657226562,797.0498657226562,797.0498657226562,797.0498657226562,0,0.0,0.0
2006-05-04 00:00:00+09:00,797.0498657226562,797.0498657226562,797.0498657226562,797.0498657226562,0,0.0,0.0
2006-05-05 00:00:00+09:00,797.0498657226562,797.0498657226562,797.0498657226562,797.0498657226562,0,0.0,0.0
2006-05-08 00:00:00+09:00,804.0292866133975,804.0292866133975,795.6539815445079,797.0498657226562,3000,0.0,0.0
2006-05-09 00:00:00+09:00,788.6746826171875,797.0499889812638,788.6746826171875,788.6746826171875,0,0.0,0.0
2006-05-10 00:00:00+09:00,795.6539815445079,797.0498657226562,795.6539815445079,797.0498657226562,1000,0.0,0.0
2006-05-11 00:00:00+09:00,781.6951904296875,797.0499173845564,781.6951904296875,781.6951904296875,0,0.0,0.0
2006-05-12 00:00:00+09:00,783.0909323912923,784.48681640625,783.0909323912923,784.48681640625,2000,0.0,0.0
2006-05-15 00:00:00+09:00,792.8621924089239,794.2580765504888,781.6951192764037,783.0910034179688,12500,0.0,0.0
2006-05-16 00:00:00+09:00,753.7775171582944,756.5692857403621,741.2145585389894,746.798095703125,7000,0.0,0.0
2006-05-17 00:00:00+09:00,771.9240469125601,781.6952373798077,718.8804415189303,725.85986328125,36500,0.0,0.0
2006-05-18 00:00:00+09:00,725.8597921723301,727.2556763880461,713.2968342308859,718.88037109375,11500,0.0,0.0
2006-05-19 00:00:00+09:00,718.8804211379011,730.047495641014,718.8804211379011,728.651611328125,2000,0.0,0.0
2006-05-22 00:00:00+09:00,727.255747633714,730.0475163386419,723.0680945763221,725.85986328125,8000,0.0,0.0
2006-05-23 00:00:00+09:00,725.859823716959,727.2557079933378,704.9215595712775,706.3174438476562,14000,0.0,0.0
2006-05-24 00:00:00+09:00,706.3174339796968,713.2968552640812,697.9421284384356,699.3380126953125,21500,0.0,0.0
2006-05-25 00:00:00+09:00,697.9422176585477,711.9010620117188,697.9422176585477,711.9010620117188,9000,0.0,0.0
2006-05-26 00:00:00+09:00,697.9421284384356,699.3380126953125,697.9421284384356,699.3380126953125,1000,0.0,0.0
2006-05-29 00:00:00+09:00,703.5256449583748,707.7132976069365,700.7338765260002,702.1297607421875,6500,0.0,0.0
2006-05-30 00:00:00+09:00,699.3379184722901,704.9214547475179,665.8367008209229,670.0243530273438,61000,0.0,0.0
2006-05-31 00:00:00+09:00,670.0243530273438,671.4202370961508,670.0243530273438,670.0243530273438,16000,0.0,0.0
2006-06-01 00:00:00+09:00,670.0243932845744,671.4202774372507,656.0655517578125,656.0655517578125,8000,0.0,0.0
2006-06-02 00:00:00+09:00,668.6286146081012,670.0244989809783,615.5850084387738,642.1068115234375,52000,0.0,0.0
2006-06-05 00:00:00+09:00,654.6695797005879,685.37902693601,654.6695797005879,677.0037231445312,6000,0.0,0.0
2006-06-06 00:00:00+09:00,675.6079190818213,677.0038032121556,649.0861206054688,649.0861206054688,14000,0.0,0.0
2006-06-07 00:00:00+09:00,651.8779610046653,651.8779610046653,637.9191181565997,639.3150024414062,21000,0.0,0.0
2006-06-08 00:00:00+09:00,633.7313190425208,635.1272030051696,598.8342199763027,608.6054077148438,57500,0.0,0.0
2006-06-09 00:00:00+09:00,608.6054486836473,621.1684051931721,608.6054486836473,611.397216796875,4500,0.0,0.0
2006-06-12 00:00:00+09:00,628.1479677946671,644.8985802691916,628.1479677946671,642.1068115234375,2500,0.0,0.0
2006-06-13 00:00:00+09:00,650.4821072990103,654.6697603502915,642.106801196448,643.502685546875,4000,0.0,0.0
2006-06-14 00:00:00+09:00,621.1685275607639,630.9397178819445,616.9808745659723,628.14794921875,25000,0.0,0.0
2006-06-15 00:00:00+09:00,615.584990234375,628.14794921875,614.1891059027778,628.14794921875,34500,0.0,0.0
2006-06-16 00:00:00+09:00,628.14794921875,642.1067925347222,623.9602962239584,628.14794921875,52000,0.0,0.0
2006-06-19 00:00:00+09:00,628.1477846171522,630.9395525487839,612.7930609931773,616.980712890625,29000,0.0,0.0
2006-06-20 00:00:00+09:00,626.7519826443396,628.147866792768,597.4384155273438,597.4384155273438,39000,0.0,0.0
2006-06-21 00:00:00+09:00,605.8138349817154,608.605603806516,584.8755687957115,590.4591064453125,109500,0.0,0.0
2006-06-22 00:00:00+09:00,590.4590645805517,604.4179077148438,590.4590645805517,604.4179077148438,37000,0.0,0.0
2006-06-23 00:00:00+09:00,603.0219828523782,604.4178670719439,597.4384459741154,601.6260986328125,27500,0.0,0.0
2006-06-26 00:00:00+09:00,601.6261606732537,603.0220450367647,593.2508544921875,593.2508544921875,18500,0.0,0.0
2006-06-27 00:00:00+09:00,593.2507832845052,603.02197265625,591.8548990885417,603.02197265625,40000,0.0,0.0
2006-06-28 00:00:00+09:00,598.8343782552083,629.5438335503472,598.8343782552083,628.14794921875,14000,0.0,0.0
2006-06-29 00:00:00+09:00,626.7520648871528,635.1273708767361,623.9602962239584,628.14794921875,16500,0.0,0.0
2006-06-30 00:00:00+09:00,642.1067820208564,644.8985506383384,626.7520546247055,629.5438232421875,4000,0.0,0.0
2006-07-03 00:00:00+09:00,637.9191395399306,646.294445529514,628.14794921875,628.14794921875,25500,0.0,0.0
2006-07-04 00:00:00+09:00,633.731424967448,642.1067301432292,633.731424967448,636.523193359375,5000,0.0,0.0
2006-07-05 00:00:00+09:00,635.1273708767361,636.5232552083334,623.9602962239584,628.14794921875,33000,0.0,0.0
2006-07-06 00:00:00+09:00,628.1480013386587,635.127423575755,614.1891568644663,621.1685791015625,42000,0.0,0.0
2006-07-07 00:00:00+09:00,628.1479389334465,632.3355918596695,628.1479389334465,629.5438232421875,6000,0.0,0.0
2006-07-10 00:00:00+09:00,628.1479677946671,643.5026958963145,626.7520834217901,642.1068115234375,17000,0.0,0.0
2006-07-11 00:00:00+09:00,643.5025840841314,651.8778888661375,642.106699953797,649.0861206054688,23000,0.0,0.0
2006-07-12 00:00:00+09:00,649.0860805226796,656.0655007433536,642.1066603020056,654.6696166992188,4000,0.0,0.0
2006-07-13 00:00:00+09:00,649.0861919008452,649.0861919008452,647.6903076171875,647.6903076171875,6000,0.0,0.0
2006-07-14 00:00:00+09:00,643.5026768663195,646.294445529514,626.7520648871528,628.14794921875,13000,0.0,0.0
2006-07-17 00:00:00+09:00,628.14794921875,628.14794921875,628.14794921875,628.14794921875,0,0.0,0.0
2006-07-18 00:00:00+09:00,628.1479410431401,629.5438253565693,601.6261390879853,604.4179077148438,20000,0.0,0.0
2006-07-19 00:00:00+09:00,607.2095237521951,610.0012916774925,607.2095237521951,608.6054077148438,4000,0.0,0.0
2006-07-20 00:00:00+09:00,622.564412709829,623.9602970432591,598.8343790415171,619.7726440429688,12500,0.0,0.0
2006-07-21 00:00:00+09:00,622.5642994895953,622.5642994895953,610.0013427734375,610.0013427734375,4500,0.0,0.0
2006-07-24 00:00:00+09:00,607.20973462737,622.5644635489817,607.20973462737,621.1685791015625,5500,0.0,0.0
2006-07-25 00:00:00+09:00,622.5644037894233,623.9602881028525,604.4179077148438,604.4179077148438,18000,0.0,0.0
2006-07-26 00:00:00+09:00,616.980712890625,622.5642487538886,615.5848289248091,616.980712890625,9500,0.0,0.0
2006-07-27 00:00:00+09:00,616.9807840291064,618.3766681558691,615.5848999023438,615.5848999023438,12500,0.0,0.0
2006-07-28 00:00:00+09:00,665.8367614746094,667.232645670573,640.7108459472656,661.6491088867188,27500,0.0,0.0
2006-07-31 00:00:00+09:00,656.0656428589126,661.6491802449459,650.4821054728793,660.2532958984375,5500,0.0,0.0
2006-08-01 00:00:00+09:00,650.4820663019982,650.4820663019982,640.7108764648438,640.7108764648438,8000,0.0,0.0
2006-08-02 00:00:00+09:00,642.1068115234375,642.1068115234375,640.7109271505605,642.1068115234375,2500,0.0,0.0
2006-08-03 00:00:00+09:00,644.8984785364029,660.253204215841,644.8984785364029,656.0655517578125,2000,0.0,0.0
2006-08-04 00:00:00+09:00,657.4614359104886,657.4614359104886,656.0655517578125,656.0655517578125,4500,0.0,0.0
2006-08-07 00:00:00+09:00,689.5669110466453,713.2969464470359,683.9833733053769,711.9010620117188,83500,0.0,0.0
2006-08-08 00:00:00+09:00,697.9420979817709,702.1297505696615,683.9832560221355,695.1503295898438,4000,0.0,0.0
2006-08-09 00:00:00+09:00,695.1503194377036,696.5462036132812,695.1503194377036,696.5462036132812,1000,0.0,0.0
2006-08-10 00:00:00+09:00,696.5461934814454,697.9420776367188,696.5461934814454,697.9420776367188,1000,0.0,0.0
2006-08-11 00:00:00+09:00,696.5462445499921,704.9215500956834,690.9627075195312,690.9627075195312,12000,0.0,0.0
2006-08-14 00:00:00+09:00,683.9832153320312,704.921477025869,683.9832153320312,683.9832153320312,0,0.0,0.0
2006-08-15 00:00:00+09:00,690.9626358966439,695.1502882354114,681.1914471061863,683.9832153320312,8000,0.0,0.0
2006-08-16 00:00:00+09:00,688.1709492177616,690.962717774426,688.1709492177616,689.5668334960938,4500,0.0,0.0
2006-08-17 00:00:00+09:00,690.962738409275,690.962738409275,686.7750854492188,686.7750854492188,3500,0.0,0.0
2006-08-18 00:00:00+09:00,696.5461934814454,699.3379617919923,695.150309326172,697.9420776367188,3000,0.0,0.0
2006-08-21 00:00:00+09:00,695.1503194377036,696.5462036132812,695.1503194377036,696.5462036132812,1000,0.0,0.0
2006-08-22 00:00:00+09:00,697.9420776367188,697.9420776367188,697.9420776367188,697.9420776367188,500,0.0,0.0
2006-08-23 00:00:00+09:00,697.9420776367188,697.9420776367188,697.9420776367188,697.9420776367188,500,0.0,0.0
2006-08-24 00:00:00+09:00,697.9420979817709,697.9420979817709,695.1503295898438,695.1503295898438,1500,0.0,0.0
2006-08-25 00:00:00+09:00,690.9626973059869,692.3585815429688,689.5668130690052,692.3585815429688,7500,0.0,0.0
2006-08-28 00:00:00+09:00,672.8160712487918,677.0037231445312,657.4613476310808,677.0037231445312,3000,0.0,0.0
2006-08-29 00:00:00+09:00,677.0037733713787,677.0037733713787,670.0243530273438,670.0243530273438,4500,0.0,0.0
2006-08-30 00:00:00+09:00,677.003824911568,679.7955932617188,677.003824911568,679.7955932617188,1000,0.0,0.0
2006-08-31 00:00:00+09:00,670.0243530273438,670.0243530273438,670.0243530273438,670.0243530273438,3000,0.0,0.0
2006-09-01 00:00:00+09:00,657.4615364872761,667.2327270507812,657.4615364872761,667.2327270507812,7000,0.0,0.0
2006-09-04 00:00:00+09:00,670.0243530273438,670.0243530273438,670.0243530273438,670.0243530273438,3000,0.0,0.0
2006-09-05 00:00:00+09:00,656.0655517578125,656.0655517578125,656.0655517578125,656.0655517578125,6500,0.0,0.0
2006-09-06 00:00:00+09:00,651.8778992997838,656.0655517578125,649.0861309944314,656.0655517578125,11000,0.0,0.0
2006-09-07 00:00:00+09:00,656.0655517578125,656.0655517578125,656.0655517578125,656.0655517578125,2500,0.0,0.0
2006-09-08 00:00:00+09:00,653.2738865064538,656.0656552522079,640.7109271505605,642.1068115234375,19500,0.0,0.0
2006-09-11 00:00:00+09:00,643.502685546875,643.502685546875,643.502685546875,643.502685546875,500,0.0,0.0
2006-09-12 00:00:00+09:00,643.502685546875,643.502685546875,643.502685546875,643.502685546875,500,0.0,0.0
2006-09-13 00:00:00+09:00,643.502685546875,643.502685546875,643.502685546875,643.502685546875,2000,0.0,0.0
2006-09-14 00:00:00+09:00,640.7108562092205,642.1067404275412,629.5437824626546,635.1273193359375,15000,0.0,0.0
2006-09-15 00:00:00+09:00,639.3150024414062,642.1067710110193,630.9396967325669,639.3150024414062,19000,0.0,0.0
2006-09-18 00:00:00+09:00,639.3150024414062,639.3150024414062,639.3150024414062,639.3150024414062,0,0.0,0.0
2006-09-19 00:00:00+09:00,639.3150024414062,639.3150024414062,639.3150024414062,639.3150024414062,500,0.0,0.0
2006-09-20 00:00:00+09:00,632.3355508992961,635.1273193359375,632.3355508992961,635.1273193359375,1000,0.0,0.0
2006-09-21 00:00:00+09:00,623.960306486202,626.7520751953125,623.960306486202,626.7520751953125,2000,0.0,0.0
2006-09-22 00:00:00+09:00,623.9602046629199,625.3560887896825,615.5848999023438,615.5848999023438,3000,0.0,0.0
2006-09-25 00:00:00+09:00,614.1889449589933,618.3765968564409,614.1889449589933,616.980712890625,4000,0.0,0.0
2006-09-26 00:00:00+09:00,616.980712890625,618.3765968564409,616.980712890625,616.980712890625,2500,0.0,0.0
2006-09-27 00:00:00+09:00,626.7521168912394,628.1480013386587,621.1685791015625,621.1685791015625,1500,0.0,0.0
2006-09-28 00:00:00+09:00,616.980712890625,616.980712890625,616.980712890625,616.980712890625,500,0.0,0.0
2006-09-29 00:00:00+09:00,616.9807840291064,616.9807840291064,615.5848999023438,615.5848999023438,6000,0.0,0.0
2006-10-02 00:00:00+09:00,615.5848999023438,615.5848999023438,615.5848999023438,615.5848999023438,5000,0.0,0.0
2006-10-03 00:00:00+09:00,621.1685791015625,621.1685791015625,621.1685791015625,621.1685791015625,500,0.0,0.0
2006-10-04 00:00:00+09:00,614.1890869140625,621.1685083562678,614.1890869140625,614.1890869140625,0,0.0,0.0
2006-10-05 00:00:00+09:00,614.189136342981,625.3562115492169,614.189136342981,623.9603271484375,8000,0.0,0.0
2006-10-06 00:00:00+09:00,614.1891568644663,621.1685791015625,614.1891568644663,621.1685791015625,3000,0.0,0.0
2006-10-09 00:00:00+09:00,621.1685791015625,621.1685791015625,621.1685791015625,621.1685791015625,0,0.0,0.0
2006-10-10 00:00:00+09:00,618.376810206724,621.1685791015625,618.376810206724,621.1685791015625,1000,0.0,0.0
2006-10-11 00:00:00+09:00,614.1889449589933,616.980712890625,614.1889449589933,616.980712890625,2000,0.0,0.0
2006-10-12 00:00:00+09:00,598.8343523943865,598.8343523943865,551.3742871696566,565.3331298828125,59500,0.0,0.0
2006-10-13 00:00:00+09:00,570.9166862763554,582.0837608245482,569.5208019578313,579.2919921875,14500,0.0,0.0
2006-10-16 00:00:00+09:00,610.0014143123183,611.3972985555959,589.063150663154,600.230224609375,13000,0.0,0.0
2006-10-17 00:00:00+09:00,600.2303486949993,600.2303486949993,590.4591569720575,591.8550415039062,7500,0.0,0.0
2006-10-18 00:00:00+09:00,594.6466876362645,600.230224609375,591.8549191497093,600.230224609375,3000,0.0,0.0
2006-10-19 00:00:00+09:00,604.4178365540395,605.813720703125,604.4178365540395,605.813720703125,1000,0.0,0.0
2006-10-20 00:00:00+09:00,605.8137615824854,607.209645825763,598.8343403660973,600.230224609375,4500,0.0,0.0
2006-10-23 00:00:00+09:00,598.8344116210938,608.605602486706,598.8344116210938,598.8344116210938,0,0.0,0.0
2006-10-24 00:00:00+09:00,601.6261186972432,610.0014242939566,601.6261186972432,607.2096557617188,6000,0.0,0.0
2006-10-25 00:00:00+09:00,605.8136805704196,612.7931008534889,605.8136805704196,611.397216796875,14000,0.0,0.0
2006-10-26 00:00:00+09:00,612.7931928261943,612.7931928261943,605.8137714955999,607.2096557617188,2000,0.0,0.0
2006-10-27 00:00:00+09:00,611.397216796875,612.7931008534889,611.397216796875,611.397216796875,3000,0.0,0.0
2006-10-30 00:00:00+09:00,605.8137410481771,607.2096252441406,601.6260884602865,603.02197265625,3000,0.0,0.0
2006-10-31 00:00:00+09:00,600.230224609375,615.5849512854287,600.230224609375,600.230224609375,0,0.0,0.0
2006-11-01 00:00:00+09:00,600.230224609375,614.1890670421511,600.230224609375,600.230224609375,0,0.0,0.0
2006-11-02 00:00:00+09:00,612.7932026256215,614.1890869140625,612.7932026256215,614.1890869140625,1000,0.0,0.0
2006-11-03 00:00:00+09:00,614.1890869140625,614.1890869140625,614.1890869140625,614.1890869140625,0,0.0,0.0
2006-11-06 00:00:00+09:00,614.1890770923133,615.5849613584321,603.0220029633621,607.2096557617188,2500,0.0,0.0
2006-11-07 00:00:00+09:00,603.0220234014146,604.4179077148438,603.0220234014146,604.4179077148438,1000,0.0,0.0
2006-11-08 00:00:00+09:00,600.2302960304669,603.0220648492133,598.8344116210938,598.8344116210938,7500,0.0,0.0
2006-11-09 00:00:00+09:00,591.8549701286764,593.2508544921875,591.8549701286764,593.2508544921875,1000,0.0,0.0
2006-11-10 00:00:00+09:00,589.0632220329122,593.250875270113,589.0632220329122,590.4591064453125,4500,0.0,0.0
2006-11-13 00:00:00+09:00,577.8961317617682,579.2920161380043,551.3743286132812,551.3743286132812,95000,0.0,0.0
2006-11-14 00:00:00+09:00,547.1867153062028,559.7496756066004,547.1867153062028,554.1661376953125,10000,0.0,0.0
2006-11-15 00:00:00+09:00,568.1249717827418,569.5208562342965,552.7702428156407,555.56201171875,20500,0.0,0.0
2006-11-16 00:00:00+09:00,555.56201171875,558.3537806218593,555.56201171875,555.56201171875,3000,0.0,0.0
2006-11-17 00:00:00+09:00,555.56201171875,555.56201171875,554.1661272671954,555.56201171875,4500,0.0,0.0
2006-11-20 00:00:00+09:00,544.3949258293904,545.790810254594,494.14308652206205,495.5389709472656,102000,0.0,0.0
2006-11-21 00:00:00+09:00,495.5388594733344,513.6853529188368,494.14297536214195,502.5182800292969,19500,0.0,0.0
2006-11-22 00:00:00+09:00,498.3306269197383,498.3306269197383,488.5594381566062,489.955322265625,8000,0.0,0.0
2006-11-23 00:00:00+09:00,489.955322265625,489.955322265625,489.955322265625,489.955322265625,0,0.0,0.0
2006-11-24 00:00:00+09:00,488.5595495050604,492.74720278653234,488.5595495050604,491.351318359375,18000,0.0,0.0
2006-11-27 00:00:00+09:00,491.3513272496499,498.3307495117188,489.9554427972361,498.33074951171875,7000,0.0,0.0
2006-11-28 00:00:00+09:00,509.4976903857287,509.4976903857287,502.5182699694858,503.9141540527344,8500,0.0,0.0
2006-11-29 00:00:00+09:00,508.10186734586154,517.8730571025127,506.70598309491135,516.4771728515625,14000,0.0,0.0
2006-11-30 00:00:00+09:00,517.8729758313907,523.4565119589529,517.8729758313907,519.2688598632812,11000,0.0,0.0
2006-12-01 00:00:00+09:00,529.0401000976562,530.4359842667794,526.2483317594101,529.0401000976562,13000,0.0,0.0
2006-12-04 00:00:00+09:00,530.4360249036254,531.8319091796875,530.4360249036254,531.8319091796875,2500,0.0,0.0
2006-12-05 00:00:00+09:00,540.2071432526578,542.9989114348421,537.4153750704735,541.60302734375,5000,0.0,0.0
2006-12-06 00:00:00+09:00,545.7907003285934,547.1865844726562,544.3948161845304,547.1865844726562,5000,0.0,0.0
2006-12-07 00:00:00+09:00,545.7907206217449,547.1866048177084,544.3948364257812,544.3948364257812,6000,0.0,0.0
2006-12-08 00:00:00+09:00,544.3948364257812,544.3948364257812,544.3948364257812,544.3948364257812,6000,0.0,0.0
2006-12-11 00:00:00+09:00,544.3947654002159,551.3741854694493,538.811229344829,545.7906494140625,11000,0.0,0.0
2006-12-12 00:00:00+09:00,555.5620940237335,555.5620940237335,552.7703247070312,552.7703247070312,4000,0.0,0.0
2006-12-13 00:00:00+09:00,551.3743286132812,555.5619817419897,544.3949067321005,551.3743286132812,6000,0.0,0.0
2006-12-14 00:00:00+09:00,544.3948161845304,555.5618893370337,542.9989320404676,547.1865844726562,11000,0.0,0.0
2006-12-15 00:00:00+09:00,555.5620221731344,556.9579066509564,551.3743687396686,554.1661376953125,12000,0.0,0.0
2006-12-18 00:00:00+09:00,554.1661272671954,558.3537806218593,554.1661272671954,555.56201171875,12500,0.0,0.0
2006-12-19 00:00:00+09:00,558.3537806218593,558.3537806218593,555.56201171875,555.56201171875,26000,0.0,0.0
2006-12-20 00:00:00+09:00,555.56201171875,556.9578961703046,555.56201171875,555.56201171875,7000,0.0,0.0
2006-12-21 00:00:00+09:00,555.56201171875,555.56201171875,542.9990516547582,555.56201171875,12000,0.0,0.0
2006-12-22 00:00:00+09:00,555.5620940237335,555.5620940237335,552.7703247070312,552.7703247070312,2000,0.0,0.0
2006-12-25 00:00:00+09:00,552.7701108510258,554.1659949693365,547.1865743777831,548.5824584960938,17500,0.0,0.0
2006-12-26 00:00:00+09:00,549.9783325195312,551.3742166122204,547.1865643341529,549.9783325195312,7000,0.0,0.0
2006-12-27 00:00:00+09:00,549.9784739125314,555.56201171875,549.9784739125314,555.56201171875,7500,0.0,0.0
2006-12-28 00:00:00+09:00,555.56201171875,556.9578961703046,554.1661272671954,555.56201171875,3500,0.0,0.0
2006-12-29 00:00:00+09:00,556.9578741665545,566.7290649414062,556.9578741665545,566.7290649414062,12000,0.0,0.0
2007-01-04 00:00:00+09:00,562.5413514709472,565.3331199645996,554.1660459899903,558.3536987304688,4000,0.0,0.0
2007-01-05 00:00:00+09:00,558.3536987304688,559.749582977295,555.5619302368164,558.3536987304688,3000,0.0,0.0
2007-01-09 00:00:00+09:00,558.3536987304688,558.3536987304688,558.3536987304688,558.3536987304688,1000,0.0,0.0
2007-01-10 00:00:00+09:00,554.1661376953125,559.7496756066004,554.1661376953125,554.1661376953125,0,0.0,0.0
2007-01-11 00:00:00+09:00,555.5618795523966,556.957763671875,555.5618795523966,556.957763671875,1000,0.0,0.0
2007-01-12 00:00:00+09:00,558.3537085262345,569.5207826967593,558.3537085262345,565.3331298828125,11500,0.0,0.0
2007-01-15 00:00:00+09:00,570.9167376262385,572.3126220703125,570.9167376262385,572.3126220703125,14500,0.0,0.0
2007-01-16 00:00:00+09:00,572.3126090841091,591.8549908577128,569.5208402593086,590.4591064453125,14000,0.0,0.0
2007-01-17 00:00:00+09:00,589.0632207554814,600.2302960304669,589.0632207554814,598.8344116210938,7500,0.0,0.0
2007-01-18 00:00:00+09:00,598.8342996757722,598.8342996757722,587.6672264883451,597.4384155273438,9500,0.0,0.0
2007-01-19 00:00:00+09:00,600.2302344311242,612.7931928261943,600.2302344311242,607.2096557617188,7000,0.0,0.0
2007-01-22 00:00:00+09:00,607.2095646270334,611.397216796875,607.2095646270334,611.397216796875,2000,0.0,0.0
2007-01-23 00:00:00+09:00,614.1890770923133,614.1890770923133,607.2096557617188,607.2096557617188,3000,0.0,0.0
2007-01-24 00:00:00+09:00,600.230224609375,614.1890670421511,587.6672664198765,600.230224609375,22000,0.0,0.0
2007-01-25 00:00:00+09:00,598.8344116210938,600.2302960304669,598.8344116210938,598.8344116210938,9000,0.0,0.0
2007-01-26 00:00:00+09:00,579.2919716960806,586.2713930418165,577.8960874269335,582.083740234375,5500,0.0,0.0
2007-01-29 00:00:00+09:00,598.8343200683594,598.8343200683594,586.2713623046875,586.2713623046875,1000,0.0,0.0
2007-01-30 00:00:00+09:00,593.2507936026999,593.2507936026999,583.4796040610083,584.87548828125,7000,0.0,0.0
2007-01-31 00:00:00+09:00,587.6672567217333,593.2507936026999,584.87548828125,584.87548828125,4500,0.0,0.0
2007-02-01 00:00:00+09:00,593.2509260357551,593.2509260357551,591.8550415039062,591.8550415039062,2500,0.0,0.0
2007-02-02 00:00:00+09:00,600.230224609375,601.6261088526526,598.8343403660973,600.230224609375,6500,0.0,0.0
2007-02-05 00:00:00+09:00,600.230224609375,601.6261088526526,598.8343403660973,600.230224609375,2000,0.0,0.0
2007-02-06 00:00:00+09:00,600.230224609375,603.0219930959302,598.8343403660973,600.230224609375,4000,0.0,0.0
2007-02-07 00:00:00+09:00,600.230224609375,600.230224609375,600.230224609375,600.230224609375,7000,0.0,0.0
2007-02-08 00:00:00+09:00,600.230224609375,600.230224609375,600.230224609375,600.230224609375,1000,0.0,0.0
2007-02-09 00:00:00+09:00,587.6672959536933,604.4179077148438,587.6672959536933,604.4179077148438,4500,0.0,0.0
2007-02-13 00:00:00+09:00,604.4178773392078,605.8137615824854,598.8343403660973,600.230224609375,6000,0.0,0.0
2007-02-14 00:00:00+09:00,600.230224609375,607.209645825763,600.230224609375,600.230224609375,5000,0.0,0.0
2007-02-15 00:00:00+09:00,612.793212890625,612.793212890625,607.20967564333,612.793212890625,10000,0.0,0.0
2007-02-16 00:00:00+09:00,611.3973380423881,621.1685283763989,611.3973380423881,619.7726440429688,6500,0.0,0.0
2007-02-19 00:00:00+09:00,612.7932724170471,622.5644635489817,612.7932724170471,621.1685791015625,5500,0.0,0.0
2007-02-20 00:00:00+09:00,619.7726440429688,619.7726440429688,619.7726440429688,619.7726440429688,1000,0.0,0.0
2007-02-21 00:00:00+09:00,619.772673946099,626.7520959499965,619.772673946099,623.9603271484375,17000,0.0,0.0
2007-02-22 00:00:00+09:00,621.1685791015625,621.1685791015625,621.1685791015625,621.1685791015625,7000,0.0,0.0
2007-02-23 00:00:00+09:00,639.3149922023931,649.0861820395476,639.3149922023931,640.7108764648438,10000,0.0,0.0
2007-02-26 00:00:00+09:00,643.5025557200114,674.2120052337647,642.1066716512045,670.0243530273438,16500,0.0,0.0
2007-02-27 00:00:00+09:00,670.0243530273438,670.0243530273438,668.6284689585368,670.0243530273438,5500,0.0,0.0
2007-02-28 00:00:00+09:00,642.1067993938293,663.0450645914542,626.7520715822377,660.2532958984375,13000,0.0,0.0
2007-03-01 00:00:00+09:00,661.6491802449459,677.0039080565374,660.2532958984375,660.2532958984375,48000,0.0,0.0
2007-03-02 00:00:00+09:00,667.2327167295962,668.6286010742188,667.2327167295962,668.6286010742188,1000,0.0,0.0
2007-03-05 00:00:00+09:00,667.2325356599972,668.6284196258131,614.1889449589933,616.980712890625,38500,0.0,0.0
2007-03-06 00:00:00+09:00,618.3767895453194,625.3562115492169,618.3767895453194,623.9603271484375,5000,0.0,0.0
2007-03-07 00:00:00+09:00,623.9603271484375,649.0862463624685,623.9603271484375,623.9603271484375,0,0.0,0.0
2007-03-08 00:00:00+09:00,623.9603271484375,623.9603271484375,623.9603271484375,623.9603271484375,1000,0.0,0.0
2007-03-09 00:00:00+09:00,628.14794921875,628.14794921875,626.7520648871528,628.14794921875,2000,0.0,0.0
2007-03-12 00:00:00+09:00,628.14794921875,649.0862141927083,628.14794921875,628.14794921875,0,0.0,0.0
2007-03-13 00:00:00+09:00,628.1478982443339,636.5232035542583,628.1478982443339,635.1273193359375,2000,0.0,0.0
2007-03-14 00:00:00+09:00,633.7314865451389,636.5232552083334,628.14794921875,628.14794921875,6500,0.0,0.0
2007-03-15 00:00:00+09:00,661.6490883685173,663.0449725211935,656.0655517578125,656.0655517578125,12000,0.0,0.0
2007-03-16 00:00:00+09:00,668.6285811574836,668.6285811574836,660.253275339227,663.0450439453125,6000,0.0,0.0
2007-03-19 00:00:00+09:00,647.6902871848176,650.4820556640625,647.6902871848176,650.4820556640625,4500,0.0,0.0
2007-03-20 00:00:00+09:00,656.0655517578125,663.0449725211935,656.0655517578125,656.0655517578125,9500,0.0,0.0
2007-03-22 00:00:00+09:00,658.8573200631648,658.8573200631648,654.6696676051363,656.0655517578125,11500,0.0,0.0
2007-03-23 00:00:00+09:00,664.4409489379625,665.8368332844708,658.8574115519292,660.2532958984375,7000,0.0,0.0
2007-03-26 00:00:00+09:00,656.0655517578125,656.0655517578125,656.0655517578125,656.0655517578125,2500,0.0,0.0
2007-03-27 00:00:00+09:00,651.777587890625,658.9242719683731,651.777587890625,651.777587890625,0,22.0,0.0
2007-03-28 00:00:00+09:00,651.777587890625,651.777587890625,651.777587890625,651.777587890625,5000,0.0,0.0
2007-03-29 00:00:00+09:00,614.6148681640625,644.6309431209121,614.6148681640625,614.6148681640625,0,0.0,0.0
2007-03-30 00:00:00+09:00,653.2069091796875,653.2069091796875,653.2069091796875,653.2069091796875,500,0.0,0.0
2007-04-02 00:00:00+09:00,623.19091796875,654.6363312607511,623.19091796875,623.19091796875,0,0.0,0.0
2007-04-03 00:00:00+09:00,614.6148681640625,654.6363014398619,614.6148681640625,614.6148681640625,0,0.0,0.0
2007-04-04 00:00:00+09:00,621.7613983154297,636.0547637939453,600.3213500976562,600.3213500976562,22000,0.0,0.0
2007-04-05 00:00:00+09:00,598.89208984375,616.0441306029982,598.89208984375,598.89208984375,0,0.0,0.0
2007-04-06 00:00:00+09:00,613.185546875,613.185546875,613.185546875,613.185546875,1000,0.0,0.0
2007-04-09 00:00:00+09:00,600.3213500976562,621.7613983154297,600.3213500976562,600.3213500976562,0,0.0,0.0
2007-04-10 00:00:00+09:00,621.7615526775982,621.7615526775982,613.1855312613554,614.6148681640625,2500,0.0,0.0
2007-04-11 00:00:00+09:00,614.6148681640625,614.6148681640625,614.6148681640625,614.6148681640625,2000,0.0,0.0
2007-04-12 00:00:00+09:00,598.89208984375,623.190814252685,598.89208984375,598.89208984375,0,0.0,0.0
2007-04-13 00:00:00+09:00,588.8867797851562,616.0441798237921,588.8867797851562,588.8867797851562,0,0.0,0.0
2007-04-16 00:00:00+09:00,634.6254737557209,641.7721570187357,624.6201171875,624.6201171875,12000,0.0,0.0
2007-04-17 00:00:00+09:00,598.89208984375,637.4841815520584,598.89208984375,598.89208984375,0,0.0,0.0
2007-04-18 00:00:00+09:00,600.3214666193182,630.3375399502842,600.3214666193182,628.908203125,2000,0.0,0.0
2007-04-19 00:00:00+09:00,598.89208984375,623.190814252685,598.89208984375,598.89208984375,0,0.0,0.0
2007-04-20 00:00:00+09:00,600.3213500976562,630.3374176025391,600.3213500976562,600.3213500976562,0,0.0,0.0
2007-04-23 00:00:00+09:00,600.3213500976562,630.3374176025391,600.3213500976562,600.3213500976562,0,0.0,0.0
2007-04-24 00:00:00+09:00,600.3213500976562,630.3374176025391,600.3213500976562,600.3213500976562,0,0.0,0.0
2007-04-25 00:00:00+09:00,593.1747120576746,607.4680786132812,593.1747120576746,607.4680786132812,15000,0.0,0.0
2007-04-26 00:00:00+09:00,594.6041104616307,596.033447265625,594.6041104616307,596.033447265625,1000,0.0,0.0
2007-04-27 00:00:00+09:00,607.4680786132812,607.4680786132812,607.4680786132812,607.4680786132812,500,0.0,0.0
2007-05-01 00:00:00+09:00,597.4628295898438,611.7561987187873,597.4628295898438,597.4628295898438,0,0.0,0.0
2007-05-02 00:00:00+09:00,600.3213500976562,601.7506866455078,597.4626770019531,600.3213500976562,8500,0.0,0.0
2007-05-07 00:00:00+09:00,594.60400390625,600.3213500976562,591.7453308105469,600.3213500976562,5000,0.0,0.0
2007-05-08 00:00:00+09:00,600.3214509085323,643.2015545448561,600.3214509085323,636.0548706054688,20500,0.0,0.0
2007-05-09 00:00:00+09:00,634.6254725127019,641.7721557617188,634.6254725127019,641.7721557617188,5000,0.0,0.0
2007-05-10 00:00:00+09:00,641.7721557617188,643.2014924115222,641.7721557617188,641.7721557617188,11500,0.0,0.0
2007-05-11 00:00:00+09:00,634.6255493164062,636.0548861391909,634.6255493164062,634.6255493164062,3000,0.0,0.0
2007-05-14 00:00:00+09:00,614.6147307995577,616.0440673828125,614.6147307995577,616.0440673828125,3500,0.0,0.0
2007-05-15 00:00:00+09:00,643.2014924115222,644.6308290613256,641.7721557617188,641.7721557617188,8500,0.0,0.0
2007-05-16 00:00:00+09:00,617.4734038254311,621.7614135742188,613.1853940766433,621.7614135742188,4500,0.0,0.0
2007-05-17 00:00:00+09:00,614.6148681640625,636.0549217046694,614.6148681640625,614.6148681640625,0,0.0,0.0
2007-05-18 00:00:00+09:00,587.4573974609375,623.1908157979775,587.4573974609375,587.4573974609375,0,0.0,0.0
2007-05-21 00:00:00+09:00,614.6148030598958,663.2122526041667,597.4627620442709,643.2015380859375,38000,0.0,0.0
2007-05-22 00:00:00+09:00,624.620103013459,628.9081128739633,598.8920438504332,603.1800537109375,7500,0.0,0.0
2007-05-23 00:00:00+09:00,618.9027718577665,626.0494551355698,607.4680786132812,607.4680786132812,10500,0.0,0.0
2007-05-24 00:00:00+09:00,628.9081284466912,628.9081284466912,606.0387419577205,607.4680786132812,21500,0.0,0.0
2007-05-25 00:00:00+09:00,594.6040796539379,600.3214265736873,587.4573960042511,598.89208984375,18000,0.0,0.0
2007-05-28 00:00:00+09:00,594.60400390625,604.6093597412109,594.60400390625,600.3213500976562,4500,0.0,0.0
2007-05-29 00:00:00+09:00,600.3215314757149,607.4682163742353,600.3215314757149,606.0388793945312,12500,0.0,0.0
2007-05-30 00:00:00+09:00,597.4626770019531,603.1800231933594,597.4626770019531,600.3213500976562,9000,0.0,0.0
2007-05-31 00:00:00+09:00,598.8920586799172,621.7614451688878,598.8920586799172,607.4680786132812,4000,0.0,0.0
2007-06-01 00:00:00+09:00,606.0388793945312,607.4682163742353,604.6095424148272,606.0388793945312,10000,0.0,0.0
2007-06-04 00:00:00+09:00,631.766910996548,633.1962478992551,613.1855312613554,614.6148681640625,4000,0.0,0.0
2007-06-05 00:00:00+09:00,606.0387419577205,608.8974152688419,606.0387419577205,607.4680786132812,9000,0.0,0.0
2007-06-06 00:00:00+09:00,607.4680627216392,620.3320922851562,607.4680627216392,620.3320922851562,2000,0.0,0.0
2007-06-07 00:00:00+09:00,614.6147458124819,621.7614289033248,614.6147458124819,620.3320922851562,3000,0.0,0.0
2007-06-08 00:00:00+09:00,614.6147307995577,617.4734039660673,614.6147307995577,616.0440673828125,9500,0.0,0.0
2007-06-11 00:00:00+09:00,616.0441584421911,618.90283203125,616.0441584421911,618.90283203125,1000,0.0,0.0
2007-06-12 00:00:00+09:00,616.0441130178946,617.4734497070312,616.0441130178946,617.4734497070312,2000,0.0,0.0
2007-06-13 00:00:00+09:00,616.0442331296588,626.0495919043865,616.0442331296588,623.19091796875,4500,0.0,0.0
2007-06-14 00:00:00+09:00,627.4788065309878,628.9081432201244,617.4734497070312,617.4734497070312,3500,0.0,0.0
2007-06-15 00:00:00+09:00,616.0441716974432,628.908203125,616.0441716974432,628.908203125,20000,0.0,0.0
2007-06-18 00:00:00+09:00,614.6148681640625,630.3375740938409,614.6148681640625,614.6148681640625,0,0.0,0.0
2007-06-19 00:00:00+09:00,616.0440673828125,630.3374332153603,616.0440673828125,616.0440673828125,0,0.0,0.0
2007-06-20 00:00:00+09:00,614.6147307995577,616.0440673828125,614.6147307995577,616.0440673828125,3000,0.0,0.0
2007-06-21 00:00:00+09:00,616.0440673828125,616.0440673828125,616.0440673828125,616.0440673828125,1000,0.0,0.0
2007-06-22 00:00:00+09:00,614.6148681640625,630.3375740938409,614.6148681640625,614.6148681640625,0,0.0,0.0
2007-06-25 00:00:00+09:00,598.892028383755,616.0440673828125,598.892028383755,616.0440673828125,24000,0.0,0.0
2007-06-26 00:00:00+09:00,614.6148681640625,630.3375740938409,614.6148681640625,614.6148681640625,0,0.0,0.0
2007-06-27 00:00:00+09:00,616.0440673828125,616.0440673828125,614.6147307995577,616.0440673828125,11000,0.0,0.0
2007-06-28 00:00:00+09:00,616.0441130178946,617.4734497070312,616.0441130178946,617.4734497070312,1000,0.0,0.0
2007-06-29 00:00:00+09:00,627.4787600488507,628.9080966321055,616.0440673828125,616.0440673828125,7000,0.0,0.0
2007-07-02 00:00:00+09:00,678.9350362276663,680.3643731460403,631.7669179213232,647.4896240234375,57500,0.0,0.0
2007-07-03 00:00:00+09:00,646.0602115885417,647.4895483398437,643.2015380859375,643.2015380859375,3500,0.0,0.0
2007-07-04 00:00:00+09:00,643.2016620721519,643.2016620721519,636.0549769380168,637.4843139648438,2500,0.0,0.0
2007-07-05 00:00:00+09:00,628.908203125,643.201571377841,628.908203125,628.908203125,0,0.0,0.0
2007-07-06 00:00:00+09:00,628.908203125,628.908203125,628.908203125,628.908203125,1500,0.0,0.0
2007-07-09 00:00:00+09:00,627.478866299716,628.908203125,627.478866299716,628.908203125,4000,0.0,0.0
2007-07-10 00:00:00+09:00,627.4788818359375,637.4842398606563,627.4788818359375,627.4788818359375,0,0.0,0.0
2007-07-11 00:00:00+09:00,634.625662894871,657.4950561523438,634.625662894871,657.4950561523438,12500,0.0,0.0
2007-07-12 00:00:00+09:00,651.7776700056434,653.2070070012697,631.7669520668736,633.1962890625,5000,0.0,0.0
2007-07-13 00:00:00+09:00,634.6255493164062,636.0548861391909,634.6255493164062,634.6255493164062,5000,0.0,0.0
2007-07-17 00:00:00+09:00,640.3428645833334,644.6308748372396,621.7614868164063,643.2015380859375,11000,0.0,0.0
2007-07-18 00:00:00+09:00,624.6201171875,644.6308303239417,624.6201171875,624.6201171875,0,0.0,0.0
2007-07-19 00:00:00+09:00,621.7614135742188,643.2014623181574,621.7614135742188,621.7614135742188,0,0.0,0.0
2007-07-20 00:00:00+09:00,621.7615810009318,623.19091796875,621.7615810009318,623.19091796875,5000,0.0,0.0
2007-07-23 00:00:00+09:00,621.7614135742188,623.190750157148,621.7614135742188,621.7614135742188,2500,0.0,0.0
2007-07-24 00:00:00+09:00,617.4734190488191,620.3320922851562,617.4734190488191,620.3320922851562,1000,0.0,0.0
2007-07-25 00:00:00+09:00,656.0655524285285,657.494889144059,644.630858704284,650.3482055664062,42500,0.0,0.0
2007-07-26 00:00:00+09:00,641.7722334303297,643.2015702531145,628.9082020252674,634.6255493164062,5500,0.0,0.0
2007-07-27 00:00:00+09:00,617.4734497070312,618.9027863961679,616.0441130178946,617.4734497070312,2000,0.0,0.0
2007-07-30 00:00:00+09:00,616.0441130178946,617.4734497070312,616.0441130178946,617.4734497070312,2000,0.0,0.0
2007-07-31 00:00:00+09:00,618.9027556669877,620.3320922851562,618.9027556669877,620.3320922851562,1500,0.0,0.0
2007-08-01 00:00:00+09:00,618.90283203125,631.766863182015,618.90283203125,618.90283203125,0,0.0,0.0
2007-08-02 00:00:00+09:00,628.908203125,628.908203125,621.7615189985796,628.908203125,2000,0.0,0.0
2007-08-03 00:00:00+09:00,616.0440673828125,626.049423465596,616.0440673828125,616.0440673828125,0,0.0,0.0
2007-08-06 00:00:00+09:00,626.0494538401031,626.0494538401031,624.6201171875,624.6201171875,2000,0.0,0.0
2007-08-07 00:00:00+09:00,620.3320771325768,630.3374332153603,616.0440673828125,616.0440673828125,6500,0.0,0.0
2007-08-08 00:00:00+09:00,607.468169522788,616.0441907395802,607.468169522788,610.3268432617188,10500,0.0,0.0
2007-08-09 00:00:00+09:00,608.8974152688419,610.3267519244025,606.0387419577205,607.4680786132812,12000,0.0,0.0
2007-08-10 00:00:00+09:00,600.3214265736873,600.3214265736873,598.89208984375,598.89208984375,3000,0.0,0.0
2007-08-13 00:00:00+09:00,598.89208984375,598.89208984375,598.89208984375,598.89208984375,0,0.0,0.0
2007-08-14 00:00:00+09:00,596.03346400585,596.03346400585,588.8867797851562,588.8867797851562,3000,0.0,0.0
2007-08-15 00:00:00+09:00,626.0494698418511,627.4788065309878,573.1640123437952,617.4734497070312,12000,0.0,0.0
2007-08-16 00:00:00+09:00,577.4520418152915,577.4520418152915,576.022705078125,576.022705078125,4500,0.0,0.0
2007-08-17 00:00:00+09:00,573.1639870668068,574.5933236929086,557.4412841796875,557.4412841796875,17000,0.0,0.0
2007-08-20 00:00:00+09:00,556.0119764709473,586.0280471801758,556.0119764709473,571.7346801757812,10500,0.0,0.0
2007-08-21 00:00:00+09:00,573.1640168762207,573.1640168762207,571.7346801757812,571.7346801757812,1000,0.0,0.0
2007-08-22 00:00:00+09:00,551.7240600585938,587.4574836375182,551.7240600585938,551.7240600585938,0,0.0,0.0
2007-08-23 00:00:00+09:00,550.2946568931021,587.4574129430259,550.2946568931021,586.028076171875,4000,0.0,0.0
2007-08-24 00:00:00+09:00,600.3213500976562,601.7506866455078,600.3213500976562,600.3213500976562,5000,0.0,0.0
2007-08-27 00:00:00+09:00,574.5934448242188,594.6041618081467,574.5934448242188,574.5934448242188,0,0.0,0.0
2007-08-28 00:00:00+09:00,566.0173773871527,578.8814086914062,566.0173773871527,578.8814086914062,2000,0.0,0.0
2007-08-29 00:00:00+09:00,571.7346801757812,573.1640168762207,570.3053434753417,571.7346801757812,4000,0.0,0.0
2007-08-30 00:00:00+09:00,573.1640452315168,586.028076171875,571.7347084603658,586.028076171875,2000,0.0,0.0
2007-08-31 00:00:00+09:00,564.5880737304688,586.0281271632713,564.5880737304688,564.5880737304688,0,0.0,0.0
2007-09-03 00:00:00+09:00,568.8760067749023,571.7346801757812,568.8760067749023,571.7346801757812,1000,0.0,0.0
2007-09-04 00:00:00+09:00,581.7400370788574,583.1693737792968,567.4466700744629,571.7346801757812,4000,0.0,0.0
2007-09-05 00:00:00+09:00,567.4467163085938,568.8760531254919,567.4467163085938,567.4467163085938,2000,0.0,0.0
2007-09-06 00:00:00+09:00,556.0120523573477,564.5880737304688,556.0120523573477,564.5880737304688,10000,0.0,0.0
2007-09-07 00:00:00+09:00,550.2946166992188,571.734666700487,550.2946166992188,550.2946166992188,0,0.0,0.0
2007-09-10 00:00:00+09:00,550.2946166992188,571.734666700487,550.2946166992188,550.2946166992188,0,0.0,0.0
2007-09-11 00:00:00+09:00,557.4412841796875,557.4412841796875,556.0119475535857,557.4412841796875,3500,0.0,0.0
2007-09-12 00:00:00+09:00,541.718566579104,554.5825958646237,541.718566579104,553.1532592773438,2000,0.0,0.0
2007-09-13 00:00:00+09:00,540.289383379787,540.289383379787,537.4307093936505,538.8600463867188,6500,0.0,0.0
2007-09-14 00:00:00+09:00,528.8546645581422,568.8760986328125,528.8546645581422,568.8760986328125,8000,0.0,0.0
2007-09-18 00:00:00+09:00,568.8760553276632,570.3053921500945,556.0120239257812,556.0120239257812,13000,0.0,0.0
2007-09-19 00:00:00+09:00,564.5880737304688,564.5880737304688,564.5880737304688,564.5880737304688,500,0.0,0.0
2007-09-20 00:00:00+09:00,523.13720703125,523.13720703125,523.13720703125,523.13720703125,1000,0.0,0.0
2007-09-21 00:00:00+09:00,543.1480102539062,543.1480102539062,543.1480102539062,543.1480102539062,500,0.0,0.0
2007-09-25 00:00:00+09:00,554.5827154618275,564.5880737304688,554.5827154618275,564.5880737304688,4500,0.0,0.0
2007-09-26 00:00:00+09:00,528.8546752929688,566.0174362595017,528.8546752929688,528.8546752929688,0,0.0,0.0
2007-09-27 00:00:00+09:00,528.8545083392971,564.5879210649252,528.8545083392971,561.729248046875,2000,0.0,0.0
2007-09-28 00:00:00+09:00,528.8546752929688,528.8546752929688,528.8546752929688,528.8546752929688,1000,0.0,0.0
2007-10-01 00:00:00+09:00,531.71337890625,560.3001197076613,531.71337890625,531.71337890625,0,0.0,0.0
2007-10-02 00:00:00+09:00,563.1587368349485,564.5880737304688,563.1587368349485,564.5880737304688,1000,0.0,0.0
2007-10-03 00:00:00+09:00,540.289306640625,564.5880320715526,540.289306640625,540.289306640625,0,0.0,0.0
2007-10-04 00:00:00+09:00,563.1586800130209,563.1586800130209,536.0012817382812,536.0012817382812,2000,0.0,0.0
2007-10-05 00:00:00+09:00,550.2946811706707,550.2946811706707,533.1426391601562,533.1426391601562,2000,0.0,0.0
2007-10-09 00:00:00+09:00,543.1478881835938,550.2945709228516,543.1478881835938,548.865234375,3000,0.0,0.0
2007-10-10 00:00:00+09:00,547.4359741210938,550.2946476151986,546.0066373740412,547.4359741210938,3500,0.0,0.0
2007-10-11 00:00:00+09:00,547.4359896195497,556.0120103446601,541.718642469476,546.0066528320312,4500,0.0,0.0
2007-10-12 00:00:00+09:00,546.0066066989651,550.2946166992188,546.0066066989651,550.2946166992188,4000,0.0,0.0
2007-10-15 00:00:00+09:00,556.0120988184092,567.446794938068,556.0120988184092,560.3001098632812,14000,0.0,0.0
2007-10-16 00:00:00+09:00,561.729248046875,561.729248046875,561.729248046875,561.729248046875,500,0.0,0.0
2007-10-17 00:00:00+09:00,543.1479338398129,544.5772705078125,543.1479338398129,544.5772705078125,11500,0.0,0.0
2007-10-18 00:00:00+09:00,543.1480102539062,544.5773471229954,543.1480102539062,543.1480102539062,2000,0.0,0.0
2007-10-19 00:00:00+09:00,557.4413789447985,557.4413789447985,543.1480102539062,543.1480102539062,2000,0.0,0.0
2007-10-22 00:00:00+09:00,550.2946945993524,550.2946945993524,543.1480102539062,543.1480102539062,4500,0.0,0.0
2007-10-23 00:00:00+09:00,541.7186279296875,556.011995421236,541.7186279296875,541.7186279296875,0,0.0,0.0
2007-10-24 00:00:00+09:00,538.8600463867188,556.0120903035374,538.8600463867188,538.8600463867188,0,0.0,0.0
2007-10-25 00:00:00+09:00,558.8706665039062,560.300003246883,558.8706665039062,558.8706665039062,5500,0.0,0.0
2007-10-26 00:00:00+09:00,557.4412841796875,558.8706208057893,556.0119475535857,557.4412841796875,7000,0.0,0.0
2007-10-29 00:00:00+09:00,556.0120239257812,556.0120239257812,556.0120239257812,556.0120239257812,2000,0.0,0.0
2007-10-30 00:00:00+09:00,557.4414272966056,557.4414272966056,536.0013724005823,538.8600463867188,2000,0.0,0.0
2007-10-31 00:00:00+09:00,551.7239533659699,551.7239533659699,550.2946166992188,550.2946166992188,1000,0.0,0.0
2007-11-01 00:00:00+09:00,536.0012817382812,557.4413330078125,536.0012817382812,536.0012817382812,0,0.0,0.0
2007-11-02 00:00:00+09:00,556.0119946034085,556.0119946034085,547.4359741210938,547.4359741210938,1000,0.0,0.0
2007-11-05 00:00:00+09:00,528.8546752929688,551.7240666569891,528.8546752929688,528.8546752929688,0,0.0,0.0
2007-11-06 00:00:00+09:00,537.4306184895834,543.1479654947917,536.0012817382812,536.0012817382812,3000,0.0,0.0
2007-11-07 00:00:00+09:00,537.4305264439363,537.4305264439363,525.9958343919377,527.4251708984375,17000,0.0,0.0
2007-11-08 00:00:00+09:00,518.8492431640625,518.8492431640625,518.8492431640625,518.8492431640625,1000,0.0,0.0
2007-11-09 00:00:00+09:00,518.8492431640625,521.7079166801179,517.4199064060348,518.8492431640625,7500,0.0,0.0
2007-11-12 00:00:00+09:00,517.4199064060348,518.8492431640625,517.4199064060348,518.8492431640625,3000,0.0,0.0
2007-11-13 00:00:00+09:00,518.8493515014649,518.8493515014649,514.5613403320312,514.5613403320312,7000,0.0,0.0
2007-11-14 00:00:00+09:00,513.1320032755534,514.5613403320312,513.1320032755534,514.5613403320312,3000,0.0,0.0
2007-11-15 00:00:00+09:00,528.8545979817709,537.4306184895834,528.8545979817709,536.0012817382812,14000,0.0,0.0
2007-11-16 00:00:00+09:00,507.4146423339844,537.4307197678257,507.4146423339844,507.4146423339844,0,0.0,0.0
2007-11-19 00:00:00+09:00,537.4306970544764,537.4306970544764,528.8546752929688,528.8546752929688,5000,0.0,0.0
2007-11-20 00:00:00+09:00,528.8546928510274,528.8546928510274,508.8439747431507,521.7080078125,11000,0.0,0.0
2007-11-21 00:00:00+09:00,510.27319335937494,530.2839068244485,510.27319335937494,510.273193359375,0,0.0,0.0
2007-11-22 00:00:00+09:00,528.8545074049374,530.2838439114372,527.4251708984375,527.4251708984375,7000,0.0,0.0
2007-11-26 00:00:00+09:00,528.8545074049374,530.2838439114372,527.4251708984375,527.4251708984375,6000,0.0,0.0
2007-11-27 00:00:00+09:00,524.5665130615234,524.5665130615234,520.2785034179688,520.2785034179688,2000,0.0,0.0
2007-11-28 00:00:00+09:00,520.2785034179688,533.1425323486328,520.2785034179688,520.2785034179688,0,0.0,0.0
2007-11-29 00:00:00+09:00,528.8546242995862,557.4413607482126,528.8546242995862,556.0120239257812,4000,0.0,0.0
2007-11-30 00:00:00+09:00,523.13720703125,557.4412861808402,523.13720703125,523.13720703125,0,0.0,0.0
2007-12-03 00:00:00+09:00,530.2838745117188,530.2838745117188,530.2838745117188,530.2838745117188,1000,0.0,0.0
2007-12-04 00:00:00+09:00,543.1479038125422,544.5772404015224,530.2838745117188,530.2838745117188,2500,0.0,0.0
2007-12-05 00:00:00+09:00,536.0012809330681,544.5773014279972,536.0012809330681,541.7186279296875,4500,0.0,0.0
2007-12-06 00:00:00+09:00,530.2838745117188,530.2838745117188,528.8545379227384,530.2838745117188,13000,0.0,0.0
2007-12-07 00:00:00+09:00,530.2838745117188,530.2838745117188,530.2838745117188,530.2838745117188,1000,0.0,0.0
2007-12-10 00:00:00+09:00,534.5719890393709,543.1480102539062,534.5719890393709,543.1480102539062,6000,0.0,0.0
2007-12-11 00:00:00+09:00,547.4360208611739,548.8653577302632,543.1480102539062,543.1480102539062,4500,0.0,0.0
2007-12-12 00:00:00+09:00,543.1479802207341,543.1479802207341,538.8599698505705,540.289306640625,3000,0.0,0.0
2007-12-13 00:00:00+09:00,543.1479802207341,544.5773170107886,540.289306640625,540.289306640625,2500,0.0,0.0
2007-12-14 00:00:00+09:00,540.2892911805327,541.7186279296875,540.2892911805327,541.7186279296875,1000,0.0,0.0
2007-12-17 00:00:00+09:00,556.0119324519036,557.4412690391836,548.8652495155038,553.1532592773438,12000,0.0,0.0
2007-12-18 00:00:00+09:00,553.1532592773438,554.5825958646237,551.7239226900638,553.1532592773438,9000,0.0,0.0
2007-12-19 00:00:00+09:00,540.2893056819577,546.0066528320312,540.2893056819577,546.0066528320312,1000,0.0,0.0
2007-12-20 00:00:00+09:00,543.1480573659235,543.1480573659235,537.4307093936505,538.8600463867188,4000,0.0,0.0
2007-12-21 00:00:00+09:00,541.7184901136034,541.7184901136034,537.4304809570312,537.4304809570312,4000,0.0,0.0
2007-12-25 00:00:00+09:00,547.4358356556994,548.8651720412234,537.4304809570312,537.4304809570312,6000,0.0,0.0
2007-12-26 00:00:00+09:00,537.4304809570312,537.4304809570312,537.4304809570312,537.4304809570312,2000,0.0,0.0
2007-12-27 00:00:00+09:00,537.4307093936505,538.8600463867188,537.4307093936505,538.8600463867188,3000,0.0,0.0
2007-12-28 00:00:00+09:00,537.430617682223,543.1479646788424,536.0012809330681,541.7186279296875,3000,0.0,0.0
2008-01-04 00:00:00+09:00,537.4307093936505,538.8600463867188,533.1426984144459,538.8600463867188,4000,0.0,0.0
2008-01-07 00:00:00+09:00,536.0011445715072,537.4304809570312,536.0011445715072,537.4304809570312,1000,0.0,0.0
2008-01-08 00:00:00+09:00,536.0012817382812,536.0012817382812,536.0012817382812,536.0012817382812,1000,0.0,0.0
2008-01-09 00:00:00+09:00,533.1424718004592,537.4304809570312,533.1424718004592,537.4304809570312,3000,0.0,0.0
2008-01-10 00:00:00+09:00,534.5719449869791,536.0012817382812,534.5719449869791,536.0012817382812,1000,0.0,0.0
2008-01-11 00:00:00+09:00,533.1426391601562,533.1426391601562,533.1426391601562,533.1426391601562,500,0.0,0.0
2008-01-15 00:00:00+09:00,550.2946811706707,551.7240180048802,531.7133023259468,533.1426391601562,10000,0.0,0.0
2008-01-16 00:00:00+09:00,531.7133850097657,533.1427220662436,504.55598093668624,514.5613403320312,13000,0.0,0.0
2008-01-17 00:00:00+09:00,505.98510809629664,518.8491362682364,505.98510809629664,517.4197998046875,6000,0.0,0.0
2008-01-18 00:00:00+09:00,514.5611268775898,518.8491362682364,510.27311748694325,517.4197998046875,10000,0.0,0.0
2008-01-21 00:00:00+09:00,510.2731475830078,511.7024841308594,500.2677917480469,500.2677917480469,5500,0.0,0.0
2008-01-22 00:00:00+09:00,487.4038867042179,487.4038867042179,478.82786523728146,480.2572021484375,8500,0.0,0.0
2008-01-23 00:00:00+09:00,500.2677917480469,500.2677917480469,500.2677917480469,500.2677917480469,2000,0.0,0.0
2008-01-24 00:00:00+09:00,500.2677917480469,501.69712829589844,495.9797821044922,500.2677917480469,7000,0.0,0.0
2008-01-25 00:00:00+09:00,500.26786530970213,518.8492431640625,500.26786530970213,518.8492431640625,11000,0.0,0.0
2008-01-28 00:00:00+09:00,513.1318969726562,520.2785807745038,513.1318969726562,513.1318969726562,0,0.0,0.0
2008-01-29 00:00:00+09:00,520.2786535314611,528.8546752929688,518.8493165712099,528.8546752929688,10000,0.0,0.0
2008-01-30 00:00:00+09:00,514.5613403320312,530.2840479532878,514.5613403320312,514.5613403320312,0,0.0,0.0
2008-01-31 00:00:00+09:00,528.8546752929688,530.28401225322,527.4253383327175,528.8546752929688,5000,0.0,0.0
2008-02-01 00:00:00+09:00,513.1318969726562,528.8546013367209,513.1318969726562,513.1318969726562,0,0.0,0.0
2008-02-04 00:00:00+09:00,527.4253383327175,528.8546752929688,527.4253383327175,528.8546752929688,4000,0.0,0.0
2008-02-05 00:00:00+09:00,527.4253383327175,528.8546752929688,527.4253383327175,528.8546752929688,1000,0.0,0.0
2008-02-06 00:00:00+09:00,521.7080256144206,521.7080256144206,514.5613403320312,514.5613403320312,4000,0.0,0.0
2008-02-07 00:00:00+09:00,514.5613403320312,514.5613403320312,514.5613403320312,514.5613403320312,500,0.0,0.0
2008-02-08 00:00:00+09:00,507.4146423339844,523.1373495612346,507.4146423339844,507.4146423339844,0,0.0,0.0
2008-02-12 00:00:00+09:00,513.1318969726562,523.1372542952429,513.1318969726562,513.1318969726562,0,0.0,0.0
2008-02-13 00:00:00+09:00,523.13720703125,523.13720703125,523.13720703125,523.13720703125,500,0.0,0.0
2008-02-14 00:00:00+09:00,528.8546752929688,528.8546752929688,527.4253383327175,528.8546752929688,2000,0.0,0.0
2008-02-15 00:00:00+09:00,570.3053604477202,571.7346971906969,558.8706665039062,558.8706665039062,10000,0.0,0.0
2008-02-18 00:00:00+09:00,507.4146423339844,564.5881231603488,507.4146423339844,507.4146423339844,0,0.0,0.0
2008-02-19 00:00:00+09:00,514.5613403320312,570.305485534668,514.5613403320312,514.5613403320312,0,0.0,0.0
2008-02-20 00:00:00+09:00,514.5613403320312,564.5881373087566,514.5613403320312,514.5613403320312,0,0.0,0.0
2008-02-21 00:00:00+09:00,515.9906616210938,557.4414349923173,515.9906616210938,515.9906616210938,0,0.0,0.0
2008-02-22 00:00:00+09:00,557.4413607482126,557.4413607482126,556.0120239257812,556.0120239257812,1000,0.0,0.0
2008-02-25 00:00:00+09:00,567.4467617015742,568.8760986328125,567.4467617015742,568.8760986328125,4000,0.0,0.0
2008-02-26 00:00:00+09:00,521.7080078125,568.8761290667808,521.7080078125,521.7080078125,0,0.0,0.0
2008-02-27 00:00:00+09:00,527.4251708984375,567.4465930804328,527.4251708984375,527.4251708984375,0,0.0,0.0
2008-02-28 00:00:00+09:00,566.0173914292279,583.16943359375,566.0173914292279,583.16943359375,9500,0.0,0.0
2008-02-29 00:00:00+09:00,571.7346801757812,596.0334040832519,571.7346801757812,571.7346801757812,0,0.0,0.0
2008-03-03 00:00:00+09:00,571.7347568139098,571.7347568139098,570.305419921875,570.305419921875,5000,0.0,0.0
2008-03-04 00:00:00+09:00,571.7346801757812,573.1640168762207,570.3053434753417,571.7346801757812,11000,0.0,0.0
2008-03-05 00:00:00+09:00,570.3053434753417,571.7346801757812,570.3053434753417,571.7346801757812,5500,0.0,0.0
2008-03-06 00:00:00+09:00,536.0012817382812,578.8813842773437,536.0012817382812,536.0012817382812,0,0.0,0.0
2008-03-07 00:00:00+09:00,536.0012817382812,578.8813842773437,536.0012817382812,536.0012817382812,0,0.0,0.0
2008-03-10 00:00:00+09:00,536.0012817382812,536.0012817382812,536.0012817382812,536.0012817382812,500,0.0,0.0
2008-03-11 00:00:00+09:00,541.7184901136034,541.7184901136034,537.4304809570312,537.4304809570312,1500,0.0,0.0
2008-03-12 00:00:00+09:00,540.289306640625,540.289306640625,540.289306640625,540.289306640625,1000,0.0,0.0
2008-03-13 00:00:00+09:00,520.2785034179688,554.5825805664062,520.2785034179688,520.2785034179688,0,0.0,0.0
2008-03-14 00:00:00+09:00,541.7186434306795,544.5773170107886,540.289306640625,540.289306640625,1500,0.0,0.0
2008-03-17 00:00:00+09:00,537.4306330605159,548.8653273809524,531.7132859002976,540.289306640625,25500,0.0,0.0
2008-03-18 00:00:00+09:00,527.4253738403321,528.8547108968099,513.1320032755534,514.5613403320312,12000,0.0,0.0
2008-03-19 00:00:00+09:00,505.9853053133253,507.4146423339844,505.9853053133253,507.4146423339844,1000,0.0,0.0
2008-03-21 00:00:00+09:00,507.4145955346816,513.131943090002,505.9852586458515,511.7026062011719,10500,0.0,0.0
2008-03-24 00:00:00+09:00,511.7026533959617,511.7026533959617,505.9853053133253,507.4146423339844,6000,0.0,0.0
2008-03-25 00:00:00+09:00,533.1426521702816,543.1480102539062,533.1426521702816,543.1480102539062,6000,0.0,0.0
2008-03-26 00:00:00+09:00,522.0053100585938,561.374425621672,522.0053100585938,522.0053100585938,0,15.0,0.0
2008-03-27 00:00:00+09:00,517.6309814453125,561.3744446660431,517.6309814453125,517.6309814453125,0,0.0,0.0
2008-03-28 00:00:00+09:00,538.0444946289062,538.0444946289062,538.0444946289062,538.0444946289062,500,0.0,0.0
2008-03-31 00:00:00+09:00,526.379638671875,561.3744068938279,526.379638671875,526.379638671875,0,0.0,0.0
2008-04-01 00:00:00+09:00,533.670166015625,545.3350876771686,533.670166015625,533.670166015625,0,0.0,0.0
2008-04-02 00:00:00+09:00,533.670166015625,545.3350876771686,533.670166015625,533.670166015625,0,0.0,0.0
2008-04-03 00:00:00+09:00,545.3351440429688,545.3351440429688,545.3351440429688,545.3351440429688,1500,0.0,0.0
2008-04-04 00:00:00+09:00,527.8377075195312,543.8769748750971,527.8377075195312,527.8377075195312,0,0.0,0.0
2008-04-07 00:00:00+09:00,522.0053100585938,543.8770409269706,522.0053100585938,522.0053100585938,0,0.0,0.0
2008-04-08 00:00:00+09:00,524.921630859375,543.8771341959635,524.921630859375,524.921630859375,0,0.0,0.0
2008-04-09 00:00:00+09:00,536.5864977798258,543.8770751953125,536.5864977798258,543.8770751953125,1500,0.0,0.0
2008-04-10 00:00:00+09:00,542.4189388877467,554.0838623046875,542.4189388877467,554.0838623046875,9500,0.0,0.0
2008-04-11 00:00:00+09:00,552.6257547020606,568.6650246274502,552.6257547020606,567.2069091796875,4500,0.0,0.0
2008-04-14 00:00:00+09:00,565.7487473707932,568.6649780273438,554.0838247445913,568.6649780273438,2500,0.0,0.0
2008-04-15 00:00:00+09:00,571.5811913565522,573.039306640625,571.5811913565522,573.039306640625,5000,0.0,0.0
2008-04-16 00:00:00+09:00,568.6649780273438,568.6649780273438,568.6649780273438,568.6649780273438,1000,0.0,0.0
2008-04-17 00:00:00+09:00,549.7095336914062,549.7095336914062,549.7095336914062,549.7095336914062,500,0.0,0.0
2008-04-18 00:00:00+09:00,527.8377075195312,527.8377075195312,527.8377075195312,527.8377075195312,2500,0.0,0.0
2008-04-21 00:00:00+09:00,538.0445785321158,552.625732421875,538.0445785321158,552.625732421875,1000,0.0,0.0
2008-04-22 00:00:00+09:00,536.5864977798258,543.8770751953125,536.5864977798258,543.8770751953125,4500,0.0,0.0
2008-04-23 00:00:00+09:00,536.5864868164062,536.5864868164062,536.5864868164062,536.5864868164062,500,0.0,0.0
2008-04-24 00:00:00+09:00,551.1676635742188,551.1676635742188,551.1676635742188,551.1676635742188,1500,0.0,0.0
2008-04-25 00:00:00+09:00,558.4581879214106,564.2906494140625,558.4581879214106,564.2906494140625,2500,0.0,0.0
2008-04-28 00:00:00+09:00,548.2512817382812,548.2512817382812,548.2512817382812,548.2512817382812,500,0.0,0.0
2008-04-30 00:00:00+09:00,551.1676491653888,551.1676491653888,549.7095336914062,549.7095336914062,1000,0.0,0.0
2008-05-01 00:00:00+09:00,513.256591796875,561.374397277832,513.256591796875,513.256591796875,0,0.0,0.0
2008-05-02 00:00:00+09:00,557.0000610351562,557.0000610351562,557.0000610351562,557.0000610351562,500,0.0,0.0
2008-05-07 00:00:00+09:00,542.4189076049166,557.0000610351562,542.4189076049166,557.0000610351562,1000,0.0,0.0
2008-05-08 00:00:00+09:00,542.4189453125,558.4582152007728,542.4189453125,542.4189453125,0,0.0,0.0
2008-05-09 00:00:00+09:00,546.7933027434412,549.7095336914062,546.7933027434412,549.7095336914062,1000,0.0,0.0
2008-05-12 00:00:00+09:00,546.793212890625,555.5419042968749,546.793212890625,546.793212890625,0,0.0,0.0
2008-05-13 00:00:00+09:00,555.5419456921323,557.0000610351562,555.5419456921323,557.0000610351562,1500,0.0,0.0
2008-05-14 00:00:00+09:00,557.0001185916248,564.2906960601016,552.6257721105387,562.8325805664062,6000,0.0,0.0
2008-05-15 00:00:00+09:00,555.541913986206,559.916259765625,548.2513376871746,559.916259765625,7500,0.0,0.0
2008-05-16 00:00:00+09:00,548.2514005962171,554.0838623046875,546.7932851690995,554.0838623046875,5000,0.0,0.0
2008-05-19 00:00:00+09:00,561.3744394402755,561.3744394402755,548.2514005962171,554.0838623046875,37000,0.0,0.0
2008-05-20 00:00:00+09:00,559.916259765625,559.916259765625,559.916259765625,559.916259765625,500,0.0,0.0
2008-05-21 00:00:00+09:00,543.8770751953125,559.9163455093834,543.8770751953125,543.8770751953125,0,0.0,0.0
2008-05-22 00:00:00+09:00,552.625732421875,559.9163093667546,552.625732421875,552.625732421875,0,0.0,0.0
2008-05-23 00:00:00+09:00,561.3744186677366,564.2906494140625,561.3744186677366,564.2906494140625,2000,0.0,0.0
2008-05-26 00:00:00+09:00,549.7094095385294,555.5418701171875,549.7094095385294,555.5418701171875,1000,0.0,0.0
2008-05-27 00:00:00+09:00,551.1676635742188,551.1676635742188,551.1676635742188,551.1676635742188,500,0.0,0.0
2008-05-28 00:00:00+09:00,543.8770286845651,545.3351440429688,543.8770286845651,545.3351440429688,2500,0.0,0.0
2008-05-29 00:00:00+09:00,540.9607543945312,546.7932153583537,540.9607543945312,540.9607543945312,0,0.0,0.0
2008-05-30 00:00:00+09:00,552.625732421875,552.625732421875,552.625732421875,552.625732421875,1000,0.0,0.0
2008-06-02 00:00:00+09:00,554.0838623046875,554.0838623046875,554.0838623046875,554.0838623046875,1500,0.0,0.0
2008-06-03 00:00:00+09:00,558.4581298828125,558.4581298828125,558.4581298828125,558.4581298828125,1500,0.0,0.0
2008-06-04 00:00:00+09:00,559.9162860576923,568.6649780273438,559.9162860576923,568.6649780273438,8000,0.0,0.0
2008-06-05 00:00:00+09:00,568.6649780273438,568.6649780273438,568.6649780273438,568.6649780273438,6000,0.0,0.0
2008-06-06 00:00:00+09:00,575.9556018662637,575.9556018662637,561.3744473886367,567.2069091796875,4000,0.0,0.0
2008-06-09 00:00:00+09:00,561.3743286132812,561.3743286132812,561.3743286132812,561.3743286132812,2500,0.0,0.0
2008-06-10 00:00:00+09:00,561.3743286132812,561.3743286132812,561.3743286132812,561.3743286132812,500,0.0,0.0
2008-06-11 00:00:00+09:00,568.6649780273438,568.6649780273438,568.6649780273438,568.6649780273438,500,0.0,0.0
2008-06-12 00:00:00+09:00,562.8324877552151,568.6649487682224,562.8324877552151,565.7487182617188,2000,0.0,0.0
2008-06-13 00:00:00+09:00,570.1230590512055,577.4136352539062,570.1230590512055,577.4136352539062,2500,0.0,0.0
2008-06-16 00:00:00+09:00,574.4975119288964,575.9556274414062,574.4975119288964,575.9556274414062,5000,0.0,0.0
2008-06-17 00:00:00+09:00,557.0000610351562,574.4974451514439,557.0000610351562,557.0000610351562,0,0.0,0.0
2008-06-18 00:00:00+09:00,561.3743286132812,561.3743286132812,561.3743286132812,561.3743286132812,2500,0.0,0.0
2008-06-19 00:00:00+09:00,555.5418701171875,555.5418701171875,555.5418701171875,555.5418701171875,1500,0.0,0.0
2008-06-20 00:00:00+09:00,565.7487182617188,565.7487182617188,565.7487182617188,565.7487182617188,500,0.0,0.0
2008-06-23 00:00:00+09:00,546.793212890625,570.123056640625,546.793212890625,546.793212890625,0,0.0,0.0
2008-06-24 00:00:00+09:00,573.039306640625,573.039306640625,573.039306640625,573.039306640625,500,0.0,0.0
2008-06-25 00:00:00+09:00,552.6257547020606,567.2069091796875,552.6257547020606,567.2069091796875,3500,0.0,0.0
2008-06-26 00:00:00+09:00,549.7095336914062,568.6650348531789,549.7095336914062,549.7095336914062,0,0.0,0.0
2008-06-27 00:00:00+09:00,549.7095336914062,568.6650348531789,549.7095336914062,549.7095336914062,0,0.0,0.0
2008-06-30 00:00:00+09:00,561.3743286132812,561.3743286132812,561.3743286132812,561.3743286132812,1000,0.0,0.0
2008-07-01 00:00:00+09:00,581.7881002807617,583.2462158203125,580.329984741211,583.2462158203125,22000,0.0,0.0
2008-07-02 00:00:00+09:00,581.7880249023438,581.7880249023438,581.7880249023438,581.7880249023438,500,0.0,0.0
2008-07-03 00:00:00+09:00,570.1231079101562,570.1231079101562,570.1231079101562,570.1231079101562,500,0.0,0.0
2008-07-04 00:00:00+09:00,562.8325805664062,577.4137355033597,562.8325805664062,562.8325805664062,0,0.0,0.0
2008-07-07 00:00:00+09:00,570.1230194488129,570.1230194488129,561.3743286132812,561.3743286132812,2000,0.0,0.0
2008-07-08 00:00:00+09:00,562.8325805664062,562.8325805664062,562.8325805664062,562.8325805664062,500,0.0,0.0
2008-07-09 00:00:00+09:00,564.2906960601016,568.6650425411876,562.8325805664062,562.8325805664062,3000,0.0,0.0
2008-07-10 00:00:00+09:00,577.4136699969952,578.8717853252705,568.6649780273438,568.6649780273438,15500,0.0,0.0
2008-07-11 00:00:00+09:00,568.6649780273438,577.4136699969952,568.6649780273438,568.6649780273438,0,0.0,0.0
2008-07-14 00:00:00+09:00,575.9555200133661,578.8717504944465,570.1230590512055,577.4136352539062,5000,0.0,0.0
2008-07-15 00:00:00+09:00,570.1230590512055,577.4136352539062,570.1230590512055,577.4136352539062,4500,0.0,0.0
2008-07-16 00:00:00+09:00,559.916259765625,574.4974123636882,559.916259765625,559.916259765625,0,0.0,0.0
2008-07-17 00:00:00+09:00,561.3743286132812,574.4973648665788,561.3743286132812,561.3743286132812,0,0.0,0.0
2008-07-18 00:00:00+09:00,562.8325805664062,562.8325805664062,562.8325805664062,562.8325805664062,500,0.0,0.0
2008-07-22 00:00:00+09:00,562.8325805664062,562.8325805664062,562.8325805664062,562.8325805664062,1500,0.0,0.0
2008-07-23 00:00:00+09:00,564.2906494140625,574.4974570262032,564.2906494140625,564.2906494140625,0,0.0,0.0
2008-07-24 00:00:00+09:00,567.2069091796875,567.2069091796875,567.2069091796875,567.2069091796875,500,0.0,0.0
2008-07-25 00:00:00+09:00,559.9162917212042,559.9162917212042,557.0000610351562,557.0000610351562,4000,0.0,0.0
2008-07-28 00:00:00+09:00,542.4189453125,561.3744460895497,542.4189453125,542.4189453125,0,0.0,0.0
2008-07-29 00:00:00+09:00,543.8770751953125,561.3744609924807,543.8770751953125,543.8770751953125,0,0.0,0.0
2008-07-30 00:00:00+09:00,543.8770607568885,543.8770607568885,542.4189453125,542.4189453125,1500,0.0,0.0
2008-07-31 00:00:00+09:00,557.0000610351562,557.0000610351562,557.0000610351562,557.0000610351562,500,0.0,0.0
2008-08-01 00:00:00+09:00,554.0838688676075,554.0838688676075,539.5027144237231,542.4189453125,2500,0.0,0.0
2008-08-04 00:00:00+09:00,538.0445614125259,538.0445614125259,523.4634079867122,526.379638671875,2500,0.0,0.0
2008-08-05 00:00:00+09:00,524.921630859375,526.379746500651,524.921630859375,524.921630859375,1500,0.0,0.0
2008-08-06 00:00:00+09:00,517.6309377496893,517.6309377496893,510.3403611616655,513.256591796875,1500,0.0,0.0
2008-08-07 00:00:00+09:00,519.0891723632812,533.6703288903398,519.0891723632812,519.0891723632812,0,0.0,0.0
2008-08-08 00:00:00+09:00,517.6309814453125,517.6309814453125,517.6309814453125,517.6309814453125,1000,0.0,0.0
2008-08-11 00:00:00+09:00,517.6309814453125,532.2121358522227,517.6309814453125,517.6309814453125,0,0.0,0.0
2008-08-12 00:00:00+09:00,524.921630859375,532.2122090657552,524.921630859375,524.921630859375,0,0.0,0.0
2008-08-13 00:00:00+09:00,522.0053100585938,532.2121177971695,522.0053100585938,522.0053100585938,0,0.0,0.0
2008-08-14 00:00:00+09:00,522.0053277673856,523.4634432080766,517.6309814453125,517.6309814453125,2000,0.0,0.0
2008-08-15 00:00:00+09:00,511.7985900878906,524.921630859375,510.34047444661456,524.921630859375,7000,0.0,0.0
2008-08-18 00:00:00+09:00,511.7984924316406,511.7984924316406,511.7984924316406,511.7984924316406,500,0.0,0.0
2008-08-19 00:00:00+09:00,507.424072265625,522.0052237675108,507.424072265625,507.424072265625,0,0.0,0.0
2008-08-20 00:00:00+09:00,498.6754150390625,522.0052590174981,498.6754150390625,498.6754150390625,0,0.0,0.0
2008-08-21 00:00:00+09:00,503.0496826171875,503.0496826171875,503.0496826171875,503.0496826171875,500,0.0,0.0
2008-08-22 00:00:00+09:00,510.34033203124994,510.34033203124994,510.34033203124994,510.34033203125,1000,0.0,0.0
2008-08-25 00:00:00+09:00,523.463369140625,524.921484375,510.34033203124994,510.34033203125,3000,0.0,0.0
2008-08-26 00:00:00+09:00,510.34033203124994,510.34033203124994,510.34033203124994,510.34033203125,1000,0.0,0.0
2008-08-27 00:00:00+09:00,503.0496826171875,517.6308328379755,503.0496826171875,503.0496826171875,0,0.0,0.0
2008-08-28 00:00:00+09:00,503.0496826171875,517.6308328379755,503.0496826171875,503.0496826171875,0,0.0,0.0
2008-08-29 00:00:00+09:00,522.0053100585938,522.0053100585938,522.0053100585938,522.0053100585938,500,0.0,0.0
2008-09-01 00:00:00+09:00,492.84298706054693,520.5471786408735,492.84298706054693,492.8429870605469,0,0.0,0.0
2008-09-02 00:00:00+09:00,520.547119140625,520.547119140625,520.547119140625,520.547119140625,500,0.0,0.0
2008-09-03 00:00:00+09:00,507.424072265625,522.0052237675108,507.424072265625,507.424072265625,0,0.0,0.0
2008-09-04 00:00:00+09:00,507.424072265625,522.0052237675108,507.424072265625,507.424072265625,0,0.0,0.0
2008-09-05 00:00:00+09:00,507.424072265625,507.424072265625,507.424072265625,507.424072265625,500,0.0,0.0
2008-09-08 00:00:00+09:00,500.1334965146821,507.424072265625,500.1334965146821,507.424072265625,4000,0.0,0.0
2008-09-09 00:00:00+09:00,501.5916748046875,520.5471741432367,501.5916748046875,501.5916748046875,0,0.0,0.0
2008-09-10 00:00:00+09:00,505.9659729003906,520.5471248571743,505.9659729003906,505.9659729003906,0,0.0,0.0
2008-09-11 00:00:00+09:00,505.9659729003906,520.5471248571743,505.9659729003906,505.9659729003906,0,0.0,0.0
2008-09-12 00:00:00+09:00,511.798447265625,511.798447265625,510.34033203124994,510.34033203125,2000,0.0,0.0
2008-09-16 00:00:00+09:00,517.6309814453125,517.6309814453125,504.5079424790933,517.6309814453125,8500,0.0,0.0
2008-09-17 00:00:00+09:00,510.34033203124994,516.17279296875,510.34033203124994,510.34033203125,0,0.0,0.0
2008-09-18 00:00:00+09:00,510.34038996292367,516.1728515625,510.34038996292367,516.1728515625,8500,0.0,0.0
2008-09-19 00:00:00+09:00,503.0497268150593,507.424072265625,503.0497268150593,507.424072265625,2500,0.0,0.0
2008-09-22 00:00:00+09:00,510.34033203124994,510.34033203124994,510.34033203124994,510.34033203125,2000,0.0,0.0
2008-09-24 00:00:00+09:00,510.34033203124994,510.34033203124994,510.34033203124994,510.34033203125,500,0.0,0.0
2008-09-25 00:00:00+09:00,516.1728515625,516.1728515625,510.34038996292367,516.1728515625,5000,0.0,0.0
2008-09-26 00:00:00+09:00,488.46865844726557,514.7147356175665,488.46865844726557,488.4686584472656,0,0.0,0.0
2008-09-29 00:00:00+09:00,514.714677734375,514.714677734375,510.34033203124994,510.34033203125,1500,0.0,0.0
2008-09-30 00:00:00+09:00,481.1781005859375,508.88229425603697,481.1781005859375,481.1781005859375,0,0.0,0.0
2008-10-01 00:00:00+09:00,482.6361999511719,508.88227728990626,482.6361999511719,482.6361999511719,0,0.0,0.0
2008-10-02 00:00:00+09:00,505.9659729003906,505.9659729003906,505.9659729003906,505.9659729003906,500,0.0,0.0
2008-10-03 00:00:00+09:00,488.46865844726557,488.46865844726557,488.46865844726557,488.4686584472656,500,0.0,0.0
2008-10-06 00:00:00+09:00,488.4686865806579,488.4686865806579,466.5969543457031,466.5969543457031,4500,0.0,0.0
2008-10-07 00:00:00+09:00,415.56287778657054,422.85345458984375,408.2723009832974,422.85345458984375,6000,0.0,0.0
2008-10-08 00:00:00+09:00,411.1885539047591,411.1885539047591,382.0262451171875,382.0262451171875,4000,0.0,0.0
2008-10-09 00:00:00+09:00,386.40057373046875,386.40057373046875,386.40057373046875,386.40057373046875,1500,0.0,0.0
2008-10-10 00:00:00+09:00,386.40059309739337,387.8587085430439,349.9477069561298,379.1100158691406,10500,0.0,0.0
2008-10-14 00:00:00+09:00,415.56286346541145,421.39532470703125,415.56286346541145,421.39532470703125,1500,0.0,0.0
2008-10-15 00:00:00+09:00,421.3953704270929,422.8534858956988,395.1492919921875,395.1492919921875,11000,0.0,0.0
2008-10-16 00:00:00+09:00,373.27752685546875,422.8534483909607,373.27752685546875,373.27752685546875,0,0.0,0.0
2008-10-17 00:00:00+09:00,393.6911926269531,393.6911926269531,393.6911926269531,393.6911926269531,4000,0.0,0.0
2008-10-20 00:00:00+09:00,389.31689453125,393.6912416608146,389.31689453125,389.31689453125,0,0.0,0.0
2008-10-21 00:00:00+09:00,393.6911473767511,422.85345458984375,393.6911473767511,422.85345458984375,6000,0.0,0.0
2008-10-22 00:00:00+09:00,422.85345458984375,422.85345458984375,422.85345458984375,422.85345458984375,1500,0.0,0.0
2008-10-23 00:00:00+09:00,415.5628405409169,415.5628405409169,396.6073425513312,403.8979187011719,8000,0.0,0.0
2008-10-24 00:00:00+09:00,409.73039851469156,409.73039851469156,393.69113024543316,396.60736083984375,7500,0.0,0.0
2008-10-27 00:00:00+09:00,379.1100158691406,396.60740121694715,379.1100158691406,379.1100158691406,0,0.0,0.0
2008-10-28 00:00:00+09:00,377.65186081844496,377.65186081844496,357.23824672015064,365.9869384765625,7500,0.0,0.0
2008-10-29 00:00:00+09:00,379.1100158691406,379.1100158691406,379.1100158691406,379.1100158691406,1500,0.0,0.0
2008-10-30 00:00:00+09:00,384.94248536971423,392.2330627441406,384.94248536971423,392.2330627441406,3500,0.0,0.0
2008-10-31 00:00:00+09:00,380.568115234375,392.233038306693,380.568115234375,380.568115234375,0,0.0,0.0
2008-11-04 00:00:00+09:00,386.4006367382441,386.4006367382441,383.4844055175781,383.4844055175781,3000,0.0,0.0
2008-11-05 00:00:00+09:00,396.60738378213654,411.18853759765625,396.60738378213654,411.18853759765625,6500,0.0,0.0
2008-11-06 00:00:00+09:00,396.60742009295166,408.2723442133326,393.69118906285644,399.5236511230469,6000,0.0,0.0
2008-11-07 00:00:00+09:00,396.60742368344904,396.60742368344904,387.85873051396123,393.6911926269531,3500,0.0,0.0
2008-11-10 00:00:00+09:00,408.2723195929276,415.5628967285156,405.35608873869245,415.5628967285156,6000,0.0,0.0
2008-11-11 00:00:00+09:00,422.85349947480404,424.3116149902344,422.85349947480404,424.3116149902344,1500,0.0,0.0
2008-11-12 00:00:00+09:00,419.9371337890625,503.0496915181478,419.9371337890625,419.9371337890625,0,0.0,0.0
2008-11-13 00:00:00+09:00,424.3116149902344,437.4346546291076,424.3116149902344,424.3116149902344,0,0.0,0.0
2008-11-14 00:00:00+09:00,430.14398080331307,435.9764415599682,430.14398080331307,433.0602111816406,3000,0.0,0.0
2008-11-17 00:00:00+09:00,433.060232769638,454.93196169739747,433.060232769638,453.4738464355469,6000,0.0,0.0
2008-11-18 00:00:00+09:00,415.5628967285156,415.5628967285156,415.5628967285156,415.5628967285156,500,0.0,0.0
2008-11-19 00:00:00+09:00,422.85345458984375,427.22780067180764,422.85345458984375,422.85345458984375,0,0.0,0.0
2008-11-20 00:00:00+09:00,417.02101215563323,419.93724300986844,415.5628967285156,415.5628967285156,4500,0.0,0.0
2008-11-21 00:00:00+09:00,422.85345458984375,422.85345458984375,422.85345458984375,422.85345458984375,500,0.0,0.0
2008-11-25 00:00:00+09:00,434.5183095296224,437.43453979492193,422.8533884684245,437.4345397949219,3500,0.0,0.0
2008-11-26 00:00:00+09:00,408.2723388671875,434.5184177943638,408.2723388671875,408.2723388671875,0,0.0,0.0
2008-11-27 00:00:00+09:00,408.2723388671875,435.97653329031806,408.2723388671875,408.2723388671875,0,0.0,0.0
2008-11-28 00:00:00+09:00,415.5628967285156,433.0602818539268,415.5628967285156,415.5628967285156,0,0.0,0.0
2008-12-01 00:00:00+09:00,419.9371337890625,419.9371337890625,419.9371337890625,419.9371337890625,500,0.0,0.0
2008-12-02 00:00:00+09:00,427.22780679472794,427.22780679472794,411.18853759765625,411.18853759765625,1500,0.0,0.0
2008-12-03 00:00:00+09:00,411.18853759765625,422.853460650072,411.18853759765625,411.18853759765625,0,0.0,0.0
2008-12-04 00:00:00+09:00,415.5628967285156,415.5628967285156,415.5628967285156,415.5628967285156,2000,0.0,0.0
2008-12-05 00:00:00+09:00,393.6911926269531,415.56292555067273,393.6911926269531,393.6911926269531,0,0.0,0.0
2008-12-08 00:00:00+09:00,415.5628967285156,415.5628967285156,415.5628967285156,415.5628967285156,500,0.0,0.0
2008-12-09 00:00:00+09:00,387.8586730957031,414.1047487187206,387.8586730957031,387.8586730957031,0,0.0,0.0
2008-12-10 00:00:00+09:00,406.8142395019531,406.8142395019531,406.8142395019531,406.8142395019531,500,0.0,0.0
2008-12-11 00:00:00+09:00,399.52362703022203,415.5628967285156,399.52362703022203,415.5628967285156,11000,0.0,0.0
2008-12-12 00:00:00+09:00,422.85345458984375,422.85345458984375,422.85345458984375,422.85345458984375,2000,0.0,0.0
2008-12-15 00:00:00+09:00,419.9372720219948,419.9372720219948,418.4791564941406,418.4791564941406,7000,0.0,0.0
2008-12-16 00:00:00+09:00,419.9371337890625,419.9371337890625,419.9371337890625,419.9371337890625,4500,0.0,0.0
2008-12-17 00:00:00+09:00,408.2723388671875,408.2723388671875,408.2723388671875,408.2723388671875,1000,0.0,0.0
2008-12-18 00:00:00+09:00,400.9817199707031,400.9817199707031,400.9817199707031,400.9817199707031,2500,0.0,0.0
2008-12-19 00:00:00+09:00,402.4398498535156,402.4398498535156,402.4398498535156,402.4398498535156,500,0.0,0.0
2008-12-22 00:00:00+09:00,387.8586730957031,387.8586730957031,387.8586730957031,387.8586730957031,500,0.0,0.0
2008-12-24 00:00:00+09:00,386.40060642787387,408.2723388671875,386.40060642787387,408.2723388671875,4500,0.0,0.0
2008-12-25 00:00:00+09:00,408.2723388671875,408.2723388671875,408.2723388671875,408.2723388671875,3000,0.0,0.0
2008-12-26 00:00:00+09:00,380.568115234375,408.27230753113025,380.568115234375,380.568115234375,0,0.0,0.0
2008-12-29 00:00:00+09:00,408.2723388671875,408.2723388671875,408.2723388671875,408.2723388671875,1500,0.0,0.0
2008-12-30 00:00:00+09:00,386.40057373046875,409.73041969155366,386.40057373046875,386.40057373046875,0,0.0,0.0
2009-01-05 00:00:00+09:00,412.64660644531244,414.1047216624337,412.64660644531244,412.6466064453125,2000,0.0,0.0
2009-01-06 00:00:00+09:00,412.64668535505024,412.64668535505024,408.2723388671875,408.2723388671875,5000,0.0,0.0
2009-01-07 00:00:00+09:00,386.40057373046875,414.1047658092571,386.40057373046875,386.40057373046875,0,0.0,0.0
2009-01-08 00:00:00+09:00,400.9817199707031,400.9817199707031,400.9817199707031,400.9817199707031,500,0.0,0.0
2009-01-09 00:00:00+09:00,405.3560791015625,409.7304252789175,405.3560791015625,405.3560791015625,0,0.0,0.0
2009-01-13 00:00:00+09:00,414.104781301398,415.5628967285156,414.104781301398,415.5628967285156,1500,0.0,0.0
2009-01-14 00:00:00+09:00,417.0210318429129,417.0210318429129,405.356107875279,408.2723388671875,8500,0.0,0.0
2009-01-15 00:00:00+09:00,402.4398768833705,408.2723388671875,402.4398768833705,408.2723388671875,8000,0.0,0.0
2009-01-16 00:00:00+09:00,398.0655212402344,414.10479132683724,398.0655212402344,398.0655212402344,0,0.0,0.0
2009-01-19 00:00:00+09:00,393.6911926269531,393.6911926269531,393.6911926269531,393.6911926269531,500,0.0,0.0
2009-01-20 00:00:00+09:00,398.0655212402344,406.814214014745,398.0655212402344,398.0655212402344,0,0.0,0.0
2009-01-21 00:00:00+09:00,396.60736083984375,405.35605262307564,396.60736083984375,396.60736083984375,0,0.0,0.0
2009-01-22 00:00:00+09:00,400.9817199707031,400.9817199707031,400.9817199707031,400.9817199707031,1500,0.0,0.0
2009-01-23 00:00:00+09:00,405.3560791015625,405.3560791015625,405.3560791015625,405.3560791015625,3500,0.0,0.0
2009-01-26 00:00:00+09:00,399.5236511230469,408.2723442133326,399.5236511230469,399.5236511230469,0,0.0,0.0
2009-01-27 00:00:00+09:00,408.27235505572355,408.27235505572355,406.8142395019531,406.8142395019531,1000,0.0,0.0
2009-01-28 00:00:00+09:00,399.5236511230469,406.814228698285,399.5236511230469,399.5236511230469,0,0.0,0.0
2009-01-29 00:00:00+09:00,400.9817199707031,400.9817199707031,400.9817199707031,400.9817199707031,1000,0.0,0.0
2009-01-30 00:00:00+09:00,396.60736083984375,406.8141679202809,396.60736083984375,396.60736083984375,0,0.0,0.0
2009-02-02 00:00:00+09:00,387.8586730957031,400.9817109072119,387.8586730957031,387.8586730957031,0,0.0,0.0
2009-02-03 00:00:00+09:00,399.5236511230469,399.5236511230469,399.5236511230469,399.5236511230469,500,0.0,0.0
2009-02-04 00:00:00+09:00,398.0655212402344,398.0655212402344,398.0655212402344,398.0655212402344,500,0.0,0.0
2009-02-05 00:00:00+09:00,396.60736083984375,400.98170673145967,396.60736083984375,396.60736083984375,0,0.0,0.0
2009-02-06 00:00:00+09:00,393.6911926269531,393.6911926269531,393.6911926269531,393.6911926269531,500,0.0,0.0
2009-02-09 00:00:00+09:00,398.0655270428725,414.10479736328125,393.6911805918519,414.10479736328125,4000,0.0,0.0
2009-02-10 00:00:00+09:00,408.2722250728284,430.1439514160156,408.2722250728284,430.1439514160156,1000,0.0,0.0
2009-02-12 00:00:00+09:00,430.1440313931169,430.1440313931169,422.85345458984375,422.85345458984375,1000,0.0,0.0
2009-02-13 00:00:00+09:00,422.8534675051328,427.2278137207031,422.8534675051328,427.2278137207031,1500,0.0,0.0
2009-02-16 00:00:00+09:00,434.51839728104443,441.8089744166324,412.6466658742804,415.5628967285156,10000,0.0,0.0
2009-02-17 00:00:00+09:00,415.5628967285156,434.51839728104443,415.5628967285156,415.5628967285156,0,0.0,0.0
2009-02-18 00:00:00+09:00,415.56291634695873,415.56291634695873,408.2723388671875,408.2723388671875,5000,0.0,0.0
2009-02-19 00:00:00+09:00,411.1884912281912,412.64660644531244,411.1884912281912,412.6466064453125,1500,0.0,0.0
2009-02-20 00:00:00+09:00,408.2723068345523,411.18853759765625,408.2723068345523,411.18853759765625,1000,0.0,0.0
2009-02-23 00:00:00+09:00,415.56283687955494,415.56283687955494,408.27226079394876,412.6466064453125,6000,0.0,0.0
2009-02-24 00:00:00+09:00,400.9817538666109,400.9817538666109,395.1492919921875,395.1492919921875,1000,0.0,0.0
2009-02-25 00:00:00+09:00,409.73042684361553,409.73042684361553,400.98173445549565,402.4398498535156,4500,0.0,0.0
2009-02-26 00:00:00+09:00,408.2723388671875,408.2723388671875,408.2723388671875,408.2723388671875,500,0.0,0.0
2009-02-27 00:00:00+09:00,408.2722981770833,428.6859130859375,408.2722981770833,428.6859130859375,4000,0.0,0.0
2009-03-02 00:00:00+09:00,414.1047595796131,428.6859130859375,414.1047595796131,428.6859130859375,1500,0.0,0.0
2009-03-03 00:00:00+09:00,434.51837158203125,434.51837158203125,434.51837158203125,434.51837158203125,500,0.0,0.0
2009-03-04 00:00:00+09:00,409.7303771972656,434.51833596008953,409.7303771972656,409.7303771972656,0,0.0,0.0
2009-03-05 00:00:00+09:00,428.6859130859375,428.6859130859375,428.6859130859375,428.6859130859375,500,0.0,0.0
2009-03-06 00:00:00+09:00,415.5628967285156,428.685935572574,415.5628967285156,415.5628967285156,0,0.0,0.0
2009-03-09 00:00:00+09:00,418.4791564941406,428.68596518911966,418.4791564941406,418.4791564941406,0,0.0,0.0
2009-03-10 00:00:00+09:00,425.7696838378907,425.7696838378907,425.7696838378907,425.7696838378906,500,0.0,0.0
2009-03-11 00:00:00+09:00,427.2277948776348,434.51837158203125,427.2277948776348,434.51837158203125,2500,0.0,0.0
2009-03-12 00:00:00+09:00,427.2278137207031,427.2278137207031,427.2278137207031,427.2278137207031,2500,0.0,0.0
2009-03-13 00:00:00+09:00,431.6021409002727,434.51837158203125,431.6021409002727,434.51837158203125,1000,0.0,0.0
2009-03-16 00:00:00+09:00,419.9372238685345,428.6859160324623,419.9372238685345,422.85345458984375,10500,0.0,0.0
2009-03-17 00:00:00+09:00,424.3116149902344,431.60219256738617,424.3116149902344,424.3116149902344,2000,0.0,0.0
2009-03-18 00:00:00+09:00,431.6021409002727,434.51837158203125,425.76967953675546,434.51837158203125,16500,0.0,0.0
2009-03-19 00:00:00+09:00,427.22782650509396,431.6021728515625,427.22782650509396,431.6021728515625,1000,0.0,0.0
2009-03-23 00:00:00+09:00,431.6021409002727,434.51837158203125,425.76967953675546,434.51837158203125,4000,0.0,0.0
2009-03-24 00:00:00+09:00,437.4346022637898,437.4346022637898,431.6021409002727,434.51837158203125,5500,0.0,0.0
2009-03-25 00:00:00+09:00,434.5183095296224,441.8088851928711,422.8533884684245,437.4345397949219,27500,0.0,0.0
2009-03-26 00:00:00+09:00,436.68682861328125,436.68682861328125,436.68682861328125,436.68682861328125,2500,15.0,0.0
2009-03-27 00:00:00+09:00,421.7318115234375,421.7318115234375,421.7318115234375,421.7318115234375,500,0.0,0.0
2009-03-30 00:00:00+09:00,421.7318004458824,421.7318004458824,417.2452919305007,420.2362976074219,1500,0.0,0.0
2009-03-31 00:00:00+09:00,415.74979435193,429.2093200683594,412.7587886371679,429.2093200683594,2000,0.0,0.0
2009-04-01 00:00:00+09:00,429.2093200683594,429.2093200683594,429.2093200683594,429.2093200683594,1500,0.0,0.0
2009-04-02 00:00:00+09:00,424.7228502775493,427.7138562654194,424.7228502775493,426.2183532714844,3000,0.0,0.0
2009-04-03 00:00:00+09:00,429.2093395953412,435.1913512970184,427.7138366699219,427.7138366699219,4000,0.0,0.0
2009-04-06 00:00:00+09:00,438.18231201171875,438.18231201171875,438.18231201171875,438.18231201171875,2000,0.0,0.0
2009-04-07 00:00:00+09:00,429.2093200683594,442.6688457847888,429.2093200683594,429.2093200683594,0,0.0,0.0
2009-04-08 00:00:00+09:00,430.7048688616071,439.6778869628906,430.7048688616071,439.6778869628906,2000,0.0,0.0
2009-04-09 00:00:00+09:00,429.2093200683594,429.2093200683594,429.2093200683594,429.2093200683594,500,0.0,0.0
2009-04-10 00:00:00+09:00,430.70477294921875,430.70477294921875,430.70477294921875,430.70477294921875,1000,0.0,0.0
2009-04-13 00:00:00+09:00,433.6958202111268,433.6958202111268,432.20031738281256,432.2003173828125,1500,0.0,0.0
2009-04-14 00:00:00+09:00,435.1913064689767,438.18231201171875,435.1913064689767,438.18231201171875,1000,0.0,0.0
2009-04-15 00:00:00+09:00,436.6867836846246,439.67778905232746,430.70477294921875,430.70477294921875,6500,0.0,0.0
2009-04-16 00:00:00+09:00,429.2093592593544,429.2093592593544,426.2183532714844,426.2183532714844,6500,0.0,0.0
2009-04-17 00:00:00+09:00,426.21837293598014,426.21837293598014,423.22736681011366,424.7228698730469,1500,0.0,0.0
2009-04-20 00:00:00+09:00,426.2183532714844,426.2183532714844,426.2183532714844,426.2183532714844,500,0.0,0.0
2009-04-21 00:00:00+09:00,424.7228502775493,426.2183532714844,424.7228502775493,426.2183532714844,2500,0.0,0.0
2009-04-22 00:00:00+09:00,427.7138366699219,427.7138366699219,427.7138366699219,427.7138366699219,500,0.0,0.0
2009-04-23 00:00:00+09:00,435.19137791224887,439.6778869628906,435.19137791224887,439.6778869628906,8500,0.0,0.0
2009-04-24 00:00:00+09:00,429.2093335967703,435.19134521484375,429.2093335967703,435.19134521484375,1500,0.0,0.0
2009-04-27 00:00:00+09:00,435.19133149788354,435.19133149788354,429.2093200683594,429.2093200683594,1500,0.0,0.0
2009-04-28 00:00:00+09:00,430.70477294921875,444.16429710388184,430.70477294921875,430.70477294921875,0,0.0,0.0
2009-04-30 00:00:00+09:00,423.2272715250651,448.65081787109375,423.2272715250651,448.65081787109375,10000,0.0,0.0
2009-05-01 00:00:00+09:00,429.2093200683594,441.17334292740776,429.2093200683594,429.2093200683594,0,0.0,0.0
2009-05-07 00:00:00+09:00,445.6598815917969,445.6598815917969,445.6598815917969,445.6598815917969,500,0.0,0.0
2009-05-08 00:00:00+09:00,438.18231201171875,478.56088683873725,438.18231201171875,438.18231201171875,0,0.0,0.0
2009-05-11 00:00:00+09:00,456.1283315022786,456.1283315022786,448.65081787109375,448.65081787109375,1000,0.0,0.0
2009-05-12 00:00:00+09:00,441.1733042399088,448.65081787109375,441.1733042399088,448.65081787109375,1500,0.0,0.0
2009-05-13 00:00:00+09:00,448.65089215730364,456.128407026592,448.65089215730364,454.6329040527344,5000,0.0,0.0
2009-05-14 00:00:00+09:00,450.1463928222656,450.1463928222656,450.1463928222656,450.1463928222656,500,0.0,0.0
2009-05-15 00:00:00+09:00,450.14634843306106,454.6328568892045,441.1733315207741,444.1643371582031,8500,0.0,0.0
2009-05-18 00:00:00+09:00,444.16433715820307,444.16433715820307,444.16433715820307,444.1643371582031,500,0.0,0.0
2009-05-19 00:00:00+09:00,456.128411569903,463.6059265136719,456.128411569903,463.6059265136719,4000,0.0,0.0
2009-05-20 00:00:00+09:00,456.12839937210083,486.03845834732056,456.12839937210083,478.5609436035156,7000,0.0,0.0
2009-05-21 00:00:00+09:00,474.07443475723267,478.5609436035156,471.0834288597107,478.5609436035156,3000,0.0,0.0
2009-05-22 00:00:00+09:00,474.0743713378906,478.5608795839905,474.0743713378906,474.0743713378906,0,0.0,0.0
2009-05-25 00:00:00+09:00,471.0834228515625,486.0384521484375,471.0834228515625,486.0384521484375,3500,0.0,0.0
2009-05-26 00:00:00+09:00,478.56092913799694,489.0294494628906,478.56092913799694,489.0294494628906,1500,0.0,0.0
2009-05-27 00:00:00+09:00,489.0294519597834,493.5159606933594,489.0294519597834,493.5159606933594,5500,0.0,0.0
2009-05-28 00:00:00+09:00,478.5609761996904,484.54298840218655,478.5609761996904,483.0474853515625,5000,0.0,0.0
2009-05-29 00:00:00+09:00,475.569931640625,486.0384521484375,475.569931640625,486.0384521484375,5000,0.0,0.0
2009-06-01 00:00:00+09:00,481.5520324707031,483.04753567713385,481.5520324707031,481.5520324707031,3000,0.0,0.0
2009-06-02 00:00:00+09:00,477.06544065475464,493.5159730911255,477.06544065475464,478.5609436035156,6000,0.0,0.0
2009-06-03 00:00:00+09:00,481.551943359375,486.0384521484375,481.551943359375,486.0384521484375,5500,0.0,0.0
2009-06-04 00:00:00+09:00,487.5339490485914,493.5159606933594,481.5519374038234,493.5159606933594,3000,0.0,0.0
2009-06-05 00:00:00+09:00,489.0294519597834,493.5159606933594,489.0294519597834,493.5159606933594,1000,0.0,0.0
2009-06-08 00:00:00+09:00,493.51595817355934,495.01146107711554,489.0294494628906,489.0294494628906,7500,0.0,0.0
2009-06-09 00:00:00+09:00,496.50693308813334,505.4799499511719,486.0384134145883,505.4799499511719,9000,0.0,0.0
2009-06-10 00:00:00+09:00,506.9754527616783,508.4709555721847,505.4799499511719,505.4799499511719,2500,0.0,0.0
2009-06-11 00:00:00+09:00,503.9844665527344,511.4619808932794,498.0024550802984,503.9844665527344,6500,0.0,0.0
2009-06-12 00:00:00+09:00,503.98441293145305,529.407958984375,503.98441293145305,529.407958984375,5000,0.0,0.0
2009-06-15 00:00:00+09:00,521.9304891405159,535.3900146484375,521.9304891405159,535.3900146484375,6500,0.0,0.0
2009-06-16 00:00:00+09:00,526.4169921875,526.4169921875,509.96646118164057,509.9664611816406,5500,0.0,0.0
2009-06-17 00:00:00+09:00,509.9664529071953,515.9484640849922,509.9664529071953,512.9574584960938,3500,0.0,0.0
2009-06-18 00:00:00+09:00,511.461983534869,511.461983534869,508.47097778320307,508.4709777832031,2500,0.0,0.0
2009-06-19 00:00:00+09:00,499.4979858398438,499.4979858398438,499.4979858398438,499.49798583984375,500,0.0,0.0
2009-06-22 00:00:00+09:00,505.4799527254971,509.96646118164057,505.4799527254971,509.9664611816406,2000,0.0,0.0
2009-06-23 00:00:00+09:00,509.96646118164057,515.9484724564985,508.4709583629261,509.9664611816406,2000,0.0,0.0
2009-06-24 00:00:00+09:00,511.46196400035507,511.46196400035507,509.96646118164057,509.9664611816406,1000,0.0,0.0
2009-06-25 00:00:00+09:00,511.4619557016445,517.4439668794415,511.4619557016445,512.9574584960938,4000,0.0,0.0
2009-06-26 00:00:00+09:00,514.4529641212066,517.4439697265625,514.4529641212066,517.4439697265625,4000,0.0,0.0
2009-06-29 00:00:00+09:00,523.426025390625,532.39904296875,523.426025390625,523.426025390625,8000,0.0,0.0
2009-06-30 00:00:00+09:00,532.3989644023658,541.3719806563382,523.4259481483933,529.407958984375,38500,0.0,0.0
2009-07-01 00:00:00+09:00,521.9305616356861,521.9305616356861,520.43505859375,520.43505859375,5500,0.0,0.0
2009-07-02 00:00:00+09:00,535.390048828125,535.390048828125,521.9305224609375,523.426025390625,2500,0.0,0.0
2009-07-03 00:00:00+09:00,520.43505859375,520.43505859375,520.43505859375,520.43505859375,3000,0.0,0.0
2009-07-06 00:00:00+09:00,518.9394920459692,518.9394920459692,515.948486328125,515.948486328125,1500,0.0,0.0
2009-07-07 00:00:00+09:00,523.426025390625,523.426025390625,523.426025390625,523.426025390625,1000,0.0,0.0
2009-07-08 00:00:00+09:00,523.4260646776222,523.4260646776222,520.43505859375,520.43505859375,5500,0.0,0.0
2009-07-09 00:00:00+09:00,527.9125366210938,527.9125366210938,527.9125366210938,527.9125366210938,500,0.0,0.0
2009-07-10 00:00:00+09:00,526.41703125,526.41703125,523.426025390625,523.426025390625,1500,0.0,0.0
2009-07-13 00:00:00+09:00,526.41703125,526.41703125,523.426025390625,523.426025390625,1500,0.0,0.0
2009-07-14 00:00:00+09:00,532.3990628917443,532.3990628917443,521.9305419921875,521.9305419921875,3000,0.0,0.0
2009-07-15 00:00:00+09:00,514.453014830693,536.8855590820312,514.453014830693,536.8855590820312,6500,0.0,0.0
2009-07-16 00:00:00+09:00,533.894570450044,533.894570450044,530.903564453125,530.903564453125,1000,0.0,0.0
2009-07-17 00:00:00+09:00,512.9574584960938,533.8944976183833,512.9574584960938,512.9574584960938,0,0.0,0.0
2009-07-21 00:00:00+09:00,524.9215698242188,541.3721033514735,524.9215698242188,524.9215698242188,0,0.0,0.0
2009-07-22 00:00:00+09:00,523.4260159747331,542.8675537109375,523.4260159747331,542.8675537109375,7000,0.0,0.0
2009-07-23 00:00:00+09:00,538.3810903188345,559.3181327201224,535.3900842615076,553.3361206054688,6500,0.0,0.0
2009-07-24 00:00:00+09:00,583.2460226224164,583.2460226224164,569.7864990234375,569.7864990234375,17000,0.0,0.0
2009-07-27 00:00:00+09:00,569.7865437297078,575.7685546875,553.3360135957793,575.7685546875,5000,0.0,0.0
2009-07-28 00:00:00+09:00,568.2909964013288,580.2550173781989,568.2909964013288,569.7864990234375,4500,0.0,0.0
2009-07-29 00:00:00+09:00,569.7864990234375,569.7864990234375,569.7864990234375,569.7864990234375,3000,0.0,0.0
2009-07-30 00:00:00+09:00,566.7955322265625,569.7865376736684,566.7955322265625,566.7955322265625,0,0.0,0.0
2009-07-31 00:00:00+09:00,569.7865629196167,574.2730712890625,569.7865629196167,574.2730712890625,1000,0.0,0.0
2009-08-03 00:00:00+09:00,560.8135986328125,560.8135986328125,560.8135986328125,560.8135986328125,2500,0.0,0.0
2009-08-04 00:00:00+09:00,553.3361206054688,553.3361206054688,553.3361206054688,553.3361206054688,1000,0.0,0.0
2009-08-05 00:00:00+09:00,553.3361206054688,553.3361206054688,553.3361206054688,553.3361206054688,500,0.0,0.0
2009-08-06 00:00:00+09:00,550.3450927734375,553.3360987124236,550.3450927734375,550.3450927734375,0,0.0,0.0
2009-08-07 00:00:00+09:00,550.3450656467014,550.3450656467014,538.3810424804688,538.3810424804688,2000,0.0,0.0
2009-08-10 00:00:00+09:00,553.3360077145861,566.7955322265625,553.3360077145861,566.7955322265625,11000,0.0,0.0
2009-08-11 00:00:00+09:00,560.8135022615131,574.2730263157895,560.8135022615131,568.291015625,13500,0.0,0.0
2009-08-12 00:00:00+09:00,548.849609375,568.2911486716622,548.849609375,548.849609375,0,0.0,0.0
2009-08-13 00:00:00+09:00,568.2911228702358,578.7596435546875,568.2911228702358,578.7596435546875,13500,0.0,0.0
2009-08-14 00:00:00+09:00,571.2821044921875,571.2821044921875,571.2821044921875,571.2821044921875,500,0.0,0.0
2009-08-17 00:00:00+09:00,586.2371607071314,586.2371607071314,583.2461547851562,583.2461547851562,4500,0.0,0.0
2009-08-18 00:00:00+09:00,553.3361206054688,583.2461811787373,553.3361206054688,553.3361206054688,0,0.0,0.0
2009-08-19 00:00:00+09:00,568.291015625,568.291015625,568.291015625,568.291015625,1000,0.0,0.0
2009-08-20 00:00:00+09:00,553.3360135957793,575.7685546875,553.3360135957793,575.7685546875,4500,0.0,0.0
2009-08-21 00:00:00+09:00,583.2461547851562,583.2461547851562,583.2461547851562,583.2461547851562,7000,0.0,0.0
2009-08-24 00:00:00+09:00,568.2909964013288,569.7864990234375,568.2909964013288,569.7864990234375,1000,0.0,0.0
2009-08-25 00:00:00+09:00,584.74169921875,584.74169921875,584.74169921875,584.74169921875,2000,0.0,0.0
2009-08-26 00:00:00+09:00,562.30908203125,587.7326309528756,562.30908203125,562.30908203125,0,0.0,0.0
2009-08-27 00:00:00+09:00,569.7865437297078,575.7685546875,569.7865437297078,575.7685546875,1000,0.0,0.0
2009-08-28 00:00:00+09:00,568.2912571544953,568.2912571544953,559.3182373046875,559.3182373046875,4500,0.0,0.0
2009-08-31 00:00:00+09:00,566.795590664478,566.795590664478,562.30908203125,562.30908203125,1000,0.0,0.0
2009-09-02 00:00:00+09:00,562.30908203125,562.30908203125,562.30908203125,562.30908203125,500,0.0,0.0
2009-09-03 00:00:00+09:00,541.3720092773438,559.3180427340512,541.3720092773438,541.3720092773438,0,0.0,0.0
2009-09-04 00:00:00+09:00,553.3361010281544,554.8316040039062,553.3361010281544,554.8316040039062,1500,0.0,0.0
2009-09-07 00:00:00+09:00,551.8405711276472,551.8405711276472,542.8675537109375,542.8675537109375,4500,0.0,0.0
2009-09-08 00:00:00+09:00,541.3720092773438,556.3270371579333,541.3720092773438,541.3720092773438,0,0.0,0.0
2009-09-09 00:00:00+09:00,545.858642578125,563.8046801423374,545.858642578125,545.858642578125,0,0.0,0.0
2009-09-10 00:00:00+09:00,553.3361206054688,553.3361206054688,553.3361206054688,553.3361206054688,500,0.0,0.0
2009-09-11 00:00:00+09:00,559.3182373046875,559.3182373046875,559.3182373046875,559.3182373046875,500,0.0,0.0
2009-09-14 00:00:00+09:00,560.8135986328125,560.8135986328125,560.8135986328125,560.8135986328125,1000,0.0,0.0
2009-09-15 00:00:00+09:00,569.7864990234375,569.7864990234375,569.7864990234375,569.7864990234375,5000,0.0,0.0
2009-09-16 00:00:00+09:00,575.7685546875,575.7685546875,575.7685546875,575.7685546875,500,0.0,0.0
2009-09-17 00:00:00+09:00,575.7685546875,575.7685546875,575.7685546875,575.7685546875,500,0.0,0.0
2009-09-18 00:00:00+09:00,568.2910409902597,575.7685546875,568.2910409902597,575.7685546875,1000,0.0,0.0
2009-09-21 00:00:00+09:00,575.7685546875,575.7685546875,575.7685546875,575.7685546875,0,0.0,0.0
2009-09-24 00:00:00+09:00,574.2730712890625,574.2730712890625,574.2730712890625,574.2730712890625,2000,0.0,0.0
2009-09-25 00:00:00+09:00,589.2282301730478,589.2282301730478,587.7327270507812,587.7327270507812,2000,0.0,0.0
2009-09-28 00:00:00+09:00,559.3182373046875,568.2912571544953,559.3182373046875,559.3182373046875,0,0.0,0.0
2009-09-29 00:00:00+09:00,553.3361206054688,568.291150892103,553.3361206054688,553.3361206054688,0,0.0,0.0
2009-09-30 00:00:00+09:00,565.3002505378927,565.3002505378927,559.3182373046875,559.3182373046875,1500,0.0,0.0
2009-10-01 00:00:00+09:00,557.8226676209332,557.8226676209332,544.363139447774,545.858642578125,2500,0.0,0.0
2009-10-02 00:00:00+09:00,560.8136313302176,560.8136313302176,539.8765890938895,544.3630981445312,3000,0.0,0.0
2009-10-05 00:00:00+09:00,544.3630981445312,544.3630981445312,544.3630981445312,544.3630981445312,1000,0.0,0.0
2009-10-06 00:00:00+09:00,539.87646484375,553.3359888980262,539.87646484375,539.87646484375,0,0.0,0.0
2009-10-07 00:00:00+09:00,551.840576171875,551.840576171875,551.840576171875,551.840576171875,500,0.0,0.0
2009-10-08 00:00:00+09:00,539.87646484375,551.840486225329,539.87646484375,539.87646484375,0,0.0,0.0
2009-10-09 00:00:00+09:00,550.3450927734375,550.3450927734375,550.3450927734375,550.3450927734375,1000,0.0,0.0
2009-10-13 00:00:00+09:00,550.3450732554201,551.840576171875,550.3450732554201,551.840576171875,1000,0.0,0.0
2009-10-14 00:00:00+09:00,548.8496290530012,548.8496290530012,547.3541259765625,547.3541259765625,1000,0.0,0.0
2009-10-15 00:00:00+09:00,553.3361206054688,553.3361206054688,553.3361206054688,553.3361206054688,5000,0.0,0.0
2009-10-16 00:00:00+09:00,541.372048272027,541.372048272027,538.3810424804688,538.3810424804688,2500,0.0,0.0
2009-10-19 00:00:00+09:00,539.87646484375,539.87646484375,539.87646484375,539.87646484375,2000,0.0,0.0
2009-10-20 00:00:00+09:00,551.840576171875,551.840576171875,551.840576171875,551.840576171875,500,0.0,0.0
2009-10-21 00:00:00+09:00,533.89453125,548.8495601365546,533.89453125,533.89453125,0,0.0,0.0
2009-10-22 00:00:00+09:00,539.87646484375,539.87646484375,539.87646484375,539.87646484375,1000,0.0,0.0
2009-10-23 00:00:00+09:00,544.3630981445312,544.3630981445312,544.3630981445312,544.3630981445312,2000,0.0,0.0
2009-10-26 00:00:00+09:00,541.3720092773438,541.3720092773438,541.3720092773438,541.3720092773438,500,0.0,0.0
2009-10-27 00:00:00+09:00,527.9125366210938,538.3810571773193,527.9125366210938,527.9125366210938,0,0.0,0.0
2009-10-28 00:00:00+09:00,527.9125091995019,527.9125091995019,515.948486328125,515.948486328125,5000,0.0,0.0
2009-10-29 00:00:00+09:00,523.426025390625,529.408037109375,523.426025390625,523.426025390625,0,0.0,0.0
2009-10-30 00:00:00+09:00,511.46200195312497,523.426025390625,511.46200195312497,523.426025390625,2000,0.0,0.0
2009-11-02 00:00:00+09:00,512.9575085556298,512.9575085556298,511.4620056152344,511.4620056152344,1000,0.0,0.0
2009-11-04 00:00:00+09:00,518.9394920459692,518.9394920459692,509.9664748924366,515.948486328125,2000,0.0,0.0
2009-11-05 00:00:00+09:00,502.4889415228545,502.4889415228545,500.9934387207031,500.9934387207031,1500,0.0,0.0
2009-11-06 00:00:00+09:00,493.5159606933594,493.5159606933594,493.5159606933594,493.5159606933594,500,0.0,0.0
2009-11-09 00:00:00+09:00,493.51595817355934,493.51595817355934,489.0294494628906,489.0294494628906,2500,0.0,0.0
2009-11-10 00:00:00+09:00,487.53396129608154,489.02946424484253,478.5609436035156,478.5609436035156,8000,0.0,0.0
2009-11-11 00:00:00+09:00,478.5608795839905,478.5608795839905,474.0743713378906,474.0743713378906,4000,0.0,0.0
2009-11-12 00:00:00+09:00,478.5608795839905,478.5608795839905,474.0743713378906,474.0743713378906,16000,0.0,0.0
2009-11-13 00:00:00+09:00,486.038441128201,486.038441128201,484.5429382324219,484.5429382324219,2500,0.0,0.0
2009-11-16 00:00:00+09:00,483.0474853515625,483.0474853515625,483.0474853515625,483.0474853515625,5500,0.0,0.0
2009-11-17 00:00:00+09:00,471.0834045410156,478.5609188988095,471.0834045410156,471.0834045410156,0,0.0,0.0
2009-11-18 00:00:00+09:00,457.6239013671875,478.56094260620915,457.6239013671875,457.6239013671875,0,0.0,0.0
2009-11-19 00:00:00+09:00,460.6148436722482,469.5878601074219,460.6148436722482,469.5878601074219,2500,0.0,0.0
2009-11-20 00:00:00+09:00,454.632872953869,471.0834045410156,453.13737008231027,471.0834045410156,2500,0.0,0.0
2009-11-24 00:00:00+09:00,468.09239879789806,471.0834045410156,468.09239879789806,471.0834045410156,1000,0.0,0.0
2009-11-25 00:00:00+09:00,471.0834045410156,471.0834045410156,444.16435285295756,471.0834045410156,9000,0.0,0.0
2009-11-26 00:00:00+09:00,465.1014404296875,465.1014404296875,465.1014404296875,465.1014404296875,500,0.0,0.0
2009-11-27 00:00:00+09:00,457.6238342285156,457.6238342285156,448.65081787109375,448.65081787109375,2000,0.0,0.0
2009-11-30 00:00:00+09:00,471.0834045410156,471.0834045410156,463.60589018322173,471.0834045410156,2000,0.0,0.0
2009-12-01 00:00:00+09:00,463.60597314614273,471.08348884204827,453.137451171875,453.137451171875,7500,0.0,0.0
2009-12-02 00:00:00+09:00,460.6149597167969,460.6149597167969,460.6149597167969,460.6149597167969,500,0.0,0.0
2009-12-03 00:00:00+09:00,463.6058520969908,474.0743713378906,463.6058520969908,474.0743713378906,4500,0.0,0.0
2009-12-04 00:00:00+09:00,462.1104736328125,463.6059767837277,462.1104736328125,462.1104736328125,2500,0.0,0.0
2009-12-07 00:00:00+09:00,466.5968933105469,466.5968933105469,466.5968933105469,466.5968933105469,500,0.0,0.0
2009-12-08 00:00:00+09:00,459.11944580078125,472.57897352784,459.11944580078125,459.11944580078125,0,0.0,0.0
2009-12-09 00:00:00+09:00,466.5968933105469,472.5789047632462,466.5968933105469,466.5968933105469,0,0.0,0.0
2009-12-10 00:00:00+09:00,469.5878519951543,472.578857421875,466.5968465684336,472.578857421875,4000,0.0,0.0
2009-12-11 00:00:00+09:00,472.5788685891906,478.5608795839905,469.58786309179067,474.0743713378906,6000,0.0,0.0
2009-12-14 00:00:00+09:00,478.5609375,486.0384521484375,478.5609375,486.0384521484375,2500,0.0,0.0
2009-12-15 00:00:00+09:00,493.5159606933594,493.5159606933594,493.5159606933594,493.5159606933594,6000,0.0,0.0
2009-12-16 00:00:00+09:00,478.5609436035156,478.5609436035156,478.5609436035156,478.5609436035156,500,0.0,0.0
2009-12-17 00:00:00+09:00,478.5609375,486.0384521484375,478.5609375,486.0384521484375,3500,0.0,0.0
2009-12-18 00:00:00+09:00,478.5609436035156,478.5609436035156,478.5609436035156,478.5609436035156,2500,0.0,0.0
2009-12-21 00:00:00+09:00,478.5609398818598,490.52496337890625,478.5609398818598,490.52496337890625,7000,0.0,0.0
2009-12-22 00:00:00+09:00,483.0474462890625,486.0384521484375,483.0474462890625,486.0384521484375,2000,0.0,0.0
2009-12-24 00:00:00+09:00,508.47097778320307,508.47097778320307,508.47097778320307,508.4709777832031,500,0.0,0.0
2009-12-25 00:00:00+09:00,500.9934387207031,500.9934387207031,500.9934387207031,500.9934387207031,3500,0.0,0.0
2009-12-28 00:00:00+09:00,500.9934387207031,500.9934387207031,500.9934387207031,500.9934387207031,500,0.0,0.0
2009-12-29 00:00:00+09:00,500.9934387207031,500.9934387207031,500.9934387207031,500.9934387207031,1000,0.0,0.0
2009-12-30 00:00:00+09:00,493.5159606933594,493.5159606933594,493.5159606933594,493.5159606933594,2000,0.0,0.0
2010-01-04 00:00:00+09:00,495.011474609375,498.0024804982534,495.011474609375,495.011474609375,0,0.0,0.0
2010-01-05 00:00:00+09:00,498.0024305516012,512.9574584960938,498.0024305516012,512.9574584960938,15000,0.0,0.0
2010-01-06 00:00:00+09:00,511.4620056152344,511.4620056152344,511.4620056152344,511.4620056152344,1500,0.0,0.0
2010-01-07 00:00:00+09:00,509.96646118164057,515.9484724564985,509.96646118164057,509.9664611816406,0,0.0,0.0
2010-01-08 00:00:00+09:00,515.948486328125,515.948486328125,515.948486328125,515.948486328125,1000,0.0,0.0
2010-01-12 00:00:00+09:00,527.9125738034304,527.9125738034304,517.4440525098779,520.43505859375,2500,0.0,0.0
2010-01-13 00:00:00+09:00,526.4169976431565,535.3900146484375,526.4169976431565,535.3900146484375,4500,0.0,0.0
2010-01-14 00:00:00+09:00,535.3900561319421,536.8855590820312,530.9035472816744,536.8855590820312,3000,0.0,0.0
2010-01-15 00:00:00+09:00,541.3720831437545,541.3720831437545,526.4170532226562,526.4170532226562,6000,0.0,0.0
2010-01-18 00:00:00+09:00,529.407958984375,529.407958984375,529.407958984375,529.407958984375,500,0.0,0.0
2010-01-19 00:00:00+09:00,526.4170728721509,526.4170728721509,524.9215698242188,524.9215698242188,4500,0.0,0.0
2010-01-20 00:00:00+09:00,524.9215698242188,524.9215698242188,524.9215698242188,524.9215698242188,500,0.0,0.0
2010-01-21 00:00:00+09:00,523.426025390625,523.426025390625,523.426025390625,523.426025390625,1000,0.0,0.0
2010-01-22 00:00:00+09:00,518.9394725292404,518.9394725292404,517.4439697265625,517.4439697265625,3000,0.0,0.0
2010-01-25 00:00:00+09:00,521.9305419921875,521.9305419921875,521.9305419921875,521.9305419921875,2500,0.0,0.0
2010-01-26 00:00:00+09:00,509.96646118164057,509.96646118164057,509.96646118164057,509.9664611816406,500,0.0,0.0
2010-01-27 00:00:00+09:00,515.948486328125,515.948486328125,515.948486328125,515.948486328125,2500,0.0,0.0
2010-01-28 00:00:00+09:00,512.9575000141942,514.4530029296875,512.9575000141942,514.4530029296875,2000,0.0,0.0
2010-01-29 00:00:00+09:00,512.9574584960938,512.9574584960938,512.9574584960938,512.9574584960938,500,0.0,0.0
2010-02-01 00:00:00+09:00,506.9754943847656,506.9754943847656,506.9754943847656,506.9754943847656,500,0.0,0.0
2010-02-02 00:00:00+09:00,518.939453125,518.939453125,518.939453125,518.939453125,1000,0.0,0.0
2010-02-03 00:00:00+09:00,518.9394979140337,518.9394979140337,508.47097778320307,508.4709777832031,1500,0.0,0.0
2010-02-04 00:00:00+09:00,506.97547490737014,508.47097778320307,506.97547490737014,508.4709777832031,1500,0.0,0.0
2010-02-05 00:00:00+09:00,508.4709751570614,508.4709751570614,503.9844665527344,503.9844665527344,2000,0.0,0.0
2010-02-08 00:00:00+09:00,503.9844665527344,508.4709751570614,503.9844665527344,503.9844665527344,0,0.0,0.0
2010-02-09 00:00:00+09:00,503.9844665527344,503.9844665527344,503.9844665527344,503.9844665527344,500,0.0,0.0
2010-02-10 00:00:00+09:00,508.47097778320307,508.47097778320307,508.47097778320307,508.4709777832031,1000,0.0,0.0
2010-02-12 00:00:00+09:00,509.9664748924366,515.948486328125,509.9664748924366,515.948486328125,1000,0.0,0.0
2010-02-15 00:00:00+09:00,527.9125341796874,527.9125341796874,523.426025390625,523.426025390625,5500,0.0,0.0
2010-02-16 00:00:00+09:00,512.9574584960938,527.9124864405862,512.9574584960938,512.9574584960938,0,0.0,0.0
2010-02-17 00:00:00+09:00,517.4439697265625,533.8945005560197,517.4439697265625,517.4439697265625,0,0.0,0.0
2010-02-18 00:00:00+09:00,511.4620056152344,511.4620056152344,511.4620056152344,511.4620056152344,2000,0.0,0.0
2010-02-19 00:00:00+09:00,511.4620056152344,518.9395203172114,511.4620056152344,511.4620056152344,0,0.0,0.0
2010-02-22 00:00:00+09:00,511.4620056152344,511.4620056152344,511.4620056152344,511.4620056152344,1000,0.0,0.0
2010-02-23 00:00:00+09:00,509.9665026748389,511.4620056152344,509.9665026748389,511.4620056152344,1000,0.0,0.0
2010-02-24 00:00:00+09:00,509.96646118164057,509.96646118164057,509.96646118164057,509.9664611816406,1000,0.0,0.0
2010-02-25 00:00:00+09:00,520.4350232576069,520.4350232576069,511.4620056152344,511.4620056152344,2500,0.0,0.0
2010-02-26 00:00:00+09:00,511.46200195312497,529.408037109375,511.46200195312497,523.426025390625,2500,0.0,0.0
2010-03-01 00:00:00+09:00,523.4259807529734,523.4259807529734,500.9934387207031,500.9934387207031,9500,0.0,0.0
2010-03-02 00:00:00+09:00,511.4620056152344,511.4620056152344,511.4620056152344,511.4620056152344,500,0.0,0.0
2010-03-03 00:00:00+09:00,500.9934634040383,508.47097778320307,500.9934634040383,508.4709777832031,2500,0.0,0.0
2010-03-04 00:00:00+09:00,503.9844665527344,511.4619808932794,503.9844665527344,503.9844665527344,0,0.0,0.0
2010-03-05 00:00:00+09:00,503.9844665527344,503.9844665527344,503.9844665527344,503.9844665527344,500,0.0,0.0
2010-03-08 00:00:00+09:00,508.4709583629261,509.96646118164057,508.4709583629261,509.9664611816406,1500,0.0,0.0
2010-03-09 00:00:00+09:00,514.4530029296875,514.4530029296875,514.4530029296875,514.4530029296875,500,0.0,0.0
2010-03-10 00:00:00+09:00,514.452961290543,514.452961290543,512.9574584960938,512.9574584960938,3500,0.0,0.0
2010-03-11 00:00:00+09:00,515.948486328125,515.948486328125,515.948486328125,515.948486328125,1000,0.0,0.0
2010-03-12 00:00:00+09:00,518.939555551814,520.43505859375,518.939555551814,520.43505859375,1000,0.0,0.0
2010-03-15 00:00:00+09:00,520.4350007898666,520.4350007898666,508.47097778320307,508.4709777832031,11000,0.0,0.0
2010-03-16 00:00:00+09:00,511.4620056152344,515.9485144364206,511.4620056152344,511.4620056152344,0,0.0,0.0
2010-03-17 00:00:00+09:00,514.452961290543,515.9484640849922,512.9574584960938,512.9574584960938,3500,0.0,0.0
2010-03-18 00:00:00+09:00,514.452983469203,515.948486328125,514.452983469203,515.948486328125,2000,0.0,0.0
2010-03-19 00:00:00+09:00,517.4439697265625,517.4439697265625,517.4439697265625,517.4439697265625,500,0.0,0.0
2010-03-23 00:00:00+09:00,521.9305248746791,529.4080395576974,521.9305248746791,527.9125366210938,3500,0.0,0.0
2010-03-24 00:00:00+09:00,530.903564453125,530.903564453125,530.903564453125,530.903564453125,2000,0.0,0.0
2010-03-25 00:00:00+09:00,533.894495337049,541.3720092773438,533.894495337049,541.3720092773438,5500,0.0,0.0
2010-03-26 00:00:00+09:00,542.8676363174229,545.858642578125,542.8676363174229,545.858642578125,4000,0.0,0.0
2010-03-29 00:00:00+09:00,535.9337737519862,540.514404296875,535.9337737519862,540.514404296875,1500,15.0,0.0
2010-03-30 00:00:00+09:00,534.406982421875,534.406982421875,534.406982421875,534.406982421875,500,0.0,0.0
2010-03-31 00:00:00+09:00,534.4069961762764,542.0413818359375,534.4069961762764,542.0413818359375,1500,0.0,0.0
2010-04-01 00:00:00+09:00,534.406982421875,534.406982421875,534.406982421875,534.406982421875,500,0.0,0.0
2010-04-02 00:00:00+09:00,534.4070259181933,545.0951664365572,531.353271484375,531.353271484375,5000,0.0,0.0
2010-04-05 00:00:00+09:00,526.7725650353613,526.7725650353613,523.7188110351562,523.7188110351562,1000,0.0,0.0
2010-04-06 00:00:00+09:00,529.8263647804797,542.0413818359375,529.8263647804797,542.0413818359375,4000,0.0,0.0
2010-04-07 00:00:00+09:00,545.0951106249456,548.1488647460938,545.0951106249456,548.1488647460938,4000,0.0,0.0
2010-04-08 00:00:00+09:00,538.9876023826494,548.1488647460938,538.9876023826494,548.1488647460938,1500,0.0,0.0
2010-04-09 00:00:00+09:00,540.514404296875,549.6756653866526,540.514404296875,540.514404296875,0,0.0,0.0
2010-04-12 00:00:00+09:00,546.6219482421875,546.6219482421875,543.5681943413931,546.6219482421875,2000,0.0,0.0
2010-04-13 00:00:00+09:00,555.7832641601562,555.7832641601562,555.7832641601562,555.7832641601562,1000,0.0,0.0
2010-04-14 00:00:00+09:00,552.7294311523438,552.7294311523438,552.7294311523438,552.7294311523438,1500,0.0,0.0
2010-04-15 00:00:00+09:00,549.6757674955986,549.6757674955986,520.6651019888865,542.0413818359375,9000,0.0,0.0
2010-04-16 00:00:00+09:00,538.9876098632812,538.9876098632812,538.9876098632812,538.9876098632812,1000,0.0,0.0
2010-04-19 00:00:00+09:00,535.9338989257812,548.1489165651153,535.9338989257812,535.9338989257812,0,0.0,0.0
2010-04-20 00:00:00+09:00,542.0413818359375,548.1488903636664,542.0413818359375,542.0413818359375,0,0.0,0.0
2010-04-21 00:00:00+09:00,546.6219482421875,546.6219482421875,546.6219482421875,546.6219482421875,2000,0.0,0.0
2010-04-22 00:00:00+09:00,551.2025972154405,551.2025972154405,549.6757202148438,549.6757202148438,2500,0.0,0.0
2010-04-23 00:00:00+09:00,561.8908081054688,561.8908081054688,561.8908081054688,561.8908081054688,2000,0.0,0.0
2010-04-26 00:00:00+09:00,560.3639309095299,561.8908081054688,560.3639309095299,561.8908081054688,1000,0.0,0.0
2010-04-27 00:00:00+09:00,561.8908122859589,561.8908122859589,557.3101806640625,557.3101806640625,3000,0.0,0.0
2010-04-28 00:00:00+09:00,561.8907582912605,561.8907582912605,548.1488647460938,548.1488647460938,2000,0.0,0.0
2010-04-30 00:00:00+09:00,549.6757202148438,549.6757202148438,549.6757202148438,549.6757202148438,500,0.0,0.0
2010-05-06 00:00:00+09:00,548.1488647460938,548.1488647460938,548.1488647460938,548.1488647460938,500,0.0,0.0
2010-05-07 00:00:00+09:00,548.1489165651153,548.1489165651153,535.9338989257812,535.9338989257812,1500,0.0,0.0
2010-05-10 00:00:00+09:00,532.880126953125,532.880126953125,532.880126953125,532.880126953125,1500,0.0,0.0
2010-05-11 00:00:00+09:00,540.5145127260924,540.5145127260924,532.880126953125,532.880126953125,4000,0.0,0.0
2010-05-12 00:00:00+09:00,532.880126953125,532.880126953125,532.880126953125,532.880126953125,500,0.0,0.0
2010-05-13 00:00:00+09:00,532.880126953125,532.880126953125,532.880126953125,532.880126953125,2000,0.0,0.0
2010-05-14 00:00:00+09:00,532.880105329241,534.406982421875,532.880105329241,534.406982421875,1500,0.0,0.0
2010-05-17 00:00:00+09:00,542.0413093676829,542.0413093676829,529.8262939453125,529.8262939453125,6000,0.0,0.0
2010-05-18 00:00:00+09:00,511.5037985409008,519.13818359375,494.7081514246324,519.13818359375,6500,0.0,0.0
2010-05-19 00:00:00+09:00,506.92316385280867,506.92316385280867,497.76190185546875,497.76190185546875,1500,0.0,0.0
2010-05-20 00:00:00+09:00,514.5575945989603,514.5575945989603,505.3963317871094,505.3963317871094,1500,0.0,0.0
2010-05-21 00:00:00+09:00,500.81567758413456,500.81567758413456,493.18129225510813,496.23504638671875,2000,0.0,0.0
2010-05-24 00:00:00+09:00,494.708183149858,503.86944580078125,494.708183149858,503.86944580078125,1500,0.0,0.0
2010-05-25 00:00:00+09:00,517.611328125,517.611328125,517.611328125,517.611328125,2500,0.0,0.0
2010-05-26 00:00:00+09:00,496.2350463867187,513.0306941105769,496.2350463867187,496.23504638671875,0,0.0,0.0
2010-05-27 00:00:00+09:00,494.7081604003906,513.0306848596643,494.7081604003906,494.7081604003906,0,0.0,0.0
2010-05-28 00:00:00+09:00,494.7081604003906,509.9769307831187,494.7081604003906,494.7081604003906,0,0.0,0.0
2010-05-31 00:00:00+09:00,523.7188427734375,534.406982421875,523.7188427734375,534.406982421875,5000,0.0,0.0
2010-06-01 00:00:00+09:00,497.76190185546875,534.4069498448284,497.76190185546875,497.76190185546875,0,0.0,0.0
2010-06-02 00:00:00+09:00,534.4069720708835,534.4069720708835,522.1919555664062,522.1919555664062,1000,0.0,0.0
2010-06-03 00:00:00+09:00,519.13818359375,532.8800766888787,519.13818359375,519.13818359375,0,0.0,0.0
2010-06-04 00:00:00+09:00,519.13818359375,519.13818359375,519.13818359375,519.13818359375,500,0.0,0.0
2010-06-07 00:00:00+09:00,511.5037807487172,516.0844116210938,503.86939596142287,516.0844116210938,2000,0.0,0.0
2010-06-08 00:00:00+09:00,503.86944580078125,503.86944580078125,503.86944580078125,503.86944580078125,1000,0.0,0.0
2010-06-09 00:00:00+09:00,513.0306791311202,516.0844331735674,513.0306791311202,514.5575561523438,3500,0.0,0.0
2010-06-10 00:00:00+09:00,511.50378417968756,519.1381690181903,511.50378417968756,511.5037841796875,0,0.0,0.0
2010-06-11 00:00:00+09:00,523.7188289034194,526.7725830078125,523.7188289034194,526.7725830078125,1500,0.0,0.0
2010-06-14 00:00:00+09:00,532.8800730357711,532.8800730357711,523.7188110351562,523.7188110351562,3500,0.0,0.0
2010-06-15 00:00:00+09:00,528.2994600600091,531.3532141644022,526.7725830078125,526.7725830078125,5500,0.0,0.0
2010-06-16 00:00:00+09:00,526.7725830078125,526.7725830078125,526.7725830078125,526.7725830078125,8000,0.0,0.0
2010-06-17 00:00:00+09:00,525.2457059556159,526.7725830078125,525.2457059556159,526.7725830078125,2000,0.0,0.0
2010-06-18 00:00:00+09:00,525.2457173665365,525.2457173665365,513.0307006835938,513.0307006835938,7500,0.0,0.0
2010-06-21 00:00:00+09:00,519.13818359375,519.13818359375,519.13818359375,519.13818359375,500,0.0,0.0
2010-06-22 00:00:00+09:00,525.2457275390625,528.2994817689407,525.2457275390625,525.2457275390625,2500,0.0,0.0
2010-06-23 00:00:00+09:00,526.7725650353613,526.7725650353613,523.7188110351562,523.7188110351562,5000,0.0,0.0
2010-06-24 00:00:00+09:00,523.7188504241234,528.2994817689407,523.7188504241234,525.2457275390625,3000,0.0,0.0
2010-06-25 00:00:00+09:00,532.8801131137582,532.8801131137582,525.2457275390625,525.2457275390625,2500,0.0,0.0
2010-06-28 00:00:00+09:00,529.8263647804797,542.0413818359375,526.7726105166153,542.0413818359375,3500,0.0,0.0
2010-06-29 00:00:00+09:00,540.5145313837756,557.3101806640625,538.9876541764769,557.3101806640625,6500,0.0,0.0
2010-06-30 00:00:00+09:00,552.7294778262868,552.7294778262868,535.9338307100185,545.0950927734375,3500,0.0,0.0
2010-07-01 00:00:00+09:00,532.8800912165988,532.8800912165988,526.7725830078125,526.7725830078125,34000,0.0,0.0
2010-07-02 00:00:00+09:00,542.0413818359375,542.0413818359375,542.0413818359375,542.0413818359375,500,0.0,0.0
2010-07-05 00:00:00+09:00,520.6650390625,537.460685483871,520.6650390625,520.6650390625,0,0.0,0.0
2010-07-06 00:00:00+09:00,526.7725830078125,540.5144764775815,526.7725830078125,526.7725830078125,0,0.0,0.0
2010-07-07 00:00:00+09:00,522.1919555664062,522.1919555664062,522.1919555664062,522.1919555664062,2500,0.0,0.0
2010-07-08 00:00:00+09:00,522.1919555664062,522.1919555664062,522.1919555664062,522.1919555664062,500,0.0,0.0
2010-07-09 00:00:00+09:00,516.0844116210938,531.3531811956823,516.0844116210938,516.0844116210938,0,0.0,0.0
2010-07-12 00:00:00+09:00,520.6650390625,520.6650390625,520.6650390625,520.6650390625,1500,0.0,0.0
2010-07-13 00:00:00+09:00,529.8262939453125,529.8262939453125,529.8262939453125,529.8262939453125,500,0.0,0.0
2010-07-14 00:00:00+09:00,532.8801487012842,532.8801487012842,531.353271484375,531.353271484375,2500,0.0,0.0
2010-07-15 00:00:00+09:00,531.3531960356687,531.3531960356687,523.7188110351562,523.7188110351562,5500,0.0,0.0
2010-07-16 00:00:00+09:00,525.2457275390625,531.3532359988191,525.2457275390625,525.2457275390625,0,0.0,0.0
2010-07-21 00:00:00+09:00,522.1919555664062,522.1919555664062,522.1919555664062,522.1919555664062,5000,0.0,0.0
2010-07-22 00:00:00+09:00,523.7188075071125,528.2994384765625,523.7188075071125,528.2994384765625,3000,0.0,0.0
2010-07-23 00:00:00+09:00,538.9876098632812,538.9876098632812,538.9876098632812,538.9876098632812,17000,0.0,0.0
2010-07-26 00:00:00+09:00,513.0307006835938,537.4607340494792,513.0307006835938,513.0307006835938,0,0.0,0.0
2010-07-27 00:00:00+09:00,506.92321777343756,535.933883850833,506.92321777343756,506.9232177734375,0,0.0,0.0
2010-07-28 00:00:00+09:00,514.5575561523438,534.4069574282502,514.5575561523438,514.5575561523438,0,0.0,0.0
2010-07-29 00:00:00+09:00,517.611328125,532.8800988661504,517.611328125,517.611328125,0,0.0,0.0
2010-07-30 00:00:00+09:00,520.6650390625,531.3531776942815,520.6650390625,520.6650390625,0,0.0,0.0
2010-08-02 00:00:00+09:00,520.6650390625,531.3531776942815,520.6650390625,520.6650390625,0,0.0,0.0
2010-08-03 00:00:00+09:00,526.7725830078125,526.7725830078125,526.7725830078125,526.7725830078125,500,0.0,0.0
2010-08-04 00:00:00+09:00,520.6650390625,520.6650390625,520.6650390625,520.6650390625,2000,0.0,0.0
2010-08-05 00:00:00+09:00,522.1919555664062,522.1919555664062,522.1919555664062,522.1919555664062,500,0.0,0.0
2010-08-06 00:00:00+09:00,523.7188110351562,526.7725650353613,523.7188110351562,523.7188110351562,0,0.0,0.0
2010-08-09 00:00:00+09:00,522.1919555664062,522.1919555664062,522.1919555664062,522.1919555664062,2500,0.0,0.0
2010-08-10 00:00:00+09:00,520.6650424934703,520.6650424934703,516.0844116210938,516.0844116210938,2000,0.0,0.0
2010-08-11 00:00:00+09:00,514.5575561523438,514.5575561523438,514.5575561523438,514.5575561523438,1000,0.0,0.0
2010-08-12 00:00:00+09:00,514.5575561523438,520.6650642372381,514.5575561523438,514.5575561523438,0,0.0,0.0
2010-08-13 00:00:00+09:00,520.665086110433,520.665086110433,513.0307006835938,513.0307006835938,4500,0.0,0.0
2010-08-16 00:00:00+09:00,513.0307174636519,513.0307174636519,505.3963317871094,505.3963317871094,9000,0.0,0.0
2010-08-17 00:00:00+09:00,502.3425328541387,502.3425328541387,497.76190185546875,497.76190185546875,3000,0.0,0.0
2010-08-18 00:00:00+09:00,496.2350248559121,497.76190185546875,496.2350248559121,497.76190185546875,1000,0.0,0.0
2010-08-19 00:00:00+09:00,487.07377520902656,494.7081604003906,487.07377520902656,494.7081604003906,1000,0.0,0.0
2010-08-20 00:00:00+09:00,490.1275939941406,517.611384311569,490.1275939941406,490.1275939941406,0,0.0,0.0
2010-08-23 00:00:00+09:00,497.76190185546875,499.28877885502544,497.76190185546875,497.76190185546875,0,0.0,0.0
2010-08-24 00:00:00+09:00,496.2350630760193,496.2350630760193,488.6006774902344,488.6006774902344,7000,0.0,0.0
2010-08-25 00:00:00+09:00,479.43934921071497,482.49310302734375,479.43934921071497,482.49310302734375,4000,0.0,0.0
2010-08-26 00:00:00+09:00,506.9231335603738,506.9231335603738,482.49310302734375,482.49310302734375,1000,0.0,0.0
2010-08-27 00:00:00+09:00,479.4394707047052,479.4394707047052,471.8050842285156,471.8050842285156,3500,0.0,0.0
2010-08-30 00:00:00+09:00,488.6006774902344,488.6006774902344,488.6006774902344,488.6006774902344,500,0.0,0.0
2010-08-31 00:00:00+09:00,476.3856043289137,484.01998901367193,476.3856043289137,484.0199890136719,1000,0.0,0.0
2010-09-01 00:00:00+09:00,476.3856201171875,476.3856201171875,476.3856201171875,476.3856201171875,500,0.0,0.0
2010-09-02 00:00:00+09:00,487.0738124050128,487.0738124050128,474.8587951660156,474.8587951660156,5500,0.0,0.0
2010-09-03 00:00:00+09:00,473.3319091796875,491.65443469632055,473.3319091796875,473.3319091796875,0,0.0,0.0
2010-09-06 00:00:00+09:00,474.8587951660156,484.0200580952635,474.8587951660156,474.8587951660156,0,0.0,0.0
2010-09-07 00:00:00+09:00,474.8587951660156,491.65444386963674,474.8587951660156,474.8587951660156,0,0.0,0.0
2010-09-08 00:00:00+09:00,474.8587951660156,484.0200580952635,474.8587951660156,474.8587951660156,0,0.0,0.0
2010-09-09 00:00:00+09:00,474.8587951660156,487.0738124050128,474.8587951660156,474.8587951660156,0,0.0,0.0
2010-09-10 00:00:00+09:00,474.85883004324774,474.85883004324774,470.27819824218744,470.2781982421875,3500,0.0,0.0
2010-09-13 00:00:00+09:00,473.3319091796875,473.3319091796875,473.3319091796875,473.3319091796875,6000,0.0,0.0
2010-09-14 00:00:00+09:00,476.3856634324597,476.3856634324597,471.80503205330143,473.3319091796875,3500,0.0,0.0
2010-09-16 00:00:00+09:00,474.8587863060736,474.8587863060736,473.3319091796875,473.3319091796875,4500,0.0,0.0
2010-09-17 00:00:00+09:00,461.1168873107511,467.2243957519531,461.1168873107511,467.2243957519531,12000,0.0,0.0
2010-09-21 00:00:00+09:00,467.2244086014597,467.2244086014597,464.170654296875,464.170654296875,3000,0.0,0.0
2010-09-22 00:00:00+09:00,461.1168029785156,462.6436798095703,458.06304931640625,458.06304931640625,6500,0.0,0.0
2010-09-24 00:00:00+09:00,458.06304931640625,458.06304931640625,458.06304931640625,458.06304931640625,6500,0.0,0.0
2010-09-27 00:00:00+09:00,458.06304931640625,461.1168029785156,458.06304931640625,458.06304931640625,3500,0.0,0.0
2010-09-28 00:00:00+09:00,459.59002685546875,465.69753551799994,459.59002685546875,459.59002685546875,0,0.0,0.0
2010-09-29 00:00:00+09:00,458.06304931640625,458.06304931640625,458.06304931640625,458.06304931640625,1000,0.0,0.0
2010-09-30 00:00:00+09:00,465.6974792480469,465.6974792480469,465.6974792480469,465.6974792480469,1500,0.0,0.0
2010-10-01 00:00:00+09:00,461.11688232421875,461.11688232421875,461.11688232421875,461.11688232421875,500,0.0,0.0
2010-10-04 00:00:00+09:00,464.170654296875,464.170654296875,451.95563707853614,464.170654296875,4500,0.0,0.0
2010-10-05 00:00:00+09:00,456.5362062807436,456.5362062807436,453.4824523925781,453.4824523925781,1500,0.0,0.0
2010-10-06 00:00:00+09:00,453.4824523925781,462.64371405707465,453.4824523925781,453.4824523925781,0,0.0,0.0
2010-10-07 00:00:00+09:00,453.4824523925781,464.1705910011574,453.4824523925781,453.4824523925781,0,0.0,0.0
2010-10-08 00:00:00+09:00,453.4824523925781,453.4824523925781,453.4824523925781,453.4824523925781,500,0.0,0.0
2010-10-12 00:00:00+09:00,453.4824523925781,453.4824523925781,453.4824523925781,453.4824523925781,500,0.0,0.0
2010-10-13 00:00:00+09:00,455.00934189618647,456.53621888241526,450.4287109375,450.4287109375,2000,0.0,0.0
2010-10-14 00:00:00+09:00,470.2781101914703,470.2781101914703,465.6974792480469,465.6974792480469,1500,0.0,0.0
2010-10-15 00:00:00+09:00,468.7512728622536,468.7512728622536,465.6975186416526,467.2243957519531,7500,0.0,0.0
2010-10-18 00:00:00+09:00,467.2243957519531,467.2243957519531,467.2243957519531,467.2243957519531,7500,0.0,0.0
2010-10-19 00:00:00+09:00,467.2243957519531,467.2243957519531,467.2243957519531,467.2243957519531,7500,0.0,0.0
2010-10-20 00:00:00+09:00,453.4824523925781,453.4824523925781,453.4824523925781,453.4824523925781,1000,0.0,0.0
2010-10-21 00:00:00+09:00,450.4287109375,450.4287109375,450.4287109375,450.4287109375,2000,0.0,0.0
2010-10-22 00:00:00+09:00,450.4287109375,450.4287109375,450.4287109375,450.4287109375,1000,0.0,0.0
2010-10-25 00:00:00+09:00,468.7513122558594,468.7513122558594,468.7513122558594,468.7513122558594,2500,0.0,0.0
2010-10-26 00:00:00+09:00,468.7513122558594,468.7513122558594,468.7513122558594,468.7513122558594,2500,0.0,0.0
2010-10-27 00:00:00+09:00,464.170654296875,464.170654296875,464.170654296875,464.170654296875,1000,0.0,0.0
2010-10-28 00:00:00+09:00,464.170654296875,464.170654296875,464.170654296875,464.170654296875,1000,0.0,0.0
2010-10-29 00:00:00+09:00,464.170654296875,464.170654296875,464.170654296875,464.170654296875,1000,0.0,0.0
2010-11-01 00:00:00+09:00,464.170654296875,464.170654296875,464.170654296875,464.170654296875,1000,0.0,0.0
2010-11-02 00:00:00+09:00,451.9555969238281,451.9555969238281,451.9555969238281,451.9555969238281,1000,0.0,0.0
2010-11-04 00:00:00+09:00,451.9555969238281,451.9555969238281,451.9555969238281,451.9555969238281,1000,0.0,0.0
2010-11-05 00:00:00+09:00,450.4287109375,450.4287109375,450.4287109375,450.4287109375,500,0.0,0.0
2010-11-08 00:00:00+09:00,450.4287109375,450.4287109375,450.4287109375,450.4287109375,500,0.0,0.0
2010-11-09 00:00:00+09:00,458.06304931640625,458.06304931640625,458.06304931640625,458.06304931640625,2000,0.0,0.0
2010-11-10 00:00:00+09:00,458.06304931640625,458.06304931640625,458.06304931640625,458.06304931640625,2000,0.0,0.0
2010-11-11 00:00:00+09:00,458.06314568770557,464.170654296875,458.06314568770557,464.170654296875,3000,0.0,0.0
2010-11-12 00:00:00+09:00,464.170654296875,464.170654296875,464.170654296875,464.170654296875,500,0.0,0.0
2010-11-15 00:00:00+09:00,464.1706313574874,464.1706313574874,455.0093688964844,455.0093688964844,5500,0.0,0.0
2010-11-16 00:00:00+09:00,451.95564031276575,464.17065761851615,445.84813165989056,448.9018859863281,12000,0.0,0.0
2010-11-17 00:00:00+09:00,448.9018859863281,448.9018859863281,448.9018859863281,448.9018859863281,12000,0.0,0.0
2010-11-18 00:00:00+09:00,456.53619384765625,456.53619384765625,456.53619384765625,456.53619384765625,500,0.0,0.0
2010-11-19 00:00:00+09:00,450.4287109375,450.4287109375,450.4287109375,450.4287109375,500,0.0,0.0
2010-11-22 00:00:00+09:00,455.00939535857043,459.59002685546875,455.00939535857043,459.59002685546875,9000,0.0,0.0
2010-11-24 00:00:00+09:00,459.59002685546875,459.59002685546875,459.59002685546875,459.59002685546875,9000,0.0,0.0
2010-11-25 00:00:00+09:00,461.11689999229026,464.170654296875,461.11689999229026,464.170654296875,2500,0.0,0.0
2010-11-26 00:00:00+09:00,464.170654296875,464.170654296875,464.170654296875,464.170654296875,2500,0.0,0.0
2010-11-29 00:00:00+09:00,464.170654296875,464.170654296875,464.170654296875,464.170654296875,2500,0.0,0.0
2010-11-30 00:00:00+09:00,465.6974812043019,476.3856201171875,465.6974812043019,476.3856201171875,2500,0.0,0.0
2010-12-01 00:00:00+09:00,474.8587431296324,476.3856201171875,474.8587431296324,476.3856201171875,1500,0.0,0.0
2010-12-02 00:00:00+09:00,476.3856201171875,476.3856201171875,476.3856201171875,476.3856201171875,9500,0.0,0.0
2010-12-03 00:00:00+09:00,476.3856201171875,476.3856201171875,476.3856201171875,476.3856201171875,9500,0.0,0.0
2010-12-06 00:00:00+09:00,496.2350209554036,496.2350209554036,476.3856201171875,476.3856201171875,5500,0.0,0.0
2010-12-07 00:00:00+09:00,464.17068054000407,468.7513122558594,464.17068054000407,468.7513122558594,1000,0.0,0.0
2010-12-08 00:00:00+09:00,473.33188186457124,494.7081604003906,473.33188186457124,494.7081604003906,5500,0.0,0.0
2010-12-09 00:00:00+09:00,494.7081182938588,494.7081182938588,482.49310302734375,482.49310302734375,1000,0.0,0.0
2010-12-10 00:00:00+09:00,496.23504266506285,500.81567382812494,480.9662721215225,500.815673828125,3000,0.0,0.0
2010-12-13 00:00:00+09:00,482.4931551494295,485.5469092959449,480.9662780761718,480.9662780761719,5500,0.0,0.0
2010-12-14 00:00:00+09:00,488.6007557744565,493.181387859842,488.6007557744565,491.6545104980469,2000,0.0,0.0
2010-12-15 00:00:00+09:00,488.6007557744565,491.6545104980468,488.6007557744565,491.6545104980469,8000,0.0,0.0
2010-12-16 00:00:00+09:00,491.6543828616352,494.7081367924528,484.0199980345912,485.546875,4500,0.0,0.0
2010-12-17 00:00:00+09:00,484.0199980345912,485.546875,477.912490172956,485.546875,7500,0.0,0.0
2010-12-20 00:00:00+09:00,485.546875,488.6006289308176,485.546875,485.546875,1500,0.0,0.0
2010-12-21 00:00:00+09:00,488.6006289308176,494.7081367924528,485.546875,485.546875,4000,0.0,0.0
2010-12-22 00:00:00+09:00,476.3856220305153,488.6006379800157,476.3856220305153,487.0737609863281,13000,0.0,0.0
2010-12-24 00:00:00+09:00,487.0737609863281,488.6006379800157,487.0737609863281,487.0737609863281,7000,0.0,0.0
2010-12-27 00:00:00+09:00,487.0738003730774,488.6006774902344,480.96629190444946,488.6006774902344,5000,0.0,0.0
2010-12-28 00:00:00+09:00,490.12754316242996,502.3425598144532,490.12754316242996,502.3425598144531,1000,0.0,0.0
2010-12-29 00:00:00+09:00,502.3425598144532,502.3425598144532,502.3425598144532,502.3425598144531,500,0.0,0.0
2010-12-30 00:00:00+09:00,496.2349968987542,508.4500122070312,496.2349968987542,508.45001220703125,1500,0.0,0.0
2011-01-04 00:00:00+09:00,508.4500480674495,514.5575561523438,508.4500480674495,514.5575561523438,1500,0.0,0.0
2011-01-05 00:00:00+09:00,514.5575198611697,514.5575198611697,497.7618738122888,508.45001220703125,2000,0.0,0.0
2011-01-06 00:00:00+09:00,509.97688912056583,516.0843967747044,508.4500122070312,508.45001220703125,5000,0.0,0.0
2011-01-07 00:00:00+09:00,496.2350318976609,514.5575561523438,496.2350318976609,514.5575561523438,8000,0.0,0.0
2011-01-11 00:00:00+09:00,514.5575561523438,514.5575561523438,514.5575561523438,514.5575561523438,1000,0.0,0.0
2011-01-12 00:00:00+09:00,502.3425775164924,514.5575945989603,502.3425775164924,505.3963317871094,6500,0.0,0.0
2011-01-13 00:00:00+09:00,503.86938146642734,509.97688912056583,503.86938146642734,508.45001220703125,18000,0.0,0.0
2011-01-14 00:00:00+09:00,516.0844295726104,519.13818359375,514.5575525620404,519.13818359375,5500,0.0,0.0
2011-01-17 00:00:00+09:00,523.7188110351562,523.7188110351562,513.0306720344388,523.7188110351562,15000,0.0,0.0
2011-01-18 00:00:00+09:00,523.7188326294659,523.7188326294659,522.1919555664062,522.1919555664062,1500,0.0,0.0
2011-01-19 00:00:00+09:00,522.1919555664062,522.1919555664062,522.1919555664062,522.1919555664062,500,0.0,0.0
2011-01-20 00:00:00+09:00,523.7188326294659,523.7188326294659,519.1382014402869,522.1919555664062,8000,0.0,0.0
2011-01-21 00:00:00+09:00,522.1919376148898,522.1919376148898,513.0306755514706,519.13818359375,10500,0.0,0.0
2011-01-24 00:00:00+09:00,519.13818359375,519.13818359375,513.0306755514706,519.13818359375,3000,0.0,0.0
2011-01-25 00:00:00+09:00,522.1919376148898,522.1919376148898,519.13818359375,519.13818359375,3000,0.0,0.0
2011-01-26 00:00:00+09:00,519.13818359375,519.13818359375,519.13818359375,519.13818359375,0,0.0,0.0
2011-01-27 00:00:00+09:00,519.13818359375,519.13818359375,519.13818359375,519.13818359375,1500,0.0,0.0
2011-01-28 00:00:00+09:00,519.13818359375,519.13818359375,519.13818359375,519.13818359375,500,0.0,0.0
2011-01-31 00:00:00+09:00,519.138205199115,519.138205199115,517.611328125,517.611328125,1000,0.0,0.0
2011-02-01 00:00:00+09:00,517.611328125,517.611328125,517.611328125,517.611328125,500,0.0,0.0
2011-02-02 00:00:00+09:00,519.1382325617836,532.880126953125,519.1382325617836,532.880126953125,5000,0.0,0.0
2011-02-03 00:00:00+09:00,532.880126953125,532.880126953125,532.880126953125,532.880126953125,2000,0.0,0.0
2011-02-04 00:00:00+09:00,532.880105329241,534.406982421875,532.880105329241,534.406982421875,2000,0.0,0.0
2011-02-07 00:00:00+09:00,534.40689690369,540.514404296875,534.40689690369,540.514404296875,5000,0.0,0.0
2011-02-08 00:00:00+09:00,538.9875847311581,545.0950927734375,538.9875847311581,545.0950927734375,1500,0.0,0.0
2011-02-09 00:00:00+09:00,529.8263154663791,531.3531924561958,525.2456844969291,528.2994384765625,7000,0.0,0.0
2011-02-10 00:00:00+09:00,528.2994384765625,528.2994384765625,528.2994384765625,528.2994384765625,500,0.0,0.0
2011-02-14 00:00:00+09:00,531.3531924561958,532.8800694460124,528.2994384765625,528.2994384765625,4500,0.0,0.0
2011-02-15 00:00:00+09:00,532.880126953125,532.880126953125,532.880126953125,532.880126953125,5000,0.0,0.0
2011-02-16 00:00:00+09:00,535.933881262312,535.933881262312,532.880126953125,532.880126953125,1500,0.0,0.0
2011-02-17 00:00:00+09:00,532.880126953125,532.880126953125,532.880126953125,532.880126953125,1500,0.0,0.0
2011-02-18 00:00:00+09:00,534.4070041077185,534.4070041077185,528.2994954893445,532.880126953125,2000,0.0,0.0
2011-02-21 00:00:00+09:00,532.880126953125,532.880126953125,532.880126953125,532.880126953125,2000,0.0,0.0
2011-02-22 00:00:00+09:00,532.880126953125,532.880126953125,532.880126953125,532.880126953125,1500,0.0,0.0
2011-02-23 00:00:00+09:00,532.8800912165988,532.8800912165988,526.7725830078125,526.7725830078125,2000,0.0,0.0
2011-02-24 00:00:00+09:00,526.7725867555852,526.7725867555852,522.1919555664062,522.1919555664062,2000,0.0,0.0
2011-02-25 00:00:00+09:00,523.7188110351562,523.7188110351562,522.1919340350537,523.7188110351562,4000,0.0,0.0
2011-02-28 00:00:00+09:00,523.7188364214602,523.7188364214602,508.4500656803097,517.611328125,8000,0.0,0.0
2011-03-01 00:00:00+09:00,522.1919160098973,522.1919160098973,520.6650390625,520.6650390625,1000,0.0,0.0
2011-03-02 00:00:00+09:00,531.3531776942815,531.3531776942815,520.6650390625,520.6650390625,1500,0.0,0.0
2011-03-03 00:00:00+09:00,520.6650390625,520.6650390625,520.6650390625,520.6650390625,500,0.0,0.0
2011-03-04 00:00:00+09:00,520.6650390625,520.6650390625,520.6650390625,520.6650390625,500,0.0,0.0
2011-03-07 00:00:00+09:00,520.6650606043199,520.6650606043199,519.13818359375,519.13818359375,2000,0.0,0.0
2011-03-08 00:00:00+09:00,519.13818359375,519.13818359375,519.13818359375,519.13818359375,0,0.0,0.0
2011-03-09 00:00:00+09:00,520.6650785033465,522.1919555664062,520.6650785033465,522.1919555664062,2500,0.0,0.0
2011-03-10 00:00:00+09:00,520.6650424934703,520.6650424934703,516.0844116210938,516.0844116210938,1000,0.0,0.0
2011-03-11 00:00:00+09:00,514.5575561523438,516.0844331735674,514.5575561523438,514.5575561523438,2500,0.0,0.0
2011-03-14 00:00:00+09:00,514.5575561523438,514.5575561523438,514.5575561523438,514.5575561523438,0,0.0,0.0
2011-03-15 00:00:00+09:00,494.7082016650229,494.7082016650229,429.05248354281304,459.59002685546875,23500,0.0,0.0
2011-03-16 00:00:00+09:00,429.0524948387815,435.1600036621094,429.0524948387815,435.1600036621094,1000,0.0,0.0
2011-03-17 00:00:00+09:00,458.06304931640625,458.06304931640625,458.06304931640625,458.06304931640625,1000,0.0,0.0
2011-03-18 00:00:00+09:00,482.49310302734375,482.49310302734375,482.49310302734375,482.49310302734375,1000,0.0,0.0
2011-03-22 00:00:00+09:00,499.2887878417968,499.2887878417968,491.65440270660116,499.2887878417969,3500,0.0,0.0
2011-03-23 00:00:00+09:00,502.3425045528927,508.4500122070312,502.3425045528927,508.45001220703125,2000,0.0,0.0
2011-03-24 00:00:00+09:00,508.45006942749023,513.0307006835938,508.45006942749023,513.0307006835938,6000,0.0,0.0
2011-03-25 00:00:00+09:00,531.3532244544529,538.9876098632812,526.7725932091558,538.9876098632812,5000,0.0,0.0
2011-03-28 00:00:00+09:00,538.9876032600625,538.9876032600625,522.1919555664062,522.1919555664062,2000,0.0,0.0
2011-03-29 00:00:00+09:00,510.4836773738683,510.4836773738683,501.11700439453125,501.11700439453125,2500,15.0,0.0
2011-03-30 00:00:00+09:00,507.3613545432019,522.9724731445312,507.3613545432019,522.9724731445312,3000,0.0,0.0
2011-03-31 00:00:00+09:00,522.9724731445312,522.9724731445312,522.9724731445312,522.9724731445312,3000,0.0,0.0
2011-04-01 00:00:00+09:00,535.4613942906476,538.5836181640625,533.9002823539403,538.5836181640625,7500,0.0,0.0
2011-04-04 00:00:00+09:00,543.2669067382812,543.2669067382812,538.583571335365,543.2669067382812,6500,0.0,0.0
2011-04-05 00:00:00+09:00,543.2669539741847,543.2669539741847,533.9002823539403,538.5836181640625,4000,0.0,0.0
2011-04-06 00:00:00+09:00,538.5836042437637,538.5836042437637,533.9002685546875,533.9002685546875,2500,0.0,0.0
2011-04-07 00:00:00+09:00,533.9002685546875,533.9002685546875,533.9002685546875,533.9002685546875,2500,0.0,0.0
2011-04-08 00:00:00+09:00,526.0947265625,526.0947265625,526.0947265625,526.0947265625,1000,0.0,0.0
2011-04-11 00:00:00+09:00,522.972427642274,522.972427642274,521.4113159179688,521.4113159179688,1000,0.0,0.0
2011-04-12 00:00:00+09:00,512.0447387695312,512.0447387695312,512.0447387695312,512.0447387695312,500,0.0,0.0
2011-04-13 00:00:00+09:00,522.9724731445312,522.9724731445312,522.9724731445312,522.9724731445312,500,0.0,0.0
2011-04-14 00:00:00+09:00,533.9002685546875,533.9002685546875,533.9002685546875,533.9002685546875,500,0.0,0.0
2011-04-15 00:00:00+09:00,558.8780517578125,558.8780517578125,558.8780517578125,558.8780517578125,4500,0.0,0.0
2011-04-18 00:00:00+09:00,554.194731725698,557.3169555664062,554.194731725698,557.3169555664062,1500,0.0,0.0
2011-04-19 00:00:00+09:00,554.1946285472196,554.1946285472196,530.7779541015625,530.7779541015625,2500,0.0,0.0
2011-04-20 00:00:00+09:00,530.7779541015625,530.7779541015625,530.7779541015625,530.7779541015625,2500,0.0,0.0
2011-04-21 00:00:00+09:00,538.5836339551349,538.5836339551349,537.0225219726562,537.0225219726562,1000,0.0,0.0
2011-04-22 00:00:00+09:00,530.7780740427417,537.0225219726562,530.7780740427417,537.0225219726562,2000,0.0,0.0
2011-04-25 00:00:00+09:00,537.0224006204044,544.8279587689568,530.7779541015625,530.7779541015625,3500,0.0,0.0
2011-04-26 00:00:00+09:00,543.2669399328399,558.8780588964273,533.9002685546875,533.9002685546875,2000,0.0,0.0
2011-04-27 00:00:00+09:00,533.9002617351169,558.8780517578125,533.9002617351169,558.8780517578125,4000,0.0,0.0
2011-04-28 00:00:00+09:00,558.8780517578125,558.8780517578125,558.8780517578125,558.8780517578125,4000,0.0,0.0
2011-05-02 00:00:00+09:00,558.8780517578125,558.8780517578125,558.8780517578125,558.8780517578125,0,0.0,0.0
2011-05-06 00:00:00+09:00,563.5614013671875,563.5614013671875,563.5614013671875,563.5614013671875,0,0.0,0.0
2011-05-09 00:00:00+09:00,563.5614013671875,563.5614013671875,563.5614013671875,563.5614013671875,0,0.0,0.0
2011-05-10 00:00:00+09:00,547.9502756219161,558.8780588964273,533.9002685546875,533.9002685546875,10500,0.0,0.0
2011-05-11 00:00:00+09:00,544.8279587689568,544.8279587689568,530.7779541015625,530.7779541015625,4500,0.0,0.0
2011-05-12 00:00:00+09:00,530.7780291943786,537.0224765966655,530.7780291943786,535.4613647460938,2000,0.0,0.0
2011-05-13 00:00:00+09:00,537.022506227355,538.5836181640625,537.022506227355,538.5836181640625,1000,0.0,0.0
2011-05-16 00:00:00+09:00,551.0724994146336,557.3169470000686,533.9002685546875,533.9002685546875,6500,0.0,0.0
2011-05-17 00:00:00+09:00,538.5836181640625,538.5836181640625,538.5836181640625,538.5836181640625,500,0.0,0.0
2011-05-18 00:00:00+09:00,546.3892633142606,554.19482421875,546.3892633142606,554.19482421875,8000,0.0,0.0
2011-05-19 00:00:00+09:00,546.3890991210938,546.3890991210938,546.3890991210938,546.3890991210938,1500,0.0,0.0
2011-05-20 00:00:00+09:00,546.3891303402254,546.3891303402254,533.9002359324488,543.2669067382812,2000,0.0,0.0
2011-05-23 00:00:00+09:00,543.2669067382812,543.2669067382812,543.2669067382812,543.2669067382812,500,0.0,0.0
2011-05-24 00:00:00+09:00,530.77804476197,546.3891637255574,530.77804476197,533.9002685546875,5000,0.0,0.0
2011-05-25 00:00:00+09:00,552.6336669921875,552.6336669921875,552.6336669921875,552.6336669921875,2000,0.0,0.0
2011-05-26 00:00:00+09:00,549.5114135742188,549.5114135742188,549.5114135742188,549.5114135742188,500,0.0,0.0
2011-05-27 00:00:00+09:00,549.5114178324854,549.5114178324854,537.0225219726562,537.0225219726562,1500,0.0,0.0
2011-05-30 00:00:00+09:00,537.0225219726562,537.0225219726562,537.0225219726562,537.0225219726562,0,0.0,0.0
2011-05-31 00:00:00+09:00,537.0225219726562,537.0225219726562,537.0225219726562,537.0225219726562,0,0.0,0.0
2011-06-01 00:00:00+09:00,540.1446533203125,540.1446533203125,540.1446533203125,540.1446533203125,500,0.0,0.0
2011-06-02 00:00:00+09:00,549.5113236091041,549.5113236091041,540.1446533203125,540.1446533203125,2000,0.0,0.0
2011-06-03 00:00:00+09:00,541.705810546875,541.705810546875,541.705810546875,541.705810546875,500,0.0,0.0
2011-06-06 00:00:00+09:00,546.3890991210938,546.3890991210938,546.3890991210938,546.3890991210938,500,0.0,0.0
2011-06-07 00:00:00+09:00,551.0724657431416,551.0724657431416,543.2669067382812,543.2669067382812,7500,0.0,0.0
2011-06-08 00:00:00+09:00,554.1946576799666,554.1946576799666,546.3890991210938,546.3890991210938,11000,0.0,0.0
2011-06-09 00:00:00+09:00,546.3890991210938,546.3890991210938,546.3890991210938,546.3890991210938,500,0.0,0.0
2011-06-10 00:00:00+09:00,547.9503173828125,547.9503173828125,547.9503173828125,547.9503173828125,1000,0.0,0.0
2011-06-13 00:00:00+09:00,547.9502108328684,551.0724342564174,546.3890991210938,546.3890991210938,6500,0.0,0.0
2011-06-14 00:00:00+09:00,551.0724342564174,551.0724342564174,546.3890991210938,546.3890991210938,4000,0.0,0.0
2011-06-15 00:00:00+09:00,546.3890991210938,546.3890991210938,546.3890991210938,546.3890991210938,9000,0.0,0.0
2011-06-16 00:00:00+09:00,546.3890991210938,546.3890991210938,546.3890991210938,546.3890991210938,9000,0.0,0.0
2011-06-17 00:00:00+09:00,546.3890991210938,546.3890991210938,546.3890991210938,546.3890991210938,9000,0.0,0.0
2011-06-20 00:00:00+09:00,552.6336375149814,552.6336375149814,549.5114135742188,549.5114135742188,2000,0.0,0.0
2011-06-21 00:00:00+09:00,552.6336669921875,552.6336669921875,552.6336669921875,552.6336669921875,1000,0.0,0.0
2011-06-22 00:00:00+09:00,546.3892187775865,552.6336669921875,546.3892187775865,552.6336669921875,3000,0.0,0.0
2011-06-23 00:00:00+09:00,555.755891099488,555.755891099488,552.6336669921875,552.6336669921875,1500,0.0,0.0
2011-06-24 00:00:00+09:00,555.7558436460522,557.3169555664062,555.7558436460522,557.3169555664062,3000,0.0,0.0
2011-06-27 00:00:00+09:00,557.316939881394,558.8780517578125,557.316939881394,558.8780517578125,4000,0.0,0.0
2011-06-28 00:00:00+09:00,560.4391014141272,565.1224365234375,560.4391014141272,565.1224365234375,1000,0.0,0.0
2011-06-29 00:00:00+09:00,562.0002894520429,563.5614013671875,562.0002894520429,563.5614013671875,1500,0.0,0.0
2011-06-30 00:00:00+09:00,562.0003851232394,562.0003851232394,554.19482421875,554.19482421875,5000,0.0,0.0
2011-07-01 00:00:00+09:00,604.1504592895508,604.1504592895508,562.0004272460938,562.0004272460938,33000,0.0,0.0
2011-07-04 00:00:00+09:00,571.3670020850928,577.6114501953125,571.3670020850928,577.6114501953125,5000,0.0,0.0
2011-07-05 00:00:00+09:00,565.1225344373556,591.6614379882812,554.1947506222687,591.6614379882812,6000,0.0,0.0
2011-07-06 00:00:00+09:00,568.2447780299831,577.6114501953125,568.2447780299831,577.6114501953125,2000,0.0,0.0
2011-07-07 00:00:00+09:00,576.05029296875,576.05029296875,576.05029296875,576.05029296875,1000,0.0,0.0
2011-07-08 00:00:00+09:00,576.05029296875,576.05029296875,576.05029296875,576.05029296875,1000,0.0,0.0
2011-07-11 00:00:00+09:00,551.0724603003198,568.2446899414062,551.0724603003198,568.2446899414062,7500,0.0,0.0
2011-07-12 00:00:00+09:00,572.9280366210937,585.4169311523438,572.9280366210937,585.4169311523438,2000,0.0,0.0
2011-07-13 00:00:00+09:00,585.4169900939457,591.6614379882812,585.4169900939457,591.6614379882812,3000,0.0,0.0
2011-07-14 00:00:00+09:00,591.6614515694024,596.3447875976562,591.6614515694024,596.3447875976562,6500,0.0,0.0
2011-07-15 00:00:00+09:00,591.6614515694024,596.3447875976562,591.6614515694024,596.3447875976562,6500,0.0,0.0
2011-07-19 00:00:00+09:00,607.2725830078125,607.2725830078125,607.2725830078125,607.2725830078125,1000,0.0,0.0
2011-07-20 00:00:00+09:00,607.2725830078125,607.2725830078125,607.2725830078125,607.2725830078125,2000,0.0,0.0
2011-07-21 00:00:00+09:00,608.8336614294898,616.6392211914062,608.8336614294898,616.6392211914062,2000,0.0,0.0
2011-07-22 00:00:00+09:00,618.200439453125,618.200439453125,616.6393272322838,618.200439453125,1500,0.0,0.0
2011-07-25 00:00:00+09:00,655.667082134046,655.667082134046,622.8837280273438,622.8837280273438,14500,0.0,0.0
2011-07-26 00:00:00+09:00,622.8836116940172,622.8836116940172,597.9058227539062,597.9058227539062,3500,0.0,0.0
2011-07-27 00:00:00+09:00,597.9058227539062,597.9058227539062,597.9058227539062,597.9058227539062,3500,0.0,0.0
2011-07-28 00:00:00+09:00,597.9058227539062,597.9058227539062,597.9058227539062,597.9058227539062,500,0.0,0.0
2011-07-29 00:00:00+09:00,597.9058227539062,597.9058227539062,597.9058227539062,597.9058227539062,500,0.0,0.0
2011-08-01 00:00:00+09:00,597.9058227539062,597.9058227539062,597.9058227539062,597.9058227539062,500,0.0,0.0
2011-08-02 00:00:00+09:00,597.9058227539062,597.9058227539062,597.9058227539062,597.9058227539062,500,0.0,0.0
2011-08-03 00:00:00+09:00,610.3947143554688,610.3947143554688,610.3947143554688,610.3947143554688,500,0.0,0.0
2011-08-04 00:00:00+09:00,610.3947143554688,610.3947143554688,610.3947143554688,610.3947143554688,500,0.0,0.0
2011-08-05 00:00:00+09:00,579.1726523778772,582.2948769189978,579.1726523778772,580.7337646484375,3000,0.0,0.0
2011-08-08 00:00:00+09:00,580.7337646484375,580.7337646484375,580.7337646484375,580.7337646484375,3000,0.0,0.0
2011-08-09 00:00:00+09:00,580.7336839578919,580.7336839578919,552.6336669921875,552.6336669921875,2000,0.0,0.0
2011-08-10 00:00:00+09:00,576.05029296875,576.05029296875,576.05029296875,576.05029296875,500,0.0,0.0
2011-08-11 00:00:00+09:00,576.0502894070167,588.5391845703125,576.0502894070167,588.5391845703125,1000,0.0,0.0
2011-08-12 00:00:00+09:00,594.7836461117394,594.7836461117394,593.2225341796875,593.2225341796875,2500,0.0,0.0
2011-08-15 00:00:00+09:00,605.711429636102,605.711429636102,593.2225341796875,593.2225341796875,4500,0.0,0.0
2011-08-16 00:00:00+09:00,593.2225341796875,593.2225341796875,593.2225341796875,593.2225341796875,500,0.0,0.0
2011-08-17 00:00:00+09:00,593.2225341796875,593.2225341796875,593.2225341796875,593.2225341796875,500,0.0,0.0
2011-08-18 00:00:00+09:00,593.2225341796875,593.2225341796875,593.2225341796875,593.2225341796875,500,0.0,0.0
2011-08-19 00:00:00+09:00,593.22266281292,593.22266281292,580.7337646484375,580.7337646484375,1000,0.0,0.0
2011-08-22 00:00:00+09:00,580.7337282653639,580.7337282653639,543.2670361192113,560.4392700195312,12000,0.0,0.0
2011-08-23 00:00:00+09:00,560.4391056126942,560.4391056126942,522.9724244575281,540.1446533203125,3500,0.0,0.0
2011-08-24 00:00:00+09:00,540.1446533203125,540.1446533203125,540.1446533203125,540.1446533203125,1500,0.0,0.0
2011-08-25 00:00:00+09:00,544.8279884647083,544.8279884647083,540.1446533203125,540.1446533203125,3500,0.0,0.0
2011-08-26 00:00:00+09:00,540.1446533203125,540.1446533203125,540.1446533203125,540.1446533203125,500,0.0,0.0
2011-08-29 00:00:00+09:00,540.1446533203125,540.1446533203125,540.1446533203125,540.1446533203125,1000,0.0,0.0
2011-08-30 00:00:00+09:00,540.1447002978089,540.1447002978089,510.4835751369465,535.4613647460938,12000,0.0,0.0
2011-08-31 00:00:00+09:00,533.9002685546875,533.9002685546875,533.9002685546875,533.9002685546875,1000,0.0,0.0
2011-09-01 00:00:00+09:00,533.9002843056955,533.9002843056955,532.3391723632812,532.3391723632812,1000,0.0,0.0
2011-09-02 00:00:00+09:00,535.4613647460938,535.4613647460938,535.4613647460938,535.4613647460938,500,0.0,0.0
2011-09-05 00:00:00+09:00,535.4613647460938,535.4613647460938,535.4613647460938,535.4613647460938,500,0.0,0.0
2011-09-06 00:00:00+09:00,535.4613647460938,535.4613647460938,535.4613647460938,535.4613647460938,500,0.0,0.0
2011-09-07 00:00:00+09:00,535.4613647460938,535.4613647460938,535.4613647460938,535.4613647460938,500,0.0,0.0
2011-09-08 00:00:00+09:00,537.0224765966655,537.0224765966655,535.4613647460938,535.4613647460938,11500,0.0,0.0
2011-09-09 00:00:00+09:00,532.3391723632812,532.3391723632812,532.3391723632812,532.3391723632812,1000,0.0,0.0
2011-09-12 00:00:00+09:00,532.3391723632812,532.3391723632812,532.3391723632812,532.3391723632812,500,0.0,0.0
2011-09-13 00:00:00+09:00,530.778060420867,532.3391723632812,530.778060420867,532.3391723632812,4000,0.0,0.0
2011-09-14 00:00:00+09:00,533.900252895522,537.0224765966655,533.900252895522,535.4613647460938,2500,0.0,0.0
2011-09-15 00:00:00+09:00,543.2669239989523,543.2669239989523,535.4613647460938,535.4613647460938,6500,0.0,0.0
2011-09-16 00:00:00+09:00,535.4613942906476,538.5836181640625,535.4613942906476,538.5836181640625,1000,0.0,0.0
2011-09-20 00:00:00+09:00,541.7058420374774,541.7058420374774,535.4613942906476,538.5836181640625,8500,0.0,0.0
2011-09-21 00:00:00+09:00,540.1446533203125,541.7057650351111,540.1446533203125,540.1446533203125,4000,0.0,0.0
2011-09-22 00:00:00+09:00,543.2668756975447,546.3890991210938,543.2668756975447,546.3890991210938,4000,0.0,0.0
2011-09-26 00:00:00+09:00,546.3890991210938,546.3890991210938,546.3890991210938,546.3890991210938,7500,0.0,0.0
2011-09-27 00:00:00+09:00,546.3891303402254,546.3891303402254,543.2669067382812,543.2669067382812,2000,0.0,0.0
2011-09-28 00:00:00+09:00,543.2669600753097,543.2669600753097,519.8502807617188,519.8502807617188,4500,0.0,0.0
2011-09-29 00:00:00+09:00,543.2669067382812,543.2669067382812,543.2669067382812,543.2669067382812,1500,0.0,0.0
2011-09-30 00:00:00+09:00,543.2669559601815,543.2669559601815,532.3391723632812,532.3391723632812,1500,0.0,0.0
2011-10-03 00:00:00+09:00,524.53369140625,524.53369140625,524.53369140625,524.53369140625,1000,0.0,0.0
2011-10-04 00:00:00+09:00,524.5336325771838,524.5336325771838,518.2891845703125,518.2891845703125,1000,0.0,0.0
2011-10-05 00:00:00+09:00,516.72802734375,516.72802734375,516.72802734375,516.72802734375,500,0.0,0.0
2011-10-06 00:00:00+09:00,527.65576281519,529.2168745394953,521.4113159179688,521.4113159179688,4000,0.0,0.0
2011-10-07 00:00:00+09:00,521.4113159179688,521.4113159179688,521.4113159179688,521.4113159179688,4000,0.0,0.0
2011-10-11 00:00:00+09:00,530.7779541015625,530.7779541015625,530.7779541015625,530.7779541015625,500,0.0,0.0
2011-10-12 00:00:00+09:00,535.4613647460938,535.4613647460938,535.4613647460938,535.4613647460938,500,0.0,0.0
2011-10-13 00:00:00+09:00,543.2669067382812,543.2669067382812,543.2669067382812,543.2669067382812,1500,0.0,0.0
2011-10-14 00:00:00+09:00,555.755891099488,555.755891099488,551.0725549385372,552.6336669921875,1500,0.0,0.0
2011-10-17 00:00:00+09:00,560.4392017098361,568.2447616222292,533.900298007699,537.0225219726562,14500,0.0,0.0
2011-10-18 00:00:00+09:00,537.0225219726562,537.0225219726562,537.0225219726562,537.0225219726562,0,0.0,0.0
2011-10-19 00:00:00+09:00,537.0225219726562,537.0225219726562,537.0225219726562,537.0225219726562,14500,0.0,0.0
2011-10-20 00:00:00+09:00,544.8280518291987,544.8280518291987,533.9002685546875,533.9002685546875,1000,0.0,0.0
2011-10-21 00:00:00+09:00,532.3391566583288,538.5836042437637,518.2891495911001,533.9002685546875,3500,0.0,0.0
2011-10-24 00:00:00+09:00,546.3892345050239,551.0725708007812,546.3892345050239,551.0725708007812,2000,0.0,0.0
2011-10-25 00:00:00+09:00,562.0004272460938,562.0004272460938,562.0004272460938,562.0004272460938,5500,0.0,0.0
2011-10-26 00:00:00+09:00,562.0004272460938,562.0004272460938,562.0004272460938,562.0004272460938,500,0.0,0.0
2011-10-27 00:00:00+09:00,562.0004272460938,562.0004272460938,562.0004272460938,562.0004272460938,8000,0.0,0.0
2011-10-28 00:00:00+09:00,537.0225219726562,537.0225219726562,537.0225219726562,537.0225219726562,500,0.0,0.0
2011-10-31 00:00:00+09:00,544.8280818850495,544.8280818850495,537.0225219726562,537.0225219726562,1000,0.0,0.0
2011-11-01 00:00:00+09:00,546.3890991210938,546.3890991210938,546.3890991210938,546.3890991210938,500,0.0,0.0
2011-11-02 00:00:00+09:00,554.19482421875,554.19482421875,554.19482421875,554.19482421875,500,0.0,0.0
2011-11-04 00:00:00+09:00,554.19482421875,554.19482421875,554.19482421875,554.19482421875,500,0.0,0.0
2011-11-07 00:00:00+09:00,549.5114135742188,549.5114135742188,549.5114135742188,549.5114135742188,500,0.0,0.0
2011-11-08 00:00:00+09:00,549.5114135742188,549.5114135742188,549.5114135742188,549.5114135742188,500,0.0,0.0
2011-11-09 00:00:00+09:00,530.7780123305047,543.2669067382812,530.7780123305047,543.2669067382812,2000,0.0,0.0
2011-11-10 00:00:00+09:00,538.5836181640625,538.5836181640625,538.5836181640625,538.5836181640625,500,0.0,0.0
2011-11-11 00:00:00+09:00,538.5836181640625,538.5836181640625,538.5836181640625,538.5836181640625,500,0.0,0.0
2011-11-14 00:00:00+09:00,526.0947108522674,527.6558227539062,522.9724870489899,527.6558227539062,5500,0.0,0.0
2011-11-15 00:00:00+09:00,518.2891392088369,519.8502510739237,516.72802734375,516.72802734375,6000,0.0,0.0
2011-11-16 00:00:00+09:00,512.0447387695312,512.0447387695312,512.0447387695312,512.0447387695312,1000,0.0,0.0
2011-11-17 00:00:00+09:00,515.1669921875,515.1669921875,515.1669921875,515.1669921875,500,0.0,0.0
2011-11-18 00:00:00+09:00,502.6781005859375,502.6781005859375,502.6781005859375,502.6781005859375,1000,0.0,0.0
2011-11-21 00:00:00+09:00,491.75030517578125,491.75030517578125,491.75030517578125,491.75030517578125,500,0.0,0.0
2011-11-22 00:00:00+09:00,491.75030517578125,491.75030517578125,491.75030517578125,491.75030517578125,0,0.0,0.0
2011-11-24 00:00:00+09:00,502.6781005859375,502.6781005859375,502.6781005859375,502.6781005859375,1000,0.0,0.0
2011-11-25 00:00:00+09:00,502.6780492650854,519.8502807617188,502.6780492650854,519.8502807617188,3000,0.0,0.0
2011-11-28 00:00:00+09:00,519.8502807617188,519.8502807617188,519.8502807617188,519.8502807617188,3000,0.0,0.0
2011-11-29 00:00:00+09:00,519.8502807617188,519.8502807617188,519.8502807617188,519.8502807617188,3000,0.0,0.0
2011-11-30 00:00:00+09:00,501.1169591903687,501.1169591903687,488.62806301116944,499.55584716796875,4000,0.0,0.0
2011-12-01 00:00:00+09:00,499.55584716796875,499.55584716796875,499.55584716796875,499.55584716796875,2500,0.0,0.0
2011-12-02 00:00:00+09:00,499.5558195660828,499.5558195660828,490.18914794921875,490.18914794921875,2000,0.0,0.0
2011-12-05 00:00:00+09:00,490.18914794921875,490.18914794921875,490.18914794921875,490.18914794921875,2000,0.0,0.0
2011-12-06 00:00:00+09:00,490.1891930958581,491.75030517578125,490.1891930958581,491.75030517578125,1000,0.0,0.0
2011-12-07 00:00:00+09:00,497.9946899414062,497.9946899414062,497.9946899414062,497.99468994140625,500,0.0,0.0
2011-12-08 00:00:00+09:00,497.9946899414062,497.9946899414062,497.9946899414062,497.99468994140625,500,0.0,0.0
2011-12-09 00:00:00+09:00,496.4336679048628,501.11700439453125,496.4336679048628,501.11700439453125,2000,0.0,0.0
2011-12-12 00:00:00+09:00,502.6781005859375,502.6781005859375,502.6781005859375,502.6781005859375,1500,0.0,0.0
2011-12-13 00:00:00+09:00,499.55584270198176,512.0447387695312,497.99473069353803,512.0447387695312,4000,0.0,0.0
2011-12-14 00:00:00+09:00,507.3614072799683,507.3614072799683,499.55584716796875,499.55584716796875,5500,0.0,0.0
2011-12-15 00:00:00+09:00,491.75030517578125,491.75030517578125,487.0669689360119,491.75030517578125,7500,0.0,0.0
2011-12-16 00:00:00+09:00,491.75030517578125,491.75030517578125,487.0669689360119,491.75030517578125,7500,0.0,0.0
2011-12-19 00:00:00+09:00,491.75030517578125,491.75030517578125,491.75030517578125,491.75030517578125,7500,0.0,0.0
2011-12-20 00:00:00+09:00,487.0669102316117,491.75024590691567,485.50579833984375,485.50579833984375,4500,0.0,0.0
2011-12-21 00:00:00+09:00,485.5058781243617,488.6281024209814,477.7003173828125,477.7003173828125,10000,0.0,0.0
2011-12-22 00:00:00+09:00,477.7003606407388,482.3836975097656,477.7003606407388,482.3836975097656,3000,0.0,0.0
2011-12-26 00:00:00+09:00,482.3836975097656,482.3836975097656,482.3836975097656,482.3836975097656,0,0.0,0.0
2011-12-27 00:00:00+09:00,480.82249505356776,483.9447190474221,479.26138305664057,479.2613830566406,2000,0.0,0.0
2011-12-28 00:00:00+09:00,479.26138305664057,479.26138305664057,479.26138305664057,479.2613830566406,500,0.0,0.0
2011-12-29 00:00:00+09:00,479.26138305664057,479.26138305664057,479.26138305664057,479.2613830566406,500,0.0,0.0
2011-12-30 00:00:00+09:00,479.26138305664057,479.26138305664057,479.26138305664057,479.2613830566406,500,0.0,0.0
2012-01-04 00:00:00+09:00,479.26138305664057,479.26138305664057,479.26138305664057,479.2613830566406,500,0.0,0.0
2012-01-05 00:00:00+09:00,480.8224471654647,487.06689453125,480.8224471654647,487.06689453125,1000,0.0,0.0
2012-01-06 00:00:00+09:00,487.06694304127643,487.06694304127643,479.26138305664057,479.2613830566406,3000,0.0,0.0
2012-01-10 00:00:00+09:00,479.26136632119454,483.9447021484375,479.26136632119454,483.9447021484375,2000,0.0,0.0
2012-01-11 00:00:00+09:00,482.3836404026145,483.9447525074773,473.0169677734375,473.0169677734375,10000,0.0,0.0
2012-01-12 00:00:00+09:00,473.01696647268824,479.26141487496795,473.01696647268824,476.1391906738281,4000,0.0,0.0
2012-01-13 00:00:00+09:00,477.70022348257214,487.06689453125,477.70022348257214,487.06689453125,2000,0.0,0.0
2012-01-16 00:00:00+09:00,485.5058781243617,485.5058781243617,477.7003173828125,477.7003173828125,6000,0.0,0.0
2012-01-17 00:00:00+09:00,479.2613507727718,485.50579833984375,477.70023888100377,485.50579833984375,8500,0.0,0.0
2012-01-18 00:00:00+09:00,485.5058310443493,485.5058310443493,471.45582307200476,479.2613830566406,7000,0.0,0.0
2012-01-19 00:00:00+09:00,480.82249505356776,480.82249505356776,476.13915906278623,479.2613830566406,4500,0.0,0.0
2012-01-20 00:00:00+09:00,482.38363907610784,485.50586327724767,474.57807857325815,476.1391906738281,15500,0.0,0.0
2012-01-23 00:00:00+09:00,476.1392038518732,487.0669888583097,476.1392038518732,480.8225402832031,6500,0.0,0.0
2012-01-24 00:00:00+09:00,480.82247826360884,485.5058140908518,479.26136632119454,483.9447021484375,4000,0.0,0.0
2012-01-25 00:00:00+09:00,483.94467084835736,487.06689453125,483.94467084835736,487.06689453125,4500,0.0,0.0
2012-01-26 00:00:00+09:00,487.06689453125,487.06689453125,483.94467084835736,487.06689453125,1500,0.0,0.0
2012-01-27 00:00:00+09:00,487.06703437879247,487.06703437879247,482.3836975097656,482.3836975097656,3000,0.0,0.0
2012-01-30 00:00:00+09:00,482.38355900691107,487.06689453125,482.38355900691107,487.06689453125,1500,0.0,0.0
2012-01-31 00:00:00+09:00,487.0669701914437,488.6280822753907,487.0669701914437,488.6280822753906,1500,0.0,0.0
2012-02-01 00:00:00+09:00,488.6281466684681,488.6281466684681,482.3836975097656,482.3836975097656,5000,0.0,0.0
2012-02-02 00:00:00+09:00,483.9447447761657,491.75030517578125,483.9447447761657,491.75030517578125,4000,0.0,0.0
2012-02-03 00:00:00+09:00,491.75024590691567,491.75024590691567,483.94468644807574,485.50579833984375,9000,0.0,0.0
2012-02-06 00:00:00+09:00,485.50579833984375,490.18913401514766,483.94468644807574,485.50579833984375,6000,0.0,0.0
2012-02-07 00:00:00+09:00,485.5058121407867,490.18914794921875,485.5058121407867,490.18914794921875,2500,0.0,0.0
2012-02-08 00:00:00+09:00,490.18914794921875,490.18914794921875,490.18914794921875,490.18914794921875,2000,0.0,0.0
2012-02-09 00:00:00+09:00,490.1891943593376,490.1891943593376,488.6280822753907,488.6280822753906,5500,0.0,0.0
2012-02-10 00:00:00+09:00,485.5057826898037,487.06689453125,482.38355900691107,487.06689453125,4500,0.0,0.0
2012-02-13 00:00:00+09:00,485.50579833984375,487.0669102316117,485.50579833984375,485.50579833984375,5500,0.0,0.0
2012-02-14 00:00:00+09:00,485.50579833984375,491.75024590691567,483.94468644807574,485.50579833984375,17500,0.0,0.0
2012-02-15 00:00:00+09:00,485.50579574055473,496.4335789244257,485.50579574055473,494.8724670410156,18500,0.0,0.0
2012-02-16 00:00:00+09:00,494.8725730848012,499.55590973860063,490.18923643100186,496.4336853027344,5500,0.0,0.0
2012-02-17 00:00:00+09:00,496.43357806071214,497.9946899414062,496.43357806071214,497.99468994140625,3500,0.0,0.0
2012-02-20 00:00:00+09:00,488.6280822753907,488.6280822753907,488.6280822753907,488.6280822753906,1500,0.0,0.0
2012-02-21 00:00:00+09:00,491.75030517578125,496.4336414155506,490.1891930958581,491.75030517578125,7500,0.0,0.0
2012-02-22 00:00:00+09:00,490.1891305379359,499.5558018221003,490.1891305379359,497.99468994140625,11500,0.0,0.0
2012-02-23 00:00:00+09:00,499.5558018221003,505.80024934487653,497.9946899414062,497.99468994140625,7000,0.0,0.0
2012-02-24 00:00:00+09:00,501.11695692274304,507.36140498408565,497.99473289207174,505.80029296875,9500,0.0,0.0
2012-02-27 00:00:00+09:00,505.80026151504984,508.9224853515625,504.23914959679354,508.9224853515625,15000,0.0,0.0
2012-02-28 00:00:00+09:00,512.0447546349388,512.0447546349388,508.92253052131116,510.483642578125,3000,0.0,0.0
2012-02-29 00:00:00+09:00,516.72802734375,516.72802734375,516.72802734375,516.72802734375,500,0.0,0.0
2012-03-01 00:00:00+09:00,515.1669500486769,515.1669500486769,499.55583035023216,504.2391662597656,13500,0.0,0.0
2012-03-02 00:00:00+09:00,504.239165226863,507.36138916015625,504.239165226863,507.36138916015625,3000,0.0,0.0
2012-03-05 00:00:00+09:00,507.36140498408565,507.36140498408565,505.80029296875,505.80029296875,3000,0.0,0.0
2012-03-06 00:00:00+09:00,505.80029296875,505.80029296875,505.80029296875,505.80029296875,0,0.0,0.0
2012-03-07 00:00:00+09:00,502.6781005859375,505.8003248131793,502.6781005859375,502.6781005859375,4000,0.0,0.0
2012-03-08 00:00:00+09:00,502.6781005859375,502.6781005859375,502.6781005859375,502.6781005859375,0,0.0,0.0
2012-03-09 00:00:00+09:00,512.0447679924242,527.655888967803,512.0447679924242,515.1669921875,6000,0.0,0.0
2012-03-12 00:00:00+09:00,515.1669921875,515.1669921875,515.1669921875,515.1669921875,0,0.0,0.0
2012-03-13 00:00:00+09:00,521.4113927159582,521.4113927159582,519.8502807617188,519.8502807617188,2500,0.0,0.0
2012-03-14 00:00:00+09:00,521.4113612843983,526.0946968647971,521.4113612843983,522.9724731445312,3000,0.0,0.0
2012-03-15 00:00:00+09:00,519.8503548758371,526.0948035830543,519.8503548758371,524.53369140625,8500,0.0,0.0
2012-03-16 00:00:00+09:00,524.533616624437,524.533616624437,519.8502807617188,519.8502807617188,1000,0.0,0.0
2012-03-19 00:00:00+09:00,522.9724731445312,527.65580872493,522.9724731445312,522.9724731445312,2500,0.0,0.0
2012-03-21 00:00:00+09:00,522.9724112091515,529.2168579101562,522.9724112091515,529.2168579101562,4500,0.0,0.0
2012-03-22 00:00:00+09:00,529.2169484784527,532.3391723632812,529.2169484784527,532.3391723632812,3500,0.0,0.0
2012-03-23 00:00:00+09:00,522.9724870489899,537.0224941637389,522.9724870489899,527.6558227539062,7000,0.0,0.0
2012-03-26 00:00:00+09:00,526.0948035830543,526.0948035830543,524.53369140625,524.53369140625,1000,0.0,0.0
2012-03-27 00:00:00+09:00,524.5335989506286,527.6558227539062,516.7280394424348,527.6558227539062,7000,0.0,0.0
2012-03-28 00:00:00+09:00,510.9428405761719,517.3097295553142,510.9428405761719,510.9428405761719,4500,13.0,0.0
2012-03-29 00:00:00+09:00,510.9428405761719,510.9428405761719,510.9428405761719,510.9428405761719,1000,0.0,0.0
2012-03-30 00:00:00+09:00,509.35111833138626,512.5345628209575,509.35111833138626,510.9428405761719,5500,0.0,0.0
2012-04-02 00:00:00+09:00,510.94276571273804,510.94276571273804,509.3510437011719,509.3510437011719,2500,0.0,0.0
2012-04-03 00:00:00+09:00,509.3510158706761,512.5344597198679,506.16757202148443,506.1675720214844,5000,0.0,0.0
2012-04-04 00:00:00+09:00,506.16759149460563,507.75931348043775,501.3924255371094,501.3924255371094,3500,0.0,0.0
2012-04-05 00:00:00+09:00,499.80072314922626,501.3924451974722,496.6172790527344,496.6172790527344,3000,0.0,0.0
2012-04-06 00:00:00+09:00,496.6172790527344,496.6172790527344,496.6172790527344,496.6172790527344,1000,0.0,0.0
2012-04-09 00:00:00+09:00,496.6172790527344,496.6172790527344,496.6172790527344,496.6172790527344,1000,0.0,0.0
2012-04-10 00:00:00+09:00,496.61726238019173,498.208984375,496.61726238019173,498.208984375,4000,0.0,0.0
2012-04-11 00:00:00+09:00,496.61726238019173,498.208984375,496.61726238019173,498.208984375,1500,0.0,0.0
2012-04-12 00:00:00+09:00,499.80072314922626,499.80072314922626,496.6172790527344,496.6172790527344,1000,0.0,0.0
2012-04-13 00:00:00+09:00,498.2089815654452,501.3924255371094,498.2089815654452,501.3924255371094,1000,0.0,0.0
2012-04-16 00:00:00+09:00,502.98414752294144,502.98414752294144,501.3924255371094,501.3924255371094,7500,0.0,0.0
2012-04-17 00:00:00+09:00,504.57592773437494,504.57592773437494,504.57592773437494,504.575927734375,500,0.0,0.0
2012-04-18 00:00:00+09:00,504.57586950877356,504.57586950877356,501.3924255371094,501.3924255371094,1500,0.0,0.0
2012-04-19 00:00:00+09:00,499.8007063698083,499.8007063698083,498.208984375,498.208984375,2000,0.0,0.0
2012-04-20 00:00:00+09:00,485.47518126067627,495.0255126953125,485.47518126067627,495.0255126953125,9000,0.0,0.0
2012-04-23 00:00:00+09:00,493.43385468023104,493.43385468023104,491.8421325683593,491.8421325683594,1000,0.0,0.0
2012-04-24 00:00:00+09:00,490.25034697799435,496.6172346010852,490.25034697799435,495.0255126953125,6000,0.0,0.0
2012-04-25 00:00:00+09:00,495.0255126953125,495.0255126953125,495.0255126953125,495.0255126953125,1500,0.0,0.0
2012-04-26 00:00:00+09:00,495.0255126953125,495.0255126953125,495.0255126953125,495.0255126953125,1000,0.0,0.0
2012-04-27 00:00:00+09:00,490.2503744009585,498.208984375,490.2503744009585,498.208984375,7500,0.0,0.0
2012-05-01 00:00:00+09:00,495.02562456007126,495.02562456007126,490.2504577636719,490.2504577636719,2000,0.0,0.0
2012-05-02 00:00:00+09:00,495.02562456007126,495.02562456007126,490.2504577636719,490.2504577636719,2000,0.0,0.0
2012-05-07 00:00:00+09:00,493.43385468023104,498.2090210158462,491.8421325683593,491.8421325683594,8000,0.0,0.0
2012-05-08 00:00:00+09:00,493.4337907895398,499.80067841263065,493.4337907895398,495.0255126953125,5000,0.0,0.0
2012-05-09 00:00:00+09:00,495.0255126953125,495.0255126953125,495.0255126953125,495.0255126953125,2000,0.0,0.0
2012-05-10 00:00:00+09:00,496.61726238019173,498.208984375,496.61726238019173,498.208984375,1500,0.0,0.0
2012-05-11 00:00:00+09:00,498.20900110098034,499.80072314922626,496.6172790527344,496.6172790527344,3000,0.0,0.0
2012-05-14 00:00:00+09:00,495.0255126953125,495.0255126953125,495.0255126953125,495.0255126953125,1500,0.0,0.0
2012-05-15 00:00:00+09:00,495.02562456007126,495.02562456007126,490.2504577636719,490.2504577636719,6000,0.0,0.0
2012-05-16 00:00:00+09:00,487.0669307077168,487.0669307077168,480.7000427246094,480.7000427246094,3000,0.0,0.0
2012-05-17 00:00:00+09:00,480.7000427246094,480.7000427246094,480.7000427246094,480.7000427246094,3000,0.0,0.0
2012-05-18 00:00:00+09:00,472.741387623754,472.741387623754,460.00761287294586,461.5993347167969,13500,0.0,0.0
2012-05-21 00:00:00+09:00,461.59938191872567,461.59938191872567,460.0076599121094,460.0076599121094,2500,0.0,0.0
2012-05-22 00:00:00+09:00,461.5993625170564,464.7828063964844,461.5993625170564,464.7828063964844,1500,0.0,0.0
2012-05-23 00:00:00+09:00,464.7828063964844,464.7828063964844,464.7828063964844,464.7828063964844,1500,0.0,0.0
2012-05-24 00:00:00+09:00,461.5993625170564,464.7828063964844,461.5993625170564,464.7828063964844,3500,0.0,0.0
2012-05-25 00:00:00+09:00,466.37447647454366,472.7413635253906,466.37447647454366,472.7413635253906,2000,0.0,0.0
2012-05-28 00:00:00+09:00,463.1911315917969,463.1911315917969,463.1911315917969,463.1911315917969,3500,0.0,0.0
2012-05-29 00:00:00+09:00,464.7828063964844,464.7828063964844,464.7828063964844,464.7828063964844,1000,0.0,0.0
2012-05-30 00:00:00+09:00,456.824171702067,458.4158935546875,456.824171702067,458.4158935546875,5500,0.0,0.0
2012-05-31 00:00:00+09:00,469.5579363848712,471.149658203125,469.5579363848712,471.149658203125,2000,0.0,0.0
2012-06-01 00:00:00+09:00,471.1496773677475,471.1496773677475,466.37451171875,466.37451171875,2000,0.0,0.0
2012-06-04 00:00:00+09:00,469.55794393605197,469.55794393605197,458.41589102909484,461.5993347167969,2000,0.0,0.0
2012-06-05 00:00:00+09:00,461.5993347167969,461.5993347167969,461.5993347167969,461.5993347167969,500,0.0,0.0
2012-06-06 00:00:00+09:00,461.5993347167969,461.5993347167969,461.5993347167969,461.5993347167969,500,0.0,0.0
2012-06-07 00:00:00+09:00,461.5993347167969,461.5993347167969,461.5993347167969,461.5993347167969,500,0.0,0.0
2012-06-08 00:00:00+09:00,461.5993347167969,461.5993347167969,461.5993347167969,461.5993347167969,500,0.0,0.0
2012-06-11 00:00:00+09:00,467.9662475585938,467.9662475585938,467.9662475585938,467.96624755859375,1500,0.0,0.0
2012-06-12 00:00:00+09:00,466.37456387420957,475.9248962402344,466.37456387420957,475.9248962402344,1500,0.0,0.0
2012-06-13 00:00:00+09:00,475.9248962402344,475.9248962402344,475.9248962402344,475.9248962402344,1500,0.0,0.0
2012-06-14 00:00:00+09:00,475.9248962402344,475.9248962402344,475.9248962402344,475.9248962402344,1500,0.0,0.0
2012-06-15 00:00:00+09:00,469.55795548474833,469.55795548474833,466.37451171875,466.37451171875,6500,0.0,0.0
2012-06-18 00:00:00+09:00,466.37451171875,466.37451171875,466.37451171875,466.37451171875,1000,0.0,0.0
2012-06-19 00:00:00+09:00,466.37451171875,466.37451171875,466.37451171875,466.37451171875,2500,0.0,0.0
2012-06-20 00:00:00+09:00,466.37451171875,466.37451171875,461.5993460697526,466.37451171875,2500,0.0,0.0
2012-06-21 00:00:00+09:00,466.37451171875,466.37451171875,466.37451171875,466.37451171875,500,0.0,0.0
2012-06-22 00:00:00+09:00,466.3745177205404,477.5165710449219,466.3745177205404,477.5165710449219,3000,0.0,0.0
2012-06-25 00:00:00+09:00,474.33316835711895,482.2917785644531,471.14972427418525,482.2917785644531,4000,0.0,0.0
2012-06-26 00:00:00+09:00,475.92490397001563,483.8835144042968,475.92490397001563,483.8835144042969,3000,0.0,0.0
2012-06-27 00:00:00+09:00,483.88349482135584,488.6586608886719,483.88349482135584,488.6586608886719,1000,0.0,0.0
2012-06-28 00:00:00+09:00,490.25038291111053,491.8421049335492,482.2917727989172,488.6586608886719,16000,0.0,0.0
2012-06-29 00:00:00+09:00,480.7000565229863,488.65866673032053,480.7000565229863,482.2917785644531,9500,0.0,0.0
2012-07-02 00:00:00+09:00,490.2504577636719,490.2504577636719,490.2504577636719,490.2504577636719,39000,0.0,0.0
2012-07-03 00:00:00+09:00,487.0669555664063,487.0669555664063,487.0669555664063,487.06695556640625,1000,0.0,0.0
2012-07-04 00:00:00+09:00,487.0669555664063,487.0669555664063,487.0669555664063,487.06695556640625,500,0.0,0.0
2012-07-05 00:00:00+09:00,483.8835144042968,483.8835144042968,483.8835144042968,483.8835144042969,500,0.0,0.0
2012-07-06 00:00:00+09:00,488.65873549820543,490.2504577636719,488.65873549820543,490.2504577636719,2000,0.0,0.0
2012-07-09 00:00:00+09:00,477.51667963994015,490.2504577636719,477.51667963994015,490.2504577636719,3500,0.0,0.0
2012-07-10 00:00:00+09:00,493.4338438744639,493.4338438744639,487.0669555664063,487.06695556640625,1500,0.0,0.0
2012-07-11 00:00:00+09:00,488.65873549820543,490.2504577636719,488.65873549820543,490.2504577636719,2000,0.0,0.0
2012-07-12 00:00:00+09:00,488.65868834461594,491.8421325683593,488.65868834461594,491.8421325683594,1500,0.0,0.0
2012-07-13 00:00:00+09:00,491.8420769363153,491.8420769363153,485.4751892089844,485.4751892089844,4500,0.0,0.0
2012-07-17 00:00:00+09:00,485.4752334893919,487.0669555664063,485.4752334893919,487.06695556640625,6000,0.0,0.0
2012-07-18 00:00:00+09:00,487.0669555664063,487.0669555664063,487.0669555664063,487.06695556640625,1000,0.0,0.0
2012-07-19 00:00:00+09:00,487.0669388662332,488.6586608886719,487.0669388662332,488.6586608886719,2500,0.0,0.0
2012-07-20 00:00:00+09:00,488.6586608886719,488.6586608886719,488.6586608886719,488.6586608886719,1500,0.0,0.0
2012-07-23 00:00:00+09:00,488.6586330726498,488.6586330726498,483.8834672771516,485.4751892089844,15500,0.0,0.0
2012-07-24 00:00:00+09:00,487.06701323273893,490.2504577636719,483.883568701806,490.2504577636719,4500,0.0,0.0
2012-07-25 00:00:00+09:00,490.2504577636719,490.2504577636719,490.2504577636719,490.2504577636719,23500,0.0,0.0
2012-07-26 00:00:00+09:00,490.2504577636719,490.2504577636719,490.2504577636719,490.2504577636719,23500,0.0,0.0
2012-07-27 00:00:00+09:00,490.2504577636719,490.2504577636719,490.2504577636719,490.2504577636719,23500,0.0,0.0
2012-07-30 00:00:00+09:00,490.2504577636719,490.2504577636719,490.2504577636719,490.2504577636719,500,0.0,0.0
2012-07-31 00:00:00+09:00,490.2504577636719,490.2504577636719,490.2504577636719,490.2504577636719,500,0.0,0.0
2012-08-01 00:00:00+09:00,490.2504577636719,490.2504577636719,490.2504577636719,490.2504577636719,500,0.0,0.0
2012-08-02 00:00:00+09:00,490.2504577636719,490.2504577636719,490.2504577636719,490.2504577636719,500,0.0,0.0
2012-08-03 00:00:00+09:00,477.5165710449219,477.5165710449219,477.5165710449219,477.5165710449219,1000,0.0,0.0
2012-08-06 00:00:00+09:00,477.5165710449219,477.5165710449219,477.5165710449219,477.5165710449219,500,0.0,0.0
2012-08-07 00:00:00+09:00,477.5165710449219,477.5165710449219,477.5165710449219,477.5165710449219,1000,0.0,0.0
2012-08-08 00:00:00+09:00,479.108267294394,479.108267294394,464.7827709301098,471.149658203125,4500,0.0,0.0
2012-08-09 00:00:00+09:00,471.149658203125,471.149658203125,471.149658203125,471.149658203125,500,0.0,0.0
2012-08-10 00:00:00+09:00,472.7413635253906,472.7413635253906,472.7413635253906,472.7413635253906,500,0.0,0.0
2012-08-13 00:00:00+09:00,472.7413635253906,472.7413635253906,472.7413635253906,472.7413635253906,500,0.0,0.0
2012-08-14 00:00:00+09:00,479.1083014816534,485.4751892089844,479.1083014816534,485.4751892089844,1500,0.0,0.0
2012-08-15 00:00:00+09:00,487.0669555664063,487.0669555664063,487.0669555664063,487.06695556640625,5500,0.0,0.0
2012-08-16 00:00:00+09:00,487.0669555664063,487.0669555664063,487.0669555664063,487.06695556640625,5500,0.0,0.0
2012-08-17 00:00:00+09:00,487.0669555664063,487.0669555664063,487.0669555664063,487.06695556640625,5500,0.0,0.0
2012-08-20 00:00:00+09:00,485.4751892089844,485.4751892089844,485.4751892089844,485.4751892089844,500,0.0,0.0
2012-08-21 00:00:00+09:00,485.4751892089844,485.4751892089844,485.4751892089844,485.4751892089844,500,0.0,0.0
2012-08-22 00:00:00+09:00,485.4751892089844,485.4751892089844,485.4751892089844,485.4751892089844,500,0.0,0.0
2012-08-23 00:00:00+09:00,485.4751892089844,485.4751892089844,485.4751892089844,485.4751892089844,500,0.0,0.0
2012-08-24 00:00:00+09:00,487.0669555664063,487.0669555664063,487.0669555664063,487.06695556640625,2500,0.0,0.0
2012-08-27 00:00:00+09:00,487.0669555664063,487.0669555664063,487.0669555664063,487.06695556640625,2500,0.0,0.0
2012-08-28 00:00:00+09:00,487.0669555664063,487.0669555664063,487.0669555664063,487.06695556640625,2500,0.0,0.0
2012-08-29 00:00:00+09:00,475.9248962402344,475.9248962402344,475.9248962402344,475.9248962402344,1500,0.0,0.0
2012-08-30 00:00:00+09:00,475.9248962402344,475.9248962402344,475.9248962402344,475.9248962402344,1500,0.0,0.0
2012-08-31 00:00:00+09:00,477.51661535117313,480.7000594535143,477.51661535117313,479.10833740234375,2000,0.0,0.0
2012-09-03 00:00:00+09:00,479.10833740234375,479.10833740234375,479.10833740234375,479.10833740234375,2000,0.0,0.0
2012-09-04 00:00:00+09:00,466.3744927483636,471.149658203125,466.3744927483636,471.149658203125,3500,0.0,0.0
2012-09-05 00:00:00+09:00,467.96623962402344,496.61723388671874,467.96623962402344,477.5165710449219,9000,0.0,0.0
2012-09-06 00:00:00+09:00,477.5166335615139,498.2090210158462,477.5166335615139,491.8421325683594,11500,0.0,0.0
2012-09-07 00:00:00+09:00,491.8421325683593,491.8421325683593,491.8421325683593,491.8421325683594,11500,0.0,0.0
2012-09-10 00:00:00+09:00,487.0669555664063,487.0669555664063,487.0669555664063,487.06695556640625,500,0.0,0.0
2012-09-11 00:00:00+09:00,487.06695857800935,487.06695857800935,483.8835144042968,483.8835144042969,1000,0.0,0.0
2012-09-12 00:00:00+09:00,483.8835144042968,483.8835144042968,483.8835144042968,483.8835144042969,500,0.0,0.0
2012-09-13 00:00:00+09:00,483.8835144042968,483.8835144042968,483.8835144042968,483.8835144042969,1500,0.0,0.0
2012-09-14 00:00:00+09:00,483.8835144042968,483.8835144042968,483.8835144042968,483.8835144042969,1000,0.0,0.0
2012-09-18 00:00:00+09:00,480.7000624232467,480.7000624232467,475.9248962402344,475.9248962402344,10500,0.0,0.0
2012-09-19 00:00:00+09:00,475.9248491414388,477.5165710449219,471.1496834309896,477.5165710449219,6500,0.0,0.0
2012-09-20 00:00:00+09:00,477.5165710449219,477.5165710449219,477.5165710449219,477.5165710449219,6500,0.0,0.0
2012-09-21 00:00:00+09:00,475.9248962402344,475.9248962402344,475.9248962402344,475.9248962402344,500,0.0,0.0
2012-09-24 00:00:00+09:00,475.9248962402344,475.9248962402344,475.9248962402344,475.9248962402344,500,0.0,0.0
2012-09-25 00:00:00+09:00,471.14964413400423,471.14964413400423,469.55792236328125,469.55792236328125,3500,0.0,0.0
2012-09-26 00:00:00+09:00,469.55792236328125,469.55792236328125,469.55792236328125,469.55792236328125,500,0.0,0.0
2012-09-27 00:00:00+09:00,469.55792236328125,469.55792236328125,469.55792236328125,469.55792236328125,1000,0.0,0.0
2012-09-28 00:00:00+09:00,469.55792236328125,469.55792236328125,469.55792236328125,469.55792236328125,500,0.0,0.0
2012-10-01 00:00:00+09:00,469.55792236328125,469.55792236328125,469.55792236328125,469.55792236328125,1000,0.0,0.0
2012-10-02 00:00:00+09:00,469.55795548474833,469.55795548474833,464.78278983575086,466.37451171875,5500,0.0,0.0
2012-10-03 00:00:00+09:00,466.37451171875,466.37451171875,466.37451171875,466.37451171875,500,0.0,0.0
2012-10-04 00:00:00+09:00,466.3745283361984,466.3745283361984,464.7828063964844,464.7828063964844,1000,0.0,0.0
2012-10-05 00:00:00+09:00,464.7828063964844,464.7828063964844,464.7828063964844,464.7828063964844,500,0.0,0.0
2012-10-09 00:00:00+09:00,464.7827784044989,464.7827784044989,461.5993347167969,461.5993347167969,9500,0.0,0.0
2012-10-10 00:00:00+09:00,461.59940949010684,463.1911315917969,461.59940949010684,463.1911315917969,1500,0.0,0.0
2012-10-11 00:00:00+09:00,463.1911315917969,469.558019998557,460.0076873884168,463.1911315917969,2000,0.0,0.0
2012-10-12 00:00:00+09:00,463.1910679527517,471.1496773677475,463.1910679527517,466.37451171875,3500,0.0,0.0
2012-10-15 00:00:00+09:00,466.3745757951769,466.3745757951769,463.1911315917969,463.1911315917969,6500,0.0,0.0
2012-10-16 00:00:00+09:00,463.1910565606479,463.1910565606479,461.5993347167969,461.5993347167969,1000,0.0,0.0
2012-10-17 00:00:00+09:00,461.5993347167969,461.5993347167969,461.5993347167969,461.5993347167969,1000,0.0,0.0
2012-10-18 00:00:00+09:00,461.5993347167969,461.5993347167969,461.5993347167969,461.5993347167969,500,0.0,0.0
2012-10-19 00:00:00+09:00,461.5993347167969,464.7827784044989,458.41589102909484,461.5993347167969,3000,0.0,0.0
2012-10-22 00:00:00+09:00,461.5993347167969,461.5993347167969,461.5993347167969,461.5993347167969,500,0.0,0.0
2012-10-23 00:00:00+09:00,461.5993347167969,461.5993347167969,461.5993347167969,461.5993347167969,1500,0.0,0.0
2012-10-24 00:00:00+09:00,461.5993347167969,461.5993347167969,461.5993347167969,461.5993347167969,6000,0.0,0.0
2012-10-25 00:00:00+09:00,461.59940949010684,463.1911315917969,461.59940949010684,463.1911315917969,3000,0.0,0.0
2012-10-26 00:00:00+09:00,463.1911315917969,463.1911315917969,463.1911315917969,463.1911315917969,1000,0.0,0.0
2012-10-29 00:00:00+09:00,460.0076935133452,460.0076935133452,456.8242492675781,456.8242492675781,2000,0.0,0.0
2012-10-30 00:00:00+09:00,455.2325134277344,455.2325134277344,455.2325134277344,455.2325134277344,500,0.0,0.0
2012-10-31 00:00:00+09:00,455.23247443908474,455.23247443908474,434.54008923730817,447.27386474609375,5500,0.0,0.0
2012-11-01 00:00:00+09:00,447.2738894813939,453.6407775878906,447.2738894813939,453.6407775878906,1500,0.0,0.0
2012-11-02 00:00:00+09:00,453.640805021811,456.8242492675781,453.640805021811,456.8242492675781,2000,0.0,0.0
2012-11-05 00:00:00+09:00,456.82419404529395,467.9662475585938,456.82419404529395,467.96624755859375,4500,0.0,0.0
2012-11-06 00:00:00+09:00,461.5993347167969,461.5993347167969,461.5993347167969,461.5993347167969,1500,0.0,0.0
2012-11-07 00:00:00+09:00,458.41589102909484,461.5993347167969,455.23244734139274,461.5993347167969,2500,0.0,0.0
2012-11-08 00:00:00+09:00,461.5993598367082,467.9662475585938,461.5993598367082,467.96624755859375,2000,0.0,0.0
2012-11-09 00:00:00+09:00,467.9662475585938,467.9662475585938,467.9662475585938,467.96624755859375,500,0.0,0.0
2012-11-12 00:00:00+09:00,460.00761287294586,461.5993347167969,460.00761287294586,461.5993347167969,2000,0.0,0.0
2012-11-13 00:00:00+09:00,461.5993347167969,461.5993347167969,461.5993347167969,461.5993347167969,2000,0.0,0.0
2012-11-14 00:00:00+09:00,461.5993347167969,461.5993347167969,461.5993347167969,461.5993347167969,2000,0.0,0.0
2012-11-15 00:00:00+09:00,491.8421325683593,491.8421325683593,491.8421325683593,491.8421325683594,5000,0.0,0.0
2012-11-16 00:00:00+09:00,466.3745256281224,467.9662475585938,466.3745256281224,467.96624755859375,1000,0.0,0.0
2012-11-19 00:00:00+09:00,467.9662475585938,467.9662475585938,467.9662475585938,467.96624755859375,1000,0.0,0.0
2012-11-20 00:00:00+09:00,467.9662475585938,467.9662475585938,467.9662475585938,467.96624755859375,500,0.0,0.0
2012-11-21 00:00:00+09:00,467.9662475585938,467.9662475585938,467.9662475585938,467.96624755859375,500,0.0,0.0
2012-11-22 00:00:00+09:00,474.33308767545026,474.33308767545026,469.55792236328125,469.55792236328125,2000,0.0,0.0
2012-11-26 00:00:00+09:00,469.55792236328125,469.55792236328125,469.55792236328125,469.55792236328125,2000,0.0,0.0
2012-11-27 00:00:00+09:00,469.55792236328125,469.55792236328125,469.55792236328125,469.55792236328125,2000,0.0,0.0
2012-11-28 00:00:00+09:00,469.55792236328125,469.55792236328125,469.55792236328125,469.55792236328125,2000,0.0,0.0
2012-11-29 00:00:00+09:00,467.9662475585938,467.9662475585938,467.9662475585938,467.96624755859375,2500,0.0,0.0
2012-11-30 00:00:00+09:00,467.9662475585938,467.9662475585938,467.9662475585938,467.96624755859375,2500,0.0,0.0
2012-12-03 00:00:00+09:00,464.7828063964844,464.7828063964844,464.7828063964844,464.7828063964844,1000,0.0,0.0
2012-12-04 00:00:00+09:00,471.149658203125,471.149658203125,471.149658203125,471.149658203125,500,0.0,0.0
2012-12-05 00:00:00+09:00,469.55792236328125,469.55792236328125,469.55792236328125,469.55792236328125,500,0.0,0.0
2012-12-06 00:00:00+09:00,469.55792236328125,469.55792236328125,469.55792236328125,469.55792236328125,500,0.0,0.0
2012-12-07 00:00:00+09:00,469.55792236328125,469.55792236328125,469.55792236328125,469.55792236328125,500,0.0,0.0
2012-12-10 00:00:00+09:00,469.55792236328125,469.55792236328125,469.55792236328125,469.55792236328125,500,0.0,0.0
2012-12-11 00:00:00+09:00,477.5165710449219,477.5165710449219,477.5165710449219,477.5165710449219,500,0.0,0.0
2012-12-12 00:00:00+09:00,472.7413635253906,472.7413635253906,472.7413635253906,472.7413635253906,500,0.0,0.0
2012-12-13 00:00:00+09:00,477.5166183012385,477.5166183012385,475.9248962402344,475.9248962402344,1000,0.0,0.0
2012-12-14 00:00:00+09:00,475.9248962402344,477.5166183012385,475.9248962402344,475.9248962402344,1500,0.0,0.0
2012-12-17 00:00:00+09:00,475.9248962402344,475.9248962402344,475.9248962402344,475.9248962402344,6500,0.0,0.0
2012-12-18 00:00:00+09:00,469.5579694890652,469.5579694890652,467.9662475585938,467.96624755859375,2500,0.0,0.0
2012-12-19 00:00:00+09:00,474.33315474150197,480.7000427246094,469.5579887541714,480.7000427246094,10500,0.0,0.0
2012-12-20 00:00:00+09:00,482.2917923174406,483.8835144042968,482.2917923174406,483.8835144042969,1000,0.0,0.0
2012-12-21 00:00:00+09:00,485.47518056233724,485.47518056233724,477.5165710449219,477.5165710449219,4000,0.0,0.0
2012-12-25 00:00:00+09:00,482.2917704742227,485.4752145037555,474.3331604003906,474.3331604003906,5000,0.0,0.0
2012-12-26 00:00:00+09:00,477.5165795498207,485.4751892089844,477.5165795498207,485.4751892089844,1000,0.0,0.0
2012-12-27 00:00:00+09:00,477.5165795498207,485.4751892089844,477.5165795498207,485.4751892089844,1000,0.0,0.0
2012-12-28 00:00:00+09:00,496.61729109914677,496.61729109914677,475.92490397001563,483.8835144042969,5500,0.0,0.0
2013-01-04 00:00:00+09:00,491.8421158329133,496.61728200604836,487.06694965977823,493.433837890625,3000,0.0,0.0
2013-01-07 00:00:00+09:00,504.57586950877356,504.57586950877356,498.2089815654452,501.3924255371094,2500,0.0,0.0
2013-01-08 00:00:00+09:00,501.39250710745836,512.5345628209575,501.39250710745836,510.9428405761719,3000,0.0,0.0
2013-01-09 00:00:00+09:00,506.167670565862,514.1262817382812,506.167670565862,514.1262817382812,3000,0.0,0.0
2013-01-10 00:00:00+09:00,525.2682809012276,557.1027221679688,522.0848367745535,557.1027221679688,12500,0.0,0.0
2013-01-11 00:00:00+09:00,547.5523819633153,549.1441040039062,541.1854938009511,549.1441040039062,4000,0.0,0.0
2013-01-15 00:00:00+09:00,557.1027766513286,563.4696655273438,557.1027766513286,563.4696655273438,9000,0.0,0.0
2013-01-16 00:00:00+09:00,541.1854248046875,541.1854248046875,541.1854248046875,541.1854248046875,500,0.0,0.0
2013-01-17 00:00:00+09:00,541.1854248046875,541.1854248046875,541.1854248046875,541.1854248046875,500,0.0,0.0
2013-01-18 00:00:00+09:00,560.2863159179688,561.8780384063721,560.2863159179688,560.2863159179688,1500,0.0,0.0
2013-01-21 00:00:00+09:00,560.2863159179688,560.2863159179688,560.2863159179688,560.2863159179688,1500,0.0,0.0
2013-01-22 00:00:00+09:00,560.2863159179688,560.2863159179688,560.2863159179688,560.2863159179688,1500,0.0,0.0
2013-01-23 00:00:00+09:00,538.0019811293657,541.1854248046875,538.0019811293657,541.1854248046875,1000,0.0,0.0
2013-01-24 00:00:00+09:00,528.4516501034008,544.3688684800092,528.4516501034008,541.1854248046875,4500,0.0,0.0
2013-01-25 00:00:00+09:00,541.1854248046875,541.1854248046875,541.1854248046875,541.1854248046875,2000,0.0,0.0
2013-01-28 00:00:00+09:00,530.0433820241905,530.0433820241905,528.45166015625,528.45166015625,3500,0.0,0.0
2013-01-29 00:00:00+09:00,525.268310546875,525.268310546875,520.4931440873579,525.268310546875,2500,0.0,0.0
2013-01-30 00:00:00+09:00,542.7772216796875,558.6944422568045,542.7772216796875,542.7772216796875,22000,0.0,0.0
2013-01-31 00:00:00+09:00,550.7357458355783,553.919189453125,549.144024026805,553.919189453125,2000,0.0,0.0
2013-02-01 00:00:00+09:00,557.102680481133,557.102680481133,552.3275146484375,552.3275146484375,2000,0.0,0.0
2013-02-04 00:00:00+09:00,565.0614833831787,565.0614833831787,539.5939235687256,560.2863159179688,2500,0.0,0.0
2013-02-05 00:00:00+09:00,560.2863159179688,560.2863159179688,560.2863159179688,560.2863159179688,1000,0.0,0.0
2013-02-06 00:00:00+09:00,560.2861102330202,565.0612759452334,549.1440569045227,550.7357788085938,9000,0.0,0.0
2013-02-07 00:00:00+09:00,550.7358224538451,569.8364868164062,549.1441004236317,569.8364868164062,6500,0.0,0.0
2013-02-08 00:00:00+09:00,569.8363593246329,569.8363593246329,536.4102041687187,555.5108642578125,16500,0.0,0.0
2013-02-12 00:00:00+09:00,557.1027201990927,557.1027201990927,526.8600011025705,542.7772216796875,7500,0.0,0.0
2013-02-13 00:00:00+09:00,549.1441040039062,549.1441040039062,549.1441040039062,549.1441040039062,1000,0.0,0.0
2013-02-14 00:00:00+09:00,542.7771466423483,542.7771466423483,541.1854248046875,541.1854248046875,1500,0.0,0.0
2013-02-15 00:00:00+09:00,547.5523121553308,547.5523121553308,539.5937029670266,541.1854248046875,6500,0.0,0.0
2013-02-18 00:00:00+09:00,541.1854248046875,541.1854248046875,541.1854248046875,541.1854248046875,1500,0.0,0.0
2013-02-19 00:00:00+09:00,541.1854248046875,541.1854248046875,541.1854248046875,541.1854248046875,1500,0.0,0.0
2013-02-20 00:00:00+09:00,547.5523681640625,547.5523681640625,547.5523681640625,547.5523681640625,500,0.0,0.0
2013-02-21 00:00:00+09:00,549.1441040039062,549.1441040039062,549.1441040039062,549.1441040039062,1000,0.0,0.0
2013-02-22 00:00:00+09:00,549.1441040039062,549.1441040039062,549.1441040039062,549.1441040039062,500,0.0,0.0
2013-02-25 00:00:00+09:00,549.1440339929917,549.1440339929917,541.1854248046875,541.1854248046875,2500,0.0,0.0
2013-02-26 00:00:00+09:00,541.1854248046875,541.1854248046875,541.1854248046875,541.1854248046875,500,0.0,0.0
2013-02-27 00:00:00+09:00,541.1854248046875,541.1854248046875,541.1854248046875,541.1854248046875,500,0.0,0.0
2013-02-28 00:00:00+09:00,545.9606461635856,547.5523681640625,541.1854801621548,547.5523681640625,2500,0.0,0.0
2013-03-01 00:00:00+09:00,547.5523819633153,549.1441040039062,547.5523819633153,549.1441040039062,2500,0.0,0.0
2013-03-04 00:00:00+09:00,557.1027221679688,557.1027221679688,557.1027221679688,557.1027221679688,6500,0.0,0.0
2013-03-05 00:00:00+09:00,557.1027299048195,565.0613403320312,552.3275636484925,565.0613403320312,6500,0.0,0.0
2013-03-06 00:00:00+09:00,565.0613877463476,569.836554403359,563.4696655273438,563.4696655273438,8000,0.0,0.0
2013-03-07 00:00:00+09:00,563.4695986955525,569.8364868164062,561.877876665339,569.8364868164062,29500,0.0,0.0
2013-03-08 00:00:00+09:00,569.8365204200317,577.7951310404231,566.653076171875,566.653076171875,2000,0.0,0.0
2013-03-11 00:00:00+09:00,576.2033749372599,576.2033749372599,569.8364868164062,569.8364868164062,5500,0.0,0.0
2013-03-12 00:00:00+09:00,579.3868484290311,588.9371810954437,579.3868484290311,587.345458984375,5000,0.0,0.0
2013-03-13 00:00:00+09:00,587.3454291487539,587.3454291487539,569.8364868164062,569.8364868164062,3500,0.0,0.0
2013-03-14 00:00:00+09:00,574.6116943359375,579.3868607708622,574.6116943359375,574.6116943359375,2500,0.0,0.0
2013-03-15 00:00:00+09:00,582.5701904296875,582.5701904296875,577.7950249343622,582.5701904296875,7000,0.0,0.0
2013-03-18 00:00:00+09:00,584.1619122614626,593.7122432521132,580.9784685979124,582.5701904296875,6500,0.0,0.0
2013-03-19 00:00:00+09:00,593.7122097844663,595.3039315265158,585.7536010742188,585.7536010742188,7000,0.0,0.0
2013-03-21 00:00:00+09:00,592.1205253906251,596.8956909179688,590.528803548177,596.8956909179688,6500,0.0,0.0
2013-03-22 00:00:00+09:00,592.1205996249585,598.4874877929688,588.9371555409533,598.4874877929688,5500,0.0,0.0
2013-03-25 00:00:00+09:00,598.4874820106908,604.8543701171875,596.8957599840666,604.8543701171875,9500,0.0,0.0
2013-03-26 00:00:00+09:00,592.1205253906251,603.2625782877604,582.5701943359375,596.8956909179688,8000,0.0,0.0
2013-03-27 00:00:00+09:00,586.3671397479769,587.9869384765625,568.5493537335357,587.9869384765625,3500,13.0,0.0
2013-03-28 00:00:00+09:00,587.9868367513021,591.2264336480034,566.929456922743,568.5492553710938,6500,0.0,0.0
2013-03-29 00:00:00+09:00,570.1690673828125,570.1690673828125,570.1690673828125,570.1690673828125,1500,0.0,0.0
2013-04-01 00:00:00+09:00,570.1690470950704,575.0284423828125,565.3096518073284,575.0284423828125,4000,0.0,0.0
2013-04-02 00:00:00+09:00,566.929490928322,566.929490928322,545.8721098366987,565.3096923828125,3000,0.0,0.0
2013-04-03 00:00:00+09:00,563.689893837303,566.929490928322,563.689893837303,565.3096923828125,3500,0.0,0.0
2013-04-04 00:00:00+09:00,566.9295043945312,566.9295043945312,566.9295043945312,566.9295043945312,1500,0.0,0.0
2013-04-05 00:00:00+09:00,579.8878159466911,579.8878159466911,516.7156795726103,550.7314453125,7000,0.0,0.0
2013-04-08 00:00:00+09:00,563.6899072265625,566.9295043945312,563.6899072265625,566.9295043945312,2000,0.0,0.0
2013-04-09 00:00:00+09:00,563.689893837303,565.3096923828125,550.7315054732271,565.3096923828125,4500,0.0,0.0
2013-04-10 00:00:00+09:00,558.8305321069547,575.0285185448374,558.8305321069547,562.0701293945312,6500,0.0,0.0
2013-04-11 00:00:00+09:00,573.4086987304687,573.4086987304687,562.0701086425781,566.9295043945312,3500,0.0,0.0
2013-04-12 00:00:00+09:00,565.3097400884518,565.3097400884518,555.5909479952406,563.68994140625,2500,0.0,0.0
2013-04-15 00:00:00+09:00,565.3096923828125,566.929490928322,565.3096923828125,565.3096923828125,7500,0.0,0.0
2013-04-16 00:00:00+09:00,557.210693359375,557.210693359375,552.3512977777525,557.210693359375,4000,0.0,0.0
2013-04-17 00:00:00+09:00,557.2105737097203,573.4085555036075,557.2105737097203,571.7887573242188,20500,0.0,0.0
2013-04-18 00:00:00+09:00,587.9869076951437,587.9869076951437,549.1117402442251,562.0701293945312,7500,0.0,0.0
2013-04-19 00:00:00+09:00,575.0284423828125,575.0284423828125,575.0284423828125,575.0284423828125,500,0.0,0.0
2013-04-22 00:00:00+09:00,587.9868298167913,587.9868298167913,575.0284423828125,575.0284423828125,1000,0.0,0.0
2013-04-23 00:00:00+09:00,575.0284423828125,575.0284423828125,562.0700549488336,575.0284423828125,4500,0.0,0.0
2013-04-24 00:00:00+09:00,575.0284087023482,584.7471987085851,571.7888120336025,578.2680053710938,3500,0.0,0.0
2013-04-25 00:00:00+09:00,578.2681295460668,578.2681295460668,563.68994140625,563.68994140625,10000,0.0,0.0
2013-04-26 00:00:00+09:00,563.6899010699728,563.6899010699728,558.8305053710938,558.8305053710938,3000,0.0,0.0
2013-04-30 00:00:00+09:00,560.4503173828125,565.3097131982704,558.8305187776598,560.4503173828125,2000,0.0,0.0
2013-05-01 00:00:00+09:00,563.6898600260416,570.1690538194445,563.6898600260416,568.5492553710938,6000,0.0,0.0
2013-05-02 00:00:00+09:00,576.648173637709,583.1273665999304,576.648173637709,581.507568359375,4500,0.0,0.0
2013-05-07 00:00:00+09:00,581.5077778401468,586.3671743123485,566.9295884235414,584.7473754882812,6000,0.0,0.0
2013-05-08 00:00:00+09:00,587.9869731364158,587.9869731364158,584.7473754882812,584.7473754882812,3000,0.0,0.0
2013-05-09 00:00:00+09:00,584.747301059299,591.2264955308702,583.1275024414062,583.1275024414062,7000,0.0,0.0
2013-05-10 00:00:00+09:00,587.9869174644595,592.8463134765625,583.1275214523565,592.8463134765625,4500,0.0,0.0
2013-05-13 00:00:00+09:00,600.9451840820312,607.4243774414062,599.3253857421876,607.4243774414062,14500,0.0,0.0
2013-05-14 00:00:00+09:00,600.9452710543766,610.6640625,600.9452710543766,610.6640625,7500,0.0,0.0
2013-05-15 00:00:00+09:00,610.6640288481841,610.6640288481841,599.325439453125,599.325439453125,11000,0.0,0.0
2013-05-16 00:00:00+09:00,597.7057094886654,599.3255081593664,591.2265148058615,592.8463134765625,7000,0.0,0.0
2013-05-17 00:00:00+09:00,610.6639948967561,631.721374031127,599.3254061320948,617.1431884765625,18000,0.0,0.0
2013-05-20 00:00:00+09:00,628.4818879780016,630.1016866583573,607.4245051333779,615.5234985351562,8500,0.0,0.0
2013-05-21 00:00:00+09:00,615.5234243032095,615.5234243032095,599.325439453125,599.325439453125,6000,0.0,0.0
2013-05-22 00:00:00+09:00,612.2839011744448,623.6224919369346,612.2839011744448,615.5234985351562,3500,0.0,0.0
2013-05-23 00:00:00+09:00,626.8619852480681,626.8619852480681,596.0858154296875,596.0858154296875,7500,0.0,0.0
2013-05-24 00:00:00+09:00,613.9035979561183,615.5233963676121,596.0858154296875,596.0858154296875,4500,0.0,0.0
2013-05-27 00:00:00+09:00,583.1274003742122,583.1274003742122,578.2680053710938,578.2680053710938,6000,0.0,0.0
2013-05-28 00:00:00+09:00,581.507568359375,581.507568359375,581.507568359375,581.507568359375,500,0.0,0.0
2013-05-29 00:00:00+09:00,584.747186195687,591.2263793945312,584.747186195687,591.2263793945312,4500,0.0,0.0
2013-05-30 00:00:00+09:00,591.2263793945312,591.2263793945312,591.2263793945312,591.2263793945312,4500,0.0,0.0
2013-05-31 00:00:00+09:00,591.2265183298211,615.5234985351562,591.2265183298211,615.5234985351562,3500,0.0,0.0
2013-06-03 00:00:00+09:00,591.2264336480034,591.2264336480034,528.0542941623264,553.9710693359375,7500,0.0,0.0
2013-06-04 00:00:00+09:00,553.9711017288976,579.8878784179688,547.4919075566297,579.8878784179688,4500,0.0,0.0
2013-06-05 00:00:00+09:00,566.9295043945312,566.9295043945312,566.9295043945312,566.9295043945312,500,0.0,0.0
2013-06-06 00:00:00+09:00,566.9294289981618,566.9294289981618,550.7314453125,550.7314453125,5000,0.0,0.0
2013-06-07 00:00:00+09:00,537.7730503199291,539.3928486642662,528.0542602539062,528.0542602539062,6000,0.0,0.0
2013-06-10 00:00:00+09:00,558.8305114746094,566.9295043945312,539.3929284667969,566.9295043945312,3500,0.0,0.0
2013-06-11 00:00:00+09:00,575.0284491644965,575.0284491644965,568.5492553710938,568.5492553710938,1500,0.0,0.0
2013-06-12 00:00:00+09:00,566.929511803423,566.929511803423,560.4503173828125,560.4503173828125,2500,0.0,0.0
2013-06-13 00:00:00+09:00,558.8305053710938,558.8305053710938,550.7315125396286,558.8305053710938,3500,0.0,0.0
2013-06-14 00:00:00+09:00,566.9294982025589,566.9294982025589,558.8305053710938,558.8305053710938,2500,0.0,0.0
2013-06-17 00:00:00+09:00,576.6482543945312,576.6482543945312,568.5492620575294,576.6482543945312,7500,0.0,0.0
2013-06-18 00:00:00+09:00,565.3097058105468,566.9295043945312,565.3097058105468,566.9295043945312,1000,0.0,0.0
2013-06-19 00:00:00+09:00,566.9295043945312,566.9295043945312,566.9295043945312,566.9295043945312,4000,0.0,0.0
2013-06-20 00:00:00+09:00,566.9294502365757,575.0284423828125,566.9294502365757,575.0284423828125,2000,0.0,0.0
2013-06-21 00:00:00+09:00,576.6482543945312,576.6482543945312,576.6482543945312,576.6482543945312,500,0.0,0.0
2013-06-24 00:00:00+09:00,583.1275024414062,583.1275024414062,583.1275024414062,583.1275024414062,2000,0.0,0.0
2013-06-25 00:00:00+09:00,589.6066969129774,589.6066969129774,583.1275024414062,583.1275024414062,5000,0.0,0.0
2013-06-26 00:00:00+09:00,583.1275024414062,583.1275024414062,581.5077038235135,583.1275024414062,2000,0.0,0.0
2013-06-27 00:00:00+09:00,583.1275214523565,592.8463134765625,579.8879241109546,592.8463134765625,10500,0.0,0.0
2013-06-28 00:00:00+09:00,592.8462926352896,597.7056884765625,587.9868967940167,597.7056884765625,4000,0.0,0.0
2013-07-01 00:00:00+09:00,618.762939453125,618.762939453125,618.762939453125,618.762939453125,24500,0.0,0.0
2013-07-02 00:00:00+09:00,620.3827774089428,620.3827774089428,591.226406669097,594.4660034179688,7000,0.0,0.0
2013-07-03 00:00:00+09:00,610.6640773866235,618.7630704554116,594.4660912490473,597.7056884765625,2500,0.0,0.0
2013-07-04 00:00:00+09:00,602.5650634765625,602.5650634765625,602.5650634765625,602.5650634765625,500,0.0,0.0
2013-07-05 00:00:00+09:00,602.5650634765625,602.5650634765625,602.5650634765625,602.5650634765625,500,0.0,0.0
2013-07-08 00:00:00+09:00,607.424445550718,607.424445550718,600.9452514648438,600.9452514648438,1000,0.0,0.0
2013-07-09 00:00:00+09:00,599.3254191626173,604.184814453125,599.3254191626173,604.184814453125,1500,0.0,0.0
2013-07-10 00:00:00+09:00,607.4244861296792,607.4244861296792,605.8046875,605.8046875,2000,0.0,0.0
2013-07-11 00:00:00+09:00,607.4244113134635,607.4244113134635,604.184814453125,604.184814453125,1000,0.0,0.0
2013-07-12 00:00:00+09:00,604.1848485077809,604.1848485077809,600.9452514648438,600.9452514648438,4500,0.0,0.0
2013-07-16 00:00:00+09:00,618.762939453125,618.762939453125,618.762939453125,618.762939453125,8000,0.0,0.0
2013-07-17 00:00:00+09:00,605.8046875,605.8046875,605.8046875,605.8046875,1000,0.0,0.0
2013-07-18 00:00:00+09:00,615.5234985351562,615.5234985351562,615.5234985351562,615.5234985351562,500,0.0,0.0
2013-07-19 00:00:00+09:00,610.6640490268139,610.6640490268139,609.0442504882812,609.0442504882812,1000,0.0,0.0
2013-07-22 00:00:00+09:00,609.0442097436327,609.0442097436327,604.184814453125,604.184814453125,2000,0.0,0.0
2013-07-23 00:00:00+09:00,609.0441969651442,631.7213745117188,609.0441969651442,631.7213745117188,6000,0.0,0.0
2013-07-24 00:00:00+09:00,631.7213745117188,631.7213745117188,631.7213745117188,631.7213745117188,2000,0.0,0.0
2013-07-25 00:00:00+09:00,644.6797755404812,644.6797755404812,633.3411865234375,633.3411865234375,14000,0.0,0.0
2013-07-26 00:00:00+09:00,633.3411865234375,633.3411865234375,633.3411865234375,633.3411865234375,0,0.0,0.0
2013-07-29 00:00:00+09:00,609.0442303631756,609.0442303631756,599.325439453125,599.325439453125,1000,0.0,0.0
2013-07-30 00:00:00+09:00,576.6483354048296,623.6224975585938,576.6483354048296,623.6224975585938,1000,0.0,0.0
2013-07-31 00:00:00+09:00,623.6224975585938,623.6224975585938,623.6224975585938,623.6224975585938,500,0.0,0.0
2013-08-01 00:00:00+09:00,623.6224975585938,623.6224975585938,623.6224975585938,623.6224975585938,0,0.0,0.0
2013-08-02 00:00:00+09:00,628.4818879780016,628.4818879780016,615.5234985351562,615.5234985351562,1500,0.0,0.0
2013-08-05 00:00:00+09:00,597.7056884765625,600.9452857040777,597.7056884765625,597.7056884765625,1500,0.0,0.0
2013-08-06 00:00:00+09:00,584.7473201230575,592.8463134765625,584.7473201230575,592.8463134765625,1500,0.0,0.0
2013-08-07 00:00:00+09:00,587.9869384765625,587.9869384765625,587.9869384765625,587.9869384765625,500,0.0,0.0
2013-08-08 00:00:00+09:00,607.4244786822607,612.2838745117188,607.4244786822607,612.2838745117188,1000,0.0,0.0
2013-08-09 00:00:00+09:00,615.5234717313575,615.5234717313575,612.2838745117188,612.2838745117188,1500,0.0,0.0
2013-08-12 00:00:00+09:00,602.5650634765625,602.5650634765625,602.5650634765625,602.5650634765625,500,0.0,0.0
2013-08-13 00:00:00+09:00,609.0442300358675,615.5234239724192,609.0442300358675,613.9036254882812,3000,0.0,0.0
2013-08-14 00:00:00+09:00,626.861979323167,631.7213745117188,626.861979323167,631.7213745117188,7000,0.0,0.0
2013-08-15 00:00:00+09:00,630.1016170183817,634.9610125223795,622.0026245117188,622.0026245117188,8000,0.0,0.0
2013-08-16 00:00:00+09:00,625.242201063368,626.8619995117188,625.242201063368,626.8619995117188,1000,0.0,0.0
2013-08-19 00:00:00+09:00,630.1015761155348,631.7213745117188,630.1015761155348,631.7213745117188,2000,0.0,0.0
2013-08-20 00:00:00+09:00,631.7214910333806,631.7214910333806,623.6224975585938,623.6224975585938,1000,0.0,0.0
2013-08-21 00:00:00+09:00,625.2421875,625.2421875,625.2421875,625.2421875,1000,0.0,0.0
2013-08-22 00:00:00+09:00,623.6224975585938,623.6224975585938,623.6224975585938,623.6224975585938,1000,0.0,0.0
2013-08-23 00:00:00+09:00,623.6224094321149,630.1016032963446,620.3828125,620.3828125,3000,0.0,0.0
2013-08-26 00:00:00+09:00,622.0026245117188,622.0026245117188,622.0026245117188,622.0026245117188,500,0.0,0.0
2013-08-27 00:00:00+09:00,609.0442232375979,620.3828125,609.0442232375979,620.3828125,3000,0.0,0.0
2013-08-28 00:00:00+09:00,620.3828125,620.3828125,620.3828125,620.3828125,0,0.0,0.0
2013-08-29 00:00:00+09:00,620.3828125,620.3828125,620.3828125,620.3828125,0,0.0,0.0
2013-08-30 00:00:00+09:00,620.3828260103861,622.0026245117188,620.3828260103861,622.0026245117188,1500,0.0,0.0
2013-09-02 00:00:00+09:00,612.283906693892,623.6224975585938,612.283906693892,623.6224975585938,3500,0.0,0.0
2013-09-03 00:00:00+09:00,623.6223690552699,630.1015625,623.6223690552699,630.1015625,1500,0.0,0.0
2013-09-04 00:00:00+09:00,617.1431884765625,617.1431884765625,617.1431884765625,617.1431884765625,1500,0.0,0.0
2013-09-05 00:00:00+09:00,618.762939453125,618.762939453125,618.762939453125,618.762939453125,500,0.0,0.0
2013-09-06 00:00:00+09:00,618.762939453125,618.762939453125,618.762939453125,618.762939453125,500,0.0,0.0
2013-09-09 00:00:00+09:00,628.4818650849011,634.9610595703125,628.4818650849011,634.9610595703125,3500,0.0,0.0
2013-09-10 00:00:00+09:00,625.242201063368,626.8619995117188,625.242201063368,626.8619995117188,1000,0.0,0.0
2013-09-11 00:00:00+09:00,639.8204688928813,639.8204688928813,634.9610729266062,636.5808715820312,6500,0.0,0.0
2013-09-12 00:00:00+09:00,649.539247162488,654.3986430265466,634.9610595703125,634.9610595703125,5500,0.0,0.0
2013-09-13 00:00:00+09:00,641.4402675483063,641.4402675483063,636.5808715820312,636.5808715820312,2000,0.0,0.0
2013-09-17 00:00:00+09:00,665.7371622721354,665.7371622721354,651.1589762369791,656.0183715820312,8000,0.0,0.0
2013-09-18 00:00:00+09:00,660.8777532294245,660.8777532294245,654.3985595703125,654.3985595703125,1000,0.0,0.0
2013-09-19 00:00:00+09:00,652.77880859375,652.77880859375,652.77880859375,652.77880859375,2500,0.0,0.0
2013-09-20 00:00:00+09:00,654.3985595703125,654.3985595703125,654.3985595703125,654.3985595703125,500,0.0,0.0
2013-09-24 00:00:00+09:00,654.3985595703125,654.3985595703125,654.3985595703125,654.3985595703125,0,0.0,0.0
2013-09-25 00:00:00+09:00,649.5391708334998,649.5391708334998,631.7213880924313,633.3411865234375,5500,0.0,0.0
2013-09-26 00:00:00+09:00,630.1016431591179,639.8204345703125,630.1016431591179,639.8204345703125,4500,0.0,0.0
2013-09-27 00:00:00+09:00,634.9609849544438,634.9609849544438,630.1015896614251,633.3411865234375,3000,0.0,0.0
2013-09-30 00:00:00+09:00,630.1016170183817,630.1016170183817,622.0026245117188,622.0026245117188,2500,0.0,0.0
2013-10-01 00:00:00+09:00,625.2422962535511,626.8620949485086,617.1433027787642,623.6224975585938,5500,0.0,0.0
2013-10-02 00:00:00+09:00,649.5391573415961,649.5391573415961,646.299560546875,646.299560546875,2000,0.0,0.0
2013-10-03 00:00:00+09:00,646.299560546875,646.299560546875,646.299560546875,646.299560546875,0,0.0,0.0
2013-10-04 00:00:00+09:00,646.299560546875,646.299560546875,646.299560546875,646.299560546875,0,0.0,0.0
2013-10-07 00:00:00+09:00,633.3411729079027,633.3411729079027,631.7213745117188,631.7213745117188,1000,0.0,0.0
2013-10-08 00:00:00+09:00,620.3829001686789,623.6224975585938,620.3829001686789,623.6224975585938,2000,0.0,0.0
2013-10-09 00:00:00+09:00,639.8204345703125,639.8204345703125,639.8204345703125,639.8204345703125,3500,0.0,0.0
2013-10-10 00:00:00+09:00,639.8204345703125,639.8204345703125,639.8204345703125,639.8204345703125,0,0.0,0.0
2013-10-11 00:00:00+09:00,636.5808435058593,647.91943359375,636.5808435058593,647.91943359375,2500,0.0,0.0
2013-10-15 00:00:00+09:00,647.91943359375,647.91943359375,647.91943359375,647.91943359375,3500,0.0,0.0
2013-10-16 00:00:00+09:00,647.91943359375,647.91943359375,647.91943359375,647.91943359375,500,0.0,0.0
2013-10-17 00:00:00+09:00,646.299560546875,646.299560546875,646.299560546875,646.299560546875,1500,0.0,0.0
2013-10-18 00:00:00+09:00,647.9194485411351,647.9194485411351,634.9610595703125,634.9610595703125,2000,0.0,0.0
2013-10-21 00:00:00+09:00,647.91943359375,647.91943359375,647.91943359375,647.91943359375,1000,0.0,0.0
2013-10-22 00:00:00+09:00,647.9194274129748,647.9194274129748,639.8204345703125,639.8204345703125,1000,0.0,0.0
2013-10-23 00:00:00+09:00,639.8204406738281,647.91943359375,639.8204406738281,647.91943359375,1500,0.0,0.0
2013-10-24 00:00:00+09:00,647.91943359375,647.91943359375,647.91943359375,647.91943359375,1500,0.0,0.0
2013-10-25 00:00:00+09:00,638.2005615234375,638.2005615234375,638.2005615234375,638.2005615234375,2000,0.0,0.0
2013-10-28 00:00:00+09:00,639.8204345703125,639.8204345703125,639.8204345703125,639.8204345703125,500,0.0,0.0
2013-10-29 00:00:00+09:00,636.5808715820312,636.5808715820312,636.5808715820312,636.5808715820312,1500,0.0,0.0
2013-10-30 00:00:00+09:00,636.5808715820312,636.5808715820312,636.5808715820312,636.5808715820312,0,0.0,0.0
2013-10-31 00:00:00+09:00,638.2005615234375,638.2005615234375,638.2005615234375,638.2005615234375,500,0.0,0.0
2013-11-01 00:00:00+09:00,638.2005615234375,638.2005615234375,638.2005615234375,638.2005615234375,4500,0.0,0.0
2013-11-05 00:00:00+09:00,646.2996350097656,647.91943359375,646.2996350097656,647.91943359375,4500,0.0,0.0
2013-11-06 00:00:00+09:00,647.91943359375,647.91943359375,647.91943359375,647.91943359375,0,0.0,0.0
2013-11-07 00:00:00+09:00,647.91943359375,647.91943359375,647.91943359375,647.91943359375,3500,0.0,0.0
2013-11-08 00:00:00+09:00,647.91943359375,647.91943359375,647.91943359375,647.91943359375,0,0.0,0.0
2013-11-11 00:00:00+09:00,647.9193589442356,647.9193589442356,646.299560546875,646.299560546875,5500,0.0,0.0
2013-11-12 00:00:00+09:00,647.9194485411351,647.9194485411351,634.9610595703125,634.9610595703125,4500,0.0,0.0
2013-11-13 00:00:00+09:00,631.7213745117188,631.7213745117188,631.7213745117188,631.7213745117188,500,0.0,0.0
2013-11-14 00:00:00+09:00,639.8204140207876,644.6798095703125,639.8204140207876,644.6798095703125,1500,0.0,0.0
2013-11-15 00:00:00+09:00,657.6381905778724,657.6381905778724,638.200608590349,651.1589965820312,6500,0.0,0.0
2013-11-18 00:00:00+09:00,651.1589965820312,651.1589965820312,638.200608590349,651.1589965820312,10000,0.0,0.0
2013-11-19 00:00:00+09:00,639.8204070893094,651.1589965820312,639.8204070893094,651.1589965820312,2500,0.0,0.0
2013-11-20 00:00:00+09:00,649.5391980830709,651.1589965820312,643.0600040872299,651.1589965820312,3500,0.0,0.0
2013-11-21 00:00:00+09:00,656.0184857431426,662.4976806640625,656.0184857431426,662.4976806640625,2000,0.0,0.0
2013-11-22 00:00:00+09:00,660.8778076171875,662.4976061652688,659.2580090691062,660.8778076171875,3000,0.0,0.0
2013-11-25 00:00:00+09:00,668.9768003575942,668.9768003575942,660.8778076171875,660.8778076171875,4500,0.0,0.0
2013-11-26 00:00:00+09:00,656.0183715820312,656.0183715820312,656.0183715820312,656.0183715820312,2000,0.0,0.0
2013-11-27 00:00:00+09:00,656.0183715820312,656.0183715820312,656.0183715820312,656.0183715820312,2500,0.0,0.0
2013-11-28 00:00:00+09:00,656.0183715820312,656.0183715820312,656.0183715820312,656.0183715820312,1500,0.0,0.0
2013-11-29 00:00:00+09:00,656.0183715820312,656.0183715820312,656.0183715820312,656.0183715820312,1500,0.0,0.0
2013-12-02 00:00:00+09:00,656.0183715820312,656.0183715820312,656.0183715820312,656.0183715820312,0,0.0,0.0
2013-12-03 00:00:00+09:00,662.4976330268673,664.117431640625,662.4976330268673,664.117431640625,3000,0.0,0.0
2013-12-04 00:00:00+09:00,657.6381225585938,660.877719221444,657.6381225585938,657.6381225585938,3000,0.0,0.0
2013-12-05 00:00:00+09:00,657.6381225585938,657.6381225585938,657.6381225585938,657.6381225585938,2500,0.0,0.0
2013-12-06 00:00:00+09:00,668.9767866954757,668.9767866954757,659.2579956054688,659.2579956054688,3500,0.0,0.0
2013-12-09 00:00:00+09:00,659.2579956054688,659.2579956054688,659.2579956054688,659.2579956054688,500,0.0,0.0
2013-12-10 00:00:00+09:00,659.2580357993521,664.117431640625,659.2580357993521,664.117431640625,3500,0.0,0.0
2013-12-11 00:00:00+09:00,662.4974914994136,668.9766845703125,662.4974914994136,668.9766845703125,3500,0.0,0.0
2013-12-12 00:00:00+09:00,664.1172897671383,668.9766845703125,662.4974914994136,668.9766845703125,1500,0.0,0.0
2013-12-13 00:00:00+09:00,664.1173841193355,665.7371826171875,659.2579886257794,665.7371826171875,14000,0.0,0.0
2013-12-16 00:00:00+09:00,665.7371142157192,667.3569125471444,657.6381225585938,657.6381225585938,11000,0.0,0.0
2013-12-17 00:00:00+09:00,657.6381225585938,659.2579208900188,657.6381225585938,657.6381225585938,3000,0.0,0.0
2013-12-18 00:00:00+09:00,657.6381225585938,657.6381225585938,656.0183242271686,657.6381225585938,6500,0.0,0.0
2013-12-19 00:00:00+09:00,657.6382371855944,664.117431640625,657.6382371855944,664.117431640625,1500,0.0,0.0
2013-12-20 00:00:00+09:00,664.117431640625,664.117431640625,664.117431640625,664.117431640625,2500,0.0,0.0
2013-12-24 00:00:00+09:00,664.117431640625,667.3570288681402,664.117431640625,664.117431640625,12000,0.0,0.0
2013-12-25 00:00:00+09:00,664.117431640625,664.117431640625,656.0184385718369,664.117431640625,8500,0.0,0.0
2013-12-26 00:00:00+09:00,664.117431640625,664.117431640625,664.117431640625,664.117431640625,0,0.0,0.0
2013-12-27 00:00:00+09:00,664.117431640625,664.117431640625,664.117431640625,664.117431640625,0,0.0,0.0
2013-12-30 00:00:00+09:00,672.2162811057619,672.2162811057619,667.3568863025878,668.9766845703125,1500,0.0,0.0
2014-01-06 00:00:00+09:00,670.5964828380372,670.5964828380372,668.9766845703125,668.9766845703125,2500,0.0,0.0
2014-01-07 00:00:00+09:00,672.2163358180643,675.4559326171875,667.3569406193795,675.4559326171875,9000,0.0,0.0
2014-01-08 00:00:00+09:00,681.9351196289062,681.9351196289062,681.9351196289062,681.9351196289062,2500,0.0,0.0
2014-01-09 00:00:00+09:00,683.5549727219802,683.5549727219802,668.9767860999475,673.836181640625,5000,0.0,0.0
2014-01-10 00:00:00+09:00,681.9351467556423,685.1747436523438,681.9351467556423,685.1747436523438,3000,0.0,0.0
2014-01-14 00:00:00+09:00,688.414306640625,691.6539033777574,688.414306640625,688.414306640625,2500,0.0,0.0
2014-01-15 00:00:00+09:00,688.414306640625,688.414306640625,688.414306640625,688.414306640625,5500,0.0,0.0
2014-01-16 00:00:00+09:00,688.414306640625,688.414306640625,688.414306640625,688.414306640625,2000,0.0,0.0
2014-01-17 00:00:00+09:00,693.273708893532,696.5133056640625,691.6539105082667,696.5133056640625,4500,0.0,0.0
2014-01-20 00:00:00+09:00,699.753036221591,712.71142578125,699.753036221591,712.71142578125,2500,0.0,0.0
2014-01-21 00:00:00+09:00,724.0499730372167,737.0083618164062,724.0499730372167,737.0083618164062,6500,0.0,0.0
2014-01-22 00:00:00+09:00,733.7687237588548,746.7271118164062,728.9093282372729,746.7271118164062,5000,0.0,0.0
2014-01-23 00:00:00+09:00,749.9666952381964,749.9666952381964,745.1072998046875,745.1072998046875,6000,0.0,0.0
2014-01-24 00:00:00+09:00,754.8261463877919,754.8261463877919,737.0083618164062,737.0083618164062,4500,0.0,0.0
2014-01-27 00:00:00+09:00,737.0082939995659,737.0082939995659,724.0499064127604,728.9093017578125,5500,0.0,0.0
2014-01-28 00:00:00+09:00,728.9092430701622,758.0656127929688,728.9092430701622,758.0656127929688,5500,0.0,0.0
2014-01-29 00:00:00+09:00,758.0657422295932,758.0657422295932,748.3469506625471,751.5865478515625,2000,0.0,0.0
2014-01-30 00:00:00+09:00,741.8677562845164,754.8261450405779,702.9925900163322,751.5865478515625,13500,0.0,0.0
2014-01-31 00:00:00+09:00,749.9666124251445,751.5864107241189,735.388427734375,735.388427734375,8500,0.0,0.0
2014-02-03 00:00:00+09:00,724.0500166459517,724.0500166459517,712.71142578125,712.71142578125,7000,0.0,0.0
2014-02-04 00:00:00+09:00,702.9925265842014,702.9925265842014,670.5965576171875,699.7529296875,7500,0.0,0.0
2014-02-05 00:00:00+09:00,688.4144420355138,702.9926302197953,688.4144420355138,690.0342407226562,2000,0.0,0.0
2014-02-06 00:00:00+09:00,690.0341523414946,701.3727416992188,690.0341523414946,701.3727416992188,1000,0.0,0.0
2014-02-07 00:00:00+09:00,701.372831532653,701.372831532653,690.0342407226562,690.0342407226562,2000,0.0,0.0
2014-02-10 00:00:00+09:00,704.6123046875,706.2321030890805,704.6123046875,704.6123046875,3000,0.0,0.0
2014-02-12 00:00:00+09:00,704.6124323064631,720.810419256037,699.753036221591,712.71142578125,6500,0.0,0.0
2014-02-13 00:00:00+09:00,712.7113104304042,715.950907295997,706.2321166992188,706.2321166992188,2500,0.0,0.0
2014-02-14 00:00:00+09:00,704.6123182664223,706.2321166992188,704.6123182664223,706.2321166992188,2500,0.0,0.0
2014-02-17 00:00:00+09:00,709.4717407226562,711.0915392174568,709.4717407226562,709.4717407226562,6000,0.0,0.0
2014-02-18 00:00:00+09:00,702.9925062859196,704.6123046875,702.9925062859196,704.6123046875,1500,0.0,0.0
2014-02-19 00:00:00+09:00,704.6122917364736,717.5706787109375,699.7528966210497,717.5706787109375,2000,0.0,0.0
2014-02-20 00:00:00+09:00,704.6124323064631,712.71142578125,704.6124323064631,712.71142578125,1000,0.0,0.0
2014-02-21 00:00:00+09:00,704.6123184032654,720.810302734375,704.6123184032654,720.810302734375,1500,0.0,0.0
2014-02-24 00:00:00+09:00,711.0915929181543,715.9509887695312,707.851995683903,715.9509887695312,5500,0.0,0.0
2014-02-25 00:00:00+09:00,715.9509887695312,715.9509887695312,715.9509887695312,715.9509887695312,2500,0.0,0.0
2014-02-26 00:00:00+09:00,709.4717535291398,725.6697387695312,709.4717535291398,725.6697387695312,6500,0.0,0.0
2014-02-27 00:00:00+09:00,712.7112971125422,719.1904907226562,712.7112971125422,719.1904907226562,1500,0.0,0.0
2014-02-28 00:00:00+09:00,707.8519151320152,707.8519151320152,706.2321166992188,706.2321166992188,2000,0.0,0.0
2014-03-03 00:00:00+09:00,706.232095975654,706.232095975654,696.5133056640625,696.5133056640625,5000,0.0,0.0
2014-03-04 00:00:00+09:00,702.9925062859196,704.6123046875,701.3727078843391,704.6123046875,2500,0.0,0.0
2014-03-05 00:00:00+09:00,704.6122710273795,707.8518676757812,704.6122710273795,707.8518676757812,1500,0.0,0.0
2014-03-06 00:00:00+09:00,704.6123046875,709.4716998922414,704.6123046875,704.6123046875,2000,0.0,0.0
2014-03-07 00:00:00+09:00,704.6123522217922,720.810337330339,701.3727552000828,702.9925537109375,24500,0.0,0.0
2014-03-10 00:00:00+09:00,702.992519833626,725.6696978927753,702.992519833626,706.2321166992188,10500,0.0,0.0
2014-03-11 00:00:00+09:00,706.2321166992188,712.7113104304042,706.2321166992188,706.2321166992188,5000,0.0,0.0
2014-03-12 00:00:00+09:00,712.71142578125,712.71142578125,704.6124323064631,712.71142578125,11000,0.0,0.0
2014-03-13 00:00:00+09:00,712.7113512599658,725.6697394646925,706.2321571576025,711.091552734375,7000,0.0,0.0
2014-03-14 00:00:00+09:00,711.0915929181543,715.9509887695312,706.2321970667774,715.9509887695312,4500,0.0,0.0
2014-03-17 00:00:00+09:00,706.2321507326468,706.2321507326468,702.9925537109375,702.9925537109375,4500,0.0,0.0
2014-03-18 00:00:00+09:00,704.6123182664223,707.8519151320152,704.6123182664223,706.2321166992188,1500,0.0,0.0
2014-03-19 00:00:00+09:00,704.6123046875,704.6123046875,704.6123046875,704.6123046875,2000,0.0,0.0
2014-03-20 00:00:00+09:00,704.6123046875,704.6123046875,698.1331110811782,704.6123046875,5000,0.0,0.0
2014-03-24 00:00:00+09:00,704.6123729449138,704.6123729449138,698.1331787109375,698.1331787109375,5000,0.0,0.0
2014-03-25 00:00:00+09:00,696.5133874254427,702.9925817270748,691.6539916992188,691.6539916992188,4500,0.0,0.0
2014-03-26 00:00:00+09:00,694.8935888500348,696.5133874254427,690.0341931238107,691.6539916992188,7500,0.0,0.0
2014-03-27 00:00:00+09:00,671.0935668945312,677.6729155895757,667.803892547009,671.0935668945312,4000,13.0,0.0
2014-03-28 00:00:00+09:00,662.8692626953125,662.8692626953125,662.8692626953125,662.8692626953125,1500,0.0,0.0
2014-03-31 00:00:00+09:00,667.8037724247686,667.8037724247686,666.158935546875,666.158935546875,4500,0.0,0.0
2014-04-01 00:00:00+09:00,667.8038306259527,674.3831787109375,667.8038306259527,674.3831787109375,2500,0.0,0.0
2014-04-02 00:00:00+09:00,687.5418718820595,687.5418718820595,682.6073608398438,682.6073608398438,1000,0.0,0.0
2014-04-03 00:00:00+09:00,680.9625244140625,680.9625244140625,680.9625244140625,680.9625244140625,500,0.0,0.0
2014-04-04 00:00:00+09:00,676.0279541015625,676.0279541015625,676.0279541015625,676.0279541015625,2500,0.0,0.0
2014-04-07 00:00:00+09:00,671.0934452741093,677.6727927767967,669.4486083984375,669.4486083984375,4000,0.0,0.0
2014-04-08 00:00:00+09:00,669.4486083984375,669.4486083984375,669.4486083984375,669.4486083984375,0,0.0,0.0
2014-04-09 00:00:00+09:00,679.3176278441492,684.2521384580292,676.0279541015625,676.0279541015625,3000,0.0,0.0
2014-04-10 00:00:00+09:00,676.0279541015625,676.0279541015625,676.0279541015625,676.0279541015625,0,0.0,0.0
2014-04-11 00:00:00+09:00,677.672849797628,682.6073608398438,677.672849797628,682.6073608398438,2500,0.0,0.0
2014-04-14 00:00:00+09:00,682.6073608398438,682.6073608398438,682.6073608398438,682.6073608398438,0,0.0,0.0
2014-04-15 00:00:00+09:00,690.8316040039062,694.1212783086868,690.8316040039062,690.8316040039062,9000,0.0,0.0
2014-04-16 00:00:00+09:00,694.1212768554688,694.1212768554688,694.1212768554688,694.1212768554688,500,0.0,0.0
2014-04-17 00:00:00+09:00,694.1212768554688,694.1212768554688,694.1212768554688,694.1212768554688,0,0.0,0.0
2014-04-18 00:00:00+09:00,694.1212711777798,707.2799682617188,694.1212711777798,707.2799682617188,2000,0.0,0.0
2014-04-21 00:00:00+09:00,697.4109440556279,710.5696411132812,697.4109440556279,710.5696411132812,1000,0.0,0.0
2014-04-22 00:00:00+09:00,702.3453945662078,712.2144165039062,699.055720586975,712.2144165039062,2000,0.0,0.0
2014-04-23 00:00:00+09:00,703.9902968429063,703.9902968429063,700.7006225585938,700.7006225585938,1000,0.0,0.0
2014-04-24 00:00:00+09:00,700.7006225585938,710.5696454115316,697.410948274281,700.7006225585938,4500,0.0,0.0
2014-04-25 00:00:00+09:00,700.7006225585938,700.7006225585938,700.7006225585938,700.7006225585938,1500,0.0,0.0
2014-04-28 00:00:00+09:00,694.1212739899685,700.7006225585938,694.1212739899685,700.7006225585938,2000,0.0,0.0
2014-04-30 00:00:00+09:00,694.1211552200862,694.1211552200862,692.476318359375,692.476318359375,1000,0.0,0.0
2014-05-01 00:00:00+09:00,692.476318359375,692.476318359375,692.476318359375,692.476318359375,0,0.0,0.0
2014-05-02 00:00:00+09:00,694.1212754159603,697.4109497070312,674.383229669535,697.4109497070312,3000,0.0,0.0
2014-05-07 00:00:00+09:00,694.1212199383472,694.1212199383472,682.6073608398438,682.6073608398438,1500,0.0,0.0
2014-05-08 00:00:00+09:00,684.2521978539156,684.2521978539156,682.6073608398438,682.6073608398438,1000,0.0,0.0
2014-05-09 00:00:00+09:00,674.3831823367883,674.3831823367883,656.2899750058014,664.51416015625,16500,0.0,0.0
2014-05-12 00:00:00+09:00,669.4486083984375,669.4486083984375,669.4486083984375,669.4486083984375,500,0.0,0.0
2014-05-13 00:00:00+09:00,666.1589971863398,666.1589971863398,664.51416015625,664.51416015625,3000,0.0,0.0
2014-05-14 00:00:00+09:00,676.028012783556,682.6073608398438,676.028012783556,682.6073608398438,4500,0.0,0.0
2014-05-15 00:00:00+09:00,677.6728503830767,680.9625244140625,664.5141542591334,680.9625244140625,10500,0.0,0.0
2014-05-16 00:00:00+09:00,674.3831734668668,689.1867065429688,674.3831734668668,689.1867065429688,2500,0.0,0.0
2014-05-19 00:00:00+09:00,694.1211596857893,694.1211596857893,676.0279541015625,676.0279541015625,5500,0.0,0.0
2014-05-20 00:00:00+09:00,689.1867065429688,689.1867065429688,689.1867065429688,689.1867065429688,500,0.0,0.0
2014-05-21 00:00:00+09:00,676.0279559011249,676.0279559011249,669.4486083984375,669.4486083984375,3500,0.0,0.0
2014-05-22 00:00:00+09:00,667.8038783563632,703.9902954101562,667.8038783563632,703.9902954101562,10000,0.0,0.0
2014-05-23 00:00:00+09:00,703.9902954101562,703.9902954101562,694.1212725773037,703.9902954101562,7500,0.0,0.0
2014-05-26 00:00:00+09:00,702.3454582713475,713.8593182430089,695.7661097161124,703.9902954101562,7500,0.0,0.0
2014-05-27 00:00:00+09:00,703.9902326756453,720.4386025979735,703.9902326756453,708.9247436523438,10000,0.0,0.0
2014-05-28 00:00:00+09:00,708.9248053972111,710.5696425327035,707.2799682617188,707.2799682617188,6500,0.0,0.0
2014-05-29 00:00:00+09:00,707.2800242572749,717.1490478515625,707.2800242572749,717.1490478515625,1500,0.0,0.0
2014-05-30 00:00:00+09:00,717.1489286135078,723.7282765824391,708.9247436523438,708.9247436523438,5500,0.0,0.0
2014-06-02 00:00:00+09:00,715.5041525099012,715.5041525099012,710.5696411132812,710.5696411132812,2500,0.0,0.0
2014-06-03 00:00:00+09:00,720.4386014519883,720.4386014519883,712.2144165039062,712.2144165039062,3000,0.0,0.0
2014-06-04 00:00:00+09:00,712.2144187802757,728.6627887290118,702.345396811034,705.6350708007812,14500,0.0,0.0
2014-06-05 00:00:00+09:00,705.6350674333244,715.5040893554688,703.9902304463003,715.5040893554688,5500,0.0,0.0
2014-06-06 00:00:00+09:00,712.2144165039062,712.2144165039062,710.5695795142899,712.2144165039062,4000,0.0,0.0
2014-06-09 00:00:00+09:00,712.2144199344536,712.2144199344536,695.7660499590621,702.3453979492188,12500,0.0,0.0
2014-06-10 00:00:00+09:00,700.7006211325387,707.2799696877738,700.7006211325387,703.9902954101562,3000,0.0,0.0
2014-06-11 00:00:00+09:00,703.9902968429063,703.9902968429063,699.0557854164374,700.7006225585938,9500,0.0,0.0
2014-06-12 00:00:00+09:00,703.990293990734,707.2799682617188,703.990293990734,707.2799682617188,2500,0.0,0.0
2014-06-13 00:00:00+09:00,702.3454568552417,712.2144796681958,702.3454568552417,707.2799682617188,11000,0.0,0.0
2014-06-16 00:00:00+09:00,703.9902338059076,705.6350708007812,702.345396811034,705.6350708007812,11000,0.0,0.0
2014-06-17 00:00:00+09:00,707.2799668488678,710.5696411132812,707.2799668488678,710.5696411132812,4500,0.0,0.0
2014-06-18 00:00:00+09:00,708.9247414073725,715.5040893554688,708.9247414073725,715.5040893554688,3500,0.0,0.0
2014-06-19 00:00:00+09:00,720.4386589728076,722.08349609375,715.5041476099801,722.08349609375,7000,0.0,0.0
2014-06-20 00:00:00+09:00,723.7283381709345,723.7283381709345,710.5696411132812,710.5696411132812,2000,0.0,0.0
2014-06-23 00:00:00+09:00,715.5041483003799,720.4386596679688,715.5041483003799,720.4386596679688,2000,0.0,0.0
2014-06-24 00:00:00+09:00,723.7283224587912,753.3353901957418,723.7283224587912,748.40087890625,6000,0.0,0.0
2014-06-25 00:00:00+09:00,740.1766335911688,748.4008184088484,735.2421227005609,746.7559814453125,6500,0.0,0.0
2014-06-26 00:00:00+09:00,753.3353875187228,754.980224609375,751.6905504280705,754.980224609375,5500,0.0,0.0
2014-06-27 00:00:00+09:00,756.6250577536963,773.0734285744288,756.6250577536963,764.8492431640625,14500,0.0,0.0
2014-06-30 00:00:00+09:00,774.7182623680602,779.6527735933345,773.0734252929688,773.0734252929688,9500,0.0,0.0
2014-07-01 00:00:00+09:00,799.3908025568182,814.1943359375,799.3908025568182,814.1943359375,29000,0.0,0.0
2014-07-02 00:00:00+09:00,815.8391582782452,865.1842686579778,815.8391582782452,855.3152465820312,16500,0.0,0.0
2014-07-03 00:00:00+09:00,847.0910058115044,855.3151903339461,838.8668212890625,838.8668212890625,28000,0.0,0.0
2014-07-04 00:00:00+09:00,876.6981218445975,876.6981218445975,863.5394258319207,871.7636108398438,10500,0.0,0.0
2014-07-07 00:00:00+09:00,873.4084543217125,879.9878023768666,840.5117140459417,853.67041015625,7500,0.0,0.0
2014-07-08 00:00:00+09:00,837.222032156939,878.3429571155312,837.222032156939,876.6981201171875,5000,0.0,0.0
2014-07-09 00:00:00+09:00,856.9600233865981,856.9600233865981,847.0910020040269,852.0255126953125,5000,0.0,0.0
2014-07-10 00:00:00+09:00,842.1565545808967,843.8013916015625,842.1565545808967,843.8013916015625,2000,0.0,0.0
2014-07-11 00:00:00+09:00,842.1565625,842.1565625,822.4185180664062,822.4185180664062,8500,0.0,0.0
2014-07-14 00:00:00+09:00,822.418452244179,838.8668212890625,822.418452244179,838.8668212890625,3500,0.0,0.0
2014-07-15 00:00:00+09:00,855.3152465820312,855.3152465820312,855.3152465820312,855.3152465820312,3000,0.0,0.0
2014-07-16 00:00:00+09:00,855.3152465820312,855.3152465820312,855.3152465820312,855.3152465820312,0,0.0,0.0
2014-07-17 00:00:00+09:00,840.51171875,840.51171875,830.6426966120353,840.51171875,4000,0.0,0.0
2014-07-18 00:00:00+09:00,840.5116591566191,840.5116591566191,835.5771484375,835.5771484375,1500,0.0,0.0
2014-07-22 00:00:00+09:00,843.801383494426,866.8291015625,843.801383494426,866.8291015625,7500,0.0,0.0
2014-07-23 00:00:00+09:00,866.8290409914895,871.7635516612703,860.2496934317818,865.1842041015625,17000,0.0,0.0
2014-07-24 00:00:00+09:00,848.7358985314003,855.3152465820312,838.8668764554537,855.3152465820312,12500,0.0,0.0
2014-07-25 00:00:00+09:00,840.5116581935509,855.3151903339461,838.8668212890625,838.8668212890625,12000,0.0,0.0
2014-07-28 00:00:00+09:00,827.3530213949043,843.8013916015625,827.3530213949043,843.8013916015625,3500,0.0,0.0
2014-07-29 00:00:00+09:00,843.8013916015625,843.8013916015625,843.8013916015625,843.8013916015625,0,0.0,0.0
2014-07-30 00:00:00+09:00,838.8668212890625,838.8668212890625,838.8668212890625,838.8668212890625,1000,0.0,0.0
2014-07-31 00:00:00+09:00,830.6427001953125,830.6427001953125,830.6427001953125,830.6427001953125,1000,0.0,0.0
2014-08-01 00:00:00+09:00,824.0632891486673,838.8668212890625,822.418452244179,838.8668212890625,5000,0.0,0.0
2014-08-04 00:00:00+09:00,852.0255126953125,852.0255126953125,852.0255126953125,852.0255126953125,500,0.0,0.0
2014-08-05 00:00:00+09:00,853.6704095693735,855.3152465820312,853.6704095693735,855.3152465820312,2500,0.0,0.0
2014-08-06 00:00:00+09:00,855.3152465820312,855.3152465820312,855.3152465820312,855.3152465820312,0,0.0,0.0
2014-08-07 00:00:00+09:00,847.0910058115044,847.0910058115044,838.8668212890625,838.8668212890625,3500,0.0,0.0
2014-08-08 00:00:00+09:00,830.6427088968622,847.0910793700675,805.9701531870545,807.614990234375,8500,0.0,0.0
2014-08-11 00:00:00+09:00,807.6149877683081,820.7736841066919,807.6149877683081,814.1943359375,7000,0.0,0.0
2014-08-12 00:00:00+09:00,815.839111328125,815.839111328125,815.839111328125,815.839111328125,1000,0.0,0.0
2014-08-13 00:00:00+09:00,819.1288452148438,820.7736822534278,817.4840081762597,819.1288452148438,3500,0.0,0.0
2014-08-14 00:00:00+09:00,827.3529697541268,827.3529697541268,807.6149267381237,815.839111328125,5000,0.0,0.0
2014-08-15 00:00:00+09:00,807.615045398414,820.7737426757812,807.615045398414,820.7737426757812,4000,0.0,0.0
2014-08-18 00:00:00+09:00,807.6149811876621,832.2875366210938,807.6149811876621,832.2875366210938,1500,0.0,0.0
2014-08-19 00:00:00+09:00,853.6704095693735,855.3152465820312,830.642691392165,855.3152465820312,7000,0.0,0.0
2014-08-20 00:00:00+09:00,832.2875366210938,832.2875366210938,832.2875366210938,832.2875366210938,1500,0.0,0.0
2014-08-21 00:00:00+09:00,838.8668212890625,838.8668212890625,838.8668212890625,838.8668212890625,2000,0.0,0.0
2014-08-22 00:00:00+09:00,838.8668847366755,838.8668847366755,832.2875366210938,832.2875366210938,1500,0.0,0.0
2014-08-25 00:00:00+09:00,824.0633485200588,840.51171875,824.0633485200588,840.51171875,4500,0.0,0.0
2014-08-26 00:00:00+09:00,840.51171875,840.51171875,840.51171875,840.51171875,0,0.0,0.0
2014-08-27 00:00:00+09:00,840.51171875,840.51171875,840.51171875,840.51171875,0,0.0,0.0
2014-08-28 00:00:00+09:00,835.5771474800858,838.8668212890625,835.5771474800858,838.8668212890625,1000,0.0,0.0
2014-08-29 00:00:00+09:00,838.8668829237782,852.0255791265041,837.2220458984375,837.2220458984375,4000,0.0,0.0
2014-09-01 00:00:00+09:00,837.2220458984375,837.2220458984375,837.2220458984375,837.2220458984375,0,0.0,0.0
2014-09-02 00:00:00+09:00,838.8668817270059,847.0910668419765,838.8668817270059,840.51171875,1500,0.0,0.0
2014-09-03 00:00:00+09:00,840.5117181539536,842.1565551757812,840.5117181539536,842.1565551757812,1000,0.0,0.0
2014-09-04 00:00:00+09:00,842.1565551757812,842.1565551757812,842.1565551757812,842.1565551757812,0,0.0,0.0
2014-09-05 00:00:00+09:00,842.1565551757812,842.1565551757812,842.1565551757812,842.1565551757812,500,0.0,0.0
2014-09-08 00:00:00+09:00,840.51171875,840.51171875,840.51171875,840.51171875,500,0.0,0.0
2014-09-09 00:00:00+09:00,840.51171875,847.0910668419765,840.51171875,840.51171875,4000,0.0,0.0
2014-09-10 00:00:00+09:00,840.51171875,840.51171875,840.51171875,840.51171875,1000,0.0,0.0
2014-09-11 00:00:00+09:00,838.8668212890625,838.8668212890625,838.8668212890625,838.8668212890625,500,0.0,0.0
2014-09-12 00:00:00+09:00,832.2875366210938,832.2875366210938,832.2875366210938,832.2875366210938,3000,0.0,0.0
2014-09-16 00:00:00+09:00,832.2875330448151,842.1565551757812,832.2875330448151,842.1565551757812,6000,0.0,0.0
2014-09-17 00:00:00+09:00,842.1565551757812,842.1565551757812,842.1565551757812,842.1565551757812,0,0.0,0.0
2014-09-18 00:00:00+09:00,832.2875366210938,832.2875366210938,832.2875366210938,832.2875366210938,500,0.0,0.0
2014-09-19 00:00:00+09:00,828.997802734375,828.997802734375,828.997802734375,828.997802734375,1000,0.0,0.0
2014-09-22 00:00:00+09:00,822.418455093626,828.997802734375,822.418455093626,828.997802734375,1000,0.0,0.0
2014-09-24 00:00:00+09:00,838.8668829237782,838.8668829237782,837.2220458984375,837.2220458984375,1000,0.0,0.0
2014-09-25 00:00:00+09:00,842.1565569744597,842.1565569744597,837.2220458984375,837.2220458984375,1500,0.0,0.0
2014-09-26 00:00:00+09:00,828.9979262636953,828.9979262636953,825.708251953125,825.708251953125,2000,0.0,0.0
2014-09-29 00:00:00+09:00,828.9978012897559,833.9323120117188,828.9978012897559,833.9323120117188,1500,0.0,0.0
2014-09-30 00:00:00+09:00,838.8668212890625,838.8668212890625,837.2219843845742,838.8668212890625,2500,0.0,0.0
2014-10-01 00:00:00+09:00,825.7081867210522,837.2220458984375,825.7081867210522,837.2220458984375,1000,0.0,0.0
2014-10-02 00:00:00+09:00,835.5772193970719,835.5772193970719,809.2598266601562,809.2598266601562,2000,0.0,0.0
2014-10-03 00:00:00+09:00,822.4185180664062,822.4185180664062,822.4185180664062,822.4185180664062,2000,0.0,0.0
2014-10-06 00:00:00+09:00,822.4185180664062,822.4185180664062,822.4185180664062,822.4185180664062,0,0.0,0.0
2014-10-07 00:00:00+09:00,815.8391717492455,819.1288458288795,812.5494976696114,817.4840087890625,5000,0.0,0.0
2014-10-08 00:00:00+09:00,814.1943977139739,814.1943977139739,812.549560546875,812.549560546875,1000,0.0,0.0
2014-10-09 00:00:00+09:00,814.1943359375,814.1943359375,814.1943359375,814.1943359375,500,0.0,0.0
2014-10-10 00:00:00+09:00,812.5494970605076,819.1288452148438,807.6149859447556,819.1288452148438,3500,0.0,0.0
2014-10-14 00:00:00+09:00,814.1943328857421,822.4185180664062,814.1943328857421,822.4185180664062,3000,0.0,0.0
2014-10-15 00:00:00+09:00,833.9323174261277,833.9323174261277,804.3252529021232,815.839111328125,4500,0.0,0.0
2014-10-16 00:00:00+09:00,807.6149921104555,807.6149921104555,802.6804809570312,802.6804809570312,2000,0.0,0.0
2014-10-17 00:00:00+09:00,810.9046630859375,810.9046630859375,810.9046630859375,810.9046630859375,1000,0.0,0.0
2014-10-20 00:00:00+09:00,819.1288452148438,819.1288452148438,819.1288452148438,819.1288452148438,500,0.0,0.0
2014-10-21 00:00:00+09:00,815.839111328125,815.839111328125,815.839111328125,815.839111328125,500,0.0,0.0
2014-10-22 00:00:00+09:00,822.4185174572729,824.0633544921875,814.1943322827002,824.0633544921875,2500,0.0,0.0
2014-10-23 00:00:00+09:00,820.7736810302733,822.4185180664062,820.7736810302733,822.4185180664062,1000,0.0,0.0
2014-10-24 00:00:00+09:00,832.287540283203,832.287540283203,822.4185180664062,822.4185180664062,2500,0.0,0.0
2014-10-27 00:00:00+09:00,801.0356439058897,804.3253180081726,801.0356439058897,802.6804809570312,2000,0.0,0.0
2014-10-28 00:00:00+09:00,802.6804809570312,802.6804809570312,802.6804809570312,802.6804809570312,0,0.0,0.0
2014-10-29 00:00:00+09:00,805.9701531870545,807.614990234375,805.9701531870545,807.614990234375,1000,0.0,0.0
2014-10-30 00:00:00+09:00,799.3907470703125,799.3907470703125,799.3907470703125,799.3907470703125,500,0.0,0.0
2014-10-31 00:00:00+09:00,814.1943940370977,820.7737426757812,801.0356967597304,820.7737426757812,4000,0.0,0.0
2014-11-04 00:00:00+09:00,822.4185180664062,824.063355102539,805.970147705078,822.4185180664062,10000,0.0,0.0
2014-11-05 00:00:00+09:00,822.4185180664062,824.063355102539,822.4185180664062,822.4185180664062,11000,0.0,0.0
2014-11-06 00:00:00+09:00,822.4184536604722,833.9323120117188,812.5494322165465,833.9323120117188,8000,0.0,0.0
2014-11-07 00:00:00+09:00,822.418452244179,838.8668212890625,822.418452244179,838.8668212890625,8000,0.0,0.0
2014-11-10 00:00:00+09:00,827.3529663085938,827.3529663085938,827.3529663085938,827.3529663085938,500,0.0,0.0
2014-11-11 00:00:00+09:00,827.3530213949043,843.8013916015625,824.0633473535727,843.8013916015625,6500,0.0,0.0
2014-11-12 00:00:00+09:00,827.3530291748046,827.3530291748046,815.8391699218749,822.4185180664062,22000,0.0,0.0
2014-11-13 00:00:00+09:00,822.4185776425547,825.708251953125,822.4185776425547,825.708251953125,1500,0.0,0.0
2014-11-14 00:00:00+09:00,828.9978008120079,835.5771484375,828.9978008120079,835.5771484375,1500,0.0,0.0
2014-11-17 00:00:00+09:00,830.6427001953125,830.6427001953125,830.6427001953125,830.6427001953125,8000,0.0,0.0
2014-11-18 00:00:00+09:00,827.3530261351331,830.6427001953125,827.3530261351331,830.6427001953125,1500,0.0,0.0
2014-11-19 00:00:00+09:00,827.3530261351331,830.6427001953125,827.3530261351331,830.6427001953125,4000,0.0,0.0
2014-11-20 00:00:00+09:00,827.3529663085938,827.3529663085938,827.3529663085938,827.3529663085938,500,0.0,0.0
2014-11-21 00:00:00+09:00,824.0633544921875,824.0633544921875,824.0633544921875,824.0633544921875,500,0.0,0.0
2014-11-25 00:00:00+09:00,824.0633569483306,830.6427051075987,817.4840087890625,817.4840087890625,4000,0.0,0.0
2014-11-26 00:00:00+09:00,817.4840087890625,817.4840087890625,817.4840087890625,817.4840087890625,500,0.0,0.0
2014-11-27 00:00:00+09:00,817.4840087890625,819.1288458288795,817.4840087890625,817.4840087890625,6000,0.0,0.0
2014-11-28 00:00:00+09:00,828.997803219744,828.997803219744,827.3529663085938,827.3529663085938,2000,0.0,0.0
2014-12-01 00:00:00+09:00,827.3530261351331,830.6427001953125,827.3530261351331,830.6427001953125,4500,0.0,0.0
2014-12-02 00:00:00+09:00,847.0910615187425,856.9600835946891,847.0910615187425,855.3152465820312,4000,0.0,0.0
2014-12-03 00:00:00+09:00,855.3151883967655,855.3151883967655,845.4461669921875,845.4461669921875,4500,0.0,0.0
2014-12-04 00:00:00+09:00,847.0910621010959,853.67041015625,847.0910621010959,853.67041015625,2500,0.0,0.0
2014-12-05 00:00:00+09:00,843.8013282098365,852.0255126953125,843.8013282098365,852.0255126953125,2000,0.0,0.0
2014-12-08 00:00:00+09:00,852.0255731424616,853.67041015625,852.0255731424616,853.67041015625,1500,0.0,0.0
2014-12-09 00:00:00+09:00,852.0255767048916,853.6704137255574,843.8013916015625,843.8013916015625,3000,0.0,0.0
2014-12-10 00:00:00+09:00,843.8013329693651,845.4461698757382,824.0632900928888,835.5771484375,11500,0.0,0.0
2014-12-11 00:00:00+09:00,845.4461669921875,853.6703514960025,845.4461669921875,845.4461669921875,5000,0.0,0.0
2014-12-12 00:00:00+09:00,845.4461669921875,845.4461669921875,845.4461669921875,845.4461669921875,1500,0.0,0.0
2014-12-15 00:00:00+09:00,855.3152465820312,855.3152465820312,845.4462245060848,855.3152465820312,4500,0.0,0.0
2014-12-16 00:00:00+09:00,838.8668764554537,855.3152465820312,838.8668764554537,855.3152465820312,2500,0.0,0.0
2014-12-17 00:00:00+09:00,853.67041015625,853.67041015625,853.67041015625,853.67041015625,1500,0.0,0.0
2014-12-18 00:00:00+09:00,833.9323659907876,853.67041015625,833.9323659907876,853.67041015625,1500,0.0,0.0
2014-12-19 00:00:00+09:00,838.866880539565,855.3152507462232,838.866880539565,843.8013916015625,5500,0.0,0.0
2014-12-22 00:00:00+09:00,843.8013296182874,847.0910034179688,843.8013296182874,847.0910034179688,1500,0.0,0.0
2014-12-24 00:00:00+09:00,848.7359612057242,858.6049840104419,843.8014498033652,850.3807983398438,5500,0.0,0.0
2014-12-25 00:00:00+09:00,847.0910072702864,847.0910072702864,833.9323120117188,833.9323120117188,3000,0.0,0.0
2014-12-26 00:00:00+09:00,825.7081237200395,847.0910034179688,825.7081237200395,847.0910034179688,1000,0.0,0.0
2014-12-29 00:00:00+09:00,847.0910034179688,847.0910034179688,847.0910034179688,847.0910034179688,0,0.0,0.0
2014-12-30 00:00:00+09:00,853.67041015625,853.67041015625,850.380736128673,853.67041015625,2000,0.0,0.0
2015-01-05 00:00:00+09:00,853.6704095693735,868.4739426832933,853.6704095693735,855.3152465820312,6500,0.0,0.0
2015-01-06 00:00:00+09:00,870.118779695951,870.118779695951,853.6704095693735,855.3152465820312,3500,0.0,0.0
2015-01-07 00:00:00+09:00,855.3152465820312,855.3152465820312,855.3152465820312,855.3152465820312,1000,0.0,0.0
2015-01-08 00:00:00+09:00,856.9600744674456,881.6326293945312,856.9600744674456,881.6326293945312,3000,0.0,0.0
2015-01-09 00:00:00+09:00,881.632570658251,881.632570658251,868.4738755737994,873.4083862304688,3500,0.0,0.0
2015-01-13 00:00:00+09:00,875.0532848430129,875.0532848430129,870.1187738382591,871.7636108398438,2000,0.0,0.0
2015-01-14 00:00:00+09:00,876.6981184091142,881.6326293945312,876.6981184091142,881.6326293945312,1500,0.0,0.0
2015-01-15 00:00:00+09:00,886.5671438541052,886.5671438541052,871.7636108398438,871.7636108398438,5500,0.0,0.0
2015-01-16 00:00:00+09:00,871.7636704982672,875.0533447265625,871.7636704982672,875.0533447265625,1500,0.0,0.0
2015-01-19 00:00:00+09:00,875.0533447265625,875.0533447265625,875.0533447265625,875.0533447265625,0,0.0,0.0
2015-01-20 00:00:00+09:00,875.0533447265625,875.0533447265625,875.0533447265625,875.0533447265625,0,0.0,0.0
2015-01-21 00:00:00+09:00,886.5671386718751,888.2119756638451,886.5671386718751,886.567138671875,5000,0.0,0.0
2015-01-22 00:00:00+09:00,896.4361617729428,896.4361617729428,883.2774658203125,883.2774658203125,2000,0.0,0.0
2015-01-23 00:00:00+09:00,921.1087713068182,921.1087713068182,904.660400390625,904.660400390625,4500,0.0,0.0
2015-01-26 00:00:00+09:00,921.1087620511969,929.332947426654,921.1087620511969,927.6881103515625,6000,0.0,0.0
2015-01-27 00:00:00+09:00,888.2120444557884,889.856881575151,868.4739990234375,868.4739990234375,6000,0.0,0.0
2015-01-28 00:00:00+09:00,884.9221714256083,929.332763671875,883.2773346757466,929.332763671875,2500,0.0,0.0
2015-01-29 00:00:00+09:00,926.043212890625,926.043212890625,926.043212890625,926.043212890625,500,0.0,0.0
2015-01-30 00:00:00+09:00,912.8844604492188,912.8844604492188,912.8844604492188,912.8844604492188,2500,0.0,0.0
2015-02-02 00:00:00+09:00,896.4362149325284,906.3052374822444,896.4362149325284,904.660400390625,3000,0.0,0.0
2015-02-03 00:00:00+09:00,914.5294799804688,914.5294799804688,907.9501312036308,914.5294799804688,3000,0.0,0.0
2015-02-04 00:00:00+09:00,904.6603484993125,904.6603484993125,878.3429565429688,878.3429565429688,2000,0.0,0.0
2015-02-05 00:00:00+09:00,884.92236328125,884.92236328125,884.92236328125,884.92236328125,2000,0.0,0.0
2015-02-06 00:00:00+09:00,881.6326890683087,884.92236328125,881.6326890683087,884.92236328125,1500,0.0,0.0
2015-02-09 00:00:00+09:00,884.92236328125,884.92236328125,884.92236328125,884.92236328125,0,0.0,0.0
2015-02-10 00:00:00+09:00,891.5015855701691,896.4360961914062,891.5015855701691,896.4360961914062,1000,0.0,0.0
2015-02-12 00:00:00+09:00,901.370671025029,901.370671025029,888.2119750976562,888.2119750976562,6000,0.0,0.0
2015-02-13 00:00:00+09:00,888.2119711922988,899.725830078125,888.2119711922988,899.725830078125,1500,0.0,0.0
2015-02-16 00:00:00+09:00,883.2774658203125,883.2774658203125,883.2774658203125,883.2774658203125,4500,0.0,0.0
2015-02-17 00:00:00+09:00,883.2774098907587,883.2774098907587,865.1842041015625,865.1842041015625,2500,0.0,0.0
2015-02-18 00:00:00+09:00,871.7636125770872,871.7636125770872,866.8291015625,866.8291015625,1500,0.0,0.0
2015-02-19 00:00:00+09:00,871.7636732621627,871.7636732621627,868.4739990234375,868.4739990234375,3000,0.0,0.0
2015-02-20 00:00:00+09:00,881.6326305375118,881.6326305375118,876.6981195456973,878.3429565429688,4000,0.0,0.0
2015-02-23 00:00:00+09:00,888.2119785265977,911.2396964883983,878.3429565429688,878.3429565429688,2500,0.0,0.0
2015-02-24 00:00:00+09:00,886.5671386718751,886.5671386718751,886.5671386718751,886.567138671875,500,0.0,0.0
2015-02-25 00:00:00+09:00,886.5671923828126,904.660400390625,886.5671923828126,904.660400390625,3500,0.0,0.0
2015-02-26 00:00:00+09:00,904.660400390625,909.594911665483,904.660400390625,904.660400390625,2500,0.0,0.0
2015-02-27 00:00:00+09:00,911.2396856104488,911.2396856104488,904.660337699904,909.5948486328125,3500,0.0,0.0
2015-03-02 00:00:00+09:00,927.6881103515625,927.6881103515625,927.6881103515625,927.6881103515625,500,0.0,0.0
2015-03-03 00:00:00+09:00,927.6880605361041,927.6880605361041,879.987787919886,894.7913208007812,2500,0.0,0.0
2015-03-04 00:00:00+09:00,894.7913230613426,894.7913230613426,888.2119750976562,888.2119750976562,1500,0.0,0.0
2015-03-05 00:00:00+09:00,898.0810520241478,924.3984454900568,898.0810520241478,904.660400390625,3000,0.0,0.0
2015-03-06 00:00:00+09:00,891.5016381399972,921.1087036132812,891.5016381399972,921.1087036132812,3500,0.0,0.0
2015-03-09 00:00:00+09:00,888.2119756638451,888.2119756638451,884.922301679905,886.567138671875,8500,0.0,0.0
2015-03-10 00:00:00+09:00,898.0809970431858,898.0809970431858,888.2119750976562,888.2119750976562,2500,0.0,0.0
2015-03-11 00:00:00+09:00,888.2119779497663,889.8568149459696,878.3429559725466,879.98779296875,9500,0.0,0.0
2015-03-12 00:00:00+09:00,886.567140953563,886.567140953563,878.3429559725466,879.98779296875,4000,0.0,0.0
2015-03-13 00:00:00+09:00,871.7636108398438,871.7636108398438,865.1842628335053,871.7636108398438,10000,0.0,0.0
2015-03-16 00:00:00+09:00,879.9877923993922,881.6326293945312,866.8290964382799,881.6326293945312,7000,0.0,0.0
2015-03-17 00:00:00+09:00,881.6326328493514,883.277469850936,871.7636108398438,871.7636108398438,2000,0.0,0.0
2015-03-18 00:00:00+09:00,878.3430217396129,878.3430217396129,868.4739990234375,868.4739990234375,1000,0.0,0.0
2015-03-19 00:00:00+09:00,878.3429531521267,888.2119750976562,878.3429531521267,888.2119750976562,5500,0.0,0.0
2015-03-20 00:00:00+09:00,888.2119785265977,888.2119785265977,871.7636085538829,878.3429565429688,2000,0.0,0.0
2015-03-23 00:00:00+09:00,878.3429514848067,893.1464843750001,878.3429514848067,893.146484375,1000,0.0,0.0
2015-03-24 00:00:00+09:00,876.6981189763434,879.98779296875,876.6981189763434,879.98779296875,1000,0.0,0.0
2015-03-25 00:00:00+09:00,894.7913208007812,894.7913208007812,894.7913208007812,894.7913208007812,1000,0.0,0.0
2015-03-26 00:00:00+09:00,881.6326931831532,883.2775302973008,875.0533447265625,875.0533447265625,2500,0.0,0.0
2015-03-27 00:00:00+09:00,887.5659790039062,887.5659790039062,887.5659790039062,887.5659790039062,0,15.0,0.0
2015-03-30 00:00:00+09:00,875.887451171875,875.887451171875,875.887451171875,875.887451171875,500,0.0,0.0
2015-03-31 00:00:00+09:00,887.5659790039062,887.5659790039062,887.5659790039062,887.5659790039062,500,0.0,0.0
2015-04-01 00:00:00+09:00,899.2445068359375,899.2445068359375,899.2445068359375,899.2445068359375,500,0.0,0.0
2015-04-02 00:00:00+09:00,914.259765625,914.259765625,914.259765625,914.259765625,1000,0.0,0.0
2015-04-03 00:00:00+09:00,914.259765625,914.259765625,914.259765625,914.259765625,500,0.0,0.0
2015-04-06 00:00:00+09:00,914.259765625,914.259765625,914.259765625,914.259765625,1000,0.0,0.0
2015-04-07 00:00:00+09:00,914.259765625,914.259765625,914.259765625,914.259765625,500,0.0,0.0
2015-04-08 00:00:00+09:00,910.9230511519161,914.259765625,900.9129077326642,914.259765625,3500,0.0,0.0
2015-04-09 00:00:00+09:00,914.259676272239,914.259676272239,900.912819684323,902.5811767578125,2500,0.0,0.0
2015-04-10 00:00:00+09:00,909.2545166015625,909.2545166015625,909.2545166015625,909.2545166015625,9500,0.0,0.0
2015-04-13 00:00:00+09:00,909.2545166015625,909.2545166015625,909.2545166015625,909.2545166015625,6000,0.0,0.0
2015-04-14 00:00:00+09:00,907.5861596903669,909.2545166015625,907.5861596903669,909.2545166015625,2000,0.0,0.0
2015-04-15 00:00:00+09:00,909.2545166015625,909.2545166015625,909.2545166015625,909.2545166015625,3000,0.0,0.0
2015-04-16 00:00:00+09:00,909.2545166015625,909.2545166015625,909.2545166015625,909.2545166015625,500,0.0,0.0
2015-04-17 00:00:00+09:00,909.2545166015625,909.2545166015625,900.9127320455848,909.2545166015625,5000,0.0,0.0
2015-04-20 00:00:00+09:00,909.2545166015625,909.2545166015625,909.2545166015625,909.2545166015625,500,0.0,0.0
2015-04-21 00:00:00+09:00,909.2545166015625,909.2545166015625,909.2545166015625,909.2545166015625,500,0.0,0.0
2015-04-22 00:00:00+09:00,909.2546722525558,909.2546722525558,897.576171875,897.576171875,2000,0.0,0.0
2015-04-23 00:00:00+09:00,905.9178845833211,905.9178845833211,889.2343139648438,889.2343139648438,2500,0.0,0.0
2015-04-24 00:00:00+09:00,909.2545166015625,909.2545166015625,909.2545166015625,909.2545166015625,1500,0.0,0.0
2015-04-27 00:00:00+09:00,907.5862426757812,907.5862426757812,907.5862426757812,907.5862426757812,2000,0.0,0.0
2015-04-28 00:00:00+09:00,907.5862426757812,907.5862426757812,907.5862426757812,907.5862426757812,0,0.0,0.0
2015-04-30 00:00:00+09:00,892.571044921875,892.571044921875,892.571044921875,892.571044921875,500,0.0,0.0
2015-05-01 00:00:00+09:00,875.887451171875,884.2292364211308,874.2190941220238,875.887451171875,3500,0.0,0.0
2015-05-07 00:00:00+09:00,875.887451171875,875.887451171875,874.2190941220238,875.887451171875,3000,0.0,0.0
2015-05-08 00:00:00+09:00,875.887451171875,875.887451171875,875.887451171875,875.887451171875,500,0.0,0.0
2015-05-11 00:00:00+09:00,875.8874223038956,875.8874223038956,864.2089233398438,864.2089233398438,12000,0.0,0.0
2015-05-12 00:00:00+09:00,864.2089163985906,864.2089163985906,850.862060546875,850.862060546875,12000,0.0,0.0
2015-05-13 00:00:00+09:00,837.5153032226563,850.8621606445313,834.1785888671875,834.1785888671875,21500,0.0,0.0
2015-05-14 00:00:00+09:00,840.852017578125,844.1887319335938,834.1785888671875,834.1785888671875,18500,0.0,0.0
2015-05-15 00:00:00+09:00,827.5051491477273,834.1785777698864,825.8367919921875,825.8367919921875,19500,0.0,0.0
2015-05-18 00:00:00+09:00,850.8620434858668,850.8620434858668,847.5253295898438,847.5253295898438,16000,0.0,0.0
2015-05-19 00:00:00+09:00,847.5253618739084,855.8671469317225,835.8468627929688,835.8468627929688,14000,0.0,0.0
2015-05-20 00:00:00+09:00,839.1836272170087,845.8570556640625,839.1836272170087,845.8570556640625,2000,0.0,0.0
2015-05-21 00:00:00+09:00,842.5203857421875,842.5203857421875,839.1836713432085,842.5203857421875,5500,0.0,0.0
2015-05-22 00:00:00+09:00,847.5254294764551,850.8621437657324,845.8570723318164,849.1937866210938,3000,0.0,0.0
2015-05-25 00:00:00+09:00,849.1937035654105,850.862060546875,847.5253465839461,850.862060546875,6500,0.0,0.0
2015-05-26 00:00:00+09:00,850.8621437657324,852.5305009103712,847.5254294764551,849.1937866210938,9500,0.0,0.0
2015-05-27 00:00:00+09:00,852.5305009103712,852.5305009103712,847.5254294764551,849.1937866210938,6000,0.0,0.0
2015-05-28 00:00:00+09:00,849.1938032236118,854.1988747553816,849.1938032236118,852.530517578125,4500,0.0,0.0
2015-05-29 00:00:00+09:00,855.8672263297589,857.5355834960938,855.8672263297589,857.5355834960938,5500,0.0,0.0
2015-06-01 00:00:00+09:00,864.2089789860994,874.219121599838,864.2089789860994,869.2140502929688,9000,0.0,0.0
2015-06-02 00:00:00+09:00,869.2141395436034,869.2141395436034,862.5407104492188,862.5407104492188,6500,0.0,0.0
2015-06-03 00:00:00+09:00,860.8723531756226,862.5407104492188,857.5356386284302,862.5407104492188,4000,0.0,0.0
2015-06-04 00:00:00+09:00,869.214105620639,874.2191772460938,869.214105620639,874.2191772460938,2500,0.0,0.0
2015-06-05 00:00:00+09:00,872.55078125,872.55078125,865.8773527127152,872.55078125,3500,0.0,0.0
2015-06-08 00:00:00+09:00,872.5507423137797,875.8874564335264,870.8823852539062,870.8823852539062,6000,0.0,0.0
2015-06-09 00:00:00+09:00,875.8874679652292,879.2241821289062,870.8823967197136,879.2241821289062,3000,0.0,0.0
2015-06-10 00:00:00+09:00,880.8925392107448,880.8925392107448,877.5558250470677,879.2241821289062,2500,0.0,0.0
2015-06-11 00:00:00+09:00,882.5608765758167,927.6065167791193,882.5608765758167,917.5963745117188,20000,0.0,0.0
2015-06-12 00:00:00+09:00,940.9533728211369,1017.6977968455559,939.2850157771278,996.0091552734375,69500,0.0,0.0
2015-06-15 00:00:00+09:00,996.0091720861266,1014.3610998800083,992.6724579417845,999.3458862304688,71000,0.0,0.0
2015-06-16 00:00:00+09:00,1001.0142025793228,1007.6876305965183,979.3255615234375,979.3255615234375,12500,0.0,0.0
2015-06-17 00:00:00+09:00,975.9889415872509,975.9889415872509,942.6217982851226,967.6471557617188,16000,0.0,0.0
2015-06-18 00:00:00+09:00,967.6471558689861,969.3155130342775,935.9483697284503,949.2952270507812,19500,0.0,0.0
2015-06-19 00:00:00+09:00,942.6217223698706,967.6470778310176,942.6217223698706,964.3103637695312,14500,0.0,0.0
2015-06-22 00:00:00+09:00,974.320656383547,992.6725865551549,964.310512653579,975.989013671875,11000,0.0,0.0
2015-06-23 00:00:00+09:00,975.9890240168168,997.6776689949683,967.6472374867585,984.330810546875,7000,0.0,0.0
2015-06-24 00:00:00+09:00,985.9990394828245,994.3408249268416,970.9838256835938,970.9838256835938,4000,0.0,0.0
2015-06-25 00:00:00+09:00,969.3155129268252,969.3155129268252,934.2800124595906,967.6471557617188,19000,0.0,0.0
2015-06-26 00:00:00+09:00,954.3001394848337,972.6520652441575,944.2899981615662,965.9786376953125,9000,0.0,0.0
2015-06-29 00:00:00+09:00,950.9635786576705,950.9635786576705,935.9483642578125,935.9483642578125,9500,0.0,0.0
2015-06-30 00:00:00+09:00,945.9584633431783,957.636962890625,935.9483208739383,957.636962890625,20000,0.0,0.0
2015-07-01 00:00:00+09:00,952.631941275761,967.6471557617189,945.9585126153355,967.6471557617188,24500,0.0,0.0
2015-07-02 00:00:00+09:00,967.6471277473277,969.3154848641334,939.2850567616301,955.9686279296875,19000,0.0,0.0
2015-07-03 00:00:00+09:00,955.9684963720449,965.9786376953125,947.6267119359887,965.9786376953125,4500,0.0,0.0
2015-07-06 00:00:00+09:00,944.2901555549072,975.9889416954429,944.2901555549072,949.2952270507812,6000,0.0,0.0
2015-07-07 00:00:00+09:00,949.2952269455483,967.6471557617189,949.2952269455483,967.6471557617188,1000,0.0,0.0
2015-07-08 00:00:00+09:00,967.6470778310176,967.6470778310176,947.6267934621,964.3103637695312,5500,0.0,0.0
2015-07-09 00:00:00+09:00,937.6167104139109,952.6319246376213,917.5964247822972,945.95849609375,10500,0.0,0.0
2015-07-10 00:00:00+09:00,960.9737548828125,960.9737548828125,960.9737548828125,960.9737548828125,500,0.0,0.0
2015-07-13 00:00:00+09:00,955.9686058124183,957.636962890625,954.3002487342117,957.636962890625,2500,0.0,0.0
2015-07-14 00:00:00+09:00,959.3052978515625,962.6420119310462,955.9685837720789,959.3052978515625,4000,0.0,0.0
2015-07-15 00:00:00+09:00,959.3053030800986,959.3053030800986,954.3002319335938,954.3002319335938,4000,0.0,0.0
2015-07-16 00:00:00+09:00,959.3053754942049,962.64208984375,954.3003039698873,962.64208984375,2500,0.0,0.0
2015-07-17 00:00:00+09:00,967.6471277473277,967.6471277473277,954.3002708128818,955.9686279296875,6500,0.0,0.0
2015-07-21 00:00:00+09:00,984.3307048646595,985.9990619915487,969.3154907226562,969.3154907226562,3000,0.0,0.0
2015-07-22 00:00:00+09:00,975.9889415872509,975.9889415872509,967.6471557617189,967.6471557617188,3500,0.0,0.0
2015-07-23 00:00:00+09:00,959.305342163299,962.6420563969104,954.3002708128818,955.9686279296875,9500,0.0,0.0
2015-07-24 00:00:00+09:00,954.3002319335938,954.3002319335938,954.3002319335938,954.3002319335938,9500,0.0,0.0
2015-07-27 00:00:00+09:00,954.3002540601741,954.3002540601741,952.6318969726564,952.6318969726562,3500,0.0,0.0
2015-07-28 00:00:00+09:00,969.3154213250319,969.3154213250319,935.9482811761496,937.6166381835938,5500,0.0,0.0
2015-07-29 00:00:00+09:00,952.631891656005,959.3053199688317,952.631891656005,957.636962890625,2000,0.0,0.0
2015-07-30 00:00:00+09:00,964.3104139354131,977.6572708756955,959.305342582807,974.320556640625,9500,0.0,0.0
2015-07-31 00:00:00+09:00,957.6370183194324,970.9838757176126,955.9686611446599,962.64208984375,7000,0.0,0.0
2015-08-03 00:00:00+09:00,972.6521594707783,972.6521594707783,952.6318748847589,954.3002319335938,4500,0.0,0.0
2015-08-04 00:00:00+09:00,970.9838256835938,970.9838256835938,970.9838256835938,970.9838256835938,1000,0.0,0.0
2015-08-05 00:00:00+09:00,972.6521606445312,972.6521606445312,972.6521606445312,972.6521606445312,1000,0.0,0.0
2015-08-06 00:00:00+09:00,970.983803593683,972.6521606445312,967.6470894919865,972.6521606445312,2500,0.0,0.0
2015-08-07 00:00:00+09:00,972.652148923247,975.9888629847333,964.3103637695312,964.3103637695312,7000,0.0,0.0
2015-08-10 00:00:00+09:00,969.3154400900137,975.988868248981,959.3052978515625,959.3052978515625,6000,0.0,0.0
2015-08-11 00:00:00+09:00,959.3053479613208,969.3154907226562,954.300276580653,969.3154907226562,2500,0.0,0.0
2015-08-12 00:00:00+09:00,969.3154848641334,972.6521990977449,955.9686279296875,955.9686279296875,2500,0.0,0.0
2015-08-13 00:00:00+09:00,967.6471107603164,969.3154678478342,952.6318969726564,952.6318969726562,1500,0.0,0.0
2015-08-14 00:00:00+09:00,965.9787536727986,965.9787536727986,947.6268257101029,952.6318969726562,3000,0.0,0.0
2015-08-17 00:00:00+09:00,960.9737548828125,960.9737548828125,960.9737548828125,960.9737548828125,3000,0.0,0.0
2015-08-18 00:00:00+09:00,960.9737548828125,960.9737548828125,960.9737548828125,960.9737548828125,500,0.0,0.0
2015-08-19 00:00:00+09:00,960.9736576704545,960.9736576704545,917.5963745117188,917.5963745117188,12000,0.0,0.0
2015-08-20 00:00:00+09:00,922.6014217800564,922.6014217800564,892.5709957546658,900.9127807617188,12500,0.0,0.0
2015-08-21 00:00:00+09:00,899.2444392489848,899.2444392489848,885.8975830078125,885.8975830078125,3000,0.0,0.0
2015-08-24 00:00:00+09:00,857.5356010406123,857.5356010406123,824.16845703125,824.16845703125,17000,0.0,0.0
2015-08-25 00:00:00+09:00,812.4899404972158,812.4899404972158,767.4442969788896,784.1278686523438,31000,0.0,0.0
2015-08-26 00:00:00+09:00,810.8215163049618,810.8215163049618,779.1227327457144,807.4848022460938,6500,0.0,0.0
2015-08-27 00:00:00+09:00,832.510198769955,845.8570556640625,825.8367703229012,845.8570556640625,13000,0.0,0.0
2015-08-28 00:00:00+09:00,844.188742941677,859.2039577370823,840.852028542698,842.5203857421875,6500,0.0,0.0
2015-08-31 00:00:00+09:00,850.8621664066429,850.8621664066429,829.1735229492188,829.1735229492188,8000,0.0,0.0
2015-09-01 00:00:00+09:00,825.8367467809607,825.8367467809607,809.153176138921,810.821533203125,10500,0.0,0.0
2015-09-02 00:00:00+09:00,785.7960893157131,799.1429443359375,785.7960893157131,799.1429443359375,7500,0.0,0.0
2015-09-03 00:00:00+09:00,800.811418452079,824.1684181569314,800.811418452079,822.5000610351562,2500,0.0,0.0
2015-09-04 00:00:00+09:00,824.16845703125,824.16845703125,824.16845703125,824.16845703125,2000,0.0,0.0
2015-09-07 00:00:00+09:00,824.16845703125,824.16845703125,824.16845703125,824.16845703125,2500,0.0,0.0
2015-09-08 00:00:00+09:00,824.1684073713834,832.5101928710938,824.1684073713834,832.5101928710938,1500,0.0,0.0
2015-09-09 00:00:00+09:00,829.1735229492188,840.8520232724471,814.158308247925,829.1735229492188,6000,0.0,0.0
2015-09-10 00:00:00+09:00,839.183671835463,839.183671835463,815.8266710289093,824.16845703125,2000,0.0,0.0
2015-09-11 00:00:00+09:00,834.1785499710357,834.1785499710357,832.5101928710938,832.5101928710938,1000,0.0,0.0
2015-09-14 00:00:00+09:00,840.8519783708041,840.8519783708041,832.5101928710938,832.5101928710938,1000,0.0,0.0
2015-09-15 00:00:00+09:00,845.8570891113282,845.8570891113282,834.1785888671875,834.1785888671875,5500,0.0,0.0
2015-09-16 00:00:00+09:00,834.178500705295,844.1886427137587,834.178500705295,840.8519287109375,2000,0.0,0.0
2015-09-17 00:00:00+09:00,847.5253295898438,847.5253295898438,847.5253295898438,847.5253295898438,500,0.0,0.0
2015-09-18 00:00:00+09:00,847.5253295898438,847.5253295898438,847.5253295898438,847.5253295898438,500,0.0,0.0
2015-09-24 00:00:00+09:00,847.5253295898438,847.5253295898438,847.5253295898438,847.5253295898438,500,0.0,0.0
2015-09-25 00:00:00+09:00,845.8570891113282,845.8570891113282,834.1785888671875,834.1785888671875,2500,0.0,0.0
2015-09-28 00:00:00+09:00,844.1886596679688,844.1886596679688,844.1886596679688,844.1886596679688,1000,0.0,0.0
2015-09-29 00:00:00+09:00,844.1886326210172,852.5304175283394,844.1886326210172,850.862060546875,3500,0.0,0.0
2015-09-30 00:00:00+09:00,850.8621775106606,854.198891932271,837.5153198242188,837.5153198242188,2500,0.0,0.0
2015-10-01 00:00:00+09:00,827.5051657601861,834.1785945163166,827.5051657601861,829.1735229492188,4000,0.0,0.0
2015-10-02 00:00:00+09:00,835.8468386772452,835.8468386772452,819.1632690429688,819.1632690429688,1500,0.0,0.0
2015-10-05 00:00:00+09:00,835.8469460449219,835.8469460449219,834.1785888671875,834.1785888671875,3500,0.0,0.0
2015-10-06 00:00:00+09:00,834.1785888671875,834.1785888671875,834.1785888671875,834.1785888671875,2000,0.0,0.0
2015-10-07 00:00:00+09:00,834.1785109186746,834.1785109186746,829.1734398531627,830.841796875,4000,0.0,0.0
2015-10-08 00:00:00+09:00,830.8418745117187,834.1785888671875,830.8418745117187,834.1785888671875,6000,0.0,0.0
2015-10-09 00:00:00+09:00,834.1785888671875,834.1785888671875,834.1785888671875,834.1785888671875,2000,0.0,0.0
2015-10-13 00:00:00+09:00,834.1785888671875,835.8469460449219,834.1785888671875,834.1785888671875,5000,0.0,0.0
2015-10-14 00:00:00+09:00,827.50516015625,834.1785888671875,827.50516015625,834.1785888671875,2000,0.0,0.0
2015-10-15 00:00:00+09:00,825.8367919921875,825.8367919921875,825.8367919921875,825.8367919921875,5500,0.0,0.0
2015-10-16 00:00:00+09:00,812.4899291992188,812.4899291992188,812.4899291992188,812.4899291992188,2000,0.0,0.0
2015-10-19 00:00:00+09:00,812.4899291992188,812.4899291992188,812.4899291992188,812.4899291992188,1000,0.0,0.0
2015-10-20 00:00:00+09:00,812.4898785692242,812.4898785692242,802.479736328125,802.479736328125,3000,0.0,0.0
2015-10-21 00:00:00+09:00,802.4797478821052,810.821533203125,802.4797478821052,810.821533203125,2500,0.0,0.0
2015-10-22 00:00:00+09:00,810.8216271225288,817.4950561523438,810.8216271225288,817.4950561523438,2500,0.0,0.0
2015-10-23 00:00:00+09:00,817.4950561523438,817.4950561523438,817.4950561523438,817.4950561523438,500,0.0,0.0
2015-10-26 00:00:00+09:00,812.4899457997827,817.4950173344837,812.4899457997827,815.82666015625,2500,0.0,0.0
2015-10-27 00:00:00+09:00,815.8266882198373,815.8266882198373,809.1532592773438,809.1532592773438,5000,0.0,0.0
2015-10-28 00:00:00+09:00,804.1481875704735,809.1532592773438,804.1481875704735,809.1532592773438,4000,0.0,0.0
2015-10-29 00:00:00+09:00,809.1532592773438,809.1532592773438,809.1532592773438,809.1532592773438,1500,0.0,0.0
2015-10-30 00:00:00+09:00,804.1481875704735,809.1532592773438,804.1481875704735,809.1532592773438,1000,0.0,0.0
2015-11-02 00:00:00+09:00,804.1480933683082,804.1480933683082,802.479736328125,802.479736328125,1500,0.0,0.0
2015-11-04 00:00:00+09:00,802.4798029815802,804.148160160336,795.8063742665566,797.4747314453125,5500,0.0,0.0
2015-11-05 00:00:00+09:00,797.4746871948242,800.8114013671875,797.4746871948242,800.8114013671875,1500,0.0,0.0
2015-11-06 00:00:00+09:00,799.1430886240685,800.8114458028243,795.8063742665566,797.4747314453125,4000,0.0,0.0
2015-11-09 00:00:00+09:00,800.8114180822096,804.1481323242188,800.8114180822096,804.1481323242188,2500,0.0,0.0
2015-11-10 00:00:00+09:00,805.8164133355477,820.8316260063964,805.8164133355477,819.1632690429688,7000,0.0,0.0
2015-11-11 00:00:00+09:00,830.8417798934444,837.5152078443957,827.5050659179688,827.5050659179688,9500,0.0,0.0
2015-11-12 00:00:00+09:00,827.5050659179688,827.5050659179688,827.5050659179688,827.5050659179688,1000,0.0,0.0
2015-11-13 00:00:00+09:00,827.5050659179688,827.5050659179688,827.5050659179688,827.5050659179688,7000,0.0,0.0
2015-11-16 00:00:00+09:00,827.50516015625,834.1785888671875,827.50516015625,834.1785888671875,3500,0.0,0.0
2015-11-17 00:00:00+09:00,834.1785888671875,834.1785888671875,834.1785888671875,834.1785888671875,2000,0.0,0.0
2015-11-18 00:00:00+09:00,842.5202788076093,842.5202788076093,827.5050659179688,827.5050659179688,1000,0.0,0.0
2015-11-19 00:00:00+09:00,834.1785945163166,842.5203804614798,829.1735229492188,829.1735229492188,3000,0.0,0.0
2015-11-20 00:00:00+09:00,829.1735173339844,834.1785888671875,829.1735173339844,834.1785888671875,1000,0.0,0.0
2015-11-24 00:00:00+09:00,839.1836604003906,839.1836604003906,834.1785888671875,834.1785888671875,4000,0.0,0.0
2015-11-25 00:00:00+09:00,834.1785109186746,834.1785109186746,830.841796875,830.841796875,3000,0.0,0.0
2015-11-26 00:00:00+09:00,827.5050659179688,827.5050659179688,827.5050659179688,827.5050659179688,5000,0.0,0.0
2015-11-27 00:00:00+09:00,827.5050726996527,840.8519287109375,814.158216688368,840.8519287109375,16000,0.0,0.0
2015-11-30 00:00:00+09:00,907.5862322443181,942.6217301802201,895.9077329323508,917.5963745117188,70000,0.0,0.0
2015-12-01 00:00:00+09:00,910.9229463334516,917.5963745117188,887.565947709517,917.5963745117188,20000,0.0,0.0
2015-12-02 00:00:00+09:00,934.2800236595249,945.9585239552689,907.5863086978242,939.2850952148438,23000,0.0,0.0
2015-12-03 00:00:00+09:00,959.3052978515625,977.6572252887229,952.6318696925952,959.3052978515625,38000,0.0,0.0
2015-12-04 00:00:00+09:00,954.3003260294596,960.9737548828125,942.621825536092,960.9737548828125,10500,0.0,0.0
2015-12-07 00:00:00+09:00,964.310464133679,964.310464133679,944.2901776810767,947.6268920898438,10500,0.0,0.0
2015-12-08 00:00:00+09:00,952.6319301956935,952.6319301956935,925.9382158644656,940.9534301757812,11000,0.0,0.0
2015-12-09 00:00:00+09:00,924.2698257446289,934.2799682617188,912.5913261413574,934.2799682617188,14000,0.0,0.0
2015-12-10 00:00:00+09:00,934.2798951295044,934.2798951295044,917.5963255736204,925.9381103515625,4500,0.0,0.0
2015-12-11 00:00:00+09:00,912.5912982188771,927.6065115350926,912.5912982188771,922.6014404296875,16500,0.0,0.0
2015-12-14 00:00:00+09:00,917.596463493375,922.6015351124298,904.2496058425623,910.9230346679688,13000,0.0,0.0
2015-12-15 00:00:00+09:00,912.5912797715928,917.5963507758246,899.2444237603081,900.9127807617188,13500,0.0,0.0
2015-12-16 00:00:00+09:00,902.5811874817465,904.2495445750584,885.8976165486273,892.571044921875,7500,0.0,0.0
2015-12-17 00:00:00+09:00,900.9128695815357,917.5964412404529,894.2394409179688,894.2394409179688,12000,0.0,0.0
2015-12-18 00:00:00+09:00,894.239395865453,894.239395865453,879.2241821289062,879.2241821289062,4500,0.0,0.0
2015-12-21 00:00:00+09:00,879.224209787285,880.8925669216062,872.55078125,872.55078125,7000,0.0,0.0
2015-12-22 00:00:00+09:00,879.2242100176294,892.5710670956959,864.2089958048045,890.9027099609375,6000,0.0,0.0
2015-12-24 00:00:00+09:00,895.9077357700893,895.9077357700893,872.5507370721725,875.887451171875,8500,0.0,0.0
2015-12-25 00:00:00+09:00,875.887451171875,875.887451171875,875.887451171875,875.887451171875,0,0.0,0.0
2015-12-28 00:00:00+09:00,894.2393044008027,910.922873512758,894.2393044008027,909.2545166015625,10500,0.0,0.0
2015-12-29 00:00:00+09:00,900.9128639914773,905.9179354580966,895.907792524858,899.2445068359375,4000,0.0,0.0
2015-12-30 00:00:00+09:00,909.2545997395234,909.2545997395234,904.2495285482968,907.5862426757812,4000,0.0,0.0
2016-01-04 00:00:00+09:00,917.5964013215537,917.5964013215537,892.571044921875,892.571044921875,7000,0.0,0.0
2016-01-05 00:00:00+09:00,895.9077132192401,895.9077132192401,877.5557861328125,877.5557861328125,3000,0.0,0.0
2016-01-06 00:00:00+09:00,877.5558250470677,879.2241821289062,877.5558250470677,879.2241821289062,2000,0.0,0.0
2016-01-07 00:00:00+09:00,880.8925170898438,897.5760874892727,880.8925170898438,880.8925170898438,6000,0.0,0.0
2016-01-08 00:00:00+09:00,880.8925452686916,892.571044921875,875.8874739887558,892.571044921875,4000,0.0,0.0
2016-01-12 00:00:00+09:00,880.892473098467,884.2291870117188,869.2139744020858,884.2291870117188,2000,0.0,0.0
2016-01-13 00:00:00+09:00,877.5558358044176,882.5609071112868,869.2140502929688,869.2140502929688,3500,0.0,0.0
2016-01-14 00:00:00+09:00,870.8823443244485,870.8823443244485,834.1784907322303,850.862060546875,12000,0.0,0.0
2016-01-15 00:00:00+09:00,850.862060546875,850.862060546875,850.862060546875,850.862060546875,7000,0.0,0.0
2016-01-18 00:00:00+09:00,835.8468577067057,840.8519287109375,830.8417867024739,840.8519287109375,6000,0.0,0.0
2016-01-19 00:00:00+09:00,840.8519287109375,840.8519287109375,840.8519287109375,840.8519287109375,1000,0.0,0.0
2016-01-20 00:00:00+09:00,849.1936506617791,849.1936506617791,799.1429443359375,799.1429443359375,9000,0.0,0.0
2016-01-21 00:00:00+09:00,799.1429443359375,839.1835093966108,799.1429443359375,799.1429443359375,9000,0.0,0.0
2016-01-22 00:00:00+09:00,785.7961934824459,814.1582641601562,785.7961934824459,814.1582641601562,4500,0.0,0.0
2016-01-25 00:00:00+09:00,832.5101050192983,839.1835327148438,832.5101050192983,839.1835327148438,7000,0.0,0.0
2016-01-26 00:00:00+09:00,839.1835327148438,839.1835327148438,839.1835327148438,839.1835327148438,1000,0.0,0.0
2016-01-27 00:00:00+09:00,840.8518896387302,840.8518896387302,839.1835327148438,839.1835327148438,1500,0.0,0.0
2016-01-28 00:00:00+09:00,839.1835448497862,847.5253295898438,839.1835448497862,847.5253295898438,1500,0.0,0.0
2016-01-29 00:00:00+09:00,847.5253295898438,847.5253295898438,834.1784740057517,847.5253295898438,2000,0.0,0.0
2016-02-01 00:00:00+09:00,849.1937866210938,859.203929488926,849.1937866210938,849.1937866210938,5000,0.0,0.0
2016-02-02 00:00:00+09:00,865.8773749961778,865.8773749961778,852.530517578125,852.530517578125,2000,0.0,0.0
2016-02-03 00:00:00+09:00,852.5304329085969,852.5304329085969,835.8468627929688,835.8468627929688,3500,0.0,0.0
2016-02-04 00:00:00+09:00,834.1785888671875,834.1785888671875,834.1785888671875,834.1785888671875,2000,0.0,0.0
2016-02-05 00:00:00+09:00,834.1785777698864,834.1785777698864,825.8367919921875,825.8367919921875,4000,0.0,0.0
2016-02-08 00:00:00+09:00,825.8367919921875,825.8367919921875,825.8367919921875,825.8367919921875,500,0.0,0.0
2016-02-09 00:00:00+09:00,825.8367919921875,825.8367919921875,814.1582919034091,825.8367919921875,4500,0.0,0.0
2016-02-10 00:00:00+09:00,825.8367576599121,834.1785430908203,800.8114013671875,800.8114013671875,14500,0.0,0.0
2016-02-12 00:00:00+09:00,767.4442331414473,767.4442331414473,715.7251652558281,729.072021484375,12000,0.0,0.0
2016-02-15 00:00:00+09:00,757.4341051825162,774.11767578125,757.4341051825162,774.11767578125,8500,0.0,0.0
2016-02-16 00:00:00+09:00,759.1024219884281,767.4442068454439,754.0973510742188,754.0973510742188,4500,0.0,0.0
2016-02-17 00:00:00+09:00,790.8012474300987,792.4696044921875,790.8012474300987,792.4696044921875,3000,0.0,0.0
2016-02-18 00:00:00+09:00,800.8114013671875,800.8114013671875,800.8114013671875,800.8114013671875,500,0.0,0.0
2016-02-19 00:00:00+09:00,800.8114013671875,800.8114013671875,800.8114013671875,800.8114013671875,500,0.0,0.0
2016-02-22 00:00:00+09:00,787.4645774147727,792.469648881392,787.4645774147727,789.1329345703125,3000,0.0,0.0
2016-02-23 00:00:00+09:00,792.4695168258253,799.1429443359375,792.4695168258253,799.1429443359375,6500,0.0,0.0
2016-02-24 00:00:00+09:00,787.4644945361946,790.8012084960938,787.4644945361946,790.8012084960938,1500,0.0,0.0
2016-02-25 00:00:00+09:00,817.4950561523438,817.4950561523438,817.4950561523438,817.4950561523438,1000,0.0,0.0
2016-02-26 00:00:00+09:00,800.8114013671875,800.8114013671875,800.8114013671875,800.8114013671875,1000,0.0,0.0
2016-02-29 00:00:00+09:00,814.1583416374363,817.4950561523438,814.1583416374363,817.4950561523438,2000,0.0,0.0
2016-03-01 00:00:00+09:00,815.8266212588451,815.8266212588451,814.1582641601562,814.1582641601562,2000,0.0,0.0
2016-03-02 00:00:00+09:00,827.5051714321862,827.5051714321862,824.16845703125,824.16845703125,2000,0.0,0.0
2016-03-03 00:00:00+09:00,824.16845703125,824.16845703125,824.16845703125,824.16845703125,2000,0.0,0.0
2016-03-04 00:00:00+09:00,830.841796875,830.841796875,830.841796875,830.841796875,1000,0.0,0.0
2016-03-07 00:00:00+09:00,830.841796875,830.841796875,830.841796875,830.841796875,0,0.0,0.0
2016-03-08 00:00:00+09:00,830.841796875,830.841796875,830.841796875,830.841796875,500,0.0,0.0
2016-03-09 00:00:00+09:00,830.841796875,830.841796875,830.841796875,830.841796875,500,0.0,0.0
2016-03-10 00:00:00+09:00,830.841796875,830.841796875,830.841796875,830.841796875,0,0.0,0.0
2016-03-11 00:00:00+09:00,830.841796875,830.841796875,830.841796875,830.841796875,0,0.0,0.0
2016-03-14 00:00:00+09:00,832.5102316894531,834.1785888671875,830.8418745117187,834.1785888671875,2500,0.0,0.0
2016-03-15 00:00:00+09:00,840.8519603587963,840.8519603587963,810.821533203125,810.821533203125,3500,0.0,0.0
2016-03-16 00:00:00+09:00,819.1634134097975,819.1634134097975,817.4950561523438,817.4950561523438,1500,0.0,0.0
2016-03-17 00:00:00+09:00,819.1632690429688,820.8316260063964,819.1632690429688,819.1632690429688,3000,0.0,0.0
2016-03-18 00:00:00+09:00,819.1632690429688,819.1632690429688,817.4949120795411,819.1632690429688,4000,0.0,0.0
2016-03-22 00:00:00+09:00,805.8164133355477,825.8366968966793,805.8164133355477,819.1632690429688,10000,0.0,0.0
2016-03-23 00:00:00+09:00,819.1633467916058,829.1734895222569,819.1633467916058,822.5000610351562,4500,0.0,0.0
2016-03-24 00:00:00+09:00,819.1632690429688,819.1632690429688,810.8214842258305,819.1632690429688,5000,0.0,0.0
2016-03-25 00:00:00+09:00,829.1734108235346,832.5101247503899,819.1632690429688,819.1632690429688,4000,0.0,0.0
2016-03-28 00:00:00+09:00,824.1684073713834,832.5101928710938,824.1684073713834,832.5101928710938,6000,0.0,0.0
2016-03-29 00:00:00+09:00,823.8562407622466,835.9717737146326,823.8562407622466,832.5101928710938,6000,36.0,0.0
2016-03-30 00:00:00+09:00,835.9717407226562,835.9717407226562,835.9717407226562,835.9717407226562,1500,0.0,0.0
2016-03-31 00:00:00+09:00,832.5101928710938,832.5101928710938,830.7794024493243,832.5101928710938,1500,0.0,0.0
2016-04-01 00:00:00+09:00,834.2409385681152,834.2409385681152,829.0485675811767,830.7793579101562,3500,0.0,0.0
2016-04-04 00:00:00+09:00,834.2409832928631,835.9717737146326,827.3178216057854,832.5101928710938,4000,0.0,0.0
2016-04-05 00:00:00+09:00,827.3178100585938,829.0486004562059,822.1254388657574,827.3178100585938,5500,0.0,0.0
2016-04-06 00:00:00+09:00,822.1254272460938,822.1254272460938,822.1254272460938,822.1254272460938,1000,0.0,0.0
2016-04-07 00:00:00+09:00,822.1254272460938,822.1254272460938,822.1254272460938,822.1254272460938,0,0.0,0.0
2016-04-08 00:00:00+09:00,830.7794024493243,832.5101928710938,830.7794024493243,832.5101928710938,2000,0.0,0.0
2016-04-11 00:00:00+09:00,827.3178100585938,827.3178100585938,827.3178100585938,827.3178100585938,500,0.0,0.0
2016-04-12 00:00:00+09:00,829.0485229492188,829.0485229492188,829.0485229492188,829.0485229492188,5000,0.0,0.0
2016-04-13 00:00:00+09:00,830.7793579101562,830.7793579101562,830.7793579101562,830.7793579101562,500,0.0,0.0
2016-04-14 00:00:00+09:00,841.1641466094226,856.741260435523,841.1641466094226,851.5488891601562,4500,0.0,0.0
2016-04-15 00:00:00+09:00,863.6643631861177,870.5875244140625,863.6643631861177,870.5875244140625,5500,0.0,0.0
2016-04-18 00:00:00+09:00,860.2027751553444,860.2027751553444,858.4719848632812,858.4719848632812,1000,0.0,0.0
2016-04-19 00:00:00+09:00,865.3952026367188,865.3952026367188,865.3952026367188,865.3952026367188,1000,0.0,0.0
2016-04-20 00:00:00+09:00,865.3952026367188,865.3952026367188,865.3952026367188,865.3952026367188,1000,0.0,0.0
2016-04-21 00:00:00+09:00,874.0491333007812,874.0491333007812,874.0491333007812,874.0491333007812,1000,0.0,0.0
2016-04-22 00:00:00+09:00,870.5875244140625,870.5875244140625,870.5875244140625,870.5875244140625,500,0.0,0.0
2016-04-25 00:00:00+09:00,880.9723162841797,880.9723162841797,865.3952026367188,865.3952026367188,3000,0.0,0.0
2016-04-26 00:00:00+09:00,865.3952026367188,865.3952026367188,865.3952026367188,865.3952026367188,0,0.0,0.0
2016-04-27 00:00:00+09:00,861.9336547851562,861.9336547851562,861.9336547851562,861.9336547851562,1000,0.0,0.0
2016-04-28 00:00:00+09:00,861.9336547851562,861.9336547851562,861.9336547851562,861.9336547851562,3000,0.0,0.0
2016-05-02 00:00:00+09:00,853.2796513771524,853.2796513771524,848.0872802734375,848.0872802734375,1000,0.0,0.0
2016-05-06 00:00:00+09:00,861.9336547851562,861.9336547851562,861.9336547851562,861.9336547851562,500,0.0,0.0
2016-05-09 00:00:00+09:00,861.9336547851562,861.9336547851562,861.9336547851562,861.9336547851562,0,0.0,0.0
2016-05-10 00:00:00+09:00,865.3952026367188,865.3952026367188,863.6644122314453,865.3952026367188,1500,0.0,0.0
2016-05-11 00:00:00+09:00,865.3952026367188,865.3952026367188,865.3952026367188,865.3952026367188,1500,0.0,0.0
2016-05-12 00:00:00+09:00,868.8567785838294,872.318359375,868.8567785838294,872.318359375,1000,0.0,0.0
2016-05-13 00:00:00+09:00,874.0491286242172,880.9722900390625,874.0491286242172,880.9722900390625,2500,0.0,0.0
2016-05-16 00:00:00+09:00,915.5881412563039,927.7036743164062,882.7031229503119,927.7036743164062,27000,0.0,0.0
2016-05-17 00:00:00+09:00,936.357644329141,945.0115966796875,917.3189491579384,945.0115966796875,5000,0.0,0.0
2016-05-18 00:00:00+09:00,945.0115966796875,945.0115966796875,945.0115966796875,945.0115966796875,0,0.0,0.0
2016-05-19 00:00:00+09:00,938.0883624953241,939.8191528320312,903.4725557611793,939.8191528320312,12000,0.0,0.0
2016-05-20 00:00:00+09:00,905.2034635615528,920.7805786132812,898.2803013163401,920.7805786132812,4000,0.0,0.0
2016-05-23 00:00:00+09:00,903.4726117329955,903.4726117329955,901.7418212890626,901.7418212890625,1500,0.0,0.0
2016-05-24 00:00:00+09:00,901.7417674209132,915.5880901452267,901.7417674209132,913.8572998046875,2000,0.0,0.0
2016-05-25 00:00:00+09:00,924.2420177240481,924.2420177240481,903.4725341796875,903.4725341796875,4500,0.0,0.0
2016-05-26 00:00:00+09:00,913.8573044638597,915.5880948132232,905.2033527170429,906.9341430664062,2500,0.0,0.0
2016-05-27 00:00:00+09:00,903.4726396783133,905.2034301757812,896.5494776884411,905.2034301757812,4000,0.0,0.0
2016-05-30 00:00:00+09:00,915.5881731605895,917.3189636580576,905.2034301757812,905.2034301757812,2000,0.0,0.0
2016-05-31 00:00:00+09:00,922.5112540222054,932.89599609375,915.5880926411758,932.89599609375,3500,0.0,0.0
2016-06-01 00:00:00+09:00,915.5880901452267,915.5880901452267,913.8572998046875,913.8572998046875,1000,0.0,0.0
2016-06-02 00:00:00+09:00,913.8573044638597,913.8573044638597,901.7417720183162,906.9341430664062,2000,0.0,0.0
2016-06-03 00:00:00+09:00,896.5495161576705,896.5495161576705,894.8187255859375,894.8187255859375,4000,0.0,0.0
2016-06-06 00:00:00+09:00,894.8187255859375,894.8187255859375,894.8187255859375,894.8187255859375,1000,0.0,0.0
2016-06-07 00:00:00+09:00,887.8954514539078,887.8954514539078,880.9722900390625,880.9722900390625,4500,0.0,0.0
2016-06-08 00:00:00+09:00,882.7030827448918,900.010986328125,882.7030827448918,900.010986328125,6000,0.0,0.0
2016-06-09 00:00:00+09:00,898.2802124023438,898.2802124023438,898.2802124023438,898.2802124023438,1000,0.0,0.0
2016-06-10 00:00:00+09:00,896.5493774414062,898.2801677453472,896.5493774414062,896.5493774414062,2000,0.0,0.0
2016-06-13 00:00:00+09:00,891.3570488156296,891.3570488156296,872.3183545690822,879.2415161132812,8500,0.0,0.0
2016-06-14 00:00:00+09:00,874.0491613504685,882.7031134430474,867.1259996764054,877.5107421875,7000,0.0,0.0
2016-06-15 00:00:00+09:00,877.5107421875,877.5107421875,867.1259996764054,877.5107421875,8000,0.0,0.0
2016-06-16 00:00:00+09:00,867.1259930419922,872.3183642578125,855.0104602050782,865.3952026367188,5500,0.0,0.0
2016-06-17 00:00:00+09:00,860.2028246525576,860.2028246525576,853.2796630859375,853.2796630859375,1500,0.0,0.0
2016-06-20 00:00:00+09:00,853.2797024278756,865.3952357280685,837.7025881847703,861.9336547851562,8000,0.0,0.0
2016-06-21 00:00:00+09:00,861.9336547851562,861.9336547851562,861.9336547851562,861.9336547851562,0,0.0,0.0
2016-06-22 00:00:00+09:00,861.9336547851562,861.9336547851562,861.9336547851562,861.9336547851562,0,0.0,0.0
2016-06-23 00:00:00+09:00,861.9336032166773,861.9336032166773,848.0872802734375,848.0872802734375,1000,0.0,0.0
2016-06-24 00:00:00+09:00,872.3183725717905,872.3183725717905,825.587031184016,832.5101928710938,7500,0.0,0.0
2016-06-27 00:00:00+09:00,841.1641958037769,846.3565673828125,832.5102431720508,846.3565673828125,3500,0.0,0.0
2016-06-28 00:00:00+09:00,855.0104042791552,865.3951460315336,855.0104042791552,858.4719848632812,3500,0.0,0.0
2016-06-29 00:00:00+09:00,867.1259510713464,882.7030639648438,867.1259510713464,882.7030639648438,1000,0.0,0.0
2016-06-30 00:00:00+09:00,893.0878058938418,900.0109671798407,880.972273643344,882.7030639648438,7000,0.0,0.0
2016-07-01 00:00:00+09:00,925.9728606601931,925.9728606601931,917.3189086914062,917.3189086914062,23500,0.0,0.0
2016-07-04 00:00:00+09:00,910.3957091088388,910.3957091088388,877.5106930003446,882.7030639648438,2000,0.0,0.0
2016-07-05 00:00:00+09:00,882.7030639648438,882.7030639648438,882.7030639648438,882.7030639648438,0,0.0,0.0
2016-07-06 00:00:00+09:00,853.2797075649987,861.93365997438,853.2797075649987,855.010498046875,2000,0.0,0.0
2016-07-07 00:00:00+09:00,855.010498046875,855.010498046875,855.010498046875,855.010498046875,500,0.0,0.0
2016-07-08 00:00:00+09:00,855.010498046875,855.010498046875,855.010498046875,855.010498046875,0,0.0,0.0
2016-07-11 00:00:00+09:00,855.010498046875,855.010498046875,855.010498046875,855.010498046875,0,0.0,0.0
2016-07-12 00:00:00+09:00,884.4339599609375,884.4339599609375,884.4339599609375,884.4339599609375,500,0.0,0.0
2016-07-13 00:00:00+09:00,882.7030639648438,882.7030639648438,882.7030639648438,882.7030639648438,500,0.0,0.0
2016-07-14 00:00:00+09:00,891.3569946289062,891.3569946289062,891.3569946289062,891.3569946289062,1000,0.0,0.0
2016-07-15 00:00:00+09:00,891.3569946289062,891.3569946289062,891.3569946289062,891.3569946289062,3000,0.0,0.0
2016-07-19 00:00:00+09:00,874.0491333007812,874.0491333007812,874.0491333007812,874.0491333007812,1000,0.0,0.0
2016-07-20 00:00:00+09:00,882.7031694326382,884.4339599609375,875.780007319441,884.4339599609375,5500,0.0,0.0
2016-07-21 00:00:00+09:00,884.4339599609375,894.8187031307332,884.4339599609375,884.4339599609375,2500,0.0,0.0
2016-07-22 00:00:00+09:00,879.2415161132812,879.2415161132812,879.2415161132812,879.2415161132812,1500,0.0,0.0
2016-07-25 00:00:00+09:00,917.3189086914062,917.3189086914062,917.3189086914062,917.3189086914062,10000,0.0,0.0
2016-07-26 00:00:00+09:00,884.4338921440972,884.4338921440972,872.318359375,872.318359375,4500,0.0,0.0
2016-07-27 00:00:00+09:00,872.318359375,872.318359375,872.318359375,872.318359375,0,0.0,0.0
2016-07-28 00:00:00+09:00,872.318359375,872.318359375,872.318359375,872.318359375,500,0.0,0.0
2016-07-29 00:00:00+09:00,872.318359375,872.318359375,872.318359375,872.318359375,500,0.0,0.0
2016-08-01 00:00:00+09:00,874.0491333007812,874.0491333007812,874.0491333007812,874.0491333007812,500,0.0,0.0
2016-08-02 00:00:00+09:00,882.7030639648438,882.7030639648438,882.7030639648438,882.7030639648438,500,0.0,0.0
2016-08-03 00:00:00+09:00,882.7030899139222,893.0878321482036,858.4720247005988,867.1259765625,5000,0.0,0.0
2016-08-04 00:00:00+09:00,856.7411945712182,860.2027751553444,856.7411945712182,858.4719848632812,14000,0.0,0.0
2016-08-05 00:00:00+09:00,858.4719848632812,858.4719848632812,858.4719848632812,858.4719848632812,1000,0.0,0.0
2016-08-08 00:00:00+09:00,858.4719848632812,858.4719848632812,858.4719848632812,858.4719848632812,0,0.0,0.0
2016-08-09 00:00:00+09:00,861.9336547851562,861.9336547851562,861.9336547851562,861.9336547851562,500,0.0,0.0
2016-08-10 00:00:00+09:00,870.5875244140625,870.5875244140625,870.5875244140625,870.5875244140625,1000,0.0,0.0
2016-08-12 00:00:00+09:00,867.1260160061682,879.241549163939,867.1260160061682,875.7799682617188,3000,0.0,0.0
2016-08-15 00:00:00+09:00,880.9722900390625,880.9722900390625,880.9722900390625,880.9722900390625,2500,0.0,0.0
2016-08-16 00:00:00+09:00,880.9722900390625,880.9722900390625,880.9722900390625,880.9722900390625,0,0.0,0.0
2016-08-17 00:00:00+09:00,880.9722900390625,880.9722900390625,880.9722900390625,880.9722900390625,0,0.0,0.0
2016-08-18 00:00:00+09:00,880.9722900390625,880.9722900390625,880.9722900390625,880.9722900390625,0,0.0,0.0
2016-08-19 00:00:00+09:00,874.0491428797394,874.0491428797394,860.2028198242188,860.2028198242188,4000,0.0,0.0
2016-08-22 00:00:00+09:00,860.2028198242188,860.2028198242188,860.2028198242188,860.2028198242188,0,0.0,0.0
2016-08-23 00:00:00+09:00,860.2028643137002,861.9336547851562,860.2028643137002,861.9336547851562,1000,0.0,0.0
2016-08-24 00:00:00+09:00,861.9336547851562,861.9336547851562,861.9336547851562,861.9336547851562,0,0.0,0.0
2016-08-25 00:00:00+09:00,861.9336102061588,861.9336102061588,860.2028198242188,860.2028198242188,3500,0.0,0.0
2016-08-26 00:00:00+09:00,860.2028198242188,860.2028198242188,860.2028198242188,860.2028198242188,1000,0.0,0.0
2016-08-29 00:00:00+09:00,858.4720624210859,858.4720624210859,856.7412719726562,856.7412719726562,2500,0.0,0.0
2016-08-30 00:00:00+09:00,856.7412719726562,856.7412719726562,856.7412719726562,856.7412719726562,0,0.0,0.0
2016-08-31 00:00:00+09:00,856.7412719726562,856.7412719726562,856.7412719726562,856.7412719726562,0,0.0,0.0
2016-09-01 00:00:00+09:00,856.7412719726562,856.7412719726562,856.7412719726562,856.7412719726562,0,0.0,0.0
2016-09-02 00:00:00+09:00,860.2028198242188,860.2028198242188,860.2028198242188,860.2028198242188,500,0.0,0.0
2016-09-05 00:00:00+09:00,849.8181037277473,851.548894163038,844.625732421875,844.625732421875,4000,0.0,0.0
2016-09-06 00:00:00+09:00,844.625732421875,844.625732421875,844.625732421875,844.625732421875,500,0.0,0.0
2016-09-07 00:00:00+09:00,844.6257489652849,844.6257489652849,842.8949584960938,842.8949584960938,1500,0.0,0.0
2016-09-08 00:00:00+09:00,842.8948856070022,842.8948856070022,835.9717243289159,837.7025146484375,5500,0.0,0.0
2016-09-09 00:00:00+09:00,837.7025310761193,837.7025310761193,832.5101600157301,835.9717407226562,2000,0.0,0.0
2016-09-12 00:00:00+09:00,837.7025859416032,837.7025859416032,823.8562622070312,823.8562622070312,6000,0.0,0.0
2016-09-13 00:00:00+09:00,823.8562622070312,823.8562622070312,823.8562622070312,823.8562622070312,500,0.0,0.0
2016-09-14 00:00:00+09:00,830.7794468036826,834.2410278320312,830.7794468036826,834.2410278320312,1500,0.0,0.0
2016-09-15 00:00:00+09:00,825.5870263168492,844.6257208440721,825.5870263168492,839.433349609375,6500,0.0,0.0
2016-09-16 00:00:00+09:00,830.7793579101562,830.7793579101562,830.7793579101562,830.7793579101562,1500,0.0,0.0
2016-09-20 00:00:00+09:00,830.7793131850209,830.7793131850209,829.0485229492188,829.0485229492188,2500,0.0,0.0
2016-09-21 00:00:00+09:00,837.7025146484375,837.7025146484375,837.7025146484375,837.7025146484375,500,0.0,0.0
2016-09-23 00:00:00+09:00,835.9717966193291,842.8949584960938,835.9717966193291,842.8949584960938,3500,0.0,0.0
2016-09-26 00:00:00+09:00,842.8949584960938,842.8949584960938,842.8949584960938,842.8949584960938,0,0.0,0.0
2016-09-27 00:00:00+09:00,848.0872802734375,848.0872802734375,848.0872802734375,848.0872802734375,500,0.0,0.0
2016-09-28 00:00:00+09:00,848.0872672171113,848.0872672171113,830.7793638045172,833.3755493164062,800,0.0,0.5
2016-09-29 00:00:00+09:00,835.9716815616604,845.4910278320312,835.9716815616604,845.4910278320312,2800,0.0,0.0
2016-09-30 00:00:00+09:00,843.7603256382893,843.7603256382893,839.433349609375,839.433349609375,600,0.0,0.0
2016-10-03 00:00:00+09:00,837.7025369461107,841.164117677293,837.7025369461107,838.5679321289062,2100,0.0,0.0
2016-10-04 00:00:00+09:00,846.3565336909033,846.3565336909033,840.2987670898438,840.2987670898438,1600,0.0,0.0
2016-10-05 00:00:00+09:00,847.2219566883388,847.2219566883388,833.3756325749441,834.2410278320312,3600,0.0,0.0
2016-10-06 00:00:00+09:00,837.7025146484375,837.7025146484375,837.7025146484375,837.7025146484375,200,0.0,0.0
2016-10-07 00:00:00+09:00,837.7025146484375,837.7025146484375,837.7025146484375,837.7025146484375,0,0.0,0.0
2016-10-11 00:00:00+09:00,838.5679823231159,843.7603537306893,838.5679823231159,842.8949584960938,1300,0.0,0.0
2016-10-12 00:00:00+09:00,840.2987341621595,843.7603149414062,839.4333389673477,843.7603149414062,2000,0.0,0.0
2016-10-13 00:00:00+09:00,842.0295426105135,865.3952133715452,842.0295426105135,861.0682373046875,3300,0.0,0.0
2016-10-14 00:00:00+09:00,861.0682480937303,861.0682480937303,856.7412719726562,856.7412719726562,300,0.0,0.0
2016-10-17 00:00:00+09:00,860.2027691570163,860.2027691570163,855.8757934570312,855.8757934570312,3300,0.0,0.0
2016-10-18 00:00:00+09:00,855.8758428191362,855.8758428191362,850.6834716796875,850.6834716796875,1900,0.0,0.0
2016-10-19 00:00:00+09:00,855.875859407353,855.875859407353,848.9526977539062,848.9526977539062,2400,0.0,0.0
2016-10-20 00:00:00+09:00,848.9526977539062,848.9526977539062,848.9526977539062,848.9526977539062,0,0.0,0.0
2016-10-21 00:00:00+09:00,849.8180541992188,849.8180541992188,849.8180541992188,849.8180541992188,600,0.0,0.0
2016-10-24 00:00:00+09:00,850.6835161702887,852.414306640625,850.6835161702887,852.414306640625,2100,0.0,0.0
2016-10-25 00:00:00+09:00,863.6644287109375,863.6644287109375,863.6644287109375,863.6644287109375,1700,0.0,0.0
2016-10-26 00:00:00+09:00,861.0682150151888,861.0682150151888,860.2028198242188,860.2028198242188,600,0.0,0.0
2016-10-27 00:00:00+09:00,857.6066284179688,857.6066284179688,857.6066284179688,857.6066284179688,500,0.0,0.0
2016-10-28 00:00:00+09:00,863.6643497170043,863.6643497170043,840.2986809370852,855.8757934570312,4000,0.0,0.0
2016-10-31 00:00:00+09:00,855.8757934570312,855.8757934570312,855.8757934570312,855.8757934570312,1200,0.0,0.0
2016-11-01 00:00:00+09:00,863.6644287109375,863.6644287109375,863.6644287109375,863.6644287109375,200,0.0,0.0
2016-11-02 00:00:00+09:00,863.6643807246767,882.7030744881465,856.7412193561422,878.3760986328125,3600,0.0,0.0
2016-11-04 00:00:00+09:00,856.7413385396998,861.068314996971,856.7413385396998,859.3375244140625,1900,0.0,0.0
2016-11-07 00:00:00+09:00,865.3952133715452,865.3952133715452,856.7412612378298,861.0682373046875,700,0.0,0.0
2016-11-08 00:00:00+09:00,865.3951920087065,869.72216796875,861.068216048663,869.72216796875,5200,0.0,0.0
2016-11-09 00:00:00+09:00,856.7412380090443,861.0682139585849,850.6834716796875,850.6834716796875,6500,0.0,0.0
2016-11-10 00:00:00+09:00,880.106943026456,880.106943026456,856.7412719726562,856.7412719726562,2400,0.0,0.0
2016-11-11 00:00:00+09:00,843.7603429340367,848.0873190516471,822.1254623459844,847.221923828125,18400,0.0,0.0
2016-11-14 00:00:00+09:00,851.5489170831224,855.010498046875,849.8181266012461,855.010498046875,2300,0.0,0.0
2016-11-15 00:00:00+09:00,855.010475784812,855.010475784812,854.1450805664062,854.1450805664062,3000,0.0,0.0
2016-11-16 00:00:00+09:00,852.4143123240606,855.010498046875,847.2219408784318,855.010498046875,700,0.0,0.0
2016-11-17 00:00:00+09:00,859.3374176648199,859.3374176648199,848.0872802734375,848.0872802734375,1900,0.0,0.0
2016-11-18 00:00:00+09:00,845.4911218625546,848.9527027094841,842.029541015625,842.029541015625,11200,0.0,0.0
2016-11-21 00:00:00+09:00,842.0295910669495,846.3565673828125,840.2988005406042,846.3565673828125,3500,0.0,0.0
2016-11-22 00:00:00+09:00,843.7603149414062,843.7603149414062,843.7603149414062,843.7603149414062,400,0.0,0.0
2016-11-24 00:00:00+09:00,843.7603372042297,845.4911276395204,843.7603372042297,844.625732421875,3000,0.0,0.0
2016-11-25 00:00:00+09:00,853.2796572494118,853.2796572494118,844.6257053503306,850.6834716796875,1300,0.0,0.0
2016-11-28 00:00:00+09:00,855.0104428627176,857.6066284179688,850.6834669372989,857.6066284179688,3100,0.0,0.0
2016-11-29 00:00:00+09:00,847.2219073405446,848.9526977539062,847.2219073405446,848.9526977539062,2000,0.0,0.0
2016-11-30 00:00:00+09:00,850.6835218421843,859.3374742515657,850.6835218421843,855.010498046875,5600,0.0,0.0
2016-12-01 00:00:00+09:00,859.337369652904,862.7989501953125,859.337369652904,862.7989501953125,2400,0.0,0.0
2016-12-02 00:00:00+09:00,865.3952026367188,866.2605978393555,856.7412506103516,865.3952026367188,8000,0.0,0.0
2016-12-05 00:00:00+09:00,858.472041015625,866.2605978393555,858.472041015625,865.3952026367188,7600,0.0,0.0
2016-12-06 00:00:00+09:00,870.5875573072605,870.5875573072605,864.5297910039296,867.1259765625,12700,0.0,0.0
2016-12-07 00:00:00+09:00,865.395219149236,865.395219149236,858.4720573960421,863.6644287109375,900,0.0,0.0
2016-12-08 00:00:00+09:00,865.3952026367188,865.3952026367188,857.6066458129883,865.3952026367188,6300,0.0,0.0
2016-12-09 00:00:00+09:00,865.3952242148043,865.3952242148043,856.7412719726562,856.7412719726562,5600,0.0,0.0
2016-12-12 00:00:00+09:00,861.9336054453593,890.4916465896333,861.9336054453593,867.1259765625,12700,0.0,0.0
2016-12-13 00:00:00+09:00,867.1259718488939,874.0491333007812,867.1259718488939,874.0491333007812,3800,0.0,0.0
2016-12-14 00:00:00+09:00,882.7030851156404,882.7030851156404,871.4529477563234,874.0491333007812,6600,0.0,0.0
2016-12-15 00:00:00+09:00,874.049138052021,875.7799284244012,865.3951861901198,867.1259765625,7000,0.0,0.0
2016-12-16 00:00:00+09:00,874.0491784656036,885.29931640625,861.9336452987536,885.29931640625,9600,0.0,0.0
2016-12-19 00:00:00+09:00,884.4339205172694,892.2224775472649,875.7799682617188,875.7799682617188,10700,0.0,0.0
2016-12-20 00:00:00+09:00,878.3760881610945,884.4338542863434,878.3760881610945,882.7030639648438,4200,0.0,0.0
2016-12-21 00:00:00+09:00,891.3569946289062,899.145550892654,886.1646237864078,891.3569946289062,5500,0.0,0.0
2016-12-22 00:00:00+09:00,893.9531800501555,893.9531800501555,886.1646237864078,891.3569946289062,4600,0.0,0.0
2016-12-26 00:00:00+09:00,896.5494151115417,897.4148102998734,886.1646728515625,886.1646728515625,8500,0.0,0.0
2016-12-27 00:00:00+09:00,891.3569946289062,895.6839703309884,886.1646237864078,891.3569946289062,4500,0.0,0.0
2016-12-28 00:00:00+09:00,890.4916369844748,891.3570321613304,880.9722900390625,880.9722900390625,2700,0.0,0.0
2016-12-29 00:00:00+09:00,880.9723006433936,880.9723006433936,874.0491391452138,876.6453247070312,1300,0.0,0.0
2016-12-30 00:00:00+09:00,876.645318845239,887.0300610230701,874.0491333007812,874.0491333007812,1300,0.0,0.0
2017-01-04 00:00:00+09:00,880.1069780374065,887.8955353651711,880.1069780374065,881.8377685546875,3000,0.0,0.0
2017-01-05 00:00:00+09:00,891.3570155723422,894.8185962153416,882.7030639648438,882.7030639648438,1900,0.0,0.0
2017-01-06 00:00:00+09:00,883.5685646967878,891.3571220741346,883.5685646967878,884.4339599609375,1200,0.0,0.0
2017-01-10 00:00:00+09:00,892.2224075860765,904.337939793841,892.2224075860765,899.1455688476562,12500,0.0,0.0
2017-01-11 00:00:00+09:00,903.4726124298878,923.3767025504696,900.0110315393518,911.2611694335938,9400,0.0,0.0
2017-01-12 00:00:00+09:00,921.6459345953289,921.6459345953289,863.6644532639795,912.1265869140625,20000,0.0,0.0
2017-01-13 00:00:00+09:00,911.2611423132555,917.3189086914062,908.6649567226194,917.3189086914062,5500,0.0,0.0
2017-01-16 00:00:00+09:00,919.9150862984035,919.9150862984035,895.6840209960938,895.6840209960938,8600,0.0,0.0
2017-01-17 00:00:00+09:00,895.6840880242158,907.7996215820312,895.6840880242158,907.7996215820312,4400,0.0,0.0
2017-01-18 00:00:00+09:00,906.9341430664062,906.9341430664062,904.3379575423612,906.9341430664062,10400,0.0,0.0
2017-01-19 00:00:00+09:00,906.9341430664062,906.9341430664062,906.0687478917246,906.9341430664062,1500,0.0,0.0
2017-01-20 00:00:00+09:00,897.414834504369,907.7995770444387,897.414834504369,906.0687866210938,1700,0.0,0.0
2017-01-23 00:00:00+09:00,906.068715200678,917.3188520656339,906.068715200678,910.3956909179688,2300,0.0,0.0
2017-01-24 00:00:00+09:00,908.6649050657777,908.6649050657777,900.0109535889608,903.4725341796875,4100,0.0,0.0
2017-01-25 00:00:00+09:00,925.9728381451399,925.9728381451399,911.261120155918,916.4534912109375,5300,0.0,0.0
2017-01-26 00:00:00+09:00,916.4534362103307,925.9727825732331,913.85725083863,919.0496215820312,2400,0.0,0.0
2017-01-27 00:00:00+09:00,919.0497048953067,928.5690521211526,917.3189144906074,919.9151000976562,5300,0.0,0.0
2017-01-30 00:00:00+09:00,919.0497880519781,920.7805786132812,919.0497880519781,920.7805786132812,3000,0.0,0.0
2017-01-31 00:00:00+09:00,918.1843927713265,925.9729502971907,918.1843927713265,920.7805786132812,2400,0.0,0.0
2017-02-01 00:00:00+09:00,917.3189809487864,927.7037241293386,917.3189809487864,922.5113525390625,3400,0.0,0.0
2017-02-02 00:00:00+09:00,927.7036297094043,928.569024886372,922.5112586475979,925.9728393554688,9200,0.0,0.0
2017-02-03 00:00:00+09:00,919.9151723235427,925.1075439453125,919.9151723235427,925.1075439453125,2400,0.0,0.0
2017-02-06 00:00:00+09:00,925.9729392156074,930.2999155670823,925.1075439453125,925.1075439453125,4600,0.0,0.0
2017-02-07 00:00:00+09:00,930.2997478281324,930.2997478281324,923.3765869140625,923.3765869140625,1200,0.0,0.0
2017-02-08 00:00:00+09:00,924.2419820283212,924.2419820283212,922.5111917998038,923.3765869140625,1600,0.0,0.0
2017-02-09 00:00:00+09:00,932.8960222352226,932.8960222352226,917.3189086914062,917.3189086914062,1400,0.0,0.0
2017-02-10 00:00:00+09:00,931.1652544400919,932.8960448758542,918.184326171875,918.184326171875,5100,0.0,0.0
2017-02-13 00:00:00+09:00,943.2808402233326,979.62744140625,943.2808402233326,979.62744140625,45300,0.0,0.0
2017-02-14 00:00:00+09:00,979.6272746128319,979.6272746128319,969.2425331858408,977.896484375,7000,0.0,0.0
2017-02-15 00:00:00+09:00,992.6082406867596,992.6082406867596,963.1848054789567,977.0311279296875,8600,0.0,0.0
2017-02-16 00:00:00+09:00,991.742901600487,991.742901600487,966.6464407397417,974.4349975585938,12300,0.0,0.0
2017-02-17 00:00:00+09:00,974.4349975585938,977.8965783669723,970.973416750215,974.4349975585938,13600,0.0,0.0
2017-02-20 00:00:00+09:00,974.4350041975055,989.146722733347,974.4350041975055,986.550537109375,10800,0.0,0.0
2017-02-21 00:00:00+09:00,986.550581576319,990.8775578113028,983.9543958353287,988.2813720703125,11900,0.0,0.0
2017-02-22 00:00:00+09:00,989.1468172746839,992.6083984375,982.2236549490518,992.6083984375,5900,0.0,0.0
2017-02-23 00:00:00+09:00,994.3390899473887,1008.1854132190668,994.3390899473887,1002.9930419921875,9800,0.0,0.0
2017-02-24 00:00:00+09:00,1019.4356798739047,1024.6280517578125,999.531587652258,1024.6280517578125,7100,0.0,0.0
2017-02-27 00:00:00+09:00,1028.9549893278613,1029.8203846090453,1018.5702459536524,1025.493408203125,3400,0.0,0.0
2017-02-28 00:00:00+09:00,1038.4742661277846,1049.7244040108355,1027.2241282447337,1048.8590087890625,9700,0.0,0.0
2017-03-01 00:00:00+09:00,1041.0702477855982,1051.4549884118885,1039.3394576812163,1047.993408203125,18800,0.0,0.0
2017-03-02 00:00:00+09:00,1054.051173568461,1055.7819636728427,1047.128013150934,1047.993408203125,5600,0.0,0.0
2017-03-03 00:00:00+09:00,1047.993691184304,1054.9168534712358,1039.3397383256392,1047.1282958984375,5900,0.0,0.0
2017-03-06 00:00:00+09:00,1054.051323469295,1054.051323469295,1039.3396054898385,1041.935791015625,3900,0.0,0.0
2017-03-07 00:00:00+09:00,1039.3394915134415,1058.3781832813816,1011.6468489418928,1028.08935546875,13900,0.0,0.0
2017-03-08 00:00:00+09:00,1038.4741571736454,1054.05126953125,1034.1471815187551,1054.05126953125,1200,0.0,0.0
2017-03-09 00:00:00+09:00,1045.3973182214697,1054.05126953125,1045.3973182214697,1054.05126953125,3200,0.0,0.0
2017-03-10 00:00:00+09:00,1056.647532613654,1056.647532613654,1051.4551614460192,1052.320556640625,2000,0.0,0.0
2017-03-13 00:00:00+09:00,1054.0512903478761,1055.7820806440138,1041.0703631268432,1045.3973388671875,5800,0.0,0.0
2017-03-14 00:00:00+09:00,1052.3205000517385,1052.3205000517385,1039.3395728307055,1045.3973388671875,5100,0.0,0.0
2017-03-15 00:00:00+09:00,1086.0709888302238,1097.3211265631267,1069.6284798359814,1079.1478271484375,51400,0.0,0.0
2017-03-16 00:00:00+09:00,1079.1477791508541,1097.321077757244,1073.0900129487243,1093.8594970703125,13200,0.0,0.0
2017-03-17 00:00:00+09:00,1092.994285199895,1093.8596805167597,1081.7441460806563,1084.34033203125,3500,0.0,0.0
2017-03-21 00:00:00+09:00,1086.070934661696,1095.590281499368,1080.878563659329,1091.2633056640625,8300,0.0,0.0
2017-03-22 00:00:00+09:00,1092.1287008311235,1092.1287008311235,1077.4169829910848,1091.2633056640625,3400,0.0,0.0
2017-03-23 00:00:00+09:00,1074.8207534656722,1097.321026887659,1072.2245680708274,1089.532470703125,3800,0.0,0.0
2017-03-24 00:00:00+09:00,1089.532488609338,1097.321044921875,1085.2055128801508,1097.321044921875,6400,0.0,0.0
2017-03-27 00:00:00+09:00,1097.3211832358068,1098.1865784907245,1086.071044921875,1086.071044921875,15500,0.0,0.0
2017-03-28 00:00:00+09:00,1086.9364509243846,1094.7250082956582,1069.628545654888,1072.2247314453125,16500,0.0,0.0
2017-03-29 00:00:00+09:00,1060.0104964602583,1073.969482421875,1060.0104964602583,1073.969482421875,3600,10.0,0.0
2017-03-30 00:00:00+09:00,1077.4591064453125,1077.4591064453125,1058.2655029296875,1062.627685546875,2300,0.0,0.0
2017-03-31 00:00:00+09:00,1057.3931902131276,1064.3726832178347,1020.7508519384153,1042.561767578125,8000,0.0,0.0
2017-04-03 00:00:00+09:00,1023.3681637510962,1057.3931922134088,1012.8989242242307,1025.9854736328125,4700,0.0,0.0
2017-04-04 00:00:00+09:00,1036.4548377403846,1041.6894581330127,1004.1746786525107,1020.7509765625,6200,0.0,0.0
2017-04-05 00:00:00+09:00,1004.1745623768531,1016.388675212019,969.277097133522,989.3431396484375,11500,0.0,0.0
2017-04-06 00:00:00+09:00,965.7872314453125,997.1949462890625,964.914794921875,972.7667236328125,8800,0.0,0.0
2017-04-07 00:00:00+09:00,973.6392822265625,991.0880148829525,973.6392822265625,973.6392822265625,3600,0.0,0.0
2017-04-10 00:00:00+09:00,973.6392814656612,979.746337890625,973.6392814656612,979.746337890625,700,0.0,0.0
2017-04-11 00:00:00+09:00,979.7464012373019,993.70538825404,967.5322875976561,967.5322875976562,10100,0.0,0.0
2017-04-12 00:00:00+09:00,993.7053931251264,993.7053931251264,943.1040649414062,943.1040649414062,15200,0.0,0.0
2017-04-13 00:00:00+09:00,946.5938087026025,958.8079223632812,939.6143151822147,958.8079223632812,6000,0.0,0.0
2017-04-14 00:00:00+09:00,949.2109987039171,949.2109987039171,942.2315060663882,946.5936889648438,2000,0.0,0.0
2017-04-17 00:00:00+09:00,946.5936889648438,948.338562124226,943.9763792257704,946.5936889648438,4100,0.0,0.0
2017-04-18 00:00:00+09:00,958.8077999066703,973.6392217432613,949.2109975418174,964.9148559570312,5000,0.0,0.0
2017-04-19 00:00:00+09:00,964.0425355714174,1001.557312973744,964.0425355714174,996.3226928710938,4500,0.0,0.0
2017-04-20 00:00:00+09:00,996.3226321574572,996.3226321574572,992.8328856350142,993.705322265625,1300,0.0,0.0
2017-04-21 00:00:00+09:00,991.9605681101482,1019.006106906467,991.9605681101482,1005.047119140625,4200,0.0,0.0
2017-04-24 00:00:00+09:00,999.8123784646144,1021.6232942251862,988.470702269117,995.4501953125,3900,0.0,0.0
2017-04-25 00:00:00+09:00,1010.281494140625,1010.281494140625,985.853271484375,990.2154541015625,4000,0.0,0.0
2017-04-26 00:00:00+09:00,991.9604487908085,998.0675052037686,989.3431388995399,995.4501953125,2500,0.0,0.0
2017-04-27 00:00:00+09:00,995.4502561873188,1006.7919330763942,995.4502561873188,996.3226928710938,2400,0.0,0.0
2017-04-28 00:00:00+09:00,998.93994140625,1003.3021245564956,998.0675047762008,998.93994140625,2500,0.0,0.0
2017-05-01 00:00:00+09:00,999.8124976788705,1035.5824037912907,999.8124976788705,1009.4093017578125,6900,0.0,0.0
2017-05-02 00:00:00+09:00,1033.837341985605,1033.837341985605,1013.7713007487536,1022.4956665039062,3000,0.0,0.0
2017-05-08 00:00:00+09:00,1022.4956665039064,1029.4751591080285,1017.2610470508147,1022.4956665039062,7300,0.0,0.0
2017-05-09 00:00:00+09:00,1205.707532949666,1217.049210177123,1125.4433556476622,1142.89208984375,140300,0.0,0.0
2017-05-10 00:00:00+09:00,1176.0445599768386,1176.0445599768386,1126.315672796809,1135.9124755859375,19600,0.0,0.0
2017-05-11 00:00:00+09:00,1135.9124751189509,1163.8304468576655,1135.9124751189509,1140.274658203125,23800,0.0,0.0
2017-05-12 00:00:00+09:00,1134.167726501938,1166.4478848716085,1125.443359375,1125.443359375,16100,0.0,0.0
2017-05-15 00:00:00+09:00,1046.924072265625,1073.0971740722657,1013.7714766438803,1046.924072265625,88200,0.0,0.0
2017-05-16 00:00:00+09:00,1046.9240764036017,1058.265753897974,1025.9855948755296,1029.475341796875,11300,0.0,0.0
2017-05-17 00:00:00+09:00,1030.3476567690063,1032.092530023484,1012.8989242242307,1025.9854736328125,34700,0.0,0.0
2017-05-18 00:00:00+09:00,1011.1541128264987,1016.3887329101562,986.7258857694306,1016.3887329101562,23700,0.0,0.0
2017-05-19 00:00:00+09:00,1020.750732421875,1033.8372802734375,1020.750732421875,1032.0924072265625,13100,0.0,0.0
2017-05-22 00:00:00+09:00,1090.545776464922,1110.6118187518764,1066.1175510721077,1089.67333984375,61900,0.0,0.0
2017-05-23 00:00:00+09:00,1099.270264060016,1099.270264060016,1081.821529709857,1097.525390625,15200,0.0,0.0
2017-05-24 00:00:00+09:00,1107.9945068359375,1107.9945068359375,1099.270140640379,1107.9945068359375,20200,0.0,0.0
2017-05-25 00:00:00+09:00,1107.9945073184288,1107.9945073184288,1100.1425777390068,1103.63232421875,4600,0.0,0.0
2017-05-26 00:00:00+09:00,1106.2496356460167,1106.2496356460167,1089.67333984375,1089.67333984375,6900,0.0,0.0
2017-05-29 00:00:00+09:00,1094.9078369140625,1094.9078369140625,1081.8212890625,1082.6937255859375,8600,0.0,0.0
2017-05-30 00:00:00+09:00,1080.076416015625,1080.9488525390625,1072.2244873046875,1078.33154296875,4700,0.0,0.0
2017-05-31 00:00:00+09:00,1088.8010244164007,1093.1632080078125,1081.8215306701418,1093.1632080078125,21700,0.0,0.0
2017-06-01 00:00:00+09:00,1088.800903027578,1104.5047622058603,1070.4797339862484,1091.418212890625,6400,0.0,0.0
2017-06-02 00:00:00+09:00,1098.3977060554694,1099.2701426766414,1087.9284666014062,1089.67333984375,2700,0.0,0.0
2017-06-05 00:00:00+09:00,1091.418212793125,1099.2701423815645,1091.418212793125,1092.2906494140625,2000,0.0,0.0
2017-06-06 00:00:00+09:00,1103.63232421875,1110.6118171782362,1101.8874509788784,1103.63232421875,8700,0.0,0.0
2017-06-07 00:00:00+09:00,1097.5252678791996,1103.63232421875,1095.780394639328,1103.63232421875,1900,0.0,0.0
2017-06-08 00:00:00+09:00,1103.63232421875,1106.2496340785572,1101.0150143589426,1103.63232421875,5900,0.0,0.0
2017-06-09 00:00:00+09:00,1104.504760357714,1107.9945068359375,1090.5457744448204,1107.9945068359375,8800,0.0,0.0
2017-06-12 00:00:00+09:00,1106.249634857299,1107.994508098399,1089.6733390668505,1096.65283203125,14000,0.0,0.0
2017-06-13 00:00:00+09:00,1096.6529544906311,1096.6529544906311,1074.8420365413347,1094.9080810546875,5400,0.0,0.0
2017-06-14 00:00:00+09:00,1094.9079590817198,1094.9079590817198,1088.800902736244,1094.0355224609375,5900,0.0,0.0
2017-06-15 00:00:00+09:00,1094.0355238391508,1094.907960461032,1079.2041012671687,1081.8214111328125,6400,0.0,0.0
2017-06-16 00:00:00+09:00,1081.821536192602,1093.1632135881696,1068.7349853515625,1068.7349853515625,9700,0.0,0.0
2017-06-19 00:00:00+09:00,1078.3316659344437,1080.0765391802925,1068.7348630822764,1070.479736328125,6400,0.0,0.0
2017-06-20 00:00:00+09:00,1080.9490970744178,1080.9490970744178,1070.4798564247865,1079.2042236328125,2800,0.0,0.0
2017-06-21 00:00:00+09:00,1073.9694826205248,1079.2041023570991,1072.224609375,1072.224609375,1100,0.0,0.0
2017-06-22 00:00:00+09:00,1084.4385986328125,1084.4385986328125,1073.9693603515625,1082.6937255859375,1900,0.0,0.0
2017-06-23 00:00:00+09:00,1089.6733407297443,1089.6733407297443,1081.8214111328125,1081.8214111328125,2600,0.0,0.0
2017-06-26 00:00:00+09:00,1088.8009039100243,1090.5457771534698,1083.5662841796875,1083.5662841796875,5700,0.0,0.0
2017-06-27 00:00:00+09:00,1084.438719825623,1098.3977057606269,1084.438719825623,1092.2906494140625,9600,0.0,0.0
2017-06-28 00:00:00+09:00,1098.397704595252,1106.249634175361,1092.290648255167,1102.7598876953125,16700,0.0,0.0
2017-06-29 00:00:00+09:00,1103.632322600033,1119.3361817358436,1097.52526626944,1118.4637451171875,19500,0.0,0.0
2017-06-30 00:00:00+09:00,1117.5914295258776,1133.295290362307,1112.356809247068,1122.8260498046875,17200,0.0,0.0
2017-07-03 00:00:00+09:00,1158.5959478183963,1159.4683845260909,1101.0151251105542,1155.9786376953125,50500,0.0,0.0
2017-07-04 00:00:00+09:00,1129.8055418038073,1134.1677253628955,1114.1016809910902,1130.677978515625,32200,0.0,0.0
2017-07-05 00:00:00+09:00,1114.9739988327026,1133.295167827606,1106.2496326446533,1116.7188720703125,11700,0.0,0.0
2017-07-06 00:00:00+09:00,1132.4228530765504,1132.4228530765504,1116.718992248062,1125.443359375,4600,0.0,0.0
2017-07-07 00:00:00+09:00,1117.5913084985314,1126.315674685093,1117.5913084985314,1118.4637451171875,5100,0.0,0.0
2017-07-10 00:00:00+09:00,1129.8054189864704,1148.9990245599856,1118.4637429657566,1138.52978515625,11800,0.0,0.0
2017-07-11 00:00:00+09:00,1144.636963263359,1147.2542733927721,1133.2952860359019,1142.89208984375,6200,0.0,0.0
2017-07-12 00:00:00+09:00,1142.8919687124398,1142.8919687124398,1122.825926513672,1134.1676025390625,3400,0.0,0.0
2017-07-13 00:00:00+09:00,1135.0400397228495,1138.529786193942,1128.9329833984375,1128.9329833984375,2600,0.0,0.0
2017-07-14 00:00:00+09:00,1133.29516620386,1133.29516620386,1125.4432366458655,1131.55029296875,4200,0.0,0.0
2017-07-17 00:00:00+09:00,1131.55029296875,1131.55029296875,1131.55029296875,1131.55029296875,0,0.0,0.0
2017-07-18 00:00:00+09:00,1133.2952877106252,1135.0401611328125,1127.1882307329697,1135.0401611328125,4600,0.0,0.0
2017-07-19 00:00:00+09:00,1135.0400394389699,1135.0400394389699,1131.55029296875,1131.55029296875,1600,0.0,0.0
2017-07-20 00:00:00+09:00,1130.677855048627,1148.9990239961742,1130.677855048627,1143.764404296875,10000,0.0,0.0
2017-07-21 00:00:00+09:00,1151.6164560064165,1157.7235129700869,1145.509399042746,1147.2542724609375,11100,0.0,0.0
2017-07-24 00:00:00+09:00,1155.9785133644386,1177.7894287109375,1155.9785133644386,1177.7894287109375,11500,0.0,0.0
2017-07-25 00:00:00+09:00,1255.4364008592665,1264.1607677867112,1200.4728892163662,1258.0537109375,59800,0.0,0.0
2017-07-26 00:00:00+09:00,1239.7324197645173,1282.4818135495007,1239.7324197645173,1261.5433349609375,45200,0.0,0.0
2017-07-27 00:00:00+09:00,1261.5433382554488,1261.5433382554488,1196.9830291054466,1228.3907470703125,16600,0.0,0.0
2017-07-28 00:00:00+09:00,1223.15612723709,1243.2221692673704,1221.4112540170656,1230.1356201171875,8300,0.0,0.0
2017-07-31 00:00:00+09:00,1221.4113736841525,1243.2222910713697,1221.4113736841525,1237.9876708984375,5100,0.0,0.0
2017-08-01 00:00:00+09:00,1225.7734379359654,1237.9875504847935,1220.5388182721817,1221.4112548828125,7700,0.0,0.0
2017-08-02 00:00:00+09:00,1232.7530538489527,1232.7530538489527,1217.0491932903674,1222.2838134765625,1600,0.0,0.0
2017-08-03 00:00:00+09:00,1224.9011221805135,1229.2633056640625,1210.9421350331572,1229.2633056640625,1200,0.0,0.0
2017-08-04 00:00:00+09:00,1228.390747157072,1228.390747157072,1212.6868881735297,1227.518310546875,4400,0.0,0.0
2017-08-07 00:00:00+09:00,1227.518427520306,1254.563965013646,1221.4113706669712,1253.6915283203125,9500,0.0,0.0
2017-08-08 00:00:00+09:00,1259.7985863745628,1261.5434597628932,1247.58447265625,1247.58447265625,4300,0.0,0.0
2017-08-09 00:00:00+09:00,1231.0080607543498,1231.0080607543498,1188.2586667239011,1190.8759765625,29400,0.0,0.0
2017-08-10 00:00:00+09:00,1191.7484116726778,1205.7073974609375,1191.7484116726778,1205.7073974609375,1900,0.0,0.0
2017-08-11 00:00:00+09:00,1205.7073974609375,1205.7073974609375,1205.7073974609375,1205.7073974609375,0,0.0,0.0
2017-08-14 00:00:00+09:00,1190.8760933824765,1221.411377828181,1190.8760933824765,1217.0491943359375,7000,0.0,0.0
2017-08-15 00:00:00+09:00,1221.4112540170656,1245.8394790974069,1221.4112540170656,1230.1356201171875,10000,0.0,0.0
2017-08-16 00:00:00+09:00,1230.1356192575374,1241.47729517977,1188.258662006217,1238.8599853515625,28600,0.0,0.0
2017-08-17 00:00:00+09:00,1241.4774109681555,1278.1197519805678,1241.4774109681555,1272.8851318359375,15400,0.0,0.0
2017-08-18 00:00:00+09:00,1271.1401368865443,1272.012573493879,1256.3087145618558,1269.395263671875,8100,0.0,0.0
2017-08-21 00:00:00+09:00,1273.7575688620668,1273.7575688620668,1267.650512025057,1271.1402587890625,4100,0.0,0.0
2017-08-22 00:00:00+09:00,1271.14013621812,1293.8234879968923,1271.14013621812,1276.374755859375,5900,0.0,0.0
2017-08-23 00:00:00+09:00,1281.6093756684206,1293.8234881662818,1274.6298828125,1274.6298828125,3000,0.0,0.0
2017-08-24 00:00:00+09:00,1282.481689453125,1283.3541259765625,1279.8643798828125,1282.481689453125,4400,0.0,0.0
2017-08-25 00:00:00+09:00,1292.951170890562,1298.185791015625,1243.2222797024633,1298.185791015625,15300,0.0,0.0
2017-08-28 00:00:00+09:00,1283.3542468960438,1295.568359375,1282.4818102904042,1295.568359375,7100,0.0,0.0
2017-08-29 00:00:00+09:00,1301.6755366194607,1323.4864537880173,1301.6755366194607,1304.2928466796875,12800,0.0,0.0
2017-08-30 00:00:00+09:00,1308.655029296875,1316.5069594726563,1307.782592610677,1308.655029296875,6700,0.0,0.0
2017-08-31 00:00:00+09:00,1308.6549045988259,1337.4453125,1308.6549045988259,1337.4453125,14500,0.0,0.0
2017-09-01 00:00:00+09:00,1343.5524864879715,1367.108276835488,1343.5524864879715,1364.490966796875,12400,0.0,0.0
2017-09-04 00:00:00+09:00,1352.2767357258792,1352.2767357258792,1326.97607421875,1326.97607421875,4000,0.0,0.0
2017-09-05 00:00:00+09:00,1326.9762013684983,1339.190314990562,1275.5024368183724,1299.9306640625,10700,0.0,0.0
2017-09-06 00:00:00+09:00,1295.568479974586,1304.2928468431016,1269.3953793690387,1303.42041015625,13500,0.0,0.0
2017-09-07 00:00:00+09:00,1308.655029296875,1335.7005665690106,1308.655029296875,1308.655029296875,5700,0.0,0.0
2017-09-08 00:00:00+09:00,1324.3588816784275,1383.684575982863,1324.3588816784275,1352.27685546875,7400,0.0,0.0
2017-09-11 00:00:00+09:00,1361.0010965560018,1384.556884765625,1352.2767305524378,1384.556884765625,9600,0.0,0.0
2017-09-12 00:00:00+09:00,1383.6845713948208,1383.6845713948208,1356.6390343751236,1377.5775146484375,11600,0.0,0.0
2017-09-13 00:00:00+09:00,1363.6185307429387,1369.725587502504,1361.001220703125,1361.001220703125,9700,0.0,0.0
2017-09-14 00:00:00+09:00,1357.51135023004,1383.6844482421875,1356.6389136296352,1383.6844482421875,10100,0.0,0.0
2017-09-15 00:00:00+09:00,1381.9395751182965,1383.6844483192035,1368.8530261114945,1382.81201171875,9300,0.0,0.0
2017-09-18 00:00:00+09:00,1382.81201171875,1382.81201171875,1382.81201171875,1382.81201171875,0,0.0,0.0
2017-09-19 00:00:00+09:00,1384.556884765625,1391.5363775684764,1382.8120115649122,1384.556884765625,18000,0.0,0.0
2017-09-20 00:00:00+09:00,1384.5568845353037,1391.5363773369938,1381.9395747346698,1387.1741943359375,12700,0.0,0.0
2017-09-21 00:00:00+09:00,1390.663940659864,1395.026123660679,1378.4498282575817,1388.046630859375,15900,0.0,0.0
2017-09-22 00:00:00+09:00,1388.0466309361489,1388.0466309361489,1382.8120113348812,1387.1741943359375,7900,0.0,0.0
2017-09-25 00:00:00+09:00,1387.1744389377855,1393.2814962161278,1326.103866154361,1385.4295654296875,16200,0.0,0.0
2017-09-26 00:00:00+09:00,1391.5364879194951,1457.8416748046875,1387.1743045717851,1457.8416748046875,29400,0.0,0.0
2017-09-27 00:00:00+09:00,1450.8620636324995,1455.2242466259827,1408.1126702963645,1415.0921630859375,25400,0.0,0.0
2017-09-28 00:00:00+09:00,1415.09228667077,1429.9237101438914,1391.5364964487535,1406.367919921875,19900,0.0,0.0
2017-09-29 00:00:00+09:00,1397.6435518258888,1424.689088721396,1397.6435518258888,1414.2198486328125,18100,0.0,0.0
2017-10-02 00:00:00+09:00,1414.219848031851,1419.4544680739182,1379.3223810847355,1417.7095947265625,18000,0.0,0.0
2017-10-03 00:00:00+09:00,1415.9646010553452,1424.688967050757,1399.3883056640625,1399.3883056640625,12900,0.0,0.0
2017-10-04 00:00:00+09:00,1399.3884238401074,1422.07177734375,1399.3884238401074,1422.07177734375,9400,0.0,0.0
2017-10-05 00:00:00+09:00,1413.3472907972632,1414.2197273965207,1394.1536856135967,1404.6229248046875,8400,0.0,0.0
2017-10-06 00:00:00+09:00,1404.6230431419629,1432.5410166702504,1404.6230431419629,1426.4339599609375,4000,0.0,0.0
2017-10-09 00:00:00+09:00,1426.4339599609375,1426.4339599609375,1426.4339599609375,1426.4339599609375,0,0.0,0.0
2017-10-10 00:00:00+09:00,1413.3472870258881,1482.2697781833233,1413.3472870258881,1449.1171875,10600,0.0,0.0
2017-10-11 00:00:00+09:00,1449.989621294807,1510.187746366613,1449.989621294807,1483.1422119140625,11200,0.0,0.0
2017-10-12 00:00:00+09:00,1518.0396746310132,1525.8916039825529,1456.9691130079264,1496.228759765625,12800,0.0,0.0
2017-10-13 00:00:00+09:00,1488.3768244873995,1574.748047010408,1488.3768244873995,1573.003173828125,22100,0.0,0.0
2017-10-16 00:00:00+09:00,1575.6204838053386,1579.1102301703559,1535.4884006076388,1570.3858642578125,9200,0.0,0.0
2017-10-17 00:00:00+09:00,1571.2584265673443,1574.7481732115805,1546.830200057691,1547.70263671875,8300,0.0,0.0
2017-10-18 00:00:00+09:00,1549.4475066443163,1570.3859864638341,1547.7026333260233,1569.5135498046875,12000,0.0,0.0
2017-10-19 00:00:00+09:00,1552.0648200240453,1552.0648200240453,1542.4680167523957,1547.70263671875,6400,0.0,0.0
2017-10-20 00:00:00+09:00,1552.9372519455674,1579.110351697459,1544.2128853616036,1578.2379150390625,15100,0.0,0.0
2017-10-23 00:00:00+09:00,1570.3858642578125,1593.0692156304253,1552.9371324327255,1570.3858642578125,41200,0.0,0.0
2017-10-24 00:00:00+09:00,1584.3448493767312,1591.3243421052632,1566.0236809643352,1574.748046875,15700,0.0,0.0
2017-10-25 00:00:00+09:00,1591.3244646431529,1592.1969013014002,1579.1103514276901,1579.9827880859375,9200,0.0,0.0
2017-10-26 00:00:00+09:00,1579.9826619748565,1640.1807865890282,1552.9371277279097,1634.07373046875,14100,0.0,0.0
2017-10-27 00:00:00+09:00,1623.6046043160036,1725.6796922821359,1623.6046043160036,1692.527099609375,25300,0.0,0.0
2017-10-30 00:00:00+09:00,1661.9918143171733,1728.296999560273,1661.9918143171733,1710.8482666015625,10100,0.0,0.0
2017-10-31 00:00:00+09:00,1710.848384974642,1742.2561064734114,1709.9759482663426,1728.297119140625,6500,0.0,0.0
2017-11-01 00:00:00+09:00,1719.5726357371536,1719.5726357371536,1692.527099609375,1692.527099609375,3400,0.0,0.0
2017-11-02 00:00:00+09:00,1692.5269763551237,1709.103271484375,1666.353878782622,1709.103271484375,2400,0.0,0.0
2017-11-03 00:00:00+09:00,1709.103271484375,1709.103271484375,1709.103271484375,1709.103271484375,0,0.0,0.0
2017-11-06 00:00:00+09:00,1727.4246762562036,1757.9599609375,1723.934929435484,1757.9599609375,8900,0.0,0.0
2017-11-07 00:00:00+09:00,1740.511107788086,1757.0874040527344,1740.511107788086,1744.873291015625,5900,0.0,0.0
2017-11-08 00:00:00+09:00,1727.4245579846795,1757.087403929871,1727.4245579846795,1745.7457275390625,8600,0.0,0.0
2017-11-09 00:00:00+09:00,1745.7457307530656,1757.0874071647547,1718.7001946944224,1723.0623779296875,9700,0.0,0.0
2017-11-10 00:00:00+09:00,1747.490605942084,1747.490605942084,1598.3039391342475,1709.975830078125,8400,0.0,0.0
2017-11-13 00:00:00+09:00,1744.8731634099047,1847.820680051089,1744.8731634099047,1827.754638671875,28100,0.0,0.0
2017-11-14 00:00:00+09:00,1832.1169377926506,1897.5496855709596,1814.6682050517682,1874.8663330078125,11100,0.0,0.0
2017-11-15 00:00:00+09:00,1918.4881694775622,1919.360606116706,1840.84130859375,1840.84130859375,11300,0.0,0.0
2017-11-16 00:00:00+09:00,1820.7752682042465,1844.3310574910288,1705.6136316910886,1823.392578125,11100,0.0,0.0
2017-11-17 00:00:00+09:00,1821.6477025325828,1840.84130859375,1821.6477025325828,1840.84130859375,5200,0.0,0.0
2017-11-20 00:00:00+09:00,1828.62707130485,1918.4880390264145,1828.62707130485,1888.8251953125,4200,0.0,0.0
2017-11-21 00:00:00+09:00,1910.6361089583932,1910.6361089583932,1884.4630115754014,1901.9117431640625,6400,0.0,0.0
2017-11-22 00:00:00+09:00,1909.7637927246094,1919.360595703125,1889.6977501331676,1919.360595703125,5200,0.0,0.0
2017-11-23 00:00:00+09:00,1919.360595703125,1919.360595703125,1919.360595703125,1919.360595703125,0,0.0,0.0
2017-11-24 00:00:00+09:00,1920.2330323375354,1938.5542016601562,1912.3811026278408,1919.360595703125,10200,0.0,0.0
2017-11-27 00:00:00+09:00,1911.5086698100617,1911.5086698100617,1889.69775390625,1889.69775390625,6700,0.0,0.0
2017-11-28 00:00:00+09:00,1889.6976327443676,1897.5495619662972,1840.841184252362,1875.7386474609375,5100,0.0,0.0
2017-11-29 00:00:00+09:00,1887.952759583939,1887.952759583939,1849.5655500545058,1875.7386474609375,11700,0.0,0.0
2017-11-30 00:00:00+09:00,1884.4630132630814,1884.4630132630814,1859.162352436864,1875.7386474609375,6400,0.0,0.0
2017-12-01 00:00:00+09:00,1875.7388762611756,1962.982544924486,1867.8869460814776,1957.7479248046875,15500,0.0,0.0
2017-12-04 00:00:00+09:00,1957.7479274345685,1957.7479274345685,1916.7434031077305,1943.7889404296875,9600,0.0,0.0
2017-12-05 00:00:00+09:00,1928.957399914612,1928.957399914612,1893.1874978809174,1909.7637939453125,9000,0.0,0.0
2017-12-06 00:00:00+09:00,1884.463012413395,1913.2534195474884,1871.3764637160798,1888.8251953125,12200,0.0,0.0
2017-12-07 00:00:00+09:00,1919.360595703125,1919.360595703125,1910.6362293590198,1919.360595703125,2400,0.0,0.0
2017-12-08 00:00:00+09:00,1919.360595703125,1919.360595703125,1919.360595703125,1919.360595703125,0,0.0,0.0
2017-12-11 00:00:00+09:00,1919.360595703125,1919.360595703125,1919.360595703125,1919.360595703125,0,0.0,0.0
2017-12-12 00:00:00+09:00,1928.9575167370015,1969.0896043760345,1928.9575167370015,1943.7889404296875,3300,0.0,0.0
2017-12-13 00:00:00+09:00,1943.7888185787285,1945.5336918449573,1932.4471423482423,1942.0439453125,3100,0.0,0.0
2017-12-14 00:00:00+09:00,1955.13037109375,1955.13037109375,1925.4675274448489,1955.13037109375,14900,0.0,0.0
2017-12-15 00:00:00+09:00,1961.2375438282952,2002.2420654296875,1961.2375438282952,2002.2420654296875,15700,0.0,0.0
2017-12-18 00:00:00+09:00,1993.5177007307086,1993.5177007307086,1959.4926721405566,1989.155517578125,19000,0.0,0.0
2017-12-19 00:00:00+09:00,2002.242070867118,2002.242070867118,1953.3856194646958,1958.6202392578125,4400,0.0,0.0
2017-12-20 00:00:00+09:00,1955.1306149078384,1980.4312788223083,1875.7388764176048,1956.87548828125,5600,0.0,0.0
2017-12-21 00:00:00+09:00,1956.8753649117414,1981.303590599449,1954.2580550166297,1967.3446044921875,4100,0.0,0.0
2017-12-22 00:00:00+09:00,1946.4061228925455,1990.027954423082,1919.3605873436127,1987.41064453125,4200,0.0,0.0
2017-12-25 00:00:00+09:00,1943.7889427453845,1980.4312836768504,1931.5748291015625,1931.5748291015625,11500,0.0,0.0
2017-12-26 00:00:00+09:00,1970.834357133345,1970.834357133345,1919.360595703125,1919.360595703125,9400,0.0,0.0
2017-12-27 00:00:00+09:00,1894.05993330522,1919.360595703125,1871.3765808105468,1919.360595703125,7200,0.0,0.0
2017-12-28 00:00:00+09:00,1919.3604753204204,1919.3604753204204,1861.779661060808,1893.1873779296875,5800,0.0,0.0
2017-12-29 00:00:00+09:00,1880.9733915360305,1887.0804480020565,1840.8413061878591,1859.1624755859375,5800,0.0,0.0
2018-01-01 00:00:00+09:00,1859.1624755859375,1859.1624755859375,1859.1624755859375,1859.1624755859375,0,0.0,0.0
2018-01-02 00:00:00+09:00,1859.1624755859375,1859.1624755859375,1859.1624755859375,1859.1624755859375,0,0.0,0.0
2018-01-03 00:00:00+09:00,1859.1624755859375,1859.1624755859375,1859.1624755859375,1859.1624755859375,0,0.0,0.0
2018-01-04 00:00:00+09:00,1844.3310531953382,1874.8663355330093,1844.3310531953382,1855.6727294921875,2400,0.0,0.0
2018-01-05 00:00:00+09:00,1871.3765897930793,1871.3765897930793,1849.565673828125,1849.565673828125,3100,0.0,0.0
2018-01-08 00:00:00+09:00,1849.565673828125,1849.565673828125,1849.565673828125,1849.565673828125,0,0.0,0.0
2018-01-09 00:00:00+09:00,1834.7342581468743,1839.968877998934,1771.9188199221596,1796.3470458984375,12200,0.0,0.0
2018-01-10 00:00:00+09:00,1797.2194836128049,1797.2194836128049,1710.8482560022867,1788.4951171875,31900,0.0,0.0
2018-01-11 00:00:00+09:00,1817.2854006843456,1819.9027104308907,1788.4949934723518,1812.9232177734375,13300,0.0,0.0
2018-01-12 00:00:00+09:00,1821.6476985904721,1871.3765869140625,1821.6476985904721,1871.3765869140625,7900,0.0,0.0
2018-01-15 00:00:00+09:00,1871.3765869140625,1871.3765869140625,1871.3765869140625,1871.3765869140625,0,0.0,0.0
2018-01-16 00:00:00+09:00,1879.2283904615033,1928.0848388671875,1824.2648860051083,1928.0848388671875,4800,0.0,0.0
2018-01-17 00:00:00+09:00,1901.9119971370114,1901.9119971370114,1845.2036119012748,1852.18310546875,3400,0.0,0.0
2018-01-18 00:00:00+09:00,1846.0758054912399,1862.6521005310951,1845.203368910195,1848.693115234375,4900,0.0,0.0
2018-01-19 00:00:00+09:00,1849.565673828125,1856.5451669369104,1848.6932371895268,1849.565673828125,4600,0.0,0.0
2018-01-22 00:00:00+09:00,1849.565673828125,1849.565673828125,1849.565673828125,1849.565673828125,0,0.0,0.0
2018-01-23 00:00:00+09:00,1831.244384765625,1841.713623744752,1815.5405262969346,1831.244384765625,11400,0.0,0.0
2018-01-24 00:00:00+09:00,1832.116943359375,1846.9483662341888,1823.3925769624254,1832.116943359375,1500,0.0,0.0
2018-01-25 00:00:00+09:00,1828.6271947296977,1848.6932374199569,1828.6271947296977,1847.82080078125,5400,0.0,0.0
2018-01-26 00:00:00+09:00,1842.5861818720377,1845.2034917894698,1826.0098857283026,1840.84130859375,2100,0.0,0.0
2018-01-29 00:00:00+09:00,1831.24450671968,1835.6066899181546,1828.6271968005951,1832.116943359375,8000,0.0,0.0
2018-01-30 00:00:00+09:00,1832.1169449979027,1832.1169449979027,1810.306028986023,1819.90283203125,3200,0.0,0.0
2018-01-31 00:00:00+09:00,1812.9234596372849,1835.6068138002151,1812.9234596372849,1824.26513671875,3900,0.0,0.0
2018-02-01 00:00:00+09:00,1819.0303955078125,1819.9028321483438,1819.0303955078125,1819.0303955078125,1300,0.0,0.0
2018-02-02 00:00:00+09:00,1819.902946873715,1856.5452880859375,1819.902946873715,1856.5452880859375,6300,0.0,0.0
2018-02-05 00:00:00+09:00,1737.89379532487,1766.68420458477,1737.89379532487,1763.1944580078125,6400,0.0,0.0
2018-02-06 00:00:00+09:00,1719.5723876953125,1744.873046875,1553.8094482421875,1583.4722900390625,26100,0.0,0.0
2018-02-07 00:00:00+09:00,1670.7160656114095,1690.782107130502,1650.650024092317,1655.01220703125,20200,0.0,0.0
2018-02-08 00:00:00+09:00,1655.0123307861847,1663.7366973164228,1642.798217643851,1643.670654296875,3800,0.0,0.0
2018-02-09 00:00:00+09:00,1583.4725276343625,1655.0123332905705,1583.4725276343625,1627.0943603515625,16100,0.0,0.0
2018-02-12 00:00:00+09:00,1627.0943603515625,1627.0943603515625,1627.0943603515625,1627.0943603515625,0,0.0,0.0
2018-02-13 00:00:00+09:00,1640.180783589681,1677.69555683136,1635.818600654602,1675.0782470703125,6900,0.0,0.0
2018-02-14 00:00:00+09:00,1717.8277637224742,1717.8277637224742,1680.312987775259,1683.802734375,4800,0.0,0.0
2018-02-15 00:00:00+09:00,1683.802734375,1683.802734375,1683.802734375,1683.802734375,0,0.0,0.0
2018-02-16 00:00:00+09:00,1709.1033946814905,1709.1033946814905,1679.4405486278047,1701.25146484375,8000,0.0,0.0
2018-02-19 00:00:00+09:00,1701.2513428360699,1702.1237794221395,1698.6340330778605,1700.37890625,2600,0.0,0.0
2018-02-20 00:00:00+09:00,1711.720705258877,1711.720705258877,1696.8892822265625,1696.8892822265625,1300,0.0,0.0
2018-02-21 00:00:00+09:00,1696.8892822265625,1696.8892822265625,1696.8892822265625,1696.8892822265625,0,0.0,0.0
2018-02-22 00:00:00+09:00,1730.9143072574532,1730.9143072574532,1726.5521240234375,1726.5521240234375,700,0.0,0.0
2018-02-23 00:00:00+09:00,1726.5521240234375,1726.5521240234375,1726.5521240234375,1726.5521240234375,0,0.0,0.0
2018-02-26 00:00:00+09:00,1696.8891595318494,1705.613525390625,1695.1442863600944,1705.613525390625,1400,0.0,0.0
2018-02-27 00:00:00+09:00,1705.613525390625,1705.613525390625,1705.613525390625,1705.613525390625,0,0.0,0.0
2018-02-28 00:00:00+09:00,1697.761705913005,1814.6682159810127,1687.2924662054224,1791.98486328125,11100,0.0,0.0
2018-03-01 00:00:00+09:00,1751.8527912406764,1751.8527912406764,1696.016845703125,1696.016845703125,5000,0.0,0.0
2018-03-02 00:00:00+09:00,1676.8232390526691,1709.1033950594062,1657.629632778393,1698.6341552734375,20100,0.0,0.0
2018-03-05 00:00:00+09:00,1691.6546629600919,1692.527099609375,1648.905267145216,1692.527099609375,20000,0.0,0.0
2018-03-06 00:00:00+09:00,1692.5271003667915,1692.5271003667915,1678.5681139720139,1687.29248046875,3400,0.0,0.0
2018-03-07 00:00:00+09:00,1687.2923601917055,1687.2923601917055,1648.905150342463,1662.8641357421875,4200,0.0,0.0
2018-03-08 00:00:00+09:00,1673.33349609375,1673.33349609375,1673.33349609375,1673.33349609375,200,0.0,0.0
2018-03-09 00:00:00+09:00,1673.33349609375,1673.33349609375,1673.33349609375,1673.33349609375,0,0.0,0.0
2018-03-12 00:00:00+09:00,1673.3334945757772,1702.1239040236399,1645.4155217778498,1683.802734375,35700,0.0,0.0
2018-03-13 00:00:00+09:00,1690.7822250600962,1740.511114032452,1690.7822250600962,1701.25146484375,15100,0.0,0.0
2018-03-14 00:00:00+09:00,1701.2514607808953,1736.1489266430676,1701.2514607808953,1730.0418701171875,6500,0.0,0.0
2018-03-15 00:00:00+09:00,1781.5157467119848,1784.1330568197889,1744.8734052027276,1783.2606201171875,7000,0.0,0.0
2018-03-16 00:00:00+09:00,1754.470085929476,1832.1169470173543,1754.470085929476,1805.0714111328125,6200,0.0,0.0
2018-03-19 00:00:00+09:00,1805.071290676554,1805.9437272597715,1779.770629763253,1781.5155029296875,2800,0.0,0.0
2018-03-20 00:00:00+09:00,1781.5155029296875,1781.5155029296875,1781.5155029296875,1781.5155029296875,0,0.0,0.0
2018-03-21 00:00:00+09:00,1781.5155029296875,1781.5155029296875,1781.5155029296875,1781.5155029296875,0,0.0,0.0
2018-03-22 00:00:00+09:00,1751.8526591003001,1794.6020516779467,1751.8526591003001,1781.5155029296875,700,0.0,0.0
2018-03-23 00:00:00+09:00,1781.515625119618,1805.943851125176,1769.3015121168391,1780.6431884765625,8100,0.0,0.0
2018-03-26 00:00:00+09:00,1768.4289531226298,1798.9642335169524,1762.3218970437651,1797.2193603515625,5400,0.0,0.0
2018-03-27 00:00:00+09:00,1824.2650176027043,1824.2650176027043,1797.219481712851,1802.4541015625,2300,0.0,0.0
2018-03-28 00:00:00+09:00,1775.6849380319109,1963.9610797026312,1775.6849380319109,1877.4075927734375,14300,46.0,0.0
2018-03-29 00:00:00+09:00,1839.038613706955,1878.299991195119,1838.1463096731331,1872.9461669921875,5500,0.0,0.0
2018-03-30 00:00:00+09:00,1872.9460064515915,1872.9460064515915,1816.7308571393237,1831.9000244140625,1500,0.0,0.0
2018-04-02 00:00:00+09:00,1831.9000244140625,1831.9000244140625,1831.9000244140625,1831.9000244140625,0,0.0,0.0
2018-04-03 00:00:00+09:00,1841.7154583763984,1871.161490414393,1834.5770263671875,1834.5770263671875,1400,0.0,0.0
2018-04-04 00:00:00+09:00,1834.5770263671875,1834.5770263671875,1834.5770263671875,1834.5770263671875,0,0.0,0.0
2018-04-05 00:00:00+09:00,1841.7154605263158,1881.869140625,1841.7154605263158,1881.869140625,5200,0.0,0.0
2018-04-06 00:00:00+09:00,1880.9768260205055,1899.7152099609375,1872.9460900460347,1899.7152099609375,2400,0.0,0.0
2018-04-09 00:00:00+09:00,1870.269243673313,1899.715276612826,1870.269243673313,1890.792236328125,1800,0.0,0.0
2018-04-10 00:00:00+09:00,1889.9000244140625,1890.792328486024,1873.838551118759,1889.9000244140625,2600,0.0,0.0
2018-04-11 00:00:00+09:00,1891.6845703125,1891.6845703125,1889.8999622272995,1891.6845703125,1000,0.0,0.0
2018-04-12 00:00:00+09:00,1887.22314453125,1887.22314453125,1887.22314453125,1887.22314453125,700,0.0,0.0
2018-04-13 00:00:00+09:00,1887.2229946913878,1887.2229946913878,1878.2999545273624,1882.761474609375,600,0.0,0.0
2018-04-16 00:00:00+09:00,1873.8384344453495,1882.761474609375,1802.4541131331457,1882.761474609375,12200,0.0,0.0
2018-04-17 00:00:00+09:00,1882.7616089451255,1882.7616089451255,1847.9617498224432,1864.91552734375,1300,0.0,0.0
2018-04-18 00:00:00+09:00,1872.9461738356117,1872.9461738356117,1830.1155800556646,1862.238525390625,1000,0.0,0.0
2018-04-19 00:00:00+09:00,1843.500097887663,1891.6845147734005,1818.5155854283917,1882.761474609375,4300,0.0,0.0
2018-04-20 00:00:00+09:00,1881.8691597092318,1900.6075439453125,1873.8384236080544,1900.6075439453125,3200,0.0,0.0
2018-04-23 00:00:00+09:00,1900.6075439453125,1900.6075439453125,1900.6075439453125,1900.6075439453125,0,0.0,0.0
2018-04-24 00:00:00+09:00,1900.6075439453125,1900.6075439453125,1900.6075439453125,1900.6075439453125,0,0.0,0.0
2018-04-25 00:00:00+09:00,1900.6075439453125,1900.6075439453125,1900.6075439453125,1900.6075439453125,0,0.0,0.0
2018-04-26 00:00:00+09:00,1885.4384306435275,1909.5306396484375,1883.6538225690897,1909.5306396484375,1700,0.0,0.0
2018-04-27 00:00:00+09:00,1908.638209508118,1916.6689453125,1892.576737899354,1916.6689453125,2400,0.0,0.0
2018-04-30 00:00:00+09:00,1916.6689453125,1916.6689453125,1916.6689453125,1916.6689453125,0,0.0,0.0
2018-05-01 00:00:00+09:00,1927.376632063356,1962.1764879200557,1919.3458960964256,1954.145751953125,9800,0.0,0.0
2018-05-02 00:00:00+09:00,1962.1766081456171,1980.914993216585,1940.761310921654,1957.715087890625,5600,0.0,0.0
2018-05-03 00:00:00+09:00,1957.715087890625,1957.715087890625,1957.715087890625,1957.715087890625,0,0.0,0.0
2018-05-04 00:00:00+09:00,1957.715087890625,1957.715087890625,1957.715087890625,1957.715087890625,0,0.0,0.0
2018-05-07 00:00:00+09:00,1956.8227284190418,1979.1303290622138,1945.2227760845924,1948.7919921875,2300,0.0,0.0
2018-05-08 00:00:00+09:00,1956.8225698275555,1959.4994816877847,1946.1149223866387,1958.607177734375,3600,0.0,0.0
2018-05-09 00:00:00+09:00,1963.0687275870903,1974.6686791591958,1955.93029585041,1959.49951171875,2600,0.0,0.0
2018-05-10 00:00:00+09:00,1963.0689697265625,1963.0689697265625,1927.376806640625,1963.0689697265625,4000,0.0,0.0
2018-05-11 00:00:00+09:00,1963.9611304191837,1964.853434431187,1947.899658203125,1947.899658203125,14900,0.0,0.0
2018-05-14 00:00:00+09:00,1952.361328125,1970.2074097349177,1945.2228954810328,1952.361328125,2800,0.0,0.0
2018-05-15 00:00:00+09:00,1963.0687216053839,1971.9917612490449,1949.6841621398928,1970.2071533203125,9700,0.0,0.0
2018-05-16 00:00:00+09:00,1960.3920000436203,1960.3920000436203,1927.3767501566772,1957.715087890625,20200,0.0,0.0
2018-05-17 00:00:00+09:00,1957.7149936316935,1976.4533778004563,1954.1457775995482,1962.176513671875,3500,0.0,0.0
2018-05-18 00:00:00+09:00,1958.6072656006081,1971.0995215087669,1958.6072656006081,1964.8533935546875,2700,0.0,0.0
2018-05-21 00:00:00+09:00,1963.9610750070067,1989.837890625,1958.6072510860427,1989.837890625,6200,0.0,0.0
2018-05-22 00:00:00+09:00,1996.084271058615,1997.8688792580415,1979.1304931640625,1979.1304931640625,4500,0.0,0.0
2018-05-23 00:00:00+09:00,1966.6380440536252,2007.6840286391366,1887.2229869207883,1995.1917724609375,45600,0.0,0.0
2018-05-24 00:00:00+09:00,1995.1917724609375,1995.1917724609375,1979.1303002318243,1995.1917724609375,800,0.0,0.0
2018-05-25 00:00:00+09:00,1995.1917724609375,1995.1917724609375,1995.1917724609375,1995.1917724609375,0,0.0,0.0
2018-05-28 00:00:00+09:00,1995.1917724609375,1995.1917724609375,1995.1917724609375,1995.1917724609375,0,0.0,0.0
2018-05-29 00:00:00+09:00,2010.3608893694195,2029.9915771484373,1998.7609375,2029.9915771484375,10900,0.0,0.0
2018-05-30 00:00:00+09:00,2026.4224151283183,2026.4224151283183,1968.4226542373713,1991.62255859375,4400,0.0,0.0
2018-05-31 00:00:00+09:00,2051.4069733522883,2082.6376145299,2046.0531491504119,2065.683837890625,30300,0.0,0.0
2018-06-01 00:00:00+09:00,2054.083919849098,2065.6838724807394,2054.083919849098,2059.437744140625,7400,0.0,0.0
2018-06-04 00:00:00+09:00,2082.6374977101877,2082.6374977101877,2052.2991622679656,2054.97607421875,7200,0.0,0.0
2018-06-05 00:00:00+09:00,2057.652990323734,2061.2222062653186,2038.0223026450162,2047.837646484375,5700,0.0,0.0
2018-06-06 00:00:00+09:00,2054.9761341682483,2064.7914782741323,2054.9761341682483,2056.7607421875,1400,0.0,0.0
2018-06-07 00:00:00+09:00,2056.7607421875,2056.7607421875,2056.7607421875,2056.7607421875,0,0.0,0.0
2018-06-08 00:00:00+09:00,2016.6071249558233,2051.406982421875,2015.7148209182321,2051.406982421875,2800,0.0,0.0
2018-06-11 00:00:00+09:00,2050.5144943774444,2055.8683181225556,2031.7761112695568,2053.19140625,3900,0.0,0.0
2018-06-12 00:00:00+09:00,2062.114617244673,2081.7453059419395,2062.114617244673,2072.822265625,3800,0.0,0.0
2018-06-13 00:00:00+09:00,2082.637451171875,2087.991274953808,2067.468283789732,2082.637451171875,9500,0.0,0.0
2018-06-14 00:00:00+09:00,2074.606685581199,2081.7451171875,2069.252861876473,2081.7451171875,3700,0.0,0.0
2018-06-15 00:00:00+09:00,2096.9144728203783,2138.8527622767856,2096.9144728203783,2123.68359375,11300,0.0,0.0
2018-06-18 00:00:00+09:00,2089.776093115923,2119.222126878871,2080.853052581696,2088.8837890625,9200,0.0,0.0
2018-06-19 00:00:00+09:00,2123.683477865683,2123.683477865683,2105.837398219753,2112.975830078125,3100,0.0,0.0
2018-06-20 00:00:00+09:00,2096.914250300481,2101.375769981971,2087.9912109375,2087.9912109375,2500,0.0,0.0
2018-06-21 00:00:00+09:00,2089.7760031694424,2090.668307184459,2078.1760509742235,2086.206787109375,7300,0.0,0.0
2018-06-22 00:00:00+09:00,2083.529904182815,2084.422208210302,2026.4224464236283,2039.8070068359375,6200,0.0,0.0
2018-06-25 00:00:00+09:00,2053.191442338036,2054.0837463112375,2043.3760986328125,2043.3760986328125,2800,0.0,0.0
2018-06-26 00:00:00+09:00,2055.868481595092,2055.868481595092,1998.7610237730062,2036.23779296875,3600,0.0,0.0
2018-06-27 00:00:00+09:00,2054.9761509187233,2094.237527662285,2054.9761509187233,2079.068359375,900,0.0,0.0
2018-06-28 00:00:00+09:00,2087.099176282627,2096.022216796875,2079.0684398198036,2096.022216796875,11700,0.0,0.0
2018-06-29 00:00:00+09:00,2090.6682305207123,2159.375637157543,2087.991318573823,2112.975830078125,10300,0.0,0.0
2018-07-02 00:00:00+09:00,2289.6519244168044,2319.0979546216968,2147.7755970659578,2161.16015625,23200,0.0,0.0
2018-07-03 00:00:00+09:00,2220.944783047989,2220.944783047989,2177.2218845468433,2190.6064453125,3200,0.0,0.0
2018-07-04 00:00:00+09:00,2193.28344716428,2193.28344716428,2096.914605710357,2149.560546875,7600,0.0,0.0
2018-07-05 00:00:00+09:00,2154.0218346454844,2154.0218346454844,2077.28369140625,2077.28369140625,2300,0.0,0.0
2018-07-06 00:00:00+09:00,2051.4069512174897,2101.3759765625,2038.9146948812368,2101.3759765625,4000,0.0,0.0
2018-07-09 00:00:00+09:00,2101.3758405076323,2140.6372150224247,2074.606721520274,2126.3603515625,4100,0.0,0.0
2018-07-10 00:00:00+09:00,2140.6371808806225,2141.529484832636,2132.6064453125,2132.6064453125,600,0.0,0.0
2018-07-11 00:00:00+09:00,2120.1142872777477,2120.1142872777477,2070.145263671875,2070.145263671875,4400,0.0,0.0
2018-07-12 00:00:00+09:00,2078.1759535876945,2078.1759535876945,2035.3453628739935,2043.3760986328125,2900,0.0,0.0
2018-07-13 00:00:00+09:00,2032.6684975592423,2038.022321521207,2013.0378096987054,2015.7147216796875,3600,0.0,0.0
2018-07-16 00:00:00+09:00,2015.7147216796875,2015.7147216796875,2015.7147216796875,2015.7147216796875,0,0.0,0.0
2018-07-17 00:00:00+09:00,2003.2224421106273,2031.776169570556,1998.7609221950133,2004.11474609375,4700,0.0,0.0
2018-07-18 00:00:00+09:00,2004.1148214254292,2004.1148214254292,1931.8381960757144,1980.9149169921875,8100,0.0,0.0
2018-07-19 00:00:00+09:00,1980.915045403815,2065.683932481906,1980.915045403815,2061.222412109375,2000,0.0,0.0
2018-07-20 00:00:00+09:00,2063.8991182215073,2097.8066696665646,2034.4530867034312,2047.837646484375,5100,0.0,0.0
2018-07-23 00:00:00+09:00,2047.8376638478246,2137.0680631440264,2043.3761438830147,2070.145263671875,5800,0.0,0.0
2018-07-24 00:00:00+09:00,2069.2529601922397,2129.0373277355257,2065.683744219506,2121.006591796875,3700,0.0,0.0
2018-07-25 00:00:00+09:00,2130.822086055573,2148.6681671783167,2105.8375724837324,2125.46826171875,12800,0.0,0.0
2018-07-26 00:00:00+09:00,2100.4836557805793,2105.837479881974,2079.068359375,2079.068359375,2400,0.0,0.0
2018-07-27 00:00:00+09:00,2079.0682392989575,2087.0989749872365,2061.22215999167,2075.4990234375,2400,0.0,0.0
2018-07-30 00:00:00+09:00,2070.1454528544373,2070.1454528544373,2061.222412109375,2061.222412109375,1300,0.0,0.0
2018-07-31 00:00:00+09:00,2061.222412109375,2061.222412109375,2052.2993713643127,2061.222412109375,1500,0.0,0.0
2018-08-01 00:00:00+09:00,2062.1146166561985,2062.1146166561985,1998.7610304240088,2025.5301513671875,2800,0.0,0.0
2018-08-02 00:00:00+09:00,1998.7610691518848,2044.2685756370392,1998.7610691518848,2012.1456298828125,4700,0.0,0.0
2018-08-03 00:00:00+09:00,2001.4379093754399,2005.8994294587555,1980.9149169921875,1980.9149169921875,1100,0.0,0.0
2018-08-06 00:00:00+09:00,1981.8071758392196,1983.5917838318708,1954.145751953125,1954.145751953125,7600,0.0,0.0
2018-08-07 00:00:00+09:00,1955.037961920736,1971.0994330821113,1954.1456579673263,1958.607177734375,2100,0.0,0.0
2018-08-08 00:00:00+09:00,1929.1612440257354,1929.1612440257354,1872.946092141544,1896.14599609375,11000,0.0,0.0
2018-08-09 00:00:00+09:00,1878.2998153814508,1914.88427734375,1878.2998153814508,1914.88427734375,1100,0.0,0.0
2018-08-10 00:00:00+09:00,1870.2692338721781,1870.2692338721781,1857.7769775390625,1857.7769775390625,4100,0.0,0.0
2018-08-13 00:00:00+09:00,1848.8539739633632,1872.946183083542,1847.0693658803868,1847.961669921875,1200,0.0,0.0
2018-08-14 00:00:00+09:00,1849.7462466391923,1905.0690962733602,1849.7462466391923,1897.9306640625,1400,0.0,0.0
2018-08-15 00:00:00+09:00,2016.6071173912273,2061.2223191034227,1963.068875336593,1967.5303955078125,3200,0.0,0.0
2018-08-16 00:00:00+09:00,1967.5302291300811,1967.5302291300811,1937.19189453125,1937.19189453125,800,0.0,0.0
2018-08-17 00:00:00+09:00,1938.084228515625,1938.084228515625,1938.084228515625,1938.084228515625,300,0.0,0.0
2018-08-20 00:00:00+09:00,1938.0842330431972,1938.0842330431972,1874.7306508396673,1876.5152587890625,700,0.0,0.0
2018-08-21 00:00:00+09:00,1876.515460001922,1876.515460001922,1847.0694256794952,1849.746337890625,1700,0.0,0.0
2018-08-22 00:00:00+09:00,1852.4231300409315,1852.4231300409315,1785.5003291001465,1846.177001953125,2900,0.0,0.0
2018-08-23 00:00:00+09:00,1873.8384088863934,1874.730712890625,1873.8384088863934,1874.730712890625,300,0.0,0.0
2018-08-24 00:00:00+09:00,1891.6845372886473,1891.6845372886473,1847.0693359375,1847.0693359375,3700,0.0,0.0
2018-08-27 00:00:00+09:00,1839.9308418656867,1857.776921806188,1839.9308418656867,1848.8538818359375,800,0.0,0.0
2018-08-28 00:00:00+09:00,1829.2231745280503,1830.115478515625,1829.2231745280503,1830.115478515625,1500,0.0,0.0
2018-08-29 00:00:00+09:00,1829.2233336205575,1847.9617189893536,1820.30029296875,1820.30029296875,2700,0.0,0.0
2018-08-30 00:00:00+09:00,1820.30029296875,1820.30029296875,1820.30029296875,1820.30029296875,0,0.0,0.0
2018-08-31 00:00:00+09:00,1829.2232087913558,1847.069288877125,1820.3001687484712,1823.869384765625,1700,0.0,0.0
2018-09-03 00:00:00+09:00,1799.7772216796875,1802.4541337595285,1799.7772216796875,1799.7772216796875,1000,0.0,0.0
2018-09-04 00:00:00+09:00,1844.3924536955487,1844.3924536955487,1799.7772516226037,1800.6695556640625,1200,0.0,0.0
2018-09-05 00:00:00+09:00,1799.7771337404774,1799.7771337404774,1793.531005859375,1793.531005859375,500,0.0,0.0
2018-09-06 00:00:00+09:00,1794.4233461924118,1794.4233461924118,1705.192946083391,1732.8543701171875,16600,0.0,0.0
2018-09-07 00:00:00+09:00,1739.9928760528564,1739.9928760528564,1713.2237548828125,1713.2237548828125,2500,0.0,0.0
2018-09-10 00:00:00+09:00,1712.3314208984375,1726.6082852727861,1698.0545565240889,1712.3314208984375,5000,0.0,0.0
2018-09-11 00:00:00+09:00,1709.6545780532317,1709.6545780532317,1693.5931049817505,1699.8392333984375,6000,0.0,0.0
2018-09-12 00:00:00+09:00,1693.5929897205576,1693.5929897205576,1687.3468617289645,1689.1314697265625,4100,0.0,0.0
2018-09-13 00:00:00+09:00,1682.8853694164086,1707.8698817937468,1677.5315453355506,1693.593017578125,4100,0.0,0.0
2018-09-14 00:00:00+09:00,1695.377689940151,1799.7772634785708,1695.377689940151,1735.5313720703125,1700,0.0,0.0
2018-09-17 00:00:00+09:00,1735.5313720703125,1735.5313720703125,1735.5313720703125,1735.5313720703125,0,0.0,0.0
2018-09-18 00:00:00+09:00,1851.5308674137766,1851.5308674137766,1793.5311053020198,1829.2232666015625,4300,0.0,0.0
2018-09-19 00:00:00+09:00,1818.51562957012,1818.51562957012,1794.423420542449,1811.377197265625,1700,0.0,0.0
2018-09-20 00:00:00+09:00,1810.4848655116705,1811.3771695360726,1806.9156494140625,1806.9156494140625,1200,0.0,0.0
2018-09-21 00:00:00+09:00,1806.0232812307668,1812.2694091796875,1806.0232812307668,1812.2694091796875,1300,0.0,0.0
2018-09-24 00:00:00+09:00,1812.2694091796875,1812.2694091796875,1812.2694091796875,1812.2694091796875,0,0.0,0.0
2018-09-25 00:00:00+09:00,1840.823230521667,1840.823230521667,1810.484893227563,1811.377197265625,1100,0.0,0.0
2018-09-26 00:00:00+09:00,1811.3771201108495,1814.0540321110132,1739.992800106481,1787.284912109375,2800,0.0,0.0
2018-09-27 00:00:00+09:00,1814.0540537012685,1822.084789797339,1792.6387574450805,1802.4541015625,1000,0.0,0.0
2018-09-28 00:00:00+09:00,1803.346369252658,1828.3308810483404,1803.346369252658,1812.2694091796875,1400,0.0,0.0
2018-10-01 00:00:00+09:00,1812.269461206643,1812.269461206643,1741.7774437594126,1777.4696044921875,3300,0.0,0.0
2018-10-02 00:00:00+09:00,1778.3617903186428,1808.7001249251828,1770.3310546875,1770.3310546875,2400,0.0,0.0
2018-10-03 00:00:00+09:00,1770.3310546875,1770.3310546875,1770.3310546875,1770.3310546875,0,0.0,0.0
2018-10-04 00:00:00+09:00,1788.1773575734874,1788.1773575734874,1714.1161197099148,1758.7313232421875,3500,0.0,0.0
2018-10-05 00:00:00+09:00,1782.8235162503127,1783.7158203125,1756.9466984468797,1783.7158203125,1400,0.0,0.0
2018-10-08 00:00:00+09:00,1783.7158203125,1783.7158203125,1783.7158203125,1783.7158203125,0,0.0,0.0
2018-10-09 00:00:00+09:00,1783.7158203125,1783.7158203125,1783.7158203125,1783.7158203125,0,0.0,0.0
2018-10-10 00:00:00+09:00,1784.6080455702809,1797.992605912058,1763.1927490234375,1763.1927490234375,800,0.0,0.0
2018-10-11 00:00:00+09:00,1762.3004318237304,1784.6080322265625,1756.0543037109376,1784.6080322265625,3100,0.0,0.0
2018-10-12 00:00:00+09:00,1784.6080829178024,1800.6695556640625,1784.6080829178024,1800.6695556640625,1000,0.0,0.0
2018-10-15 00:00:00+09:00,1845.2846569096964,1845.2846569096964,1784.607985405896,1812.2694091796875,2000,0.0,0.0
2018-10-16 00:00:00+09:00,1812.2694091796875,1812.2694091796875,1812.2694091796875,1812.2694091796875,0,0.0,0.0
2018-10-17 00:00:00+09:00,1802.4540844298244,1806.9156044407894,1780.146484375,1780.146484375,3800,0.0,0.0
2018-10-18 00:00:00+09:00,1750.7005292819656,1753.37744140625,1750.7005292819656,1753.37744140625,200,0.0,0.0
2018-10-19 00:00:00+09:00,1780.1464461141559,1804.2386536555505,1773.9003182330534,1793.531005859375,1800,0.0,0.0
2018-10-22 00:00:00+09:00,1793.531005859375,1793.531005859375,1793.531005859375,1793.531005859375,0,0.0,0.0
2018-10-23 00:00:00+09:00,1793.5311047626126,1851.530866856926,1764.085071699346,1781.93115234375,7500,0.0,0.0
2018-10-24 00:00:00+09:00,1781.9310242580264,1792.638671875,1764.9772488644849,1792.638671875,1400,0.0,0.0
2018-10-25 00:00:00+09:00,1714.1159470728824,1714.1159470728824,1631.1316768606084,1695.3775634765625,4200,0.0,0.0
2018-10-26 00:00:00+09:00,1695.3775634765625,1696.2698674573396,1695.3775634765625,1695.3775634765625,700,0.0,0.0
2018-10-29 00:00:00+09:00,1695.37765110858,1701.623779296875,1648.0855376829197,1701.623779296875,1500,0.0,0.0
2018-10-30 00:00:00+09:00,1672.1777065515903,1672.1777065515903,1667.7161865234375,1667.7161865234375,700,0.0,0.0
2018-10-31 00:00:00+09:00,1679.3161282141232,1838.146240234375,1679.3161282141232,1838.146240234375,1200,0.0,0.0
2018-11-01 00:00:00+09:00,1809.5925791317654,1809.5925791317654,1718.5775677553156,1731.06982421875,2600,0.0,0.0
2018-11-02 00:00:00+09:00,1766.762044187195,1766.762044187195,1730.177577615642,1736.4237060546875,5500,0.0,0.0
2018-11-05 00:00:00+09:00,1736.4237060546875,1736.4237060546875,1736.4237060546875,1736.4237060546875,0,0.0,0.0
2018-11-06 00:00:00+09:00,1736.4237060546875,1736.4237060546875,1736.4237060546875,1736.4237060546875,0,0.0,0.0
2018-11-07 00:00:00+09:00,1736.4237060546875,1736.4237060546875,1736.4237060546875,1736.4237060546875,0,0.0,0.0
2018-11-08 00:00:00+09:00,1735.5314019919667,1736.4237060546875,1735.5314019919667,1736.4237060546875,500,0.0,0.0
2018-11-09 00:00:00+09:00,1755.1619996948243,1784.6080322265625,1740.8851354370117,1784.6080322265625,2000,0.0,0.0
2018-11-12 00:00:00+09:00,1788.1772439052384,1793.531067988787,1763.1927315153448,1791.7464599609375,3000,0.0,0.0
2018-11-13 00:00:00+09:00,1791.7464599609375,1791.7464599609375,1791.7464599609375,1791.7464599609375,0,0.0,0.0
2018-11-14 00:00:00+09:00,1747.1312674867993,1747.1312674867993,1679.316162109375,1679.316162109375,15000,0.0,0.0
2018-11-15 00:00:00+09:00,1615.070204815078,1622.2086366595645,1590.085693359375,1590.085693359375,5500,0.0,0.0
2018-11-16 00:00:00+09:00,1557.9627664620534,1623.1009577287946,1557.9627664620534,1561.531982421875,2400,0.0,0.0
2018-11-19 00:00:00+09:00,1575.8089302826768,1623.9933483094403,1575.8089302826768,1622.208740234375,1200,0.0,0.0
2018-11-20 00:00:00+09:00,1622.208740234375,1622.208740234375,1622.208740234375,1622.208740234375,0,0.0,0.0
2018-11-21 00:00:00+09:00,1605.2549494769466,1606.1472535066728,1588.301172912154,1596.3319091796875,10500,0.0,0.0
2018-11-22 00:00:00+09:00,1607.931884765625,1632.9163979584316,1607.0395807230248,1607.931884765625,2700,0.0,0.0
2018-11-23 00:00:00+09:00,1607.931884765625,1607.931884765625,1607.931884765625,1607.931884765625,0,0.0,0.0
2018-11-26 00:00:00+09:00,1614.1778623552275,1614.1778623552275,1584.7318316986646,1603.47021484375,1200,0.0,0.0
2018-11-27 00:00:00+09:00,1603.47021484375,1603.47021484375,1603.47021484375,1603.47021484375,0,0.0,0.0
2018-11-28 00:00:00+09:00,1597.2240871287215,1639.1623732153416,1574.916488146477,1603.47021484375,5500,0.0,0.0
2018-11-29 00:00:00+09:00,1607.0395353639497,1666.8239045307373,1607.0395353639497,1632.0240478515625,1200,0.0,0.0
2018-11-30 00:00:00+09:00,1672.1776599763568,1696.2698674573396,1624.8855489951686,1695.3775634765625,5500,0.0,0.0
2018-12-03 00:00:00+09:00,1694.4853583549657,1694.4853583549657,1683.7777099609375,1683.7777099609375,2000,0.0,0.0
2018-12-04 00:00:00+09:00,1682.885410473282,1705.193011354423,1665.039329768369,1676.6392822265625,1400,0.0,0.0
2018-12-05 00:00:00+09:00,1668.6085205078125,1668.6085205078125,1668.6085205078125,1668.6085205078125,100,0.0,0.0
2018-12-06 00:00:00+09:00,1668.6085205078125,1668.6085205078125,1668.6085205078125,1668.6085205078125,0,0.0,0.0
2018-12-07 00:00:00+09:00,1695.3776411576705,1695.3776411576705,1659.685480291193,1668.6085205078125,1800,0.0,0.0
2018-12-10 00:00:00+09:00,1641.8392894847973,1650.7623291015625,1641.8392894847973,1650.7623291015625,800,0.0,0.0
2018-12-11 00:00:00+09:00,1664.1469841942157,1664.1469841942157,1578.4857989488298,1595.4395751953125,14300,0.0,0.0
2018-12-12 00:00:00+09:00,1524.055260460656,1584.73193359375,1524.055260460656,1584.73193359375,2000,0.0,0.0
2018-12-13 00:00:00+09:00,1649.8701887229697,1649.8701887229697,1633.8087158203125,1633.8087158203125,800,0.0,0.0
2018-12-14 00:00:00+09:00,1633.8087158203125,1669.5008778262177,1599.0088578645548,1633.8087158203125,1800,0.0,0.0
2018-12-17 00:00:00+09:00,1606.1471910332914,1617.7471429685318,1598.116455078125,1598.116455078125,3800,0.0,0.0
2018-12-18 00:00:00+09:00,1565.9936441725706,1565.9936441725706,1530.3014813424265,1532.9783935546875,5900,0.0,0.0
2018-12-19 00:00:00+09:00,1534.762845335145,1539.224365234375,1516.9167657382247,1539.224365234375,2700,0.0,0.0
2018-12-20 00:00:00+09:00,1513.3476033653847,1516.9168194110578,1449.9940185546875,1449.9940185546875,7300,0.0,0.0
2018-12-21 00:00:00+09:00,1451.7785423136647,1451.7785423136647,1432.1478552018634,1436.609375,1200,0.0,0.0
2018-12-24 00:00:00+09:00,1436.609375,1436.609375,1436.609375,1436.609375,0,0.0,0.0
2018-12-25 00:00:00+09:00,1397.3480802346733,1437.5017607011869,1396.4557762243062,1402.701904296875,3100,0.0,0.0
2018-12-26 00:00:00+09:00,1433.9325446597188,1433.9325446597188,1402.701904296875,1402.701904296875,300,0.0,0.0
2018-12-27 00:00:00+09:00,1417.8710296152528,1483.9015243865106,1414.3018136816713,1423.224853515625,5300,0.0,0.0
2018-12-28 00:00:00+09:00,1418.7633944424715,1475.8708518288352,1418.7633944424715,1472.3016357421875,1700,0.0,0.0
2018-12-31 00:00:00+09:00,1472.3016357421875,1472.3016357421875,1472.3016357421875,1472.3016357421875,0,0.0,0.0
2019-01-04 00:00:00+09:00,1472.3016357421875,1472.3016357421875,1471.4093317205254,1472.3016357421875,6200,0.0,0.0
2019-01-07 00:00:00+09:00,1550.8243558114034,1550.8243558114034,1525.83984375,1525.83984375,900,0.0,0.0
2019-01-08 00:00:00+09:00,1525.83984375,1525.83984375,1525.83984375,1525.83984375,0,0.0,0.0
2019-01-09 00:00:00+09:00,1491.0400323170816,1501.7476806640625,1490.1477282881665,1501.7476806640625,900,0.0,0.0
2019-01-10 00:00:00+09:00,1501.7476806640625,1501.7476806640625,1501.7476806640625,1501.7476806640625,0,0.0,0.0
2019-01-11 00:00:00+09:00,1507.9938389286576,1507.9938389286576,1485.686237761074,1502.6400146484375,2600,0.0,0.0
2019-01-15 00:00:00+09:00,1530.3014050285751,1530.3014050285751,1481.22468358451,1508.8861083984375,4400,0.0,0.0
2019-01-16 00:00:00+09:00,1543.6859430569848,1544.5782470703125,1516.9168226571528,1544.5782470703125,300,0.0,0.0
2019-01-17 00:00:00+09:00,1544.5782470703125,1544.5782470703125,1544.5782470703125,1544.5782470703125,0,0.0,0.0
2019-01-18 00:00:00+09:00,1521.3782958984375,1523.162903870166,1521.3782958984375,1521.3782958984375,600,0.0,0.0
2019-01-21 00:00:00+09:00,1527.62451171875,1527.62451171875,1527.62451171875,1527.62451171875,400,0.0,0.0
2019-01-22 00:00:00+09:00,1527.62451171875,1527.62451171875,1527.62451171875,1527.62451171875,0,0.0,0.0
2019-01-23 00:00:00+09:00,1520.486006680456,1520.486006680456,1495.5014948335943,1496.393798828125,3200,0.0,0.0
2019-01-24 00:00:00+09:00,1463.3785408303254,1515.1321721523736,1463.3785408303254,1514.2398681640625,3800,0.0,0.0
2019-01-25 00:00:00+09:00,1514.2398681640625,1541.9012918017088,1492.8245724445942,1514.2398681640625,6300,0.0,0.0
2019-01-28 00:00:00+09:00,1514.2398681640625,1514.2398681640625,1514.2398681640625,1514.2398681640625,0,0.0,0.0
2019-01-29 00:00:00+09:00,1516.9169120175864,1516.9169120175864,1496.3939185020542,1499.963134765625,1600,0.0,0.0
2019-01-30 00:00:00+09:00,1499.963134765625,1499.963134765625,1499.963134765625,1499.963134765625,0,0.0,0.0
2019-01-31 00:00:00+09:00,1491.0400390625,1491.0400390625,1491.0400390625,1491.0400390625,100,0.0,0.0
2019-02-01 00:00:00+09:00,1491.0400390625,1491.0400390625,1491.0400390625,1491.0400390625,0,0.0,0.0
2019-02-04 00:00:00+09:00,1562.4243234459768,1562.4243234459768,1498.1784346463705,1500.8553466796875,2700,0.0,0.0
2019-02-05 00:00:00+09:00,1501.7476717548695,1516.0245361328125,1501.7476717548695,1516.0245361328125,1100,0.0,0.0
2019-02-06 00:00:00+09:00,1508.8861017322372,1520.4860540223135,1508.8861017322372,1519.59375,1800,0.0,0.0
2019-02-07 00:00:00+09:00,1535.6552734375,1535.6552734375,1535.6552734375,1535.6552734375,200,0.0,0.0
2019-02-08 00:00:00+09:00,1535.6552734375,1535.6552734375,1535.6552734375,1535.6552734375,0,0.0,0.0
2019-02-12 00:00:00+09:00,1535.6551076509315,1560.6396184087619,1535.6551076509315,1559.747314453125,1000,0.0,0.0
2019-02-13 00:00:00+09:00,1556.1781408514494,1556.1781408514494,1526.7321095165307,1539.224365234375,1500,0.0,0.0
2019-02-14 00:00:00+09:00,1538.3320997807018,1539.2244037828948,1521.378323739035,1525.83984375,5400,0.0,0.0
2019-02-15 00:00:00+09:00,1524.9475786147216,1524.9475786147216,1507.9938021409478,1512.455322265625,5900,0.0,0.0
2019-02-18 00:00:00+09:00,1512.455322265625,1513.3476262905606,1503.5322820162703,1512.455322265625,6200,0.0,0.0
2019-02-19 00:00:00+09:00,1499.0707452282934,1499.9630492433103,1483.0092729579903,1490.147705078125,12000,0.0,0.0
2019-02-20 00:00:00+09:00,1473.1939119194055,1488.3630800009498,1454.455527818674,1467.840087890625,4800,0.0,0.0
2019-02-21 00:00:00+09:00,1456.2402138157895,1456.2402138157895,1441.071044921875,1441.071044921875,4500,0.0,0.0
2019-02-22 00:00:00+09:00,1427.6863929068688,1442.8555608315041,1427.6863929068688,1441.9632568359375,900,0.0,0.0
2019-02-25 00:00:00+09:00,1441.0709894007982,1441.0709894007982,1432.14794921875,1432.14794921875,1200,0.0,0.0
2019-02-26 00:00:00+09:00,1441.0709248974335,1444.6401408104923,1437.501708984375,1437.501708984375,500,0.0,0.0
2019-02-27 00:00:00+09:00,1437.501708984375,1437.501708984375,1437.501708984375,1437.501708984375,0,0.0,0.0
2019-02-28 00:00:00+09:00,1441.963388671875,1441.963388671875,1427.6865234375,1427.6865234375,4000,0.0,0.0
2019-03-01 00:00:00+09:00,1427.686525885025,1444.6403033799097,1424.1173095703125,1424.1173095703125,12800,0.0,0.0
2019-03-04 00:00:00+09:00,1431.2557421997376,1445.5326074585878,1424.1173095703125,1424.1173095703125,10000,0.0,0.0
2019-03-05 00:00:00+09:00,1427.686438011328,1429.4710460588421,1415.194181678729,1417.87109375,5100,0.0,0.0
2019-03-06 00:00:00+09:00,1417.8710057081375,1417.8710057081375,1405.3787501512377,1411.6248779296875,3100,0.0,0.0
2019-03-07 00:00:00+09:00,1418.7633764834804,1418.7633764834804,1401.809600286508,1402.701904296875,6500,0.0,0.0
2019-03-08 00:00:00+09:00,1402.701906476702,1407.1634265354703,1399.1326904296875,1399.1326904296875,6000,0.0,0.0
2019-03-11 00:00:00+09:00,1399.132628383758,1429.4709634379976,1393.7788045506568,1400.917236328125,3300,0.0,0.0
2019-03-12 00:00:00+09:00,1400.9172705359285,1400.9172705359285,1393.778838584153,1394.671142578125,2100,0.0,0.0
2019-03-13 00:00:00+09:00,1399.1326304078862,1399.1326304078862,1392.8865025935654,1397.3480224609375,1100,0.0,0.0
2019-03-14 00:00:00+09:00,1416.0864278633082,1419.6556438125542,1400.0249560917018,1412.5172119140625,5600,0.0,0.0
2019-03-15 00:00:00+09:00,1412.5171616314162,1421.4402011868895,1392.886474609375,1392.886474609375,6400,0.0,0.0
2019-03-18 00:00:00+09:00,1409.8404241831263,1419.6557689084518,1401.809687589678,1408.9481201171875,5100,0.0,0.0
2019-03-19 00:00:00+09:00,1466.9477687118076,1466.9477687118076,1441.9632568359375,1441.9632568359375,1400,0.0,0.0
2019-03-20 00:00:00+09:00,1466.947862446788,1466.947862446788,1441.071044921875,1441.071044921875,1700,0.0,0.0
2019-03-22 00:00:00+09:00,1437.5016930118375,1444.6401247586373,1393.7787985626878,1411.6248779296875,3000,0.0,0.0
2019-03-25 00:00:00+09:00,1418.763525020013,1445.5326481335983,1406.2712675670066,1410.7327880859375,2200,0.0,0.0
2019-03-26 00:00:00+09:00,1416.9788289439723,1416.9788289439723,1392.886619635731,1404.486572265625,2500,0.0,0.0
2019-03-27 00:00:00+09:00,1461.4503741686856,1475.4578857421875,1442.7736920706834,1475.4578857421875,4000,70.0,0.0
2019-03-28 00:00:00+09:00,1480.1271721684438,1535.223388671875,1474.5241671002984,1535.223388671875,2100,0.0,0.0
2019-03-29 00:00:00+09:00,1511.8774505480797,1516.546621179791,1479.1932561261015,1483.8624267578125,400,0.0,0.0
2019-04-01 00:00:00+09:00,1521.215811046184,1556.70150829588,1460.5165920664406,1488.5316162109375,8600,0.0,0.0
2019-04-02 00:00:00+09:00,1496.9361293448596,1539.892499868792,1442.773749119032,1459.582763671875,11500,0.0,0.0
2019-04-03 00:00:00+09:00,1444.6413350140044,1444.6413350140044,1388.6112896999514,1409.1556396484375,6700,0.0,0.0
2019-04-04 00:00:00+09:00,1401.6850082397461,1419.4278564453125,1401.6850082397461,1419.4278564453125,1500,0.0,0.0
2019-04-05 00:00:00+09:00,1410.0895470603903,1414.7587177460207,1388.6113619064902,1397.015869140625,7100,0.0,0.0
2019-04-08 00:00:00+09:00,1400.7512652684773,1413.8249437443164,1326.9783652976707,1411.957275390625,10900,0.0,0.0
2019-04-09 00:00:00+09:00,1400.7511404000868,1445.5751768928897,1400.7511404000868,1411.0233154296875,1600,0.0,0.0
2019-04-10 00:00:00+09:00,1479.1932748294385,1489.4654503490874,1425.0308948167444,1488.5316162109375,3900,0.0,0.0
2019-04-11 00:00:00+09:00,1443.7076600970645,1474.524188417377,1438.1046549479167,1448.3768310546875,5200,0.0,0.0
2019-04-12 00:00:00+09:00,1447.4430116119875,1461.4505246275874,1435.3031669984675,1452.1121826171875,1600,0.0,0.0
2019-04-15 00:00:00+09:00,1481.9948096014132,1481.9948096014132,1446.5091115769308,1466.11962890625,2500,0.0,0.0
2019-04-16 00:00:00+09:00,1447.4429457354697,1467.053463064789,1447.4429457354697,1466.11962890625,300,0.0,0.0
2019-04-17 00:00:00+09:00,1466.11962890625,1466.11962890625,1466.11962890625,1466.11962890625,0,0.0,0.0
2019-04-18 00:00:00+09:00,1503.4729737703997,1503.4729737703997,1489.4654615924146,1491.3331298828125,600,0.0,0.0
2019-04-19 00:00:00+09:00,1467.987308412468,1468.921142578125,1467.987308412468,1468.921142578125,300,0.0,0.0
2019-04-22 00:00:00+09:00,1528.6864060979938,1528.6864060979938,1469.8548583984375,1469.8548583984375,600,0.0,0.0
2019-04-23 00:00:00+09:00,1529.620322143172,1529.620322143172,1485.7301175395523,1489.4654541015625,1400,0.0,0.0
2019-04-24 00:00:00+09:00,1542.6940094181366,1542.6940094181366,1522.149658203125,1522.149658203125,200,0.0,0.0
2019-04-25 00:00:00+09:00,1522.1496852486434,1559.5030517578125,1522.1496852486434,1559.5030517578125,600,0.0,0.0
2019-04-26 00:00:00+09:00,1523.0834700650746,1637.945068359375,1523.0834700650746,1637.945068359375,3500,0.0,0.0
2019-05-07 00:00:00+09:00,1525.8850364548332,1563.2384033203125,1525.8850364548332,1563.2384033203125,200,0.0,0.0
2019-05-08 00:00:00+09:00,1637.0111659177437,1637.0111659177437,1621.135986328125,1621.135986328125,200,0.0,0.0
2019-05-09 00:00:00+09:00,1559.5030517578125,1559.5030517578125,1559.5030517578125,1559.5030517578125,200,0.0,0.0
2019-05-10 00:00:00+09:00,1570.7089956764653,1584.7165075285145,1570.7089956764653,1573.510498046875,500,0.0,0.0
2019-05-13 00:00:00+09:00,1580.9811936642982,1585.650364348481,1579.113525390625,1579.113525390625,1300,0.0,0.0
2019-05-14 00:00:00+09:00,1587.5181068538625,1587.5181068538625,1561.370749799799,1566.9737548828125,800,0.0,0.0
2019-05-15 00:00:00+09:00,1791.093876020808,1802.2998856726588,1711.7179743201987,1731.3284912109375,22700,0.0,0.0
2019-05-16 00:00:00+09:00,1727.5932049513128,1733.196209940344,1682.7691650390625,1682.7691650390625,18400,0.0,0.0
2019-05-17 00:00:00+09:00,1681.8353636645998,1685.5707003967811,1598.7241213735674,1629.5406494140625,21700,0.0,0.0
2019-05-20 00:00:00+09:00,1634.209737484357,1648.217249519937,1608.9962158203125,1608.9962158203125,18200,0.0,0.0
2019-05-21 00:00:00+09:00,1608.9962045359057,1656.6217451228651,1606.1947021484375,1606.1947021484375,11900,0.0,0.0
2019-05-22 00:00:00+09:00,1643.5480122626584,1649.1510168499174,1623.003662109375,1623.003662109375,12600,0.0,0.0
2019-05-23 00:00:00+09:00,1632.3420957708634,1642.6142714307487,1615.5330810546875,1615.5330810546875,7400,0.0,0.0
2019-05-24 00:00:00+09:00,1612.7316599119674,1615.5331625059082,1605.260986328125,1605.260986328125,7700,0.0,0.0
2019-05-27 00:00:00+09:00,1615.5331625059082,1615.5331625059082,1605.260986328125,1605.260986328125,6200,0.0,0.0
2019-05-28 00:00:00+09:00,1606.1947570872503,1608.0624254094446,1589.3857421875,1589.3857421875,9500,0.0,0.0
2019-05-29 00:00:00+09:00,1593.1210638434923,1595.922566300427,1585.650390625,1585.650390625,12700,0.0,0.0
2019-05-30 00:00:00+09:00,1584.7164846832657,1595.9224940033596,1566.9736365931171,1567.907470703125,12000,0.0,0.0
2019-05-31 00:00:00+09:00,1567.9075741784975,1584.7165892679632,1561.3707349770386,1563.2384033203125,9400,0.0,0.0
2019-06-03 00:00:00+09:00,1580.9811823695757,1584.7165188902363,1569.7751728075941,1576.31201171875,6500,0.0,0.0
2019-06-04 00:00:00+09:00,1588.4517746106396,1605.260788098583,1572.5765952053598,1586.5841064453125,4600,0.0,0.0
2019-06-05 00:00:00+09:00,1588.4518554108968,1592.1871919315574,1576.31201171875,1576.31201171875,3200,0.0,0.0
2019-06-06 00:00:00+09:00,1606.194645230022,1606.194645230022,1577.2457882520391,1592.1871337890625,3200,0.0,0.0
2019-06-07 00:00:00+09:00,1588.4518591980739,1590.3195274628572,1577.245849609375,1577.245849609375,3100,0.0,0.0
2019-06-10 00:00:00+09:00,1603.3931352903196,1603.3931352903196,1578.1796148169133,1590.3194580078125,2200,0.0,0.0
2019-06-11 00:00:00+09:00,1588.451870532746,1589.385704671801,1578.1796950031396,1580.04736328125,2800,0.0,0.0
2019-06-12 00:00:00+09:00,1580.9812124000405,1588.4518855832657,1580.9812124000405,1583.78271484375,3000,0.0,0.0
2019-06-13 00:00:00+09:00,1582.8488656984152,1583.7826998374703,1578.1796950031396,1580.04736328125,4400,0.0,0.0
2019-06-14 00:00:00+09:00,1579.1134337840044,1596.8562813546112,1579.1134337840044,1586.5841064453125,7300,0.0,0.0
2019-06-17 00:00:00+09:00,1573.5104942774828,1587.5180060959767,1572.57666015625,1572.57666015625,7100,0.0,0.0
2019-06-18 00:00:00+09:00,1574.4444283268308,1604.3271221029033,1566.0399207023102,1566.9737548828125,11700,0.0,0.0
2019-06-19 00:00:00+09:00,1587.5180174912937,1587.5180174912937,1573.510505572253,1575.378173828125,2200,0.0,0.0
2019-06-20 00:00:00+09:00,1584.7164798491183,1603.3931619923019,1584.7164798491183,1596.8563232421875,5800,0.0,0.0
2019-06-21 00:00:00+09:00,1604.3270112686423,1605.260845384631,1586.5841630648565,1600.5916748046875,1900,0.0,0.0
2019-06-24 00:00:00+09:00,1604.327050614506,1644.4819185868134,1604.327050614506,1640.74658203125,7600,0.0,0.0
2019-06-25 00:00:00+09:00,1640.746516793899,1665.9600375414432,1639.812682692138,1654.7540283203125,5400,0.0,0.0
2019-06-26 00:00:00+09:00,1657.5555926034374,1716.387143214151,1657.5555926034374,1700.511962890625,6600,0.0,0.0
2019-06-27 00:00:00+09:00,1722.9239966982889,1791.0938892505787,1709.850318674562,1764.946533203125,8100,0.0,0.0
2019-06-28 00:00:00+09:00,1778.954094121535,1783.6232649722479,1766.814249909682,1777.08642578125,5600,0.0,0.0
2019-07-01 00:00:00+09:00,1786.4247147341516,1787.3585488767205,1764.0126953125,1764.0126953125,30600,0.0,0.0
2019-07-02 00:00:00+09:00,1777.0863467793156,1777.0863467793156,1757.475830078125,1757.475830078125,2400,0.0,0.0
2019-07-03 00:00:00+09:00,1731.328467056599,1755.608154296875,1731.328467056599,1755.608154296875,1100,0.0,0.0
2019-07-04 00:00:00+09:00,1760.2773922436859,1772.417236328125,1755.6082214419785,1772.417236328125,800,0.0,0.0
2019-07-05 00:00:00+09:00,1771.4834281701114,1781.7556040846457,1769.6157598220143,1778.9541015625,1300,0.0,0.0
2019-07-08 00:00:00+09:00,1776.152561737302,1778.9540642006102,1764.9465518840698,1769.61572265625,1500,0.0,0.0
2019-07-09 00:00:00+09:00,1743.46835157696,1765.88037109375,1743.46835157696,1765.88037109375,500,0.0,0.0
2019-07-10 00:00:00+09:00,1756.5420347377233,1797.6307373046875,1756.5420347377233,1797.6307373046875,2300,0.0,0.0
2019-07-11 00:00:00+09:00,1802.2998046875,1810.704311548737,1792.96146373057,1802.2998046875,3700,0.0,0.0
2019-07-12 00:00:00+09:00,1796.6969403565083,1809.7706187166907,1796.6969403565083,1806.9691162109375,3900,0.0,0.0
2019-07-16 00:00:00+09:00,1804.1675763494318,1804.1675763494318,1791.0938982599432,1797.6307373046875,3700,0.0,0.0
2019-07-17 00:00:00+09:00,1806.0352408871086,1806.0352408871086,1793.8953969721488,1796.6968994140625,1200,0.0,0.0
2019-07-18 00:00:00+09:00,1798.5645863961654,1802.2999230241949,1791.0939131401067,1801.3660888671875,4000,0.0,0.0
2019-07-19 00:00:00+09:00,1804.1676468063188,1804.1676468063188,1690.2398761487768,1784.55712890625,13100,0.0,0.0
2019-07-22 00:00:00+09:00,1776.152488468578,1781.7554931640625,1768.6818155412652,1781.7554931640625,3400,0.0,0.0
2019-07-23 00:00:00+09:00,1768.6818547334803,1773.3510254165149,1761.211181640625,1761.211181640625,2700,0.0,0.0
2019-07-24 00:00:00+09:00,1771.483332869398,1787.3585129741844,1764.0126598789104,1785.4908447265625,5200,0.0,0.0
2019-07-25 00:00:00+09:00,1822.8442211977806,1822.8442211977806,1783.6231877498776,1788.2923583984375,13800,0.0,0.0
2019-07-26 00:00:00+09:00,1796.696905540148,1796.696905540148,1767.748046875,1767.748046875,2500,0.0,0.0
2019-07-29 00:00:00+09:00,1774.2848127110933,1779.8878173828125,1774.2848127110933,1779.8878173828125,900,0.0,0.0
2019-07-30 00:00:00+09:00,1779.8879208311414,1779.8879208311414,1775.21875,1775.21875,900,0.0,0.0
2019-07-31 00:00:00+09:00,1775.2186936897285,1775.2186936897285,1760.277347504018,1761.211181640625,900,0.0,0.0
2019-08-01 00:00:00+09:00,1757.4757762386926,1778.0201264391449,1741.6005965383429,1774.2847900390625,2700,0.0,0.0
2019-08-02 00:00:00+09:00,1757.4758934595511,1773.35107421875,1757.4758934595511,1773.35107421875,2000,0.0,0.0
2019-08-05 00:00:00+09:00,1773.351122228309,1773.351122228309,1746.2699307882767,1754.6744384765625,2100,0.0,0.0
2019-08-06 00:00:00+09:00,1717.3210337520425,1735.9977170989923,1713.5856970826526,1714.51953125,3100,0.0,0.0
2019-08-07 00:00:00+09:00,1767.7480225794523,1767.7480225794523,1731.3284912109375,1731.3284912109375,2300,0.0,0.0
2019-08-08 00:00:00+09:00,1727.5931604733782,1727.5931604733782,1697.7104679678928,1702.379638671875,2800,0.0,0.0
2019-08-09 00:00:00+09:00,1698.644305848239,1707.048813133909,1697.7104717053867,1703.3134765625,1200,0.0,0.0
2019-08-13 00:00:00+09:00,1671.5631103515625,1672.4969444914236,1635.1435788969754,1671.5631103515625,4100,0.0,0.0
2019-08-14 00:00:00+09:00,1673.4308159722223,1693.0413333468969,1673.4308159722223,1680.9014892578125,2400,0.0,0.0
2019-08-15 00:00:00+09:00,1665.9600980276496,1669.6954345703125,1654.7540883996608,1669.6954345703125,3800,0.0,0.0
2019-08-16 00:00:00+09:00,1662.224723893156,1665.0262262367962,1655.687885091329,1660.3570556640625,2000,0.0,0.0
2019-08-19 00:00:00+09:00,1652.8863373321153,1657.5555077765564,1649.1510009765625,1649.1510009765625,2400,0.0,0.0
2019-08-20 00:00:00+09:00,1656.6217304895863,1678.0999152704546,1651.9525598850496,1663.1585693359375,4500,0.0,0.0
2019-08-21 00:00:00+09:00,1663.1586466908386,1666.8939833482016,1651.95263671875,1651.95263671875,1800,0.0,0.0
2019-08-22 00:00:00+09:00,1652.8864333872227,1661.2909406756323,1641.6804236693433,1642.6142578125,2700,0.0,0.0
2019-08-23 00:00:00+09:00,1670.6292156920492,1670.6292156920492,1641.6803584050433,1656.6217041015625,800,0.0,0.0
2019-08-26 00:00:00+09:00,1642.614227695781,1665.026246720624,1634.209720561465,1635.1435546875,3000,0.0,0.0
2019-08-27 00:00:00+09:00,1664.0923845445789,1664.0923845445789,1636.0773612357475,1658.4893798828125,900,0.0,0.0
2019-08-28 00:00:00+09:00,1664.0923883355463,1664.0923883355463,1647.2833743119547,1659.4232177734375,400,0.0,0.0
2019-08-29 00:00:00+09:00,1658.4894767532603,1682.7691650390625,1658.4894767532603,1682.7691650390625,400,0.0,0.0
2019-08-30 00:00:00+09:00,1688.372032709867,1688.372032709867,1649.1510009765625,1649.1510009765625,600,0.0,0.0
2019-09-02 00:00:00+09:00,1662.2247652210558,1690.2397893539949,1662.2247652210558,1670.6292724609375,1800,0.0,0.0
2019-09-03 00:00:00+09:00,1655.6879001193577,1689.305928548177,1655.6879001193577,1664.0924072265625,1200,0.0,0.0
2019-09-04 00:00:00+09:00,1666.8939396522564,1671.5631103515625,1666.8939396522564,1671.5631103515625,700,0.0,0.0
2019-09-05 00:00:00+09:00,1671.5631290531423,1681.8353047065416,1665.9601241512883,1676.2322998046875,1100,0.0,0.0
2019-09-06 00:00:00+09:00,1661.290960805444,1679.0338097404094,1661.290960805444,1678.0999755859375,500,0.0,0.0
2019-09-09 00:00:00+09:00,1678.099991427123,1725.7255337547708,1675.2984889372613,1712.65185546875,7900,0.0,0.0
2019-09-10 00:00:00+09:00,1712.6518330313183,1712.6518330313183,1690.2398134060447,1707.048828125,2100,0.0,0.0
2019-09-11 00:00:00+09:00,1700.5120441584297,1700.5120441584297,1676.2323554444708,1690.2398681640625,2500,0.0,0.0
2019-09-12 00:00:00+09:00,1694.909039070593,1694.909039070593,1673.4308529005525,1690.2398681640625,2300,0.0,0.0
2019-09-13 00:00:00+09:00,1690.2397761748832,1697.71044921875,1685.5706055224664,1697.71044921875,2000,0.0,0.0
2019-09-17 00:00:00+09:00,1700.5119703902822,1705.1811410942641,1697.7104679678928,1702.379638671875,3400,0.0,0.0
2019-09-18 00:00:00+09:00,1704.247291904678,1704.247291904678,1688.3721116513193,1698.644287109375,3100,0.0,0.0
2019-09-19 00:00:00+09:00,1705.1811939912682,1746.2698974609375,1701.4458573122074,1746.2698974609375,4600,0.0,0.0
2019-09-20 00:00:00+09:00,1727.5931584031755,1746.2698411967233,1720.1224852857563,1732.2623291015625,4300,0.0,0.0
2019-09-24 00:00:00+09:00,1735.9976618992084,1747.2036715510592,1713.5856425955071,1731.3284912109375,5300,0.0,0.0
2019-09-25 00:00:00+09:00,1728.5269887979748,1731.3284912109375,1720.1224815590867,1731.3284912109375,4100,0.0,0.0
2019-09-26 00:00:00+09:00,1731.328546262255,1731.328546262255,1714.51953125,1714.51953125,400,0.0,0.0
2019-09-27 00:00:00+09:00,1727.5930745224532,1741.6005859375,1727.5930745224532,1741.6005859375,1300,0.0,0.0
2019-09-30 00:00:00+09:00,1729.4608341642265,1741.60067803255,1719.1886585833377,1734.1300048828125,2600,0.0,0.0
2019-10-01 00:00:00+09:00,1718.2548828125,1725.7255562160326,1701.4458676545516,1718.2548828125,700,0.0,0.0
2019-10-02 00:00:00+09:00,1713.5857119352922,1729.460892917799,1712.6518777598505,1718.2548828125,1200,0.0,0.0
2019-10-03 00:00:00+09:00,1718.2547645216594,1732.2622761889556,1718.2547645216594,1719.1885986328125,800,0.0,0.0
2019-10-04 00:00:00+09:00,1740.6667820675386,1750.0051231730513,1740.6667820675386,1749.0712890625,1600,0.0,0.0
2019-10-07 00:00:00+09:00,1755.6081618208686,1767.7480054930343,1755.6081618208686,1757.475830078125,900,0.0,0.0
2019-10-08 00:00:00+09:00,1756.5420221719494,1791.0938854469957,1756.5420221719494,1764.0126953125,1900,0.0,0.0
2019-10-09 00:00:00+09:00,1755.6082325092057,1782.6894233298262,1755.6082325092057,1775.21875,1000,0.0,0.0
2019-10-10 00:00:00+09:00,1767.7480431328868,1767.7480431328868,1757.4758674992568,1766.814208984375,1900,0.0,0.0
2019-10-11 00:00:00+09:00,1758.4096941912617,1764.946533203125,1758.4096941912617,1764.946533203125,2000,0.0,0.0
2019-10-15 00:00:00+09:00,1774.2848177083333,1774.2848177083333,1750.93896484375,1750.93896484375,4500,0.0,0.0
2019-10-16 00:00:00+09:00,1750.93896484375,1755.6081354166665,1750.93896484375,1750.93896484375,1300,0.0,0.0
2019-10-17 00:00:00+09:00,1754.6744049888243,1763.0789125167112,1746.2698974609375,1746.2698974609375,2000,0.0,0.0
2019-10-18 00:00:00+09:00,1746.269867566167,1746.269867566167,1738.7991943359375,1738.7991943359375,1900,0.0,0.0
2019-10-21 00:00:00+09:00,1746.2698974609375,1753.740570819059,1741.6007266121114,1746.2698974609375,2100,0.0,0.0
2019-10-23 00:00:00+09:00,1756.541988421501,1760.277324920005,1749.0713154244932,1755.608154296875,1700,0.0,0.0
2019-10-24 00:00:00+09:00,1755.608154296875,1755.608154296875,1752.806651922997,1755.608154296875,2600,0.0,0.0
2019-10-25 00:00:00+09:00,1761.211181640625,1761.211181640625,1761.211181640625,1761.211181640625,1400,0.0,0.0
2019-10-28 00:00:00+09:00,1764.9464490388568,1774.2847900390625,1764.9464490388568,1774.2847900390625,2000,0.0,0.0
2019-10-29 00:00:00+09:00,1774.284827746646,1790.160007784379,1771.483325387046,1783.6231689453125,1700,0.0,0.0
2019-10-30 00:00:00+09:00,1796.6968994140625,1800.432236003281,1795.763065266758,1796.6968994140625,800,0.0,0.0
2019-10-31 00:00:00+09:00,1801.3660963266889,1809.7706037745584,1801.3660963266889,1803.2337646484375,2500,0.0,0.0
2019-11-01 00:00:00+09:00,1803.2336614939793,1810.7043343536125,1802.299827386525,1807.90283203125,1300,0.0,0.0
2019-11-05 00:00:00+09:00,1811.6381760352167,1811.6381760352167,1803.2336690329914,1809.7705078125,1900,0.0,0.0
2019-11-06 00:00:00+09:00,1774.284827746646,1783.6231689453125,1774.284827746646,1783.6231689453125,2000,0.0,0.0
2019-11-07 00:00:00+09:00,1783.6231914990133,1789.2261962890625,1783.6231914990133,1789.2261962890625,900,0.0,0.0
2019-11-08 00:00:00+09:00,1783.6231914990133,1789.2261962890625,1783.6231914990133,1789.2261962890625,900,0.0,0.0
2019-11-11 00:00:00+09:00,1787.3585167429674,1787.3585167429674,1783.6231802398474,1786.4246826171875,1700,0.0,0.0
2019-11-12 00:00:00+09:00,1778.9539983459792,1784.557003065179,1776.1524959863793,1783.6231689453125,1600,0.0,0.0
2019-11-13 00:00:00+09:00,1820.9764789248898,1820.9764789248898,1788.2922857134172,1800.43212890625,8600,0.0,0.0
2019-11-14 00:00:00+09:00,1801.3659857322907,1808.8366585606257,1801.3659857322907,1806.03515625,2600,0.0,0.0
2019-11-15 00:00:00+09:00,1811.6382174151809,1820.9765587420632,1806.9690467517396,1820.042724609375,5700,0.0,0.0
2019-11-18 00:00:00+09:00,1847.1239350947174,1866.7344521002728,1839.6532619497436,1855.5284423828125,9300,0.0,0.0
2019-11-19 00:00:00+09:00,1862.999117105314,1913.4261608765858,1862.999117105314,1886.344970703125,7200,0.0,0.0
2019-11-20 00:00:00+09:00,1889.1464731348624,1898.4848145739868,1865.8006195370515,1886.344970703125,4900,0.0,0.0
2019-11-21 00:00:00+09:00,1887.2787671748679,1887.2787671748679,1873.2712552957867,1877.006591796875,1300,0.0,0.0
2019-11-22 00:00:00+09:00,1877.0065679344073,1901.2862548828125,1877.0065679344073,1901.2862548828125,3200,0.0,0.0
2019-11-25 00:00:00+09:00,1909.6907770493451,1909.6907770493451,1905.0216064453125,1905.0216064453125,2200,0.0,0.0
2019-11-26 00:00:00+09:00,1910.6246149492054,1913.426117317166,1904.0877760906303,1905.9554443359375,2100,0.0,0.0
2019-11-27 00:00:00+09:00,1905.955510372,1905.955510372,1891.947998046875,1891.947998046875,3900,0.0,0.0
2019-11-28 00:00:00+09:00,1894.7493896484375,1902.2200624513885,1894.7493896484375,1894.7493896484375,500,0.0,0.0
2019-11-29 00:00:00+09:00,1892.8817516208924,1902.2200927734375,1889.1464151598743,1902.2200927734375,900,0.0,0.0
2019-12-02 00:00:00+09:00,1908.7569353667045,1908.7569353667045,1903.1539306640625,1903.1539306640625,700,0.0,0.0
2019-12-03 00:00:00+09:00,1901.2862624298484,1909.6907694838114,1897.5509259614205,1903.1539306640625,1900,0.0,0.0
2019-12-04 00:00:00+09:00,1895.6833159056469,1895.6833159056469,1887.27880859375,1887.27880859375,2300,0.0,0.0
2019-12-05 00:00:00+09:00,1905.9555028380141,1905.9555028380141,1889.146488114308,1890.080322265625,2500,0.0,0.0
2019-12-06 00:00:00+09:00,1881.6757624232353,1885.4110989243236,1869.5359187946983,1877.006591796875,2800,0.0,0.0
2019-12-09 00:00:00+09:00,1891.0140380859375,1891.0140380859375,1889.1463699001736,1891.0140380859375,1400,0.0,0.0
2019-12-10 00:00:00+09:00,1887.2787973424724,1891.014133903269,1884.477294921875,1884.477294921875,2200,0.0,0.0
2019-12-11 00:00:00+09:00,1886.3448751907838,1892.8817138671875,1886.3448751907838,1892.8817138671875,1600,0.0,0.0
2019-12-12 00:00:00+09:00,1895.6832237488063,1895.6832237488063,1894.7493896484375,1894.7493896484375,1200,0.0,0.0
2019-12-13 00:00:00+09:00,1895.6832313255861,1905.9554064707002,1895.6832313255861,1896.6170654296875,9500,0.0,0.0
2019-12-16 00:00:00+09:00,1908.7569692785937,1911.5584716796875,1906.8893010111979,1911.5584716796875,4000,0.0,0.0
2019-12-17 00:00:00+09:00,1913.426128648732,1915.2937969050997,1900.352450854158,1908.7569580078125,4700,0.0,0.0
2019-12-18 00:00:00+09:00,1908.7569391494758,1913.4261097442643,1893.8155932461532,1904.0877685546875,3000,0.0,0.0
2019-12-19 00:00:00+09:00,1926.4998253840479,1926.4998253840479,1913.4261474609375,1913.4261474609375,4300,0.0,0.0
2019-12-20 00:00:00+09:00,1909.6908109114775,1916.2276498730325,1909.6908109114775,1913.4261474609375,2900,0.0,0.0
2019-12-23 00:00:00+09:00,1914.3600077944507,1929.301354196749,1914.3600077944507,1919.9630126953125,7600,0.0,0.0
2019-12-24 00:00:00+09:00,1928.3675012165368,1928.3675012165368,1910.6246525370627,1915.2938232421875,5300,0.0,0.0
2019-12-25 00:00:00+09:00,1923.6983828787077,1928.3675537109375,1918.095377880032,1928.3675537109375,3700,0.0,0.0
2019-12-26 00:00:00+09:00,1922.7645338300013,1956.3825635618518,1922.7645338300013,1924.6322021484375,4800,0.0,0.0
2019-12-27 00:00:00+09:00,1933.0367320023358,1935.8382345124842,1929.301395322138,1930.2352294921875,7300,0.0,0.0
2019-12-30 00:00:00+09:00,1942.375022471237,1958.2502029433576,1934.904349307886,1947.97802734375,7600,0.0,0.0
2020-01-06 00:00:00+09:00,1959.1839750600247,1986.2651644197676,1953.5809703649054,1962.9193115234375,16000,0.0,0.0
2020-01-07 00:00:00+09:00,1998.40515877575,2033.8908578568146,1998.40515877575,2000.2728271484375,26600,0.0,0.0
2020-01-08 00:00:00+09:00,1998.4049792022495,2018.0154953532995,1998.4049792022495,2016.1478271484375,7700,0.0,0.0
2020-01-09 00:00:00+09:00,2028.28777210623,2064.707303925817,2012.412591569487,2041.3614501953125,8200,0.0,0.0
2020-01-10 00:00:00+09:00,2051.633564629742,2168.3628297998457,2051.633564629742,2117.001953125,15800,0.0,0.0
2020-01-14 00:00:00+09:00,2134.744925059443,2147.818603515625,2126.3404174804687,2147.818603515625,10300,0.0,0.0
2020-01-15 00:00:00+09:00,2142.215424531735,2146.884595029843,2054.435019167314,2104.862060546875,19800,0.0,0.0
2020-01-16 00:00:00+09:00,2102.060610924238,2141.2816440911943,2102.060610924238,2117.935791015625,5700,0.0,0.0
2020-01-17 00:00:00+09:00,2119.8033032194594,2140.3476524136568,2119.8033032194594,2139.413818359375,2000,0.0,0.0
2020-01-20 00:00:00+09:00,2136.6123314950983,2182.370200482537,2136.6123314950983,2143.149169921875,11900,0.0,0.0
2020-01-21 00:00:00+09:00,2148.7521589021917,2168.3626740421078,2139.413818359375,2139.413818359375,4200,0.0,0.0
2020-01-22 00:00:00+09:00,2143.1493729091985,2145.950875357446,2127.2741923691306,2132.877197265625,5400,0.0,0.0
2020-01-23 00:00:00+09:00,2136.6125525611624,2141.281723349102,2127.274210985283,2137.54638671875,6000,0.0,0.0
2020-01-24 00:00:00+09:00,2138.4801569119304,2142.215493430554,2118.8696401891575,2121.671142578125,7300,0.0,0.0
2020-01-27 00:00:00+09:00,2119.8035377245797,2138.480220876338,2105.7960253607607,2137.54638671875,11300,0.0,0.0
2020-01-28 00:00:00+09:00,2136.61247347608,2136.61247347608,2086.185430832851,2117.935791015625,9300,0.0,0.0
2020-01-29 00:00:00+09:00,2117.9359024534447,2117.9359024534447,1961.985595703125,1961.985595703125,35600,0.0,0.0
2020-01-30 00:00:00+09:00,2055.368930288462,2055.368930288462,1871.4036057692308,1942.375,30500,0.0,0.0
2020-01-31 00:00:00+09:00,1961.0516699937473,2030.1553955078125,1956.382499350905,2030.1553955078125,6900,0.0,0.0
2020-02-03 00:00:00+09:00,1948.9117754335757,2019.883167351617,1948.9117754335757,2017.0816650390625,5900,0.0,0.0
2020-02-04 00:00:00+09:00,2012.4126496585409,2026.4201623011757,2003.0743078967844,2025.486328125,4600,0.0,0.0
2020-02-05 00:00:00+09:00,2048.832050123991,2053.501220703125,2028.2876995758015,2053.501220703125,5100,0.0,0.0
2020-02-06 00:00:00+09:00,2055.3689377631244,2085.25163017949,2055.3689377631244,2065.64111328125,7500,0.0,0.0
2020-02-07 00:00:00+09:00,2082.4501164005915,2082.4501164005915,2043.2290828181585,2062.839599609375,7600,0.0,0.0
2020-02-10 00:00:00+09:00,2063.773414902592,2063.773414902592,2035.7583911708825,2058.17041015625,11600,0.0,0.0
2020-02-12 00:00:00+09:00,2051.6335787872563,2067.508758959939,2035.758398614574,2060.0380859375,11800,0.0,0.0
2020-02-13 00:00:00+09:00,2080.5824038288847,2127.274109480341,2071.2440626985936,2112.332763671875,12300,0.0,0.0
2020-02-14 00:00:00+09:00,2104.86228253239,2111.3991219191366,2077.781090787297,2099.25927734375,6500,0.0,0.0
2020-02-17 00:00:00+09:00,2099.2591802148963,2099.2591802148963,2061.9058140189018,2074.9794921875,6300,0.0,0.0
2020-02-18 00:00:00+09:00,2055.3688940632387,2059.104230535866,2024.5523681640625,2024.5523681640625,8300,0.0,0.0
2020-02-19 00:00:00+09:00,2026.419990162963,2059.104183552688,2026.419990162963,2043.22900390625,4100,0.0,0.0
2020-02-20 00:00:00+09:00,2063.7733655169586,2091.788388578275,2040.4275129658618,2046.030517578125,3000,0.0,0.0
2020-02-21 00:00:00+09:00,2043.229123557151,2073.11181640625,2043.229123557151,2073.11181640625,2800,0.0,0.0
2020-02-25 00:00:00+09:00,1970.3900166421197,2032.9569034264903,1970.3900166421197,2001.20654296875,8700,0.0,0.0
2020-02-26 00:00:00+09:00,1974.1253511690982,1978.7945218199238,1959.184005086456,1970.3900146484375,12600,0.0,0.0
2020-02-27 00:00:00+09:00,1970.3900721281477,2003.0742676373823,1916.2276909985587,1923.6983642578125,9500,0.0,0.0
2020-02-28 00:00:00+09:00,1851.793131898136,1877.0066541176263,1849.925463585581,1862.0653076171875,24100,0.0,0.0
2020-03-02 00:00:00+09:00,1848.9915279941704,1994.66964838159,1848.9915279941704,1957.3162841796875,12300,0.0,0.0
2020-03-03 00:00:00+09:00,1964.7870288681402,1983.4637116520578,1910.6246487947788,1914.3599853515625,7300,0.0,0.0
2020-03-04 00:00:00+09:00,1887.2787879109383,1923.698319196701,1876.0727782845497,1912.4923095703125,5700,0.0,0.0
2020-03-05 00:00:00+09:00,1913.4261760485504,1923.6983517130373,1882.609649055089,1890.080322265625,7700,0.0,0.0
2020-03-06 00:00:00+09:00,1891.0141188196299,2067.508769909462,1877.0066068283734,1880.741943359375,16800,0.0,0.0
2020-03-09 00:00:00+09:00,1868.6020833766206,1886.3449317445147,1734.129969430477,1755.608154296875,35400,0.0,0.0
2020-03-10 00:00:00+09:00,1652.8863840004833,1857.3960552412211,1630.474365234375,1811.63818359375,20100,0.0,0.0
2020-03-11 00:00:00+09:00,1820.9765587420632,1830.3149000689457,1793.8953688941044,1820.042724609375,13700,0.0,0.0
2020-03-12 00:00:00+09:00,1746.2697955259343,1771.4833166378062,1690.2397486106636,1721.0562744140625,20000,0.0,0.0
2020-03-13 00:00:00+09:00,1579.1135396784002,1651.018768865412,1558.5691884821113,1643.548095703125,20300,0.0,0.0
2020-03-16 00:00:00+09:00,1718.2548273259943,1718.2548273259943,1637.011256686124,1643.548095703125,14200,0.0,0.0
2020-03-17 00:00:00+09:00,1632.3420598170992,1680.901434594267,1604.3270359071948,1637.01123046875,13400,0.0,0.0
2020-03-18 00:00:00+09:00,1704.2472745165412,1704.2472745165412,1657.5555683654031,1664.0924072265625,8800,0.0,0.0
2020-03-19 00:00:00+09:00,1671.5631301086073,1676.2323008631006,1587.5180565277276,1615.5330810546875,13900,0.0,0.0
2020-03-23 00:00:00+09:00,1614.5992371992631,1643.548095703125,1595.9225542935458,1643.548095703125,13900,0.0,0.0
2020-03-24 00:00:00+09:00,1698.6442833492333,1699.5781174797166,1645.4157379116818,1697.71044921875,9800,0.0,0.0
2020-03-25 00:00:00+09:00,1806.0351494397614,1806.0351494397614,1742.5344306383636,1774.2847900390625,12200,0.0,0.0
2020-03-26 00:00:00+09:00,1764.9465494200424,1803.2337496984667,1755.6082078887193,1799.4984130859375,8800,0.0,0.0
2020-03-27 00:00:00+09:00,1836.8517503582061,1837.78558449667,1793.8953799888734,1822.84423828125,23000,0.0,0.0
2020-03-30 00:00:00+09:00,1629.1307052435634,1643.659219261788,1560.3624055573014,1589.41943359375,41200,70.0,0.0
2020-03-31 00:00:00+09:00,1589.4194550424252,1685.3076488566849,1589.4194550424252,1642.690673828125,15000,0.0,0.0
2020-04-01 00:00:00+09:00,1603.9480084548188,1618.476523024156,1578.765249867968,1590.3880615234375,12100,0.0,0.0
2020-04-02 00:00:00+09:00,1536.1482031436367,1548.7395818579287,1520.6511216491233,1522.5882568359375,14500,0.0,0.0
2020-04-03 00:00:00+09:00,1483.845522055367,1503.2168735182308,1474.1598463239352,1480.9398193359375,13100,0.0,0.0
2020-04-06 00:00:00+09:00,1452.8513704792838,1551.645263671875,1452.8513704792838,1551.645263671875,4400,0.0,0.0
2020-04-07 00:00:00+09:00,1551.645265045166,1556.4881029510498,1529.3682106781005,1549.7081298828125,15700,0.0,0.0
2020-04-08 00:00:00+09:00,1510.9654770323157,1564.2366957738395,1510.9654770323157,1562.299560546875,4200,0.0,0.0
2020-04-09 00:00:00+09:00,1572.9537760416667,1602.0108039242098,1572.9537760416667,1601.042236328125,4000,0.0,0.0
2020-04-10 00:00:00+09:00,1588.4508506605155,1611.6964728653036,1588.4508506605155,1610.7279052734375,4100,0.0,0.0
2020-04-13 00:00:00+09:00,1599.1050886591347,1622.3507107837981,1599.1050886591347,1618.4764404296875,4900,0.0,0.0
2020-04-14 00:00:00+09:00,1618.4764280708814,1636.8792121123815,1617.5078604897499,1635.91064453125,5200,0.0,0.0
2020-04-15 00:00:00+09:00,1646.5649385407498,1656.2506146498129,1636.8792624316866,1650.439208984375,4100,0.0,0.0
2020-04-16 00:00:00+09:00,1638.8164048087922,1646.564945729874,1638.8164048087922,1640.7535400390625,2500,0.0,0.0
2020-04-17 00:00:00+09:00,1640.753481061271,1648.5020217038273,1630.0992376777563,1637.8477783203125,4600,0.0,0.0
2020-04-20 00:00:00+09:00,1632.0363742067236,1638.8163472746446,1628.1621038821972,1635.91064453125,3700,0.0,0.0
2020-04-21 00:00:00+09:00,1634.9421401199215,1636.8792753570303,1627.1935991714859,1633.0050048828125,5000,0.0,0.0
2020-04-22 00:00:00+09:00,1627.1935501235769,1627.1935501235769,1615.5707390512657,1616.539306640625,3400,0.0,0.0
2020-04-23 00:00:00+09:00,1577.7966237839146,1598.1365434275378,1577.7966237839146,1587.4822998046875,5000,0.0,0.0
2020-04-24 00:00:00+09:00,1625.2564305187936,1625.2564305187936,1573.922347790846,1595.2308349609375,2600,0.0,0.0
2020-04-27 00:00:00+09:00,1602.9794260109948,1621.3822109621785,1602.9794260109948,1609.7593994140625,3900,0.0,0.0
2020-04-28 00:00:00+09:00,1627.1935948581558,1644.6278119459218,1627.1935948581558,1638.81640625,3700,0.0,0.0
2020-04-30 00:00:00+09:00,1647.5335456685254,1683.370548131627,1647.5335456685254,1678.5277099609375,4100,0.0,0.0
2020-05-01 00:00:00+09:00,1662.06199765535,1681.433349609375,1662.06199765535,1681.433349609375,1200,0.0,0.0
2020-05-07 00:00:00+09:00,1681.4333426179483,1703.7103972724487,1681.4333426179483,1691.1190185546875,3000,0.0,0.0
2020-05-08 00:00:00+09:00,1691.1190657920945,1709.5218505859375,1691.1190657920945,1709.5218505859375,2800,0.0,0.0
2020-05-11 00:00:00+09:00,1708.5532089712374,1727.924560546875,1706.6160738136737,1727.924560546875,5000,0.0,0.0
2020-05-12 00:00:00+09:00,1728.8932280451093,1781.1958803221041,1728.8932280451093,1756.981689453125,5900,0.0,0.0
2020-05-13 00:00:00+09:00,1745.3588532947358,1789.9129638671875,1745.3588532947358,1789.9129638671875,4100,0.0,0.0
2020-05-14 00:00:00+09:00,1790.8814655807782,1809.2842497051886,1778.2900869693397,1796.69287109375,3400,0.0,0.0
2020-05-15 00:00:00+09:00,1796.6929504728057,1807.3471943839652,1772.478759765625,1772.478759765625,2500,0.0,0.0
2020-05-18 00:00:00+09:00,1756.9816704791526,1788.9444020810336,1751.170264733356,1782.1644287109375,3200,0.0,0.0
2020-05-19 00:00:00+09:00,1751.1702792324863,1774.4159024081387,1751.1702792324863,1762.7930908203125,1700,0.0,0.0
2020-05-20 00:00:00+09:00,1762.7930220849262,1773.447265625,1752.1387785448524,1773.447265625,1300,0.0,0.0
2020-05-21 00:00:00+09:00,1762.793029081291,1764.7301642780837,1754.0759206957243,1763.7615966796875,900,0.0,0.0
2020-05-22 00:00:00+09:00,1762.7930849438424,1771.5101936056526,1760.8559496856624,1770.5416259765625,900,0.0,0.0
2020-05-25 00:00:00+09:00,1772.4787423834446,1796.6929328531637,1772.4787423834446,1795.724365234375,5700,0.0,0.0
2020-05-26 00:00:00+09:00,1795.7243637874208,1810.2528780575456,1795.7243637874208,1797.6614990234375,1600,0.0,0.0
2020-05-27 00:00:00+09:00,1797.6615399296336,1824.7814338509859,1795.724404649537,1823.8128662109375,3000,0.0,0.0
2020-05-28 00:00:00+09:00,1830.5928352158053,1834.4671057665266,1815.09575301292,1829.624267578125,1400,0.0,0.0
2020-05-29 00:00:00+09:00,1827.6871323027644,1830.5928352158053,1820.907158839002,1829.624267578125,1400,0.0,0.0
2020-06-01 00:00:00+09:00,1837.372753841319,1837.372753841319,1807.3471579693735,1820.9071044921875,1900,0.0,0.0
2020-06-02 00:00:00+09:00,1829.624166192131,1829.624166192131,1798.6300035038578,1800.567138671875,3400,0.0,0.0
2020-06-03 00:00:00+09:00,1835.4356215096739,1835.4356215096739,1807.347160811109,1817.0328369140625,4400,0.0,0.0
2020-06-04 00:00:00+09:00,1820.9071632907926,1832.5299749713722,1809.2843516102132,1823.8128662109375,1300,0.0,0.0
2020-06-05 00:00:00+09:00,1829.6242115373439,1829.6242115373439,1809.284291769062,1822.84423828125,1300,0.0,0.0
2020-06-08 00:00:00+09:00,1829.6242631333484,1835.4356689453125,1816.0643162387657,1835.4356689453125,5800,0.0,0.0
2020-06-09 00:00:00+09:00,1839.3099132599084,1878.0526181205698,1839.3099132599084,1870.3040771484375,11200,0.0,0.0
2020-06-10 00:00:00+09:00,1831.5614013671875,1851.9013217419686,1823.8128602720328,1831.5614013671875,9500,0.0,0.0
2020-06-11 00:00:00+09:00,1836.4042081925677,1858.6812634607263,1791.85009765625,1791.85009765625,6200,0.0,0.0
2020-06-12 00:00:00+09:00,1744.3902985452953,1772.478759765625,1719.2075402098276,1772.478759765625,7800,0.0,0.0
2020-06-15 00:00:00+09:00,1785.070068359375,1792.818609079329,1762.7930137895078,1785.070068359375,3300,0.0,0.0
2020-06-16 00:00:00+09:00,1800.5671512038084,1840.2784224245486,1783.1329345703125,1783.1329345703125,3200,0.0,0.0
2020-06-17 00:00:00+09:00,1818.0014293227468,1818.0014293227468,1784.1015625,1784.1015625,2400,0.0,0.0
2020-06-18 00:00:00+09:00,1794.755749877597,1801.5357230287807,1775.3843980170725,1777.321533203125,2600,0.0,0.0
2020-06-19 00:00:00+09:00,1777.3215318076561,1787.0072077303137,1774.4158290308587,1779.2586669921875,600,0.0,0.0
2020-06-22 00:00:00+09:00,1782.16440294343,1817.0328369140625,1777.3215648919534,1817.0328369140625,3200,0.0,0.0
2020-06-23 00:00:00+09:00,1818.001436987496,1854.8070068359375,1818.001436987496,1854.8070068359375,1700,0.0,0.0
2020-06-24 00:00:00+09:00,1854.8069326091083,1907.109582405919,1854.8069326091083,1873.209716796875,9600,0.0,0.0
2020-06-25 00:00:00+09:00,1911.9524021693637,1911.9524021693637,1882.8953747807716,1898.3924560546875,2200,0.0,0.0
2020-06-26 00:00:00+09:00,1914.8581104591244,1917.763813206407,1864.4925961728954,1890.6439208984375,5200,0.0,0.0
2020-06-29 00:00:00+09:00,1883.8640273364622,1950.6951933447995,1868.3669453635146,1946.8209228515625,7000,0.0,0.0
2020-06-30 00:00:00+09:00,1946.8209316494228,1959.4123108093445,1928.4181467233834,1935.1981201171875,8100,0.0,0.0
2020-07-01 00:00:00+09:00,1896.4553868947612,1927.4495505212333,1868.366926108271,1891.612548828125,26800,0.0,0.0
2020-07-02 00:00:00+09:00,1891.6125811841116,1910.983933782003,1848.99560546875,1848.99560546875,1500,0.0,0.0
2020-07-03 00:00:00+09:00,1828.6557029177718,1854.8070291777187,1825.75,1825.75,1900,0.0,0.0
2020-07-06 00:00:00+09:00,1883.8640371542979,1883.8640371542979,1833.4985204797358,1852.869873046875,2000,0.0,0.0
2020-07-07 00:00:00+09:00,1852.869884887116,1852.869884887116,1818.0014500434486,1837.372802734375,700,0.0,0.0
2020-07-08 00:00:00+09:00,1857.7127097187092,1857.7127097187092,1841.2470600496697,1854.8070068359375,500,0.0,0.0
2020-07-09 00:00:00+09:00,1848.995543730571,1849.964111328125,1841.247002950139,1849.964111328125,400,0.0,0.0
2020-07-10 00:00:00+09:00,1849.964174571685,1849.964174571685,1840.2784982650269,1847.0584716796875,1000,0.0,0.0
2020-07-13 00:00:00+09:00,1849.9641760478182,1849.9641760478182,1840.2784997334318,1845.121337890625,500,0.0,0.0
2020-07-14 00:00:00+09:00,1849.9641127356442,1849.9641127356442,1844.1527071458988,1848.0269775390625,1100,0.0,0.0
2020-07-15 00:00:00+09:00,1853.83837890625,1854.8069465023348,1849.964108521911,1853.83837890625,2700,0.0,0.0
2020-07-16 00:00:00+09:00,1853.83837890625,1854.8069465023348,1847.0584057336566,1853.83837890625,1200,0.0,0.0
2020-07-17 00:00:00+09:00,1854.8069479076432,1854.8069479076432,1849.9641099235503,1851.9012451171875,1200,0.0,0.0
2020-07-20 00:00:00+09:00,1849.9641643248144,1860.618408203125,1849.9641643248144,1860.618408203125,2700,0.0,0.0
2020-07-21 00:00:00+09:00,1869.3354979967178,1885.8011474609375,1869.3354979967178,1885.8011474609375,3500,0.0,0.0
2020-07-22 00:00:00+09:00,1963.2864982054405,1963.2864982054405,1868.3668747105548,1879.0211181640625,10100,0.0,0.0
2020-07-27 00:00:00+09:00,1879.0211251214378,1889.6753686143943,1868.3668816284812,1869.33544921875,4600,0.0,0.0
2020-07-28 00:00:00+09:00,1865.4611611103207,1865.4611611103207,1808.315673828125,1808.315673828125,4000,0.0,0.0
2020-07-29 00:00:00+09:00,1769.5730208968055,1777.321561765538,1737.6102898132835,1738.578857421875,10000,0.0,0.0
2020-07-30 00:00:00+09:00,1738.5788985586323,1764.730224609375,1728.8932222435426,1764.730224609375,4300,0.0,0.0
2020-07-31 00:00:00+09:00,1738.5788602844955,1738.5788602844955,1699.8361558770414,1734.70458984375,5300,0.0,0.0
2020-08-03 00:00:00+09:00,1734.7045446887814,1794.7557349571816,1701.7732467996589,1712.427490234375,3000,0.0,0.0
2020-08-04 00:00:00+09:00,1716.3018268539713,1718.2389620987276,1697.8990420287878,1705.6475830078125,3000,0.0,0.0
2020-08-05 00:00:00+09:00,1705.6475743327649,1725.0189266818024,1705.6475743327649,1717.2703857421875,1600,0.0,0.0
2020-08-06 00:00:00+09:00,1717.2703857421875,1717.2703857421875,1717.2703857421875,1717.2703857421875,0,0.0,0.0
2020-08-07 00:00:00+09:00,1762.7930361549213,1775.3844149845993,1752.1387925298093,1754.075927734375,1300,0.0,0.0
2020-08-11 00:00:00+09:00,1754.0759865488476,1756.981689453125,1709.521875349926,1756.981689453125,4200,0.0,0.0
2020-08-12 00:00:00+09:00,1762.7930982389503,1762.7930982389503,1747.29601605663,1753.107421875,1100,0.0,0.0
2020-08-13 00:00:00+09:00,1764.7302335117404,1764.7302335117404,1751.17028660221,1753.107421875,1300,0.0,0.0
2020-08-14 00:00:00+09:00,1764.7302202020223,1770.5416259765625,1751.170273394762,1770.5416259765625,2300,0.0,0.0
2020-08-17 00:00:00+09:00,1748.2645836930249,1761.8245306025553,1748.2645836930249,1753.107421875,3100,0.0,0.0
2020-08-18 00:00:00+09:00,1756.0131203403557,1758.9188232421875,1750.2017145366922,1758.9188232421875,1200,0.0,0.0
2020-08-19 00:00:00+09:00,1767.6358755943588,1767.6358755943588,1752.1387939453125,1752.1387939453125,1000,0.0,0.0
2020-08-20 00:00:00+09:00,1752.138854238605,1754.075989511395,1752.138854238605,1753.107421875,1100,0.0,0.0
2020-08-21 00:00:00+09:00,1764.730169936957,1764.730169936957,1754.0759263204332,1756.0130615234375,900,0.0,0.0
2020-08-24 00:00:00+09:00,1779.2587331636355,1779.2587331636355,1759.887380597891,1772.478759765625,1800,0.0,0.0
2020-08-25 00:00:00+09:00,1777.3215388155534,1777.3215388155534,1769.572998046875,1769.572998046875,1500,0.0,0.0
2020-08-26 00:00:00+09:00,1768.604508562786,1768.604508562786,1746.32745286895,1747.2960205078125,2800,0.0,0.0
2020-08-27 00:00:00+09:00,1748.2645263671875,1765.6987432506276,1748.2645263671875,1748.2645263671875,2500,0.0,0.0
2020-08-28 00:00:00+09:00,1749.2330827037426,1767.6358670732727,1749.2330827037426,1763.7615966796875,700,0.0,0.0
2020-08-31 00:00:00+09:00,1782.1644287109375,1782.1644287109375,1771.5101848436439,1782.1644287109375,900,0.0,0.0
2020-09-01 00:00:00+09:00,1782.164430172062,1788.9444035477168,1780.227294921875,1780.227294921875,800,0.0,0.0
2020-09-02 00:00:00+09:00,1790.8815300358954,1791.85009765625,1784.1015566934122,1791.85009765625,2100,0.0,0.0
2020-09-03 00:00:00+09:00,1784.1015021610624,1784.1015021610624,1783.1329345703125,1783.1329345703125,300,0.0,0.0
2020-09-04 00:00:00+09:00,1778.2901596716881,1793.7872416731843,1778.2901596716881,1780.227294921875,900,0.0,0.0
2020-09-07 00:00:00+09:00,1810.2528145119602,1810.2528145119602,1778.2900842396784,1800.567138671875,3100,0.0,0.0
2020-09-08 00:00:00+09:00,1800.5672150488388,1800.5672150488388,1768.604483420753,1780.227294921875,1000,0.0,0.0
2020-09-09 00:00:00+09:00,1791.85009765625,1791.85009765625,1783.1329890730574,1791.85009765625,700,0.0,0.0
2020-09-10 00:00:00+09:00,1792.8186021322053,1799.5985752358927,1792.8186021322053,1794.7557373046875,1700,0.0,0.0
2020-09-11 00:00:00+09:00,1799.5985642336727,1810.2528076171875,1799.5985642336727,1810.2528076171875,900,0.0,0.0
2020-09-14 00:00:00+09:00,1808.3156669994714,1818.0013427734375,1804.4413966898849,1818.0013427734375,1900,0.0,0.0
2020-09-15 00:00:00+09:00,1829.6242690659985,1830.5928367044664,1820.9071603197867,1827.6871337890625,2000,0.0,0.0
2020-09-16 00:00:00+09:00,1816.0642707360594,1821.8756764024147,1811.2214326807632,1815.095703125,1500,0.0,0.0
2020-09-17 00:00:00+09:00,1791.85009765625,1814.1271529244088,1772.4787452491555,1791.85009765625,12200,0.0,0.0
2020-09-18 00:00:00+09:00,1792.8185871093751,1816.064208984375,1792.8185871093751,1816.064208984375,700,0.0,0.0
2020-09-23 00:00:00+09:00,1816.0642158569663,1816.0642158569663,1793.7871614757876,1806.3785400390625,2900,0.0,0.0
2020-09-24 00:00:00+09:00,1810.2528693711731,1811.2214369845337,1803.472896077648,1809.2843017578125,900,0.0,0.0
2020-09-25 00:00:00+09:00,1822.844255626009,1822.844255626009,1798.6300651952704,1799.5986328125,1500,0.0,0.0
2020-09-28 00:00:00+09:00,1793.7872285514043,1803.4729047314875,1793.7872285514043,1797.6614990234375,2400,0.0,0.0
2020-09-29 00:00:00+09:00,1799.598629927917,1803.472900390625,1793.7872242338549,1803.472900390625,1100,0.0,0.0
2020-09-30 00:00:00+09:00,1803.4729018344674,1811.221442766087,1794.7557932863954,1801.5357666015625,1000,0.0,0.0
2020-10-02 00:00:00+09:00,1807.3471650965075,1818.0014088350185,1806.3785974839157,1811.221435546875,1000,0.0,0.0
2020-10-05 00:00:00+09:00,1808.3156683593752,1820.907046875,1808.3156683593752,1816.064208984375,1000,0.0,0.0
2020-10-06 00:00:00+09:00,1818.0013427734375,1826.7184509700069,1818.0013427734375,1818.0013427734375,800,0.0,0.0
2020-10-07 00:00:00+09:00,1820.9071044921875,1825.7499425360497,1818.9699692746426,1820.9071044921875,800,0.0,0.0
2020-10-08 00:00:00+09:00,1823.8128030398743,1830.5927762853757,1823.8128030398743,1826.718505859375,1600,0.0,0.0
2020-10-09 00:00:00+09:00,1830.5927734375,1830.5927734375,1823.8128002025462,1830.5927734375,1000,0.0,0.0
2020-10-12 00:00:00+09:00,1830.592757987178,1851.9012451171875,1830.592757987178,1851.9012451171875,1500,0.0,0.0
2020-10-13 00:00:00+09:00,1859.6497873036649,1869.3354632792048,1844.1527057428011,1849.964111328125,1400,0.0,0.0
2020-10-14 00:00:00+09:00,1850.9326719284056,1859.6497802734375,1846.0898339589435,1859.6497802734375,1800,0.0,0.0
2020-10-15 00:00:00+09:00,1859.6497733160622,1869.33544921875,1851.9012325939118,1869.33544921875,3400,0.0,0.0
2020-10-16 00:00:00+09:00,1849.9641716286876,1856.7441450325623,1849.9641716286876,1850.9327392578125,800,0.0,0.0
2020-10-19 00:00:00+09:00,1850.9327616471044,1851.9013292879454,1819.938597140193,1821.875732421875,3400,0.0,0.0
2020-10-20 00:00:00+09:00,1821.8756255200628,1826.7184634401056,1796.6928683358408,1800.567138671875,2000,0.0,0.0
2020-10-21 00:00:00+09:00,1800.5672047823089,1801.5357724018797,1790.8815285865999,1793.7872314453125,3400,0.0,0.0
2020-10-22 00:00:00+09:00,1791.8500373143,1793.7871724897748,1783.1329290246629,1790.8814697265625,2300,0.0,0.0
2020-10-23 00:00:00+09:00,1790.8815314883277,1790.8815314883277,1785.0701257614862,1789.9129638671875,1400,0.0,0.0
2020-10-26 00:00:00+09:00,1789.91296532198,1789.91296532198,1782.1644243465603,1787.975830078125,1500,0.0,0.0
2020-10-27 00:00:00+09:00,1772.478759765625,1774.4158950221995,1768.604489252476,1772.478759765625,1600,0.0,0.0
2020-10-28 00:00:00+09:00,1772.478759765625,1776.3530302787738,1767.6359216241888,1772.478759765625,1600,0.0,0.0
2020-10-29 00:00:00+09:00,1762.7930304897952,1770.541571283157,1760.8558952914548,1761.824462890625,1400,0.0,0.0
2020-10-30 00:00:00+09:00,1761.8244728320853,1761.8244728320853,1748.2645263671875,1748.2645263671875,2700,0.0,0.0
2020-11-02 00:00:00+09:00,1744.390208006172,1774.415802924657,1728.893126757922,1729.8616943359375,4600,0.0,0.0
2020-11-04 00:00:00+09:00,1729.8617517928183,1742.4531307252407,1729.8617517928183,1734.70458984375,3200,0.0,0.0
2020-11-05 00:00:00+09:00,1733.7360735637387,1755.044561618712,1730.8303706471513,1747.2960205078125,3100,0.0,0.0
2020-11-06 00:00:00+09:00,1745.3588822626434,1760.8559644580941,1744.390314625428,1751.1702880859375,1600,0.0,0.0
2020-11-09 00:00:00+09:00,1767.635918703568,1776.35302734375,1767.635918703568,1776.35302734375,900,0.0,0.0
2020-11-10 00:00:00+09:00,1815.0956808449869,1815.0956808449869,1752.138786898923,1761.824462890625,6100,0.0,0.0
2020-11-11 00:00:00+09:00,1762.7930304897952,1782.1643824731996,1761.824462890625,1761.824462890625,2800,0.0,0.0
2020-11-12 00:00:00+09:00,1761.824521714848,1791.8501182916266,1761.824521714848,1764.730224609375,1300,0.0,0.0
2020-11-13 00:00:00+09:00,1797.6614400634107,1797.6614400634107,1787.0071966147589,1794.7557373046875,2500,0.0,0.0
2020-11-16 00:00:00+09:00,1793.7872242338549,1812.1900089317182,1793.7872242338549,1803.472900390625,4400,0.0,0.0
2020-11-17 00:00:00+09:00,1801.535768046959,1815.0957146881726,1799.5986328125,1799.5986328125,1500,0.0,0.0
2020-11-18 00:00:00+09:00,1799.59863570953,1801.5357709471075,1795.724365234375,1795.724365234375,2600,0.0,0.0
2020-11-19 00:00:00+09:00,1796.6929328531637,1796.6929328531637,1791.85009475922,1795.724365234375,1500,0.0,0.0
2020-11-20 00:00:00+09:00,1792.8186594918932,1799.5986328125,1792.8186594918932,1799.5986328125,700,0.0,0.0
2020-11-24 00:00:00+09:00,1801.535759420956,1811.221435546875,1799.5986241957721,1811.221435546875,2400,0.0,0.0
2020-11-25 00:00:00+09:00,1811.2214883726244,1821.875732421875,1810.2529207317834,1821.875732421875,2300,0.0,0.0
2020-11-26 00:00:00+09:00,1812.1899482936133,1820.9070565430213,1802.5042724609375,1802.5042724609375,3600,0.0,0.0
2020-11-27 00:00:00+09:00,1828.6555916432585,1828.6555916432585,1806.3785372959094,1810.2528076171875,5100,0.0,0.0
2020-11-30 00:00:00+09:00,1810.2528665004631,1828.6556511251335,1810.2528665004631,1813.1585693359375,1700,0.0,0.0
2020-12-01 00:00:00+09:00,1811.221375197507,1817.0327806794241,1808.3156724565486,1810.2528076171875,1500,0.0,0.0
2020-12-02 00:00:00+09:00,1822.844183405007,1823.8127509838619,1813.1585076164574,1814.1270751953125,1500,0.0,0.0
2020-12-03 00:00:00+09:00,1811.2213710937501,1821.875614453125,1801.5356953125001,1816.064208984375,1900,0.0,0.0
2020-12-04 00:00:00+09:00,1816.0642764959305,1816.0642764959305,1803.4728975122252,1807.34716796875,1600,0.0,0.0
2020-12-07 00:00:00+09:00,1818.0014146257804,1818.0014146257804,1803.472900390625,1803.472900390625,1600,0.0,0.0
2020-12-08 00:00:00+09:00,1803.472835922854,1818.0013496386666,1803.472835922854,1808.315673828125,800,0.0,0.0
2020-12-09 00:00:00+09:00,1818.969910350834,1824.7813158152137,1806.378531844678,1818.0013427734375,2200,0.0,0.0
2020-12-10 00:00:00+09:00,1818.0014016658702,1823.8128073185048,1811.2214284044633,1820.9071044921875,4000,0.0,0.0
2020-12-11 00:00:00+09:00,1820.9071603197867,1827.6871337890625,1820.9071603197867,1827.6871337890625,800,0.0,0.0
2020-12-14 00:00:00+09:00,1827.6871249182343,1839.3099365234375,1826.7185572844674,1839.3099365234375,2500,0.0,0.0
2020-12-15 00:00:00+09:00,1834.4670438574735,1839.3098818824405,1825.749935412533,1830.5927734375,4100,0.0,0.0
2020-12-16 00:00:00+09:00,1833.49847625248,1840.2784494874338,1826.7185030175265,1830.5927734375,2300,0.0,0.0
2020-12-17 00:00:00+09:00,1839.3098747815584,1840.2784423828125,1830.5927663702712,1840.2784423828125,2800,0.0,0.0
2020-12-18 00:00:00+09:00,1840.278488071805,1860.618408203125,1836.404217570601,1860.618408203125,5600,0.0,0.0
2020-12-21 00:00:00+09:00,1849.9641057274016,1859.6497816736182,1849.9641057274016,1857.712646484375,1000,0.0,0.0
2020-12-22 00:00:00+09:00,1855.7755140984195,1855.7755140984195,1842.2155677532328,1853.83837890625,1700,0.0,0.0
2020-12-23 00:00:00+09:00,1848.02704522734,1848.02704522734,1836.4042336221366,1839.3099365234375,2000,0.0,0.0
2020-12-24 00:00:00+09:00,1835.4356057877535,1839.3098761957488,1835.4356057877535,1838.34130859375,1900,0.0,0.0
2020-12-25 00:00:00+09:00,1837.3728012559036,1840.2785041572045,1837.3728012559036,1839.3099365234375,2600,0.0,0.0
2020-12-28 00:00:00+09:00,1849.9641127356442,1859.6497887185533,1848.0269775390625,1848.0269775390625,2800,0.0,0.0
2020-12-29 00:00:00+09:00,1876.115432197714,1889.6753785326484,1855.7755126953125,1855.7755126953125,4400,0.0,0.0
2020-12-30 00:00:00+09:00,1866.4298110288148,1866.4298110288148,1858.681270038555,1864.49267578125,2400,0.0,0.0
2021-01-04 00:00:00+09:00,1878.0525409616494,1898.3924601778403,1872.241135471309,1892.5810546875,3200,0.0,0.0
2021-01-05 00:00:00+09:00,1892.5810533145211,1899.3610263816663,1892.5810533145211,1894.5181884765625,2700,0.0,0.0
2021-01-06 00:00:00+09:00,1897.423892596117,1898.3924601778403,1891.6124871057766,1892.5810546875,2000,0.0,0.0
2021-01-07 00:00:00+09:00,1892.581167816752,1908.0782500506662,1891.6126001771324,1904.2039794921875,5100,0.0,0.0
2021-01-08 00:00:00+09:00,1905.1724754306538,1927.4495303035085,1905.1724754306538,1918.732421875,3300,0.0,0.0
2021-01-12 00:00:00+09:00,1918.732421875,1932.2923683193465,1912.9210162559946,1918.732421875,7000,0.0,0.0
2021-01-13 00:00:00+09:00,1917.7639086546012,1929.3867202222048,1914.8582057627002,1927.4495849609375,2500,0.0,0.0
2021-01-14 00:00:00+09:00,1932.2924157714845,1937.13525390625,1922.6067395019531,1937.13525390625,3600,0.0,0.0
2021-01-15 00:00:00+09:00,1937.1352034792192,1937.1352034792192,1919.7009866479061,1922.606689453125,5900,0.0,0.0
2021-01-18 00:00:00+09:00,1925.512454125189,1932.2924275552073,1919.7010483280305,1921.63818359375,4200,0.0,0.0
2021-01-19 00:00:00+09:00,1922.6067409572659,1935.1981201171875,1918.7324704465207,1935.1981201171875,2100,0.0,0.0
2021-01-20 00:00:00+09:00,1935.1981215849667,1937.1352568418085,1923.5753100439158,1933.260986328125,5100,0.0,0.0
2021-01-21 00:00:00+09:00,1933.2609877973764,1935.1981230556905,1925.5124467641203,1931.3238525390625,2200,0.0,0.0
2021-01-22 00:00:00+09:00,1925.5123894309327,1931.3237950328369,1921.6381190296631,1926.48095703125,3100,0.0,0.0
2021-01-25 00:00:00+09:00,1936.166692159262,1936.166692159262,1928.4181511201054,1929.38671875,3100,0.0,0.0
2021-01-26 00:00:00+09:00,1937.13525537256,1938.1038230002464,1931.3238496064423,1935.1981201171875,7400,0.0,0.0
2021-01-27 00:00:00+09:00,1937.13525537256,1937.13525537256,1932.2924172341286,1935.1981201171875,2800,0.0,0.0
2021-01-28 00:00:00+09:00,1930.3552805175782,1937.13525390625,1930.3552805175782,1937.13525390625,1600,0.0,0.0
2021-01-29 00:00:00+09:00,1937.13519497997,1937.13519497997,1934.2294921875,1934.2294921875,3000,0.0,0.0
2021-02-01 00:00:00+09:00,1937.1352394028465,1956.506591796875,1937.1352394028465,1956.506591796875,3400,0.0,0.0
2021-02-02 00:00:00+09:00,1955.5379879122718,1962.3179611244489,1859.6497953400503,1922.606689453125,17700,0.0,0.0
2021-02-03 00:00:00+09:00,1927.4495849609375,1941.0095317898083,1927.4495849609375,1927.4495849609375,1500,0.0,0.0
2021-02-04 00:00:00+09:00,1927.4495232207041,1945.8523076132635,1926.4809556210957,1928.4180908203125,4400,0.0,0.0
2021-02-05 00:00:00+09:00,1933.2609259966323,1941.9780343803845,1928.4180880056585,1932.2923583984375,3100,0.0,0.0
2021-02-08 00:00:00+09:00,1932.2923527916134,1941.9780287454562,1932.2923527916134,1940.0408935546875,5200,0.0,0.0
2021-02-09 00:00:00+09:00,1940.0408935546875,1960.3808130577572,1940.0408935546875,1940.0408935546875,3500,0.0,0.0
2021-02-10 00:00:00+09:00,1941.9780847350164,1949.72662572149,1938.1038142417794,1946.8209228515625,2900,0.0,0.0
2021-02-12 00:00:00+09:00,1946.8209228515625,1946.8209228515625,1941.9780847350164,1946.8209228515625,3800,0.0,0.0
2021-02-15 00:00:00+09:00,1946.8209228515625,1951.6637609681086,1944.883787604944,1946.8209228515625,7700,0.0,0.0
2021-02-16 00:00:00+09:00,1946.8208653171757,1946.8208653171757,1940.0408921543797,1941.97802734375,3800,0.0,0.0
2021-02-17 00:00:00+09:00,1939.0723862333928,1941.009521484375,1927.4495747274982,1941.009521484375,14200,0.0,0.0
2021-02-18 00:00:00+09:00,1937.13519497997,1941.00946536993,1932.2923569925201,1934.2294921875,8500,0.0,0.0
2021-02-19 00:00:00+09:00,1933.2609259966323,1933.2609259966323,1927.449520407464,1932.2923583984375,7100,0.0,0.0
2021-02-22 00:00:00+09:00,1933.26092459001,1941.00946536993,1932.2923569925201,1934.2294921875,8500,0.0,0.0
2021-02-24 00:00:00+09:00,1937.1352597891566,1937.1352597891566,1928.4181511201054,1929.38671875,15600,0.0,0.0
2021-02-25 00:00:00+09:00,1936.1666936366403,1941.978099420442,1927.4495849609375,1927.4495849609375,14600,0.0,0.0
2021-02-26 00:00:00+09:00,1927.4495849609375,1937.1352612672738,1924.5438820690365,1927.4495849609375,11900,0.0,0.0
2021-03-01 00:00:00+09:00,1937.1351935733492,1941.0094639604959,1932.2923555894158,1936.1666259765625,6600,0.0,0.0
2021-03-02 00:00:00+09:00,1940.0409351067003,1966.1922607421875,1939.0723674905712,1966.1922607421875,7000,0.0,0.0
2021-03-03 00:00:00+09:00,1967.1608723205181,1988.4693603515625,1963.2866017694191,1988.4693603515625,10300,0.0,0.0
2021-03-04 00:00:00+09:00,2014.62061254529,2022.3691533627718,1988.4692872862886,2004.9349365234375,11900,0.0,0.0
2021-03-05 00:00:00+09:00,1987.5007168835132,2008.8092041015625,1982.6578788794109,2008.8092041015625,7400,0.0,0.0
2021-03-08 00:00:00+09:00,2008.8092703041848,2021.4006495298138,2001.0607292422594,2002.029296875,10600,0.0,0.0
2021-03-09 00:00:00+09:00,2004.9349379401142,2014.6206139688104,2002.0292351315054,2002.997802734375,4900,0.0,0.0
2021-03-10 00:00:00+09:00,2016.557740666316,2019.4634434626653,2002.9977942833534,2014.62060546875,6100,0.0,0.0
2021-03-11 00:00:00+09:00,2022.3691965617543,2029.149169921875,2014.620655578759,2029.149169921875,5100,0.0,0.0
2021-03-12 00:00:00+09:00,2024.3062744140625,2033.0233827727834,2015.5891660553418,2024.3062744140625,8100,0.0,0.0
2021-03-15 00:00:00+09:00,2033.9919993251663,2042.7091078937026,2028.1805936128085,2040.77197265625,13400,0.0,0.0
2021-03-16 00:00:00+09:00,2036.8976964206558,2048.5205078125,2036.8976964206558,2048.5205078125,6800,0.0,0.0
2021-03-17 00:00:00+09:00,2050.4575594257376,2081.451721873363,2049.488991849249,2080.483154296875,6300,0.0,0.0
2021-03-18 00:00:00+09:00,2079.514756806618,2112.4460571007144,2079.514756806618,2096.948974609375,9900,0.0,0.0
2021-03-19 00:00:00+09:00,2109.540215888632,2126.0058649566326,2096.948837189572,2118.25732421875,5700,0.0,0.0
2021-03-22 00:00:00+09:00,2130.848803281461,2162.8115353306835,2121.1631269029094,2147.314453125,10500,0.0,0.0
2021-03-23 00:00:00+09:00,2148.282997304357,2178.30859375,2143.4401591679634,2178.30859375,8900,0.0,0.0
2021-03-24 00:00:00+09:00,2160.8744560625914,2168.622997366267,2144.4088057922804,2154.094482421875,13100,0.0,0.0
2021-03-25 00:00:00+09:00,2143.4401095944427,2175.402840555408,2143.4401095944427,2163.780029296875,11200,0.0,0.0
2021-03-26 00:00:00+09:00,2166.6856703107524,2183.151319124021,2157.968562115492,2164.74853515625,13400,0.0,0.0
2021-03-29 00:00:00+09:00,2159.905702739111,2164.748540637629,2146.34575662326,2157.0,108600,0.0,0.0
2021-03-30 00:00:00+09:00,2053.0,2070.0,2001.0,2029.0,62900,70.0,0.0
2021-03-31 00:00:00+09:00,2029.0,2038.0,2006.0,2018.0,16800,0.0,0.0
2021-04-01 00:00:00+09:00,2000.0,2001.0,1965.0,1965.0,19900,0.0,0.0
2021-04-02 00:00:00+09:00,1965.0,1974.0,1940.0,1957.0,15600,0.0,0.0
2021-04-05 00:00:00+09:00,1951.0,1970.0,1940.0,1970.0,9200,0.0,0.0
2021-04-06 00:00:00+09:00,1970.0,1982.0,1966.0,1967.0,6400,0.0,0.0
2021-04-07 00:00:00+09:00,1981.0,1983.0,1961.0,1983.0,4900,0.0,0.0
2021-04-08 00:00:00+09:00,1983.0,1990.0,1978.0,1990.0,3400,0.0,0.0
2021-04-09 00:00:00+09:00,1986.0,1994.0,1978.0,1994.0,2800,0.0,0.0
2021-04-12 00:00:00+09:00,1992.0,1992.0,1980.0,1980.0,1800,0.0,0.0
2021-04-13 00:00:00+09:00,1979.0,1979.0,1970.0,1974.0,2200,0.0,0.0
2021-04-14 00:00:00+09:00,1980.0,1981.0,1967.0,1981.0,1800,0.0,0.0
2021-04-15 00:00:00+09:00,1984.0,1984.0,1968.0,1977.0,4100,0.0,0.0
2021-04-16 00:00:00+09:00,1975.0,1975.0,1961.0,1963.0,2200,0.0,0.0
2021-04-19 00:00:00+09:00,1963.0,1971.0,1956.0,1956.0,2500,0.0,0.0
2021-04-20 00:00:00+09:00,1958.0,1964.0,1956.0,1963.0,1700,0.0,0.0
2021-04-21 00:00:00+09:00,1950.0,1960.0,1948.0,1958.0,2700,0.0,0.0
2021-04-22 00:00:00+09:00,1951.0,1968.0,1946.0,1963.0,3700,0.0,0.0
2021-04-23 00:00:00+09:00,1965.0,1965.0,1950.0,1960.0,3000,0.0,0.0
2021-04-26 00:00:00+09:00,1974.0,1974.0,1960.0,1963.0,1600,0.0,0.0
2021-04-27 00:00:00+09:00,1961.0,1968.0,1950.0,1951.0,1600,0.0,0.0
2021-04-28 00:00:00+09:00,1956.0,1965.0,1953.0,1960.0,1200,0.0,0.0
2021-04-30 00:00:00+09:00,1961.0,1966.0,1958.0,1966.0,1500,0.0,0.0
2021-05-06 00:00:00+09:00,1970.0,1978.0,1970.0,1975.0,2300,0.0,0.0
2021-05-07 00:00:00+09:00,1980.0,1984.0,1969.0,1970.0,4400,0.0,0.0
2021-05-10 00:00:00+09:00,1981.0,1982.0,1973.0,1976.0,2200,0.0,0.0
2021-05-11 00:00:00+09:00,1976.0,1978.0,1973.0,1978.0,5300,0.0,0.0
2021-05-12 00:00:00+09:00,1970.0,1978.0,1970.0,1977.0,1900,0.0,0.0
2021-05-13 00:00:00+09:00,1966.0,1970.0,1959.0,1965.0,3900,0.0,0.0
2021-05-14 00:00:00+09:00,1951.0,1964.0,1950.0,1964.0,9500,0.0,0.0
2021-05-17 00:00:00+09:00,1951.0,1958.0,1950.0,1958.0,4700,0.0,0.0
2021-05-18 00:00:00+09:00,1948.0,1963.0,1948.0,1952.0,4100,0.0,0.0
2021-05-19 00:00:00+09:00,1950.0,1950.0,1943.0,1949.0,2800,0.0,0.0
2021-05-20 00:00:00+09:00,1949.0,1951.0,1944.0,1948.0,2200,0.0,0.0
2021-05-21 00:00:00+09:00,1949.0,1963.0,1949.0,1963.0,1300,0.0,0.0
2021-05-24 00:00:00+09:00,1963.0,1970.0,1956.0,1970.0,2300,0.0,0.0
2021-05-25 00:00:00+09:00,1970.0,1979.0,1966.0,1978.0,3000,0.0,0.0
2021-05-26 00:00:00+09:00,1977.0,1980.0,1969.0,1970.0,1900,0.0,0.0
2021-05-27 00:00:00+09:00,1970.0,1978.0,1960.0,1976.0,2800,0.0,0.0
2021-05-28 00:00:00+09:00,1975.0,1977.0,1963.0,1966.0,2200,0.0,0.0
2021-05-31 00:00:00+09:00,1969.0,1975.0,1968.0,1975.0,3200,0.0,0.0
2021-06-01 00:00:00+09:00,1975.0,1983.0,1975.0,1983.0,9100,0.0,0.0
2021-06-02 00:00:00+09:00,1983.0,1989.0,1981.0,1983.0,4600,0.0,0.0
2021-06-03 00:00:00+09:00,1969.0,1985.0,1969.0,1978.0,800,0.0,0.0
2021-06-04 00:00:00+09:00,1977.0,1988.0,1977.0,1977.0,1600,0.0,0.0
2021-06-07 00:00:00+09:00,1977.0,1988.0,1977.0,1983.0,2200,0.0,0.0
2021-06-08 00:00:00+09:00,1988.0,1996.0,1986.0,1993.0,1200,0.0,0.0
2021-06-09 00:00:00+09:00,1997.0,2000.0,1991.0,2000.0,4000,0.0,0.0
2021-06-10 00:00:00+09:00,2001.0,2001.0,1995.0,2000.0,1900,0.0,0.0
2021-06-11 00:00:00+09:00,1989.0,2000.0,1989.0,1998.0,2700,0.0,0.0
2021-06-14 00:00:00+09:00,2001.0,2008.0,1998.0,2008.0,4300,0.0,0.0
2021-06-15 00:00:00+09:00,2003.0,2012.0,2002.0,2002.0,4100,0.0,0.0
2021-06-16 00:00:00+09:00,2002.0,2012.0,2001.0,2001.0,2400,0.0,0.0
2021-06-17 00:00:00+09:00,2000.0,2009.0,1999.0,1999.0,2700,0.0,0.0
2021-06-18 00:00:00+09:00,1998.0,2005.0,1997.0,2000.0,2900,0.0,0.0
2021-06-21 00:00:00+09:00,1990.0,1995.0,1986.0,1993.0,2900,0.0,0.0
2021-06-22 00:00:00+09:00,1995.0,2005.0,1995.0,1997.0,2100,0.0,0.0
2021-06-23 00:00:00+09:00,1998.0,2003.0,1998.0,1998.0,1800,0.0,0.0
2021-06-24 00:00:00+09:00,2000.0,2011.0,1997.0,2011.0,4500,0.0,0.0
2021-06-25 00:00:00+09:00,2012.0,2012.0,2005.0,2006.0,3400,0.0,0.0
2021-06-28 00:00:00+09:00,2015.0,2021.0,2010.0,2018.0,6200,0.0,0.0
2021-06-29 00:00:00+09:00,2017.0,2020.0,2012.0,2015.0,5500,0.0,0.0
2021-06-30 00:00:00+09:00,2015.0,2020.0,2011.0,2018.0,5200,0.0,0.0
2021-07-01 00:00:00+09:00,2015.0,2015.0,2010.0,2012.0,25000,0.0,0.0
2021-07-02 00:00:00+09:00,2012.0,2015.0,2009.0,2009.0,3200,0.0,0.0
2021-07-05 00:00:00+09:00,2009.0,2009.0,2005.0,2008.0,2300,0.0,0.0
2021-07-06 00:00:00+09:00,2005.0,2010.0,1999.0,1999.0,4600,0.0,0.0
2021-07-07 00:00:00+09:00,1999.0,2000.0,1999.0,2000.0,2500,0.0,0.0
2021-07-08 00:00:00+09:00,1998.0,2000.0,1994.0,1995.0,2700,0.0,0.0
2021-07-09 00:00:00+09:00,1989.0,1994.0,1986.0,1989.0,4200,0.0,0.0
2021-07-12 00:00:00+09:00,1989.0,1993.0,1988.0,1988.0,3300,0.0,0.0
2021-07-13 00:00:00+09:00,1988.0,1988.0,1984.0,1985.0,2900,0.0,0.0
2021-07-14 00:00:00+09:00,1985.0,1987.0,1984.0,1986.0,3400,0.0,0.0
2021-07-15 00:00:00+09:00,1986.0,1990.0,1981.0,1986.0,6200,0.0,0.0
2021-07-16 00:00:00+09:00,1981.0,1983.0,1979.0,1980.0,4400,0.0,0.0
2021-07-19 00:00:00+09:00,1973.0,1981.0,1973.0,1975.0,3000,0.0,0.0
2021-07-20 00:00:00+09:00,1970.0,1983.0,1970.0,1975.0,7400,0.0,0.0
2021-07-21 00:00:00+09:00,1985.0,1985.0,1970.0,1970.0,13500,0.0,0.0
2021-07-26 00:00:00+09:00,1981.0,1981.0,1975.0,1975.0,1400,0.0,0.0
2021-07-27 00:00:00+09:00,1975.0,1975.0,1967.0,1968.0,5000,0.0,0.0
2021-07-28 00:00:00+09:00,1957.0,1957.0,1947.0,1949.0,10500,0.0,0.0
2021-07-29 00:00:00+09:00,1950.0,1952.0,1947.0,1949.0,4100,0.0,0.0
2021-07-30 00:00:00+09:00,1950.0,1950.0,1948.0,1949.0,1900,0.0,0.0
2021-08-02 00:00:00+09:00,1950.0,1952.0,1900.0,1922.0,10400,0.0,0.0
2021-08-03 00:00:00+09:00,1923.0,1936.0,1923.0,1928.0,3500,0.0,0.0
2021-08-04 00:00:00+09:00,1923.0,1923.0,1919.0,1920.0,8100,0.0,0.0
2021-08-05 00:00:00+09:00,1916.0,1924.0,1902.0,1903.0,12200,0.0,0.0
2021-08-06 00:00:00+09:00,1903.0,1905.0,1886.0,1898.0,11800,0.0,0.0
2021-08-10 00:00:00+09:00,1890.0,1898.0,1889.0,1890.0,4400,0.0,0.0
2021-08-11 00:00:00+09:00,1890.0,1890.0,1888.0,1889.0,3500,0.0,0.0
2021-08-12 00:00:00+09:00,1890.0,1896.0,1889.0,1890.0,4100,0.0,0.0
2021-08-13 00:00:00+09:00,1890.0,1901.0,1890.0,1900.0,2600,0.0,0.0
2021-08-16 00:00:00+09:00,1893.0,1900.0,1893.0,1900.0,3600,0.0,0.0
2021-08-17 00:00:00+09:00,1897.0,1900.0,1896.0,1897.0,1800,0.0,0.0
2021-08-18 00:00:00+09:00,1897.0,1900.0,1894.0,1894.0,1900,0.0,0.0
2021-08-19 00:00:00+09:00,1908.0,1910.0,1895.0,1895.0,8100,0.0,0.0
2021-08-20 00:00:00+09:00,1894.0,1900.0,1891.0,1899.0,2600,0.0,0.0
2021-08-23 00:00:00+09:00,1897.0,1898.0,1890.0,1891.0,2900,0.0,0.0
2021-08-24 00:00:00+09:00,1895.0,1900.0,1890.0,1897.0,3300,0.0,0.0
2021-08-25 00:00:00+09:00,1897.0,1900.0,1896.0,1900.0,1600,0.0,0.0
2021-08-26 00:00:00+09:00,1900.0,1900.0,1897.0,1900.0,1900,0.0,0.0
2021-08-27 00:00:00+09:00,1900.0,1905.0,1900.0,1902.0,2800,0.0,0.0
2021-08-30 00:00:00+09:00,1915.0,1915.0,1902.0,1903.0,1800,0.0,0.0
2021-08-31 00:00:00+09:00,1904.0,1911.0,1902.0,1908.0,1600,0.0,0.0
2021-09-01 00:00:00+09:00,1908.0,1908.0,1902.0,1902.0,3000,0.0,0.0
2021-09-02 00:00:00+09:00,1902.0,1904.0,1900.0,1900.0,3600,0.0,0.0
2021-09-03 00:00:00+09:00,1900.0,1913.0,1900.0,1901.0,3100,0.0,0.0
2021-09-06 00:00:00+09:00,1907.0,1910.0,1901.0,1901.0,3200,0.0,0.0
2021-09-07 00:00:00+09:00,1903.0,1907.0,1901.0,1902.0,2400,0.0,0.0
2021-09-08 00:00:00+09:00,1901.0,1905.0,1900.0,1900.0,4700,0.0,0.0
2021-09-09 00:00:00+09:00,1901.0,1905.0,1900.0,1901.0,3500,0.0,0.0
2021-09-10 00:00:00+09:00,1901.0,1906.0,1900.0,1904.0,3600,0.0,0.0
2021-09-13 00:00:00+09:00,1908.0,1909.0,1903.0,1907.0,2600,0.0,0.0
2021-09-14 00:00:00+09:00,1910.0,1922.0,1910.0,1922.0,8000,0.0,0.0
2021-09-15 00:00:00+09:00,1920.0,1928.0,1915.0,1926.0,10300,0.0,0.0
2021-09-16 00:00:00+09:00,1926.0,1926.0,1917.0,1917.0,5900,0.0,0.0
2021-09-17 00:00:00+09:00,1917.0,1924.0,1917.0,1919.0,2900,0.0,0.0
2021-09-21 00:00:00+09:00,1917.0,1918.0,1912.0,1913.0,12300,0.0,0.0
2021-09-22 00:00:00+09:00,1913.0,1913.0,1906.0,1913.0,8000,0.0,0.0
2021-09-24 00:00:00+09:00,1919.0,1920.0,1911.0,1913.0,6900,0.0,0.0
2021-09-27 00:00:00+09:00,1913.0,1916.0,1910.0,1916.0,4400,0.0,0.0
2021-09-28 00:00:00+09:00,1910.0,1915.0,1898.0,1905.0,13100,0.0,0.0
2021-09-29 00:00:00+09:00,1901.0,1915.0,1900.0,1907.0,2900,0.0,0.0
2021-09-30 00:00:00+09:00,1907.0,1925.0,1907.0,1915.0,3000,0.0,0.0
2021-10-01 00:00:00+09:00,1911.0,1919.0,1911.0,1917.0,3200,0.0,0.0
2021-10-04 00:00:00+09:00,1920.0,1927.0,1917.0,1924.0,4100,0.0,0.0
2021-10-05 00:00:00+09:00,1922.0,1925.0,1910.0,1925.0,2900,0.0,0.0
2021-10-06 00:00:00+09:00,1927.0,1942.0,1927.0,1939.0,4600,0.0,0.0
2021-10-07 00:00:00+09:00,1939.0,1952.0,1939.0,1948.0,5900,0.0,0.0
2021-10-08 00:00:00+09:00,1952.0,1965.0,1952.0,1963.0,8400,0.0,0.0
2021-10-11 00:00:00+09:00,1974.0,1979.0,1966.0,1978.0,2800,0.0,0.0
2021-10-12 00:00:00+09:00,1969.0,1980.0,1969.0,1980.0,1500,0.0,0.0
2021-10-13 00:00:00+09:00,1978.0,1978.0,1964.0,1964.0,1900,0.0,0.0
2021-10-14 00:00:00+09:00,1974.0,1976.0,1968.0,1976.0,1500,0.0,0.0
2021-10-15 00:00:00+09:00,1978.0,1978.0,1960.0,1970.0,3100,0.0,0.0
2021-10-18 00:00:00+09:00,1971.0,1973.0,1957.0,1965.0,2700,0.0,0.0
2021-10-19 00:00:00+09:00,1959.0,1960.0,1958.0,1959.0,1300,0.0,0.0
2021-10-20 00:00:00+09:00,1956.0,1963.0,1945.0,1958.0,7700,0.0,0.0
2021-10-21 00:00:00+09:00,1958.0,1958.0,1944.0,1947.0,1000,0.0,0.0
2021-10-22 00:00:00+09:00,1940.0,1942.0,1937.0,1942.0,1300,0.0,0.0
2021-10-25 00:00:00+09:00,1945.0,1947.0,1940.0,1944.0,7100,0.0,0.0
2021-10-26 00:00:00+09:00,1944.0,1950.0,1944.0,1948.0,1000,0.0,0.0
2021-10-27 00:00:00+09:00,1945.0,1947.0,1925.0,1943.0,7600,0.0,0.0
2021-10-28 00:00:00+09:00,1928.0,1941.0,1928.0,1933.0,6700,0.0,0.0
2021-10-29 00:00:00+09:00,1929.0,1929.0,1924.0,1926.0,1500,0.0,0.0
2021-11-01 00:00:00+09:00,1930.0,1930.0,1925.0,1925.0,1900,0.0,0.0
2021-11-02 00:00:00+09:00,1925.0,1930.0,1921.0,1923.0,1700,0.0,0.0
2021-11-04 00:00:00+09:00,1937.0,1940.0,1927.0,1940.0,1700,0.0,0.0
2021-11-05 00:00:00+09:00,1940.0,1941.0,1934.0,1936.0,1500,0.0,0.0
2021-11-08 00:00:00+09:00,1938.0,1939.0,1935.0,1936.0,1200,0.0,0.0
2021-11-09 00:00:00+09:00,1935.0,1935.0,1928.0,1935.0,1200,0.0,0.0
2021-11-10 00:00:00+09:00,1926.0,1931.0,1923.0,1923.0,2100,0.0,0.0
2021-11-11 00:00:00+09:00,1923.0,1929.0,1923.0,1929.0,1000,0.0,0.0
2021-11-12 00:00:00+09:00,1919.0,1930.0,1918.0,1925.0,5400,0.0,0.0
2021-11-15 00:00:00+09:00,1928.0,1928.0,1914.0,1914.0,4200,0.0,0.0
2021-11-16 00:00:00+09:00,1926.0,1926.0,1920.0,1926.0,1500,0.0,0.0
2021-11-17 00:00:00+09:00,1924.0,1925.0,1918.0,1918.0,1500,0.0,0.0
2021-11-18 00:00:00+09:00,1919.0,1922.0,1917.0,1921.0,900,0.0,0.0
2021-11-19 00:00:00+09:00,1920.0,1920.0,1911.0,1911.0,1600,0.0,0.0
2021-11-22 00:00:00+09:00,1906.0,1908.0,1905.0,1907.0,1800,0.0,0.0
2021-11-24 00:00:00+09:00,1906.0,1908.0,1902.0,1908.0,3700,0.0,0.0
2021-11-25 00:00:00+09:00,1909.0,1909.0,1905.0,1905.0,1500,0.0,0.0
2021-11-26 00:00:00+09:00,1905.0,1914.0,1904.0,1904.0,1100,0.0,0.0
2021-11-29 00:00:00+09:00,1901.0,1905.0,1900.0,1905.0,4400,0.0,0.0
2021-11-30 00:00:00+09:00,1901.0,1906.0,1901.0,1906.0,1500,0.0,0.0
2021-12-01 00:00:00+09:00,1900.0,1903.0,1898.0,1902.0,2700,0.0,0.0
2021-12-02 00:00:00+09:00,1900.0,1908.0,1900.0,1902.0,1700,0.0,0.0
2021-12-03 00:00:00+09:00,1902.0,1912.0,1900.0,1908.0,2200,0.0,0.0
2021-12-06 00:00:00+09:00,1902.0,1907.0,1901.0,1902.0,4100,0.0,0.0
2021-12-07 00:00:00+09:00,1902.0,1906.0,1900.0,1901.0,2200,0.0,0.0
2021-12-08 00:00:00+09:00,1903.0,1906.0,1900.0,1903.0,3100,0.0,0.0
2021-12-09 00:00:00+09:00,1903.0,1908.0,1902.0,1907.0,2200,0.0,0.0
2021-12-10 00:00:00+09:00,1908.0,1913.0,1905.0,1908.0,1800,0.0,0.0
2021-12-13 00:00:00+09:00,1905.0,1911.0,1902.0,1905.0,1800,0.0,0.0
2021-12-14 00:00:00+09:00,1912.0,1912.0,1906.0,1912.0,2100,0.0,0.0
2021-12-15 00:00:00+09:00,1902.0,1906.0,1900.0,1905.0,9700,0.0,0.0
2021-12-16 00:00:00+09:00,1905.0,1910.0,1905.0,1908.0,3000,0.0,0.0
2021-12-17 00:00:00+09:00,1909.0,1909.0,1901.0,1901.0,2900,0.0,0.0
2021-12-20 00:00:00+09:00,1895.0,1901.0,1894.0,1901.0,12400,0.0,0.0
2021-12-21 00:00:00+09:00,1896.0,1900.0,1891.0,1891.0,5700,0.0,0.0
2021-12-22 00:00:00+09:00,1892.0,1900.0,1890.0,1894.0,5600,0.0,0.0
2021-12-23 00:00:00+09:00,1898.0,1908.0,1895.0,1908.0,2900,0.0,0.0
2021-12-24 00:00:00+09:00,1908.0,1908.0,1900.0,1904.0,3000,0.0,0.0
2021-12-27 00:00:00+09:00,1906.0,1906.0,1896.0,1901.0,2500,0.0,0.0
2021-12-28 00:00:00+09:00,1902.0,1905.0,1899.0,1903.0,4200,0.0,0.0
2021-12-29 00:00:00+09:00,1914.0,1914.0,1902.0,1908.0,2600,0.0,0.0
2021-12-30 00:00:00+09:00,1900.0,1906.0,1895.0,1901.0,5800,0.0,0.0
2022-01-04 00:00:00+09:00,1909.0,1923.0,1905.0,1914.0,6000,0.0,0.0
2022-01-05 00:00:00+09:00,1923.0,1923.0,1914.0,1916.0,4000,0.0,0.0
2022-01-06 00:00:00+09:00,1917.0,1923.0,1917.0,1919.0,4100,0.0,0.0
2022-01-07 00:00:00+09:00,1919.0,1925.0,1915.0,1918.0,3900,0.0,0.0
2022-01-11 00:00:00+09:00,1938.0,1938.0,1927.0,1936.0,4600,0.0,0.0
2022-01-12 00:00:00+09:00,1936.0,1938.0,1932.0,1935.0,2100,0.0,0.0
2022-01-13 00:00:00+09:00,1936.0,1938.0,1934.0,1937.0,3100,0.0,0.0
2022-01-14 00:00:00+09:00,1938.0,1940.0,1933.0,1940.0,3200,0.0,0.0
2022-01-17 00:00:00+09:00,1940.0,1945.0,1939.0,1939.0,5100,0.0,0.0
2022-01-18 00:00:00+09:00,1939.0,1941.0,1935.0,1935.0,3100,0.0,0.0
2022-01-19 00:00:00+09:00,1935.0,1935.0,1928.0,1928.0,4400,0.0,0.0
2022-01-20 00:00:00+09:00,1922.0,1925.0,1898.0,1910.0,12000,0.0,0.0
2022-01-21 00:00:00+09:00,1901.0,1905.0,1899.0,1905.0,8300,0.0,0.0
2022-01-24 00:00:00+09:00,1900.0,1904.0,1895.0,1903.0,5300,0.0,0.0
2022-01-25 00:00:00+09:00,1895.0,1901.0,1895.0,1901.0,4300,0.0,0.0
2022-01-26 00:00:00+09:00,1901.0,1907.0,1900.0,1907.0,4000,0.0,0.0
2022-01-27 00:00:00+09:00,1911.0,1912.0,1900.0,1901.0,3200,0.0,0.0
2022-01-28 00:00:00+09:00,1901.0,1907.0,1898.0,1903.0,3600,0.0,0.0
2022-01-31 00:00:00+09:00,1910.0,1910.0,1903.0,1907.0,3200,0.0,0.0
2022-02-01 00:00:00+09:00,1905.0,1906.0,1903.0,1903.0,3500,0.0,0.0
2022-02-02 00:00:00+09:00,1908.0,1908.0,1902.0,1904.0,2800,0.0,0.0
2022-02-03 00:00:00+09:00,1904.0,1906.0,1902.0,1906.0,2700,0.0,0.0
2022-02-04 00:00:00+09:00,1902.0,1904.0,1900.0,1903.0,3200,0.0,0.0
2022-02-07 00:00:00+09:00,1902.0,1905.0,1900.0,1902.0,3300,0.0,0.0
2022-02-08 00:00:00+09:00,1902.0,1912.0,1900.0,1912.0,5400,0.0,0.0
2022-02-09 00:00:00+09:00,1910.0,1930.0,1909.0,1928.0,4100,0.0,0.0
2022-02-10 00:00:00+09:00,1941.0,1941.0,1929.0,1938.0,2700,0.0,0.0
2022-02-14 00:00:00+09:00,1937.0,1938.0,1928.0,1938.0,4000,0.0,0.0
2022-02-15 00:00:00+09:00,1939.0,1940.0,1931.0,1933.0,3900,0.0,0.0
2022-02-16 00:00:00+09:00,1933.0,1947.0,1933.0,1944.0,3100,0.0,0.0
2022-02-17 00:00:00+09:00,1947.0,1947.0,1930.0,1945.0,3800,0.0,0.0
2022-02-18 00:00:00+09:00,1942.0,1943.0,1935.0,1943.0,1500,0.0,0.0
2022-02-21 00:00:00+09:00,1943.0,1945.0,1941.0,1943.0,1800,0.0,0.0
2022-02-22 00:00:00+09:00,1943.0,1945.0,1939.0,1944.0,3700,0.0,0.0
2022-02-24 00:00:00+09:00,1948.0,1950.0,1941.0,1942.0,4100,0.0,0.0
2022-02-25 00:00:00+09:00,1940.0,1959.0,1940.0,1952.0,4900,0.0,0.0
2022-02-28 00:00:00+09:00,1951.0,1975.0,1951.0,1969.0,7300,0.0,0.0
2022-03-01 00:00:00+09:00,1970.0,1997.0,1970.0,1988.0,5500,0.0,0.0
2022-03-02 00:00:00+09:00,1984.0,2000.0,1984.0,2000.0,5200,0.0,0.0
2022-03-03 00:00:00+09:00,2000.0,2008.0,1995.0,1999.0,4600,0.0,0.0
2022-03-04 00:00:00+09:00,1999.0,2004.0,1996.0,1999.0,3700,0.0,0.0
2022-03-07 00:00:00+09:00,2000.0,2000.0,1953.0,1973.0,10400,0.0,0.0
2022-03-08 00:00:00+09:00,1970.0,1973.0,1951.0,1952.0,5500,0.0,0.0
2022-03-09 00:00:00+09:00,1950.0,1969.0,1950.0,1960.0,4400,0.0,0.0
2022-03-10 00:00:00+09:00,1963.0,1979.0,1963.0,1979.0,2500,0.0,0.0
2022-03-11 00:00:00+09:00,1978.0,1986.0,1970.0,1986.0,2700,0.0,0.0
2022-03-14 00:00:00+09:00,2000.0,2001.0,1992.0,2000.0,5600,0.0,0.0
2022-03-15 00:00:00+09:00,2000.0,2010.0,1997.0,2010.0,5600,0.0,0.0
2022-03-16 00:00:00+09:00,2010.0,2010.0,2004.0,2005.0,4000,0.0,0.0
2022-03-17 00:00:00+09:00,2013.0,2020.0,2006.0,2007.0,4100,0.0,0.0
2022-03-18 00:00:00+09:00,2006.0,2016.0,2006.0,2009.0,3500,0.0,0.0
2022-03-22 00:00:00+09:00,2023.0,2024.0,2018.0,2024.0,5800,0.0,0.0
2022-03-23 00:00:00+09:00,2025.0,2025.0,2018.0,2025.0,7300,0.0,0.0
2022-03-24 00:00:00+09:00,2025.0,2030.0,2022.0,2030.0,7000,0.0,0.0
2022-03-25 00:00:00+09:00,2037.0,2038.0,2016.0,2017.0,12100,0.0,0.0
2022-03-28 00:00:00+09:00,2021.0,2029.0,2016.0,2027.0,24100,0.0,0.0
2022-03-29 00:00:00+09:00,2022.0,2026.0,2002.0,2011.0,83600,0.0,0.0
2022-03-30 00:00:00+09:00,1859.0,1910.0,1856.0,1905.0,40500,0.0,0.0
2022-03-31 00:00:00+09:00,1886.0,1910.0,1885.0,1903.0,9400,0.0,0.0
2022-04-01 00:00:00+09:00,1903.0,1903.0,1891.0,1893.0,2800,0.0,0.0
2022-04-04 00:00:00+09:00,1895.0,1901.0,1890.0,1894.0,5600,0.0,0.0
2022-04-05 00:00:00+09:00,1891.0,1900.0,1891.0,1900.0,3500,0.0,0.0
2022-04-06 00:00:00+09:00,1899.0,1899.0,1886.0,1886.0,3400,0.0,0.0
2022-04-07 00:00:00+09:00,1886.0,1900.0,1880.0,1900.0,3500,0.0,0.0
2022-04-08 00:00:00+09:00,1886.0,1892.0,1881.0,1886.0,3700,0.0,0.0
2022-04-11 00:00:00+09:00,1880.0,1883.0,1872.0,1872.0,4500,0.0,0.0
2022-04-12 00:00:00+09:00,1860.0,1862.0,1841.0,1841.0,11100,0.0,0.0
2022-04-13 00:00:00+09:00,1840.0,1840.0,1825.0,1825.0,7500,0.0,0.0
2022-04-14 00:00:00+09:00,1825.0,1828.0,1819.0,1819.0,7500,0.0,0.0
2022-04-15 00:00:00+09:00,1810.0,1856.0,1810.0,1856.0,10000,0.0,0.0
2022-04-18 00:00:00+09:00,1865.0,1872.0,1850.0,1871.0,1500,0.0,0.0
2022-04-19 00:00:00+09:00,1871.0,1871.0,1857.0,1865.0,1500,0.0,0.0
2022-04-20 00:00:00+09:00,1859.0,1866.0,1858.0,1858.0,1100,0.0,0.0
2022-04-21 00:00:00+09:00,1860.0,1864.0,1832.0,1832.0,4900,0.0,0.0
2022-04-22 00:00:00+09:00,1832.0,1843.0,1826.0,1836.0,3900,0.0,0.0
2022-04-25 00:00:00+09:00,1820.0,1859.0,1820.0,1833.0,3200,0.0,0.0
2022-04-26 00:00:00+09:00,1850.0,1850.0,1830.0,1830.0,1700,0.0,0.0
2022-04-27 00:00:00+09:00,1830.0,1840.0,1819.0,1823.0,2000,0.0,0.0
2022-04-28 00:00:00+09:00,1826.0,1830.0,1820.0,1826.0,4200,0.0,0.0
2022-05-02 00:00:00+09:00,1826.0,1843.0,1822.0,1827.0,1900,0.0,0.0
2022-05-06 00:00:00+09:00,1899.0,1904.0,1850.0,1884.0,14800,0.0,0.0
2022-05-09 00:00:00+09:00,1856.0,1886.0,1856.0,1866.0,4900,0.0,0.0
2022-05-10 00:00:00+09:00,1866.0,1884.0,1861.0,1877.0,4500,0.0,0.0
2022-05-11 00:00:00+09:00,1878.0,1881.0,1869.0,1876.0,2300,0.0,0.0
2022-05-12 00:00:00+09:00,1876.0,1930.0,1872.0,1893.0,10600,0.0,0.0
2022-05-13 00:00:00+09:00,1790.0,1815.0,1790.0,1810.0,47500,0.0,0.0
2022-05-16 00:00:00+09:00,1793.0,1796.0,1780.0,1785.0,25300,0.0,0.0
2022-05-17 00:00:00+09:00,1780.0,1787.0,1777.0,1783.0,9500,0.0,0.0
2022-05-18 00:00:00+09:00,1780.0,1803.0,1780.0,1795.0,11300,0.0,0.0
2022-05-19 00:00:00+09:00,1789.0,1799.0,1781.0,1793.0,3700,0.0,0.0
2022-05-20 00:00:00+09:00,1833.0,1845.0,1805.0,1819.0,25800,0.0,0.0
2022-05-23 00:00:00+09:00,1810.0,1829.0,1805.0,1829.0,8900,0.0,0.0
2022-05-24 00:00:00+09:00,1827.0,1834.0,1816.0,1832.0,5000,0.0,0.0
2022-05-25 00:00:00+09:00,1821.0,1832.0,1821.0,1826.0,2200,0.0,0.0
2022-05-26 00:00:00+09:00,1826.0,1835.0,1820.0,1834.0,4000,0.0,0.0
2022-05-27 00:00:00+09:00,1824.0,1836.0,1814.0,1824.0,3000,0.0,0.0
2022-05-30 00:00:00+09:00,1817.0,1825.0,1817.0,1820.0,4100,0.0,0.0
2022-05-31 00:00:00+09:00,1819.0,1827.0,1816.0,1823.0,2100,0.0,0.0
2022-06-01 00:00:00+09:00,1819.0,1831.0,1819.0,1824.0,3400,0.0,0.0
2022-06-02 00:00:00+09:00,1831.0,1835.0,1824.0,1833.0,4000,0.0,0.0
2022-06-03 00:00:00+09:00,1833.0,1844.0,1830.0,1844.0,2900,0.0,0.0
2022-06-06 00:00:00+09:00,1843.0,1843.0,1831.0,1835.0,4800,0.0,0.0
2022-06-07 00:00:00+09:00,1835.0,1841.0,1832.0,1839.0,2800,0.0,0.0
2022-06-08 00:00:00+09:00,1840.0,1845.0,1836.0,1840.0,2300,0.0,0.0
2022-06-09 00:00:00+09:00,1836.0,1847.0,1836.0,1840.0,3600,0.0,0.0
2022-06-10 00:00:00+09:00,1839.0,1846.0,1839.0,1839.0,2600,0.0,0.0
2022-06-13 00:00:00+09:00,1838.0,1842.0,1835.0,1838.0,3100,0.0,0.0
2022-06-14 00:00:00+09:00,1835.0,1843.0,1835.0,1842.0,2900,0.0,0.0
2022-06-15 00:00:00+09:00,1845.0,1845.0,1836.0,1839.0,2300,0.0,0.0
2022-06-16 00:00:00+09:00,1847.0,1847.0,1827.0,1829.0,3400,0.0,0.0
2022-06-17 00:00:00+09:00,1830.0,1841.0,1821.0,1822.0,4000,0.0,0.0
2022-06-20 00:00:00+09:00,1822.0,1825.0,1815.0,1816.0,5200,0.0,0.0
2022-06-21 00:00:00+09:00,1817.0,1825.0,1817.0,1821.0,2000,0.0,0.0
2022-06-22 00:00:00+09:00,1819.0,1834.0,1818.0,1826.0,3100,0.0,0.0
2022-06-23 00:00:00+09:00,1826.0,1840.0,1825.0,1836.0,2600,0.0,0.0
2022-06-24 00:00:00+09:00,1836.0,1837.0,1825.0,1835.0,2500,0.0,0.0
2022-06-27 00:00:00+09:00,1824.0,1838.0,1824.0,1831.0,2700,0.0,0.0
2022-06-28 00:00:00+09:00,1831.0,1846.0,1831.0,1836.0,4700,0.0,0.0
2022-06-29 00:00:00+09:00,1836.0,1874.0,1836.0,1874.0,7000,0.0,0.0
2022-06-30 00:00:00+09:00,1879.0,1883.0,1863.0,1883.0,11300,0.0,0.0
2022-07-01 00:00:00+09:00,1900.0,1900.0,1881.0,1887.0,32000,0.0,0.0
2022-07-04 00:00:00+09:00,1888.0,1889.0,1883.0,1887.0,2500,0.0,0.0
2022-07-05 00:00:00+09:00,1887.0,1890.0,1882.0,1885.0,5000,0.0,0.0
2022-07-06 00:00:00+09:00,1885.0,1889.0,1876.0,1880.0,5000,0.0,0.0
2022-07-07 00:00:00+09:00,1880.0,1885.0,1869.0,1871.0,3200,0.0,0.0
2022-07-08 00:00:00+09:00,1880.0,1880.0,1870.0,1870.0,3100,0.0,0.0
2022-07-11 00:00:00+09:00,1870.0,1875.0,1869.0,1869.0,1400,0.0,0.0
2022-07-12 00:00:00+09:00,1869.0,1870.0,1865.0,1865.0,1800,0.0,0.0
2022-07-13 00:00:00+09:00,1866.0,1866.0,1861.0,1862.0,1500,0.0,0.0
2022-07-14 00:00:00+09:00,1862.0,1870.0,1860.0,1870.0,1500,0.0,0.0
2022-07-15 00:00:00+09:00,1863.0,1863.0,1861.0,1863.0,2600,0.0,0.0
2022-07-19 00:00:00+09:00,1870.0,1870.0,1864.0,1866.0,2300,0.0,0.0
2022-07-20 00:00:00+09:00,1875.0,1882.0,1868.0,1868.0,6400,0.0,0.0
2022-07-21 00:00:00+09:00,1871.0,1878.0,1870.0,1878.0,3300,0.0,0.0
2022-07-22 00:00:00+09:00,1878.0,1895.0,1876.0,1883.0,5100,0.0,0.0
2022-07-25 00:00:00+09:00,1879.0,1879.0,1871.0,1874.0,11600,0.0,0.0
2022-07-26 00:00:00+09:00,1880.0,1880.0,1871.0,1872.0,2200,0.0,0.0
2022-07-27 00:00:00+09:00,1874.0,1875.0,1873.0,1874.0,900,0.0,0.0
2022-07-28 00:00:00+09:00,1873.0,1886.0,1873.0,1873.0,1800,0.0,0.0
2022-07-29 00:00:00+09:00,1883.0,1883.0,1872.0,1875.0,1500,0.0,0.0
2022-08-01 00:00:00+09:00,1872.0,1884.0,1872.0,1877.0,2100,0.0,0.0
2022-08-02 00:00:00+09:00,1886.0,1886.0,1874.0,1876.0,1200,0.0,0.0
2022-08-03 00:00:00+09:00,1873.0,1885.0,1873.0,1873.0,1700,0.0,0.0
2022-08-04 00:00:00+09:00,1883.0,1883.0,1874.0,1880.0,800,0.0,0.0
2022-08-05 00:00:00+09:00,1875.0,1879.0,1871.0,1875.0,3100,0.0,0.0
2022-08-08 00:00:00+09:00,1879.0,1879.0,1873.0,1875.0,1300,0.0,0.0
2022-08-09 00:00:00+09:00,1876.0,1877.0,1872.0,1875.0,500,0.0,0.0
2022-08-10 00:00:00+09:00,1877.0,1878.0,1876.0,1878.0,700,0.0,0.0
2022-08-12 00:00:00+09:00,1876.0,1885.0,1873.0,1885.0,3500,0.0,0.0
2022-08-15 00:00:00+09:00,1875.0,1889.0,1875.0,1876.0,4700,0.0,0.0
2022-08-16 00:00:00+09:00,1875.0,1877.0,1872.0,1874.0,2400,0.0,0.0
2022-08-17 00:00:00+09:00,1877.0,1879.0,1873.0,1877.0,1600,0.0,0.0
2022-08-18 00:00:00+09:00,1879.0,1881.0,1874.0,1874.0,1600,0.0,0.0
2022-08-19 00:00:00+09:00,1889.0,1895.0,1875.0,1884.0,14600,0.0,0.0
2022-08-22 00:00:00+09:00,1878.0,1880.0,1875.0,1875.0,2700,0.0,0.0
2022-08-23 00:00:00+09:00,1876.0,1877.0,1873.0,1874.0,2300,0.0,0.0
2022-08-24 00:00:00+09:00,1873.0,1877.0,1873.0,1875.0,4000,0.0,0.0
2022-08-25 00:00:00+09:00,1872.0,1875.0,1872.0,1873.0,2600,0.0,0.0
2022-08-26 00:00:00+09:00,1873.0,1878.0,1872.0,1875.0,2900,0.0,0.0
2022-08-29 00:00:00+09:00,1872.0,1878.0,1872.0,1878.0,2400,0.0,0.0
2022-08-30 00:00:00+09:00,1873.0,1882.0,1873.0,1874.0,2300,0.0,0.0
2022-08-31 00:00:00+09:00,1873.0,1876.0,1873.0,1876.0,800,0.0,0.0
2022-09-01 00:00:00+09:00,1876.0,1876.0,1872.0,1873.0,1600,0.0,0.0
2022-09-02 00:00:00+09:00,1873.0,1874.0,1873.0,1873.0,1600,0.0,0.0
2022-09-05 00:00:00+09:00,1873.0,1874.0,1873.0,1874.0,2400,0.0,0.0
2022-09-06 00:00:00+09:00,1873.0,1874.0,1872.0,1872.0,1400,0.0,0.0
2022-09-07 00:00:00+09:00,1871.0,1871.0,1850.0,1860.0,14900,0.0,0.0
2022-09-08 00:00:00+09:00,1857.0,1868.0,1854.0,1856.0,3700,0.0,0.0
2022-09-09 00:00:00+09:00,1855.0,1858.0,1854.0,1856.0,2700,0.0,0.0
2022-09-12 00:00:00+09:00,1856.0,1858.0,1856.0,1857.0,2400,0.0,0.0
2022-09-13 00:00:00+09:00,1858.0,1868.0,1858.0,1859.0,2300,0.0,0.0
2022-09-14 00:00:00+09:00,1859.0,1863.0,1857.0,1859.0,2800,0.0,0.0
2022-09-15 00:00:00+09:00,1857.0,1858.0,1851.0,1852.0,6100,0.0,0.0
2022-09-16 00:00:00+09:00,1852.0,1853.0,1839.0,1847.0,5100,0.0,0.0
2022-09-20 00:00:00+09:00,1844.0,1846.0,1837.0,1839.0,6900,0.0,0.0
2022-09-21 00:00:00+09:00,1838.0,1838.0,1823.0,1835.0,7300,0.0,0.0
2022-09-22 00:00:00+09:00,1826.0,1826.0,1816.0,1818.0,5200,0.0,0.0
2022-09-26 00:00:00+09:00,1803.0,1820.0,1803.0,1820.0,4000,0.0,0.0
2022-09-27 00:00:00+09:00,1837.0,1838.0,1810.0,1811.0,6600,0.0,0.0
2022-09-28 00:00:00+09:00,1809.0,1810.0,1806.0,1809.0,2600,0.0,0.0
2022-09-29 00:00:00+09:00,1808.0,1824.0,1805.0,1805.0,4200,0.0,0.0
2022-09-30 00:00:00+09:00,1804.0,1815.0,1804.0,1804.0,3700,0.0,0.0
2022-10-03 00:00:00+09:00,1801.0,1809.0,1801.0,1802.0,4400,0.0,0.0
2022-10-04 00:00:00+09:00,1808.0,1815.0,1803.0,1815.0,3700,0.0,0.0
2022-10-05 00:00:00+09:00,1818.0,1819.0,1806.0,1813.0,2500,0.0,0.0
2022-10-06 00:00:00+09:00,1811.0,1824.0,1810.0,1815.0,2300,0.0,0.0
2022-10-07 00:00:00+09:00,1815.0,1834.0,1815.0,1828.0,4200,0.0,0.0
2022-10-11 00:00:00+09:00,1828.0,1834.0,1820.0,1828.0,5100,0.0,0.0
2022-10-12 00:00:00+09:00,1827.0,1833.0,1827.0,1830.0,1500,0.0,0.0
2022-10-13 00:00:00+09:00,1829.0,1831.0,1825.0,1826.0,3100,0.0,0.0
2022-10-14 00:00:00+09:00,1834.0,1846.0,1834.0,1843.0,2700,0.0,0.0
2022-10-17 00:00:00+09:00,1841.0,1841.0,1838.0,1840.0,2400,0.0,0.0
2022-10-18 00:00:00+09:00,1840.0,1842.0,1840.0,1840.0,1800,0.0,0.0
2022-10-19 00:00:00+09:00,1839.0,1845.0,1839.0,1840.0,2100,0.0,0.0
2022-10-20 00:00:00+09:00,1845.0,1849.0,1838.0,1843.0,2300,0.0,0.0
2022-10-21 00:00:00+09:00,1838.0,1840.0,1837.0,1839.0,1300,0.0,0.0
2022-10-24 00:00:00+09:00,1838.0,1838.0,1837.0,1838.0,1400,0.0,0.0
2022-10-25 00:00:00+09:00,1838.0,1845.0,1838.0,1838.0,2700,0.0,0.0
2022-10-26 00:00:00+09:00,1838.0,1843.0,1838.0,1839.0,2600,0.0,0.0
2022-10-27 00:00:00+09:00,1839.0,1840.0,1838.0,1840.0,1000,0.0,0.0
2022-10-28 00:00:00+09:00,1840.0,1840.0,1837.0,1838.0,1400,0.0,0.0
2022-10-31 00:00:00+09:00,1837.0,1840.0,1836.0,1840.0,900,0.0,0.0
2022-11-01 00:00:00+09:00,1840.0,1845.0,1838.0,1839.0,1800,0.0,0.0
2022-11-02 00:00:00+09:00,1838.0,1841.0,1838.0,1840.0,1600,0.0,0.0
2022-11-04 00:00:00+09:00,1840.0,1843.0,1837.0,1842.0,2900,0.0,0.0
2022-11-07 00:00:00+09:00,1844.0,1844.0,1840.0,1840.0,1600,0.0,0.0
2022-11-08 00:00:00+09:00,1840.0,1844.0,1839.0,1840.0,3000,0.0,0.0
2022-11-09 00:00:00+09:00,1839.0,1844.0,1839.0,1843.0,1900,0.0,0.0
2022-11-10 00:00:00+09:00,1844.0,1845.0,1837.0,1840.0,3800,0.0,0.0
2022-11-11 00:00:00+09:00,1840.0,1865.0,1837.0,1840.0,6500,0.0,0.0
2022-11-14 00:00:00+09:00,1841.0,1870.0,1841.0,1856.0,5200,0.0,0.0
2022-11-15 00:00:00+09:00,1860.0,1876.0,1850.0,1864.0,7500,0.0,0.0
2022-11-16 00:00:00+09:00,1861.0,1866.0,1854.0,1858.0,2800,0.0,0.0
2022-11-17 00:00:00+09:00,1853.0,1860.0,1853.0,1857.0,1400,0.0,0.0
2022-11-18 00:00:00+09:00,1857.0,1860.0,1853.0,1859.0,1100,0.0,0.0
2022-11-21 00:00:00+09:00,1856.0,1894.0,1856.0,1883.0,8400,0.0,0.0
2022-11-22 00:00:00+09:00,1886.0,1894.0,1866.0,1887.0,6200,0.0,0.0
2022-11-24 00:00:00+09:00,1887.0,1890.0,1866.0,1881.0,7100,0.0,0.0
2022-11-25 00:00:00+09:00,1871.0,1883.0,1870.0,1874.0,4800,0.0,0.0
2022-11-28 00:00:00+09:00,1863.0,1875.0,1863.0,1866.0,2900,0.0,0.0
2022-11-29 00:00:00+09:00,1866.0,1884.0,1862.0,1873.0,4400,0.0,0.0
2022-11-30 00:00:00+09:00,1860.0,1879.0,1860.0,1873.0,4200,0.0,0.0
2022-12-01 00:00:00+09:00,1873.0,1879.0,1872.0,1876.0,2100,0.0,0.0
2022-12-02 00:00:00+09:00,1876.0,1877.0,1871.0,1874.0,1500,0.0,0.0
2022-12-05 00:00:00+09:00,1874.0,1878.0,1868.0,1868.0,2700,0.0,0.0
2022-12-06 00:00:00+09:00,1868.0,1885.0,1868.0,1872.0,6600,0.0,0.0
2022-12-07 00:00:00+09:00,1885.0,1886.0,1870.0,1886.0,2800,0.0,0.0
2022-12-08 00:00:00+09:00,1886.0,1886.0,1883.0,1883.0,900,0.0,0.0
2022-12-09 00:00:00+09:00,1883.0,1890.0,1883.0,1890.0,1600,0.0,0.0
2022-12-12 00:00:00+09:00,1894.0,1894.0,1891.0,1893.0,1400,0.0,0.0
2022-12-13 00:00:00+09:00,1893.0,1895.0,1889.0,1893.0,3600,0.0,0.0
2022-12-14 00:00:00+09:00,1891.0,1898.0,1886.0,1898.0,2700,0.0,0.0
2022-12-15 00:00:00+09:00,1891.0,1900.0,1891.0,1900.0,5100,0.0,0.0
2022-12-16 00:00:00+09:00,1902.0,1903.0,1900.0,1902.0,2200,0.0,0.0
2022-12-19 00:00:00+09:00,1895.0,1905.0,1894.0,1894.0,2300,0.0,0.0
2022-12-20 00:00:00+09:00,1893.0,1895.0,1886.0,1893.0,2500,0.0,0.0
2022-12-21 00:00:00+09:00,1892.0,1907.0,1892.0,1896.0,1600,0.0,0.0
2022-12-22 00:00:00+09:00,1895.0,1900.0,1890.0,1900.0,1400,0.0,0.0
2022-12-23 00:00:00+09:00,1899.0,1899.0,1892.0,1893.0,900,0.0,0.0
2022-12-26 00:00:00+09:00,1898.0,1899.0,1892.0,1892.0,3100,0.0,0.0
2022-12-27 00:00:00+09:00,1900.0,1900.0,1893.0,1896.0,1500,0.0,0.0
2022-12-28 00:00:00+09:00,1895.0,1899.0,1890.0,1894.0,3100,0.0,0.0
2022-12-29 00:00:00+09:00,1894.0,1899.0,1891.0,1895.0,1200,0.0,0.0
2022-12-30 00:00:00+09:00,1895.0,1905.0,1895.0,1900.0,2000,0.0,0.0
2023-01-04 00:00:00+09:00,1900.0,1905.0,1898.0,1903.0,3700,0.0,0.0
2023-01-05 00:00:00+09:00,1902.0,1905.0,1900.0,1900.0,2400,0.0,0.0
2023-01-06 00:00:00+09:00,1899.0,1906.0,1897.0,1898.0,2800,0.0,0.0
2023-01-10 00:00:00+09:00,1898.0,1910.0,1898.0,1910.0,6000,0.0,0.0
2023-01-11 00:00:00+09:00,1910.0,1925.0,1901.0,1921.0,3700,0.0,0.0
2023-01-12 00:00:00+09:00,1928.0,1929.0,1921.0,1926.0,2000,0.0,0.0
2023-01-13 00:00:00+09:00,1934.0,1945.0,1926.0,1945.0,3500,0.0,0.0
2023-01-16 00:00:00+09:00,1945.0,1946.0,1932.0,1932.0,3900,0.0,0.0
2023-01-17 00:00:00+09:00,1929.0,1940.0,1928.0,1940.0,2800,0.0,0.0
2023-01-18 00:00:00+09:00,1932.0,1944.0,1932.0,1934.0,3300,0.0,0.0
2023-01-19 00:00:00+09:00,1935.0,1938.0,1935.0,1935.0,900,0.0,0.0
2023-01-20 00:00:00+09:00,1935.0,1948.0,1935.0,1948.0,2900,0.0,0.0
2023-01-23 00:00:00+09:00,1948.0,1950.0,1948.0,1950.0,2200,0.0,0.0
2023-01-24 00:00:00+09:00,1947.0,1955.0,1947.0,1955.0,3300,0.0,0.0
2023-01-25 00:00:00+09:00,1955.0,1957.0,1951.0,1955.0,2200,0.0,0.0
2023-01-26 00:00:00+09:00,1956.0,1956.0,1954.0,1954.0,1500,0.0,0.0
2023-01-27 00:00:00+09:00,1957.0,1957.0,1954.0,1955.0,1400,0.0,0.0
2023-01-30 00:00:00+09:00,1956.0,1960.0,1955.0,1957.0,1900,0.0,0.0
2023-01-31 00:00:00+09:00,1960.0,1960.0,1957.0,1957.0,1000,0.0,0.0
2023-02-01 00:00:00+09:00,1970.0,1977.0,1964.0,1970.0,3000,0.0,0.0
2023-02-02 00:00:00+09:00,1975.0,1975.0,1969.0,1969.0,900,0.0,0.0
2023-02-03 00:00:00+09:00,1969.0,1971.0,1965.0,1971.0,2100,0.0,0.0
2023-02-06 00:00:00+09:00,1978.0,1978.0,1958.0,1968.0,3100,0.0,0.0
2023-02-07 00:00:00+09:00,1968.0,1968.0,1960.0,1961.0,1800,0.0,0.0
2023-02-08 00:00:00+09:00,1961.0,1969.0,1961.0,1969.0,2100,0.0,0.0
2023-02-09 00:00:00+09:00,1969.0,1969.0,1962.0,1967.0,1300,0.0,0.0
2023-02-10 00:00:00+09:00,1967.0,2032.0,1967.0,1981.0,33500,0.0,0.0
2023-02-13 00:00:00+09:00,1981.0,2008.0,1981.0,2001.0,7200,0.0,0.0
2023-02-14 00:00:00+09:00,1999.0,2009.0,1993.0,2009.0,4300,0.0,0.0
2023-02-15 00:00:00+09:00,2001.0,2007.0,2000.0,2003.0,3500,0.0,0.0
2023-02-16 00:00:00+09:00,2010.0,2015.0,2007.0,2015.0,3900,0.0,0.0
2023-02-17 00:00:00+09:00,2008.0,2015.0,2007.0,2015.0,1400,0.0,0.0
2023-02-20 00:00:00+09:00,2024.0,2025.0,2019.0,2023.0,2500,0.0,0.0
2023-02-21 00:00:00+09:00,2024.0,2029.0,2022.0,2025.0,4900,0.0,0.0
2023-02-22 00:00:00+09:00,2023.0,2023.0,1999.0,2005.0,9300,0.0,0.0
2023-02-24 00:00:00+09:00,2005.0,2007.0,1997.0,1999.0,4400,0.0,0.0
2023-02-27 00:00:00+09:00,2000.0,2020.0,1999.0,2008.0,3800,0.0,0.0
2023-02-28 00:00:00+09:00,2004.0,2018.0,2004.0,2018.0,3100,0.0,0.0
2023-03-01 00:00:00+09:00,2013.0,2029.0,2013.0,2029.0,4000,0.0,0.0
2023-03-02 00:00:00+09:00,2029.0,2030.0,2023.0,2030.0,5000,0.0,0.0
2023-03-03 00:00:00+09:00,2030.0,2044.0,2030.0,2043.0,6600,0.0,0.0
2023-03-06 00:00:00+09:00,2044.0,2054.0,2043.0,2051.0,7300,0.0,0.0
2023-03-07 00:00:00+09:00,2055.0,2067.0,2054.0,2066.0,4000,0.0,0.0
2023-03-08 00:00:00+09:00,2065.0,2089.0,2059.0,2089.0,8300,0.0,0.0
2023-03-09 00:00:00+09:00,2089.0,2092.0,2082.0,2087.0,4900,0.0,0.0
2023-03-10 00:00:00+09:00,2087.0,2097.0,2082.0,2097.0,7500,0.0,0.0
2023-03-13 00:00:00+09:00,2096.0,2096.0,2073.0,2089.0,4200,0.0,0.0
2023-03-14 00:00:00+09:00,2093.0,2093.0,2061.0,2083.0,7400,0.0,0.0
2023-03-15 00:00:00+09:00,2083.0,2086.0,2080.0,2085.0,3500,0.0,0.0
2023-03-16 00:00:00+09:00,2077.0,2077.0,2062.0,2075.0,6200,0.0,0.0
2023-03-17 00:00:00+09:00,2057.0,2075.0,2057.0,2060.0,5600,0.0,0.0
2023-03-20 00:00:00+09:00,2063.0,2067.0,2042.0,2042.0,5200,0.0,0.0
2023-03-22 00:00:00+09:00,2042.0,2054.0,2042.0,2044.0,4700,0.0,0.0
2023-03-23 00:00:00+09:00,2044.0,2055.0,2042.0,2051.0,4200,0.0,0.0
2023-03-24 00:00:00+09:00,2044.0,2050.0,2038.0,2045.0,5600,0.0,0.0
2023-03-27 00:00:00+09:00,2045.0,2054.0,2045.0,2051.0,9200,0.0,0.0
2023-03-28 00:00:00+09:00,2051.0,2059.0,2046.0,2046.0,10300,0.0,0.0
2023-03-29 00:00:00+09:00,2041.0,2046.0,2008.0,2034.0,32100,0.0,0.0
2023-03-30 00:00:00+09:00,1896.0,1998.0,1895.0,1938.0,29000,0.0,0.0
2023-03-31 00:00:00+09:00,1935.0,1970.0,1932.0,1943.0,6900,0.0,0.0
2023-04-03 00:00:00+09:00,1950.0,1993.0,1948.0,1951.0,5100,0.0,0.0
2023-04-04 00:00:00+09:00,1952.0,1975.0,1952.0,1966.0,6300,0.0,0.0
2023-04-05 00:00:00+09:00,1960.0,1980.0,1948.0,1977.0,4400,0.0,0.0
2023-04-06 00:00:00+09:00,1975.0,1975.0,1954.0,1964.0,3500,0.0,0.0
2023-04-07 00:00:00+09:00,1978.0,1978.0,1954.0,1973.0,2800,0.0,0.0
2023-04-10 00:00:00+09:00,1982.0,1983.0,1966.0,1978.0,5600,0.0,0.0
2023-04-11 00:00:00+09:00,1990.0,1999.0,1981.0,1999.0,6700,0.0,0.0
2023-04-12 00:00:00+09:00,1988.0,2017.0,1988.0,2008.0,6200,0.0,0.0
2023-04-13 00:00:00+09:00,2008.0,2011.0,2001.0,2001.0,2500,0.0,0.0
2023-04-14 00:00:00+09:00,2010.0,2015.0,1951.0,2015.0,6300,0.0,0.0
2023-04-17 00:00:00+09:00,2032.0,2032.0,2004.0,2015.0,5400,0.0,0.0
2023-04-18 00:00:00+09:00,2004.0,2013.0,1999.0,1999.0,2600,0.0,0.0
2023-04-19 00:00:00+09:00,2008.0,2008.0,2000.0,2006.0,1100,0.0,0.0
2023-04-20 00:00:00+09:00,2003.0,2012.0,1997.0,2012.0,2500,0.0,0.0
2023-04-21 00:00:00+09:00,2012.0,2027.0,2011.0,2025.0,3700,0.0,0.0
2023-04-24 00:00:00+09:00,2017.0,2037.0,2016.0,2037.0,3900,0.0,0.0
2023-04-25 00:00:00+09:00,2040.0,2040.0,2011.0,2022.0,5100,0.0,0.0
2023-04-26 00:00:00+09:00,2013.0,2030.0,2013.0,2023.0,1100,0.0,0.0
2023-04-27 00:00:00+09:00,2023.0,2039.0,2014.0,2039.0,900,0.0,0.0
2023-04-28 00:00:00+09:00,2039.0,2039.0,2018.0,2020.0,3700,0.0,0.0
2023-05-01 00:00:00+09:00,2034.0,2034.0,2021.0,2030.0,3200,0.0,0.0
2023-05-02 00:00:00+09:00,2030.0,2068.0,2020.0,2035.0,18100,0.0,0.0
2023-05-08 00:00:00+09:00,2039.0,2054.0,2028.0,2050.0,4800,0.0,0.0
2023-05-09 00:00:00+09:00,2059.0,2065.0,2051.0,2057.0,4900,0.0,0.0
2023-05-10 00:00:00+09:00,2060.0,2060.0,2045.0,2052.0,2400,0.0,0.0
2023-05-11 00:00:00+09:00,2043.0,2062.0,2042.0,2052.0,2600,0.0,0.0
2023-05-12 00:00:00+09:00,2040.0,2047.0,2022.0,2045.0,5900,0.0,0.0
2023-05-15 00:00:00+09:00,2039.0,2048.0,2015.0,2018.0,6600,0.0,0.0
2023-05-16 00:00:00+09:00,2034.0,2034.0,2019.0,2032.0,2000,0.0,0.0
2023-05-17 00:00:00+09:00,2030.0,2031.0,2018.0,2029.0,3500,0.0,0.0
2023-05-18 00:00:00+09:00,2029.0,2029.0,2012.0,2027.0,2600,0.0,0.0
2023-05-19 00:00:00+09:00,2028.0,2028.0,2011.0,2022.0,4200,0.0,0.0
2023-05-22 00:00:00+09:00,2013.0,2018.0,2010.0,2010.0,1600,0.0,0.0
2023-05-23 00:00:00+09:00,2005.0,2009.0,2000.0,2000.0,2000,0.0,0.0
2023-05-24 00:00:00+09:00,2007.0,2010.0,2000.0,2010.0,2900,0.0,0.0
2023-05-25 00:00:00+09:00,2000.0,2007.0,2000.0,2000.0,1800,0.0,0.0
2023-05-26 00:00:00+09:00,2001.0,2008.0,2000.0,2001.0,700,0.0,0.0
2023-05-29 00:00:00+09:00,2008.0,2038.0,2008.0,2021.0,5000,0.0,0.0
2023-05-30 00:00:00+09:00,2015.0,2019.0,2010.0,2015.0,1200,0.0,0.0
2023-05-31 00:00:00+09:00,2017.0,2029.0,2012.0,2017.0,2200,0.0,0.0
2023-06-01 00:00:00+09:00,2006.0,2018.0,1999.0,2011.0,2400,0.0,0.0
2023-06-02 00:00:00+09:00,2019.0,2019.0,2008.0,2008.0,1100,0.0,0.0
2023-06-05 00:00:00+09:00,2008.0,2012.0,2006.0,2012.0,2000,0.0,0.0
2023-06-06 00:00:00+09:00,2017.0,2017.0,2012.0,2017.0,2000,0.0,0.0
2023-06-07 00:00:00+09:00,2015.0,2017.0,2011.0,2017.0,300,0.0,0.0
2023-06-08 00:00:00+09:00,2013.0,2032.0,2013.0,2028.0,2400,0.0,0.0
2023-06-09 00:00:00+09:00,2028.0,2028.0,2021.0,2028.0,1700,0.0,0.0
2023-06-12 00:00:00+09:00,2028.0,2042.0,2028.0,2042.0,7200,0.0,0.0
2023-06-13 00:00:00+09:00,2037.0,2040.0,2032.0,2040.0,1400,0.0,0.0
2023-06-14 00:00:00+09:00,2040.0,2040.0,2031.0,2037.0,1900,0.0,0.0
2023-06-15 00:00:00+09:00,2039.0,2039.0,2032.0,2032.0,2300,0.0,0.0
2023-06-16 00:00:00+09:00,2032.0,2033.0,2027.0,2033.0,1400,0.0,0.0
2023-06-19 00:00:00+09:00,2046.0,2046.0,2035.0,2038.0,4100,0.0,0.0
2023-06-20 00:00:00+09:00,2037.0,2044.0,2037.0,2038.0,600,0.0,0.0
2023-06-21 00:00:00+09:00,2044.0,2049.0,2038.0,2049.0,3200,0.0,0.0
2023-06-22 00:00:00+09:00,2045.0,2057.0,2043.0,2049.0,7300,0.0,0.0
2023-06-23 00:00:00+09:00,2051.0,2065.0,2050.0,2064.0,4200,0.0,0.0
2023-06-26 00:00:00+09:00,2065.0,2091.0,2060.0,2078.0,5500,0.0,0.0
2023-06-27 00:00:00+09:00,2080.0,2086.0,2076.0,2085.0,7800,0.0,0.0
2023-06-28 00:00:00+09:00,2090.0,2128.0,2089.0,2106.0,10700,0.0,0.0
2023-06-29 00:00:00+09:00,2120.0,2127.0,2107.0,2127.0,6200,0.0,0.0
2023-06-30 00:00:00+09:00,2130.0,2170.0,2129.0,2170.0,9300,0.0,0.0
2023-07-03 00:00:00+09:00,2234.0,2239.0,2171.0,2201.0,36100,0.0,0.0
2023-07-04 00:00:00+09:00,2190.0,2199.0,2186.0,2186.0,3600,0.0,0.0
2023-07-05 00:00:00+09:00,2194.0,2214.0,2188.0,2207.0,7800,0.0,0.0
2023-07-06 00:00:00+09:00,2207.0,2222.0,2206.0,2220.0,7600,0.0,0.0
2023-07-07 00:00:00+09:00,2218.0,2222.0,2200.0,2217.0,3300,0.0,0.0
2023-07-10 00:00:00+09:00,2216.0,2218.0,2201.0,2201.0,2100,0.0,0.0
2023-07-11 00:00:00+09:00,2215.0,2220.0,2211.0,2219.0,2200,0.0,0.0
2023-07-12 00:00:00+09:00,2219.0,2219.0,2194.0,2194.0,1700,0.0,0.0
2023-07-13 00:00:00+09:00,2186.0,2192.0,2166.0,2191.0,2300,0.0,0.0
2023-07-14 00:00:00+09:00,2180.0,2193.0,2149.0,2184.0,2700,0.0,0.0
2023-07-18 00:00:00+09:00,2175.0,2195.0,2175.0,2192.0,2800,0.0,0.0
2023-07-19 00:00:00+09:00,2208.0,2210.0,2185.0,2210.0,4100,0.0,0.0
2023-07-20 00:00:00+09:00,2209.0,2215.0,2209.0,2211.0,3100,0.0,0.0
2023-07-21 00:00:00+09:00,2211.0,2216.0,2211.0,2215.0,2400,0.0,0.0
2023-07-24 00:00:00+09:00,2218.0,2235.0,2218.0,2235.0,6000,0.0,0.0
2023-07-25 00:00:00+09:00,2240.0,2240.0,2228.0,2230.0,9500,0.0,0.0
2023-07-26 00:00:00+09:00,2235.0,2235.0,2230.0,2231.0,1300,0.0,0.0
2023-07-27 00:00:00+09:00,2228.0,2229.0,2218.0,2224.0,1700,0.0,0.0
2023-07-28 00:00:00+09:00,2224.0,2225.0,2210.0,2211.0,2400,0.0,0.0
2023-07-31 00:00:00+09:00,2228.0,2229.0,2210.0,2212.0,1500,0.0,0.0
2023-08-01 00:00:00+09:00,2212.0,2221.0,2212.0,2215.0,1100,0.0,0.0
2023-08-02 00:00:00+09:00,2211.0,2217.0,2210.0,2217.0,800,0.0,0.0
2023-08-03 00:00:00+09:00,2207.0,2215.0,2201.0,2202.0,1300,0.0,0.0
2023-08-04 00:00:00+09:00,2202.0,2214.0,2202.0,2210.0,1000,0.0,0.0
2023-08-07 00:00:00+09:00,2200.0,2207.0,2195.0,2205.0,1700,0.0,0.0
2023-08-08 00:00:00+09:00,2202.0,2202.0,2176.0,2193.0,3600,0.0,0.0
2023-08-09 00:00:00+09:00,2182.0,2193.0,2182.0,2191.0,1000,0.0,0.0
2023-08-10 00:00:00+09:00,2192.0,2288.0,2192.0,2282.0,7100,0.0,0.0
2023-08-14 00:00:00+09:00,2282.0,2327.0,2282.0,2310.0,9700,0.0,0.0
2023-08-15 00:00:00+09:00,2321.0,2321.0,2306.0,2310.0,5000,0.0,0.0
2023-08-16 00:00:00+09:00,2310.0,2312.0,2282.0,2282.0,4500,0.0,0.0
2023-08-17 00:00:00+09:00,2278.0,2281.0,2262.0,2262.0,2900,0.0,0.0
2023-08-18 00:00:00+09:00,2262.0,2263.0,2222.0,2222.0,3400,0.0,0.0
2023-08-21 00:00:00+09:00,2206.0,2238.0,2192.0,2207.0,3300,0.0,0.0
2023-08-22 00:00:00+09:00,2230.0,2230.0,2203.0,2213.0,1300,0.0,0.0
2023-08-23 00:00:00+09:00,2209.0,2216.0,2200.0,2200.0,800,0.0,0.0
2023-08-24 00:00:00+09:00,2220.0,2251.0,2220.0,2251.0,1600,0.0,0.0
2023-08-25 00:00:00+09:00,2249.0,2261.0,2227.0,2255.0,2700,0.0,0.0
2023-08-28 00:00:00+09:00,2255.0,2269.0,2247.0,2247.0,3100,0.0,0.0
2023-08-29 00:00:00+09:00,2245.0,2263.0,2245.0,2250.0,1500,0.0,0.0
2023-08-30 00:00:00+09:00,2265.0,2265.0,2251.0,2252.0,2400,0.0,0.0
2023-08-31 00:00:00+09:00,2256.0,2283.0,2256.0,2270.0,5600,0.0,0.0
2023-09-01 00:00:00+09:00,2262.0,2292.0,2262.0,2271.0,3600,0.0,0.0
2023-09-04 00:00:00+09:00,2289.0,2326.0,2285.0,2326.0,9100,0.0,0.0
2023-09-05 00:00:00+09:00,2320.0,2320.0,2293.0,2303.0,2600,0.0,0.0
2023-09-06 00:00:00+09:00,2304.0,2308.0,2297.0,2308.0,6300,0.0,0.0
2023-09-07 00:00:00+09:00,2300.0,2308.0,2297.0,2300.0,2900,0.0,0.0
2023-09-08 00:00:00+09:00,2301.0,2307.0,2291.0,2307.0,2000,0.0,0.0
2023-09-11 00:00:00+09:00,2314.0,2340.0,2299.0,2312.0,2800,0.0,0.0
2023-09-12 00:00:00+09:00,2312.0,2340.0,2312.0,2340.0,1600,0.0,0.0
2023-09-13 00:00:00+09:00,2340.0,2374.0,2323.0,2374.0,4700,0.0,0.0
2023-09-14 00:00:00+09:00,2374.0,2410.0,2360.0,2400.0,5300,0.0,0.0
2023-09-15 00:00:00+09:00,2400.0,2465.0,2400.0,2426.0,7900,0.0,0.0
2023-09-19 00:00:00+09:00,2441.0,2480.0,2423.0,2480.0,6200,0.0,0.0
2023-09-20 00:00:00+09:00,2480.0,2494.0,2462.0,2468.0,2500,0.0,0.0
2023-09-21 00:00:00+09:00,2453.0,2486.0,2452.0,2458.0,2100,0.0,0.0
2023-09-22 00:00:00+09:00,2451.0,2492.0,2420.0,2433.0,6900,0.0,0.0
2023-09-25 00:00:00+09:00,2483.0,2483.0,2410.0,2410.0,5400,0.0,0.0
2023-09-26 00:00:00+09:00,2410.0,2444.0,2402.0,2412.0,3400,0.0,0.0
2023-09-27 00:00:00+09:00,2379.0,2481.0,2360.0,2419.0,6000,0.0,0.0
2023-09-28 00:00:00+09:00,2400.0,2417.0,2352.0,2378.0,3000,0.0,0.0
2023-09-29 00:00:00+09:00,2370.0,2370.0,2346.0,2346.0,3000,0.0,0.0
2023-10-02 00:00:00+09:00,2346.0,2346.0,2330.0,2331.0,2500,0.0,0.0
2023-10-03 00:00:00+09:00,2347.0,2347.0,2300.0,2303.0,3000,0.0,0.0
2023-10-04 00:00:00+09:00,2296.0,2296.0,2270.0,2270.0,3300,0.0,0.0
2023-10-05 00:00:00+09:00,2298.0,2298.0,2261.0,2262.0,2800,0.0,0.0
2023-10-06 00:00:00+09:00,2267.0,2326.0,2263.0,2300.0,2400,0.0,0.0
2023-10-10 00:00:00+09:00,2321.0,2373.0,2321.0,2373.0,6000,0.0,0.0
2023-10-11 00:00:00+09:00,2393.0,2395.0,2375.0,2388.0,2800,0.0,0.0
2023-10-12 00:00:00+09:00,2402.0,2430.0,2391.0,2400.0,2200,0.0,0.0
2023-10-13 00:00:00+09:00,2406.0,2421.0,2371.0,2420.0,6100,0.0,0.0
2023-10-16 00:00:00+09:00,2400.0,2405.0,2376.0,2381.0,3400,0.0,0.0
2023-10-17 00:00:00+09:00,2377.0,2423.0,2368.0,2390.0,2000,0.0,0.0
2023-10-18 00:00:00+09:00,2362.0,2390.0,2333.0,2374.0,2100,0.0,0.0
2023-10-19 00:00:00+09:00,2356.0,2378.0,2331.0,2331.0,700,0.0,0.0
2023-10-20 00:00:00+09:00,2323.0,2350.0,2323.0,2332.0,1500,0.0,0.0
2023-10-23 00:00:00+09:00,2344.0,2353.0,2327.0,2343.0,2600,0.0,0.0
2023-10-24 00:00:00+09:00,2330.0,2332.0,2288.0,2332.0,12600,0.0,0.0
2023-10-25 00:00:00+09:00,2349.0,2350.0,2296.0,2350.0,2600,0.0,0.0
2023-10-26 00:00:00+09:00,2320.0,2335.0,2315.0,2324.0,1000,0.0,0.0
2023-10-27 00:00:00+09:00,2307.0,2344.0,2307.0,2344.0,1200,0.0,0.0
2023-10-30 00:00:00+09:00,2293.0,2324.0,2293.0,2306.0,1800,0.0,0.0
2023-10-31 00:00:00+09:00,2306.0,2320.0,2296.0,2320.0,1400,0.0,0.0
2023-11-01 00:00:00+09:00,2313.0,2335.0,2313.0,2321.0,1800,0.0,0.0
2023-11-02 00:00:00+09:00,2321.0,2347.0,2320.0,2321.0,1600,0.0,0.0
2023-11-06 00:00:00+09:00,2356.0,2356.0,2329.0,2329.0,2000,0.0,0.0
2023-11-07 00:00:00+09:00,2330.0,2387.0,2330.0,2387.0,4100,0.0,0.0
2023-11-08 00:00:00+09:00,2387.0,2387.0,2346.0,2351.0,5700,0.0,0.0
2023-11-09 00:00:00+09:00,2350.0,2368.0,2344.0,2350.0,4800,0.0,0.0
2023-11-10 00:00:00+09:00,2343.0,2373.0,2343.0,2372.0,6000,0.0,0.0
2023-11-13 00:00:00+09:00,2397.0,2448.0,2394.0,2416.0,16800,0.0,0.0
2023-11-14 00:00:00+09:00,2916.0,2916.0,2916.0,2916.0,21500,0.0,0.0
2023-11-15 00:00:00+09:00,3420.0,3420.0,3335.0,3420.0,287800,0.0,0.0
2023-11-16 00:00:00+09:00,3425.0,3445.0,3300.0,3425.0,172200,0.0,0.0
2023-11-17 00:00:00+09:00,3425.0,3600.0,3405.0,3600.0,74200,0.0,0.0
2023-11-20 00:00:00+09:00,3575.0,3700.0,3575.0,3630.0,75600,0.0,0.0
2023-11-21 00:00:00+09:00,3630.0,3790.0,3630.0,3790.0,50000,0.0,0.0
2023-11-22 00:00:00+09:00,3785.0,3980.0,3785.0,3980.0,91800,0.0,0.0
2023-11-24 00:00:00+09:00,4180.0,4225.0,4020.0,4125.0,141200,0.0,0.0
2023-11-27 00:00:00+09:00,4195.0,4225.0,4025.0,4095.0,99300,0.0,0.0
2023-11-28 00:00:00+09:00,4040.0,4070.0,3950.0,3995.0,75100,0.0,0.0
2023-11-29 00:00:00+09:00,3955.0,3995.0,3905.0,3965.0,50000,0.0,0.0
2023-11-30 00:00:00+09:00,3980.0,4015.0,3975.0,3990.0,18800,0.0,0.0
2023-12-01 00:00:00+09:00,3995.0,4015.0,3980.0,4015.0,17800,0.0,0.0
2023-12-04 00:00:00+09:00,4085.0,4085.0,3980.0,4005.0,31900,0.0,0.0
2023-12-05 00:00:00+09:00,3990.0,4015.0,3955.0,3985.0,26800,0.0,0.0
2023-12-06 00:00:00+09:00,3985.0,3995.0,3915.0,3930.0,42000,0.0,0.0
2023-12-07 00:00:00+09:00,3920.0,3980.0,3905.0,3960.0,32400,0.0,0.0
2023-12-08 00:00:00+09:00,3935.0,3975.0,3900.0,3925.0,37000,0.0,0.0
2023-12-11 00:00:00+09:00,3950.0,4050.0,3950.0,4015.0,27300,0.0,0.0
2023-12-12 00:00:00+09:00,4030.0,4080.0,4025.0,4070.0,23100,0.0,0.0
2023-12-13 00:00:00+09:00,4070.0,4120.0,4065.0,4085.0,20700,0.0,0.0
2023-12-14 00:00:00+09:00,4090.0,4120.0,4030.0,4060.0,28900,0.0,0.0
2023-12-15 00:00:00+09:00,4010.0,4075.0,4010.0,4030.0,18900,0.0,0.0
2023-12-18 00:00:00+09:00,4040.0,4125.0,4030.0,4100.0,25200,0.0,0.0
2023-12-19 00:00:00+09:00,4115.0,4125.0,4085.0,4095.0,21300,0.0,0.0
2023-12-20 00:00:00+09:00,4095.0,4160.0,4095.0,4110.0,22100,0.0,0.0
2023-12-21 00:00:00+09:00,4125.0,4200.0,4110.0,4200.0,38700,0.0,0.0
2023-12-22 00:00:00+09:00,4215.0,4395.0,4180.0,4375.0,57700,0.0,0.0
2023-12-25 00:00:00+09:00,4420.0,4420.0,4340.0,4415.0,31900,0.0,0.0
2023-12-26 00:00:00+09:00,4415.0,4480.0,4330.0,4480.0,33700,0.0,0.0
2023-12-27 00:00:00+09:00,4470.0,4470.0,4355.0,4440.0,43100,0.0,0.0
2023-12-28 00:00:00+09:00,4420.0,4635.0,4420.0,4580.0,76100,0.0,0.0
2023-12-29 00:00:00+09:00,4610.0,4610.0,4470.0,4560.0,36200,0.0,0.0
2024-01-04 00:00:00+09:00,4585.0,4940.0,4570.0,4940.0,111400,0.0,0.0
2024-01-05 00:00:00+09:00,4960.0,5010.0,4880.0,4980.0,82100,0.0,0.0
2024-01-09 00:00:00+09:00,5050.0,5240.0,4845.0,5240.0,111200,0.0,0.0
2024-01-10 00:00:00+09:00,5290.0,5290.0,5110.0,5110.0,82700,0.0,0.0
2024-01-11 00:00:00+09:00,5100.0,5260.0,4950.0,4990.0,88400,0.0,0.0
2024-01-12 00:00:00+09:00,4980.0,5030.0,4910.0,4990.0,59100,0.0,0.0
2024-01-15 00:00:00+09:00,5060.0,5160.0,5030.0,5140.0,22100,0.0,0.0
2024-01-16 00:00:00+09:00,5150.0,5200.0,5060.0,5200.0,33400,0.0,0.0
2024-01-17 00:00:00+09:00,5260.0,5340.0,5180.0,5250.0,48500,0.0,0.0
2024-01-18 00:00:00+09:00,5230.0,5300.0,5110.0,5150.0,42200,0.0,0.0
2024-01-19 00:00:00+09:00,5230.0,5230.0,5080.0,5090.0,36800,0.0,0.0
2024-01-22 00:00:00+09:00,5080.0,5140.0,5060.0,5120.0,32000,0.0,0.0
2024-01-23 00:00:00+09:00,5130.0,5160.0,5060.0,5160.0,26800,0.0,0.0
2024-01-24 00:00:00+09:00,5160.0,5200.0,5080.0,5110.0,25300,0.0,0.0
2024-01-25 00:00:00+09:00,5080.0,5230.0,5080.0,5180.0,33000,0.0,0.0
2024-01-26 00:00:00+09:00,5190.0,5350.0,5180.0,5260.0,49700,0.0,0.0
2024-01-29 00:00:00+09:00,5260.0,5260.0,5120.0,5190.0,27800,0.0,0.0
2024-01-30 00:00:00+09:00,5230.0,5280.0,5210.0,5260.0,24900,0.0,0.0
2024-01-31 00:00:00+09:00,5260.0,5940.0,5240.0,5940.0,202800,0.0,0.0
2024-02-01 00:00:00+09:00,5840.0,5840.0,5320.0,5420.0,180300,0.0,0.0
2024-02-02 00:00:00+09:00,5420.0,5430.0,5280.0,5310.0,48400,0.0,0.0
2024-02-05 00:00:00+09:00,5380.0,5380.0,5190.0,5250.0,49200,0.0,0.0
2024-02-06 00:00:00+09:00,5260.0,5390.0,5240.0,5290.0,33400,0.0,0.0
2024-02-07 00:00:00+09:00,5300.0,5390.0,5250.0,5370.0,25900,0.0,0.0
2024-02-08 00:00:00+09:00,5320.0,5510.0,5320.0,5470.0,42100,0.0,0.0
2024-02-09 00:00:00+09:00,5450.0,5530.0,5400.0,5440.0,63100,0.0,0.0
2024-02-13 00:00:00+09:00,5360.0,5780.0,5360.0,5710.0,104900,0.0,0.0
2024-02-14 00:00:00+09:00,5640.0,5700.0,5470.0,5550.0,46300,0.0,0.0
2024-02-15 00:00:00+09:00,5600.0,5600.0,5440.0,5450.0,24600,0.0,0.0
2024-02-16 00:00:00+09:00,5400.0,5470.0,5360.0,5370.0,33900,0.0,0.0
2024-02-19 00:00:00+09:00,5360.0,5430.0,5320.0,5390.0,19200,0.0,0.0
2024-02-20 00:00:00+09:00,5390.0,5420.0,5250.0,5250.0,54100,0.0,0.0
2024-02-21 00:00:00+09:00,5250.0,5290.0,5160.0,5200.0,36700,0.0,0.0
2024-02-22 00:00:00+09:00,5200.0,5250.0,5170.0,5230.0,21100,0.0,0.0
2024-02-26 00:00:00+09:00,5180.0,5300.0,5170.0,5240.0,18500,0.0,0.0
2024-02-27 00:00:00+09:00,5240.0,5280.0,5210.0,5260.0,13200,0.0,0.0
2024-02-28 00:00:00+09:00,5250.0,5440.0,5250.0,5350.0,31500,0.0,0.0
2024-02-29 00:00:00+09:00,5700.0,6240.0,5590.0,5930.0,488800,0.0,0.0
2024-03-01 00:00:00+09:00,5850.0,5960.0,5730.0,5900.0,111000,0.0,0.0
2024-03-04 00:00:00+09:00,5870.0,5930.0,5760.0,5800.0,63800,0.0,0.0
2024-03-05 00:00:00+09:00,5760.0,5890.0,5720.0,5720.0,40400,0.0,0.0
2024-03-06 00:00:00+09:00,5700.0,5810.0,5650.0,5720.0,35400,0.0,0.0
2024-03-07 00:00:00+09:00,5650.0,5670.0,5530.0,5590.0,76300,0.0,0.0
2024-03-08 00:00:00+09:00,5550.0,5590.0,5480.0,5480.0,30900,0.0,0.0
2024-03-11 00:00:00+09:00,5410.0,5580.0,5390.0,5430.0,44700,0.0,0.0
2024-03-12 00:00:00+09:00,5410.0,5430.0,5330.0,5350.0,30900,0.0,0.0
2024-03-13 00:00:00+09:00,5310.0,5350.0,5120.0,5150.0,63000,0.0,0.0
2024-03-14 00:00:00+09:00,5100.0,5260.0,5100.0,5220.0,33900,0.0,0.0
2024-03-15 00:00:00+09:00,5150.0,5270.0,5150.0,5250.0,19600,0.0,0.0
2024-03-18 00:00:00+09:00,5260.0,5280.0,5190.0,5220.0,28600,0.0,0.0
2024-03-19 00:00:00+09:00,5150.0,5220.0,5150.0,5210.0,31400,0.0,0.0
2024-03-21 00:00:00+09:00,5210.0,5280.0,5160.0,5250.0,34600,0.0,0.0
2024-03-22 00:00:00+09:00,5220.0,5250.0,5150.0,5200.0,46800,0.0,0.0
2024-03-25 00:00:00+09:00,5150.0,5190.0,5120.0,5160.0,54400,0.0,0.0
2024-03-26 00:00:00+09:00,5140.0,5190.0,5130.0,5160.0,52800,0.0,0.0
2024-03-27 00:00:00+09:00,5160.0,5260.0,5160.0,5200.0,79900,0.0,0.0
2024-03-28 00:00:00+09:00,4900.0,4900.0,4560.0,4570.0,175100,0.0,0.0
2024-03-29 00:00:00+09:00,4545.0,4575.0,4400.0,4475.0,84500,0.0,0.0
2024-04-01 00:00:00+09:00,4410.0,4450.0,4330.0,4330.0,90200,0.0,0.0
2024-04-02 00:00:00+09:00,4350.0,4385.0,4270.0,4285.0,45400,0.0,0.0
2024-04-03 00:00:00+09:00,4250.0,4310.0,4210.0,4260.0,36300,0.0,0.0
2024-04-04 00:00:00+09:00,4355.0,4375.0,4300.0,4315.0,37800,0.0,0.0
2024-04-05 00:00:00+09:00,4250.0,4275.0,4210.0,4255.0,30200,0.0,0.0
2024-04-08 00:00:00+09:00,4275.0,4380.0,4265.0,4380.0,25700,0.0,0.0
2024-04-09 00:00:00+09:00,4310.0,4420.0,4300.0,4395.0,50300,0.0,0.0
2024-04-10 00:00:00+09:00,4425.0,4470.0,4380.0,4425.0,23600,0.0,0.0
2024-04-11 00:00:00+09:00,4375.0,4400.0,4340.0,4385.0,13400,0.0,0.0
2024-04-12 00:00:00+09:00,4400.0,4420.0,4350.0,4385.0,12200,0.0,0.0
2024-04-15 00:00:00+09:00,4315.0,4370.0,4280.0,4360.0,18700,0.0,0.0
2024-04-16 00:00:00+09:00,4330.0,4375.0,4240.0,4265.0,29400,0.0,0.0
2024-04-17 00:00:00+09:00,4250.0,4285.0,4200.0,4240.0,22800,0.0,0.0
2024-04-18 00:00:00+09:00,4220.0,4330.0,4220.0,4250.0,23800,0.0,0.0
2024-04-19 00:00:00+09:00,4240.0,4250.0,4170.0,4205.0,28800,0.0,0.0
2024-04-22 00:00:00+09:00,4230.0,4260.0,4185.0,4210.0,12000,0.0,0.0
2024-04-23 00:00:00+09:00,4210.0,4320.0,4210.0,4305.0,17200,0.0,0.0
2024-04-24 00:00:00+09:00,4300.0,4305.0,4250.0,4265.0,15000,0.0,0.0
2024-04-25 00:00:00+09:00,4265.0,4275.0,4210.0,4210.0,15500,0.0,0.0
2024-04-26 00:00:00+09:00,4210.0,4265.0,4195.0,4240.0,15800,0.0,0.0
2024-04-30 00:00:00+09:00,4270.0,4360.0,4250.0,4345.0,20100,0.0,0.0
2024-05-01 00:00:00+09:00,4340.0,4360.0,4280.0,4310.0,11600,0.0,0.0
2024-05-02 00:00:00+09:00,4295.0,4350.0,4290.0,4295.0,6900,0.0,0.0
2024-05-07 00:00:00+09:00,4340.0,4340.0,4285.0,4310.0,9800,0.0,0.0
2024-05-08 00:00:00+09:00,4310.0,4500.0,4310.0,4445.0,30200,0.0,0.0
2024-05-09 00:00:00+09:00,4440.0,4470.0,4365.0,4470.0,27600,0.0,0.0
2024-05-10 00:00:00+09:00,4500.0,4505.0,4420.0,4480.0,16300,0.0,0.0
2024-05-13 00:00:00+09:00,4495.0,4495.0,4400.0,4445.0,12300,0.0,0.0
2024-05-14 00:00:00+09:00,4490.0,4495.0,4365.0,4495.0,25600,0.0,0.0
2024-05-15 00:00:00+09:00,4365.0,4420.0,4310.0,4310.0,36500,0.0,0.0
2024-05-16 00:00:00+09:00,4335.0,4395.0,4300.0,4380.0,21000,0.0,0.0
2024-05-17 00:00:00+09:00,4385.0,4420.0,4345.0,4400.0,12200,0.0,0.0
2024-05-20 00:00:00+09:00,4420.0,4505.0,4420.0,4450.0,16300,0.0,0.0
2024-05-21 00:00:00+09:00,4540.0,4645.0,4510.0,4510.0,54800,0.0,0.0
2024-05-22 00:00:00+09:00,4580.0,4600.0,4520.0,4545.0,19600,0.0,0.0
2024-05-23 00:00:00+09:00,4515.0,4540.0,4455.0,4455.0,18200,0.0,0.0
2024-05-24 00:00:00+09:00,4420.0,4425.0,4385.0,4385.0,14500,0.0,0.0
2024-05-27 00:00:00+09:00,4450.0,4450.0,4365.0,4390.0,11900,0.0,0.0
2024-05-28 00:00:00+09:00,4415.0,4430.0,4280.0,4290.0,39400,0.0,0.0
2024-05-29 00:00:00+09:00,4300.0,4300.0,4185.0,4185.0,28200,0.0,0.0
2024-05-30 00:00:00+09:00,4115.0,4235.0,4110.0,4215.0,27700,0.0,0.0
2024-05-31 00:00:00+09:00,4215.0,4290.0,4215.0,4290.0,10100,0.0,0.0
2024-06-03 00:00:00+09:00,4290.0,4330.0,4285.0,4290.0,10400,0.0,0.0
2024-06-04 00:00:00+09:00,4310.0,4310.0,4235.0,4235.0,18500,0.0,0.0
2024-06-05 00:00:00+09:00,4260.0,4275.0,4140.0,4165.0,29700,0.0,0.0
2024-06-06 00:00:00+09:00,4175.0,4190.0,4145.0,4165.0,11100,0.0,0.0
2024-06-07 00:00:00+09:00,4180.0,4180.0,4140.0,4170.0,12800,0.0,0.0
2024-06-10 00:00:00+09:00,4160.0,4295.0,4150.0,4265.0,21500,0.0,0.0
2024-06-11 00:00:00+09:00,4250.0,4280.0,4225.0,4260.0,5800,0.0,0.0
2024-06-12 00:00:00+09:00,4260.0,4310.0,4230.0,4260.0,21900,0.0,0.0
2024-06-13 00:00:00+09:00,4250.0,4270.0,4200.0,4220.0,14700,0.0,0.0
2024-06-14 00:00:00+09:00,4245.0,4350.0,4230.0,4345.0,26600,0.0,0.0
2024-06-17 00:00:00+09:00,4335.0,4335.0,4250.0,4310.0,11800,0.0,0.0
2024-06-18 00:00:00+09:00,4310.0,4310.0,4245.0,4260.0,14200,0.0,0.0
2024-06-19 00:00:00+09:00,4250.0,4280.0,4225.0,4235.0,8400,0.0,0.0
2024-06-20 00:00:00+09:00,4235.0,4245.0,4200.0,4220.0,8800,0.0,0.0
2024-06-21 00:00:00+09:00,4240.0,4285.0,4240.0,4280.0,4500,0.0,0.0
2024-06-24 00:00:00+09:00,4270.0,4350.0,4270.0,4340.0,22900,0.0,0.0
2024-06-25 00:00:00+09:00,4345.0,4380.0,4325.0,4350.0,24000,0.0,0.0
2024-06-26 00:00:00+09:00,4370.0,4370.0,4280.0,4325.0,14900,0.0,0.0
2024-06-27 00:00:00+09:00,4315.0,4375.0,4315.0,4370.0,7300,0.0,0.0
2024-06-28 00:00:00+09:00,4390.0,4465.0,4365.0,4445.0,48100,0.0,0.0
2024-07-01 00:00:00+09:00,4445.0,4525.0,4440.0,4510.0,26800,0.0,0.0
2024-07-02 00:00:00+09:00,4505.0,4505.0,4460.0,4490.0,12500,0.0,0.0
2024-07-03 00:00:00+09:00,4510.0,4520.0,4480.0,4500.0,8100,0.0,0.0
2024-07-04 00:00:00+09:00,4500.0,4520.0,4500.0,4515.0,6200,0.0,0.0
2024-07-05 00:00:00+09:00,4505.0,4505.0,4440.0,4440.0,17100,0.0,0.0
2024-07-08 00:00:00+09:00,4450.0,4450.0,4400.0,4420.0,10400,0.0,0.0
2024-07-09 00:00:00+09:00,4405.0,4450.0,4405.0,4440.0,5300,0.0,0.0
2024-07-10 00:00:00+09:00,4430.0,4445.0,4385.0,4415.0,11000,0.0,0.0
2024-07-11 00:00:00+09:00,4420.0,4430.0,4385.0,4425.0,11000,0.0,0.0
2024-07-12 00:00:00+09:00,4425.0,4445.0,4395.0,4445.0,13300,0.0,0.0
2024-07-16 00:00:00+09:00,4455.0,4500.0,4455.0,4500.0,10100,0.0,0.0
2024-07-17 00:00:00+09:00,4500.0,4500.0,4460.0,4475.0,5500,0.0,0.0
2024-07-18 00:00:00+09:00,4465.0,4490.0,4455.0,4455.0,10500,0.0,0.0
2024-07-19 00:00:00+09:00,4455.0,4460.0,4425.0,4450.0,9400,0.0,0.0
2024-07-22 00:00:00+09:00,4435.0,4445.0,4335.0,4355.0,22900,0.0,0.0
2024-07-23 00:00:00+09:00,4390.0,4415.0,4385.0,4385.0,5400,0.0,0.0
2024-07-24 00:00:00+09:00,4360.0,4415.0,4340.0,4375.0,13400,0.0,0.0
2024-07-25 00:00:00+09:00,4340.0,4365.0,4270.0,4310.0,27200,0.0,0.0
2024-07-26 00:00:00+09:00,4265.0,4375.0,4265.0,4285.0,15700,0.0,0.0
2024-07-29 00:00:00+09:00,4305.0,4400.0,4300.0,4370.0,11700,0.0,0.0
2024-07-30 00:00:00+09:00,4370.0,4395.0,4350.0,4375.0,6700,0.0,0.0
2024-07-31 00:00:00+09:00,4375.0,4475.0,4350.0,4430.0,16400,0.0,0.0
2024-08-01 00:00:00+09:00,4395.0,4400.0,4320.0,4340.0,8800,0.0,0.0
2024-08-02 00:00:00+09:00,4270.0,4270.0,4100.0,4130.0,63600,0.0,0.0
2024-08-05 00:00:00+09:00,4010.0,4010.0,3430.0,3430.0,74000,0.0,0.0
2024-08-06 00:00:00+09:00,3710.0,4095.0,3710.0,3885.0,53300,0.0,0.0
2024-08-07 00:00:00+09:00,3845.0,4065.0,3835.0,3965.0,39600,0.0,0.0
2024-08-08 00:00:00+09:00,3945.0,4000.0,3890.0,3900.0,29600,0.0,0.0
2024-08-09 00:00:00+09:00,3915.0,4050.0,3915.0,4010.0,19000,0.0,0.0
2024-08-13 00:00:00+09:00,4000.0,4100.0,4000.0,4095.0,16300,0.0,0.0
2024-08-14 00:00:00+09:00,4100.0,4155.0,4100.0,4155.0,9100,0.0,0.0
2024-08-15 00:00:00+09:00,4130.0,4220.0,4120.0,4190.0,15300,0.0,0.0
2024-08-16 00:00:00+09:00,4190.0,4240.0,4190.0,4225.0,9600,0.0,0.0
2024-08-19 00:00:00+09:00,4225.0,4305.0,4205.0,4240.0,7800,0.0,0.0
2024-08-20 00:00:00+09:00,4240.0,4300.0,4240.0,4270.0,4100,0.0,0.0
2024-08-21 00:00:00+09:00,4270.0,4320.0,4270.0,4300.0,6900,0.0,0.0
2024-08-22 00:00:00+09:00,4300.0,4330.0,4260.0,4290.0,7100,0.0,0.0
2024-08-23 00:00:00+09:00,4290.0,4315.0,4260.0,4315.0,4000,0.0,0.0
2024-08-26 00:00:00+09:00,4315.0,4350.0,4285.0,4335.0,10200,0.0,0.0
2024-08-27 00:00:00+09:00,4310.0,4390.0,4310.0,4390.0,6100,0.0,0.0
2024-08-28 00:00:00+09:00,4390.0,4405.0,4360.0,4360.0,7100,0.0,0.0
2024-08-29 00:00:00+09:00,4340.0,4425.0,4320.0,4395.0,10000,0.0,0.0
2024-08-30 00:00:00+09:00,4395.0,4450.0,4375.0,4415.0,15800,0.0,0.0
