Date,Open,High,Low,Close,Volume,Dividends,Stock Splits
2001-01-01 00:00:00+09:00,2093.90185546875,2093.90185546875,2093.90185546875,2093.90185546875,0,0.0,0.0
2001-01-02 00:00:00+09:00,2093.90185546875,2093.90185546875,2093.90185546875,2093.90185546875,0,0.0,0.0
2001-01-03 00:00:00+09:00,2093.90185546875,2093.90185546875,2093.90185546875,2093.90185546875,0,0.0,0.0
2001-01-04 00:00:00+09:00,2126.0660975278333,2126.0660975278333,2058.520881116208,2103.551025390625,30400,0.0,0.0
2001-01-05 00:00:00+09:00,2071.3866673519738,2138.931884765625,2071.3866673519738,2138.931884765625,29000,0.0,0.0
2001-01-08 00:00:00+09:00,2138.931884765625,2138.931884765625,2138.931884765625,2138.931884765625,0,0.0,0.0
2001-01-09 00:00:00+09:00,2068.1701497395834,2106.7674153645835,2064.9537109375,2074.60302734375,26000,0.0,0.0
2001-01-10 00:00:00+09:00,2013.4910187752016,2042.438972719254,1984.5430648311492,1994.1923828125,37800,0.0,0.0
2001-01-11 00:00:00+09:00,1962.027301552855,2084.251953125,1962.027301552855,2084.251953125,74200,0.0,0.0
2001-01-12 00:00:00+09:00,2052.087829093623,2084.2522151295734,1971.6768640037476,1978.1097412109375,67200,0.0,0.0
2001-01-15 00:00:00+09:00,2010.2745431368467,2010.2745431368467,1939.5128792184296,1962.0279541015625,80600,0.0,0.0
2001-01-16 00:00:00+09:00,1962.0276070239026,2052.087890625,1962.0276070239026,2052.087890625,54200,0.0,0.0
2001-01-17 00:00:00+09:00,2116.4166021534606,2135.7152337840394,2090.6850933126893,2126.06591796875,58200,0.0,0.0
2001-01-18 00:00:00+09:00,2158.2303564809536,2203.260498046875,2148.5810404311133,2203.260498046875,102800,0.0,0.0
2001-01-19 00:00:00+09:00,2203.2600539913938,2235.424434341633,2183.96142578125,2183.96142578125,133600,0.0,0.0
2001-01-22 00:00:00+09:00,2142.147731325939,2183.96142578125,2042.438152240197,2183.96142578125,91400,0.0,0.0
2001-01-23 00:00:00+09:00,2158.2300496059183,2180.7451171875,2138.931420250277,2180.7451171875,57200,0.0,0.0
2001-01-24 00:00:00+09:00,2187.1776475694446,2193.6105230034723,2155.013270399306,2171.095458984375,69800,0.0,0.0
2001-01-25 00:00:00+09:00,2171.095473132197,2171.095473132197,2158.2297221803024,2164.66259765625,44600,0.0,0.0
2001-01-26 00:00:00+09:00,2135.7154130465246,2151.797607421875,2126.0660964213143,2151.797607421875,42000,0.0,0.0
2001-01-29 00:00:00+09:00,2171.0961256198543,2171.0961256198543,2100.33447411817,2148.5810546875,24600,0.0,0.0
2001-01-30 00:00:00+09:00,2106.767495521029,2155.0140793879227,2106.767495521029,2138.931884765625,30800,0.0,0.0
2001-01-31 00:00:00+09:00,2132.498827233162,2135.7152658866057,2097.1180020452816,2113.2001953125,34800,0.0,0.0
2001-02-01 00:00:00+09:00,2093.901108465735,2119.632612102795,2093.901108465735,2100.333984375,52000,0.0,0.0
2001-02-02 00:00:00+09:00,2113.2001953125,2122.849511272831,2077.8193701246196,2113.2001953125,66600,0.0,0.0
2001-02-05 00:00:00+09:00,2109.9841137917933,2119.6334313853536,2058.52108662614,2116.4169921875,54800,0.0,0.0
2001-02-06 00:00:00+09:00,2116.4171055517354,2138.932181142711,2106.767787441317,2119.633544921875,63400,0.0,0.0
2001-02-07 00:00:00+09:00,2106.7674153645835,2106.7674153645835,2058.5208333333335,2074.60302734375,24800,0.0,0.0
2001-02-08 00:00:00+09:00,2010.2748347022036,2010.2748347022036,1965.2446784048743,1990.9761962890625,153000,0.0,0.0
2001-02-09 00:00:00+09:00,1994.192305960602,2026.3566979922246,1994.192305960602,2023.1402587890625,33200,0.0,0.0
2001-02-12 00:00:00+09:00,2023.1402587890623,2023.1402587890623,2023.1402587890623,2023.1402587890625,0,0.0,0.0
2001-02-13 00:00:00+09:00,1978.1096707857573,2019.92337114383,1978.1096707857573,2007.0576171875,90600,0.0,0.0
2001-02-14 00:00:00+09:00,1971.6769695065589,1997.4084797121911,1971.6769695065589,1984.542724609375,90600,0.0,0.0
2001-02-15 00:00:00+09:00,1987.7590570217226,1997.4083728325077,1974.8933026073425,1978.1097412109375,59200,0.0,0.0
2001-02-16 00:00:00+09:00,1990.975527799266,1990.975527799266,1965.2440185546875,1965.2440185546875,23000,0.0,0.0
2001-02-19 00:00:00+09:00,1962.0279541015623,1974.8937111776381,1958.8115148325435,1962.0279541015625,27600,0.0,0.0
2001-02-20 00:00:00+09:00,1952.377922258879,1962.0272365369294,1939.5121698881449,1955.5943603515625,58200,0.0,0.0
2001-02-21 00:00:00+09:00,1981.3265897156762,1981.3265897156762,1933.0800006803918,1962.0279541015625,83600,0.0,0.0
2001-02-22 00:00:00+09:00,1929.8634033203125,1942.729159342448,1923.4305253092448,1929.8634033203125,113800,0.0,0.0
2001-02-23 00:00:00+09:00,1897.6991687211832,1987.759468253714,1897.6991687211832,1962.0279541015625,93600,0.0,0.0
2001-02-26 00:00:00+09:00,1962.0274502623315,1987.7589578067555,1962.0274502623315,1968.4603271484375,44600,0.0,0.0
2001-02-27 00:00:00+09:00,2003.8417007938508,2023.1403367565524,1955.5951108870968,1994.1923828125,58600,0.0,0.0
2001-02-28 00:00:00+09:00,1994.1917970374896,1994.1917970374896,1933.0794677734375,1933.0794677734375,53600,0.0,0.0
2001-03-01 00:00:00+09:00,1949.161825276826,2007.0577210771278,1942.7289479656813,1965.2440185546875,50400,0.0,0.0
2001-03-02 00:00:00+09:00,1971.6768958658322,1978.109773176977,1926.6467546878198,1965.2440185546875,76600,0.0,0.0
2001-03-05 00:00:00+09:00,1974.8936568859012,1974.8936568859012,1936.29638671875,1936.29638671875,58400,0.0,0.0
2001-03-06 00:00:00+09:00,1939.5126056484758,1974.8934326171875,1929.8632892024634,1974.8934326171875,46000,0.0,0.0
2001-03-07 00:00:00+09:00,1974.8933345214045,1974.8933345214045,1939.512509310109,1965.2440185546875,49600,0.0,0.0
2001-03-08 00:00:00+09:00,1974.8932594923103,2045.6549072265625,1952.3781897586846,2045.6549072265625,112000,0.0,0.0
2001-03-09 00:00:00+09:00,2045.6549072265625,2045.6549072265625,1971.6768209589352,2045.6549072265625,102400,0.0,0.0
2001-03-12 00:00:00+09:00,2010.2741031585003,2010.2741031585003,1974.8932789429107,1987.759033203125,63200,0.0,0.0
2001-03-13 00:00:00+09:00,2007.057510829208,2007.057510829208,1949.1616210937502,1949.16162109375,51200,0.0,0.0
2001-03-14 00:00:00+09:00,1949.1616210937502,1949.1616210937502,1949.1616210937502,1949.16162109375,0,0.0,0.0
2001-03-15 00:00:00+09:00,1945.945792905746,1994.1923828125,1897.699202998992,1994.1923828125,106200,0.0,0.0
2001-03-16 00:00:00+09:00,1962.0279627206487,1990.975916268986,1933.0800091723113,1958.8115234375,78000,0.0,0.0
2001-03-19 00:00:00+09:00,1978.1104608791977,1987.7597802005598,1939.51318359375,1939.51318359375,49800,0.0,0.0
2001-03-20 00:00:00+09:00,1939.51318359375,1939.51318359375,1939.51318359375,1939.51318359375,0,0.0,0.0
2001-03-21 00:00:00+09:00,1945.9449625526418,2100.333984375,1939.5120866433767,2100.333984375,102800,0.0,0.0
2001-03-22 00:00:00+09:00,2090.684711502259,2158.2299098738704,2077.818959431476,2135.71484375,111400,0.0,0.0
2001-03-23 00:00:00+09:00,2116.4169921875,2116.4169921875,2048.87176903258,2116.4169921875,50200,0.0,0.0
2001-03-26 00:00:00+09:00,2155.013270399306,2187.1776475694446,2138.931081814236,2171.095458984375,71000,0.0,0.0
2001-03-27 00:00:00+09:00,2196.9422773492283,2355.2513532170406,2196.9422773492283,2303.55859375,137000,15.0,0.0
2001-03-28 00:00:00+09:00,2326.174486420613,2329.405284318419,2229.250549486421,2319.712890625,94800,0.0,0.0
2001-03-29 00:00:00+09:00,2319.712504276916,2319.712504276916,2213.09619140625,2213.09619140625,57600,0.0,0.0
2001-03-30 00:00:00+09:00,2245.4042130655316,2261.558200209888,2164.63427734375,2164.63427734375,36600,0.0,0.0
2001-04-02 00:00:00+09:00,2180.789054708278,2213.097040703956,2116.1730827169213,2125.865478515625,59800,0.0,0.0
2001-04-03 00:00:00+09:00,2158.1733145150397,2255.0972657657153,2158.1733145150397,2242.174072265625,29600,0.0,0.0
2001-04-04 00:00:00+09:00,2145.2501210149494,2264.7896608907827,2145.2501210149494,2242.174072265625,48400,0.0,0.0
2001-04-05 00:00:00+09:00,2226.019521371478,2261.5582945718934,2226.019521371478,2235.7119140625,25000,0.0,0.0
2001-04-06 00:00:00+09:00,2203.403537162481,2206.6343341377924,2138.78759765625,2138.78759765625,36800,0.0,0.0
2001-04-09 00:00:00+09:00,2235.7117729242705,2235.7117729242705,2167.86502837021,2213.09619140625,38800,0.0,0.0
2001-04-10 00:00:00+09:00,2190.480925410627,2190.480925410627,2132.3265645590172,2145.249755859375,43600,0.0,0.0
2001-04-11 00:00:00+09:00,2148.4799724281906,2164.6339571832896,2100.018018162893,2158.17236328125,66200,0.0,0.0
2001-04-12 00:00:00+09:00,2158.1726362910586,2242.1733676437048,2158.1726362910586,2213.09619140625,40600,0.0,0.0
2001-04-13 00:00:00+09:00,2219.5577104828194,2242.173291230097,2206.634521484375,2206.634521484375,30800,0.0,0.0
2001-04-16 00:00:00+09:00,2206.63474578193,2229.250328828012,2190.480757891872,2226.01953125,12600,0.0,0.0
2001-04-17 00:00:00+09:00,2206.6346059670545,2229.250187580187,2167.865037487399,2203.40380859375,45400,0.0,0.0
2001-04-18 00:00:00+09:00,2229.2505407470003,2255.096923828125,2226.0197428618594,2255.096923828125,70800,0.0,0.0
2001-04-19 00:00:00+09:00,2251.8658167190883,2251.8658167190883,2226.0194371871617,2238.942626953125,75400,0.0,0.0
2001-04-20 00:00:00+09:00,2261.5583196513576,2322.9434740418947,2261.5583196513576,2290.635498046875,120200,0.0,0.0
2001-04-23 00:00:00+09:00,2258.32778858858,2277.7125764734606,2180.788637049058,2196.942626953125,135200,0.0,0.0
2001-04-24 00:00:00+09:00,2196.9431606558865,2229.2511483125904,2154.942776702171,2222.78955078125,53000,0.0,0.0
2001-04-25 00:00:00+09:00,2164.6343458084552,2196.942321119029,2093.5568001251927,2096.78759765625,149800,0.0,0.0
2001-04-26 00:00:00+09:00,2164.6343458084552,2196.942321119029,2093.5568001251927,2096.78759765625,149800,0.0,0.0
2001-04-27 00:00:00+09:00,2174.3272100127906,2196.9427976355087,2174.3272100127906,2190.481201171875,91800,0.0,0.0
2001-04-30 00:00:00+09:00,2190.481201171875,2190.481201171875,2190.481201171875,2190.481201171875,0,0.0,0.0
2001-05-01 00:00:00+09:00,2222.7891360960143,2245.404723236526,2196.9427507925725,2229.250732421875,87400,0.0,0.0
2001-05-02 00:00:00+09:00,2261.5586224724266,2306.789794921875,2258.3278244403227,2306.789794921875,153200,0.0,0.0
2001-05-03 00:00:00+09:00,2306.789794921875,2306.789794921875,2306.789794921875,2306.789794921875,0,0.0,0.0
2001-05-04 00:00:00+09:00,2306.789794921875,2306.789794921875,2306.789794921875,2306.789794921875,0,0.0,0.0
2001-05-07 00:00:00+09:00,2303.558451968617,2303.558451968617,2264.788884754559,2280.94287109375,560,0.0,0.0
2001-05-08 00:00:00+09:00,2284.1740188271187,2297.0972098813036,2232.481254610381,2258.32763671875,320,0.0,0.0
2001-05-09 00:00:00+09:00,2261.5586224724266,2306.789794921875,2251.866228376116,2306.789794921875,820,0.0,0.0
2001-05-10 00:00:00+09:00,2310.021427638094,2310.021427638094,2274.4826364436617,2293.867431640625,360,0.0,0.0
2001-05-11 00:00:00+09:00,2261.557686447252,2293.865653396498,2251.8652963624777,2277.711669921875,220,0.0,0.0
2001-05-14 00:00:00+09:00,2303.558662899657,2303.558662899657,2235.7119140625,2235.7119140625,200,0.0,0.0
2001-05-15 00:00:00+09:00,2238.942736454844,2290.635498046875,2238.942736454844,2290.635498046875,37000,0.0,0.0
2001-05-16 00:00:00+09:00,2258.32741160207,2258.32741160207,2238.942626953125,2238.942626953125,26800,0.0,0.0
2001-05-17 00:00:00+09:00,2261.558087486721,2280.94287109375,2248.6348984153683,2280.94287109375,58400,0.0,0.0
2001-05-18 00:00:00+09:00,2306.7889863775017,2310.01978327719,2258.3270328821764,2300.327392578125,53600,0.0,0.0
2001-05-21 00:00:00+09:00,2332.635556239298,2371.405122270976,2332.635556239298,2358.48193359375,129400,0.0,0.0
2001-05-22 00:00:00+09:00,2374.6359194402826,2403.713093964041,2342.3279477472174,2358.48193359375,59400,0.0,0.0
2001-05-23 00:00:00+09:00,2329.4050938629907,2371.405463100465,2329.4050938629907,2345.55908203125,39000,0.0,0.0
2001-05-24 00:00:00+09:00,2293.8666419719825,2348.790209455819,2293.8666419719825,2342.32861328125,26400,0.0,0.0
2001-05-25 00:00:00+09:00,2280.9434106650474,2310.0205929539784,2280.9434106650474,2306.789794921875,22600,0.0,0.0
2001-05-28 00:00:00+09:00,2274.4808732269503,2300.3272467863476,2261.557686447252,2277.711669921875,31600,0.0,0.0
2001-05-29 00:00:00+09:00,2300.3281032381615,2345.559273807451,2277.712517953517,2319.712890625,20600,0.0,0.0
2001-05-30 00:00:00+09:00,2287.405833241637,2342.3294196330326,2277.7134356431557,2293.867431640625,16400,0.0,0.0
2001-05-31 00:00:00+09:00,2313.251061243444,2313.251061243444,2261.558300098339,2310.020263671875,25600,0.0,0.0
2001-06-01 00:00:00+09:00,2277.7126238215324,2300.328210157349,2268.020229677611,2297.097412109375,40600,0.0,0.0
2001-06-04 00:00:00+09:00,2300.327865335983,2300.327865335983,2219.5579262441297,2235.7119140625,40200,0.0,0.0
2001-06-05 00:00:00+09:00,2196.9426048879373,2261.5585638552297,2196.9426048879373,2216.327392578125,72800,0.0,0.0
2001-06-06 00:00:00+09:00,2248.6353280578437,2277.712509024109,2248.6353280578437,2255.096923828125,27000,0.0,0.0
2001-06-07 00:00:00+09:00,2271.25146484375,2274.4822635135133,2258.328270164696,2271.25146484375,14600,0.0,0.0
2001-06-08 00:00:00+09:00,2248.6353720617712,2271.2509577003234,2206.6349987330314,2216.327392578125,121400,0.0,0.0
2001-06-11 00:00:00+09:00,2232.481530584805,2255.097117725317,2200.1735489555026,2229.250732421875,10600,0.0,0.0
2001-06-12 00:00:00+09:00,2180.788976906319,2213.0969617493756,2180.788976906319,2184.019775390625,25800,0.0,0.0
2001-06-13 00:00:00+09:00,2216.326988765967,2245.404165003422,2200.1730019673814,2213.09619140625,8000,0.0,0.0
2001-06-14 00:00:00+09:00,2196.9417785552196,2222.788152420575,2135.556640625,2135.556640625,44200,0.0,0.0
2001-06-15 00:00:00+09:00,2167.8655673262,2229.250732421875,2164.63476916327,2229.250732421875,35400,0.0,0.0
2001-06-18 00:00:00+09:00,2196.9423530478957,2226.01953125,2196.9423530478957,2226.01953125,28400,0.0,0.0
2001-06-19 00:00:00+09:00,2258.327582661564,2268.019975720197,2196.942426623553,2232.481201171875,21800,0.0,0.0
2001-06-20 00:00:00+09:00,2200.172575288389,2209.8649654878973,2119.402656959153,2135.556640625,82800,0.0,0.0
2001-06-21 00:00:00+09:00,2167.8659074113175,2310.021048880912,2167.8659074113175,2271.25146484375,71000,0.0,0.0
2001-06-22 00:00:00+09:00,2261.558445020654,2284.17402947086,2180.7885005556304,2248.63525390625,72800,0.0,0.0
2001-06-25 00:00:00+09:00,2261.5587140511775,2264.7895122141076,2229.250732421875,2229.250732421875,27600,0.0,0.0
2001-06-26 00:00:00+09:00,2222.788658797307,2232.4810512048534,2196.94227904385,2219.557861328125,40400,0.0,0.0
2001-06-27 00:00:00+09:00,2219.557936093977,2242.173519140058,2196.9423530478957,2226.01953125,30200,0.0,0.0
2001-06-28 00:00:00+09:00,2222.788714028777,2248.6350944244605,2184.019143435252,2245.404296875,47800,0.0,0.0
2001-06-29 00:00:00+09:00,2245.4037029726283,2277.711669921875,2203.4033459386083,2277.711669921875,95000,0.0,0.0
2001-07-02 00:00:00+09:00,2248.6353946461395,2258.32778858858,2132.3266673368566,2196.942626953125,53600,0.0,0.0
2001-07-03 00:00:00+09:00,2213.0969489972613,2213.0969489972613,2177.558165874678,2193.712158203125,22000,0.0,0.0
2001-07-04 00:00:00+09:00,2180.7882740758528,2193.711463848154,2154.94189453125,2154.94189453125,20800,0.0,0.0
2001-07-05 00:00:00+09:00,2142.0190942710274,2177.557872607349,2142.0190942710274,2167.865478515625,17400,0.0,0.0
2001-07-06 00:00:00+09:00,2148.4805536844647,2167.865340635001,2138.788160209196,2145.249755859375,35600,0.0,0.0
2001-07-09 00:00:00+09:00,2142.0187047589484,2161.4034894174006,2132.3263124297227,2154.94189453125,27000,0.0,0.0
2001-07-10 00:00:00+09:00,2132.3262379581765,2148.480224609375,2100.01826465578,2148.480224609375,26600,0.0,0.0
2001-07-11 00:00:00+09:00,2119.4038813164893,2135.5578743143283,2116.1730827169213,2125.865478515625,14800,0.0,0.0
2001-07-12 00:00:00+09:00,2148.4798275576777,2148.4798275576777,2116.1718602259834,2135.556640625,13800,0.0,0.0
2001-07-13 00:00:00+09:00,2158.17301067358,2164.63460651392,2135.55742523239,2161.40380859375,42400,0.0,0.0
2001-07-16 00:00:00+09:00,2180.788330078125,2180.788330078125,2164.6343424479164,2180.788330078125,15800,0.0,0.0
2001-07-17 00:00:00+09:00,2167.865467286605,2190.481053383485,2167.865467286605,2177.557861328125,12200,0.0,0.0
2001-07-18 00:00:00+09:00,2196.942626953125,2200.1734249339383,2177.5578390682444,2196.942626953125,31600,0.0,0.0
2001-07-19 00:00:00+09:00,2213.0961159835974,2213.0961159835974,2193.7113324859306,2206.634521484375,39600,0.0,0.0
2001-07-20 00:00:00+09:00,2206.634521484375,2206.634521484375,2206.634521484375,2206.634521484375,0,0.0,0.0
2001-07-23 00:00:00+09:00,2203.404871196999,2226.020463716616,2174.327680814634,2200.174072265625,23400,0.0,0.0
2001-07-24 00:00:00+09:00,2200.174072265625,2200.174072265625,2177.558479746008,2200.174072265625,39600,0.0,0.0
2001-07-25 00:00:00+09:00,2180.7887447181465,2184.01954285847,2174.3271484375,2174.3271484375,17600,0.0,0.0
2001-07-26 00:00:00+09:00,2161.4039558762074,2174.3271484375,2158.173157735884,2174.3271484375,21800,0.0,0.0
2001-07-27 00:00:00+09:00,2145.2495572916664,2180.788330078125,2145.2495572916664,2180.788330078125,22000,0.0,0.0
2001-07-30 00:00:00+09:00,2164.6343424479164,2180.788330078125,2161.403544921875,2180.788330078125,19400,0.0,0.0
2001-07-31 00:00:00+09:00,2180.788637049058,2196.942626953125,2177.5578390682444,2196.942626953125,37800,0.0,0.0
2001-08-01 00:00:00+09:00,2164.635172999182,2222.78955078125,2164.635172999182,2222.78955078125,67800,0.0,0.0
2001-08-02 00:00:00+09:00,2229.2505843715835,2232.481382319948,2203.4042007846665,2216.327392578125,31200,0.0,0.0
2001-08-03 00:00:00+09:00,2196.9427976355087,2213.0967887945935,2174.3272100127906,2190.481201171875,32800,0.0,0.0
2001-08-06 00:00:00+09:00,2167.8650747726215,2180.7882644881065,2161.403479914879,2164.63427734375,14800,0.0,0.0
2001-08-07 00:00:00+09:00,2164.63476916327,2229.250732421875,2151.7115765115486,2229.250732421875,25600,0.0,0.0
2001-08-08 00:00:00+09:00,2222.7896647852426,2222.7896647852426,2196.943273334251,2200.174072265625,7800,0.0,0.0
2001-08-09 00:00:00+09:00,2190.481042137879,2190.481042137879,2167.8654561571043,2187.250244140625,16600,0.0,0.0
2001-08-10 00:00:00+09:00,2167.8651399739583,2193.7115201822917,2167.8651399739583,2180.788330078125,11000,0.0,0.0
2001-08-13 00:00:00+09:00,2213.0967887945935,2213.0967887945935,2164.6348153173394,2190.481201171875,16400,0.0,0.0
2001-08-14 00:00:00+09:00,2209.865394046533,2248.634962363139,2203.4037993270986,2213.09619140625,36400,0.0,0.0
2001-08-15 00:00:00+09:00,2222.7888613197424,2261.558434482296,2222.7888613197424,2258.32763671875,26400,0.0,0.0
2001-08-16 00:00:00+09:00,2226.01953125,2245.40431671807,2209.865543359942,2226.01953125,32400,0.0,0.0
2001-08-17 00:00:00+09:00,2193.7114542035915,2232.4810233500466,2164.63427734375,2164.63427734375,40200,0.0,0.0
2001-08-20 00:00:00+09:00,2180.7882740758528,2187.2498689620033,2154.94189453125,2154.94189453125,81200,0.0,0.0
2001-08-21 00:00:00+09:00,2125.8647439521656,2209.865478515625,2125.8647439521656,2209.865478515625,69000,0.0,0.0
2001-08-22 00:00:00+09:00,2206.63474578193,2238.9427215620462,2206.63474578193,2226.01953125,44600,0.0,0.0
2001-08-23 00:00:00+09:00,2245.40417444671,2245.40417444671,2193.711416473836,2203.40380859375,15800,0.0,0.0
2001-08-24 00:00:00+09:00,2180.7882644881065,2200.173049061334,2164.63427734375,2164.63427734375,31000,0.0,0.0
2001-08-27 00:00:00+09:00,2142.018759765625,2187.2499251302083,2142.018759765625,2180.788330078125,32800,0.0,0.0
2001-08-28 00:00:00+09:00,2177.5578390682444,2196.942626953125,2167.8654451258044,2196.942626953125,23200,0.0,0.0
2001-08-29 00:00:00+09:00,2190.481064729648,2193.7118627602226,2167.865478515625,2167.865478515625,15400,0.0,0.0
2001-08-30 00:00:00+09:00,2151.711351509554,2171.0961384600905,2119.40337325866,2145.249755859375,38000,0.0,0.0
2001-08-31 00:00:00+09:00,2151.711455221737,2196.942626953125,2138.7882632984833,2196.942626953125,37600,0.0,0.0
2001-09-03 00:00:00+09:00,2164.6339571832896,2164.6339571832896,2148.4799724281906,2158.17236328125,63200,0.0,0.0
2001-09-04 00:00:00+09:00,2103.2498414963943,2119.4038341346154,2067.711057692308,2100.01904296875,71800,0.0,0.0
2001-09-05 00:00:00+09:00,2083.8646976246555,2196.942626953125,2074.172303682215,2196.942626953125,71000,0.0,0.0
2001-09-06 00:00:00+09:00,2132.327028245192,2135.5578267728365,2067.711057692308,2100.01904296875,44800,0.0,0.0
2001-09-07 00:00:00+09:00,2074.1717994689943,2074.1717994689943,2051.556219100952,2067.710205078125,58600,0.0,0.0
2001-09-10 00:00:00+09:00,1938.4784857943127,2038.6332075603523,1938.4784857943127,2009.5560302734375,60400,0.0,0.0
2001-09-11 00:00:00+09:00,1977.2479910714287,2051.556330605159,1964.3248015873016,2035.40234375,76200,0.0,0.0
2001-09-12 00:00:00+09:00,1954.632959812639,2035.4029168296902,1954.632959812639,1999.8641357421875,15600,0.0,0.0
2001-09-13 00:00:00+09:00,1980.4793701171877,2006.325756676629,1970.7869751573971,1980.4793701171875,41000,0.0,0.0
2001-09-14 00:00:00+09:00,2038.6333108889828,2045.094906169138,1990.1713462878183,2028.94091796875,79400,0.0,0.0
2001-09-17 00:00:00+09:00,1977.2478111530172,1980.4786082300645,1954.6322316136852,1967.555419921875,46400,0.0,0.0
2001-09-18 00:00:00+09:00,1967.5553602069467,2003.0941269758735,1941.708984375,1941.708984375,91600,0.0,0.0
2001-09-19 00:00:00+09:00,1938.4786106596057,1983.7097782416633,1922.3246222374423,1925.555419921875,96200,0.0,0.0
2001-09-20 00:00:00+09:00,1925.5550579202586,1967.555419921875,1906.1702754579742,1967.555419921875,77000,0.0,0.0
2001-09-21 00:00:00+09:00,1906.1702845218406,1912.6318787066605,1770.476806640625,1770.476806640625,86400,0.0,0.0
2001-09-24 00:00:00+09:00,1770.476806640625,1770.476806640625,1770.476806640625,1770.476806640625,0,0.0,0.0
2001-09-25 00:00:00+09:00,1884.1779171493558,1884.1779171493558,1770.4775255972397,1796.4661865234375,72200,15.0,0.0
2001-09-26 00:00:00+09:00,1796.4659614701704,1812.7088725142046,1737.9914817116478,1786.72021484375,99600,0.0,0.0
2001-09-27 00:00:00+09:00,1737.9918587667898,1851.6922607421873,1721.748944198876,1851.6922607421875,124800,0.0,0.0
2001-09-28 00:00:00+09:00,1851.6922607421873,1851.6922607421873,1851.6922607421873,1851.6922607421875,0,0.0,0.0
2001-10-01 00:00:00+09:00,1867.9345764058598,1952.3977050781248,1867.9345764058598,1952.397705078125,80400,0.0,0.0
2001-10-02 00:00:00+09:00,1929.6575683593749,1965.3919677734373,1884.177423650568,1965.3919677734375,50000,0.0,0.0
2001-10-03 00:00:00+09:00,1994.6296860662212,2010.8725988192036,1949.149530357871,1991.381103515625,54200,0.0,0.0
2001-10-04 00:00:00+09:00,1971.889263815958,2004.3750836481813,1958.8949358830687,1981.635009765625,45000,0.0,0.0
2001-10-05 00:00:00+09:00,2007.6230623570882,2007.6230623570882,1965.3915092654343,1997.8773193359375,39800,0.0,0.0
2001-10-08 00:00:00+09:00,1997.8773193359373,1997.8773193359373,1997.8773193359373,1997.8773193359375,0,0.0,0.0
2001-10-09 00:00:00+09:00,1997.8779860883228,2040.1095532739296,1994.6294039971222,2010.872314453125,50800,0.0,0.0
2001-10-10 00:00:00+09:00,2040.1090880069949,2040.1090880069949,2007.6232745036987,2017.3690185546875,47800,0.0,0.0
2001-10-11 00:00:00+09:00,2046.6074734756999,2062.850389931856,2030.3645570195436,2059.601806640625,84000,0.0,0.0
2001-10-12 00:00:00+09:00,2030.3635597229004,2079.09228515625,2030.3635597229004,2079.09228515625,49800,0.0,0.0
2001-10-15 00:00:00+09:00,2079.09228515625,2079.09228515625,2049.85504989624,2079.09228515625,32000,0.0,0.0
2001-10-16 00:00:00+09:00,2088.8375857357687,2098.583328748533,2059.6003566974764,2075.84326171875,29400,0.0,0.0
2001-10-17 00:00:00+09:00,2092.086355693032,2092.086355693032,2027.1147297398327,2036.8604736328125,75600,0.0,0.0
2001-10-18 00:00:00+09:00,1971.8891313032668,2033.6121848366477,1952.3976407137782,1965.3919677734375,76000,0.0,0.0
2001-10-19 00:00:00+09:00,1997.877592955455,2023.8662445711357,1994.6290115034947,2004.374755859375,11000,0.0,0.0
2001-10-22 00:00:00+09:00,2069.3464231853245,2069.3464231853245,2046.6063526008704,2053.103515625,23400,0.0,0.0
2001-10-23 00:00:00+09:00,2079.09228515625,2079.09228515625,2043.3578865051268,2079.09228515625,44000,0.0,0.0
2001-10-24 00:00:00+09:00,2075.8444050114326,2131.0703125,2075.8444050114326,2131.0703125,50600,0.0,0.0
2001-10-25 00:00:00+09:00,2124.572122695719,2186.295166015625,2092.086310422084,2186.295166015625,50000,0.0,0.0
2001-10-26 00:00:00+09:00,2176.549606893451,2179.798188396277,2140.8152103623643,2173.301025390625,72600,0.0,0.0
2001-10-29 00:00:00+09:00,2170.0518316825833,2170.0518316825833,2147.311767578125,2147.311767578125,17000,0.0,0.0
2001-10-30 00:00:00+09:00,2114.8266255975313,2134.318115234375,2114.8266255975313,2134.318115234375,18600,0.0,0.0
2001-10-31 00:00:00+09:00,2111.5776527655516,2118.074814774061,2075.84326171875,2075.84326171875,73800,0.0,0.0
2001-11-01 00:00:00+09:00,2108.3293328137133,2108.3293328137133,2069.3463559358015,2092.08642578125,27000,0.0,0.0
2001-11-02 00:00:00+09:00,2040.109134797127,2088.83785616967,2014.1204833984375,2014.1204833984375,44600,0.0,0.0
2001-11-05 00:00:00+09:00,2079.0922268081763,2088.8379716213394,2033.6120843467472,2066.097900390625,39200,0.0,0.0
2001-11-06 00:00:00+09:00,2066.098358107129,2111.5785106440785,2066.098358107129,2101.832763671875,41000,0.0,0.0
2001-11-07 00:00:00+09:00,2111.5783784589694,2127.8212890625,2075.843975131202,2127.8212890625,30600,0.0,0.0
2001-11-08 00:00:00+09:00,2030.363844606442,2053.103919666034,2004.3751873954795,2033.6124267578125,85800,0.0,0.0
2001-11-09 00:00:00+09:00,2033.6124267578123,2033.6124267578123,2033.6124267578123,2033.6124267578125,0,0.0,0.0
2001-11-12 00:00:00+09:00,2079.0925768769966,2079.0925768769966,2030.363844606442,2033.6124267578125,33400,0.0,0.0
2001-11-13 00:00:00+09:00,2036.8600222565406,2095.33447265625,2036.8600222565406,2095.33447265625,29400,0.0,0.0
2001-11-14 00:00:00+09:00,2072.595412574256,2075.8439947256265,2033.6124267578123,2033.6124267578125,46200,0.0,0.0
2001-11-15 00:00:00+09:00,2017.3684453901078,2023.8656062448263,1910.1652912872516,1962.142578125,138800,0.0,0.0
2001-11-16 00:00:00+09:00,1997.8777381217126,1997.8777381217126,1965.3919212416847,1968.6405029296875,45800,0.0,0.0
2001-11-19 00:00:00+09:00,1965.3919677734373,1991.3806218927555,1965.3919677734373,1965.3919677734375,41600,0.0,0.0
2001-11-20 00:00:00+09:00,1945.900871097038,1945.900871097038,1887.426387491451,1929.657958984375,61600,0.0,0.0
2001-11-21 00:00:00+09:00,1897.1722010725634,1949.149521649894,1897.1722010725634,1916.6636962890625,69400,0.0,0.0
2001-11-22 00:00:00+09:00,1945.8999786376955,1945.8999786376955,1867.934036254883,1897.1712646484375,52400,0.0,0.0
2001-11-23 00:00:00+09:00,1897.1712646484377,1897.1712646484377,1897.1712646484377,1897.1712646484375,0,0.0,0.0
2001-11-26 00:00:00+09:00,1864.6859330610794,1965.3919677734373,1864.6859330610794,1965.3919677734375,46600,0.0,0.0
2001-11-27 00:00:00+09:00,1952.3981041859772,1965.3924343303097,1903.6693661447298,1916.6636962890625,52400,0.0,0.0
2001-11-28 00:00:00+09:00,1916.663115666801,1923.1602787707563,1760.731201171875,1760.731201171875,34200,0.0,0.0
2001-11-29 00:00:00+09:00,1858.1888531398938,1884.1775084285637,1835.4487797623078,1874.4317626953125,41800,0.0,0.0
2001-11-30 00:00:00+09:00,1877.6804858483504,1890.6748144701382,1858.1889929156685,1864.6861572265625,56600,0.0,0.0
2001-12-03 00:00:00+09:00,1900.420671798789,1900.420671798789,1786.7202897253571,1789.9688720703125,73200,0.0,0.0
2001-12-04 00:00:00+09:00,1786.720459443286,1806.2119553644854,1728.2459716796875,1728.2459716796875,108000,0.0,0.0
2001-12-05 00:00:00+09:00,1793.2177682976971,1897.1724215323463,1793.2177682976971,1851.6922607421875,64800,0.0,0.0
2001-12-06 00:00:00+09:00,1900.4198921535326,1916.662797214674,1835.4482719089674,1867.93408203125,35800,0.0,0.0
2001-12-07 00:00:00+09:00,1851.6915627504006,1945.9004317324384,1851.6915627504006,1900.4202880859375,55400,0.0,0.0
2001-12-10 00:00:00+09:00,1867.9344177246094,1871.182999320652,1789.9684594195821,1793.217041015625,28200,0.0,0.0
2001-12-11 00:00:00+09:00,1858.1890019497516,1880.9290771484375,1796.4659406961762,1880.9290771484375,18400,0.0,0.0
2001-12-12 00:00:00+09:00,1913.4149169921875,1916.6634991942115,1851.6918551537299,1913.4149169921875,80200,0.0,0.0
2001-12-13 00:00:00+09:00,1897.1719880046417,1910.1663166896049,1858.1890019497516,1880.9290771484375,29800,0.0,0.0
2001-12-14 00:00:00+09:00,1848.44255065918,1897.1712646484377,1835.4482269287112,1897.1712646484375,117000,0.0,0.0
2001-12-17 00:00:00+09:00,1867.934036254883,1867.934036254883,1819.2053222656252,1819.205322265625,23200,0.0,0.0
2001-12-18 00:00:00+09:00,1851.6912863517573,1867.9341923723866,1825.7026367187502,1825.70263671875,50400,0.0,0.0
2001-12-19 00:00:00+09:00,1825.7032529633623,1900.4206458782328,1822.4546706627157,1884.177734375,44400,0.0,0.0
2001-12-20 00:00:00+09:00,1906.9177239990233,1975.13794921875,1897.1719775390625,1949.1492919921875,100000,0.0,0.0
2001-12-21 00:00:00+09:00,1945.9004613301215,1945.9004613301215,1858.188754392036,1906.91748046875,32200,0.0,0.0
2001-12-24 00:00:00+09:00,1906.91748046875,1906.91748046875,1906.91748046875,1906.91748046875,0,0.0,0.0
2001-12-25 00:00:00+09:00,1867.9342064697696,1910.1657624421296,1789.9682569823358,1841.945556640625,30200,0.0,0.0
2001-12-26 00:00:00+09:00,1874.4324288316952,1874.4324288316952,1786.7206860614078,1812.7093505859375,27800,0.0,0.0
2001-12-27 00:00:00+09:00,1780.223029839972,1880.9290771484375,1767.2287011550086,1880.9290771484375,22000,0.0,0.0
2001-12-28 00:00:00+09:00,1880.9290771484375,1880.9290771484375,1848.4432554360292,1880.9290771484375,27200,0.0,0.0
2001-12-31 00:00:00+09:00,1880.9290771484375,1880.9290771484375,1880.9290771484375,1880.9290771484375,0,0.0,0.0
2002-01-01 00:00:00+09:00,1880.9290771484375,1880.9290771484375,1880.9290771484375,1880.9290771484375,0,0.0,0.0
2002-01-02 00:00:00+09:00,1880.9290771484375,1880.9290771484375,1880.9290771484375,1880.9290771484375,0,0.0,0.0
2002-01-03 00:00:00+09:00,1880.9290771484375,1880.9290771484375,1880.9290771484375,1880.9290771484375,0,0.0,0.0
2002-01-04 00:00:00+09:00,1913.4150468717119,1929.6579589843748,1906.9178820266466,1929.657958984375,55800,0.0,0.0
2002-01-07 00:00:00+09:00,1832.2001626487458,1893.9232177734377,1812.708671556738,1893.9232177734375,35400,0.0,0.0
2002-01-08 00:00:00+09:00,1854.9404789977698,1867.934808097579,1802.9631625985328,1809.4603271484375,31000,0.0,0.0
2002-01-09 00:00:00+09:00,1802.9631902322785,1815.9575195312498,1760.7316200106216,1815.95751953125,41600,0.0,0.0
2002-01-10 00:00:00+09:00,1750.985375741812,1789.9683525672326,1686.0137476994441,1689.2623291015625,122800,0.0,0.0
2002-01-11 00:00:00+09:00,1624.2903892440024,1689.2620048137626,1598.3017430160985,1608.0474853515625,197400,0.0,0.0
2002-01-14 00:00:00+09:00,1608.0474853515625,1608.0474853515625,1608.0474853515625,1608.0474853515625,0,0.0,0.0
2002-01-15 00:00:00+09:00,1653.5283196109465,1715.2513806573277,1640.533990969603,1695.7598876953125,97200,0.0,0.0
2002-01-16 00:00:00+09:00,1695.7595728824015,1780.2226933707968,1666.5223388671875,1666.5223388671875,80000,0.0,0.0
2002-01-17 00:00:00+09:00,1676.26777600258,1767.2280429174486,1676.26777600258,1731.49365234375,35600,0.0,0.0
2002-01-18 00:00:00+09:00,1763.9801393821024,1786.72021484375,1750.9858105468752,1786.72021484375,35800,0.0,0.0
2002-01-21 00:00:00+09:00,1754.2338840456775,1780.2225341796877,1747.736721512175,1780.2225341796875,62800,0.0,0.0
2002-01-22 00:00:00+09:00,1776.9744026903304,1776.9744026903304,1741.239999711183,1757.48291015625,82600,0.0,0.0
2002-01-23 00:00:00+09:00,1757.4826196198974,1760.731201171875,1721.7482225481433,1760.731201171875,54400,0.0,0.0
2002-01-24 00:00:00+09:00,1760.7315203981066,1763.9801025390625,1728.2456989885475,1763.9801025390625,65200,0.0,0.0
2002-01-25 00:00:00+09:00,1760.7313188578096,1760.7313188578096,1718.499755859375,1718.499755859375,37000,0.0,0.0
2002-01-28 00:00:00+09:00,1747.7368627793296,1747.7368627793296,1721.7482105446927,1744.48828125,41800,0.0,0.0
2002-01-29 00:00:00+09:00,1741.239395227486,1750.9851381112219,1731.4936523437502,1731.49365234375,28000,0.0,0.0
2002-01-30 00:00:00+09:00,1689.2629464285715,1731.4945200892857,1689.2629464285715,1705.505859375,20800,0.0,0.0
2002-01-31 00:00:00+09:00,1705.5058593750002,1705.5058593750002,1705.5058593750002,1705.505859375,0,0.0,0.0
2002-02-01 00:00:00+09:00,1747.7372575805891,1750.98583984375,1673.0198655278873,1750.98583984375,47600,0.0,0.0
2002-02-04 00:00:00+09:00,1718.4997737289834,1737.9912645463255,1692.5111193058608,1708.7540283203125,32400,0.0,0.0
2002-02-05 00:00:00+09:00,1682.765208061551,1712.0024414062498,1673.019463613318,1712.00244140625,42600,0.0,0.0
2002-02-06 00:00:00+09:00,1705.505720712606,1705.505720712606,1673.0198974609375,1673.0198974609375,60400,0.0,0.0
2002-02-07 00:00:00+09:00,1695.7596088756213,1718.499680259011,1679.516700744629,1715.2510986328125,69800,0.0,0.0
2002-02-08 00:00:00+09:00,1715.2516071428572,1715.2516071428572,1591.80546875,1705.505859375,112000,0.0,0.0
2002-02-11 00:00:00+09:00,1705.5058593750002,1705.5058593750002,1705.5058593750002,1705.505859375,0,0.0,0.0
2002-02-12 00:00:00+09:00,1715.2509436446628,1734.742431640625,1712.0023623120026,1734.742431640625,67400,0.0,0.0
2002-02-13 00:00:00+09:00,1734.7425366620112,1754.2340258379888,1728.245373603352,1744.48828125,46600,0.0,0.0
2002-02-14 00:00:00+09:00,1724.9968670193878,1760.731265394554,1679.5167236328125,1679.5167236328125,61800,0.0,0.0
2002-02-15 00:00:00+09:00,1718.4994793187793,1737.990966796875,1692.5108293479848,1737.990966796875,37400,0.0,0.0
2002-02-18 00:00:00+09:00,1673.0198781370657,1721.7486124517375,1673.0198781370657,1682.765625,33800,0.0,0.0
2002-02-19 00:00:00+09:00,1682.7654355392008,1689.2625993829815,1627.5395428670647,1653.5281982421875,45800,0.0,0.0
2002-02-20 00:00:00+09:00,1653.5284821830735,1653.5284821830735,1624.2912398654946,1634.0369873046875,55000,0.0,0.0
2002-02-21 00:00:00+09:00,1656.7771205357144,1705.5058593750002,1643.7827901785715,1705.505859375,37400,0.0,0.0
2002-02-22 00:00:00+09:00,1705.5052784407612,1744.488256233693,1676.2680450960625,1712.00244140625,37400,0.0,0.0
2002-02-25 00:00:00+09:00,1715.2513806573277,1715.2513806573277,1673.0198125729617,1695.7598876953125,28000,0.0,0.0
2002-02-26 00:00:00+09:00,1676.268071212168,1689.2623973455957,1650.2794189453125,1650.2794189453125,39600,0.0,0.0
2002-02-27 00:00:00+09:00,1679.5167236328125,1679.5167236328125,1630.7879985757677,1679.5167236328125,91200,0.0,0.0
2002-02-28 00:00:00+09:00,1689.2619740986777,1712.0020391346216,1627.5389404296875,1627.5389404296875,92600,0.0,0.0
2002-03-01 00:00:00+09:00,1705.5055878852884,1786.7201396893497,1695.759841668801,1783.4715576171875,120200,0.0,0.0
2002-03-04 00:00:00+09:00,1799.7145697939714,1835.448974609375,1780.2230762582965,1835.448974609375,59600,0.0,0.0
2002-03-05 00:00:00+09:00,1770.4769162778503,1786.7198237666378,1744.48826429579,1754.2340087890625,71800,0.0,0.0
2002-03-06 00:00:00+09:00,1754.2345919130462,1767.228922223513,1728.2459312921121,1747.7374267578125,25600,0.0,0.0
2002-03-07 00:00:00+09:00,1812.7081000145445,1835.4481657853362,1747.736483526568,1832.1995849609375,58600,0.0,0.0
2002-03-08 00:00:00+09:00,1734.7425198025176,1851.6914537217883,1734.7425198025176,1754.2340087890625,187200,0.0,0.0
2002-03-11 00:00:00+09:00,1754.234855405746,1812.7093505859375,1750.9862723401798,1812.7093505859375,54800,0.0,0.0
2002-03-12 00:00:00+09:00,1760.7311717845776,1780.2226607711227,1754.2340087890627,1754.2340087890625,52000,0.0,0.0
2002-03-13 00:00:00+09:00,1741.2395480432244,1783.4711042457652,1737.990966796875,1737.990966796875,53800,0.0,0.0
2002-03-14 00:00:00+09:00,1770.4767903794339,1780.2225341796877,1728.2452339116676,1780.2225341796875,51400,0.0,0.0
2002-03-15 00:00:00+09:00,1747.736721512175,1780.2225341796877,1741.2395589786727,1780.2225341796875,39000,0.0,0.0
2002-03-18 00:00:00+09:00,1786.7199595040136,1799.7142864822247,1760.7313055475915,1770.47705078125,100600,0.0,0.0
2002-03-19 00:00:00+09:00,1802.9629373378273,1802.9629373378273,1770.4771186470555,1799.71435546875,96000,0.0,0.0
2002-03-20 00:00:00+09:00,1799.7139417739786,1832.1997529973355,1786.7196172846357,1828.951171875,98400,0.0,0.0
2002-03-21 00:00:00+09:00,1828.951171875,1828.951171875,1828.951171875,1828.951171875,0,0.0,0.0
2002-03-22 00:00:00+09:00,1770.4769256824754,1770.4769256824754,1699.0081323521738,1702.2567138671875,85800,0.0,0.0
2002-03-25 00:00:00+09:00,1705.5056881594967,1770.4773334227157,1702.2571058963358,1750.98583984375,30000,0.0,0.0
2002-03-26 00:00:00+09:00,1793.453283556273,1793.453283556273,1737.9183002767527,1770.5859375,31800,15.0,0.0
2002-03-27 00:00:00+09:00,1715.050909492407,1790.18647314636,1698.717091306765,1744.4517822265625,58000,0.0,0.0
2002-03-28 00:00:00+09:00,1744.45186884263,1777.1195068359375,1705.2507032506605,1777.1195068359375,45600,0.0,0.0
2002-03-29 00:00:00+09:00,1764.053158557553,1767.319923665993,1682.384030846555,1692.184326171875,32800,0.0,0.0
2002-04-01 00:00:00+09:00,1724.8515211838942,1724.8515211838942,1682.3835860032302,1698.7174072265625,31200,0.0,0.0
2002-04-02 00:00:00+09:00,1724.8520985784548,1728.1188639166717,1701.9847412109375,1701.9847412109375,28600,0.0,0.0
2002-04-03 00:00:00+09:00,1701.9840924681469,1744.4520256775247,1698.7173283751176,1734.6517333984375,23000,0.0,0.0
2002-04-04 00:00:00+09:00,1747.7189531485533,1767.3195395390044,1737.9186599533277,1760.7860107421875,31200,0.0,0.0
2002-04-05 00:00:00+09:00,1764.0524516386145,1780.3862706352681,1750.9853964412914,1777.1195068359375,40400,0.0,0.0
2002-04-08 00:00:00+09:00,1780.3862286669741,1783.6529923892988,1757.518882610701,1770.5859375,65000,0.0,0.0
2002-04-09 00:00:00+09:00,1777.1198348999023,1780.3865993022919,1669.316609621048,1672.5833740234375,69000,0.0,0.0
2002-04-10 00:00:00+09:00,1682.3841491816368,1724.8520985784548,1682.3841491816368,1701.9847412109375,130200,0.0,0.0
2002-04-11 00:00:00+09:00,1734.6518976688385,1757.5192484855652,1672.5833740234375,1672.5833740234375,55800,0.0,0.0
2002-04-12 00:00:00+09:00,1672.5838974854933,1688.917724609375,1659.5168357863877,1688.917724609375,65800,0.0,0.0
2002-04-15 00:00:00+09:00,1688.917362002876,1698.7176561731053,1656.2497147687777,1659.5164794921875,40400,0.0,0.0
2002-04-16 00:00:00+09:00,1659.5162358265443,1679.1168212890625,1656.249471582791,1679.1168212890625,72800,0.0,0.0
2002-04-17 00:00:00+09:00,1692.183306553567,1695.4500696936318,1675.849490853243,1685.6497802734375,37000,0.0,0.0
2002-04-18 00:00:00+09:00,1685.6502671185663,1708.517615703508,1656.2493903664981,1666.0496826171875,66000,0.0,0.0
2002-04-19 00:00:00+09:00,1688.916873384844,1721.5845111679164,1666.0495269366934,1708.5174560546875,57000,0.0,0.0
2002-04-22 00:00:00+09:00,1715.051227970346,1715.051227970346,1662.7830000702972,1679.1168212890625,87800,0.0,0.0
2002-04-23 00:00:00+09:00,1666.0496826171875,1669.3164467007507,1659.5161544500613,1666.0496826171875,79400,0.0,0.0
2002-04-24 00:00:00+09:00,1656.250160202296,1666.0504570082269,1652.9833946003191,1662.78369140625,233600,0.0,0.0
2002-04-25 00:00:00+09:00,1656.250160202296,1688.9178162220653,1649.7166289983422,1662.78369140625,80200,0.0,0.0
2002-04-26 00:00:00+09:00,1652.9833946003191,1662.78369140625,1633.3828009884576,1662.78369140625,90600,0.0,0.0
2002-04-29 00:00:00+09:00,1662.78369140625,1662.78369140625,1662.78369140625,1662.78369140625,0,0.0,0.0
2002-04-30 00:00:00+09:00,1656.2496767578125,1656.2496767578125,1633.38232421875,1633.38232421875,47600,0.0,0.0
2002-05-01 00:00:00+09:00,1633.3820388977786,1639.9155670533696,1626.8485107421873,1626.8485107421875,63200,0.0,0.0
2002-05-02 00:00:00+09:00,1630.115153969405,1643.182209311845,1626.8483901337947,1636.648681640625,75200,0.0,0.0
2002-05-03 00:00:00+09:00,1636.648681640625,1636.648681640625,1636.648681640625,1636.648681640625,0,0.0,0.0
2002-05-06 00:00:00+09:00,1636.648681640625,1636.648681640625,1636.648681640625,1636.648681640625,0,0.0,0.0
2002-05-07 00:00:00+09:00,1633.3821614583333,1636.64892578125,1617.04833984375,1617.04833984375,45800,0.0,0.0
2002-05-08 00:00:00+09:00,1617.04833984375,1646.44921875,1617.04833984375,1617.04833984375,66200,0.0,0.0
2002-05-09 00:00:00+09:00,1633.3819973853329,1652.982581353957,1620.3149414062502,1620.31494140625,71000,0.0,0.0
2002-05-10 00:00:00+09:00,1626.8484693957914,1626.8484693957914,1600.7143574376262,1620.31494140625,52400,0.0,0.0
2002-05-13 00:00:00+09:00,1600.7146011320815,1617.048423592613,1571.313720703125,1571.313720703125,47600,0.0,0.0
2002-05-14 00:00:00+09:00,1594.1808274872449,1603.9811194595025,1590.9140634964922,1600.71435546875,95400,0.0,0.0
2002-05-15 00:00:00+09:00,1623.5819091796873,1633.3822023940518,1603.9813227509587,1623.5819091796875,42200,0.0,0.0
2002-05-16 00:00:00+09:00,1630.1156388540116,1649.7162276979475,1626.848874046689,1646.449462890625,55200,0.0,0.0
2002-05-17 00:00:00+09:00,1633.3824876315132,1656.2498424583544,1630.11572265625,1630.11572265625,53000,0.0,0.0
2002-05-20 00:00:00+09:00,1649.7155761718752,1656.2491032062192,1630.114995068843,1649.715576171875,70000,0.0,0.0
2002-05-21 00:00:00+09:00,1633.381758586015,1649.7155761718752,1633.381758586015,1649.715576171875,52000,0.0,0.0
2002-05-22 00:00:00+09:00,1636.6492526067761,1643.1827825573023,1617.048662755198,1630.11572265625,107400,0.0,0.0
2002-05-23 00:00:00+09:00,1633.38212187652,1692.1838782640746,1633.38212187652,1679.1168212890625,56200,0.0,0.0
2002-05-24 00:00:00+09:00,1682.3838325560562,1695.4508914496955,1646.4494205985482,1659.5164794921875,57200,0.0,0.0
2002-05-27 00:00:00+09:00,1669.317106394834,1682.3841678930323,1643.1829833984373,1643.1829833984375,39400,0.0,0.0
2002-05-28 00:00:00+09:00,1617.0488604020406,1643.1829833984373,1617.0488604020406,1643.1829833984375,34200,0.0,0.0
2002-05-29 00:00:00+09:00,1633.3824876315132,1659.5166074336173,1630.11572265625,1630.11572265625,85800,0.0,0.0
2002-05-30 00:00:00+09:00,1630.11572265625,1636.6492526067761,1620.315427730461,1630.11572265625,30600,0.0,0.0
2002-05-31 00:00:00+09:00,1630.115233390562,1633.3819973853329,1617.0481774114794,1620.31494140625,44000,0.0,0.0
2002-06-03 00:00:00+09:00,1626.8487929996295,1666.0499687345605,1617.048499065897,1652.98291015625,48000,0.0,0.0
2002-06-04 00:00:00+09:00,1639.915285620359,1662.7826302405633,1623.5814680344988,1649.715576171875,58400,0.0,0.0
2002-06-05 00:00:00+09:00,1659.5160284898952,1659.5160284898952,1636.648681640625,1636.648681640625,46000,0.0,0.0
2002-06-06 00:00:00+09:00,1626.848716546681,1633.3822455287964,1581.1140136718748,1581.114013671875,72000,0.0,0.0
2002-06-07 00:00:00+09:00,1597.4479130859377,1633.38232421875,1590.9143837890626,1633.38232421875,39600,0.0,0.0
2002-06-10 00:00:00+09:00,1630.115233390562,1633.3819973853329,1617.0481774114794,1620.31494140625,29000,0.0,0.0
2002-06-11 00:00:00+09:00,1626.848231551671,1656.2491032062192,1617.0479410001549,1649.715576171875,52800,0.0,0.0
2002-06-12 00:00:00+09:00,1633.3820388977786,1636.648802975574,1617.0482185088008,1626.8485107421875,40800,0.0,0.0
2002-06-13 00:00:00+09:00,1633.3822031490138,1633.3822031490138,1587.6475014608416,1594.1810302734375,65200,0.0,0.0
2002-06-14 00:00:00+09:00,1584.3809030445052,1603.9814915357774,1545.1797260619608,1561.5135498046875,201400,0.0,0.0
2002-06-17 00:00:00+09:00,1551.713094508394,1577.847209784325,1535.3792724609375,1535.3792724609375,66400,0.0,0.0
2002-06-18 00:00:00+09:00,1551.7132555590515,1561.5135498046877,1535.3794318163245,1561.5135498046875,41800,0.0,0.0
2002-06-19 00:00:00+09:00,1568.0470043460266,1568.0470043460266,1470.0440665744,1479.8443603515625,95200,0.0,0.0
2002-06-20 00:00:00+09:00,1496.178100321143,1512.5119223770505,1479.8442782652353,1505.9783935546875,64800,0.0,0.0
2002-06-21 00:00:00+09:00,1502.7114654005618,1538.6458700079666,1483.1108810692501,1489.6444091796875,51000,0.0,0.0
2002-06-24 00:00:00+09:00,1496.178099547041,1551.713094508394,1496.178099547041,1535.3792724609375,41400,0.0,0.0
2002-06-25 00:00:00+09:00,1535.3792724609375,1541.9128012799201,1525.5789792324633,1535.3792724609375,46400,0.0,0.0
2002-06-26 00:00:00+09:00,1502.7112572594026,1509.2447844648782,1476.5771484375,1476.5771484375,40400,0.0,0.0
2002-06-27 00:00:00+09:00,1486.3778895363378,1496.1781833135003,1476.577595759175,1479.8443603515625,17400,0.0,0.0
2002-06-28 00:00:00+09:00,1483.11131571107,1545.1798509500793,1483.11131571107,1541.9130859375,48400,0.0,0.0
2002-07-01 00:00:00+09:00,1574.5797868964557,1574.5797868964557,1541.9121564629193,1558.2459716796875,24000,0.0,0.0
2002-07-02 00:00:00+09:00,1574.5802810668945,1581.1138092041015,1548.4461685180663,1568.0467529296875,33800,0.0,0.0
2002-07-03 00:00:00+09:00,1571.313718722268,1617.0484215541012,1561.5134252583036,1610.514892578125,71000,0.0,0.0
2002-07-04 00:00:00+09:00,1626.8486738320787,1633.3822026426492,1597.447794184511,1613.7816162109375,28200,0.0,0.0
2002-07-05 00:00:00+09:00,1597.4477946797356,1617.0483811175238,1581.1139726482454,1594.1810302734375,26200,0.0,0.0
2002-07-08 00:00:00+09:00,1577.8465499398094,1581.113312983163,1519.044815159444,1558.2459716796875,79000,0.0,0.0
2002-07-09 00:00:00+09:00,1554.979897743414,1581.1140136718748,1545.1796042702413,1581.114013671875,51000,0.0,0.0
2002-07-10 00:00:00+09:00,1581.1136876455744,1600.7142705502715,1568.0466323757762,1577.846923828125,56200,0.0,0.0
2002-07-11 00:00:00+09:00,1584.3806142149988,1584.3806142149988,1564.780029296875,1564.780029296875,32600,0.0,0.0
2002-07-12 00:00:00+09:00,1607.2478834502551,1607.2478834502551,1584.380535514987,1600.71435546875,53600,0.0,0.0
2002-07-15 00:00:00+09:00,1568.0467084221748,1581.113764325693,1532.1123046875,1532.1123046875,25800,0.0,0.0
2002-07-16 00:00:00+09:00,1499.4450732421874,1509.2453678385416,1470.044189453125,1470.044189453125,79400,0.0,0.0
2002-07-17 00:00:00+09:00,1486.377685546875,1489.6444496909342,1456.9768082503435,1486.377685546875,85200,0.0,0.0
2002-07-18 00:00:00+09:00,1492.9113372665884,1492.9113372665884,1447.1766354684871,1456.9769287109375,75800,0.0,0.0
2002-07-19 00:00:00+09:00,1440.643106640187,1466.7772219533877,1440.643106640187,1456.9769287109375,58800,0.0,0.0
2002-07-22 00:00:00+09:00,1460.2431280639378,1499.444285864312,1460.2431280639378,1473.3101806640625,43400,0.0,0.0
2002-07-23 00:00:00+09:00,1460.2431280639378,1502.711049014343,1460.2431280639378,1473.3101806640625,65600,0.0,0.0
2002-07-24 00:00:00+09:00,1486.378013780382,1489.6447786458332,1470.044189453125,1470.044189453125,50400,0.0,0.0
2002-07-25 00:00:00+09:00,1486.3780555640137,1499.445115393148,1466.7774658203125,1466.7774658203125,33200,0.0,0.0
2002-07-26 00:00:00+09:00,1483.1110879312212,1483.1110879312212,1411.2422686922632,1414.509033203125,58000,0.0,0.0
2002-07-29 00:00:00+09:00,1424.30932673571,1447.176678311742,1394.9084461379546,1414.509033203125,45800,0.0,0.0
2002-07-30 00:00:00+09:00,1414.5088706302204,1440.6429837134579,1411.2421064948157,1417.775634765625,45000,0.0,0.0
2002-07-31 00:00:00+09:00,1421.042439305505,1427.575967762082,1401.441853935774,1404.7086181640625,61600,0.0,0.0
2002-08-01 00:00:00+09:00,1404.70873967054,1414.509033203125,1398.1752106488163,1414.509033203125,15000,0.0,0.0
2002-08-02 00:00:00+09:00,1411.2421064948157,1437.376219578053,1398.175049953197,1417.775634765625,73400,0.0,0.0
2002-08-05 00:00:00+09:00,1404.708577093677,1430.8426901558848,1388.374756429797,1398.175048828125,17200,0.0,0.0
2002-08-06 00:00:00+09:00,1388.3750808071084,1401.4421403911754,1372.0412563270247,1391.641845703125,34800,0.0,0.0
2002-08-07 00:00:00+09:00,1391.6415205625729,1424.309161890333,1381.841228164245,1398.175048828125,76400,0.0,0.0
2002-08-08 00:00:00+09:00,1401.4420140932684,1437.3764247110444,1401.4420140932684,1430.8428955078125,76600,0.0,0.0
2002-08-09 00:00:00+09:00,1417.7761526729284,1453.7105712890627,1417.7761526729284,1453.7105712890625,55000,0.0,0.0
2002-08-12 00:00:00+09:00,1453.7100815883903,1453.7100815883903,1404.7086181640625,1404.7086181640625,40000,0.0,0.0
2002-08-13 00:00:00+09:00,1404.7087803593388,1421.042603386773,1391.6417219373914,1411.2423095703125,26400,0.0,0.0
2002-08-14 00:00:00+09:00,1394.9085637746475,1434.1097412109373,1391.64179898829,1434.1097412109375,34600,0.0,0.0
2002-08-15 00:00:00+09:00,1450.4434831175085,1450.4434831175085,1417.7758371013483,1430.8428955078125,32600,0.0,0.0
2002-08-16 00:00:00+09:00,1453.710613078899,1466.777674769496,1447.1770822336007,1450.44384765625,41600,0.0,0.0
2002-08-19 00:00:00+09:00,1460.2438595017973,1460.2438595017973,1391.64179898829,1434.1097412109375,42600,0.0,0.0
2002-08-20 00:00:00+09:00,1450.4433173601017,1450.4433173601017,1398.1750897074853,1404.7086181640625,34200,0.0,0.0
2002-08-21 00:00:00+09:00,1401.4420157538518,1421.042603386773,1394.9084865428783,1411.2423095703125,40600,0.0,0.0
2002-08-22 00:00:00+09:00,1404.7083720222847,1434.1092449250768,1394.9080810546875,1394.9080810546875,58200,0.0,0.0
2002-08-23 00:00:00+09:00,1394.9080810546875,1394.9080810546875,1394.9080810546875,1394.9080810546875,0,0.0,0.0
2002-08-26 00:00:00+09:00,1378.5743888751415,1447.1764319234305,1378.5743888751415,1443.90966796875,38000,0.0,0.0
2002-08-27 00:00:00+09:00,1427.5759260231089,1427.5759260231089,1398.175048828125,1398.175048828125,38600,0.0,0.0
2002-08-28 00:00:00+09:00,1394.908570775446,1401.4421003809514,1378.5747467616818,1385.1082763671875,41000,0.0,0.0
2002-08-29 00:00:00+09:00,1381.8414315359933,1391.6417253766742,1372.0411376953125,1372.0411376953125,45400,0.0,0.0
2002-08-30 00:00:00+09:00,1375.3080212230416,1391.641845703125,1372.0412563270247,1391.641845703125,38200,0.0,0.0
2002-09-02 00:00:00+09:00,1375.3079434852327,1378.574708196599,1358.974119928401,1368.7744140625,49600,0.0,0.0
2002-09-03 00:00:00+09:00,1375.3077383689508,1375.3077383689508,1342.6400961274082,1345.9068603515625,76600,0.0,0.0
2002-09-04 00:00:00+09:00,1352.44014554311,1355.7069091796875,1345.9066182699548,1355.7069091796875,75800,0.0,0.0
2002-09-05 00:00:00+09:00,1365.5073637294308,1365.5073637294308,1345.9067795610658,1352.4403076171875,43600,0.0,0.0
2002-09-06 00:00:00+09:00,1355.7072340255665,1385.108113799615,1345.9069407675504,1378.5745849609375,52400,0.0,0.0
2002-09-09 00:00:00+09:00,1362.2408413120083,1407.9755458164882,1362.2408413120083,1401.4420166015625,66000,0.0,0.0
2002-09-10 00:00:00+09:00,1421.0421903016138,1424.3089539574794,1381.8410264312245,1394.9080810546875,44600,0.0,0.0
2002-09-11 00:00:00+09:00,1411.242350638051,1434.1097035419084,1394.9085271352958,1407.9755859375,60200,0.0,0.0
2002-09-12 00:00:00+09:00,1378.5745849609375,1385.108113799615,1378.5745849609375,1378.5745849609375,69600,0.0,0.0
2002-09-13 00:00:00+09:00,1372.0414177389705,1391.642009420956,1365.5078871783087,1388.375244140625,191000,0.0,0.0
2002-09-16 00:00:00+09:00,1388.375244140625,1388.375244140625,1388.375244140625,1388.375244140625,0,0.0,0.0
2002-09-17 00:00:00+09:00,1391.641561805655,1430.842732560744,1391.641561805655,1424.3092041015625,62200,0.0,0.0
2002-09-18 00:00:00+09:00,1427.576448659147,1453.7105712890627,1404.7090913579707,1453.7105712890625,52600,0.0,0.0
2002-09-19 00:00:00+09:00,1437.3761850660403,1499.4447021484375,1437.3761850660403,1499.4447021484375,93200,0.0,0.0
2002-09-20 00:00:00+09:00,1483.1112489149305,1499.4450732421874,1443.9100705295139,1470.044189453125,60400,0.0,0.0
2002-09-23 00:00:00+09:00,1470.044189453125,1470.044189453125,1470.044189453125,1470.044189453125,0,0.0,0.0
2002-09-24 00:00:00+09:00,1466.777139086242,1466.777139086242,1378.574504887292,1424.3092041015625,106400,0.0,0.0
2002-09-25 00:00:00+09:00,1394.704530241344,1411.1515176262653,1384.836337810391,1401.2833251953125,89600,15.0,0.0
2002-09-26 00:00:00+09:00,1404.5727226722968,1411.1515176262653,1391.4151327643594,1401.2833251953125,63000,0.0,0.0
2002-09-27 00:00:00+09:00,1411.1515176262653,1440.756094919124,1394.704530241344,1401.2833251953125,119800,0.0,0.0
2002-09-30 00:00:00+09:00,1391.4151327643594,1401.2833251953125,1368.3893504254695,1401.2833251953125,140400,0.0,0.0
2002-10-01 00:00:00+09:00,1411.1515540813577,1430.887939453125,1378.2575784617457,1430.887939453125,104400,0.0,0.0
2002-10-02 00:00:00+09:00,1430.888562623527,1430.888562623527,1378.2581787109375,1378.2581787109375,44200,0.0,0.0
2002-10-03 00:00:00+09:00,1397.993982755221,1414.4409707876353,1365.1000066903923,1368.389404296875,75400,0.0,0.0
2002-10-04 00:00:00+09:00,1371.6793212890625,1378.2581189930868,1358.521725881014,1371.6793212890625,34800,0.0,0.0
2002-10-07 00:00:00+09:00,1355.2320241521775,1355.2320241521775,1299.3122561653158,1312.4698486328125,51000,0.0,0.0
2002-10-08 00:00:00+09:00,1315.7591552734375,1338.7849404907226,1302.601563720703,1315.7591552734375,79800,0.0,0.0
2002-10-09 00:00:00+09:00,1312.4696955848578,1312.4696955848578,1296.0227069183811,1309.1802978515625,88600,0.0,0.0
2002-10-10 00:00:00+09:00,1309.1806339292743,1319.0488296624096,1299.312438196139,1305.8912353515625,83000,0.0,0.0
2002-10-11 00:00:00+09:00,1332.2064829937578,1335.4958817171992,1309.1806919296682,1325.627685546875,64200,0.0,0.0
2002-10-14 00:00:00+09:00,1325.627685546875,1325.627685546875,1325.627685546875,1325.627685546875,0,0.0,0.0
2002-10-15 00:00:00+09:00,1328.916746826172,1332.2061447143556,1305.8909616088868,1315.7591552734375,128400,0.0,0.0
2002-10-16 00:00:00+09:00,1348.6534766109648,1358.5216727812888,1325.627685546875,1325.627685546875,132600,0.0,0.0
2002-10-17 00:00:00+09:00,1325.6272614346158,1365.1000334872595,1325.6272614346158,1345.3636474609375,136400,0.0,0.0
2002-10-18 00:00:00+09:00,1361.8106983491102,1365.1000961712095,1338.7849135944152,1351.9425048828125,141800,0.0,0.0
2002-10-21 00:00:00+09:00,1374.968080357143,1401.2832589285715,1371.6786830357144,1381.546875,102800,0.0,0.0
2002-10-22 00:00:00+09:00,1381.5467948344215,1384.8361919649797,1315.7588522232586,1322.337646484375,67000,0.0,0.0
2002-10-23 00:00:00+09:00,1305.8907228979735,1368.38927134901,1282.8649418896969,1328.91650390625,156600,0.0,0.0
2002-10-24 00:00:00+09:00,1332.2058378760494,1358.5210149205145,1309.1800579621424,1322.337646484375,95600,0.0,0.0
2002-10-25 00:00:00+09:00,1325.6271536075367,1414.4408835018382,1325.6271536075367,1397.993896484375,94600,0.0,0.0
2002-10-28 00:00:00+09:00,1414.4412841796875,1414.4412841796875,1381.5473008266715,1414.4412841796875,48600,0.0,0.0
2002-10-29 00:00:00+09:00,1414.4412231445312,1424.3094177246094,1397.9942321777344,1407.8624267578125,32000,0.0,0.0
2002-10-30 00:00:00+09:00,1407.8623101370674,1473.6502685546875,1404.5729122161865,1473.6502685546875,94000,0.0,0.0
2002-10-31 00:00:00+09:00,1499.9655174545094,1559.1746826171875,1476.939731002357,1559.1746826171875,147600,0.0,0.0
2002-11-01 00:00:00+09:00,1559.174958636047,1559.174958636047,1506.544580285463,1549.3067626953125,71600,0.0,0.0
2002-11-04 00:00:00+09:00,1549.3067626953125,1549.3067626953125,1549.3067626953125,1549.3067626953125,0,0.0,0.0
2002-11-05 00:00:00+09:00,1562.4641732900625,1562.4641732900625,1496.676208098902,1516.41259765625,62600,0.0,0.0
2002-11-06 00:00:00+09:00,1542.727448159076,1559.174435879322,1526.28046043883,1546.016845703125,52400,0.0,0.0
2002-11-07 00:00:00+09:00,1542.7278750166936,1542.7278750166936,1463.7823121160525,1539.4384765625,53400,0.0,0.0
2002-11-08 00:00:00+09:00,1532.8593718016514,1532.8593718016514,1506.544189453125,1506.544189453125,27200,0.0,0.0
2002-11-11 00:00:00+09:00,1473.650390625,1473.650390625,1407.8624267578125,1407.8624267578125,54400,0.0,0.0
2002-11-12 00:00:00+09:00,1397.994143139034,1470.360898783878,1388.1259491874641,1437.4669189453125,60000,0.0,0.0
2002-11-13 00:00:00+09:00,1434.1775509882634,1450.6245412518902,1407.8623665664604,1427.5987548828125,24600,0.0,0.0
2002-11-14 00:00:00+09:00,1444.045837263942,1467.0716251018637,1424.3094476885806,1450.6246337890625,47400,0.0,0.0
2002-11-15 00:00:00+09:00,1467.0719883160496,1496.676580008526,1397.9946077002714,1476.940185546875,87800,0.0,0.0
2002-11-18 00:00:00+09:00,1493.3867797851562,1516.4125671386719,1483.5185852050781,1499.965576171875,82000,0.0,0.0
2002-11-19 00:00:00+09:00,1503.2543159452118,1536.1482834713654,1483.5179354295199,1532.85888671875,90400,0.0,0.0
2002-11-20 00:00:00+09:00,1532.85967862404,1578.9112569518009,1529.570280172057,1552.5960693359375,67800,0.0,0.0
2002-11-21 00:00:00+09:00,1575.621615774263,1634.8307787887447,1572.332217829014,1618.3837890625,104400,0.0,0.0
2002-11-22 00:00:00+09:00,1634.8303175610897,1638.1197145783153,1601.9363473888345,1621.6727294921875,74600,0.0,0.0
2002-11-25 00:00:00+09:00,1605.2261360012753,1618.3837272799744,1595.3579425422513,1611.804931640625,43400,0.0,0.0
2002-11-26 00:00:00+09:00,1611.80524147163,1615.094639923613,1552.5960693359375,1552.5960693359375,28800,0.0,0.0
2002-11-27 00:00:00+09:00,1519.7017303466798,1598.6472747802734,1519.7017303466798,1578.910888671875,74800,0.0,0.0
2002-11-28 00:00:00+09:00,1595.358061327713,1595.358061327713,1552.595886488001,1559.1746826171875,45200,0.0,0.0
2002-11-29 00:00:00+09:00,1532.859187117867,1555.8849688986072,1513.122802734375,1513.122802734375,94800,0.0,0.0
2002-12-02 00:00:00+09:00,1513.122802734375,1513.122802734375,1513.122802734375,1513.122802734375,0,0.0,0.0
2002-12-03 00:00:00+09:00,1529.570190694482,1529.570190694482,1506.544402877576,1516.41259765625,79400,0.0,0.0
2002-12-04 00:00:00+09:00,1516.4123844295352,1519.7017822265625,1490.0972020533177,1519.7017822265625,65400,0.0,0.0
2002-12-05 00:00:00+09:00,1509.8330269872615,1509.8330269872615,1486.8072509765625,1486.8072509765625,44600,0.0,0.0
2002-12-06 00:00:00+09:00,1490.0972883931709,1493.3866863807937,1463.7821044921875,1463.7821044921875,41000,0.0,0.0
2002-12-09 00:00:00+09:00,1480.2291870117188,1480.2291870117188,1434.1776123046875,1434.1776123046875,69800,0.0,0.0
2002-12-10 00:00:00+09:00,1434.1775515482307,1467.0715320883278,1430.888153494221,1440.75634765625,76200,0.0,0.0
2002-12-11 00:00:00+09:00,1444.0461947774568,1480.229584623817,1444.0461947774568,1476.940185546875,75000,0.0,0.0
2002-12-12 00:00:00+09:00,1476.9398824565774,1476.9398824565774,1437.4671016336845,1444.0458984375,20200,0.0,0.0
2002-12-13 00:00:00+09:00,1411.1519169327246,1440.756502602642,1394.7049248938818,1404.5731201171875,164400,0.0,0.0
2002-12-16 00:00:00+09:00,1421.0198003266034,1440.7561864422507,1384.83642578125,1384.83642578125,80400,0.0,0.0
2002-12-17 00:00:00+09:00,1397.9941414786388,1414.4411313783874,1394.704743498689,1411.1517333984375,43400,0.0,0.0
2002-12-18 00:00:00+09:00,1411.1518869987597,1421.020082012737,1388.1260986328125,1388.1260986328125,117800,0.0,0.0
2002-12-19 00:00:00+09:00,1404.5729374385382,1414.4411313783874,1397.9941414786388,1411.1517333984375,88800,0.0,0.0
2002-12-20 00:00:00+09:00,1493.3865966796875,1532.8593701602078,1476.9396077294707,1493.3865966796875,171000,0.0,0.0
2002-12-23 00:00:00+09:00,1493.3865966796875,1493.3865966796875,1493.3865966796875,1493.3865966796875,0,0.0,0.0
2002-12-24 00:00:00+09:00,1559.1748672876604,1562.4642657418538,1532.8596796541133,1539.4384765625,104400,0.0,0.0
2002-12-25 00:00:00+09:00,1546.0164737292114,1559.1740607396728,1522.990696460904,1532.85888671875,59000,0.0,0.0
2002-12-26 00:00:00+09:00,1542.7278739799888,1572.332460047835,1539.4384755280057,1552.5960693359375,53800,0.0,0.0
2002-12-27 00:00:00+09:00,1555.8851657724974,1588.7791439072225,1555.8851657724974,1585.48974609375,49200,0.0,0.0
2002-12-30 00:00:00+09:00,1585.489747600791,1598.6473388671875,1575.6215541509935,1598.6473388671875,59400,0.0,0.0
2002-12-31 00:00:00+09:00,1598.6473388671875,1598.6473388671875,1598.6473388671875,1598.6473388671875,0,0.0,0.0
2003-01-01 00:00:00+09:00,1598.6473388671875,1598.6473388671875,1598.6473388671875,1598.6473388671875,0,0.0,0.0
2003-01-02 00:00:00+09:00,1598.6473388671875,1598.6473388671875,1598.6473388671875,1598.6473388671875,0,0.0,0.0
2003-01-03 00:00:00+09:00,1598.6473388671875,1598.6473388671875,1598.6473388671875,1598.6473388671875,0,0.0,0.0
2003-01-06 00:00:00+09:00,1598.647340361926,1618.3837272799744,1598.647340361926,1611.804931640625,51600,0.0,0.0
2003-01-07 00:00:00+09:00,1611.8050521786743,1615.0944502443451,1562.4640811936129,1572.332275390625,51000,0.0,0.0
2003-01-08 00:00:00+09:00,1572.3323675289844,1582.200562304271,1542.727783203125,1542.727783203125,42400,0.0,0.0
2003-01-09 00:00:00+09:00,1542.7276922942212,1559.1746826171875,1542.7276922942212,1559.1746826171875,24400,0.0,0.0
2003-01-10 00:00:00+09:00,1559.1742887676887,1585.4894666371856,1532.8591108981918,1569.04248046875,72000,0.0,0.0
2003-01-13 00:00:00+09:00,1569.04248046875,1569.04248046875,1569.04248046875,1569.04248046875,0,0.0,0.0
2003-01-14 00:00:00+09:00,1569.042847441041,1592.0686334621882,1569.042847441041,1582.200439453125,79600,0.0,0.0
2003-01-15 00:00:00+09:00,1569.042695617676,1611.8048655192058,1569.042695617676,1578.910888671875,54400,0.0,0.0
2003-01-16 00:00:00+09:00,1582.200411664761,1621.673187007749,1582.200411664761,1618.3837890625,62800,0.0,0.0
2003-01-17 00:00:00+09:00,1585.4895332920871,1592.0683280360377,1578.9107385481366,1588.7789306640625,25400,0.0,0.0
2003-01-20 00:00:00+09:00,1555.8854389890996,1565.753634162392,1522.991455078125,1522.991455078125,57200,0.0,0.0
2003-01-21 00:00:00+09:00,1529.570280172057,1572.332460047835,1499.9656941042108,1552.5960693359375,91800,0.0,0.0
2003-01-22 00:00:00+09:00,1536.1488602198913,1536.1488602198913,1450.624512541696,1463.7821044921875,79800,0.0,0.0
2003-01-23 00:00:00+09:00,1463.782430188409,1529.5704045788996,1457.2036327493602,1526.281005859375,106200,0.0,0.0
2003-01-24 00:00:00+09:00,1480.2290071045988,1509.833587246691,1473.6502115174674,1506.544189453125,70000,0.0,0.0
2003-01-27 00:00:00+09:00,1490.0972004852963,1506.544189453125,1473.6502115174674,1506.544189453125,26400,0.0,0.0
2003-01-28 00:00:00+09:00,1473.650786469933,1493.387180931584,1473.650786469933,1476.940185546875,43400,0.0,0.0
2003-01-29 00:00:00+09:00,1493.3869678618141,1493.3869678618141,1450.6247859626874,1453.9141845703125,48600,0.0,0.0
2003-01-30 00:00:00+09:00,1460.492919921875,1463.7823183901676,1447.3353260487052,1460.492919921875,32200,0.0,0.0
2003-01-31 00:00:00+09:00,1457.2032177843855,1476.9396044812395,1437.4668310875315,1467.0714111328125,64400,0.0,0.0
2003-02-03 00:00:00+09:00,1480.2289581298828,1578.910888671875,1470.3607650756837,1578.910888671875,101400,0.0,0.0
2003-02-04 00:00:00+09:00,1582.2001700479477,1605.2259521484375,1572.3319777191664,1605.2259521484375,111000,0.0,0.0
2003-02-05 00:00:00+09:00,1588.7790137757647,1588.7790137757647,1546.0168457031252,1546.016845703125,27800,0.0,0.0
2003-02-06 00:00:00+09:00,1549.3066422069048,1549.3066422069048,1513.1232599048326,1522.991455078125,23600,0.0,0.0
2003-02-07 00:00:00+09:00,1536.1492020179485,1539.438600737473,1503.2552148227035,1526.281005859375,17800,0.0,0.0
2003-02-10 00:00:00+09:00,1539.4384765625,1539.4384765625,1513.1232889289531,1539.4384765625,16800,0.0,0.0
2003-02-11 00:00:00+09:00,1539.4384765625,1539.4384765625,1539.4384765625,1539.4384765625,0,0.0,0.0
2003-02-12 00:00:00+09:00,1572.3322753906252,1578.9110715219667,1572.3322753906252,1572.332275390625,60600,0.0,0.0
2003-02-13 00:00:00+09:00,1575.6210445027496,1575.6210445027496,1532.85888671875,1532.85888671875,55600,0.0,0.0
2003-02-14 00:00:00+09:00,1529.5704045788996,1532.859803298424,1506.5446135422278,1526.281005859375,131600,0.0,0.0
2003-02-17 00:00:00+09:00,1542.7277834656418,1542.7277834656418,1519.7019956527217,1529.5701904296875,74000,0.0,0.0
2003-02-18 00:00:00+09:00,1542.7279994569976,1542.7279994569976,1503.2552148227035,1526.281005859375,92000,0.0,0.0
2003-02-19 00:00:00+09:00,1529.5701904296875,1539.438385206653,1519.7019956527217,1529.5701904296875,74800,0.0,0.0
2003-02-20 00:00:00+09:00,1546.017398176522,1546.017398176522,1519.7022084203259,1526.281005859375,64200,0.0,0.0
2003-02-21 00:00:00+09:00,1509.8333349609377,1516.4121294487848,1473.649965277778,1480.228759765625,45800,0.0,0.0
2003-02-24 00:00:00+09:00,1483.518492417925,1490.0972883931709,1463.7821044921875,1463.7821044921875,32400,0.0,0.0
2003-02-25 00:00:00+09:00,1450.6246032714844,1463.7821960449219,1434.1776123046875,1434.1776123046875,82000,0.0,0.0
2003-02-26 00:00:00+09:00,1437.4669490409888,1440.756347093714,1421.0199587773618,1427.5987548828125,45000,0.0,0.0
2003-02-27 00:00:00+09:00,1427.5986622679814,1437.466855785963,1407.8622752320186,1417.73046875,49200,0.0,0.0
2003-02-28 00:00:00+09:00,1421.0201121560303,1440.756502602642,1404.5731201171875,1404.5731201171875,47000,0.0,0.0
2003-03-03 00:00:00+09:00,1407.8624267578125,1476.9397888183594,1407.8624267578125,1421.02001953125,65000,0.0,0.0
2003-03-04 00:00:00+09:00,1427.5987548828125,1430.888152935538,1417.7305607246365,1427.5987548828125,25200,0.0,0.0
2003-03-05 00:00:00+09:00,1444.0454923961083,1450.6242873500769,1401.2833251953125,1401.2833251953125,62800,0.0,0.0
2003-03-06 00:00:00+09:00,1417.7305607246365,1463.7821334627918,1417.7305607246365,1427.5987548828125,49000,0.0,0.0
2003-03-07 00:00:00+09:00,1414.4412231445312,1434.1776123046875,1407.8624267578125,1407.8624267578125,33200,0.0,0.0
2003-03-10 00:00:00+09:00,1391.4153768461044,1440.75634765625,1388.1259787920949,1440.75634765625,79400,0.0,0.0
2003-03-11 00:00:00+09:00,1444.0455297009698,1470.3607101966595,1427.598541891164,1430.887939453125,55400,0.0,0.0
2003-03-12 00:00:00+09:00,1421.0199290260296,1444.0457149130254,1421.0199290260296,1437.4669189453125,49000,0.0,0.0
2003-03-13 00:00:00+09:00,1453.9138231991672,1493.3865966796875,1444.0456298290371,1493.3865966796875,97000,0.0,0.0
2003-03-14 00:00:00+09:00,1532.859274312292,1532.859274312292,1476.9395153781527,1483.518310546875,254400,0.0,0.0
2003-03-17 00:00:00+09:00,1486.807920412386,1486.807920412386,1430.888153494221,1440.75634765625,27600,0.0,0.0
2003-03-18 00:00:00+09:00,1463.7820747920443,1503.2548498426163,1463.7820747920443,1473.6502685546875,45600,0.0,0.0
2003-03-19 00:00:00+09:00,1476.9399748236885,1476.9399748236885,1434.1777929245616,1453.9141845703125,35000,0.0,0.0
2003-03-20 00:00:00+09:00,1476.9393973214287,1496.67578125,1460.4924107142858,1496.67578125,41000,0.0,0.0
2003-03-21 00:00:00+09:00,1496.67578125,1496.67578125,1496.67578125,1496.67578125,0,0.0,0.0
2003-03-24 00:00:00+09:00,1496.6760318153783,1562.4639892578125,1496.6760318153783,1562.4639892578125,65400,0.0,0.0
2003-03-25 00:00:00+09:00,1559.1747747605846,1562.464173019573,1522.9913939117102,1529.5701904296875,39000,0.0,0.0
2003-03-26 00:00:00+09:00,1529.5699040339543,1559.3667203463042,1529.5699040339543,1549.4344482421875,27600,15.0,0.0
2003-03-27 00:00:00+09:00,1549.4345809042843,1552.7453385557892,1526.25927734375,1526.25927734375,59200,0.0,0.0
2003-03-28 00:00:00+09:00,1526.2590526933432,1585.8526816488315,1526.2590526933432,1575.92041015625,65400,0.0,0.0
2003-03-31 00:00:00+09:00,1562.6777298850573,1572.610003591954,1440.1796875,1440.1796875,72800,0.0,0.0
2003-04-01 00:00:00+09:00,1423.6259820488062,1496.4626602001404,1423.6259820488062,1473.287353515625,103600,0.0,0.0
2003-04-02 00:00:00+09:00,1489.8410540525153,1489.8410540525153,1450.1119592777816,1476.5980224609375,49000,0.0,0.0
2003-04-03 00:00:00+09:00,1493.1517113504956,1509.7054997246696,1469.976407626652,1503.083984375,81200,0.0,0.0
2003-04-04 00:00:00+09:00,1522.9485420275853,1552.745361328125,1522.9485420275853,1552.745361328125,66600,0.0,0.0
2003-04-07 00:00:00+09:00,1552.7452056102265,1552.7452056102265,1513.0161171937602,1549.4344482421875,39600,0.0,0.0
2003-04-08 00:00:00+09:00,1549.434135469756,1559.366405568921,1539.5018653705908,1542.8126220703125,76000,0.0,0.0
2003-04-09 00:00:00+09:00,1529.5701675907258,1542.813199344758,1513.0163778981853,1539.50244140625,64000,0.0,0.0
2003-04-10 00:00:00+09:00,1529.5704652155791,1585.8533611217802,1529.5704652155791,1582.5426025390625,115400,0.0,0.0
2003-04-11 00:00:00+09:00,1565.9885049143145,1572.6100207913305,1539.50244140625,1539.50244140625,76000,0.0,0.0
2003-04-14 00:00:00+09:00,1509.7052139945652,1559.3665697180707,1509.7052139945652,1522.9482421875,56000,0.0,0.0
2003-04-15 00:00:00+09:00,1539.5024939428401,1579.23159056072,1536.1917358913502,1569.29931640625,61000,0.0,0.0
2003-04-16 00:00:00+09:00,1556.055812669837,1556.055812669837,1522.9482421875,1522.9482421875,82000,0.0,0.0
2003-04-17 00:00:00+09:00,1513.01645068908,1526.2594830802318,1469.9765954178372,1473.287353515625,74200,0.0,0.0
2003-04-18 00:00:00+09:00,1489.84082913022,1489.84082913022,1463.3547699456828,1466.66552734375,67600,0.0,0.0
2003-04-21 00:00:00+09:00,1499.7731959292764,1572.60986328125,1496.4624383223684,1572.60986328125,83800,0.0,0.0
2003-04-22 00:00:00+09:00,1572.6097498184597,1572.6097498184597,1539.502176138071,1549.4344482421875,51400,0.0,0.0
2003-04-23 00:00:00+09:00,1549.4347911275877,1562.6778235303875,1542.8132749261877,1559.3670654296875,30000,0.0,0.0
2003-04-24 00:00:00+09:00,1565.9883699578754,1579.231400570627,1559.3668546514996,1562.6776123046875,45600,0.0,0.0
2003-04-25 00:00:00+09:00,1565.9881591796875,1579.2311880099596,1552.7451303494154,1565.9881591796875,38000,0.0,0.0
2003-04-28 00:00:00+09:00,1565.9883028070979,1585.8528478744183,1556.0560302734375,1556.0560302734375,30200,0.0,0.0
2003-04-29 00:00:00+09:00,1556.0560302734375,1556.0560302734375,1556.0560302734375,1556.0560302734375,0,0.0,0.0
2003-04-30 00:00:00+09:00,1589.1639389822135,1675.24365234375,1589.1639389822135,1675.24365234375,100000,0.0,0.0
2003-05-01 00:00:00+09:00,1645.446566539596,1648.75732421875,1618.960505106363,1648.75732421875,57400,0.0,0.0
2003-05-02 00:00:00+09:00,1645.446566539596,1668.6218702936746,1635.5142935021336,1648.75732421875,66000,0.0,0.0
2003-05-05 00:00:00+09:00,1648.75732421875,1648.75732421875,1648.75732421875,1648.75732421875,0,0.0,0.0
2003-05-06 00:00:00+09:00,1652.0677093808015,1691.7967925723237,1645.4461955155477,1671.9322509765625,50800,0.0,0.0
2003-05-07 00:00:00+09:00,1665.310851573944,1728.2152376174927,1655.3785800933838,1695.107666015625,93000,0.0,0.0
2003-05-08 00:00:00+09:00,1688.4858968586266,1721.5934634636976,1658.6890869140625,1658.6890869140625,36400,0.0,0.0
2003-05-09 00:00:00+09:00,1691.7970550537111,1721.5938720703125,1671.9325103759766,1721.5938720703125,49200,0.0,0.0
2003-05-12 00:00:00+09:00,1721.593510142544,1721.593510142544,1698.4182128906252,1698.418212890625,37200,0.0,0.0
2003-05-13 00:00:00+09:00,1698.4182128906252,1731.5257803933664,1698.4182128906252,1698.418212890625,61600,0.0,0.0
2003-05-14 00:00:00+09:00,1701.7293581495096,1701.7293581495096,1688.486328125,1688.486328125,39800,0.0,0.0
2003-05-15 00:00:00+09:00,1675.2430621350024,1691.796847333965,1662.0000339758326,1665.310791015625,50200,0.0,0.0
2003-05-16 00:00:00+09:00,1658.6892232460552,1675.2430079091894,1652.0677093808015,1671.9322509765625,64800,0.0,0.0
2003-05-19 00:00:00+09:00,1671.9324358047977,1671.9324358047977,1605.7172898323306,1642.1356201171875,73800,0.0,0.0
2003-05-20 00:00:00+09:00,1645.4467964244204,1764.6340895255858,1622.2714894325272,1758.0125732421875,101800,0.0,0.0
2003-05-21 00:00:00+09:00,1695.1078431372548,1718.283145680147,1681.864813112745,1688.486328125,58800,0.0,0.0
2003-05-22 00:00:00+09:00,1688.4866851686018,1688.4866851686018,1671.9328941375372,1675.24365234375,85200,0.0,0.0
2003-05-23 00:00:00+09:00,1678.5539761497862,1701.7292775956412,1665.3109467521547,1668.6217041015625,106600,0.0,0.0
2003-05-26 00:00:00+09:00,1668.6214940439356,1685.17527870707,1665.3107371113088,1671.9322509765625,46600,0.0,0.0
2003-05-27 00:00:00+09:00,1685.1755681773705,1685.1755681773705,1652.0679931640625,1652.0679931640625,34200,0.0,0.0
2003-05-28 00:00:00+09:00,1681.8645217744431,1688.4860356396969,1671.9322509765625,1671.9322509765625,51200,0.0,0.0
2003-05-29 00:00:00+09:00,1688.4865518395168,1688.4865518395168,1658.6897303364665,1662.00048828125,45200,0.0,0.0
2003-05-30 00:00:00+09:00,1668.6222333926817,1705.040575788157,1668.6222333926817,1685.176025390625,71600,0.0,0.0
2003-06-02 00:00:00+09:00,1688.4860356396969,1701.7290633702044,1671.9322509765625,1671.9322509765625,59400,0.0,0.0
2003-06-03 00:00:00+09:00,1691.7975421898022,1701.7298173885683,1675.243750191859,1685.176025390625,46200,0.0,0.0
2003-06-04 00:00:00+09:00,1688.4859960746394,1698.4182666397842,1681.8644823645427,1691.7967529296875,36400,0.0,0.0
2003-06-05 00:00:00+09:00,1701.7293273925782,1721.5938720703125,1691.7970550537111,1721.5938720703125,52800,0.0,0.0
2003-06-06 00:00:00+09:00,1718.2832805524554,1754.7016159784228,1691.7972184244793,1738.1478271484375,62600,0.0,0.0
2003-06-09 00:00:00+09:00,1741.4582968678849,1837.4702562009052,1724.9045107759848,1817.605712890625,80000,0.0,0.0
2003-06-10 00:00:00+09:00,1771.2553602830951,1817.6059678419049,1771.2553602830951,1794.4306640625,47600,0.0,0.0
2003-06-11 00:00:00+09:00,1797.7417646215597,1820.9170728211009,1797.7417646215597,1804.36328125,46600,0.0,0.0
2003-06-12 00:00:00+09:00,1820.9165119993093,1820.9165119993093,1797.7412109375,1797.7412109375,26400,0.0,0.0
2003-06-13 00:00:00+09:00,1764.6336794947335,1801.0520105912476,1754.7014073775024,1777.876708984375,155400,0.0,0.0
2003-06-16 00:00:00+09:00,1810.9842401156768,1817.605754704765,1781.187424464779,1797.7412109375,52200,0.0,0.0
2003-06-17 00:00:00+09:00,1804.3626969459904,1887.1316279985588,1797.741182461785,1830.8487548828125,84600,0.0,0.0
2003-06-18 00:00:00+09:00,1863.9564208984373,1867.2671783067829,1820.9165745899477,1863.9564208984375,79200,0.0,0.0
2003-06-19 00:00:00+09:00,1877.1992452679672,1900.3745445922632,1840.7809177583595,1844.0916748046875,80800,0.0,0.0
2003-06-20 00:00:00+09:00,1877.2000900268556,1883.8216070992607,1854.0247802734375,1854.0247802734375,47600,0.0,0.0
2003-06-23 00:00:00+09:00,1854.0243591197823,1854.0243591197823,1817.6060234942152,1824.2275390625,44600,0.0,0.0
2003-06-24 00:00:00+09:00,1824.2270561667049,1834.1593268899355,1801.0517578125,1801.0517578125,48800,0.0,0.0
2003-06-25 00:00:00+09:00,1801.051955299165,1827.5380134653292,1781.1874116745419,1784.4981689453125,106400,0.0,0.0
2003-06-26 00:00:00+09:00,1820.9165119993093,1824.2272692938536,1771.2551525811464,1797.7412109375,60800,0.0,0.0
2003-06-27 00:00:00+09:00,1820.9171057620765,1844.0924143808666,1794.4310387691737,1807.674072265625,44200,0.0,0.0
2003-06-30 00:00:00+09:00,1824.2278311353211,1877.199964162844,1787.8094896788991,1804.36328125,83800,0.0,0.0
2003-07-01 00:00:00+09:00,1827.5379976407096,1860.6455700617369,1824.227240398607,1830.8487548828125,80800,0.0,0.0
2003-07-02 00:00:00+09:00,1844.0914992330752,1854.023769426431,1807.6731751907703,1850.7130126953125,88800,0.0,0.0
2003-07-03 00:00:00+09:00,1850.7134675056705,1870.5780127740677,1784.4983166110133,1847.4027099609375,125800,0.0,0.0
2003-07-04 00:00:00+09:00,1820.917236328125,1840.7817879971592,1801.052684659091,1820.917236328125,52400,0.0,0.0
2003-07-07 00:00:00+09:00,1797.7415335843111,1807.673807250523,1771.2554704744134,1781.187744140625,73200,0.0,0.0
2003-07-08 00:00:00+09:00,1787.8097756644277,1797.7420521958966,1758.0129460700205,1771.2559814453125,78200,0.0,0.0
2003-07-09 00:00:00+09:00,1771.2558843856468,1777.8774017104531,1748.0805737488254,1761.3236083984375,98600,0.0,0.0
2003-07-10 00:00:00+09:00,1761.3233313838866,1814.2954616510713,1751.3910569587895,1758.0125732421875,74400,0.0,0.0
2003-07-11 00:00:00+09:00,1724.904894510905,1771.2555058797202,1724.904894510905,1748.0802001953125,40800,0.0,0.0
2003-07-14 00:00:00+09:00,1767.9446470424107,1767.9446470424107,1738.1478271484375,1738.1478271484375,21400,0.0,0.0
2003-07-15 00:00:00+09:00,1751.3913756622667,1791.1204805922234,1728.216064453125,1728.216064453125,61600,0.0,0.0
2003-07-16 00:00:00+09:00,1761.3224780832538,1767.943991158755,1728.2149127057492,1734.83642578125,58400,0.0,0.0
2003-07-17 00:00:00+09:00,1721.594072360437,1741.4586193492112,1705.040283203125,1705.040283203125,109000,0.0,0.0
2003-07-18 00:00:00+09:00,1714.9725566975121,1748.080135012136,1705.040283203125,1705.040283203125,49200,0.0,0.0
2003-07-21 00:00:00+09:00,1705.040283203125,1705.040283203125,1705.040283203125,1705.040283203125,0,0.0,0.0
2003-07-22 00:00:00+09:00,1675.24365234375,1695.1082015810277,1658.6898613126853,1675.24365234375,58200,0.0,0.0
2003-07-23 00:00:00+09:00,1698.4182128906252,1714.9719966419957,1652.0676183867874,1698.418212890625,84000,0.0,0.0
2003-07-24 00:00:00+09:00,1681.8645217744431,1695.1075495049506,1661.9999801786819,1671.9322509765625,72000,0.0,0.0
2003-07-25 00:00:00+09:00,1662.000228599846,1662.000228599846,1592.4743226225614,1612.3388671875,129600,0.0,0.0
2003-07-28 00:00:00+09:00,1625.5822845150726,1655.3791084674874,1615.6500098642678,1638.8253173828125,47000,0.0,0.0
2003-07-29 00:00:00+09:00,1668.6218702936746,1668.6218702936746,1638.8250511812878,1648.75732421875,87200,0.0,0.0
2003-07-30 00:00:00+09:00,1632.2038009489424,1645.4468338166826,1618.9607680812026,1638.8253173828125,60200,0.0,0.0
2003-07-31 00:00:00+09:00,1628.8929088334162,1662.0004882812498,1592.474571440799,1662.00048828125,137200,0.0,0.0
2003-08-01 00:00:00+09:00,1678.5535953049728,1678.5535953049728,1618.9599765367489,1632.2030029296875,106800,0.0,0.0
2003-08-04 00:00:00+09:00,1638.824905084104,1642.1356624681123,1618.9603607800543,1622.2711181640625,69400,0.0,0.0
2003-08-05 00:00:00+09:00,1622.2710506251601,1628.8925651175077,1605.717264394291,1615.6495361328125,81400,0.0,0.0
2003-08-06 00:00:00+09:00,1615.6498922552944,1638.8251980868251,1592.4745864237634,1602.4068603515625,78600,0.0,0.0
2003-08-07 00:00:00+09:00,1605.7172438860425,1645.4463303327075,1605.7172438860425,1625.581787109375,88600,0.0,0.0
2003-08-08 00:00:00+09:00,1625.5820650033297,1632.2035805430583,1589.1637295348235,1592.4744873046875,78800,0.0,0.0
2003-08-11 00:00:00+09:00,1605.7176183274955,1632.2036821349593,1592.4745864237634,1602.4068603515625,38400,0.0,0.0
2003-08-12 00:00:00+09:00,1615.649603396046,1635.5141477000957,1609.0280886280295,1622.2711181640625,48600,0.0,0.0
2003-08-13 00:00:00+09:00,1628.8930815077317,1638.825356394974,1602.4070151417525,1605.7177734375,69600,0.0,0.0
2003-08-14 00:00:00+09:00,1605.7177734374998,1612.3392900289948,1599.096256846005,1605.7177734375,76400,0.0,0.0
2003-08-15 00:00:00+09:00,1599.095703125,1599.095703125,1599.095703125,1599.095703125,69000,0.0,0.0
2003-08-18 00:00:00+09:00,1609.0280216404649,1642.135594102203,1602.4065071481173,1615.6495361328125,47400,0.0,0.0
2003-08-19 00:00:00+09:00,1618.9603607800543,1635.5141477000957,1602.406573860013,1622.2711181640625,45200,0.0,0.0
2003-08-20 00:00:00+09:00,1622.2710763254472,1642.1356201171875,1612.3388044295773,1642.1356201171875,55000,0.0,0.0
2003-08-21 00:00:00+09:00,1642.1358088604418,1662.0003549353664,1638.8250511812878,1648.75732421875,57000,0.0,0.0
2003-08-22 00:00:00+09:00,1662.0001375792456,1671.932409317767,1612.3387788866387,1615.6495361328125,69800,0.0,0.0
2003-08-25 00:00:00+09:00,1615.6495908886316,1625.5818629637665,1589.1635320216049,1609.028076171875,72000,0.0,0.0
2003-08-26 00:00:00+09:00,1605.7176183274955,1605.7176183274955,1592.4745864237634,1602.4068603515625,45400,0.0,0.0
2003-08-27 00:00:00+09:00,1592.4746227666797,1592.4746227666797,1559.36704225178,1569.29931640625,111000,0.0,0.0
2003-08-28 00:00:00+09:00,1552.745406148758,1552.745406148758,1529.5701015793738,1532.880859375,153400,0.0,0.0
2003-08-29 00:00:00+09:00,1536.1914187700322,1552.7452056102265,1529.5699040339543,1549.4344482421875,61000,0.0,0.0
2003-09-01 00:00:00+09:00,1549.434648353132,1549.434648353132,1522.948585988121,1532.880859375,89600,0.0,0.0
2003-09-02 00:00:00+09:00,1549.4350167118855,1585.8533611217802,1542.81349954645,1582.5426025390625,116200,0.0,0.0
2003-09-03 00:00:00+09:00,1618.9602933789863,1642.135594102203,1602.4065071481173,1615.6495361328125,128800,0.0,0.0
2003-09-04 00:00:00+09:00,1731.5259947776794,1731.5259947776794,1655.3785800933838,1695.107666015625,139200,0.0,0.0
2003-09-05 00:00:00+09:00,1681.8645217744431,1681.8645217744431,1615.6493831219059,1671.9322509765625,109800,0.0,0.0
2003-09-08 00:00:00+09:00,1671.93230509521,1671.93230509521,1662.0000339758326,1665.310791015625,118200,0.0,0.0
2003-09-09 00:00:00+09:00,1665.3109954833985,1731.5261444091798,1665.3109954833985,1721.5938720703125,166600,0.0,0.0
2003-09-10 00:00:00+09:00,1734.837539099213,1777.8774017104531,1724.9052631120037,1761.3236083984375,186400,0.0,0.0
2003-09-11 00:00:00+09:00,1761.32332186907,1761.32332186907,1718.2834662594876,1744.76953125,101000,0.0,0.0
2003-09-12 00:00:00+09:00,1810.9844524763607,1810.9844524763607,1781.1876333314115,1794.4306640625,215400,0.0,0.0
2003-09-15 00:00:00+09:00,1794.4306640625,1794.4306640625,1794.4306640625,1794.4306640625,0,0.0,0.0
2003-09-16 00:00:00+09:00,1787.8091051978786,1824.22743882228,1771.2553171867871,1814.295166015625,125600,0.0,0.0
2003-09-17 00:00:00+09:00,1837.4704159007351,1863.9564759497548,1837.4704159007351,1857.3349609375,172400,0.0,0.0
2003-09-18 00:00:00+09:00,1854.0244035240557,1867.267434977799,1840.7813720703125,1840.7813720703125,95600,0.0,0.0
2003-09-19 00:00:00+09:00,1887.131987856371,1963.2794189453125,1883.821229982939,1963.2794189453125,226200,0.0,0.0
2003-09-22 00:00:00+09:00,1943.4149399848834,1956.6579719438946,1887.1320541590862,1933.482666015625,102000,0.0,0.0
2003-09-23 00:00:00+09:00,1933.4826660156252,1933.4826660156252,1933.4826660156252,1933.482666015625,0,0.0,0.0
2003-09-24 00:00:00+09:00,1953.3469804817926,1983.143798828125,1920.2394045414233,1983.143798828125,152400,0.0,0.0
2003-09-25 00:00:00+09:00,1963.1784556410644,1983.1429823086007,1873.3380856371514,1893.3026123046875,127800,15.0,0.0
2003-09-26 00:00:00+09:00,1926.5776390219635,1956.5244417010613,1923.2502165020637,1939.8873291015625,86600,0.0,0.0
2003-09-29 00:00:00+09:00,1939.8867539545781,1959.8512831547966,1933.2319108878385,1949.8690185546875,68000,0.0,0.0
2003-09-30 00:00:00+09:00,1993.126676445765,2023.0734879449503,1979.8169824461272,2009.7637939453125,112600,0.0,0.0
2003-10-01 00:00:00+09:00,1996.4536761293316,2026.4004812712715,1903.2858379099628,2016.418212890625,94600,0.0,0.0
2003-10-02 00:00:00+09:00,2059.6749261774467,2106.2588501943837,2053.0200798893125,2099.60400390625,116000,0.0,0.0
2003-10-03 00:00:00+09:00,2096.2763038048374,2096.2763038048374,2046.3649632380557,2076.311767578125,61400,0.0,0.0
2003-10-06 00:00:00+09:00,2092.948399853274,2092.948399853274,2019.7451171875,2019.7451171875,63800,0.0,0.0
2003-10-07 00:00:00+09:00,1986.4711318995198,2009.7630882199499,1969.83402024207,1993.1259765625,43400,0.0,0.0
2003-10-08 00:00:00+09:00,1993.1262801943903,2016.4182400631062,1973.1617431640625,1973.1617431640625,48400,0.0,0.0
2003-10-09 00:00:00+09:00,1996.45354916351,1996.45354916351,1966.5067459260574,1976.489013671875,17600,0.0,0.0
2003-10-10 00:00:00+09:00,1966.5065686035157,2039.7098588053386,1966.5065686035157,1996.453369140625,84000,0.0,0.0
2003-10-13 00:00:00+09:00,1996.453369140625,1996.453369140625,1996.453369140625,1996.453369140625,0,0.0,0.0
2003-10-14 00:00:00+09:00,2006.4356359863282,2039.7098588053386,1983.143680013021,1996.453369140625,49200,0.0,0.0
2003-10-15 00:00:00+09:00,2046.3650180325649,2046.3650180325649,2013.090790097076,2016.418212890625,56000,0.0,0.0
2003-10-16 00:00:00+09:00,1983.143680013021,2016.4179028320314,1979.81625773112,1996.453369140625,42200,0.0,0.0
2003-10-17 00:00:00+09:00,1996.4537030327783,2006.4359715479422,1966.5068974872868,1973.1617431640625,33200,0.0,0.0
2003-10-20 00:00:00+09:00,1999.7809087392445,2013.0905986476587,1969.8341064453123,1969.8341064453125,54400,0.0,0.0
2003-10-21 00:00:00+09:00,1993.1262509145065,1996.4536737040132,1946.542331861413,1989.798828125,62200,0.0,0.0
2003-10-22 00:00:00+09:00,2013.0910669401264,2013.0910669401264,1953.1974484195937,1959.852294921875,53000,0.0,0.0
2003-10-23 00:00:00+09:00,1909.9412104895357,1909.9412104895357,1813.4459228515625,1813.4459228515625,76800,0.0,0.0
2003-10-24 00:00:00+09:00,1846.7190000366866,1889.975481118627,1836.7367351716232,1860.0286865234375,72000,0.0,0.0
2003-10-27 00:00:00+09:00,1893.3034648523922,1893.3034648523922,1863.3566613661505,1879.9937744140625,40600,0.0,0.0
2003-10-28 00:00:00+09:00,1896.6308572182807,1926.5776602269905,1883.3211669921875,1883.3211669921875,41400,0.0,0.0
2003-10-29 00:00:00+09:00,1886.648505410867,1949.869531165376,1886.648505410867,1919.9227294921875,53800,0.0,0.0
2003-10-30 00:00:00+09:00,1919.9230343495244,1943.2149949048912,1886.6488049847146,1913.2681884765625,25400,0.0,0.0
2003-10-31 00:00:00+09:00,1946.5418910980227,1949.8693131340876,1886.6482944488528,1916.5950927734375,42600,0.0,0.0
2003-11-03 00:00:00+09:00,1916.5950927734377,1916.5950927734377,1916.5950927734377,1916.5950927734375,0,0.0,0.0
2003-11-04 00:00:00+09:00,1939.887986156545,2026.4010009765625,1939.887986156545,2026.4010009765625,83200,0.0,0.0
2003-11-05 00:00:00+09:00,2029.7270729758525,2029.7270729758525,2003.1077015269886,2013.0899658203125,69400,0.0,0.0
2003-11-06 00:00:00+09:00,2029.7279015990803,2033.0553243885868,1989.798828125,1989.798828125,49400,0.0,0.0
2003-11-07 00:00:00+09:00,1993.1261306712004,2023.0729339700997,1993.1261306712004,2003.1083984375,39400,0.0,0.0
2003-11-10 00:00:00+09:00,1999.7802800958807,2036.3819158380684,1999.7802800958807,2013.0899658203125,22600,0.0,0.0
2003-11-11 00:00:00+09:00,1983.143768975084,2006.4357259932476,1926.5775876452576,1986.47119140625,40600,0.0,0.0
2003-11-12 00:00:00+09:00,1986.4712814176926,1999.7809717454493,1963.1793233441183,1976.489013671875,28200,0.0,0.0
2003-11-13 00:00:00+09:00,1979.815751509233,2013.0899658203127,1969.8334872159091,2013.0899658203125,13600,0.0,0.0
2003-11-14 00:00:00+09:00,2016.4181784237132,2016.4181784237132,1963.1794146369486,1979.8165283203125,36800,0.0,0.0
2003-11-17 00:00:00+09:00,1913.268027545737,1929.9051408287432,1846.7195744137114,1850.0469970703125,64800,0.0,0.0
2003-11-18 00:00:00+09:00,1873.3386747004972,1876.666096858047,1830.0821866523509,1840.064453125,83000,0.0,0.0
2003-11-19 00:00:00+09:00,1830.082281516017,1886.648461126512,1830.082281516017,1856.70166015625,57400,0.0,0.0
2003-11-20 00:00:00+09:00,1889.9761358963815,1923.250363641036,1886.6487131219162,1896.6309814453125,63000,0.0,0.0
2003-11-21 00:00:00+09:00,1929.905246265019,1996.4537030327783,1929.905246265019,1973.1617431640625,72000,0.0,0.0
2003-11-24 00:00:00+09:00,1973.1617431640625,1973.1617431640625,1973.1617431640625,1973.1617431640625,0,0.0,0.0
2003-11-25 00:00:00+09:00,2009.7630129323425,2056.346923828125,2009.7630129323425,2056.346923828125,78400,0.0,0.0
2003-11-26 00:00:00+09:00,2023.0718723783557,2043.036397434721,1963.1782972092597,1983.142822265625,40400,0.0,0.0
2003-11-27 00:00:00+09:00,1983.1438265056577,1989.798671561046,1949.869601228717,1966.5067138671875,43400,0.0,0.0
2003-11-28 00:00:00+09:00,1946.542510986328,1979.8167419433591,1929.9053955078123,1929.9053955078125,58400,0.0,0.0
2003-12-01 00:00:00+09:00,1933.232484061763,1959.851864220961,1896.6308363428657,1939.8873291015625,93400,0.0,0.0
2003-12-02 00:00:00+09:00,1973.1614333092657,1996.4533895203363,1936.5597878347262,1953.1968994140625,92400,0.0,0.0
2003-12-03 00:00:00+09:00,1959.8514352130073,1973.16112237914,1929.9046390892092,1946.541748046875,60000,0.0,0.0
2003-12-04 00:00:00+09:00,1913.2674444289432,1959.851347423735,1909.9400227864583,1956.52392578125,59400,0.0,0.0
2003-12-05 00:00:00+09:00,1969.833547754906,1969.833547754906,1929.9044893544688,1949.8690185546875,30000,0.0,0.0
2003-12-08 00:00:00+09:00,1916.5947844076657,1936.5593134119122,1899.9576769041269,1909.93994140625,46800,0.0,0.0
2003-12-09 00:00:00+09:00,1933.231974283854,1979.8158772786458,1919.9222877139136,1956.52392578125,66400,0.0,0.0
2003-12-10 00:00:00+09:00,1989.7986138374165,2019.7454157179127,1963.1792343880863,1986.47119140625,70000,0.0,0.0
2003-12-11 00:00:00+09:00,2013.090662073206,2013.090662073206,1969.8341685079965,1976.489013671875,54800,0.0,0.0
2003-12-12 00:00:00+09:00,2076.3121978063923,2076.3121978063923,2029.7282702915054,2043.0379638671875,155200,0.0,0.0
2003-12-15 00:00:00+09:00,2046.3643159601854,2079.6385324798634,2026.3997860483787,2039.70947265625,71000,0.0,0.0
2003-12-16 00:00:00+09:00,2029.727843435187,2043.0375342118111,2006.4358845760946,2023.072998046875,33800,0.0,0.0
2003-12-17 00:00:00+09:00,2053.0196178999104,2053.0196178999104,2003.1082819704152,2029.7276611328125,81400,0.0,0.0
2003-12-18 00:00:00+09:00,2033.055266129343,2033.055266129343,1996.4536164936264,2023.072998046875,50400,0.0,0.0
2003-12-19 00:00:00+09:00,2016.4178728811355,2036.3824062759982,1986.4710727888414,1999.78076171875,53600,0.0,0.0
2003-12-22 00:00:00+09:00,2019.7456356841737,2043.037595239016,1983.143984955136,2016.418212890625,35800,0.0,0.0
2003-12-23 00:00:00+09:00,2016.4182128906248,2016.4182128906248,2016.4182128906248,2016.418212890625,0,0.0,0.0
2003-12-24 00:00:00+09:00,2016.4187300357912,2043.038119211181,1996.4541881542486,2026.4010009765625,41400,0.0,0.0
2003-12-25 00:00:00+09:00,1993.1262192670038,1993.1262192670038,1953.1971464269302,1979.8165283203125,61000,0.0,0.0
2003-12-26 00:00:00+09:00,1983.1439825459865,2003.1085192830267,1956.524600229933,1989.798828125,39800,0.0,0.0
2003-12-29 00:00:00+09:00,2013.0905708555802,2013.0905708555802,1966.5066568192526,1986.47119140625,23000,0.0,0.0
2003-12-30 00:00:00+09:00,2013.091217445222,2016.4186409451313,2003.1089469454935,2009.7637939453125,23000,0.0,0.0
2003-12-31 00:00:00+09:00,2009.7637939453125,2009.7637939453125,2009.7637939453125,2009.7637939453125,0,0.0,0.0
2004-01-01 00:00:00+09:00,2009.7637939453125,2009.7637939453125,2009.7637939453125,2009.7637939453125,0,0.0,0.0
2004-01-02 00:00:00+09:00,2009.7637939453125,2009.7637939453125,2009.7637939453125,2009.7637939453125,0,0.0,0.0
2004-01-05 00:00:00+09:00,2029.7276048536423,2049.692138671875,2029.7276048536423,2049.692138671875,22600,0.0,0.0
2004-01-06 00:00:00+09:00,2053.0203901519526,2056.3478137988764,2023.0735773296387,2026.4010009765625,74800,0.0,0.0
2004-01-07 00:00:00+09:00,2029.7284246234863,2039.7106955642573,1999.7816118011724,2026.4010009765625,53800,0.0,0.0
2004-01-08 00:00:00+09:00,2013.0904805501302,2026.4001696777345,1993.125946858724,1996.453369140625,52200,0.0,0.0
2004-01-09 00:00:00+09:00,1963.1796264648435,1979.8167419433591,1913.2682800292966,1929.9053955078125,117600,0.0,0.0
2004-01-12 00:00:00+09:00,1929.9053955078123,1929.9053955078123,1929.9053955078123,1929.9053955078125,0,0.0,0.0
2004-01-13 00:00:00+09:00,1929.9044704104967,1936.5593134119122,1899.9576769041269,1909.93994140625,117000,0.0,0.0
2004-01-14 00:00:00+09:00,1943.2143262553418,1973.16112237914,1929.9046390892092,1946.541748046875,62600,0.0,0.0
2004-01-15 00:00:00+09:00,1946.5424178413723,1949.8698407778531,1896.6310737941576,1913.2681884765625,80400,0.0,0.0
2004-01-16 00:00:00+09:00,1919.9231566328665,1959.8522344137925,1896.6311945939929,1926.5780029296875,99400,0.0,0.0
2004-01-19 00:00:00+09:00,1929.9053031589674,1956.5246866508153,1913.2681884765625,1913.2681884765625,33200,0.0,0.0
2004-01-20 00:00:00+09:00,1939.8875719684104,1939.8875719684104,1913.2681884765625,1913.2681884765625,51400,0.0,0.0
2004-01-21 00:00:00+09:00,1899.9581233781776,1923.2500793565441,1873.3387451171875,1873.3387451171875,87000,0.0,0.0
2004-01-22 00:00:00+09:00,1909.9406725431743,1933.2326319644326,1886.6487131219162,1896.6309814453125,59200,0.0,0.0
2004-01-23 00:00:00+09:00,1899.9581298828125,1939.8871974109977,1896.6307075887971,1899.9581298828125,67200,0.0,0.0
2004-01-26 00:00:00+09:00,1903.2854257950287,1923.249958233438,1886.6483154296875,1886.6483154296875,32000,0.0,0.0
2004-01-27 00:00:00+09:00,1899.957605926084,1906.61244867889,1883.3204990440693,1889.975341796875,59600,0.0,0.0
2004-01-28 00:00:00+09:00,1899.9574545271996,1903.2848756384558,1886.6477700821756,1893.3026123046875,48200,0.0,0.0
2004-01-29 00:00:00+09:00,1879.9933989985414,1883.3208209436716,1846.7191795472397,1853.3740234375,68400,0.0,0.0
2004-01-30 00:00:00+09:00,1886.6482428888016,1886.6482428888016,1830.082069821589,1853.3740234375,73000,0.0,0.0
2004-02-02 00:00:00+09:00,1886.6488049847146,1936.5601490319293,1886.6488049847146,1913.2681884765625,72000,0.0,0.0
2004-02-03 00:00:00+09:00,1953.1973881169715,1956.5248112653821,1883.3215020003508,1926.5780029296875,66200,0.0,0.0
2004-02-04 00:00:00+09:00,1929.9044704104967,1943.2141564133276,1883.320569400588,1909.93994140625,56200,0.0,0.0
2004-02-05 00:00:00+09:00,1909.939717860968,1913.2671389722238,1886.6477700821756,1893.3026123046875,30600,0.0,0.0
2004-02-06 00:00:00+09:00,1919.9226636469052,1919.9226636469052,1870.0113292366736,1899.9581298828125,35000,0.0,0.0
2004-02-09 00:00:00+09:00,1893.303741455078,1909.9408569335935,1863.3569335937498,1863.35693359375,37000,0.0,0.0
2004-02-10 00:00:00+09:00,1866.6832434146393,1913.2671389722238,1866.6832434146393,1893.3026123046875,18400,0.0,0.0
2004-02-11 00:00:00+09:00,1893.3026123046875,1893.3026123046875,1893.3026123046875,1893.3026123046875,0,0.0,0.0
2004-02-12 00:00:00+09:00,1883.3215626022577,1923.2506416680299,1883.3215626022577,1906.613525390625,44400,0.0,0.0
2004-02-13 00:00:00+09:00,1923.2499325625547,1923.2499325625547,1896.630556333315,1903.285400390625,26200,0.0,0.0
2004-02-16 00:00:00+09:00,1923.2501519003197,1923.2501519003197,1866.683970962075,1919.9227294921875,25000,0.0,0.0
2004-02-17 00:00:00+09:00,1923.2504572860055,1923.2504572860055,1909.9407655400814,1913.2681884765625,28400,0.0,0.0
2004-02-18 00:00:00+09:00,1909.9407967374088,1939.8876036548943,1903.2859507557453,1936.5601806640625,53000,0.0,0.0
2004-02-19 00:00:00+09:00,1903.2854257950287,1909.940269941165,1879.9934712835511,1886.6483154296875,55800,0.0,0.0
2004-02-20 00:00:00+09:00,1906.6122967497117,1906.6122967497117,1879.9929278596635,1893.3026123046875,22800,0.0,0.0
2004-02-23 00:00:00+09:00,1883.3208933566193,1903.2854257950287,1879.9934712835511,1886.6483154296875,17600,0.0,0.0
2004-02-24 00:00:00+09:00,1883.3212903474507,1916.5955180921053,1850.0470626027961,1896.6309814453125,72600,0.0,0.0
2004-02-25 00:00:00+09:00,1903.2848756384558,1906.6122967497117,1883.3203489709194,1893.3026123046875,39200,0.0,0.0
2004-02-26 00:00:00+09:00,1893.3033502271312,1919.9227294921875,1889.9759278189993,1919.9227294921875,31800,0.0,0.0
2004-02-27 00:00:00+09:00,1893.3035950427516,1973.1617431640625,1893.3035950427516,1973.1617431640625,119600,0.0,0.0
2004-03-01 00:00:00+09:00,1973.1614131673177,2003.1082137044273,1963.1791463216148,1996.453369140625,148600,0.0,0.0
2004-03-02 00:00:00+09:00,2006.4358907846304,2076.311767578125,1996.453622671274,2076.311767578125,189000,0.0,0.0
2004-03-03 00:00:00+09:00,2063.0011920038246,2072.9834558361013,2053.018928171548,2066.32861328125,83600,0.0,0.0
2004-03-04 00:00:00+09:00,2033.0548230901386,2076.311308687801,2033.0548230901386,2072.98388671875,71200,0.0,0.0
2004-03-05 00:00:00+09:00,2006.4359445099783,2039.7101724454672,1956.524602606745,2016.418212890625,146800,0.0,0.0
2004-03-08 00:00:00+09:00,2049.692195504611,2049.692195504611,2026.400238737513,2029.7276611328125,42600,0.0,0.0
2004-03-09 00:00:00+09:00,2036.3824265625,2079.638916015625,2026.4001597656252,2079.638916015625,98600,0.0,0.0
2004-03-10 00:00:00+09:00,2096.275696455063,2216.0628791096383,2096.275696455063,2172.806396484375,211200,0.0,0.0
2004-03-11 00:00:00+09:00,2159.4967095227557,2202.753192148019,2149.514444301541,2172.806396484375,122200,0.0,0.0
2004-03-12 00:00:00+09:00,2159.496826171875,2176.133935772583,2156.1694042517333,2159.496826171875,129800,0.0,0.0
2004-03-15 00:00:00+09:00,2192.7712867010778,2196.098708987422,2109.585729542463,2132.877685546875,53800,0.0,0.0
2004-03-16 00:00:00+09:00,2162.8245823154507,2199.426229093097,2129.550357972136,2149.514892578125,109600,0.0,0.0
2004-03-17 00:00:00+09:00,2139.5335777168843,2229.3740234375,2139.5335777168843,2229.3740234375,78600,0.0,0.0
2004-03-18 00:00:00+09:00,2239.355076972714,2255.9921875,2196.09858960177,2255.9921875,121200,0.0,0.0
2004-03-19 00:00:00+09:00,2282.6119142022085,2359.1426343576763,2282.6119142022085,2325.868408203125,233800,0.0,0.0
2004-03-22 00:00:00+09:00,2305.903359375,2309.23078125,2246.009765625,2246.009765625,48000,0.0,0.0
2004-03-23 00:00:00+09:00,2226.046294076102,2236.028564453125,2179.4623656499953,2236.028564453125,53400,0.0,0.0
2004-03-24 00:00:00+09:00,2182.789022406525,2279.2842688238866,2159.497066374748,2269.302001953125,172000,0.0,0.0
2004-03-25 00:00:00+09:00,2236.028081849564,2299.2491139256676,2236.028081849564,2289.266845703125,101600,0.0,0.0
2004-03-26 00:00:00+09:00,2322.6867996549954,2339.3967766309306,2275.898864122377,2289.266845703125,39200,15.0,0.0
2004-03-29 00:00:00+09:00,2289.26658740942,2305.9765625,2239.136662137681,2305.9765625,59600,0.0,0.0
2004-03-30 00:00:00+09:00,2242.478805541992,2305.9767150878906,2172.296905517578,2192.348876953125,149600,0.0,0.0
2004-03-31 00:00:00+09:00,2192.3485997596154,2205.7165790264426,2148.902667142428,2172.296630859375,146800,0.0,0.0
2004-04-01 00:00:00+09:00,2202.3748626708984,2215.7428436279297,2185.6648864746094,2192.348876953125,90000,0.0,0.0
2004-04-02 00:00:00+09:00,2172.29696636551,2205.71691969421,2172.29696636551,2178.98095703125,90600,0.0,0.0
2004-04-05 00:00:00+09:00,2209.0587606167574,2212.400755716026,2182.322799822606,2185.664794921875,74000,0.0,0.0
2004-04-06 00:00:00+09:00,2209.0585998805623,2262.530517578125,2199.032615312269,2262.530517578125,89000,0.0,0.0
2004-04-07 00:00:00+09:00,2255.845947265625,2282.5818992332174,2242.4779712818286,2255.845947265625,86600,0.0,0.0
2004-04-08 00:00:00+09:00,2269.2140544930453,2282.58203125,2255.8460777360906,2282.58203125,73200,0.0,0.0
2004-04-09 00:00:00+09:00,2282.5825973731885,2316.0025475543475,2245.820652173913,2305.9765625,87800,0.0,0.0
2004-04-12 00:00:00+09:00,2299.2924083124103,2349.422330005268,2285.924429194315,2329.370361328125,48400,0.0,0.0
2004-04-13 00:00:00+09:00,2372.816346753545,2402.8943004447874,2359.448367335215,2386.184326171875,101800,0.0,0.0
2004-04-14 00:00:00+09:00,2386.1844499329122,2436.3143753516706,2359.448489709574,2412.92041015625,87600,0.0,0.0
2004-04-15 00:00:00+09:00,2473.075879450296,2506.4958237671917,2386.1840242263665,2399.552001953125,141800,0.0,0.0
2004-04-16 00:00:00+09:00,2366.1327348653244,2412.9206703005143,2362.7907394770964,2396.210693359375,85200,0.0,0.0
2004-04-19 00:00:00+09:00,2399.55244112763,2402.894436170983,2272.556629480207,2342.738525390625,101800,0.0,0.0
2004-04-20 00:00:00+09:00,2339.396430121528,2406.236328125,2329.370445421007,2406.236328125,85600,0.0,0.0
2004-04-21 00:00:00+09:00,2342.7386780221746,2372.8166353719603,2289.2667538447786,2336.0546875,132800,0.0,0.0
2004-04-22 00:00:00+09:00,2369.474685072233,2402.8946383172574,2346.080717800716,2392.86865234375,71200,0.0,0.0
2004-04-23 00:00:00+09:00,2422.9466861709025,2429.630677029305,2392.8687273080914,2416.2626953125,139800,0.0,0.0
2004-04-26 00:00:00+09:00,2349.4224693080355,2362.79044921875,2292.6085546874997,2339.396484375,89400,0.0,0.0
2004-04-27 00:00:00+09:00,2312.659978953148,2336.0539382778184,2275.8980428715226,2282.58203125,105000,0.0,0.0
2004-04-28 00:00:00+09:00,2292.6087953444808,2312.660767315424,2272.556823373538,2285.9248046875,107800,0.0,0.0
2004-04-29 00:00:00+09:00,2285.9248046875,2285.9248046875,2285.9248046875,2285.9248046875,0,0.0,0.0
2004-04-30 00:00:00+09:00,2252.504419533603,2252.504419533603,2199.032504529838,2219.08447265625,90400,0.0,0.0
2004-05-03 00:00:00+09:00,2219.08447265625,2219.08447265625,2219.08447265625,2219.08447265625,0,0.0,0.0
2004-05-04 00:00:00+09:00,2219.08447265625,2219.08447265625,2219.08447265625,2219.08447265625,0,0.0,0.0
2004-05-05 00:00:00+09:00,2219.08447265625,2219.08447265625,2219.08447265625,2219.08447265625,0,0.0,0.0
2004-05-06 00:00:00+09:00,2242.479008751789,2249.162999835997,2182.323088993917,2189.007080078125,88600,0.0,0.0
2004-05-07 00:00:00+09:00,2182.323122956032,2189.0071141442586,2138.877180232558,2155.587158203125,97400,0.0,0.0
2004-05-10 00:00:00+09:00,2135.534925492499,2145.560911058192,1991.8291323842402,2011.881103515625,87600,0.0,0.0
2004-05-11 00:00:00+09:00,2005.1970552401526,2095.4309227259596,1991.829074871885,2078.720947265625,121800,0.0,0.0
2004-05-12 00:00:00+09:00,2072.0364953594,2115.482421875,2041.9585462332147,2115.482421875,99000,0.0,0.0
2004-05-13 00:00:00+09:00,2055.327132686492,2115.483048765121,2038.6171559979841,2072.037109375,66000,0.0,0.0
2004-05-14 00:00:00+09:00,2112.1402774360236,2158.928194974163,2102.114295106422,2122.166259765625,119200,0.0,0.0
2004-05-17 00:00:00+09:00,2055.327488189848,2105.4574269261852,2015.2235372007774,2035.2755126953125,95800,0.0,0.0
2004-05-18 00:00:00+09:00,2021.907444183057,2162.271266754443,2021.907444183057,2092.08935546875,79800,0.0,0.0
2004-05-19 00:00:00+09:00,2158.928697436636,2185.6646565380183,2115.4827638968895,2175.638671875,54800,0.0,0.0
2004-05-20 00:00:00+09:00,2178.980685599981,2229.110609348447,2132.1927567680796,2212.400634765625,70600,0.0,0.0
2004-05-21 00:00:00+09:00,2212.4012315949826,2215.743227413102,2185.665265050028,2202.375244140625,19000,0.0,0.0
2004-05-24 00:00:00+09:00,2205.7166314303786,2265.872539560298,2185.664662053739,2229.110595703125,75800,0.0,0.0
2004-05-25 00:00:00+09:00,2232.4522527020677,2239.1362414826126,2189.0063256285243,2222.42626953125,47400,0.0,0.0
2004-05-26 00:00:00+09:00,2255.8470843589466,2259.1890800394785,2195.691162109375,2195.691162109375,50200,0.0,0.0
2004-05-27 00:00:00+09:00,2199.0328674316406,2225.768829345703,2185.6648864746094,2192.348876953125,40800,0.0,0.0
2004-05-28 00:00:00+09:00,2195.6909336956,2249.1628590215205,2175.6389616983797,2178.98095703125,115400,0.0,0.0
2004-05-31 00:00:00+09:00,2202.375341506231,2245.8212890625,2189.007357642764,2245.8212890625,88200,0.0,0.0
2004-06-01 00:00:00+09:00,2212.400666927863,2272.556576300524,2212.400666927863,2232.45263671875,52200,0.0,0.0
2004-06-02 00:00:00+09:00,2232.452404729921,2252.5043724370757,2199.0324585513295,2215.742431640625,71000,0.0,0.0
2004-06-03 00:00:00+09:00,2209.0589003540613,2235.7948628394356,2102.1150504125635,2142.218994140625,77200,0.0,0.0
2004-06-04 00:00:00+09:00,2145.561138030773,2192.349075620229,2145.561138030773,2189.007080078125,37600,0.0,0.0
2004-06-07 00:00:00+09:00,2219.084611014805,2255.8465548719782,2195.6906467420586,2229.110595703125,59000,0.0,0.0
2004-06-08 00:00:00+09:00,2262.531268891834,2262.531268891834,2209.059333437965,2245.8212890625,43000,0.0,0.0
2004-06-09 00:00:00+09:00,2259.1889606100976,2369.4748122375136,2209.059028052181,2312.660888671875,139400,0.0,0.0
2004-06-10 00:00:00+09:00,2302.634461946474,2339.3964054608587,2285.9244876217535,2316.00244140625,77000,0.0,0.0
2004-06-11 00:00:00+09:00,2289.266875028265,2336.0548111602297,2289.266875028265,2309.31884765625,152400,0.0,0.0
2004-06-14 00:00:00+09:00,2275.8986073369565,2329.3705276268115,2275.8986073369565,2305.9765625,26200,0.0,0.0
2004-06-15 00:00:00+09:00,2272.5559172453704,2305.9758572048613,2255.845947265625,2255.845947265625,52200,0.0,0.0
2004-06-16 00:00:00+09:00,2259.188916086288,2322.68682940824,2259.188916086288,2309.31884765625,54200,0.0,0.0
2004-06-17 00:00:00+09:00,2316.002243701594,2322.686232860906,2289.266287064346,2319.34423828125,52200,0.0,0.0
2004-06-18 00:00:00+09:00,2339.396123316958,2339.396123316958,2252.5042673080425,2295.9501953125,50400,0.0,0.0
2004-06-21 00:00:00+09:00,2362.7902960709357,2419.604207008992,2346.080322265625,2346.080322265625,102200,0.0,0.0
2004-06-22 00:00:00+09:00,2379.500368923611,2406.236328125,2372.8163791232637,2406.236328125,71400,0.0,0.0
2004-06-23 00:00:00+09:00,2406.2363556338028,2409.578350572183,2356.1064315580984,2372.81640625,78800,0.0,0.0
2004-06-24 00:00:00+09:00,2406.236301369863,2456.3662243150684,2406.236301369863,2439.65625,124400,0.0,0.0
2004-06-25 00:00:00+09:00,2406.236341783217,2439.6562909746503,2349.42242815778,2389.5263671875,103200,0.0,0.0
2004-06-28 00:00:00+09:00,2416.2627082845497,2453.024658203125,2399.5527310488337,2453.024658203125,53400,0.0,0.0
2004-06-29 00:00:00+09:00,2466.392546791444,2503.154495320856,2456.366560828877,2499.8125,122200,0.0,0.0
2004-06-30 00:00:00+09:00,2499.812561691448,2499.812561691448,2439.6566444314935,2486.444580078125,67000,0.0,0.0
2004-07-01 00:00:00+09:00,2453.0240896610644,2493.1280257318176,2429.630126953125,2429.630126953125,98600,0.0,0.0
2004-07-02 00:00:00+09:00,2429.6307736330878,2429.6307736330878,2366.132857953544,2369.474853515625,125200,0.0,0.0
2004-07-05 00:00:00+09:00,2336.0539382778184,2369.4738801702047,2279.240037060761,2282.58203125,55600,0.0,0.0
2004-07-06 00:00:00+09:00,2302.6341486411297,2312.660131871788,2275.898193359375,2275.898193359375,48600,0.0,0.0
2004-07-07 00:00:00+09:00,2255.8465278659296,2275.898497002516,2239.1365535854416,2262.530517578125,36600,0.0,0.0
2004-07-08 00:00:00+09:00,2249.16259765625,2299.2925218239225,2245.8206027117385,2249.16259765625,50200,0.0,0.0
2004-07-09 00:00:00+09:00,2232.4523792101945,2319.34423828125,2232.4523792101945,2319.34423828125,83600,0.0,0.0
2004-07-12 00:00:00+09:00,2322.6860818095593,2346.080042345771,2302.634115635664,2326.028076171875,28200,0.0,0.0
2004-07-13 00:00:00+09:00,2359.448500607391,2366.1324906940977,2302.634584870386,2342.738525390625,38000,0.0,0.0
2004-07-14 00:00:00+09:00,2369.4743045603736,2382.842283711631,2252.504486986871,2259.1884765625,61000,0.0,0.0
2004-07-15 00:00:00+09:00,2262.530655445772,2312.660581341912,2242.4786850873165,2272.556640625,118800,0.0,0.0
2004-07-16 00:00:00+09:00,2305.9769599382266,2309.31895553234,2262.531017214753,2299.29296875,56400,0.0,0.0
2004-07-19 00:00:00+09:00,2299.29296875,2299.29296875,2299.29296875,2299.29296875,0,0.0,0.0
2004-07-20 00:00:00+09:00,2329.370820284235,2329.370820284235,2275.8988932762754,2309.31884765625,73800,0.0,0.0
2004-07-21 00:00:00+09:00,2342.7387224762133,2396.2106476682525,2339.396727151711,2392.86865234375,132400,0.0,0.0
2004-07-22 00:00:00+09:00,2382.84280677676,2382.84280677676,2349.4228515625,2349.4228515625,89000,0.0,0.0
2004-07-23 00:00:00+09:00,2346.080113297802,2386.1840468584483,2339.396124371028,2366.132080078125,84200,0.0,0.0
2004-07-26 00:00:00+09:00,2342.7383404462207,2366.1323039028875,2316.0023822100297,2329.370361328125,45400,0.0,0.0
2004-07-27 00:00:00+09:00,2329.3704208660265,2356.106379785579,2309.318451676362,2316.00244140625,54000,0.0,0.0
2004-07-28 00:00:00+09:00,2319.34423828125,2332.712216599874,2299.292270803314,2319.34423828125,82600,0.0,0.0
2004-07-29 00:00:00+09:00,2289.2669201448475,2319.344879679597,2282.582929137125,2312.660888671875,40400,0.0,0.0
2004-07-30 00:00:00+09:00,2326.028353699252,2346.080322265625,2309.3183798939413,2346.080322265625,51600,0.0,0.0
2004-08-02 00:00:00+09:00,2322.6861520540915,2369.4740745415124,2305.9761797371557,2366.132080078125,45200,0.0,0.0
2004-08-03 00:00:00+09:00,2312.659978953148,2339.395932467057,2265.872060303807,2282.58203125,118000,0.0,0.0
2004-08-04 00:00:00+09:00,2282.582533214648,2299.2925078355456,2239.1365992003134,2265.87255859375,44600,0.0,0.0
2004-08-05 00:00:00+09:00,2299.292002196193,2309.317984763909,2245.820095168375,2282.58203125,63600,0.0,0.0
2004-08-06 00:00:00+09:00,2269.215416933885,2269.215416933885,2225.769466388759,2239.137451171875,31200,0.0,0.0
2004-08-09 00:00:00+09:00,2205.7166314303786,2239.136580391445,2202.3746365342718,2229.110595703125,32000,0.0,0.0
2004-08-10 00:00:00+09:00,2212.4008180543824,2232.4527892149963,2212.4008180543824,2225.768798828125,34800,0.0,0.0
2004-08-11 00:00:00+09:00,2239.1365404772273,2279.240478515625,2225.7685611310944,2279.240478515625,48000,0.0,0.0
2004-08-12 00:00:00+09:00,2245.8214435634327,2279.241405521222,2239.137451171875,2239.137451171875,42000,0.0,0.0
2004-08-13 00:00:00+09:00,2212.400461661323,2215.7424563164004,2175.63852045547,2182.322509765625,58400,0.0,0.0
2004-08-16 00:00:00+09:00,2168.95472343013,2168.95472343013,2075.378864792158,2125.5087890625,74400,0.0,0.0
2004-08-17 00:00:00+09:00,2138.8768612852664,2145.560851476783,2115.482895614959,2132.19287109375,68200,0.0,0.0
2004-08-18 00:00:00+09:00,2105.4570457232353,2142.218994140625,2088.7470691698763,2142.218994140625,81200,0.0,0.0
2004-08-19 00:00:00+09:00,2128.8508615923893,2155.586822177537,2125.5088665192457,2148.90283203125,57000,0.0,0.0
2004-08-20 00:00:00+09:00,2152.24462890625,2165.6126079677792,2132.1926603139555,2152.24462890625,43600,0.0,0.0
2004-08-23 00:00:00+09:00,2125.5088809022336,2158.928831859816,2125.5088809022336,2132.19287109375,76600,0.0,0.0
2004-08-24 00:00:00+09:00,2125.5087890625,2138.8767688679245,2105.4568193543632,2125.5087890625,47800,0.0,0.0
2004-08-25 00:00:00+09:00,2125.509017587266,2158.928970693984,2115.4830316552507,2142.218994140625,48000,0.0,0.0
2004-08-26 00:00:00+09:00,2138.876998829953,2152.2449800726404,2135.5350035192814,2142.218994140625,68600,0.0,0.0
2004-08-27 00:00:00+09:00,2152.245129114981,2189.007080078125,2142.2191424886687,2189.007080078125,76600,0.0,0.0
2004-08-30 00:00:00+09:00,2195.690509842103,2225.7684620317204,2182.3225310911616,2219.08447265625,76600,0.0,0.0
2004-08-31 00:00:00+09:00,2199.033203125,2199.033203125,2175.6392328789893,2199.033203125,78800,0.0,0.0
2004-09-01 00:00:00+09:00,2215.7425634765627,2222.426553109976,2165.612641225962,2172.296630859375,95600,0.0,0.0
2004-09-02 00:00:00+09:00,2199.032504529838,2232.4524514071913,2192.3485151543673,2219.08447265625,100200,0.0,0.0
2004-09-03 00:00:00+09:00,2239.137537230522,2239.137537230522,2205.7175739882755,2209.0595703125,88800,0.0,0.0
2004-09-06 00:00:00+09:00,2189.0063256285243,2242.4782358728853,2189.0063256285243,2222.42626953125,54400,0.0,0.0
2004-09-07 00:00:00+09:00,2229.110456719456,2249.162424845868,2175.6385417156907,2219.08447265625,45400,0.0,0.0
2004-09-08 00:00:00+09:00,2219.0848388671875,2235.7948150634766,2189.006881713867,2192.348876953125,66200,0.0,0.0
2004-09-09 00:00:00+09:00,2202.3745503869854,2209.0585399177503,2145.560639375485,2152.24462890625,54200,0.0,0.0
2004-09-10 00:00:00+09:00,2138.876998829953,2155.586975383312,2125.509017587266,2142.218994140625,158600,0.0,0.0
2004-09-13 00:00:00+09:00,2162.2712581075984,2162.2712581075984,2128.8513004861516,2145.561279296875,44600,0.0,0.0
2004-09-14 00:00:00+09:00,2162.2712581075984,2162.2712581075984,2138.8772877725855,2145.561279296875,59400,0.0,0.0
2004-09-15 00:00:00+09:00,2128.8503992644155,2158.9283483906,2115.482421875,2115.482421875,52000,0.0,0.0
2004-09-16 00:00:00+09:00,2108.7993106218723,2118.8252978356054,2045.3013916015625,2045.3013916015625,141800,0.0,0.0
2004-09-17 00:00:00+09:00,2045.3004334984757,2072.0363868775407,2045.3004334984757,2055.326416015625,102400,0.0,0.0
2004-09-20 00:00:00+09:00,2055.326416015625,2055.326416015625,2055.326416015625,2055.326416015625,0,0.0,0.0
2004-09-21 00:00:00+09:00,2062.0111864993446,2072.0371728194386,2028.5912320990312,2031.9332275390625,151000,0.0,0.0
2004-09-22 00:00:00+09:00,2065.352783203125,2065.352783203125,2038.6168248445083,2065.352783203125,102600,0.0,0.0
2004-09-23 00:00:00+09:00,2065.352783203125,2065.352783203125,2065.352783203125,2065.352783203125,0,0.0,0.0
2004-09-24 00:00:00+09:00,2045.3013601893322,2062.0113386222515,2041.9593645027485,2051.9853515625,63400,0.0,0.0
2004-09-27 00:00:00+09:00,2065.4191827154777,2072.135993065772,2051.985562014889,2068.777587890625,53600,15.0,0.0
2004-09-28 00:00:00+09:00,2099.0027091353413,2125.8699438122735,2072.1354744584087,2085.569091796875,99800,0.0,0.0
2004-09-29 00:00:00+09:00,2119.1528814873895,2119.1528814873895,2078.8520342958705,2088.92724609375,84000,0.0,0.0
2004-09-30 00:00:00+09:00,2095.6440705775444,2115.7944943330976,2075.493646821991,2078.85205078125,84000,0.0,0.0
2004-10-01 00:00:00+09:00,2125.8703352660177,2152.7375748902327,2112.43671545391,2139.303955078125,133200,0.0,0.0
2004-10-04 00:00:00+09:00,2172.8876953125,2172.8876953125,2139.3036505626933,2172.8876953125,81200,0.0,0.0
2004-10-05 00:00:00+09:00,2166.1708923906735,2176.2461058436534,2119.1532296101004,2169.529296875,65800,0.0,0.0
2004-10-06 00:00:00+09:00,2135.9452520317336,2169.529296875,2135.9452520317336,2169.529296875,61000,0.0,0.0
2004-10-07 00:00:00+09:00,2166.1708923906735,2179.60451032798,2156.0956789376933,2169.529296875,70600,0.0,0.0
2004-10-08 00:00:00+09:00,2156.0951779781394,2203.1128298343606,2156.0951779781394,2179.60400390625,109800,0.0,0.0
2004-10-11 00:00:00+09:00,2179.60400390625,2179.60400390625,2179.60400390625,2179.60400390625,0,0.0,0.0
2004-10-12 00:00:00+09:00,2172.887468231391,2193.0378929754224,2152.7370434873596,2162.812255859375,95000,0.0,0.0
2004-10-13 00:00:00+09:00,2152.7365871895818,2172.8870076624953,2132.5861667166687,2142.661376953125,70400,0.0,0.0
2004-10-14 00:00:00+09:00,2135.945120925538,2135.945120925538,2099.002673865505,2105.719482421875,55000,0.0,0.0
2004-10-15 00:00:00+09:00,2099.0027091353413,2105.7195178045745,2082.2106874622586,2085.569091796875,93000,0.0,0.0
2004-10-18 00:00:00+09:00,2102.3608453125,2115.7944609375,2095.6440374999997,2099.00244140625,80800,0.0,0.0
2004-10-19 00:00:00+09:00,2102.3605360072984,2182.962217898952,2102.3605360072984,2142.661376953125,97400,0.0,0.0
2004-10-20 00:00:00+09:00,2176.2461058436534,2199.7549372339395,2166.1708923906735,2169.529296875,286800,0.0,0.0
2004-10-21 00:00:00+09:00,2166.17119470234,2166.17119470234,2105.7199055478563,2139.303955078125,93800,0.0,0.0
2004-10-22 00:00:00+09:00,2119.1528648437497,2125.86967265625,2095.6440374999997,2099.00244140625,75400,0.0,0.0
2004-10-25 00:00:00+09:00,2065.4188644506366,2115.7949343152864,2051.9852458200635,2109.078125,116000,0.0,0.0
2004-10-26 00:00:00+09:00,2075.493920341765,2082.21072914546,2051.9850895288323,2062.060302734375,107400,0.0,0.0
2004-10-27 00:00:00+09:00,2062.0602967797254,2099.002745093369,2055.3434879954266,2065.418701171875,95400,0.0,0.0
2004-10-28 00:00:00+09:00,2078.852283127642,2099.0027091353413,2072.1354744584087,2085.569091796875,60400,0.0,0.0
2004-10-29 00:00:00+09:00,2099.0031343632377,2122.511969468106,2085.569514303313,2119.153564453125,94200,0.0,0.0
2004-11-01 00:00:00+09:00,2129.228521796011,2166.1709724896327,2125.8701171875,2125.8701171875,173800,0.0,0.0
2004-11-02 00:00:00+09:00,2125.869827341922,2152.737060546875,2122.5114231913026,2152.737060546875,69400,0.0,0.0
2004-11-03 00:00:00+09:00,2152.737060546875,2152.737060546875,2152.737060546875,2152.737060546875,0,0.0,0.0
2004-11-04 00:00:00+09:00,2186.3210847274117,2186.3210847274117,2159.45385173537,2162.812255859375,124200,0.0,0.0
2004-11-05 00:00:00+09:00,2176.2462872761052,2203.113525390625,2176.2462872761052,2203.113525390625,100800,0.0,0.0
2004-11-08 00:00:00+09:00,2216.5464233585376,2216.5464233585376,2179.6039829692286,2193.03759765625,95600,0.0,0.0
2004-11-09 00:00:00+09:00,2196.3962346433686,2199.754638671875,2176.2458104723282,2199.754638671875,85600,0.0,0.0
2004-11-10 00:00:00+09:00,2206.471359139228,2266.9226292526314,2199.7545513488494,2253.489013671875,182000,0.0,0.0
2004-11-11 00:00:00+09:00,2219.9050684937647,2250.130704827265,2196.396240234375,2196.396240234375,64400,0.0,0.0
2004-11-12 00:00:00+09:00,2189.6791577888257,2229.980001183712,2189.6791577888257,2216.54638671875,84200,0.0,0.0
2004-11-15 00:00:00+09:00,2216.547057194496,2250.131103515625,2216.547057194496,2250.131103515625,86000,0.0,0.0
2004-11-16 00:00:00+09:00,2250.130572023645,2300.506629606264,2250.130572023645,2276.997802734375,115800,0.0,0.0
2004-11-17 00:00:00+09:00,2276.998123237782,2276.998123237782,2216.5468456296994,2233.3388671875,102400,0.0,0.0
2004-11-18 00:00:00+09:00,2287.0722400382097,2320.65626705786,2276.9970319323143,2307.22265625,160200,0.0,0.0
2004-11-19 00:00:00+09:00,2327.373989907457,2374.3916462692237,2317.2987778299357,2347.5244140625,190200,0.0,0.0
2004-11-22 00:00:00+09:00,2283.714583523975,2310.581813918375,2270.280968326775,2293.789794921875,138200,0.0,0.0
2004-11-23 00:00:00+09:00,2293.789794921875,2293.789794921875,2293.789794921875,2293.789794921875,0,0.0,0.0
2004-11-24 00:00:00+09:00,2293.789794921875,2300.5066025204746,2266.922564527475,2293.789794921875,59000,0.0,0.0
2004-11-25 00:00:00+09:00,2303.8650117130223,2303.8650117130223,2276.9977812557277,2290.431396484375,71000,0.0,0.0
2004-11-26 00:00:00+09:00,2280.3557748422254,2283.714178045233,2236.696533203125,2236.696533203125,96200,0.0,0.0
2004-11-29 00:00:00+09:00,2233.33859030074,2266.9226292526314,2223.263378615173,2253.489013671875,98200,0.0,0.0
2004-11-30 00:00:00+09:00,2256.8479127798505,2256.8479127798505,2229.9806757229476,2250.131103515625,67200,0.0,0.0
2004-12-01 00:00:00+09:00,2236.697289227719,2246.7725022422583,2223.263671875,2223.263671875,46000,0.0,0.0
2004-12-02 00:00:00+09:00,2236.6974665966286,2270.281512641623,2233.3390619921292,2260.206298828125,76200,0.0,0.0
2004-12-03 00:00:00+09:00,2280.35597728588,2293.789591290509,2260.205556278935,2266.92236328125,67600,0.0,0.0
2004-12-06 00:00:00+09:00,2246.7722222790744,2256.8474340381736,2223.2633948411767,2243.413818359375,81400,0.0,0.0
2004-12-07 00:00:00+09:00,2226.621876567876,2236.6970886790427,2193.0378361973194,2196.396240234375,63600,0.0,0.0
2004-12-08 00:00:00+09:00,2209.83004282756,2236.6972773908133,2199.7548298663405,2229.98046875,79200,0.0,0.0
2004-12-09 00:00:00+09:00,2253.4888853945977,2260.205692802629,2179.60400390625,2179.60400390625,79800,0.0,0.0
2004-12-10 00:00:00+09:00,2172.8871964982186,2199.754426130345,2166.170389090187,2179.60400390625,141000,0.0,0.0
2004-12-13 00:00:00+09:00,2179.604214500835,2203.113042700382,2179.604214500835,2199.754638671875,59800,0.0,0.0
2004-12-14 00:00:00+09:00,2223.263824057192,2273.639892578125,2216.5470149210673,2273.639892578125,142800,0.0,0.0
2004-12-15 00:00:00+09:00,2276.997553559923,2300.506377859214,2263.5639396746137,2280.35595703125,72800,0.0,0.0
2004-12-16 00:00:00+09:00,2287.0722400382097,2320.65626705786,2287.0722400382097,2307.22265625,91800,0.0,0.0
2004-12-17 00:00:00+09:00,2320.6562123325893,2357.598641183036,2313.9394070870535,2350.8818359375,94800,0.0,0.0
2004-12-20 00:00:00+09:00,2334.0906242170417,2337.4490279928937,2290.431375130968,2303.864990234375,118400,0.0,0.0
2004-12-21 00:00:00+09:00,2330.7323939332973,2357.5996261400214,2330.7323939332973,2347.5244140625,117000,0.0,0.0
2004-12-22 00:00:00+09:00,2367.675318044535,2367.675318044535,2347.524889805858,2354.24169921875,113200,0.0,0.0
2004-12-23 00:00:00+09:00,2354.24169921875,2354.24169921875,2354.24169921875,2354.24169921875,0,0.0,0.0
2004-12-24 00:00:00+09:00,2360.9576921662524,2418.0505524320083,2357.599288621208,2407.975341796875,89000,0.0,0.0
2004-12-27 00:00:00+09:00,2387.825677421655,2394.5424866408443,2377.750463592872,2391.18408203125,84800,0.0,0.0
2004-12-28 00:00:00+09:00,2377.750693441439,2397.901123046875,2377.750693441439,2397.901123046875,18800,0.0,0.0
2004-12-29 00:00:00+09:00,2394.5422189382202,2418.0510485771647,2391.1838147040853,2404.617431640625,54000,0.0,0.0
2004-12-30 00:00:00+09:00,2418.0502882281553,2421.40869140625,2407.975078693871,2421.40869140625,40800,0.0,0.0
2004-12-31 00:00:00+09:00,2421.40869140625,2421.40869140625,2421.40869140625,2421.40869140625,0,0.0,0.0
2005-01-03 00:00:00+09:00,2421.40869140625,2421.40869140625,2421.40869140625,2421.40869140625,0,0.0,0.0
2005-01-04 00:00:00+09:00,2424.7677433179774,2471.785400390625,2418.050935164742,2471.785400390625,50000,0.0,0.0
2005-01-05 00:00:00+09:00,2475.1431422557644,2475.1431422557644,2421.40869140625,2421.40869140625,80600,0.0,0.0
2005-01-06 00:00:00+09:00,2411.333694898771,2451.6345365962434,2391.1832740500345,2441.559326171875,73000,0.0,0.0
2005-01-07 00:00:00+09:00,2407.975372700752,2411.3337762888978,2377.749740407437,2387.824951171875,127400,0.0,0.0
2005-01-10 00:00:00+09:00,2387.824951171875,2387.824951171875,2387.824951171875,2387.824951171875,0,0.0,0.0
2005-01-11 00:00:00+09:00,2397.900623172355,2411.334240108895,2391.1838147040853,2404.617431640625,78600,0.0,0.0
2005-01-12 00:00:00+09:00,2394.5417635205768,2397.900167115977,2381.1081491389746,2384.466552734375,100000,0.0,0.0
2005-01-13 00:00:00+09:00,2384.467272812061,2397.9008912504387,2367.6752497640887,2391.18408203125,122200,0.0,0.0
2005-01-14 00:00:00+09:00,2384.4675097793215,2414.693154269482,2367.6754850625657,2394.542724609375,224800,0.0,0.0
2005-01-17 00:00:00+09:00,2397.900588777917,2424.767822265625,2391.18378040599,2424.767822265625,65600,0.0,0.0
2005-01-18 00:00:00+09:00,2404.6169952306127,2414.692206104484,2367.6745553597516,2371.032958984375,117400,0.0,0.0
2005-01-19 00:00:00+09:00,2384.466547583729,2394.541758348167,2371.0329332311444,2387.824951171875,51600,0.0,0.0
2005-01-20 00:00:00+09:00,2391.1838613391596,2391.1838613391596,2374.3918398409915,2377.750244140625,89800,0.0,0.0
2005-01-21 00:00:00+09:00,2377.7506678164173,2414.693121694921,2377.7506678164173,2411.334716796875,112400,0.0,0.0
2005-01-24 00:00:00+09:00,2428.126114426276,2491.935791015625,2411.3340942711843,2491.935791015625,144200,0.0,0.0
2005-01-25 00:00:00+09:00,2495.294240343473,2508.727856711406,2465.068603515625,2465.068603515625,120800,0.0,0.0
2005-01-26 00:00:00+09:00,2485.2197199730094,2488.578125,2471.7860998650476,2488.578125,64400,0.0,0.0
2005-01-27 00:00:00+09:00,2495.294228926949,2495.294228926949,2468.4269963140073,2471.785400390625,30600,0.0,0.0
2005-01-28 00:00:00+09:00,2475.1440251530826,2485.21923828125,2461.7104076488595,2485.21923828125,59800,0.0,0.0
2005-01-31 00:00:00+09:00,2485.219420572917,2525.520276041667,2471.7858020833337,2518.803466796875,130800,0.0,0.0
2005-02-01 00:00:00+09:00,2488.5768459365663,2528.877685546875,2488.5768459365663,2528.877685546875,154200,0.0,0.0
2005-02-02 00:00:00+09:00,2525.5193066928477,2525.5193066928477,2491.9352733591663,2512.085693359375,73600,0.0,0.0
2005-02-03 00:00:00+09:00,2505.369140625,2515.44435164628,2495.29392960372,2505.369140625,53000,0.0,0.0
2005-02-04 00:00:00+09:00,2485.2191854764687,2515.44482421875,2465.0687596482812,2515.44482421875,149200,0.0,0.0
2005-02-07 00:00:00+09:00,2491.9359940858644,2518.803228523448,2471.785568257677,2515.44482421875,114000,0.0,0.0
2005-02-08 00:00:00+09:00,2512.0867011377018,2512.0867011377018,2485.2194636923787,2495.294677734375,38800,0.0,0.0
2005-02-09 00:00:00+09:00,2502.0105327823294,2502.0105327823294,2468.426498785251,2478.501708984375,45000,0.0,0.0
2005-02-10 00:00:00+09:00,2478.501947839141,2481.8603515625,2458.351525498985,2481.8603515625,56200,0.0,0.0
2005-02-11 00:00:00+09:00,2481.8603515625,2481.8603515625,2481.8603515625,2481.8603515625,0,0.0,0.0
2005-02-14 00:00:00+09:00,2495.294451409417,2512.0864732896957,2481.860833905194,2485.21923828125,78800,0.0,0.0
2005-02-15 00:00:00+09:00,2485.219256169437,2485.219256169437,2468.4272341682918,2475.14404296875,84800,0.0,0.0
2005-02-16 00:00:00+09:00,2448.2760783870044,2478.501708984375,2448.2760783870044,2478.501708984375,89800,0.0,0.0
2005-02-17 00:00:00+09:00,2478.50223128522,2481.860635392653,2448.276594318327,2458.351806640625,77000,0.0,0.0
2005-02-18 00:00:00+09:00,2458.351600215517,2458.351600215517,2434.8427734375,2434.8427734375,79000,0.0,0.0
2005-02-21 00:00:00+09:00,2431.4848511751034,2451.6352781185437,2431.4848511751034,2438.20166015625,105600,0.0,0.0
2005-02-22 00:00:00+09:00,2444.917984913793,2444.917984913793,2431.484369612069,2434.8427734375,28800,0.0,0.0
2005-02-23 00:00:00+09:00,2428.1262264515885,2428.1262264515885,2401.2589929638807,2424.767822265625,51200,0.0,0.0
2005-02-24 00:00:00+09:00,2414.6928649902343,2441.560101318359,2397.900842285156,2418.05126953125,92200,0.0,0.0
2005-02-25 00:00:00+09:00,2451.6349927790334,2481.860629676309,2448.276588679336,2461.710205078125,81200,0.0,0.0
2005-02-28 00:00:00+09:00,2465.068332945704,2481.8603515625,2438.2011031588295,2481.8603515625,95800,0.0,0.0
2005-03-01 00:00:00+09:00,2485.2191854764687,2518.803228523448,2475.143972562375,2515.44482421875,105000,0.0,0.0
2005-03-02 00:00:00+09:00,2518.8024420487254,2572.536894145765,2515.4440387926606,2552.386474609375,194200,0.0,0.0
2005-03-03 00:00:00+09:00,2585.97119140625,2602.7632121296674,2579.254383116883,2585.97119140625,147600,0.0,0.0
2005-03-04 00:00:00+09:00,2555.745411000353,2559.1038149569895,2512.086159564079,2525.519775390625,57800,0.0,0.0
2005-03-07 00:00:00+09:00,2495.294451409417,2515.4448776657514,2461.7104076488595,2485.21923828125,264200,0.0,0.0
2005-03-08 00:00:00+09:00,2485.2185157837903,2488.5769191834984,2428.1256579887577,2478.501708984375,240400,0.0,0.0
2005-03-09 00:00:00+09:00,2465.0690356083865,2505.369891776371,2465.0690356083865,2495.294677734375,169600,0.0,0.0
2005-03-10 00:00:00+09:00,2485.2187185824396,2515.44435164628,2475.1435075611594,2505.369140625,145800,0.0,0.0
2005-03-11 00:00:00+09:00,2505.3692869815527,2572.537364380522,2505.3692869815527,2565.820556640625,271400,0.0,0.0
2005-03-14 00:00:00+09:00,2606.1216686514454,2622.913689712344,2532.236775983492,2555.74560546875,129400,0.0,0.0
2005-03-15 00:00:00+09:00,2599.4041201942846,2599.4041201942846,2538.9528615851154,2552.386474609375,60600,0.0,0.0
2005-03-16 00:00:00+09:00,2535.5951292359987,2592.6879996956172,2512.0863002232145,2585.97119140625,113600,0.0,0.0
2005-03-17 00:00:00+09:00,2602.763252708265,2602.763252708265,2545.6703813585355,2562.46240234375,54400,0.0,0.0
2005-03-18 00:00:00+09:00,2575.895990371704,2582.612798690796,2559.1039695739746,2579.25439453125,44800,0.0,0.0
2005-03-21 00:00:00+09:00,2579.25439453125,2579.25439453125,2579.25439453125,2579.25439453125,0,0.0,0.0
2005-03-22 00:00:00+09:00,2606.121796474872,2639.7058402438784,2599.404987721071,2622.913818359375,94600,0.0,0.0
2005-03-23 00:00:00+09:00,2626.2722227362756,2626.2722227362756,2555.745730821363,2622.913818359375,173000,0.0,0.0
2005-03-24 00:00:00+09:00,2626.272672505361,2666.573531929995,2616.197457649202,2643.064697265625,190400,0.0,0.0
2005-03-25 00:00:00+09:00,2636.3473422673896,2676.648193359375,2632.9889380097243,2676.648193359375,117200,0.0,0.0
2005-03-28 00:00:00+09:00,2676.647964700838,2777.7807593368902,2673.2768715463035,2764.29638671875,156400,15.0,0.0
2005-03-29 00:00:00+09:00,2700.24609375,2737.328125,2636.1953125,2653.05078125,78400,0.0,0.0
2005-03-30 00:00:00+09:00,2599.112066847278,2622.7097120715725,2585.6276981476813,2612.596435546875,118000,0.0,0.0
2005-03-31 00:00:00+09:00,2578.886238009773,2629.452634833494,2572.14405176661,2619.33935546875,216000,0.0,0.0
2005-04-01 00:00:00+09:00,2609.226077352776,2642.937008584724,2585.6284254904126,2626.08154296875,203400,0.0,0.0
2005-04-04 00:00:00+09:00,2632.8237156528285,2632.8237156528285,2538.4331086896027,2555.28857421875,134200,0.0,0.0
2005-04-05 00:00:00+09:00,2585.62890625,2589.0,2548.546875,2548.546875,67000,0.0,0.0
2005-04-06 00:00:00+09:00,2545.1755351536426,2585.628656242177,2521.5778811853306,2524.948974609375,80000,0.0,0.0
2005-04-07 00:00:00+09:00,2524.948976549565,2555.2888173892798,2501.3513225631204,2545.175537109375,210200,0.0,0.0
2005-04-08 00:00:00+09:00,2642.9362651209676,2663.1628181703627,2595.740974672379,2612.596435546875,218200,0.0,0.0
2005-04-11 00:00:00+09:00,2595.7421875,2639.56640625,2589.0,2592.37109375,56800,0.0,0.0
2005-04-12 00:00:00+09:00,2575.514888723273,2609.225816586143,2562.030517578125,2562.030517578125,52400,0.0,0.0
2005-04-13 00:00:00+09:00,2545.1752955420375,2605.854971462245,2541.804202435359,2558.65966796875,56600,0.0,0.0
2005-04-14 00:00:00+09:00,2531.690668919131,2531.690668919131,2501.35083400532,2514.835205078125,69200,0.0,0.0
2005-04-15 00:00:00+09:00,2447.413818022629,2487.866938981681,2437.3005377828663,2444.042724609375,176000,0.0,0.0
2005-04-18 00:00:00+09:00,2393.4748291015626,2417.0724682617188,2342.9084594726564,2359.763916015625,139000,0.0,0.0
2005-04-19 00:00:00+09:00,2413.702883890086,2457.527098262392,2376.6208563442888,2444.042724609375,182600,0.0,0.0
2005-04-20 00:00:00+09:00,2410.331786080693,2413.702879487799,2373.2497586025283,2400.218505859375,178800,0.0,0.0
2005-04-21 00:00:00+09:00,2299.085213569973,2336.167233143682,2285.6008428158966,2326.053955078125,200000,0.0,0.0
2005-04-22 00:00:00+09:00,2353.0217333984374,2386.732646484375,2342.9084594726564,2359.763916015625,116400,0.0,0.0
2005-04-25 00:00:00+09:00,2359.7646539861507,2386.7333928888493,2353.0224692604756,2373.2490234375,72600,0.0,0.0
2005-04-26 00:00:00+09:00,2342.909915572363,2383.3630364167775,2342.909915572363,2376.620849609375,70600,0.0,0.0
2005-04-27 00:00:00+09:00,2359.765135319663,2376.6206005719464,2349.6518561682933,2353.02294921875,99200,0.0,0.0
2005-04-28 00:00:00+09:00,2356.394291566999,2400.218505859375,2349.652104752787,2400.218505859375,99200,0.0,0.0
2005-04-29 00:00:00+09:00,2400.218505859375,2400.218505859375,2400.218505859375,2400.218505859375,0,0.0,0.0
2005-05-02 00:00:00+09:00,2410.3310546875,2420.444331840035,2379.9912232298952,2410.3310546875,94000,0.0,0.0
2005-05-03 00:00:00+09:00,2410.3310546875,2410.3310546875,2410.3310546875,2410.3310546875,0,0.0,0.0
2005-05-04 00:00:00+09:00,2410.3310546875,2410.3310546875,2410.3310546875,2410.3310546875,0,0.0,0.0
2005-05-05 00:00:00+09:00,2410.3310546875,2410.3310546875,2410.3310546875,2410.3310546875,0,0.0,0.0
2005-05-06 00:00:00+09:00,2417.0737345208768,2454.155758341978,2413.702641446231,2437.30029296875,139600,0.0,0.0
2005-05-09 00:00:00+09:00,2454.155517578125,2464.2687958099027,2410.331311907087,2454.155517578125,99200,0.0,0.0
2005-05-10 00:00:00+09:00,2454.155758341978,2454.155758341978,2423.815920670168,2437.30029296875,62000,0.0,0.0
2005-05-11 00:00:00+09:00,2440.671875,2444.04296875,2413.703125,2440.671875,122800,0.0,0.0
2005-05-12 00:00:00+09:00,2420.4445728672204,2427.186758306962,2396.846923828125,2396.846923828125,89000,0.0,0.0
2005-05-13 00:00:00+09:00,2383.36328125,2390.10546875,2363.13671875,2363.13671875,84600,0.0,0.0
2005-05-16 00:00:00+09:00,2369.878404405382,2393.4760556583515,2299.085450646473,2305.82763671875,120600,0.0,0.0
2005-05-17 00:00:00+09:00,2349.652094605028,2349.652094605028,2278.859133361548,2302.456787109375,161600,0.0,0.0
2005-05-18 00:00:00+09:00,2278.8584223935786,2359.7646385732323,2272.116237711941,2336.1669921875,145400,0.0,0.0
2005-05-19 00:00:00+09:00,2369.87890625,2369.87890625,2315.94140625,2363.13671875,83400,0.0,0.0
2005-05-20 00:00:00+09:00,2393.4760593364476,2400.2182454190856,2322.68310546875,2322.68310546875,102400,0.0,0.0
2005-05-23 00:00:00+09:00,2332.796875,2369.87890625,2332.796875,2363.13671875,53600,0.0,0.0
2005-05-24 00:00:00+09:00,2346.281741103685,2363.137213381729,2329.4262688256413,2332.79736328125,97800,0.0,0.0
2005-05-25 00:00:00+09:00,2329.425291551388,2342.9096637166635,2319.312012427431,2322.68310546875,92800,0.0,0.0
2005-05-26 00:00:00+09:00,2309.199702091989,2342.910646648076,2309.199702091989,2332.79736328125,59800,0.0,0.0
2005-05-27 00:00:00+09:00,2299.086192874089,2299.086192874089,2177.726804393932,2197.953369140625,351800,0.0,0.0
2005-05-30 00:00:00+09:00,2204.6950720361915,2241.7770992416936,2204.6950720361915,2238.406005859375,120200,0.0,0.0
2005-05-31 00:00:00+09:00,2245.1479627623175,2309.19873046875,2245.1479627623175,2309.19873046875,270400,0.0,0.0
2005-06-01 00:00:00+09:00,2288.971936547463,2336.167234208235,2268.745380407132,2329.425048828125,152600,0.0,0.0
2005-06-02 00:00:00+09:00,2332.79614151818,2349.651604968456,2319.3117707579595,2329.425048828125,196000,0.0,0.0
2005-06-03 00:00:00+09:00,2342.9096601162737,2342.9096601162737,2299.085450646473,2305.82763671875,84000,0.0,0.0
2005-06-06 00:00:00+09:00,2312.5695681423613,2312.5695681423613,2268.745363498264,2275.487548828125,83600,0.0,0.0
2005-06-07 00:00:00+09:00,2285.6010669091506,2285.6010669091506,2228.29248558547,2251.89013671875,91000,0.0,0.0
2005-06-08 00:00:00+09:00,2272.1166948329906,2275.4877878520306,2228.29248558547,2251.89013671875,73400,0.0,0.0
2005-06-09 00:00:00+09:00,2245.1476984197443,2265.3742542613636,2224.921142578125,2224.921142578125,127800,0.0,0.0
2005-06-10 00:00:00+09:00,2218.1796875,2241.77734375,2218.1796875,2231.6640625,177600,0.0,0.0
2005-06-13 00:00:00+09:00,2224.9216301173064,2231.6638168752374,2214.8083499804093,2218.179443359375,86800,0.0,0.0
2005-06-14 00:00:00+09:00,2224.921875,2238.40625,2221.55078125,2231.6640625,61800,0.0,0.0
2005-06-15 00:00:00+09:00,2262.003664630001,2295.7145985291068,2231.6638241208057,2285.601318359375,221200,0.0,0.0
2005-06-16 00:00:00+09:00,2315.9409158271656,2315.9409158271656,2278.858892429642,2305.82763671875,148200,0.0,0.0
2005-06-17 00:00:00+09:00,2326.0542020330513,2346.2807603115994,2315.940922893777,2339.53857421875,97000,0.0,0.0
2005-06-20 00:00:00+09:00,2346.2810055080936,2353.0231923055308,2315.9411649196268,2342.909912109375,46400,0.0,0.0
2005-06-21 00:00:00+09:00,2342.9086743483895,2349.650857583925,2248.5181090509004,2315.93994140625,87800,0.0,0.0
2005-06-22 00:00:00+09:00,2319.311769701087,2336.167233143682,2305.827398947011,2326.053955078125,91000,0.0,0.0
2005-06-23 00:00:00+09:00,2319.3120074230205,2322.6831004570654,2292.34326315066,2299.08544921875,55200,0.0,0.0
2005-06-24 00:00:00+09:00,2285.6013190774356,2292.343505859375,2262.003665340648,2292.343505859375,74200,0.0,0.0
2005-06-27 00:00:00+09:00,2262.00390625,2272.1171875,2224.921875,2231.6640625,108600,0.0,0.0
2005-06-28 00:00:00+09:00,2235.034914660098,2258.632568359375,2228.292727888876,2258.632568359375,113800,0.0,0.0
2005-06-29 00:00:00+09:00,2282.2299861713045,2309.19873046875,2282.2299861713045,2309.19873046875,106800,0.0,0.0
2005-06-30 00:00:00+09:00,2305.8278805019218,2305.8278805019218,2265.3747597913616,2302.456787109375,114800,0.0,0.0
2005-07-01 00:00:00+09:00,2305.8266665529477,2332.795399495087,2295.713391699645,2315.93994140625,172400,0.0,0.0
2005-07-04 00:00:00+09:00,2349.652835559294,2349.652835559294,2319.312985458815,2332.79736328125,78800,0.0,0.0
2005-07-05 00:00:00+09:00,2339.53857421875,2339.53857421875,2309.1987368009277,2339.53857421875,103600,0.0,0.0
2005-07-06 00:00:00+09:00,2312.5700662051927,2315.9411595961624,2288.9724124684053,2292.343505859375,83000,0.0,0.0
2005-07-07 00:00:00+09:00,2278.8588830802905,2278.8588830802905,2241.776859834901,2262.00341796875,119400,0.0,0.0
2005-07-08 00:00:00+09:00,2241.7763873228096,2295.7138643110275,2241.7763873228096,2288.9716796875,66200,0.0,0.0
2005-07-11 00:00:00+09:00,2309.198233558082,2309.198233558082,2282.229495063973,2288.9716796875,58000,0.0,0.0
2005-07-12 00:00:00+09:00,2288.9724099327873,2288.9724099327873,2262.0036628349044,2268.745849609375,81800,0.0,0.0
2005-07-13 00:00:00+09:00,2278.8588838123137,2278.8588838123137,2251.890139625186,2265.37451171875,73200,0.0,0.0
2005-07-14 00:00:00+09:00,2265.3742598684207,2265.3742598684207,2241.776611328125,2241.776611328125,146800,0.0,0.0
2005-07-15 00:00:00+09:00,2248.51928600633,2251.8903793886484,2231.6638190947383,2238.406005859375,137800,0.0,0.0
2005-07-18 00:00:00+09:00,2238.406005859375,2238.406005859375,2238.406005859375,2238.406005859375,0,0.0,0.0
2005-07-19 00:00:00+09:00,2238.40625,2238.40625,2218.1796875,2221.55078125,87600,0.0,0.0
2005-07-20 00:00:00+09:00,2218.179443359375,2231.6638168752374,2214.8083499804093,2218.179443359375,108800,0.0,0.0
2005-07-21 00:00:00+09:00,2218.179443359375,2221.5505367383407,2208.0661632224783,2218.179443359375,101800,0.0,0.0
2005-07-22 00:00:00+09:00,2248.51953125,2248.51953125,2208.06640625,2211.4375,57800,0.0,0.0
2005-07-25 00:00:00+09:00,2211.4367596783513,2224.921130164195,2177.725833463742,2187.839111328125,122000,0.0,0.0
2005-07-26 00:00:00+09:00,2191.2106918476684,2191.2106918476684,2174.355224987302,2177.726318359375,62400,0.0,0.0
2005-07-27 00:00:00+09:00,2184.4677764423077,2221.5497911658654,2181.0966841947115,2191.2099609375,102600,0.0,0.0
2005-07-28 00:00:00+09:00,2197.953369140625,2208.0666515139715,2181.097898518381,2197.953369140625,176400,0.0,0.0
2005-07-29 00:00:00+09:00,2211.4375,2238.40625,2197.953125,2231.6640625,148800,0.0,0.0
2005-08-01 00:00:00+09:00,2241.776611328125,2262.003167219807,2235.0344260308975,2241.776611328125,157600,0.0,0.0
2005-08-02 00:00:00+09:00,2248.519774660758,2262.0041511204927,2248.519774660758,2255.261962890625,110800,0.0,0.0
2005-08-03 00:00:00+09:00,2255.260992838542,2275.487548828125,2245.1477148437502,2275.487548828125,176200,0.0,0.0
2005-08-04 00:00:00+09:00,2278.859375,2278.859375,2218.1796875,2221.55078125,126400,0.0,0.0
2005-08-05 00:00:00+09:00,2218.179442987776,2231.663816501379,2208.066162852573,2214.808349609375,75600,0.0,0.0
2005-08-08 00:00:00+09:00,2211.436761952765,2214.807854577693,2167.612557828701,2194.581298828125,113000,0.0,0.0
2005-08-09 00:00:00+09:00,2218.1792058072524,2251.890135986694,2208.06592675342,2248.51904296875,123000,0.0,0.0
2005-08-10 00:00:00+09:00,2268.7453793733016,2326.053955078125,2245.1477305536687,2326.053955078125,111200,0.0,0.0
2005-08-11 00:00:00+09:00,2342.9096920154325,2474.38232221486,2342.9096920154325,2464.26904296875,319400,0.0,0.0
2005-08-12 00:00:00+09:00,2471.0114719154094,2477.753658741918,2444.042724609375,2444.042724609375,164000,0.0,0.0
2005-08-15 00:00:00+09:00,2471.011239619938,2521.5776360650934,2444.042494849188,2518.20654296875,166200,0.0,0.0
2005-08-16 00:00:00+09:00,2531.690667929425,2541.8039462300753,2484.4953691930577,2511.464111328125,224800,0.0,0.0
2005-08-17 00:00:00+09:00,2484.4951185107557,2518.206042778201,2484.4951185107557,2487.8662109375,95800,0.0,0.0
2005-08-18 00:00:00+09:00,2521.577638020833,2538.4331035156247,2501.3510794270833,2528.31982421875,162400,0.0,0.0
2005-08-19 00:00:00+09:00,2524.9487238614256,2524.9487238614256,2474.3823275224117,2491.23779296875,75400,0.0,0.0
2005-08-22 00:00:00+09:00,2494.6089001930027,2578.886227902226,2484.495620867896,2565.40185546875,192600,0.0,0.0
2005-08-23 00:00:00+09:00,2572.144040395463,2615.9682507822795,2555.288574862072,2558.65966796875,158600,0.0,0.0
2005-08-24 00:00:00+09:00,2565.401857386085,2582.257322940527,2541.8042056098657,2575.51513671875,82400,0.0,0.0
2005-08-25 00:00:00+09:00,2568.772950496973,2575.51513671875,2541.8042056098657,2575.51513671875,97000,0.0,0.0
2005-08-26 00:00:00+09:00,2562.0307623603812,2578.886227902226,2551.9174830352745,2565.40185546875,44800,0.0,0.0
2005-08-29 00:00:00+09:00,2572.143784140521,2572.143784140521,2518.206299807299,2521.577392578125,81800,0.0,0.0
2005-08-30 00:00:00+09:00,2545.175537109375,2548.5466305360096,2528.3200699762,2545.175537109375,41000,0.0,0.0
2005-08-31 00:00:00+09:00,2528.3195829961405,2558.6594179920944,2518.206304664156,2538.432861328125,99000,0.0,0.0
2005-09-01 00:00:00+09:00,2541.804201795432,2565.401853536239,2541.804201795432,2555.28857421875,72000,0.0,0.0
2005-09-02 00:00:00+09:00,2551.9177239626447,2551.9177239626447,2528.3200699762,2545.175537109375,87600,0.0,0.0
2005-09-05 00:00:00+09:00,2521.5774041426807,2562.030517578125,2521.5774041426807,2562.030517578125,81400,0.0,0.0
2005-09-06 00:00:00+09:00,2531.6909231153245,2558.65966796875,2531.6909231153245,2558.65966796875,82000,0.0,0.0
2005-09-07 00:00:00+09:00,2545.174803392324,2555.288080756797,2514.8349712989057,2541.8037109375,90400,0.0,0.0
2005-09-08 00:00:00+09:00,2528.319341118203,2541.8037109375,2514.8349712989057,2541.8037109375,109400,0.0,0.0
2005-09-09 00:00:00+09:00,2528.3198293721143,2562.0307604304094,2518.206550054626,2555.28857421875,290800,0.0,0.0
2005-09-12 00:00:00+09:00,2588.999512987013,2626.0815372615666,2588.999512987013,2595.74169921875,93800,0.0,0.0
2005-09-13 00:00:00+09:00,2622.710449845555,2646.308101707919,2609.226077352776,2626.08154296875,110800,0.0,0.0
2005-09-14 00:00:00+09:00,2626.0815385413293,2626.0815385413293,2582.2573280136817,2602.48388671875,95800,0.0,0.0
2005-09-15 00:00:00+09:00,2659.792472927727,2659.792472927727,2619.33935546875,2619.33935546875,159400,0.0,0.0
2005-09-16 00:00:00+09:00,2629.4528842545037,2666.534912109375,2595.7419498409845,2666.534912109375,149400,0.0,0.0
2005-09-19 00:00:00+09:00,2666.534912109375,2666.534912109375,2666.534912109375,2666.534912109375,0,0.0,0.0
2005-09-20 00:00:00+09:00,2666.5349178361303,2730.585693359375,2666.5349178361303,2730.585693359375,124400,0.0,0.0
2005-09-21 00:00:00+09:00,2744.070067153742,2747.441160602334,2700.2458523220484,2730.585693359375,140600,0.0,0.0
2005-09-22 00:00:00+09:00,2723.8435064621913,2757.5544409481095,2686.7614785276814,2730.585693359375,87400,0.0,0.0
2005-09-23 00:00:00+09:00,2730.585693359375,2730.585693359375,2730.585693359375,2730.585693359375,0,0.0,0.0
2005-09-26 00:00:00+09:00,2730.585009077905,2872.1708984375,2730.585009077905,2872.1708984375,127200,0.0,0.0
2005-09-27 00:00:00+09:00,2875.5537816860897,2878.936786135132,2838.3407327466225,2848.48974609375,129600,15.0,0.0
2005-09-28 00:00:00+09:00,2814.6600673652697,2845.1071113632115,2787.596028255988,2824.80908203125,158200,0.0,0.0
2005-09-29 00:00:00+09:00,2875.555096511239,3031.173372322435,2851.8740545399696,3000.726318359375,402400,0.0,0.0
2005-09-30 00:00:00+09:00,2933.0656922704025,2973.661757215322,2821.4265136718755,2821.426513671875,162800,0.0,0.0
2005-10-03 00:00:00+09:00,2855.257020062649,2882.3210676461813,2834.958984375,2834.958984375,117800,0.0,0.0
2005-10-04 00:00:00+09:00,2841.724492462588,2882.320556640625,2834.9584817662485,2882.320556640625,95600,0.0,0.0
2005-10-05 00:00:00+09:00,2838.3417566193098,2855.2567849662664,2794.3626829172226,2851.873779296875,171600,0.0,0.0
2005-10-06 00:00:00+09:00,2787.5959107035023,2824.8089629094957,2760.5318727355075,2801.1279296875,199200,0.0,0.0
2005-10-07 00:00:00+09:00,2753.766345048864,2763.9153610625576,2655.6591902498258,2736.851318359375,259000,0.0,0.0
2005-10-10 00:00:00+09:00,2736.851318359375,2736.851318359375,2736.851318359375,2736.851318359375,0,0.0,0.0
2005-10-11 00:00:00+09:00,2787.596157393743,2865.4052734375,2784.213152348362,2865.4052734375,123800,0.0,0.0
2005-10-12 00:00:00+09:00,2834.958632584064,2956.746831597222,2824.8096159996344,2892.4697265625,156200,0.0,0.0
2005-10-13 00:00:00+09:00,2878.9376261723273,2919.53369140625,2858.6395935553664,2919.53369140625,125400,0.0,0.0
2005-10-14 00:00:00+09:00,2909.384765625,2916.1507767078488,2855.2566769622094,2909.384765625,122400,0.0,0.0
2005-10-17 00:00:00+09:00,2909.383736766953,2922.9157541472646,2875.5536933161748,2906.000732421875,88800,0.0,0.0
2005-10-18 00:00:00+09:00,2848.490556968488,2858.6395732047176,2801.1284811994155,2821.426513671875,133000,0.0,0.0
2005-10-19 00:00:00+09:00,2814.6604516806724,2834.958483784139,2770.681382123162,2818.04345703125,75600,0.0,0.0
2005-10-20 00:00:00+09:00,2885.7035619887947,2902.6185887296433,2848.4905031589274,2882.320556640625,112200,0.0,0.0
2005-10-21 00:00:00+09:00,2818.0439596737133,2933.066162109375,2797.745923949773,2933.066162109375,102400,0.0,0.0
2005-10-24 00:00:00+09:00,2912.7677711664246,2919.5337822492734,2878.9377157521803,2909.384765625,94600,0.0,0.0
2005-10-25 00:00:00+09:00,2919.5331883285985,2966.8952562736745,2895.852154356061,2902.6181640625,144800,0.0,0.0
2005-10-26 00:00:00+09:00,2902.6185485491073,2960.129638671875,2902.6185485491073,2960.129638671875,93400,0.0,0.0
2005-10-27 00:00:00+09:00,2970.278939773787,3173.25927734375,2956.746917269123,3173.25927734375,258400,0.0,0.0
2005-10-28 00:00:00+09:00,3129.280470106337,3129.280470106337,3041.3223163519965,3044.705322265625,182000,0.0,0.0
2005-10-31 00:00:00+09:00,3048.0876610008445,3142.8118058488176,3048.0876610008445,3129.27978515625,187400,0.0,0.0
2005-11-01 00:00:00+09:00,3224.0036397763447,3291.663737148356,3224.0036397763447,3254.45068359375,197800,0.0,0.0
2005-11-02 00:00:00+09:00,3207.0900594777077,3207.0900594777077,3108.982874113938,3139.429931640625,178400,0.0,0.0
2005-11-03 00:00:00+09:00,3139.429931640625,3139.429931640625,3139.429931640625,3139.429931640625,0,0.0,0.0
2005-11-04 00:00:00+09:00,3152.9612326668007,3193.557300040193,3129.280193365655,3156.34423828125,229000,0.0,0.0
2005-11-07 00:00:00+09:00,3149.5783588582444,3149.5783588582444,3112.3652955419816,3132.663330078125,93000,0.0,0.0
2005-11-08 00:00:00+09:00,3119.130361360569,3122.513366090895,3041.321252563071,3054.853271484375,157600,0.0,0.0
2005-11-09 00:00:00+09:00,3051.471038241275,3085.3010940976083,3041.322021484375,3041.322021484375,76000,0.0,0.0
2005-11-10 00:00:00+09:00,3044.7046413273447,3054.853656798436,3000.7255742859497,3048.087646484375,106600,0.0,0.0
2005-11-11 00:00:00+09:00,3048.0880945700965,3105.599190694061,3048.0880945700965,3061.6201171875,85400,0.0,0.0
2005-11-14 00:00:00+09:00,3095.4495613081153,3102.215571278188,3021.023451637319,3037.9384765625,90600,0.0,0.0
2005-11-15 00:00:00+09:00,3048.0884962815503,3048.0884962815503,2970.279355976916,2990.577392578125,57800,0.0,0.0
2005-11-16 00:00:00+09:00,2980.42674214861,3058.23583984375,2929.6816784343887,3058.23583984375,98000,0.0,0.0
2005-11-17 00:00:00+09:00,3051.470391970533,3142.8115234375,3021.0233481482105,3142.8115234375,115400,0.0,0.0
2005-11-18 00:00:00+09:00,3213.854522705078,3278.13161315918,3210.471517944336,3247.6845703125,173800,0.0,0.0
2005-11-21 00:00:00+09:00,3200.322324601299,3213.85434288714,3078.534160028734,3108.981201171875,181800,0.0,0.0
2005-11-22 00:00:00+09:00,3112.365223702186,3156.344297515369,3071.7691555669403,3095.4501953125,182600,0.0,0.0
2005-11-23 00:00:00+09:00,3095.4501953125,3095.4501953125,3095.4501953125,3095.4501953125,0,0.0,0.0
2005-11-24 00:00:00+09:00,3078.534273188165,3098.832301363032,2963.5121135305853,3021.023193359375,169000,0.0,0.0
2005-11-25 00:00:00+09:00,2983.8101777805114,3081.917315145177,2953.363135150098,3007.4912109375,313000,0.0,0.0
2005-11-28 00:00:00+09:00,3041.32206158345,3085.3011347765364,2977.0449546089385,3027.7900390625,117600,0.0,0.0
2005-11-29 00:00:00+09:00,3058.2362450132982,3081.917277883976,3010.8741792719416,3021.023193359375,200600,0.0,0.0
2005-11-30 00:00:00+09:00,3017.640793487514,3021.023798861379,2963.5127075056753,2980.427734375,153800,0.0,0.0
2005-12-01 00:00:00+09:00,3010.874653034382,3010.874653034382,2933.065532787426,3004.108642578125,244600,0.0,0.0
2005-12-02 00:00:00+09:00,3037.938105171212,3108.981201171875,3010.874068599531,3108.981201171875,186400,0.0,0.0
2005-12-05 00:00:00+09:00,3112.365234375,3129.28026282269,3088.684194548234,3112.365234375,129800,0.0,0.0
2005-12-06 00:00:00+09:00,3122.5140460818093,3173.2591280874726,3092.0669968784114,3098.8330078125,182200,0.0,0.0
2005-12-07 00:00:00+09:00,3129.278931187969,3163.1089736872987,3129.278931187969,3152.9599609375,245400,0.0,0.0
2005-12-08 00:00:00+09:00,3156.3438115093477,3156.3438115093477,3024.4066103851624,3048.087646484375,170000,0.0,0.0
2005-12-09 00:00:00+09:00,3031.171994274809,3122.513114638001,3021.022980901121,3102.215087890625,220600,0.0,0.0
2005-12-12 00:00:00+09:00,3132.6619354379022,3193.556011936695,3102.214897188506,3152.9599609375,154600,0.0,0.0
2005-12-13 00:00:00+09:00,3163.109469943576,3163.109469943576,3075.15134564568,3105.598388671875,233200,0.0,0.0
2005-12-14 00:00:00+09:00,3139.4291655257393,3152.9611877909365,3081.9180708986514,3088.68408203125,165200,0.0,0.0
2005-12-15 00:00:00+09:00,3092.0672300571146,3132.6632987230723,3081.918212890625,3081.918212890625,126600,0.0,0.0
2005-12-16 00:00:00+09:00,3065.0027874696602,3176.6419618476943,3065.0027874696602,3136.0458984375,196400,0.0,0.0
2005-12-19 00:00:00+09:00,3139.4294335725895,3156.344462848304,3095.450357455732,3122.514404296875,115200,0.0,0.0
2005-12-20 00:00:00+09:00,3125.897257133152,3146.1952912703805,3102.2162173063857,3112.365234375,123000,0.0,0.0
2005-12-21 00:00:00+09:00,3132.6627410856313,3193.556833244963,3112.364710365854,3190.173828125,122000,0.0,0.0
2005-12-22 00:00:00+09:00,3173.2599955591663,3183.4090147347288,3119.1318932895006,3139.429931640625,110600,0.0,0.0
2005-12-23 00:00:00+09:00,3139.429931640625,3139.429931640625,3139.429931640625,3139.429931640625,0,0.0,0.0
2005-12-26 00:00:00+09:00,3180.0251509907707,3180.0251509907707,3115.748046875,3115.748046875,45000,0.0,0.0
2005-12-27 00:00:00+09:00,3095.4500185676798,3108.9820405067735,3051.470947265625,3051.470947265625,92200,0.0,0.0
2005-12-28 00:00:00+09:00,3044.7044633320697,3088.683527802422,3031.1724434950384,3068.385498046875,43400,0.0,0.0
2005-12-29 00:00:00+09:00,3102.216005607571,3102.216005607571,3010.8748582232693,3017.640869140625,93600,0.0,0.0
2005-12-30 00:00:00+09:00,3010.8755465916224,3065.003646305629,2993.960515430995,3031.173583984375,140600,0.0,0.0
2006-01-02 00:00:00+09:00,3031.173583984375,3031.173583984375,3031.173583984375,3031.173583984375,0,0.0,0.0
2006-01-03 00:00:00+09:00,3031.173583984375,3031.173583984375,3031.173583984375,3031.173583984375,0,0.0,0.0
2006-01-04 00:00:00+09:00,3098.8326605665343,3105.598670742444,3058.2365995110777,3092.066650390625,89400,0.0,0.0
2006-01-05 00:00:00+09:00,3078.53538140191,3078.53538140191,3034.5563045247395,3044.705322265625,148800,0.0,0.0
2006-01-06 00:00:00+09:00,3051.4708074020127,3061.6198233911546,2993.959716796875,2993.959716796875,258000,0.0,0.0
2006-01-09 00:00:00+09:00,2993.959716796875,2993.959716796875,2993.959716796875,2993.959716796875,0,0.0,0.0
2006-01-10 00:00:00+09:00,3004.1081271701387,3007.491131817853,2919.533010977286,2922.916015625,221000,0.0,0.0
2006-01-11 00:00:00+09:00,2926.298809968089,2960.1288540139626,2875.553743899278,2956.745849609375,233400,0.0,0.0
2006-01-12 00:00:00+09:00,2946.597422649869,2953.363432805207,2882.320326174154,2899.2353515625,273400,0.0,0.0
2006-01-13 00:00:00+09:00,2902.617710658482,2909.3837193080353,2841.7236328125,2841.7236328125,196200,0.0,0.0
2006-01-16 00:00:00+09:00,2872.1707245489933,2875.553728935977,2831.5746719051913,2845.106689453125,116400,0.0,0.0
2006-01-17 00:00:00+09:00,2838.3418271719693,2899.2359307346574,2807.894775390625,2807.894775390625,142800,0.0,0.0
2006-01-18 00:00:00+09:00,2740.2340652693565,2790.9791405521223,2642.1269197226757,2719.93603515625,225000,0.0,0.0
2006-01-19 00:00:00+09:00,2750.3828074813896,2797.744873046875,2723.318770015398,2797.744873046875,210200,0.0,0.0
2006-01-20 00:00:00+09:00,2828.192147582117,2828.192147582117,2723.3189937842153,2780.830078125,173200,0.0,0.0
2006-01-23 00:00:00+09:00,2740.2340652693565,2807.8941656463776,2719.93603515625,2719.93603515625,132200,0.0,0.0
2006-01-24 00:00:00+09:00,2730.0844214462654,2780.829485041921,2730.0844214462654,2774.0634765625,121600,0.0,0.0
2006-01-25 00:00:00+09:00,2757.1488168478877,2824.8089105128665,2757.1488168478877,2797.744873046875,124400,0.0,0.0
2006-01-26 00:00:00+09:00,2811.2769228480624,2838.340960613146,2797.7449039655207,2831.574951171875,71400,0.0,0.0
2006-01-27 00:00:00+09:00,2899.235480506141,3004.108642578125,2878.9374491373696,3004.108642578125,276400,0.0,0.0
2006-01-30 00:00:00+09:00,3034.5554284930636,3034.5554284930636,2960.129319878964,2987.193359375,142200,0.0,0.0
2006-01-31 00:00:00+09:00,2990.577392578125,3010.875429179334,2943.215307175304,2990.577392578125,159000,0.0,0.0
2006-02-01 00:00:00+09:00,2990.5767114671607,3010.874743445445,2956.746658170021,2993.959716796875,131400,0.0,0.0
2006-02-02 00:00:00+09:00,3024.405937701123,3054.8529773424093,2939.8308275864383,2956.745849609375,160800,0.0,0.0
2006-02-03 00:00:00+09:00,2970.2784581935534,2970.2784581935534,2848.490275397462,2899.2353515625,180200,0.0,0.0
2006-02-06 00:00:00+09:00,2902.617710658482,2949.979771205357,2841.7236328125,2936.44775390625,140400,0.0,0.0
2006-02-07 00:00:00+09:00,2956.7472037873054,2966.8962216492755,2889.0870847075043,2933.066162109375,128000,0.0,0.0
2006-02-08 00:00:00+09:00,2909.384742647059,2956.7468198529414,2858.639659926471,2875.5546875,162800,0.0,0.0
2006-02-09 00:00:00+09:00,2858.6392633467385,2906.0013339820694,2851.873253255977,2865.4052734375,173200,0.0,0.0
2006-02-10 00:00:00+09:00,2875.5545479910716,2892.4695747439605,2780.830398174895,2818.04345703125,217000,0.0,0.0
2006-02-13 00:00:00+09:00,2821.4265046296296,2821.4265046296296,2726.702353395062,2740.234375,108000,0.0,0.0
2006-02-14 00:00:00+09:00,2750.3831844661136,2807.894271964175,2692.872096968052,2726.7021484375,138000,0.0,0.0
2006-02-15 00:00:00+09:00,2774.0640453425844,2811.277099609375,2747.0000058758274,2811.277099609375,218600,0.0,0.0
2006-02-16 00:00:00+09:00,2807.893918127427,2868.788003098865,2787.595889803614,2831.574951171875,136200,0.0,0.0
2006-02-17 00:00:00+09:00,2811.277099609375,2868.7881834762334,2797.7450798759965,2811.277099609375,137200,0.0,0.0
2006-02-20 00:00:00+09:00,2824.809261087342,2872.1713325307223,2787.5962049532573,2804.51123046875,173800,0.0,0.0
2006-02-21 00:00:00+09:00,2838.3412814997364,2855.2563070152296,2777.4471896439613,2804.51123046875,150400,0.0,0.0
2006-02-22 00:00:00+09:00,2821.4265928845716,2841.724625926907,2780.8305267999017,2794.362548828125,163400,0.0,0.0
2006-02-23 00:00:00+09:00,2824.809604779412,2892.4697150735296,2784.2135386029413,2875.5546875,117000,0.0,0.0
2006-02-24 00:00:00+09:00,2878.937321096485,2919.5333820285155,2851.873280475131,2899.2353515625,78200,0.0,0.0
2006-02-27 00:00:00+09:00,2902.618060245692,2922.9160886390187,2872.1710176557026,2895.85205078125,76600,0.0,0.0
2006-02-28 00:00:00+09:00,2902.6185607910156,2977.044677734375,2855.2564863725142,2977.044677734375,165000,0.0,0.0
2006-03-01 00:00:00+09:00,2892.4697150735296,2916.1507536764707,2828.192610294118,2875.5546875,166200,0.0,0.0
2006-03-02 00:00:00+09:00,2899.2353515625,2919.5333820285155,2865.4053007858083,2899.2353515625,99000,0.0,0.0
2006-03-03 00:00:00+09:00,2865.405202155566,2865.405202155566,2770.681063241332,2780.830078125,144800,0.0,0.0
2006-03-06 00:00:00+09:00,2790.97990705176,2834.958984375,2757.149847572345,2834.958984375,104000,0.0,0.0
2006-03-07 00:00:00+09:00,2804.5108980032114,2824.8089262155386,2774.0638556847207,2814.659912109375,90200,0.0,0.0
2006-03-08 00:00:00+09:00,2831.5748344870176,2838.3408436494715,2760.53173828125,2760.53173828125,105200,0.0,0.0
2006-03-09 00:00:00+09:00,2794.3629129997016,2834.958984375,2770.681871364111,2834.958984375,121000,0.0,0.0
2006-03-10 00:00:00+09:00,2801.1285773026316,2922.9167763157893,2801.1285773026316,2892.4697265625,228400,0.0,0.0
2006-03-13 00:00:00+09:00,2977.0439305676537,2977.0439305676537,2892.4688189037997,2912.766845703125,195200,0.0,0.0
2006-03-14 00:00:00+09:00,2892.4691865371597,2906.0012061232987,2851.8731277787433,2889.086181640625,160800,0.0,0.0
2006-03-15 00:00:00+09:00,2922.9171390214797,2922.9171390214797,2831.5759784270585,2834.958984375,176600,0.0,0.0
2006-03-16 00:00:00+09:00,2845.1071723882296,2858.6391922331204,2763.9150533188867,2780.830078125,217600,0.0,0.0
2006-03-17 00:00:00+09:00,2807.8945708563483,2818.043587377516,2760.5324937575665,2794.362548828125,127200,0.0,0.0
2006-03-20 00:00:00+09:00,2794.361920195501,2834.957977147494,2774.0638917195047,2801.1279296875,77200,0.0,0.0
2006-03-21 00:00:00+09:00,2801.1279296875,2801.1279296875,2801.1279296875,2801.1279296875,0,0.0,0.0
2006-03-22 00:00:00+09:00,2807.8941876660274,2865.4052734375,2787.596157393743,2865.4052734375,179800,0.0,0.0
2006-03-23 00:00:00+09:00,2862.0226654411763,2909.384742647059,2855.256654411765,2875.5546875,191000,0.0,0.0
2006-03-24 00:00:00+09:00,2909.3841594067435,3017.6403141753667,2909.3841594067435,2997.34228515625,283800,0.0,0.0
2006-03-27 00:00:00+09:00,2993.959716796875,3031.1727754237286,2983.8107008077327,2993.959716796875,142600,0.0,0.0
2006-03-28 00:00:00+09:00,2980.3810180939618,3017.7206436053893,2980.3810180939618,3007.537109375,72800,15.0,0.0
2006-03-29 00:00:00+09:00,3024.510462318979,3061.85009765625,3010.9324131054254,3061.85009765625,118200,0.0,0.0
2006-03-30 00:00:00+09:00,3075.4276933782967,3167.0795120551334,3068.638669772605,3153.50146484375,206200,0.0,0.0
2006-03-31 00:00:00+09:00,3150.1072646775083,3150.1072646775083,3041.482876240353,3078.822509765625,179400,0.0,0.0
2006-04-03 00:00:00+09:00,3112.7671878177534,3153.501327680145,3089.0056062313583,3129.73974609375,136000,0.0,0.0
2006-04-04 00:00:00+09:00,3112.7675144479226,3112.7675144479226,3027.9047141630826,3058.455322265625,180800,0.0,0.0
2006-04-05 00:00:00+09:00,3109.373002436529,3112.7675144479226,3058.455322265625,3058.455322265625,108000,0.0,0.0
2006-04-06 00:00:00+09:00,3072.033822578296,3112.767972711931,3068.63931006716,3095.79541015625,98800,0.0,0.0
2006-04-07 00:00:00+09:00,3136.5286905126636,3150.106736791939,3095.794551674837,3116.16162109375,114000,0.0,0.0
2006-04-10 00:00:00+09:00,3139.923882823173,3143.318395128928,3075.428149013832,3105.978759765625,119400,0.0,0.0
2006-04-11 00:00:00+09:00,3078.8229630132428,3105.979064120306,3007.538197607203,3027.9052734375,121400,0.0,0.0
2006-04-12 00:00:00+09:00,3027.904473012985,3044.8770317182148,2970.197773415204,2973.59228515625,98000,0.0,0.0
2006-04-13 00:00:00+09:00,2976.987117975408,3000.748702725497,2875.151754760742,2987.170654296875,264600,0.0,0.0
2006-04-14 00:00:00+09:00,3041.4833052749723,3058.455868362444,2993.960128630051,3024.5107421875,195600,0.0,0.0
2006-04-17 00:00:00+09:00,3027.9056708885287,3038.089210140396,2980.3824877131483,3010.93310546875,109800,0.0,0.0
2006-04-18 00:00:00+09:00,3014.3271857443824,3021.1162109375,2976.9875471822334,3021.1162109375,237400,0.0,0.0
2006-04-19 00:00:00+09:00,3075.4282790583748,3109.373403551293,3024.5105923189976,3085.61181640625,169000,0.0,0.0
2006-04-20 00:00:00+09:00,3092.4008413048336,3112.7679160005846,3065.2447417104995,3085.61181640625,192800,0.0,0.0
2006-04-21 00:00:00+09:00,3089.005828095311,3139.923506580398,3058.455221004258,3126.345458984375,194400,0.0,0.0
2006-04-24 00:00:00+09:00,3092.4002163581454,3095.7947281214365,2976.9868164062495,2976.98681640625,375400,0.0,0.0
2006-04-25 00:00:00+09:00,3044.8776306152345,3129.7404408330503,3038.088605797809,3122.951416015625,198400,0.0,0.0
2006-04-26 00:00:00+09:00,3116.162032446663,3116.162032446663,3068.6388641958424,3102.583984375,210000,0.0,0.0
2006-04-27 00:00:00+09:00,3092.3999885905487,3105.9780346436355,3061.849384971103,3065.243896484375,205400,0.0,0.0
2006-04-28 00:00:00+09:00,3031.3001035962784,3055.06169455392,2973.5933826991486,3041.483642578125,151000,0.0,0.0
2006-05-01 00:00:00+09:00,3044.8768274047443,3112.767057670179,3044.8768274047443,3065.243896484375,92400,0.0,0.0
2006-05-02 00:00:00+09:00,3099.1890436503204,3153.5012284240393,3072.032951263461,3112.76708984375,157400,0.0,0.0
2006-05-03 00:00:00+09:00,3112.76708984375,3112.76708984375,3112.76708984375,3112.76708984375,0,0.0,0.0
2006-05-04 00:00:00+09:00,3112.76708984375,3112.76708984375,3112.76708984375,3112.76708984375,0,0.0,0.0
2006-05-05 00:00:00+09:00,3112.76708984375,3112.76708984375,3112.76708984375,3112.76708984375,0,0.0,0.0
2006-05-08 00:00:00+09:00,3146.712890625,3177.263501213592,3129.740329186893,3146.712890625,205800,0.0,0.0
2006-05-09 00:00:00+09:00,3116.162026459316,3129.7400745048903,3051.666298242838,3058.455322265625,186400,0.0,0.0
2006-05-10 00:00:00+09:00,3061.849529952391,3061.849529952391,2956.61966805824,2963.40869140625,273200,0.0,0.0
2006-05-11 00:00:00+09:00,3014.3260275230964,3099.18880982949,3000.7479823540734,3031.298583984375,281400,0.0,0.0
2006-05-12 00:00:00+09:00,2997.3546831071585,3014.327246431661,2936.253455138949,2943.04248046875,190200,0.0,0.0
2006-05-15 00:00:00+09:00,2926.068841510834,2983.7755356009548,2912.49079584257,2966.802978515625,170000,0.0,0.0
2006-05-16 00:00:00+09:00,2946.435856100844,2980.380969650393,2915.88525390625,2915.88525390625,155000,0.0,0.0
2006-05-17 00:00:00+09:00,2909.0958659808216,2926.068420624817,2854.783691120036,2895.517822265625,141800,0.0,0.0
2006-05-18 00:00:00+09:00,2847.995924907789,2881.941049161755,2814.050800653822,2861.573974609375,139200,0.0,0.0
2006-05-19 00:00:00+09:00,2837.8125,2854.785062799043,2797.0783492822966,2837.8125,171200,0.0,0.0
2006-05-22 00:00:00+09:00,2827.627666491997,2871.7563095464943,2783.4990234375,2783.4990234375,147800,0.0,0.0
2006-05-23 00:00:00+09:00,2780.1057319499305,2797.0782944160474,2739.37158203125,2739.37158203125,152000,0.0,0.0
2006-05-24 00:00:00+09:00,2719.0039559423394,2739.371026773368,2685.058837890625,2685.058837890625,148000,0.0,0.0
2006-05-25 00:00:00+09:00,2688.4536704009433,2752.949402392885,2685.059158190841,2698.63720703125,156400,0.0,0.0
2006-05-26 00:00:00+09:00,2834.4166255472414,2902.306844123223,2793.6824944016525,2895.517822265625,443600,0.0,0.0
2006-05-29 00:00:00+09:00,2963.40894159281,2976.9869894351596,2875.151630617537,2878.546142578125,313400,0.0,0.0
2006-05-30 00:00:00+09:00,2878.546370821221,2926.069542037609,2847.995760753543,2919.280517578125,238600,0.0,0.0
2006-05-31 00:00:00+09:00,2905.7026355421685,2905.7026355421685,2752.949576430723,2817.4453125,455600,0.0,0.0
2006-06-01 00:00:00+09:00,2834.4166885003815,2868.361798542302,2773.315490424924,2783.4990234375,172000,0.0,0.0
2006-06-02 00:00:00+09:00,2786.894364050663,2800.472412109375,2698.6370516690345,2800.472412109375,207600,0.0,0.0
2006-06-05 00:00:00+09:00,2800.472412109375,2831.0230202414773,2766.527291962595,2800.472412109375,163800,0.0,0.0
2006-06-06 00:00:00+09:00,2800.472425622694,2803.866937653752,2742.7657210947114,2759.73828125,246200,0.0,0.0
2006-06-07 00:00:00+09:00,2735.9768413423744,2746.1603779726806,2698.63720703125,2698.63720703125,182200,0.0,0.0
2006-06-08 00:00:00+09:00,2702.031358648969,2705.4258704060658,2583.223447150585,2593.406982421875,282000,0.0,0.0
2006-06-09 00:00:00+09:00,2715.6096716772154,2719.004183766812,2593.4072364517406,2681.66455078125,308800,0.0,0.0
2006-06-12 00:00:00+09:00,2647.7198728639983,2725.793663986911,2627.3527969188904,2719.004638671875,134600,0.0,0.0
2006-06-13 00:00:00+09:00,2719.004547039874,2719.004547039874,2613.774658203125,2613.774658203125,123600,0.0,0.0
2006-06-14 00:00:00+09:00,2600.19673712496,2674.87601678129,2600.19673712496,2637.536376953125,114200,0.0,0.0
2006-06-15 00:00:00+09:00,2688.4536704009433,2735.9768413423744,2664.692084930228,2698.63720703125,115400,0.0,0.0
2006-06-16 00:00:00+09:00,2725.7936615815033,2786.894889362907,2725.7936615815033,2763.13330078125,106000,0.0,0.0
2006-06-19 00:00:00+09:00,2763.132204565671,2763.132204565671,2698.6364897170865,2742.76513671875,96600,0.0,0.0
2006-06-20 00:00:00+09:00,2746.160059079602,2763.132618159204,2705.4259172885572,2729.1875,92400,0.0,0.0
2006-06-21 00:00:00+09:00,2752.9490827114428,2752.9490827114428,2685.058846393035,2729.1875,104200,0.0,0.0
2006-06-22 00:00:00+09:00,2790.2882062386775,2810.6552734375,2766.5266278400513,2810.6552734375,145800,0.0,0.0
2006-06-23 00:00:00+09:00,2800.471990248736,2800.471990248736,2725.7927371754363,2769.92138671875,121600,0.0,0.0
2006-06-26 00:00:00+09:00,2759.7381063432836,2763.132618159204,2702.031405472637,2729.1875,131200,0.0,0.0
2006-06-27 00:00:00+09:00,2719.0037486207443,2725.7927717134303,2664.691563879256,2691.84765625,189400,0.0,0.0
2006-06-28 00:00:00+09:00,2678.2698055159462,2678.2698055159462,2627.352128604997,2640.93017578125,189000,0.0,0.0
2006-06-29 00:00:00+09:00,2644.3250083045277,2661.29756933344,2617.168910658268,2654.508544921875,193000,0.0,0.0
2006-06-30 00:00:00+09:00,2685.059438286641,2708.8210262360803,2661.297850337202,2705.426513671875,181000,0.0,0.0
2006-07-03 00:00:00+09:00,2705.4259087216537,2712.214932331997,2681.6643260854535,2685.058837890625,156400,0.0,0.0
2006-07-04 00:00:00+09:00,2719.00400317928,2759.738145549007,2708.8204675868483,2735.9765625,265600,0.0,0.0
2006-07-05 00:00:00+09:00,2732.5826868905483,2790.2894020174294,2722.399148926981,2763.13330078125,154200,0.0,0.0
2006-07-06 00:00:00+09:00,2783.5000350065666,2783.5000350065666,2705.4262535368703,2746.160400390625,124200,0.0,0.0
2006-07-07 00:00:00+09:00,2749.554890182783,2752.949402392885,2681.664645980739,2698.63720703125,118000,0.0,0.0
2006-07-10 00:00:00+09:00,2698.6371021855825,2766.52734375,2654.5084451687117,2766.52734375,198600,0.0,0.0
2006-07-11 00:00:00+09:00,2800.472061450665,2824.233642578125,2756.343410785382,2824.233642578125,192000,0.0,0.0
2006-07-12 00:00:00+09:00,2790.2894020174294,2814.050990599086,2735.9771995450706,2763.13330078125,122600,0.0,0.0
2006-07-13 00:00:00+09:00,2759.7384874600225,2780.1055611682145,2742.765926036529,2752.949462890625,123000,0.0,0.0
2006-07-14 00:00:00+09:00,2776.7109288687657,2780.1054410067472,2688.45361328125,2688.45361328125,94600,0.0,0.0
2006-07-17 00:00:00+09:00,2688.45361328125,2688.45361328125,2688.45361328125,2688.45361328125,0,0.0,0.0
2006-07-18 00:00:00+09:00,2668.086762791054,2674.8757876327613,2583.22395226971,2596.802001953125,184600,0.0,0.0
2006-07-19 00:00:00+09:00,2600.1965137238194,2623.9581006638546,2552.67333984375,2552.67333984375,101800,0.0,0.0
2006-07-20 00:00:00+09:00,2654.508491901436,2695.2426375572127,2644.3249554874924,2688.45361328125,102000,0.0,0.0
2006-07-21 00:00:00+09:00,2691.848179185482,2691.848179185482,2627.3524472756153,2654.508544921875,105200,0.0,0.0
2006-07-24 00:00:00+09:00,2630.747237259351,2719.0045639286973,2620.5636995667346,2705.426513671875,105400,0.0,0.0
2006-07-25 00:00:00+09:00,2732.581913915832,2732.581913915832,2695.242285278473,2712.21484375,46000,0.0,0.0
2006-07-26 00:00:00+09:00,2732.581994220959,2732.581994220959,2640.93017578125,2640.93017578125,83200,0.0,0.0
2006-07-27 00:00:00+09:00,2685.058960262346,2776.7107831790127,2671.4809124228395,2749.5546875,167600,0.0,0.0
2006-07-28 00:00:00+09:00,2780.1055100255735,2844.601242248389,2739.371363358532,2831.023193359375,244000,0.0,0.0
2006-07-31 00:00:00+09:00,2847.9952237055854,2847.9952237055854,2807.2610846299394,2824.233642578125,191000,0.0,0.0
2006-08-01 00:00:00+09:00,2827.627666491997,2858.1782655297256,2780.104512433308,2783.4990234375,150400,0.0,0.0
2006-08-02 00:00:00+09:00,2769.9221379666465,2790.2892125105186,2735.9770137268592,2773.316650390625,164200,0.0,0.0
2006-08-03 00:00:00+09:00,2780.1049212287453,2803.866501752068,2756.3433407054226,2769.92138671875,156400,0.0,0.0
2006-08-04 00:00:00+09:00,2793.683540115265,2834.417686508197,2786.894515716443,2827.628662109375,227400,0.0,0.0
2006-08-07 00:00:00+09:00,2827.628154167762,2844.600712115948,2786.894015092116,2824.233642578125,236400,0.0,0.0
2006-08-08 00:00:00+09:00,2831.022715743064,2878.545878837072,2797.0775992473436,2875.1513671875,151600,0.0,0.0
2006-08-09 00:00:00+09:00,2844.601412482392,2861.573974609375,2763.1331142728723,2861.573974609375,133800,0.0,0.0
2006-08-10 00:00:00+09:00,2854.784306289764,2881.9403995719495,2820.839189687032,2834.417236328125,77400,0.0,0.0
2006-08-11 00:00:00+09:00,2831.022357010813,2864.967469205187,2831.022357010813,2854.783935546875,33800,0.0,0.0
2006-08-14 00:00:00+09:00,2875.151339017428,2912.490966796875,2854.7842693195475,2912.490966796875,93800,0.0,0.0
2006-08-15 00:00:00+09:00,2885.3345924448745,2932.857750438084,2878.545569874416,2905.70166015625,65000,0.0,0.0
2006-08-16 00:00:00+09:00,2939.6468280218496,2976.9864528581547,2919.2797599293194,2956.619384765625,90800,0.0,0.0
2006-08-17 00:00:00+09:00,2956.619329434689,2956.619329434689,2902.3071488710207,2905.70166015625,141600,0.0,0.0
2006-08-18 00:00:00+09:00,2905.7025252570975,2949.831185103292,2895.5189883695143,2929.464111328125,146400,0.0,0.0
2006-08-21 00:00:00+09:00,2932.8582628354725,2932.8582628354725,2878.5460727829636,2909.0966796875,70400,0.0,0.0
2006-08-22 00:00:00+09:00,2929.463234615765,2949.8303022955965,2909.0961669359335,2946.435791015625,86600,0.0,0.0
2006-08-23 00:00:00+09:00,2946.4358109626723,2953.224833568577,2932.857765750863,2949.830322265625,67800,0.0,0.0
2006-08-24 00:00:00+09:00,2936.25322950932,2936.25322950932,2871.757493832237,2902.30810546875,77800,0.0,0.0
2006-08-25 00:00:00+09:00,2871.7573811561397,2929.464089760932,2871.7573811561397,2881.94091796875,86600,0.0,0.0
2006-08-28 00:00:00+09:00,2919.279967087966,2919.279967087966,2810.6555962195766,2824.233642578125,139800,0.0,0.0
2006-08-29 00:00:00+09:00,2834.4182679533674,2864.96888401514,2810.6566776830996,2844.601806640625,123800,0.0,0.0
2006-08-30 00:00:00+09:00,2864.9682963028963,2864.9682963028963,2817.445125511142,2827.628662109375,38400,0.0,0.0
2006-08-31 00:00:00+09:00,2803.867101766897,2922.6750298078673,2803.867101766897,2919.280517578125,175000,0.0,0.0
2006-09-01 00:00:00+09:00,2915.8856449886566,2919.2801567988877,2875.1515032658813,2898.9130859375,73800,0.0,0.0
2006-09-04 00:00:00+09:00,2912.4915857449387,2929.464147433429,2881.940974705656,2892.12451171875,87200,0.0,0.0
2006-09-05 00:00:00+09:00,2875.151630617537,2898.913214341649,2861.573582775188,2878.546142578125,49600,0.0,0.0
2006-09-06 00:00:00+09:00,2881.9406158230827,2902.3076873129985,2837.8119609282653,2871.757080078125,92600,0.0,0.0
2006-09-07 00:00:00+09:00,2834.4176634996948,2844.6012000152623,2756.3438835470083,2780.10546875,106200,0.0,0.0
2006-09-08 00:00:00+09:00,2783.499852035985,2820.839484197443,2769.9218039772727,2800.472412109375,219000,0.0,0.0
2006-09-11 00:00:00+09:00,2800.4722879187343,2800.4722879187343,2732.582050635856,2735.9765625,142200,0.0,0.0
2006-09-12 00:00:00+09:00,2756.3437634277348,2756.3437634277348,2715.609619140625,2715.609619140625,107200,0.0,0.0
2006-09-13 00:00:00+09:00,2725.792990688182,2752.9490852404924,2637.5356833931723,2644.32470703125,183600,0.0,0.0
2006-09-14 00:00:00+09:00,2698.637921311693,2715.610486854534,2671.4818164431476,2695.243408203125,121000,0.0,0.0
2006-09-15 00:00:00+09:00,2681.6645890052873,2691.8481254192316,2640.930443349511,2688.45361328125,86400,0.0,0.0
2006-09-18 00:00:00+09:00,2688.45361328125,2688.45361328125,2688.45361328125,2688.45361328125,0,0.0,0.0
2006-09-19 00:00:00+09:00,2691.8477831286727,2722.398388485745,2654.508154358918,2671.480712890625,118600,0.0,0.0
2006-09-20 00:00:00+09:00,2661.297108057717,2661.297108057717,2603.5904105615678,2617.16845703125,130400,0.0,0.0
2006-09-21 00:00:00+09:00,2647.7192188502886,2647.7192188502886,2590.012517926629,2644.32470703125,90000,0.0,0.0
2006-09-22 00:00:00+09:00,2644.3252331415815,2651.1142581303916,2603.59108320872,2606.985595703125,150600,0.0,0.0
2006-09-25 00:00:00+09:00,2606.984980620155,2637.5355858617977,2552.672793523902,2627.35205078125,126800,0.0,0.0
2006-09-26 00:00:00+09:00,2610.3141848873784,2640.983672699371,2610.3141848873784,2623.945068359375,86600,15.0,0.0
2006-09-27 00:00:00+09:00,2671.6524947397133,2732.991455078125,2637.5752945517065,2732.991455078125,83600,0.0,0.0
2006-09-28 00:00:00+09:00,2760.2536393149185,2794.33084473856,2750.0304776878265,2773.884521484375,112000,0.0,0.0
2006-09-29 00:00:00+09:00,2790.923095703125,2794.3308162106987,2746.6227291046625,2790.923095703125,96000,0.0,0.0
2006-10-02 00:00:00+09:00,2804.5537056043313,2835.2231871966023,2787.5151047197364,2807.96142578125,97800,0.0,0.0
2006-10-03 00:00:00+09:00,2811.3689320011654,2811.3689320011654,2770.476292990239,2787.514892578125,52600,0.0,0.0
2006-10-04 00:00:00+09:00,2794.330827579942,2825.000312272892,2763.661342886991,2784.107666015625,106400,0.0,0.0
2006-10-05 00:00:00+09:00,2811.369605346238,2825.00048828125,2767.069235807449,2825.00048828125,82000,0.0,0.0
2006-10-06 00:00:00+09:00,2825.000511955492,2825.000511955492,2763.6615382339014,2811.36962890625,69200,0.0,0.0
2006-10-09 00:00:00+09:00,2811.36962890625,2811.36962890625,2811.36962890625,2811.36962890625,0,0.0,0.0
2006-10-10 00:00:00+09:00,2811.3694073657316,2814.7771278595083,2767.069040946635,2797.738525390625,105200,0.0,0.0
2006-10-11 00:00:00+09:00,2814.777139256143,2828.408021286439,2784.1076546879767,2790.923095703125,143200,0.0,0.0
2006-10-12 00:00:00+09:00,2794.33038390509,2794.33038390509,2743.214584199509,2753.437744140625,85400,0.0,0.0
2006-10-13 00:00:00+09:00,2787.5156793205347,2807.9620045967245,2753.438470526885,2756.84619140625,79400,0.0,0.0
2006-10-16 00:00:00+09:00,2773.884515792753,2794.3308390049847,2770.476795257381,2777.292236328125,70600,0.0,0.0
2006-10-17 00:00:00+09:00,2780.699530082503,2811.3690101937073,2719.360569860095,2736.399169921875,38600,0.0,0.0
2006-10-18 00:00:00+09:00,2702.3219444350443,2756.8454641209973,2692.098784493928,2753.437744140625,89600,0.0,0.0
2006-10-19 00:00:00+09:00,2763.6606785408894,2773.8838376476992,2715.952602709111,2739.806640625,59600,0.0,0.0
2006-10-20 00:00:00+09:00,2750.030306355337,2760.2534673455057,2715.9531030547755,2729.583984375,82800,0.0,0.0
2006-10-23 00:00:00+09:00,2726.1757618159204,2753.4375194340796,2709.137163304571,2739.806640625,84400,0.0,0.0
2006-10-24 00:00:00+09:00,2739.807090975647,2780.6997341245374,2739.807090975647,2763.6611328125,59800,0.0,0.0
2006-10-25 00:00:00+09:00,2746.6225860252807,2773.88434866573,2726.1762640449438,2729.583984375,76000,0.0,0.0
2006-10-26 00:00:00+09:00,2736.3991340543016,2760.253173828125,2732.9914140866126,2760.253173828125,58800,0.0,0.0
2006-10-27 00:00:00+09:00,2760.25300339033,2760.25300339033,2698.9140477594337,2709.13720703125,102000,0.0,0.0
2006-10-30 00:00:00+09:00,2675.0608448146545,2695.5071697431745,2644.391357421875,2644.391357421875,90600,0.0,0.0
2006-10-31 00:00:00+09:00,2627.352305716129,2644.3909069205138,2603.4982640299904,2620.536865234375,135800,0.0,0.0
2006-11-01 00:00:00+09:00,2617.1294117647058,2620.537132352941,2593.275367647059,2606.90625,209800,0.0,0.0
2006-11-02 00:00:00+09:00,2589.867699032738,2596.683140345982,2538.7518891834075,2576.23681640625,334800,0.0,0.0
2006-11-03 00:00:00+09:00,2576.23681640625,2576.23681640625,2576.23681640625,2576.23681640625,0,0.0,0.0
2006-11-06 00:00:00+09:00,2610.3134163118575,2678.467813604595,2596.6825368533096,2651.2060546875,271600,0.0,0.0
2006-11-07 00:00:00+09:00,2685.283983122997,2685.283983122997,2654.61449600611,2658.022216796875,126200,0.0,0.0
2006-11-08 00:00:00+09:00,2658.0213715450695,2668.2445306663967,2566.012939453125,2566.012939453125,235400,0.0,0.0
2006-11-09 00:00:00+09:00,2589.86791382638,2620.5374022795872,2576.237030069399,2593.275634765625,178400,0.0,0.0
2006-11-10 00:00:00+09:00,2627.3523997854677,2627.3523997854677,2562.605712890625,2562.605712890625,144600,0.0,0.0
2006-11-13 00:00:00+09:00,2569.420673828125,2583.051552734375,2535.3434765624997,2555.789794921875,96400,0.0,0.0
2006-11-14 00:00:00+09:00,2589.8673830664825,2647.798627161391,2589.8673830664825,2620.536865234375,129200,0.0,0.0
2006-11-15 00:00:00+09:00,2627.353052808222,2668.245707326638,2583.052677079938,2613.72216796875,106000,0.0,0.0
2006-11-16 00:00:00+09:00,2600.0903526175475,2640.982992501441,2583.0517526659255,2586.45947265625,117200,0.0,0.0
2006-11-17 00:00:00+09:00,2589.867699032738,2610.31402297247,2559.19821312314,2576.23681640625,101600,0.0,0.0
2006-11-20 00:00:00+09:00,2576.2367024961627,2596.683025531847,2497.859130859375,2497.859130859375,124800,0.0,0.0
2006-11-21 00:00:00+09:00,2514.8977448219475,2518.3054653433865,2463.781937000363,2491.043701171875,103200,0.0,0.0
2006-11-22 00:00:00+09:00,2477.4125032770553,2538.75146484375,2463.781622928901,2538.75146484375,90400,0.0,0.0
2006-11-23 00:00:00+09:00,2538.75146484375,2538.75146484375,2538.75146484375,2538.75146484375,0,0.0,0.0
2006-11-24 00:00:00+09:00,2535.3440449617347,2535.3440449617347,2480.8205171130953,2504.674560546875,91400,0.0,0.0
2006-11-27 00:00:00+09:00,2470.5978310626483,2514.8982059644613,2467.190109916355,2508.082763671875,113400,0.0,0.0
2006-11-28 00:00:00+09:00,2463.7816537075014,2525.1206160404686,2429.704452411409,2518.30517578125,150000,0.0,0.0
2006-11-29 00:00:00+09:00,2521.712312397204,2600.089857241982,2518.3045930561266,2589.86669921875,151800,0.0,0.0
2006-11-30 00:00:00+09:00,2593.275545100576,2651.206799064715,2593.275545100576,2644.391357421875,147600,0.0,0.0
2006-12-01 00:00:00+09:00,2668.2451171875,2705.73004220546,2651.2065149066093,2668.2451171875,164000,0.0,0.0
2006-12-04 00:00:00+09:00,2671.6525668226523,2692.0988874871114,2651.206246158193,2685.283447265625,100800,0.0,0.0
2006-12-05 00:00:00+09:00,2675.0601295243596,2688.691009165248,2617.1288910505837,2627.35205078125,178600,0.0,0.0
2006-12-06 00:00:00+09:00,2617.1293436293436,2654.6142691240348,2555.7903746380307,2647.798828125,202600,0.0,0.0
2006-12-07 00:00:00+09:00,2664.8369341460475,2675.060093739958,2637.5751752289525,2651.2060546875,86800,0.0,0.0
2006-12-08 00:00:00+09:00,2685.284161168616,2709.1382082855957,2668.2455560850585,2695.50732421875,243200,0.0,0.0
2006-12-11 00:00:00+09:00,2722.768115915122,2722.768115915122,2681.8754783794757,2688.69091796875,117800,0.0,0.0
2006-12-12 00:00:00+09:00,2692.098866472341,2726.176067313763,2685.2834263040563,2698.914306640625,121200,0.0,0.0
2006-12-13 00:00:00+09:00,2698.9147890723516,2712.5456718454443,2688.6916269925323,2702.322509765625,92400,0.0,0.0
2006-12-14 00:00:00+09:00,2705.729516941936,2705.729516941936,2668.2445992009266,2688.69091796875,136800,0.0,0.0
2006-12-15 00:00:00+09:00,2664.8369040975767,2681.8755032286354,2661.4291842713646,2671.65234375,179000,0.0,0.0
2006-12-18 00:00:00+09:00,2675.06031865659,2675.06031865659,2651.2062775985055,2664.837158203125,100200,0.0,0.0
2006-12-19 00:00:00+09:00,2664.8369341460475,2692.0986930631425,2647.798334822863,2651.2060546875,118800,0.0,0.0
2006-12-20 00:00:00+09:00,2668.24487835428,2668.24487835428,2627.3522365404215,2664.837158203125,79000,0.0,0.0
2006-12-21 00:00:00+09:00,2675.0608448146545,2675.0608448146545,2637.5759157790353,2644.391357421875,79200,0.0,0.0
2006-12-22 00:00:00+09:00,2647.7986108651435,2647.7986108651435,2620.536849105914,2630.760009765625,62800,0.0,0.0
2006-12-25 00:00:00+09:00,2630.760335071735,2630.760335071735,2583.05224609375,2583.05224609375,43600,0.0,0.0
2006-12-26 00:00:00+09:00,2586.458979877673,2600.089857241982,2576.235821854441,2589.86669921875,71400,0.0,0.0
2006-12-27 00:00:00+09:00,2623.944366614856,2640.9829663980695,2603.498046875,2603.498046875,102400,0.0,0.0
2006-12-28 00:00:00+09:00,2603.498569941458,2620.537173147881,2579.644525452465,2583.05224609375,90000,0.0,0.0
2006-12-29 00:00:00+09:00,2593.275671629243,2603.4988345923016,2572.829345703125,2572.829345703125,34600,0.0,0.0
2007-01-04 00:00:00+09:00,2640.9829304221385,2640.9829304221385,2610.3134512301394,2627.35205078125,98800,0.0,0.0
2007-01-05 00:00:00+09:00,2658.0217933654785,2671.652674357096,2606.9059896469116,2617.129150390625,172200,0.0,0.0
2007-01-09 00:00:00+09:00,2627.3522365404215,2671.652598505435,2620.5367962381115,2664.837158203125,167400,0.0,0.0
2007-01-10 00:00:00+09:00,2675.0601924046855,2675.0601924046855,2569.4208727046275,2586.45947265625,165800,0.0,0.0
2007-01-11 00:00:00+09:00,2606.905803000124,2620.5366830158105,2566.013162953063,2579.64404296875,139000,0.0,0.0
2007-01-12 00:00:00+09:00,2620.536849105914,2640.983170425336,2589.867367126781,2630.760009765625,184600,0.0,0.0
2007-01-15 00:00:00+09:00,2661.4294064904225,2705.729767930084,2654.613966268936,2685.283447265625,181200,0.0,0.0
2007-01-16 00:00:00+09:00,2688.690683134629,2702.3215611226374,2654.6134881646085,2681.875244140625,157000,0.0,0.0
2007-01-17 00:00:00+09:00,2681.875796685988,2681.875796685988,2600.090511907762,2640.983154296875,217000,0.0,0.0
2007-01-18 00:00:00+09:00,2654.613774552137,2668.2446540106844,2623.944295770405,2651.2060546875,227800,0.0,0.0
2007-01-19 00:00:00+09:00,2654.613774552137,2661.4292142814106,2630.7597354996788,2651.2060546875,167000,0.0,0.0
2007-01-22 00:00:00+09:00,2675.0604807089085,2726.1762860727727,2671.6527603513173,2715.953125,305200,0.0,0.0
2007-01-23 00:00:00+09:00,2715.952588314165,2756.845224524667,2695.5062702089144,2750.02978515625,193600,0.0,0.0
2007-01-24 00:00:00+09:00,2750.02987427222,2750.02987427222,2678.4677585848385,2688.69091796875,218800,0.0,0.0
2007-01-25 00:00:00+09:00,2709.1377512937897,2709.1377512937897,2675.060546875,2675.060546875,144400,0.0,0.0
2007-01-26 00:00:00+09:00,2668.245105991242,2681.875987758758,2634.167901572452,2675.060546875,158000,0.0,0.0
2007-01-29 00:00:00+09:00,2651.2061948083096,2739.806915971569,2651.2061948083096,2719.360595703125,199600,0.0,0.0
2007-01-30 00:00:00+09:00,2726.1767578125,2767.0694091796877,2712.5458740234376,2726.1767578125,139200,0.0,0.0
2007-01-31 00:00:00+09:00,2753.4380489335003,2753.4380489335003,2688.6913621392723,2715.953125,126400,0.0,0.0
2007-02-01 00:00:00+09:00,2719.360998400023,2770.476806640625,2715.9532778506496,2770.476806640625,131400,0.0,0.0
2007-02-02 00:00:00+09:00,2773.8844931652548,2804.553977733421,2767.0690521501065,2790.923095703125,213200,0.0,0.0
2007-02-05 00:00:00+09:00,2797.7384536936315,2801.1461741000794,2671.6527986550636,2692.09912109375,280600,0.0,0.0
2007-02-06 00:00:00+09:00,2739.806640625,2773.8838376476992,2722.7680421136506,2739.806640625,171000,0.0,0.0
2007-02-07 00:00:00+09:00,2760.253622365552,2797.7385481013807,2719.360976108285,2784.107666015625,215200,0.0,0.0
2007-02-08 00:00:00+09:00,2794.330150912267,2794.330150912267,2732.9911963800464,2743.21435546875,128400,0.0,0.0
2007-02-09 00:00:00+09:00,2763.6612490281213,2842.038818359375,2753.438087811001,2842.038818359375,270000,0.0,0.0
2007-02-13 00:00:00+09:00,2852.2620133109713,2886.3392177710784,2804.5539270668214,2821.592529296875,287800,0.0,0.0
2007-02-14 00:00:00+09:00,2831.81545094279,2859.0772122033704,2818.1845703125,2818.1845703125,86200,0.0,0.0
2007-02-15 00:00:00+09:00,2838.631803890401,2872.7090164220986,2831.8163613840616,2855.67041015625,145200,0.0,0.0
2007-02-16 00:00:00+09:00,2835.2235805588584,2869.30078705596,2807.9618153611773,2865.89306640625,125000,0.0,0.0
2007-02-19 00:00:00+09:00,2859.0776251068296,2886.3393903045107,2842.039021858279,2865.89306640625,109400,0.0,0.0
2007-02-20 00:00:00+09:00,2876.1157070912045,2896.562027283796,2835.223066706021,2886.3388671875,220000,0.0,0.0
2007-02-21 00:00:00+09:00,2889.747173344323,2995.3865157661085,2876.11629045119,2971.532470703125,314800,0.0,0.0
2007-02-22 00:00:00+09:00,2998.7933979119953,3049.9091944673137,2998.7933979119953,3039.68603515625,286600,0.0,0.0
2007-02-23 00:00:00+09:00,3060.1335637438897,3066.9490059793993,3026.0563525663406,3049.910400390625,138600,0.0,0.0
2007-02-26 00:00:00+09:00,3029.46341765873,3049.9097399376415,2985.163052721088,3005.609375,103200,0.0,0.0
2007-02-27 00:00:00+09:00,2971.5317332474224,3015.832091655928,2957.9008537371133,2974.939453125,89000,0.0,0.0
2007-02-28 00:00:00+09:00,2865.8928333232457,2899.970037048849,2842.038790715323,2859.077392578125,365600,0.0,0.0
2007-03-01 00:00:00+09:00,2825.0002163308413,2859.077420387908,2773.8844102452413,2842.038818359375,193800,0.0,0.0
2007-03-02 00:00:00+09:00,2842.038914880087,2842.038914880087,2773.884504451308,2784.107666015625,164400,0.0,0.0
2007-03-05 00:00:00+09:00,2719.3608843453326,2746.6226475969147,2685.2836802808547,2692.09912109375,177000,0.0,0.0
2007-03-06 00:00:00+09:00,2695.5070683790786,2709.1379511521714,2651.206699366527,2702.322509765625,291800,0.0,0.0
2007-03-07 00:00:00+09:00,2702.3218221859056,2715.9527014907526,2647.798304966518,2671.65234375,367800,0.0,0.0
2007-03-08 00:00:00+09:00,2675.0602660516297,2709.1374668930516,2644.39078529435,2698.914306640625,201800,0.0,0.0
2007-03-09 00:00:00+09:00,2695.5062702089144,2773.8838229457097,2695.5062702089144,2750.02978515625,254000,0.0,0.0
2007-03-12 00:00:00+09:00,2753.438470526885,2773.8847958030747,2726.1767034919653,2756.84619140625,151600,0.0,0.0
2007-03-13 00:00:00+09:00,2780.7000498670213,2780.7000498670213,2722.768798828125,2722.768798828125,111000,0.0,0.0
2007-03-14 00:00:00+09:00,2658.021529973249,2678.4678494345817,2620.536610960806,2627.35205078125,208400,0.0,0.0
2007-03-15 00:00:00+09:00,2640.983170425336,2671.652652404469,2620.536849105914,2630.760009765625,136400,0.0,0.0
2007-03-16 00:00:00+09:00,2610.3134867882854,2644.390686354712,2583.051727135144,2603.498046875,166400,0.0,0.0
2007-03-19 00:00:00+09:00,2576.236502102975,2620.536865234375,2559.19790089859,2620.536865234375,139000,0.0,0.0
2007-03-20 00:00:00+09:00,2651.206325674119,2658.021766100016,2596.682802266939,2634.167724609375,115800,0.0,0.0
2007-03-22 00:00:00+09:00,2661.4294754914313,2678.4680764868954,2634.1677138986897,2640.983154296875,164600,0.0,0.0
2007-03-23 00:00:00+09:00,2640.9836128430493,2678.4685415414665,2640.9836128430493,2658.022216796875,147800,0.0,0.0
2007-03-26 00:00:00+09:00,2675.060093739958,2675.060093739958,2634.1674553643156,2651.2060546875,214000,0.0,0.0
2007-03-27 00:00:00+09:00,2682.0340320675873,2688.8846937076064,2610.1020848473836,2651.2060546875,264800,20.0,0.0
2007-03-28 00:00:00+09:00,2651.2071885146106,2678.6098467938314,2610.1032010957792,2637.505859375,232200,0.0,0.0
2007-03-29 00:00:00+09:00,2637.5050597259965,2637.5050597259965,2589.550422276433,2599.826416015625,317400,0.0,0.0
2007-03-30 00:00:00+09:00,2616.952934513167,2668.3329005049172,2616.952934513167,2634.07958984375,125600,0.0,0.0
2007-04-02 00:00:00+09:00,2668.332212831595,2685.4588637483575,2606.67626953125,2606.67626953125,201200,0.0,0.0
2007-04-03 00:00:00+09:00,2634.079383532206,2654.6313683191934,2613.5273987452188,2630.654052734375,158600,0.0,0.0
2007-04-04 00:00:00+09:00,2671.758596238057,2699.1612485071655,2647.7812755025875,2688.88525390625,157400,0.0,0.0
2007-04-05 00:00:00+09:00,2692.3097769168917,2712.8617599467916,2671.7577938869917,2695.735107421875,195400,0.0,0.0
2007-04-06 00:00:00+09:00,2685.45947265625,2699.1607964963328,2651.206163056043,2685.45947265625,106200,0.0,0.0
2007-04-09 00:00:00+09:00,2699.1610179954173,2723.1383366831938,2685.4596930309735,2709.43701171875,90000,0.0,0.0
2007-04-10 00:00:00+09:00,2709.437345224057,2729.989335200472,2675.184028596698,2723.138671875,167000,0.0,0.0
2007-04-11 00:00:00+09:00,2719.71337890625,2726.5640423291875,2695.736056925968,2719.71337890625,117000,0.0,0.0
2007-04-12 00:00:00+09:00,2685.459153347646,2706.011136664082,2647.7805172675135,2692.309814453125,126800,0.0,0.0
2007-04-13 00:00:00+09:00,2709.4377166629606,2709.4377166629606,2640.931074016615,2647.78173828125,105800,0.0,0.0
2007-04-16 00:00:00+09:00,2675.183479776188,2723.138113216478,2654.6314940160637,2685.45947265625,171800,0.0,0.0
2007-04-17 00:00:00+09:00,2685.460511363636,2702.5871727881495,2610.1032010957792,2637.505859375,187800,0.0,0.0
2007-04-18 00:00:00+09:00,2654.631178372992,2699.1604755586036,2647.7805172675135,2692.309814453125,151800,0.0,0.0
2007-04-19 00:00:00+09:00,2668.3328778768323,2671.7582089139014,2616.952912320796,2658.056884765625,129000,0.0,0.0
2007-04-20 00:00:00+09:00,2654.6311225842273,2675.18310546875,2640.9298006612116,2675.18310546875,150600,0.0,0.0
2007-04-23 00:00:00+09:00,2661.482215802694,2682.0342020251087,2637.5048985432104,2658.056884765625,158800,0.0,0.0
2007-04-24 00:00:00+09:00,2661.482231432825,2699.160873061861,2644.3555761468992,2678.60888671875,156400,0.0,0.0
2007-04-25 00:00:00+09:00,2661.481669503891,2668.3323301718547,2620.3777054961092,2640.9296875,157000,0.0,0.0
2007-04-26 00:00:00+09:00,2658.0569003756395,2678.60888671875,2634.079582975344,2678.60888671875,114600,0.0,0.0
2007-04-27 00:00:00+09:00,2654.631141362075,2706.011098936825,2654.631141362075,2695.735107421875,184000,0.0,0.0
2007-05-01 00:00:00+09:00,2682.0338040865386,2733.413762019231,2664.9071514423076,2716.287109375,311600,0.0,0.0
2007-05-02 00:00:00+09:00,2736.8403121873075,2788.2202930168564,2726.5643160213976,2781.36962890625,280000,0.0,0.0
2007-05-07 00:00:00+09:00,2819.047928878654,2819.047928878654,2801.9212707445186,2812.197265625,226000,0.0,0.0
2007-05-08 00:00:00+09:00,2788.22021484375,2798.496210721553,2777.9442189659476,2788.22021484375,141000,0.0,0.0
2007-05-09 00:00:00+09:00,2784.79460044814,2798.4959268956095,2781.369268836273,2791.645263671875,164200,0.0,0.0
2007-05-10 00:00:00+09:00,2771.0924916208523,2777.943152910397,2760.8164996865353,2774.517822265625,152400,0.0,0.0
2007-05-11 00:00:00+09:00,2706.011784585674,2753.9664238061796,2706.011784585674,2743.6904296875,152800,0.0,0.0
2007-05-14 00:00:00+09:00,2774.5184120435392,2774.5184120435392,2740.265098314607,2743.6904296875,131000,0.0,0.0
2007-05-15 00:00:00+09:00,2716.2879965121,2719.7133281596566,2702.586669921875,2702.586669921875,175800,0.0,0.0
2007-05-16 00:00:00+09:00,2688.88525390625,2695.735916973527,2685.4599223726113,2688.88525390625,119800,0.0,0.0
2007-05-17 00:00:00+09:00,2682.0344871471775,2682.0344871471775,2647.7811731350807,2654.6318359375,107800,0.0,0.0
2007-05-18 00:00:00+09:00,2692.3106749792064,2706.0120015694315,2664.9080217987566,2702.586669921875,258800,0.0,0.0
2007-05-21 00:00:00+09:00,2675.1833704275678,2682.0340320675873,2634.0794005874513,2651.2060546875,253600,0.0,0.0
2007-05-22 00:00:00+09:00,2658.056580343364,2791.644475489487,2658.056580343364,2774.517822265625,491000,0.0,0.0
2007-05-23 00:00:00+09:00,2771.0936422557875,2832.749619462962,2750.541649853396,2801.921630859375,501400,0.0,0.0
2007-05-24 00:00:00+09:00,2764.2420896642348,2808.771392223882,2764.2420896642348,2795.070068359375,254000,0.0,0.0
2007-05-25 00:00:00+09:00,2716.287970001374,2729.9892964578753,2709.4373067731235,2726.56396484375,158600,0.0,0.0
2007-05-28 00:00:00+09:00,2733.414717407227,2740.265380859375,2706.0120635986327,2740.265380859375,134800,0.0,0.0
2007-05-29 00:00:00+09:00,2764.242637105507,2771.0933003944924,2743.6906472385517,2767.66796875,147800,0.0,0.0
2007-05-30 00:00:00+09:00,2825.8985657622848,2843.0252237366017,2808.771907787968,2836.174560546875,406400,0.0,0.0
2007-05-31 00:00:00+09:00,2822.4726727221387,2843.024658203125,2801.9206872411523,2843.024658203125,304400,0.0,0.0
2007-06-01 00:00:00+09:00,2846.4503736542492,2849.875705030488,2791.6450716344325,2808.771728515625,204400,0.0,0.0
2007-06-04 00:00:00+09:00,2795.0708787622852,2812.197538558623,2788.22021484375,2788.22021484375,96000,0.0,0.0
2007-06-05 00:00:00+09:00,2777.9439372244055,2795.070595283742,2733.41462627013,2791.645263671875,202000,0.0,0.0
2007-06-06 00:00:00+09:00,2743.6905066880477,2743.6905066880477,2733.414512280976,2736.83984375,289600,0.0,0.0
2007-06-07 00:00:00+09:00,2771.0924916208523,2795.069806134259,2767.66716097608,2774.517822265625,233800,0.0,0.0
2007-06-08 00:00:00+09:00,2777.944306389918,2808.7722949935055,2774.518974322853,2801.921630859375,374000,0.0,0.0
2007-06-11 00:00:00+09:00,2798.495513878479,2798.495513878479,2771.0928650277715,2784.794189453125,137200,0.0,0.0
2007-06-12 00:00:00+09:00,2791.645173661953,2791.645173661953,2777.94384765625,2777.94384765625,110000,0.0,0.0
2007-06-13 00:00:00+09:00,2767.667533921433,2788.2195205594635,2767.667533921433,2784.794189453125,129400,0.0,0.0
2007-06-14 00:00:00+09:00,2822.4730926625457,2822.4730926625457,2798.4957727006067,2805.346435546875,159000,0.0,0.0
2007-06-15 00:00:00+09:00,2808.7719339981727,2819.047928878654,2784.7946126103834,2812.197265625,69000,0.0,0.0
2007-06-18 00:00:00+09:00,2825.898269894346,2825.898269894346,2805.3462824769326,2819.047607421875,74000,0.0,0.0
2007-06-19 00:00:00+09:00,2757.391807234317,2764.2424701094333,2750.5411443592006,2760.817138671875,158200,0.0,0.0
2007-06-20 00:00:00+09:00,2767.6675185873605,2777.943511849442,2760.8168564126395,2764.2421875,106800,0.0,0.0
2007-06-21 00:00:00+09:00,2774.5181807620816,2788.219505111524,2764.2421875,2764.2421875,112000,0.0,0.0
2007-06-22 00:00:00+09:00,2733.4146280720006,2733.4146280720006,2712.862638387249,2726.56396484375,111400,0.0,0.0
2007-06-25 00:00:00+09:00,2702.586708649766,2726.564030526253,2692.310713559843,2699.161376953125,104000,0.0,0.0
2007-06-26 00:00:00+09:00,2706.0111177884614,2716.287109375,2699.160456730769,2716.287109375,162400,0.0,0.0
2007-06-27 00:00:00+09:00,2682.034049166166,2682.034049166166,2661.482064115084,2671.758056640625,138600,0.0,0.0
2007-06-28 00:00:00+09:00,2740.265369175063,2740.265369175063,2712.862715483312,2719.71337890625,105600,0.0,0.0
2007-06-29 00:00:00+09:00,2719.71339050293,2740.265380859375,2712.8627270507814,2740.265380859375,82400,0.0,0.0
2007-07-02 00:00:00+09:00,2719.7133402122645,2743.6906618514154,2702.586681898585,2723.138671875,125400,0.0,0.0
2007-07-03 00:00:00+09:00,2699.161376953125,2723.138698829612,2688.885381863202,2699.161376953125,149400,0.0,0.0
2007-07-04 00:00:00+09:00,2699.1612485071655,2706.0119115744424,2688.88525390625,2688.88525390625,95600,0.0,0.0
2007-07-05 00:00:00+09:00,2692.3101345762916,2736.839437056561,2678.6088107362084,2685.45947265625,134800,0.0,0.0
2007-07-06 00:00:00+09:00,2675.1834470126296,2675.1834470126296,2630.6541450777204,2644.35546875,238800,0.0,0.0
2007-07-09 00:00:00+09:00,2647.781856229708,2661.483185369318,2620.379197950487,2637.505859375,265000,0.0,0.0
2007-07-10 00:00:00+09:00,2640.9302519759835,2644.3555830421,2616.952934513167,2634.07958984375,140600,0.0,0.0
2007-07-11 00:00:00+09:00,2616.9537490903945,2651.207070413567,2603.2524205611253,2647.78173828125,261000,0.0,0.0
2007-07-12 00:00:00+09:00,2651.2060756956894,2661.4820682371455,2616.952767224169,2627.228759765625,115400,0.0,0.0
2007-07-13 00:00:00+09:00,2685.4594563383675,2702.586111034403,2644.355485067882,2664.907470703125,192200,0.0,0.0
2007-07-17 00:00:00+09:00,2644.3555606173486,2664.907546839763,2640.9302295802795,2658.056884765625,130600,0.0,0.0
2007-07-18 00:00:00+09:00,2654.6314448662897,2654.6314448662897,2620.3781359002733,2623.803466796875,252600,0.0,0.0
2007-07-19 00:00:00+09:00,2664.908242086953,2668.3335740176562,2644.356250502735,2661.48291015625,167000,0.0,0.0
2007-07-20 00:00:00+09:00,2695.736045256484,2706.012040346407,2685.460050166561,2699.161376953125,199400,0.0,0.0
2007-07-23 00:00:00+09:00,2658.0568088247105,2671.758132581539,2644.355485067882,2664.907470703125,139600,0.0,0.0
2007-07-24 00:00:00+09:00,2750.540283203125,2764.2416046636636,2750.540283203125,2750.540283203125,304400,0.0,0.0
2007-07-25 00:00:00+09:00,2733.4145253057063,2764.242508673816,2733.4145253057063,2757.391845703125,213800,0.0,0.0
2007-07-26 00:00:00+09:00,2740.264816474439,2767.6674646391834,2740.264816474439,2747.115478515625,158800,0.0,0.0
2007-07-27 00:00:00+09:00,2675.18310546875,2688.8844273917657,2664.9071140264887,2675.18310546875,205600,0.0,0.0
2007-07-30 00:00:00+09:00,2678.6084735576924,2729.9884314903848,2637.5045072115386,2716.287109375,279400,0.0,0.0
2007-07-31 00:00:00+09:00,2678.6084548969584,2702.5857684318416,2678.6084548969584,2695.735107421875,175400,0.0,0.0
2007-08-01 00:00:00+09:00,2682.03466796875,2688.885331233038,2664.90800980803,2682.03466796875,166600,0.0,0.0
2007-08-02 00:00:00+09:00,2671.7577749879965,2692.3097578725196,2640.9298006612116,2675.18310546875,221000,0.0,0.0
2007-08-03 00:00:00+09:00,2661.483185369318,2671.759182224026,2620.379197950487,2637.505859375,168800,0.0,0.0
2007-08-06 00:00:00+09:00,2627.22881415965,2658.0567924222796,2599.826166815091,2644.35546875,151600,0.0,0.0
2007-08-07 00:00:00+09:00,2644.355485067882,2675.183463520746,2644.355485067882,2664.907470703125,168600,0.0,0.0
2007-08-08 00:00:00+09:00,2647.7810120245426,2712.8623046875,2644.3556808317553,2712.8623046875,322800,0.0,0.0
2007-08-09 00:00:00+09:00,2884.1280372748943,2911.5306789592164,2829.32275390625,2829.32275390625,734400,0.0,0.0
2007-08-10 00:00:00+09:00,2825.8984619446182,2825.8984619446182,2726.5638493429287,2736.83984375,402800,0.0,0.0
2007-08-13 00:00:00+09:00,2699.1604755586036,2716.2871283223003,2678.6084922421674,2692.309814453125,226400,0.0,0.0
2007-08-14 00:00:00+09:00,2678.6090684335445,2706.01171875,2661.4824119857594,2706.01171875,183400,0.0,0.0
2007-08-15 00:00:00+09:00,2671.7584929435484,2671.7584929435484,2654.6318359375,2654.6318359375,269000,0.0,0.0
2007-08-16 00:00:00+09:00,2620.3781359002733,2658.0567757628914,2562.147510658045,2623.803466796875,305200,0.0,0.0
2007-08-17 00:00:00+09:00,2589.5503960882866,2603.2517209353146,2431.985160347465,2449.11181640625,401200,0.0,0.0
2007-08-20 00:00:00+09:00,2483.364690144857,2510.7673350016275,2449.111384073893,2466.238037109375,337000,0.0,0.0
2007-08-21 00:00:00+09:00,2469.664151737608,2521.0441271551726,2452.537493265086,2483.365478515625,182400,0.0,0.0
2007-08-22 00:00:00+09:00,2459.388506159436,2476.515167065839,2445.687177434314,2452.537841796875,204400,0.0,0.0
2007-08-23 00:00:00+09:00,2521.043830345061,2531.31982421875,2493.641180015223,2531.31982421875,191600,0.0,0.0
2007-08-24 00:00:00+09:00,2531.3192608173076,2562.147235576923,2517.617938701923,2538.169921875,229000,0.0,0.0
2007-08-27 00:00:00+09:00,2555.296726594301,2555.296726594301,2507.3420963364993,2524.46875,210400,0.0,0.0
2007-08-28 00:00:00+09:00,2490.2158762275303,2582.699822112184,2486.790544898469,2572.423828125,209600,0.0,0.0
2007-08-29 00:00:00+09:00,2534.74561594127,2575.84959890248,2517.618956374099,2555.297607421875,229800,0.0,0.0
2007-08-30 00:00:00+09:00,2589.549618614488,2606.67626953125,2558.721646964315,2606.67626953125,246600,0.0,0.0
2007-08-31 00:00:00+09:00,2613.5275966322333,2678.60888671875,2613.5275966322333,2678.60888671875,259000,0.0,0.0
2007-09-03 00:00:00+09:00,2702.585749314781,2702.585749314781,2640.9298006612116,2675.18310546875,138400,0.0,0.0
2007-09-04 00:00:00+09:00,2678.6087012475773,2685.459362887597,2640.930062227471,2651.2060546875,129200,0.0,0.0
2007-09-05 00:00:00+09:00,2651.206101750753,2654.631432631568,2555.296837087935,2558.72216796875,140800,0.0,0.0
2007-09-06 00:00:00+09:00,2524.468940109503,2534.7449330814547,2466.2383132684427,2507.34228515625,268200,0.0,0.0
2007-09-07 00:00:00+09:00,2473.0894449197226,2507.3427613313534,2462.8134499962334,2486.790771484375,245200,0.0,0.0
2007-09-10 00:00:00+09:00,2462.8133739476816,2500.4920208370063,2414.8587324521777,2428.56005859375,192600,0.0,0.0
2007-09-11 00:00:00+09:00,2431.985761663887,2479.9404104854284,2380.605780783664,2438.83642578125,207400,0.0,0.0
2007-09-12 00:00:00+09:00,2442.261085510254,2462.81307220459,2397.7317810058594,2411.43310546875,173800,0.0,0.0
2007-09-13 00:00:00+09:00,2445.6865863746016,2445.6865863746016,2414.858604193409,2418.283935546875,199800,0.0,0.0
2007-09-14 00:00:00+09:00,2418.2845199840694,2479.940499247119,2418.2845199840694,2452.537841796875,221200,0.0,0.0
2007-09-18 00:00:00+09:00,2435.4107478215146,2445.686742538061,2366.904116377871,2404.582763671875,223200,0.0,0.0
2007-09-19 00:00:00+09:00,2438.8356553515077,2462.812972187829,2425.1343314450387,2442.260986328125,334200,0.0,0.0
2007-09-20 00:00:00+09:00,2380.6052388886415,2404.5825578414765,2360.0532512147824,2401.1572265625,197200,0.0,0.0
2007-09-21 00:00:00+09:00,2370.3292690134185,2387.4559255814347,2346.3519498181963,2377.179931640625,219400,0.0,0.0
2007-09-25 00:00:00+09:00,2447.7546651941157,2489.066980218489,2427.0985076819293,2471.853515625,213000,17.5,0.0
2007-09-26 00:00:00+09:00,2475.2965004509265,2523.4942069965637,2464.9684204768614,2520.051513671875,214000,0.0,0.0
2007-09-27 00:00:00+09:00,2544.1507190522693,2640.546145484561,2537.2653314499626,2602.676513671875,212800,0.0,0.0
2007-09-28 00:00:00+09:00,2637.1037771365623,2661.20263671875,2609.5622233283475,2661.20263671875,164600,0.0,0.0
2007-10-01 00:00:00+09:00,2664.645491897205,2688.744352935035,2557.9219644439577,2640.546630859375,276000,0.0,0.0
2007-10-02 00:00:00+09:00,2716.2853336382514,2730.056108460245,2695.629171405261,2719.72802734375,219000,0.0,0.0
2007-10-03 00:00:00+09:00,2733.498712052187,2774.81103515625,2719.7279376841657,2774.81103515625,227200,0.0,0.0
2007-10-04 00:00:00+09:00,2757.598136112608,2809.2385506465516,2747.270053205819,2795.4677734375,212800,0.0,0.0
2007-10-05 00:00:00+09:00,2816.123582175926,2823.0089699074074,2778.253949652778,2788.58203125,158000,0.0,0.0
2007-10-09 00:00:00+09:00,2792.0241907963523,2819.565736451557,2771.368031554949,2778.25341796875,77600,0.0,0.0
2007-10-10 00:00:00+09:00,2778.2528711922682,2785.138256250985,2712.8417131344577,2730.05517578125,118400,0.0,0.0
2007-10-11 00:00:00+09:00,2733.498624267578,2781.6963330078124,2678.4155285644533,2754.15478515625,179800,0.0,0.0
2007-10-12 00:00:00+09:00,2771.3680490821303,2771.3680490821303,2699.0714912799876,2726.613037109375,150400,0.0,0.0
2007-10-15 00:00:00+09:00,2736.94131713403,2757.597478018061,2685.300914923954,2716.28515625,103600,0.0,0.0
2007-10-16 00:00:00+09:00,2722.668380306591,2722.668380306591,2630.2177734375,2630.2177734375,103600,0.0,0.0
2007-10-17 00:00:00+09:00,2636.661499091499,2636.661499091499,2523.493896484375,2523.493896484375,103600,0.0,0.0
2007-10-18 00:00:00+09:00,2526.937100801612,2557.921343182013,2482.182084029921,2509.7236328125,214200,0.0,0.0
2007-10-19 00:00:00+09:00,2495.9522801316134,2495.9522801316134,2489.06689453125,2489.06689453125,214200,0.0,0.0
2007-10-22 00:00:00+09:00,2454.6405137503248,2509.723610833081,2437.4270459119634,2485.624755859375,207000,0.0,0.0
2007-10-23 00:00:00+09:00,2502.837533674569,2502.837533674569,2495.9521484375,2495.9521484375,207000,0.0,0.0
2007-10-24 00:00:00+09:00,2499.3950790277045,2533.822008490896,2444.311991886598,2458.082763671875,195800,0.0,0.0
2007-10-25 00:00:00+09:00,2464.9681695642603,2464.9681695642603,2444.31201171875,2444.31201171875,195800,0.0,0.0
2007-10-26 00:00:00+09:00,2451.7672891104285,2506.280517578125,2451.7672891104285,2506.280517578125,195800,0.0,0.0
2007-10-29 00:00:00+09:00,2509.723803581075,2599.233843214968,2506.2811097490026,2588.90576171875,166000,0.0,0.0
2007-10-30 00:00:00+09:00,2564.806445376832,2613.004150390625,2564.806445376832,2613.004150390625,166000,0.0,0.0
2007-10-31 00:00:00+09:00,2602.6770481418916,2674.9736328125,2585.463575601271,2674.9736328125,164400,0.0,0.0
2007-11-01 00:00:00+09:00,2674.973339532743,2702.514892578125,2674.973339532743,2702.514892578125,164400,0.0,0.0
2007-11-02 00:00:00+09:00,2695.628971797483,2695.628971797483,2654.316650390625,2654.316650390625,164400,0.0,0.0
2007-11-05 00:00:00+09:00,2637.103606736613,2657.7597707580485,2585.463196683024,2619.89013671875,104800,0.0,0.0
2007-11-06 00:00:00+09:00,2643.988946684005,2647.431640625,2643.988946684005,2647.431640625,104800,0.0,0.0
2007-11-07 00:00:00+09:00,2638.1651157449774,2638.1651157449774,2551.035888671875,2551.035888671875,104800,0.0,0.0
2007-11-08 00:00:00+09:00,2461.525901225716,2461.525901225716,2447.755126953125,2447.755126953125,104800,0.0,0.0
2007-11-09 00:00:00+09:00,2447.755195061025,2447.755195061025,2406.44287109375,2406.44287109375,104800,0.0,0.0
2007-11-12 00:00:00+09:00,2396.1143644241265,2396.1143644241265,2365.130126953125,2365.130126953125,104800,0.0,0.0
2007-11-13 00:00:00+09:00,2385.786048167756,2402.99951171875,2385.786048167756,2402.99951171875,104800,0.0,0.0
2007-11-14 00:00:00+09:00,2402.9996572510445,2471.853515625,2402.9996572510445,2471.853515625,104800,0.0,0.0
2007-11-15 00:00:00+09:00,2495.952438522171,2516.608596634079,2482.181666447566,2506.280517578125,195800,0.0,0.0
2007-11-16 00:00:00+09:00,2420.212484180509,2454.639404296875,2420.212484180509,2454.639404296875,195800,0.0,0.0
2007-11-19 00:00:00+09:00,2406.4422511646308,2413.32763671875,2406.4422511646308,2413.32763671875,195800,0.0,0.0
2007-11-20 00:00:00+09:00,2422.3781927556515,2427.09912109375,2422.3781927556515,2427.09912109375,195800,0.0,0.0
2007-11-21 00:00:00+09:00,2430.5413509754653,2451.197509765625,2430.5413509754653,2451.197509765625,195800,0.0,0.0
2007-11-22 00:00:00+09:00,2416.770263671875,2416.770263671875,2416.770263671875,2416.770263671875,195800,0.0,0.0
2007-11-26 00:00:00+09:00,2385.7862117991726,2485.624307242428,2385.7862117991726,2458.082763671875,175400,0.0,0.0
2007-11-27 00:00:00+09:00,2458.0827313640434,2523.493896484375,2458.0827313640434,2523.493896484375,195800,0.0,0.0
2007-11-28 00:00:00+09:00,2530.380187578649,2564.80712890625,2530.380187578649,2564.80712890625,195800,0.0,0.0
2007-11-29 00:00:00+09:00,2555.701898116725,2602.676513671875,2555.701898116725,2602.676513671875,195800,0.0,0.0
2007-11-30 00:00:00+09:00,2609.561633610439,2609.561633610439,2578.577392578125,2578.577392578125,195800,0.0,0.0
2007-12-03 00:00:00+09:00,2578.5776159898287,2578.5776159898287,2554.478759765625,2554.478759765625,195800,0.0,0.0
2007-12-04 00:00:00+09:00,2606.1186727698578,2606.1186727698578,2592.347900390625,2592.347900390625,195800,0.0,0.0
2007-12-05 00:00:00+09:00,2585.462758968014,2630.2177734375,2585.462758968014,2630.2177734375,195800,0.0,0.0
2007-12-06 00:00:00+09:00,2626.775013722937,2633.660400390625,2626.775013722937,2633.660400390625,195800,0.0,0.0
2007-12-07 00:00:00+09:00,2647.4316887473306,2650.8743827509034,2619.89013671875,2619.89013671875,243200,0.0,0.0
2007-12-10 00:00:00+09:00,2611.113514041359,2611.113514041359,2575.135009765625,2575.135009765625,243200,0.0,0.0
2007-12-11 00:00:00+09:00,2575.135009765625,2595.791172945563,2575.135009765625,2575.135009765625,243200,0.0,0.0
2007-12-12 00:00:00+09:00,2526.936747067666,2554.478291994834,2516.6086677199783,2540.70751953125,243200,0.0,0.0
2007-12-13 00:00:00+09:00,2478.739100743007,2478.739100743007,2461.525634765625,2461.525634765625,243200,0.0,0.0
2007-12-14 00:00:00+09:00,2461.5249985100986,2482.18115234375,2461.5249985100986,2482.18115234375,243200,0.0,0.0
2007-12-17 00:00:00+09:00,2485.6249599995585,2485.6249599995585,2437.42724609375,2437.42724609375,133400,0.0,0.0
2007-12-18 00:00:00+09:00,2413.3279300289555,2482.181793938483,2409.8852368334788,2461.525634765625,169600,0.0,0.0
2007-12-19 00:00:00+09:00,2461.5261030466545,2461.5261030466545,2437.42724609375,2437.42724609375,133400,0.0,0.0
2007-12-20 00:00:00+09:00,2430.541814882535,2430.541814882535,2427.09912109375,2427.09912109375,133400,0.0,0.0
2007-12-21 00:00:00+09:00,2427.098341721755,2427.098341721755,2416.770263671875,2416.770263671875,133400,0.0,0.0
2007-12-25 00:00:00+09:00,2406.4426947890956,2440.86962890625,2406.4426947890956,2440.86962890625,133400,0.0,0.0
2007-12-26 00:00:00+09:00,2451.1975551791957,2461.525634765625,2451.1975551791957,2461.525634765625,133400,0.0,0.0
2007-12-27 00:00:00+09:00,2464.9674803317844,2464.9674803317844,2454.639404296875,2454.639404296875,133400,0.0,0.0
2007-12-28 00:00:00+09:00,2440.8698077331455,2440.8698077331455,2392.672096437992,2406.44287109375,70600,0.0,0.0
2008-01-04 00:00:00+09:00,2372.015570583114,2372.015570583114,2268.7347765083773,2285.9482421875,182200,0.0,0.0
2008-01-07 00:00:00+09:00,2285.948083625759,2285.948083625759,2268.734619140625,2268.734619140625,133400,0.0,0.0
2008-01-08 00:00:00+09:00,2250.590066576506,2289.390625,2250.590066576506,2289.390625,133400,0.0,0.0
2008-01-09 00:00:00+09:00,2289.3914401146676,2347.917236328125,2289.3914401146676,2347.917236328125,133400,0.0,0.0
2008-01-10 00:00:00+09:00,2320.3753771100723,2320.3753771100723,2313.489990234375,2313.489990234375,133400,0.0,0.0
2008-01-11 00:00:00+09:00,2275.620849609375,2275.620849609375,2275.620849609375,2275.620849609375,133400,0.0,0.0
2008-01-15 00:00:00+09:00,2279.0626039373565,2279.0626039373565,2248.078369140625,2248.078369140625,133400,0.0,0.0
2008-01-16 00:00:00+09:00,2237.7505964496395,2272.177528702711,2196.4382777459537,2206.766357421875,205600,0.0,0.0
2008-01-17 00:00:00+09:00,2234.307820452221,2261.849365234375,2210.2089687678367,2261.849365234375,212400,0.0,0.0
2008-01-18 00:00:00+09:00,2223.98015559698,2265.29248046875,2223.98015559698,2265.29248046875,212400,0.0,0.0
2008-01-21 00:00:00+09:00,2251.5217311734546,2251.5217311734546,2213.652099609375,2213.652099609375,212400,0.0,0.0
2008-01-22 00:00:00+09:00,2162.011883375102,2162.011883375102,2100.0433899025675,2103.486083984375,178200,0.0,0.0
2008-01-23 00:00:00+09:00,2124.1421807981005,2144.7983446308212,2093.1579350490197,2106.9287109375,213400,0.0,0.0
2008-01-24 00:00:00+09:00,2127.5842546875,2182.6673421875003,2120.69886875,2151.68310546875,206000,0.0,0.0
2008-01-25 00:00:00+09:00,2203.323363323124,2258.406447406202,2203.323363323124,2248.078369140625,109200,0.0,0.0
2008-01-28 00:00:00+09:00,2234.308060873404,2234.308060873404,2223.97998046875,2223.97998046875,109200,0.0,0.0
2008-01-29 00:00:00+09:00,2265.2920583321443,2265.2920583321443,2261.849365234375,2261.849365234375,109200,0.0,0.0
2008-01-30 00:00:00+09:00,2223.979823548411,2234.307903224332,2179.224811619418,2206.766357421875,174800,0.0,0.0
2008-01-31 00:00:00+09:00,2237.750363817402,2285.9480639611616,2234.3076709499906,2282.50537109375,242000,0.0,0.0
2008-02-01 00:00:00+09:00,2275.6201627800265,2289.390935323325,2254.964003965079,2285.9482421875,110400,0.0,0.0
2008-02-04 00:00:00+09:00,2368.573510599415,2368.573510599415,2316.933099757858,2354.802734375,115600,0.0,0.0
2008-02-05 00:00:00+09:00,2358.24540965138,2358.24540965138,2330.703857421875,2330.703857421875,115600,0.0,0.0
2008-02-06 00:00:00+09:00,2234.308060873404,2258.406915150929,2223.97998046875,2223.97998046875,171200,0.0,0.0
2008-02-07 00:00:00+09:00,2217.095031178326,2254.9646668040423,2217.095031178326,2251.52197265625,171200,0.0,0.0
2008-02-08 00:00:00+09:00,2230.8648587740386,2237.750244140625,2230.8648587740386,2237.750244140625,171200,0.0,0.0
2008-02-12 00:00:00+09:00,2237.7507765345113,2237.7507765345113,2210.209228515625,2210.209228515625,171200,0.0,0.0
2008-02-13 00:00:00+09:00,2234.308241358343,2234.308241358343,2179.225141417305,2189.55322265625,84200,0.0,0.0
2008-02-14 00:00:00+09:00,2275.6207344624536,2316.933062470849,2265.2926524603545,2306.60498046875,266000,0.0,0.0
2008-02-15 00:00:00+09:00,2268.7352846087833,2289.3914480498343,2268.7352846087833,2272.177978515625,266000,0.0,0.0
2008-02-18 00:00:00+09:00,2265.2923020873645,2265.2923020873645,2223.97998046875,2223.97998046875,266000,0.0,0.0
2008-02-19 00:00:00+09:00,2206.766357421875,2206.766357421875,2206.766357421875,2206.766357421875,266000,0.0,0.0
2008-02-20 00:00:00+09:00,2192.9954210937503,2192.9954210937503,2151.68310546875,2151.68310546875,266000,0.0,0.0
2008-02-21 00:00:00+09:00,2220.5374871664803,2220.5374871664803,2213.652099609375,2213.652099609375,266000,0.0,0.0
2008-02-22 00:00:00+09:00,2158.5689355931577,2189.553178687796,2151.6835482387933,2179.22509765625,192000,0.0,0.0
2008-02-25 00:00:00+09:00,2244.6356295072114,2244.6356295072114,2237.750244140625,2237.750244140625,192000,0.0,0.0
2008-02-26 00:00:00+09:00,2234.308265010013,2237.750958792771,2175.782470703125,2175.782470703125,134600,0.0,0.0
2008-02-27 00:00:00+09:00,2210.2094058308226,2237.750956059244,2203.3240182737172,2213.652099609375,242200,0.0,0.0
2008-02-28 00:00:00+09:00,2148.240634936407,2168.8967948877184,2148.240634936407,2165.4541015625,242200,0.0,0.0
2008-02-29 00:00:00+09:00,2141.3556026335687,2144.798296528478,2120.699439264113,2134.47021484375,186000,0.0,0.0
2008-03-03 00:00:00+09:00,2069.0586600748697,2093.1575130208334,2058.7305802408855,2065.615966796875,191600,0.0,0.0
2008-03-04 00:00:00+09:00,2065.6161791657746,2065.6161791657746,2010.5330810546875,2010.5330810546875,191600,0.0,0.0
2008-03-05 00:00:00+09:00,2003.6475819388957,2003.6475819388957,1965.7779541015625,1965.7779541015625,191600,0.0,0.0
2008-03-06 00:00:00+09:00,1965.7777658742623,1986.4339245349377,1962.3350727641498,1969.220458984375,371600,0.0,0.0
2008-03-07 00:00:00+09:00,1969.2207147083143,1969.2207147083143,1886.5960693359373,1886.5960693359375,371600,0.0,0.0
2008-03-10 00:00:00+09:00,1893.4814123798617,1914.1375732421873,1893.4814123798617,1914.1375732421875,371600,0.0,0.0
2008-03-11 00:00:00+09:00,1886.5957748795925,1924.4653980979783,1865.9396167604727,1921.022705078125,399600,0.0,0.0
2008-03-12 00:00:00+09:00,1952.006993433812,1969.220458984375,1952.006993433812,1969.220458984375,399600,0.0,0.0
2008-03-13 00:00:00+09:00,1976.1058247884114,1976.1058247884114,1900.3665771484375,1900.3665771484375,399600,0.0,0.0
2008-03-14 00:00:00+09:00,1903.809751956722,1914.1378337937385,1869.3828125,1869.3828125,399600,0.0,0.0
2008-03-17 00:00:00+09:00,1878.448864401681,1878.448864401681,1807.4140624999998,1807.4140625,399600,0.0,0.0
2008-03-18 00:00:00+09:00,1800.5289335865561,1869.3828125,1800.5289335865561,1869.3828125,399600,0.0,0.0
2008-03-19 00:00:00+09:00,1890.0384979248047,1910.6946563720703,1865.9396464029946,1900.3665771484375,267000,0.0,0.0
2008-03-21 00:00:00+09:00,1945.1216935522764,1962.3351598668983,1921.0228407118057,1952.007080078125,313600,0.0,0.0
2008-03-24 00:00:00+09:00,1965.7778531298227,1982.9913194444446,1952.007080078125,1952.007080078125,152000,0.0,0.0
2008-03-25 00:00:00+09:00,1962.3350524902344,1982.9912109375,1962.3350524902344,1982.9912109375,152000,0.0,0.0
2008-03-26 00:00:00+09:00,1981.259765625,1981.259765625,1981.259765625,1981.259765625,152000,17.5,0.0
2008-03-27 00:00:00+09:00,2005.505610376906,2005.505610376906,2002.0418701171875,2002.0418701171875,152000,0.0,0.0
2008-03-28 00:00:00+09:00,2005.5058415421197,2005.5058415421197,1991.65087890625,1991.65087890625,152000,0.0,0.0
2008-03-31 00:00:00+09:00,1932.7672119140623,1932.7672119140623,1932.7672119140623,1932.7672119140625,152000,0.0,0.0
2008-04-01 00:00:00+09:00,1936.2310370010562,1998.578369140625,1936.2310370010562,1998.578369140625,152000,0.0,0.0
2008-04-02 00:00:00+09:00,1998.578463291684,2074.78076171875,1998.578463291684,2074.78076171875,152000,0.0,0.0
2008-04-03 00:00:00+09:00,2081.7079890009945,2081.7079890009945,2067.85302734375,2067.85302734375,152000,0.0,0.0
2008-04-04 00:00:00+09:00,2094.400959330449,2094.400959330449,2074.78076171875,2074.78076171875,152000,0.0,0.0
2008-04-07 00:00:00+09:00,2099.026728757748,2099.026728757748,2095.56298828125,2095.56298828125,152000,0.0,0.0
2008-04-08 00:00:00+09:00,2085.1717969584665,2085.1717969584665,2026.2882080078123,2026.2882080078125,152000,0.0,0.0
2008-04-09 00:00:00+09:00,2026.2883966619318,2026.2883966619318,1981.259765625,1981.259765625,152000,0.0,0.0
2008-04-10 00:00:00+09:00,1908.521358309659,1908.521358309659,1905.0576171875,1905.0576171875,152000,0.0,0.0
2008-04-11 00:00:00+09:00,1905.0574669471155,1981.259765625,1905.0574669471155,1981.259765625,152000,0.0,0.0
2008-04-14 00:00:00+09:00,1974.3319784038183,1974.3319784038183,1936.2308349609375,1936.2308349609375,152000,0.0,0.0
2008-04-15 00:00:00+09:00,1939.6943721064815,1963.9405517578125,1939.6943721064815,1963.9405517578125,152000,0.0,0.0
2008-04-16 00:00:00+09:00,1963.9408606104105,2012.4332275390625,1963.9408606104105,2012.4332275390625,152000,0.0,0.0
2008-04-17 00:00:00+09:00,2050.5344055590986,2050.5344055590986,2036.679443359375,2036.679443359375,152000,0.0,0.0
2008-04-18 00:00:00+09:00,2040.143183909306,2040.143183909306,2036.679443359375,2036.679443359375,152000,0.0,0.0
2008-04-21 00:00:00+09:00,2036.6794524629236,2043.6069335937498,2036.6794524629236,2043.60693359375,152000,0.0,0.0
2008-04-22 00:00:00+09:00,2012.4332275390625,2012.4332275390625,2012.4332275390625,2012.4332275390625,152000,0.0,0.0
2008-04-23 00:00:00+09:00,2015.8970725127276,2015.8970725127276,1998.578369140625,1998.578369140625,152000,0.0,0.0
2008-04-24 00:00:00+09:00,2002.0423381599041,2002.0423381599041,1984.7236328125,1984.7236328125,152000,0.0,0.0
2008-04-25 00:00:00+09:00,2033.215561749184,2033.215561749184,2022.8243408203125,2022.8243408203125,152000,0.0,0.0
2008-04-28 00:00:00+09:00,2112.881484661756,2123.272705078125,2112.881484661756,2123.272705078125,152000,0.0,0.0
2008-04-30 00:00:00+09:00,2112.8812735069164,2144.054931640625,2112.8812735069164,2144.054931640625,152000,0.0,0.0
2008-05-01 00:00:00+09:00,2102.49062252668,2119.809326171875,2102.49062252668,2119.809326171875,152000,0.0,0.0
2008-05-02 00:00:00+09:00,2157.910400390625,2157.910400390625,2157.910400390625,2157.910400390625,152000,0.0,0.0
2008-05-07 00:00:00+09:00,2200.3561569353565,2216.793701171875,2200.3561569353565,2216.793701171875,152000,0.0,0.0
2008-05-08 00:00:00+09:00,2209.866417875744,2209.866417875744,2182.156494140625,2182.156494140625,152000,0.0,0.0
2008-05-09 00:00:00+09:00,2178.692329566968,2178.692329566968,2144.054931640625,2144.054931640625,152000,0.0,0.0
2008-05-12 00:00:00+09:00,2137.128064752394,2147.519287109375,2137.128064752394,2147.519287109375,152000,0.0,0.0
2008-05-13 00:00:00+09:00,2150.983154296875,2150.983154296875,2150.983154296875,2150.983154296875,152000,0.0,0.0
2008-05-14 00:00:00+09:00,2157.910453447958,2199.475341796875,2157.910453447958,2199.475341796875,152000,0.0,0.0
2008-05-15 00:00:00+09:00,2251.4310353362616,2254.894775390625,2251.4310353362616,2254.894775390625,152000,0.0,0.0
2008-05-16 00:00:00+09:00,2258.3587970646813,2282.60498046875,2258.3587970646813,2282.60498046875,152000,0.0,0.0
2008-05-19 00:00:00+09:00,2282.6049524280966,2282.6049524280966,2261.822509765625,2261.822509765625,152000,0.0,0.0
2008-05-20 00:00:00+09:00,2265.286865234375,2265.286865234375,2265.286865234375,2265.286865234375,152000,0.0,0.0
2008-05-21 00:00:00+09:00,2220.257441329956,2220.257441329956,2216.793701171875,2216.793701171875,152000,0.0,0.0
2008-05-22 00:00:00+09:00,2175.2287898018535,2196.01123046875,2175.2287898018535,2196.01123046875,152000,0.0,0.0
2008-05-23 00:00:00+09:00,2244.503878869743,2244.503878869743,2223.721435546875,2223.721435546875,152000,0.0,0.0
2008-05-26 00:00:00+09:00,2202.939103668811,2202.939103668811,2119.809326171875,2119.809326171875,152000,0.0,0.0
2008-05-27 00:00:00+09:00,2119.8092536742574,2157.910400390625,2119.8092536742574,2157.910400390625,152000,0.0,0.0
2008-05-28 00:00:00+09:00,2140.592278022271,2140.592278022271,2133.664794921875,2133.664794921875,152000,0.0,0.0
2008-05-29 00:00:00+09:00,2216.794347072419,2247.968017578125,2216.794347072419,2247.968017578125,152000,0.0,0.0
2008-05-30 00:00:00+09:00,2247.967364456062,2303.38720703125,2247.967364456062,2303.38720703125,152000,0.0,0.0
2008-06-02 00:00:00+09:00,2275.6778011237,2331.09765625,2275.6778011237,2331.09765625,152000,0.0,0.0
2008-06-03 00:00:00+09:00,2297.3723509172987,2310.314697265625,2297.3723509172987,2310.314697265625,152000,0.0,0.0
2008-06-04 00:00:00+09:00,2340.898011447413,2365.734619140625,2340.898011447413,2365.734619140625,152000,0.0,0.0
2008-06-05 00:00:00+09:00,2362.270948864165,2362.270948864165,2327.633544921875,2327.633544921875,152000,0.0,0.0
2008-06-06 00:00:00+09:00,2383.0540122019374,2383.0540122019374,2324.17041015625,2324.17041015625,152000,0.0,0.0
2008-06-09 00:00:00+09:00,2310.315142812976,2310.315142812976,2275.677734375,2275.677734375,152000,0.0,0.0
2008-06-10 00:00:00+09:00,2275.6776167571,2279.141357421875,2275.6776167571,2279.141357421875,152000,0.0,0.0
2008-06-11 00:00:00+09:00,2279.141830770977,2279.141830770977,2265.286865234375,2265.286865234375,152000,0.0,0.0
2008-06-12 00:00:00+09:00,2223.7214716045673,2251.431396484375,2223.7214716045673,2251.431396484375,152000,0.0,0.0
2008-06-13 00:00:00+09:00,2241.0403259370246,2275.677734375,2241.0403259370246,2275.677734375,152000,0.0,0.0
2008-06-16 00:00:00+09:00,2282.604430241371,2320.70556640625,2282.604430241371,2320.70556640625,152000,0.0,0.0
2008-06-17 00:00:00+09:00,2320.706801598433,2334.561767578125,2320.706801598433,2334.561767578125,152000,0.0,0.0
2008-06-18 00:00:00+09:00,2327.633923611111,2338.025146484375,2327.633923611111,2338.025146484375,152000,0.0,0.0
2008-06-19 00:00:00+09:00,2272.213731096861,2272.213731096861,2261.822509765625,2261.822509765625,152000,0.0,0.0
2008-06-20 00:00:00+09:00,2220.257803712466,2220.257803712466,2213.330322265625,2213.330322265625,152000,0.0,0.0
2008-06-23 00:00:00+09:00,2216.793681210692,2216.793681210692,2202.938720703125,2202.938720703125,152000,0.0,0.0
2008-06-24 00:00:00+09:00,2292.996438593988,2292.996438593988,2275.677734375,2275.677734375,152000,0.0,0.0
2008-06-25 00:00:00+09:00,2268.7494716359606,2320.70556640625,2268.7494716359606,2320.70556640625,152000,0.0,0.0
2008-06-26 00:00:00+09:00,2310.3154449690296,2324.17041015625,2310.3154449690296,2324.17041015625,152000,0.0,0.0
2008-06-27 00:00:00+09:00,2327.633544921875,2327.633544921875,2327.633544921875,2327.633544921875,152000,0.0,0.0
2008-06-30 00:00:00+09:00,2327.633398144678,2327.633398144678,2310.314697265625,2310.314697265625,152000,0.0,0.0
2008-07-01 00:00:00+09:00,2310.3151110083654,2348.416259765625,2310.3151110083654,2348.416259765625,152000,0.0,0.0
2008-07-02 00:00:00+09:00,2348.4156568573744,2348.4156568573744,2272.21337890625,2272.21337890625,152000,0.0,0.0
2008-07-03 00:00:00+09:00,2272.2139145637716,2272.2139145637716,2213.330322265625,2213.330322265625,152000,0.0,0.0
2008-07-04 00:00:00+09:00,2216.793681210692,2216.793681210692,2202.938720703125,2202.938720703125,152000,0.0,0.0
2008-07-07 00:00:00+09:00,2202.9389222219565,2261.822509765625,2202.9389222219565,2261.822509765625,152000,0.0,0.0
2008-07-08 00:00:00+09:00,2220.257861406375,2220.257861406375,2161.374267578125,2161.374267578125,152000,0.0,0.0
2008-07-09 00:00:00+09:00,2216.7944026898736,2216.7944026898736,2189.08447265625,2189.08447265625,152000,0.0,0.0
2008-07-10 00:00:00+09:00,2159.1859928281783,2164.83740234375,2159.1859928281783,2164.83740234375,152000,0.0,0.0
2008-07-11 00:00:00+09:00,2164.8376755026743,2185.6201171875,2164.8376755026743,2185.6201171875,152000,0.0,0.0
2008-07-14 00:00:00+09:00,2237.576341610863,2237.576341610863,2182.156494140625,2182.156494140625,152000,0.0,0.0
2008-07-15 00:00:00+09:00,2116.345947265625,2116.345947265625,2116.345947265625,2116.345947265625,152000,0.0,0.0
2008-07-16 00:00:00+09:00,2112.881782046927,2112.881782046927,2071.31689453125,2071.31689453125,152000,0.0,0.0
2008-07-17 00:00:00+09:00,2085.1714728860293,2085.1714728860293,2060.92529296875,2060.92529296875,152000,0.0,0.0
2008-07-18 00:00:00+09:00,2060.9254199546453,2064.38916015625,2060.9254199546453,2064.38916015625,152000,0.0,0.0
2008-07-22 00:00:00+09:00,2133.664749313187,2206.4033203125,2126.737266360871,2206.4033203125,481000,0.0,0.0
2008-07-23 00:00:00+09:00,2157.909880058499,2157.909880058499,2137.12744140625,2137.12744140625,481000,0.0,0.0
2008-07-24 00:00:00+09:00,2168.302025131032,2189.08447265625,2168.302025131032,2189.08447265625,481000,0.0,0.0
2008-07-25 00:00:00+09:00,2126.736572265625,2126.736572265625,2126.736572265625,2126.736572265625,481000,0.0,0.0
2008-07-28 00:00:00+09:00,2199.474843102044,2199.474843102044,2192.54736328125,2192.54736328125,481000,0.0,0.0
2008-07-29 00:00:00+09:00,2157.9105267646987,2161.374267578125,2157.9105267646987,2161.374267578125,481000,0.0,0.0
2008-07-30 00:00:00+09:00,2196.011618648523,2213.330322265625,2196.011618648523,2213.330322265625,481000,0.0,0.0
2008-07-31 00:00:00+09:00,2208.0189723553017,2247.968017578125,2208.0189723553017,2247.968017578125,481000,0.0,0.0
2008-08-01 00:00:00+09:00,2251.430941757998,2251.430941757998,2192.54736328125,2192.54736328125,481000,0.0,0.0
2008-08-04 00:00:00+09:00,2159.9592460771887,2159.9592460771887,2130.201171875,2130.201171875,481000,0.0,0.0
2008-08-05 00:00:00+09:00,2130.20000390625,2164.83740234375,2130.20000390625,2164.83740234375,481000,0.0,0.0
2008-08-06 00:00:00+09:00,2164.837934839444,2199.475341796875,2164.837934839444,2199.475341796875,481000,0.0,0.0
2008-08-07 00:00:00+09:00,2154.447364075203,2154.447364075203,2130.201171875,2130.201171875,481000,0.0,0.0
2008-08-08 00:00:00+09:00,2064.3894398670323,2092.099365234375,2064.3894398670323,2092.099365234375,481000,0.0,0.0
2008-08-11 00:00:00+09:00,2126.736572265625,2126.736572265625,2126.736572265625,2126.736572265625,481000,0.0,0.0
2008-08-12 00:00:00+09:00,2150.955417308485,2150.983154296875,2150.955417308485,2150.983154296875,481000,0.0,0.0
2008-08-13 00:00:00+09:00,2150.982411225894,2150.982411225894,2144.054931640625,2144.054931640625,481000,0.0,0.0
2008-08-14 00:00:00+09:00,2140.591723904511,2178.69287109375,2140.591723904511,2178.69287109375,481000,0.0,0.0
2008-08-15 00:00:00+09:00,2175.228896345087,2185.6201171875,2175.228896345087,2185.6201171875,481000,0.0,0.0
2008-08-18 00:00:00+09:00,2214.566708148722,2214.566708148722,2209.865966796875,2209.865966796875,481000,0.0,0.0
2008-08-19 00:00:00+09:00,2185.6203524008843,2185.6203524008843,2178.69287109375,2178.69287109375,481000,0.0,0.0
2008-08-20 00:00:00+09:00,2178.6929716452573,2178.6929716452573,2161.374267578125,2161.374267578125,481000,0.0,0.0
2008-08-21 00:00:00+09:00,2210.5946234007265,2210.5946234007265,2164.83740234375,2164.83740234375,481000,0.0,0.0
2008-08-22 00:00:00+09:00,2164.837716068429,2164.837716068429,2126.736572265625,2126.736572265625,481000,0.0,0.0
2008-08-25 00:00:00+09:00,2126.7368594438603,2161.374267578125,2126.7368594438603,2161.374267578125,481000,0.0,0.0
2008-08-26 00:00:00+09:00,2140.5919313292575,2150.983154296875,2140.5919313292575,2150.983154296875,481000,0.0,0.0
2008-08-27 00:00:00+09:00,2144.056019572469,2144.056019572469,2133.664794921875,2133.664794921875,481000,0.0,0.0
2008-08-28 00:00:00+09:00,2116.3454497639573,2116.3454497639573,2109.41796875,2109.41796875,481000,0.0,0.0
2008-08-29 00:00:00+09:00,2109.417575087844,2171.764892578125,2109.417575087844,2171.764892578125,481000,0.0,0.0
2008-09-01 00:00:00+09:00,2171.765196759848,2171.765196759848,2126.736572265625,2126.736572265625,481000,0.0,0.0
2008-09-02 00:00:00+09:00,2088.635212874212,2088.635212874212,2060.92529296875,2060.92529296875,481000,0.0,0.0
2008-09-03 00:00:00+09:00,2064.3889476484633,2085.17138671875,2064.3889476484633,2085.17138671875,481000,0.0,0.0
2008-09-04 00:00:00+09:00,2085.1718766983695,2085.1718766983695,1991.65087890625,1991.65087890625,481000,0.0,0.0
2008-09-05 00:00:00+09:00,1918.9128204122946,1918.9128204122946,1898.13037109375,1898.13037109375,481000,0.0,0.0
2008-09-08 00:00:00+09:00,2092.0994659067196,2092.0994659067196,2074.78076171875,2074.78076171875,481000,0.0,0.0
2008-09-09 00:00:00+09:00,2074.7801734661234,2074.7801734661234,2008.9691162109375,2008.9691162109375,481000,0.0,0.0
2008-09-10 00:00:00+09:00,2005.5056998861494,2067.85302734375,2002.0419594718383,2067.85302734375,481000,0.0,0.0
2008-09-11 00:00:00+09:00,1977.7958573853841,1977.7958573853841,1946.6221923828123,1946.6221923828125,481000,0.0,0.0
2008-09-12 00:00:00+09:00,1974.331948039441,2002.0418701171875,1974.331948039441,2002.0418701171875,481000,0.0,0.0
2008-09-16 00:00:00+09:00,2002.0421442822878,2002.0421442822878,1929.3035888671875,1929.3035888671875,2600,0.0,0.0
2008-09-17 00:00:00+09:00,1908.521179767516,1908.521179767516,1860.0288085937498,1860.02880859375,2600,0.0,0.0
2008-09-18 00:00:00+09:00,1860.028219903463,1873.8831787109375,1860.028219903463,1873.8831787109375,2600,0.0,0.0
2008-09-19 00:00:00+09:00,1894.6657527540096,1963.9405517578125,1894.6657527540096,1963.9405517578125,2600,0.0,0.0
2008-09-22 00:00:00+09:00,1939.695040545886,1939.695040545886,1915.4488525390625,1915.4488525390625,2600,0.0,0.0
2008-09-24 00:00:00+09:00,1915.448545206562,1960.4771728515625,1915.448545206562,1960.4771728515625,2600,0.0,0.0
2008-09-25 00:00:00+09:00,1990.1018196498944,1990.1018196498944,1962.219482421875,1962.219482421875,2600,17.5,0.0
2008-09-26 00:00:00+09:00,1986.6168127824205,2000.5579833984375,1986.6168127824205,2000.5579833984375,2600,0.0,0.0
2008-09-29 00:00:00+09:00,2000.5582251020871,2000.5582251020871,1920.396484375,1920.396484375,2600,0.0,0.0
2008-09-30 00:00:00+09:00,1854.1758094200723,1854.1758094200723,1812.352294921875,1812.352294921875,2600,0.0,0.0
2008-10-01 00:00:00+09:00,1812.3527018229167,1902.9703369140625,1812.3527018229167,1902.9703369140625,2600,0.0,0.0
2008-10-02 00:00:00+09:00,1906.4555319179833,1906.4555319179833,1875.087890625,1875.087890625,2600,0.0,0.0
2008-10-03 00:00:00+09:00,1878.5730521435453,1878.5730521435453,1808.8671875,1808.8671875,2600,0.0,0.0
2008-10-06 00:00:00+09:00,1798.411002537869,1798.411002537869,1711.2786865234373,1711.2786865234375,2600,0.0,0.0
2008-10-07 00:00:00+09:00,1681.2595154044059,1686.8815917968752,1681.2595154044059,1686.881591796875,2600,0.0,0.0
2008-10-08 00:00:00+09:00,1686.8813926295231,1686.8813926295231,1589.293212890625,1589.293212890625,2600,0.0,0.0
2008-10-09 00:00:00+09:00,1651.3749595055215,1651.3749595055215,1631.11669921875,1631.11669921875,2600,0.0,0.0
2008-10-10 00:00:00+09:00,1481.249580564092,1481.249580564092,1470.7937011718748,1470.793701171875,2600,0.0,0.0
2008-10-14 00:00:00+09:00,1620.6611067094143,1662.484619140625,1620.6611067094143,1662.484619140625,2600,0.0,0.0
2008-10-15 00:00:00+09:00,1634.6020653017104,1728.7049560546873,1634.6020653017104,1728.7049560546875,2600,0.0,0.0
2008-10-16 00:00:00+09:00,1728.7050872093025,1728.7050872093025,1498.67578125,1498.67578125,2600,0.0,0.0
2008-10-17 00:00:00+09:00,1603.2351651470988,1606.720458984375,1603.2351651470988,1606.720458984375,2600,0.0,0.0
2008-10-20 00:00:00+09:00,1606.72005859375,1655.51416015625,1606.72005859375,1655.51416015625,2600,0.0,0.0
2008-10-21 00:00:00+09:00,1687.4933373870674,1693.852294921875,1687.4933373870674,1693.852294921875,2600,0.0,0.0
2008-10-22 00:00:00+09:00,1693.8523555360991,1693.8523555360991,1516.1024169921875,1516.1024169921875,2600,0.0,0.0
2008-10-23 00:00:00+09:00,1510.414566604756,1537.013916015625,1510.414566604756,1537.013916015625,2600,0.0,0.0
2008-10-24 00:00:00+09:00,1530.04331442026,1530.04331442026,1449.881591796875,1449.881591796875,2600,0.0,0.0
2008-10-27 00:00:00+09:00,1449.8817490734502,1449.8817490734502,1293.0435791015625,1293.0435791015625,2600,0.0,0.0
2008-10-28 00:00:00+09:00,1310.4700840755527,1418.51416015625,1300.0142057451628,1418.51416015625,2600,0.0,0.0
2008-10-29 00:00:00+09:00,1418.5141132061299,1495.1905517578125,1418.5141132061299,1495.1905517578125,2600,0.0,0.0
2008-10-30 00:00:00+09:00,1665.9700927734375,1665.9700927734375,1665.9700927734375,1665.9700927734375,2600,0.0,0.0
2008-10-31 00:00:00+09:00,1669.455130671823,1669.455130671823,1578.8375244140625,1578.8375244140625,2600,0.0,0.0
2008-11-04 00:00:00+09:00,1596.2646484375,1596.2646484375,1596.2646484375,1596.2646484375,337200,0.0,0.0
2008-11-05 00:00:00+09:00,1599.7491874922341,1753.10205078125,1599.7491874922341,1753.10205078125,337200,0.0,0.0
2008-11-06 00:00:00+09:00,1756.5879833366296,1756.5879833366296,1652.0291748046875,1652.0291748046875,337200,0.0,0.0
2008-11-07 00:00:00+09:00,1652.0283307906384,1652.0283307906384,1624.14599609375,1624.14599609375,337200,0.0,0.0
2008-11-10 00:00:00+09:00,1718.249082742915,1721.734375,1718.249082742915,1721.734375,337200,0.0,0.0
2008-11-11 00:00:00+09:00,1721.7348591520215,1721.7348591520215,1648.543701171875,1648.543701171875,337200,0.0,0.0
2008-11-12 00:00:00+09:00,1610.2050052472016,1655.5138040961488,1599.7491285897522,1634.60205078125,210200,0.0,0.0
2008-11-13 00:00:00+09:00,1547.4697822724413,1557.9256591796875,1547.4697822724413,1557.9256591796875,210200,0.0,0.0
2008-11-14 00:00:00+09:00,1557.9258022002825,1557.9258022002825,1523.0728759765625,1523.0728759765625,210200,0.0,0.0
2008-11-17 00:00:00+09:00,1523.0728515081257,1564.8963623046875,1523.0728515081257,1564.8963623046875,210200,0.0,0.0
2008-11-18 00:00:00+09:00,1564.9171033073758,1582.3226318359375,1564.9171033073758,1582.3226318359375,210200,0.0,0.0
2008-11-19 00:00:00+09:00,1537.0140881730838,1554.4405517578125,1537.0140881730838,1554.4405517578125,210200,0.0,0.0
2008-11-20 00:00:00+09:00,1554.4403313530815,1554.4403313530815,1505.646240234375,1505.646240234375,210200,0.0,0.0
2008-11-21 00:00:00+09:00,1505.6461070667615,1533.5284423828125,1505.6461070667615,1533.5284423828125,210200,0.0,0.0
2008-11-25 00:00:00+09:00,1537.0136669373244,1550.954833984375,1537.0136669373244,1550.954833984375,44400,0.0,0.0
2008-11-26 00:00:00+09:00,1550.955039130317,1550.955039130317,1505.646240234375,1505.646240234375,44400,0.0,0.0
2008-11-27 00:00:00+09:00,1529.000626134539,1557.9256591796875,1529.000626134539,1557.9256591796875,44400,0.0,0.0
2008-11-28 00:00:00+09:00,1557.9255311547256,1571.86669921875,1557.9255311547256,1571.86669921875,44400,0.0,0.0
2008-12-01 00:00:00+09:00,1571.8668880462646,1571.8668880462646,1561.4110107421875,1561.4110107421875,44400,0.0,0.0
2008-12-02 00:00:00+09:00,1561.4109604779412,1561.4109604779412,1421.999267578125,1421.999267578125,44400,0.0,0.0
2008-12-03 00:00:00+09:00,1435.9404737603918,1467.30810546875,1435.9404737603918,1467.30810546875,44400,0.0,0.0
2008-12-04 00:00:00+09:00,1470.7933978807896,1474.2786902928294,1439.4257661724316,1467.30810546875,314000,0.0,0.0
2008-12-05 00:00:00+09:00,1467.30810546875,1467.30810546875,1467.30810546875,1467.30810546875,314000,0.0,0.0
2008-12-08 00:00:00+09:00,1467.3078960071912,1533.5284423828125,1467.3078960071912,1533.5284423828125,314000,0.0,0.0
2008-12-09 00:00:00+09:00,1485.9877199283067,1485.9877199283067,1481.2493896484375,1481.2493896484375,314000,0.0,0.0
2008-12-10 00:00:00+09:00,1481.249310893397,1512.616943359375,1481.249310893397,1512.616943359375,314000,0.0,0.0
2008-12-11 00:00:00+09:00,1554.4407020186547,1599.74951171875,1554.4407020186547,1599.74951171875,314000,0.0,0.0
2008-12-12 00:00:00+09:00,1599.7489212070577,1599.7489212070577,1543.9842529296875,1543.9842529296875,314000,0.0,0.0
2008-12-15 00:00:00+09:00,1620.6611775543731,1645.0582275390625,1620.6611775543731,1645.0582275390625,314000,0.0,0.0
2008-12-16 00:00:00+09:00,1596.2643517127403,1596.2643517127403,1585.8084716796875,1585.8084716796875,245800,0.0,0.0
2008-12-17 00:00:00+09:00,1589.2935601596175,1617.1759033203125,1589.2935601596175,1617.1759033203125,254200,0.0,0.0
2008-12-18 00:00:00+09:00,1634.6017530036695,1634.6017530036695,1610.2047119140625,1610.2047119140625,392000,0.0,0.0
2008-12-19 00:00:00+09:00,1613.691118398608,1613.691118398608,1596.2646484375,1596.2646484375,162800,0.0,0.0
2008-12-22 00:00:00+09:00,1596.2642186648966,1599.74951171875,1596.2642186648966,1599.74951171875,126800,0.0,0.0
2008-12-24 00:00:00+09:00,1599.7493661733774,1599.7493661733774,1540.4993896484375,1540.4993896484375,91800,0.0,0.0
2008-12-25 00:00:00+09:00,1576.297476347094,1576.297476347094,1575.352294921875,1575.352294921875,58800,0.0,0.0
2008-12-26 00:00:00+09:00,1616.1706681321107,1624.14599609375,1616.1706681321107,1624.14599609375,47800,0.0,0.0
2008-12-29 00:00:00+09:00,1645.512161180377,1658.9996337890625,1645.512161180377,1658.9996337890625,97800,0.0,0.0
2008-12-30 00:00:00+09:00,1655.5139588915613,1686.8815917968752,1648.5433738014915,1686.881591796875,92000,0.0,0.0
2009-01-05 00:00:00+09:00,1714.7643273618041,1718.2496207101005,1652.02904709247,1658.9996337890625,52200,0.0,0.0
2009-01-06 00:00:00+09:00,1658.999035957532,1658.999035957532,1631.11669921875,1631.11669921875,112800,0.0,0.0
2009-01-07 00:00:00+09:00,1631.11705611924,1645.0582275390625,1631.11705611924,1645.0582275390625,131400,0.0,0.0
2009-01-08 00:00:00+09:00,1634.6017530036695,1634.6017530036695,1610.2047119140625,1610.2047119140625,106400,0.0,0.0
2009-01-09 00:00:00+09:00,1610.2049466646636,1631.11669921875,1610.2049466646636,1631.11669921875,102400,0.0,0.0
2009-01-13 00:00:00+09:00,1638.0875508768577,1638.0875508768577,1495.1905517578125,1495.1905517578125,484600,0.0,0.0
2009-01-14 00:00:00+09:00,1495.1904887354651,1498.67578125,1495.1904887354651,1498.67578125,166600,0.0,0.0
2009-01-15 00:00:00+09:00,1537.013734297319,1537.013734297319,1533.5284423828125,1533.5284423828125,288600,0.0,0.0
2009-01-16 00:00:00+09:00,1533.5283776276806,1543.9842529296875,1533.5283776276806,1543.9842529296875,228200,0.0,0.0
2009-01-19 00:00:00+09:00,1502.1610658707157,1512.616943359375,1502.1610658707157,1512.616943359375,222600,0.0,0.0
2009-01-20 00:00:00+09:00,1474.2786169319509,1491.705078125,1474.2786169319509,1491.705078125,127600,0.0,0.0
2009-01-21 00:00:00+09:00,1491.7052082565597,1491.7052082565597,1477.7640380859375,1477.7640380859375,270800,0.0,0.0
2009-01-22 00:00:00+09:00,1477.764287433353,1477.764287433353,1470.7937011718748,1470.793701171875,203200,0.0,0.0
2009-01-23 00:00:00+09:00,1470.7933455247146,1470.7933455247146,1449.881591796875,1449.881591796875,113400,0.0,0.0
2009-01-26 00:00:00+09:00,1449.8816434085509,1467.30810546875,1449.8816434085509,1467.30810546875,555800,0.0,0.0
2009-01-27 00:00:00+09:00,1449.8823007641922,1596.2646484375,1449.8823007641922,1596.2646484375,736800,0.0,0.0
2009-01-28 00:00:00+09:00,1596.2638003983686,1596.2638003983686,1582.3226318359375,1582.3226318359375,312200,0.0,0.0
2009-01-29 00:00:00+09:00,1582.3226741011424,1620.660888671875,1582.3226741011424,1620.660888671875,114600,0.0,0.0
2009-01-30 00:00:00+09:00,1620.661150976135,1620.661150976135,1592.77880859375,1592.77880859375,137400,0.0,0.0
2009-02-02 00:00:00+09:00,1592.7785822038416,1592.7785822038416,1557.9256591796875,1557.9256591796875,122200,0.0,0.0
2009-02-03 00:00:00+09:00,1557.9256699750213,1557.9256699750213,1537.013916015625,1537.013916015625,151800,0.0,0.0
2009-02-04 00:00:00+09:00,1533.5286788253097,1547.4698486328125,1533.5286788253097,1547.4698486328125,114800,0.0,0.0
2009-02-05 00:00:00+09:00,1547.4695446970231,1547.4695446970231,1543.9842529296875,1543.9842529296875,161400,0.0,0.0
2009-02-06 00:00:00+09:00,1543.9846736069753,1554.4405517578125,1543.9846736069753,1554.4405517578125,159000,0.0,0.0
2009-02-09 00:00:00+09:00,1554.4404258728027,1561.4110107421875,1554.4404258728027,1561.4110107421875,116400,0.0,0.0
2009-02-10 00:00:00+09:00,1578.8373364900287,1613.6902578253496,1578.8373364900287,1589.293212890625,171200,0.0,0.0
2009-02-12 00:00:00+09:00,1575.3518763167135,1575.3518763167135,1550.954833984375,1550.954833984375,161600,0.0,0.0
2009-02-13 00:00:00+09:00,1523.073002817439,1523.073002817439,1516.1024169921875,1516.1024169921875,180400,0.0,0.0
2009-02-16 00:00:00+09:00,1540.4992561340332,1561.4110107421875,1540.4992561340332,1561.4110107421875,177200,0.0,0.0
2009-02-17 00:00:00+09:00,1568.3815360869337,1568.3815360869337,1557.9256591796875,1557.9256591796875,90800,0.0,0.0
2009-02-18 00:00:00+09:00,1519.5878216650055,1530.0437011718748,1519.5878216650055,1530.043701171875,109000,0.0,0.0
2009-02-19 00:00:00+09:00,1557.9256591796875,1557.9256591796875,1557.9256591796875,1557.9256591796875,139200,0.0,0.0
2009-02-20 00:00:00+09:00,1589.2931592987804,1589.2931592987804,1571.86669921875,1571.86669921875,136200,0.0,0.0
2009-02-23 00:00:00+09:00,1575.352294921875,1575.352294921875,1575.352294921875,1575.352294921875,159200,0.0,0.0
2009-02-24 00:00:00+09:00,1575.3525916466347,1585.8084716796875,1575.3525916466347,1585.8084716796875,153800,0.0,0.0
2009-02-25 00:00:00+09:00,1554.4405387945933,1575.352294921875,1554.4405387945933,1575.352294921875,250200,0.0,0.0
2009-02-26 00:00:00+09:00,1575.3525916466347,1585.8084716796875,1575.3525916466347,1585.8084716796875,114600,0.0,0.0
2009-02-27 00:00:00+09:00,1568.3815051663305,1620.660888671875,1568.3815051663305,1620.660888671875,169400,0.0,0.0
2009-03-02 00:00:00+09:00,1620.6610998643182,1620.6610998643182,1575.352294921875,1575.352294921875,111600,0.0,0.0
2009-03-03 00:00:00+09:00,1547.4698372395833,1568.381591796875,1547.4698372395833,1568.381591796875,130600,0.0,0.0
2009-03-04 00:00:00+09:00,1554.440366877272,1557.9256591796875,1554.440366877272,1557.9256591796875,111600,0.0,0.0
2009-03-05 00:00:00+09:00,1603.2345722526904,1603.2345722526904,1578.8375244140625,1578.8375244140625,217000,0.0,0.0
2009-03-06 00:00:00+09:00,1561.4111460690044,1561.4111460690044,1540.4993896484375,1540.4993896484375,195400,0.0,0.0
2009-03-09 00:00:00+09:00,1540.4992793371919,1540.4992793371919,1519.5875244140625,1519.5875244140625,225600,0.0,0.0
2009-03-10 00:00:00+09:00,1533.5286788253097,1547.4698486328125,1533.5286788253097,1547.4698486328125,322400,0.0,0.0
2009-03-11 00:00:00+09:00,1575.352240003828,1575.352240003828,1564.8963623046875,1564.8963623046875,102400,0.0,0.0
2009-03-12 00:00:00+09:00,1564.8963308026714,1564.8963308026714,1512.616943359375,1512.616943359375,118400,0.0,0.0
2009-03-13 00:00:00+09:00,1505.6463392103042,1547.4698486328125,1505.6463392103042,1547.4698486328125,275400,0.0,0.0
2009-03-16 00:00:00+09:00,1571.8668283893492,1571.8668283893492,1557.9256591796875,1557.9256591796875,243400,0.0,0.0
2009-03-17 00:00:00+09:00,1561.4112169989226,1617.1759033203125,1561.4112169989226,1617.1759033203125,184800,0.0,0.0
2009-03-18 00:00:00+09:00,1617.1757892382414,1704.30810546875,1617.1757892382414,1704.30810546875,285000,0.0,0.0
2009-03-19 00:00:00+09:00,1704.3082468266796,1704.3082468266796,1676.4259033203125,1676.4259033203125,190400,0.0,0.0
2009-03-23 00:00:00+09:00,1707.79320597166,1721.734375,1707.79320597166,1721.734375,265200,0.0,0.0
2009-03-24 00:00:00+09:00,1725.2203696114677,1756.5880126953125,1725.2203696114677,1756.5880126953125,191800,0.0,0.0
2009-03-25 00:00:00+09:00,1815.8379365754217,1833.264404296875,1815.8379365754217,1833.264404296875,293000,0.0,0.0
2009-03-26 00:00:00+09:00,1835.018622862618,1859.5791015625,1835.018622862618,1859.5791015625,135400,17.5,0.0
2009-03-27 00:00:00+09:00,1880.630075079191,1880.630075079191,1799.931396484375,1799.931396484375,202000,0.0,0.0
2009-03-30 00:00:00+09:00,1796.4235971943888,1796.4235971943888,1750.811279296875,1750.811279296875,242800,0.0,0.0
2009-03-31 00:00:00+09:00,1750.8110704989895,1750.8110704989895,1708.7073974609375,1708.7073974609375,214600,0.0,0.0
2009-04-01 00:00:00+09:00,1764.8452987825651,1764.8452987825651,1729.7589111328125,1729.7589111328125,157000,0.0,0.0
2009-04-02 00:00:00+09:00,1733.2679661507843,1845.54443359375,1733.2679661507843,1845.54443359375,315000,0.0,0.0
2009-04-03 00:00:00+09:00,1842.0350253582,1842.0350253582,1796.4227294921875,1796.4227294921875,177600,0.0,0.0
2009-04-06 00:00:00+09:00,1761.3369767136585,1761.3369767136585,1722.741943359375,1722.741943359375,228600,0.0,0.0
2009-04-07 00:00:00+09:00,1722.7414881942295,1771.8624267578125,1722.7414881942295,1771.8624267578125,222000,0.0,0.0
2009-04-08 00:00:00+09:00,1729.7595730736143,1768.3546142578125,1729.7595730736143,1768.3546142578125,185800,0.0,0.0
2009-04-09 00:00:00+09:00,1757.8282192382812,1757.8282192382812,1754.319580078125,1754.319580078125,248800,0.0,0.0
2009-04-10 00:00:00+09:00,1754.3190717697144,1796.4227294921875,1754.3190717697144,1796.4227294921875,239000,0.0,0.0
2009-04-13 00:00:00+09:00,1838.526873006262,1856.070068359375,1838.526873006262,1856.070068359375,200600,0.0,0.0
2009-04-14 00:00:00+09:00,1873.612612616747,1873.612612616747,1866.5953369140625,1866.5953369140625,267000,0.0,0.0
2009-04-15 00:00:00+09:00,1866.59597067637,1866.59597067637,1792.91455078125,1792.91455078125,249200,0.0,0.0
2009-04-16 00:00:00+09:00,1792.9145305537993,1820.983642578125,1792.9145305537993,1820.983642578125,298800,0.0,0.0
2009-04-17 00:00:00+09:00,1824.4916826979559,1866.5953369140625,1824.4916826979559,1866.5953369140625,294800,0.0,0.0
2009-04-20 00:00:00+09:00,1863.0873465006205,1863.0873465006205,1856.070068359375,1856.070068359375,423000,0.0,0.0
2009-04-21 00:00:00+09:00,1799.9318741405493,1813.9664306640625,1799.9318741405493,1813.9664306640625,241600,0.0,0.0
2009-04-22 00:00:00+09:00,1824.8502047617856,1856.070068359375,1824.8502047617856,1856.070068359375,318800,0.0,0.0
2009-04-23 00:00:00+09:00,1849.052861432621,1849.052861432621,1803.4405517578125,1803.4405517578125,302600,0.0,0.0
2009-04-24 00:00:00+09:00,1796.4231350806451,1796.4231350806451,1740.284912109375,1740.284912109375,480600,0.0,0.0
2009-04-27 00:00:00+09:00,1744.9836188170034,1744.9836188170034,1743.79345703125,1743.79345703125,367400,0.0,0.0
2009-04-28 00:00:00+09:00,1771.8628432185776,1771.8628432185776,1747.3023681640627,1747.3023681640625,500400,0.0,0.0
2009-04-30 00:00:00+09:00,1747.302384423925,1764.8455810546875,1747.302384423925,1764.8455810546875,339400,0.0,0.0
2009-05-01 00:00:00+09:00,1768.3541193181818,1768.3541193181818,1736.7763671875,1736.7763671875,172600,0.0,0.0
2009-05-07 00:00:00+09:00,1803.4402308116062,1803.4402308116062,1778.8797607421875,1778.8797607421875,423400,0.0,0.0
2009-05-08 00:00:00+09:00,1764.8450707296722,1806.94873046875,1764.8450707296722,1806.94873046875,190800,0.0,0.0
2009-05-11 00:00:00+09:00,1806.949048974048,1831.509521484375,1806.949048974048,1831.509521484375,155000,0.0,0.0
2009-05-12 00:00:00+09:00,1837.2788582743387,1837.2788582743387,1785.8973388671877,1785.8973388671875,126600,0.0,0.0
2009-05-13 00:00:00+09:00,1789.405893921381,1789.405893921381,1775.371337890625,1775.371337890625,175000,0.0,0.0
2009-05-14 00:00:00+09:00,1715.7243460663094,1715.7243460663094,1698.18115234375,1698.18115234375,159600,0.0,0.0
2009-05-15 00:00:00+09:00,1782.3882054855019,1799.931396484375,1782.3882054855019,1799.931396484375,225800,0.0,0.0
2009-05-18 00:00:00+09:00,1680.6379586211906,1698.18115234375,1680.6379586211906,1698.18115234375,295000,0.0,0.0
2009-05-19 00:00:00+09:00,1719.2333039635312,1722.741943359375,1719.2333039635312,1722.741943359375,243000,0.0,0.0
2009-05-20 00:00:00+09:00,1719.2331884765624,1754.319580078125,1719.2331884765624,1754.319580078125,146000,0.0,0.0
2009-05-21 00:00:00+09:00,1750.8106038898763,1757.827880859375,1750.8106038898763,1757.827880859375,245600,0.0,0.0
2009-05-22 00:00:00+09:00,1761.336941728535,1764.8455810546875,1761.336941728535,1764.8455810546875,211800,0.0,0.0
2009-05-25 00:00:00+09:00,1761.336864658798,1785.8973388671877,1761.336864658798,1785.8973388671875,199000,0.0,0.0
2009-05-26 00:00:00+09:00,1785.8970663716473,1785.8970663716473,1782.388427734375,1782.388427734375,129800,0.0,0.0
2009-05-27 00:00:00+09:00,1842.0357666015625,1842.0357666015625,1842.0357666015625,1842.0357666015625,341200,0.0,0.0
2009-05-28 00:00:00+09:00,1842.0351961343595,1842.0351961343595,1771.8624267578125,1771.8624267578125,251200,0.0,0.0
2009-05-29 00:00:00+09:00,1771.8627989060221,1803.4405517578125,1771.8627989060221,1803.4405517578125,275000,0.0,0.0
2009-06-01 00:00:00+09:00,1859.5786971043913,1870.1046142578123,1859.5786971043913,1870.1046142578125,282400,0.0,0.0
2009-06-02 00:00:00+09:00,1870.1042051005318,1870.1042051005318,1835.017822265625,1835.017822265625,169000,0.0,0.0
2009-06-03 00:00:00+09:00,1828.0008924329604,1828.0008924329604,1817.4749755859375,1817.4749755859375,158000,0.0,0.0
2009-06-04 00:00:00+09:00,1820.9836145349452,1820.9836145349452,1817.4749755859375,1817.4749755859375,129800,0.0,0.0
2009-06-05 00:00:00+09:00,1842.0357270674272,1852.5616455078125,1842.0357270674272,1852.5616455078125,156800,0.0,0.0
2009-06-08 00:00:00+09:00,1880.630642967295,1884.1392822265625,1880.630642967295,1884.1392822265625,162200,0.0,0.0
2009-06-09 00:00:00+09:00,1915.717202876813,1915.717202876813,1905.1912841796875,1905.1912841796875,220400,0.0,0.0
2009-06-10 00:00:00+09:00,1912.2082044076228,1936.7686767578125,1912.2082044076228,1936.7686767578125,236800,0.0,0.0
2009-06-11 00:00:00+09:00,1985.8894980641592,1989.3981367533186,1971.854943307522,1982.380859375,246800,0.0,0.0
2009-06-12 00:00:00+09:00,2006.9415840388176,2031.5020579693626,1996.4156666400127,2013.9588623046875,285800,0.0,0.0
2009-06-15 00:00:00+09:00,1992.906992810838,2003.432910026388,1957.8206020923371,1978.8724365234375,177400,0.0,0.0
2009-06-16 00:00:00+09:00,1891.1566556104974,1891.1566556104974,1870.1048189988778,1880.6307373046875,178600,0.0,0.0
2009-06-17 00:00:00+09:00,1887.6483154296875,1908.7001553787175,1884.1396754381826,1887.6483154296875,193000,0.0,0.0
2009-06-18 00:00:00+09:00,1835.0182339356393,1859.5787074299978,1835.0182339356393,1856.070068359375,235400,0.0,0.0
2009-06-19 00:00:00+09:00,1887.64818246024,1968.3468965802874,1887.64818246024,1964.8382568359375,492400,0.0,0.0
2009-06-22 00:00:00+09:00,1978.872041692107,1982.3806800639013,1954.3115730895454,1975.3634033203125,218200,0.0,0.0
2009-06-23 00:00:00+09:00,1975.3638318424028,2017.4675014376226,1968.3465535765326,2013.9588623046875,434000,0.0,0.0
2009-06-24 00:00:00+09:00,1957.8209773472377,1971.8555363246373,1957.8209773472377,1964.8382568359375,195600,0.0,0.0
2009-06-25 00:00:00+09:00,1971.854971410529,2017.4672750196694,1947.2945002363765,1985.8895263671875,144600,0.0,0.0
2009-06-26 00:00:00+09:00,2010.4501776896732,2010.4501776896732,1971.8551481005172,1992.906982421875,185400,0.0,0.0
2009-06-29 00:00:00+09:00,1996.4154231161572,2003.4327005260557,1950.8031199518161,1968.3463134765625,247800,0.0,0.0
2009-06-30 00:00:00+09:00,1982.3810194565308,1996.4155753464886,1954.3119076766154,1971.8551025390625,333000,0.0,0.0
2009-07-01 00:00:00+09:00,1957.8203973617146,2006.941339231005,1954.3117586567655,1968.3463134765625,238000,0.0,0.0
2009-07-02 00:00:00+09:00,1964.8374670978944,1971.8547437661011,1933.2597220909638,1957.8201904296875,179000,0.0,0.0
2009-07-03 00:00:00+09:00,1929.7513427734375,1943.785897993608,1908.699509943182,1929.7513427734375,154400,0.0,0.0
2009-07-06 00:00:00+09:00,1908.7000868055557,1936.7692057291667,1908.7000868055557,1926.2432861328125,123600,0.0,0.0
2009-07-07 00:00:00+09:00,1922.7343749999998,1940.2775718521896,1908.699817518248,1922.734375,189400,0.0,0.0
2009-07-08 00:00:00+09:00,1912.2084523839721,1912.2084523839721,1877.122058762248,1891.1566162109375,172400,0.0,0.0
2009-07-09 00:00:00+09:00,1866.5957574826057,1870.1043961244902,1828.0007324218752,1828.000732421875,151200,0.0,0.0
2009-07-10 00:00:00+09:00,1828.0012083798363,1852.561685267857,1824.4925688244048,1842.0357666015625,99200,0.0,0.0
2009-07-13 00:00:00+09:00,1810.4573110836989,1852.5609694809941,1796.4227582846004,1799.931396484375,123800,0.0,0.0
2009-07-14 00:00:00+09:00,1820.9836145349452,1845.5440871779983,1796.4231418918919,1817.4749755859375,150000,0.0,0.0
2009-07-15 00:00:00+09:00,1838.5264605491157,1877.121481667513,1806.9487159976995,1835.017822265625,212600,0.0,0.0
2009-07-16 00:00:00+09:00,1863.0873391958382,1870.1046173095701,1824.4923095703123,1824.4923095703125,137600,0.0,0.0
2009-07-17 00:00:00+09:00,1806.949048974048,1842.035438274515,1764.8453818134876,1831.509521484375,180000,0.0,0.0
2009-07-21 00:00:00+09:00,1863.0875013135583,1891.1566162109377,1856.0702225892132,1891.1566162109375,123200,0.0,0.0
2009-07-22 00:00:00+09:00,1894.6652000043644,1901.6824785228991,1859.578807411691,1884.1392822265625,104600,0.0,0.0
2009-07-23 00:00:00+09:00,1877.1218923600932,1898.1737266669352,1863.0873361555316,1870.1046142578125,95800,0.0,0.0
2009-07-24 00:00:00+09:00,1884.1394467854368,1912.2085633111044,1870.104888522603,1905.1912841796875,183200,0.0,0.0
2009-07-27 00:00:00+09:00,1922.7339318464071,1922.7339318464071,1887.6475462287722,1898.1734619140625,77000,0.0,0.0
2009-07-28 00:00:00+09:00,1905.1908331976997,1905.1908331976997,1877.121723316334,1894.6649169921875,78600,0.0,0.0
2009-07-29 00:00:00+09:00,1905.1913388313505,1929.751816495843,1891.1567801659262,1912.2086181640625,154400,0.0,0.0
2009-07-30 00:00:00+09:00,1912.2085633111044,1912.2085633111044,1873.6135280883116,1905.1912841796875,95000,0.0,0.0
2009-07-31 00:00:00+09:00,1922.734579903739,1964.8382568359375,1919.225940159389,1964.8382568359375,190200,0.0,0.0
2009-08-03 00:00:00+09:00,1964.8378626733006,1982.381057875741,1947.2946674708605,1961.3292236328125,140200,0.0,0.0
2009-08-04 00:00:00+09:00,1982.3813233700098,2013.9590789635145,1968.3467653284522,2010.450439453125,153800,0.0,0.0
2009-08-05 00:00:00+09:00,2013.958841330407,2063.079788679929,2003.4329240412237,2042.0279541015625,213000,0.0,0.0
2009-08-06 00:00:00+09:00,2042.027717090708,2042.027717090708,1968.3463046183626,1982.380859375,314000,0.0,0.0
2009-08-07 00:00:00+09:00,1950.8035580142514,1954.3121975070828,1894.6653261289491,1915.7171630859375,360000,0.0,0.0
2009-08-10 00:00:00+09:00,1947.294499154117,1957.8204153657607,1922.7340279936145,1940.2772216796875,159800,0.0,0.0
2009-08-11 00:00:00+09:00,1943.7860284303724,1961.3292236328125,1943.7860284303724,1961.3292236328125,94600,0.0,0.0
2009-08-12 00:00:00+09:00,1950.8031756036933,1957.8204532137784,1926.2427039683948,1929.7513427734375,152200,0.0,0.0
2009-08-13 00:00:00+09:00,1943.7859545721524,1950.8032323864925,1915.7168433147929,1936.7686767578125,91400,0.0,0.0
2009-08-14 00:00:00+09:00,1940.277333887946,1961.3291675286832,1926.2427781274546,1954.3118896484375,85800,0.0,0.0
2009-08-17 00:00:00+09:00,1933.260057561538,1936.7686965044807,1905.1909460179947,1908.6995849609375,101200,0.0,0.0
2009-08-18 00:00:00+09:00,1901.6828070746528,1929.751925998264,1901.6828070746528,1926.2432861328125,116000,0.0,0.0
2009-08-19 00:00:00+09:00,1922.7343704704895,1922.7343704704895,1884.1393374865927,1891.1566162109375,91400,0.0,0.0
2009-08-20 00:00:00+09:00,1908.699565500453,1940.2773156649826,1887.6477320574334,1936.7686767578125,139000,0.0,0.0
2009-08-21 00:00:00+09:00,1901.6824785228991,1919.2256748192358,1859.578807411691,1884.1392822265625,159200,0.0,0.0
2009-08-24 00:00:00+09:00,1940.2775439274594,1961.3293798471063,1915.7170686878715,1919.2257080078125,146800,0.0,0.0
2009-08-25 00:00:00+09:00,1901.6823055465943,1961.3291675286832,1901.6823055465943,1954.3118896484375,169000,0.0,0.0
2009-08-26 00:00:00+09:00,1957.8205285885604,1978.8723622292976,1943.785972828069,1954.3118896484375,102000,0.0,0.0
2009-08-27 00:00:00+09:00,1957.8205285885604,1968.346445408929,1922.7341391873317,1954.3118896484375,103200,0.0,0.0
2009-08-28 00:00:00+09:00,1957.8205466491047,1971.8551025390625,1947.2946297316364,1971.8551025390625,77800,0.0,0.0
2009-08-31 00:00:00+09:00,1968.346463566573,2017.4674091814252,1961.3291856215942,1971.8551025390625,125800,0.0,0.0
2009-09-02 00:00:00+09:00,1912.2084129868397,1912.2084129868397,1880.6306593778827,1901.6824951171875,150400,0.0,0.0
2009-09-03 00:00:00+09:00,1901.6828753957075,1905.1915153872126,1877.1223954551726,1887.6483154296875,69000,0.0,0.0
2009-09-04 00:00:00+09:00,1880.6301918744148,1884.138830292091,1870.1042766213864,1873.6129150390625,109200,0.0,0.0
2009-09-07 00:00:00+09:00,1877.1217130671787,1884.1389904992054,1856.069880771098,1863.087158203125,79200,0.0,0.0
2009-09-08 00:00:00+09:00,1863.0869285335505,1866.5955668170411,1835.017822265625,1835.017822265625,97400,0.0,0.0
2009-09-09 00:00:00+09:00,1838.52685546875,1852.5614116173665,1813.9663822086713,1838.52685546875,92800,0.0,0.0
2009-09-10 00:00:00+09:00,1849.0526033390713,1887.647629215219,1838.526687191031,1863.087158203125,129600,0.0,0.0
2009-09-11 00:00:00+09:00,1863.0873287288289,1863.0873287288289,1828.0009383572879,1838.52685546875,187600,0.0,0.0
2009-09-14 00:00:00+09:00,1824.4919220266988,1828.0005603382888,1778.8796239760316,1806.94873046875,107400,0.0,0.0
2009-09-15 00:00:00+09:00,1817.4750240796234,1842.0354973779965,1789.4059117386253,1792.91455078125,139400,0.0,0.0
2009-09-16 00:00:00+09:00,1806.9485984285516,1820.9831506493558,1750.8103895453344,1761.3363037109375,188600,0.0,0.0
2009-09-17 00:00:00+09:00,1785.896988737369,1785.896988737369,1740.2846884356286,1757.827880859375,171200,0.0,0.0
2009-09-18 00:00:00+09:00,1757.8285589734155,1778.8803980030373,1722.7421605907127,1750.811279296875,247400,0.0,0.0
2009-09-21 00:00:00+09:00,1750.811279296875,1750.811279296875,1750.811279296875,1750.811279296875,0,0.0,0.0
2009-09-24 00:00:00+09:00,1785.896928890731,1820.9833125624548,1785.896928890731,1810.4573974609375,246600,0.0,0.0
2009-09-25 00:00:00+09:00,1815.7566535557683,1819.2892540490675,1766.30024664958,1787.495849609375,139200,17.5,0.0
2009-09-28 00:00:00+09:00,1780.4302630771122,1819.2888600887156,1769.8324638921292,1798.09326171875,220200,0.0,0.0
2009-09-29 00:00:00+09:00,1805.158612846148,1815.7564129215655,1766.3000125696162,1783.9630126953125,264600,0.0,0.0
2009-09-30 00:00:00+09:00,1783.9630830287933,1815.7564845085142,1780.4304828643799,1808.6912841796875,128600,0.0,0.0
2009-10-01 00:00:00+09:00,1776.8977263183594,1776.8977263183594,1734.506528076172,1766.2999267578125,301800,0.0,0.0
2009-10-02 00:00:00+09:00,1745.1043701171875,1745.1043701171875,1688.582771085052,1745.1043701171875,461800,0.0,0.0
2009-10-05 00:00:00+09:00,1741.5724094935824,1769.8332193839449,1656.7899798224953,1681.5181884765625,508600,0.0,0.0
2009-10-06 00:00:00+09:00,1699.1810384114583,1716.84404296875,1649.7246256510416,1695.6484375,368800,0.0,0.0
2009-10-07 00:00:00+09:00,1713.3113536329718,1752.1699616535134,1688.5831485289907,1734.5069580078125,306200,0.0,0.0
2009-10-08 00:00:00+09:00,1738.0392992124114,1745.1044996157138,1713.3110978008526,1741.5718994140625,167800,0.0,0.0
2009-10-09 00:00:00+09:00,1759.2352204125775,1780.4308254777893,1699.1810060611442,1709.77880859375,265600,0.0,0.0
2009-10-13 00:00:00+09:00,1709.7788329570556,1716.8440347461344,1681.5180258007406,1699.1810302734375,173600,0.0,0.0
2009-10-14 00:00:00+09:00,1702.7135729799816,1702.7135729799816,1656.7897629203555,1670.920166015625,262600,0.0,0.0
2009-10-15 00:00:00+09:00,1681.5175567180977,1699.1805562634559,1667.3871570818112,1692.1153564453125,208800,0.0,0.0
2009-10-16 00:00:00+09:00,1727.4416581450917,1755.7024623683242,1692.1156528660508,1723.9090576171875,282400,0.0,0.0
2009-10-19 00:00:00+09:00,1734.506680727005,1812.2238843441007,1723.9088802337646,1808.6912841796875,425200,0.0,0.0
2009-10-20 00:00:00+09:00,1783.962815159051,1840.484409302704,1783.962815159051,1822.8214111328125,240200,0.0,0.0
2009-10-21 00:00:00+09:00,1844.0174772743867,1904.0716863043954,1829.8870751496786,1889.9412841796875,564200,0.0,0.0
2009-10-22 00:00:00+09:00,1854.615219087257,1872.2782211738022,1822.8218153314754,1861.680419921875,270000,0.0,0.0
2009-10-23 00:00:00+09:00,1882.8760224257294,1889.9412232603474,1858.147819504566,1861.680419921875,257000,0.0,0.0
2009-10-26 00:00:00+09:00,1840.4847114490326,1886.4085142299107,1840.4847114490326,1854.6151123046875,253600,0.0,0.0
2009-10-27 00:00:00+09:00,1826.3545823930092,1872.2783920083073,1826.3545823930092,1840.4849853515625,230400,0.0,0.0
2009-10-28 00:00:00+09:00,1822.821710379464,1879.3433138020832,1812.223909737723,1854.6151123046875,278000,0.0,0.0
2009-10-29 00:00:00+09:00,1829.887417497306,1858.1482270339438,1826.3548163052262,1844.017822265625,284200,0.0,0.0
2009-10-30 00:00:00+09:00,1851.0826110839844,1865.2130126953125,1833.4196090698242,1865.2130126953125,218000,0.0,0.0
2009-11-02 00:00:00+09:00,1865.2131930678638,1907.6044020012243,1865.2131930678638,1893.4739990234375,238600,0.0,0.0
2009-11-04 00:00:00+09:00,1875.810995301204,1907.6044020012243,1847.5501893456303,1893.4739990234375,208600,0.0,0.0
2009-11-05 00:00:00+09:00,1893.4739990234375,1921.7348049790112,1879.3435960456507,1893.4739990234375,235600,0.0,0.0
2009-11-06 00:00:00+09:00,1921.7346889602804,1925.2672894914574,1872.2782815238024,1889.9412841796875,188600,0.0,0.0
2009-11-09 00:00:00+09:00,1900.5389858618714,1907.6041865528077,1858.1477817162536,1879.3433837890625,255600,0.0,0.0
2009-11-10 00:00:00+09:00,1882.8758766030367,1914.6692778965214,1858.147675596993,1872.278076171875,231800,0.0,0.0
2009-11-11 00:00:00+09:00,1889.9409608895025,1911.13656045088,1865.2127614012288,1868.745361328125,200000,0.0,0.0
2009-11-12 00:00:00+09:00,1875.8110757689967,1886.4088784569572,1833.419865017155,1858.1480712890625,184800,0.0,0.0
2009-11-13 00:00:00+09:00,1868.7455131603422,1875.8107135881696,1847.54991187686,1854.6151123046875,196800,0.0,0.0
2009-11-16 00:00:00+09:00,1858.1478118896484,1872.2782135009766,1847.5500106811523,1865.2130126953125,139400,0.0,0.0
2009-11-17 00:00:00+09:00,1858.1480712890625,1861.6806721850494,1840.4850668091285,1858.1480712890625,324800,0.0,0.0
2009-11-18 00:00:00+09:00,1861.6802757407136,1904.0714774653597,1861.6802757407136,1872.278076171875,227800,0.0,0.0
2009-11-19 00:00:00+09:00,1875.8108448290643,1900.5390480565661,1836.952239757276,1851.0826416015625,240200,0.0,0.0
2009-11-20 00:00:00+09:00,1844.0172750221109,1875.8106763155956,1836.9520747346698,1872.278076171875,159400,0.0,0.0
2009-11-24 00:00:00+09:00,1872.2779096482118,1889.9409087958363,1833.4193115234375,1833.4193115234375,213800,0.0,0.0
2009-11-25 00:00:00+09:00,1833.4196168186613,1847.5500184897107,1783.9632109699883,1805.1588134765625,170000,0.0,0.0
2009-11-26 00:00:00+09:00,1783.9633551169568,1801.6263586329662,1773.365553007351,1794.5611572265625,146000,0.0,0.0
2009-11-27 00:00:00+09:00,1783.9630830287933,1822.821684837341,1783.9630830287933,1808.6912841796875,210000,0.0,0.0
2009-11-30 00:00:00+09:00,1822.8216741597878,1872.278076171875,1822.8216741597878,1872.278076171875,264000,0.0,0.0
2009-12-01 00:00:00+09:00,1836.9522388599537,1907.604248046875,1822.8218370225693,1907.604248046875,244400,0.0,0.0
2009-12-02 00:00:00+09:00,1886.4089437917742,1907.6045499017941,1858.1481356450809,1882.8763427734375,168200,0.0,0.0
2009-12-03 00:00:00+09:00,1897.006529081852,1925.267333984375,1875.8109254049598,1925.267333984375,190800,0.0,0.0
2009-12-04 00:00:00+09:00,1914.6690955179774,1914.6690955179774,1882.8756972529188,1900.5386962890625,171600,0.0,0.0
2009-12-07 00:00:00+09:00,1904.0716863043954,1914.6694878979263,1882.8760831173336,1889.9412841796875,113600,0.0,0.0
2009-12-08 00:00:00+09:00,1879.3434825861566,1921.7346889602804,1879.3434825861566,1889.9412841796875,147000,0.0,0.0
2009-12-09 00:00:00+09:00,1904.0713605970877,1904.0713605970877,1865.2127614012288,1868.745361328125,166600,0.0,0.0
2009-12-10 00:00:00+09:00,1879.3436766649834,1882.8762775609703,1840.4850668091285,1858.1480712890625,172200,0.0,0.0
2009-12-11 00:00:00+09:00,1868.74617192195,1868.74617192195,1822.8223529522236,1836.9527587890625,258400,0.0,0.0
2009-12-14 00:00:00+09:00,1840.4847944088947,1840.4847944088947,1783.963188438564,1815.756591796875,190200,0.0,0.0
2009-12-15 00:00:00+09:00,1826.3542850017545,1826.3542850017545,1801.6260838508606,1808.6912841796875,91400,0.0,0.0
2009-12-16 00:00:00+09:00,1868.7456130981445,1897.0064163208008,1822.8218078613281,1865.2130126953125,244800,0.0,0.0
2009-12-17 00:00:00+09:00,1851.0827875704774,1879.343593487584,1829.8871831326476,1840.4849853515625,202200,0.0,0.0
2009-12-18 00:00:00+09:00,1833.4193115234375,1844.0171110120123,1819.2889122053377,1833.4193115234375,105000,0.0,0.0
2009-12-21 00:00:00+09:00,1819.2890995998007,1829.8869001799937,1801.6260986328125,1801.6260986328125,85400,0.0,0.0
2009-12-22 00:00:00+09:00,1819.289215147612,1822.8218155653742,1794.5610122232754,1805.1588134765625,107800,0.0,0.0
2009-12-24 00:00:00+09:00,1819.2890846729276,1819.2890846729276,1791.0282833576202,1808.6912841796875,101800,0.0,0.0
2009-12-25 00:00:00+09:00,1808.6912990196079,1815.756499406403,1801.6260986328125,1801.6260986328125,62600,0.0,0.0
2009-12-28 00:00:00+09:00,1801.6263586329662,1812.224160742572,1794.5611572265625,1794.5611572265625,84800,0.0,0.0
2009-12-29 00:00:00+09:00,1794.5607255859375,1794.5607255859375,1766.2999267578125,1766.2999267578125,159800,0.0,0.0
2009-12-30 00:00:00+09:00,1745.1044996157138,1762.7675006239701,1730.974098809109,1741.5718994140625,113600,0.0,0.0
2010-01-04 00:00:00+09:00,1741.571869940345,1762.767470791546,1730.9740695147445,1755.7022705078125,77000,0.0,0.0
2010-01-05 00:00:00+09:00,1794.560769270306,1794.560769270306,1734.5065702986622,1745.1043701171875,195400,0.0,0.0
2010-01-06 00:00:00+09:00,1769.8328471428792,1791.0284501026742,1748.6372441830842,1787.495849609375,136800,0.0,0.0
2010-01-07 00:00:00+09:00,1783.96336301544,1798.09376589081,1762.7677587023854,1791.028564453125,163400,0.0,0.0
2010-01-08 00:00:00+09:00,1798.0932136949643,1826.354010766791,1798.0932136949643,1822.8214111328125,160800,0.0,0.0
2010-01-12 00:00:00+09:00,1833.4194853305814,1833.4194853305814,1798.0934836864471,1808.6912841796875,96800,0.0,0.0
2010-01-13 00:00:00+09:00,1801.6258133289427,1847.5496085706607,1801.6258133289427,1822.8214111328125,140400,0.0,0.0
2010-01-14 00:00:00+09:00,1844.0170089366825,1847.5496085706607,1822.8214111328125,1822.8214111328125,77600,0.0,0.0
2010-01-15 00:00:00+09:00,1808.691361003861,1833.4195632050858,1801.6261603749397,1829.886962890625,147200,0.0,0.0
2010-01-18 00:00:00+09:00,1829.8869932894577,1829.8869932894577,1801.6261903042923,1815.756591796875,97600,0.0,0.0
2010-01-19 00:00:00+09:00,1808.6913834951456,1819.2891845703125,1787.495781344812,1819.2891845703125,111800,0.0,0.0
2010-01-20 00:00:00+09:00,1819.289215147612,1819.289215147612,1791.028411805513,1805.1588134765625,87600,0.0,0.0
2010-01-21 00:00:00+09:00,1783.9627152530306,1812.2235107421875,1773.3649169445966,1812.2235107421875,143800,0.0,0.0
2010-01-22 00:00:00+09:00,1783.9632491160758,1812.224053062469,1766.30024664958,1787.495849609375,169000,0.0,0.0
2010-01-25 00:00:00+09:00,1752.16952734375,1780.430326171875,1752.16952734375,1766.2999267578125,102200,0.0,0.0
2010-01-26 00:00:00+09:00,1762.7676087042298,1769.8328095407196,1738.0394057765152,1748.63720703125,114800,0.0,0.0
2010-01-27 00:00:00+09:00,1748.6373932699405,1748.6373932699405,1720.3765869140627,1720.3765869140625,90000,0.0,0.0
2010-01-28 00:00:00+09:00,1716.843986119578,1741.572191680971,1713.3113853250932,1720.3765869140625,130600,0.0,0.0
2010-01-29 00:00:00+09:00,1723.9089734569097,1738.0393748786878,1695.6481706133538,1706.2459716796875,122600,0.0,0.0
2010-02-01 00:00:00+09:00,1699.181063030251,1699.181063030251,1660.3224524412017,1685.0506591796875,141600,0.0,0.0
2010-02-02 00:00:00+09:00,1692.1153990453604,1734.5065990214446,1692.1153990453604,1730.9739990234375,143600,0.0,0.0
2010-02-03 00:00:00+09:00,1748.63735292016,1755.7025543461002,1730.97434935531,1738.03955078125,98000,0.0,0.0
2010-02-04 00:00:00+09:00,1741.5717990174587,1741.5717990174587,1720.3761990294165,1730.9739990234375,102000,0.0,0.0
2010-02-05 00:00:00+09:00,1723.9092119705579,1745.1048170357697,1706.2462077495481,1709.77880859375,180200,0.0,0.0
2010-02-08 00:00:00+09:00,1713.311433851595,1727.4418374297525,1695.648429378898,1699.1810302734375,100400,0.0,0.0
2010-02-09 00:00:00+09:00,1681.5175567180977,1699.1805562634559,1681.5175567180977,1692.1153564453125,98600,0.0,0.0
2010-02-10 00:00:00+09:00,1681.5179285025495,1695.6483312630753,1681.5179285025495,1688.5831298828125,81400,0.0,0.0
2010-02-12 00:00:00+09:00,1702.7136393229166,1706.2462402343751,1685.050634765625,1695.6484375,90800,0.0,0.0
2010-02-15 00:00:00+09:00,1706.2459792774248,1709.7785796485996,1685.0503770503763,1702.71337890625,78000,0.0,0.0
2010-02-16 00:00:00+09:00,1695.6481706133538,1709.778572035132,1695.6481706133538,1706.2459716796875,42200,0.0,0.0
2010-02-17 00:00:00+09:00,1730.974098809109,1741.5718994140625,1716.843698002504,1741.5718994140625,72200,0.0,0.0
2010-02-18 00:00:00+09:00,1741.5717990174587,1741.5717990174587,1727.4413990254307,1730.9739990234375,87400,0.0,0.0
2010-02-19 00:00:00+09:00,1720.3766688060962,1720.3766688060962,1685.0506591796875,1685.0506591796875,107400,0.0,0.0
2010-02-22 00:00:00+09:00,1723.9089280578987,1755.7023304196223,1713.3111272706576,1727.4415283203125,208200,0.0,0.0
2010-02-23 00:00:00+09:00,1738.0393291075536,1745.1045296323812,1713.3111272706576,1727.4415283203125,99400,0.0,0.0
2010-02-24 00:00:00+09:00,1709.7788329570556,1709.7788329570556,1685.05062669528,1699.1810302734375,125600,0.0,0.0
2010-02-25 00:00:00+09:00,1692.1157305729437,1695.6483312630753,1674.4527271222867,1688.5831298828125,134200,0.0,0.0
2010-02-26 00:00:00+09:00,1699.1810060611442,1716.844010282154,1688.5832035285382,1709.77880859375,159600,0.0,0.0
2010-03-01 00:00:00+09:00,1706.2459792774248,1720.376380762124,1702.71337890625,1702.71337890625,134600,0.0,0.0
2010-03-02 00:00:00+09:00,1709.778556902384,1716.843757550741,1699.1807559298486,1713.3111572265625,126800,0.0,0.0
2010-03-03 00:00:00+09:00,1699.1810060611442,1713.311409437952,1695.6484052169421,1709.77880859375,132200,0.0,0.0
2010-03-04 00:00:00+09:00,1716.8439354038637,1716.8439354038637,1681.5179285025495,1688.5831298828125,109200,0.0,0.0
2010-03-05 00:00:00+09:00,1706.2460549776672,1730.9742586729958,1692.1156528660508,1723.9090576171875,124800,0.0,0.0
2010-03-08 00:00:00+09:00,1748.6373609243733,1748.6373609243733,1727.4417565495323,1734.5069580078125,97000,0.0,0.0
2010-03-09 00:00:00+09:00,1723.9091877085473,1738.0395908864862,1720.3765869140627,1720.3765869140625,61800,0.0,0.0
2010-03-10 00:00:00+09:00,1713.3111272706576,1738.0393291075536,1713.3111272706576,1727.4415283203125,114200,0.0,0.0
2010-03-11 00:00:00+09:00,1730.9743892975168,1730.9743892975168,1713.3113853250932,1720.3765869140625,74600,0.0,0.0
2010-03-12 00:00:00+09:00,1713.3111723905763,1720.3763731014653,1702.7133713242429,1706.2459716796875,185400,0.0,0.0
2010-03-15 00:00:00+09:00,1709.7786555055714,1727.4416581450917,1706.2460549776672,1723.9090576171875,65600,0.0,0.0
2010-03-16 00:00:00+09:00,1716.8435990314094,1738.0391990194516,1716.8435990314094,1730.9739990234375,66800,0.0,0.0
2010-03-17 00:00:00+09:00,1741.5718994140625,1752.1697000190163,1734.50669901076,1741.5718994140625,102400,0.0,0.0
2010-03-18 00:00:00+09:00,1738.0395587369528,1748.6373609243733,1730.9743572786724,1734.5069580078125,81800,0.0,0.0
2010-03-19 00:00:00+09:00,1741.5718772642074,1755.7022778910975,1730.9740767940398,1752.169677734375,82000,0.0,0.0
2010-03-23 00:00:00+09:00,1738.0392992124114,1752.1697000190163,1738.0392992124114,1741.5718994140625,61200,0.0,0.0
2010-03-24 00:00:00+09:00,1752.1698446763835,1787.495849609375,1752.1698446763835,1787.495849609375,159800,0.0,0.0
2010-03-25 00:00:00+09:00,1791.0281114312284,1798.0933110818446,1773.3651123046875,1773.3651123046875,143800,0.0,0.0
2010-03-26 00:00:00+09:00,1783.9632109699883,1805.1588134765625,1783.9632109699883,1805.1588134765625,93800,0.0,0.0
2010-03-29 00:00:00+09:00,1792.7093258840866,1810.494140625,1785.595399987721,1810.494140625,99600,17.5,0.0
2010-03-30 00:00:00+09:00,1817.6080611008863,1849.6207275390623,1814.0510981633113,1849.6207275390625,115600,0.0,0.0
2010-03-31 00:00:00+09:00,1853.1776945992804,1913.6460646725773,1838.949842817328,1899.418212890625,268200,0.0,0.0
2010-04-01 00:00:00+09:00,1863.8489003136724,1899.4185358158418,1860.2919367634556,1895.861572265625,160800,0.0,0.0
2010-04-02 00:00:00+09:00,1902.9753153405713,1910.0892417530595,1860.2917568656428,1870.962646484375,146000,0.0,0.0
2010-04-05 00:00:00+09:00,1888.747645165191,1895.8615722656248,1888.747645165191,1895.861572265625,131800,0.0,0.0
2010-04-06 00:00:00+09:00,1888.747645165191,1899.4185358158418,1885.190681614974,1895.861572265625,128200,0.0,0.0
2010-04-07 00:00:00+09:00,1885.19030333006,1934.9877830406654,1881.6333404935883,1924.31689453125,197400,0.0,0.0
2010-04-08 00:00:00+09:00,1917.2030029296875,1931.4308545284237,1906.5321142306354,1917.2030029296875,122200,0.0,0.0
2010-04-09 00:00:00+09:00,1917.20297869514,1934.98779296875,1910.089052985696,1934.98779296875,101800,0.0,0.0
2010-04-12 00:00:00+09:00,1931.430476382184,1967.0000984150051,1927.873514178902,1945.6583251953125,140000,0.0,0.0
2010-04-13 00:00:00+09:00,1938.544589160336,1942.1015517092542,1917.202813866828,1931.4306640625,122600,0.0,0.0
2010-04-14 00:00:00+09:00,1931.4314757625116,1949.2162959813193,1910.0896914999423,1927.87451171875,120200,0.0,0.0
2010-04-15 00:00:00+09:00,1938.5448963512074,1956.3297119140625,1931.4309701260654,1956.3297119140625,113800,0.0,0.0
2010-04-16 00:00:00+09:00,1938.5447558234719,1952.7726072423598,1934.98779296875,1934.98779296875,105400,0.0,0.0
2010-04-19 00:00:00+09:00,1924.3172806673604,1924.3172806673604,1895.8615722656248,1895.861572265625,125000,0.0,0.0
2010-04-20 00:00:00+09:00,1913.646240234375,1927.8740933216195,1910.0892769625639,1913.646240234375,97000,0.0,0.0
2010-04-21 00:00:00+09:00,1920.7605836312268,1942.102367893796,1910.0896914999423,1927.87451171875,177800,0.0,0.0
2010-04-22 00:00:00+09:00,1927.873589916764,1927.873589916764,1885.1900418005257,1902.974853515625,114600,0.0,0.0
2010-04-23 00:00:00+09:00,1910.0890431853627,1931.4308202041937,1899.4181546759473,1924.31689453125,110000,0.0,0.0
2010-04-26 00:00:00+09:00,1952.772317273522,1988.3419405389777,1927.873580987703,1970.55712890625,170400,0.0,0.0
2010-04-27 00:00:00+09:00,1970.5572521005986,1974.1142146495165,1924.316738964664,1931.4306640625,161200,0.0,0.0
2010-04-28 00:00:00+09:00,1906.5321387816011,1910.0891017270892,1885.1903611086727,1899.418212890625,136400,0.0,0.0
2010-04-30 00:00:00+09:00,1910.0894342678696,1920.7603249621036,1895.8615800088912,1906.532470703125,122000,0.0,0.0
2010-05-06 00:00:00+09:00,1874.5193684105734,1881.6332939073877,1828.2788526812803,1831.8358154296875,242200,0.0,0.0
2010-05-07 00:00:00+09:00,1760.69677734375,1774.9246300899622,1746.468924597538,1760.69677734375,280000,0.0,0.0
2010-05-10 00:00:00+09:00,1760.6970503767566,1803.380615234375,1753.5831229004868,1803.380615234375,157800,0.0,0.0
2010-05-11 00:00:00+09:00,1831.8362736180572,1831.8362736180572,1789.1527099609375,1789.1527099609375,85000,0.0,0.0
2010-05-12 00:00:00+09:00,1799.822953569771,1814.0508030051053,1782.0381417756034,1796.2659912109375,110000,0.0,0.0
2010-05-13 00:00:00+09:00,1796.2666092519687,1806.9375000000002,1782.03875492126,1806.9375,106400,0.0,0.0
2010-05-14 00:00:00+09:00,1782.0383983589034,1789.1523241008551,1753.5826953910964,1767.810546875,176800,0.0,0.0
2010-05-17 00:00:00+09:00,1742.9118500368663,1778.4814796294554,1732.2409611590895,1771.3675537109375,205000,0.0,0.0
2010-05-18 00:00:00+09:00,1785.5955638270225,1789.1525271015782,1753.58289435602,1764.2537841796875,131600,0.0,0.0
2010-05-19 00:00:00+09:00,1739.3548870776074,1774.9245166701965,1735.7979241183484,1771.3675537109375,117800,0.0,0.0
2010-05-20 00:00:00+09:00,1753.5827197563356,1771.3675343583268,1750.0257568359373,1750.0257568359375,121400,0.0,0.0
2010-05-21 00:00:00+09:00,1746.468923842337,1746.468923842337,1682.4435865120681,1710.8992919921875,223600,0.0,0.0
2010-05-24 00:00:00+09:00,1703.7855145109802,1703.7855145109802,1689.5576605275899,1693.1146240234375,83400,0.0,0.0
2010-05-25 00:00:00+09:00,1675.3297370910645,1710.8993705749513,1661.1018836975097,1707.3424072265625,176600,0.0,0.0
2010-05-26 00:00:00+09:00,1686.000478951035,1686.000478951035,1661.1017377007033,1675.32958984375,213600,0.0,0.0
2010-05-27 00:00:00+09:00,1653.9878023587742,1675.329580453726,1636.2029872796475,1664.65869140625,170800,0.0,0.0
2010-05-28 00:00:00+09:00,1678.8865875699626,1682.443550679221,1650.4308826958954,1668.2156982421875,209800,0.0,0.0
2010-05-31 00:00:00+09:00,1657.5448089144122,1689.5574768977378,1650.4308826958954,1668.2156982421875,140200,0.0,0.0
2010-06-01 00:00:00+09:00,1653.98781162918,1689.5574419867967,1653.98781162918,1675.32958984375,102800,0.0,0.0
2010-06-02 00:00:00+09:00,1668.2157592773438,1675.3296857561386,1643.3170166015625,1643.3170166015625,118800,0.0,0.0
2010-06-03 00:00:00+09:00,1650.4308485934182,1682.4435159152733,1646.8738855576564,1675.32958984375,153400,0.0,0.0
2010-06-04 00:00:00+09:00,1671.7726428565402,1671.7726428565402,1636.2030121574649,1646.8739013671875,246400,0.0,0.0
2010-06-07 00:00:00+09:00,1625.5324276037384,1625.5324276037384,1614.861536394086,1621.9754638671875,135200,0.0,0.0
2010-06-08 00:00:00+09:00,1618.4182386610241,1621.9752018229165,1600.6334228515623,1600.6334228515625,111200,0.0,0.0
2010-06-09 00:00:00+09:00,1579.2916438802083,1607.7473491753472,1575.7346807183158,1600.6334228515625,233200,0.0,0.0
2010-06-10 00:00:00+09:00,1607.7473235748625,1625.5321391011332,1607.7473235748625,1618.418212890625,85400,0.0,0.0
2010-06-11 00:00:00+09:00,1632.6461531557713,1650.4309696389496,1621.9752632658642,1625.5322265625,189800,0.0,0.0
2010-06-14 00:00:00+09:00,1636.2030375784661,1639.7600007036367,1621.9751850777839,1629.089111328125,61200,0.0,0.0
2010-06-15 00:00:00+09:00,1607.7474958299292,1643.3171306934232,1600.6335688572303,1632.646240234375,165200,0.0,0.0
2010-06-16 00:00:00+09:00,1643.3167387863684,1650.4306640625,1636.202813510237,1650.4306640625,163400,0.0,0.0
2010-06-17 00:00:00+09:00,1643.3169225218949,1682.4435159152733,1643.3169225218949,1675.32958984375,168600,0.0,0.0
2010-06-18 00:00:00+09:00,1671.772878139834,1686.000732421875,1661.101987428303,1686.000732421875,126000,0.0,0.0
2010-06-21 00:00:00+09:00,1700.2282036112551,1721.5699802256224,1700.2282036112551,1714.4560546875,111200,0.0,0.0
2010-06-22 00:00:00+09:00,1721.5700101832992,1757.1396384928717,1721.5700101832992,1746.46875,291000,0.0,0.0
2010-06-23 00:00:00+09:00,1718.0127633231027,1753.5823857521525,1718.0127633231027,1742.9114990234375,210600,0.0,0.0
2010-06-24 00:00:00+09:00,1742.9121495500394,1757.1400038320808,1686.000732421875,1686.000732421875,459400,0.0,0.0
2010-06-25 00:00:00+09:00,1689.5575215993833,1725.1271536330546,1682.4435951926491,1721.5701904296875,184600,0.0,0.0
2010-06-28 00:00:00+09:00,1707.3423288071726,1714.4562551772026,1689.5575128820979,1710.8992919921875,102000,0.0,0.0
2010-06-29 00:00:00+09:00,1714.4560986631407,1721.5700243837346,1700.2282472219526,1718.0130615234375,91000,0.0,0.0
2010-06-30 00:00:00+09:00,1703.7852783203125,1710.8992043258254,1678.8865373010178,1703.7852783203125,163000,0.0,0.0
2010-07-01 00:00:00+09:00,1686.0008113933668,1693.1147388676004,1671.7729564448996,1682.44384765625,115600,0.0,0.0
2010-07-02 00:00:00+09:00,1689.557426309287,1703.7852783203125,1671.772611295505,1703.7852783203125,192000,0.0,0.0
2010-07-05 00:00:00+09:00,1693.1144236438681,1707.3422759433963,1689.557460568986,1696.67138671875,92000,0.0,0.0
2010-07-06 00:00:00+09:00,1693.1146127438399,1732.2412109375,1682.4437223273871,1732.2412109375,123400,0.0,0.0
2010-07-07 00:00:00+09:00,1721.5699802256224,1728.6839057637449,1703.7851663803162,1714.4560546875,94800,0.0,0.0
2010-07-08 00:00:00+09:00,1732.240942233946,1760.6966455971321,1732.240942233946,1750.0257568359375,125000,0.0,0.0
2010-07-09 00:00:00+09:00,1739.3551813344486,1742.9121448954597,1721.5703635293928,1735.7982177734375,87200,0.0,0.0
2010-07-12 00:00:00+09:00,1735.7980342872922,1735.7980342872922,1710.8992919921875,1710.8992919921875,42400,0.0,0.0
2010-07-13 00:00:00+09:00,1710.8995575531846,1718.0134850274183,1668.2159927077828,1682.44384765625,151800,0.0,0.0
2010-07-14 00:00:00+09:00,1707.3422759433963,1714.4562020931605,1689.557460568986,1696.67138671875,85000,0.0,0.0
2010-07-15 00:00:00+09:00,1693.1142157192887,1693.1142157192887,1650.4306640625,1650.4306640625,77000,0.0,0.0
2010-07-16 00:00:00+09:00,1639.7598876953125,1661.1016649755118,1629.088999055213,1639.7598876953125,95400,0.0,0.0
2010-07-21 00:00:00+09:00,1650.4307763354122,1653.9877392154453,1636.2029248152794,1639.7598876953125,90800,0.0,0.0
2010-07-22 00:00:00+09:00,1625.5321482029544,1639.7600007036367,1618.4182219526133,1629.089111328125,101600,0.0,0.0
2010-07-23 00:00:00+09:00,1657.5444780304806,1664.6584028288946,1639.7596660344454,1661.1014404296875,130800,0.0,0.0
2010-07-26 00:00:00+09:00,1678.8863651670258,1678.8863651670258,1650.4306640625,1650.4306640625,83400,0.0,0.0
2010-07-27 00:00:00+09:00,1643.3166284336523,1671.7723276273086,1639.7596660344454,1661.1014404296875,101800,0.0,0.0
2010-07-28 00:00:00+09:00,1671.7720626572432,1678.885986328125,1657.5442153154793,1678.885986328125,156400,0.0,0.0
2010-07-29 00:00:00+09:00,1675.3294918731558,1678.8864547009118,1657.544677734375,1657.544677734375,83600,0.0,0.0
2010-07-30 00:00:00+09:00,1653.9880211524714,1661.1019481251703,1618.4183862889774,1632.646240234375,131200,0.0,0.0
2010-08-02 00:00:00+09:00,1646.8739269539778,1661.1017794546601,1625.5321482029544,1629.089111328125,115400,0.0,0.0
2010-08-03 00:00:00+09:00,1646.8742100230436,1646.8742100230436,1614.861536394086,1621.9754638671875,149400,0.0,0.0
2010-08-04 00:00:00+09:00,1611.304021958519,1618.4179470002784,1593.5192093541202,1597.076171875,155200,0.0,0.0
2010-08-05 00:00:00+09:00,1614.8608727919318,1618.417835066804,1586.405174592955,1607.7469482421875,92000,0.0,0.0
2010-08-06 00:00:00+09:00,1600.6336814478825,1621.9754638671875,1597.0767177113316,1621.9754638671875,66400,0.0,0.0
2010-08-09 00:00:00+09:00,1600.6335530060016,1618.4183702616237,1600.6335530060016,1611.304443359375,65600,0.0,0.0
2010-08-10 00:00:00+09:00,1618.4181499481201,1621.975112915039,1589.9624462127686,1593.5194091796875,63800,0.0,0.0
2010-08-11 00:00:00+09:00,1579.2916871513871,1579.2916871513871,1543.7220545578875,1554.3929443359375,70200,0.0,0.0
2010-08-12 00:00:00+09:00,1536.607963911984,1554.3927783091135,1533.0510010325581,1550.8358154296875,134600,0.0,0.0
2010-08-13 00:00:00+09:00,1547.27918232957,1557.9500732421875,1525.9374005043344,1557.9500732421875,110600,0.0,0.0
2010-08-16 00:00:00+09:00,1543.7222186920305,1561.507036879727,1529.4943641418736,1557.9500732421875,114400,0.0,0.0
2010-08-17 00:00:00+09:00,1550.8359810765874,1565.0638341139872,1536.6081280391875,1554.3929443359375,92600,0.0,0.0
2010-08-18 00:00:00+09:00,1575.7345943450928,1604.1902980804443,1554.392816543579,1593.5194091796875,155200,0.0,0.0
2010-08-19 00:00:00+09:00,1597.0763721466064,1611.3042240142822,1579.2915573120117,1593.5194091796875,124600,0.0,0.0
2010-08-20 00:00:00+09:00,1575.7346351360452,1589.9624873720365,1543.7219676050645,1547.2789306640625,100200,0.0,0.0
2010-08-23 00:00:00+09:00,1529.4943060288574,1543.7221600384282,1518.8234155216792,1533.05126953125,128000,0.0,0.0
2010-08-24 00:00:00+09:00,1511.709680490248,1540.1653921230056,1508.1527165361533,1518.8236083984375,118400,0.0,0.0
2010-08-25 00:00:00+09:00,1504.595458984375,1511.7093855043956,1493.924569204344,1504.595458984375,142200,0.0,0.0
2010-08-26 00:00:00+09:00,1515.2664794921875,1515.2664794921875,1493.924698090889,1515.2664794921875,105800,0.0,0.0
2010-08-27 00:00:00+09:00,1508.1527165361533,1522.3805723525322,1497.4818246738691,1518.8236083984375,122800,0.0,0.0
2010-08-30 00:00:00+09:00,1533.0509474012588,1565.0636121961807,1529.4939846462673,1536.60791015625,82800,0.0,0.0
2010-08-31 00:00:00+09:00,1522.3801771830144,1522.3801771830144,1479.6966208133972,1486.810546875,101200,0.0,0.0
2010-09-01 00:00:00+09:00,1490.367734524006,1515.2664794921875,1479.6968438233566,1515.2664794921875,151200,0.0,0.0
2010-09-02 00:00:00+09:00,1529.494096804888,1536.6080228365386,1504.5953556941106,1525.9371337890625,96800,0.0,0.0
2010-09-03 00:00:00+09:00,1522.3801707732373,1540.1649858523638,1518.8232077574119,1525.9371337890625,77600,0.0,0.0
2010-09-06 00:00:00+09:00,1525.9370752737063,1554.3927783091135,1522.3801123942806,1550.8358154296875,102400,0.0,0.0
2010-09-07 00:00:00+09:00,1536.6082409274195,1557.9500220514115,1533.051277406754,1543.72216796875,89200,0.0,0.0
2010-09-08 00:00:00+09:00,1518.8234788426812,1529.4943697947376,1486.8108059865124,1508.152587890625,153400,0.0,0.0
2010-09-09 00:00:00+09:00,1515.2660796263508,1529.4939301392742,1511.70911699812,1522.3800048828125,83000,0.0,0.0
2010-09-10 00:00:00+09:00,1515.266463797433,1522.3803908575148,1493.9246826171875,1493.9246826171875,191000,0.0,0.0
2010-09-13 00:00:00+09:00,1501.038660589254,1511.7095515413105,1497.4816969385686,1508.152587890625,99800,0.0,0.0
2010-09-14 00:00:00+09:00,1501.0383926782854,1536.6080228365386,1497.48142966246,1525.9371337890625,202600,0.0,0.0
2010-09-16 00:00:00+09:00,1550.8357059086595,1550.8357059086595,1515.2660796263508,1522.3800048828125,122200,0.0,0.0
2010-09-17 00:00:00+09:00,1525.9375363066267,1533.0514642148162,1511.709680490248,1518.8236083984375,153200,0.0,0.0
2010-09-21 00:00:00+09:00,1522.3800048828125,1529.4939301392742,1515.2660796263508,1522.3800048828125,98800,0.0,0.0
2010-09-22 00:00:00+09:00,1518.8234788426812,1529.4943697947376,1504.5956242399395,1508.152587890625,78600,0.0,0.0
2010-09-24 00:00:00+09:00,1493.9247615695851,1511.7095801596993,1479.696906697494,1490.3677978515625,127000,0.0,0.0
2010-09-27 00:00:00+09:00,1493.9245182592379,1540.1650390625,1479.696665704388,1540.1650390625,166400,0.0,0.0
2010-09-28 00:00:00+09:00,1549.1302734375001,1549.1302734375001,1534.786474609375,1541.9583740234375,159600,17.5,0.0
2010-09-29 00:00:00+09:00,1552.716005926263,1574.2317011584976,1545.5441075155181,1570.645751953125,214200,0.0,0.0
2010-09-30 00:00:00+09:00,1570.6456809618794,1584.9894771350473,1509.684547225916,1516.8564453125,172200,0.0,0.0
2010-10-01 00:00:00+09:00,1509.684547225916,1524.028343399084,1480.9969548795805,1516.8564453125,154400,0.0,0.0
2010-10-04 00:00:00+09:00,1516.856575678853,1516.856575678853,1470.2392341095267,1477.4111328125,180000,0.0,0.0
2010-10-05 00:00:00+09:00,1459.481271752814,1520.4424059537916,1445.137475470231,1513.2705078125,194200,0.0,0.0
2010-10-06 00:00:00+09:00,1506.098598182624,1524.028343399084,1484.5829039228724,1516.8564453125,240800,0.0,0.0
2010-10-07 00:00:00+09:00,1513.2707763671876,1559.8881225585938,1513.2707763671876,1541.9583740234375,103600,0.0,0.0
2010-10-08 00:00:00+09:00,1534.786302098688,1556.3019979225014,1520.4425048828125,1520.4425048828125,107400,0.0,0.0
2010-10-12 00:00:00+09:00,1520.4425250303398,1531.2003730847996,1459.4813860550667,1477.4111328125,232400,0.0,0.0
2010-10-13 00:00:00+09:00,1484.5826525376438,1491.7545494098063,1470.2388587933185,1480.9967041015625,134400,0.0,0.0
2010-10-14 00:00:00+09:00,1498.9266243800344,1527.6142152772597,1488.1687777935747,1502.5125732421875,188200,0.0,0.0
2010-10-15 00:00:00+09:00,1488.16896500126,1491.754914314516,1441.5516239289313,1445.1375732421875,117600,0.0,0.0
2010-10-18 00:00:00+09:00,1445.1375732421875,1463.0673198084678,1434.3797253024193,1445.1375732421875,225800,0.0,0.0
2010-10-19 00:00:00+09:00,1445.137185329861,1470.2388237847222,1434.3793402777778,1452.30908203125,143400,0.0,0.0
2010-10-20 00:00:00+09:00,1430.7937128268295,1434.379661981784,1405.6920687421482,1427.207763671875,220800,0.0,0.0
2010-10-21 00:00:00+09:00,1423.6217617112763,1423.6217617112763,1398.520118557677,1405.6920166015625,164000,0.0,0.0
2010-10-22 00:00:00+09:00,1409.277688328224,1427.207429910008,1409.277688328224,1416.4495849609375,76600,0.0,0.0
2010-10-25 00:00:00+09:00,1398.5200766030844,1409.2779233461852,1377.0043831168832,1380.59033203125,168400,0.0,0.0
2010-10-26 00:00:00+09:00,1384.176374440484,1387.7623235970657,1351.90283203125,1351.90283203125,196800,0.0,0.0
2010-10-27 00:00:00+09:00,1359.0746190497216,1366.2465167755774,1330.3870281462973,1348.3167724609375,217800,0.0,0.0
2010-10-28 00:00:00+09:00,1341.1451416015625,1355.4889399074616,1333.973242448613,1341.1451416015625,171000,0.0,0.0
2010-10-29 00:00:00+09:00,1341.1449501439145,1369.832542660362,1333.9730520148028,1362.66064453125,226800,0.0,0.0
2010-11-01 00:00:00+09:00,1348.3167838541667,1362.6605794270833,1333.97298828125,1344.7308349609375,157400,0.0,0.0
2010-11-02 00:00:00+09:00,1337.559192025088,1348.3170407545122,1330.3872928721382,1341.1451416015625,113600,0.0,0.0
2010-11-04 00:00:00+09:00,1359.0744302959342,1402.1058106746973,1355.4884819310373,1369.832275390625,205000,0.0,0.0
2010-11-05 00:00:00+09:00,1384.1763683201111,1427.2077580088194,1384.1763683201111,1391.3482666015625,161600,0.0,0.0
2010-11-08 00:00:00+09:00,1380.59033203125,1387.7622298599838,1362.6605874594156,1380.59033203125,157400,0.0,0.0
2010-11-09 00:00:00+09:00,1380.5904307599524,1409.278024126393,1380.5904307599524,1387.7623291015625,109600,0.0,0.0
2010-11-10 00:00:00+09:00,1398.5202207659731,1452.309460026203,1398.5202207659731,1448.7235107421875,185400,0.0,0.0
2010-11-11 00:00:00+09:00,1455.8952409332874,1480.996883018344,1455.8952409332874,1463.067138671875,167200,0.0,0.0
2010-11-12 00:00:00+09:00,1448.7233319643947,1480.996871537859,1448.7233319643947,1466.653076171875,166200,0.0,0.0
2010-11-15 00:00:00+09:00,1473.8251366248498,1502.5127305250903,1466.6532381497898,1491.7548828125,137800,0.0,0.0
2010-11-16 00:00:00+09:00,1498.9268007184019,1502.5127500024173,1445.1375614581723,1448.7235107421875,215200,0.0,0.0
2010-11-17 00:00:00+09:00,1452.3093447477922,1488.168834741565,1452.3093447477922,1484.5828857421875,194400,0.0,0.0
2010-11-18 00:00:00+09:00,1484.5831192555147,1531.200463579963,1484.5831192555147,1524.028564453125,241400,0.0,0.0
2010-11-19 00:00:00+09:00,1534.7864131433823,1538.3723627068014,1513.2707157628674,1524.028564453125,113400,0.0,0.0
2010-11-22 00:00:00+09:00,1541.9582007066258,1541.9582007066258,1520.4425048828125,1520.4425048828125,82600,0.0,0.0
2010-11-24 00:00:00+09:00,1506.0986096712086,1534.7862022363745,1502.5126606005629,1513.2705078125,158800,0.0,0.0
2010-11-25 00:00:00+09:00,1513.270431299529,1520.4423290782,1491.7547379635168,1498.9266357421875,119800,0.0,0.0
2010-11-26 00:00:00+09:00,1509.6844824101936,1520.4423290782,1495.3406868528523,1498.9266357421875,74600,0.0,0.0
2010-11-29 00:00:00+09:00,1491.7548828125,1513.2705782376804,1480.99703509991,1491.7548828125,154000,0.0,0.0
2010-11-30 00:00:00+09:00,1473.824713456003,1477.4106616639253,1423.621438545093,1430.7933349609375,481400,0.0,0.0
2010-12-01 00:00:00+09:00,1437.965519045374,1455.895263671875,1430.7936211947738,1455.895263671875,119200,0.0,0.0
2010-12-02 00:00:00+09:00,1463.0669270833334,1466.6528754340277,1441.5512369791668,1452.30908203125,154400,0.0,0.0
2010-12-03 00:00:00+09:00,1459.4812125971753,1473.825008298376,1452.3093147465747,1455.895263671875,131400,0.0,0.0
2010-12-06 00:00:00+09:00,1466.6534669768312,1470.2394167738405,1452.3096677887938,1459.4815673828125,80600,0.0,0.0
2010-12-07 00:00:00+09:00,1448.7233658212747,1459.4812125971753,1445.1374168959744,1455.895263671875,103600,0.0,0.0
2010-12-08 00:00:00+09:00,1455.895097537157,1470.2388916015625,1445.137251988853,1470.2388916015625,141400,0.0,0.0
2010-12-09 00:00:00+09:00,1466.6531069090042,1498.9266471588355,1466.6531069090042,1495.3406982421875,312400,0.0,0.0
2010-12-10 00:00:00+09:00,1466.6531698941055,1520.4424059537916,1466.6531698941055,1513.2705078125,404800,0.0,0.0
2010-12-13 00:00:00+09:00,1516.856213294331,1552.7156982421875,1513.2702647995452,1552.7156982421875,225600,0.0,0.0
2010-12-14 00:00:00+09:00,1541.9579852068864,1552.7158316153066,1527.6141899956597,1549.1298828125,189200,0.0,0.0
2010-12-15 00:00:00+09:00,1545.543722797385,1549.12967111014,1531.1999295463652,1538.371826171875,124800,0.0,0.0
2010-12-16 00:00:00+09:00,1538.3723760508171,1570.6459224015337,1524.028577672721,1556.3021240234375,251000,0.0,0.0
2010-12-17 00:00:00+09:00,1549.1298269450801,1567.0595703125,1541.9579295981123,1567.0595703125,248000,0.0,0.0
2010-12-20 00:00:00+09:00,1559.8874029712142,1567.059299076829,1527.6138704959476,1534.7857666015625,196400,0.0,0.0
2010-12-21 00:00:00+09:00,1538.3721691582984,1559.887863831841,1538.3721691582984,1545.5440673828125,152400,0.0,0.0
2010-12-22 00:00:00+09:00,1534.786474609375,1552.7162231445313,1531.200524902344,1541.9583740234375,180800,0.0,0.0
2010-12-24 00:00:00+09:00,1541.9576627071772,1545.5436107599846,1524.0279224431404,1534.7857666015625,123600,0.0,0.0
2010-12-27 00:00:00+09:00,1531.1999295463652,1541.95777448463,1527.6139812336103,1538.371826171875,96400,0.0,0.0
2010-12-28 00:00:00+09:00,1545.5440099873674,1570.6456528409906,1538.3721120291896,1563.4737548828125,131400,0.0,0.0
2010-12-29 00:00:00+09:00,1559.8879043370077,1574.2317011584976,1559.8879043370077,1570.645751953125,83000,0.0,0.0
2010-12-30 00:00:00+09:00,1563.4738129440982,1570.6457111686123,1531.2002709337842,1545.5440673828125,135400,0.0,0.0
2011-01-04 00:00:00+09:00,1574.2314453125,1584.9892911802392,1567.0595480673405,1574.2314453125,93200,0.0,0.0
2011-01-05 00:00:00+09:00,1574.2318719960576,1574.2318719960576,1552.7161744289133,1556.3021240234375,84200,0.0,0.0
2011-01-06 00:00:00+09:00,1577.817338823198,1595.7470813098253,1570.6454418285473,1592.1611328125,157600,0.0,0.0
2011-01-07 00:00:00+09:00,1595.7470813098253,1602.9189783044762,1588.5751843151745,1592.1611328125,120800,0.0,0.0
2011-01-11 00:00:00+09:00,1584.989391231753,1588.5753400806936,1567.05964698705,1581.4034423828125,141200,0.0,0.0
2011-01-12 00:00:00+09:00,1595.747413037874,1617.2631084945642,1592.1614637950922,1602.9193115234375,180400,0.0,0.0
2011-01-13 00:00:00+09:00,1624.4347145774148,1628.0206631747158,1602.919022993608,1617.2628173828125,147400,0.0,0.0
2011-01-14 00:00:00+09:00,1620.8489874361892,1631.606834697934,1606.5051910871964,1624.4349365234375,215800,0.0,0.0
2011-01-17 00:00:00+09:00,1635.1924589365256,1635.1924589365256,1599.3329751879176,1610.0908203125,83400,0.0,0.0
2011-01-18 00:00:00+09:00,1613.6771474565778,1631.6068935394287,1606.5052490234375,1606.5052490234375,99000,0.0,0.0
2011-01-19 00:00:00+09:00,1613.67724609375,1624.4350944010416,1595.7474989149305,1613.67724609375,80000,0.0,0.0
2011-01-20 00:00:00+09:00,1595.7471257990055,1620.8487659801135,1592.1611772017045,1617.2628173828125,137400,0.0,0.0
2011-01-21 00:00:00+09:00,1613.6771424175943,1613.6771424175943,1563.4738535423803,1570.645751953125,165200,0.0,0.0
2011-01-24 00:00:00+09:00,1574.2316778009588,1577.8176269531248,1556.3019320401277,1577.817626953125,91800,0.0,0.0
2011-01-25 00:00:00+09:00,1577.8176668239653,1613.6771592517825,1570.6457683384017,1602.9193115234375,132600,0.0,0.0
2011-01-26 00:00:00+09:00,1599.3330298071508,1610.0908752991272,1584.989235817849,1592.1611328125,139000,0.0,0.0
2011-01-27 00:00:00+09:00,1602.9190786045228,1606.5050273262332,1581.4033862742608,1599.3331298828125,163400,0.0,0.0
2011-01-28 00:00:00+09:00,1606.5052440068494,1606.5052440068494,1570.6457519531252,1570.645751953125,167800,0.0,0.0
2011-01-31 00:00:00+09:00,1567.0592427800211,1606.5046699438203,1559.8873469320577,1595.746826171875,281400,0.0,0.0
2011-02-01 00:00:00+09:00,1599.3327740958568,1613.6765657917838,1584.9889823999297,1595.746826171875,193200,0.0,0.0
2011-02-02 00:00:00+09:00,1613.6773681640625,1663.8806640625,1613.6773681640625,1649.536865234375,190600,0.0,0.0
2011-02-03 00:00:00+09:00,1656.708419866437,1671.0522157094363,1628.020828180438,1642.3646240234375,134400,0.0,0.0
2011-02-04 00:00:00+09:00,1667.4663201693832,1696.1539127744477,1660.2944220181168,1663.88037109375,168400,0.0,0.0
2011-02-07 00:00:00+09:00,1685.3959533823231,1685.3959533823231,1649.5364650124864,1660.2943115234375,233600,0.0,0.0
2011-02-08 00:00:00+09:00,1653.1224557430185,1685.3959960937498,1653.1224557430185,1685.39599609375,181200,0.0,0.0
2011-02-09 00:00:00+09:00,1692.5675048828125,1706.9112972970736,1681.8096605721166,1692.5675048828125,204200,0.0,0.0
2011-02-10 00:00:00+09:00,1696.1541147910402,1717.669811807417,1696.1541147910402,1714.0838623046875,195200,0.0,0.0
2011-02-14 00:00:00+09:00,1721.2556087703665,1764.2869989896258,1721.2556087703665,1760.7010498046875,248000,0.0,0.0
2011-02-15 00:00:00+09:00,1757.1151358182312,1760.701085075003,1735.5994402775998,1749.9432373046875,172000,0.0,0.0
2011-02-16 00:00:00+09:00,1749.942981930598,1771.4586743313841,1749.942981930598,1753.5289306640625,151800,0.0,0.0
2011-02-17 00:00:00+09:00,1767.8732540991998,1782.2170533211001,1757.1154046827749,1778.631103515625,129200,0.0,0.0
2011-02-18 00:00:00+09:00,1843.1779817770455,1893.3812731094943,1839.5920323961564,1879.0374755859375,522000,0.0,0.0
2011-02-21 00:00:00+09:00,1882.6234249668266,1896.9672224903834,1864.6936780623805,1879.0374755859375,232400,0.0,0.0
2011-02-22 00:00:00+09:00,1879.0374004657453,1879.0374004657453,1843.1779080904448,1864.693603515625,374200,0.0,0.0
2011-02-23 00:00:00+09:00,1850.3499253216912,1871.8656221277572,1828.834228515625,1828.834228515625,423200,0.0,0.0
2011-02-24 00:00:00+09:00,1828.8337392558553,1832.4196877642003,1785.8023571557176,1789.3883056640625,262800,0.0,0.0
2011-02-25 00:00:00+09:00,1782.216812555969,1814.4903564453125,1782.216812555969,1814.4903564453125,228600,0.0,0.0
2011-02-28 00:00:00+09:00,1818.0760808555826,1861.1074673847088,1810.9041831007282,1846.763671875,290800,0.0,0.0
2011-03-01 00:00:00+09:00,1846.7634620447689,1879.0369982746774,1846.7634620447689,1875.4510498046875,142800,0.0,0.0
2011-03-02 00:00:00+09:00,1868.2793683248851,1868.2793683248851,1803.7322884211462,1807.3182373046875,294200,0.0,0.0
2011-03-03 00:00:00+09:00,1814.4905760757565,1832.4203248512088,1810.904626320666,1821.6624755859375,156400,0.0,0.0
2011-03-04 00:00:00+09:00,1843.17817411648,1846.7641238715703,1818.076525830847,1821.6624755859375,196200,0.0,0.0
2011-03-07 00:00:00+09:00,1821.6622909030193,1821.6622909030193,1792.9746957706882,1803.7325439453125,152400,0.0,0.0
2011-03-08 00:00:00+09:00,1803.7320886230468,1814.4899340820311,1792.9742431640625,1792.9742431640625,141400,0.0,0.0
2011-03-09 00:00:00+09:00,1810.9041861882283,1818.0760839553104,1803.7322884211462,1807.3182373046875,159600,0.0,0.0
2011-03-10 00:00:00+09:00,1800.1465913412778,1803.7325407264198,1764.2870974898578,1767.873046875,198000,0.0,0.0
2011-03-11 00:00:00+09:00,1757.1151834282994,1760.7011327822347,1735.5994873046875,1735.5994873046875,334200,0.0,0.0
2011-03-14 00:00:00+09:00,1448.7232648822624,1642.364493356624,1448.7232648822624,1527.6141357421875,637600,0.0,0.0
2011-03-15 00:00:00+09:00,1495.34057748094,1498.9265261079927,1240.7382249602044,1337.558837890625,854000,0.0,0.0
2011-03-16 00:00:00+09:00,1341.1448522497105,1380.5902890805844,1312.4572618272568,1355.4886474609375,724800,0.0,0.0
2011-03-17 00:00:00+09:00,1273.0117197505763,1341.1447413710298,1258.6679257252179,1312.4571533203125,668600,0.0,0.0
2011-03-18 00:00:00+09:00,1326.8009473456711,1348.316638383709,1294.5274107886144,1312.4571533203125,506400,0.0,0.0
2011-03-22 00:00:00+09:00,1369.8326264938505,1470.2392064462795,1369.8326264938505,1448.7235107421875,646800,0.0,0.0
2011-03-23 00:00:00+09:00,1466.6528754340277,1488.1685655381946,1434.3793402777778,1452.30908203125,525600,0.0,0.0
2011-03-24 00:00:00+09:00,1452.3094837701142,1477.41112916861,1437.9656863995451,1441.5516357421875,444200,0.0,0.0
2011-03-25 00:00:00+09:00,1470.2388097062897,1470.2388097062897,1402.1057916955103,1416.4495849609375,376000,0.0,0.0
2011-03-28 00:00:00+09:00,1416.449817696003,1434.3795622238006,1412.8638687904436,1420.0357666015625,173600,0.0,0.0
2011-03-29 00:00:00+09:00,1418.2315313372362,1475.971237447658,1414.622799705335,1454.31884765625,294400,12.5,0.0
2011-03-30 00:00:00+09:00,1461.5359697550753,1504.8407392292997,1447.1010465970005,1483.1883544921875,226600,0.0,0.0
2011-03-31 00:00:00+09:00,1475.9711248224432,1515.6671697443182,1465.144930752841,1508.44970703125,368800,0.0,0.0
2011-04-01 00:00:00+09:00,1522.8846324573865,1548.145751953125,1504.840975674716,1508.44970703125,248400,0.0,0.0
2011-04-04 00:00:00+09:00,1501.2320766495159,1519.275731416938,1486.7971528355781,1490.4058837890625,243400,0.0,0.0
2011-04-05 00:00:00+09:00,1490.4058160712248,1494.0145468607436,1468.7534313341127,1483.1883544921875,287600,0.0,0.0
2011-04-06 00:00:00+09:00,1486.7972851081433,1486.7972851081433,1461.536166186403,1465.1448974609375,161800,0.0,0.0
2011-04-07 00:00:00+09:00,1472.3623600100061,1479.5798225590747,1454.3187036373345,1465.1448974609375,239000,0.0,0.0
2011-04-08 00:00:00+09:00,1465.1450947881904,1501.2324123938108,1450.710167745942,1486.7974853515625,267400,0.0,0.0
2011-04-11 00:00:00+09:00,1490.4058837890625,1497.6233456960315,1472.3622290216406,1490.4058837890625,175000,0.0,0.0
2011-04-12 00:00:00+09:00,1483.1887771121449,1483.1887771121449,1465.1451180231893,1475.9713134765625,166400,0.0,0.0
2011-04-13 00:00:00+09:00,1472.3623046875,1479.57976696538,1457.9273801317404,1472.3623046875,263000,0.0,0.0
2011-04-14 00:00:00+09:00,1457.9275792881513,1468.7537741838553,1439.8839211286445,1454.31884765625,308800,0.0,0.0
2011-04-15 00:00:00+09:00,1465.145042551954,1479.5799690795595,1454.31884765625,1454.31884765625,148400,0.0,0.0
2011-04-18 00:00:00+09:00,1461.536331584747,1468.7537949505975,1313.5783325848095,1349.6656494140625,1069200,0.0,0.0
2011-04-19 00:00:00+09:00,1320.796052771628,1385.7532356948227,1255.8388698484332,1324.40478515625,1992800,0.0,0.0
2011-04-20 00:00:00+09:00,1346.0569142527395,1400.187889356737,1342.4481825791395,1389.3616943359375,1048400,0.0,0.0
2011-04-21 00:00:00+09:00,1392.9704683743992,1407.4053955078125,1374.9268094576323,1407.4053955078125,475800,0.0,0.0
2011-04-22 00:00:00+09:00,1400.187845651727,1400.187845651727,1367.7092616031046,1371.3179931640625,325200,0.0,0.0
2011-04-25 00:00:00+09:00,1382.1440983970022,1389.3615610518168,1371.3179044147803,1374.9266357421875,142600,0.0,0.0
2011-04-26 00:00:00+09:00,1364.1005197078625,1367.709251241481,1353.2743251070065,1356.883056640625,158600,0.0,0.0
2011-04-27 00:00:00+09:00,1353.2745607437625,1374.9269537156626,1335.2308999338456,1342.4483642578125,319600,0.0,0.0
2011-04-28 00:00:00+09:00,1335.2305688934737,1360.4916877644312,1324.4043750916346,1346.0567626953125,511800,0.0,0.0
2011-05-02 00:00:00+09:00,1367.7092845319753,1374.926747774888,1356.883089667606,1360.4918212890625,207400,0.0,0.0
2011-05-06 00:00:00+09:00,1364.1002331479058,1378.53515625,1353.2740408213351,1378.53515625,217200,0.0,0.0
2011-05-09 00:00:00+09:00,1378.53515625,1385.752617801047,1371.317694698953,1378.53515625,183800,0.0,0.0
2011-05-10 00:00:00+09:00,1371.31794921875,1385.7528750000001,1349.665560546875,1353.2742919921875,249000,0.0,0.0
2011-05-11 00:00:00+09:00,1367.7091385342565,1367.7091385342565,1331.621826171875,1331.621826171875,242200,0.0,0.0
2011-05-12 00:00:00+09:00,1331.6218144665027,1335.230545671019,1317.1868896484375,1317.1868896484375,173600,0.0,0.0
2011-05-13 00:00:00+09:00,1313.5781686452515,1313.5781686452515,1277.4908563198326,1291.92578125,271600,0.0,0.0
2011-05-16 00:00:00+09:00,1281.099943171787,1288.3174076403602,1277.4912109375,1277.4912109375,192200,0.0,0.0
2011-05-17 00:00:00+09:00,1241.4036099961775,1245.012341420585,1162.0115186592127,1180.05517578125,1101000,0.0,0.0
2011-05-18 00:00:00+09:00,1190.8811786358172,1198.0986403245192,1169.2287935697116,1172.8375244140625,780800,0.0,0.0
2011-05-19 00:00:00+09:00,1194.4899150303434,1216.1423001970563,1190.8811841692243,1212.5335693359375,603000,0.0,0.0
2011-05-20 00:00:00+09:00,1270.273346125731,1277.4908083196271,1230.577304059302,1234.18603515625,863000,0.0,0.0
2011-05-23 00:00:00+09:00,1219.751187002732,1219.751187002732,1169.2289484878258,1176.4464111328125,667400,0.0,0.0
2011-05-24 00:00:00+09:00,1176.4464668933256,1176.4464668933256,1158.4028094256364,1169.22900390625,485800,0.0,0.0
2011-05-25 00:00:00+09:00,1172.8376684721952,1172.8376684721952,1147.576549458948,1162.011474609375,574200,0.0,0.0
2011-05-26 00:00:00+09:00,1158.4026010366586,1194.4899094801683,1151.1851393479567,1172.8375244140625,609800,0.0,0.0
2011-05-27 00:00:00+09:00,1143.9678181713412,1176.446399759802,1111.4892365828805,1162.011474609375,918000,0.0,0.0
2011-05-30 00:00:00+09:00,1162.0115409191744,1183.6639298804012,1151.1853464385608,1169.22900390625,603200,0.0,0.0
2011-05-31 00:00:00+09:00,1162.0115424695487,1165.6202739679013,1129.532958984375,1129.532958984375,4306200,0.0,0.0
2011-06-01 00:00:00+09:00,1147.5765068240282,1194.4900118199791,1143.9677756704937,1183.663818359375,1341600,0.0,0.0
2011-06-02 00:00:00+09:00,1162.011686045804,1176.4466138227706,1151.1854902130792,1158.4029541015625,702200,0.0,0.0
2011-06-03 00:00:00+09:00,1151.1852918753596,1198.0987990677722,1151.1852918753596,1176.4464111328125,581200,0.0,0.0
2011-06-06 00:00:00+09:00,1169.2291499342873,1198.0990054882204,1151.1854902130792,1158.4029541015625,479200,0.0,0.0
2011-06-07 00:00:00+09:00,1151.1854248046875,1165.620351761486,1136.750497847889,1151.1854248046875,431800,0.0,0.0
2011-06-08 00:00:00+09:00,1151.1853585709534,1162.0115531656645,1122.3155063183901,1143.9678955078125,515800,0.0,0.0
2011-06-09 00:00:00+09:00,1140.3592435396636,1140.3592435396636,1111.4893892728367,1125.92431640625,470800,0.0,0.0
2011-06-10 00:00:00+09:00,1118.706941757938,1136.7506021088725,1097.0545493368168,1122.315673828125,496400,0.0,0.0
2011-06-13 00:00:00+09:00,1115.097933861517,1125.9241273941532,1107.8804715064264,1118.7066650390625,257400,0.0,0.0
2011-06-14 00:00:00+09:00,1115.0978585379464,1140.3589750744047,1111.4891276041667,1136.750244140625,170000,0.0,0.0
2011-06-15 00:00:00+09:00,1151.1851678757441,1151.1851678757441,1133.1415132068453,1136.750244140625,205800,0.0,0.0
2011-06-16 00:00:00+09:00,1140.3591639762421,1165.6202846972349,1136.7504324446718,1143.9678955078125,263200,0.0,0.0
2011-06-17 00:00:00+09:00,1140.3590639928343,1143.9677952080017,1122.3154079169983,1133.1416015625,450400,0.0,0.0
2011-06-20 00:00:00+09:00,1136.7503443304097,1162.0114630933078,1136.7503443304097,1147.5765380859375,185200,0.0,0.0
2011-06-21 00:00:00+09:00,1165.6201625917017,1194.4900118199791,1151.185237977563,1183.663818359375,361000,0.0,0.0
2011-06-22 00:00:00+09:00,1201.707563592132,1226.968683547522,1198.0988321699333,1219.751220703125,348200,0.0,0.0
2011-06-23 00:00:00+09:00,1212.5337803171642,1230.5774377623602,1208.925048828125,1208.925048828125,257800,0.0,0.0
2011-06-24 00:00:00+09:00,1219.751220703125,1226.968683547522,1208.9250264365292,1219.751220703125,369600,0.0,0.0
2011-06-27 00:00:00+09:00,1223.3600889822508,1226.968820808157,1190.8815025490937,1194.490234375,385600,0.0,0.0
2011-06-28 00:00:00+09:00,1216.1424892809264,1219.751220703125,1205.3162950143305,1219.751220703125,417000,0.0,0.0
2011-06-29 00:00:00+09:00,1245.0122621942191,1248.6209933889852,1223.3598750256242,1237.7947998046875,372000,0.0,0.0
2011-06-30 00:00:00+09:00,1245.0122523716518,1263.055908203125,1234.186058872768,1263.055908203125,487400,0.0,0.0
2011-07-01 00:00:00+09:00,1291.9256801551496,1302.7518730056117,1266.6645635040713,1281.0994873046875,391400,0.0,0.0
2011-07-04 00:00:00+09:00,1299.1432336258563,1324.40435205747,1299.1432336258563,1317.1868896484375,290400,0.0,0.0
2011-07-05 00:00:00+09:00,1338.8392333984375,1356.882888835074,1338.8392333984375,1338.8392333984375,448600,0.0,0.0
2011-07-06 00:00:00+09:00,1364.100419031711,1364.100419031711,1324.4043750916346,1346.0567626953125,619600,0.0,0.0
2011-07-07 00:00:00+09:00,1346.05695981149,1371.3180823816788,1335.2307644242662,1367.7093505859375,429200,0.0,0.0
2011-07-08 00:00:00+09:00,1371.3180823816788,1378.5355459731613,1356.883155198714,1367.7093505859375,358400,0.0,0.0
2011-07-11 00:00:00+09:00,1364.1005075320252,1392.970359543285,1360.4917760306178,1382.1441650390625,450000,0.0,0.0
2011-07-12 00:00:00+09:00,1364.1005761457636,1378.535502877465,1328.0132593165106,1349.6656494140625,478400,0.0,0.0
2011-07-13 00:00:00+09:00,1324.40478515625,1342.4484470793595,1324.40478515625,1324.40478515625,338000,0.0,0.0
2011-07-14 00:00:00+09:00,1320.795654296875,1331.6218481845544,1313.5781917050888,1320.795654296875,188600,0.0,0.0
2011-07-15 00:00:00+09:00,1313.5781584439212,1324.40435205747,1309.969427239405,1317.1868896484375,153800,0.0,0.0
2011-07-19 00:00:00+09:00,1331.6218481845544,1335.2305794804474,1317.186923000982,1320.795654296875,202400,0.0,0.0
2011-07-20 00:00:00+09:00,1338.8394619334827,1349.665657043457,1212.5338523171165,1270.2735595703125,1551800,0.0,0.0
2011-07-21 00:00:00+09:00,1277.4907563545335,1284.7082182548415,1259.4471016037633,1281.0994873046875,432000,0.0,0.0
2011-07-22 00:00:00+09:00,1284.7086754060736,1302.752336577507,1273.8824787032133,1277.4912109375,394000,0.0,0.0
2011-07-25 00:00:00+09:00,1270.2734041132478,1281.099597898304,1266.6646728515625,1266.6646728515625,246400,0.0,0.0
2011-07-26 00:00:00+09:00,1270.2735595703125,1284.7084863836114,1266.6648278669877,1270.2735595703125,312200,0.0,0.0
2011-07-27 00:00:00+09:00,1263.0558839318348,1263.0558839318348,1219.7511107684577,1234.18603515625,620000,0.0,0.0
2011-07-28 00:00:00+09:00,1230.5773591883042,1234.186090446921,1212.5337028952206,1226.9686279296875,246000,0.0,0.0
2011-07-29 00:00:00+09:00,1230.5774483919847,1237.794911432407,1216.1425223111403,1223.3599853515625,439200,0.0,0.0
2011-08-01 00:00:00+09:00,1223.3602125575778,1255.8388022714958,1219.7514803671424,1248.621337890625,392400,0.0,0.0
2011-08-02 00:00:00+09:00,1248.6210050995137,1259.4471987853476,1234.1860801850685,1252.229736328125,280400,0.0,0.0
2011-08-03 00:00:00+09:00,1226.968661221591,1237.7948552911932,1219.7511985085227,1230.577392578125,198600,0.0,0.0
2011-08-04 00:00:00+09:00,1226.968683547522,1230.5774149697206,1208.9250264365292,1219.751220703125,286200,0.0,0.0
2011-08-05 00:00:00+09:00,1190.8813364227856,1190.8813364227856,1165.6202171653326,1176.4464111328125,287800,0.0,0.0
2011-08-08 00:00:00+09:00,1154.794156543887,1162.0116200222863,1143.967961326288,1151.1854248046875,252000,0.0,0.0
2011-08-09 00:00:00+09:00,1093.4454729352678,1136.750244140625,1089.8367420014881,1136.750244140625,397000,0.0,0.0
2011-08-10 00:00:00+09:00,1165.620351761486,1176.446546979085,1136.750497847889,1151.1854248046875,247200,0.0,0.0
2011-08-11 00:00:00+09:00,1122.3153535867038,1154.7939329509493,1122.3153535867038,1140.3590087890625,383000,0.0,0.0
2011-08-12 00:00:00+09:00,1158.4026297433036,1158.4026297433036,1125.9240513392856,1136.750244140625,170400,0.0,0.0
2011-08-15 00:00:00+09:00,1147.5767983194332,1151.18553038962,1107.8807455473773,1122.315673828125,378000,0.0,0.0
2011-08-16 00:00:00+09:00,1122.315673828125,1133.1418700386857,1111.4894776175643,1122.315673828125,209400,0.0,0.0
2011-08-17 00:00:00+09:00,1118.7068528395432,1129.5330481896035,1111.4893892728367,1125.92431640625,178800,0.0,0.0
2011-08-18 00:00:00+09:00,1125.9243068942776,1125.9243068942776,1107.8806481299462,1111.4893798828125,154800,0.0,0.0
2011-08-19 00:00:00+09:00,1089.8369799162213,1107.8806385241057,1086.2282481946443,1097.054443359375,187800,0.0,0.0
2011-08-22 00:00:00+09:00,1093.4452781424618,1104.2714690151593,1086.2278175606632,1089.8365478515625,194800,0.0,0.0
2011-08-23 00:00:00+09:00,1100.6630859375,1104.2718173668031,1086.2281602202868,1100.6630859375,431800,0.0,0.0
2011-08-24 00:00:00+09:00,1100.6627881177474,1118.7064403819727,1093.4453272120572,1107.8802490234375,296000,0.0,0.0
2011-08-25 00:00:00+09:00,1097.0540084333609,1104.2714690151593,1089.8365478515625,1089.8365478515625,279800,0.0,0.0
2011-08-26 00:00:00+09:00,1086.2278175606632,1097.0540084333609,1082.6190872697641,1089.8365478515625,189000,0.0,0.0
2011-08-29 00:00:00+09:00,1089.83670376315,1100.6628961846382,1075.4017805344988,1093.4454345703125,155000,0.0,0.0
2011-08-30 00:00:00+09:00,1107.8807455473773,1136.7506021088725,1100.6632814070035,1122.315673828125,261600,0.0,0.0
2011-08-31 00:00:00+09:00,1118.7066650390625,1129.5328585716986,1104.2717403288812,1118.7066650390625,273000,0.0,0.0
2011-09-01 00:00:00+09:00,1129.5328703473328,1140.3590639928343,1115.097945486664,1133.1416015625,152200,0.0,0.0
2011-09-02 00:00:00+09:00,1125.9240846271755,1143.9677398295341,1115.0978915057603,1140.3590087890625,152400,0.0,0.0
2011-09-05 00:00:00+09:00,1118.706843388545,1129.533038647144,1104.27191637708,1111.4893798828125,143400,0.0,0.0
2011-09-06 00:00:00+09:00,1115.0977099291276,1115.0977099291276,1093.4453272120572,1107.8802490234375,222800,0.0,0.0
2011-09-07 00:00:00+09:00,1111.4892026839718,1129.5328585716986,1104.2717403288812,1118.7066650390625,179200,0.0,0.0
2011-09-08 00:00:00+09:00,1125.9241174444035,1133.1415797357138,1122.3153862987485,1124.46044921875,100600,0.0,0.0
2011-09-09 00:00:00+09:00,1125.9242274860223,1143.9678849777856,1125.9242274860223,1129.532958984375,217800,0.0,0.0
2011-09-12 00:00:00+09:00,1118.706843388545,1125.9243068942776,1107.8806481299462,1111.4893798828125,160000,0.0,0.0
2011-09-13 00:00:00+09:00,1115.09812105619,1129.5330481896035,1097.054462139423,1125.92431640625,232600,0.0,0.0
2011-09-14 00:00:00+09:00,1118.7066650390625,1125.9241273941532,1107.8804715064264,1118.7066650390625,110600,0.0,0.0
2011-09-15 00:00:00+09:00,1129.5328156676474,1140.3590087890625,1125.9240846271755,1140.3590087890625,112000,0.0,0.0
2011-09-16 00:00:00+09:00,1140.3590868837343,1169.2289371845884,1140.3590868837343,1162.011474609375,210800,0.0,0.0
2011-09-20 00:00:00+09:00,1151.185257638336,1165.6201824990048,1133.1416015625,1133.1416015625,109200,0.0,0.0
2011-09-21 00:00:00+09:00,1140.3591639762421,1158.4028216340942,1136.7504324446718,1143.9678955078125,151400,0.0,0.0
2011-09-22 00:00:00+09:00,1140.3590087890625,1143.9677398295341,1122.3153535867038,1140.3590087890625,178600,0.0,0.0
2011-09-26 00:00:00+09:00,1140.3590755822524,1158.4027318414653,1122.3154193230396,1147.5765380859375,274800,0.0,0.0
2011-09-27 00:00:00+09:00,1158.4026010366586,1183.6637169471153,1151.1851393479567,1172.8375244140625,199000,0.0,0.0
2011-09-28 00:00:00+09:00,1189.2538299560547,1229.3820266723633,1189.2538299560547,1225.7340087890625,306000,17.5,0.0
2011-09-29 00:00:00+09:00,1225.7340837445176,1247.6221923828125,1211.1420113189877,1247.6221923828125,177200,0.0,0.0
2011-09-30 00:00:00+09:00,1251.2701858650187,1287.7503662109375,1247.6221678304269,1287.7503662109375,329200,0.0,0.0
2011-10-03 00:00:00+09:00,1251.2702367500235,1251.2702367500235,1189.253927639964,1207.4940185546875,414600,0.0,0.0
2011-10-04 00:00:00+09:00,1192.9019243673313,1211.1420149539877,1178.3098518980062,1189.25390625,267600,0.0,0.0
2011-10-05 00:00:00+09:00,1203.8459563923773,1203.8459563923773,1163.7177578459648,1171.0137939453125,207000,0.0,0.0
2011-10-06 00:00:00+09:00,1178.309814453125,1196.5499044601395,1171.0137784503193,1178.309814453125,126600,0.0,0.0
2011-10-07 00:00:00+09:00,1181.9578639302506,1200.1979544230014,1163.7177734375,1163.7177734375,123400,0.0,0.0
2011-10-11 00:00:00+09:00,1174.6617738735752,1178.3097918048595,1149.1256483545844,1160.0697021484375,243400,0.0,0.0
2011-10-12 00:00:00+09:00,1156.4214420256878,1156.4214420256878,1123.5892875202267,1127.2373046875,232800,0.0,0.0
2011-10-13 00:00:00+09:00,1145.4777463072749,1145.4777463072749,1127.2376548055668,1134.53369140625,85600,0.0,0.0
2011-10-14 00:00:00+09:00,1123.5894238599349,1130.8854590798046,1112.6453710301303,1119.94140625,194800,0.0,0.0
2011-10-17 00:00:00+09:00,1134.533339022047,1134.533339022047,1123.5892875202267,1127.2373046875,130400,0.0,0.0
2011-10-18 00:00:00+09:00,1130.885483179337,1145.477553930038,1127.2374654916616,1138.1815185546875,120000,0.0,0.0
2011-10-19 00:00:00+09:00,1145.477698485558,1178.3098618179465,1145.477698485558,1156.4217529296875,169600,0.0,0.0
2011-10-20 00:00:00+09:00,1156.4217529296875,1163.717789225774,1145.477698485558,1156.4217529296875,201000,0.0,0.0
2011-10-21 00:00:00+09:00,1156.4216459728423,1167.365699404762,1141.8295747302827,1149.1256103515625,67000,0.0,0.0
2011-10-24 00:00:00+09:00,1156.421838456658,1160.0698568745024,1138.1817463674363,1145.477783203125,102600,0.0,0.0
2011-10-25 00:00:00+09:00,1138.1814942996741,1145.4775295195439,1116.2933886400651,1119.94140625,162600,0.0,0.0
2011-10-26 00:00:00+09:00,1105.3495244044884,1127.2376337986366,1087.109433242698,1116.2935791015625,193400,0.0,0.0
2011-10-27 00:00:00+09:00,1123.5891555786134,1167.3653564453125,1123.5891555786134,1167.3653564453125,239000,0.0,0.0
2011-10-28 00:00:00+09:00,1189.2539162620762,1192.9019344101193,1149.125716633601,1156.4217529296875,347200,0.0,0.0
2011-10-31 00:00:00+09:00,1141.8297647852805,1167.3658937101911,1141.8297647852805,1145.477783203125,260400,0.0,0.0
2011-11-01 00:00:00+09:00,1134.5335917412478,1160.0697176003757,1123.5895378016219,1152.773681640625,159600,0.0,0.0
2011-11-02 00:00:00+09:00,1127.237691113903,1156.421838456658,1119.9416542782146,1145.477783203125,255600,0.0,0.0
2011-11-04 00:00:00+09:00,1152.7732894897463,1174.6613899230958,1141.8292392730714,1167.3653564453125,156800,0.0,0.0
2011-11-07 00:00:00+09:00,1163.7177734375,1163.7177734375,1156.4217372403996,1163.7177734375,53000,0.0,0.0
2011-11-08 00:00:00+09:00,1160.0695147114416,1174.6615840788809,1123.5893412928426,1130.8853759765625,90800,0.0,0.0
2011-11-09 00:00:00+09:00,1134.5336440414285,1156.4217529296875,1119.9415714492557,1156.4217529296875,134400,0.0,0.0
2011-11-10 00:00:00+09:00,1127.2374654916616,1145.477553930038,1123.5894478039866,1138.1815185546875,135800,0.0,0.0
2011-11-11 00:00:00+09:00,1134.5336702633526,1145.477724960427,1116.2935791015625,1116.2935791015625,87200,0.0,0.0
2011-11-14 00:00:00+09:00,1130.8854590798046,1130.8854590798046,1112.6453710301303,1119.94140625,78200,0.0,0.0
2011-11-15 00:00:00+09:00,1119.9416182048835,1141.8297280069332,1116.293599904542,1134.53369140625,91200,0.0,0.0
2011-11-16 00:00:00+09:00,1130.8853218547736,1134.533339022047,1116.2932531856798,1127.2373046875,158200,0.0,0.0
2011-11-17 00:00:00+09:00,1130.8854153666632,1149.1255027112868,1112.6453280220396,1141.8294677734375,162800,0.0,0.0
2011-11-18 00:00:00+09:00,1127.2373046875,1134.533339022047,1119.941270352953,1127.2373046875,100600,0.0,0.0
2011-11-21 00:00:00+09:00,1119.941270352953,1145.4773905238674,1119.941270352953,1127.2373046875,83800,0.0,0.0
2011-11-22 00:00:00+09:00,1119.9413380808644,1134.5334076324068,1116.293320692979,1123.58935546875,98400,0.0,0.0
2011-11-24 00:00:00+09:00,1116.2932403766556,1123.5892746274833,1098.053154749586,1101.701171875,88200,0.0,0.0
2011-11-25 00:00:00+09:00,1098.053154749586,1116.2932403766556,1094.405137624172,1101.701171875,88800,0.0,0.0
2011-11-28 00:00:00+09:00,1101.7013929990005,1105.349410856613,1083.4613037109375,1083.4613037109375,174000,0.0,0.0
2011-11-29 00:00:00+09:00,1094.4052195469271,1101.7012543439066,1061.5730629605193,1090.7572021484375,235600,0.0,0.0
2011-11-30 00:00:00+09:00,1083.4613037109375,1094.4053572837754,1065.2212144228747,1083.4613037109375,172600,0.0,0.0
2011-12-01 00:00:00+09:00,1105.3493714624522,1105.3493714624522,1072.5172119140625,1072.5172119140625,205200,0.0,0.0
2011-12-02 00:00:00+09:00,1072.5172119140625,1079.8132473692601,1072.5172119140625,1072.5172119140625,134600,0.0,0.0
2011-12-05 00:00:00+09:00,1076.1650655110677,1098.0531685384115,1076.1650655110677,1094.4051513671875,109800,0.0,0.0
2011-12-06 00:00:00+09:00,1090.7573005520567,1098.0533360072543,1072.5172119140625,1072.5172119140625,121600,0.0,0.0
2011-12-07 00:00:00+09:00,1083.461669118781,1116.2938409102592,1076.1656309428968,1108.997802734375,149600,0.0,0.0
2011-12-08 00:00:00+09:00,1123.589559299552,1181.9578480943342,1119.9415412498784,1171.0137939453125,467000,0.0,0.0
2011-12-09 00:00:00+09:00,1185.6057369347775,1207.4938428474195,1145.4775427616003,1203.8458251953125,532200,0.0,0.0
2011-12-12 00:00:00+09:00,1211.141929556896,1214.7899474170072,1196.5498581164513,1200.1978759765625,230800,0.0,0.0
2011-12-13 00:00:00+09:00,1185.6060131176098,1218.438179634713,1181.9579946157096,1214.7901611328125,206600,0.0,0.0
2011-12-14 00:00:00+09:00,1207.4937848875509,1243.9739596575675,1207.4937848875509,1233.0299072265625,304000,0.0,0.0
2011-12-15 00:00:00+09:00,1240.32568359375,1262.2137838924632,1233.0296501608457,1240.32568359375,368400,0.0,0.0
2011-12-16 00:00:00+09:00,1247.6221081580072,1251.2701260181184,1200.1978759765625,1200.1978759765625,358000,0.0,0.0
2011-12-19 00:00:00+09:00,1189.2537545868845,1207.4938428474195,1178.3097016305633,1203.8458251953125,187600,0.0,0.0
2011-12-20 00:00:00+09:00,1218.4380731035214,1222.0860912864662,1196.5499640058533,1207.4940185546875,158000,0.0,0.0
2011-12-21 00:00:00+09:00,1211.141929556896,1211.141929556896,1192.9018402563404,1200.1978759765625,116000,0.0,0.0
2011-12-22 00:00:00+09:00,1189.2536201936653,1214.7897408726703,1189.2536201936653,1211.1417236328125,141800,0.0,0.0
2011-12-26 00:00:00+09:00,1229.3819487600615,1229.3819487600615,1200.1978075432055,1203.8458251953125,94200,0.0,0.0
2011-12-27 00:00:00+09:00,1192.9019458229088,1211.1420367376322,1192.9019458229088,1207.4940185546875,72800,0.0,0.0
2011-12-28 00:00:00+09:00,1211.141929556896,1214.7899474170072,1192.9018402563404,1200.1978759765625,79600,0.0,0.0
2011-12-29 00:00:00+09:00,1203.8458938366737,1203.8458938366737,1192.9018402563404,1200.1978759765625,53800,0.0,0.0
2011-12-30 00:00:00+09:00,1211.1417236328125,1218.4377581125284,1196.5496546733812,1211.1417236328125,130000,0.0,0.0
2012-01-04 00:00:00+09:00,1236.6782065472646,1258.5663163976585,1233.0301882388655,1243.9742431640625,167000,0.0,0.0
2012-01-05 00:00:00+09:00,1233.0298270719597,1233.0298270719597,1211.1417236328125,1211.1417236328125,113600,0.0,0.0
2012-01-06 00:00:00+09:00,1207.4941742223339,1207.4941742223339,1181.958043649656,1192.902099609375,182400,0.0,0.0
2012-01-10 00:00:00+09:00,1203.8458704065392,1214.7899237738716,1181.957763671875,1181.957763671875,265000,0.0,0.0
2012-01-11 00:00:00+09:00,1185.6057814609858,1200.1978526174287,1178.3097458827642,1181.957763671875,115200,0.0,0.0
2012-01-12 00:00:00+09:00,1181.9578480943342,1181.9578480943342,1167.3657758956385,1171.0137939453125,100400,0.0,0.0
2012-01-13 00:00:00+09:00,1178.309677734375,1192.9017480468751,1174.66166015625,1185.605712890625,150800,0.0,0.0
2012-01-16 00:00:00+09:00,1167.365807373817,1174.6618436699034,1149.125716633601,1156.4217529296875,217400,0.0,0.0
2012-01-17 00:00:00+09:00,1160.0696868896484,1229.3820266723633,1152.7736511230469,1225.7340087890625,312000,0.0,0.0
2012-01-18 00:00:00+09:00,1240.3260803222656,1284.102294921875,1236.6780624389648,1284.102294921875,582000,0.0,0.0
2012-01-19 00:00:00+09:00,1291.3983154296875,1298.6943511100812,1276.8062440689,1291.3983154296875,231600,0.0,0.0
2012-01-20 00:00:00+09:00,1305.9905522943855,1338.82271701687,1305.9905522943855,1327.878662109375,329600,0.0,0.0
2012-01-23 00:00:00+09:00,1327.878662109375,1349.7667719243648,1320.5826255043785,1327.878662109375,119000,0.0,0.0
2012-01-24 00:00:00+09:00,1331.5265116718529,1331.5265116718529,1287.7502975894906,1291.3983154296875,226200,0.0,0.0
2012-01-25 00:00:00+09:00,1298.694411472721,1327.8785555507598,1295.046393462966,1320.58251953125,213400,0.0,0.0
2012-01-26 00:00:00+09:00,1324.2307094616838,1331.5267464284148,1295.0465615947596,1298.694580078125,221800,0.0,0.0
2012-01-27 00:00:00+09:00,1298.6943976742098,1302.3424156452047,1258.566199993265,1269.51025390625,256800,0.0,0.0
2012-01-30 00:00:00+09:00,1251.2701793516303,1280.4543234764496,1251.2701793516303,1262.2142333984375,232800,0.0,0.0
2012-01-31 00:00:00+09:00,1265.862099609375,1291.39822265625,1262.21408203125,1276.80615234375,339800,0.0,0.0
2012-02-01 00:00:00+09:00,1276.80615234375,1287.750205078125,1269.5101171875,1276.80615234375,150600,0.0,0.0
2012-02-02 00:00:00+09:00,1284.102536231884,1295.0465919384058,1258.56640625,1258.56640625,179600,0.0,0.0
2012-02-03 00:00:00+09:00,1254.9182980892595,1265.8623530144566,1243.9742431640625,1243.9742431640625,198400,0.0,0.0
2012-02-06 00:00:00+09:00,1273.1581347656252,1284.1021875000001,1265.862099609375,1276.80615234375,232600,0.0,0.0
2012-02-07 00:00:00+09:00,1265.862235935255,1276.8062898482399,1265.862235935255,1269.51025390625,193000,0.0,0.0
2012-02-08 00:00:00+09:00,1273.1581881705174,1287.7502590951078,1265.862152708222,1280.4542236328125,514000,0.0,0.0
2012-02-09 00:00:00+09:00,1298.6944330615634,1371.6547944695164,1276.8063246391775,1338.8226318359375,1284400,0.0,0.0
2012-02-10 00:00:00+09:00,1335.1742350260417,1335.1742350260417,1298.694064670139,1313.2861328125,317400,0.0,0.0
2012-02-13 00:00:00+09:00,1313.2864152892562,1349.7665934917356,1313.2864152892562,1324.23046875,482200,0.0,0.0
2012-02-14 00:00:00+09:00,1331.5263108977044,1360.71044921875,1320.5822590273124,1360.71044921875,313200,0.0,0.0
2012-02-15 00:00:00+09:00,1368.0066835911732,1393.542808351542,1368.0066835911732,1382.5987548828125,389600,0.0,0.0
2012-02-16 00:00:00+09:00,1378.9508306103116,1389.8948848215045,1335.17461376554,1338.8226318359375,473200,0.0,0.0
2012-02-17 00:00:00+09:00,1364.3586187595274,1371.6546541539635,1335.1744771817835,1346.1185302734375,277000,0.0,0.0
2012-02-20 00:00:00+09:00,1338.8226534935734,1364.3587803994455,1338.8226534935734,1357.062744140625,411800,0.0,0.0
2012-02-21 00:00:00+09:00,1349.766371353813,1353.414388573688,1331.526285254437,1342.4703369140625,296600,0.0,0.0
2012-02-22 00:00:00+09:00,1349.7665715345088,1371.654678099933,1342.4705360127004,1364.358642578125,494400,0.0,0.0
2012-02-23 00:00:00+09:00,1360.7106248172208,1375.3026958608373,1335.1745004908923,1364.358642578125,488200,0.0,0.0
2012-02-24 00:00:00+09:00,1371.654541015625,1382.5985932045794,1357.0624714303524,1371.654541015625,260400,0.0,0.0
2012-02-27 00:00:00+09:00,1378.9506495741548,1382.5986671656208,1331.5264208850965,1335.1744384765625,488200,0.0,0.0
2012-02-28 00:00:00+09:00,1335.1744384765625,1346.1184912509607,1316.9343505192326,1335.1744384765625,553200,0.0,0.0
2012-02-29 00:00:00+09:00,1338.8225867006959,1346.1186225955225,1298.6943892791492,1302.3424072265625,468200,0.0,0.0
2012-03-01 00:00:00+09:00,1316.9343505192326,1346.1184912509607,1309.6383153363004,1335.1744384765625,535800,0.0,0.0
2012-03-02 00:00:00+09:00,1346.1185302734375,1357.0625833650915,1338.8224948790016,1346.1185302734375,298400,0.0,0.0
2012-03-05 00:00:00+09:00,1346.1183541339376,1357.0624057935631,1338.8223196941874,1342.4703369140625,193400,0.0,0.0
2012-03-06 00:00:00+09:00,1342.4703627680967,1371.6545010891423,1342.4703627680967,1360.71044921875,387200,0.0,0.0
2012-03-07 00:00:00+09:00,1346.1185154670652,1360.7105860954346,1342.470497809973,1353.41455078125,205200,0.0,0.0
2012-03-08 00:00:00+09:00,1360.7105421476087,1378.9506298439574,1360.7105421476087,1375.3026123046875,152800,0.0,0.0
2012-03-09 00:00:00+09:00,1389.894790528632,1400.8388439973614,1375.3027192369927,1382.5987548828125,317000,0.0,0.0
2012-03-12 00:00:00+09:00,1393.5426048299264,1393.5426048299264,1357.0624319286194,1360.71044921875,189000,0.0,0.0
2012-03-13 00:00:00+09:00,1346.1184719905298,1404.4867526188455,1346.1184719905298,1375.3026123046875,321600,0.0,0.0
2012-03-14 00:00:00+09:00,1400.8387350795756,1404.4867526188455,1371.6545947654179,1375.3026123046875,159200,0.0,0.0
2012-03-15 00:00:00+09:00,1375.3026958608373,1378.9507136217412,1349.7665715345088,1364.358642578125,196800,0.0,0.0
2012-03-16 00:00:00+09:00,1364.3587183902139,1386.246826171875,1353.4146644993832,1386.246826171875,206800,0.0,0.0
2012-03-19 00:00:00+09:00,1386.246742666857,1408.134849130018,1382.598724922997,1397.1907958984375,240600,0.0,0.0
2012-03-21 00:00:00+09:00,1386.246570249665,1386.246570249665,1353.4144146384888,1360.71044921875,204400,0.0,0.0
2012-03-22 00:00:00+09:00,1364.3587803994455,1375.3028347876764,1357.062744140625,1357.062744140625,128400,0.0,0.0
2012-03-23 00:00:00+09:00,1353.414388573688,1360.7104230134382,1342.4703369140625,1342.4703369140625,135600,0.0,0.0
2012-03-26 00:00:00+09:00,1346.1182861328125,1346.1182861328125,1313.2861328125,1313.2861328125,94400,0.0,0.0
2012-03-27 00:00:00+09:00,1338.8224369119903,1378.9506298439574,1338.8224369119903,1375.3026123046875,213600,0.0,0.0
2012-03-28 00:00:00+09:00,1366.0972940413678,1373.461699939165,1340.321873399078,1347.686279296875,167800,17.5,0.0
2012-03-29 00:00:00+09:00,1347.6862571022727,1355.050662878788,1329.2752426609848,1336.6396484375,183400,0.0,0.0
2012-03-30 00:00:00+09:00,1347.6862311376285,1373.46165085884,1344.0040283203125,1344.0040283203125,261400,0.0,0.0
2012-04-02 00:00:00+09:00,1351.3685398475798,1355.0507429534314,1303.4998994715074,1314.5465087890625,331400,0.0,0.0
2012-04-03 00:00:00+09:00,1318.228690109684,1318.228690109684,1285.088862704692,1303.4998779296875,203000,0.0,0.0
2012-04-04 00:00:00+09:00,1288.7712473109148,1292.4534508746603,1255.6314152372056,1270.3602294921875,233200,0.0,0.0
2012-04-05 00:00:00+09:00,1259.3135986328125,1266.678005642361,1251.949191623264,1259.3135986328125,122400,0.0,0.0
2012-04-06 00:00:00+09:00,1259.313645966199,1270.360256895727,1248.267035036671,1262.995849609375,175400,0.0,0.0
2012-04-09 00:00:00+09:00,1244.584546550445,1255.6311549517804,1229.8557353486647,1240.90234375,162000,0.0,0.0
2012-04-10 00:00:00+09:00,1240.902246822528,1251.9488543610073,1229.8556392840485,1233.537841796875,195000,0.0,0.0
2012-04-11 00:00:00+09:00,1222.4911860848615,1244.5844002912145,1215.1267813494105,1229.8555908203125,231800,0.0,0.0
2012-04-12 00:00:00+09:00,1244.5844980875652,1248.266700744629,1226.173484802246,1237.2200927734375,250400,0.0,0.0
2012-04-13 00:00:00+09:00,1240.902246822528,1259.3132593866603,1229.8556392840485,1233.537841796875,363400,0.0,0.0
2012-04-16 00:00:00+09:00,1218.809326171875,1229.8559363788709,1200.3983091602154,1218.809326171875,178400,0.0,0.0
2012-04-17 00:00:00+09:00,1215.126953125,1226.1735617897727,1204.0803444602273,1215.126953125,91800,0.0,0.0
2012-04-18 00:00:00+09:00,1229.8558045328537,1255.6312255859375,1229.8558045328537,1255.6312255859375,183200,0.0,0.0
2012-04-19 00:00:00+09:00,1251.9492539414414,1255.6314576295044,1222.491624436937,1226.173828125,132200,0.0,0.0
2012-04-20 00:00:00+09:00,1229.8559363788709,1233.538139781203,1215.1271227695431,1218.809326171875,131000,0.0,0.0
2012-04-23 00:00:00+09:00,1222.4913851109948,1229.8557910453983,1204.0803702749859,1207.7625732421875,119000,0.0,0.0
2012-04-24 00:00:00+09:00,1204.0803744195046,1204.0803744195046,1181.9871565402475,1189.3515625,90800,0.0,0.0
2012-04-25 00:00:00+09:00,1207.7625024112654,1211.4447051625193,1189.351488654996,1193.03369140625,148200,0.0,0.0
2012-04-26 00:00:00+09:00,1200.3981714396284,1222.4913893188855,1185.6693595201239,1189.3515625,165600,0.0,0.0
2012-04-27 00:00:00+09:00,1196.7156982421875,1215.126708984375,1170.940283203125,1178.3046875,253000,0.0,0.0
2012-05-01 00:00:00+09:00,1189.3514659085376,1189.3514659085376,1174.6226551852121,1181.987060546875,84400,0.0,0.0
2012-05-02 00:00:00+09:00,1181.987060546875,1185.6692632277063,1167.2582498235495,1181.987060546875,103400,0.0,0.0
2012-05-07 00:00:00+09:00,1152.5297105145303,1174.6229318023486,1145.1653034185908,1156.2119140625,118600,0.0,0.0
2012-05-08 00:00:00+09:00,1152.5293957125755,1156.2115982547882,1126.7539779170866,1141.4827880859375,166400,0.0,0.0
2012-05-09 00:00:00+09:00,1134.1183596930985,1141.4827646261706,1123.0717522934904,1130.4361572265625,120200,0.0,0.0
2012-05-10 00:00:00+09:00,1126.7540255727492,1170.940457948151,1119.389620176849,1145.1650390625,221000,0.0,0.0
2012-05-11 00:00:00+09:00,1137.8004388872362,1148.847045090025,1108.3428223464664,1112.0250244140625,120800,0.0,0.0
2012-05-14 00:00:00+09:00,1145.1650871863733,1170.9405071551985,1137.8006814809946,1148.8472900390625,261000,0.0,0.0
2012-05-15 00:00:00+09:00,1148.8472445618872,1156.2116499757456,1123.0718256133835,1126.7540283203125,213600,0.0,0.0
2012-05-16 00:00:00+09:00,1130.4362079884745,1134.1184106203589,1104.6607895652846,1115.7073974609375,181800,0.0,0.0
2012-05-17 00:00:00+09:00,1115.7073702904486,1145.1649906281502,1104.6607626638104,1141.4827880859375,197800,0.0,0.0
2012-05-18 00:00:00+09:00,1108.3429204117895,1123.071729985368,1097.2963132316054,1100.978515625,303200,0.0,0.0
2012-05-21 00:00:00+09:00,1104.66062027887,1123.0716306168513,1104.66062027887,1112.0250244140625,123800,0.0,0.0
2012-05-22 00:00:00+09:00,1115.7073742675782,1126.7539819335939,1104.6607666015625,1104.6607666015625,133800,0.0,0.0
2012-05-23 00:00:00+09:00,1108.3431179379456,1112.0253209875734,1089.932102689807,1097.2965087890625,256200,0.0,0.0
2012-05-24 00:00:00+09:00,1100.978418211274,1123.0716306168513,1097.2962161436776,1112.0250244140625,182400,0.0,0.0
2012-05-25 00:00:00+09:00,1112.0251717122396,1126.7539819335939,1097.2963614908854,1104.6607666015625,142000,0.0,0.0
2012-05-28 00:00:00+09:00,1108.3428223464664,1115.7072264816588,1100.978418211274,1112.0250244140625,78400,0.0,0.0
2012-05-29 00:00:00+09:00,1112.025485390111,1126.754299766139,1108.343281796104,1119.389892578125,123800,0.0,0.0
2012-05-30 00:00:00+09:00,1119.3898723006644,1126.754279355274,1100.9788546641403,1108.34326171875,132000,0.0,0.0
2012-05-31 00:00:00+09:00,1093.6141589355468,1108.342969156901,1093.6141589355468,1104.6607666015625,142800,0.0,0.0
2012-06-01 00:00:00+09:00,1097.2965087890625,1108.3431179379456,1093.6143057394347,1097.2965087890625,111200,0.0,0.0
2012-06-04 00:00:00+09:00,1086.2499522514083,1093.6143587073502,1082.5677490234375,1082.5677490234375,173800,0.0,0.0
2012-06-05 00:00:00+09:00,1089.932244082226,1119.3898723006644,1082.5678370276162,1108.34326171875,201600,0.0,0.0
2012-06-06 00:00:00+09:00,1104.6609148883178,1112.0253209875734,1089.932102689807,1097.2965087890625,217200,0.0,0.0
2012-06-07 00:00:00+09:00,1100.9785869334003,1115.7073974609375,1100.9785869334003,1115.7073974609375,134200,0.0,0.0
2012-06-08 00:00:00+09:00,1115.707524037201,1119.3897270868288,1089.932102689807,1097.2965087890625,241400,0.0,0.0
2012-06-11 00:00:00+09:00,1108.3429204117895,1112.025122805184,1093.6141108382108,1100.978515625,101800,0.0,0.0
2012-06-12 00:00:00+09:00,1093.6141108382108,1100.978515625,1089.9319084448161,1100.978515625,155000,0.0,0.0
2012-06-13 00:00:00+09:00,1100.9788546641403,1112.0254652460546,1097.2966511368354,1108.34326171875,158200,0.0,0.0
2012-06-14 00:00:00+09:00,1100.978515625,1108.3429204117895,1097.2963132316054,1100.978515625,114200,0.0,0.0
2012-06-15 00:00:00+09:00,1108.34326171875,1119.3898723006644,1097.2966511368354,1108.34326171875,212800,0.0,0.0
2012-06-18 00:00:00+09:00,1123.072096172132,1141.4831141421669,1115.707688984118,1119.389892578125,145400,0.0,0.0
2012-06-19 00:00:00+09:00,1112.0251948290531,1126.7540053565904,1108.342992197169,1115.7073974609375,89400,0.0,0.0
2012-06-20 00:00:00+09:00,1119.3895728326613,1141.4827880859375,1119.3895728326613,1141.4827880859375,128400,0.0,0.0
2012-06-21 00:00:00+09:00,1152.5293937562005,1163.5760013640875,1145.1649886842758,1159.893798828125,118200,0.0,0.0
2012-06-22 00:00:00+09:00,1152.5294444584003,1152.5294444584003,1141.48283636455,1145.1650390625,154000,0.0,0.0
2012-06-25 00:00:00+09:00,1145.1649670927065,1152.5293720257787,1126.7539547600265,1130.4361572265625,91600,0.0,0.0
2012-06-26 00:00:00+09:00,1130.4362282706995,1152.5294444584003,1130.4362282706995,1145.1650390625,189000,0.0,0.0
2012-06-27 00:00:00+09:00,1148.8475268631703,1170.940748533616,1141.4831196396885,1167.258544921875,106200,0.0,0.0
2012-06-28 00:00:00+09:00,1170.9406155927466,1204.0804443359375,1170.9406155927466,1204.0804443359375,134200,0.0,0.0
2012-06-29 00:00:00+09:00,1189.351631561186,1215.1270539170011,1185.669428367498,1204.0804443359375,159600,0.0,0.0
2012-07-02 00:00:00+09:00,1218.809159780649,1218.809159780649,1189.3515365835335,1196.7159423828125,131800,0.0,0.0
2012-07-03 00:00:00+09:00,1200.3983358365788,1226.1737602257076,1200.3983358365788,1211.4449462890625,147600,0.0,0.0
2012-07-04 00:00:00+09:00,1211.4447502367425,1226.1735617897727,1211.4447502367425,1215.126953125,144800,0.0,0.0
2012-07-05 00:00:00+09:00,1215.126953125,1222.4913589015152,1204.0803444602273,1215.126953125,83400,0.0,0.0
2012-07-06 00:00:00+09:00,1215.1269568810096,1222.4913626802884,1193.0337394831731,1196.7159423828125,132400,0.0,0.0
2012-07-09 00:00:00+09:00,1185.669428367498,1211.4448507233133,1185.669428367498,1204.0804443359375,108200,0.0,0.0
2012-07-10 00:00:00+09:00,1207.7625285083461,1215.1269341699824,1185.6693115234375,1185.6693115234375,89400,0.0,0.0
2012-07-11 00:00:00+09:00,1181.987060546875,1189.3514659085376,1170.9404525043808,1181.987060546875,65000,0.0,0.0
2012-07-12 00:00:00+09:00,1181.9870140438989,1185.669216579861,1159.893798828125,1159.893798828125,133800,0.0,0.0
2012-07-13 00:00:00+09:00,1159.893798828125,1178.3048115079366,1156.2115962921628,1159.893798828125,119200,0.0,0.0
2012-07-17 00:00:00+09:00,1170.940406436012,1178.3048115079366,1156.2115962921628,1159.893798828125,119400,0.0,0.0
2012-07-18 00:00:00+09:00,1167.258304302509,1170.9405071551985,1145.1650871863733,1148.8472900390625,109200,0.0,0.0
2012-07-19 00:00:00+09:00,1152.5293957125755,1163.5760033392137,1141.4827880859375,1141.4827880859375,97200,0.0,0.0
2012-07-20 00:00:00+09:00,1137.8005395589466,1137.8005395589466,1100.978515625,1100.978515625,140400,0.0,0.0
2012-07-23 00:00:00+09:00,1100.97878648135,1112.025396379156,1093.6143798828125,1093.6143798828125,104600,0.0,0.0
2012-07-24 00:00:00+09:00,1097.2963614908854,1112.0251717122396,1097.2963614908854,1104.6607666015625,189200,0.0,0.0
2012-07-25 00:00:00+09:00,1100.9787383208404,1104.6609414590373,1078.8855194916596,1089.93212890625,174400,0.0,0.0
2012-07-26 00:00:00+09:00,1097.2963843015161,1123.071802724706,1097.2963843015161,1115.7073974609375,143600,0.0,0.0
2012-07-27 00:00:00+09:00,1119.389892578125,1130.436503360146,1108.343281796104,1119.389892578125,144400,0.0,0.0
2012-07-30 00:00:00+09:00,1123.0719301364566,1123.0719301364566,1093.6143057394347,1097.2965087890625,173800,0.0,0.0
2012-07-31 00:00:00+09:00,1097.2965351826435,1112.0253477354308,1086.2499257680533,1089.93212890625,308000,0.0,0.0
2012-08-01 00:00:00+09:00,1089.932102689807,1104.6609148883178,1086.2498996401794,1097.2965087890625,189400,0.0,0.0
2012-08-02 00:00:00+09:00,1089.93212890625,1104.6609414590373,1089.93212890625,1089.93212890625,179400,0.0,0.0
2012-08-03 00:00:00+09:00,1082.567431640625,1089.9318359375,1067.838623046875,1067.838623046875,211800,0.0,0.0
2012-08-06 00:00:00+09:00,1082.5677226298565,1100.9787383208404,1078.8855194916596,1089.93212890625,114600,0.0,0.0
2012-08-07 00:00:00+09:00,1078.8855666857376,1100.97878648135,1075.2033633864687,1093.6143798828125,113000,0.0,0.0
2012-08-08 00:00:00+09:00,1104.6609897806186,1112.025396379156,1086.249973284275,1093.6143798828125,159400,0.0,0.0
2012-08-09 00:00:00+09:00,1097.2962161436776,1112.0250244140625,1097.2962161436776,1112.0250244140625,114000,0.0,0.0
2012-08-10 00:00:00+09:00,1112.0254652460546,1112.0254652460546,1097.2966511368354,1108.34326171875,46600,0.0,0.0
2012-08-13 00:00:00+09:00,1108.34326171875,1112.0254652460546,1100.9788546641403,1108.34326171875,84600,0.0,0.0
2012-08-14 00:00:00+09:00,1112.025072766589,1137.8004883605165,1108.3428705388849,1134.1182861328125,137600,0.0,0.0
2012-08-15 00:00:00+09:00,1137.8008348808914,1137.8008348808914,1115.707614786117,1123.072021484375,126400,0.0,0.0
2012-08-16 00:00:00+09:00,1130.4362282706995,1152.5294444584003,1130.4362282706995,1145.1650390625,154200,0.0,0.0
2012-08-17 00:00:00+09:00,1148.8475069665606,1159.8941176104697,1145.1653034185908,1156.2119140625,96200,0.0,0.0
2012-08-20 00:00:00+09:00,1159.8937013278753,1163.575903554313,1152.529296875,1152.529296875,90000,0.0,0.0
2012-08-21 00:00:00+09:00,1152.529492891752,1156.2116957444412,1137.8006814809946,1148.8472900390625,125600,0.0,0.0
2012-08-22 00:00:00+09:00,1145.1648928159243,1145.1648928159243,1130.4360839051085,1134.1182861328125,130400,0.0,0.0
2012-08-23 00:00:00+09:00,1134.1182130486447,1141.48261702948,1126.7538090678095,1137.8004150390625,117200,0.0,0.0
2012-08-24 00:00:00+09:00,1130.4361572265625,1134.1183596930985,1123.0717522934904,1130.4361572265625,64000,0.0,0.0
2012-08-27 00:00:00+09:00,1134.1186315317623,1145.1652415791496,1123.072021484375,1123.072021484375,40600,0.0,0.0
2012-08-28 00:00:00+09:00,1130.4361347721572,1130.4361347721572,1093.6141108382108,1100.978515625,97200,0.0,0.0
2012-08-29 00:00:00+09:00,1108.342969156901,1115.7073742675782,1104.6607666015625,1104.6607666015625,84400,0.0,0.0
2012-08-30 00:00:00+09:00,1097.2963614908854,1112.0251717122396,1097.2963614908854,1104.6607666015625,124000,0.0,0.0
2012-08-31 00:00:00+09:00,1104.6607180183946,1119.3895275919733,1100.978515625,1100.978515625,184400,0.0,0.0
2012-09-03 00:00:00+09:00,1104.6609148883178,1112.0253209875734,1093.6143057394347,1097.2965087890625,96200,0.0,0.0
2012-09-04 00:00:00+09:00,1097.2963892184835,1097.2963892184835,1075.2031733281783,1078.8853759765625,124400,0.0,0.0
2012-09-05 00:00:00+09:00,1075.20302734375,1082.567431640625,1067.838623046875,1067.838623046875,184800,0.0,0.0
2012-09-06 00:00:00+09:00,1071.52099609375,1078.8854015651846,1064.1565906223152,1071.52099609375,80000,0.0,0.0
2012-09-07 00:00:00+09:00,1089.931983921715,1093.6141865700993,1078.8853759765625,1078.8853759765625,82000,0.0,0.0
2012-09-10 00:00:00+09:00,1078.8853487141928,1104.6607666015625,1071.5209436035157,1104.6607666015625,178000,0.0,0.0
2012-09-11 00:00:00+09:00,1093.6143057394347,1104.6609148883178,1086.2498996401794,1097.2965087890625,122600,0.0,0.0
2012-09-12 00:00:00+09:00,1112.0251948290531,1123.071802724706,1104.6607895652846,1115.7073974609375,111200,0.0,0.0
2012-09-13 00:00:00+09:00,1119.389892578125,1126.754299766139,1112.025485390111,1119.389892578125,82400,0.0,0.0
2012-09-14 00:00:00+09:00,1141.4826905882203,1141.4826905882203,1126.7538816774047,1134.1182861328125,182000,0.0,0.0
2012-09-18 00:00:00+09:00,1145.1650871863733,1148.8472900390625,1137.8006814809946,1148.8472900390625,205400,0.0,0.0
2012-09-19 00:00:00+09:00,1159.8941176104697,1170.9407282543789,1148.8475069665606,1156.2119140625,226400,0.0,0.0
2012-09-20 00:00:00+09:00,1156.2114991014378,1167.2581057807508,1148.8470946485622,1152.529296875,168000,0.0,0.0
2012-09-21 00:00:00+09:00,1148.8472140330189,1170.9404296875,1148.8472140330189,1170.9404296875,253800,0.0,0.0
2012-09-24 00:00:00+09:00,1163.5760471427182,1189.3514659085376,1156.2116417810553,1181.987060546875,339000,0.0,0.0
2012-09-25 00:00:00+09:00,1178.3051149316111,1211.4449462890625,1170.9407079632883,1211.4449462890625,361600,0.0,0.0
2012-09-26 00:00:00+09:00,1209.5839695900863,1217.0275632491023,1194.6967822720544,1198.4185791015625,147200,17.5,0.0
2012-09-27 00:00:00+09:00,1198.4183406298373,1209.583728896575,1187.2529523630997,1202.14013671875,144200,0.0,0.0
2012-09-28 00:00:00+09:00,1209.5837345829716,1213.305530689381,1183.5311618381077,1205.8619384765625,310200,0.0,0.0
2012-10-01 00:00:00+09:00,1202.1401423701534,1205.8619384765625,1187.2529579445168,1205.8619384765625,122400,0.0,0.0
2012-10-02 00:00:00+09:00,1205.8620283018868,1213.3056210691823,1179.8094536163521,1183.53125,136200,0.0,0.0
2012-10-03 00:00:00+09:00,1176.087624574319,1179.8094208546174,1157.4786431728267,1161.200439453125,121200,0.0,0.0
2012-10-04 00:00:00+09:00,1150.0347900390625,1161.2001763501214,1146.3129946020429,1150.0347900390625,147200,0.0,0.0
2012-10-05 00:00:00+09:00,1146.3134906928256,1168.6442729790494,1138.8698965974177,1157.4788818359375,206000,0.0,0.0
2012-10-09 00:00:00+09:00,1164.921971787141,1176.0873580982,1150.0347900390625,1150.0347900390625,158600,0.0,0.0
2012-10-10 00:00:00+09:00,1135.1475636059085,1142.591154186931,1120.2603824438638,1123.982177734375,123800,0.0,0.0
2012-10-11 00:00:00+09:00,1120.260636982165,1142.591413799085,1120.260636982165,1131.426025390625,68000,0.0,0.0
2012-10-12 00:00:00+09:00,1131.4257683153974,1142.591154186931,1123.982177734375,1123.982177734375,84000,0.0,0.0
2012-10-15 00:00:00+09:00,1123.982177734375,1135.1475636059085,1112.8167918628415,1123.982177734375,120600,0.0,0.0
2012-10-16 00:00:00+09:00,1123.982177734375,1135.1475636059085,1123.982177734375,1123.982177734375,93400,0.0,0.0
2012-10-17 00:00:00+09:00,1142.5915831544528,1172.365956656849,1142.5915831544528,1164.92236328125,138800,0.0,0.0
2012-10-18 00:00:00+09:00,1172.365728450727,1183.5311163407337,1168.643932487391,1176.0875244140625,143000,0.0,0.0
2012-10-19 00:00:00+09:00,1176.0876355991243,1194.6966171750598,1168.64404296875,1168.64404296875,124800,0.0,0.0
2012-10-22 00:00:00+09:00,1161.2004503383757,1179.8094319143113,1157.4786540231887,1168.64404296875,76400,0.0,0.0
2012-10-23 00:00:00+09:00,1168.6440209173388,1168.6440209173388,1142.591447202621,1153.7568359375,127600,0.0,0.0
2012-10-24 00:00:00+09:00,1138.8696344729744,1157.4786154284152,1138.8696344729744,1142.5914306640625,134600,0.0,0.0
2012-10-25 00:00:00+09:00,1138.8696344729744,1142.5914306640625,1131.426042090798,1142.5914306640625,131200,0.0,0.0
2012-10-26 00:00:00+09:00,1142.5915423283811,1150.0351354380123,1135.14794921875,1135.14794921875,96200,0.0,0.0
2012-10-29 00:00:00+09:00,1135.1481977475235,1146.3135898565156,1131.4264003778596,1138.8699951171875,81000,0.0,0.0
2012-10-30 00:00:00+09:00,1135.1475636059085,1146.312949477442,1123.982177734375,1123.982177734375,78400,0.0,0.0
2012-10-31 00:00:00+09:00,1127.7042292544718,1138.869617662932,1123.9824331183183,1131.426025390625,103400,0.0,0.0
2012-11-01 00:00:00+09:00,1135.1476082909842,1153.7565854760821,1135.1476082909842,1150.0347900390625,86600,0.0,0.0
2012-11-02 00:00:00+09:00,1157.4787898018533,1179.8095703125,1153.7569930500788,1179.8095703125,196600,0.0,0.0
2012-11-05 00:00:00+09:00,1172.36572265625,1190.9747023809525,1164.922130766369,1172.36572265625,120600,0.0,0.0
2012-11-06 00:00:00+09:00,1161.2004284274194,1161.2004284274194,1146.3132434475806,1153.7568359375,111200,0.0,0.0
2012-11-07 00:00:00+09:00,1161.200540914164,1161.200540914164,1142.5915578866934,1146.3133544921875,86000,0.0,0.0
2012-11-08 00:00:00+09:00,1142.5914081032126,1146.3132042208128,1127.7042236328125,1127.7042236328125,78400,0.0,0.0
2012-11-09 00:00:00+09:00,1123.9825280230978,1123.9825280230978,1105.3735457710598,1112.817138671875,95400,0.0,0.0
2012-11-12 00:00:00+09:00,1120.2606313976125,1135.1478158680127,1120.2606313976125,1127.7042236328125,75200,0.0,0.0
2012-11-13 00:00:00+09:00,1138.8697457735657,1142.5915423283811,1120.2607629994877,1135.14794921875,129200,0.0,0.0
2012-11-14 00:00:00+09:00,1127.7042292544718,1138.869617662932,1127.7042292544718,1131.426025390625,71600,0.0,0.0
2012-11-15 00:00:00+09:00,1135.1480995497136,1161.2006788836416,1135.1480995497136,1157.4788818359375,118800,0.0,0.0
2012-11-16 00:00:00+09:00,1164.9222733548443,1194.696644558802,1157.478680553855,1187.2530517578125,177200,0.0,0.0
2012-11-19 00:00:00+09:00,1194.6965501573352,1213.305530689381,1194.6965501573352,1205.8619384765625,77800,0.0,0.0
2012-11-20 00:00:00+09:00,1217.0274605780291,1217.0274605780291,1205.8620710314417,1213.3056640625,98000,0.0,0.0
2012-11-21 00:00:00+09:00,1217.0273324819711,1220.749128605769,1198.4183518629807,1209.583740234375,92200,0.0,0.0
2012-11-22 00:00:00+09:00,1220.7492727726062,1224.4710693359375,1213.305679645944,1224.4710693359375,102600,0.0,0.0
2012-11-26 00:00:00+09:00,1228.192626953125,1250.5234019886364,1224.4708311138731,1228.192626953125,126000,0.0,0.0
2012-11-27 00:00:00+09:00,1235.6362820175036,1272.8542423192357,1231.9144859873304,1269.1324462890625,218200,0.0,0.0
2012-11-28 00:00:00+09:00,1257.9671466884329,1269.1325355643658,1246.8017578125,1246.8017578125,107200,0.0,0.0
2012-11-29 00:00:00+09:00,1265.410667242006,1298.9068319631178,1265.410667242006,1280.2978515625,225400,0.0,0.0
2012-11-30 00:00:00+09:00,1284.0194819872033,1284.0194819872033,1250.523321587537,1254.2451171875,172000,0.0,0.0
2012-12-03 00:00:00+09:00,1254.2451171875,1272.8540951873147,1250.523321587537,1254.2451171875,133800,0.0,0.0
2012-12-04 00:00:00+09:00,1257.966912787463,1272.8540951873147,1250.523321587537,1254.2451171875,131400,0.0,0.0
2012-12-05 00:00:00+09:00,1250.5235541044776,1254.2453503964553,1239.3581652285447,1246.8017578125,109400,0.0,0.0
2012-12-06 00:00:00+09:00,1246.8017578125,1261.6889429804105,1246.8017578125,1246.8017578125,95000,0.0,0.0
2012-12-07 00:00:00+09:00,1250.5232904273344,1250.5232904273344,1231.9143128912133,1235.6361083984375,177600,0.0,0.0
2012-12-10 00:00:00+09:00,1243.0800361867332,1250.5236292177915,1198.4184780003834,1213.3056640625,248400,0.0,0.0
2012-12-11 00:00:00+09:00,1213.3054435961174,1235.636218631629,1209.5836477568655,1228.192626953125,180000,0.0,0.0
2012-12-12 00:00:00+09:00,1224.4709190086082,1228.1927151150173,1205.8619384765625,1205.8619384765625,336000,0.0,0.0
2012-12-13 00:00:00+09:00,1205.862167786215,1209.5839646003699,1190.974980529595,1194.69677734375,432800,0.0,0.0
2012-12-14 00:00:00+09:00,1183.5312553573178,1202.1402373597914,1183.5312553573178,1187.2530517578125,231000,0.0,0.0
2012-12-17 00:00:00+09:00,1190.9749854425465,1205.8621727605785,1190.9749854425465,1198.4185791015625,146600,0.0,0.0
2012-12-18 00:00:00+09:00,1205.862081388148,1228.1928606731137,1202.1402848406537,1220.749267578125,216200,0.0,0.0
2012-12-19 00:00:00+09:00,1228.1925479877598,1265.410503987389,1228.1925479877598,1254.2451171875,278200,0.0,0.0
2012-12-20 00:00:00+09:00,1261.6887083874258,1276.5758907872776,1243.0797303876113,1254.2451171875,283600,0.0,0.0
2012-12-21 00:00:00+09:00,1265.410667242006,1284.0196476426236,1257.9670750817588,1280.2978515625,383000,0.0,0.0
2012-12-25 00:00:00+09:00,1295.1854202314482,1313.7944061543137,1287.7418258623018,1291.463623046875,316800,0.0,0.0
2012-12-26 00:00:00+09:00,1306.3508117851675,1313.7944061543137,1287.7418258623018,1291.463623046875,211800,0.0,0.0
2012-12-27 00:00:00+09:00,1298.9071988030703,1306.3507930655521,1276.576416015625,1276.576416015625,205800,0.0,0.0
2012-12-28 00:00:00+09:00,1272.8546280570654,1284.02001953125,1257.9674394248188,1284.02001953125,242800,0.0,0.0
2013-01-04 00:00:00+09:00,1317.5158801132372,1332.4030651992625,1287.7415099411867,1324.95947265625,254800,0.0,0.0
2013-01-07 00:00:00+09:00,1343.5684258007257,1351.0120181874333,1302.6286676738337,1306.3504638671875,165600,0.0,0.0
2013-01-08 00:00:00+09:00,1298.907089674404,1317.5160737671604,1276.5763087630962,1287.74169921875,166000,0.0,0.0
2013-01-09 00:00:00+09:00,1272.8541675993913,1306.3503299046383,1269.1323717876971,1298.90673828125,140800,0.0,0.0
2013-01-10 00:00:00+09:00,1302.6288099691901,1336.1249793683978,1298.907013369278,1321.23779296875,171600,0.0,0.0
2013-01-11 00:00:00+09:00,1339.846695829029,1351.0120849609375,1328.6813066971204,1351.0120849609375,214000,0.0,0.0
2013-01-15 00:00:00+09:00,1354.7339026843495,1377.0646813000255,1354.7339026843495,1365.8992919921875,194600,0.0,0.0
2013-01-16 00:00:00+09:00,1369.621072287088,1369.621072287088,1343.5684975424967,1354.73388671875,200000,0.0,0.0
2013-01-17 00:00:00+09:00,1362.1773452337277,1377.0645293346427,1332.4029770318975,1347.2901611328125,270000,0.0,0.0
2013-01-18 00:00:00+09:00,1347.2902885836347,1354.7338813382405,1339.846695829029,1351.0120849609375,259400,0.0,0.0
2013-01-21 00:00:00+09:00,1336.12513153837,1358.4559136810726,1336.12513153837,1343.5687255859375,305200,0.0,0.0
2013-01-22 00:00:00+09:00,1336.1248779296875,1365.8992484685107,1306.3505073908643,1336.1248779296875,753200,0.0,0.0
2013-01-23 00:00:00+09:00,1339.846695829029,1362.177474092846,1332.4031030744234,1351.0120849609375,307600,0.0,0.0
2013-01-24 00:00:00+09:00,1351.0122319097104,1369.6212158203125,1339.8468415633492,1369.6212158203125,290800,0.0,0.0
2013-01-25 00:00:00+09:00,1373.3426807423964,1395.6734560390207,1369.6208848596257,1391.95166015625,289600,0.0,0.0
2013-01-28 00:00:00+09:00,1395.6735616103017,1395.6735616103017,1377.0645807888309,1380.786376953125,184200,0.0,0.0
2013-01-29 00:00:00+09:00,1365.8992356272674,1410.560791015625,1365.8992356272674,1410.560791015625,243800,0.0,0.0
2013-01-30 00:00:00+09:00,1414.2827501715924,1447.7789205703934,1406.8391567496367,1440.3353271484375,293000,0.0,0.0
2013-01-31 00:00:00+09:00,1440.3351165538527,1470.1094858882993,1421.7261357198236,1462.6658935546875,246200,0.0,0.0
2013-02-01 00:00:00+09:00,1484.99659359901,1507.3273694426043,1477.5530016511455,1492.440185546875,336200,0.0,0.0
2013-02-04 00:00:00+09:00,1511.0494333526235,1540.8238064236111,1499.8840434510032,1507.32763671875,249800,0.0,0.0
2013-02-05 00:00:00+09:00,1499.8840434510032,1563.154586226852,1499.8840434510032,1507.32763671875,373800,0.0,0.0
2013-02-06 00:00:00+09:00,1537.1023211422284,1637.5908506115752,1511.0497394279535,1559.43310546875,819400,0.0,0.0
2013-02-07 00:00:00+09:00,1544.5456935440677,1596.6508494708555,1544.5456935440677,1574.320068359375,322800,0.0,0.0
2013-02-08 00:00:00+09:00,1574.319835133272,1589.2070203354779,1555.7108536305145,1581.763427734375,373600,0.0,0.0
2013-02-12 00:00:00+09:00,1611.5378992579006,1708.3046091440563,1611.5378992579006,1652.4776611328125,618800,0.0,0.0
2013-02-13 00:00:00+09:00,1652.4776185761898,1652.4776185761898,1607.8160613173739,1622.7032470703125,432000,0.0,0.0
2013-02-14 00:00:00+09:00,1607.815895151869,1611.5376912054614,1566.8761385623538,1592.9287109375,588200,0.0,0.0
2013-02-15 00:00:00+09:00,1563.1545091711955,1563.1545091711955,1511.049358865489,1540.82373046875,554800,0.0,0.0
2013-02-18 00:00:00+09:00,1559.4327228520074,1637.590448818337,1555.7109263774203,1633.86865234375,368200,0.0,0.0
2013-02-19 00:00:00+09:00,1615.259659476902,1633.86864172894,1604.0942701256793,1626.425048828125,221800,0.0,0.0
2013-02-20 00:00:00+09:00,1637.5904435109876,1645.0340364360375,1615.2596647358378,1630.1468505859375,263600,0.0,0.0
2013-02-21 00:00:00+09:00,1626.425032795849,1641.3122184507308,1592.9288650723645,1615.2596435546875,238600,0.0,0.0
2013-02-22 00:00:00+09:00,1585.4852878736413,1630.1468452785325,1559.432712720788,1626.425048828125,481600,0.0,0.0
2013-02-25 00:00:00+09:00,1637.590135846819,1697.1388680594307,1637.590135846819,1667.364501953125,492600,0.0,0.0
2013-02-26 00:00:00+09:00,1626.4247690010513,1645.0337480514067,1592.928606710412,1604.093994140625,412200,0.0,0.0
2013-02-27 00:00:00+09:00,1589.2069148839075,1611.5376912054614,1578.0415267231308,1592.9287109375,409000,0.0,0.0
2013-02-28 00:00:00+09:00,1589.2070791262006,1626.4250435085473,1589.2070791262006,1622.7032470703125,305600,0.0,0.0
2013-03-01 00:00:00+09:00,1607.816211821267,1652.4777732607465,1607.816211821267,1645.0341796875,230400,0.0,0.0
2013-03-04 00:00:00+09:00,1663.6427061898366,1689.6952765328542,1656.1991146632604,1667.364501953125,321400,0.0,0.0
2013-03-05 00:00:00+09:00,1685.973480769566,1719.4696426391602,1641.3119316101074,1667.364501953125,388400,0.0,0.0
2013-03-06 00:00:00+09:00,1685.9738972536584,1708.3046773497333,1674.808507205621,1700.861083984375,205600,0.0,0.0
2013-03-07 00:00:00+09:00,1712.0264492515755,1779.0187885701155,1712.0264492515755,1771.5751953125,552000,0.0,0.0
2013-03-08 00:00:00+09:00,1793.9052800085728,1823.679641502491,1767.8527137013944,1797.6270751953125,658000,0.0,0.0
2013-03-11 00:00:00+09:00,1823.6800575256348,1935.3339385986326,1819.9582614898682,1905.5595703125,545400,0.0,0.0
2013-03-12 00:00:00+09:00,1909.2818507961565,1957.6652115375796,1883.2292719353902,1901.8382568359375,858000,0.0,0.0
2013-03-13 00:00:00+09:00,1894.3946854571907,1909.281873555086,1823.6805419921875,1823.6805419921875,491400,0.0,0.0
2013-03-14 00:00:00+09:00,1823.6803134508114,1838.5674996830628,1797.6277375443713,1834.845703125,284000,0.0,0.0
2013-03-15 00:00:00+09:00,1857.176693074624,1920.447241736485,1857.176693074624,1901.8382568359375,936000,0.0,0.0
2013-03-18 00:00:00+09:00,1868.342012431022,1950.221542856286,1864.6202155935102,1939.05615234375,541400,0.0,0.0
2013-03-19 00:00:00+09:00,1942.777842281429,1957.6650288123212,1935.3342490159828,1950.221435546875,163400,0.0,0.0
2013-03-21 00:00:00+09:00,1961.3862736734113,1998.6042295305917,1953.9426825019752,1987.4388427734375,269400,0.0,0.0
2013-03-22 00:00:00+09:00,1976.2741257240032,1994.8831099586926,1942.7779541015625,1942.7779541015625,136000,0.0,0.0
2013-03-25 00:00:00+09:00,1979.995640481165,1987.439233114553,1920.4468994140625,1920.4468994140625,336800,0.0,0.0
2013-03-26 00:00:00+09:00,1935.334084680838,1953.9430662643076,1901.837917830593,1920.4468994140625,542400,0.0,0.0
2013-03-27 00:00:00+09:00,1926.0673421223958,1959.792256673177,1903.5840657552083,1933.561767578125,366000,17.5,0.0
2013-03-28 00:00:00+09:00,1937.309291501017,1937.309291501017,1866.1122382350222,1899.837158203125,513800,0.0,0.0
2013-03-29 00:00:00+09:00,1903.5843505859375,1918.5732037401576,1858.6177911232776,1903.5843505859375,260000,0.0,0.0
2013-04-01 00:00:00+09:00,1884.8482391036184,1888.5954523026317,1776.1790563322368,1779.92626953125,396800,0.0,0.0
2013-04-02 00:00:00+09:00,1791.1676644304232,1888.5951942948395,1757.442750246587,1869.859130859375,533400,0.0,0.0
2013-04-03 00:00:00+09:00,1851.1230674239102,1881.1007689206538,1839.8814293626315,1869.859130859375,209800,0.0,0.0
2013-04-04 00:00:00+09:00,1832.387656504019,1948.551291169918,1802.409944332174,1944.8040771484375,300800,0.0,0.0
2013-04-05 00:00:00+09:00,2012.2532553610165,2075.9558723836185,1978.528340466698,1997.264404296875,612600,0.0,0.0
2013-04-08 00:00:00+09:00,2057.2203043330182,2105.93408203125,2027.2425949802603,2105.93408203125,445400,0.0,0.0
2013-04-09 00:00:00+09:00,2180.878387237762,2188.3728146853146,2120.9229676573427,2143.40625,450600,0.0,0.0
2013-04-10 00:00:00+09:00,2139.658925915255,2184.62548828125,2135.9117123847554,2184.62548828125,339800,0.0,0.0
2013-04-11 00:00:00+09:00,2184.6255851624505,2214.603294735863,2102.1868838355654,2124.670166015625,521200,0.0,0.0
2013-04-12 00:00:00+09:00,2113.428185638538,2124.6698249238493,2072.2088415923963,2075.9560546875,419400,0.0,0.0
2013-04-15 00:00:00+09:00,2053.472801561056,2060.9672278441253,2016.0006701457082,2027.2423095703125,321200,0.0,0.0
2013-04-16 00:00:00+09:00,1989.770438639323,2060.967497649016,1986.0232250072338,2023.495361328125,372800,0.0,0.0
2013-04-17 00:00:00+09:00,2057.220458984375,2064.714886885957,2023.495533427254,2057.220458984375,306800,0.0,0.0
2013-04-18 00:00:00+09:00,2060.96743791463,2064.714651438111,2012.253662109375,2012.253662109375,320600,0.0,0.0
2013-04-19 00:00:00+09:00,2016.0011419040054,2016.0011419040054,1967.2873596646893,2008.5067138671875,279400,0.0,0.0
2013-04-22 00:00:00+09:00,2045.9787048339845,2102.1869110107423,2042.2314910888674,2098.439697265625,425000,0.0,0.0
2013-04-23 00:00:00+09:00,2079.7031660580074,2098.4392306170885,2060.9671014989262,2072.208740234375,303800,0.0,0.0
2013-04-24 00:00:00+09:00,2105.934420460668,2173.38427734375,2094.692777646821,2173.38427734375,527600,0.0,0.0
2013-04-25 00:00:00+09:00,2169.636650241151,2207.1087858239,2143.4061553332267,2203.361572265625,383000,0.0,0.0
2013-04-26 00:00:00+09:00,2222.097546280571,2222.097546280571,2139.6588514775817,2154.647705078125,507400,0.0,0.0
2013-04-30 00:00:00+09:00,2158.395320595855,2207.109103873192,2158.395320595855,2169.636962890625,332200,0.0,0.0
2013-05-01 00:00:00+09:00,2158.394918478261,2177.13098547894,2128.417211277174,2154.647705078125,166800,0.0,0.0
2013-05-02 00:00:00+09:00,2158.395307055749,2177.131377429497,2143.406450756751,2150.90087890625,126400,0.0,0.0
2013-05-07 00:00:00+09:00,2180.878390611736,2218.35052790747,2180.878390611736,2207.10888671875,279600,0.0,0.0
2013-05-08 00:00:00+09:00,2203.3623145684023,2222.098388671875,2184.626240464929,2222.098388671875,370600,0.0,0.0
2013-05-09 00:00:00+09:00,2218.350822368421,2218.350822368421,2135.912109375,2135.912109375,290000,0.0,0.0
2013-05-10 00:00:00+09:00,2143.406450756751,2169.636949279998,2139.6592366820014,2150.90087890625,326000,0.0,0.0
2013-05-13 00:00:00+09:00,2154.647903442383,2154.647903442383,2083.4508422851563,2098.439697265625,367600,0.0,0.0
2013-05-14 00:00:00+09:00,2090.9451957370925,2098.4396229619565,2060.967486837636,2068.4619140625,395400,0.0,0.0
2013-05-15 00:00:00+09:00,2087.1980136857765,2120.922936707629,2087.1980136857765,2105.93408203125,519800,0.0,0.0
2013-05-16 00:00:00+09:00,2117.1758674172793,2128.417509191176,2019.748305376838,2038.484375,331800,0.0,0.0
2013-05-17 00:00:00+09:00,2027.24255895882,2030.9897725613316,1982.2759957286798,2004.75927734375,347000,0.0,0.0
2013-05-20 00:00:00+09:00,2016.0005510470817,2038.483828568053,1982.275634765625,1982.275634765625,345400,0.0,0.0
2013-05-21 00:00:00+09:00,1997.2646576816596,1997.2646576816596,1929.8148193359375,1929.8148193359375,482800,0.0,0.0
2013-05-22 00:00:00+09:00,1929.8148436058225,1937.3092701829326,1896.0899240088277,1903.5843505859375,453400,0.0,0.0
2013-05-23 00:00:00+09:00,1907.3316213847786,1926.0676883924875,1689.993244095354,1697.4876708984375,771200,0.0,0.0
2013-05-24 00:00:00+09:00,1723.7181860999724,1772.431960924537,1663.7627709312776,1693.740478515625,729600,0.0,0.0
2013-05-27 00:00:00+09:00,1693.7405370020606,1761.190381395948,1678.751682692308,1704.982177734375,519000,0.0,0.0
2013-05-28 00:00:00+09:00,1686.2460306938121,1716.2237379061464,1667.509963686103,1697.4876708984375,409000,0.0,0.0
2013-05-29 00:00:00+09:00,1719.9710906582627,1761.190441414779,1712.476663247987,1716.223876953125,348800,0.0,0.0
2013-05-30 00:00:00+09:00,1686.246349325783,1693.7407775450088,1585.071568366236,1600.0604248046875,478000,0.0,0.0
2013-05-31 00:00:00+09:00,1618.7958984375,1641.2791748046875,1592.565409342448,1618.7958984375,619600,0.0,0.0
2013-06-03 00:00:00+09:00,1588.818464256414,1596.3128909746047,1547.5991173063655,1570.0823974609375,596000,0.0,0.0
2013-06-04 00:00:00+09:00,1540.1047072500553,1596.3129082445828,1491.390933054798,1588.8184814453125,767600,0.0,0.0
2013-06-05 00:00:00+09:00,1600.0605391768722,1712.4769705007743,1600.0605391768722,1663.76318359375,876800,0.0,0.0
2013-06-06 00:00:00+09:00,1633.7849482378083,1701.2347855503783,1611.3016691336181,1671.257080078125,954000,0.0,0.0
2013-06-07 00:00:00+09:00,1611.3017911044035,1686.2460604580965,1585.071296830611,1648.77392578125,763600,0.0,0.0
2013-06-10 00:00:00+09:00,1686.2462277083953,1716.2239384232112,1566.3353848491315,1577.5770263671875,862000,0.0,0.0
2013-06-11 00:00:00+09:00,1562.5880550522402,1573.8296957360692,1528.863133000753,1555.0936279296875,789400,0.0,0.0
2013-06-12 00:00:00+09:00,1555.0935440245562,1577.5768241791282,1502.6325569972216,1570.0823974609375,486200,0.0,0.0
2013-06-13 00:00:00+09:00,1536.3577688769035,1536.3577688769035,1468.907915609137,1476.40234375,436600,0.0,0.0
2013-06-14 00:00:00+09:00,1521.36880225466,1525.1160160533168,1480.1494504694354,1495.1383056640625,584800,0.0,0.0
2013-06-17 00:00:00+09:00,1480.1494026652717,1528.8631804745087,1461.4133342771038,1525.115966796875,415200,0.0,0.0
2013-06-18 00:00:00+09:00,1510.1269599934064,1513.8741732936383,1461.4131870903932,1465.160400390625,479400,0.0,0.0
2013-06-19 00:00:00+09:00,1495.138166278812,1592.5657159611405,1476.4020990322103,1585.0712890625,1007600,0.0,0.0
2013-06-20 00:00:00+09:00,1573.8296278467717,1618.7961886423939,1570.0824144471367,1588.8184814453125,565800,0.0,0.0
2013-06-21 00:00:00+09:00,1540.1047594453667,1641.2795246644052,1532.6103323921045,1622.54345703125,466200,0.0,0.0
2013-06-24 00:00:00+09:00,1652.5211092391103,1656.2683226387455,1581.3240546460422,1588.8184814453125,235400,0.0,0.0
2013-06-25 00:00:00+09:00,1603.807188950116,1641.2793195330626,1592.5655497752318,1615.048828125,339400,0.0,0.0
2013-06-26 00:00:00+09:00,1637.532003429324,1645.0264290743096,1596.3126623819041,1611.301513671875,296800,0.0,0.0
2013-06-27 00:00:00+09:00,1622.543151575491,1633.7847900390625,1592.565449005967,1633.7847900390625,171800,0.0,0.0
2013-06-28 00:00:00+09:00,1663.7630840714571,1768.6850803642517,1652.5214416115148,1764.9378662109375,442000,0.0,0.0
2013-07-01 00:00:00+09:00,1761.1905233515133,1787.4210205078125,1708.7295290389152,1787.4210205078125,288800,0.0,0.0
2013-07-02 00:00:00+09:00,1798.6631308838912,1806.1575605959074,1749.9493377557858,1791.168701171875,220800,0.0,0.0
2013-07-03 00:00:00+09:00,1802.4099691091492,1813.651611328125,1779.926684671197,1813.651611328125,226800,0.0,0.0
2013-07-04 00:00:00+09:00,1817.398253894243,1836.1343183673796,1794.9149765264792,1828.639892578125,163800,0.0,0.0
2013-07-05 00:00:00+09:00,1821.1456063601356,1851.1233118146235,1817.3983931783248,1847.3760986328125,123800,0.0,0.0
2013-07-08 00:00:00+09:00,1858.6176376028807,1892.3425544142233,1821.1455078125,1821.1455078125,420200,0.0,0.0
2013-07-09 00:00:00+09:00,1851.1233712473222,1873.6066510600426,1832.3873047367217,1858.6177978515625,366400,0.0,0.0
2013-07-10 00:00:00+09:00,1866.1123631642963,1892.3428582288548,1866.1123631642963,1877.35400390625,252000,0.0,0.0
2013-07-11 00:00:00+09:00,1854.8705845494424,1888.595504268523,1821.1456648303615,1858.6177978515625,453400,0.0,0.0
2013-07-12 00:00:00+09:00,1866.1119384765625,1884.8480021158855,1847.3758748372395,1866.1119384765625,149800,0.0,0.0
2013-07-16 00:00:00+09:00,1884.8480021158855,1892.3424275716145,1862.364725748698,1866.1119384765625,227000,0.0,0.0
2013-07-17 00:00:00+09:00,1862.364705485189,1873.6063435464678,1821.1453659271667,1869.859130859375,183200,0.0,0.0
2013-07-18 00:00:00+09:00,1873.6069834770997,1911.0791231466417,1873.6069834770997,1907.3319091796875,171400,0.0,0.0
2013-07-19 00:00:00+09:00,1918.57355108055,1933.5624069483667,1884.8486253779622,1907.3319091796875,269000,0.0,0.0
2013-07-22 00:00:00+09:00,1926.0676478930616,1926.0676478930616,1896.0899413110685,1922.3204345703125,123600,0.0,0.0
2013-07-23 00:00:00+09:00,1918.5734165067179,1963.5399809560943,1903.5845616902593,1952.29833984375,200800,0.0,0.0
2013-07-24 00:00:00+09:00,1959.7922151088712,1959.7922151088712,1911.078450679779,1918.5728759765625,107200,0.0,0.0
2013-07-25 00:00:00+09:00,1918.5734406438633,1922.3206543951208,1858.6180206237425,1862.365234375,245000,0.0,0.0
2013-07-26 00:00:00+09:00,1817.398731543583,1828.640373181997,1753.6960955925708,1787.4210205078125,607800,0.0,0.0
2013-07-29 00:00:00+09:00,1764.9375587173656,1839.8818287265956,1734.9598507136736,1776.17919921875,936400,0.0,0.0
2013-07-30 00:00:00+09:00,1787.4208351135255,1828.64018351237,1787.4208351135255,1798.6624755859375,431400,0.0,0.0
2013-07-31 00:00:00+09:00,1779.9264127192116,1794.9152667210576,1757.4431317164426,1776.17919921875,481000,0.0,0.0
2013-08-01 00:00:00+09:00,1787.4206095460474,1847.3760178327075,1787.4206095460474,1839.881591796875,259400,0.0,0.0
2013-08-02 00:00:00+09:00,1873.6066648946007,1899.837158203125,1869.8594515648115,1899.837158203125,183200,0.0,0.0
2013-08-05 00:00:00+09:00,1877.35400390625,1884.8484310675524,1858.617936002994,1877.35400390625,110000,0.0,0.0
2013-08-06 00:00:00+09:00,1877.3540251464844,1881.1012387695312,1824.893034423828,1873.6068115234375,118800,0.0,0.0
2013-08-07 00:00:00+09:00,1858.6175957351434,1858.6175957351434,1824.8926796834976,1828.639892578125,181200,0.0,0.0
2013-08-08 00:00:00+09:00,1817.3988037109373,1873.607014134987,1806.1571616261274,1817.3988037109375,248400,0.0,0.0
2013-08-09 00:00:00+09:00,1817.398731543583,1817.398731543583,1783.6738066283413,1787.4210205078125,271200,0.0,0.0
2013-08-12 00:00:00+09:00,1779.9260866844047,1798.6621507547668,1761.1900226140426,1768.6844482421875,275200,0.0,0.0
2013-08-13 00:00:00+09:00,1787.4206959292765,1813.6511883223684,1764.9374167351973,1779.92626953125,148600,0.0,0.0
2013-08-14 00:00:00+09:00,1787.4211128171812,1817.3988254011172,1772.4322565252132,1813.651611328125,123200,0.0,0.0
2013-08-15 00:00:00+09:00,1798.6626838235293,1817.398753446691,1779.9266142003676,1783.673828125,123400,0.0,0.0
2013-08-16 00:00:00+09:00,1764.9374615752977,1768.6846748695127,1727.465328633147,1749.9486083984375,180800,0.0,0.0
2013-08-19 00:00:00+09:00,1742.454581291053,1787.421151130822,1738.7073671377389,1764.9378662109375,86200,0.0,0.0
2013-08-20 00:00:00+09:00,1768.6844482421873,1824.8926404532738,1764.937235428115,1768.6844482421875,174200,0.0,0.0
2013-08-21 00:00:00+09:00,1761.189817231277,1761.189817231277,1727.4649058374866,1738.70654296875,172600,0.0,0.0
2013-08-22 00:00:00+09:00,1738.7069685157921,1764.9374615752977,1723.718115338932,1749.9486083984375,143400,0.0,0.0
2013-08-23 00:00:00+09:00,1768.6851587275369,1794.9156589629029,1749.949087130847,1772.432373046875,121000,0.0,0.0
2013-08-26 00:00:00+09:00,1783.673528046373,1783.673528046373,1723.718115338932,1749.9486083984375,100400,0.0,0.0
2013-08-27 00:00:00+09:00,1742.4542870459618,1742.4542870459618,1723.7182194433171,1731.212646484375,55800,0.0,0.0
2013-08-28 00:00:00+09:00,1704.982177734375,1716.2238184666896,1678.751682692308,1704.982177734375,106000,0.0,0.0
2013-08-29 00:00:00+09:00,1708.7293111030629,1719.9709513076882,1689.993244095354,1697.4876708984375,104600,0.0,0.0
2013-08-30 00:00:00+09:00,1701.235327368384,1716.2241848782376,1663.76318359375,1663.76318359375,157600,0.0,0.0
2013-09-02 00:00:00+09:00,1675.0043904891866,1704.982097701521,1671.2571770876448,1697.4876708984375,67800,0.0,0.0
2013-09-03 00:00:00+09:00,1723.7181734125666,1768.6847344581117,1723.7181734125666,1761.1903076171875,142200,0.0,0.0
2013-09-04 00:00:00+09:00,1731.2121182145745,1746.2009677229257,1712.4760563291354,1738.70654296875,63600,0.0,0.0
2013-09-05 00:00:00+09:00,1738.707159183952,1738.707159183952,1701.2350221325737,1716.223876953125,84800,0.0,0.0
2013-09-06 00:00:00+09:00,1716.2239045610447,1727.465545857296,1678.7517669068734,1689.993408203125,73600,0.0,0.0
2013-09-09 00:00:00+09:00,1749.9483841718252,1768.6844482421873,1731.212320101463,1768.6844482421875,126200,0.0,0.0
2013-09-10 00:00:00+09:00,1776.179513258558,1809.9044407254928,1768.6850849325726,1806.1572265625,102200,0.0,0.0
2013-09-11 00:00:00+09:00,1821.1464200199398,1821.1464200199398,1783.6742714598586,1791.168701171875,69800,0.0,0.0
2013-09-12 00:00:00+09:00,1783.673936977508,1791.1683652841361,1753.6962237509952,1764.9378662109375,49800,0.0,0.0
2013-09-13 00:00:00+09:00,1742.454240514877,1783.6735881399602,1727.4653868330286,1761.1903076171875,152200,0.0,0.0
2013-09-17 00:00:00+09:00,1768.6846748695127,1798.6623812232333,1746.2013951042222,1749.9486083984375,64200,0.0,0.0
2013-09-18 00:00:00+09:00,1761.1903076171875,1772.4319478785737,1738.7070270944148,1761.1903076171875,86800,0.0,0.0
2013-09-19 00:00:00+09:00,1787.4211557475362,1806.1572265625,1749.9490141176088,1806.1572265625,112000,0.0,0.0
2013-09-20 00:00:00+09:00,1809.9043037846404,1821.1459454230542,1783.6738066283413,1787.4210205078125,154400,0.0,0.0
2013-09-24 00:00:00+09:00,1783.673299498477,1806.1565763829117,1753.6955969858977,1768.6844482421875,107200,0.0,0.0
2013-09-25 00:00:00+09:00,1779.9262258083431,1813.6511437710276,1761.1901602735184,1809.9039306640625,124800,0.0,0.0
2013-09-26 00:00:00+09:00,1811.7911800564682,1838.213134765625,1781.5946603888603,1838.213134765625,128400,17.5,0.0
2013-09-27 00:00:00+09:00,1845.7623581182763,1857.0860535668546,1834.4386626696978,1841.98779296875,100400,0.0,0.0
2013-09-30 00:00:00+09:00,1823.1148681640625,1834.4385629973797,1792.91834860855,1823.1148681640625,140000,0.0,0.0
2013-10-01 00:00:00+09:00,1815.56591796875,1830.6641792408393,1800.4676566966607,1815.56591796875,85800,0.0,0.0
2013-10-02 00:00:00+09:00,1819.340566900712,1819.340566900712,1777.8203464942642,1789.14404296875,199800,0.0,0.0
2013-10-03 00:00:00+09:00,1800.4679252560397,1838.213584066439,1792.91879349396,1796.693359375,201000,0.0,0.0
2013-10-04 00:00:00+09:00,1781.5950664144393,1811.7915929638366,1755.1731056837166,1800.4678955078125,150800,0.0,0.0
2013-10-07 00:00:00+09:00,1792.9185098676537,1811.7913362873132,1762.7219875961985,1770.2711181640625,151800,0.0,0.0
2013-10-08 00:00:00+09:00,1751.3982862903226,1762.7219821068547,1736.300025201613,1755.1728515625,119600,0.0,0.0
2013-10-09 00:00:00+09:00,1740.074653445781,1766.4966113072137,1724.9763918106767,1762.7220458984375,97000,0.0,0.0
2013-10-10 00:00:00+09:00,1762.7217802920584,1785.3691693322132,1751.398085771981,1781.5946044921875,125600,0.0,0.0
2013-10-11 00:00:00+09:00,1800.4674851811153,1838.213134765625,1800.4674851811153,1838.213134765625,196000,0.0,0.0
2013-10-15 00:00:00+09:00,1849.5369232678024,1872.1843141649592,1838.213227819224,1841.98779296875,110800,0.0,0.0
2013-10-16 00:00:00+09:00,1849.536735628858,1894.831512827932,1823.1147822627313,1834.4384765625,143800,0.0,0.0
2013-10-17 00:00:00+09:00,1849.5366294953506,1872.1840167952935,1834.4383712953884,1864.6348876953125,117200,0.0,0.0
2013-10-18 00:00:00+09:00,1894.8319344779616,1898.6065000844912,1857.0862784126634,1875.9591064453125,142000,0.0,0.0
2013-10-21 00:00:00+09:00,1887.2826043076402,1917.4791259765625,1879.7334738904096,1917.4791259765625,138600,0.0,0.0
2013-10-22 00:00:00+09:00,1917.4792237755848,1940.126616182383,1906.1555275721857,1936.35205078125,155800,0.0,0.0
2013-10-23 00:00:00+09:00,1943.9008857149527,1958.9991450214766,1804.2419871296065,1894.83154296875,255600,0.0,0.0
2013-10-24 00:00:00+09:00,1894.832397943429,1917.4797971220355,1864.6358657052865,1909.9306640625,92600,0.0,0.0
2013-10-25 00:00:00+09:00,1913.7045308097465,1913.7045308097465,1841.9877929687502,1841.98779296875,97800,0.0,0.0
2013-10-28 00:00:00+09:00,1853.311194045341,1868.409452245303,1830.663806745398,1864.6348876953125,83600,0.0,0.0
2013-10-29 00:00:00+09:00,1823.115386329746,1834.4390843814833,1815.566254295254,1819.3408203125,158400,0.0,0.0
2013-10-30 00:00:00+09:00,1841.988162157012,1872.1846894054877,1838.2135962509526,1857.08642578125,103200,0.0,0.0
2013-10-31 00:00:00+09:00,1845.762692040512,1857.086389537693,1826.8898628785437,1830.6644287109375,101400,0.0,0.0
2013-11-01 00:00:00+09:00,1838.213553694559,1849.5372511505832,1792.9187638704632,1800.4678955078125,86600,0.0,0.0
2013-11-05 00:00:00+09:00,1830.6644220572098,1830.6644220572098,1792.9187638704632,1800.4678955078125,129400,0.0,0.0
2013-11-06 00:00:00+09:00,1800.4679313218296,1838.2135902593943,1796.6933654280733,1826.889892578125,99200,0.0,0.0
2013-11-07 00:00:00+09:00,1830.6648873684296,1830.6648873684296,1792.9192195876374,1804.242919921875,90800,0.0,0.0
2013-11-08 00:00:00+09:00,1781.5947847406915,1789.1439151845082,1774.045654296875,1774.045654296875,103000,0.0,0.0
2013-11-11 00:00:00+09:00,1804.2424613264873,1815.5661587825111,1789.1441980517886,1800.4678955078125,112600,0.0,0.0
2013-11-12 00:00:00+09:00,1811.7915482954545,1879.733731356534,1811.7915482954545,1868.4100341796875,239400,0.0,0.0
2013-11-13 00:00:00+09:00,1883.5076904296875,1913.7042065087205,1872.18399690005,1883.5076904296875,173000,0.0,0.0
2013-11-14 00:00:00+09:00,1887.2826274773236,1913.7045842620062,1868.4098012025504,1898.6063232421875,136600,0.0,0.0
2013-11-15 00:00:00+09:00,1909.9299439901506,1947.6755950571496,1909.9299439901506,1940.12646484375,209600,0.0,0.0
2013-11-18 00:00:00+09:00,1943.9010299504498,1958.9992903772495,1928.80276952365,1940.12646484375,120800,0.0,0.0
2013-11-19 00:00:00+09:00,1936.351981439534,1940.126546705498,1909.930024577786,1913.70458984375,96800,0.0,0.0
2013-11-20 00:00:00+09:00,1917.4797971220355,1925.0289301815712,1887.2832648838933,1909.9306640625,83600,0.0,0.0
2013-11-21 00:00:00+09:00,1909.9302093565816,1928.803037512279,1898.6065124631632,1921.25390625,94200,0.0,0.0
2013-11-22 00:00:00+09:00,1928.8028216024084,1928.8028216024084,1906.1554303507166,1917.4791259765625,112400,0.0,0.0
2013-11-25 00:00:00+09:00,1925.028354577851,1936.35205078125,1913.7046583744518,1936.35205078125,109000,0.0,0.0
2013-11-26 00:00:00+09:00,1913.7046007471176,1951.4502536218142,1898.606339597239,1943.901123046875,185200,0.0,0.0
2013-11-27 00:00:00+09:00,1943.9012405783697,1943.9012405783697,1917.4792819685665,1928.802978515625,93600,0.0,0.0
2013-11-28 00:00:00+09:00,1925.0284718811395,1932.5776031434184,1906.1556437254421,1921.25390625,49400,0.0,0.0
2013-11-29 00:00:00+09:00,1909.9306640625,1909.9306640625,1875.95956529459,1909.9306640625,172000,0.0,0.0
2013-12-02 00:00:00+09:00,1925.0284718811395,1928.803037512279,1891.057381200884,1921.25390625,129600,0.0,0.0
2013-12-03 00:00:00+09:00,1928.8028216024084,1932.5773868110236,1906.1554303507166,1917.4791259765625,123400,0.0,0.0
2013-12-04 00:00:00+09:00,1902.381099609375,1928.803059326172,1887.2828369140627,1887.2828369140625,150600,0.0,0.0
2013-12-05 00:00:00+09:00,1913.7045430829448,1921.253673430412,1872.184326171875,1872.184326171875,204400,0.0,0.0
2013-12-06 00:00:00+09:00,1875.958791200595,1875.958791200595,1838.213141478249,1853.3114013671875,159600,0.0,0.0
2013-12-09 00:00:00+09:00,1875.9588913456087,1894.8317172142768,1857.0860654769406,1872.184326171875,106400,0.0,0.0
2013-12-10 00:00:00+09:00,1883.5080216930758,1883.5080216930758,1857.0860654769406,1872.184326171875,106400,0.0,0.0
2013-12-11 00:00:00+09:00,1879.7334212173555,1883.5079863202016,1849.5369003945866,1860.860595703125,97400,0.0,0.0
2013-12-12 00:00:00+09:00,1849.537109375,1853.3116749043368,1834.4388472576532,1849.537109375,126200,0.0,0.0
2013-12-13 00:00:00+09:00,1830.6640975201717,1868.4097490154331,1823.1149672211195,1841.98779296875,317600,0.0,0.0
2013-12-16 00:00:00+09:00,1857.08595955788,1868.4096544332328,1834.4385698071742,1838.213134765625,178200,0.0,0.0
2013-12-17 00:00:00+09:00,1841.9877640113755,1845.7623291015627,1830.6640687408137,1845.7623291015625,172400,0.0,0.0
2013-12-18 00:00:00+09:00,1838.2135962509526,1860.8609916873095,1838.2135962509526,1857.08642578125,141000,0.0,0.0
2013-12-19 00:00:00+09:00,1879.7337055664063,1902.381099609375,1872.1845742187502,1887.2828369140625,205800,0.0,0.0
2013-12-20 00:00:00+09:00,1883.5082970821495,1883.5082970821495,1857.0863370028408,1868.4100341796875,136400,0.0,0.0
2013-12-24 00:00:00+09:00,1868.4096612561257,1868.4096612561257,1845.7622714227182,1853.3114013671875,133000,0.0,0.0
2013-12-25 00:00:00+09:00,1853.3118237052995,1860.860955370087,1811.791599548969,1830.6644287109375,123800,0.0,0.0
2013-12-26 00:00:00+09:00,1845.7623699557396,1879.733456519342,1838.2132396082725,1872.184326171875,106200,0.0,0.0
2013-12-27 00:00:00+09:00,1879.733676202283,1891.0573730468752,1868.409979357691,1891.057373046875,86000,0.0,0.0
2013-12-30 00:00:00+09:00,1906.1556437254421,1925.0284718811395,1894.8319468320237,1921.25390625,114800,0.0,0.0
2014-01-06 00:00:00+09:00,1917.4792237755848,1940.126616182383,1898.6063967699197,1936.35205078125,175400,0.0,0.0
2014-01-07 00:00:00+09:00,1932.577485380117,1943.901181583516,1909.9300929733188,1936.35205078125,146400,0.0,0.0
2014-01-08 00:00:00+09:00,1947.6754225510817,1962.773681640625,1932.5771634615385,1962.773681640625,163000,0.0,0.0
2014-01-09 00:00:00+09:00,1966.5482464130107,1981.646505502554,1943.9008577786958,1962.773681640625,154000,0.0,0.0
2014-01-10 00:00:00+09:00,1943.9015261573938,1985.4217529296875,1936.3523940169766,1985.4217529296875,157200,0.0,0.0
2014-01-14 00:00:00+09:00,1966.548549578457,1981.6468109955658,1936.3520267442386,1955.224853515625,181200,0.0,0.0
2014-01-15 00:00:00+09:00,1974.0980198737054,1974.0980198737054,1917.4795298199663,1958.999755859375,186600,0.0,0.0
2014-01-16 00:00:00+09:00,1977.8722701937133,1985.4214009959796,1928.802919978984,1936.35205078125,203200,0.0,0.0
2014-01-17 00:00:00+09:00,1928.8028960356842,1962.7739842241795,1928.8028960356842,1955.224853515625,105000,0.0,0.0
2014-01-20 00:00:00+09:00,1958.9993841967535,1958.9993841967535,1940.1265577594052,1943.901123046875,105600,0.0,0.0
2014-01-21 00:00:00+09:00,1943.9011574527933,1970.3231149327341,1940.1265920985159,1955.224853515625,96200,0.0,0.0
2014-01-22 00:00:00+09:00,1955.2251898557922,1966.54888786654,1932.5777938342967,1958.999755859375,152400,0.0,0.0
2014-01-23 00:00:00+09:00,1958.9994083180147,1970.323104319853,1925.0283203125,1925.0283203125,179800,0.0,0.0
2014-01-24 00:00:00+09:00,1894.8317172142768,1906.1554127354775,1860.860630650674,1872.184326171875,195200,0.0,0.0
2014-01-27 00:00:00+09:00,1830.6644523043592,1841.9881499474789,1796.693359375,1796.693359375,164400,0.0,0.0
2014-01-28 00:00:00+09:00,1804.2427046858484,1808.017271013643,1785.369873046875,1785.369873046875,148800,0.0,0.0
2014-01-29 00:00:00+09:00,1808.0166083863062,1830.6639980529405,1808.0166083863062,1823.1148681640625,104200,0.0,0.0
2014-01-30 00:00:00+09:00,1800.4679252560397,1815.5661887801996,1785.3696617318801,1796.693359375,167000,0.0,0.0
2014-01-31 00:00:00+09:00,1796.693572030259,1811.7918373414377,1762.722475080107,1785.369873046875,149600,0.0,0.0
2014-02-03 00:00:00+09:00,1774.0457421247659,1789.1440037598702,1758.9474804896615,1762.7220458984375,126400,0.0,0.0
2014-02-04 00:00:00+09:00,1740.0749723417266,1747.6241045427753,1668.3582164317638,1675.9073486328125,296800,0.0,0.0
2014-02-05 00:00:00+09:00,1698.5544727214992,1724.9764311860558,1664.5833832670692,1694.7799072265625,187000,0.0,0.0
2014-02-06 00:00:00+09:00,1702.32901363961,1724.9764062822653,1679.6816209969543,1713.6527099609375,133400,0.0,0.0
2014-02-07 00:00:00+09:00,1736.3002337831438,1743.849365234375,1713.6528394294508,1743.849365234375,103000,0.0,0.0
2014-02-10 00:00:00+09:00,1789.1439935023488,1789.1439935023488,1721.2018165339052,1732.5255126953125,130800,0.0,0.0
2014-02-12 00:00:00+09:00,1755.172964550995,1762.7220955813218,1717.4273093993606,1724.9764404296875,136000,0.0,0.0
2014-02-13 00:00:00+09:00,1736.3001838494638,1736.3001838494638,1668.3580027423109,1672.132568359375,313000,0.0,0.0
2014-02-14 00:00:00+09:00,1668.357585200557,1687.2304085625542,1615.5136797869648,1630.6119384765625,294400,0.0,0.0
2014-02-17 00:00:00+09:00,1634.3869121887344,1679.681699593503,1623.0632153375423,1672.132568359375,149400,0.0,0.0
2014-02-18 00:00:00+09:00,1675.9070602483625,1732.5255420135097,1664.583363895333,1728.7509765625,211400,0.0,0.0
2014-02-19 00:00:00+09:00,1728.7509473081768,1743.8492088567198,1713.6526857596336,1732.5255126953125,135200,0.0,0.0
2014-02-20 00:00:00+09:00,1732.52540157301,1736.2999667180493,1679.6814895424607,1683.4560546875,133600,0.0,0.0
2014-02-21 00:00:00+09:00,1698.5544291222327,1747.623779296875,1698.5544291222327,1747.623779296875,107000,0.0,0.0
2014-02-24 00:00:00+09:00,1747.623704114497,1762.7219650571708,1698.554356050807,1709.8780517578125,121600,0.0,0.0
2014-02-25 00:00:00+09:00,1740.0746485007762,1751.3983446949244,1724.9763869085784,1747.623779296875,85400,0.0,0.0
2014-02-26 00:00:00+09:00,1721.2018114697803,1740.0746383499313,1717.42724609375,1717.42724609375,134800,0.0,0.0
2014-02-27 00:00:00+09:00,1709.8783223288399,1717.427453994751,1683.4563614981514,1691.0054931640625,131400,0.0,0.0
2014-02-28 00:00:00+09:00,1694.7797209805824,1702.3288511408523,1672.1323304997727,1687.2305908203125,173600,0.0,0.0
2014-03-03 00:00:00+09:00,1668.3577016766153,1687.230526356215,1626.837487381496,1679.681396484375,189400,0.0,0.0
2014-03-04 00:00:00+09:00,1683.4560951081332,1717.4271822291494,1672.1323994011277,1709.8780517578125,117200,0.0,0.0
2014-03-05 00:00:00+09:00,1736.3001074645197,1770.271196523608,1721.2018456604803,1728.7509765625,175000,0.0,0.0
2014-03-06 00:00:00+09:00,1728.7509473081768,1740.074643469584,1713.6526857596336,1732.5255126953125,117000,0.0,0.0
2014-03-07 00:00:00+09:00,1755.17251376448,1766.4962074016703,1732.5251264900996,1751.39794921875,137200,0.0,0.0
2014-03-10 00:00:00+09:00,1740.074643469584,1747.6237742438555,1724.976381921041,1732.5255126953125,105400,0.0,0.0
2014-03-11 00:00:00+09:00,1751.3982862903226,1762.7219821068547,1736.300025201613,1755.1728515625,106000,0.0,0.0
2014-03-12 00:00:00+09:00,1732.525472725387,1732.525472725387,1698.5543850248894,1706.103515625,114800,0.0,0.0
2014-03-13 00:00:00+09:00,1702.32901363961,1728.7509717227078,1694.7798827587246,1713.6527099609375,132000,0.0,0.0
2014-03-14 00:00:00+09:00,1691.005362215909,1694.7799277565696,1660.8088378906248,1660.808837890625,246600,0.0,0.0
2014-03-17 00:00:00+09:00,1645.710284181964,1645.710284181964,1604.1900705902171,1619.288330078125,274200,0.0,0.0
2014-03-18 00:00:00+09:00,1649.4849853515625,1668.3578112709167,1638.1612897999498,1649.4849853515625,149400,0.0,0.0
2014-03-19 00:00:00+09:00,1653.2593921010946,1660.8085217453918,1623.0628735239056,1638.1611328125,167400,0.0,0.0
2014-03-20 00:00:00+09:00,1645.7105877382535,1653.2597188746674,1596.6412353515625,1596.6412353515625,244000,0.0,0.0
2014-03-24 00:00:00+09:00,1604.1903547807171,1672.1325345126063,1600.4157892400567,1660.808837890625,373400,0.0,0.0
2014-03-25 00:00:00+09:00,1664.583564572218,1743.8494485994663,1649.48530094798,1702.3292236328125,334000,0.0,0.0
2014-03-26 00:00:00+09:00,1717.427140992853,1736.2999667180493,1672.1323592523822,1683.4560546875,333800,0.0,0.0
2014-03-27 00:00:00+09:00,1694.8821454343545,1729.160660735274,1664.4123540557591,1721.543212890625,286000,20.0,0.0
2014-03-28 00:00:00+09:00,1725.3518651602326,1755.8216552734375,1721.543141396082,1755.8216552734375,212000,0.0,0.0
2014-03-31 00:00:00+09:00,1767.2476806640625,1771.0564041137695,1736.7778930664062,1767.2476806640625,223600,0.0,0.0
2014-04-01 00:00:00+09:00,1771.0570247641906,1782.483199117508,1744.395951273117,1763.4395751953125,214400,0.0,0.0
2014-04-02 00:00:00+09:00,1771.0568334494428,1824.3789746715765,1763.4393847034237,1793.9091796875,234600,0.0,0.0
2014-04-03 00:00:00+09:00,1809.1438802083333,1847.2311197916665,1805.33515625,1828.1875,235800,0.0,0.0
2014-04-04 00:00:00+09:00,1820.5699383888962,1835.8048332708115,1812.9524909479383,1824.378662109375,170200,0.0,0.0
2014-04-07 00:00:00+09:00,1797.7179040605097,1816.7615259255574,1790.1004553144905,1793.9091796875,174400,0.0,0.0
2014-04-08 00:00:00+09:00,1774.8651275634766,1790.1000213623047,1752.0127868652344,1767.2476806640625,201600,0.0,0.0
2014-04-09 00:00:00+09:00,1740.587061945037,1748.2045107938118,1713.9259909743253,1729.160888671875,244200,0.0,0.0
2014-04-10 00:00:00+09:00,1744.3957863694245,1759.630684066974,1725.3521642474875,1729.160888671875,121800,0.0,0.0
2014-04-11 00:00:00+09:00,1698.691170887465,1713.9260692810744,1683.4562724938553,1694.8824462890625,187200,0.0,0.0
2014-04-14 00:00:00+09:00,1691.0736169406039,1717.7346874779557,1683.4561682156461,1687.264892578125,162600,0.0,0.0
2014-04-15 00:00:00+09:00,1702.5000272183804,1710.1174770045923,1679.6476778597444,1691.0738525390625,170000,0.0,0.0
2014-04-16 00:00:00+09:00,1713.9258535284744,1736.7781982421875,1706.3084052905701,1736.7781982421875,163000,0.0,0.0
2014-04-17 00:00:00+09:00,1740.5870361328125,1752.013209236529,1721.543414293285,1740.5870361328125,136400,0.0,0.0
2014-04-18 00:00:00+09:00,1744.3956464800917,1744.3956464800917,1725.352025885331,1736.7781982421875,96200,0.0,0.0
2014-04-21 00:00:00+09:00,1744.395654833448,1759.6305513822115,1732.969482421875,1732.969482421875,117200,0.0,0.0
2014-04-22 00:00:00+09:00,1740.586832502247,1744.3955564245714,1717.7344889683006,1721.543212890625,83200,0.0,0.0
2014-04-23 00:00:00+09:00,1744.3960605122297,1744.3960605122297,1713.92626032861,1717.7349853515625,82800,0.0,0.0
2014-04-24 00:00:00+09:00,1725.352025885331,1740.5869223611396,1725.352025885331,1736.7781982421875,121200,0.0,0.0
2014-04-25 00:00:00+09:00,1732.9697001761224,1763.439497102296,1729.1609755603506,1744.3958740234375,105600,0.0,0.0
2014-04-28 00:00:00+09:00,1721.5433100103023,1732.969482421875,1698.6909651871567,1732.969482421875,97800,0.0,0.0
2014-04-30 00:00:00+09:00,1732.9693126885338,1759.6303790375882,1732.9693126885338,1755.8216552734375,207800,0.0,0.0
2014-05-01 00:00:00+09:00,1767.2480134882478,1786.2916343232505,1752.0131168202456,1782.48291015625,132600,0.0,0.0
2014-05-02 00:00:00+09:00,1782.483208198052,1782.483208198052,1748.204684963474,1759.630859375,86800,0.0,0.0
2014-05-07 00:00:00+09:00,1736.7785888671876,1740.5873138427735,1675.8389892578125,1675.8389892578125,193200,0.0,0.0
2014-05-08 00:00:00+09:00,1679.6474438531673,1702.4997900280403,1679.6474438531673,1687.264892578125,146600,0.0,0.0
2014-05-09 00:00:00+09:00,1683.4562379289046,1729.1609321713183,1683.4562379289046,1710.1173095703125,126000,0.0,0.0
2014-05-12 00:00:00+09:00,1694.8823413030827,1710.117238752998,1687.264892578125,1687.264892578125,107800,0.0,0.0
2014-05-13 00:00:00+09:00,1721.5434398231002,1732.9696130962623,1710.117266549938,1729.160888671875,122200,0.0,0.0
2014-05-14 00:00:00+09:00,1729.160888671875,1732.9696130962623,1710.117266549938,1729.160888671875,71200,0.0,0.0
2014-05-15 00:00:00+09:00,1721.543212890625,1732.9693846575983,1698.6908693566788,1721.543212890625,94200,0.0,0.0
2014-05-16 00:00:00+09:00,1710.1171540856099,1732.96949912907,1683.4560848682395,1725.35205078125,220000,0.0,0.0
2014-05-19 00:00:00+09:00,1725.35205078125,1759.6305683464404,1717.73460243343,1725.35205078125,221200,0.0,0.0
2014-05-20 00:00:00+09:00,1744.3960605122297,1744.3960605122297,1717.7349853515625,1717.7349853515625,113200,0.0,0.0
2014-05-21 00:00:00+09:00,1706.308810282705,1717.7349853515625,1698.6913602368002,1717.7349853515625,89000,0.0,0.0
2014-05-22 00:00:00+09:00,1721.5436113365802,1763.4395841788419,1702.4999873173701,1759.630859375,173400,0.0,0.0
2014-05-23 00:00:00+09:00,1767.2480134882478,1809.1439793252537,1767.2480134882478,1782.48291015625,187600,0.0,0.0
2014-05-26 00:00:00+09:00,1812.9530523631197,1843.4228515624998,1809.1443274631972,1843.4228515625,214800,0.0,0.0
2014-05-27 00:00:00+09:00,1847.2314453125,1862.4663438305413,1843.4227206829898,1847.2314453125,210800,0.0,0.0
2014-05-28 00:00:00+09:00,1862.4663438305413,1862.4663438305413,1847.2314453125,1847.2314453125,157200,0.0,0.0
2014-05-29 00:00:00+09:00,1851.040265192751,1862.4664396692494,1839.6140907162526,1858.65771484375,191600,0.0,0.0
2014-05-30 00:00:00+09:00,1858.65771484375,1870.0838893202485,1847.2315403672515,1858.65771484375,181800,0.0,0.0
2014-06-02 00:00:00+09:00,1866.2746265735702,1885.3182452120761,1862.465902845869,1881.509521484375,159600,0.0,0.0
2014-06-03 00:00:00+09:00,1900.5535275839209,1900.5535275839209,1873.8924560546875,1873.8924560546875,128600,0.0,0.0
2014-06-04 00:00:00+09:00,1877.7012939453123,1881.5100186794814,1858.6576702744674,1877.7012939453125,128600,0.0,0.0
2014-06-05 00:00:00+09:00,1885.3189697265625,1892.936420109296,1877.701519343829,1885.3189697265625,108000,0.0,0.0
2014-06-06 00:00:00+09:00,1896.7448818889902,1896.7448818889902,1889.1274325641348,1892.9361572265625,150200,0.0,0.0
2014-06-09 00:00:00+09:00,1896.7445068359375,1908.1706785638648,1889.1270590173192,1896.7445068359375,153000,0.0,0.0
2014-06-10 00:00:00+09:00,1904.3619546545556,1931.0230220197195,1896.7445068359375,1896.7445068359375,178600,0.0,0.0
2014-06-11 00:00:00+09:00,1915.788238644136,1961.4929282340559,1911.979514511643,1957.6842041015625,279200,0.0,0.0
2014-06-12 00:00:00+09:00,1946.258489671482,1972.9195648724613,1934.832314585348,1969.11083984375,201000,0.0,0.0
2014-06-13 00:00:00+09:00,1950.0665944123316,1980.5363849500243,1938.6404229606967,1976.7276611328125,249400,0.0,0.0
2014-06-16 00:00:00+09:00,1969.1098927875244,1969.1098927875244,1942.4488304093566,1953.875,115400,0.0,0.0
2014-06-17 00:00:00+09:00,1957.6840420467547,1980.5363849500243,1953.8753182295432,1976.7276611328125,177800,0.0,0.0
2014-06-18 00:00:00+09:00,1980.5365139100609,2033.858650823024,1980.5365139100609,2030.0499267578125,278200,0.0,0.0
2014-06-19 00:00:00+09:00,2026.2412026926008,2037.6673748882356,2003.3888583013309,2030.0499267578125,304400,0.0,0.0
2014-06-20 00:00:00+09:00,2026.2412192134534,2026.2412192134534,2007.1975987321239,2022.4324951171875,215600,0.0,0.0
2014-06-23 00:00:00+09:00,2030.0499516325176,2037.6673998562794,2007.1976069612324,2018.623779296875,133200,0.0,0.0
2014-06-24 00:00:00+09:00,2022.4324786273892,2041.4760989534473,2007.1975823665425,2030.0499267578125,219200,0.0,0.0
2014-06-25 00:00:00+09:00,2037.666892144913,2060.519231122239,2026.2407226562498,2026.24072265625,167400,0.0,0.0
2014-06-26 00:00:00+09:00,2045.2851043297348,2045.2851043297348,2011.0065830281192,2014.8153076171875,92600,0.0,0.0
2014-06-27 00:00:00+09:00,2014.815246114329,2014.815246114329,1969.110552440658,1988.1541748046875,92600,0.0,0.0
2014-06-30 00:00:00+09:00,1995.7711625117042,2033.8583984375,1980.5362681413858,2033.8583984375,99400,0.0,0.0
2014-07-01 00:00:00+09:00,2018.624177155671,2064.3288755063654,2018.624177155671,2056.71142578125,121800,0.0,0.0
2014-07-02 00:00:00+09:00,2018.6240660149003,2071.9462111549165,2018.6240660149003,2052.902587890625,101200,0.0,0.0
2014-07-03 00:00:00+09:00,2068.1374865020584,2068.1374865020584,2041.47641393205,2052.902587890625,98000,0.0,0.0
2014-07-04 00:00:00+09:00,2068.1374687716616,2071.946193391867,2052.902570290839,2060.52001953125,115800,0.0,0.0
2014-07-07 00:00:00+09:00,2041.476082432827,2056.7109785703856,2033.858634364048,2037.6673583984375,94800,0.0,0.0
2014-07-08 00:00:00+09:00,2033.8581689820253,2052.9017847964637,2022.4319994933621,2026.24072265625,160000,0.0,0.0
2014-07-09 00:00:00+09:00,2011.0063064317542,2041.4760989534473,2003.3888583013309,2030.0499267578125,137400,0.0,0.0
2014-07-10 00:00:00+09:00,2045.2843384706882,2049.093061633576,2018.6232763304745,2026.24072265625,117200,0.0,0.0
2014-07-11 00:00:00+09:00,2007.1981108694367,2018.624286073627,1991.9632105971828,2011.0068359375,184000,0.0,0.0
2014-07-14 00:00:00+09:00,2011.0063064317542,2030.0499267578125,2003.3888583013309,2030.0499267578125,96400,0.0,0.0
2014-07-15 00:00:00+09:00,2033.8588522304833,2056.7111988847582,2033.8588522304833,2049.09375,85400,0.0,0.0
2014-07-16 00:00:00+09:00,2049.093976056134,2068.1376003689234,2037.6678014684605,2056.71142578125,124200,0.0,0.0
2014-07-17 00:00:00+09:00,2060.5200371963415,2064.3287618492,2049.0938632377665,2052.902587890625,111200,0.0,0.0
2014-07-18 00:00:00+09:00,2037.6673998562794,2037.6673998562794,2011.0063310731132,2018.623779296875,142400,0.0,0.0
2014-07-22 00:00:00+09:00,2041.4761217029818,2075.754638671875,2037.667397595327,2075.754638671875,122600,0.0,0.0
2014-07-23 00:00:00+09:00,2079.563660460633,2087.18110976635,2052.902587890625,2052.902587890625,151600,0.0,0.0
2014-07-24 00:00:00+09:00,2056.710739992978,2064.328187178137,2018.6235040671818,2033.8583984375,120800,0.0,0.0
2014-07-25 00:00:00+09:00,2033.8589821927376,2052.9026056215084,2014.8153587639665,2045.28515625,118800,0.0,0.0
2014-07-28 00:00:00+09:00,2052.902294025946,2075.754638671875,2045.2848458106366,2075.754638671875,85200,0.0,0.0
2014-07-29 00:00:00+09:00,2075.7549180120727,2075.7549180120727,2049.093845670633,2060.52001953125,115200,0.0,0.0
2014-07-30 00:00:00+09:00,2041.4763790573204,2071.9461757596687,2041.4763790573204,2068.137451171875,85800,0.0,0.0
2014-07-31 00:00:00+09:00,2083.372367252484,2094.798541113101,2060.52001953125,2060.52001953125,98400,0.0,0.0
2014-08-01 00:00:00+09:00,2056.7110320060483,2144.3116870729727,2049.0935837393595,2125.26806640625,298000,0.0,0.0
2014-08-04 00:00:00+09:00,2110.0332368607956,2113.8419611150566,2079.5634428267044,2094.79833984375,190400,0.0,0.0
2014-08-05 00:00:00+09:00,2087.1809944237916,2094.7984433085503,2037.6675766728624,2049.09375,183000,0.0,0.0
2014-08-06 00:00:00+09:00,2041.4758456226593,2064.328187178137,2022.4322276597613,2033.8583984375,210400,0.0,0.0
2014-08-07 00:00:00+09:00,2037.6678014684605,2056.71142578125,2007.1980025679975,2056.71142578125,131400,0.0,0.0
2014-08-08 00:00:00+09:00,2052.902464192708,2060.5199130394344,1999.580322265625,1999.580322265625,212800,0.0,0.0
2014-08-11 00:00:00+09:00,2037.6678014684605,2056.71142578125,2018.624177155671,2056.71142578125,93000,0.0,0.0
2014-08-12 00:00:00+09:00,2075.7545085529705,2098.6068517663975,2071.945784684066,2079.563232421875,177000,0.0,0.0
2014-08-13 00:00:00+09:00,2087.1810994613043,2121.4596211677854,2075.754925559144,2110.033447265625,162000,0.0,0.0
2014-08-14 00:00:00+09:00,2121.459342272906,2144.3116870729727,2110.033169872872,2125.26806640625,157000,0.0,0.0
2014-08-15 00:00:00+09:00,2113.8418940062165,2129.0767905395946,2110.033169872872,2125.26806640625,97000,0.0,0.0
2014-08-18 00:00:00+09:00,2136.6945019179966,2144.3119511226955,2113.8421543039008,2117.65087890625,130600,0.0,0.0
2014-08-19 00:00:00+09:00,2140.503381735866,2159.547006128533,2129.077207100265,2155.73828125,115400,0.0,0.0
2014-08-20 00:00:00+09:00,2155.737923465155,2170.972820450774,2136.69430223313,2151.92919921875,166600,0.0,0.0
2014-08-21 00:00:00+09:00,2170.9732391197645,2182.3994140625,2151.929614215205,2182.3994140625,194000,0.0,0.0
2014-08-22 00:00:00+09:00,2205.25146484375,2220.486362701047,2201.4427403794257,2205.25146484375,251600,0.0,0.0
2014-08-25 00:00:00+09:00,2224.295087165371,2224.295087165371,2193.825291450777,2205.25146484375,198000,0.0,0.0
2014-08-26 00:00:00+09:00,2212.868619791667,2212.868619791667,2167.1639322916667,2170.97265625,182400,0.0,0.0
2014-08-27 00:00:00+09:00,2174.7812818631505,2182.3987294353506,2148.12021536045,2159.54638671875,152400,0.0,0.0
2014-08-28 00:00:00+09:00,2167.16383429095,2167.16383429095,2144.31149157435,2159.54638671875,124800,0.0,0.0
2014-08-29 00:00:00+09:00,2140.503304819797,2155.7382037864863,2132.8858553364526,2136.694580078125,70200,0.0,0.0
2014-09-01 00:00:00+09:00,2136.694580078125,2140.503304819797,2117.6509563697637,2136.694580078125,91800,0.0,0.0
2014-09-02 00:00:00+09:00,2148.1204250355736,2186.2076666142184,2136.69425256198,2174.781494140625,132600,0.0,0.0
2014-09-03 00:00:00+09:00,2197.6341820693597,2212.869081078506,2178.5905583079266,2186.2080078125,102200,0.0,0.0
2014-09-04 00:00:00+09:00,2186.208139043412,2201.4430389670592,2170.9732391197645,2182.3994140625,69800,0.0,0.0
2014-09-05 00:00:00+09:00,2209.060062914823,2209.060062914823,2148.120474972345,2151.92919921875,78600,0.0,0.0
2014-09-08 00:00:00+09:00,2174.781927839309,2205.2517271785637,2155.7383032522744,2197.63427734375,83800,0.0,0.0
2014-09-09 00:00:00+09:00,2209.060277419266,2209.060277419266,2163.355582024385,2167.164306640625,70000,0.0,0.0
2014-09-10 00:00:00+09:00,2159.546676635742,2193.8251953125,2151.9292280409068,2193.8251953125,91600,0.0,0.0
2014-09-11 00:00:00+09:00,2201.4426101158406,2216.6775070716594,2197.633885876886,2209.06005859375,68600,0.0,0.0
2014-09-12 00:00:00+09:00,2197.6340159151014,2209.0601893080743,2182.399118057804,2205.25146484375,214800,0.0,0.0
2014-09-16 00:00:00+09:00,2201.4427751358694,2201.4427751358694,2178.59042798913,2190.0166015625,78800,0.0,0.0
2014-09-17 00:00:00+09:00,2201.442216040383,2201.442216040383,2159.5462569115866,2163.35498046875,72000,0.0,0.0
2014-09-18 00:00:00+09:00,2170.9730312568654,2186.2079297218256,2159.546857408145,2167.164306640625,194800,0.0,0.0
2014-09-19 00:00:00+09:00,2178.59042798913,2201.4427751358694,2170.972978940217,2190.0166015625,136800,0.0,0.0
2014-09-22 00:00:00+09:00,2190.0164042433644,2224.294921875,2190.0164042433644,2224.294921875,138200,0.0,0.0
2014-09-24 00:00:00+09:00,2216.677473512414,2231.9123702375855,2209.0600251498286,2224.294921875,81800,0.0,0.0
2014-09-25 00:00:00+09:00,2235.7213303911467,2281.426025390625,2231.912605807857,2281.426025390625,138000,0.0,0.0
2014-09-26 00:00:00+09:00,2243.082948022959,2273.7575866284014,2243.082948022959,2254.5859375,131800,20.0,0.0
2014-09-29 00:00:00+09:00,2262.25439453125,2262.25439453125,2235.414088155456,2262.25439453125,90400,0.0,0.0
2014-09-30 00:00:00+09:00,2250.7509009549362,2262.253886820123,2193.2359716290007,2216.241943359375,165000,0.0,0.0
2014-10-01 00:00:00+09:00,2227.745487349606,2273.7574423378937,2227.745487349606,2250.75146484375,175400,0.0,0.0
2014-10-02 00:00:00+09:00,2231.579905228258,2231.579905228258,2151.0589808128057,2154.893310546875,212200,0.0,0.0
2014-10-03 00:00:00+09:00,2143.390380859375,2170.230689743124,2135.721721178304,2143.390380859375,115400,0.0,0.0
2014-10-06 00:00:00+09:00,2181.7332696457315,2181.7332696457315,2151.0586366805896,2158.727294921875,117800,0.0,0.0
2014-10-07 00:00:00+09:00,2177.8991113452275,2216.2424055590523,2174.064781923845,2189.402099609375,215200,0.0,0.0
2014-10-08 00:00:00+09:00,2151.058779452709,2170.230426328402,2131.887132577017,2162.561767578125,199800,0.0,0.0
2014-10-09 00:00:00+09:00,2162.5619700150132,2162.5619700150132,2131.88733214246,2154.893310546875,261200,0.0,0.0
2014-10-10 00:00:00+09:00,2116.5498046875,2135.7214514690895,2101.2124872622285,2116.5498046875,193000,0.0,0.0
2014-10-14 00:00:00+09:00,2066.703512460214,2093.54381781684,2051.3661951135705,2070.537841796875,202600,0.0,0.0
2014-10-15 00:00:00+09:00,2085.874899655963,2116.5495305332565,2059.0345976383314,2089.709228515625,220400,0.0,0.0
2014-10-16 00:00:00+09:00,2036.028985385237,2047.5319740032328,1993.8513604525863,2001.52001953125,209400,0.0,0.0
2014-10-17 00:00:00+09:00,2013.022917509079,2020.691576242447,1959.3423063755035,1963.1766357421875,250000,0.0,0.0
2014-10-20 00:00:00+09:00,2013.0229330962559,2036.0289094744987,2001.5199449071345,2032.194580078125,179200,0.0,0.0
2014-10-21 00:00:00+09:00,2032.1944885253906,2039.8631469726563,1993.8511962890625,1993.8511962890625,175000,0.0,0.0
2014-10-22 00:00:00+09:00,2039.8631650789962,2070.5377991403343,2032.1945065636617,2062.869140625,149000,0.0,0.0
2014-10-23 00:00:00+09:00,2043.6974519188723,2070.537756165462,2020.691476850367,2055.200439453125,199800,0.0,0.0
2014-10-24 00:00:00+09:00,2085.8751591435184,2089.709488480179,2066.703512460214,2070.537841796875,152800,0.0,0.0
2014-10-27 00:00:00+09:00,2082.0408562864204,2097.378173828125,2062.8692093592895,2097.378173828125,172200,0.0,0.0
2014-10-28 00:00:00+09:00,2093.543786399148,2116.549762073864,2093.543786399148,2108.881103515625,99200,0.0,0.0
2014-10-29 00:00:00+09:00,2131.8869910773756,2166.395953163161,2124.21833283609,2158.727294921875,196200,0.0,0.0
2014-10-30 00:00:00+09:00,2166.3956712768977,2220.076271981104,2162.5613426551686,2216.241943359375,410200,0.0,0.0
2014-10-31 00:00:00+09:00,2227.7455816501524,2365.781452458079,2227.7455816501524,2358.11279296875,537000,0.0,0.0
2014-11-04 00:00:00+09:00,2427.1302414305474,2438.633228356758,2384.9526227011065,2404.124267578125,423400,0.0,0.0
2014-11-05 00:00:00+09:00,2411.792380874876,2434.79834953187,2377.2834278893847,2415.626708984375,391800,0.0,0.0
2014-11-06 00:00:00+09:00,2430.964348346333,2442.467334221789,2361.946433093598,2365.78076171875,331400,0.0,0.0
2014-11-07 00:00:00+09:00,2384.952750111078,2427.13037109375,2381.1184209308353,2427.13037109375,257000,0.0,0.0
2014-11-10 00:00:00+09:00,2415.627668245571,2438.633646038386,2404.124679349163,2434.79931640625,148600,0.0,0.0
2014-11-11 00:00:00+09:00,2430.964166656349,2430.964166656349,2388.7865549320272,2419.461181640625,305600,0.0,0.0
2014-11-12 00:00:00+09:00,2427.130401660313,2442.467718574438,2381.1184509179375,2388.787109375,309000,0.0,0.0
2014-11-13 00:00:00+09:00,2400.2899247181567,2427.1302273907236,2373.4496220455894,2423.2958984375,328400,0.0,0.0
2014-11-14 00:00:00+09:00,2457.8050443497173,2499.982666015625,2446.3020566226514,2499.982666015625,455400,0.0,0.0
2014-11-17 00:00:00+09:00,2526.8229616021267,2542.160278516252,2384.9527801464687,2388.787109375,300000,0.0,0.0
2014-11-18 00:00:00+09:00,2415.627240531052,2450.1362011100673,2404.1242536713803,2423.2958984375,323000,0.0,0.0
2014-11-19 00:00:00+09:00,2434.7990294542356,2461.639333715936,2423.296041913507,2427.13037109375,188400,0.0,0.0
2014-11-20 00:00:00+09:00,2442.4680772655015,2453.9710666403785,2423.296428307374,2430.965087890625,156000,0.0,0.0
2014-11-21 00:00:00+09:00,2446.3024070571273,2446.3024070571273,2400.2904495576204,2430.965087890625,248800,0.0,0.0
2014-11-25 00:00:00+09:00,2434.7986965452355,2453.970339825119,2411.792724609375,2411.792724609375,178400,0.0,0.0
2014-11-26 00:00:00+09:00,2407.9588998647837,2427.1305471567007,2392.62158203125,2392.62158203125,153000,0.0,0.0
2014-11-27 00:00:00+09:00,2388.786790481219,2392.6211191978828,2354.27783203125,2354.27783203125,191400,0.0,0.0
2014-11-28 00:00:00+09:00,2377.284121689406,2404.124426289125,2365.7811340038124,2388.787109375,232800,0.0,0.0
2014-12-01 00:00:00+09:00,2384.9529231144834,2407.9588998647837,2377.2842641977163,2392.62158203125,176000,0.0,0.0
2014-12-02 00:00:00+09:00,2388.7869378584846,2430.9645563439476,2369.6152930923654,2423.2958984375,202400,0.0,0.0
2014-12-03 00:00:00+09:00,2423.296041913507,2434.7990294542356,2411.7930543727784,2427.13037109375,173800,0.0,0.0
2014-12-04 00:00:00+09:00,2438.633512420182,2480.8111360626694,2434.799182998138,2476.976806640625,175600,0.0,0.0
2014-12-05 00:00:00+09:00,2488.4791481370194,2503.8164618389424,2473.141834435096,2492.3134765625,249400,0.0,0.0
2014-12-08 00:00:00+09:00,2511.485941009055,2526.823259732774,2480.811303561616,2507.651611328125,190600,0.0,0.0
2014-12-09 00:00:00+09:00,2507.651209126852,2530.6571835225113,2488.479563797136,2522.988525390625,166600,0.0,0.0
2014-12-10 00:00:00+09:00,2507.6512684597865,2522.9885850864516,2442.467672796459,2446.302001953125,170800,0.0,0.0
2014-12-11 00:00:00+09:00,2407.9588998647837,2427.1305471567007,2388.7872525728667,2392.62158203125,136800,0.0,0.0
2014-12-12 00:00:00+09:00,2377.2843227908616,2411.793288766858,2377.2843227908616,2381.11865234375,258600,0.0,0.0
2014-12-15 00:00:00+09:00,2342.775348531789,2361.9469962284484,2335.106689453125,2335.106689453125,205600,0.0,0.0
2014-12-16 00:00:00+09:00,2304.4315970139032,2323.6032409158493,2285.259953111957,2296.762939453125,209400,0.0,0.0
2014-12-17 00:00:00+09:00,2289.094910888672,2331.2725390625,2281.4262512207033,2300.597900390625,245200,0.0,0.0
2014-12-18 00:00:00+09:00,2354.2783371497844,2381.118643925108,2327.438030374461,2335.106689453125,349600,0.0,0.0
2014-12-19 00:00:00+09:00,2396.4552659254805,2492.3134765625,2396.4552659254805,2492.3134765625,307200,0.0,0.0
2014-12-22 00:00:00+09:00,2488.479091734969,2488.479091734969,2407.9581966249007,2419.461181640625,191400,0.0,0.0
2014-12-24 00:00:00+09:00,2453.9706454121306,2480.8109493463257,2442.467658011761,2465.4736328125,127400,0.0,0.0
2014-12-25 00:00:00+09:00,2453.970745716511,2473.142392167421,2450.1364164263287,2461.639404296875,57000,0.0,0.0
2014-12-26 00:00:00+09:00,2457.805259811046,2492.314226017442,2457.805259811046,2473.142578125,77200,0.0,0.0
2014-12-29 00:00:00+09:00,2492.313777681849,2496.1481065705902,2453.970488794436,2480.810791015625,99400,0.0,0.0
2014-12-30 00:00:00+09:00,2492.314054528061,2492.314054528061,2442.4677734375,2442.4677734375,129000,0.0,0.0
2015-01-05 00:00:00+09:00,2430.964021422371,2430.964021422371,2381.1177559988837,2415.626708984375,161200,0.0,0.0
2015-01-06 00:00:00+09:00,2369.615146897903,2381.1181330478926,2342.77484588126,2354.27783203125,168400,0.0,0.0
2015-01-07 00:00:00+09:00,2327.4374439677254,2358.1120725537908,2315.9344582479507,2338.9404296875,171600,0.0,0.0
2015-01-08 00:00:00+09:00,2358.112160747913,2369.615146897903,2342.77484588126,2354.27783203125,122400,0.0,0.0
2015-01-09 00:00:00+09:00,2361.946115451389,2419.461037093874,2361.946115451389,2415.626708984375,239600,0.0,0.0
2015-01-13 00:00:00+09:00,2388.7867776750554,2392.621106371163,2335.106175929549,2373.449462890625,160800,0.0,0.0
2015-01-14 00:00:00+09:00,2350.4438633165864,2373.4498391402394,2327.437887492933,2331.272216796875,216200,0.0,0.0
2015-01-15 00:00:00+09:00,2331.272416338583,2446.3023053026573,2331.272416338583,2434.79931640625,278400,0.0,0.0
2015-01-16 00:00:00+09:00,2473.1425616130737,2484.645550271739,2338.9410272619766,2381.11865234375,404600,0.0,0.0
2015-01-19 00:00:00+09:00,2388.786834716797,2388.786834716797,2342.7748892647883,2361.946533203125,171000,0.0,0.0
2015-01-20 00:00:00+09:00,2377.2843719242123,2434.79931640625,2373.450042292077,2434.79931640625,116400,0.0,0.0
2015-01-21 00:00:00+09:00,2415.6270914978622,2427.130077647852,2354.27783203125,2354.27783203125,173000,0.0,0.0
2015-01-22 00:00:00+09:00,2350.4440076104524,2354.2783371497844,2304.4320531384697,2335.106689453125,206400,0.0,0.0
2015-01-23 00:00:00+09:00,2369.6156636850847,2388.787311449527,2358.1126750264193,2381.11865234375,141800,0.0,0.0
2015-01-26 00:00:00+09:00,2342.7749062313396,2415.627153724622,2342.7749062313396,2407.95849609375,206800,0.0,0.0
2015-01-27 00:00:00+09:00,2446.3021967421996,2507.6514681338535,2446.3021967421996,2503.817138671875,293600,0.0,0.0
2015-01-28 00:00:00+09:00,2480.811303561616,2519.1546003709145,2473.1426441997564,2507.651611328125,225600,0.0,0.0
2015-01-29 00:00:00+09:00,2488.479962923476,2530.657589413704,2480.811303561616,2507.651611328125,156400,0.0,0.0
2015-01-30 00:00:00+09:00,2503.8169373956343,2553.6632163943227,2503.8169373956343,2511.485595703125,185200,0.0,0.0
2015-02-02 00:00:00+09:00,2488.479778705837,2511.4857550883253,2480.8111199116743,2496.1484375,93200,0.0,0.0
2015-02-03 00:00:00+09:00,2519.1542406808903,2530.6572280812597,2453.9706454121306,2465.4736328125,176000,0.0,0.0
2015-02-04 00:00:00+09:00,2492.3142926044056,2557.4978971802134,2492.3142926044056,2507.651611328125,158800,0.0,0.0
2015-02-05 00:00:00+09:00,2515.3203125,2557.497939691311,2476.9770150533536,2515.3203125,194800,0.0,0.0
2015-02-06 00:00:00+09:00,2530.657284531964,2549.8289306269025,2511.4856384370246,2519.154296875,107400,0.0,0.0
2015-02-09 00:00:00+09:00,2549.828828852227,2561.3318160500567,2515.3198672587387,2522.988525390625,201400,0.0,0.0
2015-02-10 00:00:00+09:00,2515.32012705781,2534.491774367702,2484.645491361983,2503.817138671875,117200,0.0,0.0
2015-02-12 00:00:00+09:00,2542.1601992040646,2584.3378194020206,2519.1542245506344,2549.828857421875,337000,0.0,0.0
2015-02-13 00:00:00+09:00,2549.8291605692975,2557.497819698829,2519.1545240511705,2538.326171875,167800,0.0,0.0
2015-02-16 00:00:00+09:00,2561.3320100203805,2661.024573284647,2553.6633513077445,2645.687255859375,283400,0.0,0.0
2015-02-17 00:00:00+09:00,2638.018153901734,2687.864427158598,2618.8465103414014,2653.35546875,200200,0.0,0.0
2015-02-18 00:00:00+09:00,2691.6990732177055,2768.385656500261,2691.6990732177055,2753.04833984375,299600,0.0,0.0
2015-02-19 00:00:00+09:00,2756.882807192595,2833.569394318954,2745.3798191236415,2822.06640625,267600,0.0,0.0
2015-02-20 00:00:00+09:00,2822.066507227891,2822.066507227891,2756.8829058381166,2818.232177734375,164800,0.0,0.0
2015-02-23 00:00:00+09:00,2814.3981708594824,2829.735490591687,2745.380232064563,2787.557861328125,189200,0.0,0.0
2015-02-24 00:00:00+09:00,2783.7229149510226,2802.8945603707957,2753.048282279386,2764.55126953125,160400,0.0,0.0
2015-02-25 00:00:00+09:00,2783.722813825528,2787.557142770191,2741.545195434232,2768.385498046875,158000,0.0,0.0
2015-02-26 00:00:00+09:00,2760.7175517967676,2791.392191261176,2741.5459021315123,2787.557861328125,214600,0.0,0.0
2015-02-27 00:00:00+09:00,2783.7231867863584,2841.2381286621094,2776.0545278695913,2791.391845703125,224200,0.0,0.0
2015-03-02 00:00:00+09:00,2779.888873805973,2787.557532768197,2753.0485674381916,2772.22021484375,207800,0.0,0.0
2015-03-03 00:00:00+09:00,2753.048182268222,2776.0541559362014,2710.870563876926,2768.385498046875,228400,0.0,0.0
2015-03-04 00:00:00+09:00,2753.0482245071603,2753.0482245071603,2684.030302444307,2710.87060546875,188400,0.0,0.0
2015-03-05 00:00:00+09:00,2710.870833836245,2737.7111391217522,2699.367845856742,2730.04248046875,124800,0.0,0.0
2015-03-06 00:00:00+09:00,2722.3737065307278,2756.8826690078777,2718.5393773666,2753.04833984375,99400,0.0,0.0
2015-03-09 00:00:00+09:00,2745.3802055746823,2749.2145354707363,2707.036906614142,2714.70556640625,120200,0.0,0.0
2015-03-10 00:00:00+09:00,2726.2080226822545,2733.876680973907,2687.864731223995,2707.036376953125,180600,0.0,0.0
2015-03-11 00:00:00+09:00,2707.0363194475053,2730.0422938337447,2699.367661318759,2718.539306640625,127400,0.0,0.0
2015-03-12 00:00:00+09:00,2737.7113247104458,2776.054620574738,2726.2083359511585,2741.545654296875,175200,0.0,0.0
2015-03-13 00:00:00+09:00,2749.2140106796223,2779.8886439926446,2730.042364858983,2753.04833984375,336600,0.0,0.0
2015-03-16 00:00:00+09:00,2753.0488919306654,2818.2325007925338,2749.2145619976145,2787.557861328125,198000,0.0,0.0
2015-03-17 00:00:00+09:00,2776.0545443248616,2791.3918622493084,2753.0485674381916,2772.22021484375,111000,0.0,0.0
2015-03-18 00:00:00+09:00,2776.05442761917,2795.22607421875,2756.88278101959,2795.22607421875,139400,0.0,0.0
2015-03-19 00:00:00+09:00,2772.220103060262,2779.888761713264,2714.705163162746,2730.04248046875,194000,0.0,0.0
2015-03-20 00:00:00+09:00,2718.539896302304,2722.374226198358,2657.1906179654397,2714.70556640625,268000,0.0,0.0
2015-03-23 00:00:00+09:00,2699.367776493599,2703.202105721573,2615.012533478174,2695.533447265625,272800,0.0,0.0
2015-03-24 00:00:00+09:00,2668.6928145118027,2687.864458294215,2634.1838557034603,2680.19580078125,209600,0.0,0.0
2015-03-25 00:00:00+09:00,2676.361686932519,2726.2079647693713,2676.361686932519,2718.539306640625,175000,0.0,0.0
2015-03-26 00:00:00+09:00,2718.5390568551297,2718.5390568551297,2630.349496477601,2653.35546875,234800,0.0,0.0
2015-03-27 00:00:00+09:00,2651.4266529277033,2724.755774333273,2635.9889431581096,2659.1455078125,239200,22.5,0.0
2015-03-30 00:00:00+09:00,2682.3015369068494,2728.61465696855,2651.426123532382,2717.036376953125,210200,0.0,0.0
2015-03-31 00:00:00+09:00,2740.1927023494945,2744.052128690832,2624.409912109375,2624.409912109375,207600,0.0,0.0
2015-04-01 00:00:00+09:00,2605.112933971681,2647.5666262289974,2570.3780948520584,2612.831787109375,227600,0.0,0.0
2015-04-02 00:00:00+09:00,2620.550448937725,2717.036106115108,2608.972170076439,2682.30126953125,204600,0.0,0.0
2015-04-03 00:00:00+09:00,2678.4417763986894,2682.3012025894654,2589.6749740108366,2632.128662109375,147200,0.0,0.0
2015-04-06 00:00:00+09:00,2624.4102599557523,2628.269686808628,2597.3942719856195,2616.69140625,85800,0.0,0.0
2015-04-07 00:00:00+09:00,2616.691046989051,2659.144736541971,2616.691046989051,2643.70703125,127000,0.0,0.0
2015-04-08 00:00:00+09:00,2663.004483309659,2701.598751183712,2639.847922585227,2674.582763671875,210200,0.0,0.0
2015-04-09 00:00:00+09:00,2690.020173614238,2697.73902633623,2655.2853363652735,2678.44189453125,123200,0.0,0.0
2015-04-10 00:00:00+09:00,2682.3010985614264,2682.3010985614264,2624.409707944993,2639.847412109375,142600,0.0,0.0
2015-04-13 00:00:00+09:00,2639.847825270433,2639.847825270433,2597.3941321739785,2608.972412109375,82800,0.0,0.0
2015-04-14 00:00:00+09:00,2605.1127804026887,2643.7070438160617,2601.2533540613513,2624.409912109375,128800,0.0,0.0
2015-04-15 00:00:00+09:00,2597.393707730877,2624.4096898320895,2581.9560036730413,2585.8154296875,95400,0.0,0.0
2015-04-16 00:00:00+09:00,2593.534822382479,2720.89590741019,2585.815968744436,2709.317626953125,233000,0.0,0.0
2015-04-17 00:00:00+09:00,2697.739154723163,2755.630552893188,2670.7231689104847,2705.4580078125,243400,0.0,0.0
2015-04-20 00:00:00+09:00,2666.8639100970645,2732.4741654829545,2651.426202947443,2674.582763671875,201800,0.0,0.0
2015-04-21 00:00:00+09:00,2678.441804082625,2720.8954926199576,2647.566394237292,2666.863525390625,298600,0.0,0.0
2015-04-22 00:00:00+09:00,2697.739659441021,2763.349922975352,2674.583095840669,2740.193359375,244400,0.0,0.0
2015-04-23 00:00:00+09:00,2747.9117903275924,2763.3494970148263,2690.0203902504663,2717.036376953125,216000,0.0,0.0
2015-04-24 00:00:00+09:00,2701.5990867077467,2751.7716411751762,2686.161377640845,2740.193359375,259400,0.0,0.0
2015-04-27 00:00:00+09:00,2755.6304871209777,2786.505898741381,2697.739090332722,2728.614501953125,247400,0.0,0.0
2015-04-28 00:00:00+09:00,2736.3339321082744,2747.9122139084507,2720.896223041373,2740.193359375,147800,0.0,0.0
2015-04-30 00:00:00+09:00,2720.8958851207385,2744.0524458451705,2659.1450565222535,2674.582763671875,311200,0.0,0.0
2015-05-01 00:00:00+09:00,2663.0040597707425,2709.3171738537117,2616.690945687773,2651.42578125,250400,0.0,0.0
2015-05-07 00:00:00+09:00,2670.723790139695,2724.755774333273,2647.567225485305,2659.1455078125,237400,0.0,0.0
2015-05-08 00:00:00+09:00,2663.0039859979406,2709.3170987979047,2663.0039859979406,2693.87939453125,261000,0.0,0.0
2015-05-11 00:00:00+09:00,2728.614647729846,2736.333501047328,2655.2855412137683,2663.00439453125,247200,0.0,0.0
2015-05-12 00:00:00+09:00,2674.5819715246107,2709.3168023236317,2659.1442689472683,2697.738525390625,225200,0.0,0.0
2015-05-13 00:00:00+09:00,2682.3010985614264,2701.5982287669044,2624.409707944993,2639.847412109375,256600,0.0,0.0
2015-05-14 00:00:00+09:00,2620.5504718585776,2628.2693245002815,2558.799650724944,2570.3779296875,231400,0.0,0.0
2015-05-15 00:00:00+09:00,2585.8154296875,2612.831411788713,2531.783465485075,2585.8154296875,268200,0.0,0.0
2015-05-18 00:00:00+09:00,2651.4259092881944,2682.301320167824,2539.502544849537,2605.11279296875,483200,0.0,0.0
2015-05-19 00:00:00+09:00,2597.393927720014,2647.566470157399,2578.0967960133275,2624.409912109375,320800,0.0,0.0
2015-05-20 00:00:00+09:00,2655.285531850962,2659.1449584960938,2601.253558819111,2608.972412109375,271600,0.0,0.0
2015-05-21 00:00:00+09:00,2620.550833102876,2635.9885405143805,2585.815991426991,2616.69140625,287200,0.0,0.0
2015-05-22 00:00:00+09:00,2639.847514490927,2647.5663668724796,2612.831531155494,2632.128662109375,187800,0.0,0.0
2015-05-25 00:00:00+09:00,2659.144930202829,2666.863783410965,2632.128943974353,2647.566650390625,201600,0.0,0.0
2015-05-26 00:00:00+09:00,2659.144967872509,2674.582674507473,2639.8478345788044,2663.00439453125,257400,0.0,0.0
2015-05-27 00:00:00+09:00,2651.4258204679586,2670.722951621292,2616.6909843919593,2666.863525390625,312200,0.0,0.0
2015-05-28 00:00:00+09:00,2682.3015369068494,2717.036376953125,2674.5826835632324,2717.036376953125,340600,0.0,0.0
2015-05-29 00:00:00+09:00,2717.0360542385056,2724.7549066653196,2686.16064453125,2686.16064453125,265800,0.0,0.0
2015-06-01 00:00:00+09:00,2686.1609125664895,2720.895751953125,2678.4420593694595,2720.895751953125,154200,0.0,0.0
2015-06-02 00:00:00+09:00,2732.474292689732,2732.474292689732,2690.0205960518974,2701.598876953125,294400,0.0,0.0
2015-06-03 00:00:00+09:00,2701.598349384878,2720.8954804519126,2678.441792104436,2686.16064453125,199600,0.0,0.0
2015-06-04 00:00:00+09:00,2701.5985167852723,2744.052207763327,2690.0202374276214,2728.614501953125,468800,0.0,0.0
2015-06-05 00:00:00+09:00,2717.0362096207864,2755.630473961991,2713.176783186666,2747.91162109375,393200,0.0,0.0
2015-06-08 00:00:00+09:00,2778.7877192228334,2844.397984815595,2778.7877192228334,2805.8037109375,475400,0.0,0.0
2015-06-09 00:00:00+09:00,2794.225076486014,2809.662784090909,2755.6308074737763,2759.490234375,344800,0.0,0.0
2015-06-10 00:00:00+09:00,2801.9435649671054,2832.818976151316,2778.7870065789475,2786.505859375,368600,0.0,0.0
2015-06-11 00:00:00+09:00,2825.100401111577,2894.570083106124,2821.2409743341022,2875.27294921875,521400,0.0,0.0
2015-06-12 00:00:00+09:00,2913.8668016735146,2933.163932810425,2882.9913918544576,2906.14794921875,494200,0.0,0.0
2015-06-15 00:00:00+09:00,2906.1478750818064,2960.1798408867803,2886.850744437173,2948.6015625,448600,0.0,0.0
2015-06-16 00:00:00+09:00,2944.7425782559067,2944.7425782559067,2871.413470802614,2879.13232421875,326200,0.0,0.0
2015-06-17 00:00:00+09:00,2902.2887804979946,2929.3047664866726,2875.2727945093166,2886.85107421875,265000,0.0,0.0
2015-06-18 00:00:00+09:00,2867.553528743004,2871.412954757463,2825.0998425839553,2844.39697265625,261800,0.0,0.0
2015-06-19 00:00:00+09:00,2879.132028766106,2894.5697340141814,2863.69432351803,2882.991455078125,237800,0.0,0.0
2015-06-22 00:00:00+09:00,2890.710259190128,2960.179931640625,2890.710259190128,2960.179931640625,212800,0.0,0.0
2015-06-23 00:00:00+09:00,2994.915231358591,3021.931219270331,2967.899243446851,2998.774658203125,217600,0.0,0.0
2015-06-24 00:00:00+09:00,3018.0712890625,3048.946698669278,2998.774158058264,3018.0712890625,200200,0.0,0.0
2015-06-25 00:00:00+09:00,2983.336787211366,2991.0556404771132,2948.6019475155026,2956.32080078125,188200,0.0,0.0
2015-06-26 00:00:00+09:00,2929.304814351134,2956.32080078125,2879.1322681237757,2956.32080078125,255600,0.0,0.0
2015-06-29 00:00:00+09:00,2863.694720524614,2910.0078426894324,2855.975866830477,2871.41357421875,192400,0.0,0.0
2015-06-30 00:00:00+09:00,2875.272602454087,2890.7103077021625,2825.1000603978414,2882.991455078125,269000,0.0,0.0
2015-07-01 00:00:00+09:00,2879.1322210791277,2906.1482070678057,2859.835088230072,2886.85107421875,132000,0.0,0.0
2015-07-02 00:00:00+09:00,2906.14794921875,2913.8668016735146,2882.9913918544576,2906.14794921875,149600,0.0,0.0
2015-07-03 00:00:00+09:00,2906.1485256618926,2933.1645146122687,2886.851390697338,2917.726806640625,116400,0.0,0.0
2015-07-06 00:00:00+09:00,2867.554073167884,2890.7106336510697,2832.8192324431047,2840.5380859375,145200,0.0,0.0
2015-07-07 00:00:00+09:00,2886.850705437911,2933.163818359375,2882.9912793611225,2933.163818359375,236400,0.0,0.0
2015-07-08 00:00:00+09:00,2906.1481176959583,2906.1481176959583,2801.943603515625,2801.943603515625,352200,0.0,0.0
2015-07-09 00:00:00+09:00,2763.3494684983366,2782.6466016582413,2693.8797891226804,2755.630615234375,260600,0.0,0.0
2015-07-10 00:00:00+09:00,2786.5065739984525,2852.1168395912136,2771.0688644472143,2805.8037109375,316200,0.0,0.0
2015-07-13 00:00:00+09:00,2828.9597770138657,2886.851177634886,2828.9597770138657,2879.13232421875,168200,0.0,0.0
2015-07-14 00:00:00+09:00,2913.866738783041,2940.8827217916255,2875.272477342206,2929.304443359375,246800,0.0,0.0
2015-07-15 00:00:00+09:00,2952.4615871783385,2998.774710114469,2933.1644526216173,2994.915283203125,241800,0.0,0.0
2015-07-16 00:00:00+09:00,3010.3527179747134,3045.087557028268,3010.3527179747134,3033.50927734375,227200,0.0,0.0
2015-07-17 00:00:00+09:00,3037.368984869462,3052.806692543513,2987.1964349287978,3048.947265625,161200,0.0,0.0
2015-07-21 00:00:00+09:00,3079.8226134333777,3079.8226134333777,3037.3689182607372,3072.103759765625,124200,0.0,0.0
2015-07-22 00:00:00+09:00,3033.5091359663984,3048.946841492945,3018.071430439852,3025.790283203125,122400,0.0,0.0
2015-07-23 00:00:00+09:00,3033.50936645972,3056.6659265090307,3025.7905131099496,3045.087646484375,118200,0.0,0.0
2015-07-24 00:00:00+09:00,3045.0874936201285,3045.0874936201285,2964.0395375161706,2983.336669921875,161400,0.0,0.0
2015-07-27 00:00:00+09:00,2956.320517552493,2967.8987963418635,2925.4451074475064,2940.8828125,110400,0.0,0.0
2015-07-28 00:00:00+09:00,2910.007261898643,2956.3203748201067,2882.9912793611225,2933.163818359375,146800,0.0,0.0
2015-07-29 00:00:00+09:00,2937.0239618438522,2964.039950980392,2921.586253765829,2952.461669921875,91200,0.0,0.0
2015-07-30 00:00:00+09:00,2952.4613974294357,2994.9150907258063,2940.8831174395164,2991.0556640625,148000,0.0,0.0
2015-07-31 00:00:00+09:00,3037.3686003088214,3114.55712890625,3025.790321019207,3114.55712890625,449800,0.0,0.0
2015-08-03 00:00:00+09:00,3068.2441370258753,3141.5732421875,3068.2441370258753,3141.5732421875,187400,0.0,0.0
2015-08-04 00:00:00+09:00,3145.432565726486,3176.3079774145986,3106.838301116345,3149.2919921875,220400,0.0,0.0
2015-08-05 00:00:00+09:00,3145.4325526582484,3195.605096442981,3122.2759939883717,3168.589111328125,196200,0.0,0.0
2015-08-06 00:00:00+09:00,3184.026804039611,3245.7776269058336,3172.4485247521943,3187.88623046875,222600,0.0,0.0
2015-08-07 00:00:00+09:00,3172.4486273608163,3184.0269070227173,3141.5732149290807,3180.16748046875,177200,0.0,0.0
2015-08-10 00:00:00+09:00,3184.026611328125,3191.7454637192236,3126.1352183948866,3184.026611328125,164000,0.0,0.0
2015-08-11 00:00:00+09:00,3214.901681719035,3214.901681719035,3126.1348885863367,3172.447998046875,176200,0.0,0.0
2015-08-12 00:00:00+09:00,3157.010986328125,3191.745826031002,3129.9949998925545,3157.010986328125,140200,0.0,0.0
2015-08-13 00:00:00+09:00,3133.854440536593,3153.1515737911286,3087.541320725707,3137.7138671875,221200,0.0,0.0
2015-08-14 00:00:00+09:00,3149.2921990455666,3157.0110524745996,3114.5573586149167,3133.8544921875,148600,0.0,0.0
2015-08-17 00:00:00+09:00,3153.1515737911286,3180.1675603474782,3106.838453980243,3137.7138671875,185600,0.0,0.0
2015-08-18 00:00:00+09:00,3157.011038024977,3176.308171509237,3145.432757934421,3153.151611328125,153200,0.0,0.0
2015-08-19 00:00:00+09:00,3153.1512893280674,3164.7295682362487,3122.27587890625,3122.27587890625,175400,0.0,0.0
2015-08-20 00:00:00+09:00,3095.259905578225,3102.978758210589,3021.9308055707606,3029.649658203125,246400,0.0,0.0
2015-08-21 00:00:00+09:00,2971.7584587545953,2998.7744447432738,2886.85107421875,2886.85107421875,234200,0.0,0.0
2015-08-24 00:00:00+09:00,2778.7877585268507,2801.944323181241,2651.4266529277033,2659.1455078125,339000,0.0,0.0
2015-08-25 00:00:00+09:00,2551.0811584194803,2666.863964399184,2539.5028778215096,2543.3623046875,411000,0.0,0.0
2015-08-26 00:00:00+09:00,2543.36210887013,2620.5506402470687,2516.3461228882015,2612.831787109375,284600,0.0,0.0
2015-08-27 00:00:00+09:00,2686.161080972023,2736.3336298982244,2659.1450930886836,2690.0205078125,407000,0.0,0.0
2015-08-28 00:00:00+09:00,2778.7871471426106,2828.9596928549076,2736.3334546168207,2794.224853515625,234200,0.0,0.0
2015-08-31 00:00:00+09:00,2790.365686323779,2790.365686323779,2705.4582933789334,2774.927978515625,198600,0.0,0.0
2015-09-01 00:00:00+09:00,2740.1930567387017,2763.3496177815637,2690.0205078125,2690.0205078125,218800,0.0,0.0
2015-09-02 00:00:00+09:00,2632.1287522810217,2736.333263001825,2616.691046989051,2643.70703125,244800,0.0,0.0
2015-09-03 00:00:00+09:00,2670.7232384314907,2701.5986515925483,2605.112985464243,2608.972412109375,130000,0.0,0.0
2015-09-04 00:00:00+09:00,2647.5665485741315,2655.285401485426,2551.080887182946,2581.956298828125,210000,0.0,0.0
2015-09-07 00:00:00+09:00,2547.2215996413934,2608.972426299367,2508.62733298016,2589.67529296875,171600,0.0,0.0
2015-09-08 00:00:00+09:00,2585.815400139467,2616.690807902326,2547.2211404358927,2551.08056640625,120400,0.0,0.0
2015-09-09 00:00:00+09:00,2616.6914836774554,2701.598876953125,2616.6914836774554,2701.598876953125,150000,0.0,0.0
2015-09-10 00:00:00+09:00,2616.6909065302434,2643.706889341028,2581.9560714878066,2635.988037109375,162200,0.0,0.0
2015-09-11 00:00:00+09:00,2597.393940950333,2690.020173614238,2597.393940950333,2678.44189453125,223200,0.0,0.0
2015-09-14 00:00:00+09:00,2678.44219045928,2697.7393243963065,2647.566776160038,2674.582763671875,142200,0.0,0.0
2015-09-15 00:00:00+09:00,2697.7388953329696,2736.3331570687774,2651.42578125,2651.42578125,120800,0.0,0.0
2015-09-16 00:00:00+09:00,2670.7233368844695,2682.3016172466855,2639.847922585227,2674.582763671875,124000,0.0,0.0
2015-09-17 00:00:00+09:00,2678.442101166214,2690.0203811424367,2624.4101279438405,2663.00439453125,136400,0.0,0.0
2015-09-18 00:00:00+09:00,2647.5665485741315,2647.5665485741315,2570.3780194611827,2581.956298828125,231000,0.0,0.0
2015-09-24 00:00:00+09:00,2543.3622529000945,2608.9725082859845,2539.5028261126895,2547.2216796875,202400,0.0,0.0
2015-09-25 00:00:00+09:00,2551.0811497511063,2647.5668210730087,2539.5028691924776,2616.69140625,238400,0.0,0.0
2015-09-28 00:00:00+09:00,2614.748454371797,2684.682291190062,2603.092814902086,2653.6005859375,142600,22.5,0.0
2015-09-29 00:00:00+09:00,2591.437546148533,2591.437546148533,2529.2741267506667,2548.7001953125,252600,0.0,0.0
2015-09-30 00:00:00+09:00,2572.0115867626014,2661.3715059401543,2564.241159008032,2630.289794921875,212800,0.0,0.0
2015-10-01 00:00:00+09:00,2653.6008283064225,2707.993817466437,2591.4374121235487,2676.912109375,183400,0.0,0.0
2015-10-02 00:00:00+09:00,2653.6010781855844,2676.9123614492937,2614.7489394127356,2630.289794921875,164200,0.0,0.0
2015-10-05 00:00:00+09:00,2641.9446147468234,2641.9446147468234,2591.436850053134,2599.207275390625,187200,0.0,0.0
2015-10-06 00:00:00+09:00,2610.86328125,2645.8302001953125,2575.8963623046875,2587.552001953125,405400,0.0,0.0
2015-10-07 00:00:00+09:00,2618.6339879390966,2661.371337890625,2614.7487743071397,2661.371337890625,231600,0.0,0.0
2015-10-08 00:00:00+09:00,2634.1748500749623,2657.486131934033,2587.5522863568217,2591.4375,256800,0.0,0.0
2015-10-09 00:00:00+09:00,2618.6339955022486,2618.6339955022486,2548.7001499250373,2591.4375,229000,0.0,0.0
2015-10-13 00:00:00+09:00,2564.24072265625,2579.7815755208335,2509.8477376302085,2517.6181640625,255800,0.0,0.0
2015-10-14 00:00:00+09:00,2502.0770223302166,2502.0770223302166,2451.569256351501,2467.110107421875,227600,0.0,0.0
2015-10-15 00:00:00+09:00,2447.6844443044356,2552.585206203197,2447.6844443044356,2529.27392578125,199600,0.0,0.0
2015-10-16 00:00:00+09:00,2548.7002354452056,2579.781945633562,2529.274166577483,2552.58544921875,148200,0.0,0.0
2015-10-19 00:00:00+09:00,2575.896486625144,2575.896486625144,2509.8478587629606,2529.27392578125,172400,0.0,0.0
2015-10-20 00:00:00+09:00,2556.470458984375,2572.011312838383,2533.1591782033624,2556.470458984375,152600,0.0,0.0
2015-10-21 00:00:00+09:00,2529.2740817091453,2591.4375,2513.7332271364317,2591.4375,146400,0.0,0.0
2015-10-22 00:00:00+09:00,2591.437583589626,2630.2897212746275,2572.0115147471247,2575.896728515625,124000,0.0,0.0
2015-10-23 00:00:00+09:00,2614.74853515625,2630.2893882626763,2591.4372554966103,2614.74853515625,132800,0.0,0.0
2015-10-26 00:00:00+09:00,2641.945027729197,2688.5675870420655,2634.1746011770524,2638.059814453125,154200,0.0,0.0
2015-10-27 00:00:00+09:00,2634.1751439765862,2657.4864284365563,2560.3560765200154,2572.01171875,170400,0.0,0.0
2015-10-28 00:00:00+09:00,2568.1262638743333,2583.6671187237994,2537.0445541754,2548.7001953125,181000,0.0,0.0
2015-10-29 00:00:00+09:00,2556.470862443354,2575.8969328266617,2533.1595779833838,2572.01171875,480600,0.0,0.0
2015-10-30 00:00:00+09:00,2560.355748857771,2645.8304476056783,2552.5853216988703,2610.863525390625,272400,0.0,0.0
2015-11-02 00:00:00+09:00,2552.585000241873,2556.4702133320434,2509.84765625,2509.84765625,170200,0.0,0.0
2015-11-04 00:00:00+09:00,2560.3555934989713,2564.2408068426726,2478.76611328125,2478.76611328125,199000,0.0,0.0
2015-11-05 00:00:00+09:00,2486.536418083462,2525.3885496160165,2478.7659917769515,2513.73291015625,189000,0.0,0.0
2015-11-06 00:00:00+09:00,2529.274166577483,2564.2410905393835,2509.8480977097606,2552.58544921875,144800,0.0,0.0
2015-11-09 00:00:00+09:00,2568.1262638743333,2606.9784009979994,2533.1593404630335,2548.7001953125,214200,0.0,0.0
2015-11-10 00:00:00+09:00,2529.2741632936227,2595.322797358126,2525.388949525123,2575.896728515625,184200,0.0,0.0
2015-11-11 00:00:00+09:00,2564.240361371917,2614.7481260656064,2560.3551487031714,2599.207275390625,141000,0.0,0.0
2015-11-12 00:00:00+09:00,2618.63378979346,2626.4042164694047,2583.6668697517075,2595.322509765625,128000,0.0,0.0
2015-11-13 00:00:00+09:00,2560.355876765839,2572.0115180864727,2537.044594124572,2552.58544921875,90400,0.0,0.0
2015-11-16 00:00:00+09:00,2525.388510830431,2603.0927727021367,2517.6180846432603,2579.781494140625,245000,0.0,0.0
2015-11-17 00:00:00+09:00,2606.977985795722,2606.977985795722,2568.125854859869,2579.781494140625,158800,0.0,0.0
2015-11-18 00:00:00+09:00,2603.0927727021367,2603.0927727021367,2560.3554286726985,2579.781494140625,163600,0.0,0.0
2015-11-19 00:00:00+09:00,2595.322671072824,2618.633952549526,2587.552243913923,2610.863525390625,152800,0.0,0.0
2015-11-20 00:00:00+09:00,2610.8633218796435,2622.5189617094634,2591.4372554966103,2614.74853515625,160400,0.0,0.0
2015-11-24 00:00:00+09:00,2595.32287397541,2614.7489433913934,2583.66723232582,2606.978515625,145600,0.0,0.0
2015-11-25 00:00:00+09:00,2610.8634490030677,2610.8634490030677,2521.503539290165,2533.1591796875,247800,0.0,0.0
2015-11-26 00:00:00+09:00,2537.0443525885657,2552.585206203197,2525.388712377592,2529.27392578125,119600,0.0,0.0
2015-11-27 00:00:00+09:00,2544.814284686894,2544.814284686894,2486.53609496124,2505.962158203125,144000,0.0,0.0
2015-11-30 00:00:00+09:00,2494.306843234549,2494.306843234549,2428.2582196598023,2443.799072265625,200400,0.0,0.0
2015-12-01 00:00:00+09:00,2439.9138591141696,2470.995564325815,2424.3730065083464,2443.799072265625,192800,0.0,0.0
2015-12-02 00:00:00+09:00,2455.454752604167,2474.880818684896,2436.0286865234375,2447.684326171875,328000,0.0,0.0
2015-12-03 00:00:00+09:00,2447.684326171875,2486.5364583333335,2420.4878336588545,2470.99560546875,286200,0.0,0.0
2015-12-04 00:00:00+09:00,2416.6025390625,2436.0286044890477,2397.176473635953,2416.6025390625,244400,0.0,0.0
2015-12-07 00:00:00+09:00,2428.258504623022,2463.2254270895937,2424.373291015625,2424.373291015625,119000,0.0,0.0
2015-12-08 00:00:00+09:00,2424.3724275914637,2436.028064262576,2385.520305354421,2389.405517578125,168800,0.0,0.0
2015-12-09 00:00:00+09:00,2385.520672153115,2412.717161900789,2366.0946080476333,2401.0615234375,204600,0.0,0.0
2015-12-10 00:00:00+09:00,2397.176473635953,2436.0286044890477,2385.520834380024,2416.6025390625,349800,0.0,0.0
2015-12-11 00:00:00+09:00,2443.799564857544,2455.455206661316,2412.7178533808183,2420.48828125,304800,0.0,0.0
2015-12-14 00:00:00+09:00,2366.0949683442786,2412.717529296875,2362.209754931562,2412.717529296875,253800,0.0,0.0
2015-12-15 00:00:00+09:00,2439.9139414253673,2447.684367990416,2369.980102339927,2381.6357421875,233800,0.0,0.0
2015-12-16 00:00:00+09:00,2393.2912223538706,2470.995482819905,2393.2912223538706,2459.33984375,245400,0.0,0.0
2015-12-17 00:00:00+09:00,2525.388590494792,2552.5850830078125,2498.192097981771,2540.929443359375,296200,0.0,0.0
2015-12-18 00:00:00+09:00,2525.388632015306,2583.6668312156594,2470.9956460949766,2474.880859375,392000,0.0,0.0
2015-12-21 00:00:00+09:00,2436.0285250506827,2478.7658675954312,2408.832034340388,2455.45458984375,198000,0.0,0.0
2015-12-22 00:00:00+09:00,2463.2250567733017,2474.880695843207,2428.258139563586,2459.33984375,128000,0.0,0.0
2015-12-24 00:00:00+09:00,2490.421506471272,2502.0771453471125,2451.5693768851365,2455.45458984375,100400,0.0,0.0
2015-12-25 00:00:00+09:00,2455.45458984375,2455.45458984375,2455.45458984375,2455.45458984375,0,0.0,0.0
2015-12-28 00:00:00+09:00,2412.717446894623,2478.7660726550234,2412.717446894623,2474.880859375,89400,0.0,0.0
2015-12-29 00:00:00+09:00,2459.340123837711,2537.0443931532786,2447.684483440376,2533.1591796875,114000,0.0,0.0
2015-12-30 00:00:00+09:00,2544.814453125,2568.1257305582058,2537.044027313931,2544.814453125,136600,0.0,0.0
2016-01-04 00:00:00+09:00,2505.9629344940186,2540.929859161377,2463.2255821228027,2486.536865234375,152600,0.0,0.0
2016-01-05 00:00:00+09:00,2467.1103922526045,2540.929443359375,2467.1103922526045,2517.6181640625,171600,0.0,0.0
2016-01-06 00:00:00+09:00,2509.8476118607955,2513.732824882252,2420.4877123672995,2436.028564453125,184400,0.0,0.0
2016-01-07 00:00:00+09:00,2432.1434316182485,2451.5694973659984,2369.98002122545,2373.865234375,204000,0.0,0.0
2016-01-08 00:00:00+09:00,2350.554241943359,2373.8655236816403,2315.5873193359375,2331.128173828125,166800,0.0,0.0
2016-01-12 00:00:00+09:00,2292.276088774101,2315.5873710328206,2241.768310546875,2241.768310546875,150000,0.0,0.0
2016-01-13 00:00:00+09:00,2268.964518229167,2319.4722900390625,2261.194091796875,2307.816650390625,127800,0.0,0.0
2016-01-14 00:00:00+09:00,2265.0793862538794,2276.735026320366,2218.4568259879334,2268.964599609375,124600,0.0,0.0
2016-01-15 00:00:00+09:00,2303.9315198088348,2307.8167331643303,2245.653319476402,2268.964599609375,141000,0.0,0.0
2016-01-18 00:00:00+09:00,2218.457071371012,2230.1127127267264,2179.60493351863,2222.34228515625,127400,0.0,0.0
2016-01-19 00:00:00+09:00,2210.6866038200524,2257.3091683997372,2191.2605352451837,2218.45703125,171600,0.0,0.0
2016-01-20 00:00:00+09:00,2206.800980475865,2206.800980475865,2132.98193359375,2132.98193359375,158000,0.0,0.0
2016-01-21 00:00:00+09:00,2132.9818861090935,2152.407950645606,2047.5072021484377,2047.5072021484375,152200,0.0,0.0
2016-01-22 00:00:00+09:00,2098.01513671875,2148.522908528646,2059.163004557292,2144.6376953125,232800,0.0,0.0
2016-01-25 00:00:00+09:00,2160.1785071177405,2160.1785071177405,2105.785523125567,2140.75244140625,222000,0.0,0.0
2016-01-26 00:00:00+09:00,2101.9003910813376,2109.6708176657417,2039.7369784061038,2078.589111328125,219800,0.0,0.0
2016-01-27 00:00:00+09:00,2117.4412027994795,2230.1123860677085,2117.4412027994795,2214.571533203125,327800,0.0,0.0
2016-01-28 00:00:00+09:00,2214.5715742533184,2230.1124274059734,2183.489867948009,2195.1455078125,139800,0.0,0.0
2016-01-29 00:00:00+09:00,2218.456536346491,2268.964303373644,2008.6550425413936,2148.522705078125,341400,0.0,0.0
2016-02-01 00:00:00+09:00,1934.8363892602138,2016.4258755543192,1872.6729711313717,1895.9842529296875,664800,0.0,0.0
2016-02-02 00:00:00+09:00,1876.558192476313,1903.7546880194482,1806.624346793966,1826.0504150390625,650000,0.0,0.0
2016-02-03 00:00:00+09:00,1802.7387629624438,1814.3944015160805,1721.1492930869886,1732.804931640625,659400,0.0,0.0
2016-02-04 00:00:00+09:00,1728.9198400324042,1752.2311187744142,1697.8381350430577,1709.4937744140625,671200,0.0,0.0
2016-02-05 00:00:00+09:00,1682.297322591146,1728.919881184896,1666.7564697265625,1690.0677490234375,550200,0.0,0.0
2016-02-08 00:00:00+09:00,1674.5269753346324,1748.3460299317508,1670.6417619347842,1721.1495361328125,454600,0.0,0.0
2016-02-09 00:00:00+09:00,1643.445149054894,1643.445149054894,1592.937378516564,1616.2486572265625,493200,0.0,0.0
2016-02-10 00:00:00+09:00,1616.2487842793366,1627.9044245505818,1503.5775949906329,1523.003662109375,635600,0.0,0.0
2016-02-12 00:00:00+09:00,1476.3809398894614,1538.5443478848072,1456.9548748909158,1460.840087890625,833800,0.0,0.0
2016-02-15 00:00:00+09:00,1592.9375421971451,1592.9375421971451,1534.659339433835,1573.511474609375,637400,0.0,0.0
2016-02-16 00:00:00+09:00,1550.2001917484033,1624.0192484983272,1519.118483643172,1596.82275390625,517000,0.0,0.0
2016-02-17 00:00:00+09:00,1592.937540393096,1635.674889037789,1573.5114728273265,1596.82275390625,360400,0.0,0.0
2016-02-18 00:00:00+09:00,1643.4451098118232,1682.2972400674219,1627.9042577095836,1658.9859619140625,457600,0.0,0.0
2016-02-19 00:00:00+09:00,1643.445443546071,1655.10108498966,1577.3968086990656,1585.167236328125,508000,0.0,0.0
2016-02-22 00:00:00+09:00,1573.5113525390625,1596.8226318359375,1554.0852864583335,1561.855712890625,284200,0.0,0.0
2016-02-23 00:00:00+09:00,1581.2817789713542,1600.7078450520835,1550.2000732421875,1561.855712890625,329800,0.0,0.0
2016-02-24 00:00:00+09:00,1534.659339433835,1604.5931827498073,1534.659339433835,1573.511474609375,254800,0.0,0.0
2016-02-25 00:00:00+09:00,1581.2818194624847,1616.2487393031786,1573.5113928312194,1589.05224609375,258000,0.0,0.0
2016-02-26 00:00:00+09:00,1592.9374603271483,1604.5931002807615,1546.3149005126952,1554.0853271484375,264200,0.0,0.0
2016-02-29 00:00:00+09:00,1573.5113937377928,1600.7078869628906,1554.0853271484375,1554.0853271484375,264600,0.0,0.0
2016-03-01 00:00:00+09:00,1554.0853676355985,1573.5114347310437,1526.8888737019756,1557.9705810546875,264800,0.0,0.0
2016-03-02 00:00:00+09:00,1608.4783944457117,1612.3636079588655,1581.2818998536343,1596.82275390625,329800,0.0,0.0
2016-03-03 00:00:00+09:00,1600.7077670784884,1690.0676666969475,1600.7077670784884,1670.6416015625,464000,0.0,0.0
2016-03-04 00:00:00+09:00,1658.9859613382591,1686.1824525077388,1624.0190441203567,1647.330322265625,548200,0.0,0.0
2016-03-07 00:00:00+09:00,1655.1007494549417,1693.952879723837,1655.1007494549417,1670.6416015625,279000,0.0,0.0
2016-03-08 00:00:00+09:00,1662.8712146465596,1678.4120671198918,1600.7078047532302,1616.2486572265625,375200,0.0,0.0
2016-03-09 00:00:00+09:00,1585.166783099811,1585.166783099811,1526.888592544671,1542.429443359375,508200,0.0,0.0
2016-03-10 00:00:00+09:00,1550.1999932650863,1585.166910406404,1542.4295672336823,1577.396484375,304800,0.0,0.0
2016-03-11 00:00:00+09:00,1561.8558322878648,1600.7079674194038,1557.970618774711,1596.82275390625,387800,0.0,0.0
2016-03-14 00:00:00+09:00,1604.5931373506435,1655.1009116498162,1604.5931373506435,1651.2156982421875,551000,0.0,0.0
2016-03-15 00:00:00+09:00,1647.3304848345588,1666.7565518727022,1631.789631204044,1651.2156982421875,401600,0.0,0.0
2016-03-16 00:00:00+09:00,1635.6750159170115,1639.560229731541,1577.3968086990656,1585.167236328125,292600,0.0,0.0
2016-03-17 00:00:00+09:00,1585.1671151620371,1612.3636097849153,1561.855834056713,1573.511474609375,276800,0.0,0.0
2016-03-18 00:00:00+09:00,1565.740845327894,1592.937336437808,1534.6591412022783,1577.396484375,384200,0.0,0.0
2016-03-22 00:00:00+09:00,1577.396402189047,1600.707679068688,1546.3146996828589,1569.6259765625,300200,0.0,0.0
2016-03-23 00:00:00+09:00,1573.5113525390625,1589.052205403646,1554.0852864583335,1561.855712890625,181800,0.0,0.0
2016-03-24 00:00:00+09:00,1550.2000732421875,1557.9704996744792,1507.4627278645835,1515.233154296875,394400,0.0,0.0
2016-03-25 00:00:00+09:00,1515.2330340761127,1550.1999502470999,1503.5773953524504,1538.5443115234375,253800,0.0,0.0
2016-03-28 00:00:00+09:00,1546.3147802493843,1577.396484375,1546.3147802493843,1577.396484375,403400,0.0,0.0
2016-03-29 00:00:00+09:00,1579.3606522282944,1610.7907149592056,1575.4318943869305,1595.07568359375,348000,22.5,0.0
2016-03-30 00:00:00+09:00,1587.218418266937,1591.1471767279938,1540.0733167342557,1544.0020751953125,273600,0.0,0.0
2016-03-31 00:00:00+09:00,1551.859840891469,1583.2899136183848,1547.9310818006047,1563.6461181640625,482000,0.0,0.0
2016-04-01 00:00:00+09:00,1571.5033707979765,1571.5033707979765,1500.7857191120675,1504.7144775390625,392000,0.0,0.0
2016-04-04 00:00:00+09:00,1500.7857933044434,1540.0733795166016,1488.999517440796,1508.643310546875,290400,0.0,0.0
2016-04-05 00:00:00+09:00,1492.9282800226263,1496.857038654265,1433.996900548049,1437.9256591796875,297800,0.0,0.0
2016-04-06 00:00:00+09:00,1430.0679931640625,1441.854267832997,1414.3529602721496,1430.0679931640625,272400,0.0,0.0
2016-04-07 00:00:00+09:00,1430.0679931640625,1449.7117842789535,1410.4242020491715,1430.0679931640625,231600,0.0,0.0
2016-04-08 00:00:00+09:00,1406.4955697408536,1469.3557069359756,1382.9230182926829,1449.7119140625,367200,0.0,0.0
2016-04-11 00:00:00+09:00,1437.9259009532982,1437.9259009532982,1402.567067323299,1418.2821044921875,240000,0.0,0.0
2016-04-12 00:00:00+09:00,1418.2816508135459,1504.7143275944268,1418.2816508135459,1496.8568115234375,370200,0.0,0.0
2016-04-13 00:00:00+09:00,1516.5007659679152,1551.859592117426,1500.785732123688,1544.0020751953125,266000,0.0,0.0
2016-04-14 00:00:00+09:00,1563.6460740495438,1595.0761458897355,1559.7173150695198,1587.2186279296875,439600,0.0,0.0
2016-04-15 00:00:00+09:00,1563.6458468967014,1587.2183973524307,1544.0020548502605,1555.788330078125,255200,0.0,0.0
2016-04-18 00:00:00+09:00,1504.7145519256592,1528.287103652954,1500.7857933044434,1508.643310546875,266000,0.0,0.0
2016-04-19 00:00:00+09:00,1559.7172160541031,1587.218527168407,1547.9309398622584,1575.4322509765625,322200,0.0,0.0
2016-04-20 00:00:00+09:00,1587.2186727092494,1599.0049499818429,1555.7885999823336,1563.6461181640625,266400,0.0,0.0
2016-04-21 00:00:00+09:00,1591.147216796875,1595.0759753568673,1567.5746654369214,1591.147216796875,284200,0.0,0.0
2016-04-22 00:00:00+09:00,1571.503466565462,1661.8649158929761,1567.5747078990485,1657.9361572265625,797000,0.0,0.0
2016-04-25 00:00:00+09:00,1673.65114985671,1693.2949426954037,1646.1498398825388,1681.5086669921875,348400,0.0,0.0
2016-04-26 00:00:00+09:00,1654.0073599466464,1657.9361185213415,1583.289705602134,1610.791015625,910000,0.0,0.0
2016-04-27 00:00:00+09:00,1614.7200948275054,1650.0789290208083,1606.8625761178826,1634.3638916015625,453800,0.0,0.0
2016-04-28 00:00:00+09:00,1646.1498684527635,1654.0073857246146,1524.3583507390747,1528.287109375,524200,0.0,0.0
2016-05-02 00:00:00+09:00,1469.3556859826529,1492.9282370946742,1449.711893389302,1461.4981689453125,333600,0.0,0.0
2016-05-06 00:00:00+09:00,1477.2132997255067,1492.9283348289696,1437.9257119668496,1453.6407470703125,315800,0.0,0.0
2016-05-09 00:00:00+09:00,1461.498243234752,1477.213278108244,1457.5694845163791,1465.427001953125,371600,0.0,0.0
2016-05-10 00:00:00+09:00,1473.2844302528783,1500.7857396175987,1445.7831208881578,1492.92822265625,282000,0.0,0.0
2016-05-11 00:00:00+09:00,1504.7146475427437,1524.3584418970877,1496.857129801006,1500.785888671875,395000,0.0,0.0
2016-05-12 00:00:00+09:00,1488.9994438310825,1512.5719943930524,1481.1419269770927,1504.7144775390625,312400,0.0,0.0
2016-05-13 00:00:00+09:00,1500.785830418482,1508.6433478552278,1465.427001953125,1465.427001953125,324200,0.0,0.0
2016-05-16 00:00:00+09:00,1453.640538223226,1488.9993621259532,1453.640538223226,1481.141845703125,475400,0.0,0.0
2016-05-17 00:00:00+09:00,1488.9994785760039,1504.7145126506848,1449.711893389302,1461.4981689453125,545200,0.0,0.0
2016-05-18 00:00:00+09:00,1465.4269600820417,1516.5008219615765,1457.5694428698055,1488.99951171875,487600,0.0,0.0
2016-05-19 00:00:00+09:00,1496.8569606850726,1528.287028101032,1492.9282022580776,1504.7144775390625,442400,0.0,0.0
2016-05-20 00:00:00+09:00,1500.7857191120675,1520.4295112470422,1488.9994438310825,1504.7144775390625,311000,0.0,0.0
2016-05-23 00:00:00+09:00,1492.9283709301374,1508.6434064136124,1461.498299963187,1500.785888671875,406000,0.0,0.0
2016-05-24 00:00:00+09:00,1496.8568785487814,1504.7143949716096,1481.141845703125,1481.141845703125,254000,0.0,0.0
2016-05-25 00:00:00+09:00,1504.7144707573784,1508.6432291666667,1473.284403483073,1485.0706787109375,350200,0.0,0.0
2016-05-26 00:00:00+09:00,1504.7146475427437,1524.3584418970877,1496.857129801006,1500.785888671875,309400,0.0,0.0
2016-05-27 00:00:00+09:00,1492.9282022580776,1512.5719943930524,1488.9994438310825,1504.7144775390625,213600,0.0,0.0
2016-05-30 00:00:00+09:00,1508.6432156735752,1520.429490796025,1500.7856989252753,1516.500732421875,192600,0.0,0.0
2016-05-31 00:00:00+09:00,1524.3583772078805,1536.1446533203125,1512.5721010954485,1536.1446533203125,361000,0.0,0.0
2016-06-01 00:00:00+09:00,1528.287109375,1544.002143918702,1516.5008334672236,1528.287109375,271200,0.0,0.0
2016-06-02 00:00:00+09:00,1524.3582628038193,1528.2870212131077,1485.0706787109375,1485.0706787109375,288800,0.0,0.0
2016-06-03 00:00:00+09:00,1485.070753112632,1496.8570289309862,1477.2132359003958,1488.99951171875,207200,0.0,0.0
2016-06-06 00:00:00+09:00,1469.3556108911725,1469.3556108911725,1441.8543026659368,1457.5693359375,298400,0.0,0.0
2016-06-07 00:00:00+09:00,1457.569583973986,1481.142137892703,1457.569583973986,1477.21337890625,222600,0.0,0.0
2016-06-08 00:00:00+09:00,1485.070603914539,1488.9993621259532,1449.711780011812,1481.141845703125,288200,0.0,0.0
2016-06-09 00:00:00+09:00,1465.4268525732818,1481.141885844845,1453.6405776196093,1457.5693359375,256400,0.0,0.0
2016-06-10 00:00:00+09:00,1453.6405425019316,1453.6405425019316,1418.281718495128,1430.0679931640625,332200,0.0,0.0
2016-06-13 00:00:00+09:00,1410.4244562132747,1410.4244562132747,1378.994384765625,1378.994384765625,268200,0.0,0.0
2016-06-14 00:00:00+09:00,1378.994283741918,1382.9230423850574,1355.421731883082,1367.2080078125,264600,0.0,0.0
2016-06-15 00:00:00+09:00,1367.2081079727564,1394.7094204894497,1355.4218311798877,1378.994384765625,263800,0.0,0.0
2016-06-16 00:00:00+09:00,1386.8516492898752,1394.709165716447,1351.4928253703033,1359.350341796875,405600,0.0,0.0
2016-06-17 00:00:00+09:00,1375.0656258346687,1394.7094204894497,1375.0656258346687,1378.994384765625,535600,0.0,0.0
2016-06-20 00:00:00+09:00,1402.567067323299,1422.2108637844096,1398.6383080310768,1418.2821044921875,299000,0.0,0.0
2016-06-21 00:00:00+09:00,1402.5667851003705,1449.711887120551,1386.8517510936435,1441.8543701171875,308400,0.0,0.0
2016-06-22 00:00:00+09:00,1441.8543701171875,1453.6406456222328,1430.0680946121424,1441.8543701171875,398800,0.0,0.0
2016-06-23 00:00:00+09:00,1449.711780011812,1485.070603914539,1437.9255053775696,1481.141845703125,349000,0.0,0.0
2016-06-24 00:00:00+09:00,1496.85729033663,1524.3586053821848,1398.6383080310768,1418.2821044921875,811600,0.0,0.0
2016-06-27 00:00:00+09:00,1437.9259009532982,1449.7121788299644,1398.6383080310768,1418.2821044921875,246400,0.0,0.0
2016-06-28 00:00:00+09:00,1402.566778867943,1453.640639162854,1371.1367109941516,1422.2105712890625,305800,0.0,0.0
2016-06-29 00:00:00+09:00,1433.9969482421875,1445.7832245291095,1410.4243956683433,1433.9969482421875,279400,0.0,0.0
2016-06-30 00:00:00+09:00,1445.7832909058989,1445.7832909058989,1390.7806657083918,1398.63818359375,452400,0.0,0.0
2016-07-01 00:00:00+09:00,1406.495551675053,1418.281827247749,1382.923000529661,1390.780517578125,316200,0.0,0.0
2016-07-04 00:00:00+09:00,1386.8519026275374,1394.7094204894497,1367.2081079727564,1378.994384765625,326400,0.0,0.0
2016-07-05 00:00:00+09:00,1375.0655464504077,1375.0655464504077,1343.6354768172555,1355.4217529296875,208200,0.0,0.0
2016-07-06 00:00:00+09:00,1335.7781214913923,1339.7068806722493,1300.419288863679,1312.20556640625,375200,0.0,0.0
2016-07-07 00:00:00+09:00,1308.276611328125,1327.9204042910098,1296.490335550394,1308.276611328125,265400,0.0,0.0
2016-07-08 00:00:00+09:00,1300.4190544532466,1308.2765713985834,1257.202711253894,1261.1314697265625,488800,0.0,0.0
2016-07-11 00:00:00+09:00,1261.1314697265625,1261.1314697265625,1261.1314697265625,1261.1314697265625,0,0.0,0.0
2016-07-12 00:00:00+09:00,1367.208013345432,1402.5668412767793,1367.208013345432,1386.851806640625,540600,0.0,0.0
2016-07-13 00:00:00+09:00,1418.281866021495,1453.6406937062413,1410.424348758218,1437.9256591796875,546800,0.0,0.0
2016-07-14 00:00:00+09:00,1437.9256591796875,1445.7831764429645,1414.3531073898566,1437.9256591796875,422600,0.0,0.0
2016-07-15 00:00:00+09:00,1461.4981282552083,1516.5007459852432,1457.5693698459202,1485.0706787109375,626600,0.0,0.0
2016-07-19 00:00:00+09:00,1508.6432711693549,1508.6432711693549,1449.711893389302,1461.4981689453125,406600,0.0,0.0
2016-07-20 00:00:00+09:00,1453.6406519079721,1465.4269274639828,1426.1393422772808,1461.4981689453125,458600,0.0,0.0
2016-07-21 00:00:00+09:00,1500.7857123480903,1512.5719875759548,1473.284403483073,1485.0706787109375,460000,0.0,0.0
2016-07-22 00:00:00+09:00,1461.498094255391,1477.2131275269542,1445.7830609838277,1457.5693359375,232200,0.0,0.0
2016-07-25 00:00:00+09:00,1465.427001953125,1488.999554263363,1457.5694845163791,1465.427001953125,347400,0.0,0.0
2016-07-26 00:00:00+09:00,1473.2844445013232,1481.1419615386635,1449.711893389302,1461.4981689453125,309000,0.0,0.0
2016-07-27 00:00:00+09:00,1473.2843292802968,1492.9281203373673,1453.640538223226,1481.141845703125,328400,0.0,0.0
2016-07-28 00:00:00+09:00,1473.2844655106708,1473.2844655106708,1445.7831554878048,1449.7119140625,299600,0.0,0.0
2016-07-29 00:00:00+09:00,1457.5694395588987,1591.1472318634878,1445.7831637673173,1559.7171630859375,684400,0.0,0.0
2016-08-01 00:00:00+09:00,1559.7171280804803,1618.648505715763,1520.4295429902918,1602.9334716796875,649600,0.0,0.0
2016-08-02 00:00:00+09:00,1559.7169400913508,1567.57445616234,1496.8568115234375,1496.8568115234375,540400,0.0,0.0
2016-08-03 00:00:00+09:00,1469.355624112216,1469.355624112216,1418.2817655200802,1426.1392822265625,488600,0.0,0.0
2016-08-04 00:00:00+09:00,1433.9967860301551,1473.2843692090635,1418.2817527585917,1457.5693359375,329000,0.0,0.0
2016-08-05 00:00:00+09:00,1469.3556859826529,1488.9994785760039,1437.9256178332914,1461.4981689453125,323200,0.0,0.0
2016-08-08 00:00:00+09:00,1473.2843903062258,1528.287007544325,1473.2843903062258,1516.500732421875,406000,0.0,0.0
2016-08-09 00:00:00+09:00,1516.5007594786969,1540.073310144169,1512.5720010344517,1524.3582763671875,260000,0.0,0.0
2016-08-10 00:00:00+09:00,1512.5720010344517,1524.3582763671875,1485.0706919247343,1524.3582763671875,317600,0.0,0.0
2016-08-12 00:00:00+09:00,1547.9307994150745,1547.9307994150745,1496.8569405511255,1516.500732421875,287800,0.0,0.0
2016-08-15 00:00:00+09:00,1504.7146475427437,1524.3584418970877,1488.9996120592687,1500.785888671875,155400,0.0,0.0
2016-08-16 00:00:00+09:00,1516.50092415535,1540.0734773805627,1500.785888671875,1500.785888671875,286600,0.0,0.0
2016-08-17 00:00:00+09:00,1488.9994567405176,1547.9308336563693,1485.0706982794609,1544.0020751953125,286200,0.0,0.0
2016-08-18 00:00:00+09:00,1536.1445996976947,1571.5034268007107,1516.5008068626857,1520.4295654296875,211200,0.0,0.0
2016-08-19 00:00:00+09:00,1524.3582763671875,1536.1445516999236,1512.5720010344517,1524.3582763671875,125000,0.0,0.0
2016-08-22 00:00:00+09:00,1532.2158946161685,1544.0021707286007,1512.5721010954485,1536.1446533203125,155800,0.0,0.0
2016-08-23 00:00:00+09:00,1540.073310144169,1547.9308270326596,1516.5007594786969,1524.3582763671875,249600,0.0,0.0
2016-08-24 00:00:00+09:00,1544.0021550458177,1583.289741688205,1536.1446377173402,1567.57470703125,358800,0.0,0.0
2016-08-25 00:00:00+09:00,1571.503173828125,1575.4319317626955,1544.001868286133,1571.503173828125,288400,0.0,0.0
2016-08-26 00:00:00+09:00,1567.574680280325,1579.3609560719065,1555.7884044887437,1559.7171630859375,248200,0.0,0.0
2016-08-29 00:00:00+09:00,1587.2186060350123,1618.6486774416462,1579.3610881833538,1599.0048828125,210200,0.0,0.0
2016-08-30 00:00:00+09:00,1610.7911252862737,1665.7937490765366,1606.862366444112,1661.864990234375,258800,0.0,0.0
2016-08-31 00:00:00+09:00,1689.3661633555685,1701.152438913863,1673.651129277842,1693.294921875,209200,0.0,0.0
2016-09-01 00:00:00+09:00,1697.224072603926,1716.8678697405455,1681.5090348946305,1701.15283203125,228200,0.0,0.0
2016-09-02 00:00:00+09:00,1681.5090348946305,1705.081591458574,1650.0789594760392,1701.15283203125,154800,0.0,0.0
2016-09-05 00:00:00+09:00,1740.4399753146702,1748.2974921332466,1693.294874403212,1697.2236328125,195400,0.0,0.0
2016-09-06 00:00:00+09:00,1701.15283203125,1720.7966291678695,1677.5802754673066,1701.15283203125,157200,0.0,0.0
2016-09-07 00:00:00+09:00,1673.651170726103,1681.5086879595588,1638.2923431755514,1669.722412109375,153000,0.0,0.0
2016-09-08 00:00:00+09:00,1669.7224863258327,1697.223797865317,1650.0786923690582,1673.6512451171875,199400,0.0,0.0
2016-09-09 00:00:00+09:00,1669.7223912889713,1693.2949426954037,1661.8648741534937,1681.5086669921875,170800,0.0,0.0
2016-09-12 00:00:00+09:00,1669.722207007943,1681.508481410352,1622.577109398307,1646.149658203125,140800,0.0,0.0
2016-09-13 00:00:00+09:00,1654.0073387016685,1654.0073387016685,1602.9334778866526,1622.5772705078125,200800,0.0,0.0
2016-09-14 00:00:00+09:00,1587.2186060350123,1610.7911595899877,1571.5035703316953,1599.0048828125,327600,0.0,0.0
2016-09-15 00:00:00+09:00,1583.2897146691002,1587.218473266294,1536.1446115027748,1559.7171630859375,379800,0.0,0.0
2016-09-16 00:00:00+09:00,1587.2185930524554,1673.6512887137276,1579.361075265067,1650.0787353515625,627600,0.0,0.0
2016-09-20 00:00:00+09:00,1650.0787573066546,1673.651310982464,1634.3637215227818,1638.29248046875,270600,0.0,0.0
2016-09-21 00:00:00+09:00,1634.363542246659,1771.8700902722194,1595.075957096499,1764.0125732421875,318000,0.0,0.0
2016-09-23 00:00:00+09:00,1740.4402074640448,1752.226484264027,1712.938894930753,1728.6539306640625,186800,0.0,0.0
2016-09-26 00:00:00+09:00,1732.5825283727913,1740.440045508269,1677.5799084244488,1681.5086669921875,168600,0.0,0.0
2016-09-27 00:00:00+09:00,1650.0786662551593,1669.722459901054,1595.0760440466538,1665.793701171875,269200,0.0,0.0
2016-09-28 00:00:00+09:00,1667.7790153113594,1675.7208201461756,1608.2154790502395,1632.0408935546875,239600,22.5,0.0
2016-09-29 00:00:00+09:00,1663.8080732839408,1691.6043895440544,1647.9244639924473,1671.7498779296875,258800,0.0,0.0
2016-09-30 00:00:00+09:00,1620.1281863024635,1643.9536008069115,1596.3027717980156,1632.0408935546875,386400,0.0,0.0
2016-10-03 00:00:00+09:00,1663.8081707690135,1667.779073324548,1632.0409503247363,1647.924560546875,353200,0.0,0.0
2016-10-04 00:00:00+09:00,1659.8373692103794,1687.6336887904577,1655.8664664132255,1667.7791748046875,231200,0.0,0.0
2016-10-05 00:00:00+09:00,1667.7790326286763,1707.4880572150735,1655.8663252527572,1687.633544921875,201600,0.0,0.0
2016-10-06 00:00:00+09:00,1707.4879600719619,1739.255177933766,1691.6043511410599,1711.4588623046875,294000,0.0,0.0
2016-10-07 00:00:00+09:00,1711.4589072333442,1723.3716142442493,1695.575297885471,1715.4298095703125,216800,0.0,0.0
2016-10-11 00:00:00+09:00,1695.575297885471,1747.197028266059,1695.575297885471,1715.4298095703125,206400,0.0,0.0
2016-10-12 00:00:00+09:00,1683.6625783071095,1723.3716013803905,1675.7207736924533,1703.51708984375,190200,0.0,0.0
2016-10-13 00:00:00+09:00,1699.5460974092505,1727.3424120865047,1679.6915869254976,1695.5751953125,242800,0.0,0.0
2016-10-14 00:00:00+09:00,1679.6920269173636,1699.546542601966,1663.8084143696815,1691.604736328125,202200,0.0,0.0
2016-10-17 00:00:00+09:00,1703.5169995060012,1723.371509989754,1687.6333911189988,1695.5751953125,181400,0.0,0.0
2016-10-18 00:00:00+09:00,1699.546506842611,1747.197343483058,1691.6047007358698,1743.2264404296875,302000,0.0,0.0
2016-10-19 00:00:00+09:00,1751.1682236130173,1778.9645446227478,1747.1973206116272,1763.0809326171875,269200,0.0,0.0
2016-10-20 00:00:00+09:00,1755.1388638162932,1782.9351806640625,1743.2261565958206,1782.9351806640625,179200,0.0,0.0
2016-10-21 00:00:00+09:00,1790.877416778029,1826.6155470463268,1778.9647066885966,1810.73193359375,198600,0.0,0.0
2016-10-24 00:00:00+09:00,1810.732046771523,1810.732046771523,1786.9066251034767,1798.8193359375,145600,0.0,0.0
2016-10-25 00:00:00+09:00,1802.7896977963655,1834.556917140795,1802.7896977963655,1826.6151123046875,150800,0.0,0.0
2016-10-26 00:00:00+09:00,1826.6151570549755,1830.5860595703123,1794.8479369322802,1830.5860595703125,128000,0.0,0.0
2016-10-27 00:00:00+09:00,1830.5860595703123,1842.498767116323,1814.7024495089647,1830.5860595703125,97400,0.0,0.0
2016-10-28 00:00:00+09:00,1862.3529034820492,1902.0619206138626,1858.382001768868,1894.1201171875,221400,0.0,0.0
2016-10-31 00:00:00+09:00,1882.207808388158,1894.1205160361842,1846.469685444079,1886.1787109375,175600,0.0,0.0
2016-11-01 00:00:00+09:00,1878.2368937346896,1890.1496013059455,1854.4114785921777,1874.2659912109375,111200,0.0,0.0
2016-11-02 00:00:00+09:00,1846.4695333289267,1854.4113377733522,1810.731413329012,1818.6732177734375,199000,0.0,0.0
2016-11-04 00:00:00+09:00,1806.7608308687772,1822.6444425687225,1778.964510393873,1814.70263671875,123800,0.0,0.0
2016-11-07 00:00:00+09:00,1846.4698486328125,1878.2370718350974,1842.4989457325269,1846.4698486328125,148200,0.0,0.0
2016-11-08 00:00:00+09:00,1830.5860716721108,1858.3823894632274,1826.6151691305226,1842.498779296875,122200,0.0,0.0
2016-11-09 00:00:00+09:00,1854.4117259240638,1874.2662411909168,1715.4301190560934,1743.2264404296875,270000,0.0,0.0
2016-11-10 00:00:00+09:00,1902.0624667542393,1913.9751753142866,1854.4116325140496,1910.0042724609375,251200,0.0,0.0
2016-11-11 00:00:00+09:00,1941.7715065696023,1997.3641468394887,1898.0915749289773,1921.9169921875,230800,0.0,0.0
2016-11-14 00:00:00+09:00,1993.3935177664225,2108.5497169999408,1969.5680972353498,2100.60791015625,491200,0.0,0.0
2016-11-15 00:00:00+09:00,2116.490941317303,2152.2290622776327,2068.840113370197,2092.66552734375,426800,0.0,0.0
2016-11-16 00:00:00+09:00,2116.491035970052,2172.083671061198,2084.7238159179688,2144.287353515625,489200,0.0,0.0
2016-11-17 00:00:00+09:00,2104.578524502841,2148.258456143466,2096.63671875,2140.316650390625,408800,0.0,0.0
2016-11-18 00:00:00+09:00,2172.083580045452,2172.083580045452,2116.4909472837767,2136.345458984375,459400,0.0,0.0
2016-11-21 00:00:00+09:00,2140.3165630702556,2180.0255902144163,2128.4038549270076,2176.0546875,254800,0.0,0.0
2016-11-22 00:00:00+09:00,2164.1419349684356,2180.025545500314,2152.229227069527,2172.083740234375,287800,0.0,0.0
2016-11-24 00:00:00+09:00,2183.9964911036427,2191.938296525838,2120.4620477260823,2132.374755859375,429000,0.0,0.0
2016-11-25 00:00:00+09:00,2108.5497169999408,2128.404234109168,2056.92797251595,2100.60791015625,510800,0.0,0.0
2016-11-28 00:00:00+09:00,2068.840269174149,2132.3747112217234,2064.8693665461756,2128.40380859375,416200,0.0,0.0
2016-11-29 00:00:00+09:00,2104.578524502841,2140.316650390625,2096.63671875,2140.316650390625,306000,0.0,0.0
2016-11-30 00:00:00+09:00,2148.258456143466,2156.200261896307,2132.374844637784,2140.316650390625,341600,0.0,0.0
2016-12-01 00:00:00+09:00,2172.084203305452,2219.7350450598674,2156.200589387313,2191.938720703125,360200,0.0,0.0
2016-12-02 00:00:00+09:00,2183.9966254726423,2247.531072759119,2183.9966254726423,2231.6474609375,377400,0.0,0.0
2016-12-05 00:00:00+09:00,2211.7926151820593,2227.6762246268136,2199.8799080984936,2223.705322265625,285800,0.0,0.0
2016-12-06 00:00:00+09:00,2263.4145061580075,2287.2399220123025,2247.5308955884775,2259.443603515625,221200,0.0,0.0
2016-12-07 00:00:00+09:00,2287.239529639175,2315.035843367429,2283.268627677996,2311.06494140625,243000,0.0,0.0
2016-12-08 00:00:00+09:00,2338.861794211648,2366.658114346591,2315.036376953125,2358.71630859375,267000,0.0,0.0
2016-12-09 00:00:00+09:00,2382.541419719828,2418.279541015625,2382.541419719828,2418.279541015625,345400,0.0,0.0
2016-12-12 00:00:00+09:00,2442.104818514078,2454.017524945854,2366.6576777794967,2406.36669921875,341400,0.0,0.0
2016-12-13 00:00:00+09:00,2374.5996344357927,2402.395951226847,2346.8033176447384,2398.425048828125,235200,0.0,0.0
2016-12-14 00:00:00+09:00,2394.4544121387207,2394.4544121387207,2350.774480905676,2378.57080078125,196200,0.0,0.0
2016-12-15 00:00:00+09:00,2382.5411516635572,2422.25017085795,2362.686642066361,2394.453857421875,373800,0.0,0.0
2016-12-16 00:00:00+09:00,2426.221326200504,2461.9594472083672,2414.3086191978828,2438.134033203125,382600,0.0,0.0
2016-12-19 00:00:00+09:00,2418.279740584524,2442.1051567479185,2394.45432442113,2414.308837890625,216600,0.0,0.0
2016-12-20 00:00:00+09:00,2414.3088143687705,2418.2797170239824,2370.628885161441,2390.4833984375,294000,0.0,0.0
2016-12-21 00:00:00+09:00,2390.4833746788486,2406.366985141831,2346.803445905647,2366.657958984375,372800,0.0,0.0
2016-12-22 00:00:00+09:00,2350.774144091297,2350.774144091297,2295.181512305354,2326.94873046875,392400,0.0,0.0
2016-12-26 00:00:00+09:00,2350.773839013502,2354.7447407685922,2267.384902156604,2279.297607421875,288800,0.0,0.0
2016-12-27 00:00:00+09:00,2283.2690219221445,2334.890756330819,2283.2690219221445,2303.12353515625,335200,0.0,0.0
2016-12-28 00:00:00+09:00,2303.1232458981003,2322.977756638601,2287.2396373056995,2299.15234375,214600,0.0,0.0
2016-12-29 00:00:00+09:00,2271.3563562225877,2291.210869825932,2243.5600371779055,2263.41455078125,352000,0.0,0.0
2016-12-30 00:00:00+09:00,2251.5020648063496,2259.443871031416,2215.7639367935503,2239.58935546875,291600,0.0,0.0
2017-01-04 00:00:00+09:00,2255.473114431721,2330.92027847081,2247.531307690764,2319.007568359375,369600,0.0,0.0
2017-01-05 00:00:00+09:00,2342.832384775607,2350.7741894697615,2311.0651659989885,2330.919677734375,378600,0.0,0.0
2017-01-06 00:00:00+09:00,2295.1814416018997,2307.0941480462,2279.2978330094993,2299.15234375,222600,0.0,0.0
2017-01-10 00:00:00+09:00,2287.239967105263,2295.1817725466008,2247.5309398985746,2263.41455078125,223800,0.0,0.0
2017-01-11 00:00:00+09:00,2263.4140004015135,2291.210312687146,2263.4140004015135,2279.297607421875,164200,0.0,0.0
2017-01-12 00:00:00+09:00,2287.2395373233217,2291.2104392978413,2235.617811654566,2247.530517578125,216800,0.0,0.0
2017-01-13 00:00:00+09:00,2255.473076240166,2275.3275927563645,2247.5312696336864,2271.356689453125,232400,0.0,0.0
2017-01-16 00:00:00+09:00,2255.4724955277284,2267.3852023703043,2211.792570438283,2219.734375,201600,0.0,0.0
2017-01-17 00:00:00+09:00,2207.82224609375,2207.82224609375,2168.113212890625,2183.996826171875,390400,0.0,0.0
2017-01-18 00:00:00+09:00,2168.113212890625,2191.9386328125,2136.345986328125,2183.996826171875,396400,0.0,0.0
2017-01-19 00:00:00+09:00,2191.9380590339892,2255.4724955277284,2191.9380590339892,2219.734375,287800,0.0,0.0
2017-01-20 00:00:00+09:00,2223.705277280859,2239.5888864042936,2195.908961314848,2219.734375,205000,0.0,0.0
2017-01-23 00:00:00+09:00,2203.8509612981316,2203.8509612981316,2172.083740234375,2172.083740234375,179200,0.0,0.0
2017-01-24 00:00:00+09:00,2152.2293590198865,2168.112970525568,2132.374844637784,2140.316650390625,302000,0.0,0.0
2017-01-25 00:00:00+09:00,2180.0255006224247,2191.938208276099,2152.229182763851,2168.11279296875,182200,0.0,0.0
2017-01-26 00:00:00+09:00,2183.996318095439,2203.850830078125,2176.0545133023647,2203.850830078125,323000,0.0,0.0
2017-01-27 00:00:00+09:00,2203.850830078125,2211.7926348711994,2191.9381228885136,2203.850830078125,282200,0.0,0.0
2017-01-30 00:00:00+09:00,2187.9674849076705,2187.9674849076705,2112.520330255682,2140.316650390625,369200,0.0,0.0
2017-01-31 00:00:00+09:00,2096.6365848214286,2112.5201953125,2072.8111690848214,2084.723876953125,294000,0.0,0.0
2017-02-01 00:00:00+09:00,2056.927625154194,2120.4620691744008,2052.956722402931,2112.520263671875,257600,0.0,0.0
2017-02-02 00:00:00+09:00,2144.287945087139,2144.287945087139,2060.898969444862,2064.869873046875,239000,0.0,0.0
2017-02-03 00:00:00+09:00,2076.7819869937966,2144.287328827247,2064.8692796114233,2120.4619140625,334600,0.0,0.0
2017-02-06 00:00:00+09:00,2148.2584336157365,2160.1711421200753,2112.5203081027207,2116.4912109375,182600,0.0,0.0
2017-02-07 00:00:00+09:00,2112.520219073682,2132.3747324108404,2092.6657057365233,2108.54931640625,132400,0.0,0.0
2017-02-08 00:00:00+09:00,2104.5783928259098,2136.3456138496967,2104.5783928259098,2128.40380859375,137200,0.0,0.0
2017-02-09 00:00:00+09:00,2108.54931640625,2120.4620244085454,2092.6657057365233,2108.54931640625,146400,0.0,0.0
2017-02-10 00:00:00+09:00,2148.2583244365574,2180.025545500314,2132.3747139046786,2172.083740234375,289000,0.0,0.0
2017-02-13 00:00:00+09:00,2176.054640129431,2180.0255427574043,2128.40380859375,2128.40380859375,312200,0.0,0.0
2017-02-14 00:00:00+09:00,2144.28784779655,2144.28784779655,2096.6370067344046,2100.60791015625,329400,0.0,0.0
2017-02-15 00:00:00+09:00,2124.4328409830728,2148.2582560221354,2116.491035970052,2144.287353515625,217600,0.0,0.0
2017-02-16 00:00:00+09:00,2132.3747112217234,2156.200126989564,2112.5201980818565,2128.40380859375,290600,0.0,0.0
2017-02-17 00:00:00+09:00,2132.3747774281896,2136.3456801794528,2088.6948471642977,2112.520263671875,242200,0.0,0.0
2017-02-20 00:00:00+09:00,2092.6655332430587,2144.2872636646143,2084.72372856282,2136.345458984375,240600,0.0,0.0
2017-02-21 00:00:00+09:00,2136.3456815435084,2160.1710980662983,2124.4329732821134,2156.2001953125,213800,0.0,0.0
2017-02-22 00:00:00+09:00,2168.112903573895,2168.112903573895,2140.3165842973067,2156.2001953125,189400,0.0,0.0
2017-02-23 00:00:00+09:00,2172.083963165001,2172.083963165001,2116.491320597707,2148.258544921875,260200,0.0,0.0
2017-02-24 00:00:00+09:00,2128.403743489583,2148.2582560221354,2120.4619384765624,2144.287353515625,201000,0.0,0.0
2017-02-27 00:00:00+09:00,2112.5200588182474,2120.4618635506467,2068.8401327900506,2072.81103515625,359400,0.0,0.0
2017-02-28 00:00:00+09:00,2088.6951998907134,2124.4333306873227,2084.724296468868,2100.60791015625,324800,0.0,0.0
2017-03-01 00:00:00+09:00,2092.6658158735795,2108.5494273792615,2088.694912997159,2096.63671875,222400,0.0,0.0
2017-03-02 00:00:00+09:00,2136.3456801794528,2136.3456801794528,2112.520263671875,2112.520263671875,200200,0.0,0.0
2017-03-03 00:00:00+09:00,2092.6656821986608,2100.6074874441965,2072.8111690848214,2084.723876953125,273400,0.0,0.0
2017-03-06 00:00:00+09:00,2072.811455672231,2096.636874702947,2052.956939813302,2088.695068359375,236000,0.0,0.0
2017-03-07 00:00:00+09:00,2084.723722685899,2092.66552734375,2076.781918028048,2092.66552734375,161800,0.0,0.0
2017-03-08 00:00:00+09:00,2080.752974330357,2096.6365848214286,2072.8111690848214,2084.723876953125,203600,0.0,0.0
2017-03-09 00:00:00+09:00,2092.66552734375,2096.6364296726756,2080.7528203569736,2092.66552734375,173000,0.0,0.0
2017-03-10 00:00:00+09:00,2112.5201980818565,2132.3747112217234,2108.549295453883,2128.40380859375,285000,0.0,0.0
2017-03-13 00:00:00+09:00,2124.43310546875,2128.404008469626,2108.549493465245,2124.43310546875,79800,0.0,0.0
2017-03-14 00:00:00+09:00,2128.4039194418388,2132.3748222766185,2112.5203081027207,2116.4912109375,111200,0.0,0.0
2017-03-15 00:00:00+09:00,2100.607599598382,2128.4039194418388,2100.607599598382,2116.4912109375,152800,0.0,0.0
2017-03-16 00:00:00+09:00,2092.6656821986608,2096.6365848214286,2076.7820717075892,2084.723876953125,177800,0.0,0.0
2017-03-17 00:00:00+09:00,2084.724391056941,2088.695294658954,2052.9571622408353,2064.869873046875,201000,0.0,0.0
2017-03-21 00:00:00+09:00,2056.9281792114966,2072.811794494983,2041.0445639280101,2052.957275390625,210000,0.0,0.0
2017-03-22 00:00:00+09:00,1997.363801449835,2013.2474102088793,1985.4510948805514,1989.4219970703125,313400,0.0,0.0
2017-03-23 00:00:00+09:00,1969.5678491709184,1969.5678491709184,1941.7715287189094,1945.742431640625,284600,0.0,0.0
2017-03-24 00:00:00+09:00,1953.6844239263708,1989.422553632341,1949.7135206257076,1973.5389404296875,261800,0.0,0.0
2017-03-27 00:00:00+09:00,1953.6843942110656,1953.6843942110656,1917.946265048668,1937.80078125,234200,0.0,0.0
2017-03-28 00:00:00+09:00,1965.5965708537276,1981.480179507091,1957.6547665270457,1977.50927734375,267000,0.0,0.0
2017-03-29 00:00:00+09:00,1987.52685546875,2003.5552978515625,1955.469970703125,1971.4984130859375,284600,22.5,0.0
2017-03-30 00:00:00+09:00,1967.4913944174175,1979.5127267662,1955.470062068635,1959.4771728515625,189600,0.0,0.0
2017-03-31 00:00:00+09:00,1975.5060855343133,1991.5345324757682,1931.4278564453125,1931.4278564453125,274600,0.0,0.0
2017-04-03 00:00:00+09:00,1923.4134237421383,1923.4134237421383,1899.3707559453617,1911.39208984375,317400,0.0,0.0
2017-04-04 00:00:00+09:00,1895.36352721257,1899.3706382637595,1867.3137498542446,1879.3350830078125,328800,0.0,0.0
2017-04-05 00:00:00+09:00,1883.3424426663305,1895.363777406754,1851.2855500252015,1863.306884765625,328400,0.0,0.0
2017-04-06 00:00:00+09:00,1859.299717456427,1863.3068289164623,1823.2357143161084,1839.26416015625,276400,0.0,0.0
2017-04-07 00:00:00+09:00,1867.3138140355022,1887.349369980089,1843.2711469019978,1855.29248046875,381600,0.0,0.0
2017-04-10 00:00:00+09:00,1863.3066388030552,1891.3564161613808,1855.2924167006765,1879.3350830078125,229400,0.0,0.0
2017-04-11 00:00:00+09:00,1863.3066097144917,1875.3279426803917,1851.2852767485917,1867.313720703125,243800,0.0,0.0
2017-04-12 00:00:00+09:00,1851.2855500252015,1875.3282195060483,1843.2713268649193,1863.306884765625,193000,0.0,0.0
2017-04-13 00:00:00+09:00,1831.24966351053,1855.29232867697,1823.2354417883832,1843.27099609375,274000,0.0,0.0
2017-04-14 00:00:00+09:00,1827.2425526494565,1859.2994395380435,1819.2283309273098,1843.27099609375,167600,0.0,0.0
2017-04-17 00:00:00+09:00,1827.243010205826,1843.2714576637718,1803.2003390189072,1831.2501220703125,175400,0.0,0.0
2017-04-18 00:00:00+09:00,1855.2926616053426,1895.363777406754,1851.2855500252015,1863.306884765625,198600,0.0,0.0
2017-04-19 00:00:00+09:00,1847.2783484623349,1875.3281281569907,1827.2427915375808,1859.2996826171875,243600,0.0,0.0
2017-04-20 00:00:00+09:00,1863.3066388030552,1899.3706382637595,1859.2995277518658,1879.3350830078125,189600,0.0,0.0
2017-04-21 00:00:00+09:00,1907.3848897643009,1911.3920008772511,1875.3280008606991,1891.3564453125,255400,0.0,0.0
2017-04-24 00:00:00+09:00,1923.4134521484375,1943.4490089416504,1911.39211807251,1923.4134521484375,198200,0.0,0.0
2017-04-25 00:00:00+09:00,1927.420467807527,1963.4844682446742,1923.413356647844,1951.463134765625,229800,0.0,0.0
2017-04-26 00:00:00+09:00,1963.4841918945312,1975.5055236816406,1955.469970703125,1971.4984130859375,250000,0.0,0.0
2017-04-27 00:00:00+09:00,1971.4989329413825,1979.5131562460222,1955.4704863321028,1967.4918212890625,179200,0.0,0.0
2017-04-28 00:00:00+09:00,1967.4918620635858,1975.5060855343133,1919.4065212392213,1931.4278564453125,174400,0.0,0.0
2017-05-01 00:00:00+09:00,1919.406494140625,1923.4136058194154,1891.3567123890919,1919.406494140625,263400,0.0,0.0
2017-05-02 00:00:00+09:00,1931.4279729898085,1955.470644852752,1927.4208610126511,1947.4564208984375,211000,0.0,0.0
2017-05-08 00:00:00+09:00,1979.5132636796409,2019.5843823776092,1975.506151809844,2015.5772705078125,313200,0.0,0.0
2017-05-09 00:00:00+09:00,2011.5697641601562,2011.5697641601562,1987.52709765625,2003.5555419921875,181800,0.0,0.0
2017-05-10 00:00:00+09:00,2003.555174796812,2007.5622851464057,1971.498292000063,1987.5267333984375,215000,0.0,0.0
2017-05-11 00:00:00+09:00,1991.5346679687498,1999.5488919847207,1963.484883912852,1991.53466796875,203800,0.0,0.0
2017-05-12 00:00:00+09:00,1983.5196533203125,1987.5267637310606,1967.49121167732,1983.5196533203125,167200,0.0,0.0
2017-05-15 00:00:00+09:00,2043.6273615910457,2095.719823749249,1999.5491243802585,2083.698486328125,479600,0.0,0.0
2017-05-16 00:00:00+09:00,2095.7193643500123,2099.7264759453274,2055.648248396857,2079.69091796875,281000,0.0,0.0
2017-05-17 00:00:00+09:00,2063.6622911818486,2071.676513671875,2039.6196237117686,2071.676513671875,339800,0.0,0.0
2017-05-18 00:00:00+09:00,2023.5910365093184,2035.6123693994728,1983.5199268754704,1995.541259765625,331600,0.0,0.0
2017-05-19 00:00:00+09:00,1995.5417799767354,1999.5488919847207,1971.499107928823,1991.53466796875,238600,0.0,0.0
2017-05-22 00:00:00+09:00,1987.5267637310606,1991.5338741418086,1963.484101266572,1983.5196533203125,253600,0.0,0.0
2017-05-23 00:00:00+09:00,1983.519896237788,2007.562561646731,1979.5127853362976,1999.54833984375,271800,0.0,0.0
2017-05-24 00:00:00+09:00,1991.5345099095805,2035.6127384991285,1959.4776163899091,2011.570068359375,365800,0.0,0.0
2017-05-25 00:00:00+09:00,2003.5554816923946,2023.5910365093184,1991.5341488022402,1995.541259765625,334600,0.0,0.0
2017-05-26 00:00:00+09:00,1995.5416215995394,2023.5914034292518,1995.5416215995394,2011.570068359375,358200,0.0,0.0
2017-05-29 00:00:00+09:00,1999.54833984375,2015.576783449712,1995.5412289422595,1999.54833984375,175800,0.0,0.0
2017-05-30 00:00:00+09:00,1987.5269172512756,1995.541138691805,1959.4771422094227,1963.4842529296875,194800,0.0,0.0
2017-05-31 00:00:00+09:00,1955.470308472938,1967.4916423365012,1939.4418633215205,1943.448974609375,204400,0.0,0.0
2017-06-01 00:00:00+09:00,1943.4486389160156,1987.52685546875,1943.4486389160156,1971.4984130859375,288600,0.0,0.0
2017-06-02 00:00:00+09:00,1991.5345322284809,2055.6483199863396,1983.5203087587486,2039.619873046875,268200,0.0,0.0
2017-06-05 00:00:00+09:00,2011.5701586380155,2023.5914942474062,1991.5345992890313,2015.5772705078125,177400,0.0,0.0
2017-06-06 00:00:00+09:00,2019.5841970915842,2051.641089108911,2011.5699740872524,2023.59130859375,225400,0.0,0.0
2017-06-07 00:00:00+09:00,2003.5557200314972,2031.605500111938,1995.5414971513712,2027.598388671875,185200,0.0,0.0
2017-06-08 00:00:00+09:00,2039.6200213432312,2067.6698055267334,2039.6200213432312,2051.641357421875,270800,0.0,0.0
2017-06-09 00:00:00+09:00,2051.641230620155,2071.67678951293,2035.612783505935,2067.669677734375,265800,0.0,0.0
2017-06-12 00:00:00+09:00,2075.6839331765777,2099.7266042172328,2055.6483739760315,2063.66259765625,188400,0.0,0.0
2017-06-13 00:00:00+09:00,2055.6480686918217,2083.6978474069147,2051.6409574468084,2071.676513671875,106400,0.0,0.0
2017-06-14 00:00:00+09:00,2075.6842613807094,2099.7269362229567,2075.6842613807094,2083.698486328125,199200,0.0,0.0
2017-06-15 00:00:00+09:00,2063.662693500519,2087.7053656578064,2047.6342453956604,2051.641357421875,146600,0.0,0.0
2017-06-16 00:00:00+09:00,2079.69101307004,2099.726571962815,2059.6554541772653,2067.669677734375,228200,0.0,0.0
2017-06-19 00:00:00+09:00,2059.655056944278,2095.7190559958317,2059.655056944278,2087.704833984375,130600,0.0,0.0
2017-06-20 00:00:00+09:00,2103.7330931459023,2143.8041996820148,2103.7330931459023,2111.747314453125,214600,0.0,0.0
2017-06-21 00:00:00+09:00,2099.7264759453274,2103.733587540643,2063.662471587488,2079.69091796875,211000,0.0,0.0
2017-06-22 00:00:00+09:00,2079.69091796875,2091.7122527546967,2071.676694778119,2079.69091796875,97800,0.0,0.0
2017-06-23 00:00:00+09:00,2091.7123389790077,2099.7265625,2071.676780176527,2099.7265625,116000,0.0,0.0
2017-06-26 00:00:00+09:00,2099.726292386968,2099.726292386968,2067.669402426862,2071.676513671875,78400,0.0,0.0
2017-06-27 00:00:00+09:00,2099.7265625,2103.733674260496,2087.7052272185115,2099.7265625,152600,0.0,0.0
2017-06-28 00:00:00+09:00,2099.726553321781,2139.797670751586,2099.726553321781,2131.783447265625,125600,0.0,0.0
2017-06-29 00:00:00+09:00,2159.832883718923,2183.875550328039,2147.811550414365,2175.861328125,228000,0.0,0.0
2017-06-30 00:00:00+09:00,2167.847518948491,2247.989756247881,2155.826183353583,2215.932861328125,430000,0.0,0.0
2017-07-03 00:00:00+09:00,2203.911400183741,2231.961181640625,2195.8971769103455,2231.961181640625,215800,0.0,0.0
2017-07-04 00:00:00+09:00,2247.989229608529,2260.010562387184,2215.932342198782,2219.939453125,193800,0.0,0.0
2017-07-05 00:00:00+09:00,2223.9468645368306,2256.0037562779016,2223.9468645368306,2243.982421875,300000,0.0,0.0
2017-07-06 00:00:00+09:00,2243.982516550718,2256.0038514608113,2223.94695836723,2231.961181640625,211600,0.0,0.0
2017-07-07 00:00:00+09:00,2211.92578125,2235.968452785326,2207.9186693274455,2211.92578125,193600,0.0,0.0
2017-07-10 00:00:00+09:00,2227.9541969230336,2231.961308788003,2207.9186375981863,2215.932861328125,126600,0.0,0.0
2017-07-11 00:00:00+09:00,2231.961204582918,2264.0180980060118,2223.9469812271445,2260.010986328125,196800,0.0,0.0
2017-07-12 00:00:00+09:00,2272.03186365076,2272.03186365076,2219.939422332489,2223.946533203125,158400,0.0,0.0
2017-07-13 00:00:00+09:00,2243.9823024392986,2251.99652494801,2219.939634913163,2227.953857421875,229400,0.0,0.0
2017-07-14 00:00:00+09:00,2239.9754049140206,2243.982516550718,2219.939846730532,2231.961181640625,190400,0.0,0.0
2017-07-17 00:00:00+09:00,2231.961181640625,2231.961181640625,2231.961181640625,2231.961181640625,0,0.0,0.0
2017-07-18 00:00:00+09:00,2211.9259095574816,2215.933021712477,2175.861900162523,2195.8974609375,228200,0.0,0.0
2017-07-19 00:00:00+09:00,2191.89013671875,2203.911472020681,2175.8616896495087,2191.89013671875,132800,0.0,0.0
2017-07-20 00:00:00+09:00,2191.8895565518465,2207.917999378551,2175.861113725142,2203.910888671875,176600,0.0,0.0
2017-07-21 00:00:00+09:00,2183.876008426442,2187.883120368509,2143.8048890057735,2179.868896484375,209000,0.0,0.0
2017-07-24 00:00:00+09:00,2155.8258034118426,2175.861359205633,2131.7831364592944,2171.854248046875,189200,0.0,0.0
2017-07-25 00:00:00+09:00,2179.868992606285,2183.8761047250464,2159.833432012477,2167.84765625,165000,0.0,0.0
2017-07-26 00:00:00+09:00,2187.882539823458,2191.8896507022555,2147.811431035482,2159.832763671875,179200,0.0,0.0
2017-07-27 00:00:00+09:00,2143.804624759951,2167.8472934488477,2115.7548446229052,2151.81884765625,273200,0.0,0.0
2017-07-28 00:00:00+09:00,2119.762080609463,2143.8047507108936,2119.762080609463,2135.79052734375,162000,0.0,0.0
2017-07-31 00:00:00+09:00,2268.02529537154,2296.075078176488,2243.98262439587,2280.046630859375,611600,0.0,0.0
2017-08-01 00:00:00+09:00,2276.038848930776,2276.038848930776,2239.9748530850416,2272.03173828125,240400,0.0,0.0
2017-08-02 00:00:00+09:00,2292.067663812722,2304.0889977138377,2256.003662109375,2256.003662109375,199400,0.0,0.0
2017-08-03 00:00:00+09:00,2247.989439508631,2256.003662109375,2227.953883006772,2256.003662109375,197000,0.0,0.0
2017-08-04 00:00:00+09:00,2231.9609943071437,2268.0249960104907,2231.9609943071437,2256.003662109375,161400,0.0,0.0
2017-08-07 00:00:00+09:00,2280.0464250837053,2280.0464250837053,2243.982421875,2243.982421875,127800,0.0,0.0
2017-08-08 00:00:00+09:00,2243.9823024392986,2251.99652494801,2223.946746167519,2227.953857421875,122600,0.0,0.0
2017-08-09 00:00:00+09:00,2211.9259095574816,2211.9259095574816,2167.847675852532,2195.8974609375,197000,0.0,0.0
2017-08-10 00:00:00+09:00,2191.89013671875,2195.89724848606,2155.826130812957,2191.89013671875,190200,0.0,0.0
2017-08-11 00:00:00+09:00,2191.89013671875,2191.89013671875,2191.89013671875,2191.89013671875,0,0.0,0.0
2017-08-14 00:00:00+09:00,2167.84765625,2195.8974410813307,2151.8192077749536,2167.84765625,196800,0.0,0.0
2017-08-15 00:00:00+09:00,2183.875550328039,2203.9111058356357,2167.8471059219614,2175.861328125,162400,0.0,0.0
2017-08-16 00:00:00+09:00,2167.847078693447,2167.847078693447,2139.7973013351216,2147.8115234375,152600,0.0,0.0
2017-08-17 00:00:00+09:00,2139.7975759345795,2155.826022196262,2131.783352803738,2143.8046875,150600,0.0,0.0
2017-08-18 00:00:00+09:00,2111.7475896915103,2115.7547008673955,2091.712033812084,2107.740478515625,172000,0.0,0.0
2017-08-21 00:00:00+09:00,2119.762033921905,2123.7691455172207,2071.676694778119,2079.69091796875,188000,0.0,0.0
2017-08-22 00:00:00+09:00,2083.6978474069147,2087.7049586519283,2067.669402426862,2071.676513671875,102400,0.0,0.0
2017-08-23 00:00:00+09:00,2099.7266042172328,2103.733716057342,2059.6554858161408,2063.66259765625,129000,0.0,0.0
2017-08-24 00:00:00+09:00,2067.6694962913425,2091.7121648528696,2059.6552734375,2059.6552734375,126800,0.0,0.0
2017-08-25 00:00:00+09:00,2075.6838063734344,2095.7193643500123,2067.6695831828033,2079.69091796875,169600,0.0,0.0
2017-08-28 00:00:00+09:00,2075.683938222389,2075.683938222389,2035.612819723887,2047.6341552734375,136800,0.0,0.0
2017-08-29 00:00:00+09:00,2027.5979918831667,2035.612213194958,2007.5624386036889,2031.6051025390625,130800,0.0,0.0
2017-08-30 00:00:00+09:00,2035.6126708984373,2047.6340055690973,2027.598447784664,2035.6126708984375,112600,0.0,0.0
2017-08-31 00:00:00+09:00,2055.64794921875,2095.7190593399732,2047.6337271945054,2055.64794921875,211800,0.0,0.0
2017-09-01 00:00:00+09:00,2079.6907049348456,2087.704927304537,2051.6409266409264,2075.68359375,196800,0.0,0.0
2017-09-04 00:00:00+09:00,2059.6553402397576,2071.6766749104177,2027.598447784664,2035.6126708984375,146600,0.0,0.0
2017-09-05 00:00:00+09:00,2035.6128298567967,2039.6199417265934,2011.5701586380155,2015.5772705078125,119000,0.0,0.0
2017-09-06 00:00:00+09:00,1991.5338437480311,1995.5409540976248,1975.5054023496566,1987.5267333984375,121800,0.0,0.0
2017-09-07 00:00:00+09:00,2011.5701586380155,2039.6199417265934,2007.5630467682188,2015.5772705078125,177600,0.0,0.0
2017-09-08 00:00:00+09:00,1999.548094963305,1999.548094963305,1971.498322088068,1983.5196533203125,189600,0.0,0.0
2017-09-11 00:00:00+09:00,2015.5772212339946,2027.5985565495055,1963.484768200114,1975.506103515625,187400,0.0,0.0
2017-09-12 00:00:00+09:00,2007.562561646731,2011.5696725482214,1987.5270071392786,1999.54833984375,114600,0.0,0.0
2017-09-13 00:00:00+09:00,2023.5908812272712,2039.6193238508536,2015.5766599154801,2031.6051025390625,76200,0.0,0.0
2017-09-14 00:00:00+09:00,2047.63357555913,2075.683350566789,2035.6122434129902,2043.62646484375,118200,0.0,0.0
2017-09-15 00:00:00+09:00,2043.626827729815,2071.6766077182633,2035.6126048759727,2059.6552734375,175000,0.0,0.0
2017-09-18 00:00:00+09:00,2059.6552734375,2059.6552734375,2059.6552734375,2059.6552734375,0,0.0,0.0
2017-09-19 00:00:00+09:00,2091.7121517541273,2131.7832657724057,2075.683706146816,2123.76904296875,176800,0.0,0.0
2017-09-20 00:00:00+09:00,2139.797119140625,2143.804229850626,2123.7686763006204,2139.797119140625,137000,0.0,0.0
2017-09-21 00:00:00+09:00,2167.8471991644965,2191.8898668077254,2159.8329766167535,2163.840087890625,138400,0.0,0.0
2017-09-22 00:00:00+09:00,2187.882961919399,2203.911408526867,2179.868738615665,2199.904296875,193600,0.0,0.0
2017-09-25 00:00:00+09:00,2199.903898493908,2223.9465640512185,2195.8967875676894,2219.939453125,121400,0.0,0.0
2017-09-26 00:00:00+09:00,2211.9254124044514,2231.960968676231,2199.904078641384,2227.953857421875,125600,0.0,0.0
2017-09-27 00:00:00+09:00,2246.0149722993265,2307.82453372429,2169.7564224893067,2205.076171875,246500,4.5,0.2
2017-09-28 00:00:00+09:00,2231.5661219431777,2258.8586572475187,2207.48447314523,2244.40966796875,223900,0.0,0.0
2017-09-29 00:00:00+09:00,2226.749844964997,2237.1852263581277,2213.9062986349895,2232.368896484375,151200,0.0,0.0
2017-10-02 00:00:00+09:00,2233.9742759682604,2240.3960489498436,2213.103513778115,2228.355224609375,154700,0.0,0.0
2017-10-03 00:00:00+09:00,2242.804616435593,2242.804616435593,2205.076693396053,2222.736572265625,201800,0.0,0.0
2017-10-04 00:00:00+09:00,2225.144107146876,2239.593094855622,2213.103284056255,2229.15771484375,192800,0.0,0.0
2017-10-05 00:00:00+09:00,2215.511578073845,2219.5251860051385,2204.273475866224,2206.681640625,110100,0.0,0.0
2017-10-06 00:00:00+09:00,2217.9197785408264,2244.409591313844,2211.4980057473676,2239.59326171875,155300,0.0,0.0
2017-10-09 00:00:00+09:00,2239.59326171875,2239.59326171875,2239.59326171875,2239.59326171875,0,0.0,0.0
2017-10-10 00:00:00+09:00,2233.974131319985,2282.1374255633195,2233.974131319985,2280.531982421875,269200,0.0,0.0
2017-10-11 00:00:00+09:00,2266.885922673155,2284.545798841289,2258.8587062330944,2262.872314453125,142100,0.0,0.0
2017-10-12 00:00:00+09:00,2274.110199446135,2274.110199446135,2233.1713995267023,2233.97412109375,149700,0.0,0.0
2017-10-13 00:00:00+09:00,2230.764091013667,2246.818528516464,2197.852494132933,2242.002197265625,183700,0.0,0.0
2017-10-16 00:00:00+09:00,2241.1986254564854,2290.9673628412643,2225.946915612763,2280.531982421875,216800,0.0,0.0
2017-10-17 00:00:00+09:00,2303.811515727796,2307.0224028577304,2276.518975123355,2287.757080078125,119500,0.0,0.0
2017-10-18 00:00:00+09:00,2281.334767924005,2290.164705449397,2266.885779246091,2284.545654296875,112700,0.0,0.0
2017-10-19 00:00:00+09:00,2296.586505349174,2296.586505349174,2258.0558684191633,2270.8994140625,123900,0.0,0.0
2017-10-20 00:00:00+09:00,2262.069439438513,2270.0966553343205,2242.0013996989946,2253.239501953125,136800,0.0,0.0
2017-10-23 00:00:00+09:00,2288.55901734737,2289.3617388546827,2262.0692076060645,2269.293701171875,125400,0.0,0.0
2017-10-24 00:00:00+09:00,2285.348477893554,2291.7702509259207,2262.069550651224,2290.967529296875,201600,0.0,0.0
2017-10-25 00:00:00+09:00,2311.8388043478258,2326.287796875,2299.7979772418475,2307.8251953125,269500,0.0,0.0
2017-10-26 00:00:00+09:00,2314.246222875164,2314.246222875164,2284.5455255992774,2291.77001953125,137000,0.0,0.0
2017-10-27 00:00:00+09:00,2305.416613138061,2361.6071294749913,2297.3893965184993,2343.14453125,231600,0.0,0.0
2017-10-30 00:00:00+09:00,2327.0903572784705,2334.314853040977,2299.797817731224,2328.69580078125,280700,0.0,0.0
2017-10-31 00:00:00+09:00,2311.8379934210525,2316.654322574013,2291.769955283717,2303.008056640625,150000,0.0,0.0
2017-11-01 00:00:00+09:00,2323.076838507401,2327.8931692023025,2280.532584035773,2287.757080078125,167000,0.0,0.0
2017-11-02 00:00:00+09:00,2293.376043720107,2334.314853040977,2266.88622592425,2328.69580078125,194200,0.0,0.0
2017-11-03 00:00:00+09:00,2328.69580078125,2328.69580078125,2328.69580078125,2328.69580078125,0,0.0,0.0
2017-11-06 00:00:00+09:00,2319.86556184506,2327.8927783220324,2258.0559949723715,2278.9267578125,182100,0.0,0.0
2017-11-07 00:00:00+09:00,2252.4369536510253,2303.008417685243,2247.620623743004,2294.981201171875,221700,0.0,0.0
2017-11-08 00:00:00+09:00,2278.1238049144476,2285.3482990103707,2260.4639304577468,2279.729248046875,183300,0.0,0.0
2017-11-09 00:00:00+09:00,2306.2192402487462,2313.443734910159,2262.069550651224,2290.967529296875,256100,0.0,0.0
2017-11-10 00:00:00+09:00,2255.6483245381114,2275.7163701300874,2239.5938880645303,2248.423828125,167800,0.0,0.0
2017-11-13 00:00:00+09:00,2216.314235320244,2223.538729386844,2181.7972081131556,2202.66796875,198600,0.0,0.0
2017-11-14 00:00:00+09:00,2223.538822408888,2223.538822408888,2171.36191863395,2177.78369140625,147400,0.0,0.0
2017-11-15 00:00:00+09:00,2155.3078822570983,2157.7160474886705,2100.7228036747956,2125.607177734375,179000,0.0,0.0
2017-11-16 00:00:00+09:00,2087.076258895421,2123.198732607072,2062.9946097543198,2107.947021484375,259200,0.0,0.0
2017-11-17 00:00:00+09:00,2107.946674013743,2110.3548385308954,2071.8242062564627,2086.273193359375,288300,0.0,0.0
2017-11-20 00:00:00+09:00,2081.456839185242,2107.9466485539706,2081.456839185242,2099.91943359375,226100,0.0,0.0
2017-11-21 00:00:00+09:00,2095.1039536916014,2102.328450083641,2073.430464515481,2091.89306640625,195300,0.0,0.0
2017-11-22 00:00:00+09:00,2082.2600605107896,2091.892720775296,2068.613791802739,2085.470947265625,210700,0.0,0.0
2017-11-23 00:00:00+09:00,2085.470947265625,2085.470947265625,2085.470947265625,2085.470947265625,0,0.0,0.0
2017-11-24 00:00:00+09:00,2055.7698267886512,2076.64058645148,2044.5317254317433,2074.232421875,195700,0.0,0.0
2017-11-27 00:00:00+09:00,2079.851821917205,2087.0763168601825,2056.572893767611,2065.40283203125,124800,0.0,0.0
2017-11-28 00:00:00+09:00,2052.5593212353842,2061.389259652901,2038.9130527719499,2044.5321044921875,153500,0.0,0.0
2017-11-29 00:00:00+09:00,2074.232653255662,2089.4843639413652,2064.599993875218,2073.429931640625,155700,0.0,0.0
2017-11-30 00:00:00+09:00,2103.9336906502253,2143.267056099238,2103.9336906502253,2125.607177734375,394500,0.0,0.0
2017-12-01 00:00:00+09:00,2127.2126212220896,2139.2534473799506,2107.947299369512,2125.607177734375,245800,0.0,0.0
2017-12-04 00:00:00+09:00,2138.450325718418,2144.069376874585,2115.171399500012,2115.97412109375,214100,0.0,0.0
2017-12-05 00:00:00+09:00,2111.1575749519757,2199.45694120472,2105.538524372256,2193.837890625,362400,0.0,0.0
2017-12-06 00:00:00+09:00,2184.2058220940667,2188.2194307344453,2122.396249032235,2138.45068359375,290900,0.0,0.0
2017-12-07 00:00:00+09:00,2130.423006519335,2137.647500512807,2104.7359167647687,2109.55224609375,263600,0.0,0.0
2017-12-08 00:00:00+09:00,2099.1173644042788,2163.3351040418856,2099.1173644042788,2156.913330078125,278300,0.0,0.0
2017-12-11 00:00:00+09:00,2169.7568158003537,2199.45751953125,2164.9404854656136,2199.45751953125,137100,0.0,0.0
2017-12-12 00:00:00+09:00,2207.484448049951,2251.63413701095,2205.8790048150054,2242.80419921875,180800,0.0,0.0
2017-12-13 00:00:00+09:00,2266.082828244369,2303.8107393061773,2250.0283980053014,2285.34814453125,273400,0.0,0.0
2017-12-14 00:00:00+09:00,2239.5927993206037,2266.8853280578437,2217.1165991840526,2241.1982421875,216900,0.0,0.0
2017-12-15 00:00:00+09:00,2240.3967796292463,2240.3967796292463,2201.866129173423,2212.301513671875,176800,0.0,0.0
2017-12-18 00:00:00+09:00,2234.776993936567,2269.2940236561335,2234.776993936567,2258.858642578125,211200,0.0,0.0
2017-12-19 00:00:00+09:00,2265.2807364389405,2274.9133972600844,2250.02902347213,2263.67529296875,116800,0.0,0.0
2017-12-20 00:00:00+09:00,2257.2530811877623,2315.049034902385,2254.0421948702833,2297.38916015625,197000,0.0,0.0
2017-12-21 00:00:00+09:00,2296.586518261374,2297.3892398685953,2267.6885404013915,2271.7021484375,148100,0.0,0.0
2017-12-22 00:00:00+09:00,2277.3210970029013,2300.600022562677,2260.4639440113397,2265.2802734375,159800,0.0,0.0
2017-12-25 00:00:00+09:00,2262.069543753912,2286.953914178458,2237.987894955964,2244.40966796875,98300,0.0,0.0
2017-12-26 00:00:00+09:00,2258.055895440439,2270.89944123747,2247.620514480352,2257.253173828125,91700,0.0,0.0
2017-12-27 00:00:00+09:00,2278.926565888921,2290.164668010247,2260.463969546742,2266.8857421875,93600,0.0,0.0
2017-12-28 00:00:00+09:00,2239.593184025765,2270.09660373651,2229.96052516974,2250.028564453125,143900,0.0,0.0
2017-12-29 00:00:00+09:00,2249.225904195307,2298.191921381572,2239.5932450766973,2284.545654296875,209900,0.0,0.0
2018-01-01 00:00:00+09:00,2284.545654296875,2284.545654296875,2284.545654296875,2284.545654296875,0,0.0,0.0
2018-01-02 00:00:00+09:00,2284.545654296875,2284.545654296875,2284.545654296875,2284.545654296875,0,0.0,0.0
2018-01-03 00:00:00+09:00,2284.545654296875,2284.545654296875,2284.545654296875,2284.545654296875,0,0.0,0.0
2018-01-04 00:00:00+09:00,2244.4092238926446,2323.075927734375,2243.6065024248715,2323.075927734375,271800,0.0,0.0
2018-01-05 00:00:00+09:00,2352.7772012861783,2386.491511232961,2343.947262966783,2359.198974609375,230600,0.0,0.0
2018-01-08 00:00:00+09:00,2359.198974609375,2359.198974609375,2359.198974609375,2359.198974609375,0,0.0,0.0
2018-01-09 00:00:00+09:00,2364.8182370117524,2368.029123959494,2326.2875936388523,2341.539306640625,151000,0.0,0.0
2018-01-10 00:00:00+09:00,2396.124015114524,2516.532257080078,2392.913128662109,2472.382568359375,567000,0.0,0.0
2018-01-11 00:00:00+09:00,2504.4914328835225,2512.5186490145597,2448.3009199662642,2472.382568359375,244400,0.0,0.0
2018-01-12 00:00:00+09:00,2464.3550447789635,2504.491120426829,2444.2870069550304,2468.36865234375,203100,0.0,0.0
2018-01-15 00:00:00+09:00,2488.437000621449,2520.5458651455965,2448.3009199662642,2472.382568359375,204900,0.0,0.0
2018-01-16 00:00:00+09:00,2472.382921362705,2488.437355917008,2436.2604436155225,2448.30126953125,128300,0.0,0.0
2018-01-17 00:00:00+09:00,2432.246518272211,2452.3145588520147,2412.1784776924073,2428.23291015625,176200,0.0,0.0
2018-01-18 00:00:00+09:00,2452.314326916711,2456.327934653072,2366.4231213585804,2368.028564453125,245500,0.0,0.0
2018-01-19 00:00:00+09:00,2396.9268001710225,2405.7567381488793,2351.171667013036,2368.83154296875,181700,0.0,0.0
2018-01-22 00:00:00+09:00,2373.648124802207,2373.648124802207,2330.301151944811,2338.328369140625,107400,0.0,0.0
2018-01-23 00:00:00+09:00,2354.3824252566774,2381.674959337389,2348.763374122413,2376.055908203125,151400,0.0,0.0
2018-01-24 00:00:00+09:00,2357.5938759225482,2368.8319808809806,2343.1448838331353,2365.62109375,108200,0.0,0.0
2018-01-25 00:00:00+09:00,2337.525574575831,2339.1310179649627,2310.233036960591,2318.26025390625,132200,0.0,0.0
2018-01-26 00:00:00+09:00,2319.062873840332,2331.1036987304688,2306.2193272908526,2311.83837890625,109500,0.0,0.0
2018-01-29 00:00:00+09:00,2319.0629629115974,2339.9337268561117,2295.784033896562,2317.45751953125,155100,0.0,0.0
2018-01-30 00:00:00+09:00,2339.9336088349746,2356.790763478383,2298.994804700984,2325.484619140625,258100,0.0,0.0
2018-01-31 00:00:00+09:00,2319.06278631348,2347.9607649591308,2290.164807667829,2290.967529296875,416700,0.0,0.0
2018-02-01 00:00:00+09:00,2331.103521484375,2420.2056188964843,2307.021873535156,2408.164794921875,391600,0.0,0.0
2018-02-02 00:00:00+09:00,2407.3620958027086,2456.3281137566814,2396.926714927272,2440.273681640625,318900,0.0,0.0
2018-02-05 00:00:00+09:00,2408.164858699043,2428.2328991882023,2358.39611828593,2412.178466796875,278500,0.0,0.0
2018-02-06 00:00:00+09:00,2350.3694997322386,2350.3694997322386,2201.0632405279366,2248.423828125,394800,0.0,0.0
2018-02-07 00:00:00+09:00,2315.0486140647386,2333.5112070340483,2241.1982421875,2241.1982421875,304200,0.0,0.0
2018-02-08 00:00:00+09:00,2233.974677000807,2243.6073382023915,2204.2739716292544,2222.736572265625,197300,0.0,0.0
2018-02-09 00:00:00+09:00,2171.3617650653114,2182.5998666220266,2134.4365742361047,2168.15087890625,354800,0.0,0.0
2018-02-12 00:00:00+09:00,2168.15087890625,2168.15087890625,2168.15087890625,2168.15087890625,0,0.0,0.0
2018-02-13 00:00:00+09:00,2193.035499745887,2202.668159334815,2116.7769446668754,2122.39599609375,272400,0.0,0.0
2018-02-14 00:00:00+09:00,2136.0425901510835,2149.688859986697,2099.1173894194226,2111.9609375,209300,0.0,0.0
2018-02-15 00:00:00+09:00,2146.477722214033,2147.2804438752946,2116.777020747347,2127.21240234375,199200,0.0,0.0
2018-02-16 00:00:00+09:00,2135.239796681447,2161.729613707946,2119.988083848008,2138.45068359375,142100,0.0,0.0
2018-02-19 00:00:00+09:00,2172.1648026596654,2217.9199370837605,2172.1648026596654,2203.470947265625,147700,0.0,0.0
2018-02-20 00:00:00+09:00,2196.246365276756,2196.246365276756,2158.51844891418,2182.60009765625,169800,0.0,0.0
2018-02-21 00:00:00+09:00,2167.3481705559307,2175.3753860024344,2146.4774103950217,2153.701904296875,170200,0.0,0.0
2018-02-22 00:00:00+09:00,2149.6884637945927,2160.1238446867997,2115.1714346896015,2148.8857421875,239400,0.0,0.0
2018-02-23 00:00:00+09:00,2126.4100277978137,2174.5733353357027,2124.0018624209188,2164.940673828125,121500,0.0,0.0
2018-02-26 00:00:00+09:00,2164.9399542557567,2191.4297645970396,2159.3209035773025,2180.994384765625,128700,0.0,0.0
2018-02-27 00:00:00+09:00,2209.089754906456,2210.6951980422896,2168.953676510627,2188.218994140625,106500,0.0,0.0
2018-02-28 00:00:00+09:00,2179.389305114746,2192.232851664225,2154.50493367513,2157.7158203125,164600,0.0,0.0
2018-03-01 00:00:00+09:00,2138.4510279683345,2144.8728028270984,2091.893160242297,2113.566650390625,191600,0.0,0.0
2018-03-02 00:00:00+09:00,2073.4299571408064,2090.2871112639023,2062.191854392076,2075.035400390625,140000,0.0,0.0
2018-03-05 00:00:00+09:00,2046.940168654269,2084.668085488289,2040.5183955761381,2076.640869140625,171500,0.0,0.0
2018-03-06 00:00:00+09:00,2089.4840546986184,2136.041901480224,2089.4840546986184,2115.171142578125,153200,0.0,0.0
2018-03-07 00:00:00+09:00,2088.682045314623,2095.9065412438435,2062.994948677395,2067.811279296875,138300,0.0,0.0
2018-03-08 00:00:00+09:00,2079.0493840756626,2107.9473677925444,2058.1786180579143,2067.811279296875,137500,0.0,0.0
2018-03-09 00:00:00+09:00,2097.511359199173,2102.327688382179,2051.756231960615,2059.783447265625,204400,0.0,0.0
2018-03-12 00:00:00+09:00,2083.865347141173,2106.341552734375,2067.0081929462713,2106.341552734375,100900,0.0,0.0
2018-03-13 00:00:00+09:00,2087.0758896573966,2100.722155089772,2064.5996877687785,2099.91943359375,161800,0.0,0.0
2018-03-14 00:00:00+09:00,2089.4843351954764,2115.171426523273,2089.4843351954764,2102.327880859375,106000,0.0,0.0
2018-03-15 00:00:00+09:00,2095.103220716815,2096.708663797824,2051.7562575295706,2061.388916015625,142800,0.0,0.0
2018-03-16 00:00:00+09:00,2071.021781341374,2089.484378616898,2053.3619056865255,2058.98095703125,177000,0.0,0.0
2018-03-19 00:00:00+09:00,2028.4774936174526,2045.3346473040242,2019.6475559721057,2033.2938232421875,109100,0.0,0.0
2018-03-20 00:00:00+09:00,2030.8854594983552,2073.4297003495067,2030.0827379728617,2043.72900390625,162000,0.0,0.0
2018-03-21 00:00:00+09:00,2043.72900390625,2043.72900390625,2043.72900390625,2043.72900390625,0,0.0,0.0
2018-03-22 00:00:00+09:00,2046.1375274240154,2051.756579088185,2017.2395474368577,2050.953857421875,161900,0.0,0.0
2018-03-23 00:00:00+09:00,2005.1988003930019,2018.0423475532452,1970.6817673998478,1978.708984375,209500,0.0,0.0
2018-03-26 00:00:00+09:00,1958.6409795380875,1981.1171875,1954.6273709734603,1981.1171875,155800,0.0,0.0
2018-03-27 00:00:00+09:00,2006.8041233449915,2048.5456491105674,2006.8041233449915,2040.5184326171875,186800,0.0,0.0
2018-03-28 00:00:00+09:00,2034.4436272232956,2045.782086929158,2011.766707811571,2043.3524169921875,144300,22.5,0.0
2018-03-29 00:00:00+09:00,2074.128236193814,2091.9458157315976,2018.2458276434922,2043.3524169921875,185600,0.0,0.0
2018-03-30 00:00:00+09:00,2062.7902899279566,2063.600180108533,2010.9573183710704,2028.77490234375,114400,0.0,0.0
2018-04-02 00:00:00+09:00,2011.7672449985396,2023.9155979272748,1989.9002097268165,1993.1397705078125,100100,0.0,0.0
2018-04-03 00:00:00+09:00,1968.033362355833,1988.2806191701936,1955.8850082672168,1979.371826171875,162400,0.0,0.0
2018-04-04 00:00:00+09:00,1965.6035243193244,1992.3299010406008,1947.7859398384735,1978.561767578125,204700,0.0,0.0
2018-04-05 00:00:00+09:00,2000.428642504143,2047.4022705467505,1993.1396312561524,2031.2044677734375,214200,0.0,0.0
2018-04-06 00:00:00+09:00,2010.957122388689,2049.8318472677292,2009.3373421853955,2029.5845947265625,156700,0.0,0.0
2018-04-09 00:00:00+09:00,2023.1052999458586,2044.9723308099651,2019.055849785839,2039.3031005859375,107700,0.0,0.0
2018-04-10 00:00:00+09:00,2021.4861578843106,2054.691659676481,2010.147693857716,2044.1630859375,130200,0.0,0.0
2018-04-11 00:00:00+09:00,2051.4517187538613,2069.269301782912,2029.5846850363903,2048.212158203125,106300,0.0,0.0
2018-04-12 00:00:00+09:00,2041.7330200485267,2053.881372012322,2027.964887822892,2045.782470703125,99300,0.0,0.0
2018-04-13 00:00:00+09:00,2065.2204220738804,2095.1863654529916,2061.1709702658923,2083.847900390625,162000,0.0,0.0
2018-04-16 00:00:00+09:00,2105.7148272044665,2154.3082462938005,2088.7071305232,2103.28515625,201400,0.0,0.0
2018-04-17 00:00:00+09:00,2087.897352198613,2100.045707622577,2070.8896546050632,2083.847900390625,145500,0.0,0.0
2018-04-18 00:00:00+09:00,2087.0873891998676,2141.3500415383974,2082.228047199402,2121.102783203125,360500,0.0,0.0
2018-04-19 00:00:00+09:00,2121.102598160403,2150.2586476196525,2108.954244219049,2117.863037109375,294500,0.0,0.0
2018-04-20 00:00:00+09:00,2126.771737018035,2150.258553611151,2093.5662376967325,2116.2431640625,235000,0.0,0.0
2018-04-23 00:00:00+09:00,2127.581794406806,2155.118064300156,2127.581794406806,2140.5400390625,143300,0.0,0.0
2018-04-24 00:00:00+09:00,2155.1176728322603,2212.619873046875,2155.1176728322603,2212.619873046875,216700,0.0,0.0
2018-04-25 00:00:00+09:00,2191.5628378899114,2224.768335433698,2178.604594945995,2216.66943359375,147800,0.0,0.0
2018-04-26 00:00:00+09:00,2227.198260471159,2235.297163236509,2190.7531980270855,2206.14111328125,155600,0.0,0.0
2018-04-27 00:00:00+09:00,2227.1979280220444,2228.8177083333335,2183.463859617248,2193.992431640625,169100,0.0,0.0
2018-04-30 00:00:00+09:00,2193.992431640625,2193.992431640625,2193.992431640625,2193.992431640625,0,0.0,0.0
2018-05-01 00:00:00+09:00,2158.3576517362267,2158.3576517362267,2112.1939045883973,2132.441162109375,214800,0.0,0.0
2018-05-02 00:00:00+09:00,2142.9694236438677,2150.258435288915,2120.2924985259433,2146.208984375,111600,0.0,0.0
2018-05-03 00:00:00+09:00,2146.208984375,2146.208984375,2146.208984375,2146.208984375,0,0.0,0.0
2018-05-04 00:00:00+09:00,2146.208984375,2146.208984375,2146.208984375,2146.208984375,0,0.0,0.0
2018-05-07 00:00:00+09:00,2137.2999559676596,2138.9197361540696,2104.904352239465,2135.68017578125,127100,0.0,0.0
2018-05-08 00:00:00+09:00,2134.0607903741143,2175.3651927684523,2132.441009888062,2157.547607421875,142000,0.0,0.0
2018-05-09 00:00:00+09:00,2173.7451461412197,2215.0495434784784,2151.878112256789,2212.619873046875,223300,0.0,0.0
2018-05-10 00:00:00+09:00,2226.3882342289985,2246.635489905872,2202.9014176438254,2210.1904296875,110600,0.0,0.0
2018-05-11 00:00:00+09:00,2199.661679788325,2224.768274808,2177.79464541635,2196.422119140625,253000,0.0,0.0
2018-05-14 00:00:00+09:00,2178.6043891221466,2178.6043891221466,2123.5318618134825,2164.0263671875,203000,0.0,0.0
2018-05-15 00:00:00+09:00,2176.984699905482,2193.1825027321597,2133.2506322734525,2142.159423828125,180400,0.0,0.0
2018-05-16 00:00:00+09:00,2130.0113391589834,2169.6959610672684,2115.433314784511,2157.547607421875,162000,0.0,0.0
2018-05-17 00:00:00+09:00,2168.076256769562,2176.9850497559146,2153.498231882804,2156.73779296875,122000,0.0,0.0
2018-05-18 00:00:00+09:00,2186.7033788487206,2212.6198633387794,2160.7868943586614,2199.66162109375,213500,0.0,0.0
2018-05-21 00:00:00+09:00,2165.64599739237,2165.64599739237,2120.2921545150434,2131.630615234375,218400,0.0,0.0
2018-05-22 00:00:00+09:00,2134.060436872475,2140.539557743435,2116.2428544773347,2130.010986328125,146800,0.0,0.0
2018-05-23 00:00:00+09:00,2122.722557205628,2122.722557205628,2099.235737610449,2108.14453125,149100,0.0,0.0
2018-05-24 00:00:00+09:00,2074.1285416730743,2074.1285416730743,2044.9724981353038,2057.120849609375,150300,0.0,0.0
2018-05-25 00:00:00+09:00,2040.9228806499455,2058.740461354032,2027.9646401378823,2039.3031005859375,165800,0.0,0.0
2018-05-28 00:00:00+09:00,2021.4863343451432,2040.9237029446158,2011.767650045407,2034.444580078125,153300,0.0,0.0
2018-05-29 00:00:00+09:00,2030.3949923115392,2039.3037856563446,2002.0488316689768,2008.5279541015625,155400,0.0,0.0
2018-05-30 00:00:00+09:00,1956.6947065800332,1968.0331692837253,1942.9265732969782,1963.173828125,249900,0.0,0.0
2018-05-31 00:00:00+09:00,1963.1736889618187,1972.8923705903424,1938.0670947547987,1960.7440185546875,722200,0.0,0.0
2018-06-01 00:00:00+09:00,1949.405911573349,1984.231193749358,1941.3070087417188,1971.27294921875,233400,0.0,0.0
2018-06-04 00:00:00+09:00,1980.1816230468748,2027.9651468749998,1968.843159765625,2024.7255859375,218800,0.0,0.0
2018-06-05 00:00:00+09:00,2016.6268807327617,2031.204906376613,1992.330171326343,2023.9158935546875,163200,0.0,0.0
2018-06-06 00:00:00+09:00,2004.4783640350602,2020.6761689969596,1990.7102298174457,2006.09814453125,194300,0.0,0.0
2018-06-07 00:00:00+09:00,2023.1056402789864,2034.4441026344332,2004.478166409324,2006.9078369140625,169800,0.0,0.0
2018-06-08 00:00:00+09:00,1987.4705895551303,2010.9574058131168,1987.4705895551303,2000.4288330078125,290800,0.0,0.0
2018-06-11 00:00:00+09:00,1998.808869496806,2032.0143653028713,1993.1396385055266,2020.6759033203125,187600,0.0,0.0
2018-06-12 00:00:00+09:00,2035.2541506854807,2035.2541506854807,2002.858541442576,2011.767333984375,150400,0.0,0.0
2018-06-13 00:00:00+09:00,2023.1054823827048,2074.93844910508,2021.4857021726307,2059.550537109375,270600,0.0,0.0
2018-06-14 00:00:00+09:00,2066.839760958574,2127.5815250933283,2040.9232749277455,2101.6650390625,313600,0.0,0.0
2018-06-15 00:00:00+09:00,2104.9045239934935,2132.440789409338,2093.5660617634403,2102.474853515625,242200,0.0,0.0
2018-06-18 00:00:00+09:00,2100.0452567624166,2100.0452567624166,2048.2122847482265,2054.69140625,106300,0.0,0.0
2018-06-19 00:00:00+09:00,2044.972841796875,2067.649768359375,2024.7255859375,2024.7255859375,148200,0.0,0.0
2018-06-20 00:00:00+09:00,2055.5012313306524,2055.5012313306524,1992.3297986892846,2027.9649658203125,212900,0.0,0.0
2018-06-21 00:00:00+09:00,2002.04833823093,2007.7175689621665,1960.7439429033502,1961.5538330078125,202000,0.0,0.0
2018-06-22 00:00:00+09:00,1929.9683352783898,1993.9496607030615,1924.2991039116466,1993.1397705078125,323700,0.0,0.0
2018-06-25 00:00:00+09:00,1952.645114707309,1982.611049690374,1933.2077514750504,1937.2572021484375,221800,0.0,0.0
2018-06-26 00:00:00+09:00,1935.6374532913267,1980.9913015692823,1917.8198700392725,1959.124267578125,207100,0.0,0.0
2018-06-27 00:00:00+09:00,1962.3637127579002,1972.082393960168,1927.538438449774,1948.5955810546875,114500,0.0,0.0
2018-06-28 00:00:00+09:00,1946.1661332610256,1952.645254803301,1931.5881097909055,1939.68701171875,144200,0.0,0.0
2018-06-29 00:00:00+09:00,1959.9340648595883,1972.0824165012798,1939.6868121234354,1957.50439453125,141300,0.0,0.0
2018-07-02 00:00:00+09:00,1947.7860498812076,1949.4058303800693,1908.1014276590956,1912.15087890625,140300,0.0,0.0
2018-07-03 00:00:00+09:00,1917.8200944611422,1925.918996887076,1865.9871189351652,1886.234375,141500,0.0,0.0
2018-07-04 00:00:00+09:00,1866.7969044177262,1882.184818163469,1861.1276730377158,1865.1771240234375,174800,0.0,0.0
2018-07-05 00:00:00+09:00,1855.4585858608814,1855.4585858608814,1813.3442923363218,1827.1124267578125,221800,0.0,0.0
2018-07-06 00:00:00+09:00,1836.8307436358277,1879.7549188618852,1836.8307436358277,1867.6065673828125,159200,0.0,0.0
2018-07-09 00:00:00+09:00,1878.945020365919,1901.6219430255076,1876.515350080963,1895.142822265625,118600,0.0,0.0
2018-07-10 00:00:00+09:00,1926.7285772694925,1974.5120938978657,1921.0593464830752,1946.975830078125,265000,0.0,0.0
2018-07-11 00:00:00+09:00,1939.6872225442457,1943.7366739483045,1914.58062383908,1934.827880859375,225200,0.0,0.0
2018-07-12 00:00:00+09:00,1941.3062151227678,1965.6029136850052,1925.1084160812761,1927.5380859375,158300,0.0,0.0
2018-07-13 00:00:00+09:00,1955.8849982784561,1955.8849982784561,1919.4399361987334,1936.4476318359375,220800,0.0,0.0
2018-07-16 00:00:00+09:00,1936.4476318359375,1936.4476318359375,1936.4476318359375,1936.4476318359375,0,0.0,0.0
2018-07-17 00:00:00+09:00,1956.6947569872586,1988.2804753326654,1943.7365135635018,1970.462890625,178000,0.0,0.0
2018-07-18 00:00:00+09:00,1986.6606409293368,2006.0980055368802,1976.9419586255651,2003.6683349609375,132600,0.0,0.0
2018-07-19 00:00:00+09:00,2014.1969119063508,2019.8661432627416,1997.9991080309478,2010.1474609375,143400,0.0,0.0
2018-07-20 00:00:00+09:00,1999.6188253998469,2019.8660796060017,1988.2803630444002,2006.9078369140625,129100,0.0,0.0
2018-07-23 00:00:00+09:00,2028.7752979709328,2097.6159767443974,2015.8170525547512,2087.08740234375,305100,0.0,0.0
2018-07-24 00:00:00+09:00,2127.5818203043405,2188.3235928672734,2111.3840142875583,2132.441162109375,390500,0.0,0.0
2018-07-25 00:00:00+09:00,2132.4407760522267,2158.3572609871567,2129.20121543536,2147.018798828125,166000,0.0,0.0
2018-07-26 00:00:00+09:00,2185.083673781365,2211.8100493316933,2177.794662267639,2198.851806640625,217400,0.0,0.0
2018-07-27 00:00:00+09:00,2204.52094730124,2248.255014587892,2189.942924872356,2220.71875,200100,0.0,0.0
2018-07-30 00:00:00+09:00,2247.4454137247308,2287.939925683735,2216.6695846358875,2238.53662109375,439300,0.0,0.0
2018-07-31 00:00:00+09:00,2227.1979009351767,2269.3121885164965,2155.1176779594566,2178.6044921875,490400,0.0,0.0
2018-08-01 00:00:00+09:00,2175.3648549935506,2248.254965548063,2137.30001948175,2236.91650390625,347100,0.0,0.0
2018-08-02 00:00:00+09:00,2222.3386546074016,2238.5364582124116,2174.555133972621,2180.224365234375,246500,0.0,0.0
2018-08-03 00:00:00+09:00,2162.4066298579655,2165.646190352135,2093.565969356869,2100.85498046875,318900,0.0,0.0
2018-08-06 00:00:00+09:00,2060.3608474731445,2103.2850317955017,2028.7751269340515,2073.319091796875,256100,0.0,0.0
2018-08-07 00:00:00+09:00,2074.129015380669,2083.0378084963218,2041.7334040510216,2078.178466796875,125900,0.0,0.0
2018-08-08 00:00:00+09:00,2083.0373056670765,2123.5318100540726,2064.4098336490583,2099.235107421875,172200,0.0,0.0
2018-08-09 00:00:00+09:00,2099.235062013619,2099.235062013619,2069.2691294154306,2081.41748046875,91200,0.0,0.0
2018-08-10 00:00:00+09:00,2069.269201083446,2078.987882262703,2042.5428278404895,2057.120849609375,116100,0.0,0.0
2018-08-13 00:00:00+09:00,2016.626445376068,2016.626445376068,1975.3220483021003,1990.7099609375,152000,0.0,0.0
2018-08-14 00:00:00+09:00,1996.379158148091,2030.3945433984843,1984.2308062729505,2026.3450927734375,76600,0.0,0.0
2018-08-15 00:00:00+09:00,2034.4445039567347,2051.452200844908,1990.7104262442888,2005.2884521484375,96600,0.0,0.0
2018-08-16 00:00:00+09:00,1984.2309334901693,2018.2463209214293,1959.9342281821264,2015.816650390625,112800,0.0,0.0
2018-08-17 00:00:00+09:00,2024.725320161727,2077.368178485932,2018.2461991372095,2056.31103515625,108800,0.0,0.0
2018-08-20 00:00:00+09:00,2034.4444319674365,2057.1213603492392,2029.5850901713359,2042.5433349609375,68300,0.0,0.0
2018-08-21 00:00:00+09:00,2024.7253466641125,2039.303369160094,2015.0066650001247,2031.2044677734375,73700,0.0,0.0
2018-08-22 00:00:00+09:00,2027.9648779880479,2044.1626805278886,2021.4857569721116,2032.82421875,75400,0.0,0.0
2018-08-23 00:00:00+09:00,2032.8248618024331,2057.931463681268,2030.3951906528685,2037.6842041015625,115400,0.0,0.0
2018-08-24 00:00:00+09:00,2065.2197748116355,2083.8472472903286,2046.5923023329422,2049.02197265625,89400,0.0,0.0
2018-08-27 00:00:00+09:00,2056.3112625449257,2085.4673103793557,2045.782689715826,2077.368408203125,81700,0.0,0.0
2018-08-28 00:00:00+09:00,2102.4751415252686,2102.4751415252686,2072.509201526642,2073.319091796875,80600,0.0,0.0
2018-08-29 00:00:00+09:00,2083.8472708639883,2114.623095307374,2075.748369694676,2098.42529296875,86600,0.0,0.0
2018-08-30 00:00:00+09:00,2099.2357508053497,2104.0950928211028,2068.459918038913,2074.129150390625,123000,0.0,0.0
2018-08-31 00:00:00+09:00,2044.9730628046088,2111.3840692006397,2044.9730628046088,2092.756591796875,148700,0.0,0.0
2018-09-03 00:00:00+09:00,2073.318516699411,2083.037197246439,2040.9229148759825,2061.170166015625,94300,0.0,0.0
2018-09-04 00:00:00+09:00,2073.318675889328,2083.8472472903286,2048.212082548481,2049.02197265625,72800,0.0,0.0
2018-09-05 00:00:00+09:00,2047.4021924407114,2061.170324272789,2031.2043902853259,2049.02197265625,98600,0.0,0.0
2018-09-06 00:00:00+09:00,2037.683542331472,2054.6912348549063,2029.5846411298367,2030.39453125,93300,0.0,0.0
2018-09-07 00:00:00+09:00,2015.0069412569164,2019.8662827551243,1987.470672767071,2012.5772705078125,107200,0.0,0.0
2018-09-10 00:00:00+09:00,2009.3373014523697,2041.7329048615172,2006.097741111455,2035.2537841796875,87700,0.0,0.0
2018-09-11 00:00:00+09:00,2039.303369160094,2039.303369160094,2015.0066650001247,2031.2044677734375,56800,0.0,0.0
2018-09-12 00:00:00+09:00,2029.585026951054,2036.0641491440342,1963.1740244730067,1985.8509521484375,165700,0.0,0.0
2018-09-13 00:00:00+09:00,1985.040823667104,2026.3452226907768,1979.3715924285607,2015.816650390625,108500,0.0,0.0
2018-09-14 00:00:00+09:00,2017.436418351309,2041.7331235100962,2003.6682854279961,2019.8660888671875,205000,0.0,0.0
2018-09-17 00:00:00+09:00,2019.8660888671875,2019.8660888671875,2019.8660888671875,2019.8660888671875,0,0.0,0.0
2018-09-18 00:00:00+09:00,2012.576740421661,2080.607503478168,2002.0481699486302,2069.26904296875,149700,0.0,0.0
2018-09-19 00:00:00+09:00,2125.1515401281085,2151.877912393439,2113.003189098413,2149.4482421875,195100,0.0,0.0
2018-09-20 00:00:00+09:00,2189.942730816036,2219.9086631533855,2154.307568036485,2204.520751953125,219600,0.0,0.0
2018-09-21 00:00:00+09:00,2226.388192419163,2279.8409464023075,2223.958521783565,2262.833251953125,253600,0.0,0.0
2018-09-24 00:00:00+09:00,2262.833251953125,2262.833251953125,2262.833251953125,2262.833251953125,0,0.0,0.0
2018-09-25 00:00:00+09:00,2279.840627783756,2290.3691990665943,2257.163705020721,2287.129638671875,209100,0.0,0.0
2018-09-26 00:00:00+09:00,2270.3939476368164,2300.6005553543864,2254.8824463764427,2281.007080078125,162600,22.5,0.0
2018-09-27 00:00:00+09:00,2249.9839962816745,2261.413523113294,2219.7773896552517,2223.04296875,156300,0.0,0.0
2018-09-28 00:00:00+09:00,2182.223233170019,2245.9020256082013,2169.1609167724428,2205.898681640625,174800,0.0,0.0
2018-10-01 00:00:00+09:00,2165.895401086861,2193.6528242444006,2155.2822687030957,2175.692138671875,169700,0.0,0.0
2018-10-02 00:00:00+09:00,2183.8557476245974,2208.347587784873,2174.059011560487,2186.304931640625,145400,0.0,0.0
2018-10-03 00:00:00+09:00,2163.4460588462453,2219.7772958501664,2146.301769323313,2147.1181640625,175200,0.0,0.0
2018-10-04 00:00:00+09:00,2187.9379450623824,2216.5117615090926,2164.2624971493938,2167.528076171875,253200,0.0,0.0
2018-10-05 00:00:00+09:00,2169.160810296932,2245.0855206309984,2167.528020827382,2232.839599609375,211100,0.0,0.0
2018-10-08 00:00:00+09:00,2232.839599609375,2232.839599609375,2232.839599609375,2232.839599609375,0,0.0,0.0
2018-10-09 00:00:00+09:00,2229.5743755729363,2240.187508814404,2157.7316274768473,2170.7939453125,198200,0.0,0.0
2018-10-10 00:00:00+09:00,2170.793444364006,2204.265626093575,2155.281945513718,2187.121337890625,176900,0.0,0.0
2018-10-11 00:00:00+09:00,2098.9507427417134,2130.790135572101,2067.9277445992843,2085.888427734375,218100,0.0,0.0
2018-10-12 00:00:00+09:00,2049.15077523678,2065.478669860181,2029.5573016886997,2041.80322265625,209700,0.0,0.0
2018-10-15 00:00:00+09:00,2000.1671004699783,2002.6162846746356,1964.2457321350073,1973.22607421875,256300,0.0,0.0
2018-10-16 00:00:00+09:00,1971.593501650054,2000.1673205145473,1958.5311844548569,1988.73779296875,179900,0.0,0.0
2018-10-17 00:00:00+09:00,1998.5344581930844,2014.8623540933547,1987.9213258579086,2000.983642578125,146200,0.0,0.0
2018-10-18 00:00:00+09:00,2015.6786474064825,2032.8229372386154,1972.4097254491946,1976.49169921875,160700,0.0,0.0
2018-10-19 00:00:00+09:00,1945.4683266379618,1975.6749267578125,1937.3043806596236,1975.6749267578125,136900,0.0,0.0
2018-10-22 00:00:00+09:00,1945.4687550317524,1989.5540730224004,1936.4884124781017,1980.57373046875,120000,0.0,0.0
2018-10-23 00:00:00+09:00,1959.3475535846758,1962.6131328406502,1923.4261817689567,1925.8753662109375,141300,0.0,0.0
2018-10-24 00:00:00+09:00,1934.0393378788842,1934.0393378788842,1869.5441467887906,1901.383544921875,184700,0.0,0.0
2018-10-25 00:00:00+09:00,1836.0716035820697,1841.7863662432856,1813.212552937206,1823.82568359375,187200,0.0,0.0
2018-10-26 00:00:00+09:00,1839.3375088970986,1893.2195664147234,1817.2948490035249,1881.7900390625,319900,0.0,0.0
2018-10-29 00:00:00+09:00,1843.4195213977619,1864.645786923157,1805.048964486471,1840.9703369140625,254900,0.0,0.0
2018-10-30 00:00:00+09:00,1832.8061529280726,1880.9734415796345,1830.3569687593492,1876.0750732421875,212900,0.0,0.0
2018-10-31 00:00:00+09:00,1871.1769063653323,1911.180252094783,1867.0949323113066,1907.9146728515625,224400,0.0,0.0
2018-11-01 00:00:00+09:00,1923.425947565033,1958.5309202922388,1921.7931581358607,1943.8358154296875,138200,0.0,0.0
2018-11-02 00:00:00+09:00,1947.101669600881,1948.7344592609236,1903.8327436097502,1937.304931640625,147200,0.0,0.0
2018-11-05 00:00:00+09:00,1927.5082084991648,1968.327950314056,1925.875418826569,1947.1016845703125,122100,0.0,0.0
2018-11-06 00:00:00+09:00,1943.8358889365811,1969.1441260457932,1943.8358889365811,1957.714599609375,74600,0.0,0.0
2018-11-07 00:00:00+09:00,1956.8982048639164,2014.8622317914667,1928.3243887728704,1957.714599609375,132900,0.0,0.0
2018-11-08 00:00:00+09:00,2008.3316780756977,2042.6202677013803,2005.8824931024346,2018.12841796875,161600,0.0,0.0
2018-11-09 00:00:00+09:00,2019.7604466174957,2032.006366867804,1997.717790166941,2007.5145263671875,84400,0.0,0.0
2018-11-12 00:00:00+09:00,1918.527597359823,1943.019439028246,1884.2390190240303,1936.48828125,169600,0.0,0.0
2018-11-13 00:00:00+09:00,1902.1997138713966,1917.711213684082,1879.3406615158606,1894.0357666015625,117300,0.0,0.0
2018-11-14 00:00:00+09:00,1908.7307190780377,1923.4258229888183,1894.8520098289673,1900.5667724609375,77500,0.0,0.0
2018-11-15 00:00:00+09:00,1876.075325278969,1884.2392736048132,1846.6851113059304,1867.911376953125,152700,0.0,0.0
2018-11-16 00:00:00+09:00,1858.930957679411,1876.8916432608546,1832.8063241064021,1845.05224609375,150200,0.0,0.0
2018-11-19 00:00:00+09:00,1837.7045460826946,1871.9931249078716,1801.7831777896522,1817.294677734375,137100,0.0,0.0
2018-11-20 00:00:00+09:00,1817.294886904968,1845.0523110535617,1812.3965179375693,1840.9703369140625,79200,0.0,0.0
2018-11-21 00:00:00+09:00,1812.3961697776845,1827.907668528034,1790.3535136587666,1824.64208984375,145700,0.0,0.0
2018-11-22 00:00:00+09:00,1828.724277613687,1836.0718305148134,1810.7635927442668,1831.1734619140625,74700,0.0,0.0
2018-11-23 00:00:00+09:00,1831.1734619140625,1831.1734619140625,1831.1734619140625,1831.1734619140625,0,0.0,0.0
2018-11-26 00:00:00+09:00,1851.5833280853165,1858.1144862090741,1832.806248479513,1848.3177490234375,108500,0.0,0.0
2018-11-27 00:00:00+09:00,1852.399488981419,1875.2585395285673,1841.7863583702429,1866.2781982421875,130600,0.0,0.0
2018-11-28 00:00:00+09:00,1866.2786032056051,1875.2589464406278,1840.153968340085,1851.58349609375,108900,0.0,0.0
2018-11-29 00:00:00+09:00,1850.7670288357085,1868.7277146029717,1830.3571586456367,1837.7047119140625,153000,0.0,0.0
2018-11-30 00:00:00+09:00,1835.2555349998627,1861.3801689500385,1831.9899557560907,1855.6654052734375,128000,0.0,0.0
2018-12-03 00:00:00+09:00,1855.6651660498303,1885.8717701606283,1840.1536666415827,1864.6455078125,141000,0.0,0.0
2018-12-04 00:00:00+09:00,1855.665106768619,1857.2978961278523,1798.5174791954544,1800.1502685546875,182300,0.0,0.0
2018-12-05 00:00:00+09:00,1743.81944038763,1751.9833890785833,1719.32759431477,1725.0423583984375,222500,0.0,0.0
2018-12-06 00:00:00+09:00,1715.245358796978,1732.3896484375,1711.1633850730443,1732.3896484375,165200,0.0,0.0
2018-12-07 00:00:00+09:00,1713.6128157443627,1729.9407129882347,1699.7341030870716,1715.24560546875,234400,0.0,0.0
2018-12-10 00:00:00+09:00,1697.2844296104029,1711.163138270036,1693.2024564752169,1706.2647705078125,129000,0.0,0.0
2018-12-11 00:00:00+09:00,1691.569879374236,1692.3862741036637,1651.5665376322777,1669.5272216796875,146700,0.0,0.0
2018-12-12 00:00:00+09:00,1695.6519545957267,1713.6126397190324,1689.937191147402,1694.0191650390625,191500,0.0,0.0
2018-12-13 00:00:00+09:00,1701.3666255159198,1705.4485991855838,1682.589546635466,1687.4879150390625,170500,0.0,0.0
2018-12-14 00:00:00+09:00,1667.0780604762685,1679.3239815865252,1642.5862182557553,1671.1600341796875,283900,0.0,0.0
2018-12-17 00:00:00+09:00,1696.4681990851948,1711.979698499352,1683.4058837890625,1683.4058837890625,121300,0.0,0.0
2018-12-18 00:00:00+09:00,1665.4451164070306,1666.261511071936,1631.9729351459089,1634.422119140625,155300,0.0,0.0
2018-12-19 00:00:00+09:00,1631.973220895154,1646.6683274364811,1596.051849349688,1602.5830078125,188700,0.0,0.0
2018-12-20 00:00:00+09:00,1588.7041802314468,1600.9501014562525,1560.9467587885542,1568.2943115234375,180100,0.0,0.0
2018-12-21 00:00:00+09:00,1575.6419519806718,1582.989505124623,1520.1271060041506,1539.7205810546875,205300,0.0,0.0
2018-12-24 00:00:00+09:00,1539.7205810546875,1539.7205810546875,1539.7205810546875,1539.7205810546875,0,0.0,0.0
2018-12-25 00:00:00+09:00,1508.6974754333496,1511.1466596467153,1453.182633263724,1462.9793701171875,141000,0.0,0.0
2018-12-26 00:00:00+09:00,1469.5103524214885,1495.6349809089818,1453.9988542570395,1485.0218505859375,192000,0.0,0.0
2018-12-27 00:00:00+09:00,1535.6384490197445,1575.6417897969734,1530.7400807613083,1554.41552734375,181900,0.0,0.0
2018-12-28 00:00:00+09:00,1554.4155619100682,1578.0910090189925,1542.986035719553,1556.86474609375,100300,0.0,0.0
2018-12-31 00:00:00+09:00,1556.86474609375,1556.86474609375,1556.86474609375,1556.86474609375,0,0.0,0.0
2019-01-04 00:00:00+09:00,1535.63841832492,1578.0909423828125,1522.576103230184,1578.0909423828125,233700,0.0,0.0
2019-01-07 00:00:00+09:00,1608.2977714674605,1631.973220895154,1599.317428581094,1602.5830078125,180800,0.0,0.0
2019-01-08 00:00:00+09:00,1607.4810951987467,1644.21885511949,1607.4810951987467,1634.422119140625,144600,0.0,0.0
2019-01-09 00:00:00+09:00,1649.1172697727131,1651.566453836732,1618.094271628474,1637.687744140625,136100,0.0,0.0
2019-01-10 00:00:00+09:00,1618.9106497348491,1636.0549380073815,1613.1958869773382,1627.8909912109375,98500,0.0,0.0
2019-01-11 00:00:00+09:00,1645.0354798283408,1648.3010589446253,1618.0944521189933,1624.6256103515625,98700,0.0,0.0
2019-01-15 00:00:00+09:00,1600.9501006987318,1630.3403116243587,1586.2549952359184,1611.563232421875,199500,0.0,0.0
2019-01-16 00:00:00+09:00,1606.6649625483249,1606.6649625483249,1574.8255654246539,1583.805908203125,139400,0.0,0.0
2019-01-17 00:00:00+09:00,1598.5010222281817,1617.2781026731502,1570.7435989617068,1575.6419677734375,181500,0.0,0.0
2019-01-18 00:00:00+09:00,1595.235296473727,1634.4222433676568,1590.3369281119858,1617.2779541015625,96200,0.0,0.0
2019-01-21 00:00:00+09:00,1635.2387392413018,1660.5469773423904,1629.5239757991205,1641.7698974609375,73300,0.0,0.0
2019-01-22 00:00:00+09:00,1641.7698848712794,1643.4026744136677,1605.8485149387402,1614.828857421875,74600,0.0,0.0
2019-01-23 00:00:00+09:00,1587.0713696501793,1608.297632824513,1582.173001225333,1592.7861328125,94100,0.0,0.0
2019-01-24 00:00:00+09:00,1590.3369167751734,1616.4615478515625,1583.8057590060762,1616.4615478515625,78800,0.0,0.0
2019-01-25 00:00:00+09:00,1592.7861645816852,1625.4419547320015,1592.7861645816852,1612.379638671875,77100,0.0,0.0
2019-01-28 00:00:00+09:00,1606.6648926286193,1613.1960507287356,1578.0910759406104,1578.907470703125,78400,0.0,0.0
2019-01-29 00:00:00+09:00,1578.9074779359812,1583.8058465335075,1560.9467930783849,1570.7435302734375,71500,0.0,0.0
2019-01-30 00:00:00+09:00,1571.5599354271908,1581.3566726869965,1545.435302734375,1545.435302734375,131200,0.0,0.0
2019-01-31 00:00:00+09:00,1542.9860516697743,1578.9074200684356,1542.9860516697743,1566.6614990234375,193200,0.0,0.0
2019-02-01 00:00:00+09:00,1534.8222272866683,1547.0681493128918,1497.26806640625,1497.26806640625,156100,0.0,0.0
2019-02-04 00:00:00+09:00,1520.1271020833333,1543.8025510416667,1515.2287333333331,1530.740234375,113700,0.0,0.0
2019-02-05 00:00:00+09:00,1527.4745863847645,1533.1893496689406,1519.3106388359415,1525.841796875,96000,0.0,0.0
2019-02-06 00:00:00+09:00,1525.841558645288,1526.6579532727064,1499.716930567894,1500.5333251953125,88300,0.0,0.0
2019-02-07 00:00:00+09:00,1500.5334856712932,1503.799064530208,1463.795723508503,1468.694091796875,101600,0.0,0.0
2019-02-08 00:00:00+09:00,1451.5498909701305,1451.5498909701305,1418.077705632799,1422.97607421875,163800,0.0,0.0
2019-02-12 00:00:00+09:00,1436.8548546952566,1480.123779296875,1435.2220650876482,1480.123779296875,182500,0.0,0.0
2019-02-13 00:00:00+09:00,1497.2679350391918,1500.5335139596698,1470.3269089452479,1479.3072509765625,80600,0.0,0.0
2019-02-14 00:00:00+09:00,1458.0810272853655,1466.24497480656,1436.03836897814,1447.4678955078125,251000,0.0,0.0
2019-02-15 00:00:00+09:00,1437.6713701319923,1456.4484521950449,1417.2614983243263,1453.999267578125,200400,0.0,0.0
2019-02-18 00:00:00+09:00,1486.6547209122357,1506.2481933460049,1471.1432219021683,1490.7366943359375,169900,0.0,0.0
2019-02-19 00:00:00+09:00,1493.1860207639688,1517.6778636414533,1490.7368364762203,1509.513916015625,121000,0.0,0.0
2019-02-20 00:00:00+09:00,1511.963134765625,1534.8221886389713,1507.0647660784794,1511.963134765625,91100,0.0,0.0
2019-02-21 00:00:00+09:00,1506.2482632299698,1511.1466315656771,1469.5105007121656,1495.6351318359375,149100,0.0,0.0
2019-02-22 00:00:00+09:00,1474.4088663736977,1488.2875766330294,1454.8153930664062,1469.510498046875,160500,0.0,0.0
2019-02-25 00:00:00+09:00,1480.9400335954651,1492.3695597643386,1469.5105074265916,1487.47119140625,106400,0.0,0.0
2019-02-26 00:00:00+09:00,1487.4711051991667,1490.736683915301,1457.2645020749246,1472.7760009765625,145700,0.0,0.0
2019-02-27 00:00:00+09:00,1477.6744170954723,1489.9203376791365,1458.0809441616098,1458.8973388671875,132900,0.0,0.0
2019-02-28 00:00:00+09:00,1464.6122012867647,1473.5925436580883,1450.7334903492647,1457.2646484375,156100,0.0,0.0
2019-03-01 00:00:00+09:00,1461.3465012876895,1480.939973930653,1439.3038445643558,1440.1202392578125,223500,0.0,0.0
2019-03-04 00:00:00+09:00,1449.917217805191,1456.4483764439533,1425.4253729098332,1431.14013671875,166900,0.0,0.0
2019-03-05 00:00:00+09:00,1412.3630217633927,1429.5073127790179,1391.9531515066963,1428.69091796875,320800,0.0,0.0
2019-03-06 00:00:00+09:00,1420.526820892703,1420.526820892703,1404.1989263996834,1418.07763671875,215800,0.0,0.0
2019-03-07 00:00:00+09:00,1417.2613369616445,1417.2613369616445,1392.769493580971,1407.464599609375,168900,0.0,0.0
2019-03-08 00:00:00+09:00,1382.1563480094371,1394.4022695806962,1349.5005571527465,1354.39892578125,312600,0.0,0.0
2019-03-11 00:00:00+09:00,1351.1331671238522,1351.949561786767,1333.1724845397284,1350.3167724609375,124100,0.0,0.0
2019-03-12 00:00:00+09:00,1355.2153247216504,1373.9924045220107,1342.9694031127199,1363.3792724609375,120900,0.0,0.0
2019-03-13 00:00:00+09:00,1342.9693978654877,1347.8677664899212,1317.6611599725818,1328.2742919921875,173300,0.0,0.0
2019-03-14 00:00:00+09:00,1320.11030816313,1325.8250714019314,1296.434860459524,1299.700439453125,316000,0.0,0.0
2019-03-15 00:00:00+09:00,1300.5166596184683,1316.8445523945948,1300.5166596184683,1304.5986328125,515200,0.0,0.0
2019-03-18 00:00:00+09:00,1304.5988079435263,1309.4971764339273,1291.5364919691228,1299.700439453125,231200,0.0,0.0
2019-03-19 00:00:00+09:00,1311.1298843528193,1311.9462790504238,1293.1692010055206,1293.985595703125,234800,0.0,0.0
2019-03-20 00:00:00+09:00,1292.3530697120627,1299.7006234880632,1281.7399364800624,1286.6383056640625,300200,0.0,0.0
2019-03-22 00:00:00+09:00,1293.9854908343152,1321.7429083033162,1282.5559659941382,1320.926513671875,610000,0.0,0.0
2019-03-25 00:00:00+09:00,1280.1070518224149,1281.7398414293311,1253.9824181117533,1271.126708984375,316400,0.0,0.0
2019-03-26 00:00:00+09:00,1280.9234206925578,1323.3759496128973,1267.8611041016838,1312.7628173828125,292200,0.0,0.0
2019-03-27 00:00:00+09:00,1311.9335477059346,1324.372867058393,1294.518500612493,1323.5435791015625,390500,25.0,0.0
2019-03-28 00:00:00+09:00,1316.9092121776973,1321.8849396796281,1294.5184384190086,1308.6163330078125,164200,0.0,0.0
2019-03-29 00:00:00+09:00,1306.128509659573,1312.762813200701,1278.76200755242,1282.908447265625,384800,0.0,0.0
2019-04-01 00:00:00+09:00,1284.5669834151468,1311.104196758778,1283.7376954981582,1308.6163330078125,600100,0.0,0.0
2019-04-02 00:00:00+09:00,1335.9826976578358,1337.6412733222155,1321.8848045106085,1327.6898193359375,242000,0.0,0.0
2019-04-03 00:00:00+09:00,1389.057193222091,1405.642950753101,1374.130011444182,1403.984375,603800,0.0,0.0
2019-04-04 00:00:00+09:00,1394.0329586253447,1421.3994593003217,1391.5450949276196,1409.7894287109375,227500,0.0,0.0
2019-04-05 00:00:00+09:00,1407.3016671541845,1420.5702745050785,1401.4966514381686,1414.7652587890625,461700,0.0,0.0
2019-04-08 00:00:00+09:00,1408.9600434608253,1408.9600434608253,1386.5692717283696,1387.3985595703125,253500,0.0,0.0
2019-04-09 00:00:00+09:00,1381.5936412288877,1381.5936412288877,1347.5928373330987,1362.52001953125,197300,0.0,0.0
2019-04-10 00:00:00+09:00,1350.0807078934185,1362.5200264550901,1342.6171167564157,1345.10498046875,180100,0.0,0.0
2019-04-11 00:00:00+09:00,1336.8121468463348,1337.6414347786217,1299.4941898934285,1333.4949951171875,180800,0.0,0.0
2019-04-12 00:00:00+09:00,1337.6413248441197,1340.1291884365144,1311.1041131919114,1314.4212646484375,213600,0.0,0.0
2019-04-15 00:00:00+09:00,1380.7643937709609,1380.7643937709609,1335.1535579406889,1336.8121337890625,245900,0.0,0.0
2019-04-16 00:00:00+09:00,1306.1285977436203,1321.8850697164003,1291.2014137694073,1306.9578857421875,379600,0.0,0.0
2019-04-17 00:00:00+09:00,1311.1042793705778,1330.1779026631289,1304.469975616647,1318.56787109375,277500,0.0,0.0
2019-04-18 00:00:00+09:00,1316.0799439408397,1335.1535663167938,1303.640625,1303.640625,239300,0.0,0.0
2019-04-19 00:00:00+09:00,1316.0800604426422,1320.226500456639,1301.152876392253,1305.29931640625,205600,0.0,0.0
2019-04-22 00:00:00+09:00,1301.15283203125,1305.2992719038798,1280.4206326681006,1301.15283203125,177800,0.0,0.0
2019-04-23 00:00:00+09:00,1301.1529338727678,1309.445814267113,1287.8843252418155,1306.128662109375,248800,0.0,0.0
2019-04-24 00:00:00+09:00,1333.4949313235998,1335.153507108828,1300.3234156190324,1302.811279296875,311600,0.0,0.0
2019-04-25 00:00:00+09:00,1313.5921432783018,1320.2264470322327,1276.274184662441,1318.56787109375,269500,0.0,0.0
2019-04-26 00:00:00+09:00,1297.8353806839998,1320.2261508299857,1282.0789128034912,1316.0797119140625,238500,0.0,0.0
2019-05-07 00:00:00+09:00,1308.616164277419,1315.250466757913,1282.9082421655053,1288.7132568359375,203800,0.0,0.0
2019-05-08 00:00:00+09:00,1275.4448688380994,1280.42059654488,1267.1519893267985,1279.59130859375,182300,0.0,0.0
2019-05-09 00:00:00+09:00,1262.1760237662695,1267.9810383302406,1241.4438288949445,1246.4195556640625,248900,0.0,0.0
2019-05-10 00:00:00+09:00,1250.5662210963717,1253.8833728764682,1225.6875827456481,1235.6390380859375,326900,0.0,0.0
2019-05-13 00:00:00+09:00,1224.0290509380225,1246.4198262600596,1214.9068832142298,1239.7855224609375,158800,0.0,0.0
2019-05-14 00:00:00+09:00,1202.4675202849728,1237.2976139759858,1194.1746408347317,1235.6390380859375,243900,0.0,0.0
2019-05-15 00:00:00+09:00,1233.1510456445178,1238.9560606542768,1209.1016977469449,1221.541015625,279400,0.0,0.0
2019-05-16 00:00:00+09:00,1279.5912678270165,1348.422165577919,1242.2733112150815,1321.0556640625,748200,0.0,0.0
2019-05-17 00:00:00+09:00,1340.1291432145092,1367.4956418073796,1313.5919324577862,1326.03125,479100,0.0,0.0
2019-05-20 00:00:00+09:00,1324.372610244751,1335.1533515930175,1311.104005508423,1326.8604736328125,203200,0.0,0.0
2019-05-21 00:00:00+09:00,1347.5929692801003,1383.2523524672044,1345.105105336814,1374.95947265625,556300,0.0,0.0
2019-05-22 00:00:00+09:00,1370.812739327817,1403.1549636676748,1352.5684076489229,1388.227783203125,412300,0.0,0.0
2019-05-23 00:00:00+09:00,1377.4472452075456,1404.8137467679603,1373.3008055771797,1398.179443359375,324900,0.0,0.0
2019-05-24 00:00:00+09:00,1380.764384791924,1401.4965827617725,1378.276521035542,1385.7401123046875,298700,0.0,0.0
2019-05-27 00:00:00+09:00,1390.7158203125,1401.4965631056202,1386.5693807766845,1390.7158203125,124600,0.0,0.0
2019-05-28 00:00:00+09:00,1384.0815757121431,1399.0087586736881,1370.8129686352142,1375.7886962890625,444500,0.0,0.0
2019-05-29 00:00:00+09:00,1359.20286149138,1369.9836041389626,1350.9099825317012,1364.1785888671875,195400,0.0,0.0
2019-05-30 00:00:00+09:00,1353.3976755343167,1383.2520360240442,1352.5683877429353,1377.447021484375,217500,0.0,0.0
2019-05-31 00:00:00+09:00,1360.8614245830138,1367.495727688842,1349.2513941478144,1351.7392578125,222900,0.0,0.0
2019-06-03 00:00:00+09:00,1331.836368363562,1333.494944164762,1310.2748829479626,1315.2506103515625,255900,0.0,0.0
2019-06-04 00:00:00+09:00,1326.8605315037476,1334.3241219934562,1317.7383653496593,1327.6898193359375,275000,0.0,0.0
2019-06-05 00:00:00+09:00,1345.1049419202302,1367.4957146895558,1337.6413509971217,1355.056396484375,272600,0.0,0.0
2019-06-06 00:00:00+09:00,1356.7151456074375,1367.4958894295014,1349.251553730624,1357.54443359375,198200,0.0,0.0
2019-06-07 00:00:00+09:00,1376.6179646443318,1390.7158594629784,1354.2271905205987,1380.764404296875,314600,0.0,0.0
2019-06-10 00:00:00+09:00,1384.0815615478227,1401.4966081580708,1378.2765460110732,1394.8623046875,207100,0.0,0.0
2019-06-11 00:00:00+09:00,1399.8382500462278,1411.4482829257581,1394.8625216692863,1401.496826171875,143500,0.0,0.0
2019-06-12 00:00:00+09:00,1402.3258829897409,1413.9359139547653,1396.5208675072286,1398.179443359375,142500,0.0,0.0
2019-06-13 00:00:00+09:00,1383.2521196247733,1388.2278466737832,1350.0806059647068,1371.64208984375,270600,0.0,0.0
2019-06-14 00:00:00+09:00,1359.202880859375,1364.1786083060842,1348.422138058172,1359.202880859375,221300,0.0,0.0
2019-06-17 00:00:00+09:00,1356.7150373683394,1359.2029011287948,1337.6414152048483,1338.470703125,230000,0.0,0.0
2019-06-18 00:00:00+09:00,1341.7879544653074,1341.7879544653074,1307.7871472137144,1313.5921630859375,242700,0.0,0.0
2019-06-19 00:00:00+09:00,1317.738505121205,1341.7878548056071,1309.445625919687,1338.470703125,215600,0.0,0.0
2019-06-20 00:00:00+09:00,1338.4707921220752,1355.0565516279248,1333.4950642703202,1346.763671875,135500,0.0,0.0
2019-06-21 00:00:00+09:00,1313.5921759733606,1313.5921759733606,1235.6391049244364,1264.6641845703125,674600,0.0,0.0
2019-06-24 00:00:00+09:00,1256.3710092022984,1258.8588725868574,1222.3702096133254,1246.4195556640625,387400,0.0,0.0
2019-06-25 00:00:00+09:00,1253.8832238536174,1270.468980782898,1246.419633235441,1258.0296630859375,237800,0.0,0.0
2019-06-26 00:00:00+09:00,1258.0296630859375,1277.9325714010743,1253.8832238536174,1258.0296630859375,317000,0.0,0.0
2019-06-27 00:00:00+09:00,1267.151887476904,1293.6890997800851,1262.1761601700575,1290.3719482421875,243800,0.0,0.0
2019-06-28 00:00:00+09:00,1296.1769316375444,1334.3241733875936,1296.1769316375444,1314.4212646484375,466200,0.0,0.0
2019-07-01 00:00:00+09:00,1335.153584087876,1339.3000237900123,1317.7385373389038,1330.1778564453125,237500,0.0,0.0
2019-07-02 00:00:00+09:00,1320.2263882005986,1336.8121468463348,1305.299205419436,1333.4949951171875,251600,0.0,0.0
2019-07-03 00:00:00+09:00,1320.2263761377903,1331.8364070837256,1313.592072740113,1321.0556640625,152700,0.0,0.0
2019-07-04 00:00:00+09:00,1331.8365234375,1333.4950994318183,1314.4214754971592,1322.71435546875,111900,0.0,0.0
2019-07-05 00:00:00+09:00,1338.4708667797047,1365.008083469265,1336.812290736607,1358.373779296875,276000,0.0,0.0
2019-07-08 00:00:00+09:00,1387.3986757435086,1407.301585616697,1372.4714933386172,1373.30078125,289800,0.0,0.0
2019-07-09 00:00:00+09:00,1363.3493143592016,1379.1057845373189,1340.9585409481929,1345.10498046875,216900,0.0,0.0
2019-07-10 00:00:00+09:00,1335.98300136609,1352.5687617803185,1321.0558169932847,1328.5194091796875,195700,0.0,0.0
2019-07-11 00:00:00+09:00,1321.0557794744318,1322.71435546875,1302.8114435369318,1322.71435546875,151500,0.0,0.0
2019-07-12 00:00:00+09:00,1335.9828904528786,1343.4464820196545,1321.8849952711907,1340.9586181640625,199800,0.0,0.0
2019-07-16 00:00:00+09:00,1329.3483950003172,1345.934151644114,1325.2019558393679,1327.6898193359375,146300,0.0,0.0
2019-07-17 00:00:00+09:00,1321.0556815655048,1356.7150628004806,1315.250666015625,1347.5928955078125,245700,0.0,0.0
2019-07-18 00:00:00+09:00,1339.2998340560437,1351.7391514002175,1297.8354429087976,1299.4940185546875,183900,0.0,0.0
2019-07-19 00:00:00+09:00,1311.9332382522791,1351.739050790907,1306.1282239237291,1341.78759765625,272900,0.0,0.0
2019-07-22 00:00:00+09:00,1340.1292672072786,1340.1292672072786,1308.6163265179985,1310.27490234375,224100,0.0,0.0
2019-07-23 00:00:00+09:00,1308.6163330078125,1322.7142275966166,1300.323453837928,1308.6163330078125,127900,0.0,0.0
2019-07-24 00:00:00+09:00,1319.397043377086,1324.372770756258,1306.9577249291563,1316.9091796875,176100,0.0,0.0
2019-07-25 00:00:00+09:00,1327.6899349334012,1330.1777986465806,1316.0799042718975,1329.3485107421875,114800,0.0,0.0
2019-07-26 00:00:00+09:00,1316.909321665613,1328.5193534687105,1298.6649859750316,1311.93359375,111700,0.0,0.0
2019-07-29 00:00:00+09:00,1310.2749349995024,1310.2749349995024,1290.3720245944467,1301.9820556640625,117400,0.0,0.0
2019-07-30 00:00:00+09:00,1310.2749349995024,1330.1778454045582,1298.6649039298866,1301.9820556640625,168400,0.0,0.0
2019-07-31 00:00:00+09:00,1298.6648917931068,1306.957771051045,1287.0548608319934,1289.542724609375,207800,0.0,0.0
2019-08-01 00:00:00+09:00,1285.3962849804059,1311.933498605808,1268.8105264645296,1289.542724609375,148300,0.0,0.0
2019-08-02 00:00:00+09:00,1251.3955627192959,1261.3470184864473,1212.419027631286,1222.3704833984375,412300,0.0,0.0
2019-08-05 00:00:00+09:00,1201.6381848049366,1201.6381848049366,1156.0273496329066,1170.125244140625,262700,0.0,0.0
2019-08-06 00:00:00+09:00,1136.1245214565527,1167.6374643874642,1122.8559139066952,1164.3203125,251200,0.0,0.0
2019-08-07 00:00:00+09:00,1146.905226368015,1180.0767441226938,1146.905226368015,1174.271728515625,156000,0.0,0.0
2019-08-08 00:00:00+09:00,1158.5151753229354,1158.5151753229354,1140.270841853283,1148.563720703125,226800,0.0,0.0
2019-08-09 00:00:00+09:00,1151.8809052864008,1151.8809052864008,1120.3679647530075,1124.514404296875,204200,0.0,0.0
2019-08-13 00:00:00+09:00,1105.4408470656342,1111.2458627666542,1088.0257999625749,1107.9287109375,269600,0.0,0.0
2019-08-14 00:00:00+09:00,1127.83158768315,1137.7830428685897,1117.8801324977105,1131.97802734375,169900,0.0,0.0
2019-08-15 00:00:00+09:00,1095.4894856952485,1114.5631103515625,1088.02589343843,1114.5631103515625,132700,0.0,0.0
2019-08-16 00:00:00+09:00,1106.2700323807564,1127.8315172697369,1105.440744500411,1118.7093505859375,168400,0.0,0.0
2019-08-19 00:00:00+09:00,1127.002370422632,1135.2952502638584,1122.0266425178966,1129.490234375,115300,0.0,0.0
2019-08-20 00:00:00+09:00,1129.490131749516,1131.9779954758367,1117.0508131179135,1124.514404296875,152200,0.0,0.0
2019-08-21 00:00:00+09:00,1117.0507748252467,1122.8557899876644,1107.9286081414473,1118.7093505859375,144100,0.0,0.0
2019-08-22 00:00:00+09:00,1126.1728641842458,1126.1728641842458,1112.9042590097629,1122.855712890625,105500,0.0,0.0
2019-08-23 00:00:00+09:00,1119.5388116780118,1124.514539729914,1114.5630836261096,1121.1973876953125,122300,0.0,0.0
2019-08-26 00:00:00+09:00,1087.1962969676558,1104.6113406261766,1085.53772138113,1101.294189453125,133200,0.0,0.0
2019-08-27 00:00:00+09:00,1114.562956460674,1117.8801081168072,1104.6115014922752,1107.099365234375,93100,0.0,0.0
2019-08-28 00:00:00+09:00,1109.587286852077,1116.2215905103853,1104.6115591083458,1107.9287109375,118300,0.0,0.0
2019-08-29 00:00:00+09:00,1110.4166435828577,1122.8559637126134,1101.2944754877035,1121.1973876953125,101200,0.0,0.0
2019-08-30 00:00:00+09:00,1140.270841853283,1152.710160128046,1136.124402428362,1148.563720703125,198600,0.0,0.0
2019-09-02 00:00:00+09:00,1139.4413854415411,1140.2706732038712,1121.1970546702792,1128.66064453125,90100,0.0,0.0
2019-09-03 00:00:00+09:00,1127.831759982639,1143.5882331000432,1125.3438958062065,1134.466064453125,67000,0.0,0.0
2019-09-04 00:00:00+09:00,1125.3437697878596,1127.8316336856958,1107.928722503007,1120.3680419921875,106400,0.0,0.0
2019-09-05 00:00:00+09:00,1132.807175099764,1170.9544152568571,1131.1485994407599,1152.7100830078125,195900,0.0,0.0
2019-09-06 00:00:00+09:00,1167.6373617657723,1170.9545133616978,1142.758724796331,1143.5880126953125,88900,0.0,0.0
2019-09-09 00:00:00+09:00,1150.2222195193065,1155.1979464963185,1134.465750758768,1152.7100830078125,130400,0.0,0.0
2019-09-10 00:00:00+09:00,1177.5889905992444,1211.5897994827437,1177.5889905992444,1207.443359375,243400,0.0,0.0
2019-09-11 00:00:00+09:00,1257.200489159341,1298.664885239794,1243.1025944919868,1291.2012939453125,457300,0.0,0.0
2019-09-12 00:00:00+09:00,1324.3728343540824,1358.3736397445127,1308.616363563395,1331.83642578125,535900,0.0,0.0
2019-09-13 00:00:00+09:00,1349.251484498501,1360.0322277673888,1329.3485738482466,1344.2757568359375,488800,0.0,0.0
2019-09-17 00:00:00+09:00,1340.1290708722156,1388.2277627723322,1331.006905167021,1377.447021484375,291800,0.0,0.0
2019-09-18 00:00:00+09:00,1360.8614506468673,1362.5200264550901,1322.7142070577413,1345.10498046875,246600,0.0,0.0
2019-09-19 00:00:00+09:00,1368.3250788807084,1391.5451408253507,1365.007927174331,1382.4229736328125,293600,0.0,0.0
2019-09-20 00:00:00+09:00,1366.6664204116314,1377.4471628056551,1352.568526511754,1372.471435546875,231000,0.0,0.0
2019-09-24 00:00:00+09:00,1369.154226319245,1386.56927099078,1356.7149086967202,1371.64208984375,150000,0.0,0.0
2019-09-25 00:00:00+09:00,1359.2029069050334,1365.0079223707658,1345.1050122025406,1352.568603515625,205100,0.0,0.0
2019-09-26 00:00:00+09:00,1385.740143912179,1402.3259026663643,1371.6422489711215,1393.2037353515625,234900,0.0,0.0
2019-09-27 00:00:00+09:00,1396.5709297170745,1396.5709297170745,1341.0111458946953,1362.0565185546875,203900,25.0,0.0
2019-09-30 00:00:00+09:00,1362.8984833429993,1367.107558337882,1341.8531083685862,1349.429443359375,179100,0.0,0.0
2019-10-01 00:00:00+09:00,1358.6892562755372,1394.0454822752724,1355.3219966565148,1390.67822265625,228400,0.0,0.0
2019-10-02 00:00:00+09:00,1379.7347774517268,1402.4637823273806,1362.0566625484405,1378.0511474609375,294700,0.0,0.0
2019-10-03 00:00:00+09:00,1344.3785313307637,1344.3785313307637,1314.0731918643219,1333.4349365234375,199600,0.0,0.0
2019-10-04 00:00:00+09:00,1314.9150342388166,1335.1185943039457,1305.6550692089659,1320.8077392578125,244200,0.0,0.0
2019-10-07 00:00:00+09:00,1316.5985605668047,1325.0167099310427,1303.1295215840241,1319.9658203125,140000,0.0,0.0
2019-10-08 00:00:00+09:00,1325.8584305002719,1339.3274685244016,1318.282096611699,1330.0675048828125,215100,0.0,0.0
2019-10-09 00:00:00+09:00,1303.9712830949634,1325.858470545234,1293.8695042717616,1322.4912109375,300300,0.0,0.0
2019-10-10 00:00:00+09:00,1324.1749448509313,1325.8585747871691,1293.8696059986532,1323.3331298828125,184200,0.0,0.0
2019-10-11 00:00:00+09:00,1338.485763139981,1351.1129873205468,1330.9094286316413,1347.7457275390625,180700,0.0,0.0
2019-10-15 00:00:00+09:00,1380.5765924471214,1398.2547073504077,1376.3675174701484,1378.0511474609375,182300,0.0,0.0
2019-10-16 00:00:00+09:00,1405.8309457199439,1414.2490950955125,1382.260127468352,1388.15283203125,210800,0.0,0.0
2019-10-17 00:00:00+09:00,1388.9946508259966,1388.9946508259966,1356.1638681701093,1359.5311279296875,146600,0.0,0.0
2019-10-18 00:00:00+09:00,1366.265733708256,1379.7347735969388,1356.163953791744,1361.21484375,156000,0.0,0.0
2019-10-21 00:00:00+09:00,1376.3674408255272,1389.8364800018014,1368.791106288873,1387.31103515625,151000,0.0,0.0
2019-10-23 00:00:00+09:00,1414.248868936567,1414.248868936567,1383.9435360307834,1410.039794921875,229800,0.0,0.0
2019-10-24 00:00:00+09:00,1415.0908882340457,1426.0344822537022,1406.672738988156,1417.6163330078125,173900,0.0,0.0
2019-10-25 00:00:00+09:00,1418.4582653079492,1427.7182302446777,1399.9383354344923,1423.5091552734375,174000,0.0,0.0
2019-10-28 00:00:00+09:00,1431.0854311342591,1438.6617657696759,1420.9836516203702,1431.92724609375,169200,0.0,0.0
2019-10-29 00:00:00+09:00,1453.8144623889468,1462.2326121422122,1436.9781628824157,1442.029052734375,197400,0.0,0.0
2019-10-30 00:00:00+09:00,1447.0798477836277,1452.972552224864,1431.0853643002717,1452.1307373046875,561900,0.0,0.0
2019-10-31 00:00:00+09:00,1440.3453463313197,1464.7579793199861,1415.9327133426532,1451.2889404296875,239800,0.0,0.0
2019-11-01 00:00:00+09:00,1422.6673083018645,1449.6053875123139,1421.825493326538,1442.029052734375,127900,0.0,0.0
2019-11-05 00:00:00+09:00,1467.2834564417533,1484.9615703747863,1462.232566746601,1478.22705078125,231000,0.0,0.0
2019-11-06 00:00:00+09:00,1500.9559326171875,1505.1650070216103,1482.436005237727,1500.9559326171875,141700,0.0,0.0
2019-11-07 00:00:00+09:00,1483.2778680974786,1493.3796469948509,1471.4924593838778,1481.59423828125,145500,0.0,0.0
2019-11-08 00:00:00+09:00,1511.8995623837554,1512.7413772848602,1491.6960047572466,1499.2723388671875,193300,0.0,0.0
2019-11-11 00:00:00+09:00,1507.6906462507789,1535.4705409053156,1507.6906462507789,1520.31787109375,210800,0.0,0.0
2019-11-12 00:00:00+09:00,1520.3177088713844,1527.89404296875,1500.114151278409,1527.89404296875,224900,0.0,0.0
2019-11-13 00:00:00+09:00,1525.3686647999043,1527.8941096091758,1484.1197329151387,1484.9615478515625,249600,0.0,0.0
2019-11-14 00:00:00+09:00,1478.2269507785684,1483.2778401320259,1454.6561337957667,1471.492431640625,203900,0.0,0.0
2019-11-15 00:00:00+09:00,1479.9106631428672,1508.5323710762332,1465.5998091761842,1501.7978515625,207800,0.0,0.0
2019-11-18 00:00:00+09:00,1500.114153768292,1506.8486729771282,1490.0123749550376,1499.2723388671875,110100,0.0,0.0
2019-11-19 00:00:00+09:00,1490.854119493102,1499.2722681068406,1470.6505628201294,1474.017822265625,225100,0.0,0.0
2019-11-20 00:00:00+09:00,1462.2323972193549,1463.9160269225436,1427.7179883039873,1446.2379150390625,265500,0.0,0.0
2019-11-21 00:00:00+09:00,1450.4467892976402,1463.0740103304113,1432.7686798517605,1461.390380859375,172700,0.0,0.0
2019-11-22 00:00:00+09:00,1467.283496946216,1495.90520600885,1463.0744220840638,1470.6507568359375,194200,0.0,0.0
2019-11-25 00:00:00+09:00,1490.012491931298,1497.5888266360332,1477.3852674234056,1482.4361572265625,118000,0.0,0.0
2019-11-26 00:00:00+09:00,1488.3288712569763,1489.1706862294068,1460.5489771667726,1470.6507568359375,302600,0.0,0.0
2019-11-27 00:00:00+09:00,1470.650747685863,1483.2779721937552,1468.1253027842845,1482.4361572265625,172000,0.0,0.0
2019-11-28 00:00:00+09:00,1500.956081890952,1500.956081890952,1481.594337705034,1488.328857421875,141000,0.0,0.0
2019-11-29 00:00:00+09:00,1488.3288755217177,1492.5379503959307,1481.5943557229768,1487.487060546875,113500,0.0,0.0
2019-12-02 00:00:00+09:00,1498.4306548085633,1510.216064453125,1495.9052098847287,1510.216064453125,169400,0.0,0.0
2019-12-03 00:00:00+09:00,1490.0124873510854,1495.9051921033213,1472.3343730943775,1488.328857421875,194100,0.0,0.0
2019-12-04 00:00:00+09:00,1473.1761259191178,1502.6396484375,1462.2325318408614,1502.6396484375,184900,0.0,0.0
2019-12-05 00:00:00+09:00,1515.266741614265,1515.266741614265,1500.1140741981224,1514.4249267578125,110400,0.0,0.0
2019-12-06 00:00:00+09:00,1532.103339115212,1537.1542292441632,1525.368818943277,1534.6287841796875,108900,0.0,0.0
2019-12-09 00:00:00+09:00,1553.9904015379525,1559.883106202506,1536.312287544292,1540.5213623046875,105600,0.0,0.0
2019-12-10 00:00:00+09:00,1544.7306141386152,1551.4651345272305,1532.9452034585386,1537.99609375,95500,0.0,0.0
2019-12-11 00:00:00+09:00,1541.3630490466376,1541.3630490466376,1514.424972820809,1523.6849365234375,99100,0.0,0.0
2019-12-12 00:00:00+09:00,1529.5777078011267,1529.5777078011267,1503.4814453125,1503.4814453125,98200,0.0,0.0
2019-12-13 00:00:00+09:00,1550.6232728673529,1576.7195385887903,1543.8887526811754,1551.465087890625,403500,0.0,0.0
2019-12-16 00:00:00+09:00,1560.7248984119967,1562.4085282916212,1535.4704502176278,1547.255859375,138900,0.0,0.0
2019-12-17 00:00:00+09:00,1571.6684348307292,1583.4538435546874,1564.933915559896,1578.4029541015625,182900,0.0,0.0
2019-12-18 00:00:00+09:00,1576.7193916770073,1576.7193916770073,1549.7813134422693,1558.199462890625,200900,0.0,0.0
2019-12-19 00:00:00+09:00,1568.3014382618985,1574.194143612319,1550.6233222106373,1554.8323974609375,98800,0.0,0.0
2019-12-20 00:00:00+09:00,1557.3577748462073,1567.4595550073718,1552.306884765625,1552.306884765625,108900,0.0,0.0
2019-12-23 00:00:00+09:00,1552.3069495758073,1552.3069495758073,1530.419758312808,1537.99609375,76900,0.0,0.0
2019-12-24 00:00:00+09:00,1546.4141944805738,1552.306899631017,1530.4197090722282,1534.6287841796875,66400,0.0,0.0
2019-12-25 00:00:00+09:00,1526.2105124288785,1530.419587201159,1505.1651385674763,1511.899658203125,54500,0.0,0.0
2019-12-26 00:00:00+09:00,1519.4760242019752,1538.8377685546875,1516.950579286404,1538.8377685546875,111300,0.0,0.0
2019-12-27 00:00:00+09:00,1543.888555203698,1565.775743009203,1540.5212955413126,1560.724853515625,88800,0.0,0.0
2019-12-30 00:00:00+09:00,1546.4141531198825,1556.5159331076009,1528.7360381413755,1542.205078125,76400,0.0,0.0
2020-01-06 00:00:00+09:00,1495.9051152744476,1502.6396346454073,1474.8597422401983,1497.5887451171875,192900,0.0,0.0
2020-01-07 00:00:00+09:00,1502.6396757453829,1516.9505298001009,1490.0124515794553,1512.741455078125,170800,0.0,0.0
2020-01-08 00:00:00+09:00,1490.8541599628436,1492.537789731294,1451.2888604042587,1466.4415283203125,169700,0.0,0.0
2020-01-09 00:00:00+09:00,1498.4305239660828,1509.374117680442,1489.1705600539328,1499.2723388671875,140100,0.0,0.0
2020-01-10 00:00:00+09:00,1494.2216167503982,1502.6397667039216,1485.803466796875,1485.803466796875,103900,0.0,0.0
2020-01-14 00:00:00+09:00,1478.2269489259513,1482.436023381891,1436.9780192577443,1448.763427734375,197500,0.0,0.0
2020-01-15 00:00:00+09:00,1440.345422783722,1452.9726474136203,1433.6109029811096,1442.029052734375,113600,0.0,0.0
2020-01-16 00:00:00+09:00,1433.6107941034556,1433.6107941034556,1419.2999406097629,1424.350830078125,115200,0.0,0.0
2020-01-17 00:00:00+09:00,1415.9327797564338,1436.136339039522,1413.4073348460477,1431.08544921875,111400,0.0,0.0
2020-01-20 00:00:00+09:00,1431.92723248237,1441.1871969487463,1426.8763427734375,1426.8763427734375,67400,0.0,0.0
2020-01-21 00:00:00+09:00,1420.9835927061683,1426.0344822537022,1406.672738988156,1417.6163330078125,88000,0.0,0.0
2020-01-22 00:00:00+09:00,1411.723521071214,1431.0852628628884,1402.4635576056305,1422.6671142578125,130700,0.0,0.0
2020-01-23 00:00:00+09:00,1422.6670676544352,1426.8761418190934,1411.7234748263243,1413.4071044921875,171500,0.0,0.0
2020-01-24 00:00:00+09:00,1414.2491501046027,1415.9327800452033,1402.4637405203976,1408.3564453125,105000,0.0,0.0
2020-01-27 00:00:00+09:00,1378.0511246794263,1390.6783494015958,1367.9493449016907,1384.78564453125,102300,0.0,0.0
2020-01-28 00:00:00+09:00,1367.9493001800126,1377.2092646735389,1363.740225410228,1375.525634765625,142800,0.0,0.0
2020-01-29 00:00:00+09:00,1369.6328855942234,1392.3618886126894,1367.9492557410038,1388.99462890625,145500,0.0,0.0
2020-01-30 00:00:00+09:00,1378.0508927218432,1382.2599669207493,1338.4855952521264,1367.1072998046875,191900,0.0,0.0
2020-01-31 00:00:00+09:00,1468.125139343044,1468.125139343044,1390.6781709832046,1415.9326171875,214800,0.0,0.0
2020-02-03 00:00:00+09:00,1375.525572214756,1404.9890942634197,1375.525572214756,1389.83642578125,111700,0.0,0.0
2020-02-04 00:00:00+09:00,1383.9435360307834,1410.8816097248134,1379.7344620160914,1410.039794921875,86100,0.0,0.0
2020-02-05 00:00:00+09:00,1426.034423828125,1439.503462069713,1415.0908302568348,1426.034423828125,147200,0.0,0.0
2020-02-06 00:00:00+09:00,1459.707063118845,1490.8542149847028,1459.707063118845,1463.9161376953125,228900,0.0,0.0
2020-02-07 00:00:00+09:00,1468.1253126384377,1470.6507575569672,1422.667304104908,1425.1927490234375,109100,0.0,0.0
2020-02-10 00:00:00+09:00,1394.8872945656556,1421.825371467346,1393.2036647593,1419.2999267578125,90200,0.0,0.0
2020-02-12 00:00:00+09:00,1408.356317408216,1421.825355709789,1385.6273152743117,1391.52001953125,132600,0.0,0.0
2020-02-13 00:00:00+09:00,1384.7856310506359,1388.1528909437682,1358.689366878861,1379.7347412109375,114800,0.0,0.0
2020-02-14 00:00:00+09:00,1372.1584557355065,1383.10205078125,1364.5821207038382,1383.10205078125,90600,0.0,0.0
2020-02-17 00:00:00+09:00,1368.7910196965236,1370.4746494870483,1350.2710920007528,1362.8983154296875,103500,0.0,0.0
2020-02-18 00:00:00+09:00,1358.6893813099073,1358.6893813099073,1330.9094868965076,1339.32763671875,131700,0.0,0.0
2020-02-19 00:00:00+09:00,1336.801937282161,1336.801937282161,1319.965640842839,1328.3837890625,122000,0.0,0.0
2020-02-20 00:00:00+09:00,1339.3274765306962,1342.6947360568577,1314.9148449660263,1318.2821044921875,124700,0.0,0.0
2020-02-21 00:00:00+09:00,1313.2312914489548,1323.3330706139468,1308.1804018664589,1309.022216796875,92200,0.0,0.0
2020-02-25 00:00:00+09:00,1245.885893384509,1268.614892790848,1234.1004862849259,1255.9876708984375,245300,0.0,0.0
2020-02-26 00:00:00+09:00,1230.7335064322742,1248.41162109375,1228.2080614806348,1248.41162109375,211300,0.0,0.0
2020-02-27 00:00:00+09:00,1228.2079803108263,1234.1006848085478,1214.7389414588913,1218.106201171875,176300,0.0,0.0
2020-02-28 00:00:00+09:00,1185.2754311115082,1186.9590609852462,1157.4955381948323,1177.6990966796875,300400,0.0,0.0
2020-03-02 00:00:00+09:00,1153.2864683123018,1200.4281049732426,1150.76102349118,1194.535400390625,213600,0.0,0.0
2020-03-03 00:00:00+09:00,1219.7898105090455,1220.6316254231303,1170.9645454921201,1173.489990234375,179100,0.0,0.0
2020-03-04 00:00:00+09:00,1142.3427734375,1161.7045153601696,1135.608254507876,1142.3427734375,225000,0.0,0.0
2020-03-05 00:00:00+09:00,1154.9700694059497,1158.3373290835182,1131.3992516629712,1138.9755859375,202000,0.0,0.0
2020-03-06 00:00:00+09:00,1113.7211361504042,1113.7211361504042,1082.5739841945729,1093.517578125,245400,0.0,0.0
2020-03-09 00:00:00+09:00,1038.7995219390664,1042.1667813294687,993.3415201686372,1003.4432983398438,321800,0.0,0.0
2020-03-10 00:00:00+09:00,995.0250415958086,1034.59033512796,960.5106365996766,1028.6976318359375,337200,0.0,0.0
2020-03-11 00:00:00+09:00,1023.6469127919099,1036.2741362227312,1007.6524297795364,1009.3360595703125,269900,0.0,0.0
2020-03-12 00:00:00+09:00,985.7652100902264,991.6579141642073,947.0417261754951,953.7762451171875,311700,0.0,0.0
2020-03-13 00:00:00+09:00,878.0129805267362,913.3692079304974,861.1766817630404,893.1656494140625,516900,0.0,0.0
2020-03-16 00:00:00+09:00,909.1601473234689,957.9854144945441,882.222068884255,920.945556640625,264200,0.0,0.0
2020-03-17 00:00:00+09:00,909.1601541288825,976.505350731022,882.2220754880267,968.9290161132812,421200,0.0,0.0
2020-03-18 00:00:00+09:00,978.1889493378023,1029.539660103384,962.1944656567196,987.4489135742188,349500,0.0,0.0
2020-03-19 00:00:00+09:00,1018.5960867745536,1026.1724213042817,961.3526703277191,972.2962646484375,385100,0.0,0.0
2020-03-23 00:00:00+09:00,972.2962058037763,1038.799582650961,948.7253886933817,1032.0650634765625,328400,0.0,0.0
2020-03-24 00:00:00+09:00,1069.9468222924822,1113.7212005452038,1057.319597796505,1101.935791015625,334300,0.0,0.0
2020-03-25 00:00:00+09:00,1152.4444535506996,1156.653527522762,1104.4610102691877,1129.7154541015625,216100,0.0,0.0
2020-03-26 00:00:00+09:00,1128.0320546072542,1165.9137280828709,1103.6194205896345,1147.393798828125,236900,0.0,0.0
2020-03-27 00:00:00+09:00,1210.5298634592864,1246.7279052734375,1183.5917858301507,1246.7279052734375,375700,0.0,0.0
2020-03-30 00:00:00+09:00,1169.6636818633378,1241.5902918754318,1148.2569526930718,1239.021484375,279600,25.0,0.0
2020-03-31 00:00:00+09:00,1224.4650004607086,1257.8595004732733,1181.6515389061383,1197.920654296875,223000,0.0,0.0
2020-04-01 00:00:00+09:00,1185.9328195599333,1207.339549154878,1117.4312848561103,1131.131591796875,198500,0.0,0.0
2020-04-02 00:00:00+09:00,1099.44975084115,1115.7188670919147,1021.5292466927508,1049.7861328125,306300,0.0,0.0
2020-04-03 00:00:00+09:00,1179.9387114865713,1207.3393201713102,1043.7919370842747,1066.054931640625,198300,0.0,0.0
2020-04-06 00:00:00+09:00,1040.3671202072962,1096.0246204652997,1032.6606970946495,1085.7493896484375,154600,0.0,0.0
2020-04-07 00:00:00+09:00,1127.706381330819,1135.4128030711208,1081.4678508890086,1117.43115234375,191200,0.0,0.0
2020-04-08 00:00:00+09:00,1121.7125233960387,1142.2629818399355,1109.7247559704322,1129.4189453125,221900,0.0,0.0
2020-04-09 00:00:00+09:00,1125.9938431663074,1131.131457659842,1082.3241199712645,1117.43115234375,183800,0.0,0.0
2020-04-10 00:00:00+09:00,1132.8442194662427,1157.6760277538626,1109.7249496812174,1149.9696044921875,164400,0.0,0.0
2020-04-13 00:00:00+09:00,1129.4191258865567,1141.4068952287946,1108.0123949182748,1114.862548828125,114300,0.0,0.0
2020-04-14 00:00:00+09:00,1123.4250077058043,1132.8439673740695,1100.3057430655172,1128.5626220703125,125600,0.0,0.0
2020-04-15 00:00:00+09:00,1136.2691821307742,1150.825757938026,1113.1499146721978,1119.143798828125,295800,0.0,0.0
2020-04-16 00:00:00+09:00,1103.7308693328903,1154.2507462069327,1102.8746002333303,1152.5382080078125,292900,0.0,0.0
2020-04-17 00:00:00+09:00,1152.5385203081435,1183.3642162450626,1141.4070189975894,1151.6822509765625,175100,0.0,0.0
2020-04-20 00:00:00+09:00,1159.3884817876499,1179.0826731326397,1145.6881747650484,1160.2447509765625,114000,0.0,0.0
2020-04-21 00:00:00+09:00,1150.825950386598,1169.663875169712,1149.1134117699512,1162.813720703125,148700,0.0,0.0
2020-04-22 00:00:00+09:00,1160.2449269702654,1187.645545171777,1154.2510417386845,1161.1011962890625,200500,0.0,0.0
2020-04-23 00:00:00+09:00,1156.8195370205967,1177.3699951171875,1155.9632679332387,1177.3699951171875,118000,0.0,0.0
2020-04-24 00:00:00+09:00,1185.9329805962495,1201.3458279975005,1173.0889410952072,1193.639404296875,103800,0.0,0.0
2020-04-27 00:00:00+09:00,1199.6332697888581,1214.1898476521062,1180.7953454952428,1210.7647705078125,121300,0.0,0.0
2020-04-28 00:00:00+09:00,1241.5903253070378,1241.5903253070378,1203.0582117630263,1212.4771728515625,135400,0.0,0.0
2020-04-30 00:00:00+09:00,1271.5597270186797,1284.403764665333,1237.3089599609375,1237.3089599609375,245800,0.0,0.0
2020-05-01 00:00:00+09:00,1220.1835725432406,1220.1835725432406,1180.7951905523712,1192.782958984375,140800,0.0,0.0
2020-05-07 00:00:00+09:00,1185.9327558021405,1185.9327558021405,1157.6758742559523,1168.807373046875,137300,0.0,0.0
2020-05-08 00:00:00+09:00,1194.4954305159915,1195.3516996418095,1175.6575097479974,1185.9327392578125,93900,0.0,0.0
2020-05-11 00:00:00+09:00,1185.932821226879,1191.0704363368873,1174.8013218218614,1183.364013671875,118100,0.0,0.0
2020-05-12 00:00:00+09:00,1179.0826937036713,1196.2080777807037,1168.8074632574521,1187.6453857421875,157400,0.0,0.0
2020-05-13 00:00:00+09:00,1161.9574896222846,1206.4834951199698,1161.9574896222846,1202.2021484375,134100,0.0,0.0
2020-05-14 00:00:00+09:00,1192.7828386896308,1209.9082204367899,1176.5137260298295,1177.3699951171875,126000,0.0,0.0
2020-05-15 00:00:00+09:00,1215.0457894644933,1221.0396728515625,1194.4953321373982,1221.0396728515625,150300,0.0,0.0
2020-05-18 00:00:00+09:00,1195.3518108821231,1236.452732746265,1194.4955416766202,1232.17138671875,123600,0.0,0.0
2020-05-19 00:00:00+09:00,1256.1467698741499,1260.4281153747434,1226.1773513699948,1251.0091552734375,151000,0.0,0.0
2020-05-20 00:00:00+09:00,1235.5965154106818,1249.2968232738633,1233.8839769277843,1240.734130859375,153300,0.0,0.0
2020-05-21 00:00:00+09:00,1240.7340103149413,1240.7340103149413,1227.0337037828233,1233.027587890625,89200,0.0,0.0
2020-05-22 00:00:00+09:00,1237.3090201788507,1237.3090201788507,1209.9084051991113,1215.0460205078125,111200,0.0,0.0
2020-05-25 00:00:00+09:00,1220.1835505167644,1233.027587890625,1220.1835505167644,1233.027587890625,56800,0.0,0.0
2020-05-26 00:00:00+09:00,1237.3089549852455,1262.9970301752505,1237.3089549852455,1260.42822265625,89100,0.0,0.0
2020-05-27 00:00:00+09:00,1279.2659632651792,1290.3974609375,1260.4280441274054,1290.3974609375,160300,0.0,0.0
2020-05-28 00:00:00+09:00,1304.9541371761036,1338.3486328125,1304.0978680572216,1338.3486328125,190600,0.0,0.0
2020-05-29 00:00:00+09:00,1311.804469250671,1334.9237386173604,1305.8105846000478,1316.0858154296875,200700,0.0,0.0
2020-06-01 00:00:00+09:00,1292.9664322092563,1312.6606228985363,1276.6973181615901,1285.260009765625,123900,0.0,0.0
2020-06-02 00:00:00+09:00,1306.6668934215197,1325.5048171798903,1297.2479315423345,1318.6546630859375,135900,0.0,0.0
2020-06-03 00:00:00+09:00,1339.20522043495,1339.20522043495,1314.3734100816164,1322.079833984375,135000,0.0,0.0
2020-06-04 00:00:00+09:00,1338.348758675288,1348.6239890681886,1310.9481442942201,1322.9359130859375,156300,0.0,0.0
2020-06-05 00:00:00+09:00,1342.6300694992112,1362.3242605696717,1333.2111085524693,1357.1866455078125,180300,0.0,0.0
2020-06-08 00:00:00+09:00,1391.437532822531,1421.406956606401,1380.3060325599508,1417.1256103515625,229800,0.0,0.0
2020-06-09 00:00:00+09:00,1444.526226382529,1444.526226382529,1411.1317255947886,1417.1256103515625,232600,0.0,0.0
2020-06-10 00:00:00+09:00,1415.413034078049,1417.981841762401,1395.7188418313488,1406.850341796875,182200,0.0,0.0
2020-06-11 00:00:00+09:00,1368.3182113273895,1383.7310572622412,1362.3243267971693,1364.036865234375,130900,0.0,0.0
2020-06-12 00:00:00+09:00,1329.7862178894081,1344.3427959345595,1313.5171012507096,1319.510986328125,272900,0.0,0.0
2020-06-15 00:00:00+09:00,1328.0735055770572,1335.7799282399803,1303.24169921875,1303.24169921875,240300,0.0,0.0
2020-06-16 00:00:00+09:00,1358.0427742752374,1400.8562286975337,1340.061123417873,1397.43115234375,242300,0.0,0.0
2020-06-17 00:00:00+09:00,1399.1437572944455,1412.844063363424,1388.0122586134003,1404.2813720703125,197100,0.0,0.0
2020-06-18 00:00:00+09:00,1404.2813998271317,1405.9939381196039,1388.8685551948827,1400.8563232421875,184200,0.0,0.0
2020-06-19 00:00:00+09:00,1405.137801200368,1420.5506472830045,1386.299878210479,1414.5567626953125,248500,0.0,0.0
2020-06-22 00:00:00+09:00,1426.5444196888582,1438.5321879215378,1410.2753056587933,1428.2569580078125,230200,0.0,0.0
2020-06-23 00:00:00+09:00,1424.8319530776228,1424.8319530776228,1392.2937233799366,1411.9879150390625,308800,0.0,0.0
2020-06-24 00:00:00+09:00,1404.2815351908187,1404.2815351908187,1354.617919921875,1354.617919921875,286700,0.0,0.0
2020-06-25 00:00:00+09:00,1336.6361096568944,1336.6361096568944,1310.9480358005799,1328.9296875,160700,0.0,0.0
2020-06-26 00:00:00+09:00,1349.48036329373,1353.7617096239767,1334.9237857708915,1340.0614013671875,155000,0.0,0.0
2020-06-29 00:00:00+09:00,1322.079607610571,1370.0306814617315,1318.6545309069165,1364.89306640625,236800,0.0,0.0
2020-06-30 00:00:00+09:00,1394.8627339515995,1407.7067738590729,1372.5997314453125,1372.5997314453125,199800,0.0,0.0
2020-07-01 00:00:00+09:00,1375.1683322901586,1375.1683322901586,1325.5047187952462,1330.642333984375,123800,0.0,0.0
2020-07-02 00:00:00+09:00,1316.085813218841,1327.2173132655846,1296.3916208284486,1323.792236328125,209500,0.0,0.0
2020-07-03 00:00:00+09:00,1319.5108804540696,1327.2173035066892,1287.8289190155228,1310.0919189453125,148700,0.0,0.0
2020-07-06 00:00:00+09:00,1305.810471115258,1349.480198345998,1302.3853944697098,1345.1988525390625,89300,0.0,0.0
2020-07-07 00:00:00+09:00,1358.0428789439309,1358.0428789439309,1322.9358436118368,1331.49853515625,145400,0.0,0.0
2020-07-08 00:00:00+09:00,1312.660619779666,1336.6361562139978,1300.6728515625,1300.6728515625,145500,0.0,0.0
2020-07-09 00:00:00+09:00,1299.816739327567,1334.0675097973315,1292.1103159718698,1318.6546630859375,132500,0.0,0.0
2020-07-10 00:00:00+09:00,1310.9482694970307,1310.9482694970307,1267.2785361565027,1270.70361328125,155200,0.0,0.0
2020-07-13 00:00:00+09:00,1309.235578287025,1340.0612688156925,1302.38542483621,1326.3609619140625,156600,0.0,0.0
2020-07-14 00:00:00+09:00,1325.5046510751608,1343.4863033184286,1316.9419595307477,1331.49853515625,120600,0.0,0.0
2020-07-15 00:00:00+09:00,1338.3487147404599,1345.1988681108523,1318.654523800581,1335.7799072265625,173700,0.0,0.0
2020-07-16 00:00:00+09:00,1310.09165984123,1330.642117250504,1286.1161261970767,1327.217041015625,170300,0.0,0.0
2020-07-17 00:00:00+09:00,1331.498522696877,1339.204945014737,1318.6544855004443,1325.504638671875,66900,0.0,0.0
2020-07-20 00:00:00+09:00,1325.504823844349,1344.342747697434,1317.798400449905,1340.0614013671875,61700,0.0,0.0
2020-07-21 00:00:00+09:00,1320.3671638528713,1320.3671638528713,1290.3977405488179,1308.37939453125,154100,0.0,0.0
2020-07-22 00:00:00+09:00,1320.3669322547585,1334.067237647804,1298.960205078125,1298.960205078125,115600,0.0,0.0
2020-07-27 00:00:00+09:00,1293.8228036120047,1319.5108804540696,1281.835034419041,1310.0919189453125,350400,0.0,0.0
2020-07-28 00:00:00+09:00,1297.2479315423345,1330.642432750355,1294.6791237571022,1318.6546630859375,176700,0.0,0.0
2020-07-29 00:00:00+09:00,1310.9481519897543,1325.5047284651466,1287.8288834700131,1292.1102294921875,129600,0.0,0.0
2020-07-30 00:00:00+09:00,1304.9540359773757,1304.9540359773757,1267.2781976683175,1274.984619140625,71100,0.0,0.0
2020-07-31 00:00:00+09:00,1268.9909393827795,1268.9909393827795,1212.4771728515625,1212.4771728515625,147200,0.0,0.0
2020-08-03 00:00:00+09:00,1289.5414441573546,1293.8227902534945,1245.871713976727,1259.572021484375,180700,0.0,0.0
2020-08-04 00:00:00+09:00,1266.4221690932964,1306.6668222017377,1266.4221690932964,1282.6912841796875,182900,0.0,0.0
2020-08-05 00:00:00+09:00,1260.4281510416665,1292.110108642578,1251.009190673828,1284.4036865234375,136700,0.0,0.0
2020-08-06 00:00:00+09:00,1300.6729948517461,1300.6729948517461,1270.7035710072357,1275.8411865234375,70400,0.0,0.0
2020-08-07 00:00:00+09:00,1263.8533515466852,1276.6973896721597,1257.0031978797656,1268.990966796875,92100,0.0,0.0
2020-08-11 00:00:00+09:00,1294.6789838551567,1351.1927490234375,1293.8227146859404,1351.1927490234375,163800,0.0,0.0
2020-08-12 00:00:00+09:00,1338.3488045751521,1375.1683814124724,1338.3488045751521,1354.617919921875,210500,0.0,0.0
2020-08-13 00:00:00+09:00,1352.0490102903093,1393.149930172472,1349.480202797674,1389.724853515625,362300,0.0,0.0
2020-08-14 00:00:00+09:00,1387.1562332349786,1408.5629652293455,1352.0491927642167,1396.5751953125,285400,0.0,0.0
2020-08-17 00:00:00+09:00,1394.0062592947716,1405.1377589083047,1367.4619140625,1367.4619140625,58200,0.0,0.0
2020-08-18 00:00:00+09:00,1352.905407276406,1360.6118304824108,1330.6424069035031,1358.8992919921875,91100,0.0,0.0
2020-08-19 00:00:00+09:00,1346.0551107817525,1346.0551107817525,1327.2171893840434,1331.49853515625,82400,0.0,0.0
2020-08-20 00:00:00+09:00,1319.510836288304,1328.9297974817962,1315.2294902912622,1322.9359130859375,70200,0.0,0.0
2020-08-21 00:00:00+09:00,1323.7921047072753,1334.0673344980173,1302.3853759765625,1302.3853759765625,55400,0.0,0.0
2020-08-24 00:00:00+09:00,1304.9543316242423,1309.2356778566052,1293.8228314200985,1306.6668701171875,60100,0.0,0.0
2020-08-25 00:00:00+09:00,1342.6299910429937,1355.4740279471039,1310.0917642192476,1344.342529296875,115000,0.0,0.0
2020-08-26 00:00:00+09:00,1331.498636958575,1363.18059809521,1331.498636958575,1356.3304443359375,129900,0.0,0.0
2020-08-27 00:00:00+09:00,1367.4620929811645,1368.3183622942397,1349.4804374065843,1360.6119384765625,70400,0.0,0.0
2020-08-28 00:00:00+09:00,1370.0306566455697,1393.1499239764637,1335.7798902294303,1352.9052734375,193000,0.0,0.0
2020-08-31 00:00:00+09:00,1339.2050521292695,1359.7555132872635,1332.3548984099382,1334.9237060546875,115900,0.0,0.0
2020-09-01 00:00:00+09:00,1327.2171893840434,1340.0612267006632,1316.0856903763063,1331.49853515625,103000,0.0,0.0
2020-09-02 00:00:00+09:00,1318.6546048340158,1333.211181640625,1314.3732587144248,1333.211181640625,40800,0.0,0.0
2020-09-03 00:00:00+09:00,1355.4740304848583,1360.6116452561212,1323.7920727287371,1328.9296875,91800,0.0,0.0
2020-09-04 00:00:00+09:00,1310.9482963634673,1354.6180305989583,1305.8106805710565,1348.6241455078125,89500,0.0,0.0
2020-09-07 00:00:00+09:00,1352.9052979434598,1377.7371040449539,1352.9052979434598,1364.89306640625,135000,0.0,0.0
2020-09-08 00:00:00+09:00,1359.755638093984,1375.1684853771653,1337.4926364627224,1371.743408203125,160900,0.0,0.0
2020-09-09 00:00:00+09:00,1337.4923762813494,1350.3364131854598,1323.7920702502986,1344.342529296875,192000,0.0,0.0
2020-09-10 00:00:00+09:00,1340.0612775131283,1353.7615845036778,1322.9358937749414,1347.7677001953125,175600,0.0,0.0
2020-09-11 00:00:00+09:00,1356.330507544113,1372.5996234805639,1337.4925838282227,1370.8870849609375,172500,0.0,0.0
2020-09-14 00:00:00+09:00,1377.7370699598857,1406.850221220691,1370.0306475673194,1399.143798828125,127000,0.0,0.0
2020-09-15 00:00:00+09:00,1404.2813720703125,1404.2813720703125,1379.4495673202887,1404.2813720703125,104900,0.0,0.0
2020-09-16 00:00:00+09:00,1380.3058487614792,1420.5504981980732,1375.1682339397864,1410.2752685546875,147100,0.0,0.0
2020-09-17 00:00:00+09:00,1440.2447476734835,1471.0704378733915,1439.3884785012638,1455.6575927734375,210800,0.0,0.0
2020-09-18 00:00:00+09:00,1455.6575863042733,1486.4832763671875,1439.3884721044021,1486.4832763671875,268100,0.0,0.0
2020-09-23 00:00:00+09:00,1442.8136471801463,1449.6638009946514,1414.5567626953125,1414.5567626953125,171500,0.0,0.0
2020-09-24 00:00:00+09:00,1404.2814325350469,1404.2814325350469,1370.0306658878505,1374.31201171875,167000,0.0,0.0
2020-09-25 00:00:00+09:00,1396.5750417830507,1423.1193865379707,1396.5750417830507,1415.4129638671875,147800,0.0,0.0
2020-09-28 00:00:00+09:00,1428.2570031610087,1474.4955392345664,1423.1193880417245,1467.6453857421875,167300,0.0,0.0
2020-09-29 00:00:00+09:00,1476.3348472984703,1476.3348472984703,1434.625563796218,1446.790771484375,100700,25.0,0.0
2020-09-30 00:00:00+09:00,1450.2665824984326,1450.2665824984326,1399.8678636338975,1407.6883544921875,167500,0.0,0.0
2020-10-02 00:00:00+09:00,1386.8338160659328,1402.4747989538944,1365.9791722153172,1376.406494140625,211100,0.0,0.0
2020-10-05 00:00:00+09:00,1399.8677695530996,1413.7708634778978,1388.5715057392013,1398.1298828125,199300,0.0,0.0
2020-10-06 00:00:00+09:00,1398.9988366181526,1425.0671379215964,1376.4063088218347,1413.7708740234375,152200,0.0,0.0
2020-10-07 00:00:00+09:00,1395.5232219827585,1401.6058263126959,1372.93069161442,1385.96484375,138100,0.0,0.0
2020-10-08 00:00:00+09:00,1400.7367694852371,1405.0814865121763,1388.571561809807,1401.605712890625,94900,0.0,0.0
2020-10-09 00:00:00+09:00,1400.736911966343,1400.736911966343,1365.9791722153172,1376.406494140625,106900,0.0,0.0
2020-10-12 00:00:00+09:00,1363.3721743610756,1377.2752685546875,1348.6001367803628,1377.2752685546875,138800,0.0,0.0
2020-10-13 00:00:00+09:00,1377.2754003008333,1385.0958915328254,1351.207096194193,1370.3238525390625,101900,0.0,0.0
2020-10-14 00:00:00+09:00,1338.1728060685227,1365.97899424657,1338.1728060685227,1361.63427734375,116500,0.0,0.0
2020-10-15 00:00:00+09:00,1364.2412487137349,1379.013287712546,1352.0760401264786,1359.027587890625,92000,0.0,0.0
2020-10-16 00:00:00+09:00,1361.6343523117046,1362.5032957401102,1332.0902757459112,1339.9107666015625,116600,0.0,0.0
2020-10-19 00:00:00+09:00,1352.9448995899804,1370.3237679212584,1343.3865220077776,1365.110107421875,125400,0.0,0.0
2020-10-20 00:00:00+09:00,1351.206983379289,1351.206983379289,1321.6629078584558,1329.4833984375,103300,0.0,0.0
2020-10-21 00:00:00+09:00,1332.0902571298543,1364.2411635315534,1328.6144834648057,1342.517578125,76700,0.0,0.0
2020-10-22 00:00:00+09:00,1341.6486438340714,1342.5175872562438,1319.9250582797633,1324.269775390625,58300,0.0,0.0
2020-10-23 00:00:00+09:00,1341.6488228017522,1342.5177663398363,1322.5320649639034,1339.0419921875,66200,0.0,0.0
2020-10-26 00:00:00+09:00,1339.0418420394158,1340.7797289207128,1325.138746989039,1326.0076904296875,45500,0.0,0.0
2020-10-27 00:00:00+09:00,1321.6629544461937,1322.531897874495,1300.8083121669638,1317.3182373046875,109000,0.0,0.0
2020-10-28 00:00:00+09:00,1301.6773781590814,1301.6773781590814,1277.346959875734,1294.725830078125,107100,0.0,0.0
2020-10-29 00:00:00+09:00,1279.0847075591216,1296.4635758683487,1279.0847075591216,1286.0362548828125,60100,0.0,0.0
2020-10-30 00:00:00+09:00,1282.5605283922273,1286.0363021819082,1259.0990553118818,1262.5748291015625,86700,0.0,0.0
2020-11-02 00:00:00+09:00,1278.2158375790245,1324.2698412443463,1278.2158375790245,1320.7940673828125,149400,0.0,0.0
2020-11-04 00:00:00+09:00,1355.5515860392916,1355.5515860392916,1326.8764563346142,1333.8280029296875,112200,0.0,0.0
2020-11-05 00:00:00+09:00,1312.1045101630482,1312.1045101630482,1277.3467747944906,1298.201416015625,166500,0.0,0.0
2020-11-06 00:00:00+09:00,1298.2013266299368,1338.1727195516082,1286.0361200885586,1333.8280029296875,152400,0.0,0.0
2020-11-09 00:00:00+09:00,1333.8279626424555,1333.8279626424555,1299.9391740150577,1316.4490966796875,118600,0.0,0.0
2020-11-10 00:00:00+09:00,1385.9647207460714,1388.5715509418321,1340.7796640195538,1363.3721923828125,234000,0.0,0.0
2020-11-11 00:00:00+09:00,1412.0329306291637,1421.591307390346,1389.4404037390973,1410.2950439453125,210600,0.0,0.0
2020-11-12 00:00:00+09:00,1377.2753344134062,1404.212580701618,1376.4063909847541,1396.39208984375,143300,0.0,0.0
2020-11-13 00:00:00+09:00,1395.5232593474466,1402.4748073392145,1374.668615372142,1392.0474853515625,153300,0.0,0.0
2020-11-16 00:00:00+09:00,1407.6883259710864,1417.2467034931124,1368.5858724718896,1394.6541748046875,209800,0.0,0.0
2020-11-17 00:00:00+09:00,1387.70274966446,1393.7853540775163,1366.848105962552,1383.3580322265625,131600,0.0,0.0
2020-11-18 00:00:00+09:00,1379.8822026173375,1382.4890329749269,1351.2070686838538,1357.2896728515625,123600,0.0,0.0
2020-11-19 00:00:00+09:00,1351.2070216400405,1351.2070216400405,1325.1387189717439,1335.5660400390625,116000,0.0,0.0
2020-11-20 00:00:00+09:00,1326.0075616298577,1365.1100126608824,1323.4007315611227,1355.5516357421875,165900,0.0,0.0
2020-11-24 00:00:00+09:00,1374.66838853931,1379.8820486728346,1344.25537109375,1344.25537109375,163200,0.0,0.0
2020-11-25 00:00:00+09:00,1361.6341775631386,1361.6341775631386,1313.8422951343111,1318.18701171875,256300,0.0,0.0
2020-11-26 00:00:00+09:00,1320.794169108073,1350.338249206543,1303.415298461914,1334.697265625,212900,0.0,0.0
2020-11-27 00:00:00+09:00,1338.172879744751,1357.289635169676,1326.0076717470715,1339.9107666015625,208500,0.0,0.0
2020-11-30 00:00:00+09:00,1320.7940399045021,1320.7940399045021,1268.6574330661665,1273.87109375,276300,0.0,0.0
2020-12-01 00:00:00+09:00,1275.6089432738847,1291.2499248671613,1272.1331695864899,1290.3809814453125,141900,0.0,0.0
2020-12-02 00:00:00+09:00,1308.6289262400378,1317.3183613412332,1289.5121690174076,1294.725830078125,194800,0.0,0.0
2020-12-03 00:00:00+09:00,1312.9735388998472,1329.4834642731741,1297.3325569672215,1314.71142578125,178400,0.0,0.0
2020-12-04 00:00:00+09:00,1322.5318599470882,1332.090237384288,1300.8082748625434,1311.235595703125,133600,0.0,0.0
2020-12-07 00:00:00+09:00,1328.614511343149,1335.5660588191106,1295.5946608323318,1299.0704345703125,132200,0.0,0.0
2020-12-08 00:00:00+09:00,1288.6431323541951,1296.4636233799454,1273.87109375,1273.87109375,108600,0.0,0.0
2020-12-09 00:00:00+09:00,1271.264301122378,1282.5605662724743,1265.1816968107876,1268.657470703125,112700,0.0,0.0
2020-12-10 00:00:00+09:00,1268.6573480422858,1277.3467819329865,1257.361083984375,1257.361083984375,91000,0.0,0.0
2020-12-11 00:00:00+09:00,1253.0163030572276,1274.7398866747246,1247.8026429890283,1272.133056640625,119500,0.0,0.0
2020-12-14 00:00:00+09:00,1266.919574540915,1289.512104676761,1261.705913740335,1264.312744140625,178000,0.0,0.0
2020-12-15 00:00:00+09:00,1261.7058385019084,1262.5747819168546,1246.9338004478227,1252.1474609375,115700,0.0,0.0
2020-12-16 00:00:00+09:00,1255.6232250500523,1263.4437157251045,1246.9337909666608,1247.802734375,149300,0.0,0.0
2020-12-17 00:00:00+09:00,1249.5404889568592,1256.4920354879127,1238.2442258438975,1243.4578857421875,150000,0.0,0.0
2020-12-18 00:00:00+09:00,1232.1616874753636,1249.5405547176113,1229.5548573890264,1239.982177734375,185400,0.0,0.0
2020-12-21 00:00:00+09:00,1239.982365772411,1253.8854616745543,1222.6034958947316,1236.506591796875,153800,0.0,0.0
2020-12-22 00:00:00+09:00,1226.9481104846664,1229.5549407477358,1206.9624118011343,1211.30712890625,133200,0.0,0.0
2020-12-23 00:00:00+09:00,1204.3554303319322,1206.9622602677155,1187.8455074053038,1198.2728271484375,210600,0.0,0.0
2020-12-24 00:00:00+09:00,1214.782856160944,1228.6859503659334,1214.782856160944,1223.4722900390625,117800,0.0,0.0
2020-12-25 00:00:00+09:00,1225.2103263763836,1239.113422278527,1224.3413828824996,1236.506591796875,73600,0.0,0.0
2020-12-28 00:00:00+09:00,1234.768506777718,1241.720053613905,1216.520696332727,1224.3411865234375,124800,0.0,0.0
2020-12-29 00:00:00+09:00,1247.8027719350962,1251.278545673077,1227.8170729417068,1242.589111328125,112800,0.0,0.0
2020-12-30 00:00:00+09:00,1241.720292137559,1244.3271227018786,1219.9967041015625,1219.9967041015625,234400,0.0,0.0
2021-01-04 00:00:00+09:00,1206.0934393730554,1206.0934393730554,1178.2872505690657,1186.9766845703125,164100,0.0,0.0
2021-01-05 00:00:00+09:00,1186.107864607626,1186.107864607626,1160.0395598909747,1164.38427734375,270700,0.0,0.0
2021-01-06 00:00:00+09:00,1168.7288731676942,1201.748722372432,1166.12204296732,1186.9766845703125,295300,0.0,0.0
2021-01-07 00:00:00+09:00,1220.865468924386,1238.2443368094307,1211.3070915876115,1216.520751953125,378700,0.0,0.0
2021-01-08 00:00:00+09:00,1216.5208638008005,1240.8512810768163,1209.569316007653,1234.7686767578125,264600,0.0,0.0
2021-01-12 00:00:00+09:00,1232.1617162442571,1256.492130951478,1226.9480559498527,1253.016357421875,225300,0.0,0.0
2021-01-13 00:00:00+09:00,1239.1132521815202,1248.671629302135,1225.2101581878985,1226.0791015625,191100,0.0,0.0
2021-01-14 00:00:00+09:00,1230.4239782594323,1243.4581305715026,1223.4724303596615,1232.161865234375,245900,0.0,0.0
2021-01-15 00:00:00+09:00,1246.9337425529322,1254.7542329243445,1226.0791015625,1226.0791015625,191600,0.0,0.0
2021-01-18 00:00:00+09:00,1226.0793165161306,1239.9824129472136,1221.734598881417,1235.6376953125,128700,0.0,0.0
2021-01-19 00:00:00+09:00,1231.2928750701512,1242.5891399790519,1221.7344970703125,1221.7344970703125,152100,0.0,0.0
2021-01-20 00:00:00+09:00,1216.5208653672214,1217.3898088424837,1189.58361763409,1200.8798828125,209100,0.0,0.0
2021-01-21 00:00:00+09:00,1200.8797981794492,1212.1760625617449,1192.1903640392215,1195.6661376953125,131600,0.0,0.0
2021-01-22 00:00:00+09:00,1173.9424951788576,1176.5493252939846,1166.1220048334765,1169.5977783203125,275800,0.0,0.0
2021-01-25 00:00:00+09:00,1180.893951016222,1195.665987195233,1171.3355746650973,1193.9281005859375,176900,0.0,0.0
2021-01-26 00:00:00+09:00,1209.5691463275548,1215.6517497932823,1188.7145058736314,1190.452392578125,211300,0.0,0.0
2021-01-27 00:00:00+09:00,1193.0592215530294,1193.0592215530294,1173.9424678209343,1179.1561279296875,201900,0.0,0.0
2021-01-28 00:00:00+09:00,1155.6946650522198,1172.2045888386801,1149.6120615519449,1160.9083251953125,467600,0.0,0.0
2021-01-29 00:00:00+09:00,1161.7773051917236,1166.1220221146546,1144.3984375,1144.3984375,181100,0.0,0.0
2021-02-01 00:00:00+09:00,1144.398531166904,1166.1221175595938,1144.398531166904,1153.9569091796875,160300,0.0,0.0
2021-02-02 00:00:00+09:00,1143.529559795673,1158.3015981820913,1142.660616361178,1152.218994140625,143500,0.0,0.0
2021-02-03 00:00:00+09:00,1157.432645462138,1173.9425705850965,1153.0879283245174,1170.466796875,222700,0.0,0.0
2021-02-04 00:00:00+09:00,1181.7628943208697,1194.7970438905852,1176.5492344929835,1193.9281005859375,185800,0.0,0.0
2021-02-05 00:00:00+09:00,1216.5209221117425,1216.5209221117425,1193.9283907010959,1204.355712890625,215600,0.0,0.0
2021-02-08 00:00:00+09:00,1212.1760354983578,1237.3753939424098,1212.1760354983578,1227.8170166015625,193400,0.0,0.0
2021-02-09 00:00:00+09:00,1235.637525619911,1238.2443558427378,1210.4381667992518,1213.9139404296875,412900,0.0,0.0
2021-02-10 00:00:00+09:00,1215.652080367193,1234.768839315069,1211.3073624244942,1218.2589111328125,218500,0.0,0.0
2021-02-12 00:00:00+09:00,1206.0936077585247,1227.8171957945212,1205.2246642370849,1219.9967041015625,202300,0.0,0.0
2021-02-15 00:00:00+09:00,1243.4581305715026,1247.8028480088594,1225.2103173346043,1232.161865234375,145200,0.0,0.0
2021-02-16 00:00:00+09:00,1227.8170269995185,1271.2641970985815,1227.8170269995185,1254.7542724609375,287000,0.0,0.0
2021-02-17 00:00:00+09:00,1270.395375943346,1286.0363586840986,1266.0506585153591,1277.346923828125,227500,0.0,0.0
2021-02-18 00:00:00+09:00,1280.822593368402,1280.822593368402,1236.5064792152214,1240.8511962890625,312700,0.0,0.0
2021-02-19 00:00:00+09:00,1226.079167239278,1234.768601450754,1216.5207896066543,1222.6033935546875,223000,0.0,0.0
2021-02-22 00:00:00+09:00,1248.6716405098714,1270.3952250698899,1242.589036833066,1253.016357421875,178100,0.0,0.0
2021-02-24 00:00:00+09:00,1259.9679232472095,1267.7884138052957,1242.5890553403515,1250.4095458984375,275000,0.0,0.0
2021-02-25 00:00:00+09:00,1274.740056404903,1274.740056404903,1256.49224373653,1259.968017578125,166200,0.0,0.0
2021-02-26 00:00:00+09:00,1251.2787674973254,1252.147711085865,1218.2589111328125,1218.2589111328125,247400,0.0,0.0
2021-03-01 00:00:00+09:00,1217.3897517277644,1267.7884709284856,1210.438204251803,1265.181640625,225100,0.0,0.0
2021-03-02 00:00:00+09:00,1272.133056640625,1273.0019999853248,1254.7541897466274,1272.133056640625,252200,0.0,0.0
2021-03-03 00:00:00+09:00,1277.3468861153456,1289.5120945545393,1269.526394975864,1282.560546875,267400,0.0,0.0
2021-03-04 00:00:00+09:00,1281.691594127082,1288.6431417562458,1260.8369512395905,1278.2158203125,269500,0.0,0.0
2021-03-05 00:00:00+09:00,1289.5120098090863,1289.5120098090863,1271.264198349524,1288.64306640625,235600,0.0,0.0
2021-03-08 00:00:00+09:00,1299.0702188882974,1313.8422548221442,1289.5118426958084,1300.80810546875,248000,0.0,0.0
2021-03-09 00:00:00+09:00,1326.0078202479863,1346.8624648652547,1319.9252155679496,1341.6488037109375,449100,0.0,0.0
2021-03-10 00:00:00+09:00,1339.910664037331,1354.6827011894934,1327.745456970844,1348.60009765625,390500,0.0,0.0
2021-03-11 00:00:00+09:00,1347.7313499136617,1375.5375415301912,1342.5176889855625,1372.061767578125,203700,0.0,0.0
2021-03-12 00:00:00+09:00,1367.7170030075429,1384.2269287109375,1344.2555296395608,1384.2269287109375,284500,0.0,0.0
2021-03-15 00:00:00+09:00,1390.3095043365795,1428.5430157058354,1389.440560896369,1427.674072265625,326300,0.0,0.0
2021-03-16 00:00:00+09:00,1392.9163714707736,1422.46044921875,1387.702710691719,1422.46044921875,404900,0.0,0.0
2021-03-17 00:00:00+09:00,1412.033053074023,1421.5914306640625,1402.4746754839834,1421.5914306640625,331400,0.0,0.0
2021-03-18 00:00:00+09:00,1417.246685868838,1442.4460444771744,1394.6541574613643,1431.1497802734375,569900,0.0,0.0
2021-03-19 00:00:00+09:00,1447.6597799961978,1508.4858211725088,1443.3150627693185,1499.79638671875,1450600,0.0,0.0
2021-03-22 00:00:00+09:00,1475.4661570237072,1497.1897459080374,1459.8251730269894,1485.0245361328125,397300,0.0,0.0
2021-03-23 00:00:00+09:00,1485.024300585585,1485.024300585585,1441.5771297083006,1444.1839599609375,370700,0.0,0.0
2021-03-24 00:00:00+09:00,1429.4118631821345,1436.3634102371236,1390.3094109978208,1395.5230712890625,335100,0.0,0.0
2021-03-25 00:00:00+09:00,1409.4263904816514,1438.9704701834862,1405.9506163990825,1420.72265625,232900,0.0,0.0
2021-03-26 00:00:00+09:00,1442.4460537103416,1442.4460537103416,1412.901977911455,1424.1982421875,525700,0.0,0.0
2021-03-29 00:00:00+09:00,1438.1014224848238,1442.4461397732975,1391.178475769307,1406.8194580078125,559300,0.0,0.0
2021-03-30 00:00:00+09:00,1389.1679880803363,1424.4708594419712,1373.2816959676004,1415.6451416015625,291300,25.0,0.0
2021-03-31 00:00:00+09:00,1401.5240186829355,1403.289162283292,1376.812008277947,1377.694580078125,232500,0.0,0.0
2021-04-01 00:00:00+09:00,1375.046817732446,1387.402822513097,1351.2173799411905,1358.2779541015625,148000,0.0,0.0
2021-04-02 00:00:00+09:00,1367.1038193665347,1373.281822423711,1334.4486603500327,1352.10009765625,119500,0.0,0.0
2021-04-05 00:00:00+09:00,1352.9824830282125,1386.520209287229,1352.9824830282125,1368.8687744140625,117200,0.0,0.0
2021-04-06 00:00:00+09:00,1354.7477746452514,1360.04320568621,1321.21004471918,1330.9183349609375,126500,0.0,0.0
2021-04-07 00:00:00+09:00,1335.331173290822,1347.6871788599374,1328.2705986798992,1336.2137451171875,112200,0.0,0.0
2021-04-08 00:00:00+09:00,1329.1531473935884,1329.1531473935884,1272.668551488416,1279.7291259765625,225600,0.0,0.0
2021-04-09 00:00:00+09:00,1285.9071321243907,1298.2631375119965,1277.9639858037872,1278.8465576171875,198100,0.0,0.0
2021-04-12 00:00:00+09:00,1297.380639765251,1307.0889302668959,1280.6117743533193,1291.20263671875,157300,0.0,0.0
2021-04-13 00:00:00+09:00,1291.2025490936048,1300.910838936414,1278.8465438391206,1282.3768310546875,134800,0.0,0.0
2021-04-14 00:00:00+09:00,1255.8997873176074,1262.0777904878275,1248.8392122659272,1254.1346435546875,228600,0.0,0.0
2021-04-15 00:00:00+09:00,1276.198912079306,1292.0852055906664,1257.6649029827183,1261.1951904296875,205100,0.0,0.0
2021-04-16 00:00:00+09:00,1255.8997802734375,1262.077783409006,1245.30891775532,1255.8997802734375,138400,0.0,0.0
2021-04-19 00:00:00+09:00,1250.6043949641235,1261.1952578713708,1244.4263916015625,1244.4263916015625,116400,0.0,0.0
2021-04-20 00:00:00+09:00,1242.6611293470546,1252.3694194200787,1239.1308420477733,1243.543701171875,185400,0.0,0.0
2021-04-21 00:00:00+09:00,1217.9489712504526,1227.6572601517244,1207.3581106308834,1218.83154296875,202300,0.0,0.0
2021-04-22 00:00:00+09:00,1238.2483437837716,1247.074062556286,1216.1840468524856,1225.009765625,169700,0.0,0.0
2021-04-23 00:00:00+09:00,1216.1839599609375,1227.6573935454746,1210.8885290757664,1216.1839599609375,110700,0.0,0.0
2021-04-26 00:00:00+09:00,1218.8317385505227,1227.65745714973,1195.8848701925838,1200.2977294921875,148300,0.0,0.0
2021-04-27 00:00:00+09:00,1200.2976279772895,1210.005917615341,1194.1196254803476,1195.002197265625,159700,0.0,0.0
2021-04-28 00:00:00+09:00,1201.180067024428,1213.5360706528936,1193.2369218346998,1197.6497802734375,176100,0.0,0.0
2021-04-30 00:00:00+09:00,1204.710557378932,1219.7142786063619,1204.710557378932,1208.2408447265625,228800,0.0,0.0
2021-05-06 00:00:00+09:00,1225.0097832779736,1236.48321784758,1214.4189205983369,1220.596923828125,207700,0.0,0.0
2021-05-07 00:00:00+09:00,1232.0703603977372,1258.5475171398089,1232.0703603977372,1250.6043701171875,189100,0.0,0.0
2021-05-10 00:00:00+09:00,1249.7217320519237,1277.0814592366764,1248.8391602072543,1267.3731689453125,131100,0.0,0.0
2021-05-11 00:00:00+09:00,1266.4905827749667,1276.1988729565169,1234.7179967262566,1240.013427734375,171000,0.0,0.0
2021-05-12 00:00:00+09:00,1223.244639498034,1232.0703583977313,1210.0060611484882,1220.596923828125,164700,0.0,0.0
2021-05-13 00:00:00+09:00,1211.771033557326,1226.774753564955,1200.2976006103156,1202.062744140625,164500,0.0,0.0
2021-05-14 00:00:00+09:00,1224.127197265625,1229.4226285443515,1217.0666222273228,1224.127197265625,118800,0.0,0.0
2021-05-17 00:00:00+09:00,1217.9490556388066,1240.8959219044652,1217.0664838593582,1228.5399169921875,147800,0.0,0.0
2021-05-18 00:00:00+09:00,1237.3656142075174,1254.134477738147,1231.1876118541275,1233.8353271484375,156800,0.0,0.0
2021-05-19 00:00:00+09:00,1215.3015350408575,1225.8923980913225,1205.5932439112646,1210.006103515625,146400,0.0,0.0
2021-05-20 00:00:00+09:00,1204.7105435498509,1221.4794082586034,1204.7105435498509,1211.7711181640625,115500,0.0,0.0
2021-05-21 00:00:00+09:00,1206.4758158321367,1216.1841069617296,1205.5932439112646,1210.006103515625,100700,0.0,0.0
2021-05-24 00:00:00+09:00,1219.714243755382,1235.6005363657994,1217.0665283203125,1217.0665283203125,131100,0.0,0.0
2021-05-25 00:00:00+09:00,1209.123423533799,1217.0665701117582,1204.7105643238215,1206.4757080078125,161800,0.0,0.0
2021-05-26 00:00:00+09:00,1201.180127919477,1205.5929865819292,1181.7635498046875,1181.7635498046875,183700,0.0,0.0
2021-05-27 00:00:00+09:00,1177.3505756084735,1185.2937204214243,1147.3431396484375,1147.3431396484375,356400,0.0,0.0
2021-05-28 00:00:00+09:00,1168.5251255580356,1205.5931431361607,1163.2296944754464,1204.7105712890625,287500,0.0,0.0
2021-05-31 00:00:00+09:00,1194.1196057645216,1195.8847493059327,1164.9947373312407,1168.5250244140625,165400,0.0,0.0
2021-06-01 00:00:00+09:00,1170.2901407877603,1175.5855712890625,1160.5818515353733,1175.5855712890625,138800,0.0,0.0
2021-06-02 00:00:00+09:00,1177.350602470725,1185.2937474649054,1166.759742478485,1172.937744140625,187300,0.0,0.0
2021-06-03 00:00:00+09:00,1169.4075859662007,1181.7635906481078,1167.642442440214,1171.1727294921875,141200,0.0,0.0
2021-06-04 00:00:00+09:00,1179.1158787884144,1179.9984505539746,1165.8773023050117,1170.2901611328125,77500,0.0,0.0
2021-06-07 00:00:00+09:00,1166.7599570747527,1168.5251007314469,1146.4608050227714,1149.1085205078125,286800,0.0,0.0
2021-06-08 00:00:00+09:00,1149.9909567022396,1158.816673944774,1147.3432415294794,1152.638671875,107000,0.0,0.0
2021-06-09 00:00:00+09:00,1149.991109761258,1155.2865408115783,1144.6956787109375,1144.6956787109375,157000,0.0,0.0
2021-06-10 00:00:00+09:00,1144.695560031467,1149.108418782552,1135.8698425292969,1143.81298828125,216200,0.0,0.0
2021-06-11 00:00:00+09:00,1131.4569700216944,1132.339541761181,1111.157820013505,1115.5706787109375,461500,0.0,0.0
2021-06-14 00:00:00+09:00,1127.0441388172708,1127.0441388172708,1104.979844791874,1108.5101318359375,160200,0.0,0.0
2021-06-15 00:00:00+09:00,1107.6275499024214,1112.922980419883,1104.9798346436905,1111.1578369140625,148700,0.0,0.0
2021-06-16 00:00:00+09:00,1107.6275297021677,1120.866105754385,1107.6275297021677,1116.4532470703125,175600,0.0,0.0
2021-06-17 00:00:00+09:00,1129.6919396211522,1140.2828015551006,1117.335934031546,1118.218505859375,211900,0.0,0.0
2021-06-18 00:00:00+09:00,1113.8054497331404,1114.6880214048783,1104.0971613440245,1105.8623046875,256800,0.0,0.0
2021-06-21 00:00:00+09:00,1090.8588171356726,1092.6239608527208,1074.0899518237165,1077.6202392578125,316800,0.0,0.0
2021-06-22 00:00:00+09:00,1104.0972696454542,1114.6881307451708,1097.0366955789764,1109.3927001953125,234200,0.0,0.0
2021-06-23 00:00:00+09:00,1100.5670441880739,1105.8624750342074,1091.7413261111847,1093.5064697265625,136100,0.0,0.0
2021-06-24 00:00:00+09:00,1089.0935024987348,1091.7412176587802,1075.854926698507,1089.97607421875,177500,0.0,0.0
2021-06-25 00:00:00+09:00,1091.7413468681887,1093.5064905171266,1080.2679131500913,1088.2110595703125,248800,0.0,0.0
2021-06-28 00:00:00+09:00,1097.0365879701217,1105.8623046875,1094.3888729549083,1105.8623046875,244700,0.0,0.0
2021-06-29 00:00:00+09:00,1091.7413468681887,1094.3890623415957,1083.7982004479675,1088.2110595703125,157800,0.0,0.0
2021-06-30 00:00:00+09:00,1089.9761321470264,1098.801849816233,1074.972412109375,1074.972412109375,216900,0.0,0.0
2021-07-01 00:00:00+09:00,1083.798112671198,1086.4458279301666,1074.972395141302,1079.38525390625,186000,0.0,0.0
2021-07-02 00:00:00+09:00,1085.5633440969054,1091.7413468681887,1082.0330567990293,1088.2110595703125,313000,0.0,0.0
2021-07-05 00:00:00+09:00,1075.85498046875,1082.9155545817523,1073.207265176374,1075.85498046875,192600,0.0,0.0
2021-07-06 00:00:00+09:00,1082.033010393012,1083.798153966247,1068.79443359375,1068.79443359375,213400,0.0,0.0
2021-07-07 00:00:00+09:00,1055.5558651194854,1056.4384369130635,1035.2567138671875,1035.2567138671875,499900,0.0,0.0
2021-07-08 00:00:00+09:00,1023.783298658288,1029.9613013226053,1013.1924369480299,1014.9575805664062,540400,0.0,0.0
2021-07-09 00:00:00+09:00,999.9539303235001,1014.0750802662857,992.8933553521074,1012.3099365234375,556900,0.0,0.0
2021-07-12 00:00:00+09:00,1038.787007945099,1044.965010541204,1030.8438617501067,1033.4915771484375,247800,0.0,0.0
2021-07-13 00:00:00+09:00,1044.96501217869,1065.2641635977016,1044.96501217869,1064.381591796875,259000,0.0,0.0
2021-07-14 00:00:00+09:00,1050.260456612027,1067.029321045328,1050.260456612027,1060.851318359375,180800,0.0,0.0
2021-07-15 00:00:00+09:00,1055.5557508680554,1056.4383225661056,1029.9611716245993,1032.60888671875,363900,0.0,0.0
2021-07-16 00:00:00+09:00,1032.6090400163519,1035.2567555035732,1024.6658935546875,1024.6658935546875,274400,0.0,0.0
2021-07-19 00:00:00+09:00,1015.8402240091339,1018.4879396234061,1002.6016459377724,1012.3099365234375,214400,0.0,0.0
2021-07-20 00:00:00+09:00,999.953782859138,1006.1317850480294,998.1886393765976,1003.4840698242188,158700,0.0,0.0
2021-07-21 00:00:00+09:00,1014.9575537966008,1021.1355562979714,1006.1318359375,1006.1318359375,123600,0.0,0.0
2021-07-26 00:00:00+09:00,1020.2530393583761,1020.2530393583761,1002.6016026912762,1007.8970336914062,138700,0.0,0.0
2021-07-27 00:00:00+09:00,1014.9574891979886,1025.5483499548372,1010.5446305493017,1022.900634765625,270900,0.0,0.0
2021-07-28 00:00:00+09:00,1017.6053223708581,1024.6658970273775,1015.8401787067282,1023.7833251953125,127700,0.0,0.0
2021-07-29 00:00:00+09:00,1022.0180354902701,1029.0786091378714,1013.1923184307686,1014.0748901367188,209100,0.0,0.0
2021-07-30 00:00:00+09:00,1022.0179313095014,1033.4913623172936,1021.1353596935173,1025.5482177734375,285700,0.0,0.0
2021-08-02 00:00:00+09:00,1044.0824709886695,1059.0861920426064,1042.3173273352652,1056.4384765625,268900,0.0,0.0
2021-08-03 00:00:00+09:00,1045.8475615599446,1052.9081358152016,1037.0218437408732,1038.7869873046875,197300,0.0,0.0
2021-08-04 00:00:00+09:00,1039.6695659491356,1042.3172813123338,1033.4915634350066,1037.0218505859375,163400,0.0,0.0
2021-08-05 00:00:00+09:00,1032.6089678924095,1048.495259706139,1032.6089678924095,1043.1998291015625,176500,0.0,0.0
2021-08-06 00:00:00+09:00,1052.0255296638059,1058.2035319353215,1044.082383886143,1047.6126708984375,187600,0.0,0.0
2021-08-10 00:00:00+09:00,1055.5559431979868,1059.9688024922928,1039.6696497384853,1046.730224609375,322200,0.0,0.0
2021-08-11 00:00:00+09:00,1056.4383046367382,1075.854881664314,1054.6731612705948,1069.6768798828125,226600,0.0,0.0
2021-08-12 00:00:00+09:00,1078.5026821532604,1083.798112671198,1074.0898233883124,1079.38525390625,183000,0.0,0.0
2021-08-13 00:00:00+09:00,1072.3246597525936,1087.3283792717657,1070.5595162797497,1084.6806640625,154800,0.0,0.0
2021-08-16 00:00:00+09:00,1075.8550321762743,1075.8550321762743,1054.6733088192352,1062.616455078125,169700,0.0,0.0
2021-08-17 00:00:00+09:00,1063.4989147837414,1067.911773351309,1054.6731976486067,1059.9686279296875,115500,0.0,0.0
2021-08-18 00:00:00+09:00,1059.086120304803,1082.0329862447402,1059.086120304803,1074.972412109375,131000,0.0,0.0
2021-08-19 00:00:00+09:00,1065.2641704977548,1074.0898885631877,1062.616455078125,1062.616455078125,125700,0.0,0.0
2021-08-20 00:00:00+09:00,1060.8513114650384,1073.2073167566446,1060.8513114650384,1062.616455078125,116300,0.0,0.0
2021-08-23 00:00:00+09:00,1070.5595566711174,1087.3284202958093,1070.5595566711174,1074.08984375,122000,0.0,0.0
2021-08-24 00:00:00+09:00,1077.6201445602328,1080.2678599031328,1070.5595703125,1070.5595703125,139100,0.0,0.0
2021-08-25 00:00:00+09:00,1071.4421352559157,1079.3852812339248,1067.9118481545781,1072.32470703125,107900,0.0,0.0
2021-08-26 00:00:00+09:00,1072.3246798823334,1080.2678256592396,1067.9118211173854,1079.38525390625,140000,0.0,0.0
2021-08-27 00:00:00+09:00,1076.737390761449,1086.4456787109375,1074.089675866134,1086.4456787109375,110800,0.0,0.0
2021-08-30 00:00:00+09:00,1092.6239535721384,1110.275390625,1092.6239535721384,1110.275390625,201100,0.0,0.0
2021-08-31 00:00:00+09:00,1102.3320345756335,1111.1577514257185,1089.0934593005059,1101.449462890625,286900,0.0,0.0
2021-09-01 00:00:00+09:00,1100.56694584314,1125.2789542502032,1094.388943741374,1119.1009521484375,323700,0.0,0.0
2021-09-02 00:00:00+09:00,1111.157820013505,1119.98353740837,1107.6275330555588,1115.5706787109375,231800,0.0,0.0
2021-09-03 00:00:00+09:00,1124.3964501496787,1137.6350268782855,1119.101019458236,1133.22216796875,234200,0.0,0.0
2021-09-06 00:00:00+09:00,1142.9305099595524,1143.813081781915,1114.6882116439494,1119.983642578125,256000,0.0,0.0
2021-09-07 00:00:00+09:00,1131.4570762688386,1131.4570762688386,1112.9230679992243,1119.983642578125,221300,0.0,0.0
2021-09-08 00:00:00+09:00,1127.0441654954002,1134.104739750657,1123.5138783677717,1133.22216796875,243500,0.0,0.0
2021-09-09 00:00:00+09:00,1123.5138040377399,1127.9266626553274,1115.5706585260828,1120.8660888671875,183400,0.0,0.0
2021-09-10 00:00:00+09:00,1124.3963997997257,1147.343265101761,1124.3963997997257,1146.460693359375,289600,0.0,0.0
2021-09-13 00:00:00+09:00,1148.2259040629456,1160.5819091796875,1141.1653297105217,1160.5819091796875,260000,0.0,0.0
2021-09-14 00:00:00+09:00,1164.112131830813,1177.3507080078125,1159.6992731051466,1177.3507080078125,278000,0.0,0.0
2021-09-15 00:00:00+09:00,1167.6425289030997,1168.5251007314469,1142.0479458810364,1149.1085205078125,244500,0.0,0.0
2021-09-16 00:00:00+09:00,1164.9947924132741,1166.7599360381425,1142.9304971024167,1154.4039306640625,231100,0.0,0.0
2021-09-17 00:00:00+09:00,1162.347076975971,1163.2296487884055,1150.8736434143252,1154.4039306640625,207800,0.0,0.0
2021-09-21 00:00:00+09:00,1122.63134765625,1133.222209426592,1121.7487758420548,1122.63134765625,233500,0.0,0.0
2021-09-22 00:00:00+09:00,1119.9836063691657,1121.748749956824,1097.0367397296084,1097.9193115234375,263800,0.0,0.0
2021-09-24 00:00:00+09:00,1131.4569737388135,1154.4038390408489,1129.6918302540416,1146.460693359375,350200,0.0,0.0
2021-09-27 00:00:00+09:00,1153.5213796495475,1162.3470979330177,1141.1653740526895,1149.1085205078125,263000,0.0,0.0
2021-09-28 00:00:00+09:00,1158.8166638192918,1163.2295224020006,1147.3432315042494,1155.286376953125,227300,0.0,0.0
2021-09-29 00:00:00+09:00,1143.1160364420064,1150.328125,1134.1009257445141,1150.328125,305200,27.5,0.0
2021-09-30 00:00:00+09:00,1159.3432356974922,1175.570434952978,1150.328125,1150.328125,284300,0.0,0.0
2021-10-01 00:00:00+09:00,1142.2145609992763,1146.7221164886182,1122.381316846171,1128.69189453125,201600,0.0,0.0
2021-10-04 00:00:00+09:00,1145.820609315463,1153.0326981231133,1130.4949205992057,1138.6085205078125,130100,0.0,0.0
2021-10-05 00:00:00+09:00,1131.3963929200784,1147.6235921810835,1117.8737268692407,1125.0858154296875,207400,0.0,0.0
2021-10-06 00:00:00+09:00,1139.5100090097717,1166.5553415020922,1134.1009425113077,1164.7523193359375,277600,0.0,0.0
2021-10-07 00:00:00+09:00,1166.5553415020922,1171.062896917479,1153.032675255932,1164.7523193359375,183900,0.0,0.0
2021-10-08 00:00:00+09:00,1183.684052080562,1187.2900964128714,1164.7523193359375,1164.7523193359375,235500,0.0,0.0
2021-10-11 00:00:00+09:00,1178.2750206464602,1182.7825761959878,1162.9493317780673,1168.3583984375,168900,0.0,0.0
2021-10-12 00:00:00+09:00,1160.244835043853,1162.0478573205335,1139.5100788620282,1146.72216796875,189500,0.0,0.0
2021-10-13 00:00:00+09:00,1138.6084154161047,1138.6084154161047,1125.9872611676283,1127.790283203125,128600,0.0,0.0
2021-10-14 00:00:00+09:00,1121.4798456889375,1121.4798456889375,1107.0556676093372,1116.9722900390625,180200,0.0,0.0
2021-10-15 00:00:00+09:00,1118.775173025642,1129.5933052386215,1108.8585518304105,1127.790283203125,153600,0.0,0.0
2021-10-18 00:00:00+09:00,1131.3964278248552,1135.002472216329,1119.676783552566,1128.69189453125,124300,0.0,0.0
2021-10-19 00:00:00+09:00,1129.5934458587128,1129.5934458587128,1115.1692677791125,1116.9722900390625,108700,0.0,0.0
2021-10-20 00:00:00+09:00,1118.7752467353562,1135.903957201087,1115.1692024267813,1119.6767578125,155900,0.0,0.0
2021-10-21 00:00:00+09:00,1119.6767447864036,1124.1843001196821,1115.169189453125,1115.169189453125,130600,0.0,0.0
2021-10-22 00:00:00+09:00,1108.858607729341,1113.366163045314,1100.7450081605896,1105.2525634765625,147600,0.0,0.0
2021-10-25 00:00:00+09:00,1101.6466692993972,1104.3512028574155,1088.1240015093065,1089.0255126953125,162300,0.0,0.0
2021-10-26 00:00:00+09:00,1086.3208973138403,1092.6314751405596,1074.6012527785042,1077.3057861328125,242000,0.0,0.0
2021-10-27 00:00:00+09:00,1076.4042009626116,1077.3057120186943,1055.6694466727122,1060.177001953125,221300,0.0,0.0
2021-10-28 00:00:00+09:00,1046.6544061680565,1048.4574284009043,1036.7377838873945,1042.1468505859375,430900,0.0,0.0
2021-10-29 00:00:00+09:00,1041.245209107916,1047.5557861328125,1031.3285880687931,1047.5557861328125,292600,0.0,0.0
2021-11-01 00:00:00+09:00,1070.9950736935398,1075.5026287175026,1060.1769416360294,1072.798095703125,249800,0.0,0.0
2021-11-02 00:00:00+09:00,1070.0937624937735,1085.4194524368183,1068.2907401475331,1074.601318359375,170100,0.0,0.0
2021-11-04 00:00:00+09:00,1094.4344482421875,1101.6465368632234,1085.4193374658928,1094.4344482421875,338000,0.0,0.0
2021-11-05 00:00:00+09:00,1079.1088337371953,1086.3209228515625,1071.896744622828,1086.3209228515625,148100,0.0,0.0
2021-11-08 00:00:00+09:00,1094.434535809982,1100.7451138583097,1090.8284912109375,1090.8284912109375,153200,0.0,0.0
2021-11-09 00:00:00+09:00,1087.2224969743781,1095.3360976980675,1073.6998291015625,1073.6998291015625,124600,0.0,0.0
2021-11-10 00:00:00+09:00,1077.3058299266881,1084.5179191646912,1073.6997853076866,1075.5028076171875,117500,0.0,0.0
2021-11-11 00:00:00+09:00,1078.2073821504239,1080.0104045286018,1063.783203125,1063.783203125,137700,0.0,0.0
2021-11-12 00:00:00+09:00,1064.684544350924,1085.4192983899343,1064.684544350924,1080.9117431640625,145400,0.0,0.0
2021-11-15 00:00:00+09:00,1102.5480790157997,1115.1692344583355,1086.320879161111,1088.1239013671875,265100,0.0,0.0
2021-11-16 00:00:00+09:00,1098.9421009557984,1100.7451232707383,1082.7149001213404,1085.41943359375,160500,0.0,0.0
2021-11-17 00:00:00+09:00,1086.3209228515625,1091.729989687338,1081.8133671550831,1086.3209228515625,152600,0.0,0.0
2021-11-18 00:00:00+09:00,1080.0102668946124,1086.32084441403,1065.5860897073721,1084.517822265625,190500,0.0,0.0
2021-11-19 00:00:00+09:00,1082.7149372804938,1098.942138671875,1080.0104037152635,1098.942138671875,226800,0.0,0.0
2021-11-22 00:00:00+09:00,1090.8284256975217,1099.8435366536996,1086.3208702194327,1093.532958984375,103900,0.0,0.0
2021-11-24 00:00:00+09:00,1107.9571054927637,1115.1691940557762,1095.3359505074923,1099.843505859375,169300,0.0,0.0
2021-11-25 00:00:00+09:00,1099.843505859375,1113.366171915023,1094.4344394371158,1099.843505859375,163100,0.0,0.0
2021-11-26 00:00:00+09:00,1096.2373868130724,1096.2373868130724,1080.9116996619027,1082.7147216796875,157800,0.0,0.0
2021-11-29 00:00:00+09:00,1064.684597077702,1067.3891303471626,1045.7528641914769,1048.4573974609375,294600,0.0,0.0
2021-11-30 00:00:00+09:00,1056.5710284487186,1072.7982285443475,1041.2453394695135,1042.1468505859375,432000,0.0,0.0
2021-12-01 00:00:00+09:00,1036.7378646028255,1057.4726218948822,1031.3287974831587,1053.8665771484375,239600,0.0,0.0
2021-12-02 00:00:00+09:00,1045.7529078178832,1061.980108111609,1042.1468633081663,1046.6544189453125,259200,0.0,0.0
2021-12-03 00:00:00+09:00,1054.768072550729,1074.601318359375,1048.4574943388868,1074.601318359375,244700,0.0,0.0
2021-12-06 00:00:00+09:00,1081.8133417233264,1090.828452904354,1074.6012527785042,1077.3057861328125,169100,0.0,0.0
2021-12-07 00:00:00+09:00,1095.3360967868712,1113.366320602293,1085.4194736883892,1108.8587646484375,216800,0.0,0.0
2021-12-08 00:00:00+09:00,1108.858585870645,1115.1691631886079,1103.449519598105,1106.154052734375,179500,0.0,0.0
2021-12-09 00:00:00+09:00,1106.1541655974377,1112.4647435592813,1102.5481210478129,1111.563232421875,82300,0.0,0.0
2021-12-10 00:00:00+09:00,1119.676832658531,1120.5783437959374,1109.7602101470625,1111.563232421875,114000,0.0,0.0
2021-12-13 00:00:00+09:00,1120.5782647214219,1120.5782647214219,1107.9571096883567,1109.7601318359375,96300,0.0,0.0
2021-12-14 00:00:00+09:00,1107.0556549616338,1119.6768106370923,1107.0556549616338,1112.4647216796875,108000,0.0,0.0
2021-12-15 00:00:00+09:00,1117.8738356672366,1125.987436087402,1117.8738356672366,1120.578369140625,144400,0.0,0.0
2021-12-16 00:00:00+09:00,1132.2978994256423,1140.4114990234375,1125.085810894269,1140.4114990234375,135700,0.0,0.0
2021-12-17 00:00:00+09:00,1144.9190412248884,1171.9643729073662,1144.9190412248884,1161.146240234375,352100,0.0,0.0
2021-12-20 00:00:00+09:00,1148.52511168953,1151.229644919568,1140.4115119994156,1144.9190673828125,299600,0.0,0.0
2021-12-21 00:00:00+09:00,1160.2447856781928,1172.8659410779555,1154.8357190782945,1163.850830078125,214100,0.0,0.0
2021-12-22 00:00:00+09:00,1170.1614864670944,1171.9645087883073,1161.1463748610306,1165.6539306640625,162700,0.0,0.0
2021-12-23 00:00:00+09:00,1171.9644901670258,1178.275068191002,1170.161467874461,1176.4720458984375,84900,0.0,0.0
2021-12-24 00:00:00+09:00,1171.9643772703762,1178.2749546864475,1170.1613551514988,1171.0628662109375,71900,0.0,0.0
2021-12-27 00:00:00+09:00,1174.6690236058728,1180.0780904835667,1171.0629790207436,1176.4720458984375,142100,0.0,0.0
2021-12-28 00:00:00+09:00,1187.2899871941333,1195.4035861954599,1183.6839431935437,1194.5020751953125,158900,0.0,0.0
2021-12-29 00:00:00+09:00,1200.812735382217,1214.3354013212058,1198.1082021944192,1206.2218017578125,194300,0.0,0.0
2021-12-30 00:00:00+09:00,1206.2218673191712,1209.8279117655663,1201.7143117611774,1203.517333984375,123400,0.0,0.0
2022-01-04 00:00:00+09:00,1215.2370076137306,1230.562696878889,1208.0249185477737,1222.4490966796875,192300,0.0,0.0
2022-01-05 00:00:00+09:00,1233.267221055892,1235.9717544354005,1217.9415319053437,1227.858154296875,204200,0.0,0.0
2022-01-06 00:00:00+09:00,1221.5474722403067,1226.9565385380497,1208.024806495949,1217.0399169921875,196800,0.0,0.0
2022-01-07 00:00:00+09:00,1222.4491192723278,1256.70654296875,1221.547608122422,1256.70654296875,354900,0.0,0.0
2022-01-11 00:00:00+09:00,1275.6382686782,1299.077558420697,1254.0020012235873,1297.2745361328125,346800,0.0,0.0
2022-01-12 00:00:00+09:00,1311.6987144358875,1318.910803587425,1294.570002700986,1297.2745361328125,243900,0.0,0.0
2022-01-13 00:00:00+09:00,1307.1911402359904,1317.1077626791598,1298.176028924018,1308.0926513671875,262000,0.0,0.0
2022-01-14 00:00:00+09:00,1307.1912444039676,1307.1912444039676,1263.017195455144,1283.751953125,319600,0.0,0.0
2022-01-17 00:00:00+09:00,1283.7518689736796,1316.2062701555985,1281.047335541853,1297.2745361328125,150300,0.0,0.0
2022-01-18 00:00:00+09:00,1315.3048034540548,1324.3199151980853,1289.1609793963662,1295.4715576171875,228600,0.0,0.0
2022-01-19 00:00:00+09:00,1268.4263310963788,1276.5399323613876,1236.873437288011,1245.8885498046875,303000,0.0,0.0
2022-01-20 00:00:00+09:00,1223.3505251295783,1242.2822576481642,1206.2218147556196,1210.7293701171875,370600,0.0,0.0
2022-01-21 00:00:00+09:00,1208.0248969463892,1226.9566304059967,1184.5856079011608,1223.3505859375,309900,0.0,0.0
2022-01-24 00:00:00+09:00,1219.744607086072,1262.1156318702888,1219.744607086072,1255.8050537109375,194000,0.0,0.0
2022-01-25 00:00:00+09:00,1239.5779491763828,1249.4945727697939,1228.759814347207,1246.7900390625,231800,0.0,0.0
2022-01-26 00:00:00+09:00,1263.9187748380405,1271.1308648513816,1242.282504798017,1245.8885498046875,137900,0.0,0.0
2022-01-27 00:00:00+09:00,1258.5095903445513,1260.3126126802886,1215.237054286859,1230.562744140625,219900,0.0,0.0
2022-01-28 00:00:00+09:00,1244.9869104675772,1268.4262005994794,1244.9869104675772,1261.214111328125,186600,0.0,0.0
2022-01-31 00:00:00+09:00,1352.2667269451108,1401.8498402664316,1343.2516154321434,1362.183349609375,793000,0.0,0.0
2022-02-01 00:00:00+09:00,1365.7893975116262,1388.3271763484518,1354.97126366995,1372.0999755859375,447900,0.0,0.0
2022-02-02 00:00:00+09:00,1373.9029919362208,1391.0317037779453,1371.1984584875274,1387.4256591796875,219700,0.0,0.0
2022-02-03 00:00:00+09:00,1380.213465493745,1410.8648422584656,1380.213465493745,1401.8497314453125,382500,0.0,0.0
2022-02-04 00:00:00+09:00,1409.9633304791141,1438.811685066922,1407.258797236507,1427.092041015625,316900,0.0,0.0
2022-02-07 00:00:00+09:00,1433.4026826317631,1465.8570829932369,1425.2890825413945,1449.6298828125,473300,0.0,0.0
2022-02-08 00:00:00+09:00,1457.7435800858802,1485.690426704719,1457.7435800858802,1475.7738037109375,289100,0.0,0.0
2022-02-09 00:00:00+09:00,1478.4783247405408,1496.5085482129864,1464.9556571362066,1471.2662353515625,280000,0.0,0.0
2022-02-10 00:00:00+09:00,1464.9556635334027,1474.8722864865517,1440.6148617393092,1455.9405517578125,270700,0.0,0.0
2022-02-14 00:00:00+09:00,1442.4178747686612,1467.6601875771128,1438.8118300817396,1461.349609375,195800,0.0,0.0
2022-02-15 00:00:00+09:00,1451.4328451144438,1461.3494670375858,1406.357290918343,1411.766357421875,277600,0.0,0.0
2022-02-16 00:00:00+09:00,1424.3876452323718,1447.826935596955,1424.3876452323718,1441.516357421875,178200,0.0,0.0
2022-02-17 00:00:00+09:00,1450.5314087299141,1454.1374532513062,1415.3724746463427,1428.8951416015625,151200,0.0,0.0
2022-02-18 00:00:00+09:00,1405.455888825147,1419.88006728647,1391.9332215176569,1407.2589111328125,188500,0.0,0.0
2022-02-21 00:00:00+09:00,1401.8498316276962,1417.175521105298,1394.637742461766,1402.7513427734375,157100,0.0,0.0
2022-02-22 00:00:00+09:00,1388.3272141982147,1391.9332589104179,1364.8879235688944,1385.6226806640625,210300,0.0,0.0
2022-02-24 00:00:00+09:00,1388.3271610790857,1396.4407613711064,1381.115071930623,1392.834716796875,204700,0.0,0.0
2022-02-25 00:00:00+09:00,1377.509070863115,1382.9181378953,1337.8425792937583,1355.872802734375,245100,0.0,0.0
2022-02-28 00:00:00+09:00,1369.3953664019905,1409.9633660649856,1368.4938552983683,1405.455810546875,298300,0.0,0.0
2022-03-01 00:00:00+09:00,1402.751323053773,1406.3573675860448,1375.7059890617336,1378.4105224609375,203300,0.0,0.0
2022-03-02 00:00:00+09:00,1342.35009765625,1361.281831740052,1339.6455642157068,1342.35009765625,261200,0.0,0.0
2022-03-03 00:00:00+09:00,1381.1151630530196,1382.0166742560568,1359.4788941801264,1363.9864501953125,220400,0.0,0.0
2022-03-04 00:00:00+09:00,1359.4788789819222,1373.9030580692636,1347.7592334734572,1349.562255859375,256400,0.0,0.0
2022-03-07 00:00:00+09:00,1337.8425731169873,1345.054662459936,1319.8123497596155,1336.03955078125,375900,0.0,0.0
2022-03-08 00:00:00+09:00,1316.2062515479627,1324.3198517287378,1299.9790511864123,1308.0926513671875,304100,0.0,0.0
2022-03-09 00:00:00+09:00,1305.388285932149,1329.7290896062982,1300.8807296961954,1316.2064208984375,156400,0.0,0.0
2022-03-10 00:00:00+09:00,1343.2515419407896,1380.2134971217106,1343.2515419407896,1370.296875,232900,0.0,0.0
2022-03-11 00:00:00+09:00,1355.872722630719,1385.622589550143,1355.872722630719,1379.31201171875,277300,0.0,0.0
2022-03-14 00:00:00+09:00,1397.342215808913,1404.5543046647008,1384.721060311284,1390.130126953125,160700,0.0,0.0
2022-03-15 00:00:00+09:00,1403.6527656151607,1436.1071648201355,1396.440676902944,1431.599609375,181500,0.0,0.0
2022-03-16 00:00:00+09:00,1426.1906138828822,1434.3042140882842,1408.1603912042112,1413.5694580078125,173400,0.0,0.0
2022-03-17 00:00:00+09:00,1433.4027662833983,1444.220900368556,1424.3876545457667,1436.1072998046875,175000,0.0,0.0
2022-03-18 00:00:00+09:00,1433.4028391707725,1440.6149289276066,1412.6680811198744,1418.0771484375,346500,0.0,0.0
2022-03-22 00:00:00+09:00,1442.4178315619224,1472.1676993378871,1441.5163204171963,1463.152587890625,271100,0.0,0.0
2022-03-23 00:00:00+09:00,1485.6903258232733,1487.49334806335,1472.1676590226973,1474.8721923828125,308000,0.0,0.0
2022-03-24 00:00:00+09:00,1456.8420224201475,1473.9707343174139,1452.3344666577088,1467.66015625,211600,0.0,0.0
2022-03-25 00:00:00+09:00,1482.9857833434837,1489.2963611449452,1472.1676499695493,1480.28125,307100,0.0,0.0
2022-03-28 00:00:00+09:00,1501.9174194335938,1504.6219526018415,1472.1675545828684,1489.2962646484375,233900,0.0,0.0
2022-03-29 00:00:00+09:00,1472.1676025390625,1480.281202308108,1461.3494695136683,1472.1676025390625,304200,0.0,0.0
2022-03-30 00:00:00+09:00,1479.5608740880493,1481.409169995717,1455.5330272883684,1466.622802734375,220800,40.0,0.0
2022-03-31 00:00:00+09:00,1443.5190030672138,1458.3053692958151,1426.884341060037,1430.5809326171875,245500,0.0,0.0
2022-04-01 00:00:00+09:00,1420.4154516252336,1429.656931466647,1401.0083439582656,1421.339599609375,147500,0.0,0.0
2022-04-04 00:00:00+09:00,1409.3254452659971,1424.111810593378,1401.0081147693452,1416.7186279296875,130700,0.0,0.0
2022-04-05 00:00:00+09:00,1417.642876754039,1425.036059944412,1387.14599609375,1387.14599609375,168900,0.0,0.0
2022-04-06 00:00:00+09:00,1385.2976483301566,1399.1598662920994,1375.132021824732,1378.82861328125,166100,0.0,0.0
2022-04-07 00:00:00+09:00,1367.7388968518985,1375.132080078125,1354.800826206002,1375.132080078125,187800,0.0,0.0
2022-04-08 00:00:00+09:00,1359.421567203077,1367.738898341641,1350.1800881602283,1355.7249755859375,191500,0.0,0.0
2022-04-11 00:00:00+09:00,1368.6630550952668,1399.1599361338515,1368.6630550952668,1389.91845703125,184400,0.0,0.0
2022-04-12 00:00:00+09:00,1391.7667580256386,1412.0980121269429,1389.9184621982474,1397.3116455078125,174500,0.0,0.0
2022-04-13 00:00:00+09:00,1398.235764214983,1402.8565036869427,1378.8286584327527,1399.159912109375,161200,0.0,0.0
2022-04-14 00:00:00+09:00,1407.4772759894904,1425.036086392511,1406.553128073542,1424.1119384765625,176900,0.0,0.0
2022-04-15 00:00:00+09:00,1424.1120235962856,1442.5949830199881,1422.2637276539153,1437.9742431640625,166600,0.0,0.0
2022-04-18 00:00:00+09:00,1425.0360897380076,1455.5329710359026,1411.173870966237,1450.9122314453125,166500,0.0,0.0
2022-04-19 00:00:00+09:00,1469.3952172713282,1475.8642528190635,1454.6088503050757,1468.4710693359375,159000,0.0,0.0
2022-04-20 00:00:00+09:00,1478.6366246525633,1497.1195824607203,1474.015885200524,1496.1954345703125,230000,0.0,0.0
2022-04-21 00:00:00+09:00,1506.3610032137562,1514.6783339063477,1477.7124197170529,1480.48486328125,198600,0.0,0.0
2022-04-22 00:00:00+09:00,1468.4710161922724,1487.8781221331394,1457.3812413689197,1479.560791015625,208200,0.0,0.0
2022-04-25 00:00:00+09:00,1448.1396253703135,1462.0018425882809,1429.6566690796906,1457.381103515625,208800,0.0,0.0
2022-04-26 00:00:00+09:00,1469.3951670491901,1480.4849418948445,1440.74658203125,1440.74658203125,142900,0.0,0.0
2022-04-27 00:00:00+09:00,1419.4912647637796,1437.0500759815607,1398.235861710676,1408.4014892578125,466700,0.0,0.0
2022-04-28 00:00:00+09:00,1421.3395110233648,1510.0577119715074,1419.4912151702786,1492.4989013671875,415500,0.0,0.0
2022-05-02 00:00:00+09:00,1496.1953643928375,1529.4646868870575,1492.498773004591,1523.9197998046875,346400,0.0,0.0
2022-05-06 00:00:00+09:00,1547.02353515625,1579.36871062248,1547.02353515625,1575.672119140625,341300,0.0,0.0
2022-05-09 00:00:00+09:00,1575.672160262073,1588.610230786219,1559.9616460541813,1569.203125,186600,0.0,0.0
2022-05-10 00:00:00+09:00,1561.8100143908312,1561.8100143908312,1523.9199489529472,1541.478759765625,115000,0.0,0.0
2022-05-11 00:00:00+09:00,1506.3611448293907,1515.6026242455218,1482.3332983474495,1483.2574462890625,219700,0.0,0.0
2022-05-12 00:00:00+09:00,1482.3332658774953,1502.6645201476354,1457.3812720005049,1458.305419921875,166500,0.0,0.0
2022-05-13 00:00:00+09:00,1464.774360798198,1508.2093102982076,1444.4431078407467,1495.271240234375,303000,0.0,0.0
2022-05-16 00:00:00+09:00,1532.2373430020991,1542.4029707300986,1462.9262448566483,1472.167724609375,376700,0.0,0.0
2022-05-17 00:00:00+09:00,1461.0777527391538,1493.4229275309756,1455.5328656319841,1473.0916748046875,135700,0.0,0.0
2022-05-18 00:00:00+09:00,1481.40902230884,1496.1953880960773,1469.3951001067096,1495.271240234375,185300,0.0,0.0
2022-05-19 00:00:00+09:00,1446.291530878857,1469.3952294551966,1427.8085720177853,1463.850341796875,247400,0.0,0.0
2022-05-20 00:00:00+09:00,1453.6847529596323,1485.1057838564075,1450.9123090569756,1476.7884521484375,205400,0.0,0.0
2022-05-23 00:00:00+09:00,1491.5748140660728,1522.0716968815502,1489.726518137862,1515.6026611328125,209000,0.0,0.0
2022-05-24 00:00:00+09:00,1501.74031105922,1511.9059377802362,1479.56076184973,1481.4090576171875,168100,0.0,0.0
2022-05-25 00:00:00+09:00,1498.967978558137,1502.6645703671584,1485.1057592743073,1486.0299072265625,147700,0.0,0.0
2022-05-26 00:00:00+09:00,1504.5126322990134,1554.416613960037,1501.740188873401,1539.6302490234375,255600,0.0,0.0
2022-05-27 00:00:00+09:00,1541.4787575974133,1564.5824560026504,1537.7821658525754,1560.8858642578125,212300,0.0,0.0
2022-05-30 00:00:00+09:00,1550.7202418905606,1585.8378635781896,1538.706318681635,1568.279052734375,451600,0.0,0.0
2022-05-31 00:00:00+09:00,1566.4307397259167,1596.9276213842975,1561.8100000807076,1565.506591796875,287000,0.0,0.0
2022-06-01 00:00:00+09:00,1584.9136366570133,1620.9554044876977,1584.9136366570133,1608.017333984375,264900,0.0,0.0
2022-06-02 00:00:00+09:00,1610.7897699435641,1652.3764249335013,1608.0173262775684,1639.4383544921875,264300,0.0,0.0
2022-06-03 00:00:00+09:00,1639.438355675984,1646.8315387906446,1617.2588063320022,1620.03125,191000,0.0,0.0
2022-06-06 00:00:00+09:00,1616.3346794577208,1655.1488913143382,1607.0932004442402,1649.60400390625,291300,0.0,0.0
2022-06-07 00:00:00+09:00,1660.6937876930615,1693.963112321303,1656.0730481613612,1683.7974853515625,295000,0.0,0.0
2022-06-08 00:00:00+09:00,1674.5559546612142,1682.8732855618493,1656.9971449820955,1675.4801025390625,226700,0.0,0.0
2022-06-09 00:00:00+09:00,1680.100840080652,1728.1565296759181,1674.5559528196598,1714.2943115234375,315900,0.0,0.0
2022-06-10 00:00:00+09:00,1725.3841639975024,1733.701495264764,1693.963134765625,1693.963134765625,337000,0.0,0.0
2022-06-13 00:00:00+09:00,1686.5699676049587,1771.5915769307978,1684.7216717500492,1762.35009765625,432800,0.0,0.0
2022-06-14 00:00:00+09:00,1768.8191968118379,1787.3021560261725,1749.4120896367863,1766.0467529296875,411600,0.0,0.0
2022-06-15 00:00:00+09:00,1781.7571037539105,1802.0883570125131,1772.515625,1772.515625,351100,0.0,0.0
2022-06-16 00:00:00+09:00,1769.7433107966351,1811.3299682304987,1748.487908108216,1806.709228515625,313700,0.0,0.0
2022-06-17 00:00:00+09:00,1789.1504220762884,1790.0745700215757,1719.839326179738,1721.6876220703125,355400,0.0,0.0
2022-06-20 00:00:00+09:00,1719.8393189647813,1756.8052366211978,1711.5219874920876,1733.7015380859375,304500,0.0,0.0
2022-06-21 00:00:00+09:00,1756.8052343389645,1780.8330807844213,1747.563754936866,1753.108642578125,174000,0.0,0.0
2022-06-22 00:00:00+09:00,1755.8811253618035,1767.8950488511211,1733.7015743046018,1766.0467529296875,184100,0.0,0.0
2022-06-23 00:00:00+09:00,1769.7431001209077,1785.45361328125,1746.639404296875,1746.639404296875,120500,0.0,0.0
2022-06-24 00:00:00+09:00,1714.2942711427638,1730.9289325339064,1682.8732440706053,1701.356201171875,288300,0.0,0.0
2022-06-27 00:00:00+09:00,1721.6875741718623,1721.6875741718623,1652.3764802035907,1674.5560302734375,334900,0.0,0.0
2022-06-28 00:00:00+09:00,1674.555994393986,1703.20457928704,1662.542071696899,1688.418212890625,296500,0.0,0.0
2022-06-29 00:00:00+09:00,1669.011073811849,1697.6596581353083,1657.921299235026,1663.4661865234375,526600,0.0,0.0
2022-06-30 00:00:00+09:00,1649.6040533396824,1681.025082927105,1639.4384261202222,1677.3284912109375,368600,0.0,0.0
2022-07-01 00:00:00+09:00,1684.7215526500008,1691.190587684861,1646.831490302963,1657.9212646484375,317500,0.0,0.0
2022-07-04 00:00:00+09:00,1676.4043279548785,1681.025067557841,1643.1350028135469,1655.14892578125,155600,0.0,0.0
2022-07-05 00:00:00+09:00,1665.3145650797435,1665.3145650797435,1618.183020785034,1650.5281982421875,284400,0.0,0.0
2022-07-06 00:00:00+09:00,1620.9554785988548,1662.5421356894753,1613.5622951160778,1626.5003662109375,369400,0.0,0.0
2022-07-07 00:00:00+09:00,1647.755800975213,1647.755800975213,1582.141296281304,1605.2449951171875,322100,0.0,0.0
2022-07-08 00:00:00+09:00,1613.5622922477526,1615.410588115161,1591.3827418388487,1599.7000732421875,254500,0.0,0.0
2022-07-11 00:00:00+09:00,1619.1072962933586,1642.2109962975446,1614.4865562925215,1638.514404296875,229100,0.0,0.0
2022-07-12 00:00:00+09:00,1641.2867528343857,1643.1350487272173,1609.86572265625,1609.86572265625,204700,0.0,0.0
2022-07-13 00:00:00+09:00,1610.7897137057396,1610.7897137057396,1596.927495859735,1604.3206787109375,151000,0.0,0.0
2022-07-14 00:00:00+09:00,1585.837728247099,1587.6860239676666,1562.7340317400026,1572.899658203125,241200,0.0,0.0
2022-07-15 00:00:00+09:00,1566.4305827063972,1566.4305827063972,1526.6922257409842,1559.9615478515625,272000,0.0,0.0
2022-07-19 00:00:00+09:00,1591.3826904296875,1597.8517257566375,1574.7480281603878,1591.3826904296875,197300,0.0,0.0
2022-07-20 00:00:00+09:00,1615.4105171291308,1615.4105171291308,1598.7758550534304,1608.017333984375,129900,0.0,0.0
2022-07-21 00:00:00+09:00,1601.5482571977295,1635.741728355442,1597.8516657212201,1633.8934326171875,187900,0.0,0.0
2022-07-22 00:00:00+09:00,1618.1830075180167,1624.6520429564096,1605.2449366412307,1608.9415283203125,179100,0.0,0.0
2022-07-25 00:00:00+09:00,1611.7139532404774,1630.1969114198407,1609.865657422541,1625.576171875,139600,0.0,0.0
2022-07-26 00:00:00+09:00,1636.6660204968339,1659.7697192616113,1636.6660204968339,1644.0592041015625,151500,0.0,0.0
2022-07-27 00:00:00+09:00,1637.5899832196303,1645.9073138341769,1620.955321990537,1640.3624267578125,154900,0.0,0.0
2022-07-28 00:00:00+09:00,1648.6797922296112,1650.5280879608104,1626.5002434552218,1645.9073486328125,144000,0.0,0.0
2022-07-29 00:00:00+09:00,1625.5761651239332,1642.2108274162758,1617.2588339777617,1637.590087890625,356200,0.0,0.0
2022-08-01 00:00:00+09:00,1660.6938063797031,1688.4182438818684,1628.3486292938435,1667.162841796875,272500,0.0,0.0
2022-08-02 00:00:00+09:00,1645.9074016978607,1655.148880651807,1631.1210353715464,1634.817626953125,128700,0.0,0.0
2022-08-03 00:00:00+09:00,1625.5762082021172,1627.4245040613578,1598.7759182431282,1611.7139892578125,143700,0.0,0.0
2022-08-04 00:00:00+09:00,1611.7139963803438,1611.7139963803438,1585.8378542366227,1599.7000732421875,120400,0.0,0.0
2022-08-05 00:00:00+09:00,1577.5205008573312,1604.32079056141,1577.5205008573312,1589.534423828125,284100,0.0,0.0
2022-08-08 00:00:00+09:00,1589.5344799087866,1608.9415869309287,1589.5344799087866,1605.2449951171875,116100,0.0,0.0
2022-08-09 00:00:00+09:00,1603.396620016617,1606.1690637399886,1579.3687744140625,1579.3687744140625,114200,0.0,0.0
2022-08-10 00:00:00+09:00,1575.6721999266438,1589.5344186943269,1575.6721999266438,1582.1412353515625,63600,0.0,0.0
2022-08-12 00:00:00+09:00,1616.3346120755966,1634.8175693320356,1608.017281310199,1619.1070556640625,149300,0.0,0.0
2022-08-15 00:00:00+09:00,1612.6379919299761,1615.4104354691108,1598.7757742343028,1601.5482177734375,98900,0.0,0.0
2022-08-16 00:00:00+09:00,1601.5483862361007,1610.7898656719697,1590.4586109130578,1602.4725341796875,68100,0.0,0.0
2022-08-17 00:00:00+09:00,1618.1829251107326,1636.6658825648817,1614.486333619903,1621.8795166015625,131500,0.0,0.0
2022-08-18 00:00:00+09:00,1608.9415869309287,1612.63817874467,1601.548403303446,1605.2449951171875,68400,0.0,0.0
2022-08-19 00:00:00+09:00,1613.562221342942,1615.4105171291308,1601.5482987327139,1608.017333984375,84300,0.0,0.0
2022-08-22 00:00:00+09:00,1598.77594240534,1608.017421841209,1596.927646518166,1602.4725341796875,64600,0.0,0.0
2022-08-23 00:00:00+09:00,1595.0794677734375,1599.7002078307187,1590.4587277161563,1595.0794677734375,78400,0.0,0.0
2022-08-24 00:00:00+09:00,1605.244906055684,1635.7417868270354,1605.244906055684,1630.1968994140625,159400,0.0,0.0
2022-08-25 00:00:00+09:00,1623.7278914438227,1656.0730685642175,1623.7278914438227,1647.7557373046875,152500,0.0,0.0
2022-08-26 00:00:00+09:00,1645.9074016978607,1651.4522890702285,1634.817626953125,1634.817626953125,103300,0.0,0.0
2022-08-29 00:00:00+09:00,1614.4863444607786,1648.6798159805546,1607.0931614294757,1636.6658935546875,187400,0.0,0.0
2022-08-30 00:00:00+09:00,1653.300629940065,1662.5421091459903,1646.831594495917,1655.14892578125,113900,0.0,0.0
2022-08-31 00:00:00+09:00,1651.4523877062913,1665.3146069651577,1642.2109082003803,1644.0592041015625,166100,0.0,0.0
2022-09-01 00:00:00+09:00,1635.7418212890625,1646.8315963486493,1621.879602464579,1635.7418212890625,134100,0.0,0.0
2022-09-02 00:00:00+09:00,1639.4385182888548,1639.4385182888548,1622.803854630907,1632.969482421875,98200,0.0,0.0
2022-09-05 00:00:00+09:00,1642.2109106973035,1654.2248340732544,1624.652099609375,1624.652099609375,129600,0.0,0.0
2022-09-06 00:00:00+09:00,1632.0453079188715,1632.0453079188715,1613.5623485992921,1615.41064453125,118200,0.0,0.0
2022-09-07 00:00:00+09:00,1615.4105396804505,1626.5003145523988,1602.472468996511,1618.1829833984375,157800,0.0,0.0
2022-09-08 00:00:00+09:00,1638.5143042594327,1656.9972631343278,1635.7418604281986,1648.679931640625,162600,0.0,0.0
2022-09-09 00:00:00+09:00,1663.4662143734538,1681.9491723109365,1659.7696227859572,1681.0250244140625,242400,0.0,0.0
2022-09-12 00:00:00+09:00,1677.3285228865489,1677.3285228865489,1647.755788598742,1656.0731201171875,129800,0.0,0.0
2022-09-13 00:00:00+09:00,1656.0730616648107,1671.7835762006932,1655.1489137509352,1659.7696533203125,93900,0.0,0.0
2022-09-14 00:00:00+09:00,1645.9074535391328,1654.2247848596562,1639.4384180676145,1643.135009765625,122800,0.0,0.0
2022-09-15 00:00:00+09:00,1650.528220319456,1665.3145873547928,1642.2108888620792,1660.69384765625,76500,0.0,0.0
2022-09-16 00:00:00+09:00,1666.2387239196646,1714.2944164564492,1662.5421321860658,1711.52197265625,210300,0.0,0.0
2022-09-20 00:00:00+09:00,1726.3083324606234,1750.3361786297755,1719.839296953544,1723.535888671875,180700,0.0,0.0
2022-09-21 00:00:00+09:00,1711.5220360591493,1734.6257352500127,1711.5220360591493,1715.2186279296875,146500,0.0,0.0
2022-09-22 00:00:00+09:00,1709.6736912137185,1709.6736912137185,1684.7216968014102,1687.494140625,129700,0.0,0.0
2022-09-26 00:00:00+09:00,1662.5422523012285,1663.4664003013959,1629.2729242952005,1638.514404296875,238900,0.0,0.0
2022-09-27 00:00:00+09:00,1655.1489892306101,1675.4802442630353,1644.0592137583783,1658.8455810546875,168700,0.0,0.0
2022-09-28 00:00:00+09:00,1640.3624491857836,1674.5559199575434,1622.8036398705553,1669.9351806640625,258900,0.0,0.0
2022-09-29 00:00:00+09:00,1685.0563994782956,1700.177488873502,1680.3310590422936,1695.4521484375,139500,40.0,0.0
2022-09-30 00:00:00+09:00,1686.0015865030514,1706.7930858881787,1670.8804960411408,1684.1114501953125,105100,0.0,0.0
2022-10-03 00:00:00+09:00,1680.331046307387,1680.331046307387,1634.0227103855298,1651.97900390625,148300,0.0,0.0
2022-10-04 00:00:00+09:00,1678.4409190660112,1697.342280767205,1668.0451701303546,1682.22119140625,227000,0.0,0.0
2022-10-05 00:00:00+09:00,1708.6830977879213,1715.2985743833392,1677.4958509809514,1682.22119140625,174200,0.0,0.0
2022-10-06 00:00:00+09:00,1700.1774894187604,1721.9140554313403,1695.452148981243,1697.34228515625,192500,0.0,0.0
2022-10-07 00:00:00+09:00,1682.2213138875738,1689.7818591185292,1670.8804960411408,1684.1114501953125,135500,0.0,0.0
2022-10-11 00:00:00+09:00,1679.3859810509102,1689.7817299488056,1656.7043470918659,1661.4296875,147500,0.0,0.0
2022-10-12 00:00:00+09:00,1659.5395513367464,1679.3859810509102,1655.759279010239,1661.4296875,129000,0.0,0.0
2022-10-13 00:00:00+09:00,1654.8142053320987,1657.6494095673906,1633.0776395281932,1642.5283203125,177600,0.0,0.0
2022-10-14 00:00:00+09:00,1685.0563981219868,1702.0676236779013,1672.7705129982708,1690.726806640625,172500,0.0,0.0
2022-10-17 00:00:00+09:00,1696.397208497477,1703.012685076576,1662.3747575192547,1668.045166015625,91500,0.0,0.0
2022-10-18 00:00:00+09:00,1671.8254438298757,1692.6169417180934,1669.9353076582195,1686.946533203125,114100,0.0,0.0
2022-10-19 00:00:00+09:00,1693.5618953841902,1709.6280517578125,1688.8365552743012,1709.6280517578125,94000,0.0,0.0
2022-10-20 00:00:00+09:00,1709.6280554467505,1720.0238037109375,1695.4520350864955,1720.0238037109375,141400,0.0,0.0
2022-10-21 00:00:00+09:00,1709.628175173994,1728.529536978018,1687.891609099366,1714.353515625,174800,0.0,0.0
2022-10-24 00:00:00+09:00,1752.1562505261652,1762.5519995853817,1730.4196843114391,1754.04638671875,263500,0.0,0.0
2022-10-25 00:00:00+09:00,1775.7829537312145,1789.9589751819694,1754.046387506724,1756.881591796875,159400,0.0,0.0
2022-10-26 00:00:00+09:00,1756.881595187717,1783.343501946865,1756.881595187717,1769.16748046875,125100,0.0,0.0
2022-10-27 00:00:00+09:00,1754.991433955846,1771.057591401861,1675.605714810832,1682.22119140625,223900,0.0,0.0
2022-10-28 00:00:00+09:00,1682.2210676166374,1698.2872238803916,1675.6055915080326,1677.4957275390625,484100,0.0,0.0
2022-10-31 00:00:00+09:00,1706.792844985208,1723.8040693538312,1694.5069607189798,1702.0675048828125,178100,0.0,0.0
2022-11-01 00:00:00+09:00,1706.7929579729946,1706.7929579729946,1666.155030402209,1669.935302734375,163700,0.0,0.0
2022-11-02 00:00:00+09:00,1668.0451690398895,1688.8366668976105,1666.1550328710057,1678.44091796875,216800,0.0,0.0
2022-11-04 00:00:00+09:00,1664.2648947862933,1693.5620053702655,1664.2648947862933,1671.825439453125,136600,0.0,0.0
2022-11-07 00:00:00+09:00,1694.5070706400566,1695.4521387218413,1659.5395516140209,1662.374755859375,128600,0.0,0.0
2022-11-08 00:00:00+09:00,1663.3198239411597,1669.9353005136531,1656.7043473686665,1662.374755859375,132600,0.0,0.0
2022-11-09 00:00:00+09:00,1669.9353010707252,1672.7705053170253,1661.429688331825,1664.264892578125,72900,0.0,0.0
2022-11-10 00:00:00+09:00,1654.8142128574275,1670.8803702638104,1651.0339405265138,1668.045166015625,113600,0.0,0.0
2022-11-11 00:00:00+09:00,1673.715564310792,1673.715564310792,1626.462160462379,1634.022705078125,387900,0.0,0.0
2022-11-14 00:00:00+09:00,1635.9128434835116,1648.1987285010075,1628.3522988573602,1641.583251953125,281900,0.0,0.0
2022-11-15 00:00:00+09:00,1638.7480510626608,1659.5395488270083,1637.8029829824632,1652.924072265625,106000,0.0,0.0
2022-11-16 00:00:00+09:00,1651.9791307325488,1678.4410390051526,1645.3636536643978,1673.7156982421875,163400,0.0,0.0
2022-11-17 00:00:00+09:00,1658.5944911655795,1688.836669921875,1658.5944911655795,1688.836669921875,149200,0.0,0.0
2022-11-18 00:00:00+09:00,1699.2324188693515,1726.6393933672443,1686.9465337496065,1688.836669921875,248100,0.0,0.0
2022-11-21 00:00:00+09:00,1689.7817428800208,1705.847900390625,1685.0564024357254,1705.847900390625,121600,0.0,0.0
2022-11-22 00:00:00+09:00,1718.1337962080793,1744.5957028603489,1718.1337962080793,1743.650634765625,169400,0.0,0.0
2022-11-24 00:00:00+09:00,1760.6617661783519,1832.4869375307699,1760.6617661783519,1829.6517333984375,312400,0.0,0.0
2022-11-25 00:00:00+09:00,1810.750509722742,1893.91650390625,1800.3547604498035,1893.91650390625,351100,0.0,0.0
2022-11-28 00:00:00+09:00,1915.6529424407483,1934.5543034909776,1879.7403564453125,1879.7403564453125,337700,0.0,0.0
2022-11-29 00:00:00+09:00,1875.0150170996485,1900.531854529936,1850.4432477223347,1882.5755615234375,188900,0.0,0.0
2022-11-30 00:00:00+09:00,1877.8503320212237,1881.6306044560927,1839.1025395638153,1840.99267578125,312400,0.0,0.0
2022-12-01 00:00:00+09:00,1826.8166400730074,1827.761708174442,1776.7280306969758,1789.013916015625,284800,0.0,0.0
2022-12-02 00:00:00+09:00,1762.5518802099034,1773.892696597313,1726.6392949831063,1763.4969482421875,333300,0.0,0.0
2022-12-05 00:00:00+09:00,1756.8815859491954,1756.8815859491954,1721.9140664870542,1736.090087890625,241900,0.0,0.0
2022-12-06 00:00:00+09:00,1720.023932397527,1747.4309071445207,1720.023932397527,1743.650634765625,181900,0.0,0.0
2022-12-07 00:00:00+09:00,1740.8154418363717,1795.6293916878972,1737.9802375337067,1785.233642578125,271400,0.0,0.0
2022-12-08 00:00:00+09:00,1780.5083031027139,1793.7392565227979,1736.0901023352897,1789.013916015625,346500,0.0,0.0
2022-12-09 00:00:00+09:00,1787.1236594775958,1801.2996800445783,1773.892706948412,1793.7391357421875,227900,0.0,0.0
2022-12-12 00:00:00+09:00,1802.2448696954198,1818.3110274221224,1788.0688481718585,1789.958984375,112600,0.0,0.0
2022-12-13 00:00:00+09:00,1790.9039319496899,1798.4644762534354,1781.4532515700082,1794.6842041015625,138700,0.0,0.0
2022-12-14 00:00:00+09:00,1793.7393749947862,1793.7393749947862,1757.8267847683362,1770.1126708984375,209000,0.0,0.0
2022-12-15 00:00:00+09:00,1758.771615173857,1786.1785882206286,1757.8265471377615,1784.2884521484375,95900,0.0,0.0
2022-12-16 00:00:00+09:00,1789.9591091323948,1836.2674493369816,1789.9591091323948,1803.1900634765625,275100,0.0,0.0
2022-12-19 00:00:00+09:00,1803.1898272297756,1847.608025279985,1803.1898272297756,1826.8165283203125,162100,0.0,0.0
2022-12-20 00:00:00+09:00,1845.7180360991379,1968.5768915486453,1845.7180360991379,1918.48828125,654100,0.0,0.0
2022-12-21 00:00:00+09:00,1962.9063520388838,2022.4456395585996,1898.6417242398256,1900.5318603515625,596600,0.0,0.0
2022-12-22 00:00:00+09:00,1921.323369023857,1943.059934438293,1880.6854423794762,1936.4444580078125,239500,0.0,0.0
2022-12-23 00:00:00+09:00,1931.7191358624084,1999.7640369299688,1925.1036593697288,1995.9837646484375,231700,0.0,0.0
2022-12-26 00:00:00+09:00,2003.54443359375,2020.5556599167157,1975.1923897221404,2003.54443359375,216800,0.0,0.0
2022-12-27 00:00:00+09:00,2019.6106154360898,2111.2822250277136,2013.9402065953707,2104.666748046875,354100,0.0,0.0
2022-12-28 00:00:00+09:00,2102.7766165387743,2144.3596147984176,2085.765389978011,2125.458251953125,353200,0.0,0.0
2022-12-29 00:00:00+09:00,2114.117426122076,2123.568107508406,2061.1936103586263,2090.49072265625,285100,0.0,0.0
2022-12-30 00:00:00+09:00,2083.875001657063,2103.721430244273,2073.479253349477,2088.600341796875,179200,0.0,0.0
2023-01-04 00:00:00+09:00,2094.2707607696166,2129.238277984633,2054.577903390409,2119.78759765625,312800,0.0,0.0
2023-01-05 00:00:00+09:00,2093.3255311627986,2093.3255311627986,2021.5003662109375,2021.5003662109375,356800,0.0,0.0
2023-01-06 00:00:00+09:00,2017.7202189373982,2062.138415794568,2000.7089946091203,2029.06103515625,259900,0.0,0.0
2023-01-10 00:00:00+09:00,1991.2584193555153,2038.5118227574023,1967.631717654572,1979.9176025390625,264000,0.0,0.0
2023-01-11 00:00:00+09:00,1979.9178491106752,1994.0938718966706,1957.2362126530827,1993.1488037109375,310700,0.0,0.0
2023-01-12 00:00:00+09:00,1978.9726845848095,2109.392087866903,1966.6867987683802,2100.886474609375,449000,0.0,0.0
2023-01-13 00:00:00+09:00,2101.8313354335755,2256.8224950608715,2100.8862673870676,2212.404296875,695400,0.0,0.0
2023-01-16 00:00:00+09:00,2209.5693074231126,2219.9650569447786,2086.710449439792,2087.655517578125,435200,0.0,0.0
2023-01-17 00:00:00+09:00,2083.8751079090234,2083.8751079090234,1998.818981055594,2036.6217041015625,504500,0.0,0.0
2023-01-18 00:00:00+09:00,2035.6767609656079,2059.3034643194333,1961.016378367519,2048.90771484375,483300,0.0,0.0
2023-01-19 00:00:00+09:00,2040.4020989299484,2077.2597561130274,2015.8303274745622,2037.56689453125,260200,0.0,0.0
2023-01-20 00:00:00+09:00,2038.5119682637337,2069.6992167350845,2017.7204692828334,2061.193603515625,153800,0.0,0.0
2023-01-23 00:00:00+09:00,2063.0834913662693,2083.8749878436206,2040.4018588455222,2049.8525390625,298800,0.0,0.0
2023-01-24 00:00:00+09:00,2048.9077197488587,2070.6442868864156,2032.8415614297946,2069.69921875,309300,0.0,0.0
2023-01-25 00:00:00+09:00,2079.149648077477,2088.600328296011,2037.5666551159275,2050.797607421875,266700,0.0,0.0
2023-01-26 00:00:00+09:00,2055.523193807957,2061.1936026184612,2041.347171781695,2057.413330078125,156500,0.0,0.0
2023-01-27 00:00:00+09:00,2064.028578917471,2112.227048480104,2058.3581707336316,2105.611572265625,247000,0.0,0.0
2023-01-30 00:00:00+09:00,2184.052500169729,2273.8339746466327,2184.052500169729,2229.415771484375,783900,0.0,0.0
2023-01-31 00:00:00+09:00,2239.8115116208405,2246.426988659383,2179.327150125594,2186.8876953125,462000,0.0,0.0
2023-02-01 00:00:00+09:00,2201.0634535324057,2233.1957667226598,2116.9523984167404,2133.963623046875,374200,0.0,0.0
2023-02-02 00:00:00+09:00,2133.0187962181585,2142.4694776369365,2087.655525408025,2121.677978515625,267300,0.0,0.0
2023-02-03 00:00:00+09:00,2088.600350637014,2116.0073235639247,2081.984874413277,2114.1171875,321500,0.0,0.0
2023-02-06 00:00:00+09:00,2107.5016959471986,2107.5016959471986,2006.3794172627368,2070.64404296875,426900,0.0,0.0
2023-02-07 00:00:00+09:00,2105.611818588025,2132.073726541555,2090.490728328865,2115.0625,330900,0.0,0.0
2023-02-08 00:00:00+09:00,2143.414316516692,2179.3269020667954,2131.1284319863935,2172.71142578125,197900,0.0,0.0
2023-02-09 00:00:00+09:00,2177.436773255814,2213.349358925832,2177.436773255814,2194.447998046875,290700,0.0,0.0
2023-02-10 00:00:00+09:00,2183.10742772268,2219.0200174427932,2181.217291421621,2209.5693359375,288200,0.0,0.0
2023-02-13 00:00:00+09:00,2220.9101599615974,2263.438226854479,2211.459478429846,2237.92138671875,378800,0.0,0.0
2023-02-14 00:00:00+09:00,2220.9099195138083,2246.426756886946,2205.7888307000976,2243.591552734375,186600,0.0,0.0
2023-02-15 00:00:00+09:00,2243.591557333089,2263.437986441764,2231.305672646766,2257.767578125,169400,0.0,0.0
2023-02-16 00:00:00+09:00,2252.097163017863,2263.4379796171975,2233.195802018972,2236.97607421875,156600,0.0,0.0
2023-02-17 00:00:00+09:00,2231.3056738566916,2267.218259882339,2230.3606058033847,2261.5478515625,148600,0.0,0.0
2023-02-20 00:00:00+09:00,2271.9436062474097,2297.46044375518,2270.9985381915667,2280.44921875,141400,0.0,0.0
2023-02-21 00:00:00+09:00,2281.3942984601217,2320.1420889476385,2275.723890096095,2317.306884765625,205500,0.0,0.0
2023-02-22 00:00:00+09:00,2322.977289518763,2336.208242347592,2300.2956560979123,2305.966064453125,336800,0.0,0.0
2023-02-24 00:00:00+09:00,2304.0759183014384,2332.42795995404,2245.4816988860616,2274.77880859375,310200,0.0,0.0
2023-02-27 00:00:00+09:00,2283.284669379385,2309.746577799345,2259.6579654329926,2289.900146484375,155600,0.0,0.0
2023-02-28 00:00:00+09:00,2294.62548787871,2295.5705560368147,2260.603034186933,2292.7353515625,326900,0.0,0.0
2023-03-01 00:00:00+09:00,2279.504158498616,2336.208242043358,2263.4380014942726,2305.02099609375,367900,0.0,0.0
2023-03-02 00:00:00+09:00,2313.5265875421765,2321.087131945909,2223.745122747852,2240.75634765625,342100,0.0,0.0
2023-03-03 00:00:00+09:00,2230.360597869138,2250.2070269179735,2212.404304920192,2236.97607421875,325400,0.0,0.0
2023-03-06 00:00:00+09:00,2228.4704546098415,2238.866203125833,2181.217052264425,2215.239501953125,311500,0.0,0.0
2023-03-07 00:00:00+09:00,2212.4045480057566,2245.481933388158,2202.9538664679276,2244.536865234375,263800,0.0,0.0
2023-03-08 00:00:00+09:00,2244.53662569054,2267.218258960676,2236.031013214239,2258.712646484375,164600,0.0,0.0
2023-03-09 00:00:00+09:00,2271.9438558441975,2336.208490701687,2271.9438558441975,2310.691650390625,309800,0.0,0.0
2023-03-10 00:00:00+09:00,2274.7790326709155,2296.515600079071,2181.2172860010273,2184.99755859375,558500,0.0,0.0
2023-03-13 00:00:00+09:00,2138.6889563310237,2152.8649768104606,2073.4792621256147,2114.1171875,499700,0.0,0.0
2023-03-14 00:00:00+09:00,2028.1160685907032,2033.7864769837806,1953.4556914151833,1962.9063720703125,592000,0.0,0.0
2023-03-15 00:00:00+09:00,2037.5667744361854,2073.4793613696615,2010.1598001974796,2044.1822509765625,407500,0.0,0.0
2023-03-16 00:00:00+09:00,1972.3570614576226,2024.3358052909573,1944.9500874364098,1991.2584228515625,386300,0.0,0.0
2023-03-17 00:00:00+09:00,2023.3909901817733,2040.4022175630305,1985.588262667868,2017.7205810546875,355000,0.0,0.0
2023-03-20 00:00:00+09:00,1977.0823992064616,2022.4456664922695,1965.7415823850097,1982.7528076171875,244700,0.0,0.0
2023-03-22 00:00:00+09:00,2055.523183277547,2064.9738645799725,2013.940185546875,2013.940185546875,325700,0.0,0.0
2023-03-23 00:00:00+09:00,1966.6866530394407,1992.2034909212596,1950.6204958545918,1991.2584228515625,144000,0.0,0.0
2023-03-24 00:00:00+09:00,1961.9614325081652,1996.9289532224243,1954.400887488866,1989.368408203125,246600,0.0,0.0
2023-03-27 00:00:00+09:00,1998.8189647809113,2003.544305123183,1953.4556974951033,1982.7528076171875,277000,0.0,0.0
2023-03-28 00:00:00+09:00,2024.335570090616,2042.2918613285815,2000.7088710932933,2021.5003662109375,291700,0.0,0.0
2023-03-29 00:00:00+09:00,2043.2369380811474,2057.4129575405445,2028.1158506577901,2042.2918701171875,296500,0.0,0.0
2023-03-30 00:00:00+09:00,2055.8365382505267,2074.218135533708,2031.6502260358145,2066.478515625,230900,50.0,0.0
2023-03-31 00:00:00+09:00,2072.2830321588085,2109.0462232055097,2062.60850819915,2091.632080078125,224500,0.0,0.0
2023-04-03 00:00:00+09:00,2112.9163439558724,2153.5493505704085,2108.0790812636656,2129.363037109375,177100,0.0,0.0
2023-04-04 00:00:00+09:00,2124.52564315382,2147.74450264184,2102.2742361444675,2140.0048828125,225500,0.0,0.0
2023-04-05 00:00:00+09:00,2100.3394384742946,2104.209248586638,2065.5111474632054,2082.92529296875,259200,0.0,0.0
2023-04-06 00:00:00+09:00,2044.2271001851784,2080.022842119325,2027.7804079451653,2050.999267578125,298400,0.0,0.0
2023-04-07 00:00:00+09:00,2067.445886468489,2093.56710262883,2066.478434018106,2083.892578125,131700,0.0,0.0
2023-04-10 00:00:00+09:00,2083.8926767722264,2118.7209666347153,2074.2181518104244,2097.43701171875,187900,0.0,0.0
2023-04-11 00:00:00+09:00,2118.7208801865413,2118.7208801865413,2073.2506147213508,2080.990234375,149900,0.0,0.0
2023-04-12 00:00:00+09:00,2081.957763671875,2104.2091709973643,2075.185596224987,2081.957763671875,128000,0.0,0.0
2023-04-13 00:00:00+09:00,2081.9575598605925,2081.9575598605925,2052.9339879294507,2073.25048828125,135700,0.0,0.0
2023-04-14 00:00:00+09:00,2079.055475216242,2087.762547937017,2058.7389722011,2067.446044921875,171800,0.0,0.0
2023-04-17 00:00:00+09:00,2069.380678690431,2083.892464656002,2062.608511906498,2073.25048828125,103100,0.0,0.0
2023-04-18 00:00:00+09:00,2095.50212842267,2141.9398487201256,2094.534675916473,2110.013916015625,182200,0.0,0.0
2023-04-19 00:00:00+09:00,2094.5345278139466,2145.8095070167824,2086.794908311632,2141.939697265625,160500,0.0,0.0
2023-04-20 00:00:00+09:00,2152.5815891721736,2194.182042356175,2140.9721603766384,2177.7353515625,212900,0.0,0.0
2023-04-21 00:00:00+09:00,2160.32144848104,2181.6054036384885,2129.3629682520236,2143.874755859375,188600,0.0,0.0
2023-04-24 00:00:00+09:00,2145.8096084945664,2158.3864907806033,2103.24169921875,2103.24169921875,125100,0.0,0.0
2023-04-25 00:00:00+09:00,2123.558272828595,2147.744585730971,2113.883747667645,2122.5908203125,107100,0.0,0.0
2023-04-26 00:00:00+09:00,2085.827529232567,2089.697339119826,2049.064335303607,2056.803955078125,220900,0.0,0.0
2023-04-27 00:00:00+09:00,2062.6086866999244,2096.4695234890883,2049.0643519842592,2087.762451171875,204800,0.0,0.0
2023-04-28 00:00:00+09:00,2112.916191486187,2153.5491951686136,2089.697332239086,2127.427978515625,265500,0.0,0.0
2023-05-01 00:00:00+09:00,2140.0049264480003,2166.1261439046443,2129.362948965664,2165.15869140625,226100,0.0,0.0
2023-05-02 00:00:00+09:00,2165.158624792164,2165.158624792164,2119.688358766591,2127.427978515625,113600,0.0,0.0
2023-05-08 00:00:00+09:00,2109.04638671875,2140.9723182608227,2099.371862009031,2109.04638671875,250200,0.0,0.0
2023-05-09 00:00:00+09:00,2128.395412398694,2157.418986204131,2095.5020287525326,2148.7119140625,235100,0.0,0.0
2023-05-10 00:00:00+09:00,2174.8332302153244,2193.214827801664,2151.614370106264,2162.25634765625,158400,0.0,0.0
2023-05-11 00:00:00+09:00,2139.037460388429,2168.06103515625,2137.1025554039074,2168.06103515625,133000,0.0,0.0
2023-05-12 00:00:00+09:00,2181.6053562538295,2183.540261226117,2139.037446863511,2170.96337890625,229000,0.0,0.0
2023-05-15 00:00:00+09:00,2256.09928846257,2268.676171288476,2200.954494533596,2255.1318359375,333700,0.0,0.0
2023-05-16 00:00:00+09:00,2270.610772658565,2298.6668921332557,2239.652295996838,2285.12255859375,339600,0.0,0.0
2023-05-17 00:00:00+09:00,2296.732359545543,2333.495556539111,2266.7413304192114,2326.723388671875,265900,0.0,0.0
2023-05-18 00:00:00+09:00,2368.3236536447694,2384.770345683969,2348.007151713993,2367.356201171875,280600,0.0,0.0
2023-05-19 00:00:00+09:00,2378.9654667156624,2379.9329191218094,2325.755584377573,2349.94189453125,269200,0.0,0.0
2023-05-22 00:00:00+09:00,2348.9745189525465,2358.64904333044,2297.6995397497108,2298.6669921875,198600,0.0,0.0
2023-05-23 00:00:00+09:00,2303.504345065521,2318.983584679569,2287.057652975595,2296.732177734375,215900,0.0,0.0
2023-05-24 00:00:00+09:00,2296.732274332302,2324.7883973127723,2276.415771484375,2276.415771484375,130400,0.0,0.0
2023-05-25 00:00:00+09:00,2283.187881097561,2341.2350306169906,2265.7737362417324,2340.267578125,287000,0.0,0.0
2023-05-26 00:00:00+09:00,2337.365116736283,2367.3561426546707,2326.7231397975,2345.104736328125,234300,0.0,0.0
2023-05-29 00:00:00+09:00,2363.486413276486,2400.249607588605,2354.7793409394053,2379.93310546875,182100,0.0,0.0
2023-05-30 00:00:00+09:00,2377.998119593454,2380.900476940394,2319.9509726546385,2345.104736328125,115400,0.0,0.0
2023-05-31 00:00:00+09:00,2337.365152526705,2375.0957986146773,2337.365152526705,2354.779296875,255800,0.0,0.0
2023-06-01 00:00:00+09:00,2310.2764124961163,2345.104700121686,2294.797173551419,2335.43017578125,225600,0.0,0.0
2023-06-02 00:00:00+09:00,2330.5929987980767,2351.876953125,2317.0486642263986,2351.876953125,211000,0.0,0.0
2023-06-05 00:00:00+09:00,2384.770240970381,2393.477312844107,2343.1697864625817,2372.193359375,187600,0.0,0.0
2023-06-06 00:00:00+09:00,2323.8207736094528,2330.5929407265494,2301.5693673675637,2329.62548828125,233100,0.0,0.0
2023-06-07 00:00:00+09:00,2360.5839390663837,2381.867892615343,2332.527818479119,2335.43017578125,332500,0.0,0.0
2023-06-08 00:00:00+09:00,2341.2350419007244,2369.291164303667,2298.667132047984,2303.50439453125,214300,0.0,0.0
2023-06-09 00:00:00+09:00,2308.341431625246,2343.1697181040845,2296.7320027989667,2334.462646484375,316100,0.0,0.0
2023-06-12 00:00:00+09:00,2336.397740818299,2359.6166003543817,2331.5604784149486,2346.072265625,121700,0.0,0.0
2023-06-13 00:00:00+09:00,2334.46284120834,2349.942080934545,2326.723221345237,2327.690673828125,147000,0.0,0.0
2023-06-14 00:00:00+09:00,2339.300079457946,2368.3236536447694,2331.560459674793,2367.356201171875,156300,0.0,0.0
2023-06-15 00:00:00+09:00,2358.649259097772,2360.584164150354,2318.016252993544,2322.853515625,228200,0.0,0.0
2023-06-16 00:00:00+09:00,2340.2675062770295,2340.2675062770295,2305.4392176346264,2320.91845703125,337900,0.0,0.0
2023-06-19 00:00:00+09:00,2333.495424384313,2354.779379333092,2325.755804402939,2337.365234375,173600,0.0,0.0
2023-06-20 00:00:00+09:00,2335.4303749950195,2335.4303749950195,2269.643603868399,2276.415771484375,259700,0.0,0.0
2023-06-21 00:00:00+09:00,2269.6434279221758,2318.016050000653,2259.96890350648,2314.146240234375,213700,0.0,0.0
2023-06-22 00:00:00+09:00,2331.560410796619,2376.0632236168035,2321.885886270492,2360.583984375,303600,0.0,0.0
2023-06-23 00:00:00+09:00,2381.8679063530044,2421.5334563775673,2356.714142922794,2384.770263671875,359800,0.0,0.0
2023-06-26 00:00:00+09:00,2395.4124005884905,2407.9892831440843,2367.3562779644735,2368.32373046875,265000,0.0,0.0
2023-06-27 00:00:00+09:00,2404.11934788871,2449.5896132210114,2391.542465988286,2446.687255859375,338200,0.0,0.0
2023-06-28 00:00:00+09:00,2477.64572004302,2504.7343885948376,2452.491956387761,2501.83203125,275700,0.0,0.0
2023-06-29 00:00:00+09:00,2521.181025091207,2535.692811498102,2444.7522833482276,2461.198974609375,183700,0.0,0.0
2023-06-30 00:00:00+09:00,2496.0275173187256,2505.702042579651,2428.3058404922485,2476.678466796875,265300,0.0,0.0
2023-07-03 00:00:00+09:00,2465.068935546875,2525.0509897085335,2458.296768141526,2515.37646484375,291800,0.0,0.0
2023-07-04 00:00:00+09:00,2539.562868734698,2674.038769212459,2532.790701084739,2667.2666015625,481200,0.0,0.0
2023-07-05 00:00:00+09:00,2612.12158203125,2649.8522271050347,2569.5536747685187,2612.12158203125,297500,0.0,0.0
2023-07-06 00:00:00+09:00,2627.600765598547,2636.3078373549483,2566.651263303735,2571.488525390625,317500,0.0,0.0
2023-07-07 00:00:00+09:00,2569.553643922018,2679.8432205060203,2555.0418575293866,2636.307861328125,350000,0.0,0.0
2023-07-10 00:00:00+09:00,2677.9085917386906,2700.159999834785,2606.317104820821,2630.50341796875,306800,0.0,0.0
2023-07-11 00:00:00+09:00,2621.7961109791704,2637.275350010782,2590.837632915948,2593.739990234375,233000,0.0,0.0
2023-07-12 00:00:00+09:00,2627.600948001292,2637.275472846658,2588.90284861983,2619.861328125,164100,0.0,0.0
2023-07-13 00:00:00+09:00,2621.7963564549086,2631.47088175548,2552.139774290793,2559.87939453125,229100,0.0,0.0
2023-07-14 00:00:00+09:00,2557.944354932423,2569.5537846824946,2517.3113508071724,2536.660400390625,240600,0.0,0.0
2023-07-18 00:00:00+09:00,2553.107049981087,2636.3079618031306,2551.172145054993,2597.60986328125,182500,0.0,0.0
2023-07-19 00:00:00+09:00,2645.9824354582265,2670.168746568448,2610.186695015099,2643.080078125,236800,0.0,0.0
2023-07-20 00:00:00+09:00,2668.2338917103075,2672.1037015605034,2627.6008882832466,2649.852294921875,103400,0.0,0.0
2023-07-21 00:00:00+09:00,2655.6571339294974,2659.526943960724,2593.740173429866,2623.731201171875,174300,0.0,0.0
2023-07-24 00:00:00+09:00,2612.1217136801556,2621.7962385456376,2587.9354015164504,2601.479736328125,200800,0.0,0.0
2023-07-25 00:00:00+09:00,2620.8287669160363,2633.4056491492993,2596.642454928993,2622.763671875,141300,0.0,0.0
2023-07-26 00:00:00+09:00,2612.1218400218995,2619.861460288631,2595.675146955095,2609.219482421875,105100,0.0,0.0
2023-07-27 00:00:00+09:00,2615.991623961377,2649.8524622892796,2604.382193677525,2648.885009765625,147500,0.0,0.0
2023-07-28 00:00:00+09:00,2672.103738775381,2745.630126953125,2624.6985674502566,2745.630126953125,445100,0.0,0.0
2023-07-31 00:00:00+09:00,2890.747960033574,2979.7535866477274,2861.724386137655,2926.543701171875,529900,0.0,0.0
2023-08-01 00:00:00+09:00,2895.585237487628,2912.0319294479655,2856.8871387574227,2871.39892578125,326600,0.0,0.0
2023-08-02 00:00:00+09:00,2845.2777193765996,2864.6267688113267,2820.1239551114545,2834.6357421875,250200,0.0,0.0
2023-08-03 00:00:00+09:00,2834.6358503542974,2842.375470423524,2775.621247326443,2777.55615234375,199500,0.0,0.0
2023-08-04 00:00:00+09:00,2794.9701238195034,2873.333772150891,2779.490884642933,2849.1474609375,226700,0.0,0.0
2023-08-07 00:00:00+09:00,2829.7983221980244,2886.8780148509077,2819.1563456017243,2851.082275390625,183100,0.0,0.0
2023-08-08 00:00:00+09:00,2883.008396655331,2883.008396655331,2838.5055824787723,2862.69189453125,244600,0.0,0.0
2023-08-09 00:00:00+09:00,2857.8543999827702,2857.8543999827702,2795.9374461578223,2807.546875,198700,0.0,0.0
2023-08-10 00:00:00+09:00,2812.3842411073574,2859.789410634107,2791.1002874422866,2854.9521484375,151400,0.0,0.0
2023-08-14 00:00:00+09:00,2883.00830078125,2926.5436610279467,2867.5290615824247,2883.00830078125,226100,0.0,0.0
2023-08-15 00:00:00+09:00,2866.561775527652,2887.8457306615055,2843.3429153816296,2882.041015625,234000,0.0,0.0
2023-08-16 00:00:00+09:00,2822.058903798683,2883.9758629495623,2798.840044117103,2859.78955078125,240000,0.0,0.0
2023-08-17 00:00:00+09:00,2855.9198077815595,2931.381103515625,2836.5707575933375,2931.381103515625,256300,0.0,0.0
2023-08-18 00:00:00+09:00,2902.357415209044,2931.3809893611347,2817.2215976962457,2834.6357421875,356100,0.0,0.0
2023-08-21 00:00:00+09:00,2838.5055572813785,2852.049891910533,2816.254150390625,2816.254150390625,191800,0.0,0.0
2023-08-22 00:00:00+09:00,2846.245213383773,2912.031982421875,2830.765973610102,2912.031982421875,241700,0.0,0.0
2023-08-23 00:00:00+09:00,2844.310308412064,2912.031982421875,2843.3428559262097,2912.031982421875,183100,0.0,0.0
2023-08-24 00:00:00+09:00,2902.357564786585,2979.7537665142277,2902.357564786585,2974.91650390625,267800,0.0,0.0
2023-08-25 00:00:00+09:00,2950.729803496962,2955.5670654699084,2921.7062316592874,2936.218017578125,195800,0.0,0.0
2023-08-28 00:00:00+09:00,2960.404716082317,2989.428291730183,2960.404716082317,2974.91650390625,121700,0.0,0.0
2023-08-29 00:00:00+09:00,2989.4280099790985,2994.2652721311683,2945.892650610471,2965.24169921875,107000,0.0,0.0
2023-08-30 00:00:00+09:00,2979.7535305296105,3052.3124639028965,2979.7535305296105,3042.637939453125,213800,0.0,0.0
2023-08-31 00:00:00+09:00,3018.451525297619,3081.3359320746526,2994.26521499876,3047.47509765625,284000,0.0,0.0
2023-09-01 00:00:00+09:00,3042.637907876577,3086.173267448738,3037.800645701893,3066.82421875,204600,0.0,0.0
2023-09-04 00:00:00+09:00,3071.6615253155046,3144.220458984375,3071.6615253155046,3144.220458984375,205000,0.0,0.0
2023-09-05 00:00:00+09:00,3178.081258138021,3178.081258138021,3091.010538736979,3134.5458984375,210200,0.0,0.0
2023-09-06 00:00:00+09:00,3134.546111505682,3221.616836825284,3134.546111505682,3192.59326171875,171400,0.0,0.0
2023-09-07 00:00:00+09:00,3192.5930537197883,3236.12841354324,3192.5930537197883,3202.267578125,206000,0.0,0.0
2023-09-08 00:00:00+09:00,3153.89501953125,3187.755855630512,3139.3832326315664,3153.89501953125,293700,0.0,0.0
2023-09-11 00:00:00+09:00,3202.2675867927146,3289.338306675296,3197.4303245770157,3269.9892578125,226000,0.0,0.0
2023-09-12 00:00:00+09:00,3289.338238678203,3294.175500793907,3231.2910932897644,3284.5009765625,221200,0.0,0.0
2023-09-13 00:00:00+09:00,3284.501008076201,3299.0127945625463,3240.9656486171643,3260.314697265625,270600,0.0,0.0
2023-09-14 00:00:00+09:00,3308.6874642022544,3308.6874642022544,3245.8030533329134,3299.012939453125,265200,0.0,0.0
2023-09-15 00:00:00+09:00,3337.7108869881463,3347.385411298257,3211.942070956709,3226.453857421875,516800,0.0,0.0
2023-09-19 00:00:00+09:00,3250.640208949704,3279.663782243898,3236.1284223026073,3269.9892578125,288100,0.0,0.0
2023-09-20 00:00:00+09:00,3269.9892168173724,3279.663741127483,3207.1048088016537,3226.453857421875,249000,0.0,0.0
2023-09-21 00:00:00+09:00,3216.7795052967103,3269.9893918504904,3202.2677180547703,3207.10498046875,184400,0.0,0.0
2023-09-22 00:00:00+09:00,3192.5931640625,3284.5011490885418,3158.7323274739583,3265.152099609375,302100,0.0,0.0
2023-09-25 00:00:00+09:00,3226.453778894936,3231.29104093226,3144.2203242604323,3173.243896484375,336800,0.0,0.0
2023-09-26 00:00:00+09:00,3182.9185026717823,3274.8264837519705,3173.243978347552,3260.314697265625,379800,0.0,0.0
2023-09-27 00:00:00+09:00,3231.2911917264346,3255.4775030417522,3182.9185690957993,3245.802978515625,354500,0.0,0.0
2023-09-28 00:00:00+09:00,3235.9672119140623,3265.47451171875,3216.2956787109374,3245.802978515625,241500,55.0,0.0
2023-09-29 00:00:00+09:00,3206.4598870021687,3216.2956535267153,3098.2664552321567,3117.93798828125,295000,0.0,0.0
2023-10-02 00:00:00+09:00,3172.034753380176,3250.7208867973586,3152.3632200258803,3176.95263671875,324600,0.0,0.0
2023-10-03 00:00:00+09:00,3162.198950080333,3162.198950080333,3098.2664674192997,3132.691650390625,262600,0.0,0.0
2023-10-04 00:00:00+09:00,3068.7592805774007,3068.7592805774007,2960.5658444031974,2970.401611328125,339400,0.0,0.0
2023-10-05 00:00:00+09:00,2980.2372802734376,3058.9234130859377,2960.5657470703127,3049.087646484375,254300,0.0,0.0
2023-10-06 00:00:00+09:00,3093.3484743148565,3117.9378898499504,3054.0054094587053,3098.266357421875,168800,0.0,0.0
2023-10-10 00:00:00+09:00,3117.9379890278574,3216.295654296875,3113.0201057644063,3216.295654296875,259600,0.0,0.0
2023-10-11 00:00:00+09:00,3216.2955686794126,3245.8028674746365,3167.1167373540393,3211.377685546875,149100,0.0,0.0
2023-10-12 00:00:00+09:00,3206.45981504859,3226.13134765625,3167.1167498332698,3226.13134765625,232400,0.0,0.0
2023-10-13 00:00:00+09:00,3191.706162554663,3221.213461438065,3117.9379153461578,3127.773681640625,249400,0.0,0.0
2023-10-16 00:00:00+09:00,3063.8413562684545,3122.85595703125,3029.4161724901574,3122.85595703125,274200,0.0,0.0
2023-10-17 00:00:00+09:00,3137.6095951901207,3152.3632453242435,3068.7592278975476,3108.102294921875,263400,0.0,0.0
2023-10-18 00:00:00+09:00,3167.116774452417,3265.4744382552867,3142.5273585016994,3255.638671875,358800,0.0,0.0
2023-10-19 00:00:00+09:00,3211.377832256958,3250.7208991146235,3176.9526487565004,3191.706298828125,334400,0.0,0.0
2023-10-20 00:00:00+09:00,3211.3778944311675,3235.9673116932745,3142.527526097268,3167.116943359375,191200,0.0,0.0
2023-10-23 00:00:00+09:00,3181.870593716639,3235.9673116932745,3162.1990599069536,3167.116943359375,184900,0.0,0.0
2023-10-24 00:00:00+09:00,3142.527502556206,3152.363269387368,3034.3340674134256,3137.609619140625,256100,0.0,0.0
2023-10-25 00:00:00+09:00,3117.938060175422,3250.720911318539,3098.2665266727377,3206.4599609375,290100,0.0,0.0
2023-10-26 00:00:00+09:00,3216.2955429808253,3240.8849584470395,3142.5272965821823,3181.870361328125,189500,0.0,0.0
2023-10-27 00:00:00+09:00,3206.459864450786,3285.14599609375,3186.788331540045,3285.14599609375,233700,0.0,0.0
2023-10-30 00:00:00+09:00,3221.2135867659154,3250.7208867973586,3157.2811033644543,3176.95263671875,977200,0.0,0.0
2023-10-31 00:00:00+09:00,3255.6386118464206,3309.7353259405454,3167.1167160560344,3280.22802734375,443700,0.0,0.0
2023-11-01 00:00:00+09:00,3334.3248071915064,3462.189770299145,3309.735391209268,3452.35400390625,439400,0.0,0.0
2023-11-02 00:00:00+09:00,3540.8758398161244,3545.7937229269805,3422.846645155587,3476.943359375,404300,0.0,0.0
2023-11-06 00:00:00+09:00,3535.9579660609147,3545.7937323086503,3393.33935546875,3393.33935546875,343700,0.0,0.0
2023-11-07 00:00:00+09:00,3393.3394775390625,3432.6825439453123,3339.2427612304687,3344.16064453125,200900,0.0,0.0
2023-11-08 00:00:00+09:00,3334.32477382444,3334.32477382444,3108.10214905169,3127.773681640625,552600,0.0,0.0
2023-11-09 00:00:00+09:00,3098.2665750254755,3186.7884771690606,3054.005623953683,3167.116943359375,386900,0.0,0.0
2023-11-10 00:00:00+09:00,3191.7062741562972,3285.1460572209653,3142.5274409643666,3260.556640625,309700,0.0,0.0
2023-11-13 00:00:00+09:00,3590.0549080358683,3727.7556442345044,3521.20453993655,3560.547607421875,925000,0.0,0.0
2023-11-14 00:00:00+09:00,3590.054910833185,3590.054910833185,3413.011107011275,3462.18994140625,488800,0.0,0.0
2023-11-15 00:00:00+09:00,3393.3395276750834,3422.8468279157364,3255.6387932187035,3304.817626953125,617800,0.0,0.0
2023-11-16 00:00:00+09:00,3270.392283137323,3304.8174650650844,3196.6240361492632,3211.377685546875,507000,0.0,0.0
2023-11-17 00:00:00+09:00,3196.6242178595176,3250.7209353925246,3172.0348007990597,3235.96728515625,320400,0.0,0.0
2023-11-20 00:00:00+09:00,3260.556567566377,3329.406932492364,3240.885034730381,3270.392333984375,247800,0.0,0.0
2023-11-21 00:00:00+09:00,3221.2134301501596,3299.8995597416138,3201.541897752296,3280.22802734375,254200,0.0,0.0
2023-11-22 00:00:00+09:00,3280.2280652650006,3349.0784294534715,3265.4744157960426,3324.489013671875,229500,0.0,0.0
2023-11-24 00:00:00+09:00,3368.7501093693554,3413.0110597114344,3344.160692512645,3403.17529296875,243600,0.0,0.0
2023-11-27 00:00:00+09:00,3393.3394178025264,3467.107666015625,3383.5036513741134,3467.107666015625,213400,0.0,0.0
2023-11-28 00:00:00+09:00,3540.8760007747933,3683.494617472667,3516.286584102746,3570.38330078125,510400,0.0,0.0
2023-11-29 00:00:00+09:00,3550.71165490321,3599.890486688573,3432.682458618339,3437.600341796875,369500,0.0,0.0
2023-11-30 00:00:00+09:00,3368.7500854136297,3422.846802113703,3349.078552068149,3373.66796875,438400,0.0,0.0
2023-12-01 00:00:00+09:00,3437.6003164316153,3437.6003164316153,3363.8320692978896,3408.093017578125,283900,0.0,0.0
2023-12-04 00:00:00+09:00,3373.6678480827945,3472.0255112922055,3353.9963154409124,3422.8466796875,258100,0.0,0.0
2023-12-05 00:00:00+09:00,3388.4215453391853,3408.093078258426,3353.996362730514,3383.503662109375,314900,0.0,0.0
2023-12-06 00:00:00+09:00,3393.339441999605,3501.53287348365,3393.339441999605,3496.614990234375,258700,0.0,0.0
2023-12-07 00:00:00+09:00,3491.6972140180383,3639.233716018801,3481.8614472179875,3629.39794921875,406400,0.0,0.0
2023-12-08 00:00:00+09:00,3698.2481324701193,3757.2627303286854,3653.9871840761953,3703.166015625,643900,0.0,0.0
2023-12-11 00:00:00+09:00,3747.427135206653,3811.359619140625,3703.1661847908267,3811.359619140625,353100,0.0,0.0
2023-12-12 00:00:00+09:00,3772.016466864224,3791.6879999378316,3688.4124513013926,3708.083984375,320500,0.0,0.0
2023-12-13 00:00:00+09:00,3688.4124141411494,3732.673363110843,3634.315698733746,3663.822998046875,237600,0.0,0.0
2023-12-14 00:00:00+09:00,3609.7262296743515,3609.7262296743515,3496.6149173003596,3506.45068359375,319000,0.0,0.0
2023-12-15 00:00:00+09:00,3491.697230100972,3526.1224140597137,3417.9289787608104,3447.436279296875,337000,0.0,0.0
2023-12-18 00:00:00+09:00,3422.8468143369014,3437.6004643986985,3344.160680673984,3388.421630859375,291000,0.0,0.0
2023-12-19 00:00:00+09:00,3388.421630859375,3408.0931642751043,3334.3249139661193,3388.421630859375,284900,0.0,0.0
2023-12-20 00:00:00+09:00,3334.324927193778,3378.585877554757,3299.8997435796828,3304.817626953125,270200,0.0,0.0
2023-12-21 00:00:00+09:00,3285.145910443216,3309.7353259405454,3260.5564949458867,3280.22802734375,172100,0.0,0.0
2023-12-22 00:00:00+09:00,3304.8176020408164,3373.66796875,3304.8176020408164,3373.66796875,168200,0.0,0.0
2023-12-25 00:00:00+09:00,3442.5181867074275,3462.1897192028982,3393.33935546875,3393.33935546875,153900,0.0,0.0
2023-12-26 00:00:00+09:00,3437.600415004035,3462.1898314203727,3398.2573487378945,3427.7646484375,220200,0.0,0.0
2023-12-27 00:00:00+09:00,3442.5183227018133,3472.0256226106862,3408.0931394747954,3457.27197265625,178200,0.0,0.0
2023-12-28 00:00:00+09:00,3432.68260524393,3462.18990557554,3403.1753049123204,3417.928955078125,167700,0.0,0.0
2023-12-29 00:00:00+09:00,3417.9287965270296,3447.4360954898525,3398.257263885147,3422.8466796875,126000,0.0,0.0
2024-01-04 00:00:00+09:00,3432.682420459692,3432.682420459692,3344.1605242300725,3393.33935546875,165400,0.0,0.0
2024-01-05 00:00:00+09:00,3417.9289061110862,3472.0256226106862,3388.4216062022138,3457.27197265625,257600,0.0,0.0
2024-01-09 00:00:00+09:00,3496.6150514424353,3506.4508181131596,3452.3541014241764,3472.025634765625,239400,0.0,0.0
2024-01-10 00:00:00+09:00,3457.2720461422296,3491.697230100972,3437.60051245152,3447.436279296875,172500,0.0,0.0
2024-01-11 00:00:00+09:00,3467.1076907387264,3594.972655219871,3467.1076907387264,3496.614990234375,311700,0.0,0.0
2024-01-12 00:00:00+09:00,3481.8614145840893,3486.779297938022,3373.6679807975784,3388.421630859375,361500,0.0,0.0
2024-01-15 00:00:00+09:00,3403.175147045618,3427.7645628479704,3398.257263885147,3422.8466796875,32300,0.0,0.0
2024-01-16 00:00:00+09:00,3457.271997814428,3457.271997814428,3383.503747505443,3388.421630859375,195500,0.0,0.0
2024-01-17 00:00:00+09:00,3393.3394898712027,3422.846789783126,3358.914306640625,3358.914306640625,371200,0.0,0.0
2024-01-18 00:00:00+09:00,3358.9143307357813,3393.3395142133077,3339.242797320052,3388.421630859375,188900,0.0,0.0
2024-01-19 00:00:00+09:00,3408.0931642751043,3422.8468143369014,3373.6679807975784,3388.421630859375,259200,0.0,0.0
2024-01-22 00:00:00+09:00,3398.2573487378945,3427.7646484375,3378.585815604824,3427.7646484375,198300,0.0,0.0
2024-01-23 00:00:00+09:00,3413.010973962102,3467.1076896877257,3388.4215577231816,3398.25732421875,255400,0.0,0.0
2024-01-24 00:00:00+09:00,3403.175173941742,3555.6295531212127,3398.2572907424037,3550.711669921875,398700,0.0,0.0
2024-01-25 00:00:00+09:00,3580.2189691179015,3629.3978011112795,3521.204370725848,3550.711669921875,282500,0.0,0.0
2024-01-26 00:00:00+09:00,3521.2044924618153,3570.383326155416,3486.7793088762946,3501.532958984375,249400,0.0,0.0
2024-01-29 00:00:00+09:00,3442.5183227018133,3486.7792725651225,3432.6825560655225,3457.27197265625,415200,0.0,0.0
2024-01-30 00:00:00+09:00,3452.3539786503234,3457.271861810794,3422.8466796875,3422.8466796875,222100,0.0,0.0
2024-01-31 00:00:00+09:00,3413.0110699847028,3516.28662109375,3388.4216530539775,3516.28662109375,314500,0.0,0.0
2024-02-01 00:00:00+09:00,3491.697180227433,3506.4508302847316,3452.3541134079687,3486.779296875,176500,0.0,0.0
2024-02-02 00:00:00+09:00,3486.779138355524,3511.36855399978,3457.2718395824163,3491.697021484375,163200,0.0,0.0
2024-02-05 00:00:00+09:00,3516.2864875265104,3590.0547355165772,3496.6149547291593,3550.711669921875,253500,0.0,0.0
2024-02-06 00:00:00+09:00,3511.368761377427,3580.2191292475727,3501.532994538835,3545.7939453125,173600,0.0,0.0
2024-02-07 00:00:00+09:00,3550.7118031196856,3629.397937260842,3545.7939197358633,3614.644287109375,184500,0.0,0.0
2024-02-08 00:00:00+09:00,3614.6442260742188,3614.6442260742188,3521.204443359375,3540.8759765625,219100,0.0,0.0
2024-02-09 00:00:00+09:00,3535.9580686766894,3535.9580686766894,3452.3540531446956,3511.36865234375,187100,0.0,0.0
2024-02-13 00:00:00+09:00,3535.958117440384,3575.3011841156595,3496.6150507651087,3570.38330078125,200100,0.0,0.0
2024-02-14 00:00:00+09:00,3580.2189085067057,3599.890440971028,3545.7937266941412,3575.301025390625,189500,0.0,0.0
2024-02-15 00:00:00+09:00,3599.8904633809607,3619.561995967742,3496.6149173003596,3506.45068359375,202000,0.0,0.0
2024-02-16 00:00:00+09:00,3540.8760007747933,3594.9727174532973,3535.958117440384,3570.38330078125,159700,0.0,0.0
2024-02-19 00:00:00+09:00,3575.3012068728185,3698.248291015625,3575.3012068728185,3698.248291015625,210400,0.0,0.0
2024-02-20 00:00:00+09:00,3693.3303464478035,3693.3303464478035,3619.562097184532,3624.47998046875,133000,0.0,0.0
2024-02-21 00:00:00+09:00,3624.47998046875,3653.987280174059,3604.8084473318777,3624.47998046875,146500,0.0,0.0
2024-02-22 00:00:00+09:00,3668.74088126573,3698.2481805788593,3649.0693483903106,3663.822998046875,156700,0.0,0.0
2024-02-26 00:00:00+09:00,3678.5767455565756,3698.2482789552737,3644.1515621088533,3683.49462890625,192400,0.0,0.0
2024-02-27 00:00:00+09:00,3698.248314849934,3796.6059827980703,3673.6588978628997,3727.755615234375,289400,0.0,0.0
2024-02-28 00:00:00+09:00,3772.01639517558,3885.127708199098,3752.344862475838,3816.27734375,371800,0.0,0.0
2024-02-29 00:00:00+09:00,3821.1951921358796,3894.9634390883098,3801.5236596152317,3870.3740234375,374800,0.0,0.0
2024-03-01 00:00:00+09:00,3880.209924316406,3934.306640625,3865.4562744140626,3934.306640625,176500,0.0,0.0
2024-03-04 00:00:00+09:00,3919.5530534904233,3919.5530534904233,3791.68808562248,3811.359619140625,302400,0.0,0.0
2024-03-05 00:00:00+09:00,3831.0310913085937,3840.8668579101563,3786.7701416015625,3835.948974609375,187200,0.0,0.0
2024-03-06 00:00:00+09:00,3850.7026846255894,3919.55305191136,3821.195384360259,3909.71728515625,219900,0.0,0.0
2024-03-07 00:00:00+09:00,3924.4708500892584,4003.156982421875,3909.717200276893,4003.156982421875,366000,0.0,0.0
2024-03-08 00:00:00+09:00,3973.6496350364964,4091.6788321167887,3939.224452554745,4042.5,416000,0.0,0.0
2024-03-11 00:00:00+09:00,4032.664396356834,4032.664396356834,3796.6059926676535,3840.866943359375,340500,0.0,0.0
2024-03-12 00:00:00+09:00,3737.5912479575163,3786.7700801674837,3703.1660654105394,3762.1806640625,319300,0.0,0.0
2024-03-13 00:00:00+09:00,3831.0310036077485,3850.7025363605485,3693.3302743381505,3732.67333984375,236000,0.0,0.0
2024-03-14 00:00:00+09:00,3772.0164179764397,3776.9343011811025,3713.001819520485,3747.427001953125,193600,0.0,0.0
2024-03-15 00:00:00+09:00,3752.344934429001,3826.1131834675793,3742.509167890524,3806.441650390625,262300,0.0,0.0
2024-03-18 00:00:00+09:00,3845.784802797379,3845.784802797379,3762.180785345262,3811.359619140625,314700,0.0,0.0
2024-03-19 00:00:00+09:00,3796.6059328084207,3840.866882802301,3742.509216149233,3767.0986328125,305800,0.0,0.0
2024-03-21 00:00:00+09:00,3835.948869205489,4022.8284295001154,3816.2773365428966,3998.239013671875,436400,0.0,0.0
2024-03-22 00:00:00+09:00,4032.664354764498,4116.26837187547,4008.074937967154,4091.678955078125,383100,0.0,0.0
2024-03-25 00:00:00+09:00,4081.843027487892,4086.76091065354,3988.4032473405787,3998.239013671875,237200,0.0,0.0
2024-03-26 00:00:00+09:00,3983.4855102991733,4008.0749270294154,3934.30667683869,3978.567626953125,192800,0.0,0.0
2024-03-27 00:00:00+09:00,3988.403284671533,4096.596715328467,3978.5675182481755,4042.5,341200,0.0,0.0
2024-03-28 00:00:00+09:00,4070.0,4095.0,4000.0,4025.0,203400,67.5,0.0
2024-03-29 00:00:00+09:00,4055.0,4140.0,4045.0,4125.0,119000,0.0,0.0
2024-04-01 00:00:00+09:00,4155.0,4160.0,3970.0,3990.0,259000,0.0,0.0
2024-04-02 00:00:00+09:00,4010.0,4035.0,3885.0,3920.0,242500,0.0,0.0
2024-04-03 00:00:00+09:00,3920.0,4135.0,3900.0,4045.0,414300,0.0,0.0
2024-04-04 00:00:00+09:00,4050.0,4095.0,4030.0,4050.0,158600,0.0,0.0
2024-04-05 00:00:00+09:00,4000.0,4020.0,3920.0,4005.0,176600,0.0,0.0
2024-04-08 00:00:00+09:00,4035.0,4070.0,3990.0,4020.0,177000,0.0,0.0
2024-04-09 00:00:00+09:00,4035.0,4040.0,3990.0,3995.0,146700,0.0,0.0
2024-04-10 00:00:00+09:00,3980.0,4030.0,3965.0,4010.0,144500,0.0,0.0
2024-04-11 00:00:00+09:00,4010.0,4140.0,3995.0,4130.0,255900,0.0,0.0
2024-04-12 00:00:00+09:00,4130.0,4235.0,4115.0,4235.0,255700,0.0,0.0
2024-04-15 00:00:00+09:00,4165.0,4180.0,4085.0,4165.0,149900,0.0,0.0
2024-04-16 00:00:00+09:00,4105.0,4185.0,4020.0,4055.0,197100,0.0,0.0
2024-04-17 00:00:00+09:00,4055.0,4070.0,3965.0,4005.0,221000,0.0,0.0
2024-04-18 00:00:00+09:00,4050.0,4170.0,4030.0,4160.0,180700,0.0,0.0
2024-04-19 00:00:00+09:00,4155.0,4210.0,4095.0,4140.0,321800,0.0,0.0
2024-04-22 00:00:00+09:00,4180.0,4290.0,4170.0,4265.0,303100,0.0,0.0
2024-04-23 00:00:00+09:00,4300.0,4395.0,4300.0,4340.0,312900,0.0,0.0
2024-04-24 00:00:00+09:00,4315.0,4345.0,4270.0,4315.0,245300,0.0,0.0
2024-04-25 00:00:00+09:00,4330.0,4370.0,4300.0,4330.0,168600,0.0,0.0
2024-04-26 00:00:00+09:00,4355.0,4470.0,4340.0,4425.0,348400,0.0,0.0
2024-04-30 00:00:00+09:00,4410.0,4465.0,4350.0,4465.0,244700,0.0,0.0
2024-05-01 00:00:00+09:00,4400.0,4410.0,4295.0,4345.0,256300,0.0,0.0
2024-05-02 00:00:00+09:00,4345.0,4375.0,4320.0,4370.0,132900,0.0,0.0
2024-05-07 00:00:00+09:00,4390.0,4390.0,4250.0,4295.0,209500,0.0,0.0
2024-05-08 00:00:00+09:00,4290.0,4360.0,4285.0,4340.0,209800,0.0,0.0
2024-05-09 00:00:00+09:00,4365.0,4420.0,4330.0,4420.0,184100,0.0,0.0
2024-05-10 00:00:00+09:00,4470.0,4510.0,4425.0,4500.0,248600,0.0,0.0
2024-05-13 00:00:00+09:00,4570.0,4785.0,4555.0,4690.0,475400,0.0,0.0
2024-05-14 00:00:00+09:00,4620.0,4745.0,4595.0,4715.0,323100,0.0,0.0
2024-05-15 00:00:00+09:00,4785.0,4830.0,4660.0,4755.0,246300,0.0,0.0
2024-05-16 00:00:00+09:00,4750.0,4755.0,4650.0,4680.0,216500,0.0,0.0
2024-05-17 00:00:00+09:00,4695.0,4740.0,4650.0,4730.0,124300,0.0,0.0
2024-05-20 00:00:00+09:00,4700.0,4770.0,4690.0,4720.0,164500,0.0,0.0
2024-05-21 00:00:00+09:00,4720.0,4815.0,4695.0,4745.0,198700,0.0,0.0
2024-05-22 00:00:00+09:00,4730.0,4755.0,4680.0,4695.0,161700,0.0,0.0
2024-05-23 00:00:00+09:00,4685.0,4690.0,4585.0,4620.0,271000,0.0,0.0
2024-05-24 00:00:00+09:00,4565.0,4705.0,4560.0,4690.0,167000,0.0,0.0
2024-05-27 00:00:00+09:00,4660.0,4710.0,4655.0,4660.0,167500,0.0,0.0
2024-05-28 00:00:00+09:00,4670.0,4690.0,4625.0,4625.0,172300,0.0,0.0
2024-05-29 00:00:00+09:00,4650.0,4680.0,4610.0,4615.0,231000,0.0,0.0
2024-05-30 00:00:00+09:00,4565.0,4655.0,4535.0,4620.0,220800,0.0,0.0
2024-05-31 00:00:00+09:00,4665.0,4745.0,4650.0,4685.0,548900,0.0,0.0
2024-06-03 00:00:00+09:00,4695.0,4815.0,4695.0,4785.0,210300,0.0,0.0
2024-06-04 00:00:00+09:00,4785.0,4785.0,4565.0,4580.0,433300,0.0,0.0
2024-06-05 00:00:00+09:00,4440.0,4475.0,4375.0,4445.0,315100,0.0,0.0
2024-06-06 00:00:00+09:00,4440.0,4475.0,4360.0,4370.0,277500,0.0,0.0
2024-06-07 00:00:00+09:00,4350.0,4430.0,4325.0,4355.0,221500,0.0,0.0
2024-06-10 00:00:00+09:00,4400.0,4400.0,4290.0,4310.0,293700,0.0,0.0
2024-06-11 00:00:00+09:00,4340.0,4380.0,4290.0,4295.0,198700,0.0,0.0
2024-06-12 00:00:00+09:00,4260.0,4300.0,4240.0,4275.0,200100,0.0,0.0
2024-06-13 00:00:00+09:00,4270.0,4270.0,4120.0,4155.0,219800,0.0,0.0
2024-06-14 00:00:00+09:00,4105.0,4225.0,4085.0,4205.0,377600,0.0,0.0
2024-06-17 00:00:00+09:00,4220.0,4270.0,4205.0,4235.0,217200,0.0,0.0
2024-06-18 00:00:00+09:00,4270.0,4300.0,4205.0,4240.0,242900,0.0,0.0
2024-06-19 00:00:00+09:00,4280.0,4370.0,4275.0,4335.0,139900,0.0,0.0
2024-06-20 00:00:00+09:00,4370.0,4380.0,4260.0,4270.0,207300,0.0,0.0
2024-06-21 00:00:00+09:00,4310.0,4340.0,4215.0,4230.0,216000,0.0,0.0
2024-06-24 00:00:00+09:00,4215.0,4230.0,4085.0,4210.0,396600,0.0,0.0
2024-06-25 00:00:00+09:00,4270.0,4370.0,4225.0,4315.0,324100,0.0,0.0
2024-06-26 00:00:00+09:00,4315.0,4360.0,4305.0,4345.0,246100,0.0,0.0
2024-06-27 00:00:00+09:00,4350.0,4385.0,4325.0,4370.0,193900,0.0,0.0
2024-06-28 00:00:00+09:00,4390.0,4485.0,4380.0,4475.0,318400,0.0,0.0
2024-07-01 00:00:00+09:00,4540.0,4575.0,4455.0,4550.0,351000,0.0,0.0
2024-07-02 00:00:00+09:00,4550.0,4695.0,4550.0,4615.0,374800,0.0,0.0
2024-07-03 00:00:00+09:00,4625.0,4645.0,4525.0,4540.0,260700,0.0,0.0
2024-07-04 00:00:00+09:00,4555.0,4555.0,4460.0,4525.0,180300,0.0,0.0
2024-07-05 00:00:00+09:00,4535.0,4535.0,4430.0,4430.0,154800,0.0,0.0
2024-07-08 00:00:00+09:00,4410.0,4420.0,4325.0,4385.0,229000,0.0,0.0
2024-07-09 00:00:00+09:00,4400.0,4440.0,4350.0,4420.0,242100,0.0,0.0
2024-07-10 00:00:00+09:00,4415.0,4435.0,4390.0,4435.0,178900,0.0,0.0
2024-07-11 00:00:00+09:00,4490.0,4495.0,4395.0,4410.0,141600,0.0,0.0
2024-07-12 00:00:00+09:00,4350.0,4400.0,4325.0,4385.0,237300,0.0,0.0
2024-07-16 00:00:00+09:00,4400.0,4490.0,4395.0,4485.0,164800,0.0,0.0
2024-07-17 00:00:00+09:00,4500.0,4540.0,4470.0,4500.0,179900,0.0,0.0
2024-07-18 00:00:00+09:00,4475.0,4575.0,4440.0,4555.0,225800,0.0,0.0
2024-07-19 00:00:00+09:00,4535.0,4535.0,4425.0,4470.0,132300,0.0,0.0
2024-07-22 00:00:00+09:00,4460.0,4465.0,4390.0,4420.0,181500,0.0,0.0
2024-07-23 00:00:00+09:00,4480.0,4525.0,4445.0,4525.0,132300,0.0,0.0
2024-07-24 00:00:00+09:00,4515.0,4555.0,4445.0,4445.0,183800,0.0,0.0
2024-07-25 00:00:00+09:00,4375.0,4455.0,4270.0,4280.0,275100,0.0,0.0
2024-07-26 00:00:00+09:00,4260.0,4295.0,4210.0,4240.0,196200,0.0,0.0
2024-07-29 00:00:00+09:00,4550.0,4665.0,4515.0,4610.0,631200,0.0,0.0
2024-07-30 00:00:00+09:00,4540.0,4540.0,4465.0,4470.0,319800,0.0,0.0
2024-07-31 00:00:00+09:00,4510.0,4740.0,4510.0,4740.0,572700,0.0,0.0
2024-08-01 00:00:00+09:00,4780.0,4880.0,4750.0,4810.0,436800,0.0,0.0
2024-08-02 00:00:00+09:00,4710.0,4745.0,4375.0,4375.0,507000,0.0,0.0
2024-08-05 00:00:00+09:00,3700.0,3780.0,3675.0,3675.0,343300,0.0,0.0
2024-08-06 00:00:00+09:00,3745.0,3980.0,3570.0,3645.0,1056100,0.0,0.0
2024-08-07 00:00:00+09:00,3520.0,3960.0,3520.0,3850.0,617600,0.0,0.0
2024-08-08 00:00:00+09:00,3750.0,3920.0,3750.0,3785.0,302800,0.0,0.0
2024-08-09 00:00:00+09:00,3915.0,4030.0,3845.0,3935.0,378100,0.0,0.0
2024-08-13 00:00:00+09:00,3935.0,4050.0,3920.0,4050.0,187200,0.0,0.0
2024-08-14 00:00:00+09:00,4080.0,4250.0,4080.0,4110.0,204800,0.0,0.0
2024-08-15 00:00:00+09:00,4130.0,4225.0,4125.0,4170.0,200100,0.0,0.0
2024-08-16 00:00:00+09:00,4310.0,4370.0,4275.0,4325.0,277600,0.0,0.0
2024-08-19 00:00:00+09:00,4325.0,4380.0,4260.0,4290.0,303000,0.0,0.0
2024-08-20 00:00:00+09:00,4355.0,4355.0,4250.0,4285.0,111100,0.0,0.0
2024-08-21 00:00:00+09:00,4215.0,4285.0,4205.0,4250.0,94900,0.0,0.0
2024-08-22 00:00:00+09:00,4250.0,4250.0,4115.0,4140.0,176200,0.0,0.0
2024-08-23 00:00:00+09:00,4165.0,4170.0,4095.0,4140.0,138300,0.0,0.0
2024-08-26 00:00:00+09:00,4125.0,4140.0,4010.0,4050.0,154200,0.0,0.0
2024-08-27 00:00:00+09:00,4050.0,4085.0,4020.0,4070.0,140500,0.0,0.0
2024-08-28 00:00:00+09:00,4065.0,4150.0,4030.0,4150.0,181800,0.0,0.0
2024-08-29 00:00:00+09:00,4175.0,4180.0,4110.0,4150.0,156100,0.0,0.0
2024-08-30 00:00:00+09:00,4180.0,4210.0,4150.0,4185.0,176600,0.0,0.0
