Date,Open,High,Low,Close,Volume,Dividends,Stock Splits
2001-01-04 00:00:00+09:00,0.0,0.0,0.0,0.0,2060000,0.0,0.0
2001-01-05 00:00:00+09:00,0.0,0.0,0.0,0.0,3410000,0.0,0.0
2001-01-09 00:00:00+09:00,0.0,0.0,0.0,0.0,6280000,0.0,0.0
2001-01-10 00:00:00+09:00,0.0,0.0,0.0,0.0,3600000,0.0,0.0
2001-01-11 00:00:00+09:00,0.0,0.0,0.0,0.0,10650000,0.0,0.0
2001-01-12 00:00:00+09:00,0.0,0.0,0.0,0.0,10080000,0.0,0.0
2001-01-15 00:00:00+09:00,0.0,0.0,0.0,0.0,3850000,0.0,0.0
2001-01-16 00:00:00+09:00,0.0,0.0,0.0,0.0,7440000,0.0,0.0
2001-01-17 00:00:00+09:00,0.0,0.0,0.0,0.0,2760000,0.0,0.0
2001-01-18 00:00:00+09:00,0.0,0.0,0.0,0.0,2770000,0.0,0.0
2001-01-19 00:00:00+09:00,0.0,0.0,0.0,0.0,4110000,0.0,0.0
2001-01-22 00:00:00+09:00,0.0,0.0,0.0,0.0,5720000,0.0,0.0
2001-01-23 00:00:00+09:00,0.0,0.0,0.0,0.0,2710000,0.0,0.0
2001-01-24 00:00:00+09:00,0.0,0.0,0.0,0.0,4080000,0.0,0.0
2001-01-25 00:00:00+09:00,0.0,0.0,0.0,0.0,3800000,0.0,0.0
2001-01-26 00:00:00+09:00,0.0,0.0,0.0,0.0,5710000,0.0,0.0
2001-01-29 00:00:00+09:00,0.0,0.0,0.0,0.0,5530000,0.0,0.0
2001-01-30 00:00:00+09:00,0.0,0.0,0.0,0.0,3600000,0.0,0.0
2001-01-31 00:00:00+09:00,0.0,0.0,0.0,0.0,1780000,0.0,0.0
2001-02-01 00:00:00+09:00,0.0,0.0,0.0,0.0,4010000,0.0,0.0
2001-02-02 00:00:00+09:00,0.0,0.0,0.0,0.0,5120000,0.0,0.0
2001-02-05 00:00:00+09:00,0.0,0.0,0.0,0.0,5630000,0.0,0.0
2001-02-06 00:00:00+09:00,0.0,0.0,0.0,0.0,3210000,0.0,0.0
2001-02-07 00:00:00+09:00,0.0,0.0,0.0,0.0,3360000,0.0,0.0
2001-02-08 00:00:00+09:00,0.0,0.0,0.0,0.0,2440000,0.0,0.0
2001-02-09 00:00:00+09:00,0.0,0.0,0.0,0.0,8950000,0.0,0.0
2001-02-13 00:00:00+09:00,0.0,0.0,0.0,0.0,4390000,0.0,0.0
2001-02-14 00:00:00+09:00,0.0,0.0,0.0,0.0,3990000,0.0,0.0
2001-02-15 00:00:00+09:00,0.0,0.0,0.0,0.0,8330000,0.0,0.0
2001-02-16 00:00:00+09:00,0.0,0.0,0.0,0.0,7300000,0.0,0.0
2001-02-19 00:00:00+09:00,0.0,0.0,0.0,0.0,3270000,0.0,0.0
2001-02-20 00:00:00+09:00,0.0,0.0,0.0,0.0,4230000,0.0,0.0
2001-02-21 00:00:00+09:00,0.0,0.0,0.0,0.0,11230000,0.0,0.0
2001-02-22 00:00:00+09:00,0.0,0.0,0.0,0.0,5670000,0.0,0.0
2001-02-23 00:00:00+09:00,0.0,0.0,0.0,0.0,4330000,1500.0,0.0
2001-02-26 00:00:00+09:00,0.0,0.0,0.0,0.0,2350000,0.0,0.0
2001-02-27 00:00:00+09:00,0.0,0.0,0.0,0.0,4950000,0.0,0.0
2001-02-28 00:00:00+09:00,0.0,0.0,0.0,0.0,9970000,0.0,0.0
2001-03-01 00:00:00+09:00,0.0,0.0,0.0,0.0,9200000,0.0,0.0
2001-03-02 00:00:00+09:00,0.0,0.0,0.0,0.0,4500000,0.0,0.0
2001-03-05 00:00:00+09:00,0.0,0.0,0.0,0.0,4450000,0.0,0.0
2001-03-06 00:00:00+09:00,0.0,0.0,0.0,0.0,4570000,0.0,0.0
2001-03-07 00:00:00+09:00,0.0,0.0,0.0,0.0,5290000,0.0,0.0
2001-03-08 00:00:00+09:00,0.0,0.0,0.0,0.0,8230000,0.0,0.0
2001-03-09 00:00:00+09:00,0.0,0.0,0.0,0.0,10360000,0.0,0.0
2001-03-12 00:00:00+09:00,0.0,0.0,0.0,0.0,6850000,0.0,0.0
2001-03-13 00:00:00+09:00,0.0,0.0,0.0,0.0,6650000,0.0,0.0
2001-03-15 00:00:00+09:00,0.0,0.0,0.0,0.0,9220000,0.0,0.0
2001-03-16 00:00:00+09:00,0.0,0.0,0.0,0.0,10110000,0.0,0.0
2001-03-19 00:00:00+09:00,0.0,0.0,0.0,0.0,6400000,0.0,0.0
2001-03-21 00:00:00+09:00,0.0,0.0,0.0,0.0,9300000,0.0,0.0
2001-03-22 00:00:00+09:00,0.0,0.0,0.0,0.0,9760000,0.0,0.0
2001-03-23 00:00:00+09:00,0.0,0.0,0.0,0.0,6360000,0.0,0.0
2001-03-26 00:00:00+09:00,0.0,0.0,0.0,0.0,12780000,0.0,0.0
2001-03-27 00:00:00+09:00,0.0,0.0,0.0,0.0,7870000,0.0,0.0
2001-03-28 00:00:00+09:00,0.0,0.0,0.0,0.0,4580000,0.0,0.0
2001-03-29 00:00:00+09:00,0.0,0.0,0.0,0.0,6490000,0.0,0.0
2001-03-30 00:00:00+09:00,0.0,0.0,0.0,0.0,4380000,0.0,0.0
2001-04-02 00:00:00+09:00,0.0,0.0,0.0,0.0,6420000,0.0,0.0
2001-04-03 00:00:00+09:00,0.0,0.0,0.0,0.0,11240000,0.0,0.0
2001-04-04 00:00:00+09:00,0.0,0.0,0.0,0.0,4840000,0.0,0.0
2001-04-05 00:00:00+09:00,0.0,0.0,0.0,0.0,4070000,0.0,0.0
2001-04-06 00:00:00+09:00,0.0,0.0,0.0,0.0,5130000,0.0,0.0
2001-04-09 00:00:00+09:00,0.0,0.0,0.0,0.0,5170000,0.0,0.0
2001-04-10 00:00:00+09:00,0.0,0.0,0.0,0.0,17880000,0.0,0.0
2001-04-11 00:00:00+09:00,0.0,0.0,0.0,0.0,10890000,0.0,0.0
2001-04-12 00:00:00+09:00,0.0,0.0,0.0,0.0,8430000,0.0,0.0
2001-04-13 00:00:00+09:00,0.0,0.0,0.0,0.0,5240000,0.0,0.0
2001-04-16 00:00:00+09:00,0.0,0.0,0.0,0.0,5970000,0.0,0.0
2001-04-17 00:00:00+09:00,0.0,0.0,0.0,0.0,4340000,0.0,0.0
2001-04-18 00:00:00+09:00,0.0,0.0,0.0,0.0,17040000,0.0,0.0
2001-04-19 00:00:00+09:00,0.0,0.0,0.0,0.0,17770000,0.0,0.0
2001-04-20 00:00:00+09:00,0.0,0.0,0.0,0.0,12050000,0.0,0.0
2001-04-23 00:00:00+09:00,0.0,0.0,0.0,0.0,11930000,0.0,0.0
2001-04-24 00:00:00+09:00,0.0,0.0,0.0,0.0,16940000,0.0,0.0
2001-04-25 00:00:00+09:00,0.0,0.0,0.0,0.0,9830000,0.0,0.0
2001-04-26 00:00:00+09:00,0.0,0.0,0.0,0.0,9830000,0.0,0.0
2001-04-27 00:00:00+09:00,0.0,0.0,0.0,0.0,19380000,0.0,0.0
2001-05-01 00:00:00+09:00,0.0,0.0,0.0,0.0,6510000,0.0,0.0
2001-05-02 00:00:00+09:00,0.0,0.0,0.0,0.0,4770000,0.0,0.0
2001-05-07 00:00:00+09:00,0.0,0.0,0.0,0.0,100000,0.0,0.0
2001-05-08 00:00:00+09:00,0.0,0.0,0.0,0.0,110000,0.0,0.0
2001-05-09 00:00:00+09:00,0.0,0.0,0.0,0.0,60000,0.0,0.0
2001-05-10 00:00:00+09:00,0.0,0.0,0.0,0.0,40000,0.0,0.0
2001-05-11 00:00:00+09:00,0.0,0.0,0.0,0.0,30000,0.0,0.0
2001-05-14 00:00:00+09:00,0.0,0.0,0.0,0.0,60000,0.0,0.0
2001-05-15 00:00:00+09:00,0.0,0.0,0.0,0.0,100000,0.0,0.0
2001-05-16 00:00:00+09:00,0.0,0.0,0.0,0.0,120000,0.0,0.0
2001-05-17 00:00:00+09:00,0.0,0.0,0.0,0.0,70000,0.0,0.0
2001-05-18 00:00:00+09:00,0.0,0.0,0.0,0.0,90000,0.0,0.0
2001-05-21 00:00:00+09:00,0.0,0.0,0.0,0.0,130000,0.0,0.0
2001-05-22 00:00:00+09:00,0.0,0.0,0.0,0.0,60000,0.0,0.0
2001-05-23 00:00:00+09:00,0.0,0.0,0.0,0.0,130000,0.0,0.0
2001-05-24 00:00:00+09:00,0.0,0.0,0.0,0.0,80000,0.0,0.0
2001-05-25 00:00:00+09:00,0.0,0.0,0.0,0.0,70000,0.0,0.0
2001-05-28 00:00:00+09:00,0.0,0.0,0.0,0.0,50000,0.0,0.0
2001-05-29 00:00:00+09:00,0.0,0.0,0.0,0.0,70000,0.0,0.0
2001-05-30 00:00:00+09:00,0.0,0.0,0.0,0.0,120000,0.0,0.0
2001-05-31 00:00:00+09:00,0.0,0.0,0.0,0.0,90000,0.0,0.0
2001-06-01 00:00:00+09:00,0.0,0.0,0.0,0.0,140000,0.0,0.0
2001-06-04 00:00:00+09:00,0.0,0.0,0.0,0.0,70000,0.0,0.0
2001-06-05 00:00:00+09:00,0.0,0.0,0.0,0.0,200000,0.0,0.0
2001-06-06 00:00:00+09:00,0.0,0.0,0.0,0.0,70000,0.0,0.0
2001-06-07 00:00:00+09:00,0.0,0.0,0.0,0.0,100000,0.0,0.0
2001-06-08 00:00:00+09:00,0.0,0.0,0.0,0.0,140000,0.0,0.0
2001-06-11 00:00:00+09:00,0.0,0.0,0.0,0.0,20000,0.0,0.0
2001-06-12 00:00:00+09:00,0.0,0.0,0.0,0.0,60000,0.0,0.0
2001-06-13 00:00:00+09:00,0.0,0.0,0.0,0.0,90000,0.0,0.0
2001-06-14 00:00:00+09:00,0.0,0.0,0.0,0.0,70000,0.0,0.0
2001-06-15 00:00:00+09:00,0.0,0.0,0.0,0.0,50000,0.0,0.0
2001-06-18 00:00:00+09:00,0.0,0.0,0.0,0.0,50000,0.0,0.0
2001-06-19 00:00:00+09:00,0.0,0.0,0.0,0.0,50000,0.0,0.0
2001-06-20 00:00:00+09:00,0.0,0.0,0.0,0.0,160000,0.0,0.0
2001-06-21 00:00:00+09:00,0.0,0.0,0.0,0.0,20000,0.0,0.0
2001-06-22 00:00:00+09:00,0.0,0.0,0.0,0.0,90000,0.0,0.0
2001-06-25 00:00:00+09:00,0.0,0.0,0.0,0.0,120000,0.0,0.0
2001-06-26 00:00:00+09:00,0.0,0.0,0.0,0.0,90000,0.0,0.0
2001-06-27 00:00:00+09:00,0.0,0.0,0.0,0.0,70000,0.0,0.0
2001-06-28 00:00:00+09:00,0.0,0.0,0.0,0.0,160000,0.0,0.0
2001-06-29 00:00:00+09:00,0.0,0.0,0.0,0.0,70000,0.0,0.0
2001-07-02 00:00:00+09:00,0.0,0.0,0.0,0.0,60000,0.0,0.0
2001-07-03 00:00:00+09:00,0.0,0.0,0.0,0.0,30000,0.0,0.0
2001-07-04 00:00:00+09:00,0.0,0.0,0.0,0.0,80000,0.0,0.0
2001-07-05 00:00:00+09:00,0.0,0.0,0.0,0.0,210000,0.0,0.0
2001-07-06 00:00:00+09:00,0.0,0.0,0.0,0.0,480000,0.0,0.0
2001-07-09 00:00:00+09:00,0.0,0.0,0.0,0.0,130000,0.0,0.0
2001-07-10 00:00:00+09:00,0.0,0.0,0.0,0.0,190000,0.0,0.0
2001-07-11 00:00:00+09:00,0.0,0.0,0.0,0.0,40000,0.0,0.0
2001-07-12 00:00:00+09:00,0.0,0.0,0.0,0.0,30000,0.0,0.0
2001-07-13 00:00:00+09:00,0.0,0.0,0.0,0.0,40000,0.0,0.0
2001-07-16 00:00:00+09:00,0.0,0.0,0.0,0.0,60000,0.0,0.0
2001-07-17 00:00:00+09:00,0.0,0.0,0.0,0.0,70000,0.0,0.0
2001-07-18 00:00:00+09:00,0.0,0.0,0.0,0.0,100000,0.0,0.0
2001-07-19 00:00:00+09:00,0.0,0.0,0.0,0.0,120000,0.0,0.0
2001-07-23 00:00:00+09:00,0.0,0.0,0.0,0.0,90000,0.0,0.0
2001-07-24 00:00:00+09:00,0.0,0.0,0.0,0.0,60000,0.0,0.0
2001-07-25 00:00:00+09:00,0.0,0.0,0.0,0.0,60000,0.0,0.0
2001-07-26 00:00:00+09:00,0.0,0.0,0.0,0.0,90000,0.0,0.0
2001-07-27 00:00:00+09:00,0.0,0.0,0.0,0.0,110000,0.0,0.0
2001-07-30 00:00:00+09:00,0.0,0.0,0.0,0.0,100000,0.0,0.0
2001-07-31 00:00:00+09:00,0.0,0.0,0.0,0.0,130000,0.0,0.0
2001-08-01 00:00:00+09:00,0.0,0.0,0.0,0.0,90000,0.0,0.0
2001-08-02 00:00:00+09:00,0.0,0.0,0.0,0.0,90000,0.0,0.0
2001-08-03 00:00:00+09:00,0.0,0.0,0.0,0.0,140000,0.0,0.0
2001-08-06 00:00:00+09:00,0.0,0.0,0.0,0.0,80000,0.0,0.0
2001-08-07 00:00:00+09:00,0.0,0.0,0.0,0.0,110000,0.0,0.0
2001-08-08 00:00:00+09:00,0.0,0.0,0.0,0.0,100000,0.0,0.0
2001-08-09 00:00:00+09:00,0.0,0.0,0.0,0.0,60000,0.0,0.0
2001-08-10 00:00:00+09:00,0.0,0.0,0.0,0.0,80000,0.0,0.0
2001-08-13 00:00:00+09:00,0.0,0.0,0.0,0.0,50000,0.0,0.0
2001-08-14 00:00:00+09:00,0.0,0.0,0.0,0.0,70000,0.0,0.0
2001-08-15 00:00:00+09:00,0.0,0.0,0.0,0.0,130000,0.0,0.0
2001-08-16 00:00:00+09:00,0.0,0.0,0.0,0.0,220000,0.0,0.0
2001-08-17 00:00:00+09:00,0.0,0.0,0.0,0.0,220000,0.0,0.0
2001-08-20 00:00:00+09:00,0.0,0.0,0.0,0.0,320000,0.0,0.0
2001-08-21 00:00:00+09:00,0.0,0.0,0.0,0.0,310000,0.0,0.0
2001-08-22 00:00:00+09:00,0.0,0.0,0.0,0.0,160000,0.0,0.0
2001-08-23 00:00:00+09:00,0.0,0.0,0.0,0.0,210000,0.0,0.0
2001-08-24 00:00:00+09:00,0.0,0.0,0.0,0.0,130000,0.0,0.0
2001-08-27 00:00:00+09:00,0.0,0.0,0.0,0.0,150000,0.0,0.0
2001-08-28 00:00:00+09:00,0.0,0.0,0.0,0.0,110000,1600.0,0.0
2001-08-29 00:00:00+09:00,0.0,0.0,0.0,0.0,70000,0.0,0.0
2001-08-30 00:00:00+09:00,0.0,0.0,0.0,0.0,40000,0.0,0.0
2001-08-31 00:00:00+09:00,0.0,0.0,0.0,0.0,50000,0.0,0.0
2001-09-03 00:00:00+09:00,0.0,0.0,0.0,0.0,50000,0.0,0.0
2001-09-04 00:00:00+09:00,0.0,0.0,0.0,0.0,130000,0.0,0.0
2001-09-05 00:00:00+09:00,0.0,0.0,0.0,0.0,80000,0.0,0.0
2001-09-06 00:00:00+09:00,0.0,0.0,0.0,0.0,70000,0.0,0.0
2001-09-07 00:00:00+09:00,0.0,0.0,0.0,0.0,210000,0.0,0.0
2001-09-10 00:00:00+09:00,0.0,0.0,0.0,0.0,100000,0.0,0.0
2001-09-11 00:00:00+09:00,0.0,0.0,0.0,0.0,840000,0.0,0.0
2001-09-12 00:00:00+09:00,0.0,0.0,0.0,0.0,300000,0.0,0.0
2001-09-13 00:00:00+09:00,0.0,0.0,0.0,0.0,120000,0.0,0.0
2001-09-14 00:00:00+09:00,0.0,0.0,0.0,0.0,170000,0.0,0.0
2001-09-17 00:00:00+09:00,0.0,0.0,0.0,0.0,140000,0.0,0.0
2001-09-18 00:00:00+09:00,0.0,0.0,0.0,0.0,170000,0.0,0.0
2001-09-19 00:00:00+09:00,0.0,0.0,0.0,0.0,110000,0.0,0.0
2001-09-20 00:00:00+09:00,0.0,0.0,0.0,0.0,100000,0.0,0.0
2001-09-21 00:00:00+09:00,0.0,0.0,0.0,0.0,70000,0.0,0.0
2001-09-25 00:00:00+09:00,0.0,0.0,0.0,0.0,390000,0.0,0.0
2001-09-26 00:00:00+09:00,0.0,0.0,0.0,0.0,70000,0.0,0.0
2001-09-27 00:00:00+09:00,0.0,0.0,0.0,0.0,110000,0.0,0.0
2001-10-01 00:00:00+09:00,0.0,0.0,0.0,0.0,60000,0.0,0.0
2001-10-02 00:00:00+09:00,0.0,0.0,0.0,0.0,190000,0.0,0.0
2001-10-03 00:00:00+09:00,0.0,0.0,0.0,0.0,90000,0.0,0.0
2001-10-04 00:00:00+09:00,0.0,0.0,0.0,0.0,90000,0.0,0.0
2001-10-05 00:00:00+09:00,0.0,0.0,0.0,0.0,110000,0.0,0.0
2001-10-09 00:00:00+09:00,0.0,0.0,0.0,0.0,190000,0.0,0.0
2001-10-10 00:00:00+09:00,0.0,0.0,0.0,0.0,290000,0.0,0.0
2001-10-11 00:00:00+09:00,0.0,0.0,0.0,0.0,110000,0.0,0.0
2001-10-12 00:00:00+09:00,0.0,0.0,0.0,0.0,470000,0.0,0.0
2001-10-15 00:00:00+09:00,0.0,0.0,0.0,0.0,140000,0.0,0.0
2001-10-16 00:00:00+09:00,0.0,0.0,0.0,0.0,130000,0.0,0.0
2001-10-17 00:00:00+09:00,0.0,0.0,0.0,0.0,300000,0.0,0.0
2001-10-18 00:00:00+09:00,0.0,0.0,0.0,0.0,300000,0.0,0.0
2001-10-19 00:00:00+09:00,0.0,0.0,0.0,0.0,180000,0.0,0.0
2001-10-22 00:00:00+09:00,0.0,0.0,0.0,0.0,100000,0.0,0.0
2001-10-23 00:00:00+09:00,0.0,0.0,0.0,0.0,70000,0.0,0.0
2001-10-24 00:00:00+09:00,0.0,0.0,0.0,0.0,60000,0.0,0.0
2001-10-25 00:00:00+09:00,0.0,0.0,0.0,0.0,200000,0.0,0.0
2001-10-26 00:00:00+09:00,0.0,0.0,0.0,0.0,110000,0.0,0.0
2001-10-29 00:00:00+09:00,0.0,0.0,0.0,0.0,80000,0.0,0.0
2001-10-30 00:00:00+09:00,0.0,0.0,0.0,0.0,30000,0.0,0.0
2001-10-31 00:00:00+09:00,0.0,0.0,0.0,0.0,80000,0.0,0.0
2001-11-01 00:00:00+09:00,0.0,0.0,0.0,0.0,50000,0.0,0.0
2001-11-02 00:00:00+09:00,0.0,0.0,0.0,0.0,60000,0.0,0.0
2001-11-05 00:00:00+09:00,0.0,0.0,0.0,0.0,120000,0.0,0.0
2001-11-06 00:00:00+09:00,0.0,0.0,0.0,0.0,120000,0.0,0.0
2001-11-07 00:00:00+09:00,0.0,0.0,0.0,0.0,130000,0.0,0.0
2001-11-08 00:00:00+09:00,0.0,0.0,0.0,0.0,110000,0.0,0.0
2001-11-12 00:00:00+09:00,0.0,0.0,0.0,0.0,60000,0.0,0.0
2001-11-13 00:00:00+09:00,0.0,0.0,0.0,0.0,60000,0.0,0.0
2001-11-14 00:00:00+09:00,0.0,0.0,0.0,0.0,80000,0.0,0.0
2001-11-15 00:00:00+09:00,0.0,0.0,0.0,0.0,50000,0.0,0.0
2001-11-16 00:00:00+09:00,0.0,0.0,0.0,0.0,140000,0.0,0.0
2001-11-19 00:00:00+09:00,0.0,0.0,0.0,0.0,100000,0.0,0.0
2001-11-20 00:00:00+09:00,0.0,0.0,0.0,0.0,80000,0.0,0.0
2001-11-21 00:00:00+09:00,0.0,0.0,0.0,0.0,300000,0.0,0.0
2001-11-22 00:00:00+09:00,0.0,0.0,0.0,0.0,130000,0.0,0.0
2001-11-26 00:00:00+09:00,0.0,0.0,0.0,0.0,100000,0.0,0.0
2001-11-27 00:00:00+09:00,0.0,0.0,0.0,0.0,60000,0.0,0.0
2001-11-28 00:00:00+09:00,0.0,0.0,0.0,0.0,100000,0.0,0.0
2001-11-29 00:00:00+09:00,0.0,0.0,0.0,0.0,110000,0.0,0.0
2001-11-30 00:00:00+09:00,0.0,0.0,0.0,0.0,110000,0.0,0.0
2001-12-03 00:00:00+09:00,0.0,0.0,0.0,0.0,140000,0.0,0.0
2001-12-04 00:00:00+09:00,0.0,0.0,0.0,0.0,60000,0.0,0.0
2001-12-05 00:00:00+09:00,0.0,0.0,0.0,0.0,70000,0.0,0.0
2001-12-06 00:00:00+09:00,0.0,0.0,0.0,0.0,80000,0.0,0.0
2001-12-07 00:00:00+09:00,0.0,0.0,0.0,0.0,100000,0.0,0.0
2001-12-10 00:00:00+09:00,0.0,0.0,0.0,0.0,70000,0.0,0.0
2001-12-11 00:00:00+09:00,0.0,0.0,0.0,0.0,130000,0.0,0.0
2001-12-12 00:00:00+09:00,0.0,0.0,0.0,0.0,150000,0.0,0.0
2001-12-13 00:00:00+09:00,0.0,0.0,0.0,0.0,70000,0.0,0.0
2001-12-14 00:00:00+09:00,0.0,0.0,0.0,0.0,110000,0.0,0.0
2001-12-17 00:00:00+09:00,0.0,0.0,0.0,0.0,50000,0.0,0.0
2001-12-18 00:00:00+09:00,0.0,0.0,0.0,0.0,60000,0.0,0.0
2001-12-19 00:00:00+09:00,0.0,0.0,0.0,0.0,20000,0.0,0.0
2001-12-20 00:00:00+09:00,0.0,0.0,0.0,0.0,170000,0.0,0.0
2001-12-21 00:00:00+09:00,0.0,0.0,0.0,0.0,70000,0.0,0.0
2001-12-25 00:00:00+09:00,0.0,0.0,0.0,0.0,50000,0.0,0.0
2001-12-26 00:00:00+09:00,0.0,0.0,0.0,0.0,20000,0.0,0.0
2001-12-27 00:00:00+09:00,0.0,0.0,0.0,0.0,30000,0.0,0.0
2001-12-28 00:00:00+09:00,0.0,0.0,0.0,0.0,50000,0.0,0.0
2002-01-04 00:00:00+09:00,0.0,0.0,0.0,0.0,10000,0.0,0.0
2002-01-07 00:00:00+09:00,0.0,0.0,0.0,0.0,70000,0.0,0.0
2002-01-08 00:00:00+09:00,0.0,0.0,0.0,0.0,90000,0.0,0.0
2002-01-09 00:00:00+09:00,0.0,0.0,0.0,0.0,70000,0.0,0.0
2002-01-10 00:00:00+09:00,0.0,0.0,0.0,0.0,90000,0.0,0.0
2002-01-11 00:00:00+09:00,0.0,0.0,0.0,0.0,100000,0.0,0.0
2002-01-15 00:00:00+09:00,0.0,0.0,0.0,0.0,90000,0.0,0.0
2002-01-16 00:00:00+09:00,0.0,0.0,0.0,0.0,90000,0.0,0.0
2002-01-17 00:00:00+09:00,0.0,0.0,0.0,0.0,70000,0.0,0.0
2002-01-18 00:00:00+09:00,0.0,0.0,0.0,0.0,80000,0.0,0.0
2002-01-21 00:00:00+09:00,0.0,0.0,0.0,0.0,80000,0.0,0.0
2002-01-22 00:00:00+09:00,0.0,0.0,0.0,0.0,90000,0.0,0.0
2002-01-23 00:00:00+09:00,0.0,0.0,0.0,0.0,80000,0.0,0.0
2002-01-24 00:00:00+09:00,0.0,0.0,0.0,0.0,120000,0.0,0.0
2002-01-25 00:00:00+09:00,0.0,0.0,0.0,0.0,70000,0.0,0.0
2002-01-28 00:00:00+09:00,0.0,0.0,0.0,0.0,80000,0.0,0.0
2002-01-29 00:00:00+09:00,0.0,0.0,0.0,0.0,20000,0.0,0.0
2002-01-30 00:00:00+09:00,0.0,0.0,0.0,0.0,70000,0.0,0.0
2002-02-01 00:00:00+09:00,0.0,0.0,0.0,0.0,20000,0.0,0.0
2002-02-04 00:00:00+09:00,0.0,0.0,0.0,0.0,50000,0.0,0.0
2002-02-05 00:00:00+09:00,0.0,0.0,0.0,0.0,40000,0.0,0.0
2002-02-06 00:00:00+09:00,0.0,0.0,0.0,0.0,40000,0.0,0.0
2002-02-07 00:00:00+09:00,0.0,0.0,0.0,0.0,100000,0.0,0.0
2002-02-08 00:00:00+09:00,0.0,0.0,0.0,0.0,90000,0.0,0.0
2002-02-12 00:00:00+09:00,0.0,0.0,0.0,0.0,160000,0.0,0.0
2002-02-13 00:00:00+09:00,0.0,0.0,0.0,0.0,200000,0.0,0.0
2002-02-14 00:00:00+09:00,0.0,0.0,0.0,0.0,220000,0.0,0.0
2002-02-15 00:00:00+09:00,0.0,0.0,0.0,0.0,150000,0.0,0.0
2002-02-18 00:00:00+09:00,0.0,0.0,0.0,0.0,190000,0.0,0.0
2002-02-19 00:00:00+09:00,0.0,0.0,0.0,0.0,180000,0.0,0.0
2002-02-20 00:00:00+09:00,0.0,0.0,0.0,0.0,190000,0.0,0.0
2002-02-21 00:00:00+09:00,0.0,0.0,0.0,0.0,210000,0.0,0.0
2002-02-22 00:00:00+09:00,0.0,0.0,0.0,0.0,220000,0.0,0.0
2002-02-25 00:00:00+09:00,0.0,0.0,0.0,0.0,160000,1600.0,0.0
2002-02-26 00:00:00+09:00,0.0,0.0,0.0,0.0,90000,0.0,0.0
2002-02-27 00:00:00+09:00,0.0,0.0,0.0,0.0,130000,0.0,0.0
2002-02-28 00:00:00+09:00,0.0,0.0,0.0,0.0,120000,0.0,0.0
2002-03-01 00:00:00+09:00,0.0,0.0,0.0,0.0,60000,0.0,0.0
2002-03-04 00:00:00+09:00,0.0,0.0,0.0,0.0,80000,0.0,0.0
2002-03-05 00:00:00+09:00,0.0,0.0,0.0,0.0,70000,0.0,0.0
2002-03-06 00:00:00+09:00,0.0,0.0,0.0,0.0,50000,0.0,0.0
2002-03-07 00:00:00+09:00,0.0,0.0,0.0,0.0,80000,0.0,0.0
2002-03-08 00:00:00+09:00,0.0,0.0,0.0,0.0,180000,0.0,0.0
2002-03-11 00:00:00+09:00,0.0,0.0,0.0,0.0,70000,0.0,0.0
2002-03-12 00:00:00+09:00,0.0,0.0,0.0,0.0,80000,0.0,0.0
2002-03-13 00:00:00+09:00,0.0,0.0,0.0,0.0,70000,0.0,0.0
2002-03-14 00:00:00+09:00,0.0,0.0,0.0,0.0,60000,0.0,0.0
2002-03-15 00:00:00+09:00,0.0,0.0,0.0,0.0,130000,0.0,0.0
2002-03-18 00:00:00+09:00,0.0,0.0,0.0,0.0,40000,0.0,0.0
2002-03-19 00:00:00+09:00,0.0,0.0,0.0,0.0,90000,0.0,0.0
2002-03-20 00:00:00+09:00,0.0,0.0,0.0,0.0,70000,0.0,0.0
2002-03-22 00:00:00+09:00,0.0,0.0,0.0,0.0,60000,0.0,0.0
2002-03-25 00:00:00+09:00,0.0,0.0,0.0,0.0,90000,0.0,0.0
2002-03-26 00:00:00+09:00,0.0,0.0,0.0,0.0,30000,0.0,0.0
2002-03-27 00:00:00+09:00,0.0,0.0,0.0,0.0,70000,0.0,0.0
2002-03-28 00:00:00+09:00,0.0,0.0,0.0,0.0,30000,0.0,0.0
2002-03-29 00:00:00+09:00,0.0,0.0,0.0,0.0,80000,0.0,0.0
2002-04-01 00:00:00+09:00,0.0,0.0,0.0,0.0,60000,0.0,0.0
2002-04-02 00:00:00+09:00,0.0,0.0,0.0,0.0,140000,0.0,0.0
2002-04-03 00:00:00+09:00,0.0,0.0,0.0,0.0,70000,0.0,0.0
2002-04-04 00:00:00+09:00,0.0,0.0,0.0,0.0,50000,0.0,0.0
2002-04-05 00:00:00+09:00,0.0,0.0,0.0,0.0,40000,0.0,0.0
2002-04-08 00:00:00+09:00,0.0,0.0,0.0,0.0,60000,0.0,0.0
2002-04-09 00:00:00+09:00,0.0,0.0,0.0,0.0,100000,0.0,0.0
2002-04-10 00:00:00+09:00,0.0,0.0,0.0,0.0,370000,0.0,0.0
2002-04-11 00:00:00+09:00,0.0,0.0,0.0,0.0,100000,0.0,0.0
2002-04-12 00:00:00+09:00,0.0,0.0,0.0,0.0,180000,0.0,0.0
2002-04-15 00:00:00+09:00,0.0,0.0,0.0,0.0,70000,0.0,0.0
2002-04-16 00:00:00+09:00,0.0,0.0,0.0,0.0,70000,0.0,0.0
2002-04-17 00:00:00+09:00,0.0,0.0,0.0,0.0,60000,0.0,0.0
2002-04-18 00:00:00+09:00,0.0,0.0,0.0,0.0,50000,0.0,0.0
2002-04-19 00:00:00+09:00,0.0,0.0,0.0,0.0,120000,0.0,0.0
2002-04-22 00:00:00+09:00,0.0,0.0,0.0,0.0,170000,0.0,0.0
2002-04-23 00:00:00+09:00,0.0,0.0,0.0,0.0,120000,0.0,0.0
2002-04-24 00:00:00+09:00,0.0,0.0,0.0,0.0,80000,0.0,0.0
2002-04-25 00:00:00+09:00,0.0,0.0,0.0,0.0,70000,0.0,0.0
2002-04-26 00:00:00+09:00,0.0,0.0,0.0,0.0,70000,0.0,0.0
2002-04-30 00:00:00+09:00,0.0,0.0,0.0,0.0,220000,0.0,0.0
2002-05-01 00:00:00+09:00,0.0,0.0,0.0,0.0,90000,0.0,0.0
2002-05-02 00:00:00+09:00,0.0,0.0,0.0,0.0,50000,0.0,0.0
2002-05-07 00:00:00+09:00,0.0,0.0,0.0,0.0,80000,0.0,0.0
2002-05-08 00:00:00+09:00,0.0,0.0,0.0,0.0,80000,0.0,0.0
2002-05-09 00:00:00+09:00,0.0,0.0,0.0,0.0,160000,0.0,0.0
2002-05-10 00:00:00+09:00,0.0,0.0,0.0,0.0,80000,0.0,0.0
2002-05-13 00:00:00+09:00,0.0,0.0,0.0,0.0,100000,0.0,0.0
2002-05-14 00:00:00+09:00,0.0,0.0,0.0,0.0,160000,0.0,0.0
2002-05-15 00:00:00+09:00,0.0,0.0,0.0,0.0,260000,0.0,0.0
2002-05-16 00:00:00+09:00,0.0,0.0,0.0,0.0,100000,0.0,0.0
2002-05-17 00:00:00+09:00,0.0,0.0,0.0,0.0,60000,0.0,0.0
2002-05-20 00:00:00+09:00,0.0,0.0,0.0,0.0,40000,0.0,0.0
2002-05-21 00:00:00+09:00,0.0,0.0,0.0,0.0,50000,0.0,0.0
2002-05-22 00:00:00+09:00,0.0,0.0,0.0,0.0,110000,0.0,0.0
2002-05-23 00:00:00+09:00,0.0,0.0,0.0,0.0,40000,0.0,0.0
2002-05-24 00:00:00+09:00,0.0,0.0,0.0,0.0,50000,0.0,0.0
2002-05-27 00:00:00+09:00,0.0,0.0,0.0,0.0,60000,0.0,0.0
2002-05-28 00:00:00+09:00,0.0,0.0,0.0,0.0,40000,0.0,0.0
2002-05-29 00:00:00+09:00,0.0,0.0,0.0,0.0,20000,0.0,0.0
2002-05-30 00:00:00+09:00,0.0,0.0,0.0,0.0,30000,0.0,0.0
2002-05-31 00:00:00+09:00,0.0,0.0,0.0,0.0,30000,0.0,0.0
2002-06-03 00:00:00+09:00,0.0,0.0,0.0,0.0,80000,0.0,0.0
2002-06-04 00:00:00+09:00,0.0,0.0,0.0,0.0,40000,0.0,0.0
2002-06-05 00:00:00+09:00,0.0,0.0,0.0,0.0,60000,0.0,0.0
2002-06-06 00:00:00+09:00,0.0,0.0,0.0,0.0,80000,0.0,0.0
2002-06-07 00:00:00+09:00,0.0,0.0,0.0,0.0,100000,0.0,0.0
2002-06-10 00:00:00+09:00,0.0,0.0,0.0,0.0,50000,0.0,0.0
2002-06-11 00:00:00+09:00,0.0,0.0,0.0,0.0,30000,0.0,0.0
2002-06-12 00:00:00+09:00,0.0,0.0,0.0,0.0,40000,0.0,0.0
2002-06-13 00:00:00+09:00,0.0,0.0,0.0,0.0,20000,0.0,0.0
2002-06-14 00:00:00+09:00,0.0,0.0,0.0,0.0,230000,0.0,0.0
2002-06-17 00:00:00+09:00,0.0,0.0,0.0,0.0,40000,0.0,0.0
2002-06-18 00:00:00+09:00,0.0,0.0,0.0,0.0,50000,0.0,0.0
2002-06-19 00:00:00+09:00,0.0,0.0,0.0,0.0,60000,0.0,0.0
2002-06-20 00:00:00+09:00,0.0,0.0,0.0,0.0,40000,0.0,0.0
2002-06-21 00:00:00+09:00,0.0,0.0,0.0,0.0,50000,0.0,0.0
2002-06-24 00:00:00+09:00,0.0,0.0,0.0,0.0,30000,0.0,0.0
2002-06-25 00:00:00+09:00,0.0,0.0,0.0,0.0,60000,0.0,0.0
2002-06-26 00:00:00+09:00,0.0,0.0,0.0,0.0,40000,0.0,0.0
2002-06-27 00:00:00+09:00,0.0,0.0,0.0,0.0,20000,0.0,0.0
2002-06-28 00:00:00+09:00,0.0,0.0,0.0,0.0,50000,0.0,0.0
2002-07-01 00:00:00+09:00,0.0,0.0,0.0,0.0,30000,0.0,0.0
2002-07-02 00:00:00+09:00,0.0,0.0,0.0,0.0,30000,0.0,0.0
2002-07-03 00:00:00+09:00,0.0,0.0,0.0,0.0,40000,0.0,0.0
2002-07-04 00:00:00+09:00,0.0,0.0,0.0,0.0,30000,0.0,0.0
2002-07-05 00:00:00+09:00,0.0,0.0,0.0,0.0,40000,0.0,0.0
2002-07-08 00:00:00+09:00,0.0,0.0,0.0,0.0,60000,0.0,0.0
2002-07-09 00:00:00+09:00,0.0,0.0,0.0,0.0,40000,0.0,0.0
2002-07-10 00:00:00+09:00,0.0,0.0,0.0,0.0,70000,0.0,0.0
2002-07-11 00:00:00+09:00,0.0,0.0,0.0,0.0,140000,0.0,0.0
2002-07-12 00:00:00+09:00,0.0,0.0,0.0,0.0,60000,0.0,0.0
2002-07-15 00:00:00+09:00,0.0,0.0,0.0,0.0,40000,0.0,0.0
2002-07-16 00:00:00+09:00,0.0,0.0,0.0,0.0,40000,0.0,0.0
2002-07-17 00:00:00+09:00,0.0,0.0,0.0,0.0,90000,0.0,0.0
2002-07-18 00:00:00+09:00,0.0,0.0,0.0,0.0,100000,0.0,0.0
2002-07-19 00:00:00+09:00,0.0,0.0,0.0,0.0,60000,0.0,0.0
2002-07-22 00:00:00+09:00,0.0,0.0,0.0,0.0,60000,0.0,0.0
2002-07-23 00:00:00+09:00,0.0,0.0,0.0,0.0,30000,0.0,0.0
2002-07-24 00:00:00+09:00,0.0,0.0,0.0,0.0,80000,0.0,0.0
2002-07-25 00:00:00+09:00,0.0,0.0,0.0,0.0,50000,0.0,0.0
2002-07-26 00:00:00+09:00,0.0,0.0,0.0,0.0,70000,0.0,0.0
2002-07-29 00:00:00+09:00,0.0,0.0,0.0,0.0,60000,0.0,0.0
2002-07-30 00:00:00+09:00,0.0,0.0,0.0,0.0,30000,0.0,0.0
2002-07-31 00:00:00+09:00,0.0,0.0,0.0,0.0,50000,0.0,0.0
2002-08-01 00:00:00+09:00,0.0,0.0,0.0,0.0,30000,0.0,0.0
2002-08-02 00:00:00+09:00,0.0,0.0,0.0,0.0,30000,0.0,0.0
2002-08-05 00:00:00+09:00,0.0,0.0,0.0,0.0,20000,0.0,0.0
2002-08-06 00:00:00+09:00,0.0,0.0,0.0,0.0,60000,0.0,0.0
2002-08-07 00:00:00+09:00,0.0,0.0,0.0,0.0,30000,0.0,0.0
2002-08-08 00:00:00+09:00,0.0,0.0,0.0,0.0,50000,0.0,0.0
2002-08-09 00:00:00+09:00,0.0,0.0,0.0,0.0,60000,0.0,0.0
2002-08-12 00:00:00+09:00,0.0,0.0,0.0,0.0,40000,0.0,0.0
2002-08-13 00:00:00+09:00,0.0,0.0,0.0,0.0,50000,0.0,0.0
2002-08-14 00:00:00+09:00,0.0,0.0,0.0,0.0,30000,0.0,0.0
2002-08-15 00:00:00+09:00,0.0,0.0,0.0,0.0,20000,0.0,0.0
2002-08-16 00:00:00+09:00,0.0,0.0,0.0,0.0,40000,0.0,0.0
2002-08-19 00:00:00+09:00,0.0,0.0,0.0,0.0,100000,0.0,0.0
2002-08-20 00:00:00+09:00,0.0,0.0,0.0,0.0,70000,0.0,0.0
2002-08-21 00:00:00+09:00,0.0,0.0,0.0,0.0,70000,0.0,0.0
2002-08-22 00:00:00+09:00,0.0,0.0,0.0,0.0,90000,0.0,0.0
2002-08-26 00:00:00+09:00,0.0,0.0,0.0,0.0,130000,0.0,0.0
2002-08-27 00:00:00+09:00,0.0,0.0,0.0,0.0,80000,1600.0,0.0
2002-08-28 00:00:00+09:00,0.0,0.0,0.0,0.0,60000,0.0,0.0
2002-08-29 00:00:00+09:00,0.0,0.0,0.0,0.0,100000,0.0,0.0
2002-08-30 00:00:00+09:00,0.0,0.0,0.0,0.0,60000,0.0,0.0
2002-09-02 00:00:00+09:00,0.0,0.0,0.0,0.0,70000,0.0,0.0
2002-09-03 00:00:00+09:00,0.0,0.0,0.0,0.0,60000,0.0,0.0
2002-09-04 00:00:00+09:00,0.0,0.0,0.0,0.0,190000,0.0,0.0
2002-09-05 00:00:00+09:00,0.0,0.0,0.0,0.0,150000,0.0,0.0
2002-09-06 00:00:00+09:00,0.0,0.0,0.0,0.0,70000,0.0,0.0
2002-09-09 00:00:00+09:00,0.0,0.0,0.0,0.0,50000,0.0,0.0
2002-09-10 00:00:00+09:00,0.0,0.0,0.0,0.0,30000,0.0,0.0
2002-09-11 00:00:00+09:00,0.0,0.0,0.0,0.0,100000,0.0,0.0
2002-09-12 00:00:00+09:00,0.0,0.0,0.0,0.0,40000,0.0,0.0
2002-09-13 00:00:00+09:00,0.0,0.0,0.0,0.0,320000,0.0,0.0
2002-09-17 00:00:00+09:00,0.0,0.0,0.0,0.0,160000,0.0,0.0
2002-09-18 00:00:00+09:00,0.0,0.0,0.0,0.0,120000,0.0,0.0
2002-09-19 00:00:00+09:00,0.0,0.0,0.0,0.0,170000,0.0,0.0
2002-09-20 00:00:00+09:00,0.0,0.0,0.0,0.0,90000,0.0,0.0
2002-09-24 00:00:00+09:00,0.0,0.0,0.0,0.0,80000,0.0,0.0
2002-09-25 00:00:00+09:00,0.0,0.0,0.0,0.0,90000,0.0,0.0
2002-09-26 00:00:00+09:00,0.0,0.0,0.0,0.0,60000,0.0,0.0
2002-09-27 00:00:00+09:00,0.0,0.0,0.0,0.0,60000,0.0,0.0
2002-09-30 00:00:00+09:00,0.0,0.0,0.0,0.0,40000,0.0,0.0
2002-10-01 00:00:00+09:00,0.0,0.0,0.0,0.0,50000,0.0,0.0
2002-10-02 00:00:00+09:00,0.0,0.0,0.0,0.0,30000,0.0,0.0
2002-10-03 00:00:00+09:00,0.0,0.0,0.0,0.0,90000,0.0,0.0
2002-10-04 00:00:00+09:00,0.0,0.0,0.0,0.0,70000,0.0,0.0
2002-10-07 00:00:00+09:00,0.0,0.0,0.0,0.0,80000,0.0,0.0
2002-10-08 00:00:00+09:00,0.0,0.0,0.0,0.0,80000,0.0,0.0
2002-10-09 00:00:00+09:00,0.0,0.0,0.0,0.0,70000,0.0,0.0
2002-10-10 00:00:00+09:00,0.0,0.0,0.0,0.0,100000,0.0,0.0
2002-10-11 00:00:00+09:00,0.0,0.0,0.0,0.0,130000,0.0,0.0
2002-10-15 00:00:00+09:00,0.0,0.0,0.0,0.0,80000,0.0,0.0
2002-10-16 00:00:00+09:00,0.0,0.0,0.0,0.0,60000,0.0,0.0
2002-10-17 00:00:00+09:00,0.0,0.0,0.0,0.0,60000,0.0,0.0
2002-10-18 00:00:00+09:00,0.0,0.0,0.0,0.0,60000,0.0,0.0
2002-10-21 00:00:00+09:00,0.0,0.0,0.0,0.0,50000,0.0,0.0
2002-10-22 00:00:00+09:00,0.0,0.0,0.0,0.0,70000,0.0,0.0
2002-10-23 00:00:00+09:00,0.0,0.0,0.0,0.0,60000,0.0,0.0
2002-10-24 00:00:00+09:00,0.0,0.0,0.0,0.0,80000,0.0,0.0
2002-10-25 00:00:00+09:00,0.0,0.0,0.0,0.0,60000,0.0,0.0
2002-10-28 00:00:00+09:00,0.0,0.0,0.0,0.0,30000,0.0,0.0
2002-10-29 00:00:00+09:00,0.0,0.0,0.0,0.0,20000,0.0,0.0
2002-10-30 00:00:00+09:00,0.0,0.0,0.0,0.0,130000,0.0,0.0
2002-10-31 00:00:00+09:00,0.0,0.0,0.0,0.0,20000,0.0,0.0
2002-11-01 00:00:00+09:00,0.0,0.0,0.0,0.0,20000,0.0,0.0
2002-11-05 00:00:00+09:00,0.0,0.0,0.0,0.0,150000,0.0,0.0
2002-11-06 00:00:00+09:00,0.0,0.0,0.0,0.0,110000,0.0,0.0
2002-11-07 00:00:00+09:00,0.0,0.0,0.0,0.0,80000,0.0,0.0
2002-11-08 00:00:00+09:00,0.0,0.0,0.0,0.0,60000,0.0,0.0
2002-11-11 00:00:00+09:00,0.0,0.0,0.0,0.0,60000,0.0,0.0
2002-11-12 00:00:00+09:00,0.0,0.0,0.0,0.0,20000,0.0,0.0
2002-11-13 00:00:00+09:00,0.0,0.0,0.0,0.0,40000,0.0,0.0
2002-11-14 00:00:00+09:00,0.0,0.0,0.0,0.0,50000,0.0,0.0
2002-11-15 00:00:00+09:00,0.0,0.0,0.0,0.0,40000,0.0,0.0
2002-11-18 00:00:00+09:00,0.0,0.0,0.0,0.0,40000,0.0,0.0
2002-11-19 00:00:00+09:00,0.0,0.0,0.0,0.0,50000,0.0,0.0
2002-11-20 00:00:00+09:00,0.0,0.0,0.0,0.0,50000,0.0,0.0
2002-11-21 00:00:00+09:00,0.0,0.0,0.0,0.0,40000,0.0,0.0
2002-11-22 00:00:00+09:00,0.0,0.0,0.0,0.0,30000,0.0,0.0
2002-11-25 00:00:00+09:00,0.0,0.0,0.0,0.0,100000,0.0,0.0
2002-11-26 00:00:00+09:00,0.0,0.0,0.0,0.0,20000,0.0,0.0
2002-11-27 00:00:00+09:00,0.0,0.0,0.0,0.0,50000,0.0,0.0
2002-11-28 00:00:00+09:00,0.0,0.0,0.0,0.0,40000,0.0,0.0
2002-11-29 00:00:00+09:00,0.0,0.0,0.0,0.0,40000,0.0,0.0
2002-12-03 00:00:00+09:00,0.0,0.0,0.0,0.0,20000,0.0,0.0
2002-12-04 00:00:00+09:00,0.0,0.0,0.0,0.0,100000,0.0,0.0
2002-12-05 00:00:00+09:00,0.0,0.0,0.0,0.0,20000,0.0,0.0
2002-12-06 00:00:00+09:00,0.0,0.0,0.0,0.0,90000,0.0,0.0
2002-12-09 00:00:00+09:00,0.0,0.0,0.0,0.0,50000,0.0,0.0
2002-12-10 00:00:00+09:00,0.0,0.0,0.0,0.0,30000,0.0,0.0
2002-12-11 00:00:00+09:00,0.0,0.0,0.0,0.0,10000,0.0,0.0
2002-12-12 00:00:00+09:00,0.0,0.0,0.0,0.0,20000,0.0,0.0
2002-12-13 00:00:00+09:00,0.0,0.0,0.0,0.0,100000,0.0,0.0
2002-12-16 00:00:00+09:00,0.0,0.0,0.0,0.0,90000,0.0,0.0
2002-12-17 00:00:00+09:00,0.0,0.0,0.0,0.0,50000,0.0,0.0
2002-12-18 00:00:00+09:00,0.0,0.0,0.0,0.0,60000,0.0,0.0
2002-12-19 00:00:00+09:00,0.0,0.0,0.0,0.0,20000,0.0,0.0
2002-12-20 00:00:00+09:00,0.0,0.0,0.0,0.0,50000,0.0,0.0
2002-12-24 00:00:00+09:00,0.0,0.0,0.0,0.0,30000,0.0,0.0
2002-12-25 00:00:00+09:00,0.0,0.0,0.0,0.0,30000,0.0,0.0
2002-12-26 00:00:00+09:00,0.0,0.0,0.0,0.0,10000,0.0,0.0
2002-12-27 00:00:00+09:00,0.0,0.0,0.0,0.0,20000,0.0,0.0
2002-12-30 00:00:00+09:00,0.0,0.0,0.0,0.0,7100,0.0,0.0
2003-01-06 00:00:00+09:00,0.0,0.0,0.0,0.0,10000,0.0,0.0
2003-01-07 00:00:00+09:00,0.0,0.0,0.0,0.0,20000,0.0,0.0
2003-01-08 00:00:00+09:00,0.0,0.0,0.0,0.0,10000,0.0,0.0
2003-01-09 00:00:00+09:00,0.0,0.0,0.0,0.0,30000,0.0,0.0
2003-01-10 00:00:00+09:00,0.0,0.0,0.0,0.0,40000,0.0,0.0
2003-01-14 00:00:00+09:00,0.0,0.0,0.0,0.0,20000,0.0,0.0
2003-01-15 00:00:00+09:00,0.0,0.0,0.0,0.0,150000,0.0,0.0
2003-01-16 00:00:00+09:00,0.0,0.0,0.0,0.0,60000,0.0,0.0
2003-01-17 00:00:00+09:00,0.0,0.0,0.0,0.0,40000,0.0,0.0
2003-01-20 00:00:00+09:00,0.0,0.0,0.0,0.0,70000,0.0,0.0
2003-01-21 00:00:00+09:00,0.0,0.0,0.0,0.0,30000,0.0,0.0
2003-01-22 00:00:00+09:00,0.0,0.0,0.0,0.0,50000,0.0,0.0
2003-01-23 00:00:00+09:00,0.0,0.0,0.0,0.0,60000,0.0,0.0
2003-01-24 00:00:00+09:00,0.0,0.0,0.0,0.0,110000,0.0,0.0
2003-01-27 00:00:00+09:00,0.0,0.0,0.0,0.0,40000,0.0,0.0
2003-01-28 00:00:00+09:00,0.0,0.0,0.0,0.0,50000,0.0,0.0
2003-01-29 00:00:00+09:00,0.0,0.0,0.0,0.0,80000,0.0,0.0
2003-01-30 00:00:00+09:00,0.0,0.0,0.0,0.0,50000,0.0,0.0
2003-01-31 00:00:00+09:00,0.0,0.0,0.0,0.0,30000,0.0,0.0
2003-02-03 00:00:00+09:00,0.0,0.0,0.0,0.0,20000,0.0,0.0
2003-02-04 00:00:00+09:00,0.0,0.0,0.0,0.0,50000,0.0,0.0
2003-02-05 00:00:00+09:00,0.0,0.0,0.0,0.0,50000,0.0,0.0
2003-02-06 00:00:00+09:00,0.0,0.0,0.0,0.0,70000,0.0,0.0
2003-02-07 00:00:00+09:00,0.0,0.0,0.0,0.0,50000,0.0,0.0
2003-02-10 00:00:00+09:00,0.0,0.0,0.0,0.0,50000,0.0,0.0
2003-02-12 00:00:00+09:00,0.0,0.0,0.0,0.0,60000,0.0,0.0
2003-02-13 00:00:00+09:00,0.0,0.0,0.0,0.0,140000,0.0,0.0
2003-02-14 00:00:00+09:00,0.0,0.0,0.0,0.0,130000,0.0,0.0
2003-02-17 00:00:00+09:00,0.0,0.0,0.0,0.0,90000,0.0,0.0
2003-02-18 00:00:00+09:00,0.0,0.0,0.0,0.0,100000,0.0,0.0
2003-02-19 00:00:00+09:00,0.0,0.0,0.0,0.0,110000,0.0,0.0
2003-02-20 00:00:00+09:00,0.0,0.0,0.0,0.0,110000,0.0,0.0
2003-02-21 00:00:00+09:00,0.0,0.0,0.0,0.0,90000,0.0,0.0
2003-02-24 00:00:00+09:00,0.0,0.0,0.0,0.0,190000,0.0,0.0
2003-02-25 00:00:00+09:00,0.0,0.0,0.0,0.0,130000,1600.0,0.0
2003-02-26 00:00:00+09:00,0.0,0.0,0.0,0.0,30000,0.0,0.0
2003-02-27 00:00:00+09:00,0.0,0.0,0.0,0.0,50000,0.0,0.0
2003-02-28 00:00:00+09:00,0.0,0.0,0.0,0.0,30000,0.0,0.0
2003-03-03 00:00:00+09:00,0.0,0.0,0.0,0.0,60000,0.0,0.0
2003-03-04 00:00:00+09:00,0.0,0.0,0.0,0.0,120000,0.0,0.0
2003-03-05 00:00:00+09:00,0.0,0.0,0.0,0.0,60000,0.0,0.0
2003-03-06 00:00:00+09:00,0.0,0.0,0.0,0.0,150000,0.0,0.0
2003-03-07 00:00:00+09:00,0.0,0.0,0.0,0.0,90000,0.0,0.0
2003-03-10 00:00:00+09:00,0.0,0.0,0.0,0.0,40000,0.0,0.0
2003-03-11 00:00:00+09:00,0.0,0.0,0.0,0.0,20000,0.0,0.0
2003-03-12 00:00:00+09:00,0.0,0.0,0.0,0.0,40000,0.0,0.0
2003-03-13 00:00:00+09:00,0.0,0.0,0.0,0.0,40000,0.0,0.0
2003-03-14 00:00:00+09:00,0.0,0.0,0.0,0.0,140000,0.0,0.0
2003-03-17 00:00:00+09:00,0.0,0.0,0.0,0.0,30000,0.0,0.0
2003-03-18 00:00:00+09:00,0.0,0.0,0.0,0.0,50000,0.0,0.0
2003-03-19 00:00:00+09:00,0.0,0.0,0.0,0.0,50000,0.0,0.0
2003-03-20 00:00:00+09:00,0.0,0.0,0.0,0.0,40000,0.0,0.0
2003-03-24 00:00:00+09:00,0.0,0.0,0.0,0.0,40000,0.0,0.0
2003-03-25 00:00:00+09:00,0.0,0.0,0.0,0.0,80000,0.0,0.0
2003-03-26 00:00:00+09:00,0.0,0.0,0.0,0.0,70000,0.0,0.0
2003-03-27 00:00:00+09:00,0.0,0.0,0.0,0.0,30000,0.0,0.0
2003-03-28 00:00:00+09:00,0.0,0.0,0.0,0.0,40000,0.0,0.0
2003-03-31 00:00:00+09:00,0.0,0.0,0.0,0.0,50000,0.0,0.0
2003-04-01 00:00:00+09:00,0.0,0.0,0.0,0.0,10000,0.0,0.0
2003-04-02 00:00:00+09:00,0.0,0.0,0.0,0.0,20000,0.0,0.0
2003-04-03 00:00:00+09:00,0.0,0.0,0.0,0.0,40000,0.0,0.0
2003-04-04 00:00:00+09:00,0.0,0.0,0.0,0.0,60000,0.0,0.0
2003-04-07 00:00:00+09:00,0.0,0.0,0.0,0.0,20000,0.0,0.0
2003-04-08 00:00:00+09:00,0.0,0.0,0.0,0.0,40000,0.0,0.0
2003-04-09 00:00:00+09:00,0.0,0.0,0.0,0.0,50000,0.0,0.0
2003-04-10 00:00:00+09:00,0.0,0.0,0.0,0.0,110000,0.0,0.0
2003-04-11 00:00:00+09:00,0.0,0.0,0.0,0.0,90000,0.0,0.0
2003-04-14 00:00:00+09:00,0.0,0.0,0.0,0.0,40000,0.0,0.0
2003-04-15 00:00:00+09:00,0.0,0.0,0.0,0.0,80000,0.0,0.0
2003-04-16 00:00:00+09:00,0.0,0.0,0.0,0.0,100000,0.0,0.0
2003-04-17 00:00:00+09:00,0.0,0.0,0.0,0.0,80000,0.0,0.0
2003-04-18 00:00:00+09:00,0.0,0.0,0.0,0.0,180000,0.0,0.0
2003-04-21 00:00:00+09:00,0.0,0.0,0.0,0.0,60000,0.0,0.0
2003-04-22 00:00:00+09:00,0.0,0.0,0.0,0.0,40000,0.0,0.0
2003-04-23 00:00:00+09:00,0.0,0.0,0.0,0.0,60000,0.0,0.0
2003-04-24 00:00:00+09:00,0.0,0.0,0.0,0.0,40000,0.0,0.0
2003-04-25 00:00:00+09:00,0.0,0.0,0.0,0.0,50000,0.0,0.0
2003-04-28 00:00:00+09:00,0.0,0.0,0.0,0.0,30000,0.0,0.0
2003-04-30 00:00:00+09:00,0.0,0.0,0.0,0.0,30000,0.0,0.0
2003-05-01 00:00:00+09:00,0.0,0.0,0.0,0.0,50000,0.0,0.0
2003-05-02 00:00:00+09:00,0.0,0.0,0.0,0.0,20000,0.0,0.0
2003-05-06 00:00:00+09:00,0.0,0.0,0.0,0.0,50000,0.0,0.0
2003-05-07 00:00:00+09:00,0.0,0.0,0.0,0.0,60000,0.0,0.0
2003-05-08 00:00:00+09:00,0.0,0.0,0.0,0.0,40000,0.0,0.0
2003-05-09 00:00:00+09:00,0.0,0.0,0.0,0.0,80000,0.0,0.0
2003-05-12 00:00:00+09:00,0.0,0.0,0.0,0.0,60000,0.0,0.0
2003-05-13 00:00:00+09:00,0.0,0.0,0.0,0.0,40000,0.0,0.0
2003-05-14 00:00:00+09:00,0.0,0.0,0.0,0.0,120000,0.0,0.0
2003-05-15 00:00:00+09:00,0.0,0.0,0.0,0.0,170000,0.0,0.0
2003-05-16 00:00:00+09:00,0.0,0.0,0.0,0.0,160000,0.0,0.0
2003-05-19 00:00:00+09:00,0.0,0.0,0.0,0.0,50000,0.0,0.0
2003-05-20 00:00:00+09:00,0.0,0.0,0.0,0.0,100000,0.0,0.0
2003-05-21 00:00:00+09:00,0.0,0.0,0.0,0.0,140000,0.0,0.0
2003-05-22 00:00:00+09:00,0.0,0.0,0.0,0.0,50000,0.0,0.0
2003-05-23 00:00:00+09:00,0.0,0.0,0.0,0.0,120000,0.0,0.0
2003-05-26 00:00:00+09:00,0.0,0.0,0.0,0.0,50000,0.0,0.0
2003-05-27 00:00:00+09:00,0.0,0.0,0.0,0.0,90000,0.0,0.0
2003-05-28 00:00:00+09:00,0.0,0.0,0.0,0.0,90000,0.0,0.0
2003-05-29 00:00:00+09:00,0.0,0.0,0.0,0.0,90000,0.0,0.0
2003-05-30 00:00:00+09:00,0.0,0.0,0.0,0.0,80000,0.0,0.0
2003-06-02 00:00:00+09:00,0.0,0.0,0.0,0.0,160000,0.0,0.0
2003-06-03 00:00:00+09:00,0.0,0.0,0.0,0.0,110000,0.0,0.0
2003-06-04 00:00:00+09:00,0.0,0.0,0.0,0.0,30000,0.0,0.0
2003-06-05 00:00:00+09:00,0.0,0.0,0.0,0.0,110000,0.0,0.0
2003-06-06 00:00:00+09:00,0.0,0.0,0.0,0.0,80000,0.0,0.0
2003-06-09 00:00:00+09:00,0.0,0.0,0.0,0.0,70000,0.0,0.0
2003-06-10 00:00:00+09:00,0.0,0.0,0.0,0.0,80000,0.0,0.0
2003-06-11 00:00:00+09:00,0.0,0.0,0.0,0.0,110000,0.0,0.0
2003-06-12 00:00:00+09:00,0.0,0.0,0.0,0.0,60000,0.0,0.0
2003-06-13 00:00:00+09:00,0.0,0.0,0.0,0.0,150000,0.0,0.0
2003-06-16 00:00:00+09:00,0.0,0.0,0.0,0.0,70000,0.0,0.0
2003-06-17 00:00:00+09:00,0.0,0.0,0.0,0.0,60000,0.0,0.0
2003-06-18 00:00:00+09:00,0.0,0.0,0.0,0.0,100000,0.0,0.0
2003-06-19 00:00:00+09:00,0.0,0.0,0.0,0.0,60000,0.0,0.0
2003-06-20 00:00:00+09:00,0.0,0.0,0.0,0.0,110000,0.0,0.0
2003-06-23 00:00:00+09:00,0.0,0.0,0.0,0.0,40000,0.0,0.0
2003-06-24 00:00:00+09:00,0.0,0.0,0.0,0.0,30000,0.0,0.0
2003-06-25 00:00:00+09:00,0.0,0.0,0.0,0.0,140000,0.0,0.0
2003-06-26 00:00:00+09:00,0.0,0.0,0.0,0.0,40000,0.0,0.0
2003-06-27 00:00:00+09:00,0.0,0.0,0.0,0.0,50000,0.0,0.0
2003-06-30 00:00:00+09:00,0.0,0.0,0.0,0.0,50000,0.0,0.0
2003-07-01 00:00:00+09:00,0.0,0.0,0.0,0.0,40000,0.0,0.0
2003-07-02 00:00:00+09:00,0.0,0.0,0.0,0.0,60000,0.0,0.0
2003-07-03 00:00:00+09:00,0.0,0.0,0.0,0.0,230000,0.0,0.0
2003-07-04 00:00:00+09:00,0.0,0.0,0.0,0.0,50000,0.0,0.0
2003-07-07 00:00:00+09:00,0.0,0.0,0.0,0.0,30000,0.0,0.0
2003-07-08 00:00:00+09:00,0.0,0.0,0.0,0.0,50000,0.0,0.0
2003-07-09 00:00:00+09:00,0.0,0.0,0.0,0.0,40000,0.0,0.0
2003-07-10 00:00:00+09:00,0.0,0.0,0.0,0.0,40000,0.0,0.0
2003-07-11 00:00:00+09:00,0.0,0.0,0.0,0.0,60000,0.0,0.0
2003-07-14 00:00:00+09:00,0.0,0.0,0.0,0.0,50000,0.0,0.0
2003-07-15 00:00:00+09:00,0.0,0.0,0.0,0.0,60000,0.0,0.0
2003-07-16 00:00:00+09:00,0.0,0.0,0.0,0.0,70000,0.0,0.0
2003-07-17 00:00:00+09:00,0.0,0.0,0.0,0.0,60000,0.0,0.0
2003-07-18 00:00:00+09:00,0.0,0.0,0.0,0.0,70000,0.0,0.0
2003-07-22 00:00:00+09:00,0.0,0.0,0.0,0.0,50000,0.0,0.0
2003-07-23 00:00:00+09:00,0.0,0.0,0.0,0.0,50000,0.0,0.0
2003-07-24 00:00:00+09:00,0.0,0.0,0.0,0.0,60000,0.0,0.0
2003-07-25 00:00:00+09:00,0.0,0.0,0.0,0.0,70000,0.0,0.0
2003-07-28 00:00:00+09:00,0.0,0.0,0.0,0.0,60000,0.0,0.0
2003-07-29 00:00:00+09:00,0.0,0.0,0.0,0.0,60000,0.0,0.0
2003-07-30 00:00:00+09:00,0.0,0.0,0.0,0.0,40000,0.0,0.0
2003-07-31 00:00:00+09:00,0.0,0.0,0.0,0.0,110000,0.0,0.0
2003-08-01 00:00:00+09:00,0.0,0.0,0.0,0.0,70000,0.0,0.0
2003-08-04 00:00:00+09:00,0.0,0.0,0.0,0.0,140000,0.0,0.0
2003-08-05 00:00:00+09:00,0.0,0.0,0.0,0.0,50000,0.0,0.0
2003-08-06 00:00:00+09:00,0.0,0.0,0.0,0.0,90000,0.0,0.0
2003-08-07 00:00:00+09:00,0.0,0.0,0.0,0.0,70000,0.0,0.0
2003-08-08 00:00:00+09:00,0.0,0.0,0.0,0.0,70000,0.0,0.0
2003-08-11 00:00:00+09:00,0.0,0.0,0.0,0.0,60000,0.0,0.0
2003-08-12 00:00:00+09:00,0.0,0.0,0.0,0.0,70000,0.0,0.0
2003-08-13 00:00:00+09:00,0.0,0.0,0.0,0.0,80000,0.0,0.0
2003-08-14 00:00:00+09:00,0.0,0.0,0.0,0.0,40000,0.0,0.0
2003-08-15 00:00:00+09:00,0.0,0.0,0.0,0.0,120000,0.0,0.0
2003-08-18 00:00:00+09:00,0.0,0.0,0.0,0.0,150000,0.0,0.0
2003-08-19 00:00:00+09:00,0.0,0.0,0.0,0.0,70000,0.0,0.0
2003-08-20 00:00:00+09:00,0.0,0.0,0.0,0.0,200000,0.0,0.0
2003-08-21 00:00:00+09:00,0.0,0.0,0.0,0.0,70000,0.0,0.0
2003-08-22 00:00:00+09:00,0.0,0.0,0.0,0.0,60000,0.0,0.0
2003-08-25 00:00:00+09:00,0.0,0.0,0.0,0.0,180000,0.0,0.0
2003-08-26 00:00:00+09:00,0.0,0.0,0.0,0.0,70000,1600.0,0.0
2003-08-27 00:00:00+09:00,0.0,0.0,0.0,0.0,60000,0.0,0.0
2003-08-28 00:00:00+09:00,0.0,0.0,0.0,0.0,60000,0.0,0.0
2003-08-29 00:00:00+09:00,0.0,0.0,0.0,0.0,50000,0.0,0.0
2003-09-01 00:00:00+09:00,0.0,0.0,0.0,0.0,30000,0.0,0.0
2003-09-02 00:00:00+09:00,0.0,0.0,0.0,0.0,80000,0.0,0.0
2003-09-03 00:00:00+09:00,0.0,0.0,0.0,0.0,100000,0.0,0.0
2003-09-04 00:00:00+09:00,0.0,0.0,0.0,0.0,120000,0.0,0.0
2003-09-05 00:00:00+09:00,0.0,0.0,0.0,0.0,70000,0.0,0.0
2003-09-08 00:00:00+09:00,0.0,0.0,0.0,0.0,100000,0.0,0.0
2003-09-09 00:00:00+09:00,0.0,0.0,0.0,0.0,60000,0.0,0.0
2003-09-10 00:00:00+09:00,0.0,0.0,0.0,0.0,170000,0.0,0.0
2003-09-11 00:00:00+09:00,0.0,0.0,0.0,0.0,250000,0.0,0.0
2003-09-12 00:00:00+09:00,0.0,0.0,0.0,0.0,190000,0.0,0.0
2003-09-16 00:00:00+09:00,0.0,0.0,0.0,0.0,100000,0.0,0.0
2003-09-17 00:00:00+09:00,0.0,0.0,0.0,0.0,80000,0.0,0.0
2003-09-18 00:00:00+09:00,0.0,0.0,0.0,0.0,90000,0.0,0.0
2003-09-19 00:00:00+09:00,0.0,0.0,0.0,0.0,150000,0.0,0.0
2003-09-22 00:00:00+09:00,0.0,0.0,0.0,0.0,110000,0.0,0.0
2003-09-24 00:00:00+09:00,0.0,0.0,0.0,0.0,340000,0.0,0.0
2003-09-25 00:00:00+09:00,0.0,0.0,0.0,0.0,170000,0.0,0.0
2003-09-26 00:00:00+09:00,0.0,0.0,0.0,0.0,60000,0.0,0.0
2003-09-29 00:00:00+09:00,0.0,0.0,0.0,0.0,60000,0.0,0.0
2003-09-30 00:00:00+09:00,0.0,0.0,0.0,0.0,60000,0.0,0.0
2003-10-01 00:00:00+09:00,0.0,0.0,0.0,0.0,110000,0.0,0.0
2003-10-02 00:00:00+09:00,0.0,0.0,0.0,0.0,140000,0.0,0.0
2003-10-03 00:00:00+09:00,0.0,0.0,0.0,0.0,70000,0.0,0.0
2003-10-06 00:00:00+09:00,0.0,0.0,0.0,0.0,130000,0.0,0.0
2003-10-07 00:00:00+09:00,0.0,0.0,0.0,0.0,100000,0.0,0.0
2003-10-08 00:00:00+09:00,0.0,0.0,0.0,0.0,70000,0.0,0.0
2003-10-09 00:00:00+09:00,0.0,0.0,0.0,0.0,40000,0.0,0.0
2003-10-10 00:00:00+09:00,0.0,0.0,0.0,0.0,110000,0.0,0.0
2003-10-14 00:00:00+09:00,0.0,0.0,0.0,0.0,180000,0.0,0.0
2003-10-15 00:00:00+09:00,0.0,0.0,0.0,0.0,200000,0.0,0.0
2003-10-16 00:00:00+09:00,0.0,0.0,0.0,0.0,130000,0.0,0.0
2003-10-17 00:00:00+09:00,0.0,0.0,0.0,0.0,40000,0.0,0.0
2003-10-20 00:00:00+09:00,0.0,0.0,0.0,0.0,40000,0.0,0.0
2003-10-21 00:00:00+09:00,0.0,0.0,0.0,0.0,60000,0.0,0.0
2003-10-22 00:00:00+09:00,0.0,0.0,0.0,0.0,100000,0.0,0.0
2003-10-23 00:00:00+09:00,0.0,0.0,0.0,0.0,160000,0.0,0.0
2003-10-24 00:00:00+09:00,0.0,0.0,0.0,0.0,120000,0.0,0.0
2003-10-27 00:00:00+09:00,0.0,0.0,0.0,0.0,70000,0.0,0.0
2003-10-28 00:00:00+09:00,0.0,0.0,0.0,0.0,70000,0.0,0.0
2003-10-29 00:00:00+09:00,0.0,0.0,0.0,0.0,50000,0.0,0.0
2003-10-30 00:00:00+09:00,0.0,0.0,0.0,0.0,70000,0.0,0.0
2003-10-31 00:00:00+09:00,0.0,0.0,0.0,0.0,30000,0.0,0.0
2003-11-04 00:00:00+09:00,0.0,0.0,0.0,0.0,60000,0.0,0.0
2003-11-05 00:00:00+09:00,0.0,0.0,0.0,0.0,30000,0.0,0.0
2003-11-06 00:00:00+09:00,0.0,0.0,0.0,0.0,30000,0.0,0.0
2003-11-07 00:00:00+09:00,0.0,0.0,0.0,0.0,60000,0.0,0.0
2003-11-10 00:00:00+09:00,0.0,0.0,0.0,0.0,20000,0.0,0.0
2003-11-11 00:00:00+09:00,0.0,0.0,0.0,0.0,60000,0.0,0.0
2003-11-12 00:00:00+09:00,0.0,0.0,0.0,0.0,40000,0.0,0.0
2003-11-13 00:00:00+09:00,0.0,0.0,0.0,0.0,20000,0.0,0.0
2003-11-14 00:00:00+09:00,0.0,0.0,0.0,0.0,20000,0.0,0.0
2003-11-17 00:00:00+09:00,0.0,0.0,0.0,0.0,40000,0.0,0.0
2003-11-18 00:00:00+09:00,0.0,0.0,0.0,0.0,50000,0.0,0.0
2003-11-19 00:00:00+09:00,0.0,0.0,0.0,0.0,40000,0.0,0.0
2003-11-20 00:00:00+09:00,0.0,0.0,0.0,0.0,40000,0.0,0.0
2003-11-21 00:00:00+09:00,0.0,0.0,0.0,0.0,70000,0.0,0.0
2003-11-25 00:00:00+09:00,0.0,0.0,0.0,0.0,70000,0.0,0.0
2003-11-26 00:00:00+09:00,0.0,0.0,0.0,0.0,60000,0.0,0.0
2003-11-27 00:00:00+09:00,0.0,0.0,0.0,0.0,40000,0.0,0.0
2003-11-28 00:00:00+09:00,0.0,0.0,0.0,0.0,40000,0.0,0.0
2003-12-01 00:00:00+09:00,0.0,0.0,0.0,0.0,20000,0.0,0.0
2003-12-02 00:00:00+09:00,0.0,0.0,0.0,0.0,20000,0.0,0.0
2003-12-03 00:00:00+09:00,0.0,0.0,0.0,0.0,50000,0.0,0.0
2003-12-04 00:00:00+09:00,0.0,0.0,0.0,0.0,30000,0.0,0.0
2003-12-05 00:00:00+09:00,0.0,0.0,0.0,0.0,90000,0.0,0.0
2003-12-08 00:00:00+09:00,0.0,0.0,0.0,0.0,80000,0.0,0.0
2003-12-09 00:00:00+09:00,0.0,0.0,0.0,0.0,80000,0.0,0.0
2003-12-10 00:00:00+09:00,0.0,0.0,0.0,0.0,50000,0.0,0.0
2003-12-11 00:00:00+09:00,0.0,0.0,0.0,0.0,40000,0.0,0.0
2003-12-12 00:00:00+09:00,0.0,0.0,0.0,0.0,150000,0.0,0.0
2003-12-15 00:00:00+09:00,0.0,0.0,0.0,0.0,80000,0.0,0.0
2003-12-16 00:00:00+09:00,0.0,0.0,0.0,0.0,20000,0.0,0.0
2003-12-17 00:00:00+09:00,0.0,0.0,0.0,0.0,40000,0.0,0.0
2003-12-18 00:00:00+09:00,0.0,0.0,0.0,0.0,20000,0.0,0.0
2003-12-19 00:00:00+09:00,0.0,0.0,0.0,0.0,30000,0.0,0.0
2003-12-22 00:00:00+09:00,0.0,0.0,0.0,0.0,40000,0.0,0.0
2003-12-24 00:00:00+09:00,0.0,0.0,0.0,0.0,1560000,0.0,0.0
2003-12-25 00:00:00+09:00,0.0,0.0,0.0,0.0,2130000,0.0,0.0
2003-12-26 00:00:00+09:00,0.0,0.0,0.0,0.0,820000,0.0,0.0
2003-12-29 00:00:00+09:00,0.0,0.0,0.0,0.0,410000,0.0,0.0
2003-12-30 00:00:00+09:00,0.0,0.0,0.0,0.0,210000,0.0,0.0
2004-01-05 00:00:00+09:00,0.0,0.0,0.0,0.0,1360000,0.0,0.0
2004-01-06 00:00:00+09:00,0.0,0.0,0.0,0.0,1420000,0.0,0.0
2004-01-07 00:00:00+09:00,0.0,0.0,0.0,0.0,1760000,0.0,0.0
2004-01-08 00:00:00+09:00,0.0,0.0,0.0,0.0,620000,0.0,0.0
2004-01-09 00:00:00+09:00,0.0,0.0,0.0,0.0,430000,0.0,0.0
2004-01-13 00:00:00+09:00,0.0,0.0,0.0,0.0,290000,0.0,0.0
2004-01-14 00:00:00+09:00,0.0,0.0,0.0,0.0,320000,0.0,0.0
2004-01-15 00:00:00+09:00,0.0,0.0,0.0,0.0,190000,0.0,0.0
2004-01-16 00:00:00+09:00,0.0,0.0,0.0,0.0,760000,0.0,0.0
2004-01-19 00:00:00+09:00,0.0,0.0,0.0,0.0,220000,0.0,0.0
2004-01-20 00:00:00+09:00,0.0,0.0,0.0,0.0,190000,0.0,0.0
2004-01-21 00:00:00+09:00,0.0,0.0,0.0,0.0,140000,0.0,0.0
2004-01-22 00:00:00+09:00,0.0,0.0,0.0,0.0,140000,0.0,0.0
2004-01-23 00:00:00+09:00,0.0,0.0,0.0,0.0,230000,0.0,0.0
2004-01-26 00:00:00+09:00,0.0,0.0,0.0,0.0,210000,0.0,0.0
2004-01-27 00:00:00+09:00,0.0,0.0,0.0,0.0,160000,0.0,0.0
2004-01-28 00:00:00+09:00,0.0,0.0,0.0,0.0,280000,0.0,0.0
2004-01-29 00:00:00+09:00,0.0,0.0,0.0,0.0,220000,0.0,0.0
2004-01-30 00:00:00+09:00,0.0,0.0,0.0,0.0,250000,0.0,0.0
2004-02-02 00:00:00+09:00,0.0,0.0,0.0,0.0,180000,0.0,0.0
2004-02-03 00:00:00+09:00,0.0,0.0,0.0,0.0,150000,0.0,0.0
2004-02-04 00:00:00+09:00,0.0,0.0,0.0,0.0,270000,0.0,0.0
2004-02-05 00:00:00+09:00,0.0,0.0,0.0,0.0,240000,0.0,0.0
2004-02-06 00:00:00+09:00,0.0,0.0,0.0,0.0,130000,0.0,0.0
2004-02-09 00:00:00+09:00,0.0,0.0,0.0,0.0,360000,0.0,0.0
2004-02-10 00:00:00+09:00,0.0,0.0,0.0,0.0,630000,0.0,0.0
2004-02-12 00:00:00+09:00,0.0,0.0,0.0,0.0,380000,0.0,0.0
2004-02-13 00:00:00+09:00,0.0,0.0,0.0,0.0,340000,0.0,0.0
2004-02-16 00:00:00+09:00,0.0,0.0,0.0,0.0,270000,0.0,0.0
2004-02-17 00:00:00+09:00,0.0,0.0,0.0,0.0,210000,0.0,0.0
2004-02-18 00:00:00+09:00,0.0,0.0,0.0,0.0,210000,0.0,0.0
2004-02-19 00:00:00+09:00,0.0,0.0,0.0,0.0,120000,0.0,0.0
2004-02-20 00:00:00+09:00,0.0,0.0,0.0,0.0,490000,0.0,0.0
2004-02-23 00:00:00+09:00,0.0,0.0,0.0,0.0,470000,0.0,0.0
2004-02-24 00:00:00+09:00,1.1070967176926629e-15,1.1561453064511987e-15,1.1000897764414435e-15,1.1491383651999793e-15,580000,1600.0,0.0
2004-02-25 00:00:00+09:00,1.1281176864522532e-15,1.1351246286041305e-15,1.1211107443003759e-15,1.1351246286041305e-15,250000,0.0,0.0
2004-02-26 00:00:00+09:00,1.135124618978756e-15,1.1561454452561405e-15,1.1281176768862945e-15,1.1561454452561405e-15,410000,0.0,0.0
2004-02-27 00:00:00+09:00,1.1561454452561405e-15,1.1561454452561405e-15,1.1421315610712175e-15,1.1561454452561405e-15,240000,0.0,0.0
2004-03-01 00:00:00+09:00,1.1561455086568102e-15,1.170159393610226e-15,1.1491385661801022e-15,1.170159393610226e-15,390000,0.0,0.0
2004-03-02 00:00:00+09:00,1.1561453064511987e-15,1.1701591889536374e-15,1.1491383651999793e-15,1.1491383651999793e-15,350000,0.0,0.0
2004-03-03 00:00:00+09:00,1.1491385129078853e-15,1.1561454550597626e-15,1.1351246286041305e-15,1.1351246286041305e-15,190000,0.0,0.0
2004-03-04 00:00:00+09:00,1.1351245307158889e-15,1.1351245307158889e-15,1.1070967645253731e-15,1.1141037060730021e-15,360000,0.0,0.0
2004-03-05 00:00:00+09:00,1.121110567875275e-15,1.1491383320721568e-15,1.1141036268260545e-15,1.1421313910229365e-15,400000,0.0,0.0
2004-03-08 00:00:00+09:00,1.156145395430673e-15,1.2122009297545843e-15,1.149138453640184e-15,1.1911801043831176e-15,670000,0.0,0.0
2004-03-09 00:00:00+09:00,1.1911800388389014e-15,1.1911800388389014e-15,1.1701592146240973e-15,1.177166156029032e-15,320000,0.0,0.0
2004-03-10 00:00:00+09:00,1.1771661806520827e-15,1.2122008884095853e-15,1.1771661806520827e-15,1.2051939468580848e-15,430000,0.0,0.0
2004-03-11 00:00:00+09:00,1.2051939468580848e-15,1.2122008884095853e-15,1.1911800637550838e-15,1.2051939468580848e-15,350000,0.0,0.0
2004-03-12 00:00:00+09:00,1.1981872903183972e-15,1.2122011767548696e-15,1.1981872903183972e-15,1.1981872903183972e-15,300000,0.0,0.0
2004-03-15 00:00:00+09:00,1.2122009210351276e-15,1.23322174625539e-15,1.2122009210351276e-15,1.2122009210351276e-15,410000,0.0,0.0
2004-03-16 00:00:00+09:00,1.2332220717945779e-15,1.2682567897432875e-15,1.2262151282048361e-15,1.2612498461535455e-15,560000,0.0,0.0
2004-03-17 00:00:00+09:00,1.2892778856200785e-15,1.2962848306506224e-15,1.2402292704062712e-15,1.2472362154368152e-15,540000,0.0,0.0
2004-03-18 00:00:00+09:00,1.2542425956140582e-15,1.2542425956140582e-15,1.2332217699892415e-15,1.2402287118641804e-15,170000,0.0,0.0
2004-03-19 00:00:00+09:00,1.254242095139656e-15,1.296283729613611e-15,1.254242095139656e-15,1.268255973297641e-15,1510000,0.0,0.0
2004-03-22 00:00:00+09:00,1.2542425956140582e-15,1.261249537488997e-15,1.2402287118641804e-15,1.2402287118641804e-15,460000,0.0,0.0
2004-03-23 00:00:00+09:00,1.2332217376871376e-15,1.2402286793785418e-15,1.2192078543043291e-15,1.2332217376871376e-15,210000,0.0,0.0
2004-03-24 00:00:00+09:00,1.2402285663543305e-15,1.2542424484600291e-15,1.2332216253014812e-15,1.2542424484600291e-15,140000,0.0,0.0
2004-03-25 00:00:00+09:00,1.2542424484600291e-15,1.2542424484600291e-15,1.2332216253014812e-15,1.2542424484600291e-15,260000,0.0,0.0
2004-03-26 00:00:00+09:00,1.296283800576882e-15,1.30329074003946e-15,1.2542421638014156e-15,1.2822699216517267e-15,1070000,0.0,0.0
2004-03-29 00:00:00+09:00,1.2612490342186486e-15,1.2752629123766336e-15,1.2472351560606635e-15,1.268255973297641e-15,360000,0.0,0.0
2004-03-30 00:00:00+09:00,1.2682560427265713e-15,1.2822699216517267e-15,1.2612491032639935e-15,1.2822699216517267e-15,230000,0.0,0.0
2004-03-31 00:00:00+09:00,1.2822699216517267e-15,1.2822699216517267e-15,1.2612491032639935e-15,1.2822699216517267e-15,130000,0.0,0.0
2004-04-01 00:00:00+09:00,1.2892776823593634e-15,1.2892776823593634e-15,1.268256850581765e-15,1.2752637945076311e-15,200000,0.0,0.0
2004-04-02 00:00:00+09:00,1.2822699216517267e-15,1.2892768611143044e-15,1.275262982189149e-15,1.2822699216517267e-15,450000,0.0,0.0
2004-04-05 00:00:00+09:00,1.2752637333330295e-15,1.2752637333330295e-15,1.2612498461535455e-15,1.2612498461535455e-15,360000,0.0,0.0
2004-04-06 00:00:00+09:00,1.2612501054979029e-15,1.2612501054979029e-15,1.2332223253757273e-15,1.2472362154368152e-15,360000,0.0,0.0
2004-04-07 00:00:00+09:00,1.2402285394324733e-15,1.2472354803332217e-15,1.2122007758294795e-15,1.2262146576309764e-15,570000,0.0,0.0
2004-04-08 00:00:00+09:00,1.2262148281143025e-15,1.2472356537391192e-15,1.2192078862393637e-15,1.2402287118641804e-15,370000,0.0,0.0
2004-04-09 00:00:00+09:00,1.2262147715125861e-15,1.2332217130640867e-15,1.1911800637550838e-15,1.2051939468580848e-15,580000,0.0,0.0
2004-04-12 00:00:00+09:00,1.1981870375549526e-15,1.219207862775215e-15,1.1911800958148653e-15,1.2122009210351276e-15,640000,0.0,0.0
2004-04-13 00:00:00+09:00,1.2262148281143025e-15,1.261249537488997e-15,1.2192078862393637e-15,1.2402287118641804e-15,850000,0.0,0.0
2004-04-14 00:00:00+09:00,1.2051939468580848e-15,1.2262147715125861e-15,1.1841731222035832e-15,1.2051939468580848e-15,2000000,0.0,0.0
2004-04-15 00:00:00+09:00,1.23322174625539e-15,1.2542425714756523e-15,1.20519397929504e-15,1.2122009210351276e-15,1180000,0.0,0.0
2004-04-16 00:00:00+09:00,1.2332221309524345e-15,1.2752637945076311e-15,1.20519435524897e-15,1.2752637945076311e-15,2440000,0.0,0.0
2004-04-19 00:00:00+09:00,1.2612498461535455e-15,1.2682567897432875e-15,1.2402290153843198e-15,1.2612498461535455e-15,560000,0.0,0.0
2004-04-20 00:00:00+09:00,1.2682567897432875e-15,1.2752637333330295e-15,1.2542429025638038e-15,1.2612498461535455e-15,390000,0.0,0.0
2004-04-21 00:00:00+09:00,1.2542425627613502e-15,1.2612495044527542e-15,1.2192078543043291e-15,1.2332217376871376e-15,900000,0.0,0.0
2004-04-22 00:00:00+09:00,1.2402286793785418e-15,1.247235621069946e-15,1.2262147959957334e-15,1.2332217376871376e-15,350000,0.0,0.0
2004-04-23 00:00:00+09:00,1.2402292704062712e-15,1.254243160467359e-15,1.2332223253757273e-15,1.2472362154368152e-15,470000,0.0,0.0
2004-04-26 00:00:00+09:00,1.2542425627613502e-15,1.2612495044527542e-15,1.2332217376871376e-15,1.2332217376871376e-15,540000,0.0,0.0
2004-04-27 00:00:00+09:00,1.2402286793785418e-15,1.2402286793785418e-15,1.2262147959957334e-15,1.2332217376871376e-15,290000,0.0,0.0
2004-04-28 00:00:00+09:00,1.240228828696311e-15,1.240228828696311e-15,1.2192080010912888e-15,1.2192080010912888e-15,320000,0.0,0.0
2004-04-29 00:00:00+09:00,1.2192080010912888e-15,1.2192080010912888e-15,1.2192080010912888e-15,1.2192080010912888e-15,0,0.0,0.0
2004-04-30 00:00:00+09:00,1.2122007758294795e-15,1.2332215985317248e-15,1.2122007758294795e-15,1.2262146576309764e-15,260000,0.0,0.0
2004-05-03 00:00:00+09:00,1.2262146576309764e-15,1.2262146576309764e-15,1.2262146576309764e-15,1.2262146576309764e-15,0,0.0,0.0
2004-05-04 00:00:00+09:00,1.2262146576309764e-15,1.2262146576309764e-15,1.2262146576309764e-15,1.2262146576309764e-15,0,0.0,0.0
2004-05-05 00:00:00+09:00,1.2262146576309764e-15,1.2262146576309764e-15,1.2262146576309764e-15,1.2262146576309764e-15,0,0.0,0.0
2004-05-06 00:00:00+09:00,1.2332218861613036e-15,1.240228828696311e-15,1.2192080010912888e-15,1.2192080010912888e-15,270000,0.0,0.0
2004-05-07 00:00:00+09:00,1.2122011767548696e-15,1.219208119973106e-15,1.1981872903183972e-15,1.1981872903183972e-15,310000,0.0,0.0
2004-05-10 00:00:00+09:00,1.205194050122904e-15,1.2122009922747815e-15,1.1351246286041305e-15,1.1351246286041305e-15,710000,0.0,0.0
2004-05-11 00:00:00+09:00,1.1211107657187308e-15,1.1771663040046674e-15,1.1211107657187308e-15,1.1631524194331833e-15,380000,0.0,0.0
2004-05-12 00:00:00+09:00,1.1701592146240973e-15,1.1841730974339667e-15,1.1631522732191626e-15,1.177166156029032e-15,240000,0.0,0.0
2004-05-13 00:00:00+09:00,1.1841732136259862e-15,1.1841732136259862e-15,1.1561454452561405e-15,1.1561454452561405e-15,150000,0.0,0.0
2004-05-14 00:00:00+09:00,1.1701591552198183e-15,1.1841730373182592e-15,1.135124449973716e-15,1.1421313910229365e-15,410000,0.0,0.0
2004-05-17 00:00:00+09:00,1.1491383387301997e-15,1.2332216318080192e-15,1.10709669219129e-15,1.1211105743709265e-15,550000,0.0,0.0
2004-05-18 00:00:00+09:00,1.1070966857768341e-15,1.1561452731213774e-15,1.1070966857768341e-15,1.1421313910229365e-15,290000,0.0,0.0
2004-05-19 00:00:00+09:00,1.156145395430673e-15,1.1911801043831176e-15,1.149138453640184e-15,1.1911801043831176e-15,200000,0.0,0.0
2004-05-20 00:00:00+09:00,1.1841731625926285e-15,1.1981870461736065e-15,1.1701592790116508e-15,1.1911801043831176e-15,260000,0.0,0.0
2004-05-21 00:00:00+09:00,1.205193834928731e-15,1.2262146576309764e-15,1.1981868940279826e-15,1.2262146576309764e-15,240000,0.0,0.0
2004-05-24 00:00:00+09:00,1.2192080010912888e-15,1.2192080010912888e-15,1.205194116021274e-15,1.2192080010912888e-15,140000,0.0,0.0
2004-05-25 00:00:00+09:00,1.2192078299610858e-15,1.2192078299610858e-15,1.1981870053065843e-15,1.2051939468580848e-15,110000,0.0,0.0
2004-05-26 00:00:00+09:00,1.20519397929504e-15,1.219207862775215e-15,1.20519397929504e-15,1.2122009210351276e-15,200000,0.0,0.0
2004-05-27 00:00:00+09:00,1.2122008884095853e-15,1.2192078299610858e-15,1.1981870053065843e-15,1.2051939468580848e-15,120000,0.0,0.0
2004-05-28 00:00:00+09:00,1.2122007758294795e-15,1.2262146576309764e-15,1.205193834928731e-15,1.2262146576309764e-15,100000,0.0,0.0
2004-05-31 00:00:00+09:00,1.2262149436262961e-15,1.2332218861613036e-15,1.2192080010912888e-15,1.2192080010912888e-15,130000,0.0,0.0
2004-06-01 00:00:00+09:00,1.2262146576309764e-15,1.2402285394324733e-15,1.219207716730228e-15,1.2262146576309764e-15,140000,0.0,0.0
2004-06-02 00:00:00+09:00,1.2332217376871376e-15,1.2402286793785418e-15,1.2192078543043291e-15,1.2332217376871376e-15,180000,0.0,0.0
2004-06-03 00:00:00+09:00,1.2402286879954773e-15,1.2402286879954773e-15,1.2122009210351276e-15,1.2122009210351276e-15,130000,0.0,0.0
2004-06-04 00:00:00+09:00,1.2122008884095853e-15,1.2192078299610858e-15,1.1981870053065843e-15,1.2051939468580848e-15,110000,0.0,0.0
2004-06-07 00:00:00+09:00,1.2122010585562815e-15,1.2192080010912888e-15,1.205194116021274e-15,1.2192080010912888e-15,80000,0.0,0.0
2004-06-08 00:00:00+09:00,1.2262149436262961e-15,1.2262149436262961e-15,1.2122010585562815e-15,1.2192080010912888e-15,70000,0.0,0.0
2004-06-09 00:00:00+09:00,1.2192078543043291e-15,1.2332217376871376e-15,1.212200912612925e-15,1.2332217376871376e-15,210000,0.0,0.0
2004-06-10 00:00:00+09:00,1.2402292704062712e-15,1.2472362154368152e-15,1.2262153803451833e-15,1.2472362154368152e-15,340000,0.0,0.0
2004-06-11 00:00:00+09:00,1.2402286793785418e-15,1.247235621069946e-15,1.2332217376871376e-15,1.2332217376871376e-15,190000,0.0,0.0
2004-06-14 00:00:00+09:00,1.2402287118641804e-15,1.2472356537391192e-15,1.2332217699892415e-15,1.2402287118641804e-15,70000,0.0,0.0
2004-06-15 00:00:00+09:00,1.2402285663543305e-15,1.2612493895128784e-15,1.2332216253014812e-15,1.2542424484600291e-15,270000,0.0,0.0
2004-06-16 00:00:00+09:00,1.2542425956140582e-15,1.2542425956140582e-15,1.2262148281143025e-15,1.2402287118641804e-15,190000,0.0,0.0
2004-06-17 00:00:00+09:00,1.2402285394324733e-15,1.2402285394324733e-15,1.219207716730228e-15,1.2262146576309764e-15,250000,0.0,0.0
2004-06-18 00:00:00+09:00,1.247235621069946e-15,1.2612495044527542e-15,1.2332217376871376e-15,1.2332217376871376e-15,400000,0.0,0.0
2004-06-21 00:00:00+09:00,1.2402286793785418e-15,1.247235621069946e-15,1.2332217376871376e-15,1.2332217376871376e-15,140000,0.0,0.0
2004-06-22 00:00:00+09:00,1.2402286793785418e-15,1.2402286793785418e-15,1.2262147959957334e-15,1.2332217376871376e-15,80000,0.0,0.0
2004-06-23 00:00:00+09:00,1.2262149436262961e-15,1.2262149436262961e-15,1.205194116021274e-15,1.2192080010912888e-15,290000,0.0,0.0
2004-06-24 00:00:00+09:00,1.1981872903183972e-15,1.2122011767548696e-15,1.1981872903183972e-15,1.1981872903183972e-15,190000,0.0,0.0
2004-06-25 00:00:00+09:00,1.1911803913217935e-15,1.1911803913217935e-15,1.1771665043650666e-15,1.18417344784343e-15,360000,0.0,0.0
2004-06-28 00:00:00+09:00,1.156145331814228e-15,1.177166156029032e-15,1.1491383904092932e-15,1.177166156029032e-15,380000,0.0,0.0
2004-06-29 00:00:00+09:00,1.1631524511335181e-15,1.170159393610226e-15,1.1631524511335181e-15,1.170159393610226e-15,180000,0.0,0.0
2004-06-30 00:00:00+09:00,1.1701593294410632e-15,1.1771662715335247e-15,1.149138503163679e-15,1.1561454452561405e-15,410000,0.0,0.0
2004-07-01 00:00:00+09:00,1.1421317445725074e-15,1.1981872903183972e-15,1.1351248013542712e-15,1.1981872903183972e-15,820000,0.0,0.0
2004-07-02 00:00:00+09:00,1.1981870053065843e-15,1.2192078299610858e-15,1.1911800637550838e-15,1.2051939468580848e-15,530000,0.0,0.0
2004-07-05 00:00:00+09:00,1.2122009297545843e-15,1.2192078715450734e-15,1.1841731625926285e-15,1.1911801043831176e-15,280000,0.0,0.0
2004-07-06 00:00:00+09:00,1.1911801043831176e-15,1.1981870461736065e-15,1.1841731625926285e-15,1.1911801043831176e-15,230000,0.0,0.0
2004-07-07 00:00:00+09:00,1.184173278563642e-15,1.184173278563642e-15,1.1631524511335181e-15,1.170159393610226e-15,280000,0.0,0.0
2004-07-08 00:00:00+09:00,1.177166336086934e-15,1.177166336086934e-15,1.170159393610226e-15,1.170159393610226e-15,100000,0.0,0.0
2004-07-09 00:00:00+09:00,1.1841734038819248e-15,1.1981872903183972e-15,1.1841734038819248e-15,1.1981872903183972e-15,370000,0.0,0.0
2004-07-12 00:00:00+09:00,1.2051939879640954e-15,1.2051939879640954e-15,1.1841731625926285e-15,1.1911801043831176e-15,100000,0.0,0.0
2004-07-13 00:00:00+09:00,1.1841730974339667e-15,1.1911800388389014e-15,1.177166156029032e-15,1.177166156029032e-15,260000,0.0,0.0
2004-07-14 00:00:00+09:00,1.1841730974339667e-15,1.1911800388389014e-15,1.177166156029032e-15,1.177166156029032e-15,100000,0.0,0.0
2004-07-15 00:00:00+09:00,1.1771663040046674e-15,1.1841732462904095e-15,1.1561454771474412e-15,1.1631524194331833e-15,310000,0.0,0.0
2004-07-16 00:00:00+09:00,1.2051939468580848e-15,1.2122008884095853e-15,1.1841731222035832e-15,1.2051939468580848e-15,500000,0.0,0.0
2004-07-19 00:00:00+09:00,1.2051939468580848e-15,1.2051939468580848e-15,1.2051939468580848e-15,1.2051939468580848e-15,0,0.0,0.0
2004-07-20 00:00:00+09:00,1.1981872903183972e-15,1.1981872903183972e-15,1.191180347100161e-15,1.1981872903183972e-15,150000,0.0,0.0
2004-07-21 00:00:00+09:00,1.205193834928731e-15,1.2262146576309764e-15,1.1981868940279826e-15,1.2262146576309764e-15,500000,0.0,0.0
2004-07-22 00:00:00+09:00,1.2192084353146396e-15,1.254243160467359e-15,1.2051945452535517e-15,1.2472362154368152e-15,920000,0.0,0.0
2004-07-23 00:00:00+09:00,1.2752634212388746e-15,1.2822703631138136e-15,1.2332217699892415e-15,1.2402287118641804e-15,1500000,0.0,0.0
2004-07-26 00:00:00+09:00,1.2402286546155872e-15,1.2402286546155872e-15,1.2051939468580848e-15,1.2051939468580848e-15,330000,0.0,0.0
2004-07-27 00:00:00+09:00,1.2192073997446937e-15,1.296283729613611e-15,1.2192073997446937e-15,1.268255973297641e-15,2560000,0.0,0.0
2004-07-28 00:00:00+09:00,1.2822705879996567e-15,1.317305303518773e-15,1.2612497586881868e-15,1.28927753110348e-15,1710000,0.0,0.0
2004-07-29 00:00:00+09:00,1.2822707384334973e-15,1.2892776823593634e-15,1.268256850581765e-15,1.2752637945076311e-15,410000,0.0,0.0
2004-07-30 00:00:00+09:00,1.2822703683823385e-15,1.3243120198047104e-15,1.2822703683823385e-15,1.310298135997253e-15,810000,0.0,0.0
2004-08-02 00:00:00+09:00,1.2962844742073033e-15,1.3032914173111264e-15,1.2752636448958334e-15,1.28927753110348e-15,420000,0.0,0.0
2004-08-03 00:00:00+09:00,1.296284081764049e-15,1.3102979637290658e-15,1.2892771407815407e-15,1.296284081764049e-15,550000,0.0,0.0
2004-08-04 00:00:00+09:00,1.2962840094702423e-15,1.3102978906537044e-15,1.2822701282867803e-15,1.3032909500619735e-15,530000,0.0,0.0
2004-08-05 00:00:00+09:00,1.2962844742073033e-15,1.2962844742073033e-15,1.2822705879996567e-15,1.28927753110348e-15,170000,0.0,0.0
2004-08-06 00:00:00+09:00,1.2822698514556261e-15,1.2822698514556261e-15,1.2612490342186486e-15,1.268255973297641e-15,250000,0.0,0.0
2004-08-09 00:00:00+09:00,1.2542429025638038e-15,1.2612498461535455e-15,1.2402290153843198e-15,1.2612498461535455e-15,200000,0.0,0.0
2004-08-10 00:00:00+09:00,1.2542429627300327e-15,1.2752637945076311e-15,1.2542429627300327e-15,1.2752637945076311e-15,180000,0.0,0.0
2004-08-11 00:00:00+09:00,1.2752637333330295e-15,1.2752637333330295e-15,1.2542429025638038e-15,1.2612498461535455e-15,210000,0.0,0.0
2004-08-12 00:00:00+09:00,1.2542429025638038e-15,1.2682567897432875e-15,1.2542429025638038e-15,1.2612498461535455e-15,110000,0.0,0.0
2004-08-13 00:00:00+09:00,1.2542424484600291e-15,1.2612493895128784e-15,1.2472355074071798e-15,1.2542424484600291e-15,170000,0.0,0.0
2004-08-16 00:00:00+09:00,1.254243160467359e-15,1.2612501054979029e-15,1.2332223253757273e-15,1.2472362154368152e-15,130000,0.0,0.0
2004-08-17 00:00:00+09:00,1.2472356537391192e-15,1.2542425956140582e-15,1.2402287118641804e-15,1.2402287118641804e-15,110000,0.0,0.0
2004-08-18 00:00:00+09:00,1.247235621069946e-15,1.2542425627613502e-15,1.2332217376871376e-15,1.2332217376871376e-15,90000,0.0,0.0
2004-08-19 00:00:00+09:00,1.2542424484600291e-15,1.2682563305657277e-15,1.2472355074071798e-15,1.2542424484600291e-15,270000,0.0,0.0
2004-08-20 00:00:00+09:00,1.2542424484600291e-15,1.2612493895128784e-15,1.2472355074071798e-15,1.2542424484600291e-15,190000,0.0,0.0
2004-08-23 00:00:00+09:00,1.2542429025638038e-15,1.2682567897432875e-15,1.2472359589740618e-15,1.2612498461535455e-15,210000,0.0,0.0
2004-08-24 00:00:00+09:00,1.261249537488997e-15,1.2682564793639358e-15,1.2402287118641804e-15,1.2402287118641804e-15,380000,0.0,0.0
2004-08-25 00:00:00+09:00,1.2402286793785418e-15,1.247235621069946e-15,1.2332217376871376e-15,1.2332217376871376e-15,420000,0.0,0.0
2004-08-26 00:00:00+09:00,1.3565443561481486e-14,1.3796672713097648e-14,1.3565443561481486e-14,1.3565443561481486e-14,340000,1600.0,0.0
2004-08-27 00:00:00+09:00,1.356544903388536e-14,1.3796678278781133e-14,1.356544903388536e-14,1.3719601863815874e-14,440000,0.0,0.0
2004-08-30 00:00:00+09:00,1.3719596329225595e-14,1.3719596329225595e-14,1.3565443561481486e-14,1.3565443561481486e-14,220000,0.0,0.0
2004-08-31 00:00:00+09:00,1.3565442482119501e-14,1.3565442482119501e-14,1.3488366104380185e-14,1.3488366104380187e-14,150000,0.0,0.0
2004-09-01 00:00:00+09:00,1.3488366104380185e-14,1.3565442482119501e-14,1.3488366104380185e-14,1.3488366104380187e-14,140000,0.0,0.0
2004-09-02 00:00:00+09:00,1.3565442482119501e-14,1.3565442482119501e-14,1.3488366104380185e-14,1.3488366104380187e-14,100000,0.0,0.0
2004-09-03 00:00:00+09:00,1.3796676139837882e-14,1.4027905348885445e-14,1.3719599736822028e-14,1.3873752542853737e-14,1310000,0.0,0.0
2004-09-06 00:00:00+09:00,1.4104975110102252e-14,1.4182051476824122e-14,1.3873746009936641e-14,1.3950822376658512e-14,950000,0.0,0.0
2004-09-07 00:00:00+09:00,1.425912662297773e-14,1.4490355703350342e-14,1.4104973902729322e-14,1.4104973902729322e-14,1880000,0.0,0.0
2004-09-08 00:00:00+09:00,1.4182050262853525e-14,1.4182050262853525e-14,1.4027897542605118e-14,1.4104973902729322e-14,270000,0.0,0.0
2004-09-09 00:00:00+09:00,1.4104975110102252e-14,1.4104975110102252e-14,1.3950822376658512e-14,1.3950822376658512e-14,210000,0.0,0.0
2004-09-10 00:00:00+09:00,1.4027905348885445e-14,1.4027905348885445e-14,1.3873752542853737e-14,1.3873752542853737e-14,290000,0.0,0.0
2004-09-13 00:00:00+09:00,1.3873748075819645e-14,1.3950824454018643e-14,1.3796671697620647e-14,1.3796671697620649e-14,200000,0.0,0.0
2004-09-14 00:00:00+09:00,1.3796672941849837e-14,1.3873749326999836e-14,1.356544378639984e-14,1.3642520171549839e-14,360000,0.0,0.0
2004-09-15 00:00:00+09:00,1.3642520171549839e-14,1.3719596556699839e-14,1.3488367401249841e-14,1.3642520171549839e-14,260000,0.0,0.0
2004-09-16 00:00:00+09:00,1.3488367177609433e-14,1.364251994535354e-14,1.341129079373738e-14,1.3565443561481486e-14,350000,0.0,0.0
2004-09-17 00:00:00+09:00,1.3565442482119501e-14,1.3565442482119501e-14,1.3488366104380185e-14,1.3488366104380187e-14,180000,0.0,0.0
2004-09-20 00:00:00+09:00,1.3488366104380185e-14,1.3488366104380185e-14,1.3488366104380185e-14,1.3488366104380187e-14,0,0.0,0.0
2004-09-21 00:00:00+09:00,1.3565443561481486e-14,1.3719596329225595e-14,1.3565443561481486e-14,1.3565443561481486e-14,220000,0.0,0.0
2004-09-22 00:00:00+09:00,1.364251994535354e-14,1.364251994535354e-14,1.3488367177609433e-14,1.3565443561481486e-14,190000,0.0,0.0
2004-09-23 00:00:00+09:00,1.3565443561481486e-14,1.3565443561481486e-14,1.3565443561481486e-14,1.3565443561481486e-14,0,0.0,0.0
2004-09-24 00:00:00+09:00,1.3565442482119501e-14,1.3642518859858816e-14,1.341128972664087e-14,1.3488366104380187e-14,190000,0.0,0.0
2004-09-27 00:00:00+09:00,1.341128972664087e-14,1.3488366104380185e-14,1.3102984215683609e-14,1.3488366104380187e-14,250000,0.0,0.0
2004-09-28 00:00:00+09:00,1.3488367118849879e-14,1.3488367118849879e-14,1.3102985201168454e-14,1.3257137968241024e-14,320000,0.0,0.0
2004-09-29 00:00:00+09:00,1.3257137968241024e-14,1.3334214351777309e-14,1.3180061584704738e-14,1.3257137968241024e-14,120000,0.0,0.0
2004-09-30 00:00:00+09:00,1.325713774038421e-14,1.3334214122595745e-14,1.3180061358172674e-14,1.3180061358172672e-14,160000,0.0,0.0
2004-10-01 00:00:00+09:00,1.3257140927988334e-14,1.3488370130220688e-14,1.3180064527244215e-14,1.341129372947657e-14,290000,0.0,0.0
2004-10-04 00:00:00+09:00,1.3257138025993271e-14,1.3565443561481486e-14,1.3180061642121217e-14,1.3565443561481486e-14,400000,0.0,0.0
2004-10-05 00:00:00+09:00,1.356544903388536e-14,1.3719601863815876e-14,1.3411296203954845e-14,1.3719601863815874e-14,320000,0.0,0.0
2004-10-06 00:00:00+09:00,1.3719601863815876e-14,1.3796678278781133e-14,1.3642525448850617e-14,1.3719601863815874e-14,250000,0.0,0.0
2004-10-07 00:00:00+09:00,1.3796671697620647e-14,1.3873748075819645e-14,1.371959531942165e-14,1.3796671697620649e-14,280000,0.0,0.0
2004-10-08 00:00:00+09:00,1.3796676139837882e-14,1.3873752542853737e-14,1.3719599736822028e-14,1.3873752542853737e-14,180000,0.0,0.0
2004-10-11 00:00:00+09:00,1.3873752542853737e-14,1.3873752542853737e-14,1.3873752542853737e-14,1.3873752542853737e-14,0,0.0,0.0
2004-10-12 00:00:00+09:00,1.3642518859858816e-14,1.3642518859858816e-14,1.3488366104380185e-14,1.3488366104380187e-14,160000,0.0,0.0
2004-10-13 00:00:00+09:00,1.3411290111226004e-14,1.348836649117558e-14,1.3257137351326854e-14,1.333421373127643e-14,170000,0.0,0.0
2004-10-14 00:00:00+09:00,1.3334214351777309e-14,1.3411290735313594e-14,1.3257137968241024e-14,1.3257137968241024e-14,120000,0.0,0.0
2004-10-15 00:00:00+09:00,1.3334213348901556e-14,1.3488366104380185e-14,1.3334213348901556e-14,1.3488366104380187e-14,230000,0.0,0.0
2004-10-18 00:00:00+09:00,1.3488366887018817e-14,1.3488366887018817e-14,1.3102984975961138e-14,1.3180061358172672e-14,220000,0.0,0.0
2004-10-19 00:00:00+09:00,1.3257137968241024e-14,1.3334214351777309e-14,1.3180061584704738e-14,1.3257137968241024e-14,60000,0.0,0.0
2004-10-20 00:00:00+09:00,1.325713774038421e-14,1.325713774038421e-14,1.3180061358172674e-14,1.3180061358172672e-14,80000,0.0,0.0
2004-10-21 00:00:00+09:00,1.325713774038421e-14,1.3334214122595745e-14,1.3180061358172674e-14,1.3180061358172672e-14,120000,0.0,0.0
2004-10-22 00:00:00+09:00,1.3180061358172674e-14,1.325713774038421e-14,1.3102984975961138e-14,1.3180061358172672e-14,100000,0.0,0.0
2004-10-25 00:00:00+09:00,1.3257140080840846e-14,1.3257140080840846e-14,1.3102987289203161e-14,1.3102987289203161e-14,220000,0.0,0.0
2004-10-26 00:00:00+09:00,1.3102984975961138e-14,1.325713774038421e-14,1.3102984975961138e-14,1.3180061358172672e-14,130000,0.0,0.0
2004-10-27 00:00:00+09:00,1.3102987073685903e-14,1.3180063468236997e-14,1.3025910679134809e-14,1.3025910679134809e-14,130000,0.0,0.0
2004-10-28 00:00:00+09:00,1.3025910679134809e-14,1.3180063468236997e-14,1.2948834284583715e-14,1.3025910679134809e-14,170000,0.0,0.0
2004-10-29 00:00:00+09:00,1.30259096102599e-14,1.30259096102599e-14,1.287175683380712e-14,1.294883322203351e-14,120000,0.0,0.0
2004-11-01 00:00:00+09:00,1.2563449708717217e-14,1.2640526087298303e-14,1.217806781581178e-14,1.2409296951555043e-14,580000,0.0,0.0
2004-11-02 00:00:00+09:00,1.22551439643524e-14,1.2332220341486691e-14,1.22551439643524e-14,1.2332220341486691e-14,400000,0.0,0.0
2004-11-03 00:00:00+09:00,1.2332220341486691e-14,1.2332220341486691e-14,1.2332220341486691e-14,1.2332220341486691e-14,0,0.0,0.0
2004-11-04 00:00:00+09:00,1.2332223311330605e-14,1.2563452498418054e-14,1.2255146915634789e-14,1.2486376102722237e-14,330000,0.0,0.0
2004-11-05 00:00:00+09:00,1.2332220341486691e-14,1.2486373095755276e-14,1.2178067587218108e-14,1.2332220341486691e-14,610000,0.0,0.0
2004-11-08 00:00:00+09:00,1.2409299055819284e-14,1.2409299055819284e-14,1.225514627251718e-14,1.225514627251718e-14,170000,0.0,0.0
2004-11-09 00:00:00+09:00,1.225514627251718e-14,1.2332222664168232e-14,1.217806988086613e-14,1.225514627251718e-14,160000,0.0,0.0
2004-11-10 00:00:00+09:00,1.22551439643524e-14,1.2332220341486691e-14,1.2178067587218108e-14,1.2332220341486691e-14,120000,0.0,0.0
2004-11-11 00:00:00+09:00,1.22551439643524e-14,1.2409296718620982e-14,1.22551439643524e-14,1.2332220341486691e-14,310000,0.0,0.0
2004-11-12 00:00:00+09:00,1.22551439643524e-14,1.2332220341486691e-14,1.2178067587218108e-14,1.2332220341486691e-14,190000,0.0,0.0
2004-11-15 00:00:00+09:00,1.2332220572973956e-14,1.2563449708717217e-14,1.2255144194392868e-14,1.2409296951555043e-14,290000,0.0,0.0
2004-11-16 00:00:00+09:00,1.248637333013613e-14,1.248637333013613e-14,1.2409296951555042e-14,1.2409296951555043e-14,110000,0.0,0.0
2004-11-17 00:00:00+09:00,1.248637333013613e-14,1.248637333013613e-14,1.2409296951555042e-14,1.2409296951555043e-14,180000,0.0,0.0
2004-11-18 00:00:00+09:00,1.248637333013613e-14,1.2563449708717217e-14,1.2409296951555042e-14,1.2409296951555043e-14,300000,0.0,0.0
2004-11-19 00:00:00+09:00,1.2409296718620982e-14,1.2486373095755276e-14,1.2332220341486691e-14,1.2332220341486691e-14,240000,0.0,0.0
2004-11-22 00:00:00+09:00,1.2409296951555042e-14,1.2409296951555042e-14,1.2332220572973956e-14,1.2409296951555043e-14,160000,0.0,0.0
2004-11-23 00:00:00+09:00,1.2409296951555042e-14,1.2409296951555042e-14,1.2409296951555042e-14,1.2409296951555043e-14,0,0.0,0.0
2004-11-24 00:00:00+09:00,1.2409296718620982e-14,1.2409296718620982e-14,1.2332220341486691e-14,1.2332220341486691e-14,170000,0.0,0.0
2004-11-25 00:00:00+09:00,1.2332222664168232e-14,1.2409299055819284e-14,1.217806988086613e-14,1.225514627251718e-14,220000,0.0,0.0
2004-11-26 00:00:00+09:00,1.2255142643141831e-14,1.2255142643141831e-14,1.217806627431704e-14,1.2178066274317039e-14,100000,0.0,0.0
2004-11-29 00:00:00+09:00,1.225514627251718e-14,1.2332222664168232e-14,1.217806988086613e-14,1.225514627251718e-14,80000,0.0,0.0
2004-11-30 00:00:00+09:00,1.2332220341486691e-14,1.2409296718620982e-14,1.22551439643524e-14,1.2332220341486691e-14,150000,0.0,0.0
2004-12-01 00:00:00+09:00,1.2409296718620982e-14,1.2409296718620982e-14,1.22551439643524e-14,1.2332220341486691e-14,190000,0.0,0.0
2004-12-02 00:00:00+09:00,1.2332220341486691e-14,1.2486373095755276e-14,1.2332220341486691e-14,1.2332220341486691e-14,210000,0.0,0.0
2004-12-03 00:00:00+09:00,1.2409296951555042e-14,1.248637333013613e-14,1.2332220572973956e-14,1.2409296951555043e-14,140000,0.0,0.0
2004-12-06 00:00:00+09:00,1.2409296718620982e-14,1.2486373095755276e-14,1.2332220341486691e-14,1.2332220341486691e-14,120000,0.0,0.0
2004-12-07 00:00:00+09:00,1.2486373095755276e-14,1.2486373095755276e-14,1.2332220341486691e-14,1.2332220341486691e-14,100000,0.0,0.0
2004-12-08 00:00:00+09:00,1.2409296718620982e-14,1.2409296718620982e-14,1.22551439643524e-14,1.2332220341486691e-14,120000,0.0,0.0
2004-12-09 00:00:00+09:00,1.2332220341486691e-14,1.2409296718620982e-14,1.22551439643524e-14,1.2332220341486691e-14,130000,0.0,0.0
2004-12-10 00:00:00+09:00,1.2332219011966623e-14,1.2332219011966623e-14,1.217806627431704e-14,1.2178066274317039e-14,190000,0.0,0.0
2004-12-13 00:00:00+09:00,1.2255142643141831e-14,1.2332219011966623e-14,1.217806627431704e-14,1.2178066274317039e-14,160000,0.0,0.0
2004-12-14 00:00:00+09:00,1.225514627251718e-14,1.2332222664168232e-14,1.2100993489215078e-14,1.225514627251718e-14,240000,0.0,0.0
2004-12-15 00:00:00+09:00,1.217806627431704e-14,1.217806627431704e-14,1.2100989905492249e-14,1.2178066274317039e-14,220000,0.0,0.0
2004-12-16 00:00:00+09:00,1.217806988086613e-14,1.2332222664168232e-14,1.217806988086613e-14,1.225514627251718e-14,190000,0.0,0.0
2004-12-17 00:00:00+09:00,1.22551439643524e-14,1.2332220341486691e-14,1.22551439643524e-14,1.2332220341486691e-14,80000,0.0,0.0
2004-12-20 00:00:00+09:00,1.225514627251718e-14,1.2332222664168232e-14,1.225514627251718e-14,1.225514627251718e-14,110000,0.0,0.0
2004-12-21 00:00:00+09:00,1.2255142643141831e-14,1.2332219011966623e-14,1.217806627431704e-14,1.2178066274317039e-14,180000,0.0,0.0
2004-12-22 00:00:00+09:00,1.217806988086613e-14,1.225514627251718e-14,1.217806988086613e-14,1.225514627251718e-14,110000,0.0,0.0
2004-12-23 00:00:00+09:00,1.225514627251718e-14,1.225514627251718e-14,1.225514627251718e-14,1.225514627251718e-14,0,0.0,0.0
2004-12-24 00:00:00+09:00,1.2178069441249143e-14,1.2255145830117808e-14,1.2100993052380476e-14,1.2100993052380476e-14,280000,0.0,0.0
2004-12-27 00:00:00+09:00,1.2100989905492249e-14,1.217806627431704e-14,1.2100989905492249e-14,1.2178066274317039e-14,160000,0.0,0.0
2004-12-28 00:00:00+09:00,1.217806781581178e-14,1.2409296951555042e-14,1.217806781581178e-14,1.2409296951555043e-14,630000,0.0,0.0
2004-12-29 00:00:00+09:00,1.2409296718620982e-14,1.2486373095755276e-14,1.22551439643524e-14,1.2332220341486691e-14,410000,0.0,0.0
2004-12-30 00:00:00+09:00,1.2332220572973956e-14,1.2409296951555042e-14,1.2255144194392868e-14,1.2409296951555043e-14,120000,0.0,0.0
2004-12-31 00:00:00+09:00,1.2409296951555042e-14,1.2409296951555042e-14,1.2409296951555042e-14,1.2409296951555043e-14,0,0.0,0.0
2005-01-03 00:00:00+09:00,1.2409296951555042e-14,1.2409296951555042e-14,1.2409296951555042e-14,1.2409296951555043e-14,0,0.0,0.0
2005-01-04 00:00:00+09:00,1.2486376102722237e-14,1.2486376102722237e-14,1.2409299707026421e-14,1.2486376102722237e-14,130000,0.0,0.0
2005-01-05 00:00:00+09:00,1.2409296718620982e-14,1.2486373095755276e-14,1.2332220341486691e-14,1.2332220341486691e-14,200000,0.0,0.0
2005-01-06 00:00:00+09:00,1.2332223311330605e-14,1.2486376102722237e-14,1.2332223311330605e-14,1.2486376102722237e-14,680000,0.0,0.0
2005-01-07 00:00:00+09:00,1.2563452717862643e-14,1.2871758306031052e-14,1.2563452717862643e-14,1.2871758306031052e-14,1230000,0.0,0.0
2005-01-10 00:00:00+09:00,1.2871758306031052e-14,1.2871758306031052e-14,1.2871758306031052e-14,1.2871758306031052e-14,0,0.0,0.0
2005-01-11 00:00:00+09:00,1.2948832544407153e-14,1.3025908928600052e-14,1.2717603391828453e-14,1.2717603391828453e-14,370000,0.0,0.0
2005-01-12 00:00:00+09:00,1.2871758306031052e-14,1.3025911100115256e-14,1.2717605511946848e-14,1.2871758306031052e-14,360000,0.0,0.0
2005-01-13 00:00:00+09:00,1.2871758943857066e-14,1.2871758943857066e-14,1.2794682542995647e-14,1.2794682542995647e-14,130000,0.0,0.0
2005-01-14 00:00:00+09:00,1.2794682542995647e-14,1.2871758943857066e-14,1.2717606142134227e-14,1.2794682542995647e-14,140000,0.0,0.0
2005-01-17 00:00:00+09:00,1.287175683380712e-14,1.30259096102599e-14,1.279468044558073e-14,1.294883322203351e-14,220000,0.0,0.0
2005-01-18 00:00:00+09:00,1.2948833222033511e-14,1.30259096102599e-14,1.287175683380712e-14,1.294883322203351e-14,390000,0.0,0.0
2005-01-19 00:00:00+09:00,1.3025910893384319e-14,1.3180063685022004e-14,1.2871758101746635e-14,1.3102987289203161e-14,790000,0.0,0.0
2005-01-20 00:00:00+09:00,1.341128972664087e-14,1.3642518859858816e-14,1.325713697116224e-14,1.3488366104380187e-14,2050000,0.0,0.0
2005-01-21 00:00:00+09:00,1.348836649117558e-14,1.3565442871125153e-14,1.3257137351326854e-14,1.333421373127643e-14,410000,0.0,0.0
2005-01-24 00:00:00+09:00,1.3180062386712681e-14,1.325713877493907e-14,1.2948833222033511e-14,1.294883322203351e-14,530000,0.0,0.0
2005-01-25 00:00:00+09:00,1.2948834284583715e-14,1.3102987073685903e-14,1.2948834284583715e-14,1.3025910679134809e-14,240000,0.0,0.0
2005-01-26 00:00:00+09:00,1.3102987073685903e-14,1.3102987073685903e-14,1.3025910679134809e-14,1.3025910679134809e-14,100000,0.0,0.0
2005-01-27 00:00:00+09:00,1.3025910679134809e-14,1.3180063468236997e-14,1.3025910679134809e-14,1.3025910679134809e-14,250000,0.0,0.0
2005-01-28 00:00:00+09:00,1.3102987073685903e-14,1.3180063468236997e-14,1.3025910679134809e-14,1.3025910679134809e-14,210000,0.0,0.0
2005-01-31 00:00:00+09:00,1.3102987289203161e-14,1.3180063685022004e-14,1.3025910893384319e-14,1.3102987289203161e-14,140000,0.0,0.0
2005-02-01 00:00:00+09:00,1.3180063685022004e-14,1.3180063685022004e-14,1.3102987289203161e-14,1.3102987289203161e-14,220000,0.0,0.0
2005-02-02 00:00:00+09:00,1.3180063685022004e-14,1.3257140080840846e-14,1.3102987289203161e-14,1.3102987289203161e-14,410000,0.0,0.0
2005-02-03 00:00:00+09:00,1.3102987289203161e-14,1.3180063685022004e-14,1.3102987289203161e-14,1.3102987289203161e-14,170000,0.0,0.0
2005-02-04 00:00:00+09:00,1.3102987289203161e-14,1.3257140080840846e-14,1.3102987289203161e-14,1.3102987289203161e-14,380000,0.0,0.0
2005-02-07 00:00:00+09:00,1.3025910893384319e-14,1.3102987289203161e-14,1.2948834497565477e-14,1.3102987289203161e-14,360000,0.0,0.0
2005-02-08 00:00:00+09:00,1.3180064527244215e-14,1.341129372947657e-14,1.3180064527244215e-14,1.341129372947657e-14,370000,0.0,0.0
2005-02-09 00:00:00+09:00,1.3565442482119501e-14,1.3642518859858816e-14,1.3488366104380185e-14,1.3488366104380187e-14,560000,0.0,0.0
2005-02-10 00:00:00+09:00,1.3565446530964807e-14,1.3565446530964807e-14,1.341129372947657e-14,1.341129372947657e-14,340000,0.0,0.0
2005-02-11 00:00:00+09:00,1.341129372947657e-14,1.341129372947657e-14,1.341129372947657e-14,1.341129372947657e-14,0,0.0,0.0
2005-02-14 00:00:00+09:00,1.3488370130220688e-14,1.3565446530964807e-14,1.341129372947657e-14,1.341129372947657e-14,280000,0.0,0.0
2005-02-15 00:00:00+09:00,1.341129079373738e-14,1.3565443561481486e-14,1.341129079373738e-14,1.3565443561481486e-14,310000,0.0,0.0
2005-02-16 00:00:00+09:00,1.3565446530964807e-14,1.3565446530964807e-14,1.341129372947657e-14,1.341129372947657e-14,200000,0.0,0.0
2005-02-17 00:00:00+09:00,1.341129372947657e-14,1.3488370130220688e-14,1.341129372947657e-14,1.341129372947657e-14,120000,0.0,0.0
2005-02-18 00:00:00+09:00,1.341128972664087e-14,1.3488366104380185e-14,1.341128972664087e-14,1.3488366104380187e-14,160000,0.0,0.0
2005-02-21 00:00:00+09:00,1.3488370130220688e-14,1.3488370130220688e-14,1.341129372947657e-14,1.341129372947657e-14,210000,0.0,0.0
2005-02-22 00:00:00+09:00,1.3488370130220688e-14,1.3488370130220688e-14,1.3334217328732452e-14,1.341129372947657e-14,410000,0.0,0.0
2005-02-23 00:00:00+09:00,2.4539804866982598e-14,2.468247815109296e-14,2.4397131582872234e-14,2.4539804866982595e-14,200000,800.0,0.0
2005-02-24 00:00:00+09:00,2.453980580704228e-14,2.468247909661811e-14,2.4397132517466454e-14,2.468247909661811e-14,170000,0.0,0.0
2005-02-25 00:00:00+09:00,2.468247909661811e-14,2.4825152386193936e-14,2.453980580704228e-14,2.468247909661811e-14,140000,0.0,0.0
2005-02-28 00:00:00+09:00,2.468247909661811e-14,2.4825152386193936e-14,2.468247909661811e-14,2.468247909661811e-14,140000,0.0,0.0
2005-03-01 00:00:00+09:00,2.468247909661811e-14,2.4825152386193936e-14,2.453980580704228e-14,2.468247909661811e-14,160000,0.0,0.0
2005-03-02 00:00:00+09:00,2.468248339993492e-14,2.482515671438541e-14,2.453981008548443e-14,2.4825156714385413e-14,220000,0.0,0.0
2005-03-03 00:00:00+09:00,2.468248339993492e-14,2.49678300288359e-14,2.468248339993492e-14,2.4825156714385413e-14,330000,0.0,0.0
2005-03-04 00:00:00+09:00,2.4967827555889138e-14,2.5110500856208505e-14,2.4682480955250404e-14,2.4967827555889138e-14,520000,0.0,0.0
2005-03-07 00:00:00+09:00,2.4967827555889138e-14,2.4967827555889138e-14,2.4682480955250404e-14,2.4967827555889138e-14,300000,0.0,0.0
2005-03-08 00:00:00+09:00,2.482515425556977e-14,2.4967827555889138e-14,2.482515425556977e-14,2.4967827555889138e-14,120000,0.0,0.0
2005-03-09 00:00:00+09:00,2.4825152386193936e-14,2.4967825675769762e-14,2.468247909661811e-14,2.468247909661811e-14,150000,0.0,0.0
2005-03-10 00:00:00+09:00,2.5110505399531893e-14,2.5823872030200414e-14,2.496783207339819e-14,2.568119870406671e-14,1540000,0.0,0.0
2005-03-11 00:00:00+09:00,2.5538530375110155e-14,2.568120372916105e-14,2.539585702105926e-14,2.539585702105926e-14,700000,0.0,0.0
2005-03-14 00:00:00+09:00,2.5538521702323365e-14,2.5538521702323365e-14,2.511050178552465e-14,2.5110501785524653e-14,550000,0.0,0.0
2005-03-15 00:00:00+09:00,2.5110501019845154e-14,2.5395847622343394e-14,2.5110501019845154e-14,2.5253174321094272e-14,300000,0.0,0.0
2005-03-16 00:00:00+09:00,2.539584778414131e-14,2.5538521086299407e-14,2.525317448198321e-14,2.5538521086299407e-14,460000,0.0,0.0
2005-03-17 00:00:00+09:00,2.539584778414131e-14,2.5681194388457504e-14,2.525317448198321e-14,2.5538521086299407e-14,700000,0.0,0.0
2005-03-18 00:00:00+09:00,2.5538530375110155e-14,2.5538530375110155e-14,2.5253183667008364e-14,2.539585702105926e-14,490000,0.0,0.0
2005-03-21 00:00:00+09:00,2.539585702105926e-14,2.539585702105926e-14,2.539585702105926e-14,2.539585702105926e-14,0,0.0,0.0
2005-03-22 00:00:00+09:00,2.5253175091124222e-14,2.5253175091124222e-14,2.4967828479925077e-14,2.5110501785524653e-14,500000,0.0,0.0
2005-03-23 00:00:00+09:00,2.5253174321094272e-14,2.5395847622343394e-14,2.5110501019845154e-14,2.5253174321094272e-14,280000,0.0,0.0
2005-03-24 00:00:00+09:00,2.5395847622343394e-14,2.5395847622343394e-14,2.5110501019845154e-14,2.5253174321094272e-14,200000,0.0,0.0
2005-03-25 00:00:00+09:00,2.5253183667008364e-14,2.539585702105926e-14,2.5253183667008364e-14,2.539585702105926e-14,150000,0.0,0.0
2005-03-28 00:00:00+09:00,2.5395848396723795e-14,2.5538521702323365e-14,2.511050178552465e-14,2.5110501785524653e-14,390000,0.0,0.0
2005-03-29 00:00:00+09:00,2.5395847622343394e-14,2.5681194224841634e-14,2.5253174321094272e-14,2.5253174321094272e-14,810000,0.0,0.0
2005-03-30 00:00:00+09:00,2.5253183667008364e-14,2.539585702105926e-14,2.5253183667008364e-14,2.539585702105926e-14,170000,0.0,0.0
2005-03-31 00:00:00+09:00,2.539585702105926e-14,2.539585702105926e-14,2.511051031295747e-14,2.539585702105926e-14,190000,0.0,0.0
2005-04-01 00:00:00+09:00,2.5253183667008364e-14,2.539585702105926e-14,2.511051031295747e-14,2.539585702105926e-14,270000,0.0,0.0
2005-04-04 00:00:00+09:00,2.5395848396723795e-14,2.5395848396723795e-14,2.511050178552465e-14,2.5110501785524653e-14,170000,0.0,0.0
2005-04-05 00:00:00+09:00,2.5253175091124222e-14,2.5395848396723795e-14,2.511050178552465e-14,2.5110501785524653e-14,210000,0.0,0.0
2005-04-06 00:00:00+09:00,2.5110501019845154e-14,2.5253174321094272e-14,2.5110501019845154e-14,2.5253174321094272e-14,180000,0.0,0.0
2005-04-07 00:00:00+09:00,2.5253175091124222e-14,2.5253175091124222e-14,2.511050178552465e-14,2.5110501785524653e-14,230000,0.0,0.0
2005-04-08 00:00:00+09:00,2.5253175091124222e-14,2.5395848396723795e-14,2.511050178552465e-14,2.5110501785524653e-14,240000,0.0,0.0
2005-04-11 00:00:00+09:00,2.5110500856208505e-14,2.5253174156527872e-14,2.4967827555889138e-14,2.4967827555889138e-14,310000,0.0,0.0
2005-04-12 00:00:00+09:00,2.4967825675769762e-14,2.4967825675769762e-14,2.468247909661811e-14,2.468247909661811e-14,300000,0.0,0.0
2005-04-13 00:00:00+09:00,2.482515671438541e-14,2.482515671438541e-14,2.468248339993492e-14,2.4825156714385413e-14,210000,0.0,0.0
2005-04-14 00:00:00+09:00,2.4825152386193936e-14,2.4825152386193936e-14,2.468247909661811e-14,2.468247909661811e-14,140000,0.0,0.0
2005-04-15 00:00:00+09:00,2.468247815109296e-14,2.468247815109296e-14,2.4539804866982598e-14,2.4539804866982595e-14,130000,0.0,0.0
2005-04-18 00:00:00+09:00,2.439713446430317e-14,2.439713446430317e-14,2.3683767959498985e-14,2.3683767959498982e-14,500000,0.0,0.0
2005-04-19 00:00:00+09:00,2.3826441422771355e-14,2.411178802663688e-14,2.3826441422771355e-14,2.3969114724704116e-14,240000,0.0,0.0
2005-04-20 00:00:00+09:00,2.411178802663688e-14,2.411178802663688e-14,2.396911472470412e-14,2.3969114724704116e-14,170000,0.0,0.0
2005-04-21 00:00:00+09:00,2.396911456142066e-14,2.396911456142066e-14,2.3683767959498985e-14,2.3683767959498982e-14,200000,0.0,0.0
2005-04-22 00:00:00+09:00,2.3826441260459822e-14,2.396911456142066e-14,2.3683767959498985e-14,2.3683767959498982e-14,310000,0.0,0.0
2005-04-25 00:00:00+09:00,2.3826441422771355e-14,2.411178802663688e-14,2.3683768120838594e-14,2.3969114724704116e-14,230000,0.0,0.0
2005-04-26 00:00:00+09:00,2.396911472470412e-14,2.411178802663688e-14,2.3826441422771355e-14,2.3969114724704116e-14,140000,0.0,0.0
2005-04-27 00:00:00+09:00,2.3969117199866262e-14,2.3969117199866262e-14,2.382644388320039e-14,2.382644388320039e-14,100000,0.0,0.0
2005-04-28 00:00:00+09:00,2.382644388320039e-14,2.3969117199866262e-14,2.382644388320039e-14,2.382644388320039e-14,130000,0.0,0.0
2005-04-29 00:00:00+09:00,2.382644388320039e-14,2.382644388320039e-14,2.382644388320039e-14,2.382644388320039e-14,0,0.0,0.0
2005-05-02 00:00:00+09:00,2.3826441422771355e-14,2.396911472470412e-14,2.3683768120838594e-14,2.3969114724704116e-14,190000,0.0,0.0
2005-05-03 00:00:00+09:00,2.396911472470412e-14,2.396911472470412e-14,2.396911472470412e-14,2.3969114724704116e-14,0,0.0,0.0
2005-05-04 00:00:00+09:00,2.396911472470412e-14,2.396911472470412e-14,2.396911472470412e-14,2.3969114724704116e-14,0,0.0,0.0
2005-05-05 00:00:00+09:00,2.396911472470412e-14,2.396911472470412e-14,2.396911472470412e-14,2.3969114724704116e-14,0,0.0,0.0
2005-05-06 00:00:00+09:00,2.4111790648405528e-14,2.4539810600744087e-14,2.4111790648405528e-14,2.4111790648405525e-14,230000,0.0,0.0
2005-05-09 00:00:00+09:00,2.4539807323873486e-14,2.4682480622268098e-14,2.425446072708426e-14,2.439713402547887e-14,400000,0.0,0.0
2005-05-10 00:00:00+09:00,2.4539807323873486e-14,2.4682480622268098e-14,2.4397134025478873e-14,2.439713402547887e-14,220000,0.0,0.0
2005-05-11 00:00:00+09:00,2.4397131582872234e-14,2.4539804866982598e-14,2.4397131582872234e-14,2.4539804866982595e-14,70000,0.0,0.0
2005-05-12 00:00:00+09:00,2.4539804866982598e-14,2.4539804866982598e-14,2.4397131582872234e-14,2.4539804866982595e-14,100000,0.0,0.0
2005-05-13 00:00:00+09:00,2.4397134025478873e-14,2.4539807323873486e-14,2.425446072708426e-14,2.439713402547887e-14,130000,0.0,0.0
2005-05-16 00:00:00+09:00,2.4539807323873486e-14,2.4539807323873486e-14,2.425446072708426e-14,2.439713402547887e-14,180000,0.0,0.0
2005-05-17 00:00:00+09:00,2.4397136496822055e-14,2.4397136496822055e-14,2.411178987112823e-14,2.4254463183975145e-14,120000,0.0,0.0
2005-05-18 00:00:00+09:00,2.4254461328569644e-14,2.4254461328569644e-14,2.396911472470412e-14,2.3969114724704116e-14,110000,0.0,0.0
2005-05-19 00:00:00+09:00,2.411178987112823e-14,2.425446318397514e-14,2.3969116558281317e-14,2.4254463183975145e-14,120000,0.0,0.0
2005-05-20 00:00:00+09:00,2.425446318397514e-14,2.425446318397514e-14,2.411178987112823e-14,2.4254463183975145e-14,90000,0.0,0.0
2005-05-23 00:00:00+09:00,2.4254463965851712e-14,2.4254463965851712e-14,2.4111790648405528e-14,2.4111790648405525e-14,100000,0.0,0.0
2005-05-24 00:00:00+09:00,2.4111790648405528e-14,2.4254463965851712e-14,2.4111790648405528e-14,2.4111790648405525e-14,80000,0.0,0.0
2005-05-25 00:00:00+09:00,2.4254463965851712e-14,2.4254463965851712e-14,2.4111790648405528e-14,2.4111790648405525e-14,90000,0.0,0.0
2005-05-26 00:00:00+09:00,2.411178802663688e-14,2.4254461328569644e-14,2.396911472470412e-14,2.3969114724704116e-14,120000,0.0,0.0
2005-05-27 00:00:00+09:00,2.396911472470412e-14,2.411178802663688e-14,2.396911472470412e-14,2.3969114724704116e-14,130000,0.0,0.0
2005-05-30 00:00:00+09:00,2.411178987112823e-14,2.425446318397514e-14,2.3969116558281317e-14,2.4254463183975145e-14,150000,0.0,0.0
2005-05-31 00:00:00+09:00,2.425446318397514e-14,2.425446318397514e-14,2.411178987112823e-14,2.4254463183975145e-14,60000,0.0,0.0
2005-06-01 00:00:00+09:00,2.411178802663688e-14,2.4254461328569644e-14,2.396911472470412e-14,2.3969114724704116e-14,280000,0.0,0.0
2005-06-02 00:00:00+09:00,2.4111790648405528e-14,2.4111790648405528e-14,2.396911733095934e-14,2.4111790648405525e-14,260000,0.0,0.0
2005-06-03 00:00:00+09:00,2.4111790648405528e-14,2.4111790648405528e-14,2.396911733095934e-14,2.4111790648405525e-14,120000,0.0,0.0
2005-06-06 00:00:00+09:00,2.411178802663688e-14,2.411178802663688e-14,2.396911472470412e-14,2.3969114724704116e-14,130000,0.0,0.0
2005-06-07 00:00:00+09:00,2.396911472470412e-14,2.411178802663688e-14,2.3826441422771355e-14,2.3969114724704116e-14,210000,0.0,0.0
2005-06-08 00:00:00+09:00,2.396911472470412e-14,2.396911472470412e-14,2.3826441422771355e-14,2.3969114724704116e-14,120000,0.0,0.0
2005-06-09 00:00:00+09:00,2.3969117199866262e-14,2.3969117199866262e-14,2.382644388320039e-14,2.382644388320039e-14,70000,0.0,0.0
2005-06-10 00:00:00+09:00,2.396911472470412e-14,2.396911472470412e-14,2.3826441422771355e-14,2.3969114724704116e-14,140000,0.0,0.0
2005-06-13 00:00:00+09:00,2.3826441422771355e-14,2.396911472470412e-14,2.3826441422771355e-14,2.3969114724704116e-14,80000,0.0,0.0
2005-06-14 00:00:00+09:00,2.3826441260459822e-14,2.396911456142066e-14,2.3683767959498985e-14,2.3683767959498982e-14,150000,0.0,0.0
2005-06-15 00:00:00+09:00,2.3683767959498985e-14,2.3826441260459822e-14,2.3683767959498985e-14,2.3683767959498982e-14,170000,0.0,0.0
2005-06-16 00:00:00+09:00,2.382644388320039e-14,2.3969117199866262e-14,2.3683770566534522e-14,2.382644388320039e-14,180000,0.0,0.0
2005-06-17 00:00:00+09:00,2.382644388320039e-14,2.3969117199866262e-14,2.382644388320039e-14,2.382644388320039e-14,130000,0.0,0.0
2005-06-20 00:00:00+09:00,2.396911472470412e-14,2.396911472470412e-14,2.3826441422771355e-14,2.3969114724704116e-14,110000,0.0,0.0
2005-06-21 00:00:00+09:00,2.3969117199866262e-14,2.3969117199866262e-14,2.382644388320039e-14,2.382644388320039e-14,150000,0.0,0.0
2005-06-22 00:00:00+09:00,2.396911472470412e-14,2.396911472470412e-14,2.3826441422771355e-14,2.3969114724704116e-14,100000,0.0,0.0
2005-06-23 00:00:00+09:00,2.3826441260459822e-14,2.396911456142066e-14,2.3683767959498985e-14,2.3683767959498982e-14,350000,0.0,0.0
2005-06-24 00:00:00+09:00,2.3683767959498985e-14,2.3826441260459822e-14,2.3541094658538148e-14,2.3683767959498982e-14,320000,0.0,0.0
2005-06-27 00:00:00+09:00,2.339841588203783e-14,2.339841588203783e-14,2.311306934689103e-14,2.311306934689103e-14,400000,0.0,0.0
2005-06-28 00:00:00+09:00,2.3113073670396626e-14,2.3255746964658333e-14,2.3113073670396626e-14,2.3255746964658333e-14,270000,0.0,0.0
2005-06-29 00:00:00+09:00,2.3255744526856195e-14,2.339841780616206e-14,2.3255744526856195e-14,2.339841780616206e-14,300000,0.0,0.0
2005-06-30 00:00:00+09:00,2.339841780616206e-14,2.3541091085467925e-14,2.339841780616206e-14,2.339841780616206e-14,190000,0.0,0.0
2005-07-01 00:00:00+09:00,2.3541094658538148e-14,2.3683767959498985e-14,2.339842135757731e-14,2.3683767959498982e-14,350000,0.0,0.0
2005-07-04 00:00:00+09:00,2.3683767959498985e-14,2.3826441260459822e-14,2.3541094658538148e-14,2.3683767959498982e-14,320000,0.0,0.0
2005-07-05 00:00:00+09:00,2.3969117199866262e-14,2.4254463833198004e-14,2.354109724986865e-14,2.382644388320039e-14,1310000,0.0,0.0
2005-07-06 00:00:00+09:00,2.382644388320039e-14,2.382644388320039e-14,2.3683770566534522e-14,2.382644388320039e-14,200000,0.0,0.0
2005-07-07 00:00:00+09:00,2.3826442035128504e-14,2.3826442035128504e-14,2.354109542392936e-14,2.3541095423929362e-14,330000,0.0,0.0
2005-07-08 00:00:00+09:00,2.354109542392936e-14,2.368376872952893e-14,2.339842211832979e-14,2.3541095423929362e-14,300000,0.0,0.0
2005-07-11 00:00:00+09:00,2.3541094658538148e-14,2.3683767959498985e-14,2.3541094658538148e-14,2.3683767959498982e-14,140000,0.0,0.0
2005-07-12 00:00:00+09:00,2.3541091085467925e-14,2.3683764364773792e-14,2.339841780616206e-14,2.339841780616206e-14,250000,0.0,0.0
2005-07-13 00:00:00+09:00,2.3541094658538148e-14,2.3683767959498985e-14,2.339842135757731e-14,2.3683767959498982e-14,150000,0.0,0.0
2005-07-14 00:00:00+09:00,2.354109542392936e-14,2.368376872952893e-14,2.354109542392936e-14,2.3541095423929362e-14,90000,0.0,0.0
2005-07-15 00:00:00+09:00,2.3683764364773792e-14,2.3683764364773792e-14,2.339841780616206e-14,2.339841780616206e-14,280000,0.0,0.0
2005-07-18 00:00:00+09:00,2.339841780616206e-14,2.339841780616206e-14,2.339841780616206e-14,2.339841780616206e-14,0,0.0,0.0
2005-07-19 00:00:00+09:00,2.354109542392936e-14,2.354109542392936e-14,2.339842211832979e-14,2.3541095423929362e-14,190000,0.0,0.0
2005-07-20 00:00:00+09:00,2.3541091085467925e-14,2.3541091085467925e-14,2.339841780616206e-14,2.339841780616206e-14,330000,0.0,0.0
2005-07-21 00:00:00+09:00,2.3541091085467925e-14,2.3541091085467925e-14,2.339841780616206e-14,2.339841780616206e-14,110000,0.0,0.0
2005-07-22 00:00:00+09:00,2.3541091085467925e-14,2.3541091085467925e-14,2.339841780616206e-14,2.339841780616206e-14,110000,0.0,0.0
2005-07-25 00:00:00+09:00,2.354109542392936e-14,2.354109542392936e-14,2.339842211832979e-14,2.3541095423929362e-14,170000,0.0,0.0
2005-07-26 00:00:00+09:00,2.3541094658538148e-14,2.3683767959498985e-14,2.3541094658538148e-14,2.3683767959498982e-14,130000,0.0,0.0
2005-07-27 00:00:00+09:00,2.3683767959498985e-14,2.3683767959498985e-14,2.3541094658538148e-14,2.3683767959498982e-14,140000,0.0,0.0
2005-07-28 00:00:00+09:00,2.354109542392936e-14,2.368376872952893e-14,2.354109542392936e-14,2.3541095423929362e-14,170000,0.0,0.0
2005-07-29 00:00:00+09:00,2.354109542392936e-14,2.368376872952893e-14,2.354109542392936e-14,2.3541095423929362e-14,150000,0.0,0.0
2005-08-01 00:00:00+09:00,2.368376872952893e-14,2.368376872952893e-14,2.354109542392936e-14,2.3541095423929362e-14,150000,0.0,0.0
2005-08-02 00:00:00+09:00,2.354109542392936e-14,2.368376872952893e-14,2.354109542392936e-14,2.3541095423929362e-14,130000,0.0,0.0
2005-08-03 00:00:00+09:00,2.3683770566534522e-14,2.382644388320039e-14,2.3683770566534522e-14,2.382644388320039e-14,370000,0.0,0.0
2005-08-04 00:00:00+09:00,2.382644388320039e-14,2.3969117199866262e-14,2.3683770566534522e-14,2.382644388320039e-14,390000,0.0,0.0
2005-08-05 00:00:00+09:00,2.3826441260459822e-14,2.3826441260459822e-14,2.3541094658538148e-14,2.3683767959498982e-14,220000,0.0,0.0
2005-08-08 00:00:00+09:00,2.3541094658538148e-14,2.3683767959498985e-14,2.339842135757731e-14,2.3683767959498982e-14,280000,0.0,0.0
2005-08-09 00:00:00+09:00,2.3541094658538148e-14,2.3683767959498985e-14,2.3541094658538148e-14,2.3683767959498982e-14,110000,0.0,0.0
2005-08-10 00:00:00+09:00,2.382644388320039e-14,2.3969117199866262e-14,2.3683770566534522e-14,2.382644388320039e-14,480000,0.0,0.0
2005-08-11 00:00:00+09:00,2.382644388320039e-14,2.3969117199866262e-14,2.3683770566534522e-14,2.382644388320039e-14,290000,0.0,0.0
2005-08-12 00:00:00+09:00,2.3826441422771355e-14,2.396911472470412e-14,2.3683768120838594e-14,2.3969114724704116e-14,270000,0.0,0.0
2005-08-15 00:00:00+09:00,2.396911472470412e-14,2.396911472470412e-14,2.3683768120838594e-14,2.3969114724704116e-14,300000,0.0,0.0
2005-08-16 00:00:00+09:00,2.3826441422771355e-14,2.396911472470412e-14,2.3826441422771355e-14,2.3969114724704116e-14,190000,0.0,0.0
2005-08-17 00:00:00+09:00,2.3969117199866262e-14,2.4111790516532133e-14,2.3683770566534522e-14,2.382644388320039e-14,680000,0.0,0.0
2005-08-18 00:00:00+09:00,2.3969117199866262e-14,2.4111790516532133e-14,2.382644388320039e-14,2.382644388320039e-14,590000,0.0,0.0
2005-08-19 00:00:00+09:00,2.4397134025478873e-14,2.4682480622268098e-14,2.4111787428689645e-14,2.439713402547887e-14,2450000,0.0,0.0
2005-08-22 00:00:00+09:00,2.4397134025478873e-14,2.4539807323873486e-14,2.4111787428689645e-14,2.439713402547887e-14,500000,0.0,0.0
2005-08-23 00:00:00+09:00,2.4539807323873486e-14,2.4682480622268098e-14,2.4397134025478873e-14,2.439713402547887e-14,590000,0.0,0.0
2005-08-24 00:00:00+09:00,2.4397136496822055e-14,2.453980980966897e-14,2.425446318397514e-14,2.4254463183975145e-14,460000,0.0,0.0
2005-08-25 00:00:00+09:00,2.4254463965851712e-14,2.43971372832979e-14,2.4111790648405528e-14,2.4111790648405525e-14,620000,0.0,0.0
2005-08-26 00:00:00+09:00,4.5785318393342415e-14,4.605623743709e-14,4.5514399349594827e-14,4.605623743709e-14,280000,800.0,0.0
2005-08-29 00:00:00+09:00,4.6056231870873496e-14,4.6056231870873496e-14,4.5514393848863216e-14,4.5514393848863216e-14,170000,0.0,0.0
2005-08-30 00:00:00+09:00,4.578531564297661e-14,4.605623467044984e-14,4.578531564297661e-14,4.578531564297661e-14,130000,0.0,0.0
2005-08-31 00:00:00+09:00,4.5514393848863216e-14,4.5785312859868356e-14,4.5514393848863216e-14,4.5514393848863216e-14,160000,0.0,0.0
2005-09-01 00:00:00+09:00,4.5785312859868356e-14,4.5785312859868356e-14,4.5514393848863216e-14,4.5514393848863216e-14,200000,0.0,0.0
2005-09-02 00:00:00+09:00,4.5514396615503373e-14,4.578531564297661e-14,4.5514396615503373e-14,4.578531564297661e-14,350000,0.0,0.0
2005-09-05 00:00:00+09:00,4.5785312859868356e-14,4.5785312859868356e-14,4.5514393848863216e-14,4.5514393848863216e-14,110000,0.0,0.0
2005-09-06 00:00:00+09:00,4.578530661472124e-14,4.578530661472124e-14,4.5243468666618034e-14,4.5243468666618034e-14,380000,0.0,0.0
2005-09-07 00:00:00+09:00,4.5243468666618034e-14,4.5514387640669634e-14,4.5243468666618034e-14,4.5243468666618034e-14,160000,0.0,0.0
2005-09-08 00:00:00+09:00,4.524347605519459e-14,4.524347605519459e-14,4.497255703690001e-14,4.497255703690001e-14,240000,0.0,0.0
2005-09-09 00:00:00+09:00,4.497254742692621e-14,4.524346638732937e-14,4.4701628466523036e-14,4.4701628466523036e-14,410000,0.0,0.0
2005-09-12 00:00:00+09:00,4.497255582685294e-14,4.5514393848863216e-14,4.497255582685294e-14,4.5514393848863216e-14,390000,0.0,0.0
2005-09-13 00:00:00+09:00,4.524346638732937e-14,4.524346638732937e-14,4.4701628466523036e-14,4.4701628466523036e-14,590000,0.0,0.0
2005-09-14 00:00:00+09:00,4.4972549692566426e-14,4.5243468666618034e-14,4.4972549692566426e-14,4.5243468666618034e-14,450000,0.0,0.0
2005-09-15 00:00:00+09:00,4.524347605519459e-14,4.524347605519459e-14,4.497255703690001e-14,4.497255703690001e-14,250000,0.0,0.0
2005-09-16 00:00:00+09:00,4.497255703690001e-14,4.524347605519459e-14,4.470163801860543e-14,4.497255703690001e-14,660000,0.0,0.0
2005-09-19 00:00:00+09:00,4.497255703690001e-14,4.497255703690001e-14,4.497255703690001e-14,4.497255703690001e-14,0,0.0,0.0
2005-09-20 00:00:00+09:00,4.524348030584724e-14,4.605623743709e-14,4.497256126209965e-14,4.605623743709e-14,960000,0.0,0.0
2005-09-21 00:00:00+09:00,4.5514387640669634e-14,4.5514387640669634e-14,4.4972549692566426e-14,4.5243468666618034e-14,630000,0.0,0.0
2005-09-22 00:00:00+09:00,4.5243468666618034e-14,4.5514387640669634e-14,4.4972549692566426e-14,4.5243468666618034e-14,300000,0.0,0.0
2005-09-23 00:00:00+09:00,4.5243468666618034e-14,4.5243468666618034e-14,4.5243468666618034e-14,4.5243468666618034e-14,0,0.0,0.0
2005-09-26 00:00:00+09:00,4.57853010205131e-14,4.686897678431223e-14,4.551438207956332e-14,4.632713890241266e-14,1370000,0.0,0.0
2005-09-27 00:00:00+09:00,4.632713890241266e-14,4.659805784336244e-14,4.605621996146288e-14,4.632713890241266e-14,490000,0.0,0.0
2005-09-28 00:00:00+09:00,4.6056231870873496e-14,4.632715088187863e-14,4.5514393848863216e-14,4.5514393848863216e-14,310000,0.0,0.0
2005-09-29 00:00:00+09:00,4.5785309904695605e-14,4.7139904872290147e-14,4.5514390911176696e-14,4.686898587877124e-14,1000000,0.0,0.0
2005-09-30 00:00:00+09:00,4.686899175286954e-14,4.686899175286954e-14,4.578531564297661e-14,4.578531564297661e-14,670000,0.0,0.0
2005-10-03 00:00:00+09:00,4.497255582685294e-14,4.5785312859868356e-14,4.47016368158478e-14,4.5514393848863216e-14,1050000,0.0,0.0
2005-10-04 00:00:00+09:00,4.57853010205131e-14,4.659805784336244e-14,4.551438207956332e-14,4.632713890241266e-14,620000,0.0,0.0
2005-10-05 00:00:00+09:00,5.445471479878332e-14,5.445471479878332e-14,5.445471479878332e-14,5.445471479878332e-14,2400000,0.0,0.0
2005-10-06 00:00:00+09:00,5.472563857662154e-14,5.472563857662154e-14,5.093277253665767e-14,5.228736755093048e-14,6290000,0.0,0.0
2005-10-07 00:00:00+09:00,5.174552457035777e-14,5.174552457035777e-14,4.957817275589252e-14,4.9849091732700676e-14,1660000,0.0,0.0
2005-10-10 00:00:00+09:00,4.9849091732700676e-14,4.9849091732700676e-14,4.9849091732700676e-14,4.9849091732700676e-14,0,0.0,0.0
2005-10-11 00:00:00+09:00,5.147461510025561e-14,5.2287372180785964e-14,5.120369607341216e-14,5.1745534127099063e-14,1300000,0.0,0.0
2005-10-12 00:00:00+09:00,5.20164423686853e-14,5.2558280310025775e-14,5.1745523398015067e-14,5.20164423686853e-14,770000,0.0,0.0
2005-10-13 00:00:00+09:00,5.1745534127099063e-14,5.2287372180785964e-14,5.147461510025561e-14,5.1745534127099063e-14,520000,0.0,0.0
2005-10-14 00:00:00+09:00,5.1745523398015067e-14,5.20164423686853e-14,5.1474604427344827e-14,5.20164423686853e-14,320000,0.0,0.0
2005-10-17 00:00:00+09:00,5.20164423686853e-14,5.2287361339355534e-14,5.1745523398015067e-14,5.20164423686853e-14,420000,0.0,0.0
2005-10-18 00:00:00+09:00,5.228736245144641e-14,5.337103835717587e-14,5.2016443475014044e-14,5.310011938074351e-14,1420000,0.0,0.0
2005-10-19 00:00:00+09:00,5.337104235635927e-14,5.337104235635927e-14,5.25582853661609e-14,5.282920436289369e-14,560000,0.0,0.0
2005-10-20 00:00:00+09:00,5.310011938074351e-14,5.337103835717587e-14,5.2829200404311143e-14,5.310011938074351e-14,370000,0.0,0.0
2005-10-21 00:00:00+09:00,5.310011938074351e-14,5.337103835717587e-14,5.2829200404311143e-14,5.310011938074351e-14,510000,0.0,0.0
2005-10-24 00:00:00+09:00,5.418379413404719e-14,5.526747001672813e-14,5.391287516337695e-14,5.526747001672813e-14,1750000,0.0,0.0
2005-10-25 00:00:00+09:00,5.526747001672813e-14,5.5538388987398366e-14,5.472563207538766e-14,5.526747001672813e-14,1170000,0.0,0.0
2005-10-26 00:00:00+09:00,5.526747001672813e-14,5.526747001672813e-14,5.472563207538766e-14,5.526747001672813e-14,480000,0.0,0.0
2005-10-27 00:00:00+09:00,5.526747836429921e-14,5.635115441065802e-14,5.4996559352709505e-14,5.608023539906831e-14,920000,0.0,0.0
2005-10-28 00:00:00+09:00,5.60802314245291e-14,5.635115041691813e-14,5.553839343975104e-14,5.635115041691813e-14,490000,0.0,0.0
2005-10-31 00:00:00+09:00,5.716389414601606e-14,5.96021645124338e-14,5.689297521641408e-14,5.96021645124338e-14,1960000,0.0,0.0
2005-11-01 00:00:00+09:00,6.01440103386926e-14,6.041492930418221e-14,5.851849654575496e-14,5.906033447673417e-14,1210000,0.0,0.0
2005-11-02 00:00:00+09:00,5.85184930620259e-14,5.878941201138712e-14,5.716389831521974e-14,5.743481726458097e-14,920000,0.0,0.0
2005-11-03 00:00:00+09:00,5.743481726458097e-14,5.743481726458097e-14,5.743481726458097e-14,5.743481726458097e-14,0,0.0,0.0
2005-11-04 00:00:00+09:00,5.743481726458097e-14,5.797665516330343e-14,5.716389831521974e-14,5.743481726458097e-14,710000,0.0,0.0
2005-11-07 00:00:00+09:00,5.743482638647424e-14,5.770574537886328e-14,5.60802314245291e-14,5.635115041691813e-14,670000,0.0,0.0
2005-11-08 00:00:00+09:00,5.635115041691813e-14,5.662206940930716e-14,5.580931243214007e-14,5.635115041691813e-14,550000,0.0,0.0
2005-11-09 00:00:00+09:00,5.580931360495492e-14,5.6080232603037223e-14,5.5538394606872614e-14,5.580931360495492e-14,450000,0.0,0.0
2005-11-10 00:00:00+09:00,5.553839343975104e-14,5.635115041691813e-14,5.553839343975104e-14,5.635115041691813e-14,380000,0.0,0.0
2005-11-11 00:00:00+09:00,5.635115320523711e-14,5.743482922841475e-14,5.60802341994427e-14,5.662207221103152e-14,630000,0.0,0.0
2005-11-14 00:00:00+09:00,5.689298327873717e-14,5.770574018271913e-14,5.6622064310743175e-14,5.716390224673115e-14,890000,0.0,0.0
2005-11-15 00:00:00+09:00,5.743483045701682e-14,5.743483045701682e-14,5.5809316387478614e-14,5.608023539906831e-14,470000,0.0,0.0
2005-11-16 00:00:00+09:00,5.716391302421703e-14,5.716391302421703e-14,5.635115596700068e-14,5.689299400514491e-14,450000,0.0,0.0
2005-11-17 00:00:00+09:00,5.689299400514491e-14,5.689299400514491e-14,5.608023694792856e-14,5.689299400514491e-14,400000,0.0,0.0
2005-11-18 00:00:00+09:00,5.66220749860728e-14,5.689299400514491e-14,5.635115596700068e-14,5.689299400514491e-14,290000,0.0,0.0
2005-11-21 00:00:00+09:00,5.689298840169619e-14,5.689298840169619e-14,5.635115041691813e-14,5.635115041691813e-14,330000,0.0,0.0
2005-11-22 00:00:00+09:00,5.66220749860728e-14,5.689299400514491e-14,5.66220749860728e-14,5.689299400514491e-14,240000,0.0,0.0
2005-11-23 00:00:00+09:00,5.689299400514491e-14,5.689299400514491e-14,5.689299400514491e-14,5.689299400514491e-14,0,0.0,0.0
2005-11-24 00:00:00+09:00,5.716389831521974e-14,5.797665516330343e-14,5.716389831521974e-14,5.743481726458097e-14,900000,0.0,0.0
2005-11-25 00:00:00+09:00,5.743482121472513e-14,5.743482121472513e-14,5.689298327873717e-14,5.716390224673115e-14,440000,0.0,0.0
2005-11-28 00:00:00+09:00,5.743483632678038e-14,5.824759344461217e-14,5.716391728750311e-14,5.797667440533491e-14,610000,0.0,0.0
2005-11-29 00:00:00+09:00,5.824758543899272e-14,5.906034244511819e-14,5.824758543899272e-14,5.851850444103454e-14,590000,0.0,0.0
2005-11-30 00:00:00+09:00,5.906032665322986e-14,5.987308344203578e-14,5.878940772362788e-14,5.96021645124338e-14,960000,0.0,0.0
2005-12-01 00:00:00+09:00,5.987308344203578e-14,6.041492130123972e-14,5.96021645124338e-14,5.96021645124338e-14,820000,0.0,0.0
2005-12-02 00:00:00+09:00,5.987309985907435e-14,6.014401886296157e-14,5.960218085518714e-14,5.987309985907435e-14,430000,0.0,0.0
2005-12-05 00:00:00+09:00,6.014401808673323e-14,6.176953208907737e-14,6.014401808673323e-14,6.176953208907737e-14,970000,0.0,0.0
2005-12-06 00:00:00+09:00,6.176951961595503e-14,6.204043856163905e-14,6.0956762778903e-14,6.122768172458701e-14,510000,0.0,0.0
2005-12-07 00:00:00+09:00,6.231136773271928e-14,6.33950436932883e-14,6.204044874257701e-14,6.285320571300379e-14,1510000,0.0,0.0
2005-12-08 00:00:00+09:00,6.366595983090581e-14,6.366595983090581e-14,6.231136494088654e-14,6.25822839188904e-14,950000,0.0,0.0
2005-12-09 00:00:00+09:00,6.366596431908039e-14,6.393688331618286e-14,6.285320732777298e-14,6.366596431908039e-14,1220000,0.0,0.0
2005-12-12 00:00:00+09:00,6.474962831957367e-14,6.502054726651748e-14,6.420779042568601e-14,6.447870937262984e-14,1540000,0.0,0.0
2005-12-13 00:00:00+09:00,6.474963574292124e-14,6.474963574292124e-14,6.149860800687498e-14,6.25822839188904e-14,1630000,0.0,0.0
2005-12-14 00:00:00+09:00,6.09567758746232e-14,6.122769487851042e-14,5.743482882408943e-14,5.987309985907435e-14,1540000,0.0,0.0
2005-12-15 00:00:00+09:00,5.906035205754705e-14,5.933127110368259e-14,5.851851396527597e-14,5.878943301141151e-14,670000,0.0,0.0
2005-12-16 00:00:00+09:00,5.851850483963828e-14,5.987309985907435e-14,5.824758583575107e-14,5.987309985907435e-14,780000,0.0,0.0
2005-12-19 00:00:00+09:00,5.987309945124368e-14,6.01440184532855e-14,5.851850444103454e-14,5.851850444103454e-14,500000,0.0,0.0
2005-12-20 00:00:00+09:00,5.878941831403617e-14,5.960217524925326e-14,5.878941831403617e-14,5.933125627084757e-14,430000,0.0,0.0
2005-12-21 00:00:00+09:00,5.933125344222378e-14,5.960217240771339e-14,5.878941551124456e-14,5.906033447673417e-14,440000,0.0,0.0
2005-12-22 00:00:00+09:00,5.878943301141151e-14,5.906035205754705e-14,5.824759491914045e-14,5.878943301141151e-14,520000,0.0,0.0
2005-12-23 00:00:00+09:00,5.878943301141151e-14,5.878943301141151e-14,5.878943301141151e-14,5.878943301141151e-14,0,0.0,0.0
2005-12-26 00:00:00+09:00,5.851849654575496e-14,5.906033447673417e-14,5.824757758026535e-14,5.906033447673417e-14,540000,0.0,0.0
2005-12-27 00:00:00+09:00,5.906034244511819e-14,5.906034244511819e-14,5.851850444103454e-14,5.851850444103454e-14,360000,0.0,0.0
2005-12-28 00:00:00+09:00,5.851851396527597e-14,5.906035205754705e-14,5.851851396527597e-14,5.878943301141151e-14,320000,0.0,0.0
2005-12-29 00:00:00+09:00,5.933126733165448e-14,6.095678150512447e-14,5.906034830274282e-14,6.041494344730114e-14,1460000,0.0,0.0
2005-12-30 00:00:00+09:00,6.041492130123972e-14,6.041492130123972e-14,5.906032665322986e-14,5.96021645124338e-14,470000,0.0,0.0
2006-01-02 00:00:00+09:00,5.96021645124338e-14,5.96021645124338e-14,5.96021645124338e-14,5.96021645124338e-14,0,0.0,0.0
2006-01-03 00:00:00+09:00,5.96021645124338e-14,5.96021645124338e-14,5.96021645124338e-14,5.96021645124338e-14,0,0.0,0.0
2006-01-04 00:00:00+09:00,6.014400237163774e-14,6.041492130123972e-14,5.96021645124338e-14,5.96021645124338e-14,200000,0.0,0.0
2006-01-05 00:00:00+09:00,5.960217690505998e-14,6.014401487692417e-14,5.960217690505998e-14,6.014401487692417e-14,440000,0.0,0.0
2006-01-06 00:00:00+09:00,6.04149354964852e-14,6.149861146951634e-14,6.04149354964852e-14,6.095677348300077e-14,650000,0.0,0.0
2006-01-09 00:00:00+09:00,6.095677348300077e-14,6.095677348300077e-14,6.095677348300077e-14,6.095677348300077e-14,0,0.0,0.0
2006-01-10 00:00:00+09:00,6.20404494560319e-14,6.258228744254745e-14,6.068585448974299e-14,6.095677348300077e-14,1070000,0.0,0.0
2006-01-11 00:00:00+09:00,6.122769247625856e-14,6.122769247625856e-14,6.04149354964852e-14,6.095677348300077e-14,390000,0.0,0.0
2006-01-12 00:00:00+09:00,6.122770053403613e-14,6.122770053403613e-14,6.041494344730114e-14,6.041494344730114e-14,420000,0.0,0.0
2006-01-13 00:00:00+09:00,6.041493386285625e-14,6.068585284878835e-14,6.014401487692417e-14,6.014401487692417e-14,300000,0.0,0.0
2006-01-16 00:00:00+09:00,6.041494344730114e-14,6.06858624762128e-14,6.014402441838948e-14,6.041494344730114e-14,340000,0.0,0.0
2006-01-17 00:00:00+09:00,6.01440282420892e-14,6.041494728822474e-14,5.824759491914045e-14,5.878943301141151e-14,570000,0.0,0.0
2006-01-18 00:00:00+09:00,5.906033560611143e-14,5.933125457678167e-14,5.282919928069601e-14,5.526747001672813e-14,1160000,0.0,0.0
2006-01-19 00:00:00+09:00,5.337102842602612e-14,5.878940694643486e-14,5.337102842602612e-14,5.824756909439399e-14,760000,0.0,0.0
2006-01-20 00:00:00+09:00,5.906034080760953e-14,5.933125980213985e-14,5.743482684042762e-14,5.770574583495794e-14,420000,0.0,0.0
2006-01-23 00:00:00+09:00,4.6868974172686273e-14,5.120367698634512e-14,4.6868974172686273e-14,5.120367698634512e-14,5210000,0.0,0.0
2006-01-24 00:00:00+09:00,5.120369153951223e-14,5.310012455949417e-14,5.0390934530948546e-14,5.228736755093048e-14,1510000,0.0,0.0
2006-01-25 00:00:00+09:00,5.3100115442255284e-14,5.418379126760743e-14,5.2829196485917246e-14,5.337103439859332e-14,710000,0.0,0.0
2006-01-26 00:00:00+09:00,5.364196574417372e-14,5.4183803781993656e-14,5.337104672526375e-14,5.391288476308369e-14,410000,0.0,0.0
2006-01-27 00:00:00+09:00,5.391288537910765e-14,5.418380440111322e-14,5.337104733509652e-14,5.3641966357102083e-14,510000,0.0,0.0
2006-01-30 00:00:00+09:00,5.418380440111322e-14,5.499656146712992e-14,5.3641966357102083e-14,5.3641966357102083e-14,670000,0.0,0.0
2006-01-31 00:00:00+09:00,5.3641953354931355e-14,5.3641953354931355e-14,5.2829196485917246e-14,5.337103439859332e-14,550000,0.0,0.0
2006-02-01 00:00:00+09:00,5.282919928069601e-14,5.310011825136624e-14,5.1745523398015067e-14,5.20164423686853e-14,710000,0.0,0.0
2006-02-02 00:00:00+09:00,5.2016448548075923e-14,5.255828655378504e-14,5.2016448548075923e-14,5.228736755093048e-14,230000,0.0,0.0
2006-02-03 00:00:00+09:00,5.255828655378504e-14,5.255828655378504e-14,5.174552954522136e-14,5.228736755093048e-14,370000,0.0,0.0
2006-02-06 00:00:00+09:00,5.201645315394251e-14,5.2287372180785964e-14,5.147461510025561e-14,5.1745534127099063e-14,460000,0.0,0.0
2006-02-07 00:00:00+09:00,5.1745531345264536e-14,5.201645035754341e-14,5.147461233298567e-14,5.147461233298567e-14,530000,0.0,0.0
2006-02-08 00:00:00+09:00,5.147461233298567e-14,5.201645035754341e-14,5.147461233298567e-14,5.147461233298567e-14,450000,0.0,0.0
2006-02-09 00:00:00+09:00,5.1745531345264536e-14,5.201645035754341e-14,5.147461233298567e-14,5.147461233298567e-14,360000,0.0,0.0
2006-02-10 00:00:00+09:00,5.1474595912198797e-14,5.1474595912198797e-14,5.0932758060491444e-14,5.120367698634512e-14,530000,0.0,0.0
2006-02-13 00:00:00+09:00,5.120368132914388e-14,5.147460027797533e-14,4.876541078966084e-14,4.9036329738492285e-14,760000,0.0,0.0
2006-02-14 00:00:00+09:00,4.957816883973373e-14,5.0390925705958873e-14,4.903633092891697e-14,5.012000675055049e-14,560000,0.0,0.0
2006-02-15 00:00:00+09:00,5.039092176840031e-14,5.066184070263901e-14,5.0120002834161594e-14,5.039092176840031e-14,260000,0.0,0.0
2006-02-16 00:00:00+09:00,5.0390937483564776e-14,5.1474613558480146e-14,5.012001846483593e-14,5.093277552102246e-14,360000,0.0,0.0
2006-02-17 00:00:00+09:00,5.0932759636877725e-14,5.120367857111644e-14,5.039092176840031e-14,5.039092176840031e-14,270000,0.0,0.0
2006-02-20 00:00:00+09:00,5.066184343148098e-14,5.066184343148098e-14,4.9036329738492285e-14,4.9036329738492285e-14,430000,0.0,0.0
2006-02-21 00:00:00+09:00,4.903631861134908e-14,4.9578156386060127e-14,4.8765399723993566e-14,4.9578156386060127e-14,350000,0.0,0.0
2006-02-22 00:00:00+09:00,5.0120010709508835e-14,5.039092968631699e-14,4.9849091732700676e-14,4.9849091732700676e-14,540000,0.0,0.0
2006-02-23 00:00:00+09:00,8.723591210267106e-14,8.963250309450267e-14,8.723591210267106e-14,8.867386669777003e-14,360000,800.0,0.0
2006-02-24 00:00:00+09:00,8.867386669777003e-14,8.915318489613636e-14,8.819454849940371e-14,8.867386669777003e-14,126500,0.0,0.0
2006-02-27 00:00:00+09:00,8.867387951374679e-14,8.915319778138868e-14,8.819456124610492e-14,8.819456124610492e-14,159700,0.0,0.0
2006-02-28 00:00:00+09:00,8.867383380010331e-14,8.91531518206444e-14,8.77151977590211e-14,8.91531518206444e-14,240000,0.0,0.0
2006-03-01 00:00:00+09:00,8.867387951374679e-14,8.867387951374679e-14,8.771524297846305e-14,8.819456124610492e-14,190000,0.0,0.0
2006-03-02 00:00:00+09:00,8.867384451754115e-14,8.867384451754115e-14,8.771520836059477e-14,8.771520836059477e-14,97900,0.0,0.0
2006-03-03 00:00:00+09:00,8.819452643906796e-14,8.819452643906796e-14,8.771520836059477e-14,8.771520836059477e-14,190000,0.0,0.0
2006-03-06 00:00:00+09:00,8.819452643906796e-14,8.819452643906796e-14,8.771520836059477e-14,8.771520836059477e-14,190000,0.0,0.0
2006-03-07 00:00:00+09:00,8.819456124610492e-14,8.867387951374679e-14,8.771524297846305e-14,8.819456124610492e-14,190000,0.0,0.0
2006-03-08 00:00:00+09:00,8.81945157795622e-14,8.91531518206444e-14,8.81945157795622e-14,8.91531518206444e-14,160000,0.0,0.0
2006-03-09 00:00:00+09:00,8.915318058372066e-14,9.059113510926453e-14,8.867386240853935e-14,9.011181693408324e-14,350000,0.0,0.0
2006-03-10 00:00:00+09:00,9.059114427556315e-14,9.202909894660384e-14,9.011182605188292e-14,9.154978072292361e-14,430000,0.0,0.0
2006-03-13 00:00:00+09:00,9.202909613154744e-14,9.442568717663982e-14,9.202909613154744e-14,9.394636896762135e-14,540000,0.0,0.0
2006-03-14 00:00:00+09:00,9.346703641090193e-14,9.346703641090193e-14,9.202908200458035e-14,9.346703641090193e-14,250000,0.0,0.0
2006-03-15 00:00:00+09:00,9.346707573429678e-14,9.346707573429678e-14,9.250843906009887e-14,9.250843906009887e-14,149900,0.0,0.0
2006-03-16 00:00:00+09:00,9.346704916005763e-14,9.346704916005763e-14,9.250841275841602e-14,9.298773095923682e-14,210000,0.0,0.0
2006-03-17 00:00:00+09:00,9.346707573429678e-14,9.346707573429678e-14,9.250843906009887e-14,9.250843906009887e-14,170000,0.0,0.0
2006-03-20 00:00:00+09:00,9.29877182754614e-14,9.346703641090193e-14,9.250840014002088e-14,9.346703641090193e-14,160000,0.0,0.0
2006-03-21 00:00:00+09:00,9.346703641090193e-14,9.346703641090193e-14,9.346703641090193e-14,9.346703641090193e-14,0,0.0,0.0
2006-03-22 00:00:00+09:00,9.298775739719782e-14,9.346707573429678e-14,9.250843906009887e-14,9.250843906009887e-14,140000,0.0,0.0
2006-03-23 00:00:00+09:00,9.250839752019142e-14,9.29877156420577e-14,9.202907939832514e-14,9.202907939832514e-14,220000,0.0,0.0
2006-03-24 00:00:00+09:00,9.20291207229999e-14,9.298775739719782e-14,9.20291207229999e-14,9.250843906009887e-14,130000,0.0,0.0
2006-03-27 00:00:00+09:00,9.250841275841602e-14,9.298773095923682e-14,9.250841275841602e-14,9.298773095923682e-14,130000,0.0,0.0
2006-03-28 00:00:00+09:00,9.29877182754614e-14,9.394635454634245e-14,9.29877182754614e-14,9.346703641090193e-14,150000,0.0,0.0
2006-03-29 00:00:00+09:00,9.346703813076578e-14,9.538431070780713e-14,9.298771998650544e-14,9.442567441928645e-14,440000,0.0,0.0
2006-03-30 00:00:00+09:00,9.538432473020777e-14,9.921887044800507e-14,9.538432473020777e-14,9.87395522332804e-14,990000,0.0,0.0
2006-03-31 00:00:00+09:00,1.0017752135801914e-13,1.0161547621004812e-13,9.82602482219805e-14,9.921888478999982e-14,940000,0.0,0.0
2006-04-03 00:00:00+09:00,1.0017750246959362e-13,1.0113613885686246e-13,9.969818427595919e-14,1.0017750246959362e-13,460000,0.0,0.0
2006-04-04 00:00:00+09:00,1.0065680964728813e-13,1.0209476407082081e-13,1.0017749150611056e-13,1.0161544592964325e-13,670000,0.0,0.0
2006-04-05 00:00:00+09:00,1.0113614490861202e-13,1.0209478135324342e-13,9.921887201934924e-14,9.969819024166493e-14,710000,0.0,0.0
2006-04-06 00:00:00+09:00,1.0017750246959362e-13,1.0065682066322803e-13,9.969818427595919e-14,1.0017750246959362e-13,230000,0.0,0.0
2006-04-07 00:00:00+09:00,1.0017750246959362e-13,1.0065682066322803e-13,9.921886608232477e-14,1.0017750246959362e-13,270000,0.0,0.0
2006-04-10 00:00:00+09:00,1.0161543511913903e-13,1.0449134366024674e-13,1.0113611702895441e-13,1.0305338938969288e-13,1380000,0.0,0.0
2006-04-11 00:00:00+09:00,1.0305342931898435e-13,1.035327475948866e-13,1.0209479276717984e-13,1.0257411104308209e-13,400000,0.0,0.0
2006-04-12 00:00:00+09:00,1.0209476407082081e-13,1.0257408221199837e-13,1.0113612778846569e-13,1.0161544592964325e-13,380000,0.0,0.0
2006-04-13 00:00:00+09:00,1.0161544678860624e-13,1.0209476493383551e-13,1.0113612864337697e-13,1.0209476493383551e-13,400000,0.0,0.0
2006-04-14 00:00:00+09:00,1.0209475320932365e-13,1.0305338938969288e-13,1.0161543511913903e-13,1.0305338938969288e-13,440000,0.0,0.0
2006-04-17 00:00:00+09:00,1.0305340122429406e-13,1.0353271936952334e-13,1.0209476493383551e-13,1.0209476493383551e-13,440000,0.0,0.0
2006-04-18 00:00:00+09:00,1.0257407129950826e-13,1.0305338938969288e-13,1.0209475320932365e-13,1.0305338938969288e-13,230000,0.0,0.0
2006-04-19 00:00:00+09:00,1.0305341053414498e-13,1.0353272872267588e-13,1.0257409234561407e-13,1.0353272872267588e-13,340000,0.0,0.0
2006-04-20 00:00:00+09:00,1.0401206202540598e-13,1.0497069854176917e-13,1.0401206202540598e-13,1.0449138028358756e-13,660000,0.0,0.0
2006-04-21 00:00:00+09:00,1.040120469112068e-13,1.044913650997377e-13,1.0353272872267588e-13,1.0353272872267588e-13,240000,0.0,0.0
2006-04-24 00:00:00+09:00,1.0305340035317594e-13,1.0305340035317594e-13,1.0065680964728813e-13,1.0161544592964325e-13,360000,0.0,0.0
2006-04-25 00:00:00+09:00,1.0161544678860624e-13,1.0305340122429406e-13,1.0161544678860624e-13,1.0209476493383551e-13,320000,0.0,0.0
2006-04-26 00:00:00+09:00,1.0305341053414498e-13,1.0353272872267588e-13,1.0257409234561407e-13,1.0353272872267588e-13,300000,0.0,0.0
2006-04-27 00:00:00+09:00,1.0305338938969288e-13,1.035327074798775e-13,1.0257407129950826e-13,1.0305338938969288e-13,130000,0.0,0.0
2006-04-28 00:00:00+09:00,1.0209479276717984e-13,1.0257411104308209e-13,1.0209479276717984e-13,1.0257411104308209e-13,220000,0.0,0.0
2006-05-01 00:00:00+09:00,1.0305342931898435e-13,1.0305342931898435e-13,1.0161547449127759e-13,1.0257411104308209e-13,220000,0.0,0.0
2006-05-02 00:00:00+09:00,1.0257411104308209e-13,1.0305342931898435e-13,1.0209479276717984e-13,1.0257411104308209e-13,110000,0.0,0.0
2006-05-03 00:00:00+09:00,1.0257411104308209e-13,1.0257411104308209e-13,1.0257411104308209e-13,1.0257411104308209e-13,0,0.0,0.0
2006-05-04 00:00:00+09:00,1.0257411104308209e-13,1.0257411104308209e-13,1.0257411104308209e-13,1.0257411104308209e-13,0,0.0,0.0
2006-05-05 00:00:00+09:00,1.0257411104308209e-13,1.0257411104308209e-13,1.0257411104308209e-13,1.0257411104308209e-13,0,0.0,0.0
2006-05-08 00:00:00+09:00,1.0305342931898435e-13,1.035327475948866e-13,1.0257411104308209e-13,1.0257411104308209e-13,180000,0.0,0.0
2006-05-09 00:00:00+09:00,1.035327074798775e-13,1.0401202557006213e-13,1.0305338938969288e-13,1.0305338938969288e-13,290000,0.0,0.0
2006-05-10 00:00:00+09:00,1.0305340122429406e-13,1.0353271936952334e-13,1.0209476493383551e-13,1.0209476493383551e-13,170000,0.0,0.0
2006-05-11 00:00:00+09:00,1.0209476493383551e-13,1.0257408307906479e-13,1.0161544678860624e-13,1.0209476493383551e-13,280000,0.0,0.0
2006-05-12 00:00:00+09:00,1.0161543511913903e-13,1.0305338938969288e-13,1.0113611702895441e-13,1.0305338938969288e-13,460000,0.0,0.0
2006-05-15 00:00:00+09:00,1.0257407129950826e-13,1.035327074798775e-13,1.0209475320932365e-13,1.0305338938969288e-13,350000,0.0,0.0
2006-05-16 00:00:00+09:00,1.0305338938969288e-13,1.035327074798775e-13,1.0257407129950826e-13,1.0305338938969288e-13,180000,0.0,0.0
2006-05-17 00:00:00+09:00,1.0401204095060457e-13,1.0544999543379264e-13,1.0257408646741649e-13,1.0401204095060457e-13,970000,0.0,0.0
2006-05-18 00:00:00+09:00,1.0401203760846553e-13,1.0592931019111004e-13,1.035327194628044e-13,1.0592931019111004e-13,1010000,0.0,0.0
2006-05-19 00:00:00+09:00,1.0784657355485597e-13,1.0928452786892071e-13,1.0688793734547946e-13,1.083258916595442e-13,1540000,0.0,0.0
2006-05-22 00:00:00+09:00,1.1024320155763115e-13,1.1168115636055678e-13,1.0976388328998928e-13,1.1024320155763115e-13,1110000,0.0,0.0
2006-05-23 00:00:00+09:00,1.0976384688103812e-13,1.1024316498968894e-13,1.0736725633778401e-13,1.0880521066373647e-13,670000,0.0,0.0
2006-05-24 00:00:00+09:00,1.0880524528806572e-13,1.0928456354924662e-13,1.0784660876570391e-13,1.0928456354924662e-13,270000,0.0,0.0
2006-05-25 00:00:00+09:00,1.0928453730232175e-13,1.0976385544838457e-13,1.0880521915625895e-13,1.0976385544838457e-13,250000,0.0,0.0
2006-05-26 00:00:00+09:00,1.0928452786892071e-13,1.0928452786892071e-13,1.083258916595442e-13,1.083258916595442e-13,220000,0.0,0.0
2006-05-29 00:00:00+09:00,1.0832589255508565e-13,1.0880521066373648e-13,1.0832589255508565e-13,1.0880521066373647e-13,160000,0.0,0.0
2006-05-30 00:00:00+09:00,1.0880525530199295e-13,1.0880525530199295e-13,1.0640866377551733e-13,1.0688798208081246e-13,370000,0.0,0.0
2006-05-31 00:00:00+09:00,1.0545002435657329e-13,1.0592934264910317e-13,1.0401206947898365e-13,1.0497070606404341e-13,370000,0.0,0.0
2006-06-01 00:00:00+09:00,1.0497068328826861e-13,1.0592931966533042e-13,1.0305341053414498e-13,1.0353272872267588e-13,380000,0.0,0.0
2006-06-02 00:00:00+09:00,1.0257410725086119e-13,1.0449138028358756e-13,9.682228815268206e-14,1.0449138028358756e-13,530000,0.0,0.0
2006-06-05 00:00:00+09:00,1.0497066405120923e-13,1.083258907560424e-13,1.0497066405120923e-13,1.0784657265535194e-13,680000,0.0,0.0
2006-06-06 00:00:00+09:00,1.0592934547022221e-13,1.0736730038610759e-13,1.054500271649271e-13,1.0688798208081246e-13,330000,0.0,0.0
2006-06-07 00:00:00+09:00,1.0592933505813236e-13,1.0784660809085872e-13,1.0449138028358756e-13,1.0449138028358756e-13,260000,0.0,0.0
2006-06-08 00:00:00+09:00,1.0305342633646334e-13,1.0401206286052346e-13,1.0017751676428297e-13,1.0065683502631304e-13,350000,0.0,0.0
2006-06-09 00:00:00+09:00,1.0065681049814769e-13,1.0257408307906479e-13,9.921885606245987e-14,1.0209476493383551e-13,350000,0.0,0.0
2006-06-12 00:00:00+09:00,1.0113615621537533e-13,1.0305342931898435e-13,1.0065683793947309e-13,1.0257411104308209e-13,109900,0.0,0.0
2006-06-13 00:00:00+09:00,1.0161544506253844e-13,1.0257408133671333e-13,1.0113612692545099e-13,1.0113612692545099e-13,147900,0.0,0.0
2006-06-14 00:00:00+09:00,1.0113612873449873e-13,1.0592931019111004e-13,1.0113612873449873e-13,1.0592931019111004e-13,480000,0.0,0.0
2006-06-15 00:00:00+09:00,1.078466186914027e-13,1.0832593699669783e-13,1.0592934547022221e-13,1.0688798208081246e-13,450000,0.0,0.0
2006-06-16 00:00:00+09:00,1.0736725455466148e-13,1.083258907560424e-13,1.0736725455466148e-13,1.0784657265535194e-13,240000,0.0,0.0
2006-06-19 00:00:00+09:00,1.0784661258690517e-13,1.0784661258690517e-13,1.0688797603057713e-13,1.0736729430874115e-13,120000,0.0,0.0
2006-06-20 00:00:00+09:00,1.073672647180705e-13,1.0976385544838457e-13,1.0688794657200768e-13,1.0976385544838457e-13,640000,0.0,0.0
2006-06-21 00:00:00+09:00,1.0832593411175256e-13,1.1072252557440195e-13,1.0401206947898365e-13,1.0497070606404341e-13,1550000,0.0,0.0
2006-06-22 00:00:00+09:00,1.0545001679995075e-13,1.0545001679995075e-13,1.0257410725086119e-13,1.0449138028358756e-13,480000,0.0,0.0
2006-06-23 00:00:00+09:00,1.0449135911166726e-13,1.0449135911166726e-13,1.0305340462847918e-13,1.0401204095060457e-13,190000,0.0,0.0
2006-06-26 00:00:00+09:00,1.035327475948866e-13,1.0401206587078885e-13,1.0257411104308209e-13,1.0257411104308209e-13,200000,0.0,0.0
2006-06-27 00:00:00+09:00,1.0257407129950826e-13,1.0305338938969288e-13,1.0209475320932365e-13,1.0305338938969288e-13,128200,0.0,0.0
2006-06-28 00:00:00+09:00,1.0209475320932365e-13,1.035327074798775e-13,1.0161543511913903e-13,1.0305338938969288e-13,250000,0.0,0.0
2006-06-29 00:00:00+09:00,1.0305342931898435e-13,1.044913841466911e-13,1.0257411104308209e-13,1.0257411104308209e-13,260000,0.0,0.0
2006-06-30 00:00:00+09:00,1.0401204095060457e-13,1.0449135911166726e-13,1.0353272278954187e-13,1.0401204095060457e-13,140000,0.0,0.0
2006-07-03 00:00:00+09:00,1.0592934264910317e-13,1.0688797923416293e-13,1.0449138777151353e-13,1.0497070606404341e-13,360000,0.0,0.0
2006-07-04 00:00:00+09:00,1.0592931019111004e-13,1.0640862833677118e-13,1.0544999204544891e-13,1.0592931019111004e-13,160000,0.0,0.0
2006-07-05 00:00:00+09:00,1.0497066629969669e-13,1.054499844106542e-13,1.0449134818873916e-13,1.054499844106542e-13,170000,0.0,0.0
2006-07-06 00:00:00+09:00,1.0449138028358756e-13,1.0497069854176917e-13,1.0449138028358756e-13,1.0449138028358756e-13,109400,0.0,0.0
2006-07-07 00:00:00+09:00,1.0545002435657329e-13,1.0592934264910317e-13,1.0497070606404341e-13,1.0497070606404341e-13,200000,0.0,0.0
2006-07-10 00:00:00+09:00,1.0449138777151353e-13,1.0497070606404341e-13,1.0401206947898365e-13,1.0497070606404341e-13,110000,0.0,0.0
2006-07-11 00:00:00+09:00,1.0449135911166726e-13,1.0497067727272996e-13,1.0353272278954187e-13,1.0401204095060457e-13,170000,0.0,0.0
2006-07-12 00:00:00+09:00,1.040120469112068e-13,1.040120469112068e-13,1.0305341053414498e-13,1.0353272872267588e-13,160000,0.0,0.0
2006-07-13 00:00:00+09:00,1.0257409234561407e-13,1.0353272872267588e-13,1.0209477415708317e-13,1.0353272872267588e-13,160000,0.0,0.0
2006-07-14 00:00:00+09:00,1.0305340122429406e-13,1.0353271936952334e-13,1.0209476493383551e-13,1.0209476493383551e-13,180000,0.0,0.0
2006-07-17 00:00:00+09:00,1.0209476493383551e-13,1.0209476493383551e-13,1.0209476493383551e-13,1.0209476493383551e-13,0,0.0,0.0
2006-07-18 00:00:00+09:00,1.0161544592964325e-13,1.0209476407082081e-13,1.0065680964728813e-13,1.0161544592964325e-13,270000,0.0,0.0
2006-07-19 00:00:00+09:00,1.0113612778846569e-13,1.0209476407082081e-13,1.0065680964728813e-13,1.0161544592964325e-13,230000,0.0,0.0
2006-07-20 00:00:00+09:00,1.0209475320932365e-13,1.0305338938969288e-13,1.0161543511913903e-13,1.0305338938969288e-13,150000,0.0,0.0
2006-07-21 00:00:00+09:00,1.0209479276717984e-13,1.0401206587078885e-13,1.0209479276717984e-13,1.0257411104308209e-13,170000,0.0,0.0
2006-07-24 00:00:00+09:00,1.035327475948866e-13,1.0401206587078885e-13,1.0257411104308209e-13,1.0257411104308209e-13,128600,0.0,0.0
2006-07-25 00:00:00+09:00,1.0305341053414498e-13,1.0353272872267588e-13,1.0305341053414498e-13,1.0353272872267588e-13,108000,0.0,0.0
2006-07-26 00:00:00+09:00,1.0353272872267588e-13,1.044913650997377e-13,1.0305341053414498e-13,1.0353272872267588e-13,210000,0.0,0.0
2006-07-27 00:00:00+09:00,1.0401206202540598e-13,1.0497069854176917e-13,1.0353274376722438e-13,1.0449138028358756e-13,370000,0.0,0.0
2006-07-28 00:00:00+09:00,1.0449135565998189e-13,1.0449135565998189e-13,1.0113612864337697e-13,1.0209476493383551e-13,330000,0.0,0.0
2006-07-31 00:00:00+09:00,1.0257411104308209e-13,1.0305342931898435e-13,1.0257411104308209e-13,1.0257411104308209e-13,200000,0.0,0.0
2006-08-01 00:00:00+09:00,1.0305341053414498e-13,1.0353272872267588e-13,1.0257409234561407e-13,1.0353272872267588e-13,140000,0.0,0.0
2006-08-02 00:00:00+09:00,1.0353272872267588e-13,1.0353272872267588e-13,1.0305341053414498e-13,1.0353272872267588e-13,120000,0.0,0.0
2006-08-03 00:00:00+09:00,1.0305342931898435e-13,1.035327475948866e-13,1.0257411104308209e-13,1.0257411104308209e-13,90000,0.0,0.0
2006-08-04 00:00:00+09:00,1.0305338938969288e-13,1.035327074798775e-13,1.0257407129950826e-13,1.0305338938969288e-13,127300,0.0,0.0
2006-08-07 00:00:00+09:00,1.0305340122429406e-13,1.0353271936952334e-13,1.0209476493383551e-13,1.0209476493383551e-13,140000,0.0,0.0
2006-08-08 00:00:00+09:00,1.0161547449127759e-13,1.0257411104308209e-13,1.0161547449127759e-13,1.0257411104308209e-13,210000,0.0,0.0
2006-08-09 00:00:00+09:00,1.0257407129950826e-13,1.0305338938969288e-13,1.0209475320932365e-13,1.0305338938969288e-13,150000,0.0,0.0
2006-08-10 00:00:00+09:00,1.0305340122429406e-13,1.0305340122429406e-13,1.0161544678860624e-13,1.0209476493383551e-13,200000,0.0,0.0
2006-08-11 00:00:00+09:00,1.0209476319962588e-13,1.0209476319962588e-13,1.0065680878836355e-13,1.0113612692545099e-13,340000,0.0,0.0
2006-08-14 00:00:00+09:00,1.0113612692545099e-13,1.0161544506253844e-13,1.001774906512761e-13,1.0113612692545099e-13,240000,0.0,0.0
2006-08-15 00:00:00+09:00,1.0113612778846569e-13,1.0161544592964325e-13,1.0065680964728813e-13,1.0161544592964325e-13,170000,0.0,0.0
2006-08-16 00:00:00+09:00,1.0161544506253844e-13,1.0161544506253844e-13,1.0113612692545099e-13,1.0113612692545099e-13,200000,0.0,0.0
2006-08-17 00:00:00+09:00,1.0161544592964325e-13,1.0209476407082081e-13,1.0113612778846569e-13,1.0161544592964325e-13,180000,0.0,0.0
2006-08-18 00:00:00+09:00,1.0209476493383551e-13,1.0257408307906479e-13,1.0161544678860624e-13,1.0209476493383551e-13,130000,0.0,0.0
2006-08-21 00:00:00+09:00,1.0209476407082081e-13,1.0209476407082081e-13,1.0161544592964325e-13,1.0161544592964325e-13,150000,0.0,0.0
2006-08-22 00:00:00+09:00,1.0209476493383551e-13,1.0209476493383551e-13,1.0161544678860624e-13,1.0209476493383551e-13,110000,0.0,0.0
2006-08-23 00:00:00+09:00,1.0209476493383551e-13,1.0209476493383551e-13,1.0161544678860624e-13,1.0209476493383551e-13,100000,0.0,0.0
2006-08-24 00:00:00+09:00,1.0209476319962588e-13,1.0209476319962588e-13,1.0113612692545099e-13,1.0113612692545099e-13,160000,0.0,0.0
2006-08-25 00:00:00+09:00,1.0113615328834309e-13,1.0161547155037316e-13,1.0065683502631304e-13,1.0065683502631304e-13,530000,0.0,0.0
2006-08-28 00:00:00+09:00,1.610509292392637e-13,1.610509292392637e-13,1.5717951267101216e-13,1.5795379598466247e-13,490000,800.0,0.0
2006-08-29 00:00:00+09:00,1.5795381034229024e-13,1.5872809372632108e-13,1.5563096019019774e-13,1.5640524357422858e-13,270000,0.0,0.0
2006-08-30 00:00:00+09:00,1.5872807766925044e-13,1.6182521089206509e-13,1.5717951105784313e-13,1.6182521089206509e-13,530000,0.0,0.0
2006-08-31 00:00:00+09:00,1.6027664460332213e-13,1.61825211217847e-13,1.5950236129605972e-13,1.6105092791058456e-13,300000,0.0,0.0
2006-09-01 00:00:00+09:00,1.610509285684742e-13,1.610509285684742e-13,1.5950236194762352e-13,1.5950236194762352e-13,80000,0.0,0.0
2006-09-04 00:00:00+09:00,1.6182521154677655e-13,1.6259949485561279e-13,1.6027664492910404e-13,1.6027664492910404e-13,260000,0.0,0.0
2006-09-05 00:00:00+09:00,1.6027664492910404e-13,1.6027664492910404e-13,1.5872807831143153e-13,1.6027664492910404e-13,260000,0.0,0.0
2006-09-06 00:00:00+09:00,1.6105095411213704e-13,1.6259952097859992e-13,1.595023872456742e-13,1.6259952097859992e-13,350000,0.0,0.0
2006-09-07 00:00:00+09:00,1.633737226449175e-13,1.649222887363385e-13,1.62599439599207e-13,1.633737226449175e-13,700000,0.0,0.0
2006-09-08 00:00:00+09:00,1.6337380441183135e-13,1.6337380441183135e-13,1.6182523754536847e-13,1.6259952097859992e-13,230000,0.0,0.0
2006-09-11 00:00:00+09:00,1.6259949419776875e-13,1.633737775034724e-13,1.6182521089206509e-13,1.6182521089206509e-13,140000,0.0,0.0
2006-09-12 00:00:00+09:00,1.61825211217847e-13,1.6259949452510943e-13,1.6105092791058456e-13,1.6105092791058456e-13,160000,0.0,0.0
2006-09-13 00:00:00+09:00,1.61825211217847e-13,1.61825211217847e-13,1.6027664460332213e-13,1.6105092791058456e-13,230000,0.0,0.0
2006-09-14 00:00:00+09:00,1.6105095411213704e-13,1.6337380441183135e-13,1.6105095411213704e-13,1.6259952097859992e-13,200000,0.0,0.0
2006-09-15 00:00:00+09:00,1.6259949419776875e-13,1.6259949419776875e-13,1.6027664428065778e-13,1.6182521089206509e-13,270000,0.0,0.0
2006-09-18 00:00:00+09:00,1.6182521089206509e-13,1.6182521089206509e-13,1.6182521089206509e-13,1.6182521089206509e-13,0,0.0,0.0
2006-09-19 00:00:00+09:00,1.6259946817047686e-13,1.6259946817047686e-13,1.5563091953459928e-13,1.5717948589812764e-13,620000,0.0,0.0
2006-09-20 00:00:00+09:00,1.5640518977273887e-13,1.5640518977273887e-13,1.5330805730199155e-13,1.540823404196784e-13,350000,0.0,0.0
2006-09-21 00:00:00+09:00,1.5485662353736522e-13,1.5563090665505204e-13,1.486623585958706e-13,1.540823404196784e-13,500000,0.0,0.0
2006-09-22 00:00:00+09:00,1.5021097807965383e-13,1.5485667843263282e-13,1.4943669468749068e-13,1.533081116483065e-13,480000,0.0,0.0
2006-09-25 00:00:00+09:00,1.533081116483065e-13,1.533081116483065e-13,1.486624112953275e-13,1.533081116483065e-13,240000,0.0,0.0
2006-09-26 00:00:00+09:00,1.533081116483065e-13,1.5485667843263282e-13,1.5175954486398016e-13,1.533081116483065e-13,107400,0.0,0.0
2006-09-27 00:00:00+09:00,1.5408235376891763e-13,1.556309201384545e-13,1.5330807058414921e-13,1.5485663695368607e-13,100000,0.0,0.0
2006-09-28 00:00:00+09:00,1.5485663695368607e-13,1.556309201384545e-13,1.5330807058414921e-13,1.5485663695368607e-13,160000,0.0,0.0
2006-09-29 00:00:00+09:00,1.5485667969627171e-13,1.5563096309475307e-13,1.4788812910993948e-13,1.5098526270386492e-13,750000,0.0,0.0
2006-10-02 00:00:00+09:00,1.5021097807965383e-13,1.5485667843263282e-13,1.5021097807965383e-13,1.533081116483065e-13,520000,0.0,0.0
2006-10-03 00:00:00+09:00,1.5175956021589e-13,1.5253384368637924e-13,1.4943670980442231e-13,1.5021099327491155e-13,490000,0.0,0.0
2006-10-04 00:00:00+09:00,1.486623739668968e-13,1.4943665716464106e-13,1.4479095797817554e-13,1.455652411759198e-13,590000,0.0,0.0
2006-10-05 00:00:00+09:00,1.4633953948730808e-13,1.4711382276501872e-13,1.4091955654333372e-13,1.4169383982104433e-13,870000,0.0,0.0
2006-10-06 00:00:00+09:00,1.455652411759198e-13,1.4633952437366404e-13,1.4401667478043128e-13,1.455652411759198e-13,590000,0.0,0.0
2006-10-09 00:00:00+09:00,1.455652411759198e-13,1.455652411759198e-13,1.455652411759198e-13,1.455652411759198e-13,0,0.0,0.0
2006-10-10 00:00:00+09:00,1.4324240607862554e-13,1.440166893547262e-13,1.4169383952642417e-13,1.4246812280252485e-13,400000,0.0,0.0
2006-10-11 00:00:00+09:00,1.416938267177722e-13,1.4246810992388025e-13,1.3937097709944808e-13,1.4014526030555613e-13,330000,0.0,0.0
2006-10-12 00:00:00+09:00,1.4014530233361787e-13,1.4014530233361787e-13,1.3782245201869603e-13,1.3782245201869603e-13,510000,0.0,0.0
2006-10-13 00:00:00+09:00,1.3937101708808386e-13,1.4169386737288525e-13,1.3859673365981673e-13,1.4091958394461812e-13,410000,0.0,0.0
2006-10-16 00:00:00+09:00,1.4169379901694905e-13,1.4401664818116134e-13,1.4091951596221162e-13,1.432423651264239e-13,480000,0.0,0.0
2006-10-17 00:00:00+09:00,1.440166893547262e-13,1.440166893547262e-13,1.4246812280252485e-13,1.4246812280252485e-13,137800,0.0,0.0
2006-10-18 00:00:00+09:00,1.4324240607862554e-13,1.4324240607862554e-13,1.4091955625032349e-13,1.4246812280252485e-13,270000,0.0,0.0
2006-10-19 00:00:00+09:00,1.4246815080115238e-13,1.4246815080115238e-13,1.4091958394461812e-13,1.4091958394461812e-13,160000,0.0,0.0
2006-10-20 00:00:00+09:00,1.4169383982104433e-13,1.4246812309875497e-13,1.4091955654333372e-13,1.4169383982104433e-13,199600,0.0,0.0
2006-10-23 00:00:00+09:00,1.424680819992173e-13,1.4401664810790443e-13,1.424680819992173e-13,1.4401664810790443e-13,260000,0.0,0.0
2006-10-24 00:00:00+09:00,1.447909175368578e-13,1.447909175368578e-13,1.4324235157389675e-13,1.447909175368578e-13,280000,0.0,0.0
2006-10-25 00:00:00+09:00,1.455652411759198e-13,1.471138075714083e-13,1.4479095797817554e-13,1.455652411759198e-13,340000,0.0,0.0
2006-10-26 00:00:00+09:00,1.4633952437366404e-13,1.4633952437366404e-13,1.4479095797817554e-13,1.455652411759198e-13,140000,0.0,0.0
2006-10-27 00:00:00+09:00,1.4556520051833832e-13,1.4633948349981885e-13,1.4401663455537728e-13,1.447909175368578e-13,199700,0.0,0.0
2006-10-30 00:00:00+09:00,1.4479098458242863e-13,1.4633955126245463e-13,1.4324241790240267e-13,1.4633955126245463e-13,390000,0.0,0.0
2006-10-31 00:00:00+09:00,1.4711380692601393e-13,1.4943665650905625e-13,1.463395237316665e-13,1.4788809012036136e-13,530000,0.0,0.0
2006-11-01 00:00:00+09:00,1.4866241461537245e-13,1.4866241461537245e-13,1.471138477964623e-13,1.471138477964623e-13,180000,0.0,0.0
2006-11-02 00:00:00+09:00,1.478881312059174e-13,1.478881312059174e-13,1.4633956438700725e-13,1.471138477964623e-13,170000,0.0,0.0
2006-11-03 00:00:00+09:00,1.471138477964623e-13,1.471138477964623e-13,1.471138477964623e-13,1.471138477964623e-13,0,0.0,0.0
2006-11-06 00:00:00+09:00,1.478881312059174e-13,1.4866241461537245e-13,1.471138477964623e-13,1.471138477964623e-13,150000,0.0,0.0
2006-11-07 00:00:00+09:00,1.478881312059174e-13,1.4866241461537245e-13,1.471138477964623e-13,1.471138477964623e-13,119300,0.0,0.0
2006-11-08 00:00:00+09:00,1.4711378032527872e-13,1.4711378032527872e-13,1.4401664810790443e-13,1.4401664810790443e-13,150000,0.0,0.0
2006-11-09 00:00:00+09:00,1.4401664818116134e-13,1.4479093123589877e-13,1.4246808207168648e-13,1.432423651264239e-13,170000,0.0,0.0
2006-11-10 00:00:00+09:00,1.4246812280252485e-13,1.4324240607862554e-13,1.4091955625032349e-13,1.4246812280252485e-13,157800,0.0,0.0
2006-11-13 00:00:00+09:00,1.4091958394461812e-13,1.4169386737288525e-13,1.40145300516351e-13,1.4091958394461812e-13,160000,0.0,0.0
2006-11-14 00:00:00+09:00,1.4169383952642417e-13,1.4324240607862554e-13,1.4169383952642417e-13,1.4246812280252485e-13,130000,0.0,0.0
2006-11-15 00:00:00+09:00,1.4324240607862554e-13,1.4324240607862554e-13,1.4246812280252485e-13,1.4246812280252485e-13,89700,0.0,0.0
2006-11-16 00:00:00+09:00,1.432423651264239e-13,1.4401664818116134e-13,1.4246808207168648e-13,1.432423651264239e-13,58600,0.0,0.0
2006-11-17 00:00:00+09:00,1.432423651264239e-13,1.4401664818116134e-13,1.4169379901694905e-13,1.432423651264239e-13,130000,0.0,0.0
2006-11-20 00:00:00+09:00,1.4246810992388025e-13,1.4246810992388025e-13,1.3937097709944808e-13,1.4014526030555613e-13,180000,0.0,0.0
2006-11-21 00:00:00+09:00,1.4014526030555613e-13,1.4091954351166418e-13,1.4014526030555613e-13,1.4014526030555613e-13,120000,0.0,0.0
2006-11-22 00:00:00+09:00,1.40145300516351e-13,1.4169386737288525e-13,1.3937101708808386e-13,1.4091958394461812e-13,148500,0.0,0.0
2006-11-23 00:00:00+09:00,1.4091958394461812e-13,1.4091958394461812e-13,1.4091958394461812e-13,1.4091958394461812e-13,0,0.0,0.0
2006-11-24 00:00:00+09:00,1.4091954351166418e-13,1.4091954351166418e-13,1.4014526030555613e-13,1.4014526030555613e-13,140000,0.0,0.0
2006-11-27 00:00:00+09:00,1.401452729742228e-13,1.4246812280252485e-13,1.401452729742228e-13,1.4246812280252485e-13,210000,0.0,0.0
2006-11-28 00:00:00+09:00,1.4169383952642417e-13,1.4324240607862554e-13,1.4169383952642417e-13,1.4246812280252485e-13,110000,0.0,0.0
2006-11-29 00:00:00+09:00,1.424680819992173e-13,1.4401664810790443e-13,1.424680819992173e-13,1.4401664810790443e-13,117800,0.0,0.0
2006-11-30 00:00:00+09:00,1.447909975680971e-13,1.471138477964623e-13,1.447909975680971e-13,1.471138477964623e-13,210000,0.0,0.0
2006-12-01 00:00:00+09:00,1.471138346024676e-13,1.478881179424806e-13,1.4556526792244164e-13,1.4633955126245463e-13,200000,0.0,0.0
2006-12-04 00:00:00+09:00,1.455652809775522e-13,1.471138477964623e-13,1.447909975680971e-13,1.471138477964623e-13,105500,0.0,0.0
2006-12-05 00:00:00+09:00,1.4788809076915255e-13,1.4788809076915255e-13,1.455652411759198e-13,1.455652411759198e-13,126400,0.0,0.0
2006-12-06 00:00:00+09:00,1.4633956438700725e-13,1.471138477964623e-13,1.455652809775522e-13,1.471138477964623e-13,130000,0.0,0.0
2006-12-07 00:00:00+09:00,1.471138477964623e-13,1.471138477964623e-13,1.4633956438700725e-13,1.471138477964623e-13,86600,0.0,0.0
2006-12-08 00:00:00+09:00,1.4633955126245463e-13,1.471138346024676e-13,1.4633955126245463e-13,1.4633955126245463e-13,110000,0.0,0.0
2006-12-11 00:00:00+09:00,1.471138477964623e-13,1.478881312059174e-13,1.4633956438700725e-13,1.471138477964623e-13,169800,0.0,0.0
2006-12-12 00:00:00+09:00,1.4633955126245463e-13,1.471138346024676e-13,1.4479098458242863e-13,1.4633955126245463e-13,220000,0.0,0.0
2006-12-13 00:00:00+09:00,1.4633955126245463e-13,1.4633955126245463e-13,1.4479098458242863e-13,1.4633955126245463e-13,120000,0.0,0.0
2006-12-14 00:00:00+09:00,1.471138075714083e-13,1.471138075714083e-13,1.455652411759198e-13,1.455652411759198e-13,107300,0.0,0.0
2006-12-15 00:00:00+09:00,1.4556520051833832e-13,1.4633948349981885e-13,1.447909175368578e-13,1.447909175368578e-13,148700,0.0,0.0
2006-12-18 00:00:00+09:00,1.447909175368578e-13,1.4556520051833832e-13,1.4401663455537728e-13,1.447909175368578e-13,94900,0.0,0.0
2006-12-19 00:00:00+09:00,1.4401664818116134e-13,1.4479093123589877e-13,1.432423651264239e-13,1.432423651264239e-13,126400,0.0,0.0
2006-12-20 00:00:00+09:00,1.4324235157389675e-13,1.447909175368578e-13,1.4324235157389675e-13,1.447909175368578e-13,180000,0.0,0.0
2006-12-21 00:00:00+09:00,1.4401664818116134e-13,1.4401664818116134e-13,1.432423651264239e-13,1.432423651264239e-13,100000,0.0,0.0
2006-12-22 00:00:00+09:00,1.4324240607862554e-13,1.4324240607862554e-13,1.4169383952642417e-13,1.4246812280252485e-13,190000,0.0,0.0
2006-12-25 00:00:00+09:00,1.4169383982104433e-13,1.4246812309875497e-13,1.4169383982104433e-13,1.4169383982104433e-13,108200,0.0,0.0
2006-12-26 00:00:00+09:00,1.4169383952642417e-13,1.4246812280252485e-13,1.4091955625032349e-13,1.4246812280252485e-13,150000,0.0,0.0
2006-12-27 00:00:00+09:00,1.4246812280252485e-13,1.4324240607862554e-13,1.4169383952642417e-13,1.4246812280252485e-13,90000,0.0,0.0
2006-12-28 00:00:00+09:00,1.4401664818116134e-13,1.4401664818116134e-13,1.4246808207168648e-13,1.432423651264239e-13,138200,0.0,0.0
2006-12-29 00:00:00+09:00,1.4633956438700725e-13,1.478881312059174e-13,1.455652809775522e-13,1.471138477964623e-13,400000,0.0,0.0
2007-01-04 00:00:00+09:00,1.478881312059174e-13,1.4866241461537245e-13,1.4633956438700725e-13,1.471138477964623e-13,160000,0.0,0.0
2007-01-05 00:00:00+09:00,1.4633955126245463e-13,1.471138346024676e-13,1.4556526792244164e-13,1.4633955126245463e-13,138100,0.0,0.0
2007-01-09 00:00:00+09:00,1.471138346024676e-13,1.478881179424806e-13,1.4633955126245463e-13,1.4633955126245463e-13,450000,0.0,0.0
2007-01-10 00:00:00+09:00,1.4633952437366404e-13,1.471138075714083e-13,1.455652411759198e-13,1.455652411759198e-13,130000,0.0,0.0
2007-01-11 00:00:00+09:00,1.4633949727093514e-13,1.4633949727093514e-13,1.4401664810790443e-13,1.4401664810790443e-13,150000,0.0,0.0
2007-01-12 00:00:00+09:00,1.44790931162248e-13,1.455652142165916e-13,1.4401664810790443e-13,1.4401664810790443e-13,290000,0.0,0.0
2007-01-15 00:00:00+09:00,1.455652411759198e-13,1.455652411759198e-13,1.4479095797817554e-13,1.455652411759198e-13,160000,0.0,0.0
2007-01-16 00:00:00+09:00,1.455652411759198e-13,1.455652411759198e-13,1.4401667478043128e-13,1.455652411759198e-13,280000,0.0,0.0
2007-01-17 00:00:00+09:00,1.455652411759198e-13,1.455652411759198e-13,1.4401667478043128e-13,1.455652411759198e-13,189200,0.0,0.0
2007-01-18 00:00:00+09:00,1.447909175368578e-13,1.4556520051833832e-13,1.447909175368578e-13,1.447909175368578e-13,150000,0.0,0.0
2007-01-19 00:00:00+09:00,1.4479095797817554e-13,1.455652411759198e-13,1.4479095797817554e-13,1.455652411759198e-13,240000,0.0,0.0
2007-01-22 00:00:00+09:00,1.4556524053731904e-13,1.4866237331470882e-13,1.447909573429716e-13,1.4788809012036136e-13,1030000,0.0,0.0
2007-01-23 00:00:00+09:00,1.4711380671536436e-13,1.4866237310184188e-13,1.463395235221256e-13,1.4866237310184188e-13,770000,0.0,0.0
2007-01-24 00:00:00+09:00,1.478881179424806e-13,1.478881179424806e-13,1.4633955126245463e-13,1.4633955126245463e-13,310000,0.0,0.0
2007-01-25 00:00:00+09:00,1.471138346024676e-13,1.471138346024676e-13,1.4556526792244164e-13,1.4633955126245463e-13,180000,0.0,0.0
2007-01-26 00:00:00+09:00,1.4633955126245463e-13,1.471138346024676e-13,1.4556526792244164e-13,1.4633955126245463e-13,250000,0.0,0.0
2007-01-29 00:00:00+09:00,1.471138477964623e-13,1.471138477964623e-13,1.4633956438700725e-13,1.471138477964623e-13,115200,0.0,0.0
2007-01-30 00:00:00+09:00,1.4711380692601393e-13,1.4866237331470882e-13,1.463395237316665e-13,1.4788809012036136e-13,500000,0.0,0.0
2007-01-31 00:00:00+09:00,1.471138346024676e-13,1.478881179424806e-13,1.4633955126245463e-13,1.4633955126245463e-13,230000,0.0,0.0
2007-02-01 00:00:00+09:00,1.4711380692601393e-13,1.4866237331470882e-13,1.463395237316665e-13,1.4788809012036136e-13,450000,0.0,0.0
2007-02-02 00:00:00+09:00,1.4866241333810127e-13,1.502109801437065e-13,1.4711384653249605e-13,1.4943669674090387e-13,770000,0.0,0.0
2007-02-05 00:00:00+09:00,1.502109801437065e-13,1.509852635465091e-13,1.4866241333810127e-13,1.4943669674090387e-13,600000,0.0,0.0
2007-02-06 00:00:00+09:00,1.5098520835546522e-13,1.5330805771478005e-13,1.502109252356936e-13,1.5175949147523682e-13,760000,0.0,0.0
2007-02-07 00:00:00+09:00,1.5098522268155816e-13,1.5098522268155816e-13,1.4866237310184188e-13,1.4866237310184188e-13,420000,0.0,0.0
2007-02-08 00:00:00+09:00,1.494366959069022e-13,1.5098526270386492e-13,1.494366959069022e-13,1.5098526270386492e-13,330000,0.0,0.0
2007-02-09 00:00:00+09:00,1.5175954610234628e-13,1.5253382950082764e-13,1.5021097930538356e-13,1.5098526270386492e-13,390000,0.0,0.0
2007-02-13 00:00:00+09:00,1.509852635465091e-13,1.509852635465091e-13,1.4943669674090387e-13,1.4943669674090387e-13,200000,0.0,0.0
2007-02-14 00:00:00+09:00,1.502109394883194e-13,1.502109394883194e-13,1.4866237310184188e-13,1.4866237310184188e-13,230000,0.0,0.0
2007-02-15 00:00:00+09:00,1.4866241250842084e-13,1.5098526270386492e-13,1.4788812910993948e-13,1.5098526270386492e-13,430000,0.0,0.0
2007-02-16 00:00:00+09:00,1.502109801437065e-13,1.509852635465091e-13,1.4943669674090387e-13,1.4943669674090387e-13,280000,0.0,0.0
2007-02-19 00:00:00+09:00,1.5021097930538356e-13,1.5098526270386492e-13,1.4866241250842084e-13,1.5098526270386492e-13,380000,0.0,0.0
2007-02-20 00:00:00+09:00,1.5098526270386492e-13,1.5253382950082764e-13,1.5021097930538356e-13,1.5098526270386492e-13,710000,0.0,0.0
2007-02-21 00:00:00+09:00,1.5098526270386492e-13,1.5175954610234628e-13,1.5021097930538356e-13,1.5098526270386492e-13,300000,0.0,0.0
2007-02-22 00:00:00+09:00,1.5253376090419019e-13,1.5408232700474034e-13,1.517594778539151e-13,1.5253376090419019e-13,1190000,0.0,0.0
2007-02-23 00:00:00+09:00,2.5683035078107345e-13,2.6856371706041185e-13,2.5552664341670256e-13,2.672600096960409e-13,1450000,800.0,0.0
2007-02-26 00:00:00+09:00,2.6334896719923395e-13,2.64652674957646e-13,2.6074155168240983e-13,2.6334896719923395e-13,450000,0.0,0.0
2007-02-27 00:00:00+09:00,2.6204521408682013e-13,2.633489216195904e-13,2.607415065540499e-13,2.6204521408682013e-13,159500,0.0,0.0
2007-02-28 00:00:00+09:00,2.4509706648066797e-13,2.5813414448495886e-13,2.411859430793807e-13,2.5813414448495886e-13,580000,0.0,0.0
2007-03-01 00:00:00+09:00,2.5813409894296403e-13,2.5813409894296403e-13,2.54222976231707e-13,2.5683039137254504e-13,220000,0.0,0.0
2007-03-02 00:00:00+09:00,2.555267288841007e-13,2.594378522853879e-13,2.5422302108367157e-13,2.5813414448495886e-13,390000,0.0,0.0
2007-03-05 00:00:00+09:00,2.555266173666519e-13,2.568303245981144e-13,2.4900808120933933e-13,2.503117884408018e-13,420000,0.0,0.0
2007-03-06 00:00:00+09:00,2.4900815343901325e-13,2.529192762678983e-13,2.4770444582938493e-13,2.5161556865826995e-13,410000,0.0,0.0
2007-03-07 00:00:00+09:00,2.5683039350890397e-13,2.6726005415901176e-13,2.555266859276405e-13,2.6465263899648483e-13,1050000,0.0,0.0
2007-03-08 00:00:00+09:00,2.64652674957646e-13,2.64652674957646e-13,2.6074155168240983e-13,2.6334896719923395e-13,400000,0.0,0.0
2007-03-09 00:00:00+09:00,2.6465264004910826e-13,2.698674703949035e-13,2.620452248762107e-13,2.6856376280845473e-13,1030000,0.0,0.0
2007-03-12 00:00:00+09:00,2.7117111672869146e-13,2.7508223860458607e-13,2.6856370214476173e-13,2.737785313126212e-13,890000,0.0,0.0
2007-03-13 00:00:00+09:00,2.711711420192597e-13,2.711711420192597e-13,2.698674346057056e-13,2.698674346057056e-13,120000,0.0,0.0
2007-03-14 00:00:00+09:00,2.6465263899648483e-13,2.6726005415901176e-13,2.633489314152213e-13,2.6465263899648483e-13,560000,0.0,0.0
2007-03-15 00:00:00+09:00,2.6856375297622913e-13,2.6986746051494873e-13,2.6334892282135093e-13,2.6595633789879003e-13,330000,0.0,0.0
2007-03-16 00:00:00+09:00,2.6725999485279686e-13,2.7508223860458607e-13,2.6725999485279686e-13,2.737785313126212e-13,690000,0.0,0.0
2007-03-19 00:00:00+09:00,2.7247488662042463e-13,2.737785942119099e-13,2.7247488662042463e-13,2.7247488662042463e-13,220000,0.0,0.0
2007-03-20 00:00:00+09:00,2.737786845701713e-13,2.7899351665722216e-13,2.7247497654840854e-13,2.7899351665722216e-13,650000,0.0,0.0
2007-03-22 00:00:00+09:00,2.802971619710943e-13,2.8551199289148674e-13,2.802971619710943e-13,2.8420828516138863e-13,660000,0.0,0.0
2007-03-23 00:00:00+09:00,2.8420828516138863e-13,2.8420828516138863e-13,2.802971619710943e-13,2.8420828516138863e-13,300000,0.0,0.0
2007-03-26 00:00:00+09:00,2.802971342443644e-13,2.81600841845501e-13,2.789934266432278e-13,2.802971342443644e-13,300000,0.0,0.0
2007-03-27 00:00:00+09:00,2.7768980863545943e-13,2.802972246789849e-13,2.763861006136967e-13,2.7899351665722216e-13,157700,0.0,0.0
2007-03-28 00:00:00+09:00,2.8160083426057595e-13,2.8681566452466067e-13,2.8029712669455474e-13,2.855119569586395e-13,850000,0.0,0.0
2007-03-29 00:00:00+09:00,2.8420828516138863e-13,2.8420828516138863e-13,2.802971619710943e-13,2.8420828516138863e-13,340000,0.0,0.0
2007-03-30 00:00:00+09:00,2.8420828516138863e-13,2.8551199289148674e-13,2.8420828516138863e-13,2.8420828516138863e-13,170000,0.0,0.0
2007-04-02 00:00:00+09:00,2.842082123399754e-13,2.855119197360304e-13,2.8160079754786557e-13,2.829045049439205e-13,290000,0.0,0.0
2007-04-03 00:00:00+09:00,2.8160079754786557e-13,2.829045049439205e-13,2.8029709015181065e-13,2.829045049439205e-13,220000,0.0,0.0
2007-04-04 00:00:00+09:00,2.8811939061584446e-13,2.920305135653808e-13,2.855119753161536e-13,2.86815682965999e-13,1340000,0.0,0.0
2007-04-05 00:00:00+09:00,2.881193392917808e-13,2.9463787637983014e-13,2.8681563187417097e-13,2.946378763798302e-13,1080000,0.0,0.0
2007-04-06 00:00:00+09:00,2.933342220853946e-13,2.933342220853946e-13,2.8551197616311746e-13,2.907268067779689e-13,600000,0.0,0.0
2007-04-09 00:00:00+09:00,2.933341689622203e-13,2.9463787637983014e-13,2.920304615446104e-13,2.946378763798302e-13,380000,0.0,0.0
2007-04-10 00:00:00+09:00,2.9333426774703625e-13,2.946379756036897e-13,2.9203055989038273e-13,2.9203055989038273e-13,200000,0.0,0.0
2007-04-11 00:00:00+09:00,2.920304700220693e-13,2.9463788493298067e-13,2.920304700220693e-13,2.93334177477525e-13,250000,0.0,0.0
2007-04-12 00:00:00+09:00,2.9203055061117493e-13,2.9203055061117493e-13,2.8811942716548953e-13,2.8942313498071803e-13,220000,0.0,0.0
2007-04-13 00:00:00+09:00,2.9072679708883183e-13,2.920305046990957e-13,2.8681567425804036e-13,2.881193818683042e-13,290000,0.0,0.0
2007-04-16 00:00:00+09:00,2.9072679708883183e-13,2.920305046990957e-13,2.8551196664777655e-13,2.881193818683042e-13,350000,0.0,0.0
2007-04-17 00:00:00+09:00,2.9072677238917754e-13,2.959416023871897e-13,2.894230648896745e-13,2.959416023871897e-13,900000,0.0,0.0
2007-04-18 00:00:00+09:00,2.946379756036897e-13,2.972453913169967e-13,2.9072685203372927e-13,2.9203055989038273e-13,810000,0.0,0.0
2007-04-19 00:00:00+09:00,2.9072676256661365e-13,2.9463788493298067e-13,2.881193476557023e-13,2.93334177477525e-13,580000,0.0,0.0
2007-04-20 00:00:00+09:00,2.9463796696777483e-13,2.9854909042309927e-13,2.933342591493334e-13,2.9724538260465783e-13,830000,0.0,0.0
2007-04-23 00:00:00+09:00,2.998527897558387e-13,3.024602053189329e-13,2.972453741927444e-13,3.024602053189329e-13,1140000,0.0,0.0
2007-04-24 00:00:00+09:00,3.011564975373858e-13,3.024602053189329e-13,2.972453741927444e-13,3.024602053189329e-13,460000,0.0,0.0
2007-04-25 00:00:00+09:00,3.024602053189329e-13,3.063713286635743e-13,3.011564975373858e-13,3.024602053189329e-13,720000,0.0,0.0
2007-04-26 00:00:00+09:00,3.037638780349992e-13,3.0897870855920516e-13,3.024601704039477e-13,3.076750009281537e-13,1060000,0.0,0.0
2007-04-27 00:00:00+09:00,3.0637120401305717e-13,3.0897861851529596e-13,3.037637895108184e-13,3.0897861851529596e-13,560000,0.0,0.0
2007-05-01 00:00:00+09:00,3.089787446979743e-13,3.089787446979743e-13,3.063713291309028e-13,3.063713291309028e-13,210000,0.0,0.0
2007-05-02 00:00:00+09:00,3.076750369144386e-13,3.076750369144386e-13,3.050676213473671e-13,3.063713291309028e-13,220000,0.0,0.0
2007-05-07 00:00:00+09:00,3.1028239873276414e-13,3.1028239873276414e-13,3.089786911750634e-13,3.102823987327641e-13,410100,0.0,0.0
2007-05-08 00:00:00+09:00,3.089786911750634e-13,3.1028239873276414e-13,3.0767498361736273e-13,3.102823987327641e-13,450400,0.0,0.0
2007-05-09 00:00:00+09:00,3.0637120401305717e-13,3.0897861851529596e-13,3.050674967619378e-13,3.0897861851529596e-13,362900,0.0,0.0
2007-05-10 00:00:00+09:00,3.037638144502249e-13,3.0506752180838037e-13,3.037638144502249e-13,3.0506752180838037e-13,422200,0.0,0.0
2007-05-11 00:00:00+09:00,3.011564975373858e-13,3.0376391310048006e-13,2.998527897558387e-13,3.024602053189329e-13,257500,0.0,0.0
2007-05-14 00:00:00+09:00,3.024601597918287e-13,3.037638673771383e-13,3.011564522065191e-13,3.011564522065191e-13,279500,0.0,0.0
2007-05-15 00:00:00+09:00,2.9985280751432253e-13,3.0115651537308045e-13,2.985490996555646e-13,2.9985280751432253e-13,270000,0.0,0.0
2007-05-16 00:00:00+09:00,3.063712932971022e-13,3.0897870855920516e-13,3.0506758566605067e-13,3.076750009281537e-13,558400,0.0,0.0
2007-05-17 00:00:00+09:00,3.076749365246913e-13,3.076749365246913e-13,3.0506752180838037e-13,3.0506752180838037e-13,250000,0.0,0.0
2007-05-18 00:00:00+09:00,3.037638673771383e-13,3.050675749624479e-13,2.9985274462120945e-13,3.011564522065191e-13,266700,0.0,0.0
2007-05-21 00:00:00+09:00,3.024602057802956e-13,3.063713291309028e-13,3.024602057802956e-13,3.063713291309028e-13,290000,0.0,0.0
2007-05-22 00:00:00+09:00,3.0637122916653584e-13,3.0637122916653584e-13,3.0246010709206943e-13,3.0506752180838037e-13,170000,0.0,0.0
2007-05-23 00:00:00+09:00,3.0506758566605067e-13,3.0897870855920516e-13,3.0506758566605067e-13,3.076750009281537e-13,400000,0.0,0.0
2007-05-24 00:00:00+09:00,3.050676213473671e-13,3.063713291309028e-13,3.050676213473671e-13,3.063713291309028e-13,233900,0.0,0.0
2007-05-25 00:00:00+09:00,3.024601597918287e-13,3.024601597918287e-13,3.011564522065191e-13,3.011564522065191e-13,292000,0.0,0.0
2007-05-28 00:00:00+09:00,3.024601597918287e-13,3.037638673771383e-13,3.011564522065191e-13,3.011564522065191e-13,90000,0.0,0.0
2007-05-29 00:00:00+09:00,2.9985274462120945e-13,3.011564522065191e-13,2.9724532945059025e-13,3.011564522065191e-13,220000,0.0,0.0
2007-05-30 00:00:00+09:00,2.9985280751432253e-13,3.0115651537308045e-13,2.985490996555646e-13,2.9985280751432253e-13,220000,0.0,0.0
2007-05-31 00:00:00+09:00,2.9985274462120945e-13,3.011564522065191e-13,2.9985274462120945e-13,3.011564522065191e-13,180000,0.0,0.0
2007-06-01 00:00:00+09:00,2.9985279824154077e-13,3.0115650605998227e-13,2.9724538260465783e-13,2.9724538260465783e-13,240000,0.0,0.0
2007-06-04 00:00:00+09:00,2.9594168346034323e-13,2.972453913169967e-13,2.9203055989038273e-13,2.9203055989038273e-13,450000,0.0,0.0
2007-06-05 00:00:00+09:00,2.933342591493334e-13,2.9724538260465783e-13,2.920305513308919e-13,2.9724538260465783e-13,370000,0.0,0.0
2007-06-06 00:00:00+09:00,2.9463788493298067e-13,2.9594159238843634e-13,2.920304700220693e-13,2.93334177477525e-13,270000,0.0,0.0
2007-06-07 00:00:00+09:00,2.920304615446104e-13,2.9463787637983014e-13,2.920304615446104e-13,2.946378763798302e-13,144600,0.0,0.0
2007-06-08 00:00:00+09:00,2.907268067779689e-13,2.9203051443168177e-13,2.89423099124256e-13,2.907268067779689e-13,200000,0.0,0.0
2007-06-11 00:00:00+09:00,2.907267541270006e-13,2.9463787637983014e-13,2.907267541270006e-13,2.946378763798302e-13,220000,0.0,0.0
2007-06-12 00:00:00+09:00,2.907268067779689e-13,2.9203051443168177e-13,2.907268067779689e-13,2.907268067779689e-13,99700,0.0,0.0
2007-06-13 00:00:00+09:00,2.8811942716548953e-13,2.907268427959465e-13,2.8811942716548953e-13,2.8942313498071803e-13,267000,0.0,0.0
2007-06-14 00:00:00+09:00,2.9072679708883183e-13,2.920305046990957e-13,2.8551196664777655e-13,2.881193818683042e-13,350000,0.0,0.0
2007-06-15 00:00:00+09:00,2.855119753161536e-13,2.86815682965999e-13,2.842082676663081e-13,2.86815682965999e-13,340000,0.0,0.0
2007-06-18 00:00:00+09:00,2.881193818683042e-13,2.881193818683042e-13,2.8681567425804036e-13,2.881193818683042e-13,141900,0.0,0.0
2007-06-19 00:00:00+09:00,2.8681567425804036e-13,2.881193818683042e-13,2.8551196664777655e-13,2.881193818683042e-13,120000,0.0,0.0
2007-06-20 00:00:00+09:00,2.868157193502611e-13,2.8942313498071803e-13,2.8551201153503264e-13,2.8942313498071803e-13,260000,0.0,0.0
2007-06-21 00:00:00+09:00,2.8811939147054316e-13,2.9203051443168177e-13,2.868156838168303e-13,2.907268067779689e-13,340000,0.0,0.0
2007-06-22 00:00:00+09:00,2.8681567425804036e-13,2.881193818683042e-13,2.8681567425804036e-13,2.881193818683042e-13,152600,0.0,0.0
2007-06-25 00:00:00+09:00,2.8681566452466067e-13,2.89423079656703e-13,2.855119569586395e-13,2.855119569586395e-13,300000,0.0,0.0
2007-06-26 00:00:00+09:00,2.855119569586395e-13,2.8811937209068187e-13,2.842082493926183e-13,2.855119569586395e-13,220000,0.0,0.0
2007-06-27 00:00:00+09:00,2.8551196664777655e-13,2.89423089478568e-13,2.8551196664777655e-13,2.881193818683042e-13,170000,0.0,0.0
2007-06-28 00:00:00+09:00,2.907267541270006e-13,2.9463787637983014e-13,2.881193392917808e-13,2.946378763798302e-13,550000,0.0,0.0
2007-06-29 00:00:00+09:00,2.9463797607929085e-13,2.9985280751432253e-13,2.9333426822053293e-13,2.9985280751432253e-13,510000,0.0,0.0
2007-07-02 00:00:00+09:00,3.011564134678795e-13,3.011564134678795e-13,2.9463787637983014e-13,2.946378763798302e-13,350000,0.0,0.0
2007-07-03 00:00:00+09:00,2.946379297391075e-13,2.946379297391075e-13,2.89423099124256e-13,2.907268067779689e-13,250000,0.0,0.0
2007-07-04 00:00:00+09:00,2.89423099124256e-13,2.946379297391075e-13,2.8811939147054316e-13,2.907268067779689e-13,386400,0.0,0.0
2007-07-05 00:00:00+09:00,2.9072685203372927e-13,2.9203055989038273e-13,2.8942314417707575e-13,2.9203055989038273e-13,200000,0.0,0.0
2007-07-06 00:00:00+09:00,2.9203055061117493e-13,2.9203055061117493e-13,2.8811942716548953e-13,2.8942313498071803e-13,270000,0.0,0.0
2007-07-09 00:00:00+09:00,2.9203051443168177e-13,2.9203051443168177e-13,2.8811939147054316e-13,2.907268067779689e-13,118000,0.0,0.0
2007-07-10 00:00:00+09:00,2.907268067779689e-13,2.907268067779689e-13,2.89423099124256e-13,2.907268067779689e-13,138000,0.0,0.0
2007-07-11 00:00:00+09:00,2.8811939061584446e-13,2.894230982656899e-13,2.86815682965999e-13,2.86815682965999e-13,300000,0.0,0.0
2007-07-12 00:00:00+09:00,2.8681566452466067e-13,2.8811937209068187e-13,2.855119569586395e-13,2.855119569586395e-13,120000,0.0,0.0
2007-07-13 00:00:00+09:00,2.8681567425804036e-13,2.881193818683042e-13,2.8551196664777655e-13,2.881193818683042e-13,260000,0.0,0.0
2007-07-17 00:00:00+09:00,2.84208220912371e-13,2.84208220912371e-13,2.816008060416153e-13,2.816008060416153e-13,210000,0.0,0.0
2007-07-18 00:00:00+09:00,2.8160084081791137e-13,2.8160084081791137e-13,2.763860104323945e-13,2.763860104323945e-13,230000,0.0,0.0
2007-07-19 00:00:00+09:00,2.763860557347388e-13,2.7899347135487787e-13,2.763860557347388e-13,2.7768976354480834e-13,210000,0.0,0.0
2007-07-20 00:00:00+09:00,2.776897268052561e-13,2.802971420804228e-13,2.7508231153008933e-13,2.7508231153008933e-13,270000,0.0,0.0
2007-07-23 00:00:00+09:00,2.7377854651789556e-13,2.7377854651789556e-13,2.6595630233166997e-13,2.672600096960409e-13,450000,0.0,0.0
2007-07-24 00:00:00+09:00,2.659563465777483e-13,2.6726005415901176e-13,2.633489314152213e-13,2.6465263899648483e-13,498600,0.0,0.0
2007-07-25 00:00:00+09:00,2.6334889753793493e-13,2.698674346057056e-13,2.620451901243808e-13,2.698674346057056e-13,490000,0.0,0.0
2007-07-26 00:00:00+09:00,2.711711769028022e-13,2.737785920653291e-13,2.6465263899648483e-13,2.6465263899648483e-13,350000,0.0,0.0
2007-07-27 00:00:00+09:00,2.6204522383395786e-13,2.659563465777483e-13,2.6204522383395786e-13,2.6465263899648483e-13,270000,0.0,0.0
2007-07-30 00:00:00+09:00,2.6334888760292815e-13,2.6856371706041185e-13,2.620451802385572e-13,2.672600096960409e-13,350000,0.0,0.0
2007-07-31 00:00:00+09:00,2.646526303600705e-13,2.6595633789879003e-13,2.646526303600705e-13,2.6595633789879003e-13,190800,0.0,0.0
2007-08-01 00:00:00+09:00,2.659563366851309e-13,2.659563366851309e-13,2.6204521408682013e-13,2.6204521408682013e-13,189900,0.0,0.0
2007-08-02 00:00:00+09:00,2.633489216195904e-13,2.6465262915236063e-13,2.607415065540499e-13,2.6204521408682013e-13,320000,0.0,0.0
2007-08-03 00:00:00+09:00,2.6074151408380204e-13,2.620452216542211e-13,2.55526683802126e-13,2.5683039137254504e-13,440000,0.0,0.0
2007-08-06 00:00:00+09:00,2.5552670122725743e-13,2.5683040888658015e-13,2.516155782492892e-13,2.5422299356793465e-13,520000,0.0,0.0
2007-08-07 00:00:00+09:00,2.4640070024025966e-13,2.477044076489383e-13,2.437932854229024e-13,2.4509699283158104e-13,880000,0.0,0.0
2007-08-08 00:00:00+09:00,2.4640073724184585e-13,2.516155676596627e-13,2.4640073724184585e-13,2.4770444484630005e-13,620000,0.0,0.0
2007-08-09 00:00:00+09:00,2.4900808120933933e-13,2.503117884408018e-13,2.4770437397787683e-13,2.503117884408018e-13,862700,0.0,0.0
2007-08-10 00:00:00+09:00,2.4640077304904917e-13,2.4640077304904917e-13,2.4379335746122853e-13,2.4640077304904917e-13,726700,0.0,0.0
2007-08-13 00:00:00+09:00,2.503117884408018e-13,2.503117884408018e-13,2.4900808120933933e-13,2.503117884408018e-13,421700,0.0,0.0
2007-08-14 00:00:00+09:00,2.516155599958299e-13,2.542229751253204e-13,2.4900814486633946e-13,2.5291926756057515e-13,560000,0.0,0.0
2007-08-15 00:00:00+09:00,2.5031187855446405e-13,2.5161558625526854e-13,2.4900817085365956e-13,2.4900817085365956e-13,360000,0.0,0.0
2007-08-16 00:00:00+09:00,2.4770444484630005e-13,2.4900815245075426e-13,2.4509702963739164e-13,2.4770444484630005e-13,390000,0.0,0.0
2007-08-17 00:00:00+09:00,2.4770444383167236e-13,2.4770444383167236e-13,2.424896134352161e-13,2.4379332103433016e-13,400000,0.0,0.0
2007-08-20 00:00:00+09:00,2.5031187855446405e-13,2.5161558625526854e-13,2.4770446315285507e-13,2.4900817085365956e-13,420000,0.0,0.0
2007-08-21 00:00:00+09:00,2.5031185243108466e-13,2.542229751253204e-13,2.4900814486633946e-13,2.5291926756057515e-13,370000,0.0,0.0
2007-08-22 00:00:00+09:00,2.529192762678983e-13,2.5422298387752665e-13,2.5161556865826995e-13,2.5161556865826995e-13,150000,0.0,0.0
2007-08-23 00:00:00+09:00,2.5422299356793465e-13,2.5552670122725743e-13,2.5291928590861193e-13,2.5422299356793465e-13,338800,0.0,0.0
2007-08-24 00:00:00+09:00,2.5422299356793465e-13,2.5552670122725743e-13,2.5291928590861193e-13,2.5422299356793465e-13,140000,0.0,0.0
2007-08-27 00:00:00+09:00,2.58134107699528e-13,2.58134107699528e-13,2.5552669247023985e-13,2.5552669247023985e-13,771000,0.0,0.0
2007-08-28 00:00:00+09:00,4.652514267941554e-13,4.676620559485292e-13,4.580195393310338e-13,4.652514267941554e-13,320000,900.0,0.0
2007-08-29 00:00:00+09:00,4.60430182456331e-13,4.628408116838512e-13,4.58019553228811e-13,4.628408116838512e-13,271900,0.0,0.0
2007-08-30 00:00:00+09:00,4.6043015634394e-13,4.6043015634394e-13,4.556088981623281e-13,4.58019527253134e-13,300000,0.0,0.0
2007-08-31 00:00:00+09:00,4.556089953423013e-13,4.58019624947287e-13,4.507877361323298e-13,4.507877361323298e-13,450000,0.0,0.0
2007-09-03 00:00:00+09:00,4.531983369013355e-13,4.556089663529383e-13,4.507877074497326e-13,4.556089663529383e-13,200000,0.0,0.0
2007-09-04 00:00:00+09:00,4.5319836573731556e-13,4.5319836573731556e-13,4.507877361323298e-13,4.507877361323298e-13,130000,0.0,0.0
2007-09-05 00:00:00+09:00,4.5319821630660284e-13,4.5319821630660284e-13,4.4114507225589534e-13,4.435557010660368e-13,430000,0.0,0.0
2007-09-06 00:00:00+09:00,4.4114509863390313e-13,4.48376985496754e-13,4.387344696796195e-13,4.48376985496754e-13,290000,0.0,0.0
2007-09-07 00:00:00+09:00,4.48376985496754e-13,4.5078761445103763e-13,4.4355572758818673e-13,4.48376985496754e-13,120000,0.0,0.0
2007-09-10 00:00:00+09:00,4.4355579660024465e-13,4.459664259295938e-13,4.387345379415463e-13,4.411451672708955e-13,130000,0.0,0.0
2007-09-11 00:00:00+09:00,4.4596631617634113e-13,4.507875736485178e-13,4.435556874402528e-13,4.459663161763411e-13,220000,0.0,0.0
2007-09-12 00:00:00+09:00,4.5078761445103763e-13,4.531982434053212e-13,4.459663565424704e-13,4.48376985496754e-13,180000,0.0,0.0
2007-09-13 00:00:00+09:00,4.435556874402528e-13,4.4596631617634113e-13,4.435556874402528e-13,4.459663161763411e-13,81200,0.0,0.0
2007-09-14 00:00:00+09:00,4.4596631617634113e-13,4.4596631617634113e-13,4.435556874402528e-13,4.459663161763411e-13,170000,0.0,0.0
2007-09-18 00:00:00+09:00,4.4596638527933666e-13,4.483770143889547e-13,4.387344979504826e-13,4.387344979504826e-13,110000,0.0,0.0
2007-09-19 00:00:00+09:00,4.435557010660368e-13,4.435557010660368e-13,4.4114507225589534e-13,4.435557010660368e-13,114400,0.0,0.0
2007-09-20 00:00:00+09:00,4.4114507225589534e-13,4.435557010660368e-13,4.4114507225589534e-13,4.435557010660368e-13,128400,0.0,0.0
2007-09-21 00:00:00+09:00,4.411451270601006e-13,4.4355575616971865e-13,4.387344979504826e-13,4.387344979504826e-13,106700,0.0,0.0
2007-09-25 00:00:00+09:00,4.4596632987617833e-13,4.4837695868631985e-13,4.4114507225589534e-13,4.435557010660368e-13,320000,0.0,0.0
2007-09-26 00:00:00+09:00,4.4596643598644813e-13,4.531983241375797e-13,4.435558066027376e-13,4.5319832413757977e-13,300000,0.0,0.0
2007-09-27 00:00:00+09:00,4.556089535212902e-13,4.580195829050008e-13,4.5078769475386917e-13,4.5319832413757977e-13,199600,0.0,0.0
2007-09-28 00:00:00+09:00,4.531982434053212e-13,4.556088723596048e-13,4.48376985496754e-13,4.48376985496754e-13,130000,0.0,0.0
2007-10-01 00:00:00+09:00,4.48376985496754e-13,4.5078761445103763e-13,4.48376985496754e-13,4.48376985496754e-13,90000,0.0,0.0
2007-10-02 00:00:00+09:00,4.531983369013355e-13,4.556089663529383e-13,4.507877074497326e-13,4.556089663529383e-13,130000,0.0,0.0
2007-10-03 00:00:00+09:00,4.55608924001291e-13,4.628408116838512e-13,4.5319829477377086e-13,4.628408116838512e-13,400000,0.0,0.0
2007-10-04 00:00:00+09:00,4.628408116838512e-13,4.628408116838512e-13,4.58019553228811e-13,4.628408116838512e-13,150000,0.0,0.0
2007-10-05 00:00:00+09:00,4.580196751246868e-13,4.604303049937641e-13,4.580196751246868e-13,4.604303049937641e-13,116500,0.0,0.0
2007-10-09 00:00:00+09:00,4.628407976397815e-13,4.676620559485292e-13,4.604301684854077e-13,4.652514267941554e-13,310000,0.0,0.0
2007-10-10 00:00:00+09:00,4.652514409113712e-13,4.652514409113712e-13,4.60430182456331e-13,4.628408116838512e-13,200000,0.0,0.0
2007-10-11 00:00:00+09:00,4.628407837404963e-13,4.700726709864415e-13,4.628407837404963e-13,4.676620419044597e-13,580000,0.0,0.0
2007-10-12 00:00:00+09:00,4.664423118718666e-13,4.845365103069155e-13,4.664423118718666e-13,4.845365103069155e-13,583000,0.0,0.0
2007-10-15 00:00:00+09:00,4.917684208470894e-13,4.990003093889583e-13,4.89357791333133e-13,4.990003093889583e-13,940000,0.0,0.0
2007-10-16 00:00:00+09:00,4.97827510132943e-13,4.97827510132943e-13,4.869470169970025e-13,4.869470169970025e-13,944000,0.0,0.0
2007-10-17 00:00:00+09:00,4.755350820415576e-13,4.755350820415576e-13,4.724832179149596e-13,4.724832179149596e-13,944000,0.0,0.0
2007-10-18 00:00:00+09:00,4.700726993664113e-13,4.724833285939314e-13,4.60430182456331e-13,4.628408116838512e-13,590000,0.0,0.0
2007-10-19 00:00:00+09:00,4.632915841145845e-13,4.652514267941554e-13,4.632915841145845e-13,4.652514267941554e-13,591000,0.0,0.0
2007-10-22 00:00:00+09:00,4.507877074497326e-13,4.580195958045412e-13,4.483770779981298e-13,4.556089663529383e-13,500000,0.0,0.0
2007-10-23 00:00:00+09:00,4.607314971297044e-13,4.652514267941554e-13,4.607314971297044e-13,4.652514267941554e-13,508300,0.0,0.0
2007-10-24 00:00:00+09:00,4.652514841593497e-13,4.676621136109526e-13,4.531983369013355e-13,4.556089663529383e-13,410000,0.0,0.0
2007-10-25 00:00:00+09:00,4.556088723596048e-13,4.556088723596048e-13,4.48376985496754e-13,4.48376985496754e-13,412000,0.0,0.0
2007-10-26 00:00:00+09:00,4.483770653701587e-13,4.531983241375797e-13,4.483770653701587e-13,4.5319832413757977e-13,412000,0.0,0.0
2007-10-29 00:00:00+09:00,4.60430225256144e-13,4.60430225256144e-13,4.531983369013355e-13,4.556089663529383e-13,180000,0.0,0.0
2007-10-30 00:00:00+09:00,4.557318979739897e-13,4.557318979739897e-13,4.531983241375797e-13,4.5319832413757977e-13,184300,0.0,0.0
2007-10-31 00:00:00+09:00,4.531983369013355e-13,4.556089663529383e-13,4.507877074497326e-13,4.556089663529383e-13,220000,0.0,0.0
2007-11-01 00:00:00+09:00,4.572192668973253e-13,4.572192668973253e-13,4.531983241375797e-13,4.5319832413757977e-13,227300,0.0,0.0
2007-11-02 00:00:00+09:00,4.545579643657232e-13,4.545579643657232e-13,4.507877361323298e-13,4.507877361323298e-13,227300,0.0,0.0
2007-11-05 00:00:00+09:00,4.533815759414249e-13,4.533815759414249e-13,4.507877361323298e-13,4.507877361323298e-13,227300,0.0,0.0
2007-11-06 00:00:00+09:00,4.5050322753887493e-13,4.531983241375797e-13,4.5050322753887493e-13,4.5319832413757977e-13,227300,0.0,0.0
2007-11-07 00:00:00+09:00,4.563585744331923e-13,4.563585744331923e-13,4.48376985496754e-13,4.48376985496754e-13,227300,0.0,0.0
2007-11-08 00:00:00+09:00,4.4950034682890457e-13,4.4950034682890457e-13,4.48376985496754e-13,4.48376985496754e-13,227300,0.0,0.0
2007-11-09 00:00:00+09:00,4.483770143889547e-13,4.483770143889547e-13,4.387344979504826e-13,4.387344979504826e-13,227300,0.0,0.0
2007-11-12 00:00:00+09:00,4.3190999370582184e-13,4.3391324062481973e-13,4.3190999370582184e-13,4.3391324062481973e-13,227300,0.0,0.0
2007-11-13 00:00:00+09:00,4.339131729378964e-13,4.339131729378964e-13,4.3150254419935257e-13,4.315025441993525e-13,227300,0.0,0.0
2007-11-14 00:00:00+09:00,4.3744240517976327e-13,4.3744240517976327e-13,4.3391324062481973e-13,4.3391324062481973e-13,227300,0.0,0.0
2007-11-15 00:00:00+09:00,4.4114507225589534e-13,4.435557010660368e-13,4.4114507225589534e-13,4.435557010660368e-13,227300,0.0,0.0
2007-11-16 00:00:00+09:00,4.435581833843823e-13,4.435581833843823e-13,4.3632388284017836e-13,4.363238828401783e-13,227300,0.0,0.0
2007-11-19 00:00:00+09:00,4.4300123106030436e-13,4.4596631617634113e-13,4.4300123106030436e-13,4.459663161763411e-13,227300,0.0,0.0
2007-11-20 00:00:00+09:00,4.387345379415463e-13,4.411451672708955e-13,4.387345379415463e-13,4.411451672708955e-13,227300,0.0,0.0
2007-11-21 00:00:00+09:00,4.4149942762859703e-13,4.435557010660368e-13,4.4149942762859703e-13,4.435557010660368e-13,227300,0.0,0.0
2007-11-22 00:00:00+09:00,4.4284457733769357e-13,4.435557010660368e-13,4.4284457733769357e-13,4.435557010660368e-13,227300,0.0,0.0
2007-11-26 00:00:00+09:00,4.4596643598644813e-13,4.531983241375797e-13,4.435558066027376e-13,4.5319832413757977e-13,390000,0.0,0.0
2007-11-27 00:00:00+09:00,4.5201944231548177e-13,4.5201944231548177e-13,4.48376985496754e-13,4.48376985496754e-13,227300,0.0,0.0
2007-11-28 00:00:00+09:00,4.4837694491242944e-13,4.4837694491242944e-13,4.4596631617634113e-13,4.459663161763411e-13,227300,0.0,0.0
2007-11-29 00:00:00+09:00,4.507877361323298e-13,4.507877361323298e-13,4.507877361323298e-13,4.507877361323298e-13,227300,0.0,0.0
2007-11-30 00:00:00+09:00,4.5149406355430823e-13,4.5149406355430823e-13,4.507877361323298e-13,4.507877361323298e-13,227300,0.0,0.0
2007-12-03 00:00:00+09:00,4.5083106982006174e-13,4.628408116838512e-13,4.5083106982006174e-13,4.628408116838512e-13,227300,0.0,0.0
2007-12-04 00:00:00+09:00,4.597166883549909e-13,4.597166883549909e-13,4.556089663529383e-13,4.556089663529383e-13,227300,0.0,0.0
2007-12-05 00:00:00+09:00,4.556088172751396e-13,4.724832179149596e-13,4.556088172751396e-13,4.724832179149596e-13,227300,0.0,0.0
2007-12-06 00:00:00+09:00,4.709005007878857e-13,4.709005007878857e-13,4.676620419044597e-13,4.676620419044597e-13,227300,0.0,0.0
2007-12-07 00:00:00+09:00,4.773045161045876e-13,4.773045161045876e-13,4.748938872353725e-13,4.748938872353725e-13,227300,0.0,0.0
2007-12-10 00:00:00+09:00,4.758292527398599e-13,4.773045565557854e-13,4.758292527398599e-13,4.773045565557854e-13,227300,0.0,0.0
2007-12-11 00:00:00+09:00,4.748938872353725e-13,4.773045161045876e-13,4.748938872353725e-13,4.748938872353725e-13,227300,0.0,0.0
2007-12-12 00:00:00+09:00,4.722084027162025e-13,4.724832179149596e-13,4.722084027162025e-13,4.724832179149596e-13,227300,0.0,0.0
2007-12-13 00:00:00+09:00,4.70899529709276e-13,4.70899529709276e-13,4.676620419044597e-13,4.676620419044597e-13,227300,0.0,0.0
2007-12-14 00:00:00+09:00,4.668569017394836e-13,4.668569017394836e-13,4.58019527253134e-13,4.58019527253134e-13,227300,0.0,0.0
2007-12-17 00:00:00+09:00,4.596226702751829e-13,4.596226702751829e-13,4.556089663529383e-13,4.556089663529383e-13,227300,0.0,0.0
2007-12-18 00:00:00+09:00,4.531982434053212e-13,4.556088723596048e-13,4.48376985496754e-13,4.48376985496754e-13,270000,0.0,0.0
2007-12-19 00:00:00+09:00,4.499077289973995e-13,4.499077289973995e-13,4.48376985496754e-13,4.48376985496754e-13,227300,0.0,0.0
2007-12-20 00:00:00+09:00,4.531983241375797e-13,4.531983241375797e-13,4.531983241375797e-13,4.5319832413757977e-13,227300,0.0,0.0
2007-12-21 00:00:00+09:00,4.495147546134743e-13,4.495147546134743e-13,4.4596631617634113e-13,4.459663161763411e-13,227300,0.0,0.0
2007-12-25 00:00:00+09:00,4.560260795146985e-13,4.604303049937641e-13,4.560260795146985e-13,4.604303049937641e-13,227300,0.0,0.0
2007-12-26 00:00:00+09:00,4.612835546193936e-13,4.628408116838512e-13,4.612835546193936e-13,4.628408116838512e-13,227300,0.0,0.0
2007-12-27 00:00:00+09:00,4.652972146233084e-13,4.652972146233084e-13,4.652514267941554e-13,4.652514267941554e-13,227300,0.0,0.0
2007-12-28 00:00:00+09:00,4.628408547077469e-13,4.652514841593497e-13,4.531983369013355e-13,4.556089663529383e-13,251700,0.0,0.0
2008-01-04 00:00:00+09:00,4.5319821630660284e-13,4.5319821630660284e-13,4.435557010660368e-13,4.435557010660368e-13,298500,0.0,0.0
2008-01-07 00:00:00+09:00,4.435557010660368e-13,4.4596632987617833e-13,4.435557010660368e-13,4.435557010660368e-13,227300,0.0,0.0
2008-01-08 00:00:00+09:00,4.435557010660368e-13,4.435557010660368e-13,4.435557010660368e-13,4.435557010660368e-13,227300,0.0,0.0
2008-01-09 00:00:00+09:00,4.435556874402528e-13,4.4596631617634113e-13,4.435556874402528e-13,4.459663161763411e-13,227300,0.0,0.0
2008-01-10 00:00:00+09:00,4.4754960791870897e-13,4.4754960791870897e-13,4.411451672708955e-13,4.411451672708955e-13,227300,0.0,0.0
2008-01-11 00:00:00+09:00,4.3968913773944776e-13,4.411451672708955e-13,4.3968913773944776e-13,4.411451672708955e-13,227300,0.0,0.0
2008-01-15 00:00:00+09:00,4.4132833813540497e-13,4.4132833813540497e-13,4.3391324062481973e-13,4.3391324062481973e-13,227300,0.0,0.0
2008-01-16 00:00:00+09:00,4.3150257176381454e-13,4.3391320065634984e-13,4.26681313978744e-13,4.26681313978744e-13,387000,0.0,0.0
2008-01-17 00:00:00+09:00,4.262089879802989e-13,4.290920917193741e-13,4.262089879802989e-13,4.290920917193741e-13,387000,0.0,0.0
2008-01-18 00:00:00+09:00,4.2331367247826154e-13,4.26681313978744e-13,4.2186005619367343e-13,4.26681313978744e-13,387000,0.0,0.0
2008-01-21 00:00:00+09:00,4.1703884045776234e-13,4.194494695933563e-13,4.146282113221683e-13,4.146282113221683e-13,387000,0.0,0.0
2008-01-22 00:00:00+09:00,4.049856702189221e-13,4.0739629920832045e-13,4.001644122401254e-13,4.0016441224012544e-13,576500,0.0,0.0
2008-01-23 00:00:00+09:00,4.049856702189221e-13,4.049856702189221e-13,4.001644122401254e-13,4.0016441224012544e-13,576500,0.0,0.0
2008-01-24 00:00:00+09:00,4.073963388862012e-13,4.0980696811037993e-13,4.025750804378438e-13,4.073963388862012e-13,287400,0.0,0.0
2008-01-25 00:00:00+09:00,4.146281568005073e-13,4.194494144377225e-13,4.146281568005073e-13,4.1944941443772255e-13,282100,0.0,0.0
2008-01-28 00:00:00+09:00,4.1522116207336593e-13,4.194494144377225e-13,4.1522116207336593e-13,4.1944941443772255e-13,282100,0.0,0.0
2008-01-29 00:00:00+09:00,4.169537506508264e-13,4.2186011086318975e-13,4.169537506508264e-13,4.2186011086318975e-13,282100,0.0,0.0
2008-01-30 00:00:00+09:00,4.2186005619367343e-13,4.26681313978744e-13,4.2186005619367343e-13,4.26681313978744e-13,258700,0.0,0.0
2008-01-31 00:00:00+09:00,4.290920917193741e-13,4.3150272144813465e-13,4.266814619906136e-13,4.290920917193741e-13,389300,0.0,0.0
2008-02-01 00:00:00+09:00,4.3150261151023737e-13,4.363238697394021e-13,4.3150261151023737e-13,4.3391324062481973e-13,223000,0.0,0.0
2008-02-04 00:00:00+09:00,4.4114514121410296e-13,4.435557704010653e-13,4.3632388284017836e-13,4.363238828401783e-13,290200,0.0,0.0
2008-02-05 00:00:00+09:00,4.377848141678197e-13,4.507877361323298e-13,4.377848141678197e-13,4.507877361323298e-13,290200,0.0,0.0
2008-02-06 00:00:00+09:00,4.4596632987617833e-13,4.4596632987617833e-13,4.435557010660368e-13,4.435557010660368e-13,290200,0.0,0.0
2008-02-07 00:00:00+09:00,4.3391324062481973e-13,4.387344988539844e-13,4.3391324062481973e-13,4.3391324062481973e-13,339400,0.0,0.0
2008-02-08 00:00:00+09:00,4.3897797384468395e-13,4.3897797384468395e-13,4.387344979504826e-13,4.387344979504826e-13,339400,0.0,0.0
2008-02-12 00:00:00+09:00,4.389900396649101e-13,4.389900396649101e-13,4.3391324062481973e-13,4.3391324062481973e-13,339400,0.0,0.0
2008-02-13 00:00:00+09:00,4.363239809056557e-13,4.363239809056557e-13,4.290920917193741e-13,4.290920917193741e-13,149000,0.0,0.0
2008-02-14 00:00:00+09:00,4.3391324062481973e-13,4.363238697394021e-13,4.3150261151023737e-13,4.3391324062481973e-13,275600,0.0,0.0
2008-02-15 00:00:00+09:00,4.363238697394021e-13,4.363238697394021e-13,4.3150261151023737e-13,4.3391324062481973e-13,265000,0.0,0.0
2008-02-18 00:00:00+09:00,4.3630222118768873e-13,4.411451672708955e-13,4.3630222118768873e-13,4.411451672708955e-13,265000,0.0,0.0
2008-02-19 00:00:00+09:00,4.387345379415463e-13,4.411451672708955e-13,4.387345379415463e-13,4.411451672708955e-13,265000,0.0,0.0
2008-02-20 00:00:00+09:00,4.3924313806596627e-13,4.3924313806596627e-13,4.3391324062481973e-13,4.3391324062481973e-13,265000,0.0,0.0
2008-02-21 00:00:00+09:00,4.322523127435247e-13,4.387344979504826e-13,4.322523127435247e-13,4.387344979504826e-13,265000,0.0,0.0
2008-02-22 00:00:00+09:00,4.387345379415463e-13,4.411451672708955e-13,4.363239086121972e-13,4.411451672708955e-13,173100,0.0,0.0
2008-02-25 00:00:00+09:00,4.4134514385355344e-13,4.435557010660368e-13,4.4134514385355344e-13,4.435557010660368e-13,173100,0.0,0.0
2008-02-26 00:00:00+09:00,1.0789193974000688e-12,1.0849133940522915e-12,1.0789193974000688e-12,1.0789193974000688e-12,173100,1100.0,0.0
2008-02-27 00:00:00+09:00,1.0669314040956236e-12,1.0789193974000688e-12,1.0669314040956236e-12,1.0789193974000688e-12,173100,0.0,0.0
2008-02-28 00:00:00+09:00,1.0706958591502213e-12,1.0729251688490482e-12,1.0706958591502213e-12,1.0729251688490482e-12,173100,0.0,0.0
2008-02-29 00:00:00+09:00,1.0550272597964975e-12,1.0609373312911056e-12,1.0489493388471383e-12,1.0489493388471383e-12,173100,0.0,0.0
2008-03-03 00:00:00+09:00,1.018979482379228e-12,1.018979482379228e-12,1.012985485424056e-12,1.012985485424056e-12,350800,0.0,0.0
2008-03-04 00:00:00+09:00,1.0169865166690946e-12,1.0169865166690946e-12,9.890092217412771e-13,9.890092217412771e-13,350800,0.0,0.0
2008-03-05 00:00:00+09:00,9.947215168067763e-13,9.947215168067763e-13,9.890092217412771e-13,9.890092217412771e-13,350800,0.0,0.0
2008-03-06 00:00:00+09:00,1.0009976923958455e-12,1.0069916905539045e-12,1.0009976923958455e-12,1.0069916905539045e-12,350800,0.0,0.0
2008-03-07 00:00:00+09:00,1.0106178560998752e-12,1.0106178560998752e-12,1.0009974620028839e-12,1.0009974620028839e-12,350800,0.0,0.0
2008-03-10 00:00:00+09:00,1.005007410726599e-12,1.005007410726599e-12,1.0009974620028839e-12,1.0009974620028839e-12,350800,0.0,0.0
2008-03-11 00:00:00+09:00,1.0009976923958455e-12,1.0069916905539045e-12,9.950036942377866e-13,1.0069916905539045e-12,350800,0.0,0.0
2008-03-12 00:00:00+09:00,1.0489496365327059e-12,1.0489496365327059e-12,1.0369616406866178e-12,1.0369616406866178e-12,350800,0.0,0.0
2008-03-13 00:00:00+09:00,1.030967476289572e-12,1.030967476289572e-12,1.012985485424056e-12,1.012985485424056e-12,350800,0.0,0.0
2008-03-14 00:00:00+09:00,1.0069914436693135e-12,1.0129854403578213e-12,9.950034502922978e-13,9.950034502922978e-13,350800,0.0,0.0
2008-03-17 00:00:00+09:00,9.890096960797276e-13,1.0069916905539045e-12,9.890096960797276e-13,1.0069916905539045e-12,350800,0.0,0.0
2008-03-18 00:00:00+09:00,1.0489494911227243e-12,1.0669314823991138e-12,1.0429554940305944e-12,1.0669314823991138e-12,747400,0.0,0.0
2008-03-19 00:00:00+09:00,1.0669314823991138e-12,1.0669314823991138e-12,1.060937485306984e-12,1.0669314823991138e-12,747400,0.0,0.0
2008-03-21 00:00:00+09:00,1.060937485306984e-12,1.0669314823991138e-12,1.060937485306984e-12,1.0669314823991138e-12,747400,0.0,0.0
2008-03-24 00:00:00+09:00,1.0574128585858232e-12,1.0609373312911056e-12,1.0489493388471383e-12,1.0489493388471383e-12,747400,0.0,0.0
2008-03-25 00:00:00+09:00,1.0549432580636408e-12,1.0609372538480932e-12,1.0549432580636408e-12,1.0609372538480932e-12,747400,0.0,0.0
2008-03-26 00:00:00+09:00,1.060937485306984e-12,1.0669314823991138e-12,1.0549434882148542e-12,1.0669314823991138e-12,168400,0.0,0.0
2008-03-27 00:00:00+09:00,1.062951151795235e-12,1.0729251688490482e-12,1.062951151795235e-12,1.0729251688490482e-12,168400,0.0,0.0
2008-03-28 00:00:00+09:00,1.0597264549926109e-12,1.0669312496325457e-12,1.0597264549926109e-12,1.0609372538480932e-12,168400,0.0,0.0
2008-03-31 00:00:00+09:00,1.0686279053732482e-12,1.0686279053732482e-12,1.0369616406866178e-12,1.0369616406866178e-12,168400,0.0,0.0
2008-04-01 00:00:00+09:00,1.0474688393408441e-12,1.0489493388471383e-12,1.0474688393408441e-12,1.0489493388471383e-12,168400,0.0,0.0
2008-04-02 00:00:00+09:00,1.0489492622791883e-12,1.0609372538480932e-12,1.0489492622791883e-12,1.0609372538480932e-12,168400,0.0,0.0
2008-04-03 00:00:00+09:00,1.0631670027193751e-12,1.0631670027193751e-12,1.0609372538480932e-12,1.0609372538480932e-12,168400,0.0,0.0
2008-04-04 00:00:00+09:00,1.0669314823991138e-12,1.0669314823991138e-12,1.0669314823991138e-12,1.0669314823991138e-12,168400,0.0,0.0
2008-04-07 00:00:00+09:00,1.0163243134916762e-12,1.0163243134916762e-12,1.0069916905539045e-12,1.0069916905539045e-12,168400,0.0,0.0
2008-04-08 00:00:00+09:00,9.97004020259681e-13,9.97004020259681e-13,9.890092217412771e-13,9.890092217412771e-13,168400,0.0,0.0
2008-04-09 00:00:00+09:00,9.892971537378135e-13,9.950034502922978e-13,9.892971537378135e-13,9.950034502922978e-13,168400,0.0,0.0
2008-04-10 00:00:00+09:00,9.830154268711255e-13,9.830154268711255e-13,9.830154268711255e-13,9.830154268711255e-13,168400,0.0,0.0
2008-04-11 00:00:00+09:00,9.830152264579966e-13,9.890092217412771e-13,9.830152264579966e-13,9.890092217412771e-13,168400,0.0,0.0
2008-04-14 00:00:00+09:00,9.89998400637709e-13,9.89998400637709e-13,9.650333917393672e-13,9.650333917393672e-13,168400,0.0,0.0
2008-04-15 00:00:00+09:00,9.706379020597752e-13,9.770215235807567e-13,9.706379020597752e-13,9.770215235807567e-13,168400,0.0,0.0
2008-04-16 00:00:00+09:00,9.774107717919496e-13,9.774107717919496e-13,9.590391631883466e-13,9.590391631883466e-13,168400,0.0,0.0
2008-04-17 00:00:00+09:00,9.590391631883466e-13,9.590391631883466e-13,9.590391631883466e-13,9.590391631883466e-13,168400,0.0,0.0
2008-04-18 00:00:00+09:00,9.530451684184194e-13,9.590391631883466e-13,9.530451684184194e-13,9.590391631883466e-13,168400,0.0,0.0
2008-04-21 00:00:00+09:00,9.672509067555942e-13,9.672509067555942e-13,9.590391631883466e-13,9.590391631883466e-13,168400,0.0,0.0
2008-04-22 00:00:00+09:00,9.59572869961408e-13,9.650333917393672e-13,9.59572869961408e-13,9.650333917393672e-13,168400,0.0,0.0
2008-04-23 00:00:00+09:00,9.590391631883466e-13,9.590391631883466e-13,9.590391631883466e-13,9.590391631883466e-13,168400,0.0,0.0
2008-04-24 00:00:00+09:00,9.599985483129033e-13,9.599985483129033e-13,9.29069538316285e-13,9.29069538316285e-13,168400,0.0,0.0
2008-04-25 00:00:00+09:00,9.35063672258581e-13,9.410576701576745e-13,9.35063672258581e-13,9.410576701576745e-13,168400,0.0,0.0
2008-04-28 00:00:00+09:00,9.358966158893794e-13,9.358966158893794e-13,9.350634416066539e-13,9.350634416066539e-13,168400,0.0,0.0
2008-04-30 00:00:00+09:00,9.350635353376803e-13,9.350635353376803e-13,9.29069538316285e-13,9.29069538316285e-13,168400,0.0,0.0
2008-05-01 00:00:00+09:00,9.231655596241501e-13,9.231655596241501e-13,9.230756350259162e-13,9.230756350259162e-13,168400,0.0,0.0
2008-05-02 00:00:00+09:00,9.363703539636647e-13,9.363703539636647e-13,9.230756350259162e-13,9.230756350259162e-13,168400,0.0,0.0
2008-05-07 00:00:00+09:00,9.29069538316285e-13,9.29069538316285e-13,9.29069538316285e-13,9.29069538316285e-13,168400,0.0,0.0
2008-05-08 00:00:00+09:00,9.267379587975997e-13,9.267379587975997e-13,9.230756350259162e-13,9.230756350259162e-13,168400,0.0,0.0
2008-05-09 00:00:00+09:00,9.211872791838303e-13,9.211872791838303e-13,9.170814064748956e-13,9.170814064748956e-13,168400,0.0,0.0
2008-05-12 00:00:00+09:00,9.110874881062184e-13,9.110874881062184e-13,9.050934914739407e-13,9.050934914739406e-13,168400,0.0,0.0
2008-05-13 00:00:00+09:00,9.128078019413555e-13,9.128078019413555e-13,8.990995339734631e-13,8.990995339734631e-13,168400,0.0,0.0
2008-05-14 00:00:00+09:00,8.990995339734631e-13,8.990995339734631e-13,8.990995339734631e-13,8.990995339734631e-13,168400,0.0,0.0
2008-05-15 00:00:00+09:00,8.990096093862843e-13,8.990995339734631e-13,8.990096093862843e-13,8.990995339734631e-13,168400,0.0,0.0
2008-05-16 00:00:00+09:00,8.990995339734631e-13,8.990995339734631e-13,8.990995339734631e-13,8.990995339734631e-13,168400,0.0,0.0
2008-05-19 00:00:00+09:00,8.981585086555568e-13,8.990995339734631e-13,8.981585086555568e-13,8.990995339734631e-13,168400,0.0,0.0
2008-05-20 00:00:00+09:00,8.990994099087178e-13,8.990994099087178e-13,8.931054138426597e-13,8.931054138426597e-13,168400,0.0,0.0
2008-05-21 00:00:00+09:00,8.871115350582304e-13,8.871115350582304e-13,8.751235413412273e-13,8.751235413412273e-13,168400,0.0,0.0
2008-05-22 00:00:00+09:00,8.571415507657227e-13,8.751235413412273e-13,8.571415507657227e-13,8.751235413412273e-13,168400,0.0,0.0
2008-05-23 00:00:00+09:00,8.683323938948381e-13,8.683323938948381e-13,8.631355721301638e-13,8.631355721301637e-13,168400,0.0,0.0
2008-05-26 00:00:00+09:00,8.639984776882496e-13,8.639984776882496e-13,8.511473860786656e-13,8.511473860786656e-13,168400,0.0,0.0
2008-05-27 00:00:00+09:00,8.451533904020553e-13,8.511473860786656e-13,8.451533904020553e-13,8.511473860786656e-13,173600,0.0,0.0
2008-05-28 00:00:00+09:00,8.636628519781836e-13,8.636628519781836e-13,8.511473860786656e-13,8.511473860786656e-13,168400,0.0,0.0
2008-05-29 00:00:00+09:00,8.619247037468861e-13,8.619247037468861e-13,8.571415062094689e-13,8.571415062094689e-13,168400,0.0,0.0
2008-05-30 00:00:00+09:00,8.567398821000201e-13,8.571415062094689e-13,8.567398821000201e-13,8.571415062094689e-13,168400,0.0,0.0
2008-06-02 00:00:00+09:00,8.691294993033076e-13,8.691294993033076e-13,8.571415062094689e-13,8.571415062094689e-13,168400,0.0,0.0
2008-06-03 00:00:00+09:00,8.580044820116393e-13,8.580044820116393e-13,8.511473860786656e-13,8.511473860786656e-13,168400,0.0,0.0
2008-06-04 00:00:00+09:00,8.494665512859916e-13,8.494665512859916e-13,8.451535369984054e-13,8.451535369984053e-13,168400,0.0,0.0
2008-06-05 00:00:00+09:00,8.451533904020553e-13,8.511473860786656e-13,8.451533904020553e-13,8.511473860786656e-13,269400,0.0,0.0
2008-06-06 00:00:00+09:00,8.579745559345918e-13,8.579745559345918e-13,8.511473860786656e-13,8.511473860786656e-13,269400,0.0,0.0
2008-06-09 00:00:00+09:00,8.511475337147062e-13,8.511475337147062e-13,8.451535369984054e-13,8.451535369984053e-13,276700,0.0,0.0
2008-06-10 00:00:00+09:00,8.451535615684546e-13,8.451535615684546e-13,8.331655677873418e-13,8.331655677873417e-13,269400,0.0,0.0
2008-06-11 00:00:00+09:00,8.331653561287559e-13,8.331653561287559e-13,8.151833700252575e-13,8.151833700252575e-13,269400,0.0,0.0
2008-06-12 00:00:00+09:00,8.172215555261256e-13,8.172215555261256e-13,7.912075942334562e-13,7.912075942334562e-13,269400,0.0,0.0
2008-06-13 00:00:00+09:00,7.912075942334562e-13,7.912075942334562e-13,7.912075942334562e-13,7.912075942334562e-13,269400,0.0,0.0
2008-06-16 00:00:00+09:00,7.929636984990588e-13,8.0918941252478e-13,7.929636984990588e-13,8.0918941252478e-13,269400,0.0,0.0
2008-06-17 00:00:00+09:00,8.088717906074915e-13,8.088717906074915e-13,7.972014975238251e-13,7.972014975238251e-13,269400,0.0,0.0
2008-06-18 00:00:00+09:00,7.912077432078005e-13,7.912077432078005e-13,7.85213745153196e-13,7.85213745153196e-13,635000,0.0,0.0
2008-06-19 00:00:00+09:00,7.792197742052496e-13,7.792197742052496e-13,7.732257759421324e-13,7.732257759421324e-13,635000,0.0,0.0
2008-06-20 00:00:00+09:00,7.730340001920392e-13,7.732257759421324e-13,7.730340001920392e-13,7.732257759421324e-13,635000,0.0,0.0
2008-06-23 00:00:00+09:00,7.552435239699395e-13,7.612375201919232e-13,7.552435239699395e-13,7.552435239699395e-13,270000,0.0,0.0
2008-06-24 00:00:00+09:00,7.738491751755522e-13,7.738491751755522e-13,7.732257759421324e-13,7.732257759421324e-13,270000,0.0,0.0
2008-06-25 00:00:00+09:00,7.704442896086222e-13,7.704442896086222e-13,7.552435239699395e-13,7.552435239699395e-13,270000,0.0,0.0
2008-06-26 00:00:00+09:00,7.67693327252303e-13,7.732257759421324e-13,7.67693327252303e-13,7.732257759421324e-13,270000,0.0,0.0
2008-06-27 00:00:00+09:00,7.545601996203656e-13,7.552435239699395e-13,7.545601996203656e-13,7.552435239699395e-13,270000,0.0,0.0
2008-06-30 00:00:00+09:00,7.557530682115782e-13,7.612375898906344e-13,7.557530682115782e-13,7.612375898906343e-13,270000,0.0,0.0
2008-07-01 00:00:00+09:00,7.614174390613205e-13,7.614174390613205e-13,7.612375898906344e-13,7.612375898906343e-13,270000,0.0,0.0
2008-07-02 00:00:00+09:00,7.612374493780327e-13,7.612374493780327e-13,7.492494580492448e-13,7.492494580492448e-13,270000,0.0,0.0
2008-07-03 00:00:00+09:00,7.493993079408546e-13,7.493993079408546e-13,7.492494580492448e-13,7.492494580492448e-13,270000,0.0,0.0
2008-07-04 00:00:00+09:00,7.49998707507294e-13,7.49998707507294e-13,7.492494580492448e-13,7.492494580492448e-13,270000,0.0,0.0
2008-07-07 00:00:00+09:00,7.562265481306128e-13,7.562265481306128e-13,7.552435239699395e-13,7.552435239699395e-13,270000,0.0,0.0
2008-07-08 00:00:00+09:00,7.489497582660252e-13,7.492494580492448e-13,7.489497582660252e-13,7.492494580492448e-13,270000,0.0,0.0
2008-07-09 00:00:00+09:00,7.432555005487673e-13,7.432555005487673e-13,7.432555005487673e-13,7.432555005487673e-13,270000,0.0,0.0
2008-07-10 00:00:00+09:00,7.432555236547153e-13,7.432555236547153e-13,7.312675313377037e-13,7.312675313377037e-13,270000,0.0,0.0
2008-07-11 00:00:00+09:00,7.252735584776955e-13,7.252735584776955e-13,7.192795621266401e-13,7.192795621266401e-13,270000,0.0,0.0
2008-07-14 00:00:00+09:00,7.192797106350049e-13,7.192797106350049e-13,7.132857130463799e-13,7.132857130463799e-13,270000,0.0,0.0
2008-07-15 00:00:00+09:00,7.01297635415099e-13,7.01297635415099e-13,7.01297635415099e-13,7.01297635415099e-13,270000,0.0,0.0
2008-07-16 00:00:00+09:00,6.833155302419614e-13,6.833155302419614e-13,6.77321534362646e-13,6.77321534362646e-13,270000,0.0,0.0
2008-07-17 00:00:00+09:00,6.89309706148326e-13,6.89309706148326e-13,6.83315708703558e-13,6.83315708703558e-13,270000,0.0,0.0
2008-07-18 00:00:00+09:00,6.833155302419614e-13,6.833155302419614e-13,6.77321534362646e-13,6.77321534362646e-13,270000,0.0,0.0
2008-07-22 00:00:00+09:00,6.77321567001747e-13,6.923065574221396e-13,6.77321567001747e-13,6.899089589548768e-13,344600,0.0,0.0
2008-07-23 00:00:00+09:00,7.060927905734593e-13,7.060927905734593e-13,7.060927905734593e-13,7.060927905734593e-13,344600,0.0,0.0
2008-07-24 00:00:00+09:00,7.234754901663152e-13,7.282706881127365e-13,7.234754901663152e-13,7.282706881127365e-13,344600,0.0,0.0
2008-07-25 00:00:00+09:00,7.207842184025605e-13,7.207842184025605e-13,7.168821200727316e-13,7.168821200727316e-13,344600,0.0,0.0
2008-07-28 00:00:00+09:00,7.23373654730048e-13,7.23373654730048e-13,7.198791801381331e-13,7.198791801381332e-13,344600,0.0,0.0
2008-07-29 00:00:00+09:00,7.119850541804092e-13,7.180809766249574e-13,7.119850541804092e-13,7.180809766249574e-13,344600,0.0,0.0
2008-07-30 00:00:00+09:00,7.240568903567794e-13,7.282706881127365e-13,7.240568903567794e-13,7.282706881127365e-13,344600,0.0,0.0
2008-07-31 00:00:00+09:00,7.325263326255244e-13,7.402586031136915e-13,7.325263326255244e-13,7.402586031136915e-13,344600,0.0,0.0
2008-08-01 00:00:00+09:00,7.410018240336503e-13,7.410018240336503e-13,7.28869980863578e-13,7.288699808635779e-13,344600,0.0,0.0
2008-08-04 00:00:00+09:00,7.275633642213172e-13,7.282706881127365e-13,7.275633642213172e-13,7.282706881127365e-13,344600,0.0,0.0
2008-08-05 00:00:00+09:00,7.258230429586088e-13,7.258230429586088e-13,7.210778198499246e-13,7.210778198499246e-13,344600,0.0,0.0
2008-08-06 00:00:00+09:00,7.207120205039275e-13,7.36662033457014e-13,7.207120205039275e-13,7.36662033457014e-13,344600,0.0,0.0
2008-08-07 00:00:00+09:00,7.326722758973218e-13,7.326722758973218e-13,7.29469598875071e-13,7.29469598875071e-13,344600,0.0,0.0
2008-08-08 00:00:00+09:00,7.249617346849136e-13,7.336650276017208e-13,7.249617346849136e-13,7.336650276017209e-13,344600,0.0,0.0
2008-08-11 00:00:00+09:00,7.336650849954574e-13,7.348638841539468e-13,7.336650849954574e-13,7.348638841539468e-13,344600,0.0,0.0
2008-08-12 00:00:00+09:00,7.319388465947254e-13,7.319388465947254e-13,7.276711243113521e-13,7.276711243113521e-13,344600,0.0,0.0
2008-08-13 00:00:00+09:00,7.270898824583724e-13,7.270898824583724e-13,7.258730834285021e-13,7.258730834285021e-13,344600,0.0,0.0
2008-08-14 00:00:00+09:00,7.244946270422853e-13,7.244946270422853e-13,7.14484678018823e-13,7.14484678018823e-13,344600,0.0,0.0
2008-08-15 00:00:00+09:00,7.170018756835745e-13,7.222766221920418e-13,7.170018756835745e-13,7.222766221920418e-13,344600,0.0,0.0
2008-08-18 00:00:00+09:00,7.337250551289115e-13,7.337250551289115e-13,7.312675313377037e-13,7.312675313377037e-13,344600,0.0,0.0
2008-08-19 00:00:00+09:00,7.215153728832043e-13,7.222766221920418e-13,7.215153728832043e-13,7.222766221920418e-13,344600,0.0,0.0
2008-08-20 00:00:00+09:00,7.220185822927633e-13,7.240745546546745e-13,7.220185822927633e-13,7.240745546546745e-13,344600,0.0,0.0
2008-08-21 00:00:00+09:00,7.218749362058428e-13,7.218749362058428e-13,7.192795621266401e-13,7.192795621266401e-13,344600,0.0,0.0
2008-08-22 00:00:00+09:00,7.19585261794056e-13,7.19585261794056e-13,7.192795621266401e-13,7.192795621266401e-13,344600,0.0,0.0
2008-08-25 00:00:00+09:00,7.19729183408871e-13,7.19729183408871e-13,7.042946412703921e-13,7.042946412703921e-13,344600,0.0,0.0
2008-08-26 00:00:00+09:00,4.688591446662058e-12,4.688591446662058e-12,4.6684687365905475e-12,4.6684687365905475e-12,344600,1000.0,0.0
2008-08-27 00:00:00+09:00,4.629750798365366e-12,4.636270534152942e-12,4.629750798365366e-12,4.636270534152942e-12,344600,0.0,0.0
2008-08-28 00:00:00+09:00,4.652368821892704e-12,4.664442443402805e-12,4.652368821892704e-12,4.664442443402805e-12,344600,0.0,0.0
2008-08-29 00:00:00+09:00,4.666776986583207e-12,4.676516552476473e-12,4.666776986583207e-12,4.676516552476473e-12,344600,0.0,0.0
2008-09-01 00:00:00+09:00,4.676516707632804e-12,4.676516707632804e-12,4.612124050729083e-12,4.612124050729083e-12,344600,0.0,0.0
2008-09-02 00:00:00+09:00,4.563427340547437e-12,4.563427340547437e-12,4.5437069905174265e-12,4.5437069905174265e-12,344600,0.0,0.0
2008-09-03 00:00:00+09:00,4.4744846257423526e-12,4.4744846257423526e-12,4.4390684704465055e-12,4.4390684704465055e-12,344600,0.0,0.0
2008-09-04 00:00:00+09:00,4.4408390959267124e-12,4.4408390959267124e-12,4.3545531763777845e-12,4.3545531763777845e-12,344600,0.0,0.0
2008-09-05 00:00:00+09:00,4.2278204002709185e-12,4.2499150899877325e-12,4.2278204002709185e-12,4.2499150899877325e-12,344600,0.0,0.0
2008-09-08 00:00:00+09:00,4.378700224275156e-12,4.378700224275156e-12,4.310283033270856e-12,4.310283033270856e-12,344600,0.0,0.0
2008-09-09 00:00:00+09:00,4.310726348161879e-12,4.366627285451452e-12,4.310726348161879e-12,4.366627285451452e-12,344600,0.0,0.0
2008-09-10 00:00:00+09:00,4.4068727501143886e-12,4.4068727501143886e-12,4.354553712898419e-12,4.378700960844251e-12,225700,0.0,0.0
2008-09-11 00:00:00+09:00,4.3787001333518605e-12,4.3787001333518605e-12,4.2901602409495254e-12,4.2901602409495254e-12,225700,0.0,0.0
2008-09-12 00:00:00+09:00,4.300182159895978e-12,4.300182159895978e-12,4.286136549846997e-12,4.286136549846997e-12,225700,0.0,0.0
2008-09-16 00:00:00+09:00,4.287625686544802e-12,4.287625686544802e-12,4.201621255778276e-12,4.201621255778276e-12,700,0.0,0.0
2008-09-17 00:00:00+09:00,4.193571510832734e-12,4.193571510832734e-12,4.149301562061947e-12,4.149301562061947e-12,700,0.0,0.0
2008-09-18 00:00:00+09:00,4.1493020815580455e-12,4.169424788064147e-12,4.1493020815580455e-12,4.169424788064147e-12,700,0.0,0.0
2008-09-19 00:00:00+09:00,4.166084903792084e-12,4.34650492681099e-12,4.166084903792084e-12,4.34650492681099e-12,700,0.0,0.0
2008-09-22 00:00:00+09:00,4.352460912877865e-12,4.352460912877865e-12,4.286136549846997e-12,4.286136549846997e-12,700,0.0,0.0
2008-09-24 00:00:00+09:00,4.286135789386986e-12,4.310283033270856e-12,4.286135789386986e-12,4.310283033270856e-12,700,0.0,0.0
2008-09-25 00:00:00+09:00,4.2607011004203015e-12,4.3545531763777845e-12,4.2607011004203015e-12,4.3545531763777845e-12,700,0.0,0.0
2008-09-26 00:00:00+09:00,4.322357055121524e-12,4.326381596141191e-12,4.266013480846197e-12,4.302234350023193e-12,113100,0.0,0.0
2008-09-29 00:00:00+09:00,4.3022341916887626e-12,4.3022341916887626e-12,4.266013323844797e-12,4.266013323844797e-12,113100,0.0,0.0
2008-09-30 00:00:00+09:00,4.078269237141252e-12,4.1654006632807494e-12,4.078269237141252e-12,4.1654006632807494e-12,113100,0.0,0.0
2008-10-01 00:00:00+09:00,4.1654001951741e-12,4.1654001951741e-12,4.157351112671348e-12,4.157351112671348e-12,113100,0.0,0.0
2008-10-02 00:00:00+09:00,4.1617381906256746e-12,4.1617381906256746e-12,4.0607625768906974e-12,4.0607625768906974e-12,113100,0.0,0.0
2008-10-03 00:00:00+09:00,4.045389131942776e-12,4.045389131942776e-12,4.036615659785969e-12,4.036615659785969e-12,113100,0.0,0.0
2008-10-06 00:00:00+09:00,4.01681383957079e-12,4.01681383957079e-12,3.5254978190263357e-12,3.5254978190263353e-12,113100,0.0,0.0
2008-10-07 00:00:00+09:00,3.2659000162734203e-12,3.3202455541891936e-12,3.2659000162734203e-12,3.320245554189194e-12,113100,0.0,0.0
2008-10-08 00:00:00+09:00,3.321896168525919e-12,3.321896168525919e-12,2.9258412099358866e-12,2.9258412099358866e-12,113100,0.0,0.0
2008-10-09 00:00:00+09:00,2.8915921871775533e-12,2.893644742221757e-12,2.8915921871775533e-12,2.893644742221757e-12,113100,0.0,0.0
2008-10-10 00:00:00+09:00,2.8939269094994296e-12,2.8939269094994296e-12,2.789007089512574e-12,2.789007089512574e-12,113100,0.0,0.0
2008-10-14 00:00:00+09:00,2.9883022274702995e-12,2.990233928523711e-12,2.9883022274702995e-12,2.990233928523711e-12,113100,0.0,0.0
2008-10-15 00:00:00+09:00,3.2713083401053196e-12,3.3242711968556327e-12,3.2713083401053196e-12,3.3242711968556327e-12,113100,0.0,0.0
2008-10-16 00:00:00+09:00,3.3242710652831818e-12,3.3242710652831818e-12,3.0908476732899315e-12,3.0908476732899315e-12,113100,0.0,0.0
2008-10-17 00:00:00+09:00,3.1728670669055978e-12,3.1728670669055978e-12,3.1632886414445505e-12,3.1632886414445505e-12,113100,0.0,0.0
2008-10-20 00:00:00+09:00,3.235570766458224e-12,3.312197955143703e-12,3.235570766458224e-12,3.312197955143703e-12,113100,0.0,0.0
2008-10-21 00:00:00+09:00,3.328012887039352e-12,3.328012887039352e-12,3.3202455541891936e-12,3.320245554189194e-12,113100,0.0,0.0
2008-10-22 00:00:00+09:00,3.3202455270841397e-12,3.3202455270841397e-12,3.219632026263408e-12,3.219632026263408e-12,113100,0.0,0.0
2008-10-23 00:00:00+09:00,3.166974098841423e-12,3.24377959388944e-12,3.166974098841423e-12,3.24377959388944e-12,113100,0.0,0.0
2008-10-24 00:00:00+09:00,3.1310935424639575e-12,3.1310935424639575e-12,3.0425536222400407e-12,3.0425536222400407e-12,113100,0.0,0.0
2008-10-27 00:00:00+09:00,3.0425532098877394e-12,3.0425532098877394e-12,2.9459642190976525e-12,2.945964219097652e-12,113100,0.0,0.0
2008-10-28 00:00:00+09:00,2.841929447760373e-12,3.078773564216264e-12,2.841929447760373e-12,3.078773564216264e-12,113100,0.0,0.0
2008-10-29 00:00:00+09:00,3.0811882643419975e-12,3.292074295460634e-12,3.0811882643419975e-12,3.292074295460634e-12,113100,0.0,0.0
2008-10-30 00:00:00+09:00,3.5939150960784257e-12,3.5939150960784257e-12,3.5939150960784257e-12,3.593915096078426e-12,113100,0.0,0.0
2008-10-31 00:00:00+09:00,3.5885215982102847e-12,3.5885215982102847e-12,3.5295219438097325e-12,3.5295219438097325e-12,113100,0.0,0.0
2008-11-04 00:00:00+09:00,3.533104099152485e-12,3.734773774966005e-12,3.533104099152485e-12,3.734773774966005e-12,421700,0.0,0.0
2008-11-05 00:00:00+09:00,3.732922679631422e-12,3.89978023832005e-12,3.732922679631422e-12,3.89978023832005e-12,421700,0.0,0.0
2008-11-06 00:00:00+09:00,3.907668495887949e-12,3.907668495887949e-12,3.815264944251329e-12,3.815264944251329e-12,421700,0.0,0.0
2008-11-07 00:00:00+09:00,3.815264821659287e-12,3.815264821659287e-12,3.787093035001465e-12,3.787093035001465e-12,421700,0.0,0.0
2008-11-10 00:00:00+09:00,3.938214296818931e-12,3.940025389281843e-12,3.938214296818931e-12,3.940025389281843e-12,421700,0.0,0.0
2008-11-11 00:00:00+09:00,3.828022482532753e-12,3.871608329070186e-12,3.828022482532753e-12,3.871608329070186e-12,421700,0.0,0.0
2008-11-12 00:00:00+09:00,3.799166762600831e-12,3.8112403857870625e-12,3.799166762600831e-12,3.8112403857870625e-12,421700,0.0,0.0
2008-11-13 00:00:00+09:00,3.786287961487202e-12,3.859534653677388e-12,3.786287961487202e-12,3.859534653677388e-12,421700,0.0,0.0
2008-11-14 00:00:00+09:00,3.862795305845975e-12,3.862795305845975e-12,3.839412728717795e-12,3.839412728717795e-12,421700,0.0,0.0
2008-11-17 00:00:00+09:00,3.839413178746843e-12,3.84343772086293e-12,3.839413178746843e-12,3.84343772086293e-12,421700,0.0,0.0
2008-11-18 00:00:00+09:00,3.8480650873050024e-12,3.8480650873050024e-12,3.823314061179861e-12,3.823314061179861e-12,421700,0.0,0.0
2008-11-19 00:00:00+09:00,3.798643208902292e-12,3.8313627444275244e-12,3.798643208902292e-12,3.8313627444275244e-12,421700,0.0,0.0
2008-11-20 00:00:00+09:00,3.8359907010952805e-12,3.8359907010952805e-12,3.750871575142201e-12,3.750871575142201e-12,421700,0.0,0.0
2008-11-21 00:00:00+09:00,3.7542139099297695e-12,3.7911188945083385e-12,3.7542139099297695e-12,3.7911188945083385e-12,421700,0.0,0.0
2008-11-25 00:00:00+09:00,3.797959280046132e-12,3.871608329070186e-12,3.797959280046132e-12,3.871608329070186e-12,25000,0.0,0.0
2008-11-26 00:00:00+09:00,3.87160853699937e-12,3.87160853699937e-12,3.819289502715595e-12,3.819289502715595e-12,25000,0.0,0.0
2008-11-27 00:00:00+09:00,3.849392679250964e-12,3.849392679250964e-12,3.847460978284589e-12,3.847460978284589e-12,25000,0.0,0.0
2008-11-28 00:00:00+09:00,3.84999639776914e-12,3.93197627235331e-12,3.84999639776914e-12,3.93197627235331e-12,25000,0.0,0.0
2008-12-01 00:00:00+09:00,3.935478242588623e-12,3.9802714076053736e-12,3.935478242588623e-12,3.9802714076053736e-12,25000,0.0,0.0
2008-12-02 00:00:00+09:00,3.981719281176139e-12,3.981719281176139e-12,3.8756324538535836e-12,3.8756324538535836e-12,25000,0.0,0.0
2008-12-03 00:00:00+09:00,3.909760746674481e-12,3.9360008308175765e-12,3.909760746674481e-12,3.9360008308175765e-12,25000,0.0,0.0
2008-12-04 00:00:00+09:00,3.938173940974626e-12,3.938173940974626e-12,3.923927155424778e-12,3.923927155424778e-12,25000,0.0,0.0
2008-12-05 00:00:00+09:00,3.926865320710464e-12,3.926865320710464e-12,3.89978023832005e-12,3.89978023832005e-12,25000,0.0,0.0
2008-12-08 00:00:00+09:00,3.971256163198886e-12,4.008442883174368e-12,3.971256163198886e-12,4.008442883174368e-12,25000,0.0,0.0
2008-12-09 00:00:00+09:00,4.12149199995726e-12,4.12149199995726e-12,4.0849090603145566e-12,4.0849090603145566e-12,25000,0.0,0.0
2008-12-10 00:00:00+09:00,4.088128544882488e-12,4.161375237454745e-12,4.088128544882488e-12,4.161375237454745e-12,25000,0.0,0.0
2008-12-11 00:00:00+09:00,4.154533802033255e-12,4.181498029776076e-12,4.154533802033255e-12,4.181498029776076e-12,25000,0.0,0.0
2008-12-12 00:00:00+09:00,4.185160778140411e-12,4.185160778140411e-12,4.1452774372785495e-12,4.1452774372785495e-12,25000,0.0,0.0
2008-12-15 00:00:00+09:00,4.2926552738770055e-12,4.2926552738770055e-12,4.25393921477113e-12,4.25393921477113e-12,25000,0.0,0.0
2008-12-16 00:00:00+09:00,4.168337638287923e-12,4.266013323844797e-12,4.168337638287923e-12,4.266013323844797e-12,175900,0.0,0.0
2008-12-17 00:00:00+09:00,4.269877330330518e-12,4.306259342168328e-12,4.269877330330518e-12,4.306259342168328e-12,159500,0.0,0.0
2008-12-18 00:00:00+09:00,4.35455300954704e-12,4.414921119660908e-12,4.35455300954704e-12,4.414921119660908e-12,314300,0.0,0.0
2008-12-19 00:00:00+09:00,4.418665060712504e-12,4.422971103951179e-12,4.418665060712504e-12,4.422971103951179e-12,219300,0.0,0.0
2008-12-22 00:00:00+09:00,4.408803188938568e-12,4.579926715653215e-12,4.408803188938568e-12,4.579926715653215e-12,291000,0.0,0.0
2008-12-24 00:00:00+09:00,4.5844364169153844e-12,4.596027117914625e-12,4.5844364169153844e-12,4.596027117914625e-12,191300,0.0,0.0
2008-12-25 00:00:00+09:00,4.62294587764276e-12,4.62294587764276e-12,4.620173601338484e-12,4.620173601338484e-12,141600,0.0,0.0
2008-12-26 00:00:00+09:00,4.620174370723284e-12,4.620174370723284e-12,4.583953491510296e-12,4.596027117914625e-12,133200,0.0,0.0
2008-12-29 00:00:00+09:00,4.44309358282e-12,4.4954126195742215e-12,4.44309358282e-12,4.471265371841504e-12,517700,0.0,0.0
2008-12-30 00:00:00+09:00,4.068811838244668e-12,4.342480685920868e-12,4.024541877591165e-12,4.3143088927777296e-12,430000,0.0,0.0
2009-01-05 00:00:00+09:00,4.314307724922423e-12,4.3465040512278135e-12,4.19759604206538e-12,4.245890531523466e-12,170000,0.0,0.0
2009-01-06 00:00:00+09:00,4.145277718045498e-12,4.145277718045498e-12,4.109056844781023e-12,4.109056844781023e-12,285500,0.0,0.0
2009-01-07 00:00:00+09:00,4.109057079429609e-12,4.1654006632807494e-12,4.109057079429609e-12,4.1654006632807494e-12,248700,0.0,0.0
2009-01-08 00:00:00+09:00,4.076859943386024e-12,4.076859943386024e-12,4.076859943386024e-12,4.076859943386024e-12,183600,0.0,0.0
2009-01-09 00:00:00+09:00,4.054564265127309e-12,4.121130086492952e-12,4.054564265127309e-12,4.121130086492952e-12,126300,0.0,0.0
2009-01-13 00:00:00+09:00,4.138837765703e-12,4.138837765703e-12,4.129178769740616e-12,4.129178769740616e-12,209600,0.0,0.0
2009-01-14 00:00:00+09:00,4.129178975235993e-12,4.129178975235993e-12,4.076859943386024e-12,4.076859943386024e-12,137900,0.0,0.0
2009-01-15 00:00:00+09:00,4.0768604452959385e-12,4.092958610923958e-12,4.0768604452959385e-12,4.092958610923958e-12,195700,0.0,0.0
2009-01-16 00:00:00+09:00,4.0818502709842075e-12,4.161375237454745e-12,4.0818502709842075e-12,4.161375237454745e-12,178600,0.0,0.0
2009-01-19 00:00:00+09:00,4.1171056317074944e-12,4.141252878814283e-12,4.1171056317074944e-12,4.141252878814283e-12,169600,0.0,0.0
2009-01-20 00:00:00+09:00,4.105514379825956e-12,4.113080535883551e-12,4.105514379825956e-12,4.113080535883551e-12,146000,0.0,0.0
2009-01-21 00:00:00+09:00,4.1301046324486445e-12,4.197596263633141e-12,4.1301046324486445e-12,4.197596263633141e-12,348100,0.0,0.0
2009-01-22 00:00:00+09:00,4.197596263633141e-12,4.197596263633141e-12,4.197596263633141e-12,4.197596263633141e-12,135300,0.0,0.0
2009-01-23 00:00:00+09:00,4.1975965944350385e-12,4.1975965944350385e-12,4.173449346528413e-12,4.173449346528413e-12,198400,0.0,0.0
2009-01-26 00:00:00+09:00,4.175744035572017e-12,4.185523889282949e-12,4.175744035572017e-12,4.185523889282949e-12,150400,0.0,0.0
2009-01-27 00:00:00+09:00,4.1453173824091186e-12,4.266013323844797e-12,4.1453173824091186e-12,4.266013323844797e-12,190000,0.0,0.0
2009-01-28 00:00:00+09:00,4.266012902412637e-12,4.559804357012753e-12,4.266012902412637e-12,4.559804357012753e-12,392100,0.0,0.0
2009-01-29 00:00:00+09:00,4.562018478018438e-12,4.562018478018438e-12,4.4591912627678365e-12,4.4591912627678365e-12,170000,0.0,0.0
2009-01-30 00:00:00+09:00,4.461645953674397e-12,4.507485530658162e-12,4.461645953674397e-12,4.507485530658162e-12,193300,0.0,0.0
2009-02-02 00:00:00+09:00,4.507487183701833e-12,4.507487183701833e-12,4.487364473060307e-12,4.487364473060307e-12,145300,0.0,0.0
2009-02-03 00:00:00+09:00,4.465187929418663e-12,4.491387730481966e-12,4.465187929418663e-12,4.491387730481966e-12,196800,0.0,0.0
2009-02-04 00:00:00+09:00,4.485108453443071e-12,4.515534213905825e-12,4.485108453443071e-12,4.515534213905825e-12,113900,0.0,0.0
2009-02-05 00:00:00+09:00,4.499437091478413e-12,4.499437091478413e-12,4.45516713798444e-12,4.455167137984439e-12,141700,0.0,0.0
2009-02-06 00:00:00+09:00,4.472988339701494e-12,4.4994377147722364e-12,4.472988339701494e-12,4.4994377147722364e-12,114800,0.0,0.0
2009-02-09 00:00:00+09:00,4.494566660573365e-12,4.494566660573365e-12,4.451141712158435e-12,4.451141712158435e-12,137300,0.0,0.0
2009-02-10 00:00:00+09:00,4.7006639539717006e-12,4.7006639539717006e-12,4.511510524317017e-12,4.612124050729083e-12,221900,0.0,0.0
2009-02-12 00:00:00+09:00,4.523905153407909e-12,4.53163244776289e-12,4.523905153407909e-12,4.53163244776289e-12,107500,0.0,0.0
2009-02-13 00:00:00+09:00,4.55066837209956e-12,4.55066837209956e-12,4.515534213905825e-12,4.515534213905825e-12,172800,0.0,0.0
2009-02-16 00:00:00+09:00,4.488732679826339e-12,4.488732679826339e-12,4.487364473060307e-12,4.487364473060307e-12,158400,0.0,0.0
2009-02-17 00:00:00+09:00,4.501408727856104e-12,4.501408727856104e-12,4.475289496624901e-12,4.475289496624901e-12,95900,0.0,0.0
2009-02-18 00:00:00+09:00,4.450861477669742e-12,4.450861477669742e-12,4.44309389627251e-12,4.44309389627251e-12,176700,0.0,0.0
2009-02-19 00:00:00+09:00,4.443052726507669e-12,4.443052726507669e-12,4.4390684704465055e-12,4.4390684704465055e-12,108400,0.0,0.0
2009-02-20 00:00:00+09:00,4.4634973053164095e-12,4.4634973053164095e-12,4.4591912627678365e-12,4.4591912627678365e-12,180900,0.0,0.0
2009-02-23 00:00:00+09:00,4.470459977476443e-12,4.470459977476443e-12,4.414921119660908e-12,4.414921119660908e-12,580500,0.0,0.0
2009-02-24 00:00:00+09:00,4.944986612884003e-11,4.944986612884003e-11,4.9337901819601626e-11,4.9337901819601626e-11,354200,1000.0,0.0
2009-02-25 00:00:00+09:00,4.907754989795503e-11,4.938340708582345e-11,4.907754989795503e-11,4.938340708582345e-11,156400,0.0,0.0
2009-02-26 00:00:00+09:00,4.941299922295917e-11,4.951995757895844e-11,4.941299922295917e-11,4.951995757895844e-11,129900,0.0,0.0
2009-02-27 00:00:00+09:00,4.902474624617258e-11,4.9929577833340844e-11,4.902474624617258e-11,4.9929577833340844e-11,122200,0.0,0.0
2009-03-02 00:00:00+09:00,4.9929579142077135e-11,4.9929579142077135e-11,4.874619805028679e-11,4.874619805028679e-11,150800,0.0,0.0
2009-03-03 00:00:00+09:00,4.874620368813809e-11,4.874620368813809e-11,4.806348374852831e-11,4.806348374852831e-11,160300,0.0,0.0
2009-03-04 00:00:00+09:00,4.8882737535029384e-11,4.947442802660795e-11,4.8882737535029384e-11,4.947442802660795e-11,155000,0.0,0.0
2009-03-05 00:00:00+09:00,4.9934143985987124e-11,4.9934143985987124e-11,4.970202027720916e-11,4.970202027720916e-11,142500,0.0,0.0
2009-03-06 00:00:00+09:00,4.961098545863685e-11,4.961098545863685e-11,4.961098545863685e-11,4.961098545863685e-11,174200,0.0,0.0
2009-03-09 00:00:00+09:00,4.9656050765596584e-11,4.9656050765596584e-11,4.879172760263729e-11,4.879172760263728e-11,92100,0.0,0.0
2009-03-10 00:00:00+09:00,4.8017973443347824e-11,4.8017973443347824e-11,4.779040010949309e-11,4.779040010949309e-11,98100,0.0,0.0
2009-03-11 00:00:00+09:00,4.842761023246835e-11,4.879172760263729e-11,4.842761023246835e-11,4.879172760263728e-11,124000,0.0,0.0
2009-03-12 00:00:00+09:00,4.87917227784539e-11,4.87917227784539e-11,4.779040010949309e-11,4.779040010949309e-11,120600,0.0,0.0
2009-03-13 00:00:00+09:00,4.733980379726281e-11,4.779040010949309e-11,4.733980379726281e-11,4.779040010949309e-11,183500,0.0,0.0
2009-03-16 00:00:00+09:00,4.883723690205092e-11,4.901929556710982e-11,4.883723690205092e-11,4.901929556710982e-11,129800,0.0,0.0
2009-03-17 00:00:00+09:00,4.8786251351396794e-11,4.906480083333164e-11,4.8786251351396794e-11,4.9064800833331645e-11,112700,0.0,0.0
2009-03-18 00:00:00+09:00,4.934790048736758e-11,4.934790048736758e-11,4.874619805028679e-11,4.874619805028679e-11,111100,0.0,0.0
2009-03-19 00:00:00+09:00,4.8746209016966556e-11,4.8928267687431415e-11,4.8746209016966556e-11,4.8928267687431415e-11,66800,0.0,0.0
2009-03-23 00:00:00+09:00,4.923640220658784e-11,4.983856036200329e-11,4.923640220658784e-11,4.983856036200329e-11,152900,0.0,0.0
2009-03-24 00:00:00+09:00,5.010799848941456e-11,5.0293696290948375e-11,5.010799848941456e-11,5.0293696290948375e-11,206600,0.0,0.0
2009-03-25 00:00:00+09:00,5.065781147426534e-11,5.097641406215381e-11,5.065781147426534e-11,5.097641406215381e-11,144300,0.0,0.0
2009-03-26 00:00:00+09:00,5.1208088795372485e-11,5.143156733833365e-11,5.1208088795372485e-11,5.143156733833365e-11,106500,0.0,0.0
2009-03-27 00:00:00+09:00,5.159406522501296e-11,5.170466832460363e-11,5.159406522501296e-11,5.170466832460363e-11,132300,0.0,0.0
2009-03-30 00:00:00+09:00,5.1715115629561705e-11,5.1715115629561705e-11,5.03392084960641e-11,5.03392084960641e-11,123200,0.0,0.0
2009-03-31 00:00:00+09:00,5.0339221465569315e-11,5.0339221465569315e-11,4.920135479591359e-11,4.920135479591359e-11,141300,0.0,0.0
2009-04-01 00:00:00+09:00,4.9920024408771755e-11,4.9920024408771755e-11,4.974752207398403e-11,4.974752207398403e-11,80000,0.0,0.0
2009-04-02 00:00:00+09:00,4.9787580529233254e-11,5.061230601288713e-11,4.9787580529233254e-11,5.061230601288713e-11,87000,0.0,0.0
2009-04-03 00:00:00+09:00,5.04302476593159e-11,5.04302476593159e-11,5.015715967560119e-11,5.015715967560119e-11,76500,0.0,0.0
2009-04-06 00:00:00+09:00,4.9929135914935655e-11,4.9929135914935655e-11,4.9292386145038947e-11,4.9292386145038947e-11,121200,0.0,0.0
2009-04-07 00:00:00+09:00,4.924686957760389e-11,4.956547224585087e-11,4.9155840243819044e-11,4.951995757895844e-11,76700,0.0,0.0
2009-04-08 00:00:00+09:00,4.8752133588545846e-11,4.9110333855129085e-11,4.8752133588545846e-11,4.9110333855129085e-11,88500,0.0,0.0
2009-04-09 00:00:00+09:00,4.9565476265458585e-11,4.979304961837621e-11,4.951996159487506e-11,4.970202027720916e-11,67800,0.0,0.0
2009-04-10 00:00:00+09:00,4.9383413463058506e-11,4.9383413463058506e-11,4.920135479591359e-11,4.920135479591359e-11,162600,0.0,0.0
2009-04-13 00:00:00+09:00,4.959822859394953e-11,4.959822859394953e-11,4.956545937573331e-11,4.956545937573331e-11,83400,0.0,0.0
2009-04-14 00:00:00+09:00,4.947444302602519e-11,4.997510436299508e-11,4.938341369203066e-11,4.983856036200329e-11,96300,0.0,0.0
2009-04-15 00:00:00+09:00,5.005930203690557e-11,5.015715967560119e-11,5.005930203690557e-11,5.015715967560119e-11,209700,0.0,0.0
2009-04-16 00:00:00+09:00,5.017718010519465e-11,5.017718010519465e-11,4.938340708582345e-11,4.938340708582345e-11,147600,0.0,0.0
2009-04-17 00:00:00+09:00,4.945213991692362e-11,4.945213991692362e-11,4.8837236338306056e-11,4.8837236338306056e-11,194800,0.0,0.0
2009-04-20 00:00:00+09:00,4.8701603966346356e-11,4.8701603966346356e-11,4.870069278406497e-11,4.870069278406497e-11,198600,0.0,0.0
2009-04-21 00:00:00+09:00,4.884223954498397e-11,4.884223954498397e-11,4.824554297733208e-11,4.824554297733208e-11,200600,0.0,0.0
2009-04-22 00:00:00+09:00,4.795653378423337e-11,4.797246280774381e-11,4.795653378423337e-11,4.797246280774381e-11,69600,0.0,0.0
2009-04-23 00:00:00+09:00,4.8100349986616446e-11,4.8382083062126213e-11,4.8100349986616446e-11,4.8382083062126213e-11,144700,0.0,0.0
2009-04-24 00:00:00+09:00,4.780451679736664e-11,4.7835919253502723e-11,4.780451679736664e-11,4.7835919253502723e-11,160400,0.0,0.0
2009-04-27 00:00:00+09:00,4.770675272599436e-11,4.770675272599436e-11,4.760833394179542e-11,4.760833394179542e-11,151800,0.0,0.0
2009-04-28 00:00:00+09:00,4.7677985984815676e-11,4.7677985984815676e-11,4.710768580773461e-11,4.710768580773461e-11,170100,0.0,0.0
2009-04-30 00:00:00+09:00,4.778083627959652e-11,4.778083627959652e-11,4.760833394179542e-11,4.760833394179542e-11,91500,0.0,0.0
2009-05-01 00:00:00+09:00,4.757739036813823e-11,4.757739036813823e-11,4.738076944676983e-11,4.738076944676983e-11,101400,0.0,0.0
2009-05-07 00:00:00+09:00,4.763655729128983e-11,4.7653853085805054e-11,4.763655729128983e-11,4.7653853085805054e-11,104700,0.0,0.0
2009-05-08 00:00:00+09:00,4.810899898777359e-11,4.824554297733208e-11,4.810899898777359e-11,4.824554297733208e-11,109600,0.0,0.0
2009-05-11 00:00:00+09:00,4.82651102024562e-11,4.82651102024562e-11,4.810899248419709e-11,4.810899248419709e-11,125300,0.0,0.0
2009-05-12 00:00:00+09:00,4.811400872351577e-11,4.811400872351577e-11,4.779040010949309e-11,4.779040010949309e-11,132600,0.0,0.0
2009-05-13 00:00:00+09:00,4.8154512209714774e-11,4.8336570857010486e-11,4.801796822424299e-11,4.8336570857010486e-11,100800,0.0,0.0
2009-05-14 00:00:00+09:00,4.779040010949309e-11,4.779040010949309e-11,4.779040010949309e-11,4.779040010949309e-11,108500,0.0,0.0
2009-05-15 00:00:00+09:00,4.7953791855887396e-11,4.806348374852831e-11,4.7953791855887396e-11,4.806348374852831e-11,103300,0.0,0.0
2009-05-18 00:00:00+09:00,4.77380353101564e-11,4.77448636182487e-11,4.77380353101564e-11,4.77448636182487e-11,125000,0.0,0.0
2009-05-19 00:00:00+09:00,4.7790397077454925e-11,4.7790397077454925e-11,4.7653853085805054e-11,4.7653853085805054e-11,164800,0.0,0.0
2009-05-20 00:00:00+09:00,4.777854401178452e-11,4.777854401178452e-11,4.77448636182487e-11,4.77448636182487e-11,87900,0.0,0.0
2009-05-21 00:00:00+09:00,4.787869125945392e-11,4.787869125945392e-11,4.742627818243861e-11,4.742627818243861e-11,142200,0.0,0.0
2009-05-22 00:00:00+09:00,4.733980759749856e-11,4.733980759749856e-11,4.7335257241654105e-11,4.7335257241654105e-11,139000,0.0,0.0
2009-05-25 00:00:00+09:00,4.72169088148434e-11,4.728973115875057e-11,4.72169088148434e-11,4.728973115875057e-11,129900,0.0,0.0
2009-05-26 00:00:00+09:00,4.7289717158589513e-11,4.77448636182487e-11,4.7289717158589513e-11,4.77448636182487e-11,118100,0.0,0.0
2009-05-27 00:00:00+09:00,4.779039258019617e-11,4.779039258019617e-11,4.760833394179542e-11,4.760833394179542e-11,113700,0.0,0.0
2009-05-28 00:00:00+09:00,4.763929386044898e-11,4.779040010949309e-11,4.763929386044898e-11,4.779040010949309e-11,171100,0.0,0.0
2009-05-29 00:00:00+09:00,4.7812246260584813e-11,4.7812246260584813e-11,4.779040010949309e-11,4.779040010949309e-11,174900,0.0,0.0
2009-06-01 00:00:00+09:00,4.76993707759512e-11,4.779040010949309e-11,4.7653856109180255e-11,4.779040010949309e-11,160100,0.0,0.0
2009-06-02 00:00:00+09:00,4.7808602748938485e-11,4.806348374852831e-11,4.7808602748938485e-11,4.806348374852831e-11,235700,0.0,0.0
2009-06-03 00:00:00+09:00,4.838708900795398e-11,4.838708900795398e-11,4.8382083062126213e-11,4.8382083062126213e-11,142500,0.0,0.0
2009-06-04 00:00:00+09:00,4.8655178117911635e-11,4.870069278406497e-11,4.8655178117911635e-11,4.870069278406497e-11,162700,0.0,0.0
2009-06-05 00:00:00+09:00,4.924686957760389e-11,4.951995757895844e-11,4.924686957760389e-11,4.951995757895844e-11,204600,0.0,0.0
2009-06-08 00:00:00+09:00,4.965649722927887e-11,4.979304121799366e-11,4.965649722927887e-11,4.979304121799366e-11,178500,0.0,0.0
2009-06-09 00:00:00+09:00,4.9804412528836114e-11,4.9929577833340844e-11,4.9804412528836114e-11,4.9929577833340844e-11,164500,0.0,0.0
2009-06-10 00:00:00+09:00,5.014214507553415e-11,5.014214507553415e-11,4.951995757895844e-11,4.951995757895844e-11,165100,0.0,0.0
2009-06-11 00:00:00+09:00,4.961097403080745e-11,4.9747517996029854e-11,4.942891541051091e-11,4.956545937573331e-11,144000,0.0,0.0
2009-06-12 00:00:00+09:00,4.9793045695006033e-11,4.997510436299508e-11,4.965650169401424e-11,4.983856036200329e-11,211900,0.0,0.0
2009-06-15 00:00:00+09:00,5.024818039214855e-11,5.0703326953671635e-11,5.020266573599624e-11,5.0703326953671635e-11,264400,0.0,0.0
2009-06-16 00:00:00+09:00,4.9838560920776824e-11,5.002061959080706e-11,4.970201691825414e-11,5.002061959080706e-11,150000,0.0,0.0
2009-06-17 00:00:00+09:00,4.961098256637394e-11,4.983855588089859e-11,4.951995324056408e-11,4.979304121799366e-11,154700,0.0,0.0
2009-06-18 00:00:00+09:00,4.9292377764006264e-11,4.938340708582345e-11,4.915583378128048e-11,4.938340708582345e-11,156900,0.0,0.0
2009-06-19 00:00:00+09:00,4.929238412948605e-11,4.929238412948605e-11,4.911032546234113e-11,4.920135479591359e-11,119000,0.0,0.0
2009-06-22 00:00:00+09:00,5.029369384100437e-11,5.0475752461243296e-11,4.997509125558624e-11,5.03392084960641e-11,241300,0.0,0.0
2009-06-23 00:00:00+09:00,4.956547079307847e-11,4.965650012419523e-11,4.933789746528656e-11,4.961098545863685e-11,124500,0.0,0.0
2009-06-24 00:00:00+09:00,4.9474434121153375e-11,4.988406605039936e-11,4.9474434121153375e-11,4.974752207398403e-11,80400,0.0,0.0
2009-06-25 00:00:00+09:00,4.992959571942704e-11,5.024819842684362e-11,4.974753702947471e-11,5.011165440937937e-11,150000,0.0,0.0
2009-06-26 00:00:00+09:00,5.0293708711380416e-11,5.038473804841459e-11,5.00206207002779e-11,5.038473804841459e-11,84200,0.0,0.0
2009-06-29 00:00:00+09:00,5.04302476593159e-11,5.056679165117325e-11,4.997510101979139e-11,5.015715967560119e-11,100000,0.0,0.0
2009-06-30 00:00:00+09:00,5.038473804841459e-11,5.065782605951711e-11,5.015716470582916e-11,5.038473804841459e-11,84900,0.0,0.0
2009-07-01 00:00:00+09:00,5.0339212729596954e-11,5.0976417954022233e-11,5.015715409404688e-11,5.083987397735967e-11,210000,0.0,0.0
2009-07-02 00:00:00+09:00,5.097641406215381e-11,5.143156061628018e-11,5.0839870095915894e-11,5.097641406215381e-11,179300,0.0,0.0
2009-07-03 00:00:00+09:00,5.120400577113752e-11,5.120400577113752e-11,5.0612315037782145e-11,5.102194708395125e-11,100000,0.0,0.0
2009-07-06 00:00:00+09:00,5.1067461755747814e-11,5.1249520442934084e-11,5.093091774035811e-11,5.102194708395125e-11,109100,0.0,0.0
2009-07-07 00:00:00+09:00,5.1203987339216994e-11,5.143156061628018e-11,5.070332612967798e-11,5.097641406215381e-11,200000,0.0,0.0
2009-07-08 00:00:00+09:00,5.07488471111577e-11,5.0794361772243946e-11,5.020267117812282e-11,5.0794361772243946e-11,170000,0.0,0.0
2009-07-09 00:00:00+09:00,5.029369797964534e-11,5.079435922650154e-11,4.970200741517892e-11,4.974752207398403e-11,173200,0.0,0.0
2009-07-10 00:00:00+09:00,4.9793046253269266e-11,5.024819292834485e-11,4.97475315857617e-11,5.002061959080706e-11,110000,0.0,0.0
2009-07-13 00:00:00+09:00,4.970202102805962e-11,4.997510905568632e-11,4.860966891755282e-11,4.879172760263728e-11,146200,0.0,0.0
2009-07-14 00:00:00+09:00,4.88372358965642e-11,4.9064809223202436e-11,4.851863323927068e-11,4.897377989254714e-11,180000,0.0,0.0
2009-07-15 00:00:00+09:00,4.988407479770702e-11,4.988407479770702e-11,4.911032546234113e-11,4.920135479591359e-11,89800,0.0,0.0
2009-07-16 00:00:00+09:00,4.9884064669138664e-11,4.9884064669138664e-11,4.906480083333164e-11,4.9064800833331645e-11,120000,0.0,0.0
2009-07-17 00:00:00+09:00,4.924687257567689e-11,4.9702019272309767e-11,4.897378455769717e-11,4.965650460264648e-11,100000,0.0,0.0
2009-07-21 00:00:00+09:00,5.006612947878313e-11,5.04757614472459e-11,4.9975100152458066e-11,5.0430246784083366e-11,137600,0.0,0.0
2009-07-22 00:00:00+09:00,5.0885391401997364e-11,5.1795684629224506e-11,5.070333275655193e-11,5.143156733833365e-11,240000,0.0,0.0
2009-07-23 00:00:00+09:00,5.14770828647349e-11,5.179568549961831e-11,5.111296556772528e-11,5.115848022985148e-11,128800,0.0,0.0
2009-07-24 00:00:00+09:00,5.115847937016551e-11,5.143156733833365e-11,5.1067450047442795e-11,5.143156733833365e-11,100000,0.0,0.0
2009-07-27 00:00:00+09:00,5.138605715169369e-11,5.165914514364246e-11,5.12950278210441e-11,5.147708648234328e-11,107900,0.0,0.0
2009-07-28 00:00:00+09:00,5.1522592765207986e-11,5.1659136738967375e-11,5.1431563449368396e-11,5.1568107423127785e-11,87600,0.0,0.0
2009-07-29 00:00:00+09:00,5.156811581299287e-11,5.1613630478317666e-11,5.134054248636889e-11,5.147708648234328e-11,67400,0.0,0.0
2009-07-30 00:00:00+09:00,5.1477085912824486e-11,5.152260057764573e-11,5.1203997923897034e-11,5.1295027253539516e-11,66400,0.0,0.0
2009-07-31 00:00:00+09:00,5.147708199969501e-11,5.1522596661056366e-11,5.1203994031526865e-11,5.143156733833365e-11,80000,0.0,0.0
2009-08-03 00:00:00+09:00,5.147708648234328e-11,5.147708648234328e-11,5.12950278210441e-11,5.147708648234328e-11,85900,0.0,0.0
2009-08-04 00:00:00+09:00,5.1477080719223326e-11,5.184119800105691e-11,5.138605139876493e-11,5.184119800105691e-11,130000,0.0,0.0
2009-08-05 00:00:00+09:00,5.188671266128611e-11,5.1977741981744505e-11,5.1704654020369314e-11,5.184119800105691e-11,97400,0.0,0.0
2009-08-06 00:00:00+09:00,5.1977743862143676e-11,5.1977743862143676e-11,5.152259724338585e-11,5.1613626567137416e-11,130000,0.0,0.0
2009-08-07 00:00:00+09:00,5.1886718470266434e-11,5.1886718470266434e-11,5.120399849039451e-11,5.147708648234328e-11,116000,0.0,0.0
2009-08-10 00:00:00+09:00,5.1750166054806966e-11,5.179568071272676e-11,5.129501947560901e-11,5.1568107423127785e-11,105500,0.0,0.0
2009-08-11 00:00:00+09:00,5.161364296483933e-11,5.188673102285435e-11,5.147709893583182e-11,5.188673102285435e-11,110000,0.0,0.0
2009-08-12 00:00:00+09:00,5.1886727015887444e-11,5.1886727015887444e-11,5.161363897896172e-11,5.170466832460363e-11,86400,0.0,0.0
2009-08-13 00:00:00+09:00,5.188671324763007e-11,5.2114286551347745e-11,5.1704654604655927e-11,5.2023257229860675e-11,100000,0.0,0.0
2009-08-14 00:00:00+09:00,5.211428100492568e-11,5.288803015521715e-11,5.206876634902618e-11,5.2705971531619156e-11,210000,0.0,0.0
2009-08-17 00:00:00+09:00,5.3024574122915645e-11,5.316111809061414e-11,5.256942756392066e-11,5.2705971531619156e-11,130400,0.0,0.0
2009-08-18 00:00:00+09:00,5.2614957529728557e-11,5.266047219887192e-11,5.2432898853155104e-11,5.2614957529728557e-11,97200,0.0,0.0
2009-08-19 00:00:00+09:00,5.2614954953287085e-11,5.2705984287116303e-11,5.225083761797022e-11,5.234186695179943e-11,109800,0.0,0.0
2009-08-20 00:00:00+09:00,5.2478400694432545e-11,5.270597398452115e-11,5.2296342062361655e-11,5.266045932650343e-11,117500,0.0,0.0
2009-08-21 00:00:00+09:00,5.2569430010467983e-11,5.270597398452115e-11,5.234185672037938e-11,5.266045932650343e-11,120000,0.0,0.0
2009-08-24 00:00:00+09:00,5.270597718619337e-11,5.316112379401887e-11,5.270597718619337e-11,5.311560913323632e-11,180000,0.0,0.0
2009-08-25 00:00:00+09:00,5.311561449565174e-11,5.311561449565174e-11,5.288804116876378e-11,5.288804116876378e-11,400000,0.0,0.0
2009-08-26 00:00:00+09:00,3.711957296122656e-10,3.7478689322329016e-10,3.6956338251634533e-10,3.73807484965738e-10,340000,1000.0,0.0
2009-08-27 00:00:00+09:00,3.7217515747659946e-10,3.7217515747659946e-10,3.695634019855356e-10,3.7086927973106754e-10,180000,0.0,0.0
2009-08-28 00:00:00+09:00,3.698897718824816e-10,3.71848587973651e-10,3.6891036383689694e-10,3.7152211862512274e-10,128600,0.0,0.0
2009-08-31 00:00:00+09:00,3.7119579887904436e-10,3.7380755471988195e-10,3.6923698199841614e-10,3.721752073193585e-10,130000,0.0,0.0
2009-09-02 00:00:00+09:00,3.6205451350935385e-10,3.6205451350935385e-10,3.5748394255432144e-10,3.5813688126218324e-10,230000,0.0,0.0
2009-09-03 00:00:00+09:00,3.574840894715684e-10,3.604223148644854e-10,3.571576199834665e-10,3.578105589596703e-10,90000,0.0,0.0
2009-09-04 00:00:00+09:00,3.5813691711952446e-10,3.591163252793773e-10,3.5356634570687785e-10,3.545457538667307e-10,160000,0.0,0.0
2009-09-07 00:00:00+09:00,3.600957363125967e-10,3.600957363125967e-10,3.5519869547425677e-10,3.555251648634794e-10,105700,0.0,0.0
2009-09-08 00:00:00+09:00,3.5552520080922483e-10,3.584634256093011e-10,3.5519873138699417e-10,3.584634256093011e-10,100000,0.0,0.0
2009-09-09 00:00:00+09:00,3.584633893664834e-10,3.584633893664834e-10,3.5519869547425677e-10,3.555251648634794e-10,90000,0.0,0.0
2009-09-10 00:00:00+09:00,3.545457183689435e-10,3.5976922803183765e-10,3.545457183689435e-10,3.5813688126218324e-10,95500,0.0,0.0
2009-09-11 00:00:00+09:00,3.565045730311474e-10,3.5878985875570607e-10,3.5454575669581144e-10,3.555251648634794e-10,160000,0.0,0.0
2009-09-14 00:00:00+09:00,3.5519876502970907e-10,3.555252344828614e-10,3.5258700940449064e-10,3.538928872170999e-10,119700,0.0,0.0
2009-09-15 00:00:00+09:00,3.5356639568267445e-10,3.5487227341372777e-10,3.509546402205679e-10,3.5258698738438454e-10,108900,0.0,0.0
2009-09-16 00:00:00+09:00,3.525868952545327e-10,3.538927726443643e-10,3.493222017799537e-10,3.496486711274116e-10,97400,0.0,0.0
2009-09-17 00:00:00+09:00,3.493222017799537e-10,3.519339565596169e-10,3.480163243901221e-10,3.496486711274116e-10,100000,0.0,0.0
2009-09-18 00:00:00+09:00,3.4801644061608646e-10,3.489958489855501e-10,3.4605762387715915e-10,3.4834291007257434e-10,108300,0.0,0.0
2009-09-21 00:00:00+09:00,3.4834291007257434e-10,3.4834291007257434e-10,3.4834291007257434e-10,3.4834291007257434e-10,0,0.0,0.0
2009-09-24 00:00:00+09:00,3.476898995221355e-10,3.555251648634794e-10,3.473634301329129e-10,3.555251648634794e-10,120000,0.0,0.0
2009-09-25 00:00:00+09:00,3.54219303867953e-10,3.548722426769261e-10,3.4997520160962723e-10,3.5160754863206023e-10,88300,0.0,0.0
2009-09-28 00:00:00+09:00,3.509546402205679e-10,3.5356639568267445e-10,3.506281707878046e-10,3.5258698738438454e-10,74500,0.0,0.0
2009-09-29 00:00:00+09:00,3.5258702673930523e-10,3.5258702673930523e-10,3.486693931088685e-10,3.499752709856807e-10,67100,0.0,0.0
2009-09-30 00:00:00+09:00,3.4932219419402085e-10,3.542192342995445e-10,3.4932219419402085e-10,3.5323982627843975e-10,59700,0.0,0.0
2009-10-01 00:00:00+09:00,3.516075289740306e-10,3.519339983602646e-10,3.470369575667544e-10,3.4801636572545647e-10,116700,0.0,0.0
2009-10-02 00:00:00+09:00,3.4703692647231927e-10,3.473633958293017e-10,3.4279282483154775e-10,3.4377223290249503e-10,159400,0.0,0.0
2009-10-05 00:00:00+09:00,3.444252022687826e-10,3.457310798129296e-10,3.4311932472463555e-10,3.4475167165481935e-10,90000,0.0,0.0
2009-10-06 00:00:00+09:00,3.4507824120315724e-10,3.4507824120315724e-10,3.42140015875978e-10,3.4409883276076414e-10,118800,0.0,0.0
2009-10-07 00:00:00+09:00,3.4671049364831674e-10,3.4671049364831674e-10,3.4377226912587334e-10,3.4671049364831674e-10,86500,0.0,0.0
2009-10-08 00:00:00+09:00,3.437723020575388e-10,3.5062815993333015e-10,3.4246642436691184e-10,3.4866934339738975e-10,270000,0.0,0.0
2009-10-09 00:00:00+09:00,3.440987633325112e-10,3.4703698806684955e-10,3.4279288567280533e-10,3.4573111040714366e-10,190000,0.0,0.0
2009-10-13 00:00:00+09:00,3.447517021623642e-10,3.4899580455640843e-10,3.447517021623642e-10,3.4573111040714366e-10,140000,0.0,0.0
2009-10-14 00:00:00+09:00,3.460576159804045e-10,3.4736349377655695e-10,3.4344586038809955e-10,3.4540467708232825e-10,170000,0.0,0.0
2009-10-15 00:00:00+09:00,3.476899879117923e-10,3.493223352728805e-10,3.4507823213405116e-10,3.476899879117923e-10,134600,0.0,0.0
2009-10-16 00:00:00+09:00,3.476899018224645e-10,3.486693099966123e-10,3.4409873851725596e-10,3.4671049364831674e-10,97800,0.0,0.0
2009-10-19 00:00:00+09:00,3.4605761253996746e-10,3.509546542268538e-10,3.440987958652129e-10,3.509546542268538e-10,159500,0.0,0.0
2009-10-20 00:00:00+09:00,3.5258700940449064e-10,3.538928872170999e-10,3.5193407049818605e-10,3.538928872170999e-10,92000,0.0,0.0
2009-10-21 00:00:00+09:00,3.509545988436084e-10,3.5454576218061277e-10,3.4834284368942343e-10,3.542192927863397e-10,125600,0.0,0.0
2009-10-22 00:00:00+09:00,3.542192927863397e-10,3.542192927863397e-10,3.4964872126651595e-10,3.542192927863397e-10,140000,0.0,0.0
2009-10-23 00:00:00+09:00,3.538928792389856e-10,3.555252264679477e-10,3.4997524588947655e-10,3.509546542268538e-10,181700,0.0,0.0
2009-10-26 00:00:00+09:00,3.561780367476024e-10,3.5846332204295824e-10,3.5160746615689074e-10,3.548721594359705e-10,227100,0.0,0.0
2009-10-27 00:00:00+09:00,3.548722811665205e-10,3.5878991444526775e-10,3.4801642292871286e-10,3.5878991444526775e-10,288900,0.0,0.0
2009-10-28 00:00:00+09:00,3.5878987836301943e-10,3.5878987836301943e-10,3.5389283725706375e-10,3.5585165369944605e-10,174500,0.0,0.0
2009-10-29 00:00:00+09:00,3.529134762203512e-10,3.571575790796153e-10,3.4932231226251226e-10,3.529134762203512e-10,373400,0.0,0.0
2009-10-30 00:00:00+09:00,3.5585158811676174e-10,3.568309961574501e-10,3.4605750770987837e-10,3.463839770567745e-10,234700,0.0,0.0
2009-11-02 00:00:00+09:00,3.467105653977767e-10,3.4932232106932304e-10,3.4377234026728705e-10,3.4932232106932304e-10,176400,0.0,0.0
2009-11-04 00:00:00+09:00,3.4932224041365694e-10,3.4932224041365694e-10,3.450781384273228e-10,3.4703695472870777e-10,121000,0.0,0.0
2009-11-05 00:00:00+09:00,3.493222011788395e-10,3.493222011788395e-10,3.4442516097539785e-10,3.463839770567745e-10,84000,0.0,0.0
2009-11-06 00:00:00+09:00,3.4671049349001495e-10,3.4671049349001495e-10,3.4311933018644606e-10,3.434457995776796e-10,96300,0.0,0.0
2009-11-09 00:00:00+09:00,3.4671055530383205e-10,3.4671055530383205e-10,3.408341052139366e-10,3.4213998301169113e-10,199500,0.0,0.0
2009-11-10 00:00:00+09:00,3.4279280240540387e-10,3.4279280240540387e-10,3.4116045572728294e-10,3.424663330697797e-10,90500,0.0,0.0
2009-11-11 00:00:00+09:00,3.427929054393537e-10,3.43772313740609e-10,3.3952821110183606e-10,3.3952821110183606e-10,70100,0.0,0.0
2009-11-12 00:00:00+09:00,3.398546892563567e-10,3.4018115869848575e-10,3.3365176985590447e-10,3.359370559508079e-10,153100,0.0,0.0
2009-11-13 00:00:00+09:00,3.35936983856306e-10,3.375693307166379e-10,3.356105144842396e-10,3.3658992260043874e-10,101900,0.0,0.0
2009-11-16 00:00:00+09:00,3.3626350322110765e-10,3.375693809035197e-10,3.336517478562835e-10,3.346311561180926e-10,100400,0.0,0.0
2009-11-17 00:00:00+09:00,3.3593701423532743e-10,3.3593701423532743e-10,3.294076262035426e-10,3.310399732114888e-10,102700,0.0,0.0
2009-11-18 00:00:00+09:00,3.290811512179914e-10,3.3103996759428896e-10,3.281017430298426e-10,3.290811512179914e-10,117300,0.0,0.0
2009-11-19 00:00:00+09:00,3.287547262529567e-10,3.3071354289398726e-10,3.2679590961192623e-10,3.28428256812785e-10,109900,0.0,0.0
2009-11-20 00:00:00+09:00,3.2679590961192623e-10,3.29734134573472e-10,3.2679590961192623e-10,3.28428256812785e-10,174800,0.0,0.0
2009-11-24 00:00:00+09:00,3.274488434049459e-10,3.2810178227514513e-10,3.2320474074865047e-10,3.2320474074865047e-10,205400,0.0,0.0
2009-11-25 00:00:00+09:00,3.235311740734659e-10,3.254899904654344e-10,3.2222529647882017e-10,3.235311740734659e-10,112500,0.0,0.0
2009-11-26 00:00:00+09:00,3.248371453843984e-10,3.274489013271875e-10,3.248371453843984e-10,3.274489013271875e-10,86000,0.0,0.0
2009-11-27 00:00:00+09:00,3.264693819076011e-10,3.284281981990467e-10,3.232046880885251e-10,3.2418409623424793e-10,203100,0.0,0.0
2009-11-30 00:00:00+09:00,3.251635158174506e-10,3.3136643429187984e-10,3.251635158174506e-10,3.3136643429187984e-10,126700,0.0,0.0
2009-12-01 00:00:00+09:00,3.32019433080447e-10,3.398546999378027e-10,3.3104002472327757e-10,3.398546999378027e-10,221100,0.0,0.0
2009-12-02 00:00:00+09:00,3.4018112501540366e-10,3.4018112501540366e-10,3.294076344918832e-10,3.307135121310978e-10,219200,0.0,0.0
2009-12-03 00:00:00+09:00,3.2973413392163723e-10,3.349576449540592e-10,3.2973413392163723e-10,3.349576449540592e-10,149400,0.0,0.0
2009-12-04 00:00:00+09:00,3.372429002995036e-10,3.372429002995036e-10,3.3136645092352e-10,3.339782062017349e-10,109400,0.0,0.0
2009-12-07 00:00:00+09:00,3.3626348369198214e-10,3.3626348369198214e-10,3.3299878967555513e-10,3.3430466728212593e-10,101500,0.0,0.0
2009-12-08 00:00:00+09:00,3.3463114224030477e-10,3.3495761164736845e-10,3.297341011343491e-10,3.297341011343491e-10,166000,0.0,0.0
2009-12-09 00:00:00+09:00,3.2875470122332586e-10,3.310399871305386e-10,3.284282318080097e-10,3.2940764005395806e-10,85100,0.0,0.0
2009-12-10 00:00:00+09:00,3.2842823465264475e-10,3.294076429070761e-10,3.2646941814378206e-10,3.2712235698006964e-10,106800,0.0,0.0
2009-12-11 00:00:00+09:00,3.277753708200362e-10,3.3071359625567395e-10,3.264694928486416e-10,3.274489013271875e-10,190600,0.0,0.0
2009-12-14 00:00:00+09:00,3.2712240150001293e-10,3.2712240150001293e-10,3.232047679491146e-10,3.264694625748632e-10,173400,0.0,0.0
2009-12-15 00:00:00+09:00,3.281017623926936e-10,3.300605788845903e-10,3.2646941531611306e-10,3.2940764005395806e-10,99900,0.0,0.0
2009-12-16 00:00:00+09:00,3.2875468740036415e-10,3.349576060305597e-10,3.2875468740036415e-10,3.310399732114888e-10,120800,0.0,0.0
2009-12-17 00:00:00+09:00,3.307134981982394e-10,3.3169290638638814e-10,3.287546818219418e-10,3.290811512179914e-10,87900,0.0,0.0
2009-12-18 00:00:00+09:00,3.28428292964077e-10,3.2875476244018445e-10,3.264694761074324e-10,3.2810182348796957e-10,112000,0.0,0.0
2009-12-21 00:00:00+09:00,3.277752651658221e-10,3.2810173455343746e-10,3.2614291822774533e-10,3.2614291822774533e-10,124500,0.0,0.0
2009-12-22 00:00:00+09:00,3.2646938761536065e-10,3.26795857002976e-10,3.2581644884012995e-10,3.2614291822774533e-10,136200,0.0,0.0
2009-12-24 00:00:00+09:00,3.264694625748632e-10,3.2842827935031235e-10,3.2516358472456373e-10,3.264694625748632e-10,178400,0.0,0.0
2009-12-25 00:00:00+09:00,3.2614290706426907e-10,3.264693764407098e-10,3.2548996831138766e-10,3.2548996831138766e-10,104000,0.0,0.0
2009-12-28 00:00:00+09:00,3.2614291822774533e-10,3.26795857002976e-10,3.2581644884012995e-10,3.2614291822774533e-10,113500,0.0,0.0
2009-12-29 00:00:00+09:00,3.264694928486416e-10,3.274489013271875e-10,3.2614302335579294e-10,3.274489013271875e-10,118200,0.0,0.0
2009-12-30 00:00:00+09:00,3.2679593203743804e-10,3.2777534042516267e-10,3.264694625748632e-10,3.264694625748632e-10,57000,0.0,0.0
2010-01-04 00:00:00+09:00,3.274487820113863e-10,3.284281901330555e-10,3.271223126374966e-10,3.277752513852761e-10,72900,0.0,0.0
2010-01-05 00:00:00+09:00,3.294076429070761e-10,3.294076429070761e-10,3.2712235698006964e-10,3.2712235698006964e-10,96100,0.0,0.0
2010-01-06 00:00:00+09:00,3.2712237905209797e-10,3.28428256812785e-10,3.2712237905209797e-10,3.28428256812785e-10,120000,0.0,0.0
2010-01-07 00:00:00+09:00,3.290812010244394e-10,3.3071354825174316e-10,3.290812010244394e-10,3.303870788062824e-10,151400,0.0,0.0
2010-01-08 00:00:00+09:00,3.303870261117068e-10,3.316929036852709e-10,3.297340873249248e-10,3.3136643429187984e-10,145000,0.0,0.0
2010-01-12 00:00:00+09:00,3.2973413991536086e-10,3.303870788062824e-10,3.290812010244394e-10,3.303870788062824e-10,162200,0.0,0.0
2010-01-13 00:00:00+09:00,3.307135286322089e-10,3.3397822289313885e-10,3.3038705920611585e-10,3.3332528404095285e-10,186200,0.0,0.0
2010-01-14 00:00:00+09:00,3.3397819788048323e-10,3.3430466728212593e-10,3.3234585087226973e-10,3.3430466728212593e-10,110500,0.0,0.0
2010-01-15 00:00:00+09:00,3.343047030983721e-10,3.3724292802794764e-10,3.3365176422513307e-10,3.3724292802794764e-10,130600,0.0,0.0
2010-01-18 00:00:00+09:00,3.3887527223433255e-10,3.4083408883684315e-10,3.3822233336682903e-10,3.3952821110183606e-10,169300,0.0,0.0
2010-01-19 00:00:00+09:00,3.39854633287022e-10,3.39854633287022e-10,3.378958169568374e-10,3.392016945102938e-10,116100,0.0,0.0
2010-01-20 00:00:00+09:00,3.392016945102938e-10,3.395281638986579e-10,3.3822228634520153e-10,3.392016945102938e-10,60000,0.0,0.0
2010-01-21 00:00:00+09:00,3.3920175573346207e-10,3.3952822518075123e-10,3.3691646960243777e-10,3.378958779443053e-10,138900,0.0,0.0
2010-01-22 00:00:00+09:00,3.365899891547086e-10,3.378958669011866e-10,3.3495764197161113e-10,3.3724292802794764e-10,162100,0.0,0.0
2010-01-25 00:00:00+09:00,3.3561051160369004e-10,3.369163890807472e-10,3.3495757286516146e-10,3.3561051160369004e-10,98600,0.0,0.0
2010-01-26 00:00:00+09:00,3.3626350887578985e-10,3.3626350887578985e-10,3.3332528404095285e-10,3.3332528404095285e-10,109500,0.0,0.0
2010-01-27 00:00:00+09:00,3.3299881480684674e-10,3.339782230856904e-10,3.297341205440345e-10,3.3006058997031573e-10,154900,0.0,0.0
2010-01-28 00:00:00+09:00,3.310399871305386e-10,3.310399871305386e-10,3.277752929773775e-10,3.2940764005395806e-10,106900,0.0,0.0
2010-01-29 00:00:00+09:00,3.294076429070761e-10,3.2973411232521987e-10,3.267958875619259e-10,3.2712235698006964e-10,197600,0.0,0.0
2010-02-01 00:00:00+09:00,3.274488180330613e-10,3.307135121310978e-10,3.2646940980365035e-10,3.307135121310978e-10,192800,0.0,0.0
2010-02-02 00:00:00+09:00,3.3136644537206e-10,3.3201938418067487e-10,3.2777528192467805e-10,3.287546901376004e-10,147700,0.0,0.0
2010-02-03 00:00:00+09:00,3.3071354825174316e-10,3.313664871426646e-10,3.2973413991536086e-10,3.303870788062824e-10,104500,0.0,0.0
2010-02-04 00:00:00+09:00,3.3201945069632394e-10,3.329988591054576e-10,3.300606338780565e-10,3.326723896357464e-10,163000,0.0,0.0
2010-02-05 00:00:00+09:00,3.320194206546743e-10,3.320194206546743e-10,3.2810178737261324e-10,3.28428256812785e-10,282300,0.0,0.0
2010-02-08 00:00:00+09:00,3.307135655883364e-10,3.307135655883364e-10,3.264694625748632e-10,3.264694625748632e-10,299600,0.0,0.0
2010-02-09 00:00:00+09:00,3.264694768013391e-10,3.2744888523174317e-10,3.238577209869284e-10,3.2483712941733245e-10,339700,0.0,0.0
2010-02-10 00:00:00+09:00,3.261430073245378e-10,3.261430073245378e-10,3.2483712941733245e-10,3.2483712941733245e-10,156700,0.0,0.0
2010-02-12 00:00:00+09:00,3.254900541871386e-10,3.264694625748632e-10,3.2516358472456373e-10,3.264694625748632e-10,164400,0.0,0.0
2010-02-15 00:00:00+09:00,3.2646938477007694e-10,3.271223235396171e-10,3.2483703784622655e-10,3.2516350723099663e-10,172000,0.0,0.0
2010-02-16 00:00:00+09:00,3.2581652364971347e-10,3.264694625748632e-10,3.254900541871386e-10,3.264694625748632e-10,82600,0.0,0.0
2010-02-17 00:00:00+09:00,3.267958875619259e-10,3.2712235698006964e-10,3.2581647930749453e-10,3.2712235698006964e-10,170100,0.0,0.0
2010-02-18 00:00:00+09:00,3.271223126374966e-10,3.281017207591658e-10,3.264693738897172e-10,3.277752513852761e-10,115500,0.0,0.0
2010-02-19 00:00:00+09:00,3.2810171787259744e-10,3.2810171787259744e-10,3.267958403885274e-10,3.267958403885274e-10,142800,0.0,0.0
2010-02-22 00:00:00+09:00,3.271224150596473e-10,3.28428292964077e-10,3.271224150596473e-10,3.2810182348796957e-10,244900,0.0,0.0
2010-02-23 00:00:00+09:00,3.274488263982134e-10,3.28101765234501e-10,3.2646941814378206e-10,3.2712235698006964e-10,520100,0.0,0.0
2010-02-24 00:00:00+09:00,1.614370929623014e-07,1.627456003014082e-07,1.611099661275247e-07,1.617642197970781e-07,457400,1000.0,0.0
2010-02-25 00:00:00+09:00,1.619277405817721e-07,1.6241843070474715e-07,1.619277405817721e-07,1.6241843070474715e-07,151300,0.0,0.0
2010-02-26 00:00:00+09:00,1.6209135015579436e-07,1.6225491357673867e-07,1.6160065989296148e-07,1.619277867348501e-07,159700,0.0,0.0
2010-03-01 00:00:00+09:00,1.6176419845928617e-07,1.6225488864672586e-07,1.614370716676597e-07,1.6209132525091263e-07,179500,0.0,0.0
2010-03-02 00:00:00+09:00,1.61927804230626e-07,1.6274562142370996e-07,1.616006773533924e-07,1.6274562142370996e-07,165600,0.0,0.0
2010-03-03 00:00:00+09:00,1.6209130395609713e-07,1.633998109506973e-07,1.619277405817721e-07,1.6241843070474715e-07,137700,0.0,0.0
2010-03-04 00:00:00+09:00,1.6241846981324853e-07,1.6241846981324853e-07,1.619277795721209e-07,1.6225490639953932e-07,105500,0.0,0.0
2010-03-05 00:00:00+09:00,1.6274559652617836e-07,1.629091599397725e-07,1.6241846969899006e-07,1.629091599397725e-07,119400,0.0,0.0
2010-03-08 00:00:00+09:00,1.6258201185337384e-07,1.630727020299937e-07,1.62091321676754e-07,1.6258201185337384e-07,158700,0.0,0.0
2010-03-09 00:00:00+09:00,1.6258205798509316e-07,1.6307274830094353e-07,1.6225493110785957e-07,1.6274562142370996e-07,74600,0.0,0.0
2010-03-10 00:00:00+09:00,1.6258201543835233e-07,1.6274557883416556e-07,1.6209132525091263e-07,1.6209132525091263e-07,81000,0.0,0.0
2010-03-11 00:00:00+09:00,1.619277405817721e-07,1.625819940790722e-07,1.619277405817721e-07,1.6241843070474715e-07,71900,0.0,0.0
2010-03-12 00:00:00+09:00,1.6225486733042214e-07,1.6241843070474715e-07,1.619277405817721e-07,1.6241843070474715e-07,147100,0.0,0.0
2010-03-15 00:00:00+09:00,1.625819940790722e-07,1.625819940790722e-07,1.6209130395609713e-07,1.6241843070474715e-07,83000,0.0,0.0
2010-03-16 00:00:00+09:00,1.6258204041862725e-07,1.6258204041862725e-07,1.619277867348501e-07,1.619277867348501e-07,74800,0.0,0.0
2010-03-17 00:00:00+09:00,1.619277618550994e-07,1.6209132525091263e-07,1.614370716676597e-07,1.6209132525091263e-07,135700,0.0,0.0
2010-03-18 00:00:00+09:00,1.619277618550994e-07,1.6225488864672586e-07,1.6176419845928617e-07,1.6209132525091263e-07,106000,0.0,0.0
2010-03-19 00:00:00+09:00,1.620913466318548e-07,1.620913466318548e-07,1.6160065637968976e-07,1.617642197970781e-07,134500,0.0,0.0
2010-03-23 00:00:00+09:00,1.6160066355704176e-07,1.619277904063475e-07,1.6094640985843024e-07,1.6143710013238888e-07,211800,0.0,0.0
2010-03-24 00:00:00+09:00,1.6143710013238888e-07,1.6176422698169463e-07,1.6110997328308312e-07,1.6143710013238888e-07,119200,0.0,0.0
2010-03-25 00:00:00+09:00,1.6143708967726007e-07,1.6143708967726007e-07,1.6029214577883977e-07,1.6029214577883977e-07,178000,0.0,0.0
2010-03-26 00:00:00+09:00,1.6029217048519858e-07,1.6094642424228104e-07,1.5947435328884551e-07,1.607828608030104e-07,314600,0.0,0.0
2010-03-29 00:00:00+09:00,1.6094636377746482e-07,1.6094636377746482e-07,1.6029211026617433e-07,1.6061923702181957e-07,96500,0.0,0.0
2010-03-30 00:00:00+09:00,1.6045571594635144e-07,1.619277867348501e-07,1.6029215252540714e-07,1.619277867348501e-07,215200,0.0,0.0
2010-03-31 00:00:00+09:00,1.6192777945820762e-07,1.632362867669608e-07,1.6160065263101932e-07,1.629091599397725e-07,178400,0.0,0.0
2010-04-01 00:00:00+09:00,1.6307271266668977e-07,1.6323627606956508e-07,1.6274558586093913e-07,1.6307271266668977e-07,115300,0.0,0.0
2010-04-02 00:00:00+09:00,1.6307270901489642e-07,1.643812162085967e-07,1.629091456156839e-07,1.6421765280938416e-07,195200,0.0,0.0
2010-04-05 00:00:00+09:00,1.6454476536864604e-07,1.6503545552382093e-07,1.6421763859852945e-07,1.6487189213876263e-07,203100,0.0,0.0
2010-04-06 00:00:00+09:00,1.6421767419657867e-07,1.6454480103760772e-07,1.637269839350351e-07,1.6389054735554964e-07,128900,0.0,0.0
2010-04-07 00:00:00+09:00,1.5407674679442814e-07,1.5865652270763833e-07,1.530953662415974e-07,1.5816583243122295e-07,1769700,0.0,0.0
2010-04-08 00:00:00+09:00,1.5816583524739842e-07,1.61764230671848e-07,1.5816583524739842e-07,1.6094641352992767e-07,464200,0.0,0.0
2010-04-09 00:00:00+09:00,1.61273536707736e-07,1.6176422698169463e-07,1.6110997328308312e-07,1.6143710013238888e-07,236700,0.0,0.0
2010-04-12 00:00:00+09:00,1.617642092037939e-07,1.617642092037939e-07,1.612735189837622e-07,1.612735189837622e-07,149400,0.0,0.0
2010-04-13 00:00:00+09:00,1.6143708967726007e-07,1.616006530913201e-07,1.6029214577883977e-07,1.6029214577883977e-07,256600,0.0,0.0
2010-04-14 00:00:00+09:00,1.596379029368295e-07,1.6029215663739028e-07,1.5898364923626874e-07,1.5947433951168932e-07,263600,0.0,0.0
2010-04-15 00:00:00+09:00,1.5947430751547044e-07,1.6012856108476466e-07,1.580022369845584e-07,1.599649976924411e-07,567400,0.0,0.0
2010-04-16 00:00:00+09:00,1.5947429337706118e-07,1.6110992715528747e-07,1.5914716662141594e-07,1.6061923702181957e-07,348300,0.0,0.0
2010-04-19 00:00:00+09:00,1.599650297871099e-07,1.6029215663739028e-07,1.5914721266140892e-07,1.5947433951168932e-07,255500,0.0,0.0
2010-04-20 00:00:00+09:00,1.5914719172227822e-07,1.5931075512589824e-07,1.563666138607379e-07,1.5653017726435792e-07,551000,0.0,0.0
2010-04-21 00:00:00+09:00,1.5734801879439371e-07,1.5849296279809513e-07,1.5702089193619332e-07,1.5832939936899493e-07,285000,0.0,0.0
2010-04-22 00:00:00+09:00,1.581658074891261e-07,1.5931075128687573e-07,1.5718442709105498e-07,1.5898362448751868e-07,256900,0.0,0.0
2010-04-23 00:00:00+09:00,1.5882005397514774e-07,1.5931074415220792e-07,1.5767511022867395e-07,1.5931074415220792e-07,235600,0.0,0.0
2010-04-26 00:00:00+09:00,1.6012857513702149e-07,1.612735189837622e-07,1.5980144832366699e-07,1.612735189837622e-07,274900,0.0,0.0
2010-04-27 00:00:00+09:00,1.6094637444647038e-07,1.6143706461246571e-07,1.6029212089180992e-07,1.611099378351355e-07,197600,0.0,0.0
2010-04-28 00:00:00+09:00,1.6094641352992767e-07,1.6110997695831173e-07,1.6029215981639136e-07,1.6094641352992767e-07,231400,0.0,0.0
2010-04-30 00:00:00+09:00,1.6127355112082224e-07,1.6143711456009287e-07,1.606192973637398e-07,1.607828608030104e-07,164100,0.0,0.0
2010-05-06 00:00:00+09:00,1.601285611139749e-07,1.601285611139749e-07,1.5832936379808753e-07,1.5931074415220792e-07,249800,0.0,0.0
2010-05-07 00:00:00+09:00,1.5849293795868886e-07,1.5931075497601955e-07,1.5718443073095975e-07,1.578386843448243e-07,391100,0.0,0.0
2010-05-10 00:00:00+09:00,1.5767510670163874e-07,1.6012855753205842e-07,1.5767510670163874e-07,1.5980143075466913e-07,172100,0.0,0.0
2010-05-11 00:00:00+09:00,1.5980141649999883e-07,1.6012854324820763e-07,1.5882003625537243e-07,1.5914716300358123e-07,233600,0.0,0.0
2010-05-12 00:00:00+09:00,1.591472129840537e-07,1.5947433983499727e-07,1.5783870558027935e-07,1.5816583243122295e-07,185200,0.0,0.0
2010-05-13 00:00:00+09:00,1.5832937809684594e-07,1.5849294150397077e-07,1.5767512446834658e-07,1.5800225128259626e-07,141800,0.0,0.0
2010-05-14 00:00:00+09:00,1.5800227268732763e-07,1.5865652640445944e-07,1.575115823994788e-07,1.5767514582876174e-07,123600,0.0,0.0
2010-05-17 00:00:00+09:00,1.573479907261252e-07,1.575115541260484e-07,1.5620304692666275e-07,1.5636661032658594e-07,186900,0.0,0.0
2010-05-18 00:00:00+09:00,1.565301630684149e-07,1.5685728984598734e-07,1.557123461244838e-07,1.5587590951327002e-07,230600,0.0,0.0
2010-05-19 00:00:00+09:00,1.553852517870232e-07,1.5587594205582433e-07,1.5293180044301758e-07,1.5342249071181868e-07,262000,0.0,0.0
2010-05-20 00:00:00+09:00,1.529317685595679e-07,1.5571234616974185e-07,1.529317685595679e-07,1.5391314889257046e-07,208500,0.0,0.0
2010-05-21 00:00:00+09:00,1.5244107846947778e-07,1.5325889541405652e-07,1.5064188119140454e-07,1.5064188119140454e-07,231400,0.0,0.0
2010-05-24 00:00:00+09:00,1.5080548023117258e-07,1.5260467793458135e-07,1.499876630932595e-07,1.5031478994842473e-07,201200,0.0,0.0
2010-05-25 00:00:00+09:00,1.4982409307646187e-07,1.5015121991724018e-07,1.4786133203179207e-07,1.4802489545218123e-07,202100,0.0,0.0
2010-05-26 00:00:00+09:00,1.4753416974208295e-07,1.4867911340970443e-07,1.4606209931228389e-07,1.4638922607446148e-07,236900,0.0,0.0
2010-05-27 00:00:00+09:00,1.4638924751063267e-07,1.4671637432071228e-07,1.444264866501549e-07,1.4540786708039377e-07,180000,0.0,0.0
2010-05-28 00:00:00+09:00,1.4589856414735534e-07,1.4818845192545284e-07,1.4573500073463408e-07,1.470435080364041e-07,173100,0.0,0.0
2010-05-31 00:00:00+09:00,1.4704351492984631e-07,1.486791491337378e-07,1.4655282466867886e-07,1.4802489545218123e-07,233100,0.0,0.0
2010-06-01 00:00:00+09:00,1.4900627951131055e-07,1.4900627951131055e-07,1.481884623899532e-07,1.481884623899532e-07,82800,0.0,0.0
2010-06-02 00:00:00+09:00,1.4900625063064947e-07,1.562030399036995e-07,1.4900625063064947e-07,1.5473096937057562e-07,541300,0.0,0.0
2010-06-03 00:00:00+09:00,1.5473097277880983e-07,1.5718442372139137e-07,1.5473097277880983e-07,1.5685729692904715e-07,170500,0.0,0.0
2010-06-04 00:00:00+09:00,1.5734801879439371e-07,1.5849296279809513e-07,1.568573285070931e-07,1.5832939936899493e-07,132100,0.0,0.0
2010-06-07 00:00:00+09:00,1.5653018463239347e-07,1.570208748663508e-07,1.548945505192023e-07,1.548945505192023e-07,141500,0.0,0.0
2010-06-08 00:00:00+09:00,1.5538522636349824e-07,1.5702086032521926e-07,1.5505809957115402e-07,1.5685729692904715e-07,114700,0.0,0.0
2010-06-09 00:00:00+09:00,1.5669375124834536e-07,1.5718444149233808e-07,1.5554880734569564e-07,1.5702087807767384e-07,183400,0.0,0.0
2010-06-10 00:00:00+09:00,1.566937584129846e-07,1.5718444867941357e-07,1.5554881445798367e-07,1.566937584129846e-07,83500,0.0,0.0
2010-06-11 00:00:00+09:00,1.5718442005161377e-07,1.594743075445613e-07,1.5702085665926037e-07,1.5931074415220792e-07,210200,0.0,0.0
2010-06-14 00:00:00+09:00,1.59147194696958e-07,1.612735189837622e-07,1.5898363129028079e-07,1.612735189837622e-07,196100,0.0,0.0
2010-06-15 00:00:00+09:00,1.6012856805347564e-07,1.6192776544733492e-07,1.599650046540339e-07,1.6160063864845142e-07,98100,0.0,0.0
2010-06-16 00:00:00+09:00,1.616006773533924e-07,1.6274562142370996e-07,1.612735504761588e-07,1.6274562142370996e-07,149600,0.0,0.0
2010-06-17 00:00:00+09:00,1.624184734666315e-07,1.624184734666315e-07,1.611099661275247e-07,1.617642197970781e-07,93700,0.0,0.0
2010-06-18 00:00:00+09:00,1.6209135015579436e-07,1.6209135015579436e-07,1.6110996963012863e-07,1.619277867348501e-07,82900,0.0,0.0
2010-06-21 00:00:00+09:00,1.6209132884677668e-07,1.6258201904510195e-07,1.6143707524900966e-07,1.6160063864845142e-07,89500,0.0,0.0
2010-06-22 00:00:00+09:00,1.612735330510729e-07,1.619277867348501e-07,1.6078284278824002e-07,1.619277867348501e-07,92400,0.0,0.0
2010-06-23 00:00:00+09:00,1.594743251992248e-07,1.609463958933715e-07,1.594743251992248e-07,1.601285788410678e-07,83700,0.0,0.0
2010-06-24 00:00:00+09:00,1.5947432870853958e-07,1.6094639943507994e-07,1.5947432870853958e-07,1.6029214577883977e-07,47900,0.0,0.0
2010-06-25 00:00:00+09:00,1.589836451578528e-07,1.619277867348501e-07,1.5865651831596421e-07,1.619277867348501e-07,138100,0.0,0.0
2010-06-28 00:00:00+09:00,1.61764230671848e-07,1.619277941002321e-07,1.6045572324477544e-07,1.6094641352992767e-07,62100,0.0,0.0
2010-06-29 00:00:00+09:00,1.6143708239043944e-07,1.6143708239043944e-07,1.6094639217040769e-07,1.612735189837622e-07,73300,0.0,0.0
2010-06-30 00:00:00+09:00,1.6110998768155164e-07,1.6127355112082224e-07,1.5996504360665737e-07,1.607828608030104e-07,105100,0.0,0.0
2010-07-01 00:00:00+09:00,1.594743075445613e-07,1.599649977216215e-07,1.5914718075985452e-07,1.5931074415220792e-07,70300,0.0,0.0
2010-07-02 00:00:00+09:00,1.5849297265322185e-07,1.6127355112082224e-07,1.5800228233541002e-07,1.607828608030104e-07,96200,0.0,0.0
2010-07-05 00:00:00+09:00,1.6110997328308312e-07,1.6143710013238888e-07,1.6078284643377737e-07,1.6143710013238888e-07,83100,0.0,0.0
2010-07-06 00:00:00+09:00,1.6078282876373046e-07,1.612735189837622e-07,1.6029213854369874e-07,1.612735189837622e-07,60700,0.0,0.0
2010-07-07 00:00:00+09:00,1.6176420204789319e-07,1.6176420204789319e-07,1.6045569485235916e-07,1.6160063864845142e-07,70400,0.0,0.0
2010-07-08 00:00:00+09:00,1.6094640985843024e-07,1.619277904063475e-07,1.6094640985843024e-07,1.6143710013238888e-07,179700,0.0,0.0
2010-07-09 00:00:00+09:00,1.6045571594635144e-07,1.619277867348501e-07,1.6045571594635144e-07,1.619277867348501e-07,162400,0.0,0.0
2010-07-12 00:00:00+09:00,1.6160066724346395e-07,1.61764230671848e-07,1.6094641352992767e-07,1.6094641352992767e-07,64800,0.0,0.0
2010-07-13 00:00:00+09:00,1.6110992715528747e-07,1.6160061728875534e-07,1.6061923702181957e-07,1.6061923702181957e-07,60500,0.0,0.0
2010-07-14 00:00:00+09:00,1.6160065989296148e-07,1.619277867348501e-07,1.6078284278824002e-07,1.619277867348501e-07,85800,0.0,0.0
2010-07-15 00:00:00+09:00,1.6225490674756025e-07,1.6225490674756025e-07,1.6029214577883977e-07,1.6029214577883977e-07,77500,0.0,0.0
2010-07-16 00:00:00+09:00,1.6029213854369874e-07,1.612735189837622e-07,1.6029213854369874e-07,1.612735189837622e-07,79300,0.0,0.0
2010-07-21 00:00:00+09:00,1.617642092037939e-07,1.617642092037939e-07,1.606192653570532e-07,1.612735189837622e-07,87200,0.0,0.0
2010-07-22 00:00:00+09:00,1.612735189837622e-07,1.617642092037939e-07,1.6078282876373046e-07,1.612735189837622e-07,66700,0.0,0.0
2010-07-23 00:00:00+09:00,1.612735504761588e-07,1.6290918486232676e-07,1.6061929672169164e-07,1.6274562142370996e-07,158200,0.0,0.0
2010-07-26 00:00:00+09:00,1.6307268420204725e-07,1.6307268420204725e-07,1.6225486733042214e-07,1.6241843070474715e-07,59600,0.0,0.0
2010-07-27 00:00:00+09:00,1.630727445912752e-07,1.6356343489596308e-07,1.6241849085169136e-07,1.6323630802617117e-07,119200,0.0,0.0
2010-07-28 00:00:00+09:00,1.635634205145206e-07,1.6389054735554964e-07,1.6323629367349156e-07,1.6389054735554964e-07,116000,0.0,0.0
2010-07-29 00:00:00+09:00,1.638905404213374e-07,1.638905404213374e-07,1.629091599397725e-07,1.629091599397725e-07,83100,0.0,0.0
2010-07-30 00:00:00+09:00,1.6258201543835233e-07,1.6323626902160526e-07,1.6176419845928617e-07,1.6209132525091263e-07,80000,0.0,0.0
2010-08-02 00:00:00+09:00,1.6143708239043944e-07,1.627455896438574e-07,1.6094639217040769e-07,1.612735189837622e-07,114900,0.0,0.0
2010-08-03 00:00:00+09:00,1.6143706461246571e-07,1.6192775477846105e-07,1.6078281105780525e-07,1.611099378351355e-07,62600,0.0,0.0
2010-08-04 00:00:00+09:00,1.607828003996422e-07,1.6110992715528747e-07,1.601285468883517e-07,1.6061923702181957e-07,85000,0.0,0.0
2010-08-05 00:00:00+09:00,1.617642407920092e-07,1.6274562142370996e-07,1.616006773533924e-07,1.6274562142370996e-07,88200,0.0,0.0
2010-08-06 00:00:00+09:00,1.6274558586093913e-07,1.6323627606956508e-07,1.6209133224943787e-07,1.6307271266668977e-07,82300,0.0,0.0
2010-08-09 00:00:00+09:00,1.632363113132283e-07,1.6405412850417633e-07,1.6274562099865949e-07,1.6405412850417633e-07,143500,0.0,0.0
2010-08-10 00:00:00+09:00,1.6356340995218592e-07,1.6405410018204245e-07,1.6274559290242498e-07,1.6339984654223372e-07,96300,0.0,0.0
2010-08-11 00:00:00+09:00,1.629091668324625e-07,1.6405411077606416e-07,1.6241847657091895e-07,1.6389054735554964e-07,130000,0.0,0.0
2010-08-12 00:00:00+09:00,1.6290913151806308e-07,1.6503545552382093e-07,1.6290913151806308e-07,1.6487189213876263e-07,187100,0.0,0.0
2010-08-13 00:00:00+09:00,1.6503546259421164e-07,1.6585327955453977e-07,1.6421764563388354e-07,1.6585327955453977e-07,132600,0.0,0.0
2010-08-16 00:00:00+09:00,1.6601684289093075e-07,1.6748891341902768e-07,1.6568971610690922e-07,1.6716178663500614e-07,173000,0.0,0.0
2010-08-17 00:00:00+09:00,1.6683468457791252e-07,1.6781606507542963e-07,1.665075577454068e-07,1.6765250165917678e-07,103000,0.0,0.0
2010-08-18 00:00:00+09:00,1.676524875179149e-07,1.6781605092037138e-07,1.6519903648106735e-07,1.6699823390808888e-07,148400,0.0,0.0
2010-08-19 00:00:00+09:00,1.6667112876349156e-07,1.6699825561091745e-07,1.6487193110264915e-07,1.65362621373788e-07,131400,0.0,0.0
2010-08-20 00:00:00+09:00,1.648719064062343e-07,1.6519903320465937e-07,1.6405408941017163e-07,1.6421765280938416e-07,87300,0.0,0.0
2010-08-23 00:00:00+09:00,1.6421765280938416e-07,1.6454477960780923e-07,1.6372696261174656e-07,1.6421765280938416e-07,131600,0.0,0.0
2010-08-24 00:00:00+09:00,1.6389056549402752e-07,1.6389056549402752e-07,1.6258205798509316e-07,1.6274562142370996e-07,174600,0.0,0.0
2010-08-25 00:00:00+09:00,1.6225488506896063e-07,1.6290913863778708e-07,1.619277582845474e-07,1.6258201185337384e-07,147400,0.0,0.0
2010-08-26 00:00:00+09:00,1.632362654222003e-07,1.632362654222003e-07,1.619277582845474e-07,1.6258201185337384e-07,376600,0.0,0.0
2010-08-27 00:00:00+09:00,-2.628433338130573e-05,-2.7015959155836923e-05,-2.617594437767148e-05,-2.6934667403111234e-05,304400,1000.0,0.0
2010-08-30 00:00:00+09:00,-2.693467670298926e-05,-2.725984382616418e-05,-2.6717898620872648e-05,-2.7178552045370452e-05,231900,0.0,0.0
2010-08-31 00:00:00+09:00,-2.6717892978922464e-05,-2.698886552434764e-05,-2.6717892978922464e-05,-2.6717892978922464e-05,116700,0.0,0.0
2010-09-01 00:00:00+09:00,-2.6636601215294912e-05,-2.6826281997092537e-05,-2.6446920433497287e-05,-2.6717892978922464e-05,160100,0.0,0.0
2010-09-02 00:00:00+09:00,-2.6799176485743492e-05,-2.682627373193737e-05,-2.639271779283535e-05,-2.660949576238636e-05,180900,0.0,0.0
2010-09-03 00:00:00+09:00,-2.6690794370717582e-05,-2.6826280636558788e-05,-2.6582405358044617e-05,-2.6772086130222306e-05,86800,0.0,0.0
2010-09-06 00:00:00+09:00,-2.68262829377273e-05,-2.7070158237161187e-05,-2.679918568223465e-05,-2.7043060981668532e-05,104200,0.0,0.0
2010-09-07 00:00:00+09:00,-2.7043055819134554e-05,-2.7368222822971845e-05,-2.698886131849501e-05,-2.728693107201252e-05,184400,0.0,0.0
2010-09-08 00:00:00+09:00,-2.712434868127851e-05,-2.7205640435568057e-05,-2.6961765172699417e-05,-2.7205640435568057e-05,100700,0.0,0.0
2010-09-09 00:00:00+09:00,-2.720564252031307e-05,-2.7503712308882235e-05,-2.717854526680678e-05,-2.744951780186966e-05,146700,0.0,0.0
2010-09-10 00:00:00+09:00,-2.734113556745138e-05,-2.763920542993103e-05,-2.7286941047000534e-05,-2.7612108169705607e-05,170600,0.0,0.0
2010-09-13 00:00:00+09:00,-2.7557904284567305e-05,-2.758500153558458e-05,-2.7341126276429117e-05,-2.736822352744639e-05,101000,0.0,0.0
2010-09-14 00:00:00+09:00,-2.7286934478549337e-05,-2.736822623965723e-05,-2.7097253702630923e-05,-2.7259837224846706e-05,120000,0.0,0.0
2010-09-16 00:00:00+09:00,-2.7151454785105874e-05,-2.7232746565899605e-05,-2.7043065744047567e-05,-2.7178552045370452e-05,65800,0.0,0.0
2010-09-17 00:00:00+09:00,-2.7286933819388206e-05,-2.7449517337676517e-05,-2.7124350301099895e-05,-2.7395322831580415e-05,155000,0.0,0.0
2010-09-21 00:00:00+09:00,-2.73411289859546e-05,-2.7422420747062492e-05,-2.7205642717441444e-05,-2.7259837224846706e-05,138400,0.0,0.0
2010-09-22 00:00:00+09:00,-2.7341130579820605e-05,-2.7422422345667448e-05,-2.7178547048126924e-05,-2.7232741558691487e-05,84800,0.0,0.0
2010-09-24 00:00:00+09:00,-2.7151454745873422e-05,-2.788308077195983e-05,-2.7070162965197154e-05,-2.7612108169705607e-05,279600,0.0,0.0
2010-09-27 00:00:00+09:00,-2.7639195966486532e-05,-2.79914602288045e-05,-2.753080696269639e-05,-2.79914602288045e-05,220300,0.0,0.0
2010-09-28 00:00:00+09:00,-2.7910173702576474e-05,-2.8181146262795664e-05,-2.7828881934510717e-05,-2.8181146262795664e-05,182000,0.0,0.0
2010-09-29 00:00:00+09:00,-2.8181146262795664e-05,-2.8316632542905256e-05,-2.8099854494729907e-05,-2.8181146262795664e-05,135200,0.0,0.0
2010-09-30 00:00:00+09:00,-2.8126944892619136e-05,-2.826243113969341e-05,-2.7964361396130007e-05,-2.8018555894959718e-05,158300,0.0,0.0
2010-10-01 00:00:00+09:00,-2.7991462474645358e-05,-2.8154045993375146e-05,-2.766629543718578e-05,-2.782887895591557e-05,107500,0.0,0.0
2010-10-04 00:00:00+09:00,-2.8126942019576095e-05,-2.8262428252811046e-05,-2.7666288826577258e-05,-2.7693386073224247e-05,226300,0.0,0.0
2010-10-05 00:00:00+09:00,-2.753080626426673e-05,-2.753080626426673e-05,-2.6880472258024208e-05,-2.7070153009844944e-05,307400,0.0,0.0
2010-10-06 00:00:00+09:00,-2.7178542770325473e-05,-2.7612098786601853e-05,-2.712434826829093e-05,-2.736822352744639e-05,184900,0.0,0.0
2010-10-07 00:00:00+09:00,-2.74495171831296e-05,-2.79101704823529e-05,-2.74495171831296e-05,-2.7801781470770948e-05,181400,0.0,0.0
2010-10-08 00:00:00+09:00,-2.777467923997498e-05,-2.793726272820898e-05,-2.763919299977998e-05,-2.7855970984091982e-05,158500,0.0,0.0
2010-10-12 00:00:00+09:00,-2.7910167131891276e-05,-2.8126945129032178e-05,-2.7747583634035598e-05,-2.804565338010434e-05,207700,0.0,0.0
2010-10-13 00:00:00+09:00,-2.780177859932866e-05,-2.8126945600490398e-05,-2.780177859932866e-05,-2.8099848350393586e-05,198200,0.0,0.0
2010-10-14 00:00:00+09:00,-2.812694548972273e-05,-2.8587598739554412e-05,-2.791016748980194e-05,-2.8506306989584118e-05,361700,0.0,0.0
2010-10-15 00:00:00+09:00,-2.858760328607099e-05,-2.875018681186855e-05,-2.818114447157709e-05,-2.8397922505973838e-05,242500,0.0,0.0
2010-10-18 00:00:00+09:00,-2.8289539213560158e-05,-2.8316636473343262e-05,-2.7530815939633257e-05,-2.7557913199416362e-05,316200,0.0,0.0
2010-10-19 00:00:00+09:00,-2.755790157510538e-05,-2.7910165803695713e-05,-2.744951258169297e-05,-2.7476609830046073e-05,187100,0.0,0.0
2010-10-20 00:00:00+09:00,-2.7476615720107e-05,-2.7476615720107e-05,-2.704305965351754e-05,-2.731403219513595e-05,292900,0.0,0.0
2010-10-21 00:00:00+09:00,-2.734112465958835e-05,-2.8045653144374573e-05,-2.7151443913684367e-05,-2.8018555894959718e-05,285500,0.0,0.0
2010-10-22 00:00:00+09:00,-2.801855683424519e-05,-2.826243208715448e-05,-2.7747584331012644e-05,-2.812694583553821e-05,145600,0.0,0.0
2010-10-25 00:00:00+09:00,-2.7828886251508987e-05,-2.8099858853763214e-05,-2.753081638902934e-05,-2.7612108169705607e-05,150000,0.0,0.0
2010-10-26 00:00:00+09:00,-2.753080644329349e-05,-2.7883070698965552e-05,-2.753080644329349e-05,-2.7720487196347676e-05,91100,0.0,0.0
2010-10-27 00:00:00+09:00,-2.7693387495857982e-05,-2.791016548016998e-05,-2.7530804007623983e-05,-2.7855970984091982e-05,153500,0.0,0.0
2010-10-28 00:00:00+09:00,-2.7828879115885982e-05,-2.7828879115885982e-05,-2.739532306344764e-05,-2.7422420316725038e-05,201000,0.0,0.0
2010-10-29 00:00:00+09:00,-2.7828880174730807e-05,-2.7828880174730807e-05,-2.666369823946944e-05,-2.669079549377784e-05,487900,0.0,0.0
2010-11-01 00:00:00+09:00,-2.6717890413680998e-05,-2.693466842920782e-05,-2.636562613844991e-05,-2.6419820642331615e-05,394600,0.0,0.0
2010-11-02 00:00:00+09:00,-2.6474017200509152e-05,-2.658240621668319e-05,-2.63385309302916e-05,-2.644691994646564e-05,155800,0.0,0.0
2010-11-04 00:00:00+09:00,-2.6744984605932027e-05,-2.709724884086325e-05,-2.6717887357091162e-05,-2.6907568098977208e-05,181000,0.0,0.0
2010-11-05 00:00:00+09:00,-2.725983629538306e-05,-2.753080882317017e-05,-2.7070155525932085e-05,-2.7151447284268215e-05,157200,0.0,0.0
2010-11-08 00:00:00+09:00,-2.7422426900500843e-05,-2.7693399498331877e-05,-2.7070162523320495e-05,-2.7557913199416362e-05,202500,0.0,0.0
2010-11-09 00:00:00+09:00,-2.7449517337676517e-05,-2.7585003602916777e-05,-2.7259836566340155e-05,-2.7395322831580415e-05,136500,0.0,0.0
2010-11-10 00:00:00+09:00,-2.7341128171547646e-05,-2.7801781470770948e-05,-2.7259836412861183e-05,-2.7801781470770948e-05,246700,0.0,0.0
2010-11-11 00:00:00+09:00,-2.734112586505772e-05,-2.7612098371153436e-05,-2.7259834113229005e-05,-2.753080661932472e-05,174700,0.0,0.0
2010-11-12 00:00:00+09:00,-2.7286931484510618e-05,-2.7395320487428237e-05,-2.7097250729404786e-05,-2.712434798013419e-05,193900,0.0,0.0
2010-11-15 00:00:00+09:00,-2.7151445881673978e-05,-2.7205640384431807e-05,-2.6934667870642647e-05,-2.698886237340048e-05,209600,0.0,0.0
2010-11-16 00:00:00+09:00,-2.701595709434066e-05,-2.7043054343181524e-05,-2.6880470850136343e-05,-2.6907568098977208e-05,165800,0.0,0.0
2010-11-17 00:00:00+09:00,-2.6853374476836833e-05,-2.688047172656119e-05,-2.674498547793941e-05,-2.679917997738812e-05,119600,0.0,0.0
2010-11-18 00:00:00+09:00,-2.6799190401666376e-05,-2.7178552045370452e-05,-2.67720931414018e-05,-2.7178552045370452e-05,131500,0.0,0.0
2010-11-19 00:00:00+09:00,-2.6799180507243893e-05,-2.7232736511405574e-05,-2.677208325698379e-05,-2.7070153009844944e-05,85700,0.0,0.0
2010-11-22 00:00:00+09:00,-2.7178547259131803e-05,-2.7178547259131803e-05,-2.7043060981668532e-05,-2.7043060981668532e-05,76300,0.0,0.0
2010-11-24 00:00:00+09:00,-2.6907576736863818e-05,-2.698886850948274e-05,-2.6636604161467403e-05,-2.6636604161467403e-05,400800,0.0,0.0
2010-11-25 00:00:00+09:00,-2.6853379019628266e-05,-2.696176803686188e-05,-2.666369823946944e-05,-2.669079549377784e-05,220200,0.0,0.0
2010-11-26 00:00:00+09:00,-2.6690793254456883e-05,-2.6880474018701752e-05,-2.6690793254456883e-05,-2.685337676666677e-05,123700,0.0,0.0
2010-11-29 00:00:00+09:00,-2.6880474018701752e-05,-2.6907571270736735e-05,-2.671789050649186e-05,-2.685337676666677e-05,87900,0.0,0.0
2010-11-30 00:00:00+09:00,-2.6907568976285546e-05,-2.6988860725458616e-05,-2.6772082727663767e-05,-2.679917997738812e-05,139500,0.0,0.0
2010-12-01 00:00:00+09:00,-2.6826276352454616e-05,-2.6907568098977208e-05,-2.6799179103613754e-05,-2.6907568098977208e-05,94800,0.0,0.0
2010-12-02 00:00:00+09:00,-2.698886237340048e-05,-2.7043056876158312e-05,-2.6934667870642647e-05,-2.698886237340048e-05,116400,0.0,0.0
2010-12-03 00:00:00+09:00,-2.7070155525932085e-05,-2.7178544537046926e-05,-2.7043058273153374e-05,-2.7151447284268215e-05,132100,0.0,0.0
2010-12-06 00:00:00+09:00,-2.7151444820413652e-05,-2.739532007329162e-05,-2.7151444820413652e-05,-2.728693107201252e-05,116000,0.0,0.0
2010-12-07 00:00:00+09:00,-2.728693177439457e-05,-2.736822352744639e-05,-2.723273727236002e-05,-2.736822352744639e-05,145500,0.0,0.0
2010-12-08 00:00:00+09:00,-2.7341129449297792e-05,-2.7341129449297792e-05,-2.7178545924326744e-05,-2.731403219513595e-05,101700,0.0,0.0
2010-12-09 00:00:00+09:00,-2.728694108642876e-05,-2.7341135606957912e-05,-2.71243575248413e-05,-2.7178552045370452e-05,96400,0.0,0.0
2010-12-10 00:00:00+09:00,-2.7097255282280085e-05,-2.7286936069256046e-05,-2.7097255282280085e-05,-2.7232741558691487e-05,200500,0.0,0.0
2010-12-13 00:00:00+09:00,-2.720564002134275e-05,-2.736822352744639e-05,-2.7178542770325473e-05,-2.736822352744639e-05,80300,0.0,0.0
2010-12-14 00:00:00+09:00,-2.736822352744639e-05,-2.7422418029480937e-05,-2.7259834523377297e-05,-2.736822352744639e-05,124600,0.0,0.0
2010-12-15 00:00:00+09:00,-2.750370668211105e-05,-2.7639192921924405e-05,-2.7395317690260364e-05,-2.7639192921924405e-05,204400,0.0,0.0
2010-12-16 00:00:00+09:00,-2.766629024781898e-05,-2.791016548016998e-05,-2.763919299977998e-05,-2.7855970984091982e-05,141500,0.0,0.0
2010-12-17 00:00:00+09:00,-2.78559762090372e-05,-2.7910170715280463e-05,-2.7747587196550675e-05,-2.782887895591557e-05,86700,0.0,0.0
2010-12-20 00:00:00+09:00,-2.7693388055295458e-05,-2.7693388055295458e-05,-2.7503707315190695e-05,-2.7503707315190695e-05,73200,0.0,0.0
2010-12-21 00:00:00+09:00,-2.7449524160283947e-05,-2.7585010459199463e-05,-2.7449524160283947e-05,-2.7557913199416362e-05,50200,0.0,0.0
2010-12-22 00:00:00+09:00,-2.750371184377262e-05,-2.7585003602916777e-05,-2.731403107243626e-05,-2.7395322831580415e-05,86700,0.0,0.0
2010-12-24 00:00:00+09:00,-2.7395323294857083e-05,-2.7503712308882235e-05,-2.7368226041350794e-05,-2.744951780186966e-05,69600,0.0,0.0
2010-12-27 00:00:00+09:00,-2.7395322831580415e-05,-2.747661459072457e-05,-2.736822557853236e-05,-2.7395322831580415e-05,60500,0.0,0.0
2010-12-28 00:00:00+09:00,-2.753080932983462e-05,-2.753080932983462e-05,-2.7422420316725038e-05,-2.7422420316725038e-05,33600,0.0,0.0
2010-12-29 00:00:00+09:00,-2.747662142006705e-05,-2.7557913199416362e-05,-2.7422426900500843e-05,-2.7557913199416362e-05,45300,0.0,0.0
2010-12-30 00:00:00+09:00,-2.7585001120543865e-05,-2.7612098371153436e-05,-2.7476612118105578e-05,-2.753080661932472e-05,59700,0.0,0.0
2011-01-04 00:00:00+09:00,-2.7585010909480182e-05,-2.777469173105814e-05,-2.753081638902934e-05,-2.7612108169705607e-05,83600,0.0,0.0
2011-01-05 00:00:00+09:00,-2.7747583975988084e-05,-2.7747583975988084e-05,-2.763919497608188e-05,-2.766629222605843e-05,54200,0.0,0.0
2011-01-06 00:00:00+09:00,-2.7828872306459198e-05,-2.7828872306459198e-05,-2.7639191579930265e-05,-2.7693386073224247e-05,76900,0.0,0.0
2011-01-07 00:00:00+09:00,-2.826242931007904e-05,-2.9265027473523838e-05,-2.82082348147577e-05,-2.8641790777328424e-05,461200,0.0,0.0
2011-01-11 00:00:00+09:00,-2.861468952415495e-05,-2.885856471896309e-05,-2.8479203304817096e-05,-2.880437023122795e-05,201200,0.0,0.0
2011-01-12 00:00:00+09:00,-2.8885668788248325e-05,-2.893986328878913e-05,-2.864179353581471e-05,-2.8750182536896318e-05,117800,0.0,0.0
2011-01-13 00:00:00+09:00,-2.8750185711110123e-05,-2.8858574724158605e-05,-2.8587602191537398e-05,-2.869599120458588e-05,105900,0.0,0.0
2011-01-14 00:00:00+09:00,-2.866889395132376e-05,-2.8750185711110123e-05,-2.8614699444799518e-05,-2.869599120458588e-05,77200,0.0,0.0
2011-01-17 00:00:00+09:00,-2.866889395132376e-05,-2.8777282964372242e-05,-2.866889395132376e-05,-2.869599120458588e-05,80300,0.0,0.0
2011-01-18 00:00:00+09:00,-2.98069691096018e-05,-2.9942455332827265e-05,-2.904824625953921e-05,-2.9102440748829395e-05,445800,0.0,0.0
2011-01-19 00:00:00+09:00,-2.9265032935654745e-05,-2.9319227441091143e-05,-2.9048254913909155e-05,-2.9265032935654745e-05,128200,0.0,0.0
2011-01-20 00:00:00+09:00,-2.9319221018803816e-05,-2.937341551236907e-05,-2.9156637538108043e-05,-2.9156637538108043e-05,136700,0.0,0.0
2011-01-21 00:00:00+09:00,-2.9346326490626984e-05,-2.9346326490626984e-05,-2.904825669247657e-05,-2.904825669247657e-05,116200,0.0,0.0
2011-01-24 00:00:00+09:00,-2.912954667206375e-05,-2.9265032935654745e-05,-2.9075352166627354e-05,-2.9265032935654745e-05,79600,0.0,0.0
2011-01-25 00:00:00+09:00,-2.9265032513568804e-05,-2.9481810532187833e-05,-2.9237935261241426e-05,-2.9427616027533077e-05,91600,0.0,0.0
2011-01-26 00:00:00+09:00,-2.9481819193342844e-05,-2.9508916453630845e-05,-2.937343015219085e-05,-2.937343015219085e-05,78500,0.0,0.0
2011-01-27 00:00:00+09:00,-2.9427615794501255e-05,-2.9481810298726857e-05,-2.9373421290275653e-05,-2.9400518542388454e-05,69200,0.0,0.0
2011-01-28 00:00:00+09:00,-2.9400512999284257e-05,-2.9454707493292155e-05,-2.9156637776248717e-05,-2.9183735023252666e-05,103300,0.0,0.0
2011-01-31 00:00:00+09:00,-2.910245143221357e-05,-2.9265034959767837e-05,-2.899406241384406e-05,-2.9075354177621193e-05,84100,0.0,0.0
2011-02-01 00:00:00+09:00,-2.9075352786529016e-05,-2.9156644546416795e-05,-2.8750185746977902e-05,-2.8912769266753457e-05,138800,0.0,0.0
2011-02-02 00:00:00+09:00,-2.8939867473424926e-05,-2.9373423540442527e-05,-2.8939867473424926e-05,-2.9237937269499525e-05,126300,0.0,0.0
2011-02-03 00:00:00+09:00,-2.9237936146500523e-05,-2.9400519665387456e-05,-2.9129547133909232e-05,-2.931922790594399e-05,62400,0.0,0.0
2011-02-04 00:00:00+09:00,-2.940052741247885e-05,-2.9454721933054847e-05,-2.931923563161485e-05,-2.937343015219085e-05,53400,0.0,0.0
2011-02-07 00:00:00+09:00,-2.9508911891900213e-05,-2.9536009147999293e-05,-2.9427620123602965e-05,-2.948181463580113e-05,81600,0.0,0.0
2011-02-08 00:00:00+09:00,-2.9508906195424614e-05,-2.9508906195424614e-05,-2.942761444282014e-05,-2.9454711693688296e-05,49300,0.0,0.0
2011-02-09 00:00:00+09:00,-2.9454714208566308e-05,-2.9536005968111567e-05,-2.9454714208566308e-05,-2.9536005968111567e-05,81700,0.0,0.0
2011-02-10 00:00:00+09:00,-2.9536008933313473e-05,-2.9698592468726205e-05,-2.9481814421509227e-05,-2.9671495212824084e-05,89300,0.0,0.0
2011-02-14 00:00:00+09:00,-2.975278244466327e-05,-2.980697694820546e-05,-2.9698587941121077e-05,-2.9779879696434364e-05,118100,0.0,0.0
2011-02-15 00:00:00+09:00,-2.983407015793449e-05,-2.996955639843374e-05,-2.977987566173479e-05,-2.994245915033389e-05,128100,0.0,0.0
2011-02-16 00:00:00+09:00,-2.9942459623566904e-05,-3.0023751369151248e-05,-2.9888265126510673e-05,-2.9996654120623134e-05,90800,0.0,0.0
2011-02-17 00:00:00+09:00,-2.99966564087117e-05,-3.0050850909901783e-05,-2.9942461907521616e-05,-3.0050850909901783e-05,93500,0.0,0.0
2011-02-18 00:00:00+09:00,-3.007794704716217e-05,-3.0240530544714398e-05,-3.0023752547978093e-05,-3.0132141546346247e-05,179100,0.0,0.0
2011-02-21 00:00:00+09:00,-3.0213427582106444e-05,-3.0240524826574698e-05,-3.0077941359765156e-05,-3.0105038604233414e-05,174300,0.0,0.0
2011-02-22 00:00:00+09:00,-3.0132139808606145e-05,-3.0132139808606145e-05,-2.972568108816631e-05,-2.972568108816631e-05,309200,0.0,0.0
2011-02-23 00:00:00+09:00,-2.950890174628221e-05,-2.9617290733412725e-05,-2.8831470576716505e-05,-2.9156637538108043e-05,746400,0.0,0.0
2011-02-24 00:00:00+09:00,-0.0004028219642857093,-0.0004028219642857093,-0.0003966837248299271,-0.0003966837248299271,499600,1000.0,0.0
2011-02-25 00:00:00+09:00,-0.00039668372496891384,-0.00040167104452848434,-0.00039668372496891384,-0.00040167104452848434,168100,0.0,0.0
2011-02-28 00:00:00+09:00,-0.0004028219625569133,-0.00041433116148711083,-0.0003982182829848343,-0.00041318024159409106,371700,0.0,0.0
2011-03-01 00:00:00+09:00,-0.00041241292849243167,-0.000417400247627689,-0.00041049472882502503,-0.000416249327827245,289500,0.0,0.0
2011-03-02 00:00:00+09:00,-0.00041279657929617364,-0.0004204693781678497,-0.00041164565946542225,-0.00041356385918334126,189400,0.0,0.0
2011-03-03 00:00:00+09:00,-0.0004124130130964885,-0.0004154821331939508,-0.00041202937308430575,-0.0004127966531086713,66300,0.0,0.0
2011-03-04 00:00:00+09:00,-0.0004139475597212181,-0.00041433119972095976,-0.00041164571972276834,-0.00041202935972251,85600,0.0,0.0
2011-03-07 00:00:00+09:00,-0.0004143311772337657,-0.0004143311772337657,-0.0004066583776553626,-0.00040742565761320293,97800,0.0,0.0
2011-03-08 00:00:00+09:00,-0.00040780930212487695,-0.0004112620619735354,-0.00040435654227621853,-0.00040435654227621853,108900,0.0,0.0
2011-03-09 00:00:00+09:00,-0.0004066583731757123,-0.00040742565312510044,-0.00040550745325163007,-0.00040550745325163007,76600,0.0,0.0
2011-03-10 00:00:00+09:00,-0.00040282196663757596,-0.0004035892465740285,-0.0003993692069235396,-0.00040013648685999215,129100,0.0,0.0
2011-03-11 00:00:00+09:00,-0.0003970673692253369,-0.00039783464916586897,-0.00039323096952267666,-0.0003936146094929427,276800,0.0,0.0
2011-03-14 00:00:00+09:00,-0.00035333239486947684,-0.0003821053911943528,-0.0003452759558985115,-0.0003659925132524222,353400,0.0,0.0
2011-03-15 00:00:00+09:00,-0.00036445800205777025,-0.0003652252820621024,-0.00031305024176751637,-0.0003387541219126433,406600,0.0,0.0
2011-03-16 00:00:00+09:00,-0.0003353013578301694,-0.0003529487977159678,-0.0003318485978525132,-0.0003318485978525132,529000,0.0,0.0
2011-03-17 00:00:00+09:00,-0.0003306977404206872,-0.00036522534672911157,-0.0003306977404206872,-0.0003590871056076139,426700,0.0,0.0
2011-03-18 00:00:00+09:00,-0.0003648416290952,-0.0003694453089576,-0.0003633070691410666,-0.00036637618904933333,203700,0.0,0.0
2011-03-22 00:00:00+09:00,-0.0003759671099758221,-0.00037750166960837654,-0.000373281630618852,-0.00037519983015954494,208100,0.0,0.0
2011-03-23 00:00:00+09:00,-0.00037635083056309005,-0.00038133815043803415,-0.00037596719057270974,-0.0003798035904765129,132500,0.0,0.0
2011-03-24 00:00:00+09:00,-0.00038018722160942773,-0.00038057086159087015,-0.00037097986205480993,-0.00037097986205480993,187400,0.0,0.0
2011-03-25 00:00:00+09:00,-0.000374816261869234,-0.00037519990185067644,-0.0003690616621475979,-0.00037097986205480993,105700,0.0,0.0
2011-03-28 00:00:00+09:00,-0.00037213077303022146,-0.000374048972891202,-0.00037097985311363314,-0.00037213077303022146,83900,0.0,0.0
2011-03-29 00:00:00+09:00,-0.0003744326689657306,-0.0003748163089954086,-0.00036752714843152654,-0.0003736653889063746,130700,0.0,0.0
2011-03-30 00:00:00+09:00,-0.00037404902931141256,-0.0003882437104237431,-0.00037289810922122357,-0.00038709279033355415,238600,0.0,0.0
2011-03-31 00:00:00+09:00,-0.00038594180991640315,-0.00038594180991640315,-0.0003805708503350616,-0.0003836399700958282,161200,0.0,0.0
2011-04-01 00:00:00+09:00,-0.0003832563710676943,-0.00038517457112308823,-0.00037596721085719764,-0.00037596721085719764,197900,0.0,0.0
2011-04-04 00:00:00+09:00,-0.0003798036158076246,-0.0003798036158076246,-0.00037174717547231134,-0.00037289809552021325,139000,0.0,0.0
2011-04-05 00:00:00+09:00,-0.0003732816906380356,-0.00037404897057768206,-0.0003671434511208633,-0.0003686780110001564,101400,0.0,0.0
2011-04-06 00:00:00+09:00,-0.0003679107265338929,-0.00037059620628961473,-0.0003644579668479648,-0.00036675980663858354,114600,0.0,0.0
2011-04-07 00:00:00+09:00,-0.00037213077987073004,-0.00037213077987073004,-0.00034297414144786873,-0.0003525651409290731,740300,0.0,0.0
2011-04-08 00:00:00+09:00,-0.0003571687536157301,-0.00037711802879083,-0.00035678511370851665,-0.0003702125104609877,399700,0.0,0.0
2011-04-11 00:00:00+09:00,-0.00036867805064670097,-0.0003767344908793552,-0.0003682944106356222,-0.00037596721085719764,176500,0.0,0.0
2011-04-12 00:00:00+09:00,-0.0003725144174845459,-0.0003759671772758548,-0.00037021257762367336,-0.0003740489773917943,116500,0.0,0.0
2011-04-13 00:00:00+09:00,-0.00037328166877619945,-0.0003798035478812307,-0.00037289802882884467,-0.0003790362679865211,130100,0.0,0.0
2011-04-14 00:00:00+09:00,-0.00037596717509278906,-0.00038747637433032345,-0.00037596717509278906,-0.00038555817445740104,198700,0.0,0.0
2011-04-15 00:00:00+09:00,-0.00037903634932186665,-0.0003813381894999346,-0.0003736653889063746,-0.0003736653889063746,288900,0.0,0.0
2011-04-18 00:00:00+09:00,-0.0003771180297002379,-0.00037750166960837654,-0.000373281630618852,-0.00037519983015954494,170400,0.0,0.0
2011-04-19 00:00:00+09:00,-0.0003740489773917943,-0.0003751998973222306,-0.00037136349755410966,-0.0003740489773917943,97900,0.0,0.0
2011-04-20 00:00:00+09:00,-0.0003759671772758548,-0.0003759671772758548,-0.00037328169743817014,-0.0003740489773917943,78400,0.0,0.0
2011-04-21 00:00:00+09:00,-0.0003755835327799864,-0.0003755835327799864,-0.00037136349308582926,-0.00037213077303022146,70800,0.0,0.0
2011-04-22 00:00:00+09:00,-0.00037213080448405064,-0.00037251444448867336,-0.0003690616844470688,-0.0003705962444655597,86900,0.0,0.0
2011-04-25 00:00:00+09:00,-0.00037097986875951464,-0.0003725144287130183,-0.0003702125887827628,-0.0003713635087478906,53200,0.0,0.0
2011-04-26 00:00:00+09:00,-0.0003709797902754146,-0.00037174707008984155,-0.00036982887055377425,-0.0003702125104609877,58900,0.0,0.0
2011-04-27 00:00:00+09:00,-0.0003709798731519539,-0.00037596719305989126,-0.0003709798731519539,-0.00037328171310946345,117200,0.0,0.0
2011-04-28 00:00:00+09:00,-0.00037519987731661437,-0.0003790362768801789,-0.00037251439762211915,-0.0003778853570111096,129400,0.0,0.0
2011-05-02 00:00:00+09:00,-0.0003798036220007431,-0.0003798036220007431,-0.0003763508618007363,-0.00037826906191185117,112600,0.0,0.0
2011-05-06 00:00:00+09:00,-0.00037750174386541694,-0.00037941994378343225,-0.00037596718393100465,-0.00037941994378343225,89900,0.0,0.0
2011-05-09 00:00:00+09:00,-0.0003805708818493879,-0.0003805708818493879,-0.00037596720182701625,-0.0003771181218326092,111900,0.0,0.0
2011-05-10 00:00:00+09:00,-0.00037788535026753915,-0.0003782689902170493,-0.0003759671505199882,-0.0003775017103180289,66300,0.0,0.0
2011-05-11 00:00:00+09:00,-0.0003778854109125915,-0.00037826905092367026,-0.00037596721085719764,-0.00037596721085719764,51400,0.0,0.0
2011-05-12 00:00:00+09:00,-0.0003759671615564408,-0.00037711808143875647,-0.0003748162416741252,-0.0003748162416741252,55400,0.0,0.0
2011-05-13 00:00:00+09:00,-0.0003748163089954086,-0.0003759672290844426,-0.0003721308287876626,-0.0003736653889063746,108000,0.0,0.0
2011-05-16 00:00:00+09:00,-0.0003736653150732965,-0.0003751998748887926,-0.0003732816751194225,-0.00037443259498104453,90700,0.0,0.0
2011-05-17 00:00:00+09:00,-0.0003740489930953,-0.00037519991307405473,-0.00037328171310946345,-0.00037328171310946345,61500,0.0,0.0
2011-05-18 00:00:00+09:00,-0.0003728979907107134,-0.00037558347006768353,-0.0003728979907107134,-0.00037519983015954494,44100,0.0,0.0
2011-05-19 00:00:00+09:00,-0.00037558347006768353,-0.00037750166960837654,-0.00037443255034326777,-0.00037519983015954494,95500,0.0,0.0
2011-05-20 00:00:00+09:00,-0.0003763507993426174,-0.00037903627905250357,-0.0003759671593840622,-0.0003763507993426174,83200,0.0,0.0
2011-05-23 00:00:00+09:00,-0.0003767344393011726,-0.0003771180792597277,-0.0003755835194255071,-0.0003763507993426174,53600,0.0,0.0
2011-05-24 00:00:00+09:00,-0.0003751998510651133,-0.0003824890097258875,-0.0003751998510651133,-0.0003813380899373442,154200,0.0,0.0
2011-05-25 00:00:00+09:00,-0.00038133811661831765,-0.0003817217565746741,-0.00037711807709839664,-0.0003778853570111096,69200,0.0,0.0
2011-05-26 00:00:00+09:00,-0.00037788538384901996,-0.00038057086373424146,-0.00037788538384901996,-0.00037941994378343225,64500,0.0,0.0
2011-05-27 00:00:00+09:00,-0.0003790363104957523,-0.0003801872304668932,-0.00037788539052461135,-0.0003798035904765129,62900,0.0,0.0
2011-05-30 00:00:00+09:00,-0.00038133818391785404,-0.00038210546396597847,-0.0003798036238216051,-0.00038172182394191623,75700,0.0,0.0
2011-05-31 00:00:00+09:00,-0.000381721770245349,-0.0003867090898565948,-0.000381721770245349,-0.0003836399700958282,139100,0.0,0.0
2011-06-01 00:00:00+09:00,-0.0003801872548126972,-0.00038287273491732776,-0.0003801872548126972,-0.00038287273491732776,83500,0.0,0.0
2011-06-02 00:00:00+09:00,-0.0003801872304668932,-0.00038095451044765384,-0.0003790363104957523,-0.0003798035904765129,72200,0.0,0.0
2011-06-03 00:00:00+09:00,-0.00038287273105661556,-0.00038287273105661556,-0.00037596721085719764,-0.00037596721085719764,111200,0.0,0.0
2011-06-06 00:00:00+09:00,-0.00037635087333591055,-0.00037788543347183677,-0.00037404903313202116,-0.00037558359326794744,105400,0.0,0.0
2011-06-07 00:00:00+09:00,-0.000377118113038646,-0.000377118113038646,-0.0003721307931307087,-0.00037328171310946345,136100,0.0,0.0
2011-06-08 00:00:00+09:00,-0.00037519991307405473,-0.00037519991307405473,-0.0003721307931307087,-0.00037328171310946345,80700,0.0,0.0
2011-06-09 00:00:00+09:00,-0.000373281670517761,-0.0003736653104669057,-0.00037174711072118235,-0.00037251439061947167,80900,0.0,0.0
2011-06-10 00:00:00+09:00,-0.00037443255034326777,-0.0003771180297002379,-0.0003736652705269906,-0.00037519983015954494,118000,0.0,0.0
2011-06-13 00:00:00+09:00,-0.0003755835194255071,-0.0003771180792597277,-0.0003740489595912864,-0.0003763507993426174,62400,0.0,0.0
2011-06-14 00:00:00+09:00,-0.0003767344304190086,-0.00037788535026753915,-0.0003748162306714576,-0.0003775017103180289,55200,0.0,0.0
2011-06-15 00:00:00+09:00,-0.00037788535917683807,-0.00037788535917683807,-0.0003755835194255071,-0.0003763507993426174,51000,0.0,0.0
2011-06-16 00:00:00+09:00,-0.0003759671772758548,-0.0003759671772758548,-0.0003740489773917943,-0.0003740489773917943,54700,0.0,0.0
2011-06-17 00:00:00+09:00,-0.00037443264451178705,-0.0003751999245210325,-0.0003705962444655597,-0.0003705962444655597,111800,0.0,0.0
2011-06-20 00:00:00+09:00,-0.00037097988447018244,-0.00037251444448867336,-0.00037021260446093695,-0.0003705962444655597,70400,0.0,0.0
2011-06-21 00:00:00+09:00,-0.00037097986875951464,-0.0003713635087478906,-0.0003702125887827628,-0.0003713635087478906,94400,0.0,0.0
2011-06-22 00:00:00+09:00,-0.0003713634753500524,-0.0003751998748887926,-0.0003713634753500524,-0.00037443259498104453,120700,0.0,0.0
2011-06-23 00:00:00+09:00,-0.0003744326731660027,-0.0003775017934378552,-0.00037404903313202116,-0.00037558359326794744,84900,0.0,0.0
2011-06-24 00:00:00+09:00,-0.0003759671099758221,-0.0003767343897920993,-0.00037519983015954494,-0.00037519983015954494,40000,0.0,0.0
2011-06-27 00:00:00+09:00,-0.0003767345133698921,-0.0003767345133698921,-0.0003751999532339658,-0.00037558359326794744,60300,0.0,0.0
2011-06-28 00:00:00+09:00,-0.0003767344393011726,-0.0003775017192182829,-0.0003759671593840622,-0.0003763507993426174,76500,0.0,0.0
2011-06-29 00:00:00+09:00,-0.0003767344818307449,-0.00037750176183447347,-0.00037596720182701625,-0.0003771181218326092,70800,0.0,0.0
2011-06-30 00:00:00+09:00,-0.00037788539718673023,-0.00038018723716959357,-0.00037750175718958634,-0.00038018723716959357,80300,0.0,0.0
2011-07-01 00:00:00+09:00,-0.00038095450371784453,-0.0003817217836850506,-0.0003790363037998292,-0.00037941994378343225,85100,0.0,0.0
2011-07-04 00:00:00+09:00,-0.00038172179715816913,-0.000382105437155313,-0.0003798035971724497,-0.00038018723716959357,70600,0.0,0.0
2011-07-05 00:00:00+09:00,-0.0003813381324827028,-0.0003824890523996526,-0.0003809544925103862,-0.000382105412427336,68400,0.0,0.0
2011-07-06 00:00:00+09:00,-0.0003824889853848862,-0.0003832562651950866,-0.0003809544257644855,-0.0003832562651950866,64400,0.0,0.0
2011-07-07 00:00:00+09:00,-0.00038363990510018677,-0.000384023545005287,-0.00038287262528998643,-0.0003832562651950866,87700,0.0,0.0
2011-07-08 00:00:00+09:00,-0.0003855581542415667,-0.0003867090741049744,-0.00038440723437815905,-0.00038440723437815905,91500,0.0,0.0
2011-07-11 00:00:00+09:00,-0.0003844072545336476,-0.00038555817445740104,-0.00038402361455906314,-0.00038555817445740104,61500,0.0,0.0
2011-07-12 00:00:00+09:00,-0.00038555817445740104,-0.0003859418144319855,-0.00038402361455906314,-0.00038555817445740104,69500,0.0,0.0
2011-07-13 00:00:00+09:00,-0.00038440723894459915,-0.00038670907869875845,-0.00038440723894459915,-0.0003863254387397319,60300,0.0,0.0
2011-07-14 00:00:00+09:00,-0.0003867091011130075,-0.0003870927410942704,-0.00038555818116921877,-0.0003859418211504817,41400,0.0,0.0
2011-07-15 00:00:00+09:00,-0.00038747634971514344,-0.00038747634971514344,-0.0003863254298645044,-0.00038747634971514344,61300,0.0,0.0
2011-07-19 00:00:00+09:00,-0.00038862726743552555,-0.00038901090738363564,-0.00038747634759119524,-0.00038901090738363564,70500,0.0,0.0
2011-07-20 00:00:00+09:00,-0.0003893946122843772,-0.00039092917233278854,-0.000387476412223863,-0.0003893946122843772,108900,0.0,0.0
2011-07-21 00:00:00+09:00,-0.00038977818941642153,-0.00039016182936663454,-0.00038747634971514344,-0.00038747634971514344,71400,0.0,0.0
2011-07-22 00:00:00+09:00,-0.0003874763922205401,-0.0003893945921820279,-0.00038709275222824255,-0.0003882436722051352,61400,0.0,0.0
2011-07-25 00:00:00+09:00,-0.00038901090738363564,-0.0003897781872798558,-0.00038824362748741546,-0.00038901090738363564,52000,0.0,0.0
2011-07-26 00:00:00+09:00,-0.0003897782680849744,-0.0003897782680849744,-0.00038862734800204635,-0.00038862734800204635,47000,0.0,0.0
2011-07-27 00:00:00+09:00,-0.00038862735045380606,-0.00038862735045380606,-0.00038632551027342814,-0.00038709279033355415,83600,0.0,0.0
2011-07-28 00:00:00+09:00,-0.00038555813859939475,-0.00038594177853829963,-0.0003840235788437753,-0.0003851744986604899,81000,0.0,0.0
2011-07-29 00:00:00+09:00,-0.0003855581046256877,-0.0003859417445307879,-0.0003832562651950866,-0.0003832562651950866,111000,0.0,0.0
2011-08-01 00:00:00+09:00,-0.0003836399590265461,-0.00038747635861681153,-0.0003836399590265461,-0.0003863254387397319,78100,0.0,0.0
2011-08-02 00:00:00+09:00,-0.00038632551027342814,-0.0003878600703936801,-0.0003855582302133022,-0.00038709279033355415,153200,0.0,0.0
2011-08-03 00:00:00+09:00,-0.0003867090966265935,-0.0003867090966265935,-0.00038402361678890884,-0.00038402361678890884,90600,0.0,0.0
2011-08-04 00:00:00+09:00,-0.00038479085872158503,-0.0003863254184772045,-0.0003840235788437753,-0.0003851744986604899,59100,0.0,0.0
2011-08-05 00:00:00+09:00,-0.0003832562651950866,-0.00038363990510018677,-0.0003817217055746858,-0.0003832562651950866,136300,0.0,0.0
2011-08-08 00:00:00+09:00,-0.000383256363889931,-0.0003836400038938248,-0.0003801872438587804,-0.00038057088386267424,126100,0.0,0.0
2011-08-09 00:00:00+09:00,-0.00037826905473796105,-0.0003836400149472222,-0.0003748162946034361,-0.00038287273491732776,208300,0.0,0.0
2011-08-10 00:00:00+09:00,-0.0003859417445307879,-0.0003859417445307879,-0.0003832562651950866,-0.0003832562651950866,107600,0.0,0.0
2011-08-11 00:00:00+09:00,-0.000382872679108493,-0.0003863254387397319,-0.0003817217592314134,-0.0003863254387397319,93700,0.0,0.0
2011-08-12 00:00:00+09:00,-0.0003870927410942704,-0.0003870927410942704,-0.00038402362124416716,-0.0003859418211504817,89300,0.0,0.0
2011-08-15 00:00:00+09:00,-0.00038670908543281257,-0.0003874763653642269,-0.00038555816553569115,-0.00038670908543281257,71600,0.0,0.0
2011-08-16 00:00:00+09:00,-0.00038709279033355415,-0.00038709279033355415,-0.00038594187024336516,-0.00038709279033355415,76600,0.0,0.0
2011-08-17 00:00:00+09:00,-0.00038709279033355415,-0.00038709279033355415,-0.0003851745901832392,-0.00038709279033355415,75400,0.0,0.0
2011-08-18 00:00:00+09:00,-0.00038709270976493044,-0.00038747634971514344,-0.0003859417899142914,-0.00038747634971514344,60200,0.0,0.0
2011-08-19 00:00:00+09:00,-0.0003847908856042768,-0.00038670908543281257,-0.0003847908856042768,-0.00038670908543281257,87000,0.0,0.0
2011-08-22 00:00:00+09:00,-0.00038594180991640315,-0.00038594180991640315,-0.0003836399700958282,-0.0003836399700958282,132700,0.0,0.0
2011-08-23 00:00:00+09:00,-0.0003840235788437753,-0.00038555813859939475,-0.0003836399389048704,-0.0003851744986604899,124800,0.0,0.0
2011-08-24 00:00:00+09:00,-0.0003855581542415667,-0.0003855581542415667,-0.00038363995446922064,-0.00038440723437815905,162600,0.0,0.0
2011-08-25 00:00:00+09:00,-0.00038517452997621147,-0.00038555816994630734,-0.0003836399700958282,-0.0003836399700958282,173200,0.0,0.0
2011-08-26 00:00:00+09:00,-0.0003836400149472222,-0.0003840236549621694,-0.00038287273491732776,-0.00038287273491732776,727600,0.0,0.0
2011-08-29 00:00:00+09:00,0.18913729559664058,0.18990303363549338,0.18798868853836137,0.18932873010635376,441600,1000.0,0.0
2011-08-30 00:00:00+09:00,0.18932871010662825,0.18932871010662825,0.1877972341907,0.18798866868019104,174600,0.0,0.0
2011-08-31 00:00:00+09:00,0.1877972540286482,0.18932873010635376,0.1877972540286482,0.18932873010635376,119900,0.0,0.0
2011-09-01 00:00:00+09:00,0.18952014679231013,0.18952014679231013,0.1879886708586349,0.18856297433376312,109000,0.0,0.0
2011-09-02 00:00:00+09:00,0.1879886708586349,0.18894584331718192,0.1876058018752161,0.18856297433376312,93300,0.0,0.0
2011-09-05 00:00:00+09:00,0.188371565404324,0.1885629999220113,0.18760582733357473,0.18787384033203125,86200,0.0,0.0
2011-09-06 00:00:00+09:00,0.18875440590607648,0.18875440590607648,0.18760579897358515,0.18779723346233368,140300,0.0,0.0
2011-09-07 00:00:00+09:00,0.18875441557310194,0.18913728457020762,0.18760580858178488,0.18844620883464813,109500,0.0,0.0
2011-09-08 00:00:00+09:00,0.18913730233393602,0.1895201713670007,0.18875443330087138,0.18936702609062195,113900,0.0,0.0
2011-09-09 00:00:00+09:00,0.18875440749119327,0.18971157994297416,0.18875440749119327,0.189575657248497,122700,0.0,0.0
2011-09-12 00:00:00+09:00,0.1877972497884279,0.1885629878099913,0.1874143807776462,0.1881801187992096,100800,0.0,0.0
2011-09-13 00:00:00+09:00,0.1891372814322963,0.18952015042304993,0.18779723996465855,0.18952015042304993,98100,0.0,0.0
2011-09-14 00:00:00+09:00,0.18952014291183314,0.19009444637520231,0.18818010149730502,0.18898029625415802,102200,0.0,0.0
2011-09-15 00:00:00+09:00,0.18990301796299244,0.18990301796299244,0.1887544109995066,0.1891372799873352,60000,0.0,0.0
2011-09-16 00:00:00+09:00,0.18952019193612213,0.1904773646226682,0.18894588832419448,0.18950870633125305,90900,0.0,0.0
2011-09-20 00:00:00+09:00,0.18894585967063904,0.18971159770375207,0.18837155614580428,0.18894585967063904,61600,0.0,0.0
2011-09-21 00:00:00+09:00,0.18894585682077303,0.1891372913261639,0.18798868429381874,0.1881801187992096,48200,0.0,0.0
2011-09-22 00:00:00+09:00,0.18818010535034432,0.18894584331718192,0.1876058018752161,0.18856297433376312,82800,0.0,0.0
2011-09-26 00:00:00+09:00,0.18779725262096952,0.1904773357368651,0.18779725262096952,0.18894585967063904,154300,0.0,0.0
2011-09-27 00:00:00+09:00,0.18952013992042424,0.1906687468290329,0.18894583646611993,0.1906687468290329,121700,0.0,0.0
2011-09-28 00:00:00+09:00,0.19028589487433792,0.19124306738376617,0.19009446037245228,0.19124306738376617,126300,0.0,0.0
2011-09-29 00:00:00+09:00,0.19105163502122113,0.19181737303733826,0.190285897005104,0.19181737303733826,134800,0.0,0.0
2011-09-30 00:00:00+09:00,0.19181737446215047,0.19220024347305298,0.19105163644034548,0.19220024347305298,99500,0.0,0.0
2011-10-03 00:00:00+09:00,0.19105163288188054,0.19143450188565184,0.1887544188592527,0.19124306738376617,110400,0.0,0.0
2011-10-04 00:00:00+09:00,0.1902858884045572,0.19047732289993402,0.18875441244154265,0.18952015042304993,106300,0.0,0.0
2011-10-05 00:00:00+09:00,0.19047733358433092,0.19047733358433092,0.18798868500483715,0.18837155401706696,80400,0.0,0.0
2011-10-06 00:00:00+09:00,0.1887544251623608,0.19028590122858685,0.18856299065408252,0.18894585967063904,99900,0.0,0.0
2011-10-07 00:00:00+09:00,0.19047731925085717,0.19047731925085717,0.1883715398420537,0.18856297433376312,83300,0.0,0.0
2011-10-11 00:00:00+09:00,0.18875442231538217,0.1891372913261639,0.18798868429381874,0.1881801187992096,85200,0.0,0.0
2011-10-12 00:00:00+09:00,0.1881801187992096,0.18875442231538217,0.1877972497884279,0.1881801187992096,111900,0.0,0.0
2011-10-13 00:00:00+09:00,0.18894584039482504,0.18894584039482504,0.18779723346233368,0.18779723346233368,70400,0.0,0.0
2011-10-14 00:00:00+09:00,0.1877972497884279,0.18894585682077303,0.1877972497884279,0.1881801187992096,100000,0.0,0.0
2011-10-17 00:00:00+09:00,0.18932870833575724,0.19220022565126418,0.18913727384805679,0.19143448770046234,212800,0.0,0.0
2011-10-18 00:00:00+09:00,0.1912430637859003,0.1914344982841845,0.1900944567961952,0.19028589129447937,77500,0.0,0.0
2011-10-19 00:00:00+09:00,0.19028590265491976,0.19066877167434618,0.18913729559664058,0.18932873010635376,76500,0.0,0.0
2011-10-20 00:00:00+09:00,0.18932871736826434,0.18990302085876465,0.1889458483745975,0.18990302085876465,63100,0.0,0.0
2011-10-21 00:00:00+09:00,0.18990303363549338,0.19028590265491976,0.18913729559664058,0.18932873010635376,72900,0.0,0.0
2011-10-24 00:00:00+09:00,0.1895201624830161,0.1899030314981333,0.18837155543766448,0.18875442445278168,111100,0.0,0.0
2011-10-25 00:00:00+09:00,0.18894585967063904,0.18990303221203034,0.1887544251623608,0.18894585967063904,52400,0.0,0.0
2011-10-26 00:00:00+09:00,0.1887544251623608,0.18990303221203034,0.18779725262096952,0.18894585967063904,64100,0.0,0.0
2011-10-27 00:00:00+09:00,0.1889458393603563,0.19143448770046234,0.18875440487265585,0.19143448770046234,111800,0.0,0.0
2011-10-28 00:00:00+09:00,0.19143450474097268,0.19239167726467754,0.19047733221726781,0.19200880825519562,132100,0.0,0.0
2011-10-31 00:00:00+09:00,0.19143450474097268,0.1927745462741595,0.19047733221726781,0.19200880825519562,141000,0.0,0.0
2011-11-01 00:00:00+09:00,0.19200880481871585,0.19660323285027034,0.19124306681345676,0.1950717568397522,247900,0.0,0.0
2011-11-02 00:00:00+09:00,0.19181734693441038,0.19373169171419494,0.19066874006653967,0.19277451932430267,122300,0.0,0.0
2011-11-04 00:00:00+09:00,0.19392315901882218,0.19392315901882218,0.19143451038383236,0.1935402899980545,64700,0.0,0.0
2011-11-07 00:00:00+09:00,0.19373171103553732,0.19392314553260803,0.19220023505897182,0.19392314553260803,51900,0.0,0.0
2011-11-08 00:00:00+09:00,0.19239165036834574,0.1943059951481303,0.1922002158903673,0.19277451932430267,93500,0.0,0.0
2011-11-09 00:00:00+09:00,0.19277455685532163,0.19488033652305603,0.19220025330957588,0.19488033652305603,75000,0.0,0.0
2011-11-10 00:00:00+09:00,0.19200881250845075,0.1939231575982658,0.19200881250845075,0.19315741956233978,74300,0.0,0.0
2011-11-11 00:00:00+09:00,0.19334882349958496,0.19373169245700989,0.19200878214859773,0.19296595454216003,61700,0.0,0.0
2011-11-14 00:00:00+09:00,0.19296595748705356,0.19392312989522348,0.1923916540421516,0.19373169541358948,53400,0.0,0.0
2011-11-15 00:00:00+09:00,0.19334886968135834,0.1939231732546693,0.1922002625347364,0.19334886968135834,48800,0.0,0.0
2011-11-16 00:00:00+09:00,0.19239167869091034,0.19315741671555078,0.19181737517243003,0.19239167869091034,55200,0.0,0.0
2011-11-17 00:00:00+09:00,0.19181737303733826,0.19220024204539682,0.1914345040292797,0.19181737303733826,68100,0.0,0.0
2011-11-18 00:00:00+09:00,0.1916259229183197,0.19239166087203927,0.1914344884298898,0.1916259229183197,51700,0.0,0.0
2011-11-21 00:00:00+09:00,0.19162591245643193,0.19296595380228113,0.19143447797845348,0.19277451932430267,41600,0.0,0.0
2011-11-22 00:00:00+09:00,0.19162591245643193,0.19334882275823803,0.19162591245643193,0.19277451932430267,46200,0.0,0.0
2011-11-24 00:00:00+09:00,0.19220024204539682,0.19296598006151394,0.19181737303733826,0.19181737303733826,47000,0.0,0.0
2011-11-25 00:00:00+09:00,0.1916259221881628,0.19277452911436557,0.19143448770046234,0.19143448770046234,55300,0.0,0.0
2011-11-28 00:00:00+09:00,0.1923916779785042,0.19258311248395546,0.19162593995669921,0.19220024347305298,45900,0.0,0.0
2011-11-29 00:00:00+09:00,0.19277455054437678,0.19315741956233978,0.19162594349048773,0.19315741956233978,48600,0.0,0.0
2011-11-30 00:00:00+09:00,0.19315743515692135,0.19334886968135834,0.19200882801029942,0.19334886968135834,58300,0.0,0.0
2011-12-01 00:00:00+09:00,0.19354025723621648,0.19354025723621648,0.19162591245643193,0.19277451932430267,58500,0.0,0.0
2011-12-02 00:00:00+09:00,0.19296596433732893,0.19296596433732893,0.1916259229183197,0.1916259229183197,56900,0.0,0.0
2011-12-05 00:00:00+09:00,0.19296600063248437,0.19354030420579532,0.1923916970591734,0.19334886968135834,64100,0.0,0.0
2011-12-06 00:00:00+09:00,0.19239167940190016,0.1937317209499731,0.19239167940190016,0.1925831139087677,43600,0.0,0.0
2011-12-07 00:00:00+09:00,0.1939231632469678,0.1948803358197564,0.1927745561596215,0.19468890130519867,71000,0.0,0.0
2011-12-08 00:00:00+09:00,0.19468888783712265,0.1950717568397522,0.19411458433317832,0.1950717568397522,43400,0.0,0.0
2011-12-09 00:00:00+09:00,0.19468888783712265,0.1950717568397522,0.19411458433317832,0.1950717568397522,109100,0.0,0.0
2011-12-12 00:00:00+09:00,0.1952631984438215,0.1969861090183258,0.1952631984438215,0.1969861090183258,94300,0.0,0.0
2011-12-13 00:00:00+09:00,0.19641179279532545,0.19794326876254045,0.19583748930761982,0.1975603997707367,65500,0.0,0.0
2011-12-14 00:00:00+09:00,0.1975604167882947,0.19832615483786173,0.1975604167882947,0.19813472032546997,54600,0.0,0.0
2011-12-15 00:00:00+09:00,0.1990918757379517,0.1992833102338536,0.19736896527483483,0.1975603997707367,60600,0.0,0.0
2011-12-16 00:00:00+09:00,0.199091862202613,0.19985760013416148,0.19794325530529022,0.19794325530529022,81200,0.0,0.0
2011-12-19 00:00:00+09:00,0.19794328792131935,0.1990918950079034,0.19756041889245798,0.19870902597904205,65600,0.0,0.0
2011-12-20 00:00:00+09:00,0.19909187024860292,0.2004319116829685,0.1987090012673556,0.2000490427017212,64200,0.0,0.0
2011-12-21 00:00:00+09:00,0.20062336538316636,0.20119766891002655,0.20024049636525953,0.20119766891002655,60300,0.0,0.0
2011-12-22 00:00:00+09:00,0.20062332899236404,0.20158050136351083,0.19947472214698792,0.19947472214698792,62900,0.0,0.0
2011-12-26 00:00:00+09:00,0.2000490285413443,0.20062333197256346,0.1996661595871982,0.20024046301841736,64300,0.0,0.0
2011-12-27 00:00:00+09:00,0.1996662069360415,0.20100624859333038,0.1996662069360415,0.20100624859333038,38500,0.0,0.0
2011-12-28 00:00:00+09:00,0.20100623581484173,0.20158053934574127,0.20062336679424203,0.20158053934574127,45100,0.0,0.0
2011-12-29 00:00:00+09:00,0.20138909850322023,0.2038777470588684,0.20138909850322023,0.2038777470588684,71600,0.0,0.0
2011-12-30 00:00:00+09:00,0.20387774362650102,0.206940695643425,0.20387774362650102,0.206940695643425,73200,0.0,0.0
2012-01-04 00:00:00+09:00,0.20808931265296882,0.2086636161837498,0.20502636048880368,0.20560066401958466,137900,0.0,0.0
2012-01-05 00:00:00+09:00,0.2056006525268176,0.2056006525268176,0.20024048653915386,0.20253770053386688,137000,0.0,0.0
2012-01-06 00:00:00+09:00,0.20253767812631548,0.20521776082363913,0.20177194021279443,0.2044520229101181,97200,0.0,0.0
2012-01-10 00:00:00+09:00,0.20521778084510983,0.2082807327980219,0.2050263463480528,0.20579208433628082,133500,0.0,0.0
2012-01-11 00:00:00+09:00,0.20560064622174914,0.20655781869019305,0.20483490824699402,0.20483490824699402,57800,0.0,0.0
2012-01-12 00:00:00+09:00,0.20483490533945037,0.20483490533945037,0.20387773288459313,0.20406916737556458,84600,0.0,0.0
2012-01-13 00:00:00+09:00,0.20521779851409658,0.20655784010887146,0.20483492948701804,0.20655784010887146,83300,0.0,0.0
2012-01-16 00:00:00+09:00,0.20655783657088625,0.20655783657088625,0.20445205695802274,0.20560066401958466,100000,0.0,0.0
2012-01-17 00:00:00+09:00,0.20502633296347594,0.2065578088399538,0.20445202950979674,0.20617493987083435,70100,0.0,0.0
2012-01-18 00:00:00+09:00,0.20655782304731884,0.20732356103822644,0.2054092160609575,0.20598351955413818,75900,0.0,0.0
2012-01-19 00:00:00+09:00,0.20598351228527906,0.20598351228527906,0.20406916737556458,0.20406916737556458,69900,0.0,0.0
2012-01-20 00:00:00+09:00,0.20406918440944574,0.20502635694419927,0.20406918440944574,0.20464348793029785,61200,0.0,0.0
2012-01-23 00:00:00+09:00,0.2042606083598248,0.20579208433628082,0.2042606083598248,0.20579208433628082,79600,0.0,0.0
2012-01-24 00:00:00+09:00,0.205217794999064,0.20560066401958466,0.20483492597854336,0.20560066401958466,55600,0.0,0.0
2012-01-25 00:00:00+09:00,0.20540921172806037,0.20560064622174914,0.20445203925961647,0.20483490824699402,71000,0.0,0.0
2012-01-26 00:00:00+09:00,0.20483489186687862,0.20502632634525886,0.20406915395335756,0.2044520229101181,70500,0.0,0.0
2012-01-27 00:00:00+09:00,0.2044520251223353,0.20560063200504505,0.2044520251223353,0.20502632856369019,71800,0.0,0.0
2012-01-30 00:00:00+09:00,0.20579207526899992,0.20732355117797852,0.20579207526899992,0.20732355117797852,74700,0.0,0.0
2012-01-31 00:00:00+09:00,0.20732355117797852,0.20770642015522317,0.20674924771211153,0.20732355117797852,73400,0.0,0.0
2012-02-01 00:00:00+09:00,0.20751498857549056,0.2086635955233254,0.20751498857549056,0.20808929204940796,133600,0.0,0.0
2012-02-02 00:00:00+09:00,0.2082807371508292,0.20847217165188697,0.206940695643425,0.206940695643425,99300,0.0,0.0
2012-02-03 00:00:00+09:00,0.20828076783918847,0.20828076783918847,0.2067492916050768,0.20713216066360474,138600,0.0,0.0
2012-02-06 00:00:00+09:00,0.20770639557083814,0.20866356790065765,0.20751496110487422,0.20866356790065765,87500,0.0,0.0
2012-02-07 00:00:00+09:00,0.20847217738628387,0.20866361189260735,0.2078978738673134,0.20847217738628387,71900,0.0,0.0
2012-02-08 00:00:00+09:00,0.20866356790065765,0.20866356790065765,0.20789783003680204,0.20866356790065765,69600,0.0,0.0
2012-02-09 00:00:00+09:00,0.20866356790065765,0.20923787129854937,0.20808926450276594,0.20866356790065765,70300,0.0,0.0
2012-02-10 00:00:00+09:00,0.2094293548895495,0.20981222391128543,0.2088550513569456,0.2098122239112854,65100,0.0,0.0
2012-02-13 00:00:00+09:00,0.21038652956485748,0.21057796407765533,0.21000366053926173,0.21038652956485748,92000,0.0,0.0
2012-02-14 00:00:00+09:00,0.2105779696824643,0.21191801130771637,0.21038653516457118,0.21191801130771637,124700,0.0,0.0
2012-02-15 00:00:00+09:00,0.21210940256110175,0.21249227151879327,0.211917968082256,0.2123008370399475,109800,0.0,0.0
2012-02-16 00:00:00+09:00,0.2123008810440986,0.2123008810440986,0.2115351429699991,0.21210944652557373,85700,0.0,0.0
2012-02-17 00:00:00+09:00,0.21230089458322007,0.21230089458322007,0.2115351564602869,0.2117265909910202,84400,0.0,0.0
2012-02-20 00:00:00+09:00,0.21172651935608017,0.21191795382204406,0.20866356790065765,0.20866356790065765,192900,0.0,0.0
2012-02-21 00:00:00+09:00,0.20847213343469376,0.20866356790065765,0.2069406577069825,0.20866356790065765,170600,0.0,0.0
2012-02-22 00:00:00+09:00,0.20789783003680204,0.2094293057645133,0.20789783003680204,0.20866356790065765,359400,0.0,0.0
2012-02-23 00:00:00+09:00,0.20885503364406227,0.20942933712795977,0.20866359914942978,0.20904646813869476,306100,0.0,0.0
2012-02-24 00:00:00+09:00,0.20923791541157785,0.20923791541157785,0.20808930837363687,0.20847217738628387,699300,0.0,0.0
2012-02-27 00:00:00+09:00,2.5086923439556092,2.515719493378454,2.496980428250868,2.5110347270965576,631200,1000.0,0.0
2012-02-28 00:00:00+09:00,2.5040077363966113,2.5133772695543164,2.4829262867917756,2.508692502975464,222400,0.0,0.0
2012-02-29 00:00:00+09:00,2.4993229725092956,2.508692505677091,2.480583906173706,2.480583906173706,189800,0.0,0.0
2012-03-01 00:00:00+09:00,2.4665296887623445,2.4712144555026336,2.4384210883206086,2.454817771911621,208900,0.0,0.0
2012-03-02 00:00:00+09:00,2.4595030828526143,2.4993236089559425,2.4595030828526143,2.4922964572906494,185200,0.0,0.0
2012-03-05 00:00:00+09:00,2.4946382032389067,2.522746802712021,2.4922958199494807,2.508692502975464,165100,0.0,0.0
2012-03-06 00:00:00+09:00,2.5040074984232583,2.5133770306905108,2.485268433888753,2.5016651153564453,166100,0.0,0.0
2012-03-07 00:00:00+09:00,2.4922961383554774,2.496980905532837,2.4782418368233974,2.496980905532837,122900,0.0,0.0
2012-03-08 00:00:00+09:00,2.501665593536807,2.501665593536807,2.489953675964069,2.494638442993164,65300,0.0,0.0
2012-03-09 00:00:00+09:00,2.4969806680114117,2.50166543474314,2.48526875118209,2.4899535179138184,164300,0.0,0.0
2012-03-12 00:00:00+09:00,2.501665672710197,2.506350439887557,2.4899537547667974,2.496980905532837,123400,0.0,0.0
2012-03-13 00:00:00+09:00,2.4946389225243175,2.496981306489129,2.4852693866650712,2.487611770629883,112400,0.0,0.0
2012-03-14 00:00:00+09:00,2.492295743390847,2.506350042695683,2.4712142944335938,2.4712142944335938,170700,0.0,0.0
2012-03-15 00:00:00+09:00,2.4712142148103595,2.482926130520361,2.4665294485263587,2.4758989810943604,86200,0.0,0.0
2012-03-16 00:00:00+09:00,2.4735566776510662,2.4782414440860117,2.4665295279986483,2.4712142944335938,72300,0.0,0.0
2012-03-19 00:00:00+09:00,2.471214533985341,2.4782416843189483,2.4641873836517334,2.4641873836517334,62000,0.0,0.0
2012-03-21 00:00:00+09:00,2.4641875431267675,2.468872310319024,2.4595027759345114,2.4618451595306396,94400,0.0,0.0
2012-03-22 00:00:00+09:00,2.464187303575664,2.473556837049336,2.459502536838828,2.4688720703125,101900,0.0,0.0
2012-03-23 00:00:00+09:00,2.466529686944082,2.471214453680918,2.464187303575664,2.4688720703125,58100,0.0,0.0
2012-03-26 00:00:00+09:00,2.4688721516793746,2.4735569185706066,2.457160234451294,2.457160234451294,111200,0.0,0.0
2012-03-27 00:00:00+09:00,2.4665294485263587,2.47589898109436,2.4524751496743566,2.4758989810943604,157600,0.0,0.0
2012-03-28 00:00:00+09:00,2.4641870653843583,2.4782413642363603,2.459502299100358,2.4758989810943604,101600,0.0,0.0
2012-03-29 00:00:00+09:00,2.478242149085642,2.5063507556915283,2.475899765201818,2.5063507556915283,121500,0.0,0.0
2012-03-30 00:00:00+09:00,2.508692502975464,2.51103488626489,2.4946382032389067,2.508692502975464,122900,0.0,0.0
2012-04-02 00:00:00+09:00,2.5063498814900713,2.5063498814900713,2.4641869862874346,2.466529369354248,131600,0.0,0.0
2012-04-03 00:00:00+09:00,2.471214453680918,2.4805839871545894,2.466529686944082,2.4688720703125,94700,0.0,0.0
2012-04-04 00:00:00+09:00,2.471214135487874,2.4782412846883135,2.4477903048197427,2.466529369354248,102100,0.0,0.0
2012-04-05 00:00:00+09:00,2.4641874640328547,2.4665298475537982,2.452475546428136,2.459502696990967,61100,0.0,0.0
2012-04-06 00:00:00+09:00,2.459502536838828,2.4688720703125,2.4477906199967383,2.4688720703125,70200,0.0,0.0
2012-04-09 00:00:00+09:00,2.473556917429877,2.473556917429877,2.45481784987359,2.4641873836517334,75900,0.0,0.0
2012-04-10 00:00:00+09:00,2.4665297682337584,2.4665297682337584,2.4548178510056777,2.457160234451294,45400,0.0,0.0
2012-04-11 00:00:00+09:00,2.4501327676644937,2.4548175339506595,2.440763235092163,2.440763235092163,73600,0.0,0.0
2012-04-12 00:00:00+09:00,2.4384212480194267,2.4501331656371956,2.4384212480194267,2.445448398590088,51500,0.0,0.0
2012-04-13 00:00:00+09:00,2.4454483958653044,2.468872231074742,2.4454483958653044,2.459502696990967,53700,0.0,0.0
2012-04-16 00:00:00+09:00,2.461845001342526,2.478241685461839,2.4477907006688295,2.457160234451294,103900,0.0,0.0
2012-04-17 00:00:00+09:00,2.4595025350462714,2.4852687520800893,2.4501330015794283,2.482926368713379,83000,0.0,0.0
2012-04-18 00:00:00+09:00,2.4782413642363603,2.494638046230363,2.4712142148103595,2.4758989810943604,94900,0.0,0.0
2012-04-19 00:00:00+09:00,2.4712142944335938,2.4899533601733745,2.4688719112161213,2.4712142944335938,105200,0.0,0.0
2012-04-20 00:00:00+09:00,2.4805838268510785,2.485268593285169,2.473556677199942,2.478241443634033,51200,0.0,0.0
2012-04-23 00:00:00+09:00,2.4782416037861714,2.4876111372598433,2.466529686944082,2.4688720703125,43400,0.0,0.0
2012-04-24 00:00:00+09:00,2.4641869862874346,2.471214135487874,2.4595022201538086,2.466529369354248,54900,0.0,0.0
2012-04-25 00:00:00+09:00,2.4524757184870976,2.4548181021723767,2.375177056872891,2.407970428466797,472300,0.0,0.0
2012-04-26 00:00:00+09:00,2.4126548694704697,2.471214453680918,2.4126548694704697,2.4688720703125,165200,0.0,0.0
2012-04-27 00:00:00+09:00,2.461845165955779,2.461845165955779,2.4220246447176743,2.433736562728882,99700,0.0,0.0
2012-05-01 00:00:00+09:00,2.4360792611726523,2.450133564602494,2.42202495774281,2.4431064128875732,66900,0.0,0.0
2012-05-02 00:00:00+09:00,2.4548178510056777,2.457160234451294,2.431394016549517,2.457160234451294,72000,0.0,0.0
2012-05-07 00:00:00+09:00,2.4384213235693584,2.4618451595306396,2.43607893997323,2.4618451595306396,97700,0.0,0.0
2012-05-08 00:00:00+09:00,2.4477907821136418,2.452475549160749,2.4360788644958733,2.445448398590088,62100,0.0,0.0
2012-05-09 00:00:00+09:00,2.4360785484313965,2.443105698090333,2.431393781992105,2.4360785484313965,61100,0.0,0.0
2012-05-10 00:00:00+09:00,2.431394180736026,2.438421331547402,2.419682262717066,2.4267094135284424,56600,0.0,0.0
2012-05-11 00:00:00+09:00,2.4337360868203257,2.4360784699645226,2.405627489089966,2.405627489089966,67700,0.0,0.0
2012-05-14 00:00:00+09:00,2.4103124980268804,2.4126548814068873,2.3728343639467737,2.377519130706787,103400,0.0,0.0
2012-05-15 00:00:00+09:00,2.3728340466817217,2.377518812815348,2.3470678329467773,2.3681492805480957,103600,0.0,0.0
2012-05-16 00:00:00+09:00,2.358780067440044,2.3658072175913056,2.3447257671375215,2.3494105339050293,99000,0.0,0.0
2012-05-17 00:00:00+09:00,2.349410614171824,2.3540953810993845,2.3423834637804823,2.3447258472442627,95700,0.0,0.0
2012-05-18 00:00:00+09:00,2.342383305470387,2.3447256887758576,2.3376985388594465,2.340040922164917,132000,0.0,0.0
2012-05-21 00:00:00+09:00,2.3423832251256202,2.3540951412512485,2.3423832251256202,2.351752758026123,67900,0.0,0.0
2012-05-22 00:00:00+09:00,2.351752758026123,2.3658070573768764,2.3470679915758716,2.351752758026123,95400,0.0,0.0
2012-05-23 00:00:00+09:00,2.351752998833666,2.3540953822986395,2.3353563145788496,2.3376986980438232,114100,0.0,0.0
2012-05-24 00:00:00+09:00,2.340040922883045,2.344725689495424,2.3306713896582885,2.3330137729644775,100400,0.0,0.0
2012-05-25 00:00:00+09:00,2.3353561562706666,2.340040922883045,2.3306713896582885,2.3330137729644775,102500,0.0,0.0
2012-05-28 00:00:00+09:00,2.340040843331035,2.3447256097841502,2.3236441607451317,2.3306713104248047,85500,0.0,0.0
2012-05-29 00:00:00+09:00,2.3306713889430353,2.3540952219977394,2.3283290056375647,2.340040922164917,80400,0.0,0.0
2012-05-30 00:00:00+09:00,2.342383623123169,2.3517531576156614,2.3353564722537996,2.342383623123169,63900,0.0,0.0
2012-05-31 00:00:00+09:00,2.342383778510402,2.361122848738485,2.3400413947318914,2.354095697402954,115100,0.0,0.0
2012-06-01 00:00:00+09:00,2.3611222909266254,2.3611222909266254,2.344725608350746,2.351752758026123,59900,0.0,0.0
2012-06-04 00:00:00+09:00,2.342383303339519,2.363464753069575,2.342383303339519,2.3611223697662354,107900,0.0,0.0
2012-06-05 00:00:00+09:00,2.363464750957583,2.3845462006688,2.3540952177525973,2.3822038173675537,122800,0.0,0.0
2012-06-06 00:00:00+09:00,2.384546280846807,2.3892310476068204,2.3728343639467737,2.377519130706787,85000,0.0,0.0
2012-06-07 00:00:00+09:00,2.3798615920765944,2.3868887424468994,2.3728344417062894,2.3868887424468994,73400,0.0,0.0
2012-06-08 00:00:00+09:00,2.3892310485538286,2.3892310485538286,2.3634648313635425,2.3704919815063477,137900,0.0,0.0
2012-06-11 00:00:00+09:00,2.365807454342648,2.3728346051971316,2.3634650707244873,2.3634650707244873,71300,0.0,0.0
2012-06-12 00:00:00+09:00,2.3587803840637207,2.361122767761897,2.3494108492710146,2.3587803840637207,67300,0.0,0.0
2012-06-13 00:00:00+09:00,2.358780067440044,2.370491984358813,2.3470681505212756,2.3494105339050293,66200,0.0,0.0
2012-06-14 00:00:00+09:00,2.3587803840637207,2.3658075351582504,2.3517532329691915,2.3587803840637207,39900,0.0,0.0
2012-06-15 00:00:00+09:00,2.3540953006725367,2.3681496009750593,2.3470681505212756,2.3494105339050293,68700,0.0,0.0
2012-06-18 00:00:00+09:00,2.365807454342648,2.3681498379608095,2.3564379198700043,2.3634650707244873,58000,0.0,0.0
2012-06-19 00:00:00+09:00,2.365807294845581,2.377519212146797,2.365807294845581,2.365807294845581,57900,0.0,0.0
2012-06-20 00:00:00+09:00,2.382204448873516,2.3986011363288893,2.368150145340339,2.393916368484497,100000,0.0,0.0
2012-06-21 00:00:00+09:00,2.4032856629534463,2.407970430327625,2.3798618260825553,2.4009432792663574,95000,0.0,0.0
2012-06-22 00:00:00+09:00,2.398600895579268,2.4103128140147136,2.3915737445180008,2.4009432792663574,51000,0.0,0.0
2012-06-25 00:00:00+09:00,2.412654717609098,2.4267090169349768,2.407969951167139,2.414997100830078,73300,0.0,0.0
2012-06-26 00:00:00+09:00,2.4126546382904053,2.426708937154233,2.4079698720024627,2.4126546382904053,92500,0.0,0.0
2012-06-27 00:00:00+09:00,2.422024483890424,2.4501330852508545,2.4173397169970188,2.4501330852508545,113300,0.0,0.0
2012-06-28 00:00:00+09:00,2.4571601552817657,2.4618449220220553,2.450133005171332,2.454817771911621,83200,0.0,0.0
2012-06-29 00:00:00+09:00,2.450133082984518,2.468872150540805,2.4407635492063746,2.4641873836517334,86900,0.0,0.0
2012-07-02 00:00:00+09:00,2.4712150197472575,2.4712150197472575,2.4431064128875732,2.4431064128875732,112100,0.0,0.0
2012-07-03 00:00:00+09:00,2.4431060123443604,2.4665298475537982,2.4431060123443604,2.459502696990967,74200,0.0,0.0
2012-07-04 00:00:00+09:00,2.4618446032206216,2.4735565185546875,2.454817454020182,2.466529369354248,75300,0.0,0.0
2012-07-05 00:00:00+09:00,2.4712146159684876,2.4712146159684876,2.4501331642682826,2.4524755477905273,57200,0.0,0.0
2012-07-06 00:00:00+09:00,2.459502941593313,2.4688724766089067,2.4313943365465325,2.4384214878082275,150200,0.0,0.0
2012-07-09 00:00:00+09:00,2.426708937154233,2.4337360865861464,2.4126546382904053,2.4126546382904053,163500,0.0,0.0
2012-07-10 00:00:00+09:00,2.419681787722319,2.4290513202982043,2.4126546382904053,2.4126546382904053,73600,0.0,0.0
2012-07-11 00:00:00+09:00,2.4103126539821513,2.412655037513718,2.3986007363243176,2.403285503387451,108900,0.0,0.0
2012-07-12 00:00:00+09:00,2.405628044781518,2.414997579522634,2.4009432774109603,2.407970428466797,81800,0.0,0.0
2012-07-13 00:00:00+09:00,2.4079701877424284,2.4313940222535417,2.4079701877424284,2.4220244884490967,96800,0.0,0.0
2012-07-17 00:00:00+09:00,2.452475553319074,2.452475553319074,2.4243669509887695,2.4243669509887695,68400,0.0,0.0
2012-07-18 00:00:00+09:00,2.4360787095312686,2.4407634762803676,2.4173396425348743,2.419682025909424,96800,0.0,0.0
2012-07-19 00:00:00+09:00,2.433736485098871,2.440763635681447,2.4220245674612437,2.4243669509887695,65200,0.0,0.0
2012-07-20 00:00:00+09:00,2.424366554243539,2.4290513205319324,2.4032851059457694,2.405627489089966,100200,0.0,0.0
2012-07-23 00:00:00+09:00,2.4149970216667525,2.4220241710993426,2.405627489089966,2.405627489089966,75200,0.0,0.0
2012-07-24 00:00:00+09:00,2.405627409617106,2.417339324951172,2.3962578773498535,2.3962578773498535,71000,0.0,0.0
2012-07-25 00:00:00+09:00,2.396258752406693,2.4126554398620663,2.3915739845623007,2.393916368484497,75100,0.0,0.0
2012-07-26 00:00:00+09:00,2.407970428466797,2.407970428466797,2.391573742669844,2.407970428466797,74900,0.0,0.0
2012-07-27 00:00:00+09:00,2.4126548757857758,2.422024409283973,2.407970109036677,2.419682025909424,106900,0.0,0.0
2012-07-30 00:00:00+09:00,2.4337361652117506,2.4360785484313965,2.4243666323331685,2.4360785484313965,85700,0.0,0.0
2012-07-31 00:00:00+09:00,2.4384208519490804,2.440763235092163,2.4313937025198324,2.440763235092163,95400,0.0,0.0
2012-08-01 00:00:00+09:00,2.4360792611726523,2.4431064128875732,2.429052109457731,2.4431064128875732,65100,0.0,0.0
2012-08-02 00:00:00+09:00,2.443105698090333,2.4454480813099786,2.4337361652117506,2.4360785484313965,50100,0.0,0.0
2012-08-03 00:00:00+09:00,2.438420933039875,2.438420933039875,2.414997100830078,2.414997100830078,97700,0.0,0.0
2012-08-06 00:00:00+09:00,2.4290514784741264,2.43139386177063,2.4196819452881124,2.43139386177063,45500,0.0,0.0
2012-08-07 00:00:00+09:00,2.4431060137015477,2.4571603148350176,2.4337364796125676,2.4524755477905273,75500,0.0,0.0
2012-08-08 00:00:00+09:00,2.4548178510056777,2.457160234451294,2.4407635503319813,2.457160234451294,78500,0.0,0.0
2012-08-09 00:00:00+09:00,2.450133162907192,2.459502696990967,2.447790779386248,2.459502696990967,69200,0.0,0.0
2012-08-10 00:00:00+09:00,2.459502696990967,2.459502696990967,2.4548179299490793,2.459502696990967,48000,0.0,0.0
2012-08-13 00:00:00+09:00,2.4431060137015477,2.4595026983572628,2.4431060137015477,2.4524755477905273,87600,0.0,0.0
2012-08-14 00:00:00+09:00,2.4548180087422553,2.4641875431267675,2.4454484743577427,2.4618451595306396,120000,0.0,0.0
2012-08-15 00:00:00+09:00,2.459502696990967,2.4641874640328547,2.452475546428136,2.459502696990967,78900,0.0,0.0
2012-08-16 00:00:00+09:00,2.4595026167626615,2.4641873836517334,2.452475466429054,2.4641873836517334,100900,0.0,0.0
2012-08-17 00:00:00+09:00,2.4641875431267675,2.468872310319024,2.457160392338383,2.4618451595306396,85000,0.0,0.0
2012-08-20 00:00:00+09:00,2.4641869862874346,2.471214135487874,2.4618446032206216,2.466529369354248,98100,0.0,0.0
2012-08-21 00:00:00+09:00,2.4688719112161213,2.4712142944335938,2.464187144781176,2.4712142944335938,70400,0.0,0.0
2012-08-22 00:00:00+09:00,2.471214293982897,2.478241443634033,2.468871910765851,2.478241443634033,101500,0.0,0.0
2012-08-23 00:00:00+09:00,2.4712142148103595,2.4805837473783607,2.4712142148103595,2.4758989810943604,96100,0.0,0.0
2012-08-24 00:00:00+09:00,2.4782416037861714,2.4829263705230074,2.4688720703125,2.4688720703125,156200,0.0,0.0
2012-08-27 00:00:00+09:00,2.4665297682337584,2.4688721516793746,2.457160234451294,2.457160234451294,218000,0.0,0.0
2012-08-28 00:00:00+09:00,2.4595026983572628,2.4618450818795075,2.4431060137015477,2.4524755477905273,821600,0.0,0.0
2012-08-29 00:00:00+09:00,53.74572962522507,53.79790994524956,53.328287065029144,53.432647705078125,550500,1000.0,0.0
2012-08-30 00:00:00+09:00,53.4326565572763,53.4326565572763,52.91085327058415,53.0673942565918,142400,0.0,0.0
2012-08-31 00:00:00+09:00,52.96303268492691,53.27611465153731,52.91085235715851,53.01521301269531,126600,0.0,0.0
2012-09-03 00:00:00+09:00,53.01521301269531,53.32829497930572,52.96303268492691,53.01521301269531,111400,0.0,0.0
2012-09-04 00:00:00+09:00,52.9630290095514,53.01520933369874,52.70212738881469,52.806488037109375,134600,0.0,0.0
2012-09-05 00:00:00+09:00,52.85867278571339,58.233246622760255,52.64995147165332,54.580623626708984,842800,0.0,0.0
2012-09-06 00:00:00+09:00,53.64137694591612,53.64137694591612,52.70213104608491,53.01521301269531,263400,0.0,0.0
2012-09-07 00:00:00+09:00,53.693555269822156,53.693555269822156,52.702129079222914,53.119571685791016,139200,0.0,0.0
2012-09-10 00:00:00+09:00,53.223934323768916,53.223934323768916,52.754311373853305,53.01521301269531,71700,0.0,0.0
2012-09-11 00:00:00+09:00,52.96303191595332,52.96303191595332,52.54558929986699,52.754310607910156,99000,0.0,0.0
2012-09-12 00:00:00+09:00,52.754311373853305,53.06739334046371,52.70213104608491,53.01521301269531,84500,0.0,0.0
2012-09-13 00:00:00+09:00,52.806490934920944,52.96303191595332,52.64994995388857,52.754310607910156,78000,0.0,0.0
2012-09-14 00:00:00+09:00,53.0673878055988,53.11956812792486,52.54558458233824,52.702125549316406,135400,0.0,0.0
2012-09-18 00:00:00+09:00,52.70213608226644,52.75431641502116,52.597775416757,52.64995574951172,57600,0.0,0.0
2012-09-19 00:00:00+09:00,52.59776503333514,52.70212567824255,52.441224065974026,52.493404388427734,98500,0.0,0.0
2012-09-20 00:00:00+09:00,52.49340451786856,52.59776516303331,52.23250290495669,52.28468322753906,95000,0.0,0.0
2012-09-21 00:00:00+09:00,52.284693420228685,52.75431641502116,52.284693420228685,52.64995574951172,116700,0.0,0.0
2012-09-24 00:00:00+09:00,52.75430954701802,53.06739150278667,52.75430954701802,52.910850524902344,101400,0.0,0.0
2012-09-25 00:00:00+09:00,52.9630290095514,52.9630290095514,51.91942252660457,52.806488037109375,217000,0.0,0.0
2012-09-26 00:00:00+09:00,52.180319697645345,52.7021228946218,52.128139377947704,52.33686065673828,235200,0.0,0.0
2012-09-27 00:00:00+09:00,52.232501610834056,52.96302610888768,52.232501610834056,52.858665466308594,133700,0.0,0.0
2012-09-28 00:00:00+09:00,52.91084417341238,52.91084417341238,52.28468033704064,52.33686065673828,84300,0.0,0.0
2012-10-01 00:00:00+09:00,52.33687027160462,52.441230930172125,52.12814895446961,52.23250961303711,157900,0.0,0.0
2012-10-02 00:00:00+09:00,52.389045579092844,52.64994720050267,52.28468493052892,52.5977668762207,157900,0.0,0.0
2012-10-03 00:00:00+09:00,52.44122234344482,52.49340266418457,52.180320739746094,52.180320739746094,78200,0.0,0.0
2012-10-04 00:00:00+09:00,52.18033201665992,52.38905334472656,52.12815168464326,52.38905334472656,79300,0.0,0.0
2012-10-05 00:00:00+09:00,52.49340161583122,52.545581935528865,52.23250001734299,52.33686065673828,50900,0.0,0.0
2012-10-09 00:00:00+09:00,52.49340451786856,52.49340451786856,52.23250290495669,52.28468322753906,90000,0.0,0.0
2012-10-10 00:00:00+09:00,52.28468138122558,52.28468138122558,52.12814041900635,52.180320739746094,116600,0.0,0.0
2012-10-11 00:00:00+09:00,52.180320739746094,52.23250106048584,52.12814041900635,52.180320739746094,101600,0.0,0.0
2012-10-12 00:00:00+09:00,52.18032363418106,52.3368646050836,52.128143310546875,52.128143310546875,84800,0.0,0.0
2012-10-15 00:00:00+09:00,52.180322582374316,52.28468322753906,52.12814225979194,52.28468322753906,67000,0.0,0.0
2012-10-16 00:00:00+09:00,52.33687027160462,52.389050600888375,52.18032928375336,52.23250961303711,61100,0.0,0.0
2012-10-17 00:00:00+09:00,52.389054085738124,52.70213608226644,52.284693420228685,52.64995574951172,72600,0.0,0.0
2012-10-18 00:00:00+09:00,52.70212738881469,52.806488037109375,52.59776674052001,52.806488037109375,57300,0.0,0.0
2012-10-19 00:00:00+09:00,52.754310607910156,52.91085158894253,52.70213028089936,52.754310607910156,46700,0.0,0.0
2012-10-22 00:00:00+09:00,52.75431347169738,55.31114963402495,52.64995281201054,54.00664138793945,236100,0.0,0.0
2012-10-23 00:00:00+09:00,53.69355820062238,53.69355820062238,52.85867294191494,53.0673942565918,93600,0.0,0.0
2012-10-24 00:00:00+09:00,52.75431075564917,52.91085173711994,52.44122879270763,52.545589447021484,98500,0.0,0.0
2012-10-25 00:00:00+09:00,52.54559293850302,52.963035583496094,52.49341260787889,52.963035583496094,73700,0.0,0.0
2012-10-26 00:00:00+09:00,52.96303191595332,52.96303191595332,52.54558929986699,52.754310607910156,73100,0.0,0.0
2012-10-29 00:00:00+09:00,52.96303435547711,53.380476990791216,52.85867369664859,53.32829666137695,161400,0.0,0.0
2012-10-30 00:00:00+09:00,53.32829420502886,53.380474532039656,52.754310607910156,52.754310607910156,49300,0.0,0.0
2012-10-31 00:00:00+09:00,52.806485145019046,53.01520643017723,52.70212450243996,52.858665466308594,76500,0.0,0.0
2012-11-01 00:00:00+09:00,53.11957458526101,53.17175491393023,52.85867294191494,53.0673942565918,52100,0.0,0.0
2012-11-02 00:00:00+09:00,53.22393600254843,53.43265732020548,53.1195753437199,53.32829666137695,71600,0.0,0.0
2012-11-05 00:00:00+09:00,53.22393233743304,53.276112663254054,52.96303070832798,53.119571685791016,47200,0.0,0.0
2012-11-06 00:00:00+09:00,53.0673942565918,53.32829589993787,52.85867294191494,53.0673942565918,58100,0.0,0.0
2012-11-07 00:00:00+09:00,53.32829100664924,53.32829100664924,53.11956971112419,53.22393035888672,77900,0.0,0.0
2012-11-08 00:00:00+09:00,53.119572602965526,53.27611358313144,53.119572602965526,53.1717529296875,47100,0.0,0.0
2012-11-09 00:00:00+09:00,53.1195765753685,53.22393723661676,52.85867492224782,52.963035583496094,43100,0.0,0.0
2012-11-12 00:00:00+09:00,52.96303085086379,53.01521117682523,52.80648987297946,52.910850524902344,55500,0.0,0.0
2012-11-13 00:00:00+09:00,52.96302873948041,53.22393035888672,52.96302873948041,53.22393035888672,77200,0.0,0.0
2012-11-14 00:00:00+09:00,53.32829390985341,53.43265456329735,53.119572602965526,53.1717529296875,70700,0.0,0.0
2012-11-15 00:00:00+09:00,53.17176038382224,53.3804817199707,53.067399715748,53.3804817199707,79000,0.0,0.0
2012-11-16 00:00:00+09:00,53.380467385053635,53.432647705078125,53.17174610495567,53.432647705078125,80400,0.0,0.0
2012-11-19 00:00:00+09:00,53.484829745246365,53.85009199716512,53.43264942354369,53.745731353759766,117900,0.0,0.0
2012-11-20 00:00:00+09:00,53.79792006856577,54.21536270731313,53.74573973872236,54.00664138793945,108600,0.0,0.0
2012-11-21 00:00:00+09:00,54.26753708310819,54.47625837958168,54.16317643487144,54.31971740722656,106000,0.0,0.0
2012-11-22 00:00:00+09:00,54.31971451508564,54.42407515776592,54.16317355106522,54.37189483642578,50600,0.0,0.0
2012-11-26 00:00:00+09:00,54.424079895019524,54.63280119854789,54.26753891737326,54.42407989501953,84700,0.0,0.0
2012-11-27 00:00:00+09:00,54.424082641163935,54.632803955224006,54.11100067007382,54.580623626708984,97500,0.0,0.0
2012-11-28 00:00:00+09:00,54.58062256121203,54.841524198693925,54.47626190621928,54.73716354370117,124300,0.0,0.0
2012-11-29 00:00:00+09:00,54.73715683710007,54.94587812151228,54.68497651599703,54.789337158203125,90000,0.0,0.0
2012-11-30 00:00:00+09:00,54.9458761505301,54.99805646976137,54.68497455437374,54.89369583129883,74400,0.0,0.0
2012-12-03 00:00:00+09:00,54.94588010001729,54.94588010001729,54.68497848510742,54.68497848510742,62500,0.0,0.0
2012-12-04 00:00:00+09:00,54.8415261881627,54.8415261881627,54.424083553048234,54.63280487060547,94800,0.0,0.0
2012-12-05 00:00:00+09:00,54.789343871197545,54.841524198693925,54.58062256121203,54.73716354370117,77600,0.0,0.0
2012-12-06 00:00:00+09:00,54.841529846191406,54.89371017906124,54.68498884758191,54.841529846191406,94800,0.0,0.0
2012-12-07 00:00:00+09:00,54.893699777035316,54.893699777035316,54.68497848510742,54.68497848510742,60000,0.0,0.0
2012-12-10 00:00:00+09:00,54.99806042299926,54.99806042299926,54.68497848510742,54.68497848510742,77900,0.0,0.0
2012-12-11 00:00:00+09:00,54.789336355108965,54.84151667544716,54.52843475341797,54.52843475341797,60900,0.0,0.0
2012-12-12 00:00:00+09:00,54.789344940769055,54.789344940769055,54.47626296967895,54.580623626708984,79000,0.0,0.0
2012-12-13 00:00:00+09:00,54.7371589397562,54.7371589397562,54.47625732421875,54.47625732421875,86000,0.0,0.0
2012-12-14 00:00:00+09:00,54.424079895019524,54.73716185031206,54.37189956913744,54.42407989501953,146900,0.0,0.0
2012-12-17 00:00:00+09:00,54.789343871197545,54.893704526190305,54.68498321620479,54.73716354370117,132000,0.0,0.0
2012-12-18 00:00:00+09:00,54.841529846191406,54.94589051193107,54.789349513321575,54.841529846191406,92300,0.0,0.0
2012-12-19 00:00:00+09:00,54.945891250263564,55.10243225097656,54.84153058312156,55.10243225097656,199700,0.0,0.0
2012-12-20 00:00:00+09:00,55.154612584547564,55.25897325168957,55.05025191740556,55.10243225097656,225500,0.0,0.0
2012-12-21 00:00:00+09:00,55.10242752147512,55.20678817965973,54.8937062051059,55.05024719238281,151600,0.0,0.0
2012-12-25 00:00:00+09:00,55.050237715414106,55.1545983556329,54.94587707519531,54.94587707519531,121400,0.0,0.0
2012-12-26 00:00:00+09:00,55.102421727175965,55.20678237438653,54.9980610799654,55.15460205078125,102700,0.0,0.0
2012-12-27 00:00:00+09:00,55.154612584547564,55.25897325168957,54.945891250263564,55.10243225097656,157400,0.0,0.0
2012-12-28 00:00:00+09:00,55.15460297020262,55.311143943627975,55.05024232125238,55.206783294677734,117200,0.0,0.0
2013-01-04 00:00:00+09:00,55.676410829359256,55.7807714869588,55.311148527760835,55.467689514160156,214900,0.0,0.0
2013-01-07 00:00:00+09:00,55.83295531856134,55.937315982708185,55.72859465441449,55.885135650634766,201000,0.0,0.0
2013-01-08 00:00:00+09:00,55.98948774961668,56.041668073707655,55.83294677734375,55.83294677734375,168200,0.0,0.0
2013-01-09 00:00:00+09:00,56.04167664685503,56.04167664685503,55.72859465441449,55.885135650634766,155100,0.0,0.0
2013-01-10 00:00:00+09:00,55.937320709228516,56.041681382193495,55.88514037274602,55.937320709228516,124700,0.0,0.0
2013-01-11 00:00:00+09:00,55.93730637122845,56.093847340550916,55.93730637122845,55.98948669433594,195200,0.0,0.0
2013-01-15 00:00:00+09:00,56.09386171867598,56.14604205515847,55.832960036263536,55.937320709228516,197200,0.0,0.0
2013-01-16 00:00:00+09:00,55.83295531856134,56.04167664685503,55.83295531856134,55.885135650634766,257100,0.0,0.0
2013-01-17 00:00:00+09:00,55.93730637122845,56.093847340550916,55.832945725013474,55.98948669433594,187300,0.0,0.0
2013-01-18 00:00:00+09:00,56.04166793823242,56.14602858616209,55.937307290302755,56.04166793823242,186300,0.0,0.0
2013-01-21 00:00:00+09:00,56.14603332519531,56.19821365356445,55.93731201171875,56.09385299682617,169000,0.0,0.0
2013-01-22 00:00:00+09:00,56.14603332519531,56.35475463867188,55.93731201171875,56.09385299682617,283400,0.0,0.0
2013-01-23 00:00:00+09:00,56.30257689710465,56.615658881703936,56.19821623557156,56.4591178894043,330700,0.0,0.0
2013-01-24 00:00:00+09:00,56.45911499051616,56.511295318603516,56.14603302199204,56.511295318603516,210300,0.0,0.0
2013-01-25 00:00:00+09:00,56.61564912866144,56.77219009399414,56.56346880688387,56.77219009399414,193800,0.0,0.0
2013-01-28 00:00:00+09:00,56.876556396484375,57.03309737739213,56.824376069515125,56.876556396484375,247000,0.0,0.0
2013-01-29 00:00:00+09:00,57.29400743458369,57.34618776922356,57.13746643066406,57.13746643066406,303900,0.0,0.0
2013-01-30 00:00:00+09:00,57.24182891845703,57.346189591052216,57.13746824586185,57.24182891845703,267300,0.0,0.0
2013-01-31 00:00:00+09:00,57.24181853787773,57.29399886471262,56.92873657686837,57.08527755737305,273800,0.0,0.0
2013-02-01 00:00:00+09:00,57.24182891845703,57.60709127254017,57.03310757326667,57.24182891845703,459100,0.0,0.0
2013-02-04 00:00:00+09:00,57.39835382817866,57.39835382817866,56.98091125488281,56.98091125488281,319800,0.0,0.0
2013-02-05 00:00:00+09:00,57.13745895161966,57.24181960723905,56.92873764038086,56.92873764038086,249700,0.0,0.0
2013-02-06 00:00:00+09:00,57.08527770436138,57.13745803133063,56.824376069515125,56.876556396484375,360300,0.0,0.0
2013-02-07 00:00:00+09:00,57.033098296000254,57.033098296000254,56.824376984761464,56.92873764038086,225700,0.0,0.0
2013-02-08 00:00:00+09:00,56.92873764038086,57.033098296000254,56.824376984761464,56.92873764038086,200000,0.0,0.0
2013-02-12 00:00:00+09:00,57.085278623809955,57.13745895161966,56.876557312571165,56.92873764038086,261100,0.0,0.0
2013-02-13 00:00:00+09:00,56.980921033996246,56.980921033996246,56.40693739720691,56.66783905029297,357100,0.0,0.0
2013-02-14 00:00:00+09:00,56.615649382273354,56.66782970428467,56.25038712819417,56.3547477722168,306200,0.0,0.0
2013-02-15 00:00:00+09:00,56.30256597007193,56.35474629071148,55.20677923664143,55.62422180175781,387400,0.0,0.0
2013-02-18 00:00:00+09:00,55.67640840464869,56.198211669921875,55.67640840464869,56.198211669921875,243600,0.0,0.0
2013-02-19 00:00:00+09:00,56.19820904598058,56.19820904598058,55.728586129161805,55.83294677734375,333200,0.0,0.0
2013-02-20 00:00:00+09:00,55.832945725013474,56.04166701744343,55.728585078798496,55.98948669433594,322300,0.0,0.0
2013-02-21 00:00:00+09:00,56.04167005988989,56.093850385830194,55.57204712642712,55.72858810424805,452300,0.0,0.0
2013-02-22 00:00:00+09:00,55.78076949500142,55.78076949500142,55.363326879510296,55.57204818725586,475800,0.0,0.0
2013-02-25 00:00:00+09:00,55.5198680075916,55.780769642965616,55.36332702636719,55.36332702636719,1423500,0.0,0.0
2013-02-26 00:00:00+09:00,944.8071691498502,954.790722330108,940.2691904315512,951.1603393554688,855100,1000.0,0.0
2013-02-27 00:00:00+09:00,950.2529652672356,960.2365207762515,948.4377733565054,957.5137329101562,371400,0.0,0.0
2013-02-28 00:00:00+09:00,961.1439849911205,962.0515808220848,954.7908141743709,960.2363891601562,273700,0.0,0.0
2013-03-01 00:00:00+09:00,957.5136016672636,960.2363891601562,954.7908141743709,960.2363891601562,182400,0.0,0.0
2013-03-04 00:00:00+09:00,959.3289248208864,961.1441167316165,956.6061369547912,957.5137329101562,279200,0.0,0.0
2013-03-05 00:00:00+09:00,958.4210321114543,959.3286277858024,952.9754580653666,954.7906494140625,281600,0.0,0.0
2013-03-06 00:00:00+09:00,957.513613908974,957.513613908974,952.9756346961352,956.6060180664062,169700,0.0,0.0
2013-03-07 00:00:00+09:00,957.5137076463099,965.6820710290746,955.6985157834732,964.7744750976562,307700,0.0,0.0
2013-03-08 00:00:00+09:00,960.2365080605598,964.7744877772922,957.5137202305204,961.1441040039062,297900,0.0,0.0
2013-03-11 00:00:00+09:00,963.8666873094512,968.4046660632622,962.0514958079268,967.4970703125,238500,0.0,0.0
2013-03-12 00:00:00+09:00,968.4046660632622,971.1274533155488,966.5894745617378,967.4970703125,209600,0.0,0.0
2013-03-13 00:00:00+09:00,967.4971558078702,967.4971558078702,958.4211974982278,960.2363891601562,181700,0.0,0.0
2013-03-14 00:00:00+09:00,962.9592832348197,967.4972628919112,960.2364954405648,964.7744750976562,142400,0.0,0.0
2013-03-15 00:00:00+09:00,965.6821639786906,972.9429321289062,964.7745679599136,972.9429321289062,269000,0.0,0.0
2013-03-18 00:00:00+09:00,974.7579924827398,979.295971963572,971.1276088980742,975.6655883789062,296000,0.0,0.0
2013-03-19 00:00:00+09:00,978.3882995605468,982.0186828613281,974.7579162597656,980.2034912109375,210900,0.0,0.0
2013-03-21 00:00:00+09:00,980.2035664597602,993.8175048828125,980.2035664597602,993.8175048828125,289800,0.0,0.0
2013-03-22 00:00:00+09:00,993.8174623431581,996.5402499112216,987.4642913510102,988.3718872070312,238600,0.0,0.0
2013-03-25 00:00:00+09:00,996.5401762101155,996.5401762101155,988.3718141100326,992.002197265625,213700,0.0,0.0
2013-03-26 00:00:00+09:00,995.6326842095442,997.4478759765625,989.2795130249801,997.4478759765625,265300,0.0,0.0
2013-03-27 00:00:00+09:00,997.4480266106676,1006.5239868164062,994.7252385489461,1006.5239868164062,355100,0.0,0.0
2013-03-28 00:00:00+09:00,1005.6159085736365,1006.5235041589918,1000.1703350615049,1004.7083129882812,231400,0.0,0.0
2013-03-29 00:00:00+09:00,1005.6160948272209,1007.4312863341291,1001.0781160599499,1003.8009033203125,237800,0.0,0.0
2013-04-01 00:00:00+09:00,1002.8932922933703,1003.8008880330024,971.12744140625,971.12744140625,244300,0.0,0.0
2013-04-02 00:00:00+09:00,975.6654633022152,983.8338253205593,917.5793333939903,976.5730590820312,355100,0.0,0.0
2013-04-03 00:00:00+09:00,975.6653269609845,984.7412834908541,971.1273486960497,981.1109008789062,189300,0.0,0.0
2013-04-04 00:00:00+09:00,979.2959522105259,999.2630615234375,964.7744181647721,999.2630615234375,234300,0.0,0.0
2013-04-05 00:00:00+09:00,1001.9858977304864,1008.3390691834877,998.355514043057,1002.8934936523438,300100,0.0,0.0
2013-04-08 00:00:00+09:00,1005.6160770114377,1010.1540556983125,993.8173324255634,1009.2464599609375,207400,0.0,0.0
2013-04-09 00:00:00+09:00,1007.4312953309156,1008.338891092475,999.2629334768812,1001.078125,151400,0.0,0.0
2013-04-10 00:00:00+09:00,1001.0782595105992,1003.8010471611267,991.0947047919984,997.4478759765625,194300,0.0,0.0
2013-04-11 00:00:00+09:00,1001.0781551546061,1004.7085383101984,989.2794098989307,992.002197265625,320100,0.0,0.0
2013-04-12 00:00:00+09:00,992.0021942529208,996.5401731836295,988.3718111083539,992.9097900390625,209900,0.0,0.0
2013-04-15 00:00:00+09:00,986.5567161712369,1007.4314212972153,984.7415244211518,1000.170654296875,286300,0.0,0.0
2013-04-16 00:00:00+09:00,998.3556005013673,1007.4315605059252,989.2796404968094,995.6328125,299000,0.0,0.0
2013-04-17 00:00:00+09:00,1003.8011987546846,1006.5239868164062,1000.1708146723893,1006.5239868164062,222300,0.0,0.0
2013-04-18 00:00:00+09:00,1005.6162357954545,1005.6162357954545,996.5402769886364,998.35546875,255400,0.0,0.0
2013-04-19 00:00:00+09:00,1001.9858522727272,1001.9858522727272,996.5402769886364,998.35546875,144300,0.0,0.0
2013-04-22 00:00:00+09:00,1004.7087818567322,1010.1543579101562,1003.8011858478283,1010.1543579101562,216300,0.0,0.0
2013-04-23 00:00:00+09:00,1010.1542591145834,1022.8606019965277,1009.2466631944444,1021.04541015625,275500,0.0,0.0
2013-04-24 00:00:00+09:00,1020.1376801753488,1025.5832549805552,1019.2300843744811,1024.6756591796875,226700,0.0,0.0
2013-04-25 00:00:00+09:00,1025.5832309102216,1036.4743802650203,1022.8604435715217,1031.9364013671875,243600,0.0,0.0
2013-04-26 00:00:00+09:00,1036.4741322495606,1041.9197056239016,1030.1209633128294,1032.84375,199600,0.0,0.0
2013-04-30 00:00:00+09:00,1037.3822247142523,1041.920204699879,1030.1214567372497,1031.029052734375,203400,0.0,0.0
2013-05-01 00:00:00+09:00,1031.9364013671875,1038.2895718241534,1025.5832309102216,1031.9364013671875,142400,0.0,0.0
2013-05-02 00:00:00+09:00,1032.844012257067,1033.7516080499117,1023.7680543286219,1027.3984375,230100,0.0,0.0
2013-05-07 00:00:00+09:00,1035.5666360106145,1041.9198055566917,1034.6590403611747,1040.1046142578125,246800,0.0,0.0
2013-05-08 00:00:00+09:00,1042.827727191915,1054.6264743228942,1041.0125353256108,1051.9036865234375,303000,0.0,0.0
2013-05-09 00:00:00+09:00,1057.349136352539,1071.870669555664,1052.8111572265625,1052.8111572265625,237000,0.0,0.0
2013-05-10 00:00:00+09:00,1061.8871154785156,1069.147882080078,1052.8111572265625,1052.8111572265625,187400,0.0,0.0
2013-05-13 00:00:00+09:00,1058.2566154097851,1060.979402584939,1048.2730624342212,1050.995849609375,218100,0.0,0.0
2013-05-14 00:00:00+09:00,1050.9960905902853,1057.3492621223509,1050.9960905902853,1051.9036865234375,142500,0.0,0.0
2013-05-15 00:00:00+09:00,1059.164229075114,1059.164229075114,1045.55029296875,1045.55029296875,199000,0.0,0.0
2013-05-16 00:00:00+09:00,1046.4579399478594,1048.2731315175868,1023.7680453262666,1030.1212158203125,284600,0.0,0.0
2013-05-17 00:00:00+09:00,1033.7515424863925,1050.9958614567538,1032.8439467511103,1047.365478515625,178900,0.0,0.0
2013-05-20 00:00:00+09:00,1050.995873386549,1054.6262563688858,1042.827511676291,1043.735107421875,172100,0.0,0.0
2013-05-21 00:00:00+09:00,1047.3656190878837,1050.0884066591696,1041.9200439453125,1041.9200439453125,125700,0.0,0.0
2013-05-22 00:00:00+09:00,1040.1047513060773,1041.0123470751055,1035.5667724609375,1035.5667724609375,169800,0.0,0.0
2013-05-23 00:00:00+09:00,1041.9200073242187,1041.9200073242187,1016.50732421875,1016.50732421875,368200,0.0,0.0
2013-05-24 00:00:00+09:00,1015.5999470221448,1024.6759072278833,991.0948544666506,1006.5239868164062,412600,0.0,0.0
2013-05-27 00:00:00+09:00,1003.8010105094595,1004.7086063598297,983.8339018013147,990.1870727539062,238900,0.0,0.0
2013-05-28 00:00:00+09:00,984.741455078125,998.3553922451038,981.1110718335974,984.741455078125,200900,0.0,0.0
2013-05-29 00:00:00+09:00,993.8173738073131,1004.7085231093109,987.4642033811475,996.5401611328125,164100,0.0,0.0
2013-05-30 00:00:00+09:00,996.5401418763333,999.2629291492195,980.2034182390164,983.8338012695312,227500,0.0,0.0
2013-05-31 00:00:00+09:00,991.0946318819252,996.5402067823753,982.0186737145083,982.92626953125,184200,0.0,0.0
2013-06-03 00:00:00+09:00,982.0186889874914,992.0022431269206,977.4807098332053,978.3883056640625,263000,0.0,0.0
2013-06-04 00:00:00+09:00,978.388226723759,986.5565885424174,973.8502479356154,983.8338012695312,226400,0.0,0.0
2013-06-05 00:00:00+09:00,993.8174592464342,1011.0617804571028,989.2794799804688,989.2794799804688,267500,0.0,0.0
2013-06-06 00:00:00+09:00,986.5564747968281,997.4476226326716,979.2957095729323,981.1109008789062,276800,0.0,0.0
2013-06-07 00:00:00+09:00,972.0350143735773,975.6653972470547,955.6982914429288,959.3286743164062,362700,0.0,0.0
2013-06-10 00:00:00+09:00,977.4808066352297,986.5567658426135,969.3124433485843,985.649169921875,238300,0.0,0.0
2013-06-11 00:00:00+09:00,989.2795536048285,1003.8010883366426,984.7415740011367,985.649169921875,201700,0.0,0.0
2013-06-12 00:00:00+09:00,984.7416604945305,998.3556005013673,980.2036804922516,995.6328125,143300,0.0,0.0
2013-06-13 00:00:00+09:00,996.5403209707356,996.5403209707356,984.7415740011367,985.649169921875,167000,0.0,0.0
2013-06-14 00:00:00+09:00,999.263037479285,1004.708612615412,985.6490996389679,988.3718872070312,288200,0.0,0.0
2013-06-17 00:00:00+09:00,989.2794554135454,1014.692138671875,989.2794554135454,1014.692138671875,181900,0.0,0.0
2013-06-18 00:00:00+09:00,1016.5073303331842,1025.5832886397304,1013.7845428412204,1014.692138671875,138600,0.0,0.0
2013-06-19 00:00:00+09:00,1023.7681979166667,1023.7681979166667,1011.9694509548611,1021.04541015625,125600,0.0,0.0
2013-06-20 00:00:00+09:00,1016.50732421875,1021.0453033447266,1011.0617492675781,1016.50732421875,90200,0.0,0.0
2013-06-21 00:00:00+09:00,1011.969317967539,1027.3984465822907,1008.3389347640681,1024.6756591796875,178200,0.0,0.0
2013-06-24 00:00:00+09:00,1029.213620035449,1034.6591947446311,1028.306024250585,1030.1212158203125,132400,0.0,0.0
2013-06-25 00:00:00+09:00,1033.7514561855228,1038.2894344830888,1026.4906909094175,1036.4742431640625,200500,0.0,0.0
2013-06-26 00:00:00+09:00,1039.197309445112,1041.0125012520032,1025.5833708934294,1026.490966796875,147300,0.0,0.0
2013-06-27 00:00:00+09:00,1026.4906909094175,1036.4742431640625,1023.7679039308778,1036.4742431640625,138300,0.0,0.0
2013-06-28 00:00:00+09:00,1039.1973434593062,1051.9036865234375,1037.3821515930017,1051.9036865234375,231100,0.0,0.0
2013-07-01 00:00:00+09:00,1052.811011745505,1061.8869687433112,1050.0882246461633,1060.07177734375,200900,0.0,0.0
2013-07-02 00:00:00+09:00,1061.8871124031007,1061.8871124031007,1045.550387596899,1053.71875,284800,0.0,0.0
2013-07-03 00:00:00+09:00,1054.6262177642009,1057.3490049012858,1050.9958349147544,1055.5338134765625,114600,0.0,0.0
2013-07-04 00:00:00+09:00,1055.5337988448468,1060.9793730435306,1050.995820345944,1060.07177734375,132100,0.0,0.0
2013-07-05 00:00:00+09:00,1061.8869512450756,1066.4249296691999,1054.6261857664767,1065.517333984375,177500,0.0,0.0
2013-07-08 00:00:00+09:00,1046.4578946586278,1069.1477882982338,1036.474341457201,1043.735107421875,476700,0.0,0.0
2013-07-09 00:00:00+09:00,1048.2730861497962,1050.0882776409646,1040.1047244395381,1043.735107421875,229400,0.0,0.0
2013-07-10 00:00:00+09:00,1044.642831516598,1048.2732149449791,1037.3820646598365,1041.9200439453125,190600,0.0,0.0
2013-07-11 00:00:00+09:00,1041.919910007053,1046.4578887091743,1036.4743355645073,1045.55029296875,286500,0.0,0.0
2013-07-12 00:00:00+09:00,1043.734982488054,1047.3653650358383,1040.1045999402693,1044.642578125,176300,0.0,0.0
2013-07-16 00:00:00+09:00,1048.2730861497962,1050.0882776409646,1043.735107421875,1043.735107421875,139700,0.0,0.0
2013-07-17 00:00:00+09:00,1047.365478515625,1050.0882657214715,1042.8274998392142,1047.365478515625,162800,0.0,0.0
2013-07-18 00:00:00+09:00,1049.1806611083352,1050.99585256354,1045.5502781979258,1050.0882568359375,118700,0.0,0.0
2013-07-19 00:00:00+09:00,1051.9035767130006,1055.5339600666262,1046.458001682562,1048.273193359375,192700,0.0,0.0
2013-07-22 00:00:00+09:00,1057.3492621223509,1057.3492621223509,1049.1808987239808,1051.9036865234375,124200,0.0,0.0
2013-07-23 00:00:00+09:00,1052.8108989404507,1058.25647255566,1050.9957077353808,1057.348876953125,147400,0.0,0.0
2013-07-24 00:00:00+09:00,1058.25670176449,1064.6098723582732,1056.441510166266,1061.8870849609375,181700,0.0,0.0
2013-07-25 00:00:00+09:00,1062.7945762188574,1065.5173633483678,1052.811023410653,1056.44140625,158000,0.0,0.0
2013-07-26 00:00:00+09:00,1056.4415405273437,1060.071923828125,1052.8111572265625,1052.8111572265625,176100,0.0,0.0
2013-07-29 00:00:00+09:00,1052.811052927318,1054.6262443978824,1047.365478515625,1047.365478515625,181200,0.0,0.0
2013-07-30 00:00:00+09:00,1047.3654667091698,1052.8110410594775,1043.7350838089649,1050.995849609375,202600,0.0,0.0
2013-07-31 00:00:00+09:00,1051.9034482911422,1055.5338312015517,1047.3654696531305,1050.0882568359375,109500,0.0,0.0
2013-08-01 00:00:00+09:00,1050.9958319909795,1057.3490019598366,1048.273044861469,1056.44140625,162000,0.0,0.0
2013-08-02 00:00:00+09:00,1060.9794891618255,1061.8870849609375,1052.8111269698184,1061.8870849609375,211900,0.0,0.0
2013-08-05 00:00:00+09:00,1062.7947998046875,1064.6099916062326,1059.1644162015973,1062.7947998046875,146100,0.0,0.0
2013-08-06 00:00:00+09:00,1061.8871883470185,1067.332763671875,1058.2568047971142,1067.332763671875,198300,0.0,0.0
2013-08-07 00:00:00+09:00,1062.7947998046875,1069.1479711100956,1061.887203903915,1062.7947998046875,212000,0.0,0.0
2013-08-08 00:00:00+09:00,1062.7945762188574,1066.4249590582044,1054.6262148303265,1056.44140625,228000,0.0,0.0
2013-08-09 00:00:00+09:00,1056.4415344133229,1063.7023009728648,1052.8111511335521,1054.6263427734375,193200,0.0,0.0
2013-08-12 00:00:00+09:00,1055.5339234130652,1061.887094061295,1053.718731799285,1059.164306640625,163400,0.0,0.0
2013-08-13 00:00:00+09:00,1060.979465141361,1069.1478271484375,1060.071869362797,1069.1478271484375,188300,0.0,0.0
2013-08-14 00:00:00+09:00,1070.0552920633004,1073.6856747335746,1064.6097180578893,1071.8704833984375,241700,0.0,0.0
2013-08-15 00:00:00+09:00,1070.0557994306848,1072.7785877244016,1066.4254150390625,1066.4254150390625,233800,0.0,0.0
2013-08-16 00:00:00+09:00,1066.4249296691999,1070.0553124084993,1064.6097382995501,1065.517333984375,150300,0.0,0.0
2013-08-19 00:00:00+09:00,1068.2403595593512,1070.9631472217793,1065.5175718969228,1067.332763671875,176700,0.0,0.0
2013-08-20 00:00:00+09:00,1065.5174590726235,1070.0554380294916,1064.60986328125,1064.60986328125,197200,0.0,0.0
2013-08-21 00:00:00+09:00,1067.3325399981288,1067.3325399981288,1059.1641787226329,1060.9793701171875,262800,0.0,0.0
2013-08-22 00:00:00+09:00,1060.9798384516291,1066.4254150390625,1059.1646462558178,1066.4254150390625,179800,0.0,0.0
2013-08-23 00:00:00+09:00,1066.4255234424697,1070.9635043932888,1064.6103310621422,1070.055908203125,250900,0.0,0.0
2013-08-26 00:00:00+09:00,1069.1479554468272,1070.9631472217793,1067.332763671875,1067.332763671875,442500,0.0,0.0
2013-08-27 00:00:00+09:00,1063.70239570546,1067.3327793085505,1061.887203903915,1062.7947998046875,1097500,0.0,0.0
2013-08-28 00:00:00+09:00,1043.5712163940111,1059.1332433051498,1035.3324962645847,1051.8099365234375,665100,10.0,100.0
2013-08-29 00:00:00+09:00,1051.8098224281018,1056.3868886701737,1043.5711031923724,1050.8944091796875,290700,0.0,0.0
2013-08-30 00:00:00+09:00,1050.8945550159015,1051.809968391351,1030.755460756015,1034.4171142578125,267100,0.0,0.0
2013-09-02 00:00:00+09:00,1032.586303381907,1032.586303381907,1012.4472088124018,1018.8551025390625,244700,0.0,0.0
2013-09-03 00:00:00+09:00,1020.6856063340034,1028.0089111328125,1016.1085408347478,1028.0089111328125,193100,0.0,0.0
2013-09-04 00:00:00+09:00,1029.839839149629,1044.4864501953125,1027.0935995785633,1044.4864501953125,218000,0.0,0.0
2013-09-05 00:00:00+09:00,1049.9788778460068,1049.9788778460068,1033.5014412276737,1036.2476806640625,173300,0.0,0.0
2013-09-06 00:00:00+09:00,1037.163200042025,1041.7402662381503,1026.1782411713239,1038.07861328125,212800,0.0,0.0
2013-09-09 00:00:00+09:00,1048.1480320142664,1052.72509765625,1040.8247269870924,1052.72509765625,262200,0.0,0.0
2013-09-10 00:00:00+09:00,1052.725121282762,1054.5559475806451,1039.9093371975807,1049.9788818359375,220600,0.0,0.0
2013-09-11 00:00:00+09:00,1044.4865300644824,1047.232769845546,1031.6707444195195,1035.3323974609375,151700,0.0,0.0
2013-09-12 00:00:00+09:00,1035.3321845148555,1037.163010659002,1029.839706082416,1031.6705322265625,119600,0.0,0.0
2013-09-13 00:00:00+09:00,1034.4169682690451,1040.8248609928357,1031.6707285302778,1037.1632080078125,195400,0.0,0.0
2013-09-17 00:00:00+09:00,1038.993896484375,1045.4017883569659,1037.1630702350633,1038.993896484375,134800,0.0,0.0
2013-09-18 00:00:00+09:00,1043.5711992290658,1043.5711992290658,1036.2478925678092,1039.9095458984375,120900,0.0,0.0
2013-09-19 00:00:00+09:00,1042.6555766444053,1051.8097081338205,1039.9093371975807,1049.9788818359375,196100,0.0,0.0
2013-09-20 00:00:00+09:00,1051.809668858846,1057.302147547404,1047.2326032850478,1054.555908203125,191200,0.0,0.0
2013-09-24 00:00:00+09:00,1054.5559985942907,1061.8793041400843,1052.7251722078422,1058.2176513671875,219500,0.0,0.0
2013-09-25 00:00:00+09:00,1059.132926769619,1061.879165992012,1053.6404483248327,1060.04833984375,148000,0.0,0.0
2013-09-26 00:00:00+09:00,1055.4713134765625,1057.3021396924803,1045.401769289015,1055.4713134765625,157600,0.0,0.0
2013-09-27 00:00:00+09:00,1052.7249678438586,1056.3866199059241,1049.9787287973093,1053.640380859375,103200,0.0,0.0
2013-09-30 00:00:00+09:00,1048.1480320142664,1055.4713370414402,1045.4017926290762,1052.72509765625,101200,0.0,0.0
2013-10-01 00:00:00+09:00,1048.147881211212,1050.8941202012852,1041.739990234375,1041.739990234375,175500,0.0,0.0
2013-10-02 00:00:00+09:00,1037.1633543841606,1038.9941811350595,1030.755460756015,1034.4171142578125,166600,0.0,0.0
2013-10-03 00:00:00+09:00,1034.4168780101306,1037.1631175092725,1030.755225344608,1033.50146484375,138700,0.0,0.0
2013-10-04 00:00:00+09:00,1034.4169496808734,1034.4169496808734,1025.2628173828125,1025.2628173828125,191400,0.0,0.0
2013-10-07 00:00:00+09:00,1020.6859372329363,1020.6859372329363,1003.2930826971285,1004.20849609375,376900,0.0,0.0
2013-10-08 00:00:00+09:00,1001.4620679382884,1001.4620679382884,987.7308695661912,997.8004150390625,234300,0.0,0.0
2013-10-09 00:00:00+09:00,995.9696703767123,1006.0392166764768,993.2234304767766,1002.3775634765625,132100,0.0,0.0
2013-10-10 00:00:00+09:00,1004.2082419645507,1017.0240262740344,1004.2082419645507,1012.4469604492188,106000,0.0,0.0
2013-10-11 00:00:00+09:00,1025.262754183289,1041.740191304092,1022.5165146631551,1032.5860595703125,249500,0.0,0.0
2013-10-15 00:00:00+09:00,1033.5018073400431,1033.5018073400431,1022.516845703125,1022.516845703125,146800,0.0,0.0
2013-10-16 00:00:00+09:00,1023.4322591728683,1030.7555669308135,1020.6860187636387,1022.516845703125,129000,0.0,0.0
2013-10-17 00:00:00+09:00,1028.924552517361,1033.501619032118,1023.4320726996527,1029.8399658203125,104500,0.0,0.0
2013-10-18 00:00:00+09:00,1029.839883531843,1033.5015364510673,1025.2628173828125,1025.2628173828125,98400,0.0,0.0
2013-10-21 00:00:00+09:00,1026.1782306126186,1031.6707099914552,1024.3474041530064,1025.2628173828125,112600,0.0,0.0
2013-10-22 00:00:00+09:00,1027.0937259114583,1036.2478589409723,1027.0937259114583,1029.8399658203125,85800,0.0,0.0
2013-10-23 00:00:00+09:00,1028.0086975370377,1036.2474137238885,1024.3470458984375,1024.3470458984375,117100,0.0,0.0
2013-10-24 00:00:00+09:00,1023.4319278365331,1034.4168859170684,1021.6011014897772,1032.5860595703125,136300,0.0,0.0
2013-10-25 00:00:00+09:00,1032.5860320060483,1032.5860320060483,1021.60107421875,1021.60107421875,107000,0.0,0.0
2013-10-28 00:00:00+09:00,1025.262671833259,1030.7551504323658,1021.6010194338546,1028.0089111328125,95400,0.0,0.0
2013-10-29 00:00:00+09:00,1026.178312608507,1031.6707924262153,1023.4320726996527,1029.8399658203125,91800,0.0,0.0
2013-10-30 00:00:00+09:00,1030.7551191544892,1034.4167714427822,1028.0088799382695,1031.6705322265625,134400,0.0,0.0
2013-10-31 00:00:00+09:00,1033.5013583707089,1036.2475975869288,1028.9242930103426,1031.6705322265625,98800,0.0,0.0
2013-11-01 00:00:00+09:00,1034.4169496808734,1034.4169496808734,1022.5165776933943,1025.2628173828125,89300,0.0,0.0
2013-11-05 00:00:00+09:00,1032.5860595703125,1041.740191304092,1029.8398200501786,1032.5860595703125,174000,0.0,0.0
2013-11-06 00:00:00+09:00,1029.8399178988104,1038.9940505023555,1028.924504638456,1035.3323974609375,98400,0.0,0.0
2013-11-07 00:00:00+09:00,1042.6555489829984,1045.4017883569659,1038.0784833597193,1038.993896484375,134700,0.0,0.0
2013-11-08 00:00:00+09:00,1034.4168543731366,1043.5709858277662,1032.5860280822108,1036.2476806640625,81000,0.0,0.0
2013-11-11 00:00:00+09:00,1043.5711669921875,1045.4019936009456,1036.2478605571546,1043.5711669921875,97400,0.0,0.0
2013-11-12 00:00:00+09:00,1043.571256624235,1049.0637369222575,1039.9096030922203,1047.23291015625,129700,0.0,0.0
2013-11-13 00:00:00+09:00,1048.1481140929382,1059.1330724939123,1047.232700892857,1057.30224609375,190400,0.0,0.0
2013-11-14 00:00:00+09:00,1057.3022066313645,1064.6255119586813,1054.5559671336207,1061.8792724609375,171300,0.0,0.0
2013-11-15 00:00:00+09:00,1061.8793785633604,1066.4564448502715,1057.3023122764496,1063.710205078125,159200,0.0,0.0
2013-11-18 00:00:00+09:00,1065.5409172117247,1067.371743529958,1058.217611938792,1062.794677734375,135600,0.0,0.0
2013-11-19 00:00:00+09:00,1064.625531260823,1074.695076268449,1063.7101180783116,1073.7796630859375,228300,0.0,0.0
2013-11-20 00:00:00+09:00,1074.695076268449,1075.6104894509604,1071.0334235384032,1073.7796630859375,130300,0.0,0.0
2013-11-21 00:00:00+09:00,1073.7796237084174,1078.356689453125,1071.9487974105343,1078.356689453125,107700,0.0,0.0
2013-11-22 00:00:00+09:00,1078.3570802859042,1079.2724937666223,1072.8645994015958,1075.61083984375,145400,0.0,0.0
2013-11-25 00:00:00+09:00,1076.5259691141418,1080.1876220703125,1075.6105558750994,1080.1876220703125,129900,0.0,0.0
2013-11-26 00:00:00+09:00,1076.5257103624683,1084.7644275336095,1076.5257103624683,1082.0181884765625,162200,0.0,0.0
2013-11-27 00:00:00+09:00,1082.018416739799,1084.7646563761944,1079.2721771034035,1083.8492431640625,117500,0.0,0.0
2013-11-28 00:00:00+09:00,1084.7646563761944,1085.6800695883262,1082.018416739799,1083.8492431640625,95300,0.0,0.0
2013-11-29 00:00:00+09:00,1082.9338299519306,1086.595482800458,1080.1875903155353,1083.8492431640625,138900,0.0,0.0
2013-12-02 00:00:00+09:00,1083.8491054489882,1089.3415840238986,1082.9336923531698,1085.679931640625,146100,0.0,0.0
2013-12-03 00:00:00+09:00,1088.4262853685104,1091.1725249447136,1085.6800457923073,1086.595458984375,195700,0.0,0.0
2013-12-04 00:00:00+09:00,1084.764471886142,1096.6648416199141,1082.933645773254,1091.17236328125,226100,0.0,0.0
2013-12-05 00:00:00+09:00,1092.0879064090707,1098.4957985673802,1090.257080078125,1090.257080078125,186100,0.0,0.0
2013-12-06 00:00:00+09:00,1090.256903799627,1098.495620956803,1088.426077764699,1096.664794921875,148000,0.0,0.0
2013-12-09 00:00:00+09:00,1098.495825865025,1102.1574786179085,1094.8341731121416,1101.2420654296875,280400,0.0,0.0
2013-12-10 00:00:00+09:00,1103.073039741673,1115.8888260955182,1101.2422131196952,1112.2271728515625,255400,0.0,0.0
2013-12-11 00:00:00+09:00,1114.057909107917,1115.8887355813895,1106.7346032140276,1108.5654296875,174000,0.0,0.0
2013-12-12 00:00:00+09:00,1107.6499577472334,1107.6499577472334,1096.6649994885834,1101.2420654296875,177400,0.0,0.0
2013-12-13 00:00:00+09:00,1103.0728680814677,1107.6499339241293,1100.3266285758707,1103.98828125,297300,0.0,0.0
2013-12-16 00:00:00+09:00,1103.9882457014905,1112.2269639529943,1093.918701171875,1093.918701171875,219800,0.0,0.0
2013-12-17 00:00:00+09:00,1100.3266285758707,1104.9036944185323,1097.5803890702737,1103.98828125,146900,0.0,0.0
2013-12-18 00:00:00+09:00,1100.3266207134814,1107.6499260094113,1098.4957943894988,1104.9036865234375,193500,0.0,0.0
2013-12-19 00:00:00+09:00,1106.7346032140276,1114.9733223446533,1103.988363503819,1108.5654296875,273500,0.0,0.0
2013-12-20 00:00:00+09:00,1103.072722808106,1108.565201095947,1101.241896712159,1106.734375,163800,0.0,0.0
2013-12-24 00:00:00+09:00,1103.98830499435,1107.6499577472334,1098.495825865025,1101.2420654296875,237600,0.0,0.0
2013-12-25 00:00:00+09:00,1099.411239053246,1103.0728918061293,1093.9187599239208,1101.2420654296875,314300,0.0,0.0
2013-12-26 00:00:00+09:00,1107.6499720982142,1129.6198889001623,1103.0729060978083,1127.7890625,290500,0.0,0.0
2013-12-27 00:00:00+09:00,1133.2815091705925,1159.8284912109375,1133.2815091705925,1159.8284912109375,309400,0.0,0.0
2013-12-30 00:00:00+09:00,1168.9825794859703,1186.3754291415955,1168.9825794859703,1179.0521240234375,315400,0.0,0.0
2014-01-06 00:00:00+09:00,1183.629126937301,1193.6986709406347,1182.713713846089,1186.3753662109375,347100,0.0,0.0
2014-01-07 00:00:00+09:00,1194.614501953125,1208.345703125,1190.9528483072916,1194.614501953125,275600,0.0,0.0
2014-01-08 00:00:00+09:00,1207.4298507747155,1231.2305908203125,1201.9373723026545,1231.2305908203125,394800,0.0,0.0
2014-01-09 00:00:00+09:00,1234.8925120869621,1235.8079253650103,1221.1613129162397,1228.484619140625,290400,0.0,0.0
2014-01-10 00:00:00+09:00,1208.3455149526371,1208.3455149526371,1184.5447699611457,1201.9376220703125,645300,0.0,0.0
2014-01-14 00:00:00+09:00,1208.3453186347242,1257.7776271243265,1208.3453186347242,1253.2005615234375,804100,0.0,0.0
2014-01-15 00:00:00+09:00,1257.7778073255226,1304.4638831432821,1254.1161543202081,1302.633056640625,672100,0.0,0.0
2014-01-16 00:00:00+09:00,1309.040810721261,1347.4881632039835,1307.20998441256,1332.841552734375,721300,0.0,0.0
2014-01-17 00:00:00+09:00,1332.8416509595613,1338.3341302904387,1323.6875187414325,1335.587890625,349300,0.0,0.0
2014-01-20 00:00:00+09:00,1336.5032484359012,1353.8960989292452,1335.587835252041,1341.9957275390625,334500,0.0,0.0
2014-01-21 00:00:00+09:00,1341.0804099984148,1347.4883027424346,1322.7721450155013,1331.0108642578125,301900,0.0,0.0
2014-01-22 00:00:00+09:00,1327.3491767571356,1327.3491767571356,1299.8867799966433,1320.9412841796875,348900,0.0,0.0
2014-01-23 00:00:00+09:00,1320.0259429208072,1327.3492491228644,1310.8718101682357,1312.70263671875,257100,0.0,0.0
2014-01-24 00:00:00+09:00,1304.4639746127611,1322.7722409231155,1300.8023213506901,1320.0260009765625,423700,0.0,0.0
2014-01-27 00:00:00+09:00,1298.0558844934797,1310.8716689666169,1287.0709263736476,1300.8021240234375,287300,0.0,0.0
2014-01-28 00:00:00+09:00,1300.801893578506,1325.5180449695122,1288.9015243902438,1313.61767578125,413300,0.0,0.0
2014-01-29 00:00:00+09:00,1326.4334774330014,1340.1646728515625,1320.940999265577,1340.1646728515625,320100,0.0,0.0
2014-01-30 00:00:00+09:00,1332.8416193181818,1342.9111645190746,1327.3491401176948,1339.24951171875,377000,0.0,0.0
2014-01-31 00:00:00+09:00,1340.1646728515625,1348.4033901026992,1329.1797165167136,1340.1646728515625,306600,0.0,0.0
2014-02-03 00:00:00+09:00,1339.24951171875,1347.4882305194803,1330.0953797179382,1339.24951171875,322400,0.0,0.0
2014-02-04 00:00:00+09:00,1324.602974672512,1327.3492144264976,1302.633056640625,1302.633056640625,541500,0.0,0.0
2014-02-05 00:00:00+09:00,1309.0410032676768,1344.7421215386137,1309.0410032676768,1338.334228515625,408100,0.0,0.0
2014-02-06 00:00:00+09:00,1341.995487394059,1383.1890732963323,1336.5030092737559,1370.373291015625,696500,0.0,0.0
2014-02-07 00:00:00+09:00,1384.104625444189,1394.174169676918,1346.5726878494722,1368.5426025390625,352500,0.0,0.0
2014-02-10 00:00:00+09:00,1385.0201764444666,1396.0051348828895,1378.6122840220535,1395.0897216796875,292900,0.0,0.0
2014-02-12 00:00:00+09:00,1396.0051722372732,1422.552155840474,1393.2589325541835,1418.8905029296875,409400,0.0,0.0
2014-02-13 00:00:00+09:00,1423.467366509846,1434.4523236790537,1386.8508426124865,1399.6666259765625,363800,0.0,0.0
2014-02-14 00:00:00+09:00,1399.6666449616873,1412.4824284995966,1369.4580123366147,1383.189208984375,389500,0.0,0.0
2014-02-17 00:00:00+09:00,1390.512609154801,1402.4129803983906,1359.3885612869517,1372.204345703125,431400,0.0,0.0
2014-02-18 00:00:00+09:00,1371.2886962890625,1377.696587393217,1347.487957902203,1371.2886962890625,539200,0.0,0.0
2014-02-19 00:00:00+09:00,1364.8811114624841,1369.458177563968,1358.473218920407,1363.9656982421875,355100,0.0,0.0
2014-02-20 00:00:00+09:00,1363.9656519971204,1372.2043707004586,1333.7570167515464,1341.080322265625,465400,0.0,0.0
2014-02-21 00:00:00+09:00,1341.0802552860296,1353.896039295589,1320.9411661281506,1334.67236328125,504600,0.0,0.0
2014-02-24 00:00:00+09:00,1334.6722696109694,1350.234291958971,1331.9260303730866,1345.6572265625,506800,0.0,0.0
2014-02-25 00:00:00+09:00,1352.065269086379,1352.065269086379,1325.5182868226655,1328.2645263671875,1349600,0.0,0.0
2014-02-26 00:00:00+09:00,1312.594482421875,1323.6556718804861,1307.0638876925693,1312.594482421875,934600,10.0,0.0
2014-02-27 00:00:00+09:00,1304.298506232029,1305.220271960815,1290.4720203002407,1292.3155517578125,420500,0.0,0.0
2014-02-28 00:00:00+09:00,1289.5501143794356,1291.39364563659,1247.1488954648867,1258.2100830078125,562900,0.0,0.0
2014-03-03 00:00:00+09:00,1241.6184915704534,1244.3837888790736,1217.652581562412,1226.8702392578125,576500,0.0,0.0
2014-03-04 00:00:00+09:00,1225.9485244184157,1242.5403089594167,1221.3396953792487,1240.69677734375,340400,0.0,0.0
2014-03-05 00:00:00+09:00,1244.384054535801,1259.132309996966,1227.7922671419901,1234.24462890625,286200,0.0,0.0
2014-03-06 00:00:00+09:00,1225.9483313182045,1235.165987944657,1211.2000807158802,1219.4959716796875,367400,0.0,0.0
2014-03-07 00:00:00+09:00,1233.3228239465932,1240.6969514440318,1226.8704623863346,1237.0098876953125,287400,0.0,0.0
2014-03-10 00:00:00+09:00,1238.8532462792014,1239.7750120874448,1222.261461730819,1223.1832275390625,246500,0.0,0.0
2014-03-11 00:00:00+09:00,1222.2616666177162,1228.7140283570254,1218.5746027666823,1225.94873046875,193900,0.0,0.0
2014-03-12 00:00:00+09:00,1221.3398958678322,1234.2446192958696,1213.0440022355224,1217.65283203125,257000,0.0,0.0
2014-03-13 00:00:00+09:00,1217.652587796869,1217.652587796869,1199.217272311678,1200.1390380859375,223100,0.0,0.0
2014-03-14 00:00:00+09:00,1193.6863243055043,1193.6863243055043,1170.642186770649,1172.4857177734375,403700,0.0,0.0
2014-03-17 00:00:00+09:00,1172.4860451084792,1182.6254684545431,1154.0507299338176,1157.73779296875,253200,0.0,0.0
2014-03-18 00:00:00+09:00,1172.4860393360896,1191.8431201741853,1166.9554448109193,1184.468994140625,235000,0.0,0.0
2014-03-19 00:00:00+09:00,1189.0779205225995,1191.843218012187,1168.799072265625,1168.799072265625,217000,0.0,0.0
2014-03-20 00:00:00+09:00,1173.4078108672124,1178.938405419611,1157.73779296875,1157.73779296875,190800,0.0,0.0
2014-03-24 00:00:00+09:00,1170.6423522902521,1213.043571349584,1163.2682272364552,1204.7476806640625,468200,0.0,0.0
2014-03-25 00:00:00+09:00,1207.5131317492157,1220.4178522411921,1193.6866455078125,1193.6866455078125,357900,0.0,0.0
2014-03-26 00:00:00+09:00,1205.669729408311,1215.8091537381974,1194.608539230253,1201.982666015625,239300,0.0,0.0
2014-03-27 00:00:00+09:00,1196.4518227308672,1215.8089015269752,1189.077697475207,1211.2000732421875,201800,0.0,0.0
2014-03-28 00:00:00+09:00,1216.7308349609375,1225.0267270174893,1208.4349429043857,1216.7308349609375,218200,0.0,0.0
2014-03-31 00:00:00+09:00,1228.7139658826463,1230.557497714428,1205.6698179853724,1213.0439453125,265500,0.0,0.0
2014-04-01 00:00:00+09:00,1221.3394954687203,1221.3394954687203,1202.9041823295697,1211.2000732421875,183600,0.0,0.0
2014-04-02 00:00:00+09:00,1213.043707153881,1217.652535828478,1203.8260498046875,1203.8260498046875,187900,0.0,0.0
2014-04-03 00:00:00+09:00,1201.982666015625,1205.669729408311,1192.76500753391,1201.982666015625,231100,0.0,0.0
2014-04-04 00:00:00+09:00,1201.0607328958615,1202.904264335456,1190.9213099780914,1196.451904296875,176700,0.0,0.0
2014-04-07 00:00:00+09:00,1243.462133734076,1252.679792249525,1222.2615191485431,1227.7921142578125,480100,0.0,0.0
2014-04-08 00:00:00+09:00,1228.7138430934367,1228.7138430934367,1191.843210142396,1195.5302734375,510100,0.0,0.0
2014-04-09 00:00:00+09:00,1190.9213931936183,1193.686690546235,1172.4860775095067,1181.7037353515625,286400,0.0,0.0
2014-04-10 00:00:00+09:00,1193.6866001457645,1200.1389601465526,1185.3907087161801,1188.156005859375,177000,0.0,0.0
2014-04-11 00:00:00+09:00,1179.8600890782338,1193.6865744971194,1172.485963521495,1189.99951171875,229400,0.0,0.0
2014-04-14 00:00:00+09:00,1201.0607418244656,1273.8802342297863,1196.4519131912175,1239.77490234375,884600,0.0,0.0
2014-04-15 00:00:00+09:00,1251.7577515563507,1253.6012828546664,1225.0265477307732,1229.6353759765625,360200,0.0,0.0
2014-04-16 00:00:00+09:00,1229.6356249569797,1256.366834195175,1226.8703274495801,1255.445068359375,267100,0.0,0.0
2014-04-17 00:00:00+09:00,1255.4450042452938,1256.3667700340202,1235.166156893314,1242.540283203125,243700,0.0,0.0
2014-04-18 00:00:00+09:00,1237.9316464245092,1237.9316464245092,1194.6086476293103,1202.904541015625,753000,0.0,0.0
2014-04-21 00:00:00+09:00,1202.904172336703,1205.6694692846033,1180.781796753499,1185.390625,500400,0.0,0.0
2014-04-22 00:00:00+09:00,1191.8432951665875,1191.8432951665875,1177.0950409340542,1180.7821044921875,399800,0.0,0.0
2014-04-23 00:00:00+09:00,1185.3909079595553,1186.312673828886,1178.016781004908,1182.6256103515625,202300,0.0,0.0
2014-04-24 00:00:00+09:00,1200.13910255638,1207.5132291465882,1180.7820202570836,1195.5302734375,418400,0.0,0.0
2014-04-25 00:00:00+09:00,1190.9212646484375,1193.6865617025749,1181.7036078013134,1190.9212646484375,245700,0.0,0.0
2014-04-28 00:00:00+09:00,1195.5302476890276,1197.373779296875,1189.0778870615618,1197.373779296875,250400,0.0,0.0
2014-04-30 00:00:00+09:00,1200.1390057538008,1201.9825372526545,1191.8431140089588,1193.6866455078125,211300,0.0,0.0
2014-05-01 00:00:00+09:00,1200.1392432201867,1202.904541015625,1192.7651157656849,1202.904541015625,220000,0.0,0.0
2014-05-02 00:00:00+09:00,1198.295602622939,1201.982666015625,1192.76500753391,1201.982666015625,213400,0.0,0.0
2014-05-07 00:00:00+09:00,1202.904172336703,1202.904172336703,1184.4688593506999,1185.390625,265000,0.0,0.0
2014-05-08 00:00:00+09:00,1184.4688773360906,1187.2341743259803,1167.8770953967523,1175.251220703125,333600,0.0,0.0
2014-05-09 00:00:00+09:00,1173.4078369140625,1187.2343236019738,1171.5643053556744,1173.4078369140625,184200,0.0,0.0
2014-05-12 00:00:00+09:00,1175.2513619917859,1178.9384250882306,1161.4248753801178,1165.1119384765625,188400,0.0,0.0
2014-05-13 00:00:00+09:00,1175.251220703125,1186.3124086626838,1173.4076893765318,1175.251220703125,130700,0.0,0.0
2014-05-14 00:00:00+09:00,1175.251355612858,1176.1731213819662,1169.7207609982095,1174.32958984375,137900,0.0,0.0
2014-05-15 00:00:00+09:00,1172.4860646694522,1172.4860646694522,1162.346641154229,1165.1119384765625,236500,0.0,0.0
2014-05-16 00:00:00+09:00,1165.1119771015067,1165.1119771015067,1161.424913882831,1162.3466796875,214200,0.0,0.0
2014-05-19 00:00:00+09:00,1165.1121730161517,1167.8774708951457,1147.598619782523,1148.5203857421875,337700,0.0,0.0
2014-05-20 00:00:00+09:00,1155.8944662880385,1168.7991891971556,1148.5203389114004,1160.5032958984375,187700,0.0,0.0
2014-05-21 00:00:00+09:00,1161.4250174581007,1162.346783344972,1154.97265625,1154.97265625,131100,0.0,0.0
2014-05-22 00:00:00+09:00,1159.5811946719,1160.502960327442,1147.5982411498535,1149.4417724609375,246100,0.0,0.0
2014-05-23 00:00:00+09:00,1154.0508903631285,1165.1120810055866,1153.129124476257,1154.97265625,167200,0.0,0.0
2014-05-26 00:00:00+09:00,1166.0338048920196,1193.686780502107,1158.659678062663,1192.7650146484375,305700,0.0,0.0
2014-05-27 00:00:00+09:00,1194.6082686844406,1195.5300343238575,1182.6253153720195,1186.3123779296875,136000,0.0,0.0
2014-05-28 00:00:00+09:00,1194.6082987882653,1224.104799992914,1189.0777048123937,1219.4959716796875,419200,0.0,0.0
2014-05-29 00:00:00+09:00,1213.9658158328555,1216.7311138188074,1205.669921875,1205.669921875,156700,0.0,0.0
2014-05-30 00:00:00+09:00,1207.5129775592363,1221.3394620351055,1204.7476806640625,1204.7476806640625,430300,0.0,0.0
2014-06-02 00:00:00+09:00,1212.1217674663048,1214.887064274213,1204.7476426452172,1207.512939453125,218900,0.0,0.0
2014-06-03 00:00:00+09:00,1212.1220254570223,1214.8873228535022,1205.6696648652357,1206.5914306640625,177700,0.0,0.0
2014-06-04 00:00:00+09:00,1207.513401682784,1212.1222314601991,1205.669869771818,1209.35693359375,153200,0.0,0.0
2014-06-05 00:00:00+09:00,1210.2783458252884,1211.20011151137,1207.5130487670433,1208.434814453125,115800,0.0,0.0
2014-06-06 00:00:00+09:00,1212.121909898402,1221.3395670078955,1209.356612765554,1214.88720703125,206700,0.0,0.0
2014-06-09 00:00:00+09:00,1221.339503004978,1225.9483313182045,1216.7306746917518,1219.4959716796875,186200,0.0,0.0
2014-06-10 00:00:00+09:00,1220.4177373423329,1228.7136283061402,1218.5742060170423,1219.4959716796875,164000,0.0,0.0
2014-06-11 00:00:00+09:00,1219.4962215939083,1228.7138801093574,1218.5744557423634,1227.7921142578125,128200,0.0,0.0
2014-06-12 00:00:00+09:00,1225.9483968525033,1234.2442882597759,1224.1048654286649,1232.4007568359375,160200,0.0,0.0
2014-06-13 00:00:00+09:00,1229.6356260252815,1239.7750502278889,1228.7138601886809,1237.9315185546875,263500,0.0,0.0
2014-06-16 00:00:00+09:00,1242.5402509787473,1242.5402509787473,1233.322593330537,1236.087890625,161100,0.0,0.0
2014-06-17 00:00:00+09:00,1241.6186887051197,1259.132241107048,1241.6186887051197,1256.366943359375,252100,0.0,0.0
2014-06-18 00:00:00+09:00,1260.9758431156272,1268.3499708531456,1259.1323111812476,1260.0540771484375,201300,0.0,0.0
2014-06-19 00:00:00+09:00,1266.5062188826546,1279.4109401813132,1264.6626872685604,1275.723876953125,264400,0.0,0.0
2014-06-20 00:00:00+09:00,1279.4107260300884,1280.3324916828478,1264.6624755859375,1264.6624755859375,218700,0.0,0.0
2014-06-23 00:00:00+09:00,1274.8020147607917,1277.567311972854,1268.3496545993125,1273.8802490234375,156700,0.0,0.0
2014-06-24 00:00:00+09:00,1275.723729341405,1279.41079214297,1268.3496037382756,1277.5672607421875,224300,0.0,0.0
2014-06-25 00:00:00+09:00,1277.5674590737246,1294.1592442565002,1276.645693230237,1289.5504150390625,229800,0.0,0.0
2014-06-26 00:00:00+09:00,1295.0808941234243,1306.1420832547276,1293.2373626015403,1297.84619140625,184700,0.0,0.0
2014-06-27 00:00:00+09:00,1304.2985517328436,1306.1420832547276,1292.3155968405983,1297.84619140625,184100,0.0,0.0
2014-06-30 00:00:00+09:00,1301.533254793163,1316.2815069721223,1299.6897232707931,1315.3597412109375,220000,0.0,0.0
2014-07-01 00:00:00+09:00,1318.125244140625,1326.421137285566,1310.7511169006773,1318.125244140625,332900,0.0,0.0
2014-07-02 00:00:00+09:00,1318.1252701275823,1326.4211634360777,1310.7511427422533,1316.28173828125,176100,0.0,0.0
2014-07-03 00:00:00+09:00,1316.2815518961531,1320.890380859375,1315.359786103509,1320.890380859375,155400,0.0,0.0
2014-07-04 00:00:00+09:00,1323.655530338088,1327.3425930966898,1317.2031705105346,1322.7337646484375,168200,0.0,0.0
2014-07-07 00:00:00+09:00,1327.3427539197105,1341.1692409397076,1323.6556907143781,1337.482177734375,254500,0.0,0.0
2014-07-08 00:00:00+09:00,1338.4037775758836,1354.073794255491,1335.6384805147766,1349.4649658203125,312100,0.0,0.0
2014-07-09 00:00:00+09:00,1346.6998807112484,1348.5434123754665,1335.6386907259405,1343.0128173828125,231900,0.0,0.0
2014-07-10 00:00:00+09:00,1343.0129684405738,1346.7000321837188,1322.7341178532763,1323.6558837890625,193000,0.0,0.0
2014-07-11 00:00:00+09:00,1325.4992223170443,1349.4651331517057,1320.8903933103786,1337.482177734375,380400,0.0,0.0
2014-07-14 00:00:00+09:00,1340.2473106667228,1368.8220470014328,1337.4820136020735,1366.978515625,414400,0.0,0.0
2014-07-15 00:00:00+09:00,1368.822265625,1371.5875631313131,1364.2134364478113,1368.822265625,292600,0.0,0.0
2014-07-16 00:00:00+09:00,1368.822207562203,1385.4139918962903,1368.822207562203,1381.7269287109375,389500,0.0,0.0
2014-07-17 00:00:00+09:00,1386.3357190412783,1391.8663136651132,1381.7268901880825,1384.4921875,277700,0.0,0.0
2014-07-18 00:00:00+09:00,1373.430819157847,1387.2573039144695,1367.900225255198,1379.8831787109375,191000,0.0,0.0
2014-07-22 00:00:00+09:00,1381.727120872188,1390.9447801174992,1378.0400571740633,1385.4141845703125,201400,0.0,0.0
2014-07-23 00:00:00+09:00,1384.492136272618,1390.0227306918162,1382.6486047995518,1388.17919921875,147500,0.0,0.0
2014-07-24 00:00:00+09:00,1390.9446247969524,1404.7711121209777,1389.101093153749,1396.4752197265625,268700,0.0,0.0
2014-07-25 00:00:00+09:00,1396.4750266438048,1396.4750266438048,1384.4920726197986,1392.7879638671875,207500,0.0,0.0
2014-07-28 00:00:00+09:00,1300.611527175046,1329.1862666097918,1296.002698233958,1312.594482421875,1488500,0.0,0.0
2014-07-29 00:00:00+09:00,1305.2202917220743,1306.142057464816,1276.6455536970855,1299.689697265625,1443500,0.0,0.0
2014-07-30 00:00:00+09:00,1299.68995440167,1305.2205499523154,1292.3158270008096,1298.7681884765625,574300,0.0,0.0
2014-07-31 00:00:00+09:00,1296.0028725296663,1303.3769998271325,1291.39404296875,1291.39404296875,492900,0.0,0.0
2014-08-01 00:00:00+09:00,1284.019923437079,1296.0028803679345,1282.1763916015625,1282.1763916015625,604700,0.0,0.0
2014-08-04 00:00:00+09:00,1282.1762505543034,1296.0027377996769,1272.9585923907212,1274.8021240234375,1776500,0.0,0.0
2014-08-05 00:00:00+09:00,1257.2886331741897,1260.0539307544848,1244.3839111328125,1244.3839111328125,2420400,0.0,0.0
2014-08-06 00:00:00+09:00,1239.7749536842841,1240.696719449105,1236.087890625,1236.087890625,1967600,0.0,0.0
2014-08-07 00:00:00+09:00,1236.088075216934,1255.445159168877,1236.088075216934,1248.9927978515625,980800,0.0,0.0
2014-08-08 00:00:00+09:00,1243.4619652503486,1248.0707938835967,1231.4790108039035,1239.77490234375,859000,0.0,0.0
2014-08-11 00:00:00+09:00,1242.5402509787473,1244.3837825083892,1235.166124860179,1236.087890625,902800,0.0,0.0
2014-08-12 00:00:00+09:00,1235.1663948725727,1236.0881608388956,1226.8705011756674,1234.24462890625,3265500,0.0,0.0
2014-08-13 00:00:00+09:00,1232.4007568359375,1234.2442882597759,1230.5572254120991,1232.4007568359375,726700,0.0,0.0
2014-08-14 00:00:00+09:00,1235.166259765625,1237.0097914966186,1232.4009621691348,1235.166259765625,505800,0.0,0.0
2014-08-15 00:00:00+09:00,1236.0878394371516,1239.77490234375,1235.166073710502,1239.77490234375,633200,0.0,0.0
2014-08-18 00:00:00+09:00,1240.69677734375,1241.6185431515835,1238.8532457280833,1240.69677734375,559300,0.0,0.0
2014-08-19 00:00:00+09:00,1241.6186913081578,1242.5404572259813,1237.931627636864,1238.8533935546875,559500,0.0,0.0
2014-08-20 00:00:00+09:00,1239.7750890931088,1239.7750890931088,1231.4791963036382,1235.166259765625,617800,0.0,0.0
2014-08-21 00:00:00+09:00,1233.322593330537,1236.087890625,1230.557296036074,1236.087890625,524000,0.0,0.0
2014-08-22 00:00:00+09:00,1235.1661634231361,1237.009695010335,1230.5573344551394,1233.3226318359375,569200,0.0,0.0
2014-08-25 00:00:00+09:00,1233.3227614437242,1233.3227614437242,1222.2615707581301,1224.1051025390625,836700,0.0,0.0
2014-08-26 00:00:00+09:00,1218.5745618564415,1218.5745618564415,1202.904541015625,1202.904541015625,1841800,0.0,0.0
2014-08-27 00:00:00+09:00,1203.832928185096,1209.4062287785457,1190.8285601337138,1207.5484619140625,1181300,10.0,0.0
2014-08-28 00:00:00+09:00,1201.0467833053233,1209.406737713481,1192.6868288971657,1198.2601318359375,488000,0.0,0.0
2014-08-29 00:00:00+09:00,1197.3310639093227,1201.9754823108328,1190.8288781472083,1192.6866455078125,453300,0.0,0.0
2014-09-01 00:00:00+09:00,1190.8287979031202,1201.9754013156298,1190.8287979031202,1196.402099609375,311100,0.0,0.0
2014-09-02 00:00:00+09:00,1197.330983227084,1200.1176340802115,1194.5443323739566,1196.402099609375,303300,0.0,0.0
2014-09-03 00:00:00+09:00,1198.2601825950103,1199.1890664574871,1185.2558085203357,1186.1846923828125,615700,0.0,0.0
2014-09-04 00:00:00+09:00,1185.2552595402644,1220.5528299654447,1183.3974926757812,1207.5484619140625,742000,0.0,0.0
2014-09-05 00:00:00+09:00,1214.9798259779157,1214.9798259779157,1204.762105728866,1206.619873046875,337200,0.0,0.0
2014-09-08 00:00:00+09:00,1214.0509423189112,1214.0509423189112,1203.8332220698614,1206.619873046875,244900,0.0,0.0
2014-09-09 00:00:00+09:00,1207.548651980096,1207.548651980096,1194.5442818818487,1197.3309326171875,306000,0.0,0.0
2014-09-10 00:00:00+09:00,1194.5445158544242,1201.9755859375,1193.6156320940397,1201.9755859375,286500,0.0,0.0
2014-09-11 00:00:00+09:00,1205.6909357864663,1205.6909357864663,1196.402099609375,1196.402099609375,339900,0.0,0.0
2014-09-12 00:00:00+09:00,1200.1176042977827,1204.7620222710714,1197.3309535138094,1199.188720703125,318000,0.0,0.0
2014-09-16 00:00:00+09:00,1201.0464999488395,1205.69091796875,1200.1176163448574,1205.69091796875,222700,0.0,0.0
2014-09-17 00:00:00+09:00,1206.6196710640709,1214.0507390921791,1205.6907875605573,1210.335205078125,323200,0.0,0.0
2014-09-18 00:00:00+09:00,1212.1932880425013,1215.9088230250072,1208.4777530599956,1211.264404296875,282600,0.0,0.0
2014-09-19 00:00:00+09:00,1212.1933194906405,1219.6243896484375,1210.3355519511913,1219.6243896484375,576300,0.0,0.0
2014-09-22 00:00:00+09:00,1221.4820577798253,1235.4153131917626,1220.5531740856961,1232.628662109375,563800,0.0,0.0
2014-09-24 00:00:00+09:00,1232.6287444039676,1242.846465721559,1228.913209379389,1240.059814453125,444000,0.0,0.0
2014-09-25 00:00:00+09:00,1243.7753494777037,1243.7753494777037,1236.3442794285463,1240.059814453125,341200,0.0,0.0
2014-09-26 00:00:00+09:00,1236.344136998605,1240.059671595145,1231.6997187529305,1238.201904296875,261000,0.0,0.0
2014-09-29 00:00:00+09:00,1240.9886153565374,1240.9886153565374,1227.9842436387294,1232.628662109375,271100,0.0,0.0
2014-09-30 00:00:00+09:00,1231.6994578740369,1232.6283413264305,1216.8373226357378,1220.5528564453125,266600,0.0,0.0
2014-10-01 00:00:00+09:00,1222.410858871541,1232.6285788165158,1221.4819752401795,1225.197509765625,216800,0.0,0.0
2014-10-02 00:00:00+09:00,1216.8373896027197,1221.4818071202874,1209.4063215746114,1210.335205078125,256200,0.0,0.0
2014-10-03 00:00:00+09:00,1209.4067185564738,1222.4110918742854,1208.4778347480587,1218.695556640625,288400,0.0,0.0
2014-10-06 00:00:00+09:00,1229.841978776437,1233.5575134555197,1222.410909418271,1224.2686767578125,264600,0.0,0.0
2014-10-07 00:00:00+09:00,1227.0553485292378,1235.415301698627,1224.2686974727746,1226.12646484375,299700,0.0,0.0
2014-10-08 00:00:00+09:00,1221.4818199099475,1223.3395869364265,1214.0507518040315,1216.83740234375,254600,0.0,0.0
2014-10-09 00:00:00+09:00,1226.1265061485083,1238.2019944666374,1221.4820875646124,1229.842041015625,715000,0.0,0.0
2014-10-10 00:00:00+09:00,1216.8376073996467,1229.841978776437,1211.2643053810223,1224.2686767578125,428700,0.0,0.0
2014-10-14 00:00:00+09:00,1211.2642676921205,1214.050918614725,1189.8999439521522,1193.615478515625,910700,0.0,0.0
2014-10-15 00:00:00+09:00,1194.5444826903722,1197.3311338941598,1179.6823429368371,1182.468994140625,444000,0.0,0.0
2014-10-16 00:00:00+09:00,1143.4559326171875,1143.4559326171875,1143.4559326171875,1143.4559326171875,762400,0.0,0.0
2014-10-17 00:00:00+09:00,1145.3133624333755,1149.9577799614913,1113.7313232421875,1113.7313232421875,681100,0.0,0.0
2014-10-20 00:00:00+09:00,1145.3134174485472,1150.88671875,1137.8823490466102,1150.88671875,394100,0.0,0.0
2014-10-21 00:00:00+09:00,1155.5311365012108,1157.388903601695,1145.3134174485472,1150.88671875,373100,0.0,0.0
2014-10-22 00:00:00+09:00,1153.6734589367377,1155.5312261814024,1133.2380192454268,1142.52685546875,436100,0.0,0.0
2014-10-23 00:00:00+09:00,1144.384610716476,1145.3134943290704,1132.309123752747,1136.024658203125,316300,0.0,0.0
2014-10-24 00:00:00+09:00,1144.384735576923,1149.958037860577,1138.8114332932694,1147.17138671875,277900,0.0,0.0
2014-10-27 00:00:00+09:00,1154.6022149447738,1158.3177490234375,1151.8155643857758,1158.3177490234375,220100,0.0,0.0
2014-10-28 00:00:00+09:00,1159.2467755454363,1173.1800300592035,1157.3890082769342,1160.1756591796875,217700,0.0,0.0
2014-10-29 00:00:00+09:00,1169.4645190990263,1176.8955883228487,1166.677868140093,1173.1800537109375,218200,0.0,0.0
2014-10-30 00:00:00+09:00,1175.966908376874,1182.4690950740605,1166.678070238036,1169.4647216796875,350200,0.0,0.0
2014-10-31 00:00:00+09:00,1175.9665860523896,1188.9709558823529,1171.3221682559742,1184.3265380859375,404500,0.0,0.0
2014-11-04 00:00:00+09:00,1201.975395106062,1202.9042787189724,1174.10888671875,1174.10888671875,597600,0.0,0.0
2014-11-05 00:00:00+09:00,1175.9667138128477,1178.753364793447,1163.8912262302515,1168.53564453125,430100,0.0,0.0
2014-11-06 00:00:00+09:00,1174.1089859375002,1175.0378696289063,1159.246846875,1161.1046142578125,409800,0.0,0.0
2014-11-07 00:00:00+09:00,1168.5355100685078,1169.4643936218213,1158.317790982058,1162.0333251953125,264900,0.0,0.0
2014-11-10 00:00:00+09:00,1167.606542623268,1181.539794921875,1166.6776591366943,1181.539794921875,268100,0.0,0.0
2014-11-11 00:00:00+09:00,1182.4686784084488,1188.9708628144654,1179.6820279487274,1181.539794921875,352800,0.0,0.0
2014-11-12 00:00:00+09:00,1188.971169036335,1190.8289364879543,1175.0379131491904,1175.966796875,492700,0.0,0.0
2014-11-13 00:00:00+09:00,1176.8955729799975,1193.615478515625,1176.8955729799975,1193.615478515625,330000,0.0,0.0
2014-11-14 00:00:00+09:00,1197.3310846830045,1197.3310846830045,1188.971131415241,1194.54443359375,377600,0.0,0.0
2014-11-17 00:00:00+09:00,1192.686528832873,1193.6154124223067,1175.0377406336327,1176.8955078125,424500,0.0,0.0
2014-11-18 00:00:00+09:00,1180.6111075434703,1193.615478515625,1179.6822239026021,1193.615478515625,231000,0.0,0.0
2014-11-19 00:00:00+09:00,1193.6153736787683,1197.3309079159008,1183.3976545266544,1184.3265380859375,304000,0.0,0.0
2014-11-20 00:00:00+09:00,1187.1134015847156,1187.1134015847156,1175.966796875,1175.966796875,393000,0.0,0.0
2014-11-21 00:00:00+09:00,1175.9666893391293,1194.5443621564932,1175.9666893391293,1193.615478515625,298600,0.0,0.0
2014-11-25 00:00:00+09:00,1197.3309079159008,1197.3309079159008,1184.3265380859375,1184.3265380859375,274500,0.0,0.0
2014-11-26 00:00:00+09:00,1190.8287979031202,1199.1887504625024,1188.9710306677018,1196.402099609375,306500,0.0,0.0
2014-11-27 00:00:00+09:00,1200.1175537109375,1206.6197385994642,1197.3309030444261,1200.1175537109375,317300,0.0,0.0
2014-11-28 00:00:00+09:00,1205.69091796875,1214.0508704045887,1203.8331507607859,1205.69091796875,354100,0.0,0.0
2014-12-01 00:00:00+09:00,1212.1932785232345,1220.5532321682224,1211.2643947849026,1215.9088134765625,282300,0.0,0.0
2014-12-02 00:00:00+09:00,1218.6955058787128,1220.5532734181622,1216.8377383392635,1219.6243896484375,291800,0.0,0.0
2014-12-03 00:00:00+09:00,1221.4821571878867,1222.4110409576115,1214.0510870300898,1219.6243896484375,368100,0.0,0.0
2014-12-04 00:00:00+09:00,1220.5530081253576,1223.3396588288401,1216.8374738540474,1217.766357421875,229800,0.0,0.0
2014-12-05 00:00:00+09:00,1220.5528564453125,1220.5528564453125,1216.8373226357378,1220.5528564453125,227000,0.0,0.0
2014-12-08 00:00:00+09:00,1226.1264762504711,1232.628662109375,1221.4820577798253,1232.628662109375,456400,0.0,0.0
2014-12-09 00:00:00+09:00,1232.6287552539354,1248.419779247392,1226.1265689036886,1246.56201171875,684400,0.0,0.0
2014-12-10 00:00:00+09:00,1231.6997097682524,1245.63296440364,1222.4108733446608,1242.8463134765625,692800,0.0,0.0
2014-12-11 00:00:00+09:00,1240.0597358438195,1256.7796423945226,1230.7708988712066,1254.921875,847500,0.0,0.0
2014-12-12 00:00:00+09:00,1254.9218635559082,1255.8507472446986,1245.6330266680036,1248.419677734375,400500,0.0,0.0
2014-12-15 00:00:00+09:00,1249.3486438277205,1266.9974350788184,1249.3486438277205,1255.850830078125,863300,0.0,0.0
2014-12-16 00:00:00+09:00,1255.8505313199105,1256.7794148489934,1238.2017442673377,1245.6328125,395500,0.0,0.0
2014-12-17 00:00:00+09:00,1239.1307373046875,1249.3484570275898,1237.2729700823415,1239.1307373046875,388400,0.0,0.0
2014-12-18 00:00:00+09:00,1253.9930308122557,1253.9930308122557,1242.8464260939245,1247.4908447265625,383900,0.0,0.0
2014-12-19 00:00:00+09:00,1254.92169003398,1256.7794571546817,1246.5617379908224,1249.348388671875,447000,0.0,0.0
2014-12-22 00:00:00+09:00,1254.9219873478983,1263.2819413716816,1253.9931035674779,1259.56640625,298400,0.0,0.0
2014-12-24 00:00:00+09:00,1263.2818210891814,1270.712890625,1261.4240537052267,1270.712890625,546300,0.0,0.0
2014-12-25 00:00:00+09:00,1270.712879144471,1272.5706465116414,1258.6373912578642,1264.210693359375,415600,0.0,0.0
2014-12-26 00:00:00+09:00,1265.1398822195615,1272.5709534807631,1261.4243465889608,1269.7843017578125,308200,0.0,0.0
2014-12-29 00:00:00+09:00,1273.4994432639799,1286.5038139464714,1272.570559643802,1283.7171630859375,522900,0.0,0.0
2014-12-30 00:00:00+09:00,1291.148498182352,1298.5795686754877,1284.646311500858,1285.5751953125,426800,0.0,0.0
2015-01-05 00:00:00+09:00,1291.1482855474358,1302.2948894514425,1289.2905182301013,1293.9349365234375,494800,0.0,0.0
2015-01-06 00:00:00+09:00,1290.2195221101954,1292.0772896006347,1278.144033422339,1282.7884521484375,543000,0.0,0.0
2015-01-07 00:00:00+09:00,1278.1437528722427,1279.0726364135742,1249.3483630909639,1263.2816162109375,594800,0.0,0.0
2015-01-08 00:00:00+09:00,1272.5706714060811,1295.7927639499876,1272.5706714060811,1288.3616943359375,465300,0.0,0.0
2015-01-09 00:00:00+09:00,1292.0771548341975,1293.9349221308678,1267.9261799774836,1276.2861328125,399100,0.0,0.0
2015-01-13 00:00:00+09:00,1276.2862284821667,1304.1527400210787,1269.7840424564206,1301.3660888671875,920000,0.0,0.0
2015-01-14 00:00:00+09:00,1300.4372544522244,1300.4372544522244,1285.5751144013418,1289.2906494140625,454100,0.0,0.0
2015-01-15 00:00:00+09:00,1289.2906176350616,1293.9350362864848,1270.7129430293692,1280.9306640625,455200,0.0,0.0
2015-01-16 00:00:00+09:00,1274.428332832532,1274.428332832532,1253.992893093235,1267.9261474609375,488700,0.0,0.0
2015-01-19 00:00:00+09:00,1274.4285259387693,1275.357409704031,1242.8464779198787,1257.7086181640625,474900,0.0,0.0
2015-01-20 00:00:00+09:00,1256.779499209484,1263.2816843495182,1244.7040125208487,1253.06396484375,465600,0.0,0.0
2015-01-21 00:00:00+09:00,1253.0641693137725,1262.3530067438226,1251.2064018277624,1260.4952392578125,275300,0.0,0.0
2015-01-22 00:00:00+09:00,1261.4241825756162,1261.4241825756162,1238.2020879037527,1243.775390625,482200,0.0,0.0
2015-01-23 00:00:00+09:00,1244.7042514310024,1245.633135200727,1216.8377383392635,1219.6243896484375,799900,0.0,0.0
2015-01-26 00:00:00+09:00,1214.0507518040315,1224.268470449666,1212.1929847775525,1216.83740234375,422600,0.0,0.0
2015-01-27 00:00:00+09:00,1224.268474723135,1229.8417758220262,1221.4818241736891,1227.9840087890625,368700,0.0,0.0
2015-01-28 00:00:00+09:00,1227.0554514031662,1238.202056563528,1227.0554514031662,1235.4154052734375,345800,0.0,0.0
2015-01-29 00:00:00+09:00,1241.9175819654142,1252.1353032830057,1236.3442794285463,1240.059814453125,410900,0.0,0.0
2015-01-30 00:00:00+09:00,1253.992926332169,1253.992926332169,1238.201904296875,1238.201904296875,454100,0.0,0.0
2015-02-02 00:00:00+09:00,1239.1307373046875,1241.9173881382062,1226.1263667482665,1239.1307373046875,619700,0.0,0.0
2015-02-03 00:00:00+09:00,1243.7751009963447,1243.7751009963447,1226.1263131554706,1228.9129638671875,531300,0.0,0.0
2015-02-04 00:00:00+09:00,1234.4864501953125,1243.7752872923427,1228.9131479370944,1234.4864501953125,429500,0.0,0.0
2015-02-05 00:00:00+09:00,1240.988546191844,1246.561848045999,1229.8419424835342,1242.8463134765625,449200,0.0,0.0
2015-02-06 00:00:00+09:00,1245.6330678696447,1253.99302134528,1238.2019981135247,1252.13525390625,349800,0.0,0.0
2015-02-09 00:00:00+09:00,1254.9218863261115,1267.9262582051385,1251.2063515035325,1261.424072265625,454600,0.0,0.0
2015-02-10 00:00:00+09:00,1262.3528727213543,1263.2817563657409,1250.2773853443286,1253.992919921875,486900,0.0,0.0
2015-02-12 00:00:00+09:00,1261.4238749564358,1261.4238749564358,1248.4195051115241,1249.348388671875,485300,0.0,0.0
2015-02-13 00:00:00+09:00,1249.3485475936027,1249.3485475936027,1230.7708740234375,1230.7708740234375,897300,0.0,0.0
2015-02-16 00:00:00+09:00,1240.0597826927496,1240.0597826927496,1229.8420616368544,1231.6998291015625,493200,0.0,0.0
2015-02-17 00:00:00+09:00,1231.6996145789044,1239.130683143483,1228.9129638671875,1228.9129638671875,579400,0.0,0.0
2015-02-18 00:00:00+09:00,1233.5575458035041,1235.4153131917626,1229.8420110269876,1232.628662109375,575600,0.0,0.0
2015-02-19 00:00:00+09:00,1235.4152325774207,1237.2729998444545,1230.7708144098365,1236.3441162109375,494900,0.0,0.0
2015-02-20 00:00:00+09:00,1236.3442176147184,1236.3442176147184,1230.7709153565004,1234.4864501953125,582800,0.0,0.0
2015-02-23 00:00:00+09:00,1235.4153846832644,1236.3442684311465,1233.5576171875,1233.5576171875,803100,0.0,0.0
2015-02-24 00:00:00+09:00,1233.5575965662708,1234.4864802986249,1229.8420616368544,1231.6998291015625,1632300,0.0,0.0
2015-02-25 00:00:00+09:00,1223.276251355716,1227.9559615751334,1208.3011786535803,1227.02001953125,1330500,10.0,0.0
2015-02-26 00:00:00+09:00,1222.3404831926484,1223.2764253696719,1216.7248301305076,1221.404541015625,487400,0.0,0.0
2015-02-27 00:00:00+09:00,1220.4684938030477,1225.1482042854216,1212.0450149347753,1212.98095703125,699000,0.0,0.0
2015-03-02 00:00:00+09:00,1212.0449612310024,1212.0449612310024,1198.0058304059328,1198.9417724609375,688400,0.0,0.0
2015-03-03 00:00:00+09:00,1198.9417786357005,1212.980909533074,1198.0058365758755,1202.685546875,532300,0.0,0.0
2015-03-04 00:00:00+09:00,1204.557391935353,1221.4043484659173,1204.557391935353,1215.7886962890625,676400,0.0,0.0
2015-03-05 00:00:00+09:00,1215.788964107932,1215.788964107932,1207.365483987092,1211.1092529296875,336700,0.0,0.0
2015-03-06 00:00:00+09:00,1207.3651636426694,1208.3011056299893,1198.0057437694704,1201.74951171875,562900,0.0,0.0
2015-03-09 00:00:00+09:00,1203.6215589598664,1211.1090958740801,1198.0059062742062,1208.30126953125,390900,0.0,0.0
2015-03-10 00:00:00+09:00,1213.9167705335115,1222.3402485094573,1208.3011185495477,1209.237060546875,425000,0.0,0.0
2015-03-11 00:00:00+09:00,1209.2370093864358,1220.4683128791892,1209.2370093864358,1214.8526611328125,299100,0.0,0.0
2015-03-12 00:00:00+09:00,1221.404535292113,1225.1483039826635,1214.8529400836496,1217.6607666015625,332600,0.0,0.0
2015-03-13 00:00:00+09:00,1225.148176595546,1235.44353942408,1221.404408294261,1233.5716552734375,667600,0.0,0.0
2015-03-16 00:00:00+09:00,1234.5074528400771,1239.1871626688871,1231.6996269427912,1238.251220703125,359500,0.0,0.0
2015-03-17 00:00:00+09:00,1240.1234198054042,1240.1234198054042,1223.2764601401234,1224.21240234375,261500,0.0,0.0
2015-03-18 00:00:00+09:00,1224.2121933995995,1227.02001953125,1217.6605990924152,1227.02001953125,212100,0.0,0.0
2015-03-19 00:00:00+09:00,1226.0840940695205,1227.020036126062,1214.8527893910211,1218.5965576171875,292900,0.0,0.0
2015-03-20 00:00:00+09:00,1216.7248591323573,1220.4686279296875,1212.981090335027,1220.4686279296875,201200,0.0,0.0
2015-03-23 00:00:00+09:00,1223.276251355716,1229.8278456629005,1221.404367267949,1227.02001953125,263300,0.0,0.0
2015-03-24 00:00:00+09:00,1225.1483445473768,1227.0202289546303,1217.660806918363,1224.21240234375,186400,0.0,0.0
2015-03-25 00:00:00+09:00,1226.083984375,1229.8277522662213,1222.3402164837787,1226.083984375,220600,0.0,0.0
2015-03-26 00:00:00+09:00,1223.2764196373882,1225.1483039826635,1216.7248244289249,1217.6607666015625,291200,0.0,0.0
2015-03-27 00:00:00+09:00,1216.7246383185384,1223.2762325248689,1210.1730441122077,1215.7886962890625,370200,0.0,0.0
2015-03-30 00:00:00+09:00,1217.6607779786275,1225.1483154296875,1215.7888936158624,1225.1483154296875,239900,0.0,0.0
2015-03-31 00:00:00+09:00,1227.0201997924526,1229.8280263366,1220.468604522775,1225.1483154296875,307500,0.0,0.0
2015-04-01 00:00:00+09:00,1222.3401744546838,1225.1480002765554,1215.7885808703174,1219.5323486328125,314400,0.0,0.0
2015-04-02 00:00:00+09:00,1216.7248591323573,1224.212396727018,1213.9170325343596,1220.4686279296875,258200,0.0,0.0
2015-04-03 00:00:00+09:00,1220.4684417302708,1226.0840940695205,1217.660615560646,1218.5965576171875,286100,0.0,0.0
2015-04-06 00:00:00+09:00,1218.5965186585772,1235.443475137728,1217.6605766319576,1231.69970703125,298100,0.0,0.0
2015-04-07 00:00:00+09:00,1235.4435864312923,1243.8670654296875,1235.4435864312923,1243.8670654296875,472300,0.0,0.0
2015-04-08 00:00:00+09:00,1242.9312105250754,1244.803094878276,1236.379615288874,1241.059326171875,265100,0.0,0.0
2015-04-09 00:00:00+09:00,1241.9951339513289,1241.9951339513289,1227.9560028215099,1233.5716552734375,216200,0.0,0.0
2015-04-10 00:00:00+09:00,1234.5075973487587,1235.44353942408,1227.0200607461886,1233.5716552734375,135900,0.0,0.0
2015-04-13 00:00:00+09:00,1233.5716160496434,1247.6107467330612,1220.4684274117867,1246.6748046875,639900,0.0,0.0
2015-04-14 00:00:00+09:00,1235.4435864312923,1245.7389496515532,1231.6998179875611,1243.8670654296875,351400,0.0,0.0
2015-04-15 00:00:00+09:00,1245.7388667233545,1245.7388667233545,1230.7637939453125,1230.7637939453125,256100,0.0,0.0
2015-04-16 00:00:00+09:00,1235.4435864312923,1246.674891762486,1225.1482232110316,1243.8670654296875,352600,0.0,0.0
2015-04-17 00:00:00+09:00,1243.8670654296875,1248.5467759843516,1240.1232969859564,1243.8670654296875,369300,0.0,0.0
2015-04-20 00:00:00+09:00,1239.1872683230106,1247.6107467330612,1233.5716160496434,1246.6748046875,264800,0.0,0.0
2015-04-21 00:00:00+09:00,1247.6107818717812,1249.482666015625,1241.0591873683286,1249.482666015625,316900,0.0,0.0
2015-04-22 00:00:00+09:00,1247.6107489000137,1266.32958984375,1246.674806852827,1266.32958984375,776900,0.0,0.0
2015-04-23 00:00:00+09:00,1266.3295223838404,1282.2405363384046,1264.4576383891858,1280.36865234375,666300,0.0,0.0
2015-04-24 00:00:00+09:00,1280.3689255955103,1285.9845787779466,1269.1376192306373,1279.4329833984375,418800,0.0,0.0
2015-04-27 00:00:00+09:00,1279.433018059278,1285.984613616275,1273.8173647247093,1282.2408447265625,305100,0.0,0.0
2015-04-28 00:00:00+09:00,1282.2408099896556,1284.1126943838012,1270.07356142771,1279.4329833984375,224000,0.0,0.0
2015-04-30 00:00:00+09:00,1277.561006113167,1281.3047746292496,1270.0734690810018,1278.4969482421875,328400,0.0,0.0
2015-05-01 00:00:00+09:00,1278.496878051758,1289.7281829833985,1270.0733993530273,1272.8812255859375,377800,0.0,0.0
2015-05-07 00:00:00+09:00,1282.2407054831965,1293.4720109326845,1277.5609948792433,1290.6641845703125,517600,0.0,0.0
2015-05-08 00:00:00+09:00,1286.9203294237857,1297.215692059176,1285.984387366023,1293.471923828125,310300,0.0,0.0
2015-05-11 00:00:00+09:00,1295.3437688876702,1306.5750732421875,1294.407826858127,1306.5750732421875,441300,0.0,0.0
2015-05-12 00:00:00+09:00,1308.4471203239152,1323.4221946623863,1304.7033517392974,1313.1268310546875,649900,0.0,0.0
2015-05-13 00:00:00+09:00,1312.1907317243304,1317.8063839285714,1301.8953693498884,1310.31884765625,330100,0.0,0.0
2015-05-14 00:00:00+09:00,1305.6391023104757,1314.9985223987228,1304.7031603016508,1307.510986328125,243300,0.0,0.0
2015-05-15 00:00:00+09:00,1310.318853916266,1317.806390224359,1309.3829118777544,1314.0626220703125,289600,0.0,0.0
2015-05-18 00:00:00+09:00,1315.9345703125,1322.4861649015381,1312.1908019759069,1315.9345703125,287800,0.0,0.0
2015-05-19 00:00:00+09:00,1318.742367525514,1324.3580199067442,1316.8704833984375,1316.8704833984375,288100,0.0,0.0
2015-05-20 00:00:00+09:00,1321.550206009828,1326.2299163710525,1316.8704956486033,1324.3580322265625,337000,0.0,0.0
2015-05-21 00:00:00+09:00,1325.2937655643952,1333.7172428878978,1324.3578236395617,1327.1656494140625,410800,0.0,0.0
2015-05-22 00:00:00+09:00,1332.7815759735743,1345.884765625,1329.9737496196974,1345.884765625,489000,0.0,0.0
2015-05-25 00:00:00+09:00,1352.4362314562086,1356.1799995709662,1339.3330430545566,1342.140869140625,352700,0.0,0.0
2015-05-26 00:00:00+09:00,1341.2049080678348,1341.2049080678348,1327.1657778368385,1330.9095458984375,279400,0.0,0.0
2015-05-27 00:00:00+09:00,1325.2942058659403,1341.2052238742176,1324.3582636301592,1336.5255126953125,278300,0.0,0.0
2015-05-28 00:00:00+09:00,1334.6533429912913,1337.4611690985662,1323.4220385621923,1329.9736328125,205300,0.0,0.0
2015-05-29 00:00:00+09:00,1326.2298709052905,1338.3971174273574,1326.2298709052905,1333.7174072265625,320700,0.0,0.0
2015-06-01 00:00:00+09:00,1331.8456973612854,1335.5894660116332,1325.2941022231764,1328.1019287109375,236300,0.0,0.0
2015-06-02 00:00:00+09:00,1329.0378766250878,1341.205124791374,1328.1019344584504,1331.845703125,248900,0.0,0.0
2015-06-03 00:00:00+09:00,1333.7173719446369,1334.6533139600365,1326.2298358214389,1330.9095458984375,173500,0.0,0.0
2015-06-04 00:00:00+09:00,1331.8454781243195,1343.0767822265625,1331.8454781243195,1343.0767822265625,237600,0.0,0.0
2015-06-05 00:00:00+09:00,1341.2052238742176,1348.692761760466,1333.7176859879694,1336.5255126953125,267900,0.0,0.0
2015-06-08 00:00:00+09:00,1347.7565503968947,1347.7565503968947,1337.4611878591406,1341.2049560546875,216800,0.0,0.0
2015-06-09 00:00:00+09:00,1340.2690202026793,1350.564382788035,1339.333078149465,1344.94873046875,263900,0.0,0.0
2015-06-10 00:00:00+09:00,1352.4364246792263,1352.4364246792263,1345.884829542372,1347.7567138671875,223700,0.0,0.0
2015-06-11 00:00:00+09:00,1352.4364187100527,1367.4114932424825,1350.5645343934991,1363.667724609375,420900,0.0,0.0
2015-06-12 00:00:00+09:00,1366.4752969547194,1379.5784847337372,1364.6034129862883,1375.834716796875,488600,0.0,0.0
2015-06-15 00:00:00+09:00,1376.770751953125,1379.5785780957895,1366.4753894300222,1376.770751953125,230600,0.0,0.0
2015-06-16 00:00:00+09:00,1377.706776094276,1393.6177918507997,1376.7708339909511,1389.8740234375,396800,0.0,0.0
2015-06-17 00:00:00+09:00,1390.8100525836348,1411.4007801454381,1385.1943996122338,1406.7210693359375,599300,0.0,0.0
2015-06-18 00:00:00+09:00,1403.913231197951,1422.6320742805904,1403.913231197951,1418.8883056640625,562300,0.0,0.0
2015-06-19 00:00:00+09:00,1414.2082874293058,1422.6317649851387,1398.2972742682878,1417.01611328125,487500,0.0,0.0
2015-06-22 00:00:00+09:00,1417.0162030013362,1438.5428692292296,1414.208376971611,1433.8631591796875,508600,0.0,0.0
2015-06-23 00:00:00+09:00,1441.350688834465,1441.350688834465,1423.5677907254683,1430.119384765625,374200,0.0,0.0
2015-06-24 00:00:00+09:00,1431.0554013337128,1442.286705987738,1417.0162705161813,1419.8240966796875,462000,0.0,0.0
2015-06-25 00:00:00+09:00,1417.9523167404227,1426.3757958497717,1406.7210112612906,1408.5928955078125,325300,0.0,0.0
2015-06-26 00:00:00+09:00,1408.592609155958,1408.592609155958,1382.3862350321263,1402.041015625,576700,0.0,0.0
2015-06-29 00:00:00+09:00,1361.7954947495639,1394.5534619772168,1357.1157851456135,1374.898681640625,547600,0.0,0.0
2015-06-30 00:00:00+09:00,1364.6032836667123,1393.6174824278016,1363.6673417711934,1388.0018310546875,336300,0.0,0.0
2015-07-01 00:00:00+09:00,1392.6816340443902,1396.425401877843,1385.1940983774848,1388.9378662109375,208000,0.0,0.0
2015-07-02 00:00:00+09:00,1402.9770635795974,1417.0161936354305,1394.5535855460973,1410.464599609375,373300,0.0,0.0
2015-07-03 00:00:00+09:00,1413.2722829353052,1415.1441667537626,1394.5534447507316,1399.233154296875,275900,0.0,0.0
2015-07-06 00:00:00+09:00,1392.6815609322744,1406.7206895707045,1386.1299675676735,1399.233154296875,234100,0.0,0.0
2015-07-07 00:00:00+09:00,1403.9131848915076,1416.0804324939006,1402.9772427682465,1408.5928955078125,301200,0.0,0.0
2015-07-08 00:00:00+09:00,1406.7207634198376,1409.528589294927,1387.0659822942112,1388.9378662109375,389800,0.0,0.0
2015-07-09 00:00:00+09:00,1374.8986445174214,1388.0018310546875,1354.3079228160032,1388.0018310546875,713000,0.0,0.0
2015-07-10 00:00:00+09:00,1354.3081704558228,1357.1159966558005,1295.343820256295,1300.95947265625,2167900,0.0,0.0
2015-07-13 00:00:00+09:00,1320.614174451671,1323.422000478145,1295.3437402134036,1307.510986328125,730100,0.0,0.0
2015-07-14 00:00:00+09:00,1325.294073228433,1331.8456682232063,1315.9346518073282,1329.037841796875,621900,0.0,0.0
2015-07-15 00:00:00+09:00,1343.076840152461,1356.1800288368752,1336.5252458102539,1341.2049560546875,620000,0.0,0.0
2015-07-16 00:00:00+09:00,1355.2442511664497,1362.7317884657118,1337.461350080702,1347.7567138671875,372100,0.0,0.0
2015-07-17 00:00:00+09:00,1349.6283762862045,1355.244028337326,1339.3330141924816,1343.0767822265625,353300,0.0,0.0
2015-07-21 00:00:00+09:00,1352.4362668944634,1353.3722089476776,1343.0768463623217,1344.94873046875,393300,0.0,0.0
2015-07-22 00:00:00+09:00,1347.7565401322615,1357.1159605498467,1343.076829923469,1353.3721923828125,530300,0.0,0.0
2015-07-23 00:00:00+09:00,1355.2440312982915,1371.1550454778985,1355.2440312982915,1362.7315673828125,324600,0.0,0.0
2015-07-24 00:00:00+09:00,1371.155042059148,1384.258230174389,1369.283158042685,1378.642578125,479300,0.0,0.0
2015-07-27 00:00:00+09:00,1383.3223462860087,1385.1942303811184,1372.091041715351,1376.770751953125,305500,0.0,0.0
2015-07-28 00:00:00+09:00,1372.0909265757416,1383.3222302039194,1359.9236809785486,1380.514404296875,365100,0.0,0.0
2015-07-29 00:00:00+09:00,1384.2582842919135,1396.425530874601,1373.9629217988702,1392.6817626953125,456300,0.0,0.0
2015-07-30 00:00:00+09:00,1394.5537339541245,1399.2334444707492,1385.1943129208753,1389.8740234375,317900,0.0,0.0
2015-07-31 00:00:00+09:00,1387.0662031000777,1394.5537399589175,1378.642724133883,1393.6177978515625,289000,0.0,0.0
2015-08-03 00:00:00+09:00,1393.617538228054,1407.656667222964,1390.809712429072,1402.041015625,473800,0.0,0.0
2015-08-04 00:00:00+09:00,1402.9773006883368,1408.5929536597378,1397.361647716936,1406.7210693359375,364300,0.0,0.0
2015-08-05 00:00:00+09:00,1407.6568603515625,1423.5678753954298,1403.9130921059466,1407.6568603515625,590400,0.0,0.0
2015-08-06 00:00:00+09:00,1412.3365089782194,1430.11940736827,1409.5286829166325,1425.439697265625,504200,0.0,0.0
2015-08-07 00:00:00+09:00,1426.3758018296471,1427.311743956832,1409.5288435403206,1412.336669921875,380600,0.0,0.0
2015-08-10 00:00:00+09:00,1413.272475849273,1442.2866789958475,1413.272475849273,1440.414794921875,581100,0.0,0.0
2015-08-11 00:00:00+09:00,1443.2226210328338,1448.8382732547514,1429.1834904780396,1440.414794921875,491200,0.0,0.0
2015-08-12 00:00:00+09:00,1445.094773671773,1454.4541957810463,1420.760276187663,1435.7353515625,653400,0.0,0.0
2015-08-13 00:00:00+09:00,1436.6709852094127,1449.7741733481305,1429.1834491301456,1433.8631591796875,386600,0.0,0.0
2015-08-14 00:00:00+09:00,1435.735177493405,1446.0305405653917,1433.8632932984983,1441.350830078125,417000,0.0,0.0
2015-08-17 00:00:00+09:00,1446.030604972034,1462.8775634765625,1442.2868364154722,1462.8775634765625,691800,0.0,0.0
2015-08-18 00:00:00+09:00,1464.7494418747997,1464.7494418747997,1452.5821941148172,1459.1337890625,405400,0.0,0.0
2015-08-19 00:00:00+09:00,1453.5178469029383,1453.5178469029383,1431.9911820743694,1432.9271240234375,548900,0.0,0.0
2015-08-20 00:00:00+09:00,1429.1834461507538,1444.1585182780702,1414.2083740234375,1414.2083740234375,544100,0.0,0.0
2015-08-21 00:00:00+09:00,1399.2335495955176,1408.5929713319424,1387.0663013381652,1398.297607421875,747900,0.0,0.0
2015-08-24 00:00:00+09:00,1381.4506257888668,1398.2975846399504,1340.269170819551,1344.012939453125,1112400,0.0,0.0
2015-08-25 00:00:00+09:00,1310.3190332923402,1381.4506379567815,1272.8813466268448,1331.845703125,1223900,0.0,0.0
2015-08-26 00:00:00+09:00,1358.051728976331,1365.539264353182,1348.6923097552676,1358.9876708984375,1792800,0.0,0.0
2015-08-27 00:00:00+09:00,1367.4697385623397,1367.4697385623397,1325.0602704470364,1332.5997314453125,1596600,10.0,0.0
2015-08-28 00:00:00+09:00,1354.2758067351529,1359.930403005446,1333.5422870774123,1353.3333740234375,711400,0.0,0.0
2015-08-31 00:00:00+09:00,1353.3335123359539,1359.9305419921875,1334.484856175286,1359.9305419921875,479300,0.0,0.0
2015-09-01 00:00:00+09:00,1351.4485753923016,1353.3334409088877,1317.52099609375,1317.52099609375,546400,0.0,0.0
2015-09-02 00:00:00+09:00,1294.9024658203125,1317.5208495027632,1277.9386780584744,1294.9024658203125,547300,0.0,0.0
2015-09-03 00:00:00+09:00,1297.7299476897813,1305.2694099857279,1283.5934558848817,1284.535888671875,559600,0.0,0.0
2015-09-04 00:00:00+09:00,1294.9024658203125,1309.9813882752796,1282.6508413256515,1294.9024658203125,523700,0.0,0.0
2015-09-07 00:00:00+09:00,1294.9024334919955,1312.8086534602253,1277.9386461536724,1302.44189453125,467000,0.0,0.0
2015-09-08 00:00:00+09:00,1309.981295988873,1335.4269758390164,1306.2115656407036,1312.80859375,479500,0.0,0.0
2015-09-09 00:00:00+09:00,1333.5422923729855,1348.6212158203125,1315.6360707792846,1348.6212158203125,497100,0.0,0.0
2015-09-10 00:00:00+09:00,1333.542248218646,1348.6211711667013,1320.3481906390975,1344.8514404296875,327500,0.0,0.0
2015-09-11 00:00:00+09:00,1339.1968946931113,1370.2971744431975,1335.427163814313,1364.642578125,497900,0.0,0.0
2015-09-14 00:00:00+09:00,1370.2971071198315,1370.2971071198315,1353.3333189986781,1358.9879150390625,228400,0.0,0.0
2015-09-15 00:00:00+09:00,1364.6425348258442,1388.2033520707655,1359.93037137686,1381.6063232421875,481400,0.0,0.0
2015-09-16 00:00:00+09:00,1387.2608319256758,1394.80029296875,1369.3546119483742,1394.80029296875,385600,0.0,0.0
2015-09-17 00:00:00+09:00,1395.7427653049447,1404.2246592196946,1380.6638427898338,1403.2822265625,449500,0.0,0.0
2015-09-18 00:00:00+09:00,1399.5124561206715,1406.1094845333616,1391.030562447213,1394.80029296875,301800,0.0,0.0
2015-09-24 00:00:00+09:00,1393.8578058296707,1423.0732162290756,1384.4334798943787,1400.454833984375,606200,0.0,0.0
2015-09-25 00:00:00+09:00,1400.4549848486815,1418.3612060546875,1397.6276867635227,1418.3612060546875,379800,0.0,0.0
2015-09-28 00:00:00+09:00,1419.3035465751109,1438.1521992520711,1404.2246244335424,1436.267333984375,448000,0.0,0.0
2015-09-29 00:00:00+09:00,1426.8431120478328,1437.2098717786955,1417.418785019776,1429.67041015625,596300,0.0,0.0
2015-09-30 00:00:00+09:00,1439.0946026069319,1467.3675810471466,1434.3824395335625,1464.540283203125,787900,0.0,0.0
2015-10-01 00:00:00+09:00,1464.5402476917614,1478.676736569095,1446.6340284471387,1451.34619140625,432000,0.0,0.0
2015-10-02 00:00:00+09:00,1445.6916850876132,1459.828174837492,1426.8430320877746,1458.8857421875,416300,0.0,0.0
2015-10-05 00:00:00+09:00,1465.482899236222,1484.331553888778,1461.7131683057107,1474.9072265625,588600,0.0,0.0
2015-10-06 00:00:00+09:00,1489.043673565323,1507.8923276610865,1484.331510041382,1491.8709716796875,588100,0.0,0.0
2015-10-07 00:00:00+09:00,1500.3527759176588,1507.8922371031747,1473.9646617683532,1484.3314208984375,481400,0.0,0.0
2015-10-08 00:00:00+09:00,1484.3314464938255,1484.3314464938255,1419.3035926474295,1460.7706298828125,966900,0.0,0.0
2015-10-09 00:00:00+09:00,1446.634087639886,1451.3462507918075,1390.0881298168285,1394.80029296875,995900,0.0,0.0
2015-10-13 00:00:00+09:00,1391.9729726582323,1399.5124335798746,1372.1818877389208,1392.9154052734375,714100,0.0,0.0
2015-10-14 00:00:00+09:00,1413.6491534059987,1428.7280777089961,1395.7429307961895,1407.0521240234375,791300,0.0,0.0
2015-10-15 00:00:00+09:00,1414.5914032307076,1421.188431760098,1404.2246441130942,1417.418701171875,496600,0.0,0.0
2015-10-16 00:00:00+09:00,1424.0156766103075,1430.6127048937437,1395.7426982527236,1397.6275634765625,538200,0.0,0.0
2015-10-19 00:00:00+09:00,1397.6275362037875,1408.9367273261375,1379.7213169267327,1400.454833984375,487400,0.0,0.0
2015-10-20 00:00:00+09:00,1398.5698875809992,1412.7063756630173,1391.0304272705894,1408.9366455078125,437000,0.0,0.0
2015-10-21 00:00:00+09:00,1409.879024010035,1425.9003765556035,1405.1668614966325,1414.5911865234375,425600,0.0,0.0
2015-10-22 00:00:00+09:00,1413.6487714830562,1413.6487714830562,1391.9728236536494,1395.7425537109375,326700,0.0,0.0
2015-10-23 00:00:00+09:00,1413.6489857916388,1414.591418448833,1400.4549285909168,1403.2822265625,319800,0.0,0.0
2015-10-26 00:00:00+09:00,1413.6488999777694,1413.6488999777694,1389.1456523781546,1391.030517578125,359500,0.0,0.0
2015-10-27 00:00:00+09:00,1393.857828201786,1411.7640477662446,1392.9153955931306,1402.3397216796875,471800,0.0,0.0
2015-10-28 00:00:00+09:00,1405.1669743375958,1406.1094069159578,1389.1456205054435,1398.5699462890625,341600,0.0,0.0
2015-10-29 00:00:00+09:00,1408.936668095305,1422.1307238500438,1398.5699100022962,1410.821533203125,1493800,0.0,0.0
2015-10-30 00:00:00+09:00,1410.821587729502,1413.648885500503,1400.4548292358315,1405.1669921875,428900,0.0,0.0
2015-11-02 00:00:00+09:00,1399.512393086682,1403.2821234384307,1382.5486065038133,1384.4334716796875,451000,0.0,0.0
2015-11-04 00:00:00+09:00,1397.6276459609799,1403.2822419662166,1381.6062906128095,1389.145751953125,471000,0.0,0.0
2015-11-05 00:00:00+09:00,1389.1456971864443,1398.5700234902872,1381.60623614337,1394.80029296875,386000,0.0,0.0
2015-11-06 00:00:00+09:00,1395.7426982527236,1407.051889595757,1388.203237357368,1397.6275634765625,312200,0.0,0.0
2015-11-09 00:00:00+09:00,1397.6276477670924,1410.8217051296947,1397.6276477670924,1409.8792724609375,352500,0.0,0.0
2015-11-10 00:00:00+09:00,1410.821592513196,1410.821592513196,1396.6851036102582,1400.454833984375,368000,0.0,0.0
2015-11-11 00:00:00+09:00,1401.3973682905098,1423.0733195149091,1399.512502966649,1419.3035888671875,463500,0.0,0.0
2015-11-12 00:00:00+09:00,1423.073392759514,1444.7493450995596,1422.1309600490772,1440.9796142578125,601200,0.0,0.0
2015-11-13 00:00:00+09:00,1433.4402243221507,1444.7494174134497,1430.612926049326,1441.922119140625,310800,0.0,0.0
2015-11-16 00:00:00+09:00,1427.7855447506386,1438.1523044815012,1424.0158139394157,1429.67041015625,279200,0.0,0.0
2015-11-17 00:00:00+09:00,1426.8430000816502,1436.2673263701683,1417.418673793132,1420.2459716796875,405500,0.0,0.0
2015-11-18 00:00:00+09:00,1427.785500112308,1432.4976634790153,1422.1309040722592,1425.900634765625,342800,0.0,0.0
2015-11-19 00:00:00+09:00,1435.3250898373672,1454.1737449895322,1433.4402243221507,1441.922119140625,661100,0.0,0.0
2015-11-20 00:00:00+09:00,1440.0370769500732,1447.5765380859375,1433.440048456192,1447.5765380859375,343800,0.0,0.0
2015-11-24 00:00:00+09:00,1447.5766116100065,1473.0222942359635,1447.5766116100065,1469.2525634765625,567600,0.0,0.0
2015-11-25 00:00:00+09:00,1461.7129725593536,1464.5402703786174,1449.4613486758774,1453.2310791015625,274800,0.0,0.0
2015-11-26 00:00:00+09:00,1454.173711531184,1459.8283079467296,1446.6342496437896,1449.4615478515625,255600,0.0,0.0
2015-11-27 00:00:00+09:00,1446.63426064696,1454.1737225916997,1433.4402022436652,1440.0372314453125,326500,0.0,0.0
2015-11-30 00:00:00+09:00,1440.0372314453125,1448.519126133145,1429.6704712712954,1440.0372314453125,309700,0.0,0.0
2015-12-01 00:00:00+09:00,1436.267189296567,1440.0369194522011,1429.6701615242075,1434.38232421875,249400,0.0,0.0
2015-12-02 00:00:00+09:00,1434.3826349867577,1445.6918279038675,1425.9007402989253,1440.0372314453125,297300,0.0,0.0
2015-12-03 00:00:00+09:00,1445.6916405870506,1457.9432646598223,1443.8067753450857,1455.115966796875,397200,0.0,0.0
2015-12-04 00:00:00+09:00,1438.1524158570214,1447.5767436149313,1435.3251175296487,1439.0948486328125,233700,0.0,0.0
2015-12-07 00:00:00+09:00,1450.4039916193299,1460.7707517933472,1436.2675004729426,1440.0372314453125,414000,0.0,0.0
2015-12-08 00:00:00+09:00,1449.4614379095262,1467.3676585338962,1442.8644092584425,1460.7706298828125,530300,0.0,0.0
2015-12-09 00:00:00+09:00,1458.8857765735036,1482.4465933786312,1457.9433439012985,1472.079833984375,546100,0.0,0.0
2015-12-10 00:00:00+09:00,1459.828174837492,1466.4252033874354,1455.1160115875323,1458.8857421875,279900,0.0,0.0
2015-12-11 00:00:00+09:00,1456.0583994178573,1476.791917079471,1449.4613710709805,1455.115966796875,434400,0.0,0.0
2015-12-14 00:00:00+09:00,1438.152388110192,1449.461581201491,1430.612926049326,1441.922119140625,331000,0.0,0.0
2015-12-15 00:00:00+09:00,1441.922119140625,1469.2526691112644,1436.2675225949754,1441.922119140625,467200,0.0,0.0
2015-12-16 00:00:00+09:00,1441.92196959852,1455.1160268366766,1427.7854797004954,1444.749267578125,508300,0.0,0.0
2015-12-17 00:00:00+09:00,1452.288763281755,1464.5403881504526,1442.86443645968,1457.943359375,410600,0.0,0.0
2015-12-18 00:00:00+09:00,1457.943331889491,1481.504148500504,1455.1160338961695,1460.7706298828125,603100,0.0,0.0
2015-12-21 00:00:00+09:00,1457.9435207560912,1464.5405502617748,1435.3251338794614,1445.69189453125,350500,0.0,0.0
2015-12-22 00:00:00+09:00,1451.3464747180951,1451.3464747180951,1435.3251175296487,1439.0948486328125,207800,0.0,0.0
2015-12-24 00:00:00+09:00,1449.461411171771,1449.461411171771,1415.5338358777633,1417.418701171875,310800,0.0,0.0
2015-12-25 00:00:00+09:00,1417.418701171875,1417.418701171875,1417.418701171875,1417.418701171875,0,0.0,0.0
2015-12-28 00:00:00+09:00,1434.3825460333574,1435.3249787180048,1411.7641616018195,1432.4976806640625,249600,0.0,0.0
2015-12-29 00:00:00+09:00,1437.2097962256462,1454.173583984375,1426.8430370397562,1454.173583984375,284600,0.0,0.0
2015-12-30 00:00:00+09:00,1456.058407086428,1474.9070596053461,1454.173541834536,1471.1373291015625,303100,0.0,0.0
2016-01-04 00:00:00+09:00,1462.6554727874677,1479.6192604873224,1457.0008768875161,1458.8857421875,328400,0.0,0.0
2016-01-05 00:00:00+09:00,1450.4038113307524,1477.7343574831839,1445.6916482010229,1471.1373291015625,390900,0.0,0.0
2016-01-06 00:00:00+09:00,1469.2524561116115,1482.4465128053655,1451.3462363129452,1455.115966796875,458000,0.0,0.0
2016-01-07 00:00:00+09:00,1449.4613309878869,1462.6553873167752,1436.2672746589983,1446.634033203125,481300,0.0,0.0
2016-01-08 00:00:00+09:00,1438.152196647959,1441.921927176525,1415.5338134765625,1415.5338134765625,659800,0.0,0.0
2016-01-12 00:00:00+09:00,1410.8215377848526,1437.2096493800268,1399.5123471012064,1406.109375,794400,0.0,0.0
2016-01-13 00:00:00+09:00,1405.1670696911128,1406.1095023334274,1353.3332743638082,1355.2181396484375,1400000,0.0,0.0
2016-01-14 00:00:00+09:00,1354.2758508370734,1357.1031490642908,1305.2693482319742,1315.6361083984375,1095200,0.0,0.0
2016-01-15 00:00:00+09:00,1332.5999477604535,1358.9880655378881,1329.772649427157,1335.42724609375,662500,0.0,0.0
2016-01-18 00:00:00+09:00,1319.4058616103362,1321.2907271269223,1307.154235752526,1317.52099609375,539200,0.0,0.0
2016-01-19 00:00:00+09:00,1317.5211462533603,1330.7152063732078,1307.1543847306227,1314.69384765625,475100,0.0,0.0
2016-01-20 00:00:00+09:00,1320.348317095088,1330.7150776147496,1297.7299305067354,1298.67236328125,590200,0.0,0.0
2016-01-21 00:00:00+09:00,1295.8449348751692,1309.0389923938983,1259.09006035871,1261.9173583984375,668000,0.0,0.0
2016-01-22 00:00:00+09:00,1278.8812098236301,1313.751220703125,1276.0539116442117,1313.751220703125,419800,0.0,0.0
2016-01-25 00:00:00+09:00,1343.90918425562,1360.872974800221,1332.5999905592191,1359.9305419921875,475900,0.0,0.0
2016-01-26 00:00:00+09:00,1352.3910360935295,1355.218334426826,1333.542380538219,1335.42724609375,296500,0.0,0.0
2016-01-27 00:00:00+09:00,1347.6786660813684,1351.4483966158616,1326.945148141655,1343.908935546875,436300,0.0,0.0
2016-01-28 00:00:00+09:00,1338.2544506359898,1359.930403005446,1334.4847197891277,1353.3333740234375,361800,0.0,0.0
2016-01-29 00:00:00+09:00,1360.8728585857236,1375.9517822265625,1342.9666367622272,1375.9517822265625,703300,0.0,0.0
2016-02-01 00:00:00+09:00,1393.8578505138423,1404.224609375,1385.3759569001677,1404.224609375,435400,0.0,0.0
2016-02-02 00:00:00+09:00,1403.282109180872,1410.8215698077672,1391.0304856621674,1398.5699462890625,539200,0.0,0.0
2016-02-03 00:00:00+09:00,1385.3759989531143,1391.9730275195577,1367.4697785584822,1387.2608642578125,444900,0.0,0.0
2016-02-04 00:00:00+09:00,1381.606253633247,1389.145714771764,1353.3332743638082,1355.2181396484375,667800,0.0,0.0
2016-02-05 00:00:00+09:00,1347.6785935786734,1357.102919407895,1326.945076754386,1342.9664306640625,441500,0.0,0.0
2016-02-08 00:00:00+09:00,1336.3695747090571,1370.2971520641531,1329.7725457788997,1362.7576904296875,384100,0.0,0.0
2016-02-09 00:00:00+09:00,1334.484606620593,1340.1392024113582,1318.4632518800915,1323.1754150390625,1035800,0.0,0.0
2016-02-10 00:00:00+09:00,1331.6573162468112,1334.4846141581631,1275.1113580197705,1293.017578125,708200,0.0,0.0
2016-02-12 00:00:00+09:00,1271.341655476888,1274.1689534505208,1229.8746185302734,1244.0111083984375,924400,0.0,0.0
2016-02-15 00:00:00+09:00,1309.0391124538455,1312.8088435192274,1290.1904571269363,1308.0966796875,631100,0.0,0.0
2016-02-16 00:00:00+09:00,1316.5785411408433,1336.3696287313642,1310.9239446864087,1315.6361083984375,489900,0.0,0.0
2016-02-17 00:00:00+09:00,1320.3480947279556,1328.829988270105,1303.3843076436565,1321.29052734375,474700,0.0,0.0
2016-02-18 00:00:00+09:00,1340.1392200234761,1344.8513832443746,1325.0602977166016,1329.7724609375,540800,0.0,0.0
2016-02-19 00:00:00+09:00,1326.0030491096811,1346.736572265625,1320.3484518853327,1346.736572265625,484100,0.0,0.0
2016-02-22 00:00:00+09:00,1346.736572265625,1351.4487366192486,1341.0819750412766,1346.736572265625,564000,0.0,0.0
2016-02-23 00:00:00+09:00,1348.6213390168948,1351.4486374215423,1325.060518978165,1327.8878173828125,656900,0.0,0.0
2016-02-24 00:00:00+09:00,1329.7724335709588,1347.6786534418648,1329.7724335709588,1332.5997314453125,1663300,0.0,0.0
2016-02-25 00:00:00+09:00,1322.1592563726963,1341.1421602689302,1307.9220784505208,1332.599853515625,1257400,10.0,0.0
2016-02-26 00:00:00+09:00,1338.2947278056488,1349.6844701699522,1327.8541306383709,1342.09130859375,532600,0.0,0.0
2016-02-29 00:00:00+09:00,1343.989695079291,1354.4302929930425,1333.5490971655395,1335.4473876953125,617700,0.0,0.0
2016-03-01 00:00:00+09:00,1328.8031742115006,1338.2946254558685,1319.311722967133,1329.7523193359375,363300,0.0,0.0
2016-03-02 00:00:00+09:00,1340.1930181996995,1342.09130859375,1330.7015662294466,1342.09130859375,526000,0.0,0.0
2016-03-03 00:00:00+09:00,1330.7015806028242,1331.6507258101014,1302.227224384504,1310.76953125,846800,0.0,0.0
2016-03-04 00:00:00+09:00,1319.3117943165041,1326.9049557226424,1311.718632910366,1325.955810546875,662600,0.0,0.0
2016-03-07 00:00:00+09:00,1291.7866417406576,1295.583222612783,1269.0071565079054,1279.44775390625,1153400,0.0,0.0
2016-03-08 00:00:00+09:00,1283.2445555375648,1293.6851547320273,1272.8039563431023,1282.29541015625,595000,0.0,0.0
2016-03-09 00:00:00+09:00,1278.4986559531017,1287.0409632311848,1269.9563486750187,1273.7529296875,524400,0.0,0.0
2016-03-10 00:00:00+09:00,1275.6512032390513,1304.1255604542087,1275.6512032390513,1300.3289794921875,565500,0.0,0.0
2016-03-11 00:00:00+09:00,1287.0407483098786,1293.6847639722453,1284.1933130260072,1289.88818359375,429000,0.0,0.0
2016-03-14 00:00:00+09:00,1301.278025986421,1303.1763163233816,1288.9391387961778,1297.4814453125,360000,0.0,0.0
2016-03-15 00:00:00+09:00,1291.7865474925322,1294.6339829388787,1284.1933863022748,1290.83740234375,457100,0.0,0.0
2016-03-16 00:00:00+09:00,1290.8374789159373,1306.0238021973014,1290.8374789159373,1301.278076171875,336000,0.0,0.0
2016-03-17 00:00:00+09:00,1300.329028088477,1302.227318640431,1287.9901395007762,1299.3798828125,533700,0.0,0.0
2016-03-18 00:00:00+09:00,1299.379781177262,1302.2272167824715,1281.3460223442685,1287.0408935546875,576500,0.0,0.0
2016-03-22 00:00:00+09:00,1290.8375718357645,1295.5832982028076,1277.5495380080433,1285.1427001953125,469300,0.0,0.0
2016-03-23 00:00:00+09:00,1288.939284776753,1302.227318640431,1287.040994224799,1299.3798828125,355100,0.0,0.0
2016-03-24 00:00:00+09:00,1300.3288858637277,1317.4134989626673,1300.3288858637277,1311.7186279296875,489000,0.0,0.0
2016-03-25 00:00:00+09:00,1315.515205227599,1315.515205227599,1296.5323018332613,1302.2271728515625,296400,0.0,0.0
2016-03-28 00:00:00+09:00,1302.2272726307745,1309.8204345703125,1300.32898214589,1309.8204345703125,292200,0.0,0.0
2016-03-29 00:00:00+09:00,1307.922220574409,1326.905126533399,1302.227348786712,1325.0068359375,381700,0.0,0.0
2016-03-30 00:00:00+09:00,1328.8034448535916,1346.8372058908903,1327.8542995358391,1341.142333984375,521700,0.0,0.0
2016-03-31 00:00:00+09:00,1343.0405423255095,1343.0405423255095,1306.9730224609375,1306.9730224609375,422600,0.0,0.0
2016-04-01 00:00:00+09:00,1306.9730174234007,1307.9221626793362,1287.0409670487518,1287.9901123046875,450800,0.0,0.0
2016-04-04 00:00:00+09:00,1290.83740234375,1308.8711601706113,1287.9899668974035,1290.83740234375,393800,0.0,0.0
2016-04-05 00:00:00+09:00,1295.5831684987584,1296.5323136771458,1263.312232433588,1266.15966796875,405500,0.0,0.0
2016-04-06 00:00:00+09:00,1262.3631841069584,1265.2106198605832,1249.0751505900432,1264.261474609375,393400,0.0,0.0
2016-04-07 00:00:00+09:00,1266.1595885026438,1267.1087336214614,1248.1258312451098,1250.9732666015625,511600,0.0,0.0
2016-04-08 00:00:00+09:00,1243.380281587649,1283.2443822187035,1239.5837005751678,1273.7529296875,444600,0.0,0.0
2016-04-11 00:00:00+09:00,1280.3967497254555,1280.3967497254555,1261.4138475797854,1272.8035888671875,302800,0.0,0.0
2016-04-12 00:00:00+09:00,1305.0746443933253,1342.0913070342997,1296.5323376300234,1337.3455810546875,1024700,0.0,0.0
2016-04-13 00:00:00+09:00,1325.0065665771835,1335.4471627321614,1312.6676802122097,1323.1082763671875,592800,0.0,0.0
2016-04-14 00:00:00+09:00,1327.8539978203746,1328.803142922462,1307.9219506765378,1313.6168212890625,562600,0.0,0.0
2016-04-15 00:00:00+09:00,1307.922095628168,1313.6169668718321,1296.53235314084,1310.76953125,393700,0.0,0.0
2016-04-18 00:00:00+09:00,1299.3797140447443,1315.515181640625,1296.5322785866479,1305.0745849609375,382700,0.0,0.0
2016-04-19 00:00:00+09:00,1316.4644552251343,1325.0067624327955,1313.6170194892472,1324.0576171875,368100,0.0,0.0
2016-04-20 00:00:00+09:00,1325.9560538982523,1335.447507397882,1319.3120364485117,1321.2103271484375,315400,0.0,0.0
2016-04-21 00:00:00+09:00,1332.5997274171673,1333.5488725221653,1318.3625508421976,1323.1082763671875,334700,0.0,0.0
2016-04-22 00:00:00+09:00,1315.5151114932376,1317.4134016974124,1307.9219506765378,1313.6168212890625,390500,0.0,0.0
2016-04-25 00:00:00+09:00,1319.3119641498029,1326.905126533399,1314.5662376600555,1325.0068359375,389700,0.0,0.0
2016-04-26 00:00:00+09:00,1328.8031258358596,1333.5488512852733,1319.311674937032,1330.701416015625,331200,0.0,0.0
2016-04-27 00:00:00+09:00,1328.803489948141,1336.3966527478449,1319.3120364485117,1321.2103271484375,199100,0.0,0.0
2016-04-28 00:00:00+09:00,1330.701629904042,1331.6507751464844,1309.8204345703125,1309.8204345703125,416000,0.0,0.0
2016-05-02 00:00:00+09:00,1300.3289516263578,1301.2780968465229,1287.0409185440446,1288.939208984375,394300,0.0,0.0
2016-05-06 00:00:00+09:00,1294.6340845917925,1306.9729724947936,1289.8883584752539,1303.1763916015625,393600,0.0,0.0
2016-05-09 00:00:00+09:00,1312.667701357887,1321.2100074404761,1308.871120876736,1315.51513671875,336900,0.0,0.0
2016-05-10 00:00:00+09:00,1324.0575346503608,1368.6673583984375,1322.1592442781023,1368.6673583984375,842200,0.0,0.0
2016-05-11 00:00:00+09:00,1364.8707711478662,1364.8707711478662,1347.7861578789777,1349.6844482421875,263200,0.0,0.0
2016-05-12 00:00:00+09:00,1342.09133505234,1354.430222856923,1334.4981733264426,1348.7353515625,246000,0.0,0.0
2016-05-13 00:00:00+09:00,1351.5827558188885,1352.5319010125816,1322.1592548144042,1327.8541259765625,384100,0.0,0.0
2016-05-16 00:00:00+09:00,1331.6506765451168,1335.4472572337702,1310.7694827575242,1311.7186279296875,250000,0.0,0.0
2016-05-17 00:00:00+09:00,1320.2608200269146,1332.5997061953906,1311.7185142179699,1330.701416015625,250500,0.0,0.0
2016-05-18 00:00:00+09:00,1328.8034429570562,1334.4983148554436,1321.2102804258732,1331.65087890625,306400,0.0,0.0
2016-05-19 00:00:00+09:00,1334.4982436398948,1347.7862773603488,1326.905081513921,1340.193115234375,306100,0.0,0.0
2016-05-20 00:00:00+09:00,1341.1421333591513,1343.9895688864533,1321.2100846680387,1325.955810546875,346700,0.0,0.0
2016-05-23 00:00:00+09:00,1326.9051254788035,1326.9051254788035,1312.6679460208763,1320.2611083984375,259000,0.0,0.0
2016-05-24 00:00:00+09:00,1322.1593989928278,1325.0068348844131,1315.5153819124619,1320.2611083984375,238600,0.0,0.0
2016-05-25 00:00:00+09:00,1333.5488998336846,1334.4980449581215,1326.904883962627,1329.7523193359375,139200,0.0,0.0
2016-05-26 00:00:00+09:00,1332.5999531084012,1346.837132094602,1332.5999531084012,1340.193115234375,222400,0.0,0.0
2016-05-27 00:00:00+09:00,1346.8370611310256,1355.37936807266,1342.09133505234,1348.7353515625,240500,0.0,0.0
2016-05-30 00:00:00+09:00,1357.277518160398,1365.81982421875,1352.5317925724244,1365.81982421875,226400,0.0,0.0
2016-05-31 00:00:00+09:00,1365.8199228400497,1371.5147939568253,1356.3284709787567,1368.6673583984375,234300,0.0,0.0
2016-06-01 00:00:00+09:00,1368.6674780819003,1368.6674780819003,1357.2777348523698,1359.176025390625,163100,0.0,0.0
2016-06-02 00:00:00+09:00,1359.1759489356086,1362.0233845828202,1346.8370611310256,1348.7353515625,221400,0.0,0.0
2016-06-03 00:00:00+09:00,1343.0404629271445,1370.565673828125,1337.3455917062522,1370.565673828125,449600,0.0,0.0
2016-06-06 00:00:00+09:00,1359.17593138634,1370.565673828125,1352.5319149619654,1370.565673828125,210400,0.0,0.0
2016-06-07 00:00:00+09:00,1370.56574605306,1380.0571985880533,1362.972584025065,1366.7691650390625,411700,0.0,0.0
2016-06-08 00:00:00+09:00,1366.7690930141966,1370.565673828125,1357.2776409793757,1370.565673828125,186900,0.0,0.0
2016-06-09 00:00:00+09:00,1368.6673583984375,1377.2096650736012,1365.8199228400497,1368.6673583984375,233100,0.0,0.0
2016-06-10 00:00:00+09:00,1371.5148913065593,1375.3114723205567,1363.9217292785645,1366.7691650390625,234700,0.0,0.0
2016-06-13 00:00:00+09:00,1362.9723276124778,1362.9723276124778,1338.2945556640625,1338.2945556640625,252500,0.0,0.0
2016-06-14 00:00:00+09:00,1333.5490002709978,1351.5827589935238,1331.650709879153,1337.3455810546875,218400,0.0,0.0
2016-06-15 00:00:00+09:00,1338.2947527352026,1357.277657029319,1338.2947527352026,1343.9896240234375,257300,0.0,0.0
2016-06-16 00:00:00+09:00,1340.193053842288,1343.0404895090917,1294.6340831734283,1298.4306640625,592700,0.0,0.0
2016-06-17 00:00:00+09:00,1306.0238509352191,1318.3627390617874,1300.3289794921875,1300.3289794921875,272700,0.0,0.0
2016-06-20 00:00:00+09:00,1316.4644512674083,1322.1593227220617,1306.9729988429856,1309.8204345703125,260300,0.0,0.0
2016-06-21 00:00:00+09:00,1308.8711890395807,1309.8203342092977,1292.7357211543938,1302.2271728515625,473200,0.0,0.0
2016-06-22 00:00:00+09:00,1301.2780968465229,1304.1255325070185,1285.142628103714,1288.939208984375,413000,0.0,0.0
2016-06-23 00:00:00+09:00,1288.9392325876383,1289.8883778251845,1277.549489737085,1286.091796875,317800,0.0,0.0
2016-06-24 00:00:00+09:00,1300.3291171341116,1300.3291171341116,1233.8889432659453,1250.0244140625,785900,0.0,0.0
2016-06-27 00:00:00+09:00,1263.3121229602443,1304.1253620941968,1263.3121229602443,1294.6339111328125,530900,0.0,0.0
2016-06-28 00:00:00+09:00,1300.3290128945118,1342.091404549518,1299.3798676296253,1335.4473876953125,513000,0.0,0.0
2016-06-29 00:00:00+09:00,1343.0403530072012,1343.0403530072012,1323.1083053653983,1334.498046875,257400,0.0,0.0
2016-06-30 00:00:00+09:00,1333.5488998336846,1339.2437705803054,1325.0065937137535,1329.7523193359375,278400,0.0,0.0
2016-07-01 00:00:00+09:00,1330.7015615576415,1338.294723107186,1320.260964427018,1327.8541259765625,464700,0.0,0.0
2016-07-04 00:00:00+09:00,1330.7017354890968,1346.8372058908903,1325.0068635825814,1341.142333984375,328800,0.0,0.0
2016-07-05 00:00:00+09:00,1337.3456806406305,1344.9388427734375,1326.905082708021,1344.9388427734375,226500,0.0,0.0
2016-07-06 00:00:00+09:00,1343.0404086999727,1354.4301506818806,1333.5489570483828,1352.5318603515625,463000,0.0,0.0
2016-07-07 00:00:00+09:00,1355.3795118161975,1355.3795118161975,1329.7525882734542,1331.65087890625,336000,0.0,0.0
2016-07-08 00:00:00+09:00,1340.1929373429648,1344.9386630417714,1319.311744268216,1322.1591796875,362500,0.0,0.0
2016-07-11 00:00:00+09:00,1322.1591796875,1322.1591796875,1322.1591796875,1322.1591796875,0,0.0,0.0
2016-07-12 00:00:00+09:00,1372.4637473886544,1388.5992132984795,1370.565457281616,1377.20947265625,632200,0.0,0.0
2016-07-13 00:00:00+09:00,1386.701171875,1394.29433366487,1380.0571553088637,1386.701171875,410400,0.0,0.0
2016-07-14 00:00:00+09:00,1377.2096381104366,1381.0062187806238,1359.175879927047,1362.0233154296875,483900,0.0,0.0
2016-07-15 00:00:00+09:00,1372.464007358189,1373.4131525914936,1346.8370860589698,1350.6336669921875,475600,0.0,0.0
2016-07-19 00:00:00+09:00,1361.0742713548862,1374.3623046875,1355.379399926623,1374.3623046875,332100,0.0,0.0
2016-07-20 00:00:00+09:00,1372.4639423464942,1378.1588134765625,1360.1250548980124,1378.1588134765625,296600,0.0,0.0
2016-07-21 00:00:00+09:00,1381.00634765625,1388.599509705219,1378.1589118878865,1381.00634765625,304700,0.0,0.0
2016-07-22 00:00:00+09:00,1370.565455013291,1379.1077604808254,1364.8705847016015,1372.4637451171875,345300,0.0,0.0
2016-07-25 00:00:00+09:00,1375.3113998455353,1383.853706676874,1368.6673834211608,1370.565673828125,240700,0.0,0.0
2016-07-26 00:00:00+09:00,1370.565673828125,1382.904561473392,1363.9216574037503,1370.565673828125,302700,0.0,0.0
2016-07-27 00:00:00+09:00,1378.1589080810547,1386.7012153625487,1364.870874532064,1366.7691650390625,415900,0.0,0.0
2016-07-28 00:00:00+09:00,1366.769265098073,1382.904735588814,1362.9726838061338,1379.108154296875,322200,0.0,0.0
2016-07-29 00:00:00+09:00,1379.1079602578607,1384.8028313945072,1368.667363174009,1382.904541015625,375200,0.0,0.0
2016-08-01 00:00:00+09:00,1381.0064449428444,1388.5996075267226,1374.362427681951,1379.108154296875,232700,0.0,0.0
2016-08-02 00:00:00+09:00,1376.2603991758272,1383.853559998866,1370.5655285585478,1373.4129638671875,216100,0.0,0.0
2016-08-03 00:00:00+09:00,1368.667259571534,1375.3112753946968,1364.8706791011552,1365.81982421875,325800,0.0,0.0
2016-08-04 00:00:00+09:00,1365.819944756799,1368.6673803608787,1356.3284927432007,1361.07421875,316200,0.0,0.0
2016-08-05 00:00:00+09:00,1362.02336395136,1367.7182351595188,1358.2267831459205,1361.07421875,249400,0.0,0.0
2016-08-08 00:00:00+09:00,1369.6166007995605,1372.4640365600585,1358.2268577575683,1366.7691650390625,325600,0.0,0.0
2016-08-09 00:00:00+09:00,1371.5146567699444,1393.3449938673207,1363.9214960404224,1390.49755859375,429900,0.0,0.0
2016-08-10 00:00:00+09:00,1390.4977336519871,1407.5823474442982,1386.7011528092514,1403.7857666015625,334200,0.0,0.0
2016-08-12 00:00:00+09:00,1404.7347137803379,1408.5312940878523,1398.0906982421875,1398.0906982421875,230400,0.0,0.0
2016-08-15 00:00:00+09:00,1404.734812997544,1405.6839581414613,1399.0399421340405,1400.938232421875,179400,0.0,0.0
2016-08-16 00:00:00+09:00,1399.9892301944046,1399.9892301944046,1387.6503420638778,1388.5994873046875,267700,0.0,0.0
2016-08-17 00:00:00+09:00,1386.700976144451,1393.3449917727953,1380.0569605161065,1385.7518310546875,278500,0.0,0.0
2016-08-18 00:00:00+09:00,1385.7520252269703,1389.5486061180031,1381.0062991131792,1381.9554443359375,222000,0.0,0.0
2016-08-19 00:00:00+09:00,1381.9551956366702,1384.802630792515,1368.6671649093946,1372.4637451171875,286900,0.0,0.0
2016-08-22 00:00:00+09:00,1376.2605495858143,1389.548582478367,1376.2605495858143,1384.8028564453125,340200,0.0,0.0
2016-08-23 00:00:00+09:00,1382.9042058000766,1398.0905251499744,1380.0567709219706,1394.2939453125,417500,0.0,0.0
2016-08-24 00:00:00+09:00,1395.24331332383,1403.785619323772,1393.3450231016207,1401.8873291015625,365500,0.0,0.0
2016-08-25 00:00:00+09:00,1403.7856678536268,1404.734812997544,1399.0399421340405,1400.938232421875,419800,0.0,0.0
2016-08-26 00:00:00+09:00,1402.8364426704302,1404.734732849957,1384.802685964924,1385.7518310546875,1484300,0.0,0.0
2016-08-29 00:00:00+09:00,1380.0177448802376,1382.8848177574125,1358.0368528218958,1362.8153076171875,1034300,10.0,0.0
2016-08-30 00:00:00+09:00,1357.081078928413,1358.9924607297207,1344.6570972199136,1347.524169921875,377100,0.0,0.0
2016-08-31 00:00:00+09:00,1344.6573538457794,1344.6573538457794,1332.233369766181,1342.7459716796875,402800,0.0,0.0
2016-09-01 00:00:00+09:00,1342.7457251080748,1345.6127978307254,1336.0558887552231,1343.701416015625,251800,0.0,0.0
2016-09-02 00:00:00+09:00,1347.524169921875,1355.1696971271053,1340.8343336172982,1347.524169921875,287100,0.0,0.0
2016-09-05 00:00:00+09:00,1357.0811717788545,1361.8596266090617,1351.3470259826058,1358.9925537109375,359700,0.0,0.0
2016-09-06 00:00:00+09:00,1361.8597081042462,1376.195073452712,1358.9926350345531,1374.28369140625,327500,0.0,0.0
2016-09-07 00:00:00+09:00,1374.2837144706198,1374.2837144706198,1357.0812757637552,1365.6824951171875,259400,0.0,0.0
2016-09-08 00:00:00+09:00,1358.9925537109375,1363.7710085411447,1352.3027169486472,1358.9925537109375,264100,0.0,0.0
2016-09-09 00:00:00+09:00,1361.8595212255686,1363.7709030097449,1350.3912305205113,1352.3026123046875,225400,0.0,0.0
2016-09-12 00:00:00+09:00,1345.6130267351275,1351.3471731558736,1340.8345713845056,1349.435791015625,199700,0.0,0.0
2016-09-13 00:00:00+09:00,1353.258398026604,1362.8153076171875,1353.258398026604,1362.8153076171875,208200,0.0,0.0
2016-09-14 00:00:00+09:00,1358.0368727238795,1361.8596366161353,1354.2141088316237,1355.1697998046875,155000,0.0,0.0
2016-09-15 00:00:00+09:00,1352.3027169486472,1359.948244676979,1349.435644050523,1358.9925537109375,173800,0.0,0.0
2016-09-16 00:00:00+09:00,1359.9482028263985,1377.1506396857626,1356.125439079873,1375.2392578125,367400,0.0,0.0
2016-09-20 00:00:00+09:00,1372.3723093597878,1378.1064554991742,1359.9483260577842,1374.28369140625,277200,0.0,0.0
2016-09-21 00:00:00+09:00,1374.2837847491805,1384.79638671875,1369.505329308467,1384.79638671875,375800,0.0,0.0
2016-09-23 00:00:00+09:00,1384.7962621228448,1388.6190261314655,1380.017807112069,1385.751953125,281700,0.0,0.0
2016-09-26 00:00:00+09:00,1385.7518383940912,1388.6189111631825,1380.973383778939,1382.884765625,190300,0.0,0.0
2016-09-27 00:00:00+09:00,1382.8848650586474,1392.4417749761224,1378.10641009991,1391.486083984375,335500,0.0,0.0
2016-09-28 00:00:00+09:00,1390.530517578125,1392.4418997328714,1380.0179157270188,1390.530517578125,207600,0.0,0.0
2016-09-29 00:00:00+09:00,1392.4417749761224,1394.3531569596175,1383.8405560503948,1391.486083984375,237300,0.0,0.0
2016-09-30 00:00:00+09:00,1380.9734981142242,1390.5304081357758,1378.1064251077587,1385.751953125,255100,0.0,0.0
2016-10-03 00:00:00+09:00,1385.7520778068927,1388.6191510713209,1376.1951669254659,1384.79638671875,269500,0.0,0.0
2016-10-04 00:00:00+09:00,1384.796254566925,1388.6190185546875,1379.0621085852815,1388.6190185546875,165900,0.0,0.0
2016-10-05 00:00:00+09:00,1390.530517578125,1394.353281887618,1384.7963711138852,1390.530517578125,238900,0.0,0.0
2016-10-06 00:00:00+09:00,1394.352893600047,1404.8654925236938,1393.3972027888065,1399.13134765625,376300,0.0,0.0
2016-10-07 00:00:00+09:00,1400.0874653696435,1400.0874653696435,1377.15087890625,1377.15087890625,316800,0.0,0.0
2016-10-11 00:00:00+09:00,1378.1062092006607,1423.9793701171875,1378.1062092006607,1423.9793701171875,808000,0.0,0.0
2016-10-12 00:00:00+09:00,1406.7770408589572,1433.5363867448614,1402.954277160971,1429.713623046875,420300,0.0,0.0
2016-10-13 00:00:00+09:00,1429.7136084179426,1435.44775390625,1416.3339356118925,1435.44775390625,348200,0.0,0.0
2016-10-14 00:00:00+09:00,1430.66918001931,1437.3590158644238,1419.2008899991151,1434.491943359375,301200,0.0,0.0
2016-10-17 00:00:00+09:00,1434.492062991532,1437.3591357356856,1428.757917503225,1435.44775390625,260000,0.0,0.0
2016-10-18 00:00:00+09:00,1430.669284810438,1443.093266575659,1424.935139380336,1441.181884765625,282200,0.0,0.0
2016-10-19 00:00:00+09:00,1445.0047089041095,1470.8083644202543,1442.1376360689824,1465.07421875,423400,0.0,0.0
2016-10-20 00:00:00+09:00,1462.2071459148729,1467.9412915851271,1455.517309299576,1465.07421875,229500,0.0,0.0
2016-10-21 00:00:00+09:00,1464.1185228776467,1471.7640504122558,1459.340068168516,1466.985595703125,367500,0.0,0.0
2016-10-24 00:00:00+09:00,1466.9856749859052,1486.0994948554285,1463.1629110120007,1483.232421875,376700,0.0,0.0
2016-10-25 00:00:00+09:00,1471.7639967686257,1488.0107421875,1471.7639967686257,1488.0107421875,316100,0.0,0.0
2016-10-26 00:00:00+09:00,1475.5868420464478,1509.0360256420604,1475.5868420464478,1503.3018798828125,507100,0.0,0.0
2016-10-27 00:00:00+09:00,1508.080309927501,1519.5486012577483,1504.257546150752,1512.8587646484375,415600,0.0,0.0
2016-10-28 00:00:00+09:00,1512.858774543941,1513.8144654943794,1501.3904831386806,1509.0360107421875,570400,0.0,0.0
2016-10-31 00:00:00+09:00,1501.390475768657,1513.814458063369,1492.7892572569335,1511.903076171875,325400,0.0,0.0
2016-11-01 00:00:00+09:00,1512.858774543941,1512.858774543941,1502.346174089119,1509.0360107421875,236400,0.0,0.0
2016-11-02 00:00:00+09:00,1496.6120806046413,1496.6120806046413,1488.0108617505916,1488.966552734375,289500,0.0,0.0
2016-11-04 00:00:00+09:00,1471.7641274574412,1486.0994923352735,1463.162908530742,1484.1881103515625,384700,0.0,0.0
2016-11-07 00:00:00+09:00,1486.0993555251262,1496.6119554677477,1476.5424464863795,1489.922119140625,282600,0.0,0.0
2016-11-08 00:00:00+09:00,1495.6563472687253,1509.0360206628225,1495.6563472687253,1505.2132568359375,302300,0.0,0.0
2016-11-09 00:00:00+09:00,1509.9916281219932,1519.5485371607401,1467.9412283515073,1489.922119140625,587400,0.0,0.0
2016-11-10 00:00:00+09:00,1513.814492984694,1521.460020727041,1493.7449826610332,1498.5234375,376600,0.0,0.0
2016-11-11 00:00:00+09:00,1490.8778592531676,1499.479077671936,1467.9412768031189,1470.808349609375,399200,0.0,0.0
2016-11-14 00:00:00+09:00,1471.7639423617356,1478.4537784633799,1459.3399610301105,1461.2513427734375,331000,0.0,0.0
2016-11-15 00:00:00+09:00,1466.0300242106118,1471.764170328776,1458.3844960530598,1467.94140625,259700,0.0,0.0
2016-11-16 00:00:00+09:00,1471.7640405447937,1474.6311133510499,1462.2071311906068,1470.808349609375,198700,0.0,0.0
2016-11-17 00:00:00+09:00,1472.7197192098192,1490.8778468314847,1470.808337354907,1475.5867919921875,335300,0.0,0.0
2016-11-18 00:00:00+09:00,1481.3210424033384,1486.0994973788331,1471.7641324523493,1482.2767333984375,281800,0.0,0.0
2016-11-21 00:00:00+09:00,1486.0994923352735,1493.7450202701173,1483.2324193597071,1484.1881103515625,227500,0.0,0.0
2016-11-22 00:00:00+09:00,1481.320944952547,1482.2766358847746,1468.8969628335901,1472.7197265625,327600,0.0,0.0
2016-11-24 00:00:00+09:00,1468.8968818244034,1468.8968818244034,1453.6058277520608,1456.472900390625,425500,0.0,0.0
2016-11-25 00:00:00+09:00,1453.605929860247,1465.0742212200912,1449.7831660736322,1464.1185302734375,373000,0.0,0.0
2016-11-28 00:00:00+09:00,1472.719823447448,1484.1881153886352,1468.8970594670525,1482.2767333984375,331500,0.0,0.0
2016-11-29 00:00:00+09:00,1482.276730881524,1488.0108768423809,1476.542584920667,1483.232421875,267900,0.0,0.0
2016-11-30 00:00:00+09:00,1477.4981422105814,1497.5676512574262,1477.4981422105814,1488.0107421875,375100,0.0,0.0
2016-12-01 00:00:00+09:00,1499.4790281793717,1499.4790281793717,1487.0550464290009,1489.922119140625,271800,0.0,0.0
2016-12-02 00:00:00+09:00,1487.0551808085988,1492.78932675002,1483.2324168476512,1485.143798828125,204000,0.0,0.0
2016-12-05 00:00:00+09:00,1485.1438343394886,1486.099525352577,1468.8970871169845,1471.76416015625,211500,0.0,0.0
2016-12-06 00:00:00+09:00,1481.320944952547,1482.2766358847746,1472.7197265625,1472.7197265625,184600,0.0,0.0
2016-12-07 00:00:00+09:00,1481.320944952547,1482.2766358847746,1466.9855809691353,1472.7197265625,263700,0.0,0.0
2016-12-08 00:00:00+09:00,1481.3210702871347,1483.2324523133118,1465.0743230646308,1471.76416015625,306700,0.0,0.0
2016-12-09 00:00:00+09:00,1462.207116580704,1477.4981713946197,1462.207116580704,1476.54248046875,265300,0.0,0.0
2016-12-12 00:00:00+09:00,1476.542589938256,1484.1881179120464,1470.8084439579134,1481.321044921875,315600,0.0,0.0
2016-12-13 00:00:00+09:00,1484.1880484654725,1509.036013217631,1482.2766665614604,1508.080322265625,344500,0.0,0.0
2016-12-14 00:00:00+09:00,1509.9917041696374,1510.9473951216435,1500.4347946495764,1508.080322265625,248900,0.0,0.0
2016-12-15 00:00:00+09:00,1509.9916868961948,1523.3713600712244,1502.3461593676066,1514.7701416015625,319500,0.0,0.0
2016-12-16 00:00:00+09:00,1519.5487315503856,1521.4601136026504,1509.9918212890625,1509.9918212890625,241700,0.0,0.0
2016-12-19 00:00:00+09:00,1508.080329706101,1513.8144754464286,1504.2575658792164,1505.2132568359375,268700,0.0,0.0
2016-12-20 00:00:00+09:00,1505.213366158401,1509.9918212890625,1500.4349110277394,1509.9918212890625,180700,0.0,0.0
2016-12-21 00:00:00+09:00,1509.991716601935,1513.8144804414335,1502.3461889229377,1503.3018798828125,211500,0.0,0.0
2016-12-22 00:00:00+09:00,1503.3018724470573,1508.080327222795,1498.5234176713197,1506.1689453125,149700,0.0,0.0
2016-12-26 00:00:00+09:00,1509.991694280381,1519.5486037378516,1507.1246214431396,1511.903076171875,218000,0.0,0.0
2016-12-27 00:00:00+09:00,1515.7258129131847,1527.1941040575466,1514.7701219844878,1522.4156494140625,262400,0.0,0.0
2016-12-28 00:00:00+09:00,1522.4156396300925,1534.8396216233073,1514.7701122496526,1526.2384033203125,352300,0.0,0.0
2016-12-29 00:00:00+09:00,1531.9725390594501,1540.5737573074446,1526.2383935607872,1530.0611572265625,241400,0.0,0.0
2016-12-30 00:00:00+09:00,1527.1941987986577,1533.8840357145466,1519.5486708947844,1532.9283447265625,191600,0.0,0.0
2017-01-04 00:00:00+09:00,1532.9282926682693,1553.953493689904,1532.9282926682693,1552.997802734375,341700,0.0,0.0
2017-01-05 00:00:00+09:00,1556.8206787109375,1574.0231171497323,1553.9536056378051,1556.8206787109375,343600,0.0,0.0
2017-01-06 00:00:00+09:00,1558.732035405902,1571.1560185207254,1557.7763443970696,1566.3775634765625,220700,0.0,0.0
2017-01-10 00:00:00+09:00,1575.9343482785107,1576.8900392113662,1559.6876024199694,1567.3331298828125,303700,0.0,0.0
2017-01-11 00:00:00+09:00,1570.2004656163886,1573.0675388950551,1556.8207903159446,1560.6435546875,277600,0.0,0.0
2017-01-12 00:00:00+09:00,1576.890065032432,1613.206321075603,1574.0229921869184,1604.6051025390625,817300,0.0,0.0
2017-01-13 00:00:00+09:00,1605.56082345389,1662.902281434386,1594.0925318577906,1639.9656982421875,824000,0.0,0.0
2017-01-16 00:00:00+09:00,1640.9214319831979,1650.4783418957384,1619.896230175609,1623.718994140625,391200,0.0,0.0
2017-01-17 00:00:00+09:00,1619.8961878766825,1620.8518788429815,1590.2697679214157,1593.1368408203125,391100,0.0,0.0
2017-01-18 00:00:00+09:00,1591.2253636899202,1592.1810545990434,1563.510327325351,1582.6241455078125,465300,0.0,0.0
2017-01-19 00:00:00+09:00,1596.0038578684737,1603.6493853313166,1563.5103661513908,1567.3331298828125,551800,0.0,0.0
2017-01-20 00:00:00+09:00,1567.333154596434,1567.333154596434,1554.9091722734136,1557.7762451171875,309600,0.0,0.0
2017-01-23 00:00:00+09:00,1555.8648119705458,1556.8205028869895,1529.1054663101188,1530.0611572265625,573100,0.0,0.0
2017-01-24 00:00:00+09:00,1531.0170950317383,1541.5296968078612,1527.1943307495117,1529.105712890625,524600,0.0,0.0
2017-01-25 00:00:00+09:00,1542.485254606404,1546.3080185583406,1528.1498897866418,1532.9283447265625,440000,0.0,0.0
2017-01-26 00:00:00+09:00,1538.6624906544673,1539.6181816424514,1529.1055807746259,1532.9283447265625,425300,0.0,0.0
2017-01-27 00:00:00+09:00,1536.7510961291953,1542.4852420102743,1533.8840231886556,1537.706787109375,368500,0.0,0.0
2017-01-30 00:00:00+09:00,1541.5296528190468,1546.3081080354727,1538.662579689191,1545.3524169921875,406400,0.0,0.0
2017-01-31 00:00:00+09:00,1548.219343020129,1559.6876344499078,1545.3522701626844,1554.9091796875,377400,0.0,0.0
2017-02-01 00:00:00+09:00,1556.8204012851634,1570.2000732421875,1556.8204012851634,1570.2000732421875,470200,0.0,0.0
2017-02-02 00:00:00+09:00,1571.1560673466436,1573.0674494237076,1545.352409306279,1548.219482421875,604300,0.0,0.0
2017-02-03 00:00:00+09:00,1564.4661042144605,1566.3774861377524,1546.307975943187,1549.175048828125,381100,0.0,0.0
2017-02-06 00:00:00+09:00,1562.5548274159723,1563.5105184419149,1552.042226130605,1555.864990234375,295200,0.0,0.0
2017-02-07 00:00:00+09:00,1557.7762451171875,1561.5990089088862,1552.0420994296396,1557.7762451171875,272000,0.0,0.0
2017-02-08 00:00:00+09:00,1561.5992353342624,1565.421999680246,1559.6878531612706,1564.46630859375,286100,0.0,0.0
2017-02-09 00:00:00+09:00,1570.2002150229357,1571.1559059633028,1560.643305619266,1562.5546875,336400,0.0,0.0
2017-02-10 00:00:00+09:00,1574.0230462414427,1583.5799560546875,1569.2445913348201,1583.5799560546875,448200,0.0,0.0
2017-02-13 00:00:00+09:00,1600.7822217583018,1609.383439666257,1594.09238560767,1602.693603515625,527600,0.0,0.0
2017-02-14 00:00:00+09:00,1607.472346662039,1608.428037712373,1584.5357614540192,1586.4471435546875,517800,0.0,0.0
2017-02-15 00:00:00+09:00,1600.782368550704,1605.5608233821986,1588.3583859888179,1593.1368408203125,441900,0.0,0.0
2017-02-16 00:00:00+09:00,1597.9152956518071,1602.6937504833018,1592.1811498540135,1593.1368408203125,405500,0.0,0.0
2017-02-17 00:00:00+09:00,1597.9154155191472,1599.8267975951271,1588.358505139248,1594.0926513671875,567400,0.0,0.0
2017-02-20 00:00:00+09:00,1594.0926564961924,1602.6938758657761,1592.1812744140625,1592.1812744140625,1012300,0.0,0.0
2017-02-21 00:00:00+09:00,1590.2696605960264,1599.8265696140313,1584.5355151852234,1587.402587890625,847300,0.0,0.0
2017-02-22 00:00:00+09:00,1593.1367479583648,1596.0038206901436,1575.9343115676927,1581.66845703125,1110600,0.0,0.0
2017-02-23 00:00:00+09:00,1579.7570752100642,1587.4026024948075,1578.8013842994715,1581.66845703125,1468500,0.0,0.0
2017-02-24 00:00:00+09:00,1566.2844907313277,1580.7069998540837,1565.3229901231439,1570.1304931640625,1426600,10.0,0.0
2017-02-27 00:00:00+09:00,1567.246077374714,1580.7070866282393,1566.284576713748,1576.861083984375,450100,0.0,0.0
2017-02-28 00:00:00+09:00,1580.7072475057905,1591.2837558528486,1577.8227452293202,1582.6302490234375,511800,0.0,0.0
2017-03-01 00:00:00+09:00,1582.6300486607827,1587.4375518462648,1568.2075391043356,1571.092041015625,463000,0.0,0.0
2017-03-02 00:00:00+09:00,1575.8994691621274,1578.7839709360665,1569.1689650229357,1572.053466796875,391300,0.0,0.0
2017-03-03 00:00:00+09:00,1576.8610611337745,1577.8225617808073,1558.5925488401515,1561.47705078125,327100,0.0,0.0
2017-03-06 00:00:00+09:00,1557.631036739538,1563.4000405793142,1553.7850341796875,1553.7850341796875,295500,0.0,0.0
2017-03-07 00:00:00+09:00,1549.9390674161941,1552.8235694027007,1539.3625601323367,1547.0545654296875,447700,0.0,0.0
2017-03-08 00:00:00+09:00,1542.247042645256,1546.093045245369,1538.4010400451432,1544.1700439453125,349100,0.0,0.0
2017-03-09 00:00:00+09:00,1546.0932146225498,1548.9777168886367,1542.2472116011006,1545.1317138671875,263300,0.0,0.0
2017-03-10 00:00:00+09:00,1552.823486328125,1556.6694887710428,1548.977483885207,1552.823486328125,351700,0.0,0.0
2017-03-13 00:00:00+09:00,1560.5154753605768,1566.2844789663461,1557.6309735576922,1562.4384765625,278000,0.0,0.0
2017-03-14 00:00:00+09:00,1567.2461242489812,1583.5916359742773,1565.3231228695347,1577.8226318359375,383400,0.0,0.0
2017-03-15 00:00:00+09:00,1572.053530084251,1573.9765313442929,1559.5540218939786,1563.4000244140625,285600,0.0,0.0
2017-03-16 00:00:00+09:00,1565.3228534645084,1583.5913634250894,1565.3228534645084,1579.745361328125,349300,0.0,0.0
2017-03-17 00:00:00+09:00,1573.976797793873,1581.6688041361765,1568.2077930371452,1578.7843017578125,214600,0.0,0.0
2017-03-21 00:00:00+09:00,1570.1307391587322,1584.5532505410843,1569.1692383999089,1582.6302490234375,280200,0.0,0.0
2017-03-22 00:00:00+09:00,1567.2462137820326,1572.0537175052905,1552.8237026122592,1554.7467041015625,415100,0.0,0.0
2017-03-23 00:00:00+09:00,1555.7079645262174,1570.130473468055,1555.7079645262174,1567.2459716796875,230100,0.0,0.0
2017-03-24 00:00:00+09:00,1552.8236579309582,1569.1691701197053,1552.8236579309582,1566.28466796875,265800,0.0,0.0
2017-03-27 00:00:00+09:00,1557.6310481931189,1564.3615527223483,1552.823544957955,1561.47705078125,225800,0.0,0.0
2017-03-28 00:00:00+09:00,1557.6310676523124,1566.2845735837143,1557.6310676523124,1564.361572265625,248300,0.0,0.0
2017-03-29 00:00:00+09:00,1558.5925016937913,1563.4000047835316,1554.746499221999,1560.5155029296875,272300,0.0,0.0
2017-03-30 00:00:00+09:00,1558.592529296875,1567.2460350116633,1555.7080273919455,1558.592529296875,237300,0.0,0.0
2017-03-31 00:00:00+09:00,1562.4385595763445,1575.8995687050021,1556.6695556640625,1556.6695556640625,304100,0.0,0.0
2017-04-03 00:00:00+09:00,1538.4009335063897,1541.2854352567142,1498.017909001847,1504.7484130859375,1000100,0.0,0.0
2017-04-04 00:00:00+09:00,1511.4790898734366,1530.7091037395107,1511.4790898734366,1518.2095947265625,467200,0.0,0.0
2017-04-05 00:00:00+09:00,1520.132598800276,1533.5936085303226,1520.132598800276,1530.7091064453125,205700,0.0,0.0
2017-04-06 00:00:00+09:00,1534.5551627604166,1537.4396649460564,1512.4406460038442,1514.3636474609375,220700,0.0,0.0
2017-04-07 00:00:00+09:00,1524.9400471087388,1543.2085596529164,1519.1710431474194,1534.5550537109375,442000,0.0,0.0
2017-04-10 00:00:00+09:00,1536.4780550313774,1540.324057672257,1529.7475504098381,1534.5550537109375,268800,0.0,0.0
2017-04-11 00:00:00+09:00,1540.3240607945056,1551.8620687405319,1537.439558807999,1547.0545654296875,334300,0.0,0.0
2017-04-12 00:00:00+09:00,1561.4772237942914,1589.360745647761,1553.785217765748,1587.437744140625,1271600,0.0,0.0
2017-04-13 00:00:00+09:00,1588.399101143724,1617.2441211402806,1588.399101143724,1614.359619140625,853400,0.0,0.0
2017-04-14 00:00:00+09:00,1600.8984691829273,1614.3594773322131,1589.360462197825,1611.4749755859375,565400,0.0,0.0
2017-04-17 00:00:00+09:00,1603.7830098648205,1648.973538320244,1601.8600086539514,1647.050537109375,700900,0.0,0.0
2017-04-18 00:00:00+09:00,1640.3199660745959,1644.165968339718,1628.7819592792293,1643.2044677734375,470300,0.0,0.0
2017-04-19 00:00:00+09:00,1647.0506247176606,1696.087158203125,1646.0891240610829,1696.087158203125,915500,0.0,0.0
2017-04-20 00:00:00+09:00,1695.125597980495,1719.1631135502696,1686.4720923753762,1717.2401123046875,582600,0.0,0.0
2017-04-21 00:00:00+09:00,1709.5482624265642,1709.5482624265642,1679.7417404157522,1698.01025390625,550600,0.0,0.0
2017-04-24 00:00:00+09:00,1696.0872383096353,1721.0862565613645,1694.164236905656,1720.124755859375,500900,0.0,0.0
2017-04-25 00:00:00+09:00,1718.2017570266978,1740.316273205553,1715.3172549164124,1732.624267578125,694500,0.0,0.0
2017-04-26 00:00:00+09:00,1735.5087502497047,1742.2392550983186,1723.0092412451363,1729.73974609375,349200,0.0,0.0
2017-04-27 00:00:00+09:00,1732.6242232990369,1744.1622314453125,1732.6242232990369,1744.1622314453125,425500,0.0,0.0
2017-04-28 00:00:00+09:00,1742.23919426354,1754.738702831656,1739.3546922862824,1750.8927001953125,455500,0.0,0.0
2017-05-01 00:00:00+09:00,1749.9312717794514,1751.8542731770112,1736.4702619965326,1737.4317626953125,315000,0.0,0.0
2017-05-02 00:00:00+09:00,1741.2778042237271,1757.6233164665782,1740.3163035035593,1743.2008056640625,430500,0.0,0.0
2017-05-08 00:00:00+09:00,1747.0467310298102,1778.7762533875339,1745.1237296747968,1773.96875,552600,0.0,0.0
2017-05-09 00:00:00+09:00,1767.238347653069,1778.7763564516745,1763.3923447202005,1771.0843505859375,404500,0.0,0.0
2017-05-10 00:00:00+09:00,1768.1996827357023,1791.2756981710784,1768.1996827357023,1782.6221923828125,406700,0.0,0.0
2017-05-11 00:00:00+09:00,1788.3911800793824,1797.044685789444,1786.46817881048,1792.2371826171875,277600,0.0,0.0
2017-05-12 00:00:00+09:00,1788.391125043914,1798.0061310925373,1784.5451226244647,1796.0831298828125,279900,0.0,0.0
2017-05-15 00:00:00+09:00,1793.1985577412038,1814.3515702185798,1792.2370571740503,1809.5440673828125,413200,0.0,0.0
2017-05-16 00:00:00+09:00,1807.6213463541667,1808.5828470703125,1793.1988356119791,1802.8138427734375,302500,0.0,0.0
2017-05-17 00:00:00+09:00,1798.9678507119625,1816.274863706519,1796.0833485462028,1810.505859375,413400,0.0,0.0
2017-05-18 00:00:00+09:00,1790.3142783676074,1807.6212907256188,1790.3142783676074,1806.6597900390625,294000,0.0,0.0
2017-05-19 00:00:00+09:00,1812.4287157104689,1814.3517170003474,1793.1987028116841,1795.1217041015625,268800,0.0,0.0
2017-05-22 00:00:00+09:00,1796.0834047085107,1796.0834047085107,1746.085365605276,1751.8543701171875,738100,0.0,0.0
2017-05-23 00:00:00+09:00,1747.0467474082511,1766.2767611386666,1747.0467474082511,1764.353759765625,431500,0.0,0.0
2017-05-24 00:00:00+09:00,1777.814799960747,1786.4683062883007,1766.2767915240088,1774.9302978515625,240600,0.0,0.0
2017-05-25 00:00:00+09:00,1771.084194271478,1773.9686962165456,1746.0851774142259,1748.0081787109375,345900,0.0,0.0
2017-05-26 00:00:00+09:00,1745.1236061888362,1746.0851067983067,1726.8550946088978,1731.66259765625,409400,0.0,0.0
2017-05-29 00:00:00+09:00,1725.8938583516785,1750.8928780269675,1724.9323575949365,1747.046875,236700,0.0,0.0
2017-05-30 00:00:00+09:00,1748.0082788329807,1750.8927809432662,1728.778264764411,1732.624267578125,236400,0.0,0.0
2017-05-31 00:00:00+09:00,1727.8166584968567,1730.7011604309082,1721.0861539840698,1723.0091552734375,231600,0.0,0.0
2017-06-01 00:00:00+09:00,1723.009194243604,1730.7011995750488,1721.086192910743,1728.7781982421875,266400,0.0,0.0
2017-06-02 00:00:00+09:00,1741.2775957988347,1743.2005970089936,1727.8165873277228,1736.4700927734375,388600,0.0,0.0
2017-06-05 00:00:00+09:00,1744.162330055858,1773.968852785589,1744.162330055858,1771.0843505859375,400900,0.0,0.0
2017-06-06 00:00:00+09:00,1778.7761550653177,1781.6606569383964,1755.7001400806864,1759.546142578125,268500,0.0,0.0
2017-06-07 00:00:00+09:00,1764.3536456999232,1764.3536456999232,1751.8541375832478,1759.546142578125,199800,0.0,0.0
2017-06-08 00:00:00+09:00,1759.5460913569916,1761.4690925497316,1746.0850830078125,1746.0850830078125,223800,0.0,0.0
2017-06-09 00:00:00+09:00,1748.9696760436505,1750.8926773367166,1728.778162466456,1735.5086669921875,350700,0.0,0.0
2017-06-12 00:00:00+09:00,1730.7011670405323,1753.7771826010726,1723.9706625020413,1748.0081787109375,321300,0.0,0.0
2017-06-13 00:00:00+09:00,1748.0080842005523,1753.777087778772,1744.1620818150725,1746.0850830078125,148900,0.0,0.0
2017-06-14 00:00:00+09:00,1748.0082206414586,1772.0457374269572,1746.0852192986188,1766.2767333984375,292800,0.0,0.0
2017-06-15 00:00:00+09:00,1768.199499649318,1796.083015413228,1768.199499649318,1791.2755126953125,354800,0.0,0.0
2017-06-16 00:00:00+09:00,1789.352727829675,1804.7367383859753,1776.853219252681,1793.19873046875,294600,0.0,0.0
2017-06-19 00:00:00+09:00,1798.0062126244304,1822.043728835987,1797.044711975968,1820.1207275390625,261000,0.0,0.0
2017-06-20 00:00:00+09:00,1826.851227269754,1848.9657421261772,1824.928225977891,1837.427734375,372200,0.0,0.0
2017-06-21 00:00:00+09:00,1841.2738314686928,1849.927337726248,1838.389329382841,1839.350830078125,254800,0.0,0.0
2017-06-22 00:00:00+09:00,1839.350684713425,1843.1966871906095,1822.0436735660953,1823.9666748046875,237500,0.0,0.0
2017-06-23 00:00:00+09:00,1823.9668051979759,1827.8128079501064,1814.3517983176491,1819.1593017578125,207700,0.0,0.0
2017-06-26 00:00:00+09:00,1820.120664385967,1835.5046742275813,1820.120664385967,1828.774169921875,198300,0.0,0.0
2017-06-27 00:00:00+09:00,1829.735725877157,1831.6587271655196,1820.120719435343,1824.92822265625,166300,0.0,0.0
2017-06-28 00:00:00+09:00,1822.0437221598613,1823.0052228048005,1790.3142008768664,1795.1217041015625,410900,0.0,0.0
2017-06-29 00:00:00+09:00,1797.0448492681228,1810.505859375,1790.314344214684,1810.505859375,260700,0.0,0.0
2017-06-30 00:00:00+09:00,1812.4286797359634,1812.4286797359634,1794.1601678447255,1801.8521728515625,377400,0.0,0.0
2017-07-03 00:00:00+09:00,1802.8137288629052,1804.7367301736924,1790.314220342789,1798.0062255859375,298300,0.0,0.0
2017-07-04 00:00:00+09:00,1809.5440751219533,1811.4670762644846,1798.9675688380312,1804.736572265625,266400,0.0,0.0
2017-07-05 00:00:00+09:00,1806.6596795482867,1816.274685825819,1799.9291751540143,1814.3516845703125,266700,0.0,0.0
2017-07-06 00:00:00+09:00,1816.274852799479,1816.274852799479,1800.890841341146,1802.8138427734375,268800,0.0,0.0
2017-07-07 00:00:00+09:00,1800.8907293472166,1800.8907293472166,1768.19970703125,1768.19970703125,604600,0.0,0.0
2017-07-10 00:00:00+09:00,1841.2736769169264,1896.0792119478742,1832.6201713857242,1888.38720703125,1429100,0.0,0.0
2017-07-11 00:00:00+09:00,1878.772236383016,1898.0022490379088,1868.195729422825,1881.65673828125,617900,0.0,0.0
2017-07-12 00:00:00+09:00,1878.7722088208668,1896.0792199563712,1876.8492075835886,1883.5797119140625,375400,0.0,0.0
2017-07-13 00:00:00+09:00,1890.3103554089705,1917.2323747128623,1889.348854719546,1916.2708740234375,515000,0.0,0.0
2017-07-14 00:00:00+09:00,1920.1168767811364,1941.2698919484799,1914.347872644588,1916.2708740234375,558400,0.0,0.0
2017-07-17 00:00:00+09:00,1916.2708740234375,1916.2708740234375,1916.2708740234375,1916.2708740234375,0,0.0,0.0
2017-07-18 00:00:00+09:00,1916.270720604089,1917.2322212165348,1894.1562065178402,1905.6942138671875,396800,0.0,0.0
2017-07-19 00:00:00+09:00,1915.3092002155445,1930.69320985583,1901.8481917802947,1902.8096923828125,399900,0.0,0.0
2017-07-20 00:00:00+09:00,1900.8869327766365,1906.6559371249723,1889.348924079965,1890.3104248046875,331700,0.0,0.0
2017-07-21 00:00:00+09:00,1894.156151344709,1898.9636542669036,1874.9261396559302,1879.733642578125,386200,0.0,0.0
2017-07-24 00:00:00+09:00,1883.5799089223299,1883.5799089223299,1870.1188988534618,1882.618408203125,312300,0.0,0.0
2017-07-25 00:00:00+09:00,1877.8106372648608,1878.7721378471776,1856.6576244538894,1867.234130859375,382400,0.0,0.0
2017-07-26 00:00:00+09:00,1873.0032101296629,1873.9647107508795,1832.6201840385716,1836.4661865234375,704400,0.0,0.0
2017-07-27 00:00:00+09:00,1799.9292907878828,1806.659795614547,1765.3152659650389,1789.352783203125,1453900,0.0,0.0
2017-07-28 00:00:00+09:00,1803.7752295182988,1805.6982308290858,1783.5837157550343,1798.0062255859375,544900,0.0,0.0
2017-07-31 00:00:00+09:00,1798.0062337675938,1804.7367383859753,1784.545224530831,1793.19873046875,643300,0.0,0.0
2017-08-01 00:00:00+09:00,1799.9292059075342,1824.92822265625,1798.0062046191715,1824.92822265625,416000,0.0,0.0
2017-08-02 00:00:00+09:00,1838.3891877658705,1843.1966908719526,1824.9281790688399,1836.4661865234375,475500,0.0,0.0
2017-08-03 00:00:00+09:00,1844.1579766118568,1865.3109878138698,1837.42747304758,1864.3494873046875,481700,0.0,0.0
2017-08-04 00:00:00+09:00,1867.2344074113446,1893.1949269788554,1863.388404512454,1890.3104248046875,469600,0.0,0.0
2017-08-07 00:00:00+09:00,1896.079326236351,1898.0023275814183,1878.7723141307454,1893.19482421875,436700,0.0,0.0
2017-08-08 00:00:00+09:00,1898.0021578160727,1900.8866595756715,1887.4256513642101,1892.233154296875,358500,0.0,0.0
2017-08-09 00:00:00+09:00,1887.4257420777178,1889.348743343207,1872.0417319538035,1881.65673828125,428500,0.0,0.0
2017-08-10 00:00:00+09:00,1879.7337518736372,1903.7712678822515,1879.7337518736372,1901.8482666015625,476100,0.0,0.0
2017-08-11 00:00:00+09:00,1901.8482666015625,1901.8482666015625,1901.8482666015625,1901.8482666015625,0,0.0,0.0
2017-08-14 00:00:00+09:00,1892.2333288618017,1901.8483356141483,1875.8878173828125,1875.8878173828125,554000,0.0,0.0
2017-08-15 00:00:00+09:00,1886.4644110799445,1893.1949161143787,1875.887903168691,1882.618408203125,319400,0.0,0.0
2017-08-16 00:00:00+09:00,1885.502773397167,1886.464274046528,1862.4267578125,1862.4267578125,470500,0.0,0.0
2017-08-17 00:00:00+09:00,1870.1184903597818,1876.8489939240587,1864.3494873046875,1864.3494873046875,337900,0.0,0.0
2017-08-18 00:00:00+09:00,1864.3498033558237,1864.3498033558237,1845.119789912236,1850.8887939453125,471200,0.0,0.0
2017-08-21 00:00:00+09:00,1852.8115357391594,1865.311042726502,1852.8115357391594,1860.5035400390625,407300,0.0,0.0
2017-08-22 00:00:00+09:00,1860.5039669639186,1861.4654677220396,1826.8514404296875,1826.8514404296875,884400,0.0,0.0
2017-08-23 00:00:00+09:00,1841.2737369587257,1846.081240188383,1829.7357292075483,1837.427734375,969900,0.0,0.0
2017-08-24 00:00:00+09:00,1842.2352766774259,1853.7732846733177,1840.3122753447772,1843.19677734375,444100,0.0,0.0
2017-08-25 00:00:00+09:00,1850.8888468552436,1850.8888468552436,1824.9283279642868,1834.5433349609375,688600,0.0,0.0
2017-08-28 00:00:00+09:00,1838.3892269253981,1849.9272346257667,1828.7742205084242,1842.2352294921875,1766900,0.0,0.0
2017-08-29 00:00:00+09:00,1828.7037162556726,1836.4360786922716,1804.5400836413007,1810.33935546875,1776000,10.0,0.0
2017-08-30 00:00:00+09:00,1812.272435527737,1827.737160310907,1812.272435527737,1824.8375244140625,357600,0.0,0.0
2017-08-31 00:00:00+09:00,1818.071717905349,1820.9713538190736,1791.9749946818272,1810.33935546875,536800,0.0,0.0
2017-09-01 00:00:00+09:00,1808.406268077187,1810.339358689776,1792.9415431764733,1794.8746337890625,395100,0.0,0.0
2017-09-04 00:00:00+09:00,1795.8410817971717,1796.8076270510992,1774.5770862107681,1782.3094482421875,395100,0.0,0.0
2017-09-05 00:00:00+09:00,1787.1423078884252,1793.9081251708585,1766.8448560411257,1767.8114013671875,355000,0.0,0.0
2017-09-06 00:00:00+09:00,1751.38006152982,1776.5102390131399,1736.8818822125204,1774.5771484375,524400,0.0,0.0
2017-09-07 00:00:00+09:00,1777.4767887879243,1791.9749681418225,1776.5102434976643,1791.0084228515625,307200,0.0,0.0
2017-09-08 00:00:00+09:00,1778.4432447973247,1784.242516247751,1772.6439733468987,1779.4097900390625,333800,0.0,0.0
2017-09-11 00:00:00+09:00,1795.8410494574184,1805.506501822636,1787.1421423287227,1793.907958984375,235000,0.0,0.0
2017-09-12 00:00:00+09:00,1797.7741399304618,1801.640320876549,1786.1755970922009,1793.907958984375,368100,0.0,0.0
2017-09-13 00:00:00+09:00,1801.6402272954424,1816.138405090202,1799.7071369228079,1813.23876953125,306400,0.0,0.0
2017-09-14 00:00:00+09:00,1807.4395059332546,1830.636590501382,1807.4395059332546,1814.205322265625,384600,0.0,0.0
2017-09-15 00:00:00+09:00,1815.1720194596044,1820.9712910872709,1812.272383645771,1818.0716552734375,357900,0.0,0.0
2017-09-18 00:00:00+09:00,1818.0716552734375,1818.0716552734375,1818.0716552734375,1818.0716552734375,0,0.0,0.0
2017-09-19 00:00:00+09:00,1819.038215462983,1820.9713060213921,1811.3058532293464,1820.0047607421875,311400,0.0,0.0
2017-09-20 00:00:00+09:00,1820.0046631512157,1825.8039345154787,1806.4730299679352,1807.4395751953125,291400,0.0,0.0
2017-09-21 00:00:00+09:00,1804.5399035902008,1806.472994006473,1783.2759090112054,1787.14208984375,346600,0.0,0.0
2017-09-22 00:00:00+09:00,1782.3093638030691,1788.108635051886,1770.7108213054353,1787.14208984375,326000,0.0,0.0
2017-09-25 00:00:00+09:00,1788.1086184654707,1802.6067964530287,1775.543530876254,1800.6737060546875,355100,0.0,0.0
2017-09-26 00:00:00+09:00,1790.0418079007056,1797.774169921875,1790.0418079007056,1797.774169921875,239000,0.0,0.0
2017-09-27 00:00:00+09:00,1793.907906300703,1795.8409967169753,1783.2759090112054,1787.14208984375,177400,0.0,0.0
2017-09-28 00:00:00+09:00,1792.941650390625,1792.941650390625,1775.5438338369693,1792.941650390625,232700,0.0,0.0
2017-09-29 00:00:00+09:00,1789.0752178303246,1792.9413987440585,1783.2759464597239,1791.974853515625,187600,0.0,0.0
2017-10-02 00:00:00+09:00,1794.8745466238395,1819.038178107736,1792.9414561051276,1815.1719970703125,374100,0.0,0.0
2017-10-03 00:00:00+09:00,1820.004666703786,1844.1682974353816,1818.0715762452583,1839.3355712890625,443700,0.0,0.0
2017-10-04 00:00:00+09:00,1837.4025580326256,1838.3691033025007,1820.9712884447483,1833.536376953125,305800,0.0,0.0
2017-10-05 00:00:00+09:00,1834.5029639104432,1854.8004150390625,1827.7371468675701,1854.8004150390625,379000,0.0,0.0
2017-10-06 00:00:00+09:00,1847.0680618653125,1847.0680618653125,1802.606978220203,1808.40625,625000,0.0,0.0
2017-10-09 00:00:00+09:00,1808.40625,1808.40625,1808.40625,1808.40625,0,0.0,0.0
2017-10-10 00:00:00+09:00,1850.9342264408117,1862.5327698963154,1834.5029565455145,1853.8338623046875,1115500,0.0,0.0
2017-10-11 00:00:00+09:00,1841.2687794755143,1843.201870057641,1807.4396942883002,1822.9044189453125,731300,0.0,0.0
2017-10-12 00:00:00+09:00,1825.8039496658196,1827.7370401366145,1803.5734092516777,1809.3726806640625,556500,0.0,0.0
2017-10-13 00:00:00+09:00,1809.37265625,1823.8708345853365,1809.37265625,1821.937744140625,439200,0.0,0.0
2017-10-16 00:00:00+09:00,1835.4694674928753,1848.034556001252,1833.536376953125,1833.536376953125,402400,0.0,0.0
2017-10-17 00:00:00+09:00,1834.503033112693,1834.503033112693,1811.305945233502,1816.138671875,416800,0.0,0.0
2017-10-18 00:00:00+09:00,1814.2055217797968,1815.1720670764296,1802.606978220203,1808.40625,374600,0.0,0.0
2017-10-19 00:00:00+09:00,1811.3058709746188,1817.1051427066614,1804.5400539539025,1806.47314453125,236900,0.0,0.0
2017-10-20 00:00:00+09:00,1802.6068640162803,1812.2723163702549,1795.841047368498,1809.3726806640625,344700,0.0,0.0
2017-10-23 00:00:00+09:00,1819.0382377810593,1825.8040548185022,1813.2389660346798,1822.9044189453125,280200,0.0,0.0
2017-10-24 00:00:00+09:00,1823.8710087782233,1828.7037353515625,1819.0382822048841,1828.7037353515625,273500,0.0,0.0
2017-10-25 00:00:00+09:00,1819.0382332840088,1822.9044144387037,1805.5065992425762,1806.47314453125,378500,0.0,0.0
2017-10-26 00:00:00+09:00,1807.4395375596932,1812.2722635959492,1802.6068115234375,1802.6068115234375,214700,0.0,0.0
2017-10-27 00:00:00+09:00,1809.372588785981,1816.138405090202,1803.5733176680772,1813.23876953125,240400,0.0,0.0
2017-10-30 00:00:00+09:00,1813.2388371394231,1825.803925030048,1811.3057466947116,1821.937744140625,464400,0.0,0.0
2017-10-31 00:00:00+09:00,1817.1051471989329,1828.703690691692,1809.3727848704268,1822.9044189453125,274200,0.0,0.0
2017-11-01 00:00:00+09:00,1828.7035606971153,1833.5362868088941,1820.9711989182692,1821.937744140625,271900,0.0,0.0
2017-11-02 00:00:00+09:00,1823.8707953344417,1840.3020637608781,1816.138433722001,1832.5697021484375,364400,0.0,0.0
2017-11-03 00:00:00+09:00,1832.5697021484375,1832.5697021484375,1832.5697021484375,1832.5697021484375,0,0.0,0.0
2017-11-06 00:00:00+09:00,1841.268684251111,1853.833772385108,1837.402503286804,1842.2352294921875,372100,0.0,0.0
2017-11-07 00:00:00+09:00,1837.4025554108607,1849.0010986328125,1830.6367385313888,1849.0010986328125,289700,0.0,0.0
2017-11-08 00:00:00+09:00,1849.0011238178454,1849.9676690995066,1834.5029445929276,1836.43603515625,258100,0.0,0.0
2017-11-09 00:00:00+09:00,1836.4360978689053,1843.2019150715803,1813.239010316877,1828.7037353515625,468300,0.0,0.0
2017-11-10 00:00:00+09:00,1810.3391264322916,1821.9376686197916,1804.5398553385417,1812.272216796875,418500,0.0,0.0
2017-11-13 00:00:00+09:00,1815.1719541878535,1816.1384994243751,1791.9748685113314,1793.907958984375,349600,0.0,0.0
2017-11-14 00:00:00+09:00,1793.9080063312567,1797.7741873793846,1783.2760084489055,1784.2425537109375,350500,0.0,0.0
2017-11-15 00:00:00+09:00,1781.3428143068556,1781.3428143068556,1748.4802773093336,1755.24609375,442600,0.0,0.0
2017-11-16 00:00:00+09:00,1753.3131993973766,1771.6775603612962,1745.5808368862524,1764.9117431640625,349500,0.0,0.0
2017-11-17 00:00:00+09:00,1768.7777114413932,1770.710801836411,1749.446807491214,1753.31298828125,495000,0.0,0.0
2017-11-20 00:00:00+09:00,1754.279640652486,1758.1458216787173,1744.6141880869075,1751.3800048828125,344300,0.0,0.0
2017-11-21 00:00:00+09:00,1763.9451830010667,1773.6106360586066,1758.1459111665426,1762.9786376953125,309900,0.0,0.0
2017-11-22 00:00:00+09:00,1771.6774152378034,1776.5101414113926,1762.011962890625,1762.011962890625,255300,0.0,0.0
2017-11-23 00:00:00+09:00,1762.011962890625,1762.011962890625,1762.011962890625,1762.011962890625,0,0.0,0.0
2017-11-24 00:00:00+09:00,1760.0790681979465,1774.5772483313726,1754.2797961445758,1771.6776123046875,217700,0.0,0.0
2017-11-27 00:00:00+09:00,1776.5102091293668,1778.443299672489,1769.7443922284388,1770.7109375,186300,0.0,0.0
2017-11-28 00:00:00+09:00,1776.510176718623,1784.2425387500425,1768.7778146872035,1782.3094482421875,184100,0.0,0.0
2017-11-29 00:00:00+09:00,1786.1756120071987,1795.841064453125,1781.3428857842352,1795.841064453125,249900,0.0,0.0
2017-11-30 00:00:00+09:00,1796.8075252580054,1801.6402512538582,1783.2758924696182,1800.6737060546875,307500,0.0,0.0
2017-12-01 00:00:00+09:00,1803.5734937818022,1808.4062201852905,1798.740767378314,1804.5400390625,305500,0.0,0.0
2017-12-04 00:00:00+09:00,1812.2722694648312,1832.5697188828374,1812.2722694648312,1819.0380859375,379400,0.0,0.0
2017-12-05 00:00:00+09:00,1817.105154614633,1823.8709716796875,1805.5066110745397,1823.8709716796875,246200,0.0,0.0
2017-12-06 00:00:00+09:00,1819.0382822048841,1849.967732274255,1815.1721009462126,1828.7037353515625,596500,0.0,0.0
2017-12-07 00:00:00+09:00,1834.5028824716244,1846.1014254588001,1827.7370657291053,1844.1683349609375,337900,0.0,0.0
2017-12-08 00:00:00+09:00,1845.1347418079515,1879.9303681594897,1845.1347418079515,1857.6998291015625,601500,0.0,0.0
2017-12-11 00:00:00+09:00,1860.5996867900965,1860.5996867900965,1842.2353262451552,1854.8004150390625,225500,0.0,0.0
2017-12-12 00:00:00+09:00,1859.6330965862683,1862.5327323917563,1848.0345533643165,1849.0010986328125,203000,0.0,0.0
2017-12-13 00:00:00+09:00,1849.0010235817006,1849.9675688109644,1832.5697546842157,1839.3355712890625,276900,0.0,0.0
2017-12-14 00:00:00+09:00,1836.4359878619928,1850.9341667135348,1836.4359878619928,1846.1014404296875,219000,0.0,0.0
2017-12-15 00:00:00+09:00,1848.0344148328036,1869.2984091457333,1841.2685984605077,1862.5325927734375,334000,0.0,0.0
2017-12-18 00:00:00+09:00,1865.4324057601914,1865.4324057601914,1846.1015000010184,1853.8338623046875,226400,0.0,0.0
2017-12-19 00:00:00+09:00,1855.7669454225352,1859.6331265588321,1850.9342190021641,1852.8673095703125,165000,0.0,0.0
2017-12-20 00:00:00+09:00,1850.93408203125,1853.833717668897,1844.1682655434074,1850.93408203125,137700,0.0,0.0
2017-12-21 00:00:00+09:00,1848.0344913131182,1858.6664889095848,1841.2686746608213,1856.7333984375,171500,0.0,0.0
2017-12-22 00:00:00+09:00,1853.8338623046875,1858.6665887444808,1849.967681152853,1853.8338623046875,141500,0.0,0.0
2017-12-25 00:00:00+09:00,1854.800208648872,1863.499115307465,1854.800208648872,1859.6329345703125,144500,0.0,0.0
2017-12-26 00:00:00+09:00,1860.5996764063711,1874.1313104165993,1856.7334952605918,1869.298583984375,238800,0.0,0.0
2017-12-27 00:00:00+09:00,1868.3321680823037,1877.9976216160974,1864.4659866687862,1870.2652587890625,212900,0.0,0.0
2017-12-28 00:00:00+09:00,1869.298549271228,1869.298549271228,1846.1014628273244,1849.0010986328125,240700,0.0,0.0
2017-12-29 00:00:00+09:00,1849.0010986328125,1857.7000060492762,1841.2687364848446,1849.0010986328125,163100,0.0,0.0
2018-01-01 00:00:00+09:00,1849.0010986328125,1849.0010986328125,1849.0010986328125,1849.0010986328125,0,0.0,0.0
2018-01-02 00:00:00+09:00,1849.0010986328125,1849.0010986328125,1849.0010986328125,1849.0010986328125,0,0.0,0.0
2018-01-03 00:00:00+09:00,1849.0010986328125,1849.0010986328125,1849.0010986328125,1849.0010986328125,0,0.0,0.0
2018-01-04 00:00:00+09:00,1853.8339176167988,1854.8004629335958,1833.5364659640602,1845.135009765625,429600,0.0,0.0
2018-01-05 00:00:00+09:00,1849.0009375431434,1862.5325701231768,1842.2351212531266,1859.6329345703125,232900,0.0,0.0
2018-01-08 00:00:00+09:00,1859.6329345703125,1859.6329345703125,1859.6329345703125,1859.6329345703125,0,0.0,0.0
2018-01-09 00:00:00+09:00,1862.5327624110548,1863.4993076951291,1849.0011284340155,1852.8673095703125,312200,0.0,0.0
2018-01-10 00:00:00+09:00,1855.76675383316,1861.5660249388886,1851.9005730960077,1859.6329345703125,252000,0.0,0.0
2018-01-11 00:00:00+09:00,1856.7334358318326,1861.566162109375,1843.2018022547136,1861.566162109375,317600,0.0,0.0
2018-01-12 00:00:00+09:00,1861.5662533551565,1862.532798658041,1821.9378959369003,1825.8040771484375,1058300,0.0,0.0
2018-01-15 00:00:00+09:00,1837.4026187546358,1873.164794921875,1833.5364375473669,1873.164794921875,832800,0.0,0.0
2018-01-16 00:00:00+09:00,1875.0977164078543,1894.4286207007187,1874.131171193211,1882.830078125,433200,0.0,0.0
2018-01-17 00:00:00+09:00,1882.8299883524576,1882.8299883524576,1852.8670881271362,1855.7667236328125,394700,0.0,0.0
2018-01-18 00:00:00+09:00,1861.5661191539605,1862.532664387166,1838.3690335570263,1840.3021240234375,398400,0.0,0.0
2018-01-19 00:00:00+09:00,1842.235410748106,1854.8005001183712,1842.235410748106,1849.9677734375,267400,0.0,0.0
2018-01-22 00:00:00+09:00,1860.5995341567395,1861.5660793692887,1848.0344463936033,1850.93408203125,213400,0.0,0.0
2018-01-23 00:00:00+09:00,1855.7668532014575,1859.6330341456273,1852.8672174933304,1856.7333984375,170500,0.0,0.0
2018-01-24 00:00:00+09:00,1859.633274564807,1874.1314549798133,1857.7001838428062,1872.1983642578125,286500,0.0,0.0
2018-01-25 00:00:00+09:00,1872.1980282342786,1880.8969349219958,1870.2649378592303,1876.064208984375,272400,0.0,0.0
2018-01-26 00:00:00+09:00,1884.7632832813704,1899.2614623835348,1879.9305569139824,1881.8636474609375,378500,0.0,0.0
2018-01-29 00:00:00+09:00,1885.7298035913584,1899.261437240912,1883.7967130699938,1894.4287109375,323200,0.0,0.0
2018-01-30 00:00:00+09:00,1895.3951961329726,1904.0941032034452,1881.8635629122375,1886.6962890625,355100,0.0,0.0
2018-01-31 00:00:00+09:00,1883.7966099240002,1883.7966099240002,1865.4322509765625,1865.4322509765625,502600,0.0,0.0
2018-02-01 00:00:00+09:00,1876.0645781878432,1894.4289403648493,1872.1983966768944,1892.495849609375,319000,0.0,0.0
2018-02-02 00:00:00+09:00,1892.4954969892617,1911.8264009421653,1890.5624065939714,1909.893310546875,394100,0.0,0.0
2018-02-05 00:00:00+09:00,1891.5289319847616,1898.2947482974305,1870.2649378592303,1876.064208984375,662200,0.0,0.0
2018-02-06 00:00:00+09:00,1836.4360723220145,1844.1684347317914,1800.6738961767962,1841.268798828125,1211200,0.0,0.0
2018-02-07 00:00:00+09:00,1884.7633724008183,1927.2913664447342,1871.2317379322997,1893.4622802734375,1065400,0.0,0.0
2018-02-08 00:00:00+09:00,1894.4287748937343,1922.4585883998152,1890.5625937204818,1918.5924072265625,660300,0.0,0.0
2018-02-09 00:00:00+09:00,1881.8636641516816,1920.5254754336884,1879.9305735875812,1915.6927490234375,628700,0.0,0.0
2018-02-12 00:00:00+09:00,1915.6927490234375,1915.6927490234375,1915.6927490234375,1915.6927490234375,0,0.0,0.0
2018-02-13 00:00:00+09:00,1923.4249643885103,1939.8562329285128,1917.6256931390978,1928.2576904296875,704600,0.0,0.0
2018-02-14 00:00:00+09:00,1929.2243302511868,1942.755963830103,1904.0941536046282,1908.9268798828125,912500,0.0,0.0
2018-02-15 00:00:00+09:00,1930.1906457310702,1932.1237360122232,1861.565940750146,1864.465576171875,913200,0.0,0.0
2018-02-16 00:00:00+09:00,1875.0978305465942,1888.629464375281,1874.1312852731166,1881.8636474609375,473800,0.0,0.0
2018-02-19 00:00:00+09:00,1899.2613770531827,1902.1610127433403,1877.9973819920274,1886.6962890625,895700,0.0,0.0
2018-02-20 00:00:00+09:00,1887.6629015559265,1897.3283542008621,1881.8636299689651,1895.395263671875,539000,0.0,0.0
2018-02-21 00:00:00+09:00,1896.3618906883873,1910.8600702808062,1892.4957094637423,1906.02734375,586000,0.0,0.0
2018-02-22 00:00:00+09:00,1906.993804298752,1916.6592569307782,1901.1945327195363,1910.8599853515625,697000,0.0,0.0
2018-02-23 00:00:00+09:00,1913.7594866789436,1920.5253030459905,1871.2314980860783,1877.997314453125,1722400,0.0,0.0
2018-02-26 00:00:00+09:00,1879.9404303249428,1879.9404303249428,1855.651794274233,1860.509521484375,1258000,10.0,0.0
2018-02-27 00:00:00+09:00,1865.367248694517,1870.2249759046588,1851.7656125061194,1860.509521484375,413600,0.0,0.0
2018-02-28 00:00:00+09:00,1859.5379029269538,1888.6842650417964,1852.7370851001572,1874.111083984375,578600,0.0,0.0
2018-03-01 00:00:00+09:00,1868.2820910341252,1879.9406376240418,1853.7089077967296,1877.0260009765625,371300,0.0,0.0
2018-03-02 00:00:00+09:00,1864.395834692458,1896.456836539697,1862.4527436714134,1890.6275634765625,663700,0.0,0.0
2018-03-05 00:00:00+09:00,1884.7981929583227,1897.4282839420641,1882.8551020377472,1892.570556640625,331800,0.0,0.0
2018-03-06 00:00:00+09:00,1894.5137074451573,1912.0015262831125,1882.855161553187,1907.143798828125,615100,0.0,0.0
2018-03-07 00:00:00+09:00,1906.1723137832269,1938.2333160028224,1902.2861316960032,1912.0015869140625,586200,0.0,0.0
2018-03-08 00:00:00+09:00,1913.9446779576742,1920.7454966103157,1906.1723137832269,1912.0015869140625,246300,0.0,0.0
2018-03-09 00:00:00+09:00,1923.6600469998573,1932.403956304402,1912.0015012604642,1914.9161376953125,354200,0.0,0.0
2018-03-12 00:00:00+09:00,1921.7169689680093,1922.6885144528262,1901.3145137868526,1906.1722412109375,211200,0.0,0.0
2018-03-13 00:00:00+09:00,1903.2575311081612,1925.6030763942701,1897.4282584248283,1919.7738037109375,315400,0.0,0.0
2018-03-14 00:00:00+09:00,1912.9730822040187,1930.4609011373211,1910.0584457151351,1927.5462646484375,267200,0.0,0.0
2018-03-15 00:00:00+09:00,1929.489438996322,1946.0057131468445,1920.745529151928,1944.0626220703125,473100,0.0,0.0
2018-03-16 00:00:00+09:00,1944.0625226883033,1975.1519783234985,1940.1763407339038,1965.4365234375,488600,0.0,0.0
2018-03-19 00:00:00+09:00,1962.5218614113792,1987.7820437859812,1959.6072249835404,1982.92431640625,436200,0.0,0.0
2018-03-20 00:00:00+09:00,1984.8674073581424,1994.5828621176047,1977.0950435505727,1982.92431640625,407700,0.0,0.0
2018-03-21 00:00:00+09:00,1982.92431640625,1982.92431640625,1982.92431640625,1982.92431640625,0,0.0,0.0
2018-03-22 00:00:00+09:00,1982.9242894678039,2040.2454717699109,1981.9527440050563,2029.5584716796875,692100,0.0,0.0
2018-03-23 00:00:00+09:00,2004.2982424251065,2019.8429694628194,1988.7535153873937,1996.52587890625,500600,0.0,0.0
2018-03-26 00:00:00+09:00,1996.525939645119,2031.5015765440116,1984.8673940121548,2001.3836669921875,494600,0.0,0.0
2018-03-27 00:00:00+09:00,2011.0992408277887,2030.5301513671877,2004.298422138999,2030.5301513671875,381400,0.0,0.0
2018-03-28 00:00:00+09:00,2020.8142972071328,2056.761474609375,2013.0419345255668,2056.761474609375,407000,0.0,0.0
2018-03-29 00:00:00+09:00,2059.67628167527,2077.164099161192,2054.818554595847,2070.36328125,318900,0.0,0.0
2018-03-30 00:00:00+09:00,2073.278186166784,2076.1928227921358,2052.8757297893226,2072.306640625,241800,0.0,0.0
2018-04-02 00:00:00+09:00,2069.3920039996483,2080.079004959271,2064.534276290729,2072.306640625,237000,0.0,0.0
2018-04-03 00:00:00+09:00,2059.676583068791,2092.7091320425357,2052.8757641624316,2084.936767578125,346600,0.0,0.0
2018-04-04 00:00:00+09:00,2096.595188814051,2120.883826311897,2091.737461314482,2114.0830078125,421100,0.0,0.0
2018-04-05 00:00:00+09:00,2127.6846671690173,2147.115577371474,2116.997666557666,2135.45703125,391900,0.0,0.0
2018-04-06 00:00:00+09:00,2139.3430415091752,2173.3471316330724,2120.8836782990597,2160.717041015625,436200,0.0,0.0
2018-04-09 00:00:00+09:00,2170.4325674913193,2210.265931532118,2170.4325674913193,2185.977294921875,415000,0.0,0.0
2018-04-10 00:00:00+09:00,2190.8348624847786,2204.4364979946617,2138.3714112323714,2144.20068359375,613300,0.0,0.0
2018-04-11 00:00:00+09:00,2130.5991339551324,2132.5422248205723,2065.505589962887,2102.42431640625,669400,0.0,0.0
2018-04-12 00:00:00+09:00,1991.6681405212341,2044.1315939788667,1946.9770505388065,1956.6925048828125,1548900,0.0,0.0
2018-04-13 00:00:00+09:00,1971.2657481640235,1984.8673846718088,1924.6315658516169,1951.8348388671875,807800,0.0,0.0
2018-04-16 00:00:00+09:00,1956.6927700080198,1980.009863593021,1941.1480409513522,1978.0667724609375,613600,0.0,0.0
2018-04-17 00:00:00+09:00,1990.696666828637,2001.3836669921875,1979.0381211956728,2001.3836669921875,559600,0.0,0.0
2018-04-18 00:00:00+09:00,2002.3555007905284,2026.64414102331,2002.3555007905284,2024.7010498046875,628800,0.0,0.0
2018-04-19 00:00:00+09:00,2014.9852428689342,2014.9852428689342,1959.6071527804436,1977.094970703125,788000,0.0,0.0
2018-04-20 00:00:00+09:00,1977.0949096679688,1986.8103637695312,1965.4363647460937,1981.95263671875,423900,0.0,0.0
2018-04-23 00:00:00+09:00,1983.8958762075981,1983.8958762075981,1949.891784303942,1954.74951171875,463200,0.0,0.0
2018-04-24 00:00:00+09:00,1957.6641845703125,1958.63573007134,1945.0340930569557,1957.6641845703125,301400,0.0,0.0
2018-04-25 00:00:00+09:00,1952.8063231452102,1960.5786866204148,1944.0624142356046,1956.6925048828125,416800,0.0,0.0
2018-04-26 00:00:00+09:00,1957.6641836660879,1970.2942751736111,1949.8918196614584,1967.379638671875,346200,0.0,0.0
2018-04-27 00:00:00+09:00,1971.2656737560717,1977.0949463250893,1961.550219474376,1975.15185546875,315500,0.0,0.0
2018-04-30 00:00:00+09:00,1975.15185546875,1975.15185546875,1975.15185546875,1975.15185546875,0,0.0,0.0
2018-05-01 00:00:00+09:00,1978.0665531196069,1980.0096440362272,1962.5218257866431,1970.294189453125,267800,0.0,0.0
2018-05-02 00:00:00+09:00,1974.1804580877792,1974.1804580877792,1952.8064570651752,1957.6641845703125,348100,0.0,0.0
2018-05-03 00:00:00+09:00,1957.6641845703125,1957.6641845703125,1957.6641845703125,1957.6641845703125,0,0.0,0.0
2018-05-04 00:00:00+09:00,1957.6641845703125,1957.6641845703125,1957.6641845703125,1957.6641845703125,0,0.0,0.0
2018-05-07 00:00:00+09:00,1962.5219343032797,1981.9528445439064,1956.692661231092,1979.0382080078125,257100,0.0,0.0
2018-05-08 00:00:00+09:00,1980.9811280377676,1999.4404911729894,1970.2941283279022,1975.15185546875,282700,0.0,0.0
2018-05-09 00:00:00+09:00,1975.1520779997124,1980.9813512254864,1947.948802946101,1953.778076171875,575900,0.0,0.0
2018-05-10 00:00:00+09:00,1955.7209594484118,1960.5786866204148,1948.9201414076076,1956.6925048828125,245300,0.0,0.0
2018-05-11 00:00:00+09:00,1957.664231798107,1971.265869140625,1952.8065041757793,1971.265869140625,277500,0.0,0.0
2018-05-14 00:00:00+09:00,1975.1519759931161,1996.5259767170946,1968.351157580941,1994.5828857421875,319600,0.0,0.0
2018-05-15 00:00:00+09:00,2010.127697635964,2021.786243973147,2004.2984244673726,2011.0992431640625,284200,0.0,0.0
2018-05-16 00:00:00+09:00,2015.9569708045556,2036.3594268946258,2004.2984244673726,2011.0992431640625,268600,0.0,0.0
2018-05-17 00:00:00+09:00,2017.8998782843712,2023.7291509226504,2004.298242128386,2006.2413330078125,203200,0.0,0.0
2018-05-18 00:00:00+09:00,2010.127650160734,2010.127650160734,1983.8959215216137,1997.49755859375,244800,0.0,0.0
2018-05-21 00:00:00+09:00,2004.2982424251065,2013.04215138382,1992.6396971468218,1996.52587890625,186700,0.0,0.0
2018-05-22 00:00:00+09:00,2002.355224609375,2005.2698610352986,1990.6966789056814,2002.355224609375,165100,0.0,0.0
2018-05-23 00:00:00+09:00,2009.1561247877444,2045.1033088385889,2005.2699427281937,2038.302490234375,445700,0.0,0.0
2018-05-24 00:00:00+09:00,2045.1032585497724,2067.448804842715,2045.1032585497724,2053.84716796875,287100,0.0,0.0
2018-05-25 00:00:00+09:00,2048.0176759658552,2064.533947546225,2038.3022220950497,2055.7900390625,196100,0.0,0.0
2018-05-28 00:00:00+09:00,2056.761744106196,2056.761744106196,2030.5300166187767,2039.27392578125,220500,0.0,0.0
2018-05-29 00:00:00+09:00,2044.1318465573286,2056.761938765145,2035.387936567302,2054.81884765625,148600,0.0,0.0
2018-05-30 00:00:00+09:00,2043.1607476179606,2064.5347544879537,2042.1892018511428,2061.6201171875,198500,0.0,0.0
2018-05-31 00:00:00+09:00,2068.4205682979964,2082.99375219864,2056.7620211774815,2071.335205078125,257000,0.0,0.0
2018-06-01 00:00:00+09:00,2078.1360381921954,2086.8799485913214,2056.7620349943327,2062.59130859375,201600,0.0,0.0
2018-06-04 00:00:00+09:00,2076.192723926464,2085.908178881665,2071.334996448864,2083.965087890625,220500,0.0,0.0
2018-06-05 00:00:00+09:00,2089.7944072549276,2107.2822265625,2089.7944072549276,2107.2822265625,234000,0.0,0.0
2018-06-06 00:00:00+09:00,2117.9689456682604,2133.513671875,2109.225037176969,2133.513671875,324100,0.0,0.0
2018-06-07 00:00:00+09:00,2133.5139666356076,2134.4855121577552,2114.0830561926605,2117.96923828125,255000,0.0,0.0
2018-06-08 00:00:00+09:00,2116.0262061325457,2136.428662665504,2096.5952951487757,2132.54248046875,310000,0.0,0.0
2018-06-11 00:00:00+09:00,2121.8554794276765,2133.5140260179382,2116.997751681734,2132.54248046875,213400,0.0,0.0
2018-06-12 00:00:00+09:00,2135.4571621771493,2160.7173469890718,2131.5709798983917,2155.859619140625,327200,0.0,0.0
2018-06-13 00:00:00+09:00,2161.688854837889,2182.091311445348,2159.745763732417,2162.660400390625,266100,0.0,0.0
2018-06-14 00:00:00+09:00,2162.6605485481005,2176.2621872182144,2151.0020011165743,2154.88818359375,213300,0.0,0.0
2018-06-15 00:00:00+09:00,2164.6036879078533,2164.6036879078533,2150.03050329447,2158.7744140625,217700,0.0,0.0
2018-06-18 00:00:00+09:00,2158.7743179059394,2173.347501870201,2145.1726795392956,2151.001953125,199100,0.0,0.0
2018-06-19 00:00:00+09:00,2140.3148721003677,2141.28641766192,2100.481504076711,2115.0546875,322000,0.0,0.0
2018-06-20 00:00:00+09:00,2117.9694971450267,2158.7744140625,2117.9694971450267,2158.7744140625,335400,0.0,0.0
2018-06-21 00:00:00+09:00,2147.1157947085826,2162.6605244440293,2140.3149754493247,2152.945068359375,150300,0.0,0.0
2018-06-22 00:00:00+09:00,2151.0017684587397,2165.574951171875,2139.3432222882316,2165.574951171875,214100,0.0,0.0
2018-06-25 00:00:00+09:00,2166.5465746903474,2166.5465746903474,2128.656298271996,2132.54248046875,224800,0.0,0.0
2018-06-26 00:00:00+09:00,2122.8268187137583,2125.741455078125,2108.2536368919245,2125.741455078125,186400,0.0,0.0
2018-06-27 00:00:00+09:00,2124.7701846367063,2159.745825536076,2117.96936557294,2157.802734375,211400,0.0,0.0
2018-06-28 00:00:00+09:00,2149.0587060702874,2151.0017971246007,2121.8554313099044,2128.65625,183600,0.0,0.0
2018-06-29 00:00:00+09:00,2129.6275269494117,2148.0868896373854,2124.7697999262605,2146.143798828125,216800,0.0,0.0
2018-07-02 00:00:00+09:00,2139.3432692412903,2140.3148147768225,2081.050537109375,2081.050537109375,326400,0.0,0.0
2018-07-03 00:00:00+09:00,2090.766016718167,2113.111564294616,2068.420469141718,2082.99365234375,234300,0.0,0.0
2018-07-04 00:00:00+09:00,2078.135969549088,2110.1969732868715,2066.477422735348,2106.310791015625,212100,0.0,0.0
2018-07-05 00:00:00+09:00,2106.310573466843,2107.282118934309,2061.619481963395,2069.391845703125,270700,0.0,0.0
2018-07-06 00:00:00+09:00,2086.879615718483,2090.7657974982194,2043.1600706964475,2046.07470703125,357800,0.0,0.0
2018-07-09 00:00:00+09:00,1887.7129810474537,1905.2008007380632,1753.6396967527812,1757.52587890625,4399900,0.0,0.0
2018-07-10 00:00:00+09:00,1787.6438502261512,1805.1316705001027,1759.4690286736738,1772.09912109375,1663100,0.0,0.0
2018-07-11 00:00:00+09:00,1775.0137488544483,1776.9568399861992,1748.782018575811,1751.6966552734375,1225100,0.0,0.0
2018-07-12 00:00:00+09:00,1753.6397756657132,1759.4690491582307,1724.493408203125,1724.493408203125,1148600,0.0,0.0
2018-07-13 00:00:00+09:00,1727.4079196243076,1760.4404670186982,1720.6071010431094,1753.6396484375,791000,0.0,0.0
2018-07-16 00:00:00+09:00,1753.6396484375,1753.6396484375,1753.6396484375,1753.6396484375,0,0.0,0.0
2018-07-17 00:00:00+09:00,1773.0705178839598,1812.9038829432707,1758.4973355451875,1799.30224609375,865100,0.0,0.0
2018-07-18 00:00:00+09:00,1821.6476686274839,1827.4769411670918,1803.188305585392,1809.017578125,629100,0.0,0.0
2018-07-19 00:00:00+09:00,1818.7331190423877,1818.7331190423877,1782.7859366681525,1796.3875732421875,664300,0.0,0.0
2018-07-20 00:00:00+09:00,1796.3876080635266,1821.6477907620942,1793.4729715983071,1818.733154296875,572900,0.0,0.0
2018-07-23 00:00:00+09:00,1816.7899907868484,1818.7330816860858,1798.3306272440943,1803.1883544921875,543900,0.0,0.0
2018-07-24 00:00:00+09:00,1814.8470579813738,1831.3633320636454,1805.131602638861,1815.818603515625,484900,0.0,0.0
2018-07-25 00:00:00+09:00,1817.7615851945775,1819.7046761461484,1803.1884030577958,1807.0745849609375,416500,0.0,0.0
2018-07-26 00:00:00+09:00,1818.733273528343,1839.135730122411,1813.8755457678506,1838.1641845703125,550300,0.0,0.0
2018-07-27 00:00:00+09:00,1842.0501708984375,1847.879443591154,1824.5623528202877,1842.0501708984375,516300,0.0,0.0
2018-07-30 00:00:00+09:00,1855.6519788240132,1858.566615439967,1843.021886821546,1845.9365234375,467400,0.0,0.0
2018-07-31 00:00:00+09:00,1845.9365247292492,1845.9365247292492,1830.3917960999504,1836.2210693359375,600200,0.0,0.0
2018-08-01 00:00:00+09:00,1842.0503171512776,1850.7942268845907,1835.249498469812,1843.993408203125,381400,0.0,0.0
2018-08-02 00:00:00+09:00,1849.8227163461538,1867.310536143544,1848.8511708018543,1856.62353515625,517100,0.0,0.0
2018-08-03 00:00:00+09:00,1870.2250742376382,1872.168165223859,1857.594982827202,1858.5665283203125,389800,0.0,0.0
2018-08-06 00:00:00+09:00,1866.3391253738723,1877.9976727473686,1856.6236692292919,1857.59521484375,515200,0.0,0.0
2018-08-07 00:00:00+09:00,1858.5666020484791,1861.4812386434323,1846.9080556686665,1854.680419921875,450800,0.0,0.0
2018-08-08 00:00:00+09:00,1854.68026134575,1858.566443140084,1840.1070796169988,1851.765625,519800,0.0,0.0
2018-08-09 00:00:00+09:00,1857.594982827202,1870.2250742376382,1855.651891840981,1858.5665283203125,423400,0.0,0.0
2018-08-10 00:00:00+09:00,1867.3103635478155,1889.6559090013016,1859.5379999118206,1872.1680908203125,607900,0.0,0.0
2018-08-13 00:00:00+09:00,1872.1682911755481,1873.13983673402,1832.334923278196,1839.1357421875,646300,0.0,0.0
2018-08-14 00:00:00+09:00,1848.8511516801682,1849.8226972144196,1799.3023294333534,1815.818603515625,831700,0.0,0.0
2018-08-15 00:00:00+09:00,1817.7616714863734,1821.647853573998,1800.273852092063,1804.1600341796875,402200,0.0,0.0
2018-08-16 00:00:00+09:00,1799.3021241559784,1800.2736695793888,1781.814306534592,1789.586669921875,493700,0.0,0.0
2018-08-17 00:00:00+09:00,1803.1885103445982,1825.5340576171875,1801.2454192774164,1825.5340576171875,308400,0.0,0.0
2018-08-20 00:00:00+09:00,1827.4771511822762,1827.4771511822762,1806.1031494140625,1806.1031494140625,352800,0.0,0.0
2018-08-21 00:00:00+09:00,1809.017578125,1811.932214394804,1799.3021238923202,1809.017578125,222400,0.0,0.0
2018-08-22 00:00:00+09:00,1809.017565924528,1810.9606567579594,1804.1598388409498,1808.0460205078125,264700,0.0,0.0
2018-08-23 00:00:00+09:00,1809.017832823762,1825.5341073447094,1809.017832823762,1819.704833984375,320700,0.0,0.0
2018-08-24 00:00:00+09:00,1831.3633403577303,1845.9365234375,1829.4202492804277,1845.9365234375,470700,0.0,0.0
2018-08-27 00:00:00+09:00,1849.8225583890198,1853.708740234375,1840.1071037756321,1853.708740234375,675600,0.0,0.0
2018-08-28 00:00:00+09:00,1853.708850206476,1858.5665778013567,1847.8795770926192,1852.7373046875,1413600,0.0,0.0
2018-08-29 00:00:00+09:00,1837.1105936108647,1840.0405945576124,1819.530587930378,1823.437255859375,1139600,10.0,0.0
2018-08-30 00:00:00+09:00,1829.29736328125,1847.8540370144822,1825.3906951268852,1829.29736328125,531900,0.0,0.0
2018-08-31 00:00:00+09:00,1826.3672227125903,1837.110559316782,1821.4838878925032,1828.320556640625,430600,0.0,0.0
2018-09-03 00:00:00+09:00,1827.344012395951,1837.1106826920277,1814.6473410110514,1835.1573486328125,397700,0.0,0.0
2018-09-04 00:00:00+09:00,1839.0639286265175,1842.9705965577475,1817.5772550047525,1830.27392578125,351700,0.0,0.0
2018-09-05 00:00:00+09:00,1830.2739618253784,1840.0406318457913,1821.483958807007,1839.06396484375,336100,0.0,0.0
2018-09-06 00:00:00+09:00,1840.0406661841055,1841.017333204373,1821.4839927990215,1834.1806640625,370000,0.0,0.0
2018-09-07 00:00:00+09:00,1834.1806816032047,1841.9940178400661,1831.2506805143817,1835.1573486328125,398500,0.0,0.0
2018-09-10 00:00:00+09:00,1836.1339297537077,1862.5039383193193,1832.2272618180614,1843.947265625,522800,0.0,0.0
2018-09-11 00:00:00+09:00,1845.900599592823,1850.7839345123807,1838.0872637215307,1843.947265625,260300,0.0,0.0
2018-09-12 00:00:00+09:00,1848.8306005445577,1855.6672694319386,1832.2272618180614,1843.947265625,314500,0.0,0.0
2018-09-13 00:00:00+09:00,1841.0172657023004,1856.6439374536196,1839.0639317333855,1850.783935546875,243500,0.0,0.0
2018-09-14 00:00:00+09:00,1854.690657103531,1863.4806602177657,1854.690657103531,1860.5506591796875,409400,0.0,0.0
2018-09-17 00:00:00+09:00,1860.5506591796875,1860.5506591796875,1860.5506591796875,1860.5506591796875,0,0.0,0.0
2018-09-18 00:00:00+09:00,1855.667168582297,1865.433837890625,1848.8305000664677,1865.433837890625,365300,0.0,0.0
2018-09-19 00:00:00+09:00,1870.3173326076897,1889.8506728960206,1867.38733156444,1887.8973388671875,536600,0.0,0.0
2018-09-20 00:00:00+09:00,1889.8504478301295,1898.6404499130604,1879.1071119509918,1895.71044921875,317200,0.0,0.0
2018-09-21 00:00:00+09:00,1899.6172239836553,1914.2672282817298,1899.6172239836553,1908.4072265625,388800,0.0,0.0
2018-09-24 00:00:00+09:00,1908.4072265625,1908.4072265625,1908.4072265625,1908.4072265625,0,0.0,0.0
2018-09-25 00:00:00+09:00,1908.4073171904593,1933.8006591796875,1908.4073171904593,1933.8006591796875,442400,0.0,0.0
2018-09-26 00:00:00+09:00,1925.9873605119665,1961.1473731785136,1925.9873605119665,1956.2640380859375,464400,0.0,0.0
2018-09-27 00:00:00+09:00,1958.2173973687607,1965.054066586507,1862.5040283203125,1862.5040283203125,1006800,0.0,0.0
2018-09-28 00:00:00+09:00,1767.7671930819054,1794.1372009345084,1758.0005235068672,1759.953857421875,3020800,0.0,0.0
2018-10-01 00:00:00+09:00,1768.7437457072715,1796.090418749681,1758.977076763554,1794.1370849609375,1107300,0.0,0.0
2018-10-02 00:00:00+09:00,1802.9274022425793,1811.7174058288108,1790.2307303958007,1791.2073974609375,569200,0.0,0.0
2018-10-03 00:00:00+09:00,1795.1137518553091,1813.6704228483727,1791.207084277822,1794.1370849609375,600100,0.0,0.0
2018-10-04 00:00:00+09:00,1794.1373811129722,1796.090715224146,1781.4407093903437,1790.230712890625,369000,0.0,0.0
2018-10-05 00:00:00+09:00,1792.184015173876,1832.2273637417939,1787.3006799826667,1822.460693359375,880100,0.0,0.0
2018-10-08 00:00:00+09:00,1822.460693359375,1822.460693359375,1822.460693359375,1822.460693359375,0,0.0,0.0
2018-10-09 00:00:00+09:00,1772.650663578116,1789.2540031267818,1712.0973075771005,1713.073974609375,1774300,0.0,0.0
2018-10-10 00:00:00+09:00,1738.4671630859375,1745.3038317048147,1713.0738225015361,1738.4671630859375,788900,0.0,0.0
2018-10-11 00:00:00+09:00,1709.1671870304988,1731.6305272028997,1696.4705164982722,1726.7471923828125,844800,0.0,0.0
2018-10-12 00:00:00+09:00,1712.0971164866205,1728.7004541821552,1696.4704457143523,1716.0037841796875,736700,0.0,0.0
2018-10-15 00:00:00+09:00,1717.9572596151727,1741.397267705431,1713.073924596369,1730.6539306640625,544200,0.0,0.0
2018-10-16 00:00:00+09:00,1728.7005147817529,1762.8838582943863,1725.7705139092413,1759.953857421875,532700,0.0,0.0
2018-10-17 00:00:00+09:00,1766.7906342637284,1786.323974609375,1758.9772981254698,1786.323974609375,451100,0.0,0.0
2018-10-18 00:00:00+09:00,1769.7204648225204,1809.763808673361,1769.7204648225204,1797.067138671875,540700,0.0,0.0
2018-10-19 00:00:00+09:00,1793.1605412613544,1808.7872126448956,1789.2538734154691,1800.973876953125,494300,0.0,0.0
2018-10-22 00:00:00+09:00,1793.1605074744793,1809.7638455066506,1787.300505816066,1805.857177734375,421600,0.0,0.0
2018-10-23 00:00:00+09:00,1802.9272606673142,1806.8339286210894,1783.3939208984375,1783.3939208984375,377000,0.0,0.0
2018-10-24 00:00:00+09:00,1788.2772064539977,1804.8805447990103,1784.3705386081124,1800.973876953125,324100,0.0,0.0
2018-10-25 00:00:00+09:00,1780.4638671875,1793.1605376611355,1771.6738645519063,1780.4638671875,371900,0.0,0.0
2018-10-26 00:00:00+09:00,1790.230607457153,1802.9272784320265,1770.6972674958092,1784.37060546875,341000,0.0,0.0
2018-10-29 00:00:00+09:00,1777.5339169533838,1799.9972576621353,1765.8139131053395,1769.7205810546875,416800,0.0,0.0
2018-10-30 00:00:00+09:00,1765.813897688356,1793.1605730950341,1765.813897688356,1782.417236328125,803100,0.0,0.0
2018-10-31 00:00:00+09:00,1790.230473095545,1810.740478515625,1782.4171376974193,1810.740478515625,458300,0.0,0.0
2018-11-01 00:00:00+09:00,1791.207344189025,1796.0906793694749,1778.5106727198552,1781.440673828125,386400,0.0,0.0
2018-11-02 00:00:00+09:00,1781.4405506157127,1786.3238854584094,1761.9072112449264,1774.6038818359375,421900,0.0,0.0
2018-11-05 00:00:00+09:00,1774.603830286201,1786.323833568223,1765.8138278246843,1778.510498046875,358200,0.0,0.0
2018-11-06 00:00:00+09:00,1777.5338297615767,1790.2304999741593,1769.7204942461412,1771.673828125,253700,0.0,0.0
2018-11-07 00:00:00+09:00,1786.3239413234994,1810.740616300584,1778.5106053308325,1798.0439453125,486600,0.0,0.0
2018-11-08 00:00:00+09:00,1810.7405850901346,1826.3672568061227,1808.787251125636,1823.437255859375,432700,0.0,0.0
2018-11-09 00:00:00+09:00,1826.3672227125903,1848.830562884991,1826.3672227125903,1828.320556640625,332800,0.0,0.0
2018-11-12 00:00:00+09:00,1828.3204917424841,1851.760498046875,1827.3438248131347,1851.760498046875,321100,0.0,0.0
2018-11-13 00:00:00+09:00,1838.0872812427624,1848.8306181681983,1817.577274385112,1844.9239501953125,335000,0.0,0.0
2018-11-14 00:00:00+09:00,1850.783933470187,1855.667268386995,1830.273926819594,1837.110595703125,291300,0.0,0.0
2018-11-15 00:00:00+09:00,1831.2506306215407,1852.7373046875,1825.3906286035517,1852.7373046875,301700,0.0,0.0
2018-11-16 00:00:00+09:00,1851.7606191478626,1851.7606191478626,1835.157280263098,1844.9239501953125,252600,0.0,0.0
2018-11-19 00:00:00+09:00,1844.9240028429738,1849.8073379484342,1835.1573326320529,1847.85400390625,209800,0.0,0.0
2018-11-20 00:00:00+09:00,1835.1572995225922,1862.503975619789,1831.250631508707,1859.573974609375,307400,0.0,0.0
2018-11-21 00:00:00+09:00,1846.8771634001268,1862.5038342697208,1839.06382796533,1851.760498046875,260200,0.0,0.0
2018-11-22 00:00:00+09:00,1852.7373073605725,1874.2239814575323,1849.8073063473507,1873.247314453125,274500,0.0,0.0
2018-11-23 00:00:00+09:00,1873.247314453125,1873.247314453125,1873.247314453125,1873.247314453125,0,0.0,0.0
2018-11-26 00:00:00+09:00,1874.223980562778,1881.060649590365,1863.480643519427,1866.41064453125,237700,0.0,0.0
2018-11-27 00:00:00+09:00,1875.2006484619396,1889.8506535280485,1865.433978417867,1873.247314453125,402900,0.0,0.0
2018-11-28 00:00:00+09:00,1880.0839852595675,1889.8506553128639,1872.2706492169302,1886.920654296875,303700,0.0,0.0
2018-11-29 00:00:00+09:00,1891.8038858629993,1899.6172214783344,1883.0138832957475,1894.73388671875,274700,0.0,0.0
2018-11-30 00:00:00+09:00,1899.6173797184654,1906.4540489513854,1890.827376418997,1903.5240478515625,383000,0.0,0.0
2018-12-03 00:00:00+09:00,1903.523889286002,1904.5005562379188,1887.897218055332,1894.73388671875,273200,0.0,0.0
2018-12-04 00:00:00+09:00,1894.7338145776632,1901.5704829807787,1879.1071439419713,1883.990478515625,261600,0.0,0.0
2018-12-05 00:00:00+09:00,1869.3405773156885,1883.0139148718115,1860.5505746010379,1876.17724609375,267100,0.0,0.0
2018-12-06 00:00:00+09:00,1866.4106971477638,1880.0840355884068,1861.5273619903915,1869.3406982421875,226300,0.0,0.0
2018-12-07 00:00:00+09:00,1869.3406490741038,1897.6639922418933,1864.4573140451746,1893.75732421875,362400,0.0,0.0
2018-12-10 00:00:00+09:00,1876.1772959353857,1883.9906318893072,1856.6439560505821,1858.5972900390625,280400,0.0,0.0
2018-12-11 00:00:00+09:00,1864.4572213299969,1867.387222201652,1841.0172143567543,1854.6905517578125,349400,0.0,0.0
2018-12-12 00:00:00+09:00,1860.5505547218281,1871.2938912582797,1854.6905529746728,1861.5272216796875,203000,0.0,0.0
2018-12-13 00:00:00+09:00,1868.364029798006,1868.364029798006,1852.7373573062296,1855.6673583984375,211800,0.0,0.0
2018-12-14 00:00:00+09:00,1859.5739913313357,1864.457326392605,1851.7606552333048,1853.7139892578125,224500,0.0,0.0
2018-12-17 00:00:00+09:00,1852.7372178433757,1861.5272204583416,1837.1105465278806,1854.6905517578125,243000,0.0,0.0
2018-12-18 00:00:00+09:00,1843.9473318861067,1848.830666981144,1809.7639862208453,1813.670654296875,276700,0.0,0.0
2018-12-19 00:00:00+09:00,1813.6707222247085,1817.5773904470557,1781.4407093903437,1790.230712890625,314700,0.0,0.0
2018-12-20 00:00:00+09:00,1776.557265700997,1782.4172676769213,1744.3272548334144,1757.02392578125,422600,0.0,0.0
2018-12-21 00:00:00+09:00,1740.4204557756698,1740.4204557756698,1706.2371134905136,1709.1671142578125,495500,0.0,0.0
2018-12-24 00:00:00+09:00,1709.1671142578125,1709.1671142578125,1709.1671142578125,1709.1671142578125,0,0.0,0.0
2018-12-25 00:00:00+09:00,1670.1004433420908,1674.983777971746,1627.1270986011245,1655.450439453125,586600,0.0,0.0
2018-12-26 00:00:00+09:00,1665.2172699416892,1726.7472922327897,1664.2406029211957,1684.7506103515625,534300,0.0,0.0
2018-12-27 00:00:00+09:00,1752.140556792198,1766.790561447651,1716.9805456191104,1761.9072265625,474900,0.0,0.0
2018-12-28 00:00:00+09:00,1762.8839637958897,1770.697299923517,1750.1872925884957,1765.81396484375,317200,0.0,0.0
2018-12-31 00:00:00+09:00,1765.81396484375,1765.81396484375,1765.81396484375,1765.81396484375,0,0.0,0.0
2019-01-04 00:00:00+09:00,1735.5371526794602,1779.4871649870436,1729.677151038449,1778.510498046875,455200,0.0,0.0
2019-01-07 00:00:00+09:00,1807.810515541444,1827.3438544451872,1781.4405080213903,1826.3671875,463200,0.0,0.0
2019-01-08 00:00:00+09:00,1830.27389056866,1842.9705611008865,1818.5538870004507,1828.320556640625,390100,0.0,0.0
2019-01-09 00:00:00+09:00,1828.3205439129147,1854.6905517578125,1821.4838752123856,1854.6905517578125,382300,0.0,0.0
2019-01-10 00:00:00+09:00,1845.9006609956095,1864.4573343072054,1765.8139656508265,1772.650634765625,838900,0.0,0.0
2019-01-11 00:00:00+09:00,1694.5172611705045,1723.8172714501097,1670.1005859375,1670.1005859375,2219300,0.0,0.0
2019-01-15 00:00:00+09:00,1672.0537697665663,1715.0271143166415,1662.28710055064,1702.3304443359375,1016100,0.0,0.0
2019-01-16 00:00:00+09:00,1699.4005078467253,1700.377174805258,1665.2171642980843,1672.0538330078125,1024900,0.0,0.0
2019-01-17 00:00:00+09:00,1674.9838857181737,1679.8672206619585,1664.2405488418472,1668.147216796875,559900,0.0,0.0
2019-01-18 00:00:00+09:00,1667.170550804027,1679.8672216654518,1665.2172168253462,1674.98388671875,558200,0.0,0.0
2019-01-21 00:00:00+09:00,1692.5638088494093,1702.3304782599657,1680.8438055567417,1697.4471435546875,442500,0.0,0.0
2019-01-22 00:00:00+09:00,1706.2371979639743,1713.0738667594794,1693.54052734375,1693.54052734375,418700,0.0,0.0
2019-01-23 00:00:00+09:00,1689.6338217472169,1700.3771581860722,1677.913818359375,1677.913818359375,531800,0.0,0.0
2019-01-24 00:00:00+09:00,1678.8904676665104,1685.7271362375782,1674.0071329728905,1676.9371337890625,345000,0.0,0.0
2019-01-25 00:00:00+09:00,1674.9838362922535,1694.517175490997,1668.1471675726934,1685.7271728515625,401800,0.0,0.0
2019-01-28 00:00:00+09:00,1689.6337743552335,1711.120446630271,1683.7737728256777,1702.3304443359375,379200,0.0,0.0
2019-01-29 00:00:00+09:00,1699.400583873947,1713.0739219051168,1692.5639148583623,1710.1439208984375,410500,0.0,0.0
2019-01-30 00:00:00+09:00,1710.144007931988,1724.79401371096,1706.237339724262,1708.190673828125,393200,0.0,0.0
2019-01-31 00:00:00+09:00,1708.1906537433003,1716.0039900668833,1679.8673095703125,1679.8673095703125,720200,0.0,0.0
2019-02-01 00:00:00+09:00,1687.6806129600345,1706.2372863664236,1683.7739448744787,1698.4239501953125,356700,0.0,0.0
2019-02-04 00:00:00+09:00,1709.1672547983771,1729.6772618559576,1709.1672547983771,1716.9805908203125,432400,0.0,0.0
2019-02-05 00:00:00+09:00,1727.7238780528576,1741.3972156971424,1724.7938771290824,1734.560546875,428700,0.0,0.0
2019-02-06 00:00:00+09:00,1742.37387931802,1744.3272132634438,1713.0738701366631,1714.050537109375,433000,0.0,0.0
2019-02-07 00:00:00+09:00,1717.95738037801,1725.77071695733,1712.0973779435199,1723.8173828125,281700,0.0,0.0
2019-02-08 00:00:00+09:00,1717.9571734130584,1738.4671794629016,1712.0971716845318,1732.607177734375,321900,0.0,0.0
2019-02-12 00:00:00+09:00,1744.327358631987,1757.0240303353553,1733.5840210368292,1756.04736328125,355600,0.0,0.0
2019-02-13 00:00:00+09:00,1761.9071913368825,1771.6738609119207,1753.1171887193482,1759.953857421875,241500,0.0,0.0
2019-02-14 00:00:00+09:00,1763.860631618027,1776.5573028312242,1762.883964601627,1772.650634765625,264900,0.0,0.0
2019-02-15 00:00:00+09:00,1773.6272345796945,1792.1839071881825,1763.8605647857535,1789.25390625,340000,0.0,0.0
2019-02-18 00:00:00+09:00,1801.950473287831,1804.8804740574049,1788.2771363631539,1797.067138671875,365000,0.0,0.0
2019-02-19 00:00:00+09:00,1803.903896587199,1810.740565388558,1799.020561729085,1808.7872314453125,235700,0.0,0.0
2019-02-20 00:00:00+09:00,1816.6004800642193,1822.4604816128135,1808.7871446660936,1810.740478515625,305800,0.0,0.0
2019-02-21 00:00:00+09:00,1809.7640726328927,1810.7407396985338,1786.3240630575071,1804.8807373046875,398600,0.0,0.0
2019-02-22 00:00:00+09:00,1800.9740690421231,1810.7407396985338,1799.9974019764823,1804.8807373046875,370200,0.0,0.0
2019-02-25 00:00:00+09:00,1806.833897502067,1815.6239002466718,1795.1138938425943,1808.7872314453125,1381200,0.0,0.0
2019-02-26 00:00:00+09:00,1789.147852425283,1797.0036058936705,1770.4904379378622,1778.34619140625,1076000,10.0,0.0
2019-02-27 00:00:00+09:00,1771.4723410030801,1792.0936930879275,1768.5264335623876,1773.436279296875,480400,0.0,0.0
2019-02-28 00:00:00+09:00,1769.508575169386,1785.2200830510233,1765.5806981989767,1775.400390625,364900,0.0,0.0
2019-03-01 00:00:00+09:00,1781.2921900094827,1799.9496054505964,1777.3643130745113,1796.021728515625,436300,0.0,0.0
2019-03-04 00:00:00+09:00,1796.021647068382,1801.9134622036527,1788.1658935546875,1788.1658935546875,293700,0.0,0.0
2019-03-05 00:00:00+09:00,1789.1478577327937,1799.94951878387,1787.1839193598707,1795.0396728515625,251500,0.0,0.0
2019-03-06 00:00:00+09:00,1793.0758056640625,1802.8954979185205,1791.1118672131709,1793.0758056640625,251300,0.0,0.0
2019-03-07 00:00:00+09:00,1793.0758056640625,1797.9856517912915,1788.1659595368333,1793.0758056640625,220100,0.0,0.0
2019-03-08 00:00:00+09:00,1780.3103501231838,1787.1841352587944,1763.6168719367004,1765.580810546875,328400,0.0,0.0
2019-03-11 00:00:00+09:00,1759.688893534002,1771.4725245174889,1747.9052625505155,1761.65283203125,216300,0.0,0.0
2019-03-12 00:00:00+09:00,1761.652785875311,1781.2921703332297,1759.6888474295192,1776.38232421875,162500,0.0,0.0
2019-03-13 00:00:00+09:00,1767.5444942192744,1777.3641858538258,1753.7969259309023,1755.7608642578125,212300,0.0,0.0
2019-03-14 00:00:00+09:00,1767.5446946142495,1767.5446946142495,1741.0315241950357,1746.92333984375,233300,0.0,0.0
2019-03-15 00:00:00+09:00,1738.0855100484007,1759.6888327721663,1737.103540833684,1749.869140625,331300,0.0,0.0
2019-03-18 00:00:00+09:00,1750.8512002224393,1781.2922474500867,1750.8512002224393,1767.544677734375,238800,0.0,0.0
2019-03-19 00:00:00+09:00,1764.5985761026698,1770.4903910479206,1740.049347164124,1745.941162109375,250000,0.0,0.0
2019-03-20 00:00:00+09:00,1738.08558227261,1740.0495207836525,1721.3921049287487,1724.3380126953125,377700,0.0,0.0
2019-03-22 00:00:00+09:00,1721.391947555759,1731.2116392132364,1715.5001325612727,1725.31982421875,287200,0.0,0.0
2019-03-25 00:00:00+09:00,1713.5362651787486,1714.5182343851548,1692.9149118442194,1699.7886962890625,319400,0.0,0.0
2019-03-26 00:00:00+09:00,1704.698461313144,1726.301782827481,1703.7164921534013,1715.5001220703125,275200,0.0,0.0
2019-03-27 00:00:00+09:00,1728.265878795904,1747.905263782221,1726.3019402972723,1738.0855712890625,211400,0.0,0.0
2019-03-28 00:00:00+09:00,1736.1214955388725,1742.9952797406665,1721.3919579635992,1735.1395263671875,197000,0.0,0.0
2019-03-29 00:00:00+09:00,1734.1575426617992,1755.7608642578125,1731.2116351714337,1755.7608642578125,341300,0.0,0.0
2019-04-01 00:00:00+09:00,1679.167412226362,1751.8331364981461,1679.167412226362,1721.39208984375,813800,0.0,0.0
2019-04-02 00:00:00+09:00,1735.1395875066773,1745.941248775819,1723.35595703125,1723.35595703125,266800,0.0,0.0
2019-04-03 00:00:00+09:00,1714.5181626255498,1718.4460392867768,1698.8066559806423,1701.7525634765625,247300,0.0,0.0
2019-04-04 00:00:00+09:00,1713.536199079241,1726.3017982700894,1709.608322405134,1718.446044921875,180000,0.0,0.0
2019-04-05 00:00:00+09:00,1722.373916721507,1733.1755775447318,1714.518163395525,1725.31982421875,255700,0.0,0.0
2019-04-08 00:00:00+09:00,1733.1755216600677,1745.941120403173,1721.3918920510473,1730.2296142578125,229500,0.0,0.0
2019-04-09 00:00:00+09:00,1741.03147903701,1743.9773867849576,1730.2298172945357,1738.0855712890625,127900,0.0,0.0
2019-04-10 00:00:00+09:00,1737.103540833684,1755.7609559132998,1735.1396024042508,1749.869140625,232800,0.0,0.0
2019-04-11 00:00:00+09:00,1747.905106143367,1773.4363043229891,1747.905106143367,1762.6346435546875,279400,0.0,0.0
2019-04-12 00:00:00+09:00,1747.9052595104822,1749.869198004314,1684.077258460942,1721.39208984375,1425100,0.0,0.0
2019-04-15 00:00:00+09:00,1726.3019273901068,1744.9593429876109,1688.005126953125,1688.005126953125,900700,0.0,0.0
2019-04-16 00:00:00+09:00,1696.8428042763157,1701.7526503535044,1675.2394815366868,1679.1673583984375,639500,0.0,0.0
2019-04-17 00:00:00+09:00,1684.0772044756259,1692.9149274145652,1677.2034199675622,1679.1673583984375,460000,0.0,0.0
2019-04-18 00:00:00+09:00,1690.9509067916422,1693.8968142947635,1663.455770095843,1671.3115234375,706400,0.0,0.0
2019-04-19 00:00:00+09:00,1669.3477651136618,1676.2215500288357,1640.87065617937,1642.8345947265625,720200,0.0,0.0
2019-04-22 00:00:00+09:00,1642.8343967433207,1652.654088295881,1638.9065201222966,1651.672119140625,358100,0.0,0.0
2019-04-23 00:00:00+09:00,1658.5459394617164,1675.2394154657716,1651.6721552247525,1674.2574462890625,322900,0.0,0.0
2019-04-24 00:00:00+09:00,1674.257502297794,1684.0771943933823,1669.34765625,1669.34765625,270000,0.0,0.0
2019-04-25 00:00:00+09:00,1664.4379058070938,1684.0772911263516,1656.5821516793908,1680.1494140625,324200,0.0,0.0
2019-04-26 00:00:00+09:00,1672.2935743230094,1680.149328048543,1653.6361592248666,1655.60009765625,589400,0.0,0.0
2019-05-07 00:00:00+09:00,1661.491831760429,1678.1853076114498,1661.491831760429,1671.3115234375,440400,0.0,0.0
2019-05-08 00:00:00+09:00,1672.293548530787,1690.9509633411715,1669.3476409291472,1689.968994140625,376000,0.0,0.0
2019-05-09 00:00:00+09:00,1695.8608246203642,1698.8067322485408,1674.2575020137353,1692.9149169921875,408500,0.0,0.0
2019-05-10 00:00:00+09:00,1691.9329325417182,1705.68050134937,1684.0771789373457,1689.968994140625,332900,0.0,0.0
2019-05-13 00:00:00+09:00,1692.9150689803107,1705.6806698484916,1688.9871917901012,1698.806884765625,308700,0.0,0.0
2019-05-14 00:00:00+09:00,1681.131361414606,1708.6265005031628,1676.2215151487924,1707.64453125,364300,0.0,0.0
2019-05-15 00:00:00+09:00,1709.6084752600407,1715.5002907979845,1691.933028646209,1700.770751953125,232900,0.0,0.0
2019-05-16 00:00:00+09:00,1708.626511548913,1710.5904500679349,1685.059249320652,1693.89697265625,256800,0.0,0.0
2019-05-17 00:00:00+09:00,1699.788635569062,1712.5542347963283,1691.9328821984366,1711.572265625,262900,0.0,0.0
2019-05-20 00:00:00+09:00,1713.5362397449878,1741.0313771162541,1711.5723013613258,1734.1575927734375,361500,0.0,0.0
2019-05-21 00:00:00+09:00,1726.3017837291784,1742.0132902932667,1721.391937927901,1739.0673828125,252300,0.0,0.0
2019-05-22 00:00:00+09:00,1742.9954066939417,1753.797068369228,1734.157683505071,1751.8331298828125,327100,0.0,0.0
2019-05-23 00:00:00+09:00,1760.670907848356,1774.41847768097,1755.7610614795653,1770.4906005859375,329400,0.0,0.0
2019-05-24 00:00:00+09:00,1761.6527755159764,1791.1118520296213,1757.7248986474904,1790.1298828125,332800,0.0,0.0
2019-05-27 00:00:00+09:00,1788.165903754992,1799.9495340927515,1766.5625814690998,1797.985595703125,325900,0.0,0.0
2019-05-28 00:00:00+09:00,1796.0216267123287,1807.805256849315,1778.3461815068492,1792.09375,352300,0.0,0.0
2019-05-29 00:00:00+09:00,1783.2561391615013,1786.2020468803805,1758.7069081708419,1782.274169921875,308100,0.0,0.0
2019-05-30 00:00:00+09:00,1772.4544269711157,1784.238057510536,1755.760950373604,1780.3101806640625,298400,0.0,0.0
2019-05-31 00:00:00+09:00,1777.3643400092321,1778.3463092578559,1761.65283203125,1761.65283203125,238700,0.0,0.0
2019-06-03 00:00:00+09:00,1747.9051157947606,1757.7248074565289,1739.0673932991692,1748.8870849609375,249300,0.0,0.0
2019-06-04 00:00:00+09:00,1752.8148812881495,1765.5804798633574,1742.9951900764513,1764.5985107421875,238900,0.0,0.0
2019-06-05 00:00:00+09:00,1779.3280953829405,1797.0035400390625,1770.4903730548797,1797.0035400390625,296300,0.0,0.0
2019-06-06 00:00:00+09:00,1804.8593038807744,1810.751118800951,1797.985519807235,1806.8232421875,289900,0.0,0.0
2019-06-07 00:00:00+09:00,1809.7694091796875,1814.6792556506036,1797.0038083553056,1809.7694091796875,266000,0.0,0.0
2019-06-10 00:00:00+09:00,1817.625019964466,1842.1742503799774,1817.625019964466,1837.264404296875,515500,0.0,0.0
2019-06-11 00:00:00+09:00,1841.1921799214413,1862.795501499186,1841.1921799214413,1856.9036865234375,406700,0.0,0.0
2019-06-12 00:00:00+09:00,1853.9578041888296,1853.9578041888296,1834.3184206698802,1846.10205078125,207700,0.0,0.0
2019-06-13 00:00:00+09:00,1844.138106931235,1850.0299219693538,1826.462661816878,1829.4085693359375,252200,0.0,0.0
2019-06-14 00:00:00+09:00,1829.4087311002154,1848.066147037362,1819.5890385017171,1845.1202392578125,240200,0.0,0.0
2019-06-17 00:00:00+09:00,1852.975983694698,1858.867799223139,1833.3365985998946,1835.300537109375,263200,0.0,0.0
2019-06-18 00:00:00+09:00,1836.2823119522368,1841.1921577061198,1810.7511140320453,1813.697021484375,243300,0.0,0.0
2019-06-19 00:00:00+09:00,1816.6430869055982,1833.3365639204064,1810.7512714886072,1812.7152099609375,206600,0.0,0.0
2019-06-20 00:00:00+09:00,1816.6431226446055,1821.5529689220232,1803.877522323319,1811.7332763671875,177900,0.0,0.0
2019-06-21 00:00:00+09:00,1809.7692676351228,1809.7692676351228,1766.5626220703125,1766.5626220703125,374100,0.0,0.0
2019-06-24 00:00:00+09:00,1767.5446420825235,1770.4905498193277,1754.7790418897052,1768.526611328125,217800,0.0,0.0
2019-06-25 00:00:00+09:00,1768.526575027917,1801.9135286930748,1768.526575027917,1793.0758056640625,220200,0.0,0.0
2019-06-26 00:00:00+09:00,1791.1117357336955,1810.751118800951,1788.1658282736073,1806.8232421875,204200,0.0,0.0
2019-06-27 00:00:00+09:00,1811.7330784473604,1824.4986773740898,1805.8412635581005,1820.57080078125,244800,0.0,0.0
2019-06-28 00:00:00+09:00,1815.6611070202243,1836.282460858745,1811.7332300986013,1826.4627685546875,217500,0.0,0.0
2019-07-01 00:00:00+09:00,1835.3005165796642,1839.2283935546875,1829.408701117129,1839.2283935546875,268100,0.0,0.0
2019-07-02 00:00:00+09:00,1839.2282561439881,1845.1200711663394,1824.49871858811,1836.2823486328125,276500,0.0,0.0
2019-07-03 00:00:00+09:00,1836.2823792154602,1846.1020710829225,1835.300410028714,1842.1741943359375,248800,0.0,0.0
2019-07-04 00:00:00+09:00,1846.102096469877,1884.3988952796246,1846.102096469877,1878.507080078125,531900,0.0,0.0
2019-07-05 00:00:00+09:00,1882.4350229527827,1889.3088075958028,1858.8677613195712,1883.4169921875,426700,0.0,0.0
2019-07-08 00:00:00+09:00,1883.4167881830824,1887.3446646964987,1873.5970968995418,1875.56103515625,292000,0.0,0.0
2019-07-09 00:00:00+09:00,1881.4530809172531,1910.9121583846422,1848.066126454212,1849.048095703125,817100,0.0,0.0
2019-07-10 00:00:00+09:00,1957.0646553244342,2022.8565930598768,1943.3170862453865,2012.054931640625,3064200,0.0,0.0
2019-07-11 00:00:00+09:00,2013.0370010960114,2110.2519587099164,2013.0370010960114,2103.378173828125,2427700,0.0,0.0
2019-07-12 00:00:00+09:00,2101.4139249495497,2106.3237705685906,2075.8827277305363,2098.468017578125,1012800,0.0,0.0
2019-07-16 00:00:00+09:00,2101.4143308989005,2154.440673828125,2100.4323615853964,2154.440673828125,1194600,0.0,0.0
2019-07-17 00:00:00+09:00,2149.5305126864187,2158.3682352145947,2123.01734510189,2156.404296875,701900,0.0,0.0
2019-07-18 00:00:00+09:00,2146.5846199263647,2153.4584041621765,2128.909174748563,2135.782958984375,589100,0.0,0.0
2019-07-19 00:00:00+09:00,2133.8190157127206,2158.3682450697465,2130.8731081898773,2142.65673828125,482400,0.0,0.0
2019-07-22 00:00:00+09:00,2130.87297135835,2153.458260916526,2123.9991875797746,2139.710693359375,423400,0.0,0.0
2019-07-23 00:00:00+09:00,2134.801162544499,2147.5667628725023,2128.909347008498,2137.7470703125,313900,0.0,0.0
2019-07-24 00:00:00+09:00,2137.746871454202,2142.656717277477,2101.4140123619622,2123.017333984375,639200,0.0,0.0
2019-07-25 00:00:00+09:00,2125.9634091567464,2140.6929477883177,2109.269932040966,2131.855224609375,530500,0.0,0.0
2019-07-26 00:00:00+09:00,2135.7829639392585,2135.7829639392585,2117.125549541628,2128.9091796875,302000,0.0,0.0
2019-07-29 00:00:00+09:00,2133.818874236977,2154.440225529649,2130.8729669094523,2146.58447265625,501400,0.0,0.0
2019-07-30 00:00:00+09:00,2154.440558812269,2157.3864665955125,2123.0175424576687,2123.99951171875,579900,0.0,0.0
2019-07-31 00:00:00+09:00,2122.035254275286,2123.017223388787,2072.936798600245,2078.82861328125,849600,0.0,0.0
2019-08-01 00:00:00+09:00,2067.04532193062,2096.504400152909,2055.2616906417043,2089.630615234375,446100,0.0,0.0
2019-08-02 00:00:00+09:00,2068.026997632463,2077.846688979246,2049.369584073576,2064.09912109375,648600,0.0,0.0
2019-08-05 00:00:00+09:00,2067.045422065549,2094.5405630716464,2065.081483422256,2093.55859375,586200,0.0,0.0
2019-08-06 00:00:00+09:00,2069.0089349112695,2112.215576171875,2069.0089349112695,2112.215576171875,611900,0.0,0.0
2019-08-07 00:00:00+09:00,2130.8729669094523,2151.4943182021243,2129.8909978002775,2146.58447265625,687300,0.0,0.0
2019-08-08 00:00:00+09:00,2157.3861414511534,2195.682936861529,2156.404172338067,2186.84521484375,1302000,0.0,0.0
2019-08-09 00:00:00+09:00,2197.647089834956,2213.3585971796206,2175.061798027001,2180.95361328125,484700,0.0,0.0
2019-08-13 00:00:00+09:00,2171.13369577211,2216.304274698169,2165.2418811295806,2207.466552734375,520000,0.0,0.0
2019-08-14 00:00:00+09:00,2221.2142038445722,2238.8896484375,2217.286327268366,2238.8896484375,562400,0.0,0.0
2019-08-15 00:00:00+09:00,2219.250570967023,2235.944048713235,2197.647246824866,2203.5390625,675900,0.0,0.0
2019-08-16 00:00:00+09:00,2209.4307047889024,2226.124181225085,2197.6470743633613,2201.574951171875,479700,0.0,0.0
2019-08-19 00:00:00+09:00,2209.430597725849,2214.340443498573,2171.133800698601,2204.520751953125,446800,0.0,0.0
2019-08-20 00:00:00+09:00,2204.5208385316287,2229.070068359375,2192.73720821431,2229.070068359375,425100,0.0,0.0
2019-08-21 00:00:00+09:00,2228.0879925561276,2237.907684017371,2218.268301094884,2232.015869140625,267900,0.0,0.0
2019-08-22 00:00:00+09:00,2238.8897654897773,2287.9882252592897,2238.8897654897773,2269.330810546875,820700,0.0,0.0
2019-08-23 00:00:00+09:00,2273.2587783702097,2290.9342245951184,2266.38499372719,2287.00634765625,371500,0.0,0.0
2019-08-26 00:00:00+09:00,2289.952315717108,2305.6638238866935,2276.204746068721,2298.7900390625,748400,0.0,0.0
2019-08-27 00:00:00+09:00,2302.7176428008497,2304.681581088953,2233.9798027172424,2238.8896484375,919800,0.0,0.0
2019-08-28 00:00:00+09:00,2236.9258012152777,2241.835647135417,2189.7912803819445,2209.4306640625,1536900,0.0,0.0
2019-08-29 00:00:00+09:00,2189.703408237878,2225.212112155249,2161.099174526663,2217.3212890625,1613700,10.0,0.0
2019-08-30 00:00:00+09:00,2217.3212643119164,2227.1847930677523,2197.5942068002446,2218.3076171875,554700,0.0,0.0
2019-09-02 00:00:00+09:00,2209.430695785777,2254.8029332885203,2202.5262248614463,2246.912109375,492200,0.0,0.0
2019-09-03 00:00:00+09:00,2241.9800840816956,2308.065726683312,2240.9937312070447,2296.2294921875,816300,0.0,0.0
2019-09-04 00:00:00+09:00,2285.379844860486,2321.8749049639987,2280.4480799816333,2315.956787109375,618500,0.0,0.0
2019-09-05 00:00:00+09:00,2327.7931277447515,2342.588423048214,2302.14794921875,2302.14794921875,564900,0.0,0.0
2019-09-06 00:00:00+09:00,2310.038615598517,2317.9294392213983,2256.7755561440677,2269.59814453125,495000,0.0,0.0
2019-09-09 00:00:00+09:00,2258.7480896101874,2289.3250288145173,2254.802678099951,2276.50244140625,302800,0.0,0.0
2019-09-10 00:00:00+09:00,2274.5298288958566,2276.502534731846,2214.3623008981776,2224.225830078125,537100,0.0,0.0
2019-09-11 00:00:00+09:00,2207.457953776042,2224.2259543185764,2191.6763062065975,2219.294189453125,411700,0.0,0.0
2019-09-12 00:00:00+09:00,2201.539674660418,2215.348615272087,2196.60791015625,2196.60791015625,402000,0.0,0.0
2019-09-13 00:00:00+09:00,2197.5943414951726,2206.471517919525,2171.9491651581557,2183.785400390625,527000,0.0,0.0
2019-09-17 00:00:00+09:00,2182.7991627367583,2213.376105368859,2177.8673977960966,2198.580810546875,366600,0.0,0.0
2019-09-18 00:00:00+09:00,2213.376220703125,2224.2261041379443,2192.6628068730156,2213.376220703125,350600,0.0,0.0
2019-09-19 00:00:00+09:00,2224.225734441002,2253.8163207085095,2209.4304413072477,2218.3076171875,559800,0.0,0.0
2019-09-20 00:00:00+09:00,2224.2257244516854,2259.73442781322,2209.430431384379,2247.898193359375,444500,0.0,0.0
2019-09-24 00:00:00+09:00,2247.898486328125,2392.8923772847875,2247.898486328125,2352.451904296875,1617400,0.0,0.0
2019-09-25 00:00:00+09:00,2352.451915219488,2396.8378004123083,2343.5747381809238,2381.05615234375,931300,0.0,0.0
2019-09-26 00:00:00+09:00,2413.6058672485606,2479.6915203362814,2389.93339450072,2397.82421875,1245500,0.0,0.0
2019-09-27 00:00:00+09:00,2423.4694227430555,2428.4011879501027,2380.069888921039,2396.837890625,454300,0.0,0.0
2019-09-30 00:00:00+09:00,2397.82411480301,2436.291881350652,2397.82411480301,2411.633056640625,477600,0.0,0.0
2019-10-01 00:00:00+09:00,2410.6468133223684,2436.2919921875,2408.6741072558198,2436.2919921875,408500,0.0,0.0
2019-10-02 00:00:00+09:00,2432.346555873326,2495.4731493753097,2431.360202849857,2485.609619140625,729000,0.0,0.0
2019-10-03 00:00:00+09:00,2473.7730310450515,2520.1316165550666,2468.841266629093,2519.145263671875,730200,0.0,0.0
2019-10-04 00:00:00+09:00,2525.06345177665,2537.886039617703,2496.459217361992,2526.0498046875,581400,0.0,0.0
2019-10-07 00:00:00+09:00,2674.003016267162,2785.4609066538046,2668.0848981935346,2747.9794921875,4291400,0.0,0.0
2019-10-08 00:00:00+09:00,2712.4708130982544,2766.7202293602195,2707.5390479835305,2737.129638671875,1610500,0.0,0.0
2019-10-09 00:00:00+09:00,2717.402446201869,2800.256096104213,2703.593504551479,2761.788330078125,2025200,0.0,0.0
2019-10-10 00:00:00+09:00,2758.829331971834,2804.201569823355,2738.115919039618,2788.419921875,1350200,0.0,0.0
2019-10-11 00:00:00+09:00,2783.4880748107757,2785.4607807461484,2705.5661903635573,2752.9111328125,1364300,0.0,0.0
2019-10-15 00:00:00+09:00,2711.48438670412,2711.48438670412,2622.7126170411984,2633.5625,1618800,0.0,0.0
2019-10-16 00:00:00+09:00,2638.49397076818,2667.0982044699663,2604.957972635052,2635.534912109375,971000,0.0,0.0
2019-10-17 00:00:00+09:00,2626.65780411349,2641.453097790434,2573.394746876491,2584.24462890625,1186000,0.0,0.0
2019-10-18 00:00:00+09:00,2576.3539507949563,2584.244774533991,2518.1591257195723,2529.995361328125,1122600,0.0,0.0
2019-10-21 00:00:00+09:00,2529.995462351832,2601.9992318456657,2529.995462351832,2574.38134765625,946500,0.0,0.0
2019-10-23 00:00:00+09:00,2576.3539585283456,2581.2857233800464,2539.858898625762,2568.463134765625,823200,0.0,0.0
2019-10-24 00:00:00+09:00,2552.6814503166247,2563.5313328334264,2535.9134500633854,2540.84521484375,526900,0.0,0.0
2019-10-25 00:00:00+09:00,2549.7225663484696,2561.5588026332593,2528.022799826355,2533.94091796875,566700,0.0,0.0
2019-10-28 00:00:00+09:00,2537.885936836317,2548.735818416262,2523.090643772755,2539.858642578125,505200,0.0,0.0
2019-10-29 00:00:00+09:00,2546.7635523152526,2592.1357922093275,2539.859081027024,2541.831787109375,654300,0.0,0.0
2019-10-30 00:00:00+09:00,2544.7907750675577,2551.695246162702,2476.7324171297046,2486.595947265625,914000,0.0,0.0
2019-10-31 00:00:00+09:00,2482.650171228357,2505.336287214949,2474.759348276499,2481.663818359375,457600,0.0,0.0
2019-11-01 00:00:00+09:00,2469.8277980621783,2494.4866219246205,2464.89603328969,2492.513916015625,426800,0.0,0.0
2019-11-05 00:00:00+09:00,2523.090994493581,2540.8453486377894,2501.3912283173267,2516.1865234375,617500,0.0,0.0
2019-11-06 00:00:00+09:00,2516.1862755789975,2528.0225105092004,2493.5001586294416,2526.0498046875,426800,0.0,0.0
2019-11-07 00:00:00+09:00,2540.8452589978247,2619.7534968549,2528.02267034605,2606.930908203125,918600,0.0,0.0
2019-11-08 00:00:00+09:00,2616.7944764024815,2627.644359267324,2554.654238176565,2576.35400390625,695700,0.0,0.0
2019-11-11 00:00:00+09:00,2574.381379158266,2666.1122099098825,2572.408673120597,2660.194091796875,879200,0.0,0.0
2019-11-12 00:00:00+09:00,2671.0439113171033,2699.648148181282,2670.057558321787,2691.75732421875,541300,0.0,0.0
2019-11-13 00:00:00+09:00,2695.7023710679377,2704.5795468233755,2656.2482565993255,2686.8251953125,444700,0.0,0.0
2019-11-14 00:00:00+09:00,2686.8254309968574,2693.7299016345146,2634.5487247403107,2648.357666015625,369900,0.0,0.0
2019-11-15 00:00:00+09:00,2643.4260610921347,2678.9347693754617,2639.480649060654,2671.0439453125,354400,0.0,0.0
2019-11-18 00:00:00+09:00,2643.4260118773063,2676.962013520526,2640.466952908787,2673.0166015625,295600,0.0,0.0
2019-11-19 00:00:00+09:00,2673.016686690481,2701.6209242971318,2673.016686690481,2698.661865234375,312600,0.0,0.0
2019-11-20 00:00:00+09:00,2697.6755026497585,2725.2933871375803,2686.825619458114,2718.388916015625,370000,0.0,0.0
2019-11-21 00:00:00+09:00,2718.3888280409647,2756.8565944755064,2698.661768330943,2750.9384765625,508100,0.0,0.0
2019-11-22 00:00:00+09:00,2742.0613492891102,2765.7338213693038,2724.3069952289648,2748.9658203125,441200,0.0,0.0
2019-11-25 00:00:00+09:00,2757.8428142014523,2758.829167139292,2704.579755558076,2717.40234375,360700,0.0,0.0
2019-11-26 00:00:00+09:00,2729.2386083095957,2766.720020349988,2712.470608186263,2764.747314453125,527600,0.0,0.0
2019-11-27 00:00:00+09:00,2770.665485368695,2815.0513689007676,2762.77466162966,2811.10595703125,651400,0.0,0.0
2019-11-28 00:00:00+09:00,2803.215281368795,2806.174340427242,2737.129629063478,2756.856689453125,568800,0.0,0.0
2019-11-29 00:00:00+09:00,2753.897599434394,2759.8157174847547,2713.4571260902644,2719.375244140625,346500,0.0,0.0
2019-12-02 00:00:00+09:00,2719.375269033047,2737.129623346647,2699.6482086846027,2718.388916015625,365600,0.0,0.0
2019-12-03 00:00:00+09:00,2723.3206561741986,2733.1841862581327,2705.5663020231173,2719.375244140625,290100,0.0,0.0
2019-12-04 00:00:00+09:00,2709.5115736771445,2765.733692242706,2700.63439706153,2763.760986328125,431000,0.0,0.0
2019-12-05 00:00:00+09:00,2763.761155790441,2769.679273897059,2738.115977328431,2766.72021484375,280200,0.0,0.0
2019-12-06 00:00:00+09:00,2755.870204727963,2755.870204727963,2710.4979680001584,2723.320556640625,392400,0.0,0.0
2019-12-09 00:00:00+09:00,2733.184095124527,2736.143154051042,2675.9756225452334,2703.593505859375,461900,0.0,0.0
2019-12-10 00:00:00+09:00,2704.579817134986,2753.897465149847,2703.593464174689,2744.033935546875,363200,0.0,0.0
2019-12-11 00:00:00+09:00,2745.020292736235,2751.9247634689527,2725.2932334998986,2734.17041015625,263700,0.0,0.0
2019-12-12 00:00:00+09:00,2751.924742658286,2752.9110956126437,2720.361448118836,2725.293212890625,201200,0.0,0.0
2019-12-13 00:00:00+09:00,2744.0340837143613,2744.0340837143613,2684.8529029009674,2689.78466796875,449800,0.0,0.0
2019-12-16 00:00:00+09:00,2689.784552380047,2714.443376659292,2674.0029048413303,2674.9892578125,337800,0.0,0.0
2019-12-17 00:00:00+09:00,2677.9483665100324,2691.757308363123,2653.2895417723707,2673.0166015625,357500,0.0,0.0
2019-12-18 00:00:00+09:00,2673.016502251059,2684.8527376853813,2656.2485020524364,2676.9619140625,260500,0.0,0.0
2019-12-19 00:00:00+09:00,2682.880216899671,2701.6209242971318,2682.880216899671,2698.661865234375,246600,0.0,0.0
2019-12-20 00:00:00+09:00,2712.4707837457377,2751.9249042365846,2706.5526656721104,2747.9794921875,491000,0.0,0.0
2019-12-23 00:00:00+09:00,2781.515495825066,2805.18796812996,2766.7202006345074,2796.310791015625,669700,0.0,0.0
2019-12-24 00:00:00+09:00,2806.174134490882,2868.314370157991,2806.174134490882,2832.8056640625,924100,0.0,0.0
2019-12-25 00:00:00+09:00,2833.79200023139,2852.5327061152734,2813.0785884649927,2814.06494140625,406100,0.0,0.0
2019-12-26 00:00:00+09:00,2797.297089727125,2823.928620553159,2782.501794823773,2808.14697265625,417500,0.0,0.0
2019-12-27 00:00:00+09:00,2825.9012952928147,2898.8914160089294,2819.9831773969136,2877.191650390625,1050400,0.0,0.0
2019-12-30 00:00:00+09:00,2866.3416520058904,2872.2597696631633,2811.1058872046756,2862.396240234375,590600,0.0,0.0
2020-01-06 00:00:00+09:00,2842.669193867814,2894.945900070102,2841.682840920601,2891.00048828125,868500,0.0,0.0
2020-01-07 00:00:00+09:00,2904.8094133590857,2944.2635310278,2891.0004721750356,2930.45458984375,826500,0.0,0.0
2020-01-08 00:00:00+09:00,2921.577392578125,2944.2635100761995,2850.5599812798046,2921.577392578125,977700,0.0,0.0
2020-01-09 00:00:00+09:00,2943.277207163218,2952.1543837263775,2897.9049713959566,2919.604736328125,772100,0.0,0.0
2020-01-10 00:00:00+09:00,2951.168125,3008.3765980113635,2939.3318892045454,2983.7177734375,1029600,0.0,0.0
2020-01-14 00:00:00+09:00,2827.8741109747634,2838.7239942048723,2683.86656992059,2698.661865234375,4966200,0.0,0.0
2020-01-15 00:00:00+09:00,2699.6482266512785,2701.6209326992516,2536.8999776934925,2582.272216796875,3084900,0.0,0.0
2020-01-16 00:00:00+09:00,2573.3948622064754,2643.4259220825425,2552.6814501304552,2599.0400390625,2232300,0.0,0.0
2020-01-17 00:00:00+09:00,2614.8216364328546,2620.7397540558636,2575.3675189461273,2601.0126953125,1194800,0.0,0.0
2020-01-20 00:00:00+09:00,2613.8353833851593,2662.1666791534135,2597.0673828125,2597.0673828125,1495600,0.0,0.0
2020-01-21 00:00:00+09:00,2609.890111815853,2628.6308193458985,2592.1357573137043,2610.87646484375,775800,0.0,0.0
2020-01-22 00:00:00+09:00,2607.9173220973785,2633.5625,2600.026498127341,2633.5625,624100,0.0,0.0
2020-01-23 00:00:00+09:00,2633.562457493775,2682.8801065105126,2626.657986631432,2674.0029296875,1048800,0.0,0.0
2020-01-24 00:00:00+09:00,2674.002914851761,2676.9619737763483,2569.449499516355,2597.0673828125,1691600,0.0,0.0
2020-01-27 00:00:00+09:00,2532.95430934975,2572.4084263178147,2502.3773686995,2563.53125,1260200,0.0,0.0
2020-01-28 00:00:00+09:00,2534.927316013771,2552.68167075628,2485.609663951246,2493.50048828125,1208900,0.0,0.0
2020-01-29 00:00:00+09:00,2510.268424401384,2524.0773666181303,2424.4557120544605,2476.732421875,1466400,0.0,0.0
2020-01-30 00:00:00+09:00,2473.772987022446,2487.581927141391,2410.6464036215543,2433.33251953125,767500,0.0,0.0
2020-01-31 00:00:00+09:00,2433.3329330876772,2456.0190528529856,2424.4557557882085,2436.2919921875,579200,0.0,0.0
2020-02-03 00:00:00+09:00,2391.9058738241392,2426.428226642219,2383.028697385204,2416.564697265625,728500,0.0,0.0
2020-02-04 00:00:00+09:00,2425.441935157174,2513.227348833054,2423.469229231873,2501.39111328125,916500,0.0,0.0
2020-02-05 00:00:00+09:00,2519.1456073835784,2560.572434129902,2501.3912530637253,2515.2001953125,1141400,0.0,0.0
2020-02-06 00:00:00+09:00,2509.2819532778863,2522.1045418756116,2472.7868934228227,2520.1318359375,746500,0.0,0.0
2020-02-07 00:00:00+09:00,2531.9679887888506,2549.7223416514134,2517.1726947367147,2542.81787109375,530400,0.0,0.0
2020-02-10 00:00:00+09:00,2536.8999568939207,2553.667958164215,2518.159249591827,2525.063720703125,572300,0.0,0.0
2020-02-12 00:00:00+09:00,2554.654376644657,2568.4633192211145,2534.9273158211463,2541.831787109375,572000,0.0,0.0
2020-02-13 00:00:00+09:00,2554.6542179021203,2569.449512600395,2539.8589232038453,2567.476806640625,450200,0.0,0.0
2020-02-14 00:00:00+09:00,2560.5724244589005,2569.449601585299,2527.036421981396,2534.92724609375,499600,0.0,0.0
2020-02-17 00:00:00+09:00,2515.2002300656136,2518.1592891598084,2483.6369330608686,2494.48681640625,619700,0.0,0.0
2020-02-18 00:00:00+09:00,2487.5823651409955,2495.473189455479,2441.2237722934033,2455.03271484375,666700,0.0,0.0
2020-02-19 00:00:00+09:00,2480.677888831314,2520.132010323661,2477.718829719388,2513.2275390625,580800,0.0,0.0
2020-02-20 00:00:00+09:00,2525.0637603795967,2533.940937662181,2489.5550512492587,2494.48681640625,664100,0.0,0.0
2020-02-21 00:00:00+09:00,2485.6094658788443,2515.2000547583543,2483.636759953544,2501.39111328125,404800,0.0,0.0
2020-02-25 00:00:00+09:00,2426.428226642219,2460.9505794602997,2402.755756138393,2416.564697265625,1332400,0.0,0.0
2020-02-26 00:00:00+09:00,2382.0424620567815,2390.9196389340113,2279.461751475454,2314.970458984375,2420200,0.0,0.0
2020-02-27 00:00:00+09:00,2306.055449419026,2309.027170358999,2187.186611820107,2221.856689453125,1855500,10.0,0.0
2020-02-28 00:00:00+09:00,2090.110199045746,2186.195833788607,2080.204463505245,2124.7802734375,1944400,0.0,0.0
2020-03-02 00:00:00+09:00,2092.091440096025,2261.479525444709,2090.1102928989644,2217.894287109375,1378500,0.0,0.0
2020-03-03 00:00:00+09:00,2301.1025284094903,2312.989411896754,2196.101724271993,2202.045166015625,913800,0.0,0.0
2020-03-04 00:00:00+09:00,2173.31855909636,2221.8566672986035,2160.441101818214,2194.12060546875,569900,0.0,0.0
2020-03-05 00:00:00+09:00,2202.0451913808847,2218.884943181818,2177.280850497159,2211.950927734375,609300,0.0,0.0
2020-03-06 00:00:00+09:00,2170.3468607077416,2171.3374343548016,2104.9690000018036,2145.58251953125,1037100,0.0,0.0
2020-03-09 00:00:00+09:00,2070.298928409728,2074.2612230095556,2013.8362303621902,2042.5628662109375,1041900,0.0,0.0
2020-03-10 00:00:00+09:00,1946.4771278782894,2083.1762849506576,1911.8070518092104,2070.298828125,1710000,0.0,0.0
2020-03-11 00:00:00+09:00,2066.3364729488817,2074.26106153162,2008.883205724033,2009.873779296875,802800,0.0,0.0
2020-03-12 00:00:00+09:00,1942.5148152016038,1978.1754645372782,1879.1181052715158,1912.797607421875,1264900,0.0,0.0
2020-03-13 00:00:00+09:00,1766.1928012809626,1828.5989406419837,1709.730103763848,1777.089111328125,1338800,0.0,0.0
2020-03-16 00:00:00+09:00,1795.9099847767918,1848.4103869793125,1759.2587605976737,1767.183349609375,1079600,0.0,0.0
2020-03-17 00:00:00+09:00,1713.692341142984,1823.6460115862624,1692.890295383445,1810.7685546875,1249700,0.0,0.0
2020-03-18 00:00:00+09:00,1842.466870995941,1944.4959504113076,1842.466870995941,1898.9295654296875,1429500,0.0,0.0
2020-03-19 00:00:00+09:00,1898.9296500951862,2039.5911056577927,1889.0239137879605,2036.619384765625,1489100,0.0,0.0
2020-03-23 00:00:00+09:00,2081.1951377467103,2139.638980263158,1967.2791735197368,2070.298828125,949200,0.0,0.0
2020-03-24 00:00:00+09:00,2119.827461726456,2164.4032728375264,2086.1479599980917,2108.93115234375,746400,0.0,0.0
2020-03-25 00:00:00+09:00,2172.327904053284,2200.06396484375,2128.742665668266,2200.06396484375,707900,0.0,0.0
2020-03-26 00:00:00+09:00,2134.6860989723846,2137.6578197598174,2045.534475349408,2065.345947265625,843300,0.0,0.0
2020-03-27 00:00:00+09:00,2070.298909384107,2121.808738708496,1982.137855348133,1996.9964599609375,1089700,0.0,0.0
2020-03-30 00:00:00+09:00,1954.4016602166807,2025.7229574977762,1942.5147773364984,2000.9586181640625,847300,0.0,0.0
2020-03-31 00:00:00+09:00,2000.958558742041,2101.9970602230746,2000.958558742041,2061.383544921875,706000,0.0,0.0
2020-04-01 00:00:00+09:00,2055.440149340088,2075.2516206590285,2001.9491767789482,2013.8360595703125,618600,0.0,0.0
2020-04-02 00:00:00+09:00,1964.3074021674124,2002.9397716502815,1942.5147834847685,1947.4676513671875,619000,0.0,0.0
2020-04-03 00:00:00+09:00,1947.4676330955165,1994.0245907534459,1849.4008499437077,1866.2406005859375,694900,0.0,0.0
2020-04-06 00:00:00+09:00,1832.5611297265225,1958.3639748482892,1811.7590844701674,1943.50537109375,849800,0.0,0.0
2020-04-07 00:00:00+09:00,2018.7889674300363,2036.6192919706352,1960.3451258802952,2019.779541015625,870300,0.0,0.0
2020-04-08 00:00:00+09:00,2025.7230016901017,2182.2336296935423,1987.090631486721,2177.28076171875,879900,0.0,0.0
2020-04-09 00:00:00+09:00,2177.280603948629,2177.280603948629,2042.5626047962116,2100.015869140625,818900,0.0,0.0
2020-04-10 00:00:00+09:00,2099.0253644629415,2099.0253644629415,2019.7794800094089,2089.11962890625,414600,0.0,0.0
2020-04-13 00:00:00+09:00,2090.1102717338686,2104.9688755613606,2060.3930640788844,2078.223388671875,383900,0.0,0.0
2020-04-14 00:00:00+09:00,2080.2046248681436,2112.8935546875,2070.2988885592476,2112.8935546875,435700,0.0,0.0
2020-04-15 00:00:00+09:00,2098.034787478147,2146.5728916266025,2060.3929924242425,2124.7802734375,1090100,0.0,0.0
2020-04-16 00:00:00+09:00,2148.5540238628796,2167.3749212595576,2127.7519793718143,2137.65771484375,574000,0.0,0.0
2020-04-17 00:00:00+09:00,2157.469444835732,2179.262065490638,2127.752234851768,2142.61083984375,609600,0.0,0.0
2020-04-20 00:00:00+09:00,2141.620107570501,2212.94140625,2133.695518828335,2212.94140625,465700,0.0,0.0
2020-04-21 00:00:00+09:00,2216.903751837012,2272.37587431372,2212.9414573743898,2232.7529296875,785900,0.0,0.0
2020-04-22 00:00:00+09:00,2198.0826949183715,2236.715063148122,2176.290076942615,2208.97900390625,578300,0.0,0.0
2020-04-23 00:00:00+09:00,2241.6681590090807,2264.451352847883,2225.8189806864357,2239.68701171875,507900,0.0,0.0
2020-04-24 00:00:00+09:00,2229.7811247144905,2266.432347110953,2213.9319474619665,2256.526611328125,402400,0.0,0.0
2020-04-27 00:00:00+09:00,2261.479657312995,2262.4702309692866,2211.950974498431,2249.5927734375,427300,0.0,0.0
2020-04-28 00:00:00+09:00,2246.6208884280554,2274.356948779019,2219.8754016610546,2261.4794921875,335100,0.0,0.0
2020-04-30 00:00:00+09:00,2286.243823089736,2296.1495588916846,2220.865966796875,2220.865966796875,525100,0.0,0.0
2020-05-01 00:00:00+09:00,2209.9698755407844,2226.809628066196,2187.1866809475805,2210.96044921875,327400,0.0,0.0
2020-05-07 00:00:00+09:00,2193.129983519106,2201.0545724387775,2151.52589169083,2156.478759765625,512200,0.0,0.0
2020-05-08 00:00:00+09:00,2178.271246455885,2261.4794250381015,2171.3372315740335,2254.54541015625,501000,0.0,0.0
2020-05-11 00:00:00+09:00,2290.2060752380576,2355.5839303270336,2281.29091318047,2353.602783203125,537400,0.0,0.0
2020-05-12 00:00:00+09:00,2377.376731311144,2389.2636149677,2328.838623046875,2328.838623046875,527700,0.0,0.0
2020-05-13 00:00:00+09:00,2288.224795280247,2380.348131194127,2275.3473397223925,2375.395263671875,531000,0.0,0.0
2020-05-14 00:00:00+09:00,2337.753834443934,2365.489896886489,2290.206298828125,2290.206298828125,479300,0.0,0.0
2020-05-15 00:00:00+09:00,2325.8667574580004,2335.772493222302,2248.602018496448,2292.187255859375,373200,0.0,0.0
2020-05-18 00:00:00+09:00,2305.0647923608126,2324.876264577064,2294.1684826418746,2304.07421875,270800,0.0,0.0
2020-05-19 00:00:00+09:00,2347.659480662901,2347.659480662901,2307.0459622210533,2331.810302734375,290200,0.0,0.0
2020-05-20 00:00:00+09:00,2344.6876727121703,2376.3860273918444,2313.9798916162354,2373.414306640625,380000,0.0,0.0
2020-05-21 00:00:00+09:00,2379.357776430983,2384.310644408566,2353.60286294755,2365.48974609375,291900,0.0,0.0
2020-05-22 00:00:00+09:00,2364.4991336248618,2369.452001521018,2330.8196319310014,2350.631103515625,207600,0.0,0.0
2020-05-25 00:00:00+09:00,2367.470963780435,2431.8582494062625,2365.4898165304094,2430.86767578125,364200,0.0,0.0
2020-05-26 00:00:00+09:00,2461.5752376209607,2467.5186788385563,2431.858031532981,2440.773193359375,366200,0.0,0.0
2020-05-27 00:00:00+09:00,2439.7826756496056,2442.7543963264015,2407.0937482048485,2424.924072265625,363100,0.0,0.0
2020-05-28 00:00:00+09:00,2517.0475226151316,2527.943832236842,2434.8299136513156,2446.716796875,753600,0.0,0.0
2020-05-29 00:00:00+09:00,2431.8580983747406,2468.509320223973,2422.942936303306,2447.707275390625,353400,0.0,0.0
2020-06-01 00:00:00+09:00,2448.6977139613855,2452.660007996922,2421.952229221516,2433.839111328125,237900,0.0,0.0
2020-06-02 00:00:00+09:00,2423.9334446305834,2436.8109006094132,2414.0277092622523,2422.94287109375,305200,0.0,0.0
2020-06-03 00:00:00+09:00,2435.8204639631645,2440.773331925676,2398.178667448077,2418.980712890625,268300,0.0,0.0
2020-06-04 00:00:00+09:00,2426.905201280599,2474.452731754668,2413.037171558996,2473.462158203125,461300,0.0,0.0
2020-06-05 00:00:00+09:00,2476.4340152426794,2489.3114721219413,2445.7262334536704,2469.5,294000,0.0,0.0
2020-06-08 00:00:00+09:00,2481.386833610457,2481.386833610457,2408.0843882263557,2431.858154296875,448700,0.0,0.0
2020-06-09 00:00:00+09:00,2434.8299033255007,2443.7450657054555,2420.9618729566814,2423.93359375,212400,0.0,0.0
2020-06-10 00:00:00+09:00,2411.0561265599217,2433.8393192102412,2385.3012131291252,2401.150390625,328200,0.0,0.0
2020-06-11 00:00:00+09:00,2388.2729305987364,2395.2069457435687,2324.876220703125,2324.876220703125,392500,0.0,0.0
2020-06-12 00:00:00+09:00,2268.4135813408275,2317.9422621561293,2260.488992410379,2309.027099609375,584800,0.0,0.0
2020-06-15 00:00:00+09:00,2312.989491116879,2322.895227695538,2231.762451171875,2231.762451171875,397400,0.0,0.0
2020-06-16 00:00:00+09:00,2274.357145140235,2311.0083709112228,2270.39485046229,2300.112060546875,324100,0.0,0.0
2020-06-17 00:00:00+09:00,2285.2533385033703,2285.2533385033703,2251.5738354651758,2273.366455078125,330000,0.0,0.0
2020-06-18 00:00:00+09:00,2268.413528304798,2313.979913589523,2260.4889395596288,2307.0458984375,266400,0.0,0.0
2020-06-19 00:00:00+09:00,2312.9894480601024,2316.951742617807,2291.196827992727,2311.00830078125,223000,0.0,0.0
2020-06-22 00:00:00+09:00,2317.9422438942106,2341.7160104982536,2312.9893758517014,2339.73486328125,213400,0.0,0.0
2020-06-23 00:00:00+09:00,2357.565190962964,2357.565190962964,2318.93282018668,2321.904541015625,212700,0.0,0.0
2020-06-24 00:00:00+09:00,2321.9043101785333,2339.734633379563,2321.9043101785333,2326.857177734375,169800,0.0,0.0
2020-06-25 00:00:00+09:00,2320.9139858696094,2322.8951331046665,2270.3947313756485,2291.19677734375,326300,0.0,0.0
2020-06-26 00:00:00+09:00,2280.300467550935,2292.1873509612788,2258.507847965305,2291.19677734375,252500,0.0,0.0
2020-06-29 00:00:00+09:00,2273.366463902485,2280.300479260793,2214.9226201681727,2219.87548828125,421900,0.0,0.0
2020-06-30 00:00:00+09:00,2261.479638781601,2281.291111745084,2202.0452198911516,2204.0263671875,335200,0.0,0.0
2020-07-01 00:00:00+09:00,2200.064034205784,2208.9791968837903,2112.8935546875,2112.8935546875,570100,0.0,0.0
2020-07-02 00:00:00+09:00,2101.9971501673062,2142.6106672063543,2098.0348558220335,2113.884033203125,610200,0.0,0.0
2020-07-03 00:00:00+09:00,2109.9217388578522,2137.657799274763,2089.119693545169,2113.884033203125,417200,0.0,0.0
2020-07-06 00:00:00+09:00,2106.9499753027117,2148.554065083019,2101.006533905525,2134.68603515625,294700,0.0,0.0
2020-07-07 00:00:00+09:00,2153.5070132689925,2163.4127493005885,2127.7520995868426,2146.572998046875,300200,0.0,0.0
2020-07-08 00:00:00+09:00,2144.5918143789904,2155.488123828491,2112.893459616807,2113.884033203125,336300,0.0,0.0
2020-07-09 00:00:00+09:00,2122.7991315786035,2132.704867143599,2071.289306640625,2071.289306640625,406900,0.0,0.0
2020-07-10 00:00:00+09:00,2027.7041343502326,2031.6664287016742,1982.1377493086543,1984.118896484375,818800,0.0,0.0
2020-07-13 00:00:00+09:00,2024.7324855946413,2057.42141515659,2021.7607647253733,2049.496826171875,449800,0.0,0.0
2020-07-14 00:00:00+09:00,2035.6286780211472,2042.5626929827765,2000.9586032130012,2013.8360595703125,436100,0.0,0.0
2020-07-15 00:00:00+09:00,2032.656981355759,2053.459026486593,2019.779524846195,2041.5721435546875,337500,0.0,0.0
2020-07-16 00:00:00+09:00,2050.4873176298947,2064.3553477974397,2039.5910082125376,2055.440185546875,439600,0.0,0.0
2020-07-17 00:00:00+09:00,2053.4588898517895,2056.430610387031,2020.7699639641344,2045.5343017578125,427000,0.0,0.0
2020-07-20 00:00:00+09:00,2039.5908064087384,2056.4305556602917,2007.8924548764026,2052.46826171875,364700,0.0,0.0
2020-07-21 00:00:00+09:00,2060.3932442414375,2069.3084073174823,2037.610049713768,2053.459228515625,385900,0.0,0.0
2020-07-22 00:00:00+09:00,2070.298774105379,2085.1573777472836,2056.4307440396014,2068.317626953125,427100,0.0,0.0
2020-07-27 00:00:00+09:00,2060.3929436931544,2076.242120183102,2033.6474583663685,2069.30810546875,582100,0.0,0.0
2020-07-28 00:00:00+09:00,2071.289384409763,2086.1479883151414,1996.0057912891787,1997.9869384765625,989900,0.0,0.0
2020-07-29 00:00:00+09:00,1895.9578675306166,1910.816471508129,1832.5611572265625,1832.5611572265625,2989600,0.0,0.0
2020-07-30 00:00:00+09:00,1831.570523311315,1854.353715326545,1747.3717702115518,1763.220947265625,1668700,0.0,0.0
2020-07-31 00:00:00+09:00,1762.2304252115887,1800.8627954101562,1744.4001005045573,1783.032470703125,1247800,0.0,0.0
2020-08-03 00:00:00+09:00,1797.8910951624712,1828.598876953125,1790.9570799194205,1828.598876953125,694500,0.0,0.0
2020-08-04 00:00:00+09:00,1845.4386330431842,1887.042724609375,1837.5140441734334,1887.042724609375,744800,0.0,0.0
2020-08-05 00:00:00+09:00,1882.0898565657808,1899.9201815227198,1838.5046177821523,1887.042724609375,697500,0.0,0.0
2020-08-06 00:00:00+09:00,1889.0238250873056,1934.5902099609375,1876.1463684925834,1934.5902099609375,582300,0.0,0.0
2020-08-07 00:00:00+09:00,1940.5335410423124,1976.1941880446213,1918.7409234297902,1957.373291015625,917900,0.0,0.0
2020-08-11 00:00:00+09:00,1980.156641852387,1990.0623779296875,1963.3168905209761,1990.0623779296875,854600,0.0,0.0
2020-08-12 00:00:00+09:00,2004.9211184349374,2056.4309495409734,1996.0059553588926,2053.459228515625,745800,0.0,0.0
2020-08-13 00:00:00+09:00,2070.2988320303034,2081.195141672568,2021.760725442033,2043.5533447265625,741700,0.0,0.0
2020-08-14 00:00:00+09:00,2053.4591872375136,2084.166970548832,2051.478039927106,2056.430908203125,692500,0.0,0.0
2020-08-17 00:00:00+09:00,2066.3364556469965,2077.2327648570235,2040.58154296875,2040.58154296875,498700,0.0,0.0
2020-08-18 00:00:00+09:00,2041.572007710824,2058.4117574105253,2023.7416844993759,2045.5343017578125,356100,0.0,0.0
2020-08-19 00:00:00+09:00,2044.5438993402283,2100.016020640157,2039.5910313670204,2083.17626953125,692100,0.0,0.0
2020-08-20 00:00:00+09:00,2080.2045185166157,2108.93115234375,2077.2327977758778,2108.93115234375,488000,0.0,0.0
2020-08-21 00:00:00+09:00,2108.931182991931,2110.912330181214,2079.213975152684,2083.17626953125,711900,0.0,0.0
2020-08-24 00:00:00+09:00,2092.0914165879017,2116.855756272891,2077.2328127769083,2096.0537109375,587200,0.0,0.0
2020-08-25 00:00:00+09:00,2103.978315018723,2114.874624559781,2082.185695936608,2083.17626953125,577300,0.0,0.0
2020-08-26 00:00:00+09:00,2088.1291245568696,2094.0725660878666,2066.3365056098814,2078.223388671875,663000,0.0,0.0
2020-08-27 00:00:00+09:00,2079.2139826449256,2082.185703439559,2029.685302734375,2029.685302734375,1651600,0.0,0.0
2020-08-28 00:00:00+09:00,2058.5527914346862,2122.2604213436903,2041.6304522401072,2078.46142578125,2071000,10.0,0.0
2020-08-31 00:00:00+09:00,2115.292428219398,2135.2010628379335,2082.4431810988144,2088.415771484375,569300,0.0,0.0
2020-09-01 00:00:00+09:00,2078.4615338454155,2091.402146843495,2062.5346255400864,2073.484375,326300,0.0,0.0
2020-09-02 00:00:00+09:00,2090.4066304186463,2099.365515977583,2067.511700656918,2095.3837890625,308300,0.0,0.0
2020-09-03 00:00:00+09:00,2109.3198470630023,2113.3015740041315,2067.5117141811497,2074.479736328125,327900,0.0,0.0
2020-09-04 00:00:00+09:00,2067.511602736611,2088.4156680507513,2038.6440839694656,2086.4248046875,334100,0.0,0.0
2020-09-07 00:00:00+09:00,2086.4249408763685,2110.3153027948,2076.470623410355,2091.402099609375,289100,0.0,0.0
2020-09-08 00:00:00+09:00,2086.4249408763685,2094.388394849179,2066.516305944342,2091.402099609375,294200,0.0,0.0
2020-09-09 00:00:00+09:00,2068.507206630752,2092.3975689787494,2066.5163431017527,2087.42041015625,284000,0.0,0.0
2020-09-10 00:00:00+09:00,2097.374582085967,2106.3334673440468,2080.45224326515,2096.379150390625,292400,0.0,0.0
2020-09-11 00:00:00+09:00,2108.3244918205837,2109.3199235919815,2064.5254938790795,2066.516357421875,469000,0.0,0.0
2020-09-14 00:00:00+09:00,2061.539146676019,2065.52087366139,2011.7675593588767,2013.7584228515625,649800,0.0,0.0
2020-09-15 00:00:00+09:00,1988.8726011637248,2005.7949406130658,1939.1010145480159,2003.8040771484375,733800,0.0,0.0
2020-09-16 00:00:00+09:00,2013.7583251953126,2035.6578225528494,2002.8085765165442,2030.6806640625,427700,0.0,0.0
2020-09-17 00:00:00+09:00,2030.6806970447872,2039.639582472926,2008.781199331559,2033.6669921875,285700,0.0,0.0
2020-09-18 00:00:00+09:00,2037.6486959773429,2054.5710349278143,2032.6715374624985,2042.6258544921875,323600,0.0,0.0
2020-09-23 00:00:00+09:00,2030.680734466957,2034.6624613972842,2006.7903728849926,2029.685302734375,282300,0.0,0.0
2020-09-24 00:00:00+09:00,2017.7401543852072,2022.7173131281406,1980.9091796875,1980.9091796875,480900,0.0,0.0
2020-09-25 00:00:00+09:00,1977.922814162756,2001.813175279971,1961.995906751279,1981.904541015625,477000,0.0,0.0
2020-09-28 00:00:00+09:00,1994.8451314551457,2016.74462890625,1980.9090876226246,2016.74462890625,313800,0.0,0.0
2020-09-29 00:00:00+09:00,2015.749187147487,2015.749187147487,1978.918214345286,2004.7994384765625,315100,0.0,0.0
2020-09-30 00:00:00+09:00,1990.8634398794416,2003.804052238658,1961.00048828125,1961.00048828125,341400,0.0,0.0
2020-10-02 00:00:00+09:00,1962.991384669602,1988.8726098224467,1950.0507720931796,1963.98681640625,363500,0.0,0.0
2020-10-05 00:00:00+09:00,1989.8679545325404,2018.7354736328125,1983.8953643738635,2018.7354736328125,427400,0.0,0.0
2020-10-06 00:00:00+09:00,2025.703566127301,2031.676156494261,2000.817772931634,2017.7401123046875,253200,0.0,0.0
2020-10-07 00:00:00+09:00,2019.730971254782,2026.6989933340246,1999.82233674266,2024.7081298828125,198900,0.0,0.0
2020-10-08 00:00:00+09:00,2024.7081012951999,2029.685259852956,2011.767489045034,2014.7537841796875,179300,0.0,0.0
2020-10-09 00:00:00+09:00,2037.6487430313257,2050.58935546875,2016.744676786256,2050.58935546875,391400,0.0,0.0
2020-10-12 00:00:00+09:00,1970.9548230260798,1983.8954355004932,1876.38880878998,1907.2471923828125,3268500,0.0,0.0
2020-10-13 00:00:00+09:00,1903.2654841790752,1917.2015285192986,1871.4116685442789,1905.25634765625,947400,0.0,0.0
2020-10-14 00:00:00+09:00,1914.21522825538,1914.21522825538,1886.3431396484375,1886.3431396484375,614600,0.0,0.0
2020-10-15 00:00:00+09:00,1881.365934891409,1923.1740667778847,1874.3979129103298,1904.2608642578125,546700,0.0,0.0
2020-10-16 00:00:00+09:00,1910.2334300495904,1911.2288617484178,1879.375047385944,1887.3385009765625,363400,0.0,0.0
2020-10-19 00:00:00+09:00,1880.3705727166212,1907.2472299232643,1876.3888457230444,1903.2655029296875,344500,0.0,0.0
2020-10-20 00:00:00+09:00,1898.2882818495978,1905.2563038595333,1862.4527400842148,1864.443603515625,580000,0.0,0.0
2020-10-21 00:00:00+09:00,1876.388785074484,1906.2517365610806,1876.388785074484,1890.3248291015625,321600,0.0,0.0
2020-10-22 00:00:00+09:00,1874.3979242076045,1875.3933559251868,1827.612633481233,1831.5943603515625,851200,0.0,0.0
2020-10-23 00:00:00+09:00,1848.5167611827737,1855.4847834381746,1826.6172626657994,1844.5350341796875,473800,0.0,0.0
2020-10-26 00:00:00+09:00,1860.4618408716294,1905.2562672168533,1852.4983872991452,1894.3065185546875,459100,0.0,0.0
2020-10-27 00:00:00+09:00,1886.3430891036987,1911.2288818359375,1876.3887720108032,1911.2288818359375,456300,0.0,0.0
2020-10-28 00:00:00+09:00,1893.3110925712149,1914.2151582620643,1886.3430706742652,1913.2197265625,305100,0.0,0.0
2020-10-29 00:00:00+09:00,1886.3431679060398,1923.1741426883739,1884.3523044042918,1922.1787109375,313300,0.0,0.0
2020-10-30 00:00:00+09:00,1915.2105943007507,1915.2105943007507,1892.3156651589018,1906.251708984375,286800,0.0,0.0
2020-11-02 00:00:00+09:00,1901.2746394328992,1916.206115658812,1894.3066171941398,1903.2655029296875,285100,0.0,0.0
2020-11-04 00:00:00+09:00,1921.183236586027,1925.1649635012313,1893.3111481795977,1907.2471923828125,282600,0.0,0.0
2020-11-05 00:00:00+09:00,1920.1877455767465,1946.0689697265625,1902.2699750114891,1946.0689697265625,422900,0.0,0.0
2020-11-06 00:00:00+09:00,1954.0324842804616,1960.0050746552363,1922.1786689483297,1933.12841796875,262200,0.0,0.0
2020-11-09 00:00:00+09:00,1950.05078125,1954.0325082152883,1932.1330099062022,1950.05078125,226900,0.0,0.0
2020-11-10 00:00:00+09:00,1965.9776433372401,1995.8405948816032,1965.9776433372401,1993.8497314453125,551100,0.0,0.0
2020-11-11 00:00:00+09:00,2006.790363298594,2030.6807247664344,1995.8406142925005,2017.7401123046875,501600,0.0,0.0
2020-11-12 00:00:00+09:00,2008.781208126694,2033.6670010915936,1995.8405957849463,2019.73095703125,354200,0.0,0.0
2020-11-13 00:00:00+09:00,2002.8085793959422,2007.785737893447,1987.8771039034277,1997.8314208984375,320300,0.0,0.0
2020-11-16 00:00:00+09:00,2004.7994724746086,2042.625877615639,2004.7994724746086,2033.6669921875,347500,0.0,0.0
2020-11-17 00:00:00+09:00,2045.6122104556844,2050.589369118594,2018.7355536759746,2029.685302734375,267100,0.0,0.0
2020-11-18 00:00:00+09:00,2015.7491958618164,2015.7491958618164,1990.8634033203125,1990.8634033203125,251600,0.0,0.0
2020-11-19 00:00:00+09:00,1986.881750614127,1986.881750614127,1920.1878241155566,1931.1375732421875,466900,0.0,0.0
2020-11-20 00:00:00+09:00,1927.155771745059,1946.068974050408,1915.2105913416806,1939.1009521484375,213300,0.0,0.0
2020-11-24 00:00:00+09:00,1958.014177783732,1961.0004729201587,1930.14208984375,1930.14208984375,336100,0.0,0.0
2020-11-25 00:00:00+09:00,1948.0598462015053,1955.0278681347759,1925.1649169921875,1925.1649169921875,322600,0.0,0.0
2020-11-26 00:00:00+09:00,1914.2152333035365,1918.1969602578858,1901.2746207019004,1905.25634765625,301500,0.0,0.0
2020-11-27 00:00:00+09:00,1910.233474124875,1935.1192671697536,1910.233474124875,1928.1512451171875,311400,0.0,0.0
2020-11-30 00:00:00+09:00,1936.114683521507,1937.1101152353997,1897.2928466796875,1897.2928466796875,381200,0.0,0.0
2020-12-01 00:00:00+09:00,1895.301997481685,1904.260882973983,1877.3842264970892,1902.27001953125,400000,0.0,0.0
2020-12-02 00:00:00+09:00,1907.2472115113565,1937.1101636748954,1894.306598907156,1931.1375732421875,320100,0.0,0.0
2020-12-03 00:00:00+09:00,1931.1375410922376,1960.0050610364,1925.1649507589627,1954.032470703125,284100,0.0,0.0
2020-12-04 00:00:00+09:00,1959.0096105677483,1967.96849598193,1945.073566590132,1956.0233154296875,250900,0.0,0.0
2020-12-07 00:00:00+09:00,1961.0004874021429,1964.9822142801168,1935.1192626953125,1935.1192626953125,235000,0.0,0.0
2020-12-08 00:00:00+09:00,1934.123779296875,1945.0735279187309,1919.1923039034355,1934.123779296875,179400,0.0,0.0
2020-12-09 00:00:00+09:00,1933.1283992563256,1935.1192626953125,1917.20149174443,1935.1192626953125,226300,0.0,0.0
2020-12-10 00:00:00+09:00,1939.1010460002258,1944.0782047425262,1927.1558650187048,1929.146728515625,245000,0.0,0.0
2020-12-11 00:00:00+09:00,1922.178659263176,1922.178659263176,1899.2837296085654,1921.1832275390625,378000,0.0,0.0
2020-12-14 00:00:00+09:00,1915.2106468444258,1950.050757363945,1911.2289199279094,1933.12841796875,309400,0.0,0.0
2020-12-15 00:00:00+09:00,1926.1604095411324,1928.1512730135264,1907.24720655339,1912.224365234375,339000,0.0,0.0
2020-12-16 00:00:00+09:00,1912.224393428761,1924.1695744392478,1911.2289616778871,1922.1787109375,230700,0.0,0.0
2020-12-17 00:00:00+09:00,1914.2151481588473,1916.206011547468,1899.2836727441918,1901.2745361328125,295500,0.0,0.0
2020-12-18 00:00:00+09:00,1896.297396293976,1901.2745548144326,1886.3430792530628,1899.28369140625,352300,0.0,0.0
2020-12-21 00:00:00+09:00,1906.2518028599698,1918.1969838700581,1890.3248948465182,1896.2974853515625,294800,0.0,0.0
2020-12-22 00:00:00+09:00,1887.3385053062136,1887.3385053062136,1862.452712778442,1880.3704833984375,533300,0.0,0.0
2020-12-23 00:00:00+09:00,1882.361384270868,1888.3339745964233,1871.411635340683,1876.3887939453125,247300,0.0,0.0
2020-12-24 00:00:00+09:00,1887.3385383976943,1899.2837190204646,1879.375084649181,1883.3568115234375,269400,0.0,0.0
2020-12-25 00:00:00+09:00,1886.3430934493229,1904.2608642578125,1881.365934891409,1904.2608642578125,270100,0.0,0.0
2020-12-28 00:00:00+09:00,1901.2745579427083,1904.2608530598957,1863.4481531249999,1866.4344482421875,645500,0.0,0.0
2020-12-29 00:00:00+09:00,1883.3568080357143,1917.2014864042208,1881.3659446022727,1916.2060546875,499600,0.0,0.0
2020-12-30 00:00:00+09:00,1917.2015331570367,1924.169555344004,1894.3066031141436,1898.288330078125,416600,0.0,0.0
2021-01-04 00:00:00+09:00,1897.2929123102797,1899.2837758069327,1861.4573693705263,1877.38427734375,479300,0.0,0.0
2021-01-05 00:00:00+09:00,1862.4527157750622,1875.3933279103246,1847.521240234375,1847.521240234375,592700,0.0,0.0
2021-01-06 00:00:00+09:00,1846.5258282600566,1871.41162109375,1828.6080574197972,1871.41162109375,424800,0.0,0.0
2021-01-07 00:00:00+09:00,1881.3659338048985,1893.3111143369931,1874.3979118278435,1878.379638671875,368500,0.0,0.0
2021-01-08 00:00:00+09:00,1880.3705681288473,1910.2335205078125,1872.4071141611232,1910.2335205078125,557200,0.0,0.0
2021-01-12 00:00:00+09:00,1910.2334881987804,1933.12841796875,1902.2700343657473,1933.12841796875,391800,0.0,0.0
2021-01-13 00:00:00+09:00,1931.1375918847248,1932.133023633119,1899.2837759361107,1903.2655029296875,401400,0.0,0.0
2021-01-14 00:00:00+09:00,1935.1192881391,2033.6670296647023,1927.1558342784454,2029.685302734375,1385700,0.0,0.0
2021-01-15 00:00:00+09:00,2027.694495074165,2131.219398111825,2021.7219045143,2101.3564453125,1235800,0.0,0.0
2021-01-18 00:00:00+09:00,2083.4385484957193,2084.433980195908,2012.7628977822953,2023.712646484375,607300,0.0,0.0
2021-01-19 00:00:00+09:00,2033.6669985014819,2100.3609235624704,2026.6989764801845,2078.46142578125,561900,0.0,0.0
2021-01-20 00:00:00+09:00,2080.4523321450065,2123.255896873349,2074.4797417177956,2119.274169921875,501100,0.0,0.0
2021-01-21 00:00:00+09:00,2135.2009692634506,2155.109603009497,2101.356291895172,2124.251220703125,609700,0.0,0.0
2021-01-22 00:00:00+09:00,2116.2877588254337,2154.1141627931506,2109.3197370419066,2138.187255859375,584200,0.0,0.0
2021-01-25 00:00:00+09:00,2135.2010024503174,2143.1644560725094,2120.2695269087067,2127.237548828125,322500,0.0,0.0
2021-01-26 00:00:00+09:00,2119.274021047312,2135.200927734375,2106.3334093640733,2135.200927734375,393200,0.0,0.0
2021-01-27 00:00:00+09:00,2126.242225060096,2142.1691331129805,2115.292475773738,2122.260498046875,299000,0.0,0.0
2021-01-28 00:00:00+09:00,2105.338009763855,2201.8948830248924,2095.3836929328204,2196.917724609375,779400,0.0,0.0
2021-01-29 00:00:00+09:00,2194.9270066182326,2208.863051104697,2177.0092351356348,2187.958984375,498300,0.0,0.0
2021-02-01 00:00:00+09:00,2181.9862705743553,2184.972565652696,2138.1872760920237,2162.07763671875,360400,0.0,0.0
2021-02-02 00:00:00+09:00,2162.077730893653,2185.968092560986,2147.1462548515697,2178.004638671875,287500,0.0,0.0
2021-02-03 00:00:00+09:00,2176.013849511369,2232.753460408966,2174.022985971102,2221.8037109375,588300,0.0,0.0
2021-02-04 00:00:00+09:00,2234.7443052651224,2238.7260323123655,2191.9407395072603,2197.913330078125,364600,0.0,0.0
2021-02-05 00:00:00+09:00,2223.7944379788532,2234.7441867782118,2197.9132135440054,2216.826416015625,407400,0.0,0.0
2021-02-08 00:00:00+09:00,2219.8126780557973,2252.6619239642464,2207.8674977254523,2213.840087890625,478600,0.0,0.0
2021-02-09 00:00:00+09:00,2213.840167355138,2228.7716433040264,2192.936101026695,2198.90869140625,364500,0.0,0.0
2021-02-10 00:00:00+09:00,2204.881277256494,2216.8264579910665,2184.972642698873,2205.876708984375,464300,0.0,0.0
2021-02-12 00:00:00+09:00,2192.9359607325587,2204.8811407274707,2182.981644070132,2200.8994140625,581600,0.0,0.0
2021-02-15 00:00:00+09:00,2200.8995831675657,2212.8447640802797,2184.972675283947,2208.863037109375,434800,0.0,0.0
2021-02-16 00:00:00+09:00,2214.8354949052373,2225.7852434193755,2195.9222929262714,2196.917724609375,367500,0.0,0.0
2021-02-17 00:00:00+09:00,2197.9133484543013,2236.7351874894994,2196.9179166841677,2221.8037109375,457900,0.0,0.0
2021-02-18 00:00:00+09:00,2229.7669323835366,2243.702975710934,2196.9176873975293,2200.8994140625,595300,0.0,0.0
2021-02-19 00:00:00+09:00,2201.8948915049305,2209.8583450004276,2163.0730557143825,2182.981689453125,901500,0.0,0.0
2021-02-22 00:00:00+09:00,2199.9041606877126,2230.7625448421554,2194.927001953125,2194.927001953125,633500,0.0,0.0
2021-02-24 00:00:00+09:00,2195.922338967565,2219.812699862951,2178.0045682960254,2179.0,1568300,0.0,0.0
2021-02-25 00:00:00+09:00,2185.0,2185.0,2126.0,2138.0,1373700,10.0,0.0
2021-02-26 00:00:00+09:00,2120.0,2148.0,2093.0,2099.0,532000,0.0,0.0
2021-03-01 00:00:00+09:00,2112.0,2136.0,2095.0,2134.0,392800,0.0,0.0
2021-03-02 00:00:00+09:00,2134.0,2135.0,2074.0,2088.0,457200,0.0,0.0
2021-03-03 00:00:00+09:00,2092.0,2132.0,2081.0,2118.0,354800,0.0,0.0
2021-03-04 00:00:00+09:00,2100.0,2100.0,2068.0,2095.0,274800,0.0,0.0
2021-03-05 00:00:00+09:00,2095.0,2096.0,2042.0,2094.0,309600,0.0,0.0
2021-03-08 00:00:00+09:00,2094.0,2117.0,2088.0,2092.0,247500,0.0,0.0
2021-03-09 00:00:00+09:00,2117.0,2163.0,2104.0,2156.0,421300,0.0,0.0
2021-03-10 00:00:00+09:00,2144.0,2168.0,2124.0,2140.0,275600,0.0,0.0
2021-03-11 00:00:00+09:00,2150.0,2159.0,2135.0,2147.0,235400,0.0,0.0
2021-03-12 00:00:00+09:00,2134.0,2142.0,2105.0,2119.0,312200,0.0,0.0
2021-03-15 00:00:00+09:00,2119.0,2157.0,2117.0,2157.0,297500,0.0,0.0
2021-03-16 00:00:00+09:00,2145.0,2197.0,2133.0,2195.0,414600,0.0,0.0
2021-03-17 00:00:00+09:00,2195.0,2240.0,2178.0,2240.0,561800,0.0,0.0
2021-03-18 00:00:00+09:00,2243.0,2245.0,2221.0,2243.0,395100,0.0,0.0
2021-03-19 00:00:00+09:00,2234.0,2237.0,2217.0,2235.0,295200,0.0,0.0
2021-03-22 00:00:00+09:00,2218.0,2255.0,2211.0,2252.0,317700,0.0,0.0
2021-03-23 00:00:00+09:00,2245.0,2258.0,2214.0,2214.0,259300,0.0,0.0
2021-03-24 00:00:00+09:00,2226.0,2233.0,2187.0,2216.0,345100,0.0,0.0
2021-03-25 00:00:00+09:00,2217.0,2300.0,2214.0,2293.0,516100,0.0,0.0
2021-03-26 00:00:00+09:00,2296.0,2305.0,2278.0,2294.0,295800,0.0,0.0
2021-03-29 00:00:00+09:00,2297.0,2317.0,2288.0,2317.0,385700,0.0,0.0
2021-03-30 00:00:00+09:00,2320.0,2325.0,2252.0,2260.0,332300,0.0,0.0
2021-03-31 00:00:00+09:00,2250.0,2259.0,2199.0,2200.0,352700,0.0,0.0
2021-04-01 00:00:00+09:00,2201.0,2202.0,2153.0,2158.0,246100,0.0,0.0
2021-04-02 00:00:00+09:00,2186.0,2213.0,2179.0,2190.0,204000,0.0,0.0
2021-04-05 00:00:00+09:00,2199.0,2232.0,2196.0,2225.0,217000,0.0,0.0
2021-04-06 00:00:00+09:00,2229.0,2239.0,2202.0,2217.0,203500,0.0,0.0
2021-04-07 00:00:00+09:00,2221.0,2251.0,2205.0,2242.0,289200,0.0,0.0
2021-04-08 00:00:00+09:00,2224.0,2232.0,2167.0,2167.0,403400,0.0,0.0
2021-04-09 00:00:00+09:00,2160.0,2195.0,2156.0,2169.0,243000,0.0,0.0
2021-04-12 00:00:00+09:00,2169.0,2174.0,2148.0,2169.0,167400,0.0,0.0
2021-04-13 00:00:00+09:00,2159.0,2173.0,2153.0,2158.0,217700,0.0,0.0
2021-04-14 00:00:00+09:00,2176.0,2213.0,2094.0,2100.0,855600,0.0,0.0
2021-04-15 00:00:00+09:00,2098.0,2110.0,2065.0,2080.0,431600,0.0,0.0
2021-04-16 00:00:00+09:00,2083.0,2110.0,2048.0,2109.0,369700,0.0,0.0
2021-04-19 00:00:00+09:00,2097.0,2112.0,2080.0,2090.0,321500,0.0,0.0
2021-04-20 00:00:00+09:00,2086.0,2120.0,2079.0,2105.0,460700,0.0,0.0
2021-04-21 00:00:00+09:00,2078.0,2110.0,2072.0,2102.0,365500,0.0,0.0
2021-04-22 00:00:00+09:00,2107.0,2130.0,2101.0,2113.0,426200,0.0,0.0
2021-04-23 00:00:00+09:00,2097.0,2109.0,2050.0,2054.0,405000,0.0,0.0
2021-04-26 00:00:00+09:00,2050.0,2050.0,2002.0,2029.0,571600,0.0,0.0
2021-04-27 00:00:00+09:00,2026.0,2036.0,1996.0,2009.0,463000,0.0,0.0
2021-04-28 00:00:00+09:00,2021.0,2037.0,2012.0,2020.0,336300,0.0,0.0
2021-04-30 00:00:00+09:00,2026.0,2035.0,2011.0,2022.0,414100,0.0,0.0
2021-05-06 00:00:00+09:00,2030.0,2044.0,2015.0,2023.0,470900,0.0,0.0
2021-05-07 00:00:00+09:00,2038.0,2076.0,2026.0,2072.0,286400,0.0,0.0
2021-05-10 00:00:00+09:00,2080.0,2084.0,2055.0,2070.0,342300,0.0,0.0
2021-05-11 00:00:00+09:00,2076.0,2081.0,2067.0,2074.0,390700,0.0,0.0
2021-05-12 00:00:00+09:00,2065.0,2080.0,2032.0,2040.0,570000,0.0,0.0
2021-05-13 00:00:00+09:00,2020.0,2029.0,1982.0,1986.0,562700,0.0,0.0
2021-05-14 00:00:00+09:00,2010.0,2035.0,2001.0,2032.0,317100,0.0,0.0
2021-05-17 00:00:00+09:00,2050.0,2087.0,2041.0,2087.0,380500,0.0,0.0
2021-05-18 00:00:00+09:00,2077.0,2092.0,2071.0,2079.0,227400,0.0,0.0
2021-05-19 00:00:00+09:00,2063.0,2069.0,2043.0,2062.0,216500,0.0,0.0
2021-05-20 00:00:00+09:00,2050.0,2060.0,2039.0,2040.0,185800,0.0,0.0
2021-05-21 00:00:00+09:00,2040.0,2049.0,2020.0,2043.0,187200,0.0,0.0
2021-05-24 00:00:00+09:00,2038.0,2065.0,2035.0,2056.0,185100,0.0,0.0
2021-05-25 00:00:00+09:00,2053.0,2055.0,2020.0,2022.0,224000,0.0,0.0
2021-05-26 00:00:00+09:00,2019.0,2029.0,2008.0,2025.0,277500,0.0,0.0
2021-05-27 00:00:00+09:00,2025.0,2029.0,1982.0,1982.0,647500,0.0,0.0
2021-05-28 00:00:00+09:00,2003.0,2034.0,2002.0,2026.0,373900,0.0,0.0
2021-05-31 00:00:00+09:00,2020.0,2040.0,2000.0,2007.0,293800,0.0,0.0
2021-06-01 00:00:00+09:00,2019.0,2019.0,2000.0,2009.0,187200,0.0,0.0
2021-06-02 00:00:00+09:00,2010.0,2017.0,1992.0,2014.0,351800,0.0,0.0
2021-06-03 00:00:00+09:00,2014.0,2025.0,2004.0,2025.0,303700,0.0,0.0
2021-06-04 00:00:00+09:00,2018.0,2038.0,2015.0,2031.0,265300,0.0,0.0
2021-06-07 00:00:00+09:00,2044.0,2048.0,2022.0,2046.0,260200,0.0,0.0
2021-06-08 00:00:00+09:00,2040.0,2087.0,2037.0,2087.0,372500,0.0,0.0
2021-06-09 00:00:00+09:00,2101.0,2167.0,2090.0,2155.0,607600,0.0,0.0
2021-06-10 00:00:00+09:00,2143.0,2143.0,2092.0,2101.0,359900,0.0,0.0
2021-06-11 00:00:00+09:00,2112.0,2112.0,2087.0,2094.0,278200,0.0,0.0
2021-06-14 00:00:00+09:00,2100.0,2108.0,2064.0,2066.0,211700,0.0,0.0
2021-06-15 00:00:00+09:00,2062.0,2077.0,2050.0,2077.0,178400,0.0,0.0
2021-06-16 00:00:00+09:00,2078.0,2091.0,2068.0,2069.0,163100,0.0,0.0
2021-06-17 00:00:00+09:00,2076.0,2082.0,2066.0,2076.0,171900,0.0,0.0
2021-06-18 00:00:00+09:00,2066.0,2078.0,2052.0,2053.0,246600,0.0,0.0
2021-06-21 00:00:00+09:00,2039.0,2056.0,2022.0,2052.0,229300,0.0,0.0
2021-06-22 00:00:00+09:00,2086.0,2095.0,2074.0,2082.0,214900,0.0,0.0
2021-06-23 00:00:00+09:00,2078.0,2115.0,2075.0,2104.0,229000,0.0,0.0
2021-06-24 00:00:00+09:00,2111.0,2124.0,2103.0,2118.0,240700,0.0,0.0
2021-06-25 00:00:00+09:00,2123.0,2138.0,2122.0,2137.0,260800,0.0,0.0
2021-06-28 00:00:00+09:00,2137.0,2141.0,2084.0,2094.0,311400,0.0,0.0
2021-06-29 00:00:00+09:00,2083.0,2121.0,2075.0,2111.0,267900,0.0,0.0
2021-06-30 00:00:00+09:00,2114.0,2127.0,2109.0,2123.0,251600,0.0,0.0
2021-07-01 00:00:00+09:00,2140.0,2175.0,2130.0,2142.0,435600,0.0,0.0
2021-07-02 00:00:00+09:00,2151.0,2167.0,2138.0,2149.0,323500,0.0,0.0
2021-07-05 00:00:00+09:00,2149.0,2154.0,2137.0,2149.0,195900,0.0,0.0
2021-07-06 00:00:00+09:00,2154.0,2156.0,2140.0,2144.0,120700,0.0,0.0
2021-07-07 00:00:00+09:00,2133.0,2150.0,2113.0,2113.0,274700,0.0,0.0
2021-07-08 00:00:00+09:00,2118.0,2129.0,2112.0,2115.0,255100,0.0,0.0
2021-07-09 00:00:00+09:00,2078.0,2086.0,2037.0,2077.0,630100,0.0,0.0
2021-07-12 00:00:00+09:00,2156.0,2206.0,2119.0,2142.0,571100,0.0,0.0
2021-07-13 00:00:00+09:00,2150.0,2166.0,2126.0,2128.0,249800,0.0,0.0
2021-07-14 00:00:00+09:00,2119.0,2129.0,2105.0,2108.0,265700,0.0,0.0
2021-07-15 00:00:00+09:00,2120.0,2120.0,2079.0,2083.0,348800,0.0,0.0
2021-07-16 00:00:00+09:00,2075.0,2096.0,2051.0,2077.0,329600,0.0,0.0
2021-07-19 00:00:00+09:00,2065.0,2065.0,2033.0,2056.0,330300,0.0,0.0
2021-07-20 00:00:00+09:00,2043.0,2058.0,2034.0,2049.0,261900,0.0,0.0
2021-07-21 00:00:00+09:00,2072.0,2080.0,2044.0,2045.0,287500,0.0,0.0
2021-07-26 00:00:00+09:00,2065.0,2077.0,2041.0,2045.0,297300,0.0,0.0
2021-07-27 00:00:00+09:00,2064.0,2092.0,2056.0,2089.0,271800,0.0,0.0
2021-07-28 00:00:00+09:00,2083.0,2111.0,2081.0,2105.0,305600,0.0,0.0
2021-07-29 00:00:00+09:00,2093.0,2105.0,2072.0,2072.0,303200,0.0,0.0
2021-07-30 00:00:00+09:00,2068.0,2089.0,2056.0,2082.0,413000,0.0,0.0
2021-08-02 00:00:00+09:00,2097.0,2124.0,2088.0,2111.0,415200,0.0,0.0
2021-08-03 00:00:00+09:00,2112.0,2114.0,2095.0,2096.0,234600,0.0,0.0
2021-08-04 00:00:00+09:00,2092.0,2098.0,2057.0,2057.0,409200,0.0,0.0
2021-08-05 00:00:00+09:00,2053.0,2071.0,2036.0,2041.0,448300,0.0,0.0
2021-08-06 00:00:00+09:00,2049.0,2057.0,2024.0,2026.0,566700,0.0,0.0
2021-08-10 00:00:00+09:00,2023.0,2049.0,2005.0,2039.0,765100,0.0,0.0
2021-08-11 00:00:00+09:00,2044.0,2053.0,2031.0,2042.0,485700,0.0,0.0
2021-08-12 00:00:00+09:00,2055.0,2070.0,2047.0,2068.0,462500,0.0,0.0
2021-08-13 00:00:00+09:00,2066.0,2077.0,2054.0,2061.0,582400,0.0,0.0
2021-08-16 00:00:00+09:00,2062.0,2069.0,2041.0,2048.0,630200,0.0,0.0
2021-08-17 00:00:00+09:00,2048.0,2070.0,2048.0,2059.0,326300,0.0,0.0
2021-08-18 00:00:00+09:00,2050.0,2062.0,2039.0,2061.0,390100,0.0,0.0
2021-08-19 00:00:00+09:00,2066.0,2067.0,2045.0,2046.0,370300,0.0,0.0
2021-08-20 00:00:00+09:00,2060.0,2086.0,2048.0,2073.0,1038500,0.0,0.0
2021-08-23 00:00:00+09:00,2079.0,2089.0,2063.0,2069.0,611900,0.0,0.0
2021-08-24 00:00:00+09:00,2077.0,2097.0,2075.0,2088.0,676700,0.0,0.0
2021-08-25 00:00:00+09:00,2097.0,2106.0,2085.0,2094.0,582000,0.0,0.0
2021-08-26 00:00:00+09:00,2100.0,2116.0,2091.0,2094.0,768100,0.0,0.0
2021-08-27 00:00:00+09:00,2090.0,2100.0,2063.0,2070.0,1730700,0.0,0.0
2021-08-30 00:00:00+09:00,2068.0,2068.0,2029.0,2037.0,1329200,0.0,0.0
2021-08-31 00:00:00+09:00,2037.0,2052.0,2032.0,2045.0,415500,0.0,0.0
2021-09-01 00:00:00+09:00,2041.0,2066.0,2040.0,2062.0,376300,0.0,0.0
2021-09-02 00:00:00+09:00,2069.0,2074.0,2044.0,2071.0,314700,0.0,0.0
2021-09-03 00:00:00+09:00,2074.0,2080.0,2060.0,2067.0,344000,0.0,0.0
2021-09-06 00:00:00+09:00,2078.0,2088.0,2057.0,2070.0,337800,0.0,0.0
2021-09-07 00:00:00+09:00,2070.0,2095.0,2063.0,2095.0,477600,0.0,0.0
2021-09-08 00:00:00+09:00,2096.0,2115.0,2095.0,2115.0,587700,0.0,0.0
2021-09-09 00:00:00+09:00,2112.0,2159.0,2109.0,2159.0,616600,0.0,0.0
2021-09-10 00:00:00+09:00,2159.0,2165.0,2141.0,2162.0,379000,0.0,0.0
2021-09-13 00:00:00+09:00,2161.0,2241.0,2155.0,2241.0,737100,0.0,0.0
2021-09-14 00:00:00+09:00,2241.0,2256.0,2211.0,2237.0,462500,0.0,0.0
2021-09-15 00:00:00+09:00,2230.0,2234.0,2173.0,2211.0,313700,0.0,0.0
2021-09-16 00:00:00+09:00,2201.0,2219.0,2186.0,2208.0,263700,0.0,0.0
2021-09-17 00:00:00+09:00,2210.0,2247.0,2207.0,2247.0,462300,0.0,0.0
2021-09-21 00:00:00+09:00,2207.0,2258.0,2190.0,2247.0,343700,0.0,0.0
2021-09-22 00:00:00+09:00,2238.0,2239.0,2183.0,2183.0,286600,0.0,0.0
2021-09-24 00:00:00+09:00,2201.0,2234.0,2198.0,2226.0,314400,0.0,0.0
2021-09-27 00:00:00+09:00,2240.0,2283.0,2240.0,2257.0,373800,0.0,0.0
2021-09-28 00:00:00+09:00,2255.0,2256.0,2221.0,2240.0,260300,0.0,0.0
2021-09-29 00:00:00+09:00,2218.0,2253.0,2209.0,2253.0,278400,0.0,0.0
2021-09-30 00:00:00+09:00,2251.0,2273.0,2238.0,2259.0,319800,0.0,0.0
2021-10-01 00:00:00+09:00,2250.0,2251.0,2178.0,2199.0,363500,0.0,0.0
2021-10-04 00:00:00+09:00,2221.0,2238.0,2202.0,2232.0,312400,0.0,0.0
2021-10-05 00:00:00+09:00,2229.0,2229.0,2194.0,2212.0,248100,0.0,0.0
2021-10-06 00:00:00+09:00,2213.0,2220.0,2160.0,2170.0,251300,0.0,0.0
2021-10-07 00:00:00+09:00,2171.0,2178.0,2111.0,2111.0,302100,0.0,0.0
2021-10-08 00:00:00+09:00,2135.0,2170.0,2134.0,2146.0,258100,0.0,0.0
2021-10-11 00:00:00+09:00,2140.0,2162.0,2123.0,2162.0,179400,0.0,0.0
2021-10-12 00:00:00+09:00,2157.0,2157.0,2118.0,2119.0,241000,0.0,0.0
2021-10-13 00:00:00+09:00,2120.0,2120.0,2080.0,2080.0,360200,0.0,0.0
2021-10-14 00:00:00+09:00,2220.0,2309.0,2175.0,2276.0,2113000,0.0,0.0
2021-10-15 00:00:00+09:00,2278.0,2304.0,2263.0,2274.0,851400,0.0,0.0
2021-10-18 00:00:00+09:00,2274.0,2316.0,2256.0,2258.0,585300,0.0,0.0
2021-10-19 00:00:00+09:00,2265.0,2273.0,2211.0,2215.0,411900,0.0,0.0
2021-10-20 00:00:00+09:00,2220.0,2252.0,2216.0,2219.0,415700,0.0,0.0
2021-10-21 00:00:00+09:00,2224.0,2231.0,2166.0,2172.0,425600,0.0,0.0
2021-10-22 00:00:00+09:00,2172.0,2194.0,2156.0,2157.0,309800,0.0,0.0
2021-10-25 00:00:00+09:00,2151.0,2179.0,2146.0,2156.0,264600,0.0,0.0
2021-10-26 00:00:00+09:00,2164.0,2178.0,2153.0,2163.0,261200,0.0,0.0
2021-10-27 00:00:00+09:00,2166.0,2171.0,2151.0,2163.0,201700,0.0,0.0
2021-10-28 00:00:00+09:00,2163.0,2222.0,2163.0,2210.0,775000,0.0,0.0
2021-10-29 00:00:00+09:00,2204.0,2234.0,2196.0,2219.0,340900,0.0,0.0
2021-11-01 00:00:00+09:00,2240.0,2285.0,2240.0,2279.0,557000,0.0,0.0
2021-11-02 00:00:00+09:00,2275.0,2323.0,2269.0,2319.0,519800,0.0,0.0
2021-11-04 00:00:00+09:00,2325.0,2333.0,2299.0,2307.0,370100,0.0,0.0
2021-11-05 00:00:00+09:00,2307.0,2369.0,2303.0,2367.0,574900,0.0,0.0
2021-11-08 00:00:00+09:00,2373.0,2408.0,2373.0,2388.0,463400,0.0,0.0
2021-11-09 00:00:00+09:00,2388.0,2403.0,2361.0,2362.0,473400,0.0,0.0
2021-11-10 00:00:00+09:00,2366.0,2378.0,2345.0,2367.0,230800,0.0,0.0
2021-11-11 00:00:00+09:00,2365.0,2369.0,2330.0,2348.0,199000,0.0,0.0
2021-11-12 00:00:00+09:00,2346.0,2359.0,2319.0,2331.0,195500,0.0,0.0
2021-11-15 00:00:00+09:00,2331.0,2358.0,2329.0,2337.0,187500,0.0,0.0
2021-11-16 00:00:00+09:00,2346.0,2363.0,2337.0,2345.0,200200,0.0,0.0
2021-11-17 00:00:00+09:00,2343.0,2344.0,2309.0,2317.0,176000,0.0,0.0
2021-11-18 00:00:00+09:00,2315.0,2327.0,2296.0,2316.0,196100,0.0,0.0
2021-11-19 00:00:00+09:00,2305.0,2308.0,2282.0,2294.0,221600,0.0,0.0
2021-11-22 00:00:00+09:00,2281.0,2345.0,2272.0,2334.0,250500,0.0,0.0
2021-11-24 00:00:00+09:00,2318.0,2339.0,2299.0,2303.0,186600,0.0,0.0
2021-11-25 00:00:00+09:00,2312.0,2335.0,2299.0,2321.0,241400,0.0,0.0
2021-11-26 00:00:00+09:00,2318.0,2321.0,2288.0,2302.0,156700,0.0,0.0
2021-11-29 00:00:00+09:00,2272.0,2298.0,2251.0,2267.0,283500,0.0,0.0
2021-11-30 00:00:00+09:00,2271.0,2297.0,2225.0,2225.0,371000,0.0,0.0
2021-12-01 00:00:00+09:00,2216.0,2234.0,2200.0,2201.0,282400,0.0,0.0
2021-12-02 00:00:00+09:00,2195.0,2215.0,2177.0,2184.0,302100,0.0,0.0
2021-12-03 00:00:00+09:00,2199.0,2244.0,2195.0,2237.0,216500,0.0,0.0
2021-12-06 00:00:00+09:00,2237.0,2256.0,2229.0,2233.0,149300,0.0,0.0
2021-12-07 00:00:00+09:00,2257.0,2305.0,2251.0,2303.0,222600,0.0,0.0
2021-12-08 00:00:00+09:00,2300.0,2319.0,2292.0,2313.0,175200,0.0,0.0
2021-12-09 00:00:00+09:00,2331.0,2355.0,2322.0,2322.0,238000,0.0,0.0
2021-12-10 00:00:00+09:00,2319.0,2347.0,2311.0,2337.0,273600,0.0,0.0
2021-12-13 00:00:00+09:00,2347.0,2354.0,2314.0,2324.0,190100,0.0,0.0
2021-12-14 00:00:00+09:00,2331.0,2356.0,2324.0,2344.0,209400,0.0,0.0
2021-12-15 00:00:00+09:00,2337.0,2351.0,2311.0,2323.0,187000,0.0,0.0
2021-12-16 00:00:00+09:00,2347.0,2373.0,2327.0,2337.0,188700,0.0,0.0
2021-12-17 00:00:00+09:00,2336.0,2345.0,2310.0,2311.0,224800,0.0,0.0
2021-12-20 00:00:00+09:00,2311.0,2319.0,2295.0,2297.0,192200,0.0,0.0
2021-12-21 00:00:00+09:00,2320.0,2343.0,2303.0,2326.0,186700,0.0,0.0
2021-12-22 00:00:00+09:00,2337.0,2343.0,2329.0,2337.0,146000,0.0,0.0
2021-12-23 00:00:00+09:00,2343.0,2354.0,2337.0,2339.0,129900,0.0,0.0
2021-12-24 00:00:00+09:00,2342.0,2351.0,2309.0,2309.0,152800,0.0,0.0
2021-12-27 00:00:00+09:00,2310.0,2311.0,2280.0,2300.0,210200,0.0,0.0
2021-12-28 00:00:00+09:00,2301.0,2328.0,2293.0,2328.0,177600,0.0,0.0
2021-12-29 00:00:00+09:00,2326.0,2346.0,2320.0,2346.0,176500,0.0,0.0
2021-12-30 00:00:00+09:00,2330.0,2338.0,2318.0,2321.0,176100,0.0,0.0
2022-01-04 00:00:00+09:00,2330.0,2337.0,2311.0,2320.0,252600,0.0,0.0
2022-01-05 00:00:00+09:00,2312.0,2332.0,2303.0,2310.0,263700,0.0,0.0
2022-01-06 00:00:00+09:00,2297.0,2297.0,2252.0,2266.0,513900,0.0,0.0
2022-01-07 00:00:00+09:00,2271.0,2291.0,2243.0,2257.0,411200,0.0,0.0
2022-01-11 00:00:00+09:00,2255.0,2260.0,2242.0,2249.0,360200,0.0,0.0
2022-01-12 00:00:00+09:00,2251.0,2266.0,2231.0,2256.0,613300,0.0,0.0
2022-01-13 00:00:00+09:00,2277.0,2305.0,2236.0,2276.0,927200,0.0,0.0
2022-01-14 00:00:00+09:00,2271.0,2356.0,2268.0,2339.0,987100,0.0,0.0
2022-01-17 00:00:00+09:00,2325.0,2393.0,2323.0,2388.0,564800,0.0,0.0
2022-01-18 00:00:00+09:00,2394.0,2468.0,2390.0,2424.0,600300,0.0,0.0
2022-01-19 00:00:00+09:00,2424.0,2436.0,2374.0,2382.0,551700,0.0,0.0
2022-01-20 00:00:00+09:00,2375.0,2391.0,2360.0,2360.0,443900,0.0,0.0
2022-01-21 00:00:00+09:00,2350.0,2384.0,2346.0,2384.0,485600,0.0,0.0
2022-01-24 00:00:00+09:00,2386.0,2414.0,2362.0,2411.0,366900,0.0,0.0
2022-01-25 00:00:00+09:00,2411.0,2411.0,2379.0,2406.0,257700,0.0,0.0
2022-01-26 00:00:00+09:00,2410.0,2427.0,2404.0,2411.0,237200,0.0,0.0
2022-01-27 00:00:00+09:00,2400.0,2401.0,2331.0,2339.0,440600,0.0,0.0
2022-01-28 00:00:00+09:00,2345.0,2381.0,2345.0,2377.0,473000,0.0,0.0
2022-01-31 00:00:00+09:00,2387.0,2405.0,2360.0,2365.0,386400,0.0,0.0
2022-02-01 00:00:00+09:00,2376.0,2399.0,2368.0,2383.0,369900,0.0,0.0
2022-02-02 00:00:00+09:00,2376.0,2394.0,2357.0,2388.0,464300,0.0,0.0
2022-02-03 00:00:00+09:00,2380.0,2401.0,2378.0,2398.0,424900,0.0,0.0
2022-02-04 00:00:00+09:00,2400.0,2424.0,2392.0,2424.0,721000,0.0,0.0
2022-02-07 00:00:00+09:00,2402.0,2413.0,2372.0,2392.0,607500,0.0,0.0
2022-02-08 00:00:00+09:00,2404.0,2438.0,2400.0,2433.0,438600,0.0,0.0
2022-02-09 00:00:00+09:00,2434.0,2440.0,2402.0,2427.0,487600,0.0,0.0
2022-02-10 00:00:00+09:00,2446.0,2450.0,2421.0,2441.0,692000,0.0,0.0
2022-02-14 00:00:00+09:00,2421.0,2444.0,2421.0,2425.0,725100,0.0,0.0
2022-02-15 00:00:00+09:00,2434.0,2452.0,2426.0,2435.0,495000,0.0,0.0
2022-02-16 00:00:00+09:00,2459.0,2464.0,2436.0,2452.0,446200,0.0,0.0
2022-02-17 00:00:00+09:00,2452.0,2462.0,2429.0,2442.0,589700,0.0,0.0
2022-02-18 00:00:00+09:00,2425.0,2426.0,2390.0,2406.0,1521900,0.0,0.0
2022-02-21 00:00:00+09:00,2395.0,2408.0,2368.0,2395.0,926200,0.0,0.0
2022-02-22 00:00:00+09:00,2375.0,2408.0,2372.0,2402.0,766600,0.0,0.0
2022-02-24 00:00:00+09:00,2386.0,2396.0,2332.0,2350.0,2036200,0.0,0.0
2022-02-25 00:00:00+09:00,2339.0,2345.0,2316.0,2325.0,1225000,0.0,0.0
2022-02-28 00:00:00+09:00,2325.0,2386.0,2325.0,2386.0,727900,0.0,0.0
2022-03-01 00:00:00+09:00,2386.0,2427.0,2374.0,2427.0,612600,0.0,0.0
2022-03-02 00:00:00+09:00,2395.0,2434.0,2374.0,2431.0,486900,0.0,0.0
2022-03-03 00:00:00+09:00,2439.0,2459.0,2428.0,2454.0,440700,0.0,0.0
2022-03-04 00:00:00+09:00,2449.0,2454.0,2384.0,2413.0,418600,0.0,0.0
2022-03-07 00:00:00+09:00,2400.0,2429.0,2379.0,2418.0,343000,0.0,0.0
2022-03-08 00:00:00+09:00,2386.0,2407.0,2347.0,2355.0,328600,0.0,0.0
2022-03-09 00:00:00+09:00,2376.0,2404.0,2324.0,2328.0,393600,0.0,0.0
2022-03-10 00:00:00+09:00,2358.0,2376.0,2351.0,2376.0,290900,0.0,0.0
2022-03-11 00:00:00+09:00,2371.0,2383.0,2325.0,2330.0,277500,0.0,0.0
2022-03-14 00:00:00+09:00,2335.0,2345.0,2261.0,2270.0,465000,0.0,0.0
2022-03-15 00:00:00+09:00,2269.0,2299.0,2267.0,2291.0,307300,0.0,0.0
2022-03-16 00:00:00+09:00,2305.0,2356.0,2303.0,2341.0,299600,0.0,0.0
2022-03-17 00:00:00+09:00,2361.0,2369.0,2327.0,2353.0,265800,0.0,0.0
2022-03-18 00:00:00+09:00,2349.0,2360.0,2323.0,2334.0,303500,0.0,0.0
2022-03-22 00:00:00+09:00,2330.0,2330.0,2300.0,2300.0,397500,0.0,0.0
2022-03-23 00:00:00+09:00,2310.0,2332.0,2310.0,2326.0,259800,0.0,0.0
2022-03-24 00:00:00+09:00,2302.0,2313.0,2266.0,2282.0,431700,0.0,0.0
2022-03-25 00:00:00+09:00,2297.0,2327.0,2293.0,2320.0,308300,0.0,0.0
2022-03-28 00:00:00+09:00,2318.0,2318.0,2293.0,2296.0,229200,0.0,0.0
2022-03-29 00:00:00+09:00,2295.0,2318.0,2277.0,2318.0,287600,0.0,0.0
2022-03-30 00:00:00+09:00,2331.0,2347.0,2308.0,2347.0,269000,0.0,0.0
2022-03-31 00:00:00+09:00,2347.0,2384.0,2330.0,2360.0,351200,0.0,0.0
2022-04-01 00:00:00+09:00,2360.0,2384.0,2340.0,2365.0,251200,0.0,0.0
2022-04-04 00:00:00+09:00,2358.0,2363.0,2326.0,2362.0,190600,0.0,0.0
2022-04-05 00:00:00+09:00,2378.0,2404.0,2364.0,2383.0,280000,0.0,0.0
2022-04-06 00:00:00+09:00,2380.0,2399.0,2368.0,2379.0,204600,0.0,0.0
2022-04-07 00:00:00+09:00,2377.0,2378.0,2350.0,2372.0,245900,0.0,0.0
2022-04-08 00:00:00+09:00,2376.0,2386.0,2358.0,2368.0,214400,0.0,0.0
2022-04-11 00:00:00+09:00,2361.0,2379.0,2321.0,2333.0,304400,0.0,0.0
2022-04-12 00:00:00+09:00,2319.0,2339.0,2292.0,2294.0,292100,0.0,0.0
2022-04-13 00:00:00+09:00,2298.0,2300.0,2243.0,2270.0,590800,0.0,0.0
2022-04-14 00:00:00+09:00,2331.0,2423.0,2326.0,2390.0,1196800,0.0,0.0
2022-04-15 00:00:00+09:00,2366.0,2465.0,2365.0,2445.0,698100,0.0,0.0
2022-04-18 00:00:00+09:00,2440.0,2473.0,2413.0,2413.0,533000,0.0,0.0
2022-04-19 00:00:00+09:00,2383.0,2402.0,2309.0,2373.0,2247700,0.0,0.0
2022-04-20 00:00:00+09:00,2385.0,2416.0,2366.0,2393.0,747600,0.0,0.0
2022-04-21 00:00:00+09:00,2380.0,2386.0,2354.0,2361.0,635300,0.0,0.0
2022-04-22 00:00:00+09:00,2343.0,2354.0,2312.0,2322.0,525400,0.0,0.0
2022-04-25 00:00:00+09:00,2302.0,2306.0,2254.0,2278.0,669700,0.0,0.0
2022-04-26 00:00:00+09:00,2290.0,2338.0,2282.0,2333.0,403500,0.0,0.0
2022-04-27 00:00:00+09:00,2296.0,2348.0,2295.0,2338.0,530900,0.0,0.0
2022-04-28 00:00:00+09:00,2340.0,2363.0,2328.0,2362.0,282400,0.0,0.0
2022-05-02 00:00:00+09:00,2357.0,2367.0,2336.0,2357.0,178700,0.0,0.0
2022-05-06 00:00:00+09:00,2350.0,2384.0,2331.0,2380.0,329900,0.0,0.0
2022-05-09 00:00:00+09:00,2375.0,2409.0,2366.0,2386.0,434500,0.0,0.0
2022-05-10 00:00:00+09:00,2371.0,2394.0,2357.0,2375.0,405200,0.0,0.0
2022-05-11 00:00:00+09:00,2375.0,2397.0,2371.0,2391.0,258900,0.0,0.0
2022-05-12 00:00:00+09:00,2387.0,2387.0,2362.0,2374.0,288500,0.0,0.0
2022-05-13 00:00:00+09:00,2384.0,2445.0,2383.0,2445.0,524800,0.0,0.0
2022-05-16 00:00:00+09:00,2450.0,2454.0,2421.0,2425.0,368900,0.0,0.0
2022-05-17 00:00:00+09:00,2435.0,2438.0,2390.0,2401.0,270800,0.0,0.0
2022-05-18 00:00:00+09:00,2418.0,2421.0,2380.0,2385.0,213600,0.0,0.0
2022-05-19 00:00:00+09:00,2350.0,2433.0,2348.0,2428.0,513300,0.0,0.0
2022-05-20 00:00:00+09:00,2428.0,2441.0,2411.0,2417.0,295300,0.0,0.0
2022-05-23 00:00:00+09:00,2430.0,2457.0,2429.0,2435.0,287500,0.0,0.0
2022-05-24 00:00:00+09:00,2435.0,2438.0,2396.0,2405.0,192800,0.0,0.0
2022-05-25 00:00:00+09:00,2400.0,2405.0,2375.0,2385.0,214900,0.0,0.0
2022-05-26 00:00:00+09:00,2386.0,2412.0,2386.0,2396.0,164100,0.0,0.0
2022-05-27 00:00:00+09:00,2427.0,2428.0,2394.0,2411.0,186800,0.0,0.0
2022-05-30 00:00:00+09:00,2420.0,2430.0,2405.0,2421.0,383000,0.0,0.0
2022-05-31 00:00:00+09:00,2427.0,2443.0,2386.0,2386.0,348600,0.0,0.0
2022-06-01 00:00:00+09:00,2390.0,2420.0,2384.0,2420.0,192000,0.0,0.0
2022-06-02 00:00:00+09:00,2411.0,2411.0,2386.0,2390.0,190800,0.0,0.0
2022-06-03 00:00:00+09:00,2402.0,2438.0,2395.0,2437.0,276600,0.0,0.0
2022-06-06 00:00:00+09:00,2429.0,2477.0,2420.0,2467.0,391700,0.0,0.0
2022-06-07 00:00:00+09:00,2475.0,2530.0,2470.0,2526.0,573900,0.0,0.0
2022-06-08 00:00:00+09:00,2527.0,2529.0,2499.0,2503.0,354400,0.0,0.0
2022-06-09 00:00:00+09:00,2505.0,2521.0,2490.0,2490.0,308600,0.0,0.0
2022-06-10 00:00:00+09:00,2485.0,2494.0,2476.0,2480.0,247700,0.0,0.0
2022-06-13 00:00:00+09:00,2458.0,2476.0,2450.0,2468.0,208700,0.0,0.0
2022-06-14 00:00:00+09:00,2438.0,2458.0,2432.0,2453.0,242400,0.0,0.0
2022-06-15 00:00:00+09:00,2451.0,2458.0,2423.0,2427.0,224000,0.0,0.0
2022-06-16 00:00:00+09:00,2451.0,2455.0,2425.0,2432.0,147900,0.0,0.0
2022-06-17 00:00:00+09:00,2412.0,2430.0,2402.0,2429.0,293900,0.0,0.0
2022-06-20 00:00:00+09:00,2432.0,2446.0,2423.0,2440.0,172300,0.0,0.0
2022-06-21 00:00:00+09:00,2456.0,2490.0,2456.0,2479.0,238800,0.0,0.0
2022-06-22 00:00:00+09:00,2481.0,2493.0,2460.0,2460.0,203600,0.0,0.0
2022-06-23 00:00:00+09:00,2473.0,2488.0,2466.0,2479.0,139100,0.0,0.0
2022-06-24 00:00:00+09:00,2489.0,2506.0,2482.0,2503.0,248800,0.0,0.0
2022-06-27 00:00:00+09:00,2510.0,2512.0,2472.0,2478.0,220700,0.0,0.0
2022-06-28 00:00:00+09:00,2470.0,2498.0,2466.0,2498.0,206800,0.0,0.0
2022-06-29 00:00:00+09:00,2475.0,2506.0,2475.0,2503.0,351200,0.0,0.0
2022-06-30 00:00:00+09:00,2503.0,2518.0,2488.0,2494.0,288000,0.0,0.0
2022-07-01 00:00:00+09:00,2494.0,2495.0,2463.0,2471.0,322600,0.0,0.0
2022-07-04 00:00:00+09:00,2489.0,2492.0,2462.0,2476.0,206700,0.0,0.0
2022-07-05 00:00:00+09:00,2480.0,2493.0,2469.0,2490.0,215100,0.0,0.0
2022-07-06 00:00:00+09:00,2470.0,2488.0,2426.0,2442.0,388500,0.0,0.0
2022-07-07 00:00:00+09:00,2440.0,2440.0,2364.0,2391.0,571300,0.0,0.0
2022-07-08 00:00:00+09:00,2406.0,2417.0,2378.0,2398.0,491100,0.0,0.0
2022-07-11 00:00:00+09:00,2418.0,2456.0,2414.0,2444.0,374900,0.0,0.0
2022-07-12 00:00:00+09:00,2447.0,2447.0,2403.0,2420.0,460100,0.0,0.0
2022-07-13 00:00:00+09:00,2418.0,2429.0,2411.0,2422.0,364700,0.0,0.0
2022-07-14 00:00:00+09:00,2442.0,2586.0,2441.0,2574.0,1602200,0.0,0.0
2022-07-15 00:00:00+09:00,2575.0,2609.0,2534.0,2586.0,922200,0.0,0.0
2022-07-19 00:00:00+09:00,2591.0,2596.0,2534.0,2582.0,521100,0.0,0.0
2022-07-20 00:00:00+09:00,2604.0,2622.0,2590.0,2595.0,410900,0.0,0.0
2022-07-21 00:00:00+09:00,2595.0,2607.0,2581.0,2584.0,271400,0.0,0.0
2022-07-22 00:00:00+09:00,2576.0,2579.0,2521.0,2545.0,697400,0.0,0.0
2022-07-25 00:00:00+09:00,2537.0,2561.0,2536.0,2550.0,249700,0.0,0.0
2022-07-26 00:00:00+09:00,2548.0,2555.0,2524.0,2525.0,301700,0.0,0.0
2022-07-27 00:00:00+09:00,2530.0,2541.0,2522.0,2537.0,231000,0.0,0.0
2022-07-28 00:00:00+09:00,2548.0,2580.0,2542.0,2580.0,350800,0.0,0.0
2022-07-29 00:00:00+09:00,2595.0,2597.0,2567.0,2577.0,523800,0.0,0.0
2022-08-01 00:00:00+09:00,2578.0,2598.0,2562.0,2598.0,365000,0.0,0.0
2022-08-02 00:00:00+09:00,2597.0,2604.0,2572.0,2574.0,293100,0.0,0.0
2022-08-03 00:00:00+09:00,2583.0,2583.0,2546.0,2558.0,306200,0.0,0.0
2022-08-04 00:00:00+09:00,2580.0,2580.0,2555.0,2568.0,240300,0.0,0.0
2022-08-05 00:00:00+09:00,2589.0,2606.0,2582.0,2597.0,904000,0.0,0.0
2022-08-08 00:00:00+09:00,2602.0,2612.0,2577.0,2583.0,398300,0.0,0.0
2022-08-09 00:00:00+09:00,2589.0,2604.0,2551.0,2559.0,524700,0.0,0.0
2022-08-10 00:00:00+09:00,2551.0,2553.0,2525.0,2545.0,585000,0.0,0.0
2022-08-12 00:00:00+09:00,2546.0,2578.0,2531.0,2573.0,805900,0.0,0.0
2022-08-15 00:00:00+09:00,2580.0,2580.0,2544.0,2548.0,710100,0.0,0.0
2022-08-16 00:00:00+09:00,2557.0,2570.0,2541.0,2557.0,450200,0.0,0.0
2022-08-17 00:00:00+09:00,2566.0,2574.0,2539.0,2542.0,536500,0.0,0.0
2022-08-18 00:00:00+09:00,2545.0,2545.0,2519.0,2526.0,617200,0.0,0.0
2022-08-19 00:00:00+09:00,2514.0,2534.0,2511.0,2533.0,664400,0.0,0.0
2022-08-22 00:00:00+09:00,2522.0,2525.0,2488.0,2491.0,791200,0.0,0.0
2022-08-23 00:00:00+09:00,2487.0,2508.0,2473.0,2501.0,416400,0.0,0.0
2022-08-24 00:00:00+09:00,2503.0,2503.0,2481.0,2481.0,463200,0.0,0.0
2022-08-25 00:00:00+09:00,2485.0,2490.0,2468.0,2479.0,612300,0.0,0.0
2022-08-26 00:00:00+09:00,2479.0,2494.0,2470.0,2485.0,560800,0.0,0.0
2022-08-29 00:00:00+09:00,2472.0,2482.0,2448.0,2465.0,2246000,0.0,0.0
2022-08-30 00:00:00+09:00,2452.0,2455.0,2428.0,2440.0,1295600,0.0,0.0
2022-08-31 00:00:00+09:00,2427.0,2462.0,2421.0,2459.0,478600,0.0,0.0
2022-09-01 00:00:00+09:00,2452.0,2462.0,2403.0,2404.0,468000,0.0,0.0
2022-09-02 00:00:00+09:00,2410.0,2412.0,2371.0,2384.0,365600,0.0,0.0
2022-09-05 00:00:00+09:00,2378.0,2378.0,2346.0,2346.0,343500,0.0,0.0
2022-09-06 00:00:00+09:00,2346.0,2393.0,2345.0,2358.0,284700,0.0,0.0
2022-09-07 00:00:00+09:00,2340.0,2343.0,2275.0,2286.0,566700,0.0,0.0
2022-09-08 00:00:00+09:00,2308.0,2329.0,2297.0,2299.0,402600,0.0,0.0
2022-09-09 00:00:00+09:00,2300.0,2316.0,2291.0,2301.0,336600,0.0,0.0
2022-09-12 00:00:00+09:00,2306.0,2322.0,2300.0,2314.0,286200,0.0,0.0
2022-09-13 00:00:00+09:00,2325.0,2334.0,2307.0,2312.0,304800,0.0,0.0
2022-09-14 00:00:00+09:00,2293.0,2297.0,2277.0,2289.0,375000,0.0,0.0
2022-09-15 00:00:00+09:00,2279.0,2317.0,2279.0,2317.0,298500,0.0,0.0
2022-09-16 00:00:00+09:00,2311.0,2319.0,2298.0,2319.0,315400,0.0,0.0
2022-09-20 00:00:00+09:00,2331.0,2360.0,2322.0,2360.0,363000,0.0,0.0
2022-09-21 00:00:00+09:00,2345.0,2353.0,2334.0,2347.0,236500,0.0,0.0
2022-09-22 00:00:00+09:00,2331.0,2377.0,2325.0,2363.0,328100,0.0,0.0
2022-09-26 00:00:00+09:00,2357.0,2376.0,2345.0,2355.0,378800,0.0,0.0
2022-09-27 00:00:00+09:00,2350.0,2372.0,2330.0,2360.0,334400,0.0,0.0
2022-09-28 00:00:00+09:00,2354.0,2364.0,2337.0,2360.0,365700,0.0,0.0
2022-09-29 00:00:00+09:00,2359.0,2382.0,2352.0,2371.0,308800,0.0,0.0
2022-09-30 00:00:00+09:00,2370.0,2373.0,2333.0,2347.0,246200,0.0,0.0
2022-10-03 00:00:00+09:00,2340.0,2341.0,2277.0,2313.0,412600,0.0,0.0
2022-10-04 00:00:00+09:00,2334.0,2364.0,2324.0,2360.0,361900,0.0,0.0
2022-10-05 00:00:00+09:00,2369.0,2371.0,2329.0,2342.0,321300,0.0,0.0
2022-10-06 00:00:00+09:00,2360.0,2360.0,2326.0,2330.0,346600,0.0,0.0
2022-10-07 00:00:00+09:00,2325.0,2336.0,2304.0,2306.0,322300,0.0,0.0
2022-10-11 00:00:00+09:00,2300.0,2309.0,2246.0,2267.0,532100,0.0,0.0
2022-10-12 00:00:00+09:00,2270.0,2279.0,2244.0,2259.0,434200,0.0,0.0
2022-10-13 00:00:00+09:00,2232.0,2275.0,2176.0,2250.0,841700,0.0,0.0
2022-10-14 00:00:00+09:00,2290.0,2300.0,2260.0,2287.0,473800,0.0,0.0
2022-10-17 00:00:00+09:00,2280.0,2288.0,2248.0,2252.0,282800,0.0,0.0
2022-10-18 00:00:00+09:00,2278.0,2278.0,2241.0,2266.0,345400,0.0,0.0
2022-10-19 00:00:00+09:00,2269.0,2275.0,2250.0,2262.0,217500,0.0,0.0
2022-10-20 00:00:00+09:00,2288.0,2355.0,2286.0,2302.0,639700,0.0,0.0
2022-10-21 00:00:00+09:00,2293.0,2302.0,2265.0,2288.0,249100,0.0,0.0
2022-10-24 00:00:00+09:00,2293.0,2296.0,2272.0,2284.0,235700,0.0,0.0
2022-10-25 00:00:00+09:00,2280.0,2290.0,2274.0,2276.0,232200,0.0,0.0
2022-10-26 00:00:00+09:00,2290.0,2297.0,2273.0,2283.0,235300,0.0,0.0
2022-10-27 00:00:00+09:00,2278.0,2300.0,2275.0,2299.0,254000,0.0,0.0
2022-10-28 00:00:00+09:00,2285.0,2308.0,2281.0,2303.0,749900,0.0,0.0
2022-10-31 00:00:00+09:00,2323.0,2338.0,2306.0,2338.0,268800,0.0,0.0
2022-11-01 00:00:00+09:00,2330.0,2333.0,2313.0,2321.0,159100,0.0,0.0
2022-11-02 00:00:00+09:00,2310.0,2331.0,2299.0,2299.0,257300,0.0,0.0
2022-11-04 00:00:00+09:00,2293.0,2300.0,2266.0,2269.0,396700,0.0,0.0
2022-11-07 00:00:00+09:00,2279.0,2281.0,2267.0,2268.0,191400,0.0,0.0
2022-11-08 00:00:00+09:00,2282.0,2292.0,2269.0,2281.0,217600,0.0,0.0
2022-11-09 00:00:00+09:00,2286.0,2291.0,2274.0,2287.0,179100,0.0,0.0
2022-11-10 00:00:00+09:00,2288.0,2294.0,2277.0,2290.0,242400,0.0,0.0
2022-11-11 00:00:00+09:00,2308.0,2315.0,2286.0,2292.0,251600,0.0,0.0
2022-11-14 00:00:00+09:00,2300.0,2302.0,2287.0,2295.0,261400,0.0,0.0
2022-11-15 00:00:00+09:00,2297.0,2323.0,2294.0,2319.0,230100,0.0,0.0
2022-11-16 00:00:00+09:00,2322.0,2339.0,2315.0,2333.0,232400,0.0,0.0
2022-11-17 00:00:00+09:00,2334.0,2359.0,2332.0,2359.0,235400,0.0,0.0
2022-11-18 00:00:00+09:00,2361.0,2371.0,2344.0,2348.0,193400,0.0,0.0
2022-11-21 00:00:00+09:00,2348.0,2366.0,2348.0,2359.0,176200,0.0,0.0
2022-11-22 00:00:00+09:00,2361.0,2376.0,2359.0,2363.0,196800,0.0,0.0
2022-11-24 00:00:00+09:00,2374.0,2382.0,2356.0,2361.0,209900,0.0,0.0
2022-11-25 00:00:00+09:00,2364.0,2373.0,2359.0,2360.0,167200,0.0,0.0
2022-11-28 00:00:00+09:00,2365.0,2373.0,2346.0,2372.0,209000,0.0,0.0
2022-11-29 00:00:00+09:00,2366.0,2369.0,2341.0,2346.0,186900,0.0,0.0
2022-11-30 00:00:00+09:00,2342.0,2346.0,2320.0,2321.0,234300,0.0,0.0
2022-12-01 00:00:00+09:00,2328.0,2329.0,2315.0,2315.0,195600,0.0,0.0
2022-12-02 00:00:00+09:00,2311.0,2313.0,2288.0,2306.0,303100,0.0,0.0
2022-12-05 00:00:00+09:00,2305.0,2325.0,2291.0,2325.0,213700,0.0,0.0
2022-12-06 00:00:00+09:00,2324.0,2324.0,2294.0,2307.0,177700,0.0,0.0
2022-12-07 00:00:00+09:00,2300.0,2322.0,2296.0,2316.0,144300,0.0,0.0
2022-12-08 00:00:00+09:00,2319.0,2331.0,2299.0,2328.0,174700,0.0,0.0
2022-12-09 00:00:00+09:00,2335.0,2348.0,2332.0,2338.0,192500,0.0,0.0
2022-12-12 00:00:00+09:00,2335.0,2357.0,2324.0,2355.0,193000,0.0,0.0
2022-12-13 00:00:00+09:00,2360.0,2369.0,2340.0,2342.0,249500,0.0,0.0
2022-12-14 00:00:00+09:00,2344.0,2347.0,2327.0,2339.0,155700,0.0,0.0
2022-12-15 00:00:00+09:00,2345.0,2349.0,2325.0,2325.0,154600,0.0,0.0
2022-12-16 00:00:00+09:00,2315.0,2338.0,2311.0,2326.0,233400,0.0,0.0
2022-12-19 00:00:00+09:00,2317.0,2333.0,2312.0,2323.0,141800,0.0,0.0
2022-12-20 00:00:00+09:00,2321.0,2326.0,2292.0,2310.0,314200,0.0,0.0
2022-12-21 00:00:00+09:00,2309.0,2328.0,2297.0,2306.0,254700,0.0,0.0
2022-12-22 00:00:00+09:00,2307.0,2321.0,2293.0,2319.0,193900,0.0,0.0
2022-12-23 00:00:00+09:00,2307.0,2312.0,2299.0,2304.0,183500,0.0,0.0
2022-12-26 00:00:00+09:00,2312.0,2318.0,2298.0,2304.0,153100,0.0,0.0
2022-12-27 00:00:00+09:00,2313.0,2322.0,2309.0,2317.0,145200,0.0,0.0
2022-12-28 00:00:00+09:00,2311.0,2321.0,2309.0,2316.0,185300,0.0,0.0
2022-12-29 00:00:00+09:00,2310.0,2313.0,2284.0,2304.0,237900,0.0,0.0
2022-12-30 00:00:00+09:00,2301.0,2314.0,2290.0,2290.0,279500,0.0,0.0
2023-01-04 00:00:00+09:00,2280.0,2280.0,2247.0,2247.0,687800,0.0,0.0
2023-01-05 00:00:00+09:00,2250.0,2270.0,2238.0,2266.0,317700,0.0,0.0
2023-01-06 00:00:00+09:00,2266.0,2277.0,2253.0,2255.0,453500,0.0,0.0
2023-01-10 00:00:00+09:00,2267.0,2288.0,2261.0,2280.0,299300,0.0,0.0
2023-01-11 00:00:00+09:00,2280.0,2288.0,2274.0,2280.0,266700,0.0,0.0
2023-01-12 00:00:00+09:00,2280.0,2282.0,2256.0,2259.0,322900,0.0,0.0
2023-01-13 00:00:00+09:00,2262.0,2279.0,2240.0,2257.0,662100,0.0,0.0
2023-01-16 00:00:00+09:00,2280.0,2330.0,2279.0,2280.0,657100,0.0,0.0
2023-01-17 00:00:00+09:00,2282.0,2311.0,2271.0,2305.0,323100,0.0,0.0
2023-01-18 00:00:00+09:00,2310.0,2336.0,2298.0,2305.0,272900,0.0,0.0
2023-01-19 00:00:00+09:00,2309.0,2315.0,2303.0,2305.0,228500,0.0,0.0
2023-01-20 00:00:00+09:00,2293.0,2319.0,2293.0,2311.0,564600,0.0,0.0
2023-01-23 00:00:00+09:00,2313.0,2336.0,2309.0,2324.0,259100,0.0,0.0
2023-01-24 00:00:00+09:00,2328.0,2338.0,2316.0,2322.0,257900,0.0,0.0
2023-01-25 00:00:00+09:00,2324.0,2340.0,2317.0,2339.0,152300,0.0,0.0
2023-01-26 00:00:00+09:00,2341.0,2351.0,2331.0,2343.0,343800,0.0,0.0
2023-01-27 00:00:00+09:00,2340.0,2354.0,2337.0,2349.0,431600,0.0,0.0
2023-01-30 00:00:00+09:00,2353.0,2374.0,2351.0,2368.0,428400,0.0,0.0
2023-01-31 00:00:00+09:00,2374.0,2381.0,2359.0,2380.0,357500,0.0,0.0
2023-02-01 00:00:00+09:00,2382.0,2394.0,2377.0,2385.0,295100,0.0,0.0
2023-02-02 00:00:00+09:00,2385.0,2392.0,2366.0,2374.0,302200,0.0,0.0
2023-02-03 00:00:00+09:00,2380.0,2381.0,2361.0,2367.0,435500,0.0,0.0
2023-02-06 00:00:00+09:00,2355.0,2368.0,2343.0,2357.0,747500,0.0,0.0
2023-02-07 00:00:00+09:00,2359.0,2375.0,2358.0,2366.0,394800,0.0,0.0
2023-02-08 00:00:00+09:00,2374.0,2391.0,2369.0,2387.0,268200,0.0,0.0
2023-02-09 00:00:00+09:00,2386.0,2389.0,2376.0,2381.0,312500,0.0,0.0
2023-02-10 00:00:00+09:00,2378.0,2381.0,2370.0,2377.0,201600,0.0,0.0
2023-02-13 00:00:00+09:00,2370.0,2378.0,2357.0,2374.0,382300,0.0,0.0
2023-02-14 00:00:00+09:00,2383.0,2386.0,2375.0,2382.0,221700,0.0,0.0
2023-02-15 00:00:00+09:00,2382.0,2387.0,2373.0,2380.0,187000,0.0,0.0
2023-02-16 00:00:00+09:00,2380.0,2383.0,2372.0,2376.0,207000,0.0,0.0
2023-02-17 00:00:00+09:00,2369.0,2376.0,2366.0,2376.0,418100,0.0,0.0
2023-02-20 00:00:00+09:00,2376.0,2382.0,2371.0,2371.0,381800,0.0,0.0
2023-02-21 00:00:00+09:00,2371.0,2373.0,2355.0,2355.0,417100,0.0,0.0
2023-02-22 00:00:00+09:00,2351.0,2362.0,2349.0,2351.0,516700,0.0,0.0
2023-02-24 00:00:00+09:00,2349.0,2356.0,2343.0,2355.0,2382100,0.0,0.0
2023-02-27 00:00:00+09:00,2335.0,2335.0,2311.0,2327.0,1378200,0.0,0.0
2023-02-28 00:00:00+09:00,2320.0,2348.0,2320.0,2342.0,570700,0.0,0.0
2023-03-01 00:00:00+09:00,2342.0,2348.0,2329.0,2347.0,329900,0.0,0.0
2023-03-02 00:00:00+09:00,2344.0,2367.0,2341.0,2364.0,512400,0.0,0.0
2023-03-03 00:00:00+09:00,2367.0,2378.0,2357.0,2371.0,489000,0.0,0.0
2023-03-06 00:00:00+09:00,2367.0,2368.0,2346.0,2350.0,289400,0.0,0.0
2023-03-07 00:00:00+09:00,2357.0,2368.0,2351.0,2363.0,241800,0.0,0.0
2023-03-08 00:00:00+09:00,2366.0,2395.0,2364.0,2392.0,468400,0.0,0.0
2023-03-09 00:00:00+09:00,2392.0,2420.0,2387.0,2420.0,402700,0.0,0.0
2023-03-10 00:00:00+09:00,2408.0,2410.0,2381.0,2381.0,290900,0.0,0.0
2023-03-13 00:00:00+09:00,2375.0,2383.0,2354.0,2382.0,253400,0.0,0.0
2023-03-14 00:00:00+09:00,2359.0,2367.0,2335.0,2363.0,316100,0.0,0.0
2023-03-15 00:00:00+09:00,2378.0,2398.0,2369.0,2395.0,239000,0.0,0.0
2023-03-16 00:00:00+09:00,2382.0,2385.0,2357.0,2383.0,240000,0.0,0.0
2023-03-17 00:00:00+09:00,2395.0,2425.0,2389.0,2424.0,412200,0.0,0.0
2023-03-20 00:00:00+09:00,2421.0,2421.0,2368.0,2370.0,256200,0.0,0.0
2023-03-22 00:00:00+09:00,2393.0,2398.0,2373.0,2385.0,193900,0.0,0.0
2023-03-23 00:00:00+09:00,2382.0,2392.0,2365.0,2390.0,142600,0.0,0.0
2023-03-24 00:00:00+09:00,2385.0,2406.0,2373.0,2405.0,171500,0.0,0.0
2023-03-27 00:00:00+09:00,2411.0,2418.0,2398.0,2398.0,152400,0.0,0.0
2023-03-28 00:00:00+09:00,2400.0,2405.0,2384.0,2394.0,161500,0.0,0.0
2023-03-29 00:00:00+09:00,2403.0,2435.0,2400.0,2435.0,363100,0.0,0.0
2023-03-30 00:00:00+09:00,2451.0,2457.0,2413.0,2437.0,348200,0.0,0.0
2023-03-31 00:00:00+09:00,2436.0,2446.0,2427.0,2431.0,263600,0.0,0.0
2023-04-03 00:00:00+09:00,2451.0,2460.0,2438.0,2456.0,277000,0.0,0.0
2023-04-04 00:00:00+09:00,2460.0,2462.0,2441.0,2452.0,253400,0.0,0.0
2023-04-05 00:00:00+09:00,2443.0,2454.0,2428.0,2430.0,195000,0.0,0.0
2023-04-06 00:00:00+09:00,2420.0,2433.0,2406.0,2424.0,225800,0.0,0.0
2023-04-07 00:00:00+09:00,2431.0,2444.0,2431.0,2433.0,168300,0.0,0.0
2023-04-10 00:00:00+09:00,2444.0,2454.0,2439.0,2453.0,192200,0.0,0.0
2023-04-11 00:00:00+09:00,2464.0,2470.0,2447.0,2468.0,269700,0.0,0.0
2023-04-12 00:00:00+09:00,2468.0,2483.0,2465.0,2480.0,350200,0.0,0.0
2023-04-13 00:00:00+09:00,2430.0,2525.0,2420.0,2524.0,899000,0.0,0.0
2023-04-14 00:00:00+09:00,2537.0,2557.0,2474.0,2477.0,515200,0.0,0.0
2023-04-17 00:00:00+09:00,2480.0,2515.0,2473.0,2479.0,298500,0.0,0.0
2023-04-18 00:00:00+09:00,2473.0,2508.0,2470.0,2503.0,334400,0.0,0.0
2023-04-19 00:00:00+09:00,2497.0,2498.0,2471.0,2488.0,249000,0.0,0.0
2023-04-20 00:00:00+09:00,2487.0,2498.0,2472.0,2477.0,206000,0.0,0.0
2023-04-21 00:00:00+09:00,2483.0,2483.0,2466.0,2470.0,205500,0.0,0.0
2023-04-24 00:00:00+09:00,2476.0,2507.0,2475.0,2500.0,188100,0.0,0.0
2023-04-25 00:00:00+09:00,2501.0,2516.0,2491.0,2509.0,206800,0.0,0.0
2023-04-26 00:00:00+09:00,2500.0,2500.0,2478.0,2494.0,253400,0.0,0.0
2023-04-27 00:00:00+09:00,2477.0,2499.0,2473.0,2497.0,202900,0.0,0.0
2023-04-28 00:00:00+09:00,2505.0,2520.0,2499.0,2512.0,228100,0.0,0.0
2023-05-01 00:00:00+09:00,2519.0,2523.0,2499.0,2514.0,193100,0.0,0.0
2023-05-02 00:00:00+09:00,2516.0,2516.0,2485.0,2498.0,205500,0.0,0.0
2023-05-08 00:00:00+09:00,2489.0,2513.0,2488.0,2501.0,264500,0.0,0.0
2023-05-09 00:00:00+09:00,2500.0,2515.0,2493.0,2514.0,243600,0.0,0.0
2023-05-10 00:00:00+09:00,2516.0,2533.0,2496.0,2500.0,243800,0.0,0.0
2023-05-11 00:00:00+09:00,2500.0,2509.0,2493.0,2501.0,129800,0.0,0.0
2023-05-12 00:00:00+09:00,2500.0,2520.0,2496.0,2519.0,195400,0.0,0.0
2023-05-15 00:00:00+09:00,2530.0,2590.0,2526.0,2580.0,502100,0.0,0.0
2023-05-16 00:00:00+09:00,2574.0,2628.0,2570.0,2628.0,449600,0.0,0.0
2023-05-17 00:00:00+09:00,2616.0,2617.0,2589.0,2589.0,260900,0.0,0.0
2023-05-18 00:00:00+09:00,2593.0,2593.0,2559.0,2559.0,213700,0.0,0.0
2023-05-19 00:00:00+09:00,2556.0,2556.0,2527.0,2535.0,191100,0.0,0.0
2023-05-22 00:00:00+09:00,2535.0,2563.0,2531.0,2562.0,142800,0.0,0.0
2023-05-23 00:00:00+09:00,2555.0,2557.0,2538.0,2541.0,231200,0.0,0.0
2023-05-24 00:00:00+09:00,2527.0,2537.0,2518.0,2529.0,186600,0.0,0.0
2023-05-25 00:00:00+09:00,2525.0,2559.0,2520.0,2553.0,210500,0.0,0.0
2023-05-26 00:00:00+09:00,2550.0,2594.0,2546.0,2591.0,280700,0.0,0.0
2023-05-29 00:00:00+09:00,2590.0,2595.0,2569.0,2584.0,227300,0.0,0.0
2023-05-30 00:00:00+09:00,2583.0,2585.0,2552.0,2581.0,170900,0.0,0.0
2023-05-31 00:00:00+09:00,2572.0,2588.0,2554.0,2579.0,297900,0.0,0.0
2023-06-01 00:00:00+09:00,2567.0,2584.0,2553.0,2558.0,202400,0.0,0.0
2023-06-02 00:00:00+09:00,2554.0,2592.0,2554.0,2587.0,220400,0.0,0.0
2023-06-05 00:00:00+09:00,2598.0,2600.0,2581.0,2596.5,266100,0.0,0.0
2023-06-06 00:00:00+09:00,2587.0,2587.5,2567.0,2576.0,265800,0.0,0.0
2023-06-07 00:00:00+09:00,2571.5,2585.0,2559.0,2569.0,295500,0.0,0.0
2023-06-08 00:00:00+09:00,2574.5,2580.5,2556.5,2561.0,188300,0.0,0.0
2023-06-09 00:00:00+09:00,2560.5,2574.5,2542.5,2565.0,390600,0.0,0.0
2023-06-12 00:00:00+09:00,2574.0,2584.5,2569.0,2575.0,205500,0.0,0.0
2023-06-13 00:00:00+09:00,2575.0,2604.5,2573.0,2598.0,269900,0.0,0.0
2023-06-14 00:00:00+09:00,2598.0,2600.0,2585.0,2586.0,224100,0.0,0.0
2023-06-15 00:00:00+09:00,2585.0,2605.5,2579.0,2585.0,197500,0.0,0.0
2023-06-16 00:00:00+09:00,2579.5,2599.0,2575.5,2598.0,252600,0.0,0.0
2023-06-19 00:00:00+09:00,2600.0,2614.0,2594.5,2607.0,177500,0.0,0.0
2023-06-20 00:00:00+09:00,2588.0,2590.5,2568.0,2587.0,272700,0.0,0.0
2023-06-21 00:00:00+09:00,2589.5,2607.5,2589.5,2594.0,199100,0.0,0.0
2023-06-22 00:00:00+09:00,2597.0,2605.0,2584.0,2586.0,187700,0.0,0.0
2023-06-23 00:00:00+09:00,2594.5,2606.5,2572.5,2584.5,189200,0.0,0.0
2023-06-26 00:00:00+09:00,2584.0,2586.0,2563.5,2574.5,193500,0.0,0.0
2023-06-27 00:00:00+09:00,2565.0,2576.5,2561.0,2570.5,153700,0.0,0.0
2023-06-28 00:00:00+09:00,2566.5,2582.5,2566.5,2580.5,234100,0.0,0.0
2023-06-29 00:00:00+09:00,2584.0,2598.0,2565.0,2570.5,281800,0.0,0.0
2023-06-30 00:00:00+09:00,2564.0,2578.5,2550.5,2553.5,359200,0.0,0.0
2023-07-03 00:00:00+09:00,2561.0,2585.5,2561.0,2570.5,286500,0.0,0.0
2023-07-04 00:00:00+09:00,2570.0,2586.0,2563.0,2581.5,238700,0.0,0.0
2023-07-05 00:00:00+09:00,2575.0,2580.0,2546.5,2556.5,301500,0.0,0.0
2023-07-06 00:00:00+09:00,2551.5,2555.0,2525.5,2538.0,372600,0.0,0.0
2023-07-07 00:00:00+09:00,2525.0,2562.0,2515.0,2555.0,319200,0.0,0.0
2023-07-10 00:00:00+09:00,2558.0,2587.5,2554.0,2583.5,382300,0.0,0.0
2023-07-11 00:00:00+09:00,2593.0,2611.5,2577.5,2601.5,341300,0.0,0.0
2023-07-12 00:00:00+09:00,2609.0,2717.0,2606.0,2706.0,1109700,0.0,0.0
2023-07-13 00:00:00+09:00,2705.5,2705.5,2644.0,2693.0,786100,0.0,0.0
2023-07-14 00:00:00+09:00,2696.0,2710.0,2683.5,2700.5,366800,0.0,0.0
2023-07-18 00:00:00+09:00,2710.0,2735.0,2680.5,2680.5,380700,0.0,0.0
2023-07-19 00:00:00+09:00,2701.0,2746.0,2690.0,2728.0,442600,0.0,0.0
2023-07-20 00:00:00+09:00,2724.0,2754.0,2719.0,2726.0,322600,0.0,0.0
2023-07-21 00:00:00+09:00,2731.0,2732.5,2700.5,2727.5,290300,0.0,0.0
2023-07-24 00:00:00+09:00,2751.5,2772.0,2738.0,2747.5,424200,0.0,0.0
2023-07-25 00:00:00+09:00,2745.0,2750.0,2729.0,2730.0,252800,0.0,0.0
2023-07-26 00:00:00+09:00,2728.5,2747.5,2716.0,2745.5,253400,0.0,0.0
2023-07-27 00:00:00+09:00,2750.0,2778.5,2746.0,2778.5,393600,0.0,0.0
2023-07-28 00:00:00+09:00,2759.0,2807.0,2753.0,2804.5,577300,0.0,0.0
2023-07-31 00:00:00+09:00,2805.5,2825.5,2790.5,2812.0,506000,0.0,0.0
2023-08-01 00:00:00+09:00,2827.0,2835.5,2802.0,2830.0,404100,0.0,0.0
2023-08-02 00:00:00+09:00,2842.5,2854.0,2804.0,2808.0,468300,0.0,0.0
2023-08-03 00:00:00+09:00,2817.5,2826.5,2782.5,2804.0,484400,0.0,0.0
2023-08-04 00:00:00+09:00,2808.5,2844.5,2800.5,2844.5,289400,0.0,0.0
2023-08-07 00:00:00+09:00,2845.0,2896.0,2838.0,2895.0,384700,0.0,0.0
2023-08-08 00:00:00+09:00,2905.0,2912.5,2883.0,2885.5,333200,0.0,0.0
2023-08-09 00:00:00+09:00,2891.5,2902.5,2870.5,2875.0,595100,0.0,0.0
2023-08-10 00:00:00+09:00,2870.5,2889.0,2854.5,2886.0,385800,0.0,0.0
2023-08-14 00:00:00+09:00,2886.0,2915.0,2881.5,2898.0,559900,0.0,0.0
2023-08-15 00:00:00+09:00,2902.0,2903.0,2863.0,2871.5,506900,0.0,0.0
2023-08-16 00:00:00+09:00,2866.0,2875.0,2830.5,2831.0,747800,0.0,0.0
2023-08-17 00:00:00+09:00,2826.5,2835.0,2764.5,2776.5,879000,0.0,0.0
2023-08-18 00:00:00+09:00,2765.0,2765.0,2728.0,2746.5,658800,0.0,0.0
2023-08-21 00:00:00+09:00,2746.0,2797.0,2741.5,2789.0,584000,0.0,0.0
2023-08-22 00:00:00+09:00,2791.5,2798.5,2784.0,2791.0,309600,0.0,0.0
2023-08-23 00:00:00+09:00,2785.5,2799.0,2783.5,2797.0,423600,0.0,0.0
2023-08-24 00:00:00+09:00,2788.5,2795.0,2772.0,2782.0,417500,0.0,0.0
2023-08-25 00:00:00+09:00,2771.5,2789.0,2762.0,2772.5,712200,0.0,0.0
2023-08-28 00:00:00+09:00,2772.5,2781.0,2748.5,2771.0,1129500,0.0,0.0
2023-08-29 00:00:00+09:00,2771.0,2798.0,2767.0,2784.5,2358500,0.0,0.0
2023-08-30 00:00:00+09:00,2763.0,2783.5,2737.0,2777.0,1691400,0.0,0.0
2023-08-31 00:00:00+09:00,2780.0,2846.5,2780.0,2844.5,882600,0.0,0.0
2023-09-01 00:00:00+09:00,2821.5,2849.5,2807.0,2848.0,444800,0.0,0.0
2023-09-04 00:00:00+09:00,2837.5,2876.0,2831.0,2855.5,402200,0.0,0.0
2023-09-05 00:00:00+09:00,2854.0,2863.0,2837.0,2846.0,292500,0.0,0.0
2023-09-06 00:00:00+09:00,2850.0,2869.0,2816.5,2869.0,347500,0.0,0.0
2023-09-07 00:00:00+09:00,2864.0,2897.0,2853.0,2888.0,351100,0.0,0.0
2023-09-08 00:00:00+09:00,2888.0,2907.5,2876.5,2885.0,326000,0.0,0.0
2023-09-11 00:00:00+09:00,2885.0,2898.0,2876.0,2897.5,228600,0.0,0.0
2023-09-12 00:00:00+09:00,2898.0,2954.0,2897.0,2954.0,442400,0.0,0.0
2023-09-13 00:00:00+09:00,2948.0,2954.0,2922.5,2951.5,223800,0.0,0.0
2023-09-14 00:00:00+09:00,2955.0,2962.5,2931.0,2957.5,227300,0.0,0.0
2023-09-15 00:00:00+09:00,2955.0,2973.5,2928.0,2942.5,382300,0.0,0.0
2023-09-19 00:00:00+09:00,2928.0,2928.0,2875.5,2893.0,346800,0.0,0.0
2023-09-20 00:00:00+09:00,2871.5,2880.0,2830.5,2839.0,312500,0.0,0.0
2023-09-21 00:00:00+09:00,2842.0,2883.0,2838.5,2861.5,247100,0.0,0.0
2023-09-22 00:00:00+09:00,2838.5,2870.0,2830.0,2837.0,220800,0.0,0.0
2023-09-25 00:00:00+09:00,2851.5,2879.5,2840.0,2869.0,209400,0.0,0.0
2023-09-26 00:00:00+09:00,2868.0,2879.0,2845.0,2868.0,185300,0.0,0.0
2023-09-27 00:00:00+09:00,2851.5,2861.0,2830.0,2857.5,245400,0.0,0.0
2023-09-28 00:00:00+09:00,2831.5,2846.5,2808.0,2836.0,221400,0.0,0.0
2023-09-29 00:00:00+09:00,2846.0,2862.0,2801.0,2816.0,198300,0.0,0.0
2023-10-02 00:00:00+09:00,2818.5,2822.5,2777.5,2785.5,261100,0.0,0.0
2023-10-03 00:00:00+09:00,2793.0,2824.0,2788.5,2799.5,228600,0.0,0.0
2023-10-04 00:00:00+09:00,2780.0,2803.5,2765.0,2778.0,280600,0.0,0.0
2023-10-05 00:00:00+09:00,2780.0,2832.5,2778.0,2831.5,259900,0.0,0.0
2023-10-06 00:00:00+09:00,2858.0,2869.5,2829.0,2843.5,223300,0.0,0.0
2023-10-10 00:00:00+09:00,2835.5,2835.5,2796.0,2813.5,354300,0.0,0.0
2023-10-11 00:00:00+09:00,2792.5,2808.0,2779.5,2790.5,329300,0.0,0.0
2023-10-12 00:00:00+09:00,2949.0,3134.0,2943.0,3054.0,2660200,0.0,0.0
2023-10-13 00:00:00+09:00,3077.0,3106.0,3023.0,3068.0,875900,0.0,0.0
2023-10-16 00:00:00+09:00,3070.0,3091.0,3034.0,3059.0,510100,0.0,0.0
2023-10-17 00:00:00+09:00,3060.0,3154.0,3059.0,3154.0,643600,0.0,0.0
2023-10-18 00:00:00+09:00,3156.0,3163.0,3095.0,3146.0,422300,0.0,0.0
2023-10-19 00:00:00+09:00,3128.0,3183.0,3119.0,3171.0,355300,0.0,0.0
2023-10-20 00:00:00+09:00,3172.0,3220.0,3154.0,3160.0,397100,0.0,0.0
2023-10-23 00:00:00+09:00,3170.0,3208.0,3148.0,3156.0,339700,0.0,0.0
2023-10-24 00:00:00+09:00,3220.0,3317.0,3204.0,3292.0,687300,0.0,0.0
2023-10-25 00:00:00+09:00,3301.0,3366.0,3279.0,3347.0,707200,0.0,0.0
2023-10-26 00:00:00+09:00,3350.0,3385.0,3331.0,3361.0,435800,0.0,0.0
2023-10-27 00:00:00+09:00,3357.0,3410.0,3313.0,3410.0,487400,0.0,0.0
2023-10-30 00:00:00+09:00,3410.0,3465.0,3404.0,3438.0,1072800,0.0,0.0
2023-10-31 00:00:00+09:00,3459.0,3537.0,3421.0,3532.0,639100,0.0,0.0
2023-11-01 00:00:00+09:00,3569.0,3585.0,3519.0,3555.0,648500,0.0,0.0
2023-11-02 00:00:00+09:00,3560.0,3580.0,3441.0,3503.0,781400,0.0,0.0
2023-11-06 00:00:00+09:00,3508.0,3525.0,3460.0,3492.0,475200,0.0,0.0
2023-11-07 00:00:00+09:00,3500.0,3529.0,3427.0,3427.0,543400,0.0,0.0
2023-11-08 00:00:00+09:00,3432.0,3448.0,3385.0,3397.0,519400,0.0,0.0
2023-11-09 00:00:00+09:00,3391.0,3398.0,3326.0,3349.0,553300,0.0,0.0
2023-11-10 00:00:00+09:00,3347.0,3383.0,3324.0,3366.0,341100,0.0,0.0
2023-11-13 00:00:00+09:00,3373.0,3430.0,3366.0,3387.0,350200,0.0,0.0
2023-11-14 00:00:00+09:00,3412.0,3435.0,3385.0,3407.0,300500,0.0,0.0
2023-11-15 00:00:00+09:00,3423.0,3483.0,3415.0,3426.0,337300,0.0,0.0
2023-11-16 00:00:00+09:00,3405.0,3405.0,3356.0,3356.0,297100,0.0,0.0
2023-11-17 00:00:00+09:00,3379.0,3408.0,3367.0,3405.0,194300,0.0,0.0
2023-11-20 00:00:00+09:00,3416.0,3439.0,3381.0,3392.0,218200,0.0,0.0
2023-11-21 00:00:00+09:00,3385.0,3396.0,3352.0,3386.0,234800,0.0,0.0
2023-11-22 00:00:00+09:00,3390.0,3399.0,3367.0,3385.0,150500,0.0,0.0
2023-11-24 00:00:00+09:00,3390.0,3391.0,3346.0,3378.0,214900,0.0,0.0
2023-11-27 00:00:00+09:00,3370.0,3378.0,3321.0,3360.0,259500,0.0,0.0
2023-11-28 00:00:00+09:00,3365.0,3373.0,3338.0,3346.0,152700,0.0,0.0
2023-11-29 00:00:00+09:00,3328.0,3340.0,3278.0,3291.0,309800,0.0,0.0
2023-11-30 00:00:00+09:00,3260.0,3280.0,3237.0,3270.0,339300,0.0,0.0
2023-12-01 00:00:00+09:00,3276.0,3299.0,3266.0,3278.0,246400,0.0,0.0
2023-12-04 00:00:00+09:00,3256.0,3274.0,3241.0,3257.0,162100,0.0,0.0
2023-12-05 00:00:00+09:00,3245.0,3262.0,3208.0,3210.0,254600,0.0,0.0
2023-12-06 00:00:00+09:00,3218.0,3243.0,3217.0,3235.0,216100,0.0,0.0
2023-12-07 00:00:00+09:00,3219.0,3233.0,3202.0,3211.0,238600,0.0,0.0
2023-12-08 00:00:00+09:00,3204.0,3226.0,3162.0,3168.0,285900,0.0,0.0
2023-12-11 00:00:00+09:00,3165.0,3178.0,3131.0,3146.0,250800,0.0,0.0
2023-12-12 00:00:00+09:00,3157.0,3187.0,3156.0,3160.0,223400,0.0,0.0
2023-12-13 00:00:00+09:00,3184.0,3215.0,3166.0,3176.0,235100,0.0,0.0
2023-12-14 00:00:00+09:00,3182.0,3198.0,3111.0,3136.0,269500,0.0,0.0
2023-12-15 00:00:00+09:00,3120.0,3123.0,3074.0,3083.0,332900,0.0,0.0
2023-12-18 00:00:00+09:00,3055.0,3091.0,3051.0,3085.0,227300,0.0,0.0
2023-12-19 00:00:00+09:00,3105.0,3155.0,3102.0,3131.0,232900,0.0,0.0
2023-12-20 00:00:00+09:00,3131.0,3158.0,3127.0,3134.0,204000,0.0,0.0
2023-12-21 00:00:00+09:00,3130.0,3155.0,3118.0,3143.0,183800,0.0,0.0
2023-12-22 00:00:00+09:00,3143.0,3174.0,3143.0,3162.0,212400,0.0,0.0
2023-12-25 00:00:00+09:00,3177.0,3232.0,3170.0,3231.0,255900,0.0,0.0
2023-12-26 00:00:00+09:00,3233.0,3243.0,3196.0,3210.0,257700,0.0,0.0
2023-12-27 00:00:00+09:00,3197.0,3200.0,3171.0,3188.0,288900,0.0,0.0
2023-12-28 00:00:00+09:00,3179.0,3213.0,3173.0,3211.0,190900,0.0,0.0
2023-12-29 00:00:00+09:00,3215.0,3228.0,3187.0,3205.0,231500,0.0,0.0
2024-01-04 00:00:00+09:00,3207.0,3230.0,3173.0,3219.0,325600,0.0,0.0
2024-01-05 00:00:00+09:00,3246.0,3264.0,3223.0,3262.0,419700,0.0,0.0
2024-01-09 00:00:00+09:00,3278.0,3333.0,3277.0,3333.0,540500,0.0,0.0
2024-01-10 00:00:00+09:00,3341.0,3379.0,3341.0,3350.0,463800,0.0,0.0
2024-01-11 00:00:00+09:00,3379.0,3382.0,3294.0,3312.0,714700,0.0,0.0
2024-01-12 00:00:00+09:00,3242.0,3329.0,3226.0,3258.0,1127600,0.0,0.0
2024-01-15 00:00:00+09:00,3275.0,3289.0,3251.0,3271.0,145000,0.0,0.0
2024-01-16 00:00:00+09:00,3275.0,3327.0,3245.0,3256.0,552300,0.0,0.0
2024-01-17 00:00:00+09:00,3291.0,3433.0,3277.0,3410.0,981800,0.0,0.0
2024-01-18 00:00:00+09:00,3409.0,3421.0,3361.0,3365.0,532800,0.0,0.0
2024-01-19 00:00:00+09:00,3400.0,3409.0,3318.0,3329.0,452000,0.0,0.0
2024-01-22 00:00:00+09:00,3353.0,3382.0,3315.0,3381.0,449700,0.0,0.0
2024-01-23 00:00:00+09:00,3365.0,3394.0,3336.0,3341.0,465500,0.0,0.0
2024-01-24 00:00:00+09:00,3341.0,3363.0,3275.0,3290.0,514500,0.0,0.0
2024-01-25 00:00:00+09:00,3277.0,3295.0,3254.0,3263.0,532900,0.0,0.0
2024-01-26 00:00:00+09:00,3255.0,3272.0,3210.0,3210.0,603600,0.0,0.0
2024-01-29 00:00:00+09:00,3239.0,3267.0,3234.0,3252.0,534500,0.0,0.0
2024-01-30 00:00:00+09:00,3267.0,3314.0,3263.0,3300.0,620800,0.0,0.0
2024-01-31 00:00:00+09:00,3302.0,3304.0,3263.0,3293.0,477100,0.0,0.0
2024-02-01 00:00:00+09:00,3289.0,3313.0,3274.0,3307.0,548300,0.0,0.0
2024-02-02 00:00:00+09:00,3330.0,3340.0,3280.0,3287.0,488400,0.0,0.0
2024-02-05 00:00:00+09:00,3300.0,3309.0,3262.0,3300.0,568000,0.0,0.0
2024-02-06 00:00:00+09:00,3315.0,3335.0,3291.0,3291.0,755900,0.0,0.0
2024-02-07 00:00:00+09:00,3272.0,3297.0,3243.0,3282.0,643000,0.0,0.0
2024-02-08 00:00:00+09:00,3275.0,3300.0,3251.0,3286.0,639300,0.0,0.0
2024-02-09 00:00:00+09:00,3282.0,3316.0,3250.0,3250.0,731700,0.0,0.0
2024-02-13 00:00:00+09:00,3250.0,3279.0,3234.0,3279.0,775600,0.0,0.0
2024-02-14 00:00:00+09:00,3290.0,3324.0,3266.0,3287.0,584100,0.0,0.0
2024-02-15 00:00:00+09:00,3297.0,3300.0,3251.0,3273.0,504500,0.0,0.0
2024-02-16 00:00:00+09:00,3286.0,3322.0,3280.0,3311.0,446300,0.0,0.0
2024-02-19 00:00:00+09:00,3320.0,3351.0,3274.0,3296.0,752300,0.0,0.0
2024-02-20 00:00:00+09:00,3298.0,3300.0,3258.0,3267.0,942900,0.0,0.0
2024-02-21 00:00:00+09:00,3260.0,3268.0,3180.0,3191.0,1312700,0.0,0.0
2024-02-22 00:00:00+09:00,3193.0,3209.0,3176.0,3178.0,895500,0.0,0.0
2024-02-26 00:00:00+09:00,3200.0,3228.0,3183.0,3206.0,1068700,0.0,0.0
2024-02-27 00:00:00+09:00,3220.0,3222.0,3174.0,3174.0,2374900,0.0,0.0
2024-02-28 00:00:00+09:00,3147.0,3184.0,3137.0,3175.0,1502000,0.0,0.0
2024-02-29 00:00:00+09:00,3175.0,3203.0,3148.0,3184.0,687400,0.0,0.0
2024-03-01 00:00:00+09:00,3153.0,3192.0,3123.0,3187.0,887500,0.0,0.0
2024-03-04 00:00:00+09:00,3175.0,3230.0,3169.0,3202.0,653000,0.0,0.0
2024-03-05 00:00:00+09:00,3200.0,3260.0,3157.0,3243.0,835700,0.0,0.0
2024-03-06 00:00:00+09:00,3241.0,3241.0,3201.0,3210.0,362800,0.0,0.0
2024-03-07 00:00:00+09:00,3217.0,3243.0,3211.0,3232.0,313600,0.0,0.0
2024-03-08 00:00:00+09:00,3214.0,3255.0,3168.0,3248.0,461100,0.0,0.0
2024-03-11 00:00:00+09:00,3234.0,3251.0,3191.0,3227.0,301400,0.0,0.0
2024-03-12 00:00:00+09:00,3218.0,3225.0,3184.0,3222.0,227900,0.0,0.0
2024-03-13 00:00:00+09:00,3220.0,3232.0,3183.0,3209.0,217600,0.0,0.0
2024-03-14 00:00:00+09:00,3190.0,3215.0,3179.0,3215.0,257600,0.0,0.0
2024-03-15 00:00:00+09:00,3208.0,3227.0,3197.0,3207.0,303600,0.0,0.0
2024-03-18 00:00:00+09:00,3200.0,3208.0,3178.0,3189.0,266900,0.0,0.0
2024-03-19 00:00:00+09:00,3200.0,3265.0,3197.0,3259.0,438400,0.0,0.0
2024-03-21 00:00:00+09:00,3259.0,3259.0,3222.0,3240.0,330100,0.0,0.0
2024-03-22 00:00:00+09:00,3240.0,3317.0,3239.0,3314.0,556100,0.0,0.0
2024-03-25 00:00:00+09:00,3308.0,3332.0,3278.0,3321.0,425600,0.0,0.0
2024-03-26 00:00:00+09:00,3304.0,3326.0,3288.0,3324.0,359400,0.0,0.0
2024-03-27 00:00:00+09:00,3343.0,3392.0,3338.0,3382.0,669500,0.0,0.0
2024-03-28 00:00:00+09:00,3338.0,3404.0,3338.0,3373.0,380100,0.0,0.0
2024-03-29 00:00:00+09:00,3375.0,3421.0,3355.0,3383.0,238200,0.0,0.0
2024-04-01 00:00:00+09:00,3400.0,3441.0,3358.0,3407.0,410600,0.0,0.0
2024-04-02 00:00:00+09:00,3380.0,3394.0,3271.0,3282.0,459500,0.0,0.0
2024-04-03 00:00:00+09:00,3298.0,3315.0,3245.0,3253.0,372100,0.0,0.0
2024-04-04 00:00:00+09:00,3269.0,3274.0,3236.0,3253.0,331800,0.0,0.0
2024-04-05 00:00:00+09:00,3230.0,3231.0,3185.0,3216.0,385500,0.0,0.0
2024-04-08 00:00:00+09:00,3215.0,3249.0,3202.0,3243.0,245900,0.0,0.0
2024-04-09 00:00:00+09:00,3252.0,3264.0,3222.0,3245.0,276800,0.0,0.0
2024-04-10 00:00:00+09:00,3238.0,3265.0,3202.0,3215.0,308300,0.0,0.0
2024-04-11 00:00:00+09:00,3045.0,3049.0,2845.0,2882.0,5736200,0.0,0.0
2024-04-12 00:00:00+09:00,2883.0,2940.0,2883.0,2932.5,1884500,0.0,0.0
2024-04-15 00:00:00+09:00,2933.0,2961.0,2892.0,2900.0,1256200,0.0,0.0
2024-04-16 00:00:00+09:00,2888.0,2908.0,2864.5,2893.0,943600,0.0,0.0
2024-04-17 00:00:00+09:00,2899.5,2903.0,2835.0,2852.0,777600,0.0,0.0
2024-04-18 00:00:00+09:00,2846.5,2904.0,2845.5,2891.5,531700,0.0,0.0
2024-04-19 00:00:00+09:00,2889.0,2890.5,2812.0,2826.5,746700,0.0,0.0
2024-04-22 00:00:00+09:00,2850.0,2891.0,2842.0,2891.0,502000,0.0,0.0
2024-04-23 00:00:00+09:00,2875.0,2905.5,2861.0,2894.0,522300,0.0,0.0
2024-04-24 00:00:00+09:00,2919.0,2919.0,2878.0,2892.5,496300,0.0,0.0
2024-04-25 00:00:00+09:00,2888.0,2891.0,2838.5,2846.0,558500,0.0,0.0
2024-04-26 00:00:00+09:00,2842.0,2887.0,2832.5,2885.5,408700,0.0,0.0
2024-04-30 00:00:00+09:00,2894.5,2897.5,2873.0,2889.0,390300,0.0,0.0
2024-05-01 00:00:00+09:00,2889.5,2904.0,2871.5,2885.5,309700,0.0,0.0
2024-05-02 00:00:00+09:00,2885.5,2909.5,2877.5,2883.5,351500,0.0,0.0
2024-05-07 00:00:00+09:00,2882.0,2882.0,2824.0,2834.0,828900,0.0,0.0
2024-05-08 00:00:00+09:00,2833.0,2844.0,2800.0,2805.0,620900,0.0,0.0
2024-05-09 00:00:00+09:00,2816.0,2842.0,2806.5,2828.0,317100,0.0,0.0
2024-05-10 00:00:00+09:00,2828.0,2862.0,2825.5,2859.5,327800,0.0,0.0
2024-05-13 00:00:00+09:00,2858.0,2867.0,2849.5,2863.0,280500,0.0,0.0
2024-05-14 00:00:00+09:00,2866.0,2892.0,2858.0,2892.0,308300,0.0,0.0
2024-05-15 00:00:00+09:00,2902.0,2909.5,2873.5,2880.0,335000,0.0,0.0
2024-05-16 00:00:00+09:00,2899.5,2906.0,2878.0,2901.5,334500,0.0,0.0
2024-05-17 00:00:00+09:00,2901.5,2921.0,2894.0,2906.0,337200,0.0,0.0
2024-05-20 00:00:00+09:00,2910.0,2916.0,2887.0,2895.0,345800,0.0,0.0
2024-05-21 00:00:00+09:00,2912.0,2920.0,2900.5,2902.5,242300,0.0,0.0
2024-05-22 00:00:00+09:00,2889.5,2889.5,2824.5,2824.5,701000,0.0,0.0
2024-05-23 00:00:00+09:00,2828.0,2861.5,2828.0,2852.0,261600,0.0,0.0
2024-05-24 00:00:00+09:00,2848.5,2876.5,2840.0,2866.0,228000,0.0,0.0
2024-05-27 00:00:00+09:00,2883.0,2899.0,2877.0,2899.0,309700,0.0,0.0
2024-05-28 00:00:00+09:00,2899.0,2904.5,2864.5,2873.0,225600,0.0,0.0
2024-05-29 00:00:00+09:00,2870.0,2876.0,2848.0,2855.0,227100,0.0,0.0
2024-05-30 00:00:00+09:00,2847.0,2912.0,2844.0,2895.0,394200,0.0,0.0
2024-05-31 00:00:00+09:00,2894.0,2906.5,2880.0,2899.5,390900,0.0,0.0
2024-06-03 00:00:00+09:00,2909.0,2917.5,2886.5,2912.0,352700,0.0,0.0
2024-06-04 00:00:00+09:00,2920.0,2940.5,2915.0,2930.0,373100,0.0,0.0
2024-06-05 00:00:00+09:00,2938.0,2945.0,2917.0,2934.0,276200,0.0,0.0
2024-06-06 00:00:00+09:00,2934.0,2939.0,2920.0,2926.0,158100,0.0,0.0
2024-06-07 00:00:00+09:00,2940.0,2959.5,2927.0,2952.0,306500,0.0,0.0
2024-06-10 00:00:00+09:00,2977.0,2995.0,2969.0,2985.0,312800,0.0,0.0
2024-06-11 00:00:00+09:00,2992.0,3032.0,2989.0,3019.0,360500,0.0,0.0
2024-06-12 00:00:00+09:00,3027.0,3038.0,3005.0,3023.0,269100,0.0,0.0
2024-06-13 00:00:00+09:00,3030.0,3041.0,3014.0,3018.0,258200,0.0,0.0
2024-06-14 00:00:00+09:00,3035.0,3066.0,3016.0,3066.0,511200,0.0,0.0
2024-06-17 00:00:00+09:00,3058.0,3059.0,2986.5,3018.0,333800,0.0,0.0
2024-06-18 00:00:00+09:00,3049.0,3089.0,3043.0,3079.0,393700,0.0,0.0
2024-06-19 00:00:00+09:00,3088.0,3105.0,3078.0,3086.0,385600,0.0,0.0
2024-06-20 00:00:00+09:00,3086.0,3091.0,3067.0,3072.0,228200,0.0,0.0
2024-06-21 00:00:00+09:00,3096.0,3127.0,3093.0,3105.0,519400,0.0,0.0
2024-06-24 00:00:00+09:00,3108.0,3126.0,3086.0,3088.0,372400,0.0,0.0
2024-06-25 00:00:00+09:00,3090.0,3119.0,3081.0,3108.0,308700,0.0,0.0
2024-06-26 00:00:00+09:00,3108.0,3127.0,3089.0,3110.0,305200,0.0,0.0
2024-06-27 00:00:00+09:00,3112.0,3137.0,3097.0,3133.0,412200,0.0,0.0
2024-06-28 00:00:00+09:00,3124.0,3129.0,3062.0,3065.0,398900,0.0,0.0
2024-07-01 00:00:00+09:00,3066.0,3106.0,3063.0,3093.0,320100,0.0,0.0
2024-07-02 00:00:00+09:00,3093.0,3108.0,3087.0,3100.0,230100,0.0,0.0
2024-07-03 00:00:00+09:00,3099.0,3107.0,3066.0,3076.0,274800,0.0,0.0
2024-07-04 00:00:00+09:00,3088.0,3108.0,3069.0,3082.0,244600,0.0,0.0
2024-07-05 00:00:00+09:00,3082.0,3105.0,3075.0,3091.0,250700,0.0,0.0
2024-07-08 00:00:00+09:00,3083.0,3084.0,3028.0,3056.0,451700,0.0,0.0
2024-07-09 00:00:00+09:00,3096.0,3122.0,3076.0,3083.0,429900,0.0,0.0
2024-07-10 00:00:00+09:00,3087.0,3124.0,3087.0,3124.0,589800,0.0,0.0
2024-07-11 00:00:00+09:00,2853.5,2925.0,2847.0,2854.0,3775200,0.0,0.0
2024-07-12 00:00:00+09:00,2850.5,2906.0,2832.0,2883.5,1662100,0.0,0.0
2024-07-16 00:00:00+09:00,2883.5,2889.5,2845.0,2858.0,1035000,0.0,0.0
2024-07-17 00:00:00+09:00,2870.0,2878.5,2857.0,2862.5,579900,0.0,0.0
2024-07-18 00:00:00+09:00,2864.0,2908.0,2863.0,2901.5,753400,0.0,0.0
2024-07-19 00:00:00+09:00,2907.5,2908.0,2842.0,2842.0,873900,0.0,0.0
2024-07-22 00:00:00+09:00,2794.0,2800.0,2700.0,2700.5,2458200,0.0,0.0
2024-07-23 00:00:00+09:00,2705.0,2743.0,2705.0,2728.5,704600,0.0,0.0
2024-07-24 00:00:00+09:00,2750.0,2751.5,2720.0,2720.0,735500,0.0,0.0
2024-07-25 00:00:00+09:00,2715.0,2765.0,2710.5,2761.5,867700,0.0,0.0
2024-07-26 00:00:00+09:00,2773.0,2774.0,2717.0,2747.0,658900,0.0,0.0
2024-07-29 00:00:00+09:00,2783.0,2798.0,2760.0,2797.0,598600,0.0,0.0
2024-07-30 00:00:00+09:00,2824.0,2837.0,2787.5,2822.0,636100,0.0,0.0
2024-07-31 00:00:00+09:00,2816.0,2896.0,2805.5,2894.0,873000,0.0,0.0
2024-08-01 00:00:00+09:00,2889.0,2900.0,2850.5,2900.0,817900,0.0,0.0
2024-08-02 00:00:00+09:00,2850.0,2866.0,2798.0,2811.0,916500,0.0,0.0
2024-08-05 00:00:00+09:00,2770.0,2892.0,2750.0,2798.5,1452400,0.0,0.0
2024-08-06 00:00:00+09:00,2910.0,2915.5,2844.5,2900.0,1154200,0.0,0.0
2024-08-07 00:00:00+09:00,2906.0,2943.0,2873.5,2900.0,850100,0.0,0.0
2024-08-08 00:00:00+09:00,2940.0,3010.0,2918.5,3010.0,1164800,0.0,0.0
2024-08-09 00:00:00+09:00,3014.0,3014.0,2924.0,2944.5,724500,0.0,0.0
2024-08-13 00:00:00+09:00,2945.0,2956.5,2916.0,2956.5,461800,0.0,0.0
2024-08-14 00:00:00+09:00,2952.5,2981.0,2944.5,2977.0,336100,0.0,0.0
2024-08-15 00:00:00+09:00,2960.5,2992.0,2960.0,2979.5,340400,0.0,0.0
2024-08-16 00:00:00+09:00,3010.0,3042.0,2988.5,3036.0,644600,0.0,0.0
2024-08-19 00:00:00+09:00,3055.0,3056.0,2993.0,3019.0,748400,0.0,0.0
2024-08-20 00:00:00+09:00,3020.0,3100.0,3010.0,3099.0,609800,0.0,0.0
2024-08-21 00:00:00+09:00,3087.0,3118.0,3070.0,3070.0,420700,0.0,0.0
2024-08-22 00:00:00+09:00,3071.0,3100.0,3071.0,3089.0,324300,0.0,0.0
2024-08-23 00:00:00+09:00,3086.0,3109.0,3083.0,3103.0,431400,0.0,0.0
2024-08-26 00:00:00+09:00,3103.0,3116.0,3099.0,3116.0,603900,0.0,0.0
2024-08-27 00:00:00+09:00,3107.0,3142.0,3104.0,3130.0,672000,0.0,0.0
2024-08-28 00:00:00+09:00,3123.0,3130.0,3082.0,3099.0,2097200,0.0,0.0
2024-08-29 00:00:00+09:00,3020.0,3097.0,3015.0,3075.0,1647600,0.0,0.0
2024-08-30 00:00:00+09:00,3050.0,3054.0,2997.0,3045.0,570200,0.0,0.0
