Date,Open,High,Low,Close,Volume,Dividends,Stock Splits,Capital Gains
2000-02-11 00:00:00+09:00,-17.54115025558814,-17.54115025558814,-14.828601246992033,-16.130624771118164,69500,0.0,0.0,0.0
2000-02-14 00:00:00+09:00,-17.72198590365323,-17.72198590365323,-14.82860044999556,-15.913619995117188,14000,0.0,0.0,0.0
2000-02-15 00:00:00+09:00,-15.913621335174776,-15.913621335174776,-14.466928486522523,-15.443446159362793,22500,0.0,0.0,0.0
2000-02-16 00:00:00+09:00,-14.900935521939907,-16.383795610288296,-14.105254498923697,-14.828600883483887,7000,0.0,0.0,0.0
2000-02-17 00:00:00+09:00,-15.732783687114717,-15.913620281219483,-14.177588977813722,-14.466927528381348,13000,0.0,0.0,0.0
2000-02-18 00:00:00+09:00,-14.394593052747775,-15.371110671904031,-14.394593052747775,-14.828600883483887,34500,0.0,0.0,0.0
2000-02-21 00:00:00+09:00,-14.50309535335092,-14.828601234099445,-14.105254832436056,-14.756266593933105,16500,0.0,0.0,0.0
2000-02-22 00:00:00+09:00,-14.466927357209034,-14.466927357209034,-13.743580989348581,-14.105254173278809,24500,0.0,0.0,0.0
2000-02-23 00:00:00+09:00,-14.105255021477626,-15.768951767600628,-14.105255021477626,-15.696617126464844,44000,0.0,0.0,0.0
2000-02-24 00:00:00+09:00,-13.960585104900856,-16.998639894568402,-13.960585104900856,-16.636966705322266,26500,0.0,0.0,0.0
2000-02-25 00:00:00+09:00,-16.636967023213703,-17.360313415527344,-15.081772279739381,-17.360313415527344,15500,0.0,0.0,0.0
2000-02-28 00:00:00+09:00,-15.29877646636963,-18.264496726989748,-15.29877646636963,-18.083660125732422,58000,0.0,0.0,0.0
2000-02-29 00:00:00+09:00,-18.083660125732422,-18.083660125732422,-16.70930195617676,-18.083660125732422,48000,0.0,0.0,0.0
2000-03-01 00:00:00+09:00,-18.083660125732422,-18.083660125732422,-18.083660125732422,-18.083660125732422,0,0.0,0.0,0.0
2000-03-02 00:00:00+09:00,-18.08366025020431,-20.217532159728417,-16.99864063519205,-18.84317398071289,104500,0.0,0.0,0.0
2000-03-03 00:00:00+09:00,-19.168678820750237,-19.892025191344583,-17.39648021279408,-17.468814849853516,107500,0.0,0.0,0.0
2000-03-06 00:00:00+09:00,-18.083658924809207,-19.530351638793945,-18.083658924809207,-19.530351638793945,69500,0.0,0.0,0.0
2000-03-07 00:00:00+09:00,-21.845060348510742,-21.845060348510742,-20.97704470552356,-21.845060348510742,331000,0.0,0.0,0.0
2000-03-08 00:00:00+09:00,-21.845061786358173,-24.449108886718747,-19.313349327674278,-23.508758544921875,229000,0.0,0.0,0.0
2000-03-09 00:00:00+09:00,-23.50875735282898,-25.136286708024834,-21.845060678628776,-22.56840705871582,241000,0.0,0.0,0.0
2000-03-10 00:00:00+09:00,-22.78540802001953,-22.78540802001953,-20.253696017795136,-21.157878875732422,102000,0.0,0.0,0.0
2000-03-13 00:00:00+09:00,-21.700391547624456,-23.508757509926493,-20.253698777782827,-23.32792091369629,301500,0.0,0.0,0.0
2000-03-14 00:00:00+09:00,-21.736557210251235,-26.11280250549316,-21.736557210251235,-26.112802505493164,204000,0.0,0.0,0.0
2000-03-15 00:00:00+09:00,-26.76381814597857,-29.223196029663086,-25.31712527322297,-29.223196029663086,346500,0.0,0.0,0.0
2000-03-16 00:00:00+09:00,-32.69525913014132,-32.69525913014132,-28.246678518407485,-30.742223739624023,578000,0.0,0.0,0.0
2000-03-17 00:00:00+09:00,-29.29552771828391,-32.00807658108798,-27.05315399169922,-27.05315399169922,250500,0.0,0.0,0.0
2000-03-20 00:00:00+09:00,-23.834260135226778,-26.763812594943573,-23.834260135226778,-26.04046630859375,322000,0.0,0.0,0.0
2000-03-21 00:00:00+09:00,-23.147083109886893,-24.159767995944446,-22.930079205731705,-23.183250427246094,60500,0.0,0.0,0.0
2000-03-22 00:00:00+09:00,-21.91739529126311,-24.159769066936892,-21.91739529126311,-23.76192855834961,45000,0.0,0.0,0.0
2000-03-23 00:00:00+09:00,-24.774612761066184,-24.774612761066184,-21.266382924827614,-23.110916137695312,61000,0.0,0.0,0.0
2000-03-24 00:00:00+09:00,-21.700391229593528,-23.1470839782331,-20.7962082616938,-23.00241470336914,65000,0.0,0.0,0.0
2000-03-27 00:00:00+09:00,-21.700391224031286,-24.4129401270352,-20.97704484989691,-23.40025520324707,100500,0.0,0.0,0.0
2000-03-28 00:00:00+09:00,-22.459906378659333,-24.593778321237274,-21.70039263638583,-23.870431900024414,77500,0.0,0.0,0.0
2000-03-29 00:00:00+09:00,-23.761929425560893,-26.727649688720703,-22.459905895393174,-26.727649688720703,187500,0.0,0.0,0.0
2000-03-30 00:00:00+09:00,-26.763816942205086,-29.838039158539452,-24.232104528753254,-27.921171188354492,181500,0.0,0.0,0.0
2000-03-31 00:00:00+09:00,-25.714963531494142,-29.476364666902565,-25.714963531494142,-28.572181701660156,124500,0.0,0.0,0.0
2000-04-03 00:00:00+09:00,-31.971911484387864,-31.971911484387864,-26.402144099098575,-27.45099639892578,458000,0.0,0.0,0.0
2000-04-04 00:00:00+09:00,-24.159770579064993,-30.742223042223422,-24.159770579064993,-24.629945755004883,868500,0.0,0.0,0.0
2000-04-05 00:00:00+09:00,-24.629945755004883,-24.629945755004883,-24.629945755004883,-24.629945755004883,0,0.0,0.0,0.0
2000-04-06 00:00:00+09:00,-27.053151919818916,-27.053151919818916,-21.700389240496456,-22.64073944091797,346500,0.0,0.0,0.0
2000-04-07 00:00:00+09:00,-21.772726135253905,-25.317123413085938,-21.772726135253905,-25.317123413085938,422500,0.0,0.0,0.0
2000-04-10 00:00:00+09:00,-26.040468605197205,-28.35517692565918,-26.040468605197205,-28.35517692565918,341000,0.0,0.0,0.0
2000-04-11 00:00:00+09:00,-26.944652598837145,-26.944652598837145,-24.9554500579834,-24.9554500579834,122500,0.0,0.0,0.0
2000-04-12 00:00:00+09:00,-22.785411071777343,-26.40214298793248,-21.989730050223212,-25.317123413085938,309500,0.0,0.0,0.0
2000-04-13 00:00:00+09:00,-25.317123413085938,-25.317123413085938,-25.317123413085938,-25.317123413085938,0,0.0,0.0,0.0
2000-04-14 00:00:00+09:00,-22.45990417198259,-28.35517692565918,-22.45990417198259,-28.35517692565918,734500,0.0,0.0,0.0
2000-04-17 00:00:00+09:00,-27.125488794766937,-30.52521672371106,-25.027784327971627,-28.210508346557617,1422000,0.0,0.0,0.0
2000-04-18 00:00:00+09:00,-29.838039400739884,-30.380549208026064,-25.497960942450447,-27.089323043823242,439000,0.0,0.0,0.0
2000-04-19 00:00:00+09:00,-27.704166477748323,-30.30821345738002,-25.317123413085938,-25.317123413085938,2513000,0.0,0.0,0.0
2000-04-20 00:00:00+09:00,-26.40214178026939,-28.35517692565918,-25.67879543012502,-28.35517692565918,1130000,0.0,0.0,0.0
2000-04-21 00:00:00+09:00,-31.75490592479706,-31.75490592479706,-26.47447737693787,-28.933855056762695,2639000,0.0,0.0,0.0
2000-04-24 00:00:00+09:00,-28.933855221595294,-32.333583210132744,-28.572182031325355,-29.295528411865234,1770500,0.0,0.0,0.0
2000-04-25 00:00:00+09:00,-28.933855064014974,-30.018874628915537,-26.763815934213852,-28.536014556884766,1071000,0.0,0.0,0.0
2000-04-26 00:00:00+09:00,-28.572181169256606,-29.657200707329643,-25.353289872973267,-26.69148063659668,727500,0.0,0.0,0.0
2000-04-27 00:00:00+09:00,-25.317123978226274,-27.05315533673322,-24.268271699128327,-24.412940979003906,362500,0.0,0.0,0.0
2000-04-28 00:00:00+09:00,-24.412940491077514,-25.100119556752286,-22.062064740084864,-23.32792091369629,450500,0.0,0.0,0.0
2000-05-01 00:00:00+09:00,-23.32792091369629,-23.32792091369629,-23.32792091369629,-23.32792091369629,0,0.0,0.0,0.0
2000-05-02 00:00:00+09:00,-23.327919851614187,-23.327919851614187,-20.543036396460245,-21.953561782836914,567500,0.0,0.0,0.0
2000-05-03 00:00:00+09:00,-22.315235825685356,-24.051267137894264,-21.953562635641834,-22.56840705871582,671000,0.0,0.0,0.0
2000-05-04 00:00:00+09:00,-23.074747017451696,-23.508754798344203,-21.700389044625418,-22.27906608581543,473500,0.0,0.0,0.0
2000-05-05 00:00:00+09:00,-22.27906608581543,-22.27906608581543,-22.27906608581543,-22.27906608581543,0,0.0,0.0,0.0
2000-05-08 00:00:00+09:00,-22.062063741838276,-22.785410094029697,-21.736557883352138,-22.351402282714844,466500,0.0,0.0,0.0
2000-05-09 00:00:00+09:00,-22.351402282714844,-22.351402282714844,-22.351402282714844,-22.351402282714844,0,0.0,0.0,0.0
2000-05-10 00:00:00+09:00,-21.519554479335383,-22.78541062517864,-21.519554479335383,-22.242900848388672,480500,0.0,0.0,0.0
2000-05-11 00:00:00+09:00,-22.242900848388672,-22.242900848388672,-22.242900848388672,-22.242900848388672,0,0.0,0.0,0.0
2000-05-12 00:00:00+09:00,-20.97704518472785,-24.5937771131292,-20.97704518472785,-22.53223991394043,1124000,0.0,0.0,0.0
2000-05-15 00:00:00+09:00,-23.508756083826867,-23.83426193729524,-21.519553645964592,-22.423736572265625,584000,0.0,0.0,0.0
2000-05-16 00:00:00+09:00,-22.423737265846945,-22.423737265846945,-19.892024993896484,-20.687705993652344,442000,0.0,0.0,0.0
2000-05-17 00:00:00+09:00,-20.723872920659584,-21.15788073051633,-18.2283280139833,-18.372997283935547,514500,0.0,0.0,0.0
2000-05-18 00:00:00+09:00,-16.74546687943595,-18.698501893452235,-16.202957153320312,-16.202957153320312,296000,0.0,0.0,0.0
2000-05-19 00:00:00+09:00,-16.636966560460344,-16.636966560460344,-14.286090850830078,-14.286090850830078,274000,0.0,0.0,0.0
2000-05-22 00:00:00+09:00,-15.985956192016602,-15.985956192016602,-15.913621548613811,-15.985956192016602,705500,0.0,0.0,0.0
2000-05-23 00:00:00+09:00,-16.600799040360883,-17.902822494506836,-16.311460494995117,-17.902822494506836,605000,0.0,0.0,0.0
2000-05-24 00:00:00+09:00,-19.53035267121201,-19.53035267121201,-15.768951416015623,-15.768951416015625,1266000,0.0,0.0,0.0
2000-05-25 00:00:00+09:00,-14.46692605943202,-17.360311271318423,-14.46692605943202,-16.600797653198242,961000,0.0,0.0,0.0
2000-05-26 00:00:00+09:00,-16.45613142759493,-16.45613142759493,-14.611598014831543,-14.611598014831543,484500,0.0,0.0,0.0
2000-05-29 00:00:00+09:00,-13.020233360496727,-15.154104939022579,-12.875564100935652,-13.381906509399414,393500,0.0,0.0,0.0
2000-05-30 00:00:00+09:00,-13.381906509399412,-13.381906509399412,-13.381906509399412,-13.381906509399414,0,0.0,0.0,0.0
2000-05-31 00:00:00+09:00,-16.74546957875157,-16.74546957875157,-15.515780668000916,-16.058290481567383,1036500,0.0,0.0,0.0
2000-06-01 00:00:00+09:00,-15.009437396202559,-15.80511841479643,-14.286091015662677,-14.647764205932617,652000,0.0,0.0,0.0
2000-06-02 00:00:00+09:00,-14.937103173613265,-15.515780294140654,-13.743581612525523,-15.154107093811035,724500,0.0,0.0,0.0
2000-06-05 00:00:00+09:00,-15.551947649284328,-16.600799932608155,-15.26260908836741,-16.130624771118164,650500,0.0,0.0,0.0
2000-06-06 00:00:00+09:00,-16.130624771118164,-16.130624771118164,-16.130624771118164,-16.130624771118164,0,0.0,0.0,0.0
2000-06-07 00:00:00+09:00,-15.624282558849568,-16.636967539515744,-15.624282558849568,-15.877453804016113,649000,0.0,0.0,0.0
2000-06-08 00:00:00+09:00,-16.4561303380024,-16.4561303380024,-14.466927769672438,-15.009437561035156,503500,0.0,0.0,0.0
2000-06-09 00:00:00+09:00,-14.105253795097616,-16.781635284423828,-14.105253795097616,-16.781635284423828,332500,0.0,0.0,0.0
2000-06-12 00:00:00+09:00,-18.770839365790874,-18.770839365790874,-16.962473338258032,-18.44533348083496,1669500,0.0,0.0,0.0
2000-06-13 00:00:00+09:00,-18.047492828837203,-18.047492828837203,-16.239126813923654,-17.685819625854492,646000,0.0,0.0,0.0
2000-06-14 00:00:00+09:00,-17.360312721946023,-17.830487858165394,-16.130623904141512,-16.311460494995117,387000,0.0,0.0,0.0
2000-06-15 00:00:00+09:00,-16.347629704968682,-16.81780489559831,-14.864769488367541,-15.73278522491455,330500,0.0,0.0,0.0
2000-06-16 00:00:00+09:00,-15.298775586214932,-16.456129767678,-15.22644094987349,-15.913619995117188,338000,0.0,0.0,0.0
2000-06-19 00:00:00+09:00,-14.864769425503043,-15.985956413801325,-14.864769425503043,-15.551948547363281,172500,0.0,0.0,0.0
2000-06-20 00:00:00+09:00,-16.275293176824395,-16.275293176824395,-15.407277540727094,-15.913619995117188,171000,0.0,0.0,0.0
2000-06-21 00:00:00+09:00,-15.624283549941588,-16.456131979683846,-14.575431182005694,-15.4796142578125,290500,0.0,0.0,0.0
2000-06-22 00:00:00+09:00,-15.26260913093135,-15.805118934163506,-14.64776468726824,-15.334943771362305,428500,0.0,0.0,0.0
2000-06-23 00:00:00+09:00,-15.190275259578929,-17.14331065009622,-14.828602039112765,-15.371111869812012,1047500,0.0,0.0,0.0
2000-06-26 00:00:00+09:00,-15.371111444952364,-15.624282692280993,-14.937103592389004,-15.262609481811523,241500,0.0,0.0,0.0
2000-06-27 00:00:00+09:00,-14.828602103299872,-15.588115869566451,-14.828602103299872,-15.551948547363281,369000,0.0,0.0,0.0
2000-06-28 00:00:00+09:00,-15.551948159865816,-16.853971726738305,-15.154107625543668,-16.022123336791992,693500,0.0,0.0,0.0
2000-06-29 00:00:00+09:00,-15.805119802785473,-16.202960347020348,-15.190275325331577,-15.551948547363281,306000,0.0,0.0,0.0
2000-06-30 00:00:00+09:00,-15.877451410908213,-17.3964786529541,-15.660447519187372,-17.3964786529541,488000,0.0,0.0,0.0
2000-07-03 00:00:00+09:00,-18.7346704252835,-19.168678234363426,-16.673133332153846,-16.781635284423828,1898500,0.0,0.0,0.0
2000-07-04 00:00:00+09:00,-17.36031185134185,-17.721985014911475,-16.528463575131724,-17.28797721862793,907000,0.0,0.0,0.0
2000-07-05 00:00:00+09:00,-17.28798040942611,-17.28798040942611,-15.226442996586593,-15.4796142578125,629500,0.0,0.0,0.0
2000-07-06 00:00:00+09:00,-15.226441038465037,-15.44344494875195,-14.683931262747755,-14.900935173034668,653000,0.0,0.0,0.0
2000-07-07 00:00:00+09:00,-14.828601629248164,-15.551948050187098,-14.828601629248164,-15.262609481811523,476500,0.0,0.0,0.0
2000-07-10 00:00:00+09:00,-14.900935951214437,-15.334943794453693,-14.828601310674562,-14.937103271484375,354500,0.0,0.0,0.0
2000-07-11 00:00:00+09:00,-14.937102758148571,-15.19027399133753,-14.286091015662677,-14.647764205932617,300500,0.0,0.0,0.0
2000-07-12 00:00:00+09:00,-14.647764633683598,-15.00943783451529,-14.394593393101411,-14.756266593933105,224500,0.0,0.0,0.0
2000-07-13 00:00:00+09:00,-14.864769267563773,-14.864769267563773,-14.322259440280423,-14.611598014831543,181500,0.0,0.0,0.0
2000-07-14 00:00:00+09:00,-14.430761405737094,-15.009438554839333,-14.430761405737094,-14.611598014831543,177500,0.0,0.0,0.0
2000-07-17 00:00:00+09:00,-14.611598014831543,-14.611598014831543,-14.611598014831543,-14.611598014831543,0,0.0,0.0,0.0
2000-07-18 00:00:00+09:00,-14.358426762099313,-15.190275163933782,-14.358426762099313,-14.611598014831543,262000,0.0,0.0,0.0
2000-07-19 00:00:00+09:00,-14.358426762099313,-15.190275163933782,-14.358426762099313,-14.611598014831543,262000,0.0,0.0,0.0
2000-07-20 00:00:00+09:00,-15.334942993608493,-15.551946903895406,-14.61159662598545,-14.900935173034668,306000,0.0,0.0,0.0
2000-07-21 00:00:00+09:00,-14.828600883483888,-15.551947268044078,-14.72009892579986,-14.828600883483887,306000,0.0,0.0,0.0
2000-07-24 00:00:00+09:00,-14.864769019901892,-16.528465795851982,-14.864769019901892,-15.443446159362793,2467000,0.0,0.0,0.0
2000-07-25 00:00:00+09:00,-16.166792853043813,-16.166792853043813,-14.466928727555983,-14.611598014831543,1072500,0.0,0.0,0.0
2000-07-26 00:00:00+09:00,-14.61159758912655,-15.009438117543361,-14.503095626831055,-14.503095626831055,784500,0.0,0.0,0.0
2000-07-27 00:00:00+09:00,-14.647765363965714,-16.02212359564645,-14.539263398306709,-15.190275192260742,1605000,0.0,0.0,0.0
2000-07-28 00:00:00+09:00,-15.479612650769822,-16.998640060424805,-15.226441415827324,-16.998640060424805,2391500,0.0,0.0,0.0
2000-07-31 00:00:00+09:00,-18.08365870258929,-18.08365870258929,-15.551946484226791,-16.3837947845459,2416000,0.0,0.0,0.0
2000-08-01 00:00:00+09:00,-16.636967931743676,-18.33683204650879,-16.275294715836203,-18.33683204650879,1214000,0.0,0.0,0.0
2000-08-02 00:00:00+09:00,-18.517667410714285,-20.50686996459961,-18.155994219098773,-18.987842559814453,2751000,0.0,0.0,0.0
2000-08-03 00:00:00+09:00,-18.44533472838506,-19.8920276482584,-18.083661498416724,-18.192163467407227,1596000,0.0,0.0,0.0
2000-08-04 00:00:00+09:00,-18.37299724183072,-18.409164559235897,-16.27529283233036,-16.3837947845459,833000,0.0,0.0,0.0
2000-08-07 00:00:00+09:00,-16.81780327647985,-17.938990161578506,-16.636966682109097,-17.830488204956055,982500,0.0,0.0,0.0
2000-08-08 00:00:00+09:00,-17.758152155388373,-18.91550626734851,-16.99863851941453,-17.32414436340332,935500,0.0,0.0,0.0
2000-08-09 00:00:00+09:00,-17.324144514520878,-18.51766595289079,-16.7093001371788,-16.89013671875,731000,0.0,0.0,0.0
2000-08-10 00:00:00+09:00,-17.721986445974796,-17.97515768091729,-16.45613027126231,-16.998640060424805,696500,0.0,0.0,0.0
2000-08-11 00:00:00+09:00,-17.179475407024004,-17.5049812568413,-16.275292490864846,-16.45612907409668,595500,0.0,0.0,0.0
2000-08-14 00:00:00+09:00,-16.8901382929373,-17.179476850418023,-16.31146117797585,-16.564632415771484,489500,0.0,0.0,0.0
2000-08-15 00:00:00+09:00,-16.564632415771484,-16.564632415771484,-16.564632415771484,-16.564632415771484,0,0.0,0.0,0.0
2000-08-16 00:00:00+09:00,-16.383794210851192,-18.51766586303711,-16.130622997879982,-18.51766586303711,1330000,0.0,0.0,0.0
2000-08-17 00:00:00+09:00,-18.155994609910614,-20.21753184649409,-17.107142331648845,-17.721986770629883,2525500,0.0,0.0,0.0
2000-08-18 00:00:00+09:00,-18.083658358335995,-18.770837375952762,-16.70930032310246,-17.25181007385254,956500,0.0,0.0,0.0
2000-08-21 00:00:00+09:00,-17.758152265227242,-19.31334686279297,-17.432646419225115,-19.31334686279297,1889500,0.0,0.0,0.0
2000-08-22 00:00:00+09:00,-19.530351271996132,-20.97704395881066,-18.15599321952233,-18.807004928588867,3637500,0.0,0.0,0.0
2000-08-23 00:00:00+09:00,-18.626169749124795,-19.421850786951488,-17.794321391396892,-18.119827270507812,906000,0.0,0.0,0.0
2000-08-24 00:00:00+09:00,-18.77083740922397,-19.096343260250972,-17.39647937155439,-18.0474910736084,1118500,0.0,0.0,0.0
2000-08-25 00:00:00+09:00,-17.9028235244751,-18.44533332824707,-17.83048888397217,-18.083660125732422,606500,0.0,0.0,0.0
2000-08-28 00:00:00+09:00,-18.0836608915618,-19.313349832188,-17.758154995513685,-19.096345901489258,1177500,0.0,0.0,0.0
2000-08-29 00:00:00+09:00,-18.987842720245645,-20.362200859996758,-18.662336845041434,-19.349515914916992,1291000,0.0,0.0,0.0
2000-08-30 00:00:00+09:00,-19.096342284649737,-20.362198307306443,-17.034805333465957,-17.432645797729492,1924500,0.0,0.0,0.0
2000-08-31 00:00:00+09:00,-17.902821213451784,-17.975155844617245,-16.52846322130801,-16.96247100830078,1165500,0.0,0.0,0.0
2000-09-01 00:00:00+09:00,-17.0709733003212,-17.504981096092077,-16.63696550455032,-16.89013671875,445000,0.0,0.0,0.0
2000-09-04 00:00:00+09:00,-16.926305421869806,-17.3241459339223,-16.745468825482305,-16.998640060424805,524000,0.0,0.0,0.0
2000-09-05 00:00:00+09:00,-17.251809325872685,-17.251809325872685,-16.492295707752504,-16.600797653198242,395500,0.0,0.0,0.0
2000-09-06 00:00:00+09:00,-16.311460668775773,-16.853970447116428,-16.058289438883463,-16.275293350219727,476500,0.0,0.0,0.0
2000-09-07 00:00:00+09:00,-15.913620087706928,-16.275293271518446,-14.864767854653516,-14.900935173034668,451500,0.0,0.0,0.0
2000-09-08 00:00:00+09:00,-14.973271016891186,-15.37111155115641,-14.611597803922798,-15.045605659484863,238500,0.0,0.0,0.0
2000-09-11 00:00:00+09:00,-15.045605659484863,-15.045605659484863,-15.045605659484863,-15.045605659484863,0,0.0,0.0,0.0
2000-09-12 00:00:00+09:00,-15.045605659484863,-15.045605659484863,-15.045605659484863,-15.045605659484863,0,0.0,0.0,0.0
2000-09-13 00:00:00+09:00,-15.045605659484863,-15.045605659484863,-15.045605659484863,-15.045605659484863,0,0.0,0.0,0.0
2000-09-14 00:00:00+09:00,-14.683932588811505,-14.683932588811505,-14.105255442454402,-14.430761337280273,310000,0.0,0.0,0.0
2000-09-15 00:00:00+09:00,-14.756266767523263,-16.094457626342773,-14.105254998367824,-16.094457626342773,456000,0.0,0.0,0.0
2000-09-18 00:00:00+09:00,-15.479612499734628,-16.636966705322266,-14.177589018448538,-16.636966705322266,379000,0.0,0.0,0.0
2000-09-19 00:00:00+09:00,-15.009437479623935,-15.40727799113204,-14.64776428734384,-14.828600883483887,646000,0.0,0.0,0.0
2000-09-20 00:00:00+09:00,-14.322258078936235,-15.190273720083885,-14.322258078936235,-14.900935173034668,266000,0.0,0.0,0.0
2000-09-21 00:00:00+09:00,-15.154106585979463,-15.154106585979463,-13.815915789604189,-14.466927528381348,233000,0.0,0.0,0.0
2000-09-22 00:00:00+09:00,-13.273405768654563,-14.177588722922584,-12.73089599609375,-12.73089599609375,253000,0.0,0.0,0.0
2000-09-25 00:00:00+09:00,-13.092567782931857,-13.381906297471787,-12.296886867947048,-13.020233154296875,245000,0.0,0.0,0.0
2000-09-26 00:00:00+09:00,-13.020233258809128,-13.707412236357387,-12.730894741946702,-13.201069831848145,259500,0.0,0.0,0.0
2000-09-27 00:00:00+09:00,-13.418075123811379,-14.68393126756717,-13.02023462148813,-14.105254173278809,390500,0.0,0.0,0.0
2000-09-28 00:00:00+09:00,-14.10525435493106,-14.213756311507451,-13.34574065889631,-13.671246528625488,276000,0.0,0.0,0.0
2000-09-29 00:00:00+09:00,-13.635078692999413,-14.249923090296468,-13.635078692999413,-13.77974796295166,302000,0.0,0.0,0.0
2000-10-02 00:00:00+09:00,-14.249923269372237,-14.249923269372237,-13.128736413152595,-13.74358081817627,201000,0.0,0.0,0.0
2000-10-03 00:00:00+09:00,-13.74358081817627,-13.74358081817627,-13.74358081817627,-13.74358081817627,0,0.0,0.0,0.0
2000-10-04 00:00:00+09:00,-13.671246182291132,-14.1775886334871,-13.381907638750578,-13.74358081817627,462000,0.0,0.0,0.0
2000-10-05 00:00:00+09:00,-13.92441724027906,-14.82860017795952,-13.74358065274297,-14.17758846282959,792000,0.0,0.0,0.0
2000-10-06 00:00:00+09:00,-13.779748307741604,-14.82860054113926,-13.779748307741604,-14.105254173278809,367500,0.0,0.0,0.0
2000-10-09 00:00:00+09:00,-14.141421576391293,-14.720098674146435,-14.105254257781597,-14.286090850830078,427000,0.0,0.0,0.0
2000-10-10 00:00:00+09:00,-14.322259440280423,-15.443446416666012,-14.141422831185974,-14.611598014831543,571500,0.0,0.0,0.0
2000-10-11 00:00:00+09:00,-14.683931177312676,-15.081771677190606,-13.237238450483842,-13.924417495727539,428500,0.0,0.0,0.0
2000-10-12 00:00:00+09:00,-14.105254340171815,-14.683931441307069,-13.562744557857515,-14.466927528381348,380000,0.0,0.0,0.0
2000-10-13 00:00:00+09:00,-14.466925843121253,-14.611595101552465,-12.767062056554506,-13.201069831848145,407000,0.0,0.0,0.0
2000-10-16 00:00:00+09:00,-13.201069831848143,-13.201069831848143,-13.201069831848143,-13.201069831848145,0,0.0,0.0,0.0
2000-10-17 00:00:00+09:00,-14.503093805205957,-15.985953770326764,-12.622393361638101,-12.875564575195312,2085000,0.0,0.0,0.0
2000-10-18 00:00:00+09:00,-14.17758932065724,-14.394593238830566,-13.38190828735505,-14.394593238830566,692500,0.0,0.0,0.0
2000-10-19 00:00:00+09:00,-16.094457626342773,-16.094457626342773,-16.094457626342773,-16.094457626342773,600000,0.0,0.0,0.0
2000-10-20 00:00:00+09:00,-18.011323928833008,-18.011323928833008,-17.68581807469747,-18.011323928833008,507500,0.0,0.0,0.0
2000-10-23 00:00:00+09:00,-19.711187414544394,-20.036693261757055,-16.27529236063299,-17.28797721862793,3898500,0.0,0.0,0.0
2000-10-24 00:00:00+09:00,-19.132511998114182,-19.349515914916992,-18.6261695255743,-19.349515914916992,334000,0.0,0.0,0.0
2000-10-25 00:00:00+09:00,-21.664222717285156,-21.664222717285156,-20.977043699541554,-21.664222717285156,451000,0.0,0.0,0.0
2000-10-26 00:00:00+09:00,-21.628058123232716,-24.232105255126953,-20.687707770048682,-24.232105255126953,3837500,0.0,0.0,0.0
2000-10-27 00:00:00+09:00,-24.232105255126953,-24.232105255126953,-24.232105255126953,-24.232105255126953,0,0.0,0.0,0.0
2000-10-30 00:00:00+09:00,-21.772724769831143,-22.20673257255203,-19.638853073120117,-19.638853073120117,1499500,0.0,0.0,0.0
2000-10-31 00:00:00+09:00,-18.44533332824707,-20.61537254333496,-17.360313720703125,-18.083660125732422,2217500,0.0,0.0,0.0
2000-11-01 00:00:00+09:00,-20.253698348999023,-20.253698348999023,-19.96435980115618,-20.253698348999023,344500,0.0,0.0,0.0
2000-11-02 00:00:00+09:00,-21.8812256908089,-22.423735418680195,-19.928190670472237,-21.04937744140625,2330500,0.0,0.0,0.0
2000-11-03 00:00:00+09:00,-20.000528210087825,-20.940878541846022,-19.02401055787739,-19.24101448059082,1418500,0.0,0.0,0.0
2000-11-06 00:00:00+09:00,-19.78352286008896,-20.145196038518375,-18.22832819284248,-19.132511138916016,1348000,0.0,0.0,0.0
2000-11-07 00:00:00+09:00,-19.53035038870734,-21.41105079650879,-19.349513811034125,-21.41105079650879,3396000,0.0,0.0,0.0
2000-11-08 00:00:00+09:00,-21.483389290735182,-21.70039322296483,-18.84317478194113,-19.458019256591797,2399000,0.0,0.0,0.0
2000-11-09 00:00:00+09:00,-19.711190510859723,-20.54303891774004,-19.1686806802856,-19.458019256591797,1017500,0.0,0.0,0.0
2000-11-10 00:00:00+09:00,-19.566517883757026,-21.77272415161133,-19.494183252024097,-21.772724151611328,2759500,0.0,0.0,0.0
2000-11-13 00:00:00+09:00,-21.700390902432527,-22.749243129383434,-19.168678630482066,-19.494184494018555,2354500,0.0,0.0,0.0
2000-11-14 00:00:00+09:00,-20.181363024610153,-20.76004010058464,-19.60268594863567,-20.398366928100586,1273500,0.0,0.0,0.0
2000-11-15 00:00:00+09:00,-21.483388426407522,-22.351404120403785,-19.892026320747707,-20.79620933532715,1749500,0.0,0.0,0.0
2000-11-16 00:00:00+09:00,-20.470702084628016,-20.904709902676668,-18.807005448774856,-19.892024993896484,1247000,0.0,0.0,0.0
2000-11-17 00:00:00+09:00,-19.49418483511375,-20.434535124006064,-19.385682878703097,-19.819690704345703,721500,0.0,0.0,0.0
2000-11-20 00:00:00+09:00,-19.5303534782654,-21.411054183579846,-19.5303534782654,-20.326034545898438,1190000,0.0,0.0,0.0
2000-11-21 00:00:00+09:00,-19.566520144488358,-20.57920510575578,-18.590002503266206,-20.07286262512207,586000,0.0,0.0,0.0
2000-11-22 00:00:00+09:00,-19.71118891110984,-21.519554866257533,-19.3495157200803,-20.181364059448242,676000,0.0,0.0,0.0
2000-11-23 00:00:00+09:00,-19.81969072656724,-19.81969072656724,-17.794320871297597,-18.626169204711914,484000,0.0,0.0,0.0
2000-11-24 00:00:00+09:00,-18.44533174585968,-18.915506868793358,-17.39647954854609,-18.409164428710938,344500,0.0,0.0,0.0
2000-11-27 00:00:00+09:00,-18.372998303129474,-19.060177373522112,-18.01132510818598,-18.951675415039062,566500,0.0,0.0,0.0
2000-11-28 00:00:00+09:00,-18.445331558196962,-18.73467009244319,-17.86665448970451,-18.0474910736084,311500,0.0,0.0,0.0
2000-11-29 00:00:00+09:00,-16.998639197098584,-18.01132408543637,-16.130623578523338,-17.179475784301758,323500,0.0,0.0,0.0
2000-11-30 00:00:00+09:00,-16.817803128560385,-17.251810951232912,-15.985954801771378,-16.275293350219727,223500,0.0,0.0,0.0
2000-12-01 00:00:00+09:00,-15.551947153866562,-15.913620343491367,-15.226441283204238,-15.841285705566406,241000,0.0,0.0,0.0
2000-12-04 00:00:00+09:00,-16.275293892676675,-16.99864028790675,-15.407278218400586,-15.768951416015625,239000,0.0,0.0,0.0
2000-12-05 00:00:00+09:00,-15.551946320722806,-16.709300465520784,-15.551946320722806,-16.41996192932129,463000,0.0,0.0,0.0
2000-12-06 00:00:00+09:00,-16.781636533181228,-16.890138493525072,-15.913620850430474,-16.130624771118164,445500,0.0,0.0,0.0
2000-12-07 00:00:00+09:00,-15.58811516476117,-16.275294255551106,-15.190274638514365,-15.696617126464844,178500,0.0,0.0,0.0
2000-12-08 00:00:00+09:00,-15.841287423532904,-15.841287423532904,-15.08177364295256,-15.29877758026123,241000,0.0,0.0,0.0
2000-12-11 00:00:00+09:00,-14.937103695594347,-15.588115478937441,-14.937103695594347,-15.045605659484863,221000,0.0,0.0,0.0
2000-12-12 00:00:00+09:00,-15.588113649429815,-16.81780242919922,-15.045603893649195,-16.81780242919922,556000,0.0,0.0,0.0
2000-12-13 00:00:00+09:00,-16.81780440543629,-18.807007077047036,-14.828601733825547,-16.022123336791992,1205500,0.0,0.0,0.0
2000-12-14 00:00:00+09:00,-17.6858202949647,-17.93899154663086,-16.998641183299405,-17.93899154663086,440500,0.0,0.0,0.0
2000-12-15 00:00:00+09:00,-18.590002503266206,-20.07286262512207,-18.590002503266206,-20.07286262512207,278000,0.0,0.0,0.0
2000-12-18 00:00:00+09:00,-21.230215224813907,-22.459904011259688,-19.20484545890321,-20.398366928100586,2392000,0.0,0.0,0.0
2000-12-19 00:00:00+09:00,-20.977045654683785,-22.821578979492188,-20.326033892986704,-22.821578979492188,3129500,0.0,0.0,0.0
2000-12-20 00:00:00+09:00,-22.785411429919787,-23.074749987760036,-20.10902976989746,-20.10902976989746,989000,0.0,0.0,0.0
2000-12-21 00:00:00+09:00,-19.530350908972444,-22.496070861816406,-18.44533141402953,-22.496070861816406,3009000,0.0,0.0,0.0
2000-12-22 00:00:00+09:00,-23.183251353075907,-23.97893236675402,-19.819690704345703,-19.819690704345703,1620000,0.0,0.0,0.0
2000-12-25 00:00:00+09:00,-19.819690704345703,-19.819690704345703,-19.819690704345703,-19.819690704345703,0,0.0,0.0,0.0
2000-12-26 00:00:00+09:00,-18.87934117126465,-20.14519738006592,-18.083660125732422,-18.083660125732422,670500,0.0,0.0,0.0
2000-12-27 00:00:00+09:00,-18.083660125732422,-18.083660125732422,-18.083660125732422,-18.083660125732422,0,0.0,0.0,0.0
2000-12-28 00:00:00+09:00,-18.083660125732422,-18.083660125732422,-18.083660125732422,-18.083660125732422,0,0.0,0.0,0.0
2000-12-29 00:00:00+09:00,-18.083660125732422,-18.083660125732422,-18.083660125732422,-18.083660125732422,0,0.0,0.0,0.0
2001-01-01 00:00:00+09:00,-18.083660125732422,-18.083660125732422,-18.083660125732422,-18.083660125732422,0,0.0,0.0,0.0
2001-01-02 00:00:00+09:00,-18.083659865015704,-20.253699048817587,-18.083659865015704,-20.10902976989746,440500,0.0,0.0,0.0
2001-01-03 00:00:00+09:00,-19.530351638793945,-20.79620776353059,-18.987841871049667,-19.530351638793945,470000,0.0,0.0,0.0
2001-01-04 00:00:00+09:00,-20.25369817560369,-21.33871772072532,-19.892024993896484,-19.892024993896484,758500,0.0,0.0,0.0
2001-01-05 00:00:00+09:00,-19.928191760870128,-19.928191760870128,-18.626168342737053,-18.807004928588867,544500,0.0,0.0,0.0
2001-01-08 00:00:00+09:00,-19.060175105878166,-21.049377441406246,-19.060175105878166,-21.04937744140625,1151000,0.0,0.0,0.0
2001-01-09 00:00:00+09:00,-21.483387704957952,-22.749243882859513,-20.434535443268086,-20.94087791442871,1916000,0.0,0.0,0.0
2001-01-10 00:00:00+09:00,-21.338717334675337,-22.098231002519714,-18.626168520945424,-19.168678283691406,1488500,0.0,0.0,0.0
2001-01-11 00:00:00+09:00,-19.71118840304288,-20.434534766457297,-19.277180584994227,-19.892024993896484,656000,0.0,0.0,0.0
2001-01-12 00:00:00+09:00,-20.28986617880808,-21.157881844211634,-20.253698859416264,-20.54303741455078,790500,0.0,0.0,0.0
2001-01-15 00:00:00+09:00,-20.25369903187693,-21.483387901669456,-20.10902975307781,-20.50687026977539,1341000,0.0,0.0,0.0
2001-01-16 00:00:00+09:00,-20.940876871035904,-21.70039053993358,-19.747355391339557,-20.760040283203125,921000,0.0,0.0,0.0
2001-01-17 00:00:00+09:00,-20.977045635568018,-23.219419479370117,-20.977045635568018,-23.219419479370117,1961500,0.0,0.0,0.0
2001-01-18 00:00:00+09:00,-23.906597965785434,-26.004302477155413,-23.870430646623884,-25.317123413085938,1339000,0.0,0.0,0.0
2001-01-19 00:00:00+09:00,-24.05126452445984,-25.31712055206299,-22.27906608581543,-22.27906608581543,1255000,0.0,0.0,0.0
2001-01-22 00:00:00+09:00,-22.85774456205822,-23.725760178338913,-21.7003904070173,-22.785409927368164,1098000,0.0,0.0,0.0
2001-01-23 00:00:00+09:00,-22.785409927368164,-22.785409927368164,-22.785409927368164,-22.785409927368164,0,0.0,0.0,0.0
2001-01-24 00:00:00+09:00,-22.785409927368164,-22.785409927368164,-22.785409927368164,-22.785409927368164,0,0.0,0.0,0.0
2001-01-25 00:00:00+09:00,-22.785409927368164,-22.785409927368164,-22.785409927368164,-22.785409927368164,0,0.0,0.0,0.0
2001-01-26 00:00:00+09:00,-24.232103559705944,-24.232103559705944,-21.664223928752033,-21.80889320373535,678500,0.0,0.0,0.0
2001-01-29 00:00:00+09:00,-22.062065124511715,-22.966248121417934,-21.555722646244234,-22.06206512451172,820500,0.0,0.0,0.0
2001-01-30 00:00:00+09:00,-22.062064965565998,-23.68959434827169,-21.70039176940918,-21.70039176940918,1102500,0.0,0.0,0.0
2001-01-31 00:00:00+09:00,-21.881227663862028,-23.219418446610614,-21.881227663862028,-22.242900848388672,1018000,0.0,0.0,0.0
2001-02-01 00:00:00+09:00,-22.640741963719215,-24.883115768432617,-22.604574644288352,-24.883115768432617,577000,0.0,0.0,0.0
2001-02-02 00:00:00+09:00,-27.848836748223555,-27.848836748223555,-23.68959489621614,-24.738447189331055,3853500,0.0,0.0,0.0
2001-02-05 00:00:00+09:00,-23.50875739951669,-27.704166412353516,-22.532239784459843,-27.704166412353516,2821000,0.0,0.0,0.0
2001-02-06 00:00:00+09:00,-27.70416320594581,-28.355174873970647,-25.751128201871303,-26.763813018798828,1435000,0.0,0.0,0.0
2001-02-07 00:00:00+09:00,-26.582979583740233,-28.789186052594864,-24.66611166817801,-25.317123413085938,1751000,0.0,0.0,0.0
2001-02-08 00:00:00+09:00,-25.67879660470145,-26.40214298793248,-24.919282902308872,-25.317123413085938,692000,0.0,0.0,0.0
2001-02-09 00:00:00+09:00,-26.040469427793727,-26.836150438087422,-25.67879624129659,-26.185138702392578,819000,0.0,0.0,0.0
2001-02-12 00:00:00+09:00,-24.84694826398577,-26.076637115478515,-24.84694826398577,-25.317123413085938,602000,0.0,0.0,0.0
2001-02-13 00:00:00+09:00,-25.787296175956726,-27.812665861585867,-25.353288386179052,-26.619144439697266,1070000,0.0,0.0,0.0
2001-02-14 00:00:00+09:00,-27.125488084670895,-27.125488084670895,-25.570293434483094,-25.9681339263916,546500,0.0,0.0,0.0
2001-02-15 00:00:00+09:00,-26.221304282772756,-27.197821821579463,-25.67879453899125,-26.148969650268555,640000,0.0,0.0,0.0
2001-02-16 00:00:00+09:00,-26.040471213979707,-26.510646388676562,-25.42562675476074,-25.425626754760742,477000,0.0,0.0,0.0
2001-02-19 00:00:00+09:00,-25.38945770263672,-26.221306031925383,-24.95544987866002,-25.38945770263672,378500,0.0,0.0,0.0
2001-02-20 00:00:00+09:00,-25.497957059411757,-26.11280141403587,-25.244785854566533,-25.53412437438965,544000,0.0,0.0,0.0
2001-02-21 00:00:00+09:00,-25.67879538682178,-27.48716125913317,-25.244787577467044,-25.9681339263916,738500,0.0,0.0,0.0
2001-02-22 00:00:00+09:00,-25.823467237299138,-26.040471163662996,-23.21942012093284,-23.870431900024414,469500,0.0,0.0,0.0
2001-02-23 00:00:00+09:00,-23.18325148178981,-23.870430542872505,-22.09823191165924,-22.56840705871582,348500,0.0,0.0,0.0
2001-02-26 00:00:00+09:00,-22.785409927368164,-23.436421639578683,-22.56840602329799,-22.785409927368164,236500,0.0,0.0,0.0
2001-02-27 00:00:00+09:00,-22.78540974278604,-23.147082913306456,-21.7003902312248,-22.423736572265625,349000,0.0,0.0,0.0
2001-02-28 00:00:00+09:00,-21.73655924562548,-22.423738323274204,-21.628057285996732,-22.06206512451172,119500,0.0,0.0,0.0
2001-03-01 00:00:00+09:00,-22.062065124511715,-22.062065124511715,-22.062065124511715,-22.06206512451172,0,0.0,0.0,0.0
2001-03-02 00:00:00+09:00,-21.700390902432527,-22.1705660386519,-19.928192312067203,-20.289865493774414,175500,0.0,0.0,0.0
2001-03-05 00:00:00+09:00,-19.24101311993447,-22.713075637817383,-19.24101311993447,-22.713075637817383,660000,0.0,0.0,0.0
2001-03-06 00:00:00+09:00,-22.857746161789187,-22.857746161789187,-21.70039192574923,-22.06206512451172,350000,0.0,0.0,0.0
2001-03-07 00:00:00+09:00,-22.24290172389296,-23.147084720799178,-21.73655924562548,-22.06206512451172,300500,0.0,0.0,0.0
2001-03-08 00:00:00+09:00,-22.42373657226563,-22.857744376890125,-21.736557548276842,-22.423736572265625,347500,0.0,0.0,0.0
2001-03-09 00:00:00+09:00,-22.062063747824467,-23.364087182122304,-22.062063747824467,-22.749242782592773,345000,0.0,0.0,0.0
2001-03-12 00:00:00+09:00,-22.423735097676765,-22.749240929739813,-21.411050286813943,-21.51955223083496,294500,0.0,0.0,0.0
2001-03-13 00:00:00+09:00,-20.615371357310902,-20.832375266335227,-19.530351812189274,-19.892024993896484,213000,0.0,0.0,0.0
2001-03-14 00:00:00+09:00,-19.892024993896484,-19.892024993896484,-19.892024993896484,-19.892024993896484,0,0.0,0.0,0.0
2001-03-15 00:00:00+09:00,-19.711190728185887,-20.579206466674805,-19.349517503815502,-20.579206466674805,101000,0.0,0.0,0.0
2001-03-16 00:00:00+09:00,-20.25369867785224,-21.628056802420783,-20.25369867785224,-20.9770450592041,199500,0.0,0.0,0.0
2001-03-19 00:00:00+09:00,-21.700392322735574,-21.700392322735574,-20.977045911977722,-21.194049835205078,173000,0.0,0.0,0.0
2001-03-20 00:00:00+09:00,-21.664223584261805,-22.676908493041992,-21.230215766213156,-21.881227493286133,370500,0.0,0.0,0.0
2001-03-21 00:00:00+09:00,-21.555721629749645,-22.24290067499334,-20.97704453901811,-21.085546493530273,230000,0.0,0.0,0.0
2001-03-22 00:00:00+09:00,-20.79620933532715,-22.062065555738364,-20.506870770661727,-20.79620933532715,172500,0.0,0.0,0.0
2001-03-23 00:00:00+09:00,-20.9770450592041,-21.085547016406885,-20.470702592257798,-20.9770450592041,95500,0.0,0.0,0.0
2001-03-26 00:00:00+09:00,-20.977043495046228,-21.483385924236998,-20.651537647709304,-20.904708862304688,158500,0.0,0.0,0.0
2001-03-27 00:00:00+09:00,-20.904709902676668,-21.157881129871715,-20.615371357310902,-20.687705993652344,78500,0.0,0.0,0.0
2001-03-28 00:00:00+09:00,-20.615372937271903,-21.04938078858289,-20.326034369731243,-20.362201690673828,117500,0.0,0.0,0.0
2001-03-29 00:00:00+09:00,-20.4345349414008,-20.796208126204355,-20.000527119636534,-20.253698348999023,95500,0.0,0.0,0.0
2001-03-30 00:00:00+09:00,-20.253699580325357,-20.506870825079424,-18.48150086704689,-20.00052833557129,84000,0.0,0.0,0.0
2001-04-02 00:00:00+09:00,-20.000527828111558,-20.21753174668058,-19.4218507119275,-19.71118927001953,78000,0.0,0.0,0.0
2001-04-03 00:00:00+09:00,-19.385682003314678,-19.385682003314678,-18.300662488203784,-18.807004928588867,172500,0.0,0.0,0.0
2001-04-04 00:00:00+09:00,-18.264496344646425,-19.855858402397796,-18.08365974717468,-18.951675415039062,189000,0.0,0.0,0.0
2001-04-05 00:00:00+09:00,-18.951675415039062,-18.951675415039062,-18.951675415039062,-18.951675415039062,0,0.0,0.0,0.0
2001-04-06 00:00:00+09:00,-20.796208862864642,-20.796208862864642,-19.675021950258028,-19.71118927001953,162000,0.0,0.0,0.0
2001-04-09 00:00:00+09:00,-19.168679155622208,-19.349515751429966,-18.734671325683593,-18.987842559814453,140000,0.0,0.0,0.0
2001-04-10 00:00:00+09:00,-19.132510783122136,-19.1686781002925,-18.626168342737053,-18.807004928588867,59500,0.0,0.0,0.0
2001-04-11 00:00:00+09:00,-18.98784186388995,-19.132511135233873,-18.66233600336612,-18.734670639038086,66500,0.0,0.0,0.0
2001-04-12 00:00:00+09:00,-18.192162856911168,-20.289867520332336,-18.192162856911168,-19.096345901489258,161000,0.0,0.0,0.0
2001-04-13 00:00:00+09:00,-19.53035003546293,-19.71118660986537,-18.987840312255628,-19.0601749420166,128500,0.0,0.0,0.0
2001-04-16 00:00:00+09:00,-19.20484647478376,-19.711188943045478,-18.91550792149135,-18.987842559814453,101000,0.0,0.0,0.0
2001-04-17 00:00:00+09:00,-19.277180413846615,-19.67502091019242,-18.843172599651194,-19.530351638793945,115000,0.0,0.0,0.0
2001-04-18 00:00:00+09:00,-19.530352824443096,-20.253699225348395,-19.4218508643073,-20.07286262512207,210000,0.0,0.0,0.0
2001-04-19 00:00:00+09:00,-20.615371530402562,-22.459904772596477,-20.43453493803061,-20.651538848876953,621500,0.0,0.0,0.0
2001-04-20 00:00:00+09:00,-20.977044722204433,-20.977044722204433,-19.711188575174855,-19.855857849121094,193500,0.0,0.0,0.0
2001-04-23 00:00:00+09:00,-19.85585749944051,-19.85585749944051,-19.060176506748906,-19.530351638793945,386500,0.0,0.0,0.0
2001-04-24 00:00:00+09:00,-19.53035267121201,-20.434535665249605,-19.060177514312464,-19.71118927001953,282000,0.0,0.0,0.0
2001-04-25 00:00:00+09:00,-20.181362826521227,-20.434534044775077,-19.530351122439896,-19.638853073120117,280000,0.0,0.0,0.0
2001-04-26 00:00:00+09:00,-20.181362826521227,-20.434534044775077,-19.530351122439896,-19.638853073120117,280000,0.0,0.0,0.0
2001-04-27 00:00:00+09:00,-19.60268627449318,-20.434534585034406,-19.494184320944324,-19.530351638793945,126500,0.0,0.0,0.0
2001-04-30 00:00:00+09:00,-19.530351982742058,-20.145196397013567,-19.530351982742058,-19.855857849121094,202500,0.0,0.0,0.0
2001-05-01 00:00:00+09:00,-19.855857849121094,-19.855857849121094,-19.855857849121094,-19.855857849121094,0,0.0,0.0,0.0
2001-05-02 00:00:00+09:00,-19.89202654880026,-20.14519779578499,-19.638855301815532,-19.9643611907959,229000,0.0,0.0,0.0
2001-05-03 00:00:00+09:00,-20.072861584750086,-20.904709902676668,-19.819690357555043,-20.687705993652344,501000,0.0,0.0,0.0
2001-05-04 00:00:00+09:00,-20.109029241193802,-20.904710254334564,-20.109029241193802,-20.615371704101562,244500,0.0,0.0,0.0
2001-05-07 00:00:00+09:00,-20.6515390038688,-21.881227841227012,-20.10902922268135,-21.80889320373535,500000,0.0,0.0,0.0
2001-05-08 00:00:00+09:00,-22.025897495487193,-22.025897495487193,-20.904710595060095,-20.94087791442871,473500,0.0,0.0,0.0
2001-05-09 00:00:00+09:00,-20.977043495046228,-21.23021470964161,-20.109027902147762,-20.904708862304688,241000,0.0,0.0,0.0
2001-05-10 00:00:00+09:00,-20.615372937271903,-20.86854418386998,-20.362201690673828,-20.362201690673828,141500,0.0,0.0,0.0
2001-05-11 00:00:00+09:00,-20.36220030444009,-20.68770617076329,-20.181363712038312,-20.253698348999023,134000,0.0,0.0,0.0
2001-05-14 00:00:00+09:00,-20.072863822759583,-20.61537365580714,-20.072863822759583,-20.217533111572266,226000,0.0,0.0,0.0
2001-05-15 00:00:00+09:00,-20.434532589382595,-22.640738762749564,-20.36219796074761,-21.157878875732422,1400500,0.0,0.0,0.0
2001-05-16 00:00:00+09:00,-20.97704418860246,-21.157880776435242,-20.253697837271343,-20.760040283203125,347500,0.0,0.0,0.0
2001-05-17 00:00:00+09:00,-21.013209618462454,-21.519552018907333,-20.723871103922523,-21.157878875732422,556500,0.0,0.0,0.0
2001-05-18 00:00:00+09:00,-21.121714655558268,-21.917395687103273,-20.832376098632814,-21.70039176940918,594000,0.0,0.0,0.0
2001-05-21 00:00:00+09:00,-22.24290067499334,-22.24290067499334,-21.33871772072532,-21.483386993408203,360000,0.0,0.0,0.0
2001-05-22 00:00:00+09:00,-21.48338752615041,-21.70039144055597,-20.687706506663357,-20.9770450592041,245000,0.0,0.0,0.0
2001-05-23 00:00:00+09:00,-20.362201339586644,-20.97704578500933,-20.362201339586644,-20.43453598022461,209500,0.0,0.0,0.0
2001-05-24 00:00:00+09:00,-20.39836815058436,-20.54303742824808,-20.000527637009135,-20.14519691467285,199500,0.0,0.0,0.0
2001-05-25 00:00:00+09:00,-20.253699870217744,-20.760042366973188,-20.000528621840022,-20.723875045776367,233000,0.0,0.0,0.0
2001-05-28 00:00:00+09:00,-20.615371704101562,-20.79620829799719,-20.398367791426807,-20.615371704101562,176000,0.0,0.0,0.0
2001-05-29 00:00:00+09:00,-20.615372581819518,-20.76004186309544,-20.2536993786297,-20.43453598022461,156000,0.0,0.0,0.0
2001-05-30 00:00:00+09:00,-20.506869060237232,-21.447219316967686,-20.506869060237232,-20.760040283203125,338500,0.0,0.0,0.0
2001-05-31 00:00:00+09:00,-20.68770527753589,-20.68770527753589,-19.92819162224174,-20.036693572998047,163000,0.0,0.0,0.0
2001-06-01 00:00:00+09:00,-20.289866545393657,-20.398368505529454,-20.036695305076805,-20.07286262512207,138000,0.0,0.0,0.0
2001-06-04 00:00:00+09:00,-19.92819162224174,-20.36219942526697,-19.747355037647896,-20.036693572998047,129000,0.0,0.0,0.0
2001-06-05 00:00:00+09:00,-20.253699204946997,-21.917395925353357,-20.036695284893995,-20.470703125,519500,0.0,0.0,0.0
2001-06-06 00:00:00+09:00,-20.470703125,-20.470703125,-20.470703125,-20.470703125,0,0.0,0.0,0.0
2001-06-07 00:00:00+09:00,-20.470702259881154,-20.57920421532222,-19.89202516419547,-20.253698348999023,102500,0.0,0.0,0.0
2001-06-08 00:00:00+09:00,-20.217530857432973,-20.687705993652344,-20.072861584750086,-20.289865493774414,98500,0.0,0.0,0.0
2001-06-11 00:00:00+09:00,-20.109029431665622,-20.21753138903072,-19.71118892132691,-19.783523559570312,135000,0.0,0.0,0.0
2001-06-12 00:00:00+09:00,-19.78352303938432,-20.036694266579367,-19.675021084872157,-19.892024993896484,71000,0.0,0.0,0.0
2001-06-13 00:00:00+09:00,-19.892024993896484,-20.036694266579367,-19.71118840304288,-19.892024993896484,78500,0.0,0.0,0.0
2001-06-14 00:00:00+09:00,-19.892025692558985,-19.964360331441018,-19.530352498148822,-19.747356414794922,56000,0.0,0.0,0.0
2001-06-15 00:00:00+09:00,-19.747357264808986,-20.14519779578499,-19.530353338822074,-19.9643611907959,111500,0.0,0.0,0.0
2001-06-18 00:00:00+09:00,-19.964361333337965,-20.90471168599519,-19.747357405801683,-20.326034545898438,298000,0.0,0.0,0.0
2001-06-19 00:00:00+09:00,-20.2536993786297,-20.615372581819518,-20.109030097353774,-20.43453598022461,164000,0.0,0.0,0.0
2001-06-20 00:00:00+09:00,-20.434534766457297,-20.687705993652344,-19.892024993896484,-20.289865493774414,178000,0.0,0.0,0.0
2001-06-21 00:00:00+09:00,-20.10903024424677,-21.26638450290846,-20.072862923663596,-20.79620933532715,395000,0.0,0.0,0.0
2001-06-22 00:00:00+09:00,-20.977045233797327,-21.12171451127179,-20.506870082005317,-20.94087791442871,218000,0.0,0.0,0.0
2001-06-25 00:00:00+09:00,-21.085545985542947,-23.147083071608037,-19.89202451466316,-21.591888427734375,1245000,0.0,0.0,0.0
2001-06-26 00:00:00+09:00,-21.591888947920364,-22.496071902188387,-20.289865493774414,-20.289865493774414,1090500,0.0,0.0,0.0
2001-06-27 00:00:00+09:00,-20.362200307932923,-20.57920421885228,-19.638853938201734,-19.855857849121094,179000,0.0,0.0,0.0
2001-06-28 00:00:00+09:00,-19.56651964484011,-20.07286211254392,-19.56651964484011,-19.783523559570312,175000,0.0,0.0,0.0
2001-06-29 00:00:00+09:00,-19.711188747935054,-20.10902925477411,-19.711188747935054,-19.819690704345703,153500,0.0,0.0,0.0
2001-07-02 00:00:00+09:00,-20.072861584750086,-20.25369817560369,-19.892024993896484,-19.892024993896484,143000,0.0,0.0,0.0
2001-07-03 00:00:00+09:00,-19.964359456527905,-20.000526774383935,-19.711188231535704,-19.928192138671875,106000,0.0,0.0,0.0
2001-07-04 00:00:00+09:00,-19.96435997955991,-20.072861935970558,-19.711188747935054,-19.819690704345703,99500,0.0,0.0,0.0
2001-07-05 00:00:00+09:00,-19.711188575174855,-20.181363715500126,-19.675021256688296,-19.855857849121094,62000,0.0,0.0,0.0
2001-07-06 00:00:00+09:00,-19.747357922931048,-20.61537365580714,-19.63885595632154,-20.217533111572266,184500,0.0,0.0,0.0
2001-07-09 00:00:00+09:00,-20.18136353926225,-20.18136353926225,-18.770838130604137,-19.892024993896484,167000,0.0,0.0,0.0
2001-07-10 00:00:00+09:00,-20.07286122898518,-20.10902854651488,-19.530351466039633,-19.566518783569336,107000,0.0,0.0,0.0
2001-07-11 00:00:00+09:00,-19.16867898737343,-19.16867898737343,-18.083659422050403,-18.626169204711914,125500,0.0,0.0,0.0
2001-07-12 00:00:00+09:00,-18.807006660212483,-19.494185749720245,-18.807006660212483,-18.84317398071289,119000,0.0,0.0,0.0
2001-07-13 00:00:00+09:00,-19.13251095118485,-19.13251095118485,-18.300662648959424,-18.372997283935547,66500,0.0,0.0,0.0
2001-07-16 00:00:00+09:00,-18.37299922582369,-18.55383583237707,-17.97515869140625,-17.97515869140625,177000,0.0,0.0,0.0
2001-07-17 00:00:00+09:00,-17.97515869140625,-17.97515869140625,-17.97515869140625,-17.97515869140625,0,0.0,0.0,0.0
2001-07-18 00:00:00+09:00,-18.083659085360438,-18.228328358043324,-17.070974176580254,-17.107141494750977,220000,0.0,0.0,0.0
2001-07-19 00:00:00+09:00,-16.817802949385207,-17.504981994628906,-16.636966358531605,-17.107141494750977,20000,0.0,0.0,0.0
2001-07-20 00:00:00+09:00,-17.179475599719634,-17.251810233823715,-16.636965843939013,-16.81780242919922,68500,0.0,0.0,0.0
2001-07-23 00:00:00+09:00,-16.347629943919802,-17.07097640161537,-15.009438997183004,-15.29877758026123,78000,0.0,0.0,0.0
2001-07-24 00:00:00+09:00,-15.009438582829066,-15.407279123578752,-14.647765363965714,-15.190275192260742,72000,0.0,0.0,0.0
2001-07-25 00:00:00+09:00,-15.190275325331577,-15.732785158379132,-15.009438714315724,-15.551948547363281,40500,0.0,0.0,0.0
2001-07-26 00:00:00+09:00,-15.262608521529765,-15.877452940643524,-15.262608521529765,-15.660449028015137,47500,0.0,0.0,0.0
2001-07-27 00:00:00+09:00,-15.660448436442326,-17.32414503708054,-15.660448436442326,-16.3837947845459,73500,0.0,0.0,0.0
2001-07-30 00:00:00+09:00,-16.383793958977087,-17.43264611087628,-16.383793958977087,-16.96247100830078,36000,0.0,0.0,0.0
2001-07-31 00:00:00+09:00,-16.456129258678807,-17.143308282667594,-16.456129258678807,-16.81780242919922,33000,0.0,0.0,0.0
2001-08-01 00:00:00+09:00,-16.817803464037304,-17.3603132531998,-16.817803464037304,-16.998640060424805,33000,0.0,0.0,0.0
2001-08-02 00:00:00+09:00,-17.17947476123326,-17.50498059881452,-16.998638184799226,-17.3964786529541,35500,0.0,0.0,0.0
2001-08-03 00:00:00+09:00,-18.04749124595918,-18.73467027135642,-17.938989294580665,-18.011323928833008,132500,0.0,0.0,0.0
2001-08-06 00:00:00+09:00,-17.794320539994672,-18.372997630726207,-17.360312721946023,-17.902822494506836,35000,0.0,0.0,0.0
2001-08-07 00:00:00+09:00,-17.360311167863397,-17.902820891859125,-17.360311167863397,-17.432645797729492,20500,0.0,0.0,0.0
2001-08-08 00:00:00+09:00,-17.541149312799625,-18.264495676214043,-17.396480040116742,-17.902822494506836,55500,0.0,0.0,0.0
2001-08-09 00:00:00+09:00,-17.504983514367453,-18.083660655338278,-17.468816193056778,-17.97515869140625,19000,0.0,0.0,0.0
2001-08-10 00:00:00+09:00,-17.61348344044513,-18.228327831590033,-17.61348344044513,-18.011323928833008,33000,0.0,0.0,0.0
2001-08-13 00:00:00+09:00,-18.26449668270418,-19.530352888436152,-18.011325441557783,-18.87934112548828,171000,0.0,0.0,0.0
2001-08-14 00:00:00+09:00,-18.734671925232472,-20.796209183414426,-18.734671925232472,-20.43453598022461,293500,0.0,0.0,0.0
2001-08-15 00:00:00+09:00,-20.43453598022461,-20.43453598022461,-20.43453598022461,-20.43453598022461,0,0.0,0.0,0.0
2001-08-16 00:00:00+09:00,-20.25369887292064,-20.39836815058436,-19.602687123433906,-20.14519691467285,119000,0.0,0.0,0.0
2001-08-17 00:00:00+09:00,-19.783522354566664,-20.21753015759189,-19.747355037647896,-20.036693572998047,113000,0.0,0.0,0.0
2001-08-20 00:00:00+09:00,-19.71118891110984,-20.868543122404365,-19.566519634698025,-20.181364059448242,129000,0.0,0.0,0.0
2001-08-21 00:00:00+09:00,-20.07286245016743,-20.6153722461179,-19.71118925286712,-20.10902976989746,72000,0.0,0.0,0.0
2001-08-22 00:00:00+09:00,-19.71118770690693,-20.25369746030804,-19.530351122439896,-19.638853073120117,68000,0.0,0.0,0.0
2001-08-23 00:00:00+09:00,-20.072861584750086,-20.072861584750086,-19.638853766701438,-19.892024993896484,77500,0.0,0.0,0.0
2001-08-24 00:00:00+09:00,-20.07286107286494,-20.434534245348992,-19.8196898521261,-20.398366928100586,90000,0.0,0.0,0.0
2001-08-27 00:00:00+09:00,-20.61537168512297,-22.06206443495616,-20.47070241013965,-21.80889320373535,358000,0.0,0.0,0.0
2001-08-28 00:00:00+09:00,-21.953561800718308,-24.41293939948082,-21.700390577316284,-23.147083282470703,519000,0.0,0.0,0.0
2001-08-29 00:00:00+09:00,-23.327920978352175,-23.327920978352175,-20.977045220843817,-21.33871841430664,188500,0.0,0.0,0.0
2001-08-30 00:00:00+09:00,-20.977044860839843,-22.78541079711914,-19.56651943054199,-22.60457420349121,167500,0.0,0.0,0.0
2001-08-31 00:00:00+09:00,-19.89202307051971,-22.06206195094004,-19.89202307051971,-21.51955223083496,130000,0.0,0.0,0.0
2001-09-03 00:00:00+09:00,-22.06206285219621,-22.604572594463328,-21.157879948417676,-21.736557006835938,83000,0.0,0.0,0.0
2001-09-04 00:00:00+09:00,-21.700390219101177,-22.025896072387695,-21.194047780655485,-22.025896072387695,93000,0.0,0.0,0.0
2001-09-05 00:00:00+09:00,-22.24290132522583,-24.195936563538343,-22.24290132522583,-23.72576141357422,527000,0.0,0.0,0.0
2001-09-06 00:00:00+09:00,-23.76192993684248,-24.232105110630844,-23.183252799872193,-23.870431900024414,183000,0.0,0.0,0.0
2001-09-07 00:00:00+09:00,-23.8704307023869,-24.412940491077514,-23.14708431746609,-23.32792091369629,149500,0.0,0.0,0.0
2001-09-10 00:00:00+09:00,-23.327920220114965,-24.66611099243164,-23.183250947432082,-24.26827049255371,295500,0.0,0.0,0.0
2001-09-11 00:00:00+09:00,-24.593778467890044,-25.642630784903,-23.508758829600776,-24.232105255126953,349500,0.0,0.0,0.0
2001-09-12 00:00:00+09:00,-21.33871841430664,-21.33871841430664,-21.33871841430664,-21.33871841430664,45500,0.0,0.0,0.0
2001-09-13 00:00:00+09:00,-20.977043388715757,-22.568405300963157,-19.964358535467408,-22.134397506713867,219000,0.0,0.0,0.0
2001-09-14 00:00:00+09:00,-22.423736868415872,-22.423736868415872,-19.49418414850993,-19.566518783569336,264000,0.0,0.0,0.0
2001-09-17 00:00:00+09:00,-19.60268566043622,-19.60268566043622,-17.25181007385254,-17.25181007385254,271000,0.0,0.0,0.0
2001-09-18 00:00:00+09:00,-18.083658111229372,-19.31334686279297,-18.083658111229372,-19.31334686279297,111500,0.0,0.0,0.0
2001-09-19 00:00:00+09:00,-19.349514727896832,-20.61537083159102,-19.313347410648426,-20.398366928100586,139000,0.0,0.0,0.0
2001-09-20 00:00:00+09:00,-19.89202532851905,-20.79620829799719,-19.89202532851905,-20.615371704101562,82500,0.0,0.0,0.0
2001-09-21 00:00:00+09:00,-20.07286208251427,-20.9770450592041,-19.71118889183834,-20.9770450592041,118000,0.0,0.0,0.0
2001-09-24 00:00:00+09:00,-20.9770450592041,-20.9770450592041,-20.9770450592041,-20.9770450592041,0,0.0,0.0,0.0
2001-09-25 00:00:00+09:00,-22.42373657226563,-22.82157705983808,-21.338717060704386,-22.423736572265625,191500,0.0,0.0,0.0
2001-09-26 00:00:00+09:00,-22.821578282634107,-23.870430533341537,-22.242901178795524,-22.96624755859375,221500,0.0,0.0,0.0
2001-09-27 00:00:00+09:00,-23.870429813582014,-23.870429813582014,-22.423737097607347,-23.110916137695312,398000,0.0,0.0,0.0
2001-09-28 00:00:00+09:00,-23.110916137695316,-23.110916137695316,-23.110916137695316,-23.110916137695312,0,0.0,0.0,0.0
2001-10-01 00:00:00+09:00,-23.110916137695316,-23.110916137695316,-23.110916137695316,-23.110916137695312,0,0.0,0.0,0.0
2001-10-02 00:00:00+09:00,-23.110916137695316,-23.110916137695316,-23.110916137695316,-23.110916137695312,0,0.0,0.0,0.0
2001-10-03 00:00:00+09:00,-23.110916137695316,-23.110916137695316,-23.110916137695316,-23.110916137695312,0,0.0,0.0,0.0
2001-10-04 00:00:00+09:00,-23.32792091369629,-24.15976925635523,-22.78541112500568,-23.32792091369629,414500,0.0,0.0,0.0
2001-10-05 00:00:00+09:00,-23.147082766329703,-23.400253984086433,-22.966246182217752,-23.255584716796875,151500,0.0,0.0,0.0
2001-10-08 00:00:00+09:00,-22.71307661543921,-24.485275268554688,-22.49607269873119,-24.485275268554688,332500,0.0,0.0,0.0
2001-10-09 00:00:00+09:00,-24.883115066002155,-26.221305847167965,-24.485274563493398,-26.22130584716797,345500,0.0,0.0,0.0
2001-10-10 00:00:00+09:00,-26.944651009233308,-27.487160761097066,-26.076635406251295,-27.270156860351562,237500,0.0,0.0,0.0
2001-10-11 00:00:00+09:00,-27.270158708758643,-29.476365182544157,-27.270158708758643,-29.259361267089844,375500,0.0,0.0,0.0
2001-10-12 00:00:00+09:00,-29.657201259951048,-29.693368578560747,-28.282843152782586,-28.572181701660156,341500,0.0,0.0,0.0
2001-10-15 00:00:00+09:00,-28.029671003078594,-28.391344177311865,-25.172452926635742,-25.172452926635742,779000,0.0,0.0,0.0
2001-10-16 00:00:00+09:00,-24.593778467890044,-25.31712489341622,-23.364089544495542,-24.232105255126953,638500,0.0,0.0,0.0
2001-10-17 00:00:00+09:00,-24.412940290873635,-25.100119350913044,-24.051267101379214,-24.15976905822754,497000,0.0,0.0,0.0
2001-10-18 00:00:00+09:00,-24.30443693462171,-25.063950588828636,-24.051265716552734,-24.051265716552734,362000,0.0,0.0,0.0
2001-10-19 00:00:00+09:00,-23.798095174655792,-24.412939578864226,-22.062063915714337,-22.713075637817383,368000,0.0,0.0,0.0
2001-10-22 00:00:00+09:00,-23.36408819913161,-24.955450243654507,-23.36408819913161,-24.521442413330078,540000,0.0,0.0,0.0
2001-10-23 00:00:00+09:00,-25.678797030667646,-25.678797030667646,-23.255586606646894,-23.653427124023438,358500,0.0,0.0,0.0
2001-10-24 00:00:00+09:00,-23.65342572927475,-24.015098905563356,-23.002414011955263,-23.147083282470703,162500,0.0,0.0,0.0
2001-10-25 00:00:00+09:00,-22.96624721744196,-23.147083809705286,-21.953562300767356,-22.242900848388672,198500,0.0,0.0,0.0
2001-10-26 00:00:00+09:00,-21.917394647016213,-23.110916137695316,-21.917394647016213,-23.110916137695312,275000,0.0,0.0,0.0
2001-10-29 00:00:00+09:00,-21.013212333138537,-23.68959393839198,-21.013212333138537,-22.96624755859375,418000,0.0,0.0,0.0
2001-10-30 00:00:00+09:00,-23.32792040196861,-23.32792040196861,-21.881227663862028,-22.242900848388672,186000,0.0,0.0,0.0
2001-10-31 00:00:00+09:00,-22.24290172389296,-22.60457492265545,-21.70039192574923,-22.06206512451172,102000,0.0,0.0,0.0
2001-11-01 00:00:00+09:00,-22.242901196876513,-22.749243663146874,-21.808893368644775,-22.17056655883789,164000,0.0,0.0,0.0
2001-11-02 00:00:00+09:00,-22.242900329886133,-22.85774472924884,-21.881227153790423,-22.351402282714844,145000,0.0,0.0,0.0
2001-11-05 00:00:00+09:00,-22.45990475910466,-22.78541062517864,-22.206733529936006,-22.242900848388672,223000,0.0,0.0,0.0
2001-11-06 00:00:00+09:00,-22.134398893030678,-22.676908669820644,-22.134398893030678,-22.242900848388672,143000,0.0,0.0,0.0
2001-11-07 00:00:00+09:00,-22.24290172389296,-22.5684076027792,-22.062065124511715,-22.06206512451172,106000,0.0,0.0,0.0
2001-11-08 00:00:00+09:00,-21.374885378785393,-22.098231753701988,-21.374885378785393,-21.80889320373535,185000,0.0,0.0,0.0
2001-11-09 00:00:00+09:00,-21.80889320373535,-21.80889320373535,-21.80889320373535,-21.80889320373535,0,0.0,0.0,0.0
2001-11-12 00:00:00+09:00,-22.06206285219621,-22.242899432951916,-21.48338579377795,-21.736557006835938,123500,0.0,0.0,0.0
2001-11-13 00:00:00+09:00,-21.48338769169177,-21.700391607769465,-21.266383775614077,-21.33871841430664,118000,0.0,0.0,0.0
2001-11-14 00:00:00+09:00,-21.338719117356646,-21.700392322735574,-21.049380553053506,-21.194049835205078,161500,0.0,0.0,0.0
2001-11-15 00:00:00+09:00,-21.049380936547724,-21.51955611210635,-20.398369155005014,-20.723875045776367,121500,0.0,0.0,0.0
2001-11-16 00:00:00+09:00,-20.434537044791288,-20.72387562241665,-19.89202721174373,-20.217533111572266,195000,0.0,0.0,0.0
2001-11-19 00:00:00+09:00,-20.10902890292081,-20.615371357310902,-20.10902890292081,-20.289865493774414,114500,0.0,0.0,0.0
2001-11-20 00:00:00+09:00,-20.79620640372245,-21.48338539793241,-20.434533248875102,-21.01321029663086,183500,0.0,0.0,0.0
2001-11-21 00:00:00+09:00,-21.013214335919265,-21.013214335919265,-20.543039144237767,-20.579206466674805,80000,0.0,0.0,0.0
2001-11-22 00:00:00+09:00,-20.289866698948682,-20.796209183414426,-20.2536993786297,-20.43453598022461,105000,0.0,0.0,0.0
2001-11-23 00:00:00+09:00,-21.338719356123548,-21.338719356123548,-20.326034369731243,-20.362201690673828,113500,0.0,0.0,0.0
2001-11-26 00:00:00+09:00,-20.36220030444009,-20.615371533802577,-19.89202516419547,-20.253698348999023,166500,0.0,0.0,0.0
2001-11-27 00:00:00+09:00,-20.434535293168917,-20.434535293168917,-19.89202550662461,-20.181364059448242,133500,0.0,0.0,0.0
2001-11-28 00:00:00+09:00,-20.000527828111558,-20.072862467634568,-19.53035267121201,-19.71118927001953,115000,0.0,0.0,0.0
2001-11-29 00:00:00+09:00,-19.711190510859723,-19.711190510859723,-18.807007459902852,-19.458019256591797,54000,0.0,0.0,0.0
2001-11-30 00:00:00+09:00,-19.458019119320493,-19.602688406452987,-19.02401125792301,-19.096345901489258,99000,0.0,0.0,0.0
2001-12-03 00:00:00+09:00,-18.62616953958992,-19.313348609982555,-18.48150026161252,-18.951675415039062,107500,0.0,0.0,0.0
2001-12-04 00:00:00+09:00,-18.951674721457742,-20.10902890292081,-18.44533226706765,-19.892024993896484,266000,0.0,0.0,0.0
2001-12-05 00:00:00+09:00,-19.892024634019382,-19.928191951535783,-18.807005108527417,-19.168678283691406,167500,0.0,0.0,0.0
2001-12-06 00:00:00+09:00,-19.349515574060014,-19.7111887623602,-18.915507748099788,-19.024009704589844,117500,0.0,0.0,0.0
2001-12-07 00:00:00+09:00,-18.4814990740556,-19.313347368973954,-18.4814990740556,-18.807004928588867,95000,0.0,0.0,0.0
2001-12-10 00:00:00+09:00,-18.517667923850574,-19.060177726307135,-18.517667923850574,-18.87934112548828,104000,0.0,0.0,0.0
2001-12-11 00:00:00+09:00,-18.626170718308654,-19.675023050019234,-18.626170718308654,-19.096345901489258,91500,0.0,0.0,0.0
2001-12-12 00:00:00+09:00,-19.168678283691406,-19.458016823822597,-19.096343648658607,-19.168678283691406,82000,0.0,0.0,0.0
2001-12-13 00:00:00+09:00,-19.27718041028778,-19.638853588717197,-18.807005278329544,-19.132511138916016,37000,0.0,0.0,0.0
2001-12-14 00:00:00+09:00,-18.843173283168248,-19.168679155622208,-18.807005964006695,-18.987842559814453,55500,0.0,0.0,0.0
2001-12-17 00:00:00+09:00,-18.879341970790517,-19.349517153971124,-18.879341970790517,-19.096345901489258,51000,0.0,0.0,0.0
2001-12-18 00:00:00+09:00,-19.16867846029776,-19.530351638793945,-18.95167455320005,-19.530351638793945,165000,0.0,0.0,0.0
2001-12-19 00:00:00+09:00,-19.3495157200803,-21.157881675227994,-19.3495157200803,-20.181364059448242,444000,0.0,0.0,0.0
2001-12-20 00:00:00+09:00,-20.181364585257864,-20.181364585257864,-19.49418550439783,-20.07286262512207,114500,0.0,0.0,0.0
2001-12-21 00:00:00+09:00,-19.71118804643739,-20.07286122160138,-18.987841696109413,-19.168678283691406,98500,0.0,0.0,0.0
2001-12-24 00:00:00+09:00,-18.626168342737053,-18.987841514440685,-18.445331756885235,-18.807004928588867,112000,0.0,0.0,0.0
2001-12-25 00:00:00+09:00,-18.807004928588867,-18.807004928588867,-18.807004928588867,-18.807004928588867,0,0.0,0.0,0.0
2001-12-26 00:00:00+09:00,-18.590001712473786,-19.16867880858192,-18.590001712473786,-18.662336349487305,87500,0.0,0.0,0.0
2001-12-27 00:00:00+09:00,-18.66233668736049,-19.132511836460658,-18.517667410714285,-18.987842559814453,39500,0.0,0.0,0.0
2001-12-28 00:00:00+09:00,-18.807005274710047,-19.096343817397894,-18.626168685530143,-18.734670639038086,64000,0.0,0.0,0.0
2001-12-31 00:00:00+09:00,-18.734670639038086,-18.734670639038086,-18.734670639038086,-18.734670639038086,0,0.0,0.0,0.0
2002-01-01 00:00:00+09:00,-18.734670639038086,-18.734670639038086,-18.734670639038086,-18.734670639038086,0,0.0,0.0,0.0
2002-01-02 00:00:00+09:00,-18.987840312255628,-19.458015405701957,-18.770836422972707,-19.0601749420166,79500,0.0,0.0,0.0
2002-01-03 00:00:00+09:00,-19.0601749420166,-19.0601749420166,-19.0601749420166,-19.0601749420166,0,0.0,0.0,0.0
2002-01-04 00:00:00+09:00,-19.204845417462863,-19.675020540677586,-18.807004928588867,-18.807004928588867,91500,0.0,0.0,0.0
2002-01-07 00:00:00+09:00,-18.987842559814453,-19.277181113106863,-18.807005964006695,-18.987842559814453,70500,0.0,0.0,0.0
2002-01-08 00:00:00+09:00,-19.096344342249882,-19.16867897990992,-18.87934042926977,-19.024009704589844,109000,0.0,0.0,0.0
2002-01-09 00:00:00+09:00,-19.024010583214935,-19.024010583214935,-18.62617005771044,-18.84317398071289,67500,0.0,0.0,0.0
2002-01-10 00:00:00+09:00,-18.69850472468956,-18.87934132744284,-18.264496878081676,-18.44533348083496,74500,0.0,0.0,0.0
2002-01-11 00:00:00+09:00,-18.37299640245172,-18.626167612721723,-18.15599250793457,-18.15599250793457,78500,0.0,0.0,0.0
2002-01-14 00:00:00+09:00,-18.155994766235352,-18.409166007995605,-17.866656204223634,-18.083660125732422,64000,0.0,0.0,0.0
2002-01-15 00:00:00+09:00,-17.902822835104804,-18.336830661410374,-17.83048819738721,-18.228328704833984,34000,0.0,0.0,0.0
2002-01-16 00:00:00+09:00,-18.083659429398793,-18.300663342551577,-17.721986240810818,-18.228328704833984,55500,0.0,0.0,0.0
2002-01-17 00:00:00+09:00,-17.794320878528413,-18.445332617986768,-17.613484284234424,-18.228328704833984,53500,0.0,0.0,0.0
2002-01-18 00:00:00+09:00,-18.22832871257171,-18.22832871257171,-17.758153567207756,-17.830488204956055,32000,0.0,0.0,0.0
2002-01-21 00:00:00+09:00,-17.902823370330186,-18.083659970030492,-17.721986770629883,-17.721986770629883,41500,0.0,0.0,0.0
2002-01-22 00:00:00+09:00,-17.721985207229363,-17.902821790976603,-17.577315940231575,-17.64965057373047,28000,0.0,0.0,0.0
2002-01-23 00:00:00+09:00,-17.57731749086964,-17.866656050390127,-17.396480891169332,-17.721986770629883,23000,0.0,0.0,0.0
2002-01-24 00:00:00+09:00,-17.72198607956154,-17.902822672210124,-17.360312894264364,-17.468814849853516,38500,0.0,0.0,0.0
2002-01-25 00:00:00+09:00,-17.432647185964683,-17.64965109284391,-17.287977914711863,-17.541149139404297,64000,0.0,0.0,0.0
2002-01-28 00:00:00+09:00,-17.721987069821825,-18.44533348083496,-17.685819749271168,-18.44533348083496,104500,0.0,0.0,0.0
2002-01-29 00:00:00+09:00,-18.445332421939135,-20.651538848876953,-18.445332421939135,-20.651538848876953,1086500,0.0,0.0,0.0
2002-01-30 00:00:00+09:00,-21.08554512514479,-23.110914811265044,-20.977043177674062,-21.3748836517334,754000,0.0,0.0,0.0
2002-01-31 00:00:00+09:00,-21.3748836517334,-21.3748836517334,-21.3748836517334,-21.3748836517334,0,0.0,0.0,0.0
2002-02-01 00:00:00+09:00,-19.566518776371794,-19.78352268147019,-18.987841696109413,-19.168678283691406,288500,0.0,0.0,0.0
2002-02-04 00:00:00+09:00,-19.349514686144317,-19.638853223507223,-18.445331756885235,-18.807004928588867,213000,0.0,0.0,0.0
2002-02-05 00:00:00+09:00,-18.807005108527417,-19.494184141338994,-18.626168520945424,-19.168678283691406,238500,0.0,0.0,0.0
2002-02-06 00:00:00+09:00,-19.1686781002925,-19.711187857847946,-18.662335659907416,-18.807004928588867,102500,0.0,0.0,0.0
2002-02-07 00:00:00+09:00,-17.613483789512475,-20.97704434890603,-17.613483789512475,-19.132511138916016,440500,0.0,0.0,0.0
2002-02-08 00:00:00+09:00,-19.096344517299105,-19.096344517299105,-18.155994219098773,-18.987842559814453,102000,0.0,0.0,0.0
2002-02-11 00:00:00+09:00,-18.987842559814453,-18.987842559814453,-18.987842559814453,-18.987842559814453,0,0.0,0.0,0.0
2002-02-12 00:00:00+09:00,-18.987842559814453,-18.987842559814453,-18.987842559814453,-18.987842559814453,0,0.0,0.0,0.0
2002-02-13 00:00:00+09:00,-18.987842559814453,-18.987842559814453,-18.987842559814453,-18.987842559814453,0,0.0,0.0,0.0
2002-02-14 00:00:00+09:00,-18.734671867057067,-18.95167578829711,-18.445333305403675,-18.48150062561035,110500,0.0,0.0,0.0
2002-02-15 00:00:00+09:00,-18.626168331603402,-18.807004917347125,-18.228327842967214,-18.409164428710938,53000,0.0,0.0,0.0
2002-02-18 00:00:00+09:00,-18.08365959137794,-18.98784257094684,-18.08365959137794,-18.590002059936523,98500,0.0,0.0,0.0
2002-02-19 00:00:00+09:00,-18.44533123075962,-18.915506340563297,-18.44533123075962,-18.51766586303711,22500,0.0,0.0,0.0
2002-02-20 00:00:00+09:00,-18.517666553887796,-18.843172411280356,-18.08365874403105,-18.372997283935547,43500,0.0,0.0,0.0
2002-02-21 00:00:00+09:00,-19.13251095118485,-19.13251095118485,-17.90282215659074,-18.372997283935547,79500,0.0,0.0,0.0
2002-02-22 00:00:00+09:00,-18.48149994469076,-18.48149994469076,-17.721986248333604,-17.830488204956055,39500,0.0,0.0,0.0
2002-02-25 00:00:00+09:00,-17.75815424346924,-18.44533332824707,-17.721986923217774,-18.083660125732422,72000,0.0,0.0,0.0
2002-02-26 00:00:00+09:00,-18.155993379007175,-18.553833871375858,-17.975156791566864,-18.372997283935547,66000,0.0,0.0,0.0
2002-02-27 00:00:00+09:00,-18.37299571583865,-18.58999960224619,-17.975155257424817,-18.300661087036133,45000,0.0,0.0,0.0
2002-02-28 00:00:00+09:00,-18.300664763296805,-18.300664763296805,-17.902824224964267,-17.93899154663086,57000,0.0,0.0,0.0
2002-03-01 00:00:00+09:00,-17.93899154663086,-17.93899154663086,-17.93899154663086,-17.93899154663086,0,0.0,0.0,0.0
2002-03-04 00:00:00+09:00,-18.083660125732422,-18.264496726989748,-18.01132548522949,-18.083660125732422,61500,0.0,0.0,0.0
2002-03-05 00:00:00+09:00,-18.08366079537356,-18.662337940825513,-18.04749347378281,-18.33683204650879,114000,0.0,0.0,0.0
2002-03-06 00:00:00+09:00,-18.15599321952233,-18.915506880099958,-18.15599321952233,-18.807004928588867,89500,0.0,0.0,0.0
2002-03-07 00:00:00+09:00,-18.879339562929594,-19.349514686144317,-18.73467029424814,-18.807004928588867,102000,0.0,0.0,0.0
2002-03-08 00:00:00+09:00,-18.807005278329544,-19.132511138916016,-18.336830146371305,-19.132511138916016,85000,0.0,0.0,0.0
2002-03-11 00:00:00+09:00,-19.132511998114182,-19.855858387456877,-18.879340761844244,-19.349515914916992,142500,0.0,0.0,0.0
2002-03-12 00:00:00+09:00,-19.349515045973664,-19.711188224403077,-18.915507231858367,-19.132511138916016,82000,0.0,0.0,0.0
2002-03-13 00:00:00+09:00,-19.132511138916016,-19.313347728130722,-18.626168689114834,-19.132511138916016,94500,0.0,0.0,0.0
2002-03-14 00:00:00+09:00,-18.91550636291504,-19.168677576185413,-18.69850246582615,-18.91550636291504,56000,0.0,0.0,0.0
2002-03-15 00:00:00+09:00,-18.662335659907416,-19.1686781002925,-18.626168342737053,-18.807004928588867,101500,0.0,0.0,0.0
2002-03-18 00:00:00+09:00,-18.879339068123464,-19.385681495237886,-18.807004435678547,-19.31334686279297,217500,0.0,0.0,0.0
2002-03-19 00:00:00+09:00,-19.168677597903134,-19.53035076012772,-19.096342965458216,-19.31334686279297,150000,0.0,0.0,0.0
2002-03-20 00:00:00+09:00,-19.67502072892099,-19.67502072892099,-19.096343648658607,-19.168678283691406,70000,0.0,0.0,0.0
2002-03-21 00:00:00+09:00,-19.16867776838521,-19.349514351105825,-18.770837286399857,-19.277179718017578,163000,0.0,0.0,0.0
2002-03-22 00:00:00+09:00,-19.53035163518837,-19.53035163518837,-19.024009185387193,-19.132511138916016,186500,0.0,0.0,0.0
2002-03-25 00:00:00+09:00,-19.16867776838521,-19.566518250370564,-19.16867776838521,-19.277179718017578,145000,0.0,0.0,0.0
2002-03-26 00:00:00+09:00,-19.385683392165998,-19.892025868827048,-19.277181432881484,-19.71118927001953,255000,0.0,0.0,0.0
2002-03-27 00:00:00+09:00,-19.747356652431797,-22.062065124511715,-19.747356652431797,-22.06206512451172,536500,0.0,0.0,0.0
2002-03-28 00:00:00+09:00,-22.206735058745522,-23.43642397079332,-20.217532406903498,-20.362201690673828,564500,0.0,0.0,0.0
2002-03-29 00:00:00+09:00,-20.94087684969805,-20.94087684969805,-19.38568219592082,-19.566518783569336,180500,0.0,0.0,0.0
2002-04-01 00:00:00+09:00,-19.602688406452987,-19.675023050019234,-18.80700732722427,-19.096345901489258,262000,0.0,0.0,0.0
2002-04-02 00:00:00+09:00,-18.807004435678547,-19.85585660612985,-18.626167854566255,-19.31334686279297,145000,0.0,0.0,0.0
2002-04-03 00:00:00+09:00,-18.807005448774856,-19.494184494018555,-18.807005448774856,-19.494184494018555,109000,0.0,0.0,0.0
2002-04-04 00:00:00+09:00,-18.987841871049667,-19.711188228042037,-18.987841871049667,-19.530351638793945,102500,0.0,0.0,0.0
2002-04-05 00:00:00+09:00,-19.530351638793945,-19.530351638793945,-19.530351638793945,-19.530351638793945,0,0.0,0.0,0.0
2002-04-08 00:00:00+09:00,-19.530352140727796,-21.33871807968407,-19.349515546832166,-20.615371704101562,623500,0.0,0.0,0.0
2002-04-09 00:00:00+09:00,-20.326031916281757,-20.94087629809099,-19.458016318433426,-19.675020217895508,96500,0.0,0.0,0.0
2002-04-10 00:00:00+09:00,-19.530351451366624,-19.530351451366624,-18.4453319262907,-18.770837783813477,94500,0.0,0.0,0.0
2002-04-11 00:00:00+09:00,-18.481499414186217,-18.91550722821799,-18.409164778514256,-18.734670639038086,100000,0.0,0.0,0.0
2002-04-12 00:00:00+09:00,-18.44533348083496,-18.87934132744284,-18.33683151918299,-18.44533348083496,103500,0.0,0.0,0.0
2002-04-15 00:00:00+09:00,-18.626168685530143,-18.843172592546026,-18.300662825006313,-18.734670639038086,61500,0.0,0.0,0.0
2002-04-16 00:00:00+09:00,-18.73467116124422,-18.80700579893242,-18.445332610491413,-18.626169204711914,177500,0.0,0.0,0.0
2002-04-17 00:00:00+09:00,-18.80700579893242,-19.24101362506163,-18.590001885867814,-18.626169204711914,120500,0.0,0.0,0.0
2002-04-18 00:00:00+09:00,-18.987840312255628,-19.168676886658062,-18.698501793211733,-19.0601749420166,41500,0.0,0.0,0.0
2002-04-19 00:00:00+09:00,-18.807006507470415,-18.879341147883764,-18.48150062561035,-18.48150062561035,83000,0.0,0.0,0.0
2002-04-22 00:00:00+09:00,-18.44533174585968,-18.698502965900893,-17.79432003718228,-18.409164428710938,99500,0.0,0.0,0.0
2002-04-23 00:00:00+09:00,-17.758153398091256,-18.047491946328996,-17.360312894264364,-17.468814849853516,148500,0.0,0.0,0.0
2002-04-24 00:00:00+09:00,-17.685819625854492,-19.168679758083602,-17.541150344661407,-17.685819625854492,488000,0.0,0.0,0.0
2002-04-25 00:00:00+09:00,-17.758153398091256,-18.047491946328996,-17.251810938675213,-17.468814849853516,62000,0.0,0.0,0.0
2002-04-26 00:00:00+09:00,-17.57731505746169,-17.83048626199303,-17.324143852930348,-17.432645797729492,107500,0.0,0.0,0.0
2002-04-29 00:00:00+09:00,-16.709300290621243,-17.43264662354857,-16.45612907409668,-16.45612907409668,74500,0.0,0.0,0.0
2002-04-30 00:00:00+09:00,-16.817803772128357,-16.817803772128357,-15.949788093566895,-15.949788093566895,47500,0.0,0.0,0.0
2002-05-01 00:00:00+09:00,-15.949788093566895,-15.949788093566895,-15.949788093566895,-15.949788093566895,0,0.0,0.0,0.0
2002-05-02 00:00:00+09:00,-16.27529351607613,-16.636966705322266,-15.98595496467922,-16.636966705322266,26500,0.0,0.0,0.0
2002-05-03 00:00:00+09:00,-16.27529215238809,-17.287976997425574,-16.27529215238809,-16.52846336364746,19000,0.0,0.0,0.0
2002-05-06 00:00:00+09:00,-16.02212228360383,-16.636966705322266,-16.02212228360383,-16.636966705322266,62000,0.0,0.0,0.0
2002-05-07 00:00:00+09:00,-17.14330831780491,-18.11982588021152,-16.63696587803852,-18.011323928833008,166000,0.0,0.0,0.0
2002-05-08 00:00:00+09:00,-17.758152155388373,-18.119825315375916,-17.179475099408304,-17.32414436340332,66500,0.0,0.0,0.0
2002-05-09 00:00:00+09:00,-17.468813426459015,-17.504980742041745,-16.92630369271805,-16.96247100830078,34000,0.0,0.0,0.0
2002-05-10 00:00:00+09:00,-16.962470458024494,-17.10713971566223,-16.636964628339587,-16.673131942749023,31500,0.0,0.0,0.0
2002-05-13 00:00:00+09:00,-16.3476269740364,-16.89013671875,-16.275292341407923,-16.89013671875,64500,0.0,0.0,0.0
2002-05-14 00:00:00+09:00,-16.89013723669381,-16.89013723669381,-16.311460157920575,-16.781635284423828,36000,0.0,0.0,0.0
2002-05-15 00:00:00+09:00,-16.7093006575735,-18.77083775168971,-16.7093006575735,-17.179475784301758,633500,0.0,0.0,0.0
2002-05-16 00:00:00+09:00,-17.179475953203042,-17.649651084553863,-16.673133504056004,-16.745468139648438,93500,0.0,0.0,0.0
2002-05-17 00:00:00+09:00,-16.745467795095138,-16.998639014459428,-16.636965843939013,-16.81780242919922,43500,0.0,0.0,0.0
2002-05-20 00:00:00+09:00,-16.636964628339587,-17.179474344481097,-16.636964628339587,-16.673131942749023,92500,0.0,0.0,0.0
2002-05-21 00:00:00+09:00,-16.673132283495402,-16.853968859238304,-16.564630338049664,-16.600797653198242,52000,0.0,0.0,0.0
2002-05-22 00:00:00+09:00,-16.49229691507492,-16.781635457444654,-16.27529300829762,-16.745468139648438,85500,0.0,0.0,0.0
2002-05-23 00:00:00+09:00,-16.383793762306762,-16.890136174386882,-16.27529181686102,-16.600797653198242,58000,0.0,0.0,0.0
2002-05-24 00:00:00+09:00,-16.347626784176484,-16.781634574906832,-16.347626784176484,-16.52846336364746,48500,0.0,0.0,0.0
2002-05-27 00:00:00+09:00,-16.383796011920467,-16.63696725272277,-16.09445745100355,-16.130624771118164,60500,0.0,0.0,0.0
2002-05-28 00:00:00+09:00,-16.419962449507278,-16.419962449507278,-15.913619995117188,-15.913619995117188,34500,0.0,0.0,0.0
2002-05-29 00:00:00+09:00,-14.720099005641707,-15.913620546639683,-14.720099005641707,-15.009437561035156,79000,0.0,0.0,0.0
2002-05-30 00:00:00+09:00,-15.190274335335994,-15.334943614720148,-14.539262578107309,-14.973270416259766,66000,0.0,0.0,0.0
2002-05-31 00:00:00+09:00,-15.045605904715401,-15.805119664328437,-14.90093661717006,-15.190275192260742,90000,0.0,0.0,0.0
2002-06-03 00:00:00+09:00,-15.08177364295256,-15.660450809109014,-14.756267736989555,-15.29877758026123,37500,0.0,0.0,0.0
2002-06-04 00:00:00+09:00,-15.117940229801075,-15.190274872048928,-14.683932376313964,-14.864768981933594,71000,0.0,0.0,0.0
2002-06-05 00:00:00+09:00,-14.503095010431803,-14.937102841167917,-14.503095010431803,-14.828600883483887,21000,0.0,0.0,0.0
2002-06-06 00:00:00+09:00,-14.828600883483888,-14.828600883483888,-14.828600883483888,-14.828600883483887,0,0.0,0.0,0.0
2002-06-07 00:00:00+09:00,-14.647764633683598,-15.1179397947648,-14.105254832436056,-14.756266593933105,49500,0.0,0.0,0.0
2002-06-10 00:00:00+09:00,-15.190274797636885,-15.190274797636885,-14.683932304382322,-14.683932304382324,15000,0.0,0.0,0.0
2002-06-11 00:00:00+09:00,-14.720098760128023,-15.11793926715851,-14.46692752838135,-14.466927528381348,11500,0.0,0.0,0.0
2002-06-12 00:00:00+09:00,-15.009437479623935,-15.009437479623935,-14.213756456607726,-14.828600883483887,18500,0.0,0.0,0.0
2002-06-13 00:00:00+09:00,-14.828600883483888,-14.828600883483888,-14.828600883483888,-14.828600883483887,0,0.0,0.0,0.0
2002-06-14 00:00:00+09:00,-14.683931933382532,-15.551947614173617,-14.683931933382532,-15.154107093811035,30500,0.0,0.0,0.0
2002-06-17 00:00:00+09:00,-15.443445394125328,-15.443445394125328,-14.720099005641707,-15.009437561035156,10000,0.0,0.0,0.0
2002-06-18 00:00:00+09:00,-15.009438997183004,-15.443446871800344,-14.86476970564389,-15.29877758026123,16500,0.0,0.0,0.0
2002-06-19 00:00:00+09:00,-15.081772199883517,-15.551947352397871,-14.50309508909662,-15.009437561035156,6000,0.0,0.0,0.0
2002-06-20 00:00:00+09:00,-14.792433990404625,-15.081772552564129,-14.466928107975182,-14.937103271484375,7000,0.0,0.0,0.0
2002-06-21 00:00:00+09:00,-14.105254498923697,-15.154106756535974,-14.105254498923697,-14.828600883483887,3000,0.0,0.0,0.0
2002-06-24 00:00:00+09:00,-14.322258752935074,-14.756266593933105,-14.213756792685565,-14.756266593933105,1000,0.0,0.0,0.0
2002-06-25 00:00:00+09:00,-14.720098317720428,-14.79243295318834,-13.815915374371507,-14.35842514038086,8500,0.0,0.0,0.0
2002-06-26 00:00:00+09:00,-14.105253804028864,-14.466926978491143,-12.65856110617975,-12.9840669631958,36000,0.0,0.0,0.0
2002-06-27 00:00:00+09:00,-13.960583326551648,-13.960583326551648,-12.405388810899522,-13.020233154296875,11500,0.0,0.0,0.0
2002-06-28 00:00:00+09:00,-13.381907638750578,-13.924417407889116,-12.767063233726903,-13.74358081817627,32500,0.0,0.0,0.0
2002-07-01 00:00:00+09:00,-13.74358081817627,-13.74358081817627,-13.74358081817627,-13.74358081817627,0,0.0,0.0,0.0
2002-07-02 00:00:00+09:00,-13.345739633084623,-13.562743529557544,-13.020233788375242,-13.490408897399902,7000,0.0,0.0,0.0
2002-07-03 00:00:00+09:00,-13.45424201640677,-13.924417140636038,-13.345740064661554,-13.59891128540039,33500,0.0,0.0,0.0
2002-07-04 00:00:00+09:00,-13.598911113384863,-13.779747697339449,-13.38190721263936,-13.635078430175781,28500,0.0,0.0,0.0
2002-07-05 00:00:00+09:00,-13.743580904873934,-14.069086768410422,-13.56274431402033,-13.924417495727539,27500,0.0,0.0,0.0
2002-07-08 00:00:00+09:00,-13.779748727347105,-14.430760478245393,-13.779748727347105,-14.213756561279297,21000,0.0,0.0,0.0
2002-07-09 00:00:00+09:00,-13.96058524515211,-14.28609111874374,-13.454242775120687,-14.032919883728027,21500,0.0,0.0,0.0
2002-07-10 00:00:00+09:00,-14.39459263194691,-14.39459263194691,-13.924417495727539,-13.924417495727539,22500,0.0,0.0,0.0
2002-07-11 00:00:00+09:00,-13.924417150729079,-14.35842495802453,-13.309572757060522,-13.99675178527832,19500,0.0,0.0,0.0
2002-07-12 00:00:00+09:00,-13.924417150729079,-14.069086419827562,-13.454242026159006,-13.99675178527832,25000,0.0,0.0,0.0
2002-07-15 00:00:00+09:00,-13.996751875293498,-14.286090415351245,-13.09256893761304,-14.17758846282959,25000,0.0,0.0,0.0
2002-07-16 00:00:00+09:00,-14.032919801557656,-14.069087120633835,-13.852083206176758,-13.852083206176758,5500,0.0,0.0,0.0
2002-07-17 00:00:00+09:00,-13.852083206176758,-13.852083206176758,-13.852083206176758,-13.852083206176758,0,0.0,0.0,0.0
2002-07-18 00:00:00+09:00,-14.286091035090912,-14.286091035090912,-13.852083206176758,-13.852083206176758,12000,0.0,0.0,0.0
2002-07-19 00:00:00+09:00,-13.743580109951644,-13.888249374266923,-13.490408897399902,-13.490408897399902,17000,0.0,0.0,0.0
2002-07-22 00:00:00+09:00,-12.694727325439452,-13.20106972588433,-12.694727325439452,-13.020233154296875,26000,0.0,0.0,0.0
2002-07-23 00:00:00+09:00,-12.87556485281479,-13.45424192485141,-12.513891682791902,-13.418074607849121,13000,0.0,0.0,0.0
2002-07-24 00:00:00+09:00,-12.984066871599962,-13.30957272631974,-12.658561016880187,-12.803230285644531,8000,0.0,0.0,0.0
2002-07-25 00:00:00+09:00,-13.34574031829834,-13.381907636234107,-12.984067138940661,-13.34574031829834,5500,0.0,0.0,0.0
2002-07-26 00:00:00+09:00,-13.454242615472701,-13.671246528625487,-12.73089623829675,-13.671246528625488,6500,0.0,0.0,0.0
2002-07-29 00:00:00+09:00,-13.74358081817627,-13.815915454061408,-13.381907638750578,-13.74358081817627,2500,0.0,0.0,0.0
2002-07-30 00:00:00+09:00,-12.658561197916667,-13.635078776041667,-12.658561197916667,-13.562744140625,18500,0.0,0.0,0.0
2002-07-31 00:00:00+09:00,-13.418075126205084,-13.924417583797727,-13.418075126205084,-13.707413673400879,2000,0.0,0.0,0.0
2002-08-01 00:00:00+09:00,-13.671245731291224,-13.671245731291224,-13.164903296798956,-13.237237930297852,5500,0.0,0.0,0.0
2002-08-02 00:00:00+09:00,-12.767061729846922,-13.345738748763498,-12.767061729846922,-13.273404121398926,4500,0.0,0.0,0.0
2002-08-05 00:00:00+09:00,-12.98406663761344,-13.562743702242452,-12.98406663761344,-13.454241752624512,100,0.0,0.0,0.0
2002-08-06 00:00:00+09:00,-13.562744572049095,-14.973270007542201,-13.056402108025928,-13.671246528625488,109000,0.0,0.0,0.0
2002-08-07 00:00:00+09:00,-13.888248809396403,-14.105252697043221,-13.020233258809128,-13.201069831848145,77000,0.0,0.0,0.0
2002-08-08 00:00:00+09:00,-13.273404354519313,-13.273404354519313,-12.9117312113444,-13.020233154296875,25500,0.0,0.0,0.0
2002-08-09 00:00:00+09:00,-13.381906751101996,-13.381906751101996,-12.94789896457977,-13.128735542297363,12500,0.0,0.0,0.0
2002-08-12 00:00:00+09:00,-12.947898629593523,-13.309571775671554,-12.947898629593523,-13.201069831848145,14500,0.0,0.0,0.0
2002-08-13 00:00:00+09:00,-13.020233046840616,-13.020233046840616,-12.839396476745607,-12.839396476745605,11000,0.0,0.0,0.0
2002-08-14 00:00:00+09:00,-12.87556535523145,-13.201071220953592,-12.369222897441448,-12.91173267364502,27500,0.0,0.0,0.0
2002-08-15 00:00:00+09:00,-12.911732673645021,-12.911732673645021,-12.911732673645021,-12.91173267364502,0,0.0,0.0,0.0
2002-08-16 00:00:00+09:00,-13.020233595666808,-13.381906751101996,-12.875564333492731,-13.128735542297363,60500,0.0,0.0,0.0
2002-08-19 00:00:00+09:00,-12.839397446053928,-13.381907197295643,-12.839397446053928,-13.237237930297852,38000,0.0,0.0,0.0
2002-08-20 00:00:00+09:00,-13.056400911210327,-13.418074066645515,-12.91173164903625,-13.128735542297363,23000,0.0,0.0,0.0
2002-08-21 00:00:00+09:00,-13.128735903770693,-13.454241752624512,-13.128735903770693,-13.454241752624512,31500,0.0,0.0,0.0
2002-08-22 00:00:00+09:00,-13.20106993494807,-13.598910398741026,-13.20106993494807,-13.381906509399414,22000,0.0,0.0,0.0
2002-08-23 00:00:00+09:00,-13.381906509399412,-13.381906509399412,-13.381906509399412,-13.381906509399414,0,0.0,0.0,0.0
2002-08-26 00:00:00+09:00,-13.092568226753846,-13.27340480447144,-13.020233595666808,-13.128735542297363,8500,0.0,0.0,0.0
2002-08-27 00:00:00+09:00,-13.128735097249349,-13.164902411566839,-12.9117312113444,-13.020233154296875,20500,0.0,0.0,0.0
2002-08-28 00:00:00+09:00,-13.12873632305271,-13.30957291152451,-13.020234369969629,-13.16490364074707,14500,0.0,0.0,0.0
2002-08-29 00:00:00+09:00,-13.23723680771664,-13.273404121398926,-13.164902180352067,-13.273404121398926,9500,0.0,0.0,0.0
2002-08-30 00:00:00+09:00,-13.092569092747963,-13.381907636234107,-12.875565185133357,-13.34574031829834,15500,0.0,0.0,0.0
2002-09-02 00:00:00+09:00,-13.381907636234107,-13.562744225912946,-13.201071046555267,-13.34574031829834,12500,0.0,0.0,0.0
2002-09-03 00:00:00+09:00,-13.092567888024734,-13.38190640488716,-13.092567888024734,-13.201069831848145,22000,0.0,0.0,0.0
2002-09-04 00:00:00+09:00,-13.128736669846004,-13.164903988495718,-12.98406739524715,-13.092569351196289,18000,0.0,0.0,0.0
2002-09-05 00:00:00+09:00,-13.020233154296875,-13.309571668836805,-13.020233154296875,-13.020233154296875,24000,0.0,0.0,0.0
2002-09-06 00:00:00+09:00,-13.128736669846004,-13.201071307145432,-12.911732757947723,-13.092569351196289,30500,0.0,0.0,0.0
2002-09-09 00:00:00+09:00,-12.87556485281479,-14.394592166910916,-12.87556485281479,-13.418074607849121,223000,0.0,0.0,0.0
2002-09-10 00:00:00+09:00,-13.779747222080704,-13.779747222080704,-13.020233595666808,-13.128735542297363,98500,0.0,0.0,0.0
2002-09-11 00:00:00+09:00,-13.381907119545884,-13.526576385703137,-13.309572486467259,-13.454241752624512,30500,0.0,0.0,0.0
2002-09-12 00:00:00+09:00,-13.23723828125,-13.598911458333333,-13.23723828125,-13.562744140625,15500,0.0,0.0,0.0
2002-09-13 00:00:00+09:00,-13.45424113917995,-13.49040845407022,-13.056400675386994,-13.381906509399414,22500,0.0,0.0,0.0
2002-09-16 00:00:00+09:00,-13.201070536849318,-13.526576385703137,-13.201070536849318,-13.454241752624512,32500,0.0,0.0,0.0
2002-09-17 00:00:00+09:00,-13.562744635122794,-15.045604715229553,-13.454242678041812,-14.647764205932617,420000,0.0,0.0,0.0
2002-09-18 00:00:00+09:00,-14.937103693160422,-15.26260958477893,-13.888251375723009,-14.069087982177734,319500,0.0,0.0,0.0
2002-09-19 00:00:00+09:00,-14.069087120633835,-14.46692763047181,-13.852083206176758,-13.852083206176758,55500,0.0,0.0,0.0
2002-09-20 00:00:00+09:00,-13.852083206176758,-13.852083206176758,-13.852083206176758,-13.852083206176758,0,0.0,0.0,0.0
2002-09-23 00:00:00+09:00,-13.490409846107164,-13.888250350952148,-13.418075208862621,-13.888250350952148,102500,0.0,0.0,0.0
2002-09-24 00:00:00+09:00,-13.635079449369707,-14.57542975622279,-13.45424285189796,-14.213756561279297,150000,0.0,0.0,0.0
2002-09-25 00:00:00+09:00,-14.213756396938553,-14.46692763047181,-13.273406100957885,-13.852083206176758,65000,0.0,0.0,0.0
2002-09-26 00:00:00+09:00,-13.852082424762987,-14.10525364401453,-13.56274388847551,-13.81591510772705,65000,0.0,0.0,0.0
2002-09-27 00:00:00+09:00,-14.10525390625,-14.213755859375,-13.526576822916667,-13.562744140625,86500,0.0,0.0,0.0
2002-09-30 00:00:00+09:00,-13.562744499271751,-13.562744499271751,-12.658561532653634,-12.69472885131836,61500,0.0,0.0,0.0
2002-10-01 00:00:00+09:00,-12.405390218503213,-13.02023463166518,-12.405390218503213,-12.51389217376709,28000,0.0,0.0,0.0
2002-10-02 00:00:00+09:00,-12.513891412970725,-13.201070421197441,-12.513891412970725,-12.875564575195312,21000,0.0,0.0,0.0
2002-10-03 00:00:00+09:00,-12.875564575195312,-12.875564575195312,-12.875564575195312,-12.875564575195312,0,0.0,0.0,0.0
2002-10-04 00:00:00+09:00,-11.64587636788686,-12.730895905267625,-11.64587636788686,-12.15221881866455,75500,0.0,0.0,0.0
2002-10-07 00:00:00+09:00,-12.188386485962097,-12.188386485962097,-12.007549891214884,-12.07988452911377,4500,0.0,0.0,0.0
2002-10-08 00:00:00+09:00,-12.29688843436863,-12.622394304690152,-11.935215245122494,-12.4777250289917,7000,0.0,0.0,0.0
2002-10-09 00:00:00+09:00,-12.260721557571909,-12.58622743963134,-12.188386917114258,-12.188386917114258,8000,0.0,0.0,0.0
2002-10-10 00:00:00+09:00,-12.079885234254778,-12.079885234254778,-10.850196318192914,-11.935215950012207,11000,0.0,0.0,0.0
2002-10-11 00:00:00+09:00,-11.935215876652643,-11.971383197490985,-11.392706064077522,-11.754379272460938,13500,0.0,0.0,0.0
2002-10-14 00:00:00+09:00,-11.935215599565622,-12.043717559561673,-11.754378999572204,-12.007550239562988,14500,0.0,0.0,0.0
2002-10-15 00:00:00+09:00,-11.935216021181933,-12.116052627563477,-11.3927062020373,-12.116052627563477,29000,0.0,0.0,0.0
2002-10-16 00:00:00+09:00,-13.345740782476105,-13.345740782476105,-12.007549972309125,-12.260721206665039,14500,0.0,0.0,0.0
2002-10-17 00:00:00+09:00,-11.754378999572204,-12.11605219955904,-11.754378999572204,-12.007550239562988,23000,0.0,0.0,0.0
2002-10-18 00:00:00+09:00,-12.441557270522564,-12.441557270522564,-11.573541646997734,-11.971382141113281,50000,0.0,0.0,0.0
2002-10-21 00:00:00+09:00,-11.899048279566937,-12.007550239562988,-11.790546319570886,-12.007550239562988,20500,0.0,0.0,0.0
2002-10-22 00:00:00+09:00,-12.007549458760149,-12.007549458760149,-11.862880188172676,-11.971382141113281,31000,0.0,0.0,0.0
2002-10-23 00:00:00+09:00,-11.790546148030964,-12.079884703810865,-11.790546148030964,-12.043717384338379,14000,0.0,0.0,0.0
2002-10-24 00:00:00+09:00,-12.043717210164328,-12.188386485962097,-11.899047934366557,-12.07988452911377,30500,0.0,0.0,0.0
2002-10-25 00:00:00+09:00,-11.97138222910109,-12.15221881866455,-11.935214911188398,-12.15221881866455,11000,0.0,0.0,0.0
2002-10-28 00:00:00+09:00,-12.043717370476834,-12.658561800801477,-12.043717370476834,-12.441557884216309,26000,0.0,0.0,0.0
2002-10-29 00:00:00+09:00,-12.441556352393823,-12.803229502172712,-12.441556352393823,-12.767062187194824,6500,0.0,0.0,0.0
2002-10-30 00:00:00+09:00,-12.694728415587853,-13.020234272397799,-12.296887923931255,-12.586226463317871,23000,0.0,0.0,0.0
2002-10-31 00:00:00+09:00,-12.405390044053394,-12.405390044053394,-11.935214911188398,-12.15221881866455,16000,0.0,0.0,0.0
2002-11-01 00:00:00+09:00,-11.682044012650199,-12.4777250289917,-11.682044012650199,-12.4777250289917,12000,0.0,0.0,0.0
2002-11-04 00:00:00+09:00,-12.260721287062003,-12.47772520364717,-12.116052009338556,-12.441557884216309,2000,0.0,0.0,0.0
2002-11-05 00:00:00+09:00,-12.15221881866455,-12.47772467987878,-12.007549547013781,-12.15221881866455,5500,0.0,0.0,0.0
2002-11-06 00:00:00+09:00,-11.971382995741303,-12.224554237343083,-11.682044433910699,-12.188386917114258,18500,0.0,0.0,0.0
2002-11-07 00:00:00+09:00,-11.97138266447114,-12.260721218295215,-11.573542152963034,-11.86288070678711,5500,0.0,0.0,0.0
2002-11-08 00:00:00+09:00,-11.645876963204199,-12.730896556049311,-11.645876963204199,-11.826713562011719,6500,0.0,0.0,0.0
2002-11-11 00:00:00+09:00,-11.75437934470899,-11.935215950012205,-11.573542739405775,-11.935215950012207,20500,0.0,0.0,0.0
2002-11-12 00:00:00+09:00,-11.57354266826923,-12.15221980168269,-11.2842041015625,-11.754379272460938,3500,0.0,0.0,0.0
2002-11-13 00:00:00+09:00,-11.39270505309105,-11.754378229379654,-11.39270505309105,-11.573541641235352,9500,0.0,0.0,0.0
2002-11-14 00:00:00+09:00,-11.754377760918311,-11.754377760918311,-11.067198753356934,-11.067198753356934,19500,0.0,0.0,0.0
2002-11-15 00:00:00+09:00,-11.248036126748747,-11.392705401690854,-10.850195620657956,-11.10336685180664,26500,0.0,0.0,0.0
2002-11-18 00:00:00+09:00,-10.922530174255371,-11.320370677291162,-10.922530174255371,-10.922530174255371,27500,0.0,0.0,0.0
2002-11-19 00:00:00+09:00,-10.922529918090426,-11.175701141357422,-10.922529918090426,-11.175701141357422,9000,0.0,0.0,0.0
2002-11-20 00:00:00+09:00,-10.994864895600061,-11.175701489277694,-10.922530258129008,-11.10336685180664,1500,0.0,0.0,0.0
2002-11-21 00:00:00+09:00,-11.031031437169492,-11.103366069544373,-10.922529488607168,-11.067198753356934,37000,0.0,0.0,0.0
2002-11-22 00:00:00+09:00,-11.067199615331797,-11.42887280537532,-10.994864977323093,-11.28420352935791,32000,0.0,0.0,0.0
2002-11-25 00:00:00+09:00,-11.935214811158412,-11.935214811158412,-11.175701141357422,-11.175701141357422,34000,0.0,0.0,0.0
2002-11-26 00:00:00+09:00,-11.428872454697919,-11.428872454697919,-11.24803586522485,-11.356537818908691,5000,0.0,0.0,0.0
2002-11-27 00:00:00+09:00,-11.356537735462188,-11.573541641235352,-11.284203100204468,-11.573541641235352,19000,0.0,0.0,0.0
2002-11-28 00:00:00+09:00,-11.501207005977632,-11.682043594121934,-11.46503968834877,-11.573541641235352,6500,0.0,0.0,0.0
2002-11-29 00:00:00+09:00,-11.573542323681192,-11.862880881773222,-11.428873044635177,-11.826713562011719,9500,0.0,0.0,0.0
2002-12-02 00:00:00+09:00,-11.826713562011719,-11.826713562011719,-11.826713562011719,-11.826713562011719,0,0.0,0.0,0.0
2002-12-03 00:00:00+09:00,-12.224554061889648,-12.296888701309113,-12.043717463340984,-12.224554061889648,30500,0.0,0.0,0.0
2002-12-04 00:00:00+09:00,-12.188386485962097,-12.22455380491154,-11.79054597751823,-12.07988452911377,5500,0.0,0.0,0.0
2002-12-05 00:00:00+09:00,-12.079884445051293,-12.188386401144568,-11.899047851562502,-11.8990478515625,44500,0.0,0.0,0.0
2002-12-06 00:00:00+09:00,-11.93521534524313,-12.007549983699148,-11.682044110647062,-11.86288070678711,39500,0.0,0.0,0.0
2002-12-09 00:00:00+09:00,-11.826713467503453,-12.116052023283354,-11.754378828558478,-12.043717384338379,21500,0.0,0.0,0.0
2002-12-10 00:00:00+09:00,-11.935215599565622,-12.079884879560357,-11.862880959568255,-12.007550239562988,20000,0.0,0.0,0.0
2002-12-11 00:00:00+09:00,-11.93521534524313,-12.007549983699148,-11.682044110647062,-11.86288070678711,40000,0.0,0.0,0.0
2002-12-12 00:00:00+09:00,-11.75437892248871,-11.935215521296229,-11.609709643442695,-11.826713562011719,10500,0.0,0.0,0.0
2002-12-13 00:00:00+09:00,-11.826713562011719,-11.899048201534725,-11.609709643442695,-11.826713562011719,21000,0.0,0.0,0.0
2002-12-16 00:00:00+09:00,-11.682044029235838,-11.754378667187764,-11.609709391283914,-11.68204402923584,3500,0.0,0.0,0.0
2002-12-17 00:00:00+09:00,-11.682044029235838,-11.826713305139688,-11.573542072307951,-11.68204402923584,50000,0.0,0.0,0.0
2002-12-18 00:00:00+09:00,-11.501207005977632,-11.718210911750793,-11.356537735462188,-11.573541641235352,9000,0.0,0.0,0.0
2002-12-19 00:00:00+09:00,-11.573541641235352,-11.573541641235352,-11.573541641235352,-11.573541641235352,0,0.0,0.0,0.0
2002-12-20 00:00:00+09:00,-11.790545547008515,-11.899047499895095,-11.501207005977632,-11.573541641235352,5500,0.0,0.0,0.0
2002-12-23 00:00:00+09:00,-11.573541995368487,-11.573541995368487,-11.10336685180664,-11.10336685180664,8500,0.0,0.0,0.0
2002-12-24 00:00:00+09:00,-10.958697576864536,-11.10336685180664,-10.850195620657956,-11.10336685180664,20500,0.0,0.0,0.0
2002-12-25 00:00:00+09:00,-11.10336685180664,-11.10336685180664,-11.10336685180664,-11.10336685180664,0,0.0,0.0,0.0
2002-12-26 00:00:00+09:00,-10.922529488607168,-11.067198753356934,-10.922529488607168,-11.067198753356934,4000,0.0,0.0,0.0
2002-12-27 00:00:00+09:00,-11.031032214335589,-11.392705401690854,-10.922530258129008,-11.10336685180664,4500,0.0,0.0,0.0
2002-12-30 00:00:00+09:00,-10.633191454900455,-10.850195362143321,-9.946012415298044,-10.560856819152832,38000,0.0,0.0,0.0
2002-12-31 00:00:00+09:00,-10.560856819152832,-10.560856819152832,-10.560856819152832,-10.560856819152832,0,0.0,0.0,0.0
2003-01-01 00:00:00+09:00,-10.560856819152832,-10.560856819152832,-10.560856819152832,-10.560856819152832,0,0.0,0.0,0.0
2003-01-02 00:00:00+09:00,-10.488522764112128,-11.501207720647091,-10.488522764112128,-11.03103256225586,27000,0.0,0.0,0.0
2003-01-03 00:00:00+09:00,-10.922529838198706,-11.537374233064197,-10.669358616783505,-11.392704963684082,6500,0.0,0.0,0.0
2003-01-06 00:00:00+09:00,-10.850195537339772,-11.103366766544367,-10.669358945050776,-10.922530174255371,5500,0.0,0.0,0.0
2003-01-07 00:00:00+09:00,-10.814027106407845,-11.031030994830745,-10.814027106407845,-10.958696365356445,17500,0.0,0.0,0.0
2003-01-08 00:00:00+09:00,-10.741692577089582,-11.356536933353969,-10.741692577089582,-11.139533042907715,24500,0.0,0.0,0.0
2003-01-09 00:00:00+09:00,-11.139534441630046,-11.139534441630046,-10.560857327779134,-10.85019588470459,25000,0.0,0.0,0.0
2003-01-10 00:00:00+09:00,-11.935214905222509,-11.935214905222509,-10.524689507332576,-11.356537818908691,14500,0.0,0.0,0.0
2003-01-13 00:00:00+09:00,-10.850194421144996,-11.465038771676545,-10.850194421144996,-10.958696365356445,6000,0.0,0.0,0.0
2003-01-14 00:00:00+09:00,-10.886361735882145,-11.392704142202245,-10.488521273773497,-10.958696365356445,31500,0.0,0.0,0.0
2003-01-15 00:00:00+09:00,-11.031030994830745,-11.031030994830745,-10.741692476933546,-10.958696365356445,17500,0.0,0.0,0.0
2003-01-16 00:00:00+09:00,-10.85019431658239,-10.922528945359607,-10.488521172696311,-10.777859687805176,29000,0.0,0.0,0.0
2003-01-17 00:00:00+09:00,-10.66935928662618,-11.031032482782999,-10.524690008163452,-10.85019588470459,7000,0.0,0.0,0.0
2003-01-20 00:00:00+09:00,-10.850194557425901,-10.850194557425901,-10.524688720703123,-10.524688720703125,2500,0.0,0.0,0.0
2003-01-21 00:00:00+09:00,-10.705526444007612,-10.741693763075205,-9.837510786385373,-10.48852252960205,7000,0.0,0.0,0.0
2003-01-22 00:00:00+09:00,-10.48852252960205,-10.48852252960205,-10.343853253331678,-10.48852252960205,1000,0.0,0.0,0.0
2003-01-23 00:00:00+09:00,-10.48852262362628,-10.669359220585353,-9.946012832749059,-10.27151870727539,9500,0.0,0.0,0.0
2003-01-24 00:00:00+09:00,-10.27151880332892,-10.560857361169171,-10.05451488494873,-10.05451488494873,16500,0.0,0.0,0.0
2003-01-27 00:00:00+09:00,-10.126849264994156,-10.126849264994156,-9.83751071456575,-9.909845352172852,12500,0.0,0.0,0.0
2003-01-28 00:00:00+09:00,-9.946012496948242,-9.946012496948242,-9.765175906094637,-9.946012496948242,3500,0.0,0.0,0.0
2003-01-29 00:00:00+09:00,-9.801343487269843,-9.94601276383471,-9.692841529846191,-9.692841529846191,11000,0.0,0.0,0.0
2003-01-30 00:00:00+09:00,-9.765175989695958,-10.850195544106619,-9.765175989695958,-10.126849174499512,46000,0.0,0.0,0.0
2003-01-31 00:00:00+09:00,-10.126849174499512,-10.126849174499512,-10.126849174499512,-10.126849174499512,0,0.0,0.0,0.0
2003-02-03 00:00:00+09:00,-9.946012664259525,-10.307685852050781,-9.83751070792215,-10.307685852050781,13000,0.0,0.0,0.0
2003-02-04 00:00:00+09:00,-10.271518098547103,-10.271518098547103,-9.946012243311456,-10.199183464050293,11500,0.0,0.0,0.0
2003-02-05 00:00:00+09:00,-9.98218007241526,-10.126849348827074,-9.98218007241526,-10.090682029724121,2000,0.0,0.0,0.0
2003-02-06 00:00:00+09:00,-10.488522539856612,-10.488522539856612,-9.98218007241526,-10.090682029724121,3000,0.0,0.0,0.0
2003-02-07 00:00:00+09:00,-10.814028225626265,-10.814028225626265,-9.58433939729418,-10.126849174499512,2000,0.0,0.0,0.0
2003-02-10 00:00:00+09:00,-9.946012496948242,-9.946012496948242,-9.620506633411754,-9.946012496948242,4500,0.0,0.0,0.0
2003-02-11 00:00:00+09:00,-9.76517607695865,-9.909845352172852,-9.620506801744448,-9.909845352172852,5500,0.0,0.0,0.0
2003-02-12 00:00:00+09:00,-9.439670449538196,-10.05451488494873,-9.439670449538196,-10.05451488494873,4000,0.0,0.0,0.0
2003-02-13 00:00:00+09:00,-9.765175819396973,-9.765175819396973,-9.765175819396973,-9.765175819396973,1000,0.0,0.0,0.0
2003-02-14 00:00:00+09:00,-9.765176168128626,-9.765176168128626,-9.475837614998888,-9.692841529846191,7000,0.0,0.0,0.0
2003-02-17 00:00:00+09:00,-9.765176249074411,-9.873678207397461,-9.58433965186933,-9.873678207397461,4000,0.0,0.0,0.0
2003-02-18 00:00:00+09:00,-9.909845178777521,-9.946012496948242,-9.801343224265358,-9.946012496948242,6500,0.0,0.0,0.0
2003-02-19 00:00:00+09:00,-9.90984526361738,-10.126849174499512,-9.765175989695958,-10.126849174499512,12500,0.0,0.0,0.0
2003-02-20 00:00:00+09:00,-9.946012753312305,-10.090682029724121,-9.656674200488673,-10.090682029724121,5500,0.0,0.0,0.0
2003-02-21 00:00:00+09:00,-9.946013200766926,-10.126849804417233,-9.58433999346631,-9.80134391784668,14500,0.0,0.0,0.0
2003-02-24 00:00:00+09:00,-9.765175819396973,-9.873677772945827,-9.692841183697736,-9.765175819396973,53500,0.0,0.0,0.0
2003-02-25 00:00:00+09:00,-9.765176950334174,-9.873678916448998,-9.729009628295898,-9.729009628295898,52000,0.0,0.0,0.0
2003-02-26 00:00:00+09:00,-9.656673526062685,-9.909844742101782,-9.584338892908658,-9.837510108947754,59500,0.0,0.0,0.0
2003-02-27 00:00:00+09:00,-9.765176950334174,-10.416188747023119,-9.51200569606625,-9.729009628295898,28000,0.0,0.0,0.0
2003-02-28 00:00:00+09:00,-9.837510887956444,-9.873678207397461,-9.58433965186933,-9.873678207397461,20500,0.0,0.0,0.0
2003-03-03 00:00:00+09:00,-9.765176168128626,-9.873678125552276,-9.58433957242254,-9.692841529846191,1500,0.0,0.0,0.0
2003-03-04 00:00:00+09:00,-9.765175819396973,-9.873677772945827,-9.692841183697736,-9.765175819396973,8500,0.0,0.0,0.0
2003-03-05 00:00:00+09:00,-10.090681946190605,-10.090681946190605,-9.475837526530245,-9.909845352172852,2000,0.0,0.0,0.0
2003-03-06 00:00:00+09:00,-9.801344272372448,-9.801344272372448,-9.548173018104526,-9.729009628295898,3000,0.0,0.0,0.0
2003-03-07 00:00:00+09:00,-9.58433905014625,-9.58433905014625,-9.403502464294434,-9.403502464294434,3000,0.0,0.0,0.0
2003-03-10 00:00:00+09:00,-9.403502464294434,-9.403502464294434,-9.077996609761165,-9.403502464294434,1000,0.0,0.0,0.0
2003-03-11 00:00:00+09:00,-9.258833821614584,-9.54817237854004,-8.680156707763672,-8.680156707763672,16000,0.0,0.0,0.0
2003-03-12 00:00:00+09:00,-9.548171732975886,-9.548171732975886,-8.680156120887169,-9.403502464294434,6000,0.0,0.0,0.0
2003-03-13 00:00:00+09:00,-9.62050672279772,-9.62050672279772,-9.041829626689585,-9.331168174743652,2000,0.0,0.0,0.0
2003-03-14 00:00:00+09:00,-9.765176249074411,-10.018347485161526,-9.150331818577133,-9.873678207397461,4500,0.0,0.0,0.0
2003-03-17 00:00:00+09:00,-9.692841881199886,-9.692841881199886,-9.041830113059595,-9.62050724029541,11500,0.0,0.0,0.0
2003-03-18 00:00:00+09:00,-9.837511238576742,-9.837511238576742,-9.403503389816002,-9.80134391784668,85,0.0,0.0,0.0
2003-03-19 00:00:00+09:00,-9.765176444218076,-9.765176444218076,-9.041830040942664,-9.43967056274414,12500,0.0,0.0,0.0
2003-03-20 00:00:00+09:00,-9.729008943979977,-9.729008943979977,-9.403503068530833,-9.475837707519531,35000,0.0,0.0,0.0
2003-03-21 00:00:00+09:00,-9.729008497878851,-9.729008497878851,-9.22266604817512,-9.367335319519043,1500,0.0,0.0,0.0
2003-03-24 00:00:00+09:00,-9.367335657575238,-9.909845444693493,-9.150331742727934,-9.692841529846191,37000,0.0,0.0,0.0
2003-03-25 00:00:00+09:00,-9.512004767277444,-9.729008678317994,-9.258833537730135,-9.331168174743652,45000,0.0,0.0,0.0
2003-03-26 00:00:00+09:00,-9.512004852294922,-9.512004852294922,-9.186498982824753,-9.512004852294922,56000,0.0,0.0,0.0
2003-03-27 00:00:00+09:00,-9.439670214634885,-9.548172171124941,-9.041829707504679,-9.512004852294922,65000,0.0,0.0,0.0
2003-03-28 00:00:00+09:00,-9.114163666963577,-9.258832931518555,-9.041829034686089,-9.258832931518555,29500,0.0,0.0,0.0
2003-03-31 00:00:00+09:00,-9.150332381648402,-9.258834346648186,-8.89716112998224,-8.96949577331543,4000,0.0,0.0,0.0
2003-04-01 00:00:00+09:00,-8.680156860351563,-9.729009147644044,-8.680156860351563,-9.041830062866211,8500,0.0,0.0,0.0
2003-04-02 00:00:00+09:00,-9.150332023620606,-9.40350326538086,-8.535487579345704,-9.041830062866211,16000,0.0,0.0,0.0
2003-04-03 00:00:00+09:00,-8.969495422363282,-9.041830062866211,-8.860993461608887,-9.041830062866211,5000,0.0,0.0,0.0
2003-04-04 00:00:00+09:00,-8.824826141357422,-9.041830062866211,-8.752491500854493,-9.041830062866211,10500,0.0,0.0,0.0
2003-04-07 00:00:00+09:00,-9.041829292590801,-9.47583709863516,-8.933327341079712,-9.403502464294434,48500,0.0,0.0,0.0
2003-04-08 00:00:00+09:00,-9.403502464294434,-9.548171732975886,-9.295000512783345,-9.403502464294434,61000,0.0,0.0,0.0
2003-04-09 00:00:00+09:00,-9.403502464294434,-9.403502464294434,-9.150331244101892,-9.403502464294434,500,0.0,0.0,0.0
2003-04-10 00:00:00+09:00,-9.47583788290791,-9.620507163562994,-9.150332001433975,-9.43967056274414,16000,0.0,0.0,0.0
2003-04-11 00:00:00+09:00,-9.15033175323724,-9.40350298751653,-9.15033175323724,-9.295001029968262,19000,0.0,0.0,0.0
2003-04-14 00:00:00+09:00,-9.041829372015526,-9.331167911920023,-9.041829372015526,-9.186498641967773,17000,0.0,0.0,0.0
2003-04-15 00:00:00+09:00,-9.6928410943949,-9.6928410943949,-9.186498649165316,-9.584339141845703,2000,0.0,0.0,0.0
2003-04-16 00:00:00+09:00,-9.58433923014888,-9.80134313724659,-9.475837276600025,-9.765175819396973,29000,0.0,0.0,0.0
2003-04-17 00:00:00+09:00,-9.62050698549693,-9.62050698549693,-9.439670388025181,-9.475837707519531,31000,0.0,0.0,0.0
2003-04-18 00:00:00+09:00,-9.6566737768785,-10.054514269558888,-9.512004506812906,-9.584339141845703,17500,0.0,0.0,0.0
2003-04-21 00:00:00+09:00,-9.475838307178382,-9.584340272527752,-9.186499732913394,-9.548172950744629,10000,0.0,0.0,0.0
2003-04-22 00:00:00+09:00,-9.22266517232058,-9.512003687530639,-9.150330543518066,-9.150330543518066,34500,0.0,0.0,0.0
2003-04-23 00:00:00+09:00,-9.186498561272254,-9.58433905014625,-9.041829292590801,-9.403502464294434,61500,0.0,0.0,0.0
2003-04-24 00:00:00+09:00,-9.077997383117676,-9.33116862487793,-9.041830062866211,-9.041830062866211,18500,0.0,0.0,0.0
2003-04-25 00:00:00+09:00,-9.041828938214428,-9.222665516978717,-8.86099235945014,-9.077996253967285,7000,0.0,0.0,0.0
2003-04-28 00:00:00+09:00,-8.752491843315862,-9.077997738315213,-8.752491843315862,-8.96949577331543,11500,0.0,0.0,0.0
2003-04-29 00:00:00+09:00,-8.860993120405409,-9.114164352416992,-8.860993120405409,-9.114164352416992,7500,0.0,0.0,0.0
2003-04-30 00:00:00+09:00,-9.222665959455837,-9.222665959455837,-8.969494737039401,-9.186498641967773,3000,0.0,0.0,0.0
2003-05-01 00:00:00+09:00,-9.186498641967773,-9.186498641967773,-9.186498641967773,-9.186498641967773,0,0.0,0.0,0.0
2003-05-02 00:00:00+09:00,-9.403502903287372,-9.403502903287372,-8.788658482687813,-9.114164352416992,6000,0.0,0.0,0.0
2003-05-05 00:00:00+09:00,-9.114164352416992,-9.114164352416992,-9.114164352416992,-9.114164352416992,0,0.0,0.0,0.0
2003-05-06 00:00:00+09:00,-8.788657970115787,-8.89715992036413,-8.752490653366339,-8.824825286865234,41000,0.0,0.0,0.0
2003-05-07 00:00:00+09:00,-8.897159576416016,-8.969494207118585,-8.788657630362161,-8.897159576416016,3500,0.0,0.0,0.0
2003-05-08 00:00:00+09:00,-8.897159576416016,-8.897159576416016,-8.897159576416016,-8.897159576416016,0,0.0,0.0,0.0
2003-05-09 00:00:00+09:00,-8.897159576416016,-8.933326891767301,-8.788657630362161,-8.897159576416016,8000,0.0,0.0,0.0
2003-05-12 00:00:00+09:00,-8.788658400778827,-9.00566231190917,-8.788658400778827,-8.933327674865723,38500,0.0,0.0,0.0
2003-05-13 00:00:00+09:00,-8.933328025195063,-9.18649926477549,-8.860993385314941,-8.860993385314941,22000,0.0,0.0,0.0
2003-05-14 00:00:00+09:00,-8.897160356344,-8.969494993387446,-8.824825719300552,-8.933327674865723,4500,0.0,0.0,0.0
2003-05-15 00:00:00+09:00,-8.969494207118585,-9.00566152246987,-8.897159576416016,-8.897159576416016,2500,0.0,0.0,0.0
2003-05-16 00:00:00+09:00,-8.96949577331543,-8.96949577331543,-8.824826486649052,-8.96949577331543,10500,0.0,0.0,0.0
2003-05-19 00:00:00+09:00,-9.041829626689585,-9.331168174743652,-8.897160352662551,-9.331168174743652,9500,0.0,0.0,0.0
2003-05-20 00:00:00+09:00,-9.114163468523724,-9.258832729928862,-8.680155684308309,-8.897159576416016,8500,0.0,0.0,0.0
2003-05-21 00:00:00+09:00,-8.933327237113577,-8.969494553863026,-8.680156019867443,-8.824825286865234,24500,0.0,0.0,0.0
2003-05-22 00:00:00+09:00,-8.89715992036413,-8.89715992036413,-8.680156019867443,-8.824825286865234,10500,0.0,0.0,0.0
2003-05-23 00:00:00+09:00,-8.824826214360256,-9.873678510329302,-8.716324252708286,-9.22266674041748,66500,0.0,0.0,0.0
2003-05-26 00:00:00+09:00,-9.077997033558194,-9.29500094671098,-9.041829714699396,-9.114164352416992,27000,0.0,0.0,0.0
2003-05-27 00:00:00+09:00,-8.969493971511781,-9.186497857919324,-8.897159342709266,-9.150330543518066,17500,0.0,0.0,0.0
2003-05-28 00:00:00+09:00,-9.041829055614686,-10.235350490955824,-9.005661739392227,-9.656673431396484,115500,0.0,0.0,0.0
2003-05-29 00:00:00+09:00,-9.475837441853114,-10.307685766901288,-9.475837441853114,-10.126849174499512,22500,0.0,0.0,0.0
2003-05-30 00:00:00+09:00,-9.909845606028606,-10.163016844138825,-9.439670449538196,-10.05451488494873,27500,0.0,0.0,0.0
2003-06-02 00:00:00+09:00,-10.126849804417233,-10.199184445877357,-9.692841955656496,-9.80134391784668,71500,0.0,0.0,0.0
2003-06-03 00:00:00+09:00,-10.090682124043559,-10.090682124043559,-9.656674290751361,-9.873678207397461,48000,0.0,0.0,0.0
2003-06-04 00:00:00+09:00,-10.741693684654516,-10.741693684654516,-9.76517607695865,-9.909845352172852,5000,0.0,0.0,0.0
2003-06-05 00:00:00+09:00,-9.946012846279492,-9.946012846279492,-9.729008929633395,-9.873678207397461,12000,0.0,0.0,0.0
2003-06-06 00:00:00+09:00,-9.873678207397461,-9.873678207397461,-9.873678207397461,-9.873678207397461,0,0.0,0.0,0.0
2003-06-09 00:00:00+09:00,-9.692841183697736,-10.054514362193919,-9.620506547998499,-9.765175819396973,6500,0.0,0.0,0.0
2003-06-10 00:00:00+09:00,-9.765176522104364,-9.909845803913317,-9.58433991984317,-9.62050724029541,21000,0.0,0.0,0.0
2003-06-11 00:00:00+09:00,-9.765176522104364,-9.765176522104364,-9.58433991984317,-9.62050724029541,9500,0.0,0.0,0.0
2003-06-12 00:00:00+09:00,-9.729008063841402,-9.729008063841402,-9.548171482729108,-9.656673431396484,15500,0.0,0.0,0.0
2003-06-13 00:00:00+09:00,-9.909845526838476,-10.018347485161526,-9.620506971310347,-9.873678207397461,32000,0.0,0.0,0.0
2003-06-16 00:00:00+09:00,-9.512003827391819,-9.548171142324868,-8.716322898864746,-8.716322898864746,251000,0.0,0.0,0.0
2003-06-17 00:00:00+09:00,-8.680155583931699,-8.969494103396087,-8.535486324199503,-8.716322898864746,61500,0.0,0.0,0.0
2003-06-18 00:00:00+09:00,-8.716322999659592,-9.041828837821155,-8.571653738254454,-8.897159576416016,83500,0.0,0.0,0.0
2003-06-19 00:00:00+09:00,-8.752491242226924,-9.331168349151017,-8.680156603861413,-9.295001029968262,108000,0.0,0.0,0.0
2003-06-20 00:00:00+09:00,-9.186498815363104,-9.222666133533824,-8.680156360973012,-8.752490997314453,57000,0.0,0.0,0.0
2003-06-23 00:00:00+09:00,-8.752490919607656,-9.765175819396973,-8.680156283908419,-9.765175819396973,87000,0.0,0.0,0.0
2003-06-24 00:00:00+09:00,-8.897160187651291,-9.584339226534928,-8.897160187651291,-9.367335319519043,21500,0.0,0.0,0.0
2003-06-25 00:00:00+09:00,-9.222666584715551,-9.403503184415856,-8.860993385314941,-8.860993385314941,9000,0.0,0.0,0.0
2003-06-26 00:00:00+09:00,-8.354650578518145,-8.969494993387446,-8.354650578518145,-8.933327674865723,42000,0.0,0.0,0.0
2003-06-27 00:00:00+09:00,-8.680156860351563,-9.40350326538086,-8.680156860351563,-9.041830062866211,16500,0.0,0.0,0.0
2003-06-30 00:00:00+09:00,-9.114164179021662,-9.114164179021662,-8.680156360973012,-8.752490997314453,22500,0.0,0.0,0.0
2003-07-01 00:00:00+09:00,-8.933327237113577,-8.933327237113577,-8.607821386368549,-8.824825286865234,10000,0.0,0.0,0.0
2003-07-02 00:00:00+09:00,-8.173813585375177,-8.824825286865234,-8.173813585375177,-8.824825286865234,44000,0.0,0.0,0.0
2003-07-03 00:00:00+09:00,-8.860993665807387,-8.860993665807387,-8.246149207363608,-8.60782241821289,78000,0.0,0.0,0.0
2003-07-04 00:00:00+09:00,-8.571654493525877,-8.680156449140128,-8.282315945221205,-8.535487174987793,16000,0.0,0.0,0.0
2003-07-07 00:00:00+09:00,-8.535487009291483,-9.367335319519043,-8.39081773794756,-9.367335319519043,108000,0.0,0.0,0.0
2003-07-08 00:00:00+09:00,-8.752490085104238,-9.294999801123096,-8.71632277070298,-9.150330543518066,10000,0.0,0.0,0.0
2003-07-09 00:00:00+09:00,-9.005661772883586,-9.041829089240549,-8.39081739481523,-8.643988609313965,23500,0.0,0.0,0.0
2003-07-10 00:00:00+09:00,-8.209981742658112,-8.860993510798403,-8.173814422205874,-8.246149063110352,138000,0.0,0.0,0.0
2003-07-11 00:00:00+09:00,-8.571654229328551,-8.571654229328551,-8.209981055095279,-8.390817642211914,7000,0.0,0.0,0.0
2003-07-14 00:00:00+09:00,-8.354651099110876,-8.60782234453848,-8.354651099110876,-8.426985740661621,41000,0.0,0.0,0.0
2003-07-15 00:00:00+09:00,-8.390817299867287,-8.571653879605806,-8.390817299867287,-8.463151931762695,20500,0.0,0.0,0.0
2003-07-16 00:00:00+09:00,-8.426984959635242,-8.499319594481896,-8.390817642211914,-8.390817642211914,21500,0.0,0.0,0.0
2003-07-17 00:00:00+09:00,-8.390817642211914,-8.390817642211914,-8.390817642211914,-8.390817642211914,0,0.0,0.0,0.0
2003-07-18 00:00:00+09:00,-8.426985486626105,-8.426985486626105,-8.13764692914538,-8.282316207885742,36500,0.0,0.0,0.0
2003-07-21 00:00:00+09:00,-8.13764590843051,-8.354649799321992,-8.13764590843051,-8.300398826599121,14500,0.0,0.0,0.0
2003-07-22 00:00:00+09:00,-8.173813993665908,-8.318483267890084,-7.685555193159316,-8.137646675109863,38000,0.0,0.0,0.0
2003-07-23 00:00:00+09:00,-7.956810524936096,-8.137647127775553,-7.812141242664531,-7.848308563232422,26500,0.0,0.0,0.0
2003-07-24 00:00:00+09:00,-7.92064340097604,-7.956810722441684,-7.6132211685180655,-7.613221168518066,14000,0.0,0.0,0.0
2003-07-25 00:00:00+09:00,-7.812141512880231,-7.920643478336901,-7.3057990074157715,-7.3057990074157715,18000,0.0,0.0,0.0
2003-07-28 00:00:00+09:00,-7.233464606454438,-7.812141774970794,-7.233464606454438,-7.73980712890625,4500,0.0,0.0,0.0
2003-07-29 00:00:00+09:00,-7.667472273882697,-8.101480138442096,-7.233464409323299,-7.685555934906006,23000,0.0,0.0,0.0
2003-07-30 00:00:00+09:00,-7.414300865851915,-7.7036394362266245,-7.396217205203496,-7.522802829742432,15000,0.0,0.0,0.0
2003-07-31 00:00:00+09:00,-7.70363924386618,-7.794057544850525,-7.595137282684966,-7.757890224456787,13000,0.0,0.0,0.0
2003-08-01 00:00:00+09:00,-7.649388197590323,-7.649388197590323,-7.233464016633875,-7.378133296966553,80500,0.0,0.0,0.0
2003-08-04 00:00:00+09:00,-7.233464189350898,-7.378133473137916,-7.197296868404144,-7.341966152191162,19000,0.0,0.0,0.0
2003-08-05 00:00:00+09:00,-6.980292739110904,-7.3057986181368015,-6.980292739110904,-7.287714958190918,1500,0.0,0.0,0.0
2003-08-06 00:00:00+09:00,-7.667471846987922,-7.667471846987922,-7.088794726460533,-7.577053546905518,1000,0.0,0.0,0.0
2003-08-07 00:00:00+09:00,-7.287714477704496,-7.6855549702838974,-7.052626913907576,-7.088794231414795,9500,0.0,0.0,0.0
2003-08-08 00:00:00+09:00,-7.522802496675271,-7.522802496675271,-7.052627340633067,-7.197296619415283,11000,0.0,0.0,0.0
2003-08-11 00:00:00+09:00,-7.269631083011627,-7.269631083011627,-7.088794488906861,-7.233463764190674,24500,0.0,0.0,0.0
2003-08-12 00:00:00+09:00,-7.522802041501415,-7.522802041501415,-7.052626913907576,-7.088794231414795,2500,0.0,0.0,0.0
2003-08-13 00:00:00+09:00,-7.21538027926306,-7.21538027926306,-7.070711000480844,-7.197296619415283,4500,0.0,0.0,0.0
2003-08-14 00:00:00+09:00,-6.944125586911627,-7.468551738006516,-6.907958266146463,-7.251547813415527,41500,0.0,0.0,0.0
2003-08-15 00:00:00+09:00,-7.251547813415527,-7.251547813415527,-7.251547813415527,-7.251547813415527,0,0.0,0.0,0.0
2003-08-18 00:00:00+09:00,-7.143045293657403,-7.3781328602841025,-6.528200888633728,-6.871790409088135,20500,0.0,0.0,0.0
2003-08-19 00:00:00+09:00,-6.763288455260428,-7.016459680858412,-6.65478650143272,-6.871790409088135,6000,0.0,0.0,0.0
2003-08-20 00:00:00+09:00,-6.745204796289143,-7.052626998800981,-6.745204796289143,-6.871790409088135,22500,0.0,0.0,0.0
2003-08-21 00:00:00+09:00,-6.763288626595148,-7.05262717746553,-6.618619351159958,-6.835623264312744,30000,0.0,0.0,0.0
2003-08-22 00:00:00+09:00,-6.76328832545179,-6.926041253069614,-6.654786373706574,-6.799455642700195,22500,0.0,0.0,0.0
2003-08-25 00:00:00+09:00,-6.799455509390882,-6.944124775548135,-6.600535268424659,-6.727120876312256,28500,0.0,0.0,0.0
2003-08-26 00:00:00+09:00,-6.871790142469509,-6.871790142469509,-6.672869901503286,-6.727120876312256,5500,0.0,0.0,0.0
2003-08-27 00:00:00+09:00,-6.871790322731799,-6.907957640219862,-6.654786417803427,-6.88987398147583,18000,0.0,0.0,0.0
2003-08-28 00:00:00+09:00,-6.871790538231531,-6.944125175476074,-6.781372241675854,-6.944125175476074,32000,0.0,0.0,0.0
2003-08-29 00:00:00+09:00,-6.944125175476074,-6.944125175476074,-6.944125175476074,-6.944125175476074,0,0.0,0.0,0.0
2003-09-01 00:00:00+09:00,-6.944125175476074,-6.944125175476074,-6.944125175476074,-6.944125175476074,0,0.0,0.0,0.0
2003-09-02 00:00:00+09:00,-6.944125175476074,-6.944125175476074,-6.944125175476074,-6.944125175476074,0,0.0,0.0,0.0
2003-09-03 00:00:00+09:00,-6.944125175476074,-6.944125175476074,-6.944125175476074,-6.944125175476074,0,0.0,0.0,0.0
2003-09-04 00:00:00+09:00,-6.944125175476074,-6.944125175476074,-6.944125175476074,-6.944125175476074,0,0.0,0.0,0.0
2003-09-05 00:00:00+09:00,-6.944125175476074,-6.944125175476074,-6.944125175476074,-6.944125175476074,0,0.0,0.0,0.0
2003-09-08 00:00:00+09:00,-6.944125175476074,-6.944125175476074,-6.944125175476074,-6.944125175476074,0,0.0,0.0,0.0
2003-09-09 00:00:00+09:00,-6.944125175476074,-6.944125175476074,-6.944125175476074,-6.944125175476074,0,0.0,0.0,0.0
2003-09-10 00:00:00+09:00,-6.944125175476074,-6.944125175476074,-6.944125175476074,-6.944125175476074,0,0.0,0.0,0.0
2003-09-11 00:00:00+09:00,-6.944125175476074,-6.944125175476074,-6.944125175476074,-6.944125175476074,0,0.0,0.0,0.0
2003-09-12 00:00:00+09:00,-6.944125175476074,-6.944125175476074,-6.944125175476074,-6.944125175476074,0,0.0,0.0,0.0
2003-09-15 00:00:00+09:00,-6.944125175476074,-6.944125175476074,-6.944125175476074,-6.944125175476074,0,0.0,0.0,0.0
2003-09-16 00:00:00+09:00,-6.944125175476074,-6.944125175476074,-6.944125175476074,-6.944125175476074,0,0.0,0.0,0.0
2003-09-17 00:00:00+09:00,-6.944125175476074,-6.944125175476074,-6.944125175476074,-6.944125175476074,0,0.0,0.0,0.0
2003-09-18 00:00:00+09:00,-6.944125175476074,-6.944125175476074,-6.944125175476074,-6.944125175476074,0,0.0,0.0,0.0
2003-09-19 00:00:00+09:00,-6.944125175476074,-6.944125175476074,-6.944125175476074,-6.944125175476074,0,0.0,0.0,0.0
2003-09-22 00:00:00+09:00,-6.944125175476074,-6.944125175476074,-6.944125175476074,-6.944125175476074,0,0.0,0.0,0.0
2003-09-23 00:00:00+09:00,-6.944125175476074,-6.944125175476074,-6.944125175476074,-6.944125175476074,0,0.0,0.0,0.0
2003-09-24 00:00:00+09:00,-6.944125175476074,-6.944125175476074,-6.944125175476074,-6.944125175476074,0,0.0,0.0,0.0
2003-09-25 00:00:00+09:00,-7.323881699776774,-8.119562674567337,-6.609577188317065,-6.907957553863525,76000,0.0,0.5,0.0
2003-09-26 00:00:00+09:00,-6.808496864077072,-6.808496864077072,-6.419698238372804,-6.419698238372803,17000,0.0,0.0,0.0
2003-09-29 00:00:00+09:00,-6.437782066064245,-6.437782066064245,-6.1484435462411335,-6.383531093597412,25000,0.0,0.0,0.0
2003-09-30 00:00:00+09:00,-6.256945706485363,-6.446824116653271,-6.19365290309606,-6.437782287597656,27000,0.0,0.0,0.0
2003-10-01 00:00:00+09:00,-6.1484433832302905,-6.419698238372804,-6.1484433832302905,-6.419698238372803,15000,0.0,0.0,0.0
2003-10-02 00:00:00+09:00,-6.4196989348060205,-6.871790409088135,-6.220778686121891,-6.871790409088135,13000,0.0,0.0,0.0
2003-10-03 00:00:00+09:00,-6.871790409088135,-6.871790409088135,-6.871790409088135,-6.871790409088135,0,0.0,0.0,0.0
2003-10-06 00:00:00+09:00,-6.871790310432171,-6.871790310432171,-6.275029572947273,-6.2931132316589355,18000,0.0,0.0,0.0
2003-10-07 00:00:00+09:00,-6.510116696020023,-6.510116696020023,-6.2388618336858555,-6.383531093597412,4000,0.0,0.0,0.0
2003-10-08 00:00:00+09:00,-6.238862555367606,-6.329280853271484,-6.148444257463727,-6.329280853271484,11000,0.0,0.0,0.0
2003-10-09 00:00:00+09:00,-6.238862956271452,-6.238862956271452,-6.148444652557373,-6.148444652557373,14000,0.0,0.0,0.0
2003-10-10 00:00:00+09:00,-6.148444652557373,-6.238862956271452,-6.148444652557373,-6.148444652557373,5000,0.0,0.0,0.0
2003-10-13 00:00:00+09:00,-6.275030277757084,-6.275030277757084,-6.148444652557373,-6.148444652557373,1000,0.0,0.0,0.0
2003-10-14 00:00:00+09:00,-6.157486133104147,-6.220778942108154,-6.148444303246432,-6.220778942108154,4000,0.0,0.0,0.0
2003-10-15 00:00:00+09:00,-6.265987916488868,-6.275029746094191,-6.148444131619668,-6.256946086883545,5000,0.0,0.0,0.0
2003-10-16 00:00:00+09:00,-6.148443594991162,-6.473949432373047,-6.148443594991162,-6.473949432373047,14000,0.0,0.0,0.0
2003-10-17 00:00:00+09:00,-6.374489654928952,-6.401615142822266,-6.184611239675749,-6.401615142822266,2000,0.0,0.0,0.0
2003-10-20 00:00:00+09:00,-6.564367820387301,-7.016459268072377,-6.510116846665093,-6.654786109924316,20000,0.0,0.0,0.0
2003-10-21 00:00:00+09:00,-6.781372157010165,-6.781372157010165,-6.347364338961515,-6.763288497924805,1000,0.0,0.0,0.0
2003-10-22 00:00:00+09:00,-6.663828492760659,-7.414300358295441,-6.32928079366684,-7.233463764190674,30000,0.0,0.0,0.0
2003-10-23 00:00:00+09:00,-7.052627249461849,-7.595137037881991,-6.63670307833974,-7.414300441741943,57000,0.0,0.0,0.0
2003-10-24 00:00:00+09:00,-7.558969718653982,-7.558969718653982,-6.9983762706198345,-7.414300441741943,4000,0.0,0.0,0.0
2003-10-27 00:00:00+09:00,-7.052626725166075,-7.45046720709852,-6.528200635346034,-6.727120876312256,39000,0.0,0.0,0.0
2003-10-28 00:00:00+09:00,-6.166528045019426,-7.3781332620760285,-6.166528045019426,-6.302155494689941,77000,0.0,0.0,0.0
2003-10-29 00:00:00+09:00,-6.329280121130578,-6.7723297296097185,-6.211736347452439,-6.383531093597412,117000,0.0,0.0,0.0
2003-10-30 00:00:00+09:00,-6.871790452436967,-6.871790452436967,-6.14844408902255,-6.16652774810791,128000,0.0,0.0,0.0
2003-10-31 00:00:00+09:00,-6.492033924228663,-6.492033924228663,-6.012816935392842,-6.302155494689941,87000,0.0,0.0,0.0
2003-11-03 00:00:00+09:00,-6.211736508556708,-6.953166484832764,-6.211736508556708,-6.953166484832764,85000,0.0,0.0,0.0
2003-11-04 00:00:00+09:00,-6.844664826698622,-7.043585072652875,-6.329280553089875,-6.4920334815979,89000,0.0,0.0,0.0
2003-11-05 00:00:00+09:00,-6.32928072237501,-6.67287024730394,-6.238862426341082,-6.45586633682251,3000,0.0,0.0,0.0
2003-11-06 00:00:00+09:00,-5.985690614339467,-7.016459088712125,-5.985690614339467,-6.690953254699707,92000,0.0,0.0,0.0
2003-11-07 00:00:00+09:00,-6.591493552349747,-6.663828186669086,-6.202694892883301,-6.202694892883301,152000,0.0,0.0,0.0
2003-11-10 00:00:00+09:00,-6.419698629486427,-6.528200578153803,-6.094192783484298,-6.437782287597656,9000,0.0,0.0,0.0
2003-11-11 00:00:00+09:00,-6.338322680375412,-6.7542468505569655,-5.831980212328304,-6.428740978240967,133000,0.0,0.0,0.0
2003-11-12 00:00:00+09:00,-6.329281214575411,-6.329281214575411,-6.157486438751221,-6.157486438751221,50000,0.0,0.0,0.0
2003-11-13 00:00:00+09:00,-6.07610928810249,-6.537242582288839,-6.07610928810249,-6.401615142822266,30000,0.0,0.0,0.0
2003-11-14 00:00:00+09:00,-6.302155369502605,-6.5824520932537975,-5.678269113411242,-6.1303606033325195,213000,0.0,0.0,0.0
2003-11-17 00:00:00+09:00,-6.0399423353219,-6.727121403412415,-5.913356717515752,-6.519159317016602,82000,0.0,0.0,0.0
2003-11-18 00:00:00+09:00,-6.564368372871762,-7.233463771759517,-6.238862503142584,-6.835623264312744,80000,0.0,0.0,0.0
2003-11-19 00:00:00+09:00,-6.808497044587607,-7.007417276965997,-6.2569454911748,-6.383531093597412,66000,0.0,0.0,0.0
2003-11-20 00:00:00+09:00,-6.338322853266434,-7.034543765822091,-6.338322853266434,-6.392573833465576,113000,0.0,0.0,0.0
2003-11-21 00:00:00+09:00,-6.247904385157994,-6.6547867257254465,-6.247904385157994,-6.329280853271484,47000,0.0,0.0,0.0
2003-11-24 00:00:00+09:00,-6.247904552934531,-6.410657493531957,-6.184611742702199,-6.392573833465576,2000,0.0,0.0,0.0
2003-11-25 00:00:00+09:00,-6.076109202634623,-6.510117002822811,-6.076109202634623,-6.3202385902404785,23000,0.0,0.0,0.0
2003-11-26 00:00:00+09:00,-6.501075221385875,-6.501075221385875,-6.193653027328685,-6.410656929016113,20000,0.0,0.0,0.0
2003-11-27 00:00:00+09:00,-6.166527203730078,-6.410656579830828,-6.130359888752189,-6.383531093597412,38000,0.0,0.0,0.0
2003-11-28 00:00:00+09:00,-6.329280005560981,-6.5101165771484375,-6.175568919711642,-6.5101165771484375,66000,0.0,0.0,0.0
2003-12-01 00:00:00+09:00,-6.347364338961515,-6.4920336116443975,-6.293113361705433,-6.365447998046875,54000,0.0,0.0,0.0
2003-12-02 00:00:00+09:00,-6.275028982296797,-6.419698238372804,-6.275028982296797,-6.419698238372803,26000,0.0,0.0,0.0
2003-12-03 00:00:00+09:00,-6.419698804078083,-6.546284414299341,-6.32023868176138,-6.501075267791748,32000,0.0,0.0,0.0
2003-12-04 00:00:00+09:00,-6.401614634195963,-6.564367548624674,-6.365447319878472,-6.5101165771484375,103000,0.0,0.0,0.0
2003-12-05 00:00:00+09:00,-6.763287831659186,-6.763287831659186,-6.401614685581155,-6.600534915924072,77000,0.0,0.0,0.0
2003-12-08 00:00:00+09:00,-6.7452047950207055,-6.799455771924357,-6.6005355232776335,-6.67287015914917,86000,0.0,0.0,0.0
2003-12-09 00:00:00+09:00,-6.690953819375289,-6.871790409088135,-6.600535524518866,-6.871790409088135,62000,0.0,0.0,0.0
2003-12-10 00:00:00+09:00,-7.378133041323818,-7.59513695430393,-6.926041555948585,-7.134003639221191,70000,0.0,0.0,0.0
2003-12-11 00:00:00+09:00,-7.486635420819838,-7.577053723003653,-7.143045872521343,-7.540886402130127,20000,0.0,0.0,0.0
2003-12-12 00:00:00+09:00,-7.197296447173724,-7.414300360153837,-7.134003639221192,-7.134003639221191,31000,0.0,0.0,0.0
2003-12-15 00:00:00+09:00,-7.7759736761989355,-7.7759736761989355,-7.1611292459878575,-7.504718780517578,22000,0.0,0.0,0.0
2003-12-16 00:00:00+09:00,-7.396217346191406,-7.414301007184539,-7.17921341427381,-7.396217346191406,27000,0.0,0.0,0.0
2003-12-17 00:00:00+09:00,-7.088794231414795,-7.088794231414795,-7.088794231414795,-7.088794231414795,4000,0.0,0.0,0.0
2003-12-18 00:00:00+09:00,-7.595137206921999,-7.595137206921999,-7.143045706509975,-7.577053546905518,3000,0.0,0.0,0.0
2003-12-19 00:00:00+09:00,-7.323882226058168,-7.577053463502154,-7.224422097062316,-7.4956769943237305,19000,0.0,0.0,0.0
2003-12-22 00:00:00+09:00,-7.649388142791494,-7.649388142791494,-7.24250579477067,-7.586095333099365,7000,0.0,0.0,0.0
2003-12-23 00:00:00+09:00,-7.4685514205839585,-7.586095208074989,-6.6819122273747515,-7.414300441741943,8000,0.0,0.0,0.0
2003-12-24 00:00:00+09:00,-7.2967564409429375,-7.2967564409429375,-6.709037520668723,-6.9622087478637695,940,0.0,0.0,0.0
2003-12-25 00:00:00+09:00,-6.9622087478637695,-6.9622087478637695,-6.9622087478637695,-6.9622087478637695,0,0.0,0.0,0.0
2003-12-26 00:00:00+09:00,-6.18461186937291,-7.595137383440416,-6.18461186937291,-7.540886402130127,10000,0.0,0.0,0.0
2003-12-29 00:00:00+09:00,-7.748848112071463,-7.748848112071463,-6.926041603088379,-6.926041603088379,7000,0.0,0.0,0.0
2003-12-30 00:00:00+09:00,-7.577053068915187,-7.577053068915187,-6.989334155455178,-7.477592945098877,3000,0.0,0.0,0.0
2003-12-31 00:00:00+09:00,-7.477592945098878,-7.477592945098878,-7.477592945098878,-7.477592945098877,0,0.0,0.0,0.0
2004-01-01 00:00:00+09:00,-7.477592945098878,-7.477592945098878,-7.477592945098878,-7.477592945098877,0,0.0,0.0,0.0
2004-01-02 00:00:00+09:00,-7.260589337908883,-7.4052586148784245,-7.052627252265166,-7.314840316772461,3000,0.0,0.0,0.0
2004-01-05 00:00:00+09:00,-7.540885793005233,-7.540885793005233,-6.9079577288441225,-7.170170783996582,10000,0.0,0.0,0.0
2004-01-06 00:00:00+09:00,-7.179212875560096,-7.179212875560096,-6.889874321381352,-7.115920066833496,1000,0.0,0.0,0.0
2004-01-07 00:00:00+09:00,-7.124961554201609,-7.504718388308802,-7.034543260366563,-7.387174606323242,4000,0.0,0.0,0.0
2004-01-08 00:00:00+09:00,-7.052627086639403,-7.314840144988818,-7.052627086639403,-7.052627086639404,25000,0.0,0.0,0.0
2004-01-09 00:00:00+09:00,-6.962209187055889,-7.558969974517821,-6.962209187055889,-7.558969974517822,39000,0.0,0.0,0.0
2004-01-12 00:00:00+09:00,-7.323882102966309,-7.4143004005337945,-6.971250742453116,-7.323882102966309,17000,0.0,0.0,0.0
2004-01-13 00:00:00+09:00,-7.323882146583058,-7.323882146583058,-6.980292613780396,-7.314840316772461,200,0.0,0.0,0.0
2004-01-14 00:00:00+09:00,-7.405259034321057,-7.405259034321057,-7.034543991088867,-7.034543991088867,40,0.0,0.0,0.0
2004-01-15 00:00:00+09:00,-7.0345435530432185,-7.2334638077565225,-7.016459893523827,-7.224421977996826,4000,0.0,0.0,0.0
2004-01-16 00:00:00+09:00,-7.2334643294637955,-7.2334643294637955,-6.781372808872309,-7.215380668640137,38000,0.0,0.0,0.0
2004-01-19 00:00:00+09:00,-7.052627340633067,-7.197296619415283,-7.0164600209375125,-7.197296619415283,19000,0.0,0.0,0.0
2004-01-20 00:00:00+09:00,-6.989334279451614,-7.143045382621961,-6.871790494674291,-7.052627086639404,38000,0.0,0.0,0.0
2004-01-21 00:00:00+09:00,-7.052627086639403,-7.052627086639403,-7.052627086639403,-7.052627086639404,0,0.0,0.0,0.0
2004-01-22 00:00:00+09:00,-7.052627086639403,-7.052627086639403,-7.052627086639403,-7.052627086639404,0,0.0,0.0,0.0
2004-01-23 00:00:00+09:00,-7.052627086639403,-7.052627086639403,-7.052627086639403,-7.052627086639404,0,0.0,0.0,0.0
2004-01-26 00:00:00+09:00,-6.962208790656847,-7.052627086639403,-6.962208790656847,-7.052627086639404,15000,0.0,0.0,0.0
2004-01-27 00:00:00+09:00,-7.052627043290571,-7.143045338717373,-6.528200929815118,-6.9622087478637695,20000,0.0,0.0,0.0
2004-01-28 00:00:00+09:00,-6.862748000428483,-6.962208116376722,-6.690953254699706,-6.690953254699707,31000,0.0,0.0,0.0
2004-01-29 00:00:00+09:00,-6.690953818117054,-6.690953818117054,-6.609577352761576,-6.67287015914917,26000,0.0,0.0,0.0
2004-01-30 00:00:00+09:00,-6.8717901940439265,-6.96220848607082,-6.582451659557867,-6.916999340057373,9000,0.0,0.0,0.0
2004-02-02 00:00:00+09:00,-6.564368785190718,-6.754247221125986,-6.356406688690185,-6.3564066886901855,48000,0.0,0.0,0.0
2004-02-03 00:00:00+09:00,-6.374489912012006,-6.573410164585431,-6.356406252687149,-6.5462846755981445,26000,0.0,0.0,0.0
2004-02-04 00:00:00+09:00,-6.528201016273289,-6.546284675598145,-6.211736978088295,-6.5462846755981445,120,0.0,0.0,0.0
2004-02-05 00:00:00+09:00,-6.338322332232061,-6.537242576610243,-6.202694892883301,-6.202694892883301,11000,0.0,0.0,0.0
2004-02-06 00:00:00+09:00,-6.464907947906667,-6.464907947906667,-6.238862215462378,-6.401615142822266,320,0.0,0.0,0.0
2004-02-09 00:00:00+09:00,-6.39257352959876,-6.455866336822511,-6.383531699995367,-6.45586633682251,2000,0.0,0.0,0.0
2004-02-10 00:00:00+09:00,-6.455866336822511,-6.455866336822511,-6.455866336822511,-6.45586633682251,1000,0.0,0.0,0.0
2004-02-11 00:00:00+09:00,-6.492033261931344,-6.492033261931344,-6.21173656120729,-6.437782287597656,2000,0.0,0.0,0.0
2004-02-12 00:00:00+09:00,-6.302155149688091,-6.58245186366274,-6.2931133202050376,-6.5734100341796875,12000,0.0,0.0,0.0
2004-02-13 00:00:00+09:00,-6.763288541331668,-6.78137220053309,-6.754246711730957,-6.754246711730957,18000,0.0,0.0,0.0
2004-02-16 00:00:00+09:00,-6.835622406005859,-7.41429943508572,-6.365447319878472,-6.5101165771484375,180000,0.0,0.0,0.0
2004-02-17 00:00:00+09:00,-6.419698730387801,-6.8537065318788075,-6.3654477552014255,-6.817539215087891,13000,0.0,0.0,0.0
2004-02-18 00:00:00+09:00,-6.817539215087891,-6.8446647026810785,-6.501075193167365,-6.817539215087891,250,0.0,0.0,0.0
2004-02-19 00:00:00+09:00,-6.962208116376722,-6.962208116376722,-6.464907536635527,-6.690953254699707,5000,0.0,0.0,0.0
2004-02-20 00:00:00+09:00,-6.862749099731444,-6.862749099731444,-6.862749099731444,-6.862749099731445,10,0.0,0.0,0.0
2004-02-23 00:00:00+09:00,-6.944125088778408,-6.9622087478637695,-6.419698975302956,-6.9622087478637695,3000,0.0,0.0,0.0
2004-02-24 00:00:00+09:00,-6.5191592634813595,-6.926041603088379,-6.5191592634813595,-6.926041603088379,70,0.0,0.0,0.0
2004-02-25 00:00:00+09:00,-6.4558662109375,-6.7813720703125,-6.338322428385417,-6.7813720703125,4000,0.0,0.0,0.0
2004-02-26 00:00:00+09:00,-6.492033569470331,-6.690953818117054,-6.329280638759375,-6.67287015914917,2000,0.0,0.0,0.0
2004-02-27 00:00:00+09:00,-7.4143001782266715,-7.4143001782266715,-6.37448978737781,-6.871790409088135,60,0.0,0.0,0.0
2004-03-01 00:00:00+09:00,-6.871790409088135,-6.871790409088135,-6.871790409088135,-6.871790409088135,0,0.0,0.0,0.0
2004-03-02 00:00:00+09:00,-6.383531869367157,-6.962208979338118,-6.383531869367157,-6.519159317016602,5000,0.0,0.0,0.0
2004-03-03 00:00:00+09:00,-6.510117650838601,-6.681912422180176,-6.320239219355809,-6.681912422180176,16000,0.0,0.0,0.0
2004-03-04 00:00:00+09:00,-6.654786543412642,-6.672870202498002,-6.654786543412642,-6.663828372955322,3000,0.0,0.0,0.0
2004-03-05 00:00:00+09:00,-6.681912422180176,-6.681912422180176,-6.681912422180176,-6.681912422180176,10,0.0,0.0,0.0
2004-03-08 00:00:00+09:00,-6.356405591964721,-6.690953254699706,-6.356405591964721,-6.690953254699707,510,0.0,0.0,0.0
2004-03-09 00:00:00+09:00,-6.510116629404564,-6.600534915924071,-6.510116629404564,-6.600534915924072,12000,0.0,0.0,0.0
2004-03-10 00:00:00+09:00,-6.365447267344301,-6.464907380896555,-6.184610697249292,-6.419698238372803,3000,0.0,0.0,0.0
2004-03-11 00:00:00+09:00,-6.32928063683476,-6.374489784240723,-6.148444047210909,-6.374489784240723,21000,0.0,0.0,0.0
2004-03-12 00:00:00+09:00,-6.34736442565918,-6.356406255325361,-6.076109535673744,-6.34736442565918,1000,0.0,0.0,0.0
2004-03-15 00:00:00+09:00,-6.4739498121166665,-6.4739498121166665,-5.94952371001783,-5.994732856750488,1000,0.0,0.0,0.0
2004-03-16 00:00:00+09:00,-5.967608206136779,-6.329281430751129,-5.967608206136779,-6.211737632751465,6000,0.0,0.0,0.0
2004-03-17 00:00:00+09:00,-5.985691282023554,-6.23886251449585,-5.985691282023554,-6.23886251449585,10000,0.0,0.0,0.0
2004-03-18 00:00:00+09:00,-6.329280811807383,-6.329280811807383,-6.094193238797395,-6.23886251449585,12000,0.0,0.0,0.0
2004-03-19 00:00:00+09:00,-6.238862733771332,-6.238862733771332,-5.994733322449845,-6.193653583526611,1000,0.0,0.0,0.0
2004-03-22 00:00:00+09:00,-6.1032349413091485,-6.139402259479869,-5.633059805089776,-6.067067623138428,14000,0.0,0.0,0.0
2004-03-23 00:00:00+09:00,-6.365448268912953,-6.365448268912953,-6.112277030944824,-6.112277030944824,20000,0.0,0.0,0.0
2004-03-24 00:00:00+09:00,-6.329280900400739,-6.329280900400739,-6.048984174811563,-6.220778942108154,270,0.0,0.0,0.0
2004-03-25 00:00:00+09:00,-6.365448360273321,-6.365448360273321,-5.841022216955349,-6.094193458557129,40000,0.0,0.0,0.0
2004-03-26 00:00:00+09:00,-5.850063879581328,-6.320239029099456,-5.850063879581328,-6.1303606033325195,30000,0.0,0.0,0.0
2004-03-29 00:00:00+09:00,-6.039942179197147,-6.039942179197147,-5.859105587005616,-5.859105587005615,45000,0.0,0.0,0.0
2004-03-30 00:00:00+09:00,-5.85910583978676,-6.05802609977952,-5.714436559792025,-6.003775119781494,25000,0.0,0.0,0.0
2004-03-31 00:00:00+09:00,-5.723478017616848,-5.985691070556641,-5.723478017616848,-5.985691070556641,36000,0.0,0.0,0.0
2004-04-01 00:00:00+09:00,-5.895272950706242,-6.0037749068542094,-5.750603675842285,-5.750603675842285,850,0.0,0.0,0.0
2004-04-02 00:00:00+09:00,-5.262344793839888,-5.967607498168945,-5.262344793839888,-5.7686872482299805,70,0.0,0.0,0.0
2004-04-05 00:00:00+09:00,-5.7686872482299805,-5.7686872482299805,-5.7686872482299805,-5.7686872482299805,0,0.0,0.0,0.0
2004-04-06 00:00:00+09:00,-5.922398787278395,-5.922398787278395,-5.877189636230469,-5.877189636230469,170,0.0,0.0,0.0
2004-04-07 00:00:00+09:00,-5.949523577799323,-5.958565406944915,-5.49743212051974,-5.922398090362549,90,0.0,0.0,0.0
2004-04-08 00:00:00+09:00,-5.605934357245161,-5.9585657119750985,-5.605934357245161,-5.958565711975098,9000,0.0,0.0,0.0
2004-04-09 00:00:00+09:00,-6.058025970691588,-6.058025970691588,-5.804854736095522,-5.931440353393555,4000,0.0,0.0,0.0
2004-04-12 00:00:00+09:00,-5.94952401300756,-5.94952401300756,-5.660185459183484,-5.931440353393555,6000,0.0,0.0,0.0
2004-04-13 00:00:00+09:00,-6.0670678415097985,-6.0670678415097985,-6.0218586921691895,-6.0218586921691895,2000,0.0,0.0,0.0
2004-04-14 00:00:00+09:00,-6.021858956597067,-6.021858956597067,-5.732520388111923,-5.9676079750061035,5000,0.0,0.0,0.0
2004-04-15 00:00:00+09:00,-5.967607975006103,-5.967607975006103,-5.967607975006103,-5.9676079750061035,0,0.0,0.0,0.0
2004-04-16 00:00:00+09:00,-5.7958126111267925,-5.994732856750488,-5.786770781780261,-5.994732856750488,5000,0.0,0.0,0.0
2004-04-19 00:00:00+09:00,-6.058025973711827,-6.058025973711827,-5.425097886906114,-5.831980228424072,54000,0.0,0.0,0.0
2004-04-20 00:00:00+09:00,-5.7506034112745725,-5.7506034112745725,-5.605934143066407,-5.605934143066406,5000,0.0,0.0,0.0
2004-04-21 00:00:00+09:00,-5.470306704121252,-5.605934143066407,-5.370846582228138,-5.605934143066406,54000,0.0,0.0,0.0
2004-04-22 00:00:00+09:00,-5.407014148040388,-5.750603675842285,-5.407014148040388,-5.750603675842285,31000,0.0,0.0,0.0
2004-04-23 00:00:00+09:00,-5.7867708631381864,-5.7867708631381864,-5.42509768419205,-5.678268909454346,29000,0.0,0.0,0.0
2004-04-26 00:00:00+09:00,-5.7686871165320985,-5.7686871165320985,-5.461264919099353,-5.696352481842041,41000,0.0,0.0,0.0
2004-04-27 00:00:00+09:00,-5.877189158647087,-5.877189158647087,-5.46126500280437,-5.777729034423828,68000,0.0,0.0,0.0
2004-04-28 00:00:00+09:00,-5.777729164879277,-5.786770994558275,-5.750603675842285,-5.750603675842285,2000,0.0,0.0,0.0
2004-04-29 00:00:00+09:00,-5.777729292834027,-5.822938442230225,-5.777729292834027,-5.822938442230225,3000,0.0,0.0,0.0
2004-04-30 00:00:00+09:00,-5.750603675842285,-5.750603675842285,-5.750603675842285,-5.750603675842285,3000,0.0,0.0,0.0
2004-05-03 00:00:00+09:00,-5.768687161803245,-5.786770820617676,-5.768687161803245,-5.786770820617676,1000,0.0,0.0,0.0
2004-05-04 00:00:00+09:00,-5.5155164278470545,-5.958566108116736,-5.5155164278470545,-5.877189636230469,11000,0.0,0.0,0.0
2004-05-05 00:00:00+09:00,-5.877189636230469,-5.877189636230469,-5.877189636230469,-5.877189636230469,0,0.0,0.0,0.0
2004-05-06 00:00:00+09:00,-6.2931139384999,-6.2931139384999,-6.130360991814557,-6.148444652557373,2000,0.0,0.0,0.0
2004-05-07 00:00:00+09:00,-6.058026277657711,-6.139402750044157,-5.786771369702888,-5.9676079750061035,4000,0.0,0.0,0.0
2004-05-10 00:00:00+09:00,-5.660185579794,-6.130360739776887,-5.479348979800581,-6.003775119781494,9000,0.0,0.0,0.0
2004-05-11 00:00:00+09:00,-5.868147373199463,-5.868147373199463,-5.868147373199463,-5.868147373199463,2000,0.0,0.0,0.0
2004-05-12 00:00:00+09:00,-5.497432279586792,-5.8591054558753966,-5.497432279586792,-5.786770820617676,1000,0.0,0.0,0.0
2004-05-13 00:00:00+09:00,-5.786770863898671,-5.786770863898671,-5.777729034423829,-5.777729034423828,4000,0.0,0.0,0.0
2004-05-14 00:00:00+09:00,-5.605934357937472,-5.859105587005616,-5.605934357937472,-5.859105587005615,11000,0.0,0.0,0.0
2004-05-17 00:00:00+09:00,-5.7867710508149255,-5.7867710508149255,-5.190010286199636,-5.244261264801025,11000,0.0,0.0,0.0
2004-05-18 00:00:00+09:00,-4.891629745246498,-5.678268909454346,-4.882587915772845,-5.678268909454346,550,0.0,0.0,0.0
2004-05-19 00:00:00+09:00,-5.7867708191015,-5.7867708191015,-5.117675443142889,-5.687310695648193,10000,0.0,0.0,0.0
2004-05-20 00:00:00+09:00,-5.741561846163288,-5.750603675842285,-5.741561846163288,-5.750603675842285,1000,0.0,0.0,0.0
2004-05-21 00:00:00+09:00,-5.75060358914462,-5.786770907315341,-5.144801009785045,-5.7686872482299805,51000,0.0,0.0,0.0
2004-05-24 00:00:00+09:00,-5.19001011855912,-5.786770863898671,-5.19001011855912,-5.777729034423828,68000,0.0,0.0,0.0
2004-05-25 00:00:00+09:00,-5.488390490507624,-5.696352568401652,-5.253302924192635,-5.678268909454346,22000,0.0,0.0,0.0
2004-05-26 00:00:00+09:00,-5.678268909454346,-5.678268909454346,-5.678268909454346,-5.678268909454346,0,0.0,0.0,0.0
2004-05-27 00:00:00+09:00,-5.57880851631355,-5.57880851631355,-5.262344499991063,-5.434139251708984,52000,0.0,0.0,0.0
2004-05-28 00:00:00+09:00,-5.425097504440619,-5.425097504440619,-5.316595554351807,-5.316595554351807,40000,0.0,0.0,0.0
2004-05-31 00:00:00+09:00,-5.090550032528964,-5.370846748352051,-5.063424543900923,-5.370846748352051,7000,0.0,0.0,0.0
2004-06-01 00:00:00+09:00,-5.497432270116507,-5.497432270116507,-4.973006165401445,-5.190010070800781,16000,0.0,0.0,0.0
2004-06-02 00:00:00+09:00,-5.171926931144888,-5.180968761444093,-5.171926931144888,-5.180968761444092,5000,0.0,0.0,0.0
2004-06-03 00:00:00+09:00,-5.461264645731127,-5.461264645731127,-5.343720870243536,-5.352762699127197,870,0.0,0.0,0.0
2004-06-04 00:00:00+09:00,-5.352762964892657,-5.596892356872559,-5.352762964892657,-5.596892356872559,2000,0.0,0.0,0.0
2004-06-07 00:00:00+09:00,-5.244261344273885,-5.425097942352295,-5.2080940246582035,-5.425097942352295,3000,0.0,0.0,0.0
2004-06-08 00:00:00+09:00,-5.199052066802978,-5.696352699279785,-5.0905501106262205,-5.651143550872803,700,0.0,0.0,0.0
2004-06-09 00:00:00+09:00,-5.190010237121582,-5.651143550872803,-5.153842918395996,-5.651143550872803,3000,0.0,0.0,0.0
2004-06-10 00:00:00+09:00,-5.08150816419322,-5.678268909454346,-5.000131698930339,-5.678268909454346,3000,0.0,0.0,0.0
2004-06-11 00:00:00+09:00,-5.416055722380163,-5.416055722380163,-5.407013893127441,-5.407013893127441,0,0.0,0.0,0.0
2004-06-14 00:00:00+09:00,-5.407013893127441,-5.407013893127441,-5.28042828358934,-5.407013893127441,120,0.0,0.0,0.0
2004-06-15 00:00:00+09:00,-5.388930451005547,-5.388930451005547,-5.361804962158203,-5.361804962158203,130,0.0,0.0,0.0
2004-06-16 00:00:00+09:00,-5.407013893127441,-5.407013893127441,-5.407013893127441,-5.407013893127441,5000,0.0,0.0,0.0
2004-06-17 00:00:00+09:00,-5.3979716724997395,-5.407013501096892,-5.388929843902588,-5.388929843902588,15000,0.0,0.0,0.0
2004-06-18 00:00:00+09:00,-5.2442605863481555,-5.388929843902588,-5.063424014405116,-5.388929843902588,690,0.0,0.0,0.0
2004-06-21 00:00:00+09:00,-6.030900059103155,-6.030900059103155,-5.081507995826047,-5.316595554351807,35000,0.0,0.0,0.0
2004-06-22 00:00:00+09:00,-5.298511938910671,-5.3165955974052475,-4.737918525578825,-5.307553768157959,56000,0.0,0.0,0.0
2004-06-23 00:00:00+09:00,-5.3075542889357425,-5.3075542889357425,-5.2985124588012695,-5.2985124588012695,20000,0.0,0.0,0.0
2004-06-24 00:00:00+09:00,-5.280428017947272,-5.280428017947272,-4.828336578054526,-5.2623443603515625,25000,0.0,0.0,0.0
2004-06-25 00:00:00+09:00,-5.262344452330304,-5.352762741889244,-4.737918372888452,-5.34372091293335,20000,0.0,0.0,0.0
2004-06-28 00:00:00+09:00,-5.316595943903519,-5.33467960357666,-4.810253473055565,-5.33467960357666,54000,0.0,0.0,0.0
2004-06-29 00:00:00+09:00,-5.000131861094771,-5.244261264801025,-5.000131861094771,-5.244261264801025,36000,0.0,0.0,0.0
2004-06-30 00:00:00+09:00,-4.982047547234429,-5.334678861829969,-4.973005718655056,-5.2894697189331055,4000,0.0,0.0,0.0
2004-07-01 00:00:00+09:00,-5.208093904194079,-5.208093904194079,-4.936839013350637,-5.153842926025391,12000,0.0,0.0,0.0
2004-07-02 00:00:00+09:00,-5.3075542889357425,-5.3075542889357425,-4.95492291369129,-5.2985124588012695,1000,0.0,0.0,0.0
2004-07-05 00:00:00+09:00,-5.2985124588012695,-5.2985124588012695,-5.081508535573914,-5.2985124588012695,420,0.0,0.0,0.0
2004-07-06 00:00:00+09:00,-5.045340633722326,-5.226177215576172,-4.891629539146556,-5.226177215576172,15000,0.0,0.0,0.0
2004-07-07 00:00:00+09:00,-5.045340710168281,-5.045340710168281,-4.828336808655666,-5.009173393249512,3000,0.0,0.0,0.0
2004-07-08 00:00:00+09:00,-4.891629944605325,-5.235219478607178,-4.891629944605325,-5.235219478607178,110,0.0,0.0,0.0
2004-07-09 00:00:00+09:00,-5.280428798532323,-5.2985124588012695,-5.280428798532323,-5.2985124588012695,70,0.0,0.0,0.0
2004-07-12 00:00:00+09:00,-4.900671612132679,-5.2985121120106085,-4.882587953047318,-4.973006248474121,4000,0.0,0.0,0.0
2004-07-13 00:00:00+09:00,-5.153843234317976,-5.153843234317976,-4.954922969133773,-5.090550422668457,1000,0.0,0.0,0.0
2004-07-14 00:00:00+09:00,-5.2171359941233755,-5.2171359941233755,-4.864504618437394,-5.199052333831787,580,0.0,0.0,0.0
2004-07-15 00:00:00+09:00,-4.882587560728275,-4.973005848889911,-4.593249038611044,-4.855462074279785,19000,0.0,0.0,0.0
2004-07-16 00:00:00+09:00,-5.027257763320186,-5.027257763320186,-4.855462983638381,-4.864504814147949,510,0.0,0.0,0.0
2004-07-19 00:00:00+09:00,-4.7198354015831185,-5.018215800533775,-4.303911209106445,-4.303911209106445,16000,0.0,0.0,0.0
2004-07-20 00:00:00+09:00,-4.43049617972507,-4.557081784860071,-4.43049617972507,-4.538998126983643,7000,0.0,0.0,0.0
2004-07-21 00:00:00+09:00,-4.611332765099598,-4.665583738806652,-4.5389981334901925,-4.638458251953125,10000,0.0,0.0,0.0
2004-07-22 00:00:00+09:00,-4.5209143001571475,-4.575165271759033,-4.511872471556833,-4.575165271759033,3000,0.0,0.0,0.0
2004-07-23 00:00:00+09:00,-4.448580390930176,-4.538998691558838,-4.421454900741577,-4.5209150314331055,6000,0.0,0.0,0.0
2004-07-26 00:00:00+09:00,-4.430496860557878,-4.538998824489908,-4.430496860557878,-4.4937896728515625,27000,0.0,0.0,0.0
2004-07-27 00:00:00+09:00,-4.520914992507623,-4.520914992507623,-4.430496692657471,-4.430496692657471,54000,0.0,0.0,0.0
2004-07-28 00:00:00+09:00,-4.520914469107214,-4.575165442736501,-4.484747153354356,-4.538998126983643,68000,0.0,0.0,0.0
2004-07-29 00:00:00+09:00,-5.0091736131860305,-5.0091736131860305,-4.312952731930932,-4.665584087371826,53000,0.0,0.0,0.0
2004-07-30 00:00:00+09:00,-4.249660003973816,-4.647500514984131,-4.249660003973816,-4.647500514984131,20,0.0,0.0,0.0
2004-08-02 00:00:00+09:00,-4.213492606037347,-4.665584087371826,-4.213492606037347,-4.665584087371826,80,0.0,0.0,0.0
2004-08-03 00:00:00+09:00,-4.312952773911612,-4.557082176208496,-4.312952773911612,-4.557082176208496,500,0.0,0.0,0.0
2004-08-04 00:00:00+09:00,-4.557082089510831,-4.557082089510831,-4.303910862315784,-4.475705623626709,1000,0.0,0.0,0.0
2004-08-05 00:00:00+09:00,-4.61133337020874,-4.61133337020874,-4.61133337020874,-4.61133337020874,10,0.0,0.0,0.0
2004-08-06 00:00:00+09:00,-4.340077919850518,-4.39432889384865,-4.159241339856747,-4.33103609085083,26000,0.0,0.0,0.0
2004-08-09 00:00:00+09:00,-4.321994603626312,-4.611333154496692,-4.321994603626312,-4.557082176208496,8000,0.0,0.0,0.0
2004-08-10 00:00:00+09:00,-4.5751659724177145,-4.7107934221929435,-4.430496692657471,-4.430496692657471,4000,0.0,0.0,0.0
2004-08-11 00:00:00+09:00,-4.593249280636127,-4.701751232147217,-4.557081963465764,-4.701751232147217,6000,0.0,0.0,0.0
2004-08-12 00:00:00+09:00,-4.701751403252717,-4.963964462280273,-4.520914810819921,-4.963964462280273,2000,0.0,0.0,0.0
2004-08-13 00:00:00+09:00,-5.2080943972565406,-5.2080943972565406,-4.520915275396303,-5.054383277893066,6000,0.0,0.0,0.0
2004-08-16 00:00:00+09:00,-4.7288769303706655,-5.316595860531455,-4.701751441286321,-5.153842926025391,10000,0.0,0.0,0.0
2004-08-17 00:00:00+09:00,-4.566124041578663,-4.846420764923096,-4.548040382008054,-4.846420764923096,2000,0.0,0.0,0.0
2004-08-18 00:00:00+09:00,-4.882588167803003,-4.927797317504883,-4.629416929472477,-4.927797317504883,3000,0.0,0.0,0.0
2004-08-19 00:00:00+09:00,-4.918755357282875,-4.954922676086426,-4.52091485044382,-4.954922676086426,7000,0.0,0.0,0.0
2004-08-20 00:00:00+09:00,-4.538998647602257,-4.891630016639085,-4.529956817626953,-4.529956817626953,5000,0.0,0.0,0.0
2004-08-23 00:00:00+09:00,-4.557082554357886,-4.674626350402832,-4.529957062962899,-4.674626350402832,44000,0.0,0.0,0.0
2004-08-24 00:00:00+09:00,-4.575165831997368,-4.79216974497748,-4.575165831997368,-4.756002426147461,10000,0.0,0.0,0.0
2004-08-25 00:00:00+09:00,-4.900671523472048,-4.900671523472048,-4.52995651892896,-4.792169570922852,52000,0.0,0.0,0.0
2004-08-26 00:00:00+09:00,-4.756001906784029,-4.76504373550415,-4.557081674941351,-4.76504373550415,41000,0.0,0.0,0.0
2004-08-27 00:00:00+09:00,-4.900672136186224,-4.900672136186224,-4.701751864975713,-4.864504814147949,7000,0.0,0.0,0.0
2004-08-30 00:00:00+09:00,-4.79216974497748,-4.81025340439249,-4.756002426147461,-4.756002426147461,66000,0.0,0.0,0.0
2004-08-31 00:00:00+09:00,-4.61133337020874,-4.6203752003464045,-4.61133337020874,-4.61133337020874,10000,0.0,0.0,0.0
2004-09-01 00:00:00+09:00,-4.73791854931758,-4.73791854931758,-4.5299564755879915,-4.701751232147217,570,0.0,0.0,0.0
2004-09-02 00:00:00+09:00,-4.846420759795814,-5.0453410148620605,-4.846420759795814,-5.0453410148620605,14000,0.0,0.0,0.0
2004-09-03 00:00:00+09:00,-5.117675819330746,-5.208094120025635,-5.117675819330746,-5.208094120025635,5000,0.0,0.0,0.0
2004-09-06 00:00:00+09:00,-4.8916296940929485,-5.253302869256937,-4.792169570922852,-4.792169570922852,12000,0.0,0.0,0.0
2004-09-07 00:00:00+09:00,-4.520914887869229,-5.0453410148620605,-4.520914887869229,-5.0453410148620605,90,0.0,0.0,0.0
2004-09-08 00:00:00+09:00,-5.208094120025635,-5.217135950095124,-5.208094120025635,-5.208094120025635,60,0.0,0.0,0.0
2004-09-09 00:00:00+09:00,-4.909713441675359,-4.973006248474121,-4.7107931917363945,-4.973006248474121,380,0.0,0.0,0.0
2004-09-10 00:00:00+09:00,-4.656542255144519,-4.963964462280273,-4.6113331070363195,-4.963964462280273,6000,0.0,0.0,0.0
2004-09-13 00:00:00+09:00,-4.963964462280273,-4.963964462280273,-4.701751403252717,-4.963964462280273,2000,0.0,0.0,0.0
2004-09-14 00:00:00+09:00,-4.954922632658633,-4.963964462280273,-4.710793232874358,-4.963964462280273,580,0.0,0.0,0.0
2004-09-15 00:00:00+09:00,-4.746960627621618,-5.244261264801025,-4.73791879785472,-5.244261264801025,130,0.0,0.0,0.0
2004-09-16 00:00:00+09:00,-5.063424844657425,-5.108633995056152,-5.063424844657425,-5.108633995056152,30,0.0,0.0,0.0
2004-09-17 00:00:00+09:00,-4.837378681974208,-5.0995917320251465,-4.837378681974208,-5.0995917320251465,180,0.0,0.0,0.0
2004-09-20 00:00:00+09:00,-4.973006204322532,-4.973006204322532,-4.810253273999249,-4.882587909698486,53000,0.0,0.0,0.0
2004-09-21 00:00:00+09:00,-4.973006000980787,-5.244260873761557,-4.918755026424632,-5.226177215576172,72000,0.0,0.0,0.0
2004-09-22 00:00:00+09:00,-5.407013899280179,-5.732519752748551,-5.15384267991589,-5.605934143066406,95000,0.0,0.0,0.0
2004-09-23 00:00:00+09:00,-5.714436073165508,-5.714436073165508,-5.009173393249512,-5.009173393249512,41000,0.0,0.0,0.0
2004-09-24 00:00:00+09:00,-5.226177354236412,-5.605934186205147,-4.900671498263209,-5.596892356872559,73000,0.0,0.0,0.0
2004-09-27 00:00:00+09:00,-5.596892356872559,-5.596892356872559,-5.596892356872559,-5.596892356872559,0,0.0,0.0,0.0
2004-09-28 00:00:00+09:00,-5.596892356872559,-5.596892356872559,-5.596892356872559,-5.596892356872559,0,0.0,0.0,0.0
2004-09-29 00:00:00+09:00,-5.596892356872559,-5.596892356872559,-5.596892356872559,-5.596892356872559,0,0.0,0.0,0.0
2004-09-30 00:00:00+09:00,-5.5155161071677945,-5.605934404006611,-5.081508282341476,-5.55168342590332,42000,0.0,0.0,0.0
2004-10-01 00:00:00+09:00,-5.16288470706822,-5.877189246224769,-5.16288470706822,-5.859105587005615,12000,0.0,0.0,0.0
2004-10-04 00:00:00+09:00,-6.05802603562673,-6.05802603562673,-5.190010364850362,-5.425097942352295,68000,0.0,0.0,0.0
2004-10-05 00:00:00+09:00,-5.425097379969601,-5.696352248968081,-5.425097379969601,-5.443181037902832,67000,0.0,0.0,0.0
2004-10-06 00:00:00+09:00,-5.425097601754325,-5.696352481842041,-5.425097601754325,-5.696352481842041,6000,0.0,0.0,0.0
2004-10-07 00:00:00+09:00,-5.642101275168384,-5.750603222767777,-5.425097379969601,-5.443181037902832,16000,0.0,0.0,0.0
2004-10-08 00:00:00+09:00,-5.741561541828928,-5.741561541828928,-5.714436054229736,-5.714436054229736,1000,0.0,0.0,0.0
2004-10-11 00:00:00+09:00,-5.515516281127929,-5.605934580818551,-5.515516281127929,-5.51551628112793,25000,0.0,0.0,0.0
2004-10-12 00:00:00+09:00,-5.443181080746769,-5.452222909784555,-5.4250974226711985,-5.434139251708984,15000,0.0,0.0,0.0
2004-10-13 00:00:00+09:00,-5.515515850436303,-5.69635243569651,-5.479348533384262,-5.605934143066406,25000,0.0,0.0,0.0
2004-10-14 00:00:00+09:00,-5.587850484540386,-5.723477923485541,-5.587850484540386,-5.605934143066406,2000,0.0,0.0,0.0
2004-10-15 00:00:00+09:00,-5.605933887128251,-5.660184860229492,-5.533599256326596,-5.660184860229492,12000,0.0,0.0,0.0
2004-10-18 00:00:00+09:00,-5.533599897219194,-5.750603814757202,-5.524558067321777,-5.524558067321777,1000,0.0,0.0,0.0
2004-10-19 00:00:00+09:00,-5.515516145961492,-5.741561889648438,-5.515516145961492,-5.7415618896484375,20000,0.0,0.0,0.0
2004-10-20 00:00:00+09:00,-5.732519752748551,-5.732519752748551,-5.479348533384262,-5.605934143066406,41000,0.0,0.0,0.0
2004-10-21 00:00:00+09:00,-5.488390407108125,-5.696352481842041,-5.479348577771868,-5.696352481842041,85000,0.0,0.0,0.0
2004-10-22 00:00:00+09:00,-5.714436094222531,-5.714436094222531,-5.542641338225335,-5.605934143066406,15000,0.0,0.0,0.0
2004-10-25 00:00:00+09:00,-5.416055593633414,-5.506473884011267,-5.416055593633414,-5.434139251708984,2000,0.0,0.0,0.0
2004-10-26 00:00:00+09:00,-5.443181260426839,-5.696352481842041,-5.443181260426839,-5.696352481842041,130,0.0,0.0,0.0
2004-10-27 00:00:00+09:00,-5.533599941066053,-5.569767260942302,-5.515516281127929,-5.51551628112793,25000,0.0,0.0,0.0
2004-10-28 00:00:00+09:00,-5.452223089763096,-5.696352481842041,-5.452223089763096,-5.696352481842041,1000,0.0,0.0,0.0
2004-10-29 00:00:00+09:00,-5.452223300933838,-5.452223300933838,-5.452223300933838,-5.452223300933838,100,0.0,0.0,0.0
2004-11-01 00:00:00+09:00,-5.443181037902833,-5.443181037902833,-5.425097379969601,-5.443181037902832,62000,0.0,0.0,0.0
2004-11-02 00:00:00+09:00,-5.642101764678955,-5.642101764678955,-5.642101764678955,-5.642101764678955,10,0.0,0.0,0.0
2004-11-03 00:00:00+09:00,-5.515515548842294,-5.569766521453857,-5.4431809186935425,-5.569766521453857,17000,0.0,0.0,0.0
2004-11-04 00:00:00+09:00,-5.678268909454346,-5.678268909454346,-5.678268909454346,-5.678268909454346,10,0.0,0.0,0.0
2004-11-05 00:00:00+09:00,-5.4341393870692105,-5.605934143066407,-5.4250975578062,-5.605934143066406,35000,0.0,0.0,0.0
2004-11-08 00:00:00+09:00,-5.470307001670849,-5.560725299219128,-5.452223342161194,-5.542641639709473,3000,0.0,0.0,0.0
2004-11-09 00:00:00+09:00,-5.470306743916713,-5.497432231903076,-5.443181255930349,-5.497432231903076,12000,0.0,0.0,0.0
2004-11-10 00:00:00+09:00,-5.497432405585484,-5.786770953247879,-5.4612650871276855,-5.4612650871276855,2000,0.0,0.0,0.0
2004-11-11 00:00:00+09:00,-5.452222925631406,-5.732519626617432,-5.452222925631406,-5.732519626617432,720,0.0,0.0,0.0
2004-11-12 00:00:00+09:00,-5.533599597215653,-5.877189114689827,-5.461264961957932,-5.786770820617676,2000,0.0,0.0,0.0
2004-11-15 00:00:00+09:00,-5.786771369702888,-5.967607975006103,-5.786771369702888,-5.9676079750061035,11000,0.0,0.0,0.0
2004-11-16 00:00:00+09:00,-6.030900786862229,-6.058026277657711,-5.605934764399673,-5.9676079750061035,8000,0.0,0.0,0.0
2004-11-17 00:00:00+09:00,-5.9133567948272265,-5.967607774596284,-5.533599936443827,-5.614976406097412,7000,0.0,0.0,0.0
2004-11-18 00:00:00+09:00,-5.786770950129004,-5.877189246224769,-5.786770950129004,-5.859105587005615,20000,0.0,0.0,0.0
2004-11-19 00:00:00+09:00,-5.696352697768302,-5.786770994558275,-5.515516104188356,-5.750603675842285,160,0.0,0.0,0.0
2004-11-22 00:00:00+09:00,-5.696352526545525,-5.841021797060967,-5.696352526545525,-5.786770820617676,3000,0.0,0.0,0.0
2004-11-23 00:00:00+09:00,-5.786770772856926,-5.786770772856926,-5.515515892879257,-5.596892356872559,320,0.0,0.0,0.0
2004-11-24 00:00:00+09:00,-5.488390532406894,-5.515516021034934,-5.461265043778853,-5.470306873321533,21000,0.0,0.0,0.0
2004-11-25 00:00:00+09:00,-5.443181080746769,-5.497432054973482,-5.434139251708984,-5.434139251708984,7000,0.0,0.0,0.0
2004-11-26 00:00:00+09:00,-5.696352248968081,-5.696352248968081,-4.801211181273096,-5.443181037902832,60000,0.0,0.0,0.0
2004-11-29 00:00:00+09:00,-5.153843082365442,-5.515516281127929,-4.973006482984198,-5.51551628112793,33000,0.0,0.0,0.0
2004-11-30 00:00:00+09:00,-5.425097158291195,-5.425097158291195,-5.388929843902588,-5.388929843902588,24000,0.0,0.0,0.0
2004-12-01 00:00:00+09:00,-5.425097942352295,-5.425097942352295,-5.425097942352295,-5.425097942352295,430,0.0,0.0,0.0
2004-12-02 00:00:00+09:00,-5.370846922922943,-5.515516200308072,-5.33467960357666,-5.33467960357666,2000,0.0,0.0,0.0
2004-12-03 00:00:00+09:00,-5.2985124588012695,-5.2985124588012695,-5.2985124588012695,-5.2985124588012695,3000,0.0,0.0,0.0
2004-12-06 00:00:00+09:00,-5.262345004081726,-5.425097942352295,-5.262345004081726,-5.425097942352295,1000,0.0,0.0,0.0
2004-12-07 00:00:00+09:00,-5.334679779339162,-5.407014420414947,-5.2985124588012695,-5.2985124588012695,12000,0.0,0.0,0.0
2004-12-08 00:00:00+09:00,-5.334679562470009,-5.334679562470009,-5.244261264801025,-5.244261264801025,4000,0.0,0.0,0.0
2004-12-09 00:00:00+09:00,-5.153843006845248,-5.33467960357666,-4.792169813382424,-5.33467960357666,1000,0.0,0.0,0.0
2004-12-10 00:00:00+09:00,-5.244261305210954,-5.605934498673779,-5.244261305210954,-5.33467960357666,1000,0.0,0.0,0.0
2004-12-13 00:00:00+09:00,-5.253302574157715,-5.289469889642449,-4.973005879151021,-5.253302574157715,350,0.0,0.0,0.0
2004-12-14 00:00:00+09:00,-5.244261264801025,-5.244261264801025,-5.244261264801025,-5.244261264801025,1000,0.0,0.0,0.0
2004-12-15 00:00:00+09:00,-5.2985124588012695,-5.2985124588012695,-5.2985124588012695,-5.2985124588012695,1000,0.0,0.0,0.0
2004-12-16 00:00:00+09:00,-5.289470461052908,-5.289470461052908,-5.135759353637695,-5.135759353637695,0,0.0,0.0,0.0
2004-12-17 00:00:00+09:00,-5.2985115475124775,-5.3165952046712235,-4.973005718655056,-5.2894697189331055,3000,0.0,0.0,0.0
2004-12-20 00:00:00+09:00,-5.2894697189331055,-5.2894697189331055,-5.2894697189331055,-5.2894697189331055,10,0.0,0.0,0.0
2004-12-21 00:00:00+09:00,-5.0453410863876345,-5.425097942352295,-5.009173766771952,-5.425097942352295,18000,0.0,0.0,0.0
2004-12-22 00:00:00+09:00,-5.4250979814373075,-5.605934580818551,-4.792169883602955,-5.51551628112793,18000,0.0,0.0,0.0
2004-12-23 00:00:00+09:00,-4.97300644715627,-5.425097942352295,-4.882588148117065,-5.425097942352295,73000,0.0,0.0,0.0
2004-12-24 00:00:00+09:00,-5.407014200605196,-5.425097860138992,-4.90067173365889,-5.244261264801025,69000,0.0,0.0,0.0
2004-12-27 00:00:00+09:00,-4.936838972568512,-5.425097772053309,-4.79216969864709,-5.063424587249756,61000,0.0,0.0,0.0
2004-12-28 00:00:00+09:00,-5.226176752501716,-5.325636863708496,-4.891629105715274,-5.325636863708496,121000,0.0,0.0,0.0
2004-12-29 00:00:00+09:00,-5.244260924885388,-5.416055679321289,-5.244260924885388,-5.416055679321289,30,0.0,0.0,0.0
2004-12-30 00:00:00+09:00,-5.768687403024132,-5.768687403024132,-4.846420764923096,-4.846420764923096,26000,0.0,0.0,0.0
2004-12-31 00:00:00+09:00,-4.846420764923096,-4.846420764923096,-4.846420764923096,-4.846420764923096,0,0.0,0.0,0.0
2005-01-03 00:00:00+09:00,-5.0905501587637545,-5.244261264801025,-4.9910900313278725,-5.244261264801025,960,0.0,0.0,0.0
2005-01-04 00:00:00+09:00,-5.072466194300362,-5.108633511193769,-4.909713268280029,-4.909713268280029,13000,0.0,0.0,0.0
2005-01-05 00:00:00+09:00,-5.036299276789394,-5.036299276789394,-4.918755487564507,-4.927797317504883,510,0.0,0.0,0.0
2005-01-06 00:00:00+09:00,-5.2080939508253525,-5.2080939508253525,-4.954922717104676,-5.0453410148620605,5000,0.0,0.0,0.0
2005-01-07 00:00:00+09:00,-5.208094163977581,-5.208094163977581,-4.882588278728982,-5.199052333831787,22000,0.0,0.0,0.0
2005-01-10 00:00:00+09:00,-5.171926669712099,-5.235219478607178,-5.171926669712099,-5.235219478607178,30,0.0,0.0,0.0
2005-01-11 00:00:00+09:00,-4.9006719390205715,-5.199052333831787,-4.9006719390205715,-5.199052333831787,8000,0.0,0.0,0.0
2005-01-12 00:00:00+09:00,-5.190010364850362,-5.425097942352295,-5.190010364850362,-5.425097942352295,5000,0.0,0.0,0.0
2005-01-13 00:00:00+09:00,-5.416056129572203,-5.416056129572203,-5.027257442474365,-5.027257442474365,320,0.0,0.0,0.0
2005-01-14 00:00:00+09:00,-5.063424421914259,-5.397972106933594,-5.063424421914259,-5.397972106933594,4000,0.0,0.0,0.0
2005-01-17 00:00:00+09:00,-5.3708469629287725,-5.5155162413914995,-5.063424746195476,-5.425097942352295,12000,0.0,0.0,0.0
2005-01-18 00:00:00+09:00,-5.515515938401222,-5.786770820617676,-4.918755197525025,-5.786770820617676,11000,0.0,0.0,0.0
2005-01-19 00:00:00+09:00,-5.696352611888538,-5.931440179998224,-5.515516021034934,-5.868147373199463,30000,0.0,0.0,0.0
2005-01-20 00:00:00+09:00,-5.542641338225335,-5.786770728326614,-5.280428289598035,-5.605934143066406,26000,0.0,0.0,0.0
2005-01-21 00:00:00+09:00,-5.7686871165320985,-5.7686871165320985,-5.605934188479469,-5.696352481842041,20000,0.0,0.0,0.0
2005-01-24 00:00:00+09:00,-5.605934143066407,-5.6873106064335,-5.524557679699313,-5.605934143066406,28000,0.0,0.0,0.0
2005-01-25 00:00:00+09:00,-5.596892313803396,-5.605934143066407,-5.515515850436303,-5.605934143066406,40000,0.0,0.0,0.0
2005-01-26 00:00:00+09:00,-5.569766868874791,-5.605934186205147,-5.515515892879257,-5.596892356872559,44000,0.0,0.0,0.0
2005-01-27 00:00:00+09:00,-5.425097261156354,-5.569766521453857,-5.425097261156354,-5.569766521453857,25000,0.0,0.0,0.0
2005-01-28 00:00:00+09:00,-5.786770772856926,-5.786770772856926,-5.244261012901589,-5.596892356872559,270,0.0,0.0,0.0
2005-01-31 00:00:00+09:00,-5.569766521453857,-5.5788083502224515,-5.25330251455307,-5.569766521453857,4000,0.0,0.0,0.0
2005-02-01 00:00:00+09:00,-5.678268517929906,-5.678268517929906,-5.298511706221218,-5.660184860229492,60000,0.0,0.0,0.0
2005-02-02 00:00:00+09:00,-5.578808574314931,-5.723477840423584,-5.578808574314931,-5.723477840423584,50,0.0,0.0,0.0
2005-02-03 00:00:00+09:00,-5.596892359143212,-5.777728945868356,-5.596892359143212,-5.696352481842041,13000,0.0,0.0,0.0
2005-02-04 00:00:00+09:00,-5.696352568401652,-5.696352568401652,-5.479348661033971,-5.678268909454346,8000,0.0,0.0,0.0
2005-02-07 00:00:00+09:00,-5.687310596544049,-5.687310596544049,-5.30755376815796,-5.307553768157959,0,0.0,0.0,0.0
2005-02-08 00:00:00+09:00,-5.30755376815796,-5.30755376815796,-5.30755376815796,-5.307553768157959,0,0.0,0.0,0.0
2005-02-09 00:00:00+09:00,-5.30755376815796,-5.30755376815796,-5.30755376815796,-5.307553768157959,0,0.0,0.0,0.0
2005-02-10 00:00:00+09:00,-5.30755376815796,-5.30755376815796,-5.30755376815796,-5.307553768157959,0,0.0,0.0,0.0
2005-02-11 00:00:00+09:00,-5.750603457859584,-5.750603457859584,-5.696352481842041,-5.696352481842041,310,0.0,0.0,0.0
2005-02-14 00:00:00+09:00,-5.750603284745562,-6.148443763564438,-5.5426412162720595,-5.732519626617432,24000,0.0,0.0,0.0
2005-02-15 00:00:00+09:00,-5.93144034249442,-6.329280853271484,-5.750603746686663,-6.329280853271484,23000,0.0,0.0,0.0
2005-02-16 00:00:00+09:00,-6.582451865547582,-7.016459680858412,-6.157485879722395,-6.871790409088135,46000,0.0,0.0,0.0
2005-02-17 00:00:00+09:00,-6.889874590244217,-7.233464136739336,-6.275030138621374,-6.862749099731445,23000,0.0,0.0,0.0
2005-02-18 00:00:00+09:00,-6.076109202634623,-7.016459436375696,-6.076109202634623,-6.3202385902404785,20000,0.0,0.0,0.0
2005-02-21 00:00:00+09:00,-6.555327009706179,-6.555327009706179,-6.166528304302917,-6.2479047775268555,70000,0.0,0.0,0.0
2005-02-22 00:00:00+09:00,-6.256946214948382,-6.510117449079241,-6.076109619140625,-6.329280853271484,41000,0.0,0.0,0.0
2005-02-23 00:00:00+09:00,-6.311197553962338,-6.690954426836862,-6.0489844750727855,-6.157486438751221,5000,0.0,0.0,0.0
2005-02-24 00:00:00+09:00,-5.98569103735071,-6.564368116490356,-5.98569103735071,-6.4920334815979,10000,0.0,0.0,0.0
2005-02-25 00:00:00+09:00,-6.66382819521908,-6.66382819521908,-6.184611242238604,-6.501075267791748,2000,0.0,0.0,0.0
2005-02-28 00:00:00+09:00,-6.681912434150983,-6.681912434150983,-6.076109818334858,-6.482992172241211,1000,0.0,0.0,0.0
2005-03-01 00:00:00+09:00,-6.482992172241211,-6.482992172241211,-6.482992172241211,-6.482992172241211,0,0.0,0.0,0.0
2005-03-02 00:00:00+09:00,-6.1574859612249915,-7.143045388205203,-6.148444131619668,-6.256946086883545,3000,0.0,0.0,0.0
2005-03-03 00:00:00+09:00,-6.74520422703511,-6.74520422703511,-6.238861818571348,-6.690953254699707,2000,0.0,0.0,0.0
2005-03-04 00:00:00+09:00,-6.1574859185652295,-6.763288497924805,-6.058025793595747,-6.763288497924805,5000,0.0,0.0,0.0
2005-03-07 00:00:00+09:00,-6.365447420687288,-6.690953254699706,-6.365447420687288,-6.690953254699707,1000,0.0,0.0,0.0
2005-03-08 00:00:00+09:00,-7.043584463331434,-7.043584463331434,-6.446823777092828,-6.5101165771484375,2000,0.0,0.0,0.0
2005-03-09 00:00:00+09:00,-6.175568919711642,-6.5734093772040465,-6.166527091132269,-6.5101165771484375,2000,0.0,0.0,0.0
2005-03-10 00:00:00+09:00,-6.473949822874786,-6.4920334815979,-6.473949822874786,-6.4920334815979,10000,0.0,0.0,0.0
2005-03-11 00:00:00+09:00,-6.87178982915105,-6.87178982915105,-6.510116680248363,-6.690953254699707,6000,0.0,0.0,0.0
2005-03-14 00:00:00+09:00,-6.6819122273747515,-7.486635080197963,-6.600535759111731,-7.414300441741943,4000,0.0,0.0,0.0
2005-03-15 00:00:00+09:00,-6.79041386701194,-7.405258265090251,-6.79041386701194,-7.387174606323242,24000,0.0,0.0,0.0
2005-03-16 00:00:00+09:00,-6.871790615128883,-7.3781330815068005,-6.871790615128883,-7.323882102966309,29000,0.0,0.0,0.0
2005-03-17 00:00:00+09:00,-6.907957814299652,-7.414300271892296,-6.528200971105169,-6.8537068367004395,35000,0.0,0.0,0.0
2005-03-18 00:00:00+09:00,-7.016458977593316,-7.016458977593316,-6.329280005560981,-6.5101165771484375,24000,0.0,0.0,0.0
2005-03-21 00:00:00+09:00,-6.510117310744065,-7.224421849006261,-6.510117310744065,-7.052627086639404,21000,0.0,0.0,0.0
2005-03-22 00:00:00+09:00,-6.600534967474035,-6.87178982915105,-6.600534967474035,-6.690953254699707,13000,0.0,0.0,0.0
2005-03-23 00:00:00+09:00,-6.87178982915105,-6.87178982915105,-6.690953254699706,-6.690953254699707,330,0.0,0.0,0.0
2005-03-24 00:00:00+09:00,-6.175569792819578,-6.7542469037133595,-6.175569792819578,-6.220778942108154,44000,0.0,0.0,0.0
2005-03-25 00:00:00+09:00,-5.994732986796985,-6.763288497924805,-5.994732986796985,-6.663828372955322,14000,0.0,0.0,0.0
2005-03-28 00:00:00+09:00,-6.690953254699706,-6.690953254699706,-6.690953254699706,-6.690953254699707,26000,0.0,0.0,0.0
2005-03-29 00:00:00+09:00,-7.41430090163565,-7.41430090163565,-6.600536168529298,-7.124962329864502,17000,0.0,0.0,0.0
2005-03-30 00:00:00+09:00,-6.871790929902369,-7.115920344517321,-6.862749099731444,-6.862749099731445,16000,0.0,0.0,0.0
2005-03-31 00:00:00+09:00,-7.595136126956423,-7.595136126956423,-6.690953254699706,-6.690953254699707,3000,0.0,0.0,0.0
2005-04-01 00:00:00+09:00,-7.595136815851385,-7.595136815851385,-6.329280679876153,-6.663828372955322,7000,0.0,0.0,0.0
2005-04-04 00:00:00+09:00,-6.365447872460133,-7.414300078717769,-6.175569455810044,-6.591493606567383,5000,0.0,0.0,0.0
2005-04-05 00:00:00+09:00,-6.591493606567383,-6.591493606567383,-6.591493606567383,-6.591493606567383,0,0.0,0.0,0.0
2005-04-06 00:00:00+09:00,-6.13036038951008,-6.6367028405610595,-6.13036038951008,-6.5734100341796875,21000,0.0,0.0,0.0
2005-04-07 00:00:00+09:00,-6.781372157010165,-6.781372157010165,-6.256946043534712,-6.663828372955322,2000,0.0,0.0,0.0
2005-04-08 00:00:00+09:00,-6.401615725976921,-6.8537072320487376,-6.347364745248303,-6.7723307609558105,4000,0.0,0.0,0.0
2005-04-11 00:00:00+09:00,-6.510117312511766,-6.754246711730957,-6.510117312511766,-6.754246711730957,130,0.0,0.0,0.0
2005-04-12 00:00:00+09:00,-6.781372342790876,-6.781372342790876,-6.238862555367606,-6.329280853271484,1000,0.0,0.0,0.0
2005-04-13 00:00:00+09:00,-6.184611365135679,-7.233463584954011,-6.184611365135679,-6.374489784240723,1000,0.0,0.0,0.0
2005-04-14 00:00:00+09:00,-6.690953773456615,-6.690953773456615,-6.284071449395064,-6.582451820373535,540,0.0,0.0,0.0
2005-04-15 00:00:00+09:00,-6.582451478294704,-6.862748175859451,-6.148443688517031,-6.654786109924316,1000,0.0,0.0,0.0
2005-04-18 00:00:00+09:00,-6.184611279388954,-6.455866160063908,-5.967607374848991,-6.2931132316589355,7000,0.0,0.0,0.0
2005-04-19 00:00:00+09:00,-6.256946617014268,-6.329281259985531,-6.148444652557373,-6.148444652557373,28000,0.0,0.0,0.0
2005-04-20 00:00:00+09:00,-6.437782810756138,-6.437782810756138,-6.148444257463727,-6.329280853271484,16000,0.0,0.0,0.0
2005-04-21 00:00:00+09:00,-5.714436229526906,-6.60053551828266,-5.714436229526906,-5.976649284362793,15000,0.0,0.0,0.0
2005-04-22 00:00:00+09:00,-6.600535847026215,-6.600535847026215,-6.112277030944824,-6.112277030944824,15000,0.0,0.0,0.0
2005-04-25 00:00:00+09:00,-6.781371612122605,-6.781371612122605,-6.329280171314432,-6.473949432373047,26000,0.0,0.0,0.0
2005-04-26 00:00:00+09:00,-6.501075619288853,-6.501075619288853,-6.148444257463727,-6.329280853271484,24000,0.0,0.0,0.0
2005-04-27 00:00:00+09:00,-6.329279953325299,-6.419698238372804,-6.1484433832302905,-6.419698238372803,38000,0.0,0.0,0.0
2005-04-28 00:00:00+09:00,-6.157485211735041,-6.455865552391805,-6.157485211735041,-6.419698238372803,54000,0.0,0.0,0.0
2005-04-29 00:00:00+09:00,-6.329280679876153,-6.365447998046875,-6.329280679876153,-6.365447998046875,31000,0.0,0.0,0.0
2005-05-02 00:00:00+09:00,-6.510117750901442,-6.510117750901442,-5.497432767427885,-5.877189636230469,10000,0.0,0.0,0.0
2005-05-03 00:00:00+09:00,-5.524558356930228,-6.148444652557373,-5.524558356930228,-6.148444652557373,7000,0.0,0.0,0.0
2005-05-04 00:00:00+09:00,-6.148444652557373,-6.148444652557373,-6.148444652557373,-6.148444652557373,3000,0.0,0.0,0.0
2005-05-05 00:00:00+09:00,-6.148444652557373,-6.148444652557373,-6.148444652557373,-6.148444652557373,0,0.0,0.0,0.0
2005-05-06 00:00:00+09:00,-6.238862555367606,-6.329280853271484,-6.238862555367606,-6.329280853271484,20,0.0,0.0,0.0
2005-05-09 00:00:00+09:00,-6.510117461041707,-7.2334638456018965,-5.904314863972548,-5.931440353393555,22000,0.0,0.0,0.0
2005-05-10 00:00:00+09:00,-5.660185149375429,-6.8175393013243974,-5.660185149375429,-6.799455642700195,44000,0.0,0.0,0.0
2005-05-11 00:00:00+09:00,-6.374489540053952,-6.745204534581912,-6.365447710919124,-6.727120876312256,14000,0.0,0.0,0.0
2005-05-12 00:00:00+09:00,-6.690953093515316,-6.727120407534318,-6.419698238372804,-6.419698238372803,7000,0.0,0.0,0.0
2005-05-13 00:00:00+09:00,-6.003775166884488,-6.690954252250784,-6.003775166884488,-6.681912422180176,12000,0.0,0.0,0.0
2005-05-16 00:00:00+09:00,-6.166527188790811,-6.862748000428483,-6.157485360068243,-6.690953254699707,125000,0.0,0.0,0.0
2005-05-17 00:00:00+09:00,-6.338322468243317,-6.727121136052821,-6.338322468243317,-6.67287015914917,1000,0.0,0.0,0.0
2005-05-18 00:00:00+09:00,-6.67287015914917,-6.67287015914917,-6.67287015914917,-6.67287015914917,0,0.0,0.0,0.0
2005-05-19 00:00:00+09:00,-6.699995083422274,-6.736162398312542,-6.690953254699706,-6.690953254699707,13000,0.0,0.0,0.0
2005-05-20 00:00:00+09:00,-6.690954326483886,-6.862749099731444,-6.690954326483886,-6.862749099731445,10000,0.0,0.0,0.0
2005-05-23 00:00:00+09:00,-6.690953559772942,-7.043584896031247,-6.690953559772942,-6.727120876312256,5000,0.0,0.0,0.0
2005-05-24 00:00:00+09:00,-6.6909539888775535,-6.871790583171541,-6.654786670018756,-6.835623264312744,10000,0.0,0.0,0.0
2005-05-25 00:00:00+09:00,-6.718079350211403,-7.685555111278187,-6.636702884327281,-6.9622087478637695,37000,0.0,0.0,0.0
2005-05-26 00:00:00+09:00,-6.690953776041667,-6.907957682291666,-6.690953776041667,-6.7813720703125,17000,0.0,0.0,0.0
2005-05-27 00:00:00+09:00,-7.577052963540909,-7.577052963540909,-6.645744544394473,-6.799455642700195,3000,0.0,0.0,0.0
2005-05-30 00:00:00+09:00,-6.799455729166667,-6.799455729166667,-6.5101171875,-6.7813720703125,8000,0.0,0.0,0.0
2005-05-31 00:00:00+09:00,-6.6909539039028045,-6.85370683670044,-6.6909539039028045,-6.8537068367004395,3000,0.0,0.0,0.0
2005-06-01 00:00:00+09:00,-6.690953254699706,-6.781371541925378,-6.690953254699706,-6.690953254699707,5000,0.0,0.0,0.0
2005-06-02 00:00:00+09:00,-6.781372114231712,-7.2334635885138265,-6.699995648860932,-6.871790409088135,4000,0.0,0.0,0.0
2005-06-03 00:00:00+09:00,-7.034543872979004,-7.034543872979004,-6.781372628193127,-6.862749099731445,30,0.0,0.0,0.0
2005-06-06 00:00:00+09:00,-6.862749099731444,-6.862749099731444,-6.862749099731444,-6.862749099731445,0,0.0,0.0,0.0
2005-06-07 00:00:00+09:00,-6.853706955615386,-7.323882102966309,-6.835623296101889,-7.323882102966309,65000,0.0,0.0,0.0
2005-06-08 00:00:00+09:00,-6.781372317561397,-7.4866350385877825,-6.781372317561397,-7.323882102966309,1000,0.0,0.0,0.0
2005-06-09 00:00:00+09:00,-7.2334643294637955,-7.2334643294637955,-6.980293077932563,-7.215380668640137,28000,0.0,0.0,0.0
2005-06-10 00:00:00+09:00,-7.405258611934942,-7.414300441741944,-6.889874312935807,-7.414300441741943,11000,0.0,0.0,0.0
2005-06-13 00:00:00+09:00,-7.233463764190675,-7.233463764190675,-7.233463764190675,-7.233463764190674,10,0.0,0.0,0.0
2005-06-14 00:00:00+09:00,-6.962208873033524,-7.233463764190675,-6.962208873033524,-7.233463764190674,10000,0.0,0.0,0.0
2005-06-15 00:00:00+09:00,-7.522802719154263,-7.522802719154263,-7.233464153032945,-7.251547813415527,24000,0.0,0.0,0.0
2005-06-16 00:00:00+09:00,-7.233464021860443,-7.595137222953466,-7.233464021860443,-7.27867317199707,13000,0.0,0.0,0.0
2005-06-17 00:00:00+09:00,-7.414300358295441,-7.414300358295441,-7.233463764190675,-7.233463764190674,19000,0.0,0.0,0.0
2005-06-20 00:00:00+09:00,-7.468551679669004,-7.468551679669004,-7.233464096531724,-7.45950984954834,720,0.0,0.0,0.0
2005-06-21 00:00:00+09:00,-7.323882186805808,-7.4504678048493655,-7.323882186805808,-7.405258655548096,290,0.0,0.0,0.0
2005-06-22 00:00:00+09:00,-7.2425056874137566,-7.378133134743602,-6.555326620942538,-7.016459941864014,6000,0.0,0.0,0.0
2005-06-23 00:00:00+09:00,-7.2334643294637955,-7.2334643294637955,-6.609578031047543,-7.215380668640137,120,0.0,0.0,0.0
2005-06-24 00:00:00+09:00,-7.432383927911849,-7.432383927911849,-6.654786582655865,-7.351007461547852,730,0.0,0.0,0.0
2005-06-27 00:00:00+09:00,-6.790414438705252,-7.504719020140292,-6.790414438705252,-7.161129474639893,10000,0.0,0.0,0.0
2005-06-28 00:00:00+09:00,-6.871790236827591,-7.314839870517791,-6.826581090532673,-6.907957553863525,40000,0.0,0.0,0.0
2005-06-29 00:00:00+09:00,-7.323882022338625,-7.504718615482789,-6.690953946334053,-6.844665050506592,49000,0.0,0.0,0.0
2005-06-30 00:00:00+09:00,-6.817538629110892,-6.980291540681179,-6.555325604914319,-6.636702060699463,64000,0.0,0.0,0.0
2005-07-01 00:00:00+09:00,-6.6909539888775535,-6.862748753456842,-6.555326543157062,-6.835623264312744,80,0.0,0.0,0.0
2005-07-04 00:00:00+09:00,-6.835622514260781,-6.853706171705916,-6.627660453641736,-6.690953254699707,210,0.0,0.0,0.0
2005-07-05 00:00:00+09:00,-6.690953564170181,-6.826581001281738,-6.690953564170181,-6.826581001281738,3000,0.0,0.0,0.0
2005-07-06 00:00:00+09:00,-6.727121263742447,-7.052627131342887,-6.727121263742447,-6.944125175476074,140,0.0,0.0,0.0
2005-07-07 00:00:00+09:00,-6.871790693793105,-7.45950963470962,-6.871790693793105,-7.405258655548096,6000,0.0,0.0,0.0
2005-07-08 00:00:00+09:00,-7.323882061243058,-7.5047186553478245,-6.907957894802094,-7.233463764190674,52000,0.0,0.0,0.0
2005-07-11 00:00:00+09:00,-7.052627437472961,-7.558969920163328,-6.935083646848412,-6.980292797088623,32000,0.0,0.0,0.0
2005-07-12 00:00:00+09:00,-7.052627000652376,-7.2244217609246775,-6.7813721160119,-7.170170783996582,4000,0.0,0.0,0.0
2005-07-13 00:00:00+09:00,-6.871790071813072,-7.124961284985132,-6.853706413729354,-7.043584823608398,5000,0.0,0.0,0.0
2005-07-14 00:00:00+09:00,-6.880832412886241,-6.880832412886241,-6.654786670018756,-6.835623264312744,41000,0.0,0.0,0.0
2005-07-15 00:00:00+09:00,-6.835623434924204,-6.898916244506835,-6.835623434924204,-6.898916244506836,300,0.0,0.0,0.0
2005-07-18 00:00:00+09:00,-6.699995648860932,-6.871790409088135,-6.690953819375289,-6.871790409088135,31000,0.0,0.0,0.0
2005-07-19 00:00:00+09:00,-6.9802919717696925,-6.9802919717696925,-6.835622708106071,-6.953166484832764,3000,0.0,0.0,0.0
2005-07-20 00:00:00+09:00,-6.871790236827591,-6.9531667001584445,-6.763288285719787,-6.907957553863525,1000,0.0,0.0,0.0
2005-07-21 00:00:00+09:00,-6.907957727030704,-6.907957727030704,-6.871790409088135,-6.871790409088135,790,0.0,0.0,0.0
2005-07-22 00:00:00+09:00,-6.7813720703125,-6.7813720703125,-6.690953776041667,-6.7813720703125,9000,0.0,0.0,0.0
2005-07-25 00:00:00+09:00,-6.880832325500046,-6.880832325500046,-6.636702926303593,-6.8537068367004395,6000,0.0,0.0,0.0
2005-07-26 00:00:00+09:00,-6.618619796242996,-7.034543991088867,-6.555326983983842,-7.034543991088867,54000,0.0,0.0,0.0
2005-07-27 00:00:00+09:00,-6.944124916727229,-6.99837589263916,-6.7361628423981585,-6.99837589263916,8000,0.0,0.0,0.0
2005-07-28 00:00:00+09:00,-6.96220831381174,-6.96220831381174,-6.799455392190167,-6.953166484832764,43000,0.0,0.0,0.0
2005-07-29 00:00:00+09:00,-6.944125218994459,-6.944125218994459,-6.8717905812966,-6.935083389282227,350,0.0,0.0,0.0
2005-08-01 00:00:00+09:00,-7.05262717746553,-7.079752666609627,-6.835623264312743,-6.835623264312744,15000,0.0,0.0,0.0
2005-08-02 00:00:00+09:00,-6.871790277197006,-6.871790277197006,-6.62766088577027,-6.799455642700195,12000,0.0,0.0,0.0
2005-08-03 00:00:00+09:00,-6.907957459008822,-6.907957459008822,-6.609577097559488,-6.727120876312256,11000,0.0,0.0,0.0
2005-08-04 00:00:00+09:00,-6.618618624919169,-6.690953254699706,-6.618618624919169,-6.690953254699707,1000,0.0,0.0,0.0
2005-08-05 00:00:00+09:00,-6.690953254699706,-6.690953254699706,-6.600534967474035,-6.690953254699707,9000,0.0,0.0,0.0
2005-08-08 00:00:00+09:00,-6.690953254699706,-6.690953254699706,-6.690953254699706,-6.690953254699707,310,0.0,0.0,0.0
2005-08-09 00:00:00+09:00,-6.401615150544324,-6.699995517730712,-6.401615150544324,-6.699995517730713,3000,0.0,0.0,0.0
2005-08-10 00:00:00+09:00,-6.817539518300966,-7.703638819088093,-6.600535607904118,-6.8537068367004395,121000,0.0,0.0,0.0
2005-08-11 00:00:00+09:00,-7.314840191354354,-7.314840191354354,-6.808497730642557,-6.944125175476074,79000,0.0,0.0,0.0
2005-08-12 00:00:00+09:00,-6.835623134266246,-6.99837606603449,-6.799455816095525,-6.9622087478637695,29000,0.0,0.0,0.0
2005-08-15 00:00:00+09:00,-6.9622087478637695,-6.9622087478637695,-6.9622087478637695,-6.9622087478637695,0,0.0,0.0,0.0
2005-08-16 00:00:00+09:00,-6.9622088347872095,-6.9622088347872095,-6.781372241675854,-6.944125175476074,6000,0.0,0.0,0.0
2005-08-17 00:00:00+09:00,-7.043584823608399,-7.043584823608399,-7.043584823608399,-7.043584823608398,20,0.0,0.0,0.0
2005-08-18 00:00:00+09:00,-6.9802923635440735,-6.9802923635440735,-6.971250534057617,-6.971250534057617,0,0.0,0.0,0.0
2005-08-19 00:00:00+09:00,-6.709037727916364,-7.025501771686003,-6.709037727916364,-7.016459941864014,3000,0.0,0.0,0.0
2005-08-22 00:00:00+09:00,-7.052627217355382,-7.052627217355382,-6.871790622038577,-7.025501728057861,40000,0.0,0.0,0.0
2005-08-23 00:00:00+09:00,-7.10687823701541,-7.115920066833496,-6.880832491563266,-7.115920066833496,250,0.0,0.0,0.0
2005-08-24 00:00:00+09:00,-7.052626913907576,-7.088794231414795,-6.871790326371485,-7.088794231414795,9000,0.0,0.0,0.0
2005-08-25 00:00:00+09:00,-7.224422499051966,-7.224422499051966,-6.880832943402436,-7.215380668640137,130,0.0,0.0,0.0
2005-08-26 00:00:00+09:00,-7.215380062634432,-7.215380062634432,-6.871790535842316,-7.143045425415039,28000,0.0,0.0,0.0
2005-08-29 00:00:00+09:00,-6.962208832366557,-7.152087255067463,-6.871790535842316,-7.143045425415039,530,0.0,0.0,0.0
2005-08-30 00:00:00+09:00,-7.052627086639403,-7.124961723425449,-6.871790494674291,-7.052627086639404,15000,0.0,0.0,0.0
2005-08-31 00:00:00+09:00,-7.1249615489220135,-7.1249615489220135,-6.690953738835393,-7.088794231414795,34000,0.0,0.0,0.0
2005-09-01 00:00:00+09:00,-6.745204965325347,-6.935083389282227,-6.745204965325347,-6.935083389282227,26000,0.0,0.0,0.0
2005-09-02 00:00:00+09:00,-6.907957553863525,-6.907957553863525,-6.907957553863525,-6.907957553863525,400,0.0,0.0,0.0
2005-09-05 00:00:00+09:00,-6.85370683670044,-6.85370683670044,-6.85370683670044,-6.8537068367004395,5000,0.0,0.0,0.0
2005-09-06 00:00:00+09:00,-6.862749099731444,-6.862749099731444,-6.862749099731444,-6.862749099731445,300,0.0,0.0,0.0
2005-09-07 00:00:00+09:00,-6.871790495900178,-6.871790495900178,-6.85370683670044,-6.8537068367004395,290,0.0,0.0,0.0
2005-09-08 00:00:00+09:00,-6.8537067933516065,-6.8537067933516065,-6.537242759357799,-6.763288497924805,37000,0.0,0.0,0.0
2005-09-09 00:00:00+09:00,-6.727121403412415,-6.790414212315489,-6.519159317016602,-6.519159317016602,31000,0.0,0.0,0.0
2005-09-12 00:00:00+09:00,-6.754246806962344,-6.754246806962344,-6.338322639465332,-6.338322639465332,12000,0.0,0.0,0.0
2005-09-13 00:00:00+09:00,-6.6005354792207145,-6.772330238268925,-6.247904131700704,-6.582451820373535,1000,0.0,0.0,0.0
2005-09-14 00:00:00+09:00,-6.555326507981346,-6.564368337647528,-6.148444173003194,-6.34736442565918,12000,0.0,0.0,0.0
2005-09-15 00:00:00+09:00,-6.537242803253046,-6.654786588097154,-6.2840715743580455,-6.45586633682251,3000,0.0,0.0,0.0
2005-09-16 00:00:00+09:00,-6.446824549311433,-6.564368334923002,-6.446824549311433,-6.5462846755981445,7000,0.0,0.0,0.0
2005-09-19 00:00:00+09:00,-6.546284675598145,-6.546284675598145,-6.546284675598145,-6.5462846755981445,0,0.0,0.0,0.0
2005-09-20 00:00:00+09:00,-6.546284675598145,-6.546284675598145,-6.537242845935717,-6.5462846755981445,10000,0.0,0.0,0.0
2005-09-21 00:00:00+09:00,-6.6547862340869,-6.6547862340869,-6.338322214802877,-6.528200626373291,15000,0.0,0.0,0.0
2005-09-22 00:00:00+09:00,-6.528200405270028,-6.528200405270028,-6.329280171314432,-6.473949432373047,20000,0.0,0.0,0.0
2005-09-23 00:00:00+09:00,-6.473949262830946,-6.5101165771484375,-6.374489148457845,-6.5101165771484375,310,0.0,0.0,0.0
2005-09-26 00:00:00+09:00,-6.591493604575027,-6.591493604575027,-6.338322382451432,-6.4920334815979,27000,0.0,0.0,0.0
2005-09-27 00:00:00+09:00,-6.510116846665093,-6.745204399461332,-6.43778221503548,-6.654786109924316,33000,0.0,0.0,0.0
2005-09-28 00:00:00+09:00,-6.654786586123139,-6.754246711730957,-6.510117312511766,-6.754246711730957,7000,0.0,0.0,0.0
2005-09-29 00:00:00+09:00,-6.672870202498002,-6.672870202498002,-6.4106571457602755,-6.663828372955322,50000,0.0,0.0,0.0
2005-09-30 00:00:00+09:00,-6.645743889120034,-6.645743889120034,-6.510116462811462,-6.636702060699463,4000,0.0,0.0,0.0
2005-10-03 00:00:00+09:00,-6.636702060699463,-6.636702060699463,-6.636702060699463,-6.636702060699463,0,0.0,0.0,0.0
2005-10-04 00:00:00+09:00,-6.727121572533221,-6.727121572533221,-6.510117650838601,-6.681912422180176,16000,0.0,0.0,0.0
2005-10-05 00:00:00+09:00,-6.564368204696634,-6.962208701950976,-6.546284545730527,-6.5734100341796875,193000,0.0,0.0,0.0
2005-10-06 00:00:00+09:00,-6.690953948870808,-6.690953948870808,-6.25694612516027,-6.645744800567627,19000,0.0,0.0,0.0
2005-10-07 00:00:00+09:00,-6.808497151067435,-6.808497151067435,-6.383531193431088,-6.564367771148682,4000,0.0,0.0,0.0
2005-10-10 00:00:00+09:00,-6.419698603990571,-6.745204448699951,-6.419698603990571,-6.745204448699951,7000,0.0,0.0,0.0
2005-10-11 00:00:00+09:00,-6.645744452711011,-6.8175392072708885,-6.455866039776411,-6.618618965148926,2000,0.0,0.0,0.0
2005-10-12 00:00:00+09:00,-6.690953861583362,-6.690953861583362,-6.600535566156561,-6.663828372955322,1000,0.0,0.0,0.0
2005-10-13 00:00:00+09:00,-6.690953729574572,-6.690953729574572,-6.437782507374453,-6.591493606567383,6000,0.0,0.0,0.0
2005-10-14 00:00:00+09:00,-6.510117184984814,-6.763288408845335,-6.3835315730545545,-6.582451820373535,12000,0.0,0.0,0.0
2005-10-17 00:00:00+09:00,-6.437782676959859,-6.555326461791991,-6.437782676959859,-6.555326461791992,5000,0.0,0.0,0.0
2005-10-18 00:00:00+09:00,-6.510117356948432,-6.555326505260574,-6.329280763699864,-6.5462846755981445,2000,0.0,0.0,0.0
2005-10-19 00:00:00+09:00,-6.419698846705445,-6.546284457767242,-6.238862259474305,-6.4920334815979,12000,0.0,0.0,0.0
2005-10-20 00:00:00+09:00,-6.419699245960868,-7.459509687208051,-6.3473646065697595,-7.197296619415283,54000,0.0,0.0,0.0
2005-10-21 00:00:00+09:00,-7.02550155466253,-7.02550155466253,-6.636702884327281,-6.763288497924805,1000,0.0,0.0,0.0
2005-10-24 00:00:00+09:00,-6.944125088778408,-6.944125088778408,-6.419698975302956,-6.763288497924805,21000,0.0,0.0,0.0
2005-10-25 00:00:00+09:00,-6.862748924745332,-7.441426040929391,-6.636703176235933,-6.898916244506836,30000,0.0,0.0,0.0
2005-10-26 00:00:00+09:00,-6.871790364583333,-6.871790364583333,-6.636702799479167,-6.7813720703125,70000,0.0,0.0,0.0
2005-10-27 00:00:00+09:00,-6.9441248158939555,-6.9441248158939555,-6.618618965148926,-6.618618965148926,23000,0.0,0.0,0.0
2005-10-28 00:00:00+09:00,-6.745204525310907,-6.781371841800509,-6.510116968128489,-6.528200626373291,66000,0.0,0.0,0.0
2005-10-31 00:00:00+09:00,-6.4649085004855555,-6.781372552956876,-6.4649085004855555,-6.681912422180176,5000,0.0,0.0,0.0
2005-11-01 00:00:00+09:00,-6.510117441049865,-6.709037696193056,-6.510117441049865,-6.627661228179932,13000,0.0,0.0,0.0
2005-11-02 00:00:00+09:00,-6.609577135961564,-6.618618965148926,-6.492033356525859,-6.618618965148926,52000,0.0,0.0,0.0
2005-11-03 00:00:00+09:00,-6.709037716795759,-7.604178867688994,-6.600535759111731,-7.414300441741943,2849000,0.0,0.0,0.0
2005-11-04 00:00:00+09:00,-7.242504806776304,-7.504717839730752,-6.672869597254572,-6.690953254699707,722000,0.0,0.0,0.0
2005-11-07 00:00:00+09:00,-6.781372246821283,-6.781372246821283,-6.510117356948432,-6.5462846755981445,280000,0.0,0.0,0.0
2005-11-08 00:00:00+09:00,-6.582451557882264,-6.6547861903864645,-6.338322173180587,-6.537242412567139,309000,0.0,0.0,0.0
2005-11-09 00:00:00+09:00,-6.392573443203108,-6.537242714902188,-6.347364295797145,-6.374489784240723,308000,0.0,0.0,0.0
2005-11-10 00:00:00+09:00,-6.374490002223423,-6.482991959708078,-6.329280853271484,-6.329280853271484,158000,0.0,0.0,0.0
2005-11-11 00:00:00+09:00,-6.383531657132235,-6.464908123016357,-6.329280679876153,-6.365447998046875,115000,0.0,0.0,0.0
2005-11-14 00:00:00+09:00,-6.4558656056722,-6.627660348680283,-6.383530977037218,-6.5101165771484375,53000,0.0,0.0,0.0
2005-11-15 00:00:00+09:00,-6.410656893839602,-6.618618965148926,-6.410656893839602,-6.618618965148926,121000,0.0,0.0,0.0
2005-11-16 00:00:00+09:00,-6.528200885420995,-6.58245186230815,-6.374489784240723,-6.374489784240723,79000,0.0,0.0,0.0
2005-11-17 00:00:00+09:00,-6.419698408575301,-6.492033038531079,-6.33832194987505,-6.383531093597412,51000,0.0,0.0,0.0
2005-11-18 00:00:00+09:00,-6.347364174692254,-6.853706615978246,-6.347364174692254,-6.699995517730713,208000,0.0,0.0,0.0
2005-11-21 00:00:00+09:00,-6.564368205341866,-6.944125043667428,-6.53724271689004,-6.67287015914917,66000,0.0,0.0,0.0
2005-11-22 00:00:00+09:00,-6.6005355232776335,-6.772330283472531,-6.546284546373982,-6.67287015914917,191000,0.0,0.0,0.0
2005-11-23 00:00:00+09:00,-6.772330370301622,-6.871790495900178,-6.600535607904118,-6.8537068367004395,75000,0.0,0.0,0.0
2005-11-24 00:00:00+09:00,-6.926041603088379,-6.926041603088379,-6.709037688631302,-6.926041603088379,212000,0.0,0.0,0.0
2005-11-25 00:00:00+09:00,-6.889874443917905,-7.4685515625671774,-6.889874443917905,-7.1882548332214355,206000,0.0,0.0,0.0
2005-11-28 00:00:00+09:00,-6.980292241074043,-7.323881755531056,-6.8989157771236975,-7.296756267547607,176000,0.0,0.0,0.0
2005-11-29 00:00:00+09:00,-7.016459767646645,-7.396216610740923,-7.016459767646645,-7.152087211608887,100000,0.0,0.0,0.0
2005-11-30 00:00:00+09:00,-7.323882681982857,-7.956810814993721,-7.179213394437517,-7.595137596130371,205000,0.0,0.0,0.0
2005-12-01 00:00:00+09:00,-7.667471667666508,-7.71268081665039,-7.360049454576105,-7.712680816650391,214000,0.0,0.0,0.0
2005-12-02 00:00:00+09:00,-7.775974273681641,-8.04722919020542,-7.595137662665788,-7.775974273681641,144000,0.0,0.0,0.0
2005-12-05 00:00:00+09:00,-8.065311991167984,-8.94236946105957,-7.95681003612985,-8.94236946105957,398000,0.0,0.0,0.0
2005-12-06 00:00:00+09:00,-10.12684890070862,-10.163016218211151,-8.860992788120042,-9.385418891906738,425000,0.0,0.0,0.0
2005-12-07 00:00:00+09:00,-9.258833184299698,-9.276916842862784,-8.011060743446809,-9.005661964416504,137000,0.0,0.0,0.0
2005-12-08 00:00:00+09:00,-9.385418875844856,-9.385418875844856,-8.228064717744527,-8.589737892150879,88000,0.0,0.0,0.0
2005-12-09 00:00:00+09:00,-8.408901120280172,-8.680155995127919,-8.146688074594016,-8.22806453704834,81000,0.0,0.0,0.0
2005-12-12 00:00:00+09:00,-7.974892867892884,-9.02374499110782,-7.974892867892884,-8.327524185180664,179000,0.0,0.0,0.0
2005-12-13 00:00:00+09:00,-8.119562250856221,-8.499319059916312,-8.119562250856221,-8.300398826599121,43000,0.0,0.0,0.0
2005-12-14 00:00:00+09:00,-8.20093948258294,-8.318483267890084,-7.794057148827448,-8.137646675109863,110000,0.0,0.0,0.0
2005-12-15 00:00:00+09:00,-8.119561937824304,-8.643987987260617,-7.992976339684504,-8.16477108001709,88000,0.0,0.0,0.0
2005-12-16 00:00:00+09:00,-8.065311444405653,-8.815783249210217,-7.965851325696615,-8.26423168182373,89000,0.0,0.0,0.0
2005-12-19 00:00:00+09:00,-8.499319770119406,-8.761532826857133,-8.228064883839,-8.354650497436523,59000,0.0,0.0,0.0
2005-12-20 00:00:00+09:00,-8.671114396894634,-8.671114396894634,-8.200939267970211,-8.381775856018066,48000,0.0,0.0,0.0
2005-12-21 00:00:00+09:00,-9.18649867283102,-9.18649867283102,-8.209981097372605,-8.381775856018066,57000,0.0,0.0,0.0
2005-12-22 00:00:00+09:00,-8.933327129617236,-8.933327129617236,-7.305797895476445,-8.445068359375,141000,0.0,0.0,0.0
2005-12-23 00:00:00+09:00,-8.038186180378933,-8.671114226078062,-8.038186180378933,-8.616863250732422,83000,0.0,0.0,0.0
2005-12-26 00:00:00+09:00,-8.155730165006743,-8.671114443726681,-8.047228211592019,-8.571654319763184,62000,0.0,0.0,0.0
2005-12-27 00:00:00+09:00,-8.634946595376997,-8.634946595376997,-8.155729663905813,-8.48123550415039,25000,0.0,0.0,0.0
2005-12-28 00:00:00+09:00,-8.164771732917199,-8.46315209524972,-8.164771732917199,-8.22806453704834,107000,0.0,0.0,0.0
2005-12-29 00:00:00+09:00,-8.137646424142938,-8.82482545551501,-8.137646424142938,-8.589737892150879,71000,0.0,0.0,0.0
2006-01-02 00:00:00+09:00,-8.625905428521682,-8.625905428521682,-8.345608711242676,-8.345608711242676,28000,0.0,0.0,0.0
2006-01-03 00:00:00+09:00,-8.354650324788587,-8.851950939359337,-8.318483007365261,-8.390817642211914,59000,0.0,0.0,0.0
2006-01-04 00:00:00+09:00,-8.336566795142922,-8.66207265699232,-8.336566795142922,-8.363692283630371,42000,0.0,0.0,0.0
2006-01-05 00:00:00+09:00,-8.562612305653778,-8.562612305653778,-8.173813647635708,-8.209980964660645,140000,0.0,0.0,0.0
2006-01-06 00:00:00+09:00,-8.28231603373652,-8.436027139166127,-8.191897736424984,-8.318483352661133,61000,0.0,0.0,0.0
2006-01-09 00:00:00+09:00,-9.276917721243466,-9.276917721243466,-8.237107255412083,-9.22266674041748,138000,0.0,0.0,0.0
2006-01-10 00:00:00+09:00,-9.855593174342582,-9.855593174342582,-9.041828600314295,-9.150330543518066,69000,0.0,0.0,0.0
2006-01-11 00:00:00+09:00,-8.318483483700351,-9.493921367266706,-8.318483483700351,-9.475837707519531,65000,0.0,0.0,0.0
2006-01-12 00:00:00+09:00,-9.674757431926984,-9.674757431926984,-9.041829375632696,-9.385418891906738,50000,0.0,0.0,0.0
2006-01-13 00:00:00+09:00,-9.385418087126238,-9.566254659132523,-9.059912257514924,-9.150330543518066,42000,0.0,0.0,0.0
2006-01-16 00:00:00+09:00,-9.493920625392445,-10.48852183376689,-8.860992583699614,-10.434270858764648,92000,0.0,0.0,0.0
2006-01-17 00:00:00+09:00,-10.488522079755676,-10.488522079755676,-9.403502554263708,-9.584339141845703,68000,0.0,0.0,0.0
2006-01-18 00:00:00+09:00,-9.58433960853739,-9.855594503118636,-8.155730497076156,-8.499320030212402,246000,0.0,0.0,0.0
2006-01-19 00:00:00+09:00,-8.282315296944372,-8.987577953234396,-8.273273468017578,-8.273273468017578,35000,0.0,0.0,0.0
2006-01-20 00:00:00+09:00,-9.02374604808967,-9.512004852294922,-9.014704218382166,-9.512004852294922,139000,0.0,0.0,0.0
2006-01-23 00:00:00+09:00,-10.759777241195273,-10.922530174255371,-9.837510620521392,-10.922530174255371,387000,0.0,0.0,0.0
2006-01-24 00:00:00+09:00,-11.935213344813608,-11.935213344813608,-9.294999483688173,-10.651273727416992,393000,0.0,0.0,0.0
2006-01-25 00:00:00+09:00,-10.217267715324791,-10.850195803884732,-9.837510862188825,-10.66935920715332,137000,0.0,0.0,0.0
2006-01-26 00:00:00+09:00,-10.361936655911531,-12.260720859874377,-10.361936655911531,-11.537374496459961,822000,0.0,0.0,0.0
2006-01-27 00:00:00+09:00,-11.211868720325997,-11.519290927173646,-10.669358943536029,-11.121450424194336,237000,0.0,0.0,0.0
2006-01-31 00:00:00+09:00,-11.392705761018345,-11.465040400770842,-10.723610343307744,-11.03103256225586,98000,0.0,0.0,0.0
2006-02-01 00:00:00+09:00,-11.031032042069867,-11.284203269264914,-10.452354951338334,-10.741693496704102,174000,0.0,0.0,0.0
2006-02-02 00:00:00+09:00,-10.578939542049119,-11.193783891501546,-10.307684681996577,-10.75977611541748,85000,0.0,0.0,0.0
2006-02-03 00:00:00+09:00,-11.193784525876053,-11.193784525876053,-10.398103557962408,-10.832111358642578,82000,0.0,0.0,0.0
2006-02-06 00:00:00+09:00,-10.126848756962376,-10.850195096745402,-10.126848756962376,-10.615107536315918,6000,0.0,0.0,0.0
2006-02-07 00:00:00+09:00,-10.253435310431286,-10.615108513621102,-10.036431388517396,-10.217267990112305,43000,0.0,0.0,0.0
2006-02-08 00:00:00+09:00,-10.072597928317087,-10.524689397272073,-9.584339141845703,-9.584339141845703,77000,0.0,0.0,0.0
2006-02-09 00:00:00+09:00,-9.584339567250701,-10.48852254529322,-9.584339567250701,-9.891761779785156,34000,0.0,0.0,0.0
2006-02-10 00:00:00+09:00,-9.439669781464797,-9.729008318827702,-9.403502464294434,-9.403502464294434,59000,0.0,0.0,0.0
2006-02-13 00:00:00+09:00,-9.313083806360861,-9.927928174159442,-9.041828938214428,-9.077996253967285,41000,0.0,0.0,0.0
2006-02-14 00:00:00+09:00,-9.041829372015526,-9.946012309217078,-9.041829372015526,-9.186498641967773,46000,0.0,0.0,0.0
2006-02-15 00:00:00+09:00,-9.222665626277887,-9.530087813820483,-9.059912703461219,-9.45775318145752,39000,0.0,0.0,0.0
2006-02-16 00:00:00+09:00,-9.07799694703357,-9.45775379143139,-8.9062021840917,-9.132247924804688,16000,0.0,0.0,0.0
2006-02-17 00:00:00+09:00,-8.879076695206143,-9.313084517375078,-8.879076695206143,-9.132247924804688,25000,0.0,0.0,0.0
2006-02-20 00:00:00+09:00,-9.403502806505434,-10.036430880020225,-9.313084510289038,-9.927928924560547,67000,0.0,0.0,0.0
2006-02-21 00:00:00+09:00,-9.457753614108995,-9.927928745976745,-8.671114451176411,-9.367335319519043,6000,0.0,0.0,0.0
2006-02-22 00:00:00+09:00,-10.434270343020474,-10.434270343020474,-9.5300874710083,-9.5300874710083,54000,0.0,0.0,0.0
2006-02-23 00:00:00+09:00,-9.40350352657223,-10.398104861113524,-9.40350352657223,-10.163017272949219,26000,0.0,0.0,0.0
2006-02-24 00:00:00+09:00,-9.49392101981423,-10.542773246765137,-9.49392101981423,-9.946012496948242,28000,0.0,0.0,0.0
2006-02-27 00:00:00+09:00,-10.325769774287256,-10.325769774287256,-9.63859069999143,-10.253435134887695,40000,0.0,0.0,0.0
2006-02-28 00:00:00+09:00,-10.868278761771212,-10.868278761771212,-10.163016080058936,-10.814027786254883,55000,0.0,0.0,0.0
2006-03-02 00:00:00+09:00,-11.356537905606356,-11.356537905606356,-10.66935886036266,-10.940613746643066,38000,0.0,0.0,0.0
2006-03-03 00:00:00+09:00,-11.573540971085832,-11.573540971085832,-10.65127442495243,-10.705525398254395,25000,0.0,0.0,0.0
2006-03-06 00:00:00+09:00,-10.81402848453845,-10.850195803884732,-10.488522610421908,-10.66935920715332,11000,0.0,0.0,0.0
2006-03-07 00:00:00+09:00,-11.645875345362295,-11.645875345362295,-10.39810298693062,-10.958696365356445,16000,0.0,0.0,0.0
2006-03-08 00:00:00+09:00,-10.48852252960205,-10.922530358413171,-10.325769593797881,-10.48852252960205,24000,0.0,0.0,0.0
2006-03-09 00:00:00+09:00,-10.85019440210166,-10.85019440210166,-10.144931765965053,-10.75977611541748,20000,0.0,0.0,0.0
2006-03-10 00:00:00+09:00,-10.832112144211592,-10.832112144211592,-10.126849416959084,-10.66935920715332,4000,0.0,0.0,0.0
2006-03-13 00:00:00+09:00,-11.012948769789475,-11.012948769789475,-9.656674290751361,-9.873678207397461,33000,0.0,0.0,0.0
2006-03-14 00:00:00+09:00,-10.814028322261617,-10.814028322261617,-9.439670207726696,-9.909845352172852,26000,0.0,0.0,0.0
2006-03-15 00:00:00+09:00,-9.76517607695865,-10.126849264994156,-9.548172164137346,-9.909845352172852,4000,0.0,0.0,0.0
2006-03-16 00:00:00+09:00,-9.602423653831341,-10.000264181862018,-9.403503389816002,-9.80134391784668,3000,0.0,0.0,0.0
2006-03-17 00:00:00+09:00,-9.92792848724028,-9.92792848724028,-9.602422635199616,-9.819426536560059,30,0.0,0.0,0.0
2006-03-20 00:00:00+09:00,-10.018347709655762,-10.018347709655762,-9.041830062866211,-9.041830062866211,6000,0.0,0.0,0.0
2006-03-21 00:00:00+09:00,-9.349252994681446,-9.566256932662448,-9.096081733703613,-9.096081733703613,210,0.0,0.0,0.0
2006-03-22 00:00:00+09:00,-9.403502676781532,-9.403502676781532,-8.562612533569336,-8.562612533569336,12000,0.0,0.0,0.0
2006-03-23 00:00:00+09:00,-9.276916490608004,-9.276916490608004,-8.571653833427277,-9.077996253967285,200,0.0,0.0,0.0
2006-03-24 00:00:00+09:00,-9.403502020701906,-9.403502020701906,-8.689197540283203,-8.689197540283203,510,0.0,0.0,0.0
2006-03-27 00:00:00+09:00,-9.005662065970562,-9.005662065970562,-7.387174606323242,-7.387174606323242,592000,0.0,0.0,0.0
2006-03-28 00:00:00+09:00,-7.49567673695393,-7.595136862534742,-6.835623176281269,-7.052627086639404,164000,0.0,0.0,0.0
2006-03-29 00:00:00+09:00,-7.052627249461849,-7.6855553359520155,-6.871790653321802,-7.414300441741943,60000,0.0,0.0,0.0
2006-03-30 00:00:00+09:00,-7.305798422771951,-8.318483352661133,-7.233463784922724,-8.318483352661133,99000,0.0,0.0,0.0
2006-03-31 00:00:00+09:00,-7.95681026277509,-8.318483456537594,-7.658429877921024,-7.803099155426025,11000,0.0,0.0,0.0
2006-04-03 00:00:00+09:00,-7.631304918016705,-8.002019967351641,-7.522802952357701,-7.595137596130371,102000,0.0,0.0,0.0
2006-04-04 00:00:00+09:00,-7.595137348325234,-8.209981800332514,-7.595137348325234,-8.038187026977539,26000,0.0,0.0,0.0
2006-04-05 00:00:00+09:00,-7.730764176993244,-8.200939308225582,-7.712680518099692,-8.173813819885254,56000,0.0,0.0,0.0
2006-04-06 00:00:00+09:00,-8.047228508038133,-8.408901699410633,-7.839266422998945,-8.11052131652832,61000,0.0,0.0,0.0
2006-04-07 00:00:00+09:00,-7.974894435157603,-8.490278769402483,-7.965852604732254,-7.992978096008301,8000,0.0,0.0,0.0
2006-04-10 00:00:00+09:00,-7.595137473422841,-8.12860546262754,-7.595137473422841,-8.011061668395996,480,0.0,0.0,0.0
2006-04-11 00:00:00+09:00,-7.920643019196172,-8.119563277669135,-7.884475699473815,-8.083395957946777,6000,0.0,0.0,0.0
2006-04-12 00:00:00+09:00,-8.318483808019138,-8.490278582315186,-7.920643278070398,-8.029145240783691,15000,0.0,0.0,0.0
2006-04-13 00:00:00+09:00,-7.9839360022812755,-8.309441886858995,-7.956810511899799,-8.047228813171387,8000,0.0,0.0,0.0
2006-04-14 00:00:00+09:00,-8.128604373869075,-8.761532411878903,-7.956809620694979,-8.237106323242188,47000,0.0,0.0,0.0
2006-04-17 00:00:00+09:00,-7.983935778377621,-8.56261289028721,-7.974893948504033,-8.29135799407959,52000,0.0,0.0,0.0
2006-04-18 00:00:00+09:00,-8.16477160542583,-8.39081733093596,-7.974893195997323,-8.255189895629883,6000,0.0,0.0,0.0
2006-04-19 00:00:00+09:00,-8.300398699235451,-8.499318929500353,-8.04722749708012,-8.327524185180664,13000,0.0,0.0,0.0
2006-04-20 00:00:00+09:00,-8.146688716102192,-8.472194591551336,-7.956810288756858,-8.29135799407959,2000,0.0,0.0,0.0
2006-04-21 00:00:00+09:00,-8.589737925632084,-8.589737925632084,-7.983935356140137,-7.983935356140137,1000,0.0,0.0,0.0
2006-04-24 00:00:00+09:00,-8.6620727941725,-8.6620727941725,-7.974893741607667,-8.137646675109863,58000,0.0,0.0,0.0
2006-04-25 00:00:00+09:00,-9.023746325045215,-9.023746325045215,-7.604179017397822,-7.974894046783447,58000,0.0,0.0,0.0
2006-04-26 00:00:00+09:00,-8.851951492925918,-8.851951492925918,-8.00201948032629,-8.282316207885742,16000,0.0,0.0,0.0
2006-04-27 00:00:00+09:00,-8.463151744767732,-8.463151744767732,-8.119562250856221,-8.300398826599121,4000,0.0,0.0,0.0
2006-04-28 00:00:00+09:00,-8.499320073884387,-8.761533139993588,-8.3184834765677,-8.490278244018555,4000,0.0,0.0,0.0
2006-05-02 00:00:00+09:00,-8.671114930729983,-8.671114930729983,-8.22806526273648,-8.47219467163086,25000,0.0,0.0,0.0
2006-05-03 00:00:00+09:00,-9.04182936015882,-9.04182936015882,-8.399859475587544,-8.589737892150879,1000,0.0,0.0,0.0
2006-05-04 00:00:00+09:00,-8.499319367560545,-9.765175443580201,-8.237106323242188,-8.237106323242188,5000,0.0,0.0,0.0
2006-05-08 00:00:00+09:00,-8.354651024467065,-8.625905927858854,-8.101479781301398,-8.246149063110352,10000,0.0,0.0,0.0
2006-05-09 00:00:00+09:00,-8.580696997819123,-8.78865909576416,-8.164772801929049,-8.78865909576416,55000,0.0,0.0,0.0
2006-05-10 00:00:00+09:00,-9.041829711025201,-10.090681957504126,-8.354650652987287,-9.313084602355957,23000,0.0,0.0,0.0
2006-05-11 00:00:00+09:00,-9.403501968810012,-10.271517535161706,-8.82482492457555,-9.71092414855957,68000,0.0,0.0,0.0
2006-05-12 00:00:00+09:00,-10.036430792375043,-10.036430792375043,-8.535487088290127,-9.946012496948242,119000,0.0,0.0,0.0
2006-05-15 00:00:00+09:00,-9.946012769426618,-9.946012769426618,-9.240750045776366,-9.493921279907227,16000,0.0,0.0,0.0
2006-05-16 00:00:00+09:00,-9.403502207185296,-9.45775318145752,-9.023745387279737,-9.45775318145752,39000,0.0,0.0,0.0
2006-05-17 00:00:00+09:00,-9.873678404709388,-9.873678404709388,-9.13224834135209,-9.43967056274414,4000,0.0,0.0,0.0
2006-05-18 00:00:00+09:00,-9.150331412503157,-10.380020218926507,-9.132247753585167,-9.367335319519043,84000,0.0,0.0,0.0
2006-05-19 00:00:00+09:00,-9.530088886260987,-9.530088886260987,-8.788658821105956,-9.041830062866211,21000,0.0,0.0,0.0
2006-05-22 00:00:00+09:00,-9.04182919519459,-9.096080170365756,-8.526444931068498,-9.0237455368042,7000,0.0,0.0,0.0
2006-05-23 00:00:00+09:00,-8.860992317769064,-9.023745237891353,-8.44506818856766,-8.48123550415039,5000,0.0,0.0,0.0
2006-05-24 00:00:00+09:00,-8.481236070003566,-9.041829498937705,-8.481236070003566,-8.960453033447266,2000,0.0,0.0,0.0
2006-05-25 00:00:00+09:00,-9.403502546896146,-9.403502546896146,-8.354650339742346,-9.186498641967773,14000,0.0,0.0,0.0
2006-05-26 00:00:00+09:00,-9.295001304626465,-9.295001304626465,-8.689198690414429,-9.041830062866211,3000,0.0,0.0,0.0
2006-05-29 00:00:00+09:00,-8.788658228608751,-9.54817190268605,-8.770574569702148,-8.770574569702148,3000,0.0,0.0,0.0
2006-05-30 00:00:00+09:00,-9.041829263010333,-9.041829263010333,-8.228064629339404,-8.40890121459961,12000,0.0,0.0,0.0
2006-05-31 00:00:00+09:00,-8.40890121459961,-8.40890121459961,-8.40890121459961,-8.40890121459961,0,0.0,0.0,0.0
2006-06-01 00:00:00+09:00,-8.499319638249172,-8.499319638249172,-8.237106585579783,-8.381775856018066,1000,0.0,0.0,0.0
2006-06-02 00:00:00+09:00,-8.671114053596648,-8.680155882641065,-8.318482720864354,-8.653030395507812,3000,0.0,0.0,0.0
2006-06-05 00:00:00+09:00,-8.517403519948324,-8.77057474984063,-7.703638852437338,-8.137646675109863,21000,0.0,0.0,0.0
2006-06-07 00:00:00+09:00,-8.119563146312633,-8.282316082430258,-7.27867297637157,-8.11052131652832,840,0.0,0.0,0.0
2006-06-08 00:00:00+09:00,-8.083395697275797,-8.228064971499974,-7.7759734895494255,-8.137646675109863,4000,0.0,0.0,0.0
2006-06-09 00:00:00+09:00,-8.22806580122127,-8.22806580122127,-7.450468373853107,-7.775974273681641,24000,0.0,0.0,0.0
2006-06-12 00:00:00+09:00,-8.074352963482578,-8.1286039352417,-8.074352963482578,-8.1286039352417,5000,0.0,0.0,0.0
2006-06-13 00:00:00+09:00,-8.219022793916878,-8.219022793916878,-7.956809745486087,-8.209980964660645,1000,0.0,0.0,0.0
2006-06-14 00:00:00+09:00,-8.1376462029835,-8.291357297928744,-8.128604373869075,-8.237106323242188,1000,0.0,0.0,0.0
2006-06-15 00:00:00+09:00,-8.643988166953353,-9.439669086087134,-7.4142994737466,-8.1286039352417,24000,0.0,0.0,0.0
2006-06-16 00:00:00+09:00,-8.137646766558085,-9.096080719063815,-7.902559193301962,-7.920642852783203,12000,0.0,0.0,0.0
2006-06-19 00:00:00+09:00,-7.812140032049102,-8.318482441533767,-7.812140032049102,-8.309440612792969,180,0.0,0.0,0.0
2006-06-20 00:00:00+09:00,-8.589737303757694,-8.589737303757694,-7.929683805679471,-8.309440612792969,50,0.0,0.0,0.0
2006-06-21 00:00:00+09:00,-8.589736980683433,-8.95141011671221,-7.830223395023004,-8.580695152282715,190,0.0,0.0,0.0
2006-06-22 00:00:00+09:00,-7.974893085992158,-8.48123550415039,-7.685554561330311,-8.48123550415039,20000,0.0,0.0,0.0
2006-06-23 00:00:00+09:00,-8.381775986064564,-8.381775986064564,-8.300399520180441,-8.354650497436523,530,0.0,0.0,0.0
2006-06-26 00:00:00+09:00,-8.264232290056018,-8.264232290056018,-8.119563015831842,-8.137646675109863,2000,0.0,0.0,0.0
2006-06-27 00:00:00+09:00,-8.056270199010868,-9.132247924804688,-8.04722836938235,-9.132247924804688,5000,0.0,0.0,0.0
2006-06-28 00:00:00+09:00,-8.499320329404345,-9.403503343170765,-8.318483726651062,-9.22266674041748,430,0.0,0.0,0.0
2006-06-29 00:00:00+09:00,-9.041829711025201,-9.946012682127721,-8.689198352295218,-9.313084602355957,1000,0.0,0.0,0.0
2006-06-30 00:00:00+09:00,-9.041829375632696,-10.452354758231397,-8.607821565602327,-9.385418891906738,1000,0.0,0.0,0.0
2006-07-03 00:00:00+09:00,-10.48852268854777,-10.759777585665384,-8.680156707763672,-8.680156707763672,113000,0.0,0.0,0.0
2006-07-04 00:00:00+09:00,-8.97853633021809,-8.97853633021809,-8.472193898705287,-8.634946823120117,3000,0.0,0.0,0.0
2006-07-05 00:00:00+09:00,-8.634946010084532,-9.114162909073515,-7.486633818167531,-8.399858474731445,14000,0.0,0.0,0.0
2006-07-06 00:00:00+09:00,-8.481236429054643,-8.761533155388006,-8.092437744140625,-8.092437744140625,1000,0.0,0.0,0.0
2006-07-07 00:00:00+09:00,-8.30039987628092,-8.318483536142098,-7.631304461417316,-8.083395957946777,2000,0.0,0.0,0.0
2006-07-10 00:00:00+09:00,-7.956810355559379,-9.005662629701298,-7.6945972870239,-8.671114921569824,2000,0.0,0.0,0.0
2006-07-11 00:00:00+09:00,-8.508361292960949,-8.662072389645683,-8.38177568392646,-8.417943000793457,4000,0.0,0.0,0.0
2006-07-12 00:00:00+09:00,-8.499319598549292,-8.671114356392309,-8.20093922966405,-8.589737892150879,10000,0.0,0.0,0.0
2006-07-13 00:00:00+09:00,-8.571654831090285,-8.95141169069555,-7.875433921813965,-7.875433921813965,1000,0.0,0.0,0.0
2006-07-14 00:00:00+09:00,-7.7759734895494255,-8.363692416085138,-7.7759734895494255,-8.137646675109863,1000,0.0,0.0,0.0
2006-07-18 00:00:00+09:00,-8.137646991541411,-8.137646991541411,-7.875433921813965,-7.875433921813965,50,0.0,0.0,0.0
2006-07-19 00:00:00+09:00,-7.703639122527604,-8.264232579800739,-6.699995997409571,-7.586095333099365,17000,0.0,0.0,0.0
2006-07-20 00:00:00+09:00,-7.775973535850473,-8.146688553257297,-7.251547413665208,-7.830224514007568,21000,0.0,0.0,0.0
2006-07-21 00:00:00+09:00,-7.821181802813353,-8.137645806395396,-7.414299512493583,-8.119562149047852,6000,0.0,0.0,0.0
2006-07-24 00:00:00+09:00,-8.463151875480277,-8.463151875480277,-7.866391166311795,-8.273273468017578,170,0.0,0.0,0.0
2006-07-25 00:00:00+09:00,-7.956810499492444,-9.349252336903621,-7.631304615422298,-8.246149063110352,7000,0.0,0.0,0.0
2006-07-26 00:00:00+09:00,-7.6945974927887955,-8.092438021205608,-7.251547813415527,-7.251547813415527,24000,0.0,0.0,0.0
2006-07-27 00:00:00+09:00,-7.32388214367192,-7.595137037881991,-7.17017103695288,-7.414300441741943,45000,0.0,0.0,0.0
2006-07-28 00:00:00+09:00,-7.2334638456018965,-7.577053378267987,-7.2334638456018965,-7.414300441741943,16000,0.0,0.0,0.0
2006-07-31 00:00:00+09:00,-8.011061118841171,-8.011061118841171,-7.233463764190675,-7.233463764190674,16000,0.0,0.0,0.0
2006-08-01 00:00:00+09:00,-7.414300358295441,-7.414300358295441,-7.179212785959244,-7.233463764190674,6000,0.0,0.0,0.0
2006-08-02 00:00:00+09:00,-7.649388019764527,-7.649388019764527,-7.124961890749938,-7.314840316772461,6000,0.0,0.0,0.0
2006-08-03 00:00:00+09:00,-7.323882102966309,-7.5408860171282734,-7.124961848317842,-7.323882102966309,2000,0.0,0.0,0.0
2006-08-04 00:00:00+09:00,-7.143045382621961,-7.2877146561940505,-7.016459768246381,-7.052627086639404,30000,0.0,0.0,0.0
2006-08-07 00:00:00+09:00,-7.052626870999671,-7.414300043871449,-7.052626870999671,-7.097836017608643,2000,0.0,0.0,0.0
2006-08-08 00:00:00+09:00,-7.070711092017163,-7.595137234391837,-7.06166926197622,-7.0797529220581055,1000,0.0,0.0,0.0
2006-08-09 00:00:00+09:00,-7.161129041818471,-7.9296845576702015,-7.016459768246381,-7.052627086639404,7000,0.0,0.0,0.0
2006-08-10 00:00:00+09:00,-7.369090942095737,-7.369090942095737,-7.016459596400358,-7.088794231414795,2000,0.0,0.0,0.0
2006-08-11 00:00:00+09:00,-7.0345432551539675,-7.260588989574082,-6.907957643878703,-7.088794231414795,7000,0.0,0.0,0.0
2006-08-14 00:00:00+09:00,-6.962209375825873,-7.884476072363846,-6.2479047775268555,-6.2479047775268555,13000,0.0,0.0,0.0
2006-08-16 00:00:00+09:00,-6.455866470336914,-6.672870385306222,-6.148444257463727,-6.329280853271484,116000,0.0,0.0,0.0
2006-08-17 00:00:00+09:00,-6.510117820706136,-6.772330899595689,-6.157486438751221,-6.157486438751221,13000,0.0,0.0,0.0
2006-08-18 00:00:00+09:00,-6.2840718445954495,-6.591494064331055,-6.076109754774306,-6.103235244750977,125000,0.0,0.0,0.0
2006-08-21 00:00:00+09:00,-6.184611279388954,-6.2931132316589355,-5.985691033560655,-6.2931132316589355,13000,0.0,0.0,0.0
2006-08-22 00:00:00+09:00,-6.166527539617757,-6.600535342992614,-6.166527539617757,-6.410656929016113,22000,0.0,0.0,0.0
2006-08-23 00:00:00+09:00,-6.59149373661388,-6.59149373661388,-6.329280679876153,-6.464908123016357,9000,0.0,0.0,0.0
2006-08-24 00:00:00+09:00,-6.582452042126622,-6.582452042126622,-6.329280809737137,-6.338322639465332,11000,0.0,0.0,0.0
2006-08-25 00:00:00+09:00,-6.428740119934082,-6.591493034362792,-6.428740119934082,-6.5101165771484375,51000,0.0,0.0,0.0
2006-08-28 00:00:00+09:00,-6.582451731505414,-6.582451731505414,-6.501075267791748,-6.501075267791748,50000,0.0,0.0,0.0
2006-08-29 00:00:00+09:00,-6.5824512057834195,-6.754245948791503,-6.5101165771484375,-6.5101165771484375,54000,0.0,0.0,0.0
2006-08-30 00:00:00+09:00,-6.66382801944949,-6.672869848512515,-6.537242412567139,-6.537242412567139,1000,0.0,0.0,0.0
2006-08-31 00:00:00+09:00,-6.681911989889647,-6.871790409088135,-6.356406128406525,-6.871790409088135,218000,0.0,0.0,0.0
2006-09-01 00:00:00+09:00,-6.871790452436967,-7.016459725119851,-6.871790452436967,-6.9622087478637695,14000,0.0,0.0,0.0
2006-09-04 00:00:00+09:00,-6.962209106345166,-7.7759738070868085,-6.690954206097952,-7.577053546905518,11000,0.0,0.0,0.0
2006-09-05 00:00:00+09:00,-7.233463764190675,-7.323882061243058,-7.115919978022576,-7.233463764190674,3000,0.0,0.0,0.0
2006-09-06 00:00:00+09:00,-7.5047186553478245,-7.5047186553478245,-7.052627170085907,-7.233463764190674,7000,0.0,0.0,0.0
2006-09-07 00:00:00+09:00,-7.414300441741944,-7.414300441741944,-7.414300441741944,-7.414300441741943,40,0.0,0.0,0.0
2006-09-08 00:00:00+09:00,-7.323882061243058,-7.323882061243058,-7.233463764190675,-7.233463764190674,3000,0.0,0.0,0.0
2006-09-11 00:00:00+09:00,-6.727120569589975,-7.233462978053737,-6.690953254699706,-6.690953254699707,12000,0.0,0.0,0.0
2006-09-12 00:00:00+09:00,-6.555326418443159,-7.143045338717373,-6.555326418443159,-6.9622087478637695,4000,0.0,0.0,0.0
2006-09-13 00:00:00+09:00,-7.0435850747818805,-7.0435850747818805,-6.564368118474513,-6.591493606567383,25000,0.0,0.0,0.0
2006-09-14 00:00:00+09:00,-6.65478650143272,-6.871790409088135,-6.510117229662444,-6.871790409088135,460,0.0,0.0,0.0
2006-09-15 00:00:00+09:00,-6.853706171705916,-6.87178982915105,-6.690953254699706,-6.690953254699707,2000,0.0,0.0,0.0
2006-09-18 00:00:00+09:00,-6.944124775548135,-6.944124775548135,-6.654786243233629,-6.727120876312256,3000,0.0,0.0,0.0
2006-09-19 00:00:00+09:00,-6.935083215487631,-6.935083215487631,-6.871790409088135,-6.871790409088135,2000,0.0,0.0,0.0
2006-09-20 00:00:00+09:00,-6.690953817459379,-6.935083213501816,-6.519159057281368,-6.5734100341796875,17000,0.0,0.0,0.0
2006-09-21 00:00:00+09:00,-6.636702972222429,-6.808497735808568,-6.528201016273289,-6.5462846755981445,33000,0.0,0.0,0.0
2006-09-22 00:00:00+09:00,-6.365447370973351,-6.600534915924071,-6.34736371366945,-6.600534915924072,20000,0.0,0.0,0.0
2006-09-25 00:00:00+09:00,-6.772330283472531,-6.781372112956473,-6.67287015914917,-6.67287015914917,1000,0.0,0.0,0.0
2006-09-26 00:00:00+09:00,-6.962209154369059,-6.962209154369059,-6.600535951544693,-6.681912422180176,6000,0.0,0.0,0.0
2006-09-27 00:00:00+09:00,-6.862748807995632,-6.862748807995632,-6.275029871869523,-6.428740978240967,17000,0.0,0.0,0.0
2006-09-28 00:00:00+09:00,-6.473949910502446,-6.67287015914917,-6.329280638759375,-6.67287015914917,9000,0.0,0.0,0.0
2006-09-29 00:00:00+09:00,-6.419698890748914,-6.736162920574565,-6.419698890748914,-6.582451820373535,44000,0.0,0.0,0.0
2006-10-02 00:00:00+09:00,-6.365447702170078,-7.206337810553341,-6.365447702170078,-6.528200626373291,6000,0.0,0.0,0.0
2006-10-04 00:00:00+09:00,-7.052626998800981,-7.323881883370249,-6.220778686121891,-6.871790409088135,34000,0.0,0.0,0.0
2006-10-09 00:00:00+09:00,-7.143045293657403,-7.143045293657403,-6.627661012975794,-6.871790409088135,2000,0.0,0.0,0.0
2006-10-10 00:00:00+09:00,-6.4739501525446315,-7.884475604775026,-6.4739501525446315,-7.016459941864014,55000,0.0,0.0,0.0
2006-10-11 00:00:00+09:00,-7.405258485335338,-7.504718611512003,-6.916999684104437,-7.143045425415039,17000,0.0,0.0,0.0
2006-10-12 00:00:00+09:00,-7.369091031461684,-7.369091031461684,-6.971250534057617,-6.971250534057617,10000,0.0,0.0,0.0
2006-10-13 00:00:00+09:00,-7.05262717185365,-7.134003639221192,-6.907957896533575,-7.134003639221191,8000,0.0,0.0,0.0
2006-10-16 00:00:00+09:00,-6.9622088347872095,-7.4143003175655995,-6.944125175476074,-6.944125175476074,450,0.0,0.0,0.0
2006-10-17 00:00:00+09:00,-7.124961993016234,-7.124961993016234,-6.8717907546857075,-6.898916244506836,5000,0.0,0.0,0.0
2006-10-18 00:00:00+09:00,-6.916999600150368,-6.9622087478637695,-6.916999600150368,-6.9622087478637695,60,0.0,0.0,0.0
2006-10-19 00:00:00+09:00,-6.9802919717696925,-6.9802919717696925,-6.781371734232214,-6.953166484832764,30000,0.0,0.0,0.0
2006-10-20 00:00:00+09:00,-6.953166516153167,-6.971250174192577,-6.519158723207326,-6.745204448699951,3000,0.0,0.0,0.0
2006-10-23 00:00:00+09:00,-7.215379929542542,-7.215379929542542,-6.781372114231712,-6.871790409088135,1000,0.0,0.0,0.0
2006-10-24 00:00:00+09:00,-6.690953254699706,-6.898915315318751,-6.609576796196602,-6.690953254699707,4000,0.0,0.0,0.0
2006-10-25 00:00:00+09:00,-6.528200578153803,-6.672869843043638,-6.419698629486427,-6.437782287597656,41000,0.0,0.0,0.0
2006-10-26 00:00:00+09:00,-6.392573661804199,-6.6547867257254465,-6.329280853271484,-6.329280853271484,74000,0.0,0.0,0.0
2006-10-27 00:00:00+09:00,-6.392573358620774,-6.5101171403210145,-6.329280553089875,-6.4920334815979,22000,0.0,0.0,0.0
2006-10-30 00:00:00+09:00,-6.591493558075469,-6.591493558075469,-6.265987703355693,-6.401615142822266,32000,0.0,0.0,0.0
2006-10-31 00:00:00+09:00,-6.727121364048549,-6.727121364048549,-6.284071704319545,-6.329280853271484,20000,0.0,0.0,0.0
2006-11-01 00:00:00+09:00,-6.103234815186468,-6.56436811233389,-6.103234815186468,-6.2931132316589355,52000,0.0,0.0,0.0
2006-11-02 00:00:00+09:00,-6.383530977037218,-6.5101165771484375,-6.383530977037218,-6.5101165771484375,60,0.0,0.0,0.0
2006-11-03 00:00:00+09:00,-6.510116920042574,-6.510116920042574,-6.284071193652207,-6.437782287597656,21000,0.0,0.0,0.0
2006-11-06 00:00:00+09:00,-6.329280121130578,-6.419698408575301,-6.1936526899634945,-6.383531093597412,43000,0.0,0.0,0.0
2006-11-07 00:00:00+09:00,-6.410656579830828,-6.410656579830828,-6.2569454911748,-6.383531093597412,64000,0.0,0.0,0.0
2006-11-08 00:00:00+09:00,-6.275030080244631,-6.772330735019061,-6.247904589984207,-6.482992172241211,91000,0.0,0.0,0.0
2006-11-09 00:00:00+09:00,-6.383530924353802,-6.510116523420308,-6.329279953325299,-6.419698238372803,103000,0.0,0.0,0.0
2006-11-10 00:00:00+09:00,-6.329280296850004,-6.464907731782504,-6.302154809863504,-6.446824073791504,13000,0.0,0.0,0.0
2006-11-13 00:00:00+09:00,-6.600535883965075,-6.600535883965075,-6.293113664711907,-6.302155494689941,6000,0.0,0.0,0.0
2006-11-14 00:00:00+09:00,-6.419698975302956,-6.419698975302956,-6.247904213992032,-6.365447998046875,25000,0.0,0.0,0.0
2006-11-15 00:00:00+09:00,-6.2388628154391865,-6.528201380792888,-6.2388628154391865,-6.275030136108398,54000,0.0,0.0,0.0
2006-11-16 00:00:00+09:00,-6.320239110799096,-6.519159368935834,-6.311197280883789,-6.311197280883789,12000,0.0,0.0,0.0
2006-11-17 00:00:00+09:00,-6.329280419411066,-6.329280419411066,-6.157485665169908,-6.3202385902404785,7000,0.0,0.0,0.0
2006-11-20 00:00:00+09:00,-6.238862127705193,-6.77233004876984,-6.238862127705193,-6.3202385902404785,90000,0.0,0.0,0.0
2006-11-21 00:00:00+09:00,-6.220778011268294,-6.519158351925058,-6.220778011268294,-6.419698238372803,80000,0.0,0.0,0.0
2006-11-22 00:00:00+09:00,-6.41969942135616,-6.96220923161161,-6.41969942135616,-6.862749099731445,99000,0.0,0.0,0.0
2006-11-23 00:00:00+09:00,-6.636702282364303,-6.916998972763886,-6.618618624919169,-6.690953254699707,38000,0.0,0.0,0.0
2006-11-24 00:00:00+09:00,-6.473949149129176,-7.034542511204608,-6.455865492288034,-6.636702060699463,412000,0.0,0.0,0.0
2006-11-27 00:00:00+09:00,-6.636703057959168,-6.835623313102358,-6.284071696568967,-6.627661228179932,524000,0.0,0.0,0.0
2006-11-28 00:00:00+09:00,-6.4558658729428835,-6.654786109924316,-6.365447583405868,-6.654786109924316,53000,0.0,0.0,0.0
2006-11-29 00:00:00+09:00,-6.501075316681843,-7.251547154351652,-6.501075316681843,-6.790413856506348,29000,0.0,0.0,0.0
2006-11-30 00:00:00+09:00,-7.052626635369922,-7.052626635369922,-6.745204448699951,-6.745204448699951,110000,0.0,0.0,0.0
2006-12-01 00:00:00+09:00,-6.799455773202997,-6.8808322385737775,-6.745204796289143,-6.871790409088135,123000,0.0,0.0,0.0
2006-12-04 00:00:00+09:00,-7.043585390085962,-7.043585390085962,-6.87179062447411,-6.926041603088379,63000,0.0,0.0,0.0
2006-12-05 00:00:00+09:00,-6.926041659964933,-7.215380214950413,-6.519159317016602,-6.519159317016602,140000,0.0,0.0,0.0
2006-12-06 00:00:00+09:00,-6.573410249504517,-6.799455993985415,-6.473950121932921,-6.627661228179932,272000,0.0,0.0,0.0
2006-12-07 00:00:00+09:00,-6.52820138340725,-6.871790929902369,-6.52820138340725,-6.862749099731445,246000,0.0,0.0,0.0
2006-12-08 00:00:00+09:00,-6.672870118420634,-6.907957683568244,-6.672870118420634,-6.880832195281982,84000,0.0,0.0,0.0
2006-12-11 00:00:00+09:00,-6.99837593200521,-6.99837593200521,-6.6276609278550636,-6.790413856506348,65000,0.0,0.0,0.0
2006-12-12 00:00:00+09:00,-6.790413852581762,-6.790413852581762,-6.510117142288773,-6.591493606567383,48000,0.0,0.0,0.0
2006-12-13 00:00:00+09:00,-6.835623545626716,-6.835623545626716,-6.482992172241211,-6.482992172241211,13000,0.0,0.0,0.0
2006-12-14 00:00:00+09:00,-6.437782050467826,-6.99837543126699,-6.437782050467826,-6.690953254699707,218000,0.0,0.0,0.0
2006-12-15 00:00:00+09:00,-6.690953776041667,-6.907957682291666,-6.600535481770834,-6.7813720703125,259000,0.0,0.0,0.0
2006-12-18 00:00:00+09:00,-6.7813723243801745,-7.052627217355382,-6.7813723243801745,-7.025501728057861,146000,0.0,0.0,0.0
2006-12-19 00:00:00+09:00,-7.025501597844637,-7.378132952176607,-6.926041472263825,-7.052627086639404,126000,0.0,0.0,0.0
2006-12-20 00:00:00+09:00,-7.323882014899179,-7.459509459619534,-7.052627125458469,-7.441425800323486,119000,0.0,0.0,0.0
2006-12-21 00:00:00+09:00,-7.59513697416886,-8.508361777015354,-7.459509528201559,-8.318483352661133,190000,0.0,0.0,0.0
2006-12-22 00:00:00+09:00,-7.884476240291152,-8.246149462322856,-7.613221323767373,-7.775974273681641,172000,0.0,0.0,0.0
2006-12-26 00:00:00+09:00,-7.848308252783258,-8.11052131652832,-7.775973614508757,-8.11052131652832,72000,0.0,0.0,0.0
2006-12-27 00:00:00+09:00,11.432738181872246,11.60759182465382,11.096481176523062,11.540340423583984,24000,750.00006,0.0,0.0
2006-12-28 00:00:00+09:00,11.51343986315605,12.051451071714743,11.446188462086212,11.540340423583984,65000,0.0,0.0,0.0
2007-01-02 00:00:00+09:00,12.643264149510584,12.77776695961176,11.567241668701172,11.567241668701172,116000,0.0,0.0,0.0
2007-01-03 00:00:00+09:00,12.199404876176702,12.199404876176702,11.567241668701172,11.567241668701172,85000,0.0,0.0,0.0
2007-01-04 00:00:00+09:00,11.553790528336117,11.715193888452571,10.800574847792669,11.271334648132324,34000,0.0,0.0,0.0
2007-01-05 00:00:00+09:00,11.513438986819326,11.513438986819326,11.029228935971783,11.244433403015137,20000,0.0,0.0,0.0
2007-01-08 00:00:00+09:00,11.513438986819326,11.513438986819326,10.518118326743824,11.244433403015137,32000,0.0,0.0,0.0
2007-01-09 00:00:00+09:00,10.908177749315897,11.432738701502482,10.8947274684906,11.298235893249512,101000,0.0,0.0,0.0
2007-01-10 00:00:00+09:00,11.123381120402637,11.567240342861268,11.029229164123535,11.029229164123535,14000,0.0,0.0,0.0
2007-01-11 00:00:00+09:00,11.29823604849882,11.567241668701172,11.29823604849882,11.567241668701172,4000,0.0,0.0,0.0
2007-01-12 00:00:00+09:00,11.674843756357829,11.674843756357829,10.639172132809957,11.298235893249512,19000,0.0,0.0,0.0
2007-01-15 00:00:00+09:00,11.29823604849882,12.09180262809576,11.29823604849882,11.567241668701172,21000,0.0,0.0,0.0
2007-01-16 00:00:00+09:00,11.392387247085571,12.105252092534846,11.392387247085571,11.836246490478516,42000,0.0,0.0,0.0
2007-01-17 00:00:00+09:00,11.836247126261393,11.836247126261393,10.8947274684906,11.298235893249512,248000,0.0,0.0,0.0
2007-01-18 00:00:00+09:00,11.486538887023926,11.486538887023926,10.921627138481766,11.486538887023926,70000,0.0,0.0,0.0
2007-01-19 00:00:00+09:00,11.486539982640467,11.970750099004702,11.29823604849882,11.567241668701172,154000,0.0,0.0,0.0
2007-01-22 00:00:00+09:00,10.773674941062927,11.419288420677185,10.773674941062927,11.298235893249512,4000,0.0,0.0,0.0
2007-01-23 00:00:00+09:00,10.840926046160574,11.432738386149488,10.840926046160574,10.948528289794922,63000,0.0,0.0,0.0
2007-01-24 00:00:00+09:00,11.029230360389452,11.8227969351004,11.029230360389452,11.526890754699707,86000,0.0,0.0,0.0
2007-01-25 00:00:00+09:00,11.56724110771628,12.078351761313046,11.298235500560088,11.432738304138184,38000,0.0,0.0,0.0
2007-01-26 00:00:00+09:00,11.56724110771628,11.836246714872471,11.298235500560088,11.432738304138184,95000,0.0,0.0,0.0
2007-01-29 00:00:00+09:00,11.432738304138184,11.432738304138184,11.432738304138184,11.432738304138184,1000,0.0,0.0,0.0
2007-01-30 00:00:00+09:00,12.078351761313046,12.078351761313046,11.298235500560088,11.432738304138184,47000,0.0,0.0,0.0
2007-01-31 00:00:00+09:00,11.432738304138184,11.432738304138184,11.432738304138184,11.432738304138184,1000,0.0,0.0,0.0
2007-02-01 00:00:00+09:00,11.29823604849882,11.567241668701172,11.163733238397644,11.567241668701172,21000,0.0,0.0,0.0
2007-02-02 00:00:00+09:00,11.553790016709087,11.553790016709087,11.271334149013056,11.513439178466797,8000,0.0,0.0,0.0
2007-02-05 00:00:00+09:00,10.78712537011435,11.567241668701172,10.78712537011435,11.567241668701172,100000,0.0,0.0,0.0
2007-02-06 00:00:00+09:00,11.957299903425959,11.957299903425959,11.45963950249597,11.795896530151367,22000,0.0,0.0,0.0
2007-02-07 00:00:00+09:00,11.822796658392697,11.822796658392697,11.338586556342484,11.553791046142578,1000,0.0,0.0,0.0
2007-02-08 00:00:00+09:00,11.553791260389689,11.782446035042337,11.432738732632405,11.674843788146973,54000,0.0,0.0,0.0
2007-02-09 00:00:00+09:00,11.49998909157956,11.647942167611577,11.446187973022461,11.446187973022461,20000,0.0,0.0,0.0
2007-02-12 00:00:00+09:00,11.432738520630025,11.567241326755084,11.029230102254848,11.553791046142578,18000,0.0,0.0,0.0
2007-02-13 00:00:00+09:00,10.908177370183608,11.56724110771628,10.908177370183608,11.432738304138184,26000,0.0,0.0,0.0
2007-02-14 00:00:00+09:00,11.80934637778019,11.80934637778019,11.271335153279955,11.553791046142578,47000,0.0,0.0,0.0
2007-02-15 00:00:00+09:00,11.567241151675004,11.836246759853493,11.567241151675004,11.809346199035645,194000,0.0,0.0,0.0
2007-02-16 00:00:00+09:00,11.594142243845784,11.836247302301961,11.594142243845784,11.755545616149902,83000,0.0,0.0,0.0
2007-02-20 00:00:00+09:00,11.755544717454594,12.616362637268201,11.755544717454594,12.132152557373047,136000,0.0,0.0,0.0
2007-02-21 00:00:00+09:00,12.239755125606761,13.907589889975155,12.239755125606761,13.71928596496582,334000,0.0,0.0,0.0
2007-02-22 00:00:00+09:00,13.342677947998046,13.719285793304444,13.12747346496582,13.45028018951416,127000,0.0,0.0,0.0
2007-02-23 00:00:00+09:00,13.34267848371023,13.450280729546604,13.181275114955671,13.396479606628418,102000,0.0,0.0,0.0
2007-02-26 00:00:00+09:00,13.436830077451818,14.230396618562587,12.9929708256441,13.71928596496582,114000,0.0,0.0,0.0
2007-02-27 00:00:00+09:00,13.719285793304444,13.719285793304444,13.046771783828735,13.45028018951416,234000,0.0,0.0,0.0
2007-02-28 00:00:00+09:00,12.643263041973114,13.584782630205154,12.643263041973114,12.91226863861084,88000,0.0,0.0,0.0
2007-03-01 00:00:00+09:00,12.91226863861084,12.91226863861084,12.91226863861084,12.91226863861084,0,0.0,0.0,0.0
2007-03-05 00:00:00+09:00,12.670165009681046,13.046772886826556,12.670165009681046,13.00642204284668,10000,0.0,0.0,0.0
2007-03-06 00:00:00+09:00,13.423379454320791,13.423379454320791,12.91226881377551,13.1812744140625,50000,0.0,0.0,0.0
2007-03-07 00:00:00+09:00,13.450280638588584,13.450280638588584,12.91226941304504,13.167824745178223,40000,0.0,0.0,0.0
2007-03-08 00:00:00+09:00,12.912269270799877,13.315777685512375,12.912269270799877,13.087122917175293,29000,0.0,0.0,0.0
2007-03-09 00:00:00+09:00,13.114023284790235,13.114023284790235,12.011100300838645,12.629813194274902,14000,0.0,0.0,0.0
2007-03-12 00:00:00+09:00,12.401157829609323,12.912268455992354,12.374257270326007,12.64326286315918,202000,0.0,0.0,0.0
2007-03-13 00:00:00+09:00,12.643263905524211,12.912269520535364,12.280106325259155,12.871918678283691,371000,0.0,0.0,0.0
2007-03-14 00:00:00+09:00,12.387707549967665,12.912268455992354,12.374257270326007,12.64326286315918,155000,0.0,0.0,0.0
2007-03-15 00:00:00+09:00,12.885369431345087,12.898819712588661,12.643264368960732,12.777767181396484,91000,0.0,0.0,0.0
2007-03-16 00:00:00+09:00,12.83156814307363,13.450281072404225,12.83156814307363,13.409930229187012,325000,0.0,0.0,0.0
2007-03-19 00:00:00+09:00,13.396478894292093,13.423379454320791,13.046771613919006,13.1812744140625,168000,0.0,0.0,0.0
2007-03-20 00:00:00+09:00,13.181274377026604,13.93449005571384,13.181274377026604,13.853788375854492,318000,0.0,0.0,0.0
2007-03-21 00:00:00+09:00,13.961390789576939,14.44560087476458,13.71928574698312,14.122794151306152,191000,0.0,0.0,0.0
2007-03-22 00:00:00+09:00,14.25729767481486,15.952033058802286,14.12279486656189,14.5263032913208,64000,0.0,0.0,0.0
2007-03-23 00:00:00+09:00,14.25729751586914,14.768408181532374,14.12279470911566,14.25729751586914,118000,0.0,0.0,0.0
2007-03-26 00:00:00+09:00,14.391799303737,14.741506576538088,14.230395947059577,14.741506576538086,107000,0.0,0.0,0.0
2007-03-27 00:00:00+09:00,14.311098244925526,14.795308335919247,14.311098244925526,14.391799926757812,58000,0.0,0.0,0.0
2007-03-28 00:00:00+09:00,14.391800483067831,14.768408346176146,14.25729767481486,14.5263032913208,98000,0.0,0.0,0.0
2007-03-29 00:00:00+09:00,14.795308335919247,15.709927396685165,14.149694881260952,14.391799926757812,127000,0.0,0.0,0.0
2007-03-30 00:00:00+09:00,14.391799042567964,14.79530742693903,14.149694011945325,14.768406867980957,41000,0.0,0.0,0.0
2007-04-02 00:00:00+09:00,14.929811747926237,15.709928037457518,14.795308939386361,14.902911186218262,81000,0.0,0.0,0.0
2007-04-03 00:00:00+09:00,15.198816180438694,16.140335766837552,14.929810584324734,15.306418418884277,46000,0.0,0.0,0.0
2007-04-04 00:00:00+09:00,15.602326242547285,16.113436929803147,15.19881780524003,15.333320617675781,7000,0.0,0.0,0.0
2007-04-05 00:00:00+09:00,15.602325399014639,16.086535497604746,14.607004640801636,15.225717544555664,33000,0.0,0.0,0.0
2007-04-06 00:00:00+09:00,15.33331869429901,16.651446090826468,15.33331869429901,16.00583267211914,203000,0.0,0.0,0.0
2007-04-09 00:00:00+09:00,15.871329498291015,17.18945686340332,15.871329498291015,16.812849044799805,54000,0.0,0.0,0.0
2007-04-10 00:00:00+09:00,16.947354210747612,17.727470515686786,16.678348588354794,17.431564331054688,171000,0.0,0.0,0.0
2007-04-11 00:00:00+09:00,17.485364465152514,18.911094183080337,17.485364465152514,18.292381286621094,205000,0.0,0.0,0.0
2007-04-12 00:00:00+09:00,18.29238118210884,20.14851986088165,18.29238118210884,19.637409210205078,163000,0.0,0.0,0.0
2007-04-13 00:00:00+09:00,20.256122002234825,20.44442592523037,19.637409112392326,19.93331527709961,99000,0.0,0.0,0.0
2007-04-16 00:00:00+09:00,19.96021502205495,21.25144186984287,18.50758481829354,19.1531982421875,173000,0.0,0.0,0.0
2007-04-17 00:00:00+09:00,18.857292720618933,20.713431376428787,18.830392160389806,19.85261344909668,360000,0.0,0.0,0.0
2007-04-18 00:00:00+09:00,20.632729900615843,20.632729900615843,19.09939795233018,19.260801315307617,83000,0.0,0.0,0.0
2007-04-19 00:00:00+09:00,19.09939899827143,19.09939899827143,17.75437089980161,18.776592254638672,30000,0.0,0.0,0.0
2007-04-20 00:00:00+09:00,17.78127095086234,18.93799508231027,17.78127095086234,18.830392837524414,32000,0.0,0.0,0.0
2007-04-23 00:00:00+09:00,18.29238085679605,19.58360774080518,18.29238085679605,19.099397659301758,2000,0.0,0.0,0.0
2007-04-24 00:00:00+09:00,18.80349227632795,20.98243773324149,18.292381613595147,18.830392837524414,38000,0.0,0.0,0.0
2007-04-25 00:00:00+09:00,18.830391704172328,19.58360737233922,17.37776148699332,18.561386108398438,32000,0.0,0.0,0.0
2007-04-26 00:00:00+09:00,18.292383188241953,18.507587696338916,17.64676966395106,17.915775299072266,64000,0.0,0.0,0.0
2007-04-27 00:00:00+09:00,18.668990366082443,18.668990366082443,17.512266179134972,17.888874053955078,26000,0.0,0.0,0.0
2007-04-30 00:00:00+09:00,17.86197249687556,19.314602790296163,17.539165765004316,18.749691009521484,101000,0.0,0.0,0.0
2007-05-02 00:00:00+09:00,19.09939825971165,19.09939825971165,18.184779188119823,18.373083114624023,44000,0.0,0.0,0.0
2007-05-03 00:00:00+09:00,18.507586578824625,18.507586578824625,18.02337646484375,18.02337646484375,84000,0.0,0.0,0.0
2007-05-04 00:00:00+09:00,16.947352889680513,18.426883697509766,16.947352889680513,18.426883697509766,107000,0.0,0.0,0.0
2007-05-07 00:00:00+09:00,18.346183401371714,19.36840476391149,18.346183401371714,18.8572940826416,59000,0.0,0.0,0.0
2007-05-08 00:00:00+09:00,18.96489444938866,20.175419627009212,18.96489444938866,19.906414031982422,305000,0.0,0.0,0.0
2007-05-09 00:00:00+09:00,19.287701189267885,19.906414058658626,19.23390007019043,19.23390007019043,107000,0.0,0.0,0.0
2007-05-10 00:00:00+09:00,19.233901580174763,19.556708319981894,18.83039315541585,19.368404388427734,20000,0.0,0.0,0.0
2007-05-11 00:00:00+09:00,18.42688328402859,19.23390007019043,18.42688328402859,19.23390007019043,79000,0.0,0.0,0.0
2007-05-14 00:00:00+09:00,18.42688365721367,19.42220438030404,18.42688365721367,19.099397659301758,38000,0.0,0.0,0.0
2007-05-15 00:00:00+09:00,18.830392058466522,20.444425663477936,18.776590938299474,19.099397659301758,27000,0.0,0.0,0.0
2007-05-16 00:00:00+09:00,18.937994151675213,19.099397510922444,18.346181834435363,19.018695831298828,19000,0.0,0.0,0.0
2007-05-17 00:00:00+09:00,18.830392393347335,19.637409210205078,18.426883984918465,19.637409210205078,125000,0.0,0.0,0.0
2007-05-18 00:00:00+09:00,18.884195473661674,19.58361012083433,18.884195473661674,19.34150505065918,61000,0.0,0.0,0.0
2007-05-21 00:00:00+09:00,18.830391651875264,20.040916829495817,18.830391651875264,19.906414031982422,222000,0.0,0.0,0.0
2007-05-22 00:00:00+09:00,19.422205358345337,22.704073853799816,19.422205358345337,22.139162063598633,260000,0.0,0.0,0.0
2007-05-23 00:00:00+09:00,22.05846174965314,24.210506798399788,21.54735105057581,22.56957244873047,255000,0.0,0.0,0.0
2007-05-25 00:00:00+09:00,22.56957244873047,25.232728196554444,22.192964565199805,22.56957244873047,115000,0.0,0.0,0.0
2007-05-28 00:00:00+09:00,22.623370353259435,23.618691046565736,22.596469793980887,22.892375946044922,187000,0.0,0.0,0.0
2007-05-29 00:00:00+09:00,22.892377062903513,24.748515743679473,22.892377062903513,24.21050453186035,150000,0.0,0.0,0.0
2007-05-30 00:00:00+09:00,24.210503354985665,26.362548097651057,24.210503354985665,25.28652572631836,455000,0.0,0.0,0.0
2007-05-31 00:00:00+09:00,25.58243398756069,25.82453904107073,25.286527811048423,25.743837356567383,297000,0.0,0.0,0.0
2007-06-01 00:00:00+09:00,26.497054355660666,26.497054355660666,25.555534657743788,26.09354591369629,91000,0.0,0.0,0.0
2007-06-04 00:00:00+09:00,27.707576962465737,27.707576962465737,23.780095179436614,24.345006942749023,61000,0.0,0.0,0.0
2007-06-05 00:00:00+09:00,23.56489200592041,24.34500829378764,22.596471786499023,22.596471786499023,234000,0.0,0.0,0.0
2007-06-07 00:00:00+09:00,22.54267058620563,23.672494171671783,21.76255430100281,23.268985748291016,161000,0.0,0.0,0.0
2007-06-08 00:00:00+09:00,24.345009346318438,24.345009346318438,22.488870512179243,23.16138458251953,18000,0.0,0.0,0.0
2007-06-11 00:00:00+09:00,23.16138210167756,24.183603379103513,22.569569783167797,23.887697219848633,39000,0.0,0.0,0.0
2007-06-12 00:00:00+09:00,24.936821905486788,24.936821905486788,23.45729094022058,23.995302200317383,39000,0.0,0.0,0.0
2007-06-13 00:00:00+09:00,23.995299748649373,23.995299748649373,22.408166693525704,22.99997901916504,46000,0.0,0.0,0.0
2007-06-14 00:00:00+09:00,22.99997901916504,23.96839918839304,22.784774537114373,22.99997901916504,26000,0.0,0.0,0.0
2007-06-15 00:00:00+09:00,23.64559246531704,24.210504230700042,22.650271735832703,22.99997901916504,36000,0.0,0.0,0.0
2007-06-18 00:00:00+09:00,22.865475536230296,23.13448113077418,22.59646994168641,22.97307777404785,340000,0.0,0.0,0.0
2007-06-19 00:00:00+09:00,22.892377602485062,23.13448265351017,22.811675918810028,23.107582092285156,106000,0.0,0.0,0.0
2007-06-20 00:00:00+09:00,23.107582200248288,23.107582200248288,22.515769850532966,22.811676025390625,96000,0.0,0.0,0.0
2007-06-21 00:00:00+09:00,22.99998052730117,23.56489232972611,22.327466476795287,23.134483337402344,118000,0.0,0.0,0.0
2007-06-22 00:00:00+09:00,23.537992477416992,24.210506548200335,22.86547840663365,23.537992477416992,269000,0.0,0.0,0.0
2007-06-25 00:00:00+09:00,24.99062214508755,24.99062214508755,23.134483363590196,23.511091232299805,53000,0.0,0.0,0.0
2007-06-26 00:00:00+09:00,25.071320827876296,25.071320827876296,22.70407165099527,23.026878356933594,51000,0.0,0.0,0.0
2007-06-27 00:00:00+09:00,22.596470615320037,23.860796947367707,22.30056445250037,22.99997901916504,31000,0.0,0.0,0.0
2007-06-28 00:00:00+09:00,23.403488957604697,23.403488957604697,21.197642871945405,23.134483337402344,116000,0.0,0.0,0.0
2007-06-29 00:00:00+09:00,23.672493475454825,23.672493475454825,22.865476652427958,23.242084503173828,125000,0.0,0.0,0.0
2007-07-02 00:00:00+09:00,23.403488034787387,25.07132281427798,22.86547681559687,24.748516082763672,141000,0.0,0.0,0.0
2007-07-03 00:00:00+09:00,24.883017634401227,28.1110847869722,23.511089094558567,27.169565200805664,591000,0.0,0.0,0.0
2007-07-04 00:00:00+09:00,27.43857400170688,31.204652786254883,25.95904305063445,31.204652786254883,902000,0.0,0.0,0.0
2007-07-05 00:00:00+09:00,32.81868655106117,33.491200619730456,29.85962464891631,31.204652786254883,688000,0.0,0.0,0.0
2007-07-06 00:00:00+09:00,31.47365713119507,34.56722172101339,30.532137473424275,32.28067398071289,228000,0.0,0.0,0.0
2007-07-09 00:00:00+09:00,31.20465207828705,32.14617175306295,29.59061835009979,30.801143646240234,231000,0.0,0.0,0.0
2007-07-10 00:00:00+09:00,31.339155297530326,31.877166547273333,28.38009342394377,30.666641235351562,84000,0.0,0.0,0.0
2007-07-11 00:00:00+09:00,30.263128663812363,30.263128663812363,28.514592341014314,30.128625869750977,89000,0.0,0.0,0.0
2007-07-12 00:00:00+09:00,30.128628296471536,30.935645125841308,28.51459463773199,28.649097442626953,218000,0.0,0.0,0.0
2007-07-13 00:00:00+09:00,29.590617815653484,31.339154322942097,28.783600966135662,29.0526065826416,161000,0.0,0.0,0.0
2007-07-16 00:00:00+09:00,29.052606118691934,30.26313137363743,28.78360050648182,29.859622955322266,114000,0.0,0.0,0.0
2007-07-18 00:00:00+09:00,29.590617143190826,29.590617143190826,27.97658348083496,27.97658348083496,249000,0.0,0.0,0.0
2007-07-19 00:00:00+09:00,27.976583418152142,32.011667565001005,27.976583418152142,28.649097442626953,416000,0.0,0.0,0.0
2007-07-20 00:00:00+09:00,29.59061741279567,29.59061741279567,28.38009215499948,29.187108993530273,119000,0.0,0.0,0.0
2007-07-23 00:00:00+09:00,30.935642594793233,33.49119567871094,29.32160906810837,33.49119567871094,380000,0.0,0.0,0.0
2007-07-24 00:00:00+09:00,33.62570223600968,33.62570223600968,30.26313201240871,30.935646057128906,283000,0.0,0.0,0.0
2007-07-25 00:00:00+09:00,30.801143248184868,31.33915448396102,28.38009268719217,30.935646057128906,313000,0.0,0.0,0.0
2007-07-26 00:00:00+09:00,30.39763216429119,32.95318531084664,30.39763216429119,31.87716293334961,223000,0.0,0.0,0.0
2007-07-27 00:00:00+09:00,33.49119731821912,33.49119731821912,30.666638508248838,31.608158111572266,231000,0.0,0.0,0.0
2007-07-30 00:00:00+09:00,31.204653245575575,32.953189849853516,31.204653245575575,32.953189849853516,98000,0.0,0.0,0.0
2007-07-31 00:00:00+09:00,32.81868703413983,34.70172645413146,32.0116701398577,32.953189849853516,277000,0.0,0.0,0.0
2007-08-01 00:00:00+09:00,32.95318571187682,34.1637109012927,31.742660522460938,31.742660522460938,179000,0.0,0.0,0.0
2007-08-02 00:00:00+09:00,31.742660522460938,33.08768851070081,31.339152125988974,31.742660522460938,67000,0.0,0.0,0.0
2007-08-03 00:00:00+09:00,33.89470814549646,36.315758727317636,31.473657563675282,34.701725006103516,214000,0.0,0.0,0.0
2007-08-06 00:00:00+09:00,34.70172295203576,38.60230421408629,32.28067251352164,36.71926498413086,244000,0.0,0.0,0.0
2007-08-07 00:00:00+09:00,38.33329927353632,38.467802078004866,33.89470672607422,33.89470672607422,342000,0.0,0.0,0.0
2007-08-08 00:00:00+09:00,35.50874248303865,36.04675373278166,34.163714358681126,35.777748107910156,585000,0.0,0.0,0.0
2007-08-09 00:00:00+09:00,37.39178035442646,37.39178035442646,34.83622702085055,34.97072982788086,575000,0.0,0.0,0.0
2007-08-10 00:00:00+09:00,33.62570062789627,36.988270690685894,33.62570062789627,35.374237060546875,319000,0.0,0.0,0.0
2007-08-13 00:00:00+09:00,35.374237060546875,35.374237060546875,35.374237060546875,35.374237060546875,0,0.0,0.0,0.0
2007-08-14 00:00:00+09:00,37.257276007746675,40.3508404416029,36.181253595970595,39.40932083129883,1301000,0.0,0.0,0.0
2007-08-16 00:00:00+09:00,37.66078567504883,39.14031654085432,35.50874077933175,37.66078567504883,610000,0.0,0.0,0.0
2007-08-17 00:00:00+09:00,38.467802655255355,38.73680826822917,36.315757751464844,36.315757751464844,288000,0.0,0.0,0.0
2007-08-20 00:00:00+09:00,38.333299304242665,38.46780210881895,36.31575723559831,37.7952880859375,397000,0.0,0.0,0.0
2007-08-21 00:00:00+09:00,38.46780210881895,39.005813327124116,37.52628247678492,37.7952880859375,371000,0.0,0.0,0.0
2007-08-22 00:00:00+09:00,38.73680812290737,38.73680812290737,37.12277445111956,37.66078567504883,497000,0.0,0.0,0.0
2007-08-23 00:00:00+09:00,37.25727609695057,38.73680691668507,36.584762087980344,38.064292907714844,191000,0.0,0.0,0.0
2007-08-24 00:00:00+09:00,38.06429174729994,39.140314128849056,37.9297889496063,38.46780014038086,170000,0.0,0.0,0.0
2007-08-27 00:00:00+09:00,40.35083930809181,40.35083930809181,38.19879454499358,38.46780014038086,350000,0.0,0.0,0.0
2007-08-28 00:00:00+09:00,39.81283018050655,42.77189188311177,38.46780213386782,41.69586944580078,469000,0.0,0.0,0.0
2007-08-29 00:00:00+09:00,40.3508445285014,41.15786141907142,39.54382763793137,40.619850158691406,206000,0.0,0.0,0.0
2007-08-30 00:00:00+09:00,40.75434608459472,41.29235725402832,39.94732933044433,40.35083770751953,235000,0.0,0.0,0.0
2007-08-31 00:00:00+09:00,40.350839254018425,40.75434764655861,39.54382246893805,39.812828063964844,212000,0.0,0.0,0.0
2007-09-03 00:00:00+09:00,39.54382665601827,40.619849150059586,39.00581540899761,39.67832946777344,244000,0.0,0.0,0.0
2007-09-04 00:00:00+09:00,40.216336456505026,40.619844849045215,38.4678000888309,39.812828063964844,386000,0.0,0.0,0.0
2007-09-05 00:00:00+09:00,39.94732933044433,40.35083770751953,37.92978744506836,40.35083770751953,384000,0.0,0.0,0.0
2007-09-06 00:00:00+09:00,40.08183327106514,40.21633606727677,39.27481649379537,39.947330474853516,120000,0.0,0.0,0.0
2007-09-07 00:00:00+09:00,39.947330861478235,39.947330861478235,39.00581127888447,39.812828063964844,114000,0.0,0.0,0.0
2007-09-10 00:00:00+09:00,38.46780131309698,39.27481812386125,37.12277329515653,38.064292907714844,221000,0.0,0.0,0.0
2007-09-11 00:00:00+09:00,38.73680731590758,38.73680731590758,37.257276480925,37.92979049682617,118000,0.0,0.0,0.0
2007-09-12 00:00:00+09:00,37.257274243471436,38.871307784704854,36.85376585816308,37.39177703857422,110000,0.0,0.0,0.0
2007-09-13 00:00:00+09:00,36.31575505225667,37.25727462768555,34.97072708735828,37.25727462768555,210000,0.0,0.0,0.0
2007-09-14 00:00:00+09:00,37.3917800630842,37.66078567504883,36.18125480924334,37.66078567504883,54000,0.0,0.0,0.0
2007-09-17 00:00:00+09:00,36.45025784874651,37.52628022066523,36.18125225576683,37.25727462768555,96000,0.0,0.0,0.0
2007-09-18 00:00:00+09:00,37.122772605202414,37.391778203790835,36.18125301014293,36.9882698059082,48000,0.0,0.0,0.0
2007-09-19 00:00:00+09:00,37.52628286906651,38.06429409299578,36.45026042120797,37.66078567504883,177000,0.0,0.0,0.0
2007-09-20 00:00:00+09:00,37.66078567504883,37.929791287013465,36.853768839154924,37.66078567504883,86000,0.0,0.0,0.0
2007-09-21 00:00:00+09:00,36.4502602938948,39.00581359863281,36.4502602938948,39.00581359863281,141000,0.0,0.0,0.0
2007-09-27 00:00:00+09:00,38.46780511717133,44.251426166256536,38.46780511717133,40.619850158691406,527000,0.0,0.0,0.0
2007-09-28 00:00:00+09:00,42.368383070280316,42.90639428387118,40.61984662611002,41.83037185668945,130000,0.0,0.0,0.0
2007-10-01 00:00:00+09:00,41.023351306855865,43.57890433908623,40.888848515685844,43.17539596557617,364000,0.0,0.0,0.0
2007-10-02 00:00:00+09:00,43.84791473586197,43.84791473586197,41.42686422897388,41.56136703491211,274000,0.0,0.0,0.0
2007-10-04 00:00:00+09:00,41.69586717692855,41.69586717692855,36.18125248578639,41.15785598754883,379000,0.0,0.0,0.0
2007-10-05 00:00:00+09:00,42.63738675834307,42.63738675834307,39.81282801409952,41.15785598754883,130000,0.0,0.0,0.0
2007-10-08 00:00:00+09:00,40.48534674871535,42.50288894549519,39.543827056884766,39.543827056884766,65000,0.0,0.0,0.0
2007-10-09 00:00:00+09:00,38.4678023765827,40.61984726478314,38.4678023765827,39.00581359863281,63000,0.0,0.0,0.0
2007-10-10 00:00:00+09:00,40.88885164749093,40.88885164749093,38.33329841952275,39.40932083129883,114000,0.0,0.0,0.0
2007-10-11 00:00:00+09:00,40.3508404416029,40.3508404416029,38.46780122099476,39.40932083129883,43000,0.0,0.0,0.0
2007-10-12 00:00:00+09:00,37.9297932994609,39.812832683122075,37.79529048634224,39.543827056884766,70000,0.0,0.0,0.0
2007-10-15 00:00:00+09:00,40.08183618273054,40.08183618273054,37.66078567504883,37.66078567504883,65000,0.0,0.0,0.0
2007-10-16 00:00:00+09:00,36.31575999540441,37.660788143382355,34.2982177734375,34.2982177734375,176000,0.0,0.0,0.0
2007-10-17 00:00:00+09:00,34.16371477328665,34.970731657695,32.011669748197725,33.08769226074219,120000,0.0,0.0,0.0
2007-10-18 00:00:00+09:00,33.087690022366104,33.22219282733507,31.47365636273849,32.549678802490234,89000,0.0,0.0,0.0
2007-10-19 00:00:00+09:00,33.087693073710454,33.087693073710454,31.74266489998239,32.818687438964844,79000,0.0,0.0,0.0
2007-10-22 00:00:00+09:00,32.28067537633384,33.08769226074219,31.20465286378938,33.08769226074219,63000,0.0,0.0,0.0
2007-10-23 00:00:00+09:00,34.43272124743852,34.43272124743852,32.280676169473615,32.818687438964844,70000,0.0,0.0,0.0
2007-10-24 00:00:00+09:00,34.16371329625448,34.16371329625448,31.60815993944804,32.28067398071289,45000,0.0,0.0,0.0
2007-10-25 00:00:00+09:00,32.28067398071289,33.08769083023071,31.339154322942097,32.28067398071289,20000,0.0,0.0,0.0
2007-10-26 00:00:00+09:00,32.28067171775688,32.95318571187682,30.53213533304505,31.742660522460938,78000,0.0,0.0,0.0
2007-10-29 00:00:00+09:00,31.742662459153397,35.777746670062726,30.128628774789664,34.97072982788086,174000,0.0,0.0,0.0
2007-10-30 00:00:00+09:00,34.97072708735828,39.67832496450266,34.29821310490908,37.25727462768555,322000,0.0,0.0,0.0
2007-10-31 00:00:00+09:00,37.257277257101876,39.005813734872,37.12277445111956,37.66078567504883,36000,0.0,0.0,0.0
2007-11-01 00:00:00+09:00,39.00581212110922,39.00581212110922,37.12277291526257,38.198795318603516,210000,0.0,0.0,0.0
2007-11-02 00:00:00+09:00,37.660784116933044,39.00581212110922,36.45025891317448,38.198795318603516,179000,0.0,0.0,0.0
2007-11-05 00:00:00+09:00,37.660784116933044,39.27481772194446,36.719264514009716,38.198795318603516,416000,0.0,0.0,0.0
2007-11-06 00:00:00+09:00,36.719264207319775,38.19879499955611,36.45025860873135,36.9882698059082,34000,0.0,0.0,0.0
2007-11-07 00:00:00+09:00,36.98827019573128,37.66078419929003,35.508739387902025,36.85376739501953,48000,0.0,0.0,0.0
2007-11-08 00:00:00+09:00,35.50874208600334,36.719267384389816,33.89470835482137,35.91225051879883,118000,0.0,0.0,0.0
2007-11-09 00:00:00+09:00,34.70172421382024,35.239735441941484,33.62570175757775,34.97072982788086,120000,0.0,0.0,0.0
2007-11-12 00:00:00+09:00,36.315758778498726,36.315758778498726,31.473657608032227,31.473657608032227,143000,0.0,0.0,0.0
2007-11-13 00:00:00+09:00,30.26312900190594,33.6256988910066,30.26312900190594,32.01166534423828,52000,0.0,0.0,0.0
2007-11-14 00:00:00+09:00,33.625702478895626,33.625702478895626,31.877165949993053,32.14617156982422,27000,0.0,0.0,0.0
2007-11-15 00:00:00+09:00,33.35669288482053,36.85376552597107,32.28067053369729,33.49119567871094,64000,0.0,0.0,0.0
2007-11-16 00:00:00+09:00,32.41517587692019,35.2397347707597,31.74266185457744,33.89470672607422,17000,0.0,0.0,0.0
2007-11-19 00:00:00+09:00,36.315758920484974,36.315758920484974,31.7426633527202,33.35669708251953,56000,0.0,0.0,0.0
2007-11-20 00:00:00+09:00,31.339155677857438,34.16371477328665,31.339155677857438,33.08769226074219,1000,0.0,0.0,0.0
2007-11-21 00:00:00+09:00,34.83622884362694,34.83622884362694,31.608161305993555,33.08769226074219,10000,0.0,0.0,0.0
2007-11-22 00:00:00+09:00,34.970729291931654,34.970729291931654,30.39763392298675,32.549678802490234,52000,0.0,0.0,0.0
2007-11-23 00:00:00+09:00,31.60815993944804,32.28067398071289,30.666640281677246,32.28067398071289,97000,0.0,0.0,0.0
2007-11-26 00:00:00+09:00,32.28067381192098,33.22219346476867,30.397634506225586,30.397634506225586,107000,0.0,0.0,0.0
2007-11-27 00:00:00+09:00,30.397634111311994,32.28067339254371,26.90056116045309,30.532136917114258,270000,0.0,0.0,0.0
2007-11-28 00:00:00+09:00,32.0116674312027,32.0116674312027,28.649097322883094,29.994125366210938,65000,0.0,0.0,0.0
2007-11-29 00:00:00+09:00,28.918102604069123,30.93564464621348,28.649096998449874,29.456113815307617,84000,0.0,0.0,0.0
2007-11-30 00:00:00+09:00,28.918103247487075,31.608159363532383,28.918103247487075,30.532136917114258,133000,0.0,0.0,0.0
2007-12-03 00:00:00+09:00,29.859622277946116,31.473655914591852,28.783599853515625,28.783599853515625,76000,0.0,0.0,0.0
2007-12-04 00:00:00+09:00,30.26313032422747,30.26313032422747,27.976582699730283,28.245588302612305,62000,0.0,0.0,0.0
2007-12-05 00:00:00+09:00,29.187109390894573,29.187109390894573,27.97658411661784,29.0526065826416,62000,0.0,0.0,0.0
2007-12-06 00:00:00+09:00,29.187109472627323,30.532137558923512,27.97658419496075,28.38009262084961,130000,0.0,0.0,0.0
2007-12-07 00:00:00+09:00,29.456115089886563,29.456115089886563,27.97658419496075,28.38009262084961,79000,0.0,0.0,0.0
2007-12-10 00:00:00+09:00,28.918102711581728,28.918102711581728,27.976583088413953,28.111085891723633,177000,0.0,0.0,0.0
2007-12-11 00:00:00+09:00,27.70757709684826,29.590616317022416,27.70757709684826,28.245588302612305,61000,0.0,0.0,0.0
2007-12-12 00:00:00+09:00,27.169566530700124,29.45611420902637,27.169566530700124,29.321611404418945,177000,0.0,0.0,0.0
2007-12-13 00:00:00+09:00,28.38008918762207,30.397631072998045,28.38008918762207,29.590614318847656,86000,0.0,0.0,0.0
2007-12-14 00:00:00+09:00,28.91810345199873,30.12862871278007,28.51459503173828,28.51459503173828,59000,0.0,0.0,0.0
2007-12-17 00:00:00+09:00,27.707577429085134,32.54967833902234,27.707577429085134,28.783599853515625,40000,0.0,0.0,0.0
2007-12-18 00:00:00+09:00,28.111086924870808,29.456115007400513,27.842081308364868,29.0526065826416,96000,0.0,0.0,0.0
2007-12-20 00:00:00+09:00,28.11108616295211,29.994125427456076,28.11108616295211,29.321611404418945,19000,0.0,0.0,0.0
2007-12-21 00:00:00+09:00,28.380091104053317,29.32161071414039,28.111085501171296,28.245588302612305,146000,0.0,0.0,0.0
2007-12-24 00:00:00+09:00,27.976583970331514,30.666640121324928,27.976583970331514,30.397634506225586,125000,0.0,0.0,0.0
2007-12-26 00:00:00+09:00,30.935642634119304,30.935642634119304,29.18710631132126,30.128625869750977,274000,0.0,0.0,0.0
2007-12-27 00:00:00+09:00,145.84997272491455,165.70748074849448,145.16523106892905,164.33799743652344,315000,900.00006,0.0,0.0
2007-12-28 00:00:00+09:00,158.860073182641,169.8159402986852,155.4363647088772,168.4464569091797,299290,0.0,0.0,0.0
2008-01-02 00:00:00+09:00,160.22955079205266,164.3380008123617,154.75161743164062,154.75161743164062,50290,0.0,0.0,0.0
2008-01-03 00:00:00+09:00,151.32790095465523,156.8058340208871,144.4804846218654,153.3821258544922,60540,0.0,0.0,0.0
2008-01-04 00:00:00+09:00,147.90420532226562,160.91429745709453,147.90420532226562,147.90420532226562,36700,0.0,0.0,0.0
2008-01-07 00:00:00+09:00,147.9041993355637,154.75161597146945,143.1110076904297,143.1110076904297,14070,0.0,0.0,0.0
2008-01-08 00:00:00+09:00,144.4804887860735,152.69738862224827,143.7957471330589,146.5347137451172,50030,0.0,0.0,0.0
2008-01-09 00:00:00+09:00,146.53471845635622,152.69739353162353,145.16523510629682,148.5889434814453,23200,0.0,0.0,0.0
2008-01-10 00:00:00+09:00,157.49058019335024,157.49058019335024,145.16523043908805,146.5347137451172,13300,0.0,0.0,0.0
2008-01-11 00:00:00+09:00,154.75162103041163,154.75162103041163,141.05678731090617,145.1652374267578,34530,0.0,0.0,0.0
2008-01-14 00:00:00+09:00,148.58893870416088,148.58893870416088,143.11100548004435,146.5347137451172,73670,0.0,0.0,0.0
2008-01-15 00:00:00+09:00,144.48049686573168,153.3821388527199,142.42627179181133,147.90420532226562,27400,0.0,0.0,0.0
2008-01-16 00:00:00+09:00,145.84998024834525,150.64317208749276,143.7957551744249,147.90420532226562,23150,0.0,0.0,0.0
2008-01-17 00:00:00+09:00,143.7957551744249,149.95843039618597,143.7957551744249,147.90420532226562,25130,0.0,0.0,0.0
2008-01-18 00:00:00+09:00,144.48049343126712,149.27368515647504,144.48049343126712,148.5889434814453,12270,0.0,0.0,0.0
2008-01-21 00:00:00+09:00,147.21946716308594,149.95843399402708,142.42627520893893,147.21946716308594,14430,0.0,0.0,0.0
2008-01-22 00:00:00+09:00,145.16522494229403,153.38212446732953,137.6330670443448,150.64315795898438,46110,0.0,0.0,0.0
2008-01-23 00:00:00+09:00,145.8499720921026,154.0668719282774,143.7957471330589,146.5347137451172,17130,0.0,0.0,0.0
2008-01-24 00:00:00+09:00,145.84998024834525,152.6973971614131,145.16523855703846,147.90420532226562,47710,0.0,0.0,0.0
2008-01-25 00:00:00+09:00,145.16523043908805,152.69738862224827,141.74152217401522,146.5347137451172,22370,0.0,0.0,0.0
2008-01-28 00:00:00+09:00,145.1652263981281,149.2736762018487,138.31781005859375,138.31781005859375,41100,0.0,0.0,0.0
2008-01-29 00:00:00+09:00,142.42627306951994,147.21946495166725,130.7856642128765,141.7415313720703,77790,0.0,0.0,0.0
2008-01-30 00:00:00+09:00,141.05678498511222,146.5347183825923,136.94833493700216,139.6873016357422,33950,0.0,0.0,0.0
2008-01-31 00:00:00+09:00,139.68730627972147,143.79575646441918,136.94833948992303,141.7415313720703,10580,0.0,0.0,0.0
2008-02-01 00:00:00+09:00,139.68730627972147,143.11101476696956,136.94833948992303,141.7415313720703,7570,0.0,0.0,0.0
2008-02-04 00:00:00+09:00,141.05677795410156,142.42626123520935,139.6872946729938,141.05677795410156,9430,0.0,0.0,0.0
2008-02-05 00:00:00+09:00,137.63307540893555,140.37204208374024,135.57885040283205,136.94833374023438,19080,0.0,0.0,0.0
2008-02-11 00:00:00+09:00,136.8113841621243,141.05678246945752,134.20936584472656,134.20936584472656,10850,0.0,0.0,0.0
2008-02-12 00:00:00+09:00,131.05956321171917,134.3463234176557,130.100924818321,132.42904663085938,50530,0.0,0.0,0.0
2008-02-13 00:00:00+09:00,133.79852014944092,139.00255675709576,131.4703985091743,134.3463134765625,10980,0.0,0.0,0.0
2008-02-14 00:00:00+09:00,132.97683617574586,136.94833797708122,132.56599116181462,136.12664794921875,7500,0.0,0.0,0.0
2008-02-15 00:00:00+09:00,139.00255531163572,140.37203861519862,117.91251243676685,134.62020874023438,56410,0.0,0.0,0.0
2008-02-18 00:00:00+09:00,134.75716058461944,135.16800558640182,131.6073489042879,133.9354705810547,22010,0.0,0.0,0.0
2008-02-19 00:00:00+09:00,131.4704051406722,141.05678884884622,131.4704051406722,135.9897003173828,13240,0.0,0.0,0.0
2008-02-20 00:00:00+09:00,134.34631608842727,137.63307611505547,132.56598774067035,136.81138610839844,30890,0.0,0.0,0.0
2008-02-21 00:00:00+09:00,138.31782207508223,138.31782207508223,130.1009217537902,135.9897003173828,39430,0.0,0.0,0.0
2008-02-22 00:00:00+09:00,136.12665007405516,139.6873069170385,133.1137865915308,135.71580505371094,10650,0.0,0.0,0.0
2008-02-25 00:00:00+09:00,137.63307922300552,141.05678766138874,131.19650735884505,133.250732421875,61180,0.0,0.0,0.0
2008-02-26 00:00:00+09:00,133.5246215272912,152.6973876953125,128.86837831505747,152.6973876953125,2489000,0.0,0.0,0.0
2008-02-27 00:00:00+09:00,155.43635626071838,156.12109791825458,140.37203979492188,140.37203979492188,602890,0.0,0.0,0.0
2008-02-28 00:00:00+09:00,142.42626345810012,143.11100510934097,136.81138191792502,137.63307189941406,329030,0.0,0.0,0.0
2008-02-29 00:00:00+09:00,135.57884013359183,140.3720314514461,134.34630522328646,139.00254821777344,172040,0.0,0.0,0.0
2008-03-03 00:00:00+09:00,134.62020874023438,136.40053703486618,133.25072543667147,134.62020874023438,87630,0.0,0.0,0.0
2008-03-04 00:00:00+09:00,134.62021125587256,138.3178162445893,126.67720794677733,126.67720794677734,185280,0.0,0.0,0.0
2008-03-05 00:00:00+09:00,126.67721027798122,128.73143530951606,121.88401853773328,123.25350189208984,259550,0.0,0.0,0.0
2008-03-06 00:00:00+09:00,124.34908846573562,128.59448686049092,123.5273984538475,124.75993347167969,88420,0.0,0.0,0.0
2008-03-07 00:00:00+09:00,125.99246589504942,127.36194921999561,120.7884292602539,120.7884292602539,239000,0.0,0.0,0.0
2008-03-10 00:00:00+09:00,120.5145305051642,123.11654877743479,119.14504720396916,121.19927215576172,229010,0.0,0.0,0.0
2008-03-11 00:00:00+09:00,121.61012301237687,126.26636646104896,116.13218954335089,125.99246978759766,47710,0.0,0.0,0.0
2008-03-12 00:00:00+09:00,128.5944810273417,132.2920859131119,127.08804940721308,128.86837768554688,54660,0.0,0.0,0.0
2008-03-13 00:00:00+09:00,130.92260771944618,131.1965043883153,123.39044932554499,126.40331268310547,63730,0.0,0.0,0.0
2008-03-14 00:00:00+09:00,125.85551902597601,127.63584736910732,120.51453399658203,120.51453399658203,117360,0.0,0.0,0.0
2008-03-17 00:00:00+09:00,120.51453656236951,126.95110840149607,114.07796472324296,122.97960662841797,61400,0.0,0.0,0.0
2008-03-18 00:00:00+09:00,122.97960522121853,124.62298524644639,116.95387846204969,123.25350189208984,16670,0.0,0.0,0.0
2008-03-19 00:00:00+09:00,123.25349562238938,128.4575321042236,119.14504576830973,124.48603057861328,82540,0.0,0.0,0.0
2008-03-20 00:00:00+09:00,123.938241627376,124.34908662724575,119.14504996222887,120.65148162841797,40480,0.0,0.0,0.0
2008-03-21 00:00:00+09:00,124.6229824133679,124.6229824133679,120.51453244369642,123.8012924194336,34940,0.0,0.0,0.0
2008-03-24 00:00:00+09:00,123.3904439508587,125.85551386330648,121.19927069534955,124.48603057861328,25010,0.0,0.0,0.0
2008-03-25 00:00:00+09:00,129.00532969134642,129.00532969134642,124.6229830351648,125.1707763671875,31620,0.0,0.0,0.0
2008-03-26 00:00:00+09:00,123.93824530160555,127.77279874740108,123.93824530160555,127.36195373535156,24620,0.0,0.0,0.0
2008-03-27 00:00:00+09:00,127.36195315485415,128.594488185385,124.62298642034116,125.99246978759766,15930,0.0,0.0,0.0
2008-03-28 00:00:00+09:00,124.21214141016421,128.3205915119337,123.93824473671292,125.99246978759766,38300,0.0,0.0,0.0
2008-03-31 00:00:00+09:00,127.77279602745114,127.77279602745114,124.21213933215239,126.40331268310547,26420,0.0,0.0,0.0
2008-04-01 00:00:00+09:00,128.45753698637992,128.45753698637992,124.6229836435029,126.5402603149414,36720,0.0,0.0,0.0
2008-04-02 00:00:00+09:00,126.54026172166274,127.9097450736288,125.30772670489331,126.26636505126953,101520,0.0,0.0,0.0
2008-04-03 00:00:00+09:00,127.77280016603142,127.90974850490176,125.44467840523555,127.08805847167969,8920,0.0,0.0,0.0
2008-04-04 00:00:00+09:00,127.4989018159754,133.52462864723526,125.99247010816043,130.37481689453125,16180,0.0,0.0,0.0
2008-04-07 00:00:00+09:00,127.77279505236395,132.70293505438443,127.77279505236395,131.05955505371094,29800,0.0,0.0,0.0
2008-04-08 00:00:00+09:00,131.74430280862396,132.8398895263672,131.47040612918815,132.8398895263672,43340,0.0,0.0,0.0
2008-04-10 00:00:00+09:00,135.1679998453381,147.90419435964048,132.83987826745488,141.05677795410156,79220,0.0,0.0,0.0
2008-04-11 00:00:00+09:00,132.702934403853,146.53471600838256,132.702934403853,143.1110076904297,31980,0.0,0.0,0.0
2008-04-14 00:00:00+09:00,143.11101000916725,145.16523503322227,138.31781828637216,139.6873016357422,17220,0.0,0.0,0.0
2008-04-15 00:00:00+09:00,141.05677517977628,152.01264121315694,140.37203355268997,150.64315795898438,172770,0.0,0.0,0.0
2008-04-16 00:00:00+09:00,152.69739120070997,153.38213286528716,146.53471621951542,152.0126495361328,33450,0.0,0.0,0.0
2008-04-17 00:00:00+09:00,148.58894121324693,152.0126495361328,146.53471621951542,152.0126495361328,54620,0.0,0.0,0.0
2008-04-18 00:00:00+09:00,153.38213159403668,153.38213159403668,138.3178150981938,149.273681640625,26090,0.0,0.0,0.0
2008-04-21 00:00:00+09:00,150.64316092185604,150.64316092185604,136.94832811077822,141.05677795410156,366680,0.0,0.0,0.0
2008-04-22 00:00:00+09:00,141.74153350120366,149.27369228629178,141.0567917934684,147.21946716308594,340320,0.0,0.0,0.0
2008-04-23 00:00:00+09:00,147.21946716308594,147.21946716308594,147.21946716308594,147.21946716308594,0,0.0,0.0,0.0
2008-04-24 00:00:00+09:00,147.21946716308594,147.21946716308594,147.21946716308594,147.21946716308594,0,0.0,0.0,0.0
2008-04-25 00:00:00+09:00,147.21946716308594,147.21946716308594,147.21946716308594,147.21946716308594,0,0.0,10.0,0.0
2008-04-28 00:00:00+09:00,147.21946716308594,147.21946716308594,147.21946716308594,147.21946716308594,0,0.0,0.0,0.0
2008-04-29 00:00:00+09:00,147.21946716308594,147.21946716308594,147.21946716308594,147.21946716308594,0,0.0,0.0,0.0
2008-04-30 00:00:00+09:00,147.21946716308594,147.21946716308594,147.21946716308594,147.21946716308594,0,0.0,0.0,0.0
2008-05-01 00:00:00+09:00,147.21946716308594,147.21946716308594,147.21946716308594,147.21946716308594,0,0.0,0.0,0.0
2008-05-02 00:00:00+09:00,147.21946716308594,147.21946716308594,147.21946716308594,147.21946716308594,0,0.0,0.0,0.0
2008-05-05 00:00:00+09:00,147.21946716308594,147.21946716308594,147.21946716308594,147.21946716308594,0,0.0,0.0,0.0
2008-05-06 00:00:00+09:00,147.21946716308594,147.21946716308594,147.21946716308594,147.21946716308594,0,0.0,0.0,0.0
2008-05-07 00:00:00+09:00,147.21946716308594,147.21946716308594,147.21946716308594,147.21946716308594,0,0.0,0.0,0.0
2008-05-08 00:00:00+09:00,147.21946716308594,147.21946716308594,147.21946716308594,147.21946716308594,0,0.0,0.0,0.0
2008-05-09 00:00:00+09:00,153.38213641826923,169.13119506835938,143.1110112116887,169.13119506835938,782751,0.0,0.0,0.0
2008-05-12 00:00:00+09:00,169.13119506835938,169.13119506835938,169.13119506835938,169.13119506835938,0,0.0,0.0,0.0
2008-05-13 00:00:00+09:00,161.59904015013078,168.44645710564478,152.01265641241116,159.54481506347656,610389,0.0,0.0,0.0
2008-05-14 00:00:00+09:00,157.49059161868706,160.91430013213676,144.48049926757812,144.48049926757812,158555,0.0,0.0,0.0
2008-05-15 00:00:00+09:00,147.2194498235529,158.1753158569336,145.16522494229403,150.64315795898438,259001,0.0,0.0,0.0
2008-05-16 00:00:00+09:00,146.5347196138822,149.95842801607571,136.26359440730167,142.42626953125,175501,0.0,0.0,0.0
2008-05-19 00:00:00+09:00,142.42627520893893,149.27369228629178,142.42627520893893,147.21946716308594,30052,0.0,0.0,0.0
2008-05-20 00:00:00+09:00,144.48049926757812,147.90420778102785,139.6873073487485,144.48049926757812,32130,0.0,0.0,0.0
2008-05-21 00:00:00+09:00,139.00255556195694,149.95842201019002,138.31781390894238,146.5347137451172,44469,0.0,0.0,0.0
2008-05-22 00:00:00+09:00,141.74151468511874,148.58893085348197,138.31780660093713,139.00254821777344,76667,0.0,0.0,0.0
2008-05-23 00:00:00+09:00,140.3720385043775,143.79574676058184,136.9483302481732,137.63307189941406,117157,0.0,0.0,0.0
2008-05-26 00:00:00+09:00,137.63308141649384,139.6873065122624,124.62298914329293,132.8398895263672,36988,0.0,0.0,0.0
2008-05-27 00:00:00+09:00,136.9483360877404,136.9483360877404,128.73143592247595,133.52462768554688,52958,0.0,0.0,0.0
2008-05-28 00:00:00+09:00,129.41618070122917,134.20937257905246,113.66712167409545,122.56876373291016,96056,0.0,0.0,0.0
2008-05-29 00:00:00+09:00,122.56876192810714,127.36195373535156,118.46031180761193,127.36195373535156,53164,0.0,0.0,0.0
2008-05-30 00:00:00+09:00,124.62298524644639,128.04669363233776,123.25350189208984,123.25350189208984,26992,0.0,0.0,0.0
2008-06-02 00:00:00+09:00,120.51453237064548,126.67720732141713,120.51453237064548,125.30772399902344,17411,0.0,0.0,0.0
2008-06-03 00:00:00+09:00,121.8840103149414,127.36194336280394,116.40607726707887,121.8840103149414,37373,0.0,0.0,0.0
2008-06-04 00:00:00+09:00,123.25350067832252,123.25350067832252,119.14505065571177,120.51453399658203,15066,0.0,0.0,0.0
2008-06-05 00:00:00+09:00,115.7213404935949,120.51453211167279,113.66711551441865,116.40608215332031,156011,0.0,0.0,0.0
2008-06-06 00:00:00+09:00,116.40608215332031,116.40608215332031,116.40608215332031,116.40608215332031,0,0.0,0.0,0.0
2008-06-09 00:00:00+09:00,115.72134399414061,116.40608567457932,110.243410550631,115.72134399414062,85312,0.0,0.0,0.0
2008-06-10 00:00:00+09:00,115.03660400390626,125.99247105189734,115.03660400390626,119.82979583740234,48627,0.0,0.0,0.0
2008-06-11 00:00:00+09:00,121.19927403184234,125.99246566022028,116.40608240346438,125.30772399902344,43602,0.0,0.0,0.0
2008-06-12 00:00:00+09:00,124.62297683887269,124.62297683887269,121.8840103149414,121.8840103149414,23343,0.0,0.0,0.0
2008-06-13 00:00:00+09:00,125.30772692362467,125.30772692362467,116.40608512030707,123.25350189208984,38536,0.0,0.0,0.0
2008-06-16 00:00:00+09:00,123.25350542974206,123.25350542974206,117.09083015825496,122.56876373291016,10827,0.0,0.0,0.0
2008-06-17 00:00:00+09:00,123.25350189208984,123.25350189208984,119.14505182902018,123.25350189208984,13992,0.0,0.0,0.0
2008-06-18 00:00:00+09:00,123.25350005051185,123.25350005051185,118.46030838188084,119.14505004882812,28481,0.0,0.0,0.0
2008-06-19 00:00:00+09:00,116.40607726707887,123.25349357690705,114.35185237413043,121.8840103149414,24779,0.0,0.0,0.0
2008-06-20 00:00:00+09:00,118.46031188964844,122.56876201298884,116.40608682797823,118.46031188964844,43007,0.0,0.0,0.0
2008-06-23 00:00:00+09:00,116.40608682797823,119.82979526409524,113.66712007908463,118.46031188964844,20785,0.0,0.0,0.0
2008-06-24 00:00:00+09:00,122.56876201298884,122.56876201298884,114.35186176630802,118.46031188964844,21642,0.0,0.0,0.0
2008-06-25 00:00:00+09:00,117.77557373046875,120.51454056140987,116.40609031499818,117.77557373046875,12214,0.0,0.0,0.0
2008-06-26 00:00:00+09:00,120.5145375279018,120.5145375279018,114.35186231340681,119.82979583740234,14654,0.0,0.0,0.0
2008-06-27 00:00:00+09:00,119.14505004882812,119.14505004882812,113.66711671324981,119.14505004882812,8055,0.0,0.0,0.0
2008-06-30 00:00:00+09:00,115.03660004714439,121.19927504966998,115.03660004714439,119.14505004882812,15107,0.0,0.0,0.0
2008-07-01 00:00:00+09:00,116.4060875221535,116.4060875221535,110.9281539916992,110.92815399169922,36147,0.0,0.0,0.0
2008-07-02 00:00:00+09:00,111.612895683006,114.35186244823313,108.18918722647207,110.92815399169922,35678,0.0,0.0,0.0
2008-07-03 00:00:00+09:00,109.55866591735457,109.55866591735457,103.39599095950338,108.8739242553711,17847,0.0,0.0,0.0
2008-07-04 00:00:00+09:00,115.72134534355736,115.72134534355736,100.65702819824219,100.65702819824219,60176,0.0,0.0,0.0
2008-07-07 00:00:00+09:00,94.49435190054086,106.81970214843749,94.49435190054086,106.8197021484375,125299,0.0,0.0,0.0
2008-07-08 00:00:00+09:00,98.60280313297194,106.13496170562952,92.4401279371612,100.65702819824219,376875,0.0,0.0,0.0
2008-07-09 00:00:00+09:00,100.6570301055908,103.39599691118512,93.80961309160504,95.86383819580078,68649,0.0,0.0,0.0
2008-07-10 00:00:00+09:00,86.27744707723303,93.12486351193407,86.27744707723303,86.96218872070312,590359,0.0,0.0,0.0
2008-07-11 00:00:00+09:00,90.38590458461216,99.97228840419224,90.38590458461216,95.86383819580078,583361,0.0,0.0,0.0
2008-07-14 00:00:00+09:00,92.44012685922475,94.49435190054086,88.33167677659254,89.01641845703125,312607,0.0,0.0,0.0
2008-07-15 00:00:00+09:00,89.70116013746994,97.91806030273436,89.01641845703125,89.01641845703125,293214,0.0,0.0,0.0
2008-07-16 00:00:00+09:00,90.38589676566745,101.34176304029381,90.38589676566745,94.49434661865234,577623,0.0,0.0,0.0
2008-07-17 00:00:00+09:00,97.9180632999965,99.28754670279366,93.12487139020647,95.86383819580078,188591,0.0,0.0,0.0
2008-07-18 00:00:00+09:00,97.23332159859793,103.39599691118512,95.1790964944022,95.86383819580078,741079,0.0,0.0,0.0
2008-07-21 00:00:00+09:00,95.86383121114382,99.97228112019285,95.86383121114382,97.23331451416016,65936,0.0,0.0,0.0
2008-07-22 00:00:00+09:00,97.91805970753337,97.91805970753337,95.17909300242755,96.54857635498047,68270,0.0,0.0,0.0
2008-07-23 00:00:00+09:00,95.86383121114382,97.91805616566833,95.86383121114382,97.23331451416016,79823,0.0,0.0,0.0
2008-07-24 00:00:00+09:00,98.60279781717651,99.28753946868467,94.49434790812748,97.23331451416016,153417,0.0,0.0,0.0
2008-07-25 00:00:00+09:00,95.863834678704,101.34176808891566,95.863834678704,96.54857635498047,206781,0.0,0.0,0.0
2008-07-28 00:00:00+09:00,96.54858096440634,98.60280609130861,95.86383925543892,98.6028060913086,36303,0.0,0.0,0.0
2008-07-29 00:00:00+09:00,96.54857154514478,99.28753811380138,93.80960497648819,94.49434661865234,59700,0.0,0.0,0.0
2008-07-30 00:00:00+09:00,97.23331451416016,97.23331451416016,95.17908955963566,97.23331451416016,25100,0.0,0.0,0.0
2008-07-31 00:00:00+09:00,97.91805970753337,98.60280138380983,95.17909300242755,96.54857635498047,37300,0.0,0.0,0.0
2008-08-01 00:00:00+09:00,95.1790964944022,97.9180632999965,95.1790964944022,95.86383819580078,15400,0.0,0.0,0.0
2008-08-04 00:00:00+09:00,97.23331318730892,97.23331318730892,93.80960497648819,94.49434661865234,59800,0.0,0.0,0.0
2008-08-05 00:00:00+09:00,95.86383346223484,96.54857512982223,93.12486679188527,93.80960845947266,119100,0.0,0.0,0.0
2008-08-06 00:00:00+09:00,92.44012169215989,97.91805482947308,92.44012169215989,94.49434661865234,70100,0.0,0.0,0.0
2008-08-07 00:00:00+09:00,95.17908826081648,98.60279647163722,93.12486333432405,94.49434661865234,34500,0.0,0.0,0.0
2008-08-08 00:00:00+09:00,95.86383346223484,95.86383346223484,89.01641678636092,93.80960845947266,72000,0.0,0.0,0.0
2008-08-11 00:00:00+09:00,93.80961309160504,96.54857989719935,93.80961309160504,95.86383819580078,10600,0.0,0.0,0.0
2008-08-12 00:00:00+09:00,95.86383346223484,96.54857512982223,90.38590012153571,93.80960845947266,89200,0.0,0.0,0.0
2008-08-13 00:00:00+09:00,94.49435583750407,101.34177292717828,94.49435583750407,98.6028060913086,66300,0.0,0.0,0.0
2008-08-14 00:00:00+09:00,101.34176573034834,101.34176573034834,97.2333157683072,99.97228240966797,133100,0.0,0.0,0.0
2008-08-15 00:00:00+09:00,99.97228240966795,99.97228240966795,99.97228240966795,99.97228240966797,0,0.0,0.0,0.0
2008-08-18 00:00:00+09:00,101.34176930394666,101.34176930394666,95.17909414357152,99.28754425048828,6393,0.0,0.0,0.0
2008-08-19 00:00:00+09:00,95.86382639493874,98.60279286336556,93.12485992651192,95.17908477783203,34281,0.0,0.0,0.0
2008-08-20 00:00:00+09:00,99.9722828052662,99.9722828052662,90.38589952256945,92.44012451171875,40120,0.0,0.0,0.0
2008-08-21 00:00:00+09:00,92.44012804173713,96.54857817692543,91.75538635253906,91.75538635253906,22570,0.0,0.0,0.0
2008-08-22 00:00:00+09:00,91.75538990909891,91.75538990909891,87.64693961466165,91.07064819335938,13643,0.0,0.0,0.0
2008-08-25 00:00:00+09:00,99.9722834677592,99.9722834677592,89.70115845394831,93.80960845947266,8556,0.0,0.0,0.0
2008-08-26 00:00:00+09:00,91.75538691352395,95.1790953804465,90.38590352675494,93.12487030029297,1278,0.0,0.0,0.0
2008-08-27 00:00:00+09:00,91.75538393050904,93.80960894387866,79.43003385029141,86.27745056152344,309510,0.0,0.0,0.0
2008-08-28 00:00:00+09:00,92.44012115478515,98.60279589843749,85.59270477294922,85.59270477294922,28607,0.0,0.0,0.0
2008-08-29 00:00:00+09:00,89.01642408527312,89.01642408527312,80.1147816767458,83.53849029541016,30556,0.0,0.0,0.0
2008-09-01 00:00:00+09:00,79.4300365913205,84.22322845458984,78.74529489656774,84.22322845458984,19706,0.0,0.0,0.0
2008-09-02 00:00:00+09:00,84.22322332079165,84.22322332079165,73.2673568725586,73.2673568725586,61501,0.0,0.0,0.0
2008-09-03 00:00:00+09:00,73.9520957253196,78.06054548783736,63.68097131902521,75.32157897949219,51446,0.0,0.0,0.0
2008-09-04 00:00:00+09:00,80.79952187373719,80.79952187373719,76.00632989817652,79.43003845214844,6702,0.0,0.0,0.0
2008-09-05 00:00:00+09:00,78.74529674135405,83.53848871691473,76.6910716089709,79.43003845214844,4940,0.0,0.0,0.0
2008-09-08 00:00:00+09:00,81.48425886366101,89.01641724601623,81.48425886366101,86.27745056152344,31924,0.0,0.0,0.0
2008-09-09 00:00:00+09:00,93.80961395973382,93.80961395973382,84.90797175917514,88.33168029785156,7036,0.0,0.0,0.0
2008-09-10 00:00:00+09:00,86.96219341571513,90.38590181790865,86.27745173527643,89.01641845703125,3365,0.0,0.0,0.0
2008-09-11 00:00:00+09:00,86.27745115756989,89.01641786098479,86.27745115756989,87.64693450927734,21465,0.0,0.0,0.0
2008-09-12 00:00:00+09:00,93.12487030029297,93.12487030029297,87.64693675321692,93.12487030029297,14669,0.0,0.0,0.0
2008-09-15 00:00:00+09:00,93.12487030029297,93.12487030029297,93.12487030029297,93.12487030029297,0,0.0,0.0,0.0
2008-09-16 00:00:00+09:00,81.4842570622762,86.2774486541748,79.43003209431966,82.16899871826172,47165,0.0,0.0,0.0
2008-09-17 00:00:00+09:00,80.11477495008899,91.07064160993022,80.11477495008899,84.90796661376953,1984,0.0,0.0,0.0
2008-09-18 00:00:00+09:00,84.22322494752945,92.44012494241036,80.11477495008899,84.90796661376953,9272,0.0,0.0,0.0
2008-09-19 00:00:00+09:00,89.70115953683852,89.70115953683852,84.2232261300087,87.64693450927734,174301,0.0,0.0,0.0
2008-09-22 00:00:00+09:00,91.75538517878606,95.17909358097955,89.01641845703125,89.01641845703125,11349,0.0,0.0,0.0
2008-09-23 00:00:00+09:00,91.07063640247691,91.07063640247691,86.27744501287286,90.38589477539062,3235,0.0,0.0,0.0
2008-09-24 00:00:00+09:00,92.440128791623,92.440128791623,82.85374506508431,84.22322845458984,136252,0.0,0.0,0.0
2008-09-25 00:00:00+09:00,86.27745295753164,86.27745295753164,82.85374450683594,82.85374450683594,14688,0.0,0.0,0.0
2008-09-26 00:00:00+09:00,82.16900684794442,84.22323201914303,79.43003995301294,83.53849029541016,25582,0.0,0.0,0.0
2008-09-29 00:00:00+09:00,85.5927082800096,85.5927082800096,83.53848328128937,84.90796661376953,39702,0.0,0.0,0.0
2008-09-30 00:00:00+09:00,82.85373617220326,84.9079610359769,75.32157833836659,81.4842529296875,7608,0.0,0.0,0.0
2008-10-01 00:00:00+09:00,84.9079701493426,84.9079701493426,80.79951998082602,84.22322845458984,15813,0.0,0.0,0.0
2008-10-02 00:00:00+09:00,84.22322494752945,89.01641661120999,82.8537416150493,84.90796661376953,76286,0.0,0.0,0.0
2008-10-03 00:00:00+09:00,84.90796661376953,84.90796661376953,84.90796661376953,84.90796661376953,0,0.0,0.0,0.0
2008-10-06 00:00:00+09:00,94.49434606933593,94.49434606933593,84.90796313476562,85.59270477294922,3819,0.0,0.0,0.0
2008-10-07 00:00:00+09:00,75.32158428689708,86.96219276759935,75.32158428689708,78.74529266357422,19515,0.0,0.0,0.0
2008-10-08 00:00:00+09:00,85.5927087564384,85.5927087564384,75.32158370566579,77.37580871582031,24207,0.0,0.0,0.0
2008-10-09 00:00:00+09:00,81.48425873612935,81.48425873612935,77.37580871582031,77.37580871582031,8078,0.0,0.0,0.0
2008-10-10 00:00:00+09:00,74.63683913824127,87.64693036417324,68.47416434701034,86.96218872070312,26373,0.0,0.0,0.0
2008-10-13 00:00:00+09:00,86.96219031016032,87.64693196614584,77.37580712636311,82.16899871826172,8077,0.0,0.0,0.0
2008-10-14 00:00:00+09:00,82.16899658203124,86.27744641113281,80.79951330566406,85.59270477294922,11897,0.0,0.0,0.0
2008-10-15 00:00:00+09:00,87.64694063780738,87.64694063780738,83.53849029541016,83.53849029541016,329,0.0,0.0,0.0
2008-10-16 00:00:00+09:00,82.16899974926098,83.53848307841533,73.26735810975771,76.0063247680664,3987,0.0,0.0,0.0
2008-10-17 00:00:00+09:00,72.58261247114702,82.16899525035511,72.58261247114702,75.32157897949219,28315,0.0,0.0,0.0
2008-10-20 00:00:00+09:00,69.84365140474759,84.90796837439903,69.84365140474759,80.11477661132812,857,0.0,0.0,0.0
2008-10-21 00:00:00+09:00,85.59271074690908,85.59271074690908,72.5826187133789,72.5826187133789,144772,0.0,0.0,0.0
2008-10-22 00:00:00+09:00,69.84364798409598,73.9520978655134,69.84364798409598,71.89787292480469,3001,0.0,0.0,0.0
2008-10-23 00:00:00+09:00,62.996235180926575,73.95210216891381,62.996235180926575,63.68097686767578,4543,0.0,0.0,0.0
2008-10-24 00:00:00+09:00,67.10468072891236,67.10468072891236,54.7793312072754,54.77933120727539,49136,0.0,0.0,0.0
2008-10-27 00:00:00+09:00,47.247176843530994,59.57252732445212,46.562435150146484,46.562435150146484,45285,0.0,0.0,0.0
2008-10-28 00:00:00+09:00,40.39975914588341,53.40985107421874,39.71501746544471,53.40985107421875,58065,0.0,0.0,0.0
2008-10-29 00:00:00+09:00,59.57252439611098,59.57252439611098,46.56243286132812,58.203041076660156,28059,0.0,0.0,0.0
2008-10-30 00:00:00+09:00,57.51830088297526,62.996234300401476,56.14881752861871,61.62675094604492,19681,0.0,0.0,0.0
2008-10-31 00:00:00+09:00,65.73520162831183,65.73520162831183,60.257268159285836,62.99623489379883,8466,0.0,0.0,0.0
2008-11-03 00:00:00+09:00,64.36571502685547,64.36571502685547,60.257265131524264,64.36571502685547,2217,0.0,0.0,0.0
2008-11-04 00:00:00+09:00,62.3114940442537,66.41994420101769,60.94201065866571,65.05046081542969,11330,0.0,0.0,0.0
2008-11-05 00:00:00+09:00,67.10468574806495,74.6368443524396,66.41994405675817,73.95210266113281,57446,0.0,0.0,0.0
2008-11-06 00:00:00+09:00,73.95210021972656,73.95210021972656,65.05045852661134,68.47416687011719,3282,0.0,0.0,0.0
2008-11-07 00:00:00+09:00,68.47416339534344,69.15890502929688,61.6267470558091,69.15890502929688,4040,0.0,0.0,0.0
2008-11-10 00:00:00+09:00,68.4741680438702,78.06055157001201,68.4741680438702,71.213134765625,5283,0.0,0.0,0.0
2008-11-11 00:00:00+09:00,75.3215848482572,75.3215848482572,64.36571796123798,71.213134765625,5658,0.0,0.0,0.0
2008-11-12 00:00:00+09:00,69.15890657140854,69.8436482206304,62.311490079189866,64.36571502685547,11628,0.0,0.0,0.0
2008-11-13 00:00:00+09:00,67.10468646177311,67.10468646177311,57.51830268151981,66.4199447631836,7432,0.0,0.0,0.0
2008-11-14 00:00:00+09:00,66.41994361467259,71.213135421917,63.68097686767578,63.68097686767578,9384,0.0,0.0,0.0
2008-11-17 00:00:00+09:00,63.680976577427074,63.680976577427074,59.57252647565759,62.99623489379883,7492,0.0,0.0,0.0
2008-11-18 00:00:00+09:00,62.99623489379883,68.47416836282481,55.4640763738881,62.99623489379883,2313,0.0,0.0,0.0
2008-11-19 00:00:00+09:00,68.47416836282481,68.47416836282481,57.518301424772844,62.99623489379883,2138,0.0,0.0,0.0
2008-11-20 00:00:00+09:00,62.996234300401476,62.996234300401476,56.14881752861871,61.62675094604492,1415,0.0,0.0,0.0
2008-11-21 00:00:00+09:00,63.68097597757975,63.68097597757975,58.203042560153534,61.62675094604492,1360,0.0,0.0,0.0
2008-11-24 00:00:00+09:00,57.51829845149343,69.84364811967059,56.148815155029304,56.1488151550293,26687,0.0,0.0,0.0
2008-11-25 00:00:00+09:00,56.14881547675075,62.31149034615022,55.46407382459525,56.83355712890625,3613,0.0,0.0,0.0
2008-11-26 00:00:00+09:00,61.62674834088582,61.62674834088582,55.464073506797234,56.1488151550293,7650,0.0,0.0,0.0
2008-11-27 00:00:00+09:00,56.833560378463176,59.572527143690316,54.77933530454282,55.46407699584961,9554,0.0,0.0,0.0
2008-11-28 00:00:00+09:00,56.83355680326137,59.572523396189624,54.77933185856517,56.1488151550293,29394,0.0,0.0,0.0
2008-12-01 00:00:00+09:00,51.35562447940602,59.57252439611098,51.35562447940602,58.203041076660156,1815,0.0,0.0,0.0
2008-12-02 00:00:00+09:00,57.51829776763916,57.51829776763916,54.09458956718445,54.77933120727539,9265,0.0,0.0,0.0
2008-12-03 00:00:00+09:00,54.779334732248806,56.148818100555026,53.409851363942586,54.0945930480957,3728,0.0,0.0,0.0
2008-12-04 00:00:00+09:00,56.833559476412255,56.833559476412255,52.04036771334134,53.40985107421875,9615,0.0,0.0,0.0
2008-12-05 00:00:00+09:00,54.77933530454282,60.94201052630389,54.094593613236036,55.46407699584961,13680,0.0,0.0,0.0
2008-12-08 00:00:00+09:00,60.257265044421686,60.257265044421686,54.77933185856517,56.1488151550293,22724,0.0,0.0,0.0
2008-12-09 00:00:00+09:00,58.88778632027762,58.88778632027762,54.77933611188616,57.51830291748047,27478,0.0,0.0,0.0
2008-12-10 00:00:00+09:00,58.88778335746677,60.25726669136135,56.833558356624906,59.57252502441406,37637,0.0,0.0,0.0
2008-12-11 00:00:00+09:00,58.20304283728966,65.05045964167668,58.20304283728966,62.311492919921875,2006,0.0,0.0,0.0
2008-12-12 00:00:00+09:00,67.10468589381168,67.10468589381168,64.3657191226357,65.05046081542969,322,0.0,0.0,0.0
2008-12-15 00:00:00+09:00,64.36571826105532,74.63684351547904,60.257268159285836,62.99623489379883,36542,0.0,0.0,0.0
2008-12-16 00:00:00+09:00,70.5283937351678,70.5283937351678,63.68097686767578,63.68097686767578,5932,0.0,0.0,0.0
2008-12-17 00:00:00+09:00,66.41994268629286,66.41994268629286,61.62675094604492,61.62675094604492,17994,0.0,0.0,0.0
2008-12-18 00:00:00+09:00,61.626748429967996,64.36571502685547,61.626748429967996,64.36571502685547,5113,0.0,0.0,0.0
2008-12-19 00:00:00+09:00,64.36571502685547,65.7351983252992,62.99623172841173,64.36571502685547,2835,0.0,0.0,0.0
2008-12-22 00:00:00+09:00,67.1046822865804,67.1046822865804,62.99623235066732,65.73519897460938,16042,0.0,0.0,0.0
2008-12-23 00:00:00+09:00,66.41994186401368,71.89787521362305,65.05045852661134,68.47416687011719,64024,0.0,0.0,0.0
2008-12-24 00:00:00+09:00,68.4741680438702,73.2673598069411,65.73520132211539,71.213134765625,7102,0.0,0.0,0.0
2008-12-25 00:00:00+09:00,71.213134765625,71.213134765625,71.213134765625,71.213134765625,0,0.0,0.0,0.0
2008-12-26 00:00:00+09:00,67.10468646177311,75.32158684484737,66.4199447631836,66.4199447631836,36355,0.0,0.0,0.0
2008-12-29 00:00:00+09:00,67.78942241483523,71.89787225815857,60.25726436874242,70.52838897705078,8176,0.0,0.0,0.0
2008-12-30 00:00:00+09:00,64.36571855442497,78.06055228940902,63.68097686767578,63.68097686767578,18776,0.0,0.0,0.0
2008-12-31 00:00:00+09:00,63.68097686767578,63.68097686767578,63.68097686767578,63.68097686767578,0,0.0,0.0,0.0
2009-01-02 00:00:00+09:00,63.6809774298417,72.58261943616365,63.6809774298417,65.05046081542969,27227,0.0,0.0,0.0
2009-01-05 00:00:00+09:00,69.8436482206304,69.8436482206304,64.36571502685547,64.36571502685547,6973,0.0,0.0,0.0
2009-01-06 00:00:00+09:00,67.78942394256592,67.78942394256592,65.73519897460938,65.73519897460938,3834,0.0,0.0,0.0
2009-01-07 00:00:00+09:00,69.84365266498766,71.21313605057566,65.05046081542969,65.05046081542969,9617,0.0,0.0,0.0
2009-01-08 00:00:00+09:00,65.05046024117418,69.84365204841859,63.68097686767578,63.68097686767578,23894,0.0,0.0,0.0
2009-01-09 00:00:00+09:00,69.15891004645306,69.15891004645306,62.99623489379883,62.99623489379883,24459,0.0,0.0,0.0
2009-01-12 00:00:00+09:00,66.41994361467259,69.84365204841859,63.68097686767578,63.68097686767578,27094,0.0,0.0,0.0
2009-01-13 00:00:00+09:00,63.68097686767578,67.78942698817099,63.68097686767578,63.68097686767578,5665,0.0,0.0,0.0
2009-01-14 00:00:00+09:00,67.7894232729648,67.7894232729648,61.626748429967996,64.36571502685547,31545,0.0,0.0,0.0
2009-01-15 00:00:00+09:00,65.73520162831183,65.73520162831183,56.148818057516344,62.99623489379883,55943,0.0,0.0,0.0
2009-01-16 00:00:00+09:00,63.68097686767578,68.4741686749202,60.94201012067897,63.68097686767578,10068,0.0,0.0,0.0
2009-01-19 00:00:00+09:00,63.68097686767578,70.5283937351678,62.996235180926575,63.68097686767578,17629,0.0,0.0,0.0
2009-01-20 00:00:00+09:00,68.47416492218666,68.47416492218666,62.99623172841173,64.36571502685547,20102,0.0,0.0,0.0
2009-01-21 00:00:00+09:00,68.4741686749202,68.4741686749202,61.62675180742817,63.68097686767578,50044,0.0,0.0,0.0
2009-01-22 00:00:00+09:00,68.47416492218666,68.47416492218666,62.99623172841173,64.36571502685547,2946,0.0,0.0,0.0
2009-01-23 00:00:00+09:00,62.99623294752471,67.10468292236328,62.311491285051616,67.10468292236328,9190,0.0,0.0,0.0
2009-01-28 00:00:00+09:00,69.15890657140854,69.15890657140854,64.36571502685547,64.36571502685547,38591,0.0,0.0,0.0
2009-01-29 00:00:00+09:00,68.47416927939967,68.47416927939967,64.3657191226357,65.05046081542969,22711,0.0,0.0,0.0
2009-01-30 00:00:00+09:00,67.10468162374293,67.10468162374293,63.6809733776336,64.36571502685547,12904,0.0,0.0,0.0
2009-02-02 00:00:00+09:00,64.3657191226357,67.10468589381168,64.3657191226357,65.05046081542969,34383,0.0,0.0,0.0
2009-02-03 00:00:00+09:00,63.680975189208986,69.15890853881837,63.680975189208986,68.47416687011719,184782,0.0,0.0,0.0
2009-02-04 00:00:00+09:00,69.84364596280184,71.21312921697442,67.10467945445667,67.78942108154297,93906,0.0,0.0,0.0
2009-02-05 00:00:00+09:00,67.10468353271484,68.47416687011719,65.05045852661134,68.47416687011719,143784,0.0,0.0,0.0
2009-02-06 00:00:00+09:00,68.47416624730947,68.47416624730947,65.7351995974171,67.10468292236328,43777,0.0,0.0,0.0
2009-02-09 00:00:00+09:00,66.41993782737038,69.15890433571555,65.0504545731978,67.78942108154297,68198,0.0,0.0,0.0
2009-02-10 00:00:00+09:00,68.47416687011719,70.52839187622071,67.10468353271484,68.47416687011719,183499,0.0,0.0,0.0
2009-02-11 00:00:00+09:00,68.47416405538911,71.89787225815857,67.78942241483523,70.52838897705078,109405,0.0,0.0,0.0
2009-02-12 00:00:00+09:00,71.89787521362305,71.89787521362305,67.10468353271484,68.47416687011719,456024,0.0,0.0,0.0
2009-02-13 00:00:00+09:00,69.84365140474759,72.5826181265024,68.4741680438702,71.213134765625,296067,0.0,0.0,0.0
2009-02-16 00:00:00+09:00,73.2673575025086,77.3758074559203,71.21313252580275,74.6368408203125,725284,0.0,0.0,0.0
2009-02-17 00:00:00+09:00,73.26736096982602,85.59271141334816,71.89787758721245,73.95210266113281,659388,0.0,0.0,0.0
2009-02-18 00:00:00+09:00,71.89787758721245,76.69106942635995,71.21313589590567,73.95210266113281,167634,0.0,0.0,0.0
2009-02-19 00:00:00+09:00,73.26736039935417,75.32158545728,69.8436519694778,72.5826187133789,258780,0.0,0.0,0.0
2009-02-20 00:00:00+09:00,73.95209646697091,73.95209646697091,69.15890502929688,69.15890502929688,249647,0.0,0.0,0.0
2009-02-23 00:00:00+09:00,70.52838829720375,71.89787156511062,68.47416339534344,69.15890502929688,43433,0.0,0.0,0.0
2009-02-24 00:00:00+09:00,69.8436532561312,69.8436532561312,66.4199447631836,66.4199447631836,32481,0.0,0.0,0.0
2009-02-25 00:00:00+09:00,66.41993849348314,69.84364666325031,66.41993849348314,69.15890502929688,322265,0.0,0.0,0.0
2009-02-26 00:00:00+09:00,68.47416405538911,73.95209717982024,68.47416405538911,70.52838897705078,275397,0.0,0.0,0.0
2009-02-27 00:00:00+09:00,69.84364666325031,71.89787156511062,67.78942176139,69.15890502929688,460238,0.0,0.0,0.0
2009-03-02 00:00:00+09:00,70.52839187622071,70.52839187622071,67.10468353271484,68.47416687011719,54779,0.0,0.0,0.0
2009-03-03 00:00:00+09:00,67.10468162374293,68.47416492218666,64.36571502685547,64.36571502685547,35487,0.0,0.0,0.0
2009-03-04 00:00:00+09:00,65.7352001953125,69.15890853881837,64.36571685791016,68.47416687011719,198990,0.0,0.0,0.0
2009-03-05 00:00:00+09:00,69.158905695943,71.89787225815857,68.47416405538911,70.52838897705078,137873,0.0,0.0,0.0
2009-03-06 00:00:00+09:00,70.52838963099889,71.89787292480469,69.15890633719307,71.89787292480469,52429,0.0,0.0,0.0
2009-03-09 00:00:00+09:00,71.89787644606369,82.16900165264423,71.89787644606369,80.11477661132812,43443,0.0,0.0,0.0
2009-03-10 00:00:00+09:00,76.00632989817652,84.9079721385035,76.00632989817652,79.43003845214844,86752,0.0,0.0,0.0
2009-03-11 00:00:00+09:00,78.06055050804501,89.01641724601623,78.06055050804501,86.27745056152344,459534,0.0,0.0,0.0
2009-03-12 00:00:00+09:00,86.27745719034164,89.01642408527312,81.48426512421155,83.53849029541016,170867,0.0,0.0,0.0
2009-03-13 00:00:00+09:00,84.9079701493426,86.27745353884812,82.85374506508431,84.22322845458984,118880,0.0,0.0,0.0
2009-03-16 00:00:00+09:00,82.85374506508431,86.9621952336009,80.79951998082602,84.22322845458984,59845,0.0,0.0,0.0
2009-03-17 00:00:00+09:00,85.59271184409536,85.59271184409536,82.16900337033155,84.22322845458984,142830,0.0,0.0,0.0
2009-03-18 00:00:00+09:00,84.90796837439903,89.01641845703125,84.22322669396033,89.01641845703125,144803,0.0,0.0,0.0
2009-03-19 00:00:00+09:00,93.80961199367748,97.91806215398452,88.33167844660142,93.12487030029297,212507,0.0,0.0,0.0
2009-03-20 00:00:00+09:00,95.86383648772738,97.2333198661235,90.38590297414297,91.75538635253906,303681,0.0,0.0,0.0
2009-03-23 00:00:00+09:00,95.86382779208095,95.86382779208095,90.38589477539062,90.38589477539062,9179,0.0,0.0,0.0
2009-03-24 00:00:00+09:00,93.1248612837358,93.1248612837358,88.33166989413174,90.38589477539062,452010,0.0,0.0,0.0
2009-03-25 00:00:00+09:00,90.38590181790865,92.44012685922475,86.96219341571513,89.01641845703125,273079,0.0,0.0,0.0
2009-03-26 00:00:00+09:00,90.3859054210574,92.44013054426325,88.33168029785156,88.33168029785156,183675,0.0,0.0,0.0
2009-03-27 00:00:00+09:00,88.33168029785156,91.75538883652797,87.64693859011628,88.33168029785156,157849,0.0,0.0,0.0
2009-03-30 00:00:00+09:00,89.01641724601623,90.38590058826264,84.90796721927703,86.27745056152344,158998,0.0,0.0,0.0
2009-03-31 00:00:00+09:00,86.27745056152344,88.33167557489304,84.90796721927703,86.27745056152344,137576,0.0,0.0,0.0
2009-04-01 00:00:00+09:00,86.27744641113281,86.9621880493164,82.16899658203124,85.59270477294922,204358,0.0,0.0,0.0
2009-04-02 00:00:00+09:00,86.9621952336009,86.9621952336009,83.53848675983707,84.22322845458984,282965,0.0,0.0,0.0
2009-04-03 00:00:00+09:00,84.90796379029283,87.64693036417324,84.90796379029283,86.96218872070312,283381,0.0,0.0,0.0
2009-04-06 00:00:00+09:00,89.01641786098479,89.01641786098479,86.27745115756989,87.64693450927734,145290,0.0,0.0,0.0
2009-04-07 00:00:00+09:00,86.96219223264663,86.96219223264663,84.90796721927703,86.27745056152344,108357,0.0,0.0,0.0
2009-04-08 00:00:00+09:00,85.59270948171616,88.33167618513106,84.90796780586243,87.64693450927734,106281,0.0,0.0,0.0
2009-04-09 00:00:00+09:00,86.96219178359875,99.9722834677592,86.27745011601135,93.80960845947266,617435,0.0,0.0,0.0
2009-04-10 00:00:00+09:00,97.2333157683072,105.45021569238949,94.49434912694643,99.97228240966797,413728,0.0,0.0,0.0
2009-04-13 00:00:00+09:00,98.60279908898758,101.34176573034834,95.8638324476268,99.97228240966797,128040,0.0,0.0,0.0
2009-04-14 00:00:00+09:00,100.65703121821086,100.65703121821086,97.23332267337376,98.6028060913086,39652,0.0,0.0,0.0
2009-04-15 00:00:00+09:00,97.23331451416016,99.97228112019285,95.86383121114382,97.23331451416016,125140,0.0,0.0,0.0
2009-04-16 00:00:00+09:00,101.34176442320918,101.34176442320918,95.86383121114382,97.23331451416016,180826,0.0,0.0,0.0
2009-04-17 00:00:00+09:00,98.60279647163722,98.60279647163722,91.0706384078316,94.49434661865234,90201,0.0,0.0,0.0
2009-04-20 00:00:00+09:00,92.44012860690846,95.1790953804465,90.38590352675494,93.12487030029297,51284,0.0,0.0,0.0
2009-04-21 00:00:00+09:00,93.12486333432405,95.86382990298063,91.75538004999575,94.49434661865234,109727,0.0,0.0,0.0
2009-04-22 00:00:00+09:00,93.80961131400804,102.71125326351245,93.80961131400804,100.65702819824219,272791,0.0,0.0,0.0
2009-04-23 00:00:00+09:00,105.4502200172061,105.4502200172061,97.91806144454853,100.65702819824219,60792,0.0,0.0,0.0
2009-04-24 00:00:00+09:00,102.71125520978654,102.71125520978654,94.49435479300362,95.86383819580078,297125,0.0,0.0,0.0
2009-04-27 00:00:00+09:00,99.28754670279366,99.97228840419224,95.1790964944022,95.86383819580078,137219,0.0,0.0,0.0
2009-04-28 00:00:00+09:00,98.60279647163722,98.60279647163722,92.44012169215989,94.49434661865234,89134,0.0,0.0,0.0
2009-04-29 00:00:00+09:00,93.12487139020647,95.86383819580077,93.12487139020647,95.86383819580078,29453,0.0,0.0,0.0
2009-04-30 00:00:00+09:00,95.86383819580077,97.23332159859793,94.49435479300362,95.86383819580078,88068,0.0,0.0,0.0
2009-05-04 00:00:00+09:00,96.54857635498045,97.23331803125691,95.17909300242755,96.54857635498047,97163,0.0,0.0,0.0
2009-05-06 00:00:00+09:00,96.54857635498045,97.23331803125691,93.80960964987463,96.54857635498047,111453,0.0,0.0,0.0
2009-05-07 00:00:00+09:00,96.54857512982223,96.54857512982223,93.80960845947267,93.80960845947266,88572,0.0,0.0,0.0
2009-05-08 00:00:00+09:00,95.17909116391782,95.17909116391782,92.44012451171875,92.44012451171875,61420,0.0,0.0,0.0
2009-05-11 00:00:00+09:00,91.75537669229851,95.17908477783203,91.75537669229851,95.17908477783203,58097,0.0,0.0,0.0
2009-05-12 00:00:00+09:00,95.86383121114382,97.23331451416016,93.12486460511114,97.23331451416016,43742,0.0,0.0,0.0
2009-05-13 00:00:00+09:00,97.23331451416016,98.60279781717651,95.86383121114382,97.23331451416016,48316,0.0,0.0,0.0
2009-05-14 00:00:00+09:00,96.54857138819342,104.08072943975462,95.1790881060914,102.02650451660156,470047,0.0,0.0,0.0
2009-05-15 00:00:00+09:00,103.3959913511534,105.45021634488492,99.97228302826751,101.34176635742188,170655,0.0,0.0,0.0
2009-05-18 00:00:00+09:00,102.71124968657622,102.71124968657622,97.91805803453599,101.34176635742188,32163,0.0,0.0,0.0
2009-05-19 00:00:00+09:00,101.34177100579471,110.9281547495861,100.6570293098096,103.39599609375,368483,0.0,0.0,0.0
2009-05-20 00:00:00+09:00,103.39599258021303,108.18918428922953,99.97228421662983,104.08073425292969,226248,0.0,0.0,0.0
2009-05-21 00:00:00+09:00,104.08073301573057,106.1349580094621,100.65702469284469,101.34176635742188,77393,0.0,0.0,0.0
2009-05-22 00:00:00+09:00,102.71124968657622,102.71124968657622,97.91805803453599,101.34176635742188,69455,0.0,0.0,0.0
2009-05-25 00:00:00+09:00,101.34177292717828,101.34177292717828,92.4401307106018,98.6028060913086,97758,0.0,0.0,0.0
2009-05-26 00:00:00+09:00,99.28753448047226,99.28753448047226,93.80960154361863,95.17908477783203,157608,0.0,0.0,0.0
2009-05-27 00:00:00+09:00,97.91806155532154,97.91806155532154,89.01641959574685,91.75538635253906,90276,0.0,0.0,0.0
2009-05-28 00:00:00+09:00,89.01641959574685,95.17909479852933,89.01641959574685,91.75538635253906,58479,0.0,0.0,0.0
2009-05-29 00:00:00+09:00,94.49435310933129,94.49435310933129,89.01641959574685,91.75538635253906,64449,0.0,0.0,0.0
2009-06-01 00:00:00+09:00,94.49435310933129,94.49435310933129,90.38590297414297,91.75538635253906,30110,0.0,0.0,0.0
2009-06-02 00:00:00+09:00,94.49434661865234,96.54857154514478,91.75538004999575,94.49434661865234,48765,0.0,0.0,0.0
2009-06-03 00:00:00+09:00,91.75538990909891,93.80961505631754,89.70116476188028,91.07064819335938,139824,0.0,0.0,0.0
2009-06-04 00:00:00+09:00,91.75538157688753,92.44012323044639,84.90796504129891,89.70115661621094,169597,0.0,0.0,0.0
2009-06-05 00:00:00+09:00,91.07064288854598,91.07064288854598,84.90796780586243,87.64693450927734,47260,0.0,0.0,0.0
2009-06-08 00:00:00+09:00,86.27745173527643,91.75538517878606,86.27745173527643,89.01641845703125,43187,0.0,0.0,0.0
2009-06-09 00:00:00+09:00,91.07064118561921,97.9180578161169,88.33167453342014,92.44012451171875,231573,0.0,0.0,0.0
2009-06-10 00:00:00+09:00,93.12487225199854,93.12487225199854,87.64693859011628,88.33168029785156,111309,0.0,0.0,0.0
2009-06-11 00:00:00+09:00,90.38589477539062,91.07063640247691,87.64692826704545,90.38589477539062,35818,0.0,0.0,0.0
2009-06-12 00:00:00+09:00,91.07064819335938,96.54858191927572,86.9621978989221,91.07064819335938,101873,0.0,0.0,0.0
2009-06-15 00:00:00+09:00,91.7553780295632,91.7553780295632,87.64692826704545,90.38589477539062,8310,0.0,0.0,0.0
2009-06-16 00:00:00+09:00,89.70116128494492,91.75538635253906,87.64693621735076,91.75538635253906,20151,0.0,0.0,0.0
2009-06-17 00:00:00+09:00,89.70116183337043,94.49435368706199,89.70116183337043,93.12487030029297,67635,0.0,0.0,0.0
2009-06-18 00:00:00+09:00,93.80961022010216,93.80961022010216,89.01641845703125,89.01641845703125,134628,0.0,0.0,0.0
2009-06-19 00:00:00+09:00,90.38590058826264,90.38590058826264,84.90796721927703,86.27745056152344,179321,0.0,0.0,0.0
2009-06-22 00:00:00+09:00,86.9621880493164,88.33167132568359,85.59270477294922,85.59270477294922,121191,0.0,0.0,0.0
2009-06-23 00:00:00+09:00,84.9079701493426,85.59271184409536,82.16900337033155,84.22322845458984,168859,0.0,0.0,0.0
2009-06-24 00:00:00+09:00,83.53848675983707,84.9079701493426,77.37581150706221,84.22322845458984,71139,0.0,0.0,0.0
2009-06-25 00:00:00+09:00,84.22323201914303,84.9079737428759,82.16900684794442,83.53849029541016,173757,0.0,0.0,0.0
2009-06-26 00:00:00+09:00,84.9079737428759,86.9621989140745,83.53849029541016,83.53849029541016,62720,0.0,0.0,0.0
2009-06-29 00:00:00+09:00,84.9079737428759,85.59271546660877,83.53849029541016,83.53849029541016,54800,0.0,0.0,0.0
2009-06-30 00:00:00+09:00,80.79951998082602,84.9079701493426,80.79951998082602,84.22322845458984,106143,0.0,0.0,0.0
2009-07-01 00:00:00+09:00,84.90796661376953,85.5927082800096,82.8537416150493,84.90796661376953,36940,0.0,0.0,0.0
2009-07-02 00:00:00+09:00,85.59270477294922,86.27744641113281,84.22322149658203,85.59270477294922,11858,0.0,0.0,0.0
2009-07-03 00:00:00+09:00,85.59270543376293,86.96218872070314,84.22322214682272,86.96218872070312,9121,0.0,0.0,0.0
2009-07-06 00:00:00+09:00,87.64693859011628,88.33168029785156,86.27745517464571,88.33168029785156,29947,0.0,0.0,0.0
2009-07-07 00:00:00+09:00,89.01642200558685,89.01642200558685,84.90797175917514,88.33168029785156,18826,0.0,0.0,0.0
2009-07-08 00:00:00+09:00,88.33167862310641,88.33167862310641,84.22322845458984,84.22322845458984,73922,0.0,0.0,0.0
2009-07-09 00:00:00+09:00,84.22323201914303,87.64694063780738,83.53849029541016,83.53849029541016,120122,0.0,0.0,0.0
2009-07-10 00:00:00+09:00,84.90796661376953,85.5927082800096,82.16899994880922,84.90796661376953,76602,0.0,0.0,0.0
2009-07-13 00:00:00+09:00,84.90796957725335,84.90796957725335,81.48426112655766,82.85374450683594,66671,0.0,0.0,0.0
2009-07-14 00:00:00+09:00,83.5384813728979,83.5384813728979,79.43003146931277,80.79951477050781,35442,0.0,0.0,0.0
2009-07-15 00:00:00+09:00,80.11477828607326,84.22322845458984,80.11477828607326,84.22322845458984,58473,0.0,0.0,0.0
2009-07-16 00:00:00+09:00,82.85374663596929,89.01642200558685,82.169004928234,88.33168029785156,118846,0.0,0.0,0.0
2009-07-17 00:00:00+09:00,89.01641296386718,89.01641296386718,84.90796313476562,85.59270477294922,145091,0.0,0.0,0.0
2009-07-20 00:00:00+09:00,86.27744707723303,87.64693036417324,84.90796379029283,86.96218872070312,69127,0.0,0.0,0.0
2009-07-21 00:00:00+09:00,86.27744707723303,89.01641365111344,84.90796379029283,86.96218872070312,75397,0.0,0.0,0.0
2009-07-22 00:00:00+09:00,87.64693390376983,89.01641724601623,85.59270889040023,86.27745056152344,70255,0.0,0.0,0.0
2009-07-23 00:00:00+09:00,86.9621880493164,89.70115460205078,85.59270477294922,85.59270477294922,57647,0.0,0.0,0.0
2009-07-24 00:00:00+09:00,85.59271184409536,87.64693692835365,84.22322845458984,84.22322845458984,37432,0.0,0.0,0.0
2009-07-27 00:00:00+09:00,84.22322214682272,87.64693036417324,84.22322214682272,86.96218872070312,141462,0.0,0.0,0.0
2009-07-28 00:00:00+09:00,87.64693390376983,87.64693390376983,86.27745056152344,86.27745056152344,59956,0.0,0.0,0.0
2009-07-29 00:00:00+09:00,86.96219223264663,87.64693390376983,84.90796721927703,86.27745056152344,39383,0.0,0.0,0.0
2009-07-30 00:00:00+09:00,86.96218872070314,97.23331337275468,86.27744707723303,86.96218872070312,220236,0.0,0.0,0.0
2009-07-31 00:00:00+09:00,87.64693036417324,93.80960515540417,85.59270543376293,86.96218872070312,551439,0.0,0.0,0.0
2009-08-03 00:00:00+09:00,90.38590058826264,90.38590058826264,86.27745056152344,86.27745056152344,90740,0.0,0.0,0.0
2009-08-04 00:00:00+09:00,87.64693036417324,88.33167200764333,84.90796379029283,86.96218872070312,141685,0.0,0.0,0.0
2009-08-05 00:00:00+09:00,85.59270543376293,88.33167200764333,84.22322214682272,86.96218872070312,62968,0.0,0.0,0.0
2009-08-06 00:00:00+09:00,86.27745056152344,86.27745056152344,84.90796721927703,86.27745056152344,24774,0.0,0.0,0.0
2009-08-07 00:00:00+09:00,86.96218872070314,88.33167200764333,84.90796379029283,86.96218872070312,67426,0.0,0.0,0.0
2009-08-10 00:00:00+09:00,87.64693450927734,98.602801322937,86.27745115756989,87.64693450927734,720689,0.0,0.0,0.0
2009-08-11 00:00:00+09:00,87.64693859011628,90.3859054210574,86.27745517464571,88.33168029785156,194553,0.0,0.0,0.0
2009-08-12 00:00:00+09:00,88.33167618513106,90.38590121269225,87.64693450927734,87.64693450927734,80169,0.0,0.0,0.0
2009-08-13 00:00:00+09:00,87.64693450927734,89.70115953683852,87.64693450927734,87.64693450927734,222463,0.0,0.0,0.0
2009-08-14 00:00:00+09:00,87.64693859011628,88.33168029785156,86.27745517464571,88.33168029785156,44391,0.0,0.0,0.0
2009-08-17 00:00:00+09:00,88.33167618513106,89.01641786098479,82.16900110244751,87.64693450927734,164808,0.0,0.0,0.0
2009-08-18 00:00:00+09:00,85.59270889040023,86.96219223264663,83.53848387703063,86.27745056152344,54237,0.0,0.0,0.0
2009-08-19 00:00:00+09:00,84.90796661376953,86.96219161248976,84.22322494752945,84.90796661376953,20405,0.0,0.0,0.0
2009-08-20 00:00:00+09:00,85.5927082800096,85.5927082800096,84.22322494752945,84.90796661376953,8008,0.0,0.0,0.0
2009-08-21 00:00:00+09:00,84.22322788711422,84.90796957725335,82.85374450683594,82.85374450683594,47016,0.0,0.0,0.0
2009-08-24 00:00:00+09:00,83.53848501352162,84.22322669396033,78.06055157001201,80.11477661132812,171115,0.0,0.0,0.0
2009-08-25 00:00:00+09:00,80.11477828607326,86.27745353884812,80.11477828607326,84.22322845458984,76669,0.0,0.0,0.0
2009-08-26 00:00:00+09:00,86.27744641113281,86.9621880493164,84.22322149658203,85.59270477294922,25930,0.0,0.0,0.0
2009-08-27 00:00:00+09:00,86.27745056152344,86.96219223264663,84.90796721927703,86.27745056152344,89123,0.0,0.0,0.0
2009-08-28 00:00:00+09:00,86.96218872070314,87.64693036417324,85.59270543376293,86.96218872070312,92855,0.0,0.0,0.0
2009-08-31 00:00:00+09:00,87.64693036417324,88.33167200764333,85.59270543376293,86.96218872070312,50247,0.0,0.0,0.0
2009-09-01 00:00:00+09:00,86.96219161248976,86.96219161248976,84.22322494752945,84.90796661376953,36530,0.0,0.0,0.0
2009-09-02 00:00:00+09:00,82.16899994880922,86.27744994624967,82.16899994880922,84.90796661376953,3869,0.0,0.0,0.0
2009-09-03 00:00:00+09:00,86.27744641113281,86.27744641113281,82.85373822021484,85.59270477294922,29222,0.0,0.0,0.0
2009-09-04 00:00:00+09:00,86.9621880493164,86.9621880493164,84.22322149658203,85.59270477294922,20652,0.0,0.0,0.0
2009-09-07 00:00:00+09:00,85.59271184409536,85.59271184409536,82.85374506508431,84.22322845458984,18751,0.0,0.0,0.0
2009-09-08 00:00:00+09:00,84.9079701493426,84.9079701493426,82.16900337033155,84.22322845458984,26556,0.0,0.0,0.0
2009-09-09 00:00:00+09:00,84.9079701493426,84.9079701493426,82.16900337033155,84.22322845458984,18731,0.0,0.0,0.0
2009-09-10 00:00:00+09:00,84.90796661376953,84.90796661376953,82.8537416150493,84.90796661376953,6523,0.0,0.0,0.0
2009-09-11 00:00:00+09:00,84.90796661376953,85.5927082800096,83.53848328128937,84.90796661376953,20142,0.0,0.0,0.0
2009-09-14 00:00:00+09:00,85.5927082800096,85.5927082800096,83.53848328128937,84.90796661376953,11699,0.0,0.0,0.0
2009-09-15 00:00:00+09:00,85.5927082800096,85.5927082800096,83.53848328128937,84.90796661376953,27537,0.0,0.0,0.0
2009-09-16 00:00:00+09:00,84.9079701493426,85.59271184409536,83.53848675983707,84.22322845458984,55197,0.0,0.0,0.0
2009-09-17 00:00:00+09:00,84.22322368621826,84.90796534220378,81.4842570622762,82.16899871826172,95313,0.0,0.0,0.0
2009-09-18 00:00:00+09:00,83.53848619697507,83.53848619697507,81.48426112655766,82.85374450683594,19582,0.0,0.0,0.0
2009-09-21 00:00:00+09:00,82.85374450683594,84.90796957725335,82.16900281669679,82.85374450683594,91389,0.0,0.0,0.0
2009-09-22 00:00:00+09:00,83.53848203023274,84.22322368621826,82.16899871826172,82.16899871826172,50765,0.0,0.0,0.0
2009-09-23 00:00:00+09:00,82.85374450683594,82.85374450683594,81.48426112655766,82.85374450683594,43837,0.0,0.0,0.0
2009-09-24 00:00:00+09:00,82.85374857167729,83.53849029541016,81.48426512421155,83.53849029541016,40275,0.0,0.0,0.0
2009-09-25 00:00:00+09:00,83.53847779346114,83.53847779346114,81.4842529296875,81.4842529296875,128539,0.0,0.0,0.0
2009-09-28 00:00:00+09:00,82.16899871826172,82.16899871826172,79.43003209431966,82.16899871826172,420848,0.0,0.0,0.0
2009-09-29 00:00:00+09:00,82.16900281669679,82.85374450683594,82.16900281669679,82.85374450683594,30444,0.0,0.0,0.0
2009-09-30 00:00:00+09:00,82.85374037424724,82.85374037424724,81.4842570622762,82.16899871826172,36312,0.0,0.0,0.0
2009-10-01 00:00:00+09:00,80.79951477050781,82.85373972230039,80.79951477050781,80.79951477050781,57806,0.0,0.0,0.0
2009-10-05 00:00:00+09:00,81.48425997220552,82.16900165264423,78.74529325045071,80.11477661132812,53112,0.0,0.0,0.0
2009-10-06 00:00:00+09:00,80.79951829176682,82.85374333308293,79.43003493088942,80.11477661132812,46810,0.0,0.0,0.0
2009-10-07 00:00:00+09:00,81.4842529296875,82.16899455094538,80.79951130842963,81.4842529296875,35402,0.0,0.0,0.0
2009-10-08 00:00:00+09:00,93.12487030029297,93.12487030029297,93.12487030029297,93.12487030029297,595707,0.0,0.0,0.0
2009-10-09 00:00:00+09:00,106.81970214843749,106.81970214843749,106.81970214843749,106.8197021484375,384502,0.0,0.0,0.0
2009-10-12 00:00:00+09:00,122.56876373291016,122.56876373291016,122.56876373291016,122.56876373291016,638918,0.0,0.0,0.0
2009-10-13 00:00:00+09:00,133.52462321955986,140.37203979492188,127.361948301734,140.37203979492188,26124340,0.0,0.0,0.0
2009-10-14 00:00:00+09:00,144.4805022718993,149.95843600732675,130.78566793333064,132.1551513671875,13330406,0.0,0.0,0.0
2009-10-15 00:00:00+09:00,128.73143043328278,139.00255520189577,124.62298052583759,137.63307189941406,11034133,0.0,0.0,0.0
2009-10-16 00:00:00+09:00,139.68729272049467,143.11100087540873,121.8840103149414,121.8840103149414,5946701,0.0,0.0,0.0
2009-10-19 00:00:00+09:00,119.14505004882812,120.5145333827227,113.66711671324981,119.14505004882812,6217675,0.0,0.0,0.0
2009-10-20 00:00:00+09:00,119.14505428738063,120.5145376699942,110.9281539916992,110.92815399169922,3941122,0.0,0.0,0.0
2009-10-21 00:00:00+09:00,106.819705418178,108.18918882097516,94.49435479300362,95.86383819580078,11403595,0.0,0.0,0.0
2009-10-22 00:00:00+09:00,96.54857512982223,99.2875418001718,93.12486679188527,93.80960845947266,4873209,0.0,0.0,0.0
2009-10-23 00:00:00+09:00,94.49435368706199,96.5485787672155,90.38590352675494,93.12487030029297,5798368,0.0,0.0,0.0
2009-10-26 00:00:00+09:00,91.75538284866899,96.54857449001736,90.38589952256945,92.44012451171875,4390723,0.0,0.0,0.0
2009-10-27 00:00:00+09:00,92.44012451171875,92.44012451171875,92.44012451171875,92.44012451171875,0,0.0,0.0,0.0
2009-10-28 00:00:00+09:00,92.44012451171875,92.44012451171875,92.44012451171875,92.44012451171875,0,0.0,0.0,0.0
2009-10-29 00:00:00+09:00,92.44012451171875,92.44012451171875,92.44012451171875,92.44012451171875,0,0.0,0.5,0.0
2009-10-30 00:00:00+09:00,92.44012451171875,92.44012451171875,92.44012451171875,92.44012451171875,0,0.0,0.0,0.0
2009-11-02 00:00:00+09:00,92.44012451171875,92.44012451171875,92.44012451171875,92.44012451171875,0,0.0,0.0,0.0
2009-11-03 00:00:00+09:00,92.44012451171875,92.44012451171875,92.44012451171875,92.44012451171875,0,0.0,0.0,0.0
2009-11-04 00:00:00+09:00,92.44012451171875,92.44012451171875,92.44012451171875,92.44012451171875,0,0.0,0.0,0.0
2009-11-05 00:00:00+09:00,92.44012451171875,92.44012451171875,92.44012451171875,92.44012451171875,0,0.0,0.0,0.0
2009-11-06 00:00:00+09:00,92.44012451171875,92.44012451171875,92.44012451171875,92.44012451171875,0,0.0,0.0,0.0
2009-11-09 00:00:00+09:00,92.44012451171875,92.44012451171875,92.44012451171875,92.44012451171875,0,0.0,0.0,0.0
2009-11-10 00:00:00+09:00,92.44012451171875,92.44012451171875,92.44012451171875,92.44012451171875,0,0.0,0.0,0.0
2009-11-11 00:00:00+09:00,92.44012451171875,92.44012451171875,92.44012451171875,92.44012451171875,0,0.0,0.0,0.0
2009-11-12 00:00:00+09:00,92.44012451171875,92.44012451171875,92.44012451171875,92.44012451171875,0,0.0,0.0,0.0
2009-11-13 00:00:00+09:00,92.44012451171875,92.44012451171875,92.44012451171875,92.44012451171875,0,0.0,0.0,0.0
2009-11-16 00:00:00+09:00,92.4401196566495,95.86382779208095,88.33166989413174,90.38589477539062,2304406,0.0,0.0,0.0
2009-11-17 00:00:00+09:00,91.75538327617029,91.75538327617029,82.16899994880922,84.90796661376953,929562,0.0,0.0,0.0
2009-11-18 00:00:00+09:00,85.25034099671899,86.9621952336009,82.85374506508431,84.22322845458984,719622,0.0,0.0,0.0
2009-11-19 00:00:00+09:00,85.5927082800096,85.93507911312965,83.19611244816933,84.90796661376953,351926,0.0,0.0,0.0
2009-11-20 00:00:00+09:00,83.88084860409008,85.25033184660583,76.00631995962448,81.4842529296875,429002,0.0,0.0,0.0
2009-11-23 00:00:00+09:00,82.16900112903696,93.46723878427953,82.16900112903696,92.0977554321289,3906146,0.0,0.0,0.0
2009-11-24 00:00:00+09:00,94.15197897111713,105.79258728027342,87.64693315129449,105.79258728027344,5016036,0.0,0.0,0.0
2009-11-25 00:00:00+09:00,114.69423028194544,121.5416470151959,91.41301338889382,112.98237609863281,12858606,0.0,0.0,0.0
2009-11-26 00:00:00+09:00,109.21628952026367,111.95525602860883,97.23331104625355,97.91805267333984,4931202,0.0,0.0,0.0
2009-11-27 00:00:00+09:00,95.86383075248905,112.29763031005861,91.75538086309666,112.2976303100586,6482004,0.0,0.0,0.0
2009-11-30 00:00:00+09:00,123.93824415940504,129.0738067626953,115.03660231370192,129.0738067626953,9506420,0.0,0.0,0.0
2009-12-01 00:00:00+09:00,133.5246239333856,135.23647808637773,120.51453237064548,125.30772399902344,11578558,0.0,0.0,0.0
2009-12-02 00:00:00+09:00,123.59586439239845,141.7415176134431,117.77556052904451,121.8840103149414,12225870,0.0,0.0,0.0
2009-12-03 00:00:00+09:00,116.406080199451,120.85690091295942,107.16206794831812,112.2976303100586,6428826,0.0,0.0,0.0
2009-12-04 00:00:00+09:00,111.61289090330497,117.43319503016443,106.81969926942071,108.8739242553711,2823716,0.0,0.0,0.0
2009-12-07 00:00:00+09:00,110.243410550631,114.35186063326321,106.81970214843749,106.8197021484375,2001612,0.0,0.0,0.0
2009-12-08 00:00:00+09:00,107.16206818624259,109.21629313549964,103.0536182877285,104.76547241210938,1516764,0.0,0.0,0.0
2009-12-09 00:00:00+09:00,104.76547260344215,110.58577663696671,102.36887682493204,109.21629333496094,2156058,0.0,0.0,0.0
2009-12-10 00:00:00+09:00,109.55867060908564,118.11794175042046,105.10784961559153,110.92815399169922,3704794,0.0,0.0,0.0
2009-12-11 00:00:00+09:00,111.61289090330497,114.0094867202471,108.18918259338764,108.8739242553711,1163134,0.0,0.0,0.0
2009-12-14 00:00:00+09:00,109.21630040728857,111.95526718866259,107.50444616892982,107.84681701660156,928788,0.0,0.0,0.0
2009-12-15 00:00:00+09:00,107.16207178015458,109.2162967983045,103.73836341657136,104.08073425292969,953368,0.0,0.0,0.0
2009-12-16 00:00:00+09:00,104.08073122172243,105.45021452727141,99.62991047868825,101.68413543701172,1068102,0.0,0.0,0.0
2009-12-17 00:00:00+09:00,102.71124615765258,104.76547108080564,101.34176287555054,102.02650451660156,798294,0.0,0.0,0.0
2009-12-18 00:00:00+09:00,103.0536205188648,103.3959913511534,98.94517053140176,101.34176635742188,772478,0.0,0.0,0.0
2009-12-21 00:00:00+09:00,100.65702643960209,102.02650979252185,98.94517224845241,100.99939727783203,753454,0.0,0.0,0.0
2009-12-22 00:00:00+09:00,105.79258553289598,112.98237289920931,104.08073139805948,106.13495635986328,3185816,0.0,0.0,0.0
2009-12-23 00:00:00+09:00,106.13495421409608,117.43319127559663,104.76547093391419,109.55866241455078,2787118,0.0,0.0,0.0
2009-12-24 00:00:00+09:00,109.55866763466283,111.61289265281275,104.08073425292967,104.08073425292969,1333760,0.0,0.0,0.0
2009-12-28 00:00:00+09:00,102.71124957728301,106.47732872845006,96.89094543457031,96.89094543457031,1071060,0.0,0.0,0.0
2009-12-29 00:00:00+09:00,93.80961483097418,98.94517768668445,93.12487311687948,95.52146911621094,433498,0.0,0.0,0.0
2009-12-30 00:00:00+09:00,94.49435132615109,102.02650976519212,94.49435132615109,96.54857635498047,405258,0.0,0.0,0.0
2010-01-04 00:00:00+09:00,98.94516713187198,102.02650451660156,96.20620056766792,102.02650451660156,668404,0.0,0.0,0.0
2010-01-05 00:00:00+09:00,104.76547080592104,117.09082031249999,100.99939179002192,117.0908203125,4267184,0.0,0.0,0.0
2010-01-06 00:00:00+09:00,117.77556710045178,131.12802964963092,105.45021705505567,107.16207122802734,6150350,0.0,0.0,0.0
2010-01-07 00:00:00+09:00,109.55866067951715,116.74844778661046,106.13495253328223,109.90103149414062,3197358,0.0,0.0,0.0
2010-01-08 00:00:00+09:00,107.84681896830713,109.90104409151299,101.68414359868959,103.05362701416016,2002072,0.0,0.0,0.0
2010-01-11 00:00:00+09:00,102.02650105794271,106.8196923828125,100.31464701334636,102.71124267578125,1392374,0.0,0.0,0.0
2010-01-12 00:00:00+09:00,103.05361808282117,103.39598890701659,99.9722806650624,100.31465148925781,592814,0.0,0.0,0.0
2010-01-13 00:00:00+09:00,99.97228240966795,103.05361988119883,99.28754074932777,99.97228240966797,663208,0.0,0.0,0.0
2010-01-14 00:00:00+09:00,99.97228302826751,102.36887885428763,99.28754136369034,101.34176635742188,386648,0.0,0.0,0.0
2010-01-15 00:00:00+09:00,100.65702407000815,102.02650739068854,97.91805742864739,99.97228240966797,817310,0.0,0.0,0.0
2010-01-18 00:00:00+09:00,99.97228240966795,100.65702407000815,97.91805742864739,99.97228240966797,427298,0.0,0.0,0.0
2010-01-19 00:00:00+09:00,98.26042938232422,99.97228355274798,97.23331688006996,98.26042938232422,624804,0.0,0.0,0.0
2010-01-20 00:00:00+09:00,97.57568889553265,101.68413895429191,97.57568889553265,100.99939727783203,709678,0.0,0.0,0.0
2010-01-21 00:00:00+09:00,102.71124791617345,106.1349561800459,100.99939378423723,101.68413543701172,1476704,0.0,0.0,0.0
2010-01-22 00:00:00+09:00,101.68414073087732,104.08073664035928,98.60280313297194,100.65702819824219,363348,0.0,0.0,0.0
2010-01-25 00:00:00+09:00,100.65702407000815,101.34176573034834,97.91805742864739,99.97228240966797,498224,0.0,0.0,0.0
2010-01-26 00:00:00+09:00,98.94517224845241,100.99939727783203,98.60280141022247,100.99939727783203,470576,0.0,0.0,0.0
2010-01-27 00:00:00+09:00,101.34176396184408,106.13495550057995,99.9722806650624,100.31465148925781,834324,0.0,0.0,0.0
2010-01-28 00:00:00+09:00,100.65701782226563,105.45020914713542,99.62990539550782,102.71124267578125,605830,0.0,0.0,0.0
2010-01-29 00:00:00+09:00,102.02650105794271,110.92814208984375,100.65701782226563,102.71124267578125,1782288,0.0,0.0,0.0
2010-02-01 00:00:00+09:00,104.08073139805948,107.8468104946998,103.73836057109217,106.13495635986328,923216,0.0,0.0,0.0
2010-02-02 00:00:00+09:00,107.16207423826465,107.84681592668807,98.26043228876024,100.65702819824219,1002948,0.0,0.0,0.0
2010-02-03 00:00:00+09:00,100.65702231345324,102.71124725862575,98.94516819247615,100.31465148925781,378946,0.0,0.0,0.0
2010-02-04 00:00:00+09:00,99.62991566560707,102.71125326351245,98.94517397718366,100.65702819824219,270370,0.0,0.0,0.0
2010-02-05 00:00:00+09:00,98.60279430042613,99.28753592751242,95.86382779208095,97.91805267333984,553444,0.0,0.0,0.0
2010-02-08 00:00:00+09:00,96.20620904650006,99.62991755349294,95.86383819580077,95.86383819580078,224040,0.0,0.0,0.0
2010-02-09 00:00:00+09:00,94.83672044302465,97.91805793034314,94.49434961110038,96.89094543457031,108668,0.0,0.0,0.0
2010-02-10 00:00:00+09:00,98.60279430042613,98.60279430042613,96.20619860562411,97.91805267333984,139178,0.0,0.0,0.0
2010-02-11 00:00:00+09:00,98.60280313297194,100.65702819824219,96.8909489119134,100.65702819824219,106832,0.0,0.0,0.0
2010-02-12 00:00:00+09:00,100.65702761946054,102.71125267291892,97.57569003927297,99.28754425048828,291370,0.0,0.0,0.0
2010-02-16 00:00:00+09:00,99.97228593497441,99.97228593497441,98.2604317237591,99.28754425048828,109310,0.0,0.0,0.0
2010-02-17 00:00:00+09:00,99.97228593497441,100.31465677721746,98.2604317237591,99.28754425048828,215054,0.0,0.0,0.0
2010-02-18 00:00:00+09:00,99.28754249389229,101.68413834719314,99.28754249389229,99.62991333007812,182672,0.0,0.0,0.0
2010-02-19 00:00:00+09:00,100.99939179002192,100.99939179002192,97.57568359374999,97.57568359375,146078,0.0,0.0,0.0
2010-02-22 00:00:00+09:00,98.26043347421403,99.62991686758286,96.89095008084519,98.94517517089844,111804,0.0,0.0,0.0
2010-02-23 00:00:00+09:00,98.94516511396928,99.28753592751242,97.57568185979669,97.91805267333984,105024,0.0,0.0,0.0
2010-02-24 00:00:00+09:00,98.60280138380983,98.60280138380983,94.49435132615109,96.54857635498047,177440,0.0,0.0,0.0
2010-02-25 00:00:00+09:00,97.57569244929722,97.57569244929722,94.15198394230433,95.86383819580078,282380,0.0,0.0,0.0
2010-02-26 00:00:00+09:00,95.5214573278324,96.54856977221768,93.1248616242667,94.83671569824219,105090,0.0,0.0,0.0
2010-03-02 00:00:00+09:00,95.1790947422014,97.91806149737266,94.83672389780499,96.20620727539062,194268,0.0,0.0,0.0
2010-03-03 00:00:00+09:00,96.20620727539062,97.23331980857985,95.1790947422014,96.20620727539062,176574,0.0,0.0,0.0
2010-03-04 00:00:00+09:00,96.89095254440035,96.89095254440035,94.83672740211624,95.52146911621094,81334,0.0,0.0,0.0
2010-03-05 00:00:00+09:00,95.86382990298063,95.86382990298063,81.48425541753353,94.49434661865234,157164,0.0,0.0,0.0
2010-03-08 00:00:00+09:00,94.49435190054086,94.49435190054086,91.75538517878606,93.46723937988281,203084,0.0,0.0,0.0
2010-03-09 00:00:00+09:00,92.78249945360072,93.80961199367748,91.75538691352395,93.12487030029297,110700,0.0,0.0,0.0
2010-03-10 00:00:00+09:00,94.49434950086805,94.49434950086805,91.4130120171441,92.44012451171875,145700,0.0,0.0,0.0
2010-03-11 00:00:00+09:00,92.09775368019386,94.83672033239294,90.72827035409433,92.44012451171875,165104,0.0,0.0,0.0
2010-03-12 00:00:00+09:00,92.78249251324196,96.20620072406271,89.70115512350331,94.49434661865234,286644,0.0,0.0,0.0
2010-03-15 00:00:00+09:00,95.52146442119891,95.52146442119891,90.72827265812799,93.46723937988281,262336,0.0,0.0,0.0
2010-03-16 00:00:00+09:00,93.80960671164772,94.1519775390625,91.75538174715909,94.1519775390625,142206,0.0,0.0,0.0
2010-03-17 00:00:00+09:00,94.15198048801285,101.6841389270539,92.78249713545995,96.54857635498047,407220,0.0,0.0,0.0
2010-03-18 00:00:00+09:00,97.23331431709093,97.5756851421511,92.7824935913086,92.7824935913086,397392,0.0,0.0,0.0
2010-03-19 00:00:00+09:00,93.12485992651192,95.86382639493874,92.78248911795856,95.17908477783203,417334,0.0,0.0,0.0
2010-03-22 00:00:00+09:00,93.12486679188527,96.89094596361593,93.12486679188527,93.80960845947266,194892,0.0,0.0,0.0
2010-03-23 00:00:00+09:00,94.83671743973441,95.17908826081648,93.12486333432405,94.49434661865234,189562,0.0,0.0,0.0
2010-03-24 00:00:00+09:00,95.1790982591636,100.99940282896856,93.12487311687948,95.52146911621094,534434,0.0,0.0,0.0
2010-03-25 00:00:00+09:00,97.23331679740963,97.23331679740963,93.12486679188527,93.80960845947266,352462,0.0,0.0,0.0
2010-03-26 00:00:00+09:00,93.80960845947267,95.52146262844114,93.12486679188527,93.80960845947266,166054,0.0,0.0,0.0
2010-03-29 00:00:00+09:00,92.7824935913086,94.4943477166095,91.75538111612805,92.7824935913086,254434,0.0,0.0,0.0
2010-03-30 00:00:00+09:00,93.4672324390618,94.83671569824219,92.44011999467651,94.83671569824219,198046,0.0,0.0,0.0
2010-03-31 00:00:00+09:00,95.1790953804465,98.60280384736903,92.44012860690846,93.12487030029297,559416,0.0,0.0,0.0
2010-04-01 00:00:00+09:00,92.44012340198863,94.83671919389204,92.44012340198863,94.1519775390625,297098,0.0,0.0,0.0
2010-04-02 00:00:00+09:00,94.15197235217198,97.23330962915215,93.46723073506527,95.17908477783203,107402,0.0,0.0,0.0
2010-04-05 00:00:00+09:00,95.86383121114382,97.91805616566833,94.15197708237339,97.23331451416016,482950,0.0,0.0,0.0
2010-04-06 00:00:00+09:00,98.60280021640898,100.31465438683274,96.54857521190046,98.26042938232422,519894,0.0,0.0,0.0
2010-04-07 00:00:00+09:00,98.26043234176906,99.28754487495829,94.83672389780499,96.20620727539062,334718,0.0,0.0,0.0
2010-04-08 00:00:00+09:00,94.15198568802154,95.8638399732583,93.46724397392683,95.52146911621094,214852,0.0,0.0,0.0
2010-04-09 00:00:00+09:00,95.86382649739583,105.10783833821614,94.49434326171875,102.71124267578125,1077226,0.0,0.0,0.0
2010-04-12 00:00:00+09:00,103.73835650357333,104.08072731711647,96.8909402327104,97.91805267333984,911486,0.0,0.0,0.0
2010-04-13 00:00:00+09:00,106.81969901306988,107.50444067341007,97.2333157683072,99.97228240966797,1057476,0.0,0.0,0.0
2010-04-14 00:00:00+09:00,99.97228473636274,100.99939725077743,94.83672216428931,96.54857635498047,738376,0.0,0.0,0.0
2010-04-15 00:00:00+09:00,96.20621083030564,97.9180651155424,95.1790982591636,95.52146911621094,225428,0.0,0.0,0.0
2010-04-16 00:00:00+09:00,95.1790900213068,96.54857333096591,93.80960671164772,94.1519775390625,296790,0.0,0.0,0.0
2010-04-19 00:00:00+09:00,93.46724114698523,95.863837073831,92.44012860690846,93.12487030029297,257560,0.0,0.0,0.0
2010-04-20 00:00:00+09:00,93.46723881173641,96.89094719311869,93.12486797359817,96.54857635498047,465084,0.0,0.0,0.0
2010-04-21 00:00:00+09:00,96.89094664059144,99.97228416626396,95.5214632958481,99.62991333007812,411170,0.0,0.0,0.0
2010-04-22 00:00:00+09:00,99.97228355274798,100.31465438683274,97.57568771415471,98.26042938232422,232798,0.0,0.0,0.0
2010-04-23 00:00:00+09:00,98.94516819247615,100.99939313764865,97.23331407149904,100.31465148925781,442706,0.0,0.0,0.0
2010-04-26 00:00:00+09:00,100.65702251359528,108.87392231062347,100.65702251359528,104.76547241210938,1755462,0.0,0.0,0.0
2010-04-27 00:00:00+09:00,106.13495872424434,109.90103790478204,102.36887954370664,107.16207122802734,966352,0.0,0.0,0.0
2010-04-28 00:00:00+09:00,102.71125533632448,110.58578491210938,101.34177193184017,110.58578491210938,530312,0.0,0.0,0.0
2010-04-29 00:00:00+09:00,110.58577618947844,113.3247427824067,107.16206794831812,112.2976303100586,571606,0.0,0.0,0.0
2010-04-30 00:00:00+09:00,110.2434004720052,121.88400797526042,100.31464701334636,102.71124267578125,3273298,0.0,0.0,0.0
2010-05-03 00:00:00+09:00,102.36887874535874,103.73836207305585,96.89094543457031,96.89094543457031,562712,0.0,0.0,0.0
2010-05-04 00:00:00+09:00,98.94516547578337,99.62990710537356,94.83671569824219,94.83671569824219,272626,0.0,0.0,0.0
2010-05-06 00:00:00+09:00,92.44012169215989,96.20620072406271,92.09775087107782,94.49434661865234,245578,0.0,0.0,0.0
2010-05-07 00:00:00+09:00,90.043537384609,93.46724603041162,89.70116652002874,90.72827911376953,368854,0.0,0.0,0.0
2010-05-10 00:00:00+09:00,91.75538635253906,92.44012804173713,90.04353212954393,91.75538635253906,222346,0.0,0.0,0.0
2010-05-11 00:00:00+09:00,92.78249047019264,92.78249047019264,89.70115314830433,90.38589477539062,317566,0.0,0.0,0.0
2010-05-12 00:00:00+09:00,89.70115661621094,91.07063992332866,87.30456082875492,89.70115661621094,293480,0.0,0.0,0.0
2010-05-13 00:00:00+09:00,90.38589651593692,91.41300897634528,88.6740424152563,90.04352569580078,221290,0.0,0.0,0.0
2010-05-14 00:00:00+09:00,90.04353276551,90.04353276551,88.33167853042426,88.6740493774414,169540,0.0,0.0,0.0
2010-05-17 00:00:00+09:00,87.98930653727862,88.33167737983612,83.19611474147356,85.9350814819336,368618,0.0,0.0,0.0
2010-05-18 00:00:00+09:00,86.27745353884812,86.61982438622451,83.53848675983707,84.22322845458984,229028,0.0,0.0,0.0
2010-05-19 00:00:00+09:00,84.9079701493426,84.9079701493426,82.16900337033155,84.22322845458984,154934,0.0,0.0,0.0
2010-05-20 00:00:00+09:00,83.19611120223999,85.93507782618205,81.82662789026897,82.16899871826172,192672,0.0,0.0,0.0
2010-05-24 00:00:00+09:00,84.90796715644613,84.90796715644613,80.45714629743887,81.82662963867188,109220,0.0,0.0,0.0
2010-05-25 00:00:00+09:00,82.8537445734682,83.19611541881312,70.52839414105145,78.40292358398438,291534,0.0,0.0,0.0
2010-05-26 00:00:00+09:00,79.08766110458038,79.43003193187293,76.34869448623994,77.71817779541016,82092,0.0,0.0,0.0
2010-05-27 00:00:00+09:00,77.71817902909947,80.45714569091797,75.3215832000083,80.45714569091797,76378,0.0,0.0,0.0
2010-05-28 00:00:00+09:00,82.16900510204081,83.880859375,80.79952168367346,83.880859375,84730,0.0,0.0,0.0
2010-05-31 00:00:00+09:00,81.1418925382653,84.9079719387755,81.1418925382653,83.880859375,80478,0.0,0.0,0.0
2010-06-01 00:00:00+09:00,84.56559022534795,84.56559022534795,81.4842529296875,81.4842529296875,106292,0.0,0.0,0.0
2010-06-03 00:00:00+09:00,81.82663598607797,84.22323201914303,81.82663598607797,83.53849029541016,33202,0.0,0.0,0.0
2010-06-04 00:00:00+09:00,83.53848619697507,83.53848619697507,81.48426112655766,82.85374450683594,53218,0.0,0.0,0.0
2010-06-07 00:00:00+09:00,81.82662838361996,81.82662838361996,77.7181784229361,79.08766174316406,104098,0.0,0.0,0.0
2010-06-08 00:00:00+09:00,79.08766236000872,81.8266290218272,79.08766236000872,80.45714569091797,49744,0.0,0.0,0.0
2010-06-09 00:00:00+09:00,81.14189034674365,81.14189034674365,78.06055273863947,78.40292358398438,51846,0.0,0.0,0.0
2010-06-10 00:00:00+09:00,79.43003433890965,80.11477601424507,77.37580931290336,78.74529266357422,61384,0.0,0.0,0.0
2010-06-11 00:00:00+09:00,80.79951943641852,85.25034042232292,80.79951943641852,82.85374450683594,103832,0.0,0.0,0.0
2010-06-14 00:00:00+09:00,83.53848619697507,85.5927112673925,82.16900281669679,82.85374450683594,125938,0.0,0.0,0.0
2010-06-15 00:00:00+09:00,83.53848050335262,87.64693036417324,82.16899721641241,86.96218872070312,199982,0.0,0.0,0.0
2010-06-16 00:00:00+09:00,87.64693450927734,89.35878869891165,86.96219283342361,87.64693450927734,317764,0.0,0.0,0.0
2010-06-17 00:00:00+09:00,88.33167330909322,89.70115661621094,84.22322338774005,89.70115661621094,123428,0.0,0.0,0.0
2010-06-18 00:00:00+09:00,89.70115953683852,89.70115953683852,87.30456367135048,87.64693450927734,59276,0.0,0.0,0.0
2010-06-21 00:00:00+09:00,88.33167677659254,88.67404761681189,84.22322669396033,84.56559753417969,71390,0.0,0.0,0.0
2010-06-22 00:00:00+09:00,83.53849029541016,85.59271546660877,82.16900684794442,83.53849029541016,55416,0.0,0.0,0.0
2010-06-23 00:00:00+09:00,82.1689969771136,83.53848026006548,82.1689969771136,82.51136779785156,49292,0.0,0.0,0.0
2010-06-24 00:00:00+09:00,82.16899455094538,84.9079610359769,80.79951130842963,81.4842529296875,77202,0.0,0.0,0.0
2010-06-25 00:00:00+09:00,82.16900529532596,82.85374700612034,79.43003845214844,79.43003845214844,94922,0.0,0.0,0.0
2010-06-28 00:00:00+09:00,79.43003845214844,82.16900529532596,79.43003845214844,79.43003845214844,43472,0.0,0.0,0.0
2010-06-29 00:00:00+09:00,80.79952187373719,80.79952187373719,79.08766759675125,79.43003845214844,20996,0.0,0.0,0.0
2010-06-30 00:00:00+09:00,78.40292588595686,80.79952187373719,76.6910716089709,79.43003845214844,106474,0.0,0.0,0.0
2010-07-01 00:00:00+09:00,79.08766350124193,79.08766350124193,77.71818015057107,78.74529266357422,58018,0.0,0.0,0.0
2010-07-02 00:00:00+09:00,80.11478016294282,80.11478016294282,78.06055503055967,79.43003845214844,32412,0.0,0.0,0.0
2010-07-05 00:00:00+09:00,79.77240577110877,80.11477661132812,77.71818072979266,80.11477661132812,54872,0.0,0.0,0.0
2010-07-06 00:00:00+09:00,80.11477837951398,80.11477837951398,78.06055329285978,79.77240753173828,24942,0.0,0.0,0.0
2010-07-07 00:00:00+09:00,80.11477962293122,80.45715047602067,77.71818365130508,78.06055450439453,44136,0.0,0.0,0.0
2010-07-08 00:00:00+09:00,80.45714569091797,80.79951652364527,77.71817902909947,80.45714569091797,97948,0.0,0.0,0.0
2010-07-09 00:00:00+09:00,80.11477375030518,84.22322368621826,80.11477375030518,82.16899871826172,133126,0.0,0.0,0.0
2010-07-12 00:00:00+09:00,82.16900107301312,84.22322609983844,82.16900107301312,83.19611358642578,44094,0.0,0.0,0.0
2010-07-13 00:00:00+09:00,83.88085585374098,85.93508089505708,82.85374333308293,84.56559753417969,123690,0.0,0.0,0.0
2010-07-14 00:00:00+09:00,84.22322845458984,85.25034099671899,82.85374506508431,84.22322845458984,70992,0.0,0.0,0.0
2010-07-15 00:00:00+09:00,84.90796777544689,84.90796777544689,82.16900107301312,83.19611358642578,62682,0.0,0.0,0.0
2010-07-16 00:00:00+09:00,82.16900684794442,84.9079737428759,82.16900684794442,83.53849029541016,74694,0.0,0.0,0.0
2010-07-19 00:00:00+09:00,84.907966516373,84.907966516373,79.77240402546335,80.45714569091797,86206,0.0,0.0,0.0
2010-07-20 00:00:00+09:00,79.77240229461152,81.8266272464041,79.77240229461152,80.79951477050781,68136,0.0,0.0,0.0
2010-07-21 00:00:00+09:00,80.79951477050781,83.19611054759915,79.77240229461152,80.79951477050781,56534,0.0,0.0,0.0
2010-07-22 00:00:00+09:00,80.79951829176682,80.79951829176682,78.06055157001201,80.11477661132812,43498,0.0,0.0,0.0
2010-07-23 00:00:00+09:00,80.45714745154747,80.45714745154747,78.40292241023137,80.11477661132812,123124,0.0,0.0,0.0
2010-07-26 00:00:00+09:00,80.79952187373719,80.79952187373719,78.74529674135405,79.43003845214844,44950,0.0,0.0,0.0
2010-07-27 00:00:00+09:00,80.79951477050781,82.85373972230039,79.77240229461152,80.79951477050781,58138,0.0,0.0,0.0
2010-07-28 00:00:00+09:00,81.48426177061678,81.48426177061678,79.43003668396258,79.77240753173828,28878,0.0,0.0,0.0
2010-07-29 00:00:00+09:00,81.8266326183925,83.538486857271,79.43003668396258,79.77240753173828,124848,0.0,0.0,0.0
2010-07-30 00:00:00+09:00,79.77240517657735,81.82663020258364,77.71818015057107,78.74529266357422,169984,0.0,0.0,0.0
2010-08-02 00:00:00+09:00,79.43003612001911,80.79951950139875,77.71818189329456,78.40292358398438,99954,0.0,0.0,0.0
2010-08-03 00:00:00+09:00,78.40292535748398,79.08766706366288,77.71818365130508,78.06055450439453,164842,0.0,0.0,0.0
2010-08-04 00:00:00+09:00,78.06054862270271,78.74529027728782,76.69106531353249,77.71817779541016,101472,0.0,0.0,0.0
2010-08-05 00:00:00+09:00,76.69106531353249,79.08766110458038,76.69106531353249,77.71817779541016,54552,0.0,0.0,0.0
2010-08-06 00:00:00+09:00,78.74529205592333,78.74529205592333,76.34869621074304,77.37580871582031,84482,0.0,0.0,0.0
2010-08-09 00:00:00+09:00,77.37580931290336,82.51137187791907,77.37580931290336,78.74529266357422,118526,0.0,0.0,0.0
2010-08-10 00:00:00+09:00,79.43003791675233,80.45715047602067,76.69107109203672,78.06055450439453,46406,0.0,0.0,0.0
2010-08-11 00:00:00+09:00,78.74529091310707,82.16899921367694,77.37580759287913,79.08766174316406,98966,0.0,0.0,0.0
2010-08-12 00:00:00+09:00,78.40292588595686,80.11478016294282,78.40292588595686,79.43003845214844,29010,0.0,0.0,0.0
2010-08-13 00:00:00+09:00,80.45714394520905,80.79951477050781,78.40291899341648,80.79951477050781,111980,0.0,0.0,0.0
2010-08-16 00:00:00+09:00,86.27745173527643,86.27745173527643,80.11477661132812,80.11477661132812,414180,0.0,0.0,0.0
2010-08-17 00:00:00+09:00,79.08766064401401,81.8266272464041,79.08766064401401,80.79951477050781,125034,0.0,0.0,0.0
2010-08-18 00:00:00+09:00,82.85373966456339,92.7824935913086,81.48425636432268,92.7824935913086,3606104,0.0,0.0,0.0
2010-08-19 00:00:00+09:00,89.35878103242504,102.02650094889908,88.67403941531833,95.17908477783203,3063994,0.0,0.0,0.0
2010-08-20 00:00:00+09:00,95.17909737520439,95.17909737520439,88.33168029785156,88.33168029785156,553340,0.0,0.0,0.0
2010-08-23 00:00:00+09:00,90.04353043035411,100.6570264126392,89.70115959221589,96.54857635498047,1699918,0.0,0.0,0.0
2010-08-24 00:00:00+09:00,97.23332159859793,101.68414265768868,90.38590458461216,95.86383819580078,1120334,0.0,0.0,0.0
2010-08-25 00:00:00+09:00,94.1519810603215,96.89094778207631,86.96219341571513,89.01641845703125,550274,0.0,0.0,0.0
2010-08-26 00:00:00+09:00,89.01641365111344,89.3587844728485,85.59270543376293,86.96218872070312,394170,0.0,0.0,0.0
2010-08-27 00:00:00+09:00,91.7553845643997,99.97228467464446,86.96219283342361,87.64693450927734,3214034,0.0,0.0,0.0
2010-08-30 00:00:00+09:00,89.3587892972506,90.38590181790865,84.90796837439903,89.01641845703125,679470,0.0,0.0,0.0
2010-08-31 00:00:00+09:00,91.07064819335938,93.124873340578,88.3316813304012,91.07064819335938,872748,0.0,0.0,0.0
2010-09-01 00:00:00+09:00,90.38590124194064,96.89094716465607,89.01641788979003,92.0977554321289,884576,0.0,0.0,0.0
2010-09-02 00:00:00+09:00,92.44012323044639,94.15197736434354,87.64693165553436,89.70115661621094,391432,0.0,0.0,0.0
2010-09-03 00:00:00+09:00,89.70115529458354,91.41300940325881,86.61981789896808,86.96218872070312,283378,0.0,0.0,0.0
2010-09-06 00:00:00+09:00,86.96219046973428,87.64693212697628,84.22322384076627,86.61981964111328,403748,0.0,0.0,0.0
2010-09-07 00:00:00+09:00,85.93507625549798,87.98930118590829,85.59270543376293,86.96218872070312,272008,0.0,0.0,0.0
2010-09-08 00:00:00+09:00,86.27745173527643,90.72827265812799,86.27745173527643,89.01641845703125,383796,0.0,0.0,0.0
2010-09-09 00:00:00+09:00,89.01641365111344,91.07063858152375,86.61981789896808,86.96218872070312,211110,0.0,0.0,0.0
2010-09-10 00:00:00+09:00,85.93508432077806,88.33168029785156,85.25034261304279,88.33168029785156,193468,0.0,0.0,0.0
2010-09-13 00:00:00+09:00,88.33167200764333,90.0435261163186,86.61981789896808,86.96218872070312,71120,0.0,0.0,0.0
2010-09-14 00:00:00+09:00,86.9621898237481,88.33167312805911,84.22322321512613,85.25033569335938,204628,0.0,0.0,0.0
2010-09-15 00:00:00+09:00,85.25033805483862,87.98930473933143,85.25033805483862,86.27745056152344,172308,0.0,0.0,0.0
2010-09-16 00:00:00+09:00,86.2774500353583,91.41301253746296,86.2774500353583,89.3587875366211,452512,0.0,0.0,0.0
2010-09-17 00:00:00+09:00,90.7282744595443,90.7282744595443,86.96219514235565,88.6740493774414,191530,0.0,0.0,0.0
2010-09-20 00:00:00+09:00,97.23331679740963,97.57568763120332,93.46723762567898,93.80960845947266,754626,0.0,0.0,0.0
2010-09-24 00:00:00+09:00,93.80960154361863,96.54856801204545,90.38589345808509,95.17908477783203,518672,0.0,0.0,0.0
2010-09-27 00:00:00+09:00,95.17909250761332,104.76547592564633,95.17909250761332,104.08073425292969,2192164,0.0,0.0,0.0
2010-09-28 00:00:00+09:00,104.7654747824067,107.84681227600689,103.05362061929547,105.79258728027344,1986346,0.0,0.0,0.0
2010-09-29 00:00:00+09:00,104.4231095919299,118.11794363677316,102.02651363408232,110.58578491210938,3892772,0.0,0.0,0.0
2010-09-30 00:00:00+09:00,112.29763737431279,114.00949160257974,103.05362454167118,110.92815399169922,1647274,0.0,0.0,0.0
2010-10-01 00:00:00+09:00,111.2705178377105,119.14504679237925,107.50443877243416,112.2976303100586,2248988,0.0,0.0,0.0
2010-10-04 00:00:00+09:00,103.05362454167118,112.64000821996618,103.05362454167118,110.92815399169922,1103352,0.0,0.0,0.0
2010-10-05 00:00:00+09:00,109.55866228070175,122.56875342653508,109.21629146107455,117.0908203125,2526816,0.0,0.0,0.0
2010-10-06 00:00:00+09:00,117.09082031249999,121.5416409676535,114.00948293585526,117.0908203125,1214658,0.0,0.0,0.0
2010-10-07 00:00:00+09:00,119.82979130100559,133.1822537602605,116.40608297811971,126.67720794677734,2817742,0.0,0.0,0.0
2010-10-08 00:00:00+09:00,130.10092228892034,130.10092228892034,120.85690938944443,127.01958465576172,1189756,0.0,0.0,0.0
2010-10-11 00:00:00+09:00,128.73143592247595,135.9212235670823,123.93824415940504,133.52462768554688,1545552,0.0,0.0,0.0
2010-10-12 00:00:00+09:00,134.20936473010468,145.16523123868467,133.52462307331845,135.9212188720703,1097896,0.0,0.0,0.0
2010-10-13 00:00:00+09:00,135.92121711008542,155.43635407551332,129.75854227889766,148.24656677246094,1280052,0.0,0.0,0.0
2010-10-14 00:00:00+09:00,148.58894354778786,165.02274375583815,148.24657271012015,157.49058532714844,1967524,0.0,0.0,0.0
2010-10-15 00:00:00+09:00,161.59904336734692,180.7718112244898,144.13812978316327,167.76171875,1988214,0.0,0.0,0.0
2010-10-18 00:00:00+09:00,168.44645338792066,178.0328369140625,162.28377826397235,178.0328369140625,1435068,0.0,0.0,0.0
2010-10-19 00:00:00+09:00,181.45654531625598,190.70055800217847,174.609128511869,178.0328369140625,1423516,0.0,0.0,0.0
2010-10-20 00:00:00+09:00,171.18541502849365,177.69046079957639,153.0397610354733,158.17532348632812,1327372,0.0,0.0,0.0
2010-10-21 00:00:00+09:00,155.43636730261017,161.59904265822024,148.58895024082116,156.12110900878906,2353256,0.0,0.0,0.0
2010-10-22 00:00:00+09:00,159.20245076789232,167.76172231455317,149.95843749749855,167.0769805908203,1498464,0.0,0.0,0.0
2010-10-25 00:00:00+09:00,174.60912531072444,192.0700378417969,170.5006753034133,192.07003784179688,2854468,0.0,0.0,0.0
2010-10-26 00:00:00+09:00,192.41241322598717,220.82919311523438,191.04292985783067,220.82919311523438,3275748,0.0,0.0,0.0
2010-10-27 00:00:00+09:00,228.70370721972338,245.82224817928352,202.68352496119198,210.21568298339844,5096570,0.0,0.0,0.0
2010-10-28 00:00:00+09:00,210.21568976988536,241.71380615234372,195.8361148996326,241.71380615234375,6489736,0.0,0.0,0.0
2010-10-29 00:00:00+09:00,246.16463780299026,258.489988235407,229.38846638108967,235.20877075195312,4262356,0.0,0.0,0.0
2010-11-01 00:00:00+09:00,235.55113673170604,237.94773259961585,199.94456955133188,206.44961547851562,3181678,0.0,0.0,0.0
2010-11-02 00:00:00+09:00,205.08012095668857,205.42249177631578,175.63623046875,175.63623046875,4947340,0.0,0.0,0.0
2010-11-03 00:00:00+09:00,174.60911648614066,184.19549935204643,149.61604687145777,153.3821258544922,7274632,0.0,0.0,0.0
2010-11-04 00:00:00+09:00,156.12110900878906,160.91430095204134,145.16524170992665,156.12110900878906,4274550,0.0,0.0,0.0
2010-11-05 00:00:00+09:00,154.7516092734762,156.80583417533649,137.29069760766362,138.31781005859375,3337888,0.0,0.0,0.0
2010-11-08 00:00:00+09:00,139.687294921875,145.84996969784007,137.97544081744024,145.50759887695312,2103118,0.0,0.0,0.0
2010-11-09 00:00:00+09:00,144.48048974013912,146.19234388397962,136.26358984970466,140.37203979492188,1763540,0.0,0.0,0.0
2010-11-10 00:00:00+09:00,141.39915363639247,148.58894110942938,137.9754453158987,147.56182861328125,2071332,0.0,0.0,0.0
2010-11-11 00:00:00+09:00,145.50760222644342,149.61605217166064,140.0296689661538,140.37203979492188,1229712,0.0,0.0,0.0
2010-11-12 00:00:00+09:00,143.11099968255346,145.84996618365494,119.48741361055299,131.12802124023438,2020788,0.0,0.0,0.0
2010-11-15 00:00:00+09:00,131.12802745755863,134.55173574626775,116.40608181610949,123.93824005126953,1122278,0.0,0.0,0.0
2010-11-16 00:00:00+09:00,123.25349685993599,133.524621598264,117.0908220169392,128.73143005371094,2485664,0.0,0.0,0.0
2010-11-17 00:00:00+09:00,128.73143161680642,141.0567814524581,123.59586918528488,140.37203979492188,3176422,0.0,0.0,0.0
2010-11-18 00:00:00+09:00,142.42627520893893,153.03977167883585,140.71442093960073,147.21946716308594,3374638,0.0,0.0,0.0
2010-11-19 00:00:00+09:00,147.21945885018633,148.2465713537923,141.39915466308594,141.39915466308594,884386,0.0,0.0,0.0
2010-11-22 00:00:00+09:00,142.42626708984375,146.1923462677002,134.89410873413087,136.94833374023438,1011318,0.0,0.0,0.0
2010-11-23 00:00:00+09:00,138.31781482231327,142.7686355962986,132.49751073325555,140.37203979492188,1038458,0.0,0.0,0.0
2010-11-24 00:00:00+09:00,124.62297612970525,141.39914599331942,123.93823450261895,135.57884216308594,1513960,0.0,0.0,0.0
2010-11-25 00:00:00+09:00,137.29070464866214,144.4804921739038,137.29070464866214,141.39915466308594,1169464,0.0,0.0,0.0
2010-11-26 00:00:00+09:00,142.426270799513,152.01265441101867,131.81277465820312,131.81277465820312,3464036,0.0,0.0,0.0
2010-11-29 00:00:00+09:00,127.3619501425619,133.52462514946004,123.59587097167969,123.59587097167969,831530,0.0,0.0,0.0
2010-11-30 00:00:00+09:00,126.67721027798122,126.67721027798122,119.14505182902018,123.25350189208984,832726,0.0,0.0,0.0
2010-12-01 00:00:00+09:00,123.25350074245505,127.36195076720355,121.1992757300808,124.9653549194336,448190,0.0,0.0,0.0
2010-12-02 00:00:00+09:00,125.65010136865371,128.04669730756535,121.88402203607826,122.56876373291016,634614,0.0,0.0,0.0
2010-12-03 00:00:00+09:00,123.25350554093072,123.93824723838033,117.7755719613338,118.1179428100586,509360,0.0,0.0,0.0
2010-12-06 00:00:00+09:00,120.85689786846719,125.65008928534691,112.63999829667338,121.8840103149414,1418390,0.0,0.0,0.0
2010-12-07 00:00:00+09:00,123.25350133384147,128.73143472645665,121.88401798568768,126.3348388671875,1086270,0.0,0.0,0.0
2010-12-08 00:00:00+09:00,125.3077251402625,126.3348376414122,120.85690430194717,123.59587097167969,460076,0.0,0.0,0.0
2010-12-09 00:00:00+09:00,124.9653549194336,124.9653549194336,119.82979238849796,124.9653549194336,556306,0.0,0.0,0.0
2010-12-10 00:00:00+09:00,124.96536148028548,125.30773233365613,120.51454038646709,122.22639465332031,253110,0.0,0.0,0.0
2010-12-13 00:00:00+09:00,119.8297871334452,122.91112451687664,119.48741631306392,121.54164123535156,198150,0.0,0.0,0.0
2010-12-14 00:00:00+09:00,122.22638755009092,123.5958708839855,119.14505004882812,119.14505004882812,233524,0.0,0.0,0.0
2010-12-15 00:00:00+09:00,118.46031434195382,120.17216859545026,114.00949328286306,115.03660583496094,442542,0.0,0.0,0.0
2010-12-16 00:00:00+09:00,115.3789648638514,119.48741465128823,114.35185241699217,114.35185241699219,304326,0.0,0.0,0.0
2010-12-17 00:00:00+09:00,116.06371483435997,123.25350247896634,113.66711895282451,120.17216491699219,650380,0.0,0.0,0.0
2010-12-20 00:00:00+09:00,118.11793931325276,125.99246860080295,113.66711841159396,123.25350189208984,1211036,0.0,0.0,0.0
2010-12-21 00:00:00+09:00,123.25350532634559,128.04669720014792,123.25350532634559,127.01958465576172,700612,0.0,0.0,0.0
2010-12-22 00:00:00+09:00,127.36194801330566,134.89410622914633,125.65009387334189,131.47039794921875,1713168,0.0,0.0,0.0
2010-12-23 00:00:00+09:00,133.52462648721266,133.52462648721266,127.36195141857209,130.78565979003906,729022,0.0,0.0,0.0
2010-12-24 00:00:00+09:00,131.8127766401408,131.8127766401408,122.22639288449422,122.56876373291016,592580,0.0,0.0,0.0
2010-12-27 00:00:00+09:00,123.25349665870351,125.30772160301524,117.77556347387225,124.28060913085938,411116,0.0,0.0,0.0
2010-12-28 00:00:00+09:00,122.56875194592423,125.65008928534691,119.14504379101015,121.8840103149414,393140,0.0,0.0,0.0
2010-12-29 00:00:00+09:00,371.95648743934237,407.6811218261719,363.55069111302953,407.6811218261719,1355092,600.00006,0.0,0.0
2010-12-30 00:00:00+09:00,407.68113067626956,445.5072149658203,394.0217113494873,420.2898254394531,2140734,0.0,0.0,0.0
2011-01-03 00:00:00+09:00,421.34054176624005,440.25358354128326,399.275326362023,437.1014099121094,1222324,0.0,0.0,0.0
2011-01-04 00:00:00+09:00,437.1014012970993,451.81154460998243,427.64488059596016,439.2028503417969,1454182,0.0,0.0,0.0
2011-01-05 00:00:00+09:00,432.89850802321996,473.8767648506607,412.9347418765181,452.8622741699219,2334732,0.0,0.0,0.0
2011-01-06 00:00:00+09:00,465.47096857836516,465.47096857836516,436.0506816253308,452.8622741699219,968378,0.0,0.0,0.0
2011-01-07 00:00:00+09:00,459.16662165672267,469.6738670035584,442.3550291017854,460.21734619140625,1601396,0.0,0.0,0.0
2011-01-10 00:00:00+09:00,453.91301185344827,466.5217066271552,441.3043170797414,457.065185546875,640952,0.0,0.0,0.0
2011-01-11 00:00:00+09:00,458.11590121956755,459.16662576364917,445.50720669058865,451.8115539550781,593618,0.0,0.0,0.0
2011-01-12 00:00:00+09:00,456.0144571764716,518.0072059631348,446.5579361751162,487.53619384765625,2758590,0.0,0.0,0.0
2011-01-13 00:00:00+09:00,482.2825752377245,494.8912700151813,464.4202576363273,471.77532958984375,805472,0.0,0.0,0.0
2011-01-14 00:00:00+09:00,470.72459032012193,479.13038657583843,420.2898127858232,430.79705810546875,1161188,0.0,0.0,0.0
2011-01-17 00:00:00+09:00,421.3405451724404,425.5434433786493,390.869533177426,399.27532958984375,1246844,0.0,0.0,0.0
2011-01-18 00:00:00+09:00,391.9202577289782,407.6811260022615,389.81880862587377,399.27532958984375,525412,0.0,0.0,0.0
2011-01-19 00:00:00+09:00,401.3767604518581,401.3767604518581,384.56516839104734,388.76806640625,386474,0.0,0.0,0.0
2011-01-20 00:00:00+09:00,387.7173469882099,403.47821475195826,383.51444891787696,402.427490234375,412998,0.0,0.0,0.0
2011-01-21 00:00:00+09:00,395.0724356046287,402.4275075440766,386.66663910240254,390.8695373535156,365666,0.0,0.0,0.0
2011-01-24 00:00:00+09:00,384.56517658603485,395.0724218479484,379.3115539550781,379.3115539550781,312610,0.0,0.0,0.0
2011-01-25 00:00:00+09:00,379.3115580183251,384.5651807055595,359.3477918068343,370.90576171875,490854,0.0,0.0,0.0
2011-01-26 00:00:00+09:00,370.905774797712,370.905774797712,360.3985290527344,367.75360107421875,276030,0.0,0.0,0.0
2011-01-27 00:00:00+09:00,363.550685387867,371.9564815818061,361.4492363393822,364.6014099121094,261478,0.0,0.0,0.0
2011-01-28 00:00:00+09:00,363.55067575938665,369.8550227378731,350.9419818024137,351.9927062988281,426428,0.0,0.0,0.0
2011-01-31 00:00:00+09:00,344.6376519739275,366.7028674966485,343.5869274252265,355.1448974609375,164718,0.0,0.0,0.0
2011-02-01 00:00:00+09:00,359.34778347821305,379.3115492270027,351.9927118865537,373.0072021484375,300262,0.0,0.0,0.0
2011-02-07 00:00:00+09:00,375.1086558503127,387.71735016460894,368.8043086931646,379.3115539550781,398982,0.0,0.0,0.0
2011-02-08 00:00:00+09:00,376.15938037650403,386.6666256384176,370.9057577455473,379.3115539550781,128772,0.0,0.0,0.0
2011-02-09 00:00:00+09:00,385.61589187450625,385.61589187450625,373.0071978622608,374.05792236328125,74420,0.0,0.0,0.0
2011-02-10 00:00:00+09:00,382.46374050406524,382.46374050406524,361.4492492675781,361.4492492675781,206598,0.0,0.0,0.0
2011-02-11 00:00:00+09:00,371.9564812155331,371.9564812155331,350.9419907513787,357.246337890625,316212,0.0,0.0,0.0
2011-02-14 00:00:00+09:00,366.70285964078187,383.5144520598435,357.2463389050597,379.3115539550781,304288,0.0,0.0,0.0
2011-02-15 00:00:00+09:00,379.31155521029984,427.6448835750472,371.95648350262087,408.7318420410156,1687914,0.0,0.0,0.0
2011-02-16 00:00:00+09:00,409.78257980346683,429.74634651184084,409.78257980346683,420.2898254394531,802430,0.0,0.0,0.0
2011-02-17 00:00:00+09:00,409.7825762547484,482.2825705152039,409.7825762547484,458.11590576171875,2485618,0.0,0.0,0.0
2011-02-18 00:00:00+09:00,489.6376296333645,526.4129880822223,469.6738636182702,483.3332824707031,2860490,0.0,0.0,0.0
2011-02-21 00:00:00+09:00,469.67385232107983,475.97819933210104,427.6448722476051,441.3042907714844,1668806,0.0,0.0,0.0
2011-02-22 00:00:00+09:00,446.5579347562064,446.5579347562064,405.5796772138722,413.9854736328125,938166,0.0,0.0,0.0
2011-02-23 00:00:00+09:00,420.2898105511865,475.97821044921875,409.78256528740684,475.97821044921875,1150424,0.0,0.0,0.0
2011-02-24 00:00:00+09:00,483.3332944383808,534.8187975415997,428.69561767578125,428.69561767578125,2557406,0.0,0.0,0.0
2011-02-25 00:00:00+09:00,416.08692370688135,473.876774221726,401.37677993946636,465.4709777832031,973260,0.0,0.0,0.0
2011-02-28 00:00:00+09:00,471.77530682499906,479.13037842360706,451.8115410573488,454.9637145996094,511946,0.0,0.0,0.0
2011-03-02 00:00:00+09:00,454.9637361977987,468.62315552937235,387.71736410389775,434.9999694824219,550230,0.0,0.0,0.0
2011-03-03 00:00:00+09:00,432.89852056393676,457.065185546875,423.4419994836566,457.065185546875,350100,0.0,0.0,0.0
2011-03-04 00:00:00+09:00,459.16663017361867,466.52170205283,441.304312752677,450.7608337402344,398718,0.0,0.0,0.0
2011-03-07 00:00:00+09:00,447.60866439676727,464.42025742575385,428.6956222391574,449.7101135253906,313086,0.0,0.0,0.0
2011-03-08 00:00:00+09:00,456.0144471824884,456.0144471824884,437.1014055942746,438.1521301269531,311282,0.0,0.0,0.0
2011-03-09 00:00:00+09:00,438.1521394856771,472.8260498046875,438.1521394856771,472.8260498046875,900384,0.0,0.0,0.0
2011-03-10 00:00:00+09:00,481.23183273520704,491.73907799143427,462.31879127399804,468.6231384277344,1192172,0.0,0.0,0.0
2011-03-11 00:00:00+09:00,479.1303975293591,499.0941640930824,464.42025374556295,494.8912658691406,1050444,0.0,0.0,0.0
2011-03-14 00:00:00+09:00,496.9927278370791,566.3405503259738,484.3840328390982,528.5144653320312,4198596,0.0,0.0,0.0
2011-03-15 00:00:00+09:00,532.7173174077815,572.6448481010668,468.6231234001391,554.7825317382812,4048818,0.0,0.0,0.0
2011-03-16 00:00:00+09:00,554.7825482536765,571.594140625,511.7028428021599,535.8695068359375,1569044,0.0,0.0,0.0
2011-03-17 00:00:00+09:00,508.55069825189486,535.8695374141868,504.34779991923455,528.5144653320312,821144,0.0,0.0,0.0
2011-03-18 00:00:00+09:00,528.5144692474942,556.884033203125,504.3478036556604,556.884033203125,1118320,0.0,0.0,0.0
2011-03-21 00:00:00+09:00,569.4926973765566,595.7608107241838,562.137625639221,564.2390747070312,1709524,0.0,0.0,0.0
2011-03-22 00:00:00+09:00,567.3912611741287,570.5434348473182,535.8695244422325,546.3767700195312,808050,0.0,0.0,0.0
2011-03-23 00:00:00+09:00,546.3767697782856,556.8840153509449,524.311554075701,531.6666259765625,734092,0.0,0.0,0.0
2011-03-24 00:00:00+09:00,529.5651677552505,543.2245867648105,511.7028505889027,519.0579223632812,492236,0.0,0.0,0.0
2011-03-25 00:00:00+09:00,525.3622547141524,525.3622547141524,492.789794921875,492.789794921875,941046,0.0,0.0,0.0
2011-03-28 00:00:00+09:00,499.0941728864397,549.5289524623325,496.9927237374442,544.2753295898438,1431962,0.0,0.0,0.0
2011-03-29 00:00:00+09:00,550.5796684808053,577.8985069932115,535.8695246664325,561.0869140625,966578,0.0,0.0,0.0
2011-03-30 00:00:00+09:00,563.1883809880693,563.1883809880693,526.4130202892214,542.1738891601562,929878,0.0,0.0,0.0
2011-03-31 00:00:00+09:00,531.666638962766,553.7318552043037,520.1086685505319,543.224609375,616452,0.0,0.0,0.0
2011-04-01 00:00:00+09:00,554.782529296875,554.782529296875,525.3622436523438,525.3622436523438,413230,0.0,0.0,0.0
2011-04-04 00:00:00+09:00,527.4637363978794,595.7608337402344,523.2608380998884,573.6956176757812,1710942,0.0,0.0,0.0
2011-04-05 00:00:00+09:00,577.8985159737723,588.40576171875,551.6304016113281,588.40576171875,992136,0.0,0.0,0.0
2011-04-06 00:00:00+09:00,587.3550371442522,597.8622828892298,558.9854736328125,588.40576171875,1028858,0.0,0.0,0.0
2011-04-07 00:00:00+09:00,585.253549585862,639.8912238739497,585.253549585862,597.8622436523438,1584348,0.0,0.0,0.0
2011-04-08 00:00:00+09:00,601.0144231399433,629.3839850713742,586.3042799162384,626.2318115234375,695334,0.0,0.0,0.0
2011-04-11 00:00:00+09:00,626.2318464006696,635.6883675711496,588.40576171875,588.40576171875,581362,0.0,0.0,0.0
2011-04-12 00:00:00+09:00,576.8477744244515,606.2680616446421,573.6956007937168,592.608642578125,431872,0.0,0.0,0.0
2011-04-13 00:00:00+09:00,588.405744403812,603.1158880139074,563.1883553579344,592.608642578125,323682,0.0,0.0,0.0
2011-04-14 00:00:00+09:00,590.5071880546584,597.862259791994,564.2390747070312,564.2390747070312,474536,0.0,0.0,0.0
2011-04-15 00:00:00+09:00,573.6955748633515,592.6086157929125,568.4419523829179,584.2028198242188,429908,0.0,0.0,0.0
2011-04-18 00:00:00+09:00,589.4564775894545,607.3187950921653,573.6956092047097,590.5072021484375,405436,0.0,0.0,0.0
2011-04-19 00:00:00+09:00,584.202863420759,590.5072108677455,575.7970668247767,588.40576171875,288580,0.0,0.0,0.0
2011-04-20 00:00:00+09:00,582.101396706321,605.2173366477273,576.8477739923651,577.8984985351562,332712,0.0,0.0,0.0
2011-04-21 00:00:00+09:00,577.898483127064,585.2535547304993,529.5651554473459,536.9202270507812,706912,0.0,0.0,0.0
2011-04-22 00:00:00+09:00,536.9202438166112,556.8840102207514,510.6521301269531,510.6521301269531,365926,0.0,0.0,0.0
2011-04-25 00:00:00+09:00,499.0941606329743,542.1738671297152,499.0941606329743,532.7173461914062,281270,0.0,0.0,0.0
2011-04-26 00:00:00+09:00,546.3767700195312,549.5289436927209,498.04344036395736,546.3767700195312,312246,0.0,0.0,0.0
2011-04-27 00:00:00+09:00,534.8187992685848,535.8695238251047,506.44923624254994,509.6014099121094,232870,0.0,0.0,0.0
2011-04-28 00:00:00+09:00,516.9564906529017,520.108664376395,494.89127458844865,514.8550415039062,329154,0.0,0.0,0.0
2011-04-29 00:00:00+09:00,506.4492140056706,512.7535610679819,483.33327477719604,500.1448669433594,144112,0.0,0.0,0.0
2011-05-02 00:00:00+09:00,490.6883463498925,541.1231228483825,490.6883463498925,500.1448669433594,191070,0.0,0.0,0.0
2011-05-03 00:00:00+09:00,512.7535748804864,524.3115448060711,493.840533184075,511.7028503417969,266652,0.0,0.0,0.0
2011-05-04 00:00:00+09:00,521.1593414733034,562.1375961455994,520.1086169945265,526.4129638671875,376924,0.0,0.0,0.0
2011-05-06 00:00:00+09:00,537.97096021611,560.036175381224,531.6666130260775,534.8187866210938,143484,0.0,0.0,0.0
2011-05-09 00:00:00+09:00,543.2245777499292,552.6810984457693,521.1593627929688,521.1593627929688,106878,0.0,0.0,0.0
2011-05-11 00:00:00+09:00,521.1593932498757,532.7173636646916,511.70287200139006,528.5144653320312,53486,0.0,0.0,0.0
2011-05-12 00:00:00+09:00,546.3767742496906,546.3767742496906,527.4637320641243,530.6159057617188,126388,0.0,0.0,0.0
2011-05-13 00:00:00+09:00,544.2753010639392,544.2753010639392,485.43472797594575,499.0941467285156,133842,0.0,0.0,0.0
2011-05-16 00:00:00+09:00,518.0071967783916,519.0579213154674,481.231837980737,489.63763427734375,169974,0.0,0.0,0.0
2011-05-17 00:00:00+09:00,490.6883670987717,498.0434389824792,461.2680795639417,465.4709777832031,145362,0.0,0.0,0.0
2011-05-18 00:00:00+09:00,466.52168468128554,481.2318278919567,443.40574535023086,462.31878662109375,112676,0.0,0.0,0.0
2011-05-19 00:00:00+09:00,466.521706237793,471.77532905578613,418.18837631225585,420.2898254394531,175542,0.0,0.0,0.0
2011-05-20 00:00:00+09:00,419.23910102291387,458.11590988970033,419.23910102291387,434.9999694824219,128320,0.0,0.0,0.0
2011-05-23 00:00:00+09:00,438.1521475655692,438.1521475655692,399.2753383091518,411.884033203125,150174,0.0,0.0,0.0
2011-05-24 00:00:00+09:00,406.63041033063615,436.05069841657365,403.47823660714283,411.884033203125,49536,0.0,0.0,0.0
2011-05-25 00:00:00+09:00,411.8840194946942,419.2390912713852,388.768079625094,392.9709777832031,218858,0.0,0.0,0.0
2011-05-26 00:00:00+09:00,394.021693696367,402.4274898285562,370.9057543328468,395.0724182128906,232318,0.0,0.0,0.0
2011-05-27 00:00:00+09:00,397.17387190414354,401.37677001953125,384.56517755798023,401.37677001953125,92218,0.0,0.0,0.0
2011-05-30 00:00:00+09:00,400.3260364481878,402.4274854584145,391.92024040728097,396.1231384277344,90758,0.0,0.0,0.0
2011-05-31 00:00:00+09:00,385.615906688835,415.03619384765625,385.615906688835,415.03619384765625,89882,0.0,0.0,0.0
2011-06-01 00:00:00+09:00,415.03618096586445,430.79704859747955,404.52893587812105,418.1883544921875,131138,0.0,0.0,0.0
2011-06-02 00:00:00+09:00,408.73184234927396,416.0869140625,395.0724234532828,416.0869140625,115382,0.0,0.0,0.0
2011-06-03 00:00:00+09:00,403.47821907722516,411.8840153080007,396.1231473752966,401.37677001953125,88604,0.0,0.0,0.0
2011-06-07 00:00:00+09:00,391.9202662876674,402.42751203264504,387.7173679896763,397.17388916015625,39908,0.0,0.0,0.0
2011-06-08 00:00:00+09:00,395.07243543230624,400.326058243906,374.05794418590693,376.1593933105469,134306,0.0,0.0,0.0
2011-06-09 00:00:00+09:00,377.21012224469865,384.565194266183,371.9564993722098,382.4637451171875,34234,0.0,0.0,0.0
2011-06-10 00:00:00+09:00,383.5144481297108,392.9709687685256,378.2608255525915,387.71734619140625,63334,0.0,0.0,0.0
2011-06-13 00:00:00+09:00,384.5651668340907,389.8187893318242,366.7028503417969,366.7028503417969,51140,0.0,0.0,0.0
2011-06-14 00:00:00+09:00,367.7535799985433,380.3622741699219,367.7535799985433,380.3622741699219,39070,0.0,0.0,0.0
2011-06-15 00:00:00+09:00,387.7173679896763,391.9202662876674,367.75360107421875,382.4637451171875,74526,0.0,0.0,0.0
2011-06-16 00:00:00+09:00,381.41300266071903,386.6666252868997,368.8043083578853,371.95648193359375,57374,0.0,0.0,0.0
2011-06-17 00:00:00+09:00,374.0579391433393,378.2608373359611,346.7391008912977,347.7898254394531,65608,0.0,0.0,0.0
2011-06-20 00:00:00+09:00,353.0434483635355,358.2970711070405,338.33330468172153,355.1448974609375,99180,0.0,0.0,0.0
2011-06-21 00:00:00+09:00,356.19563075474326,357.24635532924106,343.58693586077004,353.04345703125,27866,0.0,0.0,0.0
2011-06-22 00:00:00+09:00,356.19560371957175,356.19560371957175,338.33328730885574,344.63763427734375,51792,0.0,0.0,0.0
2011-06-23 00:00:00+09:00,345.688372048987,355.1448928649167,345.688372048987,348.8405456542969,35820,0.0,0.0,0.0
2011-06-24 00:00:00+09:00,349.89126202088295,360.3985071266152,340.434741425724,358.29705810546875,28980,0.0,0.0,0.0
2011-06-27 00:00:00+09:00,358.29706343125105,384.56517658603485,358.29706343125105,379.3115539550781,88340,0.0,0.0,0.0
2011-06-28 00:00:00+09:00,383.514456431071,397.1738754272461,378.2608337402344,378.2608337402344,54348,0.0,0.0,0.0
2011-06-29 00:00:00+09:00,388.7680791219076,389.8188036600749,370.9057619730632,378.2608337402344,43712,0.0,0.0,0.0
2011-06-30 00:00:00+09:00,379.3115582784017,379.3115582784017,371.9564865112305,378.2608337402344,32206,0.0,0.0,0.0
2011-07-01 00:00:00+09:00,377.2101138526569,395.07243122172423,370.90576654592724,391.9202575683594,74994,0.0,0.0,0.0
2011-07-04 00:00:00+09:00,396.12314272941427,402.4274898285562,388.76807111374876,395.0724182128906,62740,0.0,0.0,0.0
2011-07-05 00:00:00+09:00,395.07243122172423,400.32605397733226,388.7680839149946,391.9202575683594,46704,0.0,0.0,0.0
2011-07-06 00:00:00+09:00,395.0724260800283,395.0724260800283,370.90576171875,370.90576171875,60888,0.0,0.0,0.0
2011-07-07 00:00:00+09:00,378.2608297596807,389.81879955789316,374.0579316512398,386.6666259765625,59814,0.0,0.0,0.0
2011-07-08 00:00:00+09:00,391.9202619162939,397.17388473018525,386.66663910240254,390.8695373535156,44326,0.0,0.0,0.0
2011-07-11 00:00:00+09:00,397.17387568918167,397.17387568918167,374.0579358342558,385.61590576171875,48426,0.0,0.0,0.0
2011-07-12 00:00:00+09:00,368.8043256487165,381.4130205426897,368.8043256487165,375.1086730957031,29610,0.0,0.0,0.0
2011-07-13 00:00:00+09:00,377.21010490269543,380.36227848126947,367.75358416697327,379.3115539550781,51684,0.0,0.0,0.0
2011-07-14 00:00:00+09:00,383.514456431071,383.514456431071,370.9057619730632,378.2608337402344,33204,0.0,0.0,0.0
2011-07-15 00:00:00+09:00,367.75359681198717,378.2608424351868,367.75359681198717,376.1593933105469,48536,0.0,0.0,0.0
2011-07-18 00:00:00+09:00,375.1086644249706,377.2101135253906,367.7535925735006,377.2101135253906,66782,0.0,0.0,0.0
2011-07-19 00:00:00+09:00,377.2101006270772,383.5144477127665,374.0579270842326,380.3622741699219,54988,0.0,0.0,0.0
2011-07-20 00:00:00+09:00,385.61589674132966,387.71734576989275,371.9564780556695,380.3622741699219,50964,0.0,0.0,0.0
2011-07-21 00:00:00+09:00,382.463723198485,382.463723198485,374.0579270842326,380.3622741699219,61264,0.0,0.0,0.0
2011-07-22 00:00:00+09:00,384.56516789207774,384.56516789207774,375.1086473701414,381.4129943847656,110420,0.0,0.0,0.0
2011-07-25 00:00:00+09:00,383.5144544276688,438.1521301269531,380.36228082963316,438.1521301269531,539764,0.0,0.0,0.0
2011-07-26 00:00:00+09:00,438.15211870881166,477.0289254047973,422.39125112935795,463.3695068359375,696424,0.0,0.0,0.0
2011-07-27 00:00:00+09:00,462.31880397971617,463.3695285342155,447.6086602167252,458.11590576171875,169762,0.0,0.0,0.0
2011-07-28 00:00:00+09:00,448.6593714096967,459.1666166417739,437.10140165441175,446.55792236328125,131408,0.0,0.0,0.0
2011-07-29 00:00:00+09:00,446.5579347562064,446.5579347562064,410.8332999757099,413.9854736328125,201062,0.0,0.0,0.0
2011-08-01 00:00:00+09:00,413.98547805786137,429.74634651184084,406.6304061126709,420.2898254394531,117294,0.0,0.0,0.0
2011-08-02 00:00:00+09:00,420.28980303908247,427.64487459226643,409.78255796310543,410.8332824707031,101580,0.0,0.0,0.0
2011-08-03 00:00:00+09:00,416.0869224146793,416.0869224146793,385.6159104196649,399.27532958984375,105594,0.0,0.0,0.0
2011-08-04 00:00:00+09:00,401.37677869294816,415.03619786312703,399.27532958984375,399.27532958984375,60406,0.0,0.0,0.0
2011-08-05 00:00:00+09:00,346.73909299998877,380.3622777757452,346.73909299998877,364.6014099121094,91628,0.0,0.0,0.0
2011-08-08 00:00:00+09:00,361.4492485434322,361.4492485434322,309.9637451171875,309.9637451171875,212278,0.0,0.0,0.0
2011-08-09 00:00:00+09:00,275.28981797472176,292.1014099121094,263.7318485177678,292.1014099121094,219326,0.0,0.0,0.0
2011-08-10 00:00:00+09:00,311.0144578700529,335.1811218261719,309.9637333502216,335.1811218261719,125762,0.0,0.0,0.0
2011-08-11 00:00:00+09:00,312.06518273850895,344.63764288966644,294.20286588142255,342.53619384765625,79164,0.0,0.0,0.0
2011-08-12 00:00:00+09:00,346.73908891349004,391.9202429234296,346.73908891349004,365.6521301269531,135516,0.0,0.0,0.0
2011-08-16 00:00:00+09:00,371.9564993722098,395.07244001116067,371.9564993722098,389.8188171386719,87062,0.0,0.0,0.0
2011-08-17 00:00:00+09:00,388.7680839149946,398.224604875089,376.15938930153527,391.9202575683594,96456,0.0,0.0,0.0
2011-08-18 00:00:00+09:00,394.02170650294573,394.02170650294573,376.15938914147887,384.565185546875,48392,0.0,0.0,0.0
2011-08-19 00:00:00+09:00,365.65214776862155,383.51446533203125,348.8405547677654,383.51446533203125,115082,0.0,0.0,0.0
2011-08-22 00:00:00+09:00,388.76807358685664,388.76807358685664,357.246337890625,357.246337890625,58590,0.0,0.0,0.0
2011-08-23 00:00:00+09:00,350.9420078822544,371.9564993722098,348.8405587332589,353.04345703125,44200,0.0,0.0,0.0
2011-08-24 00:00:00+09:00,369.8550272501871,369.8550272501871,342.5361900101165,350.9419860839844,40896,0.0,0.0,0.0
2011-08-25 00:00:00+09:00,360.3985071266152,378.26082380635995,325.7245982776989,358.29705810546875,98426,0.0,0.0,0.0
2011-08-26 00:00:00+09:00,357.24634690718216,369.85504150390625,337.282580462369,369.85504150390625,43776,0.0,0.0,0.0
2011-08-29 00:00:00+09:00,379.3115448683835,380.362269369404,368.804299858179,374.05792236328125,18226,0.0,0.0,0.0
2011-08-30 00:00:00+09:00,382.46371938344595,390.8695154138514,368.8043008340372,388.76806640625,112384,0.0,0.0,0.0
2011-08-31 00:00:00+09:00,378.2608342298212,395.0724268622577,378.2608342298212,392.9709777832031,39930,0.0,0.0,0.0
2011-09-01 00:00:00+09:00,384.5651693344116,403.47821044921875,384.5651693344116,403.47821044921875,60910,0.0,0.0,0.0
2011-09-02 00:00:00+09:00,407.6811260022615,407.6811260022615,384.5651858681127,399.27532958984375,16074,0.0,0.0,0.0
2011-09-05 00:00:00+09:00,379.31155046503596,403.47821434507983,379.31155046503596,395.0724182128906,24318,0.0,0.0,0.0
2011-09-06 00:00:00+09:00,388.76807111374876,395.0724182128906,362.49995820065766,395.0724182128906,43444,0.0,0.0,0.0
2011-09-07 00:00:00+09:00,395.0724268622577,403.47822317847596,382.46373238793035,392.9709777832031,47548,0.0,0.0,0.0
2011-09-08 00:00:00+09:00,392.97098647907217,397.17388473018525,381.41301628851124,390.8695373535156,39262,0.0,0.0,0.0
2011-09-09 00:00:00+09:00,390.8695417131696,390.8695417131696,354.09418160574774,382.4637451171875,58898,0.0,0.0,0.0
2011-09-14 00:00:00+09:00,381.412998253191,395.0724169234155,357.24633445202466,373.0072021484375,49758,0.0,0.0,0.0
2011-09-15 00:00:00+09:00,378.2608337402344,398.2245999654134,369.85503743489585,378.2608337402344,36602,0.0,0.0,0.0
2011-09-16 00:00:00+09:00,371.9564951439426,387.7173635822453,371.9564951439426,383.51446533203125,47542,0.0,0.0,0.0
2011-09-19 00:00:00+09:00,374.0579398747606,380.36228717602063,368.8043171237106,377.2101135253906,44912,0.0,0.0,0.0
2011-09-20 00:00:00+09:00,364.6014064556986,386.6666212556112,364.6014064556986,380.3622741699219,38014,0.0,0.0,0.0
2011-09-21 00:00:00+09:00,390.8695281982422,390.8695281982422,373.0072110493978,378.2608337402344,18762,0.0,0.0,0.0
2011-09-22 00:00:00+09:00,375.10865960093594,382.46373135781704,355.1448934036872,363.5506896972656,82090,0.0,0.0,0.0
2011-09-23 00:00:00+09:00,346.7390880470504,371.9564762686541,332.02894491778164,350.9419860839844,54152,0.0,0.0,0.0
2011-09-26 00:00:00+09:00,367.7535705566406,367.7535705566406,315.21734619140625,315.21734619140625,70066,0.0,0.0,0.0
2011-09-27 00:00:00+09:00,308.9130166330645,328.8767830141129,308.9130166330645,325.724609375,79726,0.0,0.0,0.0
2011-09-28 00:00:00+09:00,327.8260464449541,358.29705717220946,327.8260464449541,343.5869140625,39214,0.0,0.0,0.0
2011-09-29 00:00:00+09:00,343.5869227013221,349.891269906851,336.2318509615385,341.4854736328125,51658,0.0,0.0,0.0
2011-09-30 00:00:00+09:00,356.19560371957175,356.19560371957175,332.02894034036774,344.63763427734375,37176,0.0,0.0,0.0
2011-10-04 00:00:00+09:00,337.28257124263087,356.19561262072233,316.26808082252927,342.53619384765625,44760,0.0,0.0,0.0
2011-10-05 00:00:00+09:00,392.97096165899023,392.97096165899023,342.5361858310984,351.9927062988281,154336,0.0,0.0,0.0
2011-10-06 00:00:00+09:00,362.4999556855527,362.4999556855527,336.2318429547156,350.9419860839844,59904,0.0,0.0,0.0
2011-10-07 00:00:00+09:00,357.2463321685791,357.2463321685791,336.2318420410156,336.2318420410156,88632,0.0,0.0,0.0
2011-10-10 00:00:00+09:00,345.6883805691273,346.7391051301277,335.1811349591234,339.384033203125,100480,0.0,0.0,0.0
2011-10-11 00:00:00+09:00,343.58691358566284,345.6883625984192,336.2318420410156,336.2318420410156,113424,0.0,0.0,0.0
2011-10-12 00:00:00+09:00,334.13041030304345,344.6376559100574,332.0289611816406,332.0289611816406,156630,0.0,0.0,0.0
2011-10-13 00:00:00+09:00,332.0289568494923,340.43475322542884,330.97823230250026,333.0796813964844,73386,0.0,0.0,0.0
2011-10-14 00:00:00+09:00,330.97821950912476,336.2318420410156,326.77532148361206,336.2318420410156,54694,0.0,0.0,0.0
2011-10-17 00:00:00+09:00,342.53619384765625,342.53619384765625,333.07967315861055,342.53619384765625,53322,0.0,0.0,0.0
2011-10-18 00:00:00+09:00,342.5361981670673,342.5361981670673,334.1304018930289,341.4854736328125,40080,0.0,0.0,0.0
2011-10-19 00:00:00+09:00,353.0434435096154,353.0434435096154,330.97822829026444,341.4854736328125,82564,0.0,0.0,0.0
2011-10-20 00:00:00+09:00,344.63765160831406,344.63765160831406,335.18113068003714,340.43475341796875,60172,0.0,0.0,0.0
2011-10-21 00:00:00+09:00,344.63766043526783,353.04345703125,332.0289655412946,345.6883850097656,177374,0.0,0.0,0.0
2011-10-24 00:00:00+09:00,353.04343598464436,375.10865073368467,342.5361908660538,365.6521301269531,224558,0.0,0.0,0.0
2011-10-25 00:00:00+09:00,358.29706310552393,376.1593800345383,358.29706310552393,371.95648193359375,58752,0.0,0.0,0.0
2011-10-26 00:00:00+09:00,374.05793478636616,374.05793478636616,346.7390968525304,356.19561767578125,53932,0.0,0.0,0.0
2011-10-27 00:00:00+09:00,360.3985028183251,367.75357430441335,351.99270683422424,359.3477783203125,208926,0.0,0.0,0.0
2011-10-28 00:00:00+09:00,365.6521433049982,370.9057660536333,354.09417325800115,369.85504150390625,168902,0.0,0.0,0.0
2011-10-31 00:00:00+09:00,386.6666389337465,410.83330386710566,371.95649506126705,376.1593933105469,183824,0.0,0.0,0.0
2011-11-01 00:00:00+09:00,375.1086645908043,387.7173591988986,359.3477963306865,384.565185546875,139326,0.0,0.0,0.0
2011-11-02 00:00:00+09:00,367.7535883585612,382.46373189290364,367.7535883585612,378.2608337402344,33320,0.0,0.0,0.0
2011-11-03 00:00:00+09:00,388.76807070683014,392.9709687685256,374.057927490896,387.71734619140625,125630,0.0,0.0,0.0
2011-11-04 00:00:00+09:00,398.22459643299044,401.37677001953125,389.8188002022149,401.37677001953125,50434,0.0,0.0,0.0
2011-11-07 00:00:00+09:00,399.27531242370605,409.7825574874878,395.07241439819336,403.47821044921875,44694,0.0,0.0,0.0
2011-11-08 00:00:00+09:00,406.63038830470794,406.63038830470794,373.00720374204474,402.427490234375,35672,0.0,0.0,0.0
2011-11-09 00:00:00+09:00,402.4275075440766,405.57968123241136,370.90577066072854,390.8695373535156,110906,0.0,0.0,0.0
2011-11-10 00:00:00+09:00,390.8695281982422,390.8695281982422,369.85503743489585,378.2608337402344,80996,0.0,0.0,0.0
2011-11-11 00:00:00+09:00,364.60140234576767,383.51444338964035,364.60140234576767,381.4129943847656,21068,0.0,0.0,0.0
2011-11-14 00:00:00+09:00,376.15939339415667,392.97098639501286,376.15939339415667,383.51446533203125,71456,0.0,0.0,0.0
2011-11-15 00:00:00+09:00,382.4637278681216,392.9709731392239,382.4637278681216,386.6666259765625,117476,0.0,0.0,0.0
2011-11-16 00:00:00+09:00,401.3767693561056,401.3767693561056,381.4130033410114,386.6666259765625,381468,0.0,0.0,0.0
2011-11-17 00:00:00+09:00,385.6159014494523,392.9709731392239,384.56517692234206,386.6666259765625,241018,0.0,0.0,0.0
2011-11-18 00:00:00+09:00,390.8695417131696,395.07244001116067,367.75360107421875,367.75360107421875,68038,0.0,0.0,0.0
2011-11-21 00:00:00+09:00,378.2608468191964,387.7173679896763,359.3478044782366,367.75360107421875,139664,0.0,0.0,0.0
2011-11-22 00:00:00+09:00,357.24635532924106,367.75360107421875,356.19563075474326,367.75360107421875,31202,0.0,0.0,0.0
2011-11-23 00:00:00+09:00,357.24634247708184,369.8550369174494,351.9927197935953,363.5506896972656,34514,0.0,0.0,0.0
2011-11-24 00:00:00+09:00,377.2101131715636,377.2101131715636,359.34779583474864,362.4999694824219,12138,0.0,0.0,0.0
2011-11-25 00:00:00+09:00,367.7535924044522,383.5144606503573,361.4492451060902,369.85504150390625,52666,0.0,0.0,0.0
2011-11-28 00:00:00+09:00,397.1738663984267,397.1738663984267,357.24633485572775,380.3622741699219,32928,0.0,0.0,0.0
2011-11-29 00:00:00+09:00,386.66661689695246,386.66661689695246,376.1593718725788,381.4129943847656,29168,0.0,0.0,0.0
2011-11-30 00:00:00+09:00,386.66661689695246,386.66661689695246,376.1593718725788,381.4129943847656,26734,0.0,0.0,0.0
2011-12-01 00:00:00+09:00,386.6666212556112,386.6666212556112,377.2101006270772,380.3622741699219,44086,0.0,0.0,0.0
2011-12-02 00:00:00+09:00,385.6158923945151,385.6158923945151,378.2608208774535,381.4129943847656,42958,0.0,0.0,0.0
2011-12-05 00:00:00+09:00,386.6666212556112,386.6666212556112,376.15937611279566,380.3622741699219,29592,0.0,0.0,0.0
2011-12-06 00:00:00+09:00,385.61591009754954,388.7680837495731,378.2608382428279,384.565185546875,95578,0.0,0.0,0.0
2011-12-07 00:00:00+09:00,390.8695287041486,405.57967225753055,383.5144569274576,392.9709777832031,79564,0.0,0.0,0.0
2011-12-08 00:00:00+09:00,388.76808407432156,399.27532958984375,386.6666349712171,399.27532958984375,44520,0.0,0.0,0.0
2011-12-09 00:00:00+09:00,397.1738634109497,403.47821044921875,388.7680673599243,403.47821044921875,36038,0.0,0.0,0.0
2011-12-12 00:00:00+09:00,408.73185055381373,408.73185055381373,397.1738804867393,399.27532958984375,40500,0.0,0.0,0.0
2011-12-13 00:00:00+09:00,387.71736389626074,413.98547798137326,387.71736389626074,412.93475341796875,126498,0.0,0.0,0.0
2011-12-14 00:00:00+09:00,410.8332999757099,420.2898209470178,398.22460534729936,413.9854736328125,65994,0.0,0.0,0.0
2011-12-15 00:00:00+09:00,407.6811349051339,423.44200352260043,407.6811349051339,411.884033203125,30154,0.0,0.0,0.0
2011-12-16 00:00:00+09:00,399.27531333424935,420.28980350973615,399.27531333424935,418.1883544921875,32140,0.0,0.0,0.0
2011-12-19 00:00:00+09:00,405.5796815490723,422.3912745666504,405.5796815490723,420.2898254394531,90066,0.0,0.0,0.0
2011-12-20 00:00:00+09:00,428.6956219482422,439.20286758422856,415.03620262146,420.2898254394531,107526,0.0,0.0,0.0
2011-12-21 00:00:00+09:00,420.2898212507659,434.9999649945427,415.03619848513137,428.69561767578125,58102,0.0,0.0,0.0
2011-12-22 00:00:00+09:00,424.4927109136814,437.1014052972561,418.18836372189406,430.79705810546875,74066,0.0,0.0,0.0
2011-12-23 00:00:00+09:00,423.44197793608726,434.99994755717154,423.44197793608726,432.89849853515625,21828,0.0,0.0,0.0
2011-12-26 00:00:00+09:00,427.6448845095751,434.999956233327,427.6448845095751,430.79705810546875,22226,0.0,0.0,0.0
2011-12-27 00:00:00+09:00,425.54344840671706,436.0506940463891,425.54344840671706,434.9999694824219,40652,0.0,0.0,0.0
2011-12-28 00:00:00+09:00,1047.5,1047.5,995.0,997.5,152814,600.00006,0.0,0.0
2011-12-29 00:00:00+09:00,977.5,1040.0,972.5,1040.0,37444,0.0,0.0,0.0
2012-01-02 00:00:00+09:00,1050.0,1072.5,1030.0,1070.0,88960,0.0,0.0,0.0
2012-01-03 00:00:00+09:00,1045.0,1085.0,1035.0,1077.5,143488,0.0,0.0,0.0
2012-01-04 00:00:00+09:00,1067.5,1085.0,1050.0,1050.0,58114,0.0,0.0,0.0
2012-01-05 00:00:00+09:00,1050.0,1062.5,1002.5,1035.0,99910,0.0,0.0,0.0
2012-01-06 00:00:00+09:00,1040.0,1062.5,1032.5,1060.0,33724,0.0,0.0,0.0
2012-01-09 00:00:00+09:00,1072.5,1100.0,1000.0,1077.5,207734,0.0,0.0,0.0
2012-01-10 00:00:00+09:00,1090.0,1100.0,1030.0,1090.0,211306,0.0,0.0,0.0
2012-01-11 00:00:00+09:00,1042.5,1075.0,1025.0,1035.0,101004,0.0,0.0,0.0
2012-01-12 00:00:00+09:00,1020.0,1055.0,1007.5,1020.0,101602,0.0,0.0,0.0
2012-01-13 00:00:00+09:00,1010.0,1010.0,915.0,930.0,505714,0.0,0.0,0.0
2012-01-16 00:00:00+09:00,925.0,940.0,882.5,917.5,241336,0.0,0.0,0.0
2012-01-17 00:00:00+09:00,905.0,925.0,900.0,910.0,54744,0.0,0.0,0.0
2012-01-18 00:00:00+09:00,925.0,925.0,870.0,870.0,186422,0.0,0.0,0.0
2012-01-19 00:00:00+09:00,875.0,907.5,857.5,895.0,97764,0.0,0.0,0.0
2012-01-20 00:00:00+09:00,915.0,925.0,900.0,905.0,65550,0.0,0.0,0.0
2012-01-25 00:00:00+09:00,887.5,1040.0,887.5,1020.0,667426,0.0,0.0,0.0
2012-01-26 00:00:00+09:00,1020.0,1060.0,967.5,1020.0,583176,0.0,0.0,0.0
2012-01-27 00:00:00+09:00,1030.0,1030.0,987.5,1025.0,130114,0.0,0.0,0.0
2012-01-30 00:00:00+09:00,1025.0,1075.0,992.5,1067.5,471616,0.0,0.0,0.0
2012-01-31 00:00:00+09:00,1085.0,1130.0,1060.0,1115.0,456600,0.0,0.0,0.0
2012-02-01 00:00:00+09:00,1115.0,1175.0,1115.0,1175.0,495102,0.0,0.0,0.0
2012-02-02 00:00:00+09:00,1185.0,1275.0,1147.5,1235.0,863136,0.0,0.0,0.0
2012-02-03 00:00:00+09:00,1235.0,1420.0,1210.0,1415.0,1441018,0.0,0.0,0.0
2012-02-06 00:00:00+09:00,1460.0,1580.0,1460.0,1495.0,1375104,0.0,0.0,0.0
2012-02-07 00:00:00+09:00,1500.0,1537.5,1387.5,1427.5,654504,0.0,0.0,0.0
2012-02-08 00:00:00+09:00,1470.0,1525.0,1430.0,1477.5,441040,0.0,0.0,0.0
2012-02-09 00:00:00+09:00,1455.0,1622.5,1272.5,1565.0,1886008,0.0,0.0,0.0
2012-02-10 00:00:00+09:00,1650.0,1780.0,1370.0,1710.0,1504456,0.0,0.0,0.0
2012-02-13 00:00:00+09:00,1925.0,1925.0,1700.0,1825.0,1406924,0.0,0.0,0.0
2012-02-14 00:00:00+09:00,1825.0,1887.5,1785.0,1822.5,542266,0.0,0.0,0.0
2012-02-15 00:00:00+09:00,1867.5,1867.5,1675.0,1750.0,642148,0.0,0.0,0.0
2012-02-16 00:00:00+09:00,1750.0,1797.5,1642.5,1725.0,417108,0.0,0.0,0.0
2012-02-17 00:00:00+09:00,1707.5,1717.5,1597.5,1610.0,673344,0.0,0.0,0.0
2012-02-20 00:00:00+09:00,1630.0,1650.0,1480.0,1585.0,455154,0.0,0.0,0.0
2012-02-21 00:00:00+09:00,1590.0,1787.5,1527.5,1787.5,871174,0.0,0.0,0.0
2012-02-22 00:00:00+09:00,1750.0,1847.5,1665.0,1825.0,574444,0.0,0.0,0.0
2012-02-23 00:00:00+09:00,1827.5,2097.5,1825.0,2097.5,1345810,0.0,0.0,0.0
2012-02-24 00:00:00+09:00,2125.0,2347.5,1797.5,2000.0,1590030,0.0,0.0,0.0
2012-02-27 00:00:00+09:00,2000.0,2075.0,1830.0,1940.0,603428,0.0,0.0,0.0
2012-02-28 00:00:00+09:00,1940.0,1987.5,1860.0,1950.0,654962,0.0,0.0,0.0
2012-02-29 00:00:00+09:00,1975.0,1980.0,1782.5,1900.0,481246,0.0,0.0,0.0
2012-03-02 00:00:00+09:00,1900.0,1950.0,1730.0,1925.0,830422,0.0,0.0,0.0
2012-03-05 00:00:00+09:00,1952.5,2085.0,1930.0,1980.0,552088,0.0,0.0,0.0
2012-03-06 00:00:00+09:00,2045.0,2045.0,1932.5,1945.0,428902,0.0,0.0,0.0
2012-03-07 00:00:00+09:00,1942.5,1982.5,1897.5,1952.5,303264,0.0,0.0,0.0
2012-03-08 00:00:00+09:00,2045.0,2245.0,1875.0,1980.0,1897012,0.0,0.0,0.0
2012-03-09 00:00:00+09:00,1945.0,2000.0,1797.5,1850.0,545468,0.0,0.0,0.0
2012-03-12 00:00:00+09:00,1877.5,1907.5,1785.0,1875.0,318110,0.0,0.0,0.0
2012-03-13 00:00:00+09:00,1870.0,1950.0,1810.0,1950.0,472566,0.0,0.0,0.0
2012-03-14 00:00:00+09:00,1892.5,2000.0,1835.0,1897.5,477512,0.0,0.0,0.0
2012-03-15 00:00:00+09:00,1862.5,1957.5,1862.5,1892.5,713102,0.0,0.0,0.0
2012-03-16 00:00:00+09:00,1915.0,1927.5,1760.0,1850.0,559594,0.0,0.0,0.0
2012-03-19 00:00:00+09:00,1885.0,2027.5,1880.0,2027.5,1288634,0.0,0.0,0.0
2012-03-20 00:00:00+09:00,2020.0,2100.0,1992.5,2030.0,592892,0.0,0.0,0.0
2012-03-21 00:00:00+09:00,2030.0,2030.0,1822.5,1922.5,719288,0.0,0.0,0.0
2012-03-22 00:00:00+09:00,1900.0,2050.0,1887.5,2050.0,1024830,0.0,0.0,0.0
2012-03-23 00:00:00+09:00,1997.5,2132.5,1957.5,2095.0,1033924,0.0,0.0,0.0
2012-03-26 00:00:00+09:00,2087.5,2125.0,1945.0,2000.0,765262,0.0,0.0,0.0
2012-03-27 00:00:00+09:00,1950.0,2002.5,1850.0,1870.0,408364,0.0,0.0,0.0
2012-03-28 00:00:00+09:00,1875.0,1960.0,1862.5,1925.0,325572,0.0,0.0,0.0
2012-03-29 00:00:00+09:00,1925.0,1960.0,1855.0,1900.0,132586,0.0,0.0,0.0
2012-03-30 00:00:00+09:00,1940.0,1967.5,1872.5,1915.0,202080,0.0,0.0,0.0
2012-04-02 00:00:00+09:00,1915.0,1915.0,1850.0,1872.5,179882,0.0,0.0,0.0
2012-04-03 00:00:00+09:00,1882.5,1882.5,1592.5,1592.5,2942822,0.0,0.0,0.0
2012-04-04 00:00:00+09:00,1500.0,1590.0,1387.5,1510.0,4627088,0.0,0.0,0.0
2012-04-05 00:00:00+09:00,1527.5,1715.0,1462.5,1650.0,1971034,0.0,0.0,0.0
2012-04-06 00:00:00+09:00,1695.0,1830.0,1655.0,1795.0,1220834,0.0,0.0,0.0
2012-04-09 00:00:00+09:00,1820.0,1867.5,1760.0,1772.5,1088198,0.0,0.0,0.0
2012-04-10 00:00:00+09:00,1785.0,1795.0,1645.0,1675.0,651866,0.0,0.0,0.0
2012-04-12 00:00:00+09:00,1625.0,1625.0,1425.0,1425.0,976208,0.0,0.0,0.0
2012-04-13 00:00:00+09:00,1372.5,1595.0,1355.0,1540.0,1197542,0.0,0.0,0.0
2012-04-16 00:00:00+09:00,1525.0,1650.0,1525.0,1650.0,961844,0.0,0.0,0.0
2012-04-17 00:00:00+09:00,1650.0,1735.0,1627.5,1685.0,469014,0.0,0.0,0.0
2012-04-18 00:00:00+09:00,1700.0,1785.0,1672.5,1730.0,904874,0.0,0.0,0.0
2012-04-19 00:00:00+09:00,1775.0,1925.0,1730.0,1750.0,2516892,0.0,0.0,0.0
2012-04-20 00:00:00+09:00,1785.0,1785.0,1610.0,1650.0,434050,0.0,0.0,0.0
2012-04-23 00:00:00+09:00,1612.5,1667.5,1537.5,1645.0,466352,0.0,0.0,0.0
2012-04-24 00:00:00+09:00,1645.0,1650.0,1455.0,1635.0,320544,0.0,0.0,0.0
2012-04-25 00:00:00+09:00,1600.0,1745.0,1575.0,1700.0,469292,0.0,0.0,0.0
2012-04-26 00:00:00+09:00,1697.5,1722.5,1545.0,1625.0,370308,0.0,0.0,0.0
2012-04-27 00:00:00+09:00,1632.5,1650.0,1545.0,1605.0,336670,0.0,0.0,0.0
2012-04-30 00:00:00+09:00,1595.0,1845.0,1552.5,1845.0,1477072,0.0,0.0,0.0
2012-05-02 00:00:00+09:00,1850.0,1887.5,1607.5,1817.5,1599248,0.0,0.0,0.0
2012-05-03 00:00:00+09:00,1765.0,1825.0,1702.5,1732.5,509980,0.0,0.0,0.0
2012-05-04 00:00:00+09:00,1735.0,1837.5,1705.0,1800.0,673272,0.0,0.0,0.0
2012-05-07 00:00:00+09:00,1825.0,1965.0,1750.0,1877.5,1046052,0.0,0.0,0.0
2012-05-08 00:00:00+09:00,2030.0,2157.5,2015.0,2157.5,2736806,0.0,0.0,0.0
2012-05-09 00:00:00+09:00,2372.5,2480.0,2230.0,2480.0,7193264,0.0,0.0,0.0
2012-05-10 00:00:00+09:00,2570.0,2635.0,2430.0,2470.0,7249388,0.0,0.0,0.0
2012-05-11 00:00:00+09:00,2450.0,2467.5,2245.0,2307.5,3603672,0.0,0.0,0.0
2012-05-14 00:00:00+09:00,2215.0,2245.0,2097.5,2155.0,2420338,0.0,0.0,0.0
2012-05-15 00:00:00+09:00,2110.0,2140.0,2000.0,2115.0,2106814,0.0,0.0,0.0
2012-05-16 00:00:00+09:00,2115.0,2192.5,2022.5,2022.5,1437988,0.0,0.0,0.0
2012-05-17 00:00:00+09:00,1987.5,2140.0,1937.5,2025.0,1534154,0.0,0.0,0.0
2012-05-18 00:00:00+09:00,1975.0,2147.5,1965.0,2040.0,1529254,0.0,0.0,0.0
2012-05-21 00:00:00+09:00,2050.0,2160.0,2050.0,2127.5,1436202,0.0,0.0,0.0
2012-05-22 00:00:00+09:00,2140.0,2175.0,2110.0,2167.5,1052970,0.0,0.0,0.0
2012-05-23 00:00:00+09:00,2137.5,2155.0,2035.0,2060.0,746948,0.0,0.0,0.0
2012-05-24 00:00:00+09:00,2062.5,2195.0,2015.0,2160.0,2171836,0.0,0.0,0.0
2012-05-25 00:00:00+09:00,2185.0,2230.0,2110.0,2120.0,1376854,0.0,0.0,0.0
2012-05-29 00:00:00+09:00,2260.0,2437.5,2260.0,2437.5,4882670,0.0,0.0,0.0
2012-05-30 00:00:00+09:00,2560.0,2575.0,2267.5,2290.0,4380810,0.0,0.0,0.0
2012-05-31 00:00:00+09:00,2290.0,2477.5,2130.0,2250.0,4325444,0.0,0.0,0.0
2012-06-01 00:00:00+09:00,2295.0,2435.0,2197.5,2350.0,2514954,0.0,0.0,0.0
2012-06-04 00:00:00+09:00,2232.5,2475.0,2232.5,2325.0,5315404,0.0,0.0,0.0
2012-06-05 00:00:00+09:00,2322.5,2417.5,2310.0,2315.0,1973468,0.0,0.0,0.0
2012-06-07 00:00:00+09:00,2390.0,2397.5,2327.5,2365.0,1687880,0.0,0.0,0.0
2012-06-08 00:00:00+09:00,2375.0,2470.0,2275.0,2332.5,4781858,0.0,0.0,0.0
2012-06-11 00:00:00+09:00,2192.5,2380.0,2165.0,2350.0,4310488,0.0,0.0,0.0
2012-06-12 00:00:00+09:00,2350.0,2417.5,2225.0,2270.0,1694972,0.0,0.0,0.0
2012-06-13 00:00:00+09:00,2295.0,2295.0,2135.0,2135.0,1212286,0.0,0.0,0.0
2012-06-14 00:00:00+09:00,2157.5,2215.0,2002.5,2037.5,768028,0.0,0.0,0.0
2012-06-15 00:00:00+09:00,2050.0,2187.5,2007.5,2072.5,1239790,0.0,0.0,0.0
2012-06-18 00:00:00+09:00,2100.0,2152.5,2072.5,2130.0,1048414,0.0,0.0,0.0
2012-06-19 00:00:00+09:00,2147.5,2175.0,2027.5,2082.5,1196834,0.0,0.0,0.0
2012-06-20 00:00:00+09:00,2120.0,2325.0,2112.5,2290.0,2407270,0.0,0.0,0.0
2012-06-21 00:00:00+09:00,2310.0,2325.0,2192.5,2215.0,1696748,0.0,0.0,0.0
2012-06-22 00:00:00+09:00,2160.0,2255.0,2160.0,2245.0,1106248,0.0,0.0,0.0
2012-06-25 00:00:00+09:00,2275.0,2290.0,2190.0,2190.0,788302,0.0,0.0,0.0
2012-06-26 00:00:00+09:00,2190.0,2235.0,2117.5,2140.0,1006788,0.0,0.0,0.0
2012-06-27 00:00:00+09:00,2145.0,2212.5,2072.5,2127.5,679502,0.0,0.0,0.0
2012-06-28 00:00:00+09:00,2130.0,2180.0,2087.5,2140.0,338130,0.0,0.0,0.0
2012-06-29 00:00:00+09:00,2140.0,2157.5,2090.0,2090.0,390702,0.0,0.0,0.0
2012-07-02 00:00:00+09:00,2160.0,2272.5,2105.0,2195.0,1026454,0.0,0.0,0.0
2012-07-03 00:00:00+09:00,2205.0,2240.0,2180.0,2205.0,409432,0.0,0.0,0.0
2012-07-04 00:00:00+09:00,2292.5,2535.0,2270.0,2385.0,5851648,0.0,0.0,0.0
2012-07-05 00:00:00+09:00,2387.5,2435.0,2207.5,2217.5,2633984,0.0,0.0,0.0
2012-07-06 00:00:00+09:00,2215.0,2232.5,2102.5,2172.5,916852,0.0,0.0,0.0
2012-07-09 00:00:00+09:00,2175.0,2220.0,2095.0,2105.0,865994,0.0,0.0,0.0
2012-07-10 00:00:00+09:00,2065.0,2135.0,1975.0,2032.5,516686,0.0,0.0,0.0
2012-07-11 00:00:00+09:00,2010.0,2060.0,1905.0,2035.0,704770,0.0,0.0,0.0
2012-07-12 00:00:00+09:00,2022.5,2055.0,1967.5,2035.0,490566,0.0,0.0,0.0
2012-07-13 00:00:00+09:00,2035.0,2035.0,1922.5,2000.0,400832,0.0,0.0,0.0
2012-07-16 00:00:00+09:00,2000.0,2040.0,1927.5,1950.0,402290,0.0,0.0,0.0
2012-07-17 00:00:00+09:00,1907.5,1972.5,1892.5,1945.0,408414,0.0,0.0,0.0
2012-07-18 00:00:00+09:00,1917.5,1947.5,1850.0,1870.0,576970,0.0,0.0,0.0
2012-07-19 00:00:00+09:00,1897.5,1940.0,1850.0,1855.0,380108,0.0,0.0,0.0
2012-07-20 00:00:00+09:00,1850.0,1895.0,1747.5,1760.0,528312,0.0,0.0,0.0
2012-07-23 00:00:00+09:00,1775.0,1795.0,1550.0,1617.5,1147154,0.0,0.0,0.0
2012-07-24 00:00:00+09:00,1575.0,1597.5,1375.0,1420.0,4225010,0.0,0.0,0.0
2012-07-25 00:00:00+09:00,1397.5,1435.0,1247.5,1285.0,3585072,0.0,0.0,0.0
2012-07-26 00:00:00+09:00,1325.0,1347.5,1180.0,1280.0,3637652,0.0,0.0,0.0
2012-07-27 00:00:00+09:00,1275.0,1302.5,1245.0,1255.0,1397212,0.0,0.0,0.0
2012-07-30 00:00:00+09:00,1300.0,1340.0,1275.0,1310.0,1342278,0.0,0.0,0.0
2012-07-31 00:00:00+09:00,1335.0,1335.0,1275.0,1302.5,427586,0.0,0.0,0.0
2012-08-01 00:00:00+09:00,1267.5,1335.0,1262.5,1292.5,296856,0.0,0.0,0.0
2012-08-02 00:00:00+09:00,1335.0,1350.0,1302.5,1332.5,653186,0.0,0.0,0.0
2012-08-03 00:00:00+09:00,1325.0,1350.0,1297.5,1297.5,419264,0.0,0.0,0.0
2012-08-06 00:00:00+09:00,1315.0,1335.0,1267.5,1267.5,394250,0.0,0.0,0.0
2012-08-07 00:00:00+09:00,1277.5,1300.0,1255.0,1260.0,406596,0.0,0.0,0.0
2012-08-08 00:00:00+09:00,1262.5,1292.5,1235.0,1280.0,450390,0.0,0.0,0.0
2012-08-09 00:00:00+09:00,1285.0,1337.5,1275.0,1285.0,665980,0.0,0.0,0.0
2012-08-10 00:00:00+09:00,1305.0,1310.0,1260.0,1267.5,409526,0.0,0.0,0.0
2012-08-13 00:00:00+09:00,1270.0,1290.0,1252.5,1260.0,311990,0.0,0.0,0.0
2012-08-14 00:00:00+09:00,1282.5,1282.5,1250.0,1252.5,368716,0.0,0.0,0.0
2012-08-16 00:00:00+09:00,1252.5,1270.0,1242.5,1257.5,275564,0.0,0.0,0.0
2012-08-17 00:00:00+09:00,1257.5,1307.5,1257.5,1302.5,513342,0.0,0.0,0.0
2012-08-20 00:00:00+09:00,1320.0,1337.5,1285.0,1300.0,656272,0.0,0.0,0.0
2012-08-21 00:00:00+09:00,1320.0,1320.0,1282.5,1287.5,594170,0.0,0.0,0.0
2012-08-22 00:00:00+09:00,1285.0,1370.0,1285.0,1332.5,2822310,0.0,0.0,0.0
2012-08-23 00:00:00+09:00,1350.0,1350.0,1310.0,1312.5,1010124,0.0,0.0,0.0
2012-08-24 00:00:00+09:00,1312.5,1312.5,1225.0,1235.0,1081460,0.0,0.0,0.0
2012-08-27 00:00:00+09:00,1195.0,1210.0,1050.0,1050.0,2493186,0.0,0.0,0.0
2012-08-28 00:00:00+09:00,1050.0,1095.0,1007.5,1075.0,759308,0.0,0.0,0.0
2012-08-29 00:00:00+09:00,1077.5,1087.5,1047.5,1052.5,301262,0.0,0.0,0.0
2012-08-30 00:00:00+09:00,1055.0,1065.0,1010.0,1035.0,343854,0.0,0.0,0.0
2012-08-31 00:00:00+09:00,1017.5,1075.0,1015.0,1050.0,237246,0.0,0.0,0.0
2012-09-03 00:00:00+09:00,1070.0,1072.5,1015.0,1050.0,254336,0.0,0.0,0.0
2012-09-04 00:00:00+09:00,1070.0,1072.5,1042.5,1062.5,332168,0.0,0.0,0.0
2012-09-05 00:00:00+09:00,1055.0,1070.0,1017.5,1020.0,482852,0.0,0.0,0.0
2012-09-06 00:00:00+09:00,1045.0,1045.0,1015.0,1020.0,271160,0.0,0.0,0.0
2012-09-07 00:00:00+09:00,1047.5,1070.0,1022.5,1035.0,496044,0.0,0.0,0.0
2012-09-10 00:00:00+09:00,1045.0,1052.5,1027.5,1035.0,251790,0.0,0.0,0.0
2012-09-11 00:00:00+09:00,1032.5,1057.5,1015.0,1057.5,323466,0.0,0.0,0.0
2012-09-12 00:00:00+09:00,1062.5,1067.5,1037.5,1060.0,259150,0.0,0.0,0.0
2012-09-13 00:00:00+09:00,1072.5,1110.0,1037.5,1072.5,520870,0.0,0.0,0.0
2012-09-14 00:00:00+09:00,1065.0,1087.5,1045.0,1057.5,536884,0.0,0.0,0.0
2012-09-17 00:00:00+09:00,1060.0,1075.0,1042.5,1072.5,313702,0.0,0.0,0.0
2012-09-18 00:00:00+09:00,1087.5,1155.0,1060.0,1117.5,1104372,0.0,0.0,0.0
2012-09-19 00:00:00+09:00,1115.0,1140.0,1087.5,1120.0,290886,0.0,0.0,0.0
2012-09-20 00:00:00+09:00,1115.0,1115.0,1080.0,1080.0,276038,0.0,0.0,0.0
2012-09-21 00:00:00+09:00,1067.5,1107.5,1037.5,1052.5,377700,0.0,0.0,0.0
2012-09-24 00:00:00+09:00,1040.0,1072.5,1032.5,1037.5,196670,0.0,0.0,0.0
2012-09-25 00:00:00+09:00,1027.5,1040.0,1015.0,1015.0,331796,0.0,0.0,0.0
2012-09-26 00:00:00+09:00,982.5,1005.0,905.0,935.0,963908,0.0,0.0,0.0
2012-09-27 00:00:00+09:00,900.0,987.5,900.0,950.0,333226,0.0,0.0,0.0
2012-09-28 00:00:00+09:00,950.0,980.0,945.0,965.0,156448,0.0,0.0,0.0
2012-10-02 00:00:00+09:00,955.0,992.5,955.0,960.0,87246,0.0,0.0,0.0
2012-10-04 00:00:00+09:00,980.0,1032.5,977.5,1020.0,381988,0.0,0.0,0.0
2012-10-05 00:00:00+09:00,1035.0,1035.0,995.0,1002.5,171854,0.0,0.0,0.0
2012-10-08 00:00:00+09:00,990.0,1020.0,970.0,982.5,189584,0.0,0.0,0.0
2012-10-09 00:00:00+09:00,985.0,995.0,962.5,980.0,206050,0.0,0.0,0.0
2012-10-10 00:00:00+09:00,990.0,1000.0,917.5,950.0,416082,0.0,0.0,0.0
2012-10-11 00:00:00+09:00,975.0,975.0,930.0,950.0,161724,0.0,0.0,0.0
2012-10-12 00:00:00+09:00,950.0,962.5,922.5,930.0,172528,0.0,0.0,0.0
2012-10-15 00:00:00+09:00,930.0,955.0,892.5,905.0,341328,0.0,0.0,0.0
2012-10-16 00:00:00+09:00,890.0,905.0,852.5,882.5,337562,0.0,0.0,0.0
2012-10-17 00:00:00+09:00,877.5,887.5,840.0,847.5,532210,0.0,0.0,0.0
2012-10-18 00:00:00+09:00,840.0,872.5,840.0,850.0,372014,0.0,0.0,0.0
2012-10-19 00:00:00+09:00,837.5,875.0,830.0,850.0,204326,0.0,0.0,0.0
2012-10-22 00:00:00+09:00,840.0,857.5,825.0,842.5,527420,0.0,0.0,0.0
2012-10-23 00:00:00+09:00,850.0,895.0,850.0,890.0,301418,0.0,0.0,0.0
2012-10-24 00:00:00+09:00,890.0,1022.5,882.5,1022.5,1902410,0.0,0.0,0.0
2012-10-25 00:00:00+09:00,1060.0,1072.5,955.0,990.0,3318054,0.0,0.0,0.0
2012-10-26 00:00:00+09:00,997.5,1015.0,875.0,900.0,1608102,0.0,0.0,0.0
2012-10-29 00:00:00+09:00,902.5,935.0,855.0,865.0,527176,0.0,0.0,0.0
2012-10-30 00:00:00+09:00,850.0,925.0,850.0,897.5,485030,0.0,0.0,0.0
2012-10-31 00:00:00+09:00,887.5,935.0,885.0,917.5,269470,0.0,0.0,0.0
2012-11-01 00:00:00+09:00,920.0,922.5,877.5,877.5,379834,0.0,0.0,0.0
2012-11-02 00:00:00+09:00,882.5,900.0,865.0,880.0,215110,0.0,0.0,0.0
2012-11-05 00:00:00+09:00,900.0,1010.0,897.5,1010.0,1847794,0.0,0.0,0.0
2012-11-06 00:00:00+09:00,1000.0,1135.0,995.0,1100.0,4542182,0.0,0.0,0.0
2012-11-07 00:00:00+09:00,1100.0,1105.0,1030.0,1075.0,1290464,0.0,0.0,0.0
2012-11-08 00:00:00+09:00,1045.0,1167.5,1035.0,1100.0,1417372,0.0,0.0,0.0
2012-11-09 00:00:00+09:00,1137.5,1152.5,1075.0,1102.5,1344000,0.0,0.0,0.0
2012-11-12 00:00:00+09:00,1105.0,1125.0,1050.0,1100.0,841442,0.0,0.0,0.0
2012-11-13 00:00:00+09:00,1100.0,1160.0,1065.0,1135.0,1017828,0.0,0.0,0.0
2012-11-14 00:00:00+09:00,1135.0,1167.5,1040.0,1090.0,1267674,0.0,0.0,0.0
2012-11-15 00:00:00+09:00,1075.0,1087.5,975.0,1025.0,812286,0.0,0.0,0.0
2012-11-16 00:00:00+09:00,1030.0,1142.5,1030.0,1070.0,2667032,0.0,0.0,0.0
2012-11-19 00:00:00+09:00,1072.5,1210.0,1072.5,1180.0,2727730,0.0,0.0,0.0
2012-11-20 00:00:00+09:00,1195.0,1210.0,1142.5,1175.0,1094142,0.0,0.0,0.0
2012-11-21 00:00:00+09:00,1170.0,1225.0,1150.0,1225.0,993440,0.0,0.0,0.0
2012-11-22 00:00:00+09:00,1225.0,1260.0,1200.0,1227.5,1775000,0.0,0.0,0.0
2012-11-23 00:00:00+09:00,1217.5,1230.0,1165.0,1185.0,608074,0.0,0.0,0.0
2012-11-26 00:00:00+09:00,1175.0,1285.0,1145.0,1220.0,955144,0.0,0.0,0.0
2012-11-27 00:00:00+09:00,1225.0,1232.5,1177.5,1180.0,470400,0.0,0.0,0.0
2012-11-28 00:00:00+09:00,1180.0,1205.0,1127.5,1180.0,344730,0.0,0.0,0.0
2012-11-29 00:00:00+09:00,1165.0,1205.0,1160.0,1165.0,389886,0.0,0.0,0.0
2012-11-30 00:00:00+09:00,1150.0,1190.0,1150.0,1190.0,315310,0.0,0.0,0.0
2012-12-03 00:00:00+09:00,1190.0,1200.0,1075.0,1100.0,757232,0.0,0.0,0.0
2012-12-04 00:00:00+09:00,1060.0,1085.0,1027.5,1070.0,532400,0.0,0.0,0.0
2012-12-05 00:00:00+09:00,1052.5,1070.0,975.0,1015.0,684968,0.0,0.0,0.0
2012-12-06 00:00:00+09:00,1015.0,1077.5,990.0,1072.5,413428,0.0,0.0,0.0
2012-12-07 00:00:00+09:00,1110.0,1110.0,1037.5,1050.0,159934,0.0,0.0,0.0
2012-12-10 00:00:00+09:00,1030.0,1087.5,1025.0,1037.5,155820,0.0,0.0,0.0
2012-12-11 00:00:00+09:00,1042.5,1047.5,1012.5,1027.5,168924,0.0,0.0,0.0
2012-12-12 00:00:00+09:00,1025.0,1052.5,970.0,987.5,412286,0.0,0.0,0.0
2012-12-13 00:00:00+09:00,992.5,1007.5,962.5,970.0,263484,0.0,0.0,0.0
2012-12-14 00:00:00+09:00,975.0,1015.0,975.0,1010.0,189364,0.0,0.0,0.0
2012-12-17 00:00:00+09:00,1010.0,1017.5,935.0,980.0,103462,0.0,0.0,0.0
2012-12-18 00:00:00+09:00,995.0,995.0,940.0,957.5,246082,0.0,0.0,0.0
2012-12-20 00:00:00+09:00,985.0,985.0,935.0,940.0,249068,0.0,0.0,0.0
2012-12-21 00:00:00+09:00,930.0,987.5,925.0,937.5,292986,0.0,0.0,0.0
2012-12-24 00:00:00+09:00,932.5,960.0,900.0,937.5,603540,0.0,0.0,0.0
2012-12-26 00:00:00+09:00,945.0,997.5,940.0,987.5,229128,0.0,0.0,0.0
2012-12-27 00:00:00+09:00,987.5,997.5,957.5,977.5,112776,0.0,0.0,0.0
2012-12-28 00:00:00+09:00,1000.0,1047.5,982.5,992.5,810088,0.0,0.0,0.0
2013-01-02 00:00:00+09:00,1000.0,1040.0,985.0,1030.0,649466,0.0,0.0,0.0
2013-01-03 00:00:00+09:00,1022.5,1047.5,1022.5,1037.5,201748,0.0,0.0,0.0
2013-01-04 00:00:00+09:00,1025.0,1055.0,1025.0,1045.0,334716,0.0,0.0,0.0
2013-01-07 00:00:00+09:00,1045.0,1050.0,1015.0,1020.0,478426,0.0,0.0,0.0
2013-01-08 00:00:00+09:00,1032.5,1037.5,1002.5,1015.0,299284,0.0,0.0,0.0
2013-01-09 00:00:00+09:00,1020.0,1030.0,995.0,1000.0,360540,0.0,0.0,0.0
2013-01-10 00:00:00+09:00,1015.0,1020.0,997.5,1000.0,242586,0.0,0.0,0.0
2013-01-11 00:00:00+09:00,1007.5,1007.5,990.0,990.0,290008,0.0,0.0,0.0
2013-01-14 00:00:00+09:00,995.0,1012.5,990.0,1000.0,301206,0.0,0.0,0.0
2013-01-15 00:00:00+09:00,1020.0,1020.0,990.0,1000.0,412356,0.0,0.0,0.0
2013-01-16 00:00:00+09:00,1010.0,1010.0,990.0,1000.0,271966,0.0,0.0,0.0
2013-01-17 00:00:00+09:00,1005.0,1010.0,970.0,970.0,379166,0.0,0.0,0.0
2013-01-18 00:00:00+09:00,955.0,990.0,945.0,957.5,511516,0.0,0.0,0.0
2013-01-21 00:00:00+09:00,960.0,970.0,935.0,940.0,413460,0.0,0.0,0.0
2013-01-22 00:00:00+09:00,940.0,980.0,925.0,980.0,395064,0.0,0.0,0.0
2013-01-23 00:00:00+09:00,980.0,985.0,957.5,960.0,377458,0.0,0.0,0.0
2013-01-24 00:00:00+09:00,970.0,977.5,957.5,965.0,260472,0.0,0.0,0.0
2013-01-25 00:00:00+09:00,965.0,972.5,942.5,960.0,219700,0.0,0.0,0.0
2013-01-28 00:00:00+09:00,970.0,997.5,950.0,952.5,228332,0.0,0.0,0.0
2013-01-29 00:00:00+09:00,952.5,965.0,952.5,957.5,190848,0.0,0.0,0.0
2013-01-30 00:00:00+09:00,952.5,960.0,940.0,947.5,263886,0.0,0.0,0.0
2013-01-31 00:00:00+09:00,957.5,957.5,917.5,917.5,612174,0.0,0.0,0.0
2013-02-01 00:00:00+09:00,917.5,930.0,902.5,925.0,351504,0.0,0.0,0.0
2013-02-04 00:00:00+09:00,942.5,957.5,920.0,920.0,209270,0.0,0.0,0.0
2013-02-05 00:00:00+09:00,925.0,925.0,902.5,917.5,149214,0.0,0.0,0.0
2013-02-06 00:00:00+09:00,917.5,942.5,910.0,922.5,237144,0.0,0.0,0.0
2013-02-07 00:00:00+09:00,907.5,930.0,907.5,922.5,191742,0.0,0.0,0.0
2013-02-08 00:00:00+09:00,912.5,967.5,912.5,962.5,237438,0.0,0.0,0.0
2013-02-12 00:00:00+09:00,962.5,970.0,942.5,952.5,135116,0.0,0.0,0.0
2013-02-13 00:00:00+09:00,945.0,982.5,945.0,977.5,322576,0.0,0.0,0.0
2013-02-14 00:00:00+09:00,977.5,987.5,945.0,972.5,302562,0.0,0.0,0.0
2013-02-15 00:00:00+09:00,980.0,980.0,962.5,975.0,129208,0.0,0.0,0.0
2013-02-18 00:00:00+09:00,957.5,977.5,952.5,960.0,188822,0.0,0.0,0.0
2013-02-19 00:00:00+09:00,962.5,965.0,947.5,957.5,158290,0.0,0.0,0.0
2013-02-20 00:00:00+09:00,960.0,970.0,952.5,965.0,214010,0.0,0.0,0.0
2013-02-21 00:00:00+09:00,955.0,1107.5,955.0,1107.5,3696506,0.0,0.0,0.0
2013-02-22 00:00:00+09:00,1145.0,1150.0,1047.5,1065.0,2864822,0.0,0.0,0.0
2013-02-25 00:00:00+09:00,1085.0,1177.5,1062.5,1085.0,3011454,0.0,0.0,0.0
2013-02-26 00:00:00+09:00,1092.5,1157.5,1032.5,1050.0,5132914,0.0,0.0,0.0
2013-02-27 00:00:00+09:00,1060.0,1145.0,1060.0,1145.0,2597920,0.0,0.0,0.0
2013-02-28 00:00:00+09:00,1150.0,1202.5,1110.0,1155.0,3035488,0.0,0.0,0.0
2013-03-04 00:00:00+09:00,1170.0,1230.0,1155.0,1190.0,1698014,0.0,0.0,0.0
2013-03-05 00:00:00+09:00,1195.0,1205.0,1127.5,1172.5,1243290,0.0,0.0,0.0
2013-03-06 00:00:00+09:00,1172.5,1225.0,1147.5,1207.5,1198960,0.0,0.0,0.0
2013-03-07 00:00:00+09:00,1160.0,1195.0,1102.5,1180.0,1280154,0.0,0.0,0.0
2013-03-08 00:00:00+09:00,1180.0,1230.0,1125.0,1125.0,1370170,0.0,0.0,0.0
2013-03-11 00:00:00+09:00,1115.0,1152.5,1082.5,1142.5,708558,0.0,0.0,0.0
2013-03-12 00:00:00+09:00,1145.0,1187.5,1135.0,1137.5,545174,0.0,0.0,0.0
2013-03-13 00:00:00+09:00,1150.0,1182.5,1115.0,1135.0,406490,0.0,0.0,0.0
2013-03-14 00:00:00+09:00,1157.5,1172.5,1127.5,1147.5,528616,0.0,0.0,0.0
2013-03-15 00:00:00+09:00,1155.0,1172.5,1120.0,1170.0,516468,0.0,0.0,0.0
2013-03-18 00:00:00+09:00,1190.0,1242.5,1100.0,1120.0,1453382,0.0,0.0,0.0
2013-03-19 00:00:00+09:00,1125.0,1170.0,1117.5,1170.0,459336,0.0,0.0,0.0
2013-03-20 00:00:00+09:00,1155.0,1177.5,1137.5,1137.5,399666,0.0,0.0,0.0
2013-03-21 00:00:00+09:00,1147.5,1187.5,967.5,1087.5,2166340,0.0,0.0,0.0
2013-03-22 00:00:00+09:00,1095.0,1110.0,1072.5,1092.5,356702,0.0,0.0,0.0
2013-03-25 00:00:00+09:00,1100.0,1147.5,1095.0,1115.0,250846,0.0,0.0,0.0
2013-03-26 00:00:00+09:00,1132.5,1147.5,1097.5,1110.0,146504,0.0,0.0,0.0
2013-03-27 00:00:00+09:00,1120.0,1122.5,1075.0,1100.0,310354,0.0,0.0,0.0
2013-03-28 00:00:00+09:00,1085.0,1122.5,1085.0,1112.5,146900,0.0,0.0,0.0
2013-03-29 00:00:00+09:00,1120.0,1142.5,1110.0,1137.5,351386,0.0,0.0,0.0
2013-04-01 00:00:00+09:00,1135.0,1150.0,1122.5,1147.5,240378,0.0,0.0,0.0
2013-04-02 00:00:00+09:00,1160.0,1220.0,1132.5,1160.0,1154194,0.0,0.0,0.0
2013-04-03 00:00:00+09:00,1175.0,1207.5,1155.0,1160.0,397612,0.0,0.0,0.0
2013-04-04 00:00:00+09:00,1165.0,1170.0,1077.5,1137.5,694724,0.0,0.0,0.0
2013-04-05 00:00:00+09:00,1150.0,1160.0,1100.0,1122.5,272388,0.0,0.0,0.0
2013-04-08 00:00:00+09:00,1077.5,1142.5,1065.0,1105.0,280086,0.0,0.0,0.0
2013-04-09 00:00:00+09:00,1085.0,1102.5,1045.0,1052.5,348638,0.0,0.0,0.0
2013-04-10 00:00:00+09:00,1090.0,1090.0,1052.5,1077.5,139648,0.0,0.0,0.0
2013-04-11 00:00:00+09:00,1100.0,1100.0,1047.5,1067.5,306422,0.0,0.0,0.0
2013-04-12 00:00:00+09:00,1060.0,1075.0,1055.0,1067.5,228030,0.0,0.0,0.0
2013-04-15 00:00:00+09:00,1075.0,1075.0,1042.5,1060.0,196752,0.0,0.0,0.0
2013-04-16 00:00:00+09:00,1060.0,1060.0,1000.0,1042.5,407496,0.0,0.0,0.0
2013-04-17 00:00:00+09:00,1047.5,1052.5,1007.5,1027.5,265760,0.0,0.0,0.0
2013-04-18 00:00:00+09:00,1027.5,1035.0,1000.0,1030.0,128626,0.0,0.0,0.0
2013-04-19 00:00:00+09:00,1030.0,1042.5,1005.0,1032.5,182592,0.0,0.0,0.0
2013-04-22 00:00:00+09:00,1047.5,1047.5,997.5,1017.5,296222,0.0,0.0,0.0
2013-04-23 00:00:00+09:00,1010.0,1025.0,995.0,995.0,253690,0.0,0.0,0.0
2013-04-24 00:00:00+09:00,1005.0,1007.5,980.0,1000.0,224200,0.0,0.0,0.0
2013-04-25 00:00:00+09:00,1010.0,1010.0,987.5,990.0,249618,0.0,0.0,0.0
2013-04-26 00:00:00+09:00,990.0,1007.5,977.5,1000.0,148700,0.0,0.0,0.0
2013-04-29 00:00:00+09:00,1002.5,1020.0,1000.0,1020.0,152878,0.0,0.0,0.0
2013-04-30 00:00:00+09:00,1020.0,1055.0,1007.5,1055.0,251660,0.0,0.0,0.0
2013-05-02 00:00:00+09:00,1060.0,1070.0,1025.0,1050.0,169676,0.0,0.0,0.0
2013-05-03 00:00:00+09:00,1055.0,1127.5,1030.0,1100.0,420334,0.0,0.0,0.0
2013-05-06 00:00:00+09:00,1100.0,1107.5,1082.5,1100.0,209452,0.0,0.0,0.0
2013-05-07 00:00:00+09:00,1102.5,1125.0,1092.5,1097.5,194034,0.0,0.0,0.0
2013-05-08 00:00:00+09:00,1112.5,1112.5,1082.5,1082.5,225096,0.0,0.0,0.0
2013-05-09 00:00:00+09:00,1080.0,1097.5,1067.5,1085.0,132372,0.0,0.0,0.0
2013-05-10 00:00:00+09:00,1097.5,1117.5,1085.0,1100.0,304656,0.0,0.0,0.0
2013-05-13 00:00:00+09:00,1100.0,1152.5,1097.5,1135.0,545524,0.0,0.0,0.0
2013-05-14 00:00:00+09:00,1147.5,1147.5,1105.0,1127.5,436264,0.0,0.0,0.0
2013-05-15 00:00:00+09:00,1127.5,1177.5,1127.5,1177.5,670482,0.0,0.0,0.0
2013-05-16 00:00:00+09:00,1180.0,1192.5,1157.5,1182.5,308660,0.0,0.0,0.0
2013-05-20 00:00:00+09:00,1197.5,1225.0,1155.0,1162.5,440744,0.0,0.0,0.0
2013-05-21 00:00:00+09:00,1162.5,1175.0,1137.5,1162.5,227668,0.0,0.0,0.0
2013-05-22 00:00:00+09:00,1162.5,1190.0,1125.0,1145.0,398630,0.0,0.0,0.0
2013-05-23 00:00:00+09:00,1145.0,1165.0,1130.0,1145.0,215518,0.0,0.0,0.0
2013-05-24 00:00:00+09:00,1150.0,1215.0,1142.5,1147.5,366224,0.0,0.0,0.0
2013-05-27 00:00:00+09:00,1160.0,1182.5,1147.5,1170.0,227854,0.0,0.0,0.0
2013-05-28 00:00:00+09:00,1180.0,1180.0,1135.0,1160.0,351636,0.0,0.0,0.0
2013-05-29 00:00:00+09:00,1162.5,1162.5,1145.0,1160.0,186850,0.0,0.0,0.0
2013-05-30 00:00:00+09:00,1160.0,1332.5,1160.0,1332.5,3775108,0.0,0.0,0.0
2013-05-31 00:00:00+09:00,1320.0,1350.0,1270.0,1340.0,2823462,0.0,0.0,0.0
2013-06-03 00:00:00+09:00,1355.0,1372.5,1305.0,1330.0,1483114,0.0,0.0,0.0
2013-06-04 00:00:00+09:00,1335.0,1352.5,1272.5,1342.5,1190454,0.0,0.0,0.0
2013-06-05 00:00:00+09:00,1350.0,1365.0,1310.0,1337.5,502028,0.0,0.0,0.0
2013-06-07 00:00:00+09:00,1335.0,1335.0,1230.0,1250.0,626102,0.0,0.0,0.0
2013-06-10 00:00:00+09:00,1200.0,1275.0,1177.5,1250.0,454328,0.0,0.0,0.0
2013-06-11 00:00:00+09:00,1265.0,1437.5,1250.0,1437.5,4039888,0.0,0.0,0.0
2013-06-12 00:00:00+09:00,1450.0,1500.0,1367.5,1467.5,4730222,0.0,0.0,0.0
2013-06-13 00:00:00+09:00,1485.0,1550.0,1420.0,1470.0,2015292,0.0,0.0,0.0
2013-06-14 00:00:00+09:00,1460.0,1485.0,1295.0,1380.0,2001502,0.0,0.0,0.0
2013-06-17 00:00:00+09:00,1360.0,1400.0,1175.0,1260.0,3430078,0.0,0.0,0.0
2013-06-18 00:00:00+09:00,1182.5,1237.5,1175.0,1185.0,1645250,0.0,0.0,0.0
2013-06-19 00:00:00+09:00,1210.0,1325.0,1007.5,1007.5,5203768,0.0,0.0,0.0
2013-06-20 00:00:00+09:00,1030.0,1085.0,1007.5,1065.0,2107976,0.0,0.0,0.0
2013-06-21 00:00:00+09:00,1015.0,1077.5,985.0,1062.5,1048926,0.0,0.0,0.0
2013-06-24 00:00:00+09:00,1055.0,1060.0,1025.0,1032.5,825384,0.0,0.0,0.0
2013-06-25 00:00:00+09:00,1012.5,1035.0,922.5,995.0,1666490,0.0,0.0,0.0
2013-06-26 00:00:00+09:00,967.5,1005.0,960.0,990.0,679434,0.0,0.0,0.0
2013-06-27 00:00:00+09:00,990.0,1042.5,985.0,1030.0,649730,0.0,0.0,0.0
2013-06-28 00:00:00+09:00,1045.0,1045.0,1017.5,1027.5,277090,0.0,0.0,0.0
2013-07-01 00:00:00+09:00,1035.0,1040.0,1020.0,1030.0,145446,0.0,0.0,0.0
2013-07-02 00:00:00+09:00,1035.0,1070.0,1025.0,1062.5,448980,0.0,0.0,0.0
2013-07-03 00:00:00+09:00,1062.5,1072.5,1037.5,1037.5,363972,0.0,0.0,0.0
2013-07-04 00:00:00+09:00,1045.0,1045.0,980.0,1025.0,753892,0.0,0.0,0.0
2013-07-05 00:00:00+09:00,1015.0,1050.0,1007.5,1020.0,249596,0.0,0.0,0.0
2013-07-08 00:00:00+09:00,1035.0,1037.5,1012.5,1012.5,229862,0.0,0.0,0.0
2013-07-09 00:00:00+09:00,1025.0,1072.5,1012.5,1055.0,677436,0.0,0.0,0.0
2013-07-10 00:00:00+09:00,1055.0,1072.5,1020.0,1045.0,305872,0.0,0.0,0.0
2013-07-11 00:00:00+09:00,1047.5,1067.5,1035.0,1065.0,265036,0.0,0.0,0.0
2013-07-12 00:00:00+09:00,1077.5,1077.5,1050.0,1065.0,205028,0.0,0.0,0.0
2013-07-15 00:00:00+09:00,1072.5,1072.5,1030.0,1035.0,352852,0.0,0.0,0.0
2013-07-16 00:00:00+09:00,1045.0,1062.5,1042.5,1060.0,201700,0.0,0.0,0.0
2013-07-17 00:00:00+09:00,1050.0,1080.0,1042.5,1042.5,253366,0.0,0.0,0.0
2013-07-18 00:00:00+09:00,1042.5,1172.5,1040.0,1132.5,2503008,0.0,0.0,0.0
2013-07-19 00:00:00+09:00,1112.5,1140.0,1090.0,1102.5,573194,0.0,0.0,0.0
2013-07-22 00:00:00+09:00,1120.0,1120.0,1075.0,1102.5,346272,0.0,0.0,0.0
2013-07-23 00:00:00+09:00,1092.5,1105.0,1065.0,1067.5,421150,0.0,0.0,0.0
2013-07-24 00:00:00+09:00,1072.5,1095.0,1067.5,1092.5,227792,0.0,0.0,0.0
2013-07-25 00:00:00+09:00,1092.5,1092.5,1072.5,1077.5,209096,0.0,0.0,0.0
2013-07-26 00:00:00+09:00,1080.0,1087.5,1062.5,1077.5,224738,0.0,0.0,0.0
2013-07-29 00:00:00+09:00,1085.0,1085.0,1035.0,1045.0,366454,0.0,0.0,0.0
2013-07-30 00:00:00+09:00,1045.0,1060.0,1035.0,1055.0,157476,0.0,0.0,0.0
2013-07-31 00:00:00+09:00,1060.0,1067.5,1035.0,1060.0,306806,0.0,0.0,0.0
2013-08-01 00:00:00+09:00,1065.0,1065.0,1035.0,1040.0,332452,0.0,0.0,0.0
2013-08-02 00:00:00+09:00,1052.5,1060.0,1040.0,1047.5,129078,0.0,0.0,0.0
2013-08-05 00:00:00+09:00,1052.5,1075.0,1045.0,1075.0,170500,0.0,0.0,0.0
2013-08-06 00:00:00+09:00,1082.5,1090.0,1040.0,1060.0,271648,0.0,0.0,0.0
2013-08-07 00:00:00+09:00,1060.0,1070.0,1047.5,1062.5,186792,0.0,0.0,0.0
2013-08-08 00:00:00+09:00,1055.0,1067.5,1040.0,1050.0,222278,0.0,0.0,0.0
2013-08-09 00:00:00+09:00,1060.0,1060.0,1032.5,1045.0,197702,0.0,0.0,0.0
2013-08-12 00:00:00+09:00,1037.5,1045.0,1032.5,1032.5,201082,0.0,0.0,0.0
2013-08-13 00:00:00+09:00,1032.5,1032.5,880.0,915.0,4595910,0.0,0.0,0.0
2013-08-14 00:00:00+09:00,915.0,962.5,912.5,957.5,838836,0.0,0.0,0.0
2013-08-16 00:00:00+09:00,957.5,960.0,927.5,947.5,455946,0.0,0.0,0.0
2013-08-19 00:00:00+09:00,925.0,937.5,920.0,932.5,266202,0.0,0.0,0.0
2013-08-20 00:00:00+09:00,920.0,942.5,902.5,902.5,310720,0.0,0.0,0.0
2013-08-21 00:00:00+09:00,915.0,915.0,850.0,865.0,718518,0.0,0.0,0.0
2013-08-22 00:00:00+09:00,835.0,847.5,817.5,830.0,627470,0.0,0.0,0.0
2013-08-23 00:00:00+09:00,842.5,880.0,835.0,867.5,176658,0.0,0.0,0.0
2013-08-26 00:00:00+09:00,862.5,875.0,852.5,875.0,179092,0.0,0.0,0.0
2013-08-27 00:00:00+09:00,890.0,890.0,860.0,870.0,158364,0.0,0.0,0.0
2013-08-28 00:00:00+09:00,865.0,865.0,845.0,845.0,161918,0.0,0.0,0.0
2013-08-29 00:00:00+09:00,840.0,875.0,837.5,870.0,126334,0.0,0.0,0.0
2013-08-30 00:00:00+09:00,862.5,875.0,850.0,857.5,191270,0.0,0.0,0.0
2013-09-02 00:00:00+09:00,862.5,870.0,850.0,857.5,85268,0.0,0.0,0.0
2013-09-03 00:00:00+09:00,857.5,877.5,845.0,875.0,163546,0.0,0.0,0.0
2013-09-04 00:00:00+09:00,880.0,880.0,862.5,862.5,77530,0.0,0.0,0.0
2013-09-05 00:00:00+09:00,875.0,885.0,865.0,880.0,119098,0.0,0.0,0.0
2013-09-06 00:00:00+09:00,880.0,887.5,870.0,882.5,94048,0.0,0.0,0.0
2013-09-09 00:00:00+09:00,895.0,900.0,872.5,882.5,54180,0.0,0.0,0.0
2013-09-10 00:00:00+09:00,887.5,890.0,867.5,872.5,80836,0.0,0.0,0.0
2013-09-11 00:00:00+09:00,877.5,892.5,867.5,890.0,160896,0.0,0.0,0.0
2013-09-12 00:00:00+09:00,892.5,900.0,862.5,880.0,225402,0.0,0.0,0.0
2013-09-13 00:00:00+09:00,882.5,885.0,847.5,855.0,316230,0.0,0.0,0.0
2013-09-16 00:00:00+09:00,865.0,867.5,850.0,860.0,98610,0.0,0.0,0.0
2013-09-17 00:00:00+09:00,860.0,865.0,835.0,860.0,151956,0.0,0.0,0.0
2013-09-23 00:00:00+09:00,860.0,870.0,857.5,860.0,50826,0.0,0.0,0.0
2013-09-24 00:00:00+09:00,845.0,860.0,840.0,852.5,155110,0.0,0.0,0.0
2013-09-25 00:00:00+09:00,855.0,855.0,832.5,840.0,168718,0.0,0.0,0.0
2013-09-26 00:00:00+09:00,832.5,845.0,822.5,825.0,244696,0.0,0.0,0.0
2013-09-27 00:00:00+09:00,822.5,867.5,822.5,862.5,205162,0.0,0.0,0.0
2013-09-30 00:00:00+09:00,865.0,880.0,842.5,852.5,150858,0.0,0.0,0.0
2013-10-01 00:00:00+09:00,860.0,865.0,830.0,847.5,168180,0.0,0.0,0.0
2013-10-02 00:00:00+09:00,855.0,860.0,827.5,835.0,105962,0.0,0.0,0.0
2013-10-04 00:00:00+09:00,835.0,860.0,832.5,845.0,99878,0.0,0.0,0.0
2013-10-07 00:00:00+09:00,850.0,960.0,840.0,930.0,1925968,0.0,0.0,0.0
2013-10-08 00:00:00+09:00,930.0,930.0,875.0,915.0,439968,0.0,0.0,0.0
2013-10-10 00:00:00+09:00,905.0,985.0,905.0,955.0,1308548,0.0,0.0,0.0
2013-10-11 00:00:00+09:00,965.0,972.5,952.5,957.5,391508,0.0,0.0,0.0
2013-10-14 00:00:00+09:00,970.0,1012.5,955.0,985.0,714982,0.0,0.0,0.0
2013-10-15 00:00:00+09:00,1000.0,1000.0,950.0,977.5,229358,0.0,0.0,0.0
2013-10-16 00:00:00+09:00,970.0,982.5,955.0,972.5,200258,0.0,0.0,0.0
2013-10-17 00:00:00+09:00,980.0,1045.0,962.5,985.0,538054,0.0,0.0,0.0
2013-10-18 00:00:00+09:00,985.0,1032.5,982.5,1005.0,306038,0.0,0.0,0.0
2013-10-21 00:00:00+09:00,997.5,1002.5,960.0,995.0,350662,0.0,0.0,0.0
2013-10-22 00:00:00+09:00,990.0,1000.0,970.0,970.0,115328,0.0,0.0,0.0
2013-10-23 00:00:00+09:00,977.5,997.5,937.5,945.0,357596,0.0,0.0,0.0
2013-10-24 00:00:00+09:00,945.0,965.0,935.0,960.0,120592,0.0,0.0,0.0
2013-10-25 00:00:00+09:00,950.0,962.5,932.5,957.5,137348,0.0,0.0,0.0
2013-10-28 00:00:00+09:00,955.0,955.0,930.0,950.0,82148,0.0,0.0,0.0
2013-10-29 00:00:00+09:00,950.0,950.0,902.5,902.5,194256,0.0,0.0,0.0
2013-10-30 00:00:00+09:00,902.5,985.0,902.5,950.0,437520,0.0,0.0,0.0
2013-10-31 00:00:00+09:00,942.5,952.5,905.0,945.0,163582,0.0,0.0,0.0
2013-11-01 00:00:00+09:00,945.0,972.5,932.5,950.0,106422,0.0,0.0,0.0
2013-11-04 00:00:00+09:00,950.0,950.0,915.0,937.5,154498,0.0,0.0,0.0
2013-11-05 00:00:00+09:00,935.0,935.0,905.0,930.0,127126,0.0,0.0,0.0
2013-11-06 00:00:00+09:00,930.0,930.0,892.5,910.0,183232,0.0,0.0,0.0
2013-11-07 00:00:00+09:00,910.0,917.5,890.0,915.0,70414,0.0,0.0,0.0
2013-11-08 00:00:00+09:00,897.5,915.0,885.0,912.5,69274,0.0,0.0,0.0
2013-11-11 00:00:00+09:00,917.5,917.5,862.5,892.5,171444,0.0,0.0,0.0
2013-11-12 00:00:00+09:00,837.5,885.0,837.5,885.0,329188,0.0,0.0,0.0
2013-11-13 00:00:00+09:00,892.5,892.5,855.0,855.0,188540,0.0,0.0,0.0
2013-11-14 00:00:00+09:00,870.0,872.5,842.5,852.5,115206,0.0,0.0,0.0
2013-11-15 00:00:00+09:00,845.0,895.0,845.0,880.0,173268,0.0,0.0,0.0
2013-11-18 00:00:00+09:00,882.5,882.5,852.5,875.0,121590,0.0,0.0,0.0
2013-11-19 00:00:00+09:00,875.0,885.0,865.0,882.5,245872,0.0,0.0,0.0
2013-11-20 00:00:00+09:00,875.0,912.5,875.0,910.0,285456,0.0,0.0,0.0
2013-11-21 00:00:00+09:00,937.5,975.0,912.5,930.0,827242,0.0,0.0,0.0
2013-11-22 00:00:00+09:00,925.0,937.5,900.0,927.5,295334,0.0,0.0,0.0
2013-11-25 00:00:00+09:00,927.5,930.0,905.0,905.0,197158,0.0,0.0,0.0
2013-11-26 00:00:00+09:00,910.0,930.0,905.0,927.5,172262,0.0,0.0,0.0
2013-11-27 00:00:00+09:00,940.0,947.5,912.5,920.0,290668,0.0,0.0,0.0
2013-11-28 00:00:00+09:00,915.0,922.5,907.5,912.5,212580,0.0,0.0,0.0
2013-11-29 00:00:00+09:00,922.5,922.5,890.0,902.5,215852,0.0,0.0,0.0
2013-12-02 00:00:00+09:00,905.0,912.5,872.5,895.0,304184,0.0,0.0,0.0
2013-12-03 00:00:00+09:00,892.5,897.5,875.0,887.5,167050,0.0,0.0,0.0
2013-12-04 00:00:00+09:00,885.0,885.0,860.0,860.0,97784,0.0,0.0,0.0
2013-12-05 00:00:00+09:00,860.0,877.5,850.0,852.5,198850,0.0,0.0,0.0
2013-12-06 00:00:00+09:00,852.5,890.0,845.0,887.5,156478,0.0,0.0,0.0
2013-12-09 00:00:00+09:00,900.0,927.5,887.5,907.5,485522,0.0,0.0,0.0
2013-12-10 00:00:00+09:00,917.5,917.5,892.5,897.5,87072,0.0,0.0,0.0
2013-12-11 00:00:00+09:00,905.0,907.5,880.0,880.0,100348,0.0,0.0,0.0
2013-12-12 00:00:00+09:00,865.0,895.0,865.0,887.5,47090,0.0,0.0,0.0
2013-12-13 00:00:00+09:00,897.5,937.5,880.0,917.5,421072,0.0,0.0,0.0
2013-12-16 00:00:00+09:00,917.5,927.5,907.5,912.5,152628,0.0,0.0,0.0
2013-12-17 00:00:00+09:00,915.0,920.0,900.0,912.5,40730,0.0,0.0,0.0
2013-12-18 00:00:00+09:00,917.5,922.5,895.0,900.0,77094,0.0,0.0,0.0
2013-12-19 00:00:00+09:00,882.5,910.0,865.0,870.0,250976,0.0,0.0,0.0
2013-12-20 00:00:00+09:00,855.0,880.0,850.0,862.5,504020,0.0,0.0,0.0
2013-12-23 00:00:00+09:00,855.0,875.0,850.0,875.0,122214,0.0,0.0,0.0
2013-12-24 00:00:00+09:00,865.0,880.0,865.0,870.0,137148,0.0,0.0,0.0
2013-12-26 00:00:00+09:00,867.5,880.0,860.0,875.0,123672,0.0,0.0,0.0
2013-12-27 00:00:00+09:00,865.0,885.0,865.0,880.0,81374,0.0,0.0,0.0
2013-12-30 00:00:00+09:00,885.0,885.0,875.0,885.0,63372,0.0,0.0,0.0
2014-01-02 00:00:00+09:00,882.5,882.5,860.0,867.5,60214,0.0,0.0,0.0
2014-01-03 00:00:00+09:00,865.0,872.5,857.5,872.5,100552,0.0,0.0,0.0
2014-01-06 00:00:00+09:00,875.0,880.0,865.0,880.0,109448,0.0,0.0,0.0
2014-01-07 00:00:00+09:00,880.0,892.5,875.0,882.5,26588,0.0,0.0,0.0
2014-01-08 00:00:00+09:00,890.0,890.0,865.0,877.5,75140,0.0,0.0,0.0
2014-01-09 00:00:00+09:00,875.0,887.5,870.0,887.5,63786,0.0,0.0,0.0
2014-01-10 00:00:00+09:00,885.0,890.0,870.0,885.0,111384,0.0,0.0,0.0
2014-01-13 00:00:00+09:00,885.0,887.5,867.5,882.5,59266,0.0,0.0,0.0
2014-01-14 00:00:00+09:00,880.0,885.0,870.0,882.5,45436,0.0,0.0,0.0
2014-01-15 00:00:00+09:00,885.0,920.0,885.0,920.0,534590,0.0,0.0,0.0
2014-01-16 00:00:00+09:00,915.0,942.5,905.0,930.0,634464,0.0,0.0,0.0
2014-01-17 00:00:00+09:00,930.0,940.0,920.0,930.0,258540,0.0,0.0,0.0
2014-01-20 00:00:00+09:00,927.5,940.0,915.0,930.0,140800,0.0,0.0,0.0
2014-01-21 00:00:00+09:00,927.5,927.5,897.5,902.5,344322,0.0,0.0,0.0
2014-01-22 00:00:00+09:00,897.5,917.5,895.0,917.5,282848,0.0,0.0,0.0
2014-01-23 00:00:00+09:00,920.0,925.0,907.5,917.5,151414,0.0,0.0,0.0
2014-01-24 00:00:00+09:00,920.0,920.0,882.5,905.0,215454,0.0,0.0,0.0
2014-01-27 00:00:00+09:00,862.5,895.0,855.0,875.0,254862,0.0,0.0,0.0
2014-01-28 00:00:00+09:00,875.0,880.0,852.5,880.0,191214,0.0,0.0,0.0
2014-01-29 00:00:00+09:00,877.5,890.0,877.5,887.5,136280,0.0,0.0,0.0
2014-02-03 00:00:00+09:00,887.5,887.5,870.0,885.0,99160,0.0,0.0,0.0
2014-02-04 00:00:00+09:00,880.0,880.0,847.5,872.5,252272,0.0,0.0,0.0
2014-02-05 00:00:00+09:00,880.0,885.0,865.0,872.5,136418,0.0,0.0,0.0
2014-02-06 00:00:00+09:00,880.0,880.0,855.0,860.0,135664,0.0,0.0,0.0
2014-02-07 00:00:00+09:00,860.0,870.0,860.0,870.0,129888,0.0,0.0,0.0
2014-02-10 00:00:00+09:00,892.5,910.0,872.5,890.0,357848,0.0,0.0,0.0
2014-02-11 00:00:00+09:00,900.0,912.5,877.5,877.5,263792,0.0,0.0,0.0
2014-02-12 00:00:00+09:00,880.0,912.5,880.0,910.0,256704,0.0,0.0,0.0
2014-02-13 00:00:00+09:00,925.0,995.0,900.0,900.0,1674676,0.0,0.0,0.0
2014-02-14 00:00:00+09:00,912.5,912.5,877.5,880.0,423028,0.0,0.0,0.0
2014-02-17 00:00:00+09:00,880.0,890.0,865.0,872.5,184480,0.0,0.0,0.0
2014-02-18 00:00:00+09:00,867.5,885.0,862.5,867.5,312368,0.0,0.0,0.0
2014-02-19 00:00:00+09:00,862.5,872.5,860.0,872.5,176954,0.0,0.0,0.0
2014-02-20 00:00:00+09:00,872.5,872.5,857.5,857.5,260454,0.0,0.0,0.0
2014-02-21 00:00:00+09:00,860.0,865.0,850.0,852.5,209510,0.0,0.0,0.0
2014-02-24 00:00:00+09:00,855.0,870.0,850.0,857.5,235286,0.0,0.0,0.0
2014-02-25 00:00:00+09:00,855.0,872.5,855.0,865.0,101442,0.0,0.0,0.0
2014-02-26 00:00:00+09:00,912.5,992.5,882.5,897.5,6838358,0.0,0.0,0.0
2014-02-27 00:00:00+09:00,887.5,897.5,880.0,890.0,694776,0.0,0.0,0.0
2014-02-28 00:00:00+09:00,890.0,895.0,880.0,887.5,581806,0.0,0.0,0.0
2014-03-03 00:00:00+09:00,892.5,902.5,880.0,890.0,472510,0.0,0.0,0.0
2014-03-04 00:00:00+09:00,890.0,920.0,885.0,895.0,772376,0.0,0.0,0.0
2014-03-05 00:00:00+09:00,900.0,907.5,885.0,887.5,534734,0.0,0.0,0.0
2014-03-06 00:00:00+09:00,895.0,895.0,870.0,872.5,728030,0.0,0.0,0.0
2014-03-07 00:00:00+09:00,875.0,887.5,875.0,885.0,257050,0.0,0.0,0.0
2014-03-10 00:00:00+09:00,882.5,900.0,882.5,887.5,281160,0.0,0.0,0.0
2014-03-11 00:00:00+09:00,892.5,902.5,882.5,902.5,316412,0.0,0.0,0.0
2014-03-12 00:00:00+09:00,905.0,935.0,897.5,917.5,1053476,0.0,0.0,0.0
2014-03-13 00:00:00+09:00,920.0,920.0,895.0,920.0,397860,0.0,0.0,0.0
2014-03-14 00:00:00+09:00,907.5,930.0,902.5,920.0,562556,0.0,0.0,0.0
2014-03-17 00:00:00+09:00,922.5,925.0,895.0,910.0,408322,0.0,0.0,0.0
2014-03-18 00:00:00+09:00,907.5,915.0,900.0,905.0,338432,0.0,0.0,0.0
2014-03-19 00:00:00+09:00,902.5,947.5,902.5,942.5,1246340,0.0,0.0,0.0
2014-03-20 00:00:00+09:00,942.5,952.5,930.0,950.0,509460,0.0,0.0,0.0
2014-03-21 00:00:00+09:00,950.0,950.0,932.5,942.5,483890,0.0,0.0,0.0
2014-03-24 00:00:00+09:00,945.0,945.0,922.5,937.5,510248,0.0,0.0,0.0
2014-03-25 00:00:00+09:00,937.5,942.5,917.5,917.5,536260,0.0,0.0,0.0
2014-03-26 00:00:00+09:00,920.0,937.5,920.0,932.5,268946,0.0,0.0,0.0
2014-03-27 00:00:00+09:00,937.5,940.0,925.0,940.0,260984,0.0,0.0,0.0
2014-03-28 00:00:00+09:00,940.0,955.0,927.5,945.0,487974,0.0,0.0,0.0
2014-03-31 00:00:00+09:00,957.5,972.5,942.5,942.5,759688,0.0,0.0,0.0
2014-04-01 00:00:00+09:00,950.0,952.5,935.0,950.0,197208,0.0,0.0,0.0
2014-04-02 00:00:00+09:00,952.5,960.0,935.0,942.5,377288,0.0,0.0,0.0
2014-04-03 00:00:00+09:00,937.5,955.0,937.5,950.0,259050,0.0,0.0,0.0
2014-04-04 00:00:00+09:00,955.0,957.5,940.0,957.5,225524,0.0,0.0,0.0
2014-04-07 00:00:00+09:00,957.5,957.5,940.0,945.0,237996,0.0,0.0,0.0
2014-04-08 00:00:00+09:00,950.0,950.0,927.5,935.0,269854,0.0,0.0,0.0
2014-04-09 00:00:00+09:00,937.5,945.0,917.5,930.0,321434,0.0,0.0,0.0
2014-04-10 00:00:00+09:00,932.5,940.0,922.5,932.5,174160,0.0,0.0,0.0
2014-04-11 00:00:00+09:00,922.5,935.0,920.0,932.5,113152,0.0,0.0,0.0
2014-04-14 00:00:00+09:00,927.5,935.0,927.5,932.5,103770,0.0,0.0,0.0
2014-04-15 00:00:00+09:00,935.0,945.0,930.0,937.5,147298,0.0,0.0,0.0
2014-04-16 00:00:00+09:00,932.5,952.5,925.0,950.0,468704,0.0,0.0,0.0
2014-04-17 00:00:00+09:00,950.0,960.0,940.0,947.5,199930,0.0,0.0,0.0
2014-04-18 00:00:00+09:00,937.5,955.0,935.0,952.5,224586,0.0,0.0,0.0
2014-04-21 00:00:00+09:00,950.0,952.5,937.5,937.5,169356,0.0,0.0,0.0
2014-04-22 00:00:00+09:00,940.0,947.5,930.0,940.0,184078,0.0,0.0,0.0
2014-04-23 00:00:00+09:00,945.0,945.0,922.5,927.5,157016,0.0,0.0,0.0
2014-04-24 00:00:00+09:00,925.0,932.5,905.0,912.5,326104,0.0,0.0,0.0
2014-04-25 00:00:00+09:00,917.5,920.0,902.5,917.5,120544,0.0,0.0,0.0
2014-04-28 00:00:00+09:00,917.5,925.0,902.5,925.0,124838,0.0,0.0,0.0
2014-04-29 00:00:00+09:00,927.5,927.5,912.5,920.0,99174,0.0,0.0,0.0
2014-04-30 00:00:00+09:00,935.0,980.0,930.0,962.5,1567344,0.0,0.0,0.0
2014-05-02 00:00:00+09:00,970.0,982.5,942.5,962.5,773550,0.0,0.0,0.0
2014-05-07 00:00:00+09:00,960.0,965.0,945.0,952.5,287054,0.0,0.0,0.0
2014-05-08 00:00:00+09:00,952.5,970.0,937.5,960.0,376642,0.0,0.0,0.0
2014-05-09 00:00:00+09:00,962.5,995.0,960.0,992.5,1096572,0.0,0.0,0.0
2014-05-12 00:00:00+09:00,997.5,1012.5,982.5,990.0,787206,0.0,0.0,0.0
2014-05-13 00:00:00+09:00,995.0,1010.0,975.0,985.0,494638,0.0,0.0,0.0
2014-05-14 00:00:00+09:00,987.5,1020.0,980.0,1005.0,746654,0.0,0.0,0.0
2014-05-15 00:00:00+09:00,1007.5,1015.0,995.0,995.0,300436,0.0,0.0,0.0
2014-05-16 00:00:00+09:00,990.0,1002.5,962.5,977.5,394460,0.0,0.0,0.0
2014-05-19 00:00:00+09:00,965.0,985.0,935.0,947.5,498462,0.0,0.0,0.0
2014-05-20 00:00:00+09:00,940.0,957.5,935.0,950.0,267252,0.0,0.0,0.0
2014-05-21 00:00:00+09:00,942.5,962.5,940.0,950.0,200382,0.0,0.0,0.0
2014-05-22 00:00:00+09:00,950.0,962.5,942.5,950.0,162822,0.0,0.0,0.0
2014-05-23 00:00:00+09:00,950.0,982.5,950.0,967.5,302244,0.0,0.0,0.0
2014-05-26 00:00:00+09:00,980.0,990.0,965.0,985.0,176112,0.0,0.0,0.0
2014-05-27 00:00:00+09:00,985.0,1025.0,952.5,977.5,1503368,0.0,0.0,0.0
2014-05-28 00:00:00+09:00,977.5,1030.0,960.0,982.5,1555564,0.0,0.0,0.0
2014-05-29 00:00:00+09:00,1010.0,1010.0,977.5,987.5,295528,0.0,0.0,0.0
2014-05-30 00:00:00+09:00,987.5,997.5,975.0,990.0,238400,0.0,0.0,0.0
2014-06-02 00:00:00+09:00,995.0,1007.5,960.0,967.5,398806,0.0,0.0,0.0
2014-06-03 00:00:00+09:00,955.0,977.5,910.0,922.5,734410,0.0,0.0,0.0
2014-06-05 00:00:00+09:00,922.5,937.5,897.5,920.0,219598,0.0,0.0,0.0
2014-06-09 00:00:00+09:00,910.0,922.5,892.5,917.5,254358,0.0,0.0,0.0
2014-06-10 00:00:00+09:00,902.5,927.5,902.5,925.0,129596,0.0,0.0,0.0
2014-06-11 00:00:00+09:00,925.0,940.0,922.5,937.5,233532,0.0,0.0,0.0
2014-06-12 00:00:00+09:00,932.5,937.5,920.0,937.5,119472,0.0,0.0,0.0
2014-06-13 00:00:00+09:00,922.5,937.5,922.5,935.0,148704,0.0,0.0,0.0
2014-06-16 00:00:00+09:00,937.5,940.0,925.0,927.5,166342,0.0,0.0,0.0
2014-06-17 00:00:00+09:00,927.5,937.5,922.5,937.5,136682,0.0,0.0,0.0
2014-06-18 00:00:00+09:00,937.5,942.5,927.5,937.5,137184,0.0,0.0,0.0
2014-06-19 00:00:00+09:00,935.0,945.0,915.0,915.0,187578,0.0,0.0,0.0
2014-06-20 00:00:00+09:00,915.0,925.0,910.0,915.0,160130,0.0,0.0,0.0
2014-06-23 00:00:00+09:00,917.5,925.0,910.0,915.0,114432,0.0,0.0,0.0
2014-06-24 00:00:00+09:00,902.5,912.5,892.5,907.5,112584,0.0,0.0,0.0
2014-06-25 00:00:00+09:00,902.5,910.0,887.5,887.5,126462,0.0,0.0,0.0
2014-06-26 00:00:00+09:00,895.0,902.5,890.0,892.5,163614,0.0,0.0,0.0
2014-06-27 00:00:00+09:00,890.0,907.5,890.0,907.5,77800,0.0,0.0,0.0
2014-06-30 00:00:00+09:00,910.0,910.0,897.5,897.5,59752,0.0,0.0,0.0
2014-07-01 00:00:00+09:00,897.5,907.5,890.0,900.0,125810,0.0,0.0,0.0
2014-07-02 00:00:00+09:00,902.5,910.0,897.5,910.0,89262,0.0,0.0,0.0
2014-07-03 00:00:00+09:00,910.0,912.5,900.0,900.0,153014,0.0,0.0,0.0
2014-07-04 00:00:00+09:00,902.5,907.5,892.5,897.5,89902,0.0,0.0,0.0
2014-07-07 00:00:00+09:00,900.0,912.5,897.5,897.5,179784,0.0,0.0,0.0
2014-07-08 00:00:00+09:00,897.5,902.5,892.5,892.5,81322,0.0,0.0,0.0
2014-07-09 00:00:00+09:00,892.5,895.0,867.5,880.0,261102,0.0,0.0,0.0
2014-07-10 00:00:00+09:00,885.0,885.0,875.0,882.5,159162,0.0,0.0,0.0
2014-07-11 00:00:00+09:00,882.5,887.5,872.5,875.0,95946,0.0,0.0,0.0
2014-07-14 00:00:00+09:00,877.5,897.5,875.0,890.0,166272,0.0,0.0,0.0
2014-07-15 00:00:00+09:00,887.5,905.0,887.5,900.0,301976,0.0,0.0,0.0
2014-07-16 00:00:00+09:00,905.0,917.5,892.5,900.0,169666,0.0,0.0,0.0
2014-07-17 00:00:00+09:00,907.5,907.5,890.0,897.5,135562,0.0,0.0,0.0
2014-07-18 00:00:00+09:00,897.5,902.5,887.5,892.5,148714,0.0,0.0,0.0
2014-07-21 00:00:00+09:00,892.5,960.0,890.0,927.5,882234,0.0,0.0,0.0
2014-07-22 00:00:00+09:00,930.0,947.5,925.0,935.0,250698,0.0,0.0,0.0
2014-07-23 00:00:00+09:00,930.0,937.5,925.0,930.0,218236,0.0,0.0,0.0
2014-07-24 00:00:00+09:00,930.0,942.5,930.0,940.0,210504,0.0,0.0,0.0
2014-07-25 00:00:00+09:00,935.0,962.5,935.0,950.0,467366,0.0,0.0,0.0
2014-07-28 00:00:00+09:00,950.0,955.0,920.0,920.0,257732,0.0,0.0,0.0
2014-07-29 00:00:00+09:00,917.5,927.5,910.0,915.0,234648,0.0,0.0,0.0
2014-07-30 00:00:00+09:00,915.0,922.5,905.0,917.5,118512,0.0,0.0,0.0
2014-07-31 00:00:00+09:00,922.5,937.5,880.0,917.5,230926,0.0,0.0,0.0
2014-08-01 00:00:00+09:00,892.5,922.5,892.5,920.0,57716,0.0,0.0,0.0
2014-08-04 00:00:00+09:00,920.0,922.5,905.0,920.0,95026,0.0,0.0,0.0
2014-08-05 00:00:00+09:00,920.0,925.0,892.5,907.5,187044,0.0,0.0,0.0
2014-08-06 00:00:00+09:00,900.0,907.5,887.5,890.0,176728,0.0,0.0,0.0
2014-08-07 00:00:00+09:00,890.0,902.5,887.5,887.5,77648,0.0,0.0,0.0
2014-08-08 00:00:00+09:00,887.5,897.5,865.0,887.5,212880,0.0,0.0,0.0
2014-08-11 00:00:00+09:00,887.5,892.5,882.5,885.0,130708,0.0,0.0,0.0
2014-08-12 00:00:00+09:00,885.0,892.5,875.0,885.0,103918,0.0,0.0,0.0
2014-08-13 00:00:00+09:00,880.0,897.5,880.0,895.0,63854,0.0,0.0,0.0
2014-08-14 00:00:00+09:00,895.0,900.0,887.5,897.5,111898,0.0,0.0,0.0
2014-08-18 00:00:00+09:00,897.5,900.0,887.5,895.0,79032,0.0,0.0,0.0
2014-08-19 00:00:00+09:00,895.0,900.0,885.0,887.5,159776,0.0,0.0,0.0
2014-08-20 00:00:00+09:00,887.5,897.5,885.0,885.0,65684,0.0,0.0,0.0
2014-08-21 00:00:00+09:00,885.0,892.5,880.0,880.0,95872,0.0,0.0,0.0
2014-08-22 00:00:00+09:00,880.0,912.5,880.0,900.0,229986,0.0,0.0,0.0
2014-08-25 00:00:00+09:00,917.5,1015.0,917.5,932.5,4241068,0.0,0.0,0.0
2014-08-26 00:00:00+09:00,955.0,957.5,900.0,922.5,1316272,0.0,0.0,0.0
2014-08-27 00:00:00+09:00,922.5,935.0,910.0,922.5,678550,0.0,0.0,0.0
2014-08-28 00:00:00+09:00,910.0,932.5,905.0,930.0,531498,0.0,0.0,0.0
2014-08-29 00:00:00+09:00,930.0,932.5,915.0,922.5,229590,0.0,0.0,0.0
2014-09-01 00:00:00+09:00,920.0,920.0,900.0,905.0,317966,0.0,0.0,0.0
2014-09-02 00:00:00+09:00,905.0,912.5,892.5,910.0,256632,0.0,0.0,0.0
2014-09-03 00:00:00+09:00,910.0,910.0,890.0,907.5,299304,0.0,0.0,0.0
2014-09-04 00:00:00+09:00,902.5,910.0,882.5,890.0,380610,0.0,0.0,0.0
2014-09-05 00:00:00+09:00,887.5,895.0,880.0,880.0,209610,0.0,0.0,0.0
2014-09-11 00:00:00+09:00,885.0,895.0,885.0,892.5,167078,0.0,0.0,0.0
2014-09-12 00:00:00+09:00,892.5,900.0,885.0,895.0,154574,0.0,0.0,0.0
2014-09-15 00:00:00+09:00,895.0,895.0,882.5,885.0,126188,0.0,0.0,0.0
2014-09-16 00:00:00+09:00,887.5,935.0,885.0,930.0,551188,0.0,0.0,0.0
2014-09-17 00:00:00+09:00,977.5,1047.5,955.0,1012.5,6958370,0.0,0.0,0.0
2014-09-18 00:00:00+09:00,982.5,992.5,957.5,967.5,2920262,0.0,0.0,0.0
2014-09-19 00:00:00+09:00,967.5,972.5,950.0,957.5,1252588,0.0,0.0,0.0
2014-09-22 00:00:00+09:00,945.0,970.0,930.0,967.5,670726,0.0,0.0,0.0
2014-09-23 00:00:00+09:00,965.0,977.5,945.0,950.0,665068,0.0,0.0,0.0
2014-09-24 00:00:00+09:00,950.0,967.5,940.0,950.0,441866,0.0,0.0,0.0
2014-09-25 00:00:00+09:00,965.0,965.0,942.5,942.5,382622,0.0,0.0,0.0
2014-09-26 00:00:00+09:00,937.5,950.0,920.0,947.5,710772,0.0,0.0,0.0
2014-09-29 00:00:00+09:00,955.0,955.0,917.5,925.0,469554,0.0,0.0,0.0
2014-09-30 00:00:00+09:00,925.0,950.0,912.5,947.5,601824,0.0,0.0,0.0
2014-10-01 00:00:00+09:00,947.5,947.5,920.0,922.5,508686,0.0,0.0,0.0
2014-10-02 00:00:00+09:00,915.0,932.5,895.0,927.5,381270,0.0,0.0,0.0
2014-10-06 00:00:00+09:00,927.5,935.0,920.0,930.0,255402,0.0,0.0,0.0
2014-10-07 00:00:00+09:00,930.0,950.0,920.0,947.5,362018,0.0,0.0,0.0
2014-10-08 00:00:00+09:00,947.5,950.0,927.5,927.5,309726,0.0,0.0,0.0
2014-10-10 00:00:00+09:00,917.5,917.5,872.5,882.5,628224,0.0,0.0,0.0
2014-10-13 00:00:00+09:00,875.0,875.0,832.5,835.0,650012,0.0,0.0,0.0
2014-10-14 00:00:00+09:00,822.5,852.5,822.5,842.5,202580,0.0,0.0,0.0
2014-10-15 00:00:00+09:00,842.5,860.0,832.5,850.0,240978,0.0,0.0,0.0
2014-10-16 00:00:00+09:00,850.0,852.5,817.5,850.0,193604,0.0,0.0,0.0
2014-10-17 00:00:00+09:00,850.0,850.0,832.5,835.0,256046,0.0,0.0,0.0
2014-10-20 00:00:00+09:00,840.0,907.5,840.0,865.0,843416,0.0,0.0,0.0
2014-10-21 00:00:00+09:00,870.0,880.0,855.0,860.0,187022,0.0,0.0,0.0
2014-10-22 00:00:00+09:00,860.0,867.5,855.0,855.0,134228,0.0,0.0,0.0
2014-10-23 00:00:00+09:00,855.0,870.0,850.0,857.5,147102,0.0,0.0,0.0
2014-10-24 00:00:00+09:00,860.0,877.5,852.5,860.0,136158,0.0,0.0,0.0
2014-10-27 00:00:00+09:00,875.0,880.0,860.0,860.0,97108,0.0,0.0,0.0
2014-10-28 00:00:00+09:00,860.0,865.0,850.0,852.5,124008,0.0,0.0,0.0
2014-10-29 00:00:00+09:00,852.5,860.0,850.0,850.0,114336,0.0,0.0,0.0
2014-10-30 00:00:00+09:00,855.0,860.0,845.0,852.5,69666,0.0,0.0,0.0
2014-10-31 00:00:00+09:00,855.0,857.5,837.5,847.5,148218,0.0,0.0,0.0
2014-11-03 00:00:00+09:00,847.5,855.0,822.5,827.5,324310,0.0,0.0,0.0
2014-11-04 00:00:00+09:00,820.0,830.0,765.0,775.0,623590,0.0,0.0,0.0
2014-11-05 00:00:00+09:00,762.5,772.5,725.0,730.0,474992,0.0,0.0,0.0
2014-11-06 00:00:00+09:00,712.5,750.0,702.5,750.0,667162,0.0,0.0,0.0
2014-11-07 00:00:00+09:00,740.0,755.0,737.5,745.0,104562,0.0,0.0,0.0
2014-11-10 00:00:00+09:00,745.0,770.0,745.0,762.5,136876,0.0,0.0,0.0
2014-11-11 00:00:00+09:00,770.0,775.0,755.0,772.5,171114,0.0,0.0,0.0
2014-11-12 00:00:00+09:00,767.5,780.0,767.5,780.0,139026,0.0,0.0,0.0
2014-11-13 00:00:00+09:00,785.0,790.0,772.5,782.5,118012,0.0,0.0,0.0
2014-11-14 00:00:00+09:00,782.5,790.0,775.0,777.5,105226,0.0,0.0,0.0
2014-11-17 00:00:00+09:00,775.0,785.0,735.0,760.0,273264,0.0,0.0,0.0
2014-11-18 00:00:00+09:00,760.0,765.0,742.5,760.0,159476,0.0,0.0,0.0
2014-11-19 00:00:00+09:00,760.0,872.5,747.5,790.0,3982538,0.0,0.0,0.0
2014-11-20 00:00:00+09:00,802.5,805.0,762.5,762.5,655326,0.0,0.0,0.0
2014-11-21 00:00:00+09:00,762.5,777.5,757.5,762.5,286160,0.0,0.0,0.0
2014-11-24 00:00:00+09:00,765.0,812.5,760.0,777.5,376290,0.0,0.0,0.0
2014-11-25 00:00:00+09:00,777.5,790.0,767.5,775.0,199840,0.0,0.0,0.0
2014-11-26 00:00:00+09:00,772.5,780.0,765.0,765.0,144904,0.0,0.0,0.0
2014-11-27 00:00:00+09:00,765.0,772.5,755.0,757.5,233858,0.0,0.0,0.0
2014-11-28 00:00:00+09:00,757.5,762.5,747.5,757.5,144688,0.0,0.0,0.0
2014-12-01 00:00:00+09:00,755.0,755.0,727.5,740.0,268454,0.0,0.0,0.0
2014-12-02 00:00:00+09:00,725.0,745.0,722.5,740.0,145198,0.0,0.0,0.0
2014-12-03 00:00:00+09:00,742.5,787.5,735.0,762.5,696836,0.0,0.0,0.0
2014-12-04 00:00:00+09:00,767.5,780.0,752.5,777.5,298960,0.0,0.0,0.0
2014-12-05 00:00:00+09:00,780.0,855.0,767.5,835.0,2000746,0.0,0.0,0.0
2014-12-08 00:00:00+09:00,845.0,877.5,815.0,862.5,993130,0.0,0.0,0.0
2014-12-09 00:00:00+09:00,850.0,865.0,827.5,832.5,768184,0.0,0.0,0.0
2014-12-10 00:00:00+09:00,835.0,847.5,795.0,805.0,552890,0.0,0.0,0.0
2014-12-11 00:00:00+09:00,805.0,827.5,802.5,812.5,308698,0.0,0.0,0.0
2014-12-12 00:00:00+09:00,812.5,817.5,762.5,772.5,552646,0.0,0.0,0.0
2014-12-15 00:00:00+09:00,780.0,810.0,765.0,810.0,257584,0.0,0.0,0.0
2014-12-16 00:00:00+09:00,810.0,822.5,790.0,795.0,256966,0.0,0.0,0.0
2014-12-17 00:00:00+09:00,790.0,815.0,785.0,792.5,159530,0.0,0.0,0.0
2014-12-18 00:00:00+09:00,795.0,795.0,755.0,765.0,233452,0.0,0.0,0.0
2014-12-19 00:00:00+09:00,760.0,772.5,760.0,762.5,150438,0.0,0.0,0.0
2014-12-22 00:00:00+09:00,762.5,780.0,750.0,750.0,181520,0.0,0.0,0.0
2014-12-23 00:00:00+09:00,750.0,762.5,735.0,735.0,213102,0.0,0.0,0.0
2014-12-24 00:00:00+09:00,740.0,755.0,740.0,747.5,116554,0.0,0.0,0.0
2014-12-26 00:00:00+09:00,742.5,790.0,742.5,762.5,222508,0.0,0.0,0.0
2014-12-29 00:00:00+09:00,760.0,777.5,757.5,765.0,169100,0.0,0.0,0.0
2014-12-30 00:00:00+09:00,765.0,767.5,755.0,755.0,96350,0.0,0.0,0.0
2015-01-02 00:00:00+09:00,755.0,780.0,750.0,780.0,92040,0.0,0.0,0.0
2015-01-05 00:00:00+09:00,780.0,780.0,762.5,777.5,108126,0.0,0.0,0.0
2015-01-06 00:00:00+09:00,770.0,780.0,767.5,777.5,103182,0.0,0.0,0.0
2015-01-07 00:00:00+09:00,777.5,777.5,750.0,752.5,200530,0.0,0.0,0.0
2015-01-08 00:00:00+09:00,757.5,767.5,755.0,762.5,115732,0.0,0.0,0.0
2015-01-09 00:00:00+09:00,767.5,800.0,765.0,787.5,278550,0.0,0.0,0.0
2015-01-12 00:00:00+09:00,800.0,800.0,777.5,787.5,160544,0.0,0.0,0.0
2015-01-13 00:00:00+09:00,787.5,790.0,777.5,777.5,96274,0.0,0.0,0.0
2015-01-14 00:00:00+09:00,777.5,792.5,777.5,782.5,134242,0.0,0.0,0.0
2015-01-15 00:00:00+09:00,777.5,790.0,777.5,785.0,135480,0.0,0.0,0.0
2015-01-16 00:00:00+09:00,792.5,792.5,760.0,777.5,157024,0.0,0.0,0.0
2015-01-19 00:00:00+09:00,780.0,815.0,770.0,810.0,640564,0.0,0.0,0.0
2015-01-20 00:00:00+09:00,812.5,817.5,792.5,805.0,233002,0.0,0.0,0.0
2015-01-21 00:00:00+09:00,802.5,817.5,787.5,790.0,289040,0.0,0.0,0.0
2015-01-22 00:00:00+09:00,790.0,800.0,785.0,790.0,165900,0.0,0.0,0.0
2015-01-23 00:00:00+09:00,790.0,807.5,787.5,797.5,123252,0.0,0.0,0.0
2015-01-26 00:00:00+09:00,792.5,810.0,790.0,795.0,321124,0.0,0.0,0.0
2015-01-27 00:00:00+09:00,795.0,845.0,795.0,825.0,615180,0.0,0.0,0.0
2015-01-28 00:00:00+09:00,825.0,840.0,812.5,827.5,445612,0.0,0.0,0.0
2015-01-29 00:00:00+09:00,827.5,830.0,807.5,815.0,606228,0.0,0.0,0.0
2015-01-30 00:00:00+09:00,815.0,845.0,815.0,835.0,343730,0.0,0.0,0.0
2015-02-02 00:00:00+09:00,830.0,837.5,822.5,837.5,210412,0.0,0.0,0.0
2015-02-03 00:00:00+09:00,842.5,855.0,815.0,827.5,472274,0.0,0.0,0.0
2015-02-04 00:00:00+09:00,842.5,950.0,837.5,857.5,9548984,0.0,0.0,0.0
2015-02-05 00:00:00+09:00,867.5,910.0,852.5,877.5,2105616,0.0,0.0,0.0
2015-02-06 00:00:00+09:00,882.5,895.0,870.0,885.0,561670,0.0,0.0,0.0
2015-02-09 00:00:00+09:00,915.0,935.0,855.0,855.0,1953268,0.0,0.0,0.0
2015-02-10 00:00:00+09:00,852.5,872.5,837.5,837.5,537478,0.0,0.0,0.0
2015-02-11 00:00:00+09:00,850.0,862.5,840.0,852.5,383666,0.0,0.0,0.0
2015-02-12 00:00:00+09:00,852.5,877.5,845.0,845.0,515604,0.0,0.0,0.0
2015-02-13 00:00:00+09:00,852.5,862.5,835.0,837.5,515498,0.0,0.0,0.0
2015-02-16 00:00:00+09:00,847.5,860.0,830.0,850.0,361756,0.0,0.0,0.0
2015-02-17 00:00:00+09:00,857.5,857.5,837.5,847.5,312536,0.0,0.0,0.0
2015-02-23 00:00:00+09:00,855.0,925.0,847.5,895.0,1634958,0.0,0.0,0.0
2015-02-24 00:00:00+09:00,900.0,945.0,882.5,900.0,1811718,0.0,0.0,0.0
2015-02-25 00:00:00+09:00,902.5,927.5,887.5,897.5,732692,0.0,0.0,0.0
2015-02-26 00:00:00+09:00,897.5,935.0,897.5,927.5,1041420,0.0,0.0,0.0
2015-02-27 00:00:00+09:00,927.5,972.5,927.5,940.0,1254368,0.0,0.0,0.0
2015-03-02 00:00:00+09:00,950.0,1030.0,922.5,980.0,3427502,0.0,0.0,0.0
2015-03-03 00:00:00+09:00,980.0,1037.5,937.5,952.5,3429216,0.0,0.0,0.0
2015-03-04 00:00:00+09:00,950.0,955.0,927.5,935.0,1025878,0.0,0.0,0.0
2015-03-05 00:00:00+09:00,950.0,972.5,935.0,967.5,1240986,0.0,0.0,0.0
2015-03-06 00:00:00+09:00,980.0,982.5,917.5,922.5,1183634,0.0,0.0,0.0
2015-03-09 00:00:00+09:00,922.5,940.0,897.5,902.5,774800,0.0,0.0,0.0
2015-03-10 00:00:00+09:00,907.5,947.5,905.0,930.0,839364,0.0,0.0,0.0
2015-03-11 00:00:00+09:00,915.0,950.0,915.0,950.0,357174,0.0,0.0,0.0
2015-03-12 00:00:00+09:00,950.0,975.0,932.5,955.0,583778,0.0,0.0,0.0
2015-03-13 00:00:00+09:00,960.0,960.0,937.5,940.0,437570,0.0,0.0,0.0
2015-03-16 00:00:00+09:00,930.0,947.5,925.0,935.0,415064,0.0,0.0,0.0
2015-03-17 00:00:00+09:00,935.0,940.0,900.0,922.5,634054,0.0,0.0,0.0
2015-03-18 00:00:00+09:00,922.5,957.5,922.5,940.0,446900,0.0,0.0,0.0
2015-03-19 00:00:00+09:00,932.5,955.0,925.0,930.0,317384,0.0,0.0,0.0
2015-03-20 00:00:00+09:00,930.0,952.5,930.0,942.5,308290,0.0,0.0,0.0
2015-03-23 00:00:00+09:00,947.5,947.5,925.0,942.5,337808,0.0,0.0,0.0
2015-03-24 00:00:00+09:00,945.0,947.5,910.0,925.0,471718,0.0,0.0,0.0
2015-03-25 00:00:00+09:00,925.0,930.0,912.5,922.5,408742,0.0,0.0,0.0
2015-03-26 00:00:00+09:00,935.0,935.0,887.5,907.5,761410,0.0,0.0,0.0
2015-03-27 00:00:00+09:00,1032.5,1040.0,937.5,960.0,3999852,0.0,0.0,0.0
2015-03-30 00:00:00+09:00,952.5,975.0,932.5,957.5,904054,0.0,0.0,0.0
2015-03-31 00:00:00+09:00,967.5,972.5,942.5,957.5,634986,0.0,0.0,0.0
2015-04-01 00:00:00+09:00,957.5,977.5,947.5,955.0,767202,0.0,0.0,0.0
2015-04-02 00:00:00+09:00,962.5,1065.0,955.0,1050.0,4524894,0.0,0.0,0.0
2015-04-03 00:00:00+09:00,1072.5,1072.5,1010.0,1022.5,1561174,0.0,0.0,0.0
2015-04-06 00:00:00+09:00,1030.0,1030.0,995.0,1017.5,724296,0.0,0.0,0.0
2015-04-07 00:00:00+09:00,1025.0,1030.0,995.0,1010.0,562716,0.0,0.0,0.0
2015-04-08 00:00:00+09:00,1025.0,1025.0,997.5,1010.0,603516,0.0,0.0,0.0
2015-04-09 00:00:00+09:00,1015.0,1062.5,997.5,1025.0,1532378,0.0,0.0,0.0
2015-04-10 00:00:00+09:00,1042.5,1177.5,1027.5,1177.5,6813760,0.0,0.0,0.0
2015-04-13 00:00:00+09:00,1155.0,1172.5,1090.0,1100.0,4769166,0.0,0.0,0.0
2015-04-14 00:00:00+09:00,1107.5,1175.0,1100.0,1107.5,4823922,0.0,0.0,0.0
2015-04-15 00:00:00+09:00,1120.0,1127.5,1075.0,1077.5,1277562,0.0,0.0,0.0
2015-04-16 00:00:00+09:00,1085.0,1112.5,1067.5,1090.0,854996,0.0,0.0,0.0
2015-04-17 00:00:00+09:00,1092.5,1107.5,1082.5,1107.5,726060,0.0,0.0,0.0
2015-04-20 00:00:00+09:00,1110.0,1165.0,1095.0,1145.0,1652526,0.0,0.0,0.0
2015-04-21 00:00:00+09:00,1165.0,1237.5,1145.0,1165.0,3680356,0.0,0.0,0.0
2015-04-22 00:00:00+09:00,1200.0,1247.5,1050.0,1195.0,3556222,0.0,0.0,0.0
2015-04-23 00:00:00+09:00,1200.0,1200.0,1107.5,1112.5,1554472,0.0,0.0,0.0
2015-04-24 00:00:00+09:00,1110.0,1127.5,1067.5,1127.5,890614,0.0,0.0,0.0
2015-04-27 00:00:00+09:00,1140.0,1200.0,1140.0,1182.5,1325264,0.0,0.0,0.0
2015-04-28 00:00:00+09:00,1357.5,1357.5,1357.5,1357.5,1397514,0.0,0.0,0.0
2015-04-29 00:00:00+09:00,1560.0,1560.0,1517.5,1560.0,5201056,0.0,0.0,0.0
2015-04-30 00:00:00+09:00,1492.5,1715.0,1490.0,1567.5,14156956,0.0,0.0,0.0
2015-05-04 00:00:00+09:00,1560.0,1672.5,1500.0,1625.0,5250500,0.0,0.0,0.0
2015-05-06 00:00:00+09:00,1590.0,1720.0,1552.5,1627.5,5727710,0.0,0.0,0.0
2015-05-07 00:00:00+09:00,1617.5,1725.0,1422.5,1432.5,6507958,0.0,0.0,0.0
2015-05-08 00:00:00+09:00,1425.0,1522.5,1377.5,1417.5,6026596,0.0,0.0,0.0
2015-05-11 00:00:00+09:00,1417.5,1460.0,1387.5,1400.0,2947914,0.0,0.0,0.0
2015-05-12 00:00:00+09:00,1412.5,1600.0,1392.5,1550.0,8293182,0.0,0.0,0.0
2015-05-13 00:00:00+09:00,1527.5,1540.0,1437.5,1440.0,3657030,0.0,0.0,0.0
2015-05-14 00:00:00+09:00,1465.0,1485.0,1390.0,1390.0,1645678,0.0,0.0,0.0
2015-05-15 00:00:00+09:00,1395.0,1445.0,1390.0,1395.0,1570300,0.0,0.0,0.0
2015-05-18 00:00:00+09:00,1365.0,1392.5,1205.0,1290.0,3681914,0.0,0.0,0.0
2015-05-19 00:00:00+09:00,1307.5,1377.5,1265.0,1300.0,2428512,0.0,0.0,0.0
2015-05-20 00:00:00+09:00,1297.5,1335.0,1257.5,1267.5,1388516,0.0,0.0,0.0
2015-05-21 00:00:00+09:00,1280.0,1337.5,1272.5,1285.0,1932310,0.0,0.0,0.0
2015-05-22 00:00:00+09:00,1302.5,1360.0,1290.0,1332.5,1191112,0.0,0.0,0.0
2015-05-26 00:00:00+09:00,1310.0,1345.0,1275.0,1300.0,1068850,0.0,0.0,0.0
2015-05-27 00:00:00+09:00,1297.5,1297.5,1230.0,1230.0,997496,0.0,0.0,0.0
2015-05-28 00:00:00+09:00,1230.0,1270.0,1227.5,1245.0,890404,0.0,0.0,0.0
2015-05-29 00:00:00+09:00,1250.0,1310.0,1250.0,1295.0,915728,0.0,0.0,0.0
2015-06-01 00:00:00+09:00,1307.5,1307.5,1240.0,1270.0,518768,0.0,0.0,0.0
2015-06-02 00:00:00+09:00,1285.0,1285.0,1162.5,1175.0,1783828,0.0,0.0,0.0
2015-06-03 00:00:00+09:00,1177.5,1177.5,1090.0,1140.0,1018716,0.0,0.0,0.0
2015-06-04 00:00:00+09:00,1145.0,1172.5,1125.0,1155.0,448876,0.0,0.0,0.0
2015-06-05 00:00:00+09:00,1135.0,1165.0,1087.5,1100.0,857706,0.0,0.0,0.0
2015-06-08 00:00:00+09:00,1100.0,1140.0,1097.5,1135.0,474224,0.0,0.0,0.0
2015-06-09 00:00:00+09:00,1135.0,1250.0,1135.0,1217.5,1683858,0.0,0.0,0.0
2015-06-10 00:00:00+09:00,1220.0,1300.0,1192.5,1217.5,2047862,0.0,0.0,0.0
2015-06-11 00:00:00+09:00,1217.5,1255.0,1185.0,1185.0,598430,0.0,0.0,0.0
2015-06-12 00:00:00+09:00,1185.0,1185.0,1050.0,1075.0,2056762,0.0,0.0,0.0
2015-06-15 00:00:00+09:00,1075.0,1095.0,1040.0,1042.5,514842,0.0,0.0,0.0
2015-06-16 00:00:00+09:00,1042.5,1065.0,990.0,1017.5,628722,0.0,0.0,0.0
2015-06-17 00:00:00+09:00,1020.0,1087.5,1005.0,1057.5,435496,0.0,0.0,0.0
2015-06-18 00:00:00+09:00,1057.5,1092.5,1050.0,1052.5,396430,0.0,0.0,0.0
2015-06-19 00:00:00+09:00,1055.0,1115.0,1025.0,1062.5,865022,0.0,0.0,0.0
2015-06-22 00:00:00+09:00,1067.5,1082.5,1000.0,1060.0,319210,0.0,0.0,0.0
2015-06-23 00:00:00+09:00,1062.5,1077.5,1035.0,1077.5,458188,0.0,0.0,0.0
2015-06-24 00:00:00+09:00,1085.0,1087.5,1062.5,1067.5,293932,0.0,0.0,0.0
2015-06-25 00:00:00+09:00,1067.5,1105.0,1060.0,1085.0,544580,0.0,0.0,0.0
2015-06-26 00:00:00+09:00,1087.5,1100.0,1052.5,1052.5,432972,0.0,0.0,0.0
2015-06-29 00:00:00+09:00,1035.0,1035.0,970.0,992.5,819498,0.0,0.0,0.0
2015-06-30 00:00:00+09:00,975.0,1032.5,950.0,1017.5,818116,0.0,0.0,0.0
2015-07-01 00:00:00+09:00,1027.5,1027.5,1005.0,1012.5,316804,0.0,0.0,0.0
2015-07-02 00:00:00+09:00,1027.5,1035.0,1002.5,1020.0,297300,0.0,0.0,0.0
2015-07-03 00:00:00+09:00,1030.0,1030.0,980.0,1015.0,670362,0.0,0.0,0.0
2015-07-06 00:00:00+09:00,995.0,1015.0,980.0,990.0,310474,0.0,0.0,0.0
2015-07-07 00:00:00+09:00,1000.0,1000.0,975.0,992.5,365868,0.0,0.0,0.0
2015-07-08 00:00:00+09:00,997.5,1012.5,982.5,992.5,250928,0.0,0.0,0.0
2015-07-09 00:00:00+09:00,985.0,987.5,952.5,977.5,309800,0.0,0.0,0.0
2015-07-10 00:00:00+09:00,980.0,1007.5,980.0,992.5,253378,0.0,0.0,0.0
2015-07-13 00:00:00+09:00,1000.0,1025.0,985.0,1022.5,359872,0.0,0.0,0.0
2015-07-14 00:00:00+09:00,1040.0,1055.0,1015.0,1035.0,486986,0.0,0.0,0.0
2015-07-15 00:00:00+09:00,1045.0,1047.5,1017.5,1017.5,376458,0.0,0.0,0.0
2015-07-16 00:00:00+09:00,1017.5,1040.0,1012.5,1040.0,331598,0.0,0.0,0.0
2015-07-17 00:00:00+09:00,1042.5,1067.5,1022.5,1027.5,497844,0.0,0.0,0.0
2015-07-20 00:00:00+09:00,1022.5,1040.0,1012.5,1020.0,294124,0.0,0.0,0.0
2015-07-21 00:00:00+09:00,1022.5,1065.0,1017.5,1045.0,441538,0.0,0.0,0.0
2015-07-22 00:00:00+09:00,1045.0,1075.0,1032.5,1042.5,519006,0.0,0.0,0.0
2015-07-23 00:00:00+09:00,1040.0,1070.0,1037.5,1062.5,402606,0.0,0.0,0.0
2015-07-24 00:00:00+09:00,1072.5,1085.0,1045.0,1075.0,662070,0.0,0.0,0.0
2015-07-27 00:00:00+09:00,1077.5,1077.5,1015.0,1015.0,619878,0.0,0.0,0.0
2015-07-28 00:00:00+09:00,980.0,1000.0,955.0,982.5,477376,0.0,0.0,0.0
2015-07-29 00:00:00+09:00,987.5,1002.5,957.5,960.0,280686,0.0,0.0,0.0
2015-07-30 00:00:00+09:00,980.0,1000.0,930.0,930.0,522190,0.0,0.0,0.0
2015-07-31 00:00:00+09:00,905.0,910.0,875.0,902.5,707832,0.0,0.0,0.0
2015-08-03 00:00:00+09:00,915.0,915.0,875.0,877.5,265460,0.0,0.0,0.0
2015-08-04 00:00:00+09:00,872.5,907.5,872.5,887.5,290612,0.0,0.0,0.0
2015-08-05 00:00:00+09:00,892.5,925.0,892.5,925.0,196530,0.0,0.0,0.0
2015-08-06 00:00:00+09:00,930.0,957.5,922.5,925.0,235070,0.0,0.0,0.0
2015-08-07 00:00:00+09:00,922.5,935.0,912.5,930.0,91234,0.0,0.0,0.0
2015-08-10 00:00:00+09:00,920.0,952.5,920.0,947.5,140286,0.0,0.0,0.0
2015-08-11 00:00:00+09:00,947.5,980.0,942.5,947.5,324806,0.0,0.0,0.0
2015-08-12 00:00:00+09:00,952.5,952.5,905.0,935.0,236992,0.0,0.0,0.0
2015-08-13 00:00:00+09:00,935.0,962.5,917.5,940.0,119260,0.0,0.0,0.0
2015-08-14 00:00:00+09:00,940.0,940.0,940.0,940.0,0,0.0,0.0,0.0
2015-08-17 00:00:00+09:00,940.0,945.0,912.5,925.0,117348,0.0,0.0,0.0
2015-08-18 00:00:00+09:00,950.0,950.0,890.0,897.5,175562,0.0,0.0,0.0
2015-08-19 00:00:00+09:00,895.0,907.5,770.0,840.0,808726,0.0,0.0,0.0
2015-08-20 00:00:00+09:00,817.5,842.5,815.0,817.5,198142,0.0,0.0,0.0
2015-08-21 00:00:00+09:00,760.0,822.5,760.0,767.5,378788,0.0,0.0,0.0
2015-08-24 00:00:00+09:00,737.5,977.5,737.5,780.0,1963992,0.0,0.0,0.0
2015-08-25 00:00:00+09:00,780.0,817.5,747.5,805.0,374184,0.0,0.0,0.0
2015-08-26 00:00:00+09:00,805.0,840.0,797.5,840.0,256990,0.0,0.0,0.0
2015-08-27 00:00:00+09:00,845.0,865.0,835.0,845.0,173446,0.0,0.0,0.0
2015-08-28 00:00:00+09:00,867.5,875.0,855.0,862.5,143880,0.0,0.0,0.0
2015-08-31 00:00:00+09:00,862.5,1120.0,857.5,1037.5,6559466,0.0,0.0,0.0
2015-09-01 00:00:00+09:00,1045.0,1052.5,957.5,957.5,2519630,0.0,0.0,0.0
2015-09-02 00:00:00+09:00,947.5,975.0,925.0,962.5,895068,0.0,0.0,0.0
2015-09-03 00:00:00+09:00,962.5,985.0,947.5,952.5,703482,0.0,0.0,0.0
2015-09-04 00:00:00+09:00,952.5,965.0,880.0,890.0,805424,0.0,0.0,0.0
2015-09-07 00:00:00+09:00,892.5,895.0,865.0,885.0,203352,0.0,0.0,0.0
2015-09-08 00:00:00+09:00,885.0,900.0,835.0,850.0,382900,0.0,0.0,0.0
2015-09-09 00:00:00+09:00,872.5,880.0,852.5,875.0,186462,0.0,0.0,0.0
2015-09-10 00:00:00+09:00,875.0,900.0,872.5,895.0,151220,0.0,0.0,0.0
2015-09-11 00:00:00+09:00,892.5,935.0,882.5,932.5,463410,0.0,0.0,0.0
2015-09-14 00:00:00+09:00,932.5,935.0,887.5,900.0,281412,0.0,0.0,0.0
2015-09-15 00:00:00+09:00,892.5,917.5,892.5,902.5,212044,0.0,0.0,0.0
2015-09-16 00:00:00+09:00,947.5,1172.5,947.5,1172.5,4713924,0.0,0.0,0.0
2015-09-17 00:00:00+09:00,1195.0,1522.5,1187.5,1460.0,38587424,0.0,0.0,0.0
2015-09-18 00:00:00+09:00,1517.5,1737.5,1375.0,1400.0,44137192,0.0,0.0,0.0
2015-09-21 00:00:00+09:00,1552.5,1820.0,1475.0,1820.0,31519156,0.0,0.0,0.0
2015-09-22 00:00:00+09:00,2115.0,2365.0,1910.0,2365.0,44052972,0.0,0.0,0.0
2015-09-23 00:00:00+09:00,2835.0,3065.0,2800.0,3065.0,25476420,0.0,0.0,0.0
2015-09-24 00:00:00+09:00,3065.0,3065.0,3065.0,3065.0,0,0.0,0.0,0.0
2015-09-25 00:00:00+09:00,2150.0,2590.0,2150.0,2150.0,4640036,0.0,0.0,0.0
2015-09-30 00:00:00+09:00,1915.0,2100.0,1825.0,2100.0,4865964,0.0,0.0,0.0
2015-10-01 00:00:00+09:00,2100.0,2242.5,1925.0,2155.0,6627990,0.0,0.0,0.0
2015-10-02 00:00:00+09:00,2200.0,2230.0,1622.5,1687.5,16057128,0.0,0.0,0.0
2015-10-05 00:00:00+09:00,1665.0,1807.5,1600.0,1690.0,8461714,0.0,0.0,0.0
2015-10-06 00:00:00+09:00,1702.5,1707.5,1460.0,1525.0,6696536,0.0,0.0,0.0
2015-10-07 00:00:00+09:00,1547.5,1602.5,1500.0,1575.0,4934754,0.0,0.0,0.0
2015-10-08 00:00:00+09:00,1560.0,2047.5,1505.0,2047.5,26150418,0.0,0.0,0.0
2015-10-12 00:00:00+09:00,2365.0,2660.0,2322.5,2650.0,32619084,0.0,0.0,0.0
2015-10-13 00:00:00+09:00,2775.0,3135.0,2457.5,2720.0,43796180,0.0,0.0,0.0
2015-10-14 00:00:00+09:00,2705.0,2900.0,2505.0,2620.0,26568102,0.0,0.0,0.0
2015-10-15 00:00:00+09:00,2620.0,2850.0,2515.0,2560.0,13920818,0.0,0.0,0.0
2015-10-16 00:00:00+09:00,2595.0,2615.0,2197.5,2250.0,9791378,0.0,0.0,0.0
2015-10-19 00:00:00+09:00,2250.0,2805.0,2100.0,2325.0,25062408,0.0,0.0,0.0
2015-10-20 00:00:00+09:00,2350.0,2495.0,2205.0,2227.5,10590944,0.0,0.0,0.0
2015-10-21 00:00:00+09:00,2360.0,2870.0,2360.0,2840.0,56081268,0.0,0.0,0.0
2015-10-22 00:00:00+09:00,2990.0,3390.0,2455.0,2555.0,50379576,0.0,0.0,0.0
2015-10-23 00:00:00+09:00,2500.0,2670.0,2287.5,2395.0,17739628,0.0,0.0,0.0
2015-10-26 00:00:00+09:00,2395.0,2620.0,2307.5,2372.5,13669584,0.0,0.0,0.0
2015-10-27 00:00:00+09:00,2370.0,2382.5,2222.5,2235.0,4916258,0.0,0.0,0.0
2015-10-28 00:00:00+09:00,2235.0,2327.5,2105.0,2135.0,6685130,0.0,0.0,0.0
2015-10-29 00:00:00+09:00,2145.0,2200.0,2007.5,2042.5,4557166,0.0,0.0,0.0
2015-10-30 00:00:00+09:00,2075.0,2157.5,1980.0,1997.5,5210168,0.0,0.0,0.0
2015-11-02 00:00:00+09:00,1997.5,2062.5,1917.5,1947.5,3073838,0.0,0.0,0.0
2015-11-03 00:00:00+09:00,1972.5,2122.5,1915.0,1952.5,7199992,0.0,0.0,0.0
2015-11-04 00:00:00+09:00,1945.0,1997.5,1845.0,1860.0,4442240,0.0,0.0,0.0
2015-11-05 00:00:00+09:00,1845.0,1905.0,1845.0,1860.0,2286136,0.0,0.0,0.0
2015-11-06 00:00:00+09:00,1860.0,1867.5,1750.0,1767.5,2559178,0.0,0.0,0.0
2015-11-09 00:00:00+09:00,1775.0,1827.5,1725.0,1762.5,2624954,0.0,0.0,0.0
2015-11-10 00:00:00+09:00,1742.5,1827.5,1675.0,1745.0,3261800,0.0,0.0,0.0
2015-11-11 00:00:00+09:00,1765.0,1852.5,1745.0,1785.0,1753862,0.0,0.0,0.0
2015-11-12 00:00:00+09:00,1822.5,1850.0,1777.5,1807.5,1709518,0.0,0.0,0.0
2015-11-13 00:00:00+09:00,1790.0,1795.0,1690.0,1695.0,1556592,0.0,0.0,0.0
2015-11-16 00:00:00+09:00,1695.0,1717.5,1550.0,1560.0,2039606,0.0,0.0,0.0
2015-11-17 00:00:00+09:00,1600.0,1630.0,1567.5,1612.5,1361040,0.0,0.0,0.0
2015-11-18 00:00:00+09:00,1627.5,2095.0,1617.5,2015.0,15958420,0.0,0.0,0.0
2015-11-19 00:00:00+09:00,2057.5,2400.0,1935.0,2075.0,32216038,0.0,0.0,0.0
2015-11-20 00:00:00+09:00,2065.0,2305.0,1975.0,2002.5,11370060,0.0,0.0,0.0
2015-11-23 00:00:00+09:00,2002.5,2025.0,1852.5,1852.5,4352496,0.0,0.0,0.0
2015-11-24 00:00:00+09:00,1847.5,1942.5,1832.5,1857.5,3415494,0.0,0.0,0.0
2015-11-25 00:00:00+09:00,1882.5,1915.0,1787.5,1850.0,2621306,0.0,0.0,0.0
2015-11-26 00:00:00+09:00,1867.5,1982.5,1817.5,1875.0,6491652,0.0,0.0,0.0
2015-11-27 00:00:00+09:00,1887.5,1962.5,1855.0,1910.0,2907464,0.0,0.0,0.0
2015-11-30 00:00:00+09:00,1927.5,1935.0,1872.5,1910.0,1386738,0.0,0.0,0.0
2015-12-01 00:00:00+09:00,1960.0,2237.5,1920.0,2012.5,12676766,0.0,0.0,0.0
2015-12-02 00:00:00+09:00,2017.5,2095.0,1952.5,1957.5,3543540,0.0,0.0,0.0
2015-12-03 00:00:00+09:00,1957.5,1977.5,1877.5,1917.5,1801060,0.0,0.0,0.0
2015-12-04 00:00:00+09:00,1870.0,1922.5,1855.0,1865.0,1142810,0.0,0.0,0.0
2015-12-07 00:00:00+09:00,1870.0,1900.0,1685.0,1745.0,1541082,0.0,0.0,0.0
2015-12-08 00:00:00+09:00,1725.0,1787.5,1680.0,1745.0,1314358,0.0,0.0,0.0
2015-12-09 00:00:00+09:00,1735.0,1780.0,1675.0,1677.5,1195914,0.0,0.0,0.0
2015-12-10 00:00:00+09:00,1677.5,1950.0,1677.5,1762.5,5258296,0.0,0.0,0.0
2015-12-11 00:00:00+09:00,1772.5,1820.0,1720.0,1745.0,1555402,0.0,0.0,0.0
2015-12-14 00:00:00+09:00,1750.0,1810.0,1687.5,1687.5,1251162,0.0,0.0,0.0
2015-12-15 00:00:00+09:00,1700.0,1750.0,1627.5,1675.0,1081428,0.0,0.0,0.0
2015-12-16 00:00:00+09:00,1557.5,1570.0,1497.5,1542.5,4370964,0.0,0.0,0.0
2015-12-17 00:00:00+09:00,1557.5,1622.5,1535.0,1615.0,1832356,0.0,0.0,0.0
2015-12-18 00:00:00+09:00,1632.5,1735.0,1625.0,1642.5,1871872,0.0,0.0,0.0
2015-12-21 00:00:00+09:00,1635.0,1657.5,1565.0,1607.5,1096550,0.0,0.0,0.0
2015-12-22 00:00:00+09:00,1585.0,1635.0,1577.5,1597.5,1438238,0.0,0.0,0.0
2015-12-23 00:00:00+09:00,1617.5,1645.0,1567.5,1587.5,988078,0.0,0.0,0.0
2015-12-24 00:00:00+09:00,1582.5,1602.5,1537.5,1545.0,716342,0.0,0.0,0.0
2015-12-28 00:00:00+09:00,1522.5,1610.0,1500.0,1500.0,1308586,0.0,0.0,0.0
2015-12-29 00:00:00+09:00,1485.0,1632.5,1485.0,1572.5,1703976,0.0,0.0,0.0
2015-12-30 00:00:00+09:00,1572.5,1597.5,1547.5,1550.0,753554,0.0,0.0,0.0
2016-01-04 00:00:00+09:00,1545.0,1570.0,1502.5,1515.0,641808,0.0,0.0,0.0
2016-01-05 00:00:00+09:00,1505.0,1587.5,1502.5,1540.0,928032,0.0,0.0,0.0
2016-01-06 00:00:00+09:00,1545.0,1807.5,1535.0,1617.5,7486918,0.0,0.0,0.0
2016-01-07 00:00:00+09:00,1617.5,1622.5,1547.5,1547.5,1093442,0.0,0.0,0.0
2016-01-08 00:00:00+09:00,1560.0,1780.0,1547.5,1620.0,6242042,0.0,0.0,0.0
2016-01-11 00:00:00+09:00,1600.0,1672.5,1585.0,1650.0,1284194,0.0,0.0,0.0
2016-01-12 00:00:00+09:00,1650.0,1657.5,1600.0,1607.5,954794,0.0,0.0,0.0
2016-01-13 00:00:00+09:00,1615.0,1627.5,1575.0,1595.0,1026786,0.0,0.0,0.0
2016-01-14 00:00:00+09:00,1552.5,1635.0,1515.0,1625.0,1517746,0.0,0.0,0.0
2016-01-15 00:00:00+09:00,1650.0,1710.0,1625.0,1660.0,2303718,0.0,0.0,0.0
2016-01-18 00:00:00+09:00,1687.5,1735.0,1642.5,1730.0,1768874,0.0,0.0,0.0
2016-01-19 00:00:00+09:00,1720.0,1772.5,1665.0,1677.5,1222202,0.0,0.0,0.0
2016-01-20 00:00:00+09:00,1675.0,1710.0,1625.0,1642.5,930880,0.0,0.0,0.0
2016-01-21 00:00:00+09:00,1625.0,1675.0,1607.5,1650.0,722796,0.0,0.0,0.0
2016-01-22 00:00:00+09:00,1675.0,1720.0,1630.0,1637.5,990146,0.0,0.0,0.0
2016-01-25 00:00:00+09:00,1650.0,1712.5,1650.0,1710.0,1159500,0.0,0.0,0.0
2016-01-26 00:00:00+09:00,1750.0,1960.0,1740.0,1807.5,9663060,0.0,0.0,0.0
2016-01-27 00:00:00+09:00,1830.0,1902.5,1752.5,1817.5,3438052,0.0,0.0,0.0
2016-01-28 00:00:00+09:00,1817.5,1852.5,1787.5,1805.0,1443526,0.0,0.0,0.0
2016-01-29 00:00:00+09:00,1775.0,1820.0,1770.0,1785.0,796482,0.0,0.0,0.0
2016-02-01 00:00:00+09:00,1790.0,1807.5,1745.0,1765.0,726384,0.0,0.0,0.0
2016-02-02 00:00:00+09:00,1755.0,1900.0,1730.0,1825.0,2570236,0.0,0.0,0.0
2016-02-03 00:00:00+09:00,1817.5,1817.5,1752.5,1772.5,753968,0.0,0.0,0.0
2016-02-04 00:00:00+09:00,1767.5,1830.0,1710.0,1800.0,1105316,0.0,0.0,0.0
2016-02-05 00:00:00+09:00,1822.5,1835.0,1775.0,1790.0,433746,0.0,0.0,0.0
2016-02-11 00:00:00+09:00,1750.0,1875.0,1735.0,1825.0,1393646,0.0,0.0,0.0
2016-02-12 00:00:00+09:00,1832.5,1875.0,1700.0,1767.5,1599206,0.0,0.0,0.0
2016-02-15 00:00:00+09:00,1815.0,2075.0,1770.0,2075.0,5135716,0.0,0.0,0.0
2016-02-16 00:00:00+09:00,2075.0,2222.5,1945.0,2105.0,10852788,0.0,0.0,0.0
2016-02-17 00:00:00+09:00,2090.0,2090.0,1980.0,2010.0,2418032,0.0,0.0,0.0
2016-02-18 00:00:00+09:00,2020.0,2095.0,1992.5,2075.0,1845110,0.0,0.0,0.0
2016-02-19 00:00:00+09:00,2057.5,2100.0,2012.5,2080.0,1565682,0.0,0.0,0.0
2016-02-22 00:00:00+09:00,2080.0,2427.5,2080.0,2275.0,12367060,0.0,0.0,0.0
2016-02-23 00:00:00+09:00,2312.5,2377.5,2182.5,2277.5,3151154,0.0,0.0,0.0
2016-02-24 00:00:00+09:00,2292.5,2355.0,2220.0,2302.5,1853364,0.0,0.0,0.0
2016-02-25 00:00:00+09:00,2287.5,2347.5,2247.5,2265.0,1867696,0.0,0.0,0.0
2016-02-26 00:00:00+09:00,2310.0,2357.5,2175.0,2200.0,2083880,0.0,0.0,0.0
2016-02-29 00:00:00+09:00,2210.0,2240.0,2100.0,2117.5,1408686,0.0,0.0,0.0
2016-03-02 00:00:00+09:00,2170.0,2257.5,2130.0,2230.0,1627700,0.0,0.0,0.0
2016-03-03 00:00:00+09:00,2245.0,2300.0,1870.0,1885.0,5512732,0.0,0.0,0.0
2016-03-04 00:00:00+09:00,1905.0,2190.0,1905.0,2097.5,4896202,0.0,0.0,0.0
2016-03-07 00:00:00+09:00,2125.0,2217.5,2035.0,2210.0,2111976,0.0,0.0,0.0
2016-03-08 00:00:00+09:00,2207.5,2330.0,2125.0,2300.0,2202390,0.0,0.0,0.0
2016-03-09 00:00:00+09:00,2900.0,2990.0,2870.0,2990.0,3468814,0.0,0.0,0.0
2016-03-10 00:00:00+09:00,3430.0,3885.0,3420.0,3885.0,16756888,0.0,0.0,0.0
2016-03-11 00:00:00+09:00,4065.0,4650.0,3760.0,3775.0,32556466,0.0,0.0,0.0
2016-03-14 00:00:00+09:00,4360.0,4620.0,3425.0,3600.0,26376652,0.0,0.0,0.0
2016-03-15 00:00:00+09:00,3720.0,4165.0,3580.0,3760.0,20192150,0.0,0.0,0.0
2016-03-16 00:00:00+09:00,3685.0,3840.0,3550.0,3555.0,7784298,0.0,0.0,0.0
2016-03-17 00:00:00+09:00,3645.0,3725.0,3395.0,3475.0,5182268,0.0,0.0,0.0
2016-03-18 00:00:00+09:00,3460.0,3525.0,3285.0,3510.0,6023066,0.0,0.0,0.0
2016-03-21 00:00:00+09:00,3575.0,3950.0,3495.0,3740.0,15057442,0.0,0.0,0.0
2016-03-22 00:00:00+09:00,3775.0,4290.0,3725.0,4215.0,9003082,0.0,0.0,0.0
2016-03-23 00:00:00+09:00,4260.0,5450.0,4245.0,5300.0,26227174,0.0,0.0,0.0
2016-03-24 00:00:00+09:00,5225.0,5500.0,4785.0,4925.0,13430336,0.0,0.0,0.0
2016-03-25 00:00:00+09:00,5000.0,5650.0,4910.0,5300.0,12211506,0.0,0.0,0.0
2016-03-28 00:00:00+09:00,5325.0,5500.0,5100.0,5300.0,4775986,0.0,0.0,0.0
2016-03-29 00:00:00+09:00,5350.0,5425.0,4990.0,5275.0,4854628,0.0,0.0,0.0
2016-03-30 00:00:00+09:00,5325.0,5900.0,5150.0,5250.0,7979388,0.0,0.0,0.0
2016-03-31 00:00:00+09:00,5300.0,5525.0,5150.0,5150.0,2418696,0.0,0.0,0.0
2016-04-01 00:00:00+09:00,5125.0,5325.0,4995.0,5300.0,3026892,0.0,0.0,0.0
2016-04-04 00:00:00+09:00,5375.0,5475.0,5250.0,5450.0,2754890,0.0,0.0,0.0
2016-04-05 00:00:00+09:00,5475.0,6325.0,5450.0,6000.0,9942364,0.0,0.0,0.0
2016-04-06 00:00:00+09:00,6250.0,6675.0,6125.0,6400.0,6123078,0.0,0.0,0.0
2016-04-07 00:00:00+09:00,6500.0,6575.0,5175.0,5775.0,8050292,0.0,0.0,0.0
2016-04-08 00:00:00+09:00,5825.0,5850.0,5300.0,5525.0,3292724,0.0,0.0,0.0
2016-04-11 00:00:00+09:00,5450.0,6225.0,5425.0,6025.0,4537120,0.0,0.0,0.0
2016-04-12 00:00:00+09:00,6075.0,6100.0,5725.0,5825.0,2333422,0.0,0.0,0.0
2016-04-14 00:00:00+09:00,5950.0,6200.0,5575.0,5850.0,3767692,0.0,0.0,0.0
2016-04-15 00:00:00+09:00,5800.0,5925.0,5650.0,5725.0,1847524,0.0,0.0,0.0
2016-04-18 00:00:00+09:00,5450.0,5825.0,5125.0,5375.0,3209866,0.0,0.0,0.0
2016-04-19 00:00:00+09:00,5450.0,5625.0,5350.0,5475.0,1845500,0.0,0.0,0.0
2016-04-20 00:00:00+09:00,5575.0,5750.0,5500.0,5625.0,1406942,0.0,0.0,0.0
2016-04-21 00:00:00+09:00,5625.0,5675.0,5275.0,5425.0,1787428,0.0,0.0,0.0
2016-04-22 00:00:00+09:00,5450.0,5600.0,5325.0,5450.0,1454406,0.0,0.0,0.0
2016-04-25 00:00:00+09:00,5450.0,5500.0,5300.0,5300.0,936490,0.0,0.0,0.0
2016-04-26 00:00:00+09:00,5325.0,5325.0,5000.0,5075.0,2118650,0.0,0.0,0.0
2016-04-27 00:00:00+09:00,5050.0,5125.0,4735.0,4950.0,2575492,0.0,0.0,0.0
2016-04-28 00:00:00+09:00,4800.0,5550.0,4780.0,5400.0,4437024,0.0,0.0,0.0
2016-04-29 00:00:00+09:00,10800.0,10800.0,10800.0,10800.0,0,0.0,2.0,0.0
2016-05-02 00:00:00+09:00,10800.0,10800.0,10800.0,10800.0,0,0.0,0.0,0.0
2016-05-03 00:00:00+09:00,10800.0,10800.0,10800.0,10800.0,0,0.0,0.0,0.0
2016-05-04 00:00:00+09:00,10800.0,10800.0,10800.0,10800.0,0,0.0,0.0,0.0
2016-05-09 00:00:00+09:00,10800.0,10800.0,10800.0,10800.0,0,0.0,0.0,0.0
2016-05-10 00:00:00+09:00,10800.0,10800.0,10800.0,10800.0,0,0.0,0.0,0.0
2016-05-11 00:00:00+09:00,10800.0,10800.0,10800.0,10800.0,0,0.0,0.0,0.0
2016-05-12 00:00:00+09:00,10800.0,10800.0,10800.0,10800.0,0,0.0,0.0,0.0
2016-05-13 00:00:00+09:00,10800.0,10800.0,10800.0,10800.0,0,0.0,0.0,0.0
2016-05-16 00:00:00+09:00,10800.0,10800.0,10800.0,10800.0,0,0.0,0.0,0.0
2016-05-17 00:00:00+09:00,10800.0,10800.0,10800.0,10800.0,0,0.0,0.0,0.0
2016-05-18 00:00:00+09:00,7020.0,7020.0,7020.0,7020.0,420579,0.0,0.0,0.0
2016-05-19 00:00:00+09:00,8470.0,8630.0,7230.0,7800.0,21609415,0.0,0.0,0.0
2016-05-20 00:00:00+09:00,7860.0,8060.0,7440.0,8000.0,8686232,0.0,0.0,0.0
2016-05-23 00:00:00+09:00,7860.0,8910.0,7800.0,8420.0,12528018,0.0,0.0,0.0
2016-05-24 00:00:00+09:00,8000.0,8160.0,7460.0,7700.0,6610586,0.0,0.0,0.0
2016-05-25 00:00:00+09:00,8040.0,8050.0,5940.0,6150.0,6385723,0.0,0.0,0.0
2016-05-26 00:00:00+09:00,7030.0,7680.0,6520.0,6750.0,9239934,0.0,0.0,0.0
2016-05-27 00:00:00+09:00,6750.0,6950.0,6180.0,6220.0,3137334,0.0,0.0,0.0
2016-05-30 00:00:00+09:00,6330.0,6460.0,5510.0,5580.0,3694405,0.0,0.0,0.0
2016-05-31 00:00:00+09:00,5460.0,6250.0,5230.0,5760.0,5876988,0.0,0.0,0.0
2016-06-01 00:00:00+09:00,5900.0,5920.0,5620.0,5710.0,1302712,0.0,0.0,0.0
2016-06-02 00:00:00+09:00,5710.0,5760.0,5410.0,5430.0,1742006,0.0,0.0,0.0
2016-06-03 00:00:00+09:00,5450.0,5500.0,5170.0,5280.0,1997173,0.0,0.0,0.0
2016-06-07 00:00:00+09:00,5250.0,5400.0,5110.0,5220.0,1318739,0.0,0.0,0.0
2016-06-08 00:00:00+09:00,5290.0,5330.0,4845.0,4870.0,2404077,0.0,0.0,0.0
2016-06-09 00:00:00+09:00,5020.0,5980.0,4930.0,5500.0,12242034,0.0,0.0,0.0
2016-06-10 00:00:00+09:00,5800.0,5800.0,5390.0,5450.0,3286436,0.0,0.0,0.0
2016-06-13 00:00:00+09:00,5390.0,5430.0,5080.0,5220.0,2119155,0.0,0.0,0.0
2016-06-14 00:00:00+09:00,5120.0,5330.0,5090.0,5220.0,1532081,0.0,0.0,0.0
2016-06-15 00:00:00+09:00,5230.0,5590.0,5200.0,5380.0,2668482,0.0,0.0,0.0
2016-06-16 00:00:00+09:00,5390.0,5450.0,5000.0,5010.0,1696814,0.0,0.0,0.0
2016-06-17 00:00:00+09:00,5060.0,5180.0,4765.0,4825.0,1337858,0.0,0.0,0.0
2016-06-20 00:00:00+09:00,4805.0,4910.0,4735.0,4875.0,954524,0.0,0.0,0.0
2016-06-21 00:00:00+09:00,4910.0,4925.0,4690.0,4740.0,1899484,0.0,0.0,0.0
2016-06-22 00:00:00+09:00,4700.0,4800.0,4545.0,4590.0,1007153,0.0,0.0,0.0
2016-06-23 00:00:00+09:00,4590.0,4590.0,4300.0,4530.0,1489060,0.0,0.0,0.0
2016-06-24 00:00:00+09:00,4695.0,4760.0,4070.0,4240.0,2473491,0.0,0.0,0.0
2016-06-27 00:00:00+09:00,4010.0,4380.0,4010.0,4360.0,1537023,0.0,0.0,0.0
2016-06-28 00:00:00+09:00,4360.0,4700.0,4330.0,4500.0,1709257,0.0,0.0,0.0
2016-06-29 00:00:00+09:00,4610.0,4880.0,4585.0,4660.0,2685967,0.0,0.0,0.0
2016-06-30 00:00:00+09:00,4720.0,4760.0,4580.0,4625.0,892204,0.0,0.0,0.0
2016-07-01 00:00:00+09:00,4650.0,4805.0,4580.0,4775.0,1470452,0.0,0.0,0.0
2016-07-04 00:00:00+09:00,4865.0,5340.0,4855.0,5060.0,5980877,0.0,0.0,0.0
2016-07-05 00:00:00+09:00,5160.0,5250.0,5010.0,5140.0,1703464,0.0,0.0,0.0
2016-07-06 00:00:00+09:00,5110.0,5150.0,4910.0,5080.0,1725850,0.0,0.0,0.0
2016-07-07 00:00:00+09:00,5480.0,5540.0,5050.0,5050.0,3554164,0.0,0.0,0.0
2016-07-08 00:00:00+09:00,5100.0,5330.0,4910.0,5250.0,2809246,0.0,0.0,0.0
2016-07-11 00:00:00+09:00,5170.0,5470.0,5100.0,5250.0,2490246,0.0,0.0,0.0
2016-07-12 00:00:00+09:00,5240.0,5320.0,5140.0,5150.0,917494,0.0,0.0,0.0
2016-07-13 00:00:00+09:00,5150.0,5230.0,5070.0,5100.0,930705,0.0,0.0,0.0
2016-07-14 00:00:00+09:00,5100.0,5110.0,4990.0,5010.0,776597,0.0,0.0,0.0
2016-07-15 00:00:00+09:00,5010.0,5070.0,4980.0,5010.0,559039,0.0,0.0,0.0
2016-07-18 00:00:00+09:00,5030.0,5100.0,4975.0,5010.0,639338,0.0,0.0,0.0
2016-07-19 00:00:00+09:00,5020.0,5050.0,4955.0,4960.0,607689,0.0,0.0,0.0
2016-07-20 00:00:00+09:00,4960.0,5010.0,4840.0,4855.0,1029585,0.0,0.0,0.0
2016-07-21 00:00:00+09:00,4910.0,5070.0,4905.0,4955.0,1092102,0.0,0.0,0.0
2016-07-22 00:00:00+09:00,5000.0,5400.0,4995.0,5130.0,5283990,0.0,0.0,0.0
2016-07-25 00:00:00+09:00,5180.0,5180.0,5070.0,5150.0,1371641,0.0,0.0,0.0
2016-07-26 00:00:00+09:00,5160.0,5310.0,5140.0,5160.0,1612004,0.0,0.0,0.0
2016-07-27 00:00:00+09:00,5150.0,5200.0,5070.0,5090.0,608744,0.0,0.0,0.0
2016-07-28 00:00:00+09:00,5070.0,5140.0,4995.0,5080.0,963064,0.0,0.0,0.0
2016-07-29 00:00:00+09:00,5070.0,5090.0,5000.0,5030.0,513315,0.0,0.0,0.0
2016-08-01 00:00:00+09:00,5080.0,5100.0,5000.0,5020.0,570594,0.0,0.0,0.0
2016-08-02 00:00:00+09:00,5010.0,5090.0,4870.0,5080.0,917523,0.0,0.0,0.0
2016-08-03 00:00:00+09:00,5010.0,5220.0,5010.0,5100.0,1239087,0.0,0.0,0.0
2016-08-04 00:00:00+09:00,5140.0,5140.0,5050.0,5070.0,477630,0.0,0.0,0.0
2016-08-05 00:00:00+09:00,5040.0,5080.0,4985.0,5000.0,508595,0.0,0.0,0.0
2016-08-08 00:00:00+09:00,5000.0,5040.0,4925.0,4945.0,431323,0.0,0.0,0.0
2016-08-09 00:00:00+09:00,4940.0,5130.0,4935.0,5090.0,738291,0.0,0.0,0.0
2016-08-10 00:00:00+09:00,5270.0,5330.0,5040.0,5050.0,1684340,0.0,0.0,0.0
2016-08-11 00:00:00+09:00,5100.0,5140.0,5020.0,5040.0,713159,0.0,0.0,0.0
2016-08-12 00:00:00+09:00,5060.0,5070.0,5000.0,5060.0,438071,0.0,0.0,0.0
2016-08-16 00:00:00+09:00,5080.0,5100.0,5010.0,5050.0,489342,0.0,0.0,0.0
2016-08-17 00:00:00+09:00,5020.0,5140.0,4975.0,5060.0,850066,0.0,0.0,0.0
2016-08-18 00:00:00+09:00,5090.0,5090.0,5040.0,5070.0,503698,0.0,0.0,0.0
2016-08-19 00:00:00+09:00,5080.0,5260.0,5050.0,5200.0,2079835,0.0,0.0,0.0
2016-08-22 00:00:00+09:00,5270.0,5270.0,5120.0,5160.0,896304,0.0,0.0,0.0
2016-08-23 00:00:00+09:00,5160.0,5250.0,5120.0,5170.0,708305,0.0,0.0,0.0
2016-08-24 00:00:00+09:00,5200.0,5200.0,5070.0,5070.0,678131,0.0,0.0,0.0
2016-08-25 00:00:00+09:00,5030.0,5100.0,4615.0,4845.0,2094650,0.0,0.0,0.0
2016-08-26 00:00:00+09:00,4890.0,4985.0,4720.0,4930.0,1035082,0.0,0.0,0.0
2016-08-29 00:00:00+09:00,4930.0,5160.0,4900.0,4955.0,1263464,0.0,0.0,0.0
2016-08-30 00:00:00+09:00,4960.0,5060.0,4945.0,5060.0,579091,0.0,0.0,0.0
2016-08-31 00:00:00+09:00,5030.0,5200.0,5020.0,5120.0,1302644,0.0,0.0,0.0
2016-09-01 00:00:00+09:00,5150.0,6150.0,5120.0,5970.0,23815910,0.0,0.0,0.0
2016-09-02 00:00:00+09:00,5970.0,6420.0,5830.0,6210.0,9769588,0.0,0.0,0.0
2016-09-05 00:00:00+09:00,6310.0,6450.0,6000.0,6270.0,4740505,0.0,0.0,0.0
2016-09-06 00:00:00+09:00,6260.0,6640.0,6110.0,6640.0,5530638,0.0,0.0,0.0
2016-09-07 00:00:00+09:00,6560.0,6810.0,6400.0,6710.0,6715928,0.0,0.0,0.0
2016-09-08 00:00:00+09:00,6720.0,8450.0,5520.0,7710.0,40109470,0.0,0.0,0.0
2016-09-09 00:00:00+09:00,7800.0,8240.0,7360.0,7470.0,17838652,0.0,0.0,0.0
2016-09-12 00:00:00+09:00,7610.0,8070.0,6300.0,6680.0,14829607,0.0,0.0,0.0
2016-09-13 00:00:00+09:00,7000.0,7600.0,6830.0,7170.0,11513232,0.0,0.0,0.0
2016-09-19 00:00:00+09:00,8000.0,8040.0,7640.0,7740.0,9865319,0.0,0.0,0.0
2016-09-20 00:00:00+09:00,7810.0,7890.0,7310.0,7680.0,5423256,0.0,0.0,0.0
2016-09-21 00:00:00+09:00,7760.0,7950.0,7320.0,7380.0,7095207,0.0,0.0,0.0
2016-09-22 00:00:00+09:00,7240.0,7300.0,7000.0,7030.0,4023784,0.0,0.0,0.0
2016-09-23 00:00:00+09:00,7080.0,7330.0,6800.0,7060.0,4298072,0.0,0.0,0.0
2016-09-26 00:00:00+09:00,6990.0,7260.0,6820.0,6820.0,2970305,0.0,0.0,0.0
2016-09-27 00:00:00+09:00,6770.0,7370.0,6750.0,6920.0,4403559,0.0,0.0,0.0
2016-09-28 00:00:00+09:00,7000.0,7210.0,6920.0,6930.0,2001231,0.0,0.0,0.0
2016-09-29 00:00:00+09:00,6920.0,7020.0,6660.0,6770.0,1448683,0.0,0.0,0.0
2016-09-30 00:00:00+09:00,6640.0,6700.0,6330.0,6370.0,1940743,0.0,0.0,0.0
2016-10-04 00:00:00+09:00,6370.0,6690.0,6350.0,6470.0,1587026,0.0,0.0,0.0
2016-10-05 00:00:00+09:00,6490.0,6790.0,6450.0,6560.0,1385318,0.0,0.0,0.0
2016-10-06 00:00:00+09:00,6580.0,6690.0,6500.0,6590.0,742288,0.0,0.0,0.0
2016-10-07 00:00:00+09:00,6610.0,6640.0,6280.0,6280.0,1007397,0.0,0.0,0.0
2016-10-10 00:00:00+09:00,6250.0,6400.0,6100.0,6260.0,852867,0.0,0.0,0.0
2016-10-11 00:00:00+09:00,6260.0,6320.0,5930.0,5940.0,1192791,0.0,0.0,0.0
2016-10-12 00:00:00+09:00,5900.0,6120.0,5900.0,6110.0,620011,0.0,0.0,0.0
2016-10-13 00:00:00+09:00,6110.0,6680.0,6110.0,6310.0,2829038,0.0,0.0,0.0
2016-10-14 00:00:00+09:00,6320.0,6570.0,6200.0,6450.0,1002140,0.0,0.0,0.0
2016-10-17 00:00:00+09:00,6550.0,6700.0,6410.0,6530.0,958992,0.0,0.0,0.0
2016-10-18 00:00:00+09:00,6620.0,6650.0,6300.0,6300.0,860759,0.0,0.0,0.0
2016-10-19 00:00:00+09:00,6270.0,6430.0,6240.0,6300.0,522647,0.0,0.0,0.0
2016-10-20 00:00:00+09:00,6310.0,6350.0,6070.0,6130.0,624113,0.0,0.0,0.0
2016-10-21 00:00:00+09:00,6150.0,6240.0,6100.0,6150.0,408755,0.0,0.0,0.0
2016-10-24 00:00:00+09:00,6220.0,6460.0,6220.0,6300.0,849769,0.0,0.0,0.0
2016-10-25 00:00:00+09:00,6300.0,6350.0,5970.0,6090.0,895237,0.0,0.0,0.0
2016-10-26 00:00:00+09:00,5910.0,5980.0,4900.0,5500.0,3056713,0.0,0.0,0.0
2016-10-27 00:00:00+09:00,5440.0,5880.0,5380.0,5380.0,1614703,0.0,0.0,0.0
2016-10-28 00:00:00+09:00,5300.0,5480.0,5080.0,5300.0,973660,0.0,0.0,0.0
2016-10-31 00:00:00+09:00,5200.0,5220.0,4815.0,4855.0,1295260,0.0,0.0,0.0
2016-11-01 00:00:00+09:00,4650.0,5200.0,4650.0,4990.0,1855236,0.0,0.0,0.0
2016-11-02 00:00:00+09:00,4960.0,5100.0,4880.0,4920.0,906089,0.0,0.0,0.0
2016-11-03 00:00:00+09:00,4750.0,5220.0,4750.0,4960.0,741706,0.0,0.0,0.0
2016-11-04 00:00:00+09:00,4975.0,5240.0,4970.0,5020.0,1148926,0.0,0.0,0.0
2016-11-07 00:00:00+09:00,5150.0,5690.0,5110.0,5390.0,3901728,0.0,0.0,0.0
2016-11-08 00:00:00+09:00,5460.0,5530.0,5250.0,5310.0,924541,0.0,0.0,0.0
2016-11-09 00:00:00+09:00,5290.0,5410.0,4555.0,4905.0,2555627,0.0,0.0,0.0
2016-11-10 00:00:00+09:00,5090.0,5190.0,5040.0,5150.0,963092,0.0,0.0,0.0
2016-11-11 00:00:00+09:00,5120.0,5370.0,5010.0,5230.0,1160682,0.0,0.0,0.0
2016-11-14 00:00:00+09:00,5230.0,5320.0,5140.0,5160.0,676392,0.0,0.0,0.0
2016-11-15 00:00:00+09:00,5150.0,5280.0,5140.0,5160.0,818638,0.0,0.0,0.0
2016-11-16 00:00:00+09:00,5200.0,5290.0,5160.0,5210.0,755207,0.0,0.0,0.0
2016-11-17 00:00:00+09:00,5420.0,5460.0,5270.0,5310.0,1665443,0.0,0.0,0.0
2016-11-18 00:00:00+09:00,5300.0,5350.0,5210.0,5220.0,487801,0.0,0.0,0.0
2016-11-21 00:00:00+09:00,5180.0,5180.0,4980.0,5040.0,632849,0.0,0.0,0.0
2016-11-22 00:00:00+09:00,5110.0,5410.0,5060.0,5290.0,1383996,0.0,0.0,0.0
2016-11-23 00:00:00+09:00,5320.0,5510.0,5070.0,5160.0,1685024,0.0,0.0,0.0
2016-11-24 00:00:00+09:00,5250.0,5300.0,5150.0,5200.0,686868,0.0,0.0,0.0
2016-11-25 00:00:00+09:00,5200.0,5400.0,5100.0,5400.0,981617,0.0,0.0,0.0
2016-11-28 00:00:00+09:00,5450.0,5700.0,5330.0,5580.0,2045772,0.0,0.0,0.0
2016-11-29 00:00:00+09:00,5580.0,5780.0,5030.0,5510.0,2743573,0.0,0.0,0.0
2016-11-30 00:00:00+09:00,5660.0,5790.0,5480.0,5480.0,1402389,0.0,0.0,0.0
2016-12-01 00:00:00+09:00,5370.0,5600.0,5260.0,5540.0,1124495,0.0,0.0,0.0
2016-12-02 00:00:00+09:00,5550.0,5670.0,5450.0,5450.0,903950,0.0,0.0,0.0
2016-12-05 00:00:00+09:00,5300.0,5360.0,5010.0,5020.0,1201471,0.0,0.0,0.0
2016-12-06 00:00:00+09:00,5010.0,5170.0,5010.0,5060.0,583491,0.0,0.0,0.0
2016-12-07 00:00:00+09:00,5230.0,5460.0,5190.0,5380.0,1550311,0.0,0.0,0.0
2016-12-08 00:00:00+09:00,5490.0,5630.0,5340.0,5630.0,1535033,0.0,0.0,0.0
2016-12-09 00:00:00+09:00,5630.0,5880.0,5530.0,5780.0,2593259,0.0,0.0,0.0
2016-12-12 00:00:00+09:00,5960.0,7510.0,5930.0,7510.0,15085902,0.0,0.0,0.0
2016-12-13 00:00:00+09:00,7830.0,8000.0,7260.0,7510.0,21520047,0.0,0.0,0.0
2016-12-14 00:00:00+09:00,7600.0,7680.0,7430.0,7600.0,5455104,0.0,0.0,0.0
2016-12-15 00:00:00+09:00,7440.0,7680.0,7430.0,7600.0,3713933,0.0,0.0,0.0
2016-12-16 00:00:00+09:00,7660.0,8640.0,7520.0,7750.0,14766040,0.0,0.0,0.0
2016-12-19 00:00:00+09:00,8200.0,8240.0,7850.0,7980.0,4311382,0.0,0.0,0.0
2016-12-20 00:00:00+09:00,7980.0,8070.0,7500.0,7670.0,3811367,0.0,0.0,0.0
2016-12-21 00:00:00+09:00,7880.0,8000.0,7330.0,7570.0,4256666,0.0,0.0,0.0
2016-12-22 00:00:00+09:00,7650.0,8210.0,7600.0,7940.0,6010789,0.0,0.0,0.0
2016-12-23 00:00:00+09:00,8220.0,8370.0,7810.0,8190.0,6737492,0.0,0.0,0.0
2016-12-26 00:00:00+09:00,7800.0,8070.0,7120.0,7240.0,6543320,0.0,0.0,0.0
2016-12-27 00:00:00+09:00,7540.0,7950.0,7350.0,7520.0,4829343,0.0,0.0,0.0
2016-12-28 00:00:00+09:00,7600.0,7850.0,7570.0,7770.0,2426395,0.0,0.0,0.0
2016-12-29 00:00:00+09:00,7660.0,7880.0,7510.0,7860.0,2339089,0.0,0.0,0.0
2017-01-02 00:00:00+09:00,7750.0,7990.0,7730.0,7940.0,1943540,0.0,0.0,0.0
2017-01-03 00:00:00+09:00,8000.0,8380.0,7930.0,8360.0,4703666,0.0,0.0,0.0
2017-01-04 00:00:00+09:00,8450.0,8610.0,8300.0,8420.0,3337000,0.0,0.0,0.0
2017-01-05 00:00:00+09:00,8360.0,8410.0,8180.0,8250.0,1988407,0.0,0.0,0.0
2017-01-06 00:00:00+09:00,8300.0,8720.0,8150.0,8710.0,4641546,0.0,0.0,0.0
2017-01-09 00:00:00+09:00,8720.0,8990.0,8500.0,8750.0,4412264,0.0,0.0,0.0
2017-01-10 00:00:00+09:00,8730.0,8800.0,8280.0,8630.0,3487315,0.0,0.0,0.0
2017-01-11 00:00:00+09:00,8200.0,8500.0,7710.0,8160.0,3236733,0.0,0.0,0.0
2017-01-12 00:00:00+09:00,8190.0,8300.0,7520.0,7590.0,3951636,0.0,0.0,0.0
2017-01-13 00:00:00+09:00,7800.0,7980.0,6720.0,7530.0,6314576,0.0,0.0,0.0
2017-01-16 00:00:00+09:00,7360.0,7560.0,7180.0,7260.0,1909936,0.0,0.0,0.0
2017-01-17 00:00:00+09:00,7320.0,7490.0,6590.0,6710.0,4520149,0.0,0.0,0.0
2017-01-18 00:00:00+09:00,6600.0,6880.0,6190.0,6670.0,5396087,0.0,0.0,0.0
2017-01-19 00:00:00+09:00,6710.0,6840.0,6200.0,6200.0,2908962,0.0,0.0,0.0
2017-01-20 00:00:00+09:00,6140.0,6410.0,5910.0,6080.0,3595935,0.0,0.0,0.0
2017-01-23 00:00:00+09:00,6110.0,6190.0,5590.0,5630.0,3351325,0.0,0.0,0.0
2017-01-24 00:00:00+09:00,5640.0,5940.0,5360.0,5780.0,4477692,0.0,0.0,0.0
2017-01-25 00:00:00+09:00,5850.0,5860.0,5010.0,5220.0,2803557,0.0,0.0,0.0
2017-01-26 00:00:00+09:00,5110.0,5310.0,4990.0,5220.0,1958922,0.0,0.0,0.0
2017-01-31 00:00:00+09:00,5060.0,5200.0,4810.0,4995.0,2763987,0.0,0.0,0.0
2017-02-01 00:00:00+09:00,4945.0,5140.0,4920.0,4940.0,1497313,0.0,0.0,0.0
2017-02-02 00:00:00+09:00,3460.0,3460.0,3460.0,3460.0,806611,0.0,0.0,0.0
2017-02-03 00:00:00+09:00,3285.0,3635.0,3035.0,3415.0,12406995,0.0,0.0,0.0
2017-02-06 00:00:00+09:00,3425.0,3940.0,3420.0,3810.0,6144540,0.0,0.0,0.0
2017-02-07 00:00:00+09:00,3860.0,4380.0,3860.0,4105.0,5770910,0.0,0.0,0.0
2017-02-08 00:00:00+09:00,4110.0,4360.0,4070.0,4210.0,2716986,0.0,0.0,0.0
2017-02-09 00:00:00+09:00,4275.0,4285.0,4075.0,4095.0,1352528,0.0,0.0,0.0
2017-02-10 00:00:00+09:00,4100.0,4265.0,3980.0,4250.0,1894385,0.0,0.0,0.0
2017-02-13 00:00:00+09:00,4325.0,4460.0,4165.0,4300.0,1752877,0.0,0.0,0.0
2017-02-14 00:00:00+09:00,4370.0,4370.0,4220.0,4295.0,801502,0.0,0.0,0.0
2017-02-15 00:00:00+09:00,4285.0,5580.0,4255.0,5580.0,8886438,0.0,0.0,0.0
2017-02-16 00:00:00+09:00,5580.0,5580.0,5040.0,5060.0,6557731,0.0,0.0,0.0
2017-02-17 00:00:00+09:00,5130.0,5410.0,5040.0,5080.0,3568467,0.0,0.0,0.0
2017-02-20 00:00:00+09:00,5160.0,5250.0,5000.0,5190.0,1887244,0.0,0.0,0.0
2017-02-21 00:00:00+09:00,5350.0,6420.0,5220.0,5660.0,19499553,0.0,0.0,0.0
2017-02-22 00:00:00+09:00,5690.0,6220.0,5520.0,5770.0,6995515,0.0,0.0,0.0
2017-02-23 00:00:00+09:00,5900.0,6020.0,5810.0,5920.0,2642861,0.0,0.0,0.0
2017-02-24 00:00:00+09:00,6000.0,6090.0,5920.0,6000.0,2470617,0.0,0.0,0.0
2017-02-27 00:00:00+09:00,6200.0,6200.0,5840.0,6030.0,1451217,0.0,0.0,0.0
2017-02-28 00:00:00+09:00,5950.0,6180.0,5860.0,6090.0,1596376,0.0,0.0,0.0
2017-03-02 00:00:00+09:00,5960.0,6170.0,5950.0,5950.0,1040648,0.0,0.0,0.0
2017-03-03 00:00:00+09:00,5920.0,6160.0,5850.0,6080.0,1380609,0.0,0.0,0.0
2017-03-06 00:00:00+09:00,6140.0,6150.0,6030.0,6030.0,903306,0.0,0.0,0.0
2017-03-07 00:00:00+09:00,6060.0,6610.0,6010.0,6530.0,4388072,0.0,0.0,0.0
2017-03-08 00:00:00+09:00,6480.0,7010.0,6470.0,6780.0,4136655,0.0,0.0,0.0
2017-03-09 00:00:00+09:00,6820.0,6870.0,6610.0,6690.0,1581909,0.0,0.0,0.0
2017-03-10 00:00:00+09:00,6720.0,6900.0,6100.0,6750.0,2026907,0.0,0.0,0.0
2017-03-13 00:00:00+09:00,6750.0,6880.0,6650.0,6750.0,1134488,0.0,0.0,0.0
2017-03-14 00:00:00+09:00,6700.0,7020.0,6650.0,6810.0,1631121,0.0,0.0,0.0
2017-03-15 00:00:00+09:00,6810.0,6890.0,6510.0,6680.0,1049688,0.0,0.0,0.0
2017-03-16 00:00:00+09:00,6680.0,6880.0,6620.0,6780.0,1020296,0.0,0.0,0.0
2017-03-17 00:00:00+09:00,6610.0,6900.0,6610.0,6870.0,1120070,0.0,0.0,0.0
2017-03-20 00:00:00+09:00,7100.0,7160.0,6910.0,6910.0,1127797,0.0,0.0,0.0
2017-03-21 00:00:00+09:00,6990.0,7100.0,6870.0,7020.0,818020,0.0,0.0,0.0
2017-03-22 00:00:00+09:00,6950.0,7080.0,6880.0,7000.0,920388,0.0,0.0,0.0
2017-03-23 00:00:00+09:00,6560.0,6810.0,5910.0,6190.0,5701470,0.0,0.0,0.0
2017-03-24 00:00:00+09:00,6300.0,6700.0,5690.0,6060.0,5596009,0.0,0.0,0.0
2017-03-27 00:00:00+09:00,5900.0,6270.0,5750.0,6060.0,2871830,0.0,0.0,0.0
2017-03-28 00:00:00+09:00,6100.0,6380.0,6010.0,6070.0,2486529,0.0,0.0,0.0
2017-03-29 00:00:00+09:00,6180.0,6190.0,5920.0,6040.0,1607730,0.0,0.0,0.0
2017-03-30 00:00:00+09:00,6090.0,6090.0,4230.0,4420.0,10222096,0.0,0.0,0.0
2017-03-31 00:00:00+09:00,4330.0,4850.0,4260.0,4420.0,11189160,0.0,0.0,0.0
2017-04-03 00:00:00+09:00,4360.0,4690.0,4360.0,4500.0,3470343,0.0,0.0,0.0
2017-04-04 00:00:00+09:00,4510.0,4540.0,4280.0,4290.0,1876650,0.0,0.0,0.0
2017-04-05 00:00:00+09:00,4300.0,4555.0,4185.0,4545.0,2507790,0.0,0.0,0.0
2017-04-06 00:00:00+09:00,4590.0,5760.0,4550.0,5230.0,10471033,0.0,0.0,0.0
2017-04-07 00:00:00+09:00,5550.0,5600.0,5050.0,5140.0,3705787,0.0,0.0,0.0
2017-04-10 00:00:00+09:00,5160.0,5450.0,5000.0,5180.0,3205891,0.0,0.0,0.0
2017-04-11 00:00:00+09:00,5060.0,5270.0,5050.0,5080.0,1220529,0.0,0.0,0.0
2017-04-12 00:00:00+09:00,5090.0,5190.0,5030.0,5080.0,684547,0.0,0.0,0.0
2017-04-13 00:00:00+09:00,5150.0,5990.0,5110.0,5430.0,6922563,0.0,0.0,0.0
2017-04-14 00:00:00+09:00,5500.0,5670.0,5310.0,5310.0,2627094,0.0,0.0,0.0
2017-04-17 00:00:00+09:00,5420.0,5480.0,5300.0,5400.0,930781,0.0,0.0,0.0
2017-04-18 00:00:00+09:00,5390.0,5480.0,5200.0,5420.0,1600427,0.0,0.0,0.0
2017-04-19 00:00:00+09:00,5420.0,5670.0,5390.0,5620.0,2184602,0.0,0.0,0.0
2017-04-20 00:00:00+09:00,5740.0,5950.0,5420.0,5770.0,2437259,0.0,0.0,0.0
2017-04-21 00:00:00+09:00,6000.0,6050.0,5690.0,5800.0,1719403,0.0,0.0,0.0
2017-04-24 00:00:00+09:00,5850.0,5860.0,5580.0,5580.0,1069559,0.0,0.0,0.0
2017-04-25 00:00:00+09:00,5640.0,5640.0,5330.0,5530.0,966695,0.0,0.0,0.0
2017-04-26 00:00:00+09:00,5580.0,5870.0,5370.0,5370.0,2234751,0.0,0.0,0.0
2017-04-27 00:00:00+09:00,5390.0,5430.0,5140.0,5220.0,1062376,0.0,0.0,0.0
2017-04-28 00:00:00+09:00,5290.0,5290.0,4995.0,5030.0,1011850,0.0,0.0,0.0
2017-05-02 00:00:00+09:00,5050.0,5180.0,4990.0,5070.0,770568,0.0,0.0,0.0
2017-05-04 00:00:00+09:00,5070.0,5210.0,5070.0,5150.0,457103,0.0,0.0,0.0
2017-05-08 00:00:00+09:00,5230.0,5340.0,5150.0,5340.0,733275,0.0,0.0,0.0
2017-05-10 00:00:00+09:00,5410.0,5610.0,5370.0,5460.0,1375704,0.0,0.0,0.0
2017-05-11 00:00:00+09:00,5520.0,5550.0,5420.0,5470.0,357125,0.0,0.0,0.0
2017-05-12 00:00:00+09:00,5410.0,5550.0,5400.0,5470.0,522132,0.0,0.0,0.0
2017-05-15 00:00:00+09:00,5480.0,5510.0,5280.0,5290.0,538060,0.0,0.0,0.0
2017-05-16 00:00:00+09:00,5290.0,5440.0,5180.0,5360.0,563741,0.0,0.0,0.0
2017-05-17 00:00:00+09:00,5360.0,5530.0,5300.0,5450.0,524906,0.0,0.0,0.0
2017-05-18 00:00:00+09:00,5380.0,5580.0,5360.0,5400.0,562700,0.0,0.0,0.0
2017-05-19 00:00:00+09:00,5430.0,5580.0,5350.0,5550.0,665195,0.0,0.0,0.0
2017-05-22 00:00:00+09:00,5560.0,5700.0,5500.0,5590.0,653325,0.0,0.0,0.0
2017-05-23 00:00:00+09:00,5650.0,5690.0,5580.0,5680.0,606683,0.0,0.0,0.0
2017-05-24 00:00:00+09:00,5730.0,6210.0,5680.0,6210.0,3954942,0.0,0.0,0.0
2017-05-25 00:00:00+09:00,6120.0,6300.0,6070.0,6180.0,1327994,0.0,0.0,0.0
2017-05-26 00:00:00+09:00,6260.0,6590.0,6200.0,6440.0,2119690,0.0,0.0,0.0
2017-05-29 00:00:00+09:00,6490.0,6780.0,6480.0,6500.0,902563,0.0,0.0,0.0
2017-05-30 00:00:00+09:00,6520.0,6670.0,6340.0,6670.0,962619,0.0,0.0,0.0
2017-05-31 00:00:00+09:00,6600.0,6790.0,6540.0,6690.0,912860,0.0,0.0,0.0
2017-06-01 00:00:00+09:00,6690.0,6790.0,6600.0,6790.0,679028,0.0,0.0,0.0
2017-06-02 00:00:00+09:00,6790.0,7120.0,6780.0,7010.0,1702267,0.0,0.0,0.0
2017-06-05 00:00:00+09:00,7100.0,7170.0,6900.0,6900.0,963021,0.0,0.0,0.0
2017-06-07 00:00:00+09:00,6980.0,7050.0,6050.0,6570.0,3800046,0.0,0.0,0.0
2017-06-08 00:00:00+09:00,6420.0,6500.0,6100.0,6140.0,2306703,0.0,0.0,0.0
2017-06-09 00:00:00+09:00,6110.0,6520.0,6110.0,6440.0,1384572,0.0,0.0,0.0
2017-06-12 00:00:00+09:00,6500.0,6970.0,6470.0,6810.0,1781675,0.0,0.0,0.0
2017-06-13 00:00:00+09:00,6840.0,6950.0,6740.0,6920.0,1026186,0.0,0.0,0.0
2017-06-14 00:00:00+09:00,6950.0,6960.0,6470.0,6480.0,1656591,0.0,0.0,0.0
2017-06-15 00:00:00+09:00,6380.0,6950.0,6270.0,6850.0,2423264,0.0,0.0,0.0
2017-06-16 00:00:00+09:00,6970.0,7140.0,6730.0,6800.0,1900224,0.0,0.0,0.0
2017-06-19 00:00:00+09:00,6990.0,7100.0,6850.0,7020.0,1489536,0.0,0.0,0.0
2017-06-20 00:00:00+09:00,7100.0,7140.0,6970.0,7070.0,891005,0.0,0.0,0.0
2017-06-21 00:00:00+09:00,7200.0,7540.0,7200.0,7430.0,3196287,0.0,0.0,0.0
2017-06-22 00:00:00+09:00,7800.0,7940.0,6670.0,6670.0,4936958,0.0,0.0,0.0
2017-06-23 00:00:00+09:00,6660.0,6780.0,6400.0,6700.0,1235043,0.0,0.0,0.0
2017-06-26 00:00:00+09:00,6800.0,6800.0,6170.0,6190.0,1941990,0.0,0.0,0.0
2017-06-27 00:00:00+09:00,6220.0,6490.0,6140.0,6490.0,941316,0.0,0.0,0.0
2017-06-28 00:00:00+09:00,6490.0,6560.0,6300.0,6370.0,679844,0.0,0.0,0.0
2017-06-29 00:00:00+09:00,6400.0,6480.0,6320.0,6420.0,451422,0.0,0.0,0.0
2017-06-30 00:00:00+09:00,6410.0,6530.0,6320.0,6430.0,496246,0.0,0.0,0.0
2017-07-03 00:00:00+09:00,6450.0,6760.0,6400.0,6720.0,1167244,0.0,0.0,0.0
2017-07-04 00:00:00+09:00,6720.0,6920.0,6570.0,6770.0,973416,0.0,0.0,0.0
2017-07-05 00:00:00+09:00,6790.0,6890.0,6730.0,6800.0,490471,0.0,0.0,0.0
2017-07-06 00:00:00+09:00,6750.0,6860.0,6700.0,6820.0,477422,0.0,0.0,0.0
2017-07-07 00:00:00+09:00,6710.0,7040.0,6650.0,6940.0,1217274,0.0,0.0,0.0
2017-07-10 00:00:00+09:00,6990.0,7170.0,6930.0,7090.0,1024399,0.0,0.0,0.0
2017-07-11 00:00:00+09:00,7140.0,7140.0,6920.0,6980.0,532494,0.0,0.0,0.0
2017-07-12 00:00:00+09:00,6990.0,7100.0,6900.0,6950.0,514638,0.0,0.0,0.0
2017-07-13 00:00:00+09:00,7600.0,7760.0,6650.0,6840.0,4145128,0.0,0.0,0.0
2017-07-14 00:00:00+09:00,6960.0,7040.0,6350.0,6480.0,2643637,0.0,0.0,0.0
2017-07-17 00:00:00+09:00,6530.0,6910.0,6370.0,6580.0,2807589,0.0,0.0,0.0
2017-07-18 00:00:00+09:00,6660.0,6710.0,6210.0,6270.0,4174393,0.0,0.0,0.0
2017-07-19 00:00:00+09:00,6270.0,6320.0,5910.0,5990.0,3402760,0.0,0.0,0.0
2017-07-20 00:00:00+09:00,5960.0,6040.0,5870.0,5940.0,1752210,0.0,0.0,0.0
2017-07-21 00:00:00+09:00,5920.0,5990.0,5540.0,5580.0,3199460,0.0,0.0,0.0
2017-07-24 00:00:00+09:00,5510.0,5540.0,5250.0,5270.0,2360906,0.0,0.0,0.0
2017-07-25 00:00:00+09:00,5270.0,5540.0,5260.0,5370.0,1782569,0.0,0.0,0.0
2017-07-26 00:00:00+09:00,5370.0,5500.0,5110.0,5130.0,1522720,0.0,0.0,0.0
2017-07-27 00:00:00+09:00,5130.0,5250.0,5010.0,5040.0,1315188,0.0,0.0,0.0
2017-07-28 00:00:00+09:00,5130.0,5140.0,4985.0,5010.0,1035198,0.0,0.0,0.0
2017-07-31 00:00:00+09:00,5110.0,5150.0,4925.0,4940.0,638039,0.0,0.0,0.0
2017-08-01 00:00:00+09:00,4955.0,5240.0,4955.0,5200.0,1220319,0.0,0.0,0.0
2017-08-02 00:00:00+09:00,5220.0,5360.0,5170.0,5180.0,807433,0.0,0.0,0.0
2017-08-03 00:00:00+09:00,5210.0,5240.0,5000.0,5070.0,745558,0.0,0.0,0.0
2017-08-04 00:00:00+09:00,5130.0,5180.0,5030.0,5060.0,421404,0.0,0.0,0.0
2017-08-07 00:00:00+09:00,5100.0,5470.0,5050.0,5250.0,1214526,0.0,0.0,0.0
2017-08-08 00:00:00+09:00,5260.0,5290.0,5110.0,5210.0,625084,0.0,0.0,0.0
2017-08-09 00:00:00+09:00,5280.0,5410.0,5210.0,5210.0,1407739,0.0,0.0,0.0
2017-08-10 00:00:00+09:00,5250.0,5270.0,5090.0,5150.0,455719,0.0,0.0,0.0
2017-08-11 00:00:00+09:00,5100.0,5140.0,4955.0,4955.0,774945,0.0,0.0,0.0
2017-08-14 00:00:00+09:00,5000.0,5080.0,4930.0,4935.0,372474,0.0,0.0,0.0
2017-08-16 00:00:00+09:00,4930.0,5000.0,4910.0,4935.0,434453,0.0,0.0,0.0
2017-08-17 00:00:00+09:00,4960.0,5200.0,4960.0,5070.0,839579,0.0,0.0,0.0
2017-08-18 00:00:00+09:00,5110.0,5170.0,5040.0,5060.0,598422,0.0,0.0,0.0
2017-08-21 00:00:00+09:00,5060.0,5100.0,4990.0,5000.0,379346,0.0,0.0,0.0
2017-08-22 00:00:00+09:00,5020.0,5100.0,4975.0,4980.0,471089,0.0,0.0,0.0
2017-08-23 00:00:00+09:00,5030.0,5040.0,4890.0,4920.0,503316,0.0,0.0,0.0
2017-08-24 00:00:00+09:00,4870.0,4920.0,4735.0,4750.0,1127602,0.0,0.0,0.0
2017-08-25 00:00:00+09:00,4490.0,4810.0,4445.0,4770.0,1753333,0.0,0.0,0.0
2017-08-28 00:00:00+09:00,4745.0,4770.0,4600.0,4655.0,528402,0.0,0.0,0.0
2017-08-29 00:00:00+09:00,4670.0,4715.0,4495.0,4505.0,991580,0.0,0.0,0.0
2017-08-30 00:00:00+09:00,4575.0,4615.0,4500.0,4530.0,745646,0.0,0.0,0.0
2017-08-31 00:00:00+09:00,4530.0,4660.0,4515.0,4530.0,742852,0.0,0.0,0.0
2017-09-01 00:00:00+09:00,4540.0,4565.0,4360.0,4365.0,964046,0.0,0.0,0.0
2017-09-04 00:00:00+09:00,4365.0,4365.0,4365.0,4365.0,0,0.0,0.0,0.0
2017-09-05 00:00:00+09:00,4335.0,4405.0,4225.0,4240.0,771484,0.0,0.0,0.0
2017-09-06 00:00:00+09:00,4245.0,4980.0,4205.0,4500.0,5755654,0.0,0.0,0.0
2017-09-07 00:00:00+09:00,4510.0,4620.0,4400.0,4400.0,1160029,0.0,0.0,0.0
2017-09-08 00:00:00+09:00,4410.0,4440.0,4260.0,4265.0,1075205,0.0,0.0,0.0
2017-09-11 00:00:00+09:00,4250.0,4440.0,4250.0,4255.0,770228,0.0,0.0,0.0
2017-09-12 00:00:00+09:00,4270.0,4390.0,4255.0,4290.0,777472,0.0,0.0,0.0
2017-09-13 00:00:00+09:00,4430.0,4845.0,4420.0,4515.0,4677113,0.0,0.0,0.0
2017-09-14 00:00:00+09:00,4480.0,4560.0,4400.0,4425.0,704885,0.0,0.0,0.0
2017-09-15 00:00:00+09:00,4460.0,4460.0,4295.0,4300.0,699266,0.0,0.0,0.0
2017-09-18 00:00:00+09:00,4275.0,4375.0,4275.0,4300.0,478069,0.0,0.0,0.0
2017-09-19 00:00:00+09:00,4300.0,4395.0,4280.0,4355.0,501517,0.0,0.0,0.0
2017-09-20 00:00:00+09:00,4405.0,4405.0,4240.0,4240.0,653770,0.0,0.0,0.0
2017-09-21 00:00:00+09:00,4240.0,4270.0,4050.0,4130.0,937092,0.0,0.0,0.0
2017-09-25 00:00:00+09:00,3970.0,4015.0,3680.0,3825.0,878001,0.0,0.0,0.0
2017-09-26 00:00:00+09:00,3825.0,3825.0,3825.0,3825.0,0,0.0,0.0,0.0
2017-09-27 00:00:00+09:00,3835.0,3955.0,3815.0,3830.0,464766,0.0,0.0,0.0
2017-09-28 00:00:00+09:00,3850.0,3960.0,3830.0,3870.0,366456,0.0,0.0,0.0
2017-09-29 00:00:00+09:00,3895.0,3995.0,3870.0,3990.0,449136,0.0,0.0,0.0
2017-10-10 00:00:00+09:00,4040.0,4060.0,3875.0,3880.0,437150,0.0,0.0,0.0
2017-10-11 00:00:00+09:00,3880.0,3935.0,3870.0,3880.0,236835,0.0,0.0,0.0
2017-10-12 00:00:00+09:00,3910.0,3920.0,3865.0,3870.0,334200,0.0,0.0,0.0
2017-10-13 00:00:00+09:00,3865.0,3885.0,3675.0,3690.0,703511,0.0,0.0,0.0
2017-10-16 00:00:00+09:00,3685.0,3780.0,3570.0,3630.0,637003,0.0,0.0,0.0
2017-10-17 00:00:00+09:00,3605.0,3670.0,3605.0,3610.0,348185,0.0,0.0,0.0
2017-10-18 00:00:00+09:00,3620.0,3650.0,3500.0,3535.0,835885,0.0,0.0,0.0
2017-10-19 00:00:00+09:00,3520.0,3870.0,3520.0,3715.0,1226556,0.0,0.0,0.0
2017-10-20 00:00:00+09:00,3690.0,3780.0,3670.0,3705.0,463341,0.0,0.0,0.0
2017-10-23 00:00:00+09:00,3840.0,3875.0,3720.0,3740.0,673072,0.0,0.0,0.0
2017-10-24 00:00:00+09:00,3730.0,3855.0,3730.0,3840.0,407444,0.0,0.0,0.0
2017-10-25 00:00:00+09:00,3865.0,3920.0,3815.0,3875.0,349892,0.0,0.0,0.0
2017-10-26 00:00:00+09:00,3885.0,4030.0,3865.0,3875.0,960221,0.0,0.0,0.0
2017-10-27 00:00:00+09:00,3905.0,3995.0,3905.0,3935.0,384267,0.0,0.0,0.0
2017-10-30 00:00:00+09:00,3995.0,4115.0,3970.0,4090.0,968166,0.0,0.0,0.0
2017-10-31 00:00:00+09:00,4175.0,4270.0,4120.0,4245.0,1217183,0.0,0.0,0.0
2017-11-01 00:00:00+09:00,4295.0,4300.0,4130.0,4255.0,598409,0.0,0.0,0.0
2017-11-02 00:00:00+09:00,4300.0,4300.0,4175.0,4200.0,408530,0.0,0.0,0.0
2017-11-03 00:00:00+09:00,4215.0,4255.0,4175.0,4185.0,366599,0.0,0.0,0.0
2017-11-06 00:00:00+09:00,4250.0,4435.0,4205.0,4290.0,1250024,0.0,0.0,0.0
2017-11-07 00:00:00+09:00,4290.0,4335.0,4210.0,4230.0,352200,0.0,0.0,0.0
2017-11-08 00:00:00+09:00,4270.0,4380.0,4235.0,4340.0,666458,0.0,0.0,0.0
2017-11-09 00:00:00+09:00,4400.0,4445.0,4275.0,4315.0,563475,0.0,0.0,0.0
2017-11-10 00:00:00+09:00,4335.0,4420.0,4320.0,4400.0,475246,0.0,0.0,0.0
2017-11-13 00:00:00+09:00,4430.0,4480.0,4350.0,4435.0,500582,0.0,0.0,0.0
2017-11-14 00:00:00+09:00,4455.0,4575.0,4425.0,4535.0,755065,0.0,0.0,0.0
2017-11-15 00:00:00+09:00,4545.0,4575.0,4385.0,4475.0,777654,0.0,0.0,0.0
2017-11-16 00:00:00+09:00,4490.0,4580.0,4460.0,4545.0,613854,0.0,0.0,0.0
2017-11-17 00:00:00+09:00,4505.0,4550.0,4400.0,4410.0,456964,0.0,0.0,0.0
2017-11-20 00:00:00+09:00,4390.0,4500.0,4390.0,4430.0,577674,0.0,0.0,0.0
2017-11-21 00:00:00+09:00,4450.0,4455.0,4220.0,4295.0,639202,0.0,0.0,0.0
2017-11-22 00:00:00+09:00,4295.0,4300.0,4080.0,4090.0,1003021,0.0,0.0,0.0
2017-11-23 00:00:00+09:00,4080.0,4155.0,4080.0,4140.0,408382,0.0,0.0,0.0
2017-11-24 00:00:00+09:00,4185.0,4240.0,4095.0,4170.0,479483,0.0,0.0,0.0
2017-11-27 00:00:00+09:00,4200.0,4200.0,4125.0,4155.0,241912,0.0,0.0,0.0
2017-11-28 00:00:00+09:00,4170.0,4185.0,4050.0,4060.0,406994,0.0,0.0,0.0
2017-11-29 00:00:00+09:00,4045.0,4100.0,3960.0,4065.0,481071,0.0,0.0,0.0
2017-11-30 00:00:00+09:00,4065.0,4090.0,4000.0,4015.0,248082,0.0,0.0,0.0
2017-12-01 00:00:00+09:00,4015.0,4080.0,3995.0,4040.0,409292,0.0,0.0,0.0
2017-12-04 00:00:00+09:00,4090.0,4145.0,4060.0,4125.0,362067,0.0,0.0,0.0
2017-12-05 00:00:00+09:00,4150.0,4150.0,4070.0,4115.0,341280,0.0,0.0,0.0
2017-12-06 00:00:00+09:00,4145.0,4375.0,4100.0,4240.0,1368834,0.0,0.0,0.0
2017-12-07 00:00:00+09:00,4300.0,4310.0,4040.0,4060.0,827670,0.0,0.0,0.0
2017-12-08 00:00:00+09:00,4065.0,4090.0,3955.0,3965.0,472574,0.0,0.0,0.0
2017-12-11 00:00:00+09:00,3930.0,4055.0,3930.0,4035.0,289392,0.0,0.0,0.0
2017-12-12 00:00:00+09:00,4020.0,4080.0,3980.0,3980.0,291225,0.0,0.0,0.0
2017-12-13 00:00:00+09:00,3965.0,4030.0,3930.0,3940.0,315472,0.0,0.0,0.0
2017-12-14 00:00:00+09:00,3960.0,3975.0,3880.0,3880.0,456957,0.0,0.0,0.0
2017-12-15 00:00:00+09:00,3870.0,3950.0,3850.0,3870.0,306213,0.0,0.0,0.0
2017-12-18 00:00:00+09:00,3910.0,3910.0,3795.0,3805.0,328817,0.0,0.0,0.0
2017-12-19 00:00:00+09:00,3805.0,3950.0,3805.0,3830.0,552309,0.0,0.0,0.0
2017-12-21 00:00:00+09:00,3790.0,3790.0,3575.0,3590.0,565020,0.0,0.0,0.0
2017-12-22 00:00:00+09:00,3570.0,3715.0,3570.0,3715.0,328890,0.0,0.0,0.0
2017-12-26 00:00:00+09:00,3740.0,3975.0,3740.0,3860.0,549404,0.0,0.0,0.0
2017-12-27 00:00:00+09:00,3900.0,3905.0,3800.0,3835.0,223798,0.0,0.0,0.0
2017-12-28 00:00:00+09:00,3810.0,3895.0,3800.0,3835.0,166810,0.0,0.0,0.0
2018-01-02 00:00:00+09:00,3800.0,3910.0,3775.0,3905.0,275222,0.0,0.0,0.0
2018-01-03 00:00:00+09:00,3905.0,3925.0,3845.0,3860.0,398263,0.0,0.0,0.0
2018-01-04 00:00:00+09:00,3865.0,3865.0,3700.0,3700.0,675655,0.0,0.0,0.0
2018-01-05 00:00:00+09:00,3700.0,3740.0,3640.0,3655.0,432967,0.0,0.0,0.0
2018-01-08 00:00:00+09:00,3660.0,3665.0,3555.0,3570.0,530705,0.0,0.0,0.0
2018-01-09 00:00:00+09:00,3535.0,3570.0,3415.0,3440.0,910366,0.0,0.0,0.0
2018-01-10 00:00:00+09:00,3455.0,3525.0,3430.0,3510.0,409860,0.0,0.0,0.0
2018-01-11 00:00:00+09:00,3510.0,3535.0,3440.0,3515.0,412732,0.0,0.0,0.0
2018-01-12 00:00:00+09:00,3515.0,3525.0,3365.0,3415.0,640905,0.0,0.0,0.0
2018-01-15 00:00:00+09:00,3400.0,3410.0,3315.0,3360.0,447153,0.0,0.0,0.0
2018-01-16 00:00:00+09:00,3350.0,3565.0,3340.0,3480.0,720430,0.0,0.0,0.0
2018-01-17 00:00:00+09:00,3480.0,3600.0,3450.0,3580.0,486512,0.0,0.0,0.0
2018-01-18 00:00:00+09:00,3600.0,3610.0,3525.0,3570.0,310526,0.0,0.0,0.0
2018-01-19 00:00:00+09:00,3580.0,3880.0,3570.0,3745.0,1189281,0.0,0.0,0.0
2018-01-22 00:00:00+09:00,3760.0,3830.0,3680.0,3765.0,421947,0.0,0.0,0.0
2018-01-23 00:00:00+09:00,3750.0,3860.0,3750.0,3805.0,499024,0.0,0.0,0.0
2018-01-24 00:00:00+09:00,3805.0,3835.0,3760.0,3770.0,348204,0.0,0.0,0.0
2018-01-25 00:00:00+09:00,3770.0,3840.0,3745.0,3825.0,283682,0.0,0.0,0.0
2018-01-26 00:00:00+09:00,3860.0,3930.0,3825.0,3895.0,436674,0.0,0.0,0.0
2018-01-29 00:00:00+09:00,3910.0,3930.0,3810.0,3815.0,372805,0.0,0.0,0.0
2018-01-30 00:00:00+09:00,3845.0,3845.0,3655.0,3685.0,655663,0.0,0.0,0.0
2018-01-31 00:00:00+09:00,3660.0,3760.0,3625.0,3695.0,335455,0.0,0.0,0.0
2018-02-01 00:00:00+09:00,3670.0,3850.0,3670.0,3850.0,728767,0.0,0.0,0.0
2018-02-02 00:00:00+09:00,3895.0,4020.0,3785.0,3830.0,1448820,0.0,0.0,0.0
2018-02-05 00:00:00+09:00,3740.0,3840.0,3740.0,3740.0,424432,0.0,0.0,0.0
2018-02-06 00:00:00+09:00,3645.0,3645.0,3380.0,3600.0,577907,0.0,0.0,0.0
2018-02-07 00:00:00+09:00,3610.0,3870.0,3610.0,3760.0,846138,0.0,0.0,0.0
2018-02-08 00:00:00+09:00,3800.0,4000.0,3740.0,4000.0,1629955,0.0,0.0,0.0
2018-02-09 00:00:00+09:00,3970.0,4060.0,3855.0,3870.0,1420612,0.0,0.0,0.0
2018-02-12 00:00:00+09:00,3865.0,3990.0,3840.0,3930.0,763351,0.0,0.0,0.0
2018-02-13 00:00:00+09:00,3940.0,4010.0,3790.0,3790.0,592433,0.0,0.0,0.0
2018-02-14 00:00:00+09:00,3790.0,3800.0,3645.0,3690.0,507761,0.0,0.0,0.0
2018-02-19 00:00:00+09:00,3685.0,3795.0,3655.0,3795.0,307296,0.0,0.0,0.0
2018-02-20 00:00:00+09:00,3750.0,3975.0,3750.0,3880.0,955055,0.0,0.0,0.0
2018-02-21 00:00:00+09:00,3900.0,3955.0,3850.0,3930.0,423831,0.0,0.0,0.0
2018-02-22 00:00:00+09:00,3965.0,4000.0,3840.0,3850.0,585529,0.0,0.0,0.0
2018-02-23 00:00:00+09:00,3835.0,3905.0,3835.0,3865.0,254815,0.0,0.0,0.0
2018-02-26 00:00:00+09:00,3920.0,4020.0,3875.0,3900.0,1092199,0.0,0.0,0.0
2018-02-27 00:00:00+09:00,3950.0,3950.0,3850.0,3850.0,377228,0.0,0.0,0.0
2018-02-28 00:00:00+09:00,3840.0,3845.0,3685.0,3690.0,553499,0.0,0.0,0.0
2018-03-02 00:00:00+09:00,3660.0,3660.0,3585.0,3625.0,426202,0.0,0.0,0.0
2018-03-05 00:00:00+09:00,3605.0,3740.0,3580.0,3580.0,253964,0.0,0.0,0.0
2018-03-06 00:00:00+09:00,3600.0,3650.0,3535.0,3615.0,213811,0.0,0.0,0.0
2018-03-07 00:00:00+09:00,3660.0,3670.0,3580.0,3580.0,243124,0.0,0.0,0.0
2018-03-08 00:00:00+09:00,3640.0,3645.0,3560.0,3590.0,223095,0.0,0.0,0.0
2018-03-09 00:00:00+09:00,3580.0,3710.0,3580.0,3665.0,322787,0.0,0.0,0.0
2018-03-12 00:00:00+09:00,3725.0,3725.0,3665.0,3685.0,198586,0.0,0.0,0.0
2018-03-13 00:00:00+09:00,3695.0,3725.0,3665.0,3710.0,230763,0.0,0.0,0.0
2018-03-14 00:00:00+09:00,3725.0,3730.0,3680.0,3720.0,217597,0.0,0.0,0.0
2018-03-15 00:00:00+09:00,3710.0,3770.0,3630.0,3655.0,421177,0.0,0.0,0.0
2018-03-16 00:00:00+09:00,3590.0,3590.0,3455.0,3500.0,811864,0.0,0.0,0.0
2018-03-19 00:00:00+09:00,3440.0,3780.0,3380.0,3665.0,1275471,0.0,0.0,0.0
2018-03-20 00:00:00+09:00,3620.0,3690.0,3590.0,3620.0,406786,0.0,0.0,0.0
2018-03-21 00:00:00+09:00,3650.0,3675.0,3505.0,3540.0,384224,0.0,0.0,0.0
2018-03-22 00:00:00+09:00,3570.0,3570.0,3440.0,3460.0,379413,0.0,0.0,0.0
2018-03-23 00:00:00+09:00,3400.0,3515.0,3330.0,3330.0,463403,0.0,0.0,0.0
2018-03-26 00:00:00+09:00,3260.0,3480.0,3240.0,3480.0,329492,0.0,0.0,0.0
2018-03-27 00:00:00+09:00,3480.0,3500.0,3410.0,3430.0,208995,0.0,0.0,0.0
2018-03-28 00:00:00+09:00,3400.0,3435.0,3335.0,3380.0,284464,0.0,0.0,0.0
2018-03-29 00:00:00+09:00,3345.0,3460.0,3340.0,3460.0,267618,0.0,0.0,0.0
2018-03-30 00:00:00+09:00,3430.0,3500.0,3420.0,3460.0,218732,0.0,0.0,0.0
2018-04-02 00:00:00+09:00,3480.0,3495.0,3395.0,3410.0,190784,0.0,0.0,0.0
2018-04-03 00:00:00+09:00,3380.0,3440.0,3365.0,3430.0,230519,0.0,0.0,0.0
2018-04-04 00:00:00+09:00,3425.0,3435.0,3330.0,3360.0,259449,0.0,0.0,0.0
2018-04-05 00:00:00+09:00,3425.0,3425.0,3320.0,3340.0,244729,0.0,0.0,0.0
2018-04-06 00:00:00+09:00,3335.0,3340.0,3265.0,3295.0,241326,0.0,0.0,0.0
2018-04-09 00:00:00+09:00,3240.0,3320.0,3230.0,3295.0,219590,0.0,0.0,0.0
2018-04-10 00:00:00+09:00,3260.0,3315.0,3170.0,3195.0,427715,0.0,0.0,0.0
2018-04-11 00:00:00+09:00,3160.0,3275.0,3145.0,3185.0,379028,0.0,0.0,0.0
2018-04-12 00:00:00+09:00,3185.0,3255.0,3185.0,3235.0,206935,0.0,0.0,0.0
2018-04-13 00:00:00+09:00,3220.0,3275.0,3100.0,3210.0,233984,0.0,0.0,0.0
2018-04-16 00:00:00+09:00,3205.0,3285.0,3170.0,3250.0,319480,0.0,0.0,0.0
2018-04-17 00:00:00+09:00,3255.0,3975.0,3255.0,3680.0,9295075,0.0,0.0,0.0
2018-04-18 00:00:00+09:00,3610.0,3725.0,3560.0,3630.0,1633886,0.0,0.0,0.0
2018-04-19 00:00:00+09:00,3620.0,3695.0,3500.0,3545.0,876545,0.0,0.0,0.0
2018-04-20 00:00:00+09:00,3610.0,4540.0,3575.0,4300.0,24926855,0.0,0.0,0.0
2018-04-23 00:00:00+09:00,4355.0,4950.0,4160.0,4260.0,15251579,0.0,0.0,0.0
2018-04-24 00:00:00+09:00,4320.0,4380.0,3990.0,4090.0,4419829,0.0,0.0,0.0
2018-04-25 00:00:00+09:00,4080.0,4260.0,3870.0,3870.0,2734063,0.0,0.0,0.0
2018-04-26 00:00:00+09:00,3905.0,4085.0,3860.0,3870.0,1887585,0.0,0.0,0.0
2018-04-27 00:00:00+09:00,3885.0,4010.0,3800.0,3955.0,1564719,0.0,0.0,0.0
2018-04-30 00:00:00+09:00,4130.0,4195.0,4000.0,4040.0,3514134,0.0,0.0,0.0
2018-05-02 00:00:00+09:00,4125.0,4290.0,4040.0,4215.0,2771663,0.0,0.0,0.0
2018-05-03 00:00:00+09:00,4385.0,4730.0,4120.0,4120.0,9595109,0.0,0.0,0.0
2018-05-04 00:00:00+09:00,4200.0,4380.0,4155.0,4205.0,2004296,0.0,0.0,0.0
2018-05-08 00:00:00+09:00,4180.0,4195.0,3850.0,3850.0,1590949,0.0,0.0,0.0
2018-05-09 00:00:00+09:00,3770.0,3940.0,3600.0,3910.0,1063939,0.0,0.0,0.0
2018-05-10 00:00:00+09:00,3945.0,3980.0,3810.0,3870.0,790583,0.0,0.0,0.0
2018-05-11 00:00:00+09:00,3870.0,4070.0,3795.0,3940.0,1239499,0.0,0.0,0.0
2018-05-14 00:00:00+09:00,4020.0,4420.0,3950.0,4115.0,4092448,0.0,0.0,0.0
2018-05-15 00:00:00+09:00,4130.0,4325.0,4110.0,4240.0,1893964,0.0,0.0,0.0
2018-05-16 00:00:00+09:00,3905.0,4125.0,3900.0,3985.0,1795336,0.0,0.0,0.0
2018-05-17 00:00:00+09:00,3980.0,4235.0,3970.0,4090.0,1768752,0.0,0.0,0.0
2018-05-18 00:00:00+09:00,4135.0,4200.0,4050.0,4100.0,1301032,0.0,0.0,0.0
2018-05-21 00:00:00+09:00,4175.0,4220.0,4080.0,4145.0,973696,0.0,0.0,0.0
2018-05-23 00:00:00+09:00,4150.0,4200.0,4040.0,4090.0,1057303,0.0,0.0,0.0
2018-05-24 00:00:00+09:00,4275.0,4285.0,4055.0,4070.0,1559106,0.0,0.0,0.0
2018-05-25 00:00:00+09:00,3800.0,3990.0,3680.0,3805.0,1208285,0.0,0.0,0.0
2018-05-28 00:00:00+09:00,3975.0,4295.0,3970.0,4165.0,3129362,0.0,0.0,0.0
2018-05-29 00:00:00+09:00,4105.0,4135.0,3975.0,3975.0,982861,0.0,0.0,0.0
2018-05-30 00:00:00+09:00,3975.0,4000.0,3805.0,3880.0,750898,0.0,0.0,0.0
2018-05-31 00:00:00+09:00,3880.0,3980.0,3835.0,3850.0,588777,0.0,0.0,0.0
2018-06-01 00:00:00+09:00,3930.0,3945.0,3760.0,3900.0,643207,0.0,0.0,0.0
2018-06-04 00:00:00+09:00,3880.0,3945.0,3830.0,3835.0,346359,0.0,0.0,0.0
2018-06-05 00:00:00+09:00,3835.0,3925.0,3750.0,3895.0,464420,0.0,0.0,0.0
2018-06-07 00:00:00+09:00,3900.0,3955.0,3845.0,3930.0,424234,0.0,0.0,0.0
2018-06-08 00:00:00+09:00,3935.0,3975.0,3870.0,3940.0,328848,0.0,0.0,0.0
2018-06-11 00:00:00+09:00,3900.0,4200.0,3900.0,4130.0,2209609,0.0,0.0,0.0
2018-06-12 00:00:00+09:00,4100.0,4140.0,3850.0,3910.0,941161,0.0,0.0,0.0
2018-06-14 00:00:00+09:00,3850.0,3870.0,3455.0,3455.0,2304341,0.0,0.0,0.0
2018-06-15 00:00:00+09:00,3400.0,3615.0,3400.0,3510.0,658536,0.0,0.0,0.0
2018-06-18 00:00:00+09:00,3500.0,3595.0,3360.0,3385.0,512520,0.0,0.0,0.0
2018-06-19 00:00:00+09:00,3360.0,3470.0,3260.0,3290.0,477556,0.0,0.0,0.0
2018-06-20 00:00:00+09:00,3250.0,3405.0,3250.0,3320.0,429240,0.0,0.0,0.0
2018-06-21 00:00:00+09:00,3340.0,3340.0,3225.0,3225.0,332040,0.0,0.0,0.0
2018-06-22 00:00:00+09:00,3210.0,3265.0,3165.0,3240.0,318366,0.0,0.0,0.0
2018-06-25 00:00:00+09:00,3170.0,3275.0,3170.0,3245.0,137287,0.0,0.0,0.0
2018-06-26 00:00:00+09:00,3185.0,3245.0,3185.0,3245.0,199934,0.0,0.0,0.0
2018-06-27 00:00:00+09:00,3280.0,3285.0,3180.0,3180.0,192075,0.0,0.0,0.0
2018-06-28 00:00:00+09:00,3185.0,3245.0,3155.0,3205.0,165617,0.0,0.0,0.0
2018-06-29 00:00:00+09:00,3205.0,3245.0,3125.0,3170.0,154048,0.0,0.0,0.0
2018-07-02 00:00:00+09:00,3210.0,3210.0,3000.0,3000.0,260804,0.0,0.0,0.0
2018-07-03 00:00:00+09:00,2950.0,3120.0,2940.0,3025.0,248924,0.0,0.0,0.0
2018-07-04 00:00:00+09:00,2970.0,3075.0,2970.0,3000.0,152095,0.0,0.0,0.0
2018-07-05 00:00:00+09:00,3010.0,3070.0,2915.0,2935.0,179990,0.0,0.0,0.0
2018-07-06 00:00:00+09:00,2920.0,3330.0,2905.0,3170.0,673071,0.0,0.0,0.0
2018-07-09 00:00:00+09:00,3105.0,3170.0,3010.0,3080.0,174527,0.0,0.0,0.0
2018-07-10 00:00:00+09:00,3110.0,3145.0,3070.0,3120.0,126202,0.0,0.0,0.0
2018-07-11 00:00:00+09:00,3085.0,3910.0,3085.0,3810.0,9859609,0.0,0.0,0.0
2018-07-12 00:00:00+09:00,3770.0,3815.0,3550.0,3645.0,3790785,0.0,0.0,0.0
2018-07-13 00:00:00+09:00,3570.0,3605.0,3425.0,3465.0,1968988,0.0,0.0,0.0
2018-07-16 00:00:00+09:00,3515.0,3515.0,3320.0,3365.0,1144366,0.0,0.0,0.0
2018-07-17 00:00:00+09:00,3435.0,3575.0,3370.0,3480.0,2033514,0.0,0.0,0.0
2018-07-18 00:00:00+09:00,3485.0,3485.0,3235.0,3285.0,1061391,0.0,0.0,0.0
2018-07-19 00:00:00+09:00,3285.0,3355.0,3160.0,3160.0,640886,0.0,0.0,0.0
2018-07-20 00:00:00+09:00,3160.0,3230.0,3065.0,3085.0,413857,0.0,0.0,0.0
2018-07-23 00:00:00+09:00,3110.0,3300.0,3055.0,3105.0,767711,0.0,0.0,0.0
2018-07-24 00:00:00+09:00,3105.0,3230.0,3050.0,3135.0,323054,0.0,0.0,0.0
2018-07-25 00:00:00+09:00,3115.0,3140.0,3015.0,3015.0,475764,0.0,0.0,0.0
2018-07-26 00:00:00+09:00,3010.0,3180.0,3010.0,3155.0,351149,0.0,0.0,0.0
2018-07-27 00:00:00+09:00,3130.0,3185.0,3105.0,3170.0,198969,0.0,0.0,0.0
2018-07-30 00:00:00+09:00,3195.0,3245.0,3160.0,3205.0,188222,0.0,0.0,0.0
2018-07-31 00:00:00+09:00,3205.0,3270.0,3165.0,3225.0,214624,0.0,0.0,0.0
2018-08-01 00:00:00+09:00,3225.0,3350.0,3220.0,3295.0,273362,0.0,0.0,0.0
2018-08-02 00:00:00+09:00,3350.0,3350.0,3200.0,3240.0,203207,0.0,0.0,0.0
2018-08-03 00:00:00+09:00,3260.0,3320.0,3240.0,3260.0,139580,0.0,0.0,0.0
2018-08-06 00:00:00+09:00,3270.0,3330.0,3265.0,3290.0,184976,0.0,0.0,0.0
2018-08-07 00:00:00+09:00,3270.0,3295.0,3195.0,3230.0,162820,0.0,0.0,0.0
2018-08-08 00:00:00+09:00,3255.0,3255.0,3175.0,3175.0,164112,0.0,0.0,0.0
2018-08-09 00:00:00+09:00,3205.0,3230.0,3115.0,3180.0,165378,0.0,0.0,0.0
2018-08-10 00:00:00+09:00,3200.0,3230.0,3150.0,3175.0,127442,0.0,0.0,0.0
2018-08-13 00:00:00+09:00,3190.0,3190.0,3035.0,3050.0,278417,0.0,0.0,0.0
2018-08-14 00:00:00+09:00,3010.0,3095.0,3010.0,3070.0,137305,0.0,0.0,0.0
2018-08-16 00:00:00+09:00,3060.0,3120.0,3010.0,3090.0,191757,0.0,0.0,0.0
2018-08-17 00:00:00+09:00,3090.0,3185.0,3050.0,3175.0,211010,0.0,0.0,0.0
2018-08-20 00:00:00+09:00,3180.0,3215.0,3140.0,3160.0,163702,0.0,0.0,0.0
2018-08-21 00:00:00+09:00,3150.0,3175.0,3150.0,3175.0,104664,0.0,0.0,0.0
2018-08-22 00:00:00+09:00,3180.0,3290.0,3180.0,3205.0,216826,0.0,0.0,0.0
2018-08-23 00:00:00+09:00,3215.0,3255.0,3180.0,3195.0,204981,0.0,0.0,0.0
2018-08-24 00:00:00+09:00,3175.0,3230.0,3175.0,3210.0,122865,0.0,0.0,0.0
2018-08-27 00:00:00+09:00,3215.0,3215.0,3125.0,3145.0,188323,0.0,0.0,0.0
2018-08-28 00:00:00+09:00,3150.0,3160.0,3105.0,3125.0,199366,0.0,0.0,0.0
2018-08-29 00:00:00+09:00,3140.0,3160.0,3100.0,3115.0,160757,0.0,0.0,0.0
2018-08-30 00:00:00+09:00,3145.0,3220.0,3125.0,3180.0,230855,0.0,0.0,0.0
2018-08-31 00:00:00+09:00,3200.0,3235.0,3170.0,3210.0,218421,0.0,0.0,0.0
2018-09-03 00:00:00+09:00,3210.0,3380.0,3210.0,3245.0,455355,0.0,0.0,0.0
2018-09-04 00:00:00+09:00,3230.0,3330.0,3230.0,3325.0,285024,0.0,0.0,0.0
2018-09-05 00:00:00+09:00,3330.0,3350.0,3275.0,3285.0,266950,0.0,0.0,0.0
2018-09-06 00:00:00+09:00,3300.0,3350.0,3260.0,3280.0,298023,0.0,0.0,0.0
2018-09-07 00:00:00+09:00,3255.0,3475.0,3255.0,3435.0,1013869,0.0,0.0,0.0
2018-09-10 00:00:00+09:00,3440.0,3635.0,3430.0,3450.0,1425316,0.0,0.0,0.0
2018-09-11 00:00:00+09:00,3430.0,3550.0,3370.0,3515.0,440174,0.0,0.0,0.0
2018-09-12 00:00:00+09:00,3485.0,3570.0,3420.0,3490.0,339051,0.0,0.0,0.0
2018-09-13 00:00:00+09:00,3500.0,3630.0,3500.0,3525.0,519126,0.0,0.0,0.0
2018-09-14 00:00:00+09:00,3525.0,3560.0,3465.0,3475.0,208554,0.0,0.0,0.0
2018-09-17 00:00:00+09:00,3475.0,3475.0,3235.0,3355.0,265045,0.0,0.0,0.0
2018-09-18 00:00:00+09:00,3325.0,3470.0,3325.0,3345.0,181829,0.0,0.0,0.0
2018-09-19 00:00:00+09:00,3345.0,3455.0,3280.0,3280.0,216562,0.0,0.0,0.0
2018-09-20 00:00:00+09:00,3285.0,3330.0,3120.0,3220.0,168177,0.0,0.0,0.0
2018-09-21 00:00:00+09:00,3220.0,3290.0,3195.0,3235.0,132726,0.0,0.0,0.0
2018-09-27 00:00:00+09:00,3235.0,3280.0,3200.0,3210.0,207885,0.0,0.0,0.0
2018-09-28 00:00:00+09:00,3210.0,3235.0,3090.0,3125.0,351357,0.0,0.0,0.0
2018-10-01 00:00:00+09:00,3125.0,3145.0,3050.0,3080.0,250489,0.0,0.0,0.0
2018-10-02 00:00:00+09:00,3055.0,3120.0,3045.0,3070.0,203789,0.0,0.0,0.0
2018-10-04 00:00:00+09:00,3070.0,3085.0,3000.0,3005.0,275458,0.0,0.0,0.0
2018-10-05 00:00:00+09:00,2980.0,3050.0,2935.0,2975.0,220125,0.0,0.0,0.0
2018-10-08 00:00:00+09:00,2975.0,3270.0,2950.0,3075.0,426616,0.0,0.0,0.0
2018-10-10 00:00:00+09:00,3055.0,3100.0,2950.0,2950.0,191762,0.0,0.0,0.0
2018-10-11 00:00:00+09:00,2840.0,3000.0,2780.0,3000.0,477181,0.0,0.0,0.0
2018-10-12 00:00:00+09:00,2835.0,2960.0,2835.0,2950.0,208943,0.0,0.0,0.0
2018-10-15 00:00:00+09:00,2910.0,2995.0,2860.0,2935.0,135863,0.0,0.0,0.0
2018-10-16 00:00:00+09:00,2910.0,2940.0,2855.0,2930.0,172006,0.0,0.0,0.0
2018-10-17 00:00:00+09:00,2930.0,2990.0,2925.0,2930.0,117537,0.0,0.0,0.0
2018-10-18 00:00:00+09:00,2900.0,2960.0,2860.0,2875.0,153770,0.0,0.0,0.0
2018-10-19 00:00:00+09:00,2850.0,2885.0,2810.0,2865.0,141733,0.0,0.0,0.0
2018-10-22 00:00:00+09:00,2835.0,2900.0,2800.0,2830.0,133199,0.0,0.0,0.0
2018-10-23 00:00:00+09:00,2810.0,2840.0,2755.0,2820.0,118280,0.0,0.0,0.0
2018-10-24 00:00:00+09:00,2780.0,2840.0,2715.0,2715.0,142907,0.0,0.0,0.0
2018-10-25 00:00:00+09:00,2650.0,2760.0,2580.0,2700.0,286160,0.0,0.0,0.0
2018-10-26 00:00:00+09:00,2660.0,2785.0,2645.0,2690.0,201454,0.0,0.0,0.0
2018-10-29 00:00:00+09:00,2615.0,2740.0,2480.0,2670.0,494656,0.0,0.0,0.0
2018-10-30 00:00:00+09:00,2400.0,2715.0,2350.0,2690.0,645149,0.0,0.0,0.0
2018-10-31 00:00:00+09:00,2675.0,2800.0,2635.0,2695.0,204712,0.0,0.0,0.0
2018-11-01 00:00:00+09:00,2710.0,2780.0,2705.0,2710.0,184410,0.0,0.0,0.0
2018-11-02 00:00:00+09:00,2715.0,2785.0,2700.0,2735.0,190924,0.0,0.0,0.0
2018-11-05 00:00:00+09:00,2725.0,2755.0,2705.0,2720.0,103238,0.0,0.0,0.0
2018-11-06 00:00:00+09:00,2720.0,2770.0,2705.0,2720.0,106957,0.0,0.0,0.0
2018-11-07 00:00:00+09:00,2710.0,2760.0,2635.0,2650.0,125640,0.0,0.0,0.0
2018-11-08 00:00:00+09:00,2700.0,2800.0,2660.0,2670.0,254029,0.0,0.0,0.0
2018-11-09 00:00:00+09:00,2670.0,2690.0,2635.0,2670.0,61010,0.0,0.0,0.0
2018-11-12 00:00:00+09:00,2690.0,2710.0,2630.0,2645.0,87240,0.0,0.0,0.0
2018-11-13 00:00:00+09:00,2600.0,2705.0,2510.0,2655.0,172630,0.0,0.0,0.0
2018-11-14 00:00:00+09:00,2735.0,2880.0,2715.0,2720.0,340008,0.0,0.0,0.0
2018-11-15 00:00:00+09:00,2710.0,2830.0,2685.0,2715.0,94352,0.0,0.0,0.0
2018-11-16 00:00:00+09:00,2715.0,2810.0,2715.0,2765.0,222359,0.0,0.0,0.0
2018-11-19 00:00:00+09:00,2765.0,2795.0,2735.0,2755.0,169561,0.0,0.0,0.0
2018-11-20 00:00:00+09:00,2700.0,2745.0,2685.0,2695.0,127078,0.0,0.0,0.0
2018-11-21 00:00:00+09:00,2695.0,2695.0,2615.0,2640.0,142403,0.0,0.0,0.0
2018-11-22 00:00:00+09:00,2640.0,2675.0,2550.0,2575.0,193045,0.0,0.0,0.0
2018-11-23 00:00:00+09:00,2575.0,2630.0,2525.0,2570.0,100958,0.0,0.0,0.0
2018-11-26 00:00:00+09:00,2600.0,2605.0,2530.0,2530.0,122226,0.0,0.0,0.0
2018-11-27 00:00:00+09:00,2530.0,2580.0,2530.0,2545.0,100963,0.0,0.0,0.0
2018-11-28 00:00:00+09:00,2555.0,2575.0,2500.0,2525.0,93684,0.0,0.0,0.0
2018-11-29 00:00:00+09:00,2565.0,2580.0,2520.0,2535.0,92163,0.0,0.0,0.0
2018-11-30 00:00:00+09:00,2520.0,2570.0,2515.0,2535.0,64670,0.0,0.0,0.0
2018-12-03 00:00:00+09:00,2535.0,2595.0,2530.0,2585.0,122981,0.0,0.0,0.0
2018-12-04 00:00:00+09:00,2610.0,2610.0,2565.0,2590.0,105033,0.0,0.0,0.0
2018-12-05 00:00:00+09:00,2545.0,2990.0,2545.0,2795.0,2010147,0.0,0.0,0.0
2018-12-06 00:00:00+09:00,2795.0,2830.0,2735.0,2790.0,359157,0.0,0.0,0.0
2018-12-07 00:00:00+09:00,2850.0,2855.0,2755.0,2760.0,236200,0.0,0.0,0.0
2018-12-10 00:00:00+09:00,2750.0,2750.0,2590.0,2595.0,165161,0.0,0.0,0.0
2018-12-11 00:00:00+09:00,2640.0,2645.0,2510.0,2510.0,167148,0.0,0.0,0.0
2018-12-12 00:00:00+09:00,2500.0,2625.0,2500.0,2535.0,241764,0.0,0.0,0.0
2018-12-13 00:00:00+09:00,2560.0,2635.0,2540.0,2545.0,149152,0.0,0.0,0.0
2018-12-14 00:00:00+09:00,2550.0,2635.0,2525.0,2540.0,111623,0.0,0.0,0.0
2018-12-17 00:00:00+09:00,2530.0,2550.0,2490.0,2495.0,149135,0.0,0.0,0.0
2018-12-18 00:00:00+09:00,2470.0,2530.0,2440.0,2485.0,136740,0.0,0.0,0.0
2018-12-19 00:00:00+09:00,2485.0,2675.0,2485.0,2545.0,253392,0.0,0.0,0.0
2018-12-20 00:00:00+09:00,2515.0,2550.0,2490.0,2505.0,122617,0.0,0.0,0.0
2018-12-21 00:00:00+09:00,2490.0,2515.0,2435.0,2490.0,214991,0.0,0.0,0.0
2018-12-24 00:00:00+09:00,2455.0,2500.0,2400.0,2495.0,194690,0.0,0.0,0.0
2018-12-26 00:00:00+09:00,2495.0,2495.0,2395.0,2450.0,206952,0.0,0.0,0.0
2018-12-27 00:00:00+09:00,2455.0,2530.0,2420.0,2450.0,94559,0.0,0.0,0.0
2018-12-28 00:00:00+09:00,2440.0,2510.0,2440.0,2495.0,117518,0.0,0.0,0.0
2019-01-02 00:00:00+09:00,2525.0,2525.0,2455.0,2495.0,69632,0.0,0.0,0.0
2019-01-03 00:00:00+09:00,2480.0,2515.0,2470.0,2495.0,90516,0.0,0.0,0.0
2019-01-04 00:00:00+09:00,2480.0,2555.0,2455.0,2555.0,93266,0.0,0.0,0.0
2019-01-07 00:00:00+09:00,2560.0,2580.0,2530.0,2535.0,150174,0.0,0.0,0.0
2019-01-08 00:00:00+09:00,2535.0,2625.0,2530.0,2540.0,132121,0.0,0.0,0.0
2019-01-09 00:00:00+09:00,2540.0,2625.0,2540.0,2600.0,230200,0.0,0.0,0.0
2019-01-10 00:00:00+09:00,2580.0,2835.0,2580.0,2690.0,987806,0.0,0.0,0.0
2019-01-11 00:00:00+09:00,2690.0,2740.0,2660.0,2690.0,193132,0.0,0.0,0.0
2019-01-14 00:00:00+09:00,2700.0,2760.0,2670.0,2740.0,220658,0.0,0.0,0.0
2019-01-15 00:00:00+09:00,2720.0,2770.0,2720.0,2740.0,253821,0.0,0.0,0.0
2019-01-16 00:00:00+09:00,2730.0,2770.0,2690.0,2715.0,175591,0.0,0.0,0.0
2019-01-17 00:00:00+09:00,2715.0,3340.0,2715.0,3045.0,6239000,0.0,0.0,0.0
2019-01-18 00:00:00+09:00,3120.0,3385.0,3060.0,3285.0,3393881,0.0,0.0,0.0
2019-01-21 00:00:00+09:00,3315.0,3725.0,3305.0,3580.0,3768582,0.0,0.0,0.0
2019-01-22 00:00:00+09:00,3535.0,3660.0,3500.0,3615.0,782746,0.0,0.0,0.0
2019-01-23 00:00:00+09:00,3550.0,3625.0,3510.0,3535.0,494799,0.0,0.0,0.0
2019-01-24 00:00:00+09:00,3545.0,3605.0,3490.0,3535.0,352671,0.0,0.0,0.0
2019-01-25 00:00:00+09:00,3540.0,3700.0,3500.0,3500.0,398053,0.0,0.0,0.0
2019-01-28 00:00:00+09:00,3500.0,3650.0,3500.0,3545.0,501268,0.0,0.0,0.0
2019-01-29 00:00:00+09:00,3640.0,3645.0,3420.0,3465.0,410466,0.0,0.0,0.0
2019-01-30 00:00:00+09:00,3400.0,3610.0,3400.0,3610.0,519117,0.0,0.0,0.0
2019-01-31 00:00:00+09:00,3590.0,3650.0,3550.0,3605.0,268330,0.0,0.0,0.0
2019-02-01 00:00:00+09:00,3605.0,4250.0,3595.0,4100.0,7453722,0.0,0.0,0.0
2019-02-07 00:00:00+09:00,4090.0,4270.0,4050.0,4165.0,1151799,0.0,0.0,0.0
2019-02-08 00:00:00+09:00,4175.0,4175.0,4060.0,4100.0,428531,0.0,0.0,0.0
2019-02-11 00:00:00+09:00,4065.0,4175.0,3990.0,4035.0,466693,0.0,0.0,0.0
2019-02-12 00:00:00+09:00,4075.0,4075.0,3850.0,3900.0,646956,0.0,0.0,0.0
2019-02-13 00:00:00+09:00,3880.0,3995.0,3880.0,3940.0,314100,0.0,0.0,0.0
2019-02-14 00:00:00+09:00,3930.0,3990.0,3790.0,3910.0,344983,0.0,0.0,0.0
2019-02-15 00:00:00+09:00,3880.0,4030.0,3865.0,3915.0,342792,0.0,0.0,0.0
2019-02-18 00:00:00+09:00,3915.0,3930.0,3825.0,3830.0,210737,0.0,0.0,0.0
2019-02-19 00:00:00+09:00,3850.0,3910.0,3790.0,3840.0,146640,0.0,0.0,0.0
2019-02-20 00:00:00+09:00,3830.0,3880.0,3770.0,3820.0,184645,0.0,0.0,0.0
2019-02-21 00:00:00+09:00,3840.0,3970.0,3780.0,3805.0,241750,0.0,0.0,0.0
2019-02-22 00:00:00+09:00,3805.0,3910.0,3785.0,3795.0,126484,0.0,0.0,0.0
2019-02-25 00:00:00+09:00,3800.0,3825.0,3675.0,3695.0,226719,0.0,0.0,0.0
2019-02-26 00:00:00+09:00,3720.0,3770.0,3695.0,3720.0,115253,0.0,0.0,0.0
2019-02-27 00:00:00+09:00,3710.0,3760.0,3710.0,3735.0,77148,0.0,0.0,0.0
2019-02-28 00:00:00+09:00,3775.0,3775.0,3390.0,3400.0,322178,0.0,0.0,0.0
2019-03-04 00:00:00+09:00,3270.0,3495.0,3265.0,3400.0,301869,0.0,0.0,0.0
2019-03-05 00:00:00+09:00,3400.0,3450.0,3355.0,3365.0,105257,0.0,0.0,0.0
2019-03-06 00:00:00+09:00,3335.0,3440.0,3330.0,3365.0,153166,0.0,0.0,0.0
2019-03-07 00:00:00+09:00,3335.0,3400.0,3200.0,3270.0,218781,0.0,0.0,0.0
2019-03-08 00:00:00+09:00,3270.0,3330.0,3105.0,3155.0,374707,0.0,0.0,0.0
2019-03-11 00:00:00+09:00,3170.0,3220.0,3055.0,3150.0,212925,0.0,0.0,0.0
2019-03-12 00:00:00+09:00,3215.0,3245.0,3095.0,3095.0,407343,0.0,0.0,0.0
2019-03-13 00:00:00+09:00,3100.0,3145.0,3045.0,3050.0,310789,0.0,0.0,0.0
2019-03-14 00:00:00+09:00,3050.0,3175.0,3050.0,3150.0,204887,0.0,0.0,0.0
2019-03-15 00:00:00+09:00,3150.0,3155.0,3030.0,3050.0,235005,0.0,0.0,0.0
2019-03-18 00:00:00+09:00,3050.0,3110.0,3000.0,3035.0,176851,0.0,0.0,0.0
2019-03-19 00:00:00+09:00,3075.0,3085.0,3020.0,3040.0,108704,0.0,0.0,0.0
2019-03-20 00:00:00+09:00,3035.0,3065.0,3005.0,3050.0,120360,0.0,0.0,0.0
2019-03-21 00:00:00+09:00,3055.0,3080.0,2990.0,3010.0,182874,0.0,0.0,0.0
2019-03-22 00:00:00+09:00,3000.0,3020.0,2870.0,2975.0,400181,0.0,0.0,0.0
2019-03-25 00:00:00+09:00,2955.0,2965.0,2865.0,2895.0,228236,0.0,0.0,0.0
2019-03-26 00:00:00+09:00,2905.0,2940.0,2800.0,2865.0,261820,0.0,0.0,0.0
2019-03-27 00:00:00+09:00,2890.0,2930.0,2825.0,2840.0,141995,0.0,0.0,0.0
2019-03-28 00:00:00+09:00,2840.0,3010.0,2815.0,2825.0,220757,0.0,0.0,0.0
2019-03-29 00:00:00+09:00,2825.0,2895.0,2805.0,2895.0,123574,0.0,0.0,0.0
2019-04-01 00:00:00+09:00,2875.0,2985.0,2875.0,2935.0,111842,0.0,0.0,0.0
2019-04-02 00:00:00+09:00,2915.0,2985.0,2915.0,2935.0,146427,0.0,0.0,0.0
2019-04-03 00:00:00+09:00,2930.0,3030.0,2930.0,2990.0,132431,0.0,0.0,0.0
2019-04-04 00:00:00+09:00,3010.0,3060.0,2980.0,3015.0,164427,0.0,0.0,0.0
2019-04-05 00:00:00+09:00,3235.0,3250.0,2920.0,2950.0,1292860,0.0,0.0,0.0
2019-04-08 00:00:00+09:00,2930.0,2940.0,2820.0,2850.0,413309,0.0,0.0,0.0
2019-04-09 00:00:00+09:00,2850.0,2895.0,2800.0,2820.0,259933,0.0,0.0,0.0
2019-04-10 00:00:00+09:00,2820.0,2845.0,2780.0,2845.0,94638,0.0,0.0,0.0
2019-04-11 00:00:00+09:00,2845.0,2920.0,2845.0,2900.0,226518,0.0,0.0,0.0
2019-04-12 00:00:00+09:00,2905.0,2905.0,2860.0,2880.0,159857,0.0,0.0,0.0
2019-04-15 00:00:00+09:00,2905.0,2915.0,2870.0,2880.0,181553,0.0,0.0,0.0
2019-04-16 00:00:00+09:00,2865.0,2890.0,2800.0,2820.0,263240,0.0,0.0,0.0
2019-04-17 00:00:00+09:00,2845.0,2875.0,2815.0,2865.0,179935,0.0,0.0,0.0
2019-04-18 00:00:00+09:00,2865.0,2890.0,2815.0,2820.0,169480,0.0,0.0,0.0
2019-04-19 00:00:00+09:00,2840.0,2850.0,2820.0,2825.0,88090,0.0,0.0,0.0
2019-04-22 00:00:00+09:00,2825.0,2880.0,2825.0,2855.0,48363,0.0,0.0,0.0
2019-04-23 00:00:00+09:00,2840.0,2865.0,2815.0,2820.0,107236,0.0,0.0,0.0
2019-04-24 00:00:00+09:00,2825.0,2860.0,2805.0,2820.0,73163,0.0,0.0,0.0
2019-04-25 00:00:00+09:00,2820.0,2845.0,2750.0,2775.0,103896,0.0,0.0,0.0
2019-04-26 00:00:00+09:00,2800.0,2800.0,2735.0,2740.0,106546,0.0,0.0,0.0
2019-04-29 00:00:00+09:00,2750.0,2760.0,2700.0,2720.0,127255,0.0,0.0,0.0
2019-04-30 00:00:00+09:00,2740.0,2750.0,2710.0,2735.0,50013,0.0,0.0,0.0
2019-05-02 00:00:00+09:00,2720.0,2820.0,2710.0,2810.0,158990,0.0,0.0,0.0
2019-05-03 00:00:00+09:00,2810.0,2880.0,2795.0,2815.0,108075,0.0,0.0,0.0
2019-05-07 00:00:00+09:00,2810.0,2810.0,2755.0,2755.0,79623,0.0,0.0,0.0
2019-05-08 00:00:00+09:00,2700.0,2755.0,2695.0,2700.0,131992,0.0,0.0,0.0
2019-05-09 00:00:00+09:00,2730.0,2780.0,2615.0,2655.0,255960,0.0,0.0,0.0
2019-05-10 00:00:00+09:00,2640.0,2700.0,2595.0,2660.0,214441,0.0,0.0,0.0
2019-05-13 00:00:00+09:00,2680.0,3120.0,2585.0,2590.0,1977020,0.0,0.0,0.0
2019-05-14 00:00:00+09:00,2500.0,2660.0,2425.0,2565.0,330911,0.0,0.0,0.0
2019-05-15 00:00:00+09:00,2580.0,2675.0,2580.0,2630.0,163657,0.0,0.0,0.0
2019-05-16 00:00:00+09:00,2630.0,2665.0,2590.0,2595.0,160698,0.0,0.0,0.0
2019-05-17 00:00:00+09:00,2590.0,2670.0,2580.0,2665.0,150736,0.0,0.0,0.0
2019-05-20 00:00:00+09:00,2665.0,2680.0,2600.0,2600.0,84084,0.0,0.0,0.0
2019-05-21 00:00:00+09:00,2590.0,2615.0,2550.0,2560.0,132072,0.0,0.0,0.0
2019-05-22 00:00:00+09:00,2510.0,3325.0,2510.0,3325.0,6476738,0.0,0.0,0.0
2019-05-23 00:00:00+09:00,3425.0,3470.0,2890.0,3030.0,7751500,0.0,0.0,0.0
2019-05-24 00:00:00+09:00,2930.0,2970.0,2760.0,2760.0,1410335,0.0,0.0,0.0
2019-05-27 00:00:00+09:00,2760.0,2795.0,2605.0,2670.0,877669,0.0,0.0,0.0
2019-05-28 00:00:00+09:00,2670.0,2725.0,2645.0,2705.0,430638,0.0,0.0,0.0
2019-05-29 00:00:00+09:00,2775.0,2830.0,2575.0,2575.0,1091063,0.0,0.0,0.0
2019-05-30 00:00:00+09:00,2565.0,2715.0,2550.0,2560.0,1321074,0.0,0.0,0.0
2019-05-31 00:00:00+09:00,2570.0,2590.0,2525.0,2535.0,364725,0.0,0.0,0.0
2019-06-03 00:00:00+09:00,2510.0,2595.0,2505.0,2565.0,231971,0.0,0.0,0.0
2019-06-04 00:00:00+09:00,2565.0,2615.0,2530.0,2550.0,236801,0.0,0.0,0.0
2019-06-05 00:00:00+09:00,2550.0,2590.0,2550.0,2570.0,224664,0.0,0.0,0.0
2019-06-07 00:00:00+09:00,2570.0,2770.0,2570.0,2620.0,642735,0.0,0.0,0.0
2019-06-10 00:00:00+09:00,2650.0,2710.0,2600.0,2670.0,415097,0.0,0.0,0.0
2019-06-11 00:00:00+09:00,2670.0,2750.0,2645.0,2740.0,539939,0.0,0.0,0.0
2019-06-12 00:00:00+09:00,2770.0,2855.0,2700.0,2720.0,1032496,0.0,0.0,0.0
2019-06-13 00:00:00+09:00,2735.0,2830.0,2715.0,2775.0,294181,0.0,0.0,0.0
2019-06-14 00:00:00+09:00,2850.0,2900.0,2775.0,2785.0,442151,0.0,0.0,0.0
2019-06-17 00:00:00+09:00,2830.0,2830.0,2740.0,2820.0,263767,0.0,0.0,0.0
2019-06-18 00:00:00+09:00,2845.0,2850.0,2800.0,2845.0,220658,0.0,0.0,0.0
2019-06-19 00:00:00+09:00,2885.0,2885.0,2810.0,2815.0,156168,0.0,0.0,0.0
2019-06-20 00:00:00+09:00,2815.0,2935.0,2785.0,2815.0,335410,0.0,0.0,0.0
2019-06-21 00:00:00+09:00,2815.0,2835.0,2790.0,2810.0,155107,0.0,0.0,0.0
2019-06-24 00:00:00+09:00,2850.0,2850.0,2780.0,2795.0,111935,0.0,0.0,0.0
2019-06-25 00:00:00+09:00,2785.0,2845.0,2785.0,2810.0,213193,0.0,0.0,0.0
2019-06-26 00:00:00+09:00,2775.0,2885.0,2775.0,2815.0,246120,0.0,0.0,0.0
2019-06-27 00:00:00+09:00,2815.0,3030.0,2780.0,2800.0,864439,0.0,0.0,0.0
2019-06-28 00:00:00+09:00,2800.0,2850.0,2640.0,2660.0,991898,0.0,0.0,0.0
2019-07-01 00:00:00+09:00,2665.0,2790.0,2665.0,2700.0,426412,0.0,0.0,0.0
2019-07-02 00:00:00+09:00,2720.0,2815.0,2720.0,2740.0,385906,0.0,0.0,0.0
2019-07-03 00:00:00+09:00,2780.0,3220.0,2740.0,2960.0,5450533,0.0,0.0,0.0
2019-07-04 00:00:00+09:00,2920.0,3115.0,2920.0,3000.0,1342371,0.0,0.0,0.0
2019-07-05 00:00:00+09:00,3000.0,3190.0,2940.0,3085.0,1471250,0.0,0.0,0.0
2019-07-08 00:00:00+09:00,3000.0,3120.0,2950.0,3025.0,553945,0.0,0.0,0.0
2019-07-09 00:00:00+09:00,2990.0,3120.0,2975.0,3025.0,449327,0.0,0.0,0.0
2019-07-10 00:00:00+09:00,3060.0,3420.0,3030.0,3220.0,3084012,0.0,0.0,0.0
2019-07-11 00:00:00+09:00,3205.0,3335.0,3140.0,3250.0,804029,0.0,0.0,0.0
2019-07-12 00:00:00+09:00,3220.0,3285.0,3180.0,3255.0,446494,0.0,0.0,0.0
2019-07-15 00:00:00+09:00,3200.0,3340.0,3200.0,3340.0,458783,0.0,0.0,0.0
2019-07-16 00:00:00+09:00,3355.0,3400.0,3285.0,3320.0,566822,0.0,0.0,0.0
2019-07-17 00:00:00+09:00,3150.0,3230.0,3100.0,3180.0,537182,0.0,0.0,0.0
2019-07-18 00:00:00+09:00,3165.0,3165.0,2965.0,3010.0,594040,0.0,0.0,0.0
2019-07-19 00:00:00+09:00,3035.0,3590.0,3030.0,3355.0,5265986,0.0,0.0,0.0
2019-07-22 00:00:00+09:00,3320.0,3520.0,3310.0,3390.0,1986966,0.0,0.0,0.0
2019-07-23 00:00:00+09:00,3390.0,3415.0,3270.0,3290.0,683865,0.0,0.0,0.0
2019-07-24 00:00:00+09:00,3210.0,3340.0,3165.0,3200.0,455520,0.0,0.0,0.0
2019-07-25 00:00:00+09:00,3200.0,3230.0,3105.0,3135.0,241334,0.0,0.0,0.0
2019-07-26 00:00:00+09:00,3085.0,3120.0,2995.0,3010.0,404372,0.0,0.0,0.0
2019-07-29 00:00:00+09:00,2980.0,2980.0,2810.0,2810.0,725796,0.0,0.0,0.0
2019-07-30 00:00:00+09:00,2790.0,3230.0,2790.0,2915.0,2146379,0.0,0.0,0.0
2019-07-31 00:00:00+09:00,2890.0,2945.0,2815.0,2905.0,272584,0.0,0.0,0.0
2019-08-01 00:00:00+09:00,2855.0,2940.0,2830.0,2830.0,315142,0.0,0.0,0.0
2019-08-02 00:00:00+09:00,2750.0,2860.0,2725.0,2780.0,442333,0.0,0.0,0.0
2019-08-05 00:00:00+09:00,2750.0,2945.0,2750.0,2820.0,442254,0.0,0.0,0.0
2019-08-06 00:00:00+09:00,2730.0,3000.0,2640.0,2835.0,605901,0.0,0.0,0.0
2019-08-07 00:00:00+09:00,2800.0,2930.0,2735.0,2785.0,465207,0.0,0.0,0.0
2019-08-08 00:00:00+09:00,2785.0,2860.0,2775.0,2830.0,251645,0.0,0.0,0.0
2019-08-09 00:00:00+09:00,2890.0,2995.0,2810.0,2840.0,383783,0.0,0.0,0.0
2019-08-12 00:00:00+09:00,2870.0,2870.0,2770.0,2810.0,229078,0.0,0.0,0.0
2019-08-13 00:00:00+09:00,2790.0,2810.0,2700.0,2725.0,375653,0.0,0.0,0.0
2019-08-14 00:00:00+09:00,2725.0,2760.0,2640.0,2670.0,302380,0.0,0.0,0.0
2019-08-16 00:00:00+09:00,2615.0,2690.0,2605.0,2650.0,264921,0.0,0.0,0.0
2019-08-19 00:00:00+09:00,2650.0,2730.0,2650.0,2655.0,218263,0.0,0.0,0.0
2019-08-20 00:00:00+09:00,2695.0,2695.0,2645.0,2670.0,129871,0.0,0.0,0.0
2019-08-21 00:00:00+09:00,2675.0,2720.0,2645.0,2650.0,185655,0.0,0.0,0.0
2019-08-22 00:00:00+09:00,2660.0,2850.0,2645.0,2685.0,418607,0.0,0.0,0.0
2019-08-23 00:00:00+09:00,2675.0,2710.0,2660.0,2675.0,126371,0.0,0.0,0.0
2019-08-26 00:00:00+09:00,2670.0,2690.0,2600.0,2610.0,203332,0.0,0.0,0.0
2019-08-27 00:00:00+09:00,2650.0,2660.0,2590.0,2590.0,137207,0.0,0.0,0.0
2019-08-28 00:00:00+09:00,2610.0,2700.0,2610.0,2655.0,182094,0.0,0.0,0.0
2019-08-29 00:00:00+09:00,2640.0,2685.0,2630.0,2630.0,105453,0.0,0.0,0.0
2019-08-30 00:00:00+09:00,2650.0,2685.0,2620.0,2665.0,125751,0.0,0.0,0.0
2019-09-02 00:00:00+09:00,2700.0,2700.0,2655.0,2680.0,120786,0.0,0.0,0.0
2019-09-03 00:00:00+09:00,2650.0,2700.0,2650.0,2695.0,112093,0.0,0.0,0.0
2019-09-04 00:00:00+09:00,2695.0,2795.0,2670.0,2730.0,226012,0.0,0.0,0.0
2019-09-05 00:00:00+09:00,2710.0,2810.0,2705.0,2800.0,366279,0.0,0.0,0.0
2019-09-06 00:00:00+09:00,2800.0,2820.0,2770.0,2795.0,246570,0.0,0.0,0.0
2019-09-09 00:00:00+09:00,2810.0,2810.0,2710.0,2725.0,162655,0.0,0.0,0.0
2019-09-10 00:00:00+09:00,2745.0,2750.0,2670.0,2670.0,278432,0.0,0.0,0.0
2019-09-11 00:00:00+09:00,2690.0,2725.0,2680.0,2680.0,111212,0.0,0.0,0.0
2019-09-16 00:00:00+09:00,2680.0,2795.0,2680.0,2785.0,186532,0.0,0.0,0.0
2019-09-17 00:00:00+09:00,2785.0,2825.0,2740.0,2815.0,200034,0.0,0.0,0.0
2019-09-18 00:00:00+09:00,2860.0,2925.0,2780.0,2830.0,467158,0.0,0.0,0.0
2019-09-19 00:00:00+09:00,2850.0,2850.0,2740.0,2765.0,325263,0.0,0.0,0.0
2019-09-20 00:00:00+09:00,2750.0,2845.0,2750.0,2780.0,196565,0.0,0.0,0.0
2019-09-23 00:00:00+09:00,2780.0,2845.0,2765.0,2830.0,238012,0.0,0.0,0.0
2019-09-24 00:00:00+09:00,2840.0,2840.0,2770.0,2775.0,171288,0.0,0.0,0.0
2019-09-25 00:00:00+09:00,2770.0,2800.0,2700.0,2710.0,246311,0.0,0.0,0.0
2019-09-26 00:00:00+09:00,2685.0,2760.0,2685.0,2700.0,102861,0.0,0.0,0.0
2019-09-27 00:00:00+09:00,2675.0,2730.0,2675.0,2680.0,117766,0.0,0.0,0.0
2019-09-30 00:00:00+09:00,2680.0,2700.0,2620.0,2660.0,180357,0.0,0.0,0.0
2019-10-01 00:00:00+09:00,2630.0,2655.0,2585.0,2595.0,212977,0.0,0.0,0.0
2019-10-02 00:00:00+09:00,2585.0,2605.0,2560.0,2585.0,125649,0.0,0.0,0.0
2019-10-04 00:00:00+09:00,2565.0,2620.0,2550.0,2560.0,114484,0.0,0.0,0.0
2019-10-07 00:00:00+09:00,2600.0,2605.0,2500.0,2505.0,200067,0.0,0.0,0.0
2019-10-08 00:00:00+09:00,2500.0,2525.0,2435.0,2470.0,205995,0.0,0.0,0.0
2019-10-10 00:00:00+09:00,2470.0,2490.0,2375.0,2455.0,219575,0.0,0.0,0.0
2019-10-11 00:00:00+09:00,2455.0,2500.0,2400.0,2455.0,196673,0.0,0.0,0.0
2019-10-14 00:00:00+09:00,2490.0,2520.0,2470.0,2495.0,76130,0.0,0.0,0.0
2019-10-15 00:00:00+09:00,2500.0,2525.0,2485.0,2515.0,91680,0.0,0.0,0.0
2019-10-16 00:00:00+09:00,2515.0,2560.0,2410.0,2495.0,115122,0.0,0.0,0.0
2019-10-17 00:00:00+09:00,2485.0,2520.0,2485.0,2505.0,61918,0.0,0.0,0.0
2019-10-18 00:00:00+09:00,2510.0,2580.0,2505.0,2530.0,151075,0.0,0.0,0.0
2019-10-21 00:00:00+09:00,2485.0,2730.0,2430.0,2440.0,756601,0.0,0.0,0.0
2019-10-22 00:00:00+09:00,2425.0,2490.0,2425.0,2435.0,134120,0.0,0.0,0.0
2019-10-23 00:00:00+09:00,2480.0,2480.0,2390.0,2405.0,248875,0.0,0.0,0.0
2019-10-24 00:00:00+09:00,2395.0,2415.0,2305.0,2335.0,228381,0.0,0.0,0.0
2019-10-25 00:00:00+09:00,2315.0,2410.0,2315.0,2370.0,102663,0.0,0.0,0.0
2019-10-28 00:00:00+09:00,2340.0,2415.0,2340.0,2380.0,74747,0.0,0.0,0.0
2019-10-29 00:00:00+09:00,2425.0,2425.0,2380.0,2385.0,36291,0.0,0.0,0.0
2019-10-30 00:00:00+09:00,2410.0,2410.0,2300.0,2360.0,114449,0.0,0.0,0.0
2019-10-31 00:00:00+09:00,2360.0,2375.0,2320.0,2365.0,89195,0.0,0.0,0.0
2019-11-01 00:00:00+09:00,2380.0,2380.0,2295.0,2310.0,269204,0.0,0.0,0.0
2019-11-04 00:00:00+09:00,2325.0,2340.0,2300.0,2320.0,109081,0.0,0.0,0.0
2019-11-05 00:00:00+09:00,2320.0,2390.0,2310.0,2325.0,152669,0.0,0.0,0.0
2019-11-06 00:00:00+09:00,2345.0,2370.0,2310.0,2355.0,205960,0.0,0.0,0.0
2019-11-07 00:00:00+09:00,2350.0,2380.0,2330.0,2345.0,100572,0.0,0.0,0.0
2019-11-08 00:00:00+09:00,2365.0,2375.0,2315.0,2340.0,188105,0.0,0.0,0.0
2019-11-11 00:00:00+09:00,2365.0,2365.0,2325.0,2335.0,73124,0.0,0.0,0.0
2019-11-12 00:00:00+09:00,2325.0,2365.0,2300.0,2360.0,186929,0.0,0.0,0.0
2019-11-13 00:00:00+09:00,2355.0,2400.0,2320.0,2395.0,116271,0.0,0.0,0.0
2019-11-14 00:00:00+09:00,2470.0,2575.0,2350.0,2355.0,465976,0.0,0.0,0.0
2019-11-15 00:00:00+09:00,2385.0,2410.0,2330.0,2405.0,141534,0.0,0.0,0.0
2019-11-18 00:00:00+09:00,2405.0,2500.0,2390.0,2500.0,319241,0.0,0.0,0.0
2019-11-19 00:00:00+09:00,2505.0,2700.0,2440.0,2540.0,858295,0.0,0.0,0.0
2019-11-20 00:00:00+09:00,2700.0,2790.0,2475.0,2520.0,1790304,0.0,0.0,0.0
2019-11-21 00:00:00+09:00,2520.0,2555.0,2400.0,2400.0,254869,0.0,0.0,0.0
2019-11-22 00:00:00+09:00,2390.0,2445.0,2325.0,2350.0,184018,0.0,0.0,0.0
2019-11-25 00:00:00+09:00,2330.0,2370.0,2305.0,2340.0,90351,0.0,0.0,0.0
2019-11-26 00:00:00+09:00,2375.0,2375.0,2310.0,2350.0,78343,0.0,0.0,0.0
2019-11-27 00:00:00+09:00,2330.0,2350.0,2305.0,2325.0,153253,0.0,0.0,0.0
2019-11-28 00:00:00+09:00,2350.0,2350.0,2285.0,2290.0,146383,0.0,0.0,0.0
2019-11-29 00:00:00+09:00,2320.0,2325.0,2280.0,2290.0,126709,0.0,0.0,0.0
2019-12-02 00:00:00+09:00,2320.0,2320.0,2215.0,2230.0,133945,0.0,0.0,0.0
2019-12-03 00:00:00+09:00,2205.0,2245.0,2175.0,2180.0,173031,0.0,0.0,0.0
2019-12-04 00:00:00+09:00,2180.0,2200.0,2155.0,2180.0,117887,0.0,0.0,0.0
2019-12-05 00:00:00+09:00,2215.0,2215.0,2125.0,2135.0,108260,0.0,0.0,0.0
2019-12-06 00:00:00+09:00,2135.0,2300.0,2120.0,2235.0,272361,0.0,0.0,0.0
2019-12-09 00:00:00+09:00,2240.0,2250.0,2190.0,2210.0,25167,0.0,0.0,0.0
2019-12-10 00:00:00+09:00,2190.0,2220.0,2180.0,2185.0,42360,0.0,0.0,0.0
2019-12-11 00:00:00+09:00,2180.0,2235.0,2050.0,2185.0,112041,0.0,0.0,0.0
2019-12-12 00:00:00+09:00,2185.0,2220.0,2180.0,2220.0,121543,0.0,0.0,0.0
2019-12-13 00:00:00+09:00,2240.0,2290.0,2210.0,2250.0,64260,0.0,0.0,0.0
2019-12-16 00:00:00+09:00,2270.0,2285.0,2235.0,2260.0,35872,0.0,0.0,0.0
2019-12-17 00:00:00+09:00,2260.0,2280.0,2250.0,2270.0,39141,0.0,0.0,0.0
2019-12-18 00:00:00+09:00,2250.0,2290.0,2245.0,2250.0,31251,0.0,0.0,0.0
2019-12-19 00:00:00+09:00,2250.0,2305.0,2235.0,2295.0,87500,0.0,0.0,0.0
2019-12-20 00:00:00+09:00,2305.0,2310.0,2265.0,2295.0,44953,0.0,0.0,0.0
2019-12-23 00:00:00+09:00,2290.0,2310.0,2240.0,2255.0,46182,0.0,0.0,0.0
2019-12-24 00:00:00+09:00,2280.0,2280.0,2195.0,2200.0,127036,0.0,0.0,0.0
2019-12-26 00:00:00+09:00,2200.0,2270.0,2165.0,2270.0,111117,0.0,0.0,0.0
2019-12-27 00:00:00+09:00,2270.0,2285.0,2210.0,2265.0,57527,0.0,0.0,0.0
2019-12-30 00:00:00+09:00,2280.0,2295.0,2210.0,2225.0,62080,0.0,0.0,0.0
2020-01-02 00:00:00+09:00,2195.0,2280.0,2195.0,2230.0,33450,0.0,0.0,0.0
2020-01-03 00:00:00+09:00,2240.0,2240.0,2200.0,2220.0,45181,0.0,0.0,0.0
2020-01-06 00:00:00+09:00,2240.0,2240.0,2110.0,2165.0,98848,0.0,0.0,0.0
2020-01-07 00:00:00+09:00,2160.0,2190.0,2130.0,2170.0,69164,0.0,0.0,0.0
2020-01-08 00:00:00+09:00,2165.0,2400.0,1950.0,2070.0,1196271,0.0,0.0,0.0
2020-01-09 00:00:00+09:00,2100.0,2155.0,2075.0,2100.0,137645,0.0,0.0,0.0
2020-01-10 00:00:00+09:00,2080.0,2115.0,2050.0,2090.0,159591,0.0,0.0,0.0
2020-01-13 00:00:00+09:00,2090.0,2130.0,2040.0,2080.0,105516,0.0,0.0,0.0
2020-01-14 00:00:00+09:00,2080.0,2140.0,2050.0,2095.0,218884,0.0,0.0,0.0
2020-01-15 00:00:00+09:00,2095.0,2095.0,2045.0,2070.0,226388,0.0,0.0,0.0
2020-01-16 00:00:00+09:00,2105.0,2105.0,2040.0,2050.0,139102,0.0,0.0,0.0
2020-01-17 00:00:00+09:00,2055.0,2075.0,2040.0,2055.0,162800,0.0,0.0,0.0
2020-01-20 00:00:00+09:00,2075.0,2075.0,2030.0,2040.0,154695,0.0,0.0,0.0
2020-01-21 00:00:00+09:00,2040.0,2045.0,1990.0,1995.0,200110,0.0,0.0,0.0
2020-01-22 00:00:00+09:00,2000.0,2010.0,1930.0,1945.0,332962,0.0,0.0,0.0
2020-01-23 00:00:00+09:00,1945.0,2000.0,1920.0,1950.0,248094,0.0,0.0,0.0
2020-01-28 00:00:00+09:00,1925.0,2200.0,1830.0,2020.0,2065221,0.0,0.0,0.0
2020-01-29 00:00:00+09:00,2025.0,2025.0,1900.0,1945.0,340637,0.0,0.0,0.0
2020-01-30 00:00:00+09:00,1940.0,1960.0,1875.0,1890.0,147719,0.0,0.0,0.0
2020-01-31 00:00:00+09:00,1880.0,1950.0,1860.0,1860.0,137666,0.0,0.0,0.0
2020-02-03 00:00:00+09:00,1605.0,1880.0,1595.0,1880.0,578052,0.0,0.0,0.0
2020-02-04 00:00:00+09:00,1880.0,1910.0,1800.0,1885.0,182152,0.0,0.0,0.0
2020-02-05 00:00:00+09:00,1855.0,1935.0,1855.0,1905.0,84599,0.0,0.0,0.0
2020-02-06 00:00:00+09:00,1910.0,1930.0,1880.0,1925.0,106542,0.0,0.0,0.0
2020-02-07 00:00:00+09:00,1925.0,1930.0,1895.0,1910.0,79454,0.0,0.0,0.0
2020-02-10 00:00:00+09:00,1895.0,1915.0,1875.0,1885.0,57845,0.0,0.0,0.0
2020-02-11 00:00:00+09:00,1910.0,1915.0,1880.0,1885.0,41158,0.0,0.0,0.0
2020-02-12 00:00:00+09:00,1880.0,1975.0,1870.0,1905.0,159927,0.0,0.0,0.0
2020-02-13 00:00:00+09:00,1900.0,1925.0,1880.0,1900.0,104110,0.0,0.0,0.0
2020-02-14 00:00:00+09:00,1900.0,1900.0,1855.0,1870.0,108842,0.0,0.0,0.0
2020-02-17 00:00:00+09:00,1870.0,1875.0,1840.0,1870.0,127687,0.0,0.0,0.0
2020-02-18 00:00:00+09:00,1850.0,1920.0,1815.0,1815.0,92495,0.0,0.0,0.0
2020-02-19 00:00:00+09:00,1840.0,1845.0,1795.0,1815.0,150162,0.0,0.0,0.0
2020-02-20 00:00:00+09:00,1825.0,1830.0,1750.0,1750.0,137393,0.0,0.0,0.0
2020-02-21 00:00:00+09:00,1665.0,1860.0,1665.0,1710.0,116541,0.0,0.0,0.0
2020-02-24 00:00:00+09:00,1710.0,1720.0,1610.0,1710.0,238653,0.0,0.0,0.0
2020-02-25 00:00:00+09:00,1700.0,1760.0,1665.0,1755.0,108148,0.0,0.0,0.0
2020-02-26 00:00:00+09:00,1715.0,1760.0,1670.0,1760.0,57952,0.0,0.0,0.0
2020-02-27 00:00:00+09:00,1755.0,1755.0,1665.0,1750.0,88012,0.0,0.0,0.0
2020-02-28 00:00:00+09:00,1720.0,1750.0,1640.0,1750.0,152821,0.0,0.0,0.0
2020-03-02 00:00:00+09:00,1735.0,1760.0,1630.0,1750.0,305168,0.0,0.0,0.0
2020-03-03 00:00:00+09:00,1740.0,1750.0,1700.0,1700.0,130570,0.0,0.0,0.0
2020-03-04 00:00:00+09:00,1700.0,1725.0,1670.0,1690.0,113630,0.0,0.0,0.0
2020-03-05 00:00:00+09:00,1690.0,1715.0,1680.0,1690.0,241040,0.0,0.0,0.0
2020-03-06 00:00:00+09:00,1750.0,1920.0,1685.0,1685.0,1712527,0.0,0.0,0.0
2020-03-09 00:00:00+09:00,1685.0,1685.0,1685.0,1685.0,0,0.0,0.0,0.0
2020-03-10 00:00:00+09:00,1600.0,1670.0,1600.0,1665.0,233110,0.0,0.0,0.0
2020-03-11 00:00:00+09:00,1660.0,1670.0,1595.0,1645.0,165304,0.0,0.0,0.0
2020-03-12 00:00:00+09:00,1645.0,1645.0,1645.0,1645.0,0,0.0,0.0,0.0
2020-03-13 00:00:00+09:00,1500.0,1610.0,1415.0,1605.0,370709,0.0,0.0,0.0
2020-03-16 00:00:00+09:00,1570.0,1660.0,1435.0,1550.0,382791,0.0,0.0,0.0
2020-03-17 00:00:00+09:00,1420.0,1550.0,1420.0,1550.0,331603,0.0,0.0,0.0
2020-03-18 00:00:00+09:00,1520.0,1560.0,1455.0,1510.0,180913,0.0,0.0,0.0
2020-03-19 00:00:00+09:00,1470.0,1510.0,1305.0,1425.0,441863,0.0,0.0,0.0
2020-03-20 00:00:00+09:00,1350.0,1570.0,1350.0,1570.0,377101,0.0,0.0,0.0
2020-03-23 00:00:00+09:00,1565.0,1565.0,1430.0,1500.0,336907,0.0,0.0,0.0
2020-03-24 00:00:00+09:00,1505.0,1530.0,1350.0,1450.0,376865,0.0,0.0,0.0
2020-03-25 00:00:00+09:00,1450.0,1550.0,1415.0,1505.0,527734,0.0,0.0,0.0
2020-03-26 00:00:00+09:00,1505.0,1615.0,1450.0,1555.0,603164,0.0,0.0,0.0
2020-03-27 00:00:00+09:00,1580.0,1680.0,1550.0,1605.0,634916,0.0,0.0,0.0
2020-03-30 00:00:00+09:00,1580.0,1610.0,1545.0,1600.0,156927,0.0,0.0,0.0
2020-03-31 00:00:00+09:00,1620.0,1670.0,1585.0,1625.0,360082,0.0,0.0,0.0
2020-04-01 00:00:00+09:00,1615.0,1735.0,1605.0,1660.0,1290519,0.0,0.0,0.0
2020-04-02 00:00:00+09:00,1645.0,1665.0,1575.0,1630.0,545018,0.0,0.0,0.0
2020-04-03 00:00:00+09:00,1630.0,1630.0,1530.0,1600.0,434752,0.0,0.0,0.0
2020-04-06 00:00:00+09:00,1595.0,1640.0,1580.0,1630.0,227467,0.0,0.0,0.0
2020-04-07 00:00:00+09:00,1645.0,1845.0,1620.0,1690.0,3225005,0.0,0.0,0.0
2020-04-08 00:00:00+09:00,1690.0,1705.0,1635.0,1660.0,470178,0.0,0.0,0.0
2020-04-09 00:00:00+09:00,1690.0,1870.0,1670.0,1870.0,2952775,0.0,0.0,0.0
2020-04-10 00:00:00+09:00,1875.0,2000.0,1785.0,1805.0,1858503,0.0,0.0,0.0
2020-04-13 00:00:00+09:00,1830.0,1835.0,1710.0,1720.0,517694,0.0,0.0,0.0
2020-04-14 00:00:00+09:00,1720.0,1785.0,1720.0,1735.0,343053,0.0,0.0,0.0
2020-04-16 00:00:00+09:00,1735.0,1935.0,1650.0,1865.0,1818543,0.0,0.0,0.0
2020-04-17 00:00:00+09:00,1875.0,1930.0,1835.0,1875.0,658773,0.0,0.0,0.0
2020-04-20 00:00:00+09:00,1860.0,1890.0,1835.0,1870.0,423248,0.0,0.0,0.0
2020-04-21 00:00:00+09:00,1870.0,1925.0,1700.0,1785.0,1381512,0.0,0.0,0.0
2020-04-22 00:00:00+09:00,1755.0,1780.0,1730.0,1770.0,281469,0.0,0.0,0.0
2020-04-23 00:00:00+09:00,1770.0,1825.0,1760.0,1770.0,291261,0.0,0.0,0.0
2020-04-24 00:00:00+09:00,1765.0,1855.0,1740.0,1765.0,814062,0.0,0.0,0.0
2020-04-27 00:00:00+09:00,1765.0,1805.0,1760.0,1775.0,303653,0.0,0.0,0.0
2020-04-28 00:00:00+09:00,1790.0,1840.0,1755.0,1775.0,658020,0.0,0.0,0.0
2020-04-29 00:00:00+09:00,1800.0,1805.0,1760.0,1780.0,239986,0.0,0.0,0.0
2020-05-04 00:00:00+09:00,1760.0,1870.0,1755.0,1805.0,605260,0.0,0.0,0.0
2020-05-06 00:00:00+09:00,1835.0,1860.0,1815.0,1835.0,291876,0.0,0.0,0.0
2020-05-07 00:00:00+09:00,1835.0,1905.0,1830.0,1865.0,523741,0.0,0.0,0.0
2020-05-08 00:00:00+09:00,1920.0,1920.0,1855.0,1865.0,231822,0.0,0.0,0.0
2020-05-11 00:00:00+09:00,1890.0,1890.0,1805.0,1805.0,285072,0.0,0.0,0.0
2020-05-12 00:00:00+09:00,1795.0,1850.0,1730.0,1745.0,403442,0.0,0.0,0.0
2020-05-13 00:00:00+09:00,1725.0,1750.0,1695.0,1725.0,181623,0.0,0.0,0.0
2020-05-14 00:00:00+09:00,1730.0,1735.0,1670.0,1680.0,213889,0.0,0.0,0.0
2020-05-15 00:00:00+09:00,1680.0,1720.0,1650.0,1695.0,329634,0.0,0.0,0.0
2020-05-18 00:00:00+09:00,1710.0,1735.0,1665.0,1705.0,397092,0.0,0.0,0.0
2020-05-19 00:00:00+09:00,1720.0,1730.0,1695.0,1705.0,220753,0.0,0.0,0.0
2020-05-20 00:00:00+09:00,1725.0,1765.0,1695.0,1765.0,388891,0.0,0.0,0.0
2020-05-21 00:00:00+09:00,1790.0,1810.0,1755.0,1810.0,385758,0.0,0.0,0.0
2020-05-22 00:00:00+09:00,1825.0,1835.0,1745.0,1800.0,216528,0.0,0.0,0.0
2020-05-25 00:00:00+09:00,1825.0,1870.0,1785.0,1800.0,431399,0.0,0.0,0.0
2020-05-26 00:00:00+09:00,1810.0,1830.0,1770.0,1805.0,236579,0.0,0.0,0.0
2020-05-27 00:00:00+09:00,1865.0,1865.0,1785.0,1805.0,433889,0.0,0.0,0.0
2020-05-28 00:00:00+09:00,1815.0,1865.0,1780.0,1835.0,960164,0.0,0.0,0.0
2020-05-29 00:00:00+09:00,1835.0,1835.0,1760.0,1775.0,360725,0.0,0.0,0.0
2020-06-01 00:00:00+09:00,1760.0,1790.0,1755.0,1780.0,235673,0.0,0.0,0.0
2020-06-02 00:00:00+09:00,1780.0,1875.0,1775.0,1845.0,866489,0.0,0.0,0.0
2020-06-03 00:00:00+09:00,1875.0,1900.0,1830.0,1845.0,956100,0.0,0.0,0.0
2020-06-04 00:00:00+09:00,1880.0,1900.0,1835.0,1895.0,788949,0.0,0.0,0.0
2020-06-05 00:00:00+09:00,1910.0,1950.0,1880.0,1915.0,667551,0.0,0.0,0.0
2020-06-08 00:00:00+09:00,1940.0,1960.0,1895.0,1935.0,521778,0.0,0.0,0.0
2020-06-09 00:00:00+09:00,1935.0,1945.0,1850.0,1875.0,386754,0.0,0.0,0.0
2020-06-10 00:00:00+09:00,1855.0,1900.0,1840.0,1870.0,161244,0.0,0.0,0.0
2020-06-11 00:00:00+09:00,1855.0,1875.0,1790.0,1790.0,356066,0.0,0.0,0.0
2020-06-12 00:00:00+09:00,1710.0,1775.0,1705.0,1735.0,428844,0.0,0.0,0.0
2020-06-15 00:00:00+09:00,1740.0,1780.0,1585.0,1700.0,446883,0.0,0.0,0.0
2020-06-16 00:00:00+09:00,1730.0,1735.0,1685.0,1710.0,355711,0.0,0.0,0.0
2020-06-17 00:00:00+09:00,1780.0,1840.0,1725.0,1770.0,1258292,0.0,0.0,0.0
2020-06-18 00:00:00+09:00,1780.0,1785.0,1700.0,1710.0,422692,0.0,0.0,0.0
2020-06-19 00:00:00+09:00,1730.0,1825.0,1700.0,1720.0,622608,0.0,0.0,0.0
2020-06-22 00:00:00+09:00,1705.0,1725.0,1685.0,1690.0,171472,0.0,0.0,0.0
2020-06-23 00:00:00+09:00,1695.0,1730.0,1685.0,1685.0,135533,0.0,0.0,0.0
2020-06-24 00:00:00+09:00,1685.0,1720.0,1685.0,1700.0,150996,0.0,0.0,0.0
2020-06-25 00:00:00+09:00,1690.0,1710.0,1655.0,1665.0,191105,0.0,0.0,0.0
2020-06-26 00:00:00+09:00,1665.0,1750.0,1645.0,1750.0,229997,0.0,0.0,0.0
2020-06-29 00:00:00+09:00,1700.0,1720.0,1685.0,1695.0,63258,0.0,0.0,0.0
2020-06-30 00:00:00+09:00,1695.0,1720.0,1680.0,1680.0,52412,0.0,0.0,0.0
2020-07-01 00:00:00+09:00,1680.0,1730.0,1665.0,1715.0,80490,0.0,0.0,0.0
2020-07-02 00:00:00+09:00,1720.0,1725.0,1680.0,1690.0,117542,0.0,0.0,0.0
2020-07-03 00:00:00+09:00,1690.0,1745.0,1675.0,1685.0,94679,0.0,0.0,0.0
2020-07-06 00:00:00+09:00,1685.0,1690.0,1605.0,1630.0,277275,0.0,0.0,0.0
2020-07-07 00:00:00+09:00,1645.0,1645.0,1600.0,1630.0,117716,0.0,0.0,0.0
2020-07-08 00:00:00+09:00,1625.0,1625.0,1595.0,1615.0,56766,0.0,0.0,0.0
2020-07-09 00:00:00+09:00,1665.0,1740.0,1660.0,1660.0,615116,0.0,0.0,0.0
2020-07-10 00:00:00+09:00,1690.0,1690.0,1615.0,1650.0,131458,0.0,0.0,0.0
2020-07-13 00:00:00+09:00,1650.0,1685.0,1635.0,1670.0,109917,0.0,0.0,0.0
2020-07-14 00:00:00+09:00,1670.0,1670.0,1625.0,1640.0,101276,0.0,0.0,0.0
2020-07-15 00:00:00+09:00,1665.0,1690.0,1630.0,1650.0,97971,0.0,0.0,0.0
2020-07-16 00:00:00+09:00,1650.0,1655.0,1620.0,1630.0,105555,0.0,0.0,0.0
2020-07-17 00:00:00+09:00,1635.0,1665.0,1615.0,1640.0,81137,0.0,0.0,0.0
2020-07-20 00:00:00+09:00,1640.0,1655.0,1615.0,1620.0,93821,0.0,0.0,0.0
2020-07-21 00:00:00+09:00,1620.0,1655.0,1610.0,1640.0,138600,0.0,0.0,0.0
2020-07-22 00:00:00+09:00,1640.0,1795.0,1635.0,1705.0,1912770,0.0,0.0,0.0
2020-07-23 00:00:00+09:00,1705.0,1710.0,1645.0,1680.0,278189,0.0,0.0,0.0
2020-07-24 00:00:00+09:00,1680.0,1685.0,1635.0,1665.0,188888,0.0,0.0,0.0
2020-07-27 00:00:00+09:00,1670.0,1675.0,1620.0,1635.0,207324,0.0,0.0,0.0
2020-07-28 00:00:00+09:00,1635.0,1665.0,1625.0,1665.0,138711,0.0,0.0,0.0
2020-07-29 00:00:00+09:00,1665.0,1670.0,1640.0,1660.0,135603,0.0,0.0,0.0
2020-07-30 00:00:00+09:00,1665.0,1665.0,1640.0,1665.0,106307,0.0,0.0,0.0
2020-07-31 00:00:00+09:00,1675.0,1720.0,1665.0,1685.0,402174,0.0,0.0,0.0
2020-08-03 00:00:00+09:00,1685.0,1715.0,1665.0,1715.0,383436,0.0,0.0,0.0
2020-08-04 00:00:00+09:00,1725.0,1735.0,1700.0,1705.0,705146,0.0,0.0,0.0
2020-08-05 00:00:00+09:00,1920.0,2160.0,1770.0,1770.0,17518744,0.0,0.0,0.0
2020-08-06 00:00:00+09:00,1775.0,1785.0,1710.0,1725.0,1317436,0.0,0.0,0.0
2020-08-07 00:00:00+09:00,1740.0,1770.0,1705.0,1760.0,729076,0.0,0.0,0.0
2020-08-10 00:00:00+09:00,1720.0,1755.0,1720.0,1725.0,534372,0.0,0.0,0.0
2020-08-11 00:00:00+09:00,1735.0,1800.0,1720.0,1780.0,879695,0.0,0.0,0.0
2020-08-12 00:00:00+09:00,1780.0,1785.0,1720.0,1735.0,336968,0.0,0.0,0.0
2020-08-13 00:00:00+09:00,1740.0,1760.0,1720.0,1735.0,292911,0.0,0.0,0.0
2020-08-14 00:00:00+09:00,1725.0,1750.0,1685.0,1720.0,279239,0.0,0.0,0.0
2020-08-18 00:00:00+09:00,1700.0,1720.0,1600.0,1630.0,721804,0.0,0.0,0.0
2020-08-19 00:00:00+09:00,1605.0,1680.0,1545.0,1635.0,308511,0.0,0.0,0.0
2020-08-20 00:00:00+09:00,1630.0,1630.0,1525.0,1550.0,630611,0.0,0.0,0.0
2020-08-21 00:00:00+09:00,1605.0,1615.0,1545.0,1580.0,185303,0.0,0.0,0.0
2020-08-24 00:00:00+09:00,1575.0,1600.0,1545.0,1585.0,153270,0.0,0.0,0.0
2020-08-25 00:00:00+09:00,1595.0,1670.0,1575.0,1640.0,324261,0.0,0.0,0.0
2020-08-26 00:00:00+09:00,1645.0,1750.0,1605.0,1655.0,653308,0.0,0.0,0.0
2020-08-27 00:00:00+09:00,1655.0,1655.0,1595.0,1610.0,242098,0.0,0.0,0.0
2020-08-28 00:00:00+09:00,1630.0,1630.0,1570.0,1600.0,160748,0.0,0.0,0.0
2020-08-31 00:00:00+09:00,1595.0,1620.0,1585.0,1610.0,160565,0.0,0.0,0.0
2020-09-01 00:00:00+09:00,1610.0,1640.0,1595.0,1610.0,252979,0.0,0.0,0.0
2020-09-02 00:00:00+09:00,1625.0,1625.0,1600.0,1605.0,172277,0.0,0.0,0.0
2020-09-03 00:00:00+09:00,1610.0,1625.0,1600.0,1620.0,204780,0.0,0.0,0.0
2020-09-04 00:00:00+09:00,1580.0,1605.0,1580.0,1600.0,118536,0.0,0.0,0.0
2020-09-07 00:00:00+09:00,1600.0,1620.0,1570.0,1615.0,228437,0.0,0.0,0.0
2020-09-08 00:00:00+09:00,1630.0,1635.0,1600.0,1610.0,149443,0.0,0.0,0.0
2020-09-09 00:00:00+09:00,1590.0,1610.0,1585.0,1590.0,109901,0.0,0.0,0.0
2020-09-10 00:00:00+09:00,1595.0,1675.0,1590.0,1630.0,620010,0.0,0.0,0.0
2020-09-11 00:00:00+09:00,1630.0,1645.0,1590.0,1610.0,287367,0.0,0.0,0.0
2020-09-14 00:00:00+09:00,1605.0,1630.0,1605.0,1620.0,187337,0.0,0.0,0.0
2020-09-15 00:00:00+09:00,1640.0,1670.0,1625.0,1645.0,308723,0.0,0.0,0.0
2020-09-16 00:00:00+09:00,1630.0,1690.0,1630.0,1665.0,426720,0.0,0.0,0.0
2020-09-17 00:00:00+09:00,1680.0,1695.0,1630.0,1635.0,318941,0.0,0.0,0.0
2020-09-18 00:00:00+09:00,1660.0,1660.0,1610.0,1620.0,203166,0.0,0.0,0.0
2020-09-21 00:00:00+09:00,1620.0,1645.0,1600.0,1620.0,195672,0.0,0.0,0.0
2020-09-22 00:00:00+09:00,1605.0,1620.0,1565.0,1590.0,258422,0.0,0.0,0.0
2020-09-23 00:00:00+09:00,1605.0,1605.0,1555.0,1570.0,148255,0.0,0.0,0.0
2020-09-24 00:00:00+09:00,1555.0,1570.0,1520.0,1540.0,186706,0.0,0.0,0.0
2020-09-25 00:00:00+09:00,1545.0,1580.0,1520.0,1575.0,99385,0.0,0.0,0.0
2020-09-28 00:00:00+09:00,1575.0,1590.0,1565.0,1575.0,78243,0.0,0.0,0.0
2020-09-29 00:00:00+09:00,1580.0,1670.0,1580.0,1645.0,387949,0.0,0.0,0.0
2020-10-05 00:00:00+09:00,1630.0,1660.0,1615.0,1655.0,105099,0.0,0.0,0.0
2020-10-06 00:00:00+09:00,1670.0,1670.0,1630.0,1665.0,210935,0.0,0.0,0.0
2020-10-07 00:00:00+09:00,1665.0,1665.0,1630.0,1655.0,96277,0.0,0.0,0.0
2020-10-08 00:00:00+09:00,1660.0,1665.0,1630.0,1650.0,144215,0.0,0.0,0.0
2020-10-12 00:00:00+09:00,1665.0,1665.0,1635.0,1655.0,94188,0.0,0.0,0.0
2020-10-13 00:00:00+09:00,1665.0,1670.0,1640.0,1640.0,125990,0.0,0.0,0.0
2020-10-14 00:00:00+09:00,1640.0,1665.0,1600.0,1605.0,178797,0.0,0.0,0.0
2020-10-15 00:00:00+09:00,1620.0,1620.0,1570.0,1600.0,131958,0.0,0.0,0.0
2020-10-16 00:00:00+09:00,1595.0,1605.0,1575.0,1585.0,57451,0.0,0.0,0.0
2020-10-19 00:00:00+09:00,1590.0,1595.0,1565.0,1570.0,61591,0.0,0.0,0.0
2020-10-20 00:00:00+09:00,1570.0,1580.0,1540.0,1565.0,97502,0.0,0.0,0.0
2020-10-21 00:00:00+09:00,1575.0,1590.0,1560.0,1580.0,120716,0.0,0.0,0.0
2020-10-22 00:00:00+09:00,1575.0,1605.0,1570.0,1600.0,97935,0.0,0.0,0.0
2020-10-23 00:00:00+09:00,1600.0,1610.0,1585.0,1610.0,99972,0.0,0.0,0.0
2020-10-26 00:00:00+09:00,1620.0,1620.0,1560.0,1575.0,113520,0.0,0.0,0.0
2020-10-27 00:00:00+09:00,1575.0,1580.0,1560.0,1570.0,36840,0.0,0.0,0.0
2020-10-28 00:00:00+09:00,1585.0,1590.0,1550.0,1570.0,104680,0.0,0.0,0.0
2020-10-29 00:00:00+09:00,1560.0,1575.0,1545.0,1565.0,68997,0.0,0.0,0.0
2020-10-30 00:00:00+09:00,1550.0,1570.0,1550.0,1550.0,37824,0.0,0.0,0.0
2020-11-02 00:00:00+09:00,1565.0,1570.0,1540.0,1570.0,45569,0.0,0.0,0.0
2020-11-03 00:00:00+09:00,1580.0,1590.0,1570.0,1575.0,61762,0.0,0.0,0.0
2020-11-04 00:00:00+09:00,1585.0,1585.0,1540.0,1560.0,151241,0.0,0.0,0.0
2020-11-05 00:00:00+09:00,1550.0,1570.0,1550.0,1570.0,58884,0.0,0.0,0.0
2020-11-06 00:00:00+09:00,1575.0,1575.0,1550.0,1565.0,52505,0.0,0.0,0.0
2020-11-09 00:00:00+09:00,1565.0,1580.0,1560.0,1575.0,154400,0.0,0.0,0.0
2020-11-10 00:00:00+09:00,1580.0,1590.0,1560.0,1590.0,137301,0.0,0.0,0.0
2020-11-11 00:00:00+09:00,1595.0,1630.0,1585.0,1610.0,178737,0.0,0.0,0.0
2020-11-12 00:00:00+09:00,1620.0,1670.0,1605.0,1640.0,356059,0.0,0.0,0.0
2020-11-13 00:00:00+09:00,1640.0,1650.0,1605.0,1620.0,74938,0.0,0.0,0.0
2020-11-16 00:00:00+09:00,1620.0,1645.0,1590.0,1625.0,68127,0.0,0.0,0.0
2020-11-17 00:00:00+09:00,1640.0,1660.0,1610.0,1635.0,146825,0.0,0.0,0.0
2020-11-18 00:00:00+09:00,1650.0,2100.0,1620.0,1995.0,8602883,0.0,0.0,0.0
2020-11-19 00:00:00+09:00,2225.0,2225.0,1865.0,1905.0,12573312,0.0,0.0,0.0
2020-11-20 00:00:00+09:00,1930.0,1930.0,1810.0,1875.0,2648550,0.0,0.0,0.0
2020-11-23 00:00:00+09:00,1850.0,1855.0,1785.0,1835.0,1288066,0.0,0.0,0.0
2020-11-24 00:00:00+09:00,1825.0,1855.0,1805.0,1855.0,938192,0.0,0.0,0.0
2020-11-25 00:00:00+09:00,1845.0,1855.0,1795.0,1815.0,608037,0.0,0.0,0.0
2020-11-26 00:00:00+09:00,1815.0,1840.0,1760.0,1820.0,609126,0.0,0.0,0.0
2020-11-27 00:00:00+09:00,1805.0,1850.0,1765.0,1845.0,560810,0.0,0.0,0.0
2020-11-30 00:00:00+09:00,1855.0,1875.0,1825.0,1865.0,617450,0.0,0.0,0.0
2020-12-01 00:00:00+09:00,1905.0,2080.0,1905.0,1950.0,12695535,0.0,0.0,0.0
2020-12-02 00:00:00+09:00,1950.0,1985.0,1890.0,1985.0,1580019,0.0,0.0,0.0
2020-12-03 00:00:00+09:00,2000.0,2000.0,1895.0,1895.0,1315775,0.0,0.0,0.0
2020-12-04 00:00:00+09:00,1890.0,1945.0,1825.0,1890.0,1034687,0.0,0.0,0.0
2020-12-07 00:00:00+09:00,1905.0,1910.0,1815.0,1830.0,454698,0.0,0.0,0.0
2020-12-08 00:00:00+09:00,1810.0,1980.0,1800.0,1835.0,2983001,0.0,0.0,0.0
2020-12-09 00:00:00+09:00,1830.0,1910.0,1820.0,1855.0,797098,0.0,0.0,0.0
2020-12-10 00:00:00+09:00,1860.0,1880.0,1820.0,1830.0,351600,0.0,0.0,0.0
2020-12-11 00:00:00+09:00,1840.0,1855.0,1800.0,1830.0,547656,0.0,0.0,0.0
2020-12-14 00:00:00+09:00,1840.0,1850.0,1800.0,1800.0,327421,0.0,0.0,0.0
2020-12-15 00:00:00+09:00,1815.0,1815.0,1750.0,1765.0,488931,0.0,0.0,0.0
2020-12-16 00:00:00+09:00,1785.0,1785.0,1720.0,1735.0,465429,0.0,0.0,0.0
2020-12-17 00:00:00+09:00,1720.0,1775.0,1715.0,1765.0,298452,0.0,0.0,0.0
2020-12-18 00:00:00+09:00,1775.0,1815.0,1745.0,1790.0,282545,0.0,0.0,0.0
2020-12-21 00:00:00+09:00,1795.0,1805.0,1735.0,1765.0,378523,0.0,0.0,0.0
2020-12-22 00:00:00+09:00,1750.0,1755.0,1700.0,1700.0,391685,0.0,0.0,0.0
2020-12-23 00:00:00+09:00,1700.0,1710.0,1660.0,1680.0,276370,0.0,0.0,0.0
2020-12-24 00:00:00+09:00,1670.0,1700.0,1660.0,1675.0,176065,0.0,0.0,0.0
2020-12-28 00:00:00+09:00,1665.0,1675.0,1630.0,1630.0,288561,0.0,0.0,0.0
2020-12-29 00:00:00+09:00,1615.0,1660.0,1615.0,1655.0,128549,0.0,0.0,0.0
2020-12-30 00:00:00+09:00,1655.0,1680.0,1630.0,1680.0,133423,0.0,0.0,0.0
2021-01-04 00:00:00+09:00,1680.0,1685.0,1660.0,1680.0,203232,0.0,0.0,0.0
2021-01-05 00:00:00+09:00,1680.0,1735.0,1665.0,1725.0,371454,0.0,0.0,0.0
2021-01-06 00:00:00+09:00,1735.0,1740.0,1680.0,1695.0,255810,0.0,0.0,0.0
2021-01-07 00:00:00+09:00,1760.0,1810.0,1710.0,1715.0,463604,0.0,0.0,0.0
2021-01-08 00:00:00+09:00,1750.0,1750.0,1710.0,1720.0,232645,0.0,0.0,0.0
2021-01-11 00:00:00+09:00,1720.0,1735.0,1650.0,1680.0,478672,0.0,0.0,0.0
2021-01-12 00:00:00+09:00,1665.0,1700.0,1650.0,1660.0,146266,0.0,0.0,0.0
2021-01-13 00:00:00+09:00,1655.0,1860.0,1655.0,1770.0,4339021,0.0,0.0,0.0
2021-01-14 00:00:00+09:00,1830.0,1915.0,1775.0,1840.0,3216302,0.0,0.0,0.0
2021-01-15 00:00:00+09:00,1810.0,1880.0,1770.0,1840.0,1147575,0.0,0.0,0.0
2021-01-18 00:00:00+09:00,1815.0,1880.0,1760.0,1765.0,866628,0.0,0.0,0.0
2021-01-19 00:00:00+09:00,1775.0,1830.0,1750.0,1805.0,540918,0.0,0.0,0.0
2021-01-20 00:00:00+09:00,1770.0,1825.0,1760.0,1800.0,318569,0.0,0.0,0.0
2021-01-21 00:00:00+09:00,1800.0,1900.0,1785.0,1840.0,1095746,0.0,0.0,0.0
2021-01-22 00:00:00+09:00,1840.0,1845.0,1810.0,1820.0,295648,0.0,0.0,0.0
2021-01-25 00:00:00+09:00,1835.0,1840.0,1780.0,1815.0,311876,0.0,0.0,0.0
2021-01-26 00:00:00+09:00,1815.0,1825.0,1765.0,1780.0,436139,0.0,0.0,0.0
2021-01-27 00:00:00+09:00,1785.0,1880.0,1775.0,1820.0,768019,0.0,0.0,0.0
2021-01-28 00:00:00+09:00,1805.0,1805.0,1725.0,1750.0,533508,0.0,0.0,0.0
2021-01-29 00:00:00+09:00,1750.0,1760.0,1650.0,1685.0,539216,0.0,0.0,0.0
2021-02-01 00:00:00+09:00,1650.0,1705.0,1620.0,1695.0,176378,0.0,0.0,0.0
2021-02-02 00:00:00+09:00,1700.0,1735.0,1680.0,1705.0,193819,0.0,0.0,0.0
2021-02-03 00:00:00+09:00,1705.0,1760.0,1700.0,1735.0,165408,0.0,0.0,0.0
2021-02-04 00:00:00+09:00,1730.0,1765.0,1700.0,1730.0,218089,0.0,0.0,0.0
2021-02-05 00:00:00+09:00,1720.0,1760.0,1700.0,1715.0,95013,0.0,0.0,0.0
2021-02-08 00:00:00+09:00,1720.0,1740.0,1655.0,1690.0,267692,0.0,0.0,0.0
2021-02-09 00:00:00+09:00,1720.0,1730.0,1675.0,1680.0,195342,0.0,0.0,0.0
2021-02-10 00:00:00+09:00,1690.0,1695.0,1660.0,1675.0,164084,0.0,0.0,0.0
2021-02-15 00:00:00+09:00,1690.0,1825.0,1640.0,1800.0,696326,0.0,0.0,0.0
2021-02-16 00:00:00+09:00,1830.0,1840.0,1740.0,1795.0,460333,0.0,0.0,0.0
2021-02-17 00:00:00+09:00,1790.0,1830.0,1750.0,1810.0,410169,0.0,0.0,0.0
2021-02-18 00:00:00+09:00,1810.0,1820.0,1780.0,1785.0,278696,0.0,0.0,0.0
2021-02-19 00:00:00+09:00,1770.0,1855.0,1750.0,1775.0,758300,0.0,0.0,0.0
2021-02-22 00:00:00+09:00,1805.0,1820.0,1750.0,1790.0,297462,0.0,0.0,0.0
2021-02-23 00:00:00+09:00,1780.0,1800.0,1760.0,1775.0,210259,0.0,0.0,0.0
2021-02-24 00:00:00+09:00,1785.0,1790.0,1660.0,1660.0,383919,0.0,0.0,0.0
2021-02-25 00:00:00+09:00,1680.0,1705.0,1670.0,1700.0,158836,0.0,0.0,0.0
2021-02-26 00:00:00+09:00,1700.0,1700.0,1630.0,1635.0,165582,0.0,0.0,0.0
2021-03-02 00:00:00+09:00,1635.0,1670.0,1635.0,1655.0,168710,0.0,0.0,0.0
2021-03-03 00:00:00+09:00,1675.0,1680.0,1640.0,1650.0,122677,0.0,0.0,0.0
2021-03-04 00:00:00+09:00,1655.0,1660.0,1625.0,1645.0,169458,0.0,0.0,0.0
2021-03-05 00:00:00+09:00,1640.0,1650.0,1610.0,1640.0,142107,0.0,0.0,0.0
2021-03-08 00:00:00+09:00,1640.0,1645.0,1580.0,1600.0,253834,0.0,0.0,0.0
2021-03-09 00:00:00+09:00,1600.0,1605.0,1555.0,1605.0,197242,0.0,0.0,0.0
2021-03-10 00:00:00+09:00,1585.0,1610.0,1585.0,1585.0,172889,0.0,0.0,0.0
2021-03-11 00:00:00+09:00,1585.0,1610.0,1580.0,1610.0,61024,0.0,0.0,0.0
2021-03-12 00:00:00+09:00,1605.0,1635.0,1600.0,1635.0,105921,0.0,0.0,0.0
2021-03-15 00:00:00+09:00,1630.0,1660.0,1620.0,1640.0,95080,0.0,0.0,0.0
2021-03-16 00:00:00+09:00,1655.0,1660.0,1630.0,1645.0,111502,0.0,0.0,0.0
2021-03-17 00:00:00+09:00,1640.0,1655.0,1625.0,1640.0,89485,0.0,0.0,0.0
2021-03-18 00:00:00+09:00,1650.0,1670.0,1635.0,1640.0,102612,0.0,0.0,0.0
2021-03-19 00:00:00+09:00,1640.0,1655.0,1610.0,1635.0,45272,0.0,0.0,0.0
2021-03-22 00:00:00+09:00,1640.0,1650.0,1610.0,1620.0,123616,0.0,0.0,0.0
2021-03-23 00:00:00+09:00,1610.0,1640.0,1605.0,1620.0,130735,0.0,0.0,0.0
2021-03-24 00:00:00+09:00,1610.0,1630.0,1550.0,1630.0,748692,0.0,0.0,0.0
2021-03-25 00:00:00+09:00,1620.0,1640.0,1590.0,1605.0,131717,0.0,0.0,0.0
2021-03-26 00:00:00+09:00,1615.0,1645.0,1605.0,1635.0,225180,0.0,0.0,0.0
2021-03-29 00:00:00+09:00,1660.0,1660.0,1620.0,1650.0,98155,0.0,0.0,0.0
2021-03-30 00:00:00+09:00,1655.0,1660.0,1615.0,1650.0,106427,0.0,0.0,0.0
2021-03-31 00:00:00+09:00,1650.0,1700.0,1635.0,1700.0,307364,0.0,0.0,0.0
2021-04-01 00:00:00+09:00,1715.0,1745.0,1675.0,1730.0,210459,0.0,0.0,0.0
2021-04-02 00:00:00+09:00,1750.0,1800.0,1725.0,1770.0,358556,0.0,0.0,0.0
2021-04-05 00:00:00+09:00,1770.0,1800.0,1750.0,1780.0,262666,0.0,0.0,0.0
2021-04-06 00:00:00+09:00,1780.0,1795.0,1750.0,1790.0,230719,0.0,0.0,0.0
2021-04-07 00:00:00+09:00,1790.0,1800.0,1775.0,1785.0,239195,0.0,0.0,0.0
2021-04-08 00:00:00+09:00,1800.0,1800.0,1745.0,1790.0,159547,0.0,0.0,0.0
2021-04-09 00:00:00+09:00,1790.0,1795.0,1770.0,1790.0,148966,0.0,0.0,0.0
2021-04-12 00:00:00+09:00,1800.0,1800.0,1745.0,1780.0,257178,0.0,0.0,0.0
2021-04-13 00:00:00+09:00,1780.0,1820.0,1770.0,1790.0,323642,0.0,0.0,0.0
2021-04-14 00:00:00+09:00,1800.0,2000.0,1790.0,2000.0,1922046,0.0,0.0,0.0
2021-04-15 00:00:00+09:00,2070.0,2070.0,1865.0,1890.0,2322510,0.0,0.0,0.0
2021-04-16 00:00:00+09:00,1885.0,2050.0,1870.0,1975.0,3058800,0.0,0.0,0.0
2021-04-19 00:00:00+09:00,1985.0,2240.0,1985.0,2210.0,8264283,0.0,0.0,0.0
2021-04-20 00:00:00+09:00,2100.0,2650.0,2085.0,2405.0,13083014,0.0,0.0,0.0
2021-04-21 00:00:00+09:00,2400.0,2445.0,2360.0,2370.0,2305916,0.0,0.0,0.0
2021-04-22 00:00:00+09:00,2385.0,2580.0,2385.0,2500.0,3878626,0.0,0.0,0.0
2021-04-23 00:00:00+09:00,2430.0,2580.0,2420.0,2575.0,1561898,0.0,0.0,0.0
2021-04-26 00:00:00+09:00,2605.0,2785.0,2530.0,2685.0,2383384,0.0,0.0,0.0
2021-04-27 00:00:00+09:00,2705.0,2740.0,2510.0,2555.0,1342680,0.0,0.0,0.0
2021-04-28 00:00:00+09:00,2615.0,2620.0,2365.0,2470.0,1284944,0.0,0.0,0.0
2021-04-29 00:00:00+09:00,2415.0,2700.0,2380.0,2685.0,1518505,0.0,0.0,0.0
2021-04-30 00:00:00+09:00,2700.0,2750.0,2605.0,2695.0,1295271,0.0,0.0,0.0
2021-05-03 00:00:00+09:00,2695.0,2890.0,2445.0,2485.0,1906444,0.0,0.0,0.0
2021-05-04 00:00:00+09:00,2480.0,2575.0,2380.0,2530.0,1120154,0.0,0.0,0.0
2021-05-06 00:00:00+09:00,2550.0,3285.0,2550.0,3170.0,18101899,0.0,0.0,0.0
2021-05-07 00:00:00+09:00,3125.0,3245.0,2535.0,2850.0,14769097,0.0,0.0,0.0
2021-05-10 00:00:00+09:00,2920.0,3575.0,2915.0,3450.0,16703940,0.0,0.0,0.0
2021-05-11 00:00:00+09:00,3445.0,3535.0,3300.0,3490.0,4754167,0.0,0.0,0.0
2021-05-12 00:00:00+09:00,3420.0,3760.0,3405.0,3650.0,3313091,0.0,0.0,0.0
2021-05-13 00:00:00+09:00,3615.0,3830.0,3520.0,3575.0,1782144,0.0,0.0,0.0
2021-05-14 00:00:00+09:00,3615.0,3805.0,3105.0,3775.0,3021406,0.0,0.0,0.0
2021-05-17 00:00:00+09:00,3775.0,3850.0,3555.0,3670.0,1366249,0.0,0.0,0.0
2021-05-18 00:00:00+09:00,3655.0,3770.0,3575.0,3690.0,672394,0.0,0.0,0.0
2021-05-20 00:00:00+09:00,3695.0,3760.0,3665.0,3740.0,640289,0.0,0.0,0.0
2021-05-21 00:00:00+09:00,3725.0,4160.0,3720.0,4030.0,3484631,0.0,0.0,0.0
2021-05-24 00:00:00+09:00,3950.0,4160.0,3950.0,4000.0,1303209,0.0,0.0,0.0
2021-05-25 00:00:00+09:00,4025.0,4500.0,3985.0,4340.0,3759885,0.0,0.0,0.0
2021-05-26 00:00:00+09:00,4340.0,4375.0,4250.0,4275.0,1063659,0.0,0.0,0.0
2021-05-27 00:00:00+09:00,4255.0,4445.0,4200.0,4315.0,1156251,0.0,0.0,0.0
2021-05-28 00:00:00+09:00,4315.0,4740.0,4315.0,4645.0,2323385,0.0,0.0,0.0
2021-05-31 00:00:00+09:00,4655.0,4855.0,4545.0,4805.0,1794915,0.0,0.0,0.0
2021-06-01 00:00:00+09:00,4970.0,4975.0,4155.0,4805.0,5065509,0.0,0.0,0.0
2021-06-02 00:00:00+09:00,4805.0,4835.0,4585.0,4645.0,1135345,0.0,0.0,0.0
2021-06-03 00:00:00+09:00,4650.0,4685.0,4330.0,4460.0,1684772,0.0,0.0,0.0
2021-06-04 00:00:00+09:00,4390.0,4450.0,4090.0,4400.0,1574687,0.0,0.0,0.0
2021-06-07 00:00:00+09:00,4280.0,4505.0,4220.0,4370.0,859036,0.0,0.0,0.0
2021-06-08 00:00:00+09:00,4360.0,4365.0,4200.0,4215.0,560989,0.0,0.0,0.0
2021-06-09 00:00:00+09:00,4320.0,4635.0,4250.0,4450.0,3280565,0.0,0.0,0.0
2021-06-10 00:00:00+09:00,4450.0,4465.0,4065.0,4185.0,1150158,0.0,0.0,0.0
2021-06-11 00:00:00+09:00,4235.0,4335.0,3895.0,4185.0,1419994,0.0,0.0,0.0
2021-06-14 00:00:00+09:00,4245.0,4250.0,4025.0,4200.0,1204645,0.0,0.0,0.0
2021-06-15 00:00:00+09:00,4650.0,5110.0,4255.0,4400.0,35417879,0.0,0.0,0.0
2021-06-16 00:00:00+09:00,4525.0,4750.0,4080.0,4135.0,12275726,0.0,0.0,0.0
2021-06-17 00:00:00+09:00,3800.0,4280.0,3520.0,3815.0,10358640,0.0,0.0,0.0
2021-06-18 00:00:00+09:00,3780.0,3965.0,3745.0,3815.0,2222978,0.0,0.0,0.0
2021-06-21 00:00:00+09:00,3830.0,4060.0,3700.0,3825.0,3180478,0.0,0.0,0.0
2021-06-22 00:00:00+09:00,3820.0,4200.0,3755.0,3890.0,5098743,0.0,0.0,0.0
2021-06-23 00:00:00+09:00,3810.0,3855.0,3755.0,3765.0,964025,0.0,0.0,0.0
2021-06-24 00:00:00+09:00,3765.0,3790.0,3620.0,3645.0,845457,0.0,0.0,0.0
2021-06-25 00:00:00+09:00,3645.0,4245.0,3550.0,3855.0,9780080,0.0,0.0,0.0
2021-06-28 00:00:00+09:00,3855.0,3920.0,3750.0,3790.0,1164919,0.0,0.0,0.0
2021-06-29 00:00:00+09:00,3790.0,3895.0,3730.0,3770.0,1047464,0.0,0.0,0.0
2021-06-30 00:00:00+09:00,3735.0,3850.0,3735.0,3765.0,427326,0.0,0.0,0.0
2021-07-01 00:00:00+09:00,3815.0,3845.0,3730.0,3835.0,653479,0.0,0.0,0.0
2021-07-02 00:00:00+09:00,3870.0,3870.0,3805.0,3860.0,494304,0.0,0.0,0.0
2021-07-05 00:00:00+09:00,3860.0,3930.0,3810.0,3915.0,660240,0.0,0.0,0.0
2021-07-06 00:00:00+09:00,3930.0,4490.0,3915.0,4210.0,7276554,0.0,0.0,0.0
2021-07-07 00:00:00+09:00,4160.0,4280.0,4150.0,4225.0,1206884,0.0,0.0,0.0
2021-07-08 00:00:00+09:00,4270.0,4325.0,3900.0,4290.0,1536445,0.0,0.0,0.0
2021-07-09 00:00:00+09:00,4290.0,4330.0,4190.0,4280.0,801411,0.0,0.0,0.0
2021-07-12 00:00:00+09:00,4290.0,4515.0,4245.0,4445.0,1271661,0.0,0.0,0.0
2021-07-13 00:00:00+09:00,4435.0,4520.0,4370.0,4445.0,697574,0.0,0.0,0.0
2021-07-14 00:00:00+09:00,4595.0,4950.0,4140.0,4340.0,9386934,0.0,0.0,0.0
2021-07-15 00:00:00+09:00,4340.0,4340.0,4090.0,4150.0,2364252,0.0,0.0,0.0
2021-07-16 00:00:00+09:00,4105.0,4195.0,4050.0,4175.0,975795,0.0,0.0,0.0
2021-07-19 00:00:00+09:00,4170.0,4290.0,4150.0,4170.0,659017,0.0,0.0,0.0
2021-07-20 00:00:00+09:00,4140.0,4235.0,4050.0,4130.0,652212,0.0,0.0,0.0
2021-07-21 00:00:00+09:00,4220.0,4310.0,4100.0,4105.0,506837,0.0,0.0,0.0
2021-07-22 00:00:00+09:00,4085.0,4170.0,4070.0,4110.0,345609,0.0,0.0,0.0
2021-07-23 00:00:00+09:00,4075.0,4140.0,4070.0,4105.0,332936,0.0,0.0,0.0
2021-07-26 00:00:00+09:00,4085.0,4255.0,4050.0,4190.0,712385,0.0,0.0,0.0
2021-07-27 00:00:00+09:00,4245.0,4245.0,4170.0,4240.0,335929,0.0,0.0,0.0
2021-07-28 00:00:00+09:00,4490.0,4650.0,4155.0,4190.0,4032862,0.0,0.0,0.0
2021-07-29 00:00:00+09:00,4190.0,4270.0,4150.0,4260.0,429247,0.0,0.0,0.0
2021-07-30 00:00:00+09:00,4290.0,4335.0,4180.0,4255.0,373692,0.0,0.0,0.0
2021-08-02 00:00:00+09:00,4400.0,4420.0,4210.0,4310.0,829987,0.0,0.0,0.0
2021-08-03 00:00:00+09:00,4395.0,4395.0,4255.0,4270.0,377084,0.0,0.0,0.0
2021-08-04 00:00:00+09:00,4300.0,4355.0,4240.0,4330.0,366260,0.0,0.0,0.0
2021-08-05 00:00:00+09:00,4360.0,4375.0,4305.0,4335.0,286216,0.0,0.0,0.0
2021-08-06 00:00:00+09:00,4325.0,4350.0,4230.0,4255.0,366276,0.0,0.0,0.0
2021-08-09 00:00:00+09:00,4265.0,4415.0,4230.0,4350.0,770407,0.0,0.0,0.0
2021-08-10 00:00:00+09:00,4350.0,4450.0,4330.0,4405.0,784894,0.0,0.0,0.0
2021-08-11 00:00:00+09:00,4440.0,4700.0,4400.0,4465.0,3381236,0.0,0.0,0.0
2021-08-12 00:00:00+09:00,4465.0,4465.0,4320.0,4390.0,710339,0.0,0.0,0.0
2021-08-13 00:00:00+09:00,4390.0,4530.0,4255.0,4500.0,714310,0.0,0.0,0.0
2021-08-17 00:00:00+09:00,4530.0,4730.0,4450.0,4535.0,1854677,0.0,0.0,0.0
2021-08-18 00:00:00+09:00,4535.0,4595.0,4420.0,4500.0,917878,0.0,0.0,0.0
2021-08-19 00:00:00+09:00,4490.0,4570.0,4340.0,4405.0,828831,0.0,0.0,0.0
2021-08-20 00:00:00+09:00,4415.0,4475.0,4120.0,4130.0,723241,0.0,0.0,0.0
2021-08-23 00:00:00+09:00,4070.0,4125.0,3850.0,3905.0,1254817,0.0,0.0,0.0
2021-08-24 00:00:00+09:00,3970.0,3970.0,3565.0,3685.0,1694129,0.0,0.0,0.0
2021-08-25 00:00:00+09:00,3705.0,3850.0,3645.0,3690.0,561318,0.0,0.0,0.0
2021-08-26 00:00:00+09:00,3655.0,3685.0,3360.0,3385.0,1250147,0.0,0.0,0.0
2021-08-27 00:00:00+09:00,3375.0,3400.0,3085.0,3400.0,1437853,0.0,0.0,0.0
2021-08-30 00:00:00+09:00,3450.0,3770.0,3425.0,3725.0,1294768,0.0,0.0,0.0
2021-08-31 00:00:00+09:00,3840.0,3980.0,3755.0,3885.0,935532,0.0,0.0,0.0
2021-09-01 00:00:00+09:00,3890.0,4085.0,3850.0,3975.0,771828,0.0,0.0,0.0
2021-09-02 00:00:00+09:00,3975.0,4100.0,3750.0,3860.0,784745,0.0,0.0,0.0
2021-09-03 00:00:00+09:00,3695.0,3965.0,3395.0,3430.0,4300672,0.0,0.0,0.0
2021-09-06 00:00:00+09:00,3435.0,3505.0,2925.0,3150.0,4185117,0.0,0.0,0.0
2021-09-07 00:00:00+09:00,3180.0,3265.0,3130.0,3240.0,1325069,0.0,0.0,0.0
2021-09-08 00:00:00+09:00,3220.0,3490.0,3220.0,3450.0,1879081,0.0,0.0,0.0
2021-09-09 00:00:00+09:00,3465.0,3560.0,3330.0,3360.0,897593,0.0,0.0,0.0
2021-09-10 00:00:00+09:00,3335.0,3500.0,3255.0,3340.0,605089,0.0,0.0,0.0
2021-09-13 00:00:00+09:00,3405.0,3410.0,3125.0,3145.0,2019375,0.0,0.0,0.0
2021-09-14 00:00:00+09:00,3145.0,3740.0,3130.0,3490.0,5611156,0.0,0.0,0.0
2021-09-15 00:00:00+09:00,3520.0,3640.0,3355.0,3435.0,2081494,0.0,0.0,0.0
2021-09-16 00:00:00+09:00,3445.0,3630.0,3435.0,3465.0,1935293,0.0,0.0,0.0
2021-09-17 00:00:00+09:00,3465.0,3590.0,3265.0,3335.0,1633281,0.0,0.0,0.0
2021-09-23 00:00:00+09:00,3250.0,3355.0,3190.0,3220.0,463824,0.0,0.0,0.0
2021-09-24 00:00:00+09:00,3240.0,3720.0,3210.0,3260.0,4420522,0.0,0.0,0.0
2021-09-27 00:00:00+09:00,3150.0,3265.0,3150.0,3230.0,695520,0.0,0.0,0.0
2021-09-28 00:00:00+09:00,3220.0,3410.0,3120.0,3130.0,1116315,0.0,0.0,0.0
2021-09-29 00:00:00+09:00,3080.0,3145.0,3060.0,3120.0,412366,0.0,0.0,0.0
2021-09-30 00:00:00+09:00,3165.0,3170.0,3080.0,3080.0,387719,0.0,0.0,0.0
2021-10-01 00:00:00+09:00,3120.0,3125.0,3035.0,3060.0,428111,0.0,0.0,0.0
2021-10-05 00:00:00+09:00,3050.0,3110.0,2890.0,2925.0,578935,0.0,0.0,0.0
2021-10-06 00:00:00+09:00,2930.0,3020.0,2715.0,2730.0,827926,0.0,0.0,0.0
2021-10-07 00:00:00+09:00,2735.0,2870.0,2660.0,2830.0,361956,0.0,0.0,0.0
2021-10-08 00:00:00+09:00,2885.0,2910.0,2820.0,2895.0,290871,0.0,0.0,0.0
2021-10-12 00:00:00+09:00,2915.0,2915.0,2735.0,2825.0,546700,0.0,0.0,0.0
2021-10-13 00:00:00+09:00,2825.0,2850.0,2750.0,2775.0,259086,0.0,0.0,0.0
2021-10-14 00:00:00+09:00,2785.0,2885.0,2775.0,2880.0,317020,0.0,0.0,0.0
2021-10-15 00:00:00+09:00,2920.0,2945.0,2850.0,2880.0,195970,0.0,0.0,0.0
2021-10-18 00:00:00+09:00,2875.0,3020.0,2855.0,2930.0,306997,0.0,0.0,0.0
2021-10-19 00:00:00+09:00,2905.0,2970.0,2790.0,2820.0,600769,0.0,0.0,0.0
2021-10-20 00:00:00+09:00,2820.0,2865.0,2780.0,2785.0,471959,0.0,0.0,0.0
2021-10-21 00:00:00+09:00,2765.0,3135.0,2740.0,2800.0,2540764,0.0,0.0,0.0
2021-10-22 00:00:00+09:00,2860.0,2865.0,2770.0,2785.0,517577,0.0,0.0,0.0
2021-10-25 00:00:00+09:00,2780.0,2990.0,2710.0,2745.0,2565759,0.0,0.0,0.0
2021-10-26 00:00:00+09:00,2760.0,2780.0,2715.0,2720.0,666413,0.0,0.0,0.0
2021-10-27 00:00:00+09:00,2730.0,2730.0,2635.0,2645.0,596809,0.0,0.0,0.0
2021-10-28 00:00:00+09:00,2635.0,2640.0,2520.0,2520.0,1003847,0.0,0.0,0.0
2021-10-29 00:00:00+09:00,2520.0,2575.0,2440.0,2445.0,1054873,0.0,0.0,0.0
2021-11-01 00:00:00+09:00,2425.0,2520.0,2395.0,2460.0,817208,0.0,0.0,0.0
2021-11-02 00:00:00+09:00,2455.0,2500.0,2400.0,2405.0,925432,0.0,0.0,0.0
2021-11-03 00:00:00+09:00,2410.0,2425.0,2330.0,2365.0,673837,0.0,0.0,0.0
2021-11-04 00:00:00+09:00,2370.0,2435.0,2250.0,2375.0,1505388,0.0,0.0,0.0
2021-11-05 00:00:00+09:00,2395.0,2420.0,2295.0,2300.0,672420,0.0,0.0,0.0
2021-11-08 00:00:00+09:00,2295.0,2330.0,2255.0,2295.0,474303,0.0,0.0,0.0
2021-11-09 00:00:00+09:00,2295.0,2510.0,2210.0,2300.0,5409378,0.0,0.0,0.0
2021-11-10 00:00:00+09:00,2255.0,2280.0,2170.0,2205.0,1212211,0.0,0.0,0.0
2021-11-11 00:00:00+09:00,2210.0,2245.0,2150.0,2155.0,513905,0.0,0.0,0.0
2021-11-12 00:00:00+09:00,2150.0,2290.0,2125.0,2280.0,915122,0.0,0.0,0.0
2021-11-15 00:00:00+09:00,2280.0,2340.0,2105.0,2310.0,625140,0.0,0.0,0.0
2021-11-16 00:00:00+09:00,2310.0,2310.0,2200.0,2220.0,382457,0.0,0.0,0.0
2021-11-17 00:00:00+09:00,2215.0,2240.0,2170.0,2175.0,311573,0.0,0.0,0.0
2021-11-18 00:00:00+09:00,2220.0,2220.0,2105.0,2130.0,252199,0.0,0.0,0.0
2021-11-19 00:00:00+09:00,2090.0,2175.0,2090.0,2120.0,345278,0.0,0.0,0.0
2021-11-22 00:00:00+09:00,2130.0,2170.0,2060.0,2150.0,545404,0.0,0.0,0.0
2021-11-23 00:00:00+09:00,2115.0,2295.0,2115.0,2250.0,763971,0.0,0.0,0.0
2021-11-24 00:00:00+09:00,2375.0,2500.0,2185.0,2240.0,1961788,0.0,0.0,0.0
2021-11-25 00:00:00+09:00,2300.0,2620.0,2240.0,2310.0,12025022,0.0,0.0,0.0
2021-11-26 00:00:00+09:00,2310.0,2360.0,2215.0,2215.0,1512724,0.0,0.0,0.0
2021-11-29 00:00:00+09:00,2145.0,2275.0,2100.0,2205.0,837789,0.0,0.0,0.0
2021-11-30 00:00:00+09:00,2205.0,2345.0,2100.0,2125.0,3778609,0.0,0.0,0.0
2021-12-01 00:00:00+09:00,2130.0,2190.0,2105.0,2140.0,587304,0.0,0.0,0.0
2021-12-02 00:00:00+09:00,2145.0,2245.0,2115.0,2215.0,662056,0.0,0.0,0.0
2021-12-03 00:00:00+09:00,2215.0,2275.0,2200.0,2260.0,415585,0.0,0.0,0.0
2021-12-06 00:00:00+09:00,2260.0,2320.0,2210.0,2305.0,497621,0.0,0.0,0.0
2021-12-07 00:00:00+09:00,2300.0,2330.0,2250.0,2300.0,498863,0.0,0.0,0.0
2021-12-08 00:00:00+09:00,2305.0,2325.0,2230.0,2245.0,636923,0.0,0.0,0.0
2021-12-09 00:00:00+09:00,2270.0,2295.0,2205.0,2250.0,791624,0.0,0.0,0.0
2021-12-10 00:00:00+09:00,2250.0,2250.0,2075.0,2125.0,1892068,0.0,0.0,0.0
2021-12-13 00:00:00+09:00,2135.0,2180.0,2080.0,2155.0,632197,0.0,0.0,0.0
2021-12-14 00:00:00+09:00,2125.0,2230.0,2045.0,2095.0,1374384,0.0,0.0,0.0
2021-12-15 00:00:00+09:00,2075.0,2135.0,2075.0,2095.0,478575,0.0,0.0,0.0
2021-12-16 00:00:00+09:00,2120.0,2120.0,1990.0,2010.0,831369,0.0,0.0,0.0
2021-12-17 00:00:00+09:00,1995.0,2150.0,1990.0,2060.0,584277,0.0,0.0,0.0
2021-12-20 00:00:00+09:00,2080.0,2080.0,2010.0,2010.0,330337,0.0,0.0,0.0
2021-12-21 00:00:00+09:00,2020.0,2045.0,1990.0,2005.0,621042,0.0,0.0,0.0
2021-12-22 00:00:00+09:00,1995.0,2050.0,1975.0,2005.0,963950,0.0,0.0,0.0
2021-12-23 00:00:00+09:00,2010.0,2035.0,1875.0,1925.0,1260202,0.0,0.0,0.0
2021-12-24 00:00:00+09:00,1925.0,1995.0,1900.0,1990.0,522727,0.0,0.0,0.0
2021-12-27 00:00:00+09:00,1995.0,2070.0,1960.0,2040.0,701318,0.0,0.0,0.0
2021-12-28 00:00:00+09:00,2050.0,2055.0,1920.0,1955.0,877839,0.0,0.0,0.0
2021-12-29 00:00:00+09:00,1975.0,2035.0,1940.0,1985.0,1177231,0.0,0.0,0.0
2021-12-30 00:00:00+09:00,1995.0,2020.0,1965.0,2010.0,366031,0.0,0.0,0.0
2022-01-04 00:00:00+09:00,1980.0,1985.0,1945.0,1980.0,518210,0.0,0.0,0.0
2022-01-05 00:00:00+09:00,1985.0,2075.0,1980.0,2040.0,1099743,0.0,0.0,0.0
2022-01-06 00:00:00+09:00,2060.0,2090.0,1950.0,1995.0,1337524,0.0,0.0,0.0
2022-01-07 00:00:00+09:00,1985.0,2045.0,1940.0,1995.0,1436126,0.0,0.0,0.0
2022-01-10 00:00:00+09:00,1995.0,1995.0,1950.0,1970.0,522222,0.0,0.0,0.0
2022-01-11 00:00:00+09:00,1965.0,1990.0,1880.0,1895.0,1033463,0.0,0.0,0.0
2022-01-12 00:00:00+09:00,1915.0,2080.0,1915.0,2060.0,1865104,0.0,0.0,0.0
2022-01-13 00:00:00+09:00,2050.0,2195.0,2045.0,2125.0,1983444,0.0,0.0,0.0
2022-01-14 00:00:00+09:00,2105.0,2125.0,1905.0,1945.0,3433081,0.0,0.0,0.0
2022-01-17 00:00:00+09:00,1950.0,1950.0,1865.0,1875.0,906017,0.0,0.0,0.0
2022-01-18 00:00:00+09:00,1875.0,1905.0,1810.0,1810.0,875653,0.0,0.0,0.0
2022-01-19 00:00:00+09:00,1785.0,1845.0,1765.0,1805.0,483645,0.0,0.0,0.0
2022-01-20 00:00:00+09:00,1775.0,1835.0,1775.0,1830.0,392282,0.0,0.0,0.0
2022-01-21 00:00:00+09:00,1800.0,1845.0,1800.0,1830.0,226761,0.0,0.0,0.0
2022-01-24 00:00:00+09:00,1810.0,1825.0,1725.0,1755.0,672791,0.0,0.0,0.0
2022-01-25 00:00:00+09:00,1755.0,1780.0,1625.0,1660.0,854692,0.0,0.0,0.0
2022-01-26 00:00:00+09:00,1660.0,1660.0,1660.0,1660.0,0,0.0,0.0,0.0
2022-01-27 00:00:00+09:00,1770.0,1770.0,1640.0,1650.0,550428,0.0,0.0,0.0
2022-01-28 00:00:00+09:00,1650.0,1700.0,1610.0,1695.0,326650,0.0,0.0,0.0
2022-02-03 00:00:00+09:00,1750.0,1775.0,1700.0,1720.0,347381,0.0,0.0,0.0
2022-02-04 00:00:00+09:00,1690.0,1755.0,1690.0,1745.0,304933,0.0,0.0,0.0
2022-02-07 00:00:00+09:00,1770.0,1820.0,1710.0,1770.0,466892,0.0,0.0,0.0
2022-02-08 00:00:00+09:00,1770.0,1770.0,1770.0,1770.0,0,0.0,0.0,0.0
2022-02-09 00:00:00+09:00,1770.0,1770.0,1770.0,1770.0,0,0.0,0.0,0.0
2022-02-10 00:00:00+09:00,1855.0,1860.0,1795.0,1825.0,409462,0.0,0.0,0.0
2022-02-11 00:00:00+09:00,1805.0,1890.0,1770.0,1770.0,412085,0.0,0.0,0.0
2022-02-14 00:00:00+09:00,1755.0,1760.0,1685.0,1725.0,452594,0.0,0.0,0.0
2022-02-15 00:00:00+09:00,1725.0,1865.0,1705.0,1755.0,573587,0.0,0.0,0.0
2022-02-16 00:00:00+09:00,1760.0,1840.0,1760.0,1835.0,305509,0.0,0.0,0.0
2022-02-17 00:00:00+09:00,1835.0,1875.0,1780.0,1805.0,561984,0.0,0.0,0.0
2022-02-18 00:00:00+09:00,1790.0,1850.0,1780.0,1845.0,401255,0.0,0.0,0.0
2022-02-21 00:00:00+09:00,1840.0,1880.0,1810.0,1865.0,572440,0.0,0.0,0.0
2022-02-22 00:00:00+09:00,1865.0,1865.0,1865.0,1865.0,0,0.0,0.0,0.0
2022-02-23 00:00:00+09:00,1865.0,1865.0,1865.0,1865.0,0,0.0,0.0,0.0
2022-02-24 00:00:00+09:00,1775.0,1810.0,1700.0,1745.0,1119152,0.0,0.0,0.0
2022-02-25 00:00:00+09:00,1750.0,1820.0,1750.0,1765.0,561781,0.0,0.0,0.0
2022-02-28 00:00:00+09:00,1765.0,1765.0,1765.0,1765.0,0,0.0,0.0,0.0
2022-03-02 00:00:00+09:00,1830.0,1860.0,1795.0,1855.0,470551,0.0,0.0,0.0
2022-03-03 00:00:00+09:00,1865.0,1870.0,1825.0,1865.0,465568,0.0,0.0,0.0
2022-03-04 00:00:00+09:00,1865.0,1865.0,1865.0,1865.0,0,0.0,0.0,0.0
2022-03-07 00:00:00+09:00,1990.0,2000.0,1795.0,1805.0,1394722,0.0,0.0,0.0
2022-03-08 00:00:00+09:00,1765.0,1810.0,1750.0,1770.0,418336,0.0,0.0,0.0
2022-03-10 00:00:00+09:00,1760.0,1795.0,1745.0,1765.0,552660,0.0,0.0,0.0
2022-03-11 00:00:00+09:00,1765.0,1780.0,1750.0,1765.0,290182,0.0,0.0,0.0
2022-03-14 00:00:00+09:00,1765.0,1770.0,1710.0,1715.0,503327,0.0,0.0,0.0
2022-03-15 00:00:00+09:00,1715.0,1715.0,1715.0,1715.0,0,0.0,0.0,0.0
2022-03-16 00:00:00+09:00,1720.0,1850.0,1705.0,1830.0,1478819,0.0,0.0,0.0
2022-03-17 00:00:00+09:00,1830.0,1830.0,1830.0,1830.0,0,0.0,0.0,0.0
2022-03-18 00:00:00+09:00,1820.0,1840.0,1800.0,1805.0,271580,0.0,0.0,0.0
2022-03-21 00:00:00+09:00,1805.0,1830.0,1785.0,1805.0,237534,0.0,0.0,0.0
2022-03-22 00:00:00+09:00,1790.0,1815.0,1770.0,1775.0,313911,0.0,0.0,0.0
2022-03-23 00:00:00+09:00,1795.0,1805.0,1770.0,1780.0,316799,0.0,0.0,0.0
2022-03-24 00:00:00+09:00,1795.0,1795.0,1750.0,1785.0,394078,0.0,0.0,0.0
2022-03-25 00:00:00+09:00,1800.0,2255.0,1795.0,2130.0,36692671,0.0,0.0,0.0
2022-03-28 00:00:00+09:00,2220.0,2650.0,2180.0,2455.0,53800188,0.0,0.0,0.0
2022-03-29 00:00:00+09:00,2595.0,2720.0,2500.0,2615.0,25154755,0.0,0.0,0.0
2022-03-30 00:00:00+09:00,2635.0,2760.0,2440.0,2490.0,12793007,0.0,0.0,0.0
2022-03-31 00:00:00+09:00,2525.0,2700.0,2475.0,2700.0,12981625,0.0,0.0,0.0
2022-04-01 00:00:00+09:00,3510.0,3510.0,3510.0,3510.0,2845048,0.0,0.0,0.0
2022-04-04 00:00:00+09:00,4560.0,4560.0,4560.0,4560.0,951458,0.0,0.0,0.0
2022-04-05 00:00:00+09:00,4590.0,5430.0,3865.0,4250.0,126192988,0.0,0.0,0.0
2022-04-06 00:00:00+09:00,4375.0,4810.0,3815.0,4250.0,89778427,0.0,0.0,0.0
2022-04-07 00:00:00+09:00,3890.0,4150.0,3505.0,3750.0,80664149,0.0,0.0,0.0
2022-04-08 00:00:00+09:00,3700.0,4150.0,3380.0,3480.0,66818681,0.0,0.0,0.0
2022-04-11 00:00:00+09:00,3520.0,3730.0,3365.0,3375.0,25615537,0.0,0.0,0.0
2022-04-12 00:00:00+09:00,3305.0,3340.0,2450.0,2520.0,32608964,0.0,0.0,0.0
2022-04-13 00:00:00+09:00,2500.0,2590.0,2180.0,2315.0,18027836,0.0,0.0,0.0
2022-04-14 00:00:00+09:00,2340.0,2450.0,2215.0,2360.0,12573709,0.0,0.0,0.0
2022-04-15 00:00:00+09:00,2420.0,2465.0,2275.0,2330.0,10256424,0.0,0.0,0.0
2022-04-18 00:00:00+09:00,2275.0,2285.0,2145.0,2260.0,6806106,0.0,0.0,0.0
2022-04-19 00:00:00+09:00,2230.0,2935.0,2210.0,2935.0,97396540,0.0,0.0,0.0
2022-04-20 00:00:00+09:00,2950.0,3685.0,2775.0,3025.0,129242609,0.0,0.0,0.0
2022-04-21 00:00:00+09:00,3095.0,3295.0,2795.0,2815.0,31062591,0.0,0.0,0.0
2022-04-22 00:00:00+09:00,2700.0,2915.0,2600.0,2660.0,18502915,0.0,0.0,0.0
2022-04-25 00:00:00+09:00,2670.0,2710.0,2505.0,2525.0,10764236,0.0,0.0,0.0
2022-04-26 00:00:00+09:00,2510.0,2605.0,2410.0,2475.0,10290206,0.0,0.0,0.0
2022-04-27 00:00:00+09:00,2420.0,2495.0,2375.0,2440.0,4346156,0.0,0.0,0.0
2022-04-28 00:00:00+09:00,2400.0,2435.0,2320.0,2385.0,4132481,0.0,0.0,0.0
2022-04-29 00:00:00+09:00,2410.0,2525.0,2365.0,2400.0,5608774,0.0,0.0,0.0
2022-05-02 00:00:00+09:00,2355.0,2590.0,2340.0,2515.0,8302324,0.0,0.0,0.0
2022-05-03 00:00:00+09:00,2515.0,2950.0,2445.0,2735.0,35979957,0.0,0.0,0.0
2022-05-04 00:00:00+09:00,2685.0,2705.0,2450.0,2515.0,7720507,0.0,0.0,0.0
2022-05-06 00:00:00+09:00,2440.0,2835.0,2435.0,2650.0,26252466,0.0,0.0,0.0
2022-05-10 00:00:00+09:00,2925.0,3060.0,2690.0,2825.0,21358443,0.0,0.0,0.0
2022-05-11 00:00:00+09:00,2850.0,3355.0,2710.0,3110.0,61550661,0.0,0.0,0.0
2022-05-12 00:00:00+09:00,2885.0,3115.0,2410.0,2465.0,41524595,0.0,0.0,0.0
2022-05-13 00:00:00+09:00,2560.0,2815.0,1850.0,2000.0,87381019,0.0,0.0,0.0
2022-05-16 00:00:00+09:00,1975.0,1995.0,1880.0,1910.0,10654113,0.0,0.0,0.0
2022-05-17 00:00:00+09:00,1930.0,2000.0,1895.0,1960.0,9307927,0.0,0.0,0.0
2022-05-18 00:00:00+09:00,1980.0,2005.0,1915.0,1920.0,5097667,0.0,0.0,0.0
2022-05-19 00:00:00+09:00,1840.0,2045.0,1825.0,1950.0,11382749,0.0,0.0,0.0
2022-05-20 00:00:00+09:00,1955.0,2000.0,1925.0,1990.0,6486366,0.0,0.0,0.0
2022-05-23 00:00:00+09:00,1970.0,2010.0,1945.0,1975.0,4380728,0.0,0.0,0.0
2022-05-24 00:00:00+09:00,1980.0,2000.0,1870.0,1880.0,4581026,0.0,0.0,0.0
2022-05-25 00:00:00+09:00,1880.0,1905.0,1855.0,1870.0,1960013,0.0,0.0,0.0
2022-05-26 00:00:00+09:00,1880.0,1940.0,1850.0,1890.0,2563947,0.0,0.0,0.0
2022-05-27 00:00:00+09:00,1890.0,1955.0,1885.0,1925.0,3467410,0.0,0.0,0.0
2022-05-30 00:00:00+09:00,1930.0,1950.0,1905.0,1935.0,2111645,0.0,0.0,0.0
2022-05-31 00:00:00+09:00,1950.0,2070.0,1920.0,2000.0,7523438,0.0,0.0,0.0
2022-06-02 00:00:00+09:00,2015.0,2190.0,1980.0,2100.0,14945657,0.0,0.0,0.0
2022-06-03 00:00:00+09:00,2130.0,2185.0,2040.0,2080.0,5648828,0.0,0.0,0.0
2022-06-07 00:00:00+09:00,2000.0,2035.0,1935.0,1970.0,4577512,0.0,0.0,0.0
2022-06-08 00:00:00+09:00,1965.0,2100.0,1945.0,1975.0,8071272,0.0,0.0,0.0
2022-06-09 00:00:00+09:00,2210.0,2565.0,2075.0,2565.0,112321453,0.0,0.0,0.0
2022-06-10 00:00:00+09:00,2615.0,2885.0,2195.0,2275.0,81346174,0.0,0.0,0.0
2022-06-13 00:00:00+09:00,2205.0,2375.0,2100.0,2115.0,16473013,0.0,0.0,0.0
2022-06-14 00:00:00+09:00,2080.0,2165.0,1985.0,2005.0,9341024,0.0,0.0,0.0
2022-06-15 00:00:00+09:00,2030.0,2295.0,2000.0,2080.0,34338807,0.0,0.0,0.0
2022-06-16 00:00:00+09:00,2130.0,2190.0,2050.0,2055.0,7088868,0.0,0.0,0.0
2022-06-17 00:00:00+09:00,2000.0,2075.0,1945.0,2025.0,4225695,0.0,0.0,0.0
2022-06-20 00:00:00+09:00,2025.0,2080.0,1925.0,1970.0,4290209,0.0,0.0,0.0
2022-06-21 00:00:00+09:00,1960.0,2105.0,1880.0,1960.0,12731153,0.0,0.0,0.0
2022-06-22 00:00:00+09:00,1960.0,2000.0,1865.0,1875.0,4567136,0.0,0.0,0.0
2022-06-23 00:00:00+09:00,1890.0,1905.0,1460.0,1460.0,13653504,0.0,0.0,0.0
2022-06-24 00:00:00+09:00,1420.0,1755.0,1420.0,1580.0,33041985,0.0,0.0,0.0
2022-06-27 00:00:00+09:00,1620.0,1720.0,1575.0,1660.0,9514891,0.0,0.0,0.0
2022-06-28 00:00:00+09:00,1590.0,1700.0,1540.0,1590.0,11596454,0.0,0.0,0.0
2022-06-29 00:00:00+09:00,1550.0,1595.0,1520.0,1570.0,3704262,0.0,0.0,0.0
2022-06-30 00:00:00+09:00,1585.0,1595.0,1485.0,1485.0,3942057,0.0,0.0,0.0
2022-07-01 00:00:00+09:00,1490.0,1510.0,1380.0,1410.0,3690916,0.0,0.0,0.0
2022-07-04 00:00:00+09:00,1415.0,1445.0,1330.0,1370.0,3381271,0.0,0.0,0.0
2022-07-05 00:00:00+09:00,1380.0,1450.0,1370.0,1430.0,3596195,0.0,0.0,0.0
2022-07-06 00:00:00+09:00,1440.0,1535.0,1425.0,1460.0,6238507,0.0,0.0,0.0
2022-07-07 00:00:00+09:00,1460.0,1490.0,1455.0,1480.0,2069139,0.0,0.0,0.0
2022-07-08 00:00:00+09:00,1480.0,1535.0,1475.0,1490.0,2182764,0.0,0.0,0.0
2022-07-11 00:00:00+09:00,1500.0,1510.0,1450.0,1490.0,1518263,0.0,0.0,0.0
2022-07-12 00:00:00+09:00,1480.0,1490.0,1420.0,1425.0,1714321,0.0,0.0,0.0
2022-07-13 00:00:00+09:00,1420.0,1475.0,1405.0,1425.0,1279771,0.0,0.0,0.0
2022-07-14 00:00:00+09:00,1420.0,1455.0,1390.0,1400.0,2048360,0.0,0.0,0.0
2022-07-15 00:00:00+09:00,1400.0,1410.0,1345.0,1390.0,1510125,0.0,0.0,0.0
2022-07-18 00:00:00+09:00,1400.0,1435.0,1385.0,1425.0,1678190,0.0,0.0,0.0
2022-07-19 00:00:00+09:00,1410.0,1450.0,1410.0,1445.0,1231199,0.0,0.0,0.0
2022-07-20 00:00:00+09:00,1470.0,1475.0,1445.0,1460.0,1338748,0.0,0.0,0.0
2022-07-21 00:00:00+09:00,1470.0,1480.0,1450.0,1460.0,1199534,0.0,0.0,0.0
2022-07-22 00:00:00+09:00,1460.0,1470.0,1420.0,1430.0,1281979,0.0,0.0,0.0
2022-07-25 00:00:00+09:00,1415.0,1440.0,1405.0,1410.0,739021,0.0,0.0,0.0
2022-07-26 00:00:00+09:00,1415.0,1430.0,1405.0,1410.0,762872,0.0,0.0,0.0
2022-07-27 00:00:00+09:00,1405.0,1440.0,1400.0,1430.0,772990,0.0,0.0,0.0
2022-07-28 00:00:00+09:00,1445.0,1470.0,1420.0,1425.0,1524991,0.0,0.0,0.0
2022-07-29 00:00:00+09:00,1425.0,1455.0,1425.0,1450.0,1050026,0.0,0.0,0.0
2022-08-01 00:00:00+09:00,1455.0,1475.0,1435.0,1470.0,1211711,0.0,0.0,0.0
2022-08-02 00:00:00+09:00,1460.0,1475.0,1425.0,1440.0,1295300,0.0,0.0,0.0
2022-08-03 00:00:00+09:00,1430.0,1455.0,1425.0,1450.0,924444,0.0,0.0,0.0
2022-08-04 00:00:00+09:00,1455.0,1465.0,1440.0,1455.0,882590,0.0,0.0,0.0
2022-08-05 00:00:00+09:00,1445.0,1475.0,1445.0,1465.0,1255529,0.0,0.0,0.0
2022-08-08 00:00:00+09:00,1460.0,1460.0,1435.0,1450.0,951295,0.0,0.0,0.0
2022-08-09 00:00:00+09:00,1440.0,1455.0,1425.0,1430.0,1207499,0.0,0.0,0.0
2022-08-10 00:00:00+09:00,1430.0,1435.0,1410.0,1415.0,960130,0.0,0.0,0.0
2022-08-11 00:00:00+09:00,1420.0,1445.0,1415.0,1440.0,913032,0.0,0.0,0.0
2022-08-12 00:00:00+09:00,1440.0,1470.0,1435.0,1455.0,882042,0.0,0.0,0.0
2022-08-16 00:00:00+09:00,1460.0,1475.0,1415.0,1420.0,2467476,0.0,0.0,0.0
2022-08-17 00:00:00+09:00,1410.0,1415.0,1320.0,1380.0,3803230,0.0,0.0,0.0
2022-08-18 00:00:00+09:00,1375.0,1380.0,1345.0,1360.0,1288101,0.0,0.0,0.0
2022-08-19 00:00:00+09:00,1390.0,1415.0,1360.0,1370.0,1961611,0.0,0.0,0.0
2022-08-22 00:00:00+09:00,1375.0,1385.0,1335.0,1350.0,1287830,0.0,0.0,0.0
2022-08-23 00:00:00+09:00,1340.0,1360.0,1325.0,1340.0,1034513,0.0,0.0,0.0
2022-08-24 00:00:00+09:00,1340.0,1365.0,1330.0,1340.0,908818,0.0,0.0,0.0
2022-08-25 00:00:00+09:00,1340.0,1375.0,1335.0,1365.0,1119643,0.0,0.0,0.0
2022-08-26 00:00:00+09:00,1375.0,1400.0,1365.0,1375.0,1230425,0.0,0.0,0.0
2022-08-29 00:00:00+09:00,1340.0,1360.0,1335.0,1340.0,962323,0.0,0.0,0.0
2022-08-30 00:00:00+09:00,1340.0,1365.0,1335.0,1340.0,761110,0.0,0.0,0.0
2022-08-31 00:00:00+09:00,1340.0,1350.0,1320.0,1335.0,1059358,0.0,0.0,0.0
2022-09-01 00:00:00+09:00,1330.0,1735.0,1305.0,1735.0,66200341,0.0,0.0,0.0
2022-09-02 00:00:00+09:00,1805.0,2080.0,1765.0,1915.0,152983238,0.0,0.0,0.0
2022-09-05 00:00:00+09:00,1915.0,2160.0,1885.0,1960.0,62031099,0.0,0.0,0.0
2022-09-06 00:00:00+09:00,1930.0,1960.0,1805.0,1845.0,16366645,0.0,0.0,0.0
2022-09-07 00:00:00+09:00,1830.0,1890.0,1740.0,1780.0,16300758,0.0,0.0,0.0
2022-09-08 00:00:00+09:00,1760.0,1825.0,1730.0,1760.0,9046855,0.0,0.0,0.0
2022-09-13 00:00:00+09:00,1760.0,1825.0,1745.0,1780.0,8975034,0.0,0.0,0.0
2022-09-14 00:00:00+09:00,1690.0,1745.0,1680.0,1715.0,4507415,0.0,0.0,0.0
2022-09-15 00:00:00+09:00,1725.0,1735.0,1615.0,1640.0,6771307,0.0,0.0,0.0
2022-09-16 00:00:00+09:00,1645.0,1660.0,1580.0,1595.0,4397191,0.0,0.0,0.0
2022-09-19 00:00:00+09:00,1605.0,1630.0,1525.0,1530.0,4287211,0.0,0.0,0.0
2022-09-20 00:00:00+09:00,1550.0,1580.0,1540.0,1555.0,2068772,0.0,0.0,0.0
2022-09-21 00:00:00+09:00,1535.0,1590.0,1535.0,1545.0,2346465,0.0,0.0,0.0
2022-09-22 00:00:00+09:00,1540.0,1630.0,1525.0,1560.0,7470508,0.0,0.0,0.0
2022-09-23 00:00:00+09:00,1565.0,1570.0,1440.0,1440.0,4223059,0.0,0.0,0.0
2022-09-26 00:00:00+09:00,1440.0,1475.0,1400.0,1415.0,2971354,0.0,0.0,0.0
2022-09-27 00:00:00+09:00,1400.0,1435.0,1365.0,1405.0,1936094,0.0,0.0,0.0
2022-09-28 00:00:00+09:00,1380.0,1420.0,1335.0,1355.0,2050339,0.0,0.0,0.0
2022-09-29 00:00:00+09:00,1360.0,1405.0,1330.0,1330.0,1799300,0.0,0.0,0.0
2022-09-30 00:00:00+09:00,1360.0,1510.0,1360.0,1365.0,15401187,0.0,0.0,0.0
2022-10-04 00:00:00+09:00,1365.0,1410.0,1340.0,1365.0,3288588,0.0,0.0,0.0
2022-10-05 00:00:00+09:00,1380.0,1415.0,1355.0,1370.0,3092754,0.0,0.0,0.0
2022-10-06 00:00:00+09:00,1365.0,1445.0,1365.0,1395.0,3645916,0.0,0.0,0.0
2022-10-07 00:00:00+09:00,1415.0,1420.0,1355.0,1360.0,2304712,0.0,0.0,0.0
2022-10-11 00:00:00+09:00,1350.0,1350.0,1250.0,1270.0,2902889,0.0,0.0,0.0
2022-10-12 00:00:00+09:00,1260.0,1290.0,1220.0,1270.0,1650895,0.0,0.0,0.0
2022-10-13 00:00:00+09:00,1270.0,1275.0,1185.0,1185.0,1943122,0.0,0.0,0.0
2022-10-14 00:00:00+09:00,1220.0,1255.0,1200.0,1240.0,1712812,0.0,0.0,0.0
2022-10-17 00:00:00+09:00,1205.0,1260.0,1190.0,1245.0,1095817,0.0,0.0,0.0
2022-10-18 00:00:00+09:00,1260.0,1285.0,1245.0,1275.0,1338394,0.0,0.0,0.0
2022-10-19 00:00:00+09:00,1280.0,1295.0,1235.0,1250.0,1046222,0.0,0.0,0.0
2022-10-20 00:00:00+09:00,1250.0,1275.0,1215.0,1225.0,1031323,0.0,0.0,0.0
2022-10-21 00:00:00+09:00,1230.0,1230.0,1175.0,1195.0,1142196,0.0,0.0,0.0
2022-10-24 00:00:00+09:00,1200.0,1240.0,1195.0,1205.0,1196532,0.0,0.0,0.0
2022-10-25 00:00:00+09:00,1210.0,1220.0,1175.0,1200.0,1062507,0.0,0.0,0.0
2022-10-26 00:00:00+09:00,1200.0,1210.0,1150.0,1150.0,1523201,0.0,0.0,0.0
2022-10-27 00:00:00+09:00,1150.0,1165.0,1150.0,1160.0,789591,0.0,0.0,0.0
2022-10-28 00:00:00+09:00,1150.0,1160.0,1115.0,1125.0,1613660,0.0,0.0,0.0
2022-10-31 00:00:00+09:00,1140.0,1290.0,1130.0,1180.0,9441569,0.0,0.0,0.0
2022-11-01 00:00:00+09:00,1165.0,1245.0,1165.0,1200.0,4207582,0.0,0.0,0.0
2022-11-02 00:00:00+09:00,1185.0,1205.0,1175.0,1205.0,950419,0.0,0.0,0.0
2022-11-03 00:00:00+09:00,1180.0,1280.0,1175.0,1265.0,4617350,0.0,0.0,0.0
2022-11-04 00:00:00+09:00,1260.0,1265.0,1220.0,1230.0,1719490,0.0,0.0,0.0
2022-11-07 00:00:00+09:00,1225.0,1245.0,1205.0,1230.0,1145027,0.0,0.0,0.0
2022-11-08 00:00:00+09:00,1235.0,1255.0,1220.0,1240.0,1010794,0.0,0.0,0.0
2022-11-09 00:00:00+09:00,1240.0,1260.0,1235.0,1245.0,963555,0.0,0.0,0.0
2022-11-10 00:00:00+09:00,1235.0,1245.0,1225.0,1225.0,847648,0.0,0.0,0.0
2022-11-11 00:00:00+09:00,1260.0,1260.0,1240.0,1255.0,1295409,0.0,0.0,0.0
2022-11-14 00:00:00+09:00,1265.0,1295.0,1240.0,1280.0,1627722,0.0,0.0,0.0
2022-11-15 00:00:00+09:00,1280.0,1300.0,1255.0,1290.0,1716009,0.0,0.0,0.0
2022-11-16 00:00:00+09:00,1300.0,1305.0,1250.0,1270.0,894243,0.0,0.0,0.0
2022-11-17 00:00:00+09:00,1265.0,1275.0,1250.0,1265.0,571072,0.0,0.0,0.0
2022-11-18 00:00:00+09:00,1265.0,1285.0,1255.0,1275.0,686882,0.0,0.0,0.0
2022-11-21 00:00:00+09:00,1275.0,1275.0,1225.0,1235.0,825952,0.0,0.0,0.0
2022-11-22 00:00:00+09:00,1235.0,1270.0,1220.0,1225.0,875836,0.0,0.0,0.0
2022-11-23 00:00:00+09:00,1235.0,1255.0,1220.0,1240.0,683951,0.0,0.0,0.0
2022-11-24 00:00:00+09:00,1245.0,1270.0,1245.0,1265.0,732814,0.0,0.0,0.0
2022-11-25 00:00:00+09:00,1265.0,1265.0,1245.0,1255.0,466360,0.0,0.0,0.0
2022-11-28 00:00:00+09:00,1210.0,1230.0,1195.0,1210.0,1378072,0.0,0.0,0.0
2022-11-29 00:00:00+09:00,1195.0,1220.0,1185.0,1215.0,588000,0.0,0.0,0.0
2022-11-30 00:00:00+09:00,1215.0,1220.0,1205.0,1205.0,689512,0.0,0.0,0.0
2022-12-01 00:00:00+09:00,1220.0,1300.0,1210.0,1245.0,3447098,0.0,0.0,0.0
2022-12-02 00:00:00+09:00,1235.0,1255.0,1205.0,1205.0,1429133,0.0,0.0,0.0
2022-12-05 00:00:00+09:00,1215.0,1220.0,1190.0,1190.0,855150,0.0,0.0,0.0
2022-12-06 00:00:00+09:00,1175.0,1200.0,1175.0,1185.0,689839,0.0,0.0,0.0
2022-12-07 00:00:00+09:00,1175.0,1200.0,1165.0,1175.0,629631,0.0,0.0,0.0
2022-12-08 00:00:00+09:00,1170.0,1190.0,1145.0,1145.0,915255,0.0,0.0,0.0
2022-12-09 00:00:00+09:00,1150.0,1205.0,1150.0,1190.0,1248664,0.0,0.0,0.0
2022-12-12 00:00:00+09:00,1180.0,1200.0,1180.0,1190.0,334916,0.0,0.0,0.0
2022-12-13 00:00:00+09:00,1195.0,1200.0,1180.0,1180.0,406506,0.0,0.0,0.0
2022-12-14 00:00:00+09:00,1180.0,1200.0,1175.0,1185.0,710247,0.0,0.0,0.0
2022-12-15 00:00:00+09:00,1180.0,1190.0,1170.0,1180.0,523084,0.0,0.0,0.0
2022-12-16 00:00:00+09:00,1155.0,1175.0,1155.0,1160.0,804011,0.0,0.0,0.0
2022-12-19 00:00:00+09:00,1160.0,1165.0,1120.0,1125.0,1363918,0.0,0.0,0.0
2022-12-20 00:00:00+09:00,1125.0,1135.0,1100.0,1115.0,997964,0.0,0.0,0.0
2022-12-21 00:00:00+09:00,1115.0,1135.0,1110.0,1110.0,1061763,0.0,0.0,0.0
2022-12-22 00:00:00+09:00,1120.0,1125.0,1085.0,1100.0,1296164,0.0,0.0,0.0
2022-12-23 00:00:00+09:00,1085.0,1090.0,1040.0,1070.0,2046994,0.0,0.0,0.0
2022-12-26 00:00:00+09:00,1050.0,1055.0,1005.0,1015.0,1835226,0.0,0.0,0.0
2022-12-27 00:00:00+09:00,1000.0,1055.0,1000.0,1055.0,1369013,0.0,0.0,0.0
2022-12-28 00:00:00+09:00,1040.0,1060.0,1015.0,1020.0,886580,0.0,0.0,0.0
2022-12-29 00:00:00+09:00,1020.0,1020.0,981.0,1005.0,970576,0.0,0.0,0.0
2023-01-02 00:00:00+09:00,1015.0,1025.0,982.0,982.0,1124660,0.0,0.0,0.0
2023-01-03 00:00:00+09:00,975.0,1095.0,957.0,996.0,3011402,0.0,0.0,0.0
2023-01-04 00:00:00+09:00,997.0,1020.0,994.0,1010.0,886746,0.0,0.0,0.0
2023-01-05 00:00:00+09:00,1020.0,1035.0,1010.0,1015.0,542742,0.0,0.0,0.0
2023-01-06 00:00:00+09:00,1015.0,1035.0,1000.0,1030.0,584940,0.0,0.0,0.0
2023-01-09 00:00:00+09:00,1040.0,1060.0,1035.0,1055.0,656794,0.0,0.0,0.0
2023-01-10 00:00:00+09:00,1055.0,1075.0,1050.0,1055.0,651799,0.0,0.0,0.0
2023-01-11 00:00:00+09:00,1055.0,1090.0,1055.0,1075.0,792486,0.0,0.0,0.0
2023-01-12 00:00:00+09:00,1080.0,1085.0,1045.0,1055.0,1160029,0.0,0.0,0.0
2023-01-13 00:00:00+09:00,1070.0,1305.0,1060.0,1150.0,73671369,0.0,0.0,0.0
2023-01-16 00:00:00+09:00,1145.0,1160.0,1120.0,1130.0,6875637,0.0,0.0,0.0
2023-01-17 00:00:00+09:00,1140.0,1225.0,1110.0,1120.0,18860039,0.0,0.0,0.0
2023-01-18 00:00:00+09:00,1105.0,1110.0,1035.0,1040.0,6690512,0.0,0.0,0.0
2023-01-19 00:00:00+09:00,1020.0,1065.0,1015.0,1025.0,3761637,0.0,0.0,0.0
2023-01-20 00:00:00+09:00,1015.0,1040.0,1015.0,1020.0,1835750,0.0,0.0,0.0
2023-01-25 00:00:00+09:00,1023.0,1026.0,1011.0,1014.0,56716,0.0,0.0,0.0
2023-01-26 00:00:00+09:00,1015.0,1030.0,1015.0,1024.0,37494,0.0,0.0,0.0
2023-01-27 00:00:00+09:00,1026.0,1033.0,1021.0,1026.0,9838,0.0,0.0,0.0
2023-01-30 00:00:00+09:00,1030.0,1035.0,1014.0,1015.0,14805,0.0,0.0,0.0
2023-01-31 00:00:00+09:00,1015.0,1015.0,996.0,997.0,30525,0.0,0.0,0.0
2023-02-01 00:00:00+09:00,998.0,1007.0,997.0,999.0,23642,0.0,0.0,0.0
2023-02-02 00:00:00+09:00,1005.0,1022.0,1005.0,1022.0,14003,0.0,0.0,0.0
2023-02-03 00:00:00+09:00,1022.0,1028.0,1018.0,1020.0,6597,0.0,0.0,0.0
2023-02-06 00:00:00+09:00,1018.0,1018.0,1000.0,1006.0,9388,0.0,0.0,0.0
2023-02-07 00:00:00+09:00,1009.0,1020.0,1003.0,1010.0,11966,0.0,0.0,0.0
2023-02-08 00:00:00+09:00,1015.0,1015.0,1004.0,1009.0,4513,0.0,0.0,0.0
2023-02-09 00:00:00+09:00,1009.0,1011.0,1003.0,1006.0,2519,0.0,0.0,0.0
2023-02-10 00:00:00+09:00,1006.0,1006.0,1006.0,1006.0,0,0.0,0.0,0.0
2023-02-13 00:00:00+09:00,1006.0,1006.0,1006.0,1006.0,0,0.0,0.0,0.0
2023-02-14 00:00:00+09:00,1006.0,1006.0,1006.0,1006.0,0,0.0,0.0,0.0
2023-02-15 00:00:00+09:00,1006.0,1006.0,1006.0,1006.0,0,0.0,0.0,0.0
2023-02-16 00:00:00+09:00,1006.0,1006.0,1006.0,1006.0,0,0.0,0.0,0.0
2023-02-17 00:00:00+09:00,1006.0,1006.0,1006.0,1006.0,0,0.0,0.0,0.0
2023-02-20 00:00:00+09:00,1006.0,1006.0,1006.0,1006.0,0,0.0,0.0,0.0
2023-02-21 00:00:00+09:00,1006.0,1006.0,1006.0,1006.0,0,0.0,0.0,0.0
2023-02-22 00:00:00+09:00,1006.0,1006.0,1006.0,1006.0,0,0.0,0.0,0.0
2023-02-23 00:00:00+09:00,1006.0,1006.0,1006.0,1006.0,0,0.0,0.0,0.0
2023-02-24 00:00:00+09:00,1006.0,1006.0,1006.0,1006.0,0,0.0,0.0,0.0
2023-02-27 00:00:00+09:00,1006.0,1006.0,1006.0,1006.0,0,0.0,0.0,0.0
2023-02-28 00:00:00+09:00,1006.0,1006.0,1006.0,1006.0,0,0.0,0.0,0.0
2023-03-02 00:00:00+09:00,1006.0,1006.0,1006.0,1006.0,0,0.0,0.0,0.0
2023-03-03 00:00:00+09:00,1006.0,1006.0,1006.0,1006.0,0,0.0,0.0,0.0
2023-03-06 00:00:00+09:00,1006.0,1006.0,1006.0,1006.0,0,0.0,0.0,0.0
2023-03-07 00:00:00+09:00,1006.0,1006.0,1006.0,1006.0,0,0.0,0.0,0.0
2023-03-08 00:00:00+09:00,1006.0,1006.0,1006.0,1006.0,0,0.0,0.0,0.0
2023-03-09 00:00:00+09:00,1006.0,1006.0,1006.0,1006.0,0,0.0,0.0,0.0
2023-03-10 00:00:00+09:00,1006.0,1006.0,1006.0,1006.0,0,0.0,0.0,0.0
2023-03-13 00:00:00+09:00,1006.0,1006.0,1006.0,1006.0,0,0.0,0.0,0.0
2023-03-14 00:00:00+09:00,1006.0,1006.0,1006.0,1006.0,0,0.0,0.0,0.0
2023-03-15 00:00:00+09:00,1006.0,1006.0,1006.0,1006.0,0,0.0,0.0,0.0
2023-03-16 00:00:00+09:00,1006.0,1006.0,1006.0,1006.0,0,0.0,0.0,0.0
2023-03-17 00:00:00+09:00,1006.0,1006.0,1006.0,1006.0,0,0.0,0.0,0.0
2023-03-20 00:00:00+09:00,1006.0,1006.0,1006.0,1006.0,0,0.0,0.0,0.0
2023-03-21 00:00:00+09:00,1006.0,1006.0,1006.0,1006.0,0,0.0,0.0,0.0
2023-03-22 00:00:00+09:00,1006.0,1006.0,1006.0,1006.0,0,0.0,0.0,0.0
2023-03-23 00:00:00+09:00,1006.0,1006.0,1006.0,1006.0,0,0.0,0.0,0.0
2023-03-24 00:00:00+09:00,1006.0,1006.0,1006.0,1006.0,0,0.0,0.0,0.0
2023-03-27 00:00:00+09:00,1006.0,1006.0,1006.0,1006.0,0,0.0,0.0,0.0
2023-03-28 00:00:00+09:00,1006.0,1006.0,1006.0,1006.0,0,0.0,0.0,0.0
2023-03-29 00:00:00+09:00,1006.0,1006.0,1006.0,1006.0,0,0.0,0.0,0.0
2023-03-30 00:00:00+09:00,1006.0,1006.0,1006.0,1006.0,0,0.0,0.0,0.0
2023-03-31 00:00:00+09:00,1006.0,1006.0,1006.0,1006.0,0,0.0,0.0,0.0
2023-04-03 00:00:00+09:00,1006.0,1006.0,1006.0,1006.0,0,0.0,0.0,0.0
2023-04-04 00:00:00+09:00,1006.0,1006.0,1006.0,1006.0,0,0.0,0.0,0.0
2023-04-05 00:00:00+09:00,1006.0,1006.0,1006.0,1006.0,0,0.0,0.0,0.0
2023-04-06 00:00:00+09:00,1006.0,1006.0,1006.0,1006.0,0,0.0,0.0,0.0
2023-04-07 00:00:00+09:00,1006.0,1006.0,1006.0,1006.0,0,0.0,0.0,0.0
2023-04-10 00:00:00+09:00,1006.0,1006.0,1006.0,1006.0,0,0.0,0.0,0.0
2023-04-11 00:00:00+09:00,1006.0,1006.0,1006.0,1006.0,0,0.0,0.0,0.0
2023-04-12 00:00:00+09:00,1006.0,1006.0,1006.0,1006.0,0,0.0,0.0,0.0
2023-04-13 00:00:00+09:00,1006.0,1006.0,1006.0,1006.0,0,0.0,0.0,0.0
2023-04-14 00:00:00+09:00,1006.0,1006.0,1006.0,1006.0,0,0.0,0.0,0.0
2023-04-17 00:00:00+09:00,1006.0,1006.0,1006.0,1006.0,0,0.0,0.0,0.0
2023-04-18 00:00:00+09:00,1006.0,1006.0,1006.0,1006.0,0,0.0,0.0,0.0
2023-04-19 00:00:00+09:00,1006.0,1006.0,1006.0,1006.0,0,0.0,0.0,0.0
2023-04-20 00:00:00+09:00,1006.0,1006.0,1006.0,1006.0,0,0.0,0.0,0.0
2023-04-21 00:00:00+09:00,1006.0,1006.0,1006.0,1006.0,0,0.0,0.0,0.0
2023-04-24 00:00:00+09:00,1006.0,1006.0,1006.0,1006.0,0,0.0,0.0,0.0
2023-04-25 00:00:00+09:00,1006.0,1006.0,1006.0,1006.0,0,0.0,0.0,0.0
2023-04-26 00:00:00+09:00,1006.0,1006.0,1006.0,1006.0,0,0.0,0.0,0.0
2023-04-27 00:00:00+09:00,1006.0,1006.0,1006.0,1006.0,0,0.0,0.0,0.0
2023-04-28 00:00:00+09:00,1006.0,1006.0,1006.0,1006.0,0,0.0,0.0,0.0
2023-05-02 00:00:00+09:00,1006.0,1006.0,1006.0,1006.0,0,0.0,0.0,0.0
2023-05-03 00:00:00+09:00,1006.0,1006.0,1006.0,1006.0,0,0.0,0.0,0.0
2023-05-04 00:00:00+09:00,1006.0,1006.0,1006.0,1006.0,0,0.0,0.0,0.0
2023-05-08 00:00:00+09:00,1006.0,1006.0,1006.0,1006.0,0,0.0,0.0,0.0
2023-05-09 00:00:00+09:00,1006.0,1006.0,1006.0,1006.0,0,0.0,0.0,0.0
2023-05-10 00:00:00+09:00,1006.0,1006.0,1006.0,1006.0,0,0.0,0.0,0.0
2023-05-11 00:00:00+09:00,1006.0,1006.0,1006.0,1006.0,0,0.0,0.0,0.0
2023-05-12 00:00:00+09:00,1006.0,1006.0,1006.0,1006.0,0,0.0,0.0,0.0
2023-05-15 00:00:00+09:00,1006.0,1006.0,1006.0,1006.0,0,0.0,0.0,0.0
2023-05-16 00:00:00+09:00,1006.0,1006.0,1006.0,1006.0,0,0.0,0.0,0.0
2023-05-17 00:00:00+09:00,1006.0,1006.0,1006.0,1006.0,0,0.0,0.0,0.0
2023-05-18 00:00:00+09:00,1006.0,1006.0,1006.0,1006.0,0,0.0,0.0,0.0
2023-05-19 00:00:00+09:00,1006.0,1006.0,1006.0,1006.0,0,0.0,0.0,0.0
2023-05-22 00:00:00+09:00,1006.0,1006.0,1006.0,1006.0,0,0.0,0.0,0.0
2023-05-23 00:00:00+09:00,1006.0,1006.0,1006.0,1006.0,0,0.0,0.0,0.0
2023-05-24 00:00:00+09:00,1006.0,1006.0,1006.0,1006.0,0,0.0,0.0,0.0
2023-05-25 00:00:00+09:00,1006.0,1006.0,1006.0,1006.0,0,0.0,0.0,0.0
2023-05-26 00:00:00+09:00,1006.0,1006.0,1006.0,1006.0,0,0.0,0.0,0.0
2023-05-30 00:00:00+09:00,1006.0,1006.0,1006.0,1006.0,0,0.0,0.0,0.0
2023-05-31 00:00:00+09:00,1006.0,1006.0,1006.0,1006.0,0,0.0,0.0,0.0
2023-06-01 00:00:00+09:00,1006.0,1006.0,1006.0,1006.0,0,0.0,0.0,0.0
2023-06-02 00:00:00+09:00,1006.0,1006.0,1006.0,1006.0,0,0.0,0.0,0.0
2023-06-05 00:00:00+09:00,1006.0,1006.0,1006.0,1006.0,0,0.0,0.0,0.0
2023-06-07 00:00:00+09:00,1006.0,1006.0,1006.0,1006.0,0,0.0,0.0,0.0
2023-06-08 00:00:00+09:00,1006.0,1006.0,1006.0,1006.0,0,0.0,0.0,0.0
2023-06-09 00:00:00+09:00,1006.0,1006.0,1006.0,1006.0,0,0.0,0.0,0.0
2023-06-12 00:00:00+09:00,1006.0,1006.0,1006.0,1006.0,0,0.0,0.0,0.0
2023-06-13 00:00:00+09:00,1006.0,1006.0,1006.0,1006.0,0,0.0,0.0,0.0
2023-06-14 00:00:00+09:00,1006.0,1006.0,1006.0,1006.0,0,0.0,0.0,0.0
2023-06-15 00:00:00+09:00,1006.0,1006.0,1006.0,1006.0,0,0.0,0.0,0.0
2023-06-16 00:00:00+09:00,1006.0,1006.0,1006.0,1006.0,0,0.0,0.0,0.0
2023-06-19 00:00:00+09:00,1006.0,1006.0,1006.0,1006.0,0,0.0,0.0,0.0
2023-06-20 00:00:00+09:00,1006.0,1006.0,1006.0,1006.0,0,0.0,0.0,0.0
2023-06-21 00:00:00+09:00,1006.0,1006.0,1006.0,1006.0,0,0.0,0.0,0.0
2023-06-22 00:00:00+09:00,1006.0,1006.0,1006.0,1006.0,0,0.0,0.0,0.0
2023-06-23 00:00:00+09:00,1006.0,1006.0,1006.0,1006.0,0,0.0,0.0,0.0
2023-06-26 00:00:00+09:00,1006.0,1006.0,1006.0,1006.0,0,0.0,0.0,0.0
2023-06-27 00:00:00+09:00,1006.0,1006.0,1006.0,1006.0,0,0.0,0.0,0.0
2023-06-28 00:00:00+09:00,1006.0,1006.0,1006.0,1006.0,0,0.0,0.0,0.0
2023-06-29 00:00:00+09:00,1006.0,1006.0,1006.0,1006.0,0,0.0,0.0,0.0
2023-06-30 00:00:00+09:00,1006.0,1006.0,1006.0,1006.0,0,0.0,0.0,0.0
2023-07-03 00:00:00+09:00,1006.0,1006.0,1006.0,1006.0,0,0.0,0.0,0.0
2023-07-04 00:00:00+09:00,1006.0,1006.0,1006.0,1006.0,0,0.0,0.0,0.0
2023-07-05 00:00:00+09:00,1006.0,1006.0,1006.0,1006.0,0,0.0,0.0,0.0
2023-07-06 00:00:00+09:00,1006.0,1006.0,1006.0,1006.0,0,0.0,0.0,0.0
2023-07-07 00:00:00+09:00,1006.0,1006.0,1006.0,1006.0,0,0.0,0.0,0.0
2023-07-10 00:00:00+09:00,1006.0,1006.0,1006.0,1006.0,0,0.0,0.0,0.0
2023-07-11 00:00:00+09:00,1006.0,1006.0,1006.0,1006.0,0,0.0,0.0,0.0
2023-07-12 00:00:00+09:00,1006.0,1006.0,1006.0,1006.0,0,0.0,0.0,0.0
2023-07-13 00:00:00+09:00,1006.0,1006.0,1006.0,1006.0,0,0.0,0.0,0.0
2023-07-14 00:00:00+09:00,1006.0,1006.0,1006.0,1006.0,0,0.0,0.0,0.0
2023-07-17 00:00:00+09:00,1006.0,1006.0,1006.0,1006.0,0,0.0,0.0,0.0
2023-07-18 00:00:00+09:00,1006.0,1006.0,1006.0,1006.0,0,0.0,0.0,0.0
2023-07-19 00:00:00+09:00,1006.0,1006.0,1006.0,1006.0,0,0.0,0.0,0.0
2023-07-20 00:00:00+09:00,1006.0,1006.0,1006.0,1006.0,0,0.0,0.0,0.0
2023-07-21 00:00:00+09:00,1006.0,1006.0,1006.0,1006.0,0,0.0,0.0,0.0
2023-07-24 00:00:00+09:00,1006.0,1006.0,1006.0,1006.0,0,0.0,0.0,0.0
2023-07-25 00:00:00+09:00,1006.0,1006.0,1006.0,1006.0,0,0.0,0.0,0.0
2023-07-26 00:00:00+09:00,1006.0,1006.0,1006.0,1006.0,0,0.0,0.0,0.0
2023-07-27 00:00:00+09:00,1006.0,1006.0,1006.0,1006.0,0,0.0,0.0,0.0
2023-07-28 00:00:00+09:00,1006.0,1006.0,1006.0,1006.0,0,0.0,0.0,0.0
2023-07-31 00:00:00+09:00,1006.0,1006.0,1006.0,1006.0,0,0.0,0.0,0.0
2023-08-01 00:00:00+09:00,1006.0,1006.0,1006.0,1006.0,0,0.0,0.0,0.0
2023-08-02 00:00:00+09:00,1006.0,1006.0,1006.0,1006.0,0,0.0,0.0,0.0
2023-08-03 00:00:00+09:00,1006.0,1006.0,1006.0,1006.0,0,0.0,0.0,0.0
2023-08-04 00:00:00+09:00,1006.0,1006.0,1006.0,1006.0,0,0.0,0.0,0.0
2023-08-07 00:00:00+09:00,1006.0,1006.0,1006.0,1006.0,0,0.0,0.0,0.0
2023-08-08 00:00:00+09:00,1006.0,1006.0,1006.0,1006.0,0,0.0,0.0,0.0
2023-08-09 00:00:00+09:00,1006.0,1006.0,1006.0,1006.0,0,0.0,0.0,0.0
2023-08-10 00:00:00+09:00,1006.0,1006.0,1006.0,1006.0,0,0.0,0.0,0.0
2023-08-11 00:00:00+09:00,1006.0,1006.0,1006.0,1006.0,0,0.0,0.0,0.0
2023-08-14 00:00:00+09:00,1006.0,1006.0,1006.0,1006.0,0,0.0,0.0,0.0
2023-08-16 00:00:00+09:00,1006.0,1006.0,1006.0,1006.0,0,0.0,0.0,0.0
2023-08-17 00:00:00+09:00,1006.0,1006.0,1006.0,1006.0,0,0.0,0.0,0.0
2023-08-18 00:00:00+09:00,1006.0,1006.0,1006.0,1006.0,0,0.0,0.0,0.0
2023-08-21 00:00:00+09:00,1006.0,1006.0,1006.0,1006.0,0,0.0,0.0,0.0
2023-08-22 00:00:00+09:00,1006.0,1006.0,1006.0,1006.0,0,0.0,0.0,0.0
2023-08-23 00:00:00+09:00,1006.0,1006.0,1006.0,1006.0,0,0.0,0.0,0.0
2023-08-24 00:00:00+09:00,1006.0,1006.0,1006.0,1006.0,0,0.0,0.0,0.0
2023-08-25 00:00:00+09:00,1006.0,1006.0,1006.0,1006.0,0,0.0,0.0,0.0
2023-08-28 00:00:00+09:00,1006.0,1006.0,1006.0,1006.0,0,0.0,0.0,0.0
2023-08-29 00:00:00+09:00,1006.0,1006.0,1006.0,1006.0,0,0.0,0.0,0.0
2023-08-30 00:00:00+09:00,1006.0,1006.0,1006.0,1006.0,0,0.0,0.0,0.0
2023-08-31 00:00:00+09:00,1006.0,1006.0,1006.0,1006.0,0,0.0,0.0,0.0
2023-09-01 00:00:00+09:00,1006.0,1006.0,1006.0,1006.0,0,0.0,0.0,0.0
2023-09-04 00:00:00+09:00,1006.0,1006.0,1006.0,1006.0,0,0.0,0.0,0.0
2023-09-05 00:00:00+09:00,1006.0,1006.0,1006.0,1006.0,0,0.0,0.0,0.0
2023-09-06 00:00:00+09:00,1006.0,1006.0,1006.0,1006.0,0,0.0,0.0,0.0
2023-09-07 00:00:00+09:00,1006.0,1006.0,1006.0,1006.0,0,0.0,0.0,0.0
2023-09-08 00:00:00+09:00,1006.0,1006.0,1006.0,1006.0,0,0.0,0.0,0.0
2023-09-11 00:00:00+09:00,1006.0,1006.0,1006.0,1006.0,0,0.0,0.0,0.0
2023-09-12 00:00:00+09:00,1006.0,1006.0,1006.0,1006.0,0,0.0,0.0,0.0
2023-09-13 00:00:00+09:00,1006.0,1006.0,1006.0,1006.0,0,0.0,0.0,0.0
2023-09-14 00:00:00+09:00,1006.0,1006.0,1006.0,1006.0,0,0.0,0.0,0.0
2023-09-15 00:00:00+09:00,1006.0,1006.0,1006.0,1006.0,0,0.0,0.0,0.0
2023-09-18 00:00:00+09:00,1006.0,1006.0,1006.0,1006.0,0,0.0,0.0,0.0
2023-09-19 00:00:00+09:00,1006.0,1006.0,1006.0,1006.0,0,0.0,0.0,0.0
2023-09-20 00:00:00+09:00,1006.0,1006.0,1006.0,1006.0,0,0.0,0.0,0.0
2023-09-21 00:00:00+09:00,1006.0,1006.0,1006.0,1006.0,0,0.0,0.0,0.0
2023-09-22 00:00:00+09:00,1006.0,1006.0,1006.0,1006.0,0,0.0,0.0,0.0
2023-09-25 00:00:00+09:00,1006.0,1006.0,1006.0,1006.0,0,0.0,0.0,0.0
2023-09-26 00:00:00+09:00,1006.0,1006.0,1006.0,1006.0,0,0.0,0.0,0.0
2023-09-27 00:00:00+09:00,1006.0,1006.0,1006.0,1006.0,0,0.0,0.0,0.0
2023-10-04 00:00:00+09:00,1006.0,1006.0,1006.0,1006.0,0,0.0,0.0,0.0
2023-10-05 00:00:00+09:00,1006.0,1006.0,1006.0,1006.0,0,0.0,0.0,0.0
2023-10-06 00:00:00+09:00,1006.0,1006.0,1006.0,1006.0,0,0.0,0.0,0.0
2023-10-10 00:00:00+09:00,1006.0,1006.0,1006.0,1006.0,0,0.0,0.0,0.0
2023-10-11 00:00:00+09:00,1006.0,1006.0,1006.0,1006.0,0,0.0,0.0,0.0
2023-10-12 00:00:00+09:00,1006.0,1006.0,1006.0,1006.0,0,0.0,0.0,0.0
2023-10-13 00:00:00+09:00,1006.0,1006.0,1006.0,1006.0,0,0.0,0.0,0.0
2023-10-16 00:00:00+09:00,1006.0,1006.0,1006.0,1006.0,0,0.0,0.0,0.0
2023-10-17 00:00:00+09:00,1006.0,1006.0,1006.0,1006.0,0,0.0,0.0,0.0
2023-10-18 00:00:00+09:00,1006.0,1006.0,1006.0,1006.0,0,0.0,0.0,0.0
2023-10-19 00:00:00+09:00,1006.0,1006.0,1006.0,1006.0,0,0.0,0.0,0.0
2023-10-20 00:00:00+09:00,1006.0,1006.0,1006.0,1006.0,0,0.0,0.0,0.0
2023-10-23 00:00:00+09:00,1006.0,1006.0,1006.0,1006.0,0,0.0,0.0,0.0
2023-10-24 00:00:00+09:00,1006.0,1006.0,1006.0,1006.0,0,0.0,0.0,0.0
2023-10-25 00:00:00+09:00,1006.0,1006.0,1006.0,1006.0,0,0.0,0.0,0.0
2023-10-26 00:00:00+09:00,1006.0,1006.0,1006.0,1006.0,0,0.0,0.0,0.0
2023-10-27 00:00:00+09:00,1006.0,1006.0,1006.0,1006.0,0,0.0,0.0,0.0
2023-10-30 00:00:00+09:00,1006.0,1006.0,1006.0,1006.0,0,0.0,0.0,0.0
2023-10-31 00:00:00+09:00,1006.0,1006.0,1006.0,1006.0,0,0.0,0.0,0.0
2023-11-01 00:00:00+09:00,1006.0,1006.0,1006.0,1006.0,0,0.0,0.0,0.0
2023-11-02 00:00:00+09:00,1006.0,1006.0,1006.0,1006.0,0,0.0,0.0,0.0
2023-11-03 00:00:00+09:00,1006.0,1006.0,1006.0,1006.0,0,0.0,0.0,0.0
2023-11-06 00:00:00+09:00,1006.0,1006.0,1006.0,1006.0,0,0.0,0.0,0.0
2023-11-07 00:00:00+09:00,1006.0,1006.0,1006.0,1006.0,0,0.0,0.0,0.0
2023-11-08 00:00:00+09:00,1006.0,1006.0,1006.0,1006.0,0,0.0,0.0,0.0
2023-11-09 00:00:00+09:00,1006.0,1006.0,1006.0,1006.0,0,0.0,0.0,0.0
2023-11-10 00:00:00+09:00,1006.0,1006.0,1006.0,1006.0,0,0.0,0.0,0.0
2023-11-13 00:00:00+09:00,1006.0,1006.0,1006.0,1006.0,0,0.0,0.0,0.0
2023-11-14 00:00:00+09:00,1006.0,1006.0,1006.0,1006.0,0,0.0,0.0,0.0
2023-11-15 00:00:00+09:00,1006.0,1006.0,1006.0,1006.0,0,0.0,0.0,0.0
2023-11-16 00:00:00+09:00,1006.0,1006.0,1006.0,1006.0,0,0.0,0.0,0.0
2023-11-17 00:00:00+09:00,1006.0,1006.0,1006.0,1006.0,0,0.0,0.0,0.0
2023-11-20 00:00:00+09:00,1006.0,1006.0,1006.0,1006.0,0,0.0,0.0,0.0
2023-11-21 00:00:00+09:00,1006.0,1006.0,1006.0,1006.0,0,0.0,0.0,0.0
2023-11-22 00:00:00+09:00,1006.0,1006.0,1006.0,1006.0,0,0.0,0.0,0.0
2023-11-23 00:00:00+09:00,1006.0,1006.0,1006.0,1006.0,0,0.0,0.0,0.0
2023-11-24 00:00:00+09:00,1006.0,1006.0,1006.0,1006.0,0,0.0,0.0,0.0
2023-11-27 00:00:00+09:00,1006.0,1006.0,1006.0,1006.0,0,0.0,0.0,0.0
2023-11-28 00:00:00+09:00,1006.0,1006.0,1006.0,1006.0,0,0.0,0.0,0.0
2023-11-29 00:00:00+09:00,1006.0,1006.0,1006.0,1006.0,0,0.0,0.0,0.0
2023-11-30 00:00:00+09:00,1006.0,1006.0,1006.0,1006.0,0,0.0,0.0,0.0
2023-12-01 00:00:00+09:00,1006.0,1006.0,1006.0,1006.0,0,0.0,0.0,0.0
2023-12-04 00:00:00+09:00,1006.0,1006.0,1006.0,1006.0,0,0.0,0.0,0.0
2023-12-05 00:00:00+09:00,1006.0,1006.0,1006.0,1006.0,0,0.0,0.0,0.0
2023-12-06 00:00:00+09:00,1006.0,1006.0,1006.0,1006.0,0,0.0,0.0,0.0
2023-12-07 00:00:00+09:00,1006.0,1006.0,1006.0,1006.0,0,0.0,0.0,0.0
2023-12-08 00:00:00+09:00,1006.0,1006.0,1006.0,1006.0,0,0.0,0.0,0.0
2023-12-11 00:00:00+09:00,1006.0,1006.0,1006.0,1006.0,0,0.0,0.0,0.0
2023-12-12 00:00:00+09:00,1006.0,1006.0,1006.0,1006.0,0,0.0,0.0,0.0
2023-12-13 00:00:00+09:00,1006.0,1006.0,1006.0,1006.0,0,0.0,0.0,0.0
2023-12-14 00:00:00+09:00,1006.0,1006.0,1006.0,1006.0,0,0.0,0.0,0.0
2023-12-15 00:00:00+09:00,1006.0,1006.0,1006.0,1006.0,0,0.0,0.0,0.0
2023-12-18 00:00:00+09:00,1006.0,1006.0,1006.0,1006.0,0,0.0,0.0,0.0
2023-12-19 00:00:00+09:00,1006.0,1006.0,1006.0,1006.0,0,0.0,0.0,0.0
2023-12-20 00:00:00+09:00,1006.0,1006.0,1006.0,1006.0,0,0.0,0.0,0.0
2023-12-21 00:00:00+09:00,1006.0,1006.0,1006.0,1006.0,0,0.0,0.0,0.0
2023-12-22 00:00:00+09:00,1006.0,1006.0,1006.0,1006.0,0,0.0,0.0,0.0
2023-12-26 00:00:00+09:00,1006.0,1006.0,1006.0,1006.0,0,0.0,0.0,0.0
2023-12-27 00:00:00+09:00,1006.0,1006.0,1006.0,1006.0,0,0.0,0.0,0.0
2023-12-28 00:00:00+09:00,1006.0,1006.0,1006.0,1006.0,0,0.0,0.0,0.0
2024-01-02 00:00:00+09:00,1006.0,1006.0,1006.0,1006.0,0,0.0,0.0,0.0
2024-01-03 00:00:00+09:00,1006.0,1006.0,1006.0,1006.0,0,0.0,0.0,0.0
2024-01-04 00:00:00+09:00,1006.0,1006.0,1006.0,1006.0,0,0.0,0.0,0.0
2024-01-05 00:00:00+09:00,1006.0,1006.0,1006.0,1006.0,0,0.0,0.0,0.0
2024-01-08 00:00:00+09:00,1006.0,1006.0,1006.0,1006.0,0,0.0,0.0,0.0
2024-01-09 00:00:00+09:00,1006.0,1006.0,1006.0,1006.0,0,0.0,0.0,0.0
2024-01-10 00:00:00+09:00,1006.0,1006.0,1006.0,1006.0,0,0.0,0.0,0.0
2024-01-11 00:00:00+09:00,1006.0,1006.0,1006.0,1006.0,0,0.0,0.0,0.0
2024-01-12 00:00:00+09:00,1006.0,1006.0,1006.0,1006.0,0,0.0,0.0,0.0
2024-01-15 00:00:00+09:00,1006.0,1006.0,1006.0,1006.0,0,0.0,0.0,0.0
2024-01-16 00:00:00+09:00,1006.0,1006.0,1006.0,1006.0,0,0.0,0.0,0.0
2024-01-17 00:00:00+09:00,1006.0,1006.0,1006.0,1006.0,0,0.0,0.0,0.0
2024-01-18 00:00:00+09:00,1006.0,1006.0,1006.0,1006.0,0,0.0,0.0,0.0
2024-01-19 00:00:00+09:00,1006.0,1006.0,1006.0,1006.0,0,0.0,0.0,0.0
2024-01-22 00:00:00+09:00,1006.0,1006.0,1006.0,1006.0,0,0.0,0.0,0.0
2024-01-23 00:00:00+09:00,1006.0,1006.0,1006.0,1006.0,0,0.0,0.0,0.0
2024-01-24 00:00:00+09:00,1006.0,1006.0,1006.0,1006.0,0,0.0,0.0,0.0
2024-01-25 00:00:00+09:00,1006.0,1006.0,1006.0,1006.0,0,0.0,0.0,0.0
2024-01-26 00:00:00+09:00,1006.0,1006.0,1006.0,1006.0,0,0.0,0.0,0.0
2024-01-29 00:00:00+09:00,1006.0,1006.0,1006.0,1006.0,0,0.0,0.0,0.0
2024-01-30 00:00:00+09:00,1006.0,1006.0,1006.0,1006.0,0,0.0,0.0,0.0
2024-01-31 00:00:00+09:00,1006.0,1006.0,1006.0,1006.0,0,0.0,0.0,0.0
2024-02-01 00:00:00+09:00,1006.0,1006.0,1006.0,1006.0,0,0.0,0.0,0.0
2024-02-02 00:00:00+09:00,1006.0,1006.0,1006.0,1006.0,0,0.0,0.0,0.0
2024-02-05 00:00:00+09:00,1006.0,1006.0,1006.0,1006.0,0,0.0,0.0,0.0
2024-02-06 00:00:00+09:00,1006.0,1006.0,1006.0,1006.0,0,0.0,0.0,0.0
2024-02-07 00:00:00+09:00,1006.0,1006.0,1006.0,1006.0,0,0.0,0.0,0.0
2024-02-08 00:00:00+09:00,1006.0,1006.0,1006.0,1006.0,0,0.0,0.0,0.0
2024-02-13 00:00:00+09:00,1006.0,1006.0,1006.0,1006.0,0,0.0,0.0,0.0
2024-02-14 00:00:00+09:00,1006.0,1006.0,1006.0,1006.0,0,0.0,0.0,0.0
2024-02-15 00:00:00+09:00,1006.0,1006.0,1006.0,1006.0,0,0.0,0.0,0.0
2024-02-16 00:00:00+09:00,1006.0,1006.0,1006.0,1006.0,0,0.0,0.0,0.0
2024-02-19 00:00:00+09:00,1006.0,1006.0,1006.0,1006.0,0,0.0,0.0,0.0
2024-02-20 00:00:00+09:00,1006.0,1006.0,1006.0,1006.0,0,0.0,0.0,0.0
2024-02-21 00:00:00+09:00,1006.0,1006.0,1006.0,1006.0,0,0.0,0.0,0.0
2024-02-22 00:00:00+09:00,1006.0,1006.0,1006.0,1006.0,0,0.0,0.0,0.0
2024-02-23 00:00:00+09:00,1006.0,1006.0,1006.0,1006.0,0,0.0,0.0,0.0
2024-02-26 00:00:00+09:00,1006.0,1006.0,1006.0,1006.0,0,0.0,0.0,0.0
2024-02-27 00:00:00+09:00,1006.0,1006.0,1006.0,1006.0,0,0.0,0.0,0.0
2024-02-28 00:00:00+09:00,1006.0,1006.0,1006.0,1006.0,0,0.0,0.0,0.0
2024-02-29 00:00:00+09:00,1006.0,1006.0,1006.0,1006.0,0,0.0,0.0,0.0
2024-03-04 00:00:00+09:00,1006.0,1006.0,1006.0,1006.0,0,0.0,0.0,0.0
2024-03-05 00:00:00+09:00,1006.0,1006.0,1006.0,1006.0,0,0.0,0.0,0.0
2024-03-06 00:00:00+09:00,1006.0,1006.0,1006.0,1006.0,0,0.0,0.0,0.0
2024-03-07 00:00:00+09:00,1006.0,1006.0,1006.0,1006.0,0,0.0,0.0,0.0
2024-03-08 00:00:00+09:00,1006.0,1006.0,1006.0,1006.0,0,0.0,0.0,0.0
2024-03-11 00:00:00+09:00,1006.0,1006.0,1006.0,1006.0,0,0.0,0.0,0.0
2024-03-12 00:00:00+09:00,1006.0,1006.0,1006.0,1006.0,0,0.0,0.0,0.0
2024-03-13 00:00:00+09:00,1006.0,1006.0,1006.0,1006.0,0,0.0,0.0,0.0
2024-03-14 00:00:00+09:00,1006.0,1006.0,1006.0,1006.0,0,0.0,0.0,0.0
2024-03-15 00:00:00+09:00,1006.0,1006.0,1006.0,1006.0,0,0.0,0.0,0.0
2024-03-18 00:00:00+09:00,1006.0,1006.0,1006.0,1006.0,0,0.0,0.0,0.0
2024-03-19 00:00:00+09:00,1006.0,1006.0,1006.0,1006.0,0,0.0,0.0,0.0
2024-03-20 00:00:00+09:00,1006.0,1006.0,1006.0,1006.0,0,0.0,0.0,0.0
2024-03-21 00:00:00+09:00,1006.0,1006.0,1006.0,1006.0,0,0.0,0.0,0.0
2024-03-22 00:00:00+09:00,1006.0,1006.0,1006.0,1006.0,0,0.0,0.0,0.0
2024-03-25 00:00:00+09:00,1006.0,1006.0,1006.0,1006.0,0,0.0,0.0,0.0
2024-03-26 00:00:00+09:00,1006.0,1006.0,1006.0,1006.0,0,0.0,0.0,0.0
2024-03-27 00:00:00+09:00,1006.0,1006.0,1006.0,1006.0,0,0.0,0.0,0.0
2024-03-28 00:00:00+09:00,1006.0,1006.0,1006.0,1006.0,0,0.0,0.0,0.0
2024-03-29 00:00:00+09:00,1006.0,1006.0,1006.0,1006.0,0,0.0,0.0,0.0
2024-04-01 00:00:00+09:00,1006.0,1006.0,1006.0,1006.0,0,0.0,0.0,0.0
2024-04-02 00:00:00+09:00,1006.0,1006.0,1006.0,1006.0,0,0.0,0.0,0.0
2024-04-03 00:00:00+09:00,1006.0,1006.0,1006.0,1006.0,0,0.0,0.0,0.0
2024-04-04 00:00:00+09:00,1006.0,1006.0,1006.0,1006.0,0,0.0,0.0,0.0
2024-04-05 00:00:00+09:00,1006.0,1006.0,1006.0,1006.0,0,0.0,0.0,0.0
2024-04-08 00:00:00+09:00,1006.0,1006.0,1006.0,1006.0,0,0.0,0.0,0.0
2024-04-09 00:00:00+09:00,1006.0,1006.0,1006.0,1006.0,0,0.0,0.0,0.0
2024-04-11 00:00:00+09:00,1006.0,1006.0,1006.0,1006.0,0,0.0,0.0,0.0
2024-04-12 00:00:00+09:00,1006.0,1006.0,1006.0,1006.0,0,0.0,0.0,0.0
2024-04-15 00:00:00+09:00,1006.0,1006.0,1006.0,1006.0,0,0.0,0.0,0.0
2024-04-16 00:00:00+09:00,1006.0,1006.0,1006.0,1006.0,0,0.0,0.0,0.0
2024-04-17 00:00:00+09:00,1006.0,1006.0,1006.0,1006.0,0,0.0,0.0,0.0
2024-04-18 00:00:00+09:00,1006.0,1006.0,1006.0,1006.0,0,0.0,0.0,0.0
2024-04-19 00:00:00+09:00,1006.0,1006.0,1006.0,1006.0,0,0.0,0.0,0.0
2024-04-22 00:00:00+09:00,1006.0,1006.0,1006.0,1006.0,0,0.0,0.0,0.0
2024-04-23 00:00:00+09:00,1006.0,1006.0,1006.0,1006.0,0,0.0,0.0,0.0
2024-04-24 00:00:00+09:00,1006.0,1006.0,1006.0,1006.0,0,0.0,0.0,0.0
2024-04-25 00:00:00+09:00,1006.0,1006.0,1006.0,1006.0,0,0.0,0.0,0.0
2024-04-26 00:00:00+09:00,1006.0,1006.0,1006.0,1006.0,0,0.0,0.0,0.0
2024-04-29 00:00:00+09:00,1006.0,1006.0,1006.0,1006.0,0,0.0,0.0,0.0
2024-04-30 00:00:00+09:00,1006.0,1006.0,1006.0,1006.0,0,0.0,0.0,0.0
2024-05-02 00:00:00+09:00,1006.0,1006.0,1006.0,1006.0,0,0.0,0.0,0.0
2024-05-03 00:00:00+09:00,1006.0,1006.0,1006.0,1006.0,0,0.0,0.0,0.0
2024-05-07 00:00:00+09:00,1006.0,1006.0,1006.0,1006.0,0,0.0,0.0,0.0
2024-05-08 00:00:00+09:00,1006.0,1006.0,1006.0,1006.0,0,0.0,0.0,0.0
2024-05-09 00:00:00+09:00,1006.0,1006.0,1006.0,1006.0,0,0.0,0.0,0.0
2024-05-10 00:00:00+09:00,1006.0,1006.0,1006.0,1006.0,0,0.0,0.0,0.0
2024-05-13 00:00:00+09:00,1006.0,1006.0,1006.0,1006.0,0,0.0,0.0,0.0
2024-05-14 00:00:00+09:00,1006.0,1006.0,1006.0,1006.0,0,0.0,0.0,0.0
2024-05-16 00:00:00+09:00,1006.0,1006.0,1006.0,1006.0,0,0.0,0.0,0.0
2024-05-17 00:00:00+09:00,1006.0,1006.0,1006.0,1006.0,0,0.0,0.0,0.0
2024-05-20 00:00:00+09:00,1006.0,1006.0,1006.0,1006.0,0,0.0,0.0,0.0
2024-05-21 00:00:00+09:00,1006.0,1006.0,1006.0,1006.0,0,0.0,0.0,0.0
2024-05-22 00:00:00+09:00,1006.0,1006.0,1006.0,1006.0,0,0.0,0.0,0.0
2024-05-23 00:00:00+09:00,1006.0,1006.0,1006.0,1006.0,0,0.0,0.0,0.0
2024-05-24 00:00:00+09:00,1006.0,1006.0,1006.0,1006.0,0,0.0,0.0,0.0
2024-05-27 00:00:00+09:00,1006.0,1006.0,1006.0,1006.0,0,0.0,0.0,0.0
2024-05-28 00:00:00+09:00,1006.0,1006.0,1006.0,1006.0,0,0.0,0.0,0.0
2024-05-29 00:00:00+09:00,1006.0,1006.0,1006.0,1006.0,0,0.0,0.0,0.0
2024-05-30 00:00:00+09:00,1006.0,1006.0,1006.0,1006.0,0,0.0,0.0,0.0
2024-05-31 00:00:00+09:00,1006.0,1006.0,1006.0,1006.0,0,0.0,0.0,0.0
2024-06-03 00:00:00+09:00,1006.0,1006.0,1006.0,1006.0,0,0.0,0.0,0.0
2024-06-04 00:00:00+09:00,1006.0,1006.0,1006.0,1006.0,0,0.0,0.0,0.0
2024-06-05 00:00:00+09:00,1006.0,1006.0,1006.0,1006.0,0,0.0,0.0,0.0
2024-06-07 00:00:00+09:00,1006.0,1006.0,1006.0,1006.0,0,0.0,0.0,0.0
2024-06-10 00:00:00+09:00,1006.0,1006.0,1006.0,1006.0,0,0.0,0.0,0.0
2024-06-11 00:00:00+09:00,1006.0,1006.0,1006.0,1006.0,0,0.0,0.0,0.0
2024-06-12 00:00:00+09:00,1006.0,1006.0,1006.0,1006.0,0,0.0,0.0,0.0
2024-06-13 00:00:00+09:00,1006.0,1006.0,1006.0,1006.0,0,0.0,0.0,0.0
2024-06-14 00:00:00+09:00,1006.0,1006.0,1006.0,1006.0,0,0.0,0.0,0.0
2024-06-17 00:00:00+09:00,1006.0,1006.0,1006.0,1006.0,0,0.0,0.0,0.0
2024-06-18 00:00:00+09:00,1006.0,1006.0,1006.0,1006.0,0,0.0,0.0,0.0
2024-06-19 00:00:00+09:00,1006.0,1006.0,1006.0,1006.0,0,0.0,0.0,0.0
2024-06-20 00:00:00+09:00,1006.0,1006.0,1006.0,1006.0,0,0.0,0.0,0.0
2024-06-21 00:00:00+09:00,1006.0,1006.0,1006.0,1006.0,0,0.0,0.0,0.0
2024-06-24 00:00:00+09:00,1006.0,1006.0,1006.0,1006.0,0,0.0,0.0,0.0
2024-06-25 00:00:00+09:00,1006.0,1006.0,1006.0,1006.0,0,0.0,0.0,0.0
2024-06-26 00:00:00+09:00,1006.0,1006.0,1006.0,1006.0,0,0.0,0.0,0.0
2024-06-27 00:00:00+09:00,1006.0,1006.0,1006.0,1006.0,0,0.0,0.0,0.0
2024-06-28 00:00:00+09:00,1006.0,1006.0,1006.0,1006.0,0,0.0,0.0,0.0
2024-07-01 00:00:00+09:00,1006.0,1006.0,1006.0,1006.0,0,0.0,0.0,0.0
2024-07-02 00:00:00+09:00,1006.0,1006.0,1006.0,1006.0,0,0.0,0.0,0.0
2024-07-03 00:00:00+09:00,1006.0,1006.0,1006.0,1006.0,0,0.0,0.0,0.0
2024-07-04 00:00:00+09:00,1006.0,1006.0,1006.0,1006.0,0,0.0,0.0,0.0
2024-07-05 00:00:00+09:00,1006.0,1006.0,1006.0,1006.0,0,0.0,0.0,0.0
2024-07-08 00:00:00+09:00,1006.0,1006.0,1006.0,1006.0,0,0.0,0.0,0.0
2024-07-09 00:00:00+09:00,1006.0,1006.0,1006.0,1006.0,0,0.0,0.0,0.0
2024-07-10 00:00:00+09:00,1006.0,1006.0,1006.0,1006.0,0,0.0,0.0,0.0
2024-07-11 00:00:00+09:00,1006.0,1006.0,1006.0,1006.0,0,0.0,0.0,0.0
2024-07-12 00:00:00+09:00,1006.0,1006.0,1006.0,1006.0,0,0.0,0.0,0.0
2024-07-15 00:00:00+09:00,1006.0,1006.0,1006.0,1006.0,0,0.0,0.0,0.0
2024-07-16 00:00:00+09:00,1006.0,1006.0,1006.0,1006.0,0,0.0,0.0,0.0
2024-07-17 00:00:00+09:00,1006.0,1006.0,1006.0,1006.0,0,0.0,0.0,0.0
2024-07-18 00:00:00+09:00,1006.0,1006.0,1006.0,1006.0,0,0.0,0.0,0.0
2024-07-19 00:00:00+09:00,1006.0,1006.0,1006.0,1006.0,0,0.0,0.0,0.0
2024-07-22 00:00:00+09:00,1006.0,1006.0,1006.0,1006.0,0,0.0,0.0,0.0
2024-07-23 00:00:00+09:00,1006.0,1006.0,1006.0,1006.0,0,0.0,0.0,0.0
2024-07-24 00:00:00+09:00,1006.0,1006.0,1006.0,1006.0,0,0.0,0.0,0.0
2024-07-25 00:00:00+09:00,1006.0,1006.0,1006.0,1006.0,0,0.0,0.0,0.0
2024-07-26 00:00:00+09:00,1006.0,1006.0,1006.0,1006.0,0,0.0,0.0,0.0
2024-07-29 00:00:00+09:00,1006.0,1006.0,1006.0,1006.0,0,0.0,0.0,0.0
2024-07-30 00:00:00+09:00,1006.0,1006.0,1006.0,1006.0,0,0.0,0.0,0.0
2024-07-31 00:00:00+09:00,1006.0,1006.0,1006.0,1006.0,0,0.0,0.0,0.0
2024-08-01 00:00:00+09:00,1006.0,1006.0,1006.0,1006.0,0,0.0,0.0,0.0
2024-08-02 00:00:00+09:00,1006.0,1006.0,1006.0,1006.0,0,0.0,0.0,0.0
2024-08-05 00:00:00+09:00,1006.0,1006.0,1006.0,1006.0,0,0.0,0.0,0.0
2024-08-06 00:00:00+09:00,1006.0,1006.0,1006.0,1006.0,0,0.0,0.0,0.0
2024-08-07 00:00:00+09:00,1006.0,1006.0,1006.0,1006.0,0,0.0,0.0,0.0
2024-08-08 00:00:00+09:00,1006.0,1006.0,1006.0,1006.0,0,0.0,0.0,0.0
2024-08-09 00:00:00+09:00,1006.0,1006.0,1006.0,1006.0,0,0.0,0.0,0.0
2024-08-12 00:00:00+09:00,1006.0,1006.0,1006.0,1006.0,0,0.0,0.0,0.0
2024-08-13 00:00:00+09:00,1006.0,1006.0,1006.0,1006.0,0,0.0,0.0,0.0
2024-08-14 00:00:00+09:00,1006.0,1006.0,1006.0,1006.0,0,0.0,0.0,0.0
2024-08-16 00:00:00+09:00,1006.0,1006.0,1006.0,1006.0,0,0.0,0.0,0.0
2024-08-19 00:00:00+09:00,1006.0,1006.0,1006.0,1006.0,0,0.0,0.0,0.0
2024-08-20 00:00:00+09:00,1006.0,1006.0,1006.0,1006.0,0,0.0,0.0,0.0
2024-08-21 00:00:00+09:00,1006.0,1006.0,1006.0,1006.0,0,0.0,0.0,0.0
2024-08-22 00:00:00+09:00,1006.0,1006.0,1006.0,1006.0,0,0.0,0.0,0.0
2024-08-23 00:00:00+09:00,1006.0,1006.0,1006.0,1006.0,0,0.0,0.0,0.0
2024-08-26 00:00:00+09:00,1006.0,1006.0,1006.0,1006.0,0,0.0,0.0,0.0
2024-08-27 00:00:00+09:00,1006.0,1006.0,1006.0,1006.0,0,0.0,0.0,0.0
2024-08-28 00:00:00+09:00,1006.0,1006.0,1006.0,1006.0,0,0.0,0.0,0.0
2024-08-29 00:00:00+09:00,1006.0,1006.0,1006.0,1006.0,0,0.0,0.0,0.0
2024-08-30 00:00:00+09:00,1006.0,1006.0,1006.0,1006.0,0,0.0,0.0,0.0
2024-09-02 00:00:00+09:00,1006.0,1006.0,1006.0,1006.0,0,0.0,0.0,0.0
2024-09-03 00:00:00+09:00,1006.0,1006.0,1006.0,1006.0,0,0.0,0.0,0.0
2024-09-04 00:00:00+09:00,1006.0,1006.0,1006.0,1006.0,0,0.0,0.0,0.0
2024-09-05 00:00:00+09:00,1006.0,1006.0,1006.0,1006.0,0,0.0,0.0,0.0
2024-09-06 00:00:00+09:00,1006.0,1006.0,1006.0,1006.0,0,0.0,0.0,0.0
2024-09-09 00:00:00+09:00,1006.0,1006.0,1006.0,1006.0,0,0.0,0.0,0.0
2024-09-10 00:00:00+09:00,1006.0,1006.0,1006.0,1006.0,0,0.0,0.0,0.0
2024-09-11 00:00:00+09:00,1006.0,1006.0,1006.0,1006.0,0,0.0,0.0,0.0
2024-09-12 00:00:00+09:00,1006.0,1006.0,1006.0,1006.0,0,0.0,0.0,0.0
2024-09-13 00:00:00+09:00,1006.0,1006.0,1006.0,1006.0,0,0.0,0.0,0.0
2024-09-19 00:00:00+09:00,1006.0,1006.0,1006.0,1006.0,0,0.0,0.0,0.0
2024-09-20 00:00:00+09:00,1006.0,1006.0,1006.0,1006.0,0,0.0,0.0,0.0
2024-09-23 00:00:00+09:00,30180.00390625,30180.00390625,30180.00390625,30180.00390625,0,0.0,0.0,0.0
2024-09-24 00:00:00+09:00,30180.00390625,30180.00390625,30180.00390625,30180.00390625,0,0.0,0.0,0.0
2024-09-25 00:00:00+09:00,30180.00390625,30180.00390625,30180.00390625,30180.00390625,0,0.0,0.0,0.0
2024-09-26 00:00:00+09:00,30180.00390625,30180.00390625,30180.00390625,30180.00390625,0,0.0,0.0,0.0
2024-09-27 00:00:00+09:00,30180.00390625,30180.00390625,30180.00390625,30180.00390625,0,0.0,0.0,0.0
2024-09-30 00:00:00+09:00,30180.00390625,30180.00390625,30180.00390625,30180.00390625,0,0.0,0.033333,0.0
2024-10-02 00:00:00+09:00,30180.00390625,30180.00390625,30180.00390625,30180.00390625,0,0.0,0.0,0.0
2024-10-04 00:00:00+09:00,30180.00390625,30180.00390625,30180.00390625,30180.00390625,0,0.0,0.0,0.0
2024-10-07 00:00:00+09:00,30180.00390625,30180.00390625,30180.00390625,30180.00390625,0,0.0,0.0,0.0
2024-10-08 00:00:00+09:00,30180.00390625,30180.00390625,30180.00390625,30180.00390625,0,0.0,0.0,0.0
2024-10-10 00:00:00+09:00,30180.00390625,30180.00390625,30180.00390625,30180.00390625,0,0.0,0.0,0.0
2024-10-11 00:00:00+09:00,30180.00390625,30180.00390625,30180.00390625,30180.00390625,0,0.0,0.0,0.0
2024-10-14 00:00:00+09:00,30180.00390625,30180.00390625,30180.00390625,30180.00390625,0,0.0,0.0,0.0
2024-10-15 00:00:00+09:00,30180.00390625,30180.00390625,30180.00390625,30180.00390625,0,0.0,0.0,0.0
2024-10-16 00:00:00+09:00,30180.00390625,30180.00390625,30180.00390625,30180.00390625,0,0.0,0.0,0.0
2024-10-17 00:00:00+09:00,30180.00390625,30180.00390625,30180.00390625,30180.00390625,0,0.0,0.0,0.0
2024-10-18 00:00:00+09:00,30180.00390625,30180.00390625,30180.00390625,30180.00390625,0,0.0,0.0,0.0
2024-10-21 00:00:00+09:00,30180.00390625,30180.00390625,30180.00390625,30180.00390625,0,0.0,0.0,0.0
2024-10-22 00:00:00+09:00,30180.00390625,30180.00390625,30180.00390625,30180.00390625,0,0.0,0.0,0.0
2024-10-23 00:00:00+09:00,30180.00390625,30180.00390625,30180.00390625,30180.00390625,0,0.0,0.0,0.0
2024-10-24 00:00:00+09:00,30180.00390625,30180.00390625,30180.00390625,30180.00390625,0,0.0,0.0,0.0
2024-10-25 00:00:00+09:00,30180.00390625,30180.00390625,30180.00390625,30180.00390625,0,0.0,0.0,0.0
2024-10-28 00:00:00+09:00,30180.00390625,30180.00390625,30180.00390625,30180.00390625,0,0.0,0.0,0.0
2024-10-29 00:00:00+09:00,30180.00390625,30180.00390625,30180.00390625,30180.00390625,0,0.0,0.0,0.0
2024-10-30 00:00:00+09:00,30180.00390625,30180.00390625,30180.00390625,30180.00390625,0,0.0,0.0,0.0
2024-10-31 00:00:00+09:00,30180.00390625,30180.00390625,30180.00390625,30180.00390625,0,0.0,0.0,0.0
2024-11-01 00:00:00+09:00,30180.00390625,30180.00390625,30180.00390625,30180.00390625,0,0.0,0.0,0.0
2024-11-04 00:00:00+09:00,30180.00390625,30180.00390625,30180.00390625,30180.00390625,0,0.0,0.0,0.0
2024-11-05 00:00:00+09:00,30180.00390625,30180.00390625,30180.00390625,30180.00390625,0,0.0,0.0,0.0
2024-11-06 00:00:00+09:00,30180.00390625,30180.00390625,30180.00390625,30180.00390625,0,0.0,0.0,0.0
2024-11-07 00:00:00+09:00,30180.00390625,30180.00390625,30180.00390625,30180.00390625,0,0.0,0.0,0.0
2024-11-08 00:00:00+09:00,30180.00390625,30180.00390625,30180.00390625,30180.00390625,0,0.0,0.0,0.0
2024-11-11 00:00:00+09:00,30180.00390625,30180.00390625,30180.00390625,30180.00390625,0,0.0,0.0,0.0
2024-11-12 00:00:00+09:00,30180.00390625,30180.00390625,30180.00390625,30180.00390625,0,0.0,0.0,0.0
2024-11-13 00:00:00+09:00,30180.00390625,30180.00390625,30180.00390625,30180.00390625,0,0.0,0.0,0.0
2024-11-14 00:00:00+09:00,30180.00390625,30180.00390625,30180.00390625,30180.00390625,0,0.0,0.0,0.0
2024-11-15 00:00:00+09:00,30180.00390625,30180.00390625,30180.00390625,30180.00390625,0,0.0,0.0,0.0
2024-11-18 00:00:00+09:00,30180.00390625,30180.00390625,30180.00390625,30180.00390625,0,0.0,0.0,0.0
2024-11-19 00:00:00+09:00,30180.00390625,30180.00390625,30180.00390625,30180.00390625,0,0.0,0.0,0.0
2024-11-20 00:00:00+09:00,30180.00390625,30180.00390625,30180.00390625,30180.00390625,0,0.0,0.0,0.0
2024-11-21 00:00:00+09:00,30180.00390625,30180.00390625,30180.00390625,30180.00390625,0,0.0,0.0,0.0
2024-11-22 00:00:00+09:00,30180.00390625,30180.00390625,30180.00390625,30180.00390625,0,0.0,0.0,0.0
2024-11-25 00:00:00+09:00,30180.00390625,30180.00390625,30180.00390625,30180.00390625,0,0.0,0.0,0.0
2024-11-26 00:00:00+09:00,30180.00390625,30180.00390625,30180.00390625,30180.00390625,0,0.0,0.0,0.0
2024-11-27 00:00:00+09:00,30180.00390625,30180.00390625,30180.00390625,30180.00390625,0,0.0,0.0,0.0
2024-11-28 00:00:00+09:00,30180.00390625,30180.00390625,30180.00390625,30180.00390625,0,0.0,0.0,0.0
2024-11-29 00:00:00+09:00,30180.00390625,30180.00390625,30180.00390625,30180.00390625,0,0.0,0.0,0.0
2024-12-02 00:00:00+09:00,30180.00390625,30180.00390625,30180.00390625,30180.00390625,0,0.0,0.0,0.0
2024-12-03 00:00:00+09:00,30180.00390625,30180.00390625,30180.00390625,30180.00390625,0,0.0,0.0,0.0
2024-12-04 00:00:00+09:00,30180.00390625,30180.00390625,30180.00390625,30180.00390625,0,0.0,0.0,0.0
2024-12-05 00:00:00+09:00,30180.00390625,30180.00390625,30180.00390625,30180.00390625,0,0.0,0.0,0.0
2024-12-06 00:00:00+09:00,30180.00390625,30180.00390625,30180.00390625,30180.00390625,0,0.0,0.0,0.0
2024-12-09 00:00:00+09:00,30180.00390625,30180.00390625,30180.00390625,30180.00390625,0,0.0,0.0,0.0
2024-12-10 00:00:00+09:00,30180.00390625,30180.00390625,30180.00390625,30180.00390625,0,0.0,0.0,0.0
2024-12-11 00:00:00+09:00,30180.00390625,30180.00390625,30180.00390625,30180.00390625,0,0.0,0.0,0.0
2024-12-12 00:00:00+09:00,30180.00390625,30180.00390625,30180.00390625,30180.00390625,0,0.0,0.0,0.0
2024-12-13 00:00:00+09:00,30180.00390625,30180.00390625,30180.00390625,30180.00390625,0,0.0,0.0,0.0
2024-12-16 00:00:00+09:00,30180.00390625,30180.00390625,30180.00390625,30180.00390625,0,0.0,0.0,0.0
2024-12-17 00:00:00+09:00,30180.00390625,30180.00390625,30180.00390625,30180.00390625,0,0.0,0.0,0.0
2024-12-18 00:00:00+09:00,30180.00390625,30180.00390625,30180.00390625,30180.00390625,0,0.0,0.0,0.0
2024-12-19 00:00:00+09:00,30180.00390625,30180.00390625,30180.00390625,30180.00390625,0,0.0,0.0,0.0
2024-12-20 00:00:00+09:00,30180.00390625,30180.00390625,30180.00390625,30180.00390625,0,0.0,0.0,0.0
2024-12-23 00:00:00+09:00,30180.00390625,30180.00390625,30180.00390625,30180.00390625,0,0.0,0.0,0.0
2024-12-24 00:00:00+09:00,30180.00390625,30180.00390625,30180.00390625,30180.00390625,0,0.0,0.0,0.0
2024-12-26 00:00:00+09:00,30180.00390625,30180.00390625,30180.00390625,30180.00390625,0,0.0,0.0,0.0
2024-12-27 00:00:00+09:00,30180.00390625,30180.00390625,30180.00390625,30180.00390625,0,0.0,0.0,0.0
2024-12-30 00:00:00+09:00,30180.00390625,30180.00390625,30180.00390625,30180.00390625,0,0.0,0.0,0.0
2025-01-02 00:00:00+09:00,30180.00390625,30180.00390625,30180.00390625,30180.00390625,0,0.0,0.0,0.0
2025-01-03 00:00:00+09:00,30180.00390625,30180.00390625,30180.00390625,30180.00390625,0,0.0,0.0,0.0
2025-01-06 00:00:00+09:00,30180.00390625,30180.00390625,30180.00390625,30180.00390625,0,0.0,0.0,0.0
2025-01-07 00:00:00+09:00,30180.00390625,30180.00390625,30180.00390625,30180.00390625,0,0.0,0.0,0.0
2025-01-08 00:00:00+09:00,30180.00390625,30180.00390625,30180.00390625,30180.00390625,0,0.0,0.0,0.0
2025-01-09 00:00:00+09:00,30180.00390625,30180.00390625,30180.00390625,30180.00390625,0,0.0,0.0,0.0
2025-01-10 00:00:00+09:00,30180.00390625,30180.00390625,30180.00390625,30180.00390625,0,0.0,0.0,0.0
2025-01-13 00:00:00+09:00,30180.00390625,30180.00390625,30180.00390625,30180.00390625,0,0.0,0.0,0.0
2025-01-14 00:00:00+09:00,30180.00390625,30180.00390625,30180.00390625,30180.00390625,0,0.0,0.0,0.0
2025-01-15 00:00:00+09:00,30180.00390625,30180.00390625,30180.00390625,30180.00390625,0,0.0,0.0,0.0
2025-01-16 00:00:00+09:00,30180.00390625,30180.00390625,30180.00390625,30180.00390625,0,0.0,0.0,0.0
2025-01-17 00:00:00+09:00,30180.00390625,30180.00390625,30180.00390625,30180.00390625,0,0.0,0.0,0.0
2025-01-20 00:00:00+09:00,30180.00390625,30180.00390625,30180.00390625,30180.00390625,0,0.0,0.0,0.0
2025-01-21 00:00:00+09:00,30180.00390625,30180.00390625,30180.00390625,30180.00390625,0,0.0,0.0,0.0
2025-01-22 00:00:00+09:00,30180.00390625,30180.00390625,30180.00390625,30180.00390625,0,0.0,0.0,0.0
2025-01-23 00:00:00+09:00,30180.00390625,30180.00390625,30180.00390625,30180.00390625,0,0.0,0.0,0.0
2025-01-24 00:00:00+09:00,30180.00390625,30180.00390625,30180.00390625,30180.00390625,0,0.0,0.0,0.0
2025-01-31 00:00:00+09:00,30180.00390625,30180.00390625,30180.00390625,30180.00390625,0,0.0,0.0,0.0
2025-02-03 00:00:00+09:00,30180.00390625,30180.00390625,30180.00390625,30180.00390625,0,0.0,0.0,0.0
2025-02-04 00:00:00+09:00,30180.00390625,30180.00390625,30180.00390625,30180.00390625,0,0.0,0.0,0.0
2025-02-05 00:00:00+09:00,30180.00390625,30180.00390625,30180.00390625,30180.00390625,0,0.0,0.0,0.0
2025-02-06 00:00:00+09:00,30180.00390625,30180.00390625,30180.00390625,30180.00390625,0,0.0,0.0,0.0
2025-02-07 00:00:00+09:00,30180.00390625,30180.00390625,30180.00390625,30180.00390625,0,0.0,0.0,0.0
2025-02-10 00:00:00+09:00,30180.00390625,30180.00390625,30180.00390625,30180.00390625,0,0.0,0.0,0.0
2025-02-11 00:00:00+09:00,30180.00390625,30180.00390625,30180.00390625,30180.00390625,0,0.0,0.0,0.0
2025-02-12 00:00:00+09:00,30180.00390625,30180.00390625,30180.00390625,30180.00390625,0,0.0,0.0,0.0
2025-02-13 00:00:00+09:00,30180.00390625,30180.00390625,30180.00390625,30180.00390625,0,0.0,0.0,0.0
2025-02-14 00:00:00+09:00,30180.00390625,30180.00390625,30180.00390625,30180.00390625,0,0.0,0.0,0.0
2025-02-17 00:00:00+09:00,30180.00390625,30180.00390625,30180.00390625,30180.00390625,0,0.0,0.0,0.0
2025-02-18 00:00:00+09:00,30180.00390625,30180.00390625,30180.00390625,30180.00390625,0,0.0,0.0,0.0
2025-02-19 00:00:00+09:00,30180.00390625,30180.00390625,30180.00390625,30180.00390625,0,0.0,0.0,0.0
2025-02-20 00:00:00+09:00,30180.00390625,30180.00390625,30180.00390625,30180.00390625,0,0.0,0.0,0.0
2025-02-24 00:00:00+09:00,30180.00390625,30180.00390625,30180.00390625,30180.00390625,0,0.0,0.0,0.0
2025-02-25 00:00:00+09:00,30180.00390625,30180.00390625,30180.00390625,30180.00390625,0,0.0,0.0,0.0
2025-02-26 00:00:00+09:00,30180.00390625,30180.00390625,30180.00390625,30180.00390625,0,0.0,0.0,0.0
2025-02-27 00:00:00+09:00,30180.00390625,30180.00390625,30180.00390625,30180.00390625,0,0.0,0.0,0.0
2025-02-28 00:00:00+09:00,30180.00390625,30180.00390625,30180.00390625,30180.00390625,0,0.0,0.0,0.0
2025-03-04 00:00:00+09:00,30180.00390625,30180.00390625,30180.00390625,30180.00390625,0,0.0,0.0,0.0
2025-03-05 00:00:00+09:00,30180.00390625,30180.00390625,30180.00390625,30180.00390625,0,0.0,0.0,0.0
2025-03-06 00:00:00+09:00,30180.00390625,30180.00390625,30180.00390625,30180.00390625,0,0.0,0.0,0.0
2025-03-07 00:00:00+09:00,30180.00390625,30180.00390625,30180.00390625,30180.00390625,0,0.0,0.0,0.0
2025-03-10 00:00:00+09:00,30180.00390625,30180.00390625,30180.00390625,30180.00390625,0,0.0,0.0,0.0
2025-03-11 00:00:00+09:00,30180.00390625,30180.00390625,30180.00390625,30180.00390625,0,0.0,0.0,0.0
2025-03-12 00:00:00+09:00,30180.00390625,30180.00390625,30180.00390625,30180.00390625,0,0.0,0.0,0.0
2025-03-13 00:00:00+09:00,30180.00390625,30180.00390625,30180.00390625,30180.00390625,0,0.0,0.0,0.0
2025-03-14 00:00:00+09:00,30180.00390625,30180.00390625,30180.00390625,30180.00390625,0,0.0,0.0,0.0
2025-03-17 00:00:00+09:00,30180.00390625,30180.00390625,30180.00390625,30180.00390625,0,0.0,0.0,0.0
2025-03-18 00:00:00+09:00,30180.00390625,30180.00390625,30180.00390625,30180.00390625,0,0.0,0.0,0.0
2025-03-19 00:00:00+09:00,30180.00390625,30180.00390625,30180.00390625,30180.00390625,0,0.0,0.0,0.0
2025-03-20 00:00:00+09:00,30180.00390625,30180.00390625,30180.00390625,30180.00390625,0,0.0,0.0,0.0
2025-03-21 00:00:00+09:00,30180.00390625,30180.00390625,30180.00390625,30180.00390625,0,0.0,0.0,0.0
2025-03-24 00:00:00+09:00,30180.00390625,30180.00390625,30180.00390625,30180.00390625,0,0.0,0.0,0.0
2025-03-25 00:00:00+09:00,30180.00390625,30180.00390625,30180.00390625,30180.00390625,0,0.0,0.0,0.0
2025-03-26 00:00:00+09:00,30180.00390625,30180.00390625,30180.00390625,30180.00390625,0,0.0,0.0,0.0
2025-03-27 00:00:00+09:00,30180.00390625,30180.00390625,30180.00390625,30180.00390625,0,0.0,0.0,0.0
2025-03-28 00:00:00+09:00,30180.00390625,30180.00390625,30180.00390625,30180.00390625,0,0.0,0.0,0.0
2025-03-31 00:00:00+09:00,30180.00390625,30180.00390625,30180.00390625,30180.00390625,0,0.0,0.0,0.0
2025-04-01 00:00:00+09:00,30180.00390625,30180.00390625,30180.00390625,30180.00390625,0,0.0,0.0,0.0
2025-04-02 00:00:00+09:00,30180.00390625,30180.00390625,30180.00390625,30180.00390625,0,0.0,0.0,0.0
2025-04-03 00:00:00+09:00,30180.00390625,30180.00390625,30180.00390625,30180.00390625,0,0.0,0.0,0.0
2025-04-04 00:00:00+09:00,30180.00390625,30180.00390625,30180.00390625,30180.00390625,0,0.0,0.0,0.0
2025-04-07 00:00:00+09:00,30180.00390625,30180.00390625,30180.00390625,30180.00390625,0,0.0,0.0,0.0
2025-04-08 00:00:00+09:00,30180.00390625,30180.00390625,30180.00390625,30180.00390625,0,0.0,0.0,0.0
2025-04-09 00:00:00+09:00,30180.00390625,30180.00390625,30180.00390625,30180.00390625,0,0.0,0.0,0.0
2025-04-10 00:00:00+09:00,30180.00390625,30180.00390625,30180.00390625,30180.00390625,0,0.0,0.0,0.0
2025-04-11 00:00:00+09:00,30180.00390625,30180.00390625,30180.00390625,30180.00390625,0,0.0,0.0,0.0
