Date,Open,High,Low,Close,Volume,Dividends,Stock Splits
2002-10-02 00:00:00+09:00,684.8603325905899,686.1286079474456,634.1299221021916,640.4712524414062,15000,0.0,0.0
2002-10-03 00:00:00+09:00,668.3728428792491,683.5919591986632,646.8124435750982,682.32373046875,12000,0.0,0.0
2002-10-04 00:00:00+09:00,677.2507676226004,684.8603268093713,672.1777126830655,678.51904296875,9600,0.0,0.0
2002-10-07 00:00:00+09:00,677.2507024274553,678.5189776515151,665.8363647460938,665.8363647460938,22200,0.0,0.0
2002-10-08 00:00:00+09:00,665.8364941260058,665.8364941260058,635.3982543945312,635.3982543945312,10800,0.0,0.0
2002-10-09 00:00:00+09:00,639.202975954705,664.5681579315373,636.666471690541,648.080810546875,6000,0.0,0.0
2002-10-10 00:00:00+09:00,635.3982939951796,635.3982939951796,615.106117427815,621.4474487304688,12000,0.0,0.0
2002-10-11 00:00:00+09:00,602.4235466960864,608.7648315429688,602.4235466960864,608.7648315429688,8400,0.0,0.0
2002-10-14 00:00:00+09:00,608.7648315429688,608.7648315429688,608.7648315429688,608.7648315429688,0,0.0,0.0
2002-10-15 00:00:00+09:00,608.7648661425159,608.7648661425159,597.3505249023438,597.3505249023438,1800,0.0,0.0
2002-10-16 00:00:00+09:00,599.8869018554688,602.4234525538852,598.618672951324,599.8869018554688,10800,0.0,0.0
2002-10-17 00:00:00+09:00,598.61865234375,599.8868812042357,598.61865234375,598.61865234375,3000,0.0,0.0
2002-10-18 00:00:00+09:00,601.1552419602497,608.764801985063,599.8869664744246,604.9600219726562,8400,0.0,0.0
2002-10-21 00:00:00+09:00,611.301176907465,637.9346313476562,611.301176907465,637.9346313476562,5400,0.0,0.0
2002-10-22 00:00:00+09:00,640.4712524414062,640.4712524414062,636.666472815903,640.4712524414062,14400,0.0,0.0
2002-10-23 00:00:00+09:00,637.9347017276949,640.4712524414062,636.666472815903,640.4712524414062,19800,0.0,0.0
2002-10-24 00:00:00+09:00,640.4712783378238,640.4712783378238,637.9347275215512,639.2030029296875,15000,0.0,0.0
2002-10-25 00:00:00+09:00,644.2760009765625,644.2760009765625,641.7394503852556,644.2760009765625,6600,0.0,0.0
2002-10-28 00:00:00+09:00,644.2759924962992,684.8602905273438,644.2759924962992,684.8602905273438,8400,0.0,0.0
2002-10-29 00:00:00+09:00,686.1285658063035,686.1285658063035,684.8602905273438,684.8602905273438,14400,0.0,0.0
2002-10-30 00:00:00+09:00,684.8602905273438,684.8602905273438,684.8602905273438,684.8602905273438,15600,0.0,0.0
2002-10-31 00:00:00+09:00,684.8603541179787,697.54296875,678.5190700245006,697.54296875,40200,0.0,0.0
2002-11-01 00:00:00+09:00,688.6650470456283,697.5428808133541,632.8616333007812,632.8616333007812,16200,0.0,0.0
2002-11-04 00:00:00+09:00,632.8616333007812,632.8616333007812,632.8616333007812,632.8616333007812,0,0.0,0.0
2002-11-05 00:00:00+09:00,645.544343097787,645.544343097787,641.7395629882812,641.7395629882812,3000,0.0,0.0
2002-11-06 00:00:00+09:00,641.7394761183338,643.0077514648438,641.7394761183338,643.0077514648438,2400,0.0,0.0
2002-11-07 00:00:00+09:00,641.7394415920302,641.7394415920302,634.1298828125,634.1298828125,4200,0.0,0.0
2002-11-08 00:00:00+09:00,632.8616539792855,634.1298828125,627.7885993112451,634.1298828125,3000,0.0,0.0
2002-11-11 00:00:00+09:00,634.1298828125,634.1298828125,634.1298828125,634.1298828125,1800,0.0,0.0
2002-11-12 00:00:00+09:00,634.1298828125,634.1298828125,634.1298828125,634.1298828125,3000,0.0,0.0
2002-11-13 00:00:00+09:00,621.4474487304688,621.4474487304688,621.4474487304688,621.4474487304688,600,0.0,0.0
2002-11-14 00:00:00+09:00,615.1060202657137,615.1060202657137,599.8869018554688,599.8869018554688,4200,0.0,0.0
2002-11-15 00:00:00+09:00,587.204345703125,587.204345703125,587.204345703125,587.204345703125,600,0.0,0.0
2002-11-18 00:00:00+09:00,584.667724609375,584.667724609375,584.667724609375,584.667724609375,600,0.0,0.0
2002-11-19 00:00:00+09:00,570.7169153585792,571.9851906521743,558.0343017578125,558.0343017578125,3000,0.0,0.0
2002-11-20 00:00:00+09:00,545.3517686721735,546.619997599938,518.7183109582196,531.40087890625,7200,0.0,0.0
2002-11-21 00:00:00+09:00,525.0596313476562,531.4009157614702,519.9865759495646,525.0596313476562,9600,0.0,0.0
2002-11-22 00:00:00+09:00,525.0594170563412,525.0594170563412,519.9863637287034,521.254638671875,9000,0.0,0.0
2002-11-25 00:00:00+09:00,559.302490234375,559.302490234375,559.302490234375,559.302490234375,1800,0.0,0.0
2002-11-26 00:00:00+09:00,546.6200561523438,559.3026719039648,546.6200561523438,546.6200561523438,2400,0.0,0.0
2002-11-27 00:00:00+09:00,545.3518428492122,545.3518428492122,522.5231617035951,526.3279418945312,4200,0.0,0.0
2002-11-28 00:00:00+09:00,532.669189453125,532.669189453125,532.669189453125,532.669189453125,600,0.0,0.0
2002-11-29 00:00:00+09:00,540.2788944639009,551.6932373046875,539.0106186665646,551.6932373046875,6600,0.0,0.0
2002-12-02 00:00:00+09:00,551.6932373046875,551.6932373046875,551.6932373046875,551.6932373046875,0,0.0,0.0
2002-12-03 00:00:00+09:00,571.9853165884614,571.9853165884614,570.717041015625,570.717041015625,3000,0.0,0.0
2002-12-04 00:00:00+09:00,570.7170434900232,570.7170434900232,558.0344270418876,563.1074829101562,3000,0.0,0.0
2002-12-05 00:00:00+09:00,551.693113846884,551.693113846884,539.010498046875,539.010498046875,1200,0.0,0.0
2002-12-06 00:00:00+09:00,546.6201289609315,546.6201289609315,541.547119140625,541.547119140625,4200,0.0,0.0
2002-12-09 00:00:00+09:00,545.3517404595339,547.8882446289062,545.3517404595339,547.8882446289062,1200,0.0,0.0
2002-12-10 00:00:00+09:00,541.547119140625,547.888404638546,539.0105677853962,541.547119140625,5400,0.0,0.0
2002-12-11 00:00:00+09:00,540.2787530207004,540.2787530207004,537.7422485351562,537.7422485351562,12600,0.0,0.0
2002-12-12 00:00:00+09:00,563.1075208970717,563.1075208970717,544.0836181640625,544.0836181640625,3000,0.0,0.0
2002-12-13 00:00:00+09:00,545.3516499505764,564.3755441762355,545.3516499505764,559.302490234375,4200,0.0,0.0
2002-12-16 00:00:00+09:00,558.0345234012091,558.0345234012091,551.6932373046875,551.6932373046875,1800,0.0,0.0
2002-12-17 00:00:00+09:00,539.010498046875,539.010498046875,539.010498046875,539.010498046875,600,0.0,0.0
2002-12-18 00:00:00+09:00,535.205658579672,535.205658579672,528.8643746056567,531.40087890625,4200,0.0,0.0
2002-12-19 00:00:00+09:00,528.8643430582019,542.815185546875,528.8643430582019,542.815185546875,7800,0.0,0.0
2002-12-20 00:00:00+09:00,545.3518291694143,545.3518291694143,539.010498046875,539.010498046875,1200,0.0,0.0
2002-12-23 00:00:00+09:00,539.010498046875,539.010498046875,539.010498046875,539.010498046875,0,0.0,0.0
2002-12-24 00:00:00+09:00,539.010498046875,551.693113846884,539.010498046875,539.010498046875,3000,0.0,0.0
2002-12-25 00:00:00+09:00,558.0343516437275,558.0343516437275,507.3039855957031,507.3039855957031,13200,0.0,0.0
2002-12-26 00:00:00+09:00,558.0341475733658,558.0341475733658,521.254638671875,521.254638671875,3000,0.0,0.0
2002-12-27 00:00:00+09:00,532.669226731068,532.669226731068,526.3279418945312,526.3279418945312,1800,0.0,0.0
2002-12-30 00:00:00+09:00,526.3279418945312,526.3279418945312,526.3279418945312,526.3279418945312,0,0.0,0.0
2002-12-31 00:00:00+09:00,526.3279418945312,526.3279418945312,526.3279418945312,526.3279418945312,0,0.0,0.0
2003-01-01 00:00:00+09:00,526.3279418945312,526.3279418945312,526.3279418945312,526.3279418945312,0,0.0,0.0
2003-01-02 00:00:00+09:00,526.3279418945312,526.3279418945312,526.3279418945312,526.3279418945312,0,0.0,0.0
2003-01-03 00:00:00+09:00,526.3279418945312,526.3279418945312,526.3279418945312,526.3279418945312,0,0.0,0.0
2003-01-06 00:00:00+09:00,532.6691857167518,532.6691857167518,527.5961303710938,527.5961303710938,1200,0.0,0.0
2003-01-07 00:00:00+09:00,533.9373962949356,558.0343017578125,532.6691210013406,558.0343017578125,3600,0.0,0.0
2003-01-08 00:00:00+09:00,561.8391410573156,570.7169761682889,561.8391410573156,565.6439208984375,5400,0.0,0.0
2003-01-09 00:00:00+09:00,566.9120483398438,566.9120483398438,566.9120483398438,566.9120483398438,5400,0.0,0.0
2003-01-10 00:00:00+09:00,570.7170961286722,573.2536010742188,566.9123154878145,573.2536010742188,3600,0.0,0.0
2003-01-13 00:00:00+09:00,573.2536010742188,573.2536010742188,573.2536010742188,573.2536010742188,0,0.0,0.0
2003-01-14 00:00:00+09:00,585.9361503601074,608.7648315429688,583.3996457103686,608.7648315429688,5400,0.0,0.0
2003-01-15 00:00:00+09:00,608.765079807105,618.9111489888602,596.0824584960938,596.0824584960938,4200,0.0,0.0
2003-01-16 00:00:00+09:00,597.3505249023438,597.3505249023438,597.3505249023438,597.3505249023438,0,0.0,0.0
2003-01-17 00:00:00+09:00,596.0824584960938,596.0824584960938,596.0824584960938,596.0824584960938,600,0.0,0.0
2003-01-20 00:00:00+09:00,597.3505249023438,597.3505249023438,597.3505249023438,597.3505249023438,1200,0.0,0.0
2003-01-21 00:00:00+09:00,597.3505249023438,597.3505249023438,597.3505249023438,597.3505249023438,3000,0.0,0.0
2003-01-22 00:00:00+09:00,597.3505249023438,597.3505249023438,597.3505249023438,597.3505249023438,1200,0.0,0.0
2003-01-23 00:00:00+09:00,597.3505249023438,597.3505249023438,597.3505249023438,597.3505249023438,15600,0.0,0.0
2003-01-24 00:00:00+09:00,597.3505249023438,597.3505249023438,597.3505249023438,597.3505249023438,1800,0.0,0.0
2003-01-27 00:00:00+09:00,608.7647458685046,608.7647458685046,602.4234619140625,602.4234619140625,2400,0.0,0.0
2003-01-28 00:00:00+09:00,602.4234619140625,602.4234619140625,602.4234619140625,602.4234619140625,1800,0.0,0.0
2003-01-29 00:00:00+09:00,608.7648661425159,608.7648661425159,597.3505249023438,597.3505249023438,5400,0.0,0.0
2003-01-30 00:00:00+09:00,563.1073564871315,569.448640064984,550.4247428863648,558.0343017578125,6600,0.0,0.0
2003-01-31 00:00:00+09:00,551.6930181799598,558.0343017578125,551.6930181799598,558.0343017578125,6600,0.0,0.0
2003-02-03 00:00:00+09:00,570.717041015625,570.717041015625,570.717041015625,570.717041015625,600,0.0,0.0
2003-02-04 00:00:00+09:00,571.9851684570312,582.131231076903,571.9851684570312,571.9851684570312,3000,0.0,0.0
2003-02-05 00:00:00+09:00,573.2533872820233,577.0581665039062,573.2533872820233,577.0581665039062,1800,0.0,0.0
2003-02-06 00:00:00+09:00,574.521701858608,583.3995361328125,574.521701858608,583.3995361328125,2400,0.0,0.0
2003-02-07 00:00:00+09:00,583.3994961704173,583.3994961704173,577.0581665039062,577.0581665039062,2400,0.0,0.0
2003-02-10 00:00:00+09:00,577.0581665039062,577.0581665039062,577.0581665039062,577.0581665039062,1200,0.0,0.0
2003-02-11 00:00:00+09:00,577.0581665039062,577.0581665039062,577.0581665039062,577.0581665039062,0,0.0,0.0
2003-02-12 00:00:00+09:00,570.717041015625,570.717041015625,552.9614152212739,570.717041015625,4800,0.0,0.0
2003-02-13 00:00:00+09:00,570.7170442228734,575.7901000976562,570.7170442228734,575.7901000976562,7200,0.0,0.0
2003-02-14 00:00:00+09:00,575.790096861899,583.3996574087739,570.717041015625,570.717041015625,6000,0.0,0.0
2003-02-17 00:00:00+09:00,571.9851018664991,582.1311633051658,559.302490234375,559.302490234375,3600,0.0,0.0
2003-02-18 00:00:00+09:00,560.5707657416646,568.1803234375013,560.5707657416646,566.9120483398438,3600,0.0,0.0
2003-02-19 00:00:00+09:00,566.9120483398438,566.9120483398438,566.9120483398438,566.9120483398438,600,0.0,0.0
2003-02-20 00:00:00+09:00,560.5709191029968,560.5709191029968,533.93745988117,555.4978637695312,6600,0.0,0.0
2003-02-21 00:00:00+09:00,573.253419500708,573.253419500708,547.888238744236,558.0343017578125,4200,0.0,0.0
2003-02-24 00:00:00+09:00,561.8391813823595,565.643961496563,561.8391813823595,564.375732421875,2400,0.0,0.0
2003-02-25 00:00:00+09:00,567.6998954619337,572.814324542515,567.6998954619337,571.5357055664062,4200,6.0,0.0
2003-02-26 00:00:00+09:00,568.9786799623021,568.9786799623021,556.192626953125,556.192626953125,10200,0.0,0.0
2003-02-27 00:00:00+09:00,552.3566685267857,552.3566685267857,537.013427734375,537.013427734375,5400,0.0,0.0
2003-02-28 00:00:00+09:00,537.0135391532763,537.0135391532763,530.6205364379779,531.8991088867188,6000,0.0,0.0
2003-03-03 00:00:00+09:00,531.8990557193754,531.8990557193754,530.6204833984375,530.6204833984375,1800,0.0,0.0
2003-03-04 00:00:00+09:00,517.8344324220387,530.6204833984375,511.4414303457694,530.6204833984375,3000,0.0,0.0
2003-03-05 00:00:00+09:00,521.6702726116312,522.9488918289276,512.7200317382812,512.7200317382812,4200,0.0,0.0
2003-03-06 00:00:00+09:00,511.4414593448475,515.2772701728742,511.4414593448475,512.7200317382812,7800,0.0,0.0
2003-03-07 00:00:00+09:00,511.4414978027343,511.4414978027343,511.4414978027343,511.4414978027344,600,0.0,0.0
2003-03-10 00:00:00+09:00,502.49117193869307,503.769791037584,490.98374052024974,492.2623596191406,2400,0.0,0.0
2003-03-11 00:00:00+09:00,487.1481428979227,505.04858398437494,485.86952324036224,505.048583984375,4800,0.0,0.0
2003-03-12 00:00:00+09:00,503.7699279785156,503.7699279785156,503.7699279785156,503.7699279785156,0,0.0,0.0
2003-03-13 00:00:00+09:00,503.7699279785156,503.7699279785156,503.7699279785156,503.7699279785156,0,0.0,0.0
2003-03-14 00:00:00+09:00,498.65544606438505,498.65544606438505,493.541015625,493.541015625,1800,0.0,0.0
2003-03-17 00:00:00+09:00,493.5410648904876,493.5410648904876,482.03363037109375,482.03363037109375,3000,0.0,0.0
2003-03-18 00:00:00+09:00,475.64050439319493,475.64050439319493,473.08331298828125,473.08331298828125,2400,0.0,0.0
2003-03-19 00:00:00+09:00,459.0186625107224,460.2972816788951,432.16798774612016,447.51123046875,9600,0.0,0.0
2003-03-20 00:00:00+09:00,460.2972717285156,460.2972717285156,460.2972717285156,460.2972717285156,0,0.0,0.0
2003-03-21 00:00:00+09:00,460.2972717285156,460.2972717285156,460.2972717285156,460.2972717285156,0,0.0,0.0
2003-03-24 00:00:00+09:00,460.2972717285156,471.80470352172847,460.2972717285156,460.2972717285156,9000,0.0,0.0
2003-03-25 00:00:00+09:00,465.4117841626436,479.4764099121094,460.297353515625,479.4764099121094,5400,0.0,0.0
2003-03-26 00:00:00+09:00,485.8692932128906,485.8692932128906,485.8692932128906,485.8692932128906,3600,0.0,0.0
2003-03-27 00:00:00+09:00,498.65539550781244,498.65539550781244,492.2623932246405,498.6553955078125,6600,0.0,0.0
2003-03-28 00:00:00+09:00,498.65539550781244,498.65539550781244,498.65539550781244,498.6553955078125,2400,0.0,0.0
2003-03-31 00:00:00+09:00,511.4414978027343,511.4414978027343,505.0484480593888,511.4414978027344,4800,0.0,0.0
2003-04-01 00:00:00+09:00,510.16282771183893,510.16282771183893,485.86934411760706,498.6553955078125,4200,0.0,0.0
2003-04-02 00:00:00+09:00,482.03363037109375,482.03363037109375,482.03363037109375,482.03363037109375,1800,0.0,0.0
2003-04-03 00:00:00+09:00,482.03363037109375,482.03363037109375,482.03363037109375,482.03363037109375,1800,0.0,0.0
2003-04-04 00:00:00+09:00,482.03363037109375,482.03363037109375,482.03363037109375,482.03363037109375,600,0.0,0.0
2003-04-07 00:00:00+09:00,483.31210193231203,496.098151982918,483.31210193231203,485.8692932128906,4200,0.0,0.0
2003-04-08 00:00:00+09:00,485.8692932128906,485.8692932128906,473.08328998614127,485.8692932128906,3600,0.0,0.0
2003-04-09 00:00:00+09:00,485.86931094854435,492.2623596191406,479.47630910180635,492.2623596191406,7800,0.0,0.0
2003-04-10 00:00:00+09:00,492.26234165012187,492.26234165012187,479.47629159951595,485.8692932128906,4800,0.0,0.0
2003-04-11 00:00:00+09:00,485.86952324036224,505.04858398437494,485.86952324036224,505.048583984375,7200,0.0,0.0
2003-04-14 00:00:00+09:00,505.04858398437494,505.04858398437494,498.6555793443303,505.048583984375,6600,0.0,0.0
2003-04-15 00:00:00+09:00,505.04850060110556,505.04850060110556,485.86944302354624,503.7699279785156,5400,0.0,0.0
2003-04-16 00:00:00+09:00,503.76982542866693,503.76982542866693,498.65539550781244,498.6553955078125,3000,0.0,0.0
2003-04-17 00:00:00+09:00,498.65539550781244,498.65539550781244,496.098203959316,498.6553955078125,3600,0.0,0.0
2003-04-18 00:00:00+09:00,498.65539550781244,498.65539550781244,492.2623932246405,498.6553955078125,5400,0.0,0.0
2003-04-21 00:00:00+09:00,498.65539550781244,498.65539550781244,492.2623932246405,498.6553955078125,3600,0.0,0.0
2003-04-22 00:00:00+09:00,498.65539550781244,498.65539550781244,498.65539550781244,498.6553955078125,1800,0.0,0.0
2003-04-23 00:00:00+09:00,498.65539550781244,498.65539550781244,498.65539550781244,498.6553955078125,3000,0.0,0.0
2003-04-24 00:00:00+09:00,498.65539550781244,498.65539550781244,498.65539550781244,498.6553955078125,1200,0.0,0.0
2003-04-25 00:00:00+09:00,498.65539550781244,498.65539550781244,460.2972881610577,498.6553955078125,4800,0.0,0.0
2003-04-28 00:00:00+09:00,497.3767423669877,497.3767423669877,490.98374052024974,492.2623596191406,3600,0.0,0.0
2003-04-29 00:00:00+09:00,492.2623596191406,492.2623596191406,492.2623596191406,492.2623596191406,0,0.0,0.0
2003-04-30 00:00:00+09:00,498.6554451399095,512.7200702923105,498.6554451399095,511.4414978027344,12600,0.0,0.0
2003-05-01 00:00:00+09:00,511.4414978027343,511.4414978027343,511.4414978027343,511.4414978027344,1800,0.0,0.0
2003-05-02 00:00:00+09:00,517.8346557617188,524.2276605952613,511.4416509281761,517.8346557617188,5400,0.0,0.0
2003-05-05 00:00:00+09:00,517.8346557617188,517.8346557617188,517.8346557617188,517.8346557617188,0,0.0,0.0
2003-05-06 00:00:00+09:00,520.3916925252322,520.3916925252322,511.4414978027343,511.4414978027344,5400,0.0,0.0
2003-05-07 00:00:00+09:00,516.5558814087714,516.5558814087714,511.4414978027343,511.4414978027344,4200,0.0,0.0
2003-05-08 00:00:00+09:00,512.7200702923105,512.7200702923105,511.4414978027343,511.4414978027344,1800,0.0,0.0
2003-05-09 00:00:00+09:00,510.1627437315589,510.1627437315589,508.8841247558594,508.8841247558594,3000,0.0,0.0
2003-05-12 00:00:00+09:00,508.8841247558594,508.8841247558594,508.8841247558594,508.8841247558594,3600,0.0,0.0
2003-05-13 00:00:00+09:00,507.60582329949585,507.60582329949585,505.04858398437494,505.048583984375,4200,0.0,0.0
2003-05-14 00:00:00+09:00,505.04858398437494,511.44163544829837,505.04858398437494,505.048583984375,4800,0.0,0.0
2003-05-15 00:00:00+09:00,510.1629028320312,510.1629028320312,498.65546893356435,510.16290283203125,4800,0.0,0.0
2003-05-16 00:00:00+09:00,507.6057394940275,507.6057394940275,498.6554970165428,503.7699279785156,6000,0.0,0.0
2003-05-19 00:00:00+09:00,508.8843121166174,508.8843121166174,498.6554970165428,503.7699279785156,9000,0.0,0.0
2003-05-20 00:00:00+09:00,493.541015625,493.541015625,493.541015625,493.541015625,1200,0.0,0.0
2003-05-21 00:00:00+09:00,497.3766784667969,497.3766784667969,497.3766784667969,497.3766784667969,600,0.0,0.0
2003-05-22 00:00:00+09:00,505.0484489957166,505.0484489957166,493.541015625,493.541015625,1200,0.0,0.0
2003-05-23 00:00:00+09:00,492.26234165012187,492.26234165012187,485.8692932128906,485.8692932128906,2400,0.0,0.0
2003-05-26 00:00:00+09:00,489.7051035456867,492.26234165012187,485.8692932128906,485.8692932128906,8400,0.0,0.0
2003-05-27 00:00:00+09:00,485.8692932128906,485.8692932128906,485.8692932128906,485.8692932128906,1800,0.0,0.0
2003-05-28 00:00:00+09:00,485.8692932128906,492.26234165012187,485.8692932128906,485.8692932128906,7200,0.0,0.0
2003-05-29 00:00:00+09:00,485.8692932128906,485.8692932128906,479.47629159951595,485.8692932128906,13200,0.0,0.0
2003-05-30 00:00:00+09:00,485.8692932128906,485.8692932128906,485.8692932128906,485.8692932128906,10200,0.0,0.0
2003-06-02 00:00:00+09:00,485.8692932128906,485.8692932128906,484.59072098452964,485.8692932128906,12600,0.0,0.0
2003-06-03 00:00:00+09:00,485.8692932128906,485.8692932128906,484.59072098452964,485.8692932128906,8400,0.0,0.0
2003-06-04 00:00:00+09:00,487.1479122651082,487.1479122651082,485.8692932128906,485.8692932128906,10800,0.0,0.0
2003-06-05 00:00:00+09:00,485.8692932128906,485.8692932128906,485.8692932128906,485.8692932128906,9000,0.0,0.0
2003-06-06 00:00:00+09:00,485.86934411760706,498.65539550781244,485.86934411760706,498.6553955078125,9000,0.0,0.0
2003-06-09 00:00:00+09:00,499.9339599609375,501.2125321832762,499.9339599609375,499.9339599609375,3600,0.0,0.0
2003-06-10 00:00:00+09:00,502.4912562563703,511.4414978027343,502.4912562563703,511.4414978027344,9000,0.0,0.0
2003-06-11 00:00:00+09:00,512.7201692377585,524.2276048078618,511.44159650144155,519.1132202148438,7200,0.0,0.0
2003-06-12 00:00:00+09:00,529.341784946104,530.6204038993354,521.6701648744213,524.2273559570312,10800,0.0,0.0
2003-06-13 00:00:00+09:00,530.6204038993354,530.6204038993354,521.6701648744213,524.2273559570312,9000,0.0,0.0
2003-06-16 00:00:00+09:00,530.6204833984375,530.6204833984375,529.3418642536396,530.6204833984375,6600,0.0,0.0
2003-06-17 00:00:00+09:00,537.013427734375,543.4064291232612,537.013427734375,537.013427734375,7200,0.0,0.0
2003-06-18 00:00:00+09:00,549.7997283779414,549.7997283779414,543.4066772460938,543.4066772460938,2400,0.0,0.0
2003-06-19 00:00:00+09:00,540.849215053628,540.849215053628,524.2273559570312,524.2273559570312,3000,0.0,0.0
2003-06-20 00:00:00+09:00,530.6204833984375,530.6204833984375,530.6204833984375,530.6204833984375,600,0.0,0.0
2003-06-23 00:00:00+09:00,530.6204721271611,530.6204721271611,525.5060424804688,525.5060424804688,3000,0.0,0.0
2003-06-24 00:00:00+09:00,524.2276174983036,543.4066772460938,524.2276174983036,543.4066772460938,1800,0.0,0.0
2003-06-25 00:00:00+09:00,542.1281044788253,543.4066772460938,529.3420490390065,543.4066772460938,6000,0.0,0.0
2003-06-26 00:00:00+09:00,543.4066282358497,545.9638671875,543.4066282358497,545.9638671875,3600,0.0,0.0
2003-06-27 00:00:00+09:00,549.7997283779414,549.7997283779414,543.4066772460938,543.4066772460938,5400,0.0,0.0
2003-06-30 00:00:00+09:00,538.2921584258819,538.2921584258819,531.8991088867188,531.8991088867188,1800,0.0,0.0
2003-07-01 00:00:00+09:00,534.4564954278493,549.7997436523438,533.1778758011823,549.7997436523438,4800,0.0,0.0
2003-07-02 00:00:00+09:00,549.7997436523438,556.1927481379239,543.406692342886,549.7997436523438,6600,0.0,0.0
2003-07-03 00:00:00+09:00,556.1927481379239,562.585752623504,549.7997436523438,549.7997436523438,5400,0.0,0.0
2003-07-04 00:00:00+09:00,554.9140630466597,554.9140630466597,545.9638671875,545.9638671875,1800,0.0,0.0
2003-07-07 00:00:00+09:00,542.1280457220971,542.1280457220971,540.8494262695312,540.8494262695312,1200,0.0,0.0
2003-07-08 00:00:00+09:00,543.4066183507917,544.6852378033577,540.8494262695312,540.8494262695312,4800,0.0,0.0
2003-07-09 00:00:00+09:00,544.685311969553,549.7997436523438,542.1281195400966,549.7997436523438,3600,0.0,0.0
2003-07-10 00:00:00+09:00,556.192616507549,556.192616507549,551.0781860351562,551.0781860351562,2400,0.0,0.0
2003-07-11 00:00:00+09:00,549.7994773360023,549.7994773360023,537.013427734375,537.013427734375,4200,0.0,0.0
2003-07-14 00:00:00+09:00,549.7997436523438,549.7997436523438,549.7997436523438,549.7997436523438,1200,0.0,0.0
2003-07-15 00:00:00+09:00,556.1925501227705,556.1925501227705,547.2423095703125,547.2423095703125,3000,0.0,0.0
2003-07-16 00:00:00+09:00,553.6354246832859,553.6354246832859,549.799613534958,551.0781860351562,2400,0.0,0.0
2003-07-17 00:00:00+09:00,551.0780495194665,551.0780495194665,537.013427734375,537.013427734375,3000,0.0,0.0
2003-07-18 00:00:00+09:00,544.6850481305804,549.7994773360023,537.013427734375,537.013427734375,4200,0.0,0.0
2003-07-21 00:00:00+09:00,537.013427734375,537.013427734375,537.013427734375,537.013427734375,0,0.0,0.0
2003-07-22 00:00:00+09:00,556.192616507549,556.192616507549,551.0781860351562,551.0781860351562,4200,0.0,0.0
2003-07-23 00:00:00+09:00,540.8493670944434,549.7996086354037,538.2921752929688,538.2921752929688,3000,0.0,0.0
2003-07-24 00:00:00+09:00,543.4066772460938,543.4066772460938,543.4066772460938,543.4066772460938,0,0.0,0.0
2003-07-25 00:00:00+09:00,554.9141285112568,562.585752623504,549.7997436523438,549.7997436523438,4200,0.0,0.0
2003-07-28 00:00:00+09:00,549.7997436523438,549.7997436523438,549.7997436523438,549.7997436523438,1200,0.0,0.0
2003-07-29 00:00:00+09:00,549.7996787911034,549.7996787911034,545.9638671875,545.9638671875,1800,0.0,0.0
2003-07-30 00:00:00+09:00,545.9638511486947,545.9638511486947,539.57080078125,539.57080078125,1800,0.0,0.0
2003-07-31 00:00:00+09:00,543.406692342886,549.7997436523438,543.406692342886,549.7997436523438,4200,0.0,0.0
2003-08-01 00:00:00+09:00,549.7996238604702,556.192626953125,549.7996238604702,556.192626953125,1200,0.0,0.0
2003-08-04 00:00:00+09:00,567.6999575442208,568.9785766601562,567.6999575442208,568.9785766601562,2400,0.0,0.0
2003-08-05 00:00:00+09:00,575.371808418542,575.371808418542,549.7997436523438,549.7997436523438,3600,0.0,0.0
2003-08-06 00:00:00+09:00,549.7997436523438,549.7997436523438,549.7997436523438,549.7997436523438,1800,0.0,0.0
2003-08-07 00:00:00+09:00,549.7997436523438,549.7997436523438,549.7997436523438,549.7997436523438,600,0.0,0.0
2003-08-08 00:00:00+09:00,544.6851196289062,544.6851196289062,544.6851196289062,544.6851196289062,2400,0.0,0.0
2003-08-11 00:00:00+09:00,551.0783164551332,551.0783164551332,549.7997436523438,549.7997436523438,4200,0.0,0.0
2003-08-12 00:00:00+09:00,547.2422511444057,547.2422511444057,542.1278686523438,542.1278686523438,3600,0.0,0.0
2003-08-13 00:00:00+09:00,542.1281044788253,543.4066772460938,539.5708652965358,543.4066772460938,3600,0.0,0.0
2003-08-14 00:00:00+09:00,540.8493670944434,540.8493670944434,538.2921752929688,538.2921752929688,1200,0.0,0.0
2003-08-15 00:00:00+09:00,549.7997436523438,549.7997436523438,549.7997436523438,549.7997436523438,2400,0.0,0.0
2003-08-18 00:00:00+09:00,549.7995479132211,549.7995479132211,539.5706881893088,547.2423095703125,4200,0.0,0.0
2003-08-19 00:00:00+09:00,540.8492496174002,543.4064408634313,539.5706305824567,542.1278686523438,5400,0.0,0.0
2003-08-20 00:00:00+09:00,548.5211087867965,548.5211087867965,543.4066772460938,543.4066772460938,3000,0.0,0.0
2003-08-21 00:00:00+09:00,548.5210064254371,553.6354370117188,548.5210064254371,553.6354370117188,9000,0.0,0.0
2003-08-22 00:00:00+09:00,560.0283101399739,560.0283101399739,552.356689453125,552.356689453125,7800,0.0,0.0
2003-08-25 00:00:00+09:00,563.8641357421875,565.1427548325488,562.5855166518263,563.8641357421875,7800,0.0,0.0
2003-08-26 00:00:00+09:00,573.6616714721035,573.6616714721035,567.2160034179688,567.2160034179688,10200,6.0,0.0
2003-08-27 00:00:00+09:00,565.9267271074973,565.9267271074973,554.3245849609375,554.3245849609375,4200,0.0,0.0
2003-08-28 00:00:00+09:00,547.8791344257479,547.8791344257479,542.72265625,542.72265625,5400,0.0,0.0
2003-08-29 00:00:00+09:00,565.927001953125,565.927001953125,565.927001953125,565.927001953125,1800,0.0,0.0
2003-09-01 00:00:00+09:00,554.324854171917,565.927001953125,554.324854171917,565.927001953125,8400,0.0,0.0
2003-09-02 00:00:00+09:00,553.0354806214942,564.6376235715956,551.746337890625,551.746337890625,1800,0.0,0.0
2003-09-03 00:00:00+09:00,553.0356878643506,554.3248310783093,544.0117797851562,544.0117797851562,5400,0.0,0.0
2003-09-04 00:00:00+09:00,560.7702742682563,560.7702742682563,556.9028930664062,556.9028930664062,1800,0.0,0.0
2003-09-05 00:00:00+09:00,556.9028230348717,556.9028230348717,547.8789189622461,554.3245849609375,4200,0.0,0.0
2003-09-08 00:00:00+09:00,555.613680393286,555.613680393286,554.3245849609375,554.3245849609375,2400,0.0,0.0
2003-09-09 00:00:00+09:00,565.9268070458745,565.9268070458745,559.4811401367188,559.4811401367188,6600,0.0,0.0
2003-09-10 00:00:00+09:00,564.6377600711673,564.6377600711673,547.8790893554688,547.8790893554688,5400,0.0,0.0
2003-09-11 00:00:00+09:00,547.8790893554688,547.8790893554688,547.8790893554688,547.8790893554688,1200,0.0,0.0
2003-09-12 00:00:00+09:00,554.3247573587962,554.3247573587962,547.8790893554688,547.8790893554688,2400,0.0,0.0
2003-09-15 00:00:00+09:00,547.8790893554688,547.8790893554688,547.8790893554688,547.8790893554688,0,0.0,0.0
2003-09-16 00:00:00+09:00,547.8789775062223,560.770263671875,547.8789775062223,560.770263671875,6000,0.0,0.0
2003-09-17 00:00:00+09:00,565.9269605561784,567.2160565202877,556.9030527611301,564.6378173828125,4200,0.0,0.0
2003-09-18 00:00:00+09:00,565.9268800680622,565.9268800680622,555.6138305664062,555.6138305664062,5400,0.0,0.0
2003-09-19 00:00:00+09:00,554.3245849609375,554.3245849609375,554.3245849609375,554.3245849609375,0,0.0,0.0
2003-09-22 00:00:00+09:00,554.3247876441978,554.3247876441978,553.03564453125,553.03564453125,7200,0.0,0.0
2003-09-23 00:00:00+09:00,553.03564453125,553.03564453125,553.03564453125,553.03564453125,0,0.0,0.0
2003-09-24 00:00:00+09:00,563.3484521711458,563.3484521711458,549.1680716902058,550.4572143554688,3000,0.0,0.0
2003-09-25 00:00:00+09:00,553.0354806214942,553.0354806214942,551.746337890625,551.746337890625,3600,0.0,0.0
2003-09-26 00:00:00+09:00,550.4573754405005,550.4573754405005,547.8790893554688,547.8790893554688,10200,0.0,0.0
2003-09-29 00:00:00+09:00,551.746299677766,554.3245849609375,547.8789189622461,554.3245849609375,4200,0.0,0.0
2003-09-30 00:00:00+09:00,554.3245849609375,554.3245849609375,554.3245849609375,554.3245849609375,5400,0.0,0.0
2003-10-01 00:00:00+09:00,554.3247876441978,554.3247876441978,553.03564453125,553.03564453125,6000,0.0,0.0
2003-10-02 00:00:00+09:00,559.4811017366325,562.0593872070312,559.4811017366325,562.0593872070312,3600,0.0,0.0
2003-10-03 00:00:00+09:00,563.34848273299,573.6615301961036,558.1920062106738,562.0593872070312,15600,0.0,0.0
2003-10-06 00:00:00+09:00,568.5052412791956,572.3726238729316,563.3487154177942,565.927001953125,21600,0.0,0.0
2003-10-07 00:00:00+09:00,569.7943007456583,599.4442138671875,568.5051576675907,599.4442138671875,29400,0.0,0.0
2003-10-08 00:00:00+09:00,618.7811429613755,620.0702860789632,600.7333753614203,608.4681396484375,25200,0.0,0.0
2003-10-09 00:00:00+09:00,612.3354665056358,612.3354665056358,572.3725055611227,585.2637939453125,25800,0.0,0.0
2003-10-10 00:00:00+09:00,594.287576281274,604.6006245353216,587.8419565294274,602.0223388671875,22200,0.0,0.0
2003-10-13 00:00:00+09:00,602.0223388671875,602.0223388671875,602.0223388671875,602.0223388671875,0,0.0,0.0
2003-10-14 00:00:00+09:00,617.4917404273025,632.961262502385,617.4917404273025,625.2265014648438,14400,0.0,0.0
2003-10-15 00:00:00+09:00,631.6723001035235,638.117919921875,631.6723001035235,638.117919921875,11400,0.0,0.0
2003-10-16 00:00:00+09:00,645.8527946012565,651.009319675808,641.9854125976562,641.9854125976562,15000,0.0,0.0
2003-10-17 00:00:00+09:00,638.1177371124209,638.1177371124209,627.8047389157013,631.672119140625,24000,0.0,0.0
2003-10-20 00:00:00+09:00,631.6723744639088,638.1179950410378,627.8049926757812,627.8049926757812,10200,0.0,0.0
2003-10-21 00:00:00+09:00,631.672119140625,638.1177371124209,627.8047389157013,631.672119140625,12600,0.0,0.0
2003-10-22 00:00:00+09:00,626.5158660706155,632.9614868164062,626.5158660706155,632.9614868164062,7200,0.0,0.0
2003-10-23 00:00:00+09:00,626.5158215206279,626.5158215206279,605.8897705078125,605.8897705078125,16800,0.0,0.0
2003-10-24 00:00:00+09:00,612.3353881835938,618.7810079466229,612.3353881835938,612.3353881835938,6600,0.0,0.0
2003-10-27 00:00:00+09:00,608.4681396484375,608.4681396484375,608.4681396484375,608.4681396484375,600,0.0,0.0
2003-10-28 00:00:00+09:00,605.8897212113202,612.3353881835938,605.8897212113202,612.3353881835938,4200,0.0,0.0
2003-10-29 00:00:00+09:00,612.3352645417648,625.2265014648438,612.3352645417648,625.2265014648438,5400,0.0,0.0
2003-10-30 00:00:00+09:00,627.8051345012898,627.8051345012898,626.5159912109375,626.5159912109375,2400,0.0,0.0
2003-10-31 00:00:00+09:00,626.5159912109375,630.3833738727334,626.5159912109375,626.5159912109375,6600,0.0,0.0
2003-11-03 00:00:00+09:00,626.5159912109375,626.5159912109375,626.5159912109375,626.5159912109375,0,0.0,0.0
2003-11-04 00:00:00+09:00,631.6724096578063,641.9854125976562,631.6724096578063,641.9854125976562,3600,0.0,0.0
2003-11-05 00:00:00+09:00,648.4308575162935,651.0091429583159,644.5634765625,644.5634765625,7200,0.0,0.0
2003-11-06 00:00:00+09:00,634.2503568874971,634.2503568874971,631.672119140625,631.672119140625,3600,0.0,0.0
2003-11-07 00:00:00+09:00,640.6960975329152,657.4547641194318,640.6960975329152,654.8765258789062,9600,0.0,0.0
2003-11-10 00:00:00+09:00,654.8765258789062,654.8765258789062,654.8765258789062,654.8765258789062,600,0.0,0.0
2003-11-11 00:00:00+09:00,644.5634765625,651.0091429583159,643.274381050729,644.5634765625,13200,0.0,0.0
2003-11-12 00:00:00+09:00,621.3594360351562,621.3594360351562,621.3594360351562,621.3594360351562,3000,0.0,0.0
2003-11-13 00:00:00+09:00,608.4680068839274,612.3353881835938,608.4680068839274,612.3353881835938,3600,0.0,0.0
2003-11-14 00:00:00+09:00,609.7572021484375,609.7572021484375,609.7572021484375,609.7572021484375,3000,0.0,0.0
2003-11-17 00:00:00+09:00,609.7571350755052,609.7571350755052,600.7332763671875,600.7332763671875,5400,0.0,0.0
2003-11-18 00:00:00+09:00,598.1549797723603,604.6006469726562,598.1549797723603,604.6006469726562,9600,0.0,0.0
2003-11-19 00:00:00+09:00,603.3115958921371,603.3115958921371,599.4442138671875,599.4442138671875,4200,0.0,0.0
2003-11-20 00:00:00+09:00,600.7332931615449,605.8897705078125,600.7332931615449,605.8897705078125,16200,0.0,0.0
2003-11-21 00:00:00+09:00,592.9984741210938,594.2875697317096,592.9984741210938,592.9984741210938,12000,0.0,0.0
2003-11-24 00:00:00+09:00,592.9984741210938,592.9984741210938,592.9984741210938,592.9984741210938,0,0.0,0.0
2003-11-25 00:00:00+09:00,598.1550935344807,617.4920043945312,598.1550935344807,617.4920043945312,3600,0.0,0.0
2003-11-26 00:00:00+09:00,617.4920043945312,617.4920043945312,617.4920043945312,617.4920043945312,1800,0.0,0.0
2003-11-27 00:00:00+09:00,617.4920043945312,617.4920043945312,617.4920043945312,617.4920043945312,0,0.0,0.0
2003-11-28 00:00:00+09:00,607.1788940429688,607.1788940429688,607.1788940429688,607.1788940429688,600,0.0,0.0
2003-12-01 00:00:00+09:00,608.4681396484375,608.4681396484375,608.4681396484375,608.4681396484375,600,0.0,0.0
2003-12-02 00:00:00+09:00,612.3353881835938,612.3353881835938,612.3353881835938,612.3353881835938,1200,0.0,0.0
2003-12-03 00:00:00+09:00,612.3353881835938,612.3353881835938,612.3353881835938,612.3353881835938,3000,0.0,0.0
2003-12-04 00:00:00+09:00,618.7810079466229,618.7810079466229,612.3353881835938,612.3353881835938,1200,0.0,0.0
2003-12-05 00:00:00+09:00,612.3354769399959,614.9137157770676,612.3354769399959,613.6245727539062,2400,0.0,0.0
2003-12-08 00:00:00+09:00,608.4681396484375,608.4681396484375,608.4681396484375,608.4681396484375,2400,0.0,0.0
2003-12-09 00:00:00+09:00,602.022546008983,602.022546008983,592.9986846933484,594.2877807617188,2400,0.0,0.0
2003-12-10 00:00:00+09:00,585.2637607265361,586.5528564453125,585.2637607265361,586.5528564453125,2400,0.0,0.0
2003-12-11 00:00:00+09:00,582.685302734375,582.685302734375,582.685302734375,582.685302734375,1800,0.0,0.0
2003-12-12 00:00:00+09:00,583.9746857673891,599.4442138671875,583.9746857673891,599.4442138671875,7800,0.0,0.0
2003-12-15 00:00:00+09:00,602.0223696522605,607.1788940429688,602.0223696522605,607.1788940429688,1800,0.0,0.0
2003-12-16 00:00:00+09:00,607.1789218902587,618.7810668945312,607.1789218902587,618.7810668945312,3000,0.0,0.0
2003-12-17 00:00:00+09:00,618.7812258873457,636.828995905973,618.7812258873457,626.5159912109375,2400,0.0,0.0
2003-12-18 00:00:00+09:00,608.4681396484375,608.4681396484375,608.4681396484375,608.4681396484375,1800,0.0,0.0
2003-12-19 00:00:00+09:00,643.274381050729,644.5634765625,641.9852383297177,644.5634765625,4200,0.0,0.0
2003-12-22 00:00:00+09:00,644.5636324843806,651.009300439423,632.9614868164062,632.9614868164062,4200,0.0,0.0
2003-12-23 00:00:00+09:00,632.9614868164062,632.9614868164062,632.9614868164062,632.9614868164062,0,0.0,0.0
2003-12-24 00:00:00+09:00,636.828995905973,649.7202871817129,625.2268479205852,626.5159912109375,3600,0.0,0.0
2003-12-25 00:00:00+09:00,626.5158496766553,627.8049926757812,626.5158496766553,627.8049926757812,2400,0.0,0.0
2003-12-26 00:00:00+09:00,630.3829766625734,631.672119140625,630.3829766625734,631.672119140625,2400,0.0,0.0
2003-12-29 00:00:00+09:00,649.7202344944064,649.7202344944064,644.5637089604128,648.4310913085938,2400,0.0,0.0
2003-12-30 00:00:00+09:00,644.5634765625,644.5634765625,644.5634765625,644.5634765625,3000,0.0,0.0
2003-12-31 00:00:00+09:00,644.5634765625,644.5634765625,644.5634765625,644.5634765625,0,0.0,0.0
2004-01-01 00:00:00+09:00,644.5634765625,644.5634765625,644.5634765625,644.5634765625,0,0.0,0.0
2004-01-02 00:00:00+09:00,644.5634765625,644.5634765625,644.5634765625,644.5634765625,0,0.0,0.0
2004-01-05 00:00:00+09:00,652.2983097461216,657.454833984375,652.2983097461216,657.454833984375,1200,0.0,0.0
2004-01-06 00:00:00+09:00,647.1419677734375,647.1419677734375,647.1419677734375,647.1419677734375,1200,0.0,0.0
2004-01-07 00:00:00+09:00,645.8527221679688,645.8527221679688,645.8527221679688,645.8527221679688,1800,0.0,0.0
2004-01-08 00:00:00+09:00,644.5634765625,644.5634765625,644.5634765625,644.5634765625,600,0.0,0.0
2004-01-09 00:00:00+09:00,639.4070699643562,657.454833984375,639.4070699643562,657.454833984375,10200,0.0,0.0
2004-01-12 00:00:00+09:00,657.454833984375,657.454833984375,657.454833984375,657.454833984375,0,0.0,0.0
2004-01-13 00:00:00+09:00,679.3701138338306,681.9484000678444,660.033203125,660.033203125,1800,0.0,0.0
2004-01-14 00:00:00+09:00,667.7678686608053,667.7678686608053,645.8527221679688,645.8527221679688,3600,0.0,0.0
2004-01-15 00:00:00+09:00,709.0200772730882,709.0200772730882,689.6831665039062,689.6831665039062,4800,0.0,0.0
2004-01-16 00:00:00+09:00,689.6828480367416,689.6828480367416,683.2371826171875,683.2371826171875,6000,0.0,0.0
2004-01-19 00:00:00+09:00,670.3462557347243,689.6831665039062,670.3462557347243,689.6831665039062,9600,0.0,0.0
2004-01-20 00:00:00+09:00,683.2371826171875,693.5502284047808,683.2371826171875,683.2371826171875,8400,0.0,0.0
2004-01-21 00:00:00+09:00,683.2373703335454,689.6830375240172,670.3461303710938,670.3461303710938,18000,0.0,0.0
2004-01-22 00:00:00+09:00,676.7915644068664,683.2371826171875,676.7915644068664,683.2371826171875,2400,0.0,0.0
2004-01-23 00:00:00+09:00,672.9243774414062,672.9243774414062,672.9243774414062,672.9243774414062,600,0.0,0.0
2004-01-26 00:00:00+09:00,676.791748046875,702.5742750931978,676.791748046875,676.791748046875,15600,0.0,0.0
2004-01-27 00:00:00+09:00,683.2371826171875,683.2371826171875,683.2371826171875,683.2371826171875,6600,0.0,0.0
2004-01-28 00:00:00+09:00,683.2371826171875,683.2371826171875,683.2371826171875,683.2371826171875,1200,0.0,0.0
2004-01-29 00:00:00+09:00,683.2371826171875,683.2371826171875,683.2371826171875,683.2371826171875,2400,0.0,0.0
2004-01-30 00:00:00+09:00,683.2374156760409,687.1047973632812,683.2374156760409,687.1047973632812,1800,0.0,0.0
2004-02-02 00:00:00+09:00,685.8155517578125,687.1046472323953,684.526409073991,685.8155517578125,4800,0.0,0.0
2004-02-03 00:00:00+09:00,680.6591317829043,680.6591317829043,670.3461303710938,670.3461303710938,1200,0.0,0.0
2004-02-04 00:00:00+09:00,674.2134069711447,675.5025024414062,674.2134069711447,675.5025024414062,3000,0.0,0.0
2004-02-05 00:00:00+09:00,672.9243750770033,679.3699951171875,671.6352321852679,679.3699951171875,3000,0.0,0.0
2004-02-06 00:00:00+09:00,683.2373680061443,688.393892299107,667.7678423365013,676.791748046875,9000,0.0,0.0
2004-02-09 00:00:00+09:00,676.7917589209546,676.7917589209546,670.3461388581229,672.9243774414062,7800,0.0,0.0
2004-02-10 00:00:00+09:00,676.7916451209067,676.7916451209067,675.5025024414062,675.5025024414062,1800,0.0,0.0
2004-02-11 00:00:00+09:00,675.5025024414062,675.5025024414062,675.5025024414062,675.5025024414062,0,0.0,0.0
2004-02-12 00:00:00+09:00,678.0808002520644,681.9481811523438,678.0808002520644,681.9481811523438,2400,0.0,0.0
2004-02-13 00:00:00+09:00,681.9484021962335,689.6831665039062,681.9484021962335,689.6831665039062,10200,0.0,0.0
2004-02-16 00:00:00+09:00,698.7069619382794,698.7069619382794,680.6591959635417,696.1287231445312,7200,0.0,0.0
2004-02-17 00:00:00+09:00,697.4178632541975,702.5743408203125,697.4178632541975,702.5743408203125,3000,0.0,0.0
2004-02-18 00:00:00+09:00,702.5743437335268,702.5743437335268,696.1287231445312,696.1287231445312,4800,0.0,0.0
2004-02-19 00:00:00+09:00,696.1284662470625,696.1284662470625,683.2371826171875,683.2371826171875,3600,0.0,0.0
2004-02-20 00:00:00+09:00,689.6830832942742,689.6830832942742,687.1047973632812,687.1047973632812,4200,0.0,0.0
2004-02-23 00:00:00+09:00,699.9960741640023,701.2852171088235,690.97216796875,690.97216796875,4800,0.0,0.0
2004-02-24 00:00:00+09:00,698.7944066445833,698.7944066445833,692.2758178710938,692.2758178710938,1800,10.0,0.0
2004-02-25 00:00:00+09:00,692.2758178710938,692.2758178710938,692.2758178710938,692.2758178710938,4200,0.0,0.0
2004-02-26 00:00:00+09:00,692.2759441105992,697.4908447265625,690.9722070206846,697.4908447265625,4200,0.0,0.0
2004-02-27 00:00:00+09:00,697.4908356719919,702.7056884765625,697.4908356719919,702.7056884765625,6000,0.0,0.0
2004-03-01 00:00:00+09:00,702.7055445309913,702.7055445309913,701.40185546875,701.40185546875,1200,0.0,0.0
2004-03-02 00:00:00+09:00,702.7056884765625,702.7056884765625,702.7056884765625,702.7056884765625,1200,0.0,0.0
2004-03-03 00:00:00+09:00,704.0093383789062,704.0093383789062,702.7056014673453,704.0093383789062,6600,0.0,0.0
2004-03-04 00:00:00+09:00,710.5280466047484,710.5280466047484,698.7945556640625,698.7945556640625,2400,0.0,0.0
2004-03-05 00:00:00+09:00,710.5279274493332,710.5279274493332,704.0093383789062,704.0093383789062,3600,0.0,0.0
2004-03-08 00:00:00+09:00,698.7944384763514,704.0093383789062,698.7944384763514,704.0093383789062,7800,0.0,0.0
2004-03-09 00:00:00+09:00,700.0981199579101,709.2241821289062,698.7943831495719,709.2241821289062,11400,0.0,0.0
2004-03-10 00:00:00+09:00,709.2242648847885,710.5279541015625,704.0093647866203,710.5279541015625,3600,0.0,0.0
2004-03-11 00:00:00+09:00,705.3130502720434,713.1353759765625,705.3130502720434,713.1353759765625,6600,0.0,0.0
2004-03-12 00:00:00+09:00,715.742919921875,715.742919921875,714.4391828416964,715.742919921875,2400,0.0,0.0
2004-03-15 00:00:00+09:00,730.0837444461001,740.5135442803784,723.5651553574429,727.476318359375,10200,0.0,0.0
2004-03-16 00:00:00+09:00,736.6024080070611,737.9060972258852,730.0837709381773,733.9949340820312,11400,0.0,0.0
2004-03-17 00:00:00+09:00,743.1210327148438,769.1954390008003,743.1210327148438,750.943359375,14400,0.0,0.0
2004-03-18 00:00:00+09:00,766.5880126953125,769.1954390008003,750.943359375,750.943359375,16200,0.0,0.0
2004-03-19 00:00:00+09:00,763.9805558200792,775.7140453408123,761.3730818752333,762.6768188476562,15000,0.0,0.0
2004-03-22 00:00:00+09:00,765.2843101488967,779.6252748344119,765.2843101488967,775.714111328125,12000,0.0,0.0
2004-03-23 00:00:00+09:00,783.5364383406987,783.5364383406987,775.714111328125,775.714111328125,14400,0.0,0.0
2004-03-24 00:00:00+09:00,780.9289641740442,784.840127680331,775.714111328125,775.714111328125,8400,0.0,0.0
2004-03-25 00:00:00+09:00,774.4102825595694,774.4102825595694,770.4991195163393,771.8028564453125,5400,0.0,0.0
2004-03-26 00:00:00+09:00,773.1067819143763,774.4105192418093,769.1956176757812,769.1956176757812,5400,0.0,0.0
2004-03-29 00:00:00+09:00,780.9288674421157,780.9288674421157,770.4991152984927,774.4102783203125,6000,0.0,0.0
2004-03-30 00:00:00+09:00,778.3213864090999,787.4474487304688,777.0176495792798,787.4474487304688,18000,0.0,0.0
2004-03-31 00:00:00+09:00,791.358734197539,792.662423485845,779.625244140625,779.625244140625,12000,0.0,0.0
2004-04-01 00:00:00+09:00,780.92895481941,788.7512817382812,780.92895481941,788.7512817382812,9600,0.0,0.0
2004-04-02 00:00:00+09:00,788.7511502794295,847.4186401367188,786.143724322276,847.4186401367188,25800,0.0,0.0
2004-04-05 00:00:00+09:00,847.4188631760177,898.2639930568308,847.4188631760177,873.4932250976562,22800,0.0,0.0
2004-04-06 00:00:00+09:00,873.4931807565617,886.5304565429688,847.4188201585348,886.5304565429688,12600,0.0,0.0
2004-04-07 00:00:00+09:00,885.2266018785537,909.9973666273057,874.7968966566026,899.5675659179688,9600,0.0,0.0
2004-04-08 00:00:00+09:00,891.7453095650955,891.7453095650955,876.1006550113219,886.5304565429688,7800,0.0,0.0
2004-04-09 00:00:00+09:00,893.0489285387099,938.67919921875,893.0489285387099,899.5675659179688,57600,0.0,0.0
2004-04-12 00:00:00+09:00,950.4125175546176,964.7534790039062,942.5901923072545,964.7534790039062,33600,0.0,0.0
2004-04-13 00:00:00+09:00,972.5755737746226,984.309058865118,964.753250380959,971.2717895507812,28200,0.0,0.0
2004-04-14 00:00:00+09:00,967.361370700622,971.2725354008771,958.2353515625,958.2353515625,15600,0.0,0.0
2004-04-15 00:00:00+09:00,956.9316252536178,990.8283210354447,945.198131601274,977.7911376953125,15000,0.0,0.0
2004-04-16 00:00:00+09:00,975.1829512476131,975.1829512476131,958.2346157237906,971.2717895507812,4800,0.0,0.0
2004-04-19 00:00:00+09:00,945.1978455703653,946.5015348636381,933.46435546875,933.46435546875,7200,0.0,0.0
2004-04-20 00:00:00+09:00,913.908447265625,932.1604774962622,912.60466261531,913.908447265625,13200,0.0,0.0
2004-04-21 00:00:00+09:00,913.9086592289796,937.3756425288329,913.9086592289796,925.6421508789062,7800,0.0,0.0
2004-04-22 00:00:00+09:00,921.7309390760416,925.6421027560144,920.4271541911211,924.3383178710938,7800,0.0,0.0
2004-04-23 00:00:00+09:00,925.6418347554711,925.6418347554711,913.9083471127428,915.2120361328125,9000,0.0,0.0
2004-04-26 00:00:00+09:00,917.8199360487698,925.6422647779144,917.8199360487698,923.0347900390625,7200,0.0,0.0
2004-04-27 00:00:00+09:00,923.0346978424974,943.8942072075442,923.0346978424974,926.9458618164062,12000,0.0,0.0
2004-04-28 00:00:00+09:00,945.1978892808551,958.235069278645,936.07177734375,936.07177734375,4800,0.0,0.0
2004-04-29 00:00:00+09:00,936.07177734375,936.07177734375,936.07177734375,936.07177734375,0,0.0,0.0
2004-04-30 00:00:00+09:00,936.0718850596079,945.197998046875,928.2495570633232,945.197998046875,3000,0.0,0.0
2004-05-03 00:00:00+09:00,945.197998046875,945.197998046875,945.197998046875,945.197998046875,0,0.0,0.0
2004-05-04 00:00:00+09:00,945.197998046875,945.197998046875,945.197998046875,945.197998046875,0,0.0,0.0
2004-05-05 00:00:00+09:00,945.197998046875,945.197998046875,945.197998046875,945.197998046875,0,0.0,0.0
2004-05-06 00:00:00+09:00,962.146170594745,990.8280029296876,962.146170594745,990.8280029296875,18600,0.0,0.0
2004-05-07 00:00:00+09:00,997.3460739945657,1042.976318359375,971.2716350021988,1042.976318359375,42000,0.0,0.0
2004-05-10 00:00:00+09:00,1040.369389077355,1040.369389077355,954.3238005070475,956.9312744140625,22800,0.0,0.0
2004-05-11 00:00:00+09:00,925.6419694794052,956.9312744140626,925.6419694794052,956.9312744140625,13800,0.0,0.0
2004-05-12 00:00:00+09:00,956.9316618248881,958.2353515625,956.9316618248881,958.2353515625,2400,0.0,0.0
2004-05-13 00:00:00+09:00,971.2720930826819,971.2720930826819,938.6791005859076,955.62744140625,9000,0.0,0.0
2004-05-14 00:00:00+09:00,921.7311004133421,928.2496440293552,921.7311004133421,923.0347900390625,6000,0.0,0.0
2004-05-17 00:00:00+09:00,936.0718464894262,936.0718464894262,873.4932250976562,873.4932250976562,12000,0.0,0.0
2004-05-18 00:00:00+09:00,838.2926331789547,855.241071090874,838.2926331789547,850.026123046875,7200,0.0,0.0
2004-05-19 00:00:00+09:00,856.5448650371892,899.5676664774134,856.5448650371892,898.2639770507812,9000,0.0,0.0
2004-05-20 00:00:00+09:00,893.049072265625,894.352857243739,893.049072265625,893.049072265625,2400,0.0,0.0
2004-05-21 00:00:00+09:00,887.8342015111203,925.6421508789062,887.8342015111203,925.6421508789062,6000,0.0,0.0
2004-05-24 00:00:00+09:00,932.1605224609375,943.8940119554978,932.1605224609375,932.1605224609375,3000,0.0,0.0
2004-05-25 00:00:00+09:00,932.1606936928214,932.1606936928214,925.6421508789062,925.6421508789062,6600,0.0,0.0
2004-05-26 00:00:00+09:00,919.1233736440909,925.6420109600567,912.6047363281249,912.604736328125,3600,0.0,0.0
2004-05-27 00:00:00+09:00,925.6420109600567,925.6420109600567,912.6047363281249,912.604736328125,1200,0.0,0.0
2004-05-28 00:00:00+09:00,924.3380502480345,924.3380502480345,915.2120361328125,915.2120361328125,1200,0.0,0.0
2004-05-31 00:00:00+09:00,916.5157251528823,925.6418347554711,915.2120361328125,915.2120361328125,1800,0.0,0.0
2004-06-01 00:00:00+09:00,915.2121503238344,928.2493286132812,915.2121503238344,928.2493286132812,4200,0.0,0.0
2004-06-02 00:00:00+09:00,945.1977455476183,950.4125976562499,945.1977455476183,950.41259765625,2400,0.0,0.0
2004-06-03 00:00:00+09:00,951.7162784871421,958.2349151814474,951.7162784871421,955.62744140625,7800,0.0,0.0
2004-06-04 00:00:00+09:00,951.716462213854,951.716462213854,939.9829711914062,939.9829711914062,1200,0.0,0.0
2004-06-07 00:00:00+09:00,951.7159810666222,973.8792625111179,951.7159810666222,971.2717895507812,7800,0.0,0.0
2004-06-08 00:00:00+09:00,975.1834119310179,975.1834119310179,951.7164306640625,951.7164306640625,10800,0.0,0.0
2004-06-09 00:00:00+09:00,958.2351611776498,958.2351611776498,945.1979799295364,947.8053588867188,8400,0.0,0.0
2004-06-10 00:00:00+09:00,971.2724982815384,977.7911376953125,959.5390046291947,977.7911376953125,9000,0.0,0.0
2004-06-11 00:00:00+09:00,984.3097771090864,994.7394855862259,977.7911376953125,977.7911376953125,7200,0.0,0.0
2004-06-14 00:00:00+09:00,990.8279814725472,997.3466186523439,990.8279814725472,997.3466186523438,11400,0.0,0.0
2004-06-15 00:00:00+09:00,1003.8653374024993,1029.939697265625,1003.8653374024993,1029.939697265625,36600,0.0,0.0
2004-06-16 00:00:00+09:00,1042.9771169646594,1160.312039042406,1042.9771169646594,1130.326416015625,40800,0.0,0.0
2004-06-17 00:00:00+09:00,1130.3262926954458,1147.2746366506753,1095.1258199125427,1145.970947265625,45600,0.0,0.0
2004-06-18 00:00:00+09:00,1161.6154789211741,1183.7787690462167,1157.7043156924833,1177.2601318359375,29400,0.0,0.0
2004-06-21 00:00:00+09:00,1170.7416404992393,1170.7416404992393,1121.2002970879282,1147.274658203125,9000,0.0,0.0
2004-06-22 00:00:00+09:00,1277.6463623046875,1277.6463623046875,1277.6463623046875,1277.6463623046875,0,0.0,0.0
2004-06-23 00:00:00+09:00,1408.0186767578125,1408.0186767578125,1408.0186767578125,1408.0186767578125,0,0.0,0.0
2004-06-24 00:00:00+09:00,1434.0931823203907,1516.227608212163,1414.5373666318735,1421.055908203125,255000,0.0,0.0
2004-06-25 00:00:00+09:00,1421.0557315080969,1430.1818413529124,1316.758124462694,1355.8697509765625,70800,0.0,0.0
2004-06-28 00:00:00+09:00,1392.3741727365289,1590.5398171648644,1359.7811761776309,1560.55419921875,84600,0.0,0.0
2004-06-29 00:00:00+09:00,1560.5543038087137,1564.4654674774072,1499.279374503384,1512.316650390625,55800,0.0,0.0
2004-06-30 00:00:00+09:00,1511.0126944798258,1511.0126944798258,1447.1303936177208,1479.723388671875,31800,0.0,0.0
2004-07-01 00:00:00+09:00,1507.1015933022836,1525.3537209375027,1487.5457763671875,1487.5457763671875,21000,0.0,0.0
2004-07-02 00:00:00+09:00,1484.9385306355557,1495.3682369425694,1460.167763309757,1466.6864013671875,17400,0.0,0.0
2004-07-05 00:00:00+09:00,1481.0273668985765,1495.3682369425694,1466.6864013671875,1466.6864013671875,21000,0.0,0.0
2004-07-06 00:00:00+09:00,1467.9899073517115,1467.9899073517115,1440.6117646138805,1458.8638916015625,19800,0.0,0.0
2004-07-07 00:00:00+09:00,1435.3970731889854,1458.8640553119662,1434.0933837890625,1434.0933837890625,19800,0.0,0.0
2004-07-08 00:00:00+09:00,1434.0933837890625,1464.0789083990526,1434.0933837890625,1434.0933837890625,7200,0.0,0.0
2004-07-09 00:00:00+09:00,1436.7006619648646,1444.5229887913292,1435.39697265625,1435.39697265625,7800,0.0,0.0
2004-07-12 00:00:00+09:00,1434.0932833476352,1447.1304628959467,1434.0932833476352,1435.39697265625,9600,0.0,0.0
2004-07-13 00:00:00+09:00,1438.004547476226,1438.004547476226,1434.0933837890625,1434.0933837890625,8400,0.0,0.0
2004-07-14 00:00:00+09:00,1441.9157111633895,1458.8640553119662,1434.0933837890625,1434.0933837890625,12000,0.0,0.0
2004-07-15 00:00:00+09:00,1381.944414041369,1408.01886937749,1368.9072341170042,1394.981689453125,15000,0.0,0.0
2004-07-16 00:00:00+09:00,1370.210617040068,1388.4627412423297,1355.8697509765625,1355.8697509765625,18600,0.0,0.0
2004-07-19 00:00:00+09:00,1355.8697509765625,1355.8697509765625,1355.8697509765625,1355.8697509765625,0,0.0,0.0
2004-07-20 00:00:00+09:00,1355.8698687070196,1408.0186767578125,1355.8698687070196,1408.0186767578125,7800,0.0,0.0
2004-07-21 00:00:00+09:00,1383.2479466337018,1394.9814350721947,1381.9441620378425,1384.5516357421875,12600,0.0,0.0
2004-07-22 00:00:00+09:00,1406.7150873979629,1406.7150873979629,1368.9071439733796,1375.42578125,7800,0.0,0.0
2004-07-23 00:00:00+09:00,1379.3369573924235,1408.018789799961,1379.3369573924235,1381.9443359375,8400,0.0,0.0
2004-07-26 00:00:00+09:00,1368.9069279853954,1368.9069279853954,1349.3511147284612,1355.8697509765625,14400,0.0,0.0
2004-07-27 00:00:00+09:00,1316.7582474217659,1329.7954256480123,1252.8758544921875,1252.8758544921875,13200,0.0,0.0
2004-07-28 00:00:00+09:00,1264.609375,1303.7210061390451,1264.609375,1264.609375,34200,0.0,0.0
2004-07-29 00:00:00+09:00,1264.609597641488,1277.646873974708,1226.801744542384,1263.305908203125,8400,0.0,0.0
2004-07-30 00:00:00+09:00,1264.6095359793626,1290.6839918870191,1255.4835193810097,1271.128173828125,10800,0.0,0.0
2004-08-02 00:00:00+09:00,1278.9504089355469,1329.7955322265625,1278.9504089355469,1329.7955322265625,3600,0.0,0.0
2004-08-03 00:00:00+09:00,1394.981689453125,1408.01886937749,1381.944414041369,1394.981689453125,12000,0.0,0.0
2004-08-04 00:00:00+09:00,1342.8328857421875,1342.8328857421875,1264.6096089904602,1342.8328857421875,7800,0.0,0.0
2004-08-05 00:00:00+09:00,1303.7210989209348,1362.3885498046875,1303.7210989209348,1362.3885498046875,4800,0.0,0.0
2004-08-06 00:00:00+09:00,1319.3659403930885,1354.5664159365667,1319.3659403930885,1349.3515625,3000,0.0,0.0
2004-08-09 00:00:00+09:00,1342.8328857421875,1342.8328857421875,1342.8328857421875,1342.8328857421875,1800,0.0,0.0
2004-08-10 00:00:00+09:00,1341.5289690611228,1341.5289690611228,1303.7210265393107,1316.75830078125,4200,0.0,0.0
2004-08-11 00:00:00+09:00,1329.7953543526787,1368.906982421875,1329.7953543526787,1368.906982421875,3600,0.0,0.0
2004-08-12 00:00:00+09:00,1366.2995087214708,1368.906982421875,1342.832531879953,1368.906982421875,2400,0.0,0.0
2004-08-13 00:00:00+09:00,1324.5804497654676,1367.603238930723,1324.5804497654676,1355.8697509765625,9600,0.0,0.0
2004-08-16 00:00:00+09:00,1355.8703211386703,1368.907503629818,1323.2772216796875,1323.2772216796875,3000,0.0,0.0
2004-08-17 00:00:00+09:00,1329.795301471527,1355.8697509765625,1329.795301471527,1355.8697509765625,3000,0.0,0.0
2004-08-18 00:00:00+09:00,1329.7955988565184,1394.981689453125,1329.7955988565184,1394.981689453125,9000,0.0,0.0
2004-08-19 00:00:00+09:00,1408.018640170455,1432.789306640625,1408.018640170455,1432.789306640625,6000,0.0,0.0
2004-08-20 00:00:00+09:00,1431.48583984375,1434.0933140041072,1431.48583984375,1431.48583984375,3000,0.0,0.0
2004-08-23 00:00:00+09:00,1394.981432963797,1408.0186104910715,1368.906982421875,1368.906982421875,11400,0.0,0.0
2004-08-24 00:00:00+09:00,1345.4403350917023,1388.4631365045184,1345.4403350917023,1372.8184814453125,24000,0.0,3.0
2004-08-25 00:00:00+09:00,1372.8181821222174,1427.574462890625,1372.8181821222174,1427.574462890625,78000,0.0,0.0
2004-08-26 00:00:00+09:00,1482.6323766759924,1533.75763104413,1455.1033935546875,1455.1033935546875,10800,10.0,0.0
2004-08-27 00:00:00+09:00,1455.1034191827089,1455.1034191827089,1419.7090116890754,1423.6417236328125,5400,0.0,0.0
2004-08-30 00:00:00+09:00,1415.7766446200285,1415.7766446200285,1344.9878123890269,1384.31494140625,6400,0.0,0.0
2004-08-31 00:00:00+09:00,1364.6514456612724,1376.4495849609375,1341.055167061942,1376.4495849609375,2200,0.0,0.0
2004-09-01 00:00:00+09:00,1352.8532023347182,1372.5167663221414,1352.8532023347182,1360.7186279296875,1200,0.0,0.0
2004-09-02 00:00:00+09:00,1364.6513768976386,1384.31494140625,1364.6513768976386,1384.31494140625,2000,0.0,0.0
2004-09-03 00:00:00+09:00,1384.3150373931624,1388.247750567575,1368.584184695513,1380.38232421875,2000,0.0,0.0
2004-09-06 00:00:00+09:00,1400.0455592393207,1407.9109837294293,1396.1128469942664,1403.978271484375,5000,0.0,0.0
2004-09-07 00:00:00+09:00,1415.7762574613764,1415.7762574613764,1396.1126983299685,1400.04541015625,4200,0.0,0.0
2004-09-08 00:00:00+09:00,1439.3725158691404,1439.3725158691404,1415.7762451171875,1415.7762451171875,8600,0.0,0.0
2004-09-09 00:00:00+09:00,1455.1033935546875,1474.7669529270481,1455.1033935546875,1455.1033935546875,8400,0.0,0.0
2004-09-10 00:00:00+09:00,1474.767533559648,1486.565673828125,1474.767533559648,1486.565673828125,3200,0.0,0.0
2004-09-13 00:00:00+09:00,1474.767386438992,1482.6328125,1462.9692473474802,1482.6328125,5800,0.0,0.0
2004-09-14 00:00:00+09:00,1486.565525530504,1506.2290906830237,1482.6328125,1482.6328125,3800,0.0,0.0
2004-09-15 00:00:00+09:00,1482.6327395922517,1482.6327395922517,1419.7093341984162,1435.440185546875,10000,0.0,0.0
2004-09-16 00:00:00+09:00,1439.3727912374482,1439.3727912374482,1419.709228515625,1419.709228515625,3400,0.0,0.0
2004-09-17 00:00:00+09:00,1419.7093341984162,1435.440185546875,1400.0457700128425,1435.440185546875,4200,0.0,0.0
2004-09-20 00:00:00+09:00,1435.440185546875,1435.440185546875,1435.440185546875,1435.440185546875,0,0.0,0.0
2004-09-21 00:00:00+09:00,1435.4398040771484,1439.3725158691404,1415.7762451171875,1415.7762451171875,2400,0.0,0.0
2004-09-22 00:00:00+09:00,1431.507595486111,1431.507595486111,1380.38232421875,1380.38232421875,1800,0.0,0.0
2004-09-23 00:00:00+09:00,1380.38232421875,1380.38232421875,1380.38232421875,1380.38232421875,0,0.0,0.0
2004-09-24 00:00:00+09:00,1380.3820133652798,1380.3820133652798,1352.85302734375,1352.85302734375,3200,0.0,0.0
2004-09-27 00:00:00+09:00,1352.8529167060046,1352.8529167060046,1301.7276611328125,1301.7276611328125,1200,0.0,0.0
2004-09-28 00:00:00+09:00,1301.727855682373,1301.727855682373,1258.468017578125,1258.468017578125,2000,0.0,0.0
2004-09-29 00:00:00+09:00,1254.5353861490885,1258.4680989583333,1179.8138427734375,1179.8138427734375,3800,0.0,0.0
2004-09-30 00:00:00+09:00,1191.6117624590474,1223.073459157636,1179.8136261970767,1219.1407470703125,9200,0.0,0.0
2004-10-01 00:00:00+09:00,1258.4678819444446,1258.4678819444446,1199.4771999782986,1203.409912109375,5200,0.0,0.0
2004-10-04 00:00:00+09:00,1219.1409271542389,1227.0063524907177,1191.6119384765625,1191.6119384765625,10800,0.0,0.0
2004-10-05 00:00:00+09:00,1230.938991668118,1234.8717041015625,1219.1408543677846,1234.8717041015625,1800,0.0,0.0
2004-10-06 00:00:00+09:00,1254.535400390625,1254.535400390625,1234.8718361211795,1254.535400390625,1600,0.0,0.0
2004-10-07 00:00:00+09:00,1258.4682692307692,1278.1318359375,1258.4682692307692,1278.1318359375,1800,0.0,0.0
2004-10-08 00:00:00+09:00,1285.9967862215908,1297.794921875,1278.1313624526515,1297.794921875,3800,0.0,0.0
2004-10-11 00:00:00+09:00,1297.794921875,1297.794921875,1297.794921875,1297.794921875,0,0.0,0.0
2004-10-12 00:00:00+09:00,1297.7949505974264,1360.718342141544,1297.7949505974264,1337.1220703125,800,0.0,0.0
2004-10-13 00:00:00+09:00,1337.1223035214553,1376.4494300956158,1317.458740234375,1317.458740234375,2200,0.0,0.0
2004-10-14 00:00:00+09:00,1337.1220703125,1337.1220703125,1337.1220703125,1337.1220703125,400,0.0,0.0
2004-10-15 00:00:00+09:00,1337.1222069149926,1337.1222069149926,1321.391357421875,1321.391357421875,2800,0.0,0.0
2004-10-18 00:00:00+09:00,1325.3240155431324,1333.1894399677208,1313.52587890625,1313.52587890625,2200,0.0,0.0
2004-10-19 00:00:00+09:00,1317.4586450485956,1321.391357421875,1317.4586450485956,1321.391357421875,800,0.0,0.0
2004-10-20 00:00:00+09:00,1301.728089509187,1301.728089509187,1274.1990966796875,1274.1990966796875,3800,0.0,0.0
2004-10-21 00:00:00+09:00,1313.5262292932582,1313.5262292932582,1274.1990966796875,1274.1990966796875,3400,0.0,0.0
2004-10-22 00:00:00+09:00,1234.8719221121205,1238.8046352398662,1230.939208984375,1230.939208984375,10800,0.0,0.0
2004-10-25 00:00:00+09:00,1230.939173595913,1230.939173595913,1207.3428955078125,1207.3428955078125,6400,0.0,0.0
2004-10-26 00:00:00+09:00,1187.6790503717239,1219.1407470703125,1187.6790503717239,1219.1407470703125,3800,0.0,0.0
2004-10-27 00:00:00+09:00,1219.1408010629507,1238.8043623704177,1219.1408010629507,1227.0062255859375,1800,0.0,0.0
2004-10-28 00:00:00+09:00,1219.1408010629507,1227.0062255859375,1219.1408010629507,1227.0062255859375,1000,0.0,0.0
2004-10-29 00:00:00+09:00,1230.9391031110943,1230.9391031110943,1215.208251953125,1215.208251953125,3600,0.0,0.0
2004-11-01 00:00:00+09:00,1211.2755452473957,1211.2755452473957,1179.8138427734375,1179.8138427734375,3800,0.0,0.0
2004-11-02 00:00:00+09:00,1199.4771866336946,1219.1407470703125,1199.4771866336946,1219.1407470703125,1800,0.0,0.0
2004-11-03 00:00:00+09:00,1219.1407470703125,1219.1407470703125,1219.1407470703125,1219.1407470703125,0,0.0,0.0
2004-11-04 00:00:00+09:00,1211.2755555199797,1211.2755555199797,1199.4774169921875,1199.4774169921875,1200,0.0,0.0
2004-11-05 00:00:00+09:00,1219.1407470703125,1219.1407470703125,1195.544474546371,1219.1407470703125,1600,0.0,0.0
2004-11-08 00:00:00+09:00,1219.1407606336807,1219.1407606336807,1199.4771999782986,1203.409912109375,4400,0.0,0.0
2004-11-09 00:00:00+09:00,1203.4097346255655,1207.3424461766294,1195.5443115234375,1195.5443115234375,4800,0.0,0.0
2004-11-10 00:00:00+09:00,1215.2083215371792,1215.2083215371792,1207.3428955078125,1207.3428955078125,1600,0.0,0.0
2004-11-11 00:00:00+09:00,1211.275390625,1215.2081029322242,1203.409966010552,1211.275390625,3000,0.0,0.0
2004-11-12 00:00:00+09:00,1211.275390625,1215.2081029322242,1203.409966010552,1211.275390625,5400,0.0,0.0
2004-11-15 00:00:00+09:00,1219.1409271542389,1219.1409271542389,1191.6119384765625,1191.6119384765625,7400,0.0,0.0
2004-11-16 00:00:00+09:00,1203.4101298347848,1203.4101298347848,1191.6119913069929,1199.4774169921875,6000,0.0,0.0
2004-11-17 00:00:00+09:00,1199.4773369593336,1207.3427621197227,1187.67919921875,1187.67919921875,7200,0.0,0.0
2004-11-18 00:00:00+09:00,1195.5443115234375,1195.5443115234375,1187.6788884213097,1195.5443115234375,2000,0.0,0.0
2004-11-19 00:00:00+09:00,1195.544624379139,1195.544624379139,1187.67919921875,1187.67919921875,3800,0.0,0.0
2004-11-22 00:00:00+09:00,1195.5447207225914,1195.5447207225914,1179.8138691341362,1183.74658203125,6600,0.0,0.0
2004-11-23 00:00:00+09:00,1183.74658203125,1183.74658203125,1183.74658203125,1183.74658203125,0,0.0,0.0
2004-11-24 00:00:00+09:00,1203.410076481281,1207.3427891495205,1191.6119384765625,1191.6119384765625,2000,0.0,0.0
2004-11-25 00:00:00+09:00,1219.1407470703125,1219.1407470703125,1215.208034982989,1219.1407470703125,4000,0.0,0.0
2004-11-26 00:00:00+09:00,1199.4771866336946,1219.1407470703125,1199.4771866336946,1219.1407470703125,1600,0.0,0.0
2004-11-29 00:00:00+09:00,1219.1409647426174,1219.1409647426174,1215.208251953125,1215.208251953125,400,0.0,0.0
2004-11-30 00:00:00+09:00,1203.410049539528,1203.410049539528,1187.67919921875,1187.67919921875,6000,0.0,0.0
2004-12-01 00:00:00+09:00,1191.6120078254776,1203.410146516819,1183.74658203125,1183.74658203125,3800,0.0,0.0
2004-12-02 00:00:00+09:00,1183.7464866385553,1211.2754746999171,1179.8137740583609,1187.67919921875,5400,0.0,0.0
2004-12-03 00:00:00+09:00,1219.1407470703125,1242.737019594254,1219.1407470703125,1219.1407470703125,7200,0.0,0.0
2004-12-06 00:00:00+09:00,1219.1410345518627,1219.1410345518627,1199.4774694784455,1207.3428955078125,6400,0.0,0.0
2004-12-07 00:00:00+09:00,1215.2083215371792,1215.2083215371792,1207.3428955078125,1207.3428955078125,1600,0.0,0.0
2004-12-08 00:00:00+09:00,1203.410182493129,1215.2083215371792,1203.410182493129,1207.3428955078125,4400,0.0,0.0
2004-12-09 00:00:00+09:00,1215.208268362577,1215.208268362577,1199.4774169921875,1199.4774169921875,6400,0.0,0.0
2004-12-10 00:00:00+09:00,1211.2751577276933,1211.2751577276933,1191.6115999723736,1195.5443115234375,3400,0.0,0.0
2004-12-13 00:00:00+09:00,1207.3426242404514,1207.3426242404514,1199.4771999782986,1203.409912109375,1800,0.0,0.0
2004-12-14 00:00:00+09:00,1203.4101298347848,1203.4101298347848,1199.4774169921875,1199.4774169921875,3200,0.0,0.0
2004-12-15 00:00:00+09:00,1207.3426242404514,1211.2753363715278,1203.409912109375,1203.409912109375,4800,0.0,0.0
2004-12-16 00:00:00+09:00,1203.4101298347848,1203.4101298347848,1199.4774169921875,1199.4774169921875,3200,0.0,0.0
2004-12-17 00:00:00+09:00,1199.4774694784455,1211.275608522496,1199.4774694784455,1207.3428955078125,7400,0.0,0.0
2004-12-20 00:00:00+09:00,1207.3426642784707,1227.0062255859375,1199.4772397554839,1227.0062255859375,10200,0.0,0.0
2004-12-21 00:00:00+09:00,1258.4682692307692,1278.1318359375,1246.6701292067307,1278.1318359375,11600,0.0,0.0
2004-12-22 00:00:00+09:00,1297.7951769472947,1317.458740234375,1297.7951769472947,1317.458740234375,10400,0.0,0.0
2004-12-23 00:00:00+09:00,1317.458740234375,1317.458740234375,1317.458740234375,1317.458740234375,0,0.0,0.0
2004-12-24 00:00:00+09:00,1317.458591118544,1317.458591118544,1301.7277422693676,1313.52587890625,9000,0.0,0.0
2004-12-27 00:00:00+09:00,1317.4584812973485,1317.4584812973485,1297.794921875,1297.794921875,7600,0.0,0.0
2004-12-28 00:00:00+09:00,1309.593057528409,1309.593057528409,1297.794921875,1297.794921875,4200,0.0,0.0
2004-12-29 00:00:00+09:00,1297.794921875,1297.794921875,1270.265938683712,1297.794921875,4400,0.0,0.0
2004-12-30 00:00:00+09:00,1297.794921875,1297.794921875,1270.265938683712,1297.794921875,2600,0.0,0.0
2004-12-31 00:00:00+09:00,1297.794921875,1297.794921875,1297.794921875,1297.794921875,0,0.0,0.0
2005-01-03 00:00:00+09:00,1297.794921875,1297.794921875,1297.794921875,1297.794921875,0,0.0,0.0
2005-01-04 00:00:00+09:00,1305.6603745404411,1337.1220703125,1305.6603745404411,1337.1220703125,3000,0.0,0.0
2005-01-05 00:00:00+09:00,1333.1897495303335,1341.05517578125,1329.2570364048754,1341.05517578125,5600,0.0,0.0
2005-01-06 00:00:00+09:00,1341.0546320462297,1341.0546320462297,1329.2564974534475,1333.189208984375,6800,0.0,0.0
2005-01-07 00:00:00+09:00,1333.1897495303335,1341.05517578125,1329.2570364048754,1341.05517578125,3000,0.0,0.0
2005-01-10 00:00:00+09:00,1341.05517578125,1341.05517578125,1341.05517578125,1341.05517578125,0,0.0,0.0
2005-01-11 00:00:00+09:00,1344.98760276617,1352.85302734375,1341.05489047738,1352.85302734375,5800,0.0,0.0
2005-01-12 00:00:00+09:00,1356.7858352883563,1368.583972986516,1341.0549850241437,1348.92041015625,5400,0.0,0.0
2005-01-13 00:00:00+09:00,1352.85302734375,1356.7857396325398,1337.12217818859,1352.85302734375,5600,0.0,0.0
2005-01-14 00:00:00+09:00,1352.85302734375,1364.6511642101198,1337.12217818859,1352.85302734375,8000,0.0,0.0
2005-01-17 00:00:00+09:00,1376.4493010764897,1376.4493010764897,1337.12217818859,1352.85302734375,8200,0.0,0.0
2005-01-18 00:00:00+09:00,1341.0549850241437,1348.92041015625,1341.0549850241437,1348.92041015625,4000,0.0,0.0
2005-01-19 00:00:00+09:00,1341.05517578125,1344.9878889067081,1337.1224626557917,1341.05517578125,6600,0.0,0.0
2005-01-20 00:00:00+09:00,1337.1219205153022,1341.0546320462297,1333.189208984375,1333.189208984375,6600,0.0,0.0
2005-01-21 00:00:00+09:00,1317.4583628606656,1337.1219205153022,1309.5929397988107,1333.189208984375,7600,0.0,0.0
2005-01-24 00:00:00+09:00,1337.1221245659722,1344.987548828125,1337.1221245659722,1344.987548828125,3600,0.0,0.0
2005-01-25 00:00:00+09:00,1344.9878889067081,1344.9878889067081,1337.1224626557917,1341.05517578125,3800,0.0,0.0
2005-01-26 00:00:00+09:00,1341.0549850241437,1348.92041015625,1337.1222724580903,1348.92041015625,6200,0.0,0.0
2005-01-27 00:00:00+09:00,1348.92031505496,1352.85302734375,1341.05489047738,1352.85302734375,3600,0.0,0.0
2005-01-28 00:00:00+09:00,1348.92031505496,1352.85302734375,1344.98760276617,1352.85302734375,4000,0.0,0.0
2005-01-31 00:00:00+09:00,1348.92031505496,1356.7857396325398,1344.98760276617,1352.85302734375,13400,0.0,0.0
2005-02-01 00:00:00+09:00,1356.78564453125,1368.5837805706522,1356.78564453125,1356.78564453125,4600,0.0,0.0
2005-02-02 00:00:00+09:00,1372.5164521316003,1396.1127235149515,1368.583740234375,1368.583740234375,9600,0.0,0.0
2005-02-03 00:00:00+09:00,1407.910901775468,1411.8436137916005,1368.583781614142,1392.1800537109375,9200,0.0,0.0
2005-02-04 00:00:00+09:00,1407.9108338088133,1415.7762574613764,1400.04541015625,1400.04541015625,5400,0.0,0.0
2005-02-07 00:00:00+09:00,1427.5746536043541,1427.5746536043541,1403.9783783381665,1419.709228515625,8600,0.0,0.0
2005-02-08 00:00:00+09:00,1419.7090116890754,1423.6417236328125,1415.7762997453385,1423.6417236328125,5400,0.0,0.0
2005-02-09 00:00:00+09:00,1427.5746536043541,1435.4400786930835,1419.709228515625,1419.709228515625,4200,0.0,0.0
2005-02-10 00:00:00+09:00,1419.7089174549112,1427.5743408203125,1419.7089174549112,1427.5743408203125,4400,0.0,0.0
2005-02-11 00:00:00+09:00,1427.5743408203125,1427.5743408203125,1427.5743408203125,1427.5743408203125,0,0.0,0.0
2005-02-14 00:00:00+09:00,1427.5747598726457,1443.3056112211045,1427.5747598726457,1435.440185546875,8000,0.0,0.0
2005-02-15 00:00:00+09:00,1443.3055845826536,1443.3055845826536,1431.5074462890625,1431.5074462890625,10600,0.0,0.0
2005-02-16 00:00:00+09:00,1443.305270502476,1447.2379824112022,1439.37255859375,1439.37255859375,3800,0.0,0.0
2005-02-17 00:00:00+09:00,1439.3729510814032,1447.2383770435968,1435.4402381003065,1443.3056640625,8200,0.0,0.0
2005-02-18 00:00:00+09:00,1451.1712387748387,1451.1712387748387,1439.3730986221976,1447.238525390625,7400,0.0,0.0
2005-02-21 00:00:00+09:00,1455.1038642108122,1470.834716796875,1455.1038642108122,1470.834716796875,13800,0.0,0.0
2005-02-22 00:00:00+09:00,1466.9020923116932,1466.9020923116932,1439.3730986221976,1447.238525390625,12600,0.0,0.0
2005-02-23 00:00:00+09:00,1398.7737932477678,1398.7737932477678,1343.6108830915177,1379.07275390625,12400,3.5,0.0
2005-02-24 00:00:00+09:00,1379.0725532619433,1379.0725532619433,1347.5508949016703,1371.192138671875,3400,0.0,0.0
2005-02-25 00:00:00+09:00,1375.1322884822237,1375.1322884822237,1359.3714599609375,1359.3714599609375,10800,0.0,0.0
2005-02-28 00:00:00+09:00,1343.6103966515343,1343.6103966515343,1300.2681257918075,1312.0887451171875,10400,0.0,0.0
2005-03-01 00:00:00+09:00,1308.1488385881696,1339.6704973493304,1308.1488385881696,1323.90966796875,10400,0.0,0.0
2005-03-02 00:00:00+09:00,1327.8497888901654,1339.67041015625,1323.9095818014707,1339.67041015625,9800,0.0,0.0
2005-03-03 00:00:00+09:00,1339.6704591242835,1379.0725314514684,1331.7900446588467,1375.13232421875,14200,0.0,0.0
2005-03-04 00:00:00+09:00,1379.07275390625,1379.07275390625,1367.2521303013393,1379.07275390625,3200,0.0,0.0
2005-03-07 00:00:00+09:00,1359.3715167867726,1375.1323459669093,1359.3715167867726,1371.192138671875,5800,0.0,0.0
2005-03-08 00:00:00+09:00,1367.2518742215807,1367.2518742215807,1359.3714599609375,1359.3714599609375,3800,0.0,0.0
2005-03-09 00:00:00+09:00,1355.43115234375,1355.43115234375,1343.6105318291243,1355.43115234375,3600,0.0,0.0
2005-03-10 00:00:00+09:00,1351.4909882127192,1367.2518160635964,1347.55078125,1347.55078125,4200,0.0,0.0
2005-03-11 00:00:00+09:00,1367.251974998871,1367.251974998871,1343.6107304743948,1363.311767578125,6600,0.0,0.0
2005-03-14 00:00:00+09:00,1351.4912109375,1363.311833773688,1351.4912109375,1351.4912109375,7000,0.0,0.0
2005-03-15 00:00:00+09:00,1367.251974998871,1371.192182419617,1359.371560157379,1363.311767578125,4800,0.0,0.0
2005-03-16 00:00:00+09:00,1375.1321865347927,1375.1321865347927,1355.43115234375,1355.43115234375,4400,0.0,0.0
2005-03-17 00:00:00+09:00,1359.371560157379,1371.192182419617,1359.371560157379,1363.311767578125,2200,0.0,0.0
2005-03-18 00:00:00+09:00,1355.4313527366328,1367.251974998871,1355.4313527366328,1363.311767578125,4600,0.0,0.0
2005-03-21 00:00:00+09:00,1363.311767578125,1363.311767578125,1363.311767578125,1363.311767578125,0,0.0,0.0
2005-03-22 00:00:00+09:00,1363.311767578125,1367.251974998871,1339.6705230536488,1363.311767578125,6800,0.0,0.0
2005-03-23 00:00:00+09:00,1363.311745767291,1375.1323678404178,1359.3715384095822,1367.251953125,6000,0.0,0.0
2005-03-24 00:00:00+09:00,1359.3715167867726,1375.1323459669093,1359.3715167867726,1371.192138671875,18800,0.0,0.0
2005-03-25 00:00:00+09:00,1379.0725751981267,1379.0725751981267,1351.4911236941641,1367.251953125,10000,0.0,0.0
2005-03-28 00:00:00+09:00,1351.491378112972,1355.4315862124267,1339.670753814608,1343.6109619140625,4200,0.0,0.0
2005-03-29 00:00:00+09:00,1363.311833773688,1363.311833773688,1351.4912109375,1351.4912109375,2400,0.0,0.0
2005-03-30 00:00:00+09:00,1351.4912109375,1351.4912109375,1339.670588101312,1351.4912109375,4600,0.0,0.0
2005-03-31 00:00:00+09:00,1343.6109619140625,1347.5511700135173,1343.6109619140625,1343.6109619140625,3200,0.0,0.0
2005-04-01 00:00:00+09:00,1339.670753814608,1343.6109619140625,1339.670753814608,1343.6109619140625,800,0.0,0.0
2005-04-04 00:00:00+09:00,1343.6107957133747,1351.4912109375,1339.670588101312,1351.4912109375,2000,0.0,0.0
2005-04-05 00:00:00+09:00,1351.491378112972,1351.491378112972,1343.6109619140625,1343.6109619140625,5600,0.0,0.0
2005-04-06 00:00:00+09:00,1351.4910457002943,1375.1322884822237,1351.4910457002943,1359.3714599609375,5000,0.0,0.0
2005-04-07 00:00:00+09:00,1367.251909753313,1375.13232421875,1367.251909753313,1375.13232421875,2200,0.0,0.0
2005-04-08 00:00:00+09:00,1383.0124653347289,1426.354736328125,1383.0124653347289,1426.354736328125,15200,0.0,0.0
2005-04-11 00:00:00+09:00,1398.773748224432,1402.7139559659092,1386.953125,1386.953125,7000,0.0,0.0
2005-04-12 00:00:00+09:00,1386.9529899135446,1386.9529899135446,1363.311745767291,1367.251953125,4400,0.0,0.0
2005-04-13 00:00:00+09:00,1359.3714599609375,1359.3714599609375,1355.431252830616,1359.3714599609375,2000,0.0,0.0
2005-04-14 00:00:00+09:00,1355.4314185495627,1355.4314185495627,1347.5510033254373,1351.4912109375,2000,0.0,0.0
2005-04-15 00:00:00+09:00,1375.132229989035,1375.132229989035,1327.8497464364034,1347.55078125,7200,0.0,0.0
2005-04-18 00:00:00+09:00,1308.1487245501894,1319.969345555161,1300.268310546875,1300.268310546875,10200,0.0,0.0
2005-04-19 00:00:00+09:00,1300.2683392693016,1347.5508243336399,1300.2683392693016,1339.67041015625,3600,0.0,0.0
2005-04-20 00:00:00+09:00,1359.3713591819585,1359.3713591819585,1355.43115234375,1355.43115234375,4800,0.0,0.0
2005-04-21 00:00:00+09:00,1359.3714599609375,1359.3714599609375,1339.6704243093297,1359.3714599609375,5200,0.0,0.0
2005-04-22 00:00:00+09:00,1363.311667091259,1363.311667091259,1359.3714599609375,1359.3714599609375,2400,0.0,0.0
2005-04-25 00:00:00+09:00,1375.132389840363,1379.072597261109,1363.311767578125,1363.311767578125,1000,0.0,0.0
2005-04-26 00:00:00+09:00,1363.311767578125,1363.311767578125,1363.311767578125,1363.311767578125,0,0.0,0.0
2005-04-27 00:00:00+09:00,1363.311745767291,1367.251953125,1363.311745767291,1367.251953125,600,0.0,0.0
2005-04-28 00:00:00+09:00,1347.5508243336399,1347.5508243336399,1339.67041015625,1339.67041015625,1800,0.0,0.0
2005-04-29 00:00:00+09:00,1339.67041015625,1339.67041015625,1339.67041015625,1339.67041015625,0,0.0,0.0
2005-05-02 00:00:00+09:00,1339.6705016210374,1379.0725751981267,1312.089050117075,1367.251953125,4600,0.0,0.0
2005-05-03 00:00:00+09:00,1367.251953125,1367.251953125,1367.251953125,1367.251953125,0,0.0,0.0
2005-05-04 00:00:00+09:00,1367.251953125,1367.251953125,1367.251953125,1367.251953125,0,0.0,0.0
2005-05-05 00:00:00+09:00,1367.251953125,1367.251953125,1367.251953125,1367.251953125,0,0.0,0.0
2005-05-06 00:00:00+09:00,1339.670588101312,1367.2520413857508,1339.670588101312,1351.4912109375,6200,0.0,0.0
2005-05-09 00:00:00+09:00,1343.6109619140625,1343.6109619140625,1343.6109619140625,1343.6109619140625,600,0.0,0.0
2005-05-10 00:00:00+09:00,1347.55078125,1347.55078125,1347.55078125,1347.55078125,800,0.0,0.0
2005-05-11 00:00:00+09:00,1347.5508243336399,1347.5508243336399,1339.67041015625,1339.67041015625,1600,0.0,0.0
2005-05-12 00:00:00+09:00,1339.670588101312,1351.4912109375,1339.670588101312,1351.4912109375,2000,0.0,0.0
2005-05-13 00:00:00+09:00,1335.730123847194,1335.730123847194,1331.7899169921875,1331.7899169921875,2200,0.0,0.0
2005-05-16 00:00:00+09:00,1351.4909882127192,1351.4909882127192,1347.55078125,1347.55078125,2000,0.0,0.0
2005-05-17 00:00:00+09:00,1347.550934293377,1347.550934293377,1319.969482421875,1319.969482421875,3800,0.0,0.0
2005-05-18 00:00:00+09:00,1304.2085964708444,1312.0890109510308,1304.2085964708444,1308.1488037109375,2000,0.0,0.0
2005-05-19 00:00:00+09:00,1308.1488601912313,1319.969482421875,1308.1488601912313,1319.969482421875,4000,0.0,0.0
2005-05-20 00:00:00+09:00,1312.089067601446,1323.9096898320895,1312.089067601446,1319.969482421875,2000,0.0,0.0
2005-05-23 00:00:00+09:00,1319.9694606236048,1327.8498753138952,1319.9694606236048,1323.90966796875,3400,0.0,0.0
2005-05-24 00:00:00+09:00,1323.9093611725664,1335.72998046875,1323.9093611725664,1335.72998046875,2400,0.0,0.0
2005-05-25 00:00:00+09:00,1323.9095525568182,1335.7301735617898,1300.268310546875,1300.268310546875,6600,0.0,0.0
2005-05-26 00:00:00+09:00,1300.2684059143066,1300.2684059143066,1260.8663330078125,1260.8663330078125,4200,0.0,0.0
2005-05-27 00:00:00+09:00,1280.5674710377725,1280.5674710377725,1260.8664330218069,1264.806640625,5400,0.0,0.0
2005-05-30 00:00:00+09:00,1260.8665644171779,1284.5078125,1260.8665644171779,1284.5078125,2200,0.0,0.0
2005-05-31 00:00:00+09:00,1264.8068169487847,1280.5676495587384,1264.8068169487847,1276.62744140625,2000,0.0,0.0
2005-06-01 00:00:00+09:00,1280.567626953125,1280.567626953125,1280.567626953125,1280.567626953125,200,0.0,0.0
2005-06-02 00:00:00+09:00,1280.5674390095037,1292.3880615234375,1280.5674390095037,1292.3880615234375,800,0.0,0.0
2005-06-03 00:00:00+09:00,1272.6871337890625,1280.5675494781588,1272.6871337890625,1272.6871337890625,3200,0.0,0.0
2005-06-06 00:00:00+09:00,1288.4480431189904,1288.4480431189904,1280.567626953125,1280.567626953125,1400,0.0,0.0
2005-06-07 00:00:00+09:00,1300.2686673677886,1300.2686673677886,1280.567626953125,1280.567626953125,600,0.0,0.0
2005-06-08 00:00:00+09:00,1280.567626953125,1280.567626953125,1280.567626953125,1280.567626953125,1400,0.0,0.0
2005-06-09 00:00:00+09:00,1280.567626953125,1280.567626953125,1280.567626953125,1280.567626953125,800,0.0,0.0
2005-06-10 00:00:00+09:00,1280.5676044861964,1284.5078125,1280.5676044861964,1284.5078125,400,0.0,0.0
2005-06-13 00:00:00+09:00,1284.5078577112267,1284.5078577112267,1276.62744140625,1276.62744140625,3200,0.0,0.0
2005-06-14 00:00:00+09:00,1296.328436541411,1296.328436541411,1284.5078125,1284.5078125,1000,0.0,0.0
2005-06-15 00:00:00+09:00,1300.2686445552147,1300.2686445552147,1276.6273964723925,1284.5078125,2000,0.0,0.0
2005-06-16 00:00:00+09:00,1284.5078350360577,1284.5078350360577,1280.567626953125,1280.567626953125,600,0.0,0.0
2005-06-17 00:00:00+09:00,1280.567275538589,1300.268310546875,1276.6270685369318,1300.268310546875,3200,0.0,0.0
2005-06-20 00:00:00+09:00,1319.969161380686,1319.969161380686,1288.447509765625,1288.447509765625,800,0.0,0.0
2005-06-21 00:00:00+09:00,1288.4480205138036,1288.4480205138036,1284.5078125,1284.5078125,600,0.0,0.0
2005-06-22 00:00:00+09:00,1284.5078125,1284.5078125,1284.5078125,1284.5078125,400,0.0,0.0
2005-06-23 00:00:00+09:00,1288.447509765625,1288.447509765625,1288.447509765625,1288.447509765625,600,0.0,0.0
2005-06-24 00:00:00+09:00,1288.4476895419034,1300.268310546875,1288.4476895419034,1300.268310546875,1800,0.0,0.0
2005-06-27 00:00:00+09:00,1308.1485420250383,1308.1485420250383,1288.447509765625,1288.447509765625,1600,0.0,0.0
2005-06-28 00:00:00+09:00,1288.447509765625,1288.447509765625,1288.447509765625,1288.447509765625,800,0.0,0.0
2005-06-29 00:00:00+09:00,1300.2683463639128,1316.0291748046875,1300.2683463639128,1316.0291748046875,6000,0.0,0.0
2005-06-30 00:00:00+09:00,1308.1487605843001,1316.0291748046875,1300.2683463639128,1316.0291748046875,1600,0.0,0.0
2005-07-01 00:00:00+09:00,1300.2683463639128,1316.0291748046875,1300.2683463639128,1316.0291748046875,1200,0.0,0.0
2005-07-04 00:00:00+09:00,1308.1487605843001,1316.0291748046875,1300.2683463639128,1316.0291748046875,1800,0.0,0.0
2005-07-05 00:00:00+09:00,1316.0294996995192,1316.0294996995192,1280.567626953125,1280.567626953125,6200,0.0,0.0
2005-07-06 00:00:00+09:00,1280.5675159801137,1280.5675159801137,1256.92626953125,1256.92626953125,21800,0.0,0.0
2005-07-07 00:00:00+09:00,1256.9263024108698,1272.6871337890625,1256.9263024108698,1272.6871337890625,2200,0.0,0.0
2005-07-08 00:00:00+09:00,1276.62744140625,1276.62744140625,1276.62744140625,1276.62744140625,1600,0.0,0.0
2005-07-11 00:00:00+09:00,1296.3284592848559,1296.3284592848559,1276.6274188701923,1280.567626953125,3000,0.0,0.0
2005-07-12 00:00:00+09:00,1280.5676495587384,1292.3882740162037,1276.62744140625,1276.62744140625,3000,0.0,0.0
2005-07-13 00:00:00+09:00,1280.5676495587384,1292.3882740162037,1272.6872332537616,1276.62744140625,3600,0.0,0.0
2005-07-14 00:00:00+09:00,1276.62744140625,1280.5676495587384,1276.62744140625,1276.62744140625,1400,0.0,0.0
2005-07-15 00:00:00+09:00,1288.4480658637153,1288.4480658637153,1256.926400643808,1276.62744140625,11000,0.0,0.0
2005-07-18 00:00:00+09:00,1276.62744140625,1276.62744140625,1276.62744140625,1276.62744140625,0,0.0,0.0
2005-07-19 00:00:00+09:00,1284.5078350360577,1292.3882512019231,1280.567626953125,1280.567626953125,3400,0.0,0.0
2005-07-20 00:00:00+09:00,1280.567626953125,1292.3882512019231,1280.567626953125,1280.567626953125,2800,0.0,0.0
2005-07-21 00:00:00+09:00,1280.567626953125,1280.567626953125,1280.567626953125,1280.567626953125,800,0.0,0.0
2005-07-22 00:00:00+09:00,1280.5674487759609,1280.5674487759609,1268.746826171875,1268.746826171875,1000,0.0,0.0
2005-07-25 00:00:00+09:00,1288.447886244159,1288.447886244159,1264.806640625,1264.806640625,4400,0.0,0.0
2005-07-26 00:00:00+09:00,1268.746826171875,1272.6870337065704,1264.8066186371798,1268.746826171875,3400,0.0,0.0
2005-07-27 00:00:00+09:00,1272.6872332537616,1276.62744140625,1268.747025101273,1276.62744140625,1800,0.0,0.0
2005-07-28 00:00:00+09:00,1276.6273964723925,1284.5078125,1276.6273964723925,1284.5078125,2200,0.0,0.0
2005-07-29 00:00:00+09:00,1284.5078125,1284.5078125,1280.5676044861964,1284.5078125,2800,0.0,0.0
2005-08-01 00:00:00+09:00,1292.388161331687,1296.328369140625,1288.4479535227488,1296.328369140625,3600,0.0,0.0
2005-08-02 00:00:00+09:00,1292.3880615234375,1296.328269028082,1292.3880615234375,1292.3880615234375,2400,0.0,0.0
2005-08-03 00:00:00+09:00,1292.3882285276075,1292.3882285276075,1284.5078125,1284.5078125,2200,0.0,0.0
2005-08-04 00:00:00+09:00,1288.4480658637153,1288.4480658637153,1276.62744140625,1276.62744140625,4000,0.0,0.0
2005-08-05 00:00:00+09:00,1272.6872107872596,1280.567626953125,1272.6872107872596,1280.567626953125,2600,0.0,0.0
2005-08-08 00:00:00+09:00,1284.5078577112267,1284.5078577112267,1276.62744140625,1276.62744140625,400,0.0,0.0
2005-08-09 00:00:00+09:00,1276.6273964723925,1284.5078125,1276.6273964723925,1284.5078125,1000,0.0,0.0
2005-08-10 00:00:00+09:00,1288.4480205138036,1288.4480205138036,1284.5078125,1284.5078125,1400,0.0,0.0
2005-08-11 00:00:00+09:00,1288.4480658637153,1292.3882740162037,1276.62744140625,1276.62744140625,6000,0.0,0.0
2005-08-12 00:00:00+09:00,1284.5073033137423,1288.447509765625,1280.5670968618597,1288.447509765625,2400,0.0,0.0
2005-08-15 00:00:00+09:00,1296.328369140625,1296.328369140625,1292.388161331687,1296.328369140625,4800,0.0,0.0
2005-08-16 00:00:00+09:00,1292.3877162175077,1296.3279226693903,1280.5670968618597,1288.447509765625,7400,0.0,0.0
2005-08-17 00:00:00+09:00,1280.5670968618597,1292.3877162175077,1280.5670968618597,1288.447509765625,5400,0.0,0.0
2005-08-18 00:00:00+09:00,1292.3878965435606,1304.2085175485322,1292.3878965435606,1300.268310546875,6000,0.0,0.0
2005-08-19 00:00:00+09:00,1300.2682621521358,1339.6703307022003,1292.3878484421227,1331.7899169921875,15400,0.0,0.0
2005-08-22 00:00:00+09:00,1339.6705194729477,1339.6705194729477,1304.2086527810168,1319.969482421875,8600,0.0,0.0
2005-08-23 00:00:00+09:00,1319.9693819148813,1327.8497961352687,1300.2683463639128,1316.0291748046875,33200,0.0,0.0
2005-08-24 00:00:00+09:00,1312.088967694494,1316.0291748046875,1308.1487605843001,1316.0291748046875,13600,0.0,0.0
2005-08-25 00:00:00+09:00,1319.969482421875,1323.9096898320895,1308.1488601912313,1319.969482421875,13200,0.0,0.0
2005-08-26 00:00:00+09:00,1310.8880331264163,1310.8880331264163,1295.0942014020015,1306.9395751953125,8400,3.5,0.0
2005-08-29 00:00:00+09:00,1306.9395467122397,1310.8880045572917,1302.9910888671875,1302.9910888671875,1800,0.0,0.0
2005-08-30 00:00:00+09:00,1322.733492365854,1322.733492365854,1310.888117807354,1318.7850341796875,3000,0.0,0.0
2005-08-31 00:00:00+09:00,1310.8880989979104,1310.8880989979104,1299.042724609375,1299.042724609375,2800,0.0,0.0
2005-09-01 00:00:00+09:00,1299.042724609375,1302.991182738887,1299.042724609375,1299.042724609375,4000,0.0,0.0
2005-09-02 00:00:00+09:00,1299.042724609375,1299.042724609375,1291.1458083503514,1299.042724609375,7000,0.0,0.0
2005-09-05 00:00:00+09:00,1287.197265625,1291.1457234950153,1283.2488077549847,1287.197265625,6000,0.0,0.0
2005-09-06 00:00:00+09:00,1287.1969289050553,1291.1453857421875,1283.2484720679233,1291.1453857421875,5000,0.0,0.0
2005-09-07 00:00:00+09:00,1287.197208357446,1291.145666051794,1275.351835274402,1279.30029296875,2600,0.0,0.0
2005-09-08 00:00:00+09:00,1279.30029296875,1287.197208357446,1279.30029296875,1279.30029296875,2000,0.0,0.0
2005-09-09 00:00:00+09:00,1283.2484720679233,1291.1453857421875,1271.403101556527,1291.1453857421875,4800,0.0,0.0
2005-09-12 00:00:00+09:00,1299.0422994164517,1299.0422994164517,1287.1969289050553,1291.1453857421875,7200,0.0,0.0
2005-09-13 00:00:00+09:00,1299.0426963247905,1299.0426963247905,1295.09423828125,1295.09423828125,800,0.0,0.0
2005-09-14 00:00:00+09:00,1295.0938425793195,1295.0938425793195,1283.2484720679233,1291.1453857421875,4400,0.0,0.0
2005-09-15 00:00:00+09:00,1299.0426963247905,1299.0426963247905,1291.1457802377097,1295.09423828125,1800,0.0,0.0
2005-09-16 00:00:00+09:00,1295.0938425793195,1302.9907562535836,1291.1453857421875,1291.1453857421875,3400,0.0,0.0
2005-09-19 00:00:00+09:00,1291.1453857421875,1291.1453857421875,1291.1453857421875,1291.1453857421875,0,0.0,0.0
2005-09-20 00:00:00+09:00,1299.0426310221355,1302.9910888671875,1295.0941731770833,1302.9910888671875,5200,0.0,0.0
2005-09-21 00:00:00+09:00,1306.9395751953125,1314.8364910575199,1302.991117264209,1306.9395751953125,8800,0.0,0.0
2005-09-22 00:00:00+09:00,1310.8880331264163,1310.8880331264163,1302.991117264209,1306.9395751953125,5800,0.0,0.0
2005-09-23 00:00:00+09:00,1306.9395751953125,1306.9395751953125,1306.9395751953125,1306.9395751953125,0,0.0,0.0
2005-09-26 00:00:00+09:00,1314.8365195400743,1314.8365195400743,1302.9911454901637,1310.8880615234375,12000,0.0,0.0
2005-09-27 00:00:00+09:00,1310.8878463424362,1314.8363037109375,1302.9909316054334,1314.8363037109375,19200,0.0,0.0
2005-09-28 00:00:00+09:00,1314.8363037109375,1318.7847610794388,1314.8363037109375,1314.8363037109375,6600,0.0,0.0
2005-09-29 00:00:00+09:00,1318.7849405317165,1322.7333984375,1314.8364826259328,1322.7333984375,9200,0.0,0.0
2005-09-30 00:00:00+09:00,1322.733492365854,1322.733492365854,1314.8365759935207,1318.7850341796875,5200,0.0,0.0
2005-10-03 00:00:00+09:00,1314.8364910575199,1314.8364910575199,1306.9395751953125,1306.9395751953125,3600,0.0,0.0
2005-10-04 00:00:00+09:00,1314.8363037109375,1322.73321844794,1310.8878463424362,1314.8363037109375,7200,0.0,0.0
2005-10-05 00:00:00+09:00,1314.8365195400743,1314.8365195400743,1310.8880615234375,1310.8880615234375,1800,0.0,0.0
2005-10-06 00:00:00+09:00,1310.8880331264163,1314.8364910575199,1302.991117264209,1306.9395751953125,6800,0.0,0.0
2005-10-07 00:00:00+09:00,1318.785015256934,1318.785015256934,1299.042724609375,1299.042724609375,4400,0.0,0.0
2005-10-10 00:00:00+09:00,1299.042724609375,1299.042724609375,1299.042724609375,1299.042724609375,0,0.0,0.0
2005-10-11 00:00:00+09:00,1318.7850341796875,1322.733492365854,1302.9912014350205,1318.7850341796875,6600,0.0,0.0
2005-10-12 00:00:00+09:00,1318.7847610794388,1322.73321844794,1299.042474236932,1314.8363037109375,15400,0.0,0.0
2005-10-13 00:00:00+09:00,1318.7849775567113,1322.733435573348,1302.9911454901637,1310.8880615234375,6200,0.0,0.0
2005-10-14 00:00:00+09:00,1306.9395668143657,1322.7333984375,1302.9911089085822,1322.7333984375,6800,0.0,0.0
2005-10-17 00:00:00+09:00,1318.7849775567113,1318.7849775567113,1302.9911454901637,1310.8880615234375,4400,0.0,0.0
2005-10-18 00:00:00+09:00,1310.8880331264163,1314.8364910575199,1302.991117264209,1306.9395751953125,4800,0.0,0.0
2005-10-19 00:00:00+09:00,1302.991117264209,1310.8880331264163,1302.991117264209,1306.9395751953125,8000,0.0,0.0
2005-10-20 00:00:00+09:00,1310.8880615234375,1314.8365195400743,1306.9396035068007,1310.8880615234375,3200,0.0,0.0
2005-10-21 00:00:00+09:00,1306.9395668143657,1322.7333984375,1306.9395668143657,1322.7333984375,14000,0.0,0.0
2005-10-24 00:00:00+09:00,1334.5787721548509,1338.5272300606343,1318.7849405317165,1322.7333984375,7400,0.0,0.0
2005-10-25 00:00:00+09:00,1322.73321844794,1322.73321844794,1314.8363037109375,1314.8363037109375,2600,0.0,0.0
2005-10-26 00:00:00+09:00,1318.7848474411737,1330.6302203223818,1314.8363898141042,1326.6817626953125,4600,0.0,0.0
2005-10-27 00:00:00+09:00,1326.6818563432837,1338.5272300606343,1314.8364826259328,1322.7333984375,4200,0.0,0.0
2005-10-28 00:00:00+09:00,1322.7331488955338,1338.5269775390625,1322.7331488955338,1338.5269775390625,3600,0.0,0.0
2005-10-31 00:00:00+09:00,1338.5272872426742,1342.4757453171364,1326.6819130192878,1330.63037109375,7800,0.0,0.0
2005-11-01 00:00:00+09:00,1318.7850341796875,1318.7850341796875,1318.7850341796875,1318.7850341796875,800,0.0,0.0
2005-11-02 00:00:00+09:00,1330.6302203223818,1330.6302203223818,1326.6817626953125,1326.6817626953125,1800,0.0,0.0
2005-11-03 00:00:00+09:00,1326.6817626953125,1326.6817626953125,1326.6817626953125,1326.6817626953125,0,0.0,0.0
2005-11-04 00:00:00+09:00,1330.63037109375,1342.4757453171364,1330.63037109375,1330.63037109375,11200,0.0,0.0
2005-11-07 00:00:00+09:00,1342.4756071671195,1370.1148108440896,1334.5786918308424,1362.2178955078125,9400,0.0,0.0
2005-11-08 00:00:00+09:00,1366.1663315716912,1453.0323988970588,1366.1663315716912,1409.599365234375,20400,0.0,0.0
2005-11-09 00:00:00+09:00,1385.9085341631358,1405.6508209745764,1385.9085341631358,1397.75390625,6400,0.0,0.0
2005-11-10 00:00:00+09:00,1437.2386843187328,1437.2386843187328,1417.4963946989699,1425.393310546875,14600,0.0,0.0
2005-11-11 00:00:00+09:00,1433.2902742224753,1453.0325645010219,1433.2902742224753,1449.0841064453125,22600,0.0,0.0
2005-11-14 00:00:00+09:00,1456.98095703125,1456.98095703125,1449.084041274983,1456.98095703125,16400,0.0,0.0
2005-11-15 00:00:00+09:00,1460.9296707780393,1460.9296707780393,1437.238919360017,1441.1873779296875,11200,0.0,0.0
2005-11-16 00:00:00+09:00,1441.1872276893027,1441.1872276893027,1405.651104266827,1437.23876953125,18000,0.0,0.0
2005-11-17 00:00:00+09:00,1429.3416674671278,1468.826243916496,1413.5478368873805,1445.135498046875,89200,0.0,0.0
2005-11-18 00:00:00+09:00,1437.2387322781847,1449.0841064453125,1433.2902742224753,1449.0841064453125,25600,0.0,0.0
2005-11-21 00:00:00+09:00,1449.0841064453125,1449.0841064453125,1441.187190333894,1449.0841064453125,21400,0.0,0.0
2005-11-22 00:00:00+09:00,1445.1358364993578,1449.0842950690283,1425.393543651006,1441.1873779296875,18000,0.0,0.0
2005-11-23 00:00:00+09:00,1441.1873779296875,1441.1873779296875,1441.1873779296875,1441.1873779296875,0,0.0,0.0
2005-11-24 00:00:00+09:00,1441.1868016364165,1441.1868016364165,1425.3929736732778,1429.3414306640625,9200,0.0,0.0
2005-11-25 00:00:00+09:00,1425.39300284898,1433.2899169921875,1425.39300284898,1433.2899169921875,9600,0.0,0.0
2005-11-28 00:00:00+09:00,1429.3419573685585,1433.290415814328,1417.49658203125,1417.49658203125,17400,0.0,0.0
2005-11-29 00:00:00+09:00,1421.4447021484375,1425.3931596544053,1421.4447021484375,1421.4447021484375,11400,0.0,0.0
2005-11-30 00:00:00+09:00,1433.2901251120645,1445.135498046875,1421.444752177254,1445.135498046875,16400,0.0,0.0
2005-12-01 00:00:00+09:00,1449.0841165096201,1484.6202392578125,1445.1356584264877,1484.6202392578125,51800,0.0,0.0
2005-12-02 00:00:00+09:00,1500.4139404296875,1532.0016023334704,1488.568567215769,1500.4139404296875,27200,0.0,0.0
2005-12-05 00:00:00+09:00,1512.259033203125,1524.1044042203819,1500.4136621858681,1512.259033203125,18200,0.0,0.0
2005-12-06 00:00:00+09:00,1512.2591440561657,1516.2076013513515,1441.186912742821,1460.92919921875,51000,0.0,0.0
2005-12-07 00:00:00+09:00,1476.7233605269773,1476.7233605269773,1456.9810696108411,1472.77490234375,5800,0.0,0.0
2005-12-08 00:00:00+09:00,1464.8779296875,1464.8779296875,1449.0840975614892,1464.8779296875,12200,0.0,0.0
2005-12-09 00:00:00+09:00,1441.1873394510021,1460.9296317722487,1441.1873394510021,1453.03271484375,7000,0.0,0.0
2005-12-12 00:00:00+09:00,1464.8779859772956,1476.7233605269773,1464.8779859772956,1472.77490234375,10600,0.0,0.0
2005-12-13 00:00:00+09:00,1480.6713771571067,1512.259033203125,1480.6713771571067,1512.259033203125,15200,0.0,0.0
2005-12-14 00:00:00+09:00,1500.4141283792162,1500.4141283792162,1484.6202954489086,1492.5172119140625,7000,0.0,0.0
2005-12-15 00:00:00+09:00,1500.4140715903425,1500.4140715903425,1484.6202392578125,1484.6202392578125,5800,0.0,0.0
2005-12-16 00:00:00+09:00,1480.6719306925563,1500.4142231017904,1480.6719306925563,1488.56884765625,14000,0.0,0.0
2005-12-19 00:00:00+09:00,1492.517373046875,1496.465831705729,1480.6719970703125,1480.6719970703125,13200,0.0,0.0
2005-12-20 00:00:00+09:00,1480.6719970703125,1492.517373046875,1476.7235384114583,1480.6719970703125,12200,0.0,0.0
2005-12-21 00:00:00+09:00,1468.826555247016,1488.56884765625,1468.826555247016,1488.56884765625,21200,0.0,0.0
2005-12-22 00:00:00+09:00,1496.4654114085777,1524.1046142578125,1492.5169538586867,1524.1046142578125,35200,0.0,0.0
2005-12-23 00:00:00+09:00,1524.1046142578125,1524.1046142578125,1524.1046142578125,1524.1046142578125,0,0.0,0.0
2005-12-26 00:00:00+09:00,1535.9500446122947,1551.7438754052232,1512.259298422902,1532.0015869140625,28200,0.0,0.0
2005-12-27 00:00:00+09:00,1516.2074902088773,1532.0013182318864,1512.259033203125,1512.259033203125,6600,0.0,0.0
2005-12-28 00:00:00+09:00,1500.4138689584684,1528.0530718077032,1500.4138689584684,1524.1046142578125,4000,0.0,0.0
2005-12-29 00:00:00+09:00,1528.0530362558243,1547.795323545951,1520.1561213397736,1535.949951171875,20600,0.0,0.0
2005-12-30 00:00:00+09:00,1532.0015224358974,1539.8984375,1508.3107772435899,1539.8984375,6000,0.0,0.0
2006-01-02 00:00:00+09:00,1539.8984375,1539.8984375,1539.8984375,1539.8984375,0,0.0,0.0
2006-01-03 00:00:00+09:00,1539.8984375,1539.8984375,1539.8984375,1539.8984375,0,0.0,0.0
2006-01-04 00:00:00+09:00,1539.8984086299004,1547.795323545951,1528.0530362558243,1535.949951171875,24000,0.0,0.0
2006-01-05 00:00:00+09:00,1555.6923518483231,1618.86767578125,1555.6923518483231,1618.86767578125,41600,0.0,0.0
2006-01-06 00:00:00+09:00,1642.558385668886,1658.3522163003179,1618.867639721739,1630.7130126953125,34800,0.0,0.0
2006-01-09 00:00:00+09:00,1630.7130126953125,1630.7130126953125,1630.7130126953125,1630.7130126953125,0,0.0,0.0
2006-01-10 00:00:00+09:00,1678.0947265625,1678.0947265625,1618.867853860294,1678.0947265625,32000,0.0,0.0
2006-01-11 00:00:00+09:00,1674.1457268981205,1674.1457268981205,1638.6096147705662,1654.4034423828125,8000,0.0,0.0
2006-01-12 00:00:00+09:00,1678.0944683259959,1709.68212890625,1678.0944683259959,1709.68212890625,21600,0.0,0.0
2006-01-13 00:00:00+09:00,1717.5792609320745,1725.476177074291,1685.9915963632088,1705.73388671875,16200,0.0,0.0
2006-01-16 00:00:00+09:00,1741.270416790506,1839.9818916652514,1741.270416790506,1816.2911376953125,38000,0.0,0.0
2006-01-17 00:00:00+09:00,1757.0638617621528,1804.445359157986,1717.5792805989583,1776.80615234375,26800,0.0,0.0
2006-01-18 00:00:00+09:00,1626.7645912728658,1646.5068800019055,1508.310858898628,1618.86767578125,59200,0.0,0.0
2006-01-19 00:00:00+09:00,1559.6409380877458,1725.476177074291,1559.6409380877458,1705.73388671875,36200,0.0,0.0
2006-01-20 00:00:00+09:00,1780.7540999192456,1780.7540999192456,1642.55810546875,1642.55810546875,27600,0.0,0.0
2006-01-23 00:00:00+09:00,1666.2490956084007,1757.063619776631,1642.55835017321,1709.68212890625,87600,0.0,0.0
2006-01-24 00:00:00+09:00,1717.5790440513135,1729.4244167689087,1658.3521804633372,1709.68212890625,44200,0.0,0.0
2006-01-25 00:00:00+09:00,1705.7334672095071,1705.7334672095071,1674.145810409331,1682.042724609375,24000,0.0,0.0
2006-01-26 00:00:00+09:00,1693.8885498046875,1697.8370079627402,1670.1978008563701,1693.8885498046875,13200,0.0,0.0
2006-01-27 00:00:00+09:00,1682.0428690545243,1725.4759008845708,1682.0428690545243,1701.78515625,32400,0.0,0.0
2006-01-30 00:00:00+09:00,1725.4761026460828,1768.9091395547944,1717.579186844499,1729.424560546875,42400,0.0,0.0
2006-01-31 00:00:00+09:00,1737.3212475531318,1772.857363980355,1729.4243327915267,1764.96044921875,40000,0.0,0.0
2006-02-01 00:00:00+09:00,1749.166907293146,1757.0638233531604,1737.321533203125,1737.321533203125,28000,0.0,0.0
2006-02-02 00:00:00+09:00,1745.217929153616,1761.011756566771,1733.37255859375,1733.37255859375,22200,0.0,0.0
2006-02-03 00:00:00+09:00,1737.321533203125,1745.218449263139,1729.4246171431107,1737.321533203125,17000,0.0,0.0
2006-02-06 00:00:00+09:00,1741.2699542250107,1749.1668701171875,1737.3214962789223,1749.1668701171875,15800,0.0,0.0
2006-02-07 00:00:00+09:00,1745.218303849212,1788.6513385603912,1741.2698461481955,1784.702880859375,48400,0.0,0.0
2006-02-08 00:00:00+09:00,1768.9088836255655,1788.6511702731723,1741.269682318916,1745.2181396484375,16800,0.0,0.0
2006-02-09 00:00:00+09:00,1772.8576177937182,1772.8576177937182,1745.218412171099,1749.1668701171875,4400,0.0,0.0
2006-02-10 00:00:00+09:00,1749.1669255009404,1753.1153835720486,1678.0946802209924,1705.73388671875,23800,0.0,0.0
2006-02-13 00:00:00+09:00,1674.1462495349701,1685.9916239420572,1630.7132100423175,1658.3524169921875,15400,0.0,0.0
2006-02-14 00:00:00+09:00,1626.7645550374546,1630.7130126953125,1567.537690169586,1630.7130126953125,23600,0.0,0.0
2006-02-15 00:00:00+09:00,1622.815998278166,1654.4036576120475,1618.8675408614308,1650.4552001953125,14400,0.0,0.0
2006-02-16 00:00:00+09:00,1630.7134387897995,1697.837236512382,1622.816521410672,1674.146484375,18400,0.0,0.0
2006-02-17 00:00:00+09:00,1642.5586982968368,1670.1979071624087,1622.81640625,1622.81640625,9200,0.0,0.0
2006-02-20 00:00:00+09:00,1618.8677670257262,1618.8677670257262,1508.310943911774,1563.58935546875,15800,0.0,0.0
2006-02-21 00:00:00+09:00,1524.1045260287747,1595.1767578125,1524.1045260287747,1595.1767578125,22800,0.0,0.0
2006-02-22 00:00:00+09:00,1603.074114203163,1634.661781478102,1587.2802805656934,1622.81640625,25600,0.0,0.0
2006-02-23 00:00:00+09:00,1625.5849665669562,1641.4057448303815,1601.853799171818,1629.5401611328125,17400,3.5,0.0
2006-02-24 00:00:00+09:00,1641.4055113861525,1641.4055113861525,1558.34643731601,1637.4503173828125,52000,0.0,0.0
2006-02-27 00:00:00+09:00,1617.6746047394186,1625.584994004648,1542.525906719739,1562.3018798828125,113400,0.0,0.0
2006-02-28 00:00:00+09:00,1542.5255257742745,1562.301494053432,1510.8839765276227,1550.4359130859375,59800,0.0,0.0
2006-03-01 00:00:00+09:00,1510.8841245130138,1522.7497066426972,1467.3769900375082,1491.108154296875,31800,0.0,0.0
2006-03-02 00:00:00+09:00,1506.9294140625,1510.884609375,1455.511875,1483.1982421875,19800,0.0,0.0
2006-03-03 00:00:00+09:00,1423.869989336699,1451.5563502404682,1415.9596005070507,1419.914794921875,32000,0.0,0.0
2006-03-06 00:00:00+09:00,1419.9143659319197,1419.9143659319197,1368.4968540736609,1384.317626953125,25600,0.0,0.0
2006-03-07 00:00:00+09:00,1408.0490379539697,1463.4217529296875,1400.1386501002958,1463.4217529296875,17000,0.0,0.0
2006-03-08 00:00:00+09:00,1455.5113398650956,1455.5113398650956,1419.914595140134,1447.6009521484375,9600,0.0,0.0
2006-03-09 00:00:00+09:00,1447.6010920826982,1459.4666748046875,1431.7803151200458,1459.4666748046875,6800,0.0,0.0
2006-03-10 00:00:00+09:00,1459.4666866497853,1483.1978522863672,1447.6011038314944,1467.3770751953125,13600,0.0,0.0
2006-03-13 00:00:00+09:00,1479.2426580136034,1479.2426580136034,1463.421880922549,1467.3770751953125,5000,0.0,0.0
2006-03-14 00:00:00+09:00,1463.421880922549,1483.1978522863672,1455.5114923770216,1467.3770751953125,15800,0.0,0.0
2006-03-15 00:00:00+09:00,1479.242909421203,1479.242909421203,1455.511739751344,1471.33251953125,4000,0.0,0.0
2006-03-16 00:00:00+09:00,1463.4217016736445,1463.4217016736445,1431.7801513671875,1431.7801513671875,5400,0.0,0.0
2006-03-17 00:00:00+09:00,1431.7802673508916,1439.6906555683,1423.8698791334834,1427.8250732421875,5200,0.0,0.0
2006-03-20 00:00:00+09:00,1439.690703601372,1463.4218690453506,1439.690703601372,1459.4666748046875,6800,0.0,0.0
2006-03-21 00:00:00+09:00,1459.4666748046875,1459.4666748046875,1459.4666748046875,1459.4666748046875,0,0.0,0.0
2006-03-22 00:00:00+09:00,1459.4667855660339,1463.4219801068632,1443.6460074027164,1451.556396484375,9000,0.0,0.0
2006-03-23 00:00:00+09:00,1451.5560033708894,1467.376777249591,1435.7352294921875,1435.7352294921875,9600,0.0,0.0
2006-03-24 00:00:00+09:00,1451.5562863233613,1463.4218690453506,1427.8251208793827,1459.4666748046875,26200,0.0,0.0
2006-03-27 00:00:00+09:00,1463.4219857920773,1463.4219857920773,1439.6908184549084,1455.5115966796875,9600,0.0,0.0
2006-03-28 00:00:00+09:00,1435.7355093607089,1463.4218690453506,1435.7355093607089,1459.4666748046875,8600,0.0,0.0
2006-03-29 00:00:00+09:00,1459.4669346963205,1471.33251953125,1435.7357650264616,1471.33251953125,13400,0.0,0.0
2006-03-30 00:00:00+09:00,1479.2425136516877,1538.5704219532258,1471.332125878149,1530.6600341796875,47800,0.0,0.0
2006-03-31 00:00:00+09:00,1530.6601135253904,1534.6153076171875,1502.9737548828125,1502.9737548828125,19200,0.0,0.0
2006-04-03 00:00:00+09:00,1510.8841793080069,1530.6601502413578,1506.9289851213366,1526.7049560546875,11200,0.0,0.0
2006-04-04 00:00:00+09:00,1526.70542516259,1530.6606205645658,1506.929448152712,1510.8846435546875,17400,0.0,0.0
2006-04-05 00:00:00+09:00,1522.7502297606145,1522.7502297606145,1491.1086665448095,1510.8846435546875,14600,0.0,0.0
2006-04-06 00:00:00+09:00,1510.8843829877144,1510.8843829877144,1487.1532146685356,1499.018798828125,12400,0.0,0.0
2006-04-07 00:00:00+09:00,1506.928930469786,1510.8841245130138,1491.108154296875,1491.108154296875,6000,0.0,0.0
2006-04-10 00:00:00+09:00,1392.2282381318305,1463.4217275817537,1384.3178504151724,1447.6009521484375,112000,0.0,0.0
2006-04-11 00:00:00+09:00,1431.7801384819877,1435.7353322347005,1412.0041697184245,1423.8697509765625,33000,0.0,0.0
2006-04-12 00:00:00+09:00,1423.8697314863446,1423.8697314863446,1408.048956692052,1412.004150390625,11000,0.0,0.0
2006-04-13 00:00:00+09:00,1408.0492116774024,1419.914794921875,1404.0940172625783,1419.914794921875,11800,0.0,0.0
2006-04-14 00:00:00+09:00,1423.869724916608,1423.869724916608,1408.0489501953125,1408.0489501953125,7000,0.0,0.0
2006-04-17 00:00:00+09:00,1427.8247523716518,1427.8247523716518,1384.317626953125,1384.317626953125,16400,0.0,0.0
2006-04-18 00:00:00+09:00,1372.4521617288233,1384.3177423777759,1368.4969681791727,1380.362548828125,10800,0.0,0.0
2006-04-19 00:00:00+09:00,1384.317626953125,1396.1832066127233,1384.317626953125,1384.317626953125,7000,0.0,0.0
2006-04-20 00:00:00+09:00,1376.4077092151476,1384.3180983485681,1372.4525146484375,1372.4525146484375,9200,0.0,0.0
2006-04-21 00:00:00+09:00,1372.4524802826018,1372.4524802826018,1344.7661190088893,1348.7213134765625,17200,0.0,0.0
2006-04-24 00:00:00+09:00,1305.2140202308767,1344.765960237873,1293.348438228778,1324.989990234375,22000,0.0,0.0
2006-04-25 00:00:00+09:00,1332.900524218174,1340.8109130859375,1313.1245520487648,1340.8109130859375,15800,0.0,0.0
2006-04-26 00:00:00+09:00,1340.8109470533288,1368.4973087918931,1332.9005579851676,1364.5421142578125,12600,0.0,0.0
2006-04-27 00:00:00+09:00,1364.542073808478,1364.542073808478,1324.9901296401165,1336.855712890625,23400,0.0,0.0
2006-04-28 00:00:00+09:00,1332.900477291234,1340.8108658804995,1309.1693115234375,1309.1693115234375,13400,0.0,0.0
2006-05-01 00:00:00+09:00,1309.1694111955276,1313.1246057912845,1293.3486328125,1293.3486328125,9800,0.0,0.0
2006-05-02 00:00:00+09:00,1293.3485343449065,1309.1693115234375,1265.6621742824773,1309.1693115234375,17800,0.0,0.0
2006-05-03 00:00:00+09:00,1309.1693115234375,1309.1693115234375,1309.1693115234375,1309.1693115234375,0,0.0,0.0
2006-05-04 00:00:00+09:00,1309.1693115234375,1309.1693115234375,1309.1693115234375,1309.1693115234375,0,0.0,0.0
2006-05-05 00:00:00+09:00,1309.1693115234375,1309.1693115234375,1309.1693115234375,1309.1693115234375,0,0.0,0.0
2006-05-08 00:00:00+09:00,1324.9901238959337,1332.9005126953125,1317.0797350965552,1332.9005126953125,5400,0.0,0.0
2006-05-09 00:00:00+09:00,1328.945318295623,1332.9005126953125,1328.945318295623,1332.9005126953125,6600,0.0,0.0
2006-05-10 00:00:00+09:00,1332.9006071895,1332.9006071895,1313.1246337890625,1313.1246337890625,5600,0.0,0.0
2006-05-11 00:00:00+09:00,1317.079345703125,1317.079345703125,1317.079345703125,1317.079345703125,2000,0.0,0.0
2006-05-12 00:00:00+09:00,1313.1241524727852,1317.079345703125,1297.3033795514264,1317.079345703125,4000,0.0,0.0
2006-05-15 00:00:00+09:00,1289.3936669620468,1289.3936669620468,1273.5728857723284,1281.4832763671875,2000,0.0,0.0
2006-05-16 00:00:00+09:00,1285.4380798339844,1293.348468017578,1265.662109375,1265.662109375,6600,0.0,0.0
2006-05-17 00:00:00+09:00,1277.5279541015625,1305.2143184319368,1265.662369388545,1277.5279541015625,11800,0.0,0.0
2006-05-18 00:00:00+09:00,1265.6622023809523,1265.6622023809523,1245.88623046875,1245.88623046875,2600,0.0,0.0
2006-05-19 00:00:00+09:00,1245.8860959184055,1257.751677784295,1234.0205140525159,1237.9757080078125,8400,0.0,0.0
2006-05-22 00:00:00+09:00,1245.8860768964214,1265.6620463709678,1214.2445257371471,1226.110107421875,16200,0.0,0.0
2006-05-23 00:00:00+09:00,1230.0655787987046,1249.841552734375,1230.0655787987046,1249.841552734375,4000,0.0,0.0
2006-05-24 00:00:00+09:00,1249.841552734375,1257.7519423086433,1222.1551892244363,1249.841552734375,6000,0.0,0.0
2006-05-25 00:00:00+09:00,1265.6621413934427,1265.6621413934427,1206.334228515625,1206.334228515625,6000,0.0,0.0
2006-05-26 00:00:00+09:00,1206.3342463505733,1230.0654118525517,1206.3342463505733,1218.1998291015625,2600,0.0,0.0
2006-05-29 00:00:00+09:00,1226.110235379823,1230.0654296875,1226.110235379823,1230.0654296875,2200,0.0,0.0
2006-05-30 00:00:00+09:00,1226.1101994748974,1226.1101994748974,1206.334228515625,1206.334228515625,3800,0.0,0.0
2006-05-31 00:00:00+09:00,1206.3339775486995,1206.3339775486995,1202.3787841796875,1202.3787841796875,6600,0.0,0.0
2006-06-01 00:00:00+09:00,1206.3343336092717,1206.3343336092717,1190.5135554635763,1194.46875,5200,0.0,0.0
2006-06-02 00:00:00+09:00,1186.5580923605285,1186.5580923605285,1174.6925114369233,1178.647705078125,5800,0.0,0.0
2006-06-05 00:00:00+09:00,1178.647705078125,1182.6028987193267,1174.6925114369233,1178.647705078125,2400,0.0,0.0
2006-06-06 00:00:00+09:00,1170.7375074340398,1170.7375074340398,1127.2303703334505,1143.0511474609375,12800,0.0,0.0
2006-06-07 00:00:00+09:00,1127.2303036477067,1154.9166619829136,1099.5439453125,1099.5439453125,15800,0.0,0.0
2006-06-08 00:00:00+09:00,1099.5438128330911,1099.5438128330911,961.1120378361193,1020.43994140625,32400,0.0,0.0
2006-06-09 00:00:00+09:00,1032.305419921875,1067.9021585398707,1020.4398403825431,1032.305419921875,17200,0.0,0.0
2006-06-12 00:00:00+09:00,1020.4400936460314,1059.9920352602187,1020.4400936460314,1040.216064453125,8200,0.0,0.0
2006-06-13 00:00:00+09:00,1059.9920534980029,1075.8128304158834,1052.0816650390625,1052.0816650390625,7000,0.0,0.0
2006-06-14 00:00:00+09:00,1048.1263928535657,1079.7679443359375,1048.1263928535657,1079.7679443359375,5800,0.0,0.0
2006-06-15 00:00:00+09:00,1139.0960355718084,1139.0960355718084,1099.5440898922318,1115.3648681640625,6000,0.0,0.0
2006-06-16 00:00:00+09:00,1150.9615537042487,1154.916748046875,1139.09597067637,1154.916748046875,4600,0.0,0.0
2006-06-19 00:00:00+09:00,1139.0958251953125,1150.9614067077637,1131.1854375203452,1139.0958251953125,5800,0.0,0.0
2006-06-20 00:00:00+09:00,1139.096052631579,1139.096052631579,1127.23046875,1127.23046875,1800,0.0,0.0
2006-06-21 00:00:00+09:00,1135.1407410948425,1135.1407410948425,1131.185546875,1131.185546875,800,0.0,0.0
2006-06-22 00:00:00+09:00,1115.3649797712053,1127.2305646623884,1107.45458984375,1107.45458984375,7400,0.0,0.0
2006-06-23 00:00:00+09:00,1115.3647025923294,1115.3647025923294,1067.902374822443,1087.6783447265625,6800,0.0,0.0
2006-06-26 00:00:00+09:00,1111.4095086115055,1115.3647025923294,1087.6783447265625,1087.6783447265625,6200,0.0,0.0
2006-06-27 00:00:00+09:00,1115.365000550176,1123.275390625,1103.4994154379401,1123.275390625,3600,0.0,0.0
2006-06-28 00:00:00+09:00,1123.2752572999777,1123.2752572999777,1107.454479028147,1115.3648681640625,4200,0.0,0.0
2006-06-29 00:00:00+09:00,1107.4541416452892,1111.409335008308,1059.9918212890625,1059.9918212890625,14200,0.0,0.0
2006-06-30 00:00:00+09:00,1103.4992146809896,1107.4544089988426,1067.9024658203125,1067.9024658203125,17800,0.0,0.0
2006-07-03 00:00:00+09:00,1067.9022284363468,1079.7678087523063,1067.9022284363468,1071.857421875,6200,0.0,0.0
2006-07-04 00:00:00+09:00,1079.7679380529069,1083.7231319651885,1075.812744140625,1075.812744140625,12000,0.0,0.0
2006-07-05 00:00:00+09:00,1083.7231319651885,1087.6783258774701,1075.812744140625,1075.812744140625,2400,0.0,0.0
2006-07-06 00:00:00+09:00,1071.8576542170074,1075.8128485130112,1063.947265625,1063.947265625,3600,0.0,0.0
2006-07-07 00:00:00+09:00,1083.723138271234,1083.723138271234,1067.902362530048,1079.7679443359375,800,0.0,0.0
2006-07-10 00:00:00+09:00,1067.9024658203125,1067.9024658203125,1063.9472715024594,1067.9024658203125,1400,0.0,0.0
2006-07-11 00:00:00+09:00,1059.9919684914983,1083.7231319651885,1056.0367745792166,1075.812744140625,3400,0.0,0.0
2006-07-12 00:00:00+09:00,1059.9918212890625,1059.9918212890625,1059.9918212890625,1059.9918212890625,1000,0.0,0.0
2006-07-13 00:00:00+09:00,1063.9472715024594,1067.9024658203125,1059.9920771846064,1067.9024658203125,5200,0.0,0.0
2006-07-14 00:00:00+09:00,1056.0367431640625,1067.9023245479284,1056.0367431640625,1056.0367431640625,5400,0.0,0.0
2006-07-17 00:00:00+09:00,1056.0367431640625,1056.0367431640625,1056.0367431640625,1056.0367431640625,0,0.0,0.0
2006-07-18 00:00:00+09:00,1056.0366835483285,1056.0366835483285,1020.43994140625,1020.43994140625,12400,0.0,0.0
2006-07-19 00:00:00+09:00,1020.4401326007154,1020.4401326007154,984.8433837890625,984.8433837890625,19400,0.0,0.0
2006-07-20 00:00:00+09:00,988.7983928355136,1024.395134977592,988.7983928355136,1020.43994140625,5600,0.0,0.0
2006-07-21 00:00:00+09:00,1024.3951006111624,1087.6781956296127,1020.4399071725093,1071.857421875,7200,0.0,0.0
2006-07-24 00:00:00+09:00,1071.8575502283434,1075.812744140625,1048.1263867546531,1075.812744140625,2800,0.0,0.0
2006-07-25 00:00:00+09:00,1135.1405168934502,1135.1405168934502,1071.857421875,1071.857421875,5400,0.0,0.0
2006-07-26 00:00:00+09:00,1075.8126354356752,1103.4989900240932,1075.8126354356752,1083.7230224609375,3800,0.0,0.0
2006-07-27 00:00:00+09:00,1107.454444774683,1107.454444774683,1083.7232781009398,1091.6336669921875,3200,0.0,0.0
2006-07-28 00:00:00+09:00,1099.5440558834352,1099.5440558834352,1087.6784725465636,1091.6336669921875,3200,0.0,0.0
2006-07-31 00:00:00+09:00,1056.0367807241587,1087.6783322065305,1056.0367807241587,1079.7679443359375,3800,0.0,0.0
2006-08-01 00:00:00+09:00,1095.588623046875,1095.588623046875,1087.6782358768614,1095.588623046875,3800,0.0,0.0
2006-08-02 00:00:00+09:00,1095.588623046875,1095.588623046875,1075.812655121841,1095.588623046875,3400,0.0,0.0
2006-08-03 00:00:00+09:00,1091.6335387073864,1091.6335387073864,1083.7231507457386,1087.6783447265625,4200,0.0,0.0
2006-08-04 00:00:00+09:00,1087.6782159735687,1087.6782159735687,1071.857441923044,1083.7230224609375,3200,0.0,0.0
2006-08-07 00:00:00+09:00,1067.9022484104128,1087.6782159735687,1063.9470548977818,1083.7230224609375,5200,0.0,0.0
2006-08-08 00:00:00+09:00,1087.6782358768614,1095.588623046875,1087.6782358768614,1095.588623046875,2600,0.0,0.0
2006-08-09 00:00:00+09:00,1099.5438166318818,1099.5438166318818,1095.588623046875,1095.588623046875,3000,0.0,0.0
2006-08-10 00:00:00+09:00,1095.5887512646132,1099.5439453125,1095.5887512646132,1099.5439453125,10400,0.0,0.0
2006-08-11 00:00:00+09:00,1099.5440730706766,1103.499267578125,1095.588878563228,1103.499267578125,4600,0.0,0.0
2006-08-14 00:00:00+09:00,1103.499278872887,1111.40966796875,1091.6336952290926,1111.40966796875,3400,0.0,0.0
2006-08-15 00:00:00+09:00,1123.2752629472172,1127.2304575350597,1119.320068359375,1119.320068359375,7400,0.0,0.0
2006-08-16 00:00:00+09:00,1127.23046875,1143.0512472587718,1127.23046875,1127.23046875,4000,0.0,0.0
2006-08-17 00:00:00+09:00,1127.230434622816,1131.1856291302643,1103.499267578125,1103.499267578125,10200,0.0,0.0
2006-08-18 00:00:00+09:00,1107.4543334082732,1107.4543334082732,1095.5887512646132,1099.5439453125,6400,0.0,0.0
2006-08-21 00:00:00+09:00,1103.4993948800222,1107.45458984375,1067.9026402064733,1107.45458984375,9200,0.0,0.0
2006-08-22 00:00:00+09:00,1103.4993948800222,1107.45458984375,1103.4993948800222,1107.45458984375,2800,0.0,0.0
2006-08-23 00:00:00+09:00,1111.4098055127643,1123.275390625,1111.4098055127643,1123.275390625,4200,0.0,0.0
2006-08-24 00:00:00+09:00,1123.275390625,1127.230585662412,1111.4098055127643,1123.275390625,6000,0.0,0.0
2006-08-25 00:00:00+09:00,1123.2752629472172,1123.2752629472172,1115.3648737715328,1119.320068359375,2800,0.0,0.0
2006-08-28 00:00:00+09:00,1118.1306389458746,1118.1306389458746,1102.2706298828125,1102.2706298828125,7400,3.5,0.0
2006-08-29 00:00:00+09:00,1102.2704214378384,1102.2704214378384,1094.3404184059116,1098.305419921875,2600,0.0,0.0
2006-08-30 00:00:00+09:00,1098.305614790483,1098.305614790483,1090.3756103515625,1090.3756103515625,2000,0.0,0.0
2006-08-31 00:00:00+09:00,1090.3756103515625,1090.3756103515625,1090.3756103515625,1090.3756103515625,1200,0.0,0.0
2006-09-01 00:00:00+09:00,1086.4104721966912,1086.4104721966912,1074.5154670266543,1078.48046875,2200,0.0,0.0
2006-09-04 00:00:00+09:00,1070.5503945455064,1090.3754018519046,1070.5503945455064,1086.410400390625,2200,0.0,0.0
2006-09-05 00:00:00+09:00,1090.375281630384,1090.375281630384,1058.6552734375,1058.6552734375,4000,0.0,0.0
2006-09-06 00:00:00+09:00,1066.5857186947228,1066.5857186947228,1050.7257080078125,1050.7257080078125,3200,0.0,0.0
2006-09-07 00:00:00+09:00,1054.6907106795402,1070.5507213664505,1050.7257080078125,1050.7257080078125,3800,0.0,0.0
2006-09-08 00:00:00+09:00,1042.7957026643573,1062.6207160229953,1042.7957026643573,1050.7257080078125,4600,0.0,0.0
2006-09-11 00:00:00+09:00,1050.7254425389174,1066.58544921875,1050.7254425389174,1066.58544921875,600,0.0,0.0
2006-09-12 00:00:00+09:00,1066.5852946582402,1066.5852946582402,1042.7952880859375,1042.7952880859375,1800,0.0,0.0
2006-09-13 00:00:00+09:00,1042.7954460318763,1042.7954460318763,1038.8304443359375,1038.8304443359375,1400,0.0,0.0
2006-09-14 00:00:00+09:00,1034.865478515625,1034.865478515625,1030.9004766822318,1034.865478515625,2000,0.0,0.0
2006-09-15 00:00:00+09:00,1034.8653768695283,1034.8653768695283,1019.00537109375,1019.00537109375,2200,0.0,0.0
2006-09-18 00:00:00+09:00,1019.00537109375,1019.00537109375,1019.00537109375,1019.00537109375,0,0.0,0.0
2006-09-19 00:00:00+09:00,1007.110752312712,1026.9357671220173,1007.110752312712,1022.9707641601562,3600,0.0,0.0
2006-09-20 00:00:00+09:00,1022.9704699516296,1022.9704699516296,1015.0404663085938,1015.0404663085938,1200,0.0,0.0
2006-09-21 00:00:00+09:00,1015.0404411764705,1015.0404411764705,1011.075439453125,1011.075439453125,2800,0.0,0.0
2006-09-22 00:00:00+09:00,1007.1104377297794,1015.0404411764705,1007.1104377297794,1011.075439453125,1400,0.0,0.0
2006-09-25 00:00:00+09:00,1011.0752793228671,1058.6552924674727,1011.0752793228671,1042.7952880859375,3800,0.0,0.0
2006-09-26 00:00:00+09:00,1042.7954790592194,1042.7954790592194,1015.0404663085938,1015.0404663085938,1800,0.0,0.0
2006-09-27 00:00:00+09:00,1015.0404663085938,1015.0404663085938,1011.0754644870758,1015.0404663085938,3000,0.0,0.0
2006-09-28 00:00:00+09:00,1003.1457493508508,1022.9707641601561,1003.1457493508508,1022.9707641601562,2800,0.0,0.0
2006-09-29 00:00:00+09:00,1015.0404411764705,1015.0404411764705,1011.075439453125,1011.075439453125,2000,0.0,0.0
2006-10-02 00:00:00+09:00,1030.9005489864865,1038.8305532094594,1026.935546875,1026.935546875,1800,0.0,0.0
2006-10-03 00:00:00+09:00,1026.9354717731476,1026.9354717731476,1015.0404663085938,1015.0404663085938,3600,0.0,0.0
2006-10-04 00:00:00+09:00,1026.9354463465072,1026.9354463465072,1011.075439453125,1011.075439453125,1400,0.0,0.0
2006-10-05 00:00:00+09:00,1030.9003754255837,1030.9003754255837,1019.00537109375,1019.00537109375,1000,0.0,0.0
2006-10-06 00:00:00+09:00,1026.935546875,1026.935546875,1015.0405405405405,1026.935546875,1400,0.0,0.0
2006-10-09 00:00:00+09:00,1026.935546875,1026.935546875,1026.935546875,1026.935546875,0,0.0,0.0
2006-10-10 00:00:00+09:00,1011.0757818747693,1015.0407849409448,1003.1457757424182,1007.1107788085938,3600,0.0,0.0
2006-10-11 00:00:00+09:00,999.1801935011341,999.1801935011341,983.3201904296875,983.3201904296875,6200,0.0,0.0
2006-10-12 00:00:00+09:00,975.39034000113,975.39034000113,955.5653330905378,959.5303344726562,5200,0.0,0.0
2006-10-13 00:00:00+09:00,943.6703491210938,955.5653535217798,943.6703491210938,943.6703491210938,10000,0.0,0.0
2006-10-16 00:00:00+09:00,963.4953358547747,971.4253386190115,959.5303344726562,959.5303344726562,6400,0.0,0.0
2006-10-17 00:00:00+09:00,955.5653686523436,963.4953717116992,947.6353655929881,955.5653686523438,13000,0.0,0.0
2006-10-18 00:00:00+09:00,955.5652819315592,955.5652819315592,951.6002807617188,951.6002807617188,400,0.0,0.0
2006-10-19 00:00:00+09:00,951.6003465466925,1026.935373981639,947.635345102748,1019.00537109375,12600,0.0,0.0
2006-10-20 00:00:00+09:00,983.3202868009869,991.250289113898,963.4952810187089,979.3552856445312,6200,0.0,0.0
2006-10-23 00:00:00+09:00,983.3201904296875,987.2851911975492,983.3201904296875,983.3201904296875,2600,0.0,0.0
2006-10-24 00:00:00+09:00,979.3551896618259,983.3201904296875,975.3901888939643,983.3201904296875,2800,0.0,0.0
2006-10-25 00:00:00+09:00,979.3555182644641,999.1805287556476,979.3555182644641,987.2855224609375,2800,0.0,0.0
2006-10-26 00:00:00+09:00,967.4602821751645,987.2852879574424,967.4602821751645,979.3552856445312,7400,0.0,0.0
2006-10-27 00:00:00+09:00,979.3551896618259,983.3201904296875,975.3901888939643,983.3201904296875,3400,0.0,0.0
2006-10-30 00:00:00+09:00,979.3552066149465,995.2152099609375,975.3902057784487,995.2152099609375,6200,0.0,0.0
2006-10-31 00:00:00+09:00,999.180419921875,1011.0754249209449,991.2504165891617,999.180419921875,4600,0.0,0.0
2006-11-01 00:00:00+09:00,999.1803842175148,1011.0753887915329,999.1803842175148,1003.1453857421875,5000,0.0,0.0
2006-11-02 00:00:00+09:00,1003.1455308538843,1003.1455308538843,979.3555182644641,987.2855224609375,4200,0.0,0.0
2006-11-03 00:00:00+09:00,987.2855224609375,987.2855224609375,987.2855224609375,987.2855224609375,0,0.0,0.0
2006-11-06 00:00:00+09:00,987.2855224609375,999.1805287556476,987.2855224609375,987.2855224609375,4200,0.0,0.0
2006-11-07 00:00:00+09:00,983.3201904296875,987.2851911975492,983.3201904296875,983.3201904296875,800,0.0,0.0
2006-11-08 00:00:00+09:00,983.3204201211735,983.3204201211735,971.4254150390625,971.4254150390625,1200,0.0,0.0
2006-11-09 00:00:00+09:00,971.4251181520062,971.4251181520062,963.4951171875,963.4951171875,3000,0.0,0.0
2006-11-10 00:00:00+09:00,955.5652819315592,955.5652819315592,935.7402760823568,951.6002807617188,11000,0.0,0.0
2006-11-13 00:00:00+09:00,939.7054805432336,939.7054805432336,927.8104744604079,935.740478515625,6600,0.0,0.0
2006-11-14 00:00:00+09:00,939.7053939494682,939.7053939494682,931.7753906250001,931.775390625,2800,0.0,0.0
2006-11-15 00:00:00+09:00,951.6003989361702,951.6003989361702,931.7753906250001,931.775390625,4200,0.0,0.0
2006-11-16 00:00:00+09:00,935.7403922872342,939.7053939494682,931.7753906250001,931.775390625,3200,0.0,0.0
2006-11-17 00:00:00+09:00,931.7751201401409,931.7751201401409,923.8451191176716,927.8101196289062,2400,0.0,0.0
2006-11-20 00:00:00+09:00,923.8455440071473,923.8455440071473,904.0205323331742,907.9855346679688,3000,0.0,0.0
2006-11-21 00:00:00+09:00,880.2303421793995,880.2303421793995,832.6503236832157,860.4053344726562,15000,0.0,0.0
2006-11-22 00:00:00+09:00,856.4404449462891,888.1604614257812,840.580436706543,888.1604614257812,9000,0.0,0.0
2006-11-23 00:00:00+09:00,888.1604614257812,888.1604614257812,888.1604614257812,888.1604614257812,0,0.0,0.0
2006-11-24 00:00:00+09:00,880.230418812145,884.1954206986861,852.4754056063566,872.3004150390625,9600,0.0,0.0
2006-11-27 00:00:00+09:00,888.1603645833334,892.1253662109375,872.3003580729167,892.1253662109375,5000,0.0,0.0
2006-11-28 00:00:00+09:00,872.3003082959642,888.1603139013454,872.3003082959642,884.1953125,4000,0.0,0.0
2006-11-29 00:00:00+09:00,888.1603645833334,904.02037109375,880.230361328125,892.1253662109375,4400,0.0,0.0
2006-11-30 00:00:00+09:00,904.0203751273776,911.9503784179688,896.0903718367866,911.9503784179688,3800,0.0,0.0
2006-12-01 00:00:00+09:00,911.9501175839677,927.8101196289062,911.9501175839677,927.8101196289062,2000,0.0,0.0
2006-12-04 00:00:00+09:00,935.740478515625,935.740478515625,919.8804704051907,935.740478515625,9800,0.0,0.0
2006-12-05 00:00:00+09:00,935.7403412520117,939.7053426979949,923.8453369140625,923.8453369140625,3800,0.0,0.0
2006-12-06 00:00:00+09:00,904.0203751273776,915.9153800632643,904.0203751273776,911.9503784179688,4600,0.0,0.0
2006-12-07 00:00:00+09:00,931.7753398060287,931.7753398060287,911.9503325761132,923.8453369140625,5200,0.0,0.0
2006-12-08 00:00:00+09:00,931.7753398060287,931.7753398060287,923.8453369140625,923.8453369140625,6000,0.0,0.0
2006-12-11 00:00:00+09:00,931.7753906250001,935.7403922872342,927.8103889627661,931.775390625,7600,0.0,0.0
2006-12-12 00:00:00+09:00,931.7753398060287,931.7753398060287,915.9153340220962,923.8453369140625,5800,0.0,0.0
2006-12-13 00:00:00+09:00,923.8453369140625,923.8453369140625,919.8803354680794,923.8453369140625,4400,0.0,0.0
2006-12-14 00:00:00+09:00,923.8451191176716,931.7751201401409,919.880118606437,927.8101196289062,5400,0.0,0.0
2006-12-15 00:00:00+09:00,939.7054805432336,939.7054805432336,919.8804704051907,935.740478515625,5400,0.0,0.0
2006-12-18 00:00:00+09:00,919.8804931640625,923.8454952897697,915.9154910383553,919.8804931640625,4000,0.0,0.0
2006-12-19 00:00:00+09:00,911.9505370027633,915.915539337558,907.9855346679688,907.9855346679688,10200,0.0,0.0
2006-12-20 00:00:00+09:00,911.9503891258909,915.9153908177426,904.0203857421875,904.0203857421875,2400,0.0,0.0
2006-12-21 00:00:00+09:00,911.9503743489583,911.9503743489583,892.1253662109375,892.1253662109375,6600,0.0,0.0
2006-12-22 00:00:00+09:00,892.1254498926223,892.1254498926223,876.2654418945312,876.2654418945312,5200,0.0,0.0
2006-12-25 00:00:00+09:00,892.1254498926223,892.1254498926223,876.2654418945312,876.2654418945312,10200,0.0,0.0
2006-12-26 00:00:00+09:00,876.2656489191828,888.1606577280405,876.2656489191828,880.2306518554688,5000,0.0,0.0
2006-12-27 00:00:00+09:00,900.0553840503358,911.9503891258909,888.1603789747807,904.0203857421875,13600,0.0,0.0
2006-12-28 00:00:00+09:00,943.6701216738448,943.6701216738448,923.8451191176716,927.8101196289062,4600,0.0,0.0
2006-12-29 00:00:00+09:00,947.6354845984508,947.6354845984508,931.7754764880165,935.740478515625,4200,0.0,0.0
2007-01-04 00:00:00+09:00,963.4951171875,975.3901186342592,959.530116705247,963.4951171875,4400,0.0,0.0
2007-01-05 00:00:00+09:00,959.5303913872956,959.5303913872956,939.7053833007812,939.7053833007812,5200,0.0,0.0
2007-01-09 00:00:00+09:00,959.5305042985094,959.5305042985094,943.6704959629968,947.635498046875,6200,0.0,0.0
2007-01-10 00:00:00+09:00,947.6354845984508,951.6004866260594,931.7754764880165,935.740478515625,11000,0.0,0.0
2007-01-11 00:00:00+09:00,935.7401206513755,935.7401206513755,927.8101196289062,927.8101196289062,6800,0.0,0.0
2007-01-12 00:00:00+09:00,939.7054805432336,947.6354845984508,935.740478515625,935.740478515625,2200,0.0,0.0
2007-01-15 00:00:00+09:00,951.6005001307532,951.6005001307532,947.635498046875,947.635498046875,9600,0.0,0.0
2007-01-16 00:00:00+09:00,959.5302831013997,959.5302831013997,947.6352795918782,951.6002807617188,4200,0.0,0.0
2007-01-17 00:00:00+09:00,955.5651162229939,963.4951171875,951.6001157407408,963.4951171875,3000,0.0,0.0
2007-01-18 00:00:00+09:00,955.5652819315592,959.5302831013997,951.6002807617188,951.6002807617188,3400,0.0,0.0
2007-01-19 00:00:00+09:00,971.4251181520062,971.4251181520062,951.6001157407408,963.4951171875,3800,0.0,0.0
2007-01-22 00:00:00+09:00,967.4604383018929,987.285447283489,967.4604383018929,975.3904418945312,5200,0.0,0.0
2007-01-23 00:00:00+09:00,975.3904167330995,983.3204201211735,971.4254150390625,971.4254150390625,5000,0.0,0.0
2007-01-24 00:00:00+09:00,975.3901888939643,991.2501919654109,975.3901888939643,983.3201904296875,4400,0.0,0.0
2007-01-25 00:00:00+09:00,991.2505245591742,991.2505245591742,983.3205203627008,987.2855224609375,2400,0.0,0.0
2007-01-26 00:00:00+09:00,991.2504882812501,991.2504882812501,987.2854863281251,991.25048828125,4600,0.0,0.0
2007-01-29 00:00:00+09:00,995.215769610067,1022.970791073296,995.215769610067,1007.1107788085938,15000,0.0,0.0
2007-01-30 00:00:00+09:00,1007.1104232545882,1011.0754249209449,999.180419921875,999.180419921875,5600,0.0,0.0
2007-01-31 00:00:00+09:00,999.1807726762426,1007.1107788085938,991.2507665438915,1007.1107788085938,3400,0.0,0.0
2007-02-01 00:00:00+09:00,995.215769610067,1007.1107788085938,995.215769610067,1007.1107788085938,2400,0.0,0.0
2007-02-02 00:00:00+09:00,1015.0407849409448,1019.0057880071204,1007.1107788085938,1007.1107788085938,3600,0.0,0.0
2007-02-05 00:00:00+09:00,1007.1103872668601,1019.0053918408781,1003.1453857421875,1003.1453857421875,4800,0.0,0.0
2007-02-06 00:00:00+09:00,1007.1104626655579,1019.0054681301117,1007.1104626655579,1015.0404663085938,2600,0.0,0.0
2007-02-07 00:00:00+09:00,1015.0404663085938,1019.0054681301117,1015.0404663085938,1015.0404663085938,1000,0.0,0.0
2007-02-08 00:00:00+09:00,1026.935373981639,1030.9003754255837,1019.00537109375,1019.00537109375,5000,0.0,0.0
2007-02-09 00:00:00+09:00,1015.040758236434,1022.9707641601561,1011.075755274573,1022.9707641601562,5200,0.0,0.0
2007-02-13 00:00:00+09:00,1030.900634765625,1034.8656372070313,1026.935632324219,1030.900634765625,5600,0.0,0.0
2007-02-14 00:00:00+09:00,1030.9004409440602,1038.8304443359375,1030.9004409440602,1038.8304443359375,14200,0.0,0.0
2007-02-15 00:00:00+09:00,1046.7602891813212,1050.725290276705,1034.86528589517,1042.7952880859375,6600,0.0,0.0
2007-02-16 00:00:00+09:00,1042.7951313365588,1046.7601318359375,1038.8301308371804,1046.7601318359375,4800,0.0,0.0
2007-02-19 00:00:00+09:00,1046.7607053360848,1050.7257080078125,1042.7957026643573,1050.7257080078125,9000,0.0,0.0
2007-02-20 00:00:00+09:00,1050.725271389279,1058.6552734375,1050.725271389279,1058.6552734375,6800,0.0,0.0
2007-02-21 00:00:00+09:00,1062.620533130787,1070.550537109375,1030.9005172164352,1070.550537109375,15400,0.0,0.0
2007-02-22 00:00:00+09:00,1070.550537109375,1070.550537109375,1058.655531141493,1070.550537109375,24800,0.0,0.0
2007-02-23 00:00:00+09:00,1033.5802001953125,1065.3826678936298,1033.5802001953125,1033.5802001953125,26200,3.5,0.0
2007-02-26 00:00:00+09:00,1033.5804328017346,1033.5804328017346,1001.7779579462967,1009.7285766601562,13400,0.0,0.0
2007-02-27 00:00:00+09:00,989.8516642252604,1001.777587890625,977.9257405598958,1001.777587890625,6400,0.0,0.0
2007-02-28 00:00:00+09:00,969.9750213623047,969.9750213623047,938.1725616455078,954.0737915039062,15000,0.0,0.0
2007-03-01 00:00:00+09:00,954.073799070248,965.9997215586261,954.073799070248,962.0244140625,12200,0.0,0.0
2007-03-02 00:00:00+09:00,965.9997684254366,965.9997684254366,942.1479222914752,946.1232299804688,9200,0.0,0.0
2007-03-05 00:00:00+09:00,926.2466354039841,926.2466354039841,918.2960205078125,918.2960205078125,5200,0.0,0.0
2007-03-06 00:00:00+09:00,914.3209286393791,922.2715454101562,906.3703118686018,922.2715454101562,5200,0.0,0.0
2007-03-07 00:00:00+09:00,942.1479350732632,942.1479350732632,918.2960886157122,926.2467041015625,5200,0.0,0.0
2007-03-08 00:00:00+09:00,930.2218017578125,930.2218017578125,930.2218017578125,930.2218017578125,800,0.0,0.0
2007-03-09 00:00:00+09:00,918.2960886157122,930.2220118444877,918.2960886157122,926.2467041015625,6400,0.0,0.0
2007-03-12 00:00:00+09:00,938.1726344331782,942.1479422062001,926.2467111141124,934.1973266601562,2800,0.0,0.0
2007-03-13 00:00:00+09:00,950.0987041078765,950.0987041078765,914.3209286393791,922.2715454101562,8600,0.0,0.0
2007-03-14 00:00:00+09:00,922.2715675320687,922.2715675320687,902.3950251283603,910.3456420898438,8200,0.0,0.0
2007-03-15 00:00:00+09:00,938.1725577482414,938.1725577482414,914.3207130597268,918.2960205078125,6400,0.0,0.0
2007-03-16 00:00:00+09:00,914.32080078125,914.32080078125,914.32080078125,914.32080078125,1800,0.0,0.0
2007-03-19 00:00:00+09:00,914.3207593741396,914.3207593741396,902.3948364257812,902.3948364257812,2800,0.0,0.0
2007-03-20 00:00:00+09:00,922.2715675320687,922.2715675320687,910.3456420898438,910.3456420898438,2000,0.0,0.0
2007-03-22 00:00:00+09:00,914.32080078125,914.32080078125,906.3701851222826,914.32080078125,2800,0.0,0.0
2007-03-23 00:00:00+09:00,910.3456420898438,910.3456420898438,906.370333609102,910.3456420898438,2400,0.0,0.0
2007-03-26 00:00:00+09:00,922.2715454101562,922.2715454101562,914.3209286393791,922.2715454101562,2400,0.0,0.0
2007-03-27 00:00:00+09:00,930.2220250179893,930.2220250179893,906.3701782226562,906.3701782226562,3000,0.0,0.0
2007-03-28 00:00:00+09:00,910.3454171239803,914.3207246223382,894.4441871305482,898.4194946289062,7600,0.0,0.0
2007-03-29 00:00:00+09:00,898.4196313366091,898.4196313366091,878.5430908203125,878.5430908203125,8400,0.0,0.0
2007-03-30 00:00:00+09:00,882.5186157226562,882.5186157226562,882.5186157226562,882.5186157226562,6000,0.0,0.0
2007-04-02 00:00:00+09:00,894.4442064772808,894.4442064772808,886.4935913085938,886.4935913085938,4000,0.0,0.0
2007-04-03 00:00:00+09:00,890.4688988929372,890.4688988929372,886.4935913085938,886.4935913085938,2000,0.0,0.0
2007-04-04 00:00:00+09:00,906.3701985677083,906.3701985677083,894.4442749023438,894.4442749023438,2600,0.0,0.0
2007-04-05 00:00:00+09:00,898.4195827907986,898.4195827907986,894.4442749023438,894.4442749023438,1800,0.0,0.0
2007-04-06 00:00:00+09:00,890.4690551757812,906.3702883039202,890.4690551757812,890.4690551757812,3600,0.0,0.0
2007-04-09 00:00:00+09:00,910.3456420898438,910.3456420898438,898.4197166476187,910.3456420898438,3200,0.0,0.0
2007-04-10 00:00:00+09:00,894.4441871305482,898.4194946289062,894.4441871305482,898.4194946289062,3800,0.0,0.0
2007-04-11 00:00:00+09:00,898.4197166476187,910.3456420898438,886.4937912053937,910.3456420898438,7400,0.0,0.0
2007-04-12 00:00:00+09:00,914.3207938211006,914.3207938211006,902.394870423434,906.3701782226562,2200,0.0,0.0
2007-04-13 00:00:00+09:00,882.5186157226562,894.4445429621516,882.5186157226562,882.5186157226562,10600,0.0,0.0
2007-04-16 00:00:00+09:00,898.4196717398507,898.4196717398507,890.4690551757812,890.4690551757812,3400,0.0,0.0
2007-04-17 00:00:00+09:00,902.3949800218855,902.3949800218855,890.4690551757812,890.4690551757812,1000,0.0,0.0
2007-04-18 00:00:00+09:00,894.444363457816,894.444363457816,890.4690551757812,890.4690551757812,1000,0.0,0.0
2007-04-19 00:00:00+09:00,894.4441871305482,898.4194946289062,894.4441871305482,898.4194946289062,2200,0.0,0.0
2007-04-20 00:00:00+09:00,898.4196313366091,898.4196313366091,874.5677827170531,878.5430908203125,4800,0.0,0.0
2007-04-23 00:00:00+09:00,882.5186157226562,882.5186157226562,878.5433066428244,882.5186157226562,4800,0.0,0.0
2007-04-24 00:00:00+09:00,878.5433066428244,882.5186157226562,878.5433066428244,882.5186157226562,1800,0.0,0.0
2007-04-25 00:00:00+09:00,890.4690551757812,894.444363457816,890.4690551757812,890.4690551757812,5400,0.0,0.0
2007-04-26 00:00:00+09:00,890.4689670138888,894.4442749023438,882.5183512369791,894.4442749023438,3000,0.0,0.0
2007-04-27 00:00:00+09:00,886.4937468937466,890.4690551757812,886.4937468937466,890.4690551757812,1600,0.0,0.0
2007-05-01 00:00:00+09:00,894.444363457816,894.444363457816,890.4690551757812,890.4690551757812,1800,0.0,0.0
2007-05-02 00:00:00+09:00,894.4442749023438,894.4442749023438,894.4442749023438,894.4442749023438,2000,0.0,0.0
2007-05-07 00:00:00+09:00,890.4689670138888,894.4442749023438,890.4689670138888,894.4442749023438,1400,0.0,0.0
2007-05-08 00:00:00+09:00,898.4195827907986,898.4195827907986,894.4442749023438,894.4442749023438,600,0.0,0.0
2007-05-09 00:00:00+09:00,894.444363457816,898.4196717398507,890.4690551757812,890.4690551757812,7600,0.0,0.0
2007-05-10 00:00:00+09:00,894.4441871305482,898.4194946289062,894.4441871305482,898.4194946289062,1600,0.0,0.0
2007-05-11 00:00:00+09:00,886.4935913085938,886.4935913085938,886.4935913085938,886.4935913085938,2200,0.0,0.0
2007-05-14 00:00:00+09:00,894.4442749023438,894.4442749023438,890.4689670138888,894.4442749023438,3400,0.0,0.0
2007-05-15 00:00:00+09:00,894.444363457816,894.444363457816,890.4690551757812,890.4690551757812,2800,0.0,0.0
2007-05-16 00:00:00+09:00,890.4689670138888,902.3948906792534,890.4689670138888,894.4442749023438,2800,0.0,0.0
2007-05-17 00:00:00+09:00,898.4194946289062,898.4194946289062,898.4194946289062,898.4194946289062,400,0.0,0.0
2007-05-18 00:00:00+09:00,898.4195827907986,898.4195827907986,894.4442749023438,894.4442749023438,2200,0.0,0.0
2007-05-21 00:00:00+09:00,890.4690551757812,894.444363457816,890.4690551757812,890.4690551757812,1400,0.0,0.0
2007-05-22 00:00:00+09:00,886.4937468937466,890.4690551757812,886.4937468937466,890.4690551757812,2800,0.0,0.0
2007-05-23 00:00:00+09:00,890.4688796321902,898.4194946289062,886.4935721338322,898.4194946289062,2600,0.0,0.0
2007-05-24 00:00:00+09:00,894.4442749023438,894.4442749023438,894.4442749023438,894.4442749023438,200,0.0,0.0
2007-05-25 00:00:00+09:00,894.4441871305482,898.4194946289062,894.4441871305482,898.4194946289062,3200,0.0,0.0
2007-05-28 00:00:00+09:00,886.4937468937466,890.4690551757812,886.4937468937466,890.4690551757812,2400,0.0,0.0
2007-05-29 00:00:00+09:00,890.4689134774228,902.3948364257812,890.4689134774228,902.3948364257812,1000,0.0,0.0
2007-05-30 00:00:00+09:00,898.4195827907986,898.4195827907986,894.4442749023438,894.4442749023438,3000,0.0,0.0
2007-05-31 00:00:00+09:00,906.3701782226562,906.3701782226562,906.3701782226562,906.3701782226562,4200,0.0,0.0
2007-06-01 00:00:00+09:00,918.2962590513271,918.2962590513271,910.3456420898438,910.3456420898438,2600,0.0,0.0
2007-06-04 00:00:00+09:00,914.3207130597268,918.2960205078125,914.3207130597268,918.2960205078125,2000,0.0,0.0
2007-06-05 00:00:00+09:00,934.1974213163732,938.1727294921875,934.1974213163732,938.1727294921875,3600,0.0,0.0
2007-06-06 00:00:00+09:00,934.1974213163732,938.1727294921875,934.1974213163732,938.1727294921875,3400,0.0,0.0
2007-06-07 00:00:00+09:00,934.1973266601562,934.1973266601562,934.1973266601562,934.1973266601562,1800,0.0,0.0
2007-06-08 00:00:00+09:00,930.2218017578125,930.2218017578125,930.2218017578125,930.2218017578125,4800,0.0,0.0
2007-06-11 00:00:00+09:00,934.1973195874128,934.1973195874128,926.2467041015625,926.2467041015625,1000,0.0,0.0
2007-06-12 00:00:00+09:00,922.2715454101562,926.2468537955449,918.2962370247676,922.2715454101562,4600,0.0,0.0
2007-06-13 00:00:00+09:00,910.3456420898438,910.3456420898438,910.3456420898438,910.3456420898438,2000,0.0,0.0
2007-06-14 00:00:00+09:00,918.2960205078125,918.2960205078125,914.3207130597268,918.2960205078125,1600,0.0,0.0
2007-06-15 00:00:00+09:00,930.2220188871344,934.1973266601562,930.2220188871344,934.1973266601562,3000,0.0,0.0
2007-06-18 00:00:00+09:00,938.1724154480502,938.1724154480502,930.2218017578125,930.2218017578125,1600,0.0,0.0
2007-06-19 00:00:00+09:00,922.2713279558983,922.2713279558983,918.2960205078125,918.2960205078125,3800,0.0,0.0
2007-06-20 00:00:00+09:00,922.2715454101562,922.2715454101562,922.2715454101562,922.2715454101562,1000,0.0,0.0
2007-06-21 00:00:00+09:00,930.2220118444877,930.2220118444877,926.2467041015625,926.2467041015625,1600,0.0,0.0
2007-06-22 00:00:00+09:00,922.2713279558983,922.2713279558983,918.2960205078125,918.2960205078125,2400,0.0,0.0
2007-06-25 00:00:00+09:00,930.2219428520699,930.2219428520699,918.2960205078125,918.2960205078125,18200,0.0,0.0
2007-06-26 00:00:00+09:00,910.3454929517663,914.32080078125,910.3454929517663,914.32080078125,2400,0.0,0.0
2007-06-27 00:00:00+09:00,910.3454517246868,910.3454517246868,898.4195287763284,902.3948364257812,9200,0.0,0.0
2007-06-28 00:00:00+09:00,910.345405611641,918.2960205078125,910.345405611641,918.2960205078125,3200,0.0,0.0
2007-06-29 00:00:00+09:00,922.2715454101562,926.2468537955449,910.3456202539904,922.2715454101562,3400,0.0,0.0
2007-07-02 00:00:00+09:00,910.3456202539904,922.2715454101562,910.3456202539904,922.2715454101562,1600,0.0,0.0
2007-07-03 00:00:00+09:00,910.345405611641,922.2713279558983,910.345405611641,918.2960205078125,1400,0.0,0.0
2007-07-04 00:00:00+09:00,918.2960205078125,922.2713279558983,914.3207130597268,918.2960205078125,4600,0.0,0.0
2007-07-05 00:00:00+09:00,918.2960886157122,926.2467041015625,918.2960886157122,926.2467041015625,3600,0.0,0.0
2007-07-06 00:00:00+09:00,930.2218497629915,1093.2094388240284,930.2218497629915,1061.406982421875,854400,0.0,0.0
2007-07-09 00:00:00+09:00,930.2221006196121,1037.555419921875,930.2221006196121,1037.555419921875,381200,0.0,0.0
2007-07-10 00:00:00+09:00,1045.5061255821815,1045.5061255821815,1009.7283494215745,1033.5802001953125,104000,0.0,0.0
2007-07-11 00:00:00+09:00,1013.7036578838641,1041.5308171198917,1009.7283494215745,1033.5802001953125,39600,0.0,0.0
2007-07-12 00:00:00+09:00,1033.5799755289397,1069.3577439126339,1017.6787451361868,1021.654052734375,75200,0.0,0.0
2007-07-13 00:00:00+09:00,1025.629448890686,1033.5800647735596,1017.6788330078125,1017.6788330078125,17400,0.0,0.0
2007-07-17 00:00:00+09:00,1017.6788194444443,1017.6788194444443,1001.777587890625,1001.777587890625,24800,0.0,0.0
2007-07-18 00:00:00+09:00,985.87641015625,997.8023344726563,985.87641015625,993.8270263671875,19000,0.0,0.0
2007-07-19 00:00:00+09:00,997.8020629882812,997.8020629882812,993.8267559644236,997.8020629882812,10000,0.0,0.0
2007-07-20 00:00:00+09:00,981.9008525725335,1009.728002240581,981.9008525725335,985.8761596679688,17200,0.0,0.0
2007-07-23 00:00:00+09:00,973.9503441482294,973.9503441482294,969.9750366210938,969.9750366210938,6800,0.0,0.0
2007-07-24 00:00:00+09:00,958.0491140396869,977.9256516753651,958.0491140396869,969.9750366210938,8000,0.0,0.0
2007-07-25 00:00:00+09:00,973.9501249839249,973.9501249839249,965.99951171875,965.99951171875,4400,0.0,0.0
2007-07-26 00:00:00+09:00,981.9010552853954,981.9010552853954,973.950439453125,973.950439453125,9200,0.0,0.0
2007-07-27 00:00:00+09:00,950.0986938476562,958.0493105325738,950.0986938476562,950.0986938476562,20000,0.0,0.0
2007-07-30 00:00:00+09:00,938.1726146024816,946.1232299804688,926.246691535501,946.1232299804688,6200,0.0,0.0
2007-07-31 00:00:00+09:00,958.0491943359375,965.9998100565676,958.0491943359375,958.0491943359375,5000,0.0,0.0
2007-08-01 00:00:00+09:00,958.0493105325738,977.9258522448679,950.0986938476562,950.0986938476562,15800,0.0,0.0
2007-08-02 00:00:00+09:00,954.0737915039062,958.0490989685059,938.1725616455078,954.0737915039062,6200,0.0,0.0
2007-08-03 00:00:00+09:00,938.1727688202798,954.074002190115,938.1727688202798,950.0986938476562,4200,0.0,0.0
2007-08-06 00:00:00+09:00,950.0984840393066,954.0737915039062,950.0984840393066,954.0737915039062,1200,0.0,0.0
2007-08-07 00:00:00+09:00,946.1233458438162,946.1233458438162,938.1727294921875,938.1727294921875,4200,0.0,0.0
2007-08-08 00:00:00+09:00,938.1726414161393,942.14794921875,938.1726414161393,942.14794921875,2200,0.0,0.0
2007-08-09 00:00:00+09:00,942.1480771627386,950.0986938476562,938.1727688202798,950.0986938476562,6000,0.0,0.0
2007-08-10 00:00:00+09:00,914.3209286393791,930.2221621809334,910.3456202539904,922.2715454101562,10000,0.0,0.0
2007-08-13 00:00:00+09:00,946.1232299804688,946.1232299804688,938.1726146024816,946.1232299804688,3200,0.0,0.0
2007-08-14 00:00:00+09:00,942.1480771627386,950.0986938476562,934.197460477821,950.0986938476562,8800,0.0,0.0
2007-08-15 00:00:00+09:00,930.2220320991848,930.2220320991848,914.32080078125,914.32080078125,5400,0.0,0.0
2007-08-16 00:00:00+09:00,902.3948021272643,906.3701096256223,890.4688796321902,898.4194946289062,7200,0.0,0.0
2007-08-17 00:00:00+09:00,910.3454517246868,934.1972976214034,890.4689134774228,902.3948364257812,10200,0.0,0.0
2007-08-20 00:00:00+09:00,898.4194946289062,902.3948021272643,894.4441871305482,898.4194946289062,2000,0.0,0.0
2007-08-21 00:00:00+09:00,886.4936058279701,902.3948364257812,886.4936058279701,902.3948364257812,2800,0.0,0.0
2007-08-22 00:00:00+09:00,902.3947907154695,918.2960205078125,902.3947907154695,918.2960205078125,1800,0.0,0.0
2007-08-23 00:00:00+09:00,902.3948772927989,918.2961086107338,902.3948772927989,914.32080078125,3000,0.0,0.0
2007-08-24 00:00:00+09:00,910.3454929517663,914.32080078125,906.3701851222826,914.32080078125,3000,0.0,0.0
2007-08-27 00:00:00+09:00,918.2961016203227,918.2961016203227,906.3701782226562,906.3701782226562,7000,0.0,0.0
2007-08-28 00:00:00+09:00,901.1864062937921,901.1864062937921,889.2237548828125,889.2237548828125,2800,3.5,0.0
2007-08-29 00:00:00+09:00,861.3107876712329,873.2734375,861.3107876712329,873.2734375,1600,0.0,0.0
2007-08-30 00:00:00+09:00,877.261050163059,877.261050163059,869.2859497070312,869.2859497070312,1400,0.0,0.0
2007-08-31 00:00:00+09:00,869.2860074129972,877.2611083984375,869.2860074129972,877.2611083984375,4800,0.0,0.0
2007-09-03 00:00:00+09:00,873.2735562561863,881.2486572265625,865.2984552858102,881.2486572265625,3600,0.0,0.0
2007-09-04 00:00:00+09:00,877.2611083984375,877.2611083984375,877.2611083984375,877.2611083984375,600,0.0,0.0
2007-09-05 00:00:00+09:00,869.2858920784885,869.2858920784885,857.3232421875,857.3232421875,1800,0.0,0.0
2007-09-06 00:00:00+09:00,845.3606538861712,853.3357543945312,845.3606538861712,853.3357543945312,1200,0.0,0.0
2007-09-07 00:00:00+09:00,853.3358804954672,853.3358804954672,845.3607788085938,845.3607788085938,2400,0.0,0.0
2007-09-10 00:00:00+09:00,837.3855635048686,837.3855635048686,817.447811992848,825.4229125976562,1800,0.0,0.0
2007-09-11 00:00:00+09:00,821.4353622952522,825.4229125976562,817.447811992848,825.4229125976562,1800,0.0,0.0
2007-09-12 00:00:00+09:00,829.4104629000603,829.4104629000603,821.4353622952522,825.4229125976562,4400,0.0,0.0
2007-09-13 00:00:00+09:00,825.422850388747,829.410400390625,825.422850388747,829.410400390625,800,0.0,0.0
2007-09-14 00:00:00+09:00,837.3854968898104,845.3605968601896,825.4228469342418,841.373046875,11000,0.0,0.0
2007-09-18 00:00:00+09:00,885.2360967120853,885.2360967120853,841.373046875,841.373046875,4000,0.0,0.0
2007-09-19 00:00:00+09:00,841.373046875,841.373046875,841.373046875,841.373046875,3000,0.0,0.0
2007-09-20 00:00:00+09:00,861.3109821823408,861.3109821823408,845.3607788085938,845.3607788085938,3000,0.0,0.0
2007-09-21 00:00:00+09:00,849.3482055664062,849.3482055664062,829.4104542620305,849.3482055664062,1800,0.0,0.0
2007-09-25 00:00:00+09:00,889.2237066821518,889.2237066821518,853.3357543945312,853.3357543945312,1400,0.0,0.0
2007-09-26 00:00:00+09:00,853.3356922238372,857.3232421875,853.3356922238372,857.3232421875,600,0.0,0.0
2007-09-27 00:00:00+09:00,849.3482055664062,853.3357558272814,849.3482055664062,849.3482055664062,2600,0.0,0.0
2007-09-28 00:00:00+09:00,861.3107921511628,873.2734420421513,857.3232421875,857.3232421875,3600,0.0,0.0
2007-10-01 00:00:00+09:00,837.3855533778111,861.3108549028914,837.3855533778111,853.3357543945312,4200,0.0,0.0
2007-10-02 00:00:00+09:00,861.3108549028914,869.2859554112515,849.3482041403513,853.3357543945312,4400,0.0,0.0
2007-10-03 00:00:00+09:00,861.3107876712329,881.2485373858448,853.3356877853881,873.2734375,3200,0.0,0.0
2007-10-04 00:00:00+09:00,861.3107876712329,889.2236372716894,861.3107876712329,873.2734375,3400,0.0,0.0
2007-10-05 00:00:00+09:00,865.2983398437499,873.2734397501439,865.2983398437499,865.29833984375,4600,0.0,0.0
2007-10-09 00:00:00+09:00,861.3109064275568,877.2611083984375,845.3607044566761,877.2611083984375,4600,0.0,0.0
2007-10-10 00:00:00+09:00,877.2609874429223,877.2609874429223,869.2858875570776,873.2734375,1600,0.0,0.0
2007-10-11 00:00:00+09:00,877.2611034718329,889.2237548828125,873.2735530015065,889.2237548828125,4600,0.0,0.0
2007-10-12 00:00:00+09:00,885.2362093838778,893.2113103693182,877.2611083984375,877.2611083984375,3400,0.0,0.0
2007-10-15 00:00:00+09:00,913.1490494577508,913.1490494577508,901.1863981548108,909.1614990234375,4200,0.0,0.0
2007-10-16 00:00:00+09:00,905.1739567641185,905.1739567641185,889.2237548828125,889.2237548828125,2000,0.0,0.0
2007-10-17 00:00:00+09:00,901.1862182617188,905.1737679000449,889.2235693467402,901.1862182617188,2000,0.0,0.0
2007-10-18 00:00:00+09:00,901.186466217041,901.186466217041,885.2362632751465,893.2113647460938,1800,0.0,0.0
2007-10-19 00:00:00+09:00,885.2362093838778,885.2362093838778,877.2611083984375,877.2611083984375,1800,0.0,0.0
2007-10-22 00:00:00+09:00,877.260989703341,877.260989703341,849.3481400309619,865.29833984375,3200,0.0,0.0
2007-10-23 00:00:00+09:00,873.2734999350452,873.2734999350452,865.2983994790173,869.2859497070312,1800,0.0,0.0
2007-10-24 00:00:00+09:00,869.2858909324364,869.2858909324364,861.310791015625,861.310791015625,1400,0.0,0.0
2007-10-25 00:00:00+09:00,869.2858920784885,869.2858920784885,849.3481422601744,857.3232421875,2200,0.0,0.0
2007-10-26 00:00:00+09:00,837.3855533778111,853.3357543945312,837.3855533778111,853.3357543945312,2200,0.0,0.0
2007-10-29 00:00:00+09:00,849.3482041403513,853.3357543945312,849.3482041403513,853.3357543945312,2000,0.0,0.0
2007-10-30 00:00:00+09:00,849.348141140408,861.310791015625,849.348141140408,861.310791015625,2000,0.0,0.0
2007-10-31 00:00:00+09:00,861.3107921511628,861.3107921511628,857.3232421875,857.3232421875,1400,0.0,0.0
2007-11-01 00:00:00+09:00,857.323431338904,857.323431338904,845.3607788085938,845.3607788085938,1400,0.0,0.0
2007-11-02 00:00:00+09:00,845.360655305531,857.3233060881565,845.360655305531,849.3482055664062,1800,0.0,0.0
2007-11-05 00:00:00+09:00,845.3604131789435,853.3355114164807,837.3853149414062,837.3853149414062,3000,0.0,0.0
2007-11-06 00:00:00+09:00,833.3977658226377,837.3853149414062,833.3977658226377,837.3853149414062,3000,0.0,0.0
2007-11-07 00:00:00+09:00,833.3978881835938,833.3978881835938,825.4227887751383,833.3978881835938,1800,0.0,0.0
2007-11-08 00:00:00+09:00,817.4478759765625,817.4478759765625,817.4478759765625,817.4478759765625,1800,0.0,0.0
2007-11-09 00:00:00+09:00,817.4477527211013,821.435302734375,817.4477527211013,821.435302734375,2600,0.0,0.0
2007-11-12 00:00:00+09:00,797.5099469175433,805.4850463867188,797.5099469175433,805.4850463867188,2600,0.0,0.0
2007-11-13 00:00:00+09:00,801.4976806640625,801.4976806640625,797.5101300139925,801.4976806640625,800,0.0,0.0
2007-11-14 00:00:00+09:00,801.4976166222483,809.4727172851562,801.4976166222483,809.4727172851562,800,0.0,0.0
2007-11-15 00:00:00+09:00,805.4850463867188,805.4850463867188,805.4850463867188,805.4850463867188,1800,0.0,0.0
2007-11-16 00:00:00+09:00,801.4976806640625,801.4976806640625,801.4976806640625,801.4976806640625,1000,0.0,0.0
2007-11-19 00:00:00+09:00,797.509950580019,797.509950580019,785.5473013213186,789.5348510742188,1400,0.0,0.0
2007-11-20 00:00:00+09:00,781.5598786344233,781.5598786344233,769.5972274308352,773.5847778320312,1400,0.0,0.0
2007-11-21 00:00:00+09:00,765.609623015873,765.609623015873,753.64697265625,753.64697265625,1400,0.0,0.0
2007-11-22 00:00:00+09:00,717.7590266047298,737.69677734375,717.7590266047298,737.69677734375,7400,0.0,0.0
2007-11-26 00:00:00+09:00,757.6344664200493,757.6344664200493,725.7340678339419,733.7091674804688,6400,0.0,0.0
2007-11-27 00:00:00+09:00,721.7464586268356,737.6966566075392,721.7464586268356,729.7215576171875,3600,0.0,0.0
2007-11-28 00:00:00+09:00,737.6966566075392,737.6966566075392,717.7589091316598,729.7215576171875,7000,0.0,0.0
2007-11-29 00:00:00+09:00,737.69677734375,737.69677734375,737.69677734375,737.69677734375,7000,0.0,0.0
2007-11-30 00:00:00+09:00,733.709227195946,737.69677734375,733.709227195946,737.69677734375,5800,0.0,0.0
2007-12-03 00:00:00+09:00,733.7091071123633,733.7091071123633,729.7215576171875,729.7215576171875,5800,0.0,0.0
2007-12-04 00:00:00+09:00,725.7340698242188,725.7340698242188,725.7340698242188,725.7340698242188,5800,0.0,0.0
2007-12-05 00:00:00+09:00,725.7341269003379,737.69677734375,725.7341269003379,737.69677734375,2200,0.0,0.0
2007-12-06 00:00:00+09:00,737.6967173037322,737.6967173037322,733.7091674804688,733.7091674804688,2200,0.0,0.0
2007-12-07 00:00:00+09:00,737.69677734375,737.69677734375,733.709227195946,737.69677734375,2800,0.0,0.0
2007-12-10 00:00:00+09:00,733.709227195946,737.69677734375,733.709227195946,737.69677734375,2800,0.0,0.0
2007-12-11 00:00:00+09:00,737.6967153241557,741.6842651367188,733.7091655115927,741.6842651367188,7400,0.0,0.0
2007-12-12 00:00:00+09:00,737.69677734375,737.69677734375,733.709227195946,737.69677734375,5000,0.0,0.0
2007-12-13 00:00:00+09:00,737.6966566075392,737.6966566075392,729.7215576171875,729.7215576171875,5200,0.0,0.0
2007-12-14 00:00:00+09:00,737.6967173037322,737.6967173037322,733.7091674804688,733.7091674804688,5200,0.0,0.0
2007-12-17 00:00:00+09:00,729.7215576171875,737.6966566075392,729.7215576171875,729.7215576171875,6000,0.0,0.0
2007-12-18 00:00:00+09:00,729.7216176572053,733.7091674804688,725.7340678339419,733.7091674804688,4800,0.0,0.0
2007-12-19 00:00:00+09:00,725.7340708358512,725.7340708358512,721.7465209960938,721.7465209960938,6000,0.0,0.0
2007-12-20 00:00:00+09:00,713.7714243685261,713.7714243685261,709.7838745117188,709.7838745117188,10600,0.0,0.0
2007-12-21 00:00:00+09:00,709.7839341829608,713.771484375,709.7839341829608,713.771484375,10600,0.0,0.0
2007-12-25 00:00:00+09:00,725.734071858724,725.734071858724,717.7589721679688,717.7589721679688,10600,0.0,0.0
2007-12-26 00:00:00+09:00,717.7589721679688,717.7589721679688,717.7589721679688,717.7589721679688,10600,0.0,0.0
2007-12-27 00:00:00+09:00,713.7714223225912,717.7589721679688,713.7714223225912,717.7589721679688,10600,0.0,0.0
2007-12-28 00:00:00+09:00,717.7589742253335,717.7589742253335,709.7838745117188,709.7838745117188,2200,0.0,0.0
2008-01-04 00:00:00+09:00,677.883544921875,689.8461957146139,673.8959946576286,677.883544921875,6000,0.0,0.0
2008-01-07 00:00:00+09:00,677.8835493076347,677.8835493076347,665.9208984375,665.9208984375,5600,0.0,0.0
2008-01-08 00:00:00+09:00,673.8959350585938,673.8959350585938,673.8959350585938,673.8959350585938,5600,0.0,0.0
2008-01-09 00:00:00+09:00,657.9457978574102,665.9208984375,657.9457978574102,665.9208984375,7600,0.0,0.0
2008-01-10 00:00:00+09:00,665.9208999082266,665.9208999082266,661.933349609375,661.933349609375,2800,0.0,0.0
2008-01-11 00:00:00+09:00,657.9457993105233,665.9208999082266,657.9457993105233,661.933349609375,1800,0.0,0.0
2008-01-15 00:00:00+09:00,653.9583167558835,653.9583167558835,645.9832153320312,645.9832153320312,6000,0.0,0.0
2008-01-16 00:00:00+09:00,630.032902705205,630.032902705205,598.1325025682326,614.0827026367188,7200,0.0,0.0
2008-01-17 00:00:00+09:00,610.0951526195972,614.0827026367188,610.0951526195972,614.0827026367188,6400,0.0,0.0
2008-01-18 00:00:00+09:00,606.107785692402,614.082888135723,606.107785692402,610.0953369140625,7200,0.0,0.0
2008-01-21 00:00:00+09:00,602.1201782226562,606.107729071813,602.1201782226562,602.1201782226562,3200,0.0,0.0
2008-01-22 00:00:00+09:00,582.1823120117188,586.1698620939908,578.1947619294467,582.1823120117188,5800,0.0,0.0
2008-01-23 00:00:00+09:00,586.1697989798881,590.1573486328125,586.1697989798881,590.1573486328125,3600,0.0,0.0
2008-01-24 00:00:00+09:00,594.1448982857369,594.1448982857369,586.1697989798881,590.1573486328125,3000,0.0,0.0
2008-01-25 00:00:00+09:00,618.0704956054688,618.0704956054688,614.0829440209174,618.0704956054688,5000,0.0,0.0
2008-01-28 00:00:00+09:00,614.0829440209174,618.0704956054688,614.0829440209174,618.0704956054688,800,0.0,0.0
2008-01-29 00:00:00+09:00,622.0578582377373,630.032958984375,622.0578582377373,630.032958984375,2600,0.0,0.0
2008-01-30 00:00:00+09:00,641.9954841613769,641.9954841613769,638.0079345703125,638.0079345703125,2600,0.0,0.0
2008-01-31 00:00:00+09:00,634.0205631962529,645.9832153320312,634.0205631962529,645.9832153320312,2400,0.0,0.0
2008-02-01 00:00:00+09:00,645.9831513195503,653.958251953125,645.9831513195503,653.958251953125,2400,0.0,0.0
2008-02-04 00:00:00+09:00,653.9581898082387,657.9457397460938,653.9581898082387,657.9457397460938,2400,0.0,0.0
2008-02-05 00:00:00+09:00,657.9458022699124,657.9458022699124,653.958251953125,653.958251953125,2800,0.0,0.0
2008-02-06 00:00:00+09:00,630.0330219633261,634.0205727352458,626.0454711914062,626.0454711914062,1800,0.0,0.0
2008-02-07 00:00:00+09:00,630.0330219633261,630.0330219633261,626.0454711914062,626.0454711914062,3200,0.0,0.0
2008-02-08 00:00:00+09:00,626.0454711914062,626.0454711914062,622.0579204194864,626.0454711914062,1800,0.0,0.0
2008-02-12 00:00:00+09:00,618.0704956054688,618.0704956054688,618.0704956054688,618.0704956054688,1800,0.0,0.0
2008-02-13 00:00:00+09:00,626.0454086110561,630.032958984375,618.0703078644185,630.032958984375,3200,0.0,0.0
2008-02-14 00:00:00+09:00,630.0329544351708,641.99560546875,630.0329544351708,641.99560546875,4800,0.0,0.0
2008-02-15 00:00:00+09:00,638.0079345703125,641.9954841613769,638.0079345703125,638.0079345703125,4000,0.0,0.0
2008-02-18 00:00:00+09:00,638.0079345703125,641.9954841613769,638.0079345703125,638.0079345703125,3800,0.0,0.0
2008-02-19 00:00:00+09:00,641.9956646201051,645.9832153320312,641.9956646201051,645.9832153320312,1800,0.0,0.0
2008-02-20 00:00:00+09:00,641.9954841613769,641.9954841613769,634.0203849792481,638.0079345703125,1800,0.0,0.0
2008-02-21 00:00:00+09:00,638.0080597310126,638.0080597310126,630.032958984375,630.032958984375,4800,0.0,0.0
2008-02-22 00:00:00+09:00,638.0080551242236,641.99560546875,634.0205047796973,641.99560546875,3800,0.0,0.0
2008-02-25 00:00:00+09:00,645.9830921383723,649.9706420898438,645.9830921383723,649.9706420898438,13400,0.0,0.0
2008-02-26 00:00:00+09:00,616.7313350554435,620.736083984375,616.7313350554435,620.736083984375,7200,3.5,0.0
2008-02-27 00:00:00+09:00,632.7501831054688,632.7501831054688,632.7501831054688,632.7501831054688,2800,0.0,0.0
2008-02-28 00:00:00+09:00,632.7345522259766,636.7549438476562,632.7345522259766,636.7549438476562,2800,0.0,0.0
2008-02-29 00:00:00+09:00,628.7454833984375,628.7454833984375,628.7454833984375,628.7454833984375,2800,0.0,0.0
2008-03-03 00:00:00+09:00,620.7360106629211,620.7360106629211,616.7312622070312,616.7312622070312,3400,0.0,0.0
2008-03-04 00:00:00+09:00,616.7313491113928,616.7313491113928,604.7171020507812,604.7171020507812,3400,0.0,0.0
2008-03-05 00:00:00+09:00,612.7265504535876,612.7265504535876,608.7218017578125,608.7218017578125,600,0.0,0.0
2008-03-06 00:00:00+09:00,620.736121882021,620.736121882021,608.7218743617238,612.7266235351562,2000,0.0,0.0
2008-03-07 00:00:00+09:00,612.7265258789063,612.7265258789063,600.7122802734375,600.7122802734375,2000,0.0,0.0
2008-03-10 00:00:00+09:00,600.7122802734375,600.7122802734375,600.7122802734375,600.7122802734375,2000,0.0,0.0
2008-03-11 00:00:00+09:00,588.6978759765625,592.7026234321853,588.6978759765625,588.6978759765625,1600,0.0,0.0
2008-03-12 00:00:00+09:00,592.7026234321853,592.7026234321853,588.6978759765625,588.6978759765625,1800,0.0,0.0
2008-03-13 00:00:00+09:00,584.6933475889009,584.6933475889009,580.6885986328125,580.6885986328125,4400,0.0,0.0
2008-03-14 00:00:00+09:00,580.6885986328125,580.6885986328125,572.6791007206358,580.6885986328125,7400,0.0,0.0
2008-03-17 00:00:00+09:00,560.6648538523707,580.6885986328125,560.6648538523707,580.6885986328125,3000,0.0,0.0
2008-03-18 00:00:00+09:00,580.6885986328125,580.6885986328125,564.669602808459,580.6885986328125,1200,0.0,0.0
2008-03-19 00:00:00+09:00,568.6743283571897,572.6790771484375,568.6743283571897,572.6790771484375,1000,0.0,0.0
2008-03-21 00:00:00+09:00,576.6838496767241,580.6885986328125,576.6838496767241,580.6885986328125,1000,0.0,0.0
2008-03-24 00:00:00+09:00,580.688525305854,584.6932737562391,576.6837768554688,576.6837768554688,7400,0.0,0.0
2008-03-25 00:00:00+09:00,580.6883810653168,588.6978759765625,580.6883810653168,588.6978759765625,4000,0.0,0.0
2008-03-26 00:00:00+09:00,592.7026234321853,592.7026234321853,588.6978759765625,588.6978759765625,4000,0.0,0.0
2008-03-27 00:00:00+09:00,588.6980965449892,588.6980965449892,580.6885986328125,580.6885986328125,800,0.0,0.0
2008-03-28 00:00:00+09:00,580.6885986328125,580.6885986328125,580.6885986328125,580.6885986328125,800,0.0,0.0
2008-03-31 00:00:00+09:00,592.7026718348673,592.7026718348673,584.6931762695312,584.6931762695312,1000,0.0,0.0
2008-04-01 00:00:00+09:00,588.6980226247903,596.70751953125,588.6980226247903,596.70751953125,1000,0.0,0.0
2008-04-02 00:00:00+09:00,604.7171020507812,604.7171020507812,604.7171020507812,604.7171020507812,1000,0.0,0.0
2008-04-03 00:00:00+09:00,600.7123530305774,604.7171020507812,588.6981059699658,604.7171020507812,2000,0.0,0.0
2008-04-04 00:00:00+09:00,604.7171020507812,604.7171020507812,604.7171020507812,604.7171020507812,400,0.0,0.0
2008-04-07 00:00:00+09:00,588.6981059699658,604.7171020507812,588.6981059699658,604.7171020507812,2200,0.0,0.0
2008-04-08 00:00:00+09:00,604.7171020507812,604.7171020507812,604.7171020507812,604.7171020507812,200,0.0,0.0
2008-04-09 00:00:00+09:00,592.7028198242188,592.7028198242188,592.7028198242188,592.7028198242188,200,0.0,0.0
2008-04-10 00:00:00+09:00,584.6931762695312,584.6931762695312,584.6931762695312,584.6931762695312,200,0.0,0.0
2008-04-11 00:00:00+09:00,592.702783203125,600.7122802734375,588.6980346679687,600.7122802734375,1800,0.0,0.0
2008-04-14 00:00:00+09:00,600.7122802734375,600.7122802734375,600.7122802734375,600.7122802734375,1800,0.0,0.0
2008-04-15 00:00:00+09:00,608.7218017578125,608.7218017578125,608.7218017578125,608.7218017578125,1800,0.0,0.0
2008-04-16 00:00:00+09:00,620.736121882021,620.736121882021,612.7266235351562,612.7266235351562,4600,0.0,0.0
2008-04-17 00:00:00+09:00,608.7218743617238,612.7266235351562,608.7218743617238,612.7266235351562,4600,0.0,0.0
2008-04-18 00:00:00+09:00,648.769139099121,648.769139099121,636.7548957824707,640.7596435546875,19600,0.0,0.0
2008-04-21 00:00:00+09:00,644.7645874023438,644.7645874023438,644.7645874023438,644.7645874023438,19600,0.0,0.0
2008-04-22 00:00:00+09:00,636.7549438476562,636.7549438476562,636.7549438476562,636.7549438476562,19600,0.0,0.0
2008-04-23 00:00:00+09:00,640.7596919221697,640.7596919221697,636.7549438476562,636.7549438476562,1600,0.0,0.0
2008-04-24 00:00:00+09:00,632.7502317003383,632.7502317003383,628.7454833984375,628.7454833984375,600,0.0,0.0
2008-04-25 00:00:00+09:00,632.7501831054688,632.7501831054688,632.7501831054688,632.7501831054688,600,0.0,0.0
2008-04-28 00:00:00+09:00,632.7501831054688,632.7501831054688,632.7501831054688,632.7501831054688,600,0.0,0.0
2008-04-30 00:00:00+09:00,640.7598286290322,640.7598286290322,620.736083984375,620.736083984375,600,0.0,0.0
2008-05-01 00:00:00+09:00,624.74072265625,624.74072265625,624.74072265625,624.74072265625,600,0.0,0.0
2008-05-02 00:00:00+09:00,628.7454833984375,628.7454833984375,628.7454833984375,628.7454833984375,600,0.0,0.0
2008-05-07 00:00:00+09:00,616.7312622070312,616.7312622070312,616.7312622070312,616.7312622070312,600,0.0,0.0
2008-05-08 00:00:00+09:00,640.7596435546875,640.7596435546875,640.7596435546875,640.7596435546875,600,0.0,0.0
2008-05-09 00:00:00+09:00,628.7454833984375,628.7454833984375,628.7454833984375,628.7454833984375,600,0.0,0.0
2008-05-12 00:00:00+09:00,628.7454351111303,632.7501831054688,628.7454351111303,632.7501831054688,3200,0.0,0.0
2008-05-13 00:00:00+09:00,632.7501831054688,632.7501831054688,632.7501831054688,632.7501831054688,3200,0.0,0.0
2008-05-14 00:00:00+09:00,648.7693481445312,648.7693481445312,648.7693481445312,648.7693481445312,3200,0.0,0.0
2008-05-15 00:00:00+09:00,652.774023216891,664.7882690429688,652.774023216891,664.7882690429688,8200,0.0,0.0
2008-05-16 00:00:00+09:00,665.9896936255765,665.9896936255765,664.7882690429688,664.7882690429688,8200,0.0,0.0
2008-05-19 00:00:00+09:00,660.7833862304688,664.7881340258049,656.7786384351326,660.7833862304688,3800,0.0,0.0
2008-05-20 00:00:00+09:00,680.8071899414062,692.821434469784,680.8071899414062,680.8071899414062,7200,0.0,0.0
2008-05-21 00:00:00+09:00,692.8214847841742,724.8594725198586,692.8214847841742,716.8499755859375,8400,0.0,0.0
2008-05-22 00:00:00+09:00,732.8690655550217,756.8975595076454,732.8690655550217,748.8880615234375,13400,0.0,0.0
2008-05-23 00:00:00+09:00,772.916502981475,792.9402465820312,772.916502981475,792.9402465820312,13400,0.0,0.0
2008-05-26 00:00:00+09:00,772.9164918263752,772.9164918263752,768.9117431640625,768.9117431640625,15600,0.0,0.0
2008-05-27 00:00:00+09:00,748.8880615234375,748.8880615234375,748.8880615234375,748.8880615234375,15600,0.0,0.0
2008-05-28 00:00:00+09:00,720.8546752929688,720.8546752929688,720.8546752929688,720.8546752929688,15600,0.0,0.0
2008-05-29 00:00:00+09:00,764.906982421875,764.906982421875,764.906982421875,764.906982421875,15600,0.0,0.0
2008-05-30 00:00:00+09:00,744.3341630604626,744.3341630604626,732.8689575195312,732.8689575195312,15600,0.0,0.0
2008-06-02 00:00:00+09:00,752.892724609375,760.9022216796875,752.892724609375,760.9022216796875,2800,0.0,0.0
2008-06-03 00:00:00+09:00,752.8926752562164,752.8926752562164,744.8831787109375,744.8831787109375,1600,0.0,0.0
2008-06-04 00:00:00+09:00,744.8833125313336,748.8880615234375,744.8833125313336,748.8880615234375,1600,0.0,0.0
2008-06-05 00:00:00+09:00,756.8974235288558,756.8974235288558,744.8831787109375,744.8831787109375,2000,0.0,0.0
2008-06-06 00:00:00+09:00,756.8975219726562,756.8975219726562,752.8927731791501,756.8975219726562,2400,0.0,0.0
2008-06-09 00:00:00+09:00,732.8689575195312,732.8689575195312,732.8689575195312,732.8689575195312,4000,0.0,0.0
2008-06-10 00:00:00+09:00,736.8736808313191,736.8736808313191,724.8594360351562,724.8594360351562,4000,0.0,0.0
2008-06-11 00:00:00+09:00,724.8593270438058,728.8640747070312,724.8593270438058,728.8640747070312,4000,0.0,0.0
2008-06-12 00:00:00+09:00,728.8641733530405,740.87841796875,728.8641733530405,740.87841796875,4000,0.0,0.0
2008-06-13 00:00:00+09:00,732.8689575195312,732.8689575195312,732.8689575195312,732.8689575195312,4000,0.0,0.0
2008-06-16 00:00:00+09:00,752.8926752562164,752.8926752562164,740.8784304382981,744.8831787109375,3400,0.0,0.0
2008-06-17 00:00:00+09:00,744.8833125313336,752.8928105155414,744.8833125313336,748.8880615234375,4000,0.0,0.0
2008-06-18 00:00:00+09:00,756.8975595076454,756.8975595076454,744.8833125313336,748.8880615234375,9400,0.0,0.0
2008-06-19 00:00:00+09:00,740.87841796875,740.87841796875,736.8736697635135,740.87841796875,2800,0.0,0.0
2008-06-20 00:00:00+09:00,736.8736697635135,740.87841796875,732.868921558277,740.87841796875,1800,0.0,0.0
2008-06-23 00:00:00+09:00,720.8546752929688,720.8546752929688,720.8546752929688,720.8546752929688,2200,0.0,0.0
2008-06-24 00:00:00+09:00,724.8594360351562,724.8594360351562,724.8594360351562,724.8594360351562,400,0.0,0.0
2008-06-25 00:00:00+09:00,728.8640747070312,728.8640747070312,720.8545793805804,728.8640747070312,4800,0.0,0.0
2008-06-26 00:00:00+09:00,724.8593270438058,728.8640747070312,724.8593270438058,728.8640747070312,5000,0.0,0.0
2008-06-27 00:00:00+09:00,724.8594360351562,724.8594360351562,724.8594360351562,724.8594360351562,5000,0.0,0.0
2008-06-30 00:00:00+09:00,728.8642209868192,728.8642209868192,716.8499755859375,716.8499755859375,2000,0.0,0.0
2008-07-01 00:00:00+09:00,724.8594360351562,724.8594360351562,720.8546877697687,724.8594360351562,1200,0.0,0.0
2008-07-02 00:00:00+09:00,712.8453634207589,712.8453634207589,700.8311157226562,700.8311157226562,5200,0.0,0.0
2008-07-03 00:00:00+09:00,672.7976935891544,680.8071899414062,672.7976935891544,680.8071899414062,5600,0.0,0.0
2008-07-04 00:00:00+09:00,684.8120727539062,684.8120727539062,684.8120727539062,684.8120727539062,5600,0.0,0.0
2008-07-07 00:00:00+09:00,676.8024417652803,688.8166862936581,676.8024417652803,680.8071899414062,2200,0.0,0.0
2008-07-08 00:00:00+09:00,676.8025748269599,684.8120727539062,676.8025748269599,684.8120727539062,2000,0.0,0.0
2008-07-09 00:00:00+09:00,680.8070545083673,680.8070545083673,676.8023071289062,676.8023071289062,1800,0.0,0.0
2008-07-10 00:00:00+09:00,672.797655665232,672.797655665232,668.7929077148438,668.7929077148438,1800,0.0,0.0
2008-07-11 00:00:00+09:00,668.7929077148438,668.7929077148438,668.7929077148438,668.7929077148438,1800,0.0,0.0
2008-07-14 00:00:00+09:00,668.7929204305013,672.7976684570312,668.7929204305013,672.7976684570312,1800,0.0,0.0
2008-07-15 00:00:00+09:00,680.8070545083673,680.8070545083673,676.8023071289062,676.8023071289062,3200,0.0,0.0
2008-07-16 00:00:00+09:00,660.7833862304688,660.7833862304688,660.7833862304688,660.7833862304688,3200,0.0,0.0
2008-07-17 00:00:00+09:00,668.7928818211411,668.7928818211411,660.7833862304688,660.7833862304688,2000,0.0,0.0
2008-07-18 00:00:00+09:00,664.78824448004,664.78824448004,656.7787475585938,656.7787475585938,1000,0.0,0.0
2008-07-22 00:00:00+09:00,664.7881340258049,668.7928818211411,644.7643950491241,660.7833862304688,3400,0.0,0.0
2008-07-23 00:00:00+09:00,668.7928818211411,668.7928818211411,660.7833862304688,660.7833862304688,2600,0.0,0.0
2008-07-24 00:00:00+09:00,672.7975597494453,676.8023071289062,672.7975597494453,676.8023071289062,2400,0.0,0.0
2008-07-25 00:00:00+09:00,688.8168217173794,688.8168217173794,684.8120727539062,684.8120727539062,6400,0.0,0.0
2008-07-28 00:00:00+09:00,704.8358649553571,704.8358649553571,700.8311157226562,700.8311157226562,3600,0.0,0.0
2008-07-29 00:00:00+09:00,692.8215706808525,692.8215706808525,684.8120727539062,684.8120727539062,2600,0.0,0.0
2008-07-30 00:00:00+09:00,700.8309199892242,700.8309199892242,696.826171875,696.826171875,2600,0.0,0.0
2008-07-31 00:00:00+09:00,700.8311157226562,700.8311157226562,700.8311157226562,700.8311157226562,2600,0.0,0.0
2008-08-01 00:00:00+09:00,704.8358154296875,704.8358154296875,704.8358154296875,704.8358154296875,1400,0.0,0.0
2008-08-04 00:00:00+09:00,696.8262819499638,696.8262819499638,692.821533203125,692.821533203125,1000,0.0,0.0
2008-08-05 00:00:00+09:00,688.8167844562861,692.821533203125,688.8167844562861,692.821533203125,5800,0.0,0.0
2008-08-06 00:00:00+09:00,684.8120357094472,692.821533203125,684.8120357094472,692.821533203125,5800,0.0,0.0
2008-08-07 00:00:00+09:00,692.8215706808525,692.8215706808525,684.8120727539062,684.8120727539062,800,0.0,0.0
2008-08-08 00:00:00+09:00,680.8071899414062,684.8119381175321,680.8071899414062,680.8071899414062,1400,0.0,0.0
2008-08-11 00:00:00+09:00,688.8168217173794,688.8168217173794,684.8120727539062,684.8120727539062,1800,0.0,0.0
2008-08-12 00:00:00+09:00,692.8213983580124,692.8213983580124,688.816650390625,688.816650390625,1800,0.0,0.0
2008-08-13 00:00:00+09:00,676.8023071289062,676.8023071289062,676.8023071289062,676.8023071289062,1800,0.0,0.0
2008-08-14 00:00:00+09:00,676.8024417652803,680.8071899414062,676.8024417652803,680.8071899414062,1800,0.0,0.0
2008-08-15 00:00:00+09:00,696.82618264591,696.82618264591,680.8071899414062,680.8071899414062,1800,0.0,0.0
2008-08-18 00:00:00+09:00,680.8070545083673,680.8070545083673,672.7975597494453,676.8023071289062,3000,0.0,0.0
2008-08-19 00:00:00+09:00,660.7834243774414,672.7976684570312,660.7834243774414,672.7976684570312,3600,0.0,0.0
2008-08-20 00:00:00+09:00,656.7787718255836,664.7882690429688,656.7787718255836,664.7882690429688,4800,0.0,0.0
2008-08-21 00:00:00+09:00,664.7881597644555,668.7929077148438,660.7834118140672,668.7929077148438,3600,0.0,0.0
2008-08-22 00:00:00+09:00,664.7881597644555,668.7929077148438,660.7834118140672,668.7929077148438,4600,0.0,0.0
2008-08-25 00:00:00+09:00,648.7692384310295,664.7882319725364,648.7692384310295,652.7739868164062,6400,0.0,0.0
2008-08-26 00:00:00+09:00,651.5672742223447,659.6113146448429,651.5672742223447,655.5892944335938,2800,3.5,0.0
2008-08-27 00:00:00+09:00,655.5893422821422,655.5893422821422,651.5673217773438,651.5673217773438,2800,0.0,0.0
2008-08-28 00:00:00+09:00,655.5892944335938,655.5892944335938,655.5892944335938,655.5892944335938,2800,0.0,0.0
2008-08-29 00:00:00+09:00,659.6113146448429,659.6113146448429,655.5892944335938,655.5892944335938,1800,0.0,0.0
2008-09-01 00:00:00+09:00,655.5892944335938,655.5892944335938,655.5892944335938,655.5892944335938,2400,0.0,0.0
2008-09-02 00:00:00+09:00,651.5671714782715,651.5671714782715,643.5231323242188,643.5231323242188,3800,0.0,0.0
2008-09-03 00:00:00+09:00,619.3911743164062,619.3911743164062,619.3911743164062,619.3911743164062,3800,0.0,0.0
2008-09-04 00:00:00+09:00,619.3912225860397,619.3912225860397,615.3692016601562,615.3692016601562,3800,0.0,0.0
2008-09-05 00:00:00+09:00,583.1930791115274,599.281164052535,583.1930791115274,591.2371215820312,5800,0.0,0.0
2008-09-08 00:00:00+09:00,615.3691888106497,615.3691888106497,607.3251471268503,611.34716796875,2200,0.0,0.0
2008-09-09 00:00:00+09:00,603.303087477716,603.303087477716,599.2810668945312,599.2810668945312,1000,0.0,0.0
2008-09-10 00:00:00+09:00,595.2590942382812,603.3031360523121,595.2590942382812,595.2590942382812,3200,0.0,0.0
2008-09-11 00:00:00+09:00,583.193115234375,583.193115234375,583.193115234375,583.193115234375,600,0.0,0.0
2008-09-12 00:00:00+09:00,595.2590942382812,595.2590942382812,595.2590942382812,595.2590942382812,2800,0.0,0.0
2008-09-16 00:00:00+09:00,571.12705078125,583.193115234375,571.12705078125,583.193115234375,2800,0.0,0.0
2008-09-17 00:00:00+09:00,563.0828725691322,567.1048930874832,559.0608520507812,559.0608520507812,2800,0.0,0.0
2008-09-18 00:00:00+09:00,555.0389046805245,571.126988874163,546.9948625837053,563.0829467773438,5200,0.0,0.0
2008-09-19 00:00:00+09:00,587.2150524242504,595.2590942382812,587.2150524242504,595.2590942382812,5200,0.0,0.0
2008-09-22 00:00:00+09:00,611.34716796875,615.3691888106497,611.34716796875,611.34716796875,4000,0.0,0.0
2008-09-24 00:00:00+09:00,595.2590942382812,595.2590942382812,595.2590942382812,595.2590942382812,800,0.0,0.0
2008-09-25 00:00:00+09:00,603.30322265625,603.30322265625,603.30322265625,603.30322265625,800,0.0,0.0
2008-09-26 00:00:00+09:00,591.237158203125,591.237158203125,583.193115234375,583.193115234375,3600,0.0,0.0
2008-09-29 00:00:00+09:00,599.2812011718751,603.30322265625,599.2812011718751,603.30322265625,3600,0.0,0.0
2008-09-30 00:00:00+09:00,579.1710205078125,579.1710205078125,579.1710205078125,579.1710205078125,3600,0.0,0.0
2008-10-01 00:00:00+09:00,583.1930667406892,587.215087890625,583.1930667406892,587.215087890625,1600,0.0,0.0
2008-10-02 00:00:00+09:00,591.2371215820312,591.2371215820312,591.2371215820312,591.2371215820312,800,0.0,0.0
2008-10-03 00:00:00+09:00,591.237158203125,611.347265625,591.237158203125,603.30322265625,1600,0.0,0.0
2008-10-06 00:00:00+09:00,599.2810067912095,599.2810067912095,526.8846435546875,526.8846435546875,1600,0.0,0.0
2008-10-07 00:00:00+09:00,482.64258975074404,506.77471923828125,482.64258975074404,506.77471923828125,7000,0.0,0.0
2008-10-08 00:00:00+09:00,430.3561537000868,482.64241536458337,430.3561537000868,470.57635498046875,15200,0.0,0.0
2008-10-09 00:00:00+09:00,478.6204204559326,514.818603515625,478.6204204559326,514.818603515625,4800,0.0,0.0
2008-10-10 00:00:00+09:00,470.5765078185035,490.6866149902344,470.5765078185035,490.6866149902344,4800,0.0,0.0
2008-10-14 00:00:00+09:00,551.017017140108,551.017017140108,542.972973094267,546.9949951171875,5600,0.0,0.0
2008-10-15 00:00:00+09:00,526.8846235132929,538.95068359375,526.8846235132929,538.95068359375,6200,0.0,0.0
2008-10-16 00:00:00+09:00,510.796630859375,510.796630859375,510.796630859375,510.796630859375,2600,0.0,0.0
2008-10-17 00:00:00+09:00,510.79655973372917,510.79655973372917,498.73049926757807,498.7304992675781,2600,0.0,0.0
2008-10-20 00:00:00+09:00,494.7084947065873,530.9066772460938,494.7084947065873,530.9066772460938,2600,0.0,0.0
2008-10-21 00:00:00+09:00,530.9066569010416,542.9727172851562,530.9066569010416,542.9727172851562,2600,0.0,0.0
2008-10-22 00:00:00+09:00,534.9287052154541,534.9287052154541,514.818603515625,514.818603515625,2600,0.0,0.0
2008-10-23 00:00:00+09:00,498.73065785892675,498.73065785892675,490.6866149902344,490.6866149902344,2600,0.0,0.0
2008-10-24 00:00:00+09:00,486.6644592285156,490.68647955271825,474.59839825590785,486.6644592285156,5400,0.0,0.0
2008-10-27 00:00:00+09:00,486.66450387460213,486.66450387460213,434.37823486328125,434.37823486328125,5400,0.0,0.0
2008-10-28 00:00:00+09:00,458.51031216708094,579.1709206321023,313.7175820090554,530.9066772460938,37000,0.0,0.0
2008-10-29 00:00:00+09:00,538.9507234431495,538.9507234431495,486.6644592285156,486.6644592285156,4800,0.0,0.0
2008-10-30 00:00:00+09:00,514.818737887597,518.8407592773438,514.818737887597,518.8407592773438,4800,0.0,0.0
2008-10-31 00:00:00+09:00,522.8627806670906,522.8627806670906,518.8407592773438,518.8407592773438,4800,0.0,0.0
2008-11-04 00:00:00+09:00,510.7966688889723,522.8627319335938,510.7966688889723,522.8627319335938,3000,0.0,0.0
2008-11-05 00:00:00+09:00,522.8626166449653,542.9727172851562,522.8626166449653,542.9727172851562,3000,0.0,0.0
2008-11-06 00:00:00+09:00,522.8627806670906,522.8627806670906,518.8407592773438,518.8407592773438,800,0.0,0.0
2008-11-07 00:00:00+09:00,494.7085825195312,502.7526245117187,494.7085825195312,502.75262451171875,800,0.0,0.0
2008-11-10 00:00:00+09:00,530.9066772460938,530.9066772460938,530.9066772460938,530.9066772460938,2400,0.0,0.0
2008-11-11 00:00:00+09:00,518.840603195074,526.8846435546875,518.840603195074,526.8846435546875,2400,0.0,0.0
2008-11-12 00:00:00+09:00,538.95068359375,538.95068359375,538.95068359375,538.95068359375,600,0.0,0.0
2008-11-13 00:00:00+09:00,522.8627319335938,522.8627319335938,518.8407109187199,522.8627319335938,1000,0.0,0.0
2008-11-14 00:00:00+09:00,546.99485546875,546.99485546875,502.7526245117187,502.75262451171875,1000,0.0,0.0
2008-11-17 00:00:00+09:00,530.906643540112,542.9727036205691,522.8626034864739,538.95068359375,3800,0.0,0.0
2008-11-18 00:00:00+09:00,542.9727172851562,542.9727172851562,542.9727172851562,542.9727172851562,2200,0.0,0.0
2008-11-19 00:00:00+09:00,530.9066772460938,530.9066772460938,530.9066772460938,530.9066772460938,2400,0.0,0.0
2008-11-20 00:00:00+09:00,502.7525033523787,538.95068359375,502.7525033523787,538.95068359375,2400,0.0,0.0
2008-11-21 00:00:00+09:00,510.7965628354604,526.8846435546875,510.7965628354604,526.8846435546875,2400,0.0,0.0
2008-11-25 00:00:00+09:00,555.0388761821546,555.0388761821546,534.9287719726562,534.9287719726562,1400,0.0,0.0
2008-11-26 00:00:00+09:00,510.796630859375,510.796630859375,510.796630859375,510.796630859375,2000,0.0,0.0
2008-11-27 00:00:00+09:00,522.8627806670906,522.8627806670906,518.8407592773438,518.8407592773438,2000,0.0,0.0
2008-11-28 00:00:00+09:00,514.818603515625,514.818603515625,514.818603515625,514.818603515625,2200,0.0,0.0
2008-12-01 00:00:00+09:00,518.8407592773438,518.8407592773438,518.8407592773438,518.8407592773438,1200,0.0,0.0
2008-12-02 00:00:00+09:00,514.818603515625,522.8626441955566,510.7965831756592,514.818603515625,1600,0.0,0.0
2008-12-03 00:00:00+09:00,514.818737887597,518.8407592773438,514.818737887597,518.8407592773438,1600,0.0,0.0
2008-12-04 00:00:00+09:00,514.8186899038461,522.8627319335938,514.8186899038461,522.8627319335938,1600,0.0,0.0
2008-12-05 00:00:00+09:00,522.8626441955566,522.8626441955566,514.818603515625,514.818603515625,1600,0.0,0.0
2008-12-08 00:00:00+09:00,518.8405965169271,542.9727172851562,518.8405965169271,542.9727172851562,1600,0.0,0.0
2008-12-09 00:00:00+09:00,538.9507928145559,538.9507928145559,534.9287719726562,534.9287719726562,1600,0.0,0.0
2008-12-10 00:00:00+09:00,522.8627319335938,522.8627319335938,522.8627319335938,522.8627319335938,1200,0.0,0.0
2008-12-11 00:00:00+09:00,530.9066772460938,530.9066772460938,530.9066772460938,530.9066772460938,1200,0.0,0.0
2008-12-12 00:00:00+09:00,534.9287719726562,534.9287719726562,534.9287719726562,534.9287719726562,1200,0.0,0.0
2008-12-15 00:00:00+09:00,534.9286770290798,542.9727172851562,534.9286770290798,542.9727172851562,1200,0.0,0.0
2008-12-16 00:00:00+09:00,534.9286975282611,534.9286975282611,530.9066772460938,530.9066772460938,1000,0.0,0.0
2008-12-17 00:00:00+09:00,522.8626034864739,538.95068359375,522.8626034864739,538.95068359375,3200,0.0,0.0
2008-12-18 00:00:00+09:00,538.95068359375,538.95068359375,538.95068359375,538.95068359375,800,0.0,0.0
2008-12-19 00:00:00+09:00,538.9507178104285,538.9507178104285,530.9066772460938,530.9066772460938,3800,0.0,0.0
2008-12-22 00:00:00+09:00,534.9286770290798,542.9727172851562,534.9286770290798,542.9727172851562,2600,0.0,0.0
2008-12-24 00:00:00+09:00,538.9507178104285,538.9507178104285,530.9066772460938,530.9066772460938,1000,0.0,0.0
2008-12-25 00:00:00+09:00,538.9507928145559,555.0388761821546,534.9287719726562,534.9287719726562,6000,0.0,0.0
2008-12-26 00:00:00+09:00,538.950697157118,546.9947374131945,534.9286770290798,542.9727172851562,4600,0.0,0.0
2008-12-29 00:00:00+09:00,538.95068359375,538.95068359375,534.9286635669309,538.95068359375,5200,0.0,0.0
2008-12-30 00:00:00+09:00,530.9066772460938,530.9066772460938,530.9066772460938,530.9066772460938,1800,0.0,0.0
2009-01-05 00:00:00+09:00,534.9287719726562,534.9287719726562,534.9287719726562,534.9287719726562,200,0.0,0.0
2009-01-06 00:00:00+09:00,534.9286839143011,534.9286839143011,522.8626233748807,526.8846435546875,6400,0.0,0.0
2009-01-07 00:00:00+09:00,526.8846435546875,526.8846435546875,526.8846435546875,526.8846435546875,6200,0.0,0.0
2009-01-08 00:00:00+09:00,522.8627806670906,522.8627806670906,518.8407592773438,518.8407592773438,3600,0.0,0.0
2009-01-09 00:00:00+09:00,514.818603515625,514.818603515625,510.7965831756592,514.818603515625,6200,0.0,0.0
2009-01-13 00:00:00+09:00,514.818603515625,514.818603515625,514.818603515625,514.818603515625,4200,0.0,0.0
2009-01-14 00:00:00+09:00,522.8627806670906,522.8627806670906,518.8407592773438,518.8407592773438,800,0.0,0.0
2009-01-15 00:00:00+09:00,518.8407592773438,518.8407592773438,518.8407592773438,518.8407592773438,6800,0.0,0.0
2009-01-16 00:00:00+09:00,514.8186515748032,514.8186515748032,510.796630859375,510.796630859375,2800,0.0,0.0
2009-01-19 00:00:00+09:00,506.77461014394686,510.796630859375,506.77461014394686,510.796630859375,6600,0.0,0.0
2009-01-20 00:00:00+09:00,502.75269765702507,506.77471923828125,502.75269765702507,506.77471923828125,3400,0.0,0.0
2009-01-21 00:00:00+09:00,494.70867919921875,494.70867919921875,494.70867919921875,494.70867919921875,10200,0.0,0.0
2009-01-22 00:00:00+09:00,494.7084998769209,494.7084998769209,486.6644592285156,486.6644592285156,2000,0.0,0.0
2009-01-23 00:00:00+09:00,498.73052020112345,498.73052020112345,486.6644592285156,486.6644592285156,6600,0.0,0.0
2009-01-26 00:00:00+09:00,486.6645935558882,490.6866149902344,486.6645935558882,490.6866149902344,3600,0.0,0.0
2009-01-27 00:00:00+09:00,482.6426138528963,494.70867919921875,482.6426138528963,494.70867919921875,1200,0.0,0.0
2009-01-28 00:00:00+09:00,514.8187624007936,514.8187624007936,506.77471923828125,506.77471923828125,1000,0.0,0.0
2009-01-29 00:00:00+09:00,506.77464550781247,506.77464550781247,502.7526245117187,502.75262451171875,1800,0.0,0.0
2009-01-30 00:00:00+09:00,502.75272276343367,502.75272276343367,494.70867919921875,494.70867919921875,1200,0.0,0.0
2009-02-02 00:00:00+09:00,486.66453806559247,486.66453806559247,482.64251708984375,482.64251708984375,6000,0.0,0.0
2009-02-03 00:00:00+09:00,490.6866149902344,490.6866149902344,490.6866149902344,490.6866149902344,1200,0.0,0.0
2009-02-04 00:00:00+09:00,494.7084791121944,498.73049926757807,494.7084791121944,498.7304992675781,800,0.0,0.0
2009-02-05 00:00:00+09:00,502.75251942296177,502.75251942296177,498.73049926757807,498.7304992675781,2200,0.0,0.0
2009-02-06 00:00:00+09:00,498.730603515625,502.7526245117187,498.730603515625,502.75262451171875,200,0.0,0.0
2009-02-09 00:00:00+09:00,506.77464550781247,506.77464550781247,502.7526245117187,502.75262451171875,1000,0.0,0.0
2009-02-10 00:00:00+09:00,502.7526245117187,502.7526245117187,502.7526245117187,502.75262451171875,1800,0.0,0.0
2009-02-12 00:00:00+09:00,502.75269765702507,506.77471923828125,502.75269765702507,506.77471923828125,400,0.0,0.0
2009-02-13 00:00:00+09:00,510.796630859375,514.8186515748032,510.796630859375,510.796630859375,1800,0.0,0.0
2009-02-16 00:00:00+09:00,497.59952337265264,497.59952337265264,486.6644592285156,486.6644592285156,6800,0.0,0.0
2009-02-17 00:00:00+09:00,470.57648946471136,474.5985107421875,470.57648946471136,474.5985107421875,4800,0.0,0.0
2009-02-18 00:00:00+09:00,466.5544306216033,466.5544306216033,462.53240966796875,462.53240966796875,2400,0.0,0.0
2009-02-19 00:00:00+09:00,462.53240966796875,462.53240966796875,462.53240966796875,462.53240966796875,3200,0.0,0.0
2009-02-20 00:00:00+09:00,466.5544681872352,502.75265968452067,466.5544681872352,474.5985107421875,8800,0.0,0.0
2009-02-23 00:00:00+09:00,498.73049926757807,502.75251942296177,494.7084791121944,498.7304992675781,11200,0.0,0.0
2009-02-24 00:00:00+09:00,484.204440076812,484.204440076812,480.1694030761719,480.1694030761719,2200,2.0,0.0
2009-02-25 00:00:00+09:00,476.1343660755318,480.1694030761719,476.1343660755318,480.1694030761719,2400,0.0,0.0
2009-02-26 00:00:00+09:00,476.1343078613281,476.1343078613281,476.1343078613281,476.1343078613281,2200,0.0,0.0
2009-02-27 00:00:00+09:00,488.2395665486654,488.2395665486654,484.20452880859375,484.20452880859375,1200,0.0,0.0
2009-03-02 00:00:00+09:00,464.02914063543335,472.0992126464844,464.02914063543335,472.0992126464844,1800,0.0,0.0
2009-03-03 00:00:00+09:00,480.1694147524626,480.1694147524626,459.9942292586617,464.0292663574219,600,0.0,0.0
2009-03-04 00:00:00+09:00,464.0292663574219,464.0292663574219,464.0292663574219,464.0292663574219,600,0.0,0.0
2009-03-05 00:00:00+09:00,484.2045119713093,484.2045119713093,468.0643615722656,468.0643615722656,4400,0.0,0.0
2009-03-06 00:00:00+09:00,476.1343776537025,476.1343776537025,464.0292663574219,464.0292663574219,1800,0.0,0.0
2009-03-09 00:00:00+09:00,468.06431252615795,468.06431252615795,451.9241638183594,451.9241638183594,1400,0.0,0.0
2009-03-10 00:00:00+09:00,468.0643545728211,468.0643545728211,439.819091796875,439.819091796875,800,0.0,0.0
2009-03-11 00:00:00+09:00,455.959200995309,455.959200995309,451.9241638183594,451.9241638183594,600,0.0,0.0
2009-03-12 00:00:00+09:00,459.994140625,459.994140625,459.994140625,459.994140625,800,0.0,0.0
2009-03-13 00:00:00+09:00,480.1694030761719,480.1694030761719,480.1694030761719,480.1694030761719,6000,0.0,0.0
2009-03-16 00:00:00+09:00,492.2745936944233,496.3096313476563,472.0994054282584,496.30963134765625,6200,0.0,0.0
2009-03-17 00:00:00+09:00,488.23944091796875,488.23944091796875,488.23944091796875,488.23944091796875,1200,0.0,0.0
2009-03-18 00:00:00+09:00,484.20452880859375,484.20452880859375,484.20452880859375,484.20452880859375,1400,0.0,0.0
2009-03-19 00:00:00+09:00,488.2394770774521,488.2394770774521,480.1694030761719,480.1694030761719,800,0.0,0.0
2009-03-23 00:00:00+09:00,480.1694910685222,484.20452880859375,480.1694910685222,484.20452880859375,2200,0.0,0.0
2009-03-24 00:00:00+09:00,496.30959763065465,500.3446350097657,496.30959763065465,500.3446350097656,2800,0.0,0.0
2009-03-25 00:00:00+09:00,496.3096313476563,496.3096313476563,496.3096313476563,496.30963134765625,1600,0.0,0.0
2009-03-26 00:00:00+09:00,504.3796081542969,504.3796081542969,504.3796081542969,504.3796081542969,1000,0.0,0.0
2009-03-27 00:00:00+09:00,512.44970703125,512.44970703125,512.44970703125,512.44970703125,2400,0.0,0.0
2009-03-30 00:00:00+09:00,516.4847412109375,516.4847412109375,516.4847412109375,516.4847412109375,1200,0.0,0.0
2009-03-31 00:00:00+09:00,500.34466900088927,500.34466900088927,496.3096313476563,496.30963134765625,2400,0.0,0.0
2009-04-01 00:00:00+09:00,496.30959763065465,500.3446350097657,496.30959763065465,500.3446350097656,1000,0.0,0.0
2009-04-02 00:00:00+09:00,500.34474884517607,508.4148254394531,500.34474884517607,508.4148254394531,400,0.0,0.0
2009-04-03 00:00:00+09:00,512.4496818847656,512.4496818847656,504.3796081542969,504.3796081542969,1200,0.0,0.0
2009-04-06 00:00:00+09:00,496.30959763065465,500.3446350097657,496.30959763065465,500.3446350097656,600,0.0,0.0
2009-04-07 00:00:00+09:00,500.3446350097657,500.3446350097657,500.3446350097657,500.3446350097656,400,0.0,0.0
2009-04-08 00:00:00+09:00,496.3096313476563,496.3096313476563,496.3096313476563,496.30963134765625,800,0.0,0.0
2009-04-09 00:00:00+09:00,492.2746722508991,508.4148254394531,492.2746722508991,508.4148254394531,1200,0.0,0.0
2009-04-10 00:00:00+09:00,508.4147443073552,508.4147443073552,496.3096313476563,496.30963134765625,2000,0.0,0.0
2009-04-13 00:00:00+09:00,508.4146671295166,516.4847412109375,496.30955600738525,516.4847412109375,8800,0.0,0.0
2009-04-14 00:00:00+09:00,512.449704170227,516.4847412109375,508.4146671295166,516.4847412109375,5800,0.0,0.0
2009-04-15 00:00:00+09:00,500.34457128906246,508.41464501953124,500.34457128906246,504.3796081542969,3600,0.0,0.0
2009-04-16 00:00:00+09:00,508.4148254394531,508.4148254394531,504.3797871423146,508.4148254394531,3600,0.0,0.0
2009-04-17 00:00:00+09:00,504.3796081542969,504.3796081542969,504.3796081542969,504.3796081542969,2200,0.0,0.0
2009-04-20 00:00:00+09:00,508.4148254394531,508.4148254394531,508.4148254394531,508.4148254394531,1600,0.0,0.0
2009-04-21 00:00:00+09:00,508.41464501953124,508.41464501953124,504.3796081542969,504.3796081542969,1000,0.0,0.0
2009-04-22 00:00:00+09:00,500.3446350097657,500.3446350097657,500.3446350097657,500.3446350097656,1600,0.0,0.0
2009-04-23 00:00:00+09:00,500.3446350097657,500.3446350097657,500.3446350097657,500.3446350097656,1400,0.0,0.0
2009-04-24 00:00:00+09:00,512.4498637365916,512.4498637365916,508.4148254394531,508.4148254394531,2400,0.0,0.0
2009-04-27 00:00:00+09:00,508.41464501953124,512.4496818847656,504.3796081542969,504.3796081542969,2600,0.0,0.0
2009-04-28 00:00:00+09:00,504.3797871423146,508.4148254394531,504.3797871423146,508.4148254394531,1200,0.0,0.0
2009-04-30 00:00:00+09:00,508.4148254394531,508.4148254394531,508.4148254394531,508.4148254394531,600,0.0,0.0
2009-05-01 00:00:00+09:00,508.41464501953124,508.41464501953124,504.3796081542969,504.3796081542969,800,0.0,0.0
2009-05-07 00:00:00+09:00,516.48471875,516.48471875,504.3796081542969,504.3796081542969,2600,0.0,0.0
2009-05-08 00:00:00+09:00,504.3796081542969,504.3796081542969,500.34457128906246,504.3796081542969,2000,0.0,0.0
2009-05-11 00:00:00+09:00,496.3096348496734,496.3096348496734,492.27459716796875,492.27459716796875,800,0.0,0.0
2009-05-12 00:00:00+09:00,492.2745936944233,496.3096313476563,488.2395560411903,496.30963134765625,2000,0.0,0.0
2009-05-13 00:00:00+09:00,496.30959763065465,500.3446350097657,496.30959763065465,500.3446350097656,1600,0.0,0.0
2009-05-14 00:00:00+09:00,500.34457128906246,504.3796081542969,500.34457128906246,504.3796081542969,2400,0.0,0.0
2009-05-15 00:00:00+09:00,500.3446350097657,500.3446350097657,500.3446350097657,500.3446350097656,4800,0.0,0.0
2009-05-18 00:00:00+09:00,496.3096313476563,496.3096313476563,496.3096313476563,496.30963134765625,4400,0.0,0.0
2009-05-19 00:00:00+09:00,496.3096313476563,496.3096313476563,496.3096313476563,496.30963134765625,1000,0.0,0.0
2009-05-20 00:00:00+09:00,504.3796081542969,504.3796081542969,504.3796081542969,504.3796081542969,2000,0.0,0.0
2009-05-21 00:00:00+09:00,504.37967238887666,504.37967238887666,500.3446350097657,500.3446350097656,2400,0.0,0.0
2009-05-22 00:00:00+09:00,500.3446350097657,500.3446350097657,500.3446350097657,500.3446350097656,600,0.0,0.0
2009-05-25 00:00:00+09:00,504.37967238887666,504.37967238887666,500.3446350097657,500.3446350097656,2600,0.0,0.0
2009-05-26 00:00:00+09:00,504.37963008880615,516.4847412109375,504.37963008880615,516.4847412109375,2000,0.0,0.0
2009-05-27 00:00:00+09:00,516.4847440944882,516.4847440944882,512.44970703125,512.44970703125,2000,0.0,0.0
2009-05-28 00:00:00+09:00,512.449704170227,516.4847412109375,512.449704170227,516.4847412109375,600,0.0,0.0
2009-05-29 00:00:00+09:00,512.44970703125,512.44970703125,512.44970703125,512.44970703125,2200,0.0,0.0
2009-06-01 00:00:00+09:00,512.449704170227,516.4847412109375,512.449704170227,516.4847412109375,2400,0.0,0.0
2009-06-02 00:00:00+09:00,512.449704170227,516.4847412109375,512.449704170227,516.4847412109375,2600,0.0,0.0
2009-06-03 00:00:00+09:00,516.4847412109375,516.4847412109375,516.4847412109375,516.4847412109375,200,0.0,0.0
2009-06-04 00:00:00+09:00,516.4847412109375,516.4847412109375,516.4847412109375,516.4847412109375,1600,0.0,0.0
2009-06-05 00:00:00+09:00,528.5899015484434,536.6599763812441,528.5899015484434,532.6249389648438,4600,0.0,0.0
2009-06-08 00:00:00+09:00,548.7650820604011,548.7650820604011,540.6950073242188,540.6950073242188,5600,0.0,0.0
2009-06-09 00:00:00+09:00,548.7650694916214,556.8351440429688,548.7650694916214,556.8351440429688,7000,0.0,0.0
2009-06-10 00:00:00+09:00,560.8700996294414,589.1153564453125,560.8700996294414,589.1153564453125,12200,0.0,0.0
2009-06-11 00:00:00+09:00,617.3607242407388,617.3607242407388,605.2556120007243,609.2906494140625,10800,0.0,0.0
2009-06-12 00:00:00+09:00,609.2905474451487,726.3066128485217,609.2905474451487,673.8511352539062,29200,0.0,0.0
2009-06-15 00:00:00+09:00,677.8862363516566,698.0614219573607,665.7811249882342,669.816162109375,12400,0.0,0.0
2009-06-16 00:00:00+09:00,657.7110881062297,665.7811628069197,621.395751953125,621.395751953125,6000,0.0,0.0
2009-06-17 00:00:00+09:00,645.6059760551948,645.6059760551948,609.2906399020901,621.395751953125,4800,0.0,0.0
2009-06-18 00:00:00+09:00,597.1854829724203,613.3256311608641,597.1854829724203,601.2205200195312,15000,0.0,0.0
2009-06-19 00:00:00+09:00,609.2906526692708,609.2906526692708,605.255615234375,605.255615234375,2400,0.0,0.0
2009-06-22 00:00:00+09:00,593.1502685546875,597.1853043951955,589.1152327141795,593.1502685546875,3600,0.0,0.0
2009-06-23 00:00:00+09:00,581.0452270507812,581.0452270507812,581.0452270507812,581.0452270507812,3200,0.0,0.0
2009-06-24 00:00:00+09:00,572.9752223238032,581.0452958776596,568.940185546875,568.940185546875,3200,0.0,0.0
2009-06-25 00:00:00+09:00,589.1152327141795,593.1502685546875,589.1152327141795,593.1502685546875,2000,0.0,0.0
2009-06-26 00:00:00+09:00,609.2905941137532,609.2905941137532,601.2205200195312,601.2205200195312,1200,0.0,0.0
2009-06-29 00:00:00+09:00,597.1854829724203,601.2205200195312,597.1854829724203,601.2205200195312,1600,0.0,0.0
2009-06-30 00:00:00+09:00,601.2205200195312,601.2205200195312,597.1854829724203,601.2205200195312,2600,0.0,0.0
2009-07-01 00:00:00+09:00,597.1853043951955,597.1853043951955,589.1152327141795,593.1502685546875,2400,0.0,0.0
2009-07-02 00:00:00+09:00,593.1503931332941,597.1854298212756,589.1153564453125,589.1153564453125,600,0.0,0.0
2009-07-03 00:00:00+09:00,581.045346174569,585.0803833007812,572.9752719221444,585.0803833007812,2000,0.0,0.0
2009-07-06 00:00:00+09:00,581.045346174569,585.0803833007812,581.045346174569,585.0803833007812,2400,0.0,0.0
2009-07-07 00:00:00+09:00,585.0803197573309,589.1153564453125,585.0803197573309,589.1153564453125,1200,0.0,0.0
2009-07-08 00:00:00+09:00,581.045293243838,581.045293243838,572.9752197265625,572.9752197265625,800,0.0,0.0
2009-07-09 00:00:00+09:00,581.0452985491071,581.0452985491071,564.9051513671875,564.9051513671875,1200,0.0,0.0
2009-07-10 00:00:00+09:00,577.01025390625,577.01025390625,577.01025390625,577.01025390625,1600,0.0,0.0
2009-07-13 00:00:00+09:00,572.9752899828575,572.9752899828575,560.8701782226562,560.8701782226562,3000,0.0,0.0
2009-07-14 00:00:00+09:00,564.9051513671875,564.9051513671875,540.694930594308,564.9051513671875,1800,0.0,0.0
2009-07-15 00:00:00+09:00,552.7999923140915,552.7999923140915,544.7299194335938,544.7299194335938,2200,0.0,0.0
2009-07-16 00:00:00+09:00,544.7300292090547,560.8701782226562,544.7300292090547,560.8701782226562,1400,0.0,0.0
2009-07-17 00:00:00+09:00,560.8701145717075,564.9051513671875,560.8701145717075,564.9051513671875,800,0.0,0.0
2009-07-21 00:00:00+09:00,564.9052217580977,564.9052217580977,548.7650725650092,552.8001098632812,3600,0.0,0.0
2009-07-22 00:00:00+09:00,556.8351440429688,560.8701813186425,556.8351440429688,556.8351440429688,1400,0.0,0.0
2009-07-23 00:00:00+09:00,560.8701813186425,560.8701813186425,556.8351440429688,556.8351440429688,2200,0.0,0.0
2009-07-24 00:00:00+09:00,560.8701145717075,564.9051513671875,556.8350777762276,564.9051513671875,1400,0.0,0.0
2009-07-27 00:00:00+09:00,585.0803273874562,589.1153641280595,568.9401804250436,577.01025390625,3400,0.0,0.0
2009-07-28 00:00:00+09:00,572.9752223238032,572.9752223238032,568.940185546875,568.940185546875,600,0.0,0.0
2009-07-29 00:00:00+09:00,560.8701782226562,560.8701782226562,560.8701782226562,560.8701782226562,1600,0.0,0.0
2009-07-30 00:00:00+09:00,560.8701145717075,564.9051513671875,560.8701145717075,564.9051513671875,800,0.0,0.0
2009-07-31 00:00:00+09:00,572.9752197265625,572.9752197265625,572.9752197265625,572.9752197265625,800,0.0,0.0
2009-08-03 00:00:00+09:00,568.940185546875,568.940185546875,568.940185546875,568.940185546875,0,0.0,0.0
2009-08-04 00:00:00+09:00,560.8701119930186,568.940185546875,560.8701119930186,568.940185546875,1200,0.0,0.0
2009-08-05 00:00:00+09:00,564.905146209287,572.9752197265625,560.8701094506492,572.9752197265625,3200,0.0,0.0
2009-08-06 00:00:00+09:00,572.9752223238032,572.9752223238032,568.940185546875,568.940185546875,600,0.0,0.0
2009-08-07 00:00:00+09:00,568.9401829679247,572.9752197265625,568.9401829679247,572.9752197265625,1000,0.0,0.0
2009-08-10 00:00:00+09:00,572.9751544528538,581.0452270507812,572.9751544528538,581.0452270507812,1600,0.0,0.0
2009-08-11 00:00:00+09:00,581.0452270507812,581.0452270507812,581.0452270507812,581.0452270507812,200,0.0,0.0
2009-08-12 00:00:00+09:00,581.045293243838,581.045293243838,572.9752197265625,572.9752197265625,2200,0.0,0.0
2009-08-13 00:00:00+09:00,572.9751544528538,597.1853722466363,572.9751544528538,581.0452270507812,3000,0.0,0.0
2009-08-14 00:00:00+09:00,585.0803197573309,593.1503931332941,585.0803197573309,589.1153564453125,3400,0.0,0.0
2009-08-17 00:00:00+09:00,593.1504575532058,593.1504575532058,585.0803833007812,585.0803833007812,3000,0.0,0.0
2009-08-18 00:00:00+09:00,585.0803273874562,585.0803273874562,577.01025390625,577.01025390625,2400,0.0,0.0
2009-08-19 00:00:00+09:00,577.01025390625,577.01025390625,577.01025390625,577.01025390625,600,0.0,0.0
2009-08-20 00:00:00+09:00,577.0103090483567,585.0803833007812,577.0103090483567,585.0803833007812,600,0.0,0.0
2009-08-21 00:00:00+09:00,577.0101907518175,581.0452270507812,577.0101907518175,581.0452270507812,400,0.0,0.0
2009-08-24 00:00:00+09:00,585.0801968736713,593.1502685546875,585.0801968736713,593.1502685546875,1200,0.0,0.0
2009-08-25 00:00:00+09:00,597.1854745965255,613.3256225585938,597.1854745965255,613.3256225585938,18000,0.0,0.0
2009-08-26 00:00:00+09:00,623.035401173127,659.446560981946,623.035401173127,631.1267700195312,27600,2.0,0.0
2009-08-27 00:00:00+09:00,627.0810497050383,627.0810497050383,590.6698919802296,594.715576171875,7800,0.0,0.0
2009-08-28 00:00:00+09:00,590.6698894367352,590.6698894367352,570.4414685656141,578.5328369140625,6400,0.0,0.0
2009-08-31 00:00:00+09:00,578.532744071853,582.578427596831,574.487060546875,574.487060546875,1800,0.0,0.0
2009-09-02 00:00:00+09:00,566.39575018399,566.39575018399,550.2130144644474,558.3043823242188,2400,0.0,0.0
2009-09-03 00:00:00+09:00,550.2129832915145,562.3500343935333,550.2129832915145,554.2586669921875,1800,0.0,0.0
2009-09-04 00:00:00+09:00,550.2129489272388,550.2129489272388,542.12158203125,542.12158203125,2600,0.0,0.0
2009-09-07 00:00:00+09:00,550.2129195601852,550.2129195601852,546.167236328125,546.167236328125,800,0.0,0.0
2009-09-08 00:00:00+09:00,546.1673570217047,546.1673570217047,534.0303046434445,538.0759887695312,1000,0.0,0.0
2009-09-09 00:00:00+09:00,534.0302124023438,534.0302124023438,534.0302124023438,534.0302124023438,400,0.0,0.0
2009-09-10 00:00:00+09:00,546.167236328125,546.167236328125,546.167236328125,546.167236328125,600,0.0,0.0
2009-09-11 00:00:00+09:00,546.167236328125,546.167236328125,542.1215530960649,546.167236328125,2600,0.0,0.0
2009-09-14 00:00:00+09:00,550.2130144644474,558.3043823242188,546.1673305345618,558.3043823242188,3800,0.0,0.0
2009-09-15 00:00:00+09:00,566.3957203377922,566.3957203377922,546.1673017542996,562.3500366210938,6000,0.0,0.0
2009-09-16 00:00:00+09:00,546.1672995908417,566.3957180942061,546.1672995908417,554.2586669921875,1400,0.0,0.0
2009-09-17 00:00:00+09:00,534.0302151352612,554.2586323752332,534.0302151352612,542.12158203125,4400,0.0,0.0
2009-09-18 00:00:00+09:00,538.0759321894959,558.3043506928603,538.0759321894959,554.2586669921875,1600,0.0,0.0
2009-09-21 00:00:00+09:00,554.2586669921875,554.2586669921875,554.2586669921875,554.2586669921875,0,0.0,0.0
2009-09-24 00:00:00+09:00,550.2129854709982,562.3500366210938,550.2129854709982,562.3500366210938,2200,0.0,0.0
2009-09-25 00:00:00+09:00,562.3500366210938,566.3957203377922,562.3500366210938,562.3500366210938,2000,0.0,0.0
2009-09-28 00:00:00+09:00,546.1673570217047,554.258725273878,529.9846205173578,538.0759887695312,4800,0.0,0.0
2009-09-29 00:00:00+09:00,521.8931884765625,529.984555739765,521.8931884765625,521.8931884765625,2400,0.0,0.0
2009-09-30 00:00:00+09:00,538.0759887695312,538.0759887695312,521.8932522651844,538.0759887695312,1800,0.0,0.0
2009-10-01 00:00:00+09:00,521.8932795524597,521.8932795524597,517.8475952148438,517.8475952148438,1200,0.0,0.0
2009-10-02 00:00:00+09:00,521.893280498798,525.93896484375,521.893280498798,525.93896484375,2000,0.0,0.0
2009-10-05 00:00:00+09:00,521.8933095703125,521.8933095703125,505.7105712890625,505.7105712890625,1600,0.0,0.0
2009-10-06 00:00:00+09:00,509.756255859375,513.8019404296875,505.7105712890625,505.7105712890625,1800,0.0,0.0
2009-10-07 00:00:00+09:00,505.7105116956816,513.8018798828125,489.52777532141977,513.8018798828125,1600,0.0,0.0
2009-10-08 00:00:00+09:00,513.8019118088943,525.93896484375,505.71054311899036,525.93896484375,7400,0.0,0.0
2009-10-09 00:00:00+09:00,521.8931823238249,521.8931823238249,493.5733972364856,501.6647644042969,4000,0.0,0.0
2009-10-13 00:00:00+09:00,501.6647644042969,505.7104479882025,485.48203006867436,501.6647644042969,7000,0.0,0.0
2009-10-14 00:00:00+09:00,501.6647644042969,501.6647644042969,493.5733972364856,501.6647644042969,3800,0.0,0.0
2009-10-15 00:00:00+09:00,493.5733947753906,501.664761902856,493.5733947753906,493.5733947753906,4200,0.0,0.0
2009-10-16 00:00:00+09:00,493.57339223225915,493.57339223225915,485.4820251464844,485.4820251464844,8400,0.0,0.0
2009-10-19 00:00:00+09:00,485.48205463826156,485.48205463826156,481.4363708496094,481.4363708496094,5000,0.0,0.0
2009-10-20 00:00:00+09:00,481.4363708496094,481.4363708496094,477.3906870609572,481.4363708496094,3600,0.0,0.0
2009-10-21 00:00:00+09:00,481.43634160359704,485.4820251464844,477.39065806070965,485.4820251464844,6200,0.0,0.0
2009-10-22 00:00:00+09:00,485.4820264075413,489.5277099609375,485.4820264075413,489.5277099609375,1200,0.0,0.0
2009-10-23 00:00:00+09:00,501.664761902856,501.664761902856,485.4820276479252,493.5733947753906,1400,0.0,0.0
2009-10-26 00:00:00+09:00,489.5277099609375,493.5733935143337,489.5277099609375,489.5277099609375,2200,0.0,0.0
2009-10-27 00:00:00+09:00,481.43634160359704,485.4820251464844,481.43634160359704,485.4820251464844,4600,0.0,0.0
2009-10-28 00:00:00+09:00,485.48205463826156,485.48205463826156,481.4363708496094,481.4363708496094,1800,0.0,0.0
2009-10-29 00:00:00+09:00,481.4362135667067,481.4362135667067,469.29916616586536,473.3448486328125,5400,0.0,0.0
2009-10-30 00:00:00+09:00,477.3906839304957,477.3906839304957,469.29931640625,469.29931640625,3800,0.0,0.0
2009-11-02 00:00:00+09:00,465.2534836989183,473.3448486328125,465.2534836989183,473.3448486328125,2000,0.0,0.0
2009-11-04 00:00:00+09:00,465.25363264412715,469.29931640625,465.25363264412715,469.29931640625,2400,0.0,0.0
2009-11-05 00:00:00+09:00,469.299315344769,469.299315344769,465.2536315917969,465.2536315917969,1400,0.0,0.0
2009-11-06 00:00:00+09:00,469.299315344769,469.299315344769,461.20794783882474,465.2536315917969,2200,0.0,0.0
2009-11-09 00:00:00+09:00,465.25363052100465,465.25363052100465,461.20794677734375,461.20794677734375,2800,0.0,0.0
2009-11-10 00:00:00+09:00,457.16226511988145,469.29931640625,457.16226511988145,469.29931640625,1800,0.0,0.0
2009-11-11 00:00:00+09:00,465.25363052100465,465.25363052100465,461.20794677734375,461.20794677734375,800,0.0,0.0
2009-11-12 00:00:00+09:00,465.2536315917969,469.299315344769,465.2536315917969,465.2536315917969,2600,0.0,0.0
2009-11-13 00:00:00+09:00,465.2536315917969,465.2536315917969,461.20794783882474,465.2536315917969,3800,0.0,0.0
2009-11-16 00:00:00+09:00,469.299315344769,477.39068285071335,465.2536315917969,465.2536315917969,5000,0.0,0.0
2009-11-17 00:00:00+09:00,465.2535673158358,465.2535673158358,457.1622009277344,457.1622009277344,1200,0.0,0.0
2009-11-18 00:00:00+09:00,457.16226087297713,457.16226087297713,453.1165771484375,453.1165771484375,1000,0.0,0.0
2009-11-19 00:00:00+09:00,457.16226087297713,457.16226087297713,449.07089342389787,453.1165771484375,3800,0.0,0.0
2009-11-20 00:00:00+09:00,428.8425029032939,449.0709228515625,428.8425029032939,449.0709228515625,7600,0.0,0.0
2009-11-24 00:00:00+09:00,457.1623213334517,457.1623213334517,445.0252685546875,445.0252685546875,1400,0.0,0.0
2009-11-25 00:00:00+09:00,449.0709228515625,449.0709228515625,449.0709228515625,449.0709228515625,1000,0.0,0.0
2009-11-26 00:00:00+09:00,465.2536315917969,465.2536315917969,465.2536315917969,465.2536315917969,2200,0.0,0.0
2009-11-27 00:00:00+09:00,449.07083453963287,457.1622009277344,449.07083453963287,457.1622009277344,1400,0.0,0.0
2009-11-30 00:00:00+09:00,461.20794677734375,461.20794677734375,461.20794677734375,461.20794677734375,600,0.0,0.0
2009-12-01 00:00:00+09:00,465.2536315917969,465.2536315917969,461.20794783882474,465.2536315917969,1400,0.0,0.0
2009-12-02 00:00:00+09:00,465.25363052100465,465.25363052100465,461.20794677734375,461.20794677734375,2000,0.0,0.0
2009-12-03 00:00:00+09:00,461.20794677734375,461.20794677734375,461.20794677734375,461.20794677734375,2200,0.0,0.0
2009-12-04 00:00:00+09:00,461.20794677734375,461.20794677734375,461.20794677734375,461.20794677734375,1800,0.0,0.0
2009-12-07 00:00:00+09:00,461.20794783882474,465.2536315917969,461.20794783882474,465.2536315917969,2200,0.0,0.0
2009-12-08 00:00:00+09:00,457.16226087297713,457.16226087297713,453.1165771484375,453.1165771484375,1600,0.0,0.0
2009-12-09 00:00:00+09:00,453.1165177336836,457.1622009277344,453.1165177336836,457.1622009277344,1200,0.0,0.0
2009-12-10 00:00:00+09:00,457.1622009277344,457.1622009277344,453.1165177336836,457.1622009277344,800,0.0,0.0
2009-12-11 00:00:00+09:00,457.1622640858526,465.2536315917969,457.1622640858526,465.2536315917969,2800,0.0,0.0
2009-12-14 00:00:00+09:00,477.39065930074895,489.5277099609375,469.2992921939566,489.5277099609375,7000,0.0,0.0
2009-12-15 00:00:00+09:00,501.664761902856,505.71044546658874,489.5277112116579,493.5733947753906,9000,0.0,0.0
2009-12-16 00:00:00+09:00,477.3906870609572,505.7104735815224,473.345003272305,481.4363708496094,2600,0.0,0.0
2009-12-17 00:00:00+09:00,473.3448486328125,473.3448486328125,465.2534836989183,473.3448486328125,1800,0.0,0.0
2009-12-18 00:00:00+09:00,461.20794677734375,461.20794677734375,453.11657929002195,461.20794677734375,2600,0.0,0.0
2009-12-21 00:00:00+09:00,461.20794677734375,461.20794677734375,461.20794677734375,461.20794677734375,1000,0.0,0.0
2009-12-22 00:00:00+09:00,453.1165177336836,457.1622009277344,453.1165177336836,457.1622009277344,1600,0.0,0.0
2009-12-24 00:00:00+09:00,461.20794677734375,461.20794677734375,457.16226303368285,461.20794677734375,1000,0.0,0.0
2009-12-25 00:00:00+09:00,461.20780123197113,477.3905310997596,461.20780123197113,473.3448486328125,8000,0.0,0.0
2009-12-28 00:00:00+09:00,473.34499909774115,473.34499909774115,465.2536315917969,465.2536315917969,3800,0.0,0.0
2009-12-29 00:00:00+09:00,477.3906555175782,477.3906555175782,477.3906555175782,477.3906555175781,600,0.0,0.0
2009-12-30 00:00:00+09:00,469.29931640625,469.29931640625,469.29931640625,469.29931640625,1000,0.0,0.0
2010-01-04 00:00:00+09:00,485.482022560249,485.482022560249,473.34497199624275,477.3906555175781,1400,0.0,0.0
2010-01-05 00:00:00+09:00,477.3906555175782,477.3906555175782,473.34497199624275,477.3906555175781,1400,0.0,0.0
2010-01-06 00:00:00+09:00,485.48205463826156,485.48205463826156,477.3906870609572,481.4363708496094,1400,0.0,0.0
2010-01-07 00:00:00+09:00,477.39065806070965,485.4820251464844,473.34497451782227,485.4820251464844,2800,0.0,0.0
2010-01-08 00:00:00+09:00,485.4820251464844,485.4820251464844,481.43634160359704,485.4820251464844,2000,0.0,0.0
2010-01-12 00:00:00+09:00,501.6648554608105,501.6648554608105,489.52780250611346,497.6191711425781,6000,0.0,0.0
2010-01-13 00:00:00+09:00,505.7105712890625,509.756255859375,505.7105712890625,505.7105712890625,2200,0.0,0.0
2010-01-14 00:00:00+09:00,505.7106320820157,509.7563171386719,505.7106320820157,509.7563171386719,2600,0.0,0.0
2010-01-15 00:00:00+09:00,505.71044546658874,505.71044546658874,489.5277112116579,493.5733947753906,6800,0.0,0.0
2010-01-18 00:00:00+09:00,493.5734868243458,497.6191711425781,493.5734868243458,497.6191711425781,1400,0.0,0.0
2010-01-19 00:00:00+09:00,497.61920214843747,505.7105712890625,497.61920214843747,505.7105712890625,1200,0.0,0.0
2010-01-20 00:00:00+09:00,517.847625,517.847625,501.66488671875,505.7105712890625,4400,0.0,0.0
2010-01-21 00:00:00+09:00,505.7106320820157,513.802002195328,505.7106320820157,509.7563171386719,1600,0.0,0.0
2010-01-22 00:00:00+09:00,505.7105116956816,513.8018798828125,505.7105116956816,513.8018798828125,2000,0.0,0.0
2010-01-25 00:00:00+09:00,501.6647644042969,501.6647644042969,497.6190808203912,501.6647644042969,2600,0.0,0.0
2010-01-26 00:00:00+09:00,505.7106320820157,513.802002195328,505.7106320820157,509.7563171386719,2400,0.0,0.0
2010-01-27 00:00:00+09:00,505.7104479882025,505.7104479882025,501.6647644042969,501.6647644042969,1600,0.0,0.0
2010-01-28 00:00:00+09:00,489.52780250611346,497.6191711425781,489.52780250611346,497.6191711425781,1600,0.0,0.0
2010-01-29 00:00:00+09:00,497.6190783391233,497.6190783391233,493.5733947753906,493.5733947753906,800,0.0,0.0
2010-02-01 00:00:00+09:00,473.345003272305,481.4363708496094,473.345003272305,481.4363708496094,2200,0.0,0.0
2010-02-02 00:00:00+09:00,481.4363708496094,481.4363708496094,481.4363708496094,481.4363708496094,800,0.0,0.0
2010-02-03 00:00:00+09:00,477.39065806070965,485.4820251464844,477.39065806070965,485.4820251464844,3000,0.0,0.0
2010-02-04 00:00:00+09:00,477.39065930074895,489.5277099609375,477.39065930074895,489.5277099609375,1000,0.0,0.0
2010-02-05 00:00:00+09:00,481.43633903891356,493.5733896029198,477.3906555175782,477.3906555175781,2600,0.0,0.0
2010-02-08 00:00:00+09:00,481.4363708496094,481.4363708496094,481.4363708496094,481.4363708496094,1200,0.0,0.0
2010-02-09 00:00:00+09:00,473.34497199624275,477.3906555175782,473.34497199624275,477.3906555175781,1200,0.0,0.0
2010-02-10 00:00:00+09:00,477.3906555175782,481.43633903891356,477.3906555175782,477.3906555175781,2200,0.0,0.0
2010-02-12 00:00:00+09:00,481.43634160359704,485.4820251464844,481.43634160359704,485.4820251464844,3000,0.0,0.0
2010-02-15 00:00:00+09:00,485.4820251464844,485.4820251464844,485.4820251464844,485.4820251464844,600,0.0,0.0
2010-02-16 00:00:00+09:00,493.5733972364856,501.6647644042969,493.5733972364856,501.6647644042969,2800,0.0,0.0
2010-02-17 00:00:00+09:00,505.7105712890625,509.756255859375,497.61920214843747,505.7105712890625,2000,0.0,0.0
2010-02-18 00:00:00+09:00,509.756255859375,509.756255859375,501.66488671875,505.7105712890625,2000,0.0,0.0
2010-02-19 00:00:00+09:00,509.75622409727515,509.75622409727515,497.6191711425781,497.6191711425781,1800,0.0,0.0
2010-02-22 00:00:00+09:00,493.5733947753906,493.5733947753906,493.5733947753906,493.5733947753906,2800,0.0,0.0
2010-02-23 00:00:00+09:00,489.5277112116579,497.6190783391233,489.5277112116579,493.5733947753906,2400,0.0,0.0
2010-02-24 00:00:00+09:00,495.19702299764333,495.19702299764333,487.0790390140754,491.1380310058594,1400,2.0,0.0
2010-02-25 00:00:00+09:00,491.138127174698,491.138127174698,483.0201416015625,483.0201416015625,1800,0.0,0.0
2010-02-26 00:00:00+09:00,483.0201416015625,483.0201416015625,483.0201416015625,483.0201416015625,1000,0.0,0.0
2010-03-01 00:00:00+09:00,483.0201416015625,483.0201416015625,483.0201416015625,483.0201416015625,400,0.0,0.0
2010-03-02 00:00:00+09:00,487.0791015625,487.0791015625,487.0791015625,487.0791015625,1400,0.0,0.0
2010-03-03 00:00:00+09:00,483.0201416015625,483.0201416015625,483.0201416015625,483.0201416015625,400,0.0,0.0
2010-03-04 00:00:00+09:00,483.0201416015625,483.0201416015625,483.0201416015625,483.0201416015625,1200,0.0,0.0
2010-03-05 00:00:00+09:00,491.1380310058594,491.1380310058594,491.1380310058594,491.1380310058594,400,0.0,0.0
2010-03-08 00:00:00+09:00,491.13799923756085,495.1969909667969,483.02001577908874,495.1969909667969,2600,0.0,0.0
2010-03-09 00:00:00+09:00,495.19708658854165,495.19708658854165,487.0791015625,487.0791015625,400,0.0,0.0
2010-03-10 00:00:00+09:00,491.1380940755208,491.1380940755208,487.0791015625,487.0791015625,1000,0.0,0.0
2010-03-11 00:00:00+09:00,487.0790075083248,495.1969909667969,487.0790075083248,495.1969909667969,1400,0.0,0.0
2010-03-12 00:00:00+09:00,491.13799679663873,503.3149719238281,491.13799679663873,503.3149719238281,4400,0.0,0.0
2010-03-15 00:00:00+09:00,503.314850101626,503.314850101626,499.255859375,499.255859375,4400,0.0,0.0
2010-03-16 00:00:00+09:00,507.373966154505,507.373966154505,495.1969909667969,495.1969909667969,2200,0.0,0.0
2010-03-17 00:00:00+09:00,495.1969909667969,495.1969909667969,495.1969909667969,495.1969909667969,600,0.0,0.0
2010-03-18 00:00:00+09:00,503.314850101626,503.314850101626,499.255859375,499.255859375,1000,0.0,0.0
2010-03-19 00:00:00+09:00,491.1380940755208,491.1380940755208,487.0791015625,487.0791015625,1600,0.0,0.0
2010-03-23 00:00:00+09:00,483.02001577908874,495.1969909667969,483.02001577908874,495.1969909667969,1400,0.0,0.0
2010-03-24 00:00:00+09:00,495.1969909667969,499.2559826960329,491.13799923756085,495.1969909667969,2800,0.0,0.0
2010-03-25 00:00:00+09:00,495.1969909667969,495.1969909667969,491.13799923756085,495.1969909667969,1000,0.0,0.0
2010-03-26 00:00:00+09:00,487.0790075083248,495.1969909667969,487.0790075083248,495.1969909667969,1600,0.0,0.0
2010-03-29 00:00:00+09:00,503.3150215440124,608.848816383886,499.25602943478646,531.7279663085938,34000,0.0,0.0
2010-03-30 00:00:00+09:00,527.6690063476562,572.317922269381,523.6100139911358,527.6690063476562,18400,0.0,0.0
2010-03-31 00:00:00+09:00,527.6690063476562,527.6690063476562,503.31505220853364,527.6690063476562,9400,0.0,0.0
2010-04-01 00:00:00+09:00,519.5509982638889,519.5509982638889,507.374021742079,511.4330139160156,3400,0.0,0.0
2010-04-02 00:00:00+09:00,519.5510216346154,527.6690063476562,519.5510216346154,527.6690063476562,2600,0.0,0.0
2010-04-05 00:00:00+09:00,531.7279987041767,531.7279987041767,523.6100139911358,527.6690063476562,5800,0.0,0.0
2010-04-06 00:00:00+09:00,535.7867743913517,535.7867743913517,523.6098022460938,523.6098022460938,3400,0.0,0.0
2010-04-07 00:00:00+09:00,556.0818377644026,625.0846935453869,543.9048632148172,596.6717529296875,475600,0.0,0.0
2010-04-08 00:00:00+09:00,592.6129525991587,596.6719454251803,564.2000028170072,580.4359741210938,96000,0.0,0.0
2010-04-09 00:00:00+09:00,572.3178122541029,576.3768038303732,560.1408375252922,564.1998291015625,21800,0.0,0.0
2010-04-12 00:00:00+09:00,560.140869140625,564.1998609459919,552.0228855298913,560.140869140625,27600,0.0,0.0
2010-04-13 00:00:00+09:00,564.1998609459919,564.1998609459919,556.0818773352581,560.140869140625,9400,0.0,0.0
2010-04-14 00:00:00+09:00,564.1998609459919,564.1998609459919,552.0228855298913,560.140869140625,15000,0.0,0.0
2010-04-15 00:00:00+09:00,564.1999260397519,572.3179105870864,552.02294921875,552.02294921875,18000,0.0,0.0
2010-04-16 00:00:00+09:00,552.0229566169508,560.1409412730824,535.7869873046875,535.7869873046875,16000,0.0,0.0
2010-04-19 00:00:00+09:00,535.7869873046875,543.9049719608191,535.7869873046875,535.7869873046875,3200,0.0,0.0
2010-04-20 00:00:00+09:00,539.8459505270455,539.8459505270455,531.7279663085938,531.7279663085938,4200,0.0,0.0
2010-04-21 00:00:00+09:00,531.7279630962171,539.845947265625,531.7279630962171,539.845947265625,2000,0.0,0.0
2010-04-22 00:00:00+09:00,543.904939350329,543.904939350329,539.845947265625,539.845947265625,1600,0.0,0.0
2010-04-23 00:00:00+09:00,543.904939350329,547.9639314350329,539.845947265625,539.845947265625,2200,0.0,0.0
2010-04-26 00:00:00+09:00,547.9638649599395,560.1408397368272,543.9048733676437,556.0818481445312,4400,0.0,0.0
2010-04-27 00:00:00+09:00,552.0228565522355,556.0818481445312,539.8458817753478,556.0818481445312,4400,0.0,0.0
2010-04-28 00:00:00+09:00,547.9639347454973,547.9639347454973,531.7279663085938,531.7279663085938,5200,0.0,0.0
2010-04-30 00:00:00+09:00,539.8457942222482,543.90478515625,539.8457942222482,543.90478515625,2600,0.0,0.0
2010-05-06 00:00:00+09:00,543.904975773738,543.904975773738,523.6100139911358,527.6690063476562,4000,0.0,0.0
2010-05-07 00:00:00+09:00,511.4329516793799,515.491943359375,503.3149683193898,515.491943359375,11000,0.0,0.0
2010-05-10 00:00:00+09:00,519.5508422851562,523.609833240509,515.4918513298035,519.5508422851562,4600,0.0,0.0
2010-05-11 00:00:00+09:00,527.6687929611797,531.7277836762657,519.5508115310078,523.6098022460938,3400,0.0,0.0
2010-05-12 00:00:00+09:00,535.7869910606971,543.904975773738,527.6690063476562,527.6690063476562,3600,0.0,0.0
2010-05-13 00:00:00+09:00,539.8459796327534,539.8459796327534,531.7279949766217,535.7869873046875,1600,0.0,0.0
2010-05-14 00:00:00+09:00,531.7279949766217,535.7869873046875,531.7279949766217,535.7869873046875,2400,0.0,0.0
2010-05-17 00:00:00+09:00,523.6098022460938,527.6687929611797,523.6098022460938,523.6098022460938,7000,0.0,0.0
2010-05-18 00:00:00+09:00,523.609833240509,523.609833240509,515.4918513298035,519.5508422851562,4600,0.0,0.0
2010-05-19 00:00:00+09:00,515.4919768066407,515.4919768066407,507.3739929199219,507.3739929199219,5800,0.0,0.0
2010-05-20 00:00:00+09:00,507.3739636328913,511.43295534195437,503.3149719238281,503.3149719238281,4400,0.0,0.0
2010-05-21 00:00:00+09:00,499.255859375,499.255859375,495.196868648374,499.255859375,2800,0.0,0.0
2010-05-24 00:00:00+09:00,495.1969885057019,503.3149719238281,495.1969885057019,503.3149719238281,4400,0.0,0.0
2010-05-25 00:00:00+09:00,503.3149683193898,515.491943359375,503.3149683193898,515.491943359375,3200,0.0,0.0
2010-05-26 00:00:00+09:00,499.2560149894273,499.2560149894273,491.1380310058594,491.1380310058594,4400,0.0,0.0
2010-05-27 00:00:00+09:00,487.0791015625,487.0791015625,487.0791015625,487.0791015625,800,0.0,0.0
2010-05-28 00:00:00+09:00,491.1380310058594,495.19702299764333,491.1380310058594,491.1380310058594,1600,0.0,0.0
2010-05-31 00:00:00+09:00,491.13799679663873,503.3149719238281,491.13799679663873,503.3149719238281,1800,0.0,0.0
2010-06-01 00:00:00+09:00,503.31500097656254,507.3739929199219,503.31500097656254,507.3739929199219,800,0.0,0.0
2010-06-02 00:00:00+09:00,499.255980214765,503.3149719238281,499.255980214765,503.3149719238281,1200,0.0,0.0
2010-06-03 00:00:00+09:00,499.255980214765,503.3149719238281,499.255980214765,503.3149719238281,2600,0.0,0.0
2010-06-04 00:00:00+09:00,507.3739636328913,507.3739636328913,503.3149719238281,503.3149719238281,400,0.0,0.0
2010-06-07 00:00:00+09:00,491.1380310058594,491.1380310058594,491.1380310058594,491.1380310058594,800,0.0,0.0
2010-06-08 00:00:00+09:00,487.0791015625,487.0791015625,487.0791015625,487.0791015625,600,0.0,0.0
2010-06-09 00:00:00+09:00,491.13787792174793,503.314850101626,491.13787792174793,499.255859375,3200,0.0,0.0
2010-06-10 00:00:00+09:00,491.1380940755208,491.1380940755208,487.0791015625,487.0791015625,1200,0.0,0.0
2010-06-11 00:00:00+09:00,495.19702299764333,495.19702299764333,491.1380310058594,491.1380310058594,3600,0.0,0.0
2010-06-14 00:00:00+09:00,503.314974425269,503.314974425269,495.1969909667969,495.1969909667969,1400,0.0,0.0
2010-06-15 00:00:00+09:00,503.3149719238281,503.3149719238281,503.3149719238281,503.3149719238281,3400,0.0,0.0
2010-06-16 00:00:00+09:00,495.19702299764333,495.19702299764333,491.1380310058594,491.1380310058594,4400,0.0,0.0
2010-06-17 00:00:00+09:00,495.19702299764333,495.19702299764333,491.1380310058594,491.1380310058594,2800,0.0,0.0
2010-06-18 00:00:00+09:00,487.0790390140754,491.1380310058594,487.0790390140754,491.1380310058594,2800,0.0,0.0
2010-06-21 00:00:00+09:00,487.0791015625,487.0791015625,487.0791015625,487.0791015625,200,0.0,0.0
2010-06-22 00:00:00+09:00,491.13799923756085,495.1969909667969,491.13799923756085,495.1969909667969,3200,0.0,0.0
2010-06-23 00:00:00+09:00,491.1380310058594,491.1380310058594,491.1380310058594,491.1380310058594,600,0.0,0.0
2010-06-24 00:00:00+09:00,491.13799923756085,495.1969909667969,491.13799923756085,495.1969909667969,1000,0.0,0.0
2010-06-25 00:00:00+09:00,483.0201090494792,491.1380940755208,483.0201090494792,487.0791015625,2400,0.0,0.0
2010-06-28 00:00:00+09:00,466.7840250129374,478.96099957849225,466.7840250129374,474.9020080566406,3600,0.0,0.0
2010-06-29 00:00:00+09:00,487.0791343881303,487.0791343881303,483.0201416015625,483.0201416015625,1200,0.0,0.0
2010-06-30 00:00:00+09:00,462.72509144928495,503.3150117518538,462.72509144928495,478.9610595703125,5000,0.0,0.0
2010-07-01 00:00:00+09:00,466.7840270996094,466.7840270996094,466.7840270996094,466.7840270996094,400,0.0,0.0
2010-07-02 00:00:00+09:00,466.7840250129374,474.9020080566406,466.7840250129374,474.9020080566406,800,0.0,0.0
2010-07-05 00:00:00+09:00,470.843017578125,470.843017578125,470.843017578125,470.843017578125,600,0.0,0.0
2010-07-06 00:00:00+09:00,478.96099957849225,478.96099957849225,466.7840250129374,474.9020080566406,1000,0.0,0.0
2010-07-07 00:00:00+09:00,470.843017578125,470.843017578125,470.843017578125,470.843017578125,600,0.0,0.0
2010-07-08 00:00:00+09:00,470.843018639606,474.90201017960254,466.7840270996094,466.7840270996094,2000,0.0,0.0
2010-07-09 00:00:00+09:00,474.9020080566406,474.9020080566406,474.9020080566406,474.9020080566406,400,0.0,0.0
2010-07-12 00:00:00+09:00,466.78408347954183,478.9610595703125,466.78408347954183,478.9610595703125,1400,0.0,0.0
2010-07-13 00:00:00+09:00,483.0201416015625,483.0201416015625,478.9611488149948,483.0201416015625,1800,0.0,0.0
2010-07-14 00:00:00+09:00,487.0791015625,487.0791015625,487.0791015625,487.0791015625,1000,0.0,0.0
2010-07-15 00:00:00+09:00,499.2560791015625,499.2560791015625,487.0791015625,487.0791015625,4400,0.0,0.0
2010-07-16 00:00:00+09:00,495.19708658854165,495.19708658854165,487.0791015625,487.0791015625,600,0.0,0.0
2010-07-21 00:00:00+09:00,466.7840270996094,466.7840270996094,466.7840270996094,466.7840270996094,400,0.0,0.0
2010-07-22 00:00:00+09:00,466.7840250129374,474.9020080566406,466.7840250129374,474.9020080566406,800,0.0,0.0
2010-07-23 00:00:00+09:00,478.9610550305075,491.1380310058594,478.9610550305075,491.1380310058594,2000,0.0,0.0
2010-07-26 00:00:00+09:00,491.13803566108317,495.19702769134005,478.9610595703125,478.9610595703125,3000,0.0,0.0
2010-07-27 00:00:00+09:00,483.0201416015625,483.0201416015625,483.0201416015625,483.0201416015625,2000,0.0,0.0
2010-07-28 00:00:00+09:00,478.9610595703125,478.9610595703125,478.9610595703125,478.9610595703125,1800,0.0,0.0
2010-07-29 00:00:00+09:00,483.0200516005694,483.0200516005694,478.9610595703125,478.9610595703125,1000,0.0,0.0
2010-07-30 00:00:00+09:00,470.843016534789,474.9020080566406,470.843016534789,474.9020080566406,2000,0.0,0.0
2010-08-02 00:00:00+09:00,470.843017578125,470.843017578125,470.843017578125,470.843017578125,1600,0.0,0.0
2010-08-03 00:00:00+09:00,474.9020091089709,478.9610006398168,470.843017578125,470.843017578125,800,0.0,0.0
2010-08-04 00:00:00+09:00,470.843018639606,470.843018639606,466.7840270996094,466.7840270996094,1000,0.0,0.0
2010-08-05 00:00:00+09:00,462.72503349108575,474.9020080566406,462.72503349108575,474.9020080566406,1000,0.0,0.0
2010-08-06 00:00:00+09:00,470.843016534789,474.9020080566406,470.843016534789,474.9020080566406,1200,0.0,0.0
2010-08-09 00:00:00+09:00,466.7840260472791,470.843017578125,466.7840260472791,470.843017578125,1200,0.0,0.0
2010-08-10 00:00:00+09:00,466.7840270996094,466.7840270996094,462.72503555961276,466.7840270996094,6000,0.0,0.0
2010-08-11 00:00:00+09:00,462.72513006429756,466.7841224332827,458.6661376953125,458.6661376953125,2400,0.0,0.0
2010-08-12 00:00:00+09:00,450.5481529573424,458.6661376953125,450.5481529573424,458.6661376953125,1200,0.0,0.0
2010-08-13 00:00:00+09:00,454.60714532632744,462.72513006429756,454.60714532632744,458.6661376953125,1800,0.0,0.0
2010-08-16 00:00:00+09:00,454.6070875563063,454.6070875563063,450.548095703125,450.548095703125,2000,0.0,0.0
2010-08-17 00:00:00+09:00,454.6070861816406,454.6070861816406,454.6070861816406,454.6070861816406,400,0.0,0.0
2010-08-18 00:00:00+09:00,450.5481529573424,458.6661376953125,450.5481529573424,458.6661376953125,1600,0.0,0.0
2010-08-19 00:00:00+09:00,462.72513006429756,462.72513006429756,458.6661376953125,458.6661376953125,0,0.0,0.0
2010-08-20 00:00:00+09:00,462.7250345164332,470.843017578125,462.7250345164332,470.843017578125,800,0.0,0.0
2010-08-23 00:00:00+09:00,470.84311480226773,470.84311480226773,458.6661376953125,458.6661376953125,0,0.0,0.0
2010-08-24 00:00:00+09:00,462.7250671386719,462.7250671386719,462.7250671386719,462.7250671386719,200,0.0,0.0
2010-08-25 00:00:00+09:00,458.66607532166597,462.7250671386719,454.60708350466007,462.7250671386719,2000,0.0,0.0
2010-08-26 00:00:00+09:00,466.7840260472791,470.843017578125,466.7840260472791,470.843017578125,11000,0.0,0.0
2010-08-27 00:00:00+09:00,456.0223053788717,460.09393310546875,451.9506776522746,460.09393310546875,2000,1.8,0.0
2010-08-30 00:00:00+09:00,464.1655608320658,464.1655608320658,456.0223053788717,460.09393310546875,2600,0.0,0.0
2010-08-31 00:00:00+09:00,456.0223455255682,456.0223455255682,447.87908935546875,447.87908935546875,1400,0.0,0.0
2010-09-01 00:00:00+09:00,456.0223455255682,460.0939736106179,447.87908935546875,447.87908935546875,800,0.0,0.0
2010-09-02 00:00:00+09:00,460.09397022144213,460.09397022144213,451.9507141113281,451.9507141113281,600,0.0,0.0
2010-09-03 00:00:00+09:00,447.87908935546875,447.87908935546875,447.87908935546875,447.87908935546875,200,0.0,0.0
2010-09-06 00:00:00+09:00,456.0223053788717,460.09393310546875,456.0223053788717,460.09393310546875,600,0.0,0.0
2010-09-07 00:00:00+09:00,456.0223083496094,456.0223083496094,456.0223083496094,456.0223083496094,200,0.0,0.0
2010-09-08 00:00:00+09:00,451.9507044741982,464.16558837890625,451.9507044741982,464.16558837890625,800,0.0,0.0
2010-09-09 00:00:00+09:00,456.0223053788717,460.09393310546875,456.0223053788717,460.09393310546875,600,0.0,0.0
2010-09-10 00:00:00+09:00,468.2371520996094,468.2371520996094,460.0938972804857,468.2371520996094,1000,0.0,0.0
2010-09-13 00:00:00+09:00,464.1655638558524,464.1655638558524,456.0223083496094,456.0223083496094,1000,0.0,0.0
2010-09-14 00:00:00+09:00,468.2371916089739,468.2371916089739,456.0223083496094,456.0223083496094,3000,0.0,0.0
2010-09-16 00:00:00+09:00,439.73587406907126,439.73587406907126,435.66424560546875,435.66424560546875,7400,0.0,0.0
2010-09-17 00:00:00+09:00,435.664187737231,439.7358156600088,431.5925598144531,431.5925598144531,15400,0.0,0.0
2010-09-21 00:00:00+09:00,435.664187737231,435.664187737231,431.5925598144531,431.5925598144531,3200,0.0,0.0
2010-09-22 00:00:00+09:00,431.5925598144531,439.7358156600088,431.5925598144531,431.5925598144531,3600,0.0,0.0
2010-09-24 00:00:00+09:00,431.5925598144531,439.7358156600088,431.5925598144531,431.5925598144531,2800,0.0,0.0
2010-09-27 00:00:00+09:00,435.66418146204063,439.7358093261719,435.66418146204063,439.7358093261719,3200,0.0,0.0
2010-09-28 00:00:00+09:00,443.80750253267377,443.80750253267377,435.66424560546875,435.66424560546875,6600,0.0,0.0
2010-09-29 00:00:00+09:00,439.7358093261719,439.7358093261719,431.59255359790944,439.7358093261719,1000,0.0,0.0
2010-09-30 00:00:00+09:00,439.7358156600088,439.7358156600088,431.5925598144531,431.5925598144531,1400,0.0,0.0
2010-10-01 00:00:00+09:00,431.59256627009466,431.59256627009466,415.3060543353741,423.4493103027344,5400,0.0,0.0
2010-10-04 00:00:00+09:00,419.37768231905426,423.4493103027344,419.37768231905426,423.4493103027344,800,0.0,0.0
2010-10-05 00:00:00+09:00,427.52093505859375,427.52093505859375,419.37767915271576,427.52093505859375,5600,0.0,0.0
2010-10-06 00:00:00+09:00,423.4493103027344,427.52093828641455,423.4493103027344,423.4493103027344,2200,0.0,0.0
2010-10-07 00:00:00+09:00,423.4493071056548,427.52093505859375,419.37767915271576,427.52093505859375,2600,0.0,0.0
2010-10-08 00:00:00+09:00,431.59256627009466,431.59256627009466,419.37768231905426,423.4493103027344,10000,0.0,0.0
2010-10-12 00:00:00+09:00,419.3775939941406,419.3775939941406,419.3775939941406,419.3775939941406,2000,0.0,0.0
2010-10-13 00:00:00+09:00,419.3776580212163,419.3776580212163,415.3060302734375,415.3060302734375,2200,0.0,0.0
2010-10-14 00:00:00+09:00,415.3060427295918,415.3060427295918,394.94790338010205,399.01953125,7000,0.0,0.0
2010-10-15 00:00:00+09:00,403.0911865234375,403.0911865234375,399.0195583767361,403.0911865234375,4400,0.0,0.0
2010-10-18 00:00:00+09:00,407.16281467013886,407.16281467013886,403.0911865234375,403.0911865234375,2000,0.0,0.0
2010-10-19 00:00:00+09:00,411.2344085693359,411.2344085693359,407.16278076171875,407.16278076171875,1200,0.0,0.0
2010-10-20 00:00:00+09:00,407.16278076171875,407.16278076171875,407.16278076171875,407.16278076171875,600,0.0,0.0
2010-10-21 00:00:00+09:00,403.0911865234375,403.0911865234375,403.0911865234375,403.0911865234375,1600,0.0,0.0
2010-10-22 00:00:00+09:00,399.0195583767361,403.0911865234375,399.0195583767361,403.0911865234375,1200,0.0,0.0
2010-10-25 00:00:00+09:00,411.2344055175781,411.2344055175781,411.2344055175781,411.2344055175781,1200,0.0,0.0
2010-10-26 00:00:00+09:00,411.2344055175781,411.2344055175781,411.2344055175781,411.2344055175781,400,0.0,0.0
2010-10-27 00:00:00+09:00,411.2344055175781,411.2344055175781,411.2344055175781,411.2344055175781,600,0.0,0.0
2010-10-28 00:00:00+09:00,403.0911529541016,407.16278076171875,382.73301391601564,407.16278076171875,7000,0.0,0.0
2010-10-29 00:00:00+09:00,403.0911622981435,407.16279020014497,382.7330227881363,394.9479064941406,1600,0.0,0.0
2010-11-01 00:00:00+09:00,399.01953125,399.01953125,399.01953125,399.01953125,600,0.0,0.0
2010-11-02 00:00:00+09:00,403.0911865234375,403.0911865234375,403.0911865234375,403.0911865234375,600,0.0,0.0
2010-11-04 00:00:00+09:00,403.0911865234375,403.0911865234375,390.8763020833333,403.0911865234375,3400,0.0,0.0
2010-11-05 00:00:00+09:00,407.16277774017635,411.2344055175781,407.16277774017635,411.2344055175781,1600,0.0,0.0
2010-11-08 00:00:00+09:00,403.0911529541016,407.16278076171875,403.0911529541016,407.16278076171875,1000,0.0,0.0
2010-11-09 00:00:00+09:00,411.2344085693359,411.2344085693359,407.16278076171875,407.16278076171875,600,0.0,0.0
2010-11-10 00:00:00+09:00,415.30603329497984,415.30603329497984,411.2344055175781,411.2344055175781,1000,0.0,0.0
2010-11-11 00:00:00+09:00,419.3776580212163,419.3776580212163,411.23440252565865,415.3060302734375,1600,0.0,0.0
2010-11-12 00:00:00+09:00,407.16277477787986,415.3060302734375,407.16277477787986,415.3060302734375,3000,0.0,0.0
2010-11-15 00:00:00+09:00,411.2344055175781,411.2344055175781,411.2344055175781,411.2344055175781,200,0.0,0.0
2010-11-16 00:00:00+09:00,423.4492857689951,423.4492857689951,415.3060302734375,415.3060302734375,800,0.0,0.0
2010-11-17 00:00:00+09:00,415.3060302734375,415.3060302734375,415.3060302734375,415.3060302734375,800,0.0,0.0
2010-11-18 00:00:00+09:00,423.4492211202973,423.4492211202973,419.3775939941406,419.3775939941406,400,0.0,0.0
2010-11-19 00:00:00+09:00,419.3776610723816,419.3776610723816,411.2344055175781,411.2344055175781,3400,0.0,0.0
2010-11-22 00:00:00+09:00,419.37768231905426,423.4493103027344,419.37768231905426,423.4493103027344,800,0.0,0.0
2010-11-24 00:00:00+09:00,423.4492211202973,423.4492211202973,419.3775939941406,419.3775939941406,1200,0.0,0.0
2010-11-25 00:00:00+09:00,431.5925630115327,431.5925630115327,427.52093505859375,427.52093505859375,1200,0.0,0.0
2010-11-26 00:00:00+09:00,423.4493103027344,423.4493103027344,411.23442635169397,423.4493103027344,1000,0.0,0.0
2010-11-29 00:00:00+09:00,423.4492211202973,423.4492211202973,419.3775939941406,419.3775939941406,800,0.0,0.0
2010-11-30 00:00:00+09:00,431.5925630115327,431.5925630115327,415.3060511997768,427.52093505859375,600,0.0,0.0
2010-12-01 00:00:00+09:00,415.3059668679839,419.3775939941406,415.3059668679839,419.3775939941406,600,0.0,0.0
2010-12-02 00:00:00+09:00,423.4493103027344,427.52093828641455,423.4493103027344,423.4493103027344,1800,0.0,0.0
2010-12-03 00:00:00+09:00,423.4493103027344,423.4493103027344,423.4493103027344,423.4493103027344,400,0.0,0.0
2010-12-06 00:00:00+09:00,423.4492211202973,423.4492211202973,419.3775939941406,419.3775939941406,800,0.0,0.0
2010-12-07 00:00:00+09:00,423.4492211202973,423.4492211202973,419.3775939941406,419.3775939941406,1800,0.0,0.0
2010-12-08 00:00:00+09:00,423.4493071056548,427.52093505859375,419.37767915271576,427.52093505859375,2600,0.0,0.0
2010-12-09 00:00:00+09:00,427.52093505859375,427.52093505859375,427.52093505859375,427.52093505859375,200,0.0,0.0
2010-12-10 00:00:00+09:00,431.5925598144531,431.5925598144531,427.5209318916753,431.5925598144531,6200,0.0,0.0
2010-12-13 00:00:00+09:00,435.66424560546875,435.66424560546875,431.59261714186624,435.66424560546875,2400,0.0,0.0
2010-12-14 00:00:00+09:00,431.59252089754153,443.8074035644531,431.59252089754153,443.8074035644531,5600,0.0,0.0
2010-12-15 00:00:00+09:00,447.87907650596213,472.3088443153783,447.87907650596213,464.16558837890625,25000,0.0,0.0
2010-12-16 00:00:00+09:00,464.1655608320658,464.1655608320658,456.0223053788717,460.09393310546875,2600,0.0,0.0
2010-12-17 00:00:00+09:00,464.1655608320658,464.1655608320658,460.09393310546875,460.09393310546875,3200,0.0,0.0
2010-12-20 00:00:00+09:00,472.3088162852599,472.3088162852599,460.09393310546875,460.09393310546875,4200,0.0,0.0
2010-12-21 00:00:00+09:00,451.9507141113281,451.9507141113281,447.8790860562711,451.9507141113281,5800,0.0,0.0
2010-12-22 00:00:00+09:00,451.9507141113281,451.9507141113281,447.8790860562711,451.9507141113281,1600,0.0,0.0
2010-12-24 00:00:00+09:00,451.9507174405185,451.9507174405185,447.87908935546875,447.87908935546875,2400,0.0,0.0
2010-12-27 00:00:00+09:00,443.8074035644531,443.8074035644531,439.73577600881595,443.8074035644531,3000,0.0,0.0
2010-12-28 00:00:00+09:00,439.73587406907126,439.73587406907126,435.66424560546875,435.66424560546875,1600,0.0,0.0
2010-12-29 00:00:00+09:00,439.73577600881595,443.8074035644531,439.73577600881595,443.8074035644531,2000,0.0,0.0
2010-12-30 00:00:00+09:00,443.80743719030306,443.80743719030306,439.7358093261719,439.7358093261719,600,0.0,0.0
2011-01-04 00:00:00+09:00,447.87908935546875,456.0223455255682,447.87908935546875,447.87908935546875,3600,0.0,0.0
2011-01-05 00:00:00+09:00,451.9507141113281,451.9507141113281,447.8790860562711,451.9507141113281,2600,0.0,0.0
2011-01-06 00:00:00+09:00,460.0939361027309,460.0939361027309,451.95068059648787,456.0223083496094,5400,0.0,0.0
2011-01-07 00:00:00+09:00,447.87901505180025,468.2371520996094,439.7357602326766,468.2371520996094,18600,0.0,0.0
2011-01-11 00:00:00+09:00,484.52384382678616,504.8819885253906,472.30895700762346,504.8819885253906,9600,0.0,0.0
2011-01-12 00:00:00+09:00,504.8819885253906,508.9536174651115,504.8819885253906,504.8819885253906,7600,0.0,0.0
2011-01-13 00:00:00+09:00,500.8102653808594,508.9535217285156,496.7386372070313,508.9535217285156,2800,0.0,0.0
2011-01-14 00:00:00+09:00,492.6671017062279,504.8819885253906,492.6671017062279,504.8819885253906,5000,0.0,0.0
2011-01-17 00:00:00+09:00,508.9536174651115,508.9536174651115,504.8819885253906,504.8819885253906,1000,0.0,0.0
2011-01-18 00:00:00+09:00,488.5953338875258,500.81021723471395,488.5953338875258,492.6669616699219,600,0.0,0.0
2011-01-19 00:00:00+09:00,496.73873064594886,504.8819885253906,496.73873064594886,504.8819885253906,600,0.0,0.0
2011-01-20 00:00:00+09:00,496.73858642578125,496.73858642578125,492.6669586681929,496.73858642578125,2600,0.0,0.0
2011-01-21 00:00:00+09:00,496.73865458170576,496.73865458170576,488.59539794921875,488.59539794921875,1200,0.0,0.0
2011-01-24 00:00:00+09:00,500.8102828979492,504.8819112141927,484.52376963297525,488.59539794921875,2200,0.0,0.0
2011-01-25 00:00:00+09:00,488.59539794921875,488.59539794921875,488.59539794921875,488.59539794921875,200,0.0,0.0
2011-01-26 00:00:00+09:00,488.59539794921875,488.59539794921875,488.59539794921875,488.59539794921875,600,0.0,0.0
2011-01-27 00:00:00+09:00,496.73861371792424,500.8102416992187,496.73861371792424,500.81024169921875,400,0.0,0.0
2011-01-28 00:00:00+09:00,492.6669857366298,504.8818696805132,484.5237297740409,500.81024169921875,1000,0.0,0.0
2011-01-31 00:00:00+09:00,488.59539794921875,488.59539794921875,488.59539794921875,488.59539794921875,1000,0.0,0.0
2011-02-01 00:00:00+09:00,484.52371526168565,484.52371526168565,480.45208740234375,480.45208740234375,1800,0.0,0.0
2011-02-02 00:00:00+09:00,488.5953150040064,488.5953150040064,472.30880450387286,476.38043212890625,3400,0.0,0.0
2011-02-03 00:00:00+09:00,480.4521413167318,492.66702626546225,476.3805130004883,488.59539794921875,1200,0.0,0.0
2011-02-04 00:00:00+09:00,480.4520843249409,484.5237121582031,480.4520843249409,484.5237121582031,1000,0.0,0.0
2011-02-07 00:00:00+09:00,492.6669616699219,492.6669616699219,492.6669616699219,492.6669616699219,800,0.0,0.0
2011-02-08 00:00:00+09:00,488.59539794921875,492.66702626546225,488.59539794921875,488.59539794921875,1000,0.0,0.0
2011-02-09 00:00:00+09:00,484.5237121582031,484.5237121582031,476.38045649167873,484.5237121582031,4400,0.0,0.0
2011-02-10 00:00:00+09:00,484.52376963297525,488.59539794921875,484.52376963297525,488.59539794921875,400,0.0,0.0
2011-02-14 00:00:00+09:00,488.59539794921875,488.59539794921875,484.52376963297525,488.59539794921875,1200,0.0,0.0
2011-02-15 00:00:00+09:00,496.7385894523179,500.81021723471395,492.6669616699219,492.6669616699219,6600,0.0,0.0
2011-02-16 00:00:00+09:00,492.6669616699219,492.6669616699219,492.6669616699219,492.6669616699219,600,0.0,0.0
2011-02-17 00:00:00+09:00,500.8102828979492,500.8102828979492,488.59539794921875,488.59539794921875,1800,0.0,0.0
2011-02-18 00:00:00+09:00,488.5953338875258,496.7385894523179,488.5953338875258,492.6669616699219,1600,0.0,0.0
2011-02-21 00:00:00+09:00,492.6669616699219,496.7385894523179,492.6669616699219,492.6669616699219,2400,0.0,0.0
2011-02-22 00:00:00+09:00,496.7385894523179,496.7385894523179,488.5953338875258,492.6669616699219,2600,0.0,0.0
2011-02-23 00:00:00+09:00,492.6669616699219,496.7385894523179,492.6669616699219,492.6669616699219,2000,0.0,0.0
2011-02-24 00:00:00+09:00,486.13068226871326,486.13068226871326,473.8752869174012,477.9604187011719,2000,2.0,0.0
2011-02-25 00:00:00+09:00,477.96043711695177,477.96043711695177,469.7901732346107,473.87530517578125,2000,0.0,0.0
2011-02-28 00:00:00+09:00,477.9604187011719,477.9604187011719,477.9604187011719,477.9604187011719,400,0.0,0.0
2011-03-01 00:00:00+09:00,490.21581405248395,490.21581405248395,477.9604187011719,477.9604187011719,2600,0.0,0.0
2011-03-02 00:00:00+09:00,486.13068226871326,486.13068226871326,477.9604187011719,477.9604187011719,1000,0.0,0.0
2011-03-03 00:00:00+09:00,482.045654296875,482.045654296875,482.045654296875,482.045654296875,400,0.0,0.0
2011-03-04 00:00:00+09:00,486.1307869604078,486.1307869604078,482.045654296875,482.045654296875,2200,0.0,0.0
2011-03-07 00:00:00+09:00,490.2159196239407,490.2159196239407,482.045654296875,482.045654296875,800,0.0,0.0
2011-03-08 00:00:00+09:00,482.04565058169163,482.04565058169163,469.79025268554693,469.7902526855469,2000,0.0,0.0
2011-03-09 00:00:00+09:00,469.7902563062765,490.2159196239407,469.7902563062765,482.045654296875,1800,0.0,0.0
2011-03-10 00:00:00+09:00,461.6200366103858,469.7903027450829,461.6200366103858,465.7051696777344,5400,0.0,0.0
2011-03-11 00:00:00+09:00,457.5348547894022,469.79025268554693,457.5348547894022,469.7902526855469,6200,0.0,0.0
2011-03-14 00:00:00+09:00,388.08760724748885,428.9389343261719,388.08760724748885,428.9389343261719,4000,0.0,0.0
2011-03-15 00:00:00+09:00,437.10917033319885,437.10917033319885,355.40652167278785,375.8321838378906,6000,0.0,0.0
2011-03-16 00:00:00+09:00,355.4065256219161,400.34298288445723,339.0659957082648,388.08758544921875,8000,0.0,0.0
2011-03-17 00:00:00+09:00,375.8322388953769,396.2579040527344,371.74710586390546,396.2579040527344,2000,0.0,0.0
2011-03-18 00:00:00+09:00,400.343002020144,433.0240634095435,400.343002020144,416.68353271484375,2600,0.0,0.0
2011-03-22 00:00:00+09:00,412.5984191894531,420.76868491597696,408.51328632619123,412.5984191894531,5400,0.0,0.0
2011-03-23 00:00:00+09:00,412.5984000411688,416.68353271484375,412.5984000411688,416.68353271484375,2800,0.0,0.0
2011-03-24 00:00:00+09:00,416.683552052715,416.683552052715,412.5984191894531,412.5984191894531,1600,0.0,0.0
2011-03-25 00:00:00+09:00,412.5984191894531,416.683552052715,412.5984191894531,412.5984191894531,2400,0.0,0.0
2011-03-28 00:00:00+09:00,412.5984000411688,416.68353271484375,412.5984000411688,416.68353271484375,1200,0.0,0.0
2011-03-29 00:00:00+09:00,416.68353271484375,416.68353271484375,412.5984000411688,416.68353271484375,1000,0.0,0.0
2011-03-30 00:00:00+09:00,412.5984000411688,416.68353271484375,412.5984000411688,416.68353271484375,1800,0.0,0.0
2011-03-31 00:00:00+09:00,420.7685852050781,420.7685852050781,420.7685852050781,420.7685852050781,1000,0.0,0.0
2011-04-01 00:00:00+09:00,420.7686653885187,420.7686653885187,416.68353271484375,416.68353271484375,1200,0.0,0.0
2011-04-04 00:00:00+09:00,424.8538513183594,428.93898450411285,420.76871813260595,424.8538513183594,1200,0.0,0.0
2011-04-05 00:00:00+09:00,416.683552052715,416.683552052715,412.5984191894531,412.5984191894531,2200,0.0,0.0
2011-04-06 00:00:00+09:00,412.5984191894531,412.5984191894531,412.5984191894531,412.5984191894531,200,0.0,0.0
2011-04-07 00:00:00+09:00,424.8538513183594,428.93898450411285,416.6835849468525,424.8538513183594,4000,0.0,0.0
2011-04-08 00:00:00+09:00,445.2794140509839,445.2794140509839,428.93888509498447,433.0240173339844,7800,0.0,0.0
2011-04-11 00:00:00+09:00,437.10918433513115,449.36458202677034,437.10918433513115,445.2794494628906,2600,0.0,0.0
2011-04-12 00:00:00+09:00,433.0241176898663,441.1943840613732,424.8538513183594,424.8538513183594,2000,0.0,0.0
2011-04-13 00:00:00+09:00,424.8537980621936,424.8537980621936,416.68353271484375,416.68353271484375,2400,0.0,0.0
2011-04-14 00:00:00+09:00,428.9389343261719,428.9389343261719,424.8538016183036,428.9389343261719,1000,0.0,0.0
2011-04-15 00:00:00+09:00,437.1092224121094,437.1092224121094,437.1092224121094,437.1092224121094,2200,0.0,0.0
2011-04-18 00:00:00+09:00,428.93898450411285,428.93898450411285,424.8538513183594,424.8538513183594,400,0.0,0.0
2011-04-19 00:00:00+09:00,424.85371710027306,424.85371710027306,420.7685852050781,420.7685852050781,800,0.0,0.0
2011-04-20 00:00:00+09:00,424.85371710027306,424.85371710027306,420.7685852050781,420.7685852050781,1200,0.0,0.0
2011-04-21 00:00:00+09:00,433.0240173339844,433.0240173339844,433.0240173339844,433.0240173339844,2000,0.0,0.0
2011-04-22 00:00:00+09:00,433.0240173339844,433.0240173339844,433.0240173339844,433.0240173339844,200,0.0,0.0
2011-04-25 00:00:00+09:00,433.0240173339844,433.0240173339844,433.0240173339844,433.0240173339844,800,0.0,0.0
2011-04-26 00:00:00+09:00,428.9389343261719,428.9389343261719,428.9389343261719,428.9389343261719,600,0.0,0.0
2011-04-27 00:00:00+09:00,424.8538513183594,424.8538513183594,424.8538513183594,424.8538513183594,1200,0.0,0.0
2011-04-28 00:00:00+09:00,420.7685852050781,420.7685852050781,420.7685852050781,420.7685852050781,800,0.0,0.0
2011-05-02 00:00:00+09:00,428.9389343261719,433.0240670340402,412.5984034946987,428.9389343261719,14000,0.0,0.0
2011-05-06 00:00:00+09:00,428.9389343261719,428.9389343261719,420.7686689104353,428.9389343261719,1400,0.0,0.0
2011-05-09 00:00:00+09:00,433.0241176898663,433.0241176898663,420.76871813260595,424.8538513183594,1200,0.0,0.0
2011-05-10 00:00:00+09:00,420.76871813260595,424.8538513183594,420.76871813260595,424.8538513183594,600,0.0,0.0
2011-05-11 00:00:00+09:00,420.7685852050781,420.7685852050781,420.7685852050781,420.7685852050781,800,0.0,0.0
2011-05-12 00:00:00+09:00,420.7685852050781,420.7685852050781,420.7685852050781,420.7685852050781,200,0.0,0.0
2011-05-13 00:00:00+09:00,416.6834533098832,420.7685852050781,416.6834533098832,420.7685852050781,2600,0.0,0.0
2011-05-16 00:00:00+09:00,420.76868491597696,420.76868491597696,379.91735628335783,412.5984191894531,5800,0.0,0.0
2011-05-17 00:00:00+09:00,404.42816162109375,404.42816162109375,404.42816162109375,404.42816162109375,400,0.0,0.0
2011-05-18 00:00:00+09:00,408.5132141113281,408.5132141113281,408.5132141113281,408.5132141113281,1000,0.0,0.0
2011-05-19 00:00:00+09:00,412.5984191894531,412.5984191894531,412.5984191894531,412.5984191894531,200,0.0,0.0
2011-05-20 00:00:00+09:00,408.5132141113281,408.5132141113281,404.42808197021486,408.5132141113281,1200,0.0,0.0
2011-05-23 00:00:00+09:00,404.42816162109375,404.42816162109375,404.42816162109375,404.42816162109375,1200,0.0,0.0
2011-05-24 00:00:00+09:00,404.42808197021486,408.5132141113281,404.42808197021486,408.5132141113281,800,0.0,0.0
2011-05-25 00:00:00+09:00,420.76861053466797,420.76861053466797,408.5132141113281,408.5132141113281,1400,0.0,0.0
2011-05-26 00:00:00+09:00,400.3430286754262,404.42816162109375,400.3430286754262,404.42816162109375,1400,0.0,0.0
2011-05-27 00:00:00+09:00,412.5984191894531,412.5984191894531,412.5984191894531,412.5984191894531,200,0.0,0.0
2011-05-30 00:00:00+09:00,408.51328632619123,412.5984191894531,408.51328632619123,412.5984191894531,400,0.0,0.0
2011-05-31 00:00:00+09:00,416.68353271484375,416.68353271484375,416.68353271484375,416.68353271484375,200,0.0,0.0
2011-06-01 00:00:00+09:00,412.59832141468826,420.7685852050781,412.59832141468826,420.7685852050781,600,0.0,0.0
2011-06-02 00:00:00+09:00,408.5132141113281,408.5132141113281,408.5132141113281,408.5132141113281,400,0.0,0.0
2011-06-03 00:00:00+09:00,404.42808197021486,408.5132141113281,404.42808197021486,408.5132141113281,1000,0.0,0.0
2011-06-06 00:00:00+09:00,408.5132945667614,408.5132945667614,404.42816162109375,404.42816162109375,0,0.0,0.0
2011-06-07 00:00:00+09:00,408.5132141113281,408.5132141113281,408.5132141113281,408.5132141113281,200,0.0,0.0
2011-06-08 00:00:00+09:00,408.5132141113281,408.5132141113281,408.5132141113281,408.5132141113281,200,0.0,0.0
2011-06-09 00:00:00+09:00,408.5132945667614,408.5132945667614,404.42816162109375,404.42816162109375,0,0.0,0.0
2011-06-10 00:00:00+09:00,408.5132141113281,408.5132141113281,408.5132141113281,408.5132141113281,4200,0.0,0.0
2011-06-13 00:00:00+09:00,404.42808197021486,408.5132141113281,404.42808197021486,408.5132141113281,2400,0.0,0.0
2011-06-14 00:00:00+09:00,400.34292572910346,420.7685852050781,400.34292572910346,420.7685852050781,1000,0.0,0.0
2011-06-15 00:00:00+09:00,441.1943840613732,441.1943840613732,416.6835849468525,424.8538513183594,5800,0.0,0.0
2011-06-16 00:00:00+09:00,412.5984000411688,416.68353271484375,412.5984000411688,416.68353271484375,600,0.0,0.0
2011-06-17 00:00:00+09:00,416.68353271484375,416.68353271484375,416.68353271484375,416.68353271484375,200,0.0,0.0
2011-06-20 00:00:00+09:00,416.6835604580966,416.6835604580966,404.42816162109375,404.42816162109375,1600,0.0,0.0
2011-06-21 00:00:00+09:00,408.5132141113281,408.5132141113281,408.5132141113281,408.5132141113281,800,0.0,0.0
2011-06-22 00:00:00+09:00,416.6834783935547,416.6834783935547,404.42808197021486,408.5132141113281,3000,0.0,0.0
2011-06-23 00:00:00+09:00,416.683552052715,416.683552052715,404.4281534629293,412.5984191894531,1200,0.0,0.0
2011-06-24 00:00:00+09:00,412.5984000411688,416.68353271484375,412.5984000411688,416.68353271484375,600,0.0,0.0
2011-06-27 00:00:00+09:00,424.8537980621936,424.8537980621936,412.5984000411688,416.68353271484375,1800,0.0,0.0
2011-06-28 00:00:00+09:00,420.76868491597696,420.76868491597696,412.5984191894531,412.5984191894531,0,0.0,0.0
2011-06-29 00:00:00+09:00,424.8537980621936,424.8537980621936,416.68353271484375,416.68353271484375,1400,0.0,0.0
2011-06-30 00:00:00+09:00,424.8538513183594,424.8538513183594,420.76871813260595,424.8538513183594,1200,0.0,0.0
2011-07-01 00:00:00+09:00,428.9389343261719,428.9389343261719,420.7686689104353,428.9389343261719,600,0.0,0.0
2011-07-04 00:00:00+09:00,428.938848995468,428.938848995468,416.6834533098832,420.7685852050781,2600,0.0,0.0
2011-07-05 00:00:00+09:00,424.85371710027306,424.85371710027306,420.7685852050781,420.7685852050781,1000,0.0,0.0
2011-07-06 00:00:00+09:00,428.93898450411285,428.93898450411285,420.76871813260595,424.8538513183594,800,0.0,0.0
2011-07-07 00:00:00+09:00,424.8538016183036,428.9389343261719,424.8538016183036,428.9389343261719,2600,0.0,0.0
2011-07-08 00:00:00+09:00,428.938848995468,428.938848995468,420.7685852050781,420.7685852050781,3000,0.0,0.0
2011-07-11 00:00:00+09:00,424.8538513183594,424.8538513183594,420.76871813260595,424.8538513183594,1200,0.0,0.0
2011-07-12 00:00:00+09:00,424.8538513183594,424.8538513183594,416.6835849468525,424.8538513183594,1800,0.0,0.0
2011-07-13 00:00:00+09:00,420.7686653885187,420.7686653885187,416.68353271484375,416.68353271484375,2800,0.0,0.0
2011-07-14 00:00:00+09:00,416.68353271484375,416.68353271484375,416.68353271484375,416.68353271484375,600,0.0,0.0
2011-07-15 00:00:00+09:00,416.683552052715,416.683552052715,412.5984191894531,412.5984191894531,3000,0.0,0.0
2011-07-19 00:00:00+09:00,412.5984191894531,416.683552052715,412.5984191894531,412.5984191894531,800,0.0,0.0
2011-07-20 00:00:00+09:00,424.85371710027306,424.85371710027306,416.6834533098832,420.7685852050781,1800,0.0,0.0
2011-07-21 00:00:00+09:00,412.5984000411688,416.68353271484375,408.5132673674939,416.68353271484375,8000,0.0,0.0
2011-07-22 00:00:00+09:00,416.68353271484375,416.68353271484375,416.68353271484375,416.68353271484375,1800,0.0,0.0
2011-07-25 00:00:00+09:00,420.7686653885187,420.7686653885187,416.68353271484375,416.68353271484375,1200,0.0,0.0
2011-07-26 00:00:00+09:00,416.683552052715,416.683552052715,412.5984191894531,412.5984191894531,2000,0.0,0.0
2011-07-27 00:00:00+09:00,408.5132141113281,408.5132141113281,408.5132141113281,408.5132141113281,8800,0.0,0.0
2011-07-28 00:00:00+09:00,408.51328632619123,412.5984191894531,408.51328632619123,412.5984191894531,1000,0.0,0.0
2011-07-29 00:00:00+09:00,404.4281534629293,412.5984191894531,404.4281534629293,412.5984191894531,1200,0.0,0.0
2011-08-01 00:00:00+09:00,396.2578176879883,408.5132141113281,396.2578176879883,408.5132141113281,5200,0.0,0.0
2011-08-02 00:00:00+09:00,416.6834783935547,416.6834783935547,408.5132141113281,408.5132141113281,0,0.0,0.0
2011-08-03 00:00:00+09:00,408.5132945667614,408.5132945667614,404.42816162109375,404.42816162109375,1000,0.0,0.0
2011-08-04 00:00:00+09:00,408.5132945667614,408.5132945667614,404.42816162109375,404.42816162109375,600,0.0,0.0
2011-08-05 00:00:00+09:00,404.42817011567735,404.42817011567735,396.2579040527344,396.2579040527344,2000,0.0,0.0
2011-08-08 00:00:00+09:00,396.2579040527344,404.42817011567735,392.17277102126286,396.2579040527344,2800,0.0,0.0
2011-08-09 00:00:00+09:00,392.172685546875,408.5132141113281,392.172685546875,408.5132141113281,1400,0.0,0.0
2011-08-10 00:00:00+09:00,404.42816162109375,404.42816162109375,404.42816162109375,404.42816162109375,1000,0.0,0.0
2011-08-11 00:00:00+09:00,396.25789572975856,404.42816162109375,396.25789572975856,404.42816162109375,1400,0.0,0.0
2011-08-12 00:00:00+09:00,404.42816162109375,404.42816162109375,404.42816162109375,404.42816162109375,1000,0.0,0.0
2011-08-15 00:00:00+09:00,416.68353271484375,416.68353271484375,408.5132673674939,416.68353271484375,4000,0.0,0.0
2011-08-16 00:00:00+09:00,420.7685852050781,420.7685852050781,416.6834533098832,420.7685852050781,1200,0.0,0.0
2011-08-17 00:00:00+09:00,420.7686653885187,420.7686653885187,412.5984000411688,416.68353271484375,1000,0.0,0.0
2011-08-18 00:00:00+09:00,420.7686653885187,420.7686653885187,408.5132673674939,416.68353271484375,1600,0.0,0.0
2011-08-19 00:00:00+09:00,416.68353271484375,416.68353271484375,416.68353271484375,416.68353271484375,3200,0.0,0.0
2011-08-22 00:00:00+09:00,412.59835317183513,412.59835317183513,400.34295654296875,400.34295654296875,2200,0.0,0.0
2011-08-23 00:00:00+09:00,404.42808197021486,408.5132141113281,404.42808197021486,408.5132141113281,800,0.0,0.0
2011-08-24 00:00:00+09:00,408.5132141113281,408.5132141113281,408.5132141113281,408.5132141113281,1000,0.0,0.0
2011-08-25 00:00:00+09:00,408.5132141113281,408.5132141113281,404.42808197021486,408.5132141113281,3400,0.0,0.0
2011-08-26 00:00:00+09:00,408.5132945667614,412.598427512429,404.42816162109375,404.42816162109375,2000,0.0,0.0
2011-08-29 00:00:00+09:00,393.763671875,410.17049153645837,393.763671875,406.06878662109375,3200,2.0,0.0
2011-08-30 00:00:00+09:00,414.2722473144531,414.2722473144531,414.2722473144531,414.2722473144531,600,0.0,0.0
2011-08-31 00:00:00+09:00,406.0687664794922,410.17047119140625,406.0687664794922,410.17047119140625,600,0.0,0.0
2011-09-01 00:00:00+09:00,410.17049153645837,410.17049153645837,406.06878662109375,406.06878662109375,600,0.0,0.0
2011-09-02 00:00:00+09:00,410.17047119140625,410.17047119140625,410.17047119140625,410.17047119140625,400,0.0,0.0
2011-09-05 00:00:00+09:00,401.9671325683594,401.9671325683594,401.9671325683594,401.9671325683594,200,0.0,0.0
2011-09-06 00:00:00+09:00,414.2722488714724,414.2722488714724,397.86542713398836,401.9671325683594,1000,0.0,0.0
2011-09-07 00:00:00+09:00,401.9671325683594,401.9671325683594,401.9671325683594,401.9671325683594,600,0.0,0.0
2011-09-08 00:00:00+09:00,406.0687664794922,410.17047119140625,406.0687664794922,410.17047119140625,600,0.0,0.0
2011-09-09 00:00:00+09:00,401.9671325683594,401.9671325683594,397.86542713398836,401.9671325683594,7400,0.0,0.0
2011-09-12 00:00:00+09:00,397.86533524362665,397.86533524362665,389.66192626953125,389.66192626953125,800,0.0,0.0
2011-09-13 00:00:00+09:00,393.763671875,393.763671875,393.763671875,393.763671875,1200,0.0,0.0
2011-09-14 00:00:00+09:00,401.9671536475112,401.9671536475112,393.76374234858247,397.8654479980469,1400,0.0,0.0
2011-09-15 00:00:00+09:00,397.8654479980469,397.8654479980469,389.66203669911806,397.8654479980469,3400,0.0,0.0
2011-09-16 00:00:00+09:00,401.9670617675781,410.17047119140625,401.9670617675781,410.17047119140625,1800,0.0,0.0
2011-09-20 00:00:00+09:00,410.1705434371014,410.1705434371014,401.9671325683594,401.9671325683594,400,0.0,0.0
2011-09-21 00:00:00+09:00,397.8654479980469,397.8654479980469,397.8654479980469,397.8654479980469,200,0.0,0.0
2011-09-22 00:00:00+09:00,401.9671325683594,401.9671325683594,401.9671325683594,401.9671325683594,400,0.0,0.0
2011-09-26 00:00:00+09:00,401.9671325683594,401.9671325683594,401.9671325683594,401.9671325683594,400,0.0,0.0
2011-09-27 00:00:00+09:00,401.9671325683594,401.9671325683594,401.9671325683594,401.9671325683594,400,0.0,0.0
2011-09-28 00:00:00+09:00,406.0687664794922,410.17047119140625,406.0687664794922,410.17047119140625,800,0.0,0.0
2011-09-29 00:00:00+09:00,410.17047119140625,410.17047119140625,397.86535705566405,410.17047119140625,1800,0.0,0.0
2011-09-30 00:00:00+09:00,410.17047119140625,410.17047119140625,401.9670617675781,410.17047119140625,3600,0.0,0.0
2011-10-03 00:00:00+09:00,410.17047119140625,410.17047119140625,410.17047119140625,410.17047119140625,200,0.0,0.0
2011-10-04 00:00:00+09:00,410.17047119140625,410.17047119140625,410.17047119140625,410.17047119140625,800,0.0,0.0
2011-10-05 00:00:00+09:00,410.1705434371014,414.2722488714724,401.9671325683594,401.9671325683594,2800,0.0,0.0
2011-10-06 00:00:00+09:00,397.86542713398836,401.9671325683594,397.86542713398836,401.9671325683594,600,0.0,0.0
2011-10-07 00:00:00+09:00,401.9671325683594,406.0688380027304,401.9671325683594,401.9671325683594,1000,0.0,0.0
2011-10-11 00:00:00+09:00,406.06878662109375,406.06878662109375,406.06878662109375,406.06878662109375,200,0.0,0.0
2011-10-12 00:00:00+09:00,401.9671310575882,414.2722473144531,401.9671310575882,414.2722473144531,2400,0.0,0.0
2011-10-13 00:00:00+09:00,414.2722568885953,422.4756679160922,414.2722568885953,418.37396240234375,2400,0.0,0.0
2011-10-14 00:00:00+09:00,410.1705418954981,414.2722473144531,410.1705418954981,414.2722473144531,1600,0.0,0.0
2011-10-17 00:00:00+09:00,422.4756062825521,422.4756062825521,406.06878662109375,406.06878662109375,3800,0.0,0.0
2011-10-18 00:00:00+09:00,410.17047119140625,410.17047119140625,410.17047119140625,410.17047119140625,800,0.0,0.0
2011-10-19 00:00:00+09:00,414.2722473144531,414.2722473144531,414.2722473144531,414.2722473144531,200,0.0,0.0
2011-10-20 00:00:00+09:00,406.06878662109375,406.06878662109375,406.06878662109375,406.06878662109375,2000,0.0,0.0
2011-10-21 00:00:00+09:00,401.9671325683594,401.9671325683594,401.9671325683594,401.9671325683594,1200,0.0,0.0
2011-10-24 00:00:00+09:00,401.9670817057292,406.06878662109375,401.9670817057292,406.06878662109375,2400,0.0,0.0
2011-10-25 00:00:00+09:00,406.0688380027304,406.0688380027304,401.9671325683594,401.9671325683594,1200,0.0,0.0
2011-10-26 00:00:00+09:00,397.8654479980469,397.8654479980469,393.76374234858247,397.8654479980469,1000,0.0,0.0
2011-10-27 00:00:00+09:00,397.86542713398836,401.9671325683594,397.86542713398836,401.9671325683594,3800,0.0,0.0
2011-10-28 00:00:00+09:00,401.9670817057292,410.17049153645837,401.9670817057292,406.06878662109375,4600,0.0,0.0
2011-10-31 00:00:00+09:00,401.9671325683594,401.9671325683594,401.9671325683594,401.9671325683594,200,0.0,0.0
2011-11-01 00:00:00+09:00,406.0687664794922,410.17047119140625,406.0687664794922,410.17047119140625,1600,0.0,0.0
2011-11-02 00:00:00+09:00,401.9671325683594,401.9671325683594,401.9671325683594,401.9671325683594,1000,0.0,0.0
2011-11-04 00:00:00+09:00,401.9671325683594,401.9671325683594,401.9671325683594,401.9671325683594,600,0.0,0.0
2011-11-07 00:00:00+09:00,401.9671325683594,401.9671325683594,401.9671325683594,401.9671325683594,0,0.0,0.0
2011-11-08 00:00:00+09:00,406.06885929697563,406.06885929697563,397.8654479980469,397.8654479980469,1400,0.0,0.0
2011-11-09 00:00:00+09:00,401.9671325683594,401.9671325683594,397.86542713398836,401.9671325683594,1800,0.0,0.0
2011-11-10 00:00:00+09:00,397.8654479980469,397.8654479980469,397.8654479980469,397.8654479980469,800,0.0,0.0
2011-11-11 00:00:00+09:00,397.8654479980469,397.8654479980469,397.8654479980469,397.8654479980469,0,0.0,0.0
2011-11-14 00:00:00+09:00,401.9670817057292,406.06878662109375,401.9670817057292,406.06878662109375,1200,0.0,0.0
2011-11-15 00:00:00+09:00,406.06878662109375,406.06878662109375,406.06878662109375,406.06878662109375,1400,0.0,0.0
2011-11-16 00:00:00+09:00,406.06878662109375,406.06878662109375,406.06878662109375,406.06878662109375,0,0.0,0.0
2011-11-17 00:00:00+09:00,397.8654479980469,397.8654479980469,397.8654479980469,397.8654479980469,400,0.0,0.0
2011-11-18 00:00:00+09:00,397.8654479980469,397.8654479980469,397.8654479980469,397.8654479980469,2200,0.0,0.0
2011-11-21 00:00:00+09:00,393.76374234858247,397.8654479980469,393.76374234858247,397.8654479980469,600,0.0,0.0
2011-11-22 00:00:00+09:00,397.86542713398836,401.9671325683594,397.86542713398836,401.9671325683594,400,0.0,0.0
2011-11-24 00:00:00+09:00,401.9671325683594,401.9671325683594,401.9671325683594,401.9671325683594,600,0.0,0.0
2011-11-25 00:00:00+09:00,406.06885929697563,406.06885929697563,397.8654479980469,397.8654479980469,1600,0.0,0.0
2011-11-28 00:00:00+09:00,401.9671536475112,401.9671536475112,397.8654479980469,397.8654479980469,400,0.0,0.0
2011-11-29 00:00:00+09:00,397.8654479980469,397.8654479980469,397.8654479980469,397.8654479980469,600,0.0,0.0
2011-11-30 00:00:00+09:00,397.86542713398836,401.9671325683594,397.86542713398836,401.9671325683594,800,0.0,0.0
2011-12-01 00:00:00+09:00,401.9670617675781,410.17047119140625,401.9670617675781,410.17047119140625,2000,0.0,0.0
2011-12-02 00:00:00+09:00,410.17047119140625,410.17047119140625,410.17047119140625,410.17047119140625,200,0.0,0.0
2011-12-05 00:00:00+09:00,410.1705513748468,418.37396240234375,410.1705513748468,418.37396240234375,11200,0.0,0.0
2011-12-06 00:00:00+09:00,418.3739527334081,418.3739527334081,414.2722473144531,414.2722473144531,1600,0.0,0.0
2011-12-07 00:00:00+09:00,418.37396240234375,422.4756679160922,418.37396240234375,418.37396240234375,8600,0.0,0.0
2011-12-08 00:00:00+09:00,414.2722568885953,418.37396240234375,414.2722568885953,418.37396240234375,1400,0.0,0.0
2011-12-09 00:00:00+09:00,414.2721701075888,488.1028538891393,414.2721701075888,479.8994445800781,397800,0.0,0.0
2011-12-12 00:00:00+09:00,500.4081048480535,500.4081048480535,471.69616440595206,484.00128173828125,148600,0.0,0.0
2011-12-13 00:00:00+09:00,471.69605491435635,471.69605491435635,459.39094043832966,463.4926452636719,42800,0.0,0.0
2011-12-14 00:00:00+09:00,471.69605491435635,471.69605491435635,463.4926452636719,463.4926452636719,17600,0.0,0.0
2011-12-15 00:00:00+09:00,463.4926452636719,484.001169390383,459.39094043832966,463.4926452636719,20000,0.0,0.0
2011-12-16 00:00:00+09:00,467.5943500890141,467.5943500890141,459.39094043832966,463.4926452636719,15400,0.0,0.0
2011-12-19 00:00:00+09:00,463.4926452636719,471.69605491435635,459.39094043832966,463.4926452636719,16800,0.0,0.0
2011-12-20 00:00:00+09:00,471.69604380196387,471.69604380196387,442.9841107009748,447.0858154296875,29800,0.0,0.0
2011-12-21 00:00:00+09:00,442.9841107009748,451.1875201584002,442.9841107009748,447.0858154296875,10600,0.0,0.0
2011-12-22 00:00:00+09:00,442.9841107009748,451.1875201584002,442.9841107009748,447.0858154296875,5600,0.0,0.0
2011-12-26 00:00:00+09:00,451.1875201584002,451.1875201584002,447.0858154296875,447.0858154296875,5000,0.0,0.0
2011-12-27 00:00:00+09:00,447.0858357747396,455.28924560546875,447.0858357747396,455.28924560546875,2800,0.0,0.0
2011-12-28 00:00:00+09:00,455.28924560546875,455.28924560546875,455.28924560546875,455.28924560546875,1200,0.0,0.0
2011-12-29 00:00:00+09:00,455.2892753199527,512.7131478828296,438.88245458770217,467.5943908691406,57800,0.0,0.0
2011-12-30 00:00:00+09:00,479.89957346009817,500.40810224044424,475.79786770402893,496.306396484375,25400,0.0,0.0
2012-01-04 00:00:00+09:00,496.3062631982005,496.3062631982005,475.79773992554755,479.8994445800781,18200,0.0,0.0
2012-01-05 00:00:00+09:00,479.8994854470958,484.00119045091714,471.6960754394531,471.6960754394531,12400,0.0,0.0
2012-01-06 00:00:00+09:00,471.6960259445575,488.10284423828125,471.6960259445575,488.10284423828125,9000,0.0,0.0
2012-01-10 00:00:00+09:00,467.5943306164864,488.1028538891393,467.5943306164864,479.8994445800781,13800,0.0,0.0
2012-01-11 00:00:00+09:00,488.1029371064285,492.20464246026404,475.7978210449219,475.7978210449219,14000,0.0,0.0
2012-01-12 00:00:00+09:00,479.89941558837893,492.20452880859375,479.89941558837893,492.20452880859375,11400,0.0,0.0
2012-01-13 00:00:00+09:00,488.10297804612384,643.9677945650541,488.10297804612384,533.2217407226562,515400,0.0,0.0
2012-01-16 00:00:00+09:00,533.2216389973959,533.2216389973959,525.0182291666667,529.1199340820312,39800,0.0,0.0
2012-01-17 00:00:00+09:00,549.6285635141226,602.9507375863882,533.2217407226562,533.2217407226562,118200,0.0,0.0
2012-01-18 00:00:00+09:00,537.3234896659851,537.3234896659851,525.0183715820312,525.0183715820312,16600,0.0,0.0
2012-01-19 00:00:00+09:00,525.0182291666667,623.4591471354167,520.9165242513021,602.9506225585938,210800,0.0,0.0
2012-01-20 00:00:00+09:00,619.3575757897418,664.4763395889945,598.8490467900815,660.3746337890625,117400,0.0,0.0
2012-01-23 00:00:00+09:00,680.8830581665039,689.0864685058594,623.4591857910157,656.2728271484375,213000,0.0,0.0
2012-01-24 00:00:00+09:00,652.1712059607872,652.1712059607872,635.7643831693209,639.8660888671875,36800,0.0,0.0
2012-01-25 00:00:00+09:00,639.865885935012,672.6795211111664,627.560772743954,643.9675903320312,83000,0.0,0.0
2012-01-26 00:00:00+09:00,639.8661047894021,693.188280188519,639.8661047894021,660.3746337890625,88800,0.0,0.0
2012-01-27 00:00:00+09:00,660.3746337890625,668.5780453889266,656.2729279891304,660.3746337890625,26000,0.0,0.0
2012-01-30 00:00:00+09:00,664.4760993508731,705.4931425206801,648.0692820829503,697.2897338867188,69400,0.0,0.0
2012-01-31 00:00:00+09:00,693.188193211411,721.9001302083333,676.7813720703125,676.7813720703125,68400,0.0,0.0
2012-02-01 00:00:00+09:00,668.5778000994426,680.8829129847085,664.476095804354,672.6795043945312,15000,0.0,0.0
2012-02-02 00:00:00+09:00,672.6795194551541,680.8829282289976,611.1539536513291,631.6624755859375,71800,0.0,0.0
2012-02-03 00:00:00+09:00,631.6625165385585,635.7642211914062,611.1539932743195,635.7642211914062,21200,0.0,0.0
2012-02-06 00:00:00+09:00,639.8660888671875,643.9677945650541,639.8660888671875,639.8660888671875,6800,0.0,0.0
2012-02-07 00:00:00+09:00,635.7643237145119,648.0694396573734,623.4592077716503,627.5609130859375,13400,0.0,0.0
2012-02-08 00:00:00+09:00,627.5608118857107,643.9676304971018,627.5608118857107,635.7642211914062,7800,0.0,0.0
2012-02-09 00:00:00+09:00,643.9678105893342,660.3746337890625,643.9678105893342,660.3746337890625,15400,0.0,0.0
2012-02-10 00:00:00+09:00,652.1709991260699,652.1709991260699,643.9675903320312,643.9675903320312,10600,0.0,0.0
2012-02-13 00:00:00+09:00,643.9677945650541,648.0695002629207,635.7643831693209,639.8660888671875,9800,0.0,0.0
2012-02-14 00:00:00+09:00,639.865885935012,648.0692947290505,639.865885935012,643.9675903320312,7800,0.0,0.0
2012-02-15 00:00:00+09:00,635.7642211914062,639.8659258442541,631.6625165385585,635.7642211914062,12200,0.0,0.0
2012-02-16 00:00:00+09:00,631.6624755859375,639.8658843597808,631.6624755859375,631.6624755859375,8200,0.0,0.0
2012-02-17 00:00:00+09:00,635.7643237145119,648.0694396573734,627.5609130859375,627.5609130859375,22200,0.0,0.0
2012-02-20 00:00:00+09:00,623.4591471354167,635.7642618815105,578.3403930664062,590.6455078125,50200,0.0,0.0
2012-02-21 00:00:00+09:00,590.6455078125,602.9506225585938,590.6455078125,590.6455078125,61000,0.0,0.0
2012-02-22 00:00:00+09:00,586.5438028971355,598.8489176432292,586.5438028971355,590.6455078125,18200,0.0,0.0
2012-02-23 00:00:00+09:00,598.848840490564,635.7641799728591,594.7471361036424,631.6624755859375,39600,0.0,0.0
2012-02-24 00:00:00+09:00,631.6625157406456,635.7642203883121,623.4591064453125,623.4591064453125,20800,0.0,0.0
2012-02-27 00:00:00+09:00,620.9916381835938,625.1041655887831,608.6540559680257,620.9916381835938,19000,2.0,0.0
2012-02-28 00:00:00+09:00,608.6540004185267,633.3291625976562,596.3164193289621,633.3291625976562,27800,0.0,0.0
2012-02-29 00:00:00+09:00,653.8920479497966,703.2423911912906,653.8920479497966,695.017333984375,492400,0.0,0.0
2012-03-01 00:00:00+09:00,699.1295107538829,699.1295107538829,678.566878084651,686.7919311523438,183000,0.0,0.0
2012-03-02 00:00:00+09:00,690.9046444163603,727.9173932243797,686.7921167710249,699.1296997070312,264400,0.0,0.0
2012-03-05 00:00:00+09:00,719.6921434231147,723.804669956961,682.6794046184973,686.7919311523438,126200,0.0,0.0
2012-03-06 00:00:00+09:00,690.9048053809171,695.017333984375,674.4546909670858,695.017333984375,59600,0.0,0.0
2012-03-07 00:00:00+09:00,682.6795654296875,690.9046204348645,678.567037927099,682.6795654296875,29200,0.0,0.0
2012-03-08 00:00:00+09:00,682.6796075730097,695.0171908424014,682.6796075730097,690.9046630859375,25200,0.0,0.0
2012-03-09 00:00:00+09:00,699.1296115451389,748.4799370659723,690.9045572916667,740.2548828125,490000,0.0,0.0
2012-03-12 00:00:00+09:00,740.2549837421438,760.8176221794256,727.9174006797748,736.1424560546875,180200,0.0,0.0
2012-03-13 00:00:00+09:00,740.2550006734914,740.2550006734914,715.579833984375,715.579833984375,48800,0.0,0.0
2012-03-14 00:00:00+09:00,715.579782310439,727.9173647640672,658.0043975268404,670.3419799804688,126000,0.0,0.0
2012-03-15 00:00:00+09:00,670.3419799804688,674.4545074650115,653.8918700422977,670.3419799804688,63400,0.0,0.0
2012-03-16 00:00:00+09:00,658.0044299930167,752.5925668045129,658.0044299930167,736.1424560546875,194800,0.0,0.0
2012-03-19 00:00:00+09:00,719.6923617658945,732.0299451104526,715.579833984375,715.579833984375,34000,0.0,0.0
2012-03-21 00:00:00+09:00,711.4672024749046,727.9173112026481,707.3546752929688,707.3546752929688,41600,0.0,0.0
2012-03-22 00:00:00+09:00,707.3547784213363,719.6923617658945,707.3547784213363,715.579833984375,20200,0.0,0.0
2012-03-23 00:00:00+09:00,727.9173362613342,806.0553554080311,727.9173362613342,793.7177734375,870600,0.0,0.0
2012-03-26 00:00:00+09:00,834.8431841954235,875.9684642050503,814.2805441906102,867.743408203125,1405800,0.0,0.0
2012-03-27 00:00:00+09:00,851.293155343192,875.968319266183,834.8430460611979,863.6307373046875,807800,0.0,0.0
2012-03-28 00:00:00+09:00,855.4058295964126,929.4313340807174,847.1807735426008,917.09375,1022600,0.0,0.0
2012-03-29 00:00:00+09:00,904.7561225541141,929.4312895328626,892.4185390647398,896.5310668945312,466800,0.0,0.0
2012-03-30 00:00:00+09:00,904.7561205486918,917.0937040107194,863.6308423419331,884.1934814453125,334600,0.0,0.0
2012-04-02 00:00:00+09:00,880.0808126606466,949.9937744140625,871.8557583367153,949.9937744140625,625400,0.0,0.0
2012-04-03 00:00:00+09:00,941.768838715135,974.669060154965,921.2062003152412,937.6563110351562,455200,0.0,0.0
2012-04-04 00:00:00+09:00,925.3187326284555,929.4312603290264,855.40576171875,855.40576171875,286600,0.0,0.0
2012-04-05 00:00:00+09:00,851.2932790120442,896.5310861093026,847.1807510941117,888.3060302734375,174600,0.0,0.0
2012-04-06 00:00:00+09:00,880.0807916212451,1081.5946177401283,863.6306833666424,1061.031982421875,2459400,0.0,0.0
2012-04-09 00:00:00+09:00,1077.4822621739895,1167.957871974859,1061.0321513011042,1093.932373046875,5218600,0.0,0.0
2012-04-10 00:00:00+09:00,1089.8198870758513,1155.620333087978,1073.3697755728194,1102.157470703125,1174800,0.0,0.0
2012-04-11 00:00:00+09:00,1126.8327816087374,1192.6332360092474,999.3444012077488,1007.5694580078125,2123000,0.0,0.0
2012-04-12 00:00:00+09:00,1015.7942090055127,1019.9067361674784,921.206084280303,949.9937744140625,734200,0.0,0.0
2012-04-13 00:00:00+09:00,949.9937783265725,991.1190501156016,941.7687239687666,962.3313598632812,298600,0.0,0.0
2012-04-16 00:00:00+09:00,962.3313923974395,966.4439197153772,933.543701171875,933.543701171875,115800,0.0,0.0
2012-04-17 00:00:00+09:00,921.2061739960408,945.8813393709347,888.3059534961822,908.8685913085938,183200,0.0,0.0
2012-04-18 00:00:00+09:00,912.9810712429587,982.89403615796,908.8685438950175,958.2188720703125,353000,0.0,0.0
2012-04-19 00:00:00+09:00,937.6563901345291,949.9939742152466,917.09375,917.09375,133000,0.0,0.0
2012-04-20 00:00:00+09:00,908.8686503839054,908.8686503839054,888.3060112349483,896.5310668945312,85400,0.0,0.0
2012-04-23 00:00:00+09:00,896.5310387244591,900.64356642503,847.1807063176082,855.40576171875,118000,0.0,0.0
2012-04-24 00:00:00+09:00,880.0808283967792,933.5436824582658,863.6307194547834,871.8557739257812,169400,0.0,0.0
2012-04-25 00:00:00+09:00,884.1934773568331,888.3060051584928,859.518310546875,859.518310546875,45000,0.0,0.0
2012-04-26 00:00:00+09:00,855.40576171875,875.9684002216045,855.40576171875,855.40576171875,62000,0.0,0.0
2012-04-27 00:00:00+09:00,863.6308171198917,867.7433448204627,851.2932340181791,855.40576171875,47400,0.0,0.0
2012-05-01 00:00:00+09:00,921.2062318313954,954.1064543968023,880.0809536246365,884.1934814453125,177000,0.0,0.0
2012-05-02 00:00:00+09:00,904.7560716711956,904.7560716711956,847.1806852921196,851.293212890625,78400,0.0,0.0
2012-05-07 00:00:00+09:00,838.955641143176,847.1806964485013,806.055419921875,806.055419921875,72000,0.0,0.0
2012-05-08 00:00:00+09:00,834.8431994628907,838.9557275390625,810.1680310058595,822.505615234375,33800,0.0,0.0
2012-05-09 00:00:00+09:00,830.7304823822177,830.7304823822177,793.7177381176634,810.1678466796875,43600,0.0,0.0
2012-05-10 00:00:00+09:00,797.8302652581694,814.2803738201936,789.6052109771574,810.1678466796875,29800,0.0,0.0
2012-05-11 00:00:00+09:00,806.0553069419049,814.2803610943733,773.1550903320312,773.1550903320312,45200,0.0,0.0
2012-05-14 00:00:00+09:00,781.3802606167075,781.3802606167075,736.1424560546875,736.1424560546875,67800,0.0,0.0
2012-05-15 00:00:00+09:00,727.9173982793634,736.1424536271528,703.2422322359952,723.8048706054688,43600,0.0,0.0
2012-05-16 00:00:00+09:00,727.9173768833706,740.2549595424108,711.467266671317,719.6923217773438,12200,0.0,0.0
2012-05-17 00:00:00+09:00,719.6923498205236,760.817626953125,711.4672943940034,760.817626953125,10400,0.0,0.0
2012-05-18 00:00:00+09:00,727.9173583984375,748.4799956413311,723.8048309498587,727.9173583984375,20200,0.0,0.0
2012-05-21 00:00:00+09:00,707.3549187478054,740.2551475267732,707.3549187478054,732.0300903320312,6600,0.0,0.0
2012-05-22 00:00:00+09:00,719.6922091489339,752.5924244243137,719.6922091489339,744.3673706054688,27600,0.0,0.0
2012-05-23 00:00:00+09:00,748.4801443171373,781.3803704409676,740.2550877861797,769.0427856445312,43600,0.0,0.0
2012-05-24 00:00:00+09:00,769.0428064156577,818.3931469343095,764.9302780391033,785.492919921875,123400,0.0,0.0
2012-05-25 00:00:00+09:00,801.9429302215576,810.1679859161377,781.3802909851074,789.6053466796875,27400,0.0,0.0
2012-05-28 00:00:00+09:00,789.6052083333334,789.6052083333334,732.0298285590278,740.2548828125,21000,0.0,0.0
2012-05-29 00:00:00+09:00,748.479927874626,781.3801444844996,740.2548737221575,773.1550903320312,22400,0.0,2.0
2012-05-30 00:00:00+09:00,764.93017578125,773.1552314348119,748.4800644741264,764.93017578125,12900,0.0,0.0
2012-05-31 00:00:00+09:00,748.4800415039062,756.705096905048,723.8048753004807,748.4800415039062,24800,0.0,0.0
2012-06-01 00:00:00+09:00,732.0299406505766,740.2549961635044,666.229496547154,690.9046630859375,25500,0.0,0.0
2012-06-04 00:00:00+09:00,666.2295338700458,682.6796458174542,649.7794219226372,674.45458984375,13100,0.0,0.0
2012-06-05 00:00:00+09:00,649.7794219226372,674.45458984375,649.7794219226372,674.45458984375,13900,0.0,0.0
2012-06-06 00:00:00+09:00,641.5541219590585,666.2292804959454,641.5541219590585,649.7791748046875,30500,0.0,0.0
2012-06-07 00:00:00+09:00,674.4546712239583,674.4546712239583,658.0045572916666,666.2296142578125,12500,0.0,0.0
2012-06-08 00:00:00+09:00,674.45458984375,674.45458984375,658.0044778963414,674.45458984375,8300,0.0,0.0
2012-06-11 00:00:00+09:00,699.1296754400414,699.1296754400414,674.4545104245105,682.6795654296875,8500,0.0,0.0
2012-06-12 00:00:00+09:00,682.6796458174542,682.6796458174542,674.45458984375,674.45458984375,3600,0.0,0.0
2012-06-13 00:00:00+09:00,682.6796458174542,690.9047017911586,674.45458984375,674.45458984375,5000,0.0,0.0
2012-06-14 00:00:00+09:00,682.6796226501465,682.6796226501465,649.7793998718262,658.0044555664062,16200,0.0,0.0
2012-06-15 00:00:00+09:00,658.0044555664062,666.2295112609863,658.0044555664062,658.0044555664062,7900,0.0,0.0
2012-06-18 00:00:00+09:00,666.2295112609863,666.2295112609863,649.7793998718262,658.0044555664062,10900,0.0,0.0
2012-06-19 00:00:00+09:00,666.2296327740959,781.3804335004828,666.2296327740959,732.0300903320312,563400,0.0,0.0
2012-06-20 00:00:00+09:00,732.0298195696892,773.1550903320312,715.5797112647523,773.1550903320312,144700,0.0,0.0
2012-06-21 00:00:00+09:00,838.9557920183455,945.881530216762,822.5056784493582,921.2063598632812,858100,0.0,0.0
2012-06-22 00:00:00+09:00,896.5310894390484,921.2062570382882,863.6308659733952,912.981201171875,649100,0.0,0.0
2012-06-25 00:00:00+09:00,904.755991809773,912.981046280771,863.6307194547834,871.8557739257812,179300,0.0,0.0
2012-06-26 00:00:00+09:00,863.6309623718262,929.4314166477749,847.180848802839,921.2063598632812,376400,0.0,0.0
2012-06-27 00:00:00+09:00,954.106588072696,1011.681985628807,929.4314176915055,970.5567016601562,567000,0.0,0.0
2012-06-28 00:00:00+09:00,954.1064805039414,970.556592236768,912.981201171875,912.981201171875,251700,0.0,0.0
2012-06-29 00:00:00+09:00,921.2062570382882,929.4313129047015,904.7561453054617,912.981201171875,86800,0.0,0.0
2012-07-02 00:00:00+09:00,904.7561645507812,912.981220592152,871.8559403852983,904.7561645507812,107800,0.0,0.0
2012-07-03 00:00:00+09:00,904.7562462942941,962.3316437857492,896.5311895098006,921.2063598632812,214900,0.0,0.0
2012-07-04 00:00:00+09:00,880.0809560546876,1077.4822919921876,822.5055664062501,1028.1319580078125,1341400,0.0,0.0
2012-07-05 00:00:00+09:00,1019.9069023437501,1069.2572363281251,987.0066796875001,1028.1319580078125,738700,0.0,0.0
2012-07-06 00:00:00+09:00,1028.1319205216535,1093.9323634350394,1019.9068651574803,1044.58203125,804600,0.0,0.0
2012-07-09 00:00:00+09:00,1044.582080442514,1102.157470703125,1019.9069131879664,1102.157470703125,741300,0.0,0.0
2012-07-10 00:00:00+09:00,1102.1576103598384,1126.832780741029,962.3316448664261,970.5567016601562,920300,0.0,0.0
2012-07-11 00:00:00+09:00,954.1063499450684,1069.257116317749,921.2061309814453,1052.8070068359375,823200,0.0,0.0
2012-07-12 00:00:00+09:00,1019.9071253334604,1052.8073551829268,987.006895483994,1011.6820678710938,475800,0.0,0.0
2012-07-13 00:00:00+09:00,995.2316467285157,1036.3569213867188,978.7815368652344,987.006591796875,190100,0.0,0.0
2012-07-17 00:00:00+09:00,995.2318720413467,1011.681985628807,962.3316448664261,970.5567016601562,144500,0.0,0.0
2012-07-18 00:00:00+09:00,970.5565425124124,970.5565425124124,863.6308217271466,880.0809326171875,243300,0.0,0.0
2012-07-19 00:00:00+09:00,888.3060112349483,921.2062338732798,871.8558999157826,896.5310668945312,267500,0.0,0.0
2012-07-20 00:00:00+09:00,888.3060302734375,888.3060302734375,863.6308627658419,888.3060302734375,73700,0.0,0.0
2012-07-23 00:00:00+09:00,871.8559521484375,880.0810083007813,814.2805590820313,822.505615234375,137300,0.0,0.0
2012-07-24 00:00:00+09:00,797.8302527894365,814.2803610943733,764.9300361795628,773.1550903320312,194000,0.0,0.0
2012-07-25 00:00:00+09:00,789.6053093112245,822.5055305325255,773.155198700574,806.055419921875,226400,0.0,0.0
2012-07-26 00:00:00+09:00,814.2805565902868,822.5056127174614,797.8304443359375,797.8304443359375,51100,0.0,0.0
2012-07-27 00:00:00+09:00,822.5055116595644,822.5055116595644,806.0554014263731,814.2804565429688,48200,0.0,0.0
2012-07-30 00:00:00+09:00,830.7305667761601,830.7305667761601,806.0554014263731,814.2804565429688,33700,0.0,0.0
2012-07-31 00:00:00+09:00,797.8304023742676,797.8304023742676,781.3802909851074,789.6053466796875,45500,0.0,0.0
2012-08-01 00:00:00+09:00,797.8302527894365,797.8302527894365,756.7049820270944,773.1550903320312,57900,0.0,0.0
2012-08-02 00:00:00+09:00,756.705078125,756.705078125,732.0299125339674,756.705078125,48600,0.0,0.0
2012-08-03 00:00:00+09:00,715.5797296568405,723.8047840207122,707.3546752929688,707.3546752929688,54000,0.0,0.0
2012-08-06 00:00:00+09:00,723.8050331372893,764.9303191109989,723.8050331372893,732.0300903320312,55700,0.0,0.0
2012-08-07 00:00:00+09:00,723.8050331372893,732.0300903320312,715.5799759425473,732.0300903320312,26700,0.0,0.0
2012-08-08 00:00:00+09:00,748.4800644741264,764.93017578125,723.8048975134409,764.93017578125,43900,0.0,0.0
2012-08-09 00:00:00+09:00,748.4800415039062,756.705096905048,740.2549861027644,748.4800415039062,18100,0.0,0.0
2012-08-10 00:00:00+09:00,756.7051201276881,764.93017578125,748.4800644741264,764.93017578125,16400,0.0,0.0
2012-08-13 00:00:00+09:00,764.9300787674754,781.3801879882812,756.7050241570724,781.3801879882812,50500,0.0,0.0
2012-08-14 00:00:00+09:00,781.3803044071904,904.7561419451678,781.3803044071904,888.3060302734375,414700,0.0,0.0
2012-08-15 00:00:00+09:00,871.8558999157826,912.9811782136969,871.8558999157826,896.5310668945312,196900,0.0,0.0
2012-08-16 00:00:00+09:00,896.5310435072283,904.7560989522489,855.4057662821261,880.0809326171875,118300,0.0,0.0
2012-08-17 00:00:00+09:00,871.8558771721671,888.3059880622079,855.4057662821261,880.0809326171875,45700,0.0,0.0
2012-08-20 00:00:00+09:00,904.7561225541141,912.9811782136969,880.0809555753655,896.5310668945312,89000,0.0,0.0
2012-08-21 00:00:00+09:00,896.5310342353687,954.1064217550712,880.0809235154536,937.6563110351562,316800,0.0,0.0
2012-08-22 00:00:00+09:00,880.0809673234528,888.3060230928309,838.9556884765625,838.9556884765625,93000,0.0,0.0
2012-08-23 00:00:00+09:00,847.1807108371057,888.3059880622079,847.1807108371057,880.0809326171875,44200,0.0,0.0
2012-08-24 00:00:00+09:00,871.8558290351942,871.8558290351942,847.1806640625,847.1806640625,38800,0.0,0.0
2012-08-27 00:00:00+09:00,855.40576171875,863.6308171198917,838.9556509164663,855.40576171875,37700,0.0,0.0
2012-08-28 00:00:00+09:00,838.9557275390625,847.1807836914063,822.505615234375,822.505615234375,34300,0.0,0.0
2012-08-29 00:00:00+09:00,815.0955318528779,831.5621082539461,798.6289554518097,806.8622436523438,37300,1.0,0.0
2012-08-30 00:00:00+09:00,790.3956414473685,790.3956414473685,773.9290655838817,782.162353515625,35800,0.0,0.0
2012-08-31 00:00:00+09:00,773.9290161132812,773.9290161132812,757.4624413023604,773.9290161132812,31300,0.0,0.0
2012-09-03 00:00:00+09:00,782.162353515625,790.3956414473685,765.6957776521382,782.162353515625,21500,0.0,0.0
2012-09-04 00:00:00+09:00,790.3957997744845,798.6290893554688,782.1625101935003,798.6290893554688,23900,0.0,0.0
2012-09-05 00:00:00+09:00,798.6289293791119,798.6289293791119,773.9290655838817,782.162353515625,17900,0.0,0.0
2012-09-06 00:00:00+09:00,773.9291506531417,773.9291506531417,757.4625729796707,765.6958618164062,22500,0.0,0.0
2012-09-07 00:00:00+09:00,773.9291506531417,773.9291506531417,757.4625729796707,765.6958618164062,11500,0.0,0.0
2012-09-10 00:00:00+09:00,765.6958618164062,773.9291506531417,757.4625729796707,765.6958618164062,11000,0.0,0.0
2012-09-11 00:00:00+09:00,765.695812722911,765.695812722911,740.9959477963655,757.4625244140625,25900,0.0,0.0
2012-09-12 00:00:00+09:00,757.4625364869505,757.4625364869505,749.229248046875,749.229248046875,11900,0.0,0.0
2012-09-13 00:00:00+09:00,749.229236105214,757.4625244140625,740.9959477963655,757.4625244140625,13500,0.0,0.0
2012-09-14 00:00:00+09:00,773.9290655838817,782.162353515625,757.4624897203947,782.162353515625,33400,0.0,0.0
2012-09-18 00:00:00+09:00,773.9291133671016,790.3956902472527,749.229248046875,749.229248046875,25600,0.0,0.0
2012-09-19 00:00:00+09:00,749.2291538968999,773.9290161132812,749.2291538968999,773.9290161132812,24500,0.0,0.0
2012-09-20 00:00:00+09:00,765.695812722911,765.695812722911,749.229236105214,757.4625244140625,14900,0.0,0.0
2012-09-21 00:00:00+09:00,782.162389340608,782.162389340608,757.4625244140625,757.4625244140625,15800,0.0,0.0
2012-09-24 00:00:00+09:00,757.4625244140625,765.695812722911,749.229236105214,757.4625244140625,10400,0.0,0.0
2012-09-25 00:00:00+09:00,749.229248046875,757.4625364869505,740.9959596067994,749.229248046875,12400,0.0,0.0
2012-09-26 00:00:00+09:00,757.462424045139,757.462424045139,740.995849609375,740.995849609375,10000,0.0,0.0
2012-09-27 00:00:00+09:00,740.995996648615,740.995996648615,716.2961300936612,724.5294189453125,19700,0.0,0.0
2012-09-28 00:00:00+09:00,732.7627205684267,732.7627205684267,708.0628535829742,716.296142578125,19700,0.0,0.0
2012-10-01 00:00:00+09:00,716.2961300936612,740.995996648615,716.2961300936612,724.5294189453125,7900,0.0,0.0
2012-10-02 00:00:00+09:00,716.2960675710656,716.2960675710656,666.8963387730611,683.3629150390625,31200,0.0,0.0
2012-10-03 00:00:00+09:00,683.3629516601562,691.596240234375,658.6630859375,658.6630859375,26600,0.0,0.0
2012-10-04 00:00:00+09:00,601.0301128186677,658.6631373355262,592.7968236019736,625.72998046875,91300,0.0,0.0
2012-10-05 00:00:00+09:00,625.72998046875,633.9632696854441,617.4966912520559,625.72998046875,24000,0.0,0.0
2012-10-09 00:00:00+09:00,625.7299185739437,625.7299185739437,584.5634765625,584.5634765625,45200,0.0,0.0
2012-10-10 00:00:00+09:00,584.5634505328011,584.5634505328011,551.630298390108,559.8635864257812,38200,0.0,0.0
2012-10-11 00:00:00+09:00,543.3970103544348,559.8635864257812,535.1637223187615,559.8635864257812,38100,0.0,0.0
2012-10-12 00:00:00+09:00,551.63032208067,551.63032208067,535.1637453021425,543.3970336914062,27500,0.0,0.0
2012-10-15 00:00:00+09:00,559.8636113556338,601.0300533670775,559.8636113556338,584.5634765625,108200,0.0,0.0
2012-10-16 00:00:00+09:00,584.5634765625,601.0300533670775,576.3301881602113,584.5634765625,33800,0.0,0.0
2012-10-17 00:00:00+09:00,592.7967529296875,609.2633293999565,584.563464694553,592.7967529296875,17800,0.0,0.0
2012-10-18 00:00:00+09:00,592.796741224315,601.030029296875,584.5634531517551,601.030029296875,15900,0.0,0.0
2012-10-19 00:00:00+09:00,601.030029296875,617.4966054419948,592.796741224315,601.030029296875,21200,0.0,0.0
2012-10-22 00:00:00+09:00,601.0300779600401,609.2633666992188,601.0300779600401,609.2633666992188,8500,0.0,0.0
2012-10-23 00:00:00+09:00,617.4966430664062,683.3629516601562,609.2633544921875,658.6630859375,197200,0.0,0.0
2012-10-24 00:00:00+09:00,642.1965087890625,666.8963745117187,633.9632202148438,658.6630859375,59400,0.0,0.0
2012-10-25 00:00:00+09:00,650.4299045138888,666.896484375,650.4299045138888,666.896484375,14800,0.0,0.0
2012-10-26 00:00:00+09:00,666.8961992867385,666.8961992867385,650.4296264648438,650.4296264648438,20200,0.0,0.0
2012-10-29 00:00:00+09:00,650.4296264648438,658.6629128757911,642.1963400538964,650.4296264648438,11400,0.0,0.0
2012-10-30 00:00:00+09:00,650.4297096946023,658.662997159091,633.963134765625,633.963134765625,9300,0.0,0.0
2012-10-31 00:00:00+09:00,633.9632696854441,633.9632696854441,617.4966912520559,625.72998046875,10300,0.0,0.0
2012-11-01 00:00:00+09:00,617.4966554383974,617.4966554383974,609.2633666992188,609.2633666992188,11100,0.0,0.0
2012-11-02 00:00:00+09:00,609.2634020353618,633.9632696854441,609.2634020353618,625.72998046875,18300,0.0,0.0
2012-11-05 00:00:00+09:00,633.9632696854441,633.9632696854441,617.4966912520559,625.72998046875,8400,0.0,0.0
2012-11-06 00:00:00+09:00,617.4966912520559,625.72998046875,617.4966912520559,625.72998046875,9100,0.0,0.0
2012-11-07 00:00:00+09:00,625.7299441775759,625.7299441775759,609.2633666992188,609.2633666992188,8400,0.0,0.0
2012-11-08 00:00:00+09:00,609.263317369435,609.263317369435,592.796741224315,601.030029296875,10200,0.0,0.0
2012-11-09 00:00:00+09:00,592.7968359375,633.9632828776042,592.7968359375,617.4967041015625,9100,0.0,0.0
2012-11-12 00:00:00+09:00,617.4966054419948,625.7298935145548,601.030029296875,601.030029296875,5500,0.0,0.0
2012-11-13 00:00:00+09:00,601.030041164822,609.2633293999565,592.7967529296875,592.7967529296875,10100,0.0,0.0
2012-11-14 00:00:00+09:00,592.796741224315,601.030029296875,592.796741224315,601.030029296875,1900,0.0,0.0
2012-11-15 00:00:00+09:00,592.796741224315,601.030029296875,592.796741224315,601.030029296875,9500,0.0,0.0
2012-11-16 00:00:00+09:00,601.030029296875,617.4966054419948,601.030029296875,601.030029296875,4700,0.0,0.0
2012-11-19 00:00:00+09:00,609.2632723721591,650.4297096946023,609.2632723721591,633.963134765625,28300,0.0,0.0
2012-11-20 00:00:00+09:00,625.72998046875,650.4298481188322,625.72998046875,625.72998046875,22000,0.0,0.0
2012-11-21 00:00:00+09:00,633.963134765625,633.963134765625,617.4965598366477,633.963134765625,7100,0.0,0.0
2012-11-22 00:00:00+09:00,642.1965436237615,683.3629887278487,633.9632546029441,675.1296997070312,51100,0.0,0.0
2012-11-26 00:00:00+09:00,699.8295288085938,708.0628173828125,658.6630859375,658.6630859375,35800,0.0,0.0
2012-11-27 00:00:00+09:00,675.1296997070312,675.1296997070312,658.6631216653964,675.1296997070312,12200,0.0,0.0
2012-11-28 00:00:00+09:00,666.8963387730611,691.5962031720633,666.8963387730611,683.3629150390625,17000,0.0,0.0
2012-11-29 00:00:00+09:00,683.3629865975216,716.296142578125,683.3629865975216,716.296142578125,37400,0.0,0.0
2012-11-30 00:00:00+09:00,716.296142578125,724.5294315732759,708.0628535829742,716.296142578125,11600,0.0,0.0
2012-12-03 00:00:00+09:00,716.2962372169067,732.7628173828125,699.8296570510007,732.7628173828125,23700,0.0,0.0
2012-12-04 00:00:00+09:00,732.762659487517,773.9291010317595,716.29608286982,757.4625244140625,49900,0.0,0.0
2012-12-05 00:00:00+09:00,757.4626876316714,765.6959777146243,732.7628173828125,732.7628173828125,29500,0.0,0.0
2012-12-06 00:00:00+09:00,732.7626259251646,823.3287931743422,724.5293379934211,782.162353515625,179500,0.0,0.0
2012-12-07 00:00:00+09:00,798.628965958305,806.8622542671535,757.4625244140625,757.4625244140625,108400,0.0,0.0
2012-12-10 00:00:00+09:00,757.4625743519176,757.4625743519176,716.2961300936612,724.5294189453125,44400,0.0,0.0
2012-12-11 00:00:00+09:00,724.5292751736112,740.995849609375,716.2959879557292,740.995849609375,13400,0.0,0.0
2012-12-12 00:00:00+09:00,740.995996648615,740.995996648615,724.5294189453125,724.5294189453125,8200,0.0,0.0
2012-12-13 00:00:00+09:00,724.5292751736112,749.229136827257,724.5292751736112,740.995849609375,26300,0.0,0.0
2012-12-14 00:00:00+09:00,724.5295272998596,732.7628173828125,724.5295272998596,732.7628173828125,14000,0.0,0.0
2012-12-17 00:00:00+09:00,732.7627077969637,732.7627077969637,716.2961300936612,724.5294189453125,19500,0.0,0.0
2012-12-18 00:00:00+09:00,724.5294189453125,732.7627077969637,708.0628412420099,724.5294189453125,11100,0.0,0.0
2012-12-19 00:00:00+09:00,724.5293195857557,724.5293195857557,699.8294564180595,708.062744140625,34200,0.0,0.0
2012-12-20 00:00:00+09:00,708.0628535829742,732.7627205684267,699.8295645878234,716.296142578125,23300,0.0,0.0
2012-12-21 00:00:00+09:00,724.5295272998596,765.6959777146243,716.2962372169067,732.7628173828125,60200,0.0,0.0
2012-12-25 00:00:00+09:00,749.229248046875,757.4625364869505,732.7626711667239,749.229248046875,23700,0.0,0.0
2012-12-26 00:00:00+09:00,740.9961074657655,740.9961074657655,724.5295272998596,732.7628173828125,19500,0.0,0.0
2012-12-27 00:00:00+09:00,732.7625623914931,740.995849609375,724.5292751736112,740.995849609375,24900,0.0,0.0
2012-12-28 00:00:00+09:00,732.762706469464,790.3957283266128,732.762706469464,765.6958618164062,123000,0.0,0.0
2013-01-04 00:00:00+09:00,790.395751953125,790.395751953125,773.9291737874349,790.395751953125,56300,0.0,0.0
2013-01-07 00:00:00+09:00,790.3957283266128,790.3957283266128,757.4625729796707,765.6958618164062,32600,0.0,0.0
2013-01-08 00:00:00+09:00,757.4626876316714,765.6959777146243,732.7628173828125,732.7628173828125,37600,0.0,0.0
2013-01-09 00:00:00+09:00,724.5295272998596,732.7628173828125,716.2962372169067,732.7628173828125,38300,0.0,0.0
2013-01-10 00:00:00+09:00,724.5294392903646,790.395751953125,708.0628611246744,790.395751953125,163600,0.0,0.0
2013-01-11 00:00:00+09:00,790.3955909242021,798.6288783296626,757.4624413023604,773.9290161132812,56600,0.0,0.0
2013-01-15 00:00:00+09:00,782.1624018071772,782.1624018071772,724.5293827266484,749.229248046875,59900,0.0,0.0
2013-01-16 00:00:00+09:00,749.2292855002663,749.2292855002663,716.2961300936612,724.5294189453125,45200,0.0,0.0
2013-01-17 00:00:00+09:00,716.2960318631904,724.5293195857557,691.5961686954942,708.062744140625,41300,0.0,0.0
2013-01-18 00:00:00+09:00,708.0628412420099,724.5294189453125,708.0628412420099,724.5294189453125,17300,0.0,0.0
2013-01-21 00:00:00+09:00,740.995849609375,740.995849609375,716.2959879557292,740.995849609375,27800,0.0,0.0
2013-01-22 00:00:00+09:00,740.9961074657655,740.9961074657655,716.2962372169067,732.7628173828125,24900,0.0,0.0
2013-01-23 00:00:00+09:00,724.5293195857557,732.7626073083212,699.8294564180595,708.062744140625,19100,0.0,0.0
2013-01-24 00:00:00+09:00,708.0628173828125,708.0628173828125,691.596240234375,699.8295288085938,16700,0.0,0.0
2013-01-25 00:00:00+09:00,708.0628535829742,724.5294315732759,708.0628535829742,716.296142578125,17500,0.0,0.0
2013-01-28 00:00:00+09:00,724.5294189453125,740.995996648615,716.2961300936612,724.5294189453125,21300,0.0,0.0
2013-01-29 00:00:00+09:00,724.5294315732759,732.7627205684267,716.296142578125,716.296142578125,9500,0.0,0.0
2013-01-30 00:00:00+09:00,724.5295272998596,740.9961074657655,716.2962372169067,732.7628173828125,42500,0.0,0.0
2013-01-31 00:00:00+09:00,732.7628173828125,732.7628173828125,724.5295272998596,732.7628173828125,16300,0.0,0.0
2013-02-01 00:00:00+09:00,732.7627205684267,732.7627205684267,716.296142578125,716.296142578125,10300,0.0,0.0
2013-02-04 00:00:00+09:00,724.5295272998596,732.7628173828125,716.2962372169067,732.7628173828125,17600,0.0,0.0
2013-02-05 00:00:00+09:00,732.7626711667239,782.1624018071772,724.5293827266484,749.229248046875,82100,0.0,0.0
2013-02-06 00:00:00+09:00,749.229236105214,757.4625244140625,749.229236105214,757.4625244140625,16900,0.0,0.0
2013-02-07 00:00:00+09:00,757.462424045139,757.462424045139,740.995849609375,740.995849609375,15400,0.0,0.0
2013-02-08 00:00:00+09:00,749.2292985587285,749.2292985587285,716.296142578125,716.296142578125,22200,0.0,0.0
2013-02-12 00:00:00+09:00,716.296142578125,732.7627205684267,708.0628535829742,716.296142578125,14400,0.0,0.0
2013-02-13 00:00:00+09:00,708.0627794380648,708.0627794380648,683.3629150390625,683.3629150390625,24600,0.0,0.0
2013-02-14 00:00:00+09:00,666.8963387730611,691.5962031720633,666.8963387730611,683.3629150390625,31400,0.0,0.0
2013-02-15 00:00:00+09:00,675.1294856976859,683.3627721086333,642.1963400538964,650.4296264648438,35700,0.0,0.0
2013-02-18 00:00:00+09:00,658.6631216653964,675.1296997070312,650.4298326445789,675.1296997070312,11400,0.0,0.0
2013-02-19 00:00:00+09:00,666.896484375,683.3630642361111,666.896484375,666.896484375,7100,0.0,0.0
2013-02-20 00:00:00+09:00,658.6631216653964,675.1296997070312,658.6631216653964,675.1296997070312,19900,0.0,0.0
2013-02-21 00:00:00+09:00,666.896484375,683.3630642361111,666.896484375,666.896484375,13200,0.0,0.0
2013-02-22 00:00:00+09:00,666.896484375,675.1297743055555,666.896484375,666.896484375,8900,0.0,0.0
2013-02-25 00:00:00+09:00,675.1297743055555,683.3630642361111,666.896484375,666.896484375,24600,0.0,0.0
2013-02-26 00:00:00+09:00,659.4773582175926,675.9642921730324,651.2338912398727,667.7208251953125,13200,1.0,0.0
2013-02-27 00:00:00+09:00,667.7208251953125,708.9381600839121,667.7208251953125,667.7208251953125,38100,0.0,0.0
2013-02-28 00:00:00+09:00,684.2076556326329,733.6684500157148,684.2076556326329,717.1815185546875,70500,0.0,0.0
2013-03-01 00:00:00+09:00,700.6945190429688,708.937983972886,700.6945190429688,700.6945190429688,17800,0.0,0.0
2013-03-04 00:00:00+09:00,717.1814532612646,717.1814532612646,708.93798828125,708.93798828125,14600,0.0,0.0
2013-03-05 00:00:00+09:00,717.1815185546875,725.4249842852012,708.9380528241738,717.1815185546875,4600,0.0,0.0
2013-03-06 00:00:00+09:00,725.4249842852012,725.4249842852012,717.1815185546875,717.1815185546875,5100,0.0,0.0
2013-03-07 00:00:00+09:00,717.1814532612646,725.4249182412791,708.93798828125,708.93798828125,8000,0.0,0.0
2013-03-08 00:00:00+09:00,708.93798828125,717.1814532612646,700.6945233012356,708.93798828125,17900,0.0,0.0
2013-03-11 00:00:00+09:00,717.1815185546875,717.1815185546875,708.9380528241738,717.1815185546875,13100,0.0,0.0
2013-03-12 00:00:00+09:00,717.1814532612646,717.1814532612646,700.6945233012356,708.93798828125,21200,0.0,0.0
2013-03-13 00:00:00+09:00,708.937983972886,708.937983972886,692.4510541130514,700.6945190429688,13800,0.0,0.0
2013-03-14 00:00:00+09:00,700.6945190429688,700.6945190429688,684.2075891831341,700.6945190429688,17100,0.0,0.0
2013-03-15 00:00:00+09:00,700.6945233012356,708.93798828125,692.451058321221,708.93798828125,16300,0.0,0.0
2013-03-18 00:00:00+09:00,708.9382365366046,733.6686401367188,708.9382365366046,733.6686401367188,41400,0.0,0.0
2013-03-19 00:00:00+09:00,733.6684535633434,733.6684535633434,725.4249877929688,725.4249877929688,15200,0.0,0.0
2013-03-21 00:00:00+09:00,733.6684535633434,733.6684535633434,717.1815220225941,725.4249877929688,36400,0.0,0.0
2013-03-22 00:00:00+09:00,725.4249182412791,725.4249182412791,708.93798828125,708.93798828125,27200,0.0,0.0
2013-03-25 00:00:00+09:00,717.1815185546875,725.4249842852012,717.1815185546875,717.1815185546875,15900,0.0,0.0
2013-03-26 00:00:00+09:00,717.1815220225941,725.4249877929688,708.9380562522194,725.4249877929688,6500,0.0,0.0
2013-03-27 00:00:00+09:00,725.4249842852012,725.4249842852012,708.9380528241738,717.1815185546875,8600,0.0,0.0
2013-03-28 00:00:00+09:00,725.4249877929688,725.4249877929688,717.1815220225941,725.4249877929688,9300,0.0,0.0
2013-03-29 00:00:00+09:00,725.4249138327206,733.6683787626379,692.4510541130514,700.6945190429688,48500,0.0,0.0
2013-04-01 00:00:00+09:00,717.1815185546875,733.6684500157148,708.9380528241738,717.1815185546875,28900,0.0,0.0
2013-04-02 00:00:00+09:00,725.425037202381,725.425037202381,692.451171875,692.451171875,28100,0.0,0.0
2013-04-03 00:00:00+09:00,708.9380528241738,725.4249842852012,700.6945870936602,717.1815185546875,18300,0.0,0.0
2013-04-04 00:00:00+09:00,700.6945870936602,717.1815185546875,692.4511213631465,717.1815185546875,22600,0.0,0.0
2013-04-05 00:00:00+09:00,725.425172270014,741.9121080034234,717.1817044033093,733.6686401367188,28100,0.0,0.0
2013-04-08 00:00:00+09:00,741.9118041992188,758.3987331814236,725.4248752170139,741.9118041992188,74100,0.0,0.0
2013-04-09 00:00:00+09:00,741.9119193337181,741.9119193337181,717.1815220225941,725.4249877929688,38800,0.0,0.0
2013-04-10 00:00:00+09:00,733.6686401367188,733.6686401367188,717.1817044033093,733.6686401367188,23600,0.0,0.0
2013-04-11 00:00:00+09:00,741.9119899875516,766.6423896538032,733.6685234321343,750.1554565429688,97800,0.0,0.0
2013-04-12 00:00:00+09:00,758.3987955729167,873.8073079427083,750.1553304036458,865.5638427734375,527600,0.0,0.0
2013-04-15 00:00:00+09:00,865.5639705479701,923.2682352511682,857.320504161799,882.0509033203125,376000,0.0,0.0
2013-04-16 00:00:00+09:00,857.3204545454546,931.5116477272727,840.8335227272727,906.78125,257300,0.0,0.0
2013-04-17 00:00:00+09:00,939.7552446637835,1005.7029811314175,923.268310546875,923.268310546875,631500,0.0,0.0
2013-04-18 00:00:00+09:00,898.537707634692,923.2681032576651,873.8073120117188,873.8073120117188,187100,0.0,0.0
2013-04-19 00:00:00+09:00,865.5639705479701,882.0509033203125,857.320504161799,882.0509033203125,90400,0.0,0.0
2013-04-22 00:00:00+09:00,906.7812934288611,906.7812934288611,849.07702930157,857.3204956054688,73500,0.0,0.0
2013-04-23 00:00:00+09:00,873.8074369341413,898.5378360926547,857.320504161799,882.0509033203125,87700,0.0,0.0
2013-04-24 00:00:00+09:00,890.2943697064836,890.2943697064836,873.8074369341413,882.0509033203125,39200,0.0,0.0
2013-04-25 00:00:00+09:00,882.0509033203125,882.0509033203125,865.5639705479701,882.0509033203125,40400,0.0,0.0
2013-04-26 00:00:00+09:00,882.0507772193765,882.0507772193765,865.5638468040611,873.8073120117188,34400,0.0,0.0
2013-04-30 00:00:00+09:00,865.5638468040611,873.8073120117188,865.5638468040611,873.8073120117188,23500,0.0,0.0
2013-05-01 00:00:00+09:00,873.8073120117188,882.0507772193765,865.5638468040611,873.8073120117188,12100,0.0,0.0
2013-05-02 00:00:00+09:00,882.0507890893779,898.5377197265625,865.5638584521932,898.5377197265625,75600,0.0,0.0
2013-05-07 00:00:00+09:00,931.5116511164485,939.7551170555321,906.7812532991977,915.0247192382812,58500,0.0,0.0
2013-05-08 00:00:00+09:00,915.0247159090909,923.2681818181818,898.5377840909091,906.78125,37300,0.0,0.0
2013-05-09 00:00:00+09:00,898.5378360926547,906.7813024788259,865.5639705479701,882.0509033203125,37600,0.0,0.0
2013-05-10 00:00:00+09:00,890.2943608210637,890.2943608210637,857.3204956054688,857.3204956054688,44900,0.0,0.0
2013-05-13 00:00:00+09:00,857.3204310148665,865.5638966977018,849.0769653320312,849.0769653320312,17500,0.0,0.0
2013-05-14 00:00:00+09:00,865.5638427734375,873.8073079427083,857.3203776041668,865.5638427734375,23900,0.0,0.0
2013-05-15 00:00:00+09:00,865.5638966977018,882.0508280633723,832.5900339663607,849.0769653320312,42700,0.0,0.0
2013-05-16 00:00:00+09:00,840.833541398196,849.0770074903351,766.6423465689434,799.6162109375,61700,0.0,0.0
2013-05-17 00:00:00+09:00,774.8857641601562,832.5900231933593,774.8857641601562,824.3465576171875,30400,0.0,0.0
2013-05-20 00:00:00+09:00,832.5900304457721,849.0769617417279,824.3465647977941,840.83349609375,20900,0.0,0.0
2013-05-21 00:00:00+09:00,857.3204956054688,857.3204956054688,840.8335629976713,857.3204956054688,14200,0.0,0.0
2013-05-22 00:00:00+09:00,857.3204273897059,857.3204273897059,832.5900304457721,840.83349609375,14600,0.0,0.0
2013-05-23 00:00:00+09:00,849.0769344932154,849.0769344932154,783.1292114257812,783.1292114257812,66000,0.0,0.0
2013-05-24 00:00:00+09:00,799.6161421926398,799.6161421926398,766.6422806589227,783.1292114257812,46000,0.0,0.0
2013-05-27 00:00:00+09:00,774.8857342263926,774.8857342263926,758.3988037109375,758.3988037109375,14200,0.0,0.0
2013-05-28 00:00:00+09:00,766.6422806589227,783.1292114257812,758.3988152754933,783.1292114257812,10200,0.0,0.0
2013-05-29 00:00:00+09:00,783.1292756398519,799.6162077585856,774.885809580485,791.3727416992188,14000,0.0,0.0
2013-05-30 00:00:00+09:00,783.129141202537,791.3726058467743,766.6422119140625,766.6422119140625,12100,0.0,0.0
2013-05-31 00:00:00+09:00,774.8857342263926,774.8857342263926,750.1553384532099,758.3988037109375,18800,0.0,0.0
2013-06-03 00:00:00+09:00,758.3988037109375,766.642268968665,741.9118731954824,758.3988037109375,22500,0.0,0.0
2013-06-04 00:00:00+09:00,758.3988804768042,824.3466092139175,750.1554143846649,799.6162109375,132000,0.0,0.0
2013-06-05 00:00:00+09:00,791.3727479272959,816.1031463000239,791.3727479272959,807.8596801757812,45300,0.0,0.0
2013-06-06 00:00:00+09:00,807.8597224308894,807.8597224308894,741.9119899875516,750.1554565429688,55900,0.0,0.0
2013-06-07 00:00:00+09:00,717.1815708705358,717.1815708705358,667.7207728794643,692.451171875,52200,0.0,0.0
2013-06-10 00:00:00+09:00,708.9380562522194,725.4249877929688,708.9380562522194,725.4249877929688,22600,0.0,0.0
2013-06-11 00:00:00+09:00,725.425172270014,733.6686401367188,717.1817044033093,733.6686401367188,13300,0.0,0.0
2013-06-12 00:00:00+09:00,708.9380562522194,725.4249877929688,692.4511247114701,725.4249877929688,26300,0.0,0.0
2013-06-13 00:00:00+09:00,717.1815708705358,717.1815708705358,692.451171875,692.451171875,22200,0.0,0.0
2013-06-14 00:00:00+09:00,700.6946382068453,708.9381045386905,692.451171875,692.451171875,11400,0.0,0.0
2013-06-17 00:00:00+09:00,692.451058321221,717.1814532612646,692.451058321221,708.93798828125,19200,0.0,0.0
2013-06-18 00:00:00+09:00,717.1814489028033,717.1814489028033,700.6945190429688,700.6945190429688,18500,0.0,0.0
2013-06-19 00:00:00+09:00,717.1814532612646,717.1814532612646,700.6945233012356,708.93798828125,15200,0.0,0.0
2013-06-20 00:00:00+09:00,708.937983972886,725.4249138327206,700.6945190429688,700.6945190429688,15800,0.0,0.0
2013-06-21 00:00:00+09:00,700.6945190429688,708.937983972886,700.6945190429688,700.6945190429688,8800,0.0,0.0
2013-06-24 00:00:00+09:00,708.9380528241738,741.9119157462285,708.9380528241738,717.1815185546875,21900,0.0,0.0
2013-06-25 00:00:00+09:00,708.9381045386905,717.1815708705358,692.451171875,692.451171875,19100,0.0,0.0
2013-06-26 00:00:00+09:00,692.451107163027,700.6945727244916,675.9641760400979,684.2076416015625,21900,0.0,0.0
2013-06-27 00:00:00+09:00,684.2076416015625,692.451107163027,667.7207104786332,684.2076416015625,15900,0.0,0.0
2013-06-28 00:00:00+09:00,675.9641242532169,700.6945190429688,675.9641242532169,700.6945190429688,13700,0.0,0.0
2013-07-01 00:00:00+09:00,708.9382365366046,750.1555758701281,700.6947686698999,733.6686401367188,56800,0.0,0.0
2013-07-02 00:00:00+09:00,741.9119899875516,750.1554565429688,733.6685234321343,750.1554565429688,27800,0.0,0.0
2013-07-03 00:00:00+09:00,758.3987331814236,758.3987331814236,733.6683397081163,741.9118041992188,11300,0.0,0.0
2013-07-04 00:00:00+09:00,741.9119899875516,750.1554565429688,741.9119899875516,750.1554565429688,9300,0.0,0.0
2013-07-05 00:00:00+09:00,750.1552686903211,750.1552686903211,717.1814107259114,741.9118041992188,42800,0.0,0.0
2013-07-08 00:00:00+09:00,824.3466386171144,939.7551680235105,816.1031722309433,882.0509033203125,1511200,0.0,0.0
2013-07-09 00:00:00+09:00,857.3204956054688,865.5639619093674,832.5900966937725,857.3204956054688,295800,0.0,0.0
2013-07-10 00:00:00+09:00,849.0770377756279,890.2943697064836,832.5901050032855,882.0509033203125,141800,0.0,0.0
2013-07-11 00:00:00+09:00,865.5638966977018,882.0508280633723,840.833499649196,849.0769653320312,137900,0.0,0.0
2013-07-12 00:00:00+09:00,849.076954345703,857.320419921875,824.3465576171875,824.3465576171875,36200,0.0,0.0
2013-07-16 00:00:00+09:00,832.5900753060567,840.833541398196,783.1292787532217,799.6162109375,213000,0.0,0.0
2013-07-17 00:00:00+09:00,791.3727448453609,799.6162109375,783.1292787532217,799.6162109375,39900,0.0,0.0
2013-07-18 00:00:00+09:00,807.8596738179525,807.8596738179525,791.3727416992188,791.3727416992188,64900,0.0,0.0
2013-07-19 00:00:00+09:00,791.3726768092105,791.3726768092105,774.8857460423519,783.1292114257812,29900,0.0,0.0
2013-07-22 00:00:00+09:00,783.1292692143866,783.1292692143866,774.8858032226562,774.8858032226562,9000,0.0,0.0
2013-07-23 00:00:00+09:00,774.8857460423519,799.6161421926398,774.8857460423519,783.1292114257812,28100,0.0,0.0
2013-07-24 00:00:00+09:00,799.6162109375,807.8596770296392,791.3727448453609,799.6162109375,12200,0.0,0.0
2013-07-25 00:00:00+09:00,791.3726953124999,832.5900231933593,774.8857641601562,824.3465576171875,75500,0.0,0.0
2013-07-26 00:00:00+09:00,816.1030729594983,816.1030729594983,783.1292114257812,783.1292114257812,47300,0.0,0.0
2013-07-29 00:00:00+09:00,783.1292481855912,783.1292481855912,725.4249877929688,725.4249877929688,54200,0.0,0.0
2013-07-30 00:00:00+09:00,733.6683397081163,750.1552686903211,725.4248752170139,741.9118041992188,24700,0.0,0.0
2013-07-31 00:00:00+09:00,750.1555758701281,750.1555758701281,733.6686401367188,733.6686401367188,20500,0.0,0.0
2013-08-01 00:00:00+09:00,733.6683533371137,774.8856765582998,725.4248886928764,766.6422119140625,74700,0.0,0.0
2013-08-02 00:00:00+09:00,766.6423372309258,774.8858032226562,750.1554052474651,774.8858032226562,35100,0.0,0.0
2013-08-05 00:00:00+09:00,766.6422119140625,766.6422119140625,758.3987472698253,766.6422119140625,2600,0.0,0.0
2013-08-06 00:00:00+09:00,774.8856765582998,774.8856765582998,758.3987472698253,766.6422119140625,9000,0.0,0.0
2013-08-07 00:00:00+09:00,766.642268968665,766.642268968665,758.3988037109375,758.3988037109375,25000,0.0,0.0
2013-08-08 00:00:00+09:00,758.3988712391955,783.1292692143866,758.3988712391955,774.8858032226562,24700,0.0,0.0
2013-08-09 00:00:00+09:00,774.8857460423519,783.1292114257812,766.6422806589227,783.1292114257812,19600,0.0,0.0
2013-08-12 00:00:00+09:00,774.8858562092205,774.8858562092205,750.1554565429688,750.1554565429688,6300,0.0,0.0
2013-08-13 00:00:00+09:00,758.3988712391955,783.1292692143866,758.3988712391955,774.8858032226562,12100,0.0,0.0
2013-08-14 00:00:00+09:00,774.8857342263926,783.1291994841202,750.1553384532099,758.3988037109375,19500,0.0,0.0
2013-08-15 00:00:00+09:00,758.3988712391955,783.1292692143866,758.3988712391955,774.8858032226562,26300,0.0,0.0
2013-08-16 00:00:00+09:00,774.8857460423519,783.1292114257812,774.8857460423519,783.1292114257812,11600,0.0,0.0
2013-08-19 00:00:00+09:00,791.3727448453609,799.6162109375,783.1292787532217,799.6162109375,9100,0.0,0.0
2013-08-20 00:00:00+09:00,816.1030883789062,849.0769505356297,807.8596228397254,816.1030883789062,64500,0.0,0.0
2013-08-21 00:00:00+09:00,840.8334472656251,882.0507731119792,807.8595865885417,865.5638427734375,190700,0.0,0.0
2013-08-22 00:00:00+09:00,865.5638961791992,1055.1636067708332,857.320430501302,989.2158813476562,2812500,0.0,0.0
2013-08-23 00:00:00+09:00,997.4596005859374,1046.9204072265625,980.9726650390625,1030.4334716796875,1449000,0.0,0.0
2013-08-26 00:00:00+09:00,1030.4332240935294,1096.3809504355154,1005.7028267152848,1022.1897583007812,1034900,0.0,0.0
2013-08-27 00:00:00+09:00,1030.4330587387085,1063.4069166183472,1005.7026653289795,1055.1634521484375,297600,0.0,0.0
2013-08-28 00:00:00+09:00,1047.7388034396702,1220.9869520399304,1039.4888916015625,1187.9873046875,1498000,1.0,0.0
2013-08-29 00:00:00+09:00,1196.2372046780872,1410.7349103445029,1163.2375576524848,1369.4853515625,3680200,0.0,0.0
2013-08-30 00:00:00+09:00,1402.4847671833445,1550.983154296875,1336.4854840217754,1550.983154296875,5174800,0.0,0.0
2013-09-02 00:00:00+09:00,1517.983436627095,1575.732806498778,1468.483976737081,1476.73388671875,2680400,0.0,0.0
2013-09-03 00:00:00+09:00,1484.9840099976795,1715.9815226639853,1468.484187664372,1666.4820556640625,3251900,0.0,0.0
2013-09-04 00:00:00+09:00,1625.232454883809,1732.4812970842634,1567.4830783143334,1616.9825439453125,1630700,0.0,0.0
2013-09-05 00:00:00+09:00,1600.4827769886363,2004.7284268465908,1592.2328657670455,1905.7294921875,3166400,0.0,0.0
2013-09-06 00:00:00+09:00,1872.7295562065972,1979.9783854166667,1823.2300965711804,1856.229736328125,2125600,0.0,0.0
2013-09-09 00:00:00+09:00,1979.9787850215519,2474.9734812769398,1979.9787850215519,2392.474365234375,2717700,0.0,0.0
2013-09-10 00:00:00+09:00,2367.7243411641725,2450.223447128081,2144.9767550616198,2342.974609375,1225200,0.0,0.0
2013-09-11 00:00:00+09:00,2210.975932251514,2227.475752641451,1856.229793867876,1872.7296142578125,917000,0.0,0.0
2013-09-12 00:00:00+09:00,1979.9787721795549,2062.4778876870364,1864.480010469081,1946.9791259765625,771300,0.0,0.0
2013-09-13 00:00:00+09:00,1889.2296914646768,1979.9787159455127,1864.479957515358,1930.479248046875,291700,0.0,0.0
2013-09-17 00:00:00+09:00,1864.4798813199372,1955.2289020921467,1864.4798813199372,1889.2296142578125,173400,0.0,0.0
2013-09-18 00:00:00+09:00,1897.4794461232311,2243.9756928066035,1880.9796248525943,2186.226318359375,1223500,0.0,0.0
2013-09-19 00:00:00+09:00,2210.976230621338,2268.725609779358,2070.727738380432,2111.977294921875,584600,0.0,0.0
2013-09-20 00:00:00+09:00,2169.7264949253627,2771.969970703125,2120.2270311628067,2771.969970703125,3329300,0.0,0.0
2013-09-24 00:00:00+09:00,2722.4708491920405,3341.2142240084136,2623.471909221421,2895.718994140625,5157600,0.0,0.0
2013-09-25 00:00:00+09:00,2829.7195035564364,3060.7170140508397,2681.2211039528916,2763.72021484375,1955900,0.0,0.0
2013-09-26 00:00:00+09:00,2763.7203575820517,3398.9635442501653,2738.970623036541,3118.466552734375,3926400,0.0,0.0
2013-09-27 00:00:00+09:00,3110.216796875,3291.7148592921085,2986.468117954244,3110.216796875,1667100,0.0,0.0
2013-09-30 00:00:00+09:00,3035.9671675814448,3101.966453833215,2895.718684296432,2912.218505859375,495100,0.0,0.0
2013-10-01 00:00:00+09:00,2887.468409682765,2945.2177778764203,2689.470575875947,2722.47021484375,561900,0.0,0.0
2013-10-02 00:00:00+09:00,2705.970754076087,3093.7165633491845,2697.720843240489,2846.21923828125,2351800,0.0,0.0
2013-10-03 00:00:00+09:00,2780.2201041373405,2854.4693057315126,2722.470725119651,2747.220458984375,499800,0.0,0.0
2013-10-04 00:00:00+09:00,2689.4712232161037,2714.220958399074,2466.723606569371,2532.722900390625,412000,0.0,0.0
2013-10-07 00:00:00+09:00,2483.2234318659853,2499.7232553335334,2128.477227313702,2144.97705078125,529100,0.0,0.0
2013-10-08 00:00:00+09:00,2062.477850144909,2186.2265211536037,2029.4782045425907,2045.97802734375,470900,0.0,0.0
2013-10-09 00:00:00+09:00,2029.4778491118109,2268.7252378282437,1897.4792898199858,2169.726318359375,670700,0.0,0.0
2013-10-10 00:00:00+09:00,2161.476717777179,2260.4756514158285,2087.2275175481923,2153.226806640625,572900,0.0,0.0
2013-10-11 00:00:00+09:00,2144.9768747095723,2309.975095841078,2128.477052596422,2219.22607421875,430500,0.0,0.0
2013-10-15 00:00:00+09:00,2177.976307744565,2194.4761282577815,2070.7274744086585,2087.227294921875,147800,0.0,0.0
2013-10-16 00:00:00+09:00,2054.2277180341134,2153.2266442044324,1988.2284339205678,2070.7275390625,211100,0.0,0.0
2013-10-17 00:00:00+09:00,2111.977116141732,2186.22631163109,2070.727563092089,2095.477294921875,122700,0.0,0.0
2013-10-18 00:00:00+09:00,2095.477450284091,2186.226473721591,2087.2275390625,2177.9765625,130900,0.0,0.0
2013-10-21 00:00:00+09:00,2194.476172577563,2367.724291465265,2186.226262154339,2293.47509765625,441500,0.0,0.0
2013-10-22 00:00:00+09:00,2243.9755345394738,2276.9751747532896,2194.47607421875,2194.47607421875,145600,0.0,0.0
2013-10-23 00:00:00+09:00,2186.2265191391166,2235.7259874969836,2120.2272279952945,2136.72705078125,99300,0.0,0.0
2013-10-24 00:00:00+09:00,2095.477278148855,2169.7264730438933,2078.977457061069,2161.4765625,67700,0.0,0.0
2013-10-25 00:00:00+09:00,2087.2277152267156,2136.7271867340687,2087.2277152267156,2103.7275390625,80800,0.0,0.0
2013-10-28 00:00:00+09:00,2095.4774957472277,2103.7274071478073,2029.4782045425907,2045.97802734375,80600,0.0,0.0
2013-10-29 00:00:00+09:00,2128.4771413495464,2136.727052750126,2004.7284703408518,2045.97802734375,131600,0.0,0.0
2013-10-30 00:00:00+09:00,2021.2282607134653,2078.9776395909926,1938.7291480312829,1963.4788818359375,88300,0.0,0.0
2013-10-31 00:00:00+09:00,1922.2293500508347,1938.729172798052,1757.23112257866,1806.7305908203125,213300,0.0,0.0
2013-11-01 00:00:00+09:00,1897.4794280583958,1897.4794280583958,1707.7314852525562,1790.2305908203125,133900,0.0,0.0
2013-11-05 00:00:00+09:00,1748.981070059317,1798.480534306279,1715.9814272280091,1781.980712890625,63300,0.0,0.0
2013-11-06 00:00:00+09:00,1740.7312998314426,1839.7302363147473,1740.7312998314426,1806.7305908203125,46100,0.0,0.0
2013-11-07 00:00:00+09:00,1757.231058112097,1831.4802577506364,1757.231058112097,1823.2303466796875,54700,0.0,0.0
2013-11-08 00:00:00+09:00,1773.7309330345217,2037.72809516059,1773.7309330345217,1930.479248046875,191200,0.0,0.0
2013-11-11 00:00:00+09:00,1930.4793417794365,1963.478988647461,1839.7303128923688,1847.980224609375,68600,0.0,0.0
2013-11-12 00:00:00+09:00,1897.479580965909,1946.9790482954545,1864.4799360795453,1905.7294921875,54500,0.0,0.0
2013-11-13 00:00:00+09:00,1913.9795035870623,2153.226941535445,1913.9795035870623,2120.227294921875,391800,0.0,0.0
2013-11-14 00:00:00+09:00,2078.9774737020175,2186.22631163109,2045.977831262303,2095.477294921875,195400,0.0,0.0
2013-11-15 00:00:00+09:00,2070.7275390625,2120.2270021476593,2045.9778075199204,2070.7275390625,80000,0.0,0.0
2013-11-18 00:00:00+09:00,2087.227094523112,2087.227094523112,1946.978633626302,1979.978271484375,91500,0.0,0.0
2013-11-19 00:00:00+09:00,2012.9779463098405,2021.2278559258643,1930.478850149601,1938.728759765625,66900,0.0,0.0
2013-11-20 00:00:00+09:00,1938.7289293677406,1938.7289293677406,1856.22982599039,1864.479736328125,74000,0.0,0.0
2013-11-21 00:00:00+09:00,1864.4798813199372,1955.2289020921467,1864.4798813199372,1889.2296142578125,76200,0.0,0.0
2013-11-22 00:00:00+09:00,1856.229793867876,1880.9795244527809,1831.4800632829708,1872.7296142578125,61600,0.0,0.0
2013-11-25 00:00:00+09:00,1856.2300029553865,1889.2296474523712,1839.730180706894,1880.979736328125,37000,0.0,0.0
2013-11-26 00:00:00+09:00,1889.2298730468751,2103.7275878906253,1880.9799609375002,2062.47802734375,245600,0.0,0.0
2013-11-27 00:00:00+09:00,2045.9775472005208,2054.227456665039,1971.7283620198568,1979.978271484375,113700,0.0,0.0
2013-11-28 00:00:00+09:00,1988.2282606990461,2062.477448857932,1955.2286215173192,2054.2275390625,115100,0.0,0.0
2013-11-29 00:00:00+09:00,2087.2274955335515,2219.226072326187,2087.2274955335515,2128.47705078125,393100,0.0,0.0
2013-12-02 00:00:00+09:00,2169.726318359375,2202.7259581823314,2120.2268586249406,2169.726318359375,187000,0.0,0.0
2013-12-03 00:00:00+09:00,2128.476846204916,2169.726397487957,2087.227294921875,2087.227294921875,102400,0.0,0.0
2013-12-04 00:00:00+09:00,2128.4768807057585,2210.9759846090824,2128.4768807057585,2202.72607421875,306700,0.0,0.0
2013-12-05 00:00:00+09:00,2177.9765625,2260.475674715909,2153.226828835227,2177.9765625,212100,0.0,0.0
2013-12-06 00:00:00+09:00,2128.477048804403,2153.2267819300355,2004.7283831762397,2037.72802734375,168800,0.0,0.0
2013-12-09 00:00:00+09:00,2045.977791207736,2054.2277016561543,2004.7282389656443,2012.9781494140625,59000,0.0,0.0
2013-12-10 00:00:00+09:00,2029.4780162883253,2194.4762289946934,2021.228105653007,2186.226318359375,221100,0.0,0.0
2013-12-11 00:00:00+09:00,2153.2267839298693,2177.9765170784885,2062.4777623849322,2128.47705078125,104800,0.0,0.0
2013-12-12 00:00:00+09:00,2095.477294921875,2120.227026751661,2070.727563092089,2095.477294921875,59300,0.0,0.0
2013-12-13 00:00:00+09:00,2095.4776068793403,2144.977077907986,2070.727871365017,2078.977783203125,66400,0.0,0.0
2013-12-16 00:00:00+09:00,2128.476895691919,2153.2266270371733,2004.7282389656443,2012.9781494140625,114500,0.0,0.0
2013-12-17 00:00:00+09:00,2029.4779703108993,2045.977791207736,2004.7282389656443,2012.9781494140625,51100,0.0,0.0
2013-12-18 00:00:00+09:00,2021.2282052599949,2062.4777604693827,2012.9782942181173,2037.72802734375,37400,0.0,0.0
2013-12-19 00:00:00+09:00,2037.728217175542,2037.728217175542,2004.728569933833,2021.2283935546875,43800,0.0,0.0
2013-12-20 00:00:00+09:00,2021.2283935546875,2037.728217175542,2004.728569933833,2021.2283935546875,38600,0.0,0.0
2013-12-24 00:00:00+09:00,2037.7279138133358,2045.9778243955761,1996.4783609021347,2004.728271484375,48700,0.0,0.0
2013-12-25 00:00:00+09:00,2136.727052750126,2144.9769641507055,2029.4782045425907,2045.97802734375,119500,0.0,0.0
2013-12-26 00:00:00+09:00,2045.977743638834,2095.477205178483,2037.7278333822258,2087.227294921875,31500,0.0,0.0
2013-12-27 00:00:00+09:00,2087.2274955335515,2169.7266060289485,2070.727673434472,2128.47705078125,79100,0.0,0.0
2013-12-30 00:00:00+09:00,2062.4779595269097,2103.7275187174478,2029.478312174479,2078.977783203125,81500,0.0,0.0
2014-01-06 00:00:00+09:00,2062.47802734375,2087.227763671875,2045.9782031250002,2062.47802734375,49800,0.0,0.0
2014-01-07 00:00:00+09:00,2054.227915763855,2128.477117538452,2054.227915763855,2111.977294921875,112600,0.0,0.0
2014-01-08 00:00:00+09:00,2070.7274744086585,2095.477205178483,2062.4775641520505,2087.227294921875,59900,0.0,0.0
2014-01-09 00:00:00+09:00,2045.977693256579,2235.7256244860196,2045.977693256579,2194.47607421875,220100,0.0,0.0
2014-01-10 00:00:00+09:00,2186.226253438085,2276.9752677317415,2144.9767014864233,2202.72607421875,192300,0.0,0.0
2014-01-14 00:00:00+09:00,2252.225651702318,2326.4748490111856,2128.476989520872,2235.725830078125,318300,0.0,0.0
2014-01-15 00:00:00+09:00,2202.7265055626103,2392.4744816972175,2194.476593556758,2334.72509765625,232100,0.0,0.0
2014-01-16 00:00:00+09:00,2268.7254492916277,2326.474824364506,2210.97607421875,2210.97607421875,281800,0.0,0.0
2014-01-17 00:00:00+09:00,2202.72627345995,2219.226095733058,2144.976895504071,2153.226806640625,95500,0.0,0.0
2014-01-20 00:00:00+09:00,2136.7269843675167,2169.7266289137333,2103.7273398213,2153.226806640625,65900,0.0,0.0
2014-01-21 00:00:00+09:00,2153.2266691913755,2161.476579801304,2095.477294921875,2095.477294921875,68900,0.0,0.0
2014-01-22 00:00:00+09:00,2111.9769486692016,2194.4760482265924,2087.2272188019842,2169.726318359375,77400,0.0,0.0
2014-01-23 00:00:00+09:00,2153.2266118767557,2235.7257157800796,2153.2266118767557,2202.72607421875,115700,0.0,0.0
2014-01-24 00:00:00+09:00,2144.9768728803297,2177.9765170784885,2103.7273176326307,2128.47705078125,153500,0.0,0.0
2014-01-27 00:00:00+09:00,2054.227849427505,2078.9775825531374,2037.72802734375,2037.72802734375,86100,0.0,0.0
2014-01-28 00:00:00+09:00,2045.977640365664,2070.7273698862164,1979.978361644191,1988.228271484375,90400,0.0,0.0
2014-01-29 00:00:00+09:00,2012.9779900853414,2054.2275390625,1996.4781704944778,2054.2275390625,65400,0.0,0.0
2014-01-30 00:00:00+09:00,2029.478271484375,2045.9780948297764,2004.728536466273,2029.478271484375,47000,0.0,0.0
2014-01-31 00:00:00+09:00,2062.477918175178,2111.9773882113823,2004.728536466273,2029.478271484375,46200,0.0,0.0
2014-02-03 00:00:00+09:00,1979.978657027715,1979.978657027715,1814.9804356087386,1823.2303466796875,124400,0.0,0.0
2014-02-04 00:00:00+09:00,1649.9822227700242,1765.480978363926,1649.9822227700242,1699.481689453125,134600,0.0,0.0
2014-02-05 00:00:00+09:00,1765.4808855754573,1773.7307962557163,1658.2320467320883,1691.231689453125,56400,0.0,0.0
2014-02-06 00:00:00+09:00,1691.2316951045284,1814.9803557219327,1691.2316951045284,1781.980712890625,36500,0.0,0.0
2014-02-07 00:00:00+09:00,1831.4805563340808,1864.4802059977578,1798.4809066704036,1839.73046875,34100,0.0,0.0
2014-02-10 00:00:00+09:00,1839.7302363147473,1856.2300590619648,1806.7305908203125,1806.7305908203125,28700,0.0,0.0
2014-02-12 00:00:00+09:00,1781.980712890625,1823.2302664297597,1773.730802182798,1781.980712890625,38200,0.0,0.0
2014-02-13 00:00:00+09:00,1724.2314787644607,1732.4813901461089,1691.2318332378682,1715.9815673828125,57400,0.0,0.0
2014-02-14 00:00:00+09:00,1691.2317321777343,1691.2317321777343,1616.9825341796875,1649.982177734375,87400,0.0,0.0
2014-02-17 00:00:00+09:00,1616.9825439453125,1649.9821876992985,1583.9829001913265,1616.9825439453125,45100,0.0,0.0
2014-02-18 00:00:00+09:00,1649.9822781170685,1649.9822781170685,1600.4828097735565,1625.2325439453125,32400,0.0,0.0
2014-02-19 00:00:00+09:00,1625.2326251124837,1649.982360520288,1550.9834188890707,1575.733154296875,58300,0.0,0.0
2014-02-20 00:00:00+09:00,1600.4828554789226,1633.4825019836426,1575.7331206003826,1583.9830322265625,101600,0.0,0.0
2014-02-21 00:00:00+09:00,1666.4819995117189,1666.4819995117189,1625.2324450683595,1649.982177734375,53600,0.0,0.0
2014-02-24 00:00:00+09:00,1625.2322931242227,1658.23193359375,1625.2322931242227,1658.23193359375,23800,0.0,0.0
2014-02-25 00:00:00+09:00,1666.482034737723,1740.7312343052454,1649.982212611607,1732.4813232421875,63300,0.0,0.0
2014-02-26 00:00:00+09:00,1758.0682373046875,1766.322078794381,1716.7990298562206,1758.0682373046875,39000,1.0,0.0
2014-02-27 00:00:00+09:00,1824.0988932291668,1980.9218750000002,1815.8450520833335,1980.921875,259100,0.0,0.0
2014-02-28 00:00:00+09:00,2162.5062762004573,2170.760116949314,2005.68330197218,2030.44482421875,507200,0.0,0.0
2014-03-03 00:00:00+09:00,1956.1603183088632,1972.6680003199085,1881.8757492591596,1914.89111328125,117700,0.0,0.0
2014-03-04 00:00:00+09:00,1881.8755493164062,1890.129389444987,1782.8294677734375,1782.8294677734375,128800,0.0,0.0
2014-03-05 00:00:00+09:00,1782.8294677734375,1824.0986684163413,1758.0679473876953,1782.8294677734375,61100,0.0,0.0
2014-03-06 00:00:00+09:00,1733.3067411534926,1898.3835736443014,1725.0528995289521,1824.0989990234375,115900,0.0,0.0
2014-03-07 00:00:00+09:00,1782.829769258721,1848.8605014534885,1758.0682446856833,1774.575927734375,63500,0.0,0.0
2014-03-10 00:00:00+09:00,1749.8144031613374,1840.6066599291426,1749.8144031613374,1774.575927734375,51300,0.0,0.0
2014-03-11 00:00:00+09:00,1766.3218994140625,1799.337262019933,1758.068058762595,1766.3218994140625,45600,0.0,0.0
2014-03-12 00:00:00+09:00,1716.7991762066833,1733.306860593286,1667.276123046875,1667.276123046875,106700,0.0,0.0
2014-03-13 00:00:00+09:00,1617.752922136759,1650.768287894652,1592.9913978183392,1601.2452392578125,93700,0.0,0.0
2014-03-14 00:00:00+09:00,1584.7376063481674,1592.9914480478976,1568.2299229487073,1576.4837646484375,45100,0.0,0.0
2014-03-17 00:00:00+09:00,1576.4836341817543,1626.0066802817048,1559.9759521484375,1559.9759521484375,40700,0.0,0.0
2014-03-18 00:00:00+09:00,1576.4836341817543,1592.9913162150713,1551.7221111317792,1559.9759521484375,32500,0.0,0.0
2014-03-19 00:00:00+09:00,1551.722094066723,1559.9759349926098,1526.9605712890625,1526.9605712890625,40900,0.0,0.0
2014-03-20 00:00:00+09:00,1502.19900390625,1510.4528445870535,1444.422119140625,1444.422119140625,69500,0.0,0.0
2014-03-24 00:00:00+09:00,1452.6760416666668,1502.1990885416667,1444.4222005208335,1485.69140625,49400,0.0,0.0
2014-03-25 00:00:00+09:00,1502.19923187584,1559.9761254095263,1493.9453899424564,1535.214599609375,60100,0.0,0.0
2014-03-26 00:00:00+09:00,1526.9606119791667,1551.7221354166668,1485.69140625,1485.69140625,41200,0.0,0.0
2014-03-27 00:00:00+09:00,1469.1837319174965,1502.1990966796875,1469.1837319174965,1502.1990966796875,19600,0.0,0.0
2014-03-28 00:00:00+09:00,1502.1992253842561,1526.960751077403,1502.1992253842561,1518.7069091796875,19800,0.0,0.0
2014-03-31 00:00:00+09:00,1535.2145929751189,1535.2145929751189,1502.1992253842561,1518.7069091796875,15300,0.0,0.0
2014-04-01 00:00:00+09:00,1510.4530672819717,1526.960751077403,1493.9453834865403,1518.7069091796875,24100,0.0,0.0
2014-04-02 00:00:00+09:00,1526.960734256028,1683.7837285850255,1526.960734256028,1626.0068359375,178200,0.0,0.0
2014-04-03 00:00:00+09:00,1650.7684445848652,1708.5453401453353,1634.2607601390166,1683.7838134765625,102500,0.0,0.0
2014-04-04 00:00:00+09:00,1659.0222868077894,1708.5453401453353,1659.0222868077894,1683.7838134765625,58600,0.0,0.0
2014-04-07 00:00:00+09:00,1535.2144452821406,1626.0066974224821,1526.960604178473,1592.9913330078125,124400,0.0,0.0
2014-04-08 00:00:00+09:00,1584.7374267578125,1601.2451082865398,1551.7220637003581,1584.7374267578125,35000,0.0,0.0
2014-04-09 00:00:00+09:00,1551.7222767705503,1584.737644361413,1518.7069091796875,1518.7069091796875,35900,0.0,0.0
2014-04-10 00:00:00+09:00,1526.9606708547924,1559.976036711112,1469.1837806062326,1477.4376220703125,34800,0.0,0.0
2014-04-11 00:00:00+09:00,1444.4222634668508,1502.1991540055249,1444.4222634668508,1493.9453125,29700,0.0,0.0
2014-04-14 00:00:00+09:00,1485.6914709944751,1510.4529955110497,1469.1837879834254,1493.9453125,33000,0.0,0.0
2014-04-15 00:00:00+09:00,1485.6914709944751,1526.9606785220994,1477.4376294889503,1493.9453125,28500,0.0,0.0
2014-04-16 00:00:00+09:00,1502.19923187584,1535.214599609375,1493.9453899424564,1535.214599609375,15800,0.0,0.0
2014-04-17 00:00:00+09:00,1535.2144614418785,1535.2144614418785,1502.1990966796875,1502.1990966796875,9500,0.0,0.0
2014-04-18 00:00:00+09:00,1502.1991540055249,1518.7068370165746,1493.9453125,1493.9453125,16600,0.0,0.0
2014-04-21 00:00:00+09:00,1493.9453125,1518.7068370165746,1493.9453125,1493.9453125,13900,0.0,0.0
2014-04-22 00:00:00+09:00,1485.6914635343926,1493.9453049984725,1477.4376220703125,1477.4376220703125,19000,0.0,0.0
2014-04-23 00:00:00+09:00,1469.18359375,1477.4374341643259,1452.6759129213483,1469.18359375,19600,0.0,0.0
2014-04-24 00:00:00+09:00,1469.1837239583335,1526.9606119791667,1469.1837239583335,1485.69140625,29900,0.0,0.0
2014-04-25 00:00:00+09:00,1493.9453125,1502.1991540055249,1485.6914709944751,1493.9453125,7200,0.0,0.0
2014-04-28 00:00:00+09:00,1510.453125,1518.7069672131147,1493.9454405737704,1510.453125,13800,0.0,0.0
2014-04-30 00:00:00+09:00,1526.9606119791667,1526.9606119791667,1477.4375651041667,1485.69140625,15400,0.0,0.0
2014-05-01 00:00:00+09:00,1477.4375651041667,1485.69140625,1460.9298828125002,1485.69140625,12200,0.0,0.0
2014-05-02 00:00:00+09:00,1477.4377123244265,1584.737657912234,1477.4377123244265,1551.7222900390625,74800,0.0,0.0
2014-05-07 00:00:00+09:00,1535.2144614418785,1543.4683026324262,1502.1990966796875,1502.1990966796875,21400,0.0,0.0
2014-05-08 00:00:00+09:00,1518.706779060783,1518.706779060783,1493.9452554891398,1502.1990966796875,6100,0.0,0.0
2014-05-09 00:00:00+09:00,1510.4529378702352,1518.706779060783,1502.1990966796875,1502.1990966796875,8900,0.0,0.0
2014-05-12 00:00:00+09:00,1502.1991540055249,1518.7068370165746,1485.6914709944751,1493.9453125,14000,0.0,0.0
2014-05-13 00:00:00+09:00,1485.6915983606557,1526.9608094262294,1485.6915983606557,1510.453125,16000,0.0,0.0
2014-05-14 00:00:00+09:00,1535.2145929751189,1559.9761186682658,1518.7069091796875,1518.7069091796875,19400,0.0,0.0
2014-05-15 00:00:00+09:00,1518.7067303631757,1543.4682531408362,1518.7067303631757,1526.9605712890625,5500,0.0,0.0
2014-05-16 00:00:00+09:00,1518.706636235955,1518.706636235955,1403.1528704353932,1469.18359375,46900,0.0,0.0
2014-05-19 00:00:00+09:00,1460.929840446921,1477.4375222598806,1394.8991131950827,1403.1529541015625,38000,0.0,0.0
2014-05-20 00:00:00+09:00,1361.8836757114955,1386.6451970880682,1271.0914306640625,1271.0914306640625,65900,0.0,0.0
2014-05-21 00:00:00+09:00,1229.8224918392154,1246.3301762934332,1155.537911795236,1180.2994384765625,136800,0.0,0.0
2014-05-22 00:00:00+09:00,1180.299203596444,1205.0607253502155,1172.0453630118534,1196.806884765625,63700,0.0,0.0
2014-05-23 00:00:00+09:00,1205.0609936683006,1279.3455754697713,1205.0609936683006,1262.837890625,66100,0.0,0.0
2014-05-26 00:00:00+09:00,1271.091475323933,1386.6452458079268,1262.8376345750762,1353.6298828125,106500,0.0,0.0
2014-05-27 00:00:00+09:00,1394.8990478515625,1452.6759314903848,1386.6452073317307,1394.8990478515625,104800,0.0,0.0
2014-05-28 00:00:00+09:00,1419.660635914522,1419.660635914522,1378.391431382123,1403.1529541015625,49500,0.0,0.0
2014-05-29 00:00:00+09:00,1394.899121661519,1427.914485487827,1386.645280704942,1419.66064453125,35200,0.0,0.0
2014-05-30 00:00:00+09:00,1436.1682600054826,1460.929781729715,1403.1528977065059,1411.40673828125,37000,0.0,0.0
2014-06-02 00:00:00+09:00,1403.1529541015625,1411.4067950080423,1386.6452722886029,1403.1529541015625,27600,0.0,0.0
2014-06-03 00:00:00+09:00,1403.1528977065059,1419.6605788559941,1394.8990571317618,1411.40673828125,13000,0.0,0.0
2014-06-04 00:00:00+09:00,1411.4069706086188,1535.214599609375,1403.1531286752352,1535.214599609375,116200,0.0,0.0
2014-06-05 00:00:00+09:00,1510.4529127641158,1568.2298001376066,1403.1529790704901,1452.676025390625,170800,0.0,0.0
2014-06-06 00:00:00+09:00,1427.9144287109375,1436.1682693393243,1403.1529068257767,1427.9144287109375,45300,0.0,0.0
2014-06-09 00:00:00+09:00,1419.660551264045,1469.18359375,1419.660551264045,1469.18359375,29500,0.0,0.0
2014-06-10 00:00:00+09:00,1436.1682504507212,1452.6759314903848,1394.8990478515625,1394.8990478515625,70600,0.0,0.0
2014-06-11 00:00:00+09:00,1378.3913668118992,1436.1682504507212,1361.8836857722356,1394.8990478515625,54400,0.0,0.0
2014-06-12 00:00:00+09:00,1361.8836857722356,1403.1528883713943,1353.6298452524038,1394.8990478515625,27100,0.0,0.0
2014-06-13 00:00:00+09:00,1361.8838609967913,1403.153068905785,1361.8838609967913,1386.6453857421875,26000,0.0,0.0
2014-06-16 00:00:00+09:00,1370.1377462375383,1386.6454299271472,1337.1223788583206,1345.376220703125,36500,0.0,0.0
2014-06-17 00:00:00+09:00,1328.868465423584,1345.376148223877,1312.360782623291,1320.6146240234375,36800,0.0,0.0
2014-06-18 00:00:00+09:00,1320.614688470497,1337.122372076378,1320.614688470497,1328.8685302734375,23000,0.0,0.0
2014-06-19 00:00:00+09:00,1320.6145911302394,1378.3914794921875,1320.6145911302394,1378.3914794921875,52700,0.0,0.0
2014-06-20 00:00:00+09:00,1361.8837235613569,1378.3914050590702,1320.6145198170732,1353.6298828125,64300,0.0,0.0
2014-06-23 00:00:00+09:00,1345.3762138793188,1353.6300556822594,1320.614688470497,1328.8685302734375,24200,0.0,0.0
2014-06-24 00:00:00+09:00,1328.868399758009,1328.868399758009,1304.1068767811516,1312.3607177734375,34500,0.0,0.0
2014-06-25 00:00:00+09:00,1295.85302734375,1312.3607092207403,1271.0915045282643,1295.85302734375,52600,0.0,0.0
2014-06-26 00:00:00+09:00,1304.1071084299394,1304.1071084299394,1271.0917385962703,1279.3455810546875,17100,0.0,0.0
2014-06-27 00:00:00+09:00,1279.34527112292,1279.34527112292,1246.32990928749,1271.0914306640625,24000,0.0,0.0
2014-06-30 00:00:00+09:00,1271.0915128120087,1312.3607177734375,1262.8376718197228,1312.3607177734375,18500,0.0,0.0
2014-07-01 00:00:00+09:00,1295.85302734375,1312.3607092207403,1279.3453454667595,1295.85302734375,17000,0.0,0.0
2014-07-02 00:00:00+09:00,1304.1068682822452,1304.1068682822452,1295.85302734375,1295.85302734375,9900,0.0,0.0
2014-07-03 00:00:00+09:00,1287.5991864052548,1295.85302734375,1279.3453454667595,1295.85302734375,14800,0.0,0.0
2014-07-04 00:00:00+09:00,1304.1069087411115,1386.6453206867513,1295.8530675465474,1378.3914794921875,100700,0.0,0.0
2014-07-07 00:00:00+09:00,1378.3915810910812,1386.6454228940217,1328.8685302734375,1328.8685302734375,48500,0.0,0.0
2014-07-08 00:00:00+09:00,1312.360782623291,1337.1223068237305,1304.1069412231445,1320.6146240234375,29100,0.0,0.0
2014-07-09 00:00:00+09:00,1304.1068115234375,1328.8683332612243,1295.8529709441752,1304.1068115234375,22500,0.0,0.0
2014-07-10 00:00:00+09:00,1304.1067924994927,1312.3606329583502,1262.837590205205,1271.0914306640625,31100,0.0,0.0
2014-07-11 00:00:00+09:00,1262.837590205205,1271.0914306640625,1246.32990928749,1271.0914306640625,14600,0.0,0.0
2014-07-14 00:00:00+09:00,1271.0914492063885,1304.1068115234375,1262.8376086271262,1304.1068115234375,17100,0.0,0.0
2014-07-15 00:00:00+09:00,1312.360950888357,1320.6147933467741,1279.3455810546875,1279.3455810546875,16400,0.0,0.0
2014-07-16 00:00:00+09:00,1279.3455810546875,1295.8532659715222,1271.0917385962703,1279.3455810546875,16400,0.0,0.0
2014-07-17 00:00:00+09:00,1287.5991115817776,1287.5991115817776,1262.837590205205,1271.0914306640625,19700,0.0,0.0
2014-07-18 00:00:00+09:00,1262.8377035040605,1279.3453859028064,1254.5838623046875,1254.5838623046875,16200,0.0,0.0
2014-07-22 00:00:00+09:00,1262.8378961378528,1304.1071084299394,1262.8378961378528,1279.3455810546875,26400,0.0,0.0
2014-07-23 00:00:00+09:00,1279.3453454667595,1304.1068682822452,1271.0915045282643,1295.85302734375,10000,0.0,0.0
2014-07-24 00:00:00+09:00,1295.85302734375,1304.1068682822452,1287.5991864052548,1295.85302734375,12400,0.0,0.0
2014-07-25 00:00:00+09:00,1271.0917385962703,1287.5994235131047,1271.0917385962703,1279.3455810546875,28500,0.0,0.0
2014-07-28 00:00:00+09:00,1279.3453454667595,1345.3760729747214,1279.3453454667595,1295.85302734375,32900,0.0,0.0
2014-07-29 00:00:00+09:00,1304.10692576873,1304.10692576873,1279.3454018617288,1287.5992431640625,19900,0.0,0.0
2014-07-30 00:00:00+09:00,1287.5991115817776,1287.5991115817776,1262.837590205205,1271.0914306640625,10900,0.0,0.0
2014-07-31 00:00:00+09:00,1271.0914306640625,1279.34527112292,1271.0914306640625,1271.0914306640625,5300,0.0,0.0
2014-08-01 00:00:00+09:00,1254.5838623046875,1279.3453859028064,1246.3300211053147,1254.5838623046875,9200,0.0,0.0
2014-08-04 00:00:00+09:00,1254.5838623046875,1262.8377035040605,1246.3300211053147,1254.5838623046875,5900,0.0,0.0
2014-08-05 00:00:00+09:00,1262.837513904698,1279.3451938250207,1246.329833984375,1246.329833984375,12600,0.0,0.0
2014-08-06 00:00:00+09:00,1246.3300211053147,1271.0915447034333,1246.3300211053147,1254.5838623046875,15200,0.0,0.0
2014-08-07 00:00:00+09:00,1254.5839778645832,1262.8378198242187,1238.0762939453125,1238.0762939453125,11600,0.0,0.0
2014-08-08 00:00:00+09:00,1229.822563275899,1238.0764059824487,1180.299507036601,1205.06103515625,25400,0.0,0.0
2014-08-11 00:00:00+09:00,1196.8070143096302,1229.8223802216198,1196.8070143096302,1213.314697265625,9200,0.0,0.0
2014-08-12 00:00:00+09:00,1221.5684249161072,1229.822265625,1213.3145842072147,1229.822265625,8800,0.0,0.0
2014-08-13 00:00:00+09:00,1205.0607434983222,1229.822265625,1196.8069027894294,1229.822265625,11700,0.0,0.0
2014-08-14 00:00:00+09:00,1238.0762939453125,1254.5839778645832,1221.5686100260416,1238.0762939453125,11600,0.0,0.0
2014-08-15 00:00:00+09:00,1238.0762939453125,1254.5839778645832,1229.822451985677,1238.0762939453125,8200,0.0,0.0
2014-08-18 00:00:00+09:00,1246.3302057802289,1262.837890625,1238.076363357843,1262.837890625,10900,0.0,0.0
2014-08-19 00:00:00+09:00,1271.0915447034333,1271.0915447034333,1246.3300211053147,1254.5838623046875,11300,0.0,0.0
2014-08-20 00:00:00+09:00,1246.329947042785,1262.8376284605704,1229.822265625,1229.822265625,6700,0.0,0.0
2014-08-21 00:00:00+09:00,1238.0759940242137,1254.5836739445365,1238.0759940242137,1246.329833984375,6200,0.0,0.0
2014-08-22 00:00:00+09:00,1238.0762939453125,1246.3301359049478,1229.822451985677,1238.0762939453125,3600,0.0,0.0
2014-08-25 00:00:00+09:00,1213.3145842072147,1238.0761063338925,1213.3145842072147,1229.822265625,7600,0.0,0.0
2014-08-26 00:00:00+09:00,1221.5684249161072,1238.0761063338925,1213.3145842072147,1229.822265625,13100,0.0,0.0
2014-08-27 00:00:00+09:00,1229.822265625,1229.822265625,1213.3145842072147,1229.822265625,7000,0.0,0.0
2014-08-28 00:00:00+09:00,1238.0761063338925,1238.0761063338925,1221.5684249161072,1229.822265625,10200,0.0,0.0
2014-08-29 00:00:00+09:00,1221.5686100260416,1238.0762939453125,1221.5686100260416,1238.0762939453125,5700,0.0,0.0
2014-09-01 00:00:00+09:00,1238.0759940242137,1262.837513904698,1229.8221540640523,1246.329833984375,9700,0.0,0.0
2014-09-02 00:00:00+09:00,1246.3301359049478,1246.3301359049478,1229.822451985677,1238.0762939453125,13400,0.0,0.0
2014-09-03 00:00:00+09:00,1221.5685387436224,1229.8223802216198,1213.314697265625,1213.314697265625,31900,0.0,0.0
2014-09-04 00:00:00+09:00,1213.3146403544658,1229.8223225361592,1213.3146403544658,1221.5684814453125,6100,0.0,0.0
2014-09-05 00:00:00+09:00,1213.314697265625,1229.8223802216198,1213.314697265625,1213.314697265625,7500,0.0,0.0
2014-09-08 00:00:00+09:00,1213.3146403544658,1221.5684814453125,1205.0607992636192,1221.5684814453125,4000,0.0,0.0
2014-09-09 00:00:00+09:00,1213.3146403544658,1229.8223225361592,1205.0607992636192,1221.5684814453125,12400,0.0,0.0
2014-09-10 00:00:00+09:00,1229.8222283697748,1271.0914306640625,1213.3145474520597,1271.0914306640625,31800,0.0,0.0
2014-09-11 00:00:00+09:00,1312.3608466675564,1419.6607901057841,1304.1070048646156,1328.8685302734375,404700,0.0,0.0
2014-09-12 00:00:00+09:00,1345.3762138793188,1353.6300556822594,1304.1070048646156,1328.8685302734375,52400,0.0,0.0
2014-09-16 00:00:00+09:00,1328.8683910977309,1328.8683910977309,1287.5991864052548,1295.85302734375,20400,0.0,0.0
2014-09-17 00:00:00+09:00,1287.599417892157,1295.8532603145425,1262.837890625,1262.837890625,24700,0.0,0.0
2014-09-18 00:00:00+09:00,1262.8377035040605,1279.3453859028064,1246.3300211053147,1254.5838623046875,13300,0.0,0.0
2014-09-19 00:00:00+09:00,1246.3300211053147,1254.5838623046875,1229.8223387065686,1254.5838623046875,18000,0.0,0.0
2014-09-22 00:00:00+09:00,1254.5839778645832,1254.5839778645832,1238.0762939453125,1238.0762939453125,7700,0.0,0.0
2014-09-24 00:00:00+09:00,1238.0762939453125,1238.0762939453125,1229.822451985677,1238.0762939453125,9000,0.0,0.0
2014-09-25 00:00:00+09:00,1254.5838623046875,1254.5838623046875,1238.0761799059417,1254.5838623046875,9100,0.0,0.0
2014-09-26 00:00:00+09:00,1238.0759940242137,1254.5836739445365,1238.0759940242137,1246.329833984375,12000,0.0,0.0
2014-09-29 00:00:00+09:00,1262.837513904698,1262.837513904698,1229.8221540640523,1246.329833984375,12300,0.0,0.0
2014-09-30 00:00:00+09:00,1229.8223225361592,1229.8223225361592,1213.3146403544658,1221.5684814453125,25800,0.0,0.0
2014-10-01 00:00:00+09:00,1229.8223054673936,1229.8223054673936,1188.5531005859375,1188.5531005859375,14900,0.0,0.0
2014-10-02 00:00:00+09:00,1147.284175232379,1155.5380182196625,1130.7764892578125,1130.7764892578125,48300,0.0,0.0
2014-10-03 00:00:00+09:00,1295.853163061675,1452.6761573175465,1262.8377958499127,1328.8685302734375,1810900,0.0,0.0
2014-10-06 00:00:00+09:00,1304.10683831936,1353.6298828125,1279.3453160727897,1353.6298828125,198600,0.0,0.0
2014-10-07 00:00:00+09:00,1419.6607901057841,1460.9299991204873,1320.614688470497,1328.8685302734375,452100,0.0,0.0
2014-10-08 00:00:00+09:00,1304.1070114791028,1370.1377462375383,1295.8531696342984,1345.376220703125,121600,0.0,0.0
2014-10-09 00:00:00+09:00,1353.6300556822594,1378.3915810910812,1320.614688470497,1328.8685302734375,56900,0.0,0.0
2014-10-10 00:00:00+09:00,1304.1068115234375,1328.8683332612243,1295.8529709441752,1304.1068115234375,47400,0.0,0.0
2014-10-14 00:00:00+09:00,1295.85302734375,1312.3607092207403,1287.5991864052548,1295.85302734375,40300,0.0,0.0
2014-10-15 00:00:00+09:00,1287.599417892157,1295.8532603145425,1246.3302057802289,1262.837890625,49900,0.0,0.0
2014-10-16 00:00:00+09:00,1221.5685387436224,1254.5839046556123,1205.0608557876276,1213.314697265625,75400,0.0,0.0
2014-10-17 00:00:00+09:00,1196.8067975725446,1205.0606375558036,1155.53759765625,1155.53759765625,52700,0.0,0.0
2014-10-20 00:00:00+09:00,1196.8071229307802,1205.0609651578889,1180.2994384765625,1180.2994384765625,31400,0.0,0.0
2014-10-21 00:00:00+09:00,1180.2994324163342,1188.5532746010638,1163.791748046875,1163.791748046875,19500,0.0,0.0
2014-10-22 00:00:00+09:00,1172.0455962494536,1180.2994384765625,1163.7917540223448,1180.2994384765625,15200,0.0,0.0
2014-10-23 00:00:00+09:00,1172.0455962494536,1188.5532807036714,1163.7917540223448,1180.2994384765625,10000,0.0,0.0
2014-10-24 00:00:00+09:00,1180.2994324163342,1188.5532746010638,1163.791748046875,1163.791748046875,25200,0.0,0.0
2014-10-27 00:00:00+09:00,1163.7914480289942,1180.2991281428806,1163.7914480289942,1172.0452880859375,10300,0.0,0.0
2014-10-28 00:00:00+09:00,1172.045418633355,1229.8223054673936,1163.7915776570637,1188.5531005859375,43000,0.0,0.0
2014-10-29 00:00:00+09:00,1205.06103515625,1221.5687205693494,1196.8071924497003,1205.06103515625,18600,0.0,0.0
2014-10-30 00:00:00+09:00,1205.0607253502155,1205.0607253502155,1188.5530441810345,1196.806884765625,9200,0.0,0.0
2014-10-31 00:00:00+09:00,1196.8070143096302,1221.5685387436224,1180.2993313536351,1213.314697265625,24500,0.0,0.0
2014-11-04 00:00:00+09:00,1221.5684065193966,1229.8222471039871,1188.5530441810345,1196.806884765625,27600,0.0,0.0
2014-11-05 00:00:00+09:00,1205.0608557876276,1213.314697265625,1188.5531728316325,1213.314697265625,11000,0.0,0.0
2014-11-06 00:00:00+09:00,1221.5684065193966,1221.5684065193966,1188.5530441810345,1196.806884765625,16700,0.0,0.0
2014-11-07 00:00:00+09:00,1205.0607253502155,1205.0607253502155,1188.5530441810345,1196.806884765625,11500,0.0,0.0
2014-11-10 00:00:00+09:00,1196.8069415622288,1205.06078253852,1188.5531005859375,1188.5531005859375,8200,0.0,0.0
2014-11-11 00:00:00+09:00,1188.5531005859375,1196.8069415622288,1180.2992596096462,1188.5531005859375,13300,0.0,0.0
2014-11-12 00:00:00+09:00,1180.2991281428806,1188.552968199824,1172.0452880859375,1172.0452880859375,16300,0.0,0.0
2014-11-13 00:00:00+09:00,1172.0452776227678,1172.0452776227678,1155.53759765625,1155.53759765625,11300,0.0,0.0
2014-11-14 00:00:00+09:00,1172.0455902316046,1172.0455902316046,1155.5379058621454,1163.791748046875,12200,0.0,0.0
2014-11-17 00:00:00+09:00,1163.7915425020105,1163.7915425020105,1081.2531352323645,1122.5223388671875,28900,0.0,0.0
2014-11-18 00:00:00+09:00,1114.268689052664,1147.2840576171875,1114.268689052664,1147.2840576171875,23100,0.0,0.0
2014-11-19 00:00:00+09:00,1130.7764892578125,1139.030332245096,1122.5226462705293,1130.7764892578125,14300,0.0,0.0
2014-11-20 00:00:00+09:00,1155.5380182196625,1172.045704194229,1130.7764892578125,1130.7764892578125,24300,0.0,0.0
2014-11-21 00:00:00+09:00,1130.7763733349257,1155.5378997583182,1122.522531193795,1147.2840576171875,17700,0.0,0.0
2014-11-25 00:00:00+09:00,1155.5375870414402,1155.5375870414402,1130.7760673191237,1139.0299072265625,13900,0.0,0.0
2014-11-26 00:00:00+09:00,1139.0299072265625,1147.2837471340015,1130.7760673191237,1139.0299072265625,7100,0.0,0.0
2014-11-27 00:00:00+09:00,1139.030332245096,1139.030332245096,1122.5226462705293,1130.7764892578125,13100,0.0,0.0
2014-11-28 00:00:00+09:00,1130.7764892578125,1130.7764892578125,1122.5226462705293,1130.7764892578125,19700,0.0,0.0
2014-12-01 00:00:00+09:00,1130.7760673191237,1139.0299072265625,1122.5222274116848,1139.0299072265625,11700,0.0,0.0
2014-12-02 00:00:00+09:00,1139.0299072265625,1139.0299072265625,1130.7760673191237,1139.0299072265625,15900,0.0,0.0
2014-12-03 00:00:00+09:00,1139.030332245096,1163.7918612069457,1122.5226462705293,1130.7764892578125,41200,0.0,0.0
2014-12-04 00:00:00+09:00,1139.030078125,1139.030078125,1106.0147135416667,1114.2685546875,38500,0.0,0.0
2014-12-05 00:00:00+09:00,1114.268803283246,1130.7764892578125,1106.0149602959625,1130.7764892578125,20400,0.0,0.0
2014-12-08 00:00:00+09:00,1122.522247744278,1172.0452880859375,1122.522247744278,1172.0452880859375,76900,0.0,0.0
2014-12-09 00:00:00+09:00,1163.7918612069457,1163.7918612069457,1122.5226462705293,1130.7764892578125,37400,0.0,0.0
2014-12-10 00:00:00+09:00,1114.2687350600513,1130.776420023904,1097.7610500961987,1106.014892578125,37900,0.0,0.0
2014-12-11 00:00:00+09:00,1089.507080078125,1106.0147631096117,1081.2532385623815,1089.507080078125,17400,0.0,0.0
2014-12-12 00:00:00+09:00,1106.014892578125,1114.2687350600513,1106.014892578125,1106.014892578125,10300,0.0,0.0
2014-12-15 00:00:00+09:00,1097.7609215938683,1097.7609215938683,1081.2532385623815,1089.507080078125,28700,0.0,0.0
2014-12-16 00:00:00+09:00,1081.2533541165865,1089.507196514423,1064.7456693209135,1072.99951171875,22800,0.0,0.0
2014-12-17 00:00:00+09:00,1056.4917568897638,1064.745598740465,1048.2379150390625,1048.2379150390625,21900,0.0,0.0
2014-12-18 00:00:00+09:00,1056.4915771484375,1072.9992580413818,1056.4915771484375,1056.4915771484375,20900,0.0,0.0
2014-12-19 00:00:00+09:00,1064.7454175949097,1064.7454175949097,1048.2377367019653,1056.4915771484375,23500,0.0,0.0
2014-12-22 00:00:00+09:00,1072.9994473716085,1081.253289274467,1048.237921663033,1064.74560546875,20900,0.0,0.0
2014-12-24 00:00:00+09:00,1064.7454078311011,1064.7454078311011,1039.98388671875,1039.98388671875,23400,0.0,0.0
2014-12-25 00:00:00+09:00,1031.7302766393443,1039.984118852459,1006.96875,1006.96875,37900,0.0,0.0
2014-12-26 00:00:00+09:00,1006.9685252356151,1048.2377270895338,1006.9685252356151,1039.98388671875,13600,0.0,0.0
2014-12-29 00:00:00+09:00,1056.4915771484375,1064.7454175949097,1048.2377367019653,1056.4915771484375,16200,0.0,0.0
2014-12-30 00:00:00+09:00,1064.74560546875,1064.74560546875,1048.237921663033,1064.74560546875,9400,0.0,0.0
2015-01-05 00:00:00+09:00,1064.7456693209135,1097.7610389122597,1064.7456693209135,1072.99951171875,13000,0.0,0.0
2015-01-06 00:00:00+09:00,1072.9992116680583,1106.0145720270755,1064.745371578304,1081.2530517578125,13700,0.0,0.0
2015-01-07 00:00:00+09:00,1081.2534313341127,1139.030332245096,1081.2534313341127,1130.7764892578125,43400,0.0,0.0
2015-01-08 00:00:00+09:00,1114.2684121168297,1114.2684121168297,1064.745371578304,1081.2530517578125,41000,0.0,0.0
2015-01-09 00:00:00+09:00,1081.253098487854,1081.253098487854,1056.4915771484375,1056.4915771484375,23300,0.0,0.0
2015-01-13 00:00:00+09:00,1056.4915771484375,1064.7454175949097,1048.2377367019653,1056.4915771484375,4400,0.0,0.0
2015-01-14 00:00:00+09:00,1048.2377270895338,1056.4915674603176,1039.98388671875,1039.98388671875,9700,0.0,0.0
2015-01-15 00:00:00+09:00,1039.9840731883612,1048.2379150390625,1031.73023133766,1048.2379150390625,8300,0.0,0.0
2015-01-16 00:00:00+09:00,1048.2377270895338,1048.2377270895338,1031.7300463479662,1039.98388671875,8400,0.0,0.0
2015-01-19 00:00:00+09:00,1039.984124952747,1048.2379672142768,1015.2225981681578,1023.4764404296875,11300,0.0,0.0
2015-01-20 00:00:00+09:00,1015.222541015625,1031.730224609375,1006.96869921875,1031.730224609375,8800,0.0,0.0
2015-01-21 00:00:00+09:00,1031.730224609375,1039.98406640625,1023.4763828125,1031.730224609375,10000,0.0,0.0
2015-01-22 00:00:00+09:00,1039.98406640625,1039.98406640625,1023.4763828125,1031.730224609375,4200,0.0,0.0
2015-01-23 00:00:00+09:00,1031.730224609375,1039.98406640625,1031.730224609375,1031.730224609375,4200,0.0,0.0
2015-01-26 00:00:00+09:00,1031.7302826912173,1031.7302826912173,1023.4764404296875,1023.4764404296875,4900,0.0,0.0
2015-01-27 00:00:00+09:00,1031.73023133766,1048.2379150390625,1031.73023133766,1048.2379150390625,8700,0.0,0.0
2015-01-28 00:00:00+09:00,1048.2377367019653,1056.4915771484375,1039.9838962554932,1056.4915771484375,7900,0.0,0.0
2015-01-29 00:00:00+09:00,1056.4915674603176,1056.4915674603176,1039.98388671875,1039.98388671875,7700,0.0,0.0
2015-01-30 00:00:00+09:00,1039.98406640625,1048.237908203125,1031.730224609375,1031.730224609375,5400,0.0,0.0
2015-02-02 00:00:00+09:00,1031.7302826912173,1039.984124952747,1023.4764404296875,1023.4764404296875,8800,0.0,0.0
2015-02-03 00:00:00+09:00,1023.4762528582318,1031.7300936070885,1015.2224121093751,1015.222412109375,7000,0.0,0.0
2015-02-04 00:00:00+09:00,1023.4763828125,1039.98406640625,1006.96869921875,1031.730224609375,12700,0.0,0.0
2015-02-05 00:00:00+09:00,1006.9685713605184,1015.2224121093751,1006.9685713605184,1015.222412109375,50800,0.0,0.0
2015-02-06 00:00:00+09:00,998.7149136450982,1023.4764404296875,998.7149136450982,1023.4764404296875,49000,0.0,0.0
2015-02-09 00:00:00+09:00,1039.98388671875,1048.2377270895338,1023.4762059771825,1039.98388671875,51600,0.0,0.0
2015-02-10 00:00:00+09:00,1048.2379672142768,1056.4918094758063,1023.4764404296875,1023.4764404296875,38400,0.0,0.0
2015-02-12 00:00:00+09:00,1006.96869921875,1039.98406640625,1006.96869921875,1031.730224609375,49300,0.0,0.0
2015-02-13 00:00:00+09:00,1039.9838962554932,1056.4915771484375,1023.4762153625488,1056.4915771484375,12500,0.0,0.0
2015-02-16 00:00:00+09:00,1048.2379150390625,1056.4917568897638,1031.73023133766,1048.2379150390625,12600,0.0,0.0
2015-02-17 00:00:00+09:00,1048.237921663033,1081.253289274467,1048.237921663033,1064.74560546875,24000,0.0,0.0
2015-02-18 00:00:00+09:00,1064.74560546875,1072.9994473716085,1048.237921663033,1064.74560546875,15600,0.0,0.0
2015-02-19 00:00:00+09:00,1089.507196514423,1114.2687237079326,1064.7456693209135,1072.99951171875,70200,0.0,0.0
2015-02-20 00:00:00+09:00,1081.2533541165865,1081.2533541165865,1056.4918269230768,1072.99951171875,16400,0.0,0.0
2015-02-23 00:00:00+09:00,1089.5070231731672,1106.0147053424578,1081.2531820885222,1097.7608642578125,28100,0.0,0.0
2015-02-24 00:00:00+09:00,1106.0145720270755,1106.0145720270755,1081.2530517578125,1081.2530517578125,39400,0.0,0.0
2015-02-25 00:00:00+09:00,1065.5591147114912,1065.5591147114912,1049.038818359375,1049.038818359375,24400,1.0,0.0
2015-02-26 00:00:00+09:00,1049.0385599136353,1082.0791444778442,1049.0385599136353,1057.2987060546875,12500,0.0,0.0
2015-02-27 00:00:00+09:00,1073.8191069373788,1073.8191069373788,1057.2988129844962,1065.5589599609375,7700,0.0,0.0
2015-03-02 00:00:00+09:00,1057.2988129844962,1073.8191069373788,1057.2988129844962,1065.5589599609375,7200,0.0,0.0
2015-03-03 00:00:00+09:00,1065.5588521957397,1065.5588521957397,1057.2987060546875,1057.2987060546875,5600,0.0,0.0
2015-03-04 00:00:00+09:00,1057.298966535433,1057.298966535433,1040.778670183317,1049.038818359375,6100,0.0,0.0
2015-03-05 00:00:00+09:00,1049.038818359375,1065.5591147114912,1049.038818359375,1049.038818359375,4300,0.0,0.0
2015-03-06 00:00:00+09:00,1106.8597726532907,1164.6808055530896,1082.0793299819484,1090.3394775390625,171900,0.0,0.0
2015-03-09 00:00:00+09:00,1073.819091796875,1090.339385516827,1057.298798076923,1073.819091796875,37700,0.0,0.0
2015-03-10 00:00:00+09:00,1073.8192628875493,1073.8192628875493,1040.778670183317,1049.038818359375,28400,0.0,0.0
2015-03-11 00:00:00+09:00,1040.778564453125,1049.0387117900545,1040.778564453125,1040.778564453125,10000,0.0,0.0
2015-03-12 00:00:00+09:00,1040.7784870426829,1040.7784870426829,999.4777534298781,1015.998046875,98800,0.0,0.0
2015-03-13 00:00:00+09:00,1015.998061883645,1024.2582087282276,1007.7379150390625,1007.7379150390625,32700,0.0,0.0
2015-03-16 00:00:00+09:00,999.4776000976562,1007.7377455530088,999.4776000976562,999.4776000976562,34000,0.0,0.0
2015-03-17 00:00:00+09:00,999.4777681944801,1015.998061883645,999.4777681944801,1007.7379150390625,17700,0.0,0.0
2015-03-18 00:00:00+09:00,999.4776000976562,1015.9978910083613,999.4776000976562,999.4776000976562,11900,0.0,0.0
2015-03-19 00:00:00+09:00,1007.7377455530088,1007.7377455530088,999.4776000976562,999.4776000976562,10000,0.0,0.0
2015-03-20 00:00:00+09:00,999.4776000976562,1007.7377455530088,999.4776000976562,999.4776000976562,9900,0.0,0.0
2015-03-23 00:00:00+09:00,1007.7379150390625,1015.998061883645,1007.7379150390625,1007.7379150390625,11600,0.0,0.0
2015-03-24 00:00:00+09:00,1007.737900152439,1024.258193597561,1007.737900152439,1015.998046875,8000,0.0,0.0
2015-03-25 00:00:00+09:00,1015.998046875,1015.998046875,1007.737900152439,1015.998046875,7900,0.0,0.0
2015-03-26 00:00:00+09:00,1015.9978910083613,1015.9978910083613,999.4776000976562,999.4776000976562,13300,0.0,0.0
2015-03-27 00:00:00+09:00,999.4778139771533,1007.737961200105,974.6973723082983,982.95751953125,23700,0.0,0.0
2015-03-30 00:00:00+09:00,974.6973723082983,982.95751953125,958.1770778623949,982.95751953125,25600,0.0,0.0
2015-03-31 00:00:00+09:00,1007.7379455566406,1007.7379455566406,982.9575042724609,991.2176513671875,22100,0.0,0.0
2015-04-01 00:00:00+09:00,991.2176513671875,1007.7379455566406,991.2176513671875,991.2176513671875,11800,0.0,0.0
2015-04-02 00:00:00+09:00,991.2176667542017,999.4778139771533,982.95751953125,982.95751953125,7600,0.0,0.0
2015-04-03 00:00:00+09:00,974.6973723082983,999.4778139771533,974.6973723082983,982.95751953125,17700,0.0,0.0
2015-04-06 00:00:00+09:00,982.95751953125,999.4778139771533,974.6973723082983,982.95751953125,21900,0.0,0.0
2015-04-07 00:00:00+09:00,1090.3394484747023,1090.3394484747023,1015.9981224423362,1040.778564453125,181500,0.0,0.0
2015-04-08 00:00:00+09:00,1057.298859126984,1057.298859126984,1032.5184171161955,1040.778564453125,39800,0.0,0.0
2015-04-09 00:00:00+09:00,1040.778595955141,1049.0387435420866,1015.9981531943045,1024.25830078125,28400,0.0,0.0
2015-04-10 00:00:00+09:00,1024.25830078125,1032.5184483681955,1015.9981531943045,1024.25830078125,23100,0.0,0.0
2015-04-13 00:00:00+09:00,1024.25830078125,1024.25830078125,1007.7380056073588,1024.25830078125,10800,0.0,0.0
2015-04-14 00:00:00+09:00,1015.998061883645,1024.2582087282276,1007.7379150390625,1007.7379150390625,17200,0.0,0.0
2015-04-15 00:00:00+09:00,1015.9978910083613,1015.9978910083613,999.4776000976562,999.4776000976562,19900,0.0,0.0
2015-04-16 00:00:00+09:00,999.4777681944801,1015.998061883645,999.4777681944801,1007.7379150390625,22700,0.0,0.0
2015-04-17 00:00:00+09:00,1015.998061883645,1015.998061883645,1007.7379150390625,1007.7379150390625,10200,0.0,0.0
2015-04-20 00:00:00+09:00,1007.737900152439,1015.998046875,1007.737900152439,1015.998046875,13200,0.0,0.0
2015-04-21 00:00:00+09:00,1007.7379150390625,1007.7379150390625,999.4777681944801,1007.7379150390625,22800,0.0,0.0
2015-04-22 00:00:00+09:00,1007.737900152439,1015.998046875,1007.737900152439,1015.998046875,13900,0.0,0.0
2015-04-23 00:00:00+09:00,1015.998061883645,1024.2582087282276,1007.7379150390625,1007.7379150390625,6400,0.0,0.0
2015-04-24 00:00:00+09:00,1015.9978974609375,1032.5181884765625,1015.9978974609375,1032.5181884765625,20800,0.0,0.0
2015-04-27 00:00:00+09:00,1032.518340320122,1032.518340320122,1015.998046875,1015.998046875,17200,0.0,0.0
2015-04-28 00:00:00+09:00,1024.2582087282276,1024.2582087282276,1007.7379150390625,1007.7379150390625,13000,0.0,0.0
2015-04-30 00:00:00+09:00,1007.7377455530088,1015.9978910083613,999.4776000976562,999.4776000976562,17400,0.0,0.0
2015-05-01 00:00:00+09:00,999.4777984619141,999.4777984619141,991.2176513671875,991.2176513671875,15300,0.0,0.0
2015-05-07 00:00:00+09:00,991.2176667542017,991.2176667542017,982.95751953125,982.95751953125,6500,0.0,0.0
2015-05-08 00:00:00+09:00,991.2176667542017,991.2176667542017,982.95751953125,982.95751953125,6400,0.0,0.0
2015-05-11 00:00:00+09:00,991.2176667542017,999.4778139771533,982.95751953125,982.95751953125,5800,0.0,0.0
2015-05-12 00:00:00+09:00,982.95751953125,991.2176667542017,982.95751953125,982.95751953125,4600,0.0,0.0
2015-05-13 00:00:00+09:00,982.95751953125,991.2176667542017,982.95751953125,982.95751953125,3100,0.0,0.0
2015-05-14 00:00:00+09:00,982.95751953125,991.2176667542017,982.95751953125,982.95751953125,7700,0.0,0.0
2015-05-15 00:00:00+09:00,991.2176667542017,991.2176667542017,982.95751953125,982.95751953125,8800,0.0,0.0
2015-05-18 00:00:00+09:00,999.4777984619141,999.4777984619141,991.2176513671875,991.2176513671875,4400,0.0,0.0
2015-05-19 00:00:00+09:00,991.2176067073171,1040.7784870426829,991.2176067073171,1015.998046875,44100,0.0,0.0
2015-05-20 00:00:00+09:00,1032.5184483681955,1032.5184483681955,1015.9981531943045,1024.25830078125,6800,0.0,0.0
2015-05-21 00:00:00+09:00,1024.25830078125,1024.25830078125,1015.9981531943045,1024.25830078125,5400,0.0,0.0
2015-05-22 00:00:00+09:00,1024.2580364637138,1024.2580364637138,999.4776000976562,999.4776000976562,13700,0.0,0.0
2015-05-25 00:00:00+09:00,999.4776000976562,1007.7377455530088,999.4776000976562,999.4776000976562,7200,0.0,0.0
2015-05-26 00:00:00+09:00,999.4776000976562,1007.7377455530088,999.4776000976562,999.4776000976562,2700,0.0,0.0
2015-05-27 00:00:00+09:00,999.4776000976562,1007.7377455530088,999.4776000976562,999.4776000976562,8100,0.0,0.0
2015-05-28 00:00:00+09:00,1007.7377455530088,1007.7377455530088,999.4776000976562,999.4776000976562,4000,0.0,0.0
2015-05-29 00:00:00+09:00,999.4777681944801,1007.7379150390625,999.4777681944801,1007.7379150390625,3900,0.0,0.0
2015-06-01 00:00:00+09:00,1007.7379150390625,1015.998061883645,999.4777681944801,1007.7379150390625,8200,0.0,0.0
2015-06-02 00:00:00+09:00,1007.7379150390625,1015.998061883645,999.4777681944801,1007.7379150390625,8100,0.0,0.0
2015-06-03 00:00:00+09:00,1015.998061883645,1024.2582087282276,1007.7379150390625,1007.7379150390625,12100,0.0,0.0
2015-06-04 00:00:00+09:00,1007.7379150390625,1015.998061883645,1007.7379150390625,1007.7379150390625,20000,0.0,0.0
2015-06-05 00:00:00+09:00,999.4776000976562,1007.7377455530088,991.2174546423038,999.4776000976562,20300,0.0,0.0
2015-06-08 00:00:00+09:00,999.4777984619141,999.4777984619141,991.2176513671875,991.2176513671875,9900,0.0,0.0
2015-06-09 00:00:00+09:00,991.2176667542017,991.2176667542017,974.6973723082983,982.95751953125,28500,0.0,0.0
2015-06-10 00:00:00+09:00,982.95751953125,991.2176667542017,974.6973723082983,982.95751953125,11200,0.0,0.0
2015-06-11 00:00:00+09:00,991.2176513671875,991.2176513671875,982.9575042724609,991.2176513671875,3100,0.0,0.0
2015-06-12 00:00:00+09:00,991.2176513671875,991.2176513671875,982.9575042724609,991.2176513671875,9900,0.0,0.0
2015-06-15 00:00:00+09:00,974.6972045898438,982.9573503914527,974.6972045898438,974.6972045898438,7700,0.0,0.0
2015-06-16 00:00:00+09:00,974.6973723082983,982.95751953125,974.6973723082983,982.95751953125,4900,0.0,0.0
2015-06-17 00:00:00+09:00,991.2176513671875,991.2176513671875,982.9575042724609,991.2176513671875,3600,0.0,0.0
2015-06-18 00:00:00+09:00,982.9575042724609,991.2176513671875,982.9575042724609,991.2176513671875,6900,0.0,0.0
2015-06-19 00:00:00+09:00,982.95751953125,991.2176667542017,982.95751953125,982.95751953125,2900,0.0,0.0
2015-06-22 00:00:00+09:00,991.2176513671875,991.2176513671875,982.9575042724609,991.2176513671875,7500,0.0,0.0
2015-06-23 00:00:00+09:00,999.4777534298781,1040.7784870426829,999.4777534298781,1015.998046875,68100,0.0,0.0
2015-06-24 00:00:00+09:00,1024.258193597561,1024.258193597561,1007.737900152439,1015.998046875,13800,0.0,0.0
2015-06-25 00:00:00+09:00,1015.9978910083613,1015.9978910083613,999.4776000976562,999.4776000976562,8200,0.0,0.0
2015-06-26 00:00:00+09:00,999.4777534298781,1040.7784870426829,999.4777534298781,1015.998046875,39600,0.0,0.0
2015-06-29 00:00:00+09:00,1015.9980926513672,1015.9980926513672,974.6973571777344,991.2176513671875,30200,0.0,0.0
2015-06-30 00:00:00+09:00,991.2176667542017,999.4778139771533,982.95751953125,982.95751953125,6700,0.0,0.0
2015-07-01 00:00:00+09:00,991.2176513671875,1007.7379455566406,991.2176513671875,991.2176513671875,10200,0.0,0.0
2015-07-02 00:00:00+09:00,999.4777984619141,999.4777984619141,982.9575042724609,991.2176513671875,14200,0.0,0.0
2015-07-03 00:00:00+09:00,991.2176667542017,991.2176667542017,982.95751953125,982.95751953125,4000,0.0,0.0
2015-07-06 00:00:00+09:00,982.9575042724609,999.4777984619141,982.9575042724609,991.2176513671875,18100,0.0,0.0
2015-07-07 00:00:00+09:00,1073.819011427601,1404.224861097632,1065.5588651858502,1329.883544921875,6928000,0.0,0.0
2015-07-08 00:00:00+09:00,1296.8427289748033,1313.3630185158836,1197.7209917283217,1247.2818603515625,1367200,0.0,0.0
2015-07-09 00:00:00+09:00,1230.7617156596125,1346.4037560571599,1164.6805497181567,1305.10302734375,1140300,0.0,0.0
2015-07-10 00:00:00+09:00,1263.802490234375,1296.8430782143587,1239.0220492493872,1263.802490234375,380500,0.0,0.0
2015-07-13 00:00:00+09:00,1346.4040948776972,1478.5664600190662,1329.883799235026,1387.704833984375,1867600,0.0,0.0
2015-07-14 00:00:00+09:00,1379.444502667683,1395.9647961128048,1313.3633288871952,1354.6640625,513200,0.0,0.0
2015-07-15 00:00:00+09:00,1371.1842532467533,1379.4443993506495,1272.0625,1272.0625,284900,0.0,0.0
2015-07-16 00:00:00+09:00,1288.582735858386,1313.363173086432,1255.5421528876584,1305.10302734375,188000,0.0,0.0
2015-07-17 00:00:00+09:00,1288.582735858386,1305.10302734375,1263.8022986303401,1305.10302734375,103500,0.0,0.0
2015-07-21 00:00:00+09:00,1321.6235818073249,1321.6235818073249,1288.5829922621417,1296.8431396484375,70400,0.0,0.0
2015-07-22 00:00:00+09:00,1288.5829312193628,1296.8430782143587,1263.802490234375,1263.802490234375,80000,0.0,0.0
2015-07-23 00:00:00+09:00,1288.5827922077922,1288.5827922077922,1272.0625,1272.0625,33800,0.0,0.0
2015-07-24 00:00:00+09:00,1272.0625,1272.0625,1255.5422077922078,1272.0625,49800,0.0,0.0
2015-07-27 00:00:00+09:00,1255.5422144396553,1255.5422144396553,1181.2008991109915,1197.72119140625,148100,0.0,0.0
2015-07-28 00:00:00+09:00,1181.2009900151465,1214.2415771484375,1164.6806964485013,1214.2415771484375,93100,0.0,0.0
2015-07-29 00:00:00+09:00,1189.4611037234042,1197.721250277039,1148.1603709552305,1164.6806640625,93900,0.0,0.0
2015-07-30 00:00:00+09:00,1156.4207189223346,1156.4207189223346,1106.8598309685203,1123.380126953125,87600,0.0,0.0
2015-07-31 00:00:00+09:00,1115.1199789608227,1131.6402749454276,1098.599682976218,1123.380126953125,80200,0.0,0.0
2015-08-03 00:00:00+09:00,1123.3799312943263,1172.9408106161347,1123.3799312943263,1164.6806640625,79400,0.0,0.0
2015-08-04 00:00:00+09:00,1156.4205776687957,1156.4205776687957,1131.64013671875,1131.64013671875,33700,0.0,0.0
2015-08-05 00:00:00+09:00,1131.6402749454276,1131.6402749454276,1115.1199789608227,1123.380126953125,21700,0.0,0.0
2015-08-06 00:00:00+09:00,1123.380035855877,1123.380035855877,1106.8597412109375,1106.8597412109375,17100,0.0,0.0
2015-08-07 00:00:00+09:00,1123.3800202546297,1123.3800202546297,1115.119873046875,1115.119873046875,15200,0.0,0.0
2015-08-10 00:00:00+09:00,1123.3799887960272,1123.3799887960272,1065.5589599609375,1065.5589599609375,70100,0.0,0.0
2015-08-11 00:00:00+09:00,1073.8191824248343,1098.5996250961766,1073.8191824248343,1090.3394775390625,39900,0.0,0.0
2015-08-12 00:00:00+09:00,1090.339247375954,1098.5993931894084,1073.8189557490457,1082.0791015625,14000,0.0,0.0
2015-08-13 00:00:00+09:00,1082.0791444778442,1082.0791444778442,1049.0385599136353,1057.2987060546875,46900,0.0,0.0
2015-08-14 00:00:00+09:00,1049.0387117900545,1065.5590064639136,1024.258269779266,1040.778564453125,62200,0.0,0.0
2015-08-17 00:00:00+09:00,1040.7784870426829,1040.7784870426829,1007.737900152439,1015.998046875,64600,0.0,0.0
2015-08-18 00:00:00+09:00,1015.9978974609375,1032.5181884765625,1015.9978974609375,1032.5181884765625,20900,0.0,0.0
2015-08-19 00:00:00+09:00,1024.2581214904785,1073.818998336792,1024.2581214904785,1057.2987060546875,50900,0.0,0.0
2015-08-20 00:00:00+09:00,1049.0387117900545,1057.298859126984,1032.5184171161955,1040.778564453125,25400,0.0,0.0
2015-08-21 00:00:00+09:00,1007.737900152439,1049.038633765244,1007.737900152439,1015.998046875,43800,0.0,0.0
2015-08-24 00:00:00+09:00,982.957487613783,991.2176345685206,867.3154302474555,900.3560180664062,88100,0.0,0.0
2015-08-25 00:00:00+09:00,859.0552654655612,892.095852598852,776.4537976323342,809.494384765625,86700,0.0,0.0
2015-08-26 00:00:00+09:00,892.0957168151285,892.0957168151285,842.5348436587325,883.8355712890625,48400,0.0,0.0
2015-08-27 00:00:00+09:00,875.5754123263888,916.8761393229166,875.5754123263888,892.095703125,66100,0.0,0.0
2015-08-28 00:00:00+09:00,900.3559008573009,933.396484375,900.3559008573009,933.396484375,14000,0.0,0.0
2015-08-31 00:00:00+09:00,949.9167671850173,991.2174961930615,933.3964755817996,974.6972045898438,76100,0.0,0.0
2015-09-01 00:00:00+09:00,941.6566302544247,949.9167761338496,900.3559008573009,933.396484375,64900,0.0,0.0
2015-09-02 00:00:00+09:00,892.095703125,916.8761393229166,883.8355577256943,892.095703125,42000,0.0,0.0
2015-09-03 00:00:00+09:00,900.3558485243055,916.8761393229166,883.8355577256943,892.095703125,15600,0.0,0.0
2015-09-04 00:00:00+09:00,892.0957543945312,892.0957543945312,817.7544415283204,826.0145874023438,56800,0.0,0.0
2015-09-07 00:00:00+09:00,817.7544555664062,834.2747475980508,809.4943095505839,817.7544555664062,39000,0.0,0.0
2015-09-08 00:00:00+09:00,850.7950396296953,859.0551856455177,817.7544555664062,817.7544555664062,17500,0.0,0.0
2015-09-09 00:00:00+09:00,850.7951049804688,859.0552516307646,834.2748116798771,850.7951049804688,22100,0.0,0.0
2015-09-10 00:00:00+09:00,842.5349882522432,842.5349882522432,834.2748413085938,834.2748413085938,10500,0.0,0.0
2015-09-11 00:00:00+09:00,842.534974296138,875.5755615234375,842.534974296138,875.5755615234375,23700,0.0,0.0
2015-09-14 00:00:00+09:00,875.5755150204612,883.8356613885788,859.0552222842261,867.3153686523438,17100,0.0,0.0
2015-09-15 00:00:00+09:00,875.5755920410156,883.8357391357422,859.0552978515625,859.0552978515625,12000,0.0,0.0
2015-09-16 00:00:00+09:00,875.5755920410156,875.5755920410156,859.0552978515625,859.0552978515625,7500,0.0,0.0
2015-09-17 00:00:00+09:00,867.3153686523438,875.5755150204612,859.0552222842261,867.3153686523438,4400,0.0,0.0
2015-09-18 00:00:00+09:00,875.5755150204612,875.5755150204612,867.3153686523438,867.3153686523438,7800,0.0,0.0
2015-09-24 00:00:00+09:00,867.3153982810604,867.3153982810604,850.7951049804688,850.7951049804688,11700,0.0,0.0
2015-09-25 00:00:00+09:00,850.7950759161085,867.3153686523438,850.7950759161085,867.3153686523438,3300,0.0,0.0
2015-09-28 00:00:00+09:00,875.5755150204612,883.8356613885788,867.3153686523438,867.3153686523438,12400,0.0,0.0
2015-09-29 00:00:00+09:00,867.3154449462891,875.5755920410156,850.7951507568359,859.0552978515625,13100,0.0,0.0
2015-09-30 00:00:00+09:00,859.0552222842261,875.5755150204612,859.0552222842261,867.3153686523438,12700,0.0,0.0
2015-10-01 00:00:00+09:00,892.095754977876,941.6566302544247,883.8356090984513,933.396484375,53600,0.0,0.0
2015-10-02 00:00:00+09:00,908.6160467367256,933.396484375,900.3559008573009,933.396484375,37800,0.0,0.0
2015-10-05 00:00:00+09:00,949.9169008955996,974.6973417885282,941.65675393129,966.4371948242188,41200,0.0,0.0
2015-10-06 00:00:00+09:00,958.1769129866261,974.6972045898438,958.1769129866261,974.6972045898438,29800,0.0,0.0
2015-10-07 00:00:00+09:00,966.4372250853467,991.2176667542017,958.1770778623949,982.95751953125,49300,0.0,0.0
2015-10-08 00:00:00+09:00,908.6161350559544,933.3965751029349,900.3559883736275,916.8762817382812,100400,0.0,0.0
2015-10-09 00:00:00+09:00,941.6568004261364,949.9169477982955,900.356063565341,908.6162109375,46900,0.0,0.0
2015-10-13 00:00:00+09:00,908.6159939236111,916.8761393229166,892.095703125,892.095703125,20900,0.0,0.0
2015-10-14 00:00:00+09:00,892.0957168151285,900.3558623411946,883.8355712890625,883.8355712890625,11000,0.0,0.0
2015-10-15 00:00:00+09:00,875.5754257629966,892.0957168151285,867.3152802369306,883.8355712890625,13000,0.0,0.0
2015-10-16 00:00:00+09:00,883.8355577256943,892.095703125,883.8355577256943,892.095703125,11500,0.0,0.0
2015-10-19 00:00:00+09:00,892.095703125,892.095703125,883.8355577256943,892.095703125,7700,0.0,0.0
2015-10-20 00:00:00+09:00,883.8357083302624,892.0958551370873,875.5755615234375,875.5755615234375,8500,0.0,0.0
2015-10-21 00:00:00+09:00,875.5754123263888,892.095703125,867.3152669270833,892.095703125,10200,0.0,0.0
2015-10-22 00:00:00+09:00,883.8355577256943,900.3558485243055,883.8355577256943,892.095703125,7100,0.0,0.0
2015-10-23 00:00:00+09:00,900.3560180664062,908.6161650211438,900.3560180664062,900.3560180664062,7900,0.0,0.0
2015-10-26 00:00:00+09:00,892.0958711116685,908.6161650211438,892.0958711116685,900.3560180664062,9600,0.0,0.0
2015-10-27 00:00:00+09:00,900.3558485243055,900.3558485243055,892.095703125,892.095703125,11800,0.0,0.0
2015-10-28 00:00:00+09:00,892.0958711116685,908.6161650211438,892.0958711116685,900.3560180664062,7400,0.0,0.0
2015-10-29 00:00:00+09:00,900.356063565341,908.6162109375,892.0959161931819,908.6162109375,18300,0.0,0.0
2015-10-30 00:00:00+09:00,908.6162109375,916.8763583096592,908.6162109375,908.6162109375,11500,0.0,0.0
2015-11-02 00:00:00+09:00,900.3558623411946,916.8761533933266,883.8355712890625,883.8355712890625,16500,0.0,0.0
2015-11-04 00:00:00+09:00,892.0957168151285,892.0957168151285,883.8355712890625,883.8355712890625,9500,0.0,0.0
2015-11-05 00:00:00+09:00,892.0958416913006,916.8762817382812,892.0958416913006,916.8762817382812,16000,0.0,0.0
2015-11-06 00:00:00+09:00,925.136428420608,949.9168684675886,916.8762817382812,916.8762817382812,28300,0.0,0.0
2015-11-09 00:00:00+09:00,933.3965601239886,933.3965601239886,925.1364135742188,925.1364135742188,7300,0.0,0.0
2015-11-10 00:00:00+09:00,925.1364135742188,933.3965601239886,925.1364135742188,925.1364135742188,4500,0.0,0.0
2015-11-11 00:00:00+09:00,925.1364600026709,974.6973417885282,925.1364600026709,966.4371948242188,30000,0.0,0.0
2015-11-12 00:00:00+09:00,958.1770168138587,982.9574569038723,933.3965767238451,949.9168701171875,36200,0.0,0.0
2015-11-13 00:00:00+09:00,933.396484375,941.6566302544247,933.396484375,933.396484375,7300,0.0,0.0
2015-11-16 00:00:00+09:00,925.1364135742188,925.1364135742188,916.8762670244489,925.1364135742188,7800,0.0,0.0
2015-11-17 00:00:00+09:00,933.3965601239886,949.9168532235282,925.1364135742188,925.1364135742188,12300,0.0,0.0
2015-11-18 00:00:00+09:00,916.8762670244489,933.3965601239886,916.8762670244489,925.1364135742188,10700,0.0,0.0
2015-11-19 00:00:00+09:00,949.9169466788309,949.9169466788309,933.3966519539816,941.6567993164062,7500,0.0,0.0
2015-11-20 00:00:00+09:00,925.1364156788793,958.177001953125,925.1364156788793,958.177001953125,14900,0.0,0.0
2015-11-24 00:00:00+09:00,958.1769129866261,982.9573503914527,958.1769129866261,974.6972045898438,13700,0.0,0.0
2015-11-25 00:00:00+09:00,966.4370587882349,982.9573503914527,949.9167671850173,974.6972045898438,10400,0.0,0.0
2015-11-26 00:00:00+09:00,966.4371948242188,982.9574887528378,949.9169008955996,966.4371948242188,22600,0.0,0.0
2015-11-27 00:00:00+09:00,982.9574569038723,982.9574569038723,949.9168701171875,949.9168701171875,14900,0.0,0.0
2015-11-30 00:00:00+09:00,949.9169008955996,966.4371948242188,949.9169008955996,966.4371948242188,5700,0.0,0.0
2015-12-01 00:00:00+09:00,958.177001953125,966.4371485216865,949.9168553845636,958.177001953125,14400,0.0,0.0
2015-12-02 00:00:00+09:00,958.1770940412555,958.1770940412555,941.6567993164062,941.6567993164062,12800,0.0,0.0
2015-12-03 00:00:00+09:00,941.6567993164062,949.9169466788309,933.3966519539816,941.6567993164062,11300,0.0,0.0
2015-12-04 00:00:00+09:00,941.6567066737583,941.6567066737583,925.1364135742188,925.1364135742188,12300,0.0,0.0
2015-12-07 00:00:00+09:00,941.6566302544247,949.9167761338496,925.1363384955752,933.396484375,12300,0.0,0.0
2015-12-08 00:00:00+09:00,925.1364135742188,941.6567066737583,925.1364135742188,925.1364135742188,13300,0.0,0.0
2015-12-09 00:00:00+09:00,925.136428420608,925.136428420608,908.6161350559544,916.8762817382812,17600,0.0,0.0
2015-12-10 00:00:00+09:00,916.8763583096592,916.8763583096592,908.6162109375,908.6162109375,16000,0.0,0.0
2015-12-11 00:00:00+09:00,908.6161204746791,925.1364135742188,908.6161204746791,925.1364135742188,13300,0.0,0.0
2015-12-14 00:00:00+09:00,908.6161650211438,916.8763119758815,900.3560180664062,900.3560180664062,9900,0.0,0.0
2015-12-15 00:00:00+09:00,900.3559541248139,900.3559541248139,859.0552222842261,867.3153686523438,37900,0.0,0.0
2015-12-16 00:00:00+09:00,875.5755615234375,875.5755615234375,859.0552679097877,875.5755615234375,19100,0.0,0.0
2015-12-17 00:00:00+09:00,892.0958551370873,908.616148750737,875.5755615234375,875.5755615234375,26100,0.0,0.0
2015-12-18 00:00:00+09:00,875.5755150204612,875.5755150204612,867.3153686523438,867.3153686523438,19000,0.0,0.0
2015-12-21 00:00:00+09:00,842.5349731445312,859.0552667356004,834.2748263489966,842.5349731445312,28700,0.0,0.0
2015-12-22 00:00:00+09:00,834.2748413085938,842.5349882522432,834.2748413085938,834.2748413085938,17200,0.0,0.0
2015-12-24 00:00:00+09:00,842.5349882522432,850.7951351958927,826.0146943649444,834.2748413085938,28300,0.0,0.0
2015-12-25 00:00:00+09:00,834.2748413085938,834.2748413085938,834.2748413085938,834.2748413085938,0,0.0,0.0
2015-12-28 00:00:00+09:00,834.2748116798771,859.0552516307646,826.0146650295814,850.7951049804688,24300,0.0,0.0
2015-12-29 00:00:00+09:00,859.0551347108645,883.8355712890625,850.7949891847985,883.8355712890625,17700,0.0,0.0
2015-12-30 00:00:00+09:00,875.5754257629966,892.0957168151285,867.3152802369306,883.8355712890625,21000,0.0,0.0
2016-01-04 00:00:00+09:00,892.0957168151285,900.3558623411946,875.5754257629966,883.8355712890625,17800,0.0,0.0
2016-01-05 00:00:00+09:00,875.5755150204612,883.8356613885788,867.3153686523438,867.3153686523438,20000,0.0,0.0
2016-01-06 00:00:00+09:00,875.5755615234375,883.8357083302624,867.3154147166126,875.5755615234375,15000,0.0,0.0
2016-01-07 00:00:00+09:00,859.0552516307646,859.0552516307646,842.5349583301729,850.7951049804688,29800,0.0,0.0
2016-01-08 00:00:00+09:00,817.7545474212949,842.5349882522432,817.7545474212949,834.2748413085938,26600,0.0,0.0
2016-01-12 00:00:00+09:00,817.7545146741365,817.7545146741365,784.7139282226562,784.7139282226562,41500,0.0,0.0
2016-01-13 00:00:00+09:00,792.9740911989795,809.494384765625,792.9740911989795,809.494384765625,21700,0.0,0.0
2016-01-14 00:00:00+09:00,792.9740748355264,792.9740748355264,776.4537816097862,784.7139282226562,18400,0.0,0.0
2016-01-15 00:00:00+09:00,792.9741053427418,809.494399204049,768.1936645507812,768.1936645507812,26400,0.0,0.0
2016-01-18 00:00:00+09:00,759.9335176201276,776.4538114814347,743.4132237588205,768.1936645507812,22900,0.0,0.0
2016-01-19 00:00:00+09:00,776.4538892663044,776.4538892663044,751.6734459918479,759.93359375,7300,0.0,0.0
2016-01-20 00:00:00+09:00,768.1936482747396,768.1936482747396,743.4132080078125,743.4132080078125,17400,0.0,0.0
2016-01-21 00:00:00+09:00,726.8928506540698,751.6732887445494,702.1124125635902,710.37255859375,38900,0.0,0.0
2016-01-22 00:00:00+09:00,726.8928410456731,751.6732788085938,718.6326951246995,751.6732788085938,19500,0.0,0.0
2016-01-25 00:00:00+09:00,751.6734459918479,759.93359375,735.1531504755435,759.93359375,8700,0.0,0.0
2016-01-26 00:00:00+09:00,751.6733076117011,751.6733076117011,735.1530151367188,735.1530151367188,4400,0.0,0.0
2016-01-27 00:00:00+09:00,759.93359375,759.93359375,743.4132982336957,759.93359375,4800,0.0,0.0
2016-01-28 00:00:00+09:00,759.9334247295673,759.9334247295673,751.6732788085938,751.6732788085938,3200,0.0,0.0
2016-01-29 00:00:00+09:00,743.4132237588205,768.1936645507812,743.4132237588205,768.1936645507812,12900,0.0,0.0
2016-02-01 00:00:00+09:00,776.4537816097862,784.7139282226562,776.4537816097862,784.7139282226562,8200,0.0,0.0
2016-02-02 00:00:00+09:00,792.9740899268617,792.9740899268617,776.4537963867188,776.4537963867188,6300,0.0,0.0
2016-02-03 00:00:00+09:00,759.93359375,759.93359375,735.1531504755435,759.93359375,13500,0.0,0.0
2016-02-04 00:00:00+09:00,743.41316137421,751.6733076117011,735.1530151367188,735.1530151367188,10600,0.0,0.0
2016-02-05 00:00:00+09:00,735.1530297019266,743.4131761030718,718.632736899636,726.8928833007812,10100,0.0,0.0
2016-02-08 00:00:00+09:00,718.6327677408855,743.4132080078125,710.3726209852431,743.4132080078125,7000,0.0,0.0
2016-02-09 00:00:00+09:00,718.63270462391,726.8928506540698,702.1124125635902,710.37255859375,9600,0.0,0.0
2016-02-10 00:00:00+09:00,710.372618140244,710.372618140244,669.071884527439,677.33203125,16100,0.0,0.0
2016-02-12 00:00:00+09:00,644.2914733886719,652.5516204833984,586.4704437255859,594.7305908203125,25000,0.0,0.0
2016-02-15 00:00:00+09:00,652.551513671875,660.811659414557,627.7710764438292,652.551513671875,25100,0.0,0.0
2016-02-16 00:00:00+09:00,644.2914138793946,669.0718528747559,636.0312675476074,660.8117065429688,12000,0.0,0.0
2016-02-17 00:00:00+09:00,652.5515895745692,669.0718829815204,644.2914428710938,644.2914428710938,6500,0.0,0.0
2016-02-18 00:00:00+09:00,660.811737804878,693.852324695122,644.2914443597562,677.33203125,9400,0.0,0.0
2016-02-19 00:00:00+09:00,677.332046320409,677.332046320409,660.811752507716,669.0718994140625,6100,0.0,0.0
2016-02-22 00:00:00+09:00,669.0718699995294,685.5921630859375,660.8117234563254,685.5921630859375,11100,0.0,0.0
2016-02-23 00:00:00+09:00,685.5921932267554,702.1124870394483,669.0718994140625,669.0718994140625,13400,0.0,0.0
2016-02-24 00:00:00+09:00,669.071884527439,685.592177972561,669.071884527439,677.33203125,6500,0.0,0.0
2016-02-25 00:00:00+09:00,685.6942080543155,710.7805815197172,685.6942080543155,702.41845703125,11200,10.0,0.0
2016-02-26 00:00:00+09:00,702.418391737827,727.5047628713208,702.418391737827,719.1426391601562,16000,0.0,0.0
2016-02-29 00:00:00+09:00,719.14258253718,744.2289516954537,694.0562133789062,694.0562133789062,14800,0.0,0.0
2016-03-01 00:00:00+09:00,694.0562133789062,694.0562133789062,685.6940903261484,694.0562133789062,6100,0.0,0.0
2016-03-02 00:00:00+09:00,702.41845703125,702.41845703125,694.0563325427827,702.41845703125,5000,0.0,0.0
2016-03-03 00:00:00+09:00,702.418391737827,719.1426391601562,702.418391737827,719.1426391601562,2200,0.0,0.0
2016-03-04 00:00:00+09:00,710.780517578125,719.1426413143382,702.4183938419118,710.780517578125,4500,0.0,0.0
2016-03-07 00:00:00+09:00,719.1426391601562,727.5047628713208,710.7805154489917,719.1426391601562,9800,0.0,0.0
2016-03-08 00:00:00+09:00,719.1426413143382,719.1426413143382,702.4183938419118,710.780517578125,7000,0.0,0.0
2016-03-09 00:00:00+09:00,702.41845703125,702.41845703125,694.0563325427827,702.41845703125,5600,0.0,0.0
2016-03-10 00:00:00+09:00,710.780517578125,719.1426413143382,702.4183938419118,710.780517578125,6400,0.0,0.0
2016-03-11 00:00:00+09:00,710.7805133688039,735.8668844288793,702.4183896821121,727.5047607421875,14900,0.0,0.0
2016-03-14 00:00:00+09:00,735.8667602539062,744.2288825295188,727.5046379782937,735.8667602539062,5300,0.0,0.0
2016-03-15 00:00:00+09:00,735.8668844288793,744.2290081155711,727.5047607421875,727.5047607421875,4000,0.0,0.0
2016-03-16 00:00:00+09:00,727.5047607421875,735.8668844288793,727.5047607421875,727.5047607421875,3200,0.0,0.0
2016-03-17 00:00:00+09:00,735.8668844288793,735.8668844288793,727.5047607421875,727.5047607421875,1900,0.0,0.0
2016-03-18 00:00:00+09:00,727.5047628713208,727.5047628713208,710.7805154489917,719.1426391601562,2500,0.0,0.0
2016-03-22 00:00:00+09:00,719.1426329880618,744.22900390625,719.1426329880618,744.22900390625,9800,0.0,0.0
2016-03-23 00:00:00+09:00,752.5911865234375,760.9533108181424,744.2290622287327,752.5911865234375,7700,0.0,0.0
2016-03-24 00:00:00+09:00,744.22900390625,752.591127545646,744.22900390625,744.22900390625,2400,0.0,0.0
2016-03-25 00:00:00+09:00,752.5911865234375,752.5911865234375,744.2290622287327,752.5911865234375,6300,0.0,0.0
2016-03-28 00:00:00+09:00,752.591063111693,760.9531860351562,752.591063111693,760.9531860351562,3500,0.0,0.0
2016-03-29 00:00:00+09:00,760.9533054517663,769.3154296875,752.5911812160326,769.3154296875,4800,0.0,0.0
2016-03-30 00:00:00+09:00,769.3154296875,769.3154296875,760.9533054517663,769.3154296875,5300,0.0,0.0
2016-03-31 00:00:00+09:00,760.9531860351562,769.3153089586195,760.9531860351562,760.9531860351562,3900,0.0,0.0
2016-04-01 00:00:00+09:00,760.9532577159792,769.3153814271438,719.1426391601562,719.1426391601562,19400,0.0,0.0
2016-04-04 00:00:00+09:00,710.7805154489917,735.8668865824854,710.7805154489917,719.1426391601562,11900,0.0,0.0
2016-04-05 00:00:00+09:00,727.5047055899379,735.8668286426959,685.6940903261484,694.0562133789062,15100,0.0,0.0
2016-04-06 00:00:00+09:00,710.7805815197172,719.1427060081845,694.0563325427827,702.41845703125,18600,0.0,0.0
2016-04-07 00:00:00+09:00,702.418391737827,727.5047628713208,694.0562680266625,719.1426391601562,11800,0.0,0.0
2016-04-08 00:00:00+09:00,710.7805650499132,752.5911865234375,710.7805650499132,752.5911865234375,21700,0.0,0.0
2016-04-11 00:00:00+09:00,760.9533028551327,786.0396754767305,744.2290544407342,777.6775512695312,25700,0.0,0.0
2016-04-12 00:00:00+09:00,777.6775486722905,794.4017970308345,769.3154244930186,786.0396728515625,33600,0.0,0.0
2016-04-13 00:00:00+09:00,794.4016710917155,819.4880396525065,794.4016710917155,802.7637939453125,18600,0.0,0.0
2016-04-14 00:00:00+09:00,819.4881000322165,819.4881000322165,811.1259765625,811.1259765625,13800,0.0,0.0
2016-04-15 00:00:00+09:00,802.7638512436224,827.8502215949857,786.0396043427137,819.4880981445312,20800,0.0,0.0
2016-04-18 00:00:00+09:00,819.4881668893914,827.850291041324,794.4017944335938,794.4017944335938,18900,0.0,0.0
2016-04-19 00:00:00+09:00,802.7637939453125,819.4880396525065,802.7637939453125,802.7637939453125,13900,0.0,0.0
2016-04-20 00:00:00+09:00,802.7638530927835,811.1259765625,802.7638530927835,811.1259765625,3300,0.0,0.0
2016-04-21 00:00:00+09:00,811.1259765625,819.4881000322165,802.7638530927835,811.1259765625,12000,0.0,0.0
2016-04-22 00:00:00+09:00,802.7638530927835,811.1259765625,794.401729623067,811.1259765625,4100,0.0,0.0
2016-04-25 00:00:00+09:00,811.1259167989094,811.1259167989094,802.7637939453125,802.7637939453125,2400,0.0,0.0
2016-04-26 00:00:00+09:00,802.7639185855263,802.7639185855263,786.0396702816612,794.4017944335938,10800,0.0,0.0
2016-04-27 00:00:00+09:00,794.4017970308345,794.4017970308345,777.6775486722905,786.0396728515625,6600,0.0,0.0
2016-04-28 00:00:00+09:00,786.0396781589674,786.0396781589674,744.2290569802989,769.3154296875,21100,0.0,0.0
2016-05-02 00:00:00+09:00,735.866880266854,752.591127545646,735.866880266854,744.22900390625,6200,0.0,0.0
2016-05-06 00:00:00+09:00,744.22900390625,752.591127545646,744.22900390625,744.22900390625,1600,0.0,0.0
2016-05-09 00:00:00+09:00,744.22900390625,760.9532511850422,735.866880266854,744.22900390625,5400,0.0,0.0
2016-05-10 00:00:00+09:00,752.591063111693,769.3153089586195,752.591063111693,760.9531860351562,4700,0.0,0.0
2016-05-11 00:00:00+09:00,769.315427062332,777.6775512695312,769.315427062332,777.6775512695312,3300,0.0,0.0
2016-05-12 00:00:00+09:00,777.6774318820827,777.6774318820827,752.591063111693,760.9531860351562,6500,0.0,0.0
2016-05-13 00:00:00+09:00,760.9533108181424,760.9533108181424,752.5911865234375,752.5911865234375,2200,0.0,0.0
2016-05-16 00:00:00+09:00,752.5910048051314,752.5910048051314,735.8667602539062,735.8667602539062,5400,0.0,0.0
2016-05-17 00:00:00+09:00,727.5046379782937,735.8667602539062,719.1425157026812,735.8667602539062,9100,0.0,0.0
2016-05-18 00:00:00+09:00,727.5047566274578,752.591127545646,727.5047566274578,744.22900390625,3800,0.0,0.0
2016-05-19 00:00:00+09:00,727.5047628713208,735.8668865824854,719.1426391601562,719.1426391601562,18000,0.0,0.0
2016-05-20 00:00:00+09:00,719.1426391601562,727.5047628713208,719.1426391601562,719.1426391601562,3200,0.0,0.0
2016-05-23 00:00:00+09:00,719.1426391601562,727.5047628713208,710.7805154489917,719.1426391601562,10300,0.0,0.0
2016-05-24 00:00:00+09:00,719.1426413143382,719.1426413143382,710.780517578125,710.780517578125,6700,0.0,0.0
2016-05-25 00:00:00+09:00,727.5047628713208,727.5047628713208,719.1426391601562,719.1426391601562,6000,0.0,0.0
2016-05-26 00:00:00+09:00,727.5047628713208,727.5047628713208,719.1426391601562,719.1426391601562,1700,0.0,0.0
2016-05-27 00:00:00+09:00,719.1426391601562,719.1426391601562,710.7805154489917,719.1426391601562,3500,0.0,0.0
2016-05-30 00:00:00+09:00,735.8667602539062,735.8667602539062,727.5046379782937,735.8667602539062,5000,0.0,0.0
2016-05-31 00:00:00+09:00,735.8668844288793,735.8668844288793,727.5047607421875,727.5047607421875,3300,0.0,0.0
2016-06-01 00:00:00+09:00,735.8668887867647,735.8668887867647,710.780517578125,710.780517578125,12800,0.0,0.0
2016-06-02 00:00:00+09:00,719.1425840796494,719.1425840796494,685.694091796875,685.694091796875,9100,0.0,0.0
2016-06-03 00:00:00+09:00,694.0563325427827,710.7805815197172,694.0563325427827,702.41845703125,10500,0.0,0.0
2016-06-06 00:00:00+09:00,702.4183938419118,710.780517578125,702.4183938419118,710.780517578125,2700,0.0,0.0
2016-06-07 00:00:00+09:00,719.1427060081845,719.1427060081845,702.41845703125,702.41845703125,1500,0.0,0.0
2016-06-08 00:00:00+09:00,702.41845703125,702.41845703125,694.0563325427827,702.41845703125,3300,0.0,0.0
2016-06-09 00:00:00+09:00,702.4183364316642,710.7804594844221,694.0562133789062,694.0562133789062,1600,0.0,0.0
2016-06-10 00:00:00+09:00,710.7804594844221,710.7804594844221,694.0562133789062,694.0562133789062,6200,0.0,0.0
2016-06-13 00:00:00+09:00,694.0562789351852,694.0562789351852,677.33203125,677.33203125,4500,0.0,0.0
2016-06-14 00:00:00+09:00,677.33203125,685.6941550925926,660.6077835648148,677.33203125,6700,0.0,0.0
2016-06-15 00:00:00+09:00,685.6940903261484,694.0562133789062,668.9698442206326,694.0562133789062,3200,0.0,0.0
2016-06-16 00:00:00+09:00,685.6941550925926,685.6941550925926,652.2456597222222,677.33203125,7800,0.0,0.0
2016-06-17 00:00:00+09:00,677.3319733052315,677.3319733052315,660.6077270507812,660.6077270507812,4300,0.0,0.0
2016-06-20 00:00:00+09:00,660.6077302214387,668.9698533887987,643.8834838867188,643.8834838867188,15500,0.0,0.0
2016-06-21 00:00:00+09:00,652.2456039235562,660.6077270507812,643.8834807963311,660.6077270507812,6000,0.0,0.0
2016-06-22 00:00:00+09:00,668.9698501780064,668.9698501780064,652.2456039235562,660.6077270507812,4700,0.0,0.0
2016-06-23 00:00:00+09:00,652.24560546875,660.6077286157853,652.24560546875,652.24560546875,4500,0.0,0.0
2016-06-24 00:00:00+09:00,652.2456764014992,660.6078004579286,602.0729320629223,618.7971801757812,24800,0.0,0.0
2016-06-27 00:00:00+09:00,627.1591831261003,627.1591831261003,535.1758362676056,593.710693359375,18300,0.0,0.0
2016-06-28 00:00:00+09:00,585.3485709176937,602.0728158010563,568.6243260343309,593.710693359375,19400,0.0,0.0
2016-06-29 00:00:00+09:00,618.7971852620443,618.7971852620443,593.710812886556,602.0729370117188,9200,0.0,0.0
2016-06-30 00:00:00+09:00,618.7971852620443,618.7971852620443,602.0729370117188,602.0729370117188,11700,0.0,0.0
2016-07-01 00:00:00+09:00,610.43505859375,610.43505859375,602.0729345034247,610.43505859375,3600,0.0,0.0
2016-07-04 00:00:00+09:00,610.4351131184895,627.1593627929688,602.07298828125,627.1593627929688,6500,0.0,0.0
2016-07-05 00:00:00+09:00,627.1593042322107,627.1593042322107,618.7971801757812,618.7971801757812,3300,0.0,0.0
2016-07-06 00:00:00+09:00,618.7971753572162,635.5214233398438,618.7971753572162,635.5214233398438,17300,0.0,0.0
2016-07-07 00:00:00+09:00,618.797060684419,618.797060684419,593.710693359375,593.710693359375,21000,0.0,0.0
2016-07-08 00:00:00+09:00,593.7107561383929,610.4350027901786,585.3486328125,585.3486328125,9500,0.0,0.0
2016-07-11 00:00:00+09:00,585.3486328125,585.3486328125,585.3486328125,585.3486328125,0,0.0,0.0
2016-07-12 00:00:00+09:00,602.0728158010563,610.4349382427376,593.710693359375,593.710693359375,9400,0.0,0.0
2016-07-13 00:00:00+09:00,602.0728158010563,610.4349382427376,593.710693359375,593.710693359375,4700,0.0,0.0
2016-07-14 00:00:00+09:00,602.0729370117188,602.0729370117188,593.710812886556,602.0729370117188,8900,0.0,0.0
2016-07-15 00:00:00+09:00,610.4350611368816,610.4350611368816,593.710812886556,602.0729370117188,5500,0.0,0.0
2016-07-19 00:00:00+09:00,602.0729370117188,602.0729370117188,585.3486887613933,602.0729370117188,13500,0.0,0.0
2016-07-20 00:00:00+09:00,593.7108104130994,610.43505859375,593.7108104130994,610.43505859375,2500,0.0,0.0
2016-07-21 00:00:00+09:00,602.0729345034247,610.43505859375,602.0729345034247,610.43505859375,3800,0.0,0.0
2016-07-22 00:00:00+09:00,602.0729245676578,861.2987670898438,593.7108006153293,861.2987670898438,299600,0.0,0.0
2016-07-25 00:00:00+09:00,1170.6975241268383,1279.4051513671875,1120.5247730928309,1279.4051513671875,1410800,0.0,0.0
2016-07-26 00:00:00+09:00,1070.3520220588236,1087.0762724034928,944.9201444738052,995.0928955078125,1507400,0.0,0.0
2016-07-27 00:00:00+09:00,911.4714425223215,928.1956891741072,861.2987025669643,878.02294921875,492900,0.0,0.0
2016-07-28 00:00:00+09:00,836.2124151932567,844.5745393451892,777.6775461297286,794.4017944335938,355300,0.0,0.0
2016-07-29 00:00:00+09:00,769.3154244930186,811.1260453893783,760.9533003137467,786.0396728515625,308400,0.0,0.0
2016-08-01 00:00:00+09:00,760.9533003137467,794.4017970308345,752.5911761344747,786.0396728515625,139300,0.0,0.0
2016-08-02 00:00:00+09:00,769.315427062332,802.763923891129,760.9533028551327,777.6775512695312,142100,0.0,0.0
2016-08-03 00:00:00+09:00,769.3152493563565,777.6773716319691,719.1425157026812,735.8667602539062,127900,0.0,0.0
2016-08-04 00:00:00+09:00,735.8668844288793,735.8668844288793,702.4183896821121,727.5047607421875,82200,0.0,0.0
2016-08-05 00:00:00+09:00,719.1426370554957,735.8668844288793,710.7805133688039,727.5047607421875,52200,0.0,0.0
2016-08-08 00:00:00+09:00,727.5047607421875,735.8668844288793,719.1426370554957,727.5047607421875,25000,0.0,0.0
2016-08-09 00:00:00+09:00,727.5046379782937,744.2288825295188,719.1425157026812,735.8667602539062,49200,0.0,0.0
2016-08-10 00:00:00+09:00,727.5047607421875,727.5047607421875,702.4183896821121,727.5047607421875,48100,0.0,0.0
2016-08-12 00:00:00+09:00,727.5047607421875,727.5047607421875,719.1426370554957,727.5047607421875,10300,0.0,0.0
2016-08-15 00:00:00+09:00,744.2290081155711,744.2290081155711,727.5047607421875,727.5047607421875,26600,0.0,0.0
2016-08-16 00:00:00+09:00,735.866954985119,735.866954985119,702.41845703125,702.41845703125,30800,0.0,0.0
2016-08-17 00:00:00+09:00,702.41845703125,710.7805815197172,685.6942080543155,702.41845703125,26600,0.0,0.0
2016-08-18 00:00:00+09:00,694.0562133789062,702.4183364316642,685.6940903261484,694.0562133789062,13800,0.0,0.0
2016-08-19 00:00:00+09:00,694.0563325427827,702.41845703125,685.6942080543155,702.41845703125,12800,0.0,0.0
2016-08-22 00:00:00+09:00,685.694091796875,685.694091796875,660.6077225847943,685.694091796875,78500,0.0,0.0
2016-08-23 00:00:00+09:00,668.9698501780064,668.9698501780064,652.2456039235562,660.6077270507812,58900,0.0,0.0
2016-08-24 00:00:00+09:00,652.2456039235562,660.6077270507812,635.521357669106,660.6077270507812,61600,0.0,0.0
2016-08-25 00:00:00+09:00,660.6077286157853,660.6077286157853,643.8834823217147,652.24560546875,30900,0.0,0.0
2016-08-26 00:00:00+09:00,643.8835473311575,643.8835473311575,635.5214233398438,635.5214233398438,23700,0.0,0.0
2016-08-29 00:00:00+09:00,636.3575125580625,658.935242964196,636.3575125580625,645.5558471679688,31500,0.0,0.1
2016-08-30 00:00:00+09:00,643.8835118709092,676.4957936409942,643.8835118709092,654.7542724609375,43100,0.0,0.0
2016-08-31 00:00:00+09:00,671.4784858722735,671.4784858722735,655.590451959978,667.2974243164062,19100,0.0,0.0
2016-09-01 00:00:00+09:00,668.9698793413643,674.8233657856011,664.7888175954807,668.1336669921875,9400,0.0,0.0
2016-09-02 00:00:00+09:00,668.1336366275797,668.1336366275797,661.4439381381922,667.2974243164062,16900,0.0,0.0
2016-09-05 00:00:00+09:00,659.7716097445101,663.1164594770552,645.5559983811937,649.737060546875,19400,0.0,0.0
2016-09-06 00:00:00+09:00,646.3921493159062,653.9180604981094,642.2110875480154,653.0818481445312,6900,0.0,0.0
2016-09-07 00:00:00+09:00,650.5731792981112,660.6077270507812,650.5731792981112,660.6077270507812,9100,0.0,0.0
2016-09-08 00:00:00+09:00,660.6077258270187,675.6595474281406,655.590451959978,667.2974243164062,16300,0.0,0.0
2016-09-09 00:00:00+09:00,673.1509410872477,674.8233657856011,666.4612422938341,668.1336669921875,18600,0.0,0.0
2016-09-12 00:00:00+09:00,661.4439716803128,661.4439716803128,650.5732110837969,653.0818481445312,12700,0.0,0.0
2016-09-13 00:00:00+09:00,653.0819080911624,656.4267578125,650.5732708001592,656.4267578125,9600,0.0,0.0
2016-09-14 00:00:00+09:00,648.0645713566234,664.788818359375,648.0645713566234,664.788818359375,30600,0.0,0.0
2016-09-15 00:00:00+09:00,700.7460093092536,719.1426825846756,668.9699372880704,678.1682739257812,175400,0.0,0.0
2016-09-16 00:00:00+09:00,677.3320349397827,688.2027959943719,653.0818756641609,663.95263671875,47000,0.0,0.0
2016-09-20 00:00:00+09:00,658.0991848782376,660.6078221776464,649.737060546875,649.737060546875,12100,0.0,0.0
2016-09-21 00:00:00+09:00,649.7369059092963,672.3146362304688,648.0644814410613,672.3146362304688,12600,0.0,0.0
2016-09-23 00:00:00+09:00,668.1336945782741,680.6768803338111,668.1336945782741,679.0044555664062,14300,0.0,0.0
2016-09-26 00:00:00+09:00,679.8406074448387,681.5130320633992,674.8233335891573,675.6595458984375,4500,0.0,0.0
2016-09-27 00:00:00+09:00,676.4957582077178,677.331970516998,668.1336351149154,675.6595458984375,10200,0.0,0.0
2016-09-28 00:00:00+09:00,676.4957284534469,676.4957284534469,661.4439075484257,669.8060302734375,6800,0.0,0.0
2016-09-29 00:00:00+09:00,673.9872738295771,675.6596988266729,665.6251488440986,674.823486328125,8400,0.0,0.0
2016-09-30 00:00:00+09:00,666.4612113971663,673.1509098804502,666.4612113971663,670.6422729492188,3500,0.0,0.0
2016-10-03 00:00:00+09:00,673.9871839904785,674.8233963775634,665.6250601196289,668.9699096679688,6200,0.0,0.0
2016-10-04 00:00:00+09:00,667.2974848937988,668.9699096679688,664.7888477325439,668.9699096679688,4700,0.0,0.0
2016-10-05 00:00:00+09:00,694.0563710218559,696.5650085074769,677.3321211177147,681.51318359375,38700,0.0,0.0
2016-10-06 00:00:00+09:00,679.0045467813077,683.1856092614881,673.987271805091,679.8407592773438,10700,0.0,0.0
2016-10-07 00:00:00+09:00,683.1856092614881,684.0218217575242,674.8234843011272,679.8407592773438,5500,0.0,0.0
2016-10-11 00:00:00+09:00,673.1509399414062,684.8579128099524,673.1509399414062,673.1509399414062,13900,0.0,0.0
2016-10-12 00:00:00+09:00,673.1509104946203,673.1509104946203,665.6249996940594,667.2974243164062,6800,0.0,0.0
2016-10-13 00:00:00+09:00,665.6250614963791,668.9699110516373,662.2802119411209,663.95263671875,6900,0.0,0.0
2016-10-14 00:00:00+09:00,663.952636258686,668.9699105880967,663.952636258686,665.6250610351562,7100,0.0,0.0
2016-10-17 00:00:00+09:00,658.9353951035032,661.4440323945063,656.4267578125,656.4267578125,9100,0.0,0.0
2016-10-18 00:00:00+09:00,656.4267861722697,663.952698370423,656.4267861722697,662.2802734375,3000,0.0,0.0
2016-10-19 00:00:00+09:00,662.2801828541931,664.788819910459,655.5904840374841,658.09912109375,4700,0.0,0.0
2016-10-20 00:00:00+09:00,659.7716378947251,659.7716378947251,653.0819381442083,657.2630004882812,5500,0.0,0.0
2016-10-21 00:00:00+09:00,654.7543027449627,657.2629399202308,653.0818779614507,655.5905151367188,7100,0.0,0.0
2016-10-24 00:00:00+09:00,659.7716075338375,659.7716075338375,654.7543329518312,656.4267578125,3100,0.0,0.0
2016-10-25 00:00:00+09:00,659.7715465794121,659.7715465794121,653.9180601078584,654.7542724609375,6100,0.0,0.0
2016-10-26 00:00:00+09:00,654.7542724609375,658.0991218732539,654.7542724609375,654.7542724609375,6400,0.0,0.0
2016-10-27 00:00:00+09:00,654.7543027449627,656.4267275284748,654.7543027449627,655.5905151367188,2800,0.0,0.0
2016-10-28 00:00:00+09:00,653.9180903532067,656.4267275284748,653.9180903532067,655.5905151367188,14000,0.0,0.0
2016-10-31 00:00:00+09:00,658.0992129570959,658.9354254259105,654.7543630818375,657.2630004882812,3800,0.0,0.0
2016-11-01 00:00:00+09:00,656.426666728066,657.2628790423693,653.9180297851562,653.9180297851562,7900,0.0,0.0
2016-11-02 00:00:00+09:00,653.918030098157,654.7542424128605,650.573180839343,652.24560546875,7900,0.0,0.0
2016-11-04 00:00:00+09:00,648.0646373387596,648.9008497740354,644.7197875976562,644.7197875976562,10800,0.0,0.0
2016-11-07 00:00:00+09:00,643.0473330020905,644.7197577953339,639.7024834156036,642.2111206054688,7600,0.0,0.0
2016-11-08 00:00:00+09:00,646.3922459559803,646.3922459559803,636.3576962128086,637.1939086914062,4400,0.0,0.0
2016-11-09 00:00:00+09:00,643.8834916425673,643.8834916425673,597.8918136680982,605.417724609375,15600,0.0,0.0
2016-11-10 00:00:00+09:00,618.7971791913433,625.4868784258442,618.7971791913433,622.1420288085938,5700,0.0,0.0
2016-11-11 00:00:00+09:00,627.1592131015195,627.9954253856548,607.9263305664062,607.9263305664062,7000,0.0,0.0
2016-11-14 00:00:00+09:00,617.9608779760305,617.9608779760305,605.4176937140002,607.9263305664062,9000,0.0,0.0
2016-11-15 00:00:00+09:00,606.2539369361835,607.090149262992,605.417724609375,605.417724609375,5900,0.0,0.0
2016-11-16 00:00:00+09:00,609.598816759833,609.598816759833,601.2366930731412,606.2539672851562,4900,0.0,0.0
2016-11-17 00:00:00+09:00,604.5814821875542,604.5814821875542,602.0728453320041,602.9090576171875,4300,0.0,0.0
2016-11-18 00:00:00+09:00,603.7452699023709,608.7625436134708,602.0728453320041,602.9090576171875,8600,0.0,0.0
2016-11-21 00:00:00+09:00,602.909149424235,607.9264238993327,602.0729370117188,602.0729370117188,18000,0.0,0.0
2016-11-22 00:00:00+09:00,602.9090863003756,612.107421875,602.0728739754098,612.107421875,13800,0.0,0.0
2016-11-24 00:00:00+09:00,615.4523008183514,623.8144244707747,613.7798760878668,616.2885131835938,11300,0.0,0.0
2016-11-25 00:00:00+09:00,627.9954838058818,627.9954838058818,622.9782096343301,626.3230590820312,13200,0.0,0.0
2016-11-28 00:00:00+09:00,630.5042127278646,630.5042127278646,623.8145128580729,627.1593627929688,4200,0.0,0.0
2016-11-29 00:00:00+09:00,635.5213338818556,635.5213338818556,617.9608759719622,621.3057250976562,16900,0.0,0.0
2016-11-30 00:00:00+09:00,620.469574594046,622.14199932341,617.9609375,617.9609375,3200,0.0,0.0
2016-12-01 00:00:00+09:00,622.14199932341,622.978211688092,617.1247251353179,617.9609375,14200,0.0,0.0
2016-12-02 00:00:00+09:00,617.9610334243985,618.7972459188834,606.2540585016087,607.0902709960938,16700,0.0,0.0
2016-12-05 00:00:00+09:00,604.5816040039062,607.0902413649184,603.7453915502356,604.5816040039062,4900,0.0,0.0
2016-12-06 00:00:00+09:00,604.5814821875542,606.2539067579208,601.2366330468209,602.9090576171875,11100,0.0,0.0
2016-12-07 00:00:00+09:00,601.2367541892236,606.2540289112477,601.2367541892236,604.5816040039062,9500,0.0,0.0
2016-12-08 00:00:00+09:00,609.5988787259304,609.5988787259304,602.0729666428942,604.5816040039062,14400,0.0,0.0
2016-12-09 00:00:00+09:00,602.909149424235,603.7453618367514,600.4005121866862,602.0729370117188,15900,0.0,0.0
2016-12-12 00:00:00+09:00,602.9090576171875,606.2539067579208,600.4004207616375,602.9090576171875,6300,0.0,0.0
2016-12-13 00:00:00+09:00,602.0729365045014,603.745361328125,600.4005116808778,603.745361328125,7700,0.0,0.0
2016-12-14 00:00:00+09:00,602.0729071325837,602.0729071325837,597.8918452774963,599.5642700195312,23800,0.0,0.0
2016-12-15 00:00:00+09:00,602.0729071325837,602.0729071325837,598.7280576485138,599.5642700195312,20400,0.0,0.0
2016-12-16 00:00:00+09:00,602.0729071325837,602.0729071325837,599.5642700195312,599.5642700195312,4100,0.0,0.0
2016-12-19 00:00:00+09:00,600.4004516601562,600.4004516601562,598.7280270037213,600.4004516601562,5900,0.0,0.0
2016-12-20 00:00:00+09:00,602.0728453320041,602.9090576171875,599.5642084764542,602.9090576171875,15300,0.0,0.0
2016-12-21 00:00:00+09:00,603.7452711918182,603.7452711918182,594.5469360351562,594.5469360351562,20100,0.0,0.0
2016-12-22 00:00:00+09:00,591.2021184401078,593.7107554349031,587.0210567821156,588.6934814453125,27700,0.0,0.0
2016-12-26 00:00:00+09:00,593.710785127325,597.0556346210001,592.8745727539062,592.8745727539062,36100,0.0,0.0
2016-12-27 00:00:00+09:00,590.3658443827024,594.5469056035431,590.3658443827024,593.710693359375,7900,0.0,0.0
2016-12-28 00:00:00+09:00,593.7107530344164,604.5815133012437,593.7107530344164,600.4004516601562,11300,0.0,0.0
2016-12-29 00:00:00+09:00,604.5815442456361,604.5815442456361,592.8745710513914,599.5642700195312,12400,0.0,0.0
2016-12-30 00:00:00+09:00,592.8746014813471,601.2367256207174,592.8746014813471,598.7280883789062,5400,0.0,0.0
2017-01-04 00:00:00+09:00,602.9091178104795,606.2539672851562,602.9091178104795,606.2539672851562,11100,0.0,0.0
2017-01-05 00:00:00+09:00,609.5988482108077,609.5988482108077,599.5642992690659,603.745361328125,13700,0.0,0.0
2017-01-06 00:00:00+09:00,602.0729666428942,607.0902413649184,602.0729666428942,604.5816040039062,13200,0.0,0.0
2017-01-10 00:00:00+09:00,603.7452999557579,607.090149262992,603.7452999557579,605.417724609375,10000,0.0,0.0
2017-01-11 00:00:00+09:00,602.9091469124572,612.1074834118151,602.9091469124572,610.43505859375,11700,0.0,0.0
2017-01-12 00:00:00+09:00,610.4350606226195,612.1074854462431,601.2367240926895,603.745361328125,13800,0.0,0.0
2017-01-13 00:00:00+09:00,603.745361328125,608.7626357989959,602.9091489163133,603.745361328125,12000,0.0,0.0
2017-01-16 00:00:00+09:00,602.9090886448087,602.9090886448087,599.5642393319388,600.4004516601562,10300,0.0,0.0
2017-01-17 00:00:00+09:00,600.4004823905487,610.4350308427585,599.5642700195312,599.5642700195312,15400,0.0,0.0
2017-01-18 00:00:00+09:00,599.5642695950866,601.2366943359375,597.8918448542355,601.2366943359375,17700,0.0,0.0
2017-01-19 00:00:00+09:00,602.909149424235,603.7453618367514,599.56429977417,602.0729370117188,3500,0.0,0.0
2017-01-20 00:00:00+09:00,600.4004823905487,602.9091195036012,599.5642700195312,599.5642700195312,8000,0.0,0.0
2017-01-23 00:00:00+09:00,595.3832090145074,597.8918461311415,595.3832090145074,596.2194213867188,13400,0.0,0.0
2017-01-24 00:00:00+09:00,594.5469975007438,597.0556346210001,592.0383603804875,592.8745727539062,14300,0.0,0.0
2017-01-25 00:00:00+09:00,597.8918780310679,597.8918780310679,592.0383911132812,592.0383911132812,18300,0.0,0.0
2017-01-26 00:00:00+09:00,592.0383911132812,594.5470283637612,591.2021786964546,592.0383911132812,16100,0.0,0.0
2017-01-27 00:00:00+09:00,592.8745727539062,596.2194222475813,592.0383603804875,592.8745727539062,9600,0.0,0.0
2017-01-30 00:00:00+09:00,592.8745114612177,596.2193606090948,592.8745114612177,594.5469360351562,6300,0.0,0.0
2017-01-31 00:00:00+09:00,592.8745727539062,594.5469975007438,592.8745727539062,592.8745727539062,7300,0.0,0.0
2017-02-01 00:00:00+09:00,592.8744811152069,595.3831178477112,592.8744811152069,593.710693359375,9600,0.0,0.0
2017-02-02 00:00:00+09:00,592.8745727539062,593.710785127325,592.0383603804875,592.8745727539062,11800,0.0,0.0
2017-02-03 00:00:00+09:00,592.8744811152069,596.2193300918793,592.0382688710387,593.710693359375,14700,0.0,0.0
2017-02-06 00:00:00+09:00,597.0555423360476,597.0555423360476,592.0382688710387,593.710693359375,7600,0.0,0.0
2017-02-07 00:00:00+09:00,593.710693359375,594.5469056035431,592.8744811152069,593.710693359375,5500,0.0,0.0
2017-02-08 00:00:00+09:00,595.3831483221255,596.2193606090948,592.8745114612177,594.5469360351562,10500,0.0,0.0
2017-02-09 00:00:00+09:00,594.5469360351562,596.2193606090948,594.5469360351562,594.5469360351562,14300,0.0,0.0
2017-02-10 00:00:00+09:00,596.2194213867188,597.0556337589302,595.3832090145074,596.2194213867188,7800,0.0,0.0
2017-02-13 00:00:00+09:00,596.2194511370952,599.5643007928433,594.5470263092212,598.7280883789062,8500,0.0,0.0
2017-02-14 00:00:00+09:00,600.4004516601562,602.9090886448087,597.8918146755038,600.4004516601562,15300,0.0,0.0
2017-02-15 00:00:00+09:00,598.7280883789062,601.2367256207174,597.8918759649692,598.7280883789062,9500,0.0,0.0
2017-02-16 00:00:00+09:00,601.2366639883737,601.2366639883737,597.8918146755038,600.4004516601562,6500,0.0,0.0
2017-02-17 00:00:00+09:00,599.5642370005123,613.7798465249317,599.5642370005123,612.107421875,17600,0.0,0.0
2017-02-20 00:00:00+09:00,613.7799082298801,614.6161206389127,604.5815717305222,610.43505859375,10800,0.0,0.0
2017-02-21 00:00:00+09:00,609.5988757873786,612.9437255859375,607.0902384384592,612.9437255859375,6800,0.0,0.0
2017-02-22 00:00:00+09:00,611.2712710027826,612.9436958208476,610.43505859375,610.43505859375,7100,0.0,0.0
2017-02-23 00:00:00+09:00,623.8144236370298,623.8144236370298,618.7971494522816,619.6333618164062,70500,0.0,0.0
2017-02-24 00:00:00+09:00,628.109887678659,628.109887678659,620.4810226461246,621.3286743164062,27000,10.0,0.0
2017-02-27 00:00:00+09:00,626.4145133752993,626.4145133752993,617.9379976327377,619.63330078125,15600,0.0,0.0
2017-02-28 00:00:00+09:00,617.9380493164062,620.4810042518648,616.2427460261006,617.9380493164062,9000,0.0,0.0
2017-03-01 00:00:00+09:00,617.9381012844416,618.7857530008812,616.2427978515625,616.2427978515625,6000,0.0,0.0
2017-03-02 00:00:00+09:00,617.9381058242294,618.7857575468964,615.3951506562285,617.0904541015625,7100,0.0,0.0
2017-03-03 00:00:00+09:00,618.7857575468964,619.6334092695635,616.2428023788955,617.0904541015625,5500,0.0,0.0
2017-03-06 00:00:00+09:00,615.3951461351229,617.0904495680021,615.3951461351229,616.2427978515625,6100,0.0,0.0
2017-03-07 00:00:00+09:00,617.9380829997083,618.785734691066,612.8521728515625,612.8521728515625,5500,0.0,0.0
2017-03-08 00:00:00+09:00,616.2428023788955,618.7857575468964,614.5474989335615,617.0904541015625,3800,0.0,0.0
2017-03-09 00:00:00+09:00,620.4810088693279,620.4810088693279,618.7857055664062,618.7857055664062,6500,0.0,0.0
2017-03-10 00:00:00+09:00,617.9380354447798,617.9380354447798,613.6997773141571,615.3950805664062,9400,0.0,0.0
2017-03-13 00:00:00+09:00,615.3951279256354,615.3951279256354,610.3092177774896,612.8521728515625,5400,0.0,0.0
2017-03-14 00:00:00+09:00,614.5474289402817,617.9380354447798,611.1568224357836,615.3950805664062,3400,0.0,0.0
2017-03-15 00:00:00+09:00,608.6139345142354,610.3092379529937,605.2233276367188,605.2233276367188,17500,0.0,0.0
2017-03-16 00:00:00+09:00,605.2232573434208,605.2232573434208,600.984999238775,603.5279541015625,18600,0.0,0.0
2017-03-17 00:00:00+09:00,601.832763671875,601.832763671875,600.9851118920554,601.832763671875,8200,0.0,0.0
2017-03-21 00:00:00+09:00,601.832763671875,603.528067231514,600.1374601122359,601.832763671875,6900,0.0,0.0
2017-03-22 00:00:00+09:00,600.9850280328845,601.8326796944259,596.7467697251773,597.5944213867188,7700,0.0,0.0
2017-03-23 00:00:00+09:00,596.7467605352062,598.4420638321812,595.8991088867188,595.8991088867188,6100,0.0,0.0
2017-03-24 00:00:00+09:00,597.5944350937666,600.9850418177028,596.7467834127825,600.1373901367188,3900,0.0,0.0
2017-03-27 00:00:00+09:00,599.2897904263677,599.2897904263677,596.7468351628895,598.442138671875,5600,0.0,0.0
2017-03-28 00:00:00+09:00,599.2896728515625,599.2896728515625,597.594369675179,599.2896728515625,5300,0.0,0.0
2017-03-29 00:00:00+09:00,600.1374173204438,605.2233276367188,600.1374173204438,605.2233276367188,3400,0.0,0.0
2017-03-30 00:00:00+09:00,599.2897384557347,601.8326934986869,599.2897384557347,600.1373901367188,2500,0.0,0.0
2017-03-31 00:00:00+09:00,602.6803313559674,602.6803313559674,597.5944213867188,597.5944213867188,5500,0.0,0.0
2017-04-03 00:00:00+09:00,598.4420730482602,600.9850280328845,597.5944213867188,597.5944213867188,6600,0.0,0.0
2017-04-04 00:00:00+09:00,600.137343008307,605.223252694818,599.2896913938885,602.6802978515625,14200,0.0,0.0
2017-04-05 00:00:00+09:00,597.5944213867188,602.6803313559674,597.5944213867188,597.5944213867188,8700,0.0,0.0
2017-04-06 00:00:00+09:00,599.2897904263677,601.832745689846,595.051531653904,598.442138671875,9900,0.0,0.0
2017-04-07 00:00:00+09:00,593.3562577538224,598.4421685345694,592.5086059570312,592.5086059570312,20200,0.0,0.0
2017-04-10 00:00:00+09:00,593.3562577538224,595.0515613474048,589.9656505666577,592.5086059570312,6000,0.0,0.0
2017-04-11 00:00:00+09:00,594.2037917654854,599.289701538086,593.3561401367188,593.3561401367188,5500,0.0,0.0
2017-04-12 00:00:00+09:00,587.4225982356865,599.2897214323671,584.8796432649692,585.727294921875,23300,0.0,0.0
2017-04-13 00:00:00+09:00,576.403200987397,577.2508527535549,554.3642550672906,565.3837280273438,20400,0.0,0.0
2017-04-14 00:00:00+09:00,565.3835965952478,568.7742028716812,556.0594293350564,563.6882934570312,11800,0.0,0.0
2017-04-17 00:00:00+09:00,555.2118756843336,565.383696307558,555.2118756843336,559.4501342773438,13800,0.0,0.0
2017-04-18 00:00:00+09:00,560.2977905273438,565.3837008800881,559.4501388018863,560.2977905273438,3800,0.0,0.0
2017-04-19 00:00:00+09:00,560.2976321415628,578.0983133442447,560.2976321415628,575.5553588867188,9900,0.0,0.0
2017-04-20 00:00:00+09:00,579.7938276973084,584.032086671704,578.9461759024292,580.6414794921875,7600,0.0,0.0
2017-04-21 00:00:00+09:00,584.0319916080634,586.5749465787808,581.4890366373462,585.727294921875,10900,0.0,0.0
2017-04-24 00:00:00+09:00,585.727215051998,589.9654727585971,578.0983511801196,582.3366088867188,11900,0.0,0.0
2017-04-25 00:00:00+09:00,584.8796432649692,585.727294921875,584.0319916080634,585.727294921875,3500,0.0,0.0
2017-04-26 00:00:00+09:00,583.184391724873,585.7273469213477,583.184391724873,584.0320434570312,9100,0.0,0.0
2017-04-27 00:00:00+09:00,585.7272995083318,586.574951171875,584.0319961812455,586.574951171875,4700,0.0,0.0
2017-04-28 00:00:00+09:00,587.4225228775379,587.4225228775379,583.1842651367188,583.1842651367188,2200,0.0,0.0
2017-05-01 00:00:00+09:00,583.1843690035636,583.1843690035636,576.4031554104989,579.7937622070312,5700,0.0,0.0
2017-05-02 00:00:00+09:00,577.2507417156617,582.3366513343018,576.4030901125549,578.946044921875,11700,0.0,0.0
2017-05-08 00:00:00+09:00,584.8795587745423,585.7272103089981,579.793649567807,581.4889526367188,9500,0.0,0.0
2017-05-09 00:00:00+09:00,580.6413985810293,588.270263671875,580.6413985810293,588.270263671875,3800,0.0,0.0
2017-05-10 00:00:00+09:00,588.2701979688064,589.117849550894,581.4889853121055,587.4225463867188,6700,0.0,0.0
2017-05-11 00:00:00+09:00,587.4226028354182,587.4226028354182,581.489041190616,586.574951171875,3700,0.0,0.0
2017-05-12 00:00:00+09:00,584.8796569648325,588.270263671875,583.1843536113113,588.270263671875,5000,0.0,0.0
2017-05-15 00:00:00+09:00,589.1179987698665,592.5086059570312,589.1179987698665,592.5086059570312,6500,0.0,0.0
2017-05-16 00:00:00+09:00,593.3562577538224,593.3562577538224,590.8133023634489,592.5086059570312,2600,0.0,0.0
2017-05-17 00:00:00+09:00,591.6608276367188,591.6608276367188,588.2702211746172,591.6608276367188,3300,0.0,0.0
2017-05-18 00:00:00+09:00,586.5749648718524,589.117919921875,586.5749648718524,589.117919921875,2800,0.0,0.0
2017-05-19 00:00:00+09:00,586.5749133423377,592.5084746044712,586.5749133423377,590.8131713867188,2800,0.0,0.0
2017-05-22 00:00:00+09:00,593.3561401367188,596.7467466517857,589.9655336216517,593.3561401367188,9300,0.0,0.0
2017-05-23 00:00:00+09:00,595.0513916015625,599.2896493765023,594.2037400465745,595.0513916015625,3800,0.0,0.0
2017-05-24 00:00:00+09:00,599.2897175828072,618.7857055664062,595.8991109769638,618.7857055664062,17600,0.0,0.0
2017-05-25 00:00:00+09:00,617.9381611999255,617.9381611999255,603.5280806232469,604.375732421875,8900,0.0,0.0
2017-05-26 00:00:00+09:00,610.3091337156163,614.5473915886414,606.9185274171962,608.6138305664062,2700,0.0,0.0
2017-05-29 00:00:00+09:00,611.1568178374192,617.0903791756466,611.1568178374192,614.5474243164062,8300,0.0,0.0
2017-05-30 00:00:00+09:00,615.3951233417373,615.3951233417373,609.4615615464313,612.0045166015625,5800,0.0,0.0
2017-05-31 00:00:00+09:00,618.7857300819122,618.7857300819122,612.0045166015625,612.0045166015625,10200,0.0,0.0
2017-06-01 00:00:00+09:00,616.2427321925308,617.0903838186553,613.6997773141571,615.3950805664062,8300,0.0,0.0
2017-06-02 00:00:00+09:00,612.8521210769128,614.5474243164062,610.3091662176724,614.5474243164062,7000,0.0,0.0
2017-06-05 00:00:00+09:00,617.9380307953934,617.9380307953934,611.1568178374192,614.5474243164062,4300,0.0,0.0
2017-06-06 00:00:00+09:00,617.0904221025486,617.0904221025486,610.3092086728502,611.1568603515625,4700,0.0,0.0
2017-06-07 00:00:00+09:00,610.3092651367188,612.8522204081218,609.4616133795844,610.3092651367188,2100,0.0,0.0
2017-06-08 00:00:00+09:00,610.3092177774896,614.5474762342778,610.3092177774896,612.8521728515625,1900,0.0,0.0
2017-06-09 00:00:00+09:00,611.1568649165188,613.69981997165,610.309213231475,612.0045166015625,4100,0.0,0.0
2017-06-12 00:00:00+09:00,617.0903800364291,617.0903800364291,603.5279541015625,603.5279541015625,10500,0.0,0.0
2017-06-13 00:00:00+09:00,601.8327770259905,606.0710360191313,600.1374734287342,604.375732421875,5600,0.0,0.0
2017-06-14 00:00:00+09:00,609.4614821410113,612.0044368648263,607.7661789918012,608.6138305664062,3000,0.0,0.0
2017-06-15 00:00:00+09:00,606.9185791015625,610.3091856887221,606.9185791015625,606.9185791015625,3300,0.0,0.0
2017-06-16 00:00:00+09:00,616.2426947378515,616.2426947378515,608.6138305664062,608.6138305664062,2800,0.0,0.0
2017-06-19 00:00:00+09:00,612.8520555022013,613.69970703125,610.3091009150552,613.69970703125,4600,0.0,0.0
2017-06-20 00:00:00+09:00,617.0904221025486,617.0904221025486,606.0709502792888,611.1568603515625,7000,0.0,0.0
2017-06-21 00:00:00+09:00,615.3951279256354,615.3951279256354,612.004521160205,612.8521728515625,1400,0.0,0.0
2017-06-22 00:00:00+09:00,611.1568649165188,614.5474716566936,611.1568649165188,612.0045166015625,2600,0.0,0.0
2017-06-23 00:00:00+09:00,617.0904313083506,617.0904313083506,612.8521728515625,612.8521728515625,5700,0.0,0.0
2017-06-26 00:00:00+09:00,618.785616205542,618.785616205542,613.69970703125,613.69970703125,2600,0.0,0.0
2017-06-27 00:00:00+09:00,620.4810633080989,631.5005357438985,617.090456404776,628.9575805664062,13900,0.0,0.0
2017-06-28 00:00:00+09:00,628.9575102934966,632.3481168179899,625.5669037690034,627.26220703125,11100,0.0,0.0
2017-06-29 00:00:00+09:00,627.2622793692129,640.82470703125,627.2622793692129,640.82470703125,15100,0.0,0.0
2017-06-30 00:00:00+09:00,648.4535522460938,649.3012039483762,640.8246869255514,648.4535522460938,18900,0.0,0.0
2017-07-03 00:00:00+09:00,650.9964599609375,652.6917632420857,649.3011566797892,650.9964599609375,8600,0.0,0.0
2017-07-04 00:00:00+09:00,655.2346948146195,656.0823464249877,646.7581787109375,646.7581787109375,13200,0.0,0.0
2017-07-05 00:00:00+09:00,652.6917446595836,653.5393962760247,645.9105317280555,647.6058349609375,8400,0.0,0.0
2017-07-06 00:00:00+09:00,651.8440930431426,651.8440930431426,645.9105317280555,647.6058349609375,6000,0.0,0.0
2017-07-07 00:00:00+09:00,646.7582758447076,655.2347932214403,646.7582758447076,653.5394897460938,9600,0.0,0.0
2017-07-10 00:00:00+09:00,653.5394378701588,656.9300445517162,646.7582245070444,655.2347412109375,8400,0.0,0.0
2017-07-11 00:00:00+09:00,656.9300718882882,662.8636338279244,656.9300718882882,660.3206787109375,8200,0.0,0.0
2017-07-12 00:00:00+09:00,663.7111390579578,663.7111390579578,651.8440177976623,656.082275390625,10100,0.0,0.0
2017-07-13 00:00:00+09:00,650.9964717741935,650.9964717741935,628.957528719338,630.65283203125,20300,0.0,0.0
2017-07-14 00:00:00+09:00,638.2816633300781,638.2816633300781,631.5004504394532,635.7387084960938,9000,0.0,0.0
2017-07-17 00:00:00+09:00,635.7387084960938,635.7387084960938,635.7387084960938,635.7387084960938,0,0.0,0.0
2017-07-18 00:00:00+09:00,635.7387406665393,642.5199539003157,635.7387406665393,641.6723022460938,4800,0.0,0.0
2017-07-19 00:00:00+09:00,643.3676531156748,644.2153048325597,636.5864393805952,639.12939453125,6400,0.0,0.0
2017-07-20 00:00:00+09:00,644.2152755677151,648.4535339596081,644.2152755677151,645.0629272460938,4200,0.0,0.0
2017-07-21 00:00:00+09:00,647.6059005438112,649.3012039483762,645.9105971392463,648.4535522460938,4800,0.0,0.0
2017-07-24 00:00:00+09:00,644.2152284951735,648.4534865773785,642.5199252622914,647.6058349609375,4200,0.0,0.0
2017-07-25 00:00:00+09:00,649.3012084960938,650.1488602043132,644.2152982467771,649.3012084960938,3400,0.0,0.0
2017-07-26 00:00:00+09:00,649.3011381938196,649.3011381938196,644.2152284951735,647.6058349609375,4300,0.0,0.0
2017-07-27 00:00:00+09:00,647.6058349609375,647.6058349609375,644.2152284951735,647.6058349609375,3300,0.0,0.0
2017-07-28 00:00:00+09:00,647.605854524524,647.605854524524,637.4340348199503,639.9769897460938,9800,0.0,0.0
2017-07-31 00:00:00+09:00,640.8246274907539,642.5199307380839,636.5863693724287,637.4340209960938,5000,0.0,0.0
2017-08-01 00:00:00+09:00,641.6722224059491,641.6722224059491,635.7386615646788,638.2816162109375,3500,0.0,0.0
2017-08-02 00:00:00+09:00,639.12939453125,640.8246979650199,635.7387876637102,639.12939453125,2600,0.0,0.0
2017-08-03 00:00:00+09:00,637.4340406292059,637.4340406292059,627.2622208319314,629.80517578125,8600,0.0,0.0
2017-08-04 00:00:00+09:00,626.4145133752993,627.2621649495554,618.7856492069939,619.63330078125,20500,0.0,0.0
2017-08-07 00:00:00+09:00,623.8716951209128,624.719346880588,619.633436322537,622.1763916015625,9000,0.0,0.0
2017-08-08 00:00:00+09:00,622.1762834442842,625.5668898935719,622.1762834442842,624.71923828125,2800,0.0,0.0
2017-08-09 00:00:00+09:00,629.8051526242801,629.8051526242801,622.1762880568259,625.56689453125,1700,0.0,0.0
2017-08-10 00:00:00+09:00,629.8051479551814,629.8051479551814,622.1762834442842,624.71923828125,3100,0.0,0.0
2017-08-11 00:00:00+09:00,624.71923828125,624.71923828125,624.71923828125,624.71923828125,0,0.0,0.0
2017-08-14 00:00:00+09:00,619.6333332010078,627.262197768462,618.7856815824017,625.56689453125,4700,0.0,0.0
2017-08-15 00:00:00+09:00,622.1763598666395,623.024011583079,616.2427978515625,616.2427978515625,6400,0.0,0.0
2017-08-16 00:00:00+09:00,623.8715968276515,623.8715968276515,614.5474289402817,615.3950805664062,5000,0.0,0.0
2017-08-17 00:00:00+09:00,613.6997956576413,618.7857055664062,612.8521440061804,618.7857055664062,12500,0.0,0.0
2017-08-18 00:00:00+09:00,618.7857300819122,618.7857300819122,612.0045166015625,612.0045166015625,9200,0.0,0.0
2017-08-21 00:00:00+09:00,611.156719213084,612.0043706960425,606.9184617982914,607.76611328125,7400,0.0,0.0
2017-08-22 00:00:00+09:00,607.7662307483524,607.7662307483524,606.0709274547727,606.9185791015625,3800,0.0,0.0
2017-08-23 00:00:00+09:00,617.0903838186553,617.0903838186553,611.1568224357836,615.3950805664062,6700,0.0,0.0
2017-08-24 00:00:00+09:00,611.1568178374192,615.395075936153,605.2232564991918,614.5474243164062,6500,0.0,0.0
2017-08-25 00:00:00+09:00,613.6997498508221,613.6997498508221,589.1178537932616,599.2896728515625,27700,0.0,0.0
2017-08-28 00:00:00+09:00,595.8991834083968,599.2897904263677,595.8991834083968,598.442138671875,45200,0.0,0.0
2017-08-29 00:00:00+09:00,595.0515070041689,605.2233276367188,589.9655966878939,605.2233276367188,28500,0.0,0.0
2017-08-30 00:00:00+09:00,614.5474251736416,614.5474251736416,602.6803024806334,603.5279541015625,4200,0.0,0.0
2017-08-31 00:00:00+09:00,598.44203977947,606.0709043092365,598.44203977947,602.6802978515625,3800,0.0,0.0
2017-09-01 00:00:00+09:00,597.5944869173823,601.832745689846,597.5944869173823,598.442138671875,2700,0.0,0.0
2017-09-04 00:00:00+09:00,596.7467605352062,600.9850187776437,595.8991088867188,595.8991088867188,4500,0.0,0.0
2017-09-05 00:00:00+09:00,596.7466947115385,596.7466947115385,595.0513916015625,595.0513916015625,3600,0.0,0.0
2017-09-06 00:00:00+09:00,595.0514433942523,598.4420499093192,593.3561401367188,593.3561401367188,5000,0.0,0.0
2017-09-07 00:00:00+09:00,595.8991134816949,596.7467651367188,593.3561585166237,596.7467651367188,2600,0.0,0.0
2017-09-08 00:00:00+09:00,595.8990431565504,596.7466947115385,592.5084369365985,595.0513916015625,5000,0.0,0.0
2017-09-11 00:00:00+09:00,597.594369675179,599.2896728515625,595.8990664987955,599.2896728515625,3900,0.0,0.0
2017-09-12 00:00:00+09:00,600.1373009314904,600.1373009314904,594.2037400465745,595.0513916015625,8300,0.0,0.0
2017-09-13 00:00:00+09:00,598.4419978215144,598.4419978215144,593.3560884915865,595.0513916015625,3100,0.0,0.0
2017-09-14 00:00:00+09:00,593.3561539412561,597.5944121836937,593.3561539412561,595.8991088867188,2400,0.0,0.0
2017-09-15 00:00:00+09:00,592.5084885079519,595.899095023019,591.6608368791852,593.3561401367188,8100,0.0,0.0
2017-09-18 00:00:00+09:00,593.3561401367188,593.3561401367188,593.3561401367188,593.3561401367188,0,0.0,0.0
2017-09-19 00:00:00+09:00,593.3561630790115,597.5944213867188,593.3561630790115,597.5944213867188,2700,0.0,0.0
2017-09-20 00:00:00+09:00,597.5944213867188,599.2897247098016,597.5944213867188,597.5944213867188,2500,0.0,0.0
2017-09-21 00:00:00+09:00,599.2896959969166,605.2232573434208,597.5943927550584,603.5279541015625,4900,0.0,0.0
2017-09-22 00:00:00+09:00,609.4614919098634,609.4614919098634,597.594369675179,599.2896728515625,2600,0.0,0.0
2017-09-25 00:00:00+09:00,604.375732421875,606.0710360191313,603.5280806232469,604.375732421875,5600,0.0,0.0
2017-09-26 00:00:00+09:00,604.3756759173397,607.7662827948562,598.4421138816855,605.2233276367188,9200,0.0,0.0
2017-09-27 00:00:00+09:00,599.2898083324163,601.832763671875,598.4421565525968,601.832763671875,3400,0.0,0.0
2017-09-28 00:00:00+09:00,601.8326934986869,601.8326934986869,597.5944350937666,600.1373901367188,2400,0.0,0.0
2017-09-29 00:00:00+09:00,600.1374556483604,605.2233662894481,600.1374556483604,600.985107421875,3200,0.0,0.0
2017-10-02 00:00:00+09:00,605.2233842205031,607.7663396163877,602.6804288246186,604.375732421875,4000,0.0,0.0
2017-10-03 00:00:00+09:00,605.2231588323745,607.76611328125,602.6802043834989,607.76611328125,6800,0.0,0.0
2017-10-04 00:00:00+09:00,607.7662261322662,607.7662261322662,602.6803162901552,606.0709228515625,4900,0.0,0.0
2017-10-05 00:00:00+09:00,606.9185605852791,606.9185605852791,602.6803024806334,603.5279541015625,4500,0.0,0.0
2017-10-06 00:00:00+09:00,605.2233842205031,605.2233842205031,599.2898216301061,604.375732421875,8200,0.0,0.0
2017-10-09 00:00:00+09:00,604.375732421875,604.375732421875,604.375732421875,604.375732421875,0,0.0,0.0
2017-10-10 00:00:00+09:00,606.0709043092365,606.0709043092365,600.9849946227255,602.6802978515625,4000,0.0,0.0
2017-10-11 00:00:00+09:00,604.375732421875,607.7663396163877,602.6804288246186,604.375732421875,8500,0.0,0.0
2017-10-12 00:00:00+09:00,606.9186310754772,606.9186310754772,601.8327207592022,605.2233276367188,11300,0.0,0.0
2017-10-13 00:00:00+09:00,601.8326276161378,601.8326276161378,595.8990664987955,599.2896728515625,8100,0.0,0.0
2017-10-16 00:00:00+09:00,597.5944350937666,602.680345179671,597.5944350937666,600.1373901367188,4100,0.0,0.0
2017-10-17 00:00:00+09:00,599.2897384557347,600.1373901367188,598.4420867747507,600.1373901367188,4400,0.0,0.0
2017-10-18 00:00:00+09:00,601.8326276161378,601.8326276161378,599.2896728515625,599.2896728515625,3300,0.0,0.0
2017-10-19 00:00:00+09:00,597.5944167917424,601.8326750668612,595.0514618266712,596.7467651367188,8700,0.0,0.0
2017-10-20 00:00:00+09:00,596.7467697251773,597.5944213867188,595.8991180636358,597.5944213867188,5500,0.0,0.0
2017-10-23 00:00:00+09:00,597.594369675179,599.2896728515625,594.203763322412,599.2896728515625,5800,0.0,0.0
2017-10-24 00:00:00+09:00,604.3756485416391,604.3756485416391,599.2897384557347,600.1373901367188,4600,0.0,0.0
2017-10-25 00:00:00+09:00,604.3756346790503,604.3756346790503,597.5944213867188,597.5944213867188,7100,0.0,0.0
2017-10-26 00:00:00+09:00,604.3755823807129,604.3755823807129,598.4420212633707,599.2896728515625,4200,0.0,0.0
2017-10-27 00:00:00+09:00,601.8327591953896,601.8327591953896,598.4421521013311,600.985107421875,3700,0.0,0.0
2017-10-30 00:00:00+09:00,600.9851118920554,601.832763671875,600.1374601122359,601.832763671875,5300,0.0,0.0
2017-10-31 00:00:00+09:00,601.832763671875,601.832763671875,600.9851118920554,601.832763671875,5400,0.0,0.0
2017-11-01 00:00:00+09:00,601.832682857593,609.4615478515625,600.9850311915965,609.4615478515625,11800,0.0,0.0
2017-11-02 00:00:00+09:00,609.4615294129699,609.4615294129699,605.2232712112107,606.0709228515625,5300,0.0,0.0
2017-11-03 00:00:00+09:00,606.0709228515625,606.0709228515625,606.0709228515625,606.0709228515625,0,0.0,0.0
2017-11-06 00:00:00+09:00,606.9186310754772,606.9186310754772,603.5280241979605,605.2233276367188,5100,0.0,0.0
2017-11-07 00:00:00+09:00,602.6803024806334,603.5279541015625,602.6803024806334,603.5279541015625,4100,0.0,0.0
2017-11-08 00:00:00+09:00,602.6802978515625,603.527949465981,601.832646237144,602.6802978515625,6300,0.0,0.0
2017-11-09 00:00:00+09:00,601.832646237144,604.3756010803995,600.9849946227255,602.6802978515625,7600,0.0,0.0
2017-11-10 00:00:00+09:00,601.8326934986869,603.5279968606551,598.4420867747507,600.1373901367188,7100,0.0,0.0
2017-11-13 00:00:00+09:00,600.1373244397543,600.1373244397543,597.594369675179,599.2896728515625,4300,0.0,0.0
2017-11-14 00:00:00+09:00,599.2898083324163,601.832763671875,599.2898083324163,601.832763671875,2500,0.0,0.0
2017-11-15 00:00:00+09:00,599.28972010179,600.1373717568138,596.7467651367188,596.7467651367188,11500,0.0,0.0
2017-11-16 00:00:00+09:00,599.2897247098016,599.2897247098016,597.5944213867188,597.5944213867188,1900,0.0,0.0
2017-11-17 00:00:00+09:00,597.5944167917424,598.4420684467663,596.7467651367188,596.7467651367188,7600,0.0,0.0
2017-11-20 00:00:00+09:00,597.5944869173823,598.442138671875,595.8991834083968,598.442138671875,7700,0.0,0.0
2017-11-21 00:00:00+09:00,599.2897904263677,600.1374421808605,596.7468351628895,598.442138671875,11200,0.0,0.0
2017-11-22 00:00:00+09:00,599.2896913938885,606.918555923655,599.2896913938885,602.6802978515625,11400,0.0,0.0
2017-11-23 00:00:00+09:00,602.6802978515625,602.6802978515625,602.6802978515625,602.6802978515625,0,0.0,0.0
2017-11-24 00:00:00+09:00,729.8281860351562,729.8281860351562,729.8281860351562,729.8281860351562,73900,0.0,0.0
2017-11-27 00:00:00+09:00,720.5039647954651,721.3516165187539,678.9690303543148,685.750244140625,418300,0.0,0.0
2017-11-28 00:00:00+09:00,676.4259655616971,676.4259655616971,641.6722505391036,643.3675537109375,150800,0.0,0.0
2017-11-29 00:00:00+09:00,637.4340932333839,646.7582621503616,623.87166571778,628.1099243164062,84600,0.0,0.0
2017-11-30 00:00:00+09:00,628.109887678659,628.9575393489406,618.7857193055614,621.3286743164062,39000,0.0,0.0
2017-12-01 00:00:00+09:00,622.1762972445101,633.1957684491132,619.6333423511402,627.26220703125,48700,0.0,0.0
2017-12-04 00:00:00+09:00,623.8716154751712,628.9575253839362,618.7857055664062,618.7857055664062,24000,0.0,0.0
2017-12-05 00:00:00+09:00,620.4809903231534,620.4809903231534,610.3091708096591,615.3950805664062,19200,0.0,0.0
2017-12-06 00:00:00+09:00,617.0903131474447,617.0903131474447,611.1567524441039,613.69970703125,18600,0.0,0.0
2017-12-07 00:00:00+09:00,612.0044039731525,613.69970703125,611.1567524441039,613.69970703125,6500,0.0,0.0
2017-12-08 00:00:00+09:00,613.699739761457,620.4809523555062,613.699739761457,619.63330078125,26100,0.0,0.0
2017-12-11 00:00:00+09:00,622.1763916015625,627.2623021596135,618.7857845628619,622.1763916015625,22500,0.0,0.0
2017-12-12 00:00:00+09:00,627.2621884553329,630.6527948794158,623.87158203125,623.87158203125,23400,0.0,0.0
2017-12-13 00:00:00+09:00,628.9574916673743,629.8051432733951,623.0239304252293,623.87158203125,13700,0.0,0.0
2017-12-14 00:00:00+09:00,624.7193174375052,628.9575760361315,622.1763622783295,628.1099243164062,9500,0.0,0.0
2017-12-15 00:00:00+09:00,621.3286743164062,626.4145843380958,618.7857193055614,621.3286743164062,21700,0.0,0.0
2017-12-18 00:00:00+09:00,618.785734691066,618.785734691066,608.6139143947744,612.8521728515625,27500,0.0,0.0
2017-12-19 00:00:00+09:00,610.3091856887221,611.156837335512,606.9185791015625,606.9185791015625,17000,0.0,0.0
2017-12-20 00:00:00+09:00,608.6138638271375,608.6138638271375,603.5279541015625,603.5279541015625,17700,0.0,0.0
2017-12-21 00:00:00+09:00,604.3756010803995,606.0709043092365,602.6802978515625,602.6802978515625,11900,0.0,0.0
2017-12-22 00:00:00+09:00,602.6802792043294,605.2232339689047,599.2896728515625,599.2896728515625,18400,0.0,0.0
2017-12-25 00:00:00+09:00,597.5943462665264,598.4419978215144,595.0513916015625,595.0513916015625,22700,0.0,0.0
2017-12-26 00:00:00+09:00,595.0514433942523,596.7467466517857,593.3561401367188,593.3561401367188,24000,0.0,0.0
2017-12-27 00:00:00+09:00,596.7468529929577,606.0710225709727,596.7468529929577,601.832763671875,12700,0.0,0.0
2017-12-28 00:00:00+09:00,605.2233707911531,605.2233707911531,597.5945047727772,601.832763671875,15200,0.0,0.0
2017-12-29 00:00:00+09:00,600.1374556483604,601.8327591953896,598.4421521013311,600.985107421875,5100,0.0,0.0
2018-01-01 00:00:00+09:00,600.985107421875,600.985107421875,600.985107421875,600.985107421875,0,0.0,0.0
2018-01-02 00:00:00+09:00,600.985107421875,600.985107421875,600.985107421875,600.985107421875,0,0.0,0.0
2018-01-03 00:00:00+09:00,600.985107421875,600.985107421875,600.985107421875,600.985107421875,0,0.0,0.0
2018-01-04 00:00:00+09:00,600.9851118920554,604.3757190113336,600.1374601122359,601.832763671875,8600,0.0,0.0
2018-01-05 00:00:00+09:00,602.6802043834989,609.461416247167,602.6802043834989,607.76611328125,11900,0.0,0.0
2018-01-08 00:00:00+09:00,607.76611328125,607.76611328125,607.76611328125,607.76611328125,0,0.0,0.0
2018-01-09 00:00:00+09:00,609.4615340419322,609.4615340419322,603.527972514403,606.9185791015625,14400,0.0,0.0
2018-01-10 00:00:00+09:00,611.1568649165188,612.8521682866062,606.0709548062565,612.0045166015625,13600,0.0,0.0
2018-01-11 00:00:00+09:00,605.2233276367188,606.9186310754772,601.8327207592022,605.2233276367188,17400,0.0,0.0
2018-01-12 00:00:00+09:00,602.6803208676131,609.4615340419322,602.6803208676131,606.9185791015625,9600,0.0,0.0
2018-01-15 00:00:00+09:00,610.3091009150552,618.785616205542,610.3091009150552,613.69970703125,23900,0.0,0.0
2018-01-16 00:00:00+09:00,614.5474944186834,618.7857530008812,612.0045392693647,616.2427978515625,10300,0.0,0.0
2018-01-17 00:00:00+09:00,617.9381058242294,617.9381058242294,612.8521954882276,617.0904541015625,7000,0.0,0.0
2018-01-18 00:00:00+09:00,617.0904267118248,617.0904267118248,612.0045166015625,612.0045166015625,9300,0.0,0.0
2018-01-19 00:00:00+09:00,615.395118745124,616.2427704238363,610.3092086728502,611.1568603515625,5200,0.0,0.0
2018-01-22 00:00:00+09:00,616.2426944842255,627.2621649495554,614.5473913357131,619.63330078125,28300,0.0,0.0
2018-01-23 00:00:00+09:00,622.176396085778,625.5670031489158,621.3287443199937,623.0240478515625,13200,0.0,0.0
2018-01-24 00:00:00+09:00,624.7192188207654,662.0158886011096,623.8715672348485,643.3675537109375,73900,0.0,0.0
2018-01-25 00:00:00+09:00,645.9105084686882,648.453463226439,634.0433862658515,643.3675537109375,21100,0.0,0.0
2018-01-26 00:00:00+09:00,645.9105789244724,647.6058822812295,641.6723205325794,645.0629272460938,11700,0.0,0.0
2018-01-29 00:00:00+09:00,648.4535655898121,648.4535655898121,621.3287105586043,628.1099243164062,23600,0.0,0.0
2018-01-30 00:00:00+09:00,628.1098447305376,633.1957544044691,622.1762834442842,624.71923828125,13200,0.0,0.0
2018-01-31 00:00:00+09:00,621.3286697304313,625.5669280505571,620.4810180664062,620.4810180664062,16700,0.0,0.0
2018-02-01 00:00:00+09:00,623.0239350566061,624.71923828125,622.1762834442842,624.71923828125,7100,0.0,0.0
2018-02-02 00:00:00+09:00,625.5669736630833,631.5005357438985,625.5669736630833,628.9575805664062,13000,0.0,0.0
2018-02-05 00:00:00+09:00,627.2621931182157,627.2621931182157,615.3950705457089,624.71923828125,23200,0.0,0.0
2018-02-06 00:00:00+09:00,610.3092814700703,618.7857992682658,589.1179869745819,601.832763671875,55600,0.0,0.0
2018-02-07 00:00:00+09:00,612.0043706960425,617.9379310767521,607.76611328125,607.76611328125,7500,0.0,0.0
2018-02-08 00:00:00+09:00,608.6138305664062,611.1567852902213,606.9185274171962,608.6138305664062,6000,0.0,0.0
2018-02-09 00:00:00+09:00,583.1843205915178,597.5943982805525,583.1843205915178,593.3561401367188,14100,0.0,0.0
2018-02-12 00:00:00+09:00,593.3561401367188,593.3561401367188,593.3561401367188,593.3561401367188,0,0.0,0.0
2018-02-13 00:00:00+09:00,606.070939433368,606.070939433368,586.574951171875,586.574951171875,16000,0.0,0.0
2018-02-14 00:00:00+09:00,586.574951171875,594.2038161437636,586.574951171875,586.574951171875,7600,0.0,0.0
2018-02-15 00:00:00+09:00,589.1179047713043,597.5944213867188,589.1179047713043,597.5944213867188,8100,0.0,0.0
2018-02-16 00:00:00+09:00,601.8327008639134,612.8521728515625,601.8327008639134,612.8521728515625,13200,0.0,0.0
2018-02-19 00:00:00+09:00,617.0904810435115,623.8716951209128,614.5475257644861,622.1763916015625,10500,0.0,0.0
2018-02-20 00:00:00+09:00,619.6333664023811,621.3286697304313,617.9380630743308,620.4810180664062,4800,0.0,0.0
2018-02-21 00:00:00+09:00,620.4810180664062,620.4810180664062,616.2427597462805,620.4810180664062,6000,0.0,0.0
2018-02-22 00:00:00+09:00,617.9380390888936,627.26220703125,617.0903874577702,627.26220703125,10400,0.0,0.0
2018-02-23 00:00:00+09:00,624.7192336372707,627.2621884553329,619.6333240011464,623.87158203125,48200,0.0,0.0
2018-02-26 00:00:00+09:00,628.1683338619666,628.1683338619666,618.7157323948235,620.4343872070312,20300,10.0,0.0
2018-02-27 00:00:00+09:00,623.012260193633,624.730914704512,619.574951171875,619.574951171875,3800,0.0,0.0
2018-02-28 00:00:00+09:00,620.4343872070312,623.0123694253431,617.8564049887195,620.4343872070312,6000,0.0,0.0
2018-03-01 00:00:00+09:00,616.9969748385125,616.9969748385125,611.8410112604748,615.2783203125,6100,0.0,0.0
2018-03-02 00:00:00+09:00,610.9817276983302,610.9817276983302,600.6697998046875,600.6697998046875,11600,0.0,0.0
2018-03-05 00:00:00+09:00,604.1070291722075,607.5443380152925,602.3883747506649,605.82568359375,4700,0.0,0.0
2018-03-06 00:00:00+09:00,606.6850374094283,616.1376371424365,600.6697466702414,604.1070556640625,9400,0.0,0.0
2018-03-07 00:00:00+09:00,594.6545009695369,604.1071014184746,584.3425732070593,597.2324829101562,16800,0.0,0.0
2018-03-08 00:00:00+09:00,605.8257579803467,605.8257579803467,601.5291213989258,604.9664306640625,4600,0.0,0.0
2018-03-09 00:00:00+09:00,607.5444049072265,608.4037322126117,594.6544953264508,601.5291137695312,11400,0.0,0.0
2018-03-12 00:00:00+09:00,604.1071242099099,610.1224156316301,601.5291421720298,607.54443359375,7800,0.0,0.0
2018-03-13 00:00:00+09:00,607.544380370407,610.981689453125,605.825725829048,610.981689453125,6100,0.0,0.0
2018-03-14 00:00:00+09:00,610.1223621824455,614.418998535843,609.263034911766,610.981689453125,1500,0.0,0.0
2018-03-15 00:00:00+09:00,613.5596790660511,616.1376609108664,610.9816972212358,614.4190063476562,8800,0.0,0.0
2018-03-16 00:00:00+09:00,614.418998535843,614.418998535843,605.825725829048,610.981689453125,2500,0.0,0.0
2018-03-19 00:00:00+09:00,610.9816761659772,611.8410034179688,607.5443671580111,611.8410034179688,4400,0.0,0.0
2018-03-20 00:00:00+09:00,606.6850663306008,614.4190119353818,606.6850663306008,610.1223754882812,6200,0.0,0.0
2018-03-21 00:00:00+09:00,610.1223754882812,610.1223754882812,610.1223754882812,610.1223754882812,0,0.0,0.0
2018-03-22 00:00:00+09:00,610.1223831817883,613.5596923828125,608.4037285812763,613.5596923828125,2600,0.0,0.0
2018-03-23 00:00:00+09:00,601.5290871644631,607.5443780361078,600.6697598970853,603.2477416992188,10500,0.0,0.0
2018-03-26 00:00:00+09:00,608.403720909441,617.8563210930622,592.9358296998789,610.1223754882812,23700,0.0,0.0
2018-03-27 00:00:00+09:00,608.4037153764205,614.4190063476562,608.4037153764205,614.4190063476562,5900,0.0,0.0
2018-03-28 00:00:00+09:00,603.2477571729203,610.1223754882812,603.2477571729203,610.1223754882812,3100,0.0,0.0
2018-03-29 00:00:00+09:00,610.1224499528936,610.1224499528936,602.3885034041949,609.2631225585938,7300,0.0,0.0
2018-03-30 00:00:00+09:00,610.9817104820444,613.5596923828125,608.4037285812763,613.5596923828125,3800,0.0,0.0
2018-04-02 00:00:00+09:00,611.8410398026884,623.0122947429061,611.8410398026884,621.2936401367188,11600,0.0,0.0
2018-04-03 00:00:00+09:00,618.7156263377568,629.0275534433862,615.2783173025471,627.3088989257812,8900,0.0,0.0
2018-04-04 00:00:00+09:00,629.0276221501406,630.7462768554688,623.0123306814917,630.7462768554688,10100,0.0,0.0
2018-04-05 00:00:00+09:00,631.6055698082095,637.6208609492401,624.7309513613175,629.027587890625,11100,0.0,0.0
2018-04-06 00:00:00+09:00,629.0274183201491,629.0274183201491,605.825587316537,616.1375122070312,12800,0.0,0.0
2018-04-09 00:00:00+09:00,615.2783203125,618.7156293645252,610.1223567344623,615.2783203125,5900,0.0,0.0
2018-04-10 00:00:00+09:00,613.5596944088758,621.2936401367188,609.2630578934074,621.2936401367188,8300,0.0,0.0
2018-04-11 00:00:00+09:00,623.8715453109121,634.1834716796875,619.5749093239223,634.1834716796875,9900,0.0,0.0
2018-04-12 00:00:00+09:00,641.9174695033851,660.822669408438,640.198814966562,650.5107421875,68800,0.0,0.0
2018-04-13 00:00:00+09:00,654.8073437823365,654.8073437823365,643.6360898857874,648.7920532226562,18200,0.0,0.0
2018-04-16 00:00:00+09:00,647.9328060786778,648.7921334076947,641.9175147755601,643.6361694335938,11500,0.0,0.0
2018-04-17 00:00:00+09:00,647.0734576105112,647.0734576105112,635.9022026982448,641.0581665039062,23100,0.0,0.0
2018-04-18 00:00:00+09:00,641.058282153743,647.0735743455341,640.1989546977728,645.3549194335938,4400,0.0,0.0
2018-04-19 00:00:00+09:00,637.6209325006216,650.5108435350008,637.6209325006216,647.932861328125,11200,0.0,0.0
2018-04-20 00:00:00+09:00,646.2140768229167,648.7920585123699,643.6360951334635,644.4954223632812,11800,0.0,0.0
2018-04-23 00:00:00+09:00,644.4955919776236,645.3549194335938,641.917609609713,645.3549194335938,4300,0.0,0.0
2018-04-24 00:00:00+09:00,647.0733987770333,648.7920532226562,640.1987809945416,648.7920532226562,8600,0.0,0.0
2018-04-25 00:00:00+09:00,651.3700849545547,659.104030554279,647.9327757991217,657.3853759765625,13600,0.0,0.0
2018-04-26 00:00:00+09:00,656.5260486877042,657.3853759765625,653.0887395322712,657.3853759765625,10600,0.0,0.0
2018-04-27 00:00:00+09:00,657.3853282029716,657.3853282029716,654.8073465237443,656.5260009765625,4600,0.0,0.0
2018-04-30 00:00:00+09:00,656.5260009765625,656.5260009765625,656.5260009765625,656.5260009765625,0,0.0,0.0
2018-05-01 00:00:00+09:00,657.3853681967856,657.3853681967856,651.3700772459654,653.9480590820312,7300,0.0,0.0
2018-05-02 00:00:00+09:00,653.0887340198864,662.5413341175426,651.3700794566761,661.6820068359375,6100,0.0,0.0
2018-05-03 00:00:00+09:00,661.6820068359375,661.6820068359375,661.6820068359375,661.6820068359375,0,0.0,0.0
2018-05-04 00:00:00+09:00,661.6820068359375,661.6820068359375,661.6820068359375,661.6820068359375,0,0.0,0.0
2018-05-07 00:00:00+09:00,665.1192631547993,684.8837890625,665.1192631547993,684.8837890625,33400,0.0,0.0
2018-05-08 00:00:00+09:00,690.0397683848505,694.3364045516305,684.0244777513587,691.7584228515625,21100,0.0,0.0
2018-05-09 00:00:00+09:00,684.0246230593153,688.3212601388336,674.572021484375,674.572021484375,13700,0.0,0.0
2018-05-10 00:00:00+09:00,675.4312894806753,682.305908203125,666.8380160776134,682.305908203125,8200,0.0,0.0
2018-05-11 00:00:00+09:00,682.3058232846467,682.3058232846467,671.993896484375,671.993896484375,5900,0.0,0.0
2018-05-14 00:00:00+09:00,676.2905706232244,676.2905706232244,661.6820068359375,661.6820068359375,13400,0.0,0.0
2018-05-15 00:00:00+09:00,657.3854085071735,659.1040631699373,644.4954985364445,651.3701171875,27700,0.0,0.0
2018-05-16 00:00:00+09:00,651.3700772459654,656.526040918097,649.6514226885881,653.9480590820312,3500,0.0,0.0
2018-05-17 00:00:00+09:00,656.5260009765625,670.2752365991083,652.2293648445169,656.5260009765625,6200,0.0,0.0
2018-05-18 00:00:00+09:00,660.8226022795429,660.8226022795429,653.947984830601,654.8073120117188,5600,0.0,0.0
2018-05-21 00:00:00+09:00,652.2293990411584,659.1040172128702,652.2293990411584,658.2446899414062,6500,0.0,0.0
2018-05-22 00:00:00+09:00,660.8226504744583,660.8226504744583,653.9480325241389,655.6666870117188,4600,0.0,0.0
2018-05-23 00:00:00+09:00,655.6667538444096,655.6667538444096,648.7921351933542,651.3701171875,4900,0.0,0.0
2018-05-24 00:00:00+09:00,657.3853414992986,662.5413049620382,653.9480325241389,655.6666870117188,19000,0.0,0.0
2018-05-25 00:00:00+09:00,653.9480192973351,661.6819643350171,653.0886920709261,656.5260009765625,4000,0.0,0.0
2018-05-28 00:00:00+09:00,656.5259905674661,665.1192626953125,656.5259905674661,665.1192626953125,5600,0.0,0.0
2018-05-29 00:00:00+09:00,659.9632750984251,659.9632750984251,654.8073120117188,654.8073120117188,5500,0.0,0.0
2018-05-30 00:00:00+09:00,654.8074265130276,655.6667538444096,646.2141531992085,651.3701171875,6300,0.0,0.0
2018-05-31 00:00:00+09:00,653.9480876922607,669.415979385376,653.0887603759766,659.96337890625,4500,0.0,0.0
2018-06-01 00:00:00+09:00,661.6819777182483,665.1192866934081,654.8073597679288,655.6666870117188,8600,0.0,0.0
2018-06-04 00:00:00+09:00,659.9633311603651,661.6819856685952,658.244676652135,659.10400390625,1900,0.0,0.0
2018-06-05 00:00:00+09:00,659.9633522727272,661.6820068359375,659.9633522727272,661.6820068359375,3700,0.0,0.0
2018-06-06 00:00:00+09:00,661.6820411484476,663.4006958007812,659.963386496114,663.4006958007812,2100,0.0,0.0
2018-06-07 00:00:00+09:00,663.4006480651143,663.4006480651143,657.385357214783,662.5413208007812,3700,0.0,0.0
2018-06-08 00:00:00+09:00,664.2600647600267,668.5567016601562,661.682082619949,668.5567016601562,6700,0.0,0.0
2018-06-11 00:00:00+09:00,670.275351784446,683.1652623956853,670.275351784446,680.5872802734375,18100,0.0,0.0
2018-06-12 00:00:00+09:00,686.6024434892566,690.0397523427698,682.3058074223652,684.8837890625,25800,0.0,0.0
2018-06-13 00:00:00+09:00,686.6025449046559,688.3211995852683,673.7126348000629,682.305908203125,7800,0.0,0.0
2018-06-14 00:00:00+09:00,684.883863439512,684.883863439512,678.0092449859159,684.0245361328125,3700,0.0,0.0
2018-06-15 00:00:00+09:00,687.4617655081047,691.7584015425304,680.5871478530237,689.180419921875,22200,0.0,0.0
2018-06-18 00:00:00+09:00,691.7584044130751,708.9449486220956,687.46176836082,696.9143676757812,27000,0.0,0.0
2018-06-19 00:00:00+09:00,692.617783203125,696.0550923009073,665.9786376953125,665.9786376953125,22600,0.0,0.0
2018-06-20 00:00:00+09:00,668.5566350125719,675.4312533674569,665.9786531294899,672.853271484375,8300,0.0,0.0
2018-06-21 00:00:00+09:00,678.0093311479897,678.0093311479897,670.2753844048567,674.572021484375,4400,0.0,0.0
2018-06-22 00:00:00+09:00,671.9940065326113,692.6178635105941,668.5566970362808,680.5872802734375,13300,0.0,0.0
2018-06-25 00:00:00+09:00,686.6026053070264,686.6026053070264,671.1347118207603,674.572021484375,7800,0.0,0.0
2018-06-26 00:00:00+09:00,674.5719946506214,676.2906494140625,669.4160303602981,676.2906494140625,5500,0.0,0.0
2018-06-27 00:00:00+09:00,678.0092981511896,684.024589769768,677.149970777107,680.5872802734375,6700,0.0,0.0
2018-06-28 00:00:00+09:00,679.7278229379411,679.7278229379411,673.7125324694638,677.1498413085938,4000,0.0,0.0
2018-06-29 00:00:00+09:00,675.4312894806753,685.7432175643497,672.8533074597567,682.305908203125,6200,0.0,0.0
2018-07-02 00:00:00+09:00,694.3363965209504,694.3363965209504,680.5871609462781,688.3211059570312,13300,0.0,0.0
2018-07-03 00:00:00+09:00,678.8684730830155,682.3057818074864,644.4953858383058,654.8073120117188,35000,0.0,0.0
2018-07-04 00:00:00+09:00,656.5261183397936,668.5567016601562,651.3701540596381,668.5567016601562,9600,0.0,0.0
2018-07-05 00:00:00+09:00,661.6820451640831,662.541372495465,651.3701171875,651.3701171875,5900,0.0,0.0
2018-07-06 00:00:00+09:00,655.6666391928364,661.6819294606606,651.3700032872478,654.8073120117188,7200,0.0,0.0
2018-07-09 00:00:00+09:00,664.2600601658676,687.4618992660985,658.2447685472893,680.5872802734375,22000,0.0,0.0
2018-07-10 00:00:00+09:00,684.883837733115,684.883837733115,665.9786376953125,665.9786376953125,9900,0.0,0.0
2018-07-11 00:00:00+09:00,670.2753254388381,684.0245628837374,666.8380160776134,682.305908203125,8900,0.0,0.0
2018-07-12 00:00:00+09:00,656.5260639856889,667.6973190011522,647.932790896871,664.260009765625,28200,0.0,0.0
2018-07-13 00:00:00+09:00,669.415979385376,669.415979385376,655.6667423248291,659.96337890625,3800,0.0,0.0
2018-07-16 00:00:00+09:00,659.96337890625,659.96337890625,659.96337890625,659.96337890625,0,0.0,0.0
2018-07-17 00:00:00+09:00,664.2599886807528,664.2599886807528,657.3853704279119,661.6820068359375,5200,0.0,0.0
2018-07-18 00:00:00+09:00,663.4006401768254,664.2599674309404,658.244676652135,659.10400390625,4800,0.0,0.0
2018-07-19 00:00:00+09:00,661.6819590554901,661.6819590554901,660.8226318359375,660.8226318359375,2500,0.0,0.0
2018-07-20 00:00:00+09:00,659.104030554279,660.8226851319955,657.3853759765625,657.3853759765625,2500,0.0,0.0
2018-07-23 00:00:00+09:00,660.8226851319955,660.8226851319955,657.3853759765625,657.3853759765625,5400,0.0,0.0
2018-07-24 00:00:00+09:00,656.5260142555087,676.2905408626772,646.2140873300295,655.6666870117188,14600,0.0,0.0
2018-07-25 00:00:00+09:00,652.2293304683654,659.1039479173074,648.7920217438946,654.8073120117188,7700,0.0,0.0
2018-07-26 00:00:00+09:00,654.8073941099877,664.2599942874285,646.2141212214052,657.3853759765625,10300,0.0,0.0
2018-07-27 00:00:00+09:00,662.5412862750427,662.5412862750427,653.9480140795168,660.8226318359375,6500,0.0,0.0
2018-07-30 00:00:00+09:00,662.5413551478614,667.6973190011522,661.6820278389797,664.260009765625,6000,0.0,0.0
2018-07-31 00:00:00+09:00,666.837972736481,669.4159545898438,662.5413363142098,669.4159545898438,6800,0.0,0.0
2018-08-01 00:00:00+09:00,670.2751993395618,670.2751993395618,666.837890625,666.837890625,4000,0.0,0.0
2018-08-02 00:00:00+09:00,669.415987083949,669.415987083949,663.4006958007812,663.4006958007812,4100,0.0,0.0
2018-08-03 00:00:00+09:00,663.4006401768254,665.9786219391705,659.10400390625,659.10400390625,5600,0.0,0.0
2018-08-06 00:00:00+09:00,657.3853969573975,660.8227062225342,657.3853969573975,659.96337890625,2300,0.0,0.0
2018-08-07 00:00:00+09:00,659.1039773968323,669.4159040314634,659.1039773968323,660.8226318359375,4100,0.0,0.0
2018-08-08 00:00:00+09:00,660.8226003745168,666.837890625,660.8226003745168,666.837890625,3600,0.0,0.0
2018-08-09 00:00:00+09:00,664.2599090890786,668.5565449822809,663.4005819104382,666.837890625,2100,0.0,0.0
2018-08-10 00:00:00+09:00,666.8379571224465,666.8379571224465,662.5413208007812,662.5413208007812,8200,0.0,0.0
2018-08-13 00:00:00+09:00,662.5412566417784,662.5412566417784,651.3700032872478,654.8073120117188,9600,0.0,0.0
2018-08-14 00:00:00+09:00,657.3853759765625,663.4006669985703,652.229412243413,657.3853759765625,5600,0.0,0.0
2018-08-15 00:00:00+09:00,658.2446501772797,661.6819590554901,655.666668518622,660.8226318359375,2800,0.0,0.0
2018-08-16 00:00:00+09:00,662.5413262987261,662.5413262987261,656.5260353984783,658.2446899414062,3400,0.0,0.0
2018-08-17 00:00:00+09:00,657.3853969573975,665.1193428039551,654.8074150085449,659.96337890625,9100,0.0,0.0
2018-08-20 00:00:00+09:00,665.119310420867,670.2752740675404,660.8226740486391,665.9786376953125,9500,0.0,0.0
2018-08-21 00:00:00+09:00,666.8379649697581,670.2752740675404,665.9786376953125,665.9786376953125,5400,0.0,0.0
2018-08-22 00:00:00+09:00,665.9787195200786,668.5567016601562,665.9787195200786,668.5567016601562,2900,0.0,0.0
2018-08-23 00:00:00+09:00,665.9786111446268,667.697265625,665.1192839044402,667.697265625,6100,0.0,0.0
2018-08-24 00:00:00+09:00,665.9785634463595,667.6972178036405,662.5412547317977,666.837890625,4800,0.0,0.0
2018-08-27 00:00:00+09:00,679.7278820032944,679.7278820032944,669.4159545898438,669.4159545898438,22600,0.0,0.0
2018-08-28 00:00:00+09:00,671.9939308945013,684.0245127775231,671.1346036171427,673.7125854492188,49700,0.0,0.0
2018-08-29 00:00:00+09:00,671.9717407226562,679.8056081663142,671.1013110066942,671.9717407226562,22300,10.0,0.0
2018-08-30 00:00:00+09:00,670.2308131683073,672.8421020507812,669.3603835408161,672.8421020507812,4300,0.0,0.0
2018-08-31 00:00:00+09:00,672.8421607721865,672.8421607721865,665.8787231445312,665.8787231445312,2600,0.0,0.0
2018-09-03 00:00:00+09:00,665.8787431388066,667.619602597993,639.7658512510102,656.3040161132812,23500,0.0,0.0
2018-09-04 00:00:00+09:00,654.5632010883188,657.1744904543626,651.0814819335938,651.0814819335938,5200,0.0,0.0
2018-09-05 00:00:00+09:00,651.9517996074349,657.1743774414062,651.0813699684396,657.1743774414062,2200,0.0,0.0
2018-09-06 00:00:00+09:00,664.1378815269982,664.1378815269982,646.7292869915592,649.340576171875,5300,0.0,0.0
2018-09-07 00:00:00+09:00,649.3406149605725,654.5631936331775,649.3406149605725,651.951904296875,4400,0.0,0.0
2018-09-10 00:00:00+09:00,657.1745294197581,657.1745294197581,652.8223802183027,653.6928100585938,2300,0.0,0.0
2018-09-11 00:00:00+09:00,653.692700099696,670.2308642833102,642.3771140793284,666.7491455078125,17400,0.0,0.0
2018-09-12 00:00:00+09:00,666.7491163377638,679.8055611746652,660.6561087472098,670.2308349609375,10700,0.0,0.0
2018-09-13 00:00:00+09:00,665.0082788181429,669.3604272397276,657.1744116592905,667.6195678710938,4100,0.0,0.0
2018-09-14 00:00:00+09:00,669.3604025853275,669.3604025853275,643.2475130176294,663.2673950195312,10700,0.0,0.0
2018-09-17 00:00:00+09:00,663.2673950195312,663.2673950195312,663.2673950195312,663.2673950195312,0,0.0,0.0
2018-09-18 00:00:00+09:00,661.5265357150181,665.8786839763011,661.5265357150181,663.2673950195312,5000,0.0,0.0
2018-09-19 00:00:00+09:00,663.2673977145901,671.101264616731,663.2673977145901,670.2308349609375,6500,0.0,0.0
2018-09-20 00:00:00+09:00,670.2308495839436,675.4534276326497,668.489990234375,668.489990234375,6600,0.0,0.0
2018-09-21 00:00:00+09:00,665.8787231445312,668.490012254902,665.8787231445312,665.8787231445312,4800,0.0,0.0
2018-09-24 00:00:00+09:00,665.8787231445312,665.8787231445312,665.8787231445312,665.8787231445312,0,0.0,0.0
2018-09-25 00:00:00+09:00,672.8422093151462,674.5830688476562,665.8787711851058,674.5830688476562,7900,0.0,0.0
2018-09-26 00:00:00+09:00,674.5830151461815,674.5830151461815,667.619577570479,673.7125854492188,7700,0.0,0.0
2018-09-27 00:00:00+09:00,673.7126001545802,674.5830298705422,665.0083029949603,671.9717407226562,6800,0.0,0.0
2018-09-28 00:00:00+09:00,671.9716403202211,671.9716403202211,665.878633218872,669.3603515625,1900,0.0,0.0
2018-10-01 00:00:00+09:00,669.3603980315489,671.1012573242188,669.3603980315489,671.1012573242188,3300,0.0,0.0
2018-10-02 00:00:00+09:00,673.7126169866646,679.8056251506266,671.9717575112468,677.1943359375,13700,0.0,0.0
2018-10-03 00:00:00+09:00,676.3238307072567,678.9351196289062,673.712541785607,678.9351196289062,5400,0.0,0.0
2018-10-04 00:00:00+09:00,679.8056251506266,680.6760548883354,673.7126169866646,677.1943359375,5100,0.0,0.0
2018-10-05 00:00:00+09:00,671.97167242329,673.7125316782726,671.97167242329,672.8421020507812,1600,0.0,0.0
2018-10-08 00:00:00+09:00,672.8421020507812,672.8421020507812,672.8421020507812,672.8421020507812,0,0.0,0.0
2018-10-09 00:00:00+09:00,671.9716915420973,671.9716915420973,663.2673950195312,663.2673950195312,5600,0.0,0.0
2018-10-10 00:00:00+09:00,663.2673977145901,675.4534128956981,661.5265384030033,670.2308349609375,5300,0.0,0.0
2018-10-11 00:00:00+09:00,652.8222004886672,667.6195036997436,652.8222004886672,660.6560668945312,21700,0.0,0.0
2018-10-12 00:00:00+09:00,654.5631369995915,669.3604419583589,649.3405587788501,665.8787231445312,12600,0.0,0.0
2018-10-15 00:00:00+09:00,665.8787282307943,665.8787282307943,657.1744311297382,658.0448608398438,2100,0.0,0.0
2018-10-16 00:00:00+09:00,657.1744829694801,658.9153425270152,651.951904296875,651.951904296875,3600,0.0,0.0
2018-10-17 00:00:00+09:00,654.5631861979166,658.9153350423177,652.8223266601562,652.8223266601562,4800,0.0,0.0
2018-10-18 00:00:00+09:00,653.6926588854253,661.5265256363824,653.6926588854253,657.1743774414062,3700,0.0,0.0
2018-10-19 00:00:00+09:00,657.1744311297382,661.5265796802662,656.3040014196325,658.0448608398438,5600,0.0,0.0
2018-10-22 00:00:00+09:00,660.6561647612473,660.6561647612473,654.5631566540948,656.3040161132812,2900,0.0,0.0
2018-10-23 00:00:00+09:00,658.0449052734375,661.5266243489583,652.8223266601562,652.8223266601562,4200,0.0,0.0
2018-10-24 00:00:00+09:00,652.8222292464301,659.785666358392,652.8222292464301,657.1743774414062,1900,0.0,0.0
2018-10-25 00:00:00+09:00,656.3039540734311,656.3039540734311,634.543212890625,634.543212890625,9200,0.0,0.0
2018-10-26 00:00:00+09:00,647.5997594614497,658.0449168721183,631.932023345447,637.1546020507812,10000,0.0,0.0
2018-10-29 00:00:00+09:00,637.1545505962449,645.8588477355379,637.1545505962449,643.24755859375,4200,0.0,0.0
2018-10-30 00:00:00+09:00,633.6728410899799,651.0814356254189,633.6728410899799,649.340576171875,7000,0.0,0.0
2018-10-31 00:00:00+09:00,659.7857648111979,659.7857648111979,649.3406075846353,652.8223266601562,2500,0.0,0.0
2018-11-01 00:00:00+09:00,652.8223266601562,654.5631861979166,652.8223266601562,652.8223266601562,3700,0.0,0.0
2018-11-02 00:00:00+09:00,651.0814653175539,654.5631843834232,645.85888671875,645.85888671875,6000,0.0,0.0
2018-11-05 00:00:00+09:00,665.8787431388066,665.8787431388066,651.9518674653152,656.3040161132812,4800,0.0,0.0
2018-11-06 00:00:00+09:00,651.9517996074349,661.5265256363824,651.9517996074349,657.1743774414062,2400,0.0,0.0
2018-11-07 00:00:00+09:00,652.8222437398842,663.2673996397224,652.8222437398842,655.4335327148438,2600,0.0,0.0
2018-11-08 00:00:00+09:00,663.2674070317694,663.2674070317694,651.0813916794797,654.5631103515625,2300,0.0,0.0
2018-11-09 00:00:00+09:00,649.3405251066049,656.3039623731636,649.3405251066049,655.4335327148438,2100,0.0,0.0
2018-11-12 00:00:00+09:00,651.9518140815644,655.4335327148438,651.9518140815644,655.4335327148438,5200,0.0,0.0
2018-11-13 00:00:00+09:00,651.9518113923554,652.8222410470847,646.7292334639786,648.4700927734375,2300,0.0,0.0
2018-11-14 00:00:00+09:00,646.729248046875,653.692685441727,646.729248046875,646.729248046875,5400,0.0,0.0
2018-11-15 00:00:00+09:00,644.1179444997903,648.4700927734375,640.6362258808725,648.4700927734375,5900,0.0,0.0
2018-11-16 00:00:00+09:00,648.4701909245672,648.4701909245672,639.7658930598078,644.1180419921875,3200,0.0,0.0
2018-11-19 00:00:00+09:00,644.1179712147211,644.1179712147211,635.4136743064141,638.0249633789062,3900,0.0,0.0
2018-11-20 00:00:00+09:00,635.4137884238761,642.377227201124,635.4137884238761,638.8955078125,2900,0.0,0.0
2018-11-21 00:00:00+09:00,635.4136911683863,645.8588477355379,634.543261454457,643.24755859375,2500,0.0,0.0
2018-11-22 00:00:00+09:00,643.2476105403379,643.2476105403379,635.4137424823365,637.1546020507812,3800,0.0,0.0
2018-11-23 00:00:00+09:00,637.1546020507812,637.1546020507812,637.1546020507812,637.1546020507812,0,0.0,0.0
2018-11-26 00:00:00+09:00,637.1545238652506,637.1545238652506,631.0615161233698,631.9319458007812,7300,0.0,0.0
2018-11-27 00:00:00+09:00,631.9319579089702,644.9884033203125,626.7093797444332,644.9884033203125,5900,0.0,0.0
2018-11-28 00:00:00+09:00,641.5067526327597,645.8589015651394,631.9320249815245,644.1180419921875,8500,0.0,0.0
2018-11-29 00:00:00+09:00,643.2475733349411,649.3405814720786,636.2841354639269,641.5067138671875,8500,0.0,0.0
2018-11-30 00:00:00+09:00,639.7659240230438,647.5997924804688,639.7659240230438,647.5997924804688,7000,0.0,0.0
2018-12-03 00:00:00+09:00,648.4701851818049,651.951904296875,640.6363171728972,651.951904296875,5900,0.0,0.0
2018-12-04 00:00:00+09:00,652.8222437398842,657.1743920314834,650.2109547649247,655.4335327148438,6400,0.0,0.0
2018-12-05 00:00:00+09:00,654.5631545325067,654.5631545325067,644.9884275380152,649.340576171875,4400,0.0,0.0
2018-12-06 00:00:00+09:00,651.081411178939,651.9518408730285,644.9884033203125,644.9884033203125,5200,0.0,0.0
2018-12-07 00:00:00+09:00,645.8589032015061,651.951911722275,645.8589032015061,651.0814819335938,3200,0.0,0.0
2018-12-10 00:00:00+09:00,642.3771564635811,643.2475862148867,629.3207101939961,632.8024291992188,8200,0.0,0.0
2018-12-11 00:00:00+09:00,637.15453125,641.5066796875001,631.0615234375,631.0615234375,3300,0.0,0.0
2018-12-12 00:00:00+09:00,643.2475065318622,643.2475065318622,627.5797729492188,627.5797729492188,27900,0.0,0.0
2018-12-13 00:00:00+09:00,630.1910646540638,638.024931479874,630.1910646540638,634.543212890625,5300,0.0,0.0
2018-12-14 00:00:00+09:00,631.0614915231396,638.0249286709811,627.5797729492188,627.5797729492188,6300,0.0,0.0
2018-12-17 00:00:00+09:00,629.3206689930495,631.9319580760082,622.3572314384929,623.2276611328125,8300,0.0,0.0
2018-12-18 00:00:00+09:00,622.3571995938762,624.0980588934395,618.005051344968,619.7459106445312,9200,0.0,0.0
2018-12-19 00:00:00+09:00,617.1346189325506,620.6163375160911,612.782470703125,612.782470703125,3700,0.0,0.0
2018-12-20 00:00:00+09:00,609.3008445457176,611.0417041015625,587.5401000976562,587.5401000976562,12800,0.0,0.0
2018-12-21 00:00:00+09:00,587.5400288108718,599.7260442232455,559.686279296875,559.686279296875,14200,0.0,0.0
2018-12-24 00:00:00+09:00,559.686279296875,559.686279296875,559.686279296875,559.686279296875,0,0.0,0.0
2018-12-25 00:00:00+09:00,524.8691089356283,541.4072732304492,519.6465307372639,521.3873901367188,28700,0.0,0.0
2018-12-26 00:00:00+09:00,523.1281974388355,548.3706562170822,523.1281974388355,542.2776489257812,11400,0.0,0.0
2018-12-27 00:00:00+09:00,550.1115341886468,575.3539938270499,550.1115341886468,569.260986328125,20300,0.0,0.0
2018-12-28 00:00:00+09:00,564.9088134765625,566.6496726860435,557.9453766386388,564.9088134765625,10000,0.0,0.0
2018-12-31 00:00:00+09:00,564.9088134765625,564.9088134765625,564.9088134765625,564.9088134765625,0,0.0,0.0
2019-01-04 00:00:00+09:00,557.0749655330882,593.6330101461971,557.0749655330882,591.8921508789062,12500,0.0,0.0
2019-01-07 00:00:00+09:00,600.5965501975737,607.559988460734,600.5965501975737,601.4669799804688,9000,0.0,0.0
2019-01-08 00:00:00+09:00,604.0781742442738,618.8754782243209,604.0781742442738,612.782470703125,6000,0.0,0.0
2019-01-09 00:00:00+09:00,612.7825867812062,630.1911829965813,612.7825867812062,620.616455078125,9900,0.0,0.0
2019-01-10 00:00:00+09:00,620.6163301508477,628.4501968708444,612.7824634308511,613.6528930664062,8100,0.0,0.0
2019-01-11 00:00:00+09:00,619.745949655813,644.9884110884233,618.0050902466675,622.3572387695312,9600,0.0,0.0
2019-01-15 00:00:00+09:00,634.5433015136718,661.5266243489583,632.8024419759114,652.8223266601562,21600,0.0,0.0
2019-01-16 00:00:00+09:00,648.4702310168474,658.9153891003402,648.4702310168474,653.6928100585938,11800,0.0,0.0
2019-01-17 00:00:00+09:00,658.0449127482476,658.0449127482476,649.3406149605725,651.951904296875,6200,0.0,0.0
2019-01-18 00:00:00+09:00,658.0449052734375,658.0449052734375,650.2110373535156,652.8223266601562,3800,0.0,0.0
2019-01-21 00:00:00+09:00,657.1743629284232,659.7856517877415,651.9517852097867,658.9152221679688,9900,0.0,0.0
2019-01-22 00:00:00+09:00,658.9152758756853,659.7857055664062,654.5631274220812,659.7857055664062,3700,0.0,0.0
2019-01-23 00:00:00+09:00,659.7856261175227,669.3603515625,652.8221894302666,669.3603515625,10700,0.0,0.0
2019-01-24 00:00:00+09:00,664.1378173828125,665.8786766682197,662.3969580974054,664.1378173828125,2500,0.0,0.0
2019-01-25 00:00:00+09:00,664.1378145533681,671.9716813043253,649.340510690449,657.1743774414062,11900,0.0,0.0
2019-01-28 00:00:00+09:00,654.563231109291,657.1745205950994,644.9885029946604,647.5997924804688,11900,0.0,0.0
2019-01-29 00:00:00+09:00,644.9883840033348,656.3039696876039,644.9883840033348,654.5631103515625,6100,0.0,0.0
2019-01-30 00:00:00+09:00,657.1744437128226,659.7857328931384,648.4701464451031,649.340576171875,9400,0.0,0.0
2019-01-31 00:00:00+09:00,651.0813716071731,656.3039494542894,638.8953566305682,642.3770751953125,9000,0.0,0.0
2019-02-01 00:00:00+09:00,640.6363538516465,648.4702223090716,640.6363538516465,647.5997924804688,3200,0.0,0.0
2019-02-04 00:00:00+09:00,647.599748046875,656.304045735677,647.599748046875,652.8223266601562,2900,0.0,0.0
2019-02-05 00:00:00+09:00,652.822239192452,663.2673950195312,652.822239192452,663.2673950195312,8700,0.0,0.0
2019-02-06 00:00:00+09:00,665.8786839763011,665.8786839763011,658.0448171059917,663.2673950195312,4400,0.0,0.0
2019-02-07 00:00:00+09:00,662.3969552753776,662.3969552753776,655.4335181634158,657.1743774414062,5400,0.0,0.0
2019-02-08 00:00:00+09:00,650.2109934488932,658.0448608398438,650.2109934488932,658.0448608398438,9900,0.0,0.0
2019-02-12 00:00:00+09:00,658.9152612786544,661.5265502929688,656.30397226434,661.5265502929688,7100,0.0,0.0
2019-02-13 00:00:00+09:00,661.5265649478479,663.2674243292896,659.7857055664062,659.7857055664062,3900,0.0,0.0
2019-02-14 00:00:00+09:00,658.0448243470762,664.1378319799195,658.0448243470762,662.39697265625,8400,0.0,0.0
2019-02-15 00:00:00+09:00,661.5264964951828,663.2673556964859,658.9152076932281,660.6560668945312,13800,0.0,0.0
2019-02-18 00:00:00+09:00,669.3604272397276,672.8421459769954,664.137849133826,667.6195678710938,18900,0.0,0.0
2019-02-19 00:00:00+09:00,669.3603980315489,671.9716869705536,667.6195387388791,671.1012573242188,12400,0.0,0.0
2019-02-20 00:00:00+09:00,674.5830393878118,678.9351880290236,671.9717502030849,678.0647583007812,14300,0.0,0.0
2019-02-21 00:00:00+09:00,683.2873314407271,690.2507692133714,679.8056125544049,685.8986206054688,23700,0.0,0.0
2019-02-22 00:00:00+09:00,681.5464940162221,685.0282130150279,681.5464940162221,683.287353515625,14800,0.0,0.0
2019-02-25 00:00:00+09:00,683.287353515625,685.0282130150279,680.6760642665207,683.287353515625,68400,0.0,0.0
2019-02-26 00:00:00+09:00,695.7919311523438,698.4714892954208,682.3941404369584,695.7919311523438,48100,20.0,0.0
2019-02-27 00:00:00+09:00,695.7919659614563,695.7919659614563,685.9669189453125,685.9669189453125,10100,0.0,0.0
2019-02-28 00:00:00+09:00,677.928205611858,678.8213916535074,669.8895312370138,671.6759033203125,9500,0.0,0.0
2019-03-01 00:00:00+09:00,652.9189123271932,664.5303293726836,652.025726400617,662.7439575195312,10900,0.0,0.0
2019-03-04 00:00:00+09:00,668.9963305271343,668.9963305271343,661.8508423506095,666.3167724609375,4700,0.0,0.0
2019-03-05 00:00:00+09:00,661.8508176388948,662.7440036276112,653.8121437404467,657.3848876953125,8400,0.0,0.0
2019-03-06 00:00:00+09:00,656.4917602539062,657.3849463222789,651.1326438436703,656.4917602539062,4900,0.0,0.0
2019-03-07 00:00:00+09:00,649.346343499261,660.957763671875,649.346343499261,660.957763671875,7600,0.0,0.0
2019-03-08 00:00:00+09:00,652.9189916992187,654.7053637695312,647.5598754882812,647.5598754882812,6400,0.0,0.0
2019-03-11 00:00:00+09:00,647.5598418194314,658.278073684029,647.5598418194314,657.3848876953125,3500,0.0,0.0
2019-03-12 00:00:00+09:00,661.8508544596788,680.6077612662284,661.8508544596788,670.78271484375,5900,0.0,0.0
2019-03-13 00:00:00+09:00,678.8213742659395,679.7145602847106,660.9576538905201,665.423583984375,5000,0.0,0.0
2019-03-14 00:00:00+09:00,669.8894628058766,672.5690206571,667.2099049546531,668.9962768554688,1500,0.0,0.0
2019-03-15 00:00:00+09:00,671.6758959016747,671.6758959016747,646.6666870117188,646.6666870117188,11600,0.0,0.0
2019-03-18 00:00:00+09:00,647.5598730435029,652.9189892342077,646.6666870117188,646.6666870117188,5800,0.0,0.0
2019-03-19 00:00:00+09:00,647.5598681336295,650.2394262086651,644.8803100585938,644.8803100585938,3200,0.0,0.0
2019-03-20 00:00:00+09:00,636.8416309780545,645.7734911600749,636.8416309780545,643.0939331054688,3400,0.0,0.0
2019-03-22 00:00:00+09:00,643.987170682939,646.6667289520775,638.6280541446622,639.521240234375,6700,0.0,0.0
2019-03-25 00:00:00+09:00,637.7348751657032,642.2008056640625,634.1621307670158,642.2008056640625,4900,0.0,0.0
2019-03-26 00:00:00+09:00,644.8803125067536,646.666684563559,642.2007544215454,645.7734985351562,2300,0.0,0.0
2019-03-27 00:00:00+09:00,652.0258275169767,659.1713160377108,652.0258275169767,655.5985717773438,5600,0.0,0.0
2019-03-28 00:00:00+09:00,654.7053637695312,657.3849218749999,647.5598754882812,647.5598754882812,5000,0.0,0.0
2019-03-29 00:00:00+09:00,647.5598319632109,659.1712496397926,643.9870880627242,653.8121337890625,6100,0.0,0.0
2019-04-01 00:00:00+09:00,652.9189717866054,652.9189717866054,638.6279956599492,640.4143676757812,9500,0.0,0.0
2019-04-02 00:00:00+09:00,644.880363963078,650.2394805611092,640.4144334647187,642.2008056640625,2500,0.0,0.0
2019-04-03 00:00:00+09:00,640.4144167096426,640.4144167096426,635.948486328125,635.948486328125,3000,0.0,0.0
2019-04-04 00:00:00+09:00,638.6280174610936,676.1418310741927,638.6280174610936,670.78271484375,13300,0.0,0.0
2019-04-05 00:00:00+09:00,663.6372463631695,663.6372463631695,649.3462693217016,655.5985717773438,6000,0.0,0.0
2019-04-08 00:00:00+09:00,655.5985498046874,677.0350146484375,655.5985498046874,669.8895263671875,11700,0.0,0.0
2019-04-09 00:00:00+09:00,668.99632558515,668.99632558515,659.1712794150076,664.5303955078125,4400,0.0,0.0
2019-04-10 00:00:00+09:00,643.9871191236708,652.9189793056912,631.4825148688423,643.0939331054688,17300,0.0,0.0
2019-04-11 00:00:00+09:00,627.9097659820302,641.3075561523438,622.5506499139047,641.3075561523438,20400,0.0,0.0
2019-04-12 00:00:00+09:00,629.696193247534,644.8803567726519,629.696193247534,639.521240234375,11500,0.0,0.0
2019-04-15 00:00:00+09:00,639.5211742411808,639.5211742411808,626.1233842780276,637.7348022460938,5300,0.0,0.0
2019-04-16 00:00:00+09:00,633.2688598632812,636.8416037835254,630.5893019230981,633.2688598632812,3300,0.0,0.0
2019-04-17 00:00:00+09:00,633.2689184846178,633.2689184846178,630.5893602963895,632.375732421875,3400,0.0,0.0
2019-04-18 00:00:00+09:00,632.3757153564104,635.9484595109665,624.3370410086595,626.1234130859375,10100,0.0,0.0
2019-04-19 00:00:00+09:00,625.2302421502703,625.2302421502703,604.686962765333,609.1528930664062,18400,0.0,0.0
2019-04-22 00:00:00+09:00,607.3665462190779,607.3665462190779,588.609638174077,595.755126953125,19600,0.0,0.0
2019-04-23 00:00:00+09:00,593.9687379779238,595.7551101222183,577.8913886792732,589.5028076171875,18500,0.0,0.0
2019-04-24 00:00:00+09:00,589.5027589726269,594.8618749632872,586.8232009772968,593.9686889648438,7800,0.0,0.0
2019-04-25 00:00:00+09:00,593.9686381478302,599.3277536799911,592.1822663037766,597.5413818359375,6100,0.0,0.0
2019-04-26 00:00:00+09:00,596.6482357721259,611.8323974609375,596.6482357721259,611.8323974609375,6400,0.0,0.0
2019-05-07 00:00:00+09:00,611.832379816556,618.0846815081121,605.580078125,605.580078125,6300,0.0,0.0
2019-05-08 00:00:00+09:00,604.6869384220668,608.2596825190952,600.2210083007812,600.2210083007812,5600,0.0,0.0
2019-05-09 00:00:00+09:00,601.1142764546623,608.259765625,597.5415318694934,608.259765625,7500,0.0,0.0
2019-05-10 00:00:00+09:00,607.3665794787078,615.4052547953378,604.6870210398312,608.259765625,8700,0.0,0.0
2019-05-13 00:00:00+09:00,608.2597515190972,620.7643572771991,602.900634765625,602.900634765625,4500,0.0,0.0
2019-05-14 00:00:00+09:00,599.3278464040449,609.1528930664062,589.5027997416835,609.1528930664062,8400,0.0,0.0
2019-05-15 00:00:00+09:00,607.3665558634501,613.6188586443974,595.7551364131194,599.327880859375,9700,0.0,0.0
2019-05-16 00:00:00+09:00,602.0073925564877,610.0460669378058,600.2210204717504,604.6869506835938,5700,0.0,0.0
2019-05-17 00:00:00+09:00,608.2597166011354,612.7256469726562,599.3278558580938,612.7256469726562,5000,0.0,0.0
2019-05-20 00:00:00+09:00,612.7255958446558,616.29833984375,607.3664798460145,616.29833984375,2500,0.0,0.0
2019-05-21 00:00:00+09:00,617.1915478795041,624.3370361328125,617.1915478795041,624.3370361328125,4300,0.0,0.0
2019-05-22 00:00:00+09:00,624.3370188453983,624.3370188453983,617.1915307899432,618.084716796875,1800,0.0,0.0
2019-05-23 00:00:00+09:00,618.0847314872851,624.3370336844108,615.4051734028027,623.44384765625,2800,0.0,0.0
2019-05-24 00:00:00+09:00,621.6574731550395,622.5506591796875,607.3664967606708,622.5506591796875,6400,0.0,0.0
2019-05-27 00:00:00+09:00,621.6574877200392,627.9097900390625,617.1915574921653,627.9097900390625,1300,0.0,0.0
2019-05-28 00:00:00+09:00,623.44384765625,627.0165917688932,620.7642895717676,623.44384765625,3800,0.0,0.0
2019-05-29 00:00:00+09:00,614.5120094276944,623.443870029841,607.366520945977,609.1528930664062,9000,0.0,0.0
2019-05-30 00:00:00+09:00,610.9392064822017,618.0846942773152,606.4732766102558,610.0460205078125,8200,0.0,0.0
2019-05-31 00:00:00+09:00,618.9778903478098,618.9778903478098,609.1528444692731,613.6187744140625,3900,0.0,0.0
2019-06-03 00:00:00+09:00,608.2597118176913,610.9392700195312,603.7937814812911,610.9392700195312,2700,0.0,0.0
2019-06-04 00:00:00+09:00,612.7256126403809,612.7256126403809,597.5414502280099,600.2210083007812,3100,0.0,0.0
2019-06-05 00:00:00+09:00,606.4732954695419,616.2983414933489,591.2891334327492,594.8618774414062,7300,0.0,0.0
2019-06-06 00:00:00+09:00,603.7938042372286,603.7938042372286,591.2891988240316,596.6483154296875,4300,0.0,0.0
2019-06-07 00:00:00+09:00,598.4345936083612,598.4345936083612,584.1436182386093,585.0368041992188,6500,0.0,0.0
2019-06-10 00:00:00+09:00,592.1823585545092,592.1823585545092,585.0368700651636,586.8232421875,2900,0.0,0.0
2019-06-11 00:00:00+09:00,586.8232938757717,586.8232938757717,581.4641770367235,583.2505493164062,5000,0.0,0.0
2019-06-12 00:00:00+09:00,586.8232300179137,587.7164160605589,582.3572998046875,582.3572998046875,4700,0.0,0.0
2019-06-13 00:00:00+09:00,581.4641258204908,587.7164282486682,581.4641258204908,586.8232421875,2100,0.0,0.0
2019-06-14 00:00:00+09:00,586.8232300179137,588.6096021032041,582.3572998046875,582.3572998046875,3700,0.0,0.0
2019-06-17 00:00:00+09:00,589.5028076171875,589.5028076171875,585.9300633285985,589.5028076171875,5100,0.0,0.0
2019-06-18 00:00:00+09:00,589.502741573067,589.502741573067,585.9299976847454,587.7163696289062,3100,0.0,0.0
2019-06-19 00:00:00+09:00,593.0755004882812,593.0755004882812,590.3959425041475,593.0755004882812,2900,0.0,0.0
2019-06-20 00:00:00+09:00,593.0755004882812,593.9686864829926,590.3959425041475,593.0755004882812,5200,0.0,0.0
2019-06-21 00:00:00+09:00,591.289179761482,591.289179761482,589.5028076171875,589.5028076171875,2200,0.0,0.0
2019-06-24 00:00:00+09:00,591.2891602311398,593.0755323164302,582.3572998046875,582.3572998046875,2800,0.0,0.0
2019-06-25 00:00:00+09:00,583.2504710855868,585.0368431256652,576.9981689453125,576.9981689453125,5100,0.0,0.0
2019-06-26 00:00:00+09:00,578.78455078125,585.9300390625,578.78455078125,580.5709228515625,5300,0.0,0.0
2019-06-27 00:00:00+09:00,589.5028003710046,591.289172493341,584.1436840039954,586.8232421875,7600,0.0,0.0
2019-06-28 00:00:00+09:00,583.2505051121567,591.289179761482,583.2505051121567,589.5028076171875,3900,0.0,0.0
2019-07-01 00:00:00+09:00,593.075568660982,598.4346852452679,589.502824271458,595.755126953125,7800,0.0,0.0
2019-07-02 00:00:00+09:00,597.541499147887,597.541499147887,594.861940855744,595.755126953125,2000,0.0,0.0
2019-07-03 00:00:00+09:00,595.7550201189288,602.0073216793973,595.7550201189288,601.1141357421875,3300,0.0,0.0
2019-07-04 00:00:00+09:00,605.5800955890738,611.8323974609375,599.3277937172103,611.8323974609375,4200,0.0,0.0
2019-07-05 00:00:00+09:00,612.7256725328334,615.4052308675251,599.327880859375,599.327880859375,5700,0.0,0.0
2019-07-08 00:00:00+09:00,604.6869315111671,619.87109375,602.9005594830692,619.87109375,6500,0.0,0.0
2019-07-09 00:00:00+09:00,617.1915381561938,620.7642822265625,606.4733059450878,620.7642822265625,6500,0.0,0.0
2019-07-10 00:00:00+09:00,621.6574381748719,621.6574381748719,610.0460205078125,610.0460205078125,7400,0.0,0.0
2019-07-11 00:00:00+09:00,624.3370122829405,638.6279882436373,621.6574542903098,637.7348022460938,26200,0.0,0.0
2019-07-12 00:00:00+09:00,641.3075561523438,642.200742163698,635.0552540728642,641.3075561523438,9600,0.0,0.0
2019-07-16 00:00:00+09:00,641.307590597927,641.307590597927,627.0166136486695,631.4825439453125,10900,0.0,0.0
2019-07-17 00:00:00+09:00,631.4825463591322,632.375732421875,628.802988170904,632.375732421875,4800,0.0,0.0
2019-07-18 00:00:00+09:00,633.2689184846178,634.1621045473605,627.0166160454183,632.375732421875,7000,0.0,0.0
2019-07-19 00:00:00+09:00,634.1620458433423,635.0552318234033,630.5893019230981,633.2688598632812,3400,0.0,0.0
2019-07-22 00:00:00+09:00,634.1620674518623,635.0552534623579,618.0847192629419,618.9779052734375,8600,0.0,0.0
2019-07-23 00:00:00+09:00,617.1915405974992,623.4438427453754,617.1915405974992,621.657470703125,1800,0.0,0.0
2019-07-24 00:00:00+09:00,619.8710863303862,629.6961323673232,617.1915283203125,617.1915283203125,7300,0.0,0.0
2019-07-25 00:00:00+09:00,621.6574828927425,626.1234130859375,618.9779247768255,626.1234130859375,1400,0.0,0.0
2019-07-26 00:00:00+09:00,620.7642895717676,623.44384765625,611.8324292901593,623.44384765625,3900,0.0,0.0
2019-07-29 00:00:00+09:00,621.6574853098291,627.0166015625,618.9779271834936,627.0166015625,3900,0.0,0.0
2019-07-30 00:00:00+09:00,628.8029463639652,628.8029463639652,614.5119703102388,617.1915283203125,10300,0.0,0.0
2019-07-31 00:00:00+09:00,615.4052734375,620.7643904775944,613.6189010908018,615.4052734375,4100,0.0,0.0
2019-08-01 00:00:00+09:00,616.2983423169546,619.8710863303862,614.5119703102388,617.1915283203125,5900,0.0,0.0
2019-08-02 00:00:00+09:00,618.0847192629419,624.337021336411,614.5119752209596,618.9779052734375,11200,0.0,0.0
2019-08-05 00:00:00+09:00,615.4052051955688,618.9779494927855,612.7256469726562,612.7256469726562,4400,0.0,0.0
2019-08-06 00:00:00+09:00,610.9393240638767,610.9393240638767,607.3665794787078,608.259765625,4500,0.0,0.0
2019-08-07 00:00:00+09:00,608.2596535341582,611.8323974609375,604.6869096073791,611.8323974609375,4600,0.0,0.0
2019-08-08 00:00:00+09:00,613.6189010908018,616.298459610849,610.9393425707547,615.4052734375,6800,0.0,0.0
2019-08-09 00:00:00+09:00,616.2983447830112,619.8710888107388,608.2596707206241,618.084716796875,10000,0.0,0.0
2019-08-13 00:00:00+09:00,605.5801078464674,620.7642698426178,605.5801078464674,616.29833984375,8800,0.0,0.0
2019-08-14 00:00:00+09:00,619.8710478864398,625.2301635742188,618.0846759905133,625.2301635742188,4900,0.0,0.0
2019-08-15 00:00:00+09:00,620.7642846819998,622.5506567242502,618.0847266186244,621.657470703125,5700,0.0,0.0
2019-08-16 00:00:00+09:00,623.443840279339,624.3370262969312,619.8710962089704,620.7642822265625,3000,0.0,0.0
2019-08-19 00:00:00+09:00,618.0847143236704,620.7642723337441,617.1915283203125,617.1915283203125,6700,0.0,0.0
2019-08-20 00:00:00+09:00,618.0846759905133,625.2301635742188,616.298304094587,625.2301635742188,4200,0.0,0.0
2019-08-21 00:00:00+09:00,625.230192270515,626.1233782594728,612.7255884251047,613.6187744140625,5200,0.0,0.0
2019-08-22 00:00:00+09:00,617.1915133511063,622.550629241275,610.9392114792427,611.8323974609375,6800,0.0,0.0
2019-08-23 00:00:00+09:00,612.7255784309801,622.5506241492611,610.0460205078125,610.0460205078125,5400,0.0,0.0
2019-08-26 00:00:00+09:00,607.3664822833755,624.3370163471758,602.900552266586,617.1915283203125,8600,0.0,0.0
2019-08-27 00:00:00+09:00,618.084699332801,621.6574432595803,611.8323974609375,611.8323974609375,8200,0.0,0.0
2019-08-28 00:00:00+09:00,607.3665089987538,621.6574856810774,582.3572998046875,582.3572998046875,51500,0.0,0.0
2019-08-29 00:00:00+09:00,600.4992539135378,619.5483239017316,596.8708596300722,607.7560424804688,30400,10.0,0.0
2019-08-30 00:00:00+09:00,615.9199855559253,616.8270842091741,602.3135057571935,606.8489990234375,10800,0.0,0.0
2019-09-02 00:00:00+09:00,606.8489439096023,608.6631410513351,606.8489439096023,607.7560424804688,1600,0.0,0.0
2019-09-03 00:00:00+09:00,605.9418334960938,608.6631291555074,600.4992421772665,605.9418334960938,4600,0.0,0.0
2019-09-04 00:00:00+09:00,605.0348017169399,607.7560976766863,605.0348017169399,606.8489990234375,3100,0.0,0.0
2019-09-05 00:00:00+09:00,606.8489260923737,607.7560246366074,603.2205319154388,605.0347290039062,6500,0.0,0.0
2019-09-06 00:00:00+09:00,609.5702083333333,612.29150390625,603.2205186631945,612.29150390625,4600,0.0,0.0
2019-09-09 00:00:00+09:00,615.9199039978389,615.9199039978389,609.5702142659023,613.1986083984375,3100,0.0,0.0
2019-09-10 00:00:00+09:00,614.1057069315713,616.8270025309727,607.7560171996348,613.1986083984375,8200,0.0,0.0
2019-09-11 00:00:00+09:00,613.198637974945,620.4554265900331,613.198637974945,617.734130859375,9000,0.0,0.0
2019-09-12 00:00:00+09:00,615.919933705603,618.641229436261,610.4773422442869,617.734130859375,6000,0.0,0.0
2019-09-13 00:00:00+09:00,618.6412040788186,623.1766967773438,614.1057113802937,623.1766967773438,7900,0.0,0.0
2019-09-17 00:00:00+09:00,623.1767242477122,623.1767242477122,606.8489498132743,608.6631469726562,9900,0.0,0.0
2019-09-18 00:00:00+09:00,612.2914919350159,614.1056889481566,610.477294921875,610.477294921875,2700,0.0,0.0
2019-09-19 00:00:00+09:00,617.734130859375,617.734130859375,608.663145090515,617.734130859375,7600,0.0,0.0
2019-09-20 00:00:00+09:00,619.5483041422406,621.3625012261124,612.2915158067531,614.105712890625,2500,0.0,0.0
2019-09-24 00:00:00+09:00,614.105736551831,620.4554265900331,613.198637974945,617.734130859375,3400,0.0,0.0
2019-09-25 00:00:00+09:00,620.4554325226815,620.4554325226815,618.6412353515625,618.6412353515625,2800,0.0,0.0
2019-09-26 00:00:00+09:00,623.1767163444969,629.5264063218061,613.1986320944394,616.8270263671875,8900,0.0,0.0
2019-09-27 00:00:00+09:00,616.8269844678678,620.4553784941494,606.8489008955935,610.477294921875,4500,0.0,0.0
2019-09-30 00:00:00+09:00,607.7560306023695,607.7560306023695,605.0347349429559,605.9418334960938,3800,0.0,0.0
2019-10-01 00:00:00+09:00,604.1275799533971,624.9908447265625,604.1275799533971,624.9908447265625,16500,0.0,0.0
2019-10-02 00:00:00+09:00,617.7341070583687,620.4554026841765,614.105712890625,614.105712890625,4900,0.0,0.0
2019-10-03 00:00:00+09:00,612.291539398059,621.3625251669191,612.291539398059,617.734130859375,8400,0.0,0.0
2019-10-04 00:00:00+09:00,620.45535238457,624.9908447265625,615.0127615741791,624.9908447265625,5600,0.0,0.0
2019-10-07 00:00:00+09:00,624.9908998178881,624.9908998178881,618.64120997939,624.0838012695312,7200,0.0,0.0
2019-10-08 00:00:00+09:00,618.6412788582129,621.3625748062695,615.9199829101562,615.9199829101562,10900,0.0,0.0
2019-10-09 00:00:00+09:00,632.2476324737504,633.154730942149,610.4772692321866,624.9908447265625,60600,0.0,0.0
2019-10-10 00:00:00+09:00,634.9690340003189,636.7832312403198,618.6412588403107,622.2696533203125,34900,0.0,0.0
2019-10-11 00:00:00+09:00,622.2695876736111,622.2695876736111,612.29150390625,612.29150390625,9700,0.0,0.0
2019-10-15 00:00:00+09:00,618.6412115856609,620.4554086870852,615.0128173828125,615.0128173828125,4600,0.0,0.0
2019-10-16 00:00:00+09:00,615.0128585481295,621.362548828125,615.0128585481295,621.362548828125,5800,0.0,0.0
2019-10-17 00:00:00+09:00,617.7341506912729,617.7341506912729,611.3844604492188,611.3844604492188,5400,0.0,0.0
2019-10-18 00:00:00+09:00,610.477361843211,611.3844604492188,605.9418688131723,611.3844604492188,7300,0.0,0.0
2019-10-21 00:00:00+09:00,611.3844408211729,621.3625251669191,611.3844408211729,617.734130859375,2600,0.0,0.0
2019-10-23 00:00:00+09:00,617.7340950520834,618.6411935763889,612.29150390625,612.29150390625,2500,0.0,0.0
2019-10-24 00:00:00+09:00,611.3844922896814,614.1057882494277,605.9419003701887,606.8489990234375,7900,0.0,0.0
2019-10-25 00:00:00+09:00,609.5702396222015,609.5702396222015,604.1276481970033,607.7560424804688,9100,0.0,0.0
2019-10-28 00:00:00+09:00,613.1986458188011,613.1986458188011,605.0347585223969,609.5702514648438,9200,0.0,0.0
2019-10-29 00:00:00+09:00,610.4773460769076,610.4773460769076,599.5921630859375,599.5921630859375,13000,0.0,0.0
2019-10-30 00:00:00+09:00,600.4992655799502,609.5702514648438,595.9637726375034,609.5702514648438,32200,0.0,0.0
2019-10-31 00:00:00+09:00,609.5702396222015,609.5702396222015,603.2205496261369,607.7560424804688,7400,0.0,0.0
2019-11-01 00:00:00+09:00,605.9418512335833,608.6631469726562,605.0347526538923,608.6631469726562,5400,0.0,0.0
2019-11-05 00:00:00+09:00,609.5702396222015,609.5702396222015,603.2205496261369,607.7560424804688,7500,0.0,0.0
2019-11-06 00:00:00+09:00,607.7560306023695,607.7560306023695,604.127636389818,605.9418334960938,3700,0.0,0.0
2019-11-07 00:00:00+09:00,605.9418688131723,611.3844604492188,604.1276716011567,611.3844604492188,5400,0.0,0.0
2019-11-08 00:00:00+09:00,612.2915590552265,613.1986576612343,611.3844604492188,611.3844604492188,4600,0.0,0.0
2019-11-11 00:00:00+09:00,615.0128548732497,615.0128548732497,610.477361843211,611.3844604492188,3900,0.0,0.0
2019-11-12 00:00:00+09:00,613.1986083984375,614.1057069315713,610.4773127990362,613.1986083984375,4800,0.0,0.0
2019-11-13 00:00:00+09:00,613.1986083984375,615.012805464705,612.2915098653037,613.1986083984375,2700,0.0,0.0
2019-11-14 00:00:00+09:00,615.9198859612974,615.9198859612974,610.477294921875,610.477294921875,7300,0.0,0.0
2019-11-15 00:00:00+09:00,610.4773202693087,614.1057144462436,604.1276304596724,605.0347290039062,8700,0.0,0.0
2019-11-18 00:00:00+09:00,605.0347723903426,610.4773640460279,601.4063779532191,602.3134765625,6400,0.0,0.0
2019-11-19 00:00:00+09:00,603.2205259764158,605.9418215823245,602.3134274411129,604.1276245117188,3700,0.0,0.0
2019-11-20 00:00:00+09:00,604.1276481970033,607.7560424804688,602.3134510552705,607.7560424804688,7500,0.0,0.0
2019-11-21 00:00:00+09:00,606.8489320492316,606.8489320492316,601.4063407304044,605.9418334960938,6700,0.0,0.0
2019-11-22 00:00:00+09:00,605.9418275481399,605.9418275481399,603.2205319154388,605.0347290039062,2500,0.0,0.0
2019-11-25 00:00:00+09:00,607.7560306023695,608.6631291555074,605.0347349429559,605.9418334960938,5400,0.0,0.0
2019-11-26 00:00:00+09:00,607.7560306023695,607.7560306023695,604.127636389818,605.9418334960938,1900,0.0,0.0
2019-11-27 00:00:00+09:00,605.9418709996235,605.9418709996235,599.5921807346574,602.3134765625,5800,0.0,0.0
2019-11-28 00:00:00+09:00,604.1276245117188,605.9418215823245,602.3134274411129,604.1276245117188,5700,0.0,0.0
2019-11-29 00:00:00+09:00,604.1276737810617,605.0347723903426,602.3134765625,602.3134765625,5900,0.0,0.0
2019-12-02 00:00:00+09:00,603.2205554945103,609.5702455523473,603.2205554945103,608.6631469726562,6300,0.0,0.0
2019-12-03 00:00:00+09:00,605.0348017169399,608.6631963299351,605.0348017169399,606.8489990234375,3600,0.0,0.0
2019-12-04 00:00:00+09:00,607.7560660251878,611.3844604492188,607.7560660251878,611.3844604492188,8900,0.0,0.0
2019-12-05 00:00:00+09:00,611.3844231799641,615.0128173828125,609.5702260785398,615.0128173828125,5500,0.0,0.0
2019-12-06 00:00:00+09:00,615.012787454727,615.012787454727,609.5701964153046,610.477294921875,6800,0.0,0.0
2019-12-09 00:00:00+09:00,615.9200061446228,621.362598246048,610.4774140431975,619.5484008789062,17000,0.0,0.0
2019-12-10 00:00:00+09:00,619.5483775075651,619.5483775075651,615.012884260804,615.9199829101562,2400,0.0,0.0
2019-12-11 00:00:00+09:00,614.1057856114518,615.9199829101562,614.1057856114518,615.9199829101562,3200,0.0,0.0
2019-12-12 00:00:00+09:00,616.8270085164328,616.8270085164328,614.105712890625,614.105712890625,2300,0.0,0.0
2019-12-13 00:00:00+09:00,615.0128292308134,616.8270263671875,612.2915335262524,616.8270263671875,6500,0.0,0.0
2019-12-16 00:00:00+09:00,617.7341130349489,620.4554086870852,615.0128173828125,615.0128173828125,5400,0.0,0.0
2019-12-17 00:00:00+09:00,621.362598246048,621.362598246048,615.9200061446228,619.5484008789062,5700,0.0,0.0
2019-12-18 00:00:00+09:00,621.362598246048,621.362598246048,617.7342035117645,619.5484008789062,4800,0.0,0.0
2019-12-19 00:00:00+09:00,620.455450216697,621.362548828125,617.7341543824133,621.362548828125,3700,0.0,0.0
2019-12-20 00:00:00+09:00,622.2696296938004,622.2696296938004,616.8270381804435,618.6412353515625,6200,0.0,0.0
2019-12-23 00:00:00+09:00,623.1767956131897,623.1767956131897,617.7342035117645,619.5484008789062,4100,0.0,0.0
2019-12-24 00:00:00+09:00,618.6412529938412,621.362548828125,618.6412529938412,621.362548828125,1700,0.0,0.0
2019-12-25 00:00:00+09:00,617.734130859375,618.641229436261,615.012835128717,617.734130859375,7800,0.0,0.0
2019-12-26 00:00:00+09:00,617.734130859375,618.641229436261,615.012835128717,617.734130859375,4300,0.0,0.0
2019-12-27 00:00:00+09:00,620.455450216697,622.269647439553,615.0128585481295,621.362548828125,5400,0.0,0.0
2019-12-30 00:00:00+09:00,624.9909234901384,634.0619093172812,623.1767263247099,627.7122192382812,13900,0.0,0.0
2020-01-06 00:00:00+09:00,627.7122269317883,660.3677763097426,621.3625367749638,647.6683959960938,41600,0.0,0.0
2020-01-07 00:00:00+09:00,653.1109994217004,657.6464924732401,640.4116188773896,649.4826049804688,30700,0.0,0.0
2020-01-08 00:00:00+09:00,648.5755381738418,654.0181301025734,640.4116502807445,644.9471435546875,17800,0.0,0.0
2020-01-09 00:00:00+09:00,650.3896244685747,653.1109199684432,646.76123046875,646.76123046875,5300,0.0,0.0
2020-01-10 00:00:00+09:00,647.6683722697513,653.1109636333628,644.0399780273438,644.0399780273438,12700,0.0,0.0
2020-01-14 00:00:00+09:00,639.5044202209384,640.4115186893368,617.7340569793745,624.9908447265625,23100,0.0,0.0
2020-01-15 00:00:00+09:00,626.805132423423,631.3406254221452,626.805132423423,629.5264282226562,6200,0.0,0.0
2020-01-16 00:00:00+09:00,622.2696041728175,629.5263925596726,622.2696041728175,624.0838012695312,6100,0.0,0.0
2020-01-17 00:00:00+09:00,642.225758519666,642.225758519666,625.8979849979795,631.340576171875,16100,0.0,0.0
2020-01-20 00:00:00+09:00,631.3405998883928,658.5535567801339,631.3405998883928,634.968994140625,34600,0.0,0.0
2020-01-21 00:00:00+09:00,637.6902957758448,637.6902957758448,634.9690000612964,635.8760986328125,2900,0.0,0.0
2020-01-22 00:00:00+09:00,634.968994140625,638.5973883928572,634.968994140625,634.968994140625,2300,0.0,0.0
2020-01-23 00:00:00+09:00,634.9689822483882,634.9689822483882,633.15478515625,633.15478515625,2200,0.0,0.0
2020-01-24 00:00:00+09:00,632.2477299312893,634.0619271477349,630.4335327148438,630.4335327148438,4400,0.0,0.0
2020-01-27 00:00:00+09:00,625.8980161719315,627.712213320256,621.3625233011204,626.8051147460938,5900,0.0,0.0
2020-01-28 00:00:00+09:00,626.8050863954443,626.8050863954443,604.1276230670996,613.1986083984375,15800,0.0,0.0
2020-01-29 00:00:00+09:00,621.3625311082409,623.1767282793598,618.6412353515625,618.6412353515625,3300,0.0,0.0
2020-01-30 00:00:00+09:00,619.5483117931617,619.5483117931617,605.0347349429559,605.9418334960938,7100,0.0,0.0
2020-01-31 00:00:00+09:00,605.9418334960938,613.1986219211967,605.0347349429559,605.9418334960938,14500,0.0,0.0
2020-02-03 00:00:00+09:00,598.6850645033567,599.5921630859375,593.2424730078716,599.5921630859375,10200,0.0,0.0
2020-02-04 00:00:00+09:00,597.7779718036018,601.4063661696327,596.8708732120941,600.499267578125,6600,0.0,0.0
2020-02-05 00:00:00+09:00,601.4063348269713,605.9418275481399,600.4992362827376,605.0347290039062,7200,0.0,0.0
2020-02-06 00:00:00+09:00,612.2915158067531,615.9199099744968,612.2915158067531,614.105712890625,6800,0.0,0.0
2020-02-07 00:00:00+09:00,616.8270281891324,618.6412253308652,607.7560424804688,607.7560424804688,6300,0.0,0.0
2020-02-10 00:00:00+09:00,605.0347038824526,611.3843934284454,605.0347038824526,610.477294921875,3600,0.0,0.0
2020-02-12 00:00:00+09:00,612.2915412914202,613.1986398711113,608.6631469726562,608.6631469726562,2400,0.0,0.0
2020-02-13 00:00:00+09:00,609.5702083333333,613.1986024305556,608.6631098090278,612.29150390625,2100,0.0,0.0
2020-02-14 00:00:00+09:00,610.477306857639,612.29150390625,607.7560112847223,612.29150390625,3000,0.0,0.0
2020-02-17 00:00:00+09:00,604.1276245117188,606.8489201176274,603.2205259764158,604.1276245117188,8700,0.0,0.0
2020-02-18 00:00:00+09:00,605.0347723903426,605.0347723903426,598.6850821253765,602.3134765625,5400,0.0,0.0
2020-02-19 00:00:00+09:00,597.7779659207758,604.1276559988418,597.7779659207758,599.5921630859375,4200,0.0,0.0
2020-02-20 00:00:00+09:00,603.2205514618845,607.756044330019,598.68505859375,598.68505859375,6800,0.0,0.0
2020-02-21 00:00:00+09:00,596.8708654366734,617.7341327695661,580.5430910022355,608.6631469726562,31700,0.0,0.0
2020-02-25 00:00:00+09:00,572.3792114257812,584.1714931191809,560.5869297323817,572.3792114257812,36400,0.0,0.0
2020-02-26 00:00:00+09:00,554.2372577218076,564.2153425580431,546.98046875,546.98046875,54300,0.0,0.0
2020-02-27 00:00:00+09:00,541.44605262731,577.4194700931789,538.678866668397,555.281982421875,61800,10.0,0.0
2020-02-28 00:00:00+09:00,516.5413716460818,553.4371839065162,475.95597815960394,541.446044921875,56100,0.0,0.0
2020-03-02 00:00:00+09:00,513.7741553896949,541.4460129510788,513.7741553896949,522.9981079101562,36800,0.0,0.0
2020-03-03 00:00:00+09:00,532.2221366585075,541.446090500076,493.48153052391945,497.1711120605469,17900,0.0,0.0
2020-03-04 00:00:00+09:00,488.8695398038321,528.532540203011,482.41277229698903,505.47265625,28500,0.0,0.0
2020-03-05 00:00:00+09:00,506.3950225439542,517.4637662061172,504.55023193359375,504.55023193359375,6100,0.0,0.0
2020-03-06 00:00:00+09:00,490.71430963392,495.32628622822375,481.4903564453125,481.4903564453125,8400,0.0,0.0
2020-03-09 00:00:00+09:00,474.11116638881936,474.11116638881936,403.08673095703125,403.08673095703125,22500,0.0,0.0
2020-03-10 00:00:00+09:00,374.4925184926077,395.70761190475054,329.2951455710861,377.25970458984375,58800,0.0,0.0
2020-03-11 00:00:00+09:00,404.93154122694483,407.6987271578807,386.4836350207059,391.0956115722656,37000,0.0,0.0
2020-03-12 00:00:00+09:00,387.4060683363066,387.4060683363066,349.5878569034767,351.4326477050781,25200,0.0,0.0
2020-03-13 00:00:00+09:00,336.6742984760409,336.6742984760409,296.08890359125786,310.84722900390625,35400,0.0,0.0
2020-03-16 00:00:00+09:00,318.226385480148,321.91596676107724,314.53680419921875,314.53680419921875,14300,0.0,0.0
2020-03-17 00:00:00+09:00,299.7784846971015,329.2951354980469,285.94255463415834,329.2951354980469,17700,0.0,0.0
2020-03-18 00:00:00+09:00,331.13990289514715,336.6742745312777,324.6831359863281,324.6831359863281,11400,0.0,0.0
2020-03-19 00:00:00+09:00,324.6831680689103,356.0446104392027,320.0711912497496,323.7607727050781,12300,0.0,0.0
2020-03-23 00:00:00+09:00,309.00243377685547,313.6144104003906,303.46806182861326,313.6144104003906,17100,0.0,0.0
2020-03-24 00:00:00+09:00,311.76960789472207,341.28625716286143,311.76960789472207,320.9935607910156,29500,0.0,0.0
2020-03-25 00:00:00+09:00,346.8206253792476,380.02685546875,339.44146313713594,380.02685546875,34500,0.0,0.0
2020-03-26 00:00:00+09:00,378.18210153018725,378.18210153018725,359.7341941384708,376.3373107910156,11800,0.0,0.0
2020-03-27 00:00:00+09:00,379.1044960378486,394.78521728515625,369.8805423629618,394.78521728515625,16300,0.0,0.0
2020-03-30 00:00:00+09:00,392.94040030020255,392.94040030020255,368.958122347608,373.5700988769531,11000,0.0,0.0
2020-03-31 00:00:00+09:00,380.9493053217044,401.24200439453125,380.9493053217044,401.24200439453125,22900,0.0,0.0
2020-04-01 00:00:00+09:00,396.6299986949165,404.0091614613335,394.7852080033122,400.319580078125,12900,0.0,0.0
2020-04-02 00:00:00+09:00,396.63000727049587,396.63000727049587,376.3373092240984,377.25970458984375,10200,0.0,0.0
2020-04-03 00:00:00+09:00,373.57013740539554,379.1045098114014,365.26857879638675,368.9581604003906,6000,0.0,0.0
2020-04-06 00:00:00+09:00,358.8118109893799,373.57013740539554,358.8118109893799,368.9581604003906,7400,0.0,0.0
2020-04-07 00:00:00+09:00,368.9581432481752,382.79407361998176,368.9581432481752,379.1044921875,4700,0.0,0.0
2020-04-08 00:00:00+09:00,384.63882300271945,387.4060087797174,376.3372656717255,385.56121826171875,4600,0.0,0.0
2020-04-09 00:00:00+09:00,387.4060087797174,391.09558981571473,383.7164277437201,385.56121826171875,4400,0.0,0.0
2020-04-10 00:00:00+09:00,392.01803044176916,392.01803044176916,368.95814629813566,377.25970458984375,9900,0.0,0.0
2020-04-13 00:00:00+09:00,370.8029495962243,374.49253118424645,369.88055419921875,369.88055419921875,4000,0.0,0.0
2020-04-14 00:00:00+09:00,368.9581314125156,377.25968936929723,368.0357360839844,368.0357360839844,8800,0.0,0.0
2020-04-15 00:00:00+09:00,377.2597190093994,377.2597190093994,368.9581604003906,368.9581604003906,2800,0.0,0.0
2020-04-16 00:00:00+09:00,368.0357360839844,372.6477127266408,368.0357360839844,368.0357360839844,2000,0.0,0.0
2020-04-17 00:00:00+09:00,367.11334075545307,369.88052674104694,364.3461547698592,368.0357360839844,5400,0.0,0.0
2020-04-20 00:00:00+09:00,369.8805463067417,374.4925231933594,368.03575555209454,374.4925231933594,5900,0.0,0.0
2020-04-21 00:00:00+09:00,371.7253127975843,372.6477081146999,368.03573152912196,370.80291748046875,5500,0.0,0.0
2020-04-22 00:00:00+09:00,369.88052674104694,375.4148987122347,368.0357360839844,368.0357360839844,2400,0.0,0.0
2020-04-23 00:00:00+09:00,370.8029129593461,373.5700988769531,370.8029129593461,373.5700988769531,5800,0.0,0.0
2020-04-24 00:00:00+09:00,373.5701262452971,375.4149169921875,372.64773087185193,375.4149169921875,3400,0.0,0.0
2020-04-27 00:00:00+09:00,375.4148894886912,375.4148894886912,368.958122347608,373.5700988769531,10200,0.0,0.0
2020-04-28 00:00:00+09:00,373.5700988769531,374.49249418282216,369.88051765347706,373.5700988769531,4900,0.0,0.0
2020-04-30 00:00:00+09:00,378.182103112523,381.87168460630375,375.4149169921875,375.4149169921875,7600,0.0,0.0
2020-05-01 00:00:00+09:00,375.4148894886912,375.4148894886912,370.8029129593461,373.5700988769531,10500,0.0,0.0
2020-05-07 00:00:00+09:00,373.57012781603584,374.4925231933594,371.72533706138876,374.4925231933594,2700,0.0,0.0
2020-05-08 00:00:00+09:00,374.4925216187423,375.4149169921875,370.8029401249616,375.4149169921875,5500,0.0,0.0
2020-05-11 00:00:00+09:00,368.9580950488524,375.4148617122073,368.03569981123024,371.72528076171875,25800,0.0,0.0
2020-05-12 00:00:00+09:00,376.3372847945602,377.2596801004292,373.5700988769531,373.5700988769531,10600,0.0,0.0
2020-05-13 00:00:00+09:00,376.3372743476942,384.6388318700698,374.4924837871663,380.02685546875,16000,0.0,0.0
2020-05-14 00:00:00+09:00,380.9492876389447,380.9492876389447,376.3373107910156,376.3373107910156,1800,0.0,0.0
2020-05-15 00:00:00+09:00,383.7164365898058,385.56122715033376,376.3372743476942,380.02685546875,6700,0.0,0.0
2020-05-18 00:00:00+09:00,381.87164902105565,381.87164902105565,376.3372772961128,378.18206787109375,6100,0.0,0.0
2020-05-19 00:00:00+09:00,380.02685546875,381.87164602927794,378.1820649082221,380.02685546875,6200,0.0,0.0
2020-05-20 00:00:00+09:00,379.1044921875,380.0268875456204,378.18209682937953,379.1044921875,2100,0.0,0.0
2020-05-21 00:00:00+09:00,380.02688289034194,381.8716735839844,380.02688289034194,381.8716735839844,1300,0.0,0.0
2020-05-22 00:00:00+09:00,382.79403393788874,384.6388244628906,381.8716386753878,384.6388244628906,3200,0.0,0.0
2020-05-25 00:00:00+09:00,386.4836247349007,397.5523681640625,386.4836247349007,397.5523681640625,11600,0.0,0.0
2020-05-26 00:00:00+09:00,400.3195519184171,417.8450622558594,396.6299707947451,417.8450622558594,22400,0.0,0.0
2020-05-27 00:00:00+09:00,428.9138245725346,462.12005615234375,427.06903392921186,462.12005615234375,19800,0.0,0.0
2020-05-28 00:00:00+09:00,484.2575548223948,497.17108961765865,474.1112060546875,474.1112060546875,29700,0.0,0.0
2020-05-29 00:00:00+09:00,468.5768249511719,468.5768249511719,451.9737091064453,461.1976623535156,8800,0.0,0.0
2020-06-01 00:00:00+09:00,461.1976578031809,465.8096343812127,460.27526248757454,463.96484375,6100,0.0,0.0
2020-06-02 00:00:00+09:00,471.3440154498043,476.8783874511719,467.6544341155593,476.8783874511719,4700,0.0,0.0
2020-06-03 00:00:00+09:00,476.87839624437237,489.79193115234375,476.87839624437237,489.79193115234375,7900,0.0,0.0
2020-06-04 00:00:00+09:00,490.71432340525325,499.01588150797375,486.1023466815197,491.63671875,5900,0.0,0.0
2020-06-05 00:00:00+09:00,491.63670482863466,492.5591001472625,463.0424499511719,463.0424499511719,14200,0.0,0.0
2020-06-08 00:00:00+09:00,465.80962443801593,488.8695068359375,463.04243855026533,488.8695068359375,12600,0.0,0.0
2020-06-09 00:00:00+09:00,488.8695436194823,490.7143343501218,483.3351714275636,485.1799621582031,6200,0.0,0.0
2020-06-10 00:00:00+09:00,485.17994981401426,492.5591125488281,477.80078707920035,492.5591125488281,5600,0.0,0.0
2020-06-11 00:00:00+09:00,489.79195020377983,489.79195020377983,475.0336240206151,478.72320556640625,4200,0.0,0.0
2020-06-12 00:00:00+09:00,447.36173248291016,463.96484832763673,445.5169418334961,461.1976623535156,11000,0.0,0.0
2020-06-15 00:00:00+09:00,472.26640625,477.8007781982422,461.1976623535156,461.1976623535156,8600,0.0,0.0
2020-06-16 00:00:00+09:00,462.1200547492367,483.335147083034,461.19765943037595,481.4903564453125,6200,0.0,0.0
2020-06-17 00:00:00+09:00,481.4903656715571,481.4903656715571,475.95599365234375,475.95599365234375,2200,0.0,0.0
2020-06-18 00:00:00+09:00,475.9559982924433,475.9559982924433,473.1888122558594,473.1888122558594,1200,0.0,0.0
2020-06-19 00:00:00+09:00,475.9560045643265,475.9560045643265,469.4992370605469,469.4992370605469,2600,0.0,0.0
2020-06-22 00:00:00+09:00,471.3440078188224,471.3440078188224,463.0424499511719,463.0424499511719,1200,0.0,0.0
2020-06-23 00:00:00+09:00,467.65441445743335,470.4216003417969,463.964833278282,470.4216003417969,3600,0.0,0.0
2020-06-24 00:00:00+09:00,470.4216003417969,470.4216003417969,467.65441445743335,470.4216003417969,1100,0.0,0.0
2020-06-25 00:00:00+09:00,466.7320509874985,470.4216324182297,465.80965562981567,469.4992370605469,2500,0.0,0.0
2020-06-26 00:00:00+09:00,469.49923862247016,469.49923862247016,463.96486645796165,468.57684326171875,3000,0.0,0.0
2020-06-29 00:00:00+09:00,467.65441502984964,488.8695068359375,466.73201973393276,488.8695068359375,6900,0.0,0.0
2020-06-30 00:00:00+09:00,488.86952678746826,488.86952678746826,476.8783874511719,476.8783874511719,9500,0.0,0.0
2020-07-01 00:00:00+09:00,477.8007688258476,477.8007688258476,465.80962983987075,466.7320251464844,3800,0.0,0.0
2020-07-02 00:00:00+09:00,465.8096422011882,467.65443286337114,440.90496826171875,440.90496826171875,19600,0.0,0.0
2020-07-03 00:00:00+09:00,437.21542197779604,440.9050035978618,436.2930265727796,438.1378173828125,6200,0.0,0.0
2020-07-06 00:00:00+09:00,438.13778996215564,447.36174343504314,436.2929992675781,436.2929992675781,9000,0.0,0.0
2020-07-07 00:00:00+09:00,436.29300709259815,441.82737927559094,429.83623954577325,431.6810302734375,14200,0.0,0.0
2020-07-08 00:00:00+09:00,431.6810210022745,450.1289278827136,431.6810210022745,437.21539306640625,8200,0.0,0.0
2020-07-09 00:00:00+09:00,433.5258026123047,436.2929885864258,424.3018493652344,424.3018493652344,6000,0.0,0.0
2020-07-10 00:00:00+09:00,416.9227068258879,419.68989293313933,412.31072998046875,412.31072998046875,6500,0.0,0.0
2020-07-13 00:00:00+09:00,412.31070248035905,412.31070248035905,406.7763306349851,410.4659118652344,4000,0.0,0.0
2020-07-14 00:00:00+09:00,410.4659118652344,411.3883071727967,409.54351655767204,410.4659118652344,5400,0.0,0.0
2020-07-15 00:00:00+09:00,416.92271519327886,440.9049952707683,416.92271519327886,425.2242736816406,4600,0.0,0.0
2020-07-16 00:00:00+09:00,435.37061649445565,435.37061649445565,428.9138488769531,428.9138488769531,3800,0.0,0.0
2020-07-17 00:00:00+09:00,428.9138536329393,428.9138536329393,425.2242720963119,426.14666748046875,800,0.0,0.0
2020-07-20 00:00:00+09:00,426.14663544689864,427.06903076171875,424.30184481725837,427.06903076171875,2400,0.0,0.0
2020-07-21 00:00:00+09:00,427.0690188397774,434.44818115234375,427.0690188397774,434.44818115234375,3000,0.0,0.0
2020-07-22 00:00:00+09:00,434.44824544097315,438.1378271432319,427.06908203645554,432.60345458984375,7500,0.0,0.0
2020-07-27 00:00:00+09:00,439.98258065673315,439.98258065673315,430.75862718384565,436.2929992675781,3300,0.0,0.0
2020-07-28 00:00:00+09:00,428.913841085231,437.2153992997839,428.913841085231,433.52581787109375,3400,0.0,0.0
2020-07-29 00:00:00+09:00,425.22428333995106,425.22428333995106,408.6211659861135,419.6899108886719,8500,0.0,0.0
2020-07-30 00:00:00+09:00,415.07789768227684,416.9226883386425,403.08675841589996,404.9315490722656,9500,0.0,0.0
2020-07-31 00:00:00+09:00,392.0180146257979,392.0180146257979,367.11334075545307,368.0357360839844,12500,0.0,0.0
2020-08-03 00:00:00+09:00,364.3461274500158,368.03570848748427,363.42373219064865,366.19091796875,12400,0.0,0.0
2020-08-04 00:00:00+09:00,366.1909262647907,382.79404130954185,366.1909262647907,380.02685546875,5100,0.0,0.0
2020-08-05 00:00:00+09:00,380.02684670772277,393.8627755927127,380.02684670772277,385.56121826171875,6600,0.0,0.0
2020-08-06 00:00:00+09:00,385.5612472497763,387.4060379064738,380.9492706080325,386.483642578125,5300,0.0,0.0
2020-08-07 00:00:00+09:00,386.48363953361604,389.25082549686385,382.79405824928557,388.32843017578125,10100,0.0,0.0
2020-08-11 00:00:00+09:00,392.017997919127,401.2419508113417,389.25081205146256,396.6299743652344,8800,0.0,0.0
2020-08-12 00:00:00+09:00,396.6300273325251,402.16439980693247,396.6300273325251,401.24200439453125,4500,0.0,0.0
2020-08-13 00:00:00+09:00,401.2419769780465,401.2419769780465,395.7076048817976,399.3971862792969,15400,0.0,0.0
2020-08-14 00:00:00+09:00,395.70757759253553,400.31955402135293,395.70757759253553,397.5523681640625,6400,0.0,0.0
2020-08-17 00:00:00+09:00,397.5523955805472,399.3971862792969,397.5523955805472,399.3971862792969,5900,0.0,0.0
2020-08-18 00:00:00+09:00,399.3971771031686,406.7763397286313,398.4747817749858,404.9315490722656,4800,0.0,0.0
2020-08-19 00:00:00+09:00,404.9315289391412,407.69871478610565,394.78518083360456,398.4747619628906,14900,0.0,0.0
2020-08-20 00:00:00+09:00,400.31956942119297,406.7763366699219,400.31956942119297,406.7763366699219,8200,0.0,0.0
2020-08-21 00:00:00+09:00,416.92270209418405,419.6898881700304,410.4659345838759,415.0779113769531,13400,0.0,0.0
2020-08-24 00:00:00+09:00,416.00028371060836,419.6898649408576,404.93154001986045,410.4659118652344,9400,0.0,0.0
2020-08-25 00:00:00+09:00,412.31071325850814,414.15550392185713,404.0091552734375,404.0091552734375,13900,0.0,0.0
2020-08-26 00:00:00+09:00,399.3971771031686,418.7674789950082,399.3971771031686,404.9315490722656,35200,0.0,0.0
2020-08-27 00:00:00+09:00,405.85395260133606,426.1466502314028,381.8716735839844,381.8716735839844,129800,0.0,0.0
2020-08-28 00:00:00+09:00,391.3239428710937,425.35211181640625,388.48826212565103,425.35211181640625,94200,10.0,0.0
2020-08-31 00:00:00+09:00,425.35211378528226,452.76369445144485,420.625979187668,439.530517578125,24800,0.0,0.0
2020-09-01 00:00:00+09:00,425.352123251887,433.85916571692474,417.790307727409,418.73553466796875,17500,0.0,0.0
2020-09-02 00:00:00+09:00,426.29736897329263,426.29736897329263,418.73555311567327,420.6260070800781,7400,0.0,0.0
2020-09-03 00:00:00+09:00,443.3114542874423,443.3114542874423,415.8998718261719,415.8998718261719,6600,0.0,0.0
2020-09-04 00:00:00+09:00,407.3927866501448,413.06414794921875,406.4475597669658,413.06414794921875,4100,0.0,0.0
2020-09-07 00:00:00+09:00,412.1189639004794,420.62600673328745,412.1189639004794,415.8998718261719,2600,0.0,0.0
2020-09-08 00:00:00+09:00,429.133020815642,452.7636937680452,420.6259785527768,434.80438232421875,16000,0.0,0.0
2020-09-09 00:00:00+09:00,427.24256762432793,442.3661983366935,427.24256762432793,439.530517578125,5600,0.0,0.0
2020-09-10 00:00:00+09:00,434.80436619442054,458.4350382702043,434.80436619442054,447.0923156738281,10700,0.0,0.0
2020-09-11 00:00:00+09:00,447.09229997548545,459.3802490234375,444.2566194259581,459.3802490234375,13900,0.0,0.0
2020-09-14 00:00:00+09:00,459.38027884310844,471.668228688706,445.2018751751113,454.6541442871094,10900,0.0,0.0
2020-09-15 00:00:00+09:00,462.21596565246585,462.21596565246585,453.70892333984375,453.70892333984375,2600,0.0,0.0
2020-09-16 00:00:00+09:00,460.3255172922641,460.3255172922641,448.0375671386719,448.0375671386719,2900,0.0,0.0
2020-09-17 00:00:00+09:00,448.0375522814299,448.0375522814299,430.0782411140308,431.0234680175781,3400,0.0,0.0
2020-09-18 00:00:00+09:00,431.0234865413483,441.42098292721414,431.0234865413483,432.9139404296875,4000,0.0,0.0
2020-09-23 00:00:00+09:00,430.0782463921441,430.0782463921441,425.35211181640625,425.35211181640625,1500,0.0,0.0
2020-09-24 00:00:00+09:00,417.79028915439875,422.51642364709556,416.8450622558594,416.8450622558594,3600,0.0,0.0
2020-09-25 00:00:00+09:00,415.8998472869804,415.8998472869804,412.11893958437145,414.9546203613281,3600,0.0,0.0
2020-09-28 00:00:00+09:00,419.6807133285454,423.46162065582956,417.79025966490326,421.5711669921875,6200,0.0,0.0
2020-09-29 00:00:00+09:00,436.6948427660712,438.5852966308594,433.85916196888894,438.5852966308594,4400,0.0,0.0
2020-09-30 00:00:00+09:00,446.1471170926462,457.48984040856095,428.18780517578125,428.18780517578125,10100,0.0,0.0
2020-10-02 00:00:00+09:00,428.1877780800826,429.1330049632616,409.2832404165028,413.06414794921875,8000,0.0,0.0
2020-10-05 00:00:00+09:00,406.4475803749234,463.1611962411918,406.4475803749234,433.8591613769531,30000,0.0,0.0
2020-10-06 00:00:00+09:00,433.85914193212454,436.6948225983476,425.35209993345546,427.2425537109375,3400,0.0,0.0
2020-10-07 00:00:00+09:00,423.4616461559734,431.96868815464256,423.4616461559734,427.2425537109375,1800,0.0,0.0
2020-10-08 00:00:00+09:00,429.13302488584776,429.13302488584776,415.899847906989,419.6807556152344,5200,0.0,0.0
2020-10-09 00:00:00+09:00,412.1189210660398,426.29732431372463,411.1736941828608,413.06414794921875,2300,0.0,0.0
2020-10-12 00:00:00+09:00,413.0641905335174,415.8998714753951,411.1737365722656,411.1737365722656,1300,0.0,0.0
2020-10-13 00:00:00+09:00,424.40691430102817,424.40691430102817,411.1737365722656,411.1737365722656,3100,0.0,0.0
2020-10-14 00:00:00+09:00,414.9545939080069,418.7355013695833,402.6666446578837,404.5570983886719,12500,0.0,0.0
2020-10-15 00:00:00+09:00,413.0641695258115,413.0641695258115,388.48826927942457,390.37872314453125,11800,0.0,0.0
2020-10-16 00:00:00+09:00,392.269171009893,462.21596294900644,392.269171009893,434.80438232421875,195300,0.0,0.0
2020-10-19 00:00:00+09:00,412.1189639004794,426.2973686218262,412.1189639004794,415.8998718261719,37500,0.0,0.0
2020-10-20 00:00:00+09:00,418.73553968358925,421.5712205392343,408.3380432128906,408.3380432128906,14600,0.0,0.0
2020-10-21 00:00:00+09:00,408.33800585024824,410.2284595810364,401.7214177924896,404.5570983886719,3700,0.0,0.0
2020-10-22 00:00:00+09:00,401.72145405753713,406.44758881115524,399.83100015608994,403.6119079589844,5200,0.0,0.0
2020-10-23 00:00:00+09:00,403.61189536328584,406.4475761269623,400.7762145996094,400.7762145996094,900,0.0,0.0
2020-10-26 00:00:00+09:00,398.8857727050781,401.7214535536924,396.99531880600193,398.8857727050781,2700,0.0,0.0
2020-10-27 00:00:00+09:00,398.88576321988495,419.6807556152344,397.9405362928236,419.6807556152344,5700,0.0,0.0
2020-10-28 00:00:00+09:00,415.89983380311054,415.89983380311054,401.72143037800447,407.3927917480469,3900,0.0,0.0
2020-10-29 00:00:00+09:00,404.55713540536385,419.68076663547095,404.55713540536385,408.3380432128906,3100,0.0,0.0
2020-10-30 00:00:00+09:00,408.33803249049834,420.62598254229573,408.33803249049834,419.6807556152344,5400,0.0,0.0
2020-11-02 00:00:00+09:00,404.557134909708,413.06417746622054,403.6119079589844,403.6119079589844,5900,0.0,0.0
2020-11-04 00:00:00+09:00,403.6118715232778,404.5570983886719,401.7214177924896,404.5570983886719,1400,0.0,0.0
2020-11-05 00:00:00+09:00,404.55711626838234,404.55711626838234,399.83098173253677,401.721435546875,1300,0.0,0.0
2020-11-06 00:00:00+09:00,404.5571169831032,407.39279770962025,402.6666631654251,406.44757080078125,2600,0.0,0.0
2020-11-09 00:00:00+09:00,406.44757080078125,406.44757080078125,404.5571169831032,406.44757080078125,1800,0.0,0.0
2020-11-10 00:00:00+09:00,406.4475597669658,424.4068705473666,406.4475597669658,413.06414794921875,9600,0.0,0.0
2020-11-11 00:00:00+09:00,415.8998714753951,415.8998714753951,408.3380556303879,411.1737365722656,5700,0.0,0.0
2020-11-12 00:00:00+09:00,409.2832515272983,409.2832515272983,404.5571169831032,406.44757080078125,4500,0.0,0.0
2020-11-13 00:00:00+09:00,406.44757080078125,406.44757080078125,404.5571169831032,406.44757080078125,900,0.0,0.0
2020-11-16 00:00:00+09:00,420.6259819152415,421.57120884089375,414.0093934356759,414.9546203613281,7300,0.0,0.0
2020-11-17 00:00:00+09:00,408.33801864305394,410.2284724330681,405.50233795803274,407.3927917480469,5000,0.0,0.0
2020-11-18 00:00:00+09:00,408.33800767872435,414.0093688964844,408.33800767872435,414.0093688964844,2600,0.0,0.0
2020-11-19 00:00:00+09:00,413.0641779722991,413.0641779722991,406.44758930912724,408.3380432128906,2600,0.0,0.0
2020-11-20 00:00:00+09:00,408.3380246184593,408.3380246184593,404.5571169831032,406.44757080078125,1900,0.0,0.0
2020-11-24 00:00:00+09:00,400.7762205876921,406.44758219978206,397.9405397816471,399.83099365234375,7200,0.0,0.0
2020-11-25 00:00:00+09:00,406.4475761269623,406.4475761269623,398.8857607571584,400.7762145996094,3600,0.0,0.0
2020-11-26 00:00:00+09:00,398.8857727050781,399.8309996546162,398.8857727050781,398.8857727050781,1400,0.0,0.0
2020-11-27 00:00:00+09:00,396.99528346551915,404.5570983886719,395.10482973473097,404.5570983886719,6700,0.0,0.0
2020-11-30 00:00:00+09:00,401.7214475230404,401.7214475230404,399.83099365234375,399.83099365234375,3500,0.0,0.0
2020-12-01 00:00:00+09:00,402.6666805032305,402.6666805032305,398.8857727050781,398.8857727050781,1700,0.0,0.0
2020-12-02 00:00:00+09:00,398.88575482536766,403.61188936121323,398.88575482536766,401.721435546875,4700,0.0,0.0
2020-12-03 00:00:00+09:00,397.9405212402344,399.8309750228483,396.05006745762046,397.9405212402344,5400,0.0,0.0
2020-12-04 00:00:00+09:00,400.7762205876921,401.7214475230404,399.83099365234375,399.83099365234375,1000,0.0,0.0
2020-12-07 00:00:00+09:00,399.83098767838385,403.61189536328584,398.8857607571584,400.7762145996094,2100,0.0,0.0
2020-12-08 00:00:00+09:00,400.7762019141553,402.6666556967692,397.9405212402344,397.9405212402344,2400,0.0,0.0
2020-12-09 00:00:00+09:00,396.99530626538257,397.94053318506207,396.0500793457031,396.0500793457031,3800,0.0,0.0
2020-12-10 00:00:00+09:00,396.05008533240505,396.9953122663726,395.1048583984375,395.1048583984375,1100,0.0,0.0
2020-12-11 00:00:00+09:00,395.1048524260236,396.99530626538257,395.1048524260236,396.0500793457031,1800,0.0,0.0
2020-12-14 00:00:00+09:00,396.05008533240505,396.05008533240505,393.2144045305024,395.1048583984375,3200,0.0,0.0
2020-12-15 00:00:00+09:00,396.0500793457031,396.0500793457031,394.1596255063441,396.0500793457031,2500,0.0,0.0
2020-12-16 00:00:00+09:00,395.10483380873427,395.10483380873427,392.26915318331277,394.15960693359375,10900,0.0,0.0
2020-12-17 00:00:00+09:00,394.15961884647965,394.15961884647965,391.3239381353539,392.2691650390625,3200,0.0,0.0
2020-12-18 00:00:00+09:00,388.48824298915576,391.32392359491604,379.981201171875,379.981201171875,7500,0.0,0.0
2020-12-21 00:00:00+09:00,372.4193938802083,375.2550745442708,351.62440234375,354.4600830078125,29500,0.0,0.0
2020-12-22 00:00:00+09:00,354.46006817053694,354.46006817053694,342.172119140625,342.172119140625,20800,0.0,0.0
2020-12-23 00:00:00+09:00,355.40532051695936,355.40532051695936,342.17214368920025,343.11737060546875,5100,0.0,0.0
2020-12-24 00:00:00+09:00,341.226891269203,344.0625718060662,337.44598388671875,337.44598388671875,20200,0.0,0.0
2020-12-25 00:00:00+09:00,340.281670388211,340.281670388211,336.5007629394531,336.5007629394531,10900,0.0,0.0
2020-12-28 00:00:00+09:00,336.50079858752264,336.50079858752264,326.1033020019531,326.1033020019531,25200,0.0,0.0
2020-12-29 00:00:00+09:00,327.0485130289041,350.67918593561683,326.1032861126356,343.11737060546875,11800,0.0,0.0
2020-12-30 00:00:00+09:00,335.55557953956003,350.6792112934557,328.9389906472307,348.78875732421875,6800,0.0,0.0
2021-01-04 00:00:00+09:00,362.96715494791664,362.96715494791664,340.2817077636719,340.2817077636719,25000,0.0,0.0
2021-01-05 00:00:00+09:00,340.28169748321454,401.7214484176838,340.28169748321454,356.3505554199219,75300,0.0,0.0
2021-01-06 00:00:00+09:00,367.6932610846185,370.5289417613636,362.02189973112826,363.912353515625,10700,0.0,0.0
2021-01-07 00:00:00+09:00,369.58373368926135,379.03600309307876,365.8028259277344,365.8028259277344,11000,0.0,0.0
2021-01-08 00:00:00+09:00,371.47415935459424,379.981201171875,369.5837056174207,379.981201171875,9000,0.0,0.0
2021-01-12 00:00:00+09:00,383.76214599609375,387.5430538384198,382.8169190355122,383.76214599609375,6900,0.0,0.0
2021-01-13 00:00:00+09:00,383.7621274136081,383.7621274136081,373.36463135067777,381.8716735839844,4400,0.0,0.0
2021-01-14 00:00:00+09:00,387.5430336579454,387.5430336579454,366.7480416080068,372.4194030761719,12000,0.0,0.0
2021-01-15 00:00:00+09:00,379.9812367627078,379.9812367627078,365.80283240589034,369.583740234375,18900,0.0,0.0
2021-01-18 00:00:00+09:00,371.4742002047025,371.4742002047025,367.69329231457834,368.6385192871094,800,0.0,0.0
2021-01-19 00:00:00+09:00,368.6385200500488,378.0907897949219,368.6385200500488,378.0907897949219,5100,0.0,0.0
2021-01-20 00:00:00+09:00,378.0907465168451,378.0907465168451,372.4193853190924,375.25506591796875,5600,0.0,0.0
2021-01-21 00:00:00+09:00,375.25508006026104,391.32393739281633,374.309853158346,387.54302978515625,10900,0.0,0.0
2021-01-22 00:00:00+09:00,387.5430595397949,387.5430595397949,374.3098818969726,378.0907897949219,6500,0.0,0.0
2021-01-25 00:00:00+09:00,373.3646189244905,379.0359802246094,373.3646189244905,379.0359802246094,5000,0.0,0.0
2021-01-26 00:00:00+09:00,380.9264261673908,380.9264261673908,370.5289306640625,370.5289306640625,8000,0.0,0.0
2021-01-27 00:00:00+09:00,373.36462998753274,374.3098568988936,368.63849543072854,372.4194030761719,9400,0.0,0.0
2021-01-28 00:00:00+09:00,369.58370380012354,372.41938439194035,368.63847693618465,370.5289306640625,9800,0.0,0.0
2021-01-29 00:00:00+09:00,373.3646545410156,376.20033546158027,366.7480657263647,373.3646545410156,6000,0.0,0.0
2021-02-01 00:00:00+09:00,381.8716789513976,381.8716789513976,375.255090454715,376.2003173828125,4800,0.0,0.0
2021-02-02 00:00:00+09:00,373.36461309176775,379.981201171875,373.36461309176775,379.981201171875,6200,0.0,0.0
2021-02-03 00:00:00+09:00,382.8169250488281,383.7621520242573,379.9812441225405,382.8169250488281,2900,0.0,0.0
2021-02-04 00:00:00+09:00,382.8169250488281,385.6526059751157,379.0360171471113,382.8169250488281,4500,0.0,0.0
2021-02-05 00:00:00+09:00,382.8169070973116,388.48826868393843,380.92645323510266,385.652587890625,7000,0.0,0.0
2021-02-08 00:00:00+09:00,391.3239388602121,399.8309810093471,391.3239388602121,396.99530029296875,13000,0.0,0.0
2021-02-09 00:00:00+09:00,399.8309996546162,400.7762266041543,396.99531880600193,398.8857727050781,5700,0.0,0.0
2021-02-10 00:00:00+09:00,397.9405344716319,406.44757677625114,396.99530754889645,405.5023498535156,6300,0.0,0.0
2021-02-12 00:00:00+09:00,406.4475693475633,415.89983840215774,396.99530029296875,396.99530029296875,14600,0.0,0.0
2021-02-15 00:00:00+09:00,399.8309930682753,400.77622000224284,389.4334967946322,395.1048583984375,11200,0.0,0.0
2021-02-16 00:00:00+09:00,401.72145405753713,403.6119079589844,392.26918455030096,403.6119079589844,12000,0.0,0.0
2021-02-17 00:00:00+09:00,402.66666844206037,406.4475761269623,399.83098767838385,400.7762145996094,11000,0.0,0.0
2021-02-18 00:00:00+09:00,404.5571102804981,405.50233717367684,400.77620270778317,402.6666564941406,5500,0.0,0.0
2021-02-19 00:00:00+09:00,405.50233717367684,406.4475640668556,402.6666564941406,402.6666564941406,11900,0.0,0.0
2021-02-22 00:00:00+09:00,392.2691723085799,400.7762145996094,390.37871846612893,400.7762145996094,23900,0.0,0.0
2021-02-24 00:00:00+09:00,405.50232525406597,406.44755211946006,402.6666446578837,404.5570983886719,40000,0.0,0.0
2021-02-25 00:00:00+09:00,412.22644485045817,412.22644485045817,392.09445568334274,410.3091125488281,49400,6.0,0.0
2021-02-26 00:00:00+09:00,409.3504654456829,409.3504654456829,389.2184753417969,389.2184753417969,11300,0.0,0.0
2021-03-01 00:00:00+09:00,389.2184831179105,403.59847633655255,389.2184831179105,398.8051452636719,18500,0.0,0.0
2021-03-02 00:00:00+09:00,393.05316347064394,393.05316347064394,379.6318359375,379.6318359375,13200,0.0,0.0
2021-03-03 00:00:00+09:00,383.46649169921875,387.30115661621096,381.54915924072264,383.46649169921875,13400,0.0,0.0
2021-03-04 00:00:00+09:00,387.30113940553616,387.30113940553616,377.7144775390625,377.7144775390625,9300,0.0,0.0
2021-03-05 00:00:00+09:00,378.67315539520933,392.094482421875,378.67315539520933,392.094482421875,9600,0.0,0.0
2021-03-08 00:00:00+09:00,394.0117928217916,396.8877913095419,386.3424635211241,394.970458984375,7700,0.0,0.0
2021-03-09 00:00:00+09:00,396.8878128345196,398.8051452636719,393.0531479762151,398.8051452636719,3500,0.0,0.0
2021-03-10 00:00:00+09:00,398.8051498339372,398.8051498339372,394.9704849316878,396.8878173828125,6400,0.0,0.0
2021-03-11 00:00:00+09:00,397.846461600251,399.7637939453125,397.846461600251,399.7637939453125,3800,0.0,0.0
2021-03-12 00:00:00+09:00,399.7637943174781,399.7637943174781,391.1357987566692,393.0531311035156,11500,0.0,0.0
2021-03-15 00:00:00+09:00,393.0531307375974,399.7637939453125,390.17713222000526,399.7637939453125,11500,0.0,0.0
2021-03-16 00:00:00+09:00,392.0944778925021,395.9291427129666,392.0944778925021,394.0118103027344,9900,0.0,0.0
2021-03-17 00:00:00+09:00,390.1771240234375,396.8877870901797,389.21845787104576,390.1771240234375,8000,0.0,0.0
2021-03-18 00:00:00+09:00,393.05312665920815,396.8877913095419,393.05312665920815,394.970458984375,2900,0.0,0.0
2021-03-19 00:00:00+09:00,394.9704849316878,397.84648360837485,390.1771538038761,396.8878173828125,10400,0.0,0.0
2021-03-22 00:00:00+09:00,395.9291466199435,399.763811478248,395.9291466199435,398.8051452636719,6600,0.0,0.0
2021-03-23 00:00:00+09:00,400.7224646143166,400.7224646143166,397.8464660644531,397.8464660644531,3500,0.0,0.0
2021-03-24 00:00:00+09:00,397.8464711006052,397.8464711006052,389.2184753417969,389.2184753417969,9200,0.0,0.0
2021-03-25 00:00:00+09:00,396.8877913095419,399.7637897972922,394.0117928217916,394.970458984375,2900,0.0,0.0
2021-03-26 00:00:00+09:00,394.01180133130174,397.8464660644531,393.0531351480139,397.8464660644531,4300,0.0,0.0
2021-03-29 00:00:00+09:00,397.84646197063165,399.7637943174781,390.17713258324596,393.0531311035156,5700,0.0,0.0
2021-03-30 00:00:00+09:00,397.84647904909576,400.72247769282416,393.0531479762151,398.8051452636719,7900,0.0,0.0
2021-03-31 00:00:00+09:00,397.8464660644531,398.80513224774097,396.8877998811653,397.8464660644531,7200,0.0,0.0
2021-04-01 00:00:00+09:00,397.84646197063165,397.84646197063165,393.0531311035156,393.0531311035156,4200,0.0,0.0
2021-04-02 00:00:00+09:00,393.0531311035156,396.88779579720847,393.0531311035156,393.0531311035156,2600,0.0,0.0
2021-04-05 00:00:00+09:00,397.84647904909576,398.8051452636719,394.97048040536737,398.8051452636719,1900,0.0,0.0
2021-04-06 00:00:00+09:00,401.6811262903739,401.6811262903739,398.80512777278176,399.7637939453125,2700,0.0,0.0
2021-04-07 00:00:00+09:00,397.84645324257144,397.84645324257144,384.4251271090871,390.1771240234375,12500,0.0,0.0
2021-04-08 00:00:00+09:00,390.1771240234375,391.13579017582924,389.21845787104576,390.1771240234375,2300,0.0,0.0
2021-04-09 00:00:00+09:00,390.177137038287,391.13580322265625,389.2184708539178,391.13580322265625,1300,0.0,0.0
2021-04-12 00:00:00+09:00,396.88779579720847,396.88779579720847,390.17713258324596,393.0531311035156,3500,0.0,0.0
2021-04-13 00:00:00+09:00,391.1357943340413,396.8877913095419,391.1357943340413,394.970458984375,3400,0.0,0.0
2021-04-14 00:00:00+09:00,396.8878043777429,397.84647057189204,392.0944734069972,395.92913818359375,4000,0.0,0.0
2021-04-15 00:00:00+09:00,393.05313960114637,398.8051367660412,393.05313960114637,395.92913818359375,6300,0.0,0.0
2021-04-16 00:00:00+09:00,398.8051281440549,398.8051281440549,393.0531311035156,393.0531311035156,2300,0.0,0.0
2021-04-19 00:00:00+09:00,393.0531524805631,396.8878173828125,393.0531524805631,396.8878173828125,5700,0.0,0.0
2021-04-20 00:00:00+09:00,394.9704719894446,397.84647057189204,394.9704719894446,395.92913818359375,2600,0.0,0.0
2021-04-21 00:00:00+09:00,394.9704903308256,394.9704903308256,388.25982666015625,388.25982666015625,4400,0.0,0.0
2021-04-22 00:00:00+09:00,390.177137038287,394.9704679601333,390.177137038287,391.13580322265625,3000,0.0,0.0
2021-04-23 00:00:00+09:00,393.0531440976182,394.0118103027344,391.1358116873859,394.0118103027344,800,0.0,0.0
2021-04-26 00:00:00+09:00,395.9291300051857,395.9291300051857,386.34246826171875,386.34246826171875,11500,0.0,0.0
2021-04-27 00:00:00+09:00,392.0944739280663,396.88780490518207,389.2184753417969,389.2184753417969,10500,0.0,0.0
2021-04-28 00:00:00+09:00,390.17713295910556,392.09446530779894,386.34246826171875,386.34246826171875,6300,0.0,0.0
2021-04-30 00:00:00+09:00,389.2184753417969,392.0944739280663,389.2184753417969,389.2184753417969,8200,0.0,0.0
2021-05-06 00:00:00+09:00,385.38382415771486,388.259822845459,383.46649169921875,383.46649169921875,8200,0.0,0.0
2021-05-07 00:00:00+09:00,383.466456778607,388.25978748833955,382.50779063666045,385.3837890625,8200,0.0,0.0
2021-05-10 00:00:00+09:00,388.2598322088068,388.2598322088068,379.6318359375,379.6318359375,8900,0.0,0.0
2021-05-11 00:00:00+09:00,382.5078216166436,383.46648783623414,377.71449051869064,378.67315673828125,5800,0.0,0.0
2021-05-12 00:00:00+09:00,375.79715419671476,377.7144866160857,373.87982177734375,373.87982177734375,3400,0.0,0.0
2021-05-13 00:00:00+09:00,374.8385009765625,375.7971672194693,372.92116849074887,374.8385009765625,3300,0.0,0.0
2021-05-14 00:00:00+09:00,377.714468644492,383.4664656289259,377.714468644492,381.54913330078125,2400,0.0,0.0
2021-05-17 00:00:00+09:00,377.7144557078479,381.5491202328007,377.7144557078479,380.5904541015625,2200,0.0,0.0
2021-05-18 00:00:00+09:00,381.54915924072264,383.46649169921875,378.6731605529785,383.46649169921875,6100,0.0,0.0
2021-05-19 00:00:00+09:00,384.4251403808594,384.4251403808594,384.4251403808594,384.4251403808594,3600,0.0,0.0
2021-05-20 00:00:00+09:00,380.590467136709,383.4664656289259,380.590467136709,381.54913330078125,5200,0.0,0.0
2021-05-21 00:00:00+09:00,379.6318267822266,383.46649169921875,379.6318267822266,383.46649169921875,3900,0.0,0.0
2021-05-24 00:00:00+09:00,382.5078254699707,384.42515792846683,380.5904930114746,383.46649169921875,8400,0.0,0.0
2021-05-25 00:00:00+09:00,384.4251671993371,384.4251671993371,379.6318359375,379.6318359375,4600,0.0,0.0
2021-05-26 00:00:00+09:00,379.6318229578718,380.5904891774624,378.67315673828125,378.67315673828125,3300,0.0,0.0
2021-05-27 00:00:00+09:00,380.5904586634685,380.5904586634685,371.96246337890625,371.96246337890625,10000,0.0,0.0
2021-05-28 00:00:00+09:00,375.7971672194693,377.71449970528295,373.8798347336557,374.8385009765625,9000,0.0,0.0
2021-05-31 00:00:00+09:00,375.7971709280303,379.6318359375,375.7971709280303,379.6318359375,4700,0.0,0.0
2021-06-01 00:00:00+09:00,382.5078125,391.1358082706767,380.5904801065163,382.5078125,15700,0.0,0.0
2021-06-02 00:00:00+09:00,383.46648092830884,421.8131290211397,379.63181611902576,407.4331359863281,101400,0.0,0.0
2021-06-03 00:00:00+09:00,407.4331359863281,415.1024656048943,402.63980497472426,407.4331359863281,19100,0.0,0.0
2021-06-04 00:00:00+09:00,402.63982024016207,403.5984864788291,388.25982666015625,388.25982666015625,20300,0.0,0.0
2021-06-07 00:00:00+09:00,393.0531355913948,394.011801775764,389.2184708539178,391.13580322265625,6700,0.0,0.0
2021-06-08 00:00:00+09:00,393.0531311035156,394.0117972769388,389.2184664098228,393.0531311035156,6900,0.0,0.0
2021-06-09 00:00:00+09:00,394.0117881938001,404.5571158583544,394.0117881938001,403.59844970703125,10100,0.0,0.0
2021-06-10 00:00:00+09:00,404.5571373793658,407.4331359863281,402.63980497472426,407.4331359863281,4000,0.0,0.0
2021-06-11 00:00:00+09:00,410.3091169903536,412.2264493127384,405.5157861843915,408.39178466796875,5500,0.0,0.0
2021-06-14 00:00:00+09:00,405.5157906154417,408.3917891304448,402.63979210043857,406.4744567871094,3900,0.0,0.0
2021-06-15 00:00:00+09:00,407.4331405314993,409.3504729575299,404.55714189245344,405.51580810546875,2600,0.0,0.0
2021-06-16 00:00:00+09:00,405.5157950884923,407.4331274529769,404.55712890625,404.55712890625,1900,0.0,0.0
2021-06-17 00:00:00+09:00,402.63978355570816,404.5571158583544,402.63978355570816,403.59844970703125,1700,0.0,0.0
2021-06-18 00:00:00+09:00,411.2677876454479,411.2677876454479,404.557124443774,406.4744567871094,1800,0.0,0.0
2021-06-21 00:00:00+09:00,405.5158134128736,405.5158134128736,396.8878173828125,396.8878173828125,8800,0.0,0.0
2021-06-22 00:00:00+09:00,404.55712890625,404.55712890625,400.7224641772808,404.55712890625,4500,0.0,0.0
2021-06-23 00:00:00+09:00,408.39178466796875,408.39178466796875,405.5157861843915,408.39178466796875,2600,0.0,0.0
2021-06-24 00:00:00+09:00,408.39179320435426,411.2677917480469,408.39179320435426,411.2677917480469,6500,0.0,0.0
2021-06-25 00:00:00+09:00,411.267783151546,411.267783151546,405.5157861843915,408.39178466796875,4200,0.0,0.0
2021-06-28 00:00:00+09:00,408.3917802471981,411.26777869964315,408.3917802471981,410.3091125488281,5300,0.0,0.0
2021-06-29 00:00:00+09:00,411.2677917480469,412.2264579292778,409.3504593855851,411.2677917480469,3200,0.0,0.0
2021-06-30 00:00:00+09:00,410.3091300589139,410.3091300589139,408.3917976754611,409.3504638671875,4500,0.0,0.0
2021-07-01 00:00:00+09:00,408.3918021886489,410.3091345932904,407.4331359863281,407.4331359863281,3700,0.0,0.0
2021-07-02 00:00:00+09:00,407.4331229587771,407.4331229587771,406.4744567871094,406.4744567871094,2400,0.0,0.0
2021-07-05 00:00:00+09:00,410.3091167071125,415.1024475097656,410.3091167071125,415.1024475097656,4900,0.0,0.0
2021-07-06 00:00:00+09:00,416.06113579328667,416.06113579328667,412.2264709472656,412.2264709472656,5600,0.0,0.0
2021-07-07 00:00:00+09:00,411.26780473576036,412.2264709472656,408.3918061012445,412.2264709472656,3400,0.0,0.0
2021-07-08 00:00:00+09:00,414.1437994025735,417.01979800953586,407.4331359863281,407.4331359863281,11000,0.0,0.0
2021-07-09 00:00:00+09:00,415.1024702356217,415.1024702356217,404.55714189245344,405.51580810546875,9100,0.0,0.0
2021-07-12 00:00:00+09:00,407.4331359863281,410.3091345932904,406.47446978400734,407.4331359863281,5500,0.0,0.0
2021-07-13 00:00:00+09:00,410.30913518148174,410.30913518148174,400.72247314453125,400.72247314453125,4700,0.0,0.0
2021-07-14 00:00:00+09:00,400.7224770403923,409.3504729575299,400.7224770403923,405.51580810546875,4600,0.0,0.0
2021-07-15 00:00:00+09:00,397.8464612421,406.4744567871094,397.8464612421,406.4744567871094,6100,0.0,0.0
2021-07-16 00:00:00+09:00,405.5158041630065,405.5158041630065,400.72247314453125,400.72247314453125,2300,0.0,0.0
2021-07-19 00:00:00+09:00,405.51579553075584,405.51579553075584,397.8464660644531,397.8464660644531,2700,0.0,0.0
2021-07-20 00:00:00+09:00,402.63981012197644,402.63981012197644,397.84647904909576,398.8051452636719,2800,0.0,0.0
2021-07-21 00:00:00+09:00,397.8464660644531,398.80513224774097,397.8464660644531,397.8464660644531,2900,0.0,0.0
2021-07-26 00:00:00+09:00,397.8464660644531,402.6397969808923,396.8877998811653,397.8464660644531,6100,0.0,0.0
2021-07-27 00:00:00+09:00,397.84647006080263,402.6398010253906,396.88780386788505,402.6398010253906,1300,0.0,0.0
2021-07-28 00:00:00+09:00,402.63978828504247,402.63978828504247,394.970458984375,394.970458984375,3900,0.0,0.0
2021-07-29 00:00:00+09:00,394.9704547853962,395.92912093778796,389.21845787104576,390.1771240234375,7900,0.0,0.0
2021-07-30 00:00:00+09:00,384.4251229205535,390.17711977223263,384.4251229205535,385.3837890625,6000,0.0,0.0
2021-08-02 00:00:00+09:00,389.2184743245443,402.6398010253906,387.30114193870907,402.6398010253906,7800,0.0,0.0
2021-08-03 00:00:00+09:00,397.8464656305539,404.55712890625,397.8464656305539,404.55712890625,7700,0.0,0.0
2021-08-04 00:00:00+09:00,402.6397965417654,404.55712890625,402.6397965417654,404.55712890625,3500,0.0,0.0
2021-08-05 00:00:00+09:00,397.8464745334461,402.63980555192137,397.8464745334461,400.72247314453125,2100,0.0,0.0
2021-08-06 00:00:00+09:00,402.63980555192137,404.55713795931143,396.88780832975107,400.72247314453125,6300,0.0,0.0
2021-08-10 00:00:00+09:00,397.8464660644531,402.6397969808923,397.8464660644531,397.8464660644531,11300,0.0,0.0
2021-08-11 00:00:00+09:00,403.5984809617489,403.5984809617489,395.92915115725015,396.8878173828125,4600,0.0,0.0
2021-08-12 00:00:00+09:00,400.7224559598756,400.7224559598756,394.970458984375,394.970458984375,3600,0.0,0.0
2021-08-13 00:00:00+09:00,394.9704765078505,396.8878089180828,394.0118103027344,394.0118103027344,6200,0.0,0.0
2021-08-16 00:00:00+09:00,394.97046345036205,394.97046345036205,393.0531311035156,393.0531311035156,9600,0.0,0.0
2021-08-17 00:00:00+09:00,394.970458984375,397.84645747212534,394.970458984375,394.970458984375,5600,0.0,0.0
2021-08-18 00:00:00+09:00,395.9291251469584,395.9291251469584,389.21846200887444,394.970458984375,10300,0.0,0.0
2021-08-19 00:00:00+09:00,396.88780490518207,396.88780490518207,389.2184753417969,389.2184753417969,9200,0.0,0.0
2021-08-20 00:00:00+09:00,389.2184536302861,390.17711977223263,383.466456778607,385.3837890625,9700,0.0,0.0
2021-08-23 00:00:00+09:00,385.3837890625,391.1357859141791,385.3837890625,385.3837890625,8500,0.0,0.0
2021-08-24 00:00:00+09:00,390.17713295910556,390.17713295910556,384.4251359130254,386.34246826171875,10500,0.0,0.0
2021-08-25 00:00:00+09:00,386.342481254351,388.259813667524,385.38381504776453,387.3011474609375,19500,0.0,0.0
2021-08-26 00:00:00+09:00,383.46648263459156,387.3011474609375,383.46648263459156,387.3011474609375,20600,0.0,0.0
2021-08-27 00:00:00+09:00,382.50780356433194,389.21846678475885,382.50780356433194,386.34246826171875,74200,0.0,0.0
2021-08-30 00:00:00+09:00,389.27671633800827,405.90411376953125,387.3205519342997,405.90411376953125,41600,8.0,0.0
2021-08-31 00:00:00+09:00,404.926012946564,404.926012946564,398.0794378484337,402.9698486328125,6900,0.0,0.0
2021-09-01 00:00:00+09:00,401.9917907714844,404.92603741945146,400.0356263395064,401.9917907714844,6100,0.0,0.0
2021-09-02 00:00:00+09:00,402.96986679449316,402.96986679449316,399.0575379906631,401.0137023925781,3600,0.0,0.0
2021-09-03 00:00:00+09:00,400.0356083239539,403.94793701171875,400.0356083239539,403.94793701171875,8400,0.0,0.0
2021-09-06 00:00:00+09:00,403.94793078968826,403.94793078968826,401.013684319061,402.9698486328125,2000,0.0,0.0
2021-09-07 00:00:00+09:00,402.9698486328125,403.94793078968826,401.013684319061,402.9698486328125,6300,0.0,0.0
2021-09-08 00:00:00+09:00,401.9917907714844,401.9917907714844,398.07946190752835,401.9917907714844,3800,0.0,0.0
2021-09-09 00:00:00+09:00,401.9917726678363,403.94793701171875,401.0136904958951,403.94793701171875,3200,0.0,0.0
2021-09-10 00:00:00+09:00,401.0136966428895,404.926025390625,401.0136966428895,404.926025390625,7200,0.0,0.0
2021-09-13 00:00:00+09:00,404.92603156767694,405.90411376953125,403.9479493658227,405.90411376953125,3700,0.0,0.0
2021-09-14 00:00:00+09:00,405.90410801562035,409.8164367675781,403.94794363964144,409.8164367675781,7300,0.0,0.0
2021-09-15 00:00:00+09:00,408.8383427479821,412.75067138671875,406.88217842861377,412.75067138671875,4600,0.0,0.0
2021-09-16 00:00:00+09:00,412.75067138671875,412.75067138671875,410.7945070673504,412.75067138671875,3600,0.0,0.0
2021-09-17 00:00:00+09:00,412.75068333154644,412.75068333154644,406.88219020360975,409.8164367675781,3400,0.0,0.0
2021-09-21 00:00:00+09:00,406.88218352754234,409.816430043366,403.94793701171875,403.94793701171875,7300,0.0,0.0
2021-09-22 00:00:00+09:00,405.90411963544045,405.90411963544045,401.9917907714844,401.9917907714844,2400,0.0,0.0
2021-09-24 00:00:00+09:00,409.8164484993965,409.8164484993965,399.05754412351735,401.9917907714844,7800,0.0,0.0
2021-09-27 00:00:00+09:00,404.92601918365995,404.92601918365995,401.9917726678363,403.94793701171875,4800,0.0,0.0
2021-09-28 00:00:00+09:00,404.92603771503155,406.8822021484375,401.99179106492267,406.8822021484375,3500,0.0,0.0
2021-09-29 00:00:00+09:00,406.88218404231463,410.7945127350292,403.94793752277866,408.8383483886719,3700,0.0,0.0
2021-09-30 00:00:00+09:00,410.7945070673504,413.7287535464029,408.8383427479821,412.75067138671875,4200,0.0,0.0
2021-10-01 00:00:00+09:00,412.7506888040682,416.66301760789827,401.0137023925781,401.0137023925781,10400,0.0,0.0
2021-10-04 00:00:00+09:00,406.88218352754234,406.88218352754234,402.96985483977755,403.94793701171875,2200,0.0,0.0
2021-10-05 00:00:00+09:00,402.96986641589507,403.9479486159336,396.123291015625,396.123291015625,3600,0.0,0.0
2021-10-06 00:00:00+09:00,397.10137939453125,404.926037116591,397.10137939453125,397.10137939453125,3400,0.0,0.0
2021-10-07 00:00:00+09:00,397.10137939453125,398.0794616097887,395.1452149640163,397.10137939453125,3400,0.0,0.0
2021-10-08 00:00:00+09:00,397.10136076593517,398.0794429353094,392.21094991906403,394.1671142578125,5300,0.0,0.0
2021-10-11 00:00:00+09:00,400.03561981577934,401.9917842158565,393.1890444155093,396.123291015625,5000,0.0,0.0
2021-10-12 00:00:00+09:00,395.1451964271867,399.05752510468363,394.1671142578125,394.1671142578125,3800,0.0,0.0
2021-10-13 00:00:00+09:00,394.1671324465935,394.1671324465935,392.2109680175781,392.2109680175781,1900,0.0,0.0
2021-10-14 00:00:00+09:00,393.18903826723005,397.10136700620745,393.18903826723005,395.14520263671875,3400,0.0,0.0
2021-10-15 00:00:00+09:00,393.18904403686525,395.1452084350586,390.2547974395752,391.2328796386719,6800,0.0,0.0
2021-10-18 00:00:00+09:00,394.1671137210712,394.1671137210712,389.2767028808594,389.2767028808594,4100,0.0,0.0
2021-10-19 00:00:00+09:00,390.25478504890174,392.21094938498646,389.2767028808594,389.2767028808594,2600,0.0,0.0
2021-10-20 00:00:00+09:00,396.1232843614162,396.1232843614162,390.2547912597656,390.2547912597656,2500,0.0,0.0
2021-10-21 00:00:00+09:00,391.2328796386719,394.1671262359619,391.2328796386719,391.2328796386719,3300,0.0,0.0
2021-10-22 00:00:00+09:00,390.25478558031557,394.1671142578125,390.25478558031557,394.1671142578125,2800,0.0,0.0
2021-10-25 00:00:00+09:00,390.25478609870464,399.0575256347656,390.25478609870464,399.0575256347656,4000,0.0,0.0
2021-10-26 00:00:00+09:00,393.1890444155093,396.123291015625,392.21096221547066,396.123291015625,2300,0.0,0.0
2021-10-27 00:00:00+09:00,396.1232971792738,397.10137939453125,394.16713274875883,397.10137939453125,2000,0.0,0.0
2021-10-28 00:00:00+09:00,397.10135449461677,397.10135449461677,392.2109437249786,393.18902587890625,3200,0.0,0.0
2021-10-29 00:00:00+09:00,394.1671080328339,394.1671080328339,391.232861571051,393.18902587890625,3600,0.0,0.0
2021-11-01 00:00:00+09:00,394.1671142578125,395.1451964271867,392.21094991906403,394.1671142578125,2200,0.0,0.0
2021-11-02 00:00:00+09:00,392.2109560824857,395.14520263671875,392.2109560824857,395.14520263671875,1100,0.0,0.0
2021-11-04 00:00:00+09:00,396.1232791227453,399.0575256347656,393.18903261072495,399.0575256347656,5600,0.0,0.0
2021-11-05 00:00:00+09:00,395.1452149640163,397.10137939453125,390.25480388772894,397.10137939453125,6100,0.0,0.0
2021-11-08 00:00:00+09:00,394.1671142578125,396.12327859656097,393.18903208843824,394.1671142578125,2100,0.0,0.0
2021-11-09 00:00:00+09:00,392.2109437249786,393.18902587890625,391.232861571051,393.18902587890625,2000,0.0,0.0
2021-11-10 00:00:00+09:00,393.18904403686525,393.18904403686525,390.2547974395752,391.2328796386719,1600,0.0,0.0
2021-11-11 00:00:00+09:00,391.232861571051,394.1671080328339,391.232861571051,393.18902587890625,2700,0.0,0.0
2021-11-12 00:00:00+09:00,391.2328861029864,397.10137939453125,391.2328861029864,397.10137939453125,1500,0.0,0.0
2021-11-15 00:00:00+09:00,400.03561981577934,400.03561981577934,393.1890444155093,396.123291015625,2300,0.0,0.0
2021-11-16 00:00:00+09:00,398.07944919095183,398.07944919095183,394.1671204519744,395.14520263671875,1100,0.0,0.0
2021-11-17 00:00:00+09:00,395.1451901867615,396.12327234068914,393.18902587890625,393.18902587890625,1300,0.0,0.0
2021-11-18 00:00:00+09:00,395.1452084350586,395.1452084350586,391.2328796386719,391.2328796386719,3500,0.0,0.0
2021-11-19 00:00:00+09:00,393.18904403686525,395.1452084350586,391.2328796386719,391.2328796386719,1300,0.0,0.0
2021-11-22 00:00:00+09:00,371.67121670350855,380.47395604648636,369.715052405069,378.5177917480469,20900,0.0,0.0
2021-11-24 00:00:00+09:00,381.45205648843347,381.45205648843347,376.5616455078125,376.5616455078125,5100,0.0,0.0
2021-11-25 00:00:00+09:00,380.4739685058594,380.4739685058594,376.5616397808634,380.4739685058594,1700,0.0,0.0
2021-11-26 00:00:00+09:00,380.47395604648636,381.45203819570617,373.62738100194804,378.5177917480469,21400,0.0,0.0
2021-11-29 00:00:00+09:00,378.517815777636,378.517815777636,372.6493225097656,372.6493225097656,3900,0.0,0.0
2021-11-30 00:00:00+09:00,372.64931632594056,380.4739738865903,371.6712341308594,371.6712341308594,4700,0.0,0.0
2021-12-01 00:00:00+09:00,369.7150755537317,371.6712399746509,366.7808289223529,367.7589111328125,5400,0.0,0.0
2021-12-02 00:00:00+09:00,375.5835509138381,381.4520438968668,368.7369757669713,374.60546875,10800,0.0,0.0
2021-12-03 00:00:00+09:00,381.4520516072897,391.23287344337405,379.4958872400728,390.2547912597656,3400,0.0,0.0
2021-12-06 00:00:00+09:00,384.3862977003688,388.29862643014354,382.4301333354814,385.3643798828125,3800,0.0,0.0
2021-12-07 00:00:00+09:00,383.40820373996377,388.2986145019531,382.4301215875659,388.2986145019531,1800,0.0,0.0
2021-12-08 00:00:00+09:00,390.2548032818418,390.2548032818418,384.3863099994081,387.320556640625,4200,0.0,0.0
2021-12-09 00:00:00+09:00,387.3205447089403,390.2547912597656,387.3205447089403,390.2547912597656,1300,0.0,0.0
2021-12-10 00:00:00+09:00,389.2767210681029,395.1452143505366,387.320556640625,387.320556640625,5700,0.0,0.0
2021-12-13 00:00:00+09:00,391.2328854955808,391.2328854955808,385.3643922131471,387.320556640625,3000,0.0,0.0
2021-12-14 00:00:00+09:00,384.38629150390625,386.3424558372594,383.4082093372296,384.38629150390625,1200,0.0,0.0
2021-12-15 00:00:00+09:00,384.3862977003688,386.34246206525614,383.4082155179251,385.3643798828125,2300,0.0,0.0
2021-12-16 00:00:00+09:00,385.3643742086899,391.2328672169441,384.38629204064756,389.2767028808594,1700,0.0,0.0
2021-12-17 00:00:00+09:00,394.16711999419937,394.16711999419937,388.2986268925487,390.2547912597656,4500,0.0,0.0
2021-12-20 00:00:00+09:00,392.2109610533103,394.16712544759116,381.4520568847656,381.4520568847656,2600,0.0,0.0
2021-12-21 00:00:00+09:00,381.4520506871084,385.36437941210437,380.4739685058594,380.4739685058594,5900,0.0,0.0
2021-12-22 00:00:00+09:00,378.5177911089353,378.5177911089353,373.62738037109375,373.62738037109375,5800,0.0,0.0
2021-12-23 00:00:00+09:00,372.6493225097656,374.60548693238906,370.6931580871422,372.6493225097656,4200,0.0,0.0
2021-12-24 00:00:00+09:00,379.49589169150903,379.49589169150903,369.71506974069695,371.6712341308594,4600,0.0,0.0
2021-12-27 00:00:00+09:00,378.51780865643474,378.51780865643474,352.1095894478463,361.8904113769531,27400,0.0,0.0
2021-12-28 00:00:00+09:00,352.10957617733067,354.06574048942696,348.1972475531381,350.1534118652344,20200,0.0,0.0
2021-12-29 00:00:00+09:00,353.08766509674405,356.99999379587695,353.08766509674405,356.02191162109375,5400,0.0,0.0
2021-12-30 00:00:00+09:00,355.0438294463105,356.02191162109375,354.0657472715273,356.02191162109375,7500,0.0,0.0
2022-01-04 00:00:00+09:00,363.8465816310195,363.8465816310195,355.04384175284963,357.97808837890625,13000,0.0,0.0
2022-01-05 00:00:00+09:00,360.9123167784318,361.89039893772286,358.9561524598495,359.9342346191406,3800,0.0,0.0
2022-01-06 00:00:00+09:00,357.9780821917808,357.9780821917808,355.04383561643834,357.0,8500,0.0,0.0
2022-01-07 00:00:00+09:00,356.999994293461,360.9123229980469,356.02191211731457,360.9123229980469,4700,0.0,0.0
2022-01-11 00:00:00+09:00,362.8684935698638,364.82465795568515,361.8904113769531,361.8904113769531,3200,0.0,0.0
2022-01-12 00:00:00+09:00,366.78082275390625,368.73698714192705,363.846576171875,366.78082275390625,4200,0.0,0.0
2022-01-13 00:00:00+09:00,368.736987938819,378.5178099000609,368.736987938819,376.5616455078125,7000,0.0,0.0
2022-01-14 00:00:00+09:00,377.539734198919,382.4301452636719,376.56165198596847,382.4301452636719,4800,0.0,0.0
2022-01-17 00:00:00+09:00,376.56162744960733,380.47395604648636,372.6492988527283,378.5177917480469,3500,0.0,0.0
2022-01-18 00:00:00+09:00,378.51780949642784,378.51780949642784,371.6712341308594,371.6712341308594,3200,0.0,0.0
2022-01-19 00:00:00+09:00,371.67122169777195,373.6273860224971,369.7150573730469,369.7150573730469,1900,0.0,0.0
2022-01-20 00:00:00+09:00,369.71506357318805,372.6493101094832,369.71506357318805,370.6931457519531,1700,0.0,0.0
2022-01-21 00:00:00+09:00,368.7369696332522,373.62738037109375,368.7369696332522,373.62738037109375,2700,0.0,0.0
2022-01-24 00:00:00+09:00,376.5616268137987,378.5177911089353,371.67121607595715,373.62738037109375,4000,0.0,0.0
2022-01-25 00:00:00+09:00,373.6274050381517,379.49589831100224,373.6274050381517,377.53973388671875,4400,0.0,0.0
2022-01-26 00:00:00+09:00,377.53973388671875,377.53973388671875,373.6274050381517,377.53973388671875,3000,0.0,0.0
2022-01-27 00:00:00+09:00,377.5397332374086,377.5397332374086,367.7589111328125,367.7589111328125,4200,0.0,0.0
2022-01-28 00:00:00+09:00,364.8246454155963,365.80272757488746,359.9342346191406,359.9342346191406,6600,0.0,0.0
2022-01-31 00:00:00+09:00,360.91232918404245,367.75890453441724,360.91232918404245,361.8904113769531,3300,0.0,0.0
2022-02-01 00:00:00+09:00,377.53972646352406,377.53972646352406,360.91232918404245,361.8904113769531,6200,0.0,0.0
2022-02-02 00:00:00+09:00,362.8684878425802,373.6273917947861,362.8684878425802,365.802734375,7200,0.0,0.0
2022-02-03 00:00:00+09:00,365.8027467118933,369.7150755537317,365.8027467118933,367.7589111328125,2200,0.0,0.0
2022-02-04 00:00:00+09:00,368.7369757669713,374.60546875,363.8465649477807,374.60546875,11400,0.0,0.0
2022-02-07 00:00:00+09:00,370.69313953540944,371.67122169777195,364.8246465612341,369.7150573730469,11900,0.0,0.0
2022-02-08 00:00:00+09:00,373.6273865861619,374.60546875,369.7150579308094,374.60546875,2600,0.0,0.0
2022-02-09 00:00:00+09:00,374.6054618693789,374.6054618693789,368.7369689941406,368.7369689941406,6500,0.0,0.0
2022-02-10 00:00:00+09:00,369.71506357318805,371.67122793071815,368.736981394423,370.6931457519531,4000,0.0,0.0
2022-02-14 00:00:00+09:00,370.6931580871422,374.60548693238906,370.6931580871422,372.6493225097656,4800,0.0,0.0
2022-02-15 00:00:00+09:00,373.6273985210218,373.6273985210218,370.69315193577813,371.6712341308594,6300,0.0,0.0
2022-02-16 00:00:00+09:00,373.6273865861619,376.5616330776762,373.6273865861619,374.60546875,5300,0.0,0.0
2022-02-17 00:00:00+09:00,369.7150701349432,376.5616455078125,369.7150701349432,376.5616455078125,6400,0.0,0.0
2022-02-18 00:00:00+09:00,375.58355712890625,377.53972148895264,369.7150640487671,375.58355712890625,11200,0.0,0.0
2022-02-21 00:00:00+09:00,373.62739891943994,380.47397429230926,373.62739891943994,376.5616455078125,14000,0.0,0.0
2022-02-22 00:00:00+09:00,369.7150573730469,374.60546818485966,369.7150573730469,369.7150573730469,18500,0.0,0.0
2022-02-24 00:00:00+09:00,354.06575342465754,368.7369863013699,348.1972602739726,357.0,61600,0.0,0.0
2022-02-25 00:00:00+09:00,381.0,394.0,375.0,384.0,56800,8.0,0.0
2022-02-28 00:00:00+09:00,385.0,385.0,380.0,383.0,6800,0.0,0.0
2022-03-01 00:00:00+09:00,387.0,387.0,376.0,379.0,4100,0.0,0.0
2022-03-02 00:00:00+09:00,375.0,375.0,368.0,370.0,2900,0.0,0.0
2022-03-03 00:00:00+09:00,370.0,372.0,370.0,372.0,1300,0.0,0.0
2022-03-04 00:00:00+09:00,372.0,372.0,361.0,361.0,4000,0.0,0.0
2022-03-07 00:00:00+09:00,361.0,363.0,350.0,350.0,13700,0.0,0.0
2022-03-08 00:00:00+09:00,352.0,360.0,350.0,351.0,3400,0.0,0.0
2022-03-09 00:00:00+09:00,354.0,354.0,350.0,350.0,1600,0.0,0.0
2022-03-10 00:00:00+09:00,350.0,355.0,350.0,353.0,2800,0.0,0.0
2022-03-11 00:00:00+09:00,349.0,353.0,349.0,350.0,3900,0.0,0.0
2022-03-14 00:00:00+09:00,351.0,352.0,350.0,351.0,3300,0.0,0.0
2022-03-15 00:00:00+09:00,359.0,359.0,347.0,351.0,7300,0.0,0.0
2022-03-16 00:00:00+09:00,356.0,360.0,354.0,360.0,3600,0.0,0.0
2022-03-17 00:00:00+09:00,363.0,366.0,360.0,366.0,2900,0.0,0.0
2022-03-18 00:00:00+09:00,366.0,366.0,363.0,366.0,3000,0.0,0.0
2022-03-22 00:00:00+09:00,367.0,368.0,364.0,368.0,3400,0.0,0.0
2022-03-23 00:00:00+09:00,370.0,380.0,370.0,380.0,2700,0.0,0.0
2022-03-24 00:00:00+09:00,376.0,379.0,375.0,377.0,3500,0.0,0.0
2022-03-25 00:00:00+09:00,378.0,378.0,375.0,377.0,1500,0.0,0.0
2022-03-28 00:00:00+09:00,377.0,379.0,376.0,379.0,1500,0.0,0.0
2022-03-29 00:00:00+09:00,380.0,380.0,377.0,380.0,3900,0.0,0.0
2022-03-30 00:00:00+09:00,380.0,380.0,370.0,373.0,3500,0.0,0.0
2022-03-31 00:00:00+09:00,366.0,369.0,366.0,369.0,3200,0.0,0.0
2022-04-01 00:00:00+09:00,369.0,374.0,368.0,372.0,7300,0.0,0.0
2022-04-04 00:00:00+09:00,372.0,382.0,372.0,381.0,1800,0.0,0.0
2022-04-05 00:00:00+09:00,381.0,381.0,375.0,375.0,3600,0.0,0.0
2022-04-06 00:00:00+09:00,373.0,373.0,369.0,371.0,2900,0.0,0.0
2022-04-07 00:00:00+09:00,366.0,366.0,360.0,360.0,4700,0.0,0.0
2022-04-08 00:00:00+09:00,361.0,363.0,360.0,363.0,4500,0.0,0.0
2022-04-11 00:00:00+09:00,361.0,367.0,361.0,367.0,1800,0.0,0.0
2022-04-12 00:00:00+09:00,367.0,378.0,366.0,368.0,3400,0.0,0.0
2022-04-13 00:00:00+09:00,368.0,376.0,368.0,371.0,3500,0.0,0.0
2022-04-14 00:00:00+09:00,379.0,379.0,363.0,370.0,4100,0.0,0.0
2022-04-15 00:00:00+09:00,369.0,373.0,369.0,370.0,2500,0.0,0.0
2022-04-18 00:00:00+09:00,375.0,375.0,370.0,370.0,1200,0.0,0.0
2022-04-19 00:00:00+09:00,375.0,375.0,373.0,373.0,700,0.0,0.0
2022-04-20 00:00:00+09:00,375.0,375.0,372.0,372.0,4500,0.0,0.0
2022-04-21 00:00:00+09:00,371.0,379.0,371.0,376.0,1300,0.0,0.0
2022-04-22 00:00:00+09:00,370.0,379.0,370.0,377.0,1700,0.0,0.0
2022-04-25 00:00:00+09:00,380.0,384.0,378.0,381.0,5100,0.0,0.0
2022-04-26 00:00:00+09:00,381.0,383.0,378.0,380.0,2000,0.0,0.0
2022-04-27 00:00:00+09:00,372.0,381.0,365.0,373.0,25500,0.0,0.0
2022-04-28 00:00:00+09:00,375.0,381.0,375.0,381.0,4300,0.0,0.0
2022-05-02 00:00:00+09:00,373.0,390.0,373.0,387.0,3800,0.0,0.0
2022-05-06 00:00:00+09:00,379.0,386.0,379.0,386.0,6900,0.0,0.0
2022-05-09 00:00:00+09:00,391.0,391.0,387.0,391.0,2200,0.0,0.0
2022-05-10 00:00:00+09:00,391.0,392.0,386.0,392.0,3900,0.0,0.0
2022-05-11 00:00:00+09:00,386.0,395.0,386.0,393.0,2600,0.0,0.0
2022-05-12 00:00:00+09:00,377.0,392.0,376.0,390.0,3700,0.0,0.0
2022-05-13 00:00:00+09:00,379.0,391.0,379.0,391.0,1600,0.0,0.0
2022-05-16 00:00:00+09:00,391.0,391.0,383.0,386.0,3700,0.0,0.0
2022-05-17 00:00:00+09:00,387.0,387.0,385.0,384.0,600,0.0,0.0
2022-05-18 00:00:00+09:00,381.0,382.0,379.0,382.0,1700,0.0,0.0
2022-05-19 00:00:00+09:00,382.0,382.0,378.0,382.0,1900,0.0,0.0
2022-05-20 00:00:00+09:00,384.0,386.0,384.0,386.0,1800,0.0,0.0
2022-05-23 00:00:00+09:00,377.0,386.0,377.0,384.0,8000,0.0,0.0
2022-05-24 00:00:00+09:00,377.0,384.0,377.0,383.0,3600,0.0,0.0
2022-05-25 00:00:00+09:00,387.0,387.0,381.0,387.0,1500,0.0,0.0
2022-05-26 00:00:00+09:00,387.0,387.0,380.0,382.0,2700,0.0,0.0
2022-05-27 00:00:00+09:00,387.0,388.0,381.0,388.0,4000,0.0,0.0
2022-05-30 00:00:00+09:00,388.0,394.0,386.0,391.0,8800,0.0,0.0
2022-05-31 00:00:00+09:00,378.0,387.0,377.0,387.0,10200,0.0,0.0
2022-06-01 00:00:00+09:00,387.0,388.0,383.0,388.0,1600,0.0,0.0
2022-06-02 00:00:00+09:00,403.0,403.0,395.0,397.0,5000,0.0,0.0
2022-06-03 00:00:00+09:00,397.0,397.0,394.0,396.0,3000,0.0,0.0
2022-06-06 00:00:00+09:00,396.0,397.0,392.0,392.0,4000,0.0,0.0
2022-06-07 00:00:00+09:00,395.0,395.0,392.0,392.0,2000,0.0,0.0
2022-06-08 00:00:00+09:00,396.0,399.0,396.0,397.0,3800,0.0,0.0
2022-06-09 00:00:00+09:00,398.0,402.0,396.0,399.0,4800,0.0,0.0
2022-06-10 00:00:00+09:00,400.0,401.0,397.0,397.0,3700,0.0,0.0
2022-06-13 00:00:00+09:00,397.0,399.0,397.0,397.0,2000,0.0,0.0
2022-06-14 00:00:00+09:00,401.0,401.0,397.0,397.0,2900,0.0,0.0
2022-06-15 00:00:00+09:00,398.0,399.0,396.0,398.0,4700,0.0,0.0
2022-06-16 00:00:00+09:00,403.0,403.0,400.0,402.0,3000,0.0,0.0
2022-06-17 00:00:00+09:00,400.0,400.0,393.0,400.0,5500,0.0,0.0
2022-06-20 00:00:00+09:00,405.0,405.0,402.0,402.0,2100,0.0,0.0
2022-06-21 00:00:00+09:00,404.0,404.0,397.0,398.0,6000,0.0,0.0
2022-06-22 00:00:00+09:00,401.0,409.0,398.0,408.0,8400,0.0,0.0
2022-06-23 00:00:00+09:00,408.0,408.0,397.0,398.0,2600,0.0,0.0
2022-06-24 00:00:00+09:00,404.0,405.0,400.0,404.0,10000,0.0,0.0
2022-06-27 00:00:00+09:00,410.0,410.0,403.0,403.0,3900,0.0,0.0
2022-06-28 00:00:00+09:00,406.0,406.0,401.0,404.0,2000,0.0,0.0
2022-06-29 00:00:00+09:00,400.0,408.0,400.0,408.0,10600,0.0,0.0
2022-06-30 00:00:00+09:00,405.0,409.0,405.0,406.0,5700,0.0,0.0
2022-07-01 00:00:00+09:00,402.0,403.0,399.0,400.0,4200,0.0,0.0
2022-07-04 00:00:00+09:00,400.0,408.0,400.0,401.0,2900,0.0,0.0
2022-07-05 00:00:00+09:00,401.0,403.0,399.0,403.0,3000,0.0,0.0
2022-07-06 00:00:00+09:00,400.0,402.0,400.0,400.0,2900,0.0,0.0
2022-07-07 00:00:00+09:00,400.0,404.0,400.0,403.0,3200,0.0,0.0
2022-07-08 00:00:00+09:00,403.0,405.0,399.0,399.0,5000,0.0,0.0
2022-07-11 00:00:00+09:00,403.0,403.0,393.0,393.0,9900,0.0,0.0
2022-07-12 00:00:00+09:00,397.0,397.0,393.0,393.0,6500,0.0,0.0
2022-07-13 00:00:00+09:00,400.0,400.0,391.0,392.0,3400,0.0,0.0
2022-07-14 00:00:00+09:00,392.0,395.0,392.0,395.0,1400,0.0,0.0
2022-07-15 00:00:00+09:00,395.0,399.0,395.0,395.0,9500,0.0,0.0
2022-07-19 00:00:00+09:00,395.0,398.0,393.0,394.0,12000,0.0,0.0
2022-07-20 00:00:00+09:00,398.0,398.0,391.0,394.0,6500,0.0,0.0
2022-07-21 00:00:00+09:00,397.0,399.0,393.0,396.0,4600,0.0,0.0
2022-07-22 00:00:00+09:00,396.0,400.0,396.0,398.0,6700,0.0,0.0
2022-07-25 00:00:00+09:00,400.0,403.0,398.0,403.0,4000,0.0,0.0
2022-07-26 00:00:00+09:00,405.0,405.0,400.0,401.0,2600,0.0,0.0
2022-07-27 00:00:00+09:00,401.0,402.0,399.0,399.0,3700,0.0,0.0
2022-07-28 00:00:00+09:00,403.0,403.0,399.0,399.0,12600,0.0,0.0
2022-07-29 00:00:00+09:00,401.0,404.0,399.0,402.0,11100,0.0,0.0
2022-08-01 00:00:00+09:00,402.0,408.0,402.0,406.0,10600,0.0,0.0
2022-08-02 00:00:00+09:00,403.0,406.0,402.0,402.0,3500,0.0,0.0
2022-08-03 00:00:00+09:00,405.0,405.0,399.0,400.0,4400,0.0,0.0
2022-08-04 00:00:00+09:00,401.0,404.0,400.0,400.0,2500,0.0,0.0
2022-08-05 00:00:00+09:00,400.0,407.0,400.0,403.0,10900,0.0,0.0
2022-08-08 00:00:00+09:00,400.0,406.0,400.0,406.0,4700,0.0,0.0
2022-08-09 00:00:00+09:00,407.0,418.0,407.0,407.0,14700,0.0,0.0
2022-08-10 00:00:00+09:00,405.0,406.0,404.0,406.0,3100,0.0,0.0
2022-08-12 00:00:00+09:00,406.0,413.0,406.0,413.0,7600,0.0,0.0
2022-08-15 00:00:00+09:00,413.0,415.0,407.0,412.0,7000,0.0,0.0
2022-08-16 00:00:00+09:00,412.0,413.0,405.0,408.0,11900,0.0,0.0
2022-08-17 00:00:00+09:00,411.0,415.0,407.0,410.0,4500,0.0,0.0
2022-08-18 00:00:00+09:00,409.0,413.0,408.0,412.0,6500,0.0,0.0
2022-08-19 00:00:00+09:00,415.0,415.0,407.0,412.0,22200,0.0,0.0
2022-08-22 00:00:00+09:00,412.0,414.0,412.0,414.0,4200,0.0,0.0
2022-08-23 00:00:00+09:00,414.0,414.0,412.0,412.0,6700,0.0,0.0
2022-08-24 00:00:00+09:00,412.0,413.0,411.0,412.0,9100,0.0,0.0
2022-08-25 00:00:00+09:00,410.0,413.0,410.0,411.0,14100,0.0,0.0
2022-08-26 00:00:00+09:00,413.0,413.0,411.0,411.0,21400,0.0,0.0
2022-08-29 00:00:00+09:00,411.0,415.0,410.0,414.0,64200,0.0,0.0
2022-08-30 00:00:00+09:00,403.0,414.0,398.0,400.0,46400,0.0,0.0
2022-08-31 00:00:00+09:00,400.0,405.0,399.0,405.0,8600,0.0,0.0
2022-09-01 00:00:00+09:00,400.0,402.0,399.0,399.0,6200,0.0,0.0
2022-09-02 00:00:00+09:00,399.0,399.0,389.0,391.0,10200,0.0,0.0
2022-09-05 00:00:00+09:00,391.0,394.0,391.0,393.0,7200,0.0,0.0
2022-09-06 00:00:00+09:00,391.0,393.0,391.0,391.0,4700,0.0,0.0
2022-09-07 00:00:00+09:00,393.0,393.0,387.0,388.0,9200,0.0,0.0
2022-09-08 00:00:00+09:00,392.0,392.0,386.0,389.0,5700,0.0,0.0
2022-09-09 00:00:00+09:00,389.0,391.0,386.0,391.0,10100,0.0,0.0
2022-09-12 00:00:00+09:00,394.0,395.0,392.0,392.0,4700,0.0,0.0
2022-09-13 00:00:00+09:00,392.0,395.0,390.0,391.0,8000,0.0,0.0
2022-09-14 00:00:00+09:00,389.0,394.0,389.0,394.0,6000,0.0,0.0
2022-09-15 00:00:00+09:00,394.0,398.0,394.0,395.0,7700,0.0,0.0
2022-09-16 00:00:00+09:00,395.0,397.0,390.0,390.0,7000,0.0,0.0
2022-09-20 00:00:00+09:00,392.0,395.0,389.0,394.0,13400,0.0,0.0
2022-09-21 00:00:00+09:00,395.0,396.0,394.0,394.0,3900,0.0,0.0
2022-09-22 00:00:00+09:00,391.0,393.0,390.0,392.0,5100,0.0,0.0
2022-09-26 00:00:00+09:00,392.0,393.0,386.0,390.0,17100,0.0,0.0
2022-09-27 00:00:00+09:00,390.0,394.0,390.0,391.0,3600,0.0,0.0
2022-09-28 00:00:00+09:00,390.0,393.0,387.0,392.0,10500,0.0,0.0
2022-09-29 00:00:00+09:00,390.0,394.0,390.0,390.0,3000,0.0,0.0
2022-09-30 00:00:00+09:00,390.0,390.0,388.0,388.0,5400,0.0,0.0
2022-10-03 00:00:00+09:00,387.0,389.0,385.0,387.0,7100,0.0,0.0
2022-10-04 00:00:00+09:00,387.0,389.0,385.0,387.0,6200,0.0,0.0
2022-10-05 00:00:00+09:00,390.0,391.0,387.0,388.0,6700,0.0,0.0
2022-10-06 00:00:00+09:00,388.0,397.0,388.0,394.0,6600,0.0,0.0
2022-10-07 00:00:00+09:00,390.0,394.0,390.0,391.0,5600,0.0,0.0
2022-10-11 00:00:00+09:00,394.0,399.0,392.0,398.0,11700,0.0,0.0
2022-10-12 00:00:00+09:00,392.0,412.0,390.0,395.0,21000,0.0,0.0
2022-10-13 00:00:00+09:00,387.0,399.0,386.0,393.0,20700,0.0,0.0
2022-10-14 00:00:00+09:00,401.0,406.0,397.0,399.0,19100,0.0,0.0
2022-10-17 00:00:00+09:00,400.0,411.0,400.0,409.0,10300,0.0,0.0
2022-10-18 00:00:00+09:00,407.0,408.0,402.0,405.0,4400,0.0,0.0
2022-10-19 00:00:00+09:00,403.0,405.0,402.0,405.0,3600,0.0,0.0
2022-10-20 00:00:00+09:00,403.0,406.0,400.0,400.0,5100,0.0,0.0
2022-10-21 00:00:00+09:00,405.0,414.0,399.0,411.0,17700,0.0,0.0
2022-10-24 00:00:00+09:00,413.0,413.0,405.0,410.0,8000,0.0,0.0
2022-10-25 00:00:00+09:00,408.0,409.0,403.0,404.0,5200,0.0,0.0
2022-10-26 00:00:00+09:00,407.0,408.0,402.0,407.0,3600,0.0,0.0
2022-10-27 00:00:00+09:00,406.0,411.0,403.0,410.0,8700,0.0,0.0
2022-10-28 00:00:00+09:00,403.0,410.0,397.0,397.0,45100,0.0,0.0
2022-10-31 00:00:00+09:00,399.0,399.0,393.0,396.0,17200,0.0,0.0
2022-11-01 00:00:00+09:00,399.0,399.0,394.0,395.0,1900,0.0,0.0
2022-11-02 00:00:00+09:00,398.0,399.0,394.0,397.0,3600,0.0,0.0
2022-11-04 00:00:00+09:00,397.0,403.0,397.0,402.0,4900,0.0,0.0
2022-11-07 00:00:00+09:00,403.0,403.0,400.0,400.0,2800,0.0,0.0
2022-11-08 00:00:00+09:00,403.0,403.0,398.0,401.0,2700,0.0,0.0
2022-11-09 00:00:00+09:00,402.0,403.0,399.0,403.0,3100,0.0,0.0
2022-11-10 00:00:00+09:00,403.0,406.0,403.0,403.0,2600,0.0,0.0
2022-11-11 00:00:00+09:00,405.0,406.0,402.0,405.0,4800,0.0,0.0
2022-11-14 00:00:00+09:00,405.0,414.0,405.0,411.0,5100,0.0,0.0
2022-11-15 00:00:00+09:00,411.0,411.0,403.0,403.0,5900,0.0,0.0
2022-11-16 00:00:00+09:00,404.0,409.0,404.0,406.0,2000,0.0,0.0
2022-11-17 00:00:00+09:00,406.0,406.0,401.0,401.0,1700,0.0,0.0
2022-11-18 00:00:00+09:00,405.0,405.0,401.0,403.0,4300,0.0,0.0
2022-11-21 00:00:00+09:00,406.0,406.0,400.0,406.0,3900,0.0,0.0
2022-11-22 00:00:00+09:00,406.0,406.0,400.0,403.0,7400,0.0,0.0
2022-11-24 00:00:00+09:00,406.0,406.0,402.0,404.0,13800,0.0,0.0
2022-11-25 00:00:00+09:00,406.0,406.0,403.0,403.0,3200,0.0,0.0
2022-11-28 00:00:00+09:00,403.0,404.0,401.0,404.0,1700,0.0,0.0
2022-11-29 00:00:00+09:00,405.0,405.0,402.0,402.0,2800,0.0,0.0
2022-11-30 00:00:00+09:00,403.0,404.0,402.0,402.0,2300,0.0,0.0
2022-12-01 00:00:00+09:00,402.0,404.0,401.0,404.0,4500,0.0,0.0
2022-12-02 00:00:00+09:00,402.0,403.0,401.0,402.0,4300,0.0,0.0
2022-12-05 00:00:00+09:00,403.0,405.0,402.0,405.0,4000,0.0,0.0
2022-12-06 00:00:00+09:00,404.0,404.0,402.0,402.0,2200,0.0,0.0
2022-12-07 00:00:00+09:00,402.0,404.0,402.0,403.0,1900,0.0,0.0
2022-12-08 00:00:00+09:00,405.0,405.0,403.0,404.0,2200,0.0,0.0
2022-12-09 00:00:00+09:00,404.0,405.0,404.0,404.0,1600,0.0,0.0
2022-12-12 00:00:00+09:00,403.0,403.0,399.0,399.0,8900,0.0,0.0
2022-12-13 00:00:00+09:00,401.0,403.0,400.0,402.0,5400,0.0,0.0
2022-12-14 00:00:00+09:00,402.0,405.0,402.0,404.0,2600,0.0,0.0
2022-12-15 00:00:00+09:00,405.0,405.0,402.0,404.0,1800,0.0,0.0
2022-12-16 00:00:00+09:00,405.0,405.0,401.0,402.0,4700,0.0,0.0
2022-12-19 00:00:00+09:00,402.0,403.0,402.0,402.0,1300,0.0,0.0
2022-12-20 00:00:00+09:00,403.0,403.0,401.0,401.0,4900,0.0,0.0
2022-12-21 00:00:00+09:00,401.0,403.0,401.0,401.0,2100,0.0,0.0
2022-12-22 00:00:00+09:00,401.0,403.0,400.0,403.0,5200,0.0,0.0
2022-12-23 00:00:00+09:00,400.0,402.0,399.0,402.0,3600,0.0,0.0
2022-12-26 00:00:00+09:00,400.0,402.0,399.0,400.0,2800,0.0,0.0
2022-12-27 00:00:00+09:00,401.0,403.0,400.0,402.0,4200,0.0,0.0
2022-12-28 00:00:00+09:00,403.0,403.0,399.0,401.0,8200,0.0,0.0
2022-12-29 00:00:00+09:00,400.0,403.0,400.0,403.0,2800,0.0,0.0
2022-12-30 00:00:00+09:00,401.0,402.0,401.0,402.0,1500,0.0,0.0
2023-01-04 00:00:00+09:00,401.0,403.0,400.0,403.0,3800,0.0,0.0
2023-01-05 00:00:00+09:00,401.0,403.0,400.0,401.0,5000,0.0,0.0
2023-01-06 00:00:00+09:00,401.0,402.0,399.0,401.0,4800,0.0,0.0
2023-01-10 00:00:00+09:00,404.0,404.0,401.0,404.0,5200,0.0,0.0
2023-01-11 00:00:00+09:00,404.0,405.0,402.0,405.0,10100,0.0,0.0
2023-01-12 00:00:00+09:00,406.0,407.0,402.0,404.0,28300,0.0,0.0
2023-01-13 00:00:00+09:00,405.0,405.0,402.0,402.0,4000,0.0,0.0
2023-01-16 00:00:00+09:00,404.0,404.0,401.0,401.0,2800,0.0,0.0
2023-01-17 00:00:00+09:00,404.0,404.0,401.0,401.0,3000,0.0,0.0
2023-01-18 00:00:00+09:00,401.0,406.0,401.0,402.0,3600,0.0,0.0
2023-01-19 00:00:00+09:00,402.0,405.0,402.0,405.0,3400,0.0,0.0
2023-01-20 00:00:00+09:00,404.0,404.0,403.0,403.0,3000,0.0,0.0
2023-01-23 00:00:00+09:00,403.0,404.0,402.0,402.0,4700,0.0,0.0
2023-01-24 00:00:00+09:00,405.0,406.0,403.0,406.0,3900,0.0,0.0
2023-01-25 00:00:00+09:00,406.0,406.0,405.0,405.0,3200,0.0,0.0
2023-01-26 00:00:00+09:00,405.0,406.0,404.0,406.0,3000,0.0,0.0
2023-01-27 00:00:00+09:00,405.0,407.0,405.0,407.0,4700,0.0,0.0
2023-01-30 00:00:00+09:00,408.0,408.0,404.0,404.0,28500,0.0,0.0
2023-01-31 00:00:00+09:00,408.0,408.0,405.0,405.0,4200,0.0,0.0
2023-02-01 00:00:00+09:00,408.0,409.0,406.0,408.0,2900,0.0,0.0
2023-02-02 00:00:00+09:00,407.0,409.0,407.0,407.0,2900,0.0,0.0
2023-02-03 00:00:00+09:00,406.0,408.0,405.0,407.0,7900,0.0,0.0
2023-02-06 00:00:00+09:00,407.0,410.0,407.0,407.0,13800,0.0,0.0
2023-02-07 00:00:00+09:00,408.0,409.0,407.0,407.0,3200,0.0,0.0
2023-02-08 00:00:00+09:00,410.0,410.0,407.0,407.0,3500,0.0,0.0
2023-02-09 00:00:00+09:00,407.0,410.0,407.0,408.0,3200,0.0,0.0
2023-02-10 00:00:00+09:00,408.0,410.0,407.0,407.0,6100,0.0,0.0
2023-02-13 00:00:00+09:00,410.0,411.0,408.0,408.0,8600,0.0,0.0
2023-02-14 00:00:00+09:00,412.0,413.0,409.0,410.0,4200,0.0,0.0
2023-02-15 00:00:00+09:00,410.0,413.0,410.0,410.0,6700,0.0,0.0
2023-02-16 00:00:00+09:00,413.0,413.0,410.0,413.0,9100,0.0,0.0
2023-02-17 00:00:00+09:00,415.0,420.0,415.0,418.0,14900,0.0,0.0
2023-02-20 00:00:00+09:00,420.0,427.0,413.0,416.0,28800,0.0,0.0
2023-02-21 00:00:00+09:00,416.0,419.0,415.0,416.0,12800,0.0,0.0
2023-02-22 00:00:00+09:00,416.0,418.0,415.0,416.0,15300,0.0,0.0
2023-02-24 00:00:00+09:00,415.0,419.0,415.0,418.0,48300,0.0,0.0
2023-02-27 00:00:00+09:00,409.0,412.0,407.0,410.0,33500,0.0,0.0
2023-02-28 00:00:00+09:00,410.0,412.0,410.0,411.0,5700,0.0,0.0
2023-03-01 00:00:00+09:00,408.0,412.0,408.0,411.0,4000,0.0,0.0
2023-03-02 00:00:00+09:00,412.0,417.0,412.0,416.0,15600,0.0,0.0
2023-03-03 00:00:00+09:00,419.0,419.0,414.0,417.0,8000,0.0,0.0
2023-03-06 00:00:00+09:00,419.0,420.0,414.0,420.0,13600,0.0,0.0
2023-03-07 00:00:00+09:00,418.0,443.0,418.0,442.0,24100,0.0,0.0
2023-03-08 00:00:00+09:00,442.0,444.0,438.0,439.0,8500,0.0,0.0
2023-03-09 00:00:00+09:00,439.0,442.0,408.0,421.0,62100,0.0,0.0
2023-03-10 00:00:00+09:00,421.0,421.0,416.0,419.0,18000,0.0,0.0
2023-03-13 00:00:00+09:00,417.0,422.0,417.0,420.0,7500,0.0,0.0
2023-03-14 00:00:00+09:00,421.0,421.0,412.0,416.0,9700,0.0,0.0
2023-03-15 00:00:00+09:00,416.0,417.0,414.0,415.0,6300,0.0,0.0
2023-03-16 00:00:00+09:00,413.0,417.0,412.0,417.0,5400,0.0,0.0
2023-03-17 00:00:00+09:00,414.0,416.0,413.0,414.0,3400,0.0,0.0
2023-03-20 00:00:00+09:00,414.0,414.0,409.0,411.0,10000,0.0,0.0
2023-03-22 00:00:00+09:00,412.0,416.0,411.0,416.0,4100,0.0,0.0
2023-03-23 00:00:00+09:00,416.0,437.0,415.0,429.0,21100,0.0,0.0
2023-03-24 00:00:00+09:00,429.0,429.0,426.0,427.0,4700,0.0,0.0
2023-03-27 00:00:00+09:00,426.0,426.0,422.0,424.0,2700,0.0,0.0
2023-03-28 00:00:00+09:00,424.0,424.0,415.0,415.0,8400,0.0,0.0
2023-03-29 00:00:00+09:00,415.0,431.0,410.0,431.0,18000,0.0,0.0
2023-03-30 00:00:00+09:00,423.0,428.0,423.0,428.0,4700,0.0,0.0
2023-03-31 00:00:00+09:00,425.0,430.0,425.0,427.0,2800,0.0,0.0
2023-04-03 00:00:00+09:00,425.0,429.0,420.0,423.0,16800,0.0,0.0
2023-04-04 00:00:00+09:00,427.0,427.0,420.0,420.0,5400,0.0,0.0
2023-04-05 00:00:00+09:00,421.0,421.0,418.0,420.0,3700,0.0,0.0
2023-04-06 00:00:00+09:00,419.0,419.0,417.0,417.0,4100,0.0,0.0
2023-04-07 00:00:00+09:00,417.0,417.0,414.0,414.0,3300,0.0,0.0
2023-04-10 00:00:00+09:00,416.0,422.0,416.0,421.0,3700,0.0,0.0
2023-04-11 00:00:00+09:00,426.0,428.0,422.0,423.0,5100,0.0,0.0
2023-04-12 00:00:00+09:00,439.0,439.0,419.0,430.0,72400,0.0,0.0
2023-04-13 00:00:00+09:00,490.0,494.0,462.0,483.0,445600,0.0,0.0
2023-04-14 00:00:00+09:00,470.0,500.0,462.0,490.0,136200,0.0,0.0
2023-04-17 00:00:00+09:00,482.0,487.0,469.0,473.0,69300,0.0,0.0
2023-04-18 00:00:00+09:00,474.0,474.0,466.0,471.0,23700,0.0,0.0
2023-04-19 00:00:00+09:00,471.0,471.0,466.0,469.0,15000,0.0,0.0
2023-04-20 00:00:00+09:00,477.0,482.0,472.0,482.0,8400,0.0,0.0
2023-04-21 00:00:00+09:00,482.0,482.0,475.0,482.0,16700,0.0,0.0
2023-04-24 00:00:00+09:00,478.0,491.0,476.0,491.0,27100,0.0,0.0
2023-04-25 00:00:00+09:00,490.0,495.0,480.0,486.0,20100,0.0,0.0
2023-04-26 00:00:00+09:00,486.0,486.0,474.0,478.0,26100,0.0,0.0
2023-04-27 00:00:00+09:00,478.0,481.0,473.0,473.0,22500,0.0,0.0
2023-04-28 00:00:00+09:00,480.0,480.0,468.0,472.0,12100,0.0,0.0
2023-05-01 00:00:00+09:00,472.0,488.0,468.0,474.0,24100,0.0,0.0
2023-05-02 00:00:00+09:00,486.0,496.0,479.0,484.0,46700,0.0,0.0
2023-05-08 00:00:00+09:00,485.0,492.0,480.0,486.0,24200,0.0,0.0
2023-05-09 00:00:00+09:00,491.0,494.0,488.0,488.0,9700,0.0,0.0
2023-05-10 00:00:00+09:00,486.0,488.0,481.0,484.0,11300,0.0,0.0
2023-05-11 00:00:00+09:00,484.0,486.0,480.0,482.0,15400,0.0,0.0
2023-05-12 00:00:00+09:00,485.0,487.0,483.0,483.0,6300,0.0,0.0
2023-05-15 00:00:00+09:00,483.0,486.0,482.0,484.0,9400,0.0,0.0
2023-05-16 00:00:00+09:00,483.0,487.0,483.0,484.0,7100,0.0,0.0
2023-05-17 00:00:00+09:00,484.0,490.0,484.0,487.0,16500,0.0,0.0
2023-05-18 00:00:00+09:00,487.0,521.0,485.0,517.0,91600,0.0,0.0
2023-05-19 00:00:00+09:00,520.0,535.0,520.0,533.0,44500,0.0,0.0
2023-05-22 00:00:00+09:00,540.0,554.0,529.0,532.0,61800,0.0,0.0
2023-05-23 00:00:00+09:00,532.0,532.0,501.0,516.0,45700,0.0,0.0
2023-05-24 00:00:00+09:00,516.0,526.0,508.0,512.0,14100,0.0,0.0
2023-05-25 00:00:00+09:00,512.0,515.0,510.0,510.0,6100,0.0,0.0
2023-05-26 00:00:00+09:00,511.0,514.0,506.0,511.0,9500,0.0,0.0
2023-05-29 00:00:00+09:00,514.0,518.0,506.0,507.0,8900,0.0,0.0
2023-05-30 00:00:00+09:00,509.0,515.0,505.0,508.0,7700,0.0,0.0
2023-05-31 00:00:00+09:00,513.0,518.0,508.0,512.0,13100,0.0,0.0
2023-06-01 00:00:00+09:00,510.0,518.0,510.0,510.0,10000,0.0,0.0
2023-06-02 00:00:00+09:00,518.0,518.0,510.0,517.0,4500,0.0,0.0
2023-06-05 00:00:00+09:00,520.0,521.0,513.0,516.0,8100,0.0,0.0
2023-06-06 00:00:00+09:00,516.0,524.0,512.0,524.0,9700,0.0,0.0
2023-06-07 00:00:00+09:00,524.0,528.0,514.0,514.0,17900,0.0,0.0
2023-06-08 00:00:00+09:00,514.0,515.0,497.0,497.0,16300,0.0,0.0
2023-06-09 00:00:00+09:00,510.0,515.0,499.0,512.0,13200,0.0,0.0
2023-06-12 00:00:00+09:00,514.0,514.0,506.0,512.0,8400,0.0,0.0
2023-06-13 00:00:00+09:00,512.0,516.0,508.0,509.0,6500,0.0,0.0
2023-06-14 00:00:00+09:00,508.0,508.0,500.0,504.0,10100,0.0,0.0
2023-06-15 00:00:00+09:00,505.0,505.0,480.0,494.0,33100,0.0,0.0
2023-06-16 00:00:00+09:00,490.0,503.0,486.0,498.0,12100,0.0,0.0
2023-06-19 00:00:00+09:00,491.0,509.0,491.0,505.0,13600,0.0,0.0
2023-06-20 00:00:00+09:00,499.0,506.0,496.0,506.0,6300,0.0,0.0
2023-06-21 00:00:00+09:00,506.0,507.0,503.0,503.0,7300,0.0,0.0
2023-06-22 00:00:00+09:00,505.0,511.0,505.0,506.0,8500,0.0,0.0
2023-06-23 00:00:00+09:00,511.0,511.0,502.0,506.0,5600,0.0,0.0
2023-06-26 00:00:00+09:00,511.0,511.0,500.0,505.0,8900,0.0,0.0
2023-06-27 00:00:00+09:00,507.0,507.0,491.0,498.0,8400,0.0,0.0
2023-06-28 00:00:00+09:00,498.0,508.0,498.0,508.0,14700,0.0,0.0
2023-06-29 00:00:00+09:00,510.0,515.0,505.0,512.0,10700,0.0,0.0
2023-06-30 00:00:00+09:00,510.0,524.0,510.0,523.0,16000,0.0,0.0
2023-07-03 00:00:00+09:00,525.0,533.0,515.0,518.0,37000,0.0,0.0
2023-07-04 00:00:00+09:00,523.0,534.0,520.0,531.0,10300,0.0,0.0
2023-07-05 00:00:00+09:00,533.0,533.0,526.0,526.0,10200,0.0,0.0
2023-07-06 00:00:00+09:00,529.0,529.0,524.0,525.0,4900,0.0,0.0
2023-07-07 00:00:00+09:00,523.0,541.0,520.0,538.0,18600,0.0,0.0
2023-07-10 00:00:00+09:00,541.0,558.0,530.0,552.0,30200,0.0,0.0
2023-07-11 00:00:00+09:00,552.0,578.0,552.0,577.0,36700,0.0,0.0
2023-07-12 00:00:00+09:00,590.0,615.0,556.0,598.0,236200,0.0,0.0
2023-07-13 00:00:00+09:00,698.0,698.0,698.0,698.0,62200,0.0,0.0
2023-07-14 00:00:00+09:00,734.0,798.0,725.0,798.0,2657000,0.0,0.0
2023-07-18 00:00:00+09:00,783.0,924.0,775.0,911.0,1979500,0.0,0.0
2023-07-19 00:00:00+09:00,926.0,974.0,835.0,857.0,1333300,0.0,0.0
2023-07-20 00:00:00+09:00,858.0,907.0,841.0,873.0,521300,0.0,0.0
2023-07-21 00:00:00+09:00,843.0,847.0,785.0,809.0,503800,0.0,0.0
2023-07-24 00:00:00+09:00,807.0,834.0,787.0,834.0,193000,0.0,0.0
2023-07-25 00:00:00+09:00,830.0,833.0,799.0,820.0,164000,0.0,0.0
2023-07-26 00:00:00+09:00,805.0,837.0,803.0,837.0,116800,0.0,0.0
2023-07-27 00:00:00+09:00,838.0,877.0,826.0,866.0,97600,0.0,0.0
2023-07-28 00:00:00+09:00,841.0,865.0,791.0,829.0,182400,0.0,0.0
2023-07-31 00:00:00+09:00,835.0,850.0,814.0,814.0,72700,0.0,0.0
2023-08-01 00:00:00+09:00,814.0,838.0,795.0,799.0,77100,0.0,0.0
2023-08-02 00:00:00+09:00,803.0,803.0,768.0,781.0,139200,0.0,0.0
2023-08-03 00:00:00+09:00,782.0,856.0,780.0,831.0,149700,0.0,0.0
2023-08-04 00:00:00+09:00,821.0,840.0,808.0,808.0,55700,0.0,0.0
2023-08-07 00:00:00+09:00,832.0,869.0,817.0,860.0,85500,0.0,0.0
2023-08-08 00:00:00+09:00,848.0,885.0,838.0,857.0,65500,0.0,0.0
2023-08-09 00:00:00+09:00,872.0,873.0,822.0,823.0,93500,0.0,0.0
2023-08-10 00:00:00+09:00,859.0,859.0,802.0,843.0,101600,0.0,0.0
2023-08-14 00:00:00+09:00,838.0,856.0,824.0,827.0,59100,0.0,0.0
2023-08-15 00:00:00+09:00,826.0,854.0,814.0,836.0,73200,0.0,0.0
2023-08-16 00:00:00+09:00,851.0,903.0,834.0,861.0,340500,0.0,0.0
2023-08-17 00:00:00+09:00,846.0,864.0,801.0,807.0,164000,0.0,0.0
2023-08-18 00:00:00+09:00,797.0,830.0,795.0,812.0,95000,0.0,0.0
2023-08-21 00:00:00+09:00,813.0,855.0,813.0,840.0,79600,0.0,0.0
2023-08-22 00:00:00+09:00,836.0,916.0,835.0,895.0,208300,0.0,0.0
2023-08-23 00:00:00+09:00,900.0,952.0,889.0,897.0,231300,0.0,0.0
2023-08-24 00:00:00+09:00,906.0,1047.0,897.0,1002.0,582100,0.0,0.0
2023-08-25 00:00:00+09:00,1012.0,1082.0,972.0,1030.0,419600,0.0,0.0
2023-08-28 00:00:00+09:00,1039.0,1041.0,915.0,925.0,341500,0.0,0.0
2023-08-29 00:00:00+09:00,915.0,942.0,883.0,893.0,277200,0.0,0.0
2023-08-30 00:00:00+09:00,902.0,904.0,848.0,865.0,291800,0.0,0.0
2023-08-31 00:00:00+09:00,860.0,881.0,813.0,816.0,403800,0.0,0.0
2023-09-01 00:00:00+09:00,816.0,835.0,805.0,830.0,293800,0.0,0.0
2023-09-04 00:00:00+09:00,845.0,859.0,833.0,838.0,148800,0.0,0.0
2023-09-05 00:00:00+09:00,848.0,855.0,830.0,838.0,86400,0.0,0.0
2023-09-06 00:00:00+09:00,833.0,837.0,805.0,812.0,179900,0.0,0.0
2023-09-07 00:00:00+09:00,801.0,821.0,801.0,819.0,70400,0.0,0.0
2023-09-08 00:00:00+09:00,811.0,814.0,795.0,796.0,81500,0.0,0.0
2023-09-11 00:00:00+09:00,820.0,838.0,806.0,816.0,93100,0.0,0.0
2023-09-12 00:00:00+09:00,820.0,855.0,820.0,843.0,128200,0.0,0.0
2023-09-13 00:00:00+09:00,853.0,874.0,836.0,870.0,130500,0.0,0.0
2023-09-14 00:00:00+09:00,868.0,885.0,850.0,869.0,104000,0.0,0.0
2023-09-15 00:00:00+09:00,855.0,860.0,820.0,826.0,115500,0.0,0.0
2023-09-19 00:00:00+09:00,836.0,866.0,823.0,864.0,73800,0.0,0.0
2023-09-20 00:00:00+09:00,887.0,937.0,887.0,925.0,347800,0.0,0.0
2023-09-21 00:00:00+09:00,902.0,903.0,822.0,824.0,273700,0.0,0.0
2023-09-22 00:00:00+09:00,820.0,890.0,812.0,875.0,183100,0.0,0.0
2023-09-25 00:00:00+09:00,889.0,913.0,883.0,895.0,142400,0.0,0.0
2023-09-26 00:00:00+09:00,896.0,930.0,880.0,902.0,107300,0.0,0.0
2023-09-27 00:00:00+09:00,900.0,902.0,875.0,902.0,54600,0.0,0.0
2023-09-28 00:00:00+09:00,926.0,926.0,886.0,906.0,80300,0.0,0.0
2023-09-29 00:00:00+09:00,896.0,934.0,896.0,923.0,90600,0.0,0.0
2023-10-02 00:00:00+09:00,930.0,955.0,917.0,936.0,126000,0.0,0.0
2023-10-03 00:00:00+09:00,925.0,929.0,860.0,872.0,184700,0.0,0.0
2023-10-04 00:00:00+09:00,851.0,870.0,832.0,845.0,142600,0.0,0.0
2023-10-05 00:00:00+09:00,876.0,907.0,870.0,902.0,122600,0.0,0.0
2023-10-06 00:00:00+09:00,903.0,933.0,886.0,930.0,112700,0.0,0.0
2023-10-10 00:00:00+09:00,938.0,939.0,880.0,890.0,266000,0.0,0.0
2023-10-11 00:00:00+09:00,800.0,807.0,740.0,740.0,895200,0.0,0.0
2023-10-12 00:00:00+09:00,710.0,760.0,705.0,708.0,577500,0.0,0.0
2023-10-13 00:00:00+09:00,700.0,717.0,688.0,707.0,184500,0.0,0.0
2023-10-16 00:00:00+09:00,709.0,709.0,669.0,680.0,250300,0.0,0.0
2023-10-17 00:00:00+09:00,690.0,697.0,671.0,679.0,98400,0.0,0.0
2023-10-18 00:00:00+09:00,689.0,705.0,676.0,701.0,102100,0.0,0.0
2023-10-19 00:00:00+09:00,691.0,701.0,673.0,680.0,63900,0.0,0.0
2023-10-20 00:00:00+09:00,679.0,689.0,660.0,680.0,71900,0.0,0.0
2023-10-23 00:00:00+09:00,689.0,698.0,676.0,690.0,70200,0.0,0.0
2023-10-24 00:00:00+09:00,683.0,693.0,654.0,669.0,74600,0.0,0.0
2023-10-25 00:00:00+09:00,678.0,702.0,678.0,686.0,108500,0.0,0.0
2023-10-26 00:00:00+09:00,678.0,688.0,670.0,674.0,44000,0.0,0.0
2023-10-27 00:00:00+09:00,674.0,698.0,671.0,698.0,71200,0.0,0.0
2023-10-30 00:00:00+09:00,698.0,714.0,688.0,694.0,102600,0.0,0.0
2023-10-31 00:00:00+09:00,692.0,713.0,686.0,703.0,69800,0.0,0.0
2023-11-01 00:00:00+09:00,714.0,714.0,693.0,693.0,46500,0.0,0.0
2023-11-02 00:00:00+09:00,693.0,707.0,691.0,704.0,50200,0.0,0.0
2023-11-06 00:00:00+09:00,707.0,717.0,702.0,709.0,43300,0.0,0.0
2023-11-07 00:00:00+09:00,709.0,709.0,692.0,692.0,35700,0.0,0.0
2023-11-08 00:00:00+09:00,699.0,699.0,677.0,682.0,32100,0.0,0.0
2023-11-09 00:00:00+09:00,689.0,697.0,672.0,691.0,34200,0.0,0.0
2023-11-10 00:00:00+09:00,680.0,692.0,676.0,690.0,28500,0.0,0.0
2023-11-13 00:00:00+09:00,690.0,696.0,680.0,681.0,27400,0.0,0.0
2023-11-14 00:00:00+09:00,682.0,688.0,679.0,679.0,23900,0.0,0.0
2023-11-15 00:00:00+09:00,678.0,689.0,672.0,676.0,38400,0.0,0.0
2023-11-16 00:00:00+09:00,680.0,689.0,674.0,677.0,34300,0.0,0.0
2023-11-17 00:00:00+09:00,677.0,689.0,669.0,687.0,42000,0.0,0.0
2023-11-20 00:00:00+09:00,682.0,702.0,682.0,690.0,49200,0.0,0.0
2023-11-21 00:00:00+09:00,696.0,709.0,690.0,708.0,30300,0.0,0.0
2023-11-22 00:00:00+09:00,708.0,708.0,696.0,702.0,18800,0.0,0.0
2023-11-24 00:00:00+09:00,700.0,711.0,700.0,704.0,20300,0.0,0.0
2023-11-27 00:00:00+09:00,702.0,711.0,702.0,704.0,23300,0.0,0.0
2023-11-28 00:00:00+09:00,701.0,711.0,693.0,693.0,27300,0.0,0.0
2023-11-29 00:00:00+09:00,687.0,699.0,686.0,686.0,26800,0.0,0.0
2023-11-30 00:00:00+09:00,687.0,691.0,676.0,688.0,27900,0.0,0.0
2023-12-01 00:00:00+09:00,694.0,694.0,666.0,668.0,39100,0.0,0.0
2023-12-04 00:00:00+09:00,670.0,682.0,662.0,674.0,37500,0.0,0.0
2023-12-05 00:00:00+09:00,673.0,688.0,670.0,670.0,33400,0.0,0.0
2023-12-06 00:00:00+09:00,672.0,689.0,672.0,677.0,37900,0.0,0.0
2023-12-07 00:00:00+09:00,670.0,674.0,657.0,666.0,42000,0.0,0.0
2023-12-08 00:00:00+09:00,655.0,664.0,648.0,652.0,46900,0.0,0.0
2023-12-11 00:00:00+09:00,666.0,677.0,663.0,670.0,39000,0.0,0.0
2023-12-12 00:00:00+09:00,672.0,673.0,660.0,660.0,27300,0.0,0.0
2023-12-13 00:00:00+09:00,660.0,677.0,660.0,672.0,35200,0.0,0.0
2023-12-14 00:00:00+09:00,673.0,676.0,654.0,657.0,29000,0.0,0.0
2023-12-15 00:00:00+09:00,655.0,670.0,653.0,665.0,26800,0.0,0.0
2023-12-18 00:00:00+09:00,662.0,663.0,650.0,659.0,17300,0.0,0.0
2023-12-19 00:00:00+09:00,663.0,670.0,655.0,670.0,21200,0.0,0.0
2023-12-20 00:00:00+09:00,671.0,679.0,668.0,675.0,20400,0.0,0.0
2023-12-21 00:00:00+09:00,670.0,671.0,660.0,663.0,18200,0.0,0.0
2023-12-22 00:00:00+09:00,667.0,674.0,666.0,666.0,21500,0.0,0.0
2023-12-25 00:00:00+09:00,667.0,669.0,663.0,663.0,22600,0.0,0.0
2023-12-26 00:00:00+09:00,665.0,670.0,663.0,664.0,31400,0.0,0.0
2023-12-27 00:00:00+09:00,665.0,700.0,665.0,700.0,54700,0.0,0.0
2023-12-28 00:00:00+09:00,700.0,700.0,684.0,690.0,34400,0.0,0.0
2023-12-29 00:00:00+09:00,693.0,715.0,688.0,707.0,50600,0.0,0.0
2024-01-04 00:00:00+09:00,710.0,710.0,687.0,702.0,51400,0.0,0.0
2024-01-05 00:00:00+09:00,699.0,700.0,688.0,699.0,71000,0.0,0.0
2024-01-09 00:00:00+09:00,715.0,735.0,712.0,734.0,137400,0.0,0.0
2024-01-10 00:00:00+09:00,743.0,750.0,727.0,747.0,186900,0.0,0.0
2024-01-11 00:00:00+09:00,750.0,750.0,701.0,715.0,341500,0.0,0.0
2024-01-12 00:00:00+09:00,717.0,758.0,711.0,739.0,246500,0.0,0.0
2024-01-15 00:00:00+09:00,739.0,745.0,722.0,725.0,24000,0.0,0.0
2024-01-16 00:00:00+09:00,739.0,745.0,713.0,713.0,44800,0.0,0.0
2024-01-17 00:00:00+09:00,716.0,730.0,712.0,712.0,69100,0.0,0.0
2024-01-18 00:00:00+09:00,710.0,718.0,705.0,706.0,47600,0.0,0.0
2024-01-19 00:00:00+09:00,705.0,709.0,691.0,699.0,43100,0.0,0.0
2024-01-22 00:00:00+09:00,704.0,725.0,700.0,722.0,68600,0.0,0.0
2024-01-23 00:00:00+09:00,725.0,730.0,712.0,715.0,37200,0.0,0.0
2024-01-24 00:00:00+09:00,716.0,717.0,707.0,716.0,28100,0.0,0.0
2024-01-25 00:00:00+09:00,725.0,746.0,723.0,746.0,101300,0.0,0.0
2024-01-26 00:00:00+09:00,755.0,755.0,736.0,740.0,49800,0.0,0.0
2024-01-29 00:00:00+09:00,742.0,754.0,742.0,744.0,32100,0.0,0.0
2024-01-30 00:00:00+09:00,749.0,749.0,732.0,732.0,59700,0.0,0.0
2024-01-31 00:00:00+09:00,732.0,742.0,731.0,742.0,20400,0.0,0.0
2024-02-01 00:00:00+09:00,742.0,743.0,722.0,726.0,33200,0.0,0.0
2024-02-02 00:00:00+09:00,730.0,761.0,723.0,747.0,80700,0.0,0.0
2024-02-05 00:00:00+09:00,747.0,773.0,745.0,765.0,76900,0.0,0.0
2024-02-06 00:00:00+09:00,767.0,773.0,755.0,767.0,48200,0.0,0.0
2024-02-07 00:00:00+09:00,767.0,767.0,752.0,763.0,29600,0.0,0.0
2024-02-08 00:00:00+09:00,760.0,775.0,746.0,755.0,62300,0.0,0.0
2024-02-09 00:00:00+09:00,757.0,757.0,738.0,748.0,42300,0.0,0.0
2024-02-13 00:00:00+09:00,757.0,757.0,742.0,748.0,27200,0.0,0.0
2024-02-14 00:00:00+09:00,740.0,745.0,738.0,739.0,20700,0.0,0.0
2024-02-15 00:00:00+09:00,751.0,770.0,748.0,750.0,50500,0.0,0.0
2024-02-16 00:00:00+09:00,754.0,762.0,746.0,749.0,26100,0.0,0.0
2024-02-19 00:00:00+09:00,750.0,762.0,745.0,758.0,17200,0.0,0.0
2024-02-20 00:00:00+09:00,760.0,766.0,740.0,746.0,29700,0.0,0.0
2024-02-21 00:00:00+09:00,749.0,749.0,727.0,727.0,46800,0.0,0.0
2024-02-22 00:00:00+09:00,726.0,733.0,726.0,728.0,16800,0.0,0.0
2024-02-26 00:00:00+09:00,729.0,733.0,722.0,724.0,35700,0.0,0.0
2024-02-27 00:00:00+09:00,729.0,729.0,721.0,724.0,36600,0.0,0.0
2024-02-28 00:00:00+09:00,710.0,725.0,709.0,711.0,36200,0.0,0.0
2024-02-29 00:00:00+09:00,706.0,706.0,699.0,705.0,28000,0.0,0.0
2024-03-01 00:00:00+09:00,701.0,703.0,686.0,692.0,24600,0.0,0.0
2024-03-04 00:00:00+09:00,696.0,696.0,677.0,679.0,36400,0.0,0.0
2024-03-05 00:00:00+09:00,679.0,691.0,676.0,684.0,21100,0.0,0.0
2024-03-06 00:00:00+09:00,684.0,698.0,681.0,687.0,17300,0.0,0.0
2024-03-07 00:00:00+09:00,690.0,693.0,680.0,680.0,13400,0.0,0.0
2024-03-08 00:00:00+09:00,681.0,689.0,675.0,680.0,18900,0.0,0.0
2024-03-11 00:00:00+09:00,687.0,687.0,668.0,675.0,25000,0.0,0.0
2024-03-12 00:00:00+09:00,679.0,683.0,668.0,682.0,21700,0.0,0.0
2024-03-13 00:00:00+09:00,684.0,684.0,671.0,675.0,10700,0.0,0.0
2024-03-14 00:00:00+09:00,679.0,688.0,672.0,688.0,13400,0.0,0.0
2024-03-15 00:00:00+09:00,684.0,687.0,678.0,684.0,12200,0.0,0.0
2024-03-18 00:00:00+09:00,690.0,703.0,688.0,697.0,38400,0.0,0.0
2024-03-19 00:00:00+09:00,703.0,719.0,701.0,718.0,31000,0.0,0.0
2024-03-21 00:00:00+09:00,714.0,715.0,703.0,707.0,41700,0.0,0.0
2024-03-22 00:00:00+09:00,705.0,709.0,701.0,709.0,18900,0.0,0.0
2024-03-25 00:00:00+09:00,712.0,726.0,711.0,722.0,43400,0.0,0.0
2024-03-26 00:00:00+09:00,727.0,734.0,719.0,725.0,47100,0.0,0.0
2024-03-27 00:00:00+09:00,730.0,737.0,723.0,723.0,38100,0.0,0.0
2024-03-28 00:00:00+09:00,723.0,738.0,723.0,730.0,17000,0.0,0.0
2024-03-29 00:00:00+09:00,736.0,748.0,730.0,743.0,31300,0.0,0.0
2024-04-01 00:00:00+09:00,754.0,754.0,726.0,728.0,40700,0.0,0.0
2024-04-02 00:00:00+09:00,734.0,738.0,720.0,720.0,19700,0.0,0.0
2024-04-03 00:00:00+09:00,712.0,724.0,711.0,722.0,24000,0.0,0.0
2024-04-04 00:00:00+09:00,722.0,723.0,711.0,712.0,25700,0.0,0.0
2024-04-05 00:00:00+09:00,701.0,705.0,691.0,704.0,28600,0.0,0.0
2024-04-08 00:00:00+09:00,713.0,726.0,713.0,720.0,28900,0.0,0.0
2024-04-09 00:00:00+09:00,727.0,733.0,725.0,727.0,18700,0.0,0.0
2024-04-10 00:00:00+09:00,728.0,731.0,722.0,724.0,24200,0.0,0.0
2024-04-11 00:00:00+09:00,711.0,730.0,711.0,728.0,26800,0.0,0.0
2024-04-12 00:00:00+09:00,738.0,740.0,673.0,683.0,250100,0.0,0.0
2024-04-15 00:00:00+09:00,583.0,583.0,583.0,583.0,129000,0.0,0.0
2024-04-16 00:00:00+09:00,579.0,610.0,576.0,587.0,161700,0.0,0.0
2024-04-17 00:00:00+09:00,592.0,603.0,573.0,589.0,61600,0.0,0.0
2024-04-18 00:00:00+09:00,595.0,601.0,582.0,593.0,43300,0.0,0.0
2024-04-19 00:00:00+09:00,599.0,599.0,577.0,577.0,40100,0.0,0.0
2024-04-22 00:00:00+09:00,580.0,591.0,577.0,577.0,26800,0.0,0.0
2024-04-23 00:00:00+09:00,587.0,587.0,575.0,576.0,17800,0.0,0.0
2024-04-24 00:00:00+09:00,580.0,587.0,578.0,584.0,23100,0.0,0.0
2024-04-25 00:00:00+09:00,583.0,592.0,576.0,576.0,26700,0.0,0.0
2024-04-26 00:00:00+09:00,579.0,579.0,570.0,572.0,33100,0.0,0.0
2024-04-30 00:00:00+09:00,572.0,577.0,568.0,570.0,21700,0.0,0.0
2024-05-01 00:00:00+09:00,570.0,578.0,564.0,578.0,26400,0.0,0.0
2024-05-02 00:00:00+09:00,575.0,585.0,573.0,582.0,17600,0.0,0.0
2024-05-07 00:00:00+09:00,589.0,589.0,581.0,582.0,10100,0.0,0.0
2024-05-08 00:00:00+09:00,582.0,594.0,578.0,587.0,19700,0.0,0.0
2024-05-09 00:00:00+09:00,585.0,586.0,579.0,584.0,15400,0.0,0.0
2024-05-10 00:00:00+09:00,582.0,583.0,572.0,572.0,10700,0.0,0.0
2024-05-13 00:00:00+09:00,572.0,579.0,570.0,576.0,8900,0.0,0.0
2024-05-14 00:00:00+09:00,579.0,592.0,579.0,592.0,18900,0.0,0.0
2024-05-15 00:00:00+09:00,592.0,594.0,583.0,584.0,10600,0.0,0.0
2024-05-16 00:00:00+09:00,580.0,580.0,576.0,576.0,7900,0.0,0.0
2024-05-17 00:00:00+09:00,573.0,582.0,572.0,582.0,12400,0.0,0.0
2024-05-20 00:00:00+09:00,622.0,625.0,607.0,620.0,77000,0.0,0.0
2024-05-21 00:00:00+09:00,617.0,633.0,617.0,632.0,35400,0.0,0.0
2024-05-22 00:00:00+09:00,627.0,635.0,621.0,621.0,16300,0.0,0.0
2024-05-23 00:00:00+09:00,630.0,630.0,618.0,624.0,12500,0.0,0.0
2024-05-24 00:00:00+09:00,620.0,629.0,618.0,629.0,16400,0.0,0.0
2024-05-27 00:00:00+09:00,630.0,630.0,623.0,627.0,8000,0.0,0.0
2024-05-28 00:00:00+09:00,627.0,631.0,625.0,628.0,13200,0.0,0.0
2024-05-29 00:00:00+09:00,624.0,624.0,604.0,619.0,23200,0.0,0.0
2024-05-30 00:00:00+09:00,606.0,615.0,606.0,606.0,6600,0.0,0.0
2024-05-31 00:00:00+09:00,604.0,613.0,604.0,608.0,3900,0.0,0.0
2024-06-03 00:00:00+09:00,618.0,618.0,609.0,609.0,2900,0.0,0.0
2024-06-04 00:00:00+09:00,609.0,610.0,605.0,605.0,4100,0.0,0.0
2024-06-05 00:00:00+09:00,605.0,610.0,602.0,608.0,9500,0.0,0.0
2024-06-06 00:00:00+09:00,609.0,609.0,603.0,609.0,4400,0.0,0.0
2024-06-07 00:00:00+09:00,607.0,609.0,606.0,606.0,1800,0.0,0.0
2024-06-10 00:00:00+09:00,606.0,616.0,606.0,613.0,6700,0.0,0.0
2024-06-11 00:00:00+09:00,620.0,620.0,609.0,611.0,3700,0.0,0.0
2024-06-12 00:00:00+09:00,612.0,613.0,608.0,611.0,6300,0.0,0.0
2024-06-13 00:00:00+09:00,618.0,619.0,611.0,618.0,7900,0.0,0.0
2024-06-14 00:00:00+09:00,613.0,628.0,613.0,628.0,6100,0.0,0.0
2024-06-17 00:00:00+09:00,628.0,638.0,626.0,635.0,15400,0.0,0.0
2024-06-18 00:00:00+09:00,635.0,638.0,631.0,631.0,5900,0.0,0.0
2024-06-19 00:00:00+09:00,630.0,630.0,626.0,630.0,3600,0.0,0.0
2024-06-20 00:00:00+09:00,636.0,638.0,633.0,635.0,4000,0.0,0.0
2024-06-21 00:00:00+09:00,639.0,653.0,638.0,652.0,19100,0.0,0.0
2024-06-24 00:00:00+09:00,653.0,662.0,648.0,659.0,17700,0.0,0.0
2024-06-25 00:00:00+09:00,662.0,670.0,656.0,659.0,18100,0.0,0.0
2024-06-26 00:00:00+09:00,668.0,670.0,658.0,658.0,8200,0.0,0.0
2024-06-27 00:00:00+09:00,664.0,668.0,650.0,654.0,14200,0.0,0.0
2024-06-28 00:00:00+09:00,653.0,653.0,642.0,648.0,8500,0.0,0.0
2024-07-01 00:00:00+09:00,648.0,660.0,646.0,655.0,12700,0.0,0.0
2024-07-02 00:00:00+09:00,660.0,672.0,659.0,667.0,17800,0.0,0.0
2024-07-03 00:00:00+09:00,666.0,667.0,661.0,667.0,11800,0.0,0.0
2024-07-04 00:00:00+09:00,666.0,666.0,661.0,662.0,6100,0.0,0.0
2024-07-05 00:00:00+09:00,663.0,665.0,660.0,660.0,8900,0.0,0.0
2024-07-08 00:00:00+09:00,658.0,662.0,653.0,661.0,18500,0.0,0.0
2024-07-09 00:00:00+09:00,661.0,662.0,642.0,648.0,26700,0.0,0.0
2024-07-10 00:00:00+09:00,747.0,748.0,707.0,725.0,591700,0.0,0.0
2024-07-11 00:00:00+09:00,701.0,707.0,670.0,690.0,219500,0.0,0.0
2024-07-12 00:00:00+09:00,672.0,702.0,672.0,702.0,59200,0.0,0.0
2024-07-16 00:00:00+09:00,697.0,709.0,697.0,709.0,31900,0.0,0.0
2024-07-17 00:00:00+09:00,714.0,714.0,699.0,704.0,34300,0.0,0.0
2024-07-18 00:00:00+09:00,696.0,701.0,690.0,690.0,16400,0.0,0.0
2024-07-19 00:00:00+09:00,687.0,701.0,686.0,698.0,17800,0.0,0.0
2024-07-22 00:00:00+09:00,699.0,703.0,690.0,703.0,22800,0.0,0.0
2024-07-23 00:00:00+09:00,700.0,702.0,696.0,701.0,12100,0.0,0.0
2024-07-24 00:00:00+09:00,692.0,698.0,687.0,692.0,11100,0.0,0.0
2024-07-25 00:00:00+09:00,679.0,686.0,675.0,676.0,21400,0.0,0.0
2024-07-26 00:00:00+09:00,679.0,689.0,674.0,676.0,17300,0.0,0.0
2024-07-29 00:00:00+09:00,676.0,699.0,676.0,697.0,19500,0.0,0.0
2024-07-30 00:00:00+09:00,698.0,699.0,689.0,693.0,30400,0.0,0.0
2024-07-31 00:00:00+09:00,692.0,699.0,689.0,694.0,15700,0.0,0.0
2024-08-01 00:00:00+09:00,694.0,694.0,672.0,673.0,21000,0.0,0.0
2024-08-02 00:00:00+09:00,645.0,658.0,616.0,625.0,54100,0.0,0.0
2024-08-05 00:00:00+09:00,585.0,586.0,525.0,525.0,75300,0.0,0.0
2024-08-06 00:00:00+09:00,530.0,570.0,530.0,545.0,34600,0.0,0.0
2024-08-07 00:00:00+09:00,538.0,586.0,526.0,570.0,41600,0.0,0.0
2024-08-08 00:00:00+09:00,571.0,573.0,556.0,566.0,18300,0.0,0.0
2024-08-09 00:00:00+09:00,568.0,584.0,568.0,575.0,15700,0.0,0.0
2024-08-13 00:00:00+09:00,579.0,603.0,574.0,596.0,15300,0.0,0.0
2024-08-14 00:00:00+09:00,596.0,608.0,592.0,592.0,14300,0.0,0.0
2024-08-15 00:00:00+09:00,595.0,595.0,587.0,590.0,6800,0.0,0.0
2024-08-16 00:00:00+09:00,595.0,605.0,595.0,603.0,11000,0.0,0.0
