Date,Open,High,Low,Close,Volume,Dividends,Stock Splits
2001-01-01 00:00:00+09:00,419.25164794921875,419.25164794921875,419.25164794921875,419.25164794921875,0,0.0,0.0
2001-01-02 00:00:00+09:00,419.25164794921875,419.25164794921875,419.25164794921875,419.25164794921875,0,0.0,0.0
2001-01-03 00:00:00+09:00,419.25164794921875,419.25164794921875,419.25164794921875,419.25164794921875,0,0.0,0.0
2001-01-04 00:00:00+09:00,435.2469322951296,435.2469322951296,389.21632573553853,417.6522216796875,78000,0.0,0.0
2001-01-05 00:00:00+09:00,417.6521994245104,417.6521994245104,406.10011731276865,406.9887390136719,137000,0.0,0.0
2001-01-08 00:00:00+09:00,406.9887390136719,406.9887390136719,406.9887390136719,406.9887390136719,0,0.0,0.0
2001-01-09 00:00:00+09:00,408.7658386230469,409.65446001135786,396.32513918669326,408.7658386230469,371000,0.0,0.0
2001-01-10 00:00:00+09:00,412.4981283648261,415.8748902945683,410.5431609318174,412.3204040527344,262000,0.0,0.0
2001-01-11 00:00:00+09:00,417.65221266313034,417.65221266313034,389.21631733287467,390.9935607910156,174000,0.0,0.0
2001-01-12 00:00:00+09:00,392.9485285949707,396.50301551125267,389.21631733287467,390.9935607910156,82000,0.0,0.0
2001-01-15 00:00:00+09:00,391.1712568080497,444.3108323580755,391.1712568080497,443.4222106933594,241000,0.0,0.0
2001-01-16 00:00:00+09:00,470.0808813542074,496.73953247070307,456.7515557959596,496.7395324707031,303000,0.0,0.0
2001-01-17 00:00:00+09:00,502.0712625941798,550.0568345943315,502.0712625941798,549.168212890625,313000,0.0,0.0
2001-01-18 00:00:00+09:00,586.4905070812208,617.592276396134,565.1635795509945,569.606689453125,437000,0.0,0.0
2001-01-19 00:00:00+09:00,541.1705203900651,547.3908711991463,517.1777386978947,526.9525756835938,333000,0.0,0.0
2001-01-22 00:00:00+09:00,500.2941966893693,500.64964549696384,473.6355361197759,475.9459533691406,197000,0.0,0.0
2001-01-23 00:00:00+09:00,459.95060009246174,501.1826477050781,459.95060009246174,501.1826477050781,305000,0.0,0.0
2001-01-24 00:00:00+09:00,490.51916205132756,520.9100231784207,488.7419187105619,508.2915954589844,217000,0.0,0.0
2001-01-25 00:00:00+09:00,486.96463941932717,534.0615844726562,486.96463941932717,534.0615844726562,179000,0.0,0.0
2001-01-26 00:00:00+09:00,521.620892959433,521.7986172841211,501.18259562030704,502.9598388671875,204000,0.0,0.0
2001-01-29 00:00:00+09:00,486.9646568986913,499.4053598121616,477.1898188952505,492.29638671875,71000,0.0,0.0
2001-01-30 00:00:00+09:00,486.96455309559417,486.96455309559417,474.52385283402793,478.0783386230469,156000,0.0,0.0
2001-01-31 00:00:00+09:00,472.9244981744316,478.0785043552127,462.08331275968516,474.5240173339844,144000,0.0,0.0
2001-02-01 00:00:00+09:00,467.2372842070721,469.19225192341963,461.5501053958791,467.4150085449219,69000,0.0,0.0
2001-02-02 00:00:00+09:00,467.41483491839784,473.63518443252104,467.2371106465658,469.19207763671875,67000,0.0,0.0
2001-02-05 00:00:00+09:00,469.19224544821293,469.19224544821293,458.5287853243899,462.438720703125,133000,0.0,0.0
2001-02-06 00:00:00+09:00,456.92929056404785,457.1070149088802,442.5336186326251,444.48858642578125,151000,0.0,0.0
2001-02-07 00:00:00+09:00,433.82517082606375,456.040716239115,433.82517082606375,449.64263916015625,142000,0.0,0.0
2001-02-08 00:00:00+09:00,449.8202448242188,455.15197431640627,443.42216943359375,444.310791015625,97000,0.0,0.0
2001-02-09 00:00:00+09:00,449.64263916015625,454.9743700592885,447.8653955271121,449.64263916015625,19000,0.0,0.0
2001-02-12 00:00:00+09:00,449.64263916015625,449.64263916015625,449.64263916015625,449.64263916015625,0,0.0,0.0
2001-02-13 00:00:00+09:00,451.5975428445453,453.1970618864976,426.89385986328125,426.89385986328125,49000,0.0,0.0
2001-02-14 00:00:00+09:00,426.5383226674483,428.3155656785627,421.2065936341052,421.5620422363281,74000,0.0,0.0
2001-02-15 00:00:00+09:00,422.9837158203125,457.4622203871783,422.9837158203125,453.19683837890625,115000,0.0,0.0
2001-02-16 00:00:00+09:00,456.75143938337055,475.4124904087612,456.75143938337055,466.5262756347656,245000,0.0,0.0
2001-02-19 00:00:00+09:00,446.0880341796875,446.0880341796875,438.9790615234375,444.310791015625,27000,0.0,0.0
2001-02-20 00:00:00+09:00,444.310789841872,462.08322143554693,443.4221682621883,462.0832214355469,58000,0.0,0.0
2001-02-21 00:00:00+09:00,446.08804076521443,454.9742567167127,435.4245816234165,449.82025146484375,63000,0.0,0.0
2001-02-22 00:00:00+09:00,446.0879767154441,456.7514343261718,431.8700332344738,456.7514343261719,45000,0.0,0.0
2001-02-23 00:00:00+09:00,435.42470808952083,440.7564392089844,430.09297697005735,440.7564392089844,184000,0.0,0.0
2001-02-26 00:00:00+09:00,444.31082407633465,444.31082407633465,426.53839111328125,426.53839111328125,59000,0.0,0.0
2001-02-27 00:00:00+09:00,426.53840677938916,432.75875854492193,426.53840677938916,432.7587585449219,52000,0.0,0.0
2001-02-28 00:00:00+09:00,426.538439162234,426.538439162234,410.54324769365024,417.6522216796875,43000,0.0,0.0
2001-03-01 00:00:00+09:00,392.77079070335213,393.659412401776,374.9983567348747,382.1073303222656,143000,0.0,0.0
2001-03-02 00:00:00+09:00,376.7755895996094,378.55283294677736,343.007966003418,355.44866943359375,322000,0.0,0.0
2001-03-05 00:00:00+09:00,353.67138894090374,366.1120910644531,344.07427587416566,366.1120910644531,59000,0.0,0.0
2001-03-06 00:00:00+09:00,367.00076895028474,398.1025290308173,367.00076895028474,397.9248046875,83000,0.0,0.0
2001-03-07 00:00:00+09:00,429.91505352904295,430.09277781739723,390.10481293768055,421.0288391113281,212000,0.0,0.0
2001-03-08 00:00:00+09:00,405.0337472279867,426.53839111328125,400.9460876464844,426.53839111328125,193000,0.0,0.0
2001-03-09 00:00:00+09:00,389.21644897460936,405.2116455078125,385.6619608561198,399.8799133300781,270000,0.0,0.0
2001-03-12 00:00:00+09:00,394.5480315711665,396.32527495662225,373.22111094569806,385.3063659667969,163000,0.0,0.0
2001-03-13 00:00:00+09:00,339.09795291563205,364.3348026609254,337.67615856378455,355.6263122558594,255000,0.0,0.0
2001-03-14 00:00:00+09:00,355.6263122558594,355.6263122558594,355.6263122558594,355.6263122558594,0,0.0,0.0
2001-03-15 00:00:00+09:00,349.22821402549744,349.22821402549744,325.5908845265706,341.2306213378906,409000,0.0,0.0
2001-03-16 00:00:00+09:00,327.01276715769757,341.05298922588133,326.1241455078125,326.1241455078125,539000,0.0,0.0
2001-03-19 00:00:00+09:00,326.1241276791221,340.69752194053245,325.2355060778166,337.67620849609375,341000,0.0,0.0
2001-03-20 00:00:00+09:00,337.67620849609375,337.67620849609375,337.67620849609375,337.67620849609375,0,0.0,0.0
2001-03-21 00:00:00+09:00,334.12171921502977,373.2210693359375,330.9226814778646,373.2210693359375,346000,0.0,0.0
2001-03-22 00:00:00+09:00,355.44866943359375,362.5576428222656,351.8941827392578,355.44866943359375,401000,0.0,0.0
2001-03-23 00:00:00+09:00,359.18087904480683,374.9983447721635,359.18087904480683,371.0884094238281,430000,0.0,0.0
2001-03-26 00:00:00+09:00,376.4202382776859,379.61927712990416,362.7354609654187,365.2236022949219,556000,0.0,0.0
2001-03-27 00:00:00+09:00,373.379887944412,386.0675540396105,367.94231676075555,383.7112731933594,286000,40.0,0.0
2001-03-28 00:00:00+09:00,389.6924631964964,436.81806339700296,389.6924631964964,429.38671875,368000,0.0,0.0
2001-03-29 00:00:00+09:00,414.7053290851955,425.7617211630788,400.5676474118366,421.774169921875,237000,0.0,0.0
2001-03-30 00:00:00+09:00,427.21174961032415,427.21174961032415,411.8053012790227,419.5991516113281,153000,0.0,0.0
2001-04-02 00:00:00+09:00,399.11762317621077,405.64270693386,398.75511852300804,398.9363708496094,118000,0.0,0.0
2001-04-03 00:00:00+09:00,398.7552025341774,400.56772618206,377.72992821873896,384.0737609863281,137000,0.0,0.0
2001-04-04 00:00:00+09:00,378.6360807982054,378.6360807982054,355.2545324865881,362.1421203613281,190000,0.0,0.0
2001-04-05 00:00:00+09:00,358.87973137621606,384.25506591796875,349.8171118970187,384.25506591796875,914000,0.0,0.0
2001-04-06 00:00:00+09:00,411.44296907123766,413.25549316406244,393.31772814298927,413.2554931640625,545000,0.0,0.0
2001-04-09 00:00:00+09:00,380.6299507900437,390.23632573855434,374.2861182768763,382.4424743652344,211000,0.0,0.0
2001-04-10 00:00:00+09:00,382.4425206153836,382.4425206153836,362.867263636018,367.7610778808594,113000,0.0,0.0
2001-04-11 00:00:00+09:00,373.37985272908656,398.75518252620896,371.748581527843,394.9488830566406,158000,0.0,0.0
2001-04-12 00:00:00+09:00,394.9488395812571,403.2864470253773,394.4050825740319,397.848876953125,166000,0.0,0.0
2001-04-13 00:00:00+09:00,407.8177600825598,407.8177600825598,395.1300964355469,395.1300964355469,169000,0.0,0.0
2001-04-16 00:00:00+09:00,398.75507457466057,404.5551483866556,389.6924592434183,403.83013916015625,90000,0.0,0.0
2001-04-17 00:00:00+09:00,398.5739356301048,403.830254017223,392.5926078102806,398.75518798828125,203000,0.0,0.0
2001-04-18 00:00:00+09:00,409.630187722911,416.8802795410156,406.91140329112176,416.8802795410156,144000,0.0,0.0
2001-04-19 00:00:00+09:00,425.9429248891937,429.56797105846346,422.317878719924,429.38671875,548000,0.0,0.0
2001-04-20 00:00:00+09:00,433.0119543993323,435.0057306648797,427.7556351537984,433.1932067871094,413000,0.0,0.0
2001-04-23 00:00:00+09:00,438.6306801001896,476.6936730014457,438.6306801001896,476.5124206542969,277000,0.0,0.0
2001-04-24 00:00:00+09:00,464.005931122449,465.45594965720665,444.06817626953125,444.06817626953125,201000,0.0,0.0
2001-04-25 00:00:00+09:00,444.06835718374185,453.13097671810397,440.6245617606843,449.3246765136719,168000,0.0,0.0
2001-04-26 00:00:00+09:00,444.06835718374185,453.13097671810397,440.6245617606843,449.3246765136719,168000,0.0,0.0
2001-04-27 00:00:00+09:00,458.56834369734224,464.00591299019607,451.8620082361558,462.1933898925781,100000,0.0,0.0
2001-04-30 00:00:00+09:00,462.1933898925781,462.1933898925781,462.1933898925781,462.1933898925781,0,0.0,0.0
2001-05-01 00:00:00+09:00,467.63103376735336,516.569165208123,467.63103376735336,510.4065856933594,337000,0.0,0.0
2001-05-02 00:00:00+09:00,516.569091796875,531.0692768297697,514.7565686677632,516.569091796875,176000,0.0,0.0
2001-05-03 00:00:00+09:00,516.569091796875,516.569091796875,516.569091796875,516.569091796875,0,0.0,0.0
2001-05-04 00:00:00+09:00,516.569091796875,516.569091796875,516.569091796875,516.569091796875,0,0.0,0.0
2001-05-07 00:00:00+09:00,542.4882206163908,558.2571732370477,541.9444636294716,551.007080078125,1000,0.0,0.0
2001-05-08 00:00:00+09:00,551.0071946747449,560.0698130082111,516.5692450075734,532.8819580078125,2000,0.0,0.0
2001-05-09 00:00:00+09:00,500.25653076171875,505.6941017482592,481.76878940748134,500.25653076171875,1000,0.0,0.0
2001-05-10 00:00:00+09:00,489.3814120205966,502.0690782581676,478.3250171564276,498.44403076171875,1000,0.0,0.0
2001-05-11 00:00:00+09:00,498.62520987664345,503.88152797421617,485.7562931549998,496.0876770019531,1000,0.0,0.0
2001-05-14 00:00:00+09:00,463.46232268973984,465.8186035637979,453.1309373188696,459.29351806640625,1000,0.0,0.0
2001-05-15 00:00:00+09:00,464.73095612027754,485.7562255859375,464.73095612027754,485.7562255859375,362000,0.0,0.0
2001-05-16 00:00:00+09:00,489.3814120205966,503.51909725674716,485.7563645241477,498.44403076171875,505000,0.0,0.0
2001-05-17 00:00:00+09:00,516.2066650390625,516.2066650390625,498.44393569431946,516.2066650390625,368000,0.0,0.0
2001-05-18 00:00:00+09:00,525.6316802390023,534.5130431120061,523.8191572036953,526.356689453125,241000,0.0,0.0
2001-05-21 00:00:00+09:00,531.7944027403665,543.7570580167347,528.1693556869217,543.5758056640625,209000,0.0,0.0
2001-05-22 00:00:00+09:00,556.4447256848704,560.0697727577359,550.1008933073555,554.6322021484375,404000,0.0,0.0
2001-05-23 00:00:00+09:00,549.1944580078125,552.8195039352568,545.5694120803682,549.1944580078125,141000,0.0,0.0
2001-05-24 00:00:00+09:00,527.4442034321447,574.5698023642263,527.4442034321447,561.8821411132812,268000,0.0,0.0
2001-05-25 00:00:00+09:00,560.9761666931562,560.9761666931562,536.6883455826933,540.1321411132812,51000,0.0,0.0
2001-05-28 00:00:00+09:00,512.9442667223743,527.4444580078125,510.2254808563547,527.4444580078125,140000,0.0,0.0
2001-05-29 00:00:00+09:00,525.6317095506984,525.6317095506984,510.0440105778156,512.58154296875,80000,0.0,0.0
2001-05-30 00:00:00+09:00,507.5066460503472,522.0068359375,480.31879001193573,522.0068359375,157000,0.0,0.0
2001-05-31 00:00:00+09:00,494.818901449947,496.8126772433351,475.78740524033367,481.2249755859375,157000,0.0,0.0
2001-06-01 00:00:00+09:00,486.66254593154133,488.11256469036897,481.2249755859375,481.2249755859375,88000,0.0,0.0
2001-06-04 00:00:00+09:00,483.94403099467735,483.94403099467735,473.4313891228829,474.88140869140625,68000,0.0,0.0
2001-06-05 00:00:00+09:00,471.2561950683594,471.2561950683594,462.1935759324294,471.2561950683594,94000,0.0,0.0
2001-06-06 00:00:00+09:00,471.2560013982086,473.0685244805094,468.5372167747574,470.1684875488281,291000,0.0,0.0
2001-06-07 00:00:00+09:00,486.1189723785965,522.0069502052042,485.3939627255337,518.9256591796875,349000,0.0,0.0
2001-06-08 00:00:00+09:00,502.61285461299764,530.1632166401075,502.61285461299764,526.7194213867188,442000,0.0,0.0
2001-06-11 00:00:00+09:00,518.3817614898894,522.7318182296647,507.5066196404511,521.2817993164062,116000,0.0,0.0
2001-06-12 00:00:00+09:00,521.2818264431423,525.6318834092882,507.5066460503472,522.0068359375,158000,0.0,0.0
2001-06-13 00:00:00+09:00,522.0068717277487,522.0068717277487,519.2880859375,519.2880859375,82000,0.0,0.0
2001-06-14 00:00:00+09:00,508.41275031010076,508.41275031010076,501.887666883661,503.15643310546875,35000,0.0,0.0
2001-06-15 00:00:00+09:00,481.4063285006009,481.4063285006009,465.093614055927,471.2561950683594,242000,0.0,0.0
2001-06-18 00:00:00+09:00,454.94342731294176,458.7497269040062,435.00566755022317,456.7559509277344,254000,0.0,0.0
2001-06-19 00:00:00+09:00,456.5749116387986,485.7565554553316,456.5749116387986,474.88140869140625,133000,0.0,0.0
2001-06-20 00:00:00+09:00,480.3187086450772,480.3187086450772,456.2121470413809,460.3809509277344,181000,0.0,0.0
2001-06-21 00:00:00+09:00,465.81848393192996,489.38128662109375,459.47465243869357,489.38128662109375,477000,0.0,0.0
2001-06-22 00:00:00+09:00,493.0063587116745,503.8814989773732,480.3186950683594,480.3186950683594,172000,0.0,0.0
2001-06-25 00:00:00+09:00,480.31881420428937,480.31881420428937,470.34993315476635,471.2561950683594,336000,0.0,0.0
2001-06-26 00:00:00+09:00,471.2561664616425,496.63149850188483,471.2561664616425,492.1001892089844,144000,0.0,0.0
2001-06-27 00:00:00+09:00,492.10026178891354,494.8190477656479,483.0376418664658,494.45654296875,151000,0.0,0.0
2001-06-28 00:00:00+09:00,495.72534613628056,507.50675290003124,475.2438236085293,507.32550048828125,265000,0.0,0.0
2001-06-29 00:00:00+09:00,507.50648550140176,511.13153182641173,489.9250108251032,509.13775634765625,261000,0.0,0.0
2001-07-02 00:00:00+09:00,511.13160814557756,511.13160814557756,500.25646754673545,507.5065612792969,131000,0.0,0.0
2001-07-03 00:00:00+09:00,507.32550048828125,507.32550048828125,493.00655996003036,507.32550048828125,63000,0.0,0.0
2001-07-04 00:00:00+09:00,511.1315660264757,511.1315660264757,488.656277307581,489.38128662109375,29000,0.0,0.0
2001-07-05 00:00:00+09:00,489.38128662109375,489.38128662109375,478.50614691840275,489.38128662109375,96000,0.0,0.0
2001-07-06 00:00:00+09:00,489.1999648771035,493.0062632329461,483.9436480999875,489.5624694824219,349000,0.0,0.0
2001-07-09 00:00:00+09:00,489.3813377988022,494.81890821878886,489.3813377988022,491.5563659667969,255000,0.0,0.0
2001-07-10 00:00:00+09:00,496.9939744489906,498.4439933387032,491.55640361256843,496.6314697265625,304000,0.0,0.0
2001-07-11 00:00:00+09:00,496.4501793447849,496.4501793447849,489.56259014613505,491.5563659667969,330000,0.0,0.0
2001-07-12 00:00:00+09:00,486.11898331180697,506.23800163679226,486.11898331180697,505.6942443847656,33000,0.0,0.0
2001-07-13 00:00:00+09:00,507.5065720638705,512.9441424788406,493.00638429061706,500.0752258300781,79000,0.0,0.0
2001-07-16 00:00:00+09:00,484.30627253605763,497.53769390399634,484.30627253605763,494.81890869140625,86000,0.0,0.0
2001-07-17 00:00:00+09:00,478.5061340332031,480.3186572681774,475.06233988675206,478.5061340332031,160000,0.0,0.0
2001-07-18 00:00:00+09:00,478.5061068329967,493.550048828125,478.5061068329967,493.550048828125,112000,0.0,0.0
2001-07-19 00:00:00+09:00,515.300372077214,524.72549319857,509.5002975409949,512.944091796875,276000,0.0,0.0
2001-07-20 00:00:00+09:00,512.944091796875,512.944091796875,512.944091796875,512.944091796875,0,0.0,0.0
2001-07-23 00:00:00+09:00,476.69362643049516,480.3186730193202,464.00596336960746,466.36224365234375,471000,0.0,0.0
2001-07-24 00:00:00+09:00,460.92467376910616,466.36224365234375,453.1308236031323,466.36224365234375,282000,0.0,0.0
2001-07-25 00:00:00+09:00,455.4871770385789,474.6999270449814,454.94341996292604,469.98736572265625,280000,0.0,0.0
2001-07-26 00:00:00+09:00,480.86245788094345,489.3813178584799,464.1872426057656,484.125,130000,0.0,0.0
2001-07-27 00:00:00+09:00,484.84997841163914,489.38128662109375,473.79358638057,489.38128662109375,33000,0.0,0.0
2001-07-30 00:00:00+09:00,489.38134788788244,489.38134788788244,474.88115980231555,477.5999450683594,76000,0.0,0.0
2001-07-31 00:00:00+09:00,472.1623468614162,489.3813192037711,465.8185149458118,482.1312255859375,195000,0.0,0.0
2001-08-01 00:00:00+09:00,493.00655996003036,507.50675290003124,492.82530754828036,507.32550048828125,224000,0.0,0.0
2001-08-02 00:00:00+09:00,512.7630771393472,515.6631157516588,505.6942330218376,511.1318054199219,235000,0.0,0.0
2001-08-03 00:00:00+09:00,511.1316716599708,516.5692426350769,510.2254098307864,515.3004760742188,172000,0.0,0.0
2001-08-06 00:00:00+09:00,489.74389522705513,502.61281327336195,489.74389522705513,501.5252990722656,38000,0.0,0.0
2001-08-07 00:00:00+09:00,493.3690689195132,512.9443295526166,489.38151582758474,511.1318054199219,69000,0.0,0.0
2001-08-08 00:00:00+09:00,510.9502700966283,520.0128857421874,505.51270070929274,516.569091796875,74000,0.0,0.0
2001-08-09 00:00:00+09:00,507.68781723183434,507.68781723183434,493.00637731902515,498.2626953125,123000,0.0,0.0
2001-08-10 00:00:00+09:00,511.13160757000526,511.13160757000526,480.318709241317,483.9437561035156,60000,0.0,0.0
2001-08-13 00:00:00+09:00,483.9438179641179,483.9438179641179,453.3121680630183,462.3747863769531,140000,0.0,0.0
2001-08-14 00:00:00+09:00,484.12509338141416,484.12509338141416,465.818603515625,465.818603515625,194000,0.0,0.0
2001-08-15 00:00:00+09:00,471.61860452405193,480.4999694824219,471.61860452405193,480.4999694824219,142000,0.0,0.0
2001-08-16 00:00:00+09:00,462.1934833310291,466.72479199113724,458.9309410957512,463.4622497558594,119000,0.0,0.0
2001-08-17 00:00:00+09:00,474.33734336570456,503.518968234592,471.43730611165364,489.38128662109375,151000,0.0,0.0
2001-08-20 00:00:00+09:00,467.6312024789376,478.50634672263385,467.6312024789376,473.97503662109375,80000,0.0,0.0
2001-08-21 00:00:00+09:00,468.53740932758035,476.33126178448015,464.0060997596154,471.2561950683594,95000,0.0,0.0
2001-08-22 00:00:00+09:00,460.38094590275165,462.19346931181764,450.59331949379555,451.3183288574219,224000,0.0,0.0
2001-08-23 00:00:00+09:00,451.3184291685643,459.6560387034053,404.0115576774015,404.19281005859375,172000,0.0,0.0
2001-08-24 00:00:00+09:00,382.44248440199743,384.25500802475574,351.62958281510663,380.2674560546875,305000,0.0,0.0
2001-08-27 00:00:00+09:00,389.6925004463364,412.34904116996057,389.6925004463364,411.4427795410156,278000,0.0,0.0
2001-08-28 00:00:00+09:00,426.12426416655296,426.12426416655296,400.2051787663755,415.06787109375,116000,0.0,0.0
2001-08-29 00:00:00+09:00,415.06783887347433,422.3179321289062,402.3801756764686,422.31793212890625,94000,0.0,0.0
2001-08-30 00:00:00+09:00,415.06789894155344,415.24915129916985,397.48642025276274,404.0115051269531,67000,0.0,0.0
2001-08-31 00:00:00+09:00,396.7614029318301,396.7614029318301,384.2549905050159,392.4113464355469,91000,0.0,0.0
2001-09-03 00:00:00+09:00,392.41134421015227,392.41134421015227,371.7485759699872,372.8360900878906,77000,0.0,0.0
2001-09-04 00:00:00+09:00,367.39843185332586,389.87371826171875,367.39843185332586,389.87371826171875,312000,0.0,0.0
2001-09-05 00:00:00+09:00,384.4362996852144,384.4362996852144,378.8174758802914,383.3487854003906,240000,0.0,0.0
2001-09-06 00:00:00+09:00,372.4734723207762,383.34861019875507,372.4734723207762,377.9110412597656,123000,0.0,0.0
2001-09-07 00:00:00+09:00,377.7299015506817,398.3926696777343,377.00489214271494,398.3926696777344,83000,0.0,0.0
2001-09-10 00:00:00+09:00,403.83025873666753,442.25575911915115,398.75519264841495,439.1744689941406,224000,0.0,0.0
2001-09-11 00:00:00+09:00,428.2993170422979,435.00565421139015,419.9617086699129,434.82440185546875,119000,0.0,0.0
2001-09-12 00:00:00+09:00,434.82440185546875,434.82440185546875,434.82440185546875,434.82440185546875,0,0.0,0.0
2001-09-13 00:00:00+09:00,380.44869981245563,400.5677115700462,380.44869981245563,398.75518798828125,76000,0.0,0.0
2001-09-14 00:00:00+09:00,391.50506730964986,395.1301142291836,380.44867420507177,389.51129150390625,254000,0.0,0.0
2001-09-17 00:00:00+09:00,391.14258380336616,391.14258380336616,377.0049000514373,379.9049377441406,86000,0.0,0.0
2001-09-18 00:00:00+09:00,380.26742733722455,400.0239333332958,380.26742733722455,393.3175964355469,158000,0.0,0.0
2001-09-19 00:00:00+09:00,398.7551290487527,429.5680253843381,398.5738767173669,422.31793212890625,145000,0.0,0.0
2001-09-20 00:00:00+09:00,395.1301273418839,405.82401610939365,391.68633265404185,398.3926696777344,81000,0.0,0.0
2001-09-21 00:00:00+09:00,389.6926380277168,398.5740051269531,381.5362804876018,398.5740051269531,45000,0.0,0.0
2001-09-24 00:00:00+09:00,398.5740051269531,398.5740051269531,398.5740051269531,398.5740051269531,0,0.0,0.0
2001-09-25 00:00:00+09:00,419.8409972419521,419.8409972419521,414.34089684140247,416.7242736816406,141000,25.0,0.0
2001-09-26 00:00:00+09:00,416.72411541352074,416.72411541352074,407.1906116733082,409.75732421875,301000,0.0,0.0
2001-09-27 00:00:00+09:00,415.2575842539469,432.67456902398004,384.64035839504663,396.0072326660156,183000,0.0,0.0
2001-09-28 00:00:00+09:00,396.0072326660156,396.0072326660156,396.0072326660156,396.0072326660156,0,0.0,0.0
2001-10-01 00:00:00+09:00,415.9909453047083,430.8412170410156,412.50754823075965,430.8412170410156,119000,0.0,0.0
2001-10-02 00:00:00+09:00,447.3415255852109,447.3415255852109,437.80801766290307,443.491455078125,184000,0.0,0.0
2001-10-03 00:00:00+09:00,440.0079186480978,440.74126517917796,416.1741563879925,421.67425537109375,294000,0.0,0.0
2001-10-04 00:00:00+09:00,432.6744533372962,440.0079186480978,416.54082965353257,421.67425537109375,255000,0.0,0.0
2001-10-05 00:00:00+09:00,430.841148688328,435.24122850471946,421.49097907849625,435.0578918457031,256000,0.0,0.0
2001-10-08 00:00:00+09:00,435.0578918457032,435.0578918457032,435.0578918457032,435.0578918457031,0,0.0,0.0
2001-10-09 00:00:00+09:00,440.00811176915323,454.675048828125,437.9914079235446,454.675048828125,201000,0.0,0.0
2001-10-10 00:00:00+09:00,465.67518153335106,484.00885009765625,452.84161353833747,484.00885009765625,239000,0.0,0.0
2001-10-11 00:00:00+09:00,451.00817726916216,467.50847643754616,430.84114495224844,465.67510986328125,340000,0.0,0.0
2001-10-12 00:00:00+09:00,472.27533894011015,484.00888773365324,452.8416487508044,476.3087463378906,239000,0.0,0.0
2001-10-15 00:00:00+09:00,472.8252387823061,476.3086352681005,468.42515901077627,473.0085754394531,37000,0.0,0.0
2001-10-16 00:00:00+09:00,465.6750228557181,473.9251708984375,460.17492416057183,473.9251708984375,99000,0.0,0.0
2001-10-17 00:00:00+09:00,473.9252680423571,484.00878438368386,473.9252680423571,478.3253479003906,168000,0.0,0.0
2001-10-18 00:00:00+09:00,476.67536693369135,485.8422009131854,476.67536693369135,476.85870361328125,244000,0.0,0.0
2001-10-19 00:00:00+09:00,485.8420349569882,505.8257262061624,485.8420349569882,498.67559814453125,169000,0.0,0.0
2001-10-22 00:00:00+09:00,509.6759948730469,509.6759948730469,501.6091805657037,509.6759948730469,84000,0.0,0.0
2001-10-23 00:00:00+09:00,514.2593958173479,520.859516405378,508.75929532732283,513.3427124023438,284000,0.0,0.0
2001-10-24 00:00:00+09:00,509.30925493866107,522.3261581426369,508.75924494412686,511.3259582519531,236000,0.0,0.0
2001-10-25 00:00:00+09:00,513.3427350468365,538.2765250348258,510.40934798942607,522.3262329101562,269000,0.0,0.0
2001-10-26 00:00:00+09:00,536.9930560195655,537.1763926723547,513.5259644625479,522.5094604492188,202000,0.0,0.0
2001-10-29 00:00:00+09:00,522.5095222736227,522.5095222736227,508.7592716874748,510.4093017578125,99000,0.0,0.0
2001-10-30 00:00:00+09:00,509.4927185839665,509.6760552945041,496.10913871472235,501.4259033203125,141000,0.0,0.0
2001-10-31 00:00:00+09:00,498.67570529513887,498.67570529513887,487.67550591362846,495.00897216796875,159000,0.0,0.0
2001-11-01 00:00:00+09:00,473.00857598723576,476.6753091344236,459.4416633426406,459.625,249000,0.0,0.0
2001-11-02 00:00:00+09:00,468.24189020983556,477.95873444676636,464.025146484375,464.025146484375,65000,0.0,0.0
2001-11-05 00:00:00+09:00,476.6753090989817,491.34224168664264,472.09189266533764,491.1589050292969,189000,0.0,0.0
2001-11-06 00:00:00+09:00,495.00906578580236,495.00906578580236,480.1587938122283,487.67559814453125,217000,0.0,0.0
2001-11-07 00:00:00+09:00,487.6753822962443,498.12556905973526,485.8420161973863,492.8088073730469,222000,0.0,0.0
2001-11-08 00:00:00+09:00,495.0089491953269,496.8423156738281,480.3420173673172,496.8423156738281,190000,0.0,0.0
2001-11-09 00:00:00+09:00,496.8423156738281,496.8423156738281,496.8423156738281,496.8423156738281,0,0.0,0.0
2001-11-12 00:00:00+09:00,477.4086097520342,495.00892716224746,477.4086097520342,490.058837890625,75000,0.0,0.0
2001-11-13 00:00:00+09:00,499.95908424461277,504.17582752940416,493.1756276560354,500.50909423828125,85000,0.0,0.0
2001-11-14 00:00:00+09:00,501.0591560572164,517.0094475233627,501.0591560572164,516.8261108398438,111000,0.0,0.0
2001-11-15 00:00:00+09:00,500.3258830570869,502.3425868730004,492.2590677934329,501.4259033203125,283000,0.0,0.0
2001-11-16 00:00:00+09:00,501.42582800728934,515.1760792323521,501.42582800728934,513.3427124023438,241000,0.0,0.0
2001-11-19 00:00:00+09:00,513.3428987717247,516.8262970133899,504.1760612936581,514.2595825195312,151000,0.0,0.0
2001-11-20 00:00:00+09:00,514.8094923555509,517.0095329211729,478.5088230227877,479.4255065917969,343000,0.0,0.0
2001-11-21 00:00:00+09:00,478.50867498355035,499.59239054795967,478.50867498355035,498.49237060546875,290000,0.0,0.0
2001-11-22 00:00:00+09:00,496.6589375263936,508.7591552734375,492.2588583456503,508.7591552734375,121000,0.0,0.0
2001-11-23 00:00:00+09:00,508.7591552734375,508.7591552734375,508.7591552734375,508.7591552734375,0,0.0,0.0
2001-11-26 00:00:00+09:00,501.9757819898201,508.20922851562506,500.87576201467806,508.209228515625,71000,0.0,0.0
2001-11-27 00:00:00+09:00,499.0423786078559,500.87574517144094,495.0089721679687,495.00897216796875,241000,0.0,0.0
2001-11-28 00:00:00+09:00,489.5089506669478,491.3423175233783,478.3254128427217,484.00885009765625,226000,0.0,0.0
2001-11-29 00:00:00+09:00,471.1752088679824,473.0085754394532,463.8417425820994,473.0085754394531,189000,0.0,0.0
2001-11-30 00:00:00+09:00,473.00860617270314,479.42538958977474,463.6584360506846,466.95849609375,214000,0.0,0.0
2001-12-03 00:00:00+09:00,477.9587572495715,477.9587572495715,457.79172107870346,458.7084045410156,123000,0.0,0.0
2001-12-04 00:00:00+09:00,458.5250244140625,463.8417879918345,454.6749542370552,458.5250244140625,102000,0.0,0.0
2001-12-05 00:00:00+09:00,469.89198483012524,479.24215698242193,469.89198483012524,479.2421569824219,76000,0.0,0.0
2001-12-06 00:00:00+09:00,479.42524651843854,489.5087603075453,471.17509887280573,485.65869140625,164000,0.0,0.0
2001-12-07 00:00:00+09:00,485.6588141452744,485.6588141452744,458.341651703732,460.1750183105469,131000,0.0,0.0
2001-12-10 00:00:00+09:00,465.8584547916732,465.8584547916732,460.17501831054693,460.1750183105469,70000,0.0,0.0
2001-12-11 00:00:00+09:00,458.34167253665936,458.34167253665936,442.75805567041294,444.0414123535156,143000,0.0,0.0
2001-12-12 00:00:00+09:00,444.0414628678259,473.0086598674611,440.3747290704037,471.17529296875,234000,0.0,0.0
2001-12-13 00:00:00+09:00,476.67544808207055,478.5088151900785,469.3419796500387,474.1087341308594,95000,0.0,0.0
2001-12-14 00:00:00+09:00,453.20821715828004,471.3585462435024,453.20821715828004,465.67510986328125,254000,0.0,0.0
2001-12-17 00:00:00+09:00,454.6748353932259,457.9748946823703,446.0580139160156,446.0580139160156,169000,0.0,0.0
2001-12-18 00:00:00+09:00,441.841454188029,446.6082084655762,437.25803661346436,440.0080871582031,250000,0.0,0.0
2001-12-19 00:00:00+09:00,434.5080070726799,454.6750453756313,434.5080070726799,453.75836181640625,88000,0.0,0.0
2001-12-20 00:00:00+09:00,456.50823999935164,458.34160642505185,436.5245459592194,441.84130859375,56000,0.0,0.0
2001-12-21 00:00:00+09:00,441.4747807820638,441.4747807820638,431.2079254150391,440.0080871582031,81000,0.0,0.0
2001-12-24 00:00:00+09:00,440.0080871582031,440.0080871582031,440.0080871582031,440.0080871582031,0,0.0,0.0
2001-12-25 00:00:00+09:00,440.0080514461436,440.0080514461436,430.8412170410156,430.8412170410156,79000,0.0,0.0
2001-12-26 00:00:00+09:00,430.84128492969575,438.5414270433329,429.0079177597822,432.6746520996094,47000,0.0,0.0
2001-12-27 00:00:00+09:00,437.9914079235446,454.675048828125,434.5080103720388,454.675048828125,99000,0.0,0.0
2001-12-28 00:00:00+09:00,460.17502382718595,476.67532348632807,443.67472416804384,476.6753234863281,95000,0.0,0.0
2001-12-31 00:00:00+09:00,476.67532348632807,476.67532348632807,476.67532348632807,476.6753234863281,0,0.0,0.0
2002-01-01 00:00:00+09:00,476.67532348632807,476.67532348632807,476.67532348632807,476.6753234863281,0,0.0,0.0
2002-01-02 00:00:00+09:00,476.67532348632807,476.67532348632807,476.67532348632807,476.6753234863281,0,0.0,0.0
2002-01-03 00:00:00+09:00,476.67532348632807,476.67532348632807,476.67532348632807,476.6753234863281,0,0.0,0.0
2002-01-04 00:00:00+09:00,481.44204847994774,481.44204847994774,460.358333485586,472.8252258300781,34000,0.0,0.0
2002-01-07 00:00:00+09:00,445.3248515446981,446.4248717625936,437.62471001942953,440.0080871582031,244000,0.0,0.0
2002-01-08 00:00:00+09:00,445.50814819335943,454.85831920482497,438.9080274793837,445.5081481933594,234000,0.0,0.0
2002-01-09 00:00:00+09:00,456.50827487565317,461.8250379163736,451.92485846123895,456.1416015625,184000,0.0,0.0
2002-01-10 00:00:00+09:00,451.00821953396155,451.00821953396155,437.80797896223584,448.99151611328125,125000,0.0,0.0
2002-01-11 00:00:00+09:00,437.99133151412514,439.09135160164493,431.02453762649986,434.5079345703125,180000,0.0,0.0
2002-01-14 00:00:00+09:00,434.5079345703125,434.5079345703125,434.5079345703125,434.5079345703125,0,0.0,0.0
2002-01-15 00:00:00+09:00,407.00745764444036,412.5075584234193,387.3904315327489,394.17388916015625,351000,0.0,0.0
2002-01-16 00:00:00+09:00,392.1571344522329,392.1571344522329,379.69024097736065,381.34027099609375,416000,0.0,0.0
2002-01-17 00:00:00+09:00,379.5069258992706,386.84039306640625,370.70676529870775,386.84039306640625,395000,0.0,0.0
2002-01-18 00:00:00+09:00,388.85710560576194,403.34070359862153,387.75708550503845,396.9239196777344,142000,0.0,0.0
2002-01-21 00:00:00+09:00,391.42380642141745,396.7405700683594,379.5069223851682,396.7405700683594,118000,0.0,0.0
2002-01-22 00:00:00+09:00,391.79040073723723,393.2570938611951,383.5402519149744,384.8236083984375,166000,0.0,0.0
2002-01-23 00:00:00+09:00,375.84007225600374,377.67343846213055,371.0733201200739,372.17333984375,184000,0.0,0.0
2002-01-24 00:00:00+09:00,370.1568119328777,370.3401486401253,352.5564880371094,352.5564880371094,234000,0.0,0.0
2002-01-25 00:00:00+09:00,361.1732446413307,364.839978089466,359.7065512620766,360.2565612792969,308000,0.0,0.0
2002-01-28 00:00:00+09:00,357.5065494934145,360.6232732582289,353.10646888426476,356.03985595703125,216000,0.0,0.0
2002-01-29 00:00:00+09:00,355.8564554481309,356.03979210730046,351.8230489464004,353.8397521972656,238000,0.0,0.0
2002-01-30 00:00:00+09:00,350.17308747762155,350.17308747762155,346.1396801873034,349.6230773925781,217000,0.0,0.0
2002-01-31 00:00:00+09:00,349.6230773925781,349.6230773925781,349.6230773925781,349.6230773925781,0,0.0,0.0
2002-02-01 00:00:00+09:00,345.58968800684556,348.3397385745393,330.00606812324776,335.1394958496094,215000,0.0,0.0
2002-02-04 00:00:00+09:00,342.47291116547166,342.47291116547166,327.6226403922366,334.4060974121094,103000,0.0,0.0
2002-02-05 00:00:00+09:00,332.75606675195746,332.75606675195746,322.8558862535521,329.63934326171875,239000,0.0,0.0
2002-02-06 00:00:00+09:00,328.5392822133586,345.03958098523486,328.5392822133586,338.9894714355469,113000,0.0,0.0
2002-02-07 00:00:00+09:00,338.9894571940104,354.75640869140625,338.9894571940104,354.75640869140625,152000,0.0,0.0
2002-02-08 00:00:00+09:00,365.75666145149984,365.75666145149984,356.0398178139412,360.2565612792969,206000,0.0,0.0
2002-02-11 00:00:00+09:00,360.2565612792969,360.2565612792969,360.2565612792969,360.2565612792969,0,0.0,0.0
2002-02-12 00:00:00+09:00,366.8566706278238,380.7902573183359,366.8566706278238,380.423583984375,239000,0.0,0.0
2002-02-13 00:00:00+09:00,370.3400115966797,373.2733978271484,363.1898826599121,366.67327880859375,266000,0.0,0.0
2002-02-14 00:00:00+09:00,370.5234050628887,388.6737351476121,370.5234050628887,373.0901184082031,352000,0.0,0.0
2002-02-15 00:00:00+09:00,367.5900000576949,372.1734165172672,366.67331676578044,368.5066833496094,330000,0.0,0.0
2002-02-18 00:00:00+09:00,363.00656258762774,369.4233452596313,363.00656258762774,367.7733154296875,171000,0.0,0.0
2002-02-19 00:00:00+09:00,366.6733631536589,368.1400566062735,359.1565592090089,364.8399963378906,349000,0.0,0.0
2002-02-20 00:00:00+09:00,368.50669075238824,375.84015723502284,368.50669075238824,370.3400573730469,46000,0.0,0.0
2002-02-21 00:00:00+09:00,374.0068506681551,394.1738867335948,368.14007654002717,391.9738464355469,169000,0.0,0.0
2002-02-22 00:00:00+09:00,390.5071645772682,390.5071645772682,381.3403297280365,388.6737976074219,139000,0.0,0.0
2002-02-25 00:00:00+09:00,388.8570196336316,399.6738815659202,388.6736829907114,397.84051513671875,164000,0.0,0.0
2002-02-26 00:00:00+09:00,397.84064580148043,397.84064580148043,378.5902919723766,384.09039306640625,158000,0.0,0.0
2002-02-27 00:00:00+09:00,395.0905492570665,398.0239361657037,394.1738658481174,396.0072326660156,103000,0.0,0.0
2002-02-28 00:00:00+09:00,401.50735117478007,403.3407180751215,397.8406173740972,400.5906677246094,317000,0.0,0.0
2002-03-01 00:00:00+09:00,403.34060895867367,412.5074409804617,397.84050974560085,406.8240051269531,290000,0.0,0.0
2002-03-04 00:00:00+09:00,423.32444756612193,427.1745183322062,416.54098954968777,425.70782470703125,230000,0.0,0.0
2002-03-05 00:00:00+09:00,430.84117431640624,442.94139453125,425.7077475585937,435.4245910644531,351000,0.0,0.0
2002-03-06 00:00:00+09:00,434.32463313383965,441.841437675202,429.1912056421775,438.9080505371094,147000,0.0,0.0
2002-03-07 00:00:00+09:00,427.9077371099031,443.6746888628815,422.40763766118965,440.7413024902344,185000,0.0,0.0
2002-03-08 00:00:00+09:00,457.24163722111626,489.5088898878831,451.74153733473554,476.6753234863281,571000,0.0,0.0
2002-03-11 00:00:00+09:00,495.0090295447203,496.2923862879844,471.17526145553006,483.2754821777344,195000,0.0,0.0
2002-03-12 00:00:00+09:00,494.2756549027714,509.67593495167085,494.2756549027714,502.34246826171875,329000,0.0,0.0
2002-03-13 00:00:00+09:00,480.3421502364309,485.8422511933366,449.174911480632,456.3250427246094,273000,0.0,0.0
2002-03-14 00:00:00+09:00,469.34185791015625,474.84195780754084,458.70833144187924,469.34185791015625,215000,0.0,0.0
2002-03-15 00:00:00+09:00,469.34171455938696,484.0086431393678,463.84161634189417,478.508544921875,230000,0.0,0.0
2002-03-18 00:00:00+09:00,473.00849106732534,477.59190667844285,463.84165984509036,467.5083923339844,147000,0.0,0.0
2002-03-19 00:00:00+09:00,467.50849034236023,476.67532348632807,460.17502382718595,476.6753234863281,107000,0.0,0.0
2002-03-20 00:00:00+09:00,476.6753826719342,484.00885009765625,468.42523181799686,484.00885009765625,320000,0.0,0.0
2002-03-21 00:00:00+09:00,484.00885009765625,484.00885009765625,484.00885009765625,484.00885009765625,0,0.0,0.0
2002-03-22 00:00:00+09:00,463.84184617262616,464.02518287071814,443.3081359863281,443.3081359863281,188000,0.0,0.0
2002-03-25 00:00:00+09:00,458.5249168716933,460.17494656055584,440.1912536621094,440.1912536621094,138000,0.0,0.0
2002-03-26 00:00:00+09:00,472.05711118636594,472.05711118636594,445.3788443061317,447.9725646972656,227000,25.0,0.0
2002-03-27 00:00:00+09:00,464.64649813144086,470.57500209484044,452.0484272092168,468.5370788574219,240000,0.0,0.0
2002-03-28 00:00:00+09:00,467.79592091451866,468.722249470785,461.311621020654,464.0906066894531,118000,0.0,0.0
2002-03-29 00:00:00+09:00,475.2065870431753,481.6908874511719,463.16431485689606,481.6908874511719,123000,0.0,0.0
2002-04-01 00:00:00+09:00,465.0170928942876,470.57506611613167,463.1644351536729,463.3497009277344,130000,0.0,0.0
2002-04-02 00:00:00+09:00,457.7916267590645,459.45901835794416,453.9010463616787,455.1979064941406,115000,0.0,0.0
2002-04-03 00:00:00+09:00,446.4903748733789,468.9075264749054,446.4903748733789,452.2336120605469,166000,0.0,0.0
2002-04-04 00:00:00+09:00,449.4546768000096,456.8653062608507,449.26941106348863,450.19573974609375,124000,0.0,0.0
2002-04-05 00:00:00+09:00,455.0127004597393,455.753763489804,444.82308379634935,448.1578674316406,141000,0.0,0.0
2002-04-08 00:00:00+09:00,453.7157137009279,453.7157137009279,444.63769411279173,452.4188537597656,79000,0.0,0.0
2002-04-09 00:00:00+09:00,451.6778795417426,451.86314528396645,442.7851239149979,447.9725646972656,84000,0.0,0.0
2002-04-10 00:00:00+09:00,447.9724768186377,452.4188537597656,442.78503705398845,452.4188537597656,221000,0.0,0.0
2002-04-11 00:00:00+09:00,455.7536295407173,463.1642576633306,451.67778407328,454.8273010253906,162000,0.0,0.0
2002-04-12 00:00:00+09:00,454.8273127610419,462.97900390625,450.195670064901,462.97900390625,92000,0.0,0.0
2002-04-15 00:00:00+09:00,446.8608873236795,462.97900390625,446.8608873236795,462.97900390625,18000,0.0,0.0
2002-04-16 00:00:00+09:00,463.16426961409564,463.16426961409564,450.3809357727466,462.97900390625,120000,0.0,0.0
2002-04-17 00:00:00+09:00,468.7222183427436,468.7222183427436,461.6821217826549,466.6842956542969,123000,0.0,0.0
2002-04-18 00:00:00+09:00,466.86966145197056,477.98560577225555,465.57280128127064,473.9097595214844,185000,0.0,0.0
2002-04-19 00:00:00+09:00,474.0948193198756,474.0948193198756,456.67984744958716,464.6462707519531,72000,0.0,0.0
2002-04-22 00:00:00+09:00,464.6464229834687,477.05922614929506,463.1642972323253,475.9476318359375,167000,0.0,0.0
2002-04-23 00:00:00+09:00,481.6908874511719,482.2466846290002,474.0949926875188,481.6908874511719,233000,0.0,0.0
2002-04-24 00:00:00+09:00,483.1729561407447,483.7287532528698,476.68865649928534,483.5434875488281,147000,0.0,0.0
2002-04-25 00:00:00+09:00,466.86962937575123,481.6908874511719,466.86962937575123,481.6908874511719,63000,0.0,0.0
2002-04-26 00:00:00+09:00,476.1330121307976,476.1330121307976,468.7223815917969,468.7223815917969,133000,0.0,0.0
2002-04-29 00:00:00+09:00,468.7223815917969,468.7223815917969,468.7223815917969,468.7223815917969,0,0.0,0.0
2002-04-30 00:00:00+09:00,463.1643489915498,463.1643489915498,453.90106201171875,453.90106201171875,59000,0.0,0.0
2002-05-01 00:00:00+09:00,454.27152595672,472.7980971621327,454.27152595672,465.0169372558594,119000,0.0,0.0
2002-05-02 00:00:00+09:00,472.42762337584657,472.98342057981813,468.90757441735985,471.871826171875,65000,0.0,0.0
2002-05-03 00:00:00+09:00,471.871826171875,471.871826171875,471.871826171875,471.871826171875,0,0.0,0.0
2002-05-06 00:00:00+09:00,471.871826171875,471.871826171875,471.871826171875,471.871826171875,0,0.0,0.0
2002-05-07 00:00:00+09:00,472.42755500637753,472.42755500637753,460.3852839964111,462.97900390625,42000,0.0,0.0
2002-05-08 00:00:00+09:00,463.5349402144964,471.5013680439221,462.9791429240713,468.7223815917969,61000,0.0,0.0
2002-05-09 00:00:00+09:00,468.7222560386323,468.7222560386323,463.3495503370037,464.27587890625,67000,0.0,0.0
2002-05-10 00:00:00+09:00,464.46105942742884,478.35598541747953,461.311542869684,474.8359375,192000,0.0,0.0
2002-05-13 00:00:00+09:00,477.61502330597386,477.61502330597386,472.24231745807884,475.9476318359375,73000,0.0,0.0
2002-05-14 00:00:00+09:00,481.5055268181695,487.2487631903755,460.7557696024577,466.8695373535156,322000,0.0,0.0
2002-05-15 00:00:00+09:00,481.32029854021334,481.32029854021334,468.7222306800384,472.2422790527344,118000,0.0,0.0
2002-05-16 00:00:00+09:00,481.13505234153814,487.0635551043141,481.13505234153814,486.6930236816406,262000,0.0,0.0
2002-05-17 00:00:00+09:00,486.878378132391,496.51219687778075,486.878378132391,494.4742736816406,216000,0.0,0.0
2002-05-20 00:00:00+09:00,499.29124945950105,499.29124945950105,492.8069475184686,493.7332763671875,89000,0.0,0.0
2002-05-21 00:00:00+09:00,498.36474609375,498.36474609375,493.1773063574582,498.36474609375,83000,0.0,0.0
2002-05-22 00:00:00+09:00,481.69087109088724,505.59014892578125,481.69087109088724,505.59014892578125,198000,0.0,0.0
2002-05-23 00:00:00+09:00,500.2175838870444,500.2175838870444,492.80695301464374,500.0323181152344,80000,0.0,0.0
2002-05-24 00:00:00+09:00,503.9226989746094,503.9226989746094,490.95410010393925,503.9226989746094,63000,0.0,0.0
2002-05-27 00:00:00+09:00,505.77534496630983,507.25747051932467,492.25094929504957,504.4784851074219,124000,0.0,0.0
2002-05-28 00:00:00+09:00,505.77540648973377,513.18603515625,503.9227493231047,513.18603515625,119000,0.0,0.0
2002-05-29 00:00:00+09:00,514.8534533403922,514.8534533403922,511.3334045410157,511.3334045410156,98000,0.0,0.0
2002-05-30 00:00:00+09:00,500.2173767089844,505.0342847809968,491.5098890403465,500.2173767089844,92000,0.0,0.0
2002-05-31 00:00:00+09:00,494.6594364083702,539.3084716796875,479.65291418025106,539.3084716796875,189000,0.0,0.0
2002-06-03 00:00:00+09:00,500.587829430898,500.587829430898,490.9540148008437,497.9941101074219,201000,0.0,0.0
2002-06-04 00:00:00+09:00,497.4384883783389,497.4384883783389,483.5435585353685,494.2889709472656,78000,0.0,0.0
2002-06-05 00:00:00+09:00,491.6953194135932,496.3269633417544,485.396283671294,485.7668151855469,38000,0.0,0.0
2002-06-06 00:00:00+09:00,489.2867587009161,490.5836187201915,481.1350671511848,487.9898986816406,118000,0.0,0.0
2002-06-07 00:00:00+09:00,476.87412326837693,481.69103360442114,476.1330601397547,481.5057678222656,79000,0.0,0.0
2002-06-10 00:00:00+09:00,496.5121624441099,496.5121624441099,472.79814871543596,477.8003234863281,97000,0.0,0.0
2002-06-11 00:00:00+09:00,477.800145472922,492.62139853140735,477.05908281999774,487.4339599609375,105000,0.0,0.0
2002-06-12 00:00:00+09:00,478.17096985791574,487.2489929199219,474.83618587595424,487.2489929199219,108000,0.0,0.0
2002-06-13 00:00:00+09:00,481.6909007690191,481.6909007690191,472.42761421576876,473.35394287109375,155000,0.0,0.0
2002-06-14 00:00:00+09:00,462.2379495769204,465.9432638019859,455.93891539430905,464.0906066894531,480000,0.0,0.0
2002-06-17 00:00:00+09:00,462.7938430692136,462.7938430692136,445.56412833525167,451.1221008300781,126000,0.0,0.0
2002-06-18 00:00:00+09:00,463.1643939819089,463.1643939819089,452.6042457991214,457.79168701171875,80000,0.0,0.0
2002-06-19 00:00:00+09:00,453.34513185127673,462.05261905888193,448.1576926637672,457.0504455566406,146000,0.0,0.0
2002-06-20 00:00:00+09:00,462.60840259414334,477.8001883421289,457.6062292380994,477.4296569824219,155000,0.0,0.0
2002-06-21 00:00:00+09:00,481.6908691216183,481.6908691216183,471.3159888636142,475.9476318359375,191000,0.0,0.0
2002-06-24 00:00:00+09:00,468.7223026058202,477.8003234863281,466.6843795510122,477.8003234863281,86000,0.0,0.0
2002-06-25 00:00:00+09:00,481.69103360442114,481.69103360442114,478.5415153077769,481.5057678222656,50000,0.0,0.0
2002-06-26 00:00:00+09:00,465.5726900586895,481.69080547257965,465.5726900586895,472.4275207519531,105000,0.0,0.0
2002-06-27 00:00:00+09:00,477.98547871907556,487.2487631903755,466.8695373535157,466.8695373535156,156000,0.0,0.0
2002-06-28 00:00:00+09:00,466.86962937575123,481.6908874511719,465.01697211632364,481.6908874511719,149000,0.0,0.0
2002-07-01 00:00:00+09:00,468.9075151820383,474.28022080838326,463.34954384444006,464.0906066894531,157000,0.0,0.0
2002-07-02 00:00:00+09:00,464.0907162191414,464.0907162191414,457.6064147949219,457.6064147949219,210000,0.0,0.0
2002-07-03 00:00:00+09:00,453.9009624267675,468.7222183427436,453.9009624267675,466.6842956542969,103000,0.0,0.0
2002-07-04 00:00:00+09:00,470.5748638078278,476.1328346402037,468.72220686370247,472.4275207519531,84000,0.0,0.0
2002-07-05 00:00:00+09:00,472.98337497260627,476.1328921580878,470.57492065429693,470.5749206542969,46000,0.0,0.0
2002-07-08 00:00:00+09:00,476.13293646655035,480.7645798173923,474.2802791262136,477.05926513671875,93000,0.0,0.0
2002-07-09 00:00:00+09:00,481.6908329278403,485.3961470272852,476.87392459856187,481.8760986328125,196000,0.0,0.0
2002-07-10 00:00:00+09:00,481.6907435287664,487.248713646406,480.2086181640625,480.2086181640625,97000,0.0,0.0
2002-07-11 00:00:00+09:00,481.6908305084111,483.5434875488281,479.2823763558691,483.5434875488281,138000,0.0,0.0
2002-07-12 00:00:00+09:00,483.54352026501016,486.3225060136596,473.16864013671875,473.16864013671875,93000,0.0,0.0
2002-07-15 00:00:00+09:00,474.4654606172203,481.6908229616449,474.4654606172203,474.6507263183594,113000,0.0,0.0
2002-07-16 00:00:00+09:00,463.53491895420836,468.53709433860627,457.6064147949219,457.6064147949219,247000,0.0,0.0
2002-07-17 00:00:00+09:00,457.7915308933632,473.35384922401573,457.60626519895067,472.4275207519531,217000,0.0,0.0
2002-07-18 00:00:00+09:00,466.86964303008784,470.7602233886719,463.34959413422604,470.7602233886719,83000,0.0,0.0
2002-07-19 00:00:00+09:00,465.2021755602656,475.20652342177664,465.2021755602656,474.6507263183594,136000,0.0,0.0
2002-07-22 00:00:00+09:00,469.0927844178928,469.0927844178928,453.9009959809784,457.23577880859375,113000,0.0,0.0
2002-07-23 00:00:00+09:00,457.421020068796,477.61498166762095,457.2357543660545,476.5033874511719,221000,0.0,0.0
2002-07-24 00:00:00+09:00,475.7623412240185,483.35823530119325,474.2802155504234,481.3203125,188000,0.0,0.0
2002-07-25 00:00:00+09:00,481.5056873903436,481.5056873903436,480.94989013671875,480.94989013671875,145000,0.0,0.0
2002-07-26 00:00:00+09:00,479.8381694518727,480.02343515436377,465.0169132525871,465.2021789550781,80000,0.0,0.0
2002-07-29 00:00:00+09:00,465.20234482388145,468.35186288919647,455.9390563964844,455.9390563964844,529000,0.0,0.0
2002-07-30 00:00:00+09:00,465.01699370245376,468.72230839330996,465.01699370245376,465.758056640625,80000,0.0,0.0
2002-07-31 00:00:00+09:00,453.9010250018343,461.31165398145606,450.19571051202337,453.71575927734375,338000,0.0,0.0
2002-08-01 00:00:00+09:00,455.7537508068803,459.45906585409074,453.9010932832751,457.421142578125,123000,0.0,0.0
2002-08-02 00:00:00+09:00,461.1265289921914,472.4277416352303,455.7538213422222,459.4591369628906,220000,0.0,0.0
2002-08-05 00:00:00+09:00,470.5748638078278,479.8381485284543,465.01689297545187,472.4275207519531,288000,0.0,0.0
2002-08-06 00:00:00+09:00,472.42756070969983,476.1328749113445,467.79591795764395,468.3517150878906,190000,0.0,0.0
2002-08-07 00:00:00+09:00,467.79604461622534,483.5436342369696,467.79604461622534,477.2445983886719,168000,0.0,0.0
2002-08-08 00:00:00+09:00,486.3224846030403,486.3224846030403,475.206542097828,480.39398193359375,233000,0.0,0.0
2002-08-09 00:00:00+09:00,477.9855892185834,479.6529808088808,476.13293189603075,477.8003234863281,188000,0.0,0.0
2002-08-12 00:00:00+09:00,477.80017299980443,477.80017299980443,464.0905131308686,473.5390625,60000,0.0,0.0
2002-08-13 00:00:00+09:00,459.4590278520976,470.9455035484001,459.4590278520976,459.8295593261719,104000,0.0,0.0
2002-08-14 00:00:00+09:00,457.6064217295971,457.6064217295971,451.12212020711297,451.67791748046875,519000,0.0,0.0
2002-08-15 00:00:00+09:00,453.90103508444395,454.8273637274734,431.66914765173647,440.93243408203125,395000,0.0,0.0
2002-08-16 00:00:00+09:00,445.1935346941962,445.1935346941962,433.52179408423603,441.48822021484375,194000,0.0,0.0
2002-08-19 00:00:00+09:00,440.7471067125091,440.7471067125091,427.03744471304475,429.63116455078125,123000,0.0,0.0
2002-08-20 00:00:00+09:00,424.0730595729306,424.2583252171302,411.47499576735646,414.62451171875,270000,0.0,0.0
2002-08-21 00:00:00+09:00,409.80777000504924,418.5152587890625,398.32129543890414,418.5152587890625,193000,0.0,0.0
2002-08-22 00:00:00+09:00,422.4059125084883,443.3409423828125,422.4059125084883,443.3409423828125,206000,0.0,0.0
2002-08-23 00:00:00+09:00,443.3409423828125,443.3409423828125,443.3409423828125,443.3409423828125,0,0.0,0.0
2002-08-26 00:00:00+09:00,440.93243408203125,440.93243408203125,437.22711950991334,440.93243408203125,90000,0.0,0.0
2002-08-27 00:00:00+09:00,446.4903624859053,452.9746623560326,442.59978256382897,449.26934814453125,61000,0.0,0.0
2002-08-28 00:00:00+09:00,451.86314713865147,451.86314713865147,436.3008247279722,442.7851257324219,83000,0.0,0.0
2002-08-29 00:00:00+09:00,437.22719032042767,437.22719032042767,427.22283935546875,427.22283935546875,58000,0.0,0.0
2002-08-30 00:00:00+09:00,427.7786233728137,434.2629247232028,427.59335761994544,432.966064453125,60000,0.0,0.0
2002-09-02 00:00:00+09:00,422.59124023018734,438.52409716126846,422.59124023018734,432.039794921875,66000,0.0,0.0
2002-09-03 00:00:00+09:00,426.48173380356167,431.4839087873567,423.5174819613128,424.258544921875,136000,0.0,0.0
2002-09-04 00:00:00+09:00,424.4437399431633,424.4437399431633,416.84784586299315,417.0331115722656,148000,0.0,0.0
2002-09-05 00:00:00+09:00,416.6625325200799,416.8477982081724,412.2161560058594,412.2161560058594,128000,0.0,0.0
2002-09-06 00:00:00+09:00,401.65609602242,409.43725655421963,398.321312937363,406.8435363769531,165000,0.0,0.0
2002-09-09 00:00:00+09:00,407.0288391113281,412.40154568130015,406.4730418799517,407.0288391113281,90000,0.0,0.0
2002-09-10 00:00:00+09:00,416.84790639637265,416.84790639637265,402.9529761831602,404.8056335449219,132000,0.0,0.0
2002-09-11 00:00:00+09:00,404.9908447265625,407.5845646836402,404.80557901534263,404.9908447265625,56000,0.0,0.0
2002-09-12 00:00:00+09:00,404.99079034825485,404.99079034825485,398.3212256398664,402.58233642578125,81000,0.0,0.0
2002-09-13 00:00:00+09:00,407.5845099570726,407.5845099570726,400.17388250330765,402.58233642578125,382000,0.0,0.0
2002-09-16 00:00:00+09:00,402.58233642578125,402.58233642578125,402.58233642578125,402.58233642578125,0,0.0,0.0
2002-09-17 00:00:00+09:00,404.06457620794123,415.18052053278143,402.7677160367099,407.5846252441406,115000,0.0,0.0
2002-09-18 00:00:00+09:00,424.25839888765086,427.0373840332031,423.33207050580006,427.0373840332031,203000,0.0,0.0
2002-09-19 00:00:00+09:00,429.075423692148,441.85875885396064,429.075423692148,439.07977294921875,177000,0.0,0.0
2002-09-20 00:00:00+09:00,430.1870351584153,435.74500718888584,412.2162589265608,417.77423095703125,126000,0.0,0.0
2002-09-23 00:00:00+09:00,417.77423095703125,417.77423095703125,417.77423095703125,417.77423095703125,0,0.0,0.0
2002-09-24 00:00:00+09:00,396.4686809193004,412.77206592906606,393.13389762184835,407.5846252441406,161000,0.0,0.0
2002-09-25 00:00:00+09:00,417.89129424763615,417.89129424763615,395.59126554114795,401.0257263183594,73000,25.0,0.0
2002-09-26 00:00:00+09:00,401.7752974898727,416.20472748367877,401.7752974898727,404.77362060546875,91000,0.0,0.0
2002-09-27 00:00:00+09:00,391.0938790557581,408.5216369628906,385.2846264200473,408.5216369628906,217000,0.0,0.0
2002-09-30 00:00:00+09:00,409.4586146372669,409.4586146372669,389.5947184580677,397.2779235839844,63000,0.0,0.0
2002-10-01 00:00:00+09:00,374.79051159274195,380.4123692666331,374.79051159274195,377.6014404296875,141000,0.0,0.0
2002-10-02 00:00:00+09:00,379.2879045758928,379.85009020520494,359.04922192065743,360.73577880859375,137000,0.0,0.0
2002-10-03 00:00:00+09:00,371.2299649331037,377.03921728692814,357.9249030904735,361.48541259765625,270000,0.0,0.0
2002-10-04 00:00:00+09:00,348.5550497118563,351.9281630961646,346.68109783168507,348.9298400878906,223000,0.0,0.0
2002-10-07 00:00:00+09:00,356.42562145824166,356.42562145824166,331.87685362909883,332.6264343261719,230000,0.0,0.0
2002-10-08 00:00:00+09:00,317.6348101478123,330.7524719238281,310.70118892334676,330.7524719238281,243000,0.0,0.0
2002-10-09 00:00:00+09:00,331.12738074004545,341.2467234451742,324.1937570346795,325.5055236816406,114000,0.0,0.0
2002-10-10 00:00:00+09:00,324.38108223779807,325.1306630170882,308.4524906778831,324.9432678222656,120000,0.0,0.0
2002-10-11 00:00:00+09:00,335.43739301428946,335.6247882059176,328.1289805407938,328.3163757324219,168000,0.0,0.0
2002-10-14 00:00:00+09:00,328.3163757324219,328.3163757324219,328.3163757324219,328.3163757324219,0,0.0,0.0
2002-10-15 00:00:00+09:00,335.81224965469613,341.9962921985605,322.31979319535566,339.18536376953125,202000,0.0,0.0
2002-10-16 00:00:00+09:00,356.23836286152437,364.6711489366262,352.30306269314354,354.3644104003906,218000,0.0,0.0
2002-10-17 00:00:00+09:00,369.91821953619893,373.6661244960389,368.79384804824696,373.4787292480469,160000,0.0,0.0
2002-10-18 00:00:00+09:00,374.97789284953006,377.6014263327352,367.29468764871507,369.16864013671875,256000,0.0,0.0
2002-10-21 00:00:00+09:00,380.22492776504293,386.0341799881658,369.16860901780905,380.4123229980469,212000,0.0,0.0
2002-10-22 00:00:00+09:00,391.65594448700796,391.65594448700796,372.9164256120315,373.10382080078125,125000,0.0,0.0
2002-10-23 00:00:00+09:00,365.6079529707994,369.9180416014136,361.29786434018513,368.7936706542969,68000,0.0,0.0
2002-10-24 00:00:00+09:00,368.98116803850445,368.98116803850445,352.490389578683,360.73577880859375,56000,0.0,0.0
2002-10-25 00:00:00+09:00,353.6147611569136,358.1122461954753,350.8038330078125,350.8038330078125,114000,0.0,0.0
2002-10-28 00:00:00+09:00,347.9929343099409,347.9929343099409,337.3114064393611,338.2483825683594,144000,0.0,0.0
2002-10-29 00:00:00+09:00,338.4356887207031,338.4356887207031,325.8802118966239,327.9415588378906,435000,0.0,0.0
2002-10-30 00:00:00+09:00,324.1938440567408,365.4208068847656,323.2568676288311,365.4208068847656,289000,0.0,0.0
2002-10-31 00:00:00+09:00,357.9248421313952,368.98115924435456,348.3676866608711,355.8634948730469,98000,0.0,0.0
2002-11-01 00:00:00+09:00,359.6114634530839,359.6114634530839,343.3080776686033,347.2433776855469,336000,0.0,0.0
2002-11-04 00:00:00+09:00,347.2433776855469,347.2433776855469,347.2433776855469,347.2433776855469,0,0.0,0.0
2002-11-05 00:00:00+09:00,350.9912793133282,361.48541259765625,350.9912793133282,361.48541259765625,297000,0.0,0.0
2002-11-06 00:00:00+09:00,357.73749761057854,372.541720927098,357.73749761057854,365.2333068847656,347000,0.0,0.0
2002-11-07 00:00:00+09:00,364.67097372788953,371.7919896588555,361.6726512306407,361.86004638671875,160000,0.0,0.0
2002-11-08 00:00:00+09:00,356.05091459128033,362.6097472284881,353.23998631819126,359.23663330078125,202000,0.0,0.0
2002-11-11 00:00:00+09:00,356.0509165483422,358.67444961764573,353.98956913674647,356.2383117675781,111000,0.0,0.0
2002-11-12 00:00:00+09:00,356.05092366536456,364.48370869954425,355.11394755045575,359.798828125,147000,0.0,0.0
2002-11-13 00:00:00+09:00,356.42579515067695,365.420767898959,356.42579515067695,357.9249572753906,138000,0.0,0.0
2002-11-14 00:00:00+09:00,356.05093559610503,365.0459066006382,355.8635403668439,364.29632568359375,122000,0.0,0.0
2002-11-15 00:00:00+09:00,367.8568401307311,367.8568401307311,362.60977363880016,365.2333068847656,123000,0.0,0.0
2002-11-18 00:00:00+09:00,359.7988536227154,363.546758347952,356.98792507878795,358.86187744140625,152000,0.0,0.0
2002-11-19 00:00:00+09:00,361.6728409060744,361.6728409060744,354.36442598621073,358.48712158203125,198000,0.0,0.0
2002-11-20 00:00:00+09:00,356.42567191911263,361.672737541476,356.23827671831395,360.92315673828125,102000,0.0,0.0
2002-11-21 00:00:00+09:00,359.61137343655116,363.54667246842587,352.30296094878383,356.8004455566406,176000,0.0,0.0
2002-11-22 00:00:00+09:00,349.3046956380208,361.6727803548177,345.7441864013672,359.798828125,237000,0.0,0.0
2002-11-25 00:00:00+09:00,365.4205892906814,367.29454103063364,360.73570994080086,365.7953796386719,132000,0.0,0.0
2002-11-26 00:00:00+09:00,367.4820496670217,367.4820496670217,364.85851642105627,365.2333068847656,101000,0.0,0.0
2002-11-27 00:00:00+09:00,361.485419381081,365.4207194365515,361.485419381081,365.0459289550781,78000,0.0,0.0
2002-11-28 00:00:00+09:00,365.23324987786697,367.29459710652606,363.92148345962937,364.85845947265625,198000,0.0,0.0
2002-11-29 00:00:00+09:00,365.233319631249,371.0425720214844,355.67616247311986,371.0425720214844,278000,0.0,0.0
2002-12-02 00:00:00+09:00,371.0425720214844,371.0425720214844,371.0425720214844,371.0425720214844,0,0.0,0.0
2002-12-03 00:00:00+09:00,374.7905452076982,384.1603088378906,374.7905452076982,384.1603088378906,419000,0.0,0.0
2002-12-04 00:00:00+09:00,369.16861963753746,382.28628632516575,368.6064339223534,371.0425720214844,220000,0.0,0.0
2002-12-05 00:00:00+09:00,374.4155871220296,376.1021438207775,366.35759400578974,373.10382080078125,400000,0.0,0.0
2002-12-06 00:00:00+09:00,374.79047632929104,374.79047632929104,363.5467620394123,364.10894775390625,181000,0.0,0.0
2002-12-09 00:00:00+09:00,370.8550456237793,378.538247680664,370.10546493530273,374.79034423828125,534000,0.0,0.0
2002-12-10 00:00:00+09:00,374.79034027495936,376.6642919763342,374.6029451048219,375.1651306152344,330000,0.0,0.0
2002-12-11 00:00:00+09:00,382.28624970776184,383.7854114713217,374.7904408899626,375.7274169921875,592000,0.0,0.0
2002-12-12 00:00:00+09:00,374.7905100184283,378.5384151186126,373.85353374338223,374.9779052734375,194000,0.0,0.0
2002-12-13 00:00:00+09:00,382.2862243652344,383.5979908213896,374.7904160443474,382.2862243652344,536000,0.0,0.0
2002-12-16 00:00:00+09:00,383.22325467237556,383.22325467237556,378.5383738084101,378.72576904296875,460000,0.0,0.0
2002-12-17 00:00:00+09:00,381.3492634337626,381.3492634337626,375.540011754919,379.4753112792969,127000,0.0,0.0
2002-12-18 00:00:00+09:00,377.41392476633825,377.41392476633825,373.8534160421275,374.6029968261719,334000,0.0,0.0
2002-12-19 00:00:00+09:00,374.7904122085533,375.7273882390747,370.2929272620507,372.72906494140625,317000,0.0,0.0
2002-12-20 00:00:00+09:00,373.8533683776855,378.538247680664,372.91639251708983,374.79034423828125,271000,0.0,0.0
2002-12-23 00:00:00+09:00,374.79034423828125,374.79034423828125,374.79034423828125,374.79034423828125,0,0.0,0.0
2002-12-24 00:00:00+09:00,380.2249483014097,380.2249483014097,371.22997663139114,378.53839111328125,154000,0.0,0.0
2002-12-25 00:00:00+09:00,378.3509211245346,378.53831633063885,372.541669735302,372.72906494140625,22000,0.0,0.0
2002-12-26 00:00:00+09:00,376.4768442394664,386.03399658203125,375.53986851960707,386.03399658203125,98000,0.0,0.0
2002-12-27 00:00:00+09:00,386.03418971259816,389.7820944670894,383.7854468599034,387.90814208984375,127000,0.0,0.0
2002-12-30 00:00:00+09:00,387.9080758822166,387.9080758822166,380.4122676526086,386.9710998535156,22000,0.0,0.0
2002-12-31 00:00:00+09:00,386.9710998535156,386.9710998535156,386.9710998535156,386.9710998535156,0,0.0,0.0
2003-01-01 00:00:00+09:00,386.9710998535156,386.9710998535156,386.9710998535156,386.9710998535156,0,0.0,0.0
2003-01-02 00:00:00+09:00,386.9710998535156,386.9710998535156,386.9710998535156,386.9710998535156,0,0.0,0.0
2003-01-03 00:00:00+09:00,386.9710998535156,386.9710998535156,386.9710998535156,386.9710998535156,0,0.0,0.0
2003-01-06 00:00:00+09:00,381.3491874543198,393.34247885337453,381.3491874543198,386.59625244140625,102000,0.0,0.0
2003-01-07 00:00:00+09:00,386.5963521459949,391.4686280334384,381.3492858056712,385.8467712402344,70000,0.0,0.0
2003-01-08 00:00:00+09:00,374.9777394104004,378.1634573364258,374.79034423828125,374.79034423828125,224000,0.0,0.0
2003-01-09 00:00:00+09:00,365.42067971511483,367.2946319187821,359.79882310411307,364.48370361328125,282000,0.0,0.0
2003-01-10 00:00:00+09:00,364.4836307066605,365.4206066210735,358.48698485441724,361.29791259765625,234000,0.0,0.0
2003-01-13 00:00:00+09:00,361.29791259765625,361.29791259765625,361.29791259765625,361.29791259765625,0,0.0,0.0
2003-01-14 00:00:00+09:00,361.48550588754506,369.16871259640425,361.2981106019631,365.4208068847656,119000,0.0,0.0
2003-01-15 00:00:00+09:00,365.4207148696437,372.9165244054313,363.54676248569683,371.0425720214844,182000,0.0,0.0
2003-01-16 00:00:00+09:00,372.91636412705833,372.91636412705833,365.4205578129466,368.7936706542969,116000,0.0,0.0
2003-01-17 00:00:00+09:00,368.6063505538169,374.79039202218297,367.4819793777504,374.6029968261719,177000,0.0,0.0
2003-01-20 00:00:00+09:00,374.7904809348142,374.7904809348142,370.10559992312903,370.66778564453125,81000,0.0,0.0
2003-01-21 00:00:00+09:00,370.85506825212974,372.91641527121686,360.9231235238008,362.60968017578125,225000,0.0,0.0
2003-01-22 00:00:00+09:00,365.2332164577428,371.04246720694243,361.6727079340398,370.8550720214844,133000,0.0,0.0
2003-01-23 00:00:00+09:00,363.5467826727078,369.16864013671875,356.2383679694936,369.16864013671875,152000,0.0,0.0
2003-01-24 00:00:00+09:00,365.4206274488382,369.9181120943624,364.6710466745842,369.3559265136719,114000,0.0,0.0
2003-01-27 00:00:00+09:00,368.9811371844399,368.9811371844399,355.3012880150828,356.4256591796875,152000,0.0,0.0
2003-01-28 00:00:00+09:00,354.36424700723313,356.9877792431407,352.3029002504486,352.49029541015625,329000,0.0,0.0
2003-01-29 00:00:00+09:00,352.67778807152234,354.1769497636436,348.92988384121924,349.1172790527344,321000,0.0,0.0
2003-01-30 00:00:00+09:00,350.0542765299479,354.9265523274739,348.1803243001302,348.55511474609375,169000,0.0,0.0
2003-01-31 00:00:00+09:00,344.8073023394808,346.6812550695867,341.0593968792691,342.933349609375,301000,0.0,0.0
2003-02-03 00:00:00+09:00,345.9315726679977,358.1122618464484,344.4324109229577,353.6147766113281,220000,0.0,0.0
2003-02-04 00:00:00+09:00,353.98950046523476,362.9844692435997,353.61471009946956,361.29791259765625,77000,0.0,0.0
2003-02-05 00:00:00+09:00,365.04579894269096,367.1071458566384,359.42394372283434,365.7953796386719,98000,0.0,0.0
2003-02-06 00:00:00+09:00,367.107188970176,367.107188970176,355.4886868179805,360.3609619140625,75000,0.0,0.0
2003-02-07 00:00:00+09:00,364.10885804440795,365.4206243883662,356.8004455566406,356.8004455566406,134000,0.0,0.0
2003-02-10 00:00:00+09:00,354.92642561183084,361.86004638671875,354.1768449875186,361.86004638671875,134000,0.0,0.0
2003-02-11 00:00:00+09:00,361.86004638671875,361.86004638671875,361.86004638671875,361.86004638671875,0,0.0,0.0
2003-02-12 00:00:00+09:00,362.04756356389316,363.54672531778095,356.2383117675781,356.2383117675781,187000,0.0,0.0
2003-02-13 00:00:00+09:00,362.6097005850133,367.29458043753283,356.4256591796875,356.4256591796875,298000,0.0,0.0
2003-02-14 00:00:00+09:00,362.9845813069745,372.9165290660192,362.9845813069745,365.0459289550781,259000,0.0,0.0
2003-02-17 00:00:00+09:00,364.8585147407111,366.1702813576525,356.9879150390625,356.9879150390625,105000,0.0,0.0
2003-02-18 00:00:00+09:00,356.98784838600574,365.4206322061476,356.98784838600574,360.3609619140625,53000,0.0,0.0
2003-02-19 00:00:00+09:00,360.9232331402261,370.66778564453125,360.9232331402261,370.66778564453125,79000,0.0,0.0
2003-02-20 00:00:00+09:00,369.91813994616996,370.1055351538428,361.1105651855469,361.1105651855469,145000,0.0,0.0
2003-02-21 00:00:00+09:00,359.0492047302943,367.2945935654368,359.0492047302943,360.92315673828125,254000,0.0,0.0
2003-02-24 00:00:00+09:00,361.86018575559626,365.42069509239394,359.7988382448186,361.67279052734375,170000,0.0,0.0
2003-02-25 00:00:00+09:00,359.6114001279113,359.6114001279113,355.67610080394763,357.1752624511719,136000,0.0,0.0
2003-02-26 00:00:00+09:00,357.36275495702205,362.4224268940119,357.36275495702205,359.4241027832031,139000,0.0,0.0
2003-02-27 00:00:00+09:00,359.6115146656935,359.6115146656935,357.36277147862296,357.9249572753906,87000,0.0,0.0
2003-02-28 00:00:00+09:00,355.6761401896012,363.54673970907606,355.6761401896012,363.3593444824219,133000,0.0,0.0
2003-03-03 00:00:00+09:00,356.05095434441137,359.2366734095982,354.177001953125,354.177001953125,113000,0.0,0.0
2003-03-04 00:00:00+09:00,348.5550897844863,357.9248502625639,345.1819760123784,355.1139221191406,164000,0.0,0.0
2003-03-05 00:00:00+09:00,352.3030993077143,359.7989099312827,349.49217032387617,357.9249572753906,229000,0.0,0.0
2003-03-06 00:00:00+09:00,359.7988291545862,359.7988291545862,348.5551157435054,355.4887390136719,308000,0.0,0.0
2003-03-07 00:00:00+09:00,354.9264831542969,359.7987580022439,354.9264831542969,354.9264831542969,295000,0.0,0.0
2003-03-10 00:00:00+09:00,351.17873233232484,353.0526850128602,330.940043382543,334.1257629394531,440000,0.0,0.0
2003-03-11 00:00:00+09:00,322.8818261614671,322.8818261614671,307.70281982421875,307.70281982421875,335000,0.0,0.0
2003-03-12 00:00:00+09:00,296.45911142625704,308.8271906640149,296.45911142625704,307.70281982421875,532000,0.0,0.0
2003-03-13 00:00:00+09:00,300.20715513727646,310.8886831290522,300.20715513727646,308.4525451660156,411000,0.0,0.0
2003-03-14 00:00:00+09:00,311.07606396424757,314.82396834935895,302.64327909774687,306.953369140625,632000,0.0,0.0
2003-03-17 00:00:00+09:00,310.7012349082188,310.7012349082188,301.14407991405767,303.392822265625,124000,0.0,0.0
2003-03-18 00:00:00+09:00,307.51563679088247,310.13917055996984,305.0794982910156,305.0794982910156,294000,0.0,0.0
2003-03-19 00:00:00+09:00,312.76265747433615,314.8240051269531,307.70298596336727,314.8240051269531,128000,0.0,0.0
2003-03-20 00:00:00+09:00,315.19876606957615,321.3828084478734,313.8869995044828,316.1357421875,190000,0.0,0.0
2003-03-21 00:00:00+09:00,316.1357421875,316.1357421875,316.1357421875,316.1357421875,0,0.0,0.0
2003-03-24 00:00:00+09:00,327.379378602987,335.06258096287394,324.56845091034546,328.8785400390625,149000,0.0,0.0
2003-03-25 00:00:00+09:00,337.1240017131223,337.311396933641,299.83235282990313,309.576904296875,315000,0.0,0.0
2003-03-26 00:00:00+09:00,321.5642203397529,329.936306549782,319.2809241006541,327.2724609375,111000,25.0,0.0
2003-03-27 00:00:00+09:00,331.0779052734375,332.98065185546875,327.272412109375,328.2237854003906,104000,0.0,0.0
2003-03-28 00:00:00+09:00,332.02933702419796,337.5473030836259,328.794667265223,332.7904357910156,95000,0.0,0.0
2003-03-31 00:00:00+09:00,332.98062836682357,332.98062836682357,317.7586567843402,328.7945861816406,146000,0.0,0.0
2003-04-01 00:00:00+09:00,328.79465704449154,338.11811664818373,328.2238329871226,336.78619384765625,159000,0.0,0.0
2003-04-02 00:00:00+09:00,342.4944354439096,347.2513026028528,334.8834479896005,346.4902038574219,196000,0.0,0.0
2003-04-03 00:00:00+09:00,346.490131926706,350.10535021699013,342.3040896958507,348.0123291015625,168000,0.0,0.0
2003-04-04 00:00:00+09:00,348.0124086078845,348.0124086078845,339.8305969238281,339.8305969238281,29000,0.0,0.0
2003-04-07 00:00:00+09:00,336.0250537652529,336.0250537652529,325.5599473342852,333.5514831542969,152000,0.0,0.0
2003-04-08 00:00:00+09:00,332.7904481154222,332.7904481154222,321.7545155878667,326.5113830566406,176000,0.0,0.0
2003-04-09 00:00:00+09:00,326.7016614869075,332.40990251463444,326.321112085059,331.6488037109375,199000,0.0,0.0
2003-04-10 00:00:00+09:00,330.31683678844655,330.31683678844655,320.4225536588387,320.9933776855469,62000,0.0,0.0
2003-04-11 00:00:00+09:00,324.98898433087817,327.2722793027579,315.8558044433594,315.8558044433594,80000,0.0,0.0
2003-04-14 00:00:00+09:00,319.66143798828125,323.0863819667271,316.2364940098354,319.66143798828125,58000,0.0,0.0
2003-04-15 00:00:00+09:00,315.85593870237426,321.56417855844126,313.00181877434073,316.80731201171875,93000,0.0,0.0
2003-04-16 00:00:00+09:00,318.90045638874403,325.3697973894703,316.80743430027377,319.281005859375,170000,0.0,0.0
2003-04-17 00:00:00+09:00,318.9003834014729,318.9003834014729,311.6699451143273,318.3295593261719,88000,0.0,0.0
2003-04-18 00:00:00+09:00,322.1349732468248,340.59161376953125,321.5641493131329,340.59161376953125,168000,0.0,0.0
2003-04-21 00:00:00+09:00,336.78619384765625,338.6889407055526,334.8834469897599,336.78619384765625,61000,0.0,0.0
2003-04-22 00:00:00+09:00,336.97637939453125,337.3569286654455,325.75017590256215,336.97637939453125,141000,0.0,0.0
2003-04-23 00:00:00+09:00,338.68890624177516,349.72483689459705,334.88341291321586,338.8791809082031,374000,0.0,0.0
2003-04-24 00:00:00+09:00,339.0694821902684,345.1582719939096,339.0694821902684,340.97222900390625,202000,0.0,0.0
2003-04-25 00:00:00+09:00,333.3611524272169,340.7818630120693,332.98060316645524,333.9319763183594,146000,0.0,0.0
2003-04-28 00:00:00+09:00,330.12657984501897,342.3041597355557,330.12657984501897,336.78619384765625,90000,0.0,0.0
2003-04-29 00:00:00+09:00,336.78619384765625,336.78619384765625,336.78619384765625,336.78619384765625,0,0.0,0.0
2003-04-30 00:00:00+09:00,336.976467191256,348.0123989230984,336.976467191256,346.2999267578125,108000,0.0,0.0
2003-05-01 00:00:00+09:00,346.2997958687322,352.3885834884022,344.7775989638147,350.2955627441406,164000,0.0,0.0
2003-05-02 00:00:00+09:00,350.1052980500508,352.00804423510544,343.82623563937057,351.0566711425781,131000,0.0,0.0
2003-05-05 00:00:00+09:00,351.0566711425781,351.0566711425781,351.0566711425781,351.0566711425781,0,0.0,0.0
2003-05-06 00:00:00+09:00,352.5789941155289,361.3316296952991,352.5789941155289,360.9510803222656,127000,0.0,0.0
2003-05-07 00:00:00+09:00,361.52195007487853,365.32744428619304,354.8623352050781,354.8623352050781,150000,0.0,0.0
2003-05-08 00:00:00+09:00,355.0523927656271,361.52172896821617,351.8177246643325,359.2384338378906,176000,0.0,0.0
2003-05-09 00:00:00+09:00,355.4330857173201,358.6677551269531,352.0081416365323,358.6677551269531,126000,0.0,0.0
2003-05-12 00:00:00+09:00,358.66761005530924,361.52172896821617,356.19404033078985,359.2384338378906,108000,0.0,0.0
2003-05-13 00:00:00+09:00,361.7120641768606,366.08838057668584,361.52178955078125,361.52178955078125,133000,0.0,0.0
2003-05-14 00:00:00+09:00,357.7164080633157,360.3802536552766,353.3400903050943,353.5303649902344,116000,0.0,0.0
2003-05-15 00:00:00+09:00,357.33590644243253,357.5261811529983,353.9109616522495,354.8623352050781,94000,0.0,0.0
2003-05-16 00:00:00+09:00,352.0081224883562,359.42883425973235,352.0081224883562,357.1455383300781,114000,0.0,0.0
2003-05-19 00:00:00+09:00,356.57462497692535,356.76489959004005,350.10528813102593,350.2955627441406,224000,0.0,0.0
2003-05-20 00:00:00+09:00,350.10542543472786,356.7650395054971,350.10542543472786,353.9109191894531,285000,0.0,0.0
2003-05-21 00:00:00+09:00,355.0525049062876,357.33580075777496,352.9594837090908,356.19415283203125,95000,0.0,0.0
2003-05-22 00:00:00+09:00,356.3844274863219,357.52607541206555,354.67195559770636,356.19415283203125,123000,0.0,0.0
2003-05-23 00:00:00+09:00,356.19409427347506,357.7162912575497,350.67613020620433,356.3843688964844,159000,0.0,0.0
2003-05-26 00:00:00+09:00,352.9595041249835,365.1370827039587,352.76922945968704,360.18994140625,185000,0.0,0.0
2003-05-27 00:00:00+09:00,358.66772695304525,358.66772695304525,348.2026208615771,349.3442687988281,149000,0.0,0.0
2003-05-28 00:00:00+09:00,353.53033900577134,361.3316005231215,353.53033900577134,358.6677551269531,116000,0.0,0.0
2003-05-29 00:00:00+09:00,362.4732964389569,384.16461181640625,361.5219229574898,384.16461181640625,270000,0.0,0.0
2003-05-30 00:00:00+09:00,384.1646543697435,386.25767626081193,372.9384460449219,372.9384460449219,164000,0.0,0.0
2003-06-02 00:00:00+09:00,372.55780137679955,384.3548308381691,369.1328573396277,375.0313720703125,179000,0.0,0.0
2003-06-03 00:00:00+09:00,375.22162356813175,380.54931396362247,372.7480530273682,380.3590393066406,109000,0.0,0.0
2003-06-04 00:00:00+09:00,380.54933746353373,383.40345749451023,374.8410974015807,375.0313720703125,106000,0.0,0.0
2003-06-05 00:00:00+09:00,371.6064768473307,374.8411466406767,359.6191711425781,359.6191711425781,165000,0.0,0.0
2003-06-06 00:00:00+09:00,363.61502095815297,368.75243883668264,358.28732834338155,366.0885925292969,103000,0.0,0.0
2003-06-09 00:00:00+09:00,362.4732874870802,366.27878131896557,357.7164201972235,361.7121887207031,73000,0.0,0.0
2003-06-10 00:00:00+09:00,364.37603848573394,364.37603848573394,357.71642420531583,359.6191711425781,51000,0.0,0.0
2003-06-11 00:00:00+09:00,359.6191430457492,363.4246366229529,359.6191430457492,359.8094177246094,54000,0.0,0.0
2003-06-12 00:00:00+09:00,358.2871358921465,360.3801568665563,355.623291015625,355.623291015625,132000,0.0,0.0
2003-06-13 00:00:00+09:00,355.8135991035207,370.65502195382794,355.4330497996666,370.0841979980469,312000,0.0,0.0
2003-06-16 00:00:00+09:00,370.2744726499739,370.2744726499739,365.7078810037255,370.0841979980469,78000,0.0,0.0
2003-06-17 00:00:00+09:00,370.27453102374113,384.73540684995095,370.27453102374113,381.88128662109375,251000,0.0,0.0
2003-06-18 00:00:00+09:00,384.35480716346007,390.0630468738085,384.35480716346007,389.8727722167969,260000,0.0,0.0
2003-06-19 00:00:00+09:00,399.57674038393014,407.7585498298868,395.58097298009085,396.3420715332031,353000,0.0,0.0
2003-06-20 00:00:00+09:00,396.1518298421849,404.90446393091713,395.77128053397917,396.5323791503906,172000,0.0,0.0
2003-06-23 00:00:00+09:00,399.57679795341255,404.3336645957151,396.72267796803106,403.1920166015625,89000,0.0,0.0
2003-06-24 00:00:00+09:00,403.19199204399126,407.1877597801516,396.5323791503906,396.5323791503906,122000,0.0,0.0
2003-06-25 00:00:00+09:00,407.1877868225524,408.13916015625,401.47954682036715,408.13916015625,109000,0.0,0.0
2003-06-26 00:00:00+09:00,408.3293340637293,408.51960868351665,402.8113700898951,405.09466552734375,69000,0.0,0.0
2003-06-27 00:00:00+09:00,405.4753980584101,415.7502321715749,405.4753980584101,414.7988586425781,187000,0.0,0.0
2003-06-30 00:00:00+09:00,418.6040816080426,418.6040816080426,408.3292541503906,408.3292541503906,200000,0.0,0.0
2003-07-01 00:00:00+09:00,412.896013282306,412.896013282306,404.7142028808594,404.7142028808594,118000,0.0,0.0
2003-07-02 00:00:00+09:00,404.714169148763,430.97207010904947,404.714169148763,428.1179504394531,507000,0.0,0.0
2003-07-03 00:00:00+09:00,433.82613704470896,437.6316294749257,418.604167323842,424.12213134765625,363000,0.0,0.0
2003-07-04 00:00:00+09:00,412.70573711270276,435.72897094886554,412.70573711270276,435.5386962890625,151000,0.0,0.0
2003-07-07 00:00:00+09:00,424.12225253417756,433.826261004004,418.0334629060512,433.635986328125,265000,0.0,0.0
2003-07-08 00:00:00+09:00,433.63590605998286,445.0523844994734,424.8832725897068,436.8705749511719,340000,0.0,0.0
2003-07-09 00:00:00+09:00,442.57893132046837,450.3801936524285,438.7734375,438.7734375,408000,0.0,0.0
2003-07-10 00:00:00+09:00,447.14550417430604,464.07995092814144,444.48165861752295,456.4689636230469,636000,0.0,0.0
2003-07-11 00:00:00+09:00,446.7649012174394,446.7649012174394,426.2152379587156,435.5386962890625,366000,0.0,0.0
2003-07-14 00:00:00+09:00,435.72908044990845,453.2343535509528,433.826333373708,441.81787109375,209000,0.0,0.0
2003-07-15 00:00:00+09:00,441.8177742873566,453.4245289090313,441.8177742873566,450.9509582519531,197000,0.0,0.0
2003-07-16 00:00:00+09:00,433.82628754861486,441.43727504946776,426.215300047762,435.7290344238281,240000,0.0,0.0
2003-07-17 00:00:00+09:00,418.9848131108467,428.11799704786785,418.7945384454921,422.219482421875,291000,0.0,0.0
2003-07-18 00:00:00+09:00,416.3209676215568,430.0207435213521,410.8030023285837,426.9763488769531,155000,0.0,0.0
2003-07-21 00:00:00+09:00,426.9763488769531,426.9763488769531,426.9763488769531,426.9763488769531,0,0.0,0.0
2003-07-22 00:00:00+09:00,411.37387442109883,435.7290344238281,411.37387442109883,435.7290344238281,187000,0.0,0.0
2003-07-23 00:00:00+09:00,430.02083510652596,430.02083510652596,412.8961115845847,414.7988586425781,251000,0.0,0.0
2003-07-24 00:00:00+09:00,430.02069688585067,432.874816555447,426.59575328233507,428.1179504394531,265000,0.0,0.0
2003-07-25 00:00:00+09:00,429.44996030619814,429.44996030619814,414.7988096887514,415.75018310546875,192000,0.0,0.0
2003-07-28 00:00:00+09:00,421.45822307041715,430.9719527108329,421.45822307041715,426.215087890625,261000,0.0,0.0
2003-07-29 00:00:00+09:00,431.9234678518718,431.9234678518718,420.5069885253906,420.5069885253906,143000,0.0,0.0
2003-07-30 00:00:00+09:00,428.1180395768345,431.16243452493643,424.5028205759635,427.9277648925781,264000,0.0,0.0
2003-07-31 00:00:00+09:00,422.2195811439054,427.92782243922636,418.60436165686883,422.7904052734375,115000,0.0,0.0
2003-08-01 00:00:00+09:00,428.11799972638454,428.11799972638454,414.9890477347754,417.65289306640625,220000,0.0,0.0
2003-08-04 00:00:00+09:00,420.50703403014995,420.50703403014995,416.8918151855469,416.8918151855469,93000,0.0,0.0
2003-08-05 00:00:00+09:00,417.08204472744626,423.17083370156956,417.08204472744626,420.5069885253906,341000,0.0,0.0
2003-08-06 00:00:00+09:00,418.6043051344838,421.4584253967644,413.8474380306829,420.69732666015625,240000,0.0,0.0
2003-08-07 00:00:00+09:00,420.1264136316117,424.3124557964194,419.74586434390187,420.88751220703125,200000,0.0,0.0
2003-08-08 00:00:00+09:00,420.88755976439273,424.3125037407757,420.1264611029743,422.219482421875,268000,0.0,0.0
2003-08-11 00:00:00+09:00,421.4583392444565,437.63168409130924,421.4583392444565,430.5915222167969,125000,0.0,0.0
2003-08-12 00:00:00+09:00,430.21101640581014,444.29134157787115,428.30826976093704,443.5302429199219,151000,0.0,0.0
2003-08-13 00:00:00+09:00,437.82211641921214,442.95953369140625,437.82211641921214,442.95953369140625,32000,0.0,0.0
2003-08-14 00:00:00+09:00,442.9594474998681,450.95098392383477,442.76917282310694,450.5704345703125,81000,0.0,0.0
2003-08-15 00:00:00+09:00,443.14974975585943,443.14974975585943,443.14974975585943,443.1497497558594,151000,0.0,0.0
2003-08-18 00:00:00+09:00,456.65920204204645,458.56194871722164,447.1454686661705,448.8579406738281,206000,0.0,0.0
2003-08-19 00:00:00+09:00,454.5661950530367,454.9467444000882,447.9065814796352,454.7564697265625,125000,0.0,0.0
2003-08-20 00:00:00+09:00,443.3399583995468,452.2828674316406,443.3399583995468,452.2828674316406,198000,0.0,0.0
2003-08-21 00:00:00+09:00,446.5746276239211,452.85369141241256,446.5746276239211,452.2828674316406,66000,0.0,0.0
2003-08-22 00:00:00+09:00,446.5746567366288,453.80509429776725,446.5746567366288,449.809326171875,104000,0.0,0.0
2003-08-25 00:00:00+09:00,449.8093848048859,452.8537799643098,449.6191101074219,449.6191101074219,104000,0.0,0.0
2003-08-26 00:00:00+09:00,455.3272937471398,457.03976580887155,453.80509635893367,454.7564697265625,228000,0.0,0.0
2003-08-27 00:00:00+09:00,449.0483178105285,452.47326260738845,443.3400764824286,444.8622741699219,92000,0.0,0.0
2003-08-28 00:00:00+09:00,454.75648340685615,454.75648340685615,441.437255859375,441.437255859375,72000,0.0,0.0
2003-08-29 00:00:00+09:00,442.7690818978959,455.7077572606191,442.7690818978959,452.8536376953125,136000,0.0,0.0
2003-09-01 00:00:00+09:00,454.5662746085561,459.5134169860456,449.048308110587,453.80517578125,195000,0.0,0.0
2003-09-02 00:00:00+09:00,447.90658811662354,448.09686279296875,438.9636783283987,448.09686279296875,234000,0.0,0.0
2003-09-03 00:00:00+09:00,450.38007575155365,456.65913891158795,446.76485756850354,451.14117431640625,330000,0.0,0.0
2003-09-04 00:00:00+09:00,445.4329456936583,466.1728820800781,445.4329456936583,466.1728820800781,405000,0.0,0.0
2003-09-05 00:00:00+09:00,451.1412145996094,451.3314892578125,428.87907958984374,432.8748474121094,412000,0.0,0.0
2003-09-08 00:00:00+09:00,432.8748045933929,438.58304377484427,430.7817835601941,431.9234313964844,105000,0.0,0.0
2003-09-09 00:00:00+09:00,432.49429208994945,442.9593981457995,432.3040174343885,439.5344543457031,132000,0.0,0.0
2003-09-10 00:00:00+09:00,433.6359510984776,433.6359510984776,418.60425292525264,418.98480224609375,341000,0.0,0.0
2003-09-11 00:00:00+09:00,420.5069561250521,423.74162501832177,409.0904776782181,413.2765197753906,480000,0.0,0.0
2003-09-12 00:00:00+09:00,418.6043195026677,436.87068980823864,418.6043195026677,429.0694274902344,511000,0.0,0.0
2003-09-15 00:00:00+09:00,429.0694274902344,429.0694274902344,429.0694274902344,429.0694274902344,0,0.0,0.0
2003-09-16 00:00:00+09:00,430.97217687085686,434.77767070636116,413.84745461108776,422.0292663574219,307000,0.0,0.0
2003-09-17 00:00:00+09:00,410.9933425615419,416.3210340391915,400.1476849106123,403.3823547363281,597000,0.0,0.0
2003-09-18 00:00:00+09:00,410.8030251182804,421.8389563164556,407.7586303049907,421.648681640625,410000,0.0,0.0
2003-09-19 00:00:00+09:00,435.7289586229734,435.7289586229734,420.5069862693324,429.8304443359375,429000,0.0,0.0
2003-09-22 00:00:00+09:00,418.60428919035076,419.745937251779,403.001765684165,409.8516540527344,409000,0.0,0.0
2003-09-23 00:00:00+09:00,409.8516540527344,409.8516540527344,409.8516540527344,409.8516540527344,0,0.0,0.0
2003-09-24 00:00:00+09:00,418.60430908203125,422.2195281150124,411.56414570201525,418.60430908203125,339000,0.0,0.0
2003-09-25 00:00:00+09:00,430.5920254920715,430.5920254920715,415.89737172584006,423.43804931640625,205000,35.0,0.0
2003-09-26 00:00:00+09:00,423.4380406448971,425.3715476798053,420.5377800925348,423.24468994140625,165000,0.0,0.0
2003-09-29 00:00:00+09:00,423.2447463961413,430.20537265025786,423.2447463961413,423.8247985839844,98000,0.0,0.0
2003-09-30 00:00:00+09:00,430.2052436047598,437.35921844223225,425.37147682268386,432.52545166015625,170000,0.0,0.0
2003-10-01 00:00:00+09:00,436.58585813291853,444.70658711501886,432.52549364186837,441.61297607421875,263000,0.0,0.0
2003-10-02 00:00:00+09:00,452.0538199008201,458.0476900534828,444.70649519755614,451.0870666503906,348000,0.0,0.0
2003-10-03 00:00:00+09:00,446.64001902704655,449.733629548446,444.7065124511719,444.7065124511719,64000,0.0,0.0
2003-10-06 00:00:00+09:00,444.7066752115885,464.04174804687494,441.61306355794267,464.041748046875,275000,0.0,0.0
2003-10-07 00:00:00+09:00,467.9085738662795,478.9295609366836,464.2349115094781,474.0957946777344,272000,0.0,0.0
2003-10-08 00:00:00+09:00,475.4493013770835,483.3766789112276,474.09584667613206,477.9628601074219,320000,0.0,0.0
2003-10-09 00:00:00+09:00,483.1834407358862,491.8842229820306,477.76962067161855,484.5368957519531,241000,0.0,0.0
2003-10-10 00:00:00+09:00,498.8448025676354,499.038153266305,490.3373718261718,490.3373718261719,208000,0.0,0.0
2003-10-13 00:00:00+09:00,490.3373718261718,490.3373718261718,490.3373718261718,490.3373718261719,0,0.0,0.0
2003-10-14 00:00:00+09:00,522.0469087464004,525.9139228852627,506.96555360483774,509.8658142089844,477000,0.0,0.0
2003-10-15 00:00:00+09:00,515.666341122475,515.666341122475,497.8780758869042,505.22540283203125,156000,0.0,0.0
2003-10-16 00:00:00+09:00,523.9804205942222,540.8019322516751,520.5001078375078,540.6085815429688,303000,0.0,0.0
2003-10-17 00:00:00+09:00,523.2069791666667,524.5604340277778,520.30671875,522.046875,367000,0.0,0.0
2003-10-20 00:00:00+09:00,521.8534456114514,536.7414468386029,511.99256168177965,527.0739135742188,538000,0.0,0.0
2003-10-21 00:00:00+09:00,523.0136688329379,527.8474365670686,482.2166691568752,486.8570861816406,312000,0.0,0.0
2003-10-22 00:00:00+09:00,492.6575208230523,501.74500256507883,471.3889465332031,471.3889465332031,232000,0.0,0.0
2003-10-23 00:00:00+09:00,465.5885053887425,471.00232521884413,448.9603444820017,449.3470458984375,124000,0.0,0.0
2003-10-24 00:00:00+09:00,455.1474774389436,486.8569873369839,455.1474774389436,467.71527099609375,164000,0.0,0.0
2003-10-27 00:00:00+09:00,461.91473388671875,467.71525377646407,456.8876166489395,461.91473388671875,227000,0.0,0.0
2003-10-28 00:00:00+09:00,464.041751075915,471.5824295308986,458.627930646696,467.5220642089844,146000,0.0,0.0
2003-10-29 00:00:00+09:00,468.2954128672655,478.34964964228527,464.42839872302716,474.4826354980469,112000,0.0,0.0
2003-10-30 00:00:00+09:00,485.3103493926833,490.7241700233586,481.0566331828669,488.4039611816406,394000,0.0,0.0
2003-10-31 00:00:00+09:00,488.40370622114705,488.40370622114705,467.9085388183594,467.9085388183594,269000,0.0,0.0
2003-11-03 00:00:00+09:00,467.9085388183594,467.9085388183594,467.9085388183594,467.9085388183594,0,0.0,0.0
2003-11-04 00:00:00+09:00,489.95054781136065,489.95054781136065,464.0415606737433,467.3285217285156,91000,0.0,0.0
2003-11-05 00:00:00+09:00,464.2349288675059,464.81498084026833,435.4256808869735,444.7065124511719,587000,0.0,0.0
2003-11-06 00:00:00+09:00,449.73374315459154,454.3741601088952,444.7066247874293,448.5736389160156,275000,0.0,0.0
2003-11-07 00:00:00+09:00,459.40122348447386,463.6549385167375,452.24724820293955,458.2411193847656,249000,0.0,0.0
2003-11-10 00:00:00+09:00,462.68821372609636,502.71180764222754,461.14140816412026,490.1440124511719,429000,0.0,0.0
2003-11-11 00:00:00+09:00,483.3767035315924,484.5368076200682,448.57358087731774,458.8211669921875,177000,0.0,0.0
2003-11-12 00:00:00+09:00,448.3803618928076,449.5404663220258,435.03916095679915,439.2928771972656,282000,0.0,0.0
2003-11-13 00:00:00+09:00,444.7066563842295,452.2473344707447,437.7460304582155,444.5133056640625,177000,0.0,0.0
2003-11-14 00:00:00+09:00,444.7065840213495,446.8334415971038,434.0722961425781,434.0722961425781,127000,0.0,0.0
2003-11-17 00:00:00+09:00,438.3259088208713,438.3259088208713,411.25681873047785,414.93048095703125,94000,0.0,0.0
2003-11-18 00:00:00+09:00,410.8701770030619,430.0118934846163,410.8701770030619,425.7581787109375,188000,0.0,0.0
2003-11-19 00:00:00+09:00,425.1782536889515,432.71893213091107,417.0575230591489,423.8247985839844,187000,0.0,0.0
2003-11-20 00:00:00+09:00,423.824763533955,431.94549349217857,422.47130854091773,424.4048156738281,167000,0.0,0.0
2003-11-21 00:00:00+09:00,418.6042971224398,443.54653930664057,418.6042971224398,443.5465393066406,264000,0.0,0.0
2003-11-24 00:00:00+09:00,443.54653930664057,443.54653930664057,443.54653930664057,443.5465393066406,0,0.0,0.0
2003-11-25 00:00:00+09:00,444.8999595009083,450.7004804852748,436.97258082227415,442.7731018066406,245000,0.0,0.0
2003-11-26 00:00:00+09:00,442.9663393081311,452.0538198613752,442.9663393081311,449.7336120605469,100000,0.0,0.0
2003-11-27 00:00:00+09:00,461.3347087454289,464.04161818484044,454.37408447265625,454.37408447265625,226000,0.0,0.0
2003-11-28 00:00:00+09:00,445.28676886094354,453.40750020795167,436.9726867675781,436.9726867675781,119000,0.0,0.0
2003-12-01 00:00:00+09:00,436.9726218306911,452.2473285230028,431.9455031724619,449.1537170410156,195000,0.0,0.0
2003-12-02 00:00:00+09:00,454.9542562872609,464.6217925449587,454.374204111799,461.1414794921875,260000,0.0,0.0
2003-12-03 00:00:00+09:00,452.05399669541254,454.3742054038578,443.73991549015045,445.4800720214844,99000,0.0,0.0
2003-12-04 00:00:00+09:00,445.6732701733089,445.6732701733089,439.29269840943937,441.4195556640625,82000,0.0,0.0
2003-12-05 00:00:00+09:00,441.6129958353769,441.6129958353769,425.5648878431106,431.17205810546875,150000,0.0,0.0
2003-12-08 00:00:00+09:00,425.7582536227967,435.0390874892337,421.5045381006797,422.6646423339844,106000,0.0,0.0
2003-12-09 00:00:00+09:00,428.65852640372555,429.04522782583086,424.4048107605673,426.33831787109375,178000,0.0,0.0
2003-12-10 00:00:00+09:00,425.75823305264726,425.75823305264726,413.7704898876772,416.0906982421875,202000,0.0,0.0
2003-12-11 00:00:00+09:00,419.7643895850991,419.7643895850991,406.03648923478033,409.90350341796875,136000,0.0,0.0
2003-12-12 00:00:00+09:00,423.2447268227055,423.2447268227055,413.3838400854017,417.2508544921875,293000,0.0,0.0
2003-12-15 00:00:00+09:00,421.50455047912874,427.49842252722647,420.344446211755,424.98486328125,164000,0.0,0.0
2003-12-16 00:00:00+09:00,418.7974938270874,424.2113118451661,414.73713031352844,414.93048095703125,166000,0.0,0.0
2003-12-17 00:00:00+09:00,414.9305298563689,414.9305298563689,395.40211256117163,397.7223205566406,283000,0.0,0.0
2003-12-18 00:00:00+09:00,393.2753087886246,394.4354129443433,386.7013852395522,388.0548400878906,233000,0.0,0.0
2003-12-19 00:00:00+09:00,396.36895374786394,403.1362285679494,390.56843247350497,394.2420959472656,744000,0.0,0.0
2003-12-22 00:00:00+09:00,395.98224362119726,396.1755943260904,393.6620351624793,394.0487365722656,87000,0.0,0.0
2003-12-23 00:00:00+09:00,394.0487365722656,394.0487365722656,394.0487365722656,394.0487365722656,0,0.0,0.0
2003-12-24 00:00:00+09:00,402.169475051592,414.7372711469542,401.9761243424325,409.90350341796875,345000,0.0,0.0
2003-12-25 00:00:00+09:00,407.9700444359024,412.03040980706544,406.03653711630096,408.9367980957031,87000,0.0,0.0
2003-12-26 00:00:00+09:00,408.9368300489009,415.1240539550781,408.9368300489009,415.1240539550781,71000,0.0,0.0
2003-12-29 00:00:00+09:00,412.80378385949376,423.4380733734386,412.80378385949376,416.4774475097656,60000,0.0,0.0
2003-12-30 00:00:00+09:00,416.6706935196064,420.5377069165401,414.7371868211396,416.8640441894531,20000,0.0,0.0
2003-12-31 00:00:00+09:00,416.8640441894531,416.8640441894531,416.8640441894531,416.8640441894531,0,0.0,0.0
2004-01-01 00:00:00+09:00,416.8640441894531,416.8640441894531,416.8640441894531,416.8640441894531,0,0.0,0.0
2004-01-02 00:00:00+09:00,416.8640441894531,416.8640441894531,416.8640441894531,416.8640441894531,0,0.0,0.0
2004-01-05 00:00:00+09:00,423.24474888424317,434.0723897876318,421.5045923104843,428.6585693359375,101000,0.0,0.0
2004-01-06 00:00:00+09:00,431.1721005234097,437.9393756437323,429.43194406389824,434.84576416015625,230000,0.0,0.0
2004-01-07 00:00:00+09:00,434.8457654750968,437.16597409479493,426.1449831512287,430.785400390625,145000,0.0,0.0
2004-01-08 00:00:00+09:00,430.785196725097,442.77293559267156,430.785196725097,439.0992736816406,114000,0.0,0.0
2004-01-09 00:00:00+09:00,444.5133830988519,457.2745328528859,442.7732263142109,455.1476745605469,363000,0.0,0.0
2004-01-12 00:00:00+09:00,455.14767456054693,455.14767456054693,455.14767456054693,455.1476745605469,0,0.0,0.0
2004-01-13 00:00:00+09:00,464.0416904171137,464.0416904171137,448.76698477421706,450.50714111328125,225000,0.0,0.0
2004-01-14 00:00:00+09:00,450.5071779892412,450.7005287094083,441.03299270105543,444.5133056640625,421000,0.0,0.0
2004-01-15 00:00:00+09:00,438.71276936668517,442.77313435421286,431.1720915327051,436.005859375,290000,0.0,0.0
2004-01-16 00:00:00+09:00,440.2596211306115,448.38035195515505,440.2596211306115,441.8064270019531,176000,0.0,0.0
2004-01-19 00:00:00+09:00,444.70658408717105,459.401236430921,444.70658408717105,459.2078857421875,154000,0.0,0.0
2004-01-20 00:00:00+09:00,463.8482805683288,463.8482805683288,446.2533687168415,456.6943054199219,217000,0.0,0.0
2004-01-21 00:00:00+09:00,450.8939025670595,456.5010737396344,450.31385037679314,453.214111328125,59000,0.0,0.0
2004-01-22 00:00:00+09:00,453.2140509740478,456.3076622434952,449.7337382959194,450.50714111328125,178000,0.0,0.0
2004-01-23 00:00:00+09:00,446.6401950209888,458.24123904750803,446.6401950209888,453.407470703125,115000,0.0,0.0
2004-01-26 00:00:00+09:00,453.4074016783882,459.2079228086021,447.9935819568552,450.50714111328125,108000,0.0,0.0
2004-01-27 00:00:00+09:00,447.02678703620813,451.0871514513294,438.71270751953125,438.71270751953125,151000,0.0,0.0
2004-01-28 00:00:00+09:00,427.30488886151994,442.7729391370501,427.30488886151994,433.10540771484375,301000,0.0,0.0
2004-01-29 00:00:00+09:00,433.4923433338512,434.4590969987349,422.27800082120024,425.3716125488281,132000,0.0,0.0
2004-01-30 00:00:00+09:00,429.0452198324682,429.2385705399186,421.5045422419021,423.43804931640625,88000,0.0,0.0
2004-02-02 00:00:00+09:00,423.4381360790038,424.0181883202079,414.7373524609421,415.1240539550781,112000,0.0,0.0
2004-02-03 00:00:00+09:00,425.1782455025138,426.3383498558631,409.90353818341487,422.2779846191406,171000,0.0,0.0
2004-02-04 00:00:00+09:00,425.37153137122226,425.56488206730006,408.3566701163733,417.44415283203125,278000,0.0,0.0
2004-02-05 00:00:00+09:00,406.0363897876205,413.7704162597656,406.0363897876205,413.7704162597656,130000,0.0,0.0
2004-02-06 00:00:00+09:00,416.4774197563597,424.4047986839413,416.28406905080897,422.6646423339844,101000,0.0,0.0
2004-02-09 00:00:00+09:00,416.86406584253587,421.31113148000264,415.317260403417,418.024169921875,118000,0.0,0.0
2004-02-10 00:00:00+09:00,415.317344407029,415.317344407029,397.91577969723727,399.46258544921875,215000,0.0,0.0
2004-02-11 00:00:00+09:00,399.46258544921875,399.46258544921875,399.46258544921875,399.46258544921875,0,0.0,0.0
2004-02-12 00:00:00+09:00,405.26296124515216,411.25683137807187,402.1693508539678,405.0696105957031,194000,0.0,0.0
2004-02-13 00:00:00+09:00,405.26304035517524,409.71010616059937,401.3960266113281,401.3960266113281,96000,0.0,0.0
2004-02-16 00:00:00+09:00,406.03643336002295,407.9699401855469,402.5561210740799,407.9699401855469,79000,0.0,0.0
2004-02-17 00:00:00+09:00,396.5622880105326,408.163330078125,396.5622880105326,408.163330078125,111000,0.0,0.0
2004-02-18 00:00:00+09:00,405.0697734037663,415.7040633976599,404.1030197679578,412.8038024902344,293000,0.0,0.0
2004-02-19 00:00:00+09:00,412.8036935397621,419.57096720434834,410.8701867784517,412.4169921875,194000,0.0,0.0
2004-02-20 00:00:00+09:00,410.87028344772716,410.87028344772716,405.2631125206758,409.130126953125,106000,0.0,0.0
2004-02-23 00:00:00+09:00,417.0574591845233,422.4712787752357,412.8037437918207,421.6978759765625,141000,0.0,0.0
2004-02-24 00:00:00+09:00,425.1782531738281,425.3716039028749,419.57108203147203,425.1782531738281,243000,0.0,0.0
2004-02-25 00:00:00+09:00,428.851882079522,428.851882079522,420.7311521212984,424.4048156738281,94000,0.0,0.0
2004-02-26 00:00:00+09:00,415.70403240217627,428.4651794433594,413.3838238492339,428.4651794433594,166000,0.0,0.0
2004-02-27 00:00:00+09:00,428.85188579893946,440.83963012695307,428.27183365403556,440.8396301269531,183000,0.0,0.0
2004-03-01 00:00:00+09:00,442.77311293966267,453.4074016783882,442.77311293966267,450.50714111328125,216000,0.0,0.0
2004-03-02 00:00:00+09:00,453.4074504860292,461.1414794921875,450.50718960871984,461.1414794921875,293000,0.0,0.0
2004-03-03 00:00:00+09:00,463.84831528863987,463.84831528863987,455.72758613394086,460.1746520996094,139000,0.0,0.0
2004-03-04 00:00:00+09:00,455.3408847456219,460.1746520996094,453.0206764157079,460.1746520996094,85000,0.0,0.0
2004-03-05 00:00:00+09:00,460.1745519999421,470.42213656128536,459.9812013478413,469.45538330078125,290000,0.0,0.0
2004-03-08 00:00:00+09:00,473.70925240961304,483.37678817307454,473.70925240961304,481.05657958984375,175000,0.0,0.0
2004-03-09 00:00:00+09:00,469.84220484683385,479.5097399259868,464.0416837993421,477.57623291015625,178000,0.0,0.0
2004-03-10 00:00:00+09:00,471.7756955264099,475.6427094241673,462.3015114769041,473.129150390625,210000,0.0,0.0
2004-03-11 00:00:00+09:00,464.0416176605866,464.0416176605866,451.08712250089525,459.78790283203125,142000,0.0,0.0
2004-03-12 00:00:00+09:00,454.37407904113365,472.7423928747114,454.37407904113365,467.1352233886719,298000,0.0,0.0
2004-03-15 00:00:00+09:00,465.0083985232923,482.21660952893603,465.0083985232923,481.4432067871094,180000,0.0,0.0
2004-03-16 00:00:00+09:00,481.0564711908086,481.2498218625091,466.3618201415717,473.9024963378906,106000,0.0,0.0
2004-03-17 00:00:00+09:00,464.0416465299826,473.1291287745281,464.0416465299826,471.9690246582031,118000,0.0,0.0
2004-03-18 00:00:00+09:00,476.6093529419905,480.0896646470436,465.0083139251469,467.3285217285156,173000,0.0,0.0
2004-03-19 00:00:00+09:00,455.7276870468915,471.00239526780985,455.7276870468915,456.3077392578125,192000,0.0,0.0
2004-03-22 00:00:00+09:00,462.1081114424036,467.9086316697141,454.37408447265625,454.37408447265625,150000,0.0,0.0
2004-03-23 00:00:00+09:00,471.7755515358665,473.12900598699395,459.59446147571913,467.9085388183594,217000,0.0,0.0
2004-03-24 00:00:00+09:00,468.1020305601489,468.4887319484679,456.5009889105789,460.1746520996094,280000,0.0,0.0
2004-03-25 00:00:00+09:00,454.5674564023561,462.49483441702927,454.5674564023561,458.2411193847656,301000,0.0,0.0
2004-03-26 00:00:00+09:00,472.2346831709085,482.2864230881524,472.2346831709085,477.95037841796875,247000,45.0,0.0
2004-03-29 00:00:00+09:00,483.86337878896865,492.5354719322333,482.68082063306895,492.33837890625,138000,0.0,0.0
2004-03-30 00:00:00+09:00,490.7613781951051,490.7613781951051,483.27184712224806,486.2282409667969,224000,0.0,0.0
2004-03-31 00:00:00+09:00,488.7905798680279,494.703369140625,487.21383606200203,494.703369140625,304000,0.0,0.0
2004-04-01 00:00:00+09:00,494.7033053636551,508.1056259870529,494.7033053636551,504.5579528808594,270000,0.0,0.0
2004-04-02 00:00:00+09:00,501.9957985774651,509.2882385253906,496.0830094304985,509.2882385253906,71000,0.0,0.0
2004-04-05 00:00:00+09:00,510.6678818374336,517.171949803715,510.6678818374336,514.6097412109375,286000,0.0,0.0
2004-04-06 00:00:00+09:00,516.3837701630574,527.6180735597346,513.4273745323529,527.0267944335938,248000,0.0,0.0
2004-04-07 00:00:00+09:00,527.0266752294433,527.0266752294433,512.047607421875,512.047607421875,125000,0.0,0.0
2004-04-08 00:00:00+09:00,502.19292429526024,510.27373665636924,500.61618041992193,500.6161804199219,350000,0.0,0.0
2004-04-09 00:00:00+09:00,500.61617169201486,504.558031311637,494.90047524356277,499.6307067871094,339000,0.0,0.0
2004-04-12 00:00:00+09:00,487.80517458213103,503.57261456862415,486.42552358331284,501.6016845703125,258000,0.0,0.0
2004-04-13 00:00:00+09:00,498.251130105198,505.54357148727564,496.67438602258665,497.65985107421875,159000,0.0,0.0
2004-04-14 00:00:00+09:00,491.74701257392087,498.64526725932654,491.74701257392087,496.2801513671875,192000,0.0,0.0
2004-04-15 00:00:00+09:00,497.8568383921748,498.25102432914406,466.9132423400879,471.4463806152344,356000,0.0,0.0
2004-04-16 00:00:00+09:00,471.44641896565753,477.35920850118,467.3074662907918,473.0231628417969,238000,0.0,0.0
2004-04-19 00:00:00+09:00,473.02317625398086,475.3882921352508,457.2557370455149,464.15399169921875,217000,0.0,0.0
2004-04-20 00:00:00+09:00,458.24116237914365,466.12488130179554,457.4527904868784,463.759765625,154000,0.0,0.0
2004-04-21 00:00:00+09:00,463.56275273785536,473.02321707944424,460.21217161687593,464.5482177734375,325000,0.0,0.0
2004-04-22 00:00:00+09:00,488.19926875822256,488.79054764650465,469.0812513704359,474.0085754394531,492000,0.0,0.0
2004-04-23 00:00:00+09:00,462.1830617981605,464.15399169921875,457.05864405540905,464.15399169921875,454000,0.0,0.0
2004-04-26 00:00:00+09:00,475.97956837772705,499.6307270548812,472.4318945761539,492.9295654296875,577000,0.0,0.0
2004-04-27 00:00:00+09:00,487.21366139357,492.73226273621566,485.4398252477197,489.3816833496094,204000,0.0,0.0
2004-04-28 00:00:00+09:00,492.73240831163196,493.71787312825523,482.87776014539935,487.8050842285156,184000,0.0,0.0
2004-04-29 00:00:00+09:00,487.8050842285156,487.8050842285156,487.8050842285156,487.8050842285156,0,0.0,0.0
2004-04-30 00:00:00+09:00,469.0813248222208,478.7388815097371,466.32202291150185,472.0377197265625,272000,0.0,0.0
2004-05-03 00:00:00+09:00,472.0377197265625,472.0377197265625,472.0377197265625,472.0377197265625,0,0.0,0.0
2004-05-04 00:00:00+09:00,472.0377197265625,472.0377197265625,472.0377197265625,472.0377197265625,0,0.0,0.0
2004-05-05 00:00:00+09:00,472.0377197265625,472.0377197265625,472.0377197265625,472.0377197265625,0,0.0,0.0
2004-05-06 00:00:00+09:00,483.8632064630956,500.41901474940926,478.1475107452016,478.9358825683594,574000,0.0,0.0
2004-05-07 00:00:00+09:00,461.19752179998926,463.1684513803311,459.22659221964744,459.81787109375,501000,0.0,0.0
2004-05-10 00:00:00+09:00,453.90502604337155,453.90502604337155,414.2893463930382,423.3556213378906,426000,0.0,0.0
2004-05-11 00:00:00+09:00,419.61093883295166,451.34290743422235,419.2167528875943,428.6772155761719,335000,0.0,0.0
2004-05-12 00:00:00+09:00,452.3283730147942,452.3283730147942,435.5754703105425,442.4737243652344,405000,0.0,0.0
2004-05-13 00:00:00+09:00,442.27666293283795,442.27666293283795,433.60457150278233,434.9842224121094,191000,0.0,0.0
2004-05-14 00:00:00+09:00,429.07134139062316,434.9841297423543,415.27483523658384,420.00506591796875,168000,0.0,0.0
2004-05-17 00:00:00+09:00,423.94698351499875,425.7208202661075,405.0260581698384,414.8807067871094,97000,0.0,0.0
2004-05-18 00:00:00+09:00,406.2086603120275,439.51737627162606,406.0115673181837,431.83074951171875,264000,0.0,0.0
2004-05-19 00:00:00+09:00,455.48196238845395,455.48196238845395,437.546497837459,450.3575439453125,464000,0.0,0.0
2004-05-20 00:00:00+09:00,450.5544727722444,450.5544727722444,431.63355003115277,435.5754089355469,528000,0.0,0.0
2004-05-21 00:00:00+09:00,435.7726487286323,447.4011364151946,434.1959046355391,445.4302062988281,103000,0.0,0.0
2004-05-24 00:00:00+09:00,440.8969768452065,446.80976598483824,437.9405822753906,437.9405822753906,59000,0.0,0.0
2004-05-25 00:00:00+09:00,437.9406146679598,441.48828841414485,429.85980224609375,429.85980224609375,193000,0.0,0.0
2004-05-26 00:00:00+09:00,433.013305308571,446.4156288229009,433.013305308571,439.91156005859375,283000,0.0,0.0
2004-05-27 00:00:00+09:00,440.6997687497376,441.6852333489096,437.546282032387,440.1084899902344,105000,0.0,0.0
2004-05-28 00:00:00+09:00,439.91144541699174,443.459118363903,435.5754007041002,442.0794677734375,156000,0.0,0.0
2004-05-31 00:00:00+09:00,449.37199878777545,449.37199878777545,435.57549005306305,442.67083740234375,73000,0.0,0.0
2004-06-01 00:00:00+09:00,442.6708003241585,450.35742597537944,441.09405660083115,447.4010314941406,150000,0.0,0.0
2004-06-02 00:00:00+09:00,447.5981416630055,447.5981416630055,441.4882595002784,442.4737243652344,47000,0.0,0.0
2004-06-03 00:00:00+09:00,446.2185074215179,446.2185074215179,430.845254957349,431.23944091796875,143000,0.0,0.0
2004-06-04 00:00:00+09:00,433.80170072085787,437.9406537945235,430.8453056682396,437.7435607910156,163000,0.0,0.0
2004-06-07 00:00:00+09:00,438.3346356363163,441.48812222362795,437.7433569011954,438.1375427246094,150000,0.0,0.0
2004-06-08 00:00:00+09:00,443.06494646560157,449.174827844798,442.67076057016953,447.0068054199219,130000,0.0,0.0
2004-06-09 00:00:00+09:00,439.7144812248268,440.89703922005265,431.63366825744987,437.349365234375,234000,0.0,0.0
2004-06-10 00:00:00+09:00,437.5463779010299,437.5463779010299,431.83068197349394,436.5609130859375,201000,0.0,0.0
2004-06-11 00:00:00+09:00,440.1085464701235,446.4155207142095,436.56087345782515,443.6562194824219,399000,0.0,0.0
2004-06-14 00:00:00+09:00,437.54635798994644,446.80972683027414,437.54635798994644,443.85333251953125,77000,0.0,0.0
2004-06-15 00:00:00+09:00,447.79521021815515,448.3864891048869,440.6998635773745,445.2330017089844,244000,0.0,0.0
2004-06-16 00:00:00+09:00,443.65630319811356,455.2847891548833,443.65630319811356,448.9778137207031,164000,0.0,0.0
2004-06-17 00:00:00+09:00,454.8905059070122,459.2265505907012,445.6271377191311,452.525390625,173000,0.0,0.0
2004-06-18 00:00:00+09:00,457.2558927617522,461.19775390625006,453.31403161725433,461.19775390625,230000,0.0,0.0
2004-06-21 00:00:00+09:00,461.39469487671107,472.8260884276932,461.39469487671107,467.50457763671875,211000,0.0,0.0
2004-06-22 00:00:00+09:00,457.05869199588466,460.6063661899019,449.37206457551406,452.91973876953125,302000,0.0,0.0
2004-06-23 00:00:00+09:00,452.9196124428556,452.9196124428556,437.54636188996494,440.8969421386719,450000,0.0,0.0
2004-06-24 00:00:00+09:00,441.685376860218,446.41560847317885,434.3929364569034,439.7144470214844,296000,0.0,0.0
2004-06-25 00:00:00+09:00,449.1748634168837,449.1748634168837,440.502773030599,443.45916748046875,220000,0.0,0.0
2004-06-28 00:00:00+09:00,449.37196748269207,450.3574323236629,445.4301081188088,450.16033935546875,97000,0.0,0.0
2004-06-29 00:00:00+09:00,449.174807593936,449.174807593936,435.7724877534851,438.7288818359375,302000,0.0,0.0
2004-06-30 00:00:00+09:00,446.41554211032,458.2411193847656,438.72891688193045,458.2411193847656,327000,0.0,0.0
2004-07-01 00:00:00+09:00,458.83241111804807,458.83241111804807,449.96322791344664,456.27020263671875,268000,0.0,0.0
2004-07-02 00:00:00+09:00,453.3137436879676,453.3137436879676,445.62711933847595,451.1457214355469,155000,0.0,0.0
2004-07-05 00:00:00+09:00,449.3718857652559,454.69339493879187,440.50270380936274,450.554443359375,260000,0.0,0.0
2004-07-06 00:00:00+09:00,438.9261246034763,442.07961270121115,436.5610085301751,440.50286865234375,369000,0.0,0.0
2004-07-07 00:00:00+09:00,431.63361726500847,433.21036107236927,424.73536310780514,430.8452453613281,377000,0.0,0.0
2004-07-08 00:00:00+09:00,436.75798493341983,436.75798493341983,428.8742667938274,429.4655456542969,179000,0.0,0.0
2004-07-09 00:00:00+09:00,426.7063420265232,433.2104109812,423.7499470471247,431.6336669921875,171000,0.0,0.0
2004-07-12 00:00:00+09:00,445.4300590538989,445.4300590538989,435.7725046761816,441.2911071777344,214000,0.0,0.0
2004-07-13 00:00:00+09:00,441.4881404290752,442.6706979480817,435.37825991420857,440.1084899902344,218000,0.0,0.0
2004-07-14 00:00:00+09:00,440.108699016082,445.4302103790172,430.45114135742193,430.4511413574219,158000,0.0,0.0
2004-07-15 00:00:00+09:00,431.0423834919372,436.9551733889459,419.8080826876206,421.38482666015625,180000,0.0,0.0
2004-07-16 00:00:00+09:00,416.8515940821448,425.91786988724107,411.5300843704578,423.7498474121094,240000,0.0,0.0
2004-07-19 00:00:00+09:00,423.7498474121094,423.7498474121094,423.7498474121094,423.7498474121094,0,0.0,0.0
2004-07-20 00:00:00+09:00,414.4865970419833,415.86624810203745,409.5592718275042,411.727294921875,217000,0.0,0.0
2004-07-21 00:00:00+09:00,417.6398802076835,423.7497604749974,413.10674323516025,419.6108093261719,229000,0.0,0.0
2004-07-22 00:00:00+09:00,416.4574272295279,416.4574272295279,408.96789470008065,409.5591735839844,133000,0.0,0.0
2004-07-23 00:00:00+09:00,413.6981062709768,414.88066398304244,408.3765965666812,408.7707824707031,136000,0.0,0.0
2004-07-26 00:00:00+09:00,414.6836499071028,414.6836499071028,396.1569088941429,404.434814453125,164000,0.0,0.0
2004-07-27 00:00:00+09:00,404.23778121209796,414.48661818090784,404.23778121209796,411.3331298828125,533000,0.0,0.0
2004-07-28 00:00:00+09:00,431.6336994380742,431.6336994380742,424.1441649272765,430.4511413574219,462000,0.0,0.0
2004-07-29 00:00:00+09:00,418.6254306527071,423.7498474121094,411.5300843704578,423.7498474121094,183000,0.0,0.0
2004-07-30 00:00:00+09:00,420.9905460801235,428.87426417151164,420.00508131870004,423.7498474121094,264000,0.0,0.0
2004-08-02 00:00:00+09:00,427.49461115262415,431.0422842742227,420.99054376302684,425.523681640625,304000,0.0,0.0
2004-08-03 00:00:00+09:00,419.61090806549106,425.12951089584976,406.9969587389568,414.2893981933594,361000,0.0,0.0
2004-08-04 00:00:00+09:00,406.6027870946283,411.13592529296875,404.04057854774015,411.13592529296875,196000,0.0,0.0
2004-08-05 00:00:00+09:00,417.04869720733655,419.4138126924443,410.5446296232902,416.063232421875,126000,0.0,0.0
2004-08-06 00:00:00+09:00,412.9097176667686,424.7352943063897,409.95332350686334,421.7789001464844,225000,0.0,0.0
2004-08-09 00:00:00+09:00,420.2021957859848,422.764404296875,413.8952209899475,422.764404296875,246000,0.0,0.0
2004-08-10 00:00:00+09:00,428.0859471016667,431.6336206964319,423.15862266449284,428.4801330566406,222000,0.0,0.0
2004-08-11 00:00:00+09:00,429.66257614729335,436.7579214414688,429.2683902976169,430.6480407714844,270000,0.0,0.0
2004-08-12 00:00:00+09:00,427.10052079448155,427.10052079448155,418.8226149922812,423.1586608886719,188000,0.0,0.0
2004-08-13 00:00:00+09:00,423.35573371142107,433.21038300637963,419.808059965236,429.85980224609375,187000,0.0,0.0
2004-08-16 00:00:00+09:00,423.74982958642124,428.48006024226964,415.2748329946928,421.7789001464844,177000,0.0,0.0
2004-08-17 00:00:00+09:00,422.3701917478176,426.7062366467686,419.8079833984375,419.8079833984375,81000,0.0,0.0
2004-08-18 00:00:00+09:00,425.7208756013662,440.897036444563,425.7208756013662,439.1231994628906,341000,0.0,0.0
2004-08-19 00:00:00+09:00,439.91148538877707,460.0149672479416,439.51729946996994,449.9632263183594,473000,0.0,0.0
2004-08-20 00:00:00+09:00,439.3201183108967,443.2619767075849,436.1666315935462,440.1084899902344,251000,0.0,0.0
2004-08-23 00:00:00+09:00,434.19580383437693,440.10859281078694,433.6045249367359,439.3202209472656,237000,0.0,0.0
2004-08-24 00:00:00+09:00,433.4075039798266,436.5609919578517,430.45110900042806,431.6336669921875,161000,0.0,0.0
2004-08-25 00:00:00+09:00,431.4365047420467,438.72894452069255,429.6626680391329,437.54638671875,281000,0.0,0.0
2004-08-26 00:00:00+09:00,439.911465047385,439.911465047385,432.8161188369433,434.78704833984375,160000,0.0,0.0
2004-08-27 00:00:00+09:00,435.57557955592614,438.3348818698551,430.64825399533873,436.9552307128906,228000,0.0,0.0
2004-08-30 00:00:00+09:00,443.656266196633,443.656266196633,434.19580383437693,439.3202209472656,198000,0.0,0.0
2004-08-31 00:00:00+09:00,433.8016619640772,436.16677779486724,428.87433731659786,429.85980224609375,167000,0.0,0.0
2004-09-01 00:00:00+09:00,429.4656187748012,437.7435242307634,427.69178189138074,434.9842224121094,205000,0.0,0.0
2004-09-02 00:00:00+09:00,443.06497432288234,451.73706456763625,439.9114869611536,448.7806701660156,344000,0.0,0.0
2004-09-03 00:00:00+09:00,448.5835838300649,448.5835838300649,427.6917297501058,436.5609130859375,267000,0.0,0.0
2004-09-06 00:00:00+09:00,430.6482257955164,435.77264404296875,425.72090055758144,435.77264404296875,238000,0.0,0.0
2004-09-07 00:00:00+09:00,434.7871713521423,437.5464734368794,428.87438117056286,434.1958923339844,323000,0.0,0.0
2004-09-08 00:00:00+09:00,432.6190674770539,435.57546201562144,432.0277885693404,433.99871826171875,103000,0.0,0.0
2004-09-09 00:00:00+09:00,437.54638671874994,439.7144093556447,431.63359770903713,437.54638671875,318000,0.0,0.0
2004-09-10 00:00:00+09:00,428.87426417151164,429.6626359806504,418.4283377004224,423.7498474121094,452000,0.0,0.0
2004-09-13 00:00:00+09:00,424.14408167532747,432.61907958984375,419.41385028117884,432.61907958984375,435000,0.0,0.0
2004-09-14 00:00:00+09:00,432.8161484047858,435.37835693359375,425.7208017096254,435.37835693359375,95000,0.0,0.0
2004-09-15 00:00:00+09:00,434.3928694915421,434.3928694915421,427.69170907288856,429.4655456542969,294000,0.0,0.0
2004-09-16 00:00:00+09:00,424.14411358138204,427.29760141470086,423.3557416230523,424.5382995605469,151000,0.0,0.0
2004-09-17 00:00:00+09:00,424.73542121604635,427.494723256429,422.3703051814326,425.72088623046875,130000,0.0,0.0
2004-09-20 00:00:00+09:00,425.7208862304687,425.7208862304687,425.7208862304687,425.72088623046875,0,0.0,0.0
2004-09-21 00:00:00+09:00,436.95505683399807,436.95505683399807,421.7789001464844,421.7789001464844,239000,0.0,0.0
2004-09-22 00:00:00+09:00,433.0132937659252,433.0132937659252,416.26038981958766,420.596435546875,238000,0.0,0.0
2004-09-23 00:00:00+09:00,420.596435546875,420.596435546875,420.596435546875,420.596435546875,0,0.0,0.0
2004-09-24 00:00:00+09:00,409.9534265580187,417.44296031244403,409.9534265580187,412.31854248046875,142000,0.0,0.0
2004-09-27 00:00:00+09:00,427.2604293533151,428.4719428580977,417.9721591499822,424.83740234375,114000,50.0,0.0
2004-09-28 00:00:00+09:00,427.05847712925504,427.05847712925504,421.00091007777627,424.0296936035156,127000,0.0,0.0
2004-09-29 00:00:00+09:00,428.4720723016186,428.4720723016186,413.9339058521763,416.35693359375,133000,0.0,0.0
2004-09-30 00:00:00+09:00,416.760714090078,425.03939106570454,415.95303828757784,417.5683898925781,406000,0.0,0.0
2004-10-01 00:00:00+09:00,417.36653881073,424.0298652648926,416.7607818603515,419.9914855957031,170000,0.0,0.0
2004-10-04 00:00:00+09:00,427.0585136574532,433.11608122706247,421.00094608784394,430.69305419921875,153000,0.0,0.0
2004-10-05 00:00:00+09:00,439.3756286537139,442.60633180557943,434.1257360319324,440.3852233886719,316000,0.0,0.0
2004-10-06 00:00:00+09:00,440.587130043916,440.587130043916,433.31804815501545,436.3468322753906,182000,0.0,0.0
2004-10-07 00:00:00+09:00,443.010119946709,443.8177956439683,434.3276062011719,434.3276062011719,176000,0.0,0.0
2004-10-08 00:00:00+09:00,440.38524793205806,442.2025185562619,437.9622204331196,438.3660583496094,108000,0.0,0.0
2004-10-11 00:00:00+09:00,438.3660583496094,438.3660583496094,438.3660583496094,438.3660583496094,0,0.0,0.0
2004-10-12 00:00:00+09:00,438.5679604851828,439.57755523768094,426.0489855542062,427.6643371582031,133000,0.0,0.0
2004-10-13 00:00:00+09:00,426.04909280518046,430.08747283176984,419.9915227652964,422.41455078125,361000,0.0,0.0
2004-10-14 00:00:00+09:00,424.0298160415098,424.0298160415098,418.57800412097606,418.9818420410156,139000,0.0,0.0
2004-10-15 00:00:00+09:00,415.75109369286326,417.5683641363969,411.10695811494395,414.1357421875,208000,0.0,0.0
2004-10-18 00:00:00+09:00,420.19336577098807,420.19336577098807,414.5396347562895,417.1645812988281,64000,0.0,0.0
2004-10-19 00:00:00+09:00,414.3377245380931,417.9722659814097,412.3185348473616,414.9434814453125,258000,0.0,0.0
2004-10-20 00:00:00+09:00,412.318454682827,413.52996826171875,405.85704892873764,413.52996826171875,284000,0.0,0.0
2004-10-21 00:00:00+09:00,407.4725066673937,409.89553445728905,397.7803955078125,397.7803955078125,398000,0.0,0.0
2004-10-22 00:00:00+09:00,397.37647693740325,397.5783958789365,388.49204350994097,391.31890869140625,501000,0.0,0.0
2004-10-25 00:00:00+09:00,381.6268402395897,381.6268402395897,371.9347300112826,374.3577575683594,1098000,0.0,0.0
2004-10-26 00:00:00+09:00,372.9443236447823,377.1846218562281,370.31937713293485,373.95391845703125,1047000,0.0,0.0
2004-10-27 00:00:00+09:00,386.0690883384296,391.72281975761166,383.4441416080951,384.8575744628906,923000,0.0,0.0
2004-10-28 00:00:00+09:00,396.9726944086921,396.9726944086921,390.71320634833125,394.3477478027344,522000,0.0,0.0
2004-10-29 00:00:00+09:00,402.4245583067712,403.63607228059993,396.7708264289039,401.61688232421875,509000,0.0,0.0
2004-11-01 00:00:00+09:00,401.6167514926572,401.6167514926572,394.7515078773981,398.7898864746094,141000,0.0,0.0
2004-11-02 00:00:00+09:00,402.82830689579055,402.82830689579055,400.00144158424115,402.4244689941406,182000,0.0,0.0
2004-11-03 00:00:00+09:00,402.4244689941406,402.4244689941406,402.4244689941406,402.4244689941406,0,0.0,0.0
2004-11-04 00:00:00+09:00,404.0398542230779,411.308937057676,404.0398542230779,408.6839904785156,578000,0.0,0.0
2004-11-05 00:00:00+09:00,411.1070175357072,414.53963998074994,410.9050985683517,413.7319641113281,263000,0.0,0.0
2004-11-08 00:00:00+09:00,416.9625070359972,416.9625070359972,403.8377792116196,407.0684814453125,198000,0.0,0.0
2004-11-09 00:00:00+09:00,411.1070175357072,414.13580204603903,408.07823302537537,413.7319641113281,315000,0.0,0.0
2004-11-10 00:00:00+09:00,413.5299816625917,414.9434142171025,409.89544080813533,412.9242248535156,229000,0.0,0.0
2004-11-11 00:00:00+09:00,412.92434952432353,412.92434952432353,402.8283996582031,402.8283996582031,211000,0.0,0.0
2004-11-12 00:00:00+09:00,394.75156324455537,405.6551869863487,394.75156324455537,402.2225646972656,307000,0.0,0.0
2004-11-15 00:00:00+09:00,398.1841506882989,410.703125,398.1841506882989,410.703125,380000,0.0,0.0
2004-11-16 00:00:00+09:00,410.70324534057124,410.90516434024704,396.36699636358964,398.991943359375,410000,0.0,0.0
2004-11-17 00:00:00+09:00,394.9533741168179,405.0493192629533,394.9533741168179,401.2128601074219,457000,0.0,0.0
2004-11-18 00:00:00+09:00,401.2129443359375,406.26091796875,401.2129443359375,403.837890625,297000,0.0,0.0
2004-11-19 00:00:00+09:00,403.83796749086395,408.078266149518,403.2322105396276,404.0398864746094,148000,0.0,0.0
2004-11-22 00:00:00+09:00,403.83794398907105,406.462890625,398.38613174521856,406.462890625,323000,0.0,0.0
2004-11-23 00:00:00+09:00,406.462890625,406.462890625,406.462890625,406.462890625,0,0.0,0.0
2004-11-24 00:00:00+09:00,401.4148324728012,413.73188719153404,401.4148324728012,413.52996826171875,366000,0.0,0.0
2004-11-25 00:00:00+09:00,409.0878220165752,412.72236337703833,407.87630822975416,411.7127685546875,390000,0.0,0.0
2004-11-26 00:00:00+09:00,410.70313965083926,413.93384281426773,410.29930175541074,410.501220703125,167000,0.0,0.0
2004-11-29 00:00:00+09:00,413.5299282936315,416.7606308584255,407.67427989494234,415.3471984863281,194000,0.0,0.0
2004-11-30 00:00:00+09:00,417.9721443202232,417.9721443202232,409.89538790823826,415.3471984863281,193000,0.0,0.0
2004-12-01 00:00:00+09:00,410.0973695091459,416.1549377441406,410.0973695091459,416.1549377441406,300000,0.0,0.0
2004-12-02 00:00:00+09:00,417.56836799379727,421.2029089144396,417.56836799379727,420.3952331542969,381000,0.0,0.0
2004-12-03 00:00:00+09:00,419.3856072577615,426.6546885583293,417.7702558576353,425.0393371582031,313000,0.0,0.0
2004-12-06 00:00:00+09:00,419.38570700894815,425.6451951732608,416.356922413313,417.7703552246094,328000,0.0,0.0
2004-12-07 00:00:00+09:00,423.8279085123314,431.0969912690936,423.0202326504689,428.0682067871094,429000,0.0,0.0
2004-12-08 00:00:00+09:00,421.0010646363186,423.4240923464556,417.3665230711129,419.78955078125,301000,0.0,0.0
2004-12-09 00:00:00+09:00,419.7895608653193,422.2125886336617,417.9722900390625,417.9722900390625,201000,0.0,0.0
2004-12-10 00:00:00+09:00,424.02976555967814,426.2508738554669,422.41441407183174,422.6163330078125,316000,0.0,0.0
2004-12-13 00:00:00+09:00,422.8182628026349,422.8182628026349,415.95301880297416,416.1549377441406,189000,0.0,0.0
2004-12-14 00:00:00+09:00,412.9242345813684,415.95301869810214,408.8858557590567,411.1069641113281,343000,0.0,0.0
2004-12-15 00:00:00+09:00,406.0589459980593,414.74145951268713,406.0589459980593,411.308837890625,443000,0.0,0.0
2004-12-16 00:00:00+09:00,407.2705089909621,407.4724279344381,402.22253540406376,402.6263732910156,449000,0.0,0.0
2004-12-17 00:00:00+09:00,400.0014707449391,405.45328281465817,400.0014707449391,402.0206604003906,532000,0.0,0.0
2004-12-20 00:00:00+09:00,408.280189738219,411.3089745285619,404.039891031739,405.6552429199219,371000,0.0,0.0
2004-12-21 00:00:00+09:00,404.0398436648063,410.50125046004564,403.6360057401039,405.0494384765625,170000,0.0,0.0
2004-12-22 00:00:00+09:00,409.69359417691254,409.69359417691254,404.0398629610656,406.462890625,101000,0.0,0.0
2004-12-23 00:00:00+09:00,406.462890625,406.462890625,406.462890625,406.462890625,0,0.0,0.0
2004-12-24 00:00:00+09:00,406.6648367067802,409.08786453224263,404.64564685222814,405.25140380859375,117000,0.0,0.0
2004-12-27 00:00:00+09:00,408.280043913904,408.280043913904,405.2512602053439,408.078125,98000,0.0,0.0
2004-12-28 00:00:00+09:00,407.6742922809689,409.89540036174685,406.46277878236276,409.6934814453125,79000,0.0,0.0
2004-12-29 00:00:00+09:00,410.9050427083894,410.9050427083894,408.48201542951927,410.2992858886719,50000,0.0,0.0
2004-12-30 00:00:00+09:00,411.91474633369165,411.91474633369165,409.69363740738254,410.9051513671875,28000,0.0,0.0
2004-12-31 00:00:00+09:00,410.9051513671875,410.9051513671875,410.9051513671875,410.9051513671875,0,0.0,0.0
2005-01-03 00:00:00+09:00,410.9051513671875,410.9051513671875,410.9051513671875,410.9051513671875,0,0.0,0.0
2005-01-04 00:00:00+09:00,411.1070175357072,413.7319641113281,408.8859088947972,413.7319641113281,46000,0.0,0.0
2005-01-05 00:00:00+09:00,412.72236145930503,412.72236145930503,405.6551977356868,405.85711669921875,193000,0.0,0.0
2005-01-06 00:00:00+09:00,405.85712141749644,408.68398693980737,405.45328348573776,407.47247314453125,223000,0.0,0.0
2005-01-07 00:00:00+09:00,401.8187136613312,405.8570926931033,392.73236083984375,392.73236083984375,821000,0.0,0.0
2005-01-10 00:00:00+09:00,392.73236083984375,392.73236083984375,392.73236083984375,392.73236083984375,0,0.0,0.0
2005-01-11 00:00:00+09:00,397.98227285289624,401.41489519612264,396.7707590846987,399.19378662109375,408000,0.0,0.0
2005-01-12 00:00:00+09:00,400.6072612626904,400.8091802451816,395.96312466539104,397.7803955078125,225000,0.0,0.0
2005-01-13 00:00:00+09:00,397.7803673401188,398.5880432128906,394.3477448808386,398.5880432128906,262000,0.0,0.0
2005-01-14 00:00:00+09:00,397.578409374631,402.2225451875393,394.95346304559587,400.8091125488281,569000,0.0,0.0
2005-01-17 00:00:00+09:00,404.0399000379775,441.1929942943432,404.0399000379775,436.14501953125,1799000,0.0,0.0
2005-01-18 00:00:00+09:00,430.2892859456227,433.7219081235089,423.2221226382098,428.4720153808594,569000,0.0,0.0
2005-01-19 00:00:00+09:00,434.1257569500219,435.7411086037894,429.88545885888215,432.1065673828125,401000,0.0,0.0
2005-01-20 00:00:00+09:00,432.10651010191566,436.144888700999,428.06813150283233,433.3180236816406,450000,0.0,0.0
2005-01-21 00:00:00+09:00,428.67393775015057,436.7506958801581,428.67393775015057,434.73150634765625,173000,0.0,0.0
2005-01-24 00:00:00+09:00,440.789027335427,445.02932489568536,437.1544865694913,444.2216491699219,393000,0.0,0.0
2005-01-25 00:00:00+09:00,444.2216996081073,445.02937542557663,432.71231920917,435.5391845703125,399000,0.0,0.0
2005-01-26 00:00:00+09:00,441.59681550521543,454.3177114251188,439.37570669380375,446.44287109375,967000,0.0,0.0
2005-01-27 00:00:00+09:00,440.38526972381163,442.2025404379402,427.86629369314846,430.08740234375,562000,0.0,0.0
2005-01-28 00:00:00+09:00,428.47202524527296,430.28929585187404,421.4048617751577,426.6547546386719,448000,0.0,0.0
2005-01-31 00:00:00+09:00,426.6546656518935,428.0680980511189,420.3951793124668,427.46234130859375,294000,0.0,0.0
2005-02-01 00:00:00+09:00,421.4048596490139,426.0489956202297,420.7991027832031,420.7991027832031,145000,0.0,0.0
2005-02-02 00:00:00+09:00,415.953122714478,421.8087734711382,415.953122714478,420.5972595214844,277000,0.0,0.0
2005-02-03 00:00:00+09:00,418.17413452266214,422.8182702513059,415.953026130702,418.5779724121094,189000,0.0,0.0
2005-02-04 00:00:00+09:00,411.1070175357072,416.356910686949,406.0590433518208,413.7319641113281,437000,0.0,0.0
2005-02-07 00:00:00+09:00,409.8955364227295,421.6068374633789,409.8955364227295,419.9914855957031,218000,0.0,0.0
2005-02-08 00:00:00+09:00,414.5395603963774,417.770263253826,411.30885753892875,412.7222900390625,162000,0.0,0.0
2005-02-09 00:00:00+09:00,410.50116221484564,415.5491351884665,409.89540545801117,411.308837890625,186000,0.0,0.0
2005-02-10 00:00:00+09:00,409.08778806912505,413.93384281426773,409.08778806912505,410.501220703125,156000,0.0,0.0
2005-02-11 00:00:00+09:00,410.501220703125,410.501220703125,410.501220703125,410.501220703125,0,0.0,0.0
2005-02-14 00:00:00+09:00,415.75116970155295,419.9914681783536,413.328142000524,413.93389892578125,290000,0.0,0.0
2005-02-15 00:00:00+09:00,414.53970018141337,416.35697115152186,407.8763732910156,407.8763732910156,325000,0.0,0.0
2005-02-16 00:00:00+09:00,408.0782141621655,413.5300260287556,407.2705383300781,407.2705383300781,141000,0.0,0.0
2005-02-17 00:00:00+09:00,407.2704149421332,410.0972794980033,405.2512259736546,406.8665771484375,252000,0.0,0.0
2005-02-18 00:00:00+09:00,403.83796977283356,405.8571596216977,402.2226178937422,404.8475646972656,229000,0.0,0.0
2005-02-21 00:00:00+09:00,402.0206520802214,403.8379227325177,398.78994869836123,399.19378662109375,311000,0.0,0.0
2005-02-22 00:00:00+09:00,398.184191018129,402.2225702373798,392.7323790721404,393.7419738769531,661000,0.0,0.0
2005-02-23 00:00:00+09:00,397.7803673401188,400.80915186301314,395.3573397218034,398.5880432128906,319000,0.0,0.0
2005-02-24 00:00:00+09:00,398.38607297319794,400.4052623952618,396.16496460892773,396.7707214355469,404000,0.0,0.0
2005-02-25 00:00:00+09:00,392.73241867732906,397.7803932104567,392.73241867732906,396.97271728515625,332000,0.0,0.0
2005-02-28 00:00:00+09:00,397.7804204201212,399.79961037149235,394.7516354930644,395.76123046875,308000,0.0,0.0
2005-03-01 00:00:00+09:00,395.9630044159493,398.78986931234056,395.1553287312661,398.1841125488281,193000,0.0,0.0
2005-03-02 00:00:00+09:00,399.1938351214084,399.1938351214084,394.7516174316406,394.7516174316406,339000,0.0,0.0
2005-03-03 00:00:00+09:00,397.7804293613202,400.6072953567814,395.35740136521065,398.991943359375,386000,0.0,0.0
2005-03-04 00:00:00+09:00,404.24174559693665,407.6743678122952,403.63598873540275,404.44366455078125,485000,0.0,0.0
2005-03-07 00:00:00+09:00,405.4532787721549,408.0782252980702,404.0398460274312,405.85711669921875,253000,0.0,0.0
2005-03-08 00:00:00+09:00,412.72221707403367,412.72221707403367,405.8569747156593,409.0876770019531,468000,0.0,0.0
2005-03-09 00:00:00+09:00,409.28980626776666,410.7032392445177,407.6744542943369,407.8763732910156,258000,0.0,0.0
2005-03-10 00:00:00+09:00,409.89542964414,410.90502429843593,408.28007819726656,409.2896728515625,353000,0.0,0.0
2005-03-11 00:00:00+09:00,421.0009897036815,421.0009897036815,410.097366948766,410.2992858886719,432000,0.0,0.0
2005-03-14 00:00:00+09:00,410.0974617630377,410.29938074962706,404.8475681117137,406.05908203125,239000,0.0,0.0
2005-03-15 00:00:00+09:00,405.25140266703846,407.8763494705619,403.83796977283356,404.8475646972656,270000,0.0,0.0
2005-03-16 00:00:00+09:00,405.85700970224576,417.9721443202232,405.85700970224576,415.3471984863281,589000,0.0,0.0
2005-03-17 00:00:00+09:00,413.7319103458307,413.7319103458307,407.8762610534788,411.1069641113281,207000,0.0,0.0
2005-03-18 00:00:00+09:00,411.3088904020583,419.78948608045124,411.3088904020583,418.5779724121094,314000,0.0,0.0
2005-03-21 00:00:00+09:00,418.5779724121094,418.5779724121094,418.5779724121094,418.5779724121094,0,0.0,0.0
2005-03-22 00:00:00+09:00,424.63565355531057,438.3661454439274,421.20303058315636,436.75079345703125,1115000,0.0,0.0
2005-03-23 00:00:00+09:00,433.11623354992236,435.7411804199219,425.4433119299237,435.7411804199219,520000,0.0,0.0
2005-03-24 00:00:00+09:00,431.09695931669677,432.1065540691949,427.46241820770354,427.6643371582031,424000,0.0,0.0
2005-03-25 00:00:00+09:00,428.875863157851,431.70272854589706,424.0298082069148,426.6547546386719,213000,0.0,0.0
2005-03-28 00:00:00+09:00,437.66920010181184,442.8647034268571,437.66920010181184,439.5395812988281,231000,60.0,0.0
2005-03-29 00:00:00+09:00,438.29261829007055,438.29261829007055,424.5764908329133,425.199951171875,257000,0.0,0.0
2005-03-30 00:00:00+09:00,431.43471714647967,437.87714307689436,430.1877959986575,435.38330078125,714000,0.0,0.0
2005-03-31 00:00:00+09:00,430.6033322861272,434.7597351074219,428.94077115760933,434.7597351074219,309000,0.0,0.0
2005-04-01 00:00:00+09:00,434.75971838525976,434.75971838525976,428.10947412697664,431.2267761230469,238000,0.0,0.0
2005-04-04 00:00:00+09:00,437.4614082199459,437.4614082199459,427.4860411916526,428.31732177734375,254000,0.0,0.0
2005-04-05 00:00:00+09:00,433.5128211227118,433.5128211227118,423.9530944824219,423.9530944824219,605000,0.0,0.0
2005-04-06 00:00:00+09:00,423.3296618748747,426.031323929059,420.8358199787046,421.04364013671875,493000,0.0,0.0
2005-04-07 00:00:00+09:00,421.0436615774283,423.5375036005917,419.1732800600557,420.6280212402344,294000,0.0,0.0
2005-04-08 00:00:00+09:00,420.62804054054055,424.7844441031941,420.62804054054055,422.9140625,262000,0.0,0.0
2005-04-11 00:00:00+09:00,421.0436669556577,421.66712746941243,416.679443359375,416.679443359375,200000,0.0,0.0
2005-04-12 00:00:00+09:00,417.5107071257207,419.7967289168521,416.4716063115701,417.3028869628906,431000,0.0,0.0
2005-04-13 00:00:00+09:00,417.7186039677373,421.87500798731674,417.7186039677373,420.8359069824219,506000,0.0,0.0
2005-04-14 00:00:00+09:00,416.05605277768046,418.54989525187233,414.18567092203654,417.09515380859375,256000,0.0,0.0
2005-04-15 00:00:00+09:00,415.43237238378464,415.43237238378464,409.19776949658427,411.2759704589844,219000,0.0,0.0
2005-04-18 00:00:00+09:00,404.6257636967531,407.1196050754696,391.11745622870535,393.6112976074219,299000,0.0,0.0
2005-04-19 00:00:00+09:00,401.9240278563062,404.2100486972676,395.06596533342196,401.3005676269531,241000,0.0,0.0
2005-04-20 00:00:00+09:00,401.5084246143107,403.17098537875916,399.0145834676379,402.9631652832031,245000,0.0,0.0
2005-04-21 00:00:00+09:00,392.7801212794344,401.7163885889665,385.50641532981524,398.3912658691406,443000,0.0,0.0
2005-04-22 00:00:00+09:00,407.1196808344744,408.3666017558664,401.5085366882106,406.70404052734375,314000,0.0,0.0
2005-04-25 00:00:00+09:00,402.54764382330495,405.24930586238753,401.3007228821899,404.210205078125,339000,0.0,0.0
2005-04-26 00:00:00+09:00,400.2615952484306,404.6258182495817,397.97557367639905,398.8068542480469,225000,0.0,0.0
2005-04-27 00:00:00+09:00,397.55998475412844,398.18344526341355,391.7410200008009,392.7801208496094,300000,0.0,0.0
2005-04-28 00:00:00+09:00,395.2739756175877,397.55999755859375,392.5723133236715,397.55999755859375,190000,0.0,0.0
2005-04-29 00:00:00+09:00,397.55999755859375,397.55999755859375,397.55999755859375,397.55999755859375,0,0.0,0.0
2005-05-02 00:00:00+09:00,400.0538556192823,401.09295654296875,394.65053081611273,401.09295654296875,149000,0.0,0.0
2005-05-03 00:00:00+09:00,401.09295654296875,401.09295654296875,401.09295654296875,401.09295654296875,0,0.0,0.0
2005-05-04 00:00:00+09:00,401.09295654296875,401.09295654296875,401.09295654296875,401.09295654296875,0,0.0,0.0
2005-05-05 00:00:00+09:00,401.09295654296875,401.09295654296875,401.09295654296875,401.09295654296875,0,0.0,0.0
2005-05-06 00:00:00+09:00,396.9364456039727,399.4302871470343,391.740942389261,393.40350341796875,515000,0.0,0.0
2005-05-09 00:00:00+09:00,392.7799941750037,395.8972957160752,388.4157720175037,392.5721740722656,562000,0.0,0.0
2005-05-10 00:00:00+09:00,392.78004303220337,394.6504241894996,390.7018417463187,393.40350341796875,409000,0.0,0.0
2005-05-11 00:00:00+09:00,388.8315371862996,391.1175590511042,385.50641447385664,387.1689758300781,304000,0.0,0.0
2005-05-12 00:00:00+09:00,386.33768550494244,387.37678632663403,378.8561595887628,381.1421813964844,272000,0.0,0.0
2005-05-13 00:00:00+09:00,381.5577271171238,384.0515684708305,376.5700444097104,382.3890075683594,342000,0.0,0.0
2005-05-16 00:00:00+09:00,378.23257958328963,380.310780570011,371.58233642578125,371.58233642578125,255000,0.0,0.0
2005-05-17 00:00:00+09:00,371.99802701026954,376.15442954669714,366.38688358609227,369.7120056152344,505000,0.0,0.0
2005-05-18 00:00:00+09:00,369.91990291196146,373.2450256347656,367.2182406996831,373.2450256347656,257000,0.0,0.0
2005-05-19 00:00:00+09:00,374.699722130129,378.64830489245423,374.49190198474344,376.7779235839844,333000,0.0,0.0
2005-05-20 00:00:00+09:00,380.3108291416952,385.5063322720462,374.69968576091605,379.271728515625,468000,0.0,0.0
2005-05-23 00:00:00+09:00,381.5577939516538,384.46727604060976,379.68741260875356,384.0516357421875,241000,0.0,0.0
2005-05-24 00:00:00+09:00,388.20805308051865,388.20805308051865,378.4405057064371,380.5187072753906,169000,0.0,0.0
2005-05-25 00:00:00+09:00,378.0247938048165,380.3108150977538,373.8683914540214,374.4918518066406,274000,0.0,0.0
2005-05-26 00:00:00+09:00,378.4405303134803,383.0125740624625,376.9857891206223,378.8561706542969,223000,0.0,0.0
2005-05-27 00:00:00+09:00,383.0125000133629,383.22032014359263,378.8560974087687,379.6873779296875,235000,0.0,0.0
2005-05-30 00:00:00+09:00,383.8437880732191,386.9610900878906,381.76558673010476,386.9610900878906,342000,0.0,0.0
2005-05-31 00:00:00+09:00,389.66277273077714,394.8582763671875,388.0002115671258,394.8582763671875,536000,0.0,0.0
2005-06-01 00:00:00+09:00,391.5330706835422,394.23473199929913,387.58448876051284,393.819091796875,209000,0.0,0.0
2005-06-02 00:00:00+09:00,394.8581900092725,399.84587240938964,393.19562920923346,399.222412109375,450000,0.0,0.0
2005-06-03 00:00:00+09:00,399.2225759935629,399.2225759935629,393.4036108046926,396.9365539550781,322000,0.0,0.0
2005-06-06 00:00:00+09:00,395.4817777286967,398.3912600661648,391.94883489034265,396.72869873046875,201000,0.0,0.0
2005-06-07 00:00:00+09:00,396.72865452321105,398.59903581745357,395.27391351657803,396.1051940917969,180000,0.0,0.0
2005-06-08 00:00:00+09:00,397.97562023824895,402.33984375,396.1052387332128,402.33984375,278000,0.0,0.0
2005-06-09 00:00:00+09:00,406.49611854652824,406.70393864803464,397.5598541817528,397.9754943847656,214000,0.0,0.0
2005-06-10 00:00:00+09:00,399.01455412772583,402.33967541212354,396.10507300387786,400.261474609375,240000,0.0,0.0
2005-06-13 00:00:00+09:00,399.0146743909588,402.963257106286,398.8068542480469,398.8068542480469,112000,0.0,0.0
2005-06-14 00:00:00+09:00,399.01467610506296,400.0537768240866,395.48173366038276,396.1051940917969,230000,0.0,0.0
2005-06-15 00:00:00+09:00,396.10514981484823,396.93643029714593,394.8582290914017,395.481689453125,250000,0.0,0.0
2005-06-16 00:00:00+09:00,395.4816468533385,397.76766793341557,395.0660066569608,396.31292724609375,194000,0.0,0.0
2005-06-17 00:00:00+09:00,400.05368901349266,400.67714930805914,394.858186558772,396.31292724609375,391000,0.0,0.0
2005-06-20 00:00:00+09:00,399.0146484375,401.0928497314453,396.52080688476565,399.0146484375,172000,0.0,0.0
2005-06-21 00:00:00+09:00,398.8069004000888,398.8069004000888,395.27395756173473,396.72869873046875,506000,0.0,0.0
2005-06-22 00:00:00+09:00,395.27388003680494,397.97554167743505,393.81913915338873,397.3520812988281,409000,0.0,0.0
2005-06-23 00:00:00+09:00,394.8582303460269,394.8582303460269,388.4158065877496,388.6236267089844,375000,0.0,0.0
2005-06-24 00:00:00+09:00,387.16892562108217,387.16892562108217,382.38906234180956,384.8829040527344,251000,0.0,0.0
2005-06-27 00:00:00+09:00,384.8828994858143,387.584561307259,382.3890578044807,384.6750793457031,189000,0.0,0.0
2005-06-28 00:00:00+09:00,384.46727922503777,384.46727922503777,378.44049484799666,382.8047180175781,414000,0.0,0.0
2005-06-29 00:00:00+09:00,386.9610391504624,397.5598646051743,386.54539893655215,395.6894836425781,637000,0.0,0.0
2005-06-30 00:00:00+09:00,395.6895402532528,400.46940339706833,391.3253173828125,391.3253173828125,454000,0.0,0.0
2005-07-01 00:00:00+09:00,396.10524356579657,396.10524356579657,392.7801208496094,392.7801208496094,132000,0.0,0.0
2005-07-04 00:00:00+09:00,400.6773007057861,408.99010777437087,396.9365375249229,408.78228759765625,403000,0.0,0.0
2005-07-05 00:00:00+09:00,408.57436683328086,413.14640959540304,408.36654670772987,412.52294921875,867000,0.0,0.0
2005-07-06 00:00:00+09:00,413.35425738330304,413.97771780167903,408.3665740362949,409.6134948730469,529000,0.0,0.0
2005-07-07 00:00:00+09:00,408.9900548524395,408.9900548524395,402.3398100580909,403.58673095703125,124000,0.0,0.0
2005-07-08 00:00:00+09:00,406.28829195915745,406.28829195915745,396.31292724609375,396.31292724609375,254000,0.0,0.0
2005-07-11 00:00:00+09:00,398.3910865566386,407.32734984403317,398.3910865566386,401.3005676269531,213000,0.0,0.0
2005-07-12 00:00:00+09:00,401.7163436716074,405.8727466066473,401.7163436716074,401.9241638183594,92000,0.0,0.0
2005-07-13 00:00:00+09:00,402.13197005216676,406.28837284340364,401.9241499126049,405.45709228515625,231000,0.0,0.0
2005-07-14 00:00:00+09:00,408.57434675515367,408.782166870492,405.6648651404171,406.08050537109375,322000,0.0,0.0
2005-07-15 00:00:00+09:00,406.91180582887284,412.52294921875,406.91180582887284,412.52294921875,305000,0.0,0.0
2005-07-18 00:00:00+09:00,412.52294921875,412.52294921875,412.52294921875,412.52294921875,0,0.0,0.0
2005-07-19 00:00:00+09:00,411.2760792987722,411.2760792987722,405.66493521536296,406.4962158203125,165000,0.0,0.0
2005-07-20 00:00:00+09:00,409.40565950587234,411.483860823161,403.7945159491929,407.5352783203125,249000,0.0,0.0
2005-07-21 00:00:00+09:00,407.74300036452337,410.0290212636109,402.3396782394073,405.87261962890625,242000,0.0,0.0
2005-07-22 00:00:00+09:00,402.5476288236081,404.62583031469535,401.092887779847,402.1319885253906,158000,0.0,0.0
2005-07-25 00:00:00+09:00,403.37891807029854,407.9509614487357,402.33981730247194,406.70404052734375,159000,0.0,0.0
2005-07-26 00:00:00+09:00,408.15872954153906,410.2369308121172,405.45706788978754,407.11962890625,411000,0.0,0.0
2005-07-27 00:00:00+09:00,406.9118087791922,408.9900100497703,404.6257873815563,407.11962890625,86000,0.0,0.0
2005-07-28 00:00:00+09:00,407.32762232071315,407.32762232071315,403.7946786577274,405.2494201660156,64000,0.0,0.0
2005-07-29 00:00:00+09:00,404.21011942998155,408.36652168633094,401.50845796335443,401.7162780761719,151000,0.0,0.0
2005-08-01 00:00:00+09:00,397.9756137918398,406.0806001823786,397.9756137918398,404.83367919921875,176000,0.0,0.0
2005-08-02 00:00:00+09:00,405.04140479440207,406.2883254864321,401.92410306432714,406.08050537109375,212000,0.0,0.0
2005-08-03 00:00:00+09:00,406.0805592499654,406.0805592499654,396.52083267601535,398.8068542480469,239000,0.0,0.0
2005-08-04 00:00:00+09:00,399.63818771209475,399.63818771209475,391.11756072499344,394.23486328125,298000,0.0,0.0
2005-08-05 00:00:00+09:00,385.9220202815649,389.8706031492815,381.34997696105097,382.8047180175781,358000,0.0,0.0
2005-08-08 00:00:00+09:00,384.0516461940882,388.00022913655994,379.6874229418827,385.9220275878906,333000,0.0,0.0
2005-08-09 00:00:00+09:00,383.42817315644623,392.9878999668509,383.42817315644623,390.9096984863281,201000,0.0,0.0
2005-08-10 00:00:00+09:00,398.183458087959,398.5990984408692,393.61141420594697,397.55999755859375,136000,0.0,0.0
2005-08-11 00:00:00+09:00,397.5598892498614,401.0928312871053,396.7286087705099,398.183349609375,235000,0.0,0.0
2005-08-12 00:00:00+09:00,391.74096823242706,400.67723435125697,391.74096823242706,393.1957092285156,240000,0.0,0.0
2005-08-15 00:00:00+09:00,394.6505762870845,400.05390171281607,390.90981253080884,391.94891357421875,176000,0.0,0.0
2005-08-16 00:00:00+09:00,402.96327050756105,406.28839290473536,401.50852945879734,403.58673095703125,900000,0.0,0.0
2005-08-17 00:00:00+09:00,403.17111534357196,403.17111534357196,390.701905590678,392.1566467285156,484000,0.0,0.0
2005-08-18 00:00:00+09:00,392.77996180794827,395.48162292091297,390.70176095182154,391.1174011230469,365000,0.0,0.0
2005-08-19 00:00:00+09:00,394.6505891770583,405.2494201660156,391.74110616048176,405.2494201660156,602000,0.0,0.0
2005-08-22 00:00:00+09:00,405.6649324552652,409.4056951520863,401.3007093089739,403.58673095703125,357000,0.0,0.0
2005-08-23 00:00:00+09:00,401.30071701656374,404.6258394776021,396.9364937864509,402.5476379394531,303000,0.0,0.0
2005-08-24 00:00:00+09:00,394.23483731397465,397.7677799783592,394.23483731397465,394.4426574707031,322000,0.0,0.0
2005-08-25 00:00:00+09:00,396.1051666259766,400.26156921386723,395.89734649658203,399.0146484375,293000,0.0,0.0
2005-08-26 00:00:00+09:00,399.22246243464895,399.22246243464895,394.8582397844003,397.3520812988281,81000,0.0,0.0
2005-08-29 00:00:00+09:00,397.3521773821386,398.5990984408692,394.23487473531225,397.55999755859375,157000,0.0,0.0
2005-08-30 00:00:00+09:00,397.5599382581209,398.39121883994653,394.44263607627465,394.8582763671875,83000,0.0,0.0
2005-08-31 00:00:00+09:00,394.85820321475757,396.72858417735375,393.8191026799819,395.6894836425781,120000,0.0,0.0
2005-09-01 00:00:00+09:00,399.8459228132559,399.8459228132559,394.02695927959104,397.3520812988281,205000,0.0,0.0
2005-09-02 00:00:00+09:00,396.93645633733615,398.18337714258433,394.0269744584237,395.2738952636719,115000,0.0,0.0
2005-09-05 00:00:00+09:00,394.85829778416013,395.06611794088866,392.3644559034181,394.4426574707031,113000,0.0,0.0
2005-09-06 00:00:00+09:00,392.36434538050605,396.31292724609375,392.36434538050605,396.31292724609375,255000,0.0,0.0
2005-09-07 00:00:00+09:00,397.1442948108205,397.1442948108205,393.4035322223355,396.1051940917969,299000,0.0,0.0
2005-09-08 00:00:00+09:00,392.7800717909214,396.3130142356016,392.7800717909214,396.1051940917969,179000,0.0,0.0
2005-09-09 00:00:00+09:00,392.7800749126234,395.89737709446956,392.7800749126234,394.8582763671875,306000,0.0,0.0
2005-09-12 00:00:00+09:00,399.01466960139317,405.24927381391495,398.5990293205584,402.75543212890625,313000,0.0,0.0
2005-09-13 00:00:00+09:00,405.45714350943035,409.61354682577513,403.17112168544077,409.1979064941406,304000,0.0,0.0
2005-09-14 00:00:00+09:00,408.36657423902204,408.36657423902204,401.71632977304307,405.45709228515625,401000,0.0,0.0
2005-09-15 00:00:00+09:00,403.17101258116884,405.0413935673701,399.01461038961037,400.0537109375,235000,0.0,0.0
2005-09-16 00:00:00+09:00,401.0929207486211,405.04150390625,400.4694602500481,405.04150390625,224000,0.0,0.0
2005-09-19 00:00:00+09:00,405.04150390625,405.04150390625,405.04150390625,405.04150390625,0,0.0,0.0
2005-09-20 00:00:00+09:00,401.0928891591505,405.041472005795,399.6381481103868,403.58673095703125,249000,0.0,0.0
2005-09-21 00:00:00+09:00,405.24920856251435,407.743049845976,395.6894836425781,395.6894836425781,635000,0.0,0.0
2005-09-22 00:00:00+09:00,399.84600788251186,400.05382805292896,392.98794225874735,394.23486328125,451000,0.0,0.0
2005-09-23 00:00:00+09:00,394.23486328125,394.23486328125,394.23486328125,394.23486328125,0,0.0,0.0
2005-09-26 00:00:00+09:00,398.391209180141,402.75543212890625,390.0784035634453,402.75543212890625,547000,0.0,0.0
2005-09-27 00:00:00+09:00,420.0041272037244,420.0041272037244,406.205223640563,407.4988708496094,443000,70.0,0.0
2005-09-28 00:00:00+09:00,411.8109787323543,411.8109787323543,407.28321404472103,410.94854736328125,362000,0.0,0.0
2005-09-29 00:00:00+09:00,412.45779994748676,412.88901562960643,407.4988196031103,411.3797607421875,509000,0.0,0.0
2005-09-30 00:00:00+09:00,417.2011470498199,417.63236270568535,413.10459831909816,416.12310791015625,665000,0.0,0.0
2005-10-03 00:00:00+09:00,420.0040615254731,420.0040615254731,411.8109638160439,413.7514343261719,394000,0.0,0.0
2005-10-04 00:00:00+09:00,409.87049557681377,416.98555415337074,409.6548877411605,413.3202209472656,960000,0.0,0.0
2005-10-05 00:00:00+09:00,418.27912133837503,434.88092151520743,417.63229795486205,434.6653137207031,1386000,0.0,0.0
2005-10-06 00:00:00+09:00,431.21559836647725,432.94046075994316,421.944463001598,426.9034423828125,1209000,0.0,0.0
2005-10-07 00:00:00+09:00,422.59130523572816,432.2936566314464,418.9259724862346,423.2381286621094,576000,0.0,0.0
2005-10-10 00:00:00+09:00,423.2381286621094,423.2381286621094,423.2381286621094,423.2381286621094,0,0.0,0.0
2005-10-11 00:00:00+09:00,423.6694617530811,425.82554043884744,418.7104807758186,424.1006774902344,362000,0.0,0.0
2005-10-12 00:00:00+09:00,426.6878967285156,429.7064063567113,424.53181842266156,426.6878967285156,273000,0.0,0.0
2005-10-13 00:00:00+09:00,432.293705747224,432.5093135805144,429.05958824786825,431.4312744140625,433000,0.0,0.0
2005-10-14 00:00:00+09:00,431.4312583631913,440.27117919921875,431.4312583631913,440.27117919921875,817000,0.0,0.0
2005-10-17 00:00:00+09:00,440.2712032991963,444.1521443664762,434.8810073724187,435.7434387207031,447000,0.0,0.0
2005-10-18 00:00:00+09:00,442.2116587891105,442.6428744485831,434.880992578077,438.54632568359375,601000,0.0,0.0
2005-10-19 00:00:00+09:00,431.4312870658223,436.17465953731056,428.4127773112388,429.0596008300781,653000,0.0,0.0
2005-10-20 00:00:00+09:00,439.83995450647865,441.99603271484375,431.2156416730183,441.99603271484375,442000,0.0,0.0
2005-10-21 00:00:00+09:00,424.74741638877896,428.412749423606,412.8889859819856,416.98553466796875,881000,0.0,0.0
2005-10-24 00:00:00+09:00,419.35725321174294,421.94454731896195,410.94854736328125,410.94854736328125,989000,0.0,0.0
2005-10-25 00:00:00+09:00,412.2420741489956,420.00395420619424,410.5172119140625,410.5172119140625,389000,0.0,0.0
2005-10-26 00:00:00+09:00,410.73290704523475,412.24216182177895,394.3467123284695,399.7369079589844,1517000,0.0,0.0
2005-10-27 00:00:00+09:00,395.4247459178408,398.87447107306735,388.52529560738776,394.9935302734375,1730000,0.0,0.0
2005-10-28 00:00:00+09:00,395.6403736384063,405.55833395849714,390.46578564531546,402.75543212890625,660000,0.0,0.0
2005-10-31 00:00:00+09:00,405.7740079042142,408.5769101904814,402.1086741452495,407.4988708496094,520000,0.0,0.0
2005-11-01 00:00:00+09:00,407.4988249728554,407.7144328167564,388.0941190217671,393.2687072753906,1595000,0.0,0.0
2005-11-02 00:00:00+09:00,396.7184264084388,401.24619105766556,392.40626959965147,400.16815185546875,1953000,0.0,0.0
2005-11-03 00:00:00+09:00,400.16815185546875,400.16815185546875,400.16815185546875,400.16815185546875,0,0.0,0.0
2005-11-04 00:00:00+09:00,403.18660825554497,405.55829418645993,401.46174576033405,404.4802551269531,788000,0.0,0.0
2005-11-07 00:00:00+09:00,408.79244105766344,408.79244105766344,401.2461670929914,404.6958923339844,654000,0.0,0.0
2005-11-08 00:00:00+09:00,409.6546969309774,417.4165753991433,403.61768034462614,415.260498046875,924000,0.0,0.0
2005-11-09 00:00:00+09:00,416.98558964108645,416.98558964108645,409.4393147509944,412.45782470703125,413000,0.0,0.0
2005-11-10 00:00:00+09:00,416.9855052713156,416.9855052713156,410.94848658072783,416.7698974609375,281000,0.0,0.0
2005-11-11 00:00:00+09:00,420.0040294488516,421.29767635680497,417.84795126892936,419.7884216308594,638000,0.0,0.0
2005-11-14 00:00:00+09:00,422.5913667284753,423.23819024897807,414.1826609619393,417.4167785644531,559000,0.0,0.0
2005-11-15 00:00:00+09:00,416.33870561352336,417.63235254966065,409.43925528745774,412.2421569824219,350000,0.0,0.0
2005-11-16 00:00:00+09:00,412.2422297304236,412.67344545189894,406.85203321198185,410.0861511230469,340000,0.0,0.0
2005-11-17 00:00:00+09:00,409.65476782685283,414.61374659528315,409.65476782685283,413.1044921875,202000,0.0,0.0
2005-11-18 00:00:00+09:00,413.96705715503674,416.769959104524,410.0861159942083,410.94854736328125,215000,0.0,0.0
2005-11-21 00:00:00+09:00,413.96697222042036,418.0635203830183,412.45771763420004,415.4762268066406,421000,0.0,0.0
2005-11-22 00:00:00+09:00,412.6734033016758,423.6694030761719,412.6734033016758,423.6694030761719,385000,0.0,0.0
2005-11-23 00:00:00+09:00,423.6694030761719,423.6694030761719,423.6694030761719,423.6694030761719,0,0.0,0.0
2005-11-24 00:00:00+09:00,425.82545859387295,429.70639948232343,424.74741945819227,427.9815368652344,463000,0.0,0.0
2005-11-25 00:00:00+09:00,430.1374317775263,430.1374317775263,413.1044206946067,415.260498046875,295000,0.0,0.0
2005-11-28 00:00:00+09:00,416.769939074394,422.16013487204526,412.242174604367,420.4352722167969,495000,0.0,0.0
2005-11-29 00:00:00+09:00,420.435277943746,420.65088577858893,416.55433691657294,419.35723876953125,348000,0.0,0.0
2005-11-30 00:00:00+09:00,421.51330360847436,424.74742102746524,416.12310791015625,416.12310791015625,317000,0.0,0.0
2005-12-01 00:00:00+09:00,416.33871641558227,430.13761742573104,416.1231085872987,427.5503234863281,511000,0.0,0.0
2005-12-02 00:00:00+09:00,457.7355255630451,470.6719982591274,450.4048577019318,470.4563903808594,1404000,0.0,0.0
2005-12-05 00:00:00+09:00,470.0249284559798,470.0249284559798,449.54219074803575,452.5606994628906,697000,0.0,0.0
2005-12-06 00:00:00+09:00,463.5569165913047,463.5569165913047,445.2302477958345,457.7355041503906,456000,0.0,0.0
2005-12-07 00:00:00+09:00,452.7765231822046,458.3823277549366,448.4643658185645,457.7355041503906,540000,0.0,0.0
2005-12-08 00:00:00+09:00,457.95089359656015,457.95089359656015,447.6017208599147,452.5606994628906,308000,0.0,0.0
2005-12-09 00:00:00+09:00,450.6203894981971,462.47882080078125,449.54235028887126,462.47882080078125,604000,0.0,0.0
2005-12-12 00:00:00+09:00,495.89799955473717,501.719410853858,474.7684326171875,474.7684326171875,661000,0.0,0.0
2005-12-13 00:00:00+09:00,494.1730651855469,497.1915743097169,484.25510663470254,494.1730651855469,804000,0.0,0.0
2005-12-14 00:00:00+09:00,558.85530215526,558.85530215526,525.6517078142454,530.8262939453125,1821000,0.0,0.0
2005-12-15 00:00:00+09:00,537.2947410736697,540.9600743795495,531.2577215110442,536.863525390625,1086000,0.0,0.0
2005-12-16 00:00:00+09:00,530.3954883497588,534.7076467916268,502.36645847761713,507.1098327636719,1083000,0.0,0.0
2005-12-19 00:00:00+09:00,507.97203567859736,517.0275643282158,507.1096043786337,509.9125061035156,365000,0.0,0.0
2005-12-20 00:00:00+09:00,509.9125067900051,531.9045049686861,509.69689896472397,527.1611328125,710000,0.0,0.0
2005-12-21 00:00:00+09:00,538.8038945503869,546.9969909861271,531.90444492029,544.6253051757812,407000,0.0,0.0
2005-12-22 00:00:00+09:00,551.0936665765067,575.4573537138874,545.7034703071747,549.5844116210938,1205000,0.0,0.0
2005-12-23 00:00:00+09:00,549.5844116210938,549.5844116210938,549.5844116210938,549.5844116210938,0,0.0,0.0
2005-12-26 00:00:00+09:00,556.0525806515716,571.3607362259265,551.5248163267623,556.2681884765625,528000,0.0,0.0
2005-12-27 00:00:00+09:00,549.7999104655596,560.5803008668452,539.881951296377,541.1755981445312,355000,0.0,0.0
2005-12-28 00:00:00+09:00,547.6437892406907,549.7998671510871,536.4321841066293,543.5472412109375,315000,0.0,0.0
2005-12-29 00:00:00+09:00,556.4838812888206,576.1041963594454,549.800037693333,574.3793334960938,487000,0.0,0.0
2005-12-30 00:00:00+09:00,580.8475859115636,581.7100173680025,553.8966028978497,560.1492309570312,402000,0.0,0.0
2006-01-02 00:00:00+09:00,560.1492309570312,560.1492309570312,560.1492309570312,560.1492309570312,0,0.0,0.0
2006-01-03 00:00:00+09:00,560.1492309570312,560.1492309570312,560.1492309570312,560.1492309570312,0,0.0,0.0
2006-01-04 00:00:00+09:00,577.8289568865741,582.7879367404514,571.3607222945602,576.3197021484375,288000,0.0,0.0
2006-01-05 00:00:00+09:00,580.4163052401199,584.2972463598533,567.2642270010236,577.6134033203125,482000,0.0,0.0
2006-01-06 00:00:00+09:00,584.5128417479223,595.5088413529182,573.7324499783184,591.4122924804688,407000,0.0,0.0
2006-01-09 00:00:00+09:00,591.4122924804688,591.4122924804688,591.4122924804688,591.4122924804688,0,0.0,0.0
2006-01-10 00:00:00+09:00,592.2747840247284,592.2747840247284,549.8000361350774,557.7775268554688,689000,0.0,0.0
2006-01-11 00:00:00+09:00,557.9929597626601,568.7733492480284,550.0154715434876,568.1265258789062,631000,0.0,0.0
2006-01-12 00:00:00+09:00,558.4243026135244,564.4613221012382,550.6624204150353,561.0115966796875,525000,0.0,0.0
2006-01-13 00:00:00+09:00,567.4798583534097,586.453349058235,563.1677013750403,584.5128784179688,624000,0.0,0.0
2006-01-16 00:00:00+09:00,578.044719690221,582.1412693635198,559.2868343440631,564.8926391601562,411000,0.0,0.0
2006-01-17 00:00:00+09:00,564.8923483455883,565.5391716452206,526.5141659007353,531.47314453125,474000,0.0,0.0
2006-01-18 00:00:00+09:00,527.1611302988571,549.7999518454337,510.9905434798737,539.2351684570312,513000,0.0,0.0
2006-01-19 00:00:00+09:00,526.2987861557881,548.2907878714335,526.2987861557881,545.2722778320312,305000,0.0,0.0
2006-01-20 00:00:00+09:00,546.1346212837689,549.799954312519,530.3952500426653,532.9825439453125,441000,0.0,0.0
2006-01-23 00:00:00+09:00,524.1426941424485,543.5474010420044,517.8900663637027,519.6149291992188,381000,0.0,0.0
2006-01-24 00:00:00+09:00,539.0194926022563,564.8924282471646,539.0194926022563,558.4241943359375,379000,0.0,0.0
2006-01-25 00:00:00+09:00,560.1492250595714,560.3648329214111,546.5659297636696,555.6214599609375,279000,0.0,0.0
2006-01-26 00:00:00+09:00,562.7363502767556,564.6768204501237,551.0935292365468,558.4241943359375,201000,0.0,0.0
2006-01-27 00:00:00+09:00,558.639850123782,584.2971801757812,558.639850123782,584.2971801757812,496000,0.0,0.0
2006-01-30 00:00:00+09:00,586.2376505158485,594.6463553228061,582.141102020151,584.2971801757812,367000,0.0,0.0
2006-01-31 00:00:00+09:00,584.2970572809704,597.2335234938332,581.9253718086122,590.5496826171875,537000,0.0,0.0
2006-02-01 00:00:00+09:00,590.7655877506031,597.233824112836,579.122762298584,586.4534301757812,524000,0.0,0.0
2006-02-02 00:00:00+09:00,592.9215629145784,593.1371707556383,558.4243083450029,571.3607788085938,601000,0.0,0.0
2006-02-03 00:00:00+09:00,575.6728810441713,575.6728810441713,548.0750800053496,552.6028442382812,685000,0.0,0.0
2006-02-06 00:00:00+09:00,572.007699889186,572.2233077670184,550.6625199837848,553.6810302734375,280000,0.0,0.0
2006-02-07 00:00:00+09:00,547.6438506125639,558.4242413726537,527.8079316139986,537.7258911132812,624000,0.0,0.0
2006-02-08 00:00:00+09:00,544.6253051757812,545.9189519814245,531.4732293184088,544.6253051757812,470000,0.0,0.0
2006-02-09 00:00:00+09:00,538.1571388760763,545.2721972025628,517.4587873808425,525.8674926757812,633000,0.0,0.0
2006-02-10 00:00:00+09:00,526.0831146240234,526.7299381256104,496.11362571716313,517.4588012695312,640000,0.0,0.0
2006-02-13 00:00:00+09:00,523.9271772168178,523.9271772168178,500.2103091123528,503.4444274902344,637000,0.0,0.0
2006-02-14 00:00:00+09:00,503.65986577460103,517.4587662067819,483.39273076483545,506.6783752441406,616000,0.0,0.0
2006-02-15 00:00:00+09:00,517.4588144481637,521.3397555565249,498.7009324244177,509.2657165527344,693000,0.0,0.0
2006-02-16 00:00:00+09:00,502.79747780136586,502.79747780136586,488.3517526672786,498.4853210449219,523000,0.0,0.0
2006-02-17 00:00:00+09:00,485.5487564892884,491.80138257196575,472.39668093607054,481.6678161621094,615000,0.0,0.0
2006-02-20 00:00:00+09:00,481.021065338232,481.021065338232,459.24467466178135,473.6903991699219,510000,0.0,0.0
2006-02-21 00:00:00+09:00,477.787001805948,487.48935518197135,471.7499819275335,486.41131591796875,328000,0.0,0.0
2006-02-22 00:00:00+09:00,496.11362069254665,501.07260082115533,486.6268760986865,489.6453857421875,462000,0.0,0.0
2006-02-23 00:00:00+09:00,494.8199373826448,506.03154380700107,493.5262904875268,502.3662109375,610000,0.0,0.0
2006-02-24 00:00:00+09:00,511.6373882131236,511.6373882131236,498.0540947207397,506.2471923828125,318000,0.0,0.0
2006-02-27 00:00:00+09:00,499.77893891205656,513.14662407709,486.6268615722656,486.6268615722656,355000,0.0,0.0
2006-02-28 00:00:00+09:00,493.0950669457902,499.9945169424082,481.66785288889173,498.0540466308594,409000,0.0,0.0
2006-03-01 00:00:00+09:00,485.11770747936583,488.3518255292283,482.96162877945756,484.902099609375,193000,0.0,0.0
2006-03-02 00:00:00+09:00,484.902044591377,489.8610250385098,472.1811817052537,472.39678955078125,407000,0.0,0.0
2006-03-03 00:00:00+09:00,469.80934123787637,470.0249490126528,460.3225991477127,460.7538146972656,410000,0.0,0.0
2006-03-06 00:00:00+09:00,458.1666405148571,463.3412284547896,449.1111116199752,461.1851501464844,511000,0.0,0.0
2006-03-07 00:00:00+09:00,463.5567941045447,465.7128722166588,443.7208754730944,457.519775390625,816000,0.0,0.0
2006-03-08 00:00:00+09:00,463.98804688833496,481.4522809951914,451.2671850080321,473.6903991699219,767000,0.0,0.0
2006-03-09 00:00:00+09:00,478.64939304377066,492.66390229955675,478.64939304377066,488.35174560546875,347000,0.0,0.0
2006-03-10 00:00:00+09:00,481.88350298569304,493.741933707936,478.6493855159904,484.0395812988281,276000,0.0,0.0
2006-03-13 00:00:00+09:00,487.273822263474,495.89813770176556,487.273822263474,489.4299011230469,140000,0.0,0.0
2006-03-14 00:00:00+09:00,485.1176080921938,495.89799938313143,480.58984374999994,480.58984375,161000,0.0,0.0
2006-03-15 00:00:00+09:00,487.05802883243854,494.8199097700073,484.901950794225,490.0765380859375,173000,0.0,0.0
2006-03-16 00:00:00+09:00,494.60437483981724,494.60437483981724,471.1031207606803,476.4933166503906,472000,0.0,0.0
2006-03-17 00:00:00+09:00,470.0250191714406,482.9614875890032,468.3001567157656,476.9244689941406,345000,0.0,0.0
2006-03-20 00:00:00+09:00,478.8649877115886,492.0170652669271,477.5713407389323,485.11761474609375,226000,0.0,0.0
2006-03-21 00:00:00+09:00,485.11761474609375,485.11761474609375,485.11761474609375,485.11761474609375,0,0.0,0.0
2006-03-22 00:00:00+09:00,510.99037526085414,517.6742156123674,498.26951781765143,513.362060546875,605000,0.0,0.0
2006-03-23 00:00:00+09:00,513.362215313655,515.3026856781333,498.4852758526546,501.2881774902344,521000,0.0,0.0
2006-03-24 00:00:00+09:00,499.7788856797646,506.6783353526518,499.1320622729314,502.581787109375,165000,0.0,0.0
2006-03-27 00:00:00+09:00,505.6004168023585,515.3027702164762,500.85704402212315,503.01312255859375,244000,0.0,0.0
2006-03-28 00:00:00+09:00,507.72246542985545,528.5785561034317,506.82542927185216,521.6265258789062,329000,90.0,0.0
2006-03-29 00:00:00+09:00,520.2810284269958,540.0158260569854,518.9354740431329,533.736572265625,446000,0.0,0.0
2006-03-30 00:00:00+09:00,542.7069199934976,548.3133964397115,527.2330450019475,544.2767333984375,297000,0.0,0.0
2006-03-31 00:00:00+09:00,549.4347325647002,560.6476862905104,544.9495510743761,556.6110229492188,389000,0.0,0.0
2006-04-03 00:00:00+09:00,546.7435360282504,564.684259113673,546.7435360282504,561.3203735351562,295000,0.0,0.0
2006-04-04 00:00:00+09:00,560.6477715995875,575.8973909870962,551.0046299280746,558.8536987304688,578000,0.0,0.0
2006-04-05 00:00:00+09:00,557.2836899638769,557.2836899638769,536.2033411282212,540.9127807617188,384000,0.0,0.0
2006-04-06 00:00:00+09:00,541.1371198489343,547.1921145592207,538.8945292154948,544.9495239257812,223000,0.0,0.0
2006-04-07 00:00:00+09:00,544.9495254644827,544.9495254644827,529.4756500500591,533.736572265625,343000,0.0,0.0
2006-04-10 00:00:00+09:00,540.464314556202,540.464314556202,529.6998800754146,533.2880249023438,133000,0.0,0.0
2006-04-11 00:00:00+09:00,533.2879945274317,537.7731753056271,526.3359643212289,527.6815185546875,158000,0.0,0.0
2006-04-12 00:00:00+09:00,526.1118324930354,528.3544234243783,520.7296142578125,520.7296142578125,158000,0.0,0.0
2006-04-13 00:00:00+09:00,527.4572812698035,530.8211669921875,516.6928469581749,530.8211669921875,205000,0.0,0.0
2006-04-14 00:00:00+09:00,535.9792510947584,538.221842103523,527.4574052614525,529.9242553710938,245000,0.0,0.0
2006-04-17 00:00:00+09:00,528.3543505542993,529.4756458653229,516.9171383818591,519.1597290039062,158000,0.0,0.0
2006-04-18 00:00:00+09:00,521.4022869695125,534.8578298590483,514.2259974284267,530.8211669921875,225000,0.0,0.0
2006-04-19 00:00:00+09:00,535.9790770454246,537.100372185687,527.232974951378,531.493896484375,296000,0.0,0.0
2006-04-20 00:00:00+09:00,529.4755834857707,533.7365051656647,521.6265172333344,530.3726196289062,378000,0.0,0.0
2006-04-21 00:00:00+09:00,537.1004712379585,537.1004712379585,515.3473415051477,529.2514038085938,449000,0.0,0.0
2006-04-24 00:00:00+09:00,527.0089411131555,527.0089411131555,520.2811673968173,522.2994995117188,441000,0.0,0.0
2006-04-25 00:00:00+09:00,522.523676213002,535.9792215232081,520.2810853279677,534.6336669921875,516000,0.0,0.0
2006-04-26 00:00:00+09:00,534.8578382641252,535.7548744708575,524.9904399900702,533.2880249023438,360000,0.0,0.0
2006-04-27 00:00:00+09:00,537.7733129667304,541.5857176041092,532.8396128477696,533.5123901367188,405000,0.0,0.0
2006-04-28 00:00:00+09:00,520.0567683438103,531.2697215206928,516.2443642636703,523.420654296875,401000,0.0,0.0
2006-05-01 00:00:00+09:00,516.6928793196544,523.4206511857958,516.0201021330403,519.1597290039062,262000,0.0,0.0
2006-05-02 00:00:00+09:00,525.887552134196,542.9312425231933,520.5053341166179,538.2218017578125,321000,0.0,0.0
2006-05-03 00:00:00+09:00,538.2218017578125,538.2218017578125,538.2218017578125,538.2218017578125,0,0.0,0.0
2006-05-04 00:00:00+09:00,538.2218017578125,538.2218017578125,538.2218017578125,538.2218017578125,0,0.0,0.0
2006-05-05 00:00:00+09:00,538.2218017578125,538.2218017578125,538.2218017578125,538.2218017578125,0,0.0,0.0
2006-05-08 00:00:00+09:00,541.58572861667,543.1555423228053,523.8692596474291,529.9242553710938,365000,0.0,0.0
2006-05-09 00:00:00+09:00,542.7068868133844,557.2837246823389,528.8028260768431,550.7802124023438,799000,0.0,0.0
2006-05-10 00:00:00+09:00,544.0526192021564,559.5264983138418,543.604100967035,551.6774291992188,414000,0.0,0.0
2006-05-11 00:00:00+09:00,549.4346586942474,558.1807614244824,535.7548569879825,539.5672607421875,333000,0.0,0.0
2006-05-12 00:00:00+09:00,533.2880640368031,533.2880640368031,518.4869655395664,524.990478515625,321000,0.0,0.0
2006-05-15 00:00:00+09:00,521.1780773098186,531.493994502698,518.9354866157144,529.2514038085938,178000,0.0,0.0
2006-05-16 00:00:00+09:00,531.4939910651693,535.5306542884491,516.9171516477702,519.83251953125,364000,0.0,0.0
2006-05-17 00:00:00+09:00,529.0271551503256,529.0271551503256,516.692906090017,525.6632690429688,307000,0.0,0.0
2006-05-18 00:00:00+09:00,512.2077662161108,524.5420162782326,511.3107298479565,516.4686889648438,324000,0.0,0.0
2006-05-19 00:00:00+09:00,515.7958286682697,531.4939625842605,515.3473105563843,529.6998901367188,454000,0.0,0.0
2006-05-22 00:00:00+09:00,529.7000505996907,530.5970870952025,516.4687622908924,522.2994995117188,234000,0.0,0.0
2006-05-23 00:00:00+09:00,502.11598250915955,525.8874403680121,502.11598250915955,513.1046752929688,496000,0.0,0.0
2006-05-24 00:00:00+09:00,515.1230689459819,523.420654296875,514.2260326918314,523.420654296875,318000,0.0,0.0
2006-05-25 00:00:00+09:00,505.2558780320347,521.4025372501023,505.2558780320347,513.553466796875,409000,0.0,0.0
2006-05-26 00:00:00+09:00,514.8987885573815,520.9537830221242,513.1047161233836,520.281005859375,294000,0.0,0.0
2006-05-29 00:00:00+09:00,514.2262442642945,517.8143907571985,508.8440245249386,513.553466796875,568000,0.0,0.0
2006-05-30 00:00:00+09:00,513.553466796875,515.1232808875204,507.4984695900996,513.553466796875,133000,0.0,0.0
2006-05-31 00:00:00+09:00,506.82544135881943,517.141357421875,506.82544135881943,517.141357421875,423000,0.0,0.0
2006-06-01 00:00:00+09:00,530.5969129881104,530.5969129881104,507.72248985844544,512.6561889648438,479000,0.0,0.0
2006-06-02 00:00:00+09:00,505.9286554994542,523.8693879639738,500.77069491590476,513.553466796875,741000,0.0,0.0
2006-06-05 00:00:00+09:00,509.2923770369583,515.1231131897373,508.1710816229624,513.3290405273438,257000,0.0,0.0
2006-06-06 00:00:00+09:00,506.60119833695256,513.5532289471543,506.60119833695256,511.3106384277344,254000,0.0,0.0
2006-06-07 00:00:00+09:00,509.51661128393664,513.5532745775594,495.612548828125,495.612548828125,456000,0.0,0.0
2006-06-08 00:00:00+09:00,475.42912078653774,490.9029931140241,467.13153707469723,470.49542236328125,306000,0.0,0.0
2006-06-09 00:00:00+09:00,463.7676440441112,480.81132922174777,459.73098176519727,479.24151611328125,453000,0.0,0.0
2006-06-12 00:00:00+09:00,472.51379833905764,487.763413093237,472.51379833905764,487.5391540527344,238000,0.0,0.0
2006-06-13 00:00:00+09:00,494.26695820801893,503.9100975922952,488.8847408772601,492.2486267089844,433000,0.0,0.0
2006-06-14 00:00:00+09:00,478.79311180896093,495.83680103494737,477.67181646514604,492.6971740722656,336000,0.0,0.0
2006-06-15 00:00:00+09:00,486.64216351357237,505.2556656203127,486.64216351357237,492.9214172363281,361000,0.0,0.0
2006-06-16 00:00:00+09:00,493.81843454576693,508.17101393310986,493.81843454576693,499.649169921875,331000,0.0,0.0
2006-06-19 00:00:00+09:00,492.92150201659274,503.4616797212242,490.9031701157059,495.1640930175781,385000,0.0,0.0
2006-06-20 00:00:00+09:00,492.0243152054677,498.3035680886733,491.1272790792955,494.7154235839844,275000,0.0,0.0
2006-06-21 00:00:00+09:00,481.25994978856,495.388270774897,481.25994978856,491.57586669921875,276000,0.0,0.0
2006-06-22 00:00:00+09:00,493.8183706585808,500.9946594238281,489.78170822812916,500.9946594238281,177000,0.0,0.0
2006-06-23 00:00:00+09:00,502.3403559027778,505.92850130208336,496.7338787163629,504.58294677734375,111000,0.0,0.0
2006-06-26 00:00:00+09:00,497.8550295148577,510.18927574157715,497.8550295148577,502.3402099609375,156000,0.0,0.0
2006-06-27 00:00:00+09:00,505.03161887622815,513.553466796875,502.5647681623567,513.553466796875,213000,0.0,0.0
2006-06-28 00:00:00+09:00,506.82544783840405,516.4685868901967,503.01304402723025,509.29229736328125,207000,0.0,0.0
2006-06-29 00:00:00+09:00,515.7958245613206,515.7958245613206,509.2923119907648,509.5165710449219,212000,0.0,0.0
2006-06-30 00:00:00+09:00,516.020117941867,518.9354858398438,511.9834546985148,518.9354858398438,241000,0.0,0.0
2006-07-03 00:00:00+09:00,520.7293951667571,520.9536541655369,513.1045892082429,516.9169921875,287000,0.0,0.0
2006-07-04 00:00:00+09:00,535.9791926929154,558.629359413411,527.4573477881744,544.5010375976562,829000,0.0,0.0
2006-07-05 00:00:00+09:00,531.0454745850623,544.5010187046162,531.0454745850623,540.46435546875,201000,0.0,0.0
2006-07-06 00:00:00+09:00,542.9312425231933,548.9862377929687,529.4756974792481,538.2218017578125,278000,0.0,0.0
2006-07-07 00:00:00+09:00,538.2217882858572,538.2217882858572,524.3177254218059,532.3910522460938,252000,0.0,0.0
2006-07-10 00:00:00+09:00,538.2217281120868,546.0707949803881,527.0087754430849,542.7069091796875,348000,0.0,0.0
2006-07-11 00:00:00+09:00,542.7068892660966,552.7985462979041,542.4826302209452,549.8831787109375,347000,0.0,0.0
2006-07-12 00:00:00+09:00,556.1625525508017,558.4051434885065,545.8466342373595,555.9382934570312,472000,0.0,0.0
2006-07-13 00:00:00+09:00,560.6477101643881,560.6477101643881,525.887552134196,538.2218017578125,727000,0.0,0.0
2006-07-14 00:00:00+09:00,544.9494153268535,550.331631774526,531.9423922449779,545.6221923828125,391000,0.0,0.0
2006-07-17 00:00:00+09:00,545.6221923828125,545.6221923828125,545.6221923828125,545.6221923828125,0,0.0,0.0
2006-07-18 00:00:00+09:00,549.434692330956,549.434692330956,524.5419368824922,527.9058227539062,561000,0.0,0.0
2006-07-19 00:00:00+09:00,528.130145497111,531.9425499444362,517.3657094105457,521.8508911132812,543000,0.0,0.0
2006-07-20 00:00:00+09:00,535.3064622318044,549.4347852819106,531.494057599236,548.9862670898438,784000,0.0,0.0
2006-07-21 00:00:00+09:00,555.714013050315,555.714013050315,537.3247680664062,537.3247680664062,763000,0.0,0.0
2006-07-24 00:00:00+09:00,549.4347346456427,549.4347346456427,535.306412897612,545.3980712890625,316000,0.0,0.0
2006-07-25 00:00:00+09:00,556.8352950167686,558.4051085750115,542.0341957533345,546.9678955078125,381000,0.0,0.0
2006-07-26 00:00:00+09:00,553.6955454812121,553.6955454812121,535.9790820980546,540.9127807617188,268000,0.0,0.0
2006-07-27 00:00:00+09:00,547.1921197212403,547.1921197212403,530.8212079426949,543.1554565429688,459000,0.0,0.0
2006-07-28 00:00:00+09:00,547.1919896197104,549.4345797411027,539.1186651826982,545.846435546875,276000,0.0,0.0
2006-07-31 00:00:00+09:00,555.2654841303581,559.7506657469199,544.9495664122658,546.0708618164062,441000,0.0,0.0
2006-08-01 00:00:00+09:00,540.6884403094828,551.4528721364654,540.6884403094828,542.9310302734375,172000,0.0,0.0
2006-08-02 00:00:00+09:00,540.4642748383593,548.3133410704517,536.4276122047117,547.6405639648438,321000,0.0,0.0
2006-08-03 00:00:00+09:00,549.4345852214627,551.0043983220954,536.6518214020247,537.9973754882812,302000,0.0,0.0
2006-08-04 00:00:00+09:00,544.7253644351805,544.7253644351805,524.0935268361535,527.233154296875,281000,0.0,0.0
2006-08-07 00:00:00+09:00,522.5236341238655,530.148442518806,507.2740173339844,507.2740173339844,318000,0.0,0.0
2006-08-08 00:00:00+09:00,508.1710869199378,525.2147773903329,505.92849606857004,521.8508911132812,442000,0.0,0.0
2006-08-09 00:00:00+09:00,517.365866401868,525.4391959165915,511.3108692658253,524.7664184570312,273000,0.0,0.0
2006-08-10 00:00:00+09:00,524.3176512320159,537.997453081953,518.9354341107291,526.5602416992188,189000,0.0,0.0
2006-08-11 00:00:00+09:00,523.6448956262651,533.7365531436878,523.6448956262651,529.6998901367188,161000,0.0,0.0
2006-08-14 00:00:00+09:00,537.3246752664982,540.6885609630747,531.4939400590987,537.773193359375,205000,0.0,0.0
2006-08-15 00:00:00+09:00,538.2216723997201,542.9311120332177,536.2033411282212,540.9127807617188,133000,0.0,0.0
2006-08-16 00:00:00+09:00,543.1553274012043,546.9677306075712,541.5855143162297,545.846435546875,147000,0.0,0.0
2006-08-17 00:00:00+09:00,551.4529951921197,551.4529951921197,533.7365305234831,537.773193359375,146000,0.0,0.0
2006-08-18 00:00:00+09:00,537.7731259978723,544.7251555666521,529.6998013373537,534.4092407226562,243000,0.0,0.0
2006-08-21 00:00:00+09:00,535.0820889072072,543.3796736890876,522.747841258466,530.8211669921875,141000,0.0,0.0
2006-08-22 00:00:00+09:00,527.6814825103039,544.2766502560593,527.00870543953,541.1370239257812,210000,0.0,0.0
2006-08-23 00:00:00+09:00,544.9494049339406,544.9494049339406,533.7364542151353,537.9973754882812,211000,0.0,0.0
2006-08-24 00:00:00+09:00,537.5490110504999,544.0525243256207,531.0454977753791,532.3910522460938,142000,0.0,0.0
2006-08-25 00:00:00+09:00,529.251298593616,532.8394429908608,522.9720458984375,522.9720458984375,176000,0.0,0.0
2006-08-28 00:00:00+09:00,536.6520366790395,542.7070324961453,525.2148223578397,527.233154296875,229000,0.0,0.0
2006-08-29 00:00:00+09:00,537.997470828613,537.997470828613,529.4756267721365,536.6519165039062,200000,0.0,0.0
2006-08-30 00:00:00+09:00,538.2218773202163,538.2218773202163,524.7663303872109,528.5787353515625,129000,0.0,0.0
2006-08-31 00:00:00+09:00,532.1667263132882,537.5489435199966,525.8874729054618,529.027099609375,120000,0.0,0.0
2006-09-01 00:00:00+09:00,525.8874561340829,531.2696731691439,522.9720885734248,524.0933837890625,71000,0.0,0.0
2006-09-04 00:00:00+09:00,531.4939282391522,533.7365186536634,527.233006451581,531.04541015625,89000,0.0,0.0
2006-09-05 00:00:00+09:00,533.7366383996653,542.2584838867188,531.9425656655487,542.2584838867188,234000,0.0,0.0
2006-09-06 00:00:00+09:00,528.8027881477452,535.0820409332147,528.8027881477452,531.493896484375,197000,0.0,0.0
2006-09-07 00:00:00+09:00,527.2330481216756,531.4939702460106,523.644903174867,527.0087890625,178000,0.0,0.0
2006-09-08 00:00:00+09:00,520.2809883910509,533.0637540541069,520.2809883910509,526.5602416992188,244000,0.0,0.0
2006-09-11 00:00:00+09:00,531.4940582698711,537.3247947740975,527.0088763435431,533.5123901367188,412000,0.0,0.0
2006-09-12 00:00:00+09:00,533.7366118616291,533.7366118616291,524.5419895564497,525.4390258789062,150000,0.0,0.0
2006-09-13 00:00:00+09:00,528.5787815396229,531.0456320262313,523.42082143126,523.6450805664062,164000,0.0,0.0
2006-09-14 00:00:00+09:00,516.9171538201028,520.2810398536393,509.06808640851773,513.7775268554688,371000,0.0,0.0
2006-09-15 00:00:00+09:00,513.7773212591808,518.7110188007355,512.6560263633728,516.6926879882812,456000,0.0,0.0
2006-09-18 00:00:00+09:00,516.6926879882812,516.6926879882812,516.6926879882812,516.6926879882812,0,0.0,0.0
2006-09-19 00:00:00+09:00,515.7959142088582,523.4207233754239,510.1894368805011,520.7296142578125,454000,0.0,0.0
2006-09-20 00:00:00+09:00,527.457338387815,528.1301156051463,515.123089403406,516.244384765625,308000,0.0,0.0
2006-09-21 00:00:00+09:00,529.2514142241494,529.2514142241494,519.3840149759026,525.6632690429688,233000,0.0,0.0
2006-09-22 00:00:00+09:00,527.9058838907878,538.4460608418782,527.681624806722,538.2218017578125,353000,0.0,0.0
2006-09-25 00:00:00+09:00,544.9494846674893,549.4346656112547,536.6518999215234,548.089111328125,504000,0.0,0.0
2006-09-26 00:00:00+09:00,565.7844848632812,568.1128160767104,557.8681587376221,565.7844848632812,499000,90.0,0.0
2006-09-27 00:00:00+09:00,565.7844970310615,579.288818359375,565.7844970310615,579.288818359375,436000,0.0,0.0
2006-09-28 00:00:00+09:00,581.6171555152306,581.6171555152306,575.330661040086,581.1514892578125,263000,0.0,0.0
2006-09-29 00:00:00+09:00,581.3842163085938,583.9453802570897,577.4260538427363,581.3842163085938,257000,0.0,0.0
2006-10-02 00:00:00+09:00,605.3661425135023,608.3929732260698,594.888651585384,598.1483154296875,593000,0.0,0.0
2006-10-03 00:00:00+09:00,593.7243972826153,597.9153930281398,586.7394043734081,594.1900634765625,421000,0.0,0.0
2006-10-04 00:00:00+09:00,596.984080646055,599.5452447985926,587.2050902454566,590.930419921875,336000,0.0,0.0
2006-10-05 00:00:00+09:00,597.449883563702,597.449883563702,584.6440598707933,590.2320556640625,459000,0.0,0.0
2006-10-06 00:00:00+09:00,593.724573930546,593.724573930546,582.0829156181823,586.972412109375,215000,0.0,0.0
2006-10-09 00:00:00+09:00,586.972412109375,586.972412109375,586.972412109375,586.972412109375,0,0.0,0.0
2006-10-10 00:00:00+09:00,583.2469401748891,588.1364354817446,574.86494822028,576.0291137695312,230000,0.0,0.0
2006-10-11 00:00:00+09:00,568.8111283440776,581.8497788505321,565.7842987622221,569.2767944335938,278000,0.0,0.0
2006-10-12 00:00:00+09:00,564.3873193845227,574.631973696783,557.8679939130843,561.5933227539062,178000,0.0,0.0
2006-10-13 00:00:00+09:00,562.7577978122642,584.6441168004119,562.7577978122642,578.5904541015625,266000,0.0,0.0
2006-10-16 00:00:00+09:00,578.5902025422997,593.0258534709204,578.5902025422997,589.9990234375,201000,0.0,0.0
2006-10-17 00:00:00+09:00,587.9036619777121,605.1333138534945,586.506663176973,604.434814453125,380000,0.0,0.0
2006-10-18 00:00:00+09:00,597.4498088511386,601.6408051719961,588.3693168226139,600.70947265625,382000,0.0,0.0
2006-10-19 00:00:00+09:00,603.0375782950013,605.3659087131286,597.2167522496827,601.8734130859375,255000,0.0,0.0
2006-10-20 00:00:00+09:00,605.3661914951294,616.5421827227318,605.1333583445544,613.9810180664062,617000,0.0,0.0
2006-10-23 00:00:00+09:00,607.6942971616837,620.9657818123412,605.5987995852641,618.637451171875,542000,0.0,0.0
2006-10-24 00:00:00+09:00,628.6495171028398,628.6495171028398,609.5571984352721,612.3511962890625,382000,0.0,0.0
2006-10-25 00:00:00+09:00,616.5421095538439,616.5421095538439,605.5989527755091,610.255615234375,152000,0.0,0.0
2006-10-26 00:00:00+09:00,603.2706307754215,604.9004626609591,586.73947879354,589.0678100585938,578000,0.0,0.0
2006-10-27 00:00:00+09:00,597.216917711546,598.3810832431475,585.8080955018518,587.4379272460938,357000,0.0,0.0
2006-10-30 00:00:00+09:00,580.9186779770288,583.9455087640835,568.5785216913443,573.468017578125,422000,0.0,0.0
2006-10-31 00:00:00+09:00,573.7007886470084,581.6171144643779,571.3724575242527,577.8917846679688,550000,0.0,0.0
2006-11-01 00:00:00+09:00,578.1244375215739,581.6169331167505,571.6051124105775,574.3991088867188,295000,0.0,0.0
2006-11-02 00:00:00+09:00,567.4143502478202,572.7695123552062,562.7576875457453,571.6053466796875,281000,0.0,0.0
2006-11-03 00:00:00+09:00,571.6053466796875,571.6053466796875,571.6053466796875,571.6053466796875,0,0.0,0.0
2006-11-06 00:00:00+09:00,564.6203133215301,570.9068075317081,556.9368203979794,563.9218139648438,354000,0.0,0.0
2006-11-07 00:00:00+09:00,577.8919282267726,584.4112569900078,571.8382658037685,579.9874267578125,449000,0.0,0.0
2006-11-08 00:00:00+09:00,581.1514410721628,584.1782714944137,566.0172889609086,566.2501220703125,272000,0.0,0.0
2006-11-09 00:00:00+09:00,572.7693321861447,576.4946611759733,561.1276790929304,563.6888427734375,215000,0.0,0.0
2006-11-10 00:00:00+09:00,563.4559871743172,569.9753126457556,559.0321591758411,561.5933227539062,197000,0.0,0.0
2006-11-13 00:00:00+09:00,560.1963468454732,567.414171763266,548.0890276285303,563.6888427734375,326000,0.0,0.0
2006-11-14 00:00:00+09:00,576.4948307051429,576.7276638354763,561.127844103148,567.8800048828125,340000,0.0,0.0
2006-11-15 00:00:00+09:00,570.4412938556823,572.3039593050069,556.9369693480783,558.1011352539062,263000,0.0,0.0
2006-11-16 00:00:00+09:00,558.7994131624424,567.181404359879,553.211419030818,555.7725830078125,377000,0.0,0.0
2006-11-17 00:00:00+09:00,561.1279232735492,561.3607564367331,548.3220992984267,553.9100952148438,136000,0.0,0.0
2006-11-20 00:00:00+09:00,555.0741088867188,555.0741088867188,539.0086250305176,540.1727905273438,424000,0.0,0.0
2006-11-21 00:00:00+09:00,546.2264511108399,549.7189476013184,535.9817947387695,540.1727905273438,394000,0.0,0.0
2006-11-22 00:00:00+09:00,540.1728875045744,557.6353730920068,536.2147241047564,556.7040405273438,217000,0.0,0.0
2006-11-23 00:00:00+09:00,556.7040405273438,556.7040405273438,556.7040405273438,556.7040405273438,0,0.0,0.0
2006-11-24 00:00:00+09:00,560.6621313951308,564.3874611718427,544.1309805109721,562.7576293945312,342000,0.0,0.0
2006-11-27 00:00:00+09:00,561.1276822748872,569.9753386759021,559.4978508325951,564.6201782226562,209000,0.0,0.0
2006-11-28 00:00:00+09:00,554.8413135069535,564.1546381147076,554.1428141613719,561.1278076171875,155000,0.0,0.0
2006-11-29 00:00:00+09:00,561.3606177716216,564.3874481453383,557.8681211865638,563.4561157226562,185000,0.0,0.0
2006-11-30 00:00:00+09:00,559.7308089260245,563.6889718843199,555.0741466221473,561.1278076171875,265000,0.0,0.0
2006-12-01 00:00:00+09:00,554.1429630175576,561.3607915274501,550.6504653514805,555.30712890625,307000,0.0,0.0
2006-12-04 00:00:00+09:00,558.3338725155041,559.2652050801671,548.3220474453761,556.7040405273438,283000,0.0,0.0
2006-12-05 00:00:00+09:00,569.7426538756873,569.7426538756873,558.3338308107471,567.6471557617188,364000,0.0,0.0
2006-12-06 00:00:00+09:00,563.9217461563657,568.8112410652359,561.1277490655826,566.48291015625,183000,0.0,0.0
2006-12-07 00:00:00+09:00,567.8799369469467,573.7007645089286,560.6621107700893,570.4411010742188,217000,0.0,0.0
2006-12-08 00:00:00+09:00,564.6203932665875,572.0710541261878,562.2920617479624,565.0860595703125,193000,0.0,0.0
2006-12-11 00:00:00+09:00,572.0708912816541,572.0708912816541,563.4560671150194,567.181396484375,117000,0.0,0.0
2006-12-12 00:00:00+09:00,569.2769535838738,576.9604462089322,567.1814555952216,576.0291137695312,184000,0.0,0.0
2006-12-13 00:00:00+09:00,582.0827886396986,587.6707834106396,573.7007964832869,585.109619140625,380000,0.0,0.0
2006-12-14 00:00:00+09:00,589.0678551169713,591.3961865601214,584.4111922306711,588.8350219726562,219000,0.0,0.0
2006-12-15 00:00:00+09:00,586.739453939772,591.1632831559846,580.2201266737745,586.0409545898438,202000,0.0,0.0
2006-12-18 00:00:00+09:00,589.0678186035155,589.0678186035155,580.9186590576171,582.0828247070312,203000,0.0,0.0
2006-12-19 00:00:00+09:00,579.521536421252,583.0140326230675,571.1395455368948,572.3037109375,231000,0.0,0.0
2006-12-20 00:00:00+09:00,572.3036435491501,579.5214681830084,572.070810496445,574.8648071289062,248000,0.0,0.0
2006-12-21 00:00:00+09:00,573.4678183581758,575.0976497542404,567.4141588870785,568.8111572265625,221000,0.0,0.0
2006-12-22 00:00:00+09:00,569.2769485305269,575.5634424406799,566.250118129342,569.7426147460938,174000,0.0,0.0
2006-12-25 00:00:00+09:00,568.8112447910609,576.0290706561951,561.1277527410793,562.9904174804688,96000,0.0,0.0
2006-12-26 00:00:00+09:00,562.7575546525376,572.769377097742,554.1427306880594,572.3037109375,163000,0.0,0.0
2006-12-27 00:00:00+09:00,577.1931278537725,577.4259609025235,563.9216440749644,572.07080078125,76000,0.0,0.0
2006-12-28 00:00:00+09:00,572.769402411726,575.33056640625,567.6470744226781,575.33056640625,106000,0.0,0.0
2006-12-29 00:00:00+09:00,571.1396862034676,576.0291820902481,566.2501903166869,573.468017578125,54000,0.0,0.0
2007-01-04 00:00:00+09:00,582.0826729477792,601.8734838280037,573.9335155265103,600.24365234375,317000,0.0,0.0
2007-01-05 00:00:00+09:00,600.709460849137,603.0377920927384,593.7244671183331,596.984130859375,297000,0.0,0.0
2007-01-09 00:00:00+09:00,597.4498627678747,603.0378583666389,583.9455400708612,593.49169921875,393000,0.0,0.0
2007-01-10 00:00:00+09:00,596.0527090694935,596.0527090694935,578.357394268993,593.02587890625,275000,0.0,0.0
2007-01-11 00:00:00+09:00,591.3960900535387,600.7094143063504,581.6170995880865,587.4379272460938,162000,0.0,0.0
2007-01-12 00:00:00+09:00,580.4530058624521,593.9573276996049,580.4530058624521,591.163330078125,136000,0.0,0.0
2007-01-15 00:00:00+09:00,591.3959799640527,597.44963960148,589.9989815861849,595.5869750976562,69000,0.0,0.0
2007-01-16 00:00:00+09:00,589.5334252029764,594.6557535420228,587.4379272460938,587.4379272460938,98000,0.0,0.0
2007-01-17 00:00:00+09:00,586.7394339487233,594.8885927535666,583.479770426786,589.3005981445312,106000,0.0,0.0
2007-01-18 00:00:00+09:00,588.1365628379375,594.6558913254522,587.903729677669,592.0947265625,164000,0.0,0.0
2007-01-19 00:00:00+09:00,602.572072570448,607.2287346459538,593.724414626987,604.201904296875,300000,0.0,0.0
2007-01-22 00:00:00+09:00,605.3659798656904,608.1599766958398,598.380987790317,600.24365234375,202000,0.0,0.0
2007-01-23 00:00:00+09:00,600.4764251187811,616.5419052789966,596.5182633401772,613.5150756835938,415000,0.0,0.0
2007-01-24 00:00:00+09:00,613.7481866636924,613.7481866636924,602.5721954042625,609.5571899414062,301000,0.0,0.0
2007-01-25 00:00:00+09:00,615.8433899991695,618.1717203961418,607.6942336097665,613.2822265625,445000,0.0,0.0
2007-01-26 00:00:00+09:00,612.3512864947501,617.0079502703755,607.6946227191246,611.8856201171875,317000,0.0,0.0
2007-01-29 00:00:00+09:00,611.8852991698652,620.965788769418,595.1213183706909,602.8048095703125,428200,0.0,0.0
2007-01-30 00:00:00+09:00,602.5719122113758,606.7629069640051,598.8465835423718,601.8734130859375,186000,0.0,0.0
2007-01-31 00:00:00+09:00,596.5185650551156,598.3812303636406,580.6859099326535,594.8887329101562,334000,0.0,0.0
2007-02-01 00:00:00+09:00,598.1482369248488,608.1600602754788,585.8080825624444,588.1364135742188,368000,0.0,0.0
2007-02-02 00:00:00+09:00,586.2737677313037,593.7244272100177,581.6171055571075,589.3005981445312,462000,0.0,0.0
2007-02-05 00:00:00+09:00,585.3423108552632,589.0676398026316,566.9484991776316,579.521484375,516000,0.0,0.0
2007-02-06 00:00:00+09:00,587.4378406783025,595.8198312706206,582.5483461661169,584.4110107421875,324000,0.0,0.0
2007-02-07 00:00:00+09:00,591.8619454028861,591.8619454028861,577.1934550172127,578.5904541015625,275000,0.0,0.0
2007-02-08 00:00:00+09:00,584.4112836196869,589.3007804149114,577.8919545593876,578.5904541015625,242000,0.0,0.0
2007-02-09 00:00:00+09:00,572.5364445692912,578.5901036009308,568.1126168154008,574.3991088867188,318000,0.0,0.0
2007-02-13 00:00:00+09:00,570.4411867910703,580.9186779770288,570.2083536536046,573.468017578125,158000,0.0,0.0
2007-02-14 00:00:00+09:00,573.4679444706289,577.193274195164,569.7426147460938,569.7426147460938,294000,0.0,0.0
2007-02-15 00:00:00+09:00,570.4410337405943,573.7006967905405,564.6202068656903,568.578369140625,351000,0.0,0.0
2007-02-16 00:00:00+09:00,568.5787730430958,568.5787730430958,559.9639431485034,565.5519409179688,439000,0.0,0.0
2007-02-19 00:00:00+09:00,565.31867741221,569.7425056127174,559.4978508325951,564.6201782226562,352000,0.0,0.0
2007-02-20 00:00:00+09:00,564.3874551243384,566.9486193183845,560.8949584960938,560.8949584960938,190000,0.0,0.0
2007-02-21 00:00:00+09:00,561.1279666090588,566.7159629570328,557.6354688915751,558.1011352539062,267000,0.0,0.0
2007-02-22 00:00:00+09:00,558.3338593982515,562.5248558407739,555.772694905599,557.4025268554688,330000,0.0,0.0
2007-02-23 00:00:00+09:00,556.4710657829554,560.4292281755539,554.3755680456975,559.9635620117188,461000,0.0,0.0
2007-02-26 00:00:00+09:00,587.9036375300819,591.8618006342449,562.5248270386844,567.6471557617188,646000,0.0,0.0
2007-02-27 00:00:00+09:00,572.0709719847382,572.0709719847382,566.7158102608274,568.3456420898438,392000,0.0,0.0
2007-02-28 00:00:00+09:00,540.4057571175991,559.0324096679688,540.4057571175991,559.0324096679688,563000,0.0,0.0
2007-03-01 00:00:00+09:00,566.0172476819766,566.9485800516715,551.8144290441319,562.9904174804688,794000,0.0,0.0
2007-03-02 00:00:00+09:00,562.5248063083507,565.3188036906769,556.7039784285043,561.1278076171875,416000,0.0,0.0
2007-03-05 00:00:00+09:00,552.9786637685831,558.3338255650789,549.4861669447815,551.5816650390625,662000,0.0,0.0
2007-03-06 00:00:00+09:00,547.1578616587428,550.1846923828125,543.8981978020526,550.1846923828125,294000,0.0,0.0
2007-03-07 00:00:00+09:00,554.1427981427012,554.1427981427012,545.0623069126317,546.692138671875,254000,0.0,0.0
2007-03-08 00:00:00+09:00,544.1310410038118,548.5548706054688,541.8027096345186,548.5548706054688,317000,0.0,0.0
2007-03-09 00:00:00+09:00,546.6920325820511,553.4441914171786,546.6920325820511,551.3486938476562,421000,0.0,0.0
2007-03-12 00:00:00+09:00,549.020579154316,553.6772422514688,542.7340839731597,547.3907470703125,592000,0.0,0.0
2007-03-13 00:00:00+09:00,540.405559401438,544.5965546919274,535.5160648958671,539.2413940429688,663000,0.0,0.0
2007-03-14 00:00:00+09:00,536.6803881490405,538.0773869902093,520.1492351952088,526.4357299804688,461000,0.0,0.0
2007-03-15 00:00:00+09:00,528.7640351512962,530.8595333090952,524.5730388356981,527.8327026367188,295000,0.0,0.0
2007-03-16 00:00:00+09:00,525.5042719782341,537.3787592936484,525.5042719782341,529.9281005859375,322000,0.0,0.0
2007-03-19 00:00:00+09:00,530.1609207561738,530.6265869140625,525.5042591772878,530.6265869140625,261000,0.0,0.0
2007-03-20 00:00:00+09:00,533.8863801502047,541.8027067638579,532.2565482003348,537.8445434570312,296000,0.0,0.0
2007-03-22 00:00:00+09:00,544.3640454936232,547.1580440162594,540.6387141301082,544.8297119140625,207000,0.0,0.0
2007-03-23 00:00:00+09:00,549.7189590745671,549.7189590745671,542.9667990520502,548.3219604492188,312000,0.0,0.0
2007-03-26 00:00:00+09:00,554.1428441350656,557.8681741796711,548.7876821959453,556.2383422851562,295000,0.0,0.0
2007-03-27 00:00:00+09:00,579.6693652665534,580.6456505133181,568.6861562404503,574.0557250976562,248000,110.0,0.0
2007-03-28 00:00:00+09:00,574.0552929938223,577.4722887854521,566.9772302825888,570.3942260742188,345000,0.0,0.0
2007-03-29 00:00:00+09:00,566.2452117342136,568.6859238537577,556.9705056799463,567.2214965820312,217000,0.0,0.0
2007-03-30 00:00:00+09:00,566.0011381446318,570.8825623632142,566.0011381446318,568.9299926757812,299000,0.0,0.0
2007-04-02 00:00:00+09:00,567.4655750322694,568.9300023226753,561.607865870646,562.0960083007812,244000,0.0,0.0
2007-04-03 00:00:00+09:00,569.4182299038188,577.4725812055016,567.2215886397234,575.2759399414062,464000,0.0,0.0
2007-04-04 00:00:00+09:00,580.8895188934949,587.4794420069926,573.5673821007198,586.0150146484375,465000,0.0,0.0
2007-04-05 00:00:00+09:00,581.1335901199208,586.5031571012892,575.0318094592748,586.0150146484375,684000,0.0,0.0
2007-04-06 00:00:00+09:00,586.0150146484375,590.1642254976767,581.3776613463466,586.0150146484375,321000,0.0,0.0
2007-04-09 00:00:00+09:00,587.7235608041632,589.6761307736123,584.7947058499897,589.18798828125,298000,0.0,0.0
2007-04-10 00:00:00+09:00,586.2591135138813,588.4557546552738,582.3539737069613,585.0387573242188,316000,0.0,0.0
2007-04-11 00:00:00+09:00,584.5505981445312,587.967595377944,582.5980282968669,584.5505981445312,288000,0.0,0.0
2007-04-12 00:00:00+09:00,582.8421297009359,585.7709846240562,578.4488473162555,581.8658447265625,243000,0.0,0.0
2007-04-13 00:00:00+09:00,582.3539419416244,585.5268678616751,574.2995915291879,576.984375,287000,0.0,0.0
2007-04-16 00:00:00+09:00,576.9842943663991,586.9912131773223,576.9842943663991,585.28271484375,326000,0.0,0.0
2007-04-17 00:00:00+09:00,585.2828389751905,587.9676226402144,575.7640605264698,578.2047729492188,365000,0.0,0.0
2007-04-18 00:00:00+09:00,568.6860875462735,577.9607962702041,565.2690895953517,573.8115844726562,337000,0.0,0.0
2007-04-19 00:00:00+09:00,566.489282946168,569.6622087015753,564.048570826624,567.2214965820312,292000,0.0,0.0
2007-04-20 00:00:00+09:00,567.4656003636065,569.906312623235,562.3401046183868,562.8282470703125,430000,0.0,0.0
2007-04-23 00:00:00+09:00,572.8350930000659,580.4013000230749,572.5910218057753,578.44873046875,462000,0.0,0.0
2007-04-24 00:00:00+09:00,576.0081435656418,588.4557771765943,576.0081435656418,587.4794921875,853000,0.0,0.0
2007-04-25 00:00:00+09:00,584.5506148483538,586.5031847518138,580.1573325655686,585.0387573242188,544000,0.0,0.0
2007-04-26 00:00:00+09:00,585.7709175049473,585.7709175049473,553.065374610921,555.0179443359375,1206000,0.0,0.0
2007-04-27 00:00:00+09:00,551.1128305330645,553.0654003489478,541.349981453648,543.3025512695312,1112000,0.0,0.0
2007-05-01 00:00:00+09:00,544.2788529182037,544.7669953871886,537.9330008213994,543.7907104492188,1211000,0.0,0.0
2007-05-02 00:00:00+09:00,558.9230860133331,568.6859346773215,555.750160197537,565.757080078125,891000,0.0,0.0
2007-05-07 00:00:00+09:00,561.6079404606048,562.8282966980247,557.2146580058935,558.9231567382812,504600,0.0,0.0
2007-05-08 00:00:00+09:00,561.11972828503,562.3400843709044,556.4823751587074,558.6790161132812,494100,0.0,0.0
2007-05-09 00:00:00+09:00,556.2383147217545,558.9230981627107,552.821317615083,557.214599609375,398300,0.0,0.0
2007-05-10 00:00:00+09:00,551.356991854581,551.356991854581,533.5397893732245,536.956787109375,1313000,0.0,0.0
2007-05-11 00:00:00+09:00,532.0753617720171,537.9330721768466,532.0753617720171,536.956787109375,562100,0.0,0.0
2007-05-14 00:00:00+09:00,528.6584057470319,532.563546325034,525.9736215996555,527.4380493164062,806700,0.0,0.0
2007-05-15 00:00:00+09:00,520.359957407756,527.1939530960381,520.359957407756,526.705810546875,677000,0.0,0.0
2007-05-16 00:00:00+09:00,524.7530936752283,527.193805738834,524.0208800561467,525.9734497070312,817900,0.0,0.0
2007-05-17 00:00:00+09:00,516.4547433262927,525.4853791973102,516.4547433262927,524.5090942382812,651900,0.0,0.0
2007-05-18 00:00:00+09:00,534.0278295842825,536.9566842255125,532.5634022636674,535.736328125,595000,0.0,0.0
2007-05-21 00:00:00+09:00,536.956697598605,538.6651961818734,531.0989881702567,532.5634155273438,456000,0.0,0.0
2007-05-22 00:00:00+09:00,554.5297607421875,570.8825309753419,553.7975471496583,566.2451782226562,1055000,0.0,0.0
2007-05-23 00:00:00+09:00,561.6078586804936,565.0248556476934,549.8924405072368,554.7738647460938,413000,0.0,0.0
2007-05-24 00:00:00+09:00,559.1671417730054,562.3400675010931,556.9705008843292,558.1908569335938,391300,0.0,0.0
2007-05-25 00:00:00+09:00,554.5297364988527,561.8518721040313,554.2856653120134,558.4348754882812,461500,0.0,0.0
2007-05-28 00:00:00+09:00,555.9942986993475,557.214654930031,553.0654437457074,555.2620849609375,270900,0.0,0.0
2007-05-29 00:00:00+09:00,571.1265767459269,571.3706479325704,562.5840852134023,565.512939453125,565000,0.0,0.0
2007-05-30 00:00:00+09:00,585.7709684705179,587.4794671285568,585.2828259967924,586.7472534179688,1186600,0.0,0.0
2007-05-31 00:00:00+09:00,586.7471732792393,588.9438141109836,586.259030872185,587.967529296875,453400,0.0,0.0
2007-06-01 00:00:00+09:00,586.5031596018856,587.7235157392179,584.3065185546875,584.3065185546875,395400,0.0,0.0
2007-06-04 00:00:00+09:00,573.567307255096,577.2283751737456,569.9062393364464,571.3706665039062,462700,0.0,0.0
2007-06-05 00:00:00+09:00,566.9775170532488,570.6385858245785,564.2927332876071,569.9063720703125,533600,0.0,0.0
2007-06-06 00:00:00+09:00,569.6622648606248,573.3233334008601,569.6622648606248,570.6385498046875,327700,0.0,0.0
2007-06-07 00:00:00+09:00,558.9230825049019,568.44185989254,558.9230825049019,562.0960083007812,472000,0.0,0.0
2007-06-08 00:00:00+09:00,557.4586576136147,564.0485804488019,557.2145863974966,560.3875122070312,416500,0.0,0.0
2007-06-11 00:00:00+09:00,560.3875073982008,570.3944271731687,558.9230801140591,563.8045043945312,330000,0.0,0.0
2007-06-12 00:00:00+09:00,543.0584038779446,550.3805396605685,540.1295495648949,548.1838989257812,767900,0.0,0.0
2007-06-13 00:00:00+09:00,559.4111286309083,563.8044097458107,553.3093493046549,555.7500610351562,393500,0.0,0.0
2007-06-14 00:00:00+09:00,550.3805466525725,563.0722488370221,549.4042618691534,562.5841064453125,457200,0.0,0.0
2007-06-15 00:00:00+09:00,562.8281081517537,565.7569621404011,554.5296885172526,562.3399658203125,533000,0.0,0.0
2007-06-18 00:00:00+09:00,585.7710626038206,592.3609870581136,577.4726392169331,587.7236328125,836000,0.0,0.0
2007-06-19 00:00:00+09:00,576.0081566847597,583.8184367754005,574.787800420597,578.93701171875,380100,0.0,0.0
2007-06-20 00:00:00+09:00,583.3301689465441,583.3301689465441,580.4013145417915,580.6453857421875,306800,0.0,0.0
2007-06-21 00:00:00+09:00,583.3302690369915,584.0624827638161,577.2284879801192,578.2047729492188,349300,0.0,0.0
2007-06-22 00:00:00+09:00,585.5268315898179,591.6286118273108,585.0386891708184,590.1641845703125,582900,0.0,0.0
2007-06-25 00:00:00+09:00,585.7708633689215,590.4082160372587,585.2827209827807,587.2352905273438,184300,0.0,0.0
2007-06-26 00:00:00+09:00,586.5030479803081,586.5030479803081,571.8587771193766,575.763916015625,146000,0.0,0.0
2007-06-27 00:00:00+09:00,568.9297993063774,575.7637908896371,567.465372538536,570.3942260742188,228400,0.0,0.0
2007-06-28 00:00:00+09:00,603.0999504349027,603.3440216410681,598.2185263115931,602.3677368164062,509600,0.0,0.0
2007-06-29 00:00:00+09:00,596.5101790097215,602.3678894418955,587.4795420934532,594.3135375976562,364000,0.0,0.0
2007-07-02 00:00:00+09:00,600.4153305436907,600.4153305436907,589.4321232776476,592.84912109375,323000,0.0,0.0
2007-07-03 00:00:00+09:00,597.9743907160491,597.9743907160491,585.2826893620759,591.6285400390625,271000,0.0,0.0
2007-07-04 00:00:00+09:00,584.7946693754893,589.9201652256083,581.3776721420767,584.5505981445312,209000,0.0,0.0
2007-07-05 00:00:00+09:00,583.3301643342888,585.7708763189511,579.6690963572954,584.0623779296875,161200,0.0,0.0
2007-07-06 00:00:00+09:00,583.3301481526348,583.5742193443305,572.5910157180257,576.4961547851562,294000,0.0,0.0
2007-07-09 00:00:00+09:00,585.7709256349916,587.7234953871082,574.5436495603209,580.1572875976562,191000,0.0,0.0
2007-07-10 00:00:00+09:00,573.0793401734442,584.0625472892044,567.4657009809446,571.1267700195312,245000,0.0,0.0
2007-07-11 00:00:00+09:00,564.0484914497707,570.3943420675527,558.4348543648098,561.3637084960938,360000,0.0,0.0
2007-07-12 00:00:00+09:00,564.2925710798295,568.1977099800358,559.1670762733085,561.6077880859375,192000,0.0,0.0
2007-07-13 00:00:00+09:00,562.340079515849,567.7096462473371,561.3637946555783,562.0960083007812,195000,0.0,0.0
2007-07-17 00:00:00+09:00,567.4655510165586,571.3706902923715,565.2689101739139,566.7333374023438,264400,0.0,0.0
2007-07-18 00:00:00+09:00,564.0485397319077,566.7333229154001,562.8281837394111,564.5366821289062,359300,0.0,0.0
2007-07-19 00:00:00+09:00,573.0792986773109,576.496296199237,570.6385861616495,575.2759399414062,391000,0.0,0.0
2007-07-20 00:00:00+09:00,574.7877126386089,575.2758550697245,565.2689352318548,567.465576171875,426000,0.0,0.0
2007-07-23 00:00:00+09:00,550.8687229892664,560.1434290032638,550.8687229892664,556.4823608398438,608600,0.0,0.0
2007-07-24 00:00:00+09:00,568.9299150019107,568.9299150019107,560.6314949632728,561.3637084960938,1131100,0.0,0.0
2007-07-25 00:00:00+09:00,583.8183331233199,591.6286118273108,583.8183331233199,590.1641845703125,1678200,0.0,0.0
2007-07-26 00:00:00+09:00,589.1878853145107,590.6523125356736,586.259030872185,587.967529296875,761500,0.0,0.0
2007-07-27 00:00:00+09:00,583.3302606118692,584.5506168056179,577.2284796431259,577.960693359375,394800,0.0,0.0
2007-07-30 00:00:00+09:00,578.2047645981247,578.2047645981247,571.3707699131321,577.960693359375,376000,0.0,0.0
2007-07-31 00:00:00+09:00,573.3233115857713,575.2758813996011,573.3233115857713,573.5673828125,394600,0.0,0.0
2007-08-01 00:00:00+09:00,578.4487123452336,578.9368547185207,563.316298773333,565.512939453125,676000,0.0,0.0
2007-08-02 00:00:00+09:00,565.2688895997153,566.2451743831346,556.7263977447974,562.5841064453125,600000,0.0,0.0
2007-08-03 00:00:00+09:00,561.3637084960938,563.5603490945567,559.4111390752378,561.3637084960938,526000,0.0,0.0
2007-08-06 00:00:00+09:00,548.6721467750807,554.2857852874592,539.3974396676728,547.6958618164062,565000,0.0,0.0
2007-08-07 00:00:00+09:00,543.0584106445312,545.2550514066888,538.1769867286254,543.0584106445312,601800,0.0,0.0
2007-08-08 00:00:00+09:00,549.160259103035,553.7976124021272,544.2788345776746,550.380615234375,811000,0.0,0.0
2007-08-09 00:00:00+09:00,536.956685246462,541.1058959960938,535.4922579230625,541.1058959960938,1546300,0.0,0.0
2007-08-10 00:00:00+09:00,545.9872346061567,559.8992919921875,541.3498821441464,559.8992919921875,1048000,0.0,0.0
2007-08-13 00:00:00+09:00,561.3637995022049,563.3163692396039,557.458660027407,558.6790161132812,610800,0.0,0.0
2007-08-14 00:00:00+09:00,561.1197258553854,562.5841531520937,552.3331620751358,560.3875122070312,279000,0.0,0.0
2007-08-15 00:00:00+09:00,550.868709676506,552.0890657014872,546.71949919157,547.2076416015625,449300,0.0,0.0
2007-08-16 00:00:00+09:00,554.0417287302541,556.2383699454842,540.3737389466003,555.2620849609375,667800,0.0,0.0
2007-08-17 00:00:00+09:00,554.0416637520665,554.0416637520665,521.3361206054688,521.3361206054688,400000,0.0,0.0
2007-08-20 00:00:00+09:00,549.1601713035138,561.3637306658142,539.6413950009196,544.2787475585938,495000,0.0,0.0
2007-08-21 00:00:00+09:00,536.9566202270562,545.743183103499,527.6819149685889,544.5228271484375,248000,0.0,0.0
2007-08-22 00:00:00+09:00,537.93300522853,539.3974326474823,535.004150390625,535.004150390625,308500,0.0,0.0
2007-08-23 00:00:00+09:00,536.956654303958,539.3973663689759,536.2244406844526,538.4210815429688,581000,0.0,0.0
2007-08-24 00:00:00+09:00,536.956551398867,538.1769071975008,533.7836263224191,537.2006225585938,271000,0.0,0.0
2007-08-27 00:00:00+09:00,544.2787475585938,544.5228187458397,542.0821068733796,544.2787475585938,285300,0.0,0.0
2007-08-28 00:00:00+09:00,545.4991226024841,545.4991226024841,539.3973427076018,543.0584106445312,247000,0.0,0.0
2007-08-29 00:00:00+09:00,532.0752622614831,537.2007579071212,530.3667637129371,534.02783203125,291800,0.0,0.0
2007-08-30 00:00:00+09:00,538.6652170565148,544.7669979475039,536.7126471713984,542.0822143554688,394400,0.0,0.0
2007-08-31 00:00:00+09:00,549.1603068389226,560.1435129757011,547.6958793540189,558.9231567382812,603400,0.0,0.0
2007-09-03 00:00:00+09:00,558.9231106904053,558.9231106904053,546.7195493216192,548.672119140625,198000,0.0,0.0
2007-09-04 00:00:00+09:00,555.9941685733922,555.9941685733922,543.5465379336895,547.9398193359375,598000,0.0,0.0
2007-09-05 00:00:00+09:00,544.5229906776533,551.60105734267,529.3905722903766,529.6346435546875,381000,0.0,0.0
2007-09-06 00:00:00+09:00,529.3903454473375,540.1294764753148,528.4140608084305,537.2006225585938,506000,0.0,0.0
2007-09-07 00:00:00+09:00,536.956654303958,538.6651527494705,532.5633725869255,538.4210815429688,268000,0.0,0.0
2007-09-10 00:00:00+09:00,523.7768504955151,534.2719132034867,523.7768504955151,527.19384765625,235000,0.0,0.0
2007-09-11 00:00:00+09:00,534.5160010421037,554.773913410366,528.4142202082896,545.4992065429688,399000,0.0,0.0
2007-09-12 00:00:00+09:00,545.4991719775634,545.7432431954504,532.5633974295496,539.1533203125,214000,0.0,0.0
2007-09-13 00:00:00+09:00,545.011071760803,545.011071760803,538.4211483673674,540.3737182617188,335200,0.0,0.0
2007-09-14 00:00:00+09:00,531.0989547463269,537.4448062276708,530.854883535506,531.5870971679688,387000,0.0,0.0
2007-09-18 00:00:00+09:00,531.5870597100799,534.5159140335514,526.2174934503821,526.94970703125,209500,0.0,0.0
2007-09-19 00:00:00+09:00,525.4854348050849,527.9261474609375,524.2650784771585,527.9261474609375,517500,0.0,0.0
2007-09-20 00:00:00+09:00,525.9734915274161,528.4142037850839,524.2649929470487,527.19384765625,255000,0.0,0.0
2007-09-21 00:00:00+09:00,505.2272953289699,518.1630666586489,503.27472607165987,512.3053588867188,242000,0.0,0.0
2007-09-25 00:00:00+09:00,548.0296948580624,548.0296948580624,532.2385699707966,541.5579223632812,198000,120.0,0.0
2007-09-26 00:00:00+09:00,536.1216499255952,545.6998735119048,534.8272953869048,543.62890625,423000,0.0,0.0
2007-09-27 00:00:00+09:00,549.3241010125192,554.5015194952008,544.1466825298376,546.9942626953125,940000,0.0,0.0
2007-09-28 00:00:00+09:00,554.7603763052977,578.0587588846148,549.0652161192423,576.764404296875,527000,0.0,0.0
2007-10-01 00:00:00+09:00,577.0231372797118,578.3174915580423,565.6328196304039,573.9166870117188,350000,0.0,0.0
2007-10-02 00:00:00+09:00,573.6578807078021,587.1191667171909,571.5869136294345,583.7538452148438,420000,0.0,0.0
2007-10-03 00:00:00+09:00,583.4949614087634,583.4949614087634,575.2110932787366,579.35302734375,308000,0.0,0.0
2007-10-04 00:00:00+09:00,580.9061840399762,582.2005382824894,568.4803833118483,571.069091796875,496000,0.0,0.0
2007-10-05 00:00:00+09:00,562.0086657007352,568.739308403738,561.7497948275428,562.7852783203125,348900,0.0,0.0
2007-10-09 00:00:00+09:00,562.5263190153604,566.6682523353078,551.3948732180016,553.9835815429688,1151000,0.0,0.0
2007-10-10 00:00:00+09:00,546.2175424359979,564.5973744326593,546.2175424359979,562.7852783203125,730000,0.0,0.0
2007-10-11 00:00:00+09:00,569.515949145801,582.4594934445691,565.3740149701952,582.2006225585938,430000,0.0,0.0
2007-10-12 00:00:00+09:00,582.4595156119502,582.4595156119502,581.1651611328125,581.1651611328125,430100,0.0,0.0
2007-10-15 00:00:00+09:00,595.4030998086909,603.9458399363807,589.4490688106039,593.5910034179688,393000,0.0,0.0
2007-10-16 00:00:00+09:00,590.0843994959404,590.2254638671875,590.0843994959404,590.2254638671875,393800,0.0,0.0
2007-10-17 00:00:00+09:00,585.3071012702175,589.4490356445312,585.3071012702175,589.4490356445312,393800,0.0,0.0
2007-10-18 00:00:00+09:00,587.3781321704886,591.261196067605,583.2361973468977,587.8958740234375,372000,0.0,0.0
2007-10-19 00:00:00+09:00,571.9234509517884,576.24658203125,571.9234509517884,576.24658203125,372200,0.0,0.0
2007-10-22 00:00:00+09:00,568.2216529100868,584.2716494843125,565.1152019602367,582.977294921875,459000,0.0,0.0
2007-10-23 00:00:00+09:00,579.0941805996737,588.9312744140624,579.0941805996737,588.9312744140625,459200,0.0,0.0
2007-10-24 00:00:00+09:00,581.1652338198851,581.4241047480899,569.7749129788717,574.9523315429688,516000,0.0,0.0
2007-10-25 00:00:00+09:00,574.1755395375368,574.1755395375368,572.622314453125,572.622314453125,516400,0.0,0.0
2007-10-26 00:00:00+09:00,570.8758138419802,577.2819824218751,570.8758138419802,577.281982421875,516400,0.0,0.0
2007-10-29 00:00:00+09:00,579.3530247326203,584.7893131684492,576.2465741978609,580.90625,360000,0.0,0.0
2007-10-30 00:00:00+09:00,586.2131440048917,592.5554809570311,586.2131440048917,592.5554809570312,360200,0.0,0.0
2007-10-31 00:00:00+09:00,577.0231603416572,598.509442220687,577.0231603416572,597.215087890625,686000,0.0,0.0
2007-11-01 00:00:00+09:00,597.2667374626194,597.2667374626194,590.2254638671875,590.2254638671875,686200,0.0,0.0
2007-11-02 00:00:00+09:00,574.8918584302256,574.8918584302256,572.622314453125,572.622314453125,686200,0.0,0.0
2007-11-05 00:00:00+09:00,579.6119034896535,582.4594831852257,572.8812605728465,576.24658203125,406000,0.0,0.0
2007-11-06 00:00:00+09:00,588.1028820830229,588.1028820830229,587.6369018554688,587.6369018554688,406000,0.0,0.0
2007-11-07 00:00:00+09:00,586.7567284616732,586.7567284616732,585.8247680664062,585.8247680664062,406000,0.0,0.0
2007-11-08 00:00:00+09:00,585.8247727741997,585.8247727741997,570.5513916015626,570.5513916015625,406000,0.0,0.0
2007-11-09 00:00:00+09:00,570.5514636118477,570.5514636118477,564.3385620117188,564.3385620117188,406000,0.0,0.0
2007-11-12 00:00:00+09:00,564.3385329418436,564.3385329418436,545.6998291015625,545.6998291015625,406000,0.0,0.0
2007-11-13 00:00:00+09:00,545.699892982316,545.699892982316,544.1466674804688,544.1466674804688,406000,0.0,0.0
2007-11-14 00:00:00+09:00,544.1467178863733,570.8104248046875,544.1467178863733,570.8104248046875,406000,0.0,0.0
2007-11-15 00:00:00+09:00,566.9272412789117,568.2215957110553,555.7957931624765,557.8667602539062,312600,0.0,0.0
2007-11-16 00:00:00+09:00,550.2759247093089,550.6183471679688,550.2759247093089,550.6183471679688,312600,0.0,0.0
2007-11-19 00:00:00+09:00,555.0451635584556,555.0451635584556,552.4305419921875,552.4305419921875,312600,0.0,0.0
2007-11-20 00:00:00+09:00,545.8293587841008,560.45556640625,545.8293587841008,560.45556640625,312600,0.0,0.0
2007-11-21 00:00:00+09:00,560.8954201304537,560.8954201304537,553.9835815429688,553.9835815429688,312600,0.0,0.0
2007-11-22 00:00:00+09:00,552.378540645953,563.8206176757812,552.378540645953,563.8206176757812,312600,0.0,0.0
2007-11-26 00:00:00+09:00,569.5159826144367,569.5159826144367,550.1006650253081,551.39501953125,297000,0.0,0.0
2007-11-27 00:00:00+09:00,551.3949352187645,553.20703125,551.3949352187645,553.20703125,312600,0.0,0.0
2007-11-28 00:00:00+09:00,553.2070624322603,553.2070624322603,546.7352905273438,546.7352905273438,312600,0.0,0.0
2007-11-29 00:00:00+09:00,548.8062575369171,548.8062575369171,546.7352905273438,546.7352905273438,312600,0.0,0.0
2007-11-30 00:00:00+09:00,546.4620873233058,546.4766235351562,546.4620873233058,546.4766235351562,312600,0.0,0.0
2007-12-03 00:00:00+09:00,548.9083483316981,554.7604370117188,548.9083483316981,554.7604370117188,312600,0.0,0.0
2007-12-04 00:00:00+09:00,569.5159158244224,569.5159158244224,565.1151110203247,565.8917236328125,312600,0.0,0.0
2007-12-05 00:00:00+09:00,568.1580994346227,581.1651611328125,568.1580994346227,581.1651611328125,312600,0.0,0.0
2007-12-06 00:00:00+09:00,582.019464331725,582.019464331725,571.8458251953125,571.8458251953125,312600,0.0,0.0
2007-12-07 00:00:00+09:00,564.3386513644798,569.5160701843374,560.1967163085938,560.1967163085938,312600,0.0,0.0
2007-12-10 00:00:00+09:00,562.0733638838575,562.0733638838575,559.9378051757812,559.9378051757812,312600,0.0,0.0
2007-12-11 00:00:00+09:00,559.6151752366275,566.6683959960938,559.6151752366275,566.6683959960938,312600,0.0,0.0
2007-12-12 00:00:00+09:00,558.6433007006902,564.856201171875,558.6433007006902,564.856201171875,312600,0.0,0.0
2007-12-13 00:00:00+09:00,559.0576065140693,559.0576065140693,549.3240356445312,549.3240356445312,312600,0.0,0.0
2007-12-14 00:00:00+09:00,540.2636974116157,542.593536068398,534.5685362505924,537.6749877929688,593500,0.0,0.0
2007-12-17 00:00:00+09:00,539.5645380211182,539.5645380211182,535.0860595703125,535.0860595703125,593500,0.0,0.0
2007-12-18 00:00:00+09:00,535.0860534140287,543.3699207141008,532.4973448827562,538.9691162109375,172000,0.0,0.0
2007-12-19 00:00:00+09:00,529.7534165778521,529.7534165778521,518.0006713867188,518.0006713867188,593500,0.0,0.0
2007-12-20 00:00:00+09:00,518.3888751223751,518.518310546875,518.3888751223751,518.518310546875,593500,0.0,0.0
2007-12-21 00:00:00+09:00,518.6219364385114,524.472412109375,518.6219364385114,524.472412109375,593500,0.0,0.0
2007-12-25 00:00:00+09:00,518.6717830777585,518.6717830777585,518.2594604492188,518.2594604492188,593500,0.0,0.0
2007-12-26 00:00:00+09:00,528.0966768236804,530.6853860237964,522.401516583425,529.64990234375,315200,0.0,0.0
2007-12-27 00:00:00+09:00,530.4782392590294,539.2280883789062,530.4782392590294,539.2280883789062,315200,0.0,0.0
2007-12-28 00:00:00+09:00,529.9086630157441,535.603822071116,525.5078582911385,534.8272094726562,129700,0.0,0.0
2008-01-04 00:00:00+09:00,532.497304218095,532.497304218095,502.9860292152448,505.5747375488281,186700,0.0,0.0
2008-01-07 00:00:00+09:00,507.050339598525,518.2594604492188,507.050339598525,518.2594604492188,315200,0.0,0.0
2008-01-08 00:00:00+09:00,518.259484336582,518.259484336582,509.9756164550782,509.9756164550781,315200,0.0,0.0
2008-01-09 00:00:00+09:00,509.975521478947,512.3053588867188,509.975521478947,512.3053588867188,315200,0.0,0.0
2008-01-10 00:00:00+09:00,514.1176999685565,514.1176999685565,501.69189453124994,501.69189453125,315200,0.0,0.0
2008-01-11 00:00:00+09:00,501.97648599104105,506.3514099121094,501.97648599104105,506.3514099121094,315200,0.0,0.0
2008-01-15 00:00:00+09:00,504.30079785919196,504.30079785919196,485.3829956054688,485.38299560546875,315200,0.0,0.0
2008-01-16 00:00:00+09:00,476.3224090946286,481.24095571027965,462.34338187119926,469.5917663574219,443400,0.0,0.0
2008-01-17 00:00:00+09:00,467.6761281245643,486.1595153808594,467.6761281245643,486.1595153808594,443400,0.0,0.0
2008-01-18 00:00:00+09:00,478.91108128097676,492.11349487304693,476.5812435882585,492.1134948730469,443400,0.0,0.0
2008-01-21 00:00:00+09:00,473.4747925988851,477.6167262684215,467.0030212402344,467.0030212402344,443400,0.0,0.0
2008-01-22 00:00:00+09:00,461.049067826069,462.8611641061265,445.5168139970043,451.98858642578125,766100,0.0,0.0
2008-01-23 00:00:00+09:00,449.9434944976048,484.3474426269531,449.9434944976048,484.3474426269531,766100,0.0,0.0
2008-01-24 00:00:00+09:00,484.3474069845212,511.78771972656244,484.3474069845212,511.7877197265625,766100,0.0,0.0
2008-01-25 00:00:00+09:00,518.0005920960573,518.1817574578641,516.7062377929688,516.7062377929688,766100,0.0,0.0
2008-01-28 00:00:00+09:00,511.47716098378095,511.47716098378095,504.7982788085937,504.79827880859375,766100,0.0,0.0
2008-01-29 00:00:00+09:00,501.79456609257113,505.5747375488281,501.79456609257113,505.5747375488281,766100,0.0,0.0
2008-01-30 00:00:00+09:00,502.15769667738857,502.15769667738857,492.11349487304693,492.1134948730469,766100,0.0,0.0
2008-01-31 00:00:00+09:00,518.7254198662532,518.7254198662532,518.518310546875,518.518310546875,766100,0.0,0.0
2008-02-01 00:00:00+09:00,520.3305413274481,525.5079596491142,516.7063485022818,522.9192504882812,766100,0.0,0.0
2008-02-04 00:00:00+09:00,523.0745390099647,527.0611572265625,523.0745390099647,527.0611572265625,766100,0.0,0.0
2008-02-05 00:00:00+09:00,531.2029211729025,531.4617919921875,531.2029211729025,531.4617919921875,766100,0.0,0.0
2008-02-06 00:00:00+09:00,513.5739180685232,513.5739180685232,509.71673583984375,509.71673583984375,766100,0.0,0.0
2008-02-07 00:00:00+09:00,509.71677032782105,509.71677032782105,507.3869323730469,507.3869323730469,766100,0.0,0.0
2008-02-08 00:00:00+09:00,507.0503911410761,507.0503911410761,499.3619384765625,499.3619384765625,766100,0.0,0.0
2008-02-12 00:00:00+09:00,499.6466304260801,499.6466304260801,492.11349487304693,492.1134948730469,766100,0.0,0.0
2008-02-13 00:00:00+09:00,494.0573624398361,494.0573624398361,480.7231750488281,480.7231750488281,766100,0.0,0.0
2008-02-14 00:00:00+09:00,494.7539697602671,495.4788208007812,494.7539697602671,495.47882080078125,766100,0.0,0.0
2008-02-15 00:00:00+09:00,478.91114622682,495.7377540672218,478.134533557263,494.7022705078125,432100,0.0,0.0
2008-02-18 00:00:00+09:00,492.5795356272481,504.2804870605469,492.5795356272481,504.2804870605469,432100,0.0,0.0
2008-02-19 00:00:00+09:00,498.067639279648,502.4684448242187,498.067639279648,502.46844482421875,432100,0.0,0.0
2008-02-20 00:00:00+09:00,510.1051957062348,510.1051957062348,504.021728515625,504.021728515625,432100,0.0,0.0
2008-02-21 00:00:00+09:00,512.8231798910325,513.5997924804688,512.8231798910325,513.5997924804688,432100,0.0,0.0
2008-02-22 00:00:00+09:00,515.7825576497255,515.7825576497255,503.7626647949219,503.7626647949219,432100,0.0,0.0
2008-02-25 00:00:00+09:00,505.75263436783723,505.75263436783723,504.5393981933594,504.5393981933594,432100,0.0,0.0
2008-02-26 00:00:00+09:00,506.61043883484683,506.61043883484683,498.3265686035157,498.3265686035156,432100,0.0,0.0
2008-02-27 00:00:00+09:00,498.533677137045,504.021728515625,498.533677137045,504.021728515625,432100,0.0,0.0
2008-02-28 00:00:00+09:00,502.2096319056561,509.71688928981285,501.9507609613749,504.021728515625,432100,0.0,0.0
2008-02-29 00:00:00+09:00,500.91508549751995,504.02153564014026,498.8441187357731,503.7626647949219,195700,0.0,0.0
2008-03-03 00:00:00+09:00,503.7626810150886,503.7626810150886,480.7231750488281,480.7231750488281,195700,0.0,0.0
2008-03-04 00:00:00+09:00,482.6221013354106,482.6221013354106,478.13452148437494,478.134521484375,195700,0.0,0.0
2008-03-05 00:00:00+09:00,477.4096373671729,479.6877136230468,477.4096373671729,479.6877136230469,195700,0.0,0.0
2008-03-06 00:00:00+09:00,480.02429073806616,484.6062927246094,480.02429073806616,484.6062927246094,195700,0.0,0.0
2008-03-07 00:00:00+09:00,484.60630718560816,484.60630718560816,470.368408203125,470.368408203125,195700,0.0,0.0
2008-03-10 00:00:00+09:00,463.89658192286345,467.0030322482398,461.8256150392792,466.48529052734375,335000,0.0,0.0
2008-03-11 00:00:00+09:00,466.485311301664,466.485311301664,466.2264404296875,466.2264404296875,335000,0.0,0.0
2008-03-12 00:00:00+09:00,465.96753174644647,467.7796277032382,464.414306640625,464.414306640625,335000,0.0,0.0
2008-03-13 00:00:00+09:00,458.7192086545685,458.7192086545685,452.24743652343744,452.2474365234375,335000,0.0,0.0
2008-03-14 00:00:00+09:00,452.2474921297327,452.2474921297327,449.6587829589844,449.6587829589844,335000,0.0,0.0
2008-03-17 00:00:00+09:00,414.4523271147833,434.9031290148882,414.4523271147833,428.1724853515625,335000,0.0,0.0
2008-03-18 00:00:00+09:00,426.8780685140479,426.8780685140479,416.7821044921875,416.7821044921875,335000,0.0,0.0
2008-03-19 00:00:00+09:00,419.22025559047853,431.0199890136718,419.22025559047853,431.0199890136719,335000,0.0,0.0
2008-03-21 00:00:00+09:00,431.01999076365587,442.4103088378906,431.01999076365587,442.4103088378906,335000,0.0,0.0
2008-03-24 00:00:00+09:00,440.7535071498781,440.7535071498781,436.97399902343756,436.9739990234375,335000,0.0,0.0
2008-03-25 00:00:00+09:00,437.5435744654586,437.5435744654586,436.4563293457031,436.4563293457031,335000,0.0,0.0
2008-03-26 00:00:00+09:00,470.475176938485,488.6843872070312,470.475176938485,488.68438720703125,335000,140.0,0.0
2008-03-27 00:00:00+09:00,484.647286140802,490.095947265625,484.647286140802,490.095947265625,335000,0.0,0.0
2008-03-28 00:00:00+09:00,489.0795827603025,492.9190368652344,489.0795827603025,492.9190368652344,335000,0.0,0.0
2008-03-31 00:00:00+09:00,492.3542135247278,499.1297302246094,492.3542135247278,499.1297302246094,335000,0.0,0.0
2008-04-01 00:00:00+09:00,497.18186182914474,501.3883361816406,497.18186182914474,501.3883361816406,335000,0.0,0.0
2008-04-02 00:00:00+09:00,501.3883808148412,520.0210571289062,501.3883808148412,520.0210571289062,335000,0.0,0.0
2008-04-03 00:00:00+09:00,521.1221919529086,544.3001098632812,521.1221919529086,544.3001098632812,335000,0.0,0.0
2008-04-04 00:00:00+09:00,533.0074944285525,533.0074944285525,530.4666748046875,530.4666748046875,335000,0.0,0.0
2008-04-07 00:00:00+09:00,523.97345,529.33740234375,523.97345,529.33740234375,335000,0.0,0.0
2008-04-08 00:00:00+09:00,534.6448602722799,534.6448602722799,528.4904174804688,528.4904174804688,335000,0.0,0.0
2008-04-09 00:00:00+09:00,528.6598499328177,528.6598499328177,527.9258422851562,527.9258422851562,335000,0.0,0.0
2008-04-10 00:00:00+09:00,513.2454353122142,513.2454353122142,501.6705932617188,501.67059326171875,335000,0.0,0.0
2008-04-11 00:00:00+09:00,501.67065804636377,528.4904174804688,501.67065804636377,528.4904174804688,335000,0.0,0.0
2008-04-14 00:00:00+09:00,527.8975875068146,545.7115478515625,527.8975875068146,545.7115478515625,335000,0.0,0.0
2008-04-15 00:00:00+09:00,554.5197375002152,554.5197375002152,547.4054565429688,547.4054565429688,335000,0.0,0.0
2008-04-16 00:00:00+09:00,547.6312133902271,547.6312133902271,541.1944580078125,541.1944580078125,335000,0.0,0.0
2008-04-17 00:00:00+09:00,555.8747947588676,558.13330078125,555.8747947588676,558.13330078125,335000,0.0,0.0
2008-04-18 00:00:00+09:00,560.2180728136279,561.5211181640625,560.2180728136279,561.5211181640625,335000,0.0,0.0
2008-04-21 00:00:00+09:00,577.5848064231649,577.5848064231649,573.66064453125,573.66064453125,335000,0.0,0.0
2008-04-22 00:00:00+09:00,565.2193449793397,566.3203735351562,565.2193449793397,566.3203735351562,335000,0.0,0.0
2008-04-23 00:00:00+09:00,563.4690800048052,563.4690800048052,557.5687255859375,557.5687255859375,335000,0.0,0.0
2008-04-24 00:00:00+09:00,558.1334065775563,564.3442993164062,558.1334065775563,564.3442993164062,335000,0.0,0.0
2008-04-25 00:00:00+09:00,546.2761407698662,546.2761407698662,536.677490234375,536.677490234375,335000,0.0,0.0
2008-04-28 00:00:00+09:00,547.6031518372824,549.0994262695312,547.6031518372824,549.0994262695312,335000,0.0,0.0
2008-04-30 00:00:00+09:00,549.0992283908165,549.0992283908165,541.1944580078125,541.1944580078125,335000,0.0,0.0
2008-05-01 00:00:00+09:00,541.9849187723839,548.2522583007812,541.9849187723839,548.2522583007812,335000,0.0,0.0
2008-05-02 00:00:00+09:00,549.5227056786781,549.5227056786781,545.1468505859375,545.1468505859375,335000,0.0,0.0
2008-05-07 00:00:00+09:00,545.5877554690787,545.5877554690787,542.3238525390625,542.3238525390625,335000,0.0,0.0
2008-05-08 00:00:00+09:00,533.6514637872409,533.6514637872409,525.94970703125,525.94970703125,335000,0.0,0.0
2008-05-09 00:00:00+09:00,524.8769005816584,524.8769005816584,507.88165283203125,507.88165283203125,335000,0.0,0.0
2008-05-12 00:00:00+09:00,510.70465804375726,514.6570434570312,510.70465804375726,514.6570434570312,335000,0.0,0.0
2008-05-13 00:00:00+09:00,511.26936744710963,512.3986206054688,511.26936744710963,512.3986206054688,335000,0.0,0.0
2008-05-14 00:00:00+09:00,509.06736283971173,510.1401672363281,509.06736283971173,510.1401672363281,335000,0.0,0.0
2008-05-15 00:00:00+09:00,514.6571398283306,520.3034057617188,514.6571398283306,520.3034057617188,335000,0.0,0.0
2008-05-16 00:00:00+09:00,518.3271547043538,518.3271547043538,516.9155883789062,516.9155883789062,335000,0.0,0.0
2008-05-19 00:00:00+09:00,514.0641645454235,518.3270874023438,514.0641645454235,518.3270874023438,335000,0.0,0.0
2008-05-20 00:00:00+09:00,510.42242757834026,512.3986206054688,510.42242757834026,512.3986206054688,335000,0.0,0.0
2008-05-21 00:00:00+09:00,502.8000631460695,503.6470031738281,502.8000631460695,503.6470031738281,335000,0.0,0.0
2008-05-22 00:00:00+09:00,494.8951114970539,521.4325561523438,494.8951114970539,521.4325561523438,335000,0.0,0.0
2008-05-23 00:00:00+09:00,532.245229802834,532.245229802834,526.7965698242188,526.7965698242188,335000,0.0,0.0
2008-05-26 00:00:00+09:00,527.3330775752272,527.3330775752272,504.21160888671875,504.21160888671875,335000,0.0,0.0
2008-05-27 00:00:00+09:00,499.69440071651223,501.6705932617188,499.69440071651223,501.67059326171875,335000,0.0,0.0
2008-05-28 00:00:00+09:00,498.2829411607183,498.2829411607183,495.4598083496094,495.4598083496094,335000,0.0,0.0
2008-05-29 00:00:00+09:00,503.3644946214215,506.46994018554693,503.3644946214215,506.4699401855469,335000,0.0,0.0
2008-05-30 00:00:00+09:00,506.24406511804244,521.71484375,506.24406511804244,521.71484375,335000,0.0,0.0
2008-06-02 00:00:00+09:00,523.1264808118666,523.1264808118666,522.279541015625,522.279541015625,335000,0.0,0.0
2008-06-03 00:00:00+09:00,508.60424854605975,508.60424854605975,504.21160888671875,504.21160888671875,335000,0.0,0.0
2008-06-04 00:00:00+09:00,508.44319556630575,513.8101806640625,508.44319556630575,513.8101806640625,335000,0.0,0.0
2008-06-05 00:00:00+09:00,505.9055542193513,513.5280151367188,505.9055542193513,513.5280151367188,335000,0.0,0.0
2008-06-06 00:00:00+09:00,518.5529493908862,521.71484375,518.5529493908862,521.71484375,335000,0.0,0.0
2008-06-09 00:00:00+09:00,513.8101390370151,514.9393920898438,513.8101390370151,514.9393920898438,335000,0.0,0.0
2008-06-10 00:00:00+09:00,514.9394677086214,514.9394677086214,510.4224548339844,510.4224548339844,335000,0.0,0.0
2008-06-11 00:00:00+09:00,510.4223045570017,510.4223045570017,507.03454589843756,507.0345458984375,335000,0.0,0.0
2008-06-12 00:00:00+09:00,508.3049090890324,508.3049090890324,499.1297302246094,499.1297302246094,335000,0.0,0.0
2008-06-13 00:00:00+09:00,509.2649177336666,509.2649177336666,508.728515625,508.728515625,335000,0.0,0.0
2008-06-16 00:00:00+09:00,512.2010182346064,512.2010182346064,509.0108642578125,509.0108642578125,335000,0.0,0.0
2008-06-17 00:00:00+09:00,508.81311219922776,508.81311219922776,507.5991516113281,507.5991516113281,335000,0.0,0.0
2008-06-18 00:00:00+09:00,512.596238977815,512.596238977815,509.57550048828125,509.57550048828125,335000,0.0,0.0
2008-06-19 00:00:00+09:00,505.49877967082756,505.49877967082756,505.3406677246094,505.3406677246094,335000,0.0,0.0
2008-06-20 00:00:00+09:00,513.1890925608697,516.63330078125,513.1890925608697,516.63330078125,335000,0.0,0.0
2008-06-23 00:00:00+09:00,511.9469519179754,512.1163330078125,511.9469519179754,512.1163330078125,335000,0.0,0.0
2008-06-24 00:00:00+09:00,510.28112710649367,510.28112710649367,507.5991516113281,507.5991516113281,335000,0.0,0.0
2008-06-25 00:00:00+09:00,505.7923636198726,517.762451171875,505.7923636198726,517.762451171875,335000,0.0,0.0
2008-06-26 00:00:00+09:00,502.9127797562638,507.03454589843756,502.9127797562638,507.0345458984375,335000,0.0,0.0
2008-06-27 00:00:00+09:00,500.3721866704398,502.5177612304688,500.3721866704398,502.51776123046875,335000,0.0,0.0
2008-06-30 00:00:00+09:00,502.8563548280819,503.3645324707031,502.8563548280819,503.3645324707031,335000,0.0,0.0
2008-07-01 00:00:00+09:00,503.47742680707535,506.46994018554693,503.47742680707535,506.4699401855469,335000,0.0,0.0
2008-07-02 00:00:00+09:00,506.4701161926995,506.4701161926995,498.84765625,498.84765625,335000,0.0,0.0
2008-07-03 00:00:00+09:00,498.96043941422903,500.82369995117193,498.96043941422903,500.8236999511719,335000,0.0,0.0
2008-07-04 00:00:00+09:00,501.33189082435274,503.3645324707031,501.33189082435274,503.3645324707031,335000,0.0,0.0
2008-07-07 00:00:00+09:00,519.4282510449489,520.8680419921875,519.4282510449489,520.8680419921875,335000,0.0,0.0
2008-07-08 00:00:00+09:00,505.51009744040465,508.1638488769532,505.51009744040465,508.1638488769531,335000,0.0,0.0
2008-07-09 00:00:00+09:00,520.8680471065825,520.8680471065825,510.4224548339844,510.4224548339844,335000,0.0,0.0
2008-07-10 00:00:00+09:00,517.7502252157229,517.7502252157229,516.9155883789062,516.9155883789062,335000,0.0,0.0
2008-07-11 00:00:00+09:00,515.7863642610021,518.6094970703125,515.7863642610021,518.6094970703125,335000,0.0,0.0
2008-07-14 00:00:00+09:00,521.3479576297307,521.3479576297307,518.891845703125,518.891845703125,335000,0.0,0.0
2008-07-15 00:00:00+09:00,520.5575093638658,520.5575093638658,510.4224548339844,510.4224548339844,335000,0.0,0.0
2008-07-16 00:00:00+09:00,512.1162808292762,512.1162808292762,501.95300292968756,501.9530029296875,335000,0.0,0.0
2008-07-17 00:00:00+09:00,500.25914078233205,500.25914078233205,499.41220092773443,499.4122009277344,335000,0.0,0.0
2008-07-18 00:00:00+09:00,499.41211801467966,499.41211801467966,494.61279296875,494.61279296875,335000,0.0,0.0
2008-07-22 00:00:00+09:00,496.3067547942098,502.517647061259,491.7897422363558,499.4122009277344,334800,0.0,0.0
2008-07-23 00:00:00+09:00,500.8237930750406,504.4938659667968,500.8237930750406,504.4938659667969,334800,0.0,0.0
2008-07-24 00:00:00+09:00,506.1877043328891,510.9870300292969,506.1877043328891,510.9870300292969,334800,0.0,0.0
2008-07-25 00:00:00+09:00,519.7669108447399,521.9971923828125,519.7669108447399,521.9971923828125,334800,0.0,0.0
2008-07-28 00:00:00+09:00,542.8883386722281,546.5584106445312,542.8883386722281,546.5584106445312,334800,0.0,0.0
2008-07-29 00:00:00+09:00,533.967318863165,538.3713989257812,533.967318863165,538.3713989257812,334800,0.0,0.0
2008-07-30 00:00:00+09:00,548.9864618293044,550.7932739257812,548.9864618293044,550.7932739257812,334800,0.0,0.0
2008-07-31 00:00:00+09:00,552.6564994738407,555.8748779296875,552.6564994738407,555.8748779296875,334800,0.0,0.0
2008-08-01 00:00:00+09:00,556.4394479720581,556.4394479720581,538.3713989257812,538.3713989257812,334800,0.0,0.0
2008-08-04 00:00:00+09:00,532.2169553593149,533.0074462890625,532.2169553593149,533.0074462890625,334800,0.0,0.0
2008-08-05 00:00:00+09:00,534.8476000110583,534.8476000110583,532.44287109375,532.44287109375,334800,0.0,0.0
2008-08-06 00:00:00+09:00,532.4429237198939,555.310302734375,532.4429237198939,555.310302734375,334800,0.0,0.0
2008-08-07 00:00:00+09:00,544.9492964113297,544.9492964113297,544.582275390625,544.582275390625,334800,0.0,0.0
2008-08-08 00:00:00+09:00,546.5020421907152,547.687744140625,546.5020421907152,547.687744140625,334800,0.0,0.0
2008-08-11 00:00:00+09:00,554.1808968969139,562.3679809570312,554.1808968969139,562.3679809570312,334800,0.0,0.0
2008-08-12 00:00:00+09:00,552.5436026823866,552.5436026823866,550.7932739257812,550.7932739257812,334800,0.0,0.0
2008-08-13 00:00:00+09:00,539.2183032841397,540.6298695231035,536.9597973017977,538.0890502929688,397400,0.0,0.0
2008-08-14 00:00:00+09:00,537.0727040034287,537.0727040034287,524.2556762695312,524.2556762695312,397400,0.0,0.0
2008-08-15 00:00:00+09:00,524.4815271607725,524.4815271607725,521.71484375,521.71484375,397400,0.0,0.0
2008-08-18 00:00:00+09:00,537.722076768724,537.722076768724,530.184326171875,530.184326171875,397400,0.0,0.0
2008-08-19 00:00:00+09:00,514.0076401697229,519.456298828125,514.0076401697229,519.456298828125,397400,0.0,0.0
2008-08-20 00:00:00+09:00,519.2588699562277,520.8680419921875,519.2588699562277,520.8680419921875,397400,0.0,0.0
2008-08-21 00:00:00+09:00,511.69294023434804,511.69294023434804,511.2694702148438,511.26947021484375,397400,0.0,0.0
2008-08-22 00:00:00+09:00,511.4950876943933,511.4950876943933,507.5991516113281,507.5991516113281,397400,0.0,0.0
2008-08-25 00:00:00+09:00,507.9098198112192,515.2217407226562,507.9098198112192,515.2217407226562,397400,0.0,0.0
2008-08-26 00:00:00+09:00,515.2218007536088,515.2218007536088,506.1877746582031,506.1877746582031,397400,0.0,0.0
2008-08-27 00:00:00+09:00,531.0030227610383,534.4190063476562,531.0030227610383,534.4190063476562,397400,0.0,0.0
2008-08-28 00:00:00+09:00,533.8543541977751,534.7012939453125,533.8543541977751,534.7012939453125,397400,0.0,0.0
2008-08-29 00:00:00+09:00,535.1812524870192,547.687744140625,535.1812524870192,547.687744140625,397400,0.0,0.0
2008-09-01 00:00:00+09:00,547.6876547207534,547.6876547207534,537.2420654296875,537.2420654296875,397400,0.0,0.0
2008-09-02 00:00:00+09:00,540.2629679493633,540.2629679493633,536.1129760742188,536.1129760742188,397400,0.0,0.0
2008-09-03 00:00:00+09:00,535.0965622796552,537.8067626953125,535.0965622796552,537.8067626953125,397400,0.0,0.0
2008-09-04 00:00:00+09:00,537.5809917628765,537.5809917628765,530.7490234375,530.7490234375,397400,0.0,0.0
2008-09-05 00:00:00+09:00,530.974728980348,530.974728980348,525.1026000976562,525.1026000976562,397400,0.0,0.0
2008-09-08 00:00:00+09:00,525.1027189070511,525.1027189070511,523.1265258789062,523.1265258789062,397400,0.0,0.0
2008-09-09 00:00:00+09:00,523.1830288342929,529.902099609375,523.1830288342929,529.902099609375,397400,0.0,0.0
2008-09-10 00:00:00+09:00,533.5720659091098,533.5720659091098,525.6672945623083,529.0550537109375,397400,0.0,0.0
2008-09-11 00:00:00+09:00,524.2557886319955,524.2557886319955,512.9632568359375,512.9632568359375,397400,0.0,0.0
2008-09-12 00:00:00+09:00,508.95430200320544,518.3270874023438,508.95430200320544,518.3270874023438,397400,0.0,0.0
2008-09-16 00:00:00+09:00,518.4965970266084,518.4965970266084,511.55169677734375,511.55169677734375,397400,0.0,0.0
2008-09-17 00:00:00+09:00,510.70457125357376,510.70457125357376,499.1297302246094,499.1297302246094,397400,0.0,0.0
2008-09-18 00:00:00+09:00,499.12988097092204,523.9734497070312,499.12988097092204,523.9734497070312,397400,0.0,0.0
2008-09-19 00:00:00+09:00,536.7905519159934,536.7905519159934,524.5381469726562,524.5381469726562,397400,0.0,0.0
2008-09-22 00:00:00+09:00,510.9870731082,534.9837036132812,510.9870731082,534.9837036132812,397400,0.0,0.0
2008-09-24 00:00:00+09:00,513.3866216365068,517.4801635742188,513.3866216365068,517.4801635742188,397400,0.0,0.0
2008-09-25 00:00:00+09:00,563.9080733726038,564.1864624023438,563.9080733726038,564.1864624023438,397400,160.0,0.0
2008-09-26 00:00:00+09:00,559.5777947509563,559.5777947509563,555.2164916992188,555.2164916992188,397400,0.0,0.0
2008-09-29 00:00:00+09:00,555.216248726402,555.216248726402,549.6486206054688,549.6486206054688,397400,0.0,0.0
2008-09-30 00:00:00+09:00,549.958085720613,549.958085720613,529.234130859375,529.234130859375,397400,0.0,0.0
2008-10-01 00:00:00+09:00,529.2341893634525,529.2341893634525,522.1199951171875,522.1199951171875,397400,0.0,0.0
2008-10-02 00:00:00+09:00,522.6765746190588,530.1619262695312,522.6765746190588,530.1619262695312,397400,0.0,0.0
2008-10-03 00:00:00+09:00,513.5520136323644,519.9547729492188,513.5520136323644,519.9547729492188,397400,0.0,0.0
2008-10-06 00:00:00+09:00,517.3873277066587,517.3873277066587,516.8615112304688,516.8615112304688,397400,0.0,0.0
2008-10-07 00:00:00+09:00,491.2195874979477,491.2195874979477,482.83721923828125,482.83721923828125,397400,0.0,0.0
2008-10-08 00:00:00+09:00,483.0537968719601,483.0537968719601,420.9747314453125,420.9747314453125,397400,0.0,0.0
2008-10-09 00:00:00+09:00,413.34468834588944,418.5001525878906,413.34468834588944,418.5001525878906,397400,0.0,0.0
2008-10-10 00:00:00+09:00,418.53111877382213,418.53111877382213,391.2806701660156,391.2806701660156,397400,0.0,0.0
2008-10-14 00:00:00+09:00,431.1510619510741,439.8427429199219,431.1510619510741,439.8427429199219,397400,0.0,0.0
2008-10-15 00:00:00+09:00,435.5432533257384,450.97796630859375,435.5432533257384,450.97796630859375,397400,0.0,0.0
2008-10-16 00:00:00+09:00,450.9780099180323,450.9780099180323,418.19085693359375,418.19085693359375,397400,0.0,0.0
2008-10-17 00:00:00+09:00,425.5524428272085,425.5524428272085,409.530029296875,409.530029296875,397400,0.0,0.0
2008-10-20 00:00:00+09:00,422.5211491923951,443.5544128417969,422.5211491923951,443.5544128417969,397400,0.0,0.0
2008-10-21 00:00:00+09:00,444.92811395022414,455.30828857421875,444.92811395022414,455.30828857421875,397400,0.0,0.0
2008-10-22 00:00:00+09:00,455.3083364686615,455.3083364686615,436.74957275390625,436.74957275390625,397400,0.0,0.0
2008-10-23 00:00:00+09:00,407.0556195195223,407.0556195195223,401.7973022460938,401.79730224609375,397400,0.0,0.0
2008-10-24 00:00:00+09:00,375.5056750218788,378.28948974609375,375.5056750218788,378.28948974609375,397400,0.0,0.0
2008-10-27 00:00:00+09:00,378.2894706133116,378.2894706133116,358.18414306640625,358.18414306640625,397400,0.0,0.0
2008-10-28 00:00:00+09:00,365.1128110554129,420.04675292968744,365.1128110554129,420.0467529296875,397400,0.0,0.0
2008-10-29 00:00:00+09:00,420.3869639483088,420.3869639483088,416.644287109375,416.644287109375,397400,0.0,0.0
2008-10-30 00:00:00+09:00,416.76802884091325,416.76802884091325,392.2085876464844,392.2085876464844,397400,0.0,0.0
2008-10-31 00:00:00+09:00,392.9818634568599,392.9818634568599,370.2473754882812,370.24737548828125,397400,0.0,0.0
2008-11-04 00:00:00+09:00,370.6184649007692,379.83599853515625,370.6184649007692,379.83599853515625,1526400,0.0,0.0
2008-11-05 00:00:00+09:00,379.6503778862668,413.86035156250006,379.6503778862668,413.8603515625,1526400,0.0,0.0
2008-11-06 00:00:00+09:00,414.2626413498046,416.3350219726562,414.2626413498046,416.33502197265625,1526400,0.0,0.0
2008-11-07 00:00:00+09:00,405.5090184880532,407.9835205078125,405.5090184880532,407.9835205078125,1526400,0.0,0.0
2008-11-10 00:00:00+09:00,434.0276492952256,437.0589294433594,434.0276492952256,437.0589294433594,1526400,0.0,0.0
2008-11-11 00:00:00+09:00,437.4919949753619,437.4919949753619,431.1820068359375,431.1820068359375,1526400,0.0,0.0
2008-11-12 00:00:00+09:00,442.31720186833286,442.31720186833286,436.74957275390625,436.74957275390625,1526400,0.0,0.0
2008-11-13 00:00:00+09:00,463.01027366891503,465.82501220703125,463.01027366891503,465.82501220703125,1526400,0.0,0.0
2008-11-14 00:00:00+09:00,466.2270946412022,466.2270946412022,462.11322021484375,462.11322021484375,1526400,0.0,0.0
2008-11-17 00:00:00+09:00,462.1131478948574,466.7528381347656,462.1131478948574,466.7528381347656,1526400,0.0,0.0
2008-11-18 00:00:00+09:00,467.30973376119886,482.83721923828125,467.30973376119886,482.83721923828125,1526400,0.0,0.0
2008-11-19 00:00:00+09:00,464.9589458987474,464.9589458987474,464.2784729003906,464.2784729003906,1526400,0.0,0.0
2008-11-20 00:00:00+09:00,464.8351923997664,466.443603515625,464.8351923997664,466.443603515625,1526400,0.0,0.0
2008-11-21 00:00:00+09:00,466.8458530412663,466.8458530412663,458.09228515624994,458.09228515625,1526400,0.0,0.0
2008-11-25 00:00:00+09:00,458.92722324901433,475.41360473632807,458.92722324901433,475.4136047363281,25500,0.0,0.0
2008-11-26 00:00:00+09:00,475.8158970203168,475.8158970203168,457.47363281250006,457.4736328125,25500,0.0,0.0
2008-11-27 00:00:00+09:00,477.7955138878221,477.7955138878221,477.57901000976557,477.5790100097656,25500,0.0,0.0
2008-11-28 00:00:00+09:00,477.8882225850218,477.8882225850218,461.1853332519531,461.1853332519531,25500,0.0,0.0
2008-12-01 00:00:00+09:00,461.58740819116804,461.58740819116804,450.97796630859375,450.97796630859375,25500,0.0,0.0
2008-12-02 00:00:00+09:00,451.13260239492206,451.13260239492206,441.3892517089844,441.3892517089844,25500,0.0,0.0
2008-12-03 00:00:00+09:00,445.2866660897514,460.87603759765625,445.2866660897514,460.87603759765625,25500,0.0,0.0
2008-12-04 00:00:00+09:00,460.8759271136785,460.8759271136785,456.2362365722656,456.2362365722656,25500,0.0,0.0
2008-12-05 00:00:00+09:00,456.57652688604543,465.20635986328125,456.57652688604543,465.20635986328125,25500,0.0,0.0
2008-12-08 00:00:00+09:00,466.01063349605806,466.01063349605806,459.0201721191406,459.0201721191406,25500,0.0,0.0
2008-12-09 00:00:00+09:00,468.7015718762789,468.7015718762789,463.65975952148443,463.6597595214844,25500,0.0,0.0
2008-12-10 00:00:00+09:00,464.0309989871272,480.9813537597656,464.0309989871272,480.9813537597656,25500,0.0,0.0
2008-12-11 00:00:00+09:00,485.7756879812316,508.8194885253906,485.7756879812316,508.8194885253906,25500,0.0,0.0
2008-12-12 00:00:00+09:00,509.25246425669843,509.25246425669843,494.5910339355469,494.5910339355469,25500,0.0,0.0
2008-12-15 00:00:00+09:00,503.9322655472816,503.9322655472816,496.75622558593744,496.7562255859375,25500,0.0,0.0
2008-12-16 00:00:00+09:00,495.51899977800105,518.4081420898438,495.51899977800105,518.4081420898438,383000,0.0,0.0
2008-12-17 00:00:00+09:00,518.8721054304326,518.8721054304326,498.61212158203125,498.61212158203125,293200,0.0,0.0
2008-12-18 00:00:00+09:00,470.15522556678917,475.1042279411764,460.2572208180147,473.24835205078125,772900,0.0,0.0
2008-12-19 00:00:00+09:00,473.6506461848651,473.6506461848651,467.37158203125,467.37158203125,649600,0.0,0.0
2008-12-22 00:00:00+09:00,467.37152247208013,467.37152247208013,454.0710754394531,454.0710754394531,221100,0.0,0.0
2008-12-24 00:00:00+09:00,454.5042140326368,454.5042140326368,451.28735351562506,451.287353515625,233300,0.0,0.0
2008-12-25 00:00:00+09:00,461.15257651099824,461.15257651099824,460.87603759765625,460.87603759765625,99900,0.0,0.0
2008-12-26 00:00:00+09:00,459.0200599203514,460.87593617339866,454.9989947054157,459.947998046875,122200,0.0,0.0
2008-12-29 00:00:00+09:00,451.59651865682457,459.32933575711263,450.66858060479,458.4013977050781,108900,0.0,0.0
2008-12-30 00:00:00+09:00,464.5878032765379,464.89711606167543,450.3594151602125,451.287353515625,176000,0.0,0.0
2009-01-05 00:00:00+09:00,468.2995169854933,468.2995169854933,460.25738525390625,460.25738525390625,66000,0.0,0.0
2009-01-06 00:00:00+09:00,465.82507844193714,465.82507844193714,457.47363281250006,457.4736328125,159500,0.0,0.0
2009-01-07 00:00:00+09:00,457.473599423419,457.473599423419,450.3594055175781,450.3594055175781,386800,0.0,0.0
2009-01-08 00:00:00+09:00,450.3593675961903,450.3593675961903,407.9835205078125,407.9835205078125,574000,0.0,0.0
2009-01-09 00:00:00+09:00,408.4166141195136,412.6232604980469,408.4166141195136,412.6232604980469,412100,0.0,0.0
2009-01-13 00:00:00+09:00,414.3863704330288,414.3863704330288,400.8694152832031,400.8694152832031,746400,0.0,0.0
2009-01-14 00:00:00+09:00,400.4671994569733,414.1697692871094,400.4671994569733,414.1697692871094,346800,0.0,0.0
2009-01-15 00:00:00+09:00,414.1699016541925,414.1699016541925,405.19982910156244,405.1998291015625,539300,0.0,0.0
2009-01-16 00:00:00+09:00,404.11711110193863,407.9835205078125,404.11711110193863,407.9835205078125,251600,0.0,0.0
2009-01-19 00:00:00+09:00,394.683037185669,395.9202880859375,394.683037185669,395.9202880859375,387800,0.0,0.0
2009-01-20 00:00:00+09:00,400.4053327927895,404.58105468749994,400.4053327927895,404.5810546875,343600,0.0,0.0
2009-01-21 00:00:00+09:00,404.58116912841797,410.7674255371094,404.58116912841797,410.7674255371094,623400,0.0,0.0
2009-01-22 00:00:00+09:00,410.9529431307342,413.5511779785157,410.9529431307342,413.5511779785156,291200,0.0,0.0
2009-01-23 00:00:00+09:00,413.55114632894555,413.55114632894555,408.6021423339844,408.6021423339844,400800,0.0,0.0
2009-01-26 00:00:00+09:00,408.60216789495655,424.68643188476557,408.60216789495655,424.6864318847656,471900,0.0,0.0
2009-01-27 00:00:00+09:00,420.6034821136366,420.6034821136366,415.4070129394531,415.4070129394531,464500,0.0,0.0
2009-01-28 00:00:00+09:00,415.6544933330429,441.0799865722656,415.6544933330429,441.0799865722656,581700,0.0,0.0
2009-01-29 00:00:00+09:00,441.29649914796374,441.29649914796374,437.0589294433594,437.0589294433594,537100,0.0,0.0
2009-01-30 00:00:00+09:00,437.05893176441464,439.22412109375006,437.05893176441464,439.22412109375,562700,0.0,0.0
2009-02-02 00:00:00+09:00,439.2240798881974,439.2240798881974,415.0976867675781,415.0976867675781,442800,0.0,0.0
2009-02-03 00:00:00+09:00,415.0976606320112,422.2118530273437,415.0976606320112,422.21185302734375,507200,0.0,0.0
2009-02-04 00:00:00+09:00,422.211935655126,426.2330017089844,422.211935655126,426.2330017089844,731000,0.0,0.0
2009-02-05 00:00:00+09:00,428.0889052239017,428.0889052239017,426.8516540527344,426.8516540527344,415100,0.0,0.0
2009-02-06 00:00:00+09:00,426.85164817116475,426.85164817116475,425.30508422851557,425.3050842285156,476300,0.0,0.0
2009-02-09 00:00:00+09:00,426.9135261009104,426.9135261009104,420.3561096191406,420.3561096191406,340800,0.0,0.0
2009-02-10 00:00:00+09:00,419.7373641524005,426.2329313205659,414.7883605957031,414.7883605957031,546200,0.0,0.0
2009-02-12 00:00:00+09:00,409.22075809299815,415.4070129394531,409.22075809299815,415.4070129394531,595900,0.0,0.0
2009-02-13 00:00:00+09:00,417.88156197135606,422.83056640625,417.88156197135606,422.83056640625,482900,0.0,0.0
2009-02-16 00:00:00+09:00,423.2015364630478,424.067626953125,423.2015364630478,424.067626953125,151900,0.0,0.0
2009-02-17 00:00:00+09:00,415.4689058135623,415.4689058135623,412.93255615234375,412.93255615234375,235700,0.0,0.0
2009-02-18 00:00:00+09:00,402.5086744799526,404.58105468749994,402.5086744799526,404.5810546875,418000,0.0,0.0
2009-02-19 00:00:00+09:00,414.138894792506,414.138894792506,411.0766906738281,411.0766906738281,403200,0.0,0.0
2009-02-20 00:00:00+09:00,403.9623312844008,403.9623312844008,403.03439331054693,403.0343933105469,355200,0.0,0.0
2009-02-23 00:00:00+09:00,404.05523814466017,404.58105468749994,404.05523814466017,404.5810546875,504100,0.0,0.0
2009-02-24 00:00:00+09:00,404.67375192153173,404.67375192153173,402.7250671386719,402.7250671386719,362500,0.0,0.0
2009-02-25 00:00:00+09:00,402.72519530316026,404.2717590332031,402.72519530316026,404.2717590332031,360900,0.0,0.0
2009-02-26 00:00:00+09:00,404.2718372198925,404.2718372198925,403.9625244140625,403.9625244140625,431200,0.0,0.0
2009-02-27 00:00:00+09:00,399.91041953935024,405.50897216796875,399.91041953935024,405.50897216796875,220500,0.0,0.0
2009-03-02 00:00:00+09:00,405.508960499483,405.508960499483,399.6320190429688,399.63201904296875,200500,0.0,0.0
2009-03-03 00:00:00+09:00,386.64095785339543,392.2085876464844,386.64095785339543,392.2085876464844,257300,0.0,0.0
2009-03-04 00:00:00+09:00,387.8781449926181,392.8271484375,387.8781449926181,392.8271484375,297000,0.0,0.0
2009-03-05 00:00:00+09:00,395.98213552779055,395.98213552779055,395.9202880859375,395.9202880859375,355900,0.0,0.0
2009-03-06 00:00:00+09:00,398.0855347965139,398.0855347965139,396.5389709472656,396.5389709472656,254400,0.0,0.0
2009-03-09 00:00:00+09:00,396.9410609211368,396.9410609211368,383.85711669921875,383.85711669921875,331900,0.0,0.0
2009-03-10 00:00:00+09:00,378.5988464355469,378.5988464355469,378.5988464355469,378.5988464355469,290900,0.0,0.0
2009-03-11 00:00:00+09:00,385.40372076985153,385.40372076985153,384.78509521484375,384.78509521484375,241500,0.0,0.0
2009-03-12 00:00:00+09:00,384.7851266322662,384.7851266322662,367.154296875,367.154296875,345000,0.0,0.0
2009-03-13 00:00:00+09:00,367.1543065920398,373.03125,367.1543065920398,373.03125,506300,0.0,0.0
2009-03-16 00:00:00+09:00,370.8659584876334,374.88702392578125,370.8659584876334,374.88702392578125,596000,0.0,0.0
2009-03-17 00:00:00+09:00,375.5366282624122,375.5366282624122,373.34051513671875,373.34051513671875,462700,0.0,0.0
2009-03-18 00:00:00+09:00,382.6817192201104,385.4036865234375,382.6817192201104,385.4036865234375,476400,0.0,0.0
2009-03-19 00:00:00+09:00,385.40372386142053,385.40372386142053,379.21746826171875,379.21746826171875,379800,0.0,0.0
2009-03-23 00:00:00+09:00,374.2993558565834,389.7340698242187,374.2993558565834,389.73406982421875,367000,0.0,0.0
2009-03-24 00:00:00+09:00,395.92038922447387,396.84832763671875,395.92038922447387,396.84832763671875,290500,0.0,0.0
2009-03-25 00:00:00+09:00,396.84821373646656,396.84821373646656,392.8271484375,392.8271484375,390900,0.0,0.0
2009-03-26 00:00:00+09:00,448.95539193522876,460.7756042480468,448.95539193522876,460.7756042480469,310800,160.0,0.0
2009-03-27 00:00:00+09:00,461.66044283167423,464.6685791015625,461.66044283167423,464.6685791015625,391500,0.0,0.0
2009-03-30 00:00:00+09:00,464.77471022345355,464.77471022345355,450.15869140624994,450.15869140625,663300,0.0,0.0
2009-03-31 00:00:00+09:00,450.15874559355944,450.15874559355944,435.2950134277344,435.2950134277344,577600,0.0,0.0
2009-04-01 00:00:00+09:00,436.21504156774023,437.4183044433594,436.21504156774023,437.4183044433594,598700,0.0,0.0
2009-04-02 00:00:00+09:00,437.772282857599,444.8502502441406,437.772282857599,444.8502502441406,919100,0.0,0.0
2009-04-03 00:00:00+09:00,448.74311057210156,448.74311057210156,446.6197204589844,446.6197204589844,535600,0.0,0.0
2009-04-06 00:00:00+09:00,457.6613872938435,457.6613872938435,452.63604736328125,452.63604736328125,525700,0.0,0.0
2009-04-07 00:00:00+09:00,452.42369137080334,459.7139892578125,452.42369137080334,459.7139892578125,339000,0.0,0.0
2009-04-08 00:00:00+09:00,456.1750224546136,456.1750224546136,450.8665466308594,450.8665466308594,187100,0.0,0.0
2009-04-09 00:00:00+09:00,448.35389664620396,453.69775390625006,448.35389664620396,453.69775390625,264000,0.0,0.0
2009-04-10 00:00:00+09:00,456.5288226351454,456.8827209472656,456.5288226351454,456.8827209472656,147800,0.0,0.0
2009-04-13 00:00:00+09:00,458.89998417547645,461.48345947265625,458.89998417547645,461.48345947265625,238300,0.0,0.0
2009-04-14 00:00:00+09:00,461.0588955385353,461.0588955385353,460.06796264648443,460.0679626464844,248100,0.0,0.0
2009-04-15 00:00:00+09:00,454.33479700445923,455.4672546386719,454.33479700445923,455.4672546386719,341400,0.0,0.0
2009-04-16 00:00:00+09:00,455.67946959516377,457.94442749023443,455.67946959516377,457.9444274902344,321700,0.0,0.0
2009-04-17 00:00:00+09:00,458.4399422297277,461.48345947265625,458.4399422297277,461.48345947265625,376700,0.0,0.0
2009-04-20 00:00:00+09:00,469.37533970434265,472.8081359863282,469.37533970434265,472.8081359863281,528500,0.0,0.0
2009-04-21 00:00:00+09:00,458.5815665421836,466.7919921875,458.5815665421836,466.7919921875,349800,0.0,0.0
2009-04-22 00:00:00+09:00,469.55248749903217,476.3473205566406,469.55248749903217,476.3473205566406,394900,0.0,0.0
2009-04-23 00:00:00+09:00,466.68583856153055,466.68583856153055,466.084228515625,466.084228515625,302500,0.0,0.0
2009-04-24 00:00:00+09:00,467.3891545144772,477.76275634765625,467.3891545144772,477.76275634765625,597100,0.0,0.0
2009-04-27 00:00:00+09:00,476.4727460264513,476.4727460264513,472.8081359863282,472.8081359863281,447200,0.0,0.0
2009-04-28 00:00:00+09:00,469.72930850569685,469.72930850569685,461.48345947265625,461.48345947265625,257000,0.0,0.0
2009-04-30 00:00:00+09:00,471.1094726785156,471.3926086425781,471.1094726785156,471.3926086425781,286300,0.0,0.0
2009-05-01 00:00:00+09:00,468.3491028097992,472.4543151855469,468.3491028097992,472.4543151855469,239900,0.0,0.0
2009-05-07 00:00:00+09:00,491.0339883150216,491.2109375,491.0339883150216,491.2109375,393000,0.0,0.0
2009-05-08 00:00:00+09:00,483.7791889901607,488.0259704589844,483.7791889901607,488.0259704589844,346600,0.0,0.0
2009-05-11 00:00:00+09:00,488.2382904314683,494.7500305175781,488.2382904314683,494.7500305175781,286800,0.0,0.0
2009-05-12 00:00:00+09:00,494.82071333057155,494.82071333057155,487.3180847167969,487.3180847167969,243500,0.0,0.0
2009-05-13 00:00:00+09:00,487.848882952307,496.873291015625,487.848882952307,496.873291015625,288000,0.0,0.0
2009-05-14 00:00:00+09:00,493.68827254273174,493.68827254273174,486.9642028808594,486.9642028808594,188800,0.0,0.0
2009-05-15 00:00:00+09:00,485.300940322576,495.81170654296875,485.300940322576,495.81170654296875,452200,0.0,0.0
2009-05-18 00:00:00+09:00,491.7417519987916,491.918701171875,491.7417519987916,491.918701171875,300700,0.0,0.0
2009-05-19 00:00:00+09:00,497.22718183368653,498.9966735839844,497.22718183368653,498.9966735839844,232000,0.0,0.0
2009-05-20 00:00:00+09:00,499.31516267453713,499.31516267453713,498.2888488769531,498.2888488769531,172900,0.0,0.0
2009-05-21 00:00:00+09:00,490.53858889451914,493.6882934570313,490.53858889451914,493.68829345703125,131600,0.0,0.0
2009-05-22 00:00:00+09:00,494.00670161498005,498.64276123046875,494.00670161498005,498.64276123046875,192800,0.0,0.0
2009-05-25 00:00:00+09:00,497.4042289156874,505.366943359375,497.4042289156874,505.366943359375,188400,0.0,0.0
2009-05-26 00:00:00+09:00,505.36682044194026,509.9674987792969,505.36682044194026,509.9674987792969,148000,0.0,0.0
2009-05-27 00:00:00+09:00,510.3214695896138,511.0292663574219,510.3214695896138,511.0292663574219,254600,0.0,0.0
2009-05-28 00:00:00+09:00,511.3477866009997,511.3477866009997,501.8279113769531,501.8279113769531,201400,0.0,0.0
2009-05-29 00:00:00+09:00,503.1019421194665,503.1019421194665,500.4123229980468,500.4123229980469,365600,0.0,0.0
2009-06-01 00:00:00+09:00,538.6332546991152,547.480712890625,538.6332546991152,547.480712890625,709900,0.0,0.0
2009-06-02 00:00:00+09:00,546.0026939706355,550.3120727539062,546.0026939706355,550.3120727539062,313100,0.0,0.0
2009-06-03 00:00:00+09:00,544.6496416364397,545.0035400390625,544.6496416364397,545.0035400390625,140600,0.0,0.0
2009-06-04 00:00:00+09:00,541.2522091693804,545.357421875,541.2522091693804,545.357421875,179800,0.0,0.0
2009-06-05 00:00:00+09:00,547.0261446238259,569.0685424804688,547.0261446238259,569.0685424804688,330000,0.0,0.0
2009-06-08 00:00:00+09:00,553.9924590865692,553.9924590865692,553.8508911132812,553.8508911132812,262000,0.0,0.0
2009-06-09 00:00:00+09:00,545.78188773943,553.4968872070312,545.78188773943,553.4968872070312,286600,0.0,0.0
2009-06-10 00:00:00+09:00,551.1258779939511,551.1258779939511,548.8963012695312,548.8963012695312,280200,0.0,0.0
2009-06-11 00:00:00+09:00,570.1303818310638,573.315467763081,560.9290224719033,567.2991943359375,317000,0.0,0.0
2009-06-12 00:00:00+09:00,565.8835457938058,576.146599469866,563.7601553780692,569.7764282226562,277300,0.0,0.0
2009-06-15 00:00:00+09:00,568.0068639293545,572.9614409355918,561.990591850352,568.7146606445312,190400,0.0,0.0
2009-06-16 00:00:00+09:00,563.4062596228346,563.4062596228346,552.7893074942635,556.6821899414062,170100,0.0,0.0
2009-06-17 00:00:00+09:00,555.6204947285491,559.1594787714062,555.2665963242634,556.6821899414062,116900,0.0,0.0
2009-06-18 00:00:00+09:00,545.0036234195605,547.8348110736881,545.0036234195605,547.1270141601562,218800,0.0,0.0
2009-06-19 00:00:00+09:00,552.0816261410096,552.0816261410096,546.4192504882812,546.4192504882812,216300,0.0,0.0
2009-06-22 00:00:00+09:00,565.5296438321909,565.5296438321909,554.2048950195312,554.2048950195312,163000,0.0,0.0
2009-06-23 00:00:00+09:00,556.6820694097952,556.6820694097952,547.1268145629646,547.480712890625,219500,0.0,0.0
2009-06-24 00:00:00+09:00,542.8801041048858,544.6495959696346,540.048917121288,540.7567138671875,231600,0.0,0.0
2009-06-25 00:00:00+09:00,530.8475570374751,537.9255244646415,527.6624716952502,532.970947265625,307000,0.0,0.0
2009-06-26 00:00:00+09:00,531.5554265875566,540.4028870833547,530.1398329082288,537.9255981445312,218000,0.0,0.0
2009-06-29 00:00:00+09:00,545.0035435866805,545.0035435866805,531.2015057945504,535.8021850585938,251000,0.0,0.0
2009-06-30 00:00:00+09:00,548.8964026182718,560.9289478723152,545.7113171098486,554.5587768554688,208000,0.0,0.0
2009-07-01 00:00:00+09:00,548.54260798722,558.8056632334325,542.8802326789648,547.1270141601562,188000,0.0,0.0
2009-07-02 00:00:00+09:00,551.3736342597253,558.8054996765766,548.5424474342583,549.250244140625,166000,0.0,0.0
2009-07-03 00:00:00+09:00,537.2177037057274,547.1268576607738,535.802110283578,543.9417724609375,111000,0.0,0.0
2009-07-06 00:00:00+09:00,548.8964005849894,553.4970796356695,543.2340263687677,546.7730102539062,110000,0.0,0.0
2009-07-07 00:00:00+09:00,552.0812918703491,565.175527639069,549.2501057581935,558.8053588867188,193000,0.0,0.0
2009-07-08 00:00:00+09:00,557.0360390228751,557.7438357687745,538.6333236294892,540.7567138671875,139000,0.0,0.0
2009-07-09 00:00:00+09:00,546.7730356113126,546.7730356113126,532.617099414256,535.8021850585938,217000,0.0,0.0
2009-07-10 00:00:00+09:00,539.694966189193,540.0488645276777,526.9546260037431,534.0325927734375,304000,0.0,0.0
2009-07-13 00:00:00+09:00,545.0034070370803,545.357305353338,520.2305248990311,521.6461181640625,99400,0.0,0.0
2009-07-14 00:00:00+09:00,528.7241528270857,528.7241528270857,519.8766937771011,524.1234741210938,187000,0.0,0.0
2009-07-15 00:00:00+09:00,523.7696047863328,529.431978892131,519.8767225885966,528.7241821289062,323000,0.0,0.0
2009-07-16 00:00:00+09:00,530.4935138346355,535.4480896809896,529.0779207356771,530.847412109375,254000,0.0,0.0
2009-07-17 00:00:00+09:00,534.7403913049061,534.7403913049061,523.7695427738325,524.8312377929688,241000,0.0,0.0
2009-07-21 00:00:00+09:00,537.9255981445312,539.6950902436909,532.9710202668842,537.9255981445312,324000,0.0,0.0
2009-07-22 00:00:00+09:00,540.7566758296325,544.6495576582489,533.6787088685116,542.8800659179688,186000,0.0,0.0
2009-07-23 00:00:00+09:00,548.5424907600215,556.6821535261379,542.1723198995825,545.7113037109375,474000,0.0,0.0
2009-07-24 00:00:00+09:00,559.8672154744465,564.1139958699544,551.3736546834309,560.5750122070312,254000,0.0,0.0
2009-07-27 00:00:00+09:00,563.4062324070599,563.7601307942502,555.6204678888719,559.8672485351562,166000,0.0,0.0
2009-07-28 00:00:00+09:00,565.8834825799206,565.8834825799206,557.0360235026861,561.9906005859375,97000,0.0,0.0
2009-07-29 00:00:00+09:00,561.9905297606809,571.8996826783756,561.9905297606809,564.8217163085938,180000,0.0,0.0
2009-07-30 00:00:00+09:00,552.0815046171575,561.9906598282347,551.0198094159707,554.2048950195312,181000,0.0,0.0
2009-07-31 00:00:00+09:00,566.2374830688855,571.8998578995743,563.4062956535411,571.5459594726562,270000,0.0,0.0
2009-08-03 00:00:00+09:00,576.8543331678246,577.2082315317313,561.2828051559325,565.8834838867188,132000,0.0,0.0
2009-08-04 00:00:00+09:00,566.237352715164,566.237352715164,554.2048089699667,561.2827758789062,277000,0.0,0.0
2009-08-05 00:00:00+09:00,565.8835882034591,565.8835882034591,557.7439243331155,558.4517211914062,195000,0.0,0.0
2009-08-06 00:00:00+09:00,558.4517493880372,566.2375152223444,552.0815773417859,563.0524291992188,354000,0.0,0.0
2009-08-07 00:00:00+09:00,552.0814677061948,563.4062157617064,547.1268904319084,560.2211303710938,485000,0.0,0.0
2009-08-10 00:00:00+09:00,562.6983444184691,566.5912260465215,552.435292853604,555.2664794921875,203000,0.0,0.0
2009-08-11 00:00:00+09:00,556.3281990426485,563.7600642970351,556.3281990426485,561.2827758789062,166000,0.0,0.0
2009-08-12 00:00:00+09:00,562.3445705365531,563.0523673528357,554.9127039655855,559.1594848632812,141000,0.0,0.0
2009-08-13 00:00:00+09:00,559.1592665586708,561.6365544484877,554.9124873189846,555.9741821289062,80000,0.0,0.0
2009-08-14 00:00:00+09:00,555.6204503183146,560.9289259582986,553.4970600623211,556.3282470703125,112000,0.0,0.0
2009-08-17 00:00:00+09:00,562.6985748858693,562.6985748858693,549.2504328445718,551.7277221679688,190100,0.0,0.0
2009-08-18 00:00:00+09:00,544.6495541399568,552.0814194011257,542.526164065337,548.1885375976562,114000,0.0,0.0
2009-08-19 00:00:00+09:00,543.5879163918206,543.9418147748881,535.4482535812659,536.5099487304688,159000,0.0,0.0
2009-08-20 00:00:00+09:00,535.0941865808824,543.233846826491,535.0941865808824,541.46435546875,114000,0.0,0.0
2009-08-21 00:00:00+09:00,537.9255129064787,537.9255129064787,524.1234767200625,531.9092407226562,345000,0.0,0.0
2009-08-24 00:00:00+09:00,538.6334233293328,548.1886811676324,538.2795248908773,542.5263061523438,227000,0.0,0.0
2009-08-25 00:00:00+09:00,540.048917121288,542.5262057319361,534.7404415270421,540.7567138671875,367000,0.0,0.0
2009-08-26 00:00:00+09:00,540.7567583362287,544.2957423567537,537.9255711198088,541.1106567382812,204000,0.0,0.0
2009-08-27 00:00:00+09:00,540.7566511824324,549.9580078125,535.0942778716216,536.86376953125,229000,0.0,0.0
2009-08-28 00:00:00+09:00,537.5717329143379,540.4029204477906,532.9710531724771,537.2178344726562,114000,0.0,0.0
2009-08-31 00:00:00+09:00,535.8021911179683,546.4191433858276,533.3249022554678,538.2794799804688,208000,0.0,0.0
2009-09-02 00:00:00+09:00,533.324862194378,535.8021508707952,527.3085896945079,532.6170654296875,266000,0.0,0.0
2009-09-03 00:00:00+09:00,530.8475011833181,535.0942811927846,529.4319078468293,531.5552978515625,161000,0.0,0.0
2009-09-04 00:00:00+09:00,531.5553816332425,537.9255526514837,530.1397880736333,533.6787719726562,170000,0.0,0.0
2009-09-07 00:00:00+09:00,533.6785983072917,535.4480896809896,529.4318190104167,530.847412109375,107000,0.0,0.0
2009-09-08 00:00:00+09:00,545.0034983269993,545.0034983269993,527.6624779256857,535.4482421875,139000,0.0,0.0
2009-09-09 00:00:00+09:00,530.8475570374751,540.4028130641497,530.8475570374751,532.970947265625,178000,0.0,0.0
2009-09-10 00:00:00+09:00,532.2632792429351,556.6822727720325,532.2632792429351,551.0198974609375,344000,0.0,0.0
2009-09-11 00:00:00+09:00,547.8347827291768,549.9581733599101,535.4483373832329,542.5263061523438,247000,0.0,0.0
2009-09-14 00:00:00+09:00,541.8184129471662,541.8184129471662,531.5553600565928,535.4482421875,74000,0.0,0.0
2009-09-15 00:00:00+09:00,535.4482639221677,537.9255526514837,530.8475848534379,533.6787719726562,95000,0.0,0.0
2009-09-16 00:00:00+09:00,533.6787605767234,536.8638460178312,528.7241832238891,532.6170654296875,163000,0.0,0.0
2009-09-17 00:00:00+09:00,528.0162235071164,540.7565613397278,528.0162235071164,536.1558837890625,155000,0.0,0.0
2009-09-18 00:00:00+09:00,532.2630052083333,534.0324965820313,524.123344889323,530.847412109375,217000,0.0,0.0
2009-09-21 00:00:00+09:00,530.847412109375,530.847412109375,530.847412109375,530.847412109375,0,0.0,0.0
2009-09-24 00:00:00+09:00,531.5553724367633,540.40283203125,529.078083750307,540.40283203125,195000,0.0,0.0
2009-09-25 00:00:00+09:00,602.4681077298528,603.6540685718408,589.8178587486485,594.1663818359375,132600,160.0,0.0
2009-09-28 00:00:00+09:00,587.4460188573304,592.189862885788,585.0740968431015,590.6085815429688,202000,0.0,0.0
2009-09-29 00:00:00+09:00,589.8178931104396,596.1430179695328,584.6787291624264,591.7944946289062,158000,0.0,0.0
2009-09-30 00:00:00+09:00,595.3524128937108,600.4915771484375,588.236647002551,600.4915771484375,166000,0.0,0.0
2009-10-01 00:00:00+09:00,590.213094418261,598.9101393460585,579.1441281465186,586.6552124023438,193000,0.0,0.0
2009-10-02 00:00:00+09:00,574.7956788473289,574.7956788473289,556.6109462290502,566.0986328125,315000,0.0,0.0
2009-10-05 00:00:00+09:00,566.4938448125665,567.2844852100719,551.4716772599653,556.61083984375,183000,0.0,0.0
2009-10-06 00:00:00+09:00,554.6344473702567,555.4250880650112,542.7748369489398,553.448486328125,217000,0.0,0.0
2009-10-07 00:00:00+09:00,545.5420575980946,556.6110268826936,541.5888542821664,545.9373779296875,361000,0.0,0.0
2009-10-08 00:00:00+09:00,553.4483495175796,559.3781532624107,541.5887420279171,546.7279052734375,384000,0.0,0.0
2009-10-09 00:00:00+09:00,554.6342878818848,561.7500520884948,547.1232034415741,560.9594116210938,225000,0.0,0.0
2009-10-13 00:00:00+09:00,561.3547541586202,565.3079566526949,554.2389896692855,562.93603515625,197000,0.0,0.0
2009-10-14 00:00:00+09:00,563.3314297093991,576.3769996605641,558.5875860907936,564.1220703125,245000,0.0,0.0
2009-10-15 00:00:00+09:00,571.6331389552616,574.4003809833991,564.9126940297848,568.0752563476562,190000,0.0,0.0
2009-10-16 00:00:00+09:00,575.9815763351932,579.1441381819204,568.0751717183751,576.772216796875,326400,0.0,0.0
2009-10-19 00:00:00+09:00,571.6331031964825,573.2143842565004,560.1688155113525,564.9126586914062,255800,0.0,0.0
2009-10-20 00:00:00+09:00,572.81911694661,572.81911694661,561.3548282016468,564.1220703125,201700,0.0,0.0
2009-10-21 00:00:00+09:00,559.378099306447,563.7266216332108,555.029576979683,558.192138671875,297600,0.0,0.0
2009-10-22 00:00:00+09:00,558.5874408375133,562.5406428250399,549.0997560674493,556.61083984375,178300,0.0,0.0
2009-10-23 00:00:00+09:00,560.5641257035674,563.3313675088741,554.2390015771518,558.5875244140625,190900,0.0,0.0
2009-10-26 00:00:00+09:00,558.5874902188904,564.5172937243988,555.4249283492859,560.9594116210938,140000,0.0,0.0
2009-10-27 00:00:00+09:00,560.9594939536237,561.3548142453457,551.8671272440159,557.401611328125,171300,0.0,0.0
2009-10-28 00:00:00+09:00,596.9336723619912,636.4657036442422,584.2834223516709,598.5149536132812,829900,0.0,0.0
2009-10-29 00:00:00+09:00,596.5384041922433,620.6529453822545,596.5384041922433,614.3278198242188,707400,0.0,0.0
2009-10-30 00:00:00+09:00,620.6528209339489,623.0247425426137,604.0493696732955,608.793212890625,277700,0.0,0.0
2009-11-02 00:00:00+09:00,608.7931067772162,609.5837471756281,597.3288210002426,604.8399047851562,198200,0.0,0.0
2009-11-04 00:00:00+09:00,604.8400214166925,605.6306619675639,594.9570145307988,598.9102172851562,248800,0.0,0.0
2009-11-05 00:00:00+09:00,599.3057604252897,602.4683238048427,594.1665949335162,596.933837890625,171900,0.0,0.0
2009-11-06 00:00:00+09:00,598.9103085927695,598.9103085927695,583.4928155002824,590.6085815429688,226900,0.0,0.0
2009-11-09 00:00:00+09:00,585.074074748411,587.0506763522908,576.3770276913401,583.0974731445312,275000,0.0,0.0
2009-11-10 00:00:00+09:00,591.0039018786736,594.9571052357215,584.2834561716919,590.6085815429688,244200,0.0,0.0
2009-11-11 00:00:00+09:00,587.4460188573304,594.5617849000167,586.260057850216,590.6085815429688,146300,0.0,0.0
2009-11-12 00:00:00+09:00,590.6085028117135,590.6085028117135,585.0740188496225,589.0272216796875,181900,0.0,0.0
2009-11-13 00:00:00+09:00,592.9805035571975,595.7477459071312,589.8179408715591,590.6085815429688,319300,0.0,0.0
2009-11-16 00:00:00+09:00,592.9804245097525,594.166385358772,584.2833782836095,589.0272216796875,150900,0.0,0.0
2009-11-17 00:00:00+09:00,585.8646169663788,589.027179001285,572.0284080636641,574.4003295898438,230400,0.0,0.0
2009-11-18 00:00:00+09:00,570.051835555604,579.5395221390537,558.1922273262919,566.0986328125,333700,0.0,0.0
2009-11-19 00:00:00+09:00,577.1676176476243,578.3535785058044,556.6109627725035,562.1454467773438,438800,0.0,0.0
2009-11-20 00:00:00+09:00,585.8646566485833,585.8646566485833,562.9360803424983,572.4237670898438,295400,0.0,0.0
2009-11-24 00:00:00+09:00,588.2366458582536,588.2366458582536,573.2144734505831,578.3536376953125,239300,0.0,0.0
2009-11-25 00:00:00+09:00,596.9336513943142,596.9336513943142,569.26123046875,569.26123046875,270500,0.0,0.0
2009-11-26 00:00:00+09:00,562.540806629706,579.9349004397602,558.5876034910574,565.703369140625,336800,0.0,0.0
2009-11-27 00:00:00+09:00,566.0985656178326,572.4236892560207,557.0062003879373,560.1687622070312,251600,0.0,0.0
2009-11-30 00:00:00+09:00,556.2156519777088,568.4705810546875,554.6343708064858,568.4705810546875,261900,0.0,0.0
2009-12-01 00:00:00+09:00,568.4704118359641,581.1206574401024,564.9125302598003,580.3300170898438,227700,0.0,0.0
2009-12-02 00:00:00+09:00,580.7254162663999,584.6786185554837,574.400292603866,581.911376953125,127400,0.0,0.0
2009-12-03 00:00:00+09:00,592.9804912052043,606.0260620117188,592.9804912052043,606.0260620117188,198500,0.0,0.0
2009-12-04 00:00:00+09:00,616.6996614754435,628.5592703499713,598.1196075720167,601.677490234375,247600,0.0,0.0
2009-12-07 00:00:00+09:00,606.4212632831775,613.9323480304919,597.3288975364284,600.8867797851562,155000,0.0,0.0
2009-12-08 00:00:00+09:00,589.0272743438436,599.7009229393361,589.0272743438436,593.7711181640625,188500,0.0,0.0
2009-12-09 00:00:00+09:00,593.7710259785222,596.9335880343332,588.2365423808528,591.0037841796875,143700,0.0,0.0
2009-12-10 00:00:00+09:00,589.0272747432336,607.6073297183558,589.0272747432336,599.3056030273438,278800,0.0,0.0
2009-12-11 00:00:00+09:00,605.6306551587343,610.7698186816217,599.7008510938641,609.1885375976562,321700,0.0,0.0
2009-12-14 00:00:00+09:00,600.8867987544701,608.0025634765625,598.5148771804393,608.0025634765625,156200,0.0,0.0
2009-12-15 00:00:00+09:00,608.0025679183673,612.3510908358588,599.7008423486105,608.3978881835938,138200,0.0,0.0
2009-12-16 00:00:00+09:00,600.8867027930964,612.35098857007,598.1194613986545,604.8399047851562,374300,0.0,0.0
2009-12-17 00:00:00+09:00,601.6774558022385,608.7932207197418,601.6774558022385,604.0493774414062,144000,0.0,0.0
2009-12-18 00:00:00+09:00,599.7009241370957,611.5605337113296,595.7477209456844,610.3745727539062,201200,0.0,0.0
2009-12-21 00:00:00+09:00,602.4680753967245,607.6072387695312,593.7710296888978,607.6072387695312,282200,0.0,0.0
2009-12-22 00:00:00+09:00,612.7463133330442,612.7463133330442,601.6773476728343,605.2352294921875,194900,0.0,0.0
2009-12-24 00:00:00+09:00,607.2119262295082,608.3978870229253,598.1195601466445,602.8634033203125,198200,0.0,0.0
2009-12-25 00:00:00+09:00,599.7009233459634,602.0728452576811,595.7477201597673,599.3056030273438,123200,0.0,0.0
2009-12-28 00:00:00+09:00,605.6306227834601,605.6306227834601,597.3288975364284,600.8867797851562,104400,0.0,0.0
2009-12-29 00:00:00+09:00,598.1195173344635,605.2352815856335,594.5616352088783,604.4446411132812,203100,0.0,0.0
2009-12-30 00:00:00+09:00,604.0494075777655,608.7932510927741,601.2821655273438,601.2821655273438,111700,0.0,0.0
2010-01-04 00:00:00+09:00,608.397876094695,616.6996014994959,608.0025558373236,612.7463989257812,86400,0.0,0.0
2010-01-05 00:00:00+09:00,618.6762510273791,620.6528524683611,609.9792046870581,611.5604858398438,213700,0.0,0.0
2010-01-06 00:00:00+09:00,609.5838424926368,619.0715287571136,604.4446790993785,618.6762084960938,226700,0.0,0.0
2010-01-07 00:00:00+09:00,622.6293826013015,627.7685457592804,619.8621409008512,626.9779052734375,252400,0.0,0.0
2010-01-08 00:00:00+09:00,626.1873238677391,626.1873238677391,611.5604734996164,615.9089965820312,198100,0.0,0.0
2010-01-12 00:00:00+09:00,613.1416820868935,622.2340474563316,609.1884797523552,620.2574462890625,174900,0.0,0.0
2010-01-13 00:00:00+09:00,620.6528748187822,632.5124838917526,609.9792266531089,613.537109375,197800,0.0,0.0
2010-01-14 00:00:00+09:00,615.1184820816612,623.4202096675963,608.0027155794312,621.8389282226562,188900,0.0,0.0
2010-01-15 00:00:00+09:00,615.5136034876165,620.2574462890625,611.1650809196243,620.2574462890625,168000,0.0,0.0
2010-01-18 00:00:00+09:00,615.1183141718055,624.2106799982525,611.9557521452153,623.0247192382812,170200,0.0,0.0
2010-01-19 00:00:00+09:00,615.1184605189733,622.2342267717634,611.5605773925781,614.3278198242188,289600,0.0,0.0
2010-01-20 00:00:00+09:00,615.909014243933,620.6528577426026,613.1417722030425,617.4902954101562,170200,0.0,0.0
2010-01-21 00:00:00+09:00,612.7463634151187,626.1872513868051,612.7463634151187,625.7919311523438,224400,0.0,0.0
2010-01-22 00:00:00+09:00,616.6995925311894,618.2808735376797,607.6072267438707,611.9557495117188,241400,0.0,0.0
2010-01-25 00:00:00+09:00,615.9090527913359,617.4903340565254,606.4213652001985,609.979248046875,200500,0.0,0.0
2010-01-26 00:00:00+09:00,611.955841319584,623.024810025623,609.1885991430743,614.7230834960938,338700,0.0,0.0
2010-01-27 00:00:00+09:00,677.9741888126598,691.810396747612,653.0690145297458,657.022216796875,1306600,0.0,0.0
2010-01-28 00:00:00+09:00,655.0456529223766,655.0456529223766,640.4188037020218,649.5111694335938,712700,0.0,0.0
2010-01-29 00:00:00+09:00,675.6022618009016,681.1367449285859,655.4409304071942,667.300537109375,571700,0.0,0.0
2010-02-01 00:00:00+09:00,619.8620931795327,640.418744228854,596.9335208552899,638.8374633789062,647500,0.0,0.0
2010-02-02 00:00:00+09:00,651.4877424973707,662.1613887640146,635.2796129813561,657.8128662109375,405700,0.0,0.0
2010-02-03 00:00:00+09:00,661.7661919213024,670.4632386490614,656.6270279458083,663.3474731445312,376800,0.0,0.0
2010-02-04 00:00:00+09:00,672.0444778531615,679.1602429127832,672.0444778531615,675.9976806640625,319800,0.0,0.0
2010-02-05 00:00:00+09:00,664.5333897066917,674.4163966922165,658.2082652359558,659.3942260742188,528500,0.0,0.0
2010-02-08 00:00:00+09:00,659.7895031066603,661.7661043742057,652.2784182899877,660.9754638671875,208400,0.0,0.0
2010-02-09 00:00:00+09:00,660.9755545881285,661.3708748958965,646.7440235084797,652.673828125,280200,0.0,0.0
2010-02-10 00:00:00+09:00,653.0689956202652,653.4643158355317,638.837467870671,639.2327880859375,470700,0.0,0.0
2010-02-12 00:00:00+09:00,642.0001154119318,643.581396484375,630.5358276367188,630.5358276367188,582100,0.0,0.0
2010-02-15 00:00:00+09:00,631.3265123408903,639.2329182562427,629.7452311578198,634.4890747070312,382800,0.0,0.0
2010-02-16 00:00:00+09:00,645.1625931656192,649.9064357624252,642.0000314344152,644.7672729492188,322200,0.0,0.0
2010-02-17 00:00:00+09:00,649.9064196040905,650.6970600172342,644.3719367120849,648.720458984375,204200,0.0,0.0
2010-02-18 00:00:00+09:00,648.7205499394579,649.1158702014563,642.7907460094812,645.9533081054688,236200,0.0,0.0
2010-02-19 00:00:00+09:00,651.0924815784801,651.0924815784801,629.7451871004972,630.5358276367188,239500,0.0,0.0
2010-02-22 00:00:00+09:00,630.5358577315093,635.2797011752573,625.0013737138032,627.7686157226562,467900,0.0,0.0
2010-02-23 00:00:00+09:00,630.5358220353911,636.465626004376,622.2340964788123,624.6060180664062,656400,0.0,0.0
2010-02-24 00:00:00+09:00,616.6996336802794,624.2107189622827,612.7464309002776,621.0481567382812,361400,0.0,0.0
2010-02-25 00:00:00+09:00,626.1872781377832,628.1638793945312,619.0715136134902,628.1638793945312,349600,0.0,0.0
2010-02-26 00:00:00+09:00,612.3511660068384,621.8388535369637,612.3511660068384,615.118408203125,296100,0.0,0.0
2010-03-01 00:00:00+09:00,619.4668470219751,631.326454814355,616.3042849440071,629.349853515625,407600,0.0,0.0
2010-03-02 00:00:00+09:00,628.5591965578915,634.4890002990037,623.4200333155943,633.3030395507812,282600,0.0,0.0
2010-03-03 00:00:00+09:00,632.9077670232739,635.6750089777792,628.9545642311235,632.1171264648438,171900,0.0,0.0
2010-03-04 00:00:00+09:00,638.4422634710893,638.4422634710893,626.9779751486982,627.7686157226562,283500,0.0,0.0
2010-03-05 00:00:00+09:00,636.070352221891,645.1627189721106,635.6750319284031,639.6282348632812,250700,0.0,0.0
2010-03-08 00:00:00+09:00,644.3720347901896,645.9533158571594,637.2562699888255,641.20947265625,266400,0.0,0.0
2010-03-09 00:00:00+09:00,643.9767796698382,644.3720999765723,634.0937720014858,636.0703735351562,152600,0.0,0.0
2010-03-10 00:00:00+09:00,632.9077581454607,637.6516014294991,630.9311567771114,631.3264770507812,179100,0.0,0.0
2010-03-11 00:00:00+09:00,637.256360808098,643.976806300491,632.1171966080326,638.4423217773438,284400,0.0,0.0
2010-03-12 00:00:00+09:00,638.4422754633035,651.4878451786528,635.2797131080674,650.6972045898438,280400,0.0,0.0
2010-03-15 00:00:00+09:00,654.6503628681808,655.8363236704782,645.9533169846663,646.7439575195312,136200,0.0,0.0
2010-03-16 00:00:00+09:00,646.3486283674672,650.6971512494501,644.372027057475,645.9533081054688,241400,0.0,0.0
2010-03-17 00:00:00+09:00,646.3486628801876,648.7205845788304,641.6048194829018,643.5814208984375,234400,0.0,0.0
2010-03-18 00:00:00+09:00,645.9533337057004,647.1392945386974,640.418849818381,642.790771484375,256000,0.0,0.0
2010-03-19 00:00:00+09:00,643.1861197230328,660.1848924016379,642.7907994281815,656.231689453125,304300,0.0,0.0
2010-03-23 00:00:00+09:00,661.3708363424519,665.7193594744106,659.3942349188342,660.1848754882812,229900,0.0,0.0
2010-03-24 00:00:00+09:00,660.9755285445864,663.7427705899286,648.7205994866425,655.8363647460938,272900,0.0,0.0
2010-03-25 00:00:00+09:00,656.2317147912851,656.6270351014003,644.3721054878282,647.53466796875,256900,0.0,0.0
2010-03-26 00:00:00+09:00,658.6035066751333,658.6035066751333,650.301781801077,657.8128662109375,241000,0.0,0.0
2010-03-29 00:00:00+09:00,731.448762788104,737.6966472780573,723.8620459074464,725.6471557617188,252700,190.0,0.0
2010-03-30 00:00:00+09:00,729.663671510611,748.4073254576726,729.663671510611,747.5147705078125,430700,0.0,0.0
2010-03-31 00:00:00+09:00,747.0685150901336,762.2419496857516,740.8206302566438,757.7791748046875,452300,0.0,0.0
2010-04-01 00:00:00+09:00,772.506260432999,784.1094740501325,768.0434859648708,773.8450927734375,397400,0.0,0.0
2010-04-02 00:00:00+09:00,780.9854820757159,784.5557014223479,769.3822691991625,774.2913208007812,301200,0.0,0.0
2010-04-05 00:00:00+09:00,776.5226114814882,782.3242171994533,772.5061152152045,772.952392578125,243700,0.0,0.0
2010-04-06 00:00:00+09:00,772.506234335364,779.200395811407,770.7211246084192,775.1838989257812,205300,0.0,0.0
2010-04-07 00:00:00+09:00,770.2748353652287,772.9524999145864,762.2418417171556,765.3657836914062,417700,0.0,0.0
2010-04-08 00:00:00+09:00,762.2419361994142,776.9690930463584,761.7956587192037,776.0765380859375,336200,0.0,0.0
2010-04-09 00:00:00+09:00,779.2003667705721,779.2003667705721,765.3657669023662,778.7540893554688,304800,0.0,0.0
2010-04-12 00:00:00+09:00,776.9689853107551,784.1094240040188,772.5062111274653,774.2913208007812,267600,0.0,0.0
2010-04-13 00:00:00+09:00,776.5227193137299,776.5227193137299,759.5641771677979,765.3657836914062,276700,0.0,0.0
2010-04-14 00:00:00+09:00,765.8120438648764,774.7375921616698,763.580656790678,769.3822631835938,349300,0.0,0.0
2010-04-15 00:00:00+09:00,774.291303617145,784.1094066024921,770.2748069413211,778.3078002929688,377300,0.0,0.0
2010-04-16 00:00:00+09:00,784.5557134603328,796.6052039400989,782.3243263344501,784.1094360351562,263400,0.0,0.0
2010-04-19 00:00:00+09:00,780.985511377773,793.9275569948904,764.0269688449985,770.7211303710938,432900,0.0,0.0
2010-04-20 00:00:00+09:00,776.9691141941236,778.3079466711956,768.0435643469768,769.8286743164062,228600,0.0,0.0
2010-04-21 00:00:00+09:00,794.8201295679265,798.8366265730424,782.3243611075661,785.4483032226562,308200,0.0,0.0
2010-04-22 00:00:00+09:00,791.6960566131162,797.0513850682217,781.4316770741636,792.142333984375,322100,0.0,0.0
2010-04-23 00:00:00+09:00,789.0184826194547,807.3158569335938,785.4482632410862,807.3158569335938,350300,0.0,0.0
2010-04-26 00:00:00+09:00,825.1671617078297,838.5554877496008,822.4894964994754,834.0927124023438,354000,0.0,0.0
2010-04-27 00:00:00+09:00,835.4312922969746,851.9435560870322,834.0924600977806,840.78662109375,749700,0.0,0.0
2010-04-28 00:00:00+09:00,815.7951922356592,822.9356315550085,799.7292037671233,814.4563598632812,534000,0.0,0.0
2010-04-30 00:00:00+09:00,844.3568986980546,851.9436150182802,832.3074080718138,843.01806640625,517400,0.0,0.0
2010-05-06 00:00:00+09:00,843.4642041497815,870.2408455513619,832.7535475891494,858.6376342773438,991200,0.0,0.0
2010-05-07 00:00:00+09:00,840.7866704923576,848.3733867335308,822.489296028352,840.3403930664062,623800,0.0,0.0
2010-05-10 00:00:00+09:00,827.8447908968539,829.629900958087,812.6713553763725,825.6134033203125,348800,0.0,0.0
2010-05-11 00:00:00+09:00,836.3239877953662,837.6628202197984,814.4563915296388,818.026611328125,288300,0.0,0.0
2010-05-12 00:00:00+09:00,825.6133044512688,828.2909692224622,816.2414777520922,826.505859375,292800,0.0,0.0
2010-05-13 00:00:00+09:00,826.0595843950226,837.6627984383887,814.0100928884502,833.6463012695312,294000,0.0,0.0
2010-05-14 00:00:00+09:00,818.9190288997432,818.9190288997432,807.7620939011091,810.4397583007812,288200,0.0,0.0
2010-05-17 00:00:00+09:00,818.4728248776744,834.5388127160584,808.2084437587068,810.8861083984375,867900,0.0,0.0
2010-05-18 00:00:00+09:00,804.1918085536774,812.6710784551868,789.9109329300827,793.9274291992188,508800,0.0,0.0
2010-05-19 00:00:00+09:00,790.8034034604495,796.6050085648434,780.0927478831071,793.0347900390625,311600,0.0,0.0
2010-05-20 00:00:00+09:00,785.0019744940563,830.0759934957048,781.431755167193,806.8695678710938,423600,0.0,0.0
2010-05-21 00:00:00+09:00,795.2664530173836,795.2664530173836,760.0105328218879,761.349365234375,500800,0.0,0.0
2010-05-24 00:00:00+09:00,758.6717776563864,773.8452132095142,750.6387823635541,766.7047729492188,315200,0.0,0.0
2010-05-25 00:00:00+09:00,767.1508780327595,767.1508780327595,743.9444524029144,748.4072265625,261900,0.0,0.0
2010-05-26 00:00:00+09:00,743.9445631874291,753.7626678005806,732.7876261270299,738.5892333984375,588500,0.0,0.0
2010-05-27 00:00:00+09:00,728.7710855411925,745.2833514107725,723.862033525912,743.9445190429688,281000,0.0,0.0
2010-05-28 00:00:00+09:00,797.4977498209729,798.8365820814446,772.5062142921679,781.4317626953125,648800,0.0,0.0
2010-05-31 00:00:00+09:00,775.1839508683714,787.2334423326466,771.6137311752528,781.8781127929688,317400,0.0,0.0
2010-06-01 00:00:00+09:00,768.9361884317118,779.2005716783335,768.9361884317118,772.5064086914062,136600,0.0,0.0
2010-06-02 00:00:00+09:00,760.4568597072031,775.1840172015327,754.2089747096087,760.9031372070312,295500,0.0,0.0
2010-06-03 00:00:00+09:00,765.8120529898094,784.1094272162559,758.6716142672938,781.4317626953125,295600,0.0,0.0
2010-06-04 00:00:00+09:00,783.6631291940672,787.679625869891,774.291303617145,778.3078002929688,215400,0.0,0.0
2010-06-07 00:00:00+09:00,760.4567697944372,764.4732668179993,749.746111064938,755.1014404296875,159500,0.0,0.0
2010-06-08 00:00:00+09:00,762.6881107043669,777.8615429828621,756.4402268249864,772.0599365234375,217800,0.0,0.0
2010-06-09 00:00:00+09:00,767.5972598181104,782.7706940238172,763.134485051726,780.539306640625,332600,0.0,0.0
2010-06-10 00:00:00+09:00,790.8037856906556,824.7208780791939,783.2170676563773,822.043212890625,495900,0.0,0.0
2010-06-11 00:00:00+09:00,825.6132286965684,829.629725484822,806.8695770180517,818.9190673828125,354800,0.0,0.0
2010-06-14 00:00:00+09:00,832.7534319327547,835.8773729957393,821.5964995649524,830.9683227539062,211800,0.0,0.0
2010-06-15 00:00:00+09:00,823.828168497831,832.30744000458,816.6877293342528,827.8446655273438,185100,0.0,0.0
2010-06-16 00:00:00+09:00,838.5553914649694,839.4479464319357,829.629841795305,832.7537841796875,275200,0.0,0.0
2010-06-17 00:00:00+09:00,826.059467298869,830.5222412983227,807.7620939011091,810.4397583007812,307900,0.0,0.0
2010-06-18 00:00:00+09:00,807.3160332318009,830.0761867391652,806.4234781922964,828.2910766601562,410600,0.0,0.0
2010-06-21 00:00:00+09:00,830.076049609998,843.4643729908043,830.076049609998,839.4478759765625,316600,0.0,0.0
2010-06-22 00:00:00+09:00,837.2165778702894,849.7123476892489,835.4314678961523,845.2495727539062,248500,0.0,0.0
2010-06-23 00:00:00+09:00,834.5389250795284,838.1091450798687,817.5803800779124,819.811767578125,353800,0.0,0.0
2010-06-24 00:00:00+09:00,821.1503789423599,828.7370943999796,812.2248313451604,820.7041015625,345200,0.0,0.0
2010-06-25 00:00:00+09:00,799.729299081921,805.53090672035,788.1260838050628,789.9111938476562,405400,0.0,0.0
2010-06-28 00:00:00+09:00,797.4977974545171,797.4977974545171,772.0599829861862,773.8450927734375,372400,0.0,0.0
2010-06-29 00:00:00+09:00,780.539404275719,782.3245144055663,767.5973558343263,772.5064086914062,264200,0.0,0.0
2010-06-30 00:00:00+09:00,759.5642232578671,772.0599919131081,747.9610095065718,767.1509399414062,510500,0.0,0.0
2010-07-01 00:00:00+09:00,760.9029595029037,762.2417916897124,755.1013533600664,756.440185546875,272900,0.0,0.0
2010-07-02 00:00:00+09:00,757.3329120802626,768.0435720036133,752.4238596153934,755.9940795898438,237700,0.0,0.0
2010-07-05 00:00:00+09:00,756.4401944814746,760.0104136884668,753.7625300762304,759.1178588867188,316600,0.0,0.0
2010-07-06 00:00:00+09:00,755.5476008206175,773.3986959374661,751.5311044193265,771.6135864257812,198800,0.0,0.0
2010-07-07 00:00:00+09:00,764.9195651939856,765.3658426532586,745.729634445245,748.8535766601562,344000,0.0,0.0
2010-07-08 00:00:00+09:00,778.754324356761,778.754324356761,763.1346101146482,768.9362182617188,227900,0.0,0.0
2010-07-09 00:00:00+09:00,764.9195237151446,772.9525175464588,764.4732462800715,770.7211303710938,306100,0.0,0.0
2010-07-12 00:00:00+09:00,775.1840172015327,776.5228497010172,760.4568597072031,760.9031372070312,147600,0.0,0.0
2010-07-13 00:00:00+09:00,760.0104953333974,763.5807149239242,751.977501254712,752.8700561523438,234900,0.0,0.0
2010-07-14 00:00:00+09:00,761.3492697164796,769.8285405984334,759.1178826422813,769.3822631835938,125000,0.0,0.0
2010-07-15 00:00:00+09:00,761.7956838265386,765.8121812808085,753.3164114230798,758.2254638671875,98100,0.0,0.0
2010-07-16 00:00:00+09:00,751.0848995718285,755.5476737819997,739.0354092043659,741.7130737304688,182900,0.0,0.0
2010-07-21 00:00:00+09:00,744.83699226839,749.7460437452937,736.3577215355563,740.8204956054688,155400,0.0,0.0
2010-07-22 00:00:00+09:00,731.8951119728459,736.8041645531516,729.6637244363433,735.46533203125,150400,0.0,0.0
2010-07-23 00:00:00+09:00,741.7131842257818,749.7461790007902,737.6966868382775,741.2669067382812,156400,0.0,0.0
2010-07-26 00:00:00+09:00,747.0684407067965,754.6551572492192,743.9444986010931,750.1923828125,100300,0.0,0.0
2010-07-27 00:00:00+09:00,754.2090257178866,760.9031886680453,748.8536953577596,751.0850830078125,198100,0.0,0.0
2010-07-28 00:00:00+09:00,753.3164053627537,756.8866252933828,732.787640761636,736.8041381835938,670000,0.0,0.0
2010-07-29 00:00:00+09:00,730.5562218859366,742.1594361614615,714.0439554169203,733.23388671875,544000,0.0,0.0
2010-07-30 00:00:00+09:00,731.0024209738801,731.894975822444,722.9694273368045,727.8784790039062,321200,0.0,0.0
2010-08-02 00:00:00+09:00,726.093473220453,735.019022983458,719.8455883863495,731.8950805664062,339800,0.0,0.0
2010-08-03 00:00:00+09:00,740.3742471468651,743.498189117949,731.0024212336136,737.2503051757812,250800,0.0,0.0
2010-08-04 00:00:00+09:00,729.2173463806039,732.7875659467268,711.8125259957546,719.8455200195312,285400,0.0,0.0
2010-08-05 00:00:00+09:00,722.5231439661096,729.217305275246,719.8454794424551,722.9694213867188,205800,0.0,0.0
2010-08-06 00:00:00+09:00,715.8291279437168,718.9530705220249,709.1349652759139,714.4902954101562,237000,0.0,0.0
2010-08-09 00:00:00+09:00,715.829002825849,726.0933837890625,712.2587833603834,726.0933837890625,234500,0.0,0.0
2010-08-10 00:00:00+09:00,724.3083707383881,724.3083707383881,713.151433419559,718.0604858398438,125900,0.0,0.0
2010-08-11 00:00:00+09:00,711.8126000945501,714.9365425401061,698.8705528201037,701.5482177734375,103100,0.0,0.0
2010-08-12 00:00:00+09:00,690.391093848532,696.6389770507812,688.6059843621751,696.6389770507812,137700,0.0,0.0
2010-08-13 00:00:00+09:00,695.7465843176464,705.1184113033235,694.8540293666294,702.8870239257812,196900,0.0,0.0
2010-08-16 00:00:00+09:00,702.4406970648596,707.3497489503193,698.8704775117981,703.333251953125,227400,0.0,0.0
2010-08-17 00:00:00+09:00,695.3003161308093,698.4242585011018,689.9449863531651,696.19287109375,169000,0.0,0.0
2010-08-18 00:00:00+09:00,700.2093590727306,703.7795788767982,693.5151969401041,702.8870239257812,158100,0.0,0.0
2010-08-19 00:00:00+09:00,697.977890793158,701.5481101834044,696.6390585218157,699.7630004882812,306000,0.0,0.0
2010-08-20 00:00:00+09:00,690.3910571702053,697.0852173884037,684.5894516477665,685.9282836914062,319600,0.0,0.0
2010-08-23 00:00:00+09:00,680.1268422668378,691.7300561112852,677.8954549890594,689.9449462890625,271100,0.0,0.0
2010-08-24 00:00:00+09:00,680.1267143019799,699.7629186519058,678.341604815623,696.6389770507812,331000,0.0,0.0
2010-08-25 00:00:00+09:00,688.6061704989911,702.4407727578821,687.7136155145465,701.5482177734375,287900,0.0,0.0
2010-08-26 00:00:00+09:00,695.3001868838355,712.2587280273438,690.8374128987018,712.2587280273438,247500,0.0,0.0
2010-08-27 00:00:00+09:00,712.2587629536526,718.506646839211,699.316717762139,713.5975952148438,259300,0.0,0.0
2010-08-30 00:00:00+09:00,721.1843811260378,734.5727050330806,718.0604388810611,725.6471557617188,153500,0.0,0.0
2010-08-31 00:00:00+09:00,718.5066820563281,718.5066820563281,701.1018618077586,705.5646362304688,282400,0.0,0.0
2010-09-01 00:00:00+09:00,700.6555528054423,712.2587657818382,696.6390560059207,711.3662109375,223700,0.0,0.0
2010-09-02 00:00:00+09:00,717.1678724834736,725.2008666992188,711.3662655498798,725.2008666992188,270000,0.0,0.0
2010-09-03 00:00:00+09:00,722.5232273874961,737.2503839679702,719.8455625546827,733.23388671875,259300,0.0,0.0
2010-09-06 00:00:00+09:00,740.8206555926756,743.052043109521,731.448828021925,739.9281005859375,156500,0.0,0.0
2010-09-07 00:00:00+09:00,740.3743145625571,741.2668694927108,730.5562103308655,732.78759765625,272100,0.0,0.0
2010-09-08 00:00:00+09:00,723.862034329928,731.4487510892428,718.0604273963341,725.2008666992188,157300,0.0,0.0
2010-09-09 00:00:00+09:00,731.4488114534288,740.8206388118924,727.8785915073473,734.57275390625,222500,0.0,0.0
2010-09-10 00:00:00+09:00,743.0520230621948,747.5147979754812,731.44880828765,736.8041381835938,210300,0.0,0.0
2010-09-13 00:00:00+09:00,740.8206239642518,741.7131789328835,730.1099643406724,736.3578491210938,112200,0.0,0.0
2010-09-14 00:00:00+09:00,731.8950857789787,739.035525640237,731.44880828765,736.8041381835938,249600,0.0,0.0
2010-09-16 00:00:00+09:00,734.1263982840228,735.9115080670844,717.6141327907044,719.8455200195312,309800,0.0,0.0
2010-09-17 00:00:00+09:00,722.523253315251,733.6801905190072,720.73814336265,731.8950805664062,186400,0.0,0.0
2010-09-21 00:00:00+09:00,734.12633664751,740.374220363659,728.3247303396573,729.21728515625,146900,0.0,0.0
2010-09-22 00:00:00+09:00,747.0683034016536,748.8534128482524,728.7709315740145,742.6055297851562,304400,0.0,0.0
2010-09-24 00:00:00+09:00,731.0024847645577,751.5312480729641,728.3248199852003,735.0189819335938,479200,0.0,0.0
2010-09-27 00:00:00+09:00,735.9116095385506,735.9116095385506,728.3248919144418,735.46533203125,240000,0.0,0.0
2010-09-28 00:00:00+09:00,813.3554417809775,831.3301476766896,813.3554417809775,815.8519287109375,303700,175.0,0.0
2010-09-29 00:00:00+09:00,811.8578059053094,814.3542936233454,799.3753673151293,800.3739624023438,325100,0.0,0.0
2010-09-30 00:00:00+09:00,811.8578860206749,812.3571836135535,787.8916015625,787.8916015625,266000,0.0,0.0
2010-10-01 00:00:00+09:00,789.3894629195745,790.3880580655829,755.9365255282959,757.9337158203125,490500,0.0,0.0
2010-10-04 00:00:00+09:00,744.4526104884164,744.4526104884164,708.5031886539657,721.4849243164062,1086400,0.0,0.0
2010-10-05 00:00:00+09:00,746.4497668808607,753.9392294248158,730.9715442900201,745.451171875,595400,0.0,0.0
2010-10-06 00:00:00+09:00,756.4356601214425,762.4272297065628,740.957438693215,749.4454956054688,380900,0.0,0.0
2010-10-07 00:00:00+09:00,758.9322982032296,765.4231665431256,739.9589907481488,745.9505615234375,443200,0.0,0.0
2010-10-08 00:00:00+09:00,748.9464062172294,754.9379774669673,743.9534301757812,743.9534301757812,341600,0.0,0.0
2010-10-12 00:00:00+09:00,752.9407076528207,753.4400052043146,724.4807472176676,727.975830078125,281400,0.0,0.0
2010-10-13 00:00:00+09:00,733.9674001689641,737.961780578047,697.0193813849482,699.515869140625,778200,0.0,0.0
2010-10-14 00:00:00+09:00,720.4863995899506,735.9646243905662,715.9927214220298,730.4723510742188,545200,0.0,0.0
2010-10-15 00:00:00+09:00,720.4863602887546,728.9744185873747,710.9997068961791,721.9842529296875,320300,0.0,0.0
2010-10-18 00:00:00+09:00,716.991277459911,730.9716087752853,711.4990044431568,721.9842529296875,358500,0.0,0.0
2010-10-19 00:00:00+09:00,713.4961481003535,741.956106422061,713.4961481003535,733.9673461914062,501000,0.0,0.0
2010-10-20 00:00:00+09:00,724.9800974598539,724.9800974598539,709.0025746508213,719.9871215820312,165400,0.0,0.0
2010-10-21 00:00:00+09:00,714.9940221200235,722.4834846422305,708.5031546007774,717.9898071289062,210400,0.0,0.0
2010-10-22 00:00:00+09:00,712.4975346126212,722.4834846422305,712.4975346126212,717.9898071289062,186400,0.0,0.0
2010-10-25 00:00:00+09:00,710.9995583875714,711.9981532729471,698.0178248776859,700.0150146484375,422200,0.0,0.0
2010-10-26 00:00:00+09:00,690.5284363815407,694.5228163461484,679.0445939832939,685.5354614257812,573300,0.0,0.0
2010-10-27 00:00:00+09:00,715.4934071368225,716.4920022619262,700.0151826977146,714.4948120117188,571200,0.0,0.0
2010-10-28 00:00:00+09:00,716.4919234874636,770.4160543143947,711.9982459185528,751.4427490234375,1065600,0.0,0.0
2010-10-29 00:00:00+09:00,716.4920011086548,770.4161377774594,711.998323052921,741.9561767578125,852000,0.0,0.0
2010-11-01 00:00:00+09:00,741.4568844963522,759.9308944130964,741.4568844963522,746.9491577148438,358100,0.0,0.0
2010-11-02 00:00:00+09:00,741.9561479003579,755.9364790855598,737.4624700194001,743.4540405273438,376800,0.0,0.0
2010-11-04 00:00:00+09:00,771.9139332678047,784.3963707397938,757.933603299177,765.92236328125,502900,0.0,0.0
2010-11-05 00:00:00+09:00,773.4117509058697,785.8941871696829,772.4131560047646,779.4033203125,350700,0.0,0.0
2010-11-08 00:00:00+09:00,786.8927218290147,786.8927218290147,774.4102865208133,780.40185546875,231200,0.0,0.0
2010-11-09 00:00:00+09:00,786.3936413293598,786.3936413293598,777.9055829785032,781.8999633789062,291000,0.0,0.0
2010-11-10 00:00:00+09:00,788.8901067609503,795.3809747279707,783.3978338657791,789.389404296875,176000,0.0,0.0
2010-11-11 00:00:00+09:00,779.4032620073507,781.8997490733576,768.9180163301218,781.4004516601562,260000,0.0,0.0
2010-11-12 00:00:00+09:00,778.4048346903047,778.9041322109528,767.9195867566957,768.4188842773438,153500,0.0,0.0
2010-11-15 00:00:00+09:00,776.9068394496439,787.8913834521453,766.9208903564609,784.3963012695312,270600,0.0,0.0
2010-11-16 00:00:00+09:00,779.4033628098721,786.3935274987498,764.4244384765625,764.4244384765625,243100,0.0,0.0
2010-11-17 00:00:00+09:00,756.9350118265523,769.9167468578785,752.4413343157087,768.9181518554688,175900,0.0,0.0
2010-11-18 00:00:00+09:00,777.9056054120829,778.4049029765323,762.9266784786025,774.4105224609375,226000,0.0,0.0
2010-11-19 00:00:00+09:00,783.3976014913972,785.894088430503,769.4172746324048,774.9095458984375,287500,0.0,0.0
2010-11-22 00:00:00+09:00,777.4063120922116,782.8985853311418,774.4105266891587,778.4049072265625,190500,0.0,0.0
2010-11-24 00:00:00+09:00,760.9293906580177,771.414638167085,758.4329031558589,767.9195556640625,268400,0.0,0.0
2010-11-25 00:00:00+09:00,767.9195867566957,769.4174793186398,760.430123946975,768.4188842773438,206400,0.0,0.0
2010-11-26 00:00:00+09:00,765.9223850594295,770.915360190195,755.4371372848219,758.4329223632812,361100,0.0,0.0
2010-11-29 00:00:00+09:00,758.4329623381298,768.4189131259918,754.9378795623779,766.9210205078125,229100,0.0,0.0
2010-11-30 00:00:00+09:00,765.9225976530206,766.9211929563492,754.9380493164062,754.9380493164062,305900,0.0,0.0
2010-12-01 00:00:00+09:00,755.437149950253,756.9350425145959,737.9617366995863,742.9547119140625,560100,0.0,0.0
2010-12-02 00:00:00+09:00,742.9548095703125,749.4456782023112,709.5018712361654,718.988525390625,1611200,0.0,0.0
2010-12-03 00:00:00+09:00,728.9744251811129,731.4709129385824,721.4849619087041,727.975830078125,572900,0.0,0.0
2010-12-06 00:00:00+09:00,723.9814838399411,776.4077292214541,723.9814838399411,760.9295043945312,767900,0.0,0.0
2010-12-07 00:00:00+09:00,761.9280995446553,766.9210752952756,751.4428504683527,760.9295043945312,495700,0.0,0.0
2010-12-08 00:00:00+09:00,768.4188220111596,773.9110942932407,755.9363850064299,767.4202270507812,423600,0.0,0.0
2010-12-09 00:00:00+09:00,776.9067993164062,785.3948556071382,771.9138250277405,776.9067993164062,343100,0.0,0.0
2010-12-10 00:00:00+09:00,788.3909193956476,788.8902170013447,772.413396013342,777.4063720703125,403700,0.0,0.0
2010-12-13 00:00:00+09:00,793.8829657208762,802.8703200497919,782.399124078373,794.3822631835938,572200,0.0,0.0
2010-12-14 00:00:00+09:00,795.8803400589247,797.8775303727489,787.8915788036281,795.3810424804688,292700,0.0,0.0
2010-12-15 00:00:00+09:00,800.873322046583,804.3684051228461,791.8859655647634,801.3726196289062,255700,0.0,0.0
2010-12-16 00:00:00+09:00,799.3753673151293,806.3655329256302,796.8788795970934,800.3739624023438,246800,0.0,0.0
2010-12-17 00:00:00+09:00,807.8634255564518,815.3528887105598,799.8746648587365,800.3739624023438,393000,0.0,0.0
2010-12-20 00:00:00+09:00,797.8773995428729,818.3485969028591,796.8788045497029,813.8549194335938,360300,0.0,0.0
2010-12-21 00:00:00+09:00,816.8507402570165,822.8423104789506,812.357062590566,818.3486328125,284200,0.0,0.0
2010-12-22 00:00:00+09:00,826.836728740258,838.3205721949838,818.847968076101,824.8395385742188,352000,0.0,0.0
2010-12-24 00:00:00+09:00,823.3415885529558,831.8296461669038,818.8479109926304,827.8352661132812,219700,0.0,0.0
2010-12-27 00:00:00+09:00,837.3218695148381,839.8183569015848,829.3331098772487,837.8211669921875,233800,0.0,0.0
2010-12-28 00:00:00+09:00,824.839719009863,828.3348025649894,815.8523612966804,821.8439331054688,552000,0.0,0.0
2010-12-29 00:00:00+09:00,823.840831509597,837.3218632979359,818.8478567731752,832.8281860351562,312400,0.0,0.0
2010-12-30 00:00:00+09:00,838.8198195462022,841.81560461601,822.8422991738936,834.825439453125,490200,0.0,0.0
2011-01-04 00:00:00+09:00,848.8057502552576,855.7959152573598,829.3331477494017,844.3120727539062,376300,0.0,0.0
2011-01-05 00:00:00+09:00,835.32473511948,859.7903131355317,835.32473511948,859.291015625,472600,0.0,0.0
2011-01-06 00:00:00+09:00,863.7846207292113,875.2684625076921,859.2909435115448,874.7691650390625,403800,0.0,0.0
2011-01-07 00:00:00+09:00,878.2641952704735,884.755061977987,875.767708075276,881.75927734375,500100,0.0,0.0
2011-01-11 00:00:00+09:00,883.756383102666,887.25146484375,873.7704352709975,887.25146484375,363100,0.0,0.0
2011-01-12 00:00:00+09:00,891.2459233515092,891.7452207875605,874.7691079618174,877.764892578125,393700,0.0,0.0
2011-01-13 00:00:00+09:00,878.7634821428571,881.2599693080357,863.28526171875,873.7705078125,308300,0.0,0.0
2011-01-14 00:00:00+09:00,865.7818292176455,872.7719939287454,853.2993922335387,865.2825317382812,408800,0.0,0.0
2011-01-17 00:00:00+09:00,865.7819247541756,874.2699828400009,857.7931642028107,868.7777099609375,147000,0.0,0.0
2011-01-18 00:00:00+09:00,864.283891537315,865.7817838969984,852.8000501130757,853.7986450195312,135400,0.0,0.0
2011-01-19 00:00:00+09:00,854.7973778903553,867.7791137695312,850.8029976198396,867.7791137695312,214400,0.0,0.0
2011-01-20 00:00:00+09:00,856.2952042308391,866.780451629584,835.8240069285275,837.3218994140625,421600,0.0,0.0
2011-01-21 00:00:00+09:00,845.3107299804688,853.2994905709517,837.8212669268911,845.3107299804688,411000,0.0,0.0
2011-01-24 00:00:00+09:00,855.2966355407467,859.291015625,841.31630524586,859.291015625,354300,0.0,0.0
2011-01-25 00:00:00+09:00,851.3023733244693,858.791837019406,838.8199338329081,856.2953491210938,290400,0.0,0.0
2011-01-26 00:00:00+09:00,856.794540640024,861.787515818579,843.8128051757812,843.8128051757812,277900,0.0,0.0
2011-01-27 00:00:00+09:00,843.313477753606,853.7987252567592,840.8169902528552,844.3120727539062,317300,0.0,0.0
2011-01-28 00:00:00+09:00,844.3120826315765,844.811380137568,823.3415873799347,826.836669921875,258900,0.0,0.0
2011-01-31 00:00:00+09:00,822.3430706353357,824.3402608493864,782.8985639078363,786.8929443359375,748800,0.0,0.0
2011-02-01 00:00:00+09:00,787.3921900226842,807.3640908476096,787.3921900226842,794.8816528320312,504000,0.0,0.0
2011-02-02 00:00:00+09:00,810.3598345654477,827.8352468943391,806.3654546045583,811.8577270507812,547400,0.0,0.0
2011-02-03 00:00:00+09:00,827.8352444386511,837.3218968176225,799.8745847953674,809.8605346679688,523400,0.0,0.0
2011-02-04 00:00:00+09:00,822.842366386587,825.3388541486821,809.3613324712727,813.355712890625,283500,0.0,0.0
2011-02-07 00:00:00+09:00,821.8436266674032,825.8380063838912,814.8534621635492,820.8450317382812,227300,0.0,0.0
2011-02-08 00:00:00+09:00,823.8408907264077,842.8141960885916,822.8422957073454,831.8296508789062,399400,0.0,0.0
2011-02-09 00:00:00+09:00,827.835322709517,842.3149513938209,823.8409423828125,823.8409423828125,222300,0.0,0.0
2011-02-10 00:00:00+09:00,828.3345433112756,836.3233032226562,819.8464859054337,836.3233032226562,200300,0.0,0.0
2011-02-14 00:00:00+09:00,746.4499167689148,841.3164613749976,731.9702862764075,835.3248901367188,238400,0.0,0.0
2011-02-15 00:00:00+09:00,825.8380352348034,826.8366301988117,808.8619208466636,819.34716796875,527800,0.0,0.0
2011-02-16 00:00:00+09:00,817.8495518996099,831.3305884693837,814.8537659952157,821.8439331054688,466900,0.0,0.0
2011-02-17 00:00:00+09:00,835.3247334456244,836.3233284646866,826.3373782740636,831.8296508789062,344800,0.0,0.0
2011-02-18 00:00:00+09:00,832.3290116544256,839.3191773191897,826.3374410846276,833.826904296875,320600,0.0,0.0
2011-02-21 00:00:00+09:00,828.8338956632414,835.8240610483531,825.8381104981935,831.3303833007812,179700,0.0,0.0
2011-02-22 00:00:00+09:00,827.3357685887536,829.3329581327216,815.3526313249455,815.8519287109375,146600,0.0,0.0
2011-02-23 00:00:00+09:00,805.8662496043394,819.8465810720726,805.3669520519203,813.355712890625,160600,0.0,0.0
2011-02-24 00:00:00+09:00,807.3640885052813,808.3626835436304,792.8844604492188,792.8844604492188,166900,0.0,0.0
2011-02-25 00:00:00+09:00,802.3711710040279,817.35009765625,800.8732783388058,817.35009765625,339600,0.0,0.0
2011-02-28 00:00:00+09:00,815.8520855947212,819.8464654507541,803.8689460266224,819.34716796875,255200,0.0,0.0
2011-03-01 00:00:00+09:00,815.3528013705346,830.3317260742188,815.3528013705346,830.3317260742188,285300,0.0,0.0
2011-03-02 00:00:00+09:00,825.3388497166101,828.334635015037,806.3655428265731,809.361328125,225100,0.0,0.0
2011-03-03 00:00:00+09:00,809.3612395752253,816.3514045067819,806.3654546045583,811.8577270507812,184200,0.0,0.0
2011-03-04 00:00:00+09:00,823.8408165256473,828.8337911712572,806.8647027305733,820.8450317382812,158900,0.0,0.0
2011-03-07 00:00:00+09:00,818.8481989517588,821.8439850454847,805.367161529992,810.8594360351562,197300,0.0,0.0
2011-03-08 00:00:00+09:00,818.8478919823378,827.335949399228,811.8577270507812,811.8577270507812,173200,0.0,0.0
2011-03-09 00:00:00+09:00,821.8436793789542,827.3359518413895,810.8591344540837,813.8549194335938,153600,0.0,0.0
2011-03-10 00:00:00+09:00,815.352803447459,821.8436708355895,800.8731761970142,806.86474609375,155200,0.0,0.0
2011-03-11 00:00:00+09:00,826.3373740860299,826.3373740860299,796.3795236659925,802.37109375,421600,0.0,0.0
2011-03-14 00:00:00+09:00,697.5185203860713,743.9531820867903,692.0262485720077,740.9573974609375,365700,0.0,0.0
2011-03-15 00:00:00+09:00,712.9970038785555,744.952051671432,649.0869082928026,739.4597778320312,799000,0.0,0.0
2011-03-16 00:00:00+09:00,694.5225968105341,889.2485585331137,694.5225968105341,763.9249267578125,877100,0.0,0.0
2011-03-17 00:00:00+09:00,713.9954403954787,762.4272989397874,706.5059777339877,755.4371337890625,508700,0.0,0.0
2011-03-18 00:00:00+09:00,758.9321983784979,770.9153383528953,734.4666209307701,740.4581909179688,422700,0.0,0.0
2011-03-22 00:00:00+09:00,760.9294705033454,787.3922408030024,759.930875397698,785.8943481445312,341800,0.0,0.0
2011-03-23 00:00:00+09:00,788.889874196881,793.882848084203,768.4186812588607,775.9081420898438,194500,0.0,0.0
2011-03-24 00:00:00+09:00,775.9083287165715,783.3977913489708,766.9209735576924,778.9041137695312,229600,0.0,0.0
2011-03-25 00:00:00+09:00,795.3810858754064,795.3810858754064,777.4063720703125,777.4063720703125,125000,0.0,0.0
2011-03-28 00:00:00+09:00,782.3991011150397,787.8913730437349,767.4201776731436,776.4075317382812,125700,0.0,0.0
2011-03-29 00:00:00+09:00,860.7996519168694,860.7996519168694,832.1063301863071,845.6090698242188,397000,175.0,0.0
2011-03-30 00:00:00+09:00,849.5476060106574,882.7418502190209,849.5476060106574,875.990478515625,212300,0.0,0.0
2011-03-31 00:00:00+09:00,881.0538661942282,890.0556936904655,869.8015818239315,887.8052368164062,134300,0.0,0.0
2011-04-01 00:00:00+09:00,890.0556797836766,906.9341060754025,885.554766105883,891.180908203125,167300,0.0,0.0
2011-04-04 00:00:00+09:00,872.0522368568575,878.8036090131686,851.798120387924,862.48779296875,289000,0.0,0.0
2011-04-05 00:00:00+09:00,861.9249781347464,872.0520340136143,852.3605364713713,856.8614501953125,243800,0.0,0.0
2011-04-06 00:00:00+09:00,869.2389568254059,869.2389568254059,851.7979162677441,860.7997436523438,194000,0.0,0.0
2011-04-07 00:00:00+09:00,872.0521594246255,881.6166024634763,857.9868020145509,861.3624877929688,188500,0.0,0.0
2011-04-08 00:00:00+09:00,852.9231039042313,878.2407422127342,848.4221904271641,870.9267578125,210300,0.0,0.0
2011-04-11 00:00:00+09:00,871.4893857805026,874.3024567481608,863.6127870710598,867.5510864257812,118700,0.0,0.0
2011-04-12 00:00:00+09:00,851.2352260569628,863.0501234444024,839.9829428308298,859.6744384765625,176800,0.0,0.0
2011-04-13 00:00:00+09:00,842.7960383974272,854.0483219541352,838.8577391525795,848.4221801757812,239500,0.0,0.0
2011-04-14 00:00:00+09:00,838.8577270507812,847.2969395965638,833.2315853535929,838.8577270507812,294000,0.0,0.0
2011-04-15 00:00:00+09:00,849.5475436086795,850.11015787597,838.8578725301597,840.5457153320312,230400,0.0,0.0
2011-04-18 00:00:00+09:00,841.1082588992135,848.9848579792061,831.5438171592225,835.4821166992188,385300,0.0,0.0
2011-04-19 00:00:00+09:00,832.6691055828408,833.7943341038987,806.7888495985093,809.039306640625,473900,0.0,0.0
2011-04-20 00:00:00+09:00,823.1045469876541,829.8559171611687,808.4765782783725,809.601806640625,552500,0.0,0.0
2011-04-21 00:00:00+09:00,816.3532590690327,830.4186150143985,811.8523451665156,824.2298583984375,410800,0.0,0.0
2011-04-22 00:00:00+09:00,814.6652990301725,825.9175821659483,814.1026848733836,815.79052734375,292200,0.0,0.0
2011-04-25 00:00:00+09:00,821.9795144468873,830.418729174268,816.3533712953001,819.1664428710938,171700,0.0,0.0
2011-04-26 00:00:00+09:00,825.3550790255186,830.4186071176997,818.6037082359438,823.667236328125,262600,0.0,0.0
2011-04-27 00:00:00+09:00,838.2952646898117,841.6709503194351,830.4186648873571,836.607421875,253300,0.0,0.0
2011-04-28 00:00:00+09:00,832.6691399761213,848.9849542053831,827.0429971384449,846.7344970703125,236000,0.0,0.0
2011-05-02 00:00:00+09:00,848.9847943536166,856.8613928433122,840.5455816860856,848.4221801757812,359000,0.0,0.0
2011-05-06 00:00:00+09:00,848.9848179997078,855.1735741282677,840.5456050971263,850.1100463867188,290100,0.0,0.0
2011-05-09 00:00:00+09:00,855.1736417729803,855.1736417729803,840.5456715847583,846.1718139648438,167000,0.0,0.0
2011-05-10 00:00:00+09:00,846.7342981273781,856.8613528558119,836.0446292473647,845.6090698242188,215100,0.0,0.0
2011-05-11 00:00:00+09:00,855.7361245526525,857.4239670073915,845.0464556726391,845.6090698242188,207700,0.0,0.0
2011-05-12 00:00:00+09:00,845.6091997268352,850.672727868912,838.8578288707328,846.1718139648438,165600,0.0,0.0
2011-05-13 00:00:00+09:00,854.6110001792009,858.5492997191972,832.1064313792219,835.4821166992188,328100,0.0,0.0
2011-05-16 00:00:00+09:00,827.0428980645213,830.9811975791142,819.1662990353353,821.9793701171875,203000,0.0,0.0
2011-05-17 00:00:00+09:00,807.3514652911723,837.1700211521006,805.1010082450646,813.5402221679688,867400,0.0,0.0
2011-05-18 00:00:00+09:00,796.6617274520421,805.6635548808788,793.2860421662284,795.5364990234375,993600,0.0,0.0
2011-05-19 00:00:00+09:00,787.659870744525,792.7233984850255,777.5328152635241,780.3458862304688,1327400,0.0,0.0
2011-05-20 00:00:00+09:00,771.3441272043013,788.7851687384613,755.5909283992536,780.9085693359375,1037700,0.0,0.0
2011-05-23 00:00:00+09:00,780.3459755859375,781.4712041015624,761.2170908203125,773.5946044921875,754300,0.0,0.0
2011-05-24 00:00:00+09:00,774.15698524431,785.9718810946955,773.5943711561964,778.6578979492188,563300,0.0,0.0
2011-05-25 00:00:00+09:00,788.7851188035197,796.6617177074065,788.2225045960993,790.4729614257812,588800,0.0,0.0
2011-05-26 00:00:00+09:00,788.2224946586754,806.7887632694793,780.3458958540919,802.8504638671875,726500,0.0,0.0
2011-05-27 00:00:00+09:00,797.2243917566157,814.6654334958217,788.2225637621867,807.9140625,704800,0.0,0.0
2011-05-30 00:00:00+09:00,816.915812772863,845.6091367752157,816.915812772863,841.6708374023438,1003700,0.0,0.0
2011-05-31 00:00:00+09:00,816.9158935546876,827.0429500863572,810.1645225335744,816.9158935546875,3947900,0.0,0.0
2011-06-01 00:00:00+09:00,830.4186778019985,840.5457348483642,819.7290064752789,828.7308349609375,1178500,0.0,0.0
2011-06-02 00:00:00+09:00,810.1644208217512,814.1027200896347,803.4130506482365,809.601806640625,710600,0.0,0.0
2011-06-03 00:00:00+09:00,803.4131640353355,820.8542061117329,803.4131640353355,809.039306640625,355600,0.0,0.0
2011-06-06 00:00:00+09:00,802.8505625349752,812.4150051159805,800.0374911876207,801.1627197265625,250600,0.0,0.0
2011-06-07 00:00:00+09:00,803.4130485742596,812.4148754490412,802.2878202149119,805.1008911132812,315600,0.0,0.0
2011-06-08 00:00:00+09:00,798.3495424332158,804.5382985761089,794.9738572643649,802.287841796875,287800,0.0,0.0
2011-06-09 00:00:00+09:00,794.9740377622531,798.3497236975493,792.1609661495063,797.787109375,205700,0.0,0.0
2011-06-10 00:00:00+09:00,802.8502628326415,814.1025440216064,798.3493503570556,810.1642456054688,362300,0.0,0.0
2011-06-13 00:00:00+09:00,787.6598160795756,794.4111859316863,783.1589028448352,793.8485717773438,311600,0.0,0.0
2011-06-14 00:00:00+09:00,783.1589922874467,795.5365050965873,776.9702358828763,791.5982055664062,300500,0.0,0.0
2011-06-15 00:00:00+09:00,791.5983671806229,799.4749678490867,785.409609512544,798.912353515625,208400,0.0,0.0
2011-06-16 00:00:00+09:00,795.536280829284,800.5998073692158,788.784912109375,788.784912109375,154800,0.0,0.0
2011-06-17 00:00:00+09:00,793.8486049257475,797.22428999276,779.7832504798625,783.158935546875,160000,0.0,0.0
2011-06-20 00:00:00+09:00,800.0371802069925,803.4128645116633,791.0353553945369,792.1605834960938,259800,0.0,0.0
2011-06-21 00:00:00+09:00,793.8488245144696,798.912353515625,783.7217665121589,798.912353515625,214900,0.0,0.0
2011-06-22 00:00:00+09:00,799.474716796875,820.2914405980604,797.7868743265086,815.79052734375,281800,0.0,0.0
2011-06-23 00:00:00+09:00,807.913979820871,818.6036494703114,804.538294668416,810.72705078125,212000,0.0,0.0
2011-06-24 00:00:00+09:00,811.8522968147641,820.2915098793667,805.1009263630821,816.3532104492188,199300,0.0,0.0
2011-06-27 00:00:00+09:00,805.10098345288,808.4766689180911,801.1626837434668,807.3514404296875,342900,0.0,0.0
2011-06-28 00:00:00+09:00,821.4166020987045,821.979216209731,812.4147763222803,819.728759765625,161300,0.0,0.0
2011-06-29 00:00:00+09:00,825.91768608652,846.1717982793774,824.2298434037818,845.0465698242188,335000,0.0,0.0
2011-06-30 00:00:00+09:00,843.9212567492913,848.4221701186208,838.2951150376293,843.358642578125,335200,0.0,0.0
2011-07-01 00:00:00+09:00,855.1736028123007,893.4313692539037,855.1736028123007,882.74169921875,765000,0.0,0.0
2011-07-04 00:00:00+09:00,905.2462414404819,919.8742105377178,892.3061149313886,893.9939575195312,541000,0.0,0.0
2011-07-05 00:00:00+09:00,895.6818158661023,912.5602420444836,895.1192016601562,895.1192016601562,461600,0.0,0.0
2011-07-06 00:00:00+09:00,895.1190930291305,895.6817071667981,883.3041961381111,891.743408203125,460700,0.0,0.0
2011-07-07 00:00:00+09:00,891.743654707385,905.8090120371544,891.743654707385,900.7454833984375,220900,0.0,0.0
2011-07-08 00:00:00+09:00,911.4350789514624,915.9359929215931,901.8706367649347,904.12109375,172500,0.0,0.0
2011-07-11 00:00:00+09:00,900.1827940261358,908.0593934738644,899.6201797798694,904.12109375,146900,0.0,0.0
2011-07-12 00:00:00+09:00,903.5583123585836,907.4966113539199,897.3695567944837,905.2461547851562,325100,0.0,0.0
2011-07-13 00:00:00+09:00,905.8087847737478,916.4984536623821,896.8069583412137,906.3713989257812,245000,0.0,0.0
2011-07-14 00:00:00+09:00,896.2442176555766,902.4329724542026,893.4311472925647,897.3694458007812,226600,0.0,0.0
2011-07-15 00:00:00+09:00,893.9939021557833,900.1826579290455,884.9920755764929,890.0556030273438,305000,0.0,0.0
2011-07-19 00:00:00+09:00,874.3022939828726,884.4293475811298,870.3639953613281,877.677978515625,469100,0.0,0.0
2011-07-20 00:00:00+09:00,891.1809022185339,902.9958005434008,891.1809022185339,895.1192016601562,179000,0.0,0.0
2011-07-21 00:00:00+09:00,886.1171926770891,886.6798067676777,877.6779813182596,882.1788940429688,226800,0.0,0.0
2011-07-22 00:00:00+09:00,882.1788940429686,887.2424208582663,874.3022967747279,882.1788940429688,376900,0.0,0.0
2011-07-25 00:00:00+09:00,884.9922772345826,886.1175058133933,873.1773771570707,878.2409057617188,323300,0.0,0.0
2011-07-26 00:00:00+09:00,906.3715042017068,906.9341184190883,878.80340755001,883.3043212890625,264500,0.0,0.0
2011-07-27 00:00:00+09:00,871.4895640466943,878.8035500587066,861.9251208002167,875.990478515625,300300,0.0,0.0
2011-07-28 00:00:00+09:00,861.36235554358,877.678167634216,861.36235554358,873.7398681640625,204100,0.0,0.0
2011-07-29 00:00:00+09:00,861.362348106329,870.3641753889556,853.4857492340308,855.7362060546875,174800,0.0,0.0
2011-08-01 00:00:00+09:00,853.4859386932898,865.8634539544977,848.4224097227956,851.798095703125,282500,0.0,0.0
2011-08-02 00:00:00+09:00,834.9194278627494,842.796026238813,828.7306719958423,838.8577270507812,515200,0.0,0.0
2011-08-03 00:00:00+09:00,841.6708844587424,850.110097872433,838.8578133208456,845.0465698242188,297000,0.0,0.0
2011-08-04 00:00:00+09:00,842.2335828001713,851.2354113404538,836.6074399624948,846.7344970703125,144700,0.0,0.0
2011-08-05 00:00:00+09:00,824.2296886378726,828.1679874914325,815.7904768088159,820.85400390625,175600,0.0,0.0
2011-08-08 00:00:00+09:00,803.975791073917,814.1028479243932,797.2244198402663,801.1627197265625,174300,0.0,0.0
2011-08-09 00:00:00+09:00,784.2842129399394,798.349568265261,773.5945428926948,791.0355834960938,286700,0.0,0.0
2011-08-10 00:00:00+09:00,803.4132526004936,812.4150817612834,785.9722086014633,797.787109375,287600,0.0,0.0
2011-08-11 00:00:00+09:00,794.973966777654,814.6654663085938,792.7235096884037,814.6654663085938,221600,0.0,0.0
2011-08-12 00:00:00+09:00,823.6672946655948,825.9177517548451,811.2897806747184,814.6654663085938,198000,0.0,0.0
2011-08-15 00:00:00+09:00,829.2933512651384,829.2933512651384,810.7270822069637,812.9775390625,183800,0.0,0.0
2011-08-16 00:00:00+09:00,807.9142461126861,823.1048343056127,806.7890173576545,812.4151611328125,174200,0.0,0.0
2011-08-17 00:00:00+09:00,795.5364966448927,811.2896945982569,793.2860397944121,808.4766235351562,170900,0.0,0.0
2011-08-18 00:00:00+09:00,793.8486659679292,809.6018641586464,793.8486659679292,800.6000366210938,98500,0.0,0.0
2011-08-19 00:00:00+09:00,784.8469122413522,799.4748833655638,784.8469122413522,797.2244262695312,152900,0.0,0.0
2011-08-22 00:00:00+09:00,787.6599965058135,798.3496678869639,787.6599965058135,789.3478393554688,135700,0.0,0.0
2011-08-23 00:00:00+09:00,788.7850278715847,810.1643652889315,788.7850278715847,805.6634521484375,164900,0.0,0.0
2011-08-24 00:00:00+09:00,829.293407093395,836.6073923662675,812.4149795406122,816.9158935546875,263600,0.0,0.0
2011-08-25 00:00:00+09:00,833.7943341038987,834.9195626249566,808.4766923800961,809.039306640625,334100,0.0,0.0
2011-08-26 00:00:00+09:00,801.7253247587926,806.2262388627016,793.2861108139632,796.0991821289062,195500,0.0,0.0
2011-08-29 00:00:00+09:00,789.9103993781067,802.8505270032466,789.3477851335354,797.955810546875,122300,0.0,0.0
2011-08-30 00:00:00+09:00,802.2879978907566,803.4132264992991,794.9740119352308,800.9939575195312,263100,0.0,0.0
2011-08-31 00:00:00+09:00,800.037474609375,812.9776025390624,796.6617890624999,808.7579956054688,274600,0.0,0.0
2011-09-01 00:00:00+09:00,815.2277723064703,825.3548253786004,809.6016317108425,818.630859375,108800,0.0,0.0
2011-09-02 00:00:00+09:00,800.0371934820844,811.852088744478,796.6615091214005,805.9446411132812,177700,0.0,0.0
2011-09-05 00:00:00+09:00,796.0990845242002,801.1626122702904,791.5981709721199,799.6998291015625,106300,0.0,0.0
2011-09-06 00:00:00+09:00,794.9738097253666,798.9121088535177,783.7215265020775,790.1915893554688,167000,0.0,0.0
2011-09-07 00:00:00+09:00,798.9119700100177,798.9119700100177,788.7849168690457,795.8738403320312,92600,0.0,0.0
2011-09-08 00:00:00+09:00,803.9757134649593,812.9775409075341,803.9757134649593,808.0828247070312,102000,0.0,0.0
2011-09-09 00:00:00+09:00,802.2879540772836,810.7271681804808,799.4748827095511,807.8578491210938,190600,0.0,0.0
2011-09-12 00:00:00+09:00,787.6598971679148,789.910354016966,779.7832981962357,788.4475708007812,137200,0.0,0.0
2011-09-13 00:00:00+09:00,802.2879553025343,803.9757981257515,785.4095270703632,799.1373291015625,181200,0.0,0.0
2011-09-14 00:00:00+09:00,800.0374127629299,803.9757122631693,784.2842147619721,786.140869140625,121600,0.0,0.0
2011-09-15 00:00:00+09:00,789.3476459607161,793.2859449783391,778.095363053222,784.2841186523438,146300,0.0,0.0
2011-09-16 00:00:00+09:00,786.5344615923552,794.4110584895606,786.5344615923552,791.6542358398438,115100,0.0,0.0
2011-09-20 00:00:00+09:00,783.7215169991778,796.6616425490565,783.1589028448352,793.8485717773438,214500,0.0,0.0
2011-09-21 00:00:00+09:00,797.7868708577416,800.5999416294544,790.4728868512884,793.8485717773438,127300,0.0,0.0
2011-09-22 00:00:00+09:00,782.5964120650497,783.7216405511246,769.6562844751891,780.9085693359375,155400,0.0,0.0
2011-09-26 00:00:00+09:00,781.4710479254702,793.8485591237138,770.218765017976,784.2841186523438,253000,0.0,0.0
2011-09-27 00:00:00+09:00,795.5365335844883,806.788818359375,787.6599342420676,806.788818359375,209700,0.0,0.0
2011-09-28 00:00:00+09:00,931.7480414128709,954.176639383607,927.9031389036018,945.2052001953125,289300,175.0,0.0
2011-09-29 00:00:00+09:00,945.8461389046375,962.5073852539062,942.0012359009602,962.5073852539062,154300,0.0,0.0
2011-09-30 00:00:00+09:00,967.6338160362319,967.6338160362319,950.331754424988,965.7113647460938,182400,0.0,0.0
2011-10-03 00:00:00+09:00,929.8257296665037,961.2257715367026,929.8257296665037,956.7400512695312,108700,0.0,0.0
2011-10-04 00:00:00+09:00,967.6338410898204,980.4501833559108,962.5073041833843,968.274658203125,211600,0.0,0.0
2011-10-05 00:00:00+09:00,979.1685561681154,979.8093732860265,966.9930309278051,972.1195678710938,207800,0.0,0.0
2011-10-06 00:00:00+09:00,972.7603184314485,988.7807452830863,958.0215257279416,963.7888793945312,204500,0.0,0.0
2011-10-07 00:00:00+09:00,964.4298005325702,976.6053262535794,961.8665319597262,965.0706176757812,147100,0.0,0.0
2011-10-11 00:00:00+09:00,948.4093378165227,959.3032288590098,929.82564133228,945.8460693359375,244200,0.0,0.0
2011-10-12 00:00:00+09:00,945.8460172801907,950.9725539592162,937.5153951767744,945.2052001953125,144500,0.0,0.0
2011-10-13 00:00:00+09:00,950.9726244487788,950.9726244487788,936.8746475364653,944.564453125,142500,0.0,0.0
2011-10-14 00:00:00+09:00,929.825476328532,947.127535502116,917.6499532063802,922.7764892578125,169700,0.0,0.0
2011-10-17 00:00:00+09:00,936.2339813982853,951.6135950557521,933.0298952196465,938.1564331054688,92300,0.0,0.0
2011-10-18 00:00:00+09:00,933.6706725025505,943.9237478354543,929.8257692527116,932.3890380859375,69300,0.0,0.0
2011-10-19 00:00:00+09:00,936.8746401424792,940.7195429064018,915.0868578135843,923.41748046875,158100,0.0,0.0
2011-10-20 00:00:00+09:00,913.1643856903742,922.1358252690866,908.0378487882527,911.8827514648438,253800,0.0,0.0
2011-10-21 00:00:00+09:00,917.6500873766447,919.5725386770148,909.9602821751645,913.1643676757812,127000,0.0,0.0
2011-10-24 00:00:00+09:00,927.2625004194856,944.5645650437607,925.9808660028726,932.3890380859375,146100,0.0,0.0
2011-10-25 00:00:00+09:00,930.4667062236286,935.5932445499296,910.6013702092124,911.2421875,208600,0.0,0.0
2011-10-26 00:00:00+09:00,905.4745003471161,924.6990120317682,902.2704150663408,917.6500244140625,201200,0.0,0.0
2011-10-27 00:00:00+09:00,918.2909614186555,936.8746584745808,912.5236071599201,922.1358642578125,205800,0.0,0.0
2011-10-28 00:00:00+09:00,937.5154599418875,947.7685340082376,917.6501289383341,936.2338256835938,485100,0.0,0.0
2011-10-31 00:00:00+09:00,932.3888757170314,973.4011699066465,929.1847902334677,965.7113647460938,382000,0.0,0.0
2011-11-01 00:00:00+09:00,965.0706152935207,973.4012381346998,947.7685524695332,952.2542724609375,355200,0.0,0.0
2011-11-02 00:00:00+09:00,952.8952026367189,963.7890953366679,943.9237615897019,952.8952026367188,246300,0.0,0.0
2011-11-04 00:00:00+09:00,958.0215953590864,965.0705836861433,949.6909727907466,963.1481323242188,140500,0.0,0.0
2011-11-07 00:00:00+09:00,963.1479952714333,963.1479952714333,949.6908376528703,955.4581909179688,89200,0.0,0.0
2011-11-08 00:00:00+09:00,947.1276875385048,965.0705665987741,938.7970651176654,942.6419677734375,149800,0.0,0.0
2011-11-09 00:00:00+09:00,961.8665652275085,988.1400690078735,960.584930896759,984.295166015625,269000,0.0,0.0
2011-11-10 00:00:00+09:00,963.1481662461482,976.6053262535794,959.9440805300932,965.0706176757812,301000,0.0,0.0
2011-11-11 00:00:00+09:00,950.3319914554139,952.2544432250472,925.980935706725,931.748291015625,329100,0.0,0.0
2011-11-14 00:00:00+09:00,945.2053869924237,959.9441828573903,945.2053869924237,953.5360107421875,183500,0.0,0.0
2011-11-15 00:00:00+09:00,959.9440578294838,963.7889605978262,954.1767036769702,958.0216064453125,72600,0.0,0.0
2011-11-16 00:00:00+09:00,957.3810993579167,957.3810993579167,938.1565792904887,940.7198486328125,83900,0.0,0.0
2011-11-17 00:00:00+09:00,942.0012359009602,968.9155569267018,935.5930642281645,962.5073852539062,161700,0.0,0.0
2011-11-18 00:00:00+09:00,961.2255908896425,965.070493253201,945.8459814354081,947.7684326171875,214400,0.0,0.0
2011-11-21 00:00:00+09:00,960.5852049115897,960.5852049115897,936.2341456810091,939.438232421875,136400,0.0,0.0
2011-11-22 00:00:00+09:00,934.9522781478181,940.0788156565108,916.3685796788074,921.4951171875,262100,0.0,0.0
2011-11-24 00:00:00+09:00,913.1646152218012,918.2911534125202,892.0176451850858,895.862548828125,364700,0.0,0.0
2011-11-25 00:00:00+09:00,895.8624110718212,902.2705828248385,888.8134221435021,892.6583251953125,209300,0.0,0.0
2011-11-28 00:00:00+09:00,899.7073692096251,899.7073692096251,886.8910249188897,888.8134765625,245900,0.0,0.0
2011-11-29 00:00:00+09:00,869.5889334479682,893.9399868532909,867.6664818633375,890.7359008789062,441100,0.0,0.0
2011-11-30 00:00:00+09:00,884.9683962576729,900.9888234165736,884.9683962576729,897.1439208984375,371400,0.0,0.0
2011-12-01 00:00:00+09:00,922.7766995041754,927.9032367236431,915.7277108274075,920.854248046875,278000,0.0,0.0
2011-12-02 00:00:00+09:00,934.3115476483941,935.5931821444825,919.5727509433783,924.0584716796875,148400,0.0,0.0
2011-12-05 00:00:00+09:00,926.6215776835402,937.5154689841074,922.7766748715753,935.593017578125,91000,0.0,0.0
2011-12-06 00:00:00+09:00,928.5440538760765,928.5440538760765,919.5726137420081,920.854248046875,106600,0.0,0.0
2011-12-07 00:00:00+09:00,922.1357550810721,936.8745475528335,917.6500356331447,934.311279296875,104200,0.0,0.0
2011-12-08 00:00:00+09:00,934.3114150715469,934.3114150715469,914.446083201027,924.6991577148438,387000,0.0,0.0
2011-12-09 00:00:00+09:00,922.7766403518356,922.7766403518356,909.3194810133714,916.3684692382812,338100,0.0,0.0
2011-12-12 00:00:00+09:00,935.5928293863933,936.2336463928223,919.5724042256674,922.7764892578125,246800,0.0,0.0
2011-12-13 00:00:00+09:00,911.2419997191363,926.6216115287419,908.0379139254684,920.2134399414062,253600,0.0,0.0
2011-12-14 00:00:00+09:00,912.52346280309,920.8540843033991,899.0663049948984,915.0867309570312,292100,0.0,0.0
2011-12-15 00:00:00+09:00,903.5522435093396,918.2910389708395,903.5522435093396,908.0379638671875,210700,0.0,0.0
2011-12-16 00:00:00+09:00,916.3683845460878,924.6990062237794,903.5520435034852,909.3193969726562,290500,0.0,0.0
2011-12-19 00:00:00+09:00,907.397013774671,917.0092702765213,900.9888427734375,913.1643676757812,292300,0.0,0.0
2011-12-20 00:00:00+09:00,907.3970207678198,920.2133628690601,905.4745694526337,917.00927734375,376300,0.0,0.0
2011-12-21 00:00:00+09:00,922.7766343793073,938.1562449522959,922.7766343793073,929.8256225585938,173600,0.0,0.0
2011-12-22 00:00:00+09:00,929.8256926437905,933.6705955768455,924.6991553997171,929.1848754882812,200800,0.0,0.0
2011-12-26 00:00:00+09:00,943.2826334635417,943.2826334635417,922.7764892578125,922.7764892578125,69000,0.0,0.0
2011-12-27 00:00:00+09:00,914.4461281130476,929.1849234505389,913.805310924461,921.4951171875,96400,0.0,0.0
2011-12-28 00:00:00+09:00,921.4950742588734,923.4175257350742,911.2419997191363,920.2134399414062,82600,0.0,0.0
2011-12-29 00:00:00+09:00,932.3890093934718,932.3890093934718,917.0093968673939,921.4951171875,107500,0.0,0.0
2011-12-30 00:00:00+09:00,933.0298743264171,949.691122082246,931.7482398836611,943.9237670898438,186400,0.0,0.0
2012-01-04 00:00:00+09:00,958.6624438772291,964.4297981518915,942.6420153365,952.2542724609375,168000,0.0,0.0
2012-01-05 00:00:00+09:00,943.2827489406781,950.9725539592162,940.0786635162872,945.2052001953125,142500,0.0,0.0
2012-01-06 00:00:00+09:00,942.0012162626813,942.0012162626813,928.5440560303573,933.6705932617188,204100,0.0,0.0
2012-01-10 00:00:00+09:00,937.51549618524,952.8951078793245,929.8256903381977,933.6705932617188,123200,0.0,0.0
2012-01-11 00:00:00+09:00,933.0297784213362,938.7971328209187,927.2624240217539,929.1848754882812,109200,0.0,0.0
2012-01-12 00:00:00+09:00,929.1848754882812,933.6705955768455,924.6991553997171,929.1848754882812,122700,0.0,0.0
2012-01-13 00:00:00+09:00,932.3889098128652,952.8950576575468,929.1848242121337,945.8460693359375,254900,0.0,0.0
2012-01-16 00:00:00+09:00,938.1563838078426,938.1563838078426,927.90330857497,933.0298461914062,67400,0.0,0.0
2012-01-17 00:00:00+09:00,932.3889612658271,933.6705955768455,927.903241177263,929.1848754882812,107600,0.0,0.0
2012-01-18 00:00:00+09:00,929.184794540353,940.078685234964,927.2623432413039,934.9521484375,113300,0.0,0.0
2012-01-19 00:00:00+09:00,937.51549618524,943.9236677244419,929.1848731842774,933.6705932617188,247500,0.0,0.0
2012-01-20 00:00:00+09:00,939.4379203900899,946.4869088786921,929.1848462248502,935.593017578125,194200,0.0,0.0
2012-01-23 00:00:00+09:00,931.748291015625,934.9523772983472,927.9033874763583,931.748291015625,152000,0.0,0.0
2012-01-24 00:00:00+09:00,936.8746813543912,936.8746813543912,927.2624240217539,929.1848754882812,127500,0.0,0.0
2012-01-25 00:00:00+09:00,937.5154599418875,941.3603627167688,927.9032030046842,936.2338256835938,161300,0.0,0.0
2012-01-26 00:00:00+09:00,931.1074036693245,937.5155757523894,929.8257692527116,932.3890380859375,105300,0.0,0.0
2012-01-27 00:00:00+09:00,932.3889276098201,945.8460873897558,932.3889276098201,944.564453125,192700,0.0,0.0
2012-01-30 00:00:00+09:00,951.6134867948643,963.789012888536,948.4094009807402,958.6624755859375,327300,0.0,0.0
2012-01-31 00:00:00+09:00,956.0991432582782,956.0991432582782,938.7970810143282,945.8460693359375,321700,0.0,0.0
2012-02-01 00:00:00+09:00,932.3888862920332,966.9930099069953,932.3888862920332,960.5848388671875,301500,0.0,0.0
2012-02-02 00:00:00+09:00,958.0216064453125,961.8665092136549,954.8175208050272,958.0216064453125,229800,0.0,0.0
2012-02-03 00:00:00+09:00,948.4093017578125,956.7399240029824,945.2052162789009,948.4093017578125,240000,0.0,0.0
2012-02-06 00:00:00+09:00,964.4298574418249,971.4788464330941,953.535965364409,956.7400512695312,387100,0.0,0.0
2012-02-07 00:00:00+09:00,942.642017417046,942.642017417046,927.9032231270446,930.4664916992188,367100,0.0,0.0
2012-02-08 00:00:00+09:00,931.1073608398436,931.7481780186736,923.4175546938849,931.1073608398438,360800,0.0,0.0
2012-02-09 00:00:00+09:00,935.5929439221399,947.127651449947,935.5929439221399,945.2052001953125,341300,0.0,0.0
2012-02-10 00:00:00+09:00,942.0011576431058,948.409328783535,938.1562549588482,946.4868774414062,354200,0.0,0.0
2012-02-13 00:00:00+09:00,944.5646453070782,970.8381530802059,943.2830107815598,969.5565185546875,379600,0.0,0.0
2012-02-14 00:00:00+09:00,970.1973960562927,982.3729248046875,961.8667711231806,982.3729248046875,189400,0.0,0.0
2012-02-15 00:00:00+09:00,979.8093460886101,979.8093460886101,963.1481014854029,974.0419921875,328200,0.0,0.0
2012-02-16 00:00:00+09:00,966.9930691054143,970.8379719646804,959.9440805300932,965.0706176757812,143300,0.0,0.0
2012-02-17 00:00:00+09:00,972.7603528099338,972.7603528099338,960.5848279723917,965.7113647460938,157600,0.0,0.0
2012-02-20 00:00:00+09:00,968.9155501911346,969.5563673539594,957.3808412602878,958.6624755859375,173500,0.0,0.0
2012-02-21 00:00:00+09:00,959.944010875679,974.682804100072,958.6623766822536,965.7113647460938,234600,0.0,0.0
2012-02-22 00:00:00+09:00,975.9646515132873,983.0136411171259,970.8381136195866,976.60546875,160900,0.0,0.0
2012-02-23 00:00:00+09:00,983.6545594097817,983.6545594097817,972.119847963934,982.3729248046875,143400,0.0,0.0
2012-02-24 00:00:00+09:00,984.9359332978413,988.1400189624406,978.5277619686426,979.1685791015625,113400,0.0,0.0
2012-02-27 00:00:00+09:00,990.0626312018676,990.0626312018676,980.4503726465097,989.4218139648438,158100,0.0,0.0
2012-02-28 00:00:00+09:00,984.2951344172569,997.1114773133149,974.6828772452134,995.1890258789062,196200,0.0,0.0
2012-02-29 00:00:00+09:00,1003.519648761344,1008.6461859197672,994.5482087341034,995.1890258789062,257500,0.0,0.0
2012-03-01 00:00:00+09:00,999.0338814927367,1007.3645039811302,989.4216247753594,1002.8787841796875,184200,0.0,0.0
2012-03-02 00:00:00+09:00,1009.2869553246056,1011.2094066680811,993.9073445768022,1002.8787841796875,196200,0.0,0.0
2012-03-05 00:00:00+09:00,995.1888665396845,1003.5194880883103,988.1398790754625,1002.2378540039062,199000,0.0,0.0
2012-03-06 00:00:00+09:00,1005.4420776367188,1022.744140158192,1002.237991984594,1005.4420776367188,230200,0.0,0.0
2012-03-07 00:00:00+09:00,999.6745858350984,1008.6460244259262,991.9847813286744,1002.2378540039062,181500,0.0,0.0
2012-03-08 00:00:00+09:00,1008.0053440229541,1012.4910639264257,1002.8788069904152,1009.9277954101562,136400,0.0,0.0
2012-03-09 00:00:00+09:00,1030.4338215942764,1033.6379068604278,1020.1807487425921,1027.229736328125,324800,0.0,0.0
2012-03-12 00:00:00+09:00,1031.7155481557377,1032.3563652663934,1014.4134861680327,1016.3359375,144100,0.0,0.0
2012-03-13 00:00:00+09:00,999.6746806696713,1018.8991937594726,999.6746806696713,1004.160400390625,302700,0.0,0.0
2012-03-14 00:00:00+09:00,1020.1808279654593,1020.1808279654593,1003.5195832876316,1004.160400390625,227000,0.0,0.0
2012-03-15 00:00:00+09:00,1005.4419034451854,1015.0541587362484,1001.5970013287603,1004.8010864257812,323000,0.0,0.0
2012-03-16 00:00:00+09:00,1022.7440217954924,1024.666472964281,1013.1317659515497,1013.7725830078125,243000,0.0,0.0
2012-03-19 00:00:00+09:00,1022.7442893133145,1026.5891926565976,1004.1605898207794,1008.0054931640625,248500,0.0,0.0
2012-03-21 00:00:00+09:00,1033.6382121011882,1079.1362363164296,1025.94840519157,1070.164794921875,631800,0.0,0.0
2012-03-22 00:00:00+09:00,1070.1646458566695,1072.7279144694999,1053.5033998732724,1054.7850341796875,251900,0.0,0.0
2012-03-23 00:00:00+09:00,1052.2217908519622,1052.8626080205686,1039.405447479831,1040.0462646484375,218900,0.0,0.0
2012-03-26 00:00:00+09:00,1034.9197917462561,1054.1443080016045,1027.2299852441167,1048.376953125,266200,0.0,0.0
2012-03-27 00:00:00+09:00,1073.3686503842384,1082.3400898501366,1066.3196622324613,1077.8543701171875,295600,0.0,0.0
2012-03-28 00:00:00+09:00,1199.4437345713645,1200.1589663749253,1185.1390985001497,1195.15234375,221500,175.0,0.0
2012-03-29 00:00:00+09:00,1201.5897017675088,1213.7486451782515,1191.5764542527795,1210.1724853515625,188900,0.0,0.0
2012-03-30 00:00:00+09:00,1211.602767344169,1211.602767344169,1188.715347890206,1200.1590576171875,203600,0.0,0.0
2012-04-02 00:00:00+09:00,1205.88104496276,1206.596276899274,1188.7154784864217,1195.8677978515625,233900,0.0,0.0
2012-04-03 00:00:00+09:00,1187.2849310717536,1187.2849310717536,1173.6955252341854,1178.7021484375,99300,0.0,0.0
2012-04-04 00:00:00+09:00,1187.2849948841035,1188.0002268087324,1160.1061817482023,1168.68896484375,158000,0.0,0.0
2012-04-05 00:00:00+09:00,1152.2388474049956,1168.6891847670781,1145.0865268127857,1153.6693115234375,125400,0.0,0.0
2012-04-06 00:00:00+09:00,1142.225093572113,1159.3906554041298,1138.6489348571097,1154.384033203125,86100,0.0,0.0
2012-04-09 00:00:00+09:00,1140.0796802718517,1155.8147825089789,1138.6492164321128,1145.0863037109375,67800,0.0,0.0
2012-04-10 00:00:00+09:00,1148.6624853515625,1160.8214282226563,1142.2253979492189,1144.37109375,138300,0.0,0.0
2012-04-11 00:00:00+09:00,1130.781510574637,1154.3841607004833,1130.781510574637,1142.2252197265625,151800,0.0,0.0
2012-04-12 00:00:00+09:00,1135.0731641703223,1137.934092120342,1126.4903803202633,1133.6427001953125,149900,0.0,0.0
2012-04-13 00:00:00+09:00,1143.655905789219,1154.3843852056282,1132.212194411716,1142.940673828125,147100,0.0,0.0
2012-04-16 00:00:00+09:00,1131.4970042327977,1144.3711800078863,1123.6294523702434,1133.6427001953125,108700,0.0,0.0
2012-04-17 00:00:00+09:00,1133.6423036201516,1148.662170103447,1128.635681459053,1138.64892578125,194400,0.0,0.0
2012-04-18 00:00:00+09:00,1142.2252106645742,1152.2384560930677,1133.6424288687226,1146.5166015625,168200,0.0,0.0
2012-04-19 00:00:00+09:00,1142.2255521440236,1144.3712482344633,1135.7884638727048,1139.3646240234375,99900,0.0,0.0
2012-04-20 00:00:00+09:00,1142.2254077332234,1142.9406396729435,1129.351232818259,1140.0797119140625,121000,0.0,0.0
2012-04-23 00:00:00+09:00,1137.2187252768988,1145.8015081091773,1127.9207105419305,1130.06640625,70900,0.0,0.0
2012-04-24 00:00:00+09:00,1124.3443772630667,1140.0794766904125,1124.3443772630667,1135.7880859375,167500,0.0,0.0
2012-04-25 00:00:00+09:00,1164.3974576158587,1164.3974576158587,1139.364342740825,1156.5299072265625,138800,0.0,0.0
2012-04-26 00:00:00+09:00,1190.8610309388775,1196.5828857421875,1167.2583798752241,1196.5828857421875,305100,0.0,0.0
2012-04-27 00:00:00+09:00,1196.5831652455986,1212.318269630179,1191.576541123232,1207.3116455078125,322600,0.0,0.0
2012-05-01 00:00:00+09:00,1210.17239754155,1230.1988911178878,1206.5962379743469,1213.0333251953125,188400,0.0,0.0
2012-05-02 00:00:00+09:00,1196.5830660618194,1213.748633058522,1195.1526021454274,1206.5963134765625,247100,0.0,0.0
2012-05-07 00:00:00+09:00,1190.1461297932894,1203.735538727227,1189.4308977441347,1193.7222900390625,261100,0.0,0.0
2012-05-08 00:00:00+09:00,1188.7153568489744,1188.7153568489744,1157.9603867259261,1167.9736328125,378400,0.0,0.0
2012-05-09 00:00:00+09:00,1167.9737988909937,1186.5698299817261,1164.397639065853,1166.5433349609375,381800,0.0,0.0
2012-05-10 00:00:00+09:00,1150.0930096153847,1169.4042728365384,1141.5102259615385,1162.251953125,124400,0.0,0.0
2012-05-11 00:00:00+09:00,1172.9802398587276,1177.9868628337342,1156.5299072265625,1156.5299072265625,102000,0.0,0.0
2012-05-14 00:00:00+09:00,1152.9538011284183,1171.5498301788766,1149.3776416956377,1150.80810546875,66700,0.0,0.0
2012-05-15 00:00:00+09:00,1140.7949438537828,1143.6558716126638,1125.0598411799376,1140.0797119140625,131900,0.0,0.0
2012-05-16 00:00:00+09:00,1140.794884790348,1145.8015081091773,1125.059782931171,1130.06640625,222800,0.0,0.0
2012-05-17 00:00:00+09:00,1126.4902782985835,1135.0730613713347,1120.7684229167494,1125.059814453125,210800,0.0,0.0
2012-05-18 00:00:00+09:00,1114.3312581911412,1121.4835769215078,1092.8743020000409,1095.7352294921875,201100,0.0,0.0
2012-05-21 00:00:00+09:00,1101.4572533688554,1117.1923569884107,1097.8810934553203,1102.1724853515625,213300,0.0,0.0
2012-05-22 00:00:00+09:00,1100.741865129539,1115.7617346342306,1096.4504738424844,1099.3114013671875,177500,0.0,0.0
2012-05-23 00:00:00+09:00,1095.0200414719923,1104.3180561938316,1087.867722455193,1094.3048095703125,197900,0.0,0.0
2012-05-24 00:00:00+09:00,1093.589653461564,1103.602900779067,1087.1525659003123,1087.8677978515625,137300,0.0,0.0
2012-05-25 00:00:00+09:00,1098.5962203557312,1098.5962203557312,1074.993567184026,1085.7220458984375,116400,0.0,0.0
2012-05-28 00:00:00+09:00,1087.1527204425363,1093.5898089188408,1074.99377554285,1082.861328125,148000,0.0,0.0
2012-05-29 00:00:00+09:00,1082.8612943333505,1087.8679185475735,1076.424206057921,1080.0003662109375,204500,0.0,0.0
2012-05-30 00:00:00+09:00,1081.4307102903106,1094.3048854128144,1080.7154783390604,1087.8677978515625,188200,0.0,0.0
2012-05-31 00:00:00+09:00,1077.1391453066242,1096.4504048838344,1077.1391453066242,1093.5894775390625,208800,0.0,0.0
2012-06-01 00:00:00+09:00,1080.0003001332204,1087.1526200016524,1075.7089082121613,1082.14599609375,143100,0.0,0.0
2012-06-04 00:00:00+09:00,1061.404090357113,1080.7153507611845,1060.6888584902956,1072.132568359375,127200,0.0,0.0
2012-06-05 00:00:00+09:00,1069.2716930115143,1098.596200980392,1063.5498377980748,1094.3048095703125,390700,0.0,0.0
2012-06-06 00:00:00+09:00,1101.457049784236,1101.457049784236,1087.8676446245602,1092.874267578125,234900,0.0,0.0
2012-06-07 00:00:00+09:00,1087.1523398670477,1094.3046578924889,1073.5629356187096,1079.2847900390625,344600,0.0,0.0
2012-06-08 00:00:00+09:00,1071.4173553610458,1075.7087466375253,1056.3974858933675,1063.5498046875,310600,0.0,0.0
2012-06-11 00:00:00+09:00,1071.4172800645472,1078.5695983560329,1066.4106572605072,1069.98681640625,113300,0.0,0.0
2012-06-12 00:00:00+09:00,1064.980211941701,1068.556371149027,1057.1126616855836,1061.404052734375,134700,0.0,0.0
2012-06-13 00:00:00+09:00,1064.980211941701,1068.556371149027,1058.5431253685142,1061.404052734375,87400,0.0,0.0
2012-06-14 00:00:00+09:00,1058.5432987148038,1059.2585306733947,1046.3843554187554,1047.8148193359375,103800,0.0,0.0
2012-06-15 00:00:00+09:00,1055.6822604432398,1062.834579280931,1047.8147097217793,1051.390869140625,145800,0.0,0.0
2012-06-18 00:00:00+09:00,1062.1192370398571,1065.6953960871292,1048.5298326602226,1054.9669189453125,121500,0.0,0.0
2012-06-19 00:00:00+09:00,1058.5434783187159,1064.9805670382216,1047.8149971195398,1049.960693359375,219100,0.0,0.0
2012-06-20 00:00:00+09:00,1052.8215361445782,1073.5632647778614,1052.8215361445782,1068.556640625,285500,0.0,0.0
2012-06-21 00:00:00+09:00,1062.1193409286736,1069.271659722806,1057.827949652194,1063.5498046875,270700,0.0,0.0
2012-06-22 00:00:00+09:00,1052.8213329081632,1058.5431879783162,1049.2451734893175,1051.390869140625,156100,0.0,0.0
2012-06-25 00:00:00+09:00,1057.1127781065643,1058.5432419470333,1044.9538354625781,1045.6690673828125,147000,0.0,0.0
2012-06-26 00:00:00+09:00,1067.1260844078167,1067.1260844078167,1047.8148214862274,1055.682373046875,272700,0.0,0.0
2012-06-27 00:00:00+09:00,1055.6821980026532,1062.11928457584,1043.5232566977447,1061.404052734375,160500,0.0,0.0
2012-06-28 00:00:00+09:00,1072.848079384082,1086.4374883896137,1064.2652947490094,1082.861328125,225700,0.0,0.0
2012-06-29 00:00:00+09:00,1074.2783810678618,1101.457194969712,1072.8479171782908,1092.1591796875,186000,0.0,0.0
2012-07-02 00:00:00+09:00,1101.457239369877,1105.033399237961,1084.2916720030737,1090.728759765625,161800,0.0,0.0
2012-07-03 00:00:00+09:00,1087.1524563810617,1097.1657026898345,1081.430601347477,1091.44384765625,195300,0.0,0.0
2012-07-04 00:00:00+09:00,1093.5895776686325,1103.6028242921518,1090.7286500619127,1094.3048095703125,105000,0.0,0.0
2012-07-05 00:00:00+09:00,1087.1525560740013,1095.7353394114277,1085.7220921844303,1092.1591796875,71600,0.0,0.0
2012-07-06 00:00:00+09:00,1092.1591601752864,1102.1724072233899,1089.2982324472569,1100.741943359375,333900,0.0,0.0
2012-07-09 00:00:00+09:00,1103.6025740186399,1114.3310501108497,1096.4502566238334,1106.4635009765625,331200,0.0,0.0
2012-07-10 00:00:00+09:00,1122.9141818886872,1125.0598777776463,1108.6095426289585,1114.0452880859375,313700,0.0,0.0
2012-07-11 00:00:00+09:00,1122.9140844399797,1125.0597801427311,1104.3180550161328,1122.1988525390625,235300,0.0,0.0
2012-07-12 00:00:00+09:00,1120.053000355681,1129.3510137685953,1113.6159141467401,1119.3377685546875,149900,0.0,0.0
2012-07-13 00:00:00+09:00,1117.9074803464446,1130.7816547842153,1110.7551612143495,1113.6160888671875,224900,0.0,0.0
2012-07-17 00:00:00+09:00,1126.4901433672223,1126.4901433672223,1118.6225931595782,1121.4835205078125,146700,0.0,0.0
2012-07-18 00:00:00+09:00,1127.2052498689577,1141.509885019579,1125.7747863538957,1135.64501953125,201200,0.0,0.0
2012-07-19 00:00:00+09:00,1144.3710866506233,1147.9472462964065,1123.6293607050807,1131.181640625,158800,0.0,0.0
2012-07-20 00:00:00+09:00,1135.0730516217493,1139.3644431212645,1128.6359643724766,1129.3511962890625,145400,0.0,0.0
2012-07-23 00:00:00+09:00,1122.9139386152997,1135.7881111599338,1119.3377795751237,1129.9947509765625,173800,0.0,0.0
2012-07-24 00:00:00+09:00,1119.3379030652866,1130.0663813694268,1116.476975517516,1122.9140625,171100,0.0,0.0
2012-07-25 00:00:00+09:00,1130.066153489025,1148.662178799604,1127.2052265181667,1134.3575439453125,270100,0.0,0.0
2012-07-26 00:00:00+09:00,1136.50341796875,1136.50341796875,1123.6292445745162,1136.50341796875,135600,0.0,0.0
2012-07-27 00:00:00+09:00,1155.0994967880865,1156.5299605611988,1141.5100909435207,1150.80810546875,122300,0.0,0.0
2012-07-30 00:00:00+09:00,1155.0997431248795,1162.2520635157457,1140.0798703040607,1158.6759033203125,146000,0.0,0.0
2012-07-31 00:00:00+09:00,1144.371103552384,1147.9472632509853,1122.1989134210567,1140.0797119140625,327500,0.0,0.0
2012-08-01 00:00:00+09:00,1126.4902757163543,1142.2253779803289,1115.0465649789182,1117.1922607421875,788900,0.0,0.0
2012-08-02 00:00:00+09:00,1134.357622353196,1141.5099402747167,1125.774840847371,1135.7880859375,217900,0.0,0.0
2012-08-03 00:00:00+09:00,1132.2121478416368,1140.7949310217375,1123.6293646615359,1135.502197265625,142400,0.0,0.0
2012-08-06 00:00:00+09:00,1152.9537446246497,1155.0994401791622,1146.5166579611127,1148.662353515625,112900,0.0,0.0
2012-08-07 00:00:00+09:00,1155.0995141242852,1157.9604417134476,1150.8081227405419,1154.169677734375,162900,0.0,0.0
2012-08-08 00:00:00+09:00,1162.2518091330817,1168.6888960759725,1155.8147221901907,1162.967041015625,216600,0.0,0.0
2012-08-09 00:00:00+09:00,1167.2585642476668,1167.2585642476668,1149.3777651629905,1157.6744384765625,196600,0.0,0.0
2012-08-10 00:00:00+09:00,1160.8212982003765,1161.536530053858,1155.8146752260066,1158.1383056640625,149900,0.0,0.0
2012-08-13 00:00:00+09:00,1157.2449113844211,1157.2449113844211,1150.8078259688095,1152.812255859375,135900,0.0,0.0
2012-08-14 00:00:00+09:00,1161.5366882245528,1172.2651674877106,1154.384368715781,1161.3936767578125,246200,0.0,0.0
2012-08-15 00:00:00+09:00,1169.4040791771563,1169.4040791771563,1160.8212969446633,1163.056396484375,100100,0.0,0.0
2012-08-16 00:00:00+09:00,1167.9737566659896,1177.2717718752106,1167.9737566659896,1174.8399658203125,95500,0.0,0.0
2012-08-17 00:00:00+09:00,1175.8412659538003,1187.2849765713554,1170.1194106450225,1179.2744140625,141200,0.0,0.0
2012-08-20 00:00:00+09:00,1190.8610858699753,1195.1524771704076,1182.2783032691107,1182.7789306640625,67700,0.0,0.0
2012-08-21 00:00:00+09:00,1186.5700419755917,1198.0137554605885,1184.4243456971549,1195.367431640625,92200,0.0,0.0
2012-08-22 00:00:00+09:00,1198.72861403238,1206.5961646018047,1188.000135983164,1193.5789794921875,109700,0.0,0.0
2012-08-23 00:00:00+09:00,1193.7220601502083,1200.1591473529356,1184.4240453018244,1190.771728515625,86800,0.0,0.0
2012-08-24 00:00:00+09:00,1187.2848514444815,1202.3047200470926,1180.8477649005056,1199.30078125,115300,0.0,0.0
2012-08-27 00:00:00+09:00,1211.6030688622754,1215.1792290419162,1193.0070359281435,1194.4375,98100,0.0,0.0
2012-08-28 00:00:00+09:00,1208.7417480176541,1211.6026752318971,1189.4304893215142,1195.15234375,270100,0.0,0.0
2012-08-29 00:00:00+09:00,1199.4436996633876,1203.0198585771127,1190.1456864877025,1192.2913818359375,103800,0.0,0.0
2012-08-30 00:00:00+09:00,1189.430595172064,1193.0067545081195,1182.2782764999529,1183.708740234375,86100,0.0,0.0
2012-08-31 00:00:00+09:00,1178.702192341282,1189.4306710337087,1175.841264689968,1177.271728515625,98900,0.0,0.0
2012-09-03 00:00:00+09:00,1177.9870788123221,1190.8612545370468,1160.8215111793556,1161.5367431640625,203900,0.0,0.0
2012-09-04 00:00:00+09:00,1160.1061766366508,1166.5432639299493,1149.377697814487,1152.953857421875,191100,0.0,0.0
2012-09-05 00:00:00+09:00,1144.3709151925486,1155.814624344474,1138.6490606165858,1142.2252197265625,213700,0.0,0.0
2012-09-06 00:00:00+09:00,1141.5101902173913,1155.8148291925465,1132.9274068322982,1151.5234375,303000,0.0,0.0
2012-09-07 00:00:00+09:00,1158.6753093662546,1158.6753093662546,1144.3706759172885,1150.092529296875,216300,0.0,0.0
2012-09-10 00:00:00+09:00,1153.6691913322863,1167.258599041718,1153.6691913322863,1161.5367431640625,103900,0.0,0.0
2012-09-11 00:00:00+09:00,1156.5301851793838,1162.2520413831162,1152.2387930265845,1159.39111328125,59900,0.0,0.0
2012-09-12 00:00:00+09:00,1162.2517779058865,1168.6888646758266,1158.675618589253,1167.9736328125,118600,0.0,0.0
2012-09-13 00:00:00+09:00,1168.6888208978403,1172.980211917049,1162.966966205562,1169.404052734375,66100,0.0,0.0
2012-09-14 00:00:00+09:00,1178.7022117885558,1187.2849948841035,1165.8280371452342,1168.68896484375,147400,0.0,0.0
2012-09-18 00:00:00+09:00,1167.2582878764597,1168.6887514645437,1152.9536519956207,1163.68212890625,182700,0.0,0.0
2012-09-19 00:00:00+09:00,1165.112592494334,1174.4106058168793,1158.6755063479563,1163.68212890625,121000,0.0,0.0
2012-09-20 00:00:00+09:00,1158.6757615033318,1174.4108644373277,1152.9539058909697,1167.258544921875,190600,0.0,0.0
2012-09-21 00:00:00+09:00,1180.1326904296875,1185.1393139648437,1175.841298828125,1180.1326904296875,123700,0.0,0.0
2012-09-24 00:00:00+09:00,1180.132574489054,1182.9935019423606,1165.82793722252,1167.9736328125,134400,0.0,0.0
2012-09-25 00:00:00+09:00,1175.1260668945313,1180.8479223632812,1167.973747558594,1180.1326904296875,126200,0.0,0.0
2012-09-26 00:00:00+09:00,1332.3290114753513,1351.048356169263,1329.0734732677147,1338.840087890625,223900,200.0,0.0
2012-09-27 00:00:00+09:00,1338.8401749773723,1348.606790235566,1333.9568673482754,1334.770751953125,113000,0.0,0.0
2012-09-28 00:00:00+09:00,1335.5846399902641,1342.0957168457926,1323.3763708861484,1332.3291015625,122400,0.0,0.0
2012-10-01 00:00:00+09:00,1325.0041119527407,1333.9568424389079,1313.6097276976188,1323.3763427734375,90800,0.0,0.0
2012-10-02 00:00:00+09:00,1321.748741065236,1330.7014726857515,1316.0515482158166,1320.1209716796875,87100,0.0,0.0
2012-10-03 00:00:00+09:00,1316.0515630307405,1316.8654477326766,1299.7738689920177,1310.3543701171875,164900,0.0,0.0
2012-10-04 00:00:00+09:00,1315.237611060049,1333.956958247166,1311.9820724188114,1328.259765625,87300,0.0,0.0
2012-10-05 00:00:00+09:00,1329.0734028574159,1331.515056383792,1320.1206732607034,1330.701171875,99800,0.0,0.0
2012-10-09 00:00:00+09:00,1335.584626336037,1364.0705872877502,1335.584626336037,1342.095703125,200200,0.0,0.0
2012-10-10 00:00:00+09:00,1324.190251335548,1339.6540588188766,1302.215367017134,1306.2847900390625,212400,0.0,0.0
2012-10-11 00:00:00+09:00,1310.3543391805165,1313.6098779113997,1299.7738383051458,1303.84326171875,221800,0.0,0.0
2012-10-12 00:00:00+09:00,1309.540384570558,1316.8653463239048,1294.0765764246034,1295.704345703125,202700,0.0,0.0
2012-10-15 00:00:00+09:00,1298.959884260168,1302.215422817211,1285.1238453927351,1295.704345703125,189700,0.0,0.0
2012-10-16 00:00:00+09:00,1309.5404160308838,1309.5404160308838,1296.5182614898683,1302.2154541015625,124600,0.0,0.0
2012-10-17 00:00:00+09:00,1314.4234465616612,1330.7011363023628,1309.5401396394507,1326.6317138671875,101600,0.0,0.0
2012-10-18 00:00:00+09:00,1335.5844463214744,1335.5844463214744,1319.3067565430288,1324.1900634765625,114100,0.0,0.0
2012-10-19 00:00:00+09:00,1323.376223862061,1327.4456464446625,1312.7957251472967,1320.9345703125,92700,0.0,0.0
2012-10-22 00:00:00+09:00,1311.168187758502,1330.7014196059283,1311.168187758502,1328.259765625,94000,0.0,0.0
2012-10-23 00:00:00+09:00,1328.2595887158054,1342.909510650171,1323.3762814043503,1338.840087890625,180900,0.0,0.0
2012-10-24 00:00:00+09:00,1325.817877411622,1339.6539141924675,1318.4929167629389,1320.9345703125,109400,0.0,0.0
2012-10-25 00:00:00+09:00,1321.7484869568134,1327.4456787109375,1302.2152580855304,1327.4456787109375,255500,0.0,0.0
2012-10-26 00:00:00+09:00,1333.1430069921632,1334.7707762314699,1310.35423764187,1317.67919921875,219200,0.0,0.0
2012-10-29 00:00:00+09:00,1329.8875879929774,1333.143126764074,1310.3543553663976,1320.1209716796875,235100,0.0,0.0
2012-10-30 00:00:00+09:00,1334.7709111752717,1334.7709111752717,1310.3543701171875,1310.3543701171875,323300,0.0,0.0
2012-10-31 00:00:00+09:00,1336.3985177409845,1342.0957099603431,1321.7485948912051,1337.21240234375,198900,0.0,0.0
2012-11-01 00:00:00+09:00,1346.97900390625,1351.8623114732818,1336.3985041776814,1346.97900390625,112900,0.0,0.0
2012-11-02 00:00:00+09:00,1398.2535442685,1398.2535442685,1347.792706233199,1362.442626953125,205100,0.0,0.0
2012-11-05 00:00:00+09:00,1351.048482878635,1351.8623675068752,1334.7707903138323,1336.3985595703125,87400,0.0,0.0
2012-11-06 00:00:00+09:00,1333.9568424389079,1333.9568424389079,1322.562458183786,1323.3763427734375,73000,0.0,0.0
2012-11-07 00:00:00+09:00,1334.7706982875386,1335.5845828596653,1314.423583984375,1314.423583984375,216900,0.0,0.0
2012-11-08 00:00:00+09:00,1307.912685132354,1320.1209553731662,1302.2154923533083,1303.84326171875,123600,0.0,0.0
2012-11-09 00:00:00+09:00,1302.2154923533083,1311.9821085459582,1298.1460689397043,1303.84326171875,91900,0.0,0.0
2012-11-12 00:00:00+09:00,1298.1460308074952,1309.5404160308838,1296.5182614898683,1302.2154541015625,167100,0.0,0.0
2012-11-13 00:00:00+09:00,1302.2154541015625,1309.5404160308838,1298.9599154663088,1302.2154541015625,121800,0.0,0.0
2012-11-14 00:00:00+09:00,1308.7261903897538,1329.0733015587487,1307.098421496234,1313.6094970703125,113400,0.0,0.0
2012-11-15 00:00:00+09:00,1330.7014540551413,1391.7428051585882,1316.8654144716934,1386.8594970703125,465000,0.0,0.0
2012-11-16 00:00:00+09:00,1390.9289078701552,1438.1342189622962,1387.6733691741454,1422.67041015625,396600,0.0,0.0
2012-11-19 00:00:00+09:00,1435.692564940289,1452.78414309434,1412.9037940682208,1422.67041015625,256800,0.0,0.0
2012-11-20 00:00:00+09:00,1439.7619883103011,1439.7619883103011,1417.7871021122355,1422.67041015625,150300,0.0,0.0
2012-11-21 00:00:00+09:00,1435.6925262765785,1439.7619495369997,1408.834332757799,1421.0426025390625,169900,0.0,0.0
2012-11-22 00:00:00+09:00,1438.9478006656268,1443.0172231788215,1393.3702685178469,1402.322998046875,190900,0.0,0.0
2012-11-26 00:00:00+09:00,1434.8786857381897,1434.8786857381897,1388.4872591431376,1391.7427978515625,193900,0.0,0.0
2012-11-27 00:00:00+09:00,1391.7427726758829,1418.6009665345402,1391.7427726758829,1408.8343505859375,187500,0.0,0.0
2012-11-28 00:00:00+09:00,1408.8341449752957,1427.553489478145,1398.253645908468,1410.4619140625,180700,0.0,0.0
2012-11-29 00:00:00+09:00,1410.4622269771048,1420.228843667079,1404.7650339079532,1418.60107421875,98400,0.0,0.0
2012-11-30 00:00:00+09:00,1505.6863007876573,1521.1501060389899,1470.6892678504305,1488.5947265625,457800,0.0,0.0
2012-12-03 00:00:00+09:00,1474.758782616543,1488.5948197602963,1463.364399086393,1479.64208984375,216000,0.0,0.0
2012-12-04 00:00:00+09:00,1481.2700889045423,1522.7782067804387,1470.6895882695098,1489.408935546875,308300,0.0,0.0
2012-12-05 00:00:00+09:00,1478.8280985277358,1491.036365714261,1467.4337158203125,1467.4337158203125,242000,0.0,0.0
2012-12-06 00:00:00+09:00,1470.6898010594884,1484.525842353352,1447.9010271637133,1456.853759765625,283800,0.0,0.0
2012-12-07 00:00:00+09:00,1457.6674678336442,1460.1091218836166,1431.6231579672697,1438.9481201171875,221300,0.0,0.0
2012-12-10 00:00:00+09:00,1440.5757528485406,1440.5757528485406,1406.3925993911175,1420.2286376953125,286700,0.0,0.0
2012-12-11 00:00:00+09:00,1421.8562261102093,1427.5534176286817,1392.5563840152079,1402.322998046875,390400,0.0,0.0
2012-12-12 00:00:00+09:00,1406.392546329942,1420.2285841121231,1388.4870856706486,1399.8814697265625,391100,0.0,0.0
2012-12-13 00:00:00+09:00,1403.1369014616935,1407.2063240297377,1374.650943485383,1387.673095703125,322200,0.0,0.0
2012-12-14 00:00:00+09:00,1420.2287151821854,1420.2287151821854,1383.6039059081463,1394.998291015625,380000,0.0,0.0
2012-12-17 00:00:00+09:00,1403.951068008155,1403.951068008155,1385.231720434713,1391.7427978515625,230200,0.0,0.0
2012-12-18 00:00:00+09:00,1390.1150468404314,1399.8816630945796,1374.6512377713634,1379.5345458984375,249000,0.0,0.0
2012-12-19 00:00:00+09:00,1394.9979399582435,1417.786704438308,1379.5341354896282,1416.158935546875,415600,0.0,0.0
2012-12-20 00:00:00+09:00,1416.1595879456584,1428.3678602555349,1412.0901638423663,1415.345703125,402000,0.0,0.0
2012-12-21 00:00:00+09:00,1415.3451500890978,1421.8562261102093,1397.4396910310413,1402.322998046875,248400,0.0,0.0
2012-12-25 00:00:00+09:00,1376.2788784917418,1408.834262962274,1376.2788784917418,1384.417724609375,352100,0.0,0.0
2012-12-26 00:00:00+09:00,1386.0453266759073,1391.7425182711693,1373.8370589717742,1387.673095703125,212300,0.0,0.0
2012-12-27 00:00:00+09:00,1399.8815989188304,1399.8815989188304,1386.859444510283,1394.998291015625,146500,0.0,0.0
2012-12-28 00:00:00+09:00,1399.8816264719203,1408.0204731374547,1394.1844338060462,1403.9510498046875,123100,0.0,0.0
2013-01-04 00:00:00+09:00,1453.5977620488868,1453.5977620488868,1412.0896512624963,1434.87841796875,219400,0.0,0.0
2013-01-07 00:00:00+09:00,1442.2033819025214,1442.2033819025214,1424.2979223077948,1432.436767578125,151200,0.0,0.0
2013-01-08 00:00:00+09:00,1430.8093643188477,1436.5065574645996,1406.392822265625,1406.392822265625,215100,0.0,0.0
2013-01-09 00:00:00+09:00,1448.7147437105384,1450.3425130854941,1424.2982030862036,1434.0648193359375,184800,0.0,0.0
2013-01-10 00:00:00+09:00,1437.3198931105958,1449.52815947337,1429.9949332929314,1447.900390625,149500,0.0,0.0
2013-01-11 00:00:00+09:00,1460.9227263012506,1464.992148937187,1452.7838810293772,1463.3643798828125,123400,0.0,0.0
2013-01-15 00:00:00+09:00,1471.503183192051,1479.6420282318302,1453.597724104537,1464.17822265625,192200,0.0,0.0
2013-01-16 00:00:00+09:00,1450.3422560051306,1478.8282150175771,1450.3422560051306,1472.317138671875,314800,0.0,0.0
2013-01-17 00:00:00+09:00,1489.4086110494122,1502.4307628400081,1475.572574771904,1488.5947265625,278800,0.0,0.0
2013-01-18 00:00:00+09:00,1521.1499799004355,1530.1027085140818,1501.6167538342982,1524.405517578125,315600,0.0,0.0
2013-01-21 00:00:00+09:00,1521.964190447772,1524.405844229239,1487.7810375072338,1494.2921142578125,264600,0.0,0.0
2013-01-22 00:00:00+09:00,1499.9890643513663,1504.8723711262487,1482.0836061767977,1491.8502197265625,134200,0.0,0.0
2013-01-23 00:00:00+09:00,1479.64208984375,1497.5475496768427,1475.5726671544107,1479.64208984375,211000,0.0,0.0
2013-01-24 00:00:00+09:00,1481.2696891053083,1496.733493552012,1474.7586135488013,1485.339111328125,164400,0.0,0.0
2013-01-25 00:00:00+09:00,1542.3112974639973,1564.2861813856478,1497.5476450310052,1558.5889892578125,368200,0.0,0.0
2013-01-28 00:00:00+09:00,1572.4250218678105,1604.9804053433347,1572.4250218678105,1591.958251953125,261700,0.0,0.0
2013-01-29 00:00:00+09:00,1591.1443134072777,1591.1443134072777,1557.7750464764856,1571.611083984375,160500,0.0,0.0
2013-01-30 00:00:00+09:00,1565.0999880497611,1589.5165245247963,1539.05568247639,1586.260986328125,330400,0.0,0.0
2013-01-31 00:00:00+09:00,1610.6773082828668,1611.4911927236362,1576.4941617705472,1592.7718505859375,186000,0.0,0.0
2013-02-01 00:00:00+09:00,1625.327499559706,1627.7691532896404,1602.538731413651,1606.608154296875,161000,0.0,0.0
2013-02-04 00:00:00+09:00,1618.0025873693282,1619.6303565719131,1597.655472337018,1600.9110107421875,104300,0.0,0.0
2013-02-05 00:00:00+09:00,1599.282953038789,1616.374526582715,1596.841299675371,1604.166259765625,240900,0.0,0.0
2013-02-06 00:00:00+09:00,1627.7692942107574,1694.5078352733983,1601.7249855033851,1622.885986328125,214700,0.0,0.0
2013-02-07 00:00:00+09:00,1616.3745982340042,1622.8856741584111,1595.213601479682,1612.30517578125,133400,0.0,0.0
2013-02-08 00:00:00+09:00,1611.4911927236362,1622.07169045364,1590.3301972636289,1592.7718505859375,184900,0.0,0.0
2013-02-12 00:00:00+09:00,1598.4694469149638,1644.0469871528649,1598.4694469149638,1622.885986328125,209200,0.0,0.0
2013-02-13 00:00:00+09:00,1611.49159129073,1621.2582069955222,1590.3305905970133,1601.7249755859375,157200,0.0,0.0
2013-02-14 00:00:00+09:00,1602.538786799126,1616.3748250802764,1590.3305177275226,1596.0277099609375,139400,0.0,0.0
2013-02-15 00:00:00+09:00,1592.7720207957732,1592.7720207957732,1562.6582932692309,1587.0748291015625,120100,0.0,0.0
2013-02-18 00:00:00+09:00,1554.519564252112,1595.2137936827958,1550.4501413090438,1589.5166015625,158900,0.0,0.0
2013-02-19 00:00:00+09:00,1586.2611257559017,1606.6082412735507,1570.7973179624887,1574.0528564453125,234100,0.0,0.0
2013-02-20 00:00:00+09:00,1574.0524815644299,1597.6551299436278,1554.5192553195766,1581.37744140625,245700,0.0,0.0
2013-02-21 00:00:00+09:00,1596.027716829344,1618.0026012527974,1571.6111785810622,1591.1444091796875,237600,0.0,0.0
2013-02-22 00:00:00+09:00,1587.8887392498568,1599.2831228221264,1559.4027803191827,1598.46923828125,215300,0.0,0.0
2013-02-25 00:00:00+09:00,1625.3276331787108,1639.1636721191405,1611.4915942382813,1627.769287109375,155900,0.0,0.0
2013-02-26 00:00:00+09:00,1611.4913556858726,1626.9551616242723,1608.2358175935778,1625.327392578125,186800,0.0,0.0
2013-02-27 00:00:00+09:00,1610.677636307277,1618.8164823724983,1590.3305211442241,1593.5860595703125,107800,0.0,0.0
2013-02-28 00:00:00+09:00,1592.772046495115,1608.2358527717668,1587.8887392498568,1598.46923828125,210000,0.0,0.0
2013-03-01 00:00:00+09:00,1613.9332552099659,1644.0469871528649,1591.1444850910152,1622.885986328125,432200,0.0,0.0
2013-03-04 00:00:00+09:00,1635.9080950450382,1670.0912492698599,1612.305440937423,1654.62744140625,276300,0.0,0.0
2013-03-05 00:00:00+09:00,1655.4409266493058,1680.6713439187886,1644.8604290846838,1648.115966796875,75300,0.0,0.0
2013-03-06 00:00:00+09:00,1676.60221797483,1685.5549482649867,1664.3939493973432,1673.3466796875,136400,0.0,0.0
2013-03-07 00:00:00+09:00,1680.6716087460518,1680.6716087460518,1658.6967257261276,1666.8355712890625,126200,0.0,0.0
2013-03-08 00:00:00+09:00,1687.9964274640004,1691.2519654147507,1661.1382393703109,1681.4853515625,380600,0.0,0.0
2013-03-11 00:00:00+09:00,1691.2519470331993,1708.3435210888765,1684.740871202465,1696.13525390625,190500,0.0,0.0
2013-03-12 00:00:00+09:00,1695.3214656221694,1700.2047727723054,1681.4854286967845,1684.740966796875,236100,0.0,0.0
2013-03-13 00:00:00+09:00,1691.2520973952116,1727.0630176480458,1690.4382128440109,1705.088134765625,319000,0.0,0.0
2013-03-14 00:00:00+09:00,1702.646602415807,1702.646602415807,1672.532871875948,1676.602294921875,233600,0.0,0.0
2013-03-15 00:00:00+09:00,1692.0661480984352,1722.9937640809944,1687.1828403117154,1701.832763671875,556400,0.0,0.0
2013-03-18 00:00:00+09:00,1684.7411552645299,1711.599347594834,1684.7411552645299,1695.3216552734375,168300,0.0,0.0
2013-03-19 00:00:00+09:00,1714.0408674213247,1741.7129422040052,1712.4130983164612,1733.5740966796875,192700,0.0,0.0
2013-03-21 00:00:00+09:00,1749.8518599586926,1774.2683975395114,1745.782437028556,1770.198974609375,298100,0.0,0.0
2013-03-22 00:00:00+09:00,1782.407589214701,1789.732551910104,1757.9910468966914,1758.804931640625,294600,0.0,0.0
2013-03-25 00:00:00+09:00,1764.501664022934,1785.662661838707,1757.1767032405508,1767.7572021484375,260800,0.0,0.0
2013-03-26 00:00:00+09:00,1750.6659554066503,1773.4547265602469,1750.6659554066503,1763.6881103515625,241700,0.0,0.0
2013-03-27 00:00:00+09:00,1919.7027213033514,1934.0489350076268,1910.7363377381794,1924.1859130859375,150000,200.0,0.0
2013-03-28 00:00:00+09:00,1926.8758156337922,1953.7749661545058,1912.529602022745,1951.981689453125,189800,0.0,0.0
2013-03-29 00:00:00+09:00,1963.6383042583702,1967.2248582387508,1935.8425109104207,1946.6021728515625,136700,0.0,0.0
2013-04-01 00:00:00+09:00,1941.2221978042899,1941.2221978042899,1883.837338377281,1885.630615234375,116300,0.0,0.0
2013-04-02 00:00:00+09:00,1882.9409038156703,1882.9409038156703,1832.729146380586,1856.041748046875,134000,0.0,0.0
2013-04-03 00:00:00+09:00,1961.8448844140257,1961.8448844140257,1887.4238947401848,1902.666748046875,250500,0.0,0.0
2013-04-04 00:00:00+09:00,1920.5995723611722,2037.1625716174526,1900.8735263331864,2034.47265625,358500,0.0,0.0
2013-04-05 00:00:00+09:00,2103.514360345146,2107.1009150942427,2036.2664587995853,2047.026123046875,351400,0.0,0.0
2013-04-08 00:00:00+09:00,2107.9968804963596,2134.89603252311,2047.0254692357248,2055.09521484375,285500,0.0,0.0
2013-04-09 00:00:00+09:00,2064.0616594513003,2118.7566035114783,2062.2683825968684,2111.58349609375,184000,0.0,0.0
2013-04-10 00:00:00+09:00,2129.5163076327276,2149.2423534297463,2112.4801771716657,2141.172607421875,223700,0.0,0.0
2013-04-11 00:00:00+09:00,2169.8646769089423,2196.7638257962435,2155.5184641690485,2195.8671875,252800,0.0,0.0
2013-04-12 00:00:00+09:00,2187.798249955156,2194.0747203443716,2162.692368398293,2186.901611328125,147300,0.0,0.0
2013-04-15 00:00:00+09:00,2186.004637157981,2209.3172378823897,2152.829013050169,2168.968505859375,140400,0.0,0.0
2013-04-16 00:00:00+09:00,2148.345703515781,2262.218785463404,2147.449065075249,2240.699462890625,349000,0.0,0.0
2013-04-17 00:00:00+09:00,2241.5958073476595,2300.7739366616374,2229.9395091494516,2293.600830078125,251800,0.0,0.0
2013-04-18 00:00:00+09:00,2290.9113076171875,2291.8079460937497,2241.59619140625,2241.59619140625,117500,0.0,0.0
2013-04-19 00:00:00+09:00,2219.180798324792,2239.8034885718507,2174.3488630050992,2181.52197265625,284500,0.0,0.0
2013-04-22 00:00:00+09:00,2226.3535540481075,2256.839265219125,2203.040951387918,2204.834228515625,263400,0.0,0.0
2013-04-23 00:00:00+09:00,2219.1803946355317,2245.182912390857,2204.8341779429384,2233.526611328125,169600,0.0,0.0
2013-04-24 00:00:00+09:00,2277.461732241217,2285.5314785365595,2237.1130007645024,2258.63232421875,252100,0.0,0.0
2013-04-25 00:00:00+09:00,2272.978872266372,2375.1956736227294,2272.978872266372,2344.7099609375,500800,0.0,0.0
2013-04-26 00:00:00+09:00,2394.024517244334,2394.024517244334,2323.190083962573,2329.466552734375,417000,0.0,0.0
2013-04-30 00:00:00+09:00,2329.4671194181224,2367.1259412101012,2286.4284659415753,2303.464599609375,448200,0.0,0.0
2013-05-01 00:00:00+09:00,2298.084535070322,2307.050920302746,2251.4593318617162,2262.218994140625,330100,0.0,0.0
2013-05-02 00:00:00+09:00,2259.528797004796,2295.39433346519,2255.942243358757,2266.701904296875,265700,0.0,0.0
2013-05-07 00:00:00+09:00,2311.5343471362276,2344.709975857733,2286.4284659415753,2303.464599609375,370300,0.0,0.0
2013-05-08 00:00:00+09:00,2296.2915305746565,2307.0511941306486,2275.668842092338,2281.9453125,279800,0.0,0.0
2013-05-09 00:00:00+09:00,2299.8776169094754,2302.5675322508896,2262.218802129671,2267.5986328125,260600,0.0,0.0
2013-05-10 00:00:00+09:00,2291.8078198632666,2359.0557019015077,2286.427989300207,2354.572509765625,695000,0.0,0.0
2013-05-13 00:00:00+09:00,2375.1956736227294,2389.541891356955,2335.743574853609,2344.7099609375,434700,0.0,0.0
2013-05-14 00:00:00+09:00,2359.0555888143103,2384.161463571741,2359.0555888143103,2368.02197265625,179500,0.0,0.0
2013-05-15 00:00:00+09:00,2371.6085902160203,2384.16152793361,2354.572460456435,2366.228759765625,222200,0.0,0.0
2013-05-16 00:00:00+09:00,2365.3318959132503,2365.3318959132503,2242.4924456705985,2293.600830078125,233900,0.0,0.0
2013-05-17 00:00:00+09:00,2293.601164280786,2310.637294898978,2264.0120953123474,2294.497802734375,275600,0.0,0.0
2013-05-20 00:00:00+09:00,2304.3611484436296,2308.844341339435,2285.53173828125,2285.53173828125,141200,0.0,0.0
2013-05-21 00:00:00+09:00,2287.324576104101,2301.670790615142,2265.8052543375397,2273.875,220300,0.0,0.0
2013-05-22 00:00:00+09:00,2317.810484387741,2358.1592162242778,2286.428137403768,2336.639892578125,348500,0.0,0.0
2013-05-23 00:00:00+09:00,2318.707139865669,2348.2962100959735,2237.113037109375,2237.113037109375,483000,0.0,0.0
2013-05-24 00:00:00+09:00,2232.629961900308,2309.740876247066,2229.043407744645,2291.80810546875,537000,0.0,0.0
2013-05-27 00:00:00+09:00,2264.0125799727602,2281.9453528834356,2212.9041771773354,2260.426025390625,312800,0.0,0.0
2013-05-28 00:00:00+09:00,2241.5964100252713,2292.704808173847,2214.697253104968,2272.978759765625,299100,0.0,0.0
2013-05-29 00:00:00+09:00,2286.427937697161,2307.0506210567823,2264.0119775236594,2273.875,209500,0.0,0.0
2013-05-30 00:00:00+09:00,2205.730620837602,2255.9423748078893,2174.348274606173,2187.7978515625,199800,0.0,0.0
2013-05-31 00:00:00+09:00,2223.6631385760256,2258.632034706858,2211.110201503419,2229.04296875,216700,0.0,0.0
2013-06-03 00:00:00+09:00,2194.971152988687,2256.8392124479274,2186.9014061026996,2199.454345703125,252200,0.0,0.0
2013-06-04 00:00:00+09:00,2188.694558550695,2252.355891470441,2162.6920422877006,2237.113037109375,251200,0.0,0.0
2013-06-05 00:00:00+09:00,2209.317408343546,2262.219083299824,2186.901444379021,2194.97119140625,295400,0.0,0.0
2013-06-06 00:00:00+09:00,2164.4856748313023,2189.5915567266115,2111.5839951233293,2138.483154296875,214200,0.0,0.0
2013-06-07 00:00:00+09:00,2090.96120778349,2130.4133060435556,2033.5763375870304,2076.614990234375,301900,0.0,0.0
2013-06-10 00:00:00+09:00,2151.93270379882,2210.214214526705,2151.93270379882,2203.937744140625,212500,0.0,0.0
2013-06-11 00:00:00+09:00,2199.454551007711,2239.8032892039387,2172.555392210226,2203.937744140625,190100,0.0,0.0
2013-06-12 00:00:00+09:00,2159.1057380079733,2185.108257278003,2103.514145085841,2178.831787109375,229000,0.0,0.0
2013-06-13 00:00:00+09:00,2124.1369401335305,2151.9327379993556,2080.2016467327107,2087.374755859375,136900,0.0,0.0
2013-06-14 00:00:00+09:00,2112.480559389034,2157.3124897665607,2096.341064453125,2096.341064453125,283200,0.0,0.0
2013-06-17 00:00:00+09:00,2088.2712397307846,2174.3485428712547,2088.2712397307846,2173.451904296875,261200,0.0,0.0
2013-06-18 00:00:00+09:00,2174.348454047199,2240.699705840804,2168.96862282069,2206.62744140625,279300,0.0,0.0
2013-06-19 00:00:00+09:00,2242.49267578125,2286.4279581136298,2212.903608088015,2242.49267578125,235800,0.0,0.0
2013-06-20 00:00:00+09:00,2220.0769276007527,2239.802974614976,2183.3147490742463,2188.694580078125,118600,0.0,0.0
2013-06-21 00:00:00+09:00,2173.4509735289726,2270.2878980921446,2142.0686368649817,2251.45849609375,258700,0.0,0.0
2013-06-24 00:00:00+09:00,2249.6657630126183,2324.9833891955836,2249.6657630126183,2273.875,236000,0.0,0.0
2013-06-25 00:00:00+09:00,2273.874729845195,2273.874729845195,2190.4873679068655,2229.939453125,213700,0.0,0.0
2013-06-26 00:00:00+09:00,2249.6656274243755,2249.6656274243755,2161.795068840243,2185.107666015625,137800,0.0,0.0
2013-06-27 00:00:00+09:00,2195.8680808062772,2258.632787076771,2195.8680808062772,2255.94287109375,202800,0.0,0.0
2013-06-28 00:00:00+09:00,2255.9424155527454,2333.949963308345,2223.6634302745665,2326.77685546875,276500,0.0,0.0
2013-07-01 00:00:00+09:00,2331.260215481046,2342.9165165584513,2308.8442518706515,2335.743408203125,285000,0.0,0.0
2013-07-02 00:00:00+09:00,2344.7092964149174,2361.745425146039,2327.6731676837953,2359.9521484375,276500,0.0,0.0
2013-07-03 00:00:00+09:00,2367.1260127314813,2429.890717614513,2361.7461808843645,2396.715087890625,312100,0.0,0.0
2013-07-04 00:00:00+09:00,2396.7147671318835,2429.8903924157894,2386.851743398831,2405.68115234375,327900,0.0,0.0
2013-07-05 00:00:00+09:00,2429.890177050351,2447.822945884671,2420.923792633191,2442.443115234375,218300,0.0,0.0
2013-07-08 00:00:00+09:00,2463.962221492097,2465.755498218074,2402.9908128088864,2403.887451171875,106200,0.0,0.0
2013-07-09 00:00:00+09:00,2420.9238955849096,2454.0995193392214,2407.4743183872156,2453.202880859375,151100,0.0,0.0
2013-07-10 00:00:00+09:00,2453.2028946350565,2482.7919646361374,2439.753317361838,2463.06591796875,224800,0.0,0.0
2013-07-11 00:00:00+09:00,2463.9625946645924,2472.0323411536688,2433.4768857058602,2458.582763671875,243100,0.0,0.0
2013-07-12 00:00:00+09:00,2488.1720031001305,2488.1720031001305,2421.820749684127,2450.51318359375,228000,0.0,0.0
2013-07-16 00:00:00+09:00,2484.58538503609,2537.487058697992,2465.7559757666,2486.378662109375,571000,0.0,0.0
2013-07-17 00:00:00+09:00,2479.205579945354,2515.0711217890484,2475.619025760985,2506.104736328125,184300,0.0,0.0
2013-07-18 00:00:00+09:00,2507.001246608722,2519.5541856117698,2492.655030605238,2509.691162109375,597500,0.0,0.0
2013-07-19 00:00:00+09:00,2516.864385670629,2531.2106023328056,2471.1358200599407,2496.24169921875,172900,0.0,0.0
2013-07-22 00:00:00+09:00,2498.035079061047,2514.174573469912,2459.479620195424,2507.00146484375,99100,0.0,0.0
2013-07-23 00:00:00+09:00,2488.1719017097003,2523.1408041121067,2487.2752631865615,2507.89794921875,128800,0.0,0.0
2013-07-24 00:00:00+09:00,2498.0349894132937,2508.794651966402,2488.1719654062776,2506.104736328125,87600,0.0,0.0
2013-07-25 00:00:00+09:00,2663.015556335449,2675.568491617839,2577.8349240620933,2582.318115234375,631800,0.0,0.0
2013-07-26 00:00:00+09:00,2627.1508617313907,2660.326486947794,2548.246672027513,2549.143310546875,526700,0.0,0.0
2013-07-29 00:00:00+09:00,2491.7580152294304,2521.347081261302,2474.721886301989,2479.205078125,291700,0.0,0.0
2013-07-30 00:00:00+09:00,2467.5487793851717,2523.1403579905063,2467.5487793851717,2479.205078125,415000,0.0,0.0
2013-07-31 00:00:00+09:00,2468.4456206265904,2491.7582200222646,2464.8590668734096,2466.65234375,210200,0.0,0.0
2013-08-01 00:00:00+09:00,2479.20488676451,2526.726716420394,2463.962035742811,2525.830078125,375700,0.0,0.0
2013-08-02 00:00:00+09:00,2555.4195173617104,2601.148077146078,2529.417002974521,2597.5615234375,288000,0.0,0.0
2013-08-05 00:00:00+09:00,2609.2182360197367,2640.6005859375,2580.5258018092104,2589.4921875,185700,0.0,0.0
2013-08-06 00:00:00+09:00,2645.0837528464976,2648.670307087645,2556.3165353780896,2620.87451171875,190300,0.0,0.0
2013-08-07 00:00:00+09:00,2559.9028685100507,2580.5255536153854,2538.383544921875,2538.383544921875,214600,0.0,0.0
2013-08-08 00:00:00+09:00,2528.520622702206,2578.7323797487743,2493.5517204733455,2515.071044921875,144700,0.0,0.0
2013-08-09 00:00:00+09:00,2532.107280172221,2540.177027169937,2488.171990962434,2508.794677734375,156000,0.0,0.0
2013-08-12 00:00:00+09:00,2492.6551450532056,2514.174470046471,2477.412289849643,2496.24169921875,92200,0.0,0.0
2013-08-13 00:00:00+09:00,2530.3136528440314,2593.974981459172,2530.3136528440314,2590.388427734375,235600,0.0,0.0
2013-08-14 00:00:00+09:00,2605.6318568755237,2676.46630859375,2604.735218246179,2676.46630859375,402300,0.0,0.0
2013-08-15 00:00:00+09:00,2676.4658183369856,2680.0523721974037,2630.7372566166555,2659.4296875,285500,0.0,0.0
2013-08-16 00:00:00+09:00,2622.6675949883215,2622.6675949883215,2574.249116311614,2609.218017578125,172600,0.0,0.0
2013-08-19 00:00:00+09:00,2610.1136851226847,2667.4985273926445,2604.7338561598763,2650.46240234375,237600,0.0,0.0
2013-08-20 00:00:00+09:00,2616.3913960586165,2725.78130363886,2592.1821542170874,2611.908203125,415900,0.0,0.0
2013-08-21 00:00:00+09:00,2611.9079330601644,2625.357510470361,2572.455839323588,2609.218017578125,199600,0.0,0.0
2013-08-22 00:00:00+09:00,2602.04490962602,2618.184402518256,2570.6625623355617,2609.218017578125,151200,0.0,0.0
2013-08-23 00:00:00+09:00,2608.3212910636526,2640.600275758837,2583.215414078509,2625.357421875,297200,0.0,0.0
2013-08-26 00:00:00+09:00,2626.2542536585397,2652.2567710214958,2619.97778395024,2637.013916015625,87000,0.0,0.0
2013-08-27 00:00:00+09:00,2618.184660498148,2630.737600651221,2582.3191172036527,2602.045166015625,197700,0.0,0.0
2013-08-28 00:00:00+09:00,2576.9392220993673,2622.6677886710677,2570.6627521777614,2603.83837890625,230700,0.0,0.0
2013-08-29 00:00:00+09:00,2591.2850427939434,2625.357302872203,2573.3522743317017,2604.734619140625,119000,0.0,0.0
2013-08-30 00:00:00+09:00,2600.2522504573303,2613.7018310631443,2561.6967860539976,2588.595947265625,201600,0.0,0.0
2013-09-02 00:00:00+09:00,2589.4917515225466,2630.7371187559393,2584.1119210138436,2594.87158203125,146900,0.0,0.0
2013-09-03 00:00:00+09:00,2612.8045593219886,2642.393629485896,2604.7348129136503,2616.39111328125,199600,0.0,0.0
2013-09-04 00:00:00+09:00,2591.2850829827207,2637.9102817076696,2589.4918061086846,2617.28759765625,155000,0.0,0.0
2013-09-05 00:00:00+09:00,2643.2903969667527,2663.0164447053107,2583.2156152175085,2595.7685546875,149800,0.0,0.0
2013-09-06 00:00:00+09:00,2605.631160589672,2625.3572051639917,2561.695879492324,2569.765625,141000,0.0,0.0
2013-09-09 00:00:00+09:00,2640.6002233193235,2642.393500211221,2605.6313239273186,2619.9775390625,148600,0.0,0.0
2013-09-10 00:00:00+09:00,2628.944052138665,2659.4297607923877,2605.6314514034657,2616.39111328125,462700,0.0,0.0
2013-09-11 00:00:00+09:00,2618.1846217105262,2620.874537417763,2563.4896689967104,2572.4560546875,240100,0.0,0.0
2013-09-12 00:00:00+09:00,2572.4553705637527,2588.5948605150065,2546.4528589756214,2560.799072265625,134700,0.0,0.0
2013-09-13 00:00:00+09:00,2564.3859132295993,2601.148088908765,2560.799359504803,2590.388427734375,261400,0.0,0.0
2013-09-17 00:00:00+09:00,2614.5973545999436,2651.3595259094764,2588.5948431858837,2592.181396484375,227500,0.0,0.0
2013-09-18 00:00:00+09:00,2597.5612835668244,2627.150348930202,2586.801623434687,2614.597412109375,177600,0.0,0.0
2013-09-19 00:00:00+09:00,2627.1506086583427,2661.222869111932,2613.701032163505,2624.460693359375,262500,0.0,0.0
2013-09-20 00:00:00+09:00,2634.3240649034396,2662.119860006233,2628.047595041519,2652.2568359375,170100,0.0,0.0
2013-09-24 00:00:00+09:00,2663.0161772776805,2716.814483889351,2647.7733237377074,2661.222900390625,270300,0.0,0.0
2013-09-25 00:00:00+09:00,2645.08349609375,2665.7061809785487,2598.45829548464,2645.08349609375,162200,0.0,0.0
2013-09-26 00:00:00+09:00,2675.829787909411,2730.992213412106,2604.3899253731342,2726.470703125,92100,25.0,10.0
2013-09-27 00:00:00+09:00,2740.0351427747055,2794.2932644138086,2730.992122501522,2785.250244140625,386300,0.0,0.0
2013-09-30 00:00:00+09:00,2848.5511931649885,2871.1587423170913,2767.164016217417,2862.11572265625,462200,0.0,0.0
2013-10-01 00:00:00+09:00,2816.900853083684,2880.2019958496094,2807.8578326885518,2821.42236328125,227800,0.0,0.0
2013-10-02 00:00:00+09:00,2807.8574977245144,2848.5510846480583,2780.728439775485,2794.29296875,196900,0.0,0.0
2013-10-03 00:00:00+09:00,2762.6428581570576,2821.4224934369954,2744.5568165324617,2798.81494140625,201700,0.0,0.0
2013-10-04 00:00:00+09:00,2812.379472624697,2839.5085350615914,2785.250410187803,2798.81494140625,241700,0.0,0.0
2013-10-07 00:00:00+09:00,2807.8580938581536,2816.9011150944116,2762.6429876768625,2776.20751953125,192300,0.0,0.0
2013-10-08 00:00:00+09:00,2776.20751953125,2803.3365832400245,2744.5569452043464,2776.20751953125,152500,0.0,0.0
2013-10-09 00:00:00+09:00,2762.642552593954,2785.250102124183,2744.556512969771,2767.1640625,286500,0.0,0.0
2013-10-10 00:00:00+09:00,2767.164037010604,2794.2930961969823,2744.5564876886215,2771.685546875,237600,0.0,0.0
2013-10-11 00:00:00+09:00,2812.37956015625,2844.030133984375,2785.250496875,2825.944091796875,208600,0.0,0.0
2013-10-15 00:00:00+09:00,2839.5081948409465,2857.594234298532,2758.121017281811,2771.685546875,284400,0.0,0.0
2013-10-16 00:00:00+09:00,2753.600071241035,2776.2076251921108,2744.5570496606047,2758.12158203125,114600,0.0,0.0
2013-10-17 00:00:00+09:00,2776.207005843496,2807.8575743140245,2767.1639862804877,2780.728515625,272400,0.0,0.0
2013-10-18 00:00:00+09:00,2785.250540767508,2798.815072621895,2749.0784558224755,2776.20751953125,185900,0.0,0.0
2013-10-21 00:00:00+09:00,2807.8575231715968,2807.8575231715968,2753.5994067818074,2789.771484375,148700,0.0,0.0
2013-10-22 00:00:00+09:00,2780.728515625,2803.33606453252,2740.034927591463,2780.728515625,280500,0.0,0.0
2013-10-23 00:00:00+09:00,2785.250540767508,2848.551689421315,2776.20751953125,2776.20751953125,287400,0.0,0.0
2013-10-24 00:00:00+09:00,2712.906370877443,2785.250540767508,2688.490213539546,2776.20751953125,275800,0.0,0.0
2013-10-25 00:00:00+09:00,2807.858200723617,2834.987265464908,2758.12158203125,2758.12158203125,285600,0.0,0.0
2013-10-28 00:00:00+09:00,2753.5995327818628,2776.207082312091,2730.991983251634,2767.1640625,97300,0.0,0.0
2013-10-29 00:00:00+09:00,2740.0351427747055,2794.2932644138086,2717.427592091746,2785.250244140625,182400,0.0,0.0
2013-10-30 00:00:00+09:00,2794.2930961969823,2803.336115925775,2762.642527146207,2771.685546875,147600,0.0,0.0
2013-10-31 00:00:00+09:00,2794.2932644138086,2839.508365779728,2767.1642035942573,2785.250244140625,178500,0.0,0.0
2013-11-01 00:00:00+09:00,2767.1646835100905,2798.8152599554674,2740.035617985482,2744.55712890625,142300,0.0,0.0
2013-11-05 00:00:00+09:00,2776.2075114604854,2785.2505326704545,2717.427873595687,2735.513916015625,230400,0.0,0.0
2013-11-06 00:00:00+09:00,2735.513602575304,2740.0351126622054,2664.0737432022634,2704.767333984375,293700,0.0,0.0
2013-11-07 00:00:00+09:00,2704.767505329659,2726.4707551216725,2691.2029742096506,2717.427734375,117200,0.0,0.0
2013-11-08 00:00:00+09:00,2683.9688248697917,2726.471026611328,2681.255918375651,2712.906494140625,152600,0.0,0.0
2013-11-11 00:00:00+09:00,2721.9491870092515,2740.035228118948,2669.499667791133,2684.872802734375,180900,0.0,0.0
2013-11-12 00:00:00+09:00,2681.2553852879723,2721.948974609375,2668.5951574990913,2721.948974609375,143400,0.0,0.0
2013-11-13 00:00:00+09:00,2730.992558763247,2744.5570913398856,2705.672097953521,2709.289306640625,97300,0.0,0.0
2013-11-14 00:00:00+09:00,2730.991983251634,2794.2931219362745,2721.9489634395422,2767.1640625,290800,0.0,0.0
2013-11-15 00:00:00+09:00,2798.81494140625,2816.900983030846,2771.685878969356,2798.81494140625,244300,0.0,0.0
2013-11-18 00:00:00+09:00,2821.422052269044,2821.422052269044,2753.5994067818074,2789.771484375,262800,0.0,0.0
2013-11-19 00:00:00+09:00,2794.2930961969823,2803.336115925775,2762.642527146207,2771.685546875,249100,0.0,0.0
2013-11-20 00:00:00+09:00,2785.250127864157,2798.8146577076513,2749.0780482815057,2762.642578125,159100,0.0,0.0
2013-11-21 00:00:00+09:00,2771.686008913121,2785.250540767508,2735.5139239680884,2776.20751953125,205900,0.0,0.0
2013-11-22 00:00:00+09:00,2794.2931219362745,2794.2931219362745,2730.991983251634,2767.1640625,276000,0.0,0.0
2013-11-25 00:00:00+09:00,2776.207005843496,2785.250025406504,2749.0779471544715,2780.728515625,206800,0.0,0.0
2013-11-26 00:00:00+09:00,2776.2070567393966,2785.2500764681895,2762.642527146207,2771.685546875,164900,0.0,0.0
2013-11-27 00:00:00+09:00,2767.1644902505163,2767.1644902505163,2730.9924054106405,2735.513916015625,114400,0.0,0.0
2013-11-28 00:00:00+09:00,2740.0352339863184,2753.599764847637,2717.4276825507877,2726.470703125,89100,0.0,0.0
2013-11-29 00:00:00+09:00,2707.480411553661,2735.5137758683445,2702.0545991056574,2717.427734375,111800,0.0,0.0
2013-12-02 00:00:00+09:00,2726.4707551216725,2735.5137758683445,2689.3943700603163,2717.427734375,102800,0.0,0.0
2013-12-03 00:00:00+09:00,2735.513602575304,2744.5566227491067,2702.0544279322344,2704.767333984375,126100,0.0,0.0
2013-12-04 00:00:00+09:00,2699.3419876176245,2712.9065202187185,2627.9021159185318,2666.787109375,214100,0.0,0.0
2013-12-05 00:00:00+09:00,2693.0116664574966,2726.470844314759,2682.1600412064927,2702.0546875,282400,0.0,0.0
2013-12-06 00:00:00+09:00,2684.873158179274,2684.873158179274,2635.13653854308,2665.8828125,161100,0.0,0.0
2013-12-09 00:00:00+09:00,2690.2985684898895,2706.576005206803,2677.63833993229,2693.011474609375,142000,0.0,0.0
2013-12-10 00:00:00+09:00,2661.3603019572256,2682.1592441743564,2652.317283601951,2670.4033203125,171500,0.0,0.0
2013-12-11 00:00:00+09:00,2670.403857323925,2717.4275622276987,2670.403857323925,2704.767333984375,205100,0.0,0.0
2013-12-12 00:00:00+09:00,2684.872818291549,2689.3943285951723,2663.169568834157,2682.159912109375,77300,0.0,0.0
2013-12-13 00:00:00+09:00,2674.021209088524,2712.9061979254557,2653.2222615710957,2679.447021484375,391200,0.0,0.0
2013-12-16 00:00:00+09:00,2698.437396300093,2717.4277399067623,2665.8825215458023,2674.021240234375,142400,0.0,0.0
2013-12-17 00:00:00+09:00,2674.0211883946063,2693.0115316331203,2622.4759710329245,2683.064208984375,147400,0.0,0.0
2013-12-18 00:00:00+09:00,2668.5954838633893,2706.576171875,2668.5954838633893,2706.576171875,160200,0.0,0.0
2013-12-19 00:00:00+09:00,2717.427812761288,2735.5138547763377,2693.01165604097,2703.86328125,217300,0.0,0.0
2013-12-20 00:00:00+09:00,2702.958849632048,2730.992213412106,2694.820131115257,2726.470703125,223900,0.0,0.0
2013-12-24 00:00:00+09:00,2712.0022877335628,2726.4711228798574,2690.2990350141213,2696.629150390625,171700,0.0,0.0
2013-12-25 00:00:00+09:00,2683.0640006400445,2701.150040415171,2649.60482705606,2676.73388671875,155400,0.0,0.0
2013-12-26 00:00:00+09:00,2693.9160184497673,2740.0354266206095,2677.6385802718232,2735.513916015625,84900,0.0,0.0
2013-12-27 00:00:00+09:00,2735.5134931576795,2771.6855724060456,2726.4704733455883,2767.1640625,137200,0.0,0.0
2013-12-30 00:00:00+09:00,2803.336399833937,2812.3794204785627,2771.6858275777477,2807.85791015625,129500,0.0,0.0
2014-01-06 00:00:00+09:00,2807.8575392653006,2839.5081073407546,2794.293010090106,2830.465087890625,247000,0.0,0.0
2014-01-07 00:00:00+09:00,2830.46548796623,2839.5085086945564,2776.20736359627,2803.33642578125,178500,0.0,0.0
2014-01-08 00:00:00+09:00,2830.464962144661,2862.1155288140103,2816.900433572083,2853.072509765625,132400,0.0,0.0
2014-01-09 00:00:00+09:00,2880.2015669107814,2907.3306240559377,2807.8574145236976,2853.072509765625,212300,0.0,0.0
2014-01-10 00:00:00+09:00,2825.944091796875,2848.55164453125,2771.685965234375,2825.944091796875,236700,0.0,0.0
2014-01-14 00:00:00+09:00,2712.905662944926,2744.5562290126168,2678.54219121429,2686.680908203125,362700,0.0,0.0
2014-01-15 00:00:00+09:00,2684.8731585077708,2717.4280368190807,2674.021532404001,2707.480712890625,241200,0.0,0.0
2014-01-16 00:00:00+09:00,2721.949108624906,2726.470618772123,2694.820047741601,2698.437255859375,163400,0.0,0.0
2014-01-17 00:00:00+09:00,2703.863609465542,2749.0787199917218,2703.863609465542,2730.99267578125,214700,0.0,0.0
2014-01-20 00:00:00+09:00,2794.2935538804236,2803.336575090392,2735.513916015625,2735.513916015625,163600,0.0,0.0
2014-01-21 00:00:00+09:00,2735.513916015625,2758.1214690405473,2717.427873595687,2735.513916015625,138800,0.0,0.0
2014-01-22 00:00:00+09:00,2740.03499218122,2812.379150390625,2740.03499218122,2812.379150390625,185600,0.0,0.0
2014-01-23 00:00:00+09:00,2816.9006714665034,2834.986711090686,2767.1640625,2767.1640625,167400,0.0,0.0
2014-01-24 00:00:00+09:00,2740.035028385843,2839.5082472381346,2730.99200849018,2762.642578125,280200,0.0,0.0
2014-01-27 00:00:00+09:00,2726.470574629934,2776.207185444079,2726.470574629934,2749.078125,262900,0.0,0.0
2014-01-28 00:00:00+09:00,2740.0353078254593,2758.1213494612707,2671.308349609375,2671.308349609375,189600,0.0,0.0
2014-01-29 00:00:00+09:00,2871.159382827409,3006.8047080003576,2844.0303177928195,2961.589599609375,609200,0.0,0.0
2014-01-30 00:00:00+09:00,2925.417189437624,2938.981720455109,2830.465472315228,2848.551513671875,274400,0.0,0.0
2014-01-31 00:00:00+09:00,2830.4653189797073,2902.8094804871757,2830.4653189797073,2875.680419921875,295000,0.0,0.0
2014-02-03 00:00:00+09:00,2848.551333919986,2902.809454566081,2839.5083138123036,2880.201904296875,246100,0.0,0.0
2014-02-04 00:00:00+09:00,2816.9011150944116,2844.030178803186,2776.20751953125,2776.20751953125,324200,0.0,0.0
2014-02-05 00:00:00+09:00,2785.250091062098,2825.9436800548883,2721.9489526288685,2812.379150390625,282500,0.0,0.0
2014-02-06 00:00:00+09:00,2830.4653836763823,2834.9868938739482,2785.250281700721,2821.42236328125,124700,0.0,0.0
2014-02-07 00:00:00+09:00,2853.072509765625,2884.7230764349742,2812.37892404789,2853.072509765625,182400,0.0,0.0
2014-02-10 00:00:00+09:00,2884.7236683376063,2920.895751953125,2844.030074270148,2920.895751953125,138700,0.0,0.0
2014-02-12 00:00:00+09:00,2984.197265625,3079.1489968039773,2970.6327325994316,2984.197265625,377100,0.0,0.0
2014-02-13 00:00:00+09:00,3042.976606386306,3042.976606386306,2961.58941631951,2993.239990234375,172300,0.0,0.0
2014-02-14 00:00:00+09:00,2979.6753612677503,2993.2398925026564,2893.766663446677,2925.417236328125,192200,0.0,0.0
2014-02-17 00:00:00+09:00,2925.4169269561767,2925.4169269561767,2866.6372978210447,2893.766357421875,168900,0.0,0.0
2014-02-18 00:00:00+09:00,2911.8526637300533,2975.15380859375,2893.766622340426,2975.15380859375,151000,0.0,0.0
2014-02-19 00:00:00+09:00,2948.0247722840563,2975.1538346056886,2943.5032618971177,2970.63232421875,88800,0.0,0.0
2014-02-20 00:00:00+09:00,2952.546012675445,2961.589032622384,2884.723363073406,2889.244873046875,119200,0.0,0.0
2014-02-21 00:00:00+09:00,2934.4601389644004,2997.7612821778084,2934.4601389644004,2988.71826171875,150900,0.0,0.0
2014-02-24 00:00:00+09:00,2997.76171875,3024.8907840780544,2961.5896316459275,2997.76171875,160000,0.0,0.0
2014-02-25 00:00:00+09:00,3029.412109375,3061.0626836520523,3011.3260669309702,3029.412109375,147600,0.0,0.0
2014-02-26 00:00:00+09:00,2988.7186379781583,2997.7616595756717,2961.5895731856185,2966.111083984375,93800,0.0,0.0
2014-02-27 00:00:00+09:00,2966.1106730953293,2984.196713784935,2938.9816120609207,2952.546142578125,118200,0.0,0.0
2014-02-28 00:00:00+09:00,2938.9816784077616,2938.9816784077616,2848.551472918292,2898.2880859375,214100,0.0,0.0
2014-03-03 00:00:00+09:00,2902.809454566081,2916.3739847276047,2853.0728439738273,2880.201904296875,119900,0.0,0.0
2014-03-04 00:00:00+09:00,2866.6372978210447,2902.8093772888183,2839.508238220215,2893.766357421875,92600,0.0,0.0
2014-03-05 00:00:00+09:00,2925.417305917815,2934.460326956201,2862.1161586491144,2871.1591796875,155200,0.0,0.0
2014-03-06 00:00:00+09:00,2898.2878309211787,2952.545949440764,2893.7663210445467,2943.5029296875,138400,0.0,0.0
2014-03-07 00:00:00+09:00,3002.2832613403502,3042.976859762132,3002.2832613403502,3033.933837890625,278800,0.0,0.0
2014-03-10 00:00:00+09:00,2984.196829288564,3006.8043810255986,2943.503236161902,2975.15380859375,157600,0.0,0.0
2014-03-11 00:00:00+09:00,3011.3262514140274,3011.3262514140274,2957.0681207579187,2997.76171875,133000,0.0,0.0
2014-03-12 00:00:00+09:00,2957.0677306189905,2966.110751201923,2920.8956482872595,2938.981689453125,160500,0.0,0.0
2014-03-13 00:00:00+09:00,2920.8957259164895,2957.067809209573,2898.2881738583123,2925.417236328125,283200,0.0,0.0
2014-03-14 00:00:00+09:00,2880.2020753132547,2880.2020753132547,2807.85791015625,2807.85791015625,234700,0.0,0.0
2014-03-17 00:00:00+09:00,2807.8576257901714,2821.422155383361,2753.5995074174143,2771.685546875,101000,0.0,0.0
2014-03-18 00:00:00+09:00,2830.4652011846406,2830.4652011846406,2740.0350030637255,2767.1640625,144000,0.0,0.0
2014-03-19 00:00:00+09:00,2789.7715863325857,2812.379135654568,2762.642527146207,2771.685546875,93300,0.0,0.0
2014-03-20 00:00:00+09:00,2794.2935538804236,2798.8150644854077,2704.76764390173,2735.513916015625,224500,0.0,0.0
2014-03-24 00:00:00+09:00,2712.9063629907023,2812.3795963003613,2712.0020608697055,2735.513916015625,284000,0.0,0.0
2014-03-25 00:00:00+09:00,2862.116221275702,2893.7667956026057,2767.164498294992,2776.20751953125,283000,0.0,0.0
2014-03-26 00:00:00+09:00,2794.29296875,2848.5510846480583,2776.2069301173137,2794.29296875,283800,0.0,0.0
2014-03-27 00:00:00+09:00,2794.293249088131,2903.8733765033517,2780.595733161228,2894.74169921875,286900,30.0,0.0
2014-03-28 00:00:00+09:00,2908.4393671599914,2917.571044921875,2885.610172755282,2917.571044921875,146200,0.0,0.0
2014-03-31 00:00:00+09:00,2944.9663707522527,2981.4930854282497,2881.044620069258,2976.92724609375,258100,0.0,0.0
2014-04-01 00:00:00+09:00,2976.92724609375,3004.322282100748,2963.2297280902512,2976.92724609375,167600,0.0,0.0
2014-04-02 00:00:00+09:00,2986.0585338521446,2986.0585338521446,2926.702630274044,2940.400146484375,186400,0.0,0.0
2014-04-03 00:00:00+09:00,2922.136791537267,2949.531823957929,2899.307597853382,2940.400146484375,104800,0.0,0.0
2014-04-04 00:00:00+09:00,2908.439539631521,2931.26873539001,2881.044504721334,2899.307861328125,118000,0.0,0.0
2014-04-07 00:00:00+09:00,2867.347089314195,2885.6104465709727,2849.0837320574165,2862.78125,110800,0.0,0.0
2014-04-08 00:00:00+09:00,2839.952453209075,2844.5182931660024,2739.503974156664,2757.767333984375,400700,0.0,0.0
2014-04-09 00:00:00+09:00,2725.8057524596616,2776.0299790543954,2682.8868679150705,2711.195068359375,498000,0.0,0.0
2014-04-10 00:00:00+09:00,2766.89848080323,2798.8593543438615,2668.276356734996,2687.452880859375,280400,0.0,0.0
2014-04-11 00:00:00+09:00,2660.057780898424,2681.973807929513,2642.707592832145,2658.2314453125,263500,0.0,0.0
2014-04-14 00:00:00+09:00,2658.231359474629,2705.716083175309,2653.6655206572555,2667.363037109375,108600,0.0,0.0
2014-04-15 00:00:00+09:00,2669.1895395338515,2682.8870568424413,2642.7076727372446,2660.057861328125,120500,0.0,0.0
2014-04-16 00:00:00+09:00,2705.7163566147983,2762.332763671875,2683.800328076575,2762.332763671875,169400,0.0,0.0
2014-04-17 00:00:00+09:00,2780.5957152712995,2803.4249083359246,2753.20068359375,2753.20068359375,161100,0.0,0.0
2014-04-18 00:00:00+09:00,2766.8984302840213,2780.595947265625,2738.5902285220395,2780.595947265625,83200,0.0,0.0
2014-04-21 00:00:00+09:00,2817.1227468273787,2817.1227468273787,2757.7668380611617,2771.46435546875,110600,0.0,0.0
2014-04-22 00:00:00+09:00,2798.859477902247,2803.4253171810433,2739.5035672778927,2762.332763671875,201100,0.0,0.0
2014-04-23 00:00:00+09:00,2753.20099137103,2794.293543481045,2739.5034740010246,2785.161865234375,120300,0.0,0.0
2014-04-24 00:00:00+09:00,2785.1619600658573,2789.7277993446537,2744.069406556689,2762.332763671875,129700,0.0,0.0
2014-04-25 00:00:00+09:00,2849.083597554789,2862.7811148507253,2785.161850173752,2812.556884765625,283300,0.0,0.0
2014-04-28 00:00:00+09:00,2789.7273508707685,2858.2149290427183,2789.7273508707685,2849.083251953125,168400,0.0,0.0
2014-04-30 00:00:00+09:00,2849.083605220228,2849.083605220228,2794.29353588907,2798.859375,146500,0.0,0.0
2014-05-01 00:00:00+09:00,2849.0837239583334,2876.478759765625,2826.2545274522568,2876.478759765625,109400,0.0,0.0
2014-05-02 00:00:00+09:00,2844.517884657118,2885.6104383680554,2826.2545274522568,2876.478759765625,143800,0.0,0.0
2014-05-07 00:00:00+09:00,2812.55667312292,2817.12251187799,2744.069091796875,2744.069091796875,182100,0.0,0.0
2014-05-08 00:00:00+09:00,2739.503974156664,2771.4648538551583,2737.677638173893,2757.767333984375,111900,0.0,0.0
2014-05-09 00:00:00+09:00,2738.590085290791,2789.7274793475717,2735.8505820377495,2744.069091796875,104900,0.0,0.0
2014-05-12 00:00:00+09:00,2723.066168280776,2744.0690260508827,2706.6291491563447,2709.36865234375,105400,0.0,0.0
2014-05-13 00:00:00+09:00,2753.201085114282,2766.8986029506714,2739.5035672778927,2762.332763671875,70100,0.0,0.0
2014-05-14 00:00:00+09:00,2748.63427734375,2762.3317903537686,2738.5894344697363,2748.63427734375,61500,0.0,0.0
2014-05-15 00:00:00+09:00,2744.069179188122,2753.2008569890804,2689.2791123823686,2732.197998046875,132000,0.0,0.0
2014-05-16 00:00:00+09:00,2694.757728808792,2707.542075878708,2666.449531725406,2701.14990234375,156900,0.0,0.0
2014-05-19 00:00:00+09:00,2692.9316356778745,2727.6320094166877,2690.1921324879686,2703.8896484375,106400,0.0,0.0
2014-05-20 00:00:00+09:00,2739.503451888126,2849.0835899636513,2739.503451888126,2826.25439453125,286100,0.0,0.0
2014-05-21 00:00:00+09:00,2798.8590697229997,2821.6882627876244,2719.413477858105,2753.20068359375,154800,0.0,0.0
2014-05-22 00:00:00+09:00,2780.5960889225844,2821.688641960849,2753.201053563741,2817.122802734375,86500,0.0,0.0
2014-05-23 00:00:00+09:00,2830.82030466242,2849.0836614666937,2812.556947858146,2844.517822265625,84800,0.0,0.0
2014-05-26 00:00:00+09:00,2890.1764176228203,2913.005615234375,2835.386343355089,2913.005615234375,117600,0.0,0.0
2014-05-27 00:00:00+09:00,2949.5322265625,2990.6247808025346,2931.2688691224844,2949.5322265625,164600,0.0,0.0
2014-05-28 00:00:00+09:00,2958.6634885817307,2981.4926821664662,2954.0976498647838,2967.795166015625,115100,0.0,0.0
2014-05-29 00:00:00+09:00,2963.229753034482,2963.229753034482,2917.5713593051373,2935.834716796875,94600,0.0,0.0
2014-05-30 00:00:00+09:00,2917.571187557356,2972.3612568072595,2903.87367024488,2954.097900390625,143100,0.0,0.0
2014-06-02 00:00:00+09:00,2963.229327298678,2990.6243596003605,2949.5318111478364,2967.795166015625,111600,0.0,0.0
2014-06-03 00:00:00+09:00,3013.453540336795,3022.585217731755,2981.492669454435,2995.190185546875,188200,0.0,0.0
2014-06-04 00:00:00+09:00,2972.3611559219944,2995.1903506679387,2958.6636390744275,2990.62451171875,159000,0.0,0.0
2014-06-05 00:00:00+09:00,3004.3219490634556,3004.3219490634556,2949.531883123089,2986.05859375,77900,0.0,0.0
2014-06-06 00:00:00+09:00,2999.756117016489,2999.756117016489,2954.097728629632,2972.361083984375,92500,0.0,0.0
2014-06-09 00:00:00+09:00,2963.229911200945,2986.059109284157,2926.7031942678054,2944.966552734375,113100,0.0,0.0
2014-06-10 00:00:00+09:00,2940.4002393265846,2949.531917088468,2890.176011636224,2917.571044921875,165100,0.0,0.0
2014-06-11 00:00:00+09:00,2917.571305261404,2935.8346624148403,2871.912912377814,2890.17626953125,182300,0.0,0.0
2014-06-12 00:00:00+09:00,2876.478344649546,2908.4392151456523,2849.083312795741,2894.74169921875,112600,0.0,0.0
2014-06-13 00:00:00+09:00,2894.7421088196093,2903.8737873963273,2862.7812338010963,2890.17626953125,266000,0.0,0.0
2014-06-16 00:00:00+09:00,2894.7417849770077,2899.307623754574,2867.34675231161,2885.610107421875,134200,0.0,0.0
2014-06-17 00:00:00+09:00,2922.1370570866143,2935.8345745417078,2890.176183024729,2899.307861328125,114600,0.0,0.0
2014-06-18 00:00:00+09:00,2885.6101659852025,2949.531910168419,2881.044327114973,2931.2685546875,165700,0.0,0.0
2014-06-19 00:00:00+09:00,2963.2297280902512,2986.0589247627495,2935.8346920832537,2976.92724609375,148700,0.0,0.0
2014-06-20 00:00:00+09:00,2995.189763982733,3081.940687024916,2972.360573708474,3040.84814453125,386600,0.0,0.0
2014-06-23 00:00:00+09:00,3091.0726686907446,3113.9018612216955,3068.2434761597938,3100.204345703125,295300,0.0,0.0
2014-06-24 00:00:00+09:00,3068.2431728603606,3068.2431728603606,3013.45311620214,3040.84814453125,199100,0.0,0.0
2014-06-25 00:00:00+09:00,3045.4149694658513,3049.980809000283,3013.4540927248304,3027.151611328125,130600,0.0,0.0
2014-06-26 00:00:00+09:00,3059.112218221029,3072.8097356160483,3027.1513442993164,3068.243896484375,172400,0.0,0.0
2014-06-27 00:00:00+09:00,3045.4146297249254,3054.546307775075,3004.3220784992513,3049.98046875,203800,0.0,0.0
2014-06-30 00:00:00+09:00,3049.98046875,3063.677985825225,3022.585434599551,3049.98046875,103700,0.0,0.0
2014-07-01 00:00:00+09:00,3049.9806798598343,3113.90243063534,3040.8490011776194,3104.770751953125,170100,0.0,0.0
2014-07-02 00:00:00+09:00,3091.0728202953674,3136.7312075966283,3072.809465374863,3123.03369140625,155200,0.0,0.0
2014-07-03 00:00:00+09:00,3123.033538234076,3132.1652152464562,3091.0726686907446,3100.204345703125,55600,0.0,0.0
2014-07-04 00:00:00+09:00,3127.599049796045,3132.1648878249443,3081.940669507052,3095.63818359375,71300,0.0,0.0
2014-07-07 00:00:00+09:00,3077.375653701941,3091.0731714483886,3063.678135955493,3072.809814453125,43600,0.0,0.0
2014-07-08 00:00:00+09:00,3049.9807045221683,3086.5074195463862,3022.585668254005,3063.67822265625,98300,0.0,0.0
2014-07-09 00:00:00+09:00,3031.7172612137815,3072.809814453125,3027.1514219649657,3072.809814453125,63400,0.0,0.0
2014-07-10 00:00:00+09:00,3081.9413493450425,3086.5071883811092,3027.1512809122414,3036.282958984375,80700,0.0,0.0
2014-07-11 00:00:00+09:00,3008.8879320772753,3027.1512882659085,2995.1904149358006,3022.58544921875,113700,0.0,0.0
2014-07-14 00:00:00+09:00,3031.7174333193198,3059.112470367386,3013.454075287276,3054.546630859375,92900,0.0,0.0
2014-07-15 00:00:00+09:00,2995.1904076597743,3036.282958984375,2995.1904076597743,3036.282958984375,163900,0.0,0.0
2014-07-16 00:00:00+09:00,3059.1123127401142,3077.3756698311,3018.0197592853965,3045.414794921875,225700,0.0,0.0
2014-07-17 00:00:00+09:00,3072.8097356160483,3081.9414138793945,3063.678057352702,3068.243896484375,105600,0.0,0.0
2014-07-18 00:00:00+09:00,3022.585590601679,3063.678143948228,3018.0197513409516,3059.1123046875,98500,0.0,0.0
2014-07-22 00:00:00+09:00,3077.3754023264146,3091.07291895398,3059.1120468229938,3086.507080078125,139200,0.0,0.0
2014-07-23 00:00:00+09:00,3095.638931274414,3123.033966064453,3063.678057352702,3068.243896484375,92800,0.0,0.0
2014-07-24 00:00:00+09:00,3109.336591294232,3113.90243063534,3077.3757159064794,3104.770751953125,274500,0.0,0.0
2014-07-25 00:00:00+09:00,3141.2971434519636,3264.574792976968,3136.7313045806673,3255.443115234375,347800,0.0,0.0
2014-07-28 00:00:00+09:00,3273.706311189676,3282.837988487276,3232.613763350475,3246.311279296875,124100,0.0,0.0
2014-07-29 00:00:00+09:00,3246.3115873629004,3278.2724609375,3228.048231034558,3278.2724609375,86000,0.0,0.0
2014-07-30 00:00:00+09:00,3250.8774968620155,3301.101727852861,3250.8774968620155,3296.535888671875,177200,0.0,0.0
2014-07-31 00:00:00+09:00,3296.536098220368,3355.8920113462195,3291.970258749149,3351.326171875,261800,0.0,0.0
2014-08-01 00:00:00+09:00,3323.931040679973,3396.984470145467,3314.7993619967865,3374.1552734375,252500,0.0,0.0
2014-08-04 00:00:00+09:00,3337.628180535285,3351.32569700807,3305.6673087654535,3323.9306640625,129200,0.0,0.0
2014-08-05 00:00:00+09:00,3291.9698916965062,3328.496603393555,3278.272374810113,3287.404052734375,168300,0.0,0.0
2014-08-06 00:00:00+09:00,3287.4043050470714,3305.6676622973328,3250.877590546548,3273.706787109375,101900,0.0,0.0
2014-08-07 00:00:00+09:00,3260.0090119294605,3301.1015625,3232.6139782157675,3301.1015625,145100,0.0,0.0
2014-08-08 00:00:00+09:00,3241.745379090139,3269.140410462732,3196.0869934691514,3200.65283203125,201700,0.0,0.0
2014-08-11 00:00:00+09:00,3241.745748280815,3278.2724609375,3177.8240011316157,3278.2724609375,129800,0.0,0.0
2014-08-12 00:00:00+09:00,3301.101548434285,3346.75993776256,3287.4040316358023,3328.49658203125,97300,0.0,0.0
2014-08-13 00:00:00+09:00,3333.062255859375,3342.1939332726884,3310.2330623260914,3333.062255859375,80400,0.0,0.0
2014-08-14 00:00:00+09:00,3337.62841796875,3346.7600962668857,3314.7992222234097,3337.62841796875,120900,0.0,0.0
2014-08-15 00:00:00+09:00,3314.7989010327483,3346.759771979345,3314.7989010327483,3333.062255859375,97500,0.0,0.0
2014-08-18 00:00:00+09:00,3314.798828125,3333.062182549931,3301.1013123063017,3314.798828125,73500,0.0,0.0
2014-08-19 00:00:00+09:00,3328.496417152718,3342.1939332726884,3314.7989010327483,3333.062255859375,89500,0.0,0.0
2014-08-20 00:00:00+09:00,3319.364666731233,3342.1938597623966,3305.6671509125345,3314.798828125,75800,0.0,0.0
2014-08-21 00:00:00+09:00,3333.0624139504353,3355.891608566534,3305.6673804111165,3342.194091796875,91600,0.0,0.0
2014-08-22 00:00:00+09:00,3360.4572141873277,3365.0230527935605,3305.6671509125345,3314.798828125,89600,0.0,0.0
2014-08-25 00:00:00+09:00,3346.7602706972143,3346.7602706972143,3305.6677162138926,3319.365234375,92200,0.0,0.0
2014-08-26 00:00:00+09:00,3319.364666731233,3333.062182549931,3305.6671509125345,3314.798828125,86600,0.0,0.0
2014-08-27 00:00:00+09:00,3323.931073762036,3346.7602706972143,3301.101876826857,3319.365234375,75100,0.0,0.0
2014-08-28 00:00:00+09:00,3301.1017356734615,3310.233414057067,3269.1408613308413,3282.83837890625,116100,0.0,0.0
2014-08-29 00:00:00+09:00,3260.0089541056714,3269.1406318482645,3241.745598620486,3255.443115234375,87100,0.0,0.0
2014-09-01 00:00:00+09:00,3237.179759749189,3269.1406318482645,3237.179759749189,3255.443115234375,53100,0.0,0.0
2014-09-02 00:00:00+09:00,3269.1406047952587,3333.0623484644398,3264.574765961746,3310.233154296875,80100,0.0,0.0
2014-09-03 00:00:00+09:00,3333.0623417110232,3369.589052305117,3319.3648252382386,3323.9306640625,85200,0.0,0.0
2014-09-04 00:00:00+09:00,3310.233319530171,3333.0625148372756,3296.535802345908,3305.66748046875,74300,0.0,0.0
2014-09-05 00:00:00+09:00,3333.0628742830636,3396.9846280364372,3333.0628742830636,3383.287109375,135300,0.0,0.0
2014-09-08 00:00:00+09:00,3424.3793562346814,3511.13029992596,3410.6818388097427,3492.866943359375,200700,0.0,0.0
2014-09-09 00:00:00+09:00,3529.3942972554787,3538.5259771966316,3497.4334174614446,3515.69677734375,170100,0.0,0.0
2014-09-10 00:00:00+09:00,3483.735897549716,3524.8284572849025,3465.4725376674105,3515.69677734375,186000,0.0,0.0
2014-09-11 00:00:00+09:00,3543.0907591179835,3556.7882749393157,3479.169018618432,3497.432373046875,123400,0.0,0.0
2014-09-12 00:00:00+09:00,3470.037841796875,3474.6036810623973,3447.208645469264,3470.037841796875,240500,0.0,0.0
2014-09-16 00:00:00+09:00,3451.77423487672,3488.3009463568974,3433.510879136632,3483.735107421875,89600,0.0,0.0
2014-09-17 00:00:00+09:00,3483.734720757667,3520.2614281836977,3424.3788211903675,3433.510498046875,214000,0.0,0.0
2014-09-18 00:00:00+09:00,3433.5110013823723,3460.90603596787,3383.28677130896,3406.115966796875,221200,0.0,0.0
2014-09-19 00:00:00+09:00,3424.3792012665876,3506.5643020969856,3410.6816844615214,3483.735107421875,135900,0.0,0.0
2014-09-22 00:00:00+09:00,3479.169018618432,3506.564050261097,3456.339825582878,3497.432373046875,109600,0.0,0.0
2014-09-24 00:00:00+09:00,3451.7743130828694,3506.5643815445023,3451.7743130828694,3488.301025390625,190500,0.0,0.0
2014-09-25 00:00:00+09:00,3501.998646213866,3593.3154296875,3497.4328070401843,3593.3154296875,224900,0.0,0.0
2014-09-26 00:00:00+09:00,3597.916088493503,3630.1224984928053,3593.315172779317,3607.117919921875,105700,30.0,0.0
2014-09-29 00:00:00+09:00,3639.324778764876,3680.7330252994952,3634.7238624832517,3648.526611328125,124400,0.0,0.0
2014-09-30 00:00:00+09:00,3676.131655634666,3680.732571348852,3579.5124256367585,3607.117919921875,152100,0.0,0.0
2014-10-01 00:00:00+09:00,3611.7194672405417,3671.5313819846524,3611.7194672405417,3625.522216796875,104500,0.0,0.0
2014-10-02 00:00:00+09:00,3593.315440274413,3616.32002055786,3501.297119140625,3501.297119140625,130100,0.0,0.0
2014-10-03 00:00:00+09:00,3464.4898619245578,3524.3017718913825,3464.4898619245578,3510.4990234375,102500,0.0,0.0
2014-10-06 00:00:00+09:00,3584.1131344506052,3593.3149653477826,3551.906726310484,3565.70947265625,79500,0.0,0.0
2014-10-07 00:00:00+09:00,3574.9117620178545,3588.7145101337533,3505.898021438359,3515.099853515625,121700,0.0,0.0
2014-10-08 00:00:00+09:00,3450.687042517042,3515.0998673106933,3432.2833782902844,3501.297119140625,93000,0.0,0.0
2014-10-09 00:00:00+09:00,3528.90200919901,3542.7047549977024,3441.484619140625,3441.484619140625,84400,0.0,0.0
2014-10-10 00:00:00+09:00,3358.668347052027,3400.076586947189,3358.668347052027,3390.874755859375,153800,0.0,0.0
2014-10-14 00:00:00+09:00,3225.242344035227,3340.265252167724,3225.242344035227,3308.058837890625,233400,0.0,0.0
2014-10-15 00:00:00+09:00,3326.4620725515797,3386.2739770372928,3312.659325362569,3331.06298828125,148800,0.0,0.0
2014-10-16 00:00:00+09:00,3239.0448943661972,3308.0586350132044,3234.4439783230637,3266.650390625,140700,0.0,0.0
2014-10-17 00:00:00+09:00,3266.650637231692,3289.655219184028,3179.233225812816,3188.43505859375,163100,0.0,0.0
2014-10-20 00:00:00+09:00,3266.6503365218146,3326.4622440919325,3206.8384289516966,3321.861328125,191800,0.0,0.0
2014-10-21 00:00:00+09:00,3335.663942990603,3354.0676061243444,3266.6502062390737,3289.65478515625,201000,0.0,0.0
2014-10-22 00:00:00+09:00,3367.8706916360293,3386.274356617647,3303.4578642003676,3363.269775390625,245300,0.0,0.0
2014-10-23 00:00:00+09:00,3367.8704877943214,3372.4714037612534,3303.4576642572715,3321.861328125,221500,0.0,0.0
2014-10-24 00:00:00+09:00,3317.260412158068,3344.865907959661,3206.8384289516966,3321.861328125,306100,0.0,0.0
2014-10-27 00:00:00+09:00,3354.0681409681165,3418.480972207559,3340.2653914168072,3404.67822265625,224300,0.0,0.0
2014-10-28 00:00:00+09:00,3404.677416793699,3418.480163077998,3381.672839653201,3395.4755859375,84400,0.0,0.0
2014-10-29 00:00:00+09:00,3446.0858646173233,3482.8931902741174,3432.2831174960256,3436.884033203125,141000,0.0,0.0
2014-10-30 00:00:00+09:00,3432.2834906540115,3496.696317556366,3432.2834906540115,3469.0908203125,172200,0.0,0.0
2014-10-31 00:00:00+09:00,3510.4993334523856,3607.1185811620844,3501.297500337176,3597.916748046875,231400,0.0,0.0
2014-11-04 00:00:00+09:00,3662.328697076613,3676.131443422379,3565.70947265625,3565.70947265625,344700,0.0,0.0
2014-11-05 00:00:00+09:00,3574.9113892547844,3597.9159670492168,3542.7049803425793,3561.108642578125,207800,0.0,0.0
2014-11-06 00:00:00+09:00,3602.5173464633845,3607.1182626146788,3492.0953588323227,3510.4990234375,172200,0.0,0.0
2014-11-07 00:00:00+09:00,3574.9116934897506,3616.319937043686,3551.907113737564,3584.113525390625,155100,0.0,0.0
2014-11-10 00:00:00+09:00,3584.1134794757213,3602.517143041707,3533.503404669261,3547.30615234375,114300,0.0,0.0
2014-11-11 00:00:00+09:00,3551.90714065532,3565.7098886112344,3533.5034767141005,3556.508056640625,146700,0.0,0.0
2014-11-12 00:00:00+09:00,3588.7149769176135,3602.5177268288353,3533.5039772727273,3542.705810546875,203800,0.0,0.0
2014-11-13 00:00:00+09:00,3510.499394087358,3551.9076438210227,3492.0957275390624,3542.705810546875,247800,0.0,0.0
2014-11-14 00:00:00+09:00,3607.117919921875,3607.117919921875,3561.1087627800143,3607.117919921875,162100,0.0,0.0
2014-11-17 00:00:00+09:00,3565.710280568976,3579.5130300421465,3478.292867238898,3496.696533203125,191100,0.0,0.0
2014-11-18 00:00:00+09:00,3487.493910030242,3570.3103881048387,3478.292079133065,3565.70947265625,135600,0.0,0.0
2014-11-19 00:00:00+09:00,3584.113927283654,3611.719426081731,3561.109344951923,3588.71484375,145100,0.0,0.0
2014-11-20 00:00:00+09:00,3616.3195547785785,3616.3195547785785,3542.70490735306,3551.90673828125,126700,0.0,0.0
2014-11-21 00:00:00+09:00,3542.7054945627847,3561.1091594696045,3501.2972485224404,3533.503662109375,121200,0.0,0.0
2014-11-25 00:00:00+09:00,3597.915917458796,3597.915917458796,3519.7003540357787,3524.30126953125,149200,0.0,0.0
2014-11-26 00:00:00+09:00,3524.301599520016,3561.108926930147,3510.498851741217,3519.70068359375,176400,0.0,0.0
2014-11-27 00:00:00+09:00,3524.3017133647345,3528.902629439623,3469.0907204660703,3487.494384765625,104900,0.0,0.0
2014-11-28 00:00:00+09:00,3492.095142278835,3505.897889876775,3473.6914788149147,3482.893310546875,86000,0.0,0.0
2014-12-01 00:00:00+09:00,3469.090283585591,3533.503100522193,3469.090283585591,3524.30126953125,137100,0.0,0.0
2014-12-02 00:00:00+09:00,3487.494655574407,3542.7056527602813,3478.2928227100942,3538.104736328125,169900,0.0,0.0
2014-12-03 00:00:00+09:00,3538.1043472988154,3542.7052632250816,3505.897935814951,3519.70068359375,110100,0.0,0.0
2014-12-04 00:00:00+09:00,3538.1044475941403,3542.70536365083,3496.696203083936,3501.297119140625,82600,0.0,0.0
2014-12-05 00:00:00+09:00,3492.0946870691637,3496.6956023353946,3441.484619140625,3441.484619140625,181200,0.0,0.0
2014-12-08 00:00:00+09:00,3459.888690629287,3459.888690629287,3335.663963705097,3354.067626953125,318100,0.0,0.0
2014-12-09 00:00:00+09:00,3335.664474899704,3413.8800556904557,3326.462641865498,3404.67822265625,219700,0.0,0.0
2014-12-10 00:00:00+09:00,3363.269262595934,3395.475671403282,3358.668347052027,3390.874755859375,200200,0.0,0.0
2014-12-11 00:00:00+09:00,3418.4806988181763,3478.2926087571213,3372.47153732668,3432.283447265625,205300,0.0,0.0
2014-12-12 00:00:00+09:00,3501.2969008692053,3501.2969008692053,3450.686827400662,3473.69140625,380900,0.0,0.0
2014-12-15 00:00:00+09:00,3409.278866519877,3469.090776458822,3409.278866519877,3432.283447265625,134900,0.0,0.0
2014-12-16 00:00:00+09:00,3335.6639767481274,3377.0722192181042,3331.0630609181303,3340.264892578125,190800,0.0,0.0
2014-12-17 00:00:00+09:00,3317.26025390625,3363.269411380678,3294.255675169036,3317.26025390625,158000,0.0,0.0
2014-12-18 00:00:00+09:00,3381.673281316888,3404.6778614619006,3340.265037055865,3358.668701171875,114700,0.0,0.0
2014-12-19 00:00:00+09:00,3446.085670992944,3565.70947265625,3436.883840095766,3565.70947265625,273400,0.0,0.0
2014-12-22 00:00:00+09:00,3561.108900018239,3584.1134794757213,3515.099741103275,3547.30615234375,212400,0.0,0.0
2014-12-24 00:00:00+09:00,3611.719497719689,3611.719497719689,3556.5084990284327,3597.916748046875,177800,0.0,0.0
2014-12-25 00:00:00+09:00,3611.71875,3625.5214968152864,3584.113256369427,3611.71875,68400,0.0,0.0
2014-12-26 00:00:00+09:00,3611.719026038395,3671.5309334759736,3607.1181100816584,3662.3291015625,101700,0.0,0.0
2014-12-29 00:00:00+09:00,3662.3291015625,3676.1318494327106,3620.9208579518686,3662.3291015625,124400,0.0,0.0
2014-12-30 00:00:00+09:00,3680.733054717281,3680.733054717281,3616.3202262597288,3620.921142578125,116200,0.0,0.0
2015-01-05 00:00:00+09:00,3630.122689865342,3685.333681346184,3616.319941995132,3662.3291015625,202800,0.0,0.0
2015-01-06 00:00:00+09:00,3607.1180320945946,3630.122611380912,3561.108873521959,3574.91162109375,187600,0.0,0.0
2015-01-07 00:00:00+09:00,3528.90274588267,3574.9119081497192,3515.099997202555,3533.503662109375,146500,0.0,0.0
2015-01-08 00:00:00+09:00,3547.306224670015,3584.1135525524537,3515.0998127728817,3556.508056640625,216900,0.0,0.0
2015-01-09 00:00:00+09:00,3551.9070682352462,3561.108900018239,3524.301572886268,3547.30615234375,167700,0.0,0.0
2015-01-13 00:00:00+09:00,3533.503064516129,3584.1131344506052,3505.897571824597,3565.70947265625,428800,0.0,0.0
2015-01-14 00:00:00+09:00,3533.503545514512,3556.5081258889554,3473.691636540959,3487.494384765625,205500,0.0,0.0
2015-01-15 00:00:00+09:00,3482.893441245194,3542.7053497474235,3469.090693129295,3515.099853515625,186900,0.0,0.0
2015-01-16 00:00:00+09:00,3427.6823201551147,3492.095142278835,3427.6823201551147,3482.893310546875,209900,0.0,0.0
2015-01-19 00:00:00+09:00,3501.297105399726,3542.7053497474235,3482.893441245194,3515.099853515625,132000,0.0,0.0
2015-01-20 00:00:00+09:00,3524.3021439985796,3551.9076438210227,3510.499394087358,3542.705810546875,215400,0.0,0.0
2015-01-21 00:00:00+09:00,3547.3063526478536,3547.3063526478536,3496.696274983617,3510.4990234375,227200,0.0,0.0
2015-01-22 00:00:00+09:00,3505.8977688096134,3515.0996002238116,3404.6776232534303,3436.884033203125,291700,0.0,0.0
2015-01-23 00:00:00+09:00,3505.897346201185,3519.70009165867,3427.6817886087697,3446.08544921875,206700,0.0,0.0
2015-01-26 00:00:00+09:00,3432.2834906540115,3478.292652727122,3413.8798258247675,3469.0908203125,211200,0.0,0.0
2015-01-27 00:00:00+09:00,3510.498571430374,3574.9113892547844,3482.893078077055,3561.108642578125,198200,0.0,0.0
2015-01-28 00:00:00+09:00,3607.1180320945946,3607.1180320945946,3533.5033783783783,3574.91162109375,299300,0.0,0.0
2015-01-29 00:00:00+09:00,3574.9120943509615,3639.3249248798074,3574.9120943509615,3588.71484375,204400,0.0,0.0
2015-01-30 00:00:00+09:00,3616.3202682783017,3685.334013856132,3584.113853675314,3657.728515625,414500,0.0,0.0
2015-02-02 00:00:00+09:00,3620.9209193297297,3777.3520645104295,3620.9209193297297,3763.54931640625,397400,0.0,0.0
2015-02-03 00:00:00+09:00,3827.9619664634147,3846.3656297637194,3749.746397437119,3772.7509765625,376400,0.0,0.0
2015-02-04 00:00:00+09:00,3846.3656827847635,3910.7785052237427,3791.154692122781,3887.77392578125,199100,0.0,0.0
2015-02-05 00:00:00+09:00,3883.1726313115305,3892.3744621914157,3818.7598151523343,3855.567138671875,167400,0.0,0.0
2015-02-06 00:00:00+09:00,3906.177417309253,3915.379248681006,3869.3700918222403,3896.9755859375,115200,0.0,0.0
2015-02-09 00:00:00+09:00,3933.7826023418943,3938.3835176662706,3855.567041827494,3873.970703125,105000,0.0,0.0
2015-02-10 00:00:00+09:00,3878.5719007329494,3901.5764790291114,3818.7599971629274,3832.562744140625,94000,0.0,0.0
2015-02-12 00:00:00+09:00,3952.1867347573334,3952.1867347573334,3869.37024904647,3901.57666015625,174100,0.0,0.0
2015-02-13 00:00:00+09:00,3896.975353656787,3896.975353656787,3837.163453305502,3883.172607421875,138600,0.0,0.0
2015-02-16 00:00:00+09:00,3896.975658690831,3938.3839006367784,3873.971079831971,3906.177490234375,225300,0.0,0.0
2015-02-17 00:00:00+09:00,3956.7875637238662,3956.7875637238662,3887.773827147287,3906.177490234375,147600,0.0,0.0
2015-02-18 00:00:00+09:00,3956.788299067191,4002.797465335414,3938.3846325599015,3984.393798828125,191900,0.0,0.0
2015-02-19 00:00:00+09:00,4002.79652089866,4035.0029296875,3988.9937742748716,4035.0029296875,180600,0.0,0.0
2015-02-20 00:00:00+09:00,4048.80615234375,4067.2098166725855,4007.397907603871,4048.80615234375,137600,0.0,0.0
2015-02-23 00:00:00+09:00,4058.0078125000005,4081.012391935941,4021.2004854024945,4058.0078125,102600,0.0,0.0
2015-02-24 00:00:00+09:00,4021.1997811652755,4058.0071018166736,4016.5988660838507,4030.401611328125,122900,0.0,0.0
2015-02-25 00:00:00+09:00,4058.0078125000005,4085.6133078231296,4035.0032330640593,4058.0078125,138800,0.0,0.0
2015-02-26 00:00:00+09:00,4067.2090695339043,4081.011815244992,4025.8008324006405,4062.608154296875,133300,0.0,0.0
2015-02-27 00:00:00+09:00,4081.0125233979543,4090.21435546875,4044.205195114771,4090.21435546875,175800,0.0,0.0
2015-03-02 00:00:00+09:00,4094.8159021119122,4145.425986295318,4081.013151880074,4108.61865234375,153200,0.0,0.0
2015-03-03 00:00:00+09:00,4150.0264817622665,4228.242058469538,4150.0264817622665,4196.03564453125,206500,0.0,0.0
2015-03-04 00:00:00+09:00,4219.0401237920605,4219.0401237920605,4127.021800481438,4136.2236328125,191200,0.0,0.0
2015-03-05 00:00:00+09:00,4173.030114449676,4177.631029680601,4131.6218773713435,4168.42919921875,105200,0.0,0.0
2015-03-06 00:00:00+09:00,4173.030964776762,4292.65478515625,4163.829132439878,4292.65478515625,145700,0.0,0.0
2015-03-09 00:00:00+09:00,4301.856820101351,4301.856820101351,4232.843074324324,4255.84765625,121800,0.0,0.0
2015-03-10 00:00:00+09:00,4288.0537109375,4329.46195492724,4265.0491309432,4288.0537109375,197000,0.0,0.0
2015-03-11 00:00:00+09:00,4306.458149102394,4343.265483710106,4278.852648146609,4324.86181640625,185200,0.0,0.0
2015-03-12 00:00:00+09:00,4370.870390543704,4439.884133552289,4357.067641941987,4421.48046875,205700,0.0,0.0
2015-03-13 00:00:00+09:00,4416.8798828125,4435.283548990886,4375.471633911133,4416.8798828125,424500,0.0,0.0
2015-03-16 00:00:00+09:00,4430.682010550564,4462.888421842209,4343.264608473242,4384.6728515625,231400,0.0,0.0
2015-03-17 00:00:00+09:00,4430.682534174532,4439.884367059629,4343.265121766103,4357.06787109375,261300,0.0,0.0
2015-03-18 00:00:00+09:00,4412.278548177083,4412.278548177083,4292.654729352678,4347.86572265625,260500,0.0,0.0
2015-03-19 00:00:00+09:00,4347.865764911358,4347.865764911358,4269.650190304487,4306.45751953125,266000,0.0,0.0
2015-03-20 00:00:00+09:00,4297.255618058294,4384.673023564833,4237.443709027504,4375.47119140625,282300,0.0,0.0
2015-03-23 00:00:00+09:00,4435.282260307592,4449.085005930956,4352.465786567409,4393.8740234375,173600,0.0,0.0
2015-03-24 00:00:00+09:00,4426.08048643343,4531.901537564376,4393.874079567491,4522.69970703125,204200,0.0,0.0
2015-03-25 00:00:00+09:00,4518.098713544261,4619.31884765625,4518.098713544261,4619.31884765625,251500,0.0,0.0
2015-03-26 00:00:00+09:00,4596.315008396055,4619.319588017658,4462.888446590765,4527.30126953125,359500,0.0,0.0
2015-03-27 00:00:00+09:00,4518.033661203286,4601.443513410116,4471.694854421714,4494.8642578125,192200,35.0,0.0
2015-03-30 00:00:00+09:00,4494.864429864358,4735.826234351932,4494.864429864358,4708.02294921875,369900,0.0,0.0
2015-03-31 00:00:00+09:00,4800.699201516544,4819.234719669117,4717.289369829963,4726.55712890625,252900,0.0,0.0
2015-04-01 00:00:00+09:00,4689.487522678929,4708.023046483983,4569.006617946071,4629.2470703125,311300,0.0,0.0
2015-04-02 00:00:00+09:00,4680.2190165850725,5023.126152453682,4661.68349572731,4939.71630859375,495300,0.0,0.0
2015-04-03 00:00:00+09:00,4939.716361911817,4939.716361911817,4800.699953978089,4837.77099609375,382400,0.0,0.0
2015-04-06 00:00:00+09:00,4930.448787637955,4958.252070275012,4782.164613573656,4828.50341796875,210600,0.0,0.0
2015-04-07 00:00:00+09:00,4921.180736766142,5050.929381426643,4809.9676127714265,5041.66162109375,572300,0.0,0.0
2015-04-08 00:00:00+09:00,5106.5364975110615,5245.552917588495,5023.126645464601,5236.28515625,407900,0.0,0.0
2015-04-09 00:00:00+09:00,5282.6234181722,5393.8365427653,5245.552376641168,5338.22998046875,459200,0.0,0.0
2015-04-10 00:00:00+09:00,5393.83691571769,5542.121092094809,5301.159305481991,5467.97900390625,593600,0.0,0.0
2015-04-13 00:00:00+09:00,5430.90801661036,5430.90801661036,5115.804138513514,5143.607421875,565500,0.0,0.0
2015-04-14 00:00:00+09:00,5050.929142193202,5162.142260920392,4939.716023466012,5078.732421875,851600,0.0,0.0
2015-04-15 00:00:00+09:00,5069.465948475046,5078.733710720887,4967.520563770795,5013.859375,339700,0.0,0.0
2015-04-16 00:00:00+09:00,4828.503920986859,4847.039444675867,4504.1322564292,4606.07763671875,1227500,0.0,0.0
2015-04-17 00:00:00+09:00,4619.979004918232,4629.24676621195,4457.793182278174,4471.69482421875,612800,0.0,0.0
2015-04-20 00:00:00+09:00,4462.426303831999,4555.103901004003,4411.453625387397,4485.595703125,615800,0.0,0.0
2015-04-21 00:00:00+09:00,4550.47123984685,4680.219910636781,4513.400191049727,4670.9521484375,486000,0.0,0.0
2015-04-22 00:00:00+09:00,4550.470764160156,4615.3450927734375,4434.623748779297,4448.525390625,655600,0.0,0.0
2015-04-23 00:00:00+09:00,4448.525723888314,4490.230652549767,4406.820795226861,4480.962890625,436300,0.0,0.0
2015-04-24 00:00:00+09:00,4763.629151333253,4856.30676128137,4633.880497405888,4800.7001953125,966600,0.0,0.0
2015-04-27 00:00:00+09:00,4809.968565955529,4874.8429011418275,4754.361992938702,4819.236328125,432900,0.0,0.0
2015-04-28 00:00:00+09:00,4884.109362769448,4911.912641874398,4791.43176575295,4809.96728515625,304600,0.0,0.0
2015-04-30 00:00:00+09:00,4865.574518332918,4865.574518332918,4629.246613156748,4652.416015625,478900,0.0,0.0
2015-05-01 00:00:00+09:00,4652.416015625,4698.754820561504,4592.175569207545,4652.416015625,443800,0.0,0.0
2015-05-07 00:00:00+09:00,4680.219359617673,4763.629209591058,4592.175629090212,4624.61279296875,379500,0.0,0.0
2015-05-08 00:00:00+09:00,4680.219946950226,4680.219946950226,4606.077848780717,4619.9794921875,204400,0.0,0.0
2015-05-11 00:00:00+09:00,4643.148684096768,4652.416445941272,4587.542113029741,4606.07763671875,280500,0.0,0.0
2015-05-12 00:00:00+09:00,4587.542141751126,4670.951998873874,4564.372736994807,4629.2470703125,418000,0.0,0.0
2015-05-13 00:00:00+09:00,4643.148497328928,4763.629396461215,4629.246855121356,4689.4873046875,327300,0.0,0.0
2015-05-14 00:00:00+09:00,4652.4152054544875,4670.950724201319,4555.103732033627,4569.00537109375,215500,0.0,0.0
2015-05-15 00:00:00+09:00,4582.907749168471,4680.21923828125,4578.27386873453,4680.21923828125,219700,0.0,0.0
2015-05-18 00:00:00+09:00,4670.952332877733,4698.7556205734345,4633.881282616799,4661.6845703125,170400,0.0,0.0
2015-05-19 00:00:00+09:00,4670.952332877733,4670.952332877733,4619.9796387689485,4661.6845703125,188300,0.0,0.0
2015-05-20 00:00:00+09:00,4717.290284630848,4791.432371619152,4680.219241136696,4754.361328125,345400,0.0,0.0
2015-05-21 00:00:00+09:00,4772.897033691406,4828.503601074219,4735.825988769531,4745.09375,288000,0.0,0.0
2015-05-22 00:00:00+09:00,4782.16368336397,4782.16368336397,4680.218333524816,4726.55712890625,262500,0.0,0.0
2015-05-25 00:00:00+09:00,4772.897095446034,4772.897095446034,4698.755004642989,4717.29052734375,293500,0.0,0.0
2015-05-26 00:00:00+09:00,4717.2903425361055,4735.825864510707,4643.148254637699,4652.416015625,143700,0.0,0.0
2015-05-27 00:00:00+09:00,4661.6833115008185,4680.21883162607,4587.541230999811,4601.44287109375,233100,0.0,0.0
2015-05-28 00:00:00+09:00,4633.880859375,4698.755191406251,4615.3453359375,4633.880859375,189800,0.0,0.0
2015-05-29 00:00:00+09:00,4661.683959241466,4791.432618146796,4661.683959241466,4717.29052734375,288900,0.0,0.0
2015-06-01 00:00:00+09:00,4735.825435119268,4772.896475707285,4670.951114090237,4698.75439453125,159600,0.0,0.0
2015-06-02 00:00:00+09:00,4754.361087289954,4828.503170522546,4735.825566481806,4791.43212890625,246800,0.0,0.0
2015-06-03 00:00:00+09:00,4847.039243993219,4939.71685860112,4847.039243993219,4911.91357421875,478200,0.0,0.0
2015-06-04 00:00:00+09:00,4958.250796189949,4986.054071682603,4939.7152791948465,4967.5185546875,330000,0.0,0.0
2015-06-05 00:00:00+09:00,4921.18078125,4948.984062500001,4828.503177083334,4865.57421875,176400,0.0,0.0
2015-06-08 00:00:00+09:00,4837.7722902760925,4865.575579300667,4763.630186210558,4772.89794921875,175200,0.0,0.0
2015-06-09 00:00:00+09:00,4782.165294828869,4791.43305702815,4661.684386238219,4670.9521484375,141300,0.0,0.0
2015-06-10 00:00:00+09:00,4633.88003131294,4652.415551438193,4569.00571087456,4601.44287109375,431400,0.0,0.0
2015-06-11 00:00:00+09:00,4615.3447265625,4643.148008047816,4587.541445077184,4615.3447265625,333300,0.0,0.0
2015-06-12 00:00:00+09:00,4610.711151306519,4643.148315185058,4596.8095096442885,4624.61279296875,304600,0.0,0.0
2015-06-15 00:00:00+09:00,4601.444113638481,4670.952332877733,4578.274707225398,4661.6845703125,161300,0.0,0.0
2015-06-16 00:00:00+09:00,4633.881282616799,4670.952332877733,4610.711876203715,4661.6845703125,149200,0.0,0.0
2015-06-17 00:00:00+09:00,4652.416197891086,4726.558288694131,4624.612913839944,4717.29052734375,202800,0.0,0.0
2015-06-18 00:00:00+09:00,4772.89715599921,4837.771486274927,4726.558348659411,4763.62939453125,236300,0.0,0.0
2015-06-19 00:00:00+09:00,4865.5754334534495,4939.71753529655,4847.039907992675,4902.646484375,268200,0.0,0.0
2015-06-22 00:00:00+09:00,4902.646228049907,5032.394899491682,4902.646228049907,5013.859375,344700,0.0,0.0
2015-06-23 00:00:00+09:00,5013.859191218865,5032.394715031134,4958.252619782057,5023.126953125,235700,0.0,0.0
2015-06-24 00:00:00+09:00,5013.858340095071,5050.929381426643,4939.716257431928,5041.66162109375,315100,0.0,0.0
2015-06-25 00:00:00+09:00,5004.5908203125,5041.661863425926,4976.7875379774305,5004.5908203125,133200,0.0,0.0
2015-06-26 00:00:00+09:00,5004.591003304731,5023.126525539194,4967.519958835807,4995.3232421875,127900,0.0,0.0
2015-06-29 00:00:00+09:00,4819.235959610849,4948.98462006191,4819.235959610849,4911.91357421875,172600,0.0,0.0
2015-06-30 00:00:00+09:00,4856.307470524267,5069.466004535829,4856.307470524267,5060.1982421875,314400,0.0,0.0
2015-07-01 00:00:00+09:00,5078.732432413444,5171.410031545076,5004.5903531081385,5152.87451171875,290400,0.0,0.0
2015-07-02 00:00:00+09:00,5208.481314396513,5208.481314396513,5097.268190245697,5115.8037109375,235000,0.0,0.0
2015-07-03 00:00:00+09:00,5162.142883519546,5208.481688578069,5097.2685564376125,5171.41064453125,164100,0.0,0.0
2015-07-06 00:00:00+09:00,5060.196845579061,5152.87444348344,5050.9290857886235,5106.53564453125,225100,0.0,0.0
2015-07-07 00:00:00+09:00,5171.41112260453,5328.9630743684675,5134.340075130663,5319.6953125,307700,0.0,0.0
2015-07-08 00:00:00+09:00,5245.552041387818,5291.890840340007,5032.393566207747,5106.53564453125,358200,0.0,0.0
2015-07-09 00:00:00+09:00,5041.663058035714,5199.21502859933,4939.71766531808,5189.947265625,280700,0.0,0.0
2015-07-10 00:00:00+09:00,5236.28515625,5319.6950082964595,5199.214110896018,5236.28515625,299300,0.0,0.0
2015-07-13 00:00:00+09:00,5301.159544631272,5375.301636164576,5199.214168772978,5356.76611328125,213100,0.0,0.0
2015-07-14 00:00:00+09:00,5467.9791259765625,5523.585693359375,5375.301513671875,5412.37255859375,316700,0.0,0.0
2015-07-15 00:00:00+09:00,5458.7115472319165,5486.514831852792,5403.104977990165,5477.2470703125,214400,0.0,0.0
2015-07-16 00:00:00+09:00,5403.104977990165,5532.8536395542515,5375.301693369289,5477.2470703125,383400,0.0,0.0
2015-07-17 00:00:00+09:00,5477.247126092973,5634.79907388245,5477.247126092973,5597.72802734375,291200,0.0,0.0
2015-07-21 00:00:00+09:00,5681.137634277344,5690.4053955078125,5569.924499511719,5634.798828125,269500,0.0,0.0
2015-07-22 00:00:00+09:00,5634.798022746244,5634.798022746244,5514.317143970419,5551.38818359375,184500,0.0,0.0
2015-07-23 00:00:00+09:00,5467.979002228308,5477.246763249033,5310.427064875967,5393.8369140625,461200,0.0,0.0
2015-07-24 00:00:00+09:00,5486.515265038395,5495.78302731042,5430.90869140625,5430.90869140625,280400,0.0,0.0
2015-07-27 00:00:00+09:00,5430.908395348199,5449.4439188818105,5245.553160012083,5273.3564453125,305100,0.0,0.0
2015-07-28 00:00:00+09:00,5189.946524784483,5430.908327720906,5189.946524784483,5375.3017578125,382100,0.0,0.0
2015-07-29 00:00:00+09:00,5366.03456886216,5625.531922796772,5338.231280940594,5616.26416015625,347100,0.0,0.0
2015-07-30 00:00:00+09:00,5634.79845826412,5653.333979508409,5569.924133909105,5579.19189453125,294300,0.0,0.0
2015-07-31 00:00:00+09:00,5616.262866086588,5616.262866086588,5421.639895479627,5458.7109375,241800,0.0,0.0
2015-08-03 00:00:00+09:00,5467.9791259765625,5634.798828125,5467.9791259765625,5634.798828125,199300,0.0,0.0
2015-08-04 00:00:00+09:00,5597.727182792141,5727.475826101893,5588.45942255573,5690.40478515625,182600,0.0,0.0
2015-08-05 00:00:00+09:00,5746.0112208946075,5894.295381433823,5634.798100490196,5671.869140625,237800,0.0,0.0
2015-08-06 00:00:00+09:00,5681.137083162848,5783.082446808511,5662.6015625,5662.6015625,155200,0.0,0.0
2015-08-07 00:00:00+09:00,5542.121338712647,5551.389100148622,5403.104917173032,5505.05029296875,341500,0.0,0.0
2015-08-10 00:00:00+09:00,5514.317632986254,5634.798522446458,5477.246590075422,5625.53076171875,160500,0.0,0.0
2015-08-11 00:00:00+09:00,5699.6727826191345,5708.94054324128,5514.317570176236,5579.19189453125,147900,0.0,0.0
2015-08-12 00:00:00+09:00,5514.31787109375,5579.192198988971,5477.246826582195,5514.31787109375,103400,0.0,0.0
2015-08-13 00:00:00+09:00,5458.711485788878,5542.121338712647,5449.443724352904,5505.05029296875,160800,0.0,0.0
2015-08-14 00:00:00+09:00,5486.513987104825,5606.994868578411,5467.978466878119,5569.923828125,125200,0.0,0.0
2015-08-17 00:00:00+09:00,5569.924560143337,5671.869934788223,5560.656798811983,5606.99560546875,173400,0.0,0.0
2015-08-18 00:00:00+09:00,5560.65673828125,5606.995544433594,5467.9791259765625,5486.5146484375,198300,0.0,0.0
2015-08-19 00:00:00+09:00,5467.97894130609,5523.585506810898,5412.372375801282,5421.64013671875,188500,0.0,0.0
2015-08-20 00:00:00+09:00,5366.033874722913,5421.640443372891,5338.230590397924,5356.76611328125,192200,0.0,0.0
2015-08-21 00:00:00+09:00,5199.213684733652,5310.426811679827,5152.874881839412,5208.4814453125,290300,0.0,0.0
2015-08-24 00:00:00+09:00,5060.196139663013,5162.141483136077,4948.983037692397,4967.5185546875,383400,0.0,0.0
2015-08-25 00:00:00+09:00,4698.75518750769,4902.645945151021,4643.148617241326,4708.02294921875,545700,0.0,0.0
2015-08-26 00:00:00+09:00,4726.558706430289,4893.37842548077,4726.558706430289,4819.236328125,382600,0.0,0.0
2015-08-27 00:00:00+09:00,4967.520142983491,5041.662234669811,4865.5747669147995,4911.91357421875,304100,0.0,0.0
2015-08-28 00:00:00+09:00,5050.929808890886,5050.929808890886,4911.913392132421,4995.3232421875,240300,0.0,0.0
2015-08-31 00:00:00+09:00,4967.520563770795,5013.859375,4911.913990295749,5013.859375,210000,0.0,0.0
2015-09-01 00:00:00+09:00,5004.5911926982,5004.5911926982,4754.36163306329,4763.62939453125,202500,0.0,0.0
2015-09-02 00:00:00+09:00,4661.684140663448,4828.503851462537,4643.148617241326,4708.02294921875,291800,0.0,0.0
2015-09-03 00:00:00+09:00,4782.165279447116,4893.37842548077,4782.165279447116,4819.236328125,281800,0.0,0.0
2015-09-04 00:00:00+09:00,4874.842279320219,4874.842279320219,4624.612732663098,4652.416015625,280900,0.0,0.0
2015-09-07 00:00:00+09:00,4633.880951263764,4670.951998873874,4569.006617946071,4629.2470703125,480100,0.0,0.0
2015-09-08 00:00:00+09:00,4652.416618946335,4661.684381135471,4425.3564453125,4425.3564453125,435800,0.0,0.0
2015-09-09 00:00:00+09:00,4610.711031772123,4680.21923828125,4596.809390470297,4680.21923828125,320900,0.0,0.0
2015-09-10 00:00:00+09:00,4596.809812500001,4670.95190625,4522.66771875,4633.880859375,506200,0.0,0.0
2015-09-11 00:00:00+09:00,4652.416378952386,4800.700566329356,4629.246974674736,4708.02294921875,537700,0.0,0.0
2015-09-14 00:00:00+09:00,4745.094484167518,4754.362246831908,4522.668180222166,4536.56982421875,498500,0.0,0.0
2015-09-15 00:00:00+09:00,4615.344668085704,4689.486751107161,4596.809147330339,4643.14794921875,210800,0.0,0.0
2015-09-16 00:00:00+09:00,4661.683184956396,4680.2187045784885,4564.371706940407,4582.9072265625,137200,0.0,0.0
2015-09-17 00:00:00+09:00,4670.951114090237,4708.022154678254,4596.809032914201,4698.75439453125,196900,0.0,0.0
2015-09-18 00:00:00+09:00,4606.077813042534,4689.487672836061,4601.443931942894,4670.9521484375,243400,0.0,0.0
2015-09-24 00:00:00+09:00,4633.880951263764,4763.629617899149,4596.809903653653,4629.2470703125,391600,0.0,0.0
2015-09-25 00:00:00+09:00,4856.30676128137,5032.394220182794,4735.8258683488175,4800.7001953125,423300,0.0,0.0
2015-09-28 00:00:00+09:00,5078.426208941606,5274.4683971544255,4957.0667590955745,5115.767578125,632700,37.5,0.0
2015-09-29 00:00:00+09:00,4994.408929998224,5059.756336558949,4882.384804465554,4929.0615234375,374900,0.0,0.0
2015-09-30 00:00:00+09:00,5125.103089162843,5227.7918577981645,5069.091033543577,5087.76171875,429200,0.0,0.0
2015-10-01 00:00:00+09:00,4947.731113718517,5069.090556130481,4947.731113718517,5003.7431640625,336200,0.0,0.0
2015-10-02 00:00:00+09:00,4929.061120469331,5022.41455078125,4882.384405313372,5022.41455078125,225500,0.0,0.0
2015-10-05 00:00:00+09:00,5087.762697932972,5227.792863931127,5041.085975933587,5218.45751953125,237100,0.0,0.0
2015-10-06 00:00:00+09:00,5283.804582065818,5330.481300988661,5209.12183178927,5274.46923828125,445700,0.0,0.0
2015-10-07 00:00:00+09:00,5293.138798828125,5377.156875,5069.090595703125,5134.43798828125,393700,0.0,0.0
2015-10-08 00:00:00+09:00,5106.4326171875,5190.450704124772,5003.743844264168,5106.4326171875,412800,0.0,0.0
2015-10-09 00:00:00+09:00,5134.438095508167,5199.785489450998,5031.749333598003,5143.7734375,341000,0.0,0.0
2015-10-13 00:00:00+09:00,5069.09128736413,5199.786090353261,5031.749915081521,5153.109375,381100,0.0,0.0
2015-10-14 00:00:00+09:00,5069.090912141161,5209.121047835669,5069.090912141161,5162.4443359375,285000,0.0,0.0
2015-10-15 00:00:00+09:00,5190.451117432492,5367.822648423889,5134.439055014155,5358.4873046875,412500,0.0,0.0
2015-10-16 00:00:00+09:00,5377.157565789474,5433.169623766447,5293.139478824013,5321.1455078125,298300,0.0,0.0
2015-10-19 00:00:00+09:00,5274.469082232603,5489.181982925257,5227.792364690721,5433.169921875,364500,0.0,0.0
2015-10-20 00:00:00+09:00,5414.499087863498,5498.517177157932,5367.822371588813,5377.15771484375,266400,0.0,0.0
2015-10-21 00:00:00+09:00,5321.145890542619,5330.481234210238,5237.127797534051,5311.810546875,367000,0.0,0.0
2015-10-22 00:00:00+09:00,5573.199730206628,5806.583303498363,5507.852329684943,5703.89453125,826500,0.0,0.0
2015-10-23 00:00:00+09:00,5843.924783943526,5843.924783943526,5657.217921836704,5713.22998046875,647400,0.0,0.0
2015-10-26 00:00:00+09:00,5787.912915078251,5853.260318958167,5731.900854609751,5815.9189453125,375400,0.0,0.0
2015-10-27 00:00:00+09:00,5797.248258489667,5881.266349192416,5759.906884844001,5815.9189453125,215600,0.0,0.0
2015-10-28 00:00:00+09:00,5843.92547157084,6011.961667239011,5834.590127367053,5946.6142578125,326100,0.0,0.0
2015-10-29 00:00:00+09:00,5983.9556346276495,6067.973732461735,5871.931504182202,5946.6142578125,281300,0.0,0.0
2015-10-30 00:00:00+09:00,5946.613325362637,6011.960724542446,5853.259897962909,5993.2900390625,258700,0.0,0.0
2015-11-02 00:00:00+09:00,5974.619758702532,5993.290445448477,5871.930981599831,5899.93701171875,191900,0.0,0.0
2015-11-04 00:00:00+09:00,5918.60791015625,5946.613941276863,5843.925160501281,5918.60791015625,349300,0.0,0.0
2015-11-05 00:00:00+09:00,5834.589590918285,5871.930964300162,5759.9068441545305,5769.2421875,451300,0.0,0.0
2015-11-06 00:00:00+09:00,5769.242039100797,5778.577382206138,5657.217921836704,5713.22998046875,444600,0.0,0.0
2015-11-09 00:00:00+09:00,5647.883336801999,5759.907469102203,5647.883336801999,5694.56005859375,532700,0.0,0.0
2015-11-10 00:00:00+09:00,5591.870882733982,5647.88294499843,5498.51744562657,5573.2001953125,580800,0.0,0.0
2015-11-11 00:00:00+09:00,5601.20578125,5871.93072734375,5582.5350953125,5834.58935546875,406700,0.0,0.0
2015-11-12 00:00:00+09:00,5778.577952296021,5927.943456717243,5778.577952296021,5806.583984375,353300,0.0,0.0
2015-11-13 00:00:00+09:00,5797.247710451556,5881.265793211723,5731.900312749203,5853.259765625,485600,0.0,0.0
2015-11-16 00:00:00+09:00,5722.565888138062,5853.260704506632,5713.230544111736,5806.583984375,373500,0.0,0.0
2015-11-17 00:00:00+09:00,5806.583601901084,5862.595662369583,5741.236198021168,5815.9189453125,309400,0.0,0.0
2015-11-18 00:00:00+09:00,5815.919010784784,5862.595728367327,5759.906949685734,5778.57763671875,253700,0.0,0.0
2015-11-19 00:00:00+09:00,5825.254264734968,5918.607698464695,5787.912891243077,5899.93701171875,285700,0.0,0.0
2015-11-20 00:00:00+09:00,5843.925677327856,5974.620500782473,5834.590332795384,5965.28515625,262000,0.0,0.0
2015-11-24 00:00:00+09:00,5937.277710719139,6039.966476156104,5927.942368406687,6011.96044921875,352200,0.0,0.0
2015-11-25 00:00:00+09:00,6039.967378345574,6049.302722052445,5853.260504208152,5918.60791015625,424000,0.0,0.0
2015-11-26 00:00:00+09:00,5974.6199455676515,6058.638038552197,5946.613914572803,6002.6259765625,429600,0.0,0.0
2015-11-27 00:00:00+09:00,6058.638281096452,6114.6503453284695,5862.596056284395,5937.27880859375,451100,0.0,0.0
2015-11-30 00:00:00+09:00,6011.961605438931,6151.991767056297,5965.284884899809,6114.650390625,5307700,0.0,0.0
2015-12-01 00:00:00+09:00,6208.003536448759,6441.387128044577,6179.997505457261,6348.03369140625,1297700,0.0,0.0
2015-12-02 00:00:00+09:00,6264.015598431755,6376.039722397748,6189.332849121093,6348.03369140625,625500,0.0,0.0
2015-12-03 00:00:00+09:00,6394.709640905655,6422.715668530059,6329.362243115378,6366.70361328125,311800,0.0,0.0
2015-12-04 00:00:00+09:00,6226.674277314247,6301.357027267041,6161.326871105552,6179.99755859375,411200,0.0,0.0
2015-12-07 00:00:00+09:00,6208.00303599498,6264.015093462603,6179.997007261168,6217.33837890625,336300,0.0,0.0
2015-12-08 00:00:00+09:00,6217.338549031391,6310.69198069853,6170.6618331978225,6189.33251953125,393900,0.0,0.0
2015-12-09 00:00:00+09:00,6151.991835727487,6179.997868363575,6030.632360971103,6077.30908203125,396500,0.0,0.0
2015-12-10 00:00:00+09:00,5993.28993241761,6095.97870073006,5955.948562122172,5983.95458984375,452500,0.0,0.0
2015-12-11 00:00:00+09:00,5899.937432439073,6049.302937057783,5881.266744361734,5937.27880859375,477000,0.0,0.0
2015-12-14 00:00:00+09:00,5787.912262255391,5881.265685840155,5750.570892821485,5843.92431640625,363200,0.0,0.0
2015-12-15 00:00:00+09:00,5890.6011357406305,6002.62524608752,5853.259765625,5853.259765625,546500,0.0,0.0
2015-12-16 00:00:00+09:00,5983.955289232601,6039.967351222298,5825.25444692846,6002.6259765625,383700,0.0,0.0
2015-12-17 00:00:00+09:00,6161.326765790469,6320.027606727496,6133.320735036877,6170.662109375,429100,0.0,0.0
2015-12-18 00:00:00+09:00,6161.327111164122,6282.686584565839,6105.315046517176,6114.650390625,394700,0.0,0.0
2015-12-21 00:00:00+09:00,6021.296322768201,6095.979067856799,5871.930832591006,6058.6376953125,377300,0.0,0.0
2015-12-22 00:00:00+09:00,6067.9736328125,6142.656385216346,6002.626224459134,6067.9736328125,274600,0.0,0.0
2015-12-24 00:00:00+09:00,6161.326626161986,6161.326626161986,5862.595638226859,5899.93701171875,216700,0.0,0.0
2015-12-25 00:00:00+09:00,5899.93701171875,5899.93701171875,5899.93701171875,5899.93701171875,0,0.0,0.0
2015-12-28 00:00:00+09:00,5890.602260595626,5918.608293530312,5778.578128856881,5909.27294921875,253500,0.0,0.0
2015-12-29 00:00:00+09:00,5918.607569885255,5974.61962890625,5853.260167694092,5974.61962890625,206000,0.0,0.0
2015-12-30 00:00:00+09:00,5974.619079968945,6030.6311338436535,5871.930314531978,6011.96044921875,167400,0.0,0.0
2016-01-04 00:00:00+09:00,5955.949096483749,6039.9671871864975,5787.912915078251,5815.9189453125,239300,0.0,0.0
2016-01-05 00:00:00+09:00,5806.583158650975,5909.271928337729,5769.241787855792,5862.59521484375,251200,0.0,0.0
2016-01-06 00:00:00+09:00,5881.26662986866,5899.9373175825285,5731.9011281577095,5797.24853515625,226900,0.0,0.0
2016-01-07 00:00:00+09:00,5834.590016453979,5946.614144769896,5759.907264243368,5806.583984375,339200,0.0,0.0
2016-01-08 00:00:00+09:00,5871.931371124031,6142.656346899224,5871.931371124031,6021.296875,667700,0.0,0.0
2016-01-12 00:00:00+09:00,5741.236031755287,5853.260149448072,5629.2119140625,5629.2119140625,511400,0.0,0.0
2016-01-13 00:00:00+09:00,5787.912262255391,5871.930343481679,5741.235550463009,5843.92431640625,331100,0.0,0.0
2016-01-14 00:00:00+09:00,5778.577274703355,5797.247960566694,5573.199730206628,5703.89453125,317300,0.0,0.0
2016-01-15 00:00:00+09:00,5843.924826846131,5871.930856367757,5750.571395107374,5759.90673828125,283200,0.0,0.0
2016-01-18 00:00:00+09:00,5666.553159523322,5750.571245908347,5610.541101933306,5703.89453125,227600,0.0,0.0
2016-01-19 00:00:00+09:00,5666.553264942045,5778.577382206138,5638.547235626022,5713.22998046875,245600,0.0,0.0
2016-01-20 00:00:00+09:00,5657.218275956797,5713.230338094983,5433.170027404052,5442.50537109375,279100,0.0,0.0
2016-01-21 00:00:00+09:00,5386.492537637622,5498.516645872721,5246.46240234375,5246.46240234375,272500,0.0,0.0
2016-01-22 00:00:00+09:00,5423.834117095742,5563.8642578125,5330.480689951237,5563.8642578125,283300,0.0,0.0
2016-01-25 00:00:00+09:00,5638.546829351002,5647.882171783702,5461.175323129695,5591.8701171875,444200,0.0,0.0
2016-01-26 00:00:00+09:00,5507.85205078125,5629.211502747617,5461.175338486493,5507.85205078125,196300,0.0,0.0
2016-01-27 00:00:00+09:00,5675.889054777595,5675.889054777595,5582.535616376647,5666.5537109375,195500,0.0,0.0
2016-01-28 00:00:00+09:00,5713.23057389376,5806.5840146436585,5647.883165368831,5722.56591796875,420100,0.0,0.0
2016-01-29 00:00:00+09:00,5694.5593360641205,5759.90673828125,5563.8645316298625,5759.90673828125,452200,0.0,0.0
2016-02-01 00:00:00+09:00,5806.583601901084,5881.266349192416,5778.577571666834,5815.9189453125,237400,0.0,0.0
2016-02-02 00:00:00+09:00,5787.9133039750395,5965.284840709758,5759.907271859031,5937.27880859375,212000,0.0,0.0
2016-02-03 00:00:00+09:00,5806.583707369291,5862.595768855168,5769.242333045372,5825.25439453125,159200,0.0,0.0
2016-02-04 00:00:00+09:00,5741.236382105842,5787.913100659548,5517.188133048053,5573.2001953125,250700,0.0,0.0
2016-02-05 00:00:00+09:00,5302.474471632007,5358.48652590981,5115.767624039331,5162.4443359375,555200,0.0,0.0
2016-02-08 00:00:00+09:00,5041.084870579404,5293.139114108374,4994.40815881478,5246.46240234375,319800,0.0,0.0
2016-02-09 00:00:00+09:00,4985.073002760015,4985.073002760015,4770.360120618666,4835.70751953125,506800,0.0,0.0
2016-02-10 00:00:00+09:00,4854.378547668457,4891.719921112061,4667.671680450439,4779.69580078125,387300,0.0,0.0
2016-02-12 00:00:00+09:00,4686.342610182371,4714.348641717325,4550.980124430092,4606.9921875,592300,0.0,0.0
2016-02-15 00:00:00+09:00,4873.04906228218,5069.09126593721,4835.707690157412,5022.41455078125,286500,0.0,0.0
2016-02-16 00:00:00+09:00,5013.080253686798,5097.098358497191,4966.403528792134,4985.07421875,274600,0.0,0.0
2016-02-17 00:00:00+09:00,5171.780039280321,5218.456754436281,4938.396463500523,5022.41455078125,326600,0.0,0.0
2016-02-18 00:00:00+09:00,5237.127462635869,5237.127462635869,5134.438688858695,5153.109375,260800,0.0,0.0
2016-02-19 00:00:00+09:00,5097.098109331678,5153.11017646719,4957.067941492895,5050.42138671875,175000,0.0,0.0
2016-02-22 00:00:00+09:00,5003.74439660009,5227.792653164272,4985.0737085530745,5199.78662109375,233200,0.0,0.0
2016-02-23 00:00:00+09:00,5227.792207792208,5246.462894248609,4994.4086270871985,5031.75,230500,0.0,0.0
2016-02-24 00:00:00+09:00,4966.4022050034155,5199.785767268613,4966.4022050034155,5125.10302734375,241600,0.0,0.0
2016-02-25 00:00:00+09:00,5125.104656982422,5265.134838867188,5125.104656982422,5227.79345703125,167500,0.0,0.0
2016-02-26 00:00:00+09:00,5237.127566019694,5461.175804138184,5199.786192999946,5377.15771484375,362200,0.0,0.0
2016-02-29 00:00:00+09:00,5367.82324479863,5423.835313440007,5237.12841796875,5237.12841796875,373500,0.0,0.0
2016-03-01 00:00:00+09:00,5237.127797534051,5358.487265213093,5199.786422863577,5311.810546875,289300,0.0,0.0
2016-03-02 00:00:00+09:00,5461.175992533539,5526.523397572402,5423.834618225618,5479.8466796875,232600,0.0,0.0
2016-03-03 00:00:00+09:00,5395.828442676958,5451.840502635542,5367.822412697666,5423.83447265625,201800,0.0,0.0
2016-03-04 00:00:00+09:00,5395.828547841495,5442.505265383376,5330.48114328286,5433.169921875,169700,0.0,0.0
2016-03-07 00:00:00+09:00,5414.499367105836,5414.499367105836,5302.475242269164,5358.4873046875,241400,0.0,0.0
2016-03-08 00:00:00+09:00,5274.469107050339,5377.157886125655,5246.463076393434,5349.15185546875,217200,0.0,0.0
2016-03-09 00:00:00+09:00,5283.804515872144,5395.828639883568,5265.1338285369075,5311.810546875,190400,0.0,0.0
2016-03-10 00:00:00+09:00,5302.4744137309,5526.522628395586,5283.80372917551,5498.5166015625,237800,0.0,0.0
2016-03-11 00:00:00+09:00,5405.1640625,5479.846812931779,5377.158031088083,5405.1640625,326800,0.0,0.0
2016-03-14 00:00:00+09:00,5395.828652645262,5489.182089542239,5349.151934196773,5442.50537109375,176400,0.0,0.0
2016-03-15 00:00:00+09:00,5423.833968650689,5591.870132911811,5386.492598814883,5507.85205078125,172900,0.0,0.0
2016-03-16 00:00:00+09:00,5479.847099394565,5554.529853730436,5451.841066518613,5517.1884765625,169500,0.0,0.0
2016-03-17 00:00:00+09:00,5554.529105408551,5601.205820580051,5405.16361685975,5451.84033203125,180900,0.0,0.0
2016-03-18 00:00:00+09:00,5395.828294836956,5461.175696331521,5330.480893342391,5367.822265625,159900,0.0,0.0
2016-03-22 00:00:00+09:00,5377.158276450512,5545.19447258959,5377.158276450512,5470.51171875,251100,0.0,0.0
2016-03-23 00:00:00+09:00,5517.187606399124,5554.528977677629,5489.181577940245,5526.52294921875,156400,0.0,0.0
2016-03-24 00:00:00+09:00,5526.523581208194,5629.21236396713,5526.523581208194,5582.53564453125,163400,0.0,0.0
2016-03-25 00:00:00+09:00,5591.870285955852,5675.888370385906,5545.193572383599,5563.8642578125,140700,0.0,0.0
2016-03-28 00:00:00+09:00,5657.217963368618,5759.90673828125,5657.217963368618,5759.90673828125,256800,0.0,0.0
2016-03-29 00:00:00+09:00,5851.632757636939,5908.079375877809,5804.5939091028795,5861.04052734375,232100,47.5,0.0
2016-03-30 00:00:00+09:00,5814.00146484375,5917.486927810225,5804.593695483161,5814.00146484375,224500,0.0,0.0
2016-03-31 00:00:00+09:00,5531.76817555147,5682.292479648109,5512.952637539391,5597.62255859375,345600,0.0,0.0
2016-04-01 00:00:00+09:00,5550.583767361111,5559.991536458334,5362.428385416667,5418.875,303700,0.0,0.0
2016-04-04 00:00:00+09:00,5400.059956114969,5447.098805906911,5305.982256531084,5334.20556640625,338600,0.0,0.0
2016-04-05 00:00:00+09:00,5296.57372606188,5334.20480049216,5183.680502771041,5211.90380859375,283900,0.0,0.0
2016-04-06 00:00:00+09:00,5240.127975490874,5334.2056770257195,5136.6425038025445,5315.39013671875,345100,0.0,0.0
2016-04-07 00:00:00+09:00,5268.351439360771,5409.46799577222,5268.351439360771,5371.8369140625,281500,0.0,0.0
2016-04-08 00:00:00+09:00,5296.574371654682,5494.137536494377,5268.351062391868,5437.69091796875,211000,0.0,0.0
2016-04-11 00:00:00+09:00,5437.690592730979,5456.506131114131,5343.6129008152175,5409.46728515625,217800,0.0,0.0
2016-04-12 00:00:00+09:00,5428.283148214478,5494.137536494377,5390.652069197394,5437.69091796875,201500,0.0,0.0
2016-04-13 00:00:00+09:00,5531.767578125,5578.8064180750425,5484.7287381749575,5531.767578125,260500,0.0,0.0
2016-04-14 00:00:00+09:00,5635.253956928284,5710.51611328125,5597.622878751802,5710.51611328125,203700,0.0,0.0
2016-04-15 00:00:00+09:00,5616.438204844529,5682.292589155939,5578.807128095152,5663.47705078125,161300,0.0,0.0
2016-04-18 00:00:00+09:00,5456.506129452993,5625.84597484981,5456.506129452993,5578.80712890625,221700,0.0,0.0
2016-04-19 00:00:00+09:00,5719.924205942622,5795.186366547131,5682.293125640368,5738.73974609375,235900,0.0,0.0
2016-04-20 00:00:00+09:00,5738.73974609375,5785.778596471568,5691.700895715932,5738.73974609375,240600,0.0,0.0
2016-04-21 00:00:00+09:00,5814.001906698258,5823.409676773821,5710.516435867059,5738.73974609375,249000,0.0,0.0
2016-04-22 00:00:00+09:00,5644.6613490981545,5682.292424758808,5559.991428861682,5607.0302734375,272000,0.0,0.0
2016-04-25 00:00:00+09:00,5475.321931925251,5625.846246204983,5418.875314070351,5616.4384765625,308900,0.0,0.0
2016-04-26 00:00:00+09:00,5550.584417301185,5672.885429885787,5475.32225571066,5559.9921875,308200,0.0,0.0
2016-04-27 00:00:00+09:00,5494.137152777778,5569.399305555556,5475.321614583334,5503.544921875,267800,0.0,0.0
2016-04-28 00:00:00+09:00,5569.399526678141,5757.554916092943,5465.9140625,5465.9140625,325600,0.0,0.0
2016-05-02 00:00:00+09:00,5183.681505513901,5400.06022534479,5183.681505513901,5371.8369140625,284100,0.0,0.0
2016-05-06 00:00:00+09:00,5465.913900305707,5484.729438688859,5381.243977581522,5409.46728515625,324500,0.0,0.0
2016-05-09 00:00:00+09:00,5437.690591890519,5512.952745411494,5371.836207559664,5494.13720703125,220800,0.0,0.0
2016-05-10 00:00:00+09:00,5494.137471210218,5616.4384765625,5494.137471210218,5616.4384765625,236600,0.0,0.0
2016-05-11 00:00:00+09:00,5635.253799026077,5644.661568306588,5541.176106220967,5569.3994140625,218800,0.0,0.0
2016-05-12 00:00:00+09:00,5503.544976221372,5559.991591362104,5456.506130270763,5494.13720703125,230500,0.0,0.0
2016-05-13 00:00:00+09:00,5503.545187245245,5682.29280871133,5418.875261287625,5625.84619140625,284900,0.0,0.0
2016-05-16 00:00:00+09:00,5607.031319992534,5607.031319992534,5475.322530596736,5512.95361328125,370800,0.0,0.0
2016-05-17 00:00:00+09:00,5494.137316097509,5522.360624228147,5447.098469213112,5475.32177734375,276200,0.0,0.0
2016-05-18 00:00:00+09:00,5541.17599826389,5541.17599826389,5409.467230902778,5418.875,250400,0.0,0.0
2016-05-19 00:00:00+09:00,5465.914227231563,5484.729766740106,5400.059838951665,5437.69091796875,163600,0.0,0.0
2016-05-20 00:00:00+09:00,5447.098307291667,5531.768229166667,5437.690538194444,5503.544921875,148200,0.0,0.0
2016-05-23 00:00:00+09:00,5512.953290831368,5541.176601193986,5456.506670106132,5484.72998046875,142600,0.0,0.0
2016-05-24 00:00:00+09:00,5475.321614583334,5484.729383680556,5371.83615451389,5418.875,152000,0.0,0.0
2016-05-25 00:00:00+09:00,5484.730315580318,5484.730315580318,5400.060379319216,5428.28369140625,148900,0.0,0.0
2016-05-26 00:00:00+09:00,5465.914618336799,5465.914618336799,5315.390291497921,5371.8369140625,228300,0.0,0.0
2016-05-27 00:00:00+09:00,5381.243977581522,5409.46728515625,5343.6129008152175,5409.46728515625,145600,0.0,0.0
2016-05-30 00:00:00+09:00,5484.7297608669605,5588.21522805313,5456.506451634369,5522.36083984375,187600,0.0,0.0
2016-05-31 00:00:00+09:00,5569.399305555556,5691.700303819444,5531.768229166667,5672.884765625,395800,0.0,0.0
2016-06-01 00:00:00+09:00,5625.84619140625,5682.29280871133,5541.176265448631,5625.84619140625,301000,0.0,0.0
2016-06-02 00:00:00+09:00,5569.40023730802,5607.031319992534,5484.730301267865,5512.95361328125,302200,0.0,0.0
2016-06-03 00:00:00+09:00,5494.137796108291,5597.623268295262,5494.137796108291,5559.9921875,140500,0.0,0.0
2016-06-06 00:00:00+09:00,5550.58371356355,5607.030327599789,5484.729330521271,5597.62255859375,144900,0.0,0.0
2016-06-07 00:00:00+09:00,5597.622339280985,5597.622339280985,5531.767958818856,5550.58349609375,98800,0.0,0.0
2016-06-08 00:00:00+09:00,5512.9524215439615,5550.58349609375,5465.913578356726,5550.58349609375,169600,0.0,0.0
2016-06-09 00:00:00+09:00,5503.545687971444,5550.584540005389,5418.875754310345,5456.5068359375,167800,0.0,0.0
2016-06-10 00:00:00+09:00,5409.467230902778,5447.098307291667,5362.428385416667,5418.875,184000,0.0,0.0
2016-06-13 00:00:00+09:00,5287.167593819755,5343.614222935268,5249.536507742746,5268.35205078125,130300,0.0,0.0
2016-06-14 00:00:00+09:00,5268.350311937949,5324.796922422999,5202.495933038725,5230.71923828125,151500,0.0,0.0
2016-06-15 00:00:00+09:00,5277.758193237955,5324.7970363149425,5258.942656007161,5296.57373046875,138900,0.0,0.0
2016-06-16 00:00:00+09:00,5296.573835732281,5315.389373337013,5174.2728413015175,5193.08837890625,179200,0.0,0.0
2016-06-17 00:00:00+09:00,5240.126945996806,5277.758019217609,5127.233726334398,5155.45703125,264800,0.0,0.0
2016-06-20 00:00:00+09:00,5211.903533380682,5240.126837713068,5164.864692826704,5174.2724609375,159100,0.0,0.0
2016-06-21 00:00:00+09:00,5146.049481521248,5221.311631159584,5080.195100587704,5202.49609375,283700,0.0,0.0
2016-06-22 00:00:00+09:00,5183.68017578125,5211.903479823616,5099.0102636541515,5183.68017578125,225800,0.0,0.0
2016-06-23 00:00:00+09:00,5193.088325045208,5240.127168569168,5164.865018930832,5202.49609375,137000,0.0,0.0
2016-06-24 00:00:00+09:00,5202.496078638781,5240.127153348646,4788.554256830271,4863.81640625,298700,0.0,0.0
2016-06-27 00:00:00+09:00,4957.894942622482,5183.681429573031,4957.894942622482,5136.642578125,262400,0.0,0.0
2016-06-28 00:00:00+09:00,5127.233891125621,5258.9426516316,5099.010585302911,5211.90380859375,218500,0.0,0.0
2016-06-29 00:00:00+09:00,5277.758193237955,5334.20480493034,5211.903812930173,5296.57373046875,194700,0.0,0.0
2016-06-30 00:00:00+09:00,5287.1670478916,5305.9825889873,5249.535965700201,5277.75927734375,248900,0.0,0.0
2016-07-01 00:00:00+09:00,5334.205456564422,5381.244305387741,5296.574377505766,5353.02099609375,233000,0.0,0.0
2016-07-04 00:00:00+09:00,5334.2056676352895,5400.06005859375,5315.390127361444,5400.06005859375,131200,0.0,0.0
2016-07-05 00:00:00+09:00,5343.6137551451475,5437.691462101928,5334.205984449469,5428.28369140625,127400,0.0,0.0
2016-07-06 00:00:00+09:00,5305.982686647227,5362.429310973262,5268.351603763204,5343.61376953125,212800,0.0,0.0
2016-07-07 00:00:00+09:00,5362.428549908577,5381.244088680186,5287.16639482214,5305.98193359375,205300,0.0,0.0
2016-07-08 00:00:00+09:00,5334.2047455658785,5343.612514076576,5221.3115234375,5221.3115234375,158700,0.0,0.0
2016-07-11 00:00:00+09:00,5221.3115234375,5221.3115234375,5221.3115234375,5221.3115234375,0,0.0,0.0
2016-07-12 00:00:00+09:00,5456.506131114131,5503.5449770720115,5400.059515964675,5409.46728515625,310300,0.0,0.0
2016-07-13 00:00:00+09:00,5550.584371314859,5559.992141435731,5465.914440227005,5484.72998046875,172100,0.0,0.0
2016-07-14 00:00:00+09:00,5465.9140625,5503.54514038296,5400.059676204819,5465.9140625,221400,0.0,0.0
2016-07-15 00:00:00+09:00,5503.545700046519,5503.545700046519,5353.02137320764,5371.8369140625,214500,0.0,0.0
2016-07-19 00:00:00+09:00,5465.914109041858,5635.253960957097,5447.098569940165,5625.84619140625,275200,0.0,0.0
2016-07-20 00:00:00+09:00,5569.39957410117,5663.477269609636,5541.176265448631,5625.84619140625,200700,0.0,0.0
2016-07-21 00:00:00+09:00,5691.700029834881,5710.515567123592,5588.214574746974,5635.25341796875,170300,0.0,0.0
2016-07-22 00:00:00+09:00,5541.17594455751,5663.47694163603,5522.36040654543,5597.62255859375,207600,0.0,0.0
2016-07-25 00:00:00+09:00,5635.25341796875,5691.700029834881,5578.806806102619,5635.25341796875,203600,0.0,0.0
2016-07-26 00:00:00+09:00,5672.885039160483,5672.885039160483,5578.807343652017,5625.84619140625,188800,0.0,0.0
2016-07-27 00:00:00+09:00,5710.51584201389,5766.962456597223,5569.399305555556,5588.21484375,156900,0.0,0.0
2016-07-28 00:00:00+09:00,5494.137750589623,5635.254302402713,5465.914440227005,5484.72998046875,207100,0.0,0.0
2016-07-29 00:00:00+09:00,5578.807074652778,5701.108072916667,5512.952690972223,5672.884765625,273800,0.0,0.0
2016-08-01 00:00:00+09:00,5456.506129452993,5607.030436472386,5456.506129452993,5578.80712890625,155400,0.0,0.0
2016-08-02 00:00:00+09:00,5484.729168877335,5569.399087436333,5484.729168877335,5541.17578125,132000,0.0,0.0
2016-08-03 00:00:00+09:00,5409.467608705936,5465.914227231563,5400.059838951665,5437.69091796875,99300,0.0,0.0
2016-08-04 00:00:00+09:00,5465.9144495522105,5512.953300236825,5381.244518319904,5400.06005859375,169300,0.0,0.0
2016-08-05 00:00:00+09:00,5371.836757639658,5428.283378560564,5277.759056104812,5315.39013671875,120300,0.0,0.0
2016-08-08 00:00:00+09:00,5362.4293258748885,5371.837096622037,5230.720535414804,5258.94384765625,119500,0.0,0.0
2016-08-09 00:00:00+09:00,5287.166716614308,5362.428876281415,5277.758946655919,5334.20556640625,100600,0.0,0.0
2016-08-10 00:00:00+09:00,5296.574161656032,5409.467394231294,5296.574161656032,5390.65185546875,117500,0.0,0.0
2016-08-12 00:00:00+09:00,5362.428547324935,5418.875163612565,5334.205239181119,5390.65185546875,97700,0.0,0.0
2016-08-15 00:00:00+09:00,5343.613008562391,5390.65185546875,5315.389700418576,5390.65185546875,64200,0.0,0.0
2016-08-16 00:00:00+09:00,5381.244424143145,5381.244424143145,5230.720104586693,5249.53564453125,172300,0.0,0.0
2016-08-17 00:00:00+09:00,5305.981385594649,5324.796922422999,5211.9037014529,5230.71923828125,127100,0.0,0.0
2016-08-18 00:00:00+09:00,5240.12722019596,5268.350526588398,5108.41845703125,5108.41845703125,151400,0.0,0.0
2016-08-19 00:00:00+09:00,5362.428158030791,5362.428158030791,5061.379559685202,5117.826171875,173600,0.0,0.0
2016-08-22 00:00:00+09:00,5117.827037545788,5146.050348414607,5070.788186097757,5136.642578125,142700,0.0,0.0
2016-08-23 00:00:00+09:00,5070.788186097757,5164.865888993819,5070.788186097757,5136.642578125,129000,0.0,0.0
2016-08-24 00:00:00+09:00,5146.049209678108,5202.495818925034,5136.641441470287,5164.86474609375,140200,0.0,0.0
2016-08-25 00:00:00+09:00,5174.273112574268,5202.496420461038,5099.010958209552,5146.0498046875,122900,0.0,0.0
2016-08-26 00:00:00+09:00,5004.933429468459,5099.011125511099,5004.933429468459,5033.15673828125,132300,0.0,0.0
2016-08-29 00:00:00+09:00,5108.418675375884,5117.826444575471,4948.4865989829,4986.11767578125,178900,0.0,0.0
2016-08-30 00:00:00+09:00,4995.525497720144,5080.195421410316,4957.8944205245125,5061.3798828125,136000,0.0,0.0
2016-08-31 00:00:00+09:00,5080.195367777123,5080.195367777123,4967.302137382075,4986.11767578125,190300,0.0,0.0
2016-09-01 00:00:00+09:00,4967.302029487782,5061.379719440202,4967.302029487782,5004.93310546875,140900,0.0,0.0
2016-09-02 00:00:00+09:00,4882.63221458579,5033.156521779186,4882.63221458579,4986.11767578125,175400,0.0,0.0
2016-09-05 00:00:00+09:00,5023.748973309767,5042.564512535647,4939.07904679331,4948.48681640625,150000,0.0,0.0
2016-09-06 00:00:00+09:00,4892.040035432156,5070.7876521114085,4892.040035432156,5061.3798828125,134100,0.0,0.0
2016-09-07 00:00:00+09:00,5004.932894925459,5136.641655318234,4986.117357726491,5127.23388671875,131400,0.0,0.0
2016-09-08 00:00:00+09:00,5117.826880787037,5146.050190791378,5061.380260778356,5080.19580078125,152100,0.0,0.0
2016-09-09 00:00:00+09:00,4967.301481989504,5014.340321781071,4901.44710628131,4929.67041015625,307600,0.0,0.0
2016-09-12 00:00:00+09:00,4797.962025507737,4901.447480959864,4797.962025507737,4863.81640625,180900,0.0,0.0
2016-09-13 00:00:00+09:00,4826.186411559466,4901.448577821602,4816.778640776699,4845.001953125,161800,0.0,0.0
2016-09-14 00:00:00+09:00,4797.96142578125,4854.408030790441,4779.145890778186,4797.96142578125,156500,0.0,0.0
2016-09-15 00:00:00+09:00,4750.923663762611,4788.554742287463,4741.5158941313975,4779.14697265625,102200,0.0,0.0
2016-09-16 00:00:00+09:00,4779.146917976424,4807.370226547151,4750.923609405698,4788.5546875,119000,0.0,0.0
2016-09-20 00:00:00+09:00,4722.700609554942,4910.856012326056,4722.700609554942,4901.4482421875,287000,0.0,0.0
2016-09-21 00:00:00+09:00,4854.409066650854,4976.710070268026,4854.409066650854,4957.89453125,167500,0.0,0.0
2016-09-23 00:00:00+09:00,4948.486491497299,5023.748643459235,4901.447646521088,5004.93310546875,183900,0.0,0.0
2016-09-26 00:00:00+09:00,5051.9716796875,5080.194985160615,4986.117300250233,5051.9716796875,188200,0.0,0.0
2016-09-27 00:00:00+09:00,5004.934066687847,5108.41954551034,4939.079671073533,5089.60400390625,248200,0.0,0.0
2016-09-28 00:00:00+09:00,5167.832203052662,5205.761246744792,5091.974115668403,5120.4208984375,194300,42.5,0.0
2016-09-29 00:00:00+09:00,5139.385420283565,5158.349942129629,5101.456376591435,5120.4208984375,115000,0.0,0.0
2016-09-30 00:00:00+09:00,5025.597975686332,5129.902839332652,4987.6689343603975,5073.00927734375,203700,0.0,0.0
2016-10-03 00:00:00+09:00,5129.902839332652,5139.385099664136,5063.527017012267,5073.00927734375,122600,0.0,0.0
2016-10-04 00:00:00+09:00,5091.973959851621,5091.973959851621,5025.5981354215255,5082.49169921875,111000,0.0,0.0
2016-10-05 00:00:00+09:00,5063.527679097877,5073.009940669222,5025.5986328125,5025.5986328125,209700,0.0,0.0
2016-10-06 00:00:00+09:00,5091.972812202946,5110.937329194391,4968.703451758555,4987.66796875,278600,0.0,0.0
2016-10-07 00:00:00+09:00,5016.116386122376,5016.116386122376,4911.811508528149,4968.705078125,190100,0.0,0.0
2016-10-11 00:00:00+09:00,4968.7047507440475,5016.11605561756,4968.7047507440475,4978.18701171875,111400,0.0,0.0
2016-10-12 00:00:00+09:00,4968.704904595936,5054.0452560107515,4959.222643327623,5016.1162109375,159300,0.0,0.0
2016-10-13 00:00:00+09:00,5054.044598193268,5054.044598193268,4987.668777954332,5035.080078125,155600,0.0,0.0
2016-10-14 00:00:00+09:00,5035.080894383844,5091.97446381191,5006.634109669812,5025.5986328125,136800,0.0,0.0
2016-10-17 00:00:00+09:00,4997.151358026501,5082.491703799249,4997.151358026501,5054.044921875,95400,0.0,0.0
2016-10-18 00:00:00+09:00,5120.419760607798,5205.760089951261,5101.455242975917,5167.8310546875,190200,0.0,0.0
2016-10-19 00:00:00+09:00,5186.795735677083,5215.242513020833,5148.86669921875,5177.3134765625,119500,0.0,0.0
2016-10-20 00:00:00+09:00,5186.795735677083,5196.277994791667,5148.86669921875,5177.3134765625,123400,0.0,0.0
2016-10-21 00:00:00+09:00,5158.3499366942915,5167.832197607332,5091.974110303005,5148.86767578125,144900,0.0,0.0
2016-10-24 00:00:00+09:00,5139.384440104167,5186.795735677083,5120.419921875,5177.3134765625,130700,0.0,0.0
2016-10-25 00:00:00+09:00,5196.27880859375,5234.207850992244,5186.796547994126,5196.27880859375,112800,0.0,0.0
2016-10-26 00:00:00+09:00,5224.725256897523,5272.13655686937,5196.278476914415,5262.654296875,161700,0.0,0.0
2016-10-27 00:00:00+09:00,5272.136231351718,5291.10075016953,5224.724934307188,5243.689453125,156500,0.0,0.0
2016-10-28 00:00:00+09:00,5281.619317615836,5300.583839402607,5139.38540421505,5205.76123046875,222300,0.0,0.0
2016-10-31 00:00:00+09:00,5224.724772135417,5224.724772135417,5082.490885416667,5177.3134765625,179400,0.0,0.0
2016-11-01 00:00:00+09:00,5016.115230764787,5139.384603165435,4959.221674272181,5129.90234375,250800,0.0,0.0
2016-11-02 00:00:00+09:00,4978.186198539078,5073.008792796965,4940.257160835923,4959.2216796875,237200,0.0,0.0
2016-11-04 00:00:00+09:00,4921.292971588844,4921.292971588844,4816.988110919331,4892.84619140625,171100,0.0,0.0
2016-11-07 00:00:00+09:00,4949.739585847008,4959.22184559001,4883.363767645994,4911.810546875,134600,0.0,0.0
2016-11-08 00:00:00+09:00,4902.327632896588,4911.809891374144,4798.022789643469,4845.43408203125,163400,0.0,0.0
2016-11-09 00:00:00+09:00,4854.918116683726,4892.847164470318,4603.638175097556,4632.0849609375,164100,0.0,0.0
2016-11-10 00:00:00+09:00,4959.222006143738,4978.186526243714,4854.91714559387,4949.73974609375,264100,0.0,0.0
2016-11-11 00:00:00+09:00,4987.66930743035,4987.66930743035,4779.059564534024,4807.50634765625,235000,0.0,0.0
2016-11-14 00:00:00+09:00,4854.918128654971,4873.882652595029,4798.0245568347955,4864.400390625,218200,0.0,0.0
2016-11-15 00:00:00+09:00,4873.882344523515,4892.846867264851,4760.095208075495,4788.5419921875,198500,0.0,0.0
2016-11-16 00:00:00+09:00,4854.917151162791,4902.328451467115,4816.988110919331,4892.84619140625,207000,0.0,0.0
2016-11-17 00:00:00+09:00,4854.917148362235,4949.739748916185,4845.43488830684,4921.29296875,138600,0.0,0.0
2016-11-18 00:00:00+09:00,4902.328127883551,4911.810387318528,4816.98779296875,4816.98779296875,204600,0.0,0.0
2016-11-21 00:00:00+09:00,4736.389326515389,4769.5772397141955,4703.201413316583,4717.4248046875,339600,0.0,0.0
2016-11-22 00:00:00+09:00,4679.495601043241,4717.424643402253,4617.860907209844,4707.9423828125,452900,0.0,0.0
2016-11-24 00:00:00+09:00,4722.166015625,4807.50636530497,4722.166015625,4722.166015625,273500,0.0,0.0
2016-11-25 00:00:00+09:00,4712.683584042619,4807.50619136742,4712.683584042619,4769.5771484375,224800,0.0,0.0
2016-11-28 00:00:00+09:00,4736.389487799335,4750.612879654589,4717.424965325665,4726.9072265625,244100,0.0,0.0
2016-11-29 00:00:00+09:00,4660.531159613934,4736.38924563003,4641.56663810991,4712.68359375,318300,0.0,0.0
2016-11-30 00:00:00+09:00,4736.389235873819,4788.54166990246,4722.165844775099,4769.5771484375,376200,0.0,0.0
2016-12-01 00:00:00+09:00,4816.988447227026,4826.470707949914,4741.130361443923,4798.02392578125,311600,0.0,0.0
2016-12-02 00:00:00+09:00,4760.094897510061,4798.023940518109,4707.9424633739945,4712.68359375,257500,0.0,0.0
2016-12-05 00:00:00+09:00,4722.165618615934,4731.6478788942795,4622.60188569331,4641.56640625,228700,0.0,0.0
2016-12-06 00:00:00+09:00,4698.459723844234,4707.941983629994,4589.41373630799,4598.89599609375,235900,0.0,0.0
2016-12-07 00:00:00+09:00,4684.236658960459,4684.236658960459,4603.637445192921,4646.3076171875,262300,0.0,0.0
2016-12-08 00:00:00+09:00,4651.049243214195,4674.754896849333,4594.155674489862,4617.861328125,192700,0.0,0.0
2016-12-09 00:00:00+09:00,4565.708399526971,4693.71891540156,4565.708399526971,4674.75439453125,306700,0.0,0.0
2016-12-12 00:00:00+09:00,4655.7897125492245,4684.2364928703,4617.860672121125,4665.27197265625,305400,0.0,0.0
2016-12-13 00:00:00+09:00,4665.272601002241,4779.059737612051,4665.272601002241,4760.09521484375,204200,0.0,0.0
2016-12-14 00:00:00+09:00,4826.470703125,4864.399745978634,4807.506181698182,4826.470703125,196900,0.0,0.0
2016-12-15 00:00:00+09:00,4826.469565076138,4864.398598986362,4816.987306598581,4845.43408203125,249600,0.0,0.0
2016-12-16 00:00:00+09:00,4883.363771438599,4892.846031188965,4835.952472686768,4854.9169921875,251900,0.0,0.0
2016-12-19 00:00:00+09:00,4835.952794412695,4892.846356699903,4826.470534031493,4873.8818359375,193400,0.0,0.0
2016-12-20 00:00:00+09:00,4864.399246303683,4959.221843697517,4845.434726824916,4940.25732421875,140700,0.0,0.0
2016-12-21 00:00:00+09:00,4940.256666806813,4940.256666806813,4845.43408203125,4845.43408203125,197600,0.0,0.0
2016-12-22 00:00:00+09:00,4779.05908203125,4826.470382448227,4760.094561864459,4779.05908203125,198600,0.0,0.0
2016-12-26 00:00:00+09:00,4826.470376646753,4873.881677006741,4788.541336358762,4835.95263671875,126500,0.0,0.0
2016-12-27 00:00:00+09:00,4883.363115941475,4892.845374419031,4835.951823553693,4845.43408203125,114300,0.0,0.0
2016-12-28 00:00:00+09:00,4854.917485265226,4854.917485265226,4816.988442411592,4826.470703125,139800,0.0,0.0
2016-12-29 00:00:00+09:00,4873.881511688232,4873.881511688232,4798.023433685303,4854.9169921875,191100,0.0,0.0
2016-12-30 00:00:00+09:00,4845.43408203125,4864.398598986362,4816.987306598581,4845.43408203125,106900,0.0,0.0
2017-01-04 00:00:00+09:00,4892.846352907399,4959.222175524359,4854.917311411992,4902.32861328125,216300,0.0,0.0
2017-01-05 00:00:00+09:00,4921.292955034234,5063.52685546875,4911.810695005267,5063.52685546875,312400,0.0,0.0
2017-01-06 00:00:00+09:00,5044.562661233584,5073.009443157833,5025.59813995075,5054.044921875,197200,0.0,0.0
2017-01-10 00:00:00+09:00,5016.115236242233,5063.526533371176,4949.7394202617115,4959.2216796875,198700,0.0,0.0
2017-01-11 00:00:00+09:00,4930.775228805394,4968.7042690269745,4902.3284486392095,4921.29296875,167800,0.0,0.0
2017-01-12 00:00:00+09:00,5006.634320175439,5006.634320175439,4864.400390625,4864.400390625,202800,0.0,0.0
2017-01-13 00:00:00+09:00,4864.399248159991,4921.292806618002,4864.399248159991,4911.810546875,119600,0.0,0.0
2017-01-16 00:00:00+09:00,4873.881997117718,4921.293300591627,4854.917475728155,4883.3642578125,124100,0.0,0.0
2017-01-17 00:00:00+09:00,4902.328127883551,4911.810387318528,4807.505533533772,4816.98779296875,151300,0.0,0.0
2017-01-18 00:00:00+09:00,4816.988447227026,4835.952968672802,4779.059404335475,4798.02392578125,147300,0.0,0.0
2017-01-19 00:00:00+09:00,4798.024253558168,4835.953299040842,4779.059730816832,4788.5419921875,155700,0.0,0.0
2017-01-20 00:00:00+09:00,4798.024253558168,4816.988776299505,4760.095208075495,4788.5419921875,135800,0.0,0.0
2017-01-23 00:00:00+09:00,4750.612879654589,4769.57740212826,4693.719312233576,4726.9072265625,147500,0.0,0.0
2017-01-24 00:00:00+09:00,4726.906979980469,4760.094892578125,4693.719067382813,4741.13037109375,180800,0.0,0.0
2017-01-25 00:00:00+09:00,4798.02393063494,4807.50619136742,4760.09488770502,4769.5771484375,100400,0.0,0.0
2017-01-26 00:00:00+09:00,4854.916826003824,4987.668457964866,4845.434566578036,4959.2216796875,309300,0.0,0.0
2017-01-27 00:00:00+09:00,4978.187006170099,5016.116050026634,4940.257962313565,5006.6337890625,177200,0.0,0.0
2017-01-30 00:00:00+09:00,4968.704728962989,5110.938642960021,4968.704728962989,5091.97412109375,274900,0.0,0.0
2017-01-31 00:00:00+09:00,5035.079908758072,5167.831544770525,5025.597649042897,5139.384765625,317200,0.0,0.0
2017-02-01 00:00:00+09:00,5091.973635555652,5110.938155613589,4997.151035265976,5063.52685546875,216600,0.0,0.0
2017-02-02 00:00:00+09:00,5120.420418432203,5129.902678466337,5016.115558056733,5035.080078125,165400,0.0,0.0
2017-02-03 00:00:00+09:00,5035.080409822699,5063.527191799099,4978.1868458699,4997.1513671875,283900,0.0,0.0
2017-02-06 00:00:00+09:00,5044.5626704814995,5054.044931140299,4959.222324552301,4997.1513671875,213700,0.0,0.0
2017-02-07 00:00:00+09:00,4997.151528098367,5025.5983109907675,4959.222484241833,5006.6337890625,149300,0.0,0.0
2017-02-08 00:00:00+09:00,5054.044931140299,5054.044931140299,4968.7045852111005,4997.1513671875,155300,0.0,0.0
2017-02-09 00:00:00+09:00,4949.739751771439,4959.222011832304,4892.84619140625,4892.84619140625,184000,0.0,0.0
2017-02-10 00:00:00+09:00,4968.703939113289,4978.186198539078,4921.292641984345,4959.2216796875,133800,0.0,0.0
2017-02-13 00:00:00+09:00,5025.5983109907675,5044.562832919034,4978.187006170099,5006.6337890625,204400,0.0,0.0
2017-02-14 00:00:00+09:00,5025.598611070849,5139.385749434718,5006.634088010204,5110.93896484375,326900,0.0,0.0
2017-02-15 00:00:00+09:00,5205.761580146974,5215.243841677297,5091.974441783105,5110.93896484375,160900,0.0,0.0
2017-02-16 00:00:00+09:00,5101.456703313428,5120.421226374073,5054.045395661816,5110.93896484375,154200,0.0,0.0
2017-02-17 00:00:00+09:00,5035.080555494937,5101.456382026885,5016.116033628666,5091.97412109375,138100,0.0,0.0
2017-02-20 00:00:00+09:00,5073.00927734375,5101.456058338201,5016.115715354848,5073.00927734375,180900,0.0,0.0
2017-02-21 00:00:00+09:00,5091.973638329802,5091.973638329802,5016.115558056733,5035.080078125,88300,0.0,0.0
2017-02-22 00:00:00+09:00,5006.6337890625,5016.116050026634,4959.222484241833,5006.6337890625,206100,0.0,0.0
2017-02-23 00:00:00+09:00,5016.1162109375,5054.0452560107515,4968.704904595936,5016.1162109375,223200,0.0,0.0
2017-02-24 00:00:00+09:00,5006.634124522901,5016.116386122376,4949.74055492605,4968.705078125,167700,0.0,0.0
2017-02-27 00:00:00+09:00,4949.740063893501,5016.1158885051,4940.257803234701,4997.1513671875,246500,0.0,0.0
2017-02-28 00:00:00+09:00,5044.562014519599,5044.562014519599,4940.257160835923,4959.2216796875,297700,0.0,0.0
2017-03-01 00:00:00+09:00,4968.7047507440475,5006.6337946428575,4930.775706845238,4978.18701171875,252100,0.0,0.0
2017-03-02 00:00:00+09:00,5035.079261228612,5044.561519724334,4959.2211932628325,4987.66796875,146200,0.0,0.0
2017-03-03 00:00:00+09:00,4987.668786293702,5016.1155664436665,4921.292965943786,4949.73974609375,171400,0.0,0.0
2017-03-06 00:00:00+09:00,4968.7047507440475,4997.151533668155,4940.257967819941,4978.18701171875,96800,0.0,0.0
2017-03-07 00:00:00+09:00,4978.186517920198,5063.526858227401,4968.704257886065,5035.080078125,192300,0.0,0.0
2017-03-08 00:00:00+09:00,5167.832203052662,5167.832203052662,5091.974115668403,5120.4208984375,312300,0.0,0.0
2017-03-09 00:00:00+09:00,5158.3499366942915,5167.832197607332,5101.456371216045,5148.86767578125,179700,0.0,0.0
2017-03-10 00:00:00+09:00,5148.867681206597,5167.832203052662,5101.456376591435,5120.4208984375,264000,0.0,0.0
2017-03-13 00:00:00+09:00,5129.902828440947,5196.278650620405,5129.902828440947,5158.349609375,154000,0.0,0.0
2017-03-14 00:00:00+09:00,5120.4208984375,5139.385420283565,5073.009593822338,5120.4208984375,123400,0.0,0.0
2017-03-15 00:00:00+09:00,5082.491375526685,5101.4558955846205,5063.52685546875,5063.52685546875,126600,0.0,0.0
2017-03-16 00:00:00+09:00,5025.598611070849,5110.93896484375,5006.634088010204,5110.93896484375,159100,0.0,0.0
2017-03-17 00:00:00+09:00,5073.0099187224605,5120.421226374073,5073.0099187224605,5110.93896484375,201700,0.0,0.0
2017-03-21 00:00:00+09:00,5073.0099187224605,5129.903487904395,5073.0099187224605,5110.93896484375,106300,0.0,0.0
2017-03-22 00:00:00+09:00,5035.080894383844,5120.421248525943,5025.5986328125,5025.5986328125,179000,0.0,0.0
2017-03-23 00:00:00+09:00,5054.044921875,5120.420746364915,5025.59813995075,5054.044921875,144800,0.0,0.0
2017-03-24 00:00:00+09:00,5091.974115668403,5129.903159360532,5063.527332899305,5120.4208984375,125800,0.0,0.0
2017-03-27 00:00:00+09:00,5073.010263084469,5101.457049606438,5016.1166900405315,5044.5634765625,160300,0.0,0.0
2017-03-28 00:00:00+09:00,5110.937986479474,5158.34928505535,5101.455726764299,5139.384765625,214600,0.0,0.0
2017-03-29 00:00:00+09:00,5232.654387130314,5242.220482902033,5146.559525184843,5175.2578125,202200,47.5,0.0
2017-03-30 00:00:00+09:00,5156.126023933069,5184.824313491138,5108.295541336287,5127.427734375,229700,0.0,0.0
2017-03-31 00:00:00+09:00,5156.126120283019,5184.824410377359,5070.03125,5070.03125,284700,0.0,0.0
2017-04-03 00:00:00+09:00,5079.597381251452,5175.258348883306,5060.465187725082,5146.56005859375,225300,0.0,0.0
2017-04-04 00:00:00+09:00,5232.654387130314,5242.220482902033,5146.559525184843,5175.2578125,303300,0.0,0.0
2017-04-05 00:00:00+09:00,5175.258659518495,5213.5230488679845,5156.12646484375,5156.12646484375,257000,0.0,0.0
2017-04-06 00:00:00+09:00,5146.559256550024,5156.125351822421,5031.76611328125,5031.76611328125,224100,0.0,0.0
2017-04-07 00:00:00+09:00,5108.295457053319,5117.861553414842,5031.766686161135,5079.59716796875,243200,0.0,0.0
2017-04-10 00:00:00+09:00,5127.428011283081,5136.994108319057,5041.333137959298,5060.46533203125,188000,0.0,0.0
2017-04-11 00:00:00+09:00,5079.597526103202,5117.861914247105,5041.333137959298,5060.46533203125,181800,0.0,0.0
2017-04-12 00:00:00+09:00,5041.333137959298,5070.031429067226,5012.634846851371,5060.46533203125,187500,0.0,0.0
2017-04-13 00:00:00+09:00,5060.464975245704,5117.861553414842,5031.766686161135,5079.59716796875,177800,0.0,0.0
2017-04-14 00:00:00+09:00,5079.596497870682,5098.7286880698175,4983.935546875,4983.935546875,122400,0.0,0.0
2017-04-17 00:00:00+09:00,5003.068176839953,5127.42742406542,4983.935984959112,5117.861328125,188700,0.0,0.0
2017-04-18 00:00:00+09:00,5175.258479817709,5194.390673828126,5108.29580078125,5165.6923828125,173600,0.0,0.0
2017-04-19 00:00:00+09:00,5117.861019029529,5251.786354106938,5117.861019029529,5213.52197265625,184400,0.0,0.0
2017-04-20 00:00:00+09:00,5251.786175738324,5261.352270776099,5184.8235104739015,5223.087890625,211500,0.0,0.0
2017-04-21 00:00:00+09:00,5213.522867838542,5213.522867838542,5127.427994791667,5165.6923828125,153800,0.0,0.0
2017-04-24 00:00:00+09:00,5242.221321022727,5261.353515625,5184.824737215909,5261.353515625,193700,0.0,0.0
2017-04-25 00:00:00+09:00,5232.654515455776,5299.6171875,5203.956227436823,5299.6171875,228500,0.0,0.0
2017-04-26 00:00:00+09:00,5490.938959928168,5739.657449402265,5490.938959928168,5701.39306640625,762300,0.0,0.0
2017-04-27 00:00:00+09:00,5739.658235248767,5864.01749701249,5701.393847013775,5816.18701171875,583900,0.0,0.0
2017-04-28 00:00:00+09:00,5806.620521114513,5835.318810345722,5730.091749831291,5758.7900390625,268200,0.0,0.0
2017-05-01 00:00:00+09:00,5777.922703405384,5892.715869698206,5777.922703405384,5864.017578125,205500,0.0,0.0
2017-05-02 00:00:00+09:00,5978.81079501793,5978.81079501793,5825.753238665471,5835.3193359375,238800,0.0,0.0
2017-05-08 00:00:00+09:00,5988.3761087405455,6026.6404928219545,5969.243916699841,6007.50830078125,356400,0.0,0.0
2017-05-09 00:00:00+09:00,5988.375396286232,6007.507586050724,5911.846637228261,5940.544921875,248000,0.0,0.0
2017-05-10 00:00:00+09:00,5959.67720319364,6036.205963427266,5959.67720319364,5988.37548828125,258400,0.0,0.0
2017-05-11 00:00:00+09:00,6036.20636527146,6103.169034933742,6036.20636527146,6045.7724609375,242000,0.0,0.0
2017-05-12 00:00:00+09:00,5988.376417490561,6036.206900058377,5969.244224463434,6017.07470703125,135000,0.0,0.0
2017-05-15 00:00:00+09:00,6007.508516855315,6093.603384135088,6007.508516855315,6074.47119140625,161300,0.0,0.0
2017-05-16 00:00:00+09:00,6122.301447574335,6160.565831621674,6093.60315953883,6112.7353515625,142600,0.0,0.0
2017-05-17 00:00:00+09:00,6150.998888607888,6179.697172691595,6122.300604524181,6131.86669921875,165600,0.0,0.0
2017-05-18 00:00:00+09:00,6064.905261325097,6179.698420845445,6064.905261325097,6170.13232421875,206100,0.0,0.0
2017-05-19 00:00:00+09:00,6198.83056640625,6246.66104917173,6189.264469853154,6198.83056640625,261100,0.0,0.0
2017-05-22 00:00:00+09:00,6189.264291819144,6217.9625806529275,6170.132099263289,6208.396484375,142600,0.0,0.0
2017-05-23 00:00:00+09:00,6313.624072488585,6332.756266647641,6256.227490011415,6284.92578125,181600,0.0,0.0
2017-05-24 00:00:00+09:00,6342.321645116302,6351.887741111952,6265.792877151097,6323.189453125,210200,0.0,0.0
2017-05-25 00:00:00+09:00,6323.189631421638,6351.887920217803,6294.491342625473,6313.62353515625,132600,0.0,0.0
2017-05-26 00:00:00+09:00,6160.565299578867,6284.924536992726,6160.565299578867,6246.66015625,254900,0.0,0.0
2017-05-29 00:00:00+09:00,6217.962534149731,6256.226918975269,6208.396437943347,6237.0947265625,198100,0.0,0.0
2017-05-30 00:00:00+09:00,6217.96244837954,6237.0946405284,6170.131968007389,6189.26416015625,215500,0.0,0.0
2017-05-31 00:00:00+09:00,6189.264385692069,6217.96267496112,6131.867807153966,6151.0,257700,0.0,0.0
2017-06-01 00:00:00+09:00,6217.962748363998,6332.755906795333,6208.396651828054,6304.0576171875,220400,0.0,0.0
2017-06-02 00:00:00+09:00,6361.453977245495,6371.0200734518785,6217.962534149731,6237.0947265625,278800,0.0,0.0
2017-06-05 00:00:00+09:00,6170.132053117811,6275.359111388037,6131.867668292274,6237.0947265625,163600,0.0,0.0
2017-06-06 00:00:00+09:00,6179.698420845445,6208.396710725533,6074.471357951792,6170.13232421875,242800,0.0,0.0
2017-06-07 00:00:00+09:00,6122.301180340557,6179.69775390625,6103.168989151993,6179.69775390625,202100,0.0,0.0
2017-06-08 00:00:00+09:00,6198.83003540039,6208.396131134033,6103.169078063965,6122.30126953125,187400,0.0,0.0
2017-06-09 00:00:00+09:00,6026.6409345285265,6103.169708300317,6017.074837807052,6036.20703125,280700,0.0,0.0
2017-06-12 00:00:00+09:00,5988.376725260417,6055.339404296876,5892.715755208334,6026.64111328125,191400,0.0,0.0
2017-06-13 00:00:00+09:00,6017.074575421152,6103.169442160088,5978.810190203848,5997.9423828125,231900,0.0,0.0
2017-06-14 00:00:00+09:00,6017.074575421152,6084.037249551435,5988.3762865081735,5997.9423828125,166400,0.0,0.0
2017-06-15 00:00:00+09:00,6036.206983500099,6084.037466729102,5988.376500271096,6064.9052734375,170300,0.0,0.0
2017-06-16 00:00:00+09:00,6151.000130965358,6208.396710725533,6074.471357951792,6170.13232421875,390600,0.0,0.0
2017-06-19 00:00:00+09:00,6179.699066674619,6313.6244334446565,6179.699066674619,6265.7939453125,167800,0.0,0.0
2017-06-20 00:00:00+09:00,6313.623221781717,6466.68075443097,6304.0571259911385,6409.2841796875,294400,0.0,0.0
2017-06-21 00:00:00+09:00,6514.510963608982,6514.510963608982,6418.85000966465,6476.24658203125,241400,0.0,0.0
2017-06-22 00:00:00+09:00,6524.078285878793,6658.003646585983,6504.946091492052,6619.7392578125,281500,0.0,0.0
2017-06-23 00:00:00+09:00,6667.569299794766,6667.569299794766,6571.908334230996,6591.04052734375,124800,0.0,0.0
2017-06-26 00:00:00+09:00,6638.871176178022,6696.2677569518955,6581.474595404149,6686.70166015625,196400,0.0,0.0
2017-06-27 00:00:00+09:00,6782.361863477968,6801.49405491232,6638.870427720324,6648.4365234375,158500,0.0,0.0
2017-06-28 00:00:00+09:00,6629.304913569258,6638.871010125636,6571.908334230996,6591.04052734375,200100,0.0,0.0
2017-06-29 00:00:00+09:00,6839.758662471065,6868.456950565349,6686.701125968216,6715.3994140625,325100,0.0,0.0
2017-06-30 00:00:00+09:00,6610.173030598959,6658.003515625001,6571.908642578125,6600.60693359375,283300,0.0,0.0
2017-07-03 00:00:00+09:00,6677.135122014188,6686.701218177532,6591.040256544091,6658.0029296875,212200,0.0,0.0
2017-07-04 00:00:00+09:00,6696.266454211353,6696.266454211353,6447.547985912074,6466.68017578125,302100,0.0,0.0
2017-07-05 00:00:00+09:00,6399.717511239136,6466.68017578125,6351.887036566198,6466.68017578125,275100,0.0,0.0
2017-07-06 00:00:00+09:00,6466.680928308824,6543.209696691177,6457.11483226103,6504.9453125,150500,0.0,0.0
2017-07-07 00:00:00+09:00,6466.681591724963,6533.644270929216,6447.549397666605,6495.3798828125,160500,0.0,0.0
2017-07-10 00:00:00+09:00,6533.643509133564,6619.738372357872,6514.511317305941,6562.341796875,160900,0.0,0.0
2017-07-11 00:00:00+09:00,6552.7756967640335,6677.134943563935,6543.209600856349,6667.56884765625,129000,0.0,0.0
2017-07-12 00:00:00+09:00,6619.738948308611,6667.569432039164,6562.342367831947,6610.1728515625,137900,0.0,0.0
2017-07-13 00:00:00+09:00,6619.738982586731,6696.2677569518955,6610.172885791086,6686.70166015625,73800,0.0,0.0
2017-07-14 00:00:00+09:00,6686.70103947162,6696.267135379305,6629.304464025511,6667.56884765625,139100,0.0,0.0
2017-07-17 00:00:00+09:00,6667.56884765625,6667.56884765625,6667.56884765625,6667.56884765625,0,0.0,0.0
2017-07-18 00:00:00+09:00,6638.870737360811,6677.135122014188,6610.17244887078,6658.0029296875,103600,0.0,0.0
2017-07-19 00:00:00+09:00,6629.3048092245035,6763.230158905807,6629.3048092245035,6753.6640625,132300,0.0,0.0
2017-07-20 00:00:00+09:00,6763.230195886948,6839.758967551865,6724.96581005449,6830.19287109375,142500,0.0,0.0
2017-07-21 00:00:00+09:00,6772.795984725631,6839.758656890997,6705.833312560265,6820.62646484375,160900,0.0,0.0
2017-07-24 00:00:00+09:00,6811.060454387187,6878.0231273938025,6782.36216595578,6868.45703125,189100,0.0,0.0
2017-07-25 00:00:00+09:00,6830.193014461436,6849.325207779255,6686.701564577792,6744.09814453125,276700,0.0,0.0
2017-07-26 00:00:00+09:00,6677.134861823694,6705.8331491954295,6390.151988106343,6409.2841796875,793900,0.0,0.0
2017-07-27 00:00:00+09:00,6409.284798758371,6504.945765904018,6409.284798758371,6428.4169921875,462500,0.0,0.0
2017-07-28 00:00:00+09:00,6495.379478766905,6552.77605737162,6428.416803728071,6543.2099609375,239400,0.0,0.0
2017-07-31 00:00:00+09:00,6734.531975689405,6744.0980722457825,6591.04052734375,6591.04052734375,399100,0.0,0.0
2017-08-01 00:00:00+09:00,6591.040836588542,6638.871321614583,6562.342545572917,6600.60693359375,166100,0.0,0.0
2017-08-02 00:00:00+09:00,6610.173079711381,6629.305273863946,6552.776497253684,6571.90869140625,180200,0.0,0.0
2017-08-03 00:00:00+09:00,6571.908417011888,6696.26767381124,6571.908417011888,6638.87109375,136100,0.0,0.0
2017-08-04 00:00:00+09:00,6648.436741842504,6753.663798188212,6629.3045497796475,6715.3994140625,129900,0.0,0.0
2017-08-07 00:00:00+09:00,6715.399327194674,6734.531519010044,6658.002751748566,6667.56884765625,147600,0.0,0.0
2017-08-08 00:00:00+09:00,6610.172981911752,6658.003466585498,6552.776400303256,6629.30517578125,237800,0.0,0.0
2017-08-09 00:00:00+09:00,6600.606313306232,6619.738505518713,6504.9453522438225,6581.47412109375,250900,0.0,0.0
2017-08-10 00:00:00+09:00,6581.474430787373,6638.871010125636,6552.776141118243,6591.04052734375,157600,0.0,0.0
2017-08-11 00:00:00+09:00,6591.04052734375,6591.04052734375,6591.04052734375,6591.04052734375,0,0.0,0.0
2017-08-14 00:00:00+09:00,6552.776152574207,6600.606635439713,6476.2473799894,6485.8134765625,276300,0.0,0.0
2017-08-15 00:00:00+09:00,6514.511008781934,6591.039772468065,6495.378817860401,6552.775390625,257400,0.0,0.0
2017-08-16 00:00:00+09:00,6629.305355005871,6667.569743779353,6591.040966232388,6619.7392578125,152000,0.0,0.0
2017-08-17 00:00:00+09:00,6610.1728515625,6667.569432039164,6600.606754816389,6610.1728515625,122400,0.0,0.0
2017-08-18 00:00:00+09:00,6514.5120768708575,6543.210367958394,6485.813785783321,6495.3798828125,138300,0.0,0.0
2017-08-21 00:00:00+09:00,6543.210174339725,6629.305045054722,6543.210174339725,6610.1728515625,172100,0.0,0.0
2017-08-22 00:00:00+09:00,6581.474430787373,6667.569299794766,6571.908334230996,6591.04052734375,114600,0.0,0.0
2017-08-23 00:00:00+09:00,6638.870564185496,6648.436660099308,6543.2096050473765,6562.341796875,170500,0.0,0.0
2017-08-24 00:00:00+09:00,6524.078173900037,6581.47475607511,6495.3798828125,6495.3798828125,125100,0.0,0.0
2017-08-25 00:00:00+09:00,6504.944868214549,6504.944868214549,6409.283914270218,6476.24658203125,120300,0.0,0.0
2017-08-28 00:00:00+09:00,6485.813120404412,6552.775792738971,6476.247024356618,6504.9453125,146300,0.0,0.0
2017-08-29 00:00:00+09:00,6457.115446297655,6552.776415872434,6447.549349340176,6524.078125,109900,0.0,0.0
2017-08-30 00:00:00+09:00,6562.341486085766,6610.171963389598,6533.643199703467,6552.775390625,142600,0.0,0.0
2017-08-31 00:00:00+09:00,6562.342237674619,6629.304913569258,6562.342237674619,6591.04052734375,163300,0.0,0.0
2017-09-01 00:00:00+09:00,6638.871141800832,6648.437238546943,6581.4745613241685,6610.1728515625,140800,0.0,0.0
2017-09-04 00:00:00+09:00,6610.173079711381,6619.739176787664,6514.512108948554,6571.90869140625,128500,0.0,0.0
2017-09-05 00:00:00+09:00,6581.474588938715,6581.474588938715,6399.71875,6399.71875,111800,0.0,0.0
2017-09-06 00:00:00+09:00,6351.888347320104,6466.68151022348,6332.756153502874,6447.54931640625,143100,0.0,0.0
2017-09-07 00:00:00+09:00,6428.416944444445,6533.6440075231485,6409.284751157408,6457.115234375,148100,0.0,0.0
2017-09-08 00:00:00+09:00,6495.379573135601,6524.077862854904,6457.115186843197,6485.8134765625,249900,0.0,0.0
2017-09-11 00:00:00+09:00,6504.945931085044,6552.776415872434,6485.813737170089,6524.078125,78200,0.0,0.0
2017-09-12 00:00:00+09:00,6591.040658070278,6648.437238546943,6552.776271085836,6610.1728515625,136300,0.0,0.0
2017-09-13 00:00:00+09:00,6648.436833524155,6686.701218177532,6619.7385450341235,6658.0029296875,114700,0.0,0.0
2017-09-14 00:00:00+09:00,6619.739078846501,6677.1356604549965,6600.606884977003,6629.30517578125,129100,0.0,0.0
2017-09-15 00:00:00+09:00,6648.436660099308,6658.00275601312,6543.2096050473765,6562.341796875,234000,0.0,0.0
2017-09-18 00:00:00+09:00,6562.341796875,6562.341796875,6562.341796875,6562.341796875,0,0.0,0.0
2017-09-19 00:00:00+09:00,6638.87109375,6648.437190426874,6591.040610365634,6638.87109375,120900,0.0,0.0
2017-09-20 00:00:00+09:00,6619.738732410454,6629.3048288445725,6504.9455752010235,6543.2099609375,154900,0.0,0.0
2017-09-21 00:00:00+09:00,6600.606272977941,6600.606272977941,6485.813120404412,6504.9453125,155900,0.0,0.0
2017-09-22 00:00:00+09:00,6533.6439594280055,6581.474442293511,6476.2473799894,6485.8134765625,139900,0.0,0.0
2017-09-25 00:00:00+09:00,6562.342367831947,6648.437238546943,6524.077980847504,6610.1728515625,122900,0.0,0.0
2017-09-26 00:00:00+09:00,6648.43661063058,6696.26708984375,6629.304418945312,6696.26708984375,178000,0.0,0.0
2017-09-27 00:00:00+09:00,6732.385008354408,6742.016460440751,6597.544679145592,6664.96484375,111300,47.5,0.0
2017-09-28 00:00:00+09:00,6674.5964012632985,6809.436732601951,6616.807687832447,6790.173828125,121100,0.0,0.0
2017-09-29 00:00:00+09:00,6828.699811859993,6857.5941693149725,6799.805454405015,6819.068359375,185500,0.0,0.0
2017-10-02 00:00:00+09:00,6828.699884715258,6838.331337303009,6703.491001074499,6722.75390625,83400,0.0,0.0
2017-10-03 00:00:00+09:00,6684.227957993659,6684.227957993659,6607.176338881341,6645.7021484375,164800,0.0,0.0
2017-10-04 00:00:00+09:00,6703.490968568577,6732.3853261917175,6626.439348240203,6636.07080078125,139100,0.0,0.0
2017-10-05 00:00:00+09:00,6616.807826756387,6626.43927919708,6578.282016993613,6597.544921875,138800,0.0,0.0
2017-10-06 00:00:00+09:00,6616.807932000411,6636.070837188185,6559.019216437088,6587.91357421875,173800,0.0,0.0
2017-10-09 00:00:00+09:00,6587.91357421875,6587.91357421875,6587.91357421875,6587.91357421875,0,0.0,0.0
2017-10-10 00:00:00+09:00,6491.598876594621,6578.281947647072,6481.96742425546,6559.01904296875,279800,0.0,0.0
2017-10-11 00:00:00+09:00,6568.650529325181,6655.33360082654,6559.019076936142,6645.7021484375,150300,0.0,0.0
2017-10-12 00:00:00+09:00,6684.22792266187,6713.122279676259,6655.333565647482,6693.859375,133800,0.0,0.0
2017-10-13 00:00:00+09:00,6674.596295836343,6713.122104181719,6645.701939577311,6664.96484375,261700,0.0,0.0
2017-10-16 00:00:00+09:00,6761.279575694691,6838.331194790927,6722.753766146573,6780.54248046875,204700,0.0,0.0
2017-10-17 00:00:00+09:00,6828.699394311798,6857.59375,6732.384875351124,6857.59375,207700,0.0,0.0
2017-10-18 00:00:00+09:00,6828.699948444047,6925.014475220409,6828.699948444047,6896.1201171875,160600,0.0,0.0
2017-10-19 00:00:00+09:00,6886.488105688202,6886.488105688202,6819.067942415731,6857.59375,111700,0.0,0.0
2017-10-20 00:00:00+09:00,6799.805929168109,6953.9091796875,6761.280116538262,6953.9091796875,210300,0.0,0.0
2017-10-23 00:00:00+09:00,7021.329351789733,7030.960804947195,6915.383367057652,6953.9091796875,129500,0.0,0.0
2017-10-24 00:00:00+09:00,6953.908274416754,7040.591341549372,6944.2768225131285,6992.43408203125,135400,0.0,0.0
2017-10-25 00:00:00+09:00,7011.696661931818,7011.696661931818,6867.224890051354,6886.48779296875,136500,0.0,0.0
2017-10-26 00:00:00+09:00,6857.59375,6876.856653792135,6819.067942415731,6857.59375,134900,0.0,0.0
2017-10-27 00:00:00+09:00,6876.857036354453,7002.06591796875,6847.962679058846,7002.06591796875,164900,0.0,0.0
2017-10-30 00:00:00+09:00,7011.697439295485,7088.749059507524,6963.540176662962,7040.591796875,515300,0.0,0.0
2017-10-31 00:00:00+09:00,7233.221124079651,7271.746935659304,7050.223519076305,7194.6953125,277100,0.0,0.0
2017-11-01 00:00:00+09:00,7291.009347908266,7474.006940524193,7242.852086693548,7464.37548828125,344000,0.0,0.0
2017-11-02 00:00:00+09:00,7474.006731620013,7531.795443462435,7406.586567803853,7483.63818359375,150400,0.0,0.0
2017-11-03 00:00:00+09:00,7483.63818359375,7483.63818359375,7483.63818359375,7483.63818359375,0,0.0,0.0
2017-11-06 00:00:00+09:00,7339.166678155637,7454.744106158088,7310.272321155024,7368.06103515625,229100,0.0,0.0
2017-11-07 00:00:00+09:00,7300.640628794932,7445.11240904813,7271.746272744293,7435.48095703125,188000,0.0,0.0
2017-11-08 00:00:00+09:00,7396.955148963731,7454.74386106501,7348.797888879331,7435.48095703125,130300,0.0,0.0
2017-11-09 00:00:00+09:00,7464.375697995836,7560.690223131266,7377.692625373948,7445.11279296875,220100,0.0,0.0
2017-11-10 00:00:00+09:00,7358.429582822712,7416.218296823938,7339.166678155637,7368.06103515625,138900,0.0,0.0
2017-11-13 00:00:00+09:00,7252.483327379214,7291.0091352271775,7204.326067569259,7213.95751953125,247300,0.0,0.0
2017-11-14 00:00:00+09:00,7088.748399595687,7204.325819154313,7059.854044706031,7146.537109375,139400,0.0,0.0
2017-11-15 00:00:00+09:00,7098.38012494649,7146.5373849529105,6982.802700931079,7030.9599609375,229500,0.0,0.0
2017-11-16 00:00:00+09:00,7030.960305989583,7291.009522786458,7011.697401041666,7223.58935546875,206000,0.0,0.0
2017-11-17 00:00:00+09:00,7339.167174236434,7368.061533190121,7213.958285437125,7233.22119140625,163800,0.0,0.0
2017-11-20 00:00:00+09:00,7136.906661560627,7281.378456329061,7098.380849622378,7233.22119140625,163700,0.0,0.0
2017-11-21 00:00:00+09:00,7271.746755313118,7358.429829217513,7233.220944688943,7300.64111328125,129800,0.0,0.0
2017-11-22 00:00:00+09:00,7300.641008419796,7329.535365972909,7252.483745831275,7310.2724609375,113100,0.0,0.0
2017-11-23 00:00:00+09:00,7310.2724609375,7310.2724609375,7310.2724609375,7310.2724609375,0,0.0,0.0
2017-11-24 00:00:00+09:00,7271.747347026709,7300.641707346021,7233.221533267627,7291.01025390625,73900,0.0,0.0
2017-11-27 00:00:00+09:00,7387.3239398233245,7425.849749157475,7329.535225822099,7368.06103515625,147600,0.0,0.0
2017-11-28 00:00:00+09:00,7358.429582822712,7368.06103515625,7262.115059487336,7368.06103515625,83700,0.0,0.0
2017-11-29 00:00:00+09:00,7425.849368372429,7493.26953125,7396.95501285347,7493.26953125,159700,0.0,0.0
2017-11-30 00:00:00+09:00,7474.007010189345,7502.9013671875,7300.640868200418,7502.9013671875,334500,0.0,0.0
2017-12-01 00:00:00+09:00,7608.847905691252,7637.7422648267875,7483.639016103927,7541.427734375,172600,0.0,0.0
2017-12-04 00:00:00+09:00,7618.478795180119,7628.110247512837,7502.9013671875,7502.9013671875,170100,0.0,0.0
2017-12-05 00:00:00+09:00,7502.901087541224,7512.532539514961,7406.586567803853,7483.63818359375,109100,0.0,0.0
2017-12-06 00:00:00+09:00,7512.532854893411,7579.953021539891,7377.692521600452,7454.744140625,251200,0.0,0.0
2017-12-07 00:00:00+09:00,7493.270469149106,7608.847905691252,7493.270469149106,7541.427734375,255300,0.0,0.0
2017-12-08 00:00:00+09:00,7483.639251013647,7618.479597878758,7483.639251013647,7608.84814453125,234800,0.0,0.0
2017-12-11 00:00:00+09:00,7705.161072530865,7801.4755859375,7608.846559124228,7801.4755859375,182300,0.0,0.0
2017-12-12 00:00:00+09:00,7753.319231132715,7791.845040976853,7705.161968827543,7762.95068359375,100200,0.0,0.0
2017-12-13 00:00:00+09:00,7782.212683256173,7840.001391300155,7772.581231915509,7801.4755859375,122100,0.0,0.0
2017-12-14 00:00:00+09:00,7830.370253325395,7840.0017050515025,7743.687187790428,7772.58154296875,174200,0.0,0.0
2017-12-15 00:00:00+09:00,7801.476493437887,7830.37085082099,7666.636158983405,7762.95068359375,302700,0.0,0.0
2017-12-18 00:00:00+09:00,7849.633962169544,7907.422678455455,7743.687982312041,7878.5283203125,146900,0.0,0.0
2017-12-19 00:00:00+09:00,7965.211006827571,7994.105363563342,7820.739223148715,7868.896484375,127400,0.0,0.0
2017-12-20 00:00:00+09:00,7868.897077971814,7888.159983915441,7830.371266084559,7859.265625,92100,0.0,0.0
2017-12-21 00:00:00+09:00,7859.265549334141,7955.580078125,7820.739737817797,7955.580078125,92700,0.0,0.0
2017-12-22 00:00:00+09:00,7965.211664652653,8032.6318359375,7917.054399449191,8032.6318359375,135300,0.0,0.0
2017-12-25 00:00:00+09:00,8003.73678194621,8090.419851786783,7994.105329741701,8051.89404296875,70000,0.0,0.0
2017-12-26 00:00:00+09:00,8196.365756708961,8273.417373693299,8119.314139724624,8148.20849609375,144700,0.0,0.0
2017-12-27 00:00:00+09:00,8148.20849609375,8205.997208832003,8109.682687601581,8148.20849609375,101900,0.0,0.0
2017-12-28 00:00:00+09:00,8157.840725466502,8167.472178507194,7965.211664652653,8032.6318359375,157900,0.0,0.0
2017-12-29 00:00:00+09:00,8061.525847061821,8061.525847061821,7955.579868187651,7974.8427734375,81600,0.0,0.0
2018-01-01 00:00:00+09:00,7974.8427734375,7974.8427734375,7974.8427734375,7974.8427734375,0,0.0,0.0
2018-01-02 00:00:00+09:00,7974.8427734375,7974.8427734375,7974.8427734375,7974.8427734375,0,0.0,0.0
2018-01-03 00:00:00+09:00,7974.8427734375,7974.8427734375,7974.8427734375,7974.8427734375,0,0.0,0.0
2018-01-04 00:00:00+09:00,8148.208947653497,8196.3662109375,8080.788779055891,8196.3662109375,222700,0.0,0.0
2018-01-05 00:00:00+09:00,8283.049844663743,8321.575657894737,8148.209498355262,8234.892578125,191300,0.0,0.0
2018-01-08 00:00:00+09:00,8234.892578125,8234.892578125,8234.892578125,8234.892578125,0,0.0,0.0
2018-01-09 00:00:00+09:00,8234.892724781914,8244.52417826119,8148.209643468419,8177.10400390625,138700,0.0,0.0
2018-01-10 00:00:00+09:00,8119.3154936771325,8186.735669781213,8090.421132489669,8157.84130859375,155400,0.0,0.0
2018-01-11 00:00:00+09:00,8157.841031804734,8205.998298816568,8080.789404585799,8138.578125,110100,0.0,0.0
2018-01-12 00:00:00+09:00,8080.788469587053,8109.682826450892,7926.68523297991,8090.419921875,232800,0.0,0.0
2018-01-15 00:00:00+09:00,8196.367123510367,8244.52439215614,8119.3154936771325,8157.84130859375,141100,0.0,0.0
2018-01-16 00:00:00+09:00,8726.094548120847,8803.146155609773,8543.096980334649,8697.2001953125,422600,0.0,0.0
2018-01-17 00:00:00+09:00,8639.4130859375,8677.938896800097,8591.255822359253,8639.4130859375,153400,0.0,0.0
2018-01-18 00:00:00+09:00,8889.829701341043,8899.461152805117,8543.09744863435,8562.3603515625,195700,0.0,0.0
2018-01-19 00:00:00+09:00,8571.99257111041,8639.412737400042,8523.835309474958,8581.6240234375,112300,0.0,0.0
2018-01-22 00:00:00+09:00,8591.255266657336,8610.518170842664,8543.09800619401,8600.88671875,96700,0.0,0.0
2018-01-23 00:00:00+09:00,8668.3076171875,8706.833428819444,8629.781805555556,8668.3076171875,185800,0.0,0.0
2018-01-24 00:00:00+09:00,8610.518451599744,8649.044261226589,8475.678117905789,8485.3095703125,206500,0.0,0.0
2018-01-25 00:00:00+09:00,8417.890282978111,8417.890282978111,8244.52412154378,8360.1015625,322100,0.0,0.0
2018-01-26 00:00:00+09:00,8649.043802668539,8764.621225421348,8466.046216643259,8571.9921875,431500,0.0,0.0
2018-01-29 00:00:00+09:00,8745.358141910936,8745.358141910936,8514.20330115558,8543.09765625,167400,0.0,0.0
2018-01-30 00:00:00+09:00,8571.99150513674,8571.99150513674,8398.625384808132,8408.2568359375,206800,0.0,0.0
2018-01-31 00:00:00+09:00,8340.838713053961,8408.2588874089,8177.10400390625,8177.10400390625,295200,0.0,0.0
2018-02-01 00:00:00+09:00,8234.892961417449,8475.679305318543,8196.367146393273,8466.0478515625,277100,0.0,0.0
2018-02-02 00:00:00+09:00,8340.837512248041,8629.781075027995,8340.837512248041,8600.88671875,210400,0.0,0.0
2018-02-05 00:00:00+09:00,8379.365109755656,8427.522380501377,8292.682022413355,8302.3134765625,220800,0.0,0.0
2018-02-06 00:00:00+09:00,7936.316510669805,8022.999579354306,7772.58182537686,7926.68505859375,338600,0.0,0.0
2018-02-07 00:00:00+09:00,8042.261808069741,8234.890833412728,7897.7900390625,7897.7900390625,225300,0.0,0.0
2018-02-08 00:00:00+09:00,7917.053539775285,8080.788223687912,7917.053539775285,8022.99951171875,168900,0.0,0.0
2018-02-09 00:00:00+09:00,7734.056426592071,7897.7911205547925,7714.793521419986,7888.15966796875,157100,0.0,0.0
2018-02-12 00:00:00+09:00,7888.15966796875,7888.15966796875,7888.15966796875,7888.15966796875,0,0.0,0.0
2018-02-13 00:00:00+09:00,8013.368658312958,8071.157374598869,7830.371056740907,7878.5283203125,185900,0.0,0.0
2018-02-14 00:00:00+09:00,7907.422678455455,7936.317036598411,7762.950887740678,7878.5283203125,188900,0.0,0.0
2018-02-15 00:00:00+09:00,7955.579936100887,8080.788821293758,7917.054125272311,8013.36865234375,173600,0.0,0.0
2018-02-16 00:00:00+09:00,8071.156879109412,8205.997208832003,8003.736714248116,8148.20849609375,235200,0.0,0.0
2018-02-19 00:00:00+09:00,8292.681179283405,8379.3642578125,8254.155366603807,8379.3642578125,120500,0.0,0.0
2018-02-20 00:00:00+09:00,8283.049632621061,8321.575444865812,8196.366555070377,8254.1552734375,149000,0.0,0.0
2018-02-21 00:00:00+09:00,8234.892876957636,8398.627589131062,8225.261423300375,8340.8388671875,96400,0.0,0.0
2018-02-22 00:00:00+09:00,8234.891948633493,8321.575021777004,8205.997590918989,8292.6806640625,109200,0.0,0.0
2018-02-23 00:00:00+09:00,8186.735817238136,8331.207625777633,8186.735817238136,8321.576171875,93600,0.0,0.0
2018-02-26 00:00:00+09:00,8417.888703340765,8417.888703340765,8263.785477650317,8369.7314453125,89600,0.0,0.0
2018-02-27 00:00:00+09:00,8514.20330115558,8562.360559646278,8408.257332476043,8543.09765625,144000,0.0,0.0
2018-02-28 00:00:00+09:00,8533.466934511325,8687.570174863675,8533.466934511325,8610.5185546875,216500,0.0,0.0
2018-03-01 00:00:00+09:00,8514.202589285715,8552.728392857143,8408.256629464286,8427.51953125,161300,0.0,0.0
2018-03-02 00:00:00+09:00,8225.260496061992,8340.837926920005,8205.997590918989,8292.6806640625,92700,0.0,0.0
2018-03-05 00:00:00+09:00,8254.155574956798,8398.627376152073,8254.155574956798,8360.1015625,168400,0.0,0.0
2018-03-06 00:00:00+09:00,8456.416232880283,8697.202572085303,8456.416232880283,8658.6767578125,243800,0.0,0.0
2018-03-07 00:00:00+09:00,8562.36129207739,8677.938722341652,8504.57257694526,8610.5185546875,151600,0.0,0.0
2018-03-08 00:00:00+09:00,8668.307481432175,8677.938934189322,8514.204237317825,8591.255859375,142700,0.0,0.0
2018-03-09 00:00:00+09:00,8668.306706460675,8677.938158356741,8533.46637991573,8571.9921875,269200,0.0,0.0
2018-03-12 00:00:00+09:00,8745.357449993078,8745.357449993078,8610.517136887458,8697.2001953125,103400,0.0,0.0
2018-03-13 00:00:00+09:00,8591.255713747258,8793.516218218887,8581.62426115337,8783.884765625,97700,0.0,0.0
2018-03-14 00:00:00+09:00,8783.882965353261,8880.19747155231,8697.199909774117,8860.9345703125,135000,0.0,0.0
2018-03-15 00:00:00+09:00,8870.56779513889,9111.354108796297,8841.6734375,9101.72265625,143500,0.0,0.0
2018-03-16 00:00:00+09:00,9130.617360015773,9169.14317166141,8986.145566344638,9159.51171875,353900,0.0,0.0
2018-03-19 00:00:00+09:00,9140.249357690116,9140.249357690116,8851.305753126677,8976.5146484375,153400,0.0,0.0
2018-03-20 00:00:00+09:00,8687.569686553552,8764.621302398817,8552.72935882434,8745.3583984375,250900,0.0,0.0
2018-03-21 00:00:00+09:00,8745.3583984375,8745.3583984375,8745.3583984375,8745.3583984375,0,0.0,0.0
2018-03-22 00:00:00+09:00,8668.3076171875,8726.096334635416,8639.41325846354,8668.3076171875,345700,0.0,0.0
2018-03-23 00:00:00+09:00,8388.994557381777,8485.309075836218,8321.574394463669,8350.46875,349300,0.0,0.0
2018-03-26 00:00:00+09:00,8273.418272943607,8379.3642578125,8244.523913433908,8379.3642578125,282500,0.0,0.0
2018-03-27 00:00:00+09:00,8658.67522149965,8668.306673358938,8533.466347328911,8620.1494140625,302100,0.0,0.0
2018-03-28 00:00:00+09:00,8571.93804069562,8629.791390801553,8465.873565501412,8533.369140625,251800,10.0,0.0
2018-03-29 00:00:00+09:00,8533.36941158515,8620.149439499575,8465.873834318376,8514.0849609375,365200,0.0,0.0
2018-03-30 00:00:00+09:00,8610.506940766243,8639.433615819209,8465.873565501412,8533.369140625,185300,0.0,0.0
2018-04-02 00:00:00+09:00,8543.010826771653,8620.148622047243,8543.010826771653,8571.9375,182200,0.0,0.0
2018-04-03 00:00:00+09:00,8514.084854622615,8629.791557063692,8494.80040421577,8591.22265625,238000,0.0,0.0
2018-04-04 00:00:00+09:00,8629.791285738032,8639.433510638299,8543.011261635638,8610.5068359375,348500,0.0,0.0
2018-04-05 00:00:00+09:00,8706.928455327181,8726.212903733222,8571.9373164849,8620.1484375,241500,0.0,0.0
2018-04-06 00:00:00+09:00,8745.499137496523,8803.352494525167,8658.719101953558,8668.361328125,378000,0.0,0.0
2018-04-09 00:00:00+09:00,8678.002369364754,8861.204641606899,8639.433469945356,8822.6357421875,165300,0.0,0.0
2018-04-10 00:00:00+09:00,8812.994605757303,8861.205735985735,8706.930119254755,8745.4990234375,188400,0.0,0.0
2018-04-11 00:00:00+09:00,8678.003706498579,8687.645932839134,8398.379142622514,8485.1591796875,197800,0.0,0.0
2018-04-12 00:00:00+09:00,8485.15903086763,8687.645780467881,8485.15903086763,8668.361328125,175700,0.0,0.0
2018-04-13 00:00:00+09:00,8726.214057074652,8745.498508029514,8543.011773003473,8678.0029296875,164300,0.0,0.0
2018-04-16 00:00:00+09:00,8678.003633418792,8793.710348531042,8668.361407159437,8697.2880859375,169800,0.0,0.0
2018-04-17 00:00:00+09:00,8649.076604337195,8774.425540631937,8649.076604337195,8687.6455078125,168000,0.0,0.0
2018-04-18 00:00:00+09:00,8697.288320698408,8822.637265453484,8697.288320698408,8784.068359375,205600,0.0,0.0
2018-04-19 00:00:00+09:00,8861.204042575504,8861.204042575504,8591.221764890939,8620.1484375,171600,0.0,0.0
2018-04-20 00:00:00+09:00,8591.223789585076,8687.646054339117,8571.939336634268,8649.0771484375,124300,0.0,0.0
2018-04-23 00:00:00+09:00,8649.07766504906,8649.07766504906,8436.948669919653,8475.517578125,179600,0.0,0.0
2018-04-24 00:00:00+09:00,8475.516953346947,8523.728085049715,8417.663595303622,8485.1591796875,195800,0.0,0.0
2018-04-25 00:00:00+09:00,8523.726915607345,8571.93804069562,8436.946890448446,8533.369140625,167700,0.0,0.0
2018-04-26 00:00:00+09:00,8533.368602362205,8649.07529527559,8475.515255905511,8571.9375,340900,0.0,0.0
2018-04-27 00:00:00+09:00,8649.076385930684,8957.62760594159,8639.434160305344,8841.9208984375,363500,0.0,0.0
2018-04-30 00:00:00+09:00,8841.9208984375,8841.9208984375,8841.9208984375,8841.9208984375,0,0.0,0.0
2018-05-01 00:00:00+09:00,8774.425791694519,9140.83038519385,8745.49911326036,9015.4814453125,203600,0.0,0.0
2018-05-02 00:00:00+09:00,9063.692271558544,9140.830078125,8976.912239171283,9140.830078125,193000,0.0,0.0
2018-05-03 00:00:00+09:00,9140.830078125,9140.830078125,9140.830078125,9140.830078125,0,0.0,0.0
2018-05-04 00:00:00+09:00,9140.830078125,9140.830078125,9140.830078125,9140.830078125,0,0.0,0.0
2018-05-07 00:00:00+09:00,9198.683188148962,9237.25209040535,9034.765353559305,9054.0498046875,156100,0.0,0.0
2018-05-08 00:00:00+09:00,9082.977224042339,9102.261676747312,8938.34382875504,8967.2705078125,153500,0.0,0.0
2018-05-09 00:00:00+09:00,9073.335861498867,9150.473679662513,9015.482497876132,9044.4091796875,184000,0.0,0.0
2018-05-10 00:00:00+09:00,9092.619609082867,9092.619609082867,8957.628437792135,9025.1240234375,111700,0.0,0.0
2018-05-11 00:00:00+09:00,9025.123127995208,9140.829834764378,9005.838676867013,9054.0498046875,179000,0.0,0.0
2018-05-14 00:00:00+09:00,9063.69089784436,9063.69089784436,8861.204186296774,8890.130859375,194000,0.0,0.0
2018-05-15 00:00:00+09:00,8890.131780011014,8899.774005368943,8755.140625,8755.140625,195600,0.0,0.0
2018-05-16 00:00:00+09:00,8745.498751632975,8832.278783347085,8745.498751632975,8764.783203125,153300,0.0,0.0
2018-05-17 00:00:00+09:00,8812.994525200498,8812.994525200498,8678.003361794801,8716.572265625,158000,0.0,0.0
2018-05-18 00:00:00+09:00,8812.994412606224,8841.921090109307,8726.214380096972,8793.7099609375,167400,0.0,0.0
2018-05-21 00:00:00+09:00,8832.277781080164,8899.773353643002,8803.351107124661,8870.8466796875,130400,0.0,0.0
2018-05-22 00:00:00+09:00,8890.130859375,8928.699756812635,8803.35084014032,8890.130859375,99100,0.0,0.0
2018-05-23 00:00:00+09:00,8870.846410656182,8967.26865425027,8851.561961937365,8890.130859375,126800,0.0,0.0
2018-05-24 00:00:00+09:00,8919.057532453227,8976.91087860968,8870.846410656182,8890.130859375,139600,0.0,0.0
2018-05-25 00:00:00+09:00,8947.985783261802,9054.050269916845,8919.059105083154,8986.5546875,124000,0.0,0.0
2018-05-28 00:00:00+09:00,8986.55395689426,9121.545110753188,8976.911731618624,9073.333984375,116300,0.0,0.0
2018-05-29 00:00:00+09:00,9063.692030251597,9073.334255815695,8957.627549046525,9054.0498046875,118800,0.0,0.0
2018-05-30 00:00:00+09:00,8870.846410656182,8957.626429890863,8861.204186296774,8890.130859375,130300,0.0,0.0
2018-05-31 00:00:00+09:00,8947.985403397028,9121.54546510085,8909.416500796178,9082.9765625,227800,0.0,0.0
2018-06-01 00:00:00+09:00,9063.691489097297,9179.398188958112,9044.407039120493,9092.6181640625,141200,0.0,0.0
2018-06-04 00:00:00+09:00,9160.114578596025,9304.747966679119,9140.830126851612,9275.8212890625,143400,0.0,0.0
2018-06-05 00:00:00+09:00,9295.105413286004,9536.161051597364,9285.46318775355,9507.234375,218800,0.0,0.0
2018-06-06 00:00:00+09:00,9478.308670980749,9478.308670980749,9256.537460978148,9266.1796875,228200,0.0,0.0
2018-06-07 00:00:00+09:00,9275.821239616298,9314.390142899525,9073.334497379352,9140.830078125,267900,0.0,0.0
2018-06-08 00:00:00+09:00,9092.618305460612,9275.820583089193,9092.618305460612,9256.5361328125,283000,0.0,0.0
2018-06-11 00:00:00+09:00,9256.537888601037,9343.31793130667,9189.042299829987,9304.7490234375,147600,0.0,0.0
2018-06-12 00:00:00+09:00,9275.82179800374,9391.528514818758,9227.610665997485,9343.3173828125,109600,0.0,0.0
2018-06-13 00:00:00+09:00,9381.88577365677,9420.454677145595,9256.536837318088,9275.8212890625,121800,0.0,0.0
2018-06-14 00:00:00+09:00,9256.537029780564,9266.179255853252,9140.830316908308,9227.6103515625,147800,0.0,0.0
2018-06-15 00:00:00+09:00,9266.180389245847,9314.391525506231,9227.61148023754,9285.46484375,301800,0.0,0.0
2018-06-18 00:00:00+09:00,9256.53629658385,9333.674099055383,9198.6829447302,9314.3896484375,100200,0.0,0.0
2018-06-19 00:00:00+09:00,9198.6826171875,9304.747091809159,9169.755942290683,9198.6826171875,191800,0.0,0.0
2018-06-20 00:00:00+09:00,9150.471242559524,9237.251264880953,9044.406770833333,9111.90234375,218300,0.0,0.0
2018-06-21 00:00:00+09:00,9034.765190623326,9102.26076835477,8976.911838282087,8996.1962890625,203900,0.0,0.0
2018-06-22 00:00:00+09:00,8909.4173051883,9063.692929520566,8880.490625626002,9025.1240234375,252600,0.0,0.0
2018-06-25 00:00:00+09:00,8938.343317265371,9025.12334947183,8870.847736660347,8899.7744140625,183700,0.0,0.0
2018-06-26 00:00:00+09:00,8832.27761299918,8851.562061935858,8745.497592784122,8812.9931640625,201300,0.0,0.0
2018-06-27 00:00:00+09:00,8784.067704453888,8938.343317265371,8764.783252852452,8899.7744140625,126700,0.0,0.0
2018-06-28 00:00:00+09:00,8890.132733864935,8890.132733864935,8745.49933797776,8861.2060546875,217500,0.0,0.0
2018-06-29 00:00:00+09:00,8899.774252189545,8919.058703440227,8726.214190933411,8841.9208984375,216400,0.0,0.0
2018-07-02 00:00:00+09:00,8841.921479827814,8947.98596868071,8687.645859678147,8697.2880859375,124700,0.0,0.0
2018-07-03 00:00:00+09:00,8697.287733681327,8851.563347582547,8639.434378468368,8687.6455078125,232800,0.0,0.0
2018-07-04 00:00:00+09:00,8687.646094178786,8832.279491973106,8678.003867659167,8784.068359375,268300,0.0,0.0
2018-07-05 00:00:00+09:00,8812.99351733265,8899.773541026298,8764.782393058402,8822.6357421875,244600,0.0,0.0
2018-07-06 00:00:00+09:00,8793.710428176795,8793.710428176795,8639.434806629835,8726.21484375,163500,0.0,0.0
2018-07-09 00:00:00+09:00,8793.708882472825,8938.34225225034,8793.708882472825,8870.8466796875,163000,0.0,0.0
2018-07-10 00:00:00+09:00,8899.774837383939,8938.343742421355,8697.2880859375,8697.2880859375,203600,0.0,0.0
2018-07-11 00:00:00+09:00,8600.865125868057,8706.929606119793,8543.011773003473,8678.0029296875,193200,0.0,0.0
2018-07-12 00:00:00+09:00,8745.497592784122,8919.057633214237,8745.497592784122,8812.9931640625,175200,0.0,0.0
2018-07-13 00:00:00+09:00,8909.416449185075,8976.912028345569,8880.489772402007,8947.9853515625,147500,0.0,0.0
2018-07-16 00:00:00+09:00,8947.9853515625,8947.9853515625,8947.9853515625,8947.9853515625,0,0.0,0.0
2018-07-17 00:00:00+09:00,9111.902242302269,9227.608937442616,9005.837771756953,9189.0400390625,225900,0.0,0.0
2018-07-18 00:00:00+09:00,9237.251264880953,9246.893489583334,9034.764546130953,9111.90234375,138800,0.0,0.0
2018-07-19 00:00:00+09:00,9160.115906932968,9169.758134203425,9044.4091796875,9044.4091796875,153400,0.0,0.0
2018-07-20 00:00:00+09:00,9044.407039120493,9111.902614039303,9005.838139166888,9092.6181640625,133200,0.0,0.0
2018-07-23 00:00:00+09:00,9044.408476479033,9150.472968207465,9015.481796916734,9025.1240234375,114000,0.0,0.0
2018-07-24 00:00:00+09:00,9102.26076835477,9111.902993744976,8967.269612891881,8996.1962890625,118100,0.0,0.0
2018-07-25 00:00:00+09:00,8909.416529605263,9005.838786419174,8841.920949835527,8976.912109375,141800,0.0,0.0
2018-07-26 00:00:00+09:00,9700.07984304476,10259.328979124875,9526.51976633024,9613.2998046875,632200,0.0,0.0
2018-07-27 00:00:00+09:00,9738.647212162838,9748.289437125375,9468.664913211787,9651.8671875,209400,0.0,0.0
2018-07-30 00:00:00+09:00,9487.949730039267,9497.591955374673,9198.682969977095,9208.3251953125,249400,0.0,0.0
2018-07-31 00:00:00+09:00,9160.1151181661,9285.464061888375,9044.408400884004,9237.2529296875,342500,0.0,0.0
2018-08-01 00:00:00+09:00,9381.885151753317,9690.436359210773,9343.316250821134,9632.5830078125,354000,0.0,0.0
2018-08-02 00:00:00+09:00,9632.583335336538,9690.436688701924,9372.243245192309,9401.169921875,162100,0.0,0.0
2018-08-03 00:00:00+09:00,9468.665253380565,9487.949703998447,9275.820747201733,9314.3896484375,126800,0.0,0.0
2018-08-06 00:00:00+09:00,9352.959096040151,9410.812451273388,9275.8212890625,9275.8212890625,105400,0.0,0.0
2018-08-07 00:00:00+09:00,9285.462517262975,9410.811440133608,9246.893617918166,9381.884765625,125100,0.0,0.0
2018-08-08 00:00:00+09:00,9343.318207262462,9420.456025279076,9285.46484375,9285.46484375,149100,0.0,0.0
2018-08-09 00:00:00+09:00,9295.10613645087,9459.023983255502,9275.821683885619,9420.455078125,108100,0.0,0.0
2018-08-10 00:00:00+09:00,9391.527918078727,9401.17014386731,9208.325628095672,9246.89453125,210200,0.0,0.0
2018-08-13 00:00:00+09:00,9160.114479473366,9208.3256083127,8996.196641419634,9005.8388671875,180600,0.0,0.0
2018-08-14 00:00:00+09:00,9015.480527405492,9179.398355176501,9015.480527405492,9150.4716796875,135900,0.0,0.0
2018-08-15 00:00:00+09:00,9160.114068635472,9246.894096654123,9131.187392629254,9208.3251953125,147000,0.0,0.0
2018-08-16 00:00:00+09:00,9198.682781982421,9343.316159057616,9102.260530598958,9256.5361328125,247700,0.0,0.0
2018-08-17 00:00:00+09:00,9256.536538461538,9468.665500801282,9169.756508413462,9401.169921875,233200,0.0,0.0
2018-08-20 00:00:00+09:00,9304.74769433999,9343.316596699948,9237.252115210063,9295.10546875,117600,0.0,0.0
2018-08-21 00:00:00+09:00,9227.61015970147,9314.390192551326,9208.325707957056,9275.8212890625,74300,0.0,0.0
2018-08-22 00:00:00+09:00,9314.38991992998,9333.674371109959,9246.894340800052,9295.10546875,110600,0.0,0.0
2018-08-23 00:00:00+09:00,9295.10652307394,9381.88656322712,9285.464296390253,9324.033203125,115800,0.0,0.0
2018-08-24 00:00:00+09:00,9449.381877200703,9603.657499685612,9439.739650795396,9584.373046875,80600,0.0,0.0
2018-08-27 00:00:00+09:00,9719.362574552684,9738.647024105368,9613.298102012923,9700.078125,102900,0.0,0.0
2018-08-28 00:00:00+09:00,9786.858859592014,9835.069986979168,9661.509928385418,9719.36328125,117700,0.0,0.0
2018-08-29 00:00:00+09:00,9757.931723368227,9883.280648668411,9729.005048298954,9786.8583984375,137700,0.0,0.0
2018-08-30 00:00:00+09:00,9844.712507956474,9998.988120226115,9844.712507956474,9941.134765625,227000,0.0,0.0
2018-08-31 00:00:00+09:00,9883.280155576509,10133.977993669181,9873.637931034484,10066.482421875,273000,0.0,0.0
2018-09-03 00:00:00+09:00,10047.197872727544,10191.831239417479,9998.986750497565,10143.6201171875,209000,0.0,0.0
2018-09-04 00:00:00+09:00,10220.758475553504,10529.309674815499,10191.831800622693,10452.171875,253700,0.0,0.0
2018-09-05 00:00:00+09:00,10423.245551915323,10490.741129032258,10346.107749495968,10461.814453125,193300,0.0,0.0
2018-09-06 00:00:00+09:00,10191.831888521634,10240.043013822115,9989.345162259615,10027.9140625,307900,0.0,0.0
2018-09-07 00:00:00+09:00,10027.915390850145,10143.622106898416,9979.704259163365,10037.5576171875,191800,0.0,0.0
2018-09-10 00:00:00+09:00,9960.419649192332,10085.76858959843,9912.208518266909,9979.7041015625,171600,0.0,0.0
2018-09-11 00:00:00+09:00,9950.77688131617,10105.05249187921,9921.8502043356,10018.2724609375,163100,0.0,0.0
2018-09-12 00:00:00+09:00,10076.125082933266,10143.62065765148,9979.702833335818,10105.0517578125,234200,0.0,0.0
2018-09-13 00:00:00+09:00,10056.842069862212,10162.906559573126,9970.062032826008,10037.5576171875,197200,0.0,0.0
2018-09-14 00:00:00+09:00,10124.337538727359,10162.906443636797,10008.630823999047,10114.6953125,236800,0.0,0.0
2018-09-17 00:00:00+09:00,10114.6953125,10114.6953125,10114.6953125,10114.6953125,0,0.0,0.0
2018-09-18 00:00:00+09:00,10027.91383552015,10307.538355933693,9989.344936152766,10288.25390625,233100,0.0,0.0
2018-09-19 00:00:00+09:00,10297.89733364058,10297.89733364058,10114.695040251843,10133.9794921875,344400,0.0,0.0
2018-09-20 00:00:00+09:00,10105.052927253117,10114.69515332874,9921.850631816276,10056.841796875,306600,0.0,0.0
2018-09-21 00:00:00+09:00,10133.979880561059,10201.47546492255,10008.630938175433,10037.5576171875,389700,0.0,0.0
2018-09-24 00:00:00+09:00,10037.5576171875,10037.5576171875,10037.5576171875,10037.5576171875,0,0.0,0.0
2018-09-25 00:00:00+09:00,10095.410338336329,10394.3193359375,10085.768112607258,10394.3193359375,393600,0.0,0.0
2018-09-26 00:00:00+09:00,10459.752917348264,10750.570885393163,10440.365052811936,10740.876953125,383600,57.5,0.0
2018-09-27 00:00:00+09:00,10605.162258357557,10653.631921329941,10401.589673873546,10420.9775390625,220100,0.0,0.0
2018-09-28 00:00:00+09:00,10450.05933684593,10527.610797601745,10382.201808684593,10420.9775390625,316200,0.0,0.0
2018-10-01 00:00:00+09:00,10430.671132848702,10537.304387924292,10430.671132848702,10459.7529296875,170600,0.0,0.0
2018-10-02 00:00:00+09:00,10517.91808289367,10566.387751478433,10430.672679441095,10450.060546875,235900,0.0,0.0
2018-10-03 00:00:00+09:00,10488.835644713105,10546.999243482309,10382.202380302897,10411.2841796875,230200,0.0,0.0
2018-10-04 00:00:00+09:00,10508.223622744847,10556.693288901417,10333.732824581186,10343.4267578125,229300,0.0,0.0
2018-10-05 00:00:00+09:00,10294.955951458724,10382.201340877864,10265.874154985675,10362.8134765625,201100,0.0,0.0
2018-10-08 00:00:00+09:00,10362.8134765625,10362.8134765625,10362.8134765625,10362.8134765625,0,0.0,0.0
2018-10-09 00:00:00+09:00,10217.405335221907,10430.671860245515,10198.017469310671,10265.875,409500,0.0,0.0
2018-10-10 00:00:00+09:00,10304.650793548813,10411.284056699365,10236.793262453008,10314.3447265625,252500,0.0,0.0
2018-10-11 00:00:00+09:00,10023.525925164475,10207.710637522428,9955.668399558912,10130.1591796875,451500,0.0,0.0
2018-10-12 00:00:00+09:00,10168.934136387088,10382.200629237914,10168.934136387088,10275.5673828125,423500,0.0,0.0
2018-10-15 00:00:00+09:00,10081.689596596474,10130.159258118572,9887.810950508081,9897.5048828125,271300,0.0,0.0
2018-10-16 00:00:00+09:00,9849.035603233831,9878.117401274876,9655.156949626866,9742.40234375,301400,0.0,0.0
2018-10-17 00:00:00+09:00,9897.504908214414,10139.853216446892,9887.810975885115,10062.3017578125,211800,0.0,0.0
2018-10-18 00:00:00+09:00,10275.56902928744,10411.284091938405,10023.526770078503,10033.220703125,312200,0.0,0.0
2018-10-19 00:00:00+09:00,9829.647694275442,9955.668818561026,9771.484098451327,9858.7294921875,282900,0.0,0.0
2018-10-22 00:00:00+09:00,9645.463016946516,9781.178074471392,9558.217622823382,9742.40234375,325800,0.0,0.0
2018-10-23 00:00:00+09:00,9684.23842574139,9684.23842574139,9480.6658462213,9500.0537109375,290200,0.0,0.0
2018-10-24 00:00:00+09:00,9461.278723132036,9548.524121193705,9393.421191306295,9470.97265625,234200,0.0,0.0
2018-10-25 00:00:00+09:00,9325.5643970246,9335.258330909242,9083.216049908577,9112.2978515625,258900,0.0,0.0
2018-10-26 00:00:00+09:00,9160.766569403471,9170.460502281148,8773.009254296447,8831.1728515625,425100,0.0,0.0
2018-10-29 00:00:00+09:00,8763.314872288813,8811.784534193064,8453.109036101598,8491.884765625,354500,0.0,0.0
2018-10-30 00:00:00+09:00,8928.112271792763,9296.481724917763,8879.642606907893,9209.236328125,1318400,0.0,0.0
2018-10-31 00:00:00+09:00,9790.872484496595,10013.832947014835,9606.687754590224,9965.36328125,659100,0.0,0.0
2018-11-01 00:00:00+09:00,10110.7724609375,10314.345060822146,10013.833127659096,10110.7724609375,899900,0.0,0.0
2018-11-02 00:00:00+09:00,10227.098607410586,10401.589389337969,10033.219960824603,10062.3017578125,537200,0.0,0.0
2018-11-05 00:00:00+09:00,9984.750725170174,10004.13859065594,9742.402406598081,9790.8720703125,301100,0.0,0.0
2018-11-06 00:00:00+09:00,9819.954904927043,9868.424573756889,9664.85196467153,9674.5458984375,226300,0.0,0.0
2018-11-07 00:00:00+09:00,9713.320502627212,9926.587020648967,9693.932637352507,9858.7294921875,268300,0.0,0.0
2018-11-08 00:00:00+09:00,9955.669274392705,9955.669274392705,9693.933081200297,9752.0966796875,313800,0.0,0.0
2018-11-09 00:00:00+09:00,9752.096430099518,9790.872161431922,9509.748109271995,9558.2177734375,263300,0.0,0.0
2018-11-12 00:00:00+09:00,9480.666248566513,9538.829845183485,9432.196584719037,9509.748046875,243800,0.0,0.0
2018-11-13 00:00:00+09:00,9180.154710775583,9364.339440981217,8986.27604740123,9354.6455078125,373400,0.0,0.0
2018-11-14 00:00:00+09:00,9364.33873847738,9441.890198009283,9228.623684296548,9267.3994140625,227400,0.0,0.0
2018-11-15 00:00:00+09:00,9267.399541440218,9393.420664911686,9218.929878566576,9364.3388671875,206500,0.0,0.0
2018-11-16 00:00:00+09:00,9354.643919998023,9364.337851521337,9131.683494961802,9199.541015625,224700,0.0,0.0
2018-11-19 00:00:00+09:00,9325.563491525154,9500.054284505874,9325.563491525154,9490.3603515625,207000,0.0,0.0
2018-11-20 00:00:00+09:00,9306.175768822906,9315.86970191543,9102.603173879905,9141.37890625,192800,0.0,0.0
2018-11-21 00:00:00+09:00,8918.41682483731,9034.744000813449,8879.641099511931,8937.8046875,292700,0.0,0.0
2018-11-22 00:00:00+09:00,9005.66238515872,9218.928878671628,8976.580590588777,9199.541015625,177500,0.0,0.0
2018-11-23 00:00:00+09:00,9199.541015625,9199.541015625,9199.541015625,9199.541015625,0,0.0,0.0
2018-11-26 00:00:00+09:00,9189.8486328125,9257.706164911326,9054.133568614847,9189.8486328125,226300,0.0,0.0
2018-11-27 00:00:00+09:00,9257.706164911326,9286.787964382253,9160.766833341575,9189.8486328125,207200,0.0,0.0
2018-11-28 00:00:00+09:00,9277.092972366898,9461.277681327161,9267.399040316359,9422.501953125,223500,0.0,0.0
2018-11-29 00:00:00+09:00,9500.05445560389,9577.605920547594,9422.502990660185,9470.97265625,211900,0.0,0.0
2018-11-30 00:00:00+09:00,9509.748046875,9626.075240108945,9451.584450258028,9509.748046875,365100,0.0,0.0
2018-12-03 00:00:00+09:00,9655.157518364043,9839.342250140066,9655.157518364043,9732.708984375,264900,0.0,0.0
2018-12-04 00:00:00+09:00,9693.931704661885,9790.871021708504,9441.889480340677,9461.27734375,248300,0.0,0.0
2018-12-05 00:00:00+09:00,9315.86806620448,9480.664899841813,9248.010546471462,9383.7255859375,236300,0.0,0.0
2018-12-06 00:00:00+09:00,9248.012867647058,9335.258272058823,8976.582720588234,9063.828125,215500,0.0,0.0
2018-12-07 00:00:00+09:00,9151.073070824525,9209.23667085095,9044.439804109408,9170.4609375,232500,0.0,0.0
2018-12-10 00:00:00+09:00,8947.50010874386,9015.357639362719,8792.397181615039,8879.642578125,202300,0.0,0.0
2018-12-11 00:00:00+09:00,8879.64179981203,9034.744713345865,8869.947867716166,9025.05078125,304400,0.0,0.0
2018-12-12 00:00:00+09:00,9315.869945807373,9383.727479231567,9199.54274565161,9335.2578125,333800,0.0,0.0
2018-12-13 00:00:00+09:00,9315.87046313996,9325.5643970246,9112.2978515625,9112.2978515625,237500,0.0,0.0
2018-12-14 00:00:00+09:00,9112.297677364864,9170.46127956081,8937.806870777027,8966.888671875,219100,0.0,0.0
2018-12-17 00:00:00+09:00,9005.664578831449,9151.073587101064,8889.337372215758,9112.2978515625,196900,0.0,0.0
2018-12-18 00:00:00+09:00,8860.254329500565,8860.254329500565,8588.82421875,8588.82421875,257800,0.0,0.0
2018-12-19 00:00:00+09:00,8705.150197882402,8879.64095908717,8608.210886101973,8840.865234375,318700,0.0,0.0
2018-12-20 00:00:00+09:00,8695.457675438596,8724.539473684212,8259.230701754386,8288.3125,231800,0.0,0.0
2018-12-21 00:00:00+09:00,8327.088189726192,8385.25178592917,8171.985266518254,8181.67919921875,428900,0.0,0.0
2018-12-24 00:00:00+09:00,8181.67919921875,8181.67919921875,8181.67919921875,8181.67919921875,0,0.0,0.0
2018-12-25 00:00:00+09:00,7900.555006048233,7978.1064662303015,7823.003545866164,7919.94287109375,208300,0.0,0.0
2018-12-26 00:00:00+09:00,7968.412212423313,8084.739398006134,7784.2275019171775,7900.5546875,171800,0.0,0.0
2018-12-27 00:00:00+09:00,8336.782119557382,8453.1093119233,8268.924590677263,8404.6396484375,216300,0.0,0.0
2018-12-28 00:00:00+09:00,8288.31203069788,8298.005962897527,8113.82125110424,8230.1484375,199500,0.0,0.0
2018-12-31 00:00:00+09:00,8230.1484375,8230.1484375,8230.1484375,8230.1484375,0,0.0,0.0
2019-01-04 00:00:00+09:00,7949.023689664026,8268.923423516359,7910.247964348591,8259.2294921875,353400,0.0,0.0
2019-01-07 00:00:00+09:00,8482.191467285156,8627.600463867188,8385.252136230469,8530.6611328125,325800,0.0,0.0
2019-01-08 00:00:00+09:00,8550.048999023438,8656.682263183595,8501.579333496094,8530.6611328125,280100,0.0,0.0
2019-01-09 00:00:00+09:00,8676.069233084465,8811.784282540535,8627.59957256444,8743.9267578125,203900,0.0,0.0
2019-01-10 00:00:00+09:00,8637.294052469246,8656.681917906886,8482.191128968114,8569.4365234375,203200,0.0,0.0
2019-01-11 00:00:00+09:00,8685.76231596829,8714.844109436934,8530.659417468856,8559.7412109375,139600,0.0,0.0
2019-01-15 00:00:00+09:00,8714.84546988351,8792.396931239537,8646.987941196987,8685.763671875,208500,0.0,0.0
2019-01-16 00:00:00+09:00,8588.824575048666,8763.315367769745,8579.130642119717,8714.845703125,166600,0.0,0.0
2019-01-17 00:00:00+09:00,8773.009362684943,8773.009362684943,8656.68216671564,8763.3154296875,210400,0.0,0.0
2019-01-18 00:00:00+09:00,8763.314984631148,8899.03003970287,8724.539254610656,8869.9482421875,167100,0.0,0.0
2019-01-21 00:00:00+09:00,8899.030603313127,8918.418469551281,8695.4580078125,8695.4580078125,118200,0.0,0.0
2019-01-22 00:00:00+09:00,8714.84627731765,8782.703812291202,8627.600875208796,8705.15234375,154000,0.0,0.0
2019-01-23 00:00:00+09:00,8569.436926200566,8637.294458421611,8501.57939397952,8579.130859375,238300,0.0,0.0
2019-01-24 00:00:00+09:00,8491.884327437994,8666.375101289459,8472.49646367672,8598.517578125,109500,0.0,0.0
2019-01-25 00:00:00+09:00,8714.845130208334,8879.641979166667,8685.763333333334,8724.5390625,282400,0.0,0.0
2019-01-28 00:00:00+09:00,8646.988512569833,8705.152112430167,8627.60064594972,8676.0703125,171400,0.0,0.0
2019-01-29 00:00:00+09:00,8734.232293435802,8976.580581266984,8685.762635869565,8918.4169921875,462300,0.0,0.0
2019-01-30 00:00:00+09:00,9112.296922300706,9732.708627648839,9102.602989404642,9606.6875,1001500,0.0,0.0
2019-01-31 00:00:00+09:00,9810.26035080253,10013.832947014835,9655.157420355059,9965.36328125,366900,0.0,0.0
2019-02-01 00:00:00+09:00,9790.871731308554,10004.138244267751,9732.708136865138,9829.6474609375,223200,0.0,0.0
2019-02-04 00:00:00+09:00,10023.526492531728,10188.323349759039,10023.526492531728,10120.4658203125,240800,0.0,0.0
2019-02-05 00:00:00+09:00,10178.62884083433,10285.262095357357,10091.383450770036,10130.1591796875,146400,0.0,0.0
2019-02-06 00:00:00+09:00,10071.99648418408,10101.078283464687,9878.117822313356,9916.8935546875,187100,0.0,0.0
2019-02-07 00:00:00+09:00,9887.810378699853,9926.586105675146,9810.258924749265,9907.1982421875,242200,0.0,0.0
2019-02-08 00:00:00+09:00,9810.260106646825,9858.729771205357,9664.85111297123,9771.484375,189700,0.0,0.0
2019-02-12 00:00:00+09:00,10023.526537518168,10081.690134447674,9994.444739053415,10004.138671875,254900,0.0,0.0
2019-02-13 00:00:00+09:00,9936.281097529034,10207.711215315194,9936.281097529034,10120.4658203125,204300,0.0,0.0
2019-02-14 00:00:00+09:00,10188.323412550644,10217.405211064108,10120.46588268589,10168.935546875,104800,0.0,0.0
2019-02-15 00:00:00+09:00,10033.22036287897,10159.241488209816,9975.056766572425,10071.99609375,150100,0.0,0.0
2019-02-18 00:00:00+09:00,10217.405382566261,10246.487181567873,10081.690320558739,10149.5478515625,108700,0.0,0.0
2019-02-19 00:00:00+09:00,10227.09892954786,10401.589716971426,10217.404996913217,10304.650390625,169600,0.0,0.0
2019-02-20 00:00:00+09:00,10188.323805625303,10285.263137743526,9955.669408541566,10013.8330078125,288200,0.0,0.0
2019-02-21 00:00:00+09:00,9965.36213592233,10033.219660194174,9849.034951456311,9984.75,264900,0.0,0.0
2019-02-22 00:00:00+09:00,10139.853578808872,10256.18077091758,10130.159646133146,10188.3232421875,250100,0.0,0.0
2019-02-25 00:00:00+09:00,10178.629161799065,10401.58961010514,10178.629161799065,10372.5078125,245400,0.0,0.0
2019-02-26 00:00:00+09:00,10420.97880236427,10420.97880236427,10275.569795819652,10333.7333984375,145700,0.0,0.0
2019-02-27 00:00:00+09:00,10256.180896928017,10333.73235928664,10227.099098543533,10285.2626953125,199900,0.0,0.0
2019-02-28 00:00:00+09:00,10362.813986432855,10411.283649606068,10285.262525355714,10304.650390625,253200,0.0,0.0
2019-03-01 00:00:00+09:00,10285.26265071645,10450.059507513979,10285.26265071645,10401.58984375,135000,0.0,0.0
2019-03-04 00:00:00+09:00,10469.446887830749,10634.243736991048,10440.365090920108,10624.5498046875,168400,0.0,0.0
2019-03-05 00:00:00+09:00,10566.386781178653,10643.938243792809,10546.998915525115,10614.8564453125,226600,0.0,0.0
2019-03-06 00:00:00+09:00,10614.855034329792,10760.264007402802,10576.079308176988,10721.48828125,211200,0.0,0.0
2019-03-07 00:00:00+09:00,10614.856382597476,10614.856382597476,10488.835256594037,10566.38671875,251100,0.0,0.0
2019-03-08 00:00:00+09:00,10411.283437064763,10576.080288489438,10401.589504628017,10440.365234375,260800,0.0,0.0
2019-03-11 00:00:00+09:00,10440.363923558916,10527.609304535732,10362.812473801747,10479.1396484375,69200,0.0,0.0
2019-03-12 00:00:00+09:00,10663.3251953125,10702.100923295455,10624.549467329545,10663.3251953125,101300,0.0,0.0
2019-03-13 00:00:00+09:00,10663.326109446347,10682.713975099887,10585.774646832193,10614.8564453125,91900,0.0,0.0
2019-03-14 00:00:00+09:00,10711.796933075537,10731.18480082771,10556.693991058153,10595.4697265625,59700,0.0,0.0
2019-03-15 00:00:00+09:00,10682.712623410778,10769.9580078125,10614.85510220944,10769.9580078125,200700,0.0,0.0
2019-03-18 00:00:00+09:00,10905.674557232749,10905.674557232749,10682.714099618212,10711.7958984375,93100,0.0,0.0
2019-03-19 00:00:00+09:00,10663.326233738688,10711.7958984375,10605.162636100113,10711.7958984375,68200,0.0,0.0
2019-03-20 00:00:00+09:00,10682.714099618212,10789.347361955599,10653.632300798925,10711.7958984375,168300,0.0,0.0
2019-03-22 00:00:00+09:00,10731.1845703125,10818.429973323171,10702.102769308944,10731.1845703125,131600,0.0,0.0
2019-03-25 00:00:00+09:00,10411.282129899977,10498.527510876793,10382.20033624104,10479.1396484375,135300,0.0,0.0
2019-03-26 00:00:00+09:00,10585.774164244185,10895.980000559033,10585.774164244185,10837.81640625,121100,0.0,0.0
2019-03-27 00:00:00+09:00,10932.993012422361,11040.370622365794,10884.185007902617,11001.32421875,175300,77.5,0.0
2019-03-28 00:00:00+09:00,10845.138435879733,10903.708040393936,10727.999226851329,10825.615234375,164900,0.0,0.0
2019-03-29 00:00:00+09:00,11020.846109150985,11050.130908378136,10845.137313788082,10893.9453125,175900,0.0,0.0
2019-04-01 00:00:00+09:00,11118.462033134594,11216.078029913651,10972.038037966007,11128.2236328125,244800,0.0,0.0
2019-04-02 00:00:00+09:00,11440.596122735116,11508.927328246333,11196.5561030522,11313.6953125,225300,0.0,0.0
2019-04-03 00:00:00+09:00,11401.548565268313,11479.641363660561,11255.124568282847,11460.1181640625,183500,0.0,0.0
2019-04-04 00:00:00+09:00,11303.933326957153,11421.072532417847,11225.840523316689,11362.5029296875,132000,0.0,0.0
2019-04-05 00:00:00+09:00,11333.218246211105,11401.549450107297,11274.648642871514,11372.2646484375,182800,0.0,0.0
2019-04-08 00:00:00+09:00,11391.787319290304,11538.211320823599,11391.787319290304,11489.4033203125,157200,0.0,0.0
2019-04-09 00:00:00+09:00,11528.449839671317,11577.257840686014,11450.357038047803,11499.1650390625,96700,0.0,0.0
2019-04-10 00:00:00+09:00,11421.071408318212,11469.879405789656,11303.932214386743,11430.8330078125,80200,0.0,0.0
2019-04-11 00:00:00+09:00,11430.833837641925,11547.973040077195,11411.310637236045,11499.1650390625,86500,0.0,0.0
2019-04-12 00:00:00+09:00,11645.5888671875,11713.920067581726,11489.40326628641,11645.5888671875,154000,0.0,0.0
2019-04-15 00:00:00+09:00,11674.873667356454,11733.443267694363,11577.257666793274,11645.5888671875,269200,0.0,0.0
2019-04-16 00:00:00+09:00,11694.398166593128,11801.775779141144,11596.78215518584,11752.9677734375,196700,0.0,0.0
2019-04-17 00:00:00+09:00,11655.351273271277,11694.397676196808,11450.357657912235,11469.880859375,280200,0.0,0.0
2019-04-18 00:00:00+09:00,11528.451209339035,11547.974412064419,11391.78879026135,11450.3583984375,231200,0.0,0.0
2019-04-19 00:00:00+09:00,11606.54296875,11694.397373055088,11518.688564444912,11606.54296875,174900,0.0,0.0
2019-04-22 00:00:00+09:00,11606.54255765131,11801.77456030314,11596.780957518718,11733.443359375,170100,0.0,0.0
2019-04-23 00:00:00+09:00,11889.629764854664,11928.676168023316,11811.53695851736,11879.8681640625,316000,0.0,0.0
2019-04-24 00:00:00+09:00,12611.988196000584,12670.557800625975,12192.239362851959,12524.1337890625,512600,0.0,0.0
2019-04-25 00:00:00+09:00,12651.033466569768,12787.695865128391,12465.56306852592,12592.4638671875,352100,0.0,0.0
2019-04-26 00:00:00+09:00,12465.563566169323,12660.79557190416,12377.709163588646,12553.41796875,286800,0.0,0.0
2019-05-07 00:00:00+09:00,12465.562881565693,12524.132480069526,12358.185284308667,12416.7548828125,251600,0.0,0.0
2019-05-08 00:00:00+09:00,12319.138313517673,12338.661512112787,12133.667926864078,12289.853515625,273500,0.0,0.0
2019-05-09 00:00:00+09:00,12289.855057316889,12328.901459405266,12065.338245308718,12094.623046875,402300,0.0,0.0
2019-05-10 00:00:00+09:00,11928.675899427637,12075.099908013082,11831.059893704007,11938.4375,380000,0.0,0.0
2019-05-13 00:00:00+09:00,11938.43630848104,12016.52910526587,11821.297113303792,11840.8203125,222900,0.0,0.0
2019-05-14 00:00:00+09:00,11606.543341881934,11928.676168023316,11538.212136336791,11879.8681640625,301500,0.0,0.0
2019-05-15 00:00:00+09:00,11889.629114604539,12006.76831770409,11733.443510471803,11987.2451171875,228000,0.0,0.0
2019-05-16 00:00:00+09:00,12084.861415835505,12192.239021307389,11977.483810363623,12172.7158203125,169700,0.0,0.0
2019-05-17 00:00:00+09:00,12582.702798715032,12631.510800261638,12436.278794075215,12475.3251953125,164900,0.0,0.0
2019-05-20 00:00:00+09:00,12416.754763719513,12494.84756097561,12338.661966463415,12406.9931640625,71700,0.0,0.0
2019-05-21 00:00:00+09:00,12397.23321224465,12543.6572265625,12387.471611290126,12543.6572265625,134900,0.0,0.0
2019-05-22 00:00:00+09:00,12973.166994448062,13012.21339623722,12611.987777898341,12651.0341796875,205400,0.0,0.0
2019-05-23 00:00:00+09:00,12748.649198590594,13070.781988447783,12748.649198590594,13051.2587890625,242000,0.0,0.0
2019-05-24 00:00:00+09:00,12924.358553240741,13207.444956597223,12914.596953125,13178.16015625,210500,0.0,0.0
2019-05-27 00:00:00+09:00,13178.160629385155,13295.299834979689,13129.352627054099,13217.20703125,112100,0.0,0.0
2019-05-28 00:00:00+09:00,13217.206794332471,13392.915599574704,13178.160393167529,13197.68359375,266000,0.0,0.0
2019-05-29 00:00:00+09:00,13041.496231894282,13158.635419605907,12973.1650390625,12973.1650390625,206900,0.0,0.0
2019-05-30 00:00:00+09:00,12738.888830132164,12777.935232676631,12319.14000277915,12348.4248046875,418300,0.0,0.0
2019-05-31 00:00:00+09:00,12387.471023687405,12875.551048261377,12348.424621721488,12816.9814453125,358700,0.0,0.0
2019-06-03 00:00:00+09:00,12651.033037757437,12807.21863081617,12494.847444698704,12797.45703125,162700,0.0,0.0
2019-06-04 00:00:00+09:00,12699.84166738605,12758.411267696823,12270.331265107045,12367.947265625,248500,0.0,0.0
2019-06-05 00:00:00+09:00,12553.418235778809,12582.703037261963,12367.947826385498,12494.8486328125,274300,0.0,0.0
2019-06-06 00:00:00+09:00,12348.423589976743,12416.754787707838,12153.191596459323,12328.900390625,371200,0.0,0.0
2019-06-07 00:00:00+09:00,12426.517578125,12485.087181792518,12280.093568956207,12426.517578125,156400,0.0,0.0
2019-06-10 00:00:00+09:00,12494.848282442748,12895.073891489743,12436.278681118798,12787.6962890625,226100,0.0,0.0
2019-06-11 00:00:00+09:00,12885.311066513761,12914.595864392202,12602.224687022172,12768.171875,210700,0.0,0.0
2019-06-12 00:00:00+09:00,12787.695645167014,13051.258837853662,12699.841247604798,12895.0732421875,142300,0.0,0.0
2019-06-13 00:00:00+09:00,12836.504764643978,12953.643971621717,12748.650359410673,12826.7431640625,118800,0.0,0.0
2019-06-14 00:00:00+09:00,12895.073779951797,13119.590583084948,12787.696178453334,13100.0673828125,218100,0.0,0.0
2019-06-17 00:00:00+09:00,12895.074190869744,12953.643793553481,12572.941376109182,12651.0341796875,317200,0.0,0.0
2019-06-18 00:00:00+09:00,12651.034599084178,12719.365804480465,12494.848986749805,12524.1337890625,253800,0.0,0.0
2019-06-19 00:00:00+09:00,12611.987395513066,12719.364997177652,12524.132994151134,12699.841796875,174900,0.0,0.0
2019-06-20 00:00:00+09:00,12777.934836375192,12914.597241042307,12709.603634041636,12719.365234375,142100,0.0,0.0
2019-06-21 00:00:00+09:00,12748.650797391529,12807.220402892563,11713.921100206611,11811.537109375,565500,0.0,0.0
2019-06-24 00:00:00+09:00,12241.04751481681,12543.657142376078,12182.477909482759,12455.802734375,277900,0.0,0.0
2019-06-25 00:00:00+09:00,12338.662673747063,12611.987479811081,12338.662673747063,12465.5634765625,163500,0.0,0.0
2019-06-26 00:00:00+09:00,12358.18595994613,12446.040362504988,12114.145952838187,12231.28515625,233200,0.0,0.0
2019-06-27 00:00:00+09:00,11938.437233809245,12133.669240903428,11889.6292320357,11997.0068359375,377200,0.0,0.0
2019-06-28 00:00:00+09:00,11821.29794121414,12016.529946849385,11821.29794121414,11909.15234375,307300,0.0,0.0
2019-07-01 00:00:00+09:00,11938.437937278593,12075.100350297318,11811.537125189778,12055.5771484375,298800,0.0,0.0
2019-07-02 00:00:00+09:00,12065.337482485987,12270.331080489392,11977.483083341673,12192.23828125,262500,0.0,0.0
2019-07-03 00:00:00+09:00,12153.19190751536,12338.662306103948,12006.767908629632,12114.1455078125,245700,0.0,0.0
2019-07-04 00:00:00+09:00,12123.90675011359,12143.429949389136,12055.575552649181,12084.8603515625,110600,0.0,0.0
2019-07-05 00:00:00+09:00,11957.960819418913,11967.722420087826,11870.106413398693,11948.19921875,185100,0.0,0.0
2019-07-08 00:00:00+09:00,11957.959387247318,12045.813782745463,11792.012195750825,11831.05859375,199500,0.0,0.0
2019-07-09 00:00:00+09:00,11860.344639109142,11889.62944068719,11733.443832270937,11772.490234375,151500,0.0,0.0
2019-07-10 00:00:00+09:00,11674.874799088322,11713.921203098651,11518.689183047007,11577.2587890625,315000,0.0,0.0
2019-07-11 00:00:00+09:00,11499.1650390625,11616.304241497772,11450.357038047803,11499.1650390625,264800,0.0,0.0
2019-07-12 00:00:00+09:00,11547.972103256778,11635.82649795611,11342.978515625,11342.978515625,233900,0.0,0.0
2019-07-16 00:00:00+09:00,11372.264936292493,11645.58975879566,11342.98013388144,11557.7353515625,334100,0.0,0.0
2019-07-17 00:00:00+09:00,11547.973068576388,11547.973068576388,11391.787464943909,11421.072265625,239900,0.0,0.0
2019-07-18 00:00:00+09:00,11362.502840909092,11421.072443181818,11216.078835227274,11274.6484375,218100,0.0,0.0
2019-07-19 00:00:00+09:00,11372.264852061171,11557.735265957446,11372.264852061171,11469.880859375,215500,0.0,0.0
2019-07-22 00:00:00+09:00,11450.356947377566,11528.449748382698,11362.502546246793,11411.310546875,250100,0.0,0.0
2019-07-23 00:00:00+09:00,11704.158113033072,11704.158113033072,11206.31652523934,11216.078125,365900,0.0,0.0
2019-07-24 00:00:00+09:00,11323.456263354701,11499.16506744124,11137.985859041131,11421.072265625,288200,0.0,0.0
2019-07-25 00:00:00+09:00,11391.787319290304,11587.019321334696,11372.264119085865,11489.4033203125,195300,0.0,0.0
2019-07-26 00:00:00+09:00,11469.879739054568,11645.588535057106,11430.833339942892,11538.2109375,218400,0.0,0.0
2019-07-29 00:00:00+09:00,11606.543592070246,11655.351597083158,11508.927582044424,11577.2587890625,160500,0.0,0.0
2019-07-30 00:00:00+09:00,11606.542577620316,11655.350578367248,11303.932972989342,11333.2177734375,235600,0.0,0.0
2019-07-31 00:00:00+09:00,11225.839910695158,11469.879908753748,11118.462311549378,11391.787109375,252100,0.0,0.0
2019-08-01 00:00:00+09:00,11264.885980414683,11313.693978596722,11216.077982232644,11284.4091796875,127200,0.0,0.0
2019-08-02 00:00:00+09:00,11137.98603219697,11342.979640151516,11079.416429924242,11274.6484375,214800,0.0,0.0
2019-08-05 00:00:00+09:00,11196.55495025608,11264.886148731925,10932.99175613497,11137.9853515625,279200,0.0,0.0
2019-08-06 00:00:00+09:00,10854.89936611757,11382.02577418443,10835.376165818798,11333.2177734375,454000,0.0,0.0
2019-08-07 00:00:00+09:00,11342.978276535561,11499.163863820044,11147.746292429956,11323.455078125,258700,0.0,0.0
2019-08-08 00:00:00+09:00,11382.026280250648,11460.119084917891,11235.602271499569,11294.171875,126800,0.0,0.0
2019-08-09 00:00:00+09:00,11352.741986766858,11401.549991869037,11186.79476941945,11255.1259765625,184800,0.0,0.0
2019-08-13 00:00:00+09:00,11059.892815597466,11245.36321585903,11011.084815528633,11079.416015625,160400,0.0,0.0
2019-08-14 00:00:00+09:00,11167.270244565218,11255.124643342391,11098.939045516305,11225.83984375,179700,0.0,0.0
2019-08-15 00:00:00+09:00,11001.324268261036,11186.79468627076,10981.801066365275,11167.271484375,190200,0.0,0.0
2019-08-16 00:00:00+09:00,11098.940749380596,11460.119999800192,11098.940749380596,11450.3583984375,173700,0.0,0.0
2019-08-19 00:00:00+09:00,11557.734493670887,11645.588894382912,11469.880092958861,11567.49609375,184900,0.0,0.0
2019-08-20 00:00:00+09:00,11596.781424906716,11801.775035953047,11596.781424906716,11772.490234375,185300,0.0,0.0
2019-08-21 00:00:00+09:00,11665.112777086373,11733.443981638344,11538.211968632715,11704.1591796875,190100,0.0,0.0
2019-08-22 00:00:00+09:00,11713.919540975103,11762.7275390625,11626.065144417791,11762.7275390625,178700,0.0,0.0
2019-08-23 00:00:00+09:00,11782.250738297458,11782.250738297458,11694.396341740145,11762.7275390625,149900,0.0,0.0
2019-08-26 00:00:00+09:00,11469.88107728564,11870.106714876032,11460.119476368802,11811.537109375,195300,0.0,0.0
2019-08-27 00:00:00+09:00,11889.629732142857,12026.292142857143,11811.536926020408,11957.9609375,268500,0.0,0.0
2019-08-28 00:00:00+09:00,11928.674685516482,12026.290681306307,11879.86668762157,11918.9130859375,127400,0.0,0.0
2019-08-29 00:00:00+09:00,11909.15296643899,11928.676168023316,11665.112946634912,11879.8681640625,151700,0.0,0.0
2019-08-30 00:00:00+09:00,11928.676912937244,11928.676912937244,11792.014493312758,11860.345703125,220800,0.0,0.0
2019-09-02 00:00:00+09:00,11762.728014015975,11918.913614202078,11752.966414004342,11801.7744140625,128200,0.0,0.0
2019-09-03 00:00:00+09:00,11801.775357725195,11957.960970399805,11772.490555348706,11879.8681640625,104100,0.0,0.0
2019-09-04 00:00:00+09:00,11772.489640794129,11860.344041098562,11723.681640625,11723.681640625,97700,0.0,0.0
2019-09-05 00:00:00+09:00,11831.059278777528,11997.006479882493,11792.012878517537,11967.7216796875,134300,0.0,0.0
2019-09-06 00:00:00+09:00,11987.245146004097,12036.05314741291,11899.390743468237,11909.15234375,136200,0.0,0.0
2019-09-09 00:00:00+09:00,11948.198834163955,11997.0068359375,11909.152432745119,11997.0068359375,107300,0.0,0.0
2019-09-10 00:00:00+09:00,11997.006497231014,12006.768097310127,11538.211293512659,11567.49609375,233500,0.0,0.0
2019-09-11 00:00:00+09:00,11079.416400200498,11284.410007605089,10767.045188917313,11030.6083984375,533700,0.0,0.0
2019-09-12 00:00:00+09:00,10649.906389009344,10932.992809982095,10591.336784670155,10903.7080078125,467400,0.0,0.0
2019-09-13 00:00:00+09:00,10913.469458963522,11098.939870162367,10874.423056605872,10972.0390625,355200,0.0,0.0
2019-09-17 00:00:00+09:00,11079.417273985864,11342.980504292136,10962.27806051641,11264.8876953125,235200,0.0,0.0
2019-09-18 00:00:00+09:00,11401.548540609136,11694.3965339467,11401.548540609136,11538.2109375,368900,0.0,0.0
2019-09-19 00:00:00+09:00,11928.674780868903,12133.66837366616,11918.91318121189,12006.767578125,406300,0.0,0.0
2019-09-20 00:00:00+09:00,12182.47745157385,12270.3318562727,12026.291843220339,12094.623046875,315800,0.0,0.0
2019-09-24 00:00:00+09:00,12202.000956632653,12270.332161989796,11957.9609375,11957.9609375,175500,0.0,0.0
2019-09-25 00:00:00+09:00,12006.768289214198,12202.00029391687,12006.768289214198,12065.337890625,167400,0.0,0.0
2019-09-26 00:00:00+09:00,12299.615543593496,12328.900342506815,12036.052353373636,12084.8603515625,197500,0.0,0.0
2019-09-27 00:00:00+09:00,12222.29955995478,12251.750884195633,11957.237641787086,12143.7626953125,170000,70.0,0.0
2019-09-30 00:00:00+09:00,11996.50664886871,12261.568579735695,11996.50664886871,12094.677734375,213800,0.0,0.0
2019-10-01 00:00:00+09:00,12183.031711330663,12261.568579735695,12035.775083071227,12094.677734375,140800,0.0,0.0
2019-10-02 00:00:00+09:00,11967.056840137768,12006.325279317876,11800.165973622312,11868.8857421875,193600,0.0,0.0
2019-10-03 00:00:00+09:00,11682.359425121585,11859.0673828125,11643.09099007916,11859.0673828125,159300,0.0,0.0
2019-10-04 00:00:00+09:00,11751.079339827542,11898.335973158713,11662.725359828839,11829.6162109375,224600,0.0,0.0
2019-10-07 00:00:00+09:00,11780.530596287941,11967.0556640625,11731.445052136742,11967.0556640625,157800,0.0,0.0
2019-10-08 00:00:00+09:00,12075.043419231344,12310.65402253342,11947.421009109386,12300.8369140625,156700,0.0,0.0
2019-10-09 00:00:00+09:00,12330.289798949332,12526.631993200117,12281.204250386636,12497.1806640625,228000,0.0,0.0
2019-10-10 00:00:00+09:00,12457.910649597216,12516.813300422735,12251.7513717079,12300.8369140625,235000,0.0,0.0
2019-10-11 00:00:00+09:00,12271.386639931396,12271.386639931396,12025.958907132768,12163.3984375,220200,0.0,0.0
2019-10-15 00:00:00+09:00,12271.385100356203,12271.385100356203,12065.225830670219,12143.7626953125,259200,0.0,0.0
2019-10-16 00:00:00+09:00,12261.568084716797,12418.641815185547,12192.848327636719,12251.7509765625,200700,0.0,0.0
2019-10-17 00:00:00+09:00,12183.032617657755,12349.923475433889,12153.581289814907,12232.1181640625,134700,0.0,0.0
2019-10-18 00:00:00+09:00,12192.849647330466,12261.569411848432,12094.678555161943,12124.1298828125,148500,0.0,0.0
2019-10-21 00:00:00+09:00,12124.12948980564,12212.483469893292,12016.141291920732,12075.0439453125,120000,0.0,0.0
2019-10-23 00:00:00+09:00,11927.787311833079,12124.12948980564,11800.164896150915,12075.0439453125,179200,0.0,0.0
2019-10-24 00:00:00+09:00,12300.8387522518,12389.192741693354,12241.936092624099,12261.5703125,168200,0.0,0.0
2019-10-25 00:00:00+09:00,12556.081237071512,12673.886534057328,12428.458832003545,12457.91015625,189000,0.0,0.0
2019-10-28 00:00:00+09:00,12457.911524510646,12644.436598557693,12281.20355962397,12506.9970703125,350000,0.0,0.0
2019-10-29 00:00:00+09:00,12359.73992190455,13125.47440475487,12359.73992190455,12978.2177734375,425900,0.0,0.0
2019-10-30 00:00:00+09:00,13272.731417088151,13655.598669504156,13204.011653833997,13586.87890625,434100,0.0,0.0
2019-10-31 00:00:00+09:00,13586.878582875457,13685.049670902014,13361.085080414377,13400.353515625,198800,0.0,0.0
2019-11-01 00:00:00+09:00,13262.913634487018,13311.99917717572,13086.205680807696,13282.5478515625,144200,0.0,0.0
2019-11-05 00:00:00+09:00,13439.620610756996,13606.511443761283,13361.083748166742,13596.6943359375,277700,0.0,0.0
2019-11-06 00:00:00+09:00,13851.939384241825,13871.5736002365,13233.461580409625,13361.083984375,344700,0.0,0.0
2019-11-07 00:00:00+09:00,13419.987458617807,13449.438784423111,13253.096612387739,13390.5361328125,164600,0.0,0.0
2019-11-08 00:00:00+09:00,13488.707614762145,13557.427376991645,13361.08519919307,13439.6220703125,230100,0.0,0.0
2019-11-11 00:00:00+09:00,13527.975944244603,13675.232576438848,13527.975944244603,13645.78125,166400,0.0,0.0
2019-11-12 00:00:00+09:00,13655.5986328125,13773.40394093166,13586.87886974299,13655.5986328125,146500,0.0,0.0
2019-11-13 00:00:00+09:00,13635.9638671875,13665.415193034558,13478.890129336529,13635.9638671875,145200,0.0,0.0
2019-11-14 00:00:00+09:00,13635.965077230225,13861.758595427702,13596.696639282838,13714.501953125,177800,0.0,0.0
2019-11-15 00:00:00+09:00,13871.574697122112,14038.465546273617,13812.672044480405,14028.6484375,229400,0.0,0.0
2019-11-18 00:00:00+09:00,13950.112074468663,14117.0029296875,13881.392310555024,14117.0029296875,145400,0.0,0.0
2019-11-19 00:00:00+09:00,14234.808358074722,14293.711013349515,14028.649064612951,14156.271484375,104800,0.0,0.0
2019-11-20 00:00:00+09:00,14097.368248423463,14205.3564453125,13989.380051534425,14205.3564453125,144500,0.0,0.0
2019-11-21 00:00:00+09:00,14254.441919597022,14352.613007197553,14107.185288196228,14342.7958984375,124400,0.0,0.0
2019-11-22 00:00:00+09:00,14283.892906737618,14490.052185803934,14117.002061779172,14470.41796875,165600,0.0,0.0
2019-11-25 00:00:00+09:00,14401.69806512219,14480.234932552985,14097.367703827855,14185.7216796875,175800,0.0,0.0
2019-11-26 00:00:00+09:00,14264.258209019205,14382.063507373114,14166.087127057614,14313.34375,223300,0.0,0.0
2019-11-27 00:00:00+09:00,14509.68671236376,14509.68671236376,14342.79586384537,14411.515625,103100,0.0,0.0
2019-11-28 00:00:00+09:00,14382.06390443438,14460.600772171907,14313.344145164046,14362.4296875,91900,0.0,0.0
2019-11-29 00:00:00+09:00,14372.246983611494,14421.332526588309,14205.356137490322,14264.2587890625,104200,0.0,0.0
2019-12-02 00:00:00+09:00,14313.34457215734,14509.686747358402,14313.34457215734,14342.7958984375,107900,0.0,0.0
2019-12-03 00:00:00+09:00,14195.54053790118,14529.322265625,14107.18655115076,14529.322265625,141300,0.0,0.0
2019-12-04 00:00:00+09:00,14519.504143987475,14607.85812457969,14450.78438130464,14598.041015625,109000,0.0,0.0
2019-12-05 00:00:00+09:00,14627.491304671545,14627.491304671545,14362.429381700986,14421.33203125,115900,0.0,0.0
2019-12-06 00:00:00+09:00,14332.979299532313,14450.784608843538,14293.710863095239,14431.150390625,78100,0.0,0.0
2019-12-09 00:00:00+09:00,14372.246949914384,14431.14960134846,14215.17321275685,14332.978515625,174300,0.0,0.0
2019-12-10 00:00:00+09:00,14372.248010319185,14725.663944999165,14362.430901022519,14686.3955078125,170600,0.0,0.0
2019-12-11 00:00:00+09:00,14725.662947187288,14804.199816238952,14372.247036454792,14440.966796875,166300,0.0,0.0
2019-12-12 00:00:00+09:00,14519.503113831688,14558.771546864362,14313.343840410142,14421.33203125,100700,0.0,0.0
2019-12-13 00:00:00+09:00,14539.138425036688,14539.138425036688,14087.55141115979,14215.173828125,308900,0.0,0.0
2019-12-16 00:00:00+09:00,14175.905118888219,14372.247295050105,14175.905118888219,14205.3564453125,115200,0.0,0.0
2019-12-17 00:00:00+09:00,14205.357647540117,14529.322265625,14175.90631862331,14529.322265625,205300,0.0,0.0
2019-12-18 00:00:00+09:00,14382.064092206856,14431.149635183672,14224.990354681047,14264.2587890625,141700,0.0,0.0
2019-12-19 00:00:00+09:00,14274.07608660343,14382.064282581861,14018.831259745322,14166.087890625,199200,0.0,0.0
2019-12-20 00:00:00+09:00,14234.807702076916,14372.24722471766,14224.990593316863,14342.7958984375,168700,0.0,0.0
2019-12-23 00:00:00+09:00,14431.149877277978,14450.784094798084,14264.259028357075,14342.7958984375,76000,0.0,0.0
2019-12-24 00:00:00+09:00,14382.065311395945,14656.944375368019,14362.431092540797,14588.224609375,113300,0.0,0.0
2019-12-25 00:00:00+09:00,14509.6865234375,14539.13784926315,14460.600980394747,14509.6865234375,45900,0.0,0.0
2019-12-26 00:00:00+09:00,14647.126679346915,14666.760897415745,14548.955589002768,14637.3095703125,61900,0.0,0.0
2019-12-27 00:00:00+09:00,14617.67465087236,14764.931279323057,14529.320673801943,14647.1259765625,72300,0.0,0.0
2019-12-30 00:00:00+09:00,14686.394912347561,14735.480456840702,14440.96718988186,14490.052734375,85800,0.0,0.0
2020-01-06 00:00:00+09:00,14421.333361907073,14696.212418498902,14401.699143579086,14539.138671875,174300,0.0,0.0
2020-01-07 00:00:00+09:00,14774.749495295318,15196.885195160898,14725.66394879932,15177.2509765625,188600,0.0,0.0
2020-01-08 00:00:00+09:00,15029.994255096233,15147.799566044081,14647.126994515727,14823.8349609375,287900,0.0,0.0
2020-01-09 00:00:00+09:00,15020.17632945088,15118.347416571474,14892.553916194109,15039.810546875,167100,0.0,0.0
2020-01-10 00:00:00+09:00,15039.810914097356,15461.946599023064,15039.810914097356,15403.0439453125,203400,0.0,0.0
2020-01-14 00:00:00+09:00,15599.385656165836,15756.459394679776,15452.129026309014,15491.3974609375,223100,0.0,0.0
2020-01-15 00:00:00+09:00,15422.677034927963,15432.494143161526,15069.261138519683,15118.3466796875,220300,0.0,0.0
2020-01-16 00:00:00+09:00,15196.884030065072,15304.87222407716,15098.712944599534,15275.4208984375,245000,0.0,0.0
2020-01-17 00:00:00+09:00,15177.250016770558,15187.067125448935,14764.931452278732,14863.1025390625,235800,0.0,0.0
2020-01-20 00:00:00+09:00,15069.26195798566,15167.433045659835,14971.090870311487,15147.798828125,123400,0.0,0.0
2020-01-21 00:00:00+09:00,14980.908013661703,15118.347536722818,14892.554034550985,15079.0791015625,100300,0.0,0.0
2020-01-22 00:00:00+09:00,15128.1634537991,15304.871398100451,15108.529237765615,15245.96875,164600,0.0,0.0
2020-01-23 00:00:00+09:00,15187.068396191095,15442.313243185903,15079.08019169329,15363.7763671875,180000,0.0,0.0
2020-01-24 00:00:00+09:00,15403.04453100024,15442.312968300432,15285.239219099663,15353.958984375,145700,0.0,0.0
2020-01-27 00:00:00+09:00,15049.627706023186,15383.409403351814,14971.090836063508,15216.5185546875,181300,0.0,0.0
2020-01-28 00:00:00+09:00,15039.810666402182,15236.152842203775,15029.9935576121,15079.0791015625,223700,0.0,0.0
2020-01-29 00:00:00+09:00,14627.491930121825,14872.919647070179,14166.087822258922,14303.52734375,656900,0.0,0.0
2020-01-30 00:00:00+09:00,14450.784527073338,14529.321399503084,14224.991018837818,14323.162109375,347000,0.0,0.0
2020-01-31 00:00:00+09:00,14480.236596826073,14843.469650441371,14480.236596826073,14735.4814453125,308800,0.0,0.0
2020-02-03 00:00:00+09:00,14450.78412475182,14902.371128650315,14372.247254508604,14833.6513671875,287000,0.0,0.0
2020-02-04 00:00:00+09:00,14892.553524834233,15000.541717829077,14774.748223385313,14990.724609375,170900,0.0,0.0
2020-02-05 00:00:00+09:00,15079.078998073217,15412.860694645151,15029.993454459698,15285.23828125,230700,0.0,0.0
2020-02-06 00:00:00+09:00,15216.518947196544,15304.872928180266,14872.920132259847,15265.6044921875,234200,0.0,0.0
2020-02-07 00:00:00+09:00,15344.141018614477,15491.397650271047,15324.506801060268,15393.2265625,155400,0.0,0.0
2020-02-10 00:00:00+09:00,15187.068124593892,15353.958983105913,15098.714140675764,15108.53125,116900,0.0,0.0
2020-02-12 00:00:00+09:00,14980.908203125,15029.993747696182,14784.56602484027,14980.908203125,327700,0.0,0.0
2020-02-13 00:00:00+09:00,14725.663288985148,14902.37124845297,14676.577744688531,14872.919921875,291400,0.0,0.0
2020-02-14 00:00:00+09:00,14804.199460958112,14961.273195291886,14804.199460958112,14882.736328125,135300,0.0,0.0
2020-02-17 00:00:00+09:00,14745.29721735435,14814.016978021113,14598.040587354139,14617.6748046875,146400,0.0,0.0
2020-02-18 00:00:00+09:00,14548.954836965739,14598.040379600576,14303.527123791553,14470.41796875,116100,0.0,0.0
2020-02-19 00:00:00+09:00,14480.235589941209,14656.943549682863,14470.418481066672,14558.7724609375,123900,0.0,0.0
2020-02-20 00:00:00+09:00,14656.942941515721,14676.577158450102,14323.161253631237,14362.4296875,157800,0.0,0.0
2020-02-21 00:00:00+09:00,14362.429894309244,14666.760261174306,14362.429894309244,14509.6865234375,141500,0.0,0.0
2020-02-25 00:00:00+09:00,13743.95213207053,14117.002261369587,13704.683697407472,14058.099609375,263400,0.0,0.0
2020-02-26 00:00:00+09:00,13989.379814948532,14185.721987789915,13851.940293959564,14126.8193359375,217600,0.0,0.0
2020-02-27 00:00:00+09:00,14136.636247306034,14195.538898336476,13586.878171021912,13665.4150390625,247000,0.0,0.0
2020-02-28 00:00:00+09:00,13331.633653122648,13361.08497930775,12978.217738901429,13046.9375,326400,0.0,0.0
2020-03-02 00:00:00+09:00,12948.766998268395,13498.525111917394,12919.315670751483,13243.2802734375,317800,0.0,0.0
2020-03-03 00:00:00+09:00,13685.04889332576,13793.037084019148,13233.4619140625,13233.4619140625,339100,0.0,0.0
2020-03-04 00:00:00+09:00,13145.108332034137,13606.512433307926,13115.657006420915,13282.5478515625,313300,0.0,0.0
2020-03-05 00:00:00+09:00,13577.062990004191,13979.564495853918,13498.526110814,13910.8447265625,316800,0.0,0.0
2020-03-06 00:00:00+09:00,13694.866235007703,14067.916354670995,13665.414909771127,13940.2939453125,395300,0.0,0.0
2020-03-09 00:00:00+09:00,13626.14792835203,13783.2216796875,13478.891286475027,13783.2216796875,449700,0.0,0.0
2020-03-10 00:00:00+09:00,13851.940584356134,13969.745890530674,13213.828509244053,13822.4892578125,458900,0.0,0.0
2020-03-11 00:00:00+09:00,13753.768711966964,13969.745094310487,13380.718597009974,13410.169921875,336900,0.0,0.0
2020-03-12 00:00:00+09:00,12988.03515625,13213.828662367725,12919.315393518518,12988.03515625,405700,0.0,0.0
2020-03-13 00:00:00+09:00,12693.521056798987,13007.668523015202,11701.993116554053,12713.1552734375,602400,0.0,0.0
2020-03-16 00:00:00+09:00,12742.606195349761,13096.022083664546,12330.287658982512,12349.921875,411100,0.0,0.0
2020-03-17 00:00:00+09:00,12202.666393013249,13734.135385217647,12202.666393013249,13616.330078125,476500,0.0,0.0
2020-03-18 00:00:00+09:00,13567.244365270146,13743.95232371795,13066.571816334706,13400.353515625,492700,0.0,0.0
2020-03-19 00:00:00+09:00,13380.719417643004,14823.834424534803,13380.719417643004,14244.625,479400,0.0,0.0
2020-03-23 00:00:00+09:00,13439.6212890625,13439.6212890625,12183.031424197636,12713.1552734375,584800,0.0,0.0
2020-03-24 00:00:00+09:00,13331.63370881783,13537.792992974806,12585.533442344962,12664.0703125,386100,0.0,0.0
2020-03-25 00:00:00+09:00,12958.584052985949,13056.755144296449,12271.386413812452,12575.716796875,464900,0.0,0.0
2020-03-26 00:00:00+09:00,12929.131944203853,13351.26761132668,12614.984470996165,13282.5478515625,415600,0.0,0.0
2020-03-27 00:00:00+09:00,13743.95179206161,14499.869140625,13154.925286687541,14499.869140625,401700,0.0,0.0
2020-03-30 00:00:00+09:00,14302.323914989767,14578.888189589017,14025.759640390517,14480.115234375,338700,90.0,0.0
2020-03-31 00:00:00+09:00,14667.783368644066,14835.697387005648,13877.599752824857,13986.25,245100,0.0,0.0
2020-04-01 00:00:00+09:00,13689.932159153761,13788.705118455015,13225.699250437869,13393.61328125,251700,0.0,0.0
2020-04-02 00:00:00+09:00,13393.612537337074,14154.164281713884,13324.471469666454,13640.544921875,198100,0.0,0.0
2020-04-03 00:00:00+09:00,13966.496177801331,14154.164796880697,13452.876799268326,13541.7724609375,225300,0.0,0.0
2020-04-06 00:00:00+09:00,13571.403845188705,13857.845411062412,13413.36711918942,13838.0908203125,185000,0.0,0.0
2020-04-07 00:00:00+09:00,14055.391243356173,14578.887895427766,14055.391243356173,14460.3603515625,229300,0.0,0.0
2020-04-08 00:00:00+09:00,14164.04232775797,14855.453041107383,14094.901256423029,14717.1708984375,204700,0.0,0.0
2020-04-09 00:00:00+09:00,14638.151421403787,14736.924372965215,14055.391007191354,14410.9736328125,218100,0.0,0.0
2020-04-10 00:00:00+09:00,14114.654778128212,14470.237403749357,13660.29920094564,14410.9736328125,273500,0.0,0.0
2020-04-13 00:00:00+09:00,14252.937708700856,14786.31167700983,14252.937708700856,14697.416015625,138800,0.0,0.0
2020-04-14 00:00:00+09:00,14786.311172183794,15003.6116703722,14667.78362771739,14993.734375,181900,0.0,0.0
2020-04-15 00:00:00+09:00,15023.366727607196,15339.440189332001,14904.839179460392,15290.0537109375,211600,0.0,0.0
2020-04-16 00:00:00+09:00,15408.581792604502,15477.722864750804,15270.299648311897,15359.1953125,227900,0.0,0.0
2020-04-17 00:00:00+09:00,15467.844384422862,15655.51299445098,15378.948727041121,15477.7216796875,287700,0.0,0.0
2020-04-20 00:00:00+09:00,14973.980417318136,15428.33602364837,14894.962050999835,15003.6123046875,214200,0.0,0.0
2020-04-21 00:00:00+09:00,14944.348529948773,15211.035516273041,14894.962050999835,15003.6123046875,227800,0.0,0.0
2020-04-22 00:00:00+09:00,14875.207747781065,15052.999075443788,14736.925604043392,15023.3671875,205100,0.0,0.0
2020-04-23 00:00:00+09:00,15211.036130863273,15220.913427052146,14766.557802364023,14845.576171875,205900,0.0,0.0
2020-04-24 00:00:00+09:00,14964.103153322152,15734.5322265625,14776.434532917452,15734.5322265625,446300,0.0,0.0
2020-04-27 00:00:00+09:00,15862.93708780675,16603.73427434816,15803.673312883437,16099.9921875,426300,0.0,0.0
2020-04-28 00:00:00+09:00,16020.974710989489,16495.08493671544,15912.324450927292,16327.1708984375,279800,0.0,0.0
2020-04-30 00:00:00+09:00,16544.470305154708,16662.997853609548,16020.9736328125,16020.9736328125,358500,0.0,0.0
2020-05-01 00:00:00+09:00,15971.587476433957,16386.43390439328,15961.710180530165,16208.642578125,272800,0.0,0.0
2020-05-07 00:00:00+09:00,16692.630204523844,16939.56260399905,16643.243724628803,16880.298828125,345800,0.0,0.0
2020-05-08 00:00:00+09:00,17107.475941518118,17374.162922130698,16771.647891857832,16900.052734375,262000,0.0,0.0
2020-05-11 00:00:00+09:00,16998.826104725475,16998.826104725475,16554.34779286455,16662.998046875,209600,0.0,0.0
2020-05-12 00:00:00+09:00,16742.017234946197,16959.317753629864,16712.38534603479,16751.89453125,184200,0.0,0.0
2020-05-13 00:00:00+09:00,16692.629090421273,17028.457131293653,16564.224251264186,16969.193359375,206100,0.0,0.0
2020-05-14 00:00:00+09:00,16919.8086509545,17018.581614474373,16514.839500523012,16524.716796875,210300,0.0,0.0
2020-05-15 00:00:00+09:00,16554.34785825828,17067.967242882045,16475.329491393084,16998.826171875,239000,0.0,0.0
2020-05-18 00:00:00+09:00,17048.210700152613,17522.320847086172,16939.560458147003,17393.916015625,199900,0.0,0.0
2020-05-19 00:00:00+09:00,17719.86733799575,17719.86733799575,17127.229634383853,17433.42578125,295600,0.0,0.0
2020-05-20 00:00:00+09:00,17581.584718837046,17996.431099843314,17453.179886620823,17729.744140625,185400,0.0,0.0
2020-05-21 00:00:00+09:00,17887.782097085674,17917.41398349719,17413.671914501403,17581.5859375,231200,0.0,0.0
2020-05-22 00:00:00+09:00,17551.953421466387,17621.094487279704,17324.77563379406,17374.162109375,250900,0.0,0.0
2020-05-25 00:00:00+09:00,17482.813059881475,17956.92324455623,17443.30387782525,17917.4140625,191400,0.0,0.0
2020-05-26 00:00:00+09:00,18272.99491890608,18272.99491890608,17956.92149328176,18193.9765625,161600,0.0,0.0
2020-05-27 00:00:00+09:00,17976.67783558434,18124.837268295203,17739.622743246968,17917.4140625,209700,0.0,0.0
2020-05-28 00:00:00+09:00,17611.21679794638,18016.18588864509,16909.928860394954,18006.30859375,513100,0.0,0.0
2020-05-29 00:00:00+09:00,18193.979364627947,18500.17554286001,18085.32910783592,18450.7890625,880100,0.0,0.0
2020-06-01 00:00:00+09:00,18658.210595444776,18766.86084242725,18421.155511119377,18668.087890625,272600,0.0,0.0
2020-06-02 00:00:00+09:00,18845.880964116717,18944.653925144583,18737.230706986065,18786.6171875,266800,0.0,0.0
2020-06-03 00:00:00+09:00,19063.180130330213,19063.180130330213,18648.333723348936,18994.0390625,277500,0.0,0.0
2020-06-04 00:00:00+09:00,18984.161567344963,19112.56640625,18638.456231831395,19112.56640625,342200,0.0,0.0
2020-06-05 00:00:00+09:00,18776.737646484373,18974.283544921873,18124.836181640625,18174.22265625,487300,0.0,0.0
2020-06-08 00:00:00+09:00,17976.678143269764,18075.45110010092,17334.653923867274,17739.623046875,549000,0.0,0.0
2020-06-09 00:00:00+09:00,17581.58544112569,18213.732333390886,17542.076260359117,17877.904296875,336700,0.0,0.0
2020-06-10 00:00:00+09:00,18075.45000128636,18124.83647669971,17917.41327996364,17996.431640625,201400,0.0,0.0
2020-06-11 00:00:00+09:00,18431.033713745914,18598.947740076932,18055.696478417754,18134.71484375,367200,0.0,0.0
2020-06-12 00:00:00+09:00,17779.13057555167,18421.15473522437,17443.302553569025,18352.013671875,364000,0.0,0.0
2020-06-15 00:00:00+09:00,18342.137360582157,18539.68326645811,18124.83686411861,18154.46875,236200,0.0,0.0
2020-06-16 00:00:00+09:00,18381.646384992633,18500.173927507363,18045.818347867567,18440.91015625,252800,0.0,0.0
2020-06-17 00:00:00+09:00,18836.00431027264,18954.53186754756,18421.157859810424,18431.03515625,183800,0.0,0.0
2020-06-18 00:00:00+09:00,18608.824174812533,18677.965241279457,18391.523680202197,18440.91015625,104200,0.0,0.0
2020-06-19 00:00:00+09:00,18440.91192704213,18756.98540409909,18312.50707698774,18727.353515625,250700,0.0,0.0
2020-06-22 00:00:00+09:00,18727.352830281878,18816.248492450937,18500.175026960947,18747.107421875,118300,0.0,0.0
2020-06-23 00:00:00+09:00,18865.633981523722,19132.32095403741,18658.210780679743,18944.65234375,185000,0.0,0.0
2020-06-24 00:00:00+09:00,19023.672083170062,19102.69045111677,18875.512643269984,18905.14453125,146700,0.0,0.0
2020-06-25 00:00:00+09:00,18875.510740670314,19191.584180597813,18766.860495695237,19073.056640625,199000,0.0,0.0
2020-06-26 00:00:00+09:00,19231.094092248524,19260.72597836909,19063.180070898637,19221.216796875,131300,0.0,0.0
2020-06-29 00:00:00+09:00,18974.284775877626,19122.444209317586,18816.248046875,18816.248046875,181300,0.0,0.0
2020-06-30 00:00:00+09:00,18974.287074183558,18974.287074183558,18490.29953298887,18638.458984375,289600,0.0,0.0
2020-07-01 00:00:00+09:00,18776.737596660292,18885.387840512612,18322.382031459674,18401.400390625,172700,0.0,0.0
2020-07-02 00:00:00+09:00,18974.28428739281,19063.179945168205,18411.278454815303,18717.474609375,318100,0.0,0.0
2020-07-03 00:00:00+09:00,18569.314645571278,18905.14267639544,18500.1735804016,18845.87890625,152100,0.0,0.0
2020-07-06 00:00:00+09:00,18924.897853196915,18964.407034518827,18717.474651256864,18885.388671875,147300,0.0,0.0
2020-07-07 00:00:00+09:00,18727.35266119616,19033.548828125,18598.947817000197,19033.548828125,182000,0.0,0.0
2020-07-08 00:00:00+09:00,19181.705760711986,19596.55212628866,19112.56469978254,19161.951171875,207800,0.0,0.0
2020-07-09 00:00:00+09:00,18974.285530338475,19280.481704956117,18885.389866739806,19132.322265625,210500,0.0,0.0
2020-07-10 00:00:00+09:00,19043.426433996858,19270.604238966735,18855.7578125,18855.7578125,156100,0.0,0.0
2020-07-13 00:00:00+09:00,19063.181090774575,19211.34052930391,18707.59843830417,19191.5859375,148000,0.0,0.0
2020-07-14 00:00:00+09:00,19013.794787176725,19280.481778996866,18717.475907376567,18905.14453125,186800,0.0,0.0
2020-07-15 00:00:00+09:00,18865.63684482366,19033.55089003937,18648.33631572098,18974.287109375,199800,0.0,0.0
2020-07-16 00:00:00+09:00,18677.964795807766,18756.983155599653,18411.27783151014,18510.05078125,208300,0.0,0.0
2020-07-17 00:00:00+09:00,18510.053573190788,18934.77732113487,18480.42168379934,18766.86328125,155300,0.0,0.0
2020-07-20 00:00:00+09:00,18885.388614341085,19201.462063953488,18796.492956637598,19112.56640625,216800,0.0,0.0
2020-07-21 00:00:00+09:00,19408.886204769737,19537.29104989035,19142.19921875,19142.19921875,258400,0.0,0.0
2020-07-22 00:00:00+09:00,18776.7396833366,18974.28560320337,18638.45753942986,18905.14453125,260800,0.0,0.0
2020-07-27 00:00:00+09:00,18529.804216126704,18855.754929949828,18391.522095110835,18826.123046875,416500,0.0,0.0
2020-07-28 00:00:00+09:00,18895.26576813442,19231.093805832577,18845.87929200234,19003.916015625,150000,0.0,0.0
2020-07-29 00:00:00+09:00,18994.041736932544,19379.25631194054,18994.041736932544,19310.115234375,233300,0.0,0.0
2020-07-30 00:00:00+09:00,19310.114632481258,19349.623818430067,19023.673034352378,19102.69140625,215100,0.0,0.0
2020-07-31 00:00:00+09:00,19260.725248710998,19379.252788703066,18677.96484375,18677.96484375,208300,0.0,0.0
2020-08-03 00:00:00+09:00,18677.966351299066,18776.73930926469,18608.82528072313,18747.107421875,150800,0.0,0.0
2020-08-04 00:00:00+09:00,18905.144740733438,19112.567958891956,18677.966930369348,18786.6171875,228100,0.0,0.0
2020-08-05 00:00:00+09:00,18836.003397190823,18915.021764876994,18411.27967087766,18569.31640625,190400,0.0,0.0
2020-08-06 00:00:00+09:00,18421.156351911308,18490.29742132867,18312.50609996974,18361.892578125,150800,0.0,0.0
2020-08-07 00:00:00+09:00,18460.664702280406,18510.051178209458,18154.46855152027,18272.99609375,169400,0.0,0.0
2020-08-11 00:00:00+09:00,18174.223398760332,18174.223398760332,17798.88617639463,17927.291015625,256100,0.0,0.0
2020-08-12 00:00:00+09:00,17739.622110270047,18164.345802219723,17611.217273168986,18105.08203125,273500,0.0,0.0
2020-08-13 00:00:00+09:00,18371.76933092949,18598.947123731305,18203.85531016293,18490.296875,219500,0.0,0.0
2020-08-14 00:00:00+09:00,18529.807119068133,18687.84385355912,18421.156864105582,18628.580078125,131600,0.0,0.0
2020-08-17 00:00:00+09:00,18539.6818717766,18589.068344530402,18184.099267949237,18193.9765625,126300,0.0,0.0
2020-08-18 00:00:00+09:00,18223.61148767018,18510.05307744928,18193.979599072343,18500.17578125,146600,0.0,0.0
2020-08-19 00:00:00+09:00,18559.43873327689,18579.193324797143,18401.40200111487,18411.279296875,127900,0.0,0.0
2020-08-20 00:00:00+09:00,18421.15498041633,18549.559814059983,18332.25932635534,18401.400390625,162300,0.0,0.0
2020-08-21 00:00:00+09:00,18490.297494057053,18707.597998794903,18421.15642436774,18697.720703125,158900,0.0,0.0
2020-08-24 00:00:00+09:00,18885.388472908005,19132.320853568413,18826.124701549506,19003.916015625,246400,0.0,0.0
2020-08-25 00:00:00+09:00,19152.07717235539,19319.991206357477,18905.144769411152,18954.53125,227000,0.0,0.0
2020-08-26 00:00:00+09:00,19023.671460231777,19142.199008270603,18668.088816115294,18697.720703125,135600,0.0,0.0
2020-08-27 00:00:00+09:00,18984.161867908842,19033.548345192685,18756.984072403167,18934.775390625,180000,0.0,0.0
2020-08-28 00:00:00+09:00,18796.492286365778,18905.142530795638,18055.695165253095,18342.13671875,222300,0.0,0.0
2020-08-31 00:00:00+09:00,18490.298380122404,18915.0221142812,18470.543787835948,18559.439453125,136300,0.0,0.0
2020-09-01 00:00:00+09:00,18697.720219770643,18816.247764745418,18440.910538991968,18598.947265625,115300,0.0,0.0
2020-09-02 00:00:00+09:00,18786.615605448802,19349.621435896006,18737.229129093783,19339.744140625,237600,0.0,0.0
2020-09-03 00:00:00+09:00,19408.88511990807,19468.148891266566,18984.16142517217,19003.916015625,174200,0.0,0.0
2020-09-04 00:00:00+09:00,18628.577481987264,18677.963954633044,18342.135940641754,18421.154296875,185400,0.0,0.0
2020-09-07 00:00:00+09:00,18322.383703659696,18391.524774239544,18144.592379311514,18184.1015625,151500,0.0,0.0
2020-09-08 00:00:00+09:00,18144.59091686082,18312.504931878037,17897.658541835495,18282.873046875,146200,0.0,0.0
2020-09-09 00:00:00+09:00,17887.78279014816,18164.347074037807,17818.64171917575,18124.837890625,199700,0.0,0.0
2020-09-10 00:00:00+09:00,18124.839481901112,18233.489745825318,17887.784360611942,17966.802734375,198600,0.0,0.0
2020-09-11 00:00:00+09:00,18144.591256334457,18272.99609375,17986.554533361486,18272.99609375,143600,0.0,0.0
2020-09-14 00:00:00+09:00,18253.24332177814,18253.24332177814,17966.801732854132,18164.34765625,114600,0.0,0.0
2020-09-15 00:00:00+09:00,18272.996536726805,18361.892195554123,18144.59169619845,18203.85546875,171100,0.0,0.0
2020-09-16 00:00:00+09:00,18253.241404566274,18352.01435588968,18144.59115811052,18332.259765625,164000,0.0,0.0
2020-09-17 00:00:00+09:00,18233.487495364752,18332.260450377562,18114.95994934938,18312.505859375,159300,0.0,0.0
2020-09-18 00:00:00+09:00,17779.131963407974,18134.714602676133,17779.131963407974,18085.328125,482500,0.0,0.0
2020-09-23 00:00:00+09:00,18272.995701874333,18638.45561591182,18213.731932030416,18510.05078125,278600,0.0,0.0
2020-09-24 00:00:00+09:00,18500.17485586564,18786.616431316845,18401.401898813503,18470.54296875,192700,0.0,0.0
2020-09-25 00:00:00+09:00,18529.80479384817,18875.51010716623,18529.80479384817,18865.6328125,188800,0.0,0.0
2020-09-28 00:00:00+09:00,19053.303834611466,19102.69031422425,18549.561742561087,18796.494140625,212300,0.0,0.0
2020-09-29 00:00:00+09:00,18756.81879374507,18955.198685799485,18508.843928677048,18865.927734375,178500,80.0,0.0
2020-09-30 00:00:00+09:00,18449.328904555314,18736.979731561823,18290.625,18290.625,247800,0.0,0.0
2020-10-02 00:00:00+09:00,18399.734130859375,18846.0888671875,18181.516259765627,18250.94921875,256000,0.0,0.0
2020-10-05 00:00:00+09:00,18409.65366414278,18687.3855082139,18330.30170869389,18340.220703125,154100,0.0,0.0
2020-10-06 00:00:00+09:00,18330.30170869389,18409.65366414278,18221.192769951664,18340.220703125,126700,0.0,0.0
2020-10-07 00:00:00+09:00,18290.624459298364,18498.92332786955,18131.920559434606,18201.353515625,155000,0.0,0.0
2020-10-08 00:00:00+09:00,18221.191367355692,18439.409228042587,18112.082437012246,18429.490234375,185400,0.0,0.0
2020-10-09 00:00:00+09:00,18409.652635135135,18528.680561655405,18270.786720861488,18350.138671875,107200,0.0,0.0
2020-10-12 00:00:00+09:00,18399.73472545131,18409.653719912472,18131.921875,18131.921875,129600,0.0,0.0
2020-10-13 00:00:00+09:00,18280.705078125,18310.4620587188,18122.001181624728,18280.705078125,115400,0.0,0.0
2020-10-14 00:00:00+09:00,18518.762801702236,18637.790736153456,18151.760003810978,18300.544921875,147100,0.0,0.0
2020-10-15 00:00:00+09:00,18340.219970173537,18518.761862798263,18181.51606561822,18290.625,146000,0.0,0.0
2020-10-16 00:00:00+09:00,18161.678517777204,18280.706449078858,17983.136620824724,18002.974609375,166900,0.0,0.0
2020-10-19 00:00:00+09:00,18082.32553409795,18191.43446491258,17983.135596993736,18012.892578125,115300,0.0,0.0
2020-10-20 00:00:00+09:00,18092.2452136515,18181.516160429386,17874.02734375,17874.02734375,152700,0.0,0.0
2020-10-21 00:00:00+09:00,18052.568593314765,18092.244568245125,17804.59375,17804.59375,168700,0.0,0.0
2020-10-22 00:00:00+09:00,17705.40389466272,17705.40389466272,17318.56313730034,17387.99609375,218700,0.0,0.0
2020-10-23 00:00:00+09:00,17407.834373434816,17556.619282609474,17120.18354903048,17328.482421875,173400,0.0,0.0
2020-10-26 00:00:00+09:00,17348.320062445935,17437.591006163493,17060.66924380046,17199.53515625,243700,0.0,0.0
2020-10-27 00:00:00+09:00,17050.750150976455,18310.46234944883,16663.90939711486,18221.19140625,450700,0.0,0.0
2020-10-28 00:00:00+09:00,18498.924539262818,19342.0390625,18181.51671875,19342.0390625,476100,0.0,0.0
2020-10-29 00:00:00+09:00,19292.443056850145,19312.28104456927,18756.817388433738,18955.197265625,313200,0.0,0.0
2020-10-30 00:00:00+09:00,18746.899174528302,18746.899174528302,18072.40756401617,18399.734375,340400,0.0,0.0
2020-11-02 00:00:00+09:00,18846.088818385062,18984.954735994215,18538.600000821934,18856.0078125,216700,0.0,0.0
2020-11-04 00:00:00+09:00,19322.20216464601,19332.121159597056,18796.49543224034,19123.822265625,240100,0.0,0.0
2020-11-05 00:00:00+09:00,19342.03843302027,20155.395946613942,19133.73955758774,20066.125,373800,0.0,0.0
2020-11-06 00:00:00+09:00,20026.448581945828,20244.666446632706,19768.55474186133,19957.015625,345600,0.0,0.0
2020-11-09 00:00:00+09:00,20085.96241999247,20611.669090737953,19976.853488328314,20581.912109375,302900,0.0,0.0
2020-11-10 00:00:00+09:00,19728.878615484024,20175.233335291352,19213.09093926222,19788.392578125,401100,0.0,0.0
2020-11-11 00:00:00+09:00,19986.772950424383,20175.233836805557,19798.31206404321,20085.962890625,268800,0.0,0.0
2020-11-12 00:00:00+09:00,20333.937209311163,20700.93997845483,20274.423246747327,20393.451171875,228800,0.0,0.0
2020-11-13 00:00:00+09:00,20393.453386570654,20433.12936592196,19927.260629192824,20145.478515625,220600,0.0,0.0
2020-11-16 00:00:00+09:00,20066.12413013688,20373.612932921973,19957.015200116362,20244.666015625,173800,0.0,0.0
2020-11-17 00:00:00+09:00,20413.290382359217,20413.290382359217,20085.963568647916,20343.857421875,193800,0.0,0.0
2020-11-18 00:00:00+09:00,20224.8276098279,20631.506340579712,20115.718682065217,20532.31640625,181300,0.0,0.0
2020-11-19 00:00:00+09:00,20036.36872553961,21077.863139490928,20016.530736702443,20909.240234375,262400,0.0,0.0
2020-11-20 00:00:00+09:00,21117.53939896271,21296.081300879727,20899.321518841913,21246.486328125,259700,0.0,0.0
2020-11-24 00:00:00+09:00,21712.67929278562,21970.573153732363,21524.218394401458,21792.03125,329100,0.0,0.0
2020-11-25 00:00:00+09:00,21821.78604579208,22149.112836478962,21653.16315362005,22040.00390625,238600,0.0,0.0
2020-11-26 00:00:00+09:00,22287.97949520291,22635.14428484782,22119.356597375387,22486.359375,230600,0.0,0.0
2020-11-27 00:00:00+09:00,22873.201353677414,23309.637112377244,22654.9834743275,23230.28515625,344800,0.0,0.0
2020-11-30 00:00:00+09:00,23230.285885239136,23914.69652831407,22982.31101455981,23279.880859375,1354300,0.0,0.0
2020-12-01 00:00:00+09:00,23269.959762271996,23448.50165303112,22942.632962546944,23111.255859375,310600,0.0,0.0
2020-12-02 00:00:00+09:00,23220.36543249347,23240.203420902264,22754.17270488681,22783.9296875,292500,0.0,0.0
2020-12-03 00:00:00+09:00,22625.226620402376,22744.254555275165,22119.35789719303,22416.927734375,258100,0.0,0.0
2020-12-04 00:00:00+09:00,22020.1681661778,22297.90001692238,21782.112294111008,21980.4921875,184700,0.0,0.0
2020-12-07 00:00:00+09:00,21692.839991740868,21881.300878729016,21444.865140440677,21861.462890625,167300,0.0,0.0
2020-12-08 00:00:00+09:00,21891.220214183017,22010.248144663397,21772.19228370264,21990.41015625,141200,0.0,0.0
2020-12-09 00:00:00+09:00,21980.49004082207,22238.383877041102,21801.948154208894,22020.166015625,231900,0.0,0.0
2020-12-10 00:00:00+09:00,21811.86742377961,21811.86742377961,21454.78364603697,21563.892578125,159700,0.0,0.0
2020-12-11 00:00:00+09:00,21375.43154373841,21563.89242509852,21087.780724820353,21395.26953125,295900,0.0,0.0
2020-12-14 00:00:00+09:00,21216.727976452465,21474.621818148476,21097.700049515846,21127.45703125,207100,0.0,0.0
2020-12-15 00:00:00+09:00,21058.025249658713,21236.567150032646,20740.617426771725,20889.40234375,231200,0.0,0.0
2020-12-16 00:00:00+09:00,21048.105666130294,21077.862648693153,20492.641991623557,20611.669921875,159300,0.0,0.0
2020-12-17 00:00:00+09:00,20700.94125444313,20929.078125,20641.4272882109,20929.078125,183900,0.0,0.0
2020-12-18 00:00:00+09:00,20909.239599446693,21077.862499442228,20691.02172886423,20839.806640625,182800,0.0,0.0
2020-12-21 00:00:00+09:00,20829.888671875,20869.56465029762,20720.7797312128,20829.888671875,115000,0.0,0.0
2020-12-22 00:00:00+09:00,20512.479152861448,20760.45399755271,20443.046196347892,20581.912109375,145800,0.0,0.0
2020-12-23 00:00:00+09:00,20591.832801339286,20948.916607142855,20532.318833705358,20829.888671875,159200,0.0,0.0
2020-12-24 00:00:00+09:00,20929.078125,21067.94404620853,20819.969186907583,20929.078125,154500,0.0,0.0
2020-12-25 00:00:00+09:00,21028.267825179,21058.024807950478,20700.941014692722,20780.29296875,97400,0.0,0.0
2020-12-28 00:00:00+09:00,20889.402356985116,20899.32135145662,20373.614644466965,20492.642578125,179700,0.0,0.0
2020-12-29 00:00:00+09:00,20532.31922390356,20859.64605211072,20482.72424993278,20750.537109375,160100,0.0,0.0
2020-12-30 00:00:00+09:00,20810.051041289797,20849.727020396167,20542.238182321817,20562.076171875,150800,0.0,0.0
2021-01-04 00:00:00+09:00,20700.94032820807,20700.94032820807,20294.2615771508,20522.3984375,148100,0.0,0.0
2021-01-05 00:00:00+09:00,20542.236425356452,20760.45429177743,20363.69453464838,20522.3984375,170700,0.0,0.0
2021-01-06 00:00:00+09:00,20829.889366610736,21325.839113434802,20681.10444256352,20691.0234375,326700,0.0,0.0
2021-01-07 00:00:00+09:00,20780.292244351527,21206.80898254108,20700.94029306045,21127.45703125,231100,0.0,0.0
2021-01-08 00:00:00+09:00,21276.24112666561,21494.458984375,20988.590314230503,21494.458984375,244200,0.0,0.0
2021-01-12 00:00:00+09:00,21553.97431812768,21603.569288947117,20750.535790852788,20819.96875,303400,0.0,0.0
2021-01-13 00:00:00+09:00,20889.401757259206,21058.024658433664,20800.13080957861,21008.4296875,285500,0.0,0.0
2021-01-14 00:00:00+09:00,21504.379440121786,22268.14199403755,21355.594527021312,21990.41015625,475000,0.0,0.0
2021-01-15 00:00:00+09:00,22020.16790309874,22188.790810464812,21236.567333574054,21246.486328125,304500,0.0,0.0
2021-01-18 00:00:00+09:00,21157.21541766688,21434.947265625,21038.187482827685,21434.947265625,151000,0.0,0.0
2021-01-19 00:00:00+09:00,21286.16062589456,21434.94553241293,20700.939993588978,20790.2109375,301100,0.0,0.0
2021-01-20 00:00:00+09:00,20740.616303920975,20938.9961824855,20393.45151643306,20522.3984375,244200,0.0,0.0
2021-01-21 00:00:00+09:00,20621.588084525603,20760.45399755271,20502.560159073797,20581.912109375,229700,0.0,0.0
2021-01-22 00:00:00+09:00,20532.318209134613,20849.726026860368,20502.561226222824,20760.455078125,150200,0.0,0.0
2021-01-25 00:00:00+09:00,20889.402004076088,20909.239992683946,20571.994186350334,20760.455078125,123300,0.0,0.0
2021-01-26 00:00:00+09:00,20760.453859516503,20938.99574650709,20562.07398508252,20810.048828125,209700,0.0,0.0
2021-01-27 00:00:00+09:00,20700.94192209745,20780.293879633038,19907.422346741532,20204.9921875,328900,0.0,0.0
2021-01-28 00:00:00+09:00,19312.28091755319,19788.39261968085,19213.09097960993,19580.09375,824000,0.0,0.0
2021-01-29 00:00:00+09:00,19709.041061323755,20185.152772920905,19490.823193508393,19500.7421875,323100,0.0,0.0
2021-02-01 00:00:00+09:00,19342.038477159786,19550.33735306766,19163.496583524466,19461.06640625,245100,0.0,0.0
2021-02-02 00:00:00+09:00,19609.85161342504,19679.284573108383,19381.714745894045,19401.552734375,175000,0.0,0.0
2021-02-03 00:00:00+09:00,19699.120644778483,19699.120644778483,19292.441920490506,19590.01171875,168200,0.0,0.0
2021-02-04 00:00:00+09:00,19451.14791040141,19451.14791040141,18875.846238395658,18965.1171875,162000,0.0,0.0
2021-02-05 00:00:00+09:00,19143.658740007737,19322.200634992263,18965.116845023207,19232.9296875,258800,0.0,0.0
2021-02-08 00:00:00+09:00,19490.823290916178,19639.608201533858,19361.876368380854,19480.904296875,228900,0.0,0.0
2021-02-09 00:00:00+09:00,19480.904347106658,19689.20322250851,19302.36245390507,19669.365234375,269800,0.0,0.0
2021-02-10 00:00:00+09:00,19728.88082467481,19748.71881444321,19540.419921875,19540.419921875,145800,0.0,0.0
2021-02-12 00:00:00+09:00,19540.418111196715,19540.418111196715,19183.33432845403,19312.28125,204600,0.0,0.0
2021-02-15 00:00:00+09:00,19451.14581289557,19718.958631329115,19133.73802808544,19590.01171875,187200,0.0,0.0
2021-02-16 00:00:00+09:00,19927.2578125,20175.232648394725,19867.743851885265,19927.2578125,211900,0.0,0.0
2021-02-17 00:00:00+09:00,19709.04185496795,19837.98878205128,19272.60610176282,19342.0390625,145300,0.0,0.0
2021-02-18 00:00:00+09:00,19520.581300942435,19520.581300942435,19252.768447728286,19470.986328125,170500,0.0,0.0
2021-02-19 00:00:00+09:00,19183.3352496952,19421.39111628914,19143.65927192954,19322.201171875,150700,0.0,0.0
2021-02-22 00:00:00+09:00,19292.44384891796,19312.28183745155,18955.1980438469,19193.25390625,142600,0.0,0.0
2021-02-24 00:00:00+09:00,18905.604202894843,18994.875156633592,18181.517578125,18181.517578125,353800,0.0,0.0
2021-02-25 00:00:00+09:00,18320.38066733354,18489.00355382226,18112.08180755335,18360.056640625,237300,0.0,0.0
2021-02-26 00:00:00+09:00,18102.164405763346,18250.94931868743,17814.513574110122,17834.3515625,318900,0.0,0.0
2021-03-01 00:00:00+09:00,18102.165088318943,18340.220957973546,17993.05614806058,18092.24609375,205400,0.0,0.0
2021-03-02 00:00:00+09:00,18330.300673342543,18330.300673342543,17834.350979799725,17953.37890625,173000,0.0,0.0
2021-03-03 00:00:00+09:00,17655.80909012431,17993.054881733427,17427.672231094613,17953.37890625,274400,0.0,0.0
2021-03-04 00:00:00+09:00,17596.296977403057,18211.274662069907,17596.296977403057,18161.6796875,195500,0.0,0.0
2021-03-05 00:00:00+09:00,18052.568908005618,18578.27558499699,17993.054944572632,18538.599609375,321900,0.0,0.0
2021-03-08 00:00:00+09:00,18816.330399866983,18885.76335337203,17864.10703751209,17943.458984375,320700,0.0,0.0
2021-03-09 00:00:00+09:00,17586.377982489077,18250.95064172583,17447.512053693335,18161.6796875,363600,0.0,0.0
2021-03-10 00:00:00+09:00,18498.925384993996,18756.819250951015,18439.41141592699,18578.27734375,246900,0.0,0.0
2021-03-11 00:00:00+09:00,18617.95238542756,19054.388136604342,18459.248475908735,18965.1171875,257100,0.0,0.0
2021-03-12 00:00:00+09:00,19361.877051282052,19470.985989583332,18984.955264423075,19342.0390625,307400,0.0,0.0
2021-03-15 00:00:00+09:00,19342.039017995856,19342.039017995856,19044.469186949766,19153.578125,176600,0.0,0.0
2021-03-16 00:00:00+09:00,19163.496340523885,19401.552195685672,19054.387406908063,19312.28125,150200,0.0,0.0
2021-03-17 00:00:00+09:00,19113.900487012987,19203.17142857143,19024.629545454547,19094.0625,173700,0.0,0.0
2021-03-18 00:00:00+09:00,19232.928682331123,19689.20239011206,19143.65773950442,19639.607421875,264500,0.0,0.0
2021-03-19 00:00:00+09:00,19500.741128411093,19818.148918904048,19441.22716769366,19718.958984375,427500,0.0,0.0
2021-03-22 00:00:00+09:00,19351.95626072382,19639.607071365022,19282.523306431114,19510.66015625,195400,0.0,0.0
2021-03-23 00:00:00+09:00,19639.607500483748,19709.040456293536,19213.09077193789,19223.009765625,136900,0.0,0.0
2021-03-24 00:00:00+09:00,19223.010889050387,19322.200831718346,18955.1980438469,19193.25390625,167600,0.0,0.0
2021-03-25 00:00:00+09:00,19074.224821736218,19461.06557475115,18965.115891398673,19431.30859375,184700,0.0,0.0
2021-03-26 00:00:00+09:00,19361.87556221889,19887.582224512742,19292.44260682159,19847.90625,235600,0.0,0.0
2021-03-29 00:00:00+09:00,20125.63896725794,20562.074706321197,20036.368020631362,20462.884765625,346600,0.0,0.0
2021-03-30 00:00:00+09:00,20472.84122150551,20522.629259495552,19875.384765625,19875.384765625,227800,80.0,0.0
2021-03-31 00:00:00+09:00,19676.232675790903,20313.51956407563,19616.48703001421,20144.240234375,208400,0.0,0.0
2021-04-01 00:00:00+09:00,20213.945090882462,20363.309217169768,20044.665747756844,20184.072265625,178900,0.0,0.0
2021-04-02 00:00:00+09:00,20273.690518465908,20323.478560014202,20134.28400213068,20154.19921875,94000,0.0,0.0
2021-04-05 00:00:00+09:00,20323.478018589703,20323.478018589703,19994.876953125,19994.876953125,79200,0.0,0.0
2021-04-06 00:00:00+09:00,20004.834092106103,20094.45256240424,19387.462407830055,19496.99609375,187900,0.0,0.0
2021-04-07 00:00:00+09:00,19467.122726047568,19696.147699295187,19267.970575397463,19337.673828125,161200,0.0,0.0
2021-04-08 00:00:00+09:00,19636.40231036325,19965.003363224296,19397.419726464304,19805.681640625,166700,0.0,0.0
2021-04-09 00:00:00+09:00,19815.639120036947,20064.579309987163,19696.147828860845,19875.384765625,151200,0.0,0.0
2021-04-12 00:00:00+09:00,20164.15687184697,20213.944913505853,19785.767755239474,19984.919921875,119000,0.0,0.0
2021-04-13 00:00:00+09:00,19955.04652094746,20174.11389792393,19865.428048547994,19994.876953125,113200,0.0,0.0
2021-04-14 00:00:00+09:00,20104.411177201702,20333.436168323864,20044.66552734375,20154.19921875,167500,0.0,0.0
2021-04-15 00:00:00+09:00,19925.17413942248,20144.241521265205,19825.598056766696,20054.623046875,118900,0.0,0.0
2021-04-16 00:00:00+09:00,20064.57953586168,20223.901259223363,19905.2578125,19905.2578125,121300,0.0,0.0
2021-04-19 00:00:00+09:00,20014.79114336308,20064.579181033136,19686.1900947407,19945.087890625,125300,0.0,0.0
2021-04-20 00:00:00+09:00,19755.894930244147,20064.58078852921,19546.785155276844,19984.919921875,198700,0.0,0.0
2021-04-21 00:00:00+09:00,19785.767119337248,19905.258415478187,19277.929110738256,19287.88671875,177300,0.0,0.0
2021-04-22 00:00:00+09:00,19516.911895614692,20084.49555788512,19496.996679394677,19925.173828125,221400,0.0,0.0
2021-04-23 00:00:00+09:00,19028.987997495944,20114.367218703195,18650.598911203506,19945.087890625,480600,0.0,0.0
2021-04-26 00:00:00+09:00,20174.112961065573,20761.611808401638,19915.215163934427,20652.078125,373900,0.0,0.0
2021-04-27 00:00:00+09:00,21020.510342305985,21329.19618816647,20761.612536100412,21010.552734375,461200,0.0,0.0
2021-04-28 00:00:00+09:00,20851.230563435718,21309.280518506417,20811.400132560004,20950.806640625,243600,0.0,0.0
2021-04-30 00:00:00+09:00,21269.450766090868,21339.154022346782,20940.849700884406,21040.42578125,237800,0.0,0.0
2021-05-06 00:00:00+09:00,20542.545070684526,20980.679817708333,19805.682087053574,19865.427734375,384300,0.0,0.0
2021-05-07 00:00:00+09:00,19955.046468797325,19994.87690087077,19726.021484375,19726.021484375,228400,0.0,0.0
2021-05-10 00:00:00+09:00,19726.02065165487,20194.028208761272,19666.27500606682,19875.384765625,170200,0.0,0.0
2021-05-11 00:00:00+09:00,19626.445525016192,19636.403133095857,19168.395553351686,19218.18359375,226000,0.0,0.0
2021-05-12 00:00:00+09:00,19407.377975666903,19686.190999432256,19347.632327717183,19457.166015625,339200,0.0,0.0
2021-05-13 00:00:00+09:00,19277.928152118428,19666.27484526544,19108.648824336397,19506.953125,231300,0.0,0.0
2021-05-14 00:00:00+09:00,19835.556011136807,20562.46142720758,19835.556011136807,20452.927734375,313500,0.0,0.0
2021-05-17 00:00:00+09:00,20413.097259265538,20522.630951876232,19905.25922988869,20184.072265625,326400,0.0,0.0
2021-05-18 00:00:00+09:00,20273.68998994883,20572.41823145102,20194.029125548244,20433.01171875,276400,0.0,0.0
2021-05-19 00:00:00+09:00,20323.477262043336,20871.14568409742,20194.0283622851,20851.23046875,238500,0.0,0.0
2021-05-20 00:00:00+09:00,20910.977540002405,21010.553623526226,20482.800380849974,20691.91015625,138900,0.0,0.0
2021-05-21 00:00:00+09:00,20891.060926903065,21309.280449748596,20871.145711529465,21289.365234375,195900,0.0,0.0
2021-05-24 00:00:00+09:00,21279.409229027646,21359.070096520496,20881.104891563395,20891.0625,125300,0.0,0.0
2021-05-25 00:00:00+09:00,20841.27432452494,21060.341708729215,20841.27432452494,20960.765625,109800,0.0,0.0
2021-05-26 00:00:00+09:00,20572.417329197302,21000.59445657169,20303.56192363664,20313.51953125,216600,0.0,0.0
2021-05-27 00:00:00+09:00,20134.28287477355,20652.078477883453,19965.00354298762,20612.248046875,239600,0.0,0.0
2021-05-28 00:00:00+09:00,20014.792486380145,20632.164194915254,20014.792486380145,20562.4609375,180700,0.0,0.0
2021-05-31 00:00:00+09:00,20472.84215095029,20960.764945403873,20413.096502649852,20433.01171875,124700,0.0,0.0
2021-06-01 00:00:00+09:00,20442.968655355176,20632.16320209251,20273.689324063875,20343.392578125,102200,0.0,0.0
2021-06-02 00:00:00+09:00,20213.94329404331,20373.265014587494,19915.215068022964,19945.087890625,159800,0.0,0.0
2021-06-03 00:00:00+09:00,19875.384733606556,20194.02817622951,19805.681480532785,20044.6640625,139300,0.0,0.0
2021-06-04 00:00:00+09:00,19745.93656961299,19955.04633661343,19566.699626469755,19795.724609375,192300,0.0,0.0
2021-06-07 00:00:00+09:00,20014.792835120228,20154.199352379772,19955.04718486614,20084.49609375,80000,0.0,0.0
2021-06-08 00:00:00+09:00,20134.283869553175,20323.478426190915,20074.538220088627,20223.90234375,96500,0.0,0.0
2021-06-09 00:00:00+09:00,20233.859375,20293.60502276083,20124.325687438486,20233.859375,80600,0.0,0.0
2021-06-10 00:00:00+09:00,20164.156514172053,20213.944554947786,19965.00435106912,20024.75,127200,0.0,0.0
2021-06-11 00:00:00+09:00,20184.070694242866,20662.035861151428,20154.19787131108,20582.375,164500,0.0,0.0
2021-06-14 00:00:00+09:00,20731.739398918096,20901.018731185923,20502.714419967513,20881.103515625,85500,0.0,0.0
2021-06-15 00:00:00+09:00,20910.976617595206,21249.535286641985,20861.1885780295,21179.83203125,124000,0.0,0.0
2021-06-16 00:00:00+09:00,20910.976338966382,20910.976338966382,20681.951360015795,20881.103515625,111900,0.0,0.0
2021-06-17 00:00:00+09:00,20871.14688253012,20871.14688253012,20582.376243411145,20662.037109375,93500,0.0,0.0
2021-06-18 00:00:00+09:00,20910.976785395866,21100.17133726373,20841.273529444545,20940.849609375,168100,0.0,0.0
2021-06-21 00:00:00+09:00,20313.520951704544,20482.80029296875,20104.411177201702,20154.19921875,119400,0.0,0.0
2021-06-22 00:00:00+09:00,20313.51978018687,20891.06102883924,20194.02848736224,20781.52734375,104700,0.0,0.0
2021-06-23 00:00:00+09:00,20801.443803139915,21070.299228072792,20761.61336981653,20861.189453125,81100,0.0,0.0
2021-06-24 00:00:00+09:00,20801.44255922077,20841.272990162313,20532.587150365354,20781.52734375,73000,0.0,0.0
2021-06-25 00:00:00+09:00,20781.528011875296,20901.019308541567,20711.82475548664,20871.146484375,123400,0.0,0.0
2021-06-28 00:00:00+09:00,20901.019085194697,20970.72234083851,20801.443005703535,20841.2734375,75000,0.0,0.0
2021-06-29 00:00:00+09:00,20970.7231901167,21050.384056935756,20642.122114488087,20691.91015625,89800,0.0,0.0
2021-06-30 00:00:00+09:00,20851.232024837034,20881.10485008752,20542.54616391538,20622.20703125,118300,0.0,0.0
2021-07-01 00:00:00+09:00,20622.206854126034,20711.825329107753,20403.139470837395,20423.0546875,125200,0.0,0.0
2021-07-02 00:00:00+09:00,20512.67228381541,20841.27334467265,20413.096204767764,20741.697265625,156500,0.0,0.0
2021-07-05 00:00:00+09:00,21010.552095204534,21130.043386741243,20671.993435850527,20751.654296875,121500,0.0,0.0
2021-07-06 00:00:00+09:00,20691.908908891906,20721.781732148247,20562.46000811443,20612.248046875,51600,0.0,0.0
2021-07-07 00:00:00+09:00,20821.357904522236,20851.230727914663,20612.24814077524,20711.82421875,149100,0.0,0.0
2021-07-08 00:00:00+09:00,20821.358166822967,20851.23099059172,20572.41796875,20572.41796875,153100,0.0,0.0
2021-07-09 00:00:00+09:00,20074.53716960352,20442.968655355176,20034.70673871145,20343.392578125,197300,0.0,0.0
2021-07-12 00:00:00+09:00,20761.61225773738,20831.31551231971,20602.290532977764,20711.82421875,147000,0.0,0.0
2021-07-13 00:00:00+09:00,20721.78160263451,20821.35767953328,20652.078348805368,20681.951171875,81800,0.0,0.0
2021-07-14 00:00:00+09:00,20960.76383049015,20970.721438010572,20721.78125,20721.78125,175300,0.0,0.0
2021-07-15 00:00:00+09:00,20771.570484890275,20930.89221440046,20462.884633964295,20532.587890625,111400,0.0,0.0
2021-07-16 00:00:00+09:00,20313.51953125,20512.671683517157,20273.689100796568,20313.51953125,74800,0.0,0.0
2021-07-19 00:00:00+09:00,20154.198864336784,20293.605378220538,20034.70756672214,20194.029296875,92500,0.0,0.0
2021-07-20 00:00:00+09:00,19915.215700468212,20343.392838028278,19875.385269067276,20203.986328125,157800,0.0,0.0
2021-07-21 00:00:00+09:00,20393.18097106425,20462.884226336442,20164.155989455616,20303.5625,147100,0.0,0.0
2021-07-26 00:00:00+09:00,20004.83363217213,20004.83363217213,19427.292392418032,19437.25,341500,0.0,0.0
2021-07-27 00:00:00+09:00,19596.57239609893,19626.445219873473,19327.716982128062,19526.869140625,187200,0.0,0.0
2021-07-28 00:00:00+09:00,19417.33580576137,19716.064048926928,19377.505373339292,19487.0390625,152800,0.0,0.0
2021-07-29 00:00:00+09:00,19487.039284717794,19606.53058334662,19447.20885184152,19516.912109375,119400,0.0,0.0
2021-07-30 00:00:00+09:00,19496.997341636317,19646.36146835978,19138.5234375,19138.5234375,159500,0.0,0.0
2021-08-02 00:00:00+09:00,19417.33519580696,19726.021037381328,19317.75911787975,19666.275390625,182800,0.0,0.0
2021-08-03 00:00:00+09:00,19765.85262865085,19875.386320799546,19566.70046110777,19646.361328125,127400,0.0,0.0
2021-08-04 00:00:00+09:00,19765.85204830769,19785.76726447727,19536.827062357523,19656.318359375,108800,0.0,0.0
2021-08-05 00:00:00+09:00,19566.699927344147,19656.318400293818,19407.37819765585,19487.0390625,102500,0.0,0.0
2021-08-06 00:00:00+09:00,19377.505947245652,19536.827681652605,19347.63312204435,19477.08203125,100200,0.0,0.0
2021-08-10 00:00:00+09:00,19536.827809442424,20054.623449651906,19536.827809442424,19845.513671875,176200,0.0,0.0
2021-08-11 00:00:00+09:00,19815.640312816136,19945.08921938227,19606.53054067084,19686.19140625,84400,0.0,0.0
2021-08-12 00:00:00+09:00,19626.446066268843,19825.59823335427,19596.57324120603,19815.640625,83100,0.0,0.0
2021-08-13 00:00:00+09:00,20044.665747756844,20253.775524559078,19855.47118779292,20184.072265625,103000,0.0,0.0
2021-08-16 00:00:00+09:00,19984.91876886044,20194.028531763317,19984.91876886044,20004.833984375,129600,0.0,0.0
2021-08-17 00:00:00+09:00,20014.792792085427,20034.70800879397,19815.640625,19815.640625,94800,0.0,0.0
2021-08-18 00:00:00+09:00,19915.2165311569,20164.156737796362,19825.598056766696,20054.623046875,78200,0.0,0.0
2021-08-19 00:00:00+09:00,19835.5559296875,20024.75048925781,19726.022237304685,19915.216796875,108700,0.0,0.0
2021-08-20 00:00:00+09:00,19925.173399950956,20313.520107896027,19915.21579205493,20303.5625,113800,0.0,0.0
2021-08-23 00:00:00+09:00,20652.078848859597,21070.2983819609,20632.163632997628,21010.552734375,174400,0.0,0.0
2021-08-24 00:00:00+09:00,21120.087401427652,21259.493918928823,21010.5537091053,21229.62109375,129100,0.0,0.0
2021-08-25 00:00:00+09:00,21010.553088645538,21080.256345337726,20881.104183360043,20970.72265625,82000,0.0,0.0
2021-08-26 00:00:00+09:00,20940.850143050968,21110.129483246816,20861.189277076453,21100.171875,77400,0.0,0.0
2021-08-27 00:00:00+09:00,20891.062458504344,20920.93528375483,20542.54616391538,20622.20703125,100100,0.0,0.0
2021-08-30 00:00:00+09:00,20811.400483630954,20910.9765625,20642.12114955357,20910.9765625,109500,0.0,0.0
2021-08-31 00:00:00+09:00,20871.147061455846,20910.977494779236,20622.206853184667,20861.189453125,136300,0.0,0.0
2021-09-01 00:00:00+09:00,20861.189452211896,21299.32421875,20781.528585568605,21299.32421875,111800,0.0,0.0
2021-09-02 00:00:00+09:00,21408.858041202322,21667.755859375,21319.239565681008,21667.755859375,137700,0.0,0.0
2021-09-03 00:00:00+09:00,21777.289284567636,22076.01753264127,21687.670810145548,21807.162109375,140800,0.0,0.0
2021-09-06 00:00:00+09:00,21906.738457207208,22315.00040118243,21896.78084881757,22105.890625,136500,0.0,0.0
2021-09-07 00:00:00+09:00,22225.380672185805,22275.168711326005,21817.118751236154,22026.228515625,146700,0.0,0.0
2021-09-08 00:00:00+09:00,22235.337825147497,22583.85409199934,22145.71935652845,22573.896484375,225800,0.0,0.0
2021-09-09 00:00:00+09:00,22324.956678191786,22553.98165749527,22105.889306684105,22364.787109375,215500,0.0,0.0
2021-09-10 00:00:00+09:00,22504.19316588167,23519.869140625,22494.235558286146,23519.869140625,300800,0.0,0.0
2021-09-13 00:00:00+09:00,23201.227272421405,23231.10009723568,22773.05011675011,23121.56640625,154200,0.0,0.0
2021-09-14 00:00:00+09:00,23121.564836804086,23579.614786198137,22932.37029248915,23519.869140625,181800,0.0,0.0
2021-09-15 00:00:00+09:00,23430.251468974726,23818.598178405246,23380.463429304145,23539.78515625,231300,0.0,0.0
2021-09-16 00:00:00+09:00,23519.869140625,23539.784355816046,23181.310482377223,23519.869140625,115300,0.0,0.0
2021-09-17 00:00:00+09:00,23559.70055578859,23858.42879614094,23420.29404362416,23738.9375,261500,0.0,0.0
2021-09-21 00:00:00+09:00,23191.268731366832,23350.590457301514,22982.158966077568,23171.353515625,178800,0.0,0.0
2021-09-22 00:00:00+09:00,23270.93034928866,23320.71839025847,22922.4140625,22922.4140625,130100,0.0,0.0
2021-09-24 00:00:00+09:00,23101.650744818653,23181.31160945596,22922.413799384714,23061.8203125,148500,0.0,0.0
2021-09-27 00:00:00+09:00,23021.98951010545,23021.98951010545,22593.81236956283,22663.515625,133700,0.0,0.0
2021-09-28 00:00:00+09:00,22205.465169569205,22205.465169569205,21578.135884509626,21727.5,278800,0.0,0.0
2021-09-29 00:00:00+09:00,21450.0,21700.0,21080.0,21430.0,190000,92.5,0.0
2021-09-30 00:00:00+09:00,21690.0,21770.0,21140.0,21370.0,178500,0.0,0.0
2021-10-01 00:00:00+09:00,21220.0,21340.0,20780.0,20980.0,180400,0.0,0.0
2021-10-04 00:00:00+09:00,21280.0,21300.0,20980.0,21210.0,131500,0.0,0.0
2021-10-05 00:00:00+09:00,21030.0,21260.0,20870.0,21030.0,198100,0.0,0.0
2021-10-06 00:00:00+09:00,21220.0,21400.0,20500.0,20520.0,181700,0.0,0.0
2021-10-07 00:00:00+09:00,20810.0,21130.0,20580.0,20670.0,121700,0.0,0.0
2021-10-08 00:00:00+09:00,20970.0,21170.0,20800.0,20890.0,78200,0.0,0.0
2021-10-11 00:00:00+09:00,20840.0,21390.0,20560.0,21350.0,96800,0.0,0.0
2021-10-12 00:00:00+09:00,21390.0,21490.0,20890.0,21030.0,88700,0.0,0.0
2021-10-13 00:00:00+09:00,21000.0,21360.0,20930.0,21230.0,100800,0.0,0.0
2021-10-14 00:00:00+09:00,21240.0,21650.0,21230.0,21500.0,97800,0.0,0.0
2021-10-15 00:00:00+09:00,22000.0,22340.0,21840.0,22300.0,98200,0.0,0.0
2021-10-18 00:00:00+09:00,22380.0,22380.0,21660.0,21800.0,110700,0.0,0.0
2021-10-19 00:00:00+09:00,22080.0,22200.0,21770.0,22110.0,83400,0.0,0.0
2021-10-20 00:00:00+09:00,22380.0,22450.0,22040.0,22110.0,55900,0.0,0.0
2021-10-21 00:00:00+09:00,21670.0,21970.0,21500.0,21760.0,77700,0.0,0.0
2021-10-22 00:00:00+09:00,21790.0,21910.0,21550.0,21620.0,75300,0.0,0.0
2021-10-25 00:00:00+09:00,21290.0,21470.0,21280.0,21470.0,75800,0.0,0.0
2021-10-26 00:00:00+09:00,21690.0,21780.0,21480.0,21560.0,92700,0.0,0.0
2021-10-27 00:00:00+09:00,21090.0,21620.0,20900.0,20970.0,157000,0.0,0.0
2021-10-28 00:00:00+09:00,21060.0,21250.0,20840.0,20990.0,189200,0.0,0.0
2021-10-29 00:00:00+09:00,21190.0,21380.0,20900.0,20990.0,167700,0.0,0.0
2021-11-01 00:00:00+09:00,21580.0,21680.0,21060.0,21330.0,177100,0.0,0.0
2021-11-02 00:00:00+09:00,20870.0,21040.0,20740.0,20970.0,125900,0.0,0.0
2021-11-04 00:00:00+09:00,21200.0,21240.0,20650.0,20830.0,146500,0.0,0.0
2021-11-05 00:00:00+09:00,20920.0,21160.0,20900.0,21110.0,92100,0.0,0.0
2021-11-08 00:00:00+09:00,21020.0,21090.0,20700.0,20740.0,96800,0.0,0.0
2021-11-09 00:00:00+09:00,20670.0,20850.0,20630.0,20680.0,95600,0.0,0.0
2021-11-10 00:00:00+09:00,20740.0,20850.0,20580.0,20580.0,72800,0.0,0.0
2021-11-11 00:00:00+09:00,20400.0,20450.0,20210.0,20400.0,120400,0.0,0.0
2021-11-12 00:00:00+09:00,20430.0,20800.0,20430.0,20750.0,134700,0.0,0.0
2021-11-15 00:00:00+09:00,21200.0,21350.0,20740.0,20800.0,134400,0.0,0.0
2021-11-16 00:00:00+09:00,20750.0,20930.0,20710.0,20870.0,108500,0.0,0.0
2021-11-17 00:00:00+09:00,21000.0,21240.0,20880.0,21160.0,178600,0.0,0.0
2021-11-18 00:00:00+09:00,21080.0,21270.0,20970.0,21100.0,169600,0.0,0.0
2021-11-19 00:00:00+09:00,21260.0,21660.0,21150.0,21620.0,220600,0.0,0.0
2021-11-22 00:00:00+09:00,21680.0,22080.0,21680.0,21960.0,138600,0.0,0.0
2021-11-24 00:00:00+09:00,21710.0,21870.0,21100.0,21280.0,136100,0.0,0.0
2021-11-25 00:00:00+09:00,21370.0,21400.0,20960.0,21080.0,112200,0.0,0.0
2021-11-26 00:00:00+09:00,21200.0,21200.0,20690.0,20760.0,102500,0.0,0.0
2021-11-29 00:00:00+09:00,20420.0,20910.0,20350.0,20740.0,174600,0.0,0.0
2021-11-30 00:00:00+09:00,21000.0,21530.0,20960.0,20990.0,536900,0.0,0.0
2021-12-01 00:00:00+09:00,21110.0,21280.0,20470.0,20660.0,203600,0.0,0.0
2021-12-02 00:00:00+09:00,20450.0,20830.0,20210.0,20270.0,216000,0.0,0.0
2021-12-03 00:00:00+09:00,20420.0,20580.0,19980.0,20510.0,193300,0.0,0.0
2021-12-06 00:00:00+09:00,20340.0,20370.0,20030.0,20050.0,220000,0.0,0.0
2021-12-07 00:00:00+09:00,20290.0,20960.0,20250.0,20870.0,154900,0.0,0.0
2021-12-08 00:00:00+09:00,21360.0,21380.0,20750.0,20820.0,157200,0.0,0.0
2021-12-09 00:00:00+09:00,20850.0,21330.0,20850.0,21000.0,122300,0.0,0.0
2021-12-10 00:00:00+09:00,20940.0,21000.0,20820.0,20870.0,108500,0.0,0.0
2021-12-13 00:00:00+09:00,21130.0,21540.0,21130.0,21350.0,110700,0.0,0.0
2021-12-14 00:00:00+09:00,21350.0,21530.0,21120.0,21370.0,127500,0.0,0.0
2021-12-15 00:00:00+09:00,21330.0,21910.0,21330.0,21650.0,155000,0.0,0.0
2021-12-16 00:00:00+09:00,22090.0,22130.0,21810.0,21990.0,142900,0.0,0.0
2021-12-17 00:00:00+09:00,21810.0,21810.0,21320.0,21440.0,193400,0.0,0.0
2021-12-20 00:00:00+09:00,21340.0,21420.0,20990.0,21130.0,96600,0.0,0.0
2021-12-21 00:00:00+09:00,21320.0,21490.0,21140.0,21290.0,103000,0.0,0.0
2021-12-22 00:00:00+09:00,21440.0,21560.0,21250.0,21560.0,89900,0.0,0.0
2021-12-23 00:00:00+09:00,21780.0,21780.0,21480.0,21560.0,84000,0.0,0.0
2021-12-24 00:00:00+09:00,21620.0,21620.0,21260.0,21260.0,51800,0.0,0.0
2021-12-27 00:00:00+09:00,21260.0,21360.0,21170.0,21310.0,49600,0.0,0.0
2021-12-28 00:00:00+09:00,21540.0,21840.0,21480.0,21830.0,71300,0.0,0.0
2021-12-29 00:00:00+09:00,21710.0,21800.0,21580.0,21730.0,74400,0.0,0.0
2021-12-30 00:00:00+09:00,21560.0,21720.0,21540.0,21600.0,56100,0.0,0.0
2022-01-04 00:00:00+09:00,22020.0,22070.0,21640.0,22030.0,121300,0.0,0.0
2022-01-05 00:00:00+09:00,22100.0,22160.0,21560.0,21810.0,194400,0.0,0.0
2022-01-06 00:00:00+09:00,21340.0,21540.0,20560.0,20560.0,230400,0.0,0.0
2022-01-07 00:00:00+09:00,20510.0,20520.0,19700.0,19820.0,197300,0.0,0.0
2022-01-11 00:00:00+09:00,19770.0,19770.0,19030.0,19110.0,266600,0.0,0.0
2022-01-12 00:00:00+09:00,19320.0,19500.0,19200.0,19290.0,188500,0.0,0.0
2022-01-13 00:00:00+09:00,18970.0,19070.0,18350.0,18350.0,342600,0.0,0.0
2022-01-14 00:00:00+09:00,18440.0,18640.0,17980.0,18250.0,242900,0.0,0.0
2022-01-17 00:00:00+09:00,18650.0,19050.0,18600.0,18790.0,268100,0.0,0.0
2022-01-18 00:00:00+09:00,18780.0,18980.0,18470.0,18800.0,171600,0.0,0.0
2022-01-19 00:00:00+09:00,18450.0,18640.0,18260.0,18380.0,199700,0.0,0.0
2022-01-20 00:00:00+09:00,18460.0,18700.0,18220.0,18530.0,187600,0.0,0.0
2022-01-21 00:00:00+09:00,18450.0,18540.0,18220.0,18480.0,123300,0.0,0.0
2022-01-24 00:00:00+09:00,18180.0,18280.0,17890.0,18260.0,203400,0.0,0.0
2022-01-25 00:00:00+09:00,18390.0,18480.0,17920.0,18200.0,230200,0.0,0.0
2022-01-26 00:00:00+09:00,18200.0,18940.0,17880.0,18640.0,285300,0.0,0.0
2022-01-27 00:00:00+09:00,18500.0,18900.0,17920.0,17990.0,318700,0.0,0.0
2022-01-28 00:00:00+09:00,18500.0,18920.0,18310.0,18690.0,265100,0.0,0.0
2022-01-31 00:00:00+09:00,18710.0,19070.0,18580.0,18770.0,191300,0.0,0.0
2022-02-01 00:00:00+09:00,19170.0,19400.0,18700.0,18800.0,222600,0.0,0.0
2022-02-02 00:00:00+09:00,19200.0,19300.0,18870.0,19070.0,192100,0.0,0.0
2022-02-03 00:00:00+09:00,18710.0,19020.0,18660.0,18730.0,162300,0.0,0.0
2022-02-04 00:00:00+09:00,18700.0,19020.0,18640.0,19000.0,170700,0.0,0.0
2022-02-07 00:00:00+09:00,19000.0,19140.0,18740.0,18840.0,138300,0.0,0.0
2022-02-08 00:00:00+09:00,18880.0,19080.0,18590.0,18630.0,144600,0.0,0.0
2022-02-09 00:00:00+09:00,18770.0,19040.0,18500.0,18930.0,152700,0.0,0.0
2022-02-10 00:00:00+09:00,19050.0,19280.0,19010.0,19230.0,117400,0.0,0.0
2022-02-14 00:00:00+09:00,18600.0,18870.0,18510.0,18630.0,157900,0.0,0.0
2022-02-15 00:00:00+09:00,18750.0,18820.0,18500.0,18720.0,165100,0.0,0.0
2022-02-16 00:00:00+09:00,18960.0,19000.0,18590.0,18760.0,99400,0.0,0.0
2022-02-17 00:00:00+09:00,18650.0,18700.0,18340.0,18400.0,147500,0.0,0.0
2022-02-18 00:00:00+09:00,17850.0,18240.0,17820.0,18110.0,139800,0.0,0.0
2022-02-21 00:00:00+09:00,17640.0,17930.0,17470.0,17660.0,159700,0.0,0.0
2022-02-22 00:00:00+09:00,17270.0,17600.0,17200.0,17360.0,137300,0.0,0.0
2022-02-24 00:00:00+09:00,17190.0,18100.0,17190.0,18030.0,253700,0.0,0.0
2022-02-25 00:00:00+09:00,18170.0,18220.0,17840.0,18130.0,144700,0.0,0.0
2022-02-28 00:00:00+09:00,18130.0,18350.0,17930.0,18310.0,131500,0.0,0.0
2022-03-01 00:00:00+09:00,18500.0,18670.0,18170.0,18470.0,173800,0.0,0.0
2022-03-02 00:00:00+09:00,18220.0,18440.0,18150.0,18310.0,122700,0.0,0.0
2022-03-03 00:00:00+09:00,18600.0,18810.0,18470.0,18500.0,116400,0.0,0.0
2022-03-04 00:00:00+09:00,18340.0,18420.0,17610.0,17710.0,226300,0.0,0.0
2022-03-07 00:00:00+09:00,17200.0,17590.0,17050.0,17500.0,175400,0.0,0.0
2022-03-08 00:00:00+09:00,17440.0,18040.0,17400.0,17660.0,241900,0.0,0.0
2022-03-09 00:00:00+09:00,17530.0,17580.0,17130.0,17300.0,226200,0.0,0.0
2022-03-10 00:00:00+09:00,17700.0,17980.0,17420.0,17900.0,266900,0.0,0.0
2022-03-11 00:00:00+09:00,17100.0,17450.0,17050.0,17380.0,277300,0.0,0.0
2022-03-14 00:00:00+09:00,17200.0,17440.0,17110.0,17270.0,149400,0.0,0.0
2022-03-15 00:00:00+09:00,17080.0,17470.0,17060.0,17290.0,221100,0.0,0.0
2022-03-16 00:00:00+09:00,17450.0,17680.0,17280.0,17550.0,253500,0.0,0.0
2022-03-17 00:00:00+09:00,18070.0,18080.0,17660.0,17690.0,223400,0.0,0.0
2022-03-18 00:00:00+09:00,17780.0,18140.0,17730.0,18050.0,211900,0.0,0.0
2022-03-22 00:00:00+09:00,17970.0,18370.0,17830.0,18100.0,245100,0.0,0.0
2022-03-23 00:00:00+09:00,18370.0,18700.0,18320.0,18600.0,204000,0.0,0.0
2022-03-24 00:00:00+09:00,18570.0,18750.0,18290.0,18740.0,135900,0.0,0.0
2022-03-25 00:00:00+09:00,19000.0,19190.0,18860.0,19010.0,122400,0.0,0.0
2022-03-28 00:00:00+09:00,18790.0,18880.0,18580.0,18730.0,80400,0.0,0.0
2022-03-29 00:00:00+09:00,18920.0,18970.0,18720.0,18850.0,162700,0.0,0.0
2022-03-30 00:00:00+09:00,19130.0,19140.0,18650.0,18900.0,201700,0.0,0.0
2022-03-31 00:00:00+09:00,19060.0,19070.0,18370.0,18420.0,202100,0.0,0.0
2022-04-01 00:00:00+09:00,18340.0,18960.0,18180.0,18860.0,170000,0.0,0.0
2022-04-04 00:00:00+09:00,18890.0,19260.0,18780.0,19160.0,143700,0.0,0.0
2022-04-05 00:00:00+09:00,19560.0,19560.0,18940.0,19180.0,182200,0.0,0.0
2022-04-06 00:00:00+09:00,18910.0,19010.0,18710.0,18970.0,155300,0.0,0.0
2022-04-07 00:00:00+09:00,18610.0,18670.0,18250.0,18350.0,201400,0.0,0.0
2022-04-08 00:00:00+09:00,18620.0,18790.0,18490.0,18760.0,229600,0.0,0.0
2022-04-11 00:00:00+09:00,18780.0,18820.0,18130.0,18250.0,180600,0.0,0.0
2022-04-12 00:00:00+09:00,18320.0,18670.0,18260.0,18270.0,218700,0.0,0.0
2022-04-13 00:00:00+09:00,18280.0,18450.0,18200.0,18390.0,262800,0.0,0.0
2022-04-14 00:00:00+09:00,18540.0,18610.0,18420.0,18450.0,170300,0.0,0.0
2022-04-15 00:00:00+09:00,18200.0,18300.0,18010.0,18190.0,126700,0.0,0.0
2022-04-18 00:00:00+09:00,17980.0,17980.0,17610.0,17710.0,122500,0.0,0.0
2022-04-19 00:00:00+09:00,17740.0,17820.0,17650.0,17680.0,228400,0.0,0.0
2022-04-20 00:00:00+09:00,17920.0,18290.0,17790.0,17990.0,197800,0.0,0.0
2022-04-21 00:00:00+09:00,18250.0,18350.0,18070.0,18200.0,175600,0.0,0.0
2022-04-22 00:00:00+09:00,17670.0,18250.0,17570.0,18060.0,232000,0.0,0.0
2022-04-25 00:00:00+09:00,17990.0,18150.0,17940.0,18070.0,182000,0.0,0.0
2022-04-26 00:00:00+09:00,18320.0,18960.0,18170.0,18820.0,310100,0.0,0.0
2022-04-27 00:00:00+09:00,18510.0,18970.0,18420.0,18860.0,386600,0.0,0.0
2022-04-28 00:00:00+09:00,18840.0,19320.0,18790.0,19280.0,229500,0.0,0.0
2022-05-02 00:00:00+09:00,19210.0,19420.0,19010.0,19110.0,259800,0.0,0.0
2022-05-06 00:00:00+09:00,19120.0,19280.0,18830.0,19030.0,223300,0.0,0.0
2022-05-09 00:00:00+09:00,19280.0,19370.0,18720.0,18730.0,225400,0.0,0.0
2022-05-10 00:00:00+09:00,18470.0,18490.0,17850.0,18240.0,230000,0.0,0.0
2022-05-11 00:00:00+09:00,18290.0,18890.0,18270.0,18710.0,231600,0.0,0.0
2022-05-12 00:00:00+09:00,18380.0,18600.0,18130.0,18210.0,169900,0.0,0.0
2022-05-13 00:00:00+09:00,19010.0,19150.0,18570.0,18960.0,233300,0.0,0.0
2022-05-16 00:00:00+09:00,19360.0,19420.0,19100.0,19250.0,208500,0.0,0.0
2022-05-17 00:00:00+09:00,19330.0,19330.0,18990.0,19160.0,113300,0.0,0.0
2022-05-18 00:00:00+09:00,19220.0,19430.0,19160.0,19350.0,155500,0.0,0.0
2022-05-19 00:00:00+09:00,18940.0,18990.0,18750.0,18930.0,137000,0.0,0.0
2022-05-20 00:00:00+09:00,19100.0,19210.0,18980.0,19120.0,159900,0.0,0.0
2022-05-23 00:00:00+09:00,19520.0,19770.0,19450.0,19760.0,231700,0.0,0.0
2022-05-24 00:00:00+09:00,19710.0,19710.0,19460.0,19490.0,151100,0.0,0.0
2022-05-25 00:00:00+09:00,19610.0,20030.0,19510.0,19770.0,179900,0.0,0.0
2022-05-26 00:00:00+09:00,19680.0,19770.0,19290.0,19290.0,142700,0.0,0.0
2022-05-27 00:00:00+09:00,19600.0,19680.0,19280.0,19280.0,200200,0.0,0.0
2022-05-30 00:00:00+09:00,19360.0,19610.0,19180.0,19290.0,326700,0.0,0.0
2022-05-31 00:00:00+09:00,19340.0,19380.0,18930.0,19080.0,243500,0.0,0.0
2022-06-01 00:00:00+09:00,19050.0,19190.0,18990.0,19100.0,127500,0.0,0.0
2022-06-02 00:00:00+09:00,18850.0,18920.0,18420.0,18760.0,154700,0.0,0.0
2022-06-03 00:00:00+09:00,18990.0,19290.0,18970.0,19210.0,181800,0.0,0.0
2022-06-06 00:00:00+09:00,19000.0,19290.0,18950.0,19190.0,115800,0.0,0.0
2022-06-07 00:00:00+09:00,19120.0,19120.0,18920.0,18970.0,131500,0.0,0.0
2022-06-08 00:00:00+09:00,19200.0,19200.0,18900.0,18920.0,149400,0.0,0.0
2022-06-09 00:00:00+09:00,19270.0,19600.0,19100.0,19400.0,145900,0.0,0.0
2022-06-10 00:00:00+09:00,19150.0,19420.0,19050.0,19210.0,166000,0.0,0.0
2022-06-13 00:00:00+09:00,18910.0,19420.0,18910.0,19330.0,179200,0.0,0.0
2022-06-14 00:00:00+09:00,18990.0,19110.0,18470.0,18590.0,182500,0.0,0.0
2022-06-15 00:00:00+09:00,18470.0,18700.0,18350.0,18350.0,176700,0.0,0.0
2022-06-16 00:00:00+09:00,18630.0,18630.0,18340.0,18340.0,143300,0.0,0.0
2022-06-17 00:00:00+09:00,17950.0,18110.0,17730.0,17960.0,483600,0.0,0.0
2022-06-20 00:00:00+09:00,18150.0,18150.0,17660.0,17710.0,118700,0.0,0.0
2022-06-21 00:00:00+09:00,17790.0,18100.0,17760.0,18060.0,149800,0.0,0.0
2022-06-22 00:00:00+09:00,18270.0,18510.0,18200.0,18350.0,174100,0.0,0.0
2022-06-23 00:00:00+09:00,18100.0,18540.0,18010.0,18320.0,127400,0.0,0.0
2022-06-24 00:00:00+09:00,18640.0,19240.0,18500.0,19230.0,185000,0.0,0.0
2022-06-27 00:00:00+09:00,19430.0,19560.0,19360.0,19530.0,140100,0.0,0.0
2022-06-28 00:00:00+09:00,19250.0,19340.0,18970.0,19340.0,166400,0.0,0.0
2022-06-29 00:00:00+09:00,18970.0,19370.0,18860.0,19330.0,349200,0.0,0.0
2022-06-30 00:00:00+09:00,19330.0,19460.0,19110.0,19190.0,202600,0.0,0.0
2022-07-01 00:00:00+09:00,19590.0,19700.0,19260.0,19430.0,195400,0.0,0.0
2022-07-04 00:00:00+09:00,19830.0,20030.0,19640.0,19930.0,184200,0.0,0.0
2022-07-05 00:00:00+09:00,20400.0,20480.0,20180.0,20330.0,182300,0.0,0.0
2022-07-06 00:00:00+09:00,20500.0,21240.0,20420.0,21050.0,285300,0.0,0.0
2022-07-07 00:00:00+09:00,20960.0,21030.0,20690.0,20960.0,246600,0.0,0.0
2022-07-08 00:00:00+09:00,21130.0,21300.0,20840.0,21120.0,229100,0.0,0.0
2022-07-11 00:00:00+09:00,21270.0,21400.0,20880.0,21110.0,146200,0.0,0.0
2022-07-12 00:00:00+09:00,20900.0,20910.0,20620.0,20770.0,140700,0.0,0.0
2022-07-13 00:00:00+09:00,20330.0,20460.0,20130.0,20170.0,143200,0.0,0.0
2022-07-14 00:00:00+09:00,19970.0,20210.0,19900.0,20170.0,144500,0.0,0.0
2022-07-15 00:00:00+09:00,20440.0,20750.0,20440.0,20560.0,183000,0.0,0.0
2022-07-19 00:00:00+09:00,20640.0,20640.0,20270.0,20270.0,169900,0.0,0.0
2022-07-20 00:00:00+09:00,20390.0,20740.0,20350.0,20730.0,180900,0.0,0.0
2022-07-21 00:00:00+09:00,20730.0,20970.0,20670.0,20930.0,148700,0.0,0.0
2022-07-22 00:00:00+09:00,21430.0,21830.0,21250.0,21740.0,281900,0.0,0.0
2022-07-25 00:00:00+09:00,21440.0,21570.0,21300.0,21480.0,139300,0.0,0.0
2022-07-26 00:00:00+09:00,21000.0,21460.0,20960.0,21410.0,140300,0.0,0.0
2022-07-27 00:00:00+09:00,21230.0,21330.0,21020.0,21160.0,147000,0.0,0.0
2022-07-28 00:00:00+09:00,21230.0,21390.0,20930.0,21090.0,202800,0.0,0.0
2022-07-29 00:00:00+09:00,21060.0,21220.0,20920.0,21160.0,173300,0.0,0.0
2022-08-01 00:00:00+09:00,21180.0,21540.0,20970.0,21460.0,220500,0.0,0.0
2022-08-02 00:00:00+09:00,21260.0,21600.0,21170.0,21500.0,199600,0.0,0.0
2022-08-03 00:00:00+09:00,21460.0,21790.0,21430.0,21590.0,168600,0.0,0.0
2022-08-04 00:00:00+09:00,21700.0,21730.0,21300.0,21530.0,135200,0.0,0.0
2022-08-05 00:00:00+09:00,21700.0,21840.0,21430.0,21790.0,158000,0.0,0.0
2022-08-08 00:00:00+09:00,21600.0,21600.0,21390.0,21560.0,99500,0.0,0.0
2022-08-09 00:00:00+09:00,21600.0,21850.0,21570.0,21700.0,121200,0.0,0.0
2022-08-10 00:00:00+09:00,21690.0,21730.0,21330.0,21510.0,116100,0.0,0.0
2022-08-12 00:00:00+09:00,21720.0,21860.0,21580.0,21770.0,158000,0.0,0.0
2022-08-15 00:00:00+09:00,21780.0,21810.0,21610.0,21670.0,81500,0.0,0.0
2022-08-16 00:00:00+09:00,21730.0,21860.0,21650.0,21790.0,99800,0.0,0.0
2022-08-17 00:00:00+09:00,21700.0,21870.0,21600.0,21800.0,119900,0.0,0.0
2022-08-18 00:00:00+09:00,21790.0,21790.0,21580.0,21660.0,111900,0.0,0.0
2022-08-19 00:00:00+09:00,21560.0,21630.0,21270.0,21300.0,119100,0.0,0.0
2022-08-22 00:00:00+09:00,21230.0,21620.0,21150.0,21590.0,148600,0.0,0.0
2022-08-23 00:00:00+09:00,21500.0,21550.0,21180.0,21230.0,82000,0.0,0.0
2022-08-24 00:00:00+09:00,21100.0,21100.0,20870.0,20950.0,103400,0.0,0.0
2022-08-25 00:00:00+09:00,21000.0,21110.0,20890.0,21100.0,88600,0.0,0.0
2022-08-26 00:00:00+09:00,21100.0,21100.0,20820.0,20880.0,102900,0.0,0.0
2022-08-29 00:00:00+09:00,20400.0,20690.0,20260.0,20660.0,137100,0.0,0.0
2022-08-30 00:00:00+09:00,20820.0,21060.0,20700.0,20960.0,126700,0.0,0.0
2022-08-31 00:00:00+09:00,20810.0,20950.0,20620.0,20770.0,188400,0.0,0.0
2022-09-01 00:00:00+09:00,20480.0,20620.0,20400.0,20460.0,140000,0.0,0.0
2022-09-02 00:00:00+09:00,20490.0,20490.0,20040.0,20290.0,139700,0.0,0.0
2022-09-05 00:00:00+09:00,20310.0,20480.0,20140.0,20450.0,101300,0.0,0.0
2022-09-06 00:00:00+09:00,20470.0,20610.0,20320.0,20330.0,84000,0.0,0.0
2022-09-07 00:00:00+09:00,20270.0,20560.0,20160.0,20490.0,144800,0.0,0.0
2022-09-08 00:00:00+09:00,20490.0,20700.0,20490.0,20700.0,140900,0.0,0.0
2022-09-09 00:00:00+09:00,20540.0,20940.0,20540.0,20850.0,150500,0.0,0.0
2022-09-12 00:00:00+09:00,21100.0,21100.0,20740.0,20850.0,79200,0.0,0.0
2022-09-13 00:00:00+09:00,20890.0,20920.0,20650.0,20780.0,91600,0.0,0.0
2022-09-14 00:00:00+09:00,20180.0,20380.0,20060.0,20370.0,127200,0.0,0.0
2022-09-15 00:00:00+09:00,20200.0,20320.0,20150.0,20300.0,185200,0.0,0.0
2022-09-16 00:00:00+09:00,19890.0,20050.0,19670.0,19830.0,258000,0.0,0.0
2022-09-20 00:00:00+09:00,19910.0,20030.0,19740.0,19870.0,129100,0.0,0.0
2022-09-21 00:00:00+09:00,19780.0,19990.0,19620.0,19680.0,144000,0.0,0.0
2022-09-22 00:00:00+09:00,19470.0,19660.0,19290.0,19540.0,135100,0.0,0.0
2022-09-26 00:00:00+09:00,19420.0,19640.0,19300.0,19380.0,138400,0.0,0.0
2022-09-27 00:00:00+09:00,19540.0,19610.0,19380.0,19490.0,145600,0.0,0.0
2022-09-28 00:00:00+09:00,19330.0,19510.0,19140.0,19310.0,228600,0.0,0.0
2022-09-29 00:00:00+09:00,19430.0,19700.0,19110.0,19660.0,233700,0.0,0.0
2022-09-30 00:00:00+09:00,19600.0,19720.0,19370.0,19390.0,182000,0.0,0.0
2022-10-03 00:00:00+09:00,19170.0,19440.0,19030.0,19410.0,142200,0.0,0.0
2022-10-04 00:00:00+09:00,19670.0,20180.0,19650.0,20050.0,175700,0.0,0.0
2022-10-05 00:00:00+09:00,20150.0,20400.0,20100.0,20360.0,173400,0.0,0.0
2022-10-06 00:00:00+09:00,20350.0,20570.0,20250.0,20470.0,180500,0.0,0.0
2022-10-07 00:00:00+09:00,20190.0,20690.0,20190.0,20620.0,270700,0.0,0.0
2022-10-11 00:00:00+09:00,20350.0,20780.0,20270.0,20580.0,292200,0.0,0.0
2022-10-12 00:00:00+09:00,20820.0,21110.0,20810.0,20920.0,307200,0.0,0.0
2022-10-13 00:00:00+09:00,20750.0,20880.0,20560.0,20690.0,188100,0.0,0.0
2022-10-14 00:00:00+09:00,21070.0,21270.0,21020.0,21020.0,231000,0.0,0.0
2022-10-17 00:00:00+09:00,20520.0,20750.0,20500.0,20650.0,168700,0.0,0.0
2022-10-18 00:00:00+09:00,21000.0,21190.0,20970.0,21100.0,135100,0.0,0.0
2022-10-19 00:00:00+09:00,21060.0,21240.0,21060.0,21060.0,133500,0.0,0.0
2022-10-20 00:00:00+09:00,20920.0,21180.0,20890.0,20890.0,198200,0.0,0.0
2022-10-21 00:00:00+09:00,20950.0,21130.0,20920.0,20970.0,158100,0.0,0.0
2022-10-24 00:00:00+09:00,21000.0,21060.0,20820.0,21010.0,168300,0.0,0.0
2022-10-25 00:00:00+09:00,21350.0,21580.0,21320.0,21500.0,371700,0.0,0.0
2022-10-26 00:00:00+09:00,22150.0,22770.0,22140.0,22570.0,540700,0.0,0.0
2022-10-27 00:00:00+09:00,22350.0,22580.0,22060.0,22360.0,367600,0.0,0.0
2022-10-28 00:00:00+09:00,22120.0,22500.0,22020.0,22410.0,593700,0.0,0.0
2022-10-31 00:00:00+09:00,22500.0,22670.0,22360.0,22370.0,347700,0.0,0.0
2022-11-01 00:00:00+09:00,22320.0,22560.0,22150.0,22380.0,216800,0.0,0.0
2022-11-02 00:00:00+09:00,22000.0,22230.0,21960.0,22200.0,182600,0.0,0.0
2022-11-04 00:00:00+09:00,21860.0,21940.0,21340.0,21400.0,240400,0.0,0.0
2022-11-07 00:00:00+09:00,21320.0,21500.0,21080.0,21100.0,168200,0.0,0.0
2022-11-08 00:00:00+09:00,21130.0,21650.0,21130.0,21520.0,231600,0.0,0.0
2022-11-09 00:00:00+09:00,21470.0,21540.0,21250.0,21530.0,207800,0.0,0.0
2022-11-10 00:00:00+09:00,21250.0,21290.0,21110.0,21260.0,145500,0.0,0.0
2022-11-11 00:00:00+09:00,21800.0,22090.0,21620.0,22070.0,167700,0.0,0.0
2022-11-14 00:00:00+09:00,22080.0,22520.0,21990.0,22150.0,240800,0.0,0.0
2022-11-15 00:00:00+09:00,22430.0,22430.0,22010.0,22030.0,95300,0.0,0.0
2022-11-16 00:00:00+09:00,22070.0,22130.0,21700.0,21910.0,205700,0.0,0.0
2022-11-17 00:00:00+09:00,21920.0,22160.0,21900.0,21990.0,169700,0.0,0.0
2022-11-18 00:00:00+09:00,21910.0,22040.0,21740.0,21750.0,124300,0.0,0.0
2022-11-21 00:00:00+09:00,21520.0,21800.0,21500.0,21800.0,156600,0.0,0.0
2022-11-22 00:00:00+09:00,21900.0,21970.0,21810.0,21810.0,134500,0.0,0.0
2022-11-24 00:00:00+09:00,22130.0,22300.0,21940.0,22050.0,188200,0.0,0.0
2022-11-25 00:00:00+09:00,22160.0,22170.0,21800.0,21800.0,133200,0.0,0.0
2022-11-28 00:00:00+09:00,21880.0,21900.0,21520.0,21570.0,120400,0.0,0.0
2022-11-29 00:00:00+09:00,21630.0,21880.0,21620.0,21620.0,124000,0.0,0.0
2022-11-30 00:00:00+09:00,21350.0,21700.0,21310.0,21700.0,280800,0.0,0.0
2022-12-01 00:00:00+09:00,22000.0,22100.0,21630.0,21650.0,136500,0.0,0.0
2022-12-02 00:00:00+09:00,21460.0,21570.0,21240.0,21400.0,193400,0.0,0.0
2022-12-05 00:00:00+09:00,21400.0,21450.0,21110.0,21230.0,170700,0.0,0.0
2022-12-06 00:00:00+09:00,20920.0,21010.0,20770.0,21000.0,194600,0.0,0.0
2022-12-07 00:00:00+09:00,20840.0,20840.0,20510.0,20510.0,191500,0.0,0.0
2022-12-08 00:00:00+09:00,20550.0,20750.0,20380.0,20670.0,178100,0.0,0.0
2022-12-09 00:00:00+09:00,20790.0,20980.0,20730.0,20820.0,134200,0.0,0.0
2022-12-12 00:00:00+09:00,20790.0,20810.0,20640.0,20760.0,187000,0.0,0.0
2022-12-13 00:00:00+09:00,21000.0,21030.0,20610.0,20670.0,122700,0.0,0.0
2022-12-14 00:00:00+09:00,20780.0,20900.0,20640.0,20870.0,153700,0.0,0.0
2022-12-15 00:00:00+09:00,20870.0,20870.0,20720.0,20830.0,107300,0.0,0.0
2022-12-16 00:00:00+09:00,20750.0,20750.0,20530.0,20530.0,190100,0.0,0.0
2022-12-19 00:00:00+09:00,20480.0,20590.0,20390.0,20460.0,111900,0.0,0.0
2022-12-20 00:00:00+09:00,20430.0,20520.0,19770.0,19880.0,178600,0.0,0.0
2022-12-21 00:00:00+09:00,19760.0,20050.0,19530.0,19920.0,198800,0.0,0.0
2022-12-22 00:00:00+09:00,19920.0,19940.0,19720.0,19910.0,144400,0.0,0.0
2022-12-23 00:00:00+09:00,19740.0,19830.0,19550.0,19690.0,92100,0.0,0.0
2022-12-26 00:00:00+09:00,19650.0,19660.0,19490.0,19550.0,55300,0.0,0.0
2022-12-27 00:00:00+09:00,19840.0,19840.0,19590.0,19590.0,41600,0.0,0.0
2022-12-28 00:00:00+09:00,19490.0,19550.0,19320.0,19430.0,112100,0.0,0.0
2022-12-29 00:00:00+09:00,19360.0,19520.0,19350.0,19520.0,73900,0.0,0.0
2022-12-30 00:00:00+09:00,19660.0,19740.0,19390.0,19410.0,86300,0.0,0.0
2023-01-04 00:00:00+09:00,19200.0,19250.0,19030.0,19170.0,176600,0.0,0.0
2023-01-05 00:00:00+09:00,19170.0,19390.0,19130.0,19270.0,129300,0.0,0.0
2023-01-06 00:00:00+09:00,19320.0,19500.0,19160.0,19420.0,255500,0.0,0.0
2023-01-10 00:00:00+09:00,19760.0,19790.0,19560.0,19630.0,227900,0.0,0.0
2023-01-11 00:00:00+09:00,19500.0,19790.0,19500.0,19730.0,170800,0.0,0.0
2023-01-12 00:00:00+09:00,19860.0,19920.0,19740.0,19890.0,133300,0.0,0.0
2023-01-13 00:00:00+09:00,19920.0,19990.0,19640.0,19700.0,153000,0.0,0.0
2023-01-16 00:00:00+09:00,19510.0,19710.0,19490.0,19620.0,127800,0.0,0.0
2023-01-17 00:00:00+09:00,19510.0,19680.0,19400.0,19600.0,236400,0.0,0.0
2023-01-18 00:00:00+09:00,19810.0,20180.0,19640.0,19920.0,223300,0.0,0.0
2023-01-19 00:00:00+09:00,19850.0,20220.0,19710.0,20090.0,190100,0.0,0.0
2023-01-20 00:00:00+09:00,20200.0,20200.0,19880.0,20070.0,186000,0.0,0.0
2023-01-23 00:00:00+09:00,20310.0,20380.0,20230.0,20300.0,108400,0.0,0.0
2023-01-24 00:00:00+09:00,20670.0,20890.0,20410.0,20830.0,253800,0.0,0.0
2023-01-25 00:00:00+09:00,21100.0,21260.0,20640.0,20960.0,296400,0.0,0.0
2023-01-26 00:00:00+09:00,20820.0,21170.0,20800.0,21110.0,168800,0.0,0.0
2023-01-27 00:00:00+09:00,21110.0,21200.0,20710.0,20810.0,194200,0.0,0.0
2023-01-30 00:00:00+09:00,21000.0,21060.0,20810.0,20900.0,177600,0.0,0.0
2023-01-31 00:00:00+09:00,21010.0,21030.0,20740.0,20750.0,140900,0.0,0.0
2023-02-01 00:00:00+09:00,20810.0,20870.0,20540.0,20580.0,119300,0.0,0.0
2023-02-02 00:00:00+09:00,20560.0,20820.0,20530.0,20750.0,109800,0.0,0.0
2023-02-03 00:00:00+09:00,21320.0,21340.0,20920.0,21060.0,172700,0.0,0.0
2023-02-06 00:00:00+09:00,21230.0,21260.0,20810.0,20890.0,123700,0.0,0.0
2023-02-07 00:00:00+09:00,20920.0,20920.0,20560.0,20620.0,125500,0.0,0.0
2023-02-08 00:00:00+09:00,20620.0,20980.0,20620.0,20940.0,132400,0.0,0.0
2023-02-09 00:00:00+09:00,20900.0,20930.0,20710.0,20870.0,84100,0.0,0.0
2023-02-10 00:00:00+09:00,20700.0,21100.0,20680.0,20930.0,126100,0.0,0.0
2023-02-13 00:00:00+09:00,21090.0,21130.0,20690.0,20740.0,84200,0.0,0.0
2023-02-14 00:00:00+09:00,21000.0,21030.0,20810.0,20880.0,97900,0.0,0.0
2023-02-15 00:00:00+09:00,20780.0,20780.0,20400.0,20490.0,127400,0.0,0.0
2023-02-16 00:00:00+09:00,20570.0,20590.0,20330.0,20390.0,139300,0.0,0.0
2023-02-17 00:00:00+09:00,20260.0,20340.0,20170.0,20190.0,93300,0.0,0.0
2023-02-20 00:00:00+09:00,20310.0,20310.0,20050.0,20070.0,86700,0.0,0.0
2023-02-21 00:00:00+09:00,19970.0,20060.0,19850.0,19850.0,131600,0.0,0.0
2023-02-22 00:00:00+09:00,19770.0,19860.0,19680.0,19830.0,106600,0.0,0.0
2023-02-24 00:00:00+09:00,19760.0,19880.0,19660.0,19850.0,87300,0.0,0.0
2023-02-27 00:00:00+09:00,19720.0,19830.0,19530.0,19780.0,116000,0.0,0.0
2023-02-28 00:00:00+09:00,19930.0,20040.0,19840.0,19940.0,195200,0.0,0.0
2023-03-01 00:00:00+09:00,19830.0,20000.0,19770.0,19850.0,133800,0.0,0.0
2023-03-02 00:00:00+09:00,19800.0,19920.0,19770.0,19890.0,123300,0.0,0.0
2023-03-03 00:00:00+09:00,19950.0,20110.0,19830.0,20020.0,196500,0.0,0.0
2023-03-06 00:00:00+09:00,20120.0,20280.0,20070.0,20100.0,117300,0.0,0.0
2023-03-07 00:00:00+09:00,20110.0,20300.0,20100.0,20210.0,102200,0.0,0.0
2023-03-08 00:00:00+09:00,20190.0,20280.0,20140.0,20250.0,107500,0.0,0.0
2023-03-09 00:00:00+09:00,20440.0,20650.0,20370.0,20600.0,161500,0.0,0.0
2023-03-10 00:00:00+09:00,20410.0,20470.0,20320.0,20340.0,164600,0.0,0.0
2023-03-13 00:00:00+09:00,20230.0,20300.0,19950.0,20280.0,136200,0.0,0.0
2023-03-14 00:00:00+09:00,20130.0,20300.0,19930.0,20210.0,185600,0.0,0.0
2023-03-15 00:00:00+09:00,20370.0,20400.0,19880.0,19940.0,143400,0.0,0.0
2023-03-16 00:00:00+09:00,19760.0,20520.0,19740.0,20210.0,238300,0.0,0.0
2023-03-17 00:00:00+09:00,20120.0,20830.0,20120.0,20790.0,219100,0.0,0.0
2023-03-20 00:00:00+09:00,20840.0,20840.0,20420.0,20420.0,154500,0.0,0.0
2023-03-22 00:00:00+09:00,20610.0,20790.0,20460.0,20590.0,148700,0.0,0.0
2023-03-23 00:00:00+09:00,20440.0,20670.0,20320.0,20570.0,126300,0.0,0.0
2023-03-24 00:00:00+09:00,20730.0,20770.0,20600.0,20680.0,126000,0.0,0.0
2023-03-27 00:00:00+09:00,20800.0,21000.0,20780.0,20830.0,117400,0.0,0.0
2023-03-28 00:00:00+09:00,20890.0,20930.0,20710.0,20890.0,112900,0.0,0.0
2023-03-29 00:00:00+09:00,20990.0,21260.0,20860.0,21240.0,163900,0.0,0.0
2023-03-30 00:00:00+09:00,21000.0,21230.0,20930.0,21100.0,167100,0.0,0.0
2023-03-31 00:00:00+09:00,21050.0,21180.0,20720.0,20900.0,193500,0.0,0.0
2023-04-03 00:00:00+09:00,21110.0,21220.0,21020.0,21120.0,146600,0.0,0.0
2023-04-04 00:00:00+09:00,21130.0,21150.0,20900.0,20970.0,153400,0.0,0.0
2023-04-05 00:00:00+09:00,21470.0,21470.0,20770.0,20820.0,198800,0.0,0.0
2023-04-06 00:00:00+09:00,20690.0,21040.0,20370.0,20920.0,226700,0.0,0.0
2023-04-07 00:00:00+09:00,21100.0,21110.0,20610.0,20720.0,130900,0.0,0.0
2023-04-10 00:00:00+09:00,20820.0,20890.0,20780.0,20860.0,76300,0.0,0.0
2023-04-11 00:00:00+09:00,21020.0,21110.0,20900.0,20910.0,104700,0.0,0.0
2023-04-12 00:00:00+09:00,20940.0,21140.0,20940.0,21080.0,141000,0.0,0.0
2023-04-13 00:00:00+09:00,21200.0,21380.0,21200.0,21350.0,163700,0.0,0.0
2023-04-14 00:00:00+09:00,21510.0,21570.0,21410.0,21520.0,105900,0.0,0.0
2023-04-17 00:00:00+09:00,21460.0,21530.0,21210.0,21310.0,93900,0.0,0.0
2023-04-18 00:00:00+09:00,21310.0,21550.0,21310.0,21510.0,106200,0.0,0.0
2023-04-19 00:00:00+09:00,21500.0,21560.0,21270.0,21440.0,109100,0.0,0.0
2023-04-20 00:00:00+09:00,21220.0,21340.0,21190.0,21310.0,142700,0.0,0.0
2023-04-21 00:00:00+09:00,21250.0,21410.0,21190.0,21330.0,109000,0.0,0.0
2023-04-24 00:00:00+09:00,21350.0,21510.0,21310.0,21320.0,118900,0.0,0.0
2023-04-25 00:00:00+09:00,21430.0,21730.0,21410.0,21670.0,176000,0.0,0.0
2023-04-26 00:00:00+09:00,21360.0,21840.0,21020.0,21130.0,425100,0.0,0.0
2023-04-27 00:00:00+09:00,21200.0,21240.0,20810.0,20870.0,292500,0.0,0.0
2023-04-28 00:00:00+09:00,21050.0,21140.0,20750.0,20910.0,238000,0.0,0.0
2023-05-01 00:00:00+09:00,21050.0,21170.0,20860.0,20950.0,192000,0.0,0.0
2023-05-02 00:00:00+09:00,21110.0,21550.0,21070.0,21520.0,226100,0.0,0.0
2023-05-08 00:00:00+09:00,22090.0,22090.0,21470.0,21500.0,299300,0.0,0.0
2023-05-09 00:00:00+09:00,21620.0,21800.0,21500.0,21610.0,218200,0.0,0.0
2023-05-10 00:00:00+09:00,21620.0,21620.0,21230.0,21300.0,134000,0.0,0.0
2023-05-11 00:00:00+09:00,21510.0,21600.0,21390.0,21600.0,164300,0.0,0.0
2023-05-12 00:00:00+09:00,21780.0,22330.0,21750.0,22320.0,259200,0.0,0.0
2023-05-15 00:00:00+09:00,22470.0,22690.0,22350.0,22570.0,156300,0.0,0.0
2023-05-16 00:00:00+09:00,22730.0,22970.0,22690.0,22860.0,196400,0.0,0.0
2023-05-17 00:00:00+09:00,22860.0,22910.0,22610.0,22710.0,181700,0.0,0.0
2023-05-18 00:00:00+09:00,22900.0,23260.0,22810.0,23180.0,247700,0.0,0.0
2023-05-19 00:00:00+09:00,23100.0,23260.0,22940.0,23220.0,138700,0.0,0.0
2023-05-22 00:00:00+09:00,23260.0,23310.0,23060.0,23190.0,108200,0.0,0.0
2023-05-23 00:00:00+09:00,23350.0,23510.0,23130.0,23310.0,225500,0.0,0.0
2023-05-24 00:00:00+09:00,23050.0,23180.0,22980.0,23080.0,145500,0.0,0.0
2023-05-25 00:00:00+09:00,23020.0,23070.0,22460.0,22500.0,196900,0.0,0.0
2023-05-26 00:00:00+09:00,22390.0,22400.0,22240.0,22350.0,276000,0.0,0.0
2023-05-29 00:00:00+09:00,22580.0,22580.0,22280.0,22290.0,155300,0.0,0.0
2023-05-30 00:00:00+09:00,22180.0,22370.0,22100.0,22310.0,110300,0.0,0.0
2023-05-31 00:00:00+09:00,22450.0,22780.0,22320.0,22590.0,337600,0.0,0.0
2023-06-01 00:00:00+09:00,22580.0,23260.0,22540.0,23240.0,214500,0.0,0.0
2023-06-02 00:00:00+09:00,23500.0,23770.0,23330.0,23710.0,256600,0.0,0.0
2023-06-05 00:00:00+09:00,23990.0,23995.0,23555.0,23925.0,258900,0.0,0.0
2023-06-06 00:00:00+09:00,23955.0,24050.0,23635.0,23865.0,210100,0.0,0.0
2023-06-07 00:00:00+09:00,23765.0,24060.0,23600.0,23710.0,240200,0.0,0.0
2023-06-08 00:00:00+09:00,23705.0,23750.0,23205.0,23265.0,193700,0.0,0.0
2023-06-09 00:00:00+09:00,23315.0,23675.0,23310.0,23650.0,247500,0.0,0.0
2023-06-12 00:00:00+09:00,23670.0,24040.0,23605.0,24025.0,172800,0.0,0.0
2023-06-13 00:00:00+09:00,24145.0,24225.0,24085.0,24140.0,154100,0.0,0.0
2023-06-14 00:00:00+09:00,24195.0,24205.0,23925.0,23925.0,217300,0.0,0.0
2023-06-15 00:00:00+09:00,23940.0,24075.0,23630.0,23655.0,236900,0.0,0.0
2023-06-16 00:00:00+09:00,23660.0,24085.0,23630.0,24020.0,320200,0.0,0.0
2023-06-19 00:00:00+09:00,23890.0,24190.0,23710.0,23865.0,186400,0.0,0.0
2023-06-20 00:00:00+09:00,23635.0,23745.0,23265.0,23485.0,170100,0.0,0.0
2023-06-21 00:00:00+09:00,23370.0,23605.0,23335.0,23500.0,162800,0.0,0.0
2023-06-22 00:00:00+09:00,23490.0,23715.0,23420.0,23490.0,139700,0.0,0.0
2023-06-23 00:00:00+09:00,23640.0,23735.0,22830.0,22980.0,119200,0.0,0.0
2023-06-26 00:00:00+09:00,22865.0,22865.0,22455.0,22675.0,148100,0.0,0.0
2023-06-27 00:00:00+09:00,22500.0,22680.0,22400.0,22655.0,130000,0.0,0.0
2023-06-28 00:00:00+09:00,22770.0,22945.0,22725.0,22945.0,131100,0.0,0.0
2023-06-29 00:00:00+09:00,23100.0,23165.0,22920.0,23030.0,110200,0.0,0.0
2023-06-30 00:00:00+09:00,23025.0,23060.0,22760.0,23040.0,201200,0.0,0.0
2023-07-03 00:00:00+09:00,23400.0,23400.0,23130.0,23185.0,106300,0.0,0.0
2023-07-04 00:00:00+09:00,23070.0,23070.0,22785.0,22950.0,119000,0.0,0.0
2023-07-05 00:00:00+09:00,22720.0,23105.0,22685.0,23030.0,144700,0.0,0.0
2023-07-06 00:00:00+09:00,22865.0,22865.0,22475.0,22515.0,243300,0.0,0.0
2023-07-07 00:00:00+09:00,22575.0,22720.0,22485.0,22515.0,146700,0.0,0.0
2023-07-10 00:00:00+09:00,22405.0,22615.0,22250.0,22515.0,177900,0.0,0.0
2023-07-11 00:00:00+09:00,22790.0,22885.0,22650.0,22750.0,161500,0.0,0.0
2023-07-12 00:00:00+09:00,22755.0,22800.0,22575.0,22580.0,130800,0.0,0.0
2023-07-13 00:00:00+09:00,22800.0,23165.0,22685.0,23110.0,230500,0.0,0.0
2023-07-14 00:00:00+09:00,23215.0,23340.0,22985.0,23185.0,145400,0.0,0.0
2023-07-18 00:00:00+09:00,23180.0,23445.0,23000.0,23175.0,141200,0.0,0.0
2023-07-19 00:00:00+09:00,23320.0,23465.0,23075.0,23225.0,127600,0.0,0.0
2023-07-20 00:00:00+09:00,23330.0,23495.0,23090.0,23090.0,189000,0.0,0.0
2023-07-21 00:00:00+09:00,22745.0,22980.0,22740.0,22930.0,122700,0.0,0.0
2023-07-24 00:00:00+09:00,23210.0,23245.0,22910.0,23085.0,189300,0.0,0.0
2023-07-25 00:00:00+09:00,23095.0,23180.0,22750.0,22985.0,267600,0.0,0.0
2023-07-26 00:00:00+09:00,22800.0,23430.0,22740.0,23255.0,273800,0.0,0.0
2023-07-27 00:00:00+09:00,23355.0,23430.0,23120.0,23315.0,179300,0.0,0.0
2023-07-28 00:00:00+09:00,23065.0,23075.0,22565.0,22860.0,256100,0.0,0.0
2023-07-31 00:00:00+09:00,23300.0,23315.0,23010.0,23270.0,215200,0.0,0.0
2023-08-01 00:00:00+09:00,23315.0,23470.0,23235.0,23390.0,107000,0.0,0.0
2023-08-02 00:00:00+09:00,23425.0,23485.0,23055.0,23170.0,154700,0.0,0.0
2023-08-03 00:00:00+09:00,23040.0,23220.0,22975.0,23030.0,149300,0.0,0.0
2023-08-04 00:00:00+09:00,23125.0,23125.0,22920.0,23030.0,134000,0.0,0.0
2023-08-07 00:00:00+09:00,22815.0,23215.0,22745.0,23210.0,135400,0.0,0.0
2023-08-08 00:00:00+09:00,23250.0,23250.0,22965.0,23070.0,109300,0.0,0.0
2023-08-09 00:00:00+09:00,23170.0,23230.0,22870.0,23070.0,141200,0.0,0.0
2023-08-10 00:00:00+09:00,23145.0,23440.0,22995.0,23410.0,136000,0.0,0.0
2023-08-14 00:00:00+09:00,23715.0,23770.0,23400.0,23515.0,151600,0.0,0.0
2023-08-15 00:00:00+09:00,23750.0,24245.0,23460.0,24185.0,261400,0.0,0.0
2023-08-16 00:00:00+09:00,24055.0,24715.0,23990.0,24565.0,221000,0.0,0.0
2023-08-17 00:00:00+09:00,24440.0,24440.0,24000.0,24095.0,149800,0.0,0.0
2023-08-18 00:00:00+09:00,23845.0,23885.0,23660.0,23880.0,160500,0.0,0.0
2023-08-21 00:00:00+09:00,24010.0,24325.0,23905.0,24150.0,138900,0.0,0.0
2023-08-22 00:00:00+09:00,24475.0,24635.0,24380.0,24635.0,130200,0.0,0.0
2023-08-23 00:00:00+09:00,24635.0,24650.0,24475.0,24650.0,84300,0.0,0.0
2023-08-24 00:00:00+09:00,24730.0,24840.0,24590.0,24775.0,119200,0.0,0.0
2023-08-25 00:00:00+09:00,24525.0,24810.0,24395.0,24785.0,138400,0.0,0.0
2023-08-28 00:00:00+09:00,25000.0,25260.0,24920.0,25155.0,144900,0.0,0.0
2023-08-29 00:00:00+09:00,25415.0,25445.0,25160.0,25230.0,125100,0.0,0.0
2023-08-30 00:00:00+09:00,25355.0,25490.0,25260.0,25395.0,134300,0.0,0.0
2023-08-31 00:00:00+09:00,25495.0,25495.0,25145.0,25330.0,224800,0.0,0.0
2023-09-01 00:00:00+09:00,25390.0,25495.0,25175.0,25310.0,142000,0.0,0.0
2023-09-04 00:00:00+09:00,25270.0,25270.0,25105.0,25235.0,202200,0.0,0.0
2023-09-05 00:00:00+09:00,25090.0,25180.0,24910.0,25110.0,177800,0.0,0.0
2023-09-06 00:00:00+09:00,25270.0,25550.0,25265.0,25515.0,156200,0.0,0.0
2023-09-07 00:00:00+09:00,25445.0,25455.0,25205.0,25300.0,150100,0.0,0.0
2023-09-08 00:00:00+09:00,25265.0,25500.0,25125.0,25285.0,139200,0.0,0.0
2023-09-11 00:00:00+09:00,25295.0,25470.0,24830.0,24945.0,93900,0.0,0.0
2023-09-12 00:00:00+09:00,24910.0,25220.0,24895.0,25120.0,133000,0.0,0.0
2023-09-13 00:00:00+09:00,24945.0,25095.0,24500.0,24500.0,136200,0.0,0.0
2023-09-14 00:00:00+09:00,24510.0,24635.0,24345.0,24570.0,191500,0.0,0.0
2023-09-15 00:00:00+09:00,24315.0,24540.0,24220.0,24450.0,281100,0.0,0.0
2023-09-19 00:00:00+09:00,24350.0,24420.0,23090.0,24100.0,234500,0.0,0.0
2023-09-20 00:00:00+09:00,24100.0,24110.0,23635.0,23685.0,244400,0.0,0.0
2023-09-21 00:00:00+09:00,23770.0,23770.0,23345.0,23455.0,189900,0.0,0.0
2023-09-22 00:00:00+09:00,23335.0,23560.0,23155.0,23255.0,159900,0.0,0.0
2023-09-25 00:00:00+09:00,23360.0,23690.0,23275.0,23680.0,178100,0.0,0.0
2023-09-26 00:00:00+09:00,23580.0,23630.0,23400.0,23530.0,182700,0.0,0.0
2023-09-27 00:00:00+09:00,23215.0,23390.0,23130.0,23365.0,237700,0.0,0.0
2023-09-28 00:00:00+09:00,23215.0,23215.0,22750.0,22920.0,213400,0.0,0.0
2023-09-29 00:00:00+09:00,22965.0,22990.0,22595.0,22685.0,331500,0.0,0.0
2023-10-02 00:00:00+09:00,22955.0,22965.0,22390.0,22465.0,246700,0.0,0.0
2023-10-03 00:00:00+09:00,22525.0,22650.0,22335.0,22445.0,218500,0.0,0.0
2023-10-04 00:00:00+09:00,22490.0,22880.0,22440.0,22795.0,226800,0.0,0.0
2023-10-05 00:00:00+09:00,23105.0,23430.0,22955.0,23185.0,211300,0.0,0.0
2023-10-06 00:00:00+09:00,23145.0,23280.0,22885.0,22895.0,146400,0.0,0.0
2023-10-10 00:00:00+09:00,23170.0,23210.0,22855.0,23135.0,129600,0.0,0.0
2023-10-11 00:00:00+09:00,23065.0,23155.0,22695.0,22750.0,113000,0.0,0.0
2023-10-12 00:00:00+09:00,22945.0,23050.0,22800.0,23020.0,125000,0.0,0.0
2023-10-13 00:00:00+09:00,23000.0,23000.0,22520.0,22600.0,148200,0.0,0.0
2023-10-16 00:00:00+09:00,22290.0,22290.0,21975.0,22120.0,257500,0.0,0.0
2023-10-17 00:00:00+09:00,22295.0,22670.0,22260.0,22670.0,255600,0.0,0.0
2023-10-18 00:00:00+09:00,22500.0,22525.0,22185.0,22490.0,143700,0.0,0.0
2023-10-19 00:00:00+09:00,22305.0,22570.0,22210.0,22495.0,186900,0.0,0.0
2023-10-20 00:00:00+09:00,22170.0,22400.0,22070.0,22290.0,104000,0.0,0.0
2023-10-23 00:00:00+09:00,22005.0,22215.0,21780.0,21780.0,179600,0.0,0.0
2023-10-24 00:00:00+09:00,21940.0,21940.0,21310.0,21935.0,216600,0.0,0.0
2023-10-25 00:00:00+09:00,21915.0,22045.0,20570.0,20965.0,584000,0.0,0.0
2023-10-26 00:00:00+09:00,20965.0,21215.0,20845.0,21020.0,298800,0.0,0.0
2023-10-27 00:00:00+09:00,20775.0,21590.0,20775.0,21570.0,282100,0.0,0.0
2023-10-30 00:00:00+09:00,21745.0,22365.0,21550.0,22055.0,473700,0.0,0.0
2023-10-31 00:00:00+09:00,22145.0,22445.0,21970.0,22245.0,223900,0.0,0.0
2023-11-01 00:00:00+09:00,22570.0,22660.0,22335.0,22585.0,275500,0.0,0.0
2023-11-02 00:00:00+09:00,22720.0,22905.0,22590.0,22665.0,183600,0.0,0.0
2023-11-06 00:00:00+09:00,23145.0,23145.0,22700.0,22735.0,295300,0.0,0.0
2023-11-07 00:00:00+09:00,22505.0,22510.0,22065.0,22120.0,313600,0.0,0.0
2023-11-08 00:00:00+09:00,22160.0,22215.0,21990.0,22095.0,451500,0.0,0.0
2023-11-09 00:00:00+09:00,22330.0,22380.0,22115.0,22315.0,210700,0.0,0.0
2023-11-10 00:00:00+09:00,22155.0,22175.0,21960.0,22055.0,206700,0.0,0.0
2023-11-13 00:00:00+09:00,22215.0,22230.0,21890.0,22140.0,126800,0.0,0.0
2023-11-14 00:00:00+09:00,22250.0,22315.0,22075.0,22185.0,144300,0.0,0.0
2023-11-15 00:00:00+09:00,22450.0,22540.0,22175.0,22490.0,188600,0.0,0.0
2023-11-16 00:00:00+09:00,22260.0,22440.0,22085.0,22235.0,168800,0.0,0.0
2023-11-17 00:00:00+09:00,22235.0,22300.0,22075.0,22210.0,259900,0.0,0.0
2023-11-20 00:00:00+09:00,22210.0,22320.0,21920.0,22090.0,206900,0.0,0.0
2023-11-21 00:00:00+09:00,22260.0,22675.0,22225.0,22640.0,181500,0.0,0.0
2023-11-22 00:00:00+09:00,22675.0,22725.0,22420.0,22445.0,114100,0.0,0.0
2023-11-24 00:00:00+09:00,22550.0,22645.0,22355.0,22355.0,140800,0.0,0.0
2023-11-27 00:00:00+09:00,22225.0,22430.0,22120.0,22215.0,143100,0.0,0.0
2023-11-28 00:00:00+09:00,22240.0,22330.0,21875.0,22320.0,188000,0.0,0.0
2023-11-29 00:00:00+09:00,22430.0,22570.0,22385.0,22400.0,122100,0.0,0.0
2023-11-30 00:00:00+09:00,22350.0,22780.0,22270.0,22695.0,363600,0.0,0.0
2023-12-01 00:00:00+09:00,22855.0,22855.0,22515.0,22765.0,209000,0.0,0.0
2023-12-04 00:00:00+09:00,22695.0,23320.0,22610.0,23280.0,235100,0.0,0.0
2023-12-05 00:00:00+09:00,23275.0,23475.0,23020.0,23260.0,242800,0.0,0.0
2023-12-06 00:00:00+09:00,23390.0,23995.0,23255.0,23910.0,309100,0.0,0.0
2023-12-07 00:00:00+09:00,23970.0,24225.0,23820.0,23865.0,312700,0.0,0.0
2023-12-08 00:00:00+09:00,23970.0,24100.0,23690.0,23800.0,331300,0.0,0.0
2023-12-11 00:00:00+09:00,23680.0,23745.0,23515.0,23615.0,219000,0.0,0.0
2023-12-12 00:00:00+09:00,23675.0,23750.0,23350.0,23365.0,182500,0.0,0.0
2023-12-13 00:00:00+09:00,23360.0,23420.0,23185.0,23320.0,160500,0.0,0.0
2023-12-14 00:00:00+09:00,23440.0,23795.0,23380.0,23715.0,239100,0.0,0.0
2023-12-15 00:00:00+09:00,23620.0,23820.0,23335.0,23335.0,289400,0.0,0.0
2023-12-18 00:00:00+09:00,23300.0,23345.0,23025.0,23090.0,124600,0.0,0.0
2023-12-19 00:00:00+09:00,23210.0,23375.0,22960.0,23350.0,164000,0.0,0.0
2023-12-20 00:00:00+09:00,23400.0,23800.0,23360.0,23470.0,198100,0.0,0.0
2023-12-21 00:00:00+09:00,23500.0,23885.0,23500.0,23780.0,214000,0.0,0.0
2023-12-22 00:00:00+09:00,23905.0,23925.0,23670.0,23705.0,119300,0.0,0.0
2023-12-25 00:00:00+09:00,23920.0,23950.0,23750.0,23920.0,55000,0.0,0.0
2023-12-26 00:00:00+09:00,23935.0,23980.0,23720.0,23850.0,83200,0.0,0.0
2023-12-27 00:00:00+09:00,23935.0,24180.0,23865.0,24110.0,114000,0.0,0.0
2023-12-28 00:00:00+09:00,24045.0,24260.0,23975.0,24240.0,64400,0.0,0.0
2023-12-29 00:00:00+09:00,24280.0,24320.0,24070.0,24295.0,117900,0.0,0.0
2024-01-04 00:00:00+09:00,23980.0,24250.0,23590.0,24220.0,197900,0.0,0.0
2024-01-05 00:00:00+09:00,24060.0,24060.0,23660.0,23815.0,275000,0.0,0.0
2024-01-09 00:00:00+09:00,23965.0,24490.0,23955.0,24280.0,268400,0.0,0.0
2024-01-10 00:00:00+09:00,24280.0,24995.0,24200.0,24890.0,173700,0.0,0.0
2024-01-11 00:00:00+09:00,25000.0,25120.0,24600.0,24945.0,241400,0.0,0.0
2024-01-12 00:00:00+09:00,25050.0,25225.0,24805.0,24920.0,337900,0.0,0.0
2024-01-15 00:00:00+09:00,25000.0,25085.0,24900.0,24955.0,29500,0.0,0.0
2024-01-16 00:00:00+09:00,25195.0,25195.0,24775.0,24900.0,175400,0.0,0.0
2024-01-17 00:00:00+09:00,24705.0,25070.0,24525.0,24850.0,210700,0.0,0.0
2024-01-18 00:00:00+09:00,24620.0,24745.0,24505.0,24610.0,202900,0.0,0.0
2024-01-19 00:00:00+09:00,24550.0,24680.0,24245.0,24315.0,341800,0.0,0.0
2024-01-22 00:00:00+09:00,24225.0,24685.0,24225.0,24550.0,363500,0.0,0.0
2024-01-23 00:00:00+09:00,24730.0,25005.0,24705.0,24750.0,229000,0.0,0.0
2024-01-24 00:00:00+09:00,24390.0,24750.0,24345.0,24720.0,285700,0.0,0.0
2024-01-25 00:00:00+09:00,22960.0,23840.0,22960.0,23180.0,938500,0.0,0.0
2024-01-26 00:00:00+09:00,23095.0,23260.0,22685.0,22765.0,457300,0.0,0.0
2024-01-29 00:00:00+09:00,22600.0,22830.0,22485.0,22645.0,345700,0.0,0.0
2024-01-30 00:00:00+09:00,22895.0,22915.0,22660.0,22840.0,261200,0.0,0.0
2024-01-31 00:00:00+09:00,22655.0,22795.0,22400.0,22735.0,406100,0.0,0.0
2024-02-01 00:00:00+09:00,22730.0,23150.0,22705.0,22795.0,317500,0.0,0.0
2024-02-02 00:00:00+09:00,22835.0,23030.0,22580.0,22580.0,315400,0.0,0.0
2024-02-05 00:00:00+09:00,22610.0,22680.0,22435.0,22485.0,223100,0.0,0.0
2024-02-06 00:00:00+09:00,22475.0,22485.0,22105.0,22165.0,336300,0.0,0.0
2024-02-07 00:00:00+09:00,22285.0,22495.0,22075.0,22435.0,243200,0.0,0.0
2024-02-08 00:00:00+09:00,22510.0,22545.0,22225.0,22370.0,303900,0.0,0.0
2024-02-09 00:00:00+09:00,22290.0,22390.0,22080.0,22150.0,282400,0.0,0.0
2024-02-13 00:00:00+09:00,22400.0,22590.0,22305.0,22460.0,328100,0.0,0.0
2024-02-14 00:00:00+09:00,22500.0,22530.0,22305.0,22405.0,289900,0.0,0.0
2024-02-15 00:00:00+09:00,22410.0,22415.0,21930.0,22060.0,283500,0.0,0.0
2024-02-16 00:00:00+09:00,22220.0,22325.0,22035.0,22265.0,258300,0.0,0.0
2024-02-19 00:00:00+09:00,22065.0,22260.0,22000.0,22185.0,127000,0.0,0.0
2024-02-20 00:00:00+09:00,22205.0,22205.0,21965.0,22200.0,177100,0.0,0.0
2024-02-21 00:00:00+09:00,22425.0,22585.0,22270.0,22515.0,295400,0.0,0.0
2024-02-22 00:00:00+09:00,22475.0,22495.0,22240.0,22355.0,215700,0.0,0.0
2024-02-26 00:00:00+09:00,22495.0,23045.0,22385.0,22815.0,306300,0.0,0.0
2024-02-27 00:00:00+09:00,22850.0,23330.0,22800.0,23330.0,318800,0.0,0.0
2024-02-28 00:00:00+09:00,23060.0,23215.0,22850.0,23125.0,242800,0.0,0.0
2024-02-29 00:00:00+09:00,23120.0,23470.0,22965.0,23425.0,410300,0.0,0.0
2024-03-01 00:00:00+09:00,23495.0,23580.0,23180.0,23380.0,228700,0.0,0.0
2024-03-04 00:00:00+09:00,23500.0,23745.0,23385.0,23385.0,228400,0.0,0.0
2024-03-05 00:00:00+09:00,23300.0,23300.0,23010.0,23110.0,148600,0.0,0.0
2024-03-06 00:00:00+09:00,22955.0,23305.0,22830.0,22995.0,220200,0.0,0.0
2024-03-07 00:00:00+09:00,23250.0,23330.0,23035.0,23100.0,178300,0.0,0.0
2024-03-08 00:00:00+09:00,22860.0,23180.0,22785.0,23030.0,192800,0.0,0.0
2024-03-11 00:00:00+09:00,22780.0,22880.0,22520.0,22815.0,146800,0.0,0.0
2024-03-12 00:00:00+09:00,22580.0,22880.0,22390.0,22880.0,152300,0.0,0.0
2024-03-13 00:00:00+09:00,22880.0,22935.0,22435.0,22650.0,201400,0.0,0.0
2024-03-14 00:00:00+09:00,22650.0,22670.0,22275.0,22665.0,196600,0.0,0.0
2024-03-15 00:00:00+09:00,22770.0,22875.0,22345.0,22470.0,313700,0.0,0.0
2024-03-18 00:00:00+09:00,22650.0,23060.0,22525.0,23010.0,133700,0.0,0.0
2024-03-19 00:00:00+09:00,23060.0,23105.0,22755.0,23105.0,162100,0.0,0.0
2024-03-21 00:00:00+09:00,23200.0,23240.0,23010.0,23175.0,221700,0.0,0.0
2024-03-22 00:00:00+09:00,23235.0,23585.0,23180.0,23490.0,249000,0.0,0.0
2024-03-25 00:00:00+09:00,23450.0,23450.0,22745.0,22790.0,152500,0.0,0.0
2024-03-26 00:00:00+09:00,22850.0,22870.0,22620.0,22710.0,169300,0.0,0.0
2024-03-27 00:00:00+09:00,22770.0,22975.0,22660.0,22925.0,248900,0.0,0.0
2024-03-28 00:00:00+09:00,22670.0,22845.0,22570.0,22815.0,218300,0.0,0.0
2024-03-29 00:00:00+09:00,22970.0,22990.0,22515.0,22565.0,72300,0.0,0.0
2024-04-01 00:00:00+09:00,22920.0,23270.0,22845.0,23125.0,216600,0.0,0.0
2024-04-02 00:00:00+09:00,22900.0,22920.0,22220.0,22520.0,245000,0.0,0.0
2024-04-03 00:00:00+09:00,22480.0,22480.0,21700.0,22025.0,320300,0.0,0.0
2024-04-04 00:00:00+09:00,22280.0,22545.0,22105.0,22230.0,218200,0.0,0.0
2024-04-05 00:00:00+09:00,21800.0,21890.0,21555.0,21820.0,282800,0.0,0.0
2024-04-08 00:00:00+09:00,21705.0,21815.0,21360.0,21485.0,262200,0.0,0.0
2024-04-09 00:00:00+09:00,21455.0,21840.0,21415.0,21775.0,192500,0.0,0.0
2024-04-10 00:00:00+09:00,21765.0,21820.0,21450.0,21550.0,145600,0.0,0.0
2024-04-11 00:00:00+09:00,21305.0,21455.0,21040.0,21335.0,298800,0.0,0.0
2024-04-12 00:00:00+09:00,21430.0,21600.0,21360.0,21520.0,263100,0.0,0.0
2024-04-15 00:00:00+09:00,21220.0,21425.0,21080.0,21120.0,158200,0.0,0.0
2024-04-16 00:00:00+09:00,20900.0,21590.0,20705.0,21555.0,288900,0.0,0.0
2024-04-17 00:00:00+09:00,21490.0,21505.0,21110.0,21245.0,237300,0.0,0.0
2024-04-18 00:00:00+09:00,21315.0,21315.0,21125.0,21200.0,157600,0.0,0.0
2024-04-19 00:00:00+09:00,21330.0,21330.0,20985.0,20995.0,226900,0.0,0.0
2024-04-22 00:00:00+09:00,21355.0,21500.0,21210.0,21355.0,209800,0.0,0.0
2024-04-23 00:00:00+09:00,21360.0,21980.0,21320.0,21670.0,437100,0.0,0.0
2024-04-24 00:00:00+09:00,20155.0,20675.0,19935.0,20035.0,939600,0.0,0.0
2024-04-25 00:00:00+09:00,20120.0,20695.0,20070.0,20375.0,672400,0.0,0.0
2024-04-26 00:00:00+09:00,20160.0,20305.0,19785.0,20155.0,539500,0.0,0.0
2024-04-30 00:00:00+09:00,20300.0,20440.0,20165.0,20360.0,337200,0.0,0.0
2024-05-01 00:00:00+09:00,20670.0,20670.0,20285.0,20380.0,236900,0.0,0.0
2024-05-02 00:00:00+09:00,20530.0,20810.0,20380.0,20650.0,250800,0.0,0.0
2024-05-07 00:00:00+09:00,20950.0,21290.0,20705.0,21290.0,386200,0.0,0.0
2024-05-08 00:00:00+09:00,21290.0,21330.0,21020.0,21085.0,245200,0.0,0.0
2024-05-09 00:00:00+09:00,21295.0,21295.0,21085.0,21130.0,189700,0.0,0.0
2024-05-10 00:00:00+09:00,21295.0,21385.0,21085.0,21115.0,227400,0.0,0.0
2024-05-13 00:00:00+09:00,21015.0,21250.0,21005.0,21200.0,137000,0.0,0.0
2024-05-14 00:00:00+09:00,21270.0,21450.0,21210.0,21315.0,194200,0.0,0.0
2024-05-15 00:00:00+09:00,21275.0,21340.0,20845.0,20845.0,262200,0.0,0.0
2024-05-16 00:00:00+09:00,21015.0,21180.0,20850.0,21130.0,178500,0.0,0.0
2024-05-17 00:00:00+09:00,21090.0,21140.0,20990.0,21030.0,211900,0.0,0.0
2024-05-20 00:00:00+09:00,21090.0,21260.0,21015.0,21155.0,193300,0.0,0.0
2024-05-21 00:00:00+09:00,21130.0,21175.0,21030.0,21030.0,163800,0.0,0.0
2024-05-22 00:00:00+09:00,21000.0,21090.0,20840.0,20870.0,179500,0.0,0.0
2024-05-23 00:00:00+09:00,20845.0,21000.0,20430.0,20600.0,250200,0.0,0.0
2024-05-24 00:00:00+09:00,20230.0,20430.0,20215.0,20245.0,229800,0.0,0.0
2024-05-27 00:00:00+09:00,20360.0,20545.0,20320.0,20505.0,152200,0.0,0.0
2024-05-28 00:00:00+09:00,20400.0,20515.0,20350.0,20460.0,131900,0.0,0.0
2024-05-29 00:00:00+09:00,20210.0,20415.0,20210.0,20265.0,188500,0.0,0.0
2024-05-30 00:00:00+09:00,20005.0,20300.0,20005.0,20300.0,201800,0.0,0.0
2024-05-31 00:00:00+09:00,20000.0,20385.0,19990.0,20365.0,644600,0.0,0.0
2024-06-03 00:00:00+09:00,20495.0,20505.0,20295.0,20345.0,222100,0.0,0.0
2024-06-04 00:00:00+09:00,20200.0,20475.0,20160.0,20300.0,160700,0.0,0.0
2024-06-05 00:00:00+09:00,20355.0,20555.0,20060.0,20130.0,195800,0.0,0.0
2024-06-06 00:00:00+09:00,20360.0,20630.0,20255.0,20255.0,196500,0.0,0.0
2024-06-07 00:00:00+09:00,20200.0,20220.0,20000.0,20200.0,170300,0.0,0.0
2024-06-10 00:00:00+09:00,20105.0,20310.0,20030.0,20265.0,130300,0.0,0.0
2024-06-11 00:00:00+09:00,20265.0,20330.0,20045.0,20080.0,115300,0.0,0.0
2024-06-12 00:00:00+09:00,20080.0,20140.0,19890.0,19970.0,159200,0.0,0.0
2024-06-13 00:00:00+09:00,20120.0,20660.0,20050.0,20560.0,289500,0.0,0.0
2024-06-14 00:00:00+09:00,20625.0,20740.0,20450.0,20450.0,395900,0.0,0.0
2024-06-17 00:00:00+09:00,20600.0,20655.0,20180.0,20355.0,167900,0.0,0.0
2024-06-18 00:00:00+09:00,20515.0,20660.0,20260.0,20525.0,206100,0.0,0.0
2024-06-19 00:00:00+09:00,20495.0,20495.0,20200.0,20275.0,112200,0.0,0.0
2024-06-20 00:00:00+09:00,20280.0,20390.0,20025.0,20285.0,152300,0.0,0.0
2024-06-21 00:00:00+09:00,20065.0,20610.0,20065.0,20465.0,310300,0.0,0.0
2024-06-24 00:00:00+09:00,20430.0,20700.0,20325.0,20585.0,158100,0.0,0.0
2024-06-25 00:00:00+09:00,20565.0,20650.0,20465.0,20625.0,202700,0.0,0.0
2024-06-26 00:00:00+09:00,20785.0,20855.0,20595.0,20855.0,177800,0.0,0.0
2024-06-27 00:00:00+09:00,20775.0,20800.0,20640.0,20705.0,149100,0.0,0.0
2024-06-28 00:00:00+09:00,20870.0,20960.0,20675.0,20740.0,179700,0.0,0.0
2024-07-01 00:00:00+09:00,20740.0,20865.0,20575.0,20665.0,157700,0.0,0.0
2024-07-02 00:00:00+09:00,21000.0,21295.0,20840.0,21210.0,300500,0.0,0.0
2024-07-03 00:00:00+09:00,20930.0,21375.0,20855.0,21255.0,185100,0.0,0.0
2024-07-04 00:00:00+09:00,21460.0,21570.0,21130.0,21250.0,159800,0.0,0.0
2024-07-05 00:00:00+09:00,21440.0,21480.0,21250.0,21390.0,156200,0.0,0.0
2024-07-08 00:00:00+09:00,21540.0,21545.0,21330.0,21430.0,137400,0.0,0.0
2024-07-09 00:00:00+09:00,21470.0,21590.0,21325.0,21460.0,169900,0.0,0.0
2024-07-10 00:00:00+09:00,21445.0,21535.0,21255.0,21390.0,179000,0.0,0.0
2024-07-11 00:00:00+09:00,21500.0,21500.0,21155.0,21375.0,317700,0.0,0.0
2024-07-12 00:00:00+09:00,21320.0,21795.0,21275.0,21545.0,254000,0.0,0.0
2024-07-16 00:00:00+09:00,21590.0,21685.0,21485.0,21495.0,228900,0.0,0.0
2024-07-17 00:00:00+09:00,21530.0,21650.0,21440.0,21560.0,144900,0.0,0.0
2024-07-18 00:00:00+09:00,21500.0,21710.0,21475.0,21565.0,137200,0.0,0.0
2024-07-19 00:00:00+09:00,21695.0,21840.0,21585.0,21615.0,264100,0.0,0.0
2024-07-22 00:00:00+09:00,21645.0,21660.0,21270.0,21320.0,218500,0.0,0.0
2024-07-23 00:00:00+09:00,21315.0,21415.0,21120.0,21345.0,354300,0.0,0.0
2024-07-24 00:00:00+09:00,21230.0,21345.0,21035.0,21080.0,420100,0.0,0.0
2024-07-25 00:00:00+09:00,21580.0,22470.0,20850.0,22240.0,826300,0.0,0.0
2024-07-26 00:00:00+09:00,22500.0,22650.0,22080.0,22125.0,500600,0.0,0.0
2024-07-29 00:00:00+09:00,22000.0,22490.0,21895.0,22395.0,237400,0.0,0.0
2024-07-30 00:00:00+09:00,22490.0,22580.0,22340.0,22355.0,249400,0.0,0.0
2024-07-31 00:00:00+09:00,22305.0,22800.0,22255.0,22800.0,275100,0.0,0.0
2024-08-01 00:00:00+09:00,22520.0,22690.0,22150.0,22215.0,272700,0.0,0.0
2024-08-02 00:00:00+09:00,22220.0,22500.0,22040.0,22500.0,420000,0.0,0.0
2024-08-05 00:00:00+09:00,22820.0,23045.0,21735.0,21995.0,800600,0.0,0.0
2024-08-06 00:00:00+09:00,23100.0,23260.0,22765.0,23100.0,392000,0.0,0.0
2024-08-07 00:00:00+09:00,23085.0,23650.0,22960.0,23080.0,356900,0.0,0.0
2024-08-08 00:00:00+09:00,23040.0,23930.0,23040.0,23630.0,489500,0.0,0.0
2024-08-09 00:00:00+09:00,23645.0,23800.0,23420.0,23585.0,341500,0.0,0.0
2024-08-13 00:00:00+09:00,23475.0,24300.0,23265.0,24300.0,386600,0.0,0.0
2024-08-14 00:00:00+09:00,24430.0,24600.0,24250.0,24425.0,224400,0.0,0.0
2024-08-15 00:00:00+09:00,24500.0,24735.0,24245.0,24645.0,243600,0.0,0.0
2024-08-16 00:00:00+09:00,24645.0,24645.0,24025.0,24470.0,238100,0.0,0.0
